2016.02.08 05:00:00.112,2.01434,2.01477,1.00,1.00
2016.02.08 05:00:00.486,2.01432,2.01477,1.00,1.00
2016.02.08 05:00:01.309,2.01431,2.01477,1.50,1.00
2016.02.08 05:00:01.511,2.01434,2.01477,1.00,1.00
2016.02.08 05:00:01.612,2.01434,2.01481,1.50,1.00
2016.02.08 05:00:02.525,2.01435,2.01481,1.00,1.00
2016.02.08 05:00:02.799,2.01437,2.01481,1.00,1.00
2016.02.08 05:00:04.118,2.01439,2.01481,1.00,1.00
2016.02.08 05:00:07.308,2.0144,2.01481,1.00,1.00
2016.02.08 05:00:08.188,2.01441,2.01481,1.00,1.00
2016.02.08 05:00:10.951,2.01439,2.01481,1.00,1.00
2016.02.08 05:00:11.928,2.01441,2.01481,1.00,1.00
2016.02.08 05:00:13.064,2.01443,2.01481,1.00,1.00
2016.02.08 05:00:14.838,2.01441,2.01481,1.00,1.00
2016.02.08 05:00:16.777,2.0144,2.01481,1.00,1.00
2016.02.08 05:00:17.079,2.01438,2.01481,1.00,1.50
2016.02.08 05:00:17.230,2.01436,2.01481,1.00,1.50
2016.02.08 05:00:17.281,2.01436,2.01477,1.00,1.00
2016.02.08 05:00:17.332,2.01434,2.01477,1.00,1.50
2016.02.08 05:00:17.483,2.01434,2.01471,1.00,1.00
2016.02.08 05:00:17.634,2.01432,2.01471,1.00,1.00
2016.02.08 05:00:18.138,2.01431,2.01471,1.00,1.00
2016.02.08 05:00:24.248,2.01433,2.01471,1.00,1.50
2016.02.08 05:00:24.468,2.01431,2.01471,1.00,1.50
2016.02.08 05:00:25.192,2.01431,2.01475,1.00,2.25
2016.02.08 05:00:25.243,2.01438,2.01475,1.00,1.00
2016.02.08 05:00:25.293,2.01438,2.01479,1.00,1.00
2016.02.08 05:00:25.395,2.01438,2.01476,1.00,1.00
2016.02.08 05:00:25.819,2.01438,2.01481,1.00,1.00
2016.02.08 05:00:26.343,2.01437,2.01481,1.50,1.50
2016.02.08 05:00:26.927,2.01438,2.01481,1.00,1.00
2016.02.08 05:00:27.446,2.01437,2.01481,1.00,1.00
2016.02.08 05:00:27.580,2.01437,2.01476,1.00,1.00
2016.02.08 05:00:28.004,2.01435,2.01476,1.00,1.00
2016.02.08 05:00:28.238,2.01435,2.01471,1.00,1.00
2016.02.08 05:00:30.332,2.01432,2.01471,1.00,1.00
2016.02.08 05:00:34.619,2.01432,2.01474,1.00,1.00
2016.02.08 05:00:36.377,2.01431,2.01474,1.00,1.00
2016.02.08 05:00:40.198,2.0143,2.01474,1.00,1.00
2016.02.08 05:00:46.388,2.0143,2.01471,1.50,1.00
2016.02.08 05:00:46.957,2.01433,2.01474,1.00,1.50
2016.02.08 05:00:47.260,2.01445,2.01484,1.00,1.00
2016.02.08 05:00:47.310,2.01445,2.01488,1.00,1.00
2016.02.08 05:00:47.462,2.01445,2.01485,1.00,1.00
2016.02.08 05:00:47.512,2.01439,2.01485,1.50,1.00
2016.02.08 05:00:47.563,2.01439,2.01483,1.00,1.00
2016.02.08 05:00:48.053,2.01436,2.01482,1.50,1.00
2016.02.08 05:00:48.608,2.01437,2.01483,1.00,1.50
2016.02.08 05:00:48.709,2.01439,2.01483,1.00,1.00
2016.02.08 05:00:49.047,2.01442,2.01483,1.00,1.00
2016.02.08 05:00:49.270,2.01438,2.01483,1.00,1.50
2016.02.08 05:00:51.016,2.0144,2.01483,1.00,1.00
2016.02.08 05:00:52.437,2.01439,2.01483,1.00,1.00
2016.02.08 05:00:53.072,2.01438,2.01483,1.00,1.00
2016.02.08 05:00:54.057,2.01436,2.01483,1.50,1.00
2016.02.08 05:00:54.648,2.01438,2.01483,1.00,1.00
2016.02.08 05:00:55.069,2.01436,2.01483,1.00,1.00
2016.02.08 05:00:57.340,2.01436,2.01483,1.00,1.87
2016.02.08 05:00:57.391,2.01433,2.0148,1.00,1.00
2016.02.08 05:00:57.441,2.01429,2.01476,1.50,1.00
2016.02.08 05:01:09.290,2.01429,2.01476,1.37,1.00
2016.02.08 05:01:09.650,2.01437,2.01484,1.00,1.00
2016.02.08 05:01:11.589,2.01437,2.01484,1.37,1.00
2016.02.08 05:01:17.156,2.01439,2.01484,1.00,1.00
2016.02.08 05:01:17.327,2.01443,2.0149,1.00,1.00
2016.02.08 05:01:20.456,2.01443,2.01489,1.00,1.00
2016.02.08 05:01:20.557,2.01437,2.01483,1.00,1.00
2016.02.08 05:01:21.028,2.01436,2.01481,1.00,1.00
2016.02.08 05:01:21.366,2.0143,2.01475,1.00,1.00
2016.02.08 05:01:24.018,2.01431,2.01475,1.00,1.00
2016.02.08 05:01:24.068,2.01435,2.01482,1.00,1.00
2016.02.08 05:01:24.508,2.01435,2.01482,1.87,1.00
2016.02.08 05:01:24.609,2.01438,2.01485,1.00,1.00
2016.02.08 05:01:27.019,2.01444,2.01489,1.00,1.00
2016.02.08 05:01:38.326,2.01444,2.01485,1.00,1.00
2016.02.08 05:01:38.479,2.01438,2.01481,1.00,1.00
2016.02.08 05:01:39.013,2.01437,2.01481,1.00,1.50
2016.02.08 05:01:39.114,2.01434,2.01481,1.50,1.50
2016.02.08 05:01:39.706,2.01434,2.0148,1.00,1.00
2016.02.08 05:01:39.757,2.01428,2.01473,1.00,1.00
2016.02.08 05:01:40.570,2.01428,2.01472,1.00,1.00
2016.02.08 05:01:41.075,2.01427,2.01471,1.00,1.50
2016.02.08 05:01:41.352,2.01424,2.01471,1.00,2.25
2016.02.08 05:01:41.403,2.01424,2.01469,1.00,1.00
2016.02.08 05:01:42.277,2.01424,2.0147,1.00,1.00
2016.02.08 05:01:42.668,2.01421,2.01466,1.00,1.00
2016.02.08 05:01:42.719,2.01419,2.01466,1.50,1.00
2016.02.08 05:01:43.928,2.0142,2.01466,1.00,1.00
2016.02.08 05:01:44.616,2.01419,2.01466,1.00,1.00
2016.02.08 05:01:46.086,2.01419,2.01464,1.00,1.00
2016.02.08 05:01:47.255,2.01419,2.01465,1.00,1.00
2016.02.08 05:01:49.505,2.01419,2.01466,1.00,1.50
2016.02.08 05:01:53.772,2.0142,2.01466,1.12,1.00
2016.02.08 05:01:53.823,2.01428,2.01475,1.00,1.00
2016.02.08 05:02:00.875,2.01428,2.01473,1.00,1.00
2016.02.08 05:02:01.046,2.01428,2.01475,1.00,1.50
2016.02.08 05:02:01.156,2.01428,2.01473,1.00,1.00
2016.02.08 05:02:02.145,2.01428,2.0147,1.00,1.00
2016.02.08 05:02:02.303,2.01426,2.01469,1.00,1.00
2016.02.08 05:02:06.990,2.01425,2.01469,1.00,1.00
2016.02.08 05:02:09.516,2.01424,2.01469,1.50,1.00
2016.02.08 05:02:14.924,2.01424,2.01468,1.00,1.00
2016.02.08 05:02:15.025,2.01424,2.01466,1.00,1.00
2016.02.08 05:02:15.126,2.0142,2.01465,1.00,1.00
2016.02.08 05:02:15.177,2.01416,2.01461,1.00,1.00
2016.02.08 05:02:16.816,2.01414,2.01461,1.00,1.00
2016.02.08 05:02:27.666,2.01414,2.0146,1.00,1.00
2016.02.08 05:02:28.184,2.01414,2.01459,1.00,1.00
2016.02.08 05:02:28.792,2.01414,2.01458,1.00,1.00
2016.02.08 05:02:28.875,2.01414,2.01456,1.00,1.00
2016.02.08 05:02:29.370,2.01411,2.01455,1.00,1.00
2016.02.08 05:02:29.890,2.01413,2.01455,1.00,1.00
2016.02.08 05:02:29.950,2.01415,2.0146,1.00,1.00
2016.02.08 05:02:32.862,2.01415,2.01459,1.00,1.00
2016.02.08 05:02:33.950,2.01415,2.01456,1.00,1.00
2016.02.08 05:02:34.001,2.01411,2.01456,1.00,1.00
2016.02.08 05:02:34.052,2.0141,2.01454,1.00,1.00
2016.02.08 05:02:34.102,2.01407,2.01454,1.00,1.50
2016.02.08 05:02:34.266,2.01407,2.01452,1.00,1.00
2016.02.08 05:02:34.618,2.01407,2.0145,1.00,1.00
2016.02.08 05:02:36.555,2.01405,2.01448,1.00,1.00
2016.02.08 05:02:37.081,2.01406,2.01448,1.00,1.50
2016.02.08 05:02:37.583,2.01405,2.01448,1.00,1.50
2016.02.08 05:02:38.759,2.01406,2.01448,1.00,1.00
2016.02.08 05:02:39.359,2.01405,2.01448,1.00,1.00
2016.02.08 05:02:39.906,2.01406,2.01448,1.00,1.00
2016.02.08 05:02:43.036,2.01403,2.01448,1.00,1.00
2016.02.08 05:02:46.616,2.01404,2.01448,1.00,1.00
2016.02.08 05:02:46.667,2.01405,2.0145,1.00,1.00
2016.02.08 05:02:47.183,2.01408,2.0145,1.00,1.00
2016.02.08 05:02:47.439,2.01409,2.01456,1.00,1.00
2016.02.08 05:02:47.838,2.01415,2.01456,1.00,1.00
2016.02.08 05:02:47.889,2.01415,2.01459,1.00,1.00
2016.02.08 05:02:47.939,2.01419,2.01459,1.00,1.00
2016.02.08 05:02:47.990,2.01421,2.01466,1.00,1.00
2016.02.08 05:02:48.091,2.01424,2.01467,1.00,1.00
2016.02.08 05:02:48.192,2.01424,2.01469,1.00,1.00
2016.02.08 05:02:53.022,2.01424,2.01461,1.00,1.00
2016.02.08 05:02:53.123,2.01417,2.01461,1.50,1.00
2016.02.08 05:02:53.173,2.01416,2.01451,1.00,1.00
2016.02.08 05:02:53.375,2.01408,2.01451,1.00,1.00
2016.02.08 05:02:54.005,2.01408,2.01453,1.00,1.00
2016.02.08 05:02:54.055,2.0141,2.01453,1.00,1.00
2016.02.08 05:02:54.156,2.01412,2.01457,1.00,1.00
2016.02.08 05:02:54.207,2.01426,2.01464,1.00,1.00
2016.02.08 05:02:54.974,2.01425,2.01464,1.00,1.00
2016.02.08 05:02:57.835,2.01426,2.01464,1.00,1.00
2016.02.08 05:02:58.384,2.01425,2.01464,1.00,1.00
2016.02.08 05:02:58.938,2.01426,2.01464,1.00,1.00
2016.02.08 05:02:59.390,2.01424,2.01464,1.00,1.00
2016.02.08 05:02:59.491,2.01422,2.01464,1.00,1.00
2016.02.08 05:03:02.126,2.01419,2.01464,1.00,1.00
2016.02.08 05:03:02.575,2.01417,2.01464,1.00,1.00
2016.02.08 05:03:02.642,2.01416,2.01461,1.50,1.00
2016.02.08 05:03:02.692,2.01414,2.01461,1.00,1.00
2016.02.08 05:03:02.743,2.01412,2.01457,1.00,1.00
2016.02.08 05:03:19.161,2.01409,2.01455,1.00,1.00
2016.02.08 05:03:21.115,2.0141,2.01455,1.00,1.00
2016.02.08 05:03:21.216,2.0141,2.0145,1.00,1.00
2016.02.08 05:03:22.528,2.01409,2.0145,1.00,1.00
2016.02.08 05:03:23.030,2.01408,2.0145,1.00,1.00
2016.02.08 05:03:25.864,2.01407,2.0145,1.00,1.00
2016.02.08 05:03:26.849,2.01407,2.01446,1.00,1.00
2016.02.08 05:03:28.355,2.01402,2.01446,1.00,1.00
2016.02.08 05:03:28.933,2.01401,2.01446,1.50,1.00
2016.02.08 05:03:30.763,2.01402,2.01446,1.00,1.00
2016.02.08 05:03:32.855,2.01401,2.01446,1.50,1.00
2016.02.08 05:03:37.944,2.01401,2.01444,1.00,1.00
2016.02.08 05:03:45.025,2.01402,2.01444,1.50,1.00
2016.02.08 05:03:45.126,2.01407,2.0145,1.00,1.00
2016.02.08 05:03:45.176,2.01407,2.0145,1.37,1.00
2016.02.08 05:03:45.227,2.01411,2.01458,1.00,1.00
2016.02.08 05:03:45.580,2.01408,2.01455,1.00,1.00
2016.02.08 05:03:46.672,2.01409,2.01455,1.00,1.00
2016.02.08 05:03:47.227,2.01412,2.01459,1.00,1.00
2016.02.08 05:03:49.191,2.01416,2.01461,1.00,1.00
2016.02.08 05:03:52.395,2.01412,2.01459,1.00,1.00
2016.02.08 05:04:10.319,2.01414,2.01459,1.00,1.00
2016.02.08 05:04:19.835,2.01413,2.01459,1.00,1.00
2016.02.08 05:04:20.343,2.01412,2.01459,1.00,1.00
2016.02.08 05:04:28.254,2.01412,2.01459,1.37,1.00
2016.02.08 05:04:28.506,2.01418,2.01465,1.00,1.00
2016.02.08 05:04:29.762,2.01419,2.01465,1.00,1.00
2016.02.08 05:04:30.752,2.01418,2.01465,1.50,1.00
2016.02.08 05:04:31.742,2.01419,2.01465,1.00,1.00
2016.02.08 05:04:32.288,2.01418,2.01465,1.00,1.00
2016.02.08 05:04:34.812,2.01415,2.0146,1.00,1.00
2016.02.08 05:04:40.566,2.01422,2.0146,1.00,1.00
2016.02.08 05:04:40.667,2.01415,2.0146,1.50,1.00
2016.02.08 05:04:42.312,2.01414,2.01456,1.00,1.00
2016.02.08 05:04:44.433,2.01415,2.0146,1.00,1.00
2016.02.08 05:04:44.543,2.01418,2.0146,1.00,1.00
2016.02.08 05:04:44.644,2.01418,2.01463,1.00,1.00
2016.02.08 05:04:44.845,2.01416,2.01463,1.50,1.00
2016.02.08 05:04:45.097,2.01415,2.0146,1.00,1.00
2016.02.08 05:04:45.423,2.01414,2.01457,1.00,1.00
2016.02.08 05:04:48.622,2.01415,2.01457,1.00,1.12
2016.02.08 05:04:48.960,2.01413,2.01454,1.00,1.00
2016.02.08 05:05:00.934,2.01414,2.01454,1.00,1.00
2016.02.08 05:05:05.184,2.01415,2.01454,1.00,1.00
2016.02.08 05:05:05.404,2.01413,2.01454,1.50,1.00
2016.02.08 05:05:06.219,2.01413,2.01455,1.00,1.00
2016.02.08 05:05:08.767,2.01414,2.01455,1.00,1.00
2016.02.08 05:05:18.684,2.01412,2.01455,1.00,1.00
2016.02.08 05:05:31.889,2.01411,2.01457,1.00,1.00
2016.02.08 05:05:38.733,2.0141,2.01457,1.50,1.00
2016.02.08 05:05:49.521,2.0141,2.01447,1.00,1.00
2016.02.08 05:05:49.673,2.01401,2.01441,1.00,1.00
2016.02.08 05:05:49.755,2.01401,2.01436,1.00,1.00
2016.02.08 05:05:49.856,2.01389,2.01433,1.50,1.00
2016.02.08 05:05:50.108,2.01385,2.0143,1.00,1.00
2016.02.08 05:05:50.360,2.01384,2.01427,1.50,1.00
2016.02.08 05:05:50.739,2.01386,2.01427,1.00,1.00
2016.02.08 05:05:50.790,2.01386,2.01432,1.00,1.00
2016.02.08 05:05:50.840,2.01388,2.01432,1.00,1.00
2016.02.08 05:05:51.161,2.0139,2.01432,1.00,1.00
2016.02.08 05:05:51.626,2.01394,2.01435,1.00,1.00
2016.02.08 05:05:52.295,2.01395,2.01435,1.00,1.00
2016.02.08 05:05:54.180,2.01392,2.01435,1.00,1.00
2016.02.08 05:05:54.293,2.0139,2.01435,1.50,1.00
2016.02.08 05:06:12.909,2.01385,2.01432,1.00,1.00
2016.02.08 05:06:27.330,2.01389,2.01436,1.00,1.00
2016.02.08 05:06:38.960,2.01389,2.01436,2.62,1.00
2016.02.08 05:06:39.010,2.01393,2.0144,1.00,1.00
2016.02.08 05:06:39.061,2.01393,2.0144,1.37,1.00
2016.02.08 05:06:39.235,2.01397,2.01444,1.00,1.00
2016.02.08 05:06:40.142,2.014,2.01447,1.00,1.00
2016.02.08 05:06:40.448,2.01404,2.01449,1.00,1.00
2016.02.08 05:06:40.499,2.01407,2.01454,1.00,1.00
2016.02.08 05:06:49.712,2.01407,2.0145,1.00,1.00
2016.02.08 05:06:49.762,2.01404,2.0145,1.00,1.00
2016.02.08 05:06:49.813,2.01401,2.01443,1.00,1.00
2016.02.08 05:06:50.259,2.01401,2.01445,1.00,1.00
2016.02.08 05:06:50.762,2.01401,2.01444,1.00,1.00
2016.02.08 05:06:51.294,2.01401,2.01445,1.00,1.00
2016.02.08 05:06:51.345,2.01401,2.01443,1.00,1.00
2016.02.08 05:06:51.398,2.01396,2.01443,1.00,1.50
2016.02.08 05:07:03.356,2.01396,2.01442,1.50,1.00
2016.02.08 05:07:03.608,2.01399,2.01446,1.00,1.00
2016.02.08 05:07:03.759,2.01403,2.0145,1.00,1.00
2016.02.08 05:07:10.015,2.01403,2.01449,1.00,1.00
2016.02.08 05:07:15.764,2.01403,2.01448,1.00,1.00
2016.02.08 05:07:16.680,2.01403,2.01449,1.00,1.00
2016.02.08 05:07:29.946,2.01403,2.0145,1.00,1.50
2016.02.08 05:07:44.372,2.01403,2.01449,1.00,1.00
2016.02.08 05:07:45.005,2.01403,2.01448,1.00,1.00
2016.02.08 05:07:45.331,2.01398,2.01445,1.00,1.00
2016.02.08 05:08:05.616,2.01398,2.01445,1.37,1.00
2016.02.08 05:08:05.717,2.01403,2.0145,1.00,1.00
2016.02.08 05:08:25.548,2.01403,2.01449,1.00,1.00
2016.02.08 05:08:34.196,2.01406,2.01447,1.00,1.00
2016.02.08 05:08:35.569,2.01406,2.01446,1.00,1.00
2016.02.08 05:08:35.622,2.01402,2.01445,1.00,1.00
2016.02.08 05:08:55.349,2.01401,2.01442,1.00,1.00
2016.02.08 05:09:11.832,2.01396,2.01439,1.00,1.00
2016.02.08 05:09:25.557,2.014,2.01439,1.00,1.00
2016.02.08 05:09:28.009,2.014,2.01441,1.50,1.00
2016.02.08 05:09:34.471,2.01401,2.01441,1.00,1.00
2016.02.08 05:09:45.631,2.014,2.01441,1.00,1.00
2016.02.08 05:09:48.808,2.01404,2.01447,1.50,1.00
2016.02.08 05:09:55.473,2.01407,2.01447,1.00,1.00
2016.02.08 05:09:56.347,2.01405,2.01447,1.00,1.00
2016.02.08 05:09:56.978,2.01404,2.01447,1.50,1.00
2016.02.08 05:10:00.784,2.01409,2.01447,1.00,1.00
2016.02.08 05:10:01.294,2.01408,2.01447,1.00,1.00
2016.02.08 05:10:01.961,2.0141,2.01447,1.00,1.00
2016.02.08 05:10:02.045,2.0141,2.01449,1.00,1.00
2016.02.08 05:10:02.633,2.01409,2.01449,1.00,1.00
2016.02.08 05:10:03.172,2.01408,2.01449,1.50,1.00
2016.02.08 05:10:20.257,2.01407,2.01447,1.00,1.00
2016.02.08 05:10:21.273,2.01404,2.01447,1.00,1.00
2016.02.08 05:10:31.607,2.01402,2.01443,1.00,1.00
2016.02.08 05:10:38.917,2.01404,2.01443,1.37,1.00
2016.02.08 05:10:38.967,2.01411,2.01451,1.00,1.00
2016.02.08 05:10:39.018,2.01413,2.01455,1.37,1.50
2016.02.08 05:10:39.119,2.01417,2.0146,1.87,1.00
2016.02.08 05:10:39.170,2.01421,2.01462,1.00,1.00
2016.02.08 05:10:46.077,2.01421,2.01454,1.00,1.00
2016.02.08 05:10:46.128,2.01417,2.01454,1.00,1.00
2016.02.08 05:10:46.179,2.01412,2.01454,1.00,1.00
2016.02.08 05:10:46.230,2.01412,2.01452,1.00,1.00
2016.02.08 05:10:46.289,2.01412,2.01455,1.00,1.00
2016.02.08 05:10:47.108,2.01413,2.01455,1.00,1.00
2016.02.08 05:10:47.159,2.01416,2.01459,1.00,1.00
2016.02.08 05:10:47.659,2.01414,2.01461,1.50,1.00
2016.02.08 05:10:47.811,2.01418,2.01463,1.00,1.00
2016.02.08 05:10:52.818,2.01418,2.01462,1.00,1.00
2016.02.08 05:10:52.868,2.01413,2.0146,1.00,1.00
2016.02.08 05:10:53.020,2.01417,2.0146,1.00,1.00
2016.02.08 05:10:53.120,2.01415,2.0146,1.00,1.00
2016.02.08 05:10:53.328,2.01418,2.0146,1.00,1.00
2016.02.08 05:10:53.530,2.01418,2.01465,1.50,1.00
2016.02.08 05:10:53.581,2.0142,2.01465,1.00,1.00
2016.02.08 05:10:53.988,2.01418,2.01465,1.50,1.00
2016.02.08 05:10:54.772,2.01419,2.01465,1.37,1.00
2016.02.08 05:10:55.074,2.01423,2.01468,1.50,1.00
2016.02.08 05:10:55.450,2.01426,2.01468,1.00,1.00
2016.02.08 05:10:55.764,2.01424,2.01468,1.00,1.00
2016.02.08 05:10:56.298,2.01426,2.01468,1.00,1.00
2016.02.08 05:10:56.464,2.01426,2.01471,1.00,1.00
2016.02.08 05:10:57.838,2.01427,2.01471,1.00,1.00
2016.02.08 05:10:58.394,2.01428,2.01471,1.00,1.00
2016.02.08 05:10:58.933,2.01427,2.01471,1.00,1.00
2016.02.08 05:10:58.983,2.0143,2.01471,1.00,1.00
2016.02.08 05:10:59.489,2.01429,2.01473,1.00,1.00
2016.02.08 05:11:01.361,2.0143,2.01473,1.00,1.00
2016.02.08 05:11:04.230,2.01429,2.01473,1.00,1.00
2016.02.08 05:11:04.773,2.01428,2.01473,1.00,1.50
2016.02.08 05:11:05.276,2.01429,2.01473,1.00,1.50
2016.02.08 05:11:05.659,2.01431,2.01473,1.00,1.50
2016.02.08 05:11:05.979,2.01433,2.01474,1.00,1.00
2016.02.08 05:11:06.694,2.01433,2.01473,1.00,1.00
2016.02.08 05:11:07.635,2.01433,2.01474,1.00,1.00
2016.02.08 05:11:08.618,2.01432,2.01474,1.50,1.00
2016.02.08 05:11:08.920,2.01435,2.01473,1.00,1.00
2016.02.08 05:11:09.452,2.01435,2.01474,1.00,1.00
2016.02.08 05:11:15.957,2.01435,2.01472,1.00,1.00
2016.02.08 05:11:19.746,2.01436,2.01473,1.00,1.00
2016.02.08 05:11:20.264,2.01435,2.01473,1.50,1.00
2016.02.08 05:11:20.565,2.01437,2.01473,1.00,1.00
2016.02.08 05:11:20.799,2.01435,2.01473,1.50,1.00
2016.02.08 05:11:22.149,2.01436,2.01473,1.00,1.00
2016.02.08 05:11:25.179,2.01436,2.01479,1.37,1.00
2016.02.08 05:11:25.231,2.01439,2.01479,1.00,1.00
2016.02.08 05:11:25.533,2.01445,2.01479,1.00,1.00
2016.02.08 05:11:26.087,2.01446,2.01479,1.00,1.00
2016.02.08 05:11:26.432,2.0145,2.01479,1.00,1.00
2016.02.08 05:11:28.386,2.0145,2.01478,1.00,1.00
2016.02.08 05:11:30.168,2.0145,2.01479,1.00,1.00
2016.02.08 05:11:30.490,2.0145,2.01476,1.00,1.00
2016.02.08 05:11:30.641,2.01446,2.01475,1.00,1.00
2016.02.08 05:11:30.843,2.01446,2.01473,1.00,1.00
2016.02.08 05:11:30.955,2.01446,2.01475,1.00,1.00
2016.02.08 05:11:31.101,2.01446,2.01473,1.00,1.00
2016.02.08 05:11:31.202,2.01437,2.01475,1.00,1.00
2016.02.08 05:11:33.147,2.01437,2.01477,1.00,1.50
2016.02.08 05:11:33.299,2.01437,2.01479,1.00,1.00
2016.02.08 05:11:33.400,2.01437,2.01481,1.00,1.50
2016.02.08 05:11:33.702,2.01441,2.01479,1.00,1.00
2016.02.08 05:11:33.859,2.01443,2.01482,1.00,1.50
2016.02.08 05:11:33.960,2.01443,2.01484,1.00,1.50
2016.02.08 05:11:34.162,2.01443,2.01482,1.00,1.00
2016.02.08 05:11:34.735,2.01443,2.01476,1.00,1.00
2016.02.08 05:11:34.948,2.01443,2.01482,1.00,1.00
2016.02.08 05:11:35.050,2.01443,2.0148,1.00,1.00
2016.02.08 05:11:35.399,2.01443,2.01476,1.00,1.00
2016.02.08 05:11:36.921,2.01443,2.0148,1.00,1.00
2016.02.08 05:11:38.097,2.01443,2.01479,1.00,1.00
2016.02.08 05:11:39.701,2.01443,2.01473,1.00,1.00
2016.02.08 05:11:42.058,2.01441,2.01474,1.00,1.00
2016.02.08 05:11:42.311,2.01435,2.01474,1.00,1.00
2016.02.08 05:11:42.362,2.01431,2.01474,1.00,1.00
2016.02.08 05:11:42.587,2.01427,2.01474,1.00,1.50
2016.02.08 05:11:42.638,2.01427,2.01471,1.00,1.50
2016.02.08 05:11:42.789,2.01423,2.0147,1.00,1.00
2016.02.08 05:11:43.316,2.01423,2.01469,1.00,1.00
2016.02.08 05:11:43.817,2.01423,2.0147,1.00,1.00
2016.02.08 05:11:59.317,2.01426,2.01472,1.00,1.00
2016.02.08 05:12:00.598,2.01426,2.01471,1.12,1.00
2016.02.08 05:12:01.182,2.01426,2.01472,1.37,1.00
2016.02.08 05:12:01.747,2.01434,2.01473,1.00,1.00
2016.02.08 05:12:01.849,2.01434,2.01477,1.00,1.00
2016.02.08 05:12:01.899,2.01438,2.01477,1.00,1.00
2016.02.08 05:12:03.779,2.01438,2.01479,1.00,1.00
2016.02.08 05:12:04.351,2.01437,2.01479,1.00,1.00
2016.02.08 05:12:09.293,2.01437,2.01478,1.00,1.00
2016.02.08 05:12:09.512,2.01433,2.01479,1.00,1.00
2016.02.08 05:12:11.472,2.01433,2.01478,1.00,1.00
2016.02.08 05:12:13.087,2.01433,2.01477,1.00,1.00
2016.02.08 05:12:17.818,2.01433,2.01478,1.00,1.00
2016.02.08 05:12:21.415,2.01433,2.01479,1.00,1.00
2016.02.08 05:12:22.837,2.01437,2.01478,1.00,1.00
2016.02.08 05:12:25.623,2.01437,2.01479,1.50,1.00
2016.02.08 05:12:30.733,2.01437,2.01478,1.00,1.00
2016.02.08 05:12:34.063,2.01435,2.01479,1.00,1.00
2016.02.08 05:12:42.469,2.0143,2.01477,1.00,1.12
2016.02.08 05:12:43.971,2.0143,2.01474,1.00,1.00
2016.02.08 05:12:52.194,2.0143,2.01475,1.00,1.00
2016.02.08 05:12:53.977,2.0143,2.01472,1.00,1.00
2016.02.08 05:13:00.671,2.0143,2.01471,1.00,1.00
2016.02.08 05:13:01.448,2.0143,2.01472,1.00,1.00
2016.02.08 05:13:01.789,2.01435,2.01477,1.00,1.00
2016.02.08 05:13:01.999,2.01437,2.0148,1.00,1.50
2016.02.08 05:13:02.504,2.01438,2.0148,1.00,1.50
2016.02.08 05:13:02.806,2.01442,2.01479,1.00,1.00
2016.02.08 05:13:03.253,2.01444,2.01479,1.00,1.00
2016.02.08 05:13:03.569,2.01442,2.01479,1.00,1.00
2016.02.08 05:13:04.076,2.01443,2.01479,1.00,1.00
2016.02.08 05:13:04.225,2.01441,2.01479,1.00,1.00
2016.02.08 05:13:04.706,2.01441,2.01483,1.00,1.00
2016.02.08 05:13:05.765,2.01443,2.01483,1.00,1.00
2016.02.08 05:13:09.436,2.01444,2.01483,1.00,1.00
2016.02.08 05:13:09.986,2.01443,2.01483,1.00,1.00
2016.02.08 05:13:12.671,2.01443,2.01485,1.00,1.00
2016.02.08 05:13:14.556,2.01443,2.01484,1.00,1.00
2016.02.08 05:13:14.607,2.01448,2.01484,1.00,1.00
2016.02.08 05:13:14.909,2.0145,2.01485,1.00,1.00
2016.02.08 05:13:15.885,2.01448,2.01485,1.00,1.00
2016.02.08 05:13:16.722,2.01449,2.01485,1.00,1.00
2016.02.08 05:13:18.319,2.01451,2.01485,1.00,1.00
2016.02.08 05:13:18.420,2.01449,2.01485,1.00,1.00
2016.02.08 05:13:18.571,2.01446,2.01485,1.00,1.00
2016.02.08 05:13:18.855,2.01444,2.01485,1.00,1.00
2016.02.08 05:13:21.938,2.01443,2.01485,1.50,1.00
2016.02.08 05:13:22.391,2.0144,2.01484,1.50,1.00
2016.02.08 05:13:22.505,2.0144,2.01482,1.50,1.00
2016.02.08 05:13:23.656,2.0144,2.01481,1.00,1.00
2016.02.08 05:13:24.355,2.0144,2.01482,1.00,1.00
2016.02.08 05:13:25.480,2.0144,2.01481,1.00,1.00
2016.02.08 05:13:26.246,2.0144,2.01482,1.00,1.00
2016.02.08 05:13:26.567,2.01436,2.01477,1.00,1.00
2016.02.08 05:13:28.035,2.01432,2.01477,1.50,1.50
2016.02.08 05:13:30.074,2.01432,2.01476,1.00,1.00
2016.02.08 05:13:31.305,2.01429,2.01473,1.00,1.00
2016.02.08 05:13:31.626,2.01428,2.01471,1.00,1.00
2016.02.08 05:13:31.977,2.01428,2.01469,1.00,1.00
2016.02.08 05:13:32.078,2.01428,2.01471,1.00,1.00
2016.02.08 05:13:32.780,2.01428,2.0147,1.00,1.00
2016.02.08 05:13:33.185,2.01428,2.01468,1.00,1.00
2016.02.08 05:13:33.777,2.01424,2.01468,1.00,1.00
2016.02.08 05:13:35.665,2.01424,2.01467,1.00,1.00
2016.02.08 05:13:36.217,2.01424,2.01468,1.00,1.00
2016.02.08 05:13:37.185,2.01424,2.01468,1.00,1.37
2016.02.08 05:13:37.286,2.01421,2.0146,1.00,1.87
2016.02.08 05:13:37.337,2.01417,2.01454,1.00,1.00
2016.02.08 05:13:37.387,2.01412,2.0145,1.00,1.12
2016.02.08 05:13:37.438,2.0141,2.01444,1.00,1.00
2016.02.08 05:13:37.489,2.01404,2.01444,1.00,1.00
2016.02.08 05:13:37.539,2.0141,2.01446,1.00,1.00
2016.02.08 05:13:37.640,2.01404,2.01446,1.00,1.00
2016.02.08 05:13:37.691,2.01409,2.01446,1.00,1.00
2016.02.08 05:13:37.741,2.01409,2.01448,1.00,1.00
2016.02.08 05:13:37.792,2.01404,2.01448,1.00,1.00
2016.02.08 05:13:38.335,2.01404,2.01447,1.00,1.00
2016.02.08 05:13:39.714,2.01404,2.0145,1.50,1.00
2016.02.08 05:13:40.815,2.01405,2.01449,1.00,1.00
2016.02.08 05:13:41.326,2.01404,2.01448,1.50,1.00
2016.02.08 05:13:41.927,2.01404,2.0145,1.50,1.00
2016.02.08 05:13:43.234,2.01404,2.01449,1.00,1.00
2016.02.08 05:13:45.184,2.01407,2.01449,1.00,1.00
2016.02.08 05:13:45.689,2.01407,2.01448,1.00,1.00
2016.02.08 05:13:46.224,2.01407,2.01449,1.00,1.00
2016.02.08 05:13:47.085,2.01407,2.0145,1.00,1.00
2016.02.08 05:13:47.605,2.01407,2.01451,1.00,1.00
2016.02.08 05:13:49.195,2.01414,2.01454,1.00,1.00
2016.02.08 05:13:49.296,2.01411,2.01454,1.00,1.00
2016.02.08 05:13:50.210,2.01412,2.01454,1.00,1.00
2016.02.08 05:13:51.594,2.01411,2.01454,1.00,1.50
2016.02.08 05:13:52.894,2.0141,2.01454,1.00,1.50
2016.02.08 05:13:53.684,2.01411,2.01454,1.00,1.50
2016.02.08 05:13:54.038,2.01413,2.01454,1.00,1.50
2016.02.08 05:13:54.486,2.01415,2.01455,1.00,1.00
2016.02.08 05:13:54.595,2.01416,2.01457,1.00,1.00
2016.02.08 05:13:54.645,2.01416,2.01461,1.00,1.00
2016.02.08 05:13:54.696,2.01419,2.01461,1.00,1.00
2016.02.08 05:13:54.797,2.0142,2.01465,1.00,1.00
2016.02.08 05:13:55.342,2.01419,2.01465,1.00,1.00
2016.02.08 05:13:55.868,2.0142,2.01465,1.00,1.00
2016.02.08 05:13:56.405,2.01419,2.01465,1.00,1.50
2016.02.08 05:14:03.635,2.01419,2.01461,1.00,1.00
2016.02.08 05:14:03.888,2.01406,2.01452,1.00,1.50
2016.02.08 05:14:03.939,2.01416,2.01455,1.00,1.00
2016.02.08 05:14:05.028,2.01417,2.01455,1.00,1.00
2016.02.08 05:14:05.674,2.01415,2.01455,1.00,1.00
2016.02.08 05:14:06.553,2.01415,2.01461,1.00,1.00
2016.02.08 05:14:07.433,2.01414,2.01461,1.50,1.00
2016.02.08 05:14:09.633,2.01415,2.01461,1.00,1.00
2016.02.08 05:14:10.355,2.01414,2.01461,1.50,1.00
2016.02.08 05:14:10.406,2.01416,2.01461,1.00,1.00
2016.02.08 05:14:11.801,2.01418,2.01465,1.00,1.00
2016.02.08 05:14:11.852,2.01421,2.01467,1.00,1.00
2016.02.08 05:14:14.476,2.01421,2.01468,1.00,1.00
2016.02.08 05:14:17.924,2.01421,2.01468,1.00,1.37
2016.02.08 05:14:18.126,2.01421,2.01468,1.00,1.00
2016.02.08 05:14:18.824,2.01421,2.01467,1.00,1.00
2016.02.08 05:14:22.206,2.01421,2.01467,1.00,1.37
2016.02.08 05:14:22.440,2.01416,2.01463,1.00,1.37
2016.02.08 05:14:22.491,2.01412,2.01459,1.00,1.00
2016.02.08 05:14:28.459,2.0141,2.01455,1.00,1.00
2016.02.08 05:14:29.763,2.01413,2.0146,1.00,1.00
2016.02.08 05:14:32.563,2.01413,2.01457,1.00,1.00
2016.02.08 05:14:33.725,2.01415,2.01458,1.00,1.00
2016.02.08 05:14:33.826,2.01416,2.01463,1.87,1.50
2016.02.08 05:14:33.876,2.01422,2.01463,1.00,1.00
2016.02.08 05:14:34.179,2.01425,2.01464,1.00,1.00
2016.02.08 05:14:36.681,2.01425,2.01463,1.00,1.00
2016.02.08 05:14:36.781,2.01425,2.01469,1.00,1.00
2016.02.08 05:14:40.787,2.01426,2.01469,1.00,1.00
2016.02.08 05:14:41.089,2.01422,2.01469,1.00,1.50
2016.02.08 05:14:42.891,2.01422,2.01469,1.00,1.87
2016.02.08 05:14:43.042,2.01418,2.01463,1.00,1.00
2016.02.08 05:14:43.093,2.01418,2.01461,1.00,1.00
2016.02.08 05:14:43.294,2.01418,2.01463,1.00,1.00
2016.02.08 05:14:43.501,2.01413,2.0146,1.00,1.00
2016.02.08 05:14:47.473,2.01414,2.0146,1.00,1.00
2016.02.08 05:14:48.324,2.01413,2.0146,1.50,1.00
2016.02.08 05:14:49.253,2.01415,2.0146,1.00,1.00
2016.02.08 05:14:49.582,2.01419,2.0146,1.00,1.00
2016.02.08 05:14:49.804,2.01417,2.0146,1.00,1.00
2016.02.08 05:14:50.123,2.01415,2.0146,1.00,1.00
2016.02.08 05:14:51.138,2.01413,2.0146,1.00,1.00
2016.02.08 05:14:52.896,2.01409,2.01456,1.00,1.37
2016.02.08 05:14:53.198,2.01408,2.0145,1.00,1.00
2016.02.08 05:14:53.400,2.01413,2.01456,1.00,1.00
2016.02.08 05:14:53.451,2.01415,2.01456,1.00,1.00
2016.02.08 05:14:53.551,2.01418,2.01462,1.00,2.25
2016.02.08 05:14:53.653,2.0142,2.01462,1.00,1.00
2016.02.08 05:14:54.101,2.01421,2.01467,1.00,1.50
2016.02.08 05:14:54.302,2.01425,2.01469,1.00,1.00
2016.02.08 05:14:54.683,2.01427,2.01469,1.00,1.00
2016.02.08 05:14:55.003,2.01429,2.01468,1.00,1.00
2016.02.08 05:14:55.304,2.0143,2.01474,1.00,1.00
2016.02.08 05:14:55.355,2.0143,2.01476,1.00,1.50
2016.02.08 05:14:55.405,2.01433,2.01476,1.00,1.00
2016.02.08 05:14:56.410,2.01434,2.01476,1.00,1.00
2016.02.08 05:14:56.762,2.01437,2.01476,1.00,1.00
2016.02.08 05:14:57.218,2.01437,2.0148,1.00,1.00
2016.02.08 05:14:57.922,2.01434,2.0148,1.00,1.00
2016.02.08 05:14:58.253,2.01437,2.0148,1.00,1.00
2016.02.08 05:15:00.013,2.01438,2.0148,1.00,1.50
2016.02.08 05:15:00.476,2.01436,2.0148,1.00,1.00
2016.02.08 05:15:00.651,2.01435,2.01474,1.00,1.00
2016.02.08 05:15:00.702,2.01433,2.01474,1.00,1.00
2016.02.08 05:15:00.803,2.01426,2.0147,1.00,1.00
2016.02.08 05:15:00.954,2.01425,2.01467,1.00,1.00
2016.02.08 05:15:01.005,2.01423,2.01467,1.00,1.00
2016.02.08 05:15:01.106,2.01423,2.01463,1.00,1.00
2016.02.08 05:15:01.416,2.0142,2.0146,1.00,1.00
2016.02.08 05:15:01.573,2.01417,2.0146,1.00,1.00
2016.02.08 05:15:09.634,2.01421,2.0146,1.00,1.00
2016.02.08 05:15:09.685,2.01421,2.01463,1.00,1.00
2016.02.08 05:15:09.735,2.01424,2.01463,1.00,1.00
2016.02.08 05:15:09.836,2.01426,2.01467,1.00,1.50
2016.02.08 05:15:09.966,2.01428,2.0147,1.00,1.00
2016.02.08 05:15:10.067,2.01426,2.0147,1.00,1.00
2016.02.08 05:15:10.245,2.01428,2.0147,1.00,1.00
2016.02.08 05:15:10.576,2.01425,2.0147,1.00,1.00
2016.02.08 05:15:11.565,2.01426,2.0147,1.00,1.00
2016.02.08 05:15:12.344,2.01427,2.0147,1.00,1.00
2016.02.08 05:15:12.456,2.01429,2.0147,1.00,1.00
2016.02.08 05:15:13.248,2.01427,2.0147,1.00,1.00
2016.02.08 05:15:13.484,2.0143,2.0147,1.00,1.00
2016.02.08 05:15:14.314,2.01429,2.0147,1.00,1.00
2016.02.08 05:15:15.745,2.01426,2.0147,1.00,1.00
2016.02.08 05:15:16.560,2.01425,2.0147,1.00,1.00
2016.02.08 05:15:16.663,2.01427,2.0147,1.00,1.00
2016.02.08 05:15:17.011,2.01429,2.0147,1.00,1.00
2016.02.08 05:15:17.175,2.01427,2.0147,1.00,1.00
2016.02.08 05:15:19.271,2.01428,2.0147,1.00,1.00
2016.02.08 05:15:19.796,2.01427,2.0147,1.00,1.00
2016.02.08 05:15:21.829,2.01429,2.0147,1.00,1.00
2016.02.08 05:15:23.818,2.01427,2.0147,1.00,1.00
2016.02.08 05:15:24.594,2.01426,2.0147,1.00,1.00
2016.02.08 05:15:25.799,2.01428,2.0147,1.00,1.00
2016.02.08 05:15:25.900,2.01426,2.0147,1.00,1.00
2016.02.08 05:15:33.455,2.01427,2.0147,1.00,1.00
2016.02.08 05:15:33.677,2.01425,2.0147,1.00,1.00
2016.02.08 05:15:37.664,2.01424,2.0147,1.00,1.00
2016.02.08 05:15:39.930,2.01426,2.01473,1.37,1.00
2016.02.08 05:15:39.981,2.01431,2.01476,1.00,1.00
2016.02.08 05:15:40.082,2.01434,2.01476,1.00,1.00
2016.02.08 05:15:40.440,2.01436,2.01476,1.00,1.00
2016.02.08 05:15:40.604,2.01433,2.01476,1.00,1.00
2016.02.08 05:15:41.244,2.01433,2.01475,1.00,1.00
2016.02.08 05:15:43.725,2.01433,2.01476,1.00,1.00
2016.02.08 05:15:43.909,2.01431,2.01476,1.00,1.00
2016.02.08 05:15:46.108,2.0143,2.01476,1.50,1.00
2016.02.08 05:15:47.766,2.01431,2.01476,1.00,1.00
2016.02.08 05:15:48.267,2.01431,2.01477,1.00,1.00
2016.02.08 05:15:48.769,2.0143,2.01477,1.00,1.00
2016.02.08 05:15:49.318,2.0143,2.01477,1.87,1.00
2016.02.08 05:15:52.034,2.01433,2.0148,1.00,1.00
2016.02.08 05:15:52.774,2.01434,2.0148,1.00,1.00
2016.02.08 05:15:56.679,2.01437,2.0148,1.00,1.00
2016.02.08 05:15:56.881,2.01443,2.01487,1.00,1.00
2016.02.08 05:15:56.932,2.01448,2.01487,1.00,1.00
2016.02.08 05:15:57.133,2.01442,2.01487,1.12,1.00
2016.02.08 05:15:57.234,2.01442,2.01483,1.00,1.00
2016.02.08 05:15:57.385,2.01438,2.01483,1.00,1.50
2016.02.08 05:15:57.537,2.01436,2.01483,1.00,1.50
2016.02.08 05:15:58.834,2.01436,2.01482,1.00,1.00
2016.02.08 05:15:58.986,2.0143,2.01477,1.00,1.00
2016.02.08 05:15:59.657,2.01431,2.01477,1.00,1.50
2016.02.08 05:16:00.204,2.01436,2.01477,1.00,1.00
2016.02.08 05:16:01.723,2.01433,2.01477,1.00,1.00
2016.02.08 05:16:01.824,2.01434,2.01479,1.00,1.00
2016.02.08 05:16:02.072,2.01447,2.01479,1.00,1.00
2016.02.08 05:16:02.123,2.01447,2.01487,1.00,1.00
2016.02.08 05:16:02.274,2.01441,2.01478,1.00,1.00
2016.02.08 05:16:02.375,2.01435,2.01478,1.00,1.00
2016.02.08 05:16:02.604,2.01435,2.0148,1.00,1.50
2016.02.08 05:16:03.504,2.01435,2.01478,1.00,1.00
2016.02.08 05:16:04.023,2.01435,2.01479,1.00,1.00
2016.02.08 05:16:06.900,2.01435,2.01478,1.00,1.00
2016.02.08 05:16:07.333,2.01435,2.0148,1.00,1.50
2016.02.08 05:16:08.027,2.01435,2.01479,1.00,1.00
2016.02.08 05:16:13.612,2.01435,2.01472,1.00,1.00
2016.02.08 05:16:16.600,2.01425,2.01471,2.25,1.00
2016.02.08 05:16:16.701,2.01425,2.01469,1.00,1.00
2016.02.08 05:16:16.953,2.01422,2.01468,1.00,1.00
2016.02.08 05:16:17.055,2.01417,2.01464,1.00,1.00
2016.02.08 05:16:17.156,2.01417,2.01462,1.00,1.00
2016.02.08 05:16:17.357,2.01414,2.01461,1.00,1.00
2016.02.08 05:16:17.408,2.01414,2.01459,1.00,1.00
2016.02.08 05:16:18.143,2.01414,2.0146,1.00,1.00
2016.02.08 05:16:20.735,2.01414,2.01461,1.00,1.00
2016.02.08 05:16:23.142,2.01415,2.01461,1.00,1.00
2016.02.08 05:16:23.713,2.01414,2.01461,1.50,1.00
2016.02.08 05:16:24.045,2.01416,2.01461,1.00,1.00
2016.02.08 05:16:24.546,2.01415,2.01461,1.00,1.00
2016.02.08 05:16:24.897,2.01418,2.01461,1.00,1.00
2016.02.08 05:16:25.550,2.01417,2.01461,1.00,1.00
2016.02.08 05:16:29.823,2.01414,2.01461,1.00,1.00
2016.02.08 05:16:29.983,2.01412,2.01456,1.00,1.00
2016.02.08 05:16:30.243,2.01409,2.01456,1.00,1.00
2016.02.08 05:16:30.595,2.01409,2.01454,1.00,1.00
2016.02.08 05:16:30.897,2.01404,2.01449,1.00,1.00
2016.02.08 05:16:31.049,2.01399,2.01446,1.50,1.00
2016.02.08 05:16:35.675,2.01399,2.01445,1.00,1.00
2016.02.08 05:16:36.473,2.01399,2.01446,1.00,1.50
2016.02.08 05:16:37.743,2.014,2.01446,1.00,1.00
2016.02.08 05:16:38.773,2.01401,2.01446,1.00,1.00
2016.02.08 05:16:39.063,2.01399,2.01446,1.50,1.00
2016.02.08 05:16:39.393,2.01401,2.01446,1.00,1.00
2016.02.08 05:16:45.893,2.01399,2.01446,1.50,1.00
2016.02.08 05:16:54.616,2.014,2.01446,1.00,1.00
2016.02.08 05:16:54.667,2.01404,2.01449,1.00,1.00
2016.02.08 05:16:55.198,2.01405,2.01449,1.00,1.00
2016.02.08 05:16:57.872,2.01406,2.01449,1.00,1.00
2016.02.08 05:17:03.263,2.01405,2.01449,1.00,1.00
2016.02.08 05:17:03.913,2.01406,2.01449,1.00,1.00
2016.02.08 05:17:04.912,2.01407,2.01449,1.00,1.00
2016.02.08 05:17:05.044,2.01407,2.01452,1.50,1.00
2016.02.08 05:17:05.246,2.0141,2.01455,1.50,1.00
2016.02.08 05:17:05.591,2.01412,2.01457,1.00,1.00
2016.02.08 05:17:06.113,2.01413,2.01457,1.00,1.00
2016.02.08 05:17:06.783,2.01414,2.01457,1.00,1.00
2016.02.08 05:17:08.547,2.01416,2.01457,1.00,1.00
2016.02.08 05:17:11.443,2.01415,2.01457,1.00,1.00
2016.02.08 05:17:11.994,2.01416,2.01457,1.00,1.00
2016.02.08 05:17:12.704,2.01416,2.0146,1.00,1.00
2016.02.08 05:17:21.352,2.01417,2.0146,1.00,1.00
2016.02.08 05:17:35.088,2.01417,2.01456,1.00,1.00
2016.02.08 05:17:35.390,2.01417,2.01451,1.00,1.00
2016.02.08 05:17:41.320,2.01412,2.01451,1.00,1.50
2016.02.08 05:17:41.923,2.01413,2.01451,1.00,1.50
2016.02.08 05:17:42.472,2.01413,2.0145,1.00,1.00
2016.02.08 05:17:42.623,2.01406,2.01449,1.00,1.12
2016.02.08 05:17:42.677,2.01404,2.01448,1.00,1.00
2016.02.08 05:17:42.778,2.01403,2.01446,1.00,1.00
2016.02.08 05:17:49.021,2.01403,2.01448,1.00,1.00
2016.02.08 05:17:50.992,2.01403,2.01446,1.00,1.00
2016.02.08 05:17:52.625,2.014,2.01446,1.00,1.00
2016.02.08 05:17:59.481,2.01401,2.01446,1.00,1.00
2016.02.08 05:17:59.632,2.01403,2.01448,1.00,1.00
2016.02.08 05:18:00.182,2.01404,2.01448,1.00,1.00
2016.02.08 05:18:03.798,2.01405,2.01448,1.00,1.00
2016.02.08 05:18:04.347,2.01406,2.01448,1.00,1.00
2016.02.08 05:18:10.061,2.01409,2.01448,1.00,1.00
2016.02.08 05:18:10.363,2.01403,2.01446,1.00,1.00
2016.02.08 05:18:10.715,2.01403,2.01443,1.00,1.00
2016.02.08 05:18:11.461,2.01403,2.01444,1.00,1.00
2016.02.08 05:18:12.095,2.01403,2.01443,1.00,1.00
2016.02.08 05:18:13.348,2.01403,2.0144,1.00,1.00
2016.02.08 05:18:13.680,2.01403,2.01437,1.00,1.00
2016.02.08 05:18:13.781,2.01396,2.01436,1.00,1.00
2016.02.08 05:18:14.121,2.01395,2.01439,1.00,1.00
2016.02.08 05:18:14.870,2.01396,2.01439,1.00,1.00
2016.02.08 05:18:19.883,2.01396,2.0144,1.50,1.00
2016.02.08 05:18:19.985,2.01398,2.01441,1.12,1.00
2016.02.08 05:18:20.086,2.01401,2.01446,1.00,1.00
2016.02.08 05:18:20.607,2.01401,2.01445,1.00,1.00
2016.02.08 05:18:20.708,2.01401,2.01442,1.00,1.00
2016.02.08 05:18:25.017,2.01401,2.01443,1.50,1.00
2016.02.08 05:18:25.100,2.01401,2.01445,1.50,1.00
2016.02.08 05:18:25.210,2.01401,2.01442,1.50,1.00
2016.02.08 05:18:30.175,2.01406,2.01447,1.00,1.00
2016.02.08 05:18:30.276,2.01409,2.01451,1.00,1.00
2016.02.08 05:18:30.628,2.01407,2.0145,1.00,1.00
2016.02.08 05:18:30.730,2.01413,2.01448,1.00,1.00
2016.02.08 05:18:30.781,2.01413,2.01454,1.00,1.00
2016.02.08 05:18:30.832,2.01411,2.01454,1.00,1.00
2016.02.08 05:18:30.933,2.01411,2.01452,1.00,1.00
2016.02.08 05:18:30.993,2.01407,2.01452,1.00,1.00
2016.02.08 05:18:31.176,2.01411,2.01454,1.00,1.00
2016.02.08 05:18:31.327,2.01411,2.01456,1.50,1.00
2016.02.08 05:18:31.623,2.01411,2.01454,1.00,1.00
2016.02.08 05:18:32.955,2.01411,2.01455,1.00,1.00
2016.02.08 05:18:33.901,2.01411,2.01456,1.50,1.00
2016.02.08 05:18:36.151,2.01413,2.01456,1.00,1.50
2016.02.08 05:18:36.980,2.01413,2.01454,1.00,1.00
2016.02.08 05:18:38.541,2.01415,2.01454,1.00,1.00
2016.02.08 05:18:40.732,2.01415,2.01456,1.00,1.00
2016.02.08 05:18:47.454,2.01413,2.01456,1.00,1.00
2016.02.08 05:18:56.233,2.01415,2.01456,1.00,1.50
2016.02.08 05:18:56.841,2.01416,2.01456,1.00,1.50
2016.02.08 05:18:57.660,2.01415,2.01456,1.00,1.00
2016.02.08 05:19:06.728,2.01416,2.01456,1.00,1.00
2016.02.08 05:19:12.839,2.01416,2.01457,1.50,1.00
2016.02.08 05:19:32.757,2.0142,2.01463,1.00,1.00
2016.02.08 05:19:33.110,2.01422,2.01463,1.00,1.00
2016.02.08 05:19:33.668,2.01423,2.01463,1.00,1.00
2016.02.08 05:19:38.401,2.01422,2.01463,1.00,1.00
2016.02.08 05:19:39.019,2.01423,2.01463,1.00,1.00
2016.02.08 05:19:40.229,2.01422,2.01463,1.00,1.00
2016.02.08 05:19:40.934,2.01423,2.01463,1.00,1.00
2016.02.08 05:19:41.448,2.01424,2.01463,1.00,1.00
2016.02.08 05:19:42.352,2.01424,2.01464,1.00,1.00
2016.02.08 05:19:44.848,2.01426,2.01464,1.00,1.00
2016.02.08 05:19:51.404,2.01427,2.01464,1.00,1.00
2016.02.08 05:20:00.212,2.01427,2.01469,1.50,1.00
2016.02.08 05:20:05.228,2.01426,2.01469,1.50,1.00
2016.02.08 05:20:09.753,2.01426,2.01468,1.00,1.00
2016.02.08 05:20:09.854,2.01426,2.01466,1.00,1.00
2016.02.08 05:20:10.371,2.01426,2.01465,1.00,1.00
2016.02.08 05:20:11.401,2.01426,2.01467,1.00,1.00
2016.02.08 05:20:11.502,2.01427,2.01469,1.00,1.00
2016.02.08 05:20:11.603,2.01431,2.01471,1.00,1.00
2016.02.08 05:20:13.922,2.01431,2.01469,1.00,1.00
2016.02.08 05:20:13.973,2.01428,2.01469,1.00,1.50
2016.02.08 05:20:14.263,2.01428,2.01467,1.00,1.00
2016.02.08 05:20:14.765,2.01428,2.01468,1.00,1.00
2016.02.08 05:20:15.267,2.01428,2.01469,1.00,1.50
2016.02.08 05:20:15.670,2.01431,2.0147,1.00,1.00
2016.02.08 05:20:15.871,2.01431,2.01472,1.00,1.00
2016.02.08 05:20:17.877,2.01431,2.01471,1.00,1.00
2016.02.08 05:20:18.328,2.01433,2.01471,1.00,1.00
2016.02.08 05:20:20.621,2.01433,2.01476,1.00,2.25
2016.02.08 05:20:20.948,2.01433,2.01474,1.00,1.00
2016.02.08 05:20:22.353,2.01433,2.01472,1.00,1.00
2016.02.08 05:20:23.581,2.01433,2.01471,1.00,1.50
2016.02.08 05:20:23.632,2.01427,2.0147,1.00,1.00
2016.02.08 05:20:23.819,2.01427,2.01467,1.00,1.00
2016.02.08 05:20:24.045,2.01427,2.0147,1.00,1.50
2016.02.08 05:20:24.146,2.01427,2.01466,1.00,1.00
2016.02.08 05:20:24.448,2.01431,2.01467,1.00,1.00
2016.02.08 05:20:24.952,2.0143,2.01466,1.00,1.00
2016.02.08 05:20:25.113,2.01434,2.01472,1.00,1.00
2016.02.08 05:20:25.214,2.01434,2.01475,1.00,1.00
2016.02.08 05:20:25.718,2.01434,2.01476,1.00,1.50
2016.02.08 05:20:25.819,2.01434,2.01471,1.00,1.00
2016.02.08 05:20:26.618,2.01435,2.01471,1.00,1.00
2016.02.08 05:20:26.831,2.01435,2.01476,1.00,1.50
2016.02.08 05:20:27.333,2.01438,2.01476,1.00,1.00
2016.02.08 05:20:27.434,2.01436,2.01476,1.50,1.00
2016.02.08 05:20:28.804,2.01436,2.01477,1.50,1.00
2016.02.08 05:20:29.106,2.01438,2.01477,1.00,1.00
2016.02.08 05:20:30.048,2.01438,2.01476,1.00,1.00
2016.02.08 05:20:30.099,2.01436,2.01476,1.00,1.00
2016.02.08 05:20:30.700,2.01436,2.01477,1.00,1.50
2016.02.08 05:20:33.150,2.01437,2.01477,1.00,1.00
2016.02.08 05:20:33.715,2.01437,2.01479,1.00,1.00
2016.02.08 05:20:34.561,2.01437,2.01479,1.37,1.50
2016.02.08 05:20:35.066,2.01439,2.01479,1.00,1.00
2016.02.08 05:20:35.368,2.01441,2.0148,1.00,1.00
2016.02.08 05:20:35.418,2.01441,2.01482,1.00,1.00
2016.02.08 05:20:35.939,2.0144,2.01482,1.00,1.00
2016.02.08 05:20:39.411,2.01442,2.01482,1.00,1.50
2016.02.08 05:20:45.992,2.01444,2.01482,1.00,1.00
2016.02.08 05:20:46.970,2.01445,2.01482,1.00,1.00
2016.02.08 05:20:47.071,2.01445,2.01484,1.00,1.00
2016.02.08 05:20:47.172,2.01447,2.01484,1.00,1.00
2016.02.08 05:20:48.273,2.01445,2.01484,1.00,1.00
2016.02.08 05:20:48.374,2.01443,2.01484,1.00,1.00
2016.02.08 05:20:48.626,2.01443,2.01482,1.00,1.00
2016.02.08 05:20:48.862,2.01438,2.01481,2.25,1.50
2016.02.08 05:20:49.279,2.01438,2.01478,1.00,1.00
2016.02.08 05:20:49.676,2.01438,2.01481,2.25,1.00
2016.02.08 05:20:49.928,2.0144,2.01481,1.00,1.00
2016.02.08 05:20:50.682,2.01441,2.01481,1.00,1.00
2016.02.08 05:20:51.327,2.0144,2.01481,1.00,1.50
2016.02.08 05:20:51.706,2.01443,2.01481,1.00,1.00
2016.02.08 05:20:51.857,2.01443,2.01484,1.00,1.00
2016.02.08 05:20:52.394,2.01442,2.01484,1.50,1.00
2016.02.08 05:20:54.451,2.01443,2.01484,1.00,1.00
2016.02.08 05:20:55.755,2.01442,2.01484,1.50,1.00
2016.02.08 05:20:56.659,2.01443,2.01484,1.00,1.00
2016.02.08 05:20:58.653,2.01442,2.01484,1.00,1.00
2016.02.08 05:20:59.320,2.01443,2.01484,1.00,1.00
2016.02.08 05:21:00.731,2.01442,2.01484,1.50,1.00
2016.02.08 05:21:05.385,2.01442,2.01485,1.00,1.50
2016.02.08 05:21:20.600,2.01442,2.01484,1.00,1.00
2016.02.08 05:21:20.701,2.01442,2.01482,1.00,1.00
2016.02.08 05:21:20.881,2.01435,2.01476,1.00,1.00
2016.02.08 05:21:20.990,2.01433,2.01476,1.00,1.00
2016.02.08 05:21:21.041,2.0143,2.01471,1.00,1.50
2016.02.08 05:21:21.349,2.01429,2.01468,1.00,1.00
2016.02.08 05:21:21.450,2.01421,2.01464,1.50,1.50
2016.02.08 05:21:21.500,2.01421,2.01461,1.50,1.00
2016.02.08 05:21:21.652,2.01418,2.01459,1.00,1.00
2016.02.08 05:21:21.702,2.01418,2.01457,1.00,1.00
2016.02.08 05:21:22.005,2.01415,2.01454,1.00,1.00
2016.02.08 05:21:23.351,2.01417,2.01454,1.00,1.00
2016.02.08 05:21:24.172,2.01417,2.01458,1.00,1.00
2016.02.08 05:21:24.451,2.0142,2.01458,1.00,1.00
2016.02.08 05:21:25.110,2.01417,2.01458,1.00,1.00
2016.02.08 05:21:25.933,2.01418,2.01458,1.00,1.00
2016.02.08 05:21:26.772,2.01419,2.01458,1.00,1.00
2016.02.08 05:21:28.410,2.0142,2.01458,1.00,1.00
2016.02.08 05:21:33.953,2.01421,2.01458,1.00,1.00
2016.02.08 05:21:35.055,2.01421,2.01462,1.00,1.00
2016.02.08 05:21:39.871,2.01419,2.01462,1.00,1.50
2016.02.08 05:21:40.111,2.01419,2.0146,1.00,1.00
2016.02.08 05:21:42.509,2.01419,2.01459,1.00,1.00
2016.02.08 05:21:42.560,2.01417,2.01458,1.00,1.00
2016.02.08 05:21:42.611,2.01417,2.01456,1.00,1.00
2016.02.08 05:21:42.929,2.01417,2.01453,1.00,1.00
2016.02.08 05:21:43.259,2.01417,2.0145,1.00,1.00
2016.02.08 05:21:43.360,2.01413,2.0145,1.00,1.00
2016.02.08 05:21:44.376,2.01413,2.01451,1.00,1.00
2016.02.08 05:21:44.825,2.01413,2.01456,1.00,1.50
2016.02.08 05:21:51.073,2.01414,2.01456,1.00,1.00
2016.02.08 05:21:51.859,2.01413,2.01456,1.00,1.00
2016.02.08 05:21:53.349,2.01416,2.01456,1.00,1.00
2016.02.08 05:21:55.923,2.01415,2.01456,1.00,1.00
2016.02.08 05:21:56.074,2.01417,2.0146,1.00,1.00
2016.02.08 05:22:03.322,2.01421,2.0146,1.00,1.00
2016.02.08 05:22:07.679,2.01421,2.01459,1.00,1.00
2016.02.08 05:22:08.032,2.0142,2.01453,1.00,1.00
2016.02.08 05:22:08.183,2.01415,2.01452,1.00,1.00
2016.02.08 05:22:08.485,2.01413,2.01449,1.00,1.00
2016.02.08 05:22:08.687,2.01407,2.01447,1.00,1.00
2016.02.08 05:22:09.202,2.01407,2.01446,1.00,1.00
2016.02.08 05:22:10.105,2.01407,2.01447,1.00,1.00
2016.02.08 05:22:15.719,2.01407,2.01446,1.00,1.00
2016.02.08 05:22:16.276,2.01407,2.01447,1.00,1.50
2016.02.08 05:22:16.629,2.01408,2.01445,1.00,1.00
2016.02.08 05:22:16.919,2.01408,2.01447,1.00,1.50
2016.02.08 05:22:17.604,2.01407,2.01447,1.00,1.50
2016.02.08 05:22:18.659,2.01406,2.01447,1.00,1.50
2016.02.08 05:22:20.438,2.01406,2.01446,1.00,1.00
2016.02.08 05:22:20.548,2.01406,2.01444,1.00,1.00
2016.02.08 05:22:21.330,2.01406,2.01442,1.00,1.00
2016.02.08 05:22:22.249,2.01407,2.01443,1.00,1.00
2016.02.08 05:22:25.678,2.01406,2.01443,1.00,1.00
2016.02.08 05:22:28.683,2.01407,2.01443,1.00,1.00
2016.02.08 05:22:29.486,2.01408,2.01443,1.00,1.00
2016.02.08 05:22:30.891,2.01408,2.01444,1.00,1.00
2016.02.08 05:22:32.794,2.01407,2.01444,1.00,1.00
2016.02.08 05:22:36.709,2.01408,2.01444,1.00,1.00
2016.02.08 05:22:38.637,2.01405,2.01444,1.00,1.00
2016.02.08 05:22:38.839,2.01405,2.01446,1.00,1.00
2016.02.08 05:22:41.368,2.01405,2.01444,1.00,1.00
2016.02.08 05:22:41.899,2.01405,2.01445,1.00,1.00
2016.02.08 05:22:43.566,2.01405,2.01443,1.00,1.00
2016.02.08 05:22:45.623,2.01406,2.01443,1.00,1.00
2016.02.08 05:22:47.626,2.01406,2.01441,1.00,1.00
2016.02.08 05:22:48.176,2.01405,2.01441,1.00,1.00
2016.02.08 05:22:48.738,2.01405,2.0144,1.00,1.00
2016.02.08 05:22:48.839,2.01405,2.01442,1.00,1.00
2016.02.08 05:22:50.809,2.01405,2.01441,1.00,1.00
2016.02.08 05:22:52.227,2.01405,2.0144,1.00,1.00
2016.02.08 05:22:52.781,2.01405,2.01439,1.00,1.00
2016.02.08 05:22:52.883,2.01401,2.01439,1.50,1.00
2016.02.08 05:22:52.933,2.01401,2.01436,1.50,1.00
2016.02.08 05:22:53.236,2.01401,2.01434,1.00,1.00
2016.02.08 05:22:53.547,2.01401,2.01431,1.00,1.00
2016.02.08 05:22:54.230,2.01401,2.01432,1.00,1.00
2016.02.08 05:23:02.751,2.014,2.01432,1.00,1.00
2016.02.08 05:23:06.437,2.014,2.01431,1.00,1.00
2016.02.08 05:23:06.945,2.01399,2.01431,1.00,1.00
2016.02.08 05:23:12.770,2.01398,2.01431,1.00,1.00
2016.02.08 05:23:20.081,2.01399,2.01431,1.00,1.00
2016.02.08 05:23:20.898,2.01399,2.0143,1.00,1.00
2016.02.08 05:23:21.440,2.01398,2.0143,1.00,1.00
2016.02.08 05:23:21.979,2.01399,2.0143,1.00,1.00
2016.02.08 05:23:22.786,2.01395,2.0143,1.00,1.00
2016.02.08 05:23:23.407,2.01395,2.01428,1.00,1.00
2016.02.08 05:23:23.508,2.01395,2.0143,1.00,1.00
2016.02.08 05:23:24.427,2.01394,2.0143,1.00,1.00
2016.02.08 05:23:25.012,2.01395,2.0143,1.00,1.00
2016.02.08 05:23:25.898,2.01394,2.0143,1.00,1.00
2016.02.08 05:23:26.267,2.01394,2.01432,1.00,1.00
2016.02.08 05:23:32.803,2.01395,2.01432,1.00,1.00
2016.02.08 05:23:36.161,2.01395,2.01431,1.00,1.00
2016.02.08 05:23:39.673,2.01395,2.01429,1.00,1.00
2016.02.08 05:23:41.425,2.01395,2.01431,1.00,1.00
2016.02.08 05:23:42.180,2.01395,2.01433,1.00,1.00
2016.02.08 05:23:42.530,2.01395,2.0143,1.00,1.00
2016.02.08 05:23:42.831,2.01393,2.01428,1.50,1.00
2016.02.08 05:23:43.942,2.01393,2.01431,1.50,1.00
2016.02.08 05:23:44.463,2.01393,2.01432,1.50,1.00
2016.02.08 05:23:44.713,2.01393,2.01434,1.50,1.00
2016.02.08 05:23:45.139,2.01393,2.01431,1.50,1.00
2016.02.08 05:23:45.699,2.01393,2.0143,1.50,1.00
2016.02.08 05:23:46.016,2.01393,2.01432,1.50,1.00
2016.02.08 05:23:46.545,2.01393,2.01431,1.50,1.00
2016.02.08 05:23:47.227,2.01393,2.01432,1.50,1.00
2016.02.08 05:23:47.478,2.01393,2.0143,1.50,1.00
2016.02.08 05:23:48.326,2.01393,2.01432,1.50,1.00
2016.02.08 05:23:48.551,2.01393,2.01434,1.50,1.00
2016.02.08 05:23:52.766,2.01398,2.01434,1.00,1.00
2016.02.08 05:23:56.823,2.01398,2.01437,1.00,1.00
2016.02.08 05:23:59.191,2.01398,2.01439,1.50,1.00
2016.02.08 05:23:59.242,2.01401,2.01441,1.00,1.00
2016.02.08 05:23:59.657,2.01399,2.01441,1.00,1.00
2016.02.08 05:24:00.290,2.014,2.01441,1.00,1.00
2016.02.08 05:24:00.806,2.014,2.0144,1.00,1.00
2016.02.08 05:24:02.296,2.014,2.01441,1.00,1.50
2016.02.08 05:24:02.647,2.014,2.01436,1.00,1.00
2016.02.08 05:24:02.956,2.014,2.01439,1.00,1.00
2016.02.08 05:24:03.613,2.014,2.0144,1.00,1.00
2016.02.08 05:24:08.236,2.014,2.01441,1.00,1.50
2016.02.08 05:24:09.691,2.01402,2.01441,1.00,1.50
2016.02.08 05:24:15.935,2.01402,2.0144,1.00,1.00
2016.02.08 05:24:16.626,2.01403,2.0144,1.00,1.00
2016.02.08 05:24:19.057,2.01403,2.01441,1.00,1.00
2016.02.08 05:24:19.368,2.01403,2.01438,1.00,1.00
2016.02.08 05:24:19.638,2.01401,2.01438,1.00,1.00
2016.02.08 05:24:20.140,2.01401,2.01439,1.00,1.00
2016.02.08 05:24:20.470,2.01401,2.01436,1.00,1.00
2016.02.08 05:24:20.792,2.01401,2.01438,1.00,1.00
2016.02.08 05:24:21.436,2.01401,2.01436,1.00,1.00
2016.02.08 05:24:22.136,2.01401,2.01433,1.00,1.00
2016.02.08 05:24:22.237,2.01398,2.01433,1.00,1.00
2016.02.08 05:24:22.447,2.01398,2.01435,1.00,1.00
2016.02.08 05:24:23.526,2.01398,2.01436,1.00,1.00
2016.02.08 05:24:35.209,2.01397,2.01436,1.00,1.00
2016.02.08 05:24:41.345,2.01397,2.01434,1.00,1.00
2016.02.08 05:24:41.880,2.01398,2.01434,1.00,1.00
2016.02.08 05:24:42.265,2.01394,2.01434,1.50,1.00
2016.02.08 05:24:42.471,2.01394,2.01432,1.50,1.00
2016.02.08 05:24:44.451,2.01395,2.01432,1.00,1.00
2016.02.08 05:24:52.261,2.01397,2.01432,1.00,1.00
2016.02.08 05:24:58.399,2.01397,2.01434,1.00,1.00
2016.02.08 05:24:58.904,2.01397,2.01433,1.00,1.00
2016.02.08 05:24:59.854,2.01397,2.01434,1.00,1.00
2016.02.08 05:25:00.627,2.01397,2.01433,1.00,1.00
2016.02.08 05:25:02.226,2.01395,2.01433,1.00,1.00
2016.02.08 05:25:03.015,2.01396,2.01433,1.00,1.00
2016.02.08 05:25:06.006,2.01395,2.01433,1.00,1.00
2016.02.08 05:25:08.742,2.01396,2.01433,1.00,1.00
2016.02.08 05:25:09.276,2.01395,2.01433,1.00,1.00
2016.02.08 05:25:12.198,2.01394,2.01433,1.00,1.00
2016.02.08 05:25:12.848,2.01394,2.01434,1.00,1.00
2016.02.08 05:25:13.026,2.01394,2.01436,1.00,1.00
2016.02.08 05:25:13.177,2.01394,2.01433,1.00,1.00
2016.02.08 05:25:14.456,2.01394,2.01432,1.00,1.00
2016.02.08 05:25:14.758,2.01394,2.0143,1.00,1.00
2016.02.08 05:25:15.074,2.01394,2.01428,1.00,1.00
2016.02.08 05:25:15.376,2.01394,2.0143,1.00,1.00
2016.02.08 05:25:19.117,2.01392,2.0143,1.00,1.00
2016.02.08 05:25:19.659,2.01392,2.01427,1.00,1.00
2016.02.08 05:25:19.846,2.01392,2.01429,1.00,1.00
2016.02.08 05:25:22.162,2.01393,2.01429,1.00,1.00
2016.02.08 05:25:22.263,2.0139,2.01429,1.00,1.00
2016.02.08 05:25:26.668,2.0139,2.01426,1.00,1.00
2016.02.08 05:25:27.618,2.0139,2.01427,1.00,1.00
2016.02.08 05:25:30.223,2.0139,2.01429,1.50,1.00
2016.02.08 05:25:32.276,2.01391,2.01429,1.00,1.00
2016.02.08 05:25:34.407,2.01391,2.0143,1.00,1.00
2016.02.08 05:25:34.909,2.01392,2.01429,1.00,1.00
2016.02.08 05:25:35.772,2.01391,2.01429,1.00,1.00
2016.02.08 05:25:36.573,2.01391,2.01427,1.00,1.00
2016.02.08 05:25:37.979,2.01392,2.01427,1.00,1.00
2016.02.08 05:25:41.295,2.01392,2.01428,1.00,1.00
2016.02.08 05:25:41.863,2.01391,2.01427,1.00,1.00
2016.02.08 05:25:42.410,2.0139,2.01427,1.50,1.00
2016.02.08 05:25:43.055,2.0139,2.01425,1.50,1.00
2016.02.08 05:25:43.715,2.0139,2.01428,1.50,1.00
2016.02.08 05:25:49.765,2.0139,2.01429,1.50,1.00
2016.02.08 05:25:50.276,2.0139,2.0143,1.50,1.00
2016.02.08 05:25:55.738,2.0139,2.01431,1.00,1.50
2016.02.08 05:26:01.440,2.01394,2.01435,1.00,1.00
2016.02.08 05:26:01.768,2.01391,2.01432,1.00,1.00
2016.02.08 05:26:12.229,2.01393,2.01432,1.00,1.00
2016.02.08 05:26:22.244,2.01394,2.01432,1.00,1.00
2016.02.08 05:26:31.670,2.01393,2.01432,1.00,1.00
2016.02.08 05:26:32.262,2.01391,2.01432,1.50,1.00
2016.02.08 05:26:34.974,2.01395,2.01432,1.00,1.00
2016.02.08 05:26:35.332,2.01393,2.01432,1.00,1.00
2016.02.08 05:26:35.719,2.01397,2.01437,1.00,1.00
2016.02.08 05:26:35.770,2.01397,2.01435,1.00,1.00
2016.02.08 05:26:38.714,2.01397,2.01436,1.00,1.00
2016.02.08 05:26:47.055,2.01393,2.01436,1.50,1.50
2016.02.08 05:26:47.105,2.01393,2.01429,1.00,1.00
2016.02.08 05:26:47.156,2.0139,2.01429,1.00,1.00
2016.02.08 05:26:47.278,2.01387,2.01429,1.50,1.00
2016.02.08 05:26:47.329,2.01387,2.01426,1.50,1.00
2016.02.08 05:26:47.631,2.01387,2.01422,1.00,1.00
2016.02.08 05:26:47.933,2.01383,2.01422,1.00,1.00
2016.02.08 05:26:48.435,2.01383,2.01421,1.00,1.00
2016.02.08 05:26:48.938,2.01383,2.0142,1.00,1.00
2016.02.08 05:26:50.190,2.01383,2.01419,1.00,1.00
2016.02.08 05:26:50.392,2.01383,2.01417,1.00,1.00
2016.02.08 05:26:50.961,2.01383,2.01418,1.00,1.00
2016.02.08 05:26:51.503,2.01383,2.01419,1.00,1.00
2016.02.08 05:26:52.134,2.01383,2.01418,1.00,1.00
2016.02.08 05:26:52.905,2.01383,2.01419,1.00,1.00
2016.02.08 05:26:53.445,2.01383,2.01418,1.00,1.00
2016.02.08 05:26:56.644,2.01383,2.01417,1.00,1.00
2016.02.08 05:26:57.101,2.01383,2.01419,1.00,1.00
2016.02.08 05:26:57.671,2.01383,2.01418,1.00,1.00
2016.02.08 05:26:58.404,2.01383,2.01417,1.00,1.00
2016.02.08 05:27:01.771,2.01381,2.01417,1.00,1.00
2016.02.08 05:27:01.963,2.01381,2.01415,1.00,1.00
2016.02.08 05:27:04.893,2.01381,2.01414,1.00,1.00
2016.02.08 05:27:05.964,2.01381,2.01415,1.00,1.00
2016.02.08 05:27:06.015,2.01381,2.01417,1.00,1.00
2016.02.08 05:27:06.547,2.01381,2.01416,1.00,1.00
2016.02.08 05:27:08.657,2.01381,2.01418,1.00,1.00
2016.02.08 05:27:09.013,2.01381,2.01416,1.00,1.00
2016.02.08 05:27:09.403,2.01381,2.01418,1.00,1.00
2016.02.08 05:27:09.655,2.01381,2.01416,1.00,1.00
2016.02.08 05:27:10.209,2.01381,2.01418,1.00,1.00
2016.02.08 05:27:13.603,2.01381,2.01417,1.00,1.00
2016.02.08 05:27:16.143,2.01381,2.01419,1.00,1.00
2016.02.08 05:27:17.194,2.01384,2.01425,1.00,1.00
2016.02.08 05:27:17.743,2.01384,2.01424,1.00,1.00
2016.02.08 05:27:18.283,2.01384,2.01425,1.00,1.00
2016.02.08 05:27:22.103,2.01384,2.01424,1.00,1.00
2016.02.08 05:27:24.173,2.01384,2.01421,1.00,1.00
2016.02.08 05:27:24.611,2.01384,2.01418,1.00,1.00
2016.02.08 05:27:25.396,2.01384,2.01421,1.00,1.00
2016.02.08 05:27:25.715,2.01384,2.01418,1.00,1.00
2016.02.08 05:27:29.863,2.01384,2.01419,1.00,1.00
2016.02.08 05:27:31.843,2.01384,2.01416,1.00,1.00
2016.02.08 05:27:33.428,2.0138,2.01416,1.00,1.00
2016.02.08 05:27:33.642,2.0138,2.01418,1.00,1.00
2016.02.08 05:27:33.969,2.0138,2.01421,1.00,1.50
2016.02.08 05:27:37.492,2.0138,2.01418,1.00,1.00
2016.02.08 05:27:37.794,2.0138,2.01409,1.00,1.00
2016.02.08 05:27:37.894,2.01373,2.01409,1.00,1.00
2016.02.08 05:27:38.112,2.01373,2.01411,1.00,1.00
2016.02.08 05:27:38.264,2.01373,2.01414,1.50,1.00
2016.02.08 05:27:38.466,2.01373,2.01416,1.50,1.00
2016.02.08 05:27:38.667,2.01375,2.01416,1.00,1.00
2016.02.08 05:27:38.914,2.01373,2.01416,1.50,1.00
2016.02.08 05:27:39.015,2.01373,2.0141,1.50,1.00
2016.02.08 05:27:39.217,2.01372,2.01412,1.00,1.00
2016.02.08 05:27:39.369,2.01372,2.01409,1.00,1.00
2016.02.08 05:27:40.029,2.01372,2.0141,1.00,1.00
2016.02.08 05:27:40.897,2.01372,2.01408,1.00,1.00
2016.02.08 05:27:41.082,2.01372,2.0141,1.00,1.00
2016.02.08 05:27:41.322,2.01372,2.01407,1.00,1.00
2016.02.08 05:27:41.838,2.01373,2.01407,1.00,1.00
2016.02.08 05:27:49.228,2.01372,2.01407,1.00,1.00
2016.02.08 05:27:51.353,2.01372,2.01406,1.00,1.00
2016.02.08 05:27:51.687,2.01373,2.01404,1.00,1.00
2016.02.08 05:27:52.191,2.01372,2.01404,1.00,1.00
2016.02.08 05:27:52.692,2.01372,2.01405,1.00,1.00
2016.02.08 05:27:53.445,2.01369,2.01405,1.00,1.00
2016.02.08 05:27:54.612,2.01369,2.01406,1.00,1.00
2016.02.08 05:27:58.160,2.0137,2.01405,1.00,1.00
2016.02.08 05:27:58.679,2.01369,2.01405,1.00,1.00
2016.02.08 05:27:58.813,2.0137,2.01407,1.00,1.50
2016.02.08 05:27:58.914,2.0137,2.01404,1.00,1.00
2016.02.08 05:27:59.122,2.0137,2.01407,1.00,1.50
2016.02.08 05:27:59.866,2.01369,2.01407,1.00,1.50
2016.02.08 05:28:00.368,2.0137,2.01407,1.00,1.50
2016.02.08 05:28:00.469,2.01369,2.01404,1.00,1.00
2016.02.08 05:28:00.552,2.01369,2.01407,1.00,1.50
2016.02.08 05:28:00.924,2.01369,2.01404,1.00,1.00
2016.02.08 05:28:01.115,2.01369,2.01407,1.00,1.50
2016.02.08 05:28:03.433,2.0137,2.01407,1.00,1.00
2016.02.08 05:28:13.461,2.01371,2.01407,1.00,1.00
2016.02.08 05:28:24.385,2.01372,2.01407,1.00,1.00
2016.02.08 05:28:24.898,2.01371,2.01407,1.00,1.00
2016.02.08 05:28:26.604,2.01366,2.01407,1.50,1.50
2016.02.08 05:28:26.654,2.01366,2.01404,1.50,1.00
2016.02.08 05:28:28.393,2.01366,2.01406,1.50,1.00
2016.02.08 05:28:28.897,2.01367,2.01407,1.00,1.00
2016.02.08 05:28:29.912,2.01366,2.01407,1.50,1.00
2016.02.08 05:28:31.849,2.01367,2.01407,1.00,1.00
2016.02.08 05:28:32.051,2.01367,2.01404,1.00,1.00
2016.02.08 05:28:32.253,2.01362,2.01402,1.00,1.00
2016.02.08 05:28:32.781,2.01362,2.01401,1.00,1.00
2016.02.08 05:28:33.331,2.01362,2.01402,1.00,1.00
2016.02.08 05:28:34.144,2.01362,2.01404,1.00,1.00
2016.02.08 05:28:37.403,2.01362,2.01405,1.00,1.00
2016.02.08 05:28:38.206,2.01363,2.01405,1.00,1.00
2016.02.08 05:28:38.710,2.01362,2.01405,1.50,1.00
2016.02.08 05:28:39.514,2.01364,2.01405,1.00,1.00
2016.02.08 05:28:40.054,2.01363,2.01405,1.00,1.00
2016.02.08 05:28:42.390,2.01366,2.01405,1.00,1.00
2016.02.08 05:28:42.703,2.01369,2.01405,1.00,1.00
2016.02.08 05:28:43.231,2.0137,2.01406,1.00,1.00
2016.02.08 05:28:43.461,2.0137,2.01408,1.00,1.00
2016.02.08 05:28:43.671,2.0137,2.0141,1.00,1.00
2016.02.08 05:28:43.822,2.01374,2.0141,1.00,1.00
2016.02.08 05:28:44.934,2.01374,2.01411,1.00,1.00
2016.02.08 05:28:45.756,2.01375,2.01411,1.00,1.00
2016.02.08 05:28:50.644,2.01375,2.0141,1.00,1.00
2016.02.08 05:28:53.348,2.01375,2.01413,1.00,1.50
2016.02.08 05:28:57.541,2.01374,2.01413,1.00,1.50
2016.02.08 05:28:58.673,2.01372,2.01413,1.00,1.50
2016.02.08 05:29:00.427,2.01372,2.0141,1.00,1.00
2016.02.08 05:29:00.528,2.01372,2.01413,1.00,1.50
2016.02.08 05:29:01.812,2.0137,2.0141,1.00,1.00
2016.02.08 05:29:02.452,2.01369,2.0141,1.00,1.00
2016.02.08 05:29:03.371,2.01367,2.0141,1.00,1.00
2016.02.08 05:29:05.231,2.01367,2.01409,1.00,1.00
2016.02.08 05:29:06.551,2.01367,2.01408,1.00,1.00
2016.02.08 05:29:06.807,2.01367,2.0141,1.00,1.50
2016.02.08 05:29:07.005,2.01367,2.01408,1.00,1.00
2016.02.08 05:29:07.757,2.01367,2.01409,1.00,1.00
2016.02.08 05:29:08.262,2.01367,2.0141,1.00,1.50
2016.02.08 05:29:13.415,2.01367,2.01408,1.50,1.00
2016.02.08 05:29:18.124,2.01367,2.01406,1.00,1.00
2016.02.08 05:29:18.653,2.01367,2.01407,1.00,1.50
2016.02.08 05:29:21.401,2.01367,2.01405,1.00,1.00
2016.02.08 05:29:21.661,2.01367,2.01407,1.00,1.50
2016.02.08 05:29:22.080,2.01367,2.01404,1.00,1.00
2016.02.08 05:29:22.631,2.01367,2.01407,1.00,1.50
2016.02.08 05:29:23.423,2.01364,2.01407,1.00,2.25
2016.02.08 05:29:23.600,2.01364,2.01405,1.00,1.00
2016.02.08 05:29:23.968,2.01364,2.01407,1.00,2.25
2016.02.08 05:29:24.521,2.01364,2.01405,1.00,1.00
2016.02.08 05:29:27.011,2.01364,2.01403,1.00,1.00
2016.02.08 05:29:27.379,2.01364,2.01405,1.00,1.00
2016.02.08 05:29:29.135,2.01364,2.01406,1.00,1.00
2016.02.08 05:29:31.003,2.01364,2.01404,1.00,1.00
2016.02.08 05:29:31.104,2.01364,2.01407,1.00,2.25
2016.02.08 05:29:43.359,2.01365,2.01407,1.00,1.50
2016.02.08 05:29:47.073,2.01366,2.01407,1.00,1.50
2016.02.08 05:29:47.661,2.01367,2.01407,1.00,1.50
2016.02.08 05:29:53.381,2.01368,2.01407,1.00,1.00
2016.02.08 05:30:03.419,2.01364,2.01407,1.00,1.00
2016.02.08 05:30:05.190,2.01364,2.01405,1.00,1.00
2016.02.08 05:30:05.493,2.01363,2.01402,1.00,1.00
2016.02.08 05:30:05.807,2.01363,2.01396,1.00,1.00
2016.02.08 05:30:06.140,2.01363,2.01393,1.00,1.00
2016.02.08 05:30:12.480,2.01364,2.01393,1.00,1.00
2016.02.08 05:30:12.983,2.01363,2.01393,1.00,1.00
2016.02.08 05:30:13.438,2.01358,2.01393,1.00,1.50
2016.02.08 05:30:16.750,2.01359,2.01396,1.00,1.00
2016.02.08 05:30:17.252,2.01358,2.01396,1.00,1.00
2016.02.08 05:30:17.801,2.01358,2.01395,1.00,1.00
2016.02.08 05:30:18.322,2.01358,2.01396,1.00,1.50
2016.02.08 05:30:21.708,2.0136,2.014,1.00,1.00
2016.02.08 05:30:22.061,2.01363,2.01403,1.00,1.00
2016.02.08 05:30:22.575,2.01364,2.01403,1.00,1.00
2016.02.08 05:30:23.992,2.01365,2.01403,1.00,1.00
2016.02.08 05:30:27.567,2.0137,2.01403,1.00,1.00
2016.02.08 05:30:37.533,2.01373,2.01403,1.00,1.00
2016.02.08 05:30:47.533,2.01371,2.01403,1.00,1.00
2016.02.08 05:30:57.521,2.0137,2.01403,1.00,1.00
2016.02.08 05:31:06.902,2.01369,2.01403,1.50,1.00
2016.02.08 05:31:07.771,2.01366,2.01403,1.00,1.00
2016.02.08 05:31:08.292,2.01365,2.01403,1.00,1.00
2016.02.08 05:31:11.106,2.01365,2.01408,1.50,1.00
2016.02.08 05:31:16.790,2.01368,2.01411,1.00,1.50
2016.02.08 05:31:17.092,2.0137,2.01411,1.00,1.50
2016.02.08 05:31:17.243,2.01368,2.01411,1.00,1.50
2016.02.08 05:31:17.672,2.0137,2.01411,1.00,1.00
2016.02.08 05:31:18.598,2.01369,2.01411,1.00,1.00
2016.02.08 05:31:19.451,2.01368,2.01411,1.50,1.00
2016.02.08 05:31:19.756,2.01368,2.01409,1.50,1.00
2016.02.08 05:31:20.304,2.01367,2.01408,1.00,1.50
2016.02.08 05:31:21.209,2.01368,2.01408,1.00,1.00
2016.02.08 05:31:24.029,2.01367,2.01408,1.00,1.00
2016.02.08 05:31:24.130,2.01365,2.01408,1.00,1.00
2016.02.08 05:31:24.848,2.01365,2.01406,1.00,1.00
2016.02.08 05:31:25.200,2.01365,2.01408,1.00,1.00
2016.02.08 05:31:25.843,2.01366,2.01408,1.00,1.00
2016.02.08 05:31:26.346,2.01367,2.01408,1.00,1.00
2016.02.08 05:31:27.721,2.01366,2.01408,1.00,1.00
2016.02.08 05:31:28.383,2.01367,2.01408,1.00,1.00
2016.02.08 05:31:29.006,2.0137,2.01408,1.00,1.00
2016.02.08 05:31:29.107,2.0137,2.01412,1.00,1.50
2016.02.08 05:31:29.359,2.01373,2.01412,1.00,1.50
2016.02.08 05:31:37.693,2.01372,2.01412,1.00,1.50
2016.02.08 05:31:43.731,2.01373,2.01412,1.00,1.00
2016.02.08 05:32:03.708,2.01375,2.01412,1.00,1.00
2016.02.08 05:32:10.155,2.01375,2.0141,1.00,1.00
2016.02.08 05:32:10.256,2.01375,2.01412,1.00,1.00
2016.02.08 05:32:10.307,2.01369,2.01412,1.50,1.00
2016.02.08 05:32:10.963,2.01372,2.01412,1.00,1.00
2016.02.08 05:32:11.266,2.01369,2.01412,1.50,1.00
2016.02.08 05:32:14.552,2.01369,2.01409,1.00,1.00
2016.02.08 05:32:14.653,2.01369,2.01411,1.00,1.00
2016.02.08 05:32:15.152,2.01366,2.01408,1.00,1.00
2016.02.08 05:32:17.529,2.01368,2.01408,1.00,1.00
2016.02.08 05:32:17.636,2.01369,2.01411,1.00,1.00
2016.02.08 05:32:17.991,2.01371,2.01411,1.00,1.00
2016.02.08 05:32:19.508,2.0137,2.01411,1.00,1.00
2016.02.08 05:32:21.249,2.01374,2.01411,1.00,1.00
2016.02.08 05:32:25.099,2.01372,2.01411,1.00,1.00
2016.02.08 05:32:25.430,2.0137,2.01411,1.00,1.00
2016.02.08 05:32:33.580,2.01369,2.01411,1.50,1.00
2016.02.08 05:32:36.435,2.0137,2.01411,1.00,1.00
2016.02.08 05:32:37.418,2.01369,2.01411,1.50,1.00
2016.02.08 05:32:38.643,2.01373,2.01411,1.00,1.00
2016.02.08 05:32:38.945,2.01376,2.01411,1.00,1.00
2016.02.08 05:32:38.995,2.01373,2.01411,1.00,1.00
2016.02.08 05:32:39.189,2.01375,2.01411,1.00,1.00
2016.02.08 05:32:39.496,2.01375,2.01415,1.00,1.00
2016.02.08 05:32:39.556,2.01373,2.01415,1.00,1.00
2016.02.08 05:32:39.990,2.01375,2.01415,1.00,1.00
2016.02.08 05:32:40.400,2.01377,2.01415,1.00,1.00
2016.02.08 05:32:40.639,2.01373,2.01415,1.00,1.00
2016.02.08 05:32:41.378,2.01372,2.01415,2.25,1.00
2016.02.08 05:33:01.422,2.01372,2.01414,1.50,1.00
2016.02.08 05:33:02.724,2.01372,2.01415,1.50,1.00
2016.02.08 05:33:03.078,2.01374,2.01415,1.00,1.00
2016.02.08 05:33:03.583,2.01373,2.01415,1.00,1.00
2016.02.08 05:33:06.030,2.01372,2.01415,1.50,1.00
2016.02.08 05:33:09.035,2.01372,2.01413,1.00,1.00
2016.02.08 05:33:10.198,2.01372,2.01411,1.00,1.00
2016.02.08 05:33:10.558,2.01372,2.01414,1.00,1.00
2016.02.08 05:33:13.718,2.01372,2.01415,1.00,2.25
2016.02.08 05:33:16.278,2.01372,2.01414,1.00,1.00
2016.02.08 05:33:17.237,2.01372,2.01413,1.00,1.00
2016.02.08 05:33:17.787,2.01372,2.01415,1.00,2.25
2016.02.08 05:33:18.291,2.01372,2.01414,1.00,1.00
2016.02.08 05:33:18.907,2.01372,2.0141,1.00,1.00
2016.02.08 05:33:23.758,2.01368,2.0141,1.00,1.00
2016.02.08 05:33:24.429,2.01368,2.01409,1.00,1.00
2016.02.08 05:33:24.962,2.01368,2.01408,1.00,1.00
2016.02.08 05:33:25.063,2.01368,2.0141,1.00,1.00
2016.02.08 05:33:25.215,2.01365,2.01408,1.00,1.00
2016.02.08 05:33:28.913,2.01365,2.01406,1.00,1.00
2016.02.08 05:33:38.930,2.01365,2.01407,1.00,1.00
2016.02.08 05:33:43.133,2.01368,2.01407,1.00,1.00
2016.02.08 05:33:43.184,2.01368,2.01411,1.00,1.50
2016.02.08 05:33:43.987,2.01371,2.01411,1.00,1.00
2016.02.08 05:33:44.088,2.01368,2.01411,2.25,1.00
2016.02.08 05:33:44.455,2.0137,2.01411,1.00,1.00
2016.02.08 05:33:45.107,2.01371,2.01411,1.00,1.00
2016.02.08 05:33:47.817,2.0137,2.01411,1.00,1.00
2016.02.08 05:33:48.347,2.01369,2.01411,1.00,1.00
2016.02.08 05:33:48.855,2.01368,2.01411,1.00,1.00
2016.02.08 05:33:49.178,2.01368,2.01408,1.00,1.00
2016.02.08 05:33:49.547,2.01368,2.01405,1.00,1.00
2016.02.08 05:33:50.101,2.01366,2.01405,1.00,1.00
2016.02.08 05:33:50.530,2.01361,2.01403,1.00,1.00
2016.02.08 05:33:50.647,2.0136,2.01401,1.50,1.00
2016.02.08 05:33:50.953,2.01354,2.01396,1.00,1.00
2016.02.08 05:33:51.484,2.01353,2.01396,1.50,1.00
2016.02.08 05:33:51.535,2.01353,2.01394,1.50,1.00
2016.02.08 05:33:54.395,2.01353,2.01393,1.00,1.00
2016.02.08 05:33:54.496,2.01349,2.01392,1.00,1.00
2016.02.08 05:33:55.048,2.01349,2.01391,1.00,1.00
2016.02.08 05:33:58.188,2.01346,2.01387,1.50,1.00
2016.02.08 05:33:58.941,2.01347,2.01387,1.00,1.00
2016.02.08 05:34:01.017,2.01349,2.01387,1.00,1.00
2016.02.08 05:34:01.646,2.0135,2.01387,1.00,1.00
2016.02.08 05:34:01.976,2.01348,2.01387,1.00,1.00
2016.02.08 05:34:02.636,2.01351,2.01387,1.00,1.00
2016.02.08 05:34:02.966,2.01348,2.01387,1.00,1.00
2016.02.08 05:34:04.449,2.01347,2.01387,1.00,1.00
2016.02.08 05:34:04.955,2.01346,2.01387,1.50,1.00
2016.02.08 05:34:05.492,2.01346,2.01386,1.00,1.00
2016.02.08 05:34:06.136,2.01346,2.01385,1.50,1.00
2016.02.08 05:34:06.597,2.01346,2.01387,1.00,1.50
2016.02.08 05:34:09.616,2.01346,2.01386,1.00,1.00
2016.02.08 05:34:11.239,2.01345,2.01384,1.00,1.00
2016.02.08 05:34:11.391,2.01348,2.01389,1.00,1.00
2016.02.08 05:34:12.646,2.01347,2.01389,1.00,1.00
2016.02.08 05:34:14.880,2.01348,2.01389,1.00,1.00
2016.02.08 05:34:18.366,2.01352,2.01389,1.00,1.00
2016.02.08 05:34:18.650,2.01352,2.01394,1.00,1.00
2016.02.08 05:34:19.152,2.01351,2.01394,1.00,1.50
2016.02.08 05:34:25.963,2.01354,2.01397,1.00,1.00
2016.02.08 05:34:26.316,2.01354,2.01395,1.00,1.00
2016.02.08 05:34:27.983,2.01352,2.01393,1.00,1.00
2016.02.08 05:34:41.450,2.01354,2.01395,1.00,1.00
2016.02.08 05:34:41.902,2.01357,2.01396,1.00,1.00
2016.02.08 05:34:42.217,2.01352,2.01391,1.00,1.00
2016.02.08 05:34:43.558,2.01352,2.01393,1.00,1.00
2016.02.08 05:34:43.709,2.01354,2.01393,1.00,1.00
2016.02.08 05:34:43.911,2.01352,2.01393,1.50,1.00
2016.02.08 05:34:44.189,2.01356,2.01396,1.00,1.00
2016.02.08 05:34:45.753,2.01356,2.01398,1.00,1.00
2016.02.08 05:34:46.274,2.01356,2.01399,1.00,1.50
2016.02.08 05:34:46.425,2.01356,2.01397,1.00,1.00
2016.02.08 05:34:46.738,2.01356,2.01394,1.00,1.00
2016.02.08 05:34:46.939,2.01352,2.01394,1.00,1.00
2016.02.08 05:34:47.300,2.01352,2.0139,1.00,1.00
2016.02.08 05:34:47.892,2.01352,2.01392,1.00,1.00
2016.02.08 05:34:48.442,2.01352,2.01393,1.00,1.00
2016.02.08 05:34:48.534,2.0135,2.01391,1.00,1.00
2016.02.08 05:34:51.002,2.01348,2.01391,1.00,1.50
2016.02.08 05:34:57.966,2.0135,2.01391,1.00,1.50
2016.02.08 05:34:58.117,2.01348,2.0139,1.00,1.00
2016.02.08 05:35:00.299,2.01349,2.0139,1.00,1.00
2016.02.08 05:35:00.652,2.01353,2.0139,1.00,1.00
2016.02.08 05:35:00.753,2.0135,2.0139,1.00,1.00
2016.02.08 05:35:01.260,2.0135,2.01391,1.00,1.00
2016.02.08 05:35:01.311,2.01354,2.01391,1.00,1.00
2016.02.08 05:35:01.414,2.0135,2.01391,1.00,1.00
2016.02.08 05:35:01.645,2.01354,2.01391,1.00,1.00
2016.02.08 05:35:01.818,2.01351,2.01391,1.00,1.00
2016.02.08 05:35:02.170,2.01349,2.01391,1.00,1.00
2016.02.08 05:35:02.680,2.01348,2.01391,1.50,1.00
2016.02.08 05:35:02.927,2.01354,2.01391,1.00,1.00
2016.02.08 05:35:03.382,2.01352,2.01391,1.00,1.00
2016.02.08 05:35:04.232,2.01353,2.01391,1.00,1.00
2016.02.08 05:35:09.187,2.01352,2.01391,1.00,1.00
2016.02.08 05:35:09.629,2.01356,2.01391,1.00,1.00
2016.02.08 05:35:09.780,2.01353,2.01391,1.00,1.00
2016.02.08 05:35:12.708,2.01352,2.01391,1.00,1.00
2016.02.08 05:35:14.358,2.01355,2.01391,1.00,1.00
2016.02.08 05:35:24.358,2.01355,2.01395,1.00,1.00
2016.02.08 05:35:24.860,2.01356,2.01395,1.00,1.00
2016.02.08 05:35:29.867,2.01357,2.01395,1.00,1.00
2016.02.08 05:35:37.436,2.01356,2.01395,1.50,1.00
2016.02.08 05:35:39.876,2.01359,2.01395,1.00,1.00
2016.02.08 05:35:49.870,2.0136,2.01395,1.00,1.00
2016.02.08 05:36:01.803,2.0136,2.01398,1.00,1.00
2016.02.08 05:36:01.955,2.01361,2.01402,1.00,1.00
2016.02.08 05:36:02.005,2.01364,2.01402,1.00,1.00
2016.02.08 05:36:02.207,2.01362,2.01402,1.00,1.00
2016.02.08 05:36:02.757,2.01361,2.01402,1.00,1.00
2016.02.08 05:36:03.210,2.01364,2.01402,1.00,1.00
2016.02.08 05:36:03.311,2.01369,2.0141,1.00,1.00
2016.02.08 05:36:03.856,2.01371,2.0141,1.00,1.00
2016.02.08 05:36:04.312,2.01371,2.01412,1.00,1.00
2016.02.08 05:36:04.676,2.01369,2.01412,1.50,1.50
2016.02.08 05:36:07.703,2.01371,2.01412,1.00,1.50
2016.02.08 05:36:17.718,2.01372,2.01412,1.00,2.25
2016.02.08 05:36:23.957,2.01374,2.01412,1.00,1.00
2016.02.08 05:36:33.843,2.01375,2.01412,1.00,1.00
2016.02.08 05:36:37.896,2.01376,2.01412,1.00,1.00
2016.02.08 05:36:43.863,2.01379,2.01412,1.00,1.00
2016.02.08 05:36:45.266,2.0137,2.01412,1.50,1.00
2016.02.08 05:36:49.505,2.01373,2.01412,1.00,1.00
2016.02.08 05:36:55.182,2.01375,2.01412,1.00,1.00
2016.02.08 05:36:56.219,2.0137,2.01412,1.00,1.00
2016.02.08 05:36:56.742,2.01369,2.01412,2.25,1.00
2016.02.08 05:37:01.055,2.0137,2.01412,1.00,1.00
2016.02.08 05:37:02.925,2.01371,2.01412,1.00,1.00
2016.02.08 05:37:03.372,2.01373,2.01412,1.00,1.00
2016.02.08 05:37:03.574,2.01373,2.01415,1.50,1.00
2016.02.08 05:37:04.026,2.01376,2.01415,1.00,1.00
2016.02.08 05:37:04.244,2.01373,2.01415,1.50,1.00
2016.02.08 05:37:06.203,2.01373,2.01416,1.00,1.50
2016.02.08 05:37:07.984,2.01374,2.01416,1.00,1.00
2016.02.08 05:37:09.878,2.01377,2.01416,1.00,1.00
2016.02.08 05:37:10.187,2.0138,2.01418,1.00,1.00
2016.02.08 05:37:10.736,2.01382,2.01418,1.00,1.00
2016.02.08 05:37:12.835,2.0138,2.01418,1.00,1.00
2016.02.08 05:37:18.340,2.0138,2.01421,1.50,1.00
2016.02.08 05:37:18.441,2.01382,2.01421,1.00,1.00
2016.02.08 05:37:18.958,2.01383,2.01421,1.00,1.00
2016.02.08 05:37:23.385,2.01384,2.01421,1.00,1.00
2016.02.08 05:37:26.733,2.01384,2.01426,1.00,1.00
2016.02.08 05:37:29.785,2.01383,2.01426,1.50,1.00
2016.02.08 05:37:31.750,2.01385,2.01426,1.00,1.00
2016.02.08 05:37:32.266,2.01384,2.01426,1.00,1.00
2016.02.08 05:37:33.956,2.01383,2.01426,2.25,1.00
2016.02.08 05:37:35.162,2.01384,2.01426,1.00,1.00
2016.02.08 05:37:38.454,2.01386,2.01426,1.00,1.00
2016.02.08 05:37:42.675,2.01387,2.01426,1.00,1.00
2016.02.08 05:37:43.843,2.01386,2.01426,1.00,1.00
2016.02.08 05:37:49.014,2.01383,2.01426,1.50,1.00
2016.02.08 05:37:49.992,2.01384,2.01426,1.00,1.00
2016.02.08 05:37:55.833,2.01385,2.01426,1.00,1.00
2016.02.08 05:37:56.363,2.01384,2.01426,1.00,1.12
2016.02.08 05:38:00.003,2.01383,2.01426,1.00,1.12
2016.02.08 05:38:06.311,2.01384,2.01426,1.00,1.00
2016.02.08 05:38:07.604,2.01383,2.01426,1.50,1.00
2016.02.08 05:38:08.716,2.01384,2.01426,1.00,1.00
2016.02.08 05:38:09.711,2.01385,2.01426,1.00,1.00
2016.02.08 05:38:09.813,2.01383,2.01426,1.50,1.00
2016.02.08 05:38:12.678,2.01385,2.01426,1.00,1.00
2016.02.08 05:38:13.791,2.01384,2.01426,1.00,1.00
2016.02.08 05:38:14.293,2.01383,2.01426,2.25,1.00
2016.02.08 05:38:20.069,2.01386,2.01426,1.00,1.00
2016.02.08 05:38:20.662,2.01387,2.01426,1.00,1.00
2016.02.08 05:38:24.206,2.01389,2.01426,1.00,1.00
2016.02.08 05:38:24.562,2.01391,2.01426,1.00,1.00
2016.02.08 05:38:26.790,2.01391,2.01436,1.00,1.00
2016.02.08 05:38:27.004,2.01389,2.01436,1.00,1.50
2016.02.08 05:38:27.461,2.01389,2.01429,1.00,1.00
2016.02.08 05:38:28.005,2.01388,2.01429,1.00,1.00
2016.02.08 05:38:30.573,2.01391,2.01429,1.00,1.00
2016.02.08 05:38:30.724,2.01391,2.01432,1.50,1.00
2016.02.08 05:38:30.924,2.01393,2.01432,1.00,1.00
2016.02.08 05:38:34.223,2.01394,2.01432,1.00,1.00
2016.02.08 05:38:39.389,2.01394,2.01435,2.25,1.00
2016.02.08 05:38:39.917,2.01395,2.01435,1.00,1.00
2016.02.08 05:38:44.230,2.01397,2.01435,1.50,1.00
2016.02.08 05:38:45.542,2.01398,2.01435,1.00,1.00
2016.02.08 05:38:52.833,2.01397,2.01435,1.00,1.00
2016.02.08 05:38:54.264,2.01396,2.01435,1.00,1.00
2016.02.08 05:38:59.053,2.01394,2.01435,2.25,1.00
2016.02.08 05:39:14.714,2.01395,2.01435,1.00,1.00
2016.02.08 05:39:15.298,2.01394,2.01435,1.00,1.00
2016.02.08 05:39:25.503,2.01393,2.01433,1.00,1.00
2016.02.08 05:39:26.040,2.01393,2.01432,1.00,1.00
2016.02.08 05:39:33.598,2.01394,2.01433,1.00,1.00
2016.02.08 05:39:34.218,2.01391,2.01433,1.00,1.00
2016.02.08 05:39:35.822,2.01392,2.01433,1.00,1.00
2016.02.08 05:39:38.461,2.01391,2.01433,1.00,1.00
2016.02.08 05:39:41.983,2.01393,2.01433,1.00,1.00
2016.02.08 05:39:42.301,2.01395,2.01433,1.00,1.00
2016.02.08 05:39:42.602,2.01398,2.01433,1.00,1.00
2016.02.08 05:39:43.054,2.01395,2.01436,1.00,1.00
2016.02.08 05:39:43.256,2.01395,2.01433,1.00,1.00
2016.02.08 05:39:43.307,2.01391,2.01433,1.50,1.00
2016.02.08 05:39:43.862,2.01392,2.01433,1.00,1.00
2016.02.08 05:39:44.408,2.01393,2.01433,1.50,1.00
2016.02.08 05:39:51.122,2.01398,2.01433,1.00,1.00
2016.02.08 05:39:51.223,2.01397,2.01437,1.00,1.00
2016.02.08 05:39:51.749,2.01396,2.01437,1.50,1.00
2016.02.08 05:39:54.142,2.01398,2.01437,1.00,1.00
2016.02.08 05:39:58.455,2.01396,2.01437,1.00,1.00
2016.02.08 05:40:06.704,2.01393,2.01434,1.50,1.00
2016.02.08 05:40:08.401,2.01394,2.01434,1.00,1.00
2016.02.08 05:40:09.207,2.01395,2.01434,1.00,1.00
2016.02.08 05:40:09.709,2.01394,2.01434,1.00,1.00
2016.02.08 05:40:11.473,2.01396,2.01434,1.00,1.00
2016.02.08 05:40:12.014,2.01397,2.01434,1.00,1.00
2016.02.08 05:40:19.290,2.01398,2.01434,1.00,1.00
2016.02.08 05:40:19.796,2.01397,2.01434,1.00,1.00
2016.02.08 05:40:21.822,2.01403,2.01434,1.00,1.00
2016.02.08 05:40:21.872,2.01403,2.01438,1.00,1.00
2016.02.08 05:40:23.860,2.01403,2.01442,1.50,1.50
2016.02.08 05:40:23.910,2.01408,2.01442,1.00,1.00
2016.02.08 05:40:24.061,2.01416,2.01454,1.00,1.00
2016.02.08 05:40:24.112,2.0142,2.01454,1.00,1.00
2016.02.08 05:40:24.163,2.0142,2.01456,1.00,1.00
2016.02.08 05:40:24.264,2.01422,2.0146,1.00,1.00
2016.02.08 05:40:24.415,2.01425,2.0146,1.00,1.00
2016.02.08 05:40:24.466,2.01425,2.01463,1.00,1.00
2016.02.08 05:40:24.668,2.01426,2.01466,1.00,1.00
2016.02.08 05:40:24.769,2.01426,2.01469,1.00,1.00
2016.02.08 05:40:24.971,2.01423,2.01469,1.00,1.00
2016.02.08 05:40:25.506,2.01424,2.01469,1.00,1.00
2016.02.08 05:40:25.619,2.01422,2.01469,1.50,1.00
2016.02.08 05:40:31.035,2.01422,2.01467,1.00,1.00
2016.02.08 05:40:31.136,2.01418,2.01464,1.00,1.00
2016.02.08 05:40:31.237,2.01417,2.01462,1.00,1.00
2016.02.08 05:40:36.653,2.01417,2.01464,1.50,1.50
2016.02.08 05:40:39.552,2.01418,2.01464,1.00,1.00
2016.02.08 05:40:39.854,2.01421,2.01464,1.00,1.00
2016.02.08 05:40:39.905,2.01421,2.01468,1.50,1.00
2016.02.08 05:40:40.056,2.01424,2.01468,1.00,1.00
2016.02.08 05:40:40.560,2.01425,2.01468,1.00,1.00
2016.02.08 05:40:41.503,2.01426,2.01468,1.00,1.00
2016.02.08 05:40:41.563,2.01426,2.01471,1.00,1.00
2016.02.08 05:40:42.836,2.01428,2.01475,1.00,1.00
2016.02.08 05:40:43.115,2.01431,2.01475,1.00,1.00
2016.02.08 05:40:43.216,2.01433,2.01478,1.00,1.00
2016.02.08 05:40:43.850,2.01434,2.01478,1.00,1.00
2016.02.08 05:40:45.752,2.01435,2.01478,1.00,1.00
2016.02.08 05:40:46.632,2.01434,2.01478,1.00,1.00
2016.02.08 05:40:51.401,2.01433,2.01478,1.00,1.00
2016.02.08 05:40:51.502,2.01431,2.01478,1.50,1.00
2016.02.08 05:40:51.952,2.01431,2.01476,1.00,1.00
2016.02.08 05:40:52.572,2.01431,2.01477,1.00,1.00
2016.02.08 05:40:54.007,2.01431,2.01475,1.00,1.00
2016.02.08 05:40:55.669,2.01431,2.01476,1.00,1.00
2016.02.08 05:40:57.678,2.01431,2.01477,1.00,1.00
2016.02.08 05:40:59.611,2.01431,2.01478,1.00,2.25
2016.02.08 05:41:00.862,2.01428,2.01475,1.00,1.00
2016.02.08 05:41:01.164,2.01433,2.01478,1.00,1.00
2016.02.08 05:41:03.804,2.01434,2.01478,1.00,1.00
2016.02.08 05:41:12.346,2.01433,2.01478,1.50,1.00
2016.02.08 05:41:12.447,2.01431,2.01478,1.00,1.00
2016.02.08 05:41:12.497,2.01429,2.01473,1.00,1.00
2016.02.08 05:41:13.118,2.01428,2.01473,1.50,1.00
2016.02.08 05:41:17.544,2.01429,2.01473,1.00,1.00
2016.02.08 05:41:18.055,2.01428,2.01473,1.00,1.00
2016.02.08 05:41:18.395,2.01433,2.01473,1.50,1.00
2016.02.08 05:41:19.459,2.01435,2.01473,1.00,1.00
2016.02.08 05:41:20.298,2.01434,2.01473,1.00,1.00
2016.02.08 05:41:24.131,2.01438,2.01473,1.00,1.00
2016.02.08 05:41:26.221,2.01434,2.01473,1.00,1.00
2016.02.08 05:41:28.961,2.01434,2.01478,1.00,1.00
2016.02.08 05:41:32.396,2.01436,2.01478,1.00,1.00
2016.02.08 05:41:32.925,2.01437,2.01478,1.00,1.00
2016.02.08 05:41:33.399,2.0144,2.01478,1.00,1.00
2016.02.08 05:41:35.211,2.0144,2.01481,1.00,1.00
2016.02.08 05:41:35.759,2.0144,2.01482,1.00,1.00
2016.02.08 05:41:36.277,2.01439,2.01482,1.00,1.00
2016.02.08 05:41:40.284,2.01439,2.01483,1.00,1.00
2016.02.08 05:41:40.822,2.01438,2.01482,1.00,1.00
2016.02.08 05:41:41.324,2.01437,2.01483,1.50,1.00
2016.02.08 05:41:42.431,2.01437,2.01482,1.00,1.00
2016.02.08 05:41:46.023,2.01437,2.01483,1.00,1.50
2016.02.08 05:41:46.174,2.01437,2.01481,1.00,1.00
2016.02.08 05:41:46.498,2.01437,2.01483,1.50,1.50
2016.02.08 05:41:46.599,2.01437,2.01481,1.00,1.00
2016.02.08 05:41:46.949,2.01434,2.01479,1.00,1.50
2016.02.08 05:41:47.156,2.01434,2.01474,1.00,1.00
2016.02.08 05:41:47.910,2.01434,2.01473,1.00,1.00
2016.02.08 05:41:49.219,2.0143,2.01473,1.00,1.00
2016.02.08 05:41:55.169,2.0143,2.01477,1.00,1.50
2016.02.08 05:41:55.750,2.01425,2.0147,1.00,1.00
2016.02.08 05:42:02.001,2.01429,2.01474,1.00,1.00
2016.02.08 05:42:08.140,2.0143,2.01474,1.00,1.00
2016.02.08 05:42:09.572,2.01429,2.01474,2.25,1.00
2016.02.08 05:42:12.793,2.0143,2.01474,1.00,1.00
2016.02.08 05:42:12.994,2.01423,2.0147,1.50,1.50
2016.02.08 05:42:13.247,2.0142,2.01465,1.00,1.00
2016.02.08 05:42:13.578,2.01418,2.01465,1.50,1.00
2016.02.08 05:42:13.679,2.01418,2.01463,1.00,1.00
2016.02.08 05:42:14.147,2.01416,2.0146,1.00,1.00
2016.02.08 05:42:17.687,2.01413,2.0146,1.00,1.00
2016.02.08 05:42:20.810,2.01413,2.01458,1.00,1.00
2016.02.08 05:42:21.714,2.01413,2.01459,1.00,1.00
2016.02.08 05:42:22.550,2.01413,2.0146,1.00,1.50
2016.02.08 05:42:23.429,2.01413,2.01459,1.00,1.00
2016.02.08 05:42:23.970,2.01413,2.0146,1.00,1.00
2016.02.08 05:42:32.622,2.01412,2.01457,1.00,1.00
2016.02.08 05:42:38.554,2.0141,2.01457,1.50,1.00
2016.02.08 05:42:41.739,2.01411,2.01457,1.00,1.00
2016.02.08 05:42:49.600,2.0141,2.01457,1.50,1.00
2016.02.08 05:42:50.014,2.01413,2.0146,1.00,1.50
2016.02.08 05:43:02.103,2.01418,2.0146,1.00,1.00
2016.02.08 05:43:02.319,2.0142,2.01464,1.00,1.00
2016.02.08 05:43:02.432,2.01425,2.01468,1.00,1.00
2016.02.08 05:43:03.145,2.01428,2.01468,1.00,1.00
2016.02.08 05:43:03.196,2.01428,2.01472,1.00,1.00
2016.02.08 05:43:03.429,2.0143,2.01472,1.00,1.00
2016.02.08 05:43:03.480,2.0143,2.01474,1.00,1.00
2016.02.08 05:43:04.301,2.01431,2.01474,1.00,1.00
2016.02.08 05:43:04.532,2.01431,2.01478,1.50,1.00
2016.02.08 05:43:04.633,2.01433,2.01478,1.00,1.00
2016.02.08 05:43:06.009,2.01434,2.01478,1.00,1.00
2016.02.08 05:43:06.520,2.01433,2.01478,1.00,1.00
2016.02.08 05:43:07.019,2.01434,2.01481,1.00,1.00
2016.02.08 05:43:09.130,2.01437,2.01481,1.00,1.00
2016.02.08 05:43:09.299,2.01438,2.01485,1.50,1.00
2016.02.08 05:43:09.788,2.01441,2.01485,1.00,1.00
2016.02.08 05:43:10.051,2.01439,2.01485,1.00,1.00
2016.02.08 05:43:10.152,2.01441,2.01485,1.00,1.00
2016.02.08 05:43:10.688,2.0144,2.01485,1.00,1.00
2016.02.08 05:43:10.889,2.01438,2.01485,2.25,1.00
2016.02.08 05:43:11.092,2.01441,2.01486,1.00,1.00
2016.02.08 05:43:11.878,2.01442,2.01486,1.00,1.00
2016.02.08 05:43:12.041,2.01442,2.01488,1.00,1.00
2016.02.08 05:43:12.649,2.01441,2.01488,1.50,1.00
2016.02.08 05:43:12.972,2.01443,2.01488,1.00,1.00
2016.02.08 05:43:13.248,2.01441,2.01488,1.50,1.00
2016.02.08 05:43:13.610,2.01444,2.01488,1.00,1.00
2016.02.08 05:43:13.920,2.01438,2.0148,1.50,1.00
2016.02.08 05:43:14.462,2.01439,2.01479,1.50,1.00
2016.02.08 05:43:14.564,2.0144,2.01483,1.00,1.00
2016.02.08 05:43:14.665,2.01442,2.01483,1.00,1.00
2016.02.08 05:43:14.716,2.01442,2.01489,1.50,1.50
2016.02.08 05:43:15.183,2.01444,2.01489,1.00,1.00
2016.02.08 05:43:16.609,2.01446,2.01489,1.00,1.00
2016.02.08 05:43:16.938,2.01449,2.01492,1.00,1.00
2016.02.08 05:43:17.268,2.01451,2.01492,1.00,1.00
2016.02.08 05:43:17.379,2.01449,2.01492,1.00,1.00
2016.02.08 05:43:17.919,2.01448,2.01492,1.00,1.00
2016.02.08 05:43:18.523,2.01447,2.01492,1.00,1.00
2016.02.08 05:43:19.031,2.01445,2.01492,1.50,1.00
2016.02.08 05:43:19.908,2.01445,2.0149,1.00,1.00
2016.02.08 05:43:20.763,2.01445,2.01491,1.00,1.00
2016.02.08 05:43:21.309,2.01445,2.01492,1.00,1.00
2016.02.08 05:43:22.660,2.01445,2.01489,1.00,1.00
2016.02.08 05:43:23.162,2.01445,2.0149,1.00,1.00
2016.02.08 05:43:24.015,2.01445,2.01488,1.00,1.00
2016.02.08 05:43:27.899,2.01442,2.01488,1.50,1.50
2016.02.08 05:43:29.595,2.01442,2.01487,1.00,1.00
2016.02.08 05:43:30.279,2.01442,2.01485,1.50,1.00
2016.02.08 05:43:30.598,2.01442,2.01487,1.00,1.00
2016.02.08 05:43:30.706,2.01442,2.01484,1.00,1.00
2016.02.08 05:43:30.807,2.01442,2.01487,1.00,1.00
2016.02.08 05:43:30.908,2.01442,2.01484,1.00,1.00
2016.02.08 05:43:31.089,2.01437,2.01484,1.00,2.25
2016.02.08 05:43:32.448,2.01437,2.01483,1.00,1.00
2016.02.08 05:43:33.148,2.01437,2.01484,1.00,1.50
2016.02.08 05:43:37.401,2.01438,2.01484,1.50,1.00
2016.02.08 05:43:37.452,2.01441,2.01488,1.00,1.00
2016.02.08 05:43:37.553,2.01443,2.01488,1.00,1.00
2016.02.08 05:43:38.104,2.01444,2.01488,1.00,1.00
2016.02.08 05:43:38.332,2.01445,2.0149,1.00,1.00
2016.02.08 05:44:02.401,2.01445,2.01486,1.00,1.00
2016.02.08 05:44:02.452,2.01442,2.01485,1.00,1.00
2016.02.08 05:44:02.503,2.01442,2.01481,1.00,1.00
2016.02.08 05:44:02.654,2.01435,2.01478,1.00,1.00
2016.02.08 05:44:02.704,2.01435,2.01471,1.00,1.00
2016.02.08 05:44:02.856,2.01429,2.01471,1.00,1.00
2016.02.08 05:44:05.259,2.01428,2.01471,1.00,1.00
2016.02.08 05:44:05.809,2.01429,2.01471,1.00,1.00
2016.02.08 05:44:06.314,2.01428,2.01471,1.00,1.00
2016.02.08 05:44:07.622,2.01426,2.01471,1.00,1.00
2016.02.08 05:44:13.399,2.01423,2.01469,1.00,1.00
2016.02.08 05:44:17.689,2.01424,2.01469,1.00,1.00
2016.02.08 05:44:18.219,2.01423,2.01465,1.00,1.00
2016.02.08 05:44:18.457,2.01419,2.01465,1.00,1.00
2016.02.08 05:44:19.137,2.01418,2.01465,2.25,1.00
2016.02.08 05:44:19.187,2.01424,2.01465,1.00,1.00
2016.02.08 05:44:19.543,2.01428,2.01465,1.00,1.00
2016.02.08 05:44:19.594,2.01428,2.0147,1.00,1.00
2016.02.08 05:44:24.415,2.01429,2.0147,1.00,1.00
2016.02.08 05:44:25.104,2.01428,2.0147,1.00,1.00
2016.02.08 05:44:25.155,2.01426,2.0147,1.00,1.00
2016.02.08 05:44:26.906,2.01428,2.0147,1.00,1.00
2016.02.08 05:44:30.439,2.01429,2.0147,1.00,1.00
2016.02.08 05:44:32.333,2.0143,2.0147,1.00,1.00
2016.02.08 05:44:32.434,2.01428,2.0147,1.00,1.00
2016.02.08 05:44:54.379,2.01427,2.0147,1.00,1.00
2016.02.08 05:44:57.728,2.01428,2.0147,1.00,1.00
2016.02.08 05:44:58.243,2.01429,2.0147,1.00,1.00
2016.02.08 05:45:00.886,2.01428,2.0147,1.00,1.00
2016.02.08 05:45:01.659,2.01429,2.0147,1.00,1.00
2016.02.08 05:45:02.428,2.01428,2.0147,1.00,1.00
2016.02.08 05:45:02.979,2.0143,2.0147,1.00,1.00
2016.02.08 05:45:03.515,2.01431,2.0147,1.00,1.00
2016.02.08 05:45:03.666,2.01436,2.01477,1.00,1.00
2016.02.08 05:45:05.478,2.01436,2.01478,1.00,1.50
2016.02.08 05:45:07.185,2.01434,2.01478,1.00,1.50
2016.02.08 05:45:07.690,2.01433,2.01478,1.00,1.50
2016.02.08 05:45:08.535,2.01433,2.01477,1.00,1.00
2016.02.08 05:45:09.510,2.01431,2.01477,1.50,1.00
2016.02.08 05:45:18.511,2.01431,2.01475,1.50,1.00
2016.02.08 05:45:21.478,2.01432,2.01475,1.00,1.00
2016.02.08 05:45:24.870,2.01431,2.01475,1.50,1.00
2016.02.08 05:45:25.412,2.0143,2.01475,1.00,1.50
2016.02.08 05:45:26.739,2.01431,2.01475,1.00,1.50
2016.02.08 05:45:28.108,2.01432,2.01475,1.00,1.50
2016.02.08 05:45:35.758,2.01431,2.01475,1.00,1.00
2016.02.08 05:45:36.230,2.01431,2.01471,1.00,1.00
2016.02.08 05:45:36.533,2.01437,2.01476,1.00,1.00
2016.02.08 05:45:36.583,2.01437,2.0148,1.00,1.50
2016.02.08 05:45:36.988,2.01439,2.0148,1.00,1.00
2016.02.08 05:45:38.219,2.01438,2.0148,1.00,1.00
2016.02.08 05:45:38.320,2.01436,2.0148,1.00,1.00
2016.02.08 05:45:38.522,2.01433,2.0148,1.50,1.50
2016.02.08 05:45:43.349,2.01433,2.01476,1.00,1.00
2016.02.08 05:45:43.501,2.01431,2.01476,1.50,1.00
2016.02.08 05:45:45.329,2.01429,2.01474,2.25,1.00
2016.02.08 05:45:45.988,2.0143,2.01474,1.00,1.00
2016.02.08 05:45:52.520,2.01429,2.01474,1.00,1.50
2016.02.08 05:45:52.927,2.01423,2.01468,1.50,1.00
2016.02.08 05:45:53.607,2.01423,2.0147,1.50,1.50
2016.02.08 05:45:54.317,2.01423,2.01467,1.50,1.00
2016.02.08 05:45:54.857,2.01423,2.01468,1.50,1.00
2016.02.08 05:45:55.218,2.01422,2.01466,1.00,1.00
2016.02.08 05:45:55.621,2.01419,2.01465,1.50,1.00
2016.02.08 05:45:56.320,2.01419,2.01464,1.50,1.00
2016.02.08 05:45:59.979,2.01423,2.01464,1.00,1.00
2016.02.08 05:46:00.857,2.01419,2.01464,1.50,1.00
2016.02.08 05:46:01.527,2.01419,2.01465,1.50,1.00
2016.02.08 05:46:05.470,2.01419,2.01464,1.00,1.00
2016.02.08 05:46:12.908,2.01418,2.01462,1.50,1.00
2016.02.08 05:46:16.083,2.01419,2.01462,1.00,1.00
2016.02.08 05:46:17.173,2.01418,2.01462,1.50,1.00
2016.02.08 05:46:20.217,2.01419,2.01462,1.00,1.00
2016.02.08 05:46:22.782,2.01417,2.01462,1.00,1.00
2016.02.08 05:46:23.005,2.01415,2.01461,1.00,1.00
2016.02.08 05:46:23.534,2.01415,2.0146,1.00,1.00
2016.02.08 05:46:25.738,2.01415,2.01462,1.00,1.50
2016.02.08 05:46:26.266,2.01416,2.01462,1.00,1.00
2016.02.08 05:46:30.159,2.01415,2.01462,1.50,1.00
2016.02.08 05:46:30.811,2.01416,2.01462,1.00,1.00
2016.02.08 05:46:32.772,2.01415,2.01462,1.50,1.00
2016.02.08 05:46:45.023,2.01417,2.01462,1.00,1.00
2016.02.08 05:46:45.325,2.0142,2.01464,1.00,1.50
2016.02.08 05:46:45.737,2.01423,2.01464,1.00,1.00
2016.02.08 05:46:46.046,2.01425,2.01464,1.00,1.00
2016.02.08 05:46:46.857,2.01421,2.01464,1.50,1.00
2016.02.08 05:46:47.443,2.01421,2.01463,1.00,1.00
2016.02.08 05:46:50.340,2.01421,2.01464,1.00,1.00
2016.02.08 05:46:52.918,2.01421,2.01467,1.00,1.00
2016.02.08 05:46:53.380,2.01428,2.01467,1.00,1.00
2016.02.08 05:46:53.534,2.01425,2.01466,1.00,1.00
2016.02.08 05:46:53.585,2.01422,2.01464,1.00,1.00
2016.02.08 05:46:53.686,2.01413,2.01457,1.00,1.00
2016.02.08 05:46:54.114,2.01418,2.01457,1.00,1.00
2016.02.08 05:46:56.338,2.01419,2.01457,1.00,1.00
2016.02.08 05:46:58.947,2.01414,2.01457,1.00,1.00
2016.02.08 05:46:59.497,2.01418,2.01457,1.00,1.00
2016.02.08 05:47:02.071,2.01418,2.0146,1.00,1.00
2016.02.08 05:47:04.675,2.01418,2.01461,1.00,1.00
2016.02.08 05:47:04.994,2.0142,2.01464,1.00,1.00
2016.02.08 05:47:05.655,2.01421,2.01464,1.00,1.00
2016.02.08 05:47:07.386,2.01421,2.01465,1.00,1.50
2016.02.08 05:47:08.408,2.0142,2.01465,1.00,1.00
2016.02.08 05:47:08.739,2.01424,2.01465,1.00,1.00
2016.02.08 05:47:09.382,2.01423,2.01465,1.00,1.50
2016.02.08 05:47:10.856,2.01428,2.01465,1.00,1.00
2016.02.08 05:47:10.957,2.01428,2.01469,1.00,1.50
2016.02.08 05:47:25.362,2.01429,2.01469,1.00,1.00
2016.02.08 05:47:25.596,2.01433,2.01469,1.00,1.00
2016.02.08 05:47:25.697,2.01433,2.01472,1.00,1.00
2016.02.08 05:47:25.785,2.01433,2.01474,1.00,1.50
2016.02.08 05:47:26.561,2.0143,2.01474,1.00,1.50
2016.02.08 05:47:27.498,2.01434,2.01474,1.00,1.50
2016.02.08 05:47:28.550,2.0143,2.01474,1.00,1.50
2016.02.08 05:47:29.418,2.01434,2.01474,1.00,1.50
2016.02.08 05:47:29.569,2.01433,2.01476,1.50,1.00
2016.02.08 05:47:29.670,2.01435,2.01476,1.00,1.00
2016.02.08 05:47:29.772,2.01433,2.01476,1.00,1.50
2016.02.08 05:47:30.221,2.01434,2.01478,1.00,1.00
2016.02.08 05:47:30.322,2.01434,2.01475,1.00,1.00
2016.02.08 05:47:30.771,2.01434,2.01473,1.50,1.00
2016.02.08 05:47:30.872,2.01434,2.01476,1.50,1.00
2016.02.08 05:47:31.099,2.01434,2.01472,1.50,1.00
2016.02.08 05:47:31.306,2.01434,2.01476,1.50,1.00
2016.02.08 05:47:31.407,2.01434,2.01473,1.50,1.00
2016.02.08 05:47:31.508,2.01434,2.01476,1.50,1.00
2016.02.08 05:47:31.958,2.01434,2.01474,1.00,1.00
2016.02.08 05:47:32.761,2.01434,2.01473,1.00,1.00
2016.02.08 05:47:33.340,2.01434,2.01474,1.00,1.00
2016.02.08 05:47:33.642,2.01434,2.01476,1.00,1.00
2016.02.08 05:47:33.705,2.01434,2.01473,1.00,1.00
2016.02.08 05:47:33.925,2.01434,2.01476,1.00,1.00
2016.02.08 05:47:34.082,2.01434,2.01472,1.00,1.00
2016.02.08 05:47:34.183,2.01434,2.01476,1.00,1.00
2016.02.08 05:47:34.283,2.01434,2.01473,1.00,1.00
2016.02.08 05:47:34.384,2.01434,2.01475,1.00,1.00
2016.02.08 05:47:34.819,2.01434,2.01472,1.00,1.00
2016.02.08 05:47:36.030,2.01438,2.01474,1.00,1.00
2016.02.08 05:47:36.131,2.01434,2.01474,1.00,1.00
2016.02.08 05:47:36.505,2.01434,2.01478,1.00,1.00
2016.02.08 05:47:36.565,2.01434,2.01474,1.00,1.00
2016.02.08 05:47:36.718,2.01434,2.01478,1.00,1.00
2016.02.08 05:47:36.895,2.01434,2.01474,1.00,1.00
2016.02.08 05:47:37.047,2.01434,2.01478,1.00,1.00
2016.02.08 05:47:37.255,2.01434,2.01476,1.00,1.00
2016.02.08 05:47:37.784,2.01434,2.01478,1.00,1.00
2016.02.08 05:47:38.030,2.01434,2.01475,1.00,1.00
2016.02.08 05:47:38.449,2.01434,2.01478,1.00,1.00
2016.02.08 05:47:38.585,2.01434,2.01474,1.50,1.00
2016.02.08 05:47:39.115,2.01434,2.01473,1.50,1.00
2016.02.08 05:47:40.465,2.01433,2.01473,1.00,1.00
2016.02.08 05:47:51.770,2.01433,2.01474,1.00,1.00
2016.02.08 05:47:52.217,2.01433,2.01472,1.00,1.00
2016.02.08 05:47:53.220,2.01433,2.01474,1.00,1.00
2016.02.08 05:47:53.615,2.01433,2.01471,1.00,1.00
2016.02.08 05:47:53.767,2.01433,2.01475,1.00,1.50
2016.02.08 05:47:53.868,2.01433,2.01473,1.00,1.00
2016.02.08 05:47:53.969,2.01433,2.01475,1.00,1.00
2016.02.08 05:47:54.179,2.01433,2.01472,1.00,1.00
2016.02.08 05:47:54.727,2.01433,2.01471,1.00,1.00
2016.02.08 05:47:55.848,2.01433,2.01473,1.00,1.00
2016.02.08 05:47:59.922,2.01433,2.01471,1.00,1.00
2016.02.08 05:48:01.659,2.01433,2.01472,1.00,1.00
2016.02.08 05:48:04.180,2.01433,2.01473,1.00,1.00
2016.02.08 05:48:05.979,2.01433,2.01471,1.00,1.00
2016.02.08 05:48:06.484,2.01433,2.01472,1.00,1.00
2016.02.08 05:48:07.944,2.01433,2.01473,1.00,1.00
2016.02.08 05:48:13.084,2.01433,2.01471,1.00,1.00
2016.02.08 05:48:13.648,2.01429,2.01471,1.00,1.00
2016.02.08 05:48:14.000,2.01434,2.0147,1.00,1.00
2016.02.08 05:48:14.743,2.01434,2.01471,1.00,1.00
2016.02.08 05:48:15.326,2.01434,2.01472,1.00,1.00
2016.02.08 05:48:15.865,2.01434,2.01473,1.00,1.00
2016.02.08 05:48:16.352,2.01434,2.01471,1.00,1.00
2016.02.08 05:48:16.403,2.01428,2.0147,1.00,1.00
2016.02.08 05:48:16.504,2.01428,2.01468,1.00,1.00
2016.02.08 05:48:17.745,2.01429,2.0147,1.00,1.00
2016.02.08 05:48:17.915,2.01434,2.01469,1.00,1.00
2016.02.08 05:48:17.965,2.01434,2.01472,1.00,1.00
2016.02.08 05:48:18.067,2.01434,2.01469,1.00,1.00
2016.02.08 05:48:19.166,2.01429,2.01469,1.50,1.00
2016.02.08 05:48:22.036,2.01429,2.01465,1.00,1.00
2016.02.08 05:48:22.087,2.01424,2.01465,1.50,1.00
2016.02.08 05:48:22.138,2.01424,2.01461,1.50,1.00
2016.02.08 05:48:22.188,2.0142,2.01461,1.00,1.00
2016.02.08 05:48:22.343,2.0142,2.01458,1.00,1.00
2016.02.08 05:48:22.875,2.01421,2.01457,1.00,1.00
2016.02.08 05:48:23.163,2.01418,2.01457,1.00,1.00
2016.02.08 05:48:23.214,2.01414,2.01457,1.00,1.00
2016.02.08 05:48:23.865,2.01419,2.01457,1.00,1.00
2016.02.08 05:48:26.219,2.01414,2.01457,1.00,1.00
2016.02.08 05:48:26.756,2.01413,2.01457,2.25,1.00
2016.02.08 05:48:29.583,2.01413,2.01454,1.00,1.00
2016.02.08 05:48:29.693,2.01413,2.01458,1.00,1.00
2016.02.08 05:48:29.803,2.01413,2.01455,1.00,1.00
2016.02.08 05:48:33.104,2.01413,2.01458,1.00,1.00
2016.02.08 05:48:33.213,2.01413,2.01455,1.00,1.00
2016.02.08 05:48:33.323,2.01413,2.01457,1.50,1.00
2016.02.08 05:48:33.433,2.01413,2.01455,1.00,1.00
2016.02.08 05:48:35.626,2.01417,2.01455,1.00,1.00
2016.02.08 05:48:35.746,2.01414,2.01455,1.00,1.00
2016.02.08 05:48:35.897,2.01414,2.01458,1.00,1.00
2016.02.08 05:48:38.853,2.01414,2.01457,1.00,1.00
2016.02.08 05:48:42.233,2.01414,2.01455,1.00,1.00
2016.02.08 05:48:42.410,2.01414,2.01457,1.00,1.00
2016.02.08 05:48:43.464,2.01414,2.01456,1.00,1.00
2016.02.08 05:48:43.973,2.01414,2.01455,1.00,1.00
2016.02.08 05:48:45.433,2.01414,2.01457,1.00,1.00
2016.02.08 05:48:45.596,2.0142,2.01457,1.00,1.00
2016.02.08 05:48:45.956,2.01415,2.01457,1.00,1.00
2016.02.08 05:48:46.333,2.01415,2.01459,1.00,1.00
2016.02.08 05:48:46.434,2.01415,2.01461,1.00,1.00
2016.02.08 05:48:46.556,2.01423,2.01461,1.00,1.00
2016.02.08 05:48:46.858,2.01428,2.01463,1.00,1.00
2016.02.08 05:48:46.997,2.01431,2.01468,1.00,1.00
2016.02.08 05:48:47.098,2.01429,2.01469,1.00,1.00
2016.02.08 05:48:47.199,2.01434,2.01468,1.00,1.00
2016.02.08 05:48:47.300,2.01433,2.01472,1.00,1.00
2016.02.08 05:48:47.401,2.0144,2.01472,1.00,1.00
2016.02.08 05:48:47.502,2.01444,2.01478,1.00,1.00
2016.02.08 05:48:48.834,2.01441,2.01478,1.00,1.00
2016.02.08 05:48:51.063,2.01441,2.01485,1.00,1.00
2016.02.08 05:48:51.123,2.01438,2.01485,1.50,1.50
2016.02.08 05:48:54.980,2.01441,2.01485,1.00,1.00
2016.02.08 05:48:55.305,2.01443,2.01485,1.00,1.00
2016.02.08 05:48:55.846,2.01442,2.01486,1.00,1.50
2016.02.08 05:48:56.565,2.01441,2.01486,1.50,1.00
2016.02.08 05:48:57.637,2.01445,2.01486,1.00,1.00
2016.02.08 05:48:58.252,2.01444,2.01486,1.00,1.00
2016.02.08 05:48:59.291,2.01443,2.01486,1.00,1.00
2016.02.08 05:48:59.627,2.01445,2.01486,1.00,1.00
2016.02.08 05:48:59.728,2.01442,2.01486,1.00,1.00
2016.02.08 05:48:59.829,2.01445,2.01486,1.00,1.00
2016.02.08 05:48:59.930,2.01443,2.01486,1.00,1.00
2016.02.08 05:49:00.515,2.01444,2.01486,1.00,1.00
2016.02.08 05:49:01.056,2.01445,2.01486,1.00,1.00
2016.02.08 05:49:01.353,2.01443,2.01486,1.00,1.00
2016.02.08 05:49:01.683,2.01445,2.01486,1.00,1.00
2016.02.08 05:49:02.169,2.01441,2.01486,1.50,1.00
2016.02.08 05:49:03.122,2.01443,2.01486,1.00,1.00
2016.02.08 05:49:03.371,2.01441,2.01486,1.50,1.00
2016.02.08 05:49:03.553,2.01443,2.01486,1.00,1.00
2016.02.08 05:49:04.024,2.01441,2.01486,1.50,1.00
2016.02.08 05:49:09.865,2.01443,2.01486,1.00,1.00
2016.02.08 05:49:12.847,2.01447,2.01492,1.00,1.00
2016.02.08 05:49:19.146,2.01449,2.01492,1.00,1.00
2016.02.08 05:49:19.449,2.01454,2.01496,1.00,1.00
2016.02.08 05:49:19.701,2.01456,2.01501,1.00,1.00
2016.02.08 05:49:37.671,2.01456,2.015,1.00,1.00
2016.02.08 05:49:37.772,2.01452,2.01493,1.00,1.00
2016.02.08 05:49:38.457,2.01452,2.0149,1.00,1.00
2016.02.08 05:49:47.006,2.01452,2.01489,1.00,1.00
2016.02.08 05:49:47.057,2.01448,2.01489,1.00,1.00
2016.02.08 05:49:47.211,2.01443,2.01489,1.00,1.00
2016.02.08 05:49:48.322,2.01443,2.0149,1.50,1.50
2016.02.08 05:49:54.632,2.01443,2.01487,1.50,1.00
2016.02.08 05:49:54.783,2.0144,2.01485,1.00,1.00
2016.02.08 05:49:54.834,2.01436,2.01482,1.00,1.00
2016.02.08 05:49:55.362,2.01435,2.01482,1.50,1.00
2016.02.08 05:49:58.851,2.0144,2.01486,1.00,1.12
2016.02.08 05:49:58.902,2.01435,2.01482,1.50,1.00
2016.02.08 05:49:59.403,2.01436,2.01482,1.00,1.00
2016.02.08 05:49:59.863,2.01439,2.01485,1.00,1.00
2016.02.08 05:50:00.229,2.01444,2.01486,1.00,1.00
2016.02.08 05:50:00.633,2.01445,2.01489,1.00,1.00
2016.02.08 05:50:01.182,2.01444,2.0149,1.00,1.00
2016.02.08 05:50:01.336,2.01446,2.0149,1.00,1.00
2016.02.08 05:50:02.167,2.01447,2.0149,1.00,1.00
2016.02.08 05:50:02.531,2.01445,2.0149,1.00,1.00
2016.02.08 05:50:03.070,2.01446,2.0149,1.00,1.00
2016.02.08 05:50:03.432,2.01448,2.0149,1.00,1.00
2016.02.08 05:50:03.963,2.01445,2.01489,1.00,1.00
2016.02.08 05:50:05.484,2.01444,2.01489,1.00,1.00
2016.02.08 05:50:05.595,2.0145,2.01489,1.00,1.00
2016.02.08 05:50:06.121,2.01449,2.01489,1.00,1.00
2016.02.08 05:50:06.743,2.01448,2.01489,1.00,1.00
2016.02.08 05:50:08.437,2.01448,2.0149,1.00,1.00
2016.02.08 05:50:09.796,2.01448,2.01491,1.00,1.00
2016.02.08 05:50:10.344,2.01447,2.01491,1.00,1.00
2016.02.08 05:50:13.654,2.01445,2.01491,1.00,1.00
2016.02.08 05:50:13.854,2.01447,2.01491,1.00,1.00
2016.02.08 05:50:15.494,2.01448,2.01491,1.00,1.00
2016.02.08 05:50:18.684,2.01447,2.01491,1.00,1.00
2016.02.08 05:50:19.573,2.01449,2.01491,1.00,1.00
2016.02.08 05:50:22.546,2.01447,2.01491,1.00,1.00
2016.02.08 05:50:26.286,2.01444,2.01491,1.50,1.00
2016.02.08 05:50:27.338,2.01445,2.01491,1.00,1.00
2016.02.08 05:50:27.835,2.01447,2.01494,1.00,1.00
2016.02.08 05:50:28.512,2.01447,2.01493,1.00,1.00
2016.02.08 05:50:29.164,2.01447,2.01491,1.00,1.00
2016.02.08 05:50:35.656,2.01447,2.0149,1.00,1.00
2016.02.08 05:50:39.754,2.01449,2.0149,1.00,1.00
2016.02.08 05:50:46.420,2.01449,2.01491,1.00,1.50
2016.02.08 05:50:47.890,2.01447,2.01488,1.00,1.00
2016.02.08 05:50:48.394,2.01448,2.01488,1.00,1.00
2016.02.08 05:50:48.945,2.01447,2.01488,1.00,1.00
2016.02.08 05:50:49.447,2.01448,2.01488,1.00,1.00
2016.02.08 05:50:50.043,2.01447,2.01488,1.50,1.00
2016.02.08 05:50:57.897,2.01447,2.01489,1.00,1.00
2016.02.08 05:51:06.090,2.01445,2.01489,1.50,1.00
2016.02.08 05:51:06.140,2.01445,2.01485,1.00,1.00
2016.02.08 05:51:13.986,2.01449,2.01485,1.00,1.00
2016.02.08 05:51:16.142,2.01449,2.01489,1.00,1.00
2016.02.08 05:51:26.157,2.01449,2.01488,1.00,1.00
2016.02.08 05:51:36.120,2.01449,2.01487,1.00,1.00
2016.02.08 05:51:40.865,2.01452,2.01487,1.00,1.00
2016.02.08 05:52:04.272,2.01452,2.01486,1.00,1.00
2016.02.08 05:52:04.457,2.01452,2.01493,1.00,1.00
2016.02.08 05:52:05.252,2.01455,2.01493,1.00,1.00
2016.02.08 05:52:10.666,2.0145,2.01493,1.00,1.00
2016.02.08 05:52:11.321,2.01449,2.01492,1.00,1.00
2016.02.08 05:52:12.023,2.01449,2.0149,1.00,1.00
2016.02.08 05:52:13.631,2.01449,2.01491,1.00,1.50
2016.02.08 05:52:13.874,2.01446,2.01489,1.00,1.00
2016.02.08 05:52:14.076,2.01448,2.01491,1.00,1.00
2016.02.08 05:52:14.451,2.01451,2.01492,1.00,1.00
2016.02.08 05:52:14.755,2.0145,2.0149,1.00,1.00
2016.02.08 05:52:15.062,2.01452,2.0149,1.00,1.00
2016.02.08 05:52:15.770,2.01453,2.0149,1.00,1.00
2016.02.08 05:52:16.308,2.01454,2.0149,1.00,1.00
2016.02.08 05:52:19.484,2.01451,2.0149,1.00,1.00
2016.02.08 05:52:20.027,2.0145,2.0149,1.00,1.00
2016.02.08 05:52:23.753,2.01449,2.0149,1.00,1.00
2016.02.08 05:52:24.531,2.01449,2.01488,1.00,1.00
2016.02.08 05:52:25.073,2.01451,2.01488,1.00,1.00
2016.02.08 05:52:25.522,2.01453,2.01488,1.00,1.00
2016.02.08 05:52:27.498,2.01454,2.01488,1.00,1.00
2016.02.08 05:52:27.653,2.0145,2.01488,1.00,1.00
2016.02.08 05:52:28.170,2.01449,2.01488,1.00,1.00
2016.02.08 05:52:39.496,2.0145,2.01488,1.00,1.00
2016.02.08 05:52:39.957,2.01452,2.01488,1.00,1.00
2016.02.08 05:52:41.826,2.0145,2.01488,1.00,1.00
2016.02.08 05:52:42.615,2.01451,2.01488,1.00,1.00
2016.02.08 05:52:44.494,2.01451,2.01491,1.00,1.00
2016.02.08 05:52:52.445,2.0145,2.01491,1.00,1.00
2016.02.08 05:52:53.701,2.01451,2.01491,1.00,1.00
2016.02.08 05:52:54.513,2.01451,2.0149,1.00,1.00
2016.02.08 05:52:57.720,2.01454,2.0149,1.00,1.00
2016.02.08 05:53:04.529,2.01454,2.01491,1.00,1.00
2016.02.08 05:53:05.041,2.01455,2.01491,1.00,1.00
2016.02.08 05:53:12.790,2.01459,2.01491,1.00,1.00
2016.02.08 05:53:12.891,2.01459,2.01498,1.00,1.00
2016.02.08 05:53:12.941,2.01471,2.01498,1.00,1.00
2016.02.08 05:53:12.992,2.01471,2.01506,1.00,1.00
2016.02.08 05:53:13.043,2.01479,2.01506,1.00,1.00
2016.02.08 05:53:13.094,2.01479,2.01516,1.00,1.00
2016.02.08 05:53:13.181,2.0149,2.01521,1.00,1.00
2016.02.08 05:53:13.233,2.01495,2.01528,1.00,1.00
2016.02.08 05:53:13.335,2.01495,2.01533,1.00,1.00
2016.02.08 05:53:13.486,2.01496,2.01535,1.00,1.00
2016.02.08 05:53:16.022,2.01519,2.01535,1.00,1.00
2016.02.08 05:53:16.073,2.01519,2.0154,1.00,1.00
2016.02.08 05:53:16.123,2.01522,2.0154,1.00,1.00
2016.02.08 05:53:16.178,2.01522,2.01556,1.00,1.00
2016.02.08 05:53:16.229,2.01525,2.01571,1.00,1.00
2016.02.08 05:53:16.330,2.01528,2.01569,1.00,1.00
2016.02.08 05:53:16.683,2.01541,2.01569,1.00,1.00
2016.02.08 05:53:16.835,2.01551,2.01591,1.00,1.00
2016.02.08 05:53:16.886,2.01547,2.01591,1.00,1.00
2016.02.08 05:53:16.987,2.01545,2.01592,1.00,1.50
2016.02.08 05:53:17.289,2.01546,2.01589,1.00,1.00
2016.02.08 05:53:17.528,2.01543,2.01589,1.00,1.00
2016.02.08 05:53:18.031,2.01542,2.01589,1.50,1.00
2016.02.08 05:53:18.082,2.01542,2.01577,1.00,1.00
2016.02.08 05:53:18.233,2.01539,2.01575,1.00,1.00
2016.02.08 05:53:18.284,2.01535,2.01575,1.00,1.00
2016.02.08 05:53:18.335,2.01535,2.01577,1.00,1.00
2016.02.08 05:53:18.879,2.01535,2.01576,1.00,1.00
2016.02.08 05:53:20.990,2.01535,2.01578,1.00,1.00
2016.02.08 05:53:26.807,2.01535,2.01579,1.00,1.00
2016.02.08 05:53:28.307,2.01539,2.01579,1.00,1.00
2016.02.08 05:53:28.521,2.01537,2.01579,1.00,1.00
2016.02.08 05:53:28.739,2.01535,2.01579,1.00,1.00
2016.02.08 05:53:28.849,2.01539,2.01579,1.00,1.00
2016.02.08 05:53:29.107,2.01535,2.01579,1.00,1.00
2016.02.08 05:53:29.949,2.01536,2.01579,1.00,1.00
2016.02.08 05:53:30.109,2.01538,2.01579,1.00,1.00
2016.02.08 05:53:30.629,2.01537,2.01579,1.00,1.00
2016.02.08 05:53:30.731,2.01535,2.01578,1.00,1.00
2016.02.08 05:53:30.832,2.01531,2.01573,1.00,1.00
2016.02.08 05:53:30.983,2.01531,2.01576,1.00,1.00
2016.02.08 05:53:34.407,2.01522,2.01576,1.00,1.50
2016.02.08 05:53:35.825,2.01522,2.01575,1.00,1.00
2016.02.08 05:53:36.246,2.01523,2.0157,1.00,1.00
2016.02.08 05:53:37.360,2.01522,2.0157,1.00,1.00
2016.02.08 05:53:39.775,2.01519,2.0157,1.00,1.00
2016.02.08 05:53:40.240,2.01519,2.01566,1.00,1.00
2016.02.08 05:53:40.441,2.01516,2.01566,1.00,1.00
2016.02.08 05:53:40.980,2.01517,2.01566,1.00,1.00
2016.02.08 05:53:41.516,2.01516,2.01566,1.50,1.50
2016.02.08 05:53:42.360,2.01516,2.01567,1.50,1.00
2016.02.08 05:53:44.798,2.01517,2.01567,1.00,1.00
2016.02.08 05:53:47.879,2.01519,2.01567,1.00,1.00
2016.02.08 05:53:48.181,2.01522,2.01567,1.00,1.00
2016.02.08 05:53:48.722,2.01522,2.01562,1.00,1.00
2016.02.08 05:53:48.773,2.01519,2.01562,1.00,1.00
2016.02.08 05:53:49.113,2.01517,2.01561,1.00,1.00
2016.02.08 05:53:50.408,2.01518,2.01561,1.00,1.00
2016.02.08 05:53:51.229,2.01518,2.01566,1.00,1.87
2016.02.08 05:53:51.440,2.0152,2.01567,1.00,1.50
2016.02.08 05:53:51.760,2.01526,2.01567,1.00,1.00
2016.02.08 05:53:51.861,2.01526,2.01574,1.00,1.00
2016.02.08 05:53:52.063,2.0153,2.01573,1.00,1.00
2016.02.08 05:53:52.264,2.01533,2.01578,1.00,1.00
2016.02.08 05:53:52.315,2.01529,2.01578,1.00,1.00
2016.02.08 05:53:52.890,2.01529,2.01579,1.00,1.00
2016.02.08 05:53:54.264,2.01527,2.01579,1.00,1.12
2016.02.08 05:53:54.947,2.01525,2.01577,1.50,1.00
2016.02.08 05:53:55.301,2.01527,2.01579,1.00,1.12
2016.02.08 05:53:55.901,2.01528,2.01579,1.00,1.12
2016.02.08 05:53:56.246,2.01528,2.01577,1.00,1.00
2016.02.08 05:53:56.788,2.01527,2.01577,1.00,1.00
2016.02.08 05:53:57.263,2.01525,2.01577,1.50,1.00
2016.02.08 05:53:57.455,2.01527,2.01577,1.00,1.00
2016.02.08 05:53:58.015,2.01528,2.01577,1.00,1.00
2016.02.08 05:53:58.517,2.01527,2.01577,1.00,1.00
2016.02.08 05:53:59.208,2.01528,2.01577,1.00,1.00
2016.02.08 05:53:59.722,2.01527,2.01577,1.00,1.00
2016.02.08 05:54:00.122,2.01529,2.01577,1.00,1.00
2016.02.08 05:54:00.308,2.01525,2.01577,1.50,1.00
2016.02.08 05:54:00.816,2.01526,2.01577,1.00,1.00
2016.02.08 05:54:01.365,2.01525,2.01577,1.00,1.00
2016.02.08 05:54:06.265,2.01525,2.01575,1.00,1.00
2016.02.08 05:54:10.498,2.01524,2.01575,1.00,1.00
2016.02.08 05:54:14.278,2.01525,2.01575,1.00,1.00
2016.02.08 05:54:19.195,2.01525,2.01571,1.50,1.00
2016.02.08 05:54:19.438,2.0152,2.01571,1.00,1.12
2016.02.08 05:54:19.647,2.01521,2.01566,1.00,1.00
2016.02.08 05:54:20.158,2.0152,2.01566,1.00,1.00
2016.02.08 05:54:20.702,2.01521,2.01566,1.00,1.00
2016.02.08 05:54:21.253,2.0152,2.01566,1.00,1.00
2016.02.08 05:54:21.605,2.01521,2.01577,1.00,1.37
2016.02.08 05:54:22.053,2.01523,2.0158,1.00,1.87
2016.02.08 05:54:22.506,2.01525,2.01575,1.00,1.00
2016.02.08 05:54:22.607,2.01527,2.01575,1.00,1.00
2016.02.08 05:54:22.909,2.01538,2.01587,1.00,1.00
2016.02.08 05:54:23.010,2.01541,2.01587,1.00,1.00
2016.02.08 05:54:23.161,2.01544,2.01593,1.00,1.00
2016.02.08 05:54:23.408,2.01547,2.01593,1.00,1.00
2016.02.08 05:54:23.759,2.01544,2.01597,1.00,1.00
2016.02.08 05:54:24.262,2.01543,2.01597,1.00,1.00
2016.02.08 05:54:24.514,2.01543,2.01595,1.00,1.00
2016.02.08 05:54:25.064,2.01543,2.01596,1.00,1.00
2016.02.08 05:54:25.414,2.01543,2.01594,1.00,1.00
2016.02.08 05:54:25.515,2.01543,2.01596,1.00,1.00
2016.02.08 05:54:25.616,2.01549,2.01597,1.00,1.00
2016.02.08 05:54:25.917,2.01551,2.01597,1.00,1.00
2016.02.08 05:54:26.728,2.01552,2.01597,1.00,1.00
2016.02.08 05:54:27.249,2.01551,2.01597,1.00,1.00
2016.02.08 05:54:27.876,2.01552,2.01597,1.00,1.00
2016.02.08 05:54:28.797,2.01553,2.01597,1.00,1.00
2016.02.08 05:54:29.331,2.01552,2.01597,1.00,1.00
2016.02.08 05:54:29.683,2.01554,2.01597,1.00,1.00
2016.02.08 05:54:30.418,2.01553,2.01597,1.00,1.00
2016.02.08 05:54:30.988,2.01552,2.01597,1.00,1.50
2016.02.08 05:54:31.039,2.0155,2.01597,1.00,1.50
2016.02.08 05:54:32.428,2.01551,2.01597,1.00,1.00
2016.02.08 05:54:33.246,2.01553,2.01597,1.00,1.00
2016.02.08 05:54:35.198,2.01552,2.01597,1.00,1.00
2016.02.08 05:54:36.498,2.01551,2.01597,1.00,1.00
2016.02.08 05:54:36.827,2.01553,2.01597,1.00,1.00
2016.02.08 05:54:37.354,2.01554,2.01598,1.00,1.00
2016.02.08 05:54:37.735,2.01552,2.01598,1.00,1.00
2016.02.08 05:54:38.239,2.01551,2.01598,1.00,1.00
2016.02.08 05:54:39.947,2.01551,2.01599,1.00,1.00
2016.02.08 05:54:40.048,2.01553,2.01598,1.00,1.00
2016.02.08 05:54:40.593,2.01554,2.01598,1.00,1.00
2016.02.08 05:54:41.613,2.01553,2.01599,1.00,1.00
2016.02.08 05:54:43.905,2.01554,2.01599,1.00,1.00
2016.02.08 05:54:46.398,2.01564,2.01599,1.00,1.00
2016.02.08 05:54:46.499,2.01564,2.01605,1.50,1.00
2016.02.08 05:54:46.550,2.01572,2.01605,1.00,1.00
2016.02.08 05:54:46.716,2.01572,2.01614,1.00,1.00
2016.02.08 05:54:46.868,2.01575,2.01614,1.00,1.00
2016.02.08 05:54:47.189,2.01578,2.01614,1.00,1.00
2016.02.08 05:54:47.983,2.01576,2.01614,1.00,1.00
2016.02.08 05:54:48.267,2.01578,2.01614,1.00,1.00
2016.02.08 05:54:48.886,2.01578,2.01615,1.00,1.00
2016.02.08 05:54:50.727,2.01579,2.01615,1.00,1.00
2016.02.08 05:54:50.945,2.01574,2.01615,1.00,1.00
2016.02.08 05:54:51.046,2.01566,2.01614,1.50,1.00
2016.02.08 05:54:51.299,2.01566,2.01611,1.00,1.00
2016.02.08 05:54:51.847,2.01565,2.01611,1.00,1.00
2016.02.08 05:54:52.388,2.01566,2.01611,1.00,1.00
2016.02.08 05:54:52.901,2.01567,2.01611,1.00,1.00
2016.02.08 05:54:53.848,2.01567,2.01613,1.00,1.00
2016.02.08 05:54:54.369,2.01567,2.01612,1.00,1.00
2016.02.08 05:54:54.772,2.01565,2.01613,1.00,1.00
2016.02.08 05:54:55.377,2.01565,2.01604,1.00,1.00
2016.02.08 05:54:56.880,2.01564,2.01604,1.00,1.00
2016.02.08 05:54:59.596,2.01564,2.01605,1.00,1.00
2016.02.08 05:54:59.818,2.01561,2.01605,1.00,1.00
2016.02.08 05:55:00.344,2.01562,2.01604,1.00,1.00
2016.02.08 05:55:00.495,2.0156,2.01604,1.00,1.00
2016.02.08 05:55:03.020,2.01558,2.01604,1.00,1.00
2016.02.08 05:55:03.302,2.01558,2.01602,1.00,1.00
2016.02.08 05:55:03.820,2.01559,2.01602,1.00,1.00
2016.02.08 05:55:05.556,2.01558,2.01602,1.00,1.00
2016.02.08 05:55:05.657,2.01556,2.01601,1.00,1.00
2016.02.08 05:55:06.217,2.01557,2.01601,1.00,1.00
2016.02.08 05:55:06.721,2.01558,2.01601,1.00,1.00
2016.02.08 05:55:07.360,2.01557,2.01601,1.00,1.00
2016.02.08 05:55:07.878,2.01557,2.01602,1.00,1.50
2016.02.08 05:55:09.060,2.01556,2.01602,1.00,1.00
2016.02.08 05:55:09.583,2.01557,2.01602,1.00,1.00
2016.02.08 05:55:11.085,2.01556,2.01602,1.00,1.00
2016.02.08 05:55:12.250,2.01555,2.01602,1.00,1.00
2016.02.08 05:55:13.145,2.01554,2.01602,1.00,1.00
2016.02.08 05:55:13.322,2.01554,2.016,1.00,1.00
2016.02.08 05:55:16.442,2.01553,2.016,1.00,1.00
2016.02.08 05:55:16.745,2.01555,2.016,1.00,1.00
2016.02.08 05:55:17.417,2.01555,2.01601,1.00,1.00
2016.02.08 05:55:17.920,2.01556,2.01601,1.00,1.00
2016.02.08 05:55:19.046,2.01555,2.01601,1.00,1.00
2016.02.08 05:55:19.984,2.01553,2.01601,1.00,1.00
2016.02.08 05:55:21.942,2.01554,2.01601,1.00,1.00
2016.02.08 05:55:22.945,2.01555,2.01601,1.00,1.00
2016.02.08 05:55:23.046,2.01553,2.01601,1.00,1.00
2016.02.08 05:55:23.348,2.01554,2.01597,1.00,1.00
2016.02.08 05:55:23.909,2.01555,2.01597,1.00,1.00
2016.02.08 05:55:24.578,2.01557,2.01597,1.00,1.00
2016.02.08 05:55:24.943,2.01555,2.01597,1.00,1.00
2016.02.08 05:55:25.044,2.01557,2.01597,1.00,1.00
2016.02.08 05:55:25.547,2.01556,2.01597,1.00,1.00
2016.02.08 05:55:26.087,2.01557,2.01597,1.00,1.00
2016.02.08 05:55:27.763,2.01555,2.01597,1.00,1.00
2016.02.08 05:55:28.465,2.01556,2.01597,1.00,1.00
2016.02.08 05:55:29.739,2.01557,2.01597,1.00,1.00
2016.02.08 05:55:32.521,2.01555,2.01597,1.00,1.00
2016.02.08 05:55:33.290,2.01554,2.01598,1.00,1.00
2016.02.08 05:55:33.424,2.01554,2.016,1.00,1.00
2016.02.08 05:55:33.852,2.01552,2.016,1.00,1.00
2016.02.08 05:55:34.518,2.01551,2.016,1.00,1.00
2016.02.08 05:55:35.072,2.01552,2.016,1.00,1.00
2016.02.08 05:55:35.931,2.01553,2.016,1.00,1.00
2016.02.08 05:55:36.889,2.01554,2.016,1.00,1.00
2016.02.08 05:55:37.426,2.01554,2.01599,1.00,1.00
2016.02.08 05:55:37.879,2.01551,2.016,1.00,1.00
2016.02.08 05:55:39.560,2.01553,2.016,1.00,1.00
2016.02.08 05:55:39.863,2.0155,2.01597,1.00,1.00
2016.02.08 05:55:40.230,2.01548,2.01596,1.00,1.00
2016.02.08 05:55:41.309,2.01548,2.01597,1.00,2.25
2016.02.08 05:55:44.589,2.01551,2.01597,1.00,2.25
2016.02.08 05:55:47.999,2.0155,2.01597,1.00,2.25
2016.02.08 05:55:48.648,2.01551,2.01597,1.00,2.25
2016.02.08 05:55:49.168,2.01552,2.01597,1.00,2.25
2016.02.08 05:55:49.800,2.01553,2.01597,1.00,2.25
2016.02.08 05:55:50.151,2.01553,2.01588,1.00,1.00
2016.02.08 05:55:56.290,2.01554,2.01588,1.00,1.00
2016.02.08 05:56:06.368,2.01553,2.01588,1.00,1.00
2016.02.08 05:56:09.934,2.01553,2.01587,1.00,1.00
2016.02.08 05:56:12.990,2.01552,2.01587,1.00,1.00
2016.02.08 05:56:14.069,2.01553,2.01587,1.00,1.00
2016.02.08 05:56:14.580,2.01554,2.01587,1.00,1.00
2016.02.08 05:56:16.586,2.01554,2.01593,1.00,1.00
2016.02.08 05:56:17.968,2.01554,2.01592,1.00,1.00
2016.02.08 05:56:18.069,2.01556,2.01593,1.00,1.00
2016.02.08 05:56:18.643,2.01557,2.01593,1.00,1.00
2016.02.08 05:56:20.708,2.01556,2.01593,1.00,1.00
2016.02.08 05:56:22.868,2.01554,2.01593,1.00,1.00
2016.02.08 05:56:23.020,2.01545,2.01592,1.00,1.37
2016.02.08 05:56:23.071,2.0154,2.01584,1.00,1.00
2016.02.08 05:56:23.144,2.01537,2.01584,1.00,1.00
2016.02.08 05:56:23.195,2.01535,2.01581,1.00,1.00
2016.02.08 05:56:23.510,2.01533,2.01578,1.00,1.00
2016.02.08 05:56:23.664,2.01531,2.01578,1.00,1.00
2016.02.08 05:56:36.398,2.01531,2.01574,1.00,1.00
2016.02.08 05:56:40.846,2.01528,2.01573,1.00,1.00
2016.02.08 05:56:41.156,2.01531,2.01573,1.00,1.50
2016.02.08 05:56:41.499,2.01528,2.01573,1.00,1.00
2016.02.08 05:56:42.380,2.01529,2.01573,1.00,1.50
2016.02.08 05:56:43.703,2.01528,2.01573,1.50,1.50
2016.02.08 05:56:43.990,2.01531,2.01573,1.00,1.50
2016.02.08 05:56:45.461,2.01528,2.01573,1.00,1.00
2016.02.08 05:57:09.204,2.01529,2.01573,1.00,1.00
2016.02.08 05:57:09.856,2.01528,2.01573,1.00,1.00
2016.02.08 05:57:17.628,2.01524,2.01571,1.00,1.00
2016.02.08 05:57:23.054,2.01525,2.01571,1.00,1.00
2016.02.08 05:57:24.036,2.01524,2.01571,1.50,1.00
2016.02.08 05:57:25.081,2.01526,2.01571,1.00,1.00
2016.02.08 05:57:26.394,2.01526,2.01566,1.00,1.00
2016.02.08 05:57:30.200,2.01526,2.01567,1.00,1.00
2016.02.08 05:57:33.085,2.01525,2.01567,1.00,1.00
2016.02.08 05:57:35.945,2.01525,2.01566,1.00,1.00
2016.02.08 05:57:36.273,2.01539,2.01573,1.00,1.00
2016.02.08 05:57:36.374,2.01537,2.01573,1.00,1.00
2016.02.08 05:57:36.485,2.01539,2.01574,1.00,1.00
2016.02.08 05:57:36.536,2.01539,2.01579,1.00,1.00
2016.02.08 05:57:36.586,2.01543,2.01579,1.00,1.00
2016.02.08 05:57:36.982,2.01543,2.01581,1.00,1.00
2016.02.08 05:57:38.350,2.01545,2.0158,1.00,1.00
2016.02.08 05:57:38.459,2.01545,2.01588,1.00,1.00
2016.02.08 05:57:38.560,2.01547,2.01588,1.00,1.00
2016.02.08 05:57:41.321,2.01545,2.01588,1.00,1.00
2016.02.08 05:57:44.538,2.01544,2.01588,1.00,1.00
2016.02.08 05:57:45.161,2.0154,2.01586,1.00,1.00
2016.02.08 05:57:45.312,2.01536,2.01583,1.50,1.00
2016.02.08 05:57:46.290,2.01539,2.01583,1.00,1.00
2016.02.08 05:57:46.746,2.01541,2.01583,1.00,1.00
2016.02.08 05:57:46.847,2.01539,2.01583,1.00,1.00
2016.02.08 05:57:47.149,2.01536,2.01583,1.50,1.00
2016.02.08 05:57:48.445,2.01536,2.01581,1.50,1.00
2016.02.08 05:57:55.061,2.01536,2.01582,1.00,1.00
2016.02.08 05:57:56.781,2.01533,2.0158,1.00,1.00
2016.02.08 05:57:56.985,2.01533,2.01575,1.00,1.00
2016.02.08 05:57:57.136,2.0153,2.01575,1.00,1.00
2016.02.08 05:57:57.237,2.01526,2.01573,1.50,1.00
2016.02.08 05:58:03.482,2.01526,2.01565,1.00,1.00
2016.02.08 05:58:05.986,2.01526,2.01564,1.00,1.00
2016.02.08 05:58:06.598,2.01526,2.01565,1.00,1.00
2016.02.08 05:58:07.423,2.01527,2.01565,1.00,1.00
2016.02.08 05:58:07.950,2.01526,2.01565,1.50,1.00
2016.02.08 05:58:08.456,2.01527,2.01565,1.00,1.00
2016.02.08 05:58:09.282,2.01529,2.01565,1.00,1.00
2016.02.08 05:58:09.589,2.01526,2.01565,1.50,1.00
2016.02.08 05:58:10.054,2.01524,2.01564,1.00,1.00
2016.02.08 05:58:12.025,2.01523,2.01564,1.00,1.00
2016.02.08 05:58:13.503,2.01523,2.01566,1.00,1.00
2016.02.08 05:58:14.218,2.01524,2.01566,1.00,1.00
2016.02.08 05:58:14.319,2.0152,2.01565,1.00,1.00
2016.02.08 05:58:14.370,2.01517,2.01558,1.00,1.00
2016.02.08 05:58:14.471,2.01519,2.01562,1.00,1.00
2016.02.08 05:58:14.987,2.0152,2.01562,1.00,1.00
2016.02.08 05:58:26.222,2.01521,2.01562,1.00,1.00
2016.02.08 05:58:26.876,2.0152,2.01562,1.00,1.00
2016.02.08 05:58:27.389,2.01519,2.01562,1.00,1.00
2016.02.08 05:58:40.410,2.01521,2.01562,1.00,1.00
2016.02.08 05:58:41.665,2.01519,2.01562,1.50,1.00
2016.02.08 05:58:42.606,2.0152,2.01562,1.00,1.00
2016.02.08 05:58:42.657,2.0152,2.01562,1.37,1.00
2016.02.08 05:58:42.967,2.01528,2.01566,1.00,1.00
2016.02.08 05:58:43.018,2.0153,2.0157,1.00,1.00
2016.02.08 05:58:43.560,2.01529,2.0157,1.50,1.00
2016.02.08 05:58:44.251,2.01526,2.01567,1.00,1.00
2016.02.08 05:58:58.686,2.01521,2.01564,1.00,1.00
2016.02.08 05:58:58.787,2.01521,2.01564,1.00,1.37
2016.02.08 05:58:58.939,2.01517,2.0156,1.00,1.00
2016.02.08 05:59:02.965,2.0152,2.01563,1.00,1.00
2016.02.08 05:59:03.285,2.01523,2.01566,1.50,1.00
2016.02.08 05:59:03.804,2.01526,2.01566,1.00,1.00
2016.02.08 05:59:04.168,2.01528,2.01569,1.00,1.00
2016.02.08 05:59:09.464,2.01529,2.01569,1.00,1.00
2016.02.08 05:59:09.564,2.01531,2.01569,1.00,1.00
2016.02.08 05:59:10.004,2.01528,2.01569,1.00,1.00
2016.02.08 05:59:15.887,2.01524,2.01564,1.00,1.00
2016.02.08 05:59:15.988,2.01516,2.01558,1.00,1.00
2016.02.08 05:59:16.139,2.01514,2.01555,1.00,1.00
2016.02.08 05:59:16.443,2.01511,2.01552,1.00,1.00
2016.02.08 05:59:19.540,2.01505,2.01546,1.00,1.00
2016.02.08 05:59:19.853,2.01502,2.01543,1.00,1.00
2016.02.08 05:59:22.528,2.01496,2.01538,1.00,1.00
2016.02.08 05:59:22.831,2.01491,2.01534,1.50,1.00
2016.02.08 05:59:22.881,2.01489,2.0153,1.00,1.00
2016.02.08 05:59:25.168,2.01495,2.01538,1.00,1.00
2016.02.08 05:59:25.270,2.01499,2.01538,1.00,1.00
2016.02.08 05:59:25.320,2.01499,2.0154,1.50,1.00
2016.02.08 05:59:25.371,2.01501,2.01542,1.00,1.00
2016.02.08 05:59:25.472,2.01501,2.01544,1.00,1.00
2016.02.08 05:59:25.523,2.01501,2.01546,1.50,1.50
2016.02.08 05:59:25.624,2.01505,2.01546,1.00,1.50
2016.02.08 05:59:25.674,2.01505,2.0155,1.00,1.37
2016.02.08 05:59:25.725,2.01508,2.0155,1.00,1.37
2016.02.08 05:59:25.826,2.01504,2.0155,1.00,1.00
2016.02.08 05:59:26.353,2.01503,2.0155,1.50,1.00
2016.02.08 05:59:28.326,2.01505,2.01548,1.00,1.00
2016.02.08 05:59:29.229,2.0151,2.01551,1.00,1.00
2016.02.08 05:59:31.105,2.01513,2.01551,1.00,1.00
2016.02.08 05:59:31.164,2.01513,2.01555,1.00,1.00
2016.02.08 05:59:31.215,2.01515,2.01555,1.00,1.00
2016.02.08 05:59:31.435,2.01518,2.0156,1.00,1.00
2016.02.08 05:59:31.536,2.01522,2.01564,1.00,1.00
2016.02.08 05:59:32.089,2.01521,2.01564,1.00,1.00
2016.02.08 05:59:32.591,2.01522,2.01564,1.00,1.00
2016.02.08 05:59:34.645,2.01523,2.01564,1.37,1.00
2016.02.08 05:59:34.695,2.01529,2.0157,1.00,1.00
2016.02.08 05:59:37.215,2.01523,2.01566,1.00,1.00
2016.02.08 05:59:37.618,2.01523,2.01563,1.00,1.00
2016.02.08 05:59:37.751,2.0152,2.01561,1.00,1.00
2016.02.08 05:59:37.902,2.01515,2.01558,1.00,1.00
2016.02.08 05:59:38.611,2.0152,2.01563,1.00,1.00
2016.02.08 05:59:40.000,2.01517,2.01558,1.00,1.00
2016.02.08 05:59:40.302,2.01513,2.01554,1.00,1.00
2016.02.08 05:59:40.590,2.01506,2.01549,1.00,1.00
2016.02.08 05:59:42.654,2.01501,2.01544,1.00,1.00
2016.02.08 05:59:42.956,2.01499,2.0154,1.00,1.00
2016.02.08 05:59:51.558,2.01494,2.01537,1.00,1.00
2016.02.08 05:59:51.659,2.0149,2.01533,1.00,1.00
2016.02.08 05:59:52.679,2.01491,2.01533,1.00,1.00
2016.02.08 05:59:53.232,2.01492,2.01533,1.00,1.00
2016.02.08 05:59:53.633,2.01494,2.01533,1.00,1.00
2016.02.08 05:59:53.683,2.01495,2.01536,1.00,1.00
2016.02.08 05:59:54.121,2.015,2.0154,1.00,1.00
2016.02.08 05:59:54.177,2.01503,2.01544,1.00,1.00
2016.02.08 05:59:58.804,2.01503,2.01539,1.00,1.00
2016.02.08 05:59:58.855,2.01496,2.01539,1.00,1.50
2016.02.08 05:59:59.056,2.01493,2.01536,1.00,1.00
