2016.02.18 20:00:00.142,1.96702,1.96747,1.37,1.00
2016.02.18 20:00:00.244,1.96704,1.96754,1.00,1.37
2016.02.18 20:00:00.345,1.96708,1.96755,1.00,1.87
2016.02.18 20:00:00.652,1.96711,1.96753,1.00,1.37
2016.02.18 20:00:00.703,1.96706,1.96755,1.00,1.37
2016.02.18 20:00:00.837,1.96706,1.96755,1.00,1.37
2016.02.18 20:00:01.151,1.96706,1.96757,1.00,2.73
2016.02.18 20:00:01.256,1.96706,1.96757,1.00,1.87
2016.02.18 20:00:01.703,1.96709,1.96758,1.00,1.37
2016.02.18 20:00:02.404,1.96709,1.96758,1.00,1.37
2016.02.18 20:00:02.473,1.96709,1.96758,1.00,1.37
2016.02.18 20:00:02.882,1.96705,1.96756,1.00,1.37
2016.02.18 20:00:02.983,1.96703,1.96751,1.00,1.37
2016.02.18 20:00:03.185,1.96698,1.96747,1.00,1.37
2016.02.18 20:00:03.236,1.96696,1.96747,1.00,1.37
2016.02.18 20:00:03.286,1.96696,1.96742,1.00,1.37
2016.02.18 20:00:03.897,1.96696,1.96738,1.50,1.00
2016.02.18 20:00:05.329,1.96696,1.96738,1.00,1.37
2016.02.18 20:00:05.430,1.96691,1.96731,1.00,1.00
2016.02.18 20:00:07.365,1.96687,1.96729,1.00,1.00
2016.02.18 20:00:07.466,1.96684,1.96726,1.00,1.00
2016.02.18 20:00:07.830,1.96681,1.96721,1.00,1.00
2016.02.18 20:00:08.183,1.96684,1.96725,1.00,1.00
2016.02.18 20:00:08.707,1.9669,1.96733,1.00,1.37
2016.02.18 20:00:08.758,1.96693,1.96733,1.00,1.37
2016.02.18 20:00:09.101,1.96693,1.9673,1.00,1.00
2016.02.18 20:00:09.411,1.96693,1.96727,1.00,1.00
2016.02.18 20:00:10.408,1.96689,1.96727,1.00,1.12
2016.02.18 20:00:10.621,1.96693,1.96727,1.00,1.12
2016.02.18 20:00:11.821,1.96689,1.96727,1.00,1.12
2016.02.18 20:00:12.675,1.96688,1.96727,1.00,1.12
2016.02.18 20:00:12.926,1.96687,1.96724,1.00,1.37
2016.02.18 20:00:13.440,1.96688,1.9672,1.00,1.00
2016.02.18 20:00:13.970,1.96687,1.9672,1.00,1.00
2016.02.18 20:00:14.442,1.96688,1.96723,1.00,1.00
2016.02.18 20:00:14.995,1.96687,1.96723,1.00,1.00
2016.02.18 20:00:15.571,1.96688,1.96723,1.00,1.00
2016.02.18 20:00:16.099,1.96687,1.96723,1.00,1.00
2016.02.18 20:00:16.976,1.96688,1.96723,1.50,1.00
2016.02.18 20:00:18.010,1.96688,1.96728,1.50,1.37
2016.02.18 20:00:18.060,1.96696,1.96728,1.00,1.00
2016.02.18 20:00:18.280,1.96713,1.9675,1.00,1.50
2016.02.18 20:00:18.381,1.96716,1.96756,1.00,1.00
2016.02.18 20:00:18.909,1.96716,1.96757,1.00,1.12
2016.02.18 20:00:21.300,1.96713,1.96753,1.00,1.00
2016.02.18 20:00:24.648,1.96713,1.96753,1.00,1.37
2016.02.18 20:00:24.699,1.9671,1.9675,1.00,1.37
2016.02.18 20:00:24.749,1.96709,1.96746,1.00,1.00
2016.02.18 20:00:24.800,1.96706,1.96746,1.00,1.00
2016.02.18 20:00:25.002,1.96709,1.96751,1.00,1.00
2016.02.18 20:00:25.103,1.96713,1.96751,1.00,1.00
2016.02.18 20:00:25.204,1.96713,1.96756,2.25,1.00
2016.02.18 20:00:25.460,1.96719,1.96756,1.00,1.00
2016.02.18 20:00:25.565,1.96719,1.96759,1.00,1.00
2016.02.18 20:00:26.087,1.96719,1.9676,1.00,1.00
2016.02.18 20:00:26.188,1.96718,1.9676,1.00,1.37
2016.02.18 20:00:26.491,1.96719,1.9676,1.00,1.00
2016.02.18 20:00:27.023,1.96721,1.96762,1.00,1.00
2016.02.18 20:00:35.197,1.96723,1.96762,1.00,1.00
2016.02.18 20:00:35.399,1.9673,1.9677,1.00,1.00
2016.02.18 20:00:35.852,1.96733,1.9677,1.00,1.00
2016.02.18 20:00:36.359,1.96733,1.96769,1.00,1.00
2016.02.18 20:00:36.511,1.96735,1.96775,1.00,1.00
2016.02.18 20:00:37.216,1.96737,1.96775,1.00,1.00
2016.02.18 20:00:38.671,1.96737,1.96776,1.50,1.00
2016.02.18 20:00:41.018,1.96737,1.96775,1.00,1.00
2016.02.18 20:00:41.590,1.96737,1.96776,1.00,1.00
2016.02.18 20:00:42.188,1.9674,1.96776,1.00,1.00
2016.02.18 20:00:42.491,1.96743,1.96782,1.00,1.00
2016.02.18 20:00:42.694,1.96745,1.96782,1.00,1.00
2016.02.18 20:00:43.380,1.96744,1.96782,1.00,1.00
2016.02.18 20:00:43.721,1.96746,1.96782,1.00,1.00
2016.02.18 20:00:44.000,1.96746,1.96786,1.00,1.00
2016.02.18 20:00:44.202,1.96743,1.96784,1.00,1.37
2016.02.18 20:00:44.303,1.96743,1.96784,1.00,1.37
2016.02.18 20:00:44.404,1.96738,1.96781,1.00,1.00
2016.02.18 20:00:45.093,1.96741,1.96781,1.00,1.00
2016.02.18 20:00:45.295,1.96752,1.96793,1.00,1.00
2016.02.18 20:00:46.592,1.96753,1.96793,1.00,1.00
2016.02.18 20:00:46.694,1.96756,1.96793,1.00,1.00
2016.02.18 20:00:46.996,1.96753,1.96792,1.00,1.00
2016.02.18 20:00:47.097,1.96756,1.96795,1.00,1.00
2016.02.18 20:00:47.400,1.9676,1.96799,1.00,1.00
2016.02.18 20:00:47.909,1.9676,1.968,1.00,1.50
2016.02.18 20:00:48.920,1.9676,1.96799,1.00,1.00
2016.02.18 20:00:49.772,1.9676,1.96797,1.00,1.00
2016.02.18 20:00:49.873,1.96746,1.96786,1.00,1.37
2016.02.18 20:00:49.974,1.96749,1.96776,1.00,1.00
2016.02.18 20:00:50.075,1.96745,1.96776,1.00,1.00
2016.02.18 20:00:50.176,1.96742,1.96776,1.00,1.00
2016.02.18 20:00:50.277,1.96735,1.96777,1.00,1.12
2016.02.18 20:00:50.328,1.96735,1.96778,1.00,1.37
2016.02.18 20:00:50.529,1.96734,1.96775,1.00,1.12
2016.02.18 20:00:50.893,1.96733,1.96772,1.00,1.00
2016.02.18 20:00:52.203,1.96731,1.96772,1.00,1.12
2016.02.18 20:00:54.108,1.9673,1.96772,1.00,1.00
2016.02.18 20:00:57.630,1.96729,1.96772,1.50,1.12
2016.02.18 20:00:58.573,1.96733,1.96772,1.00,1.12
2016.02.18 20:01:01.025,1.96729,1.96772,1.50,1.00
2016.02.18 20:01:01.894,1.96734,1.96772,1.00,1.00
2016.02.18 20:01:03.081,1.9673,1.96772,1.00,1.00
2016.02.18 20:01:05.307,1.96733,1.96772,1.00,1.00
2016.02.18 20:01:05.608,1.9673,1.96772,1.00,1.00
2016.02.18 20:01:06.118,1.96729,1.96772,1.50,1.00
2016.02.18 20:01:06.168,1.96729,1.96772,1.00,1.37
2016.02.18 20:01:06.495,1.96723,1.96764,1.00,1.00
2016.02.18 20:01:07.353,1.96725,1.96768,1.00,1.00
2016.02.18 20:01:08.087,1.96728,1.96768,1.00,1.00
2016.02.18 20:01:09.359,1.96726,1.96768,1.00,1.00
2016.02.18 20:01:09.691,1.96728,1.96768,1.00,1.00
2016.02.18 20:01:10.280,1.96729,1.9677,1.00,1.00
2016.02.18 20:01:10.934,1.96733,1.96772,1.00,1.00
2016.02.18 20:01:12.399,1.96728,1.96768,1.00,1.37
2016.02.18 20:01:12.724,1.96729,1.96764,1.00,1.00
2016.02.18 20:01:14.553,1.96723,1.96764,1.50,1.00
2016.02.18 20:01:15.209,1.96723,1.96761,1.00,1.00
2016.02.18 20:01:16.838,1.96723,1.96763,1.00,1.00
2016.02.18 20:01:16.990,1.96723,1.96764,1.00,1.37
2016.02.18 20:01:17.664,1.96723,1.96764,1.00,1.37
2016.02.18 20:01:17.715,1.96717,1.9676,1.50,1.37
2016.02.18 20:01:18.379,1.96717,1.9676,1.00,1.00
2016.02.18 20:01:19.095,1.96717,1.9676,1.00,1.37
2016.02.18 20:01:19.599,1.96717,1.9676,1.50,1.00
2016.02.18 20:01:20.394,1.96718,1.9676,1.00,1.00
2016.02.18 20:01:20.908,1.96717,1.9676,1.50,1.00
2016.02.18 20:01:22.404,1.96721,1.96762,1.00,1.00
2016.02.18 20:01:23.149,1.96721,1.96763,1.00,1.12
2016.02.18 20:01:23.472,1.96721,1.96764,1.00,1.37
2016.02.18 20:01:23.987,1.96721,1.96764,1.00,1.37
2016.02.18 20:01:24.526,1.96721,1.96761,1.00,1.00
2016.02.18 20:01:25.097,1.96721,1.96763,1.00,1.00
2016.02.18 20:01:25.858,1.96721,1.96762,1.00,1.00
2016.02.18 20:01:27.024,1.96721,1.9676,1.00,1.00
2016.02.18 20:01:27.599,1.96721,1.96761,1.00,1.00
2016.02.18 20:01:28.585,1.96717,1.9676,1.00,1.00
2016.02.18 20:01:29.386,1.96717,1.9676,1.00,1.37
2016.02.18 20:01:29.793,1.96717,1.9676,1.50,1.37
2016.02.18 20:01:30.196,1.96717,1.9676,1.00,1.00
2016.02.18 20:01:30.247,1.96721,1.96761,1.00,2.25
2016.02.18 20:01:30.590,1.96716,1.96759,1.00,1.37
2016.02.18 20:01:30.641,1.96713,1.96756,1.50,1.37
2016.02.18 20:01:31.162,1.96713,1.96756,1.00,1.00
2016.02.18 20:01:32.497,1.96715,1.96756,1.00,1.00
2016.02.18 20:01:32.839,1.96713,1.96756,1.50,1.12
2016.02.18 20:01:33.343,1.96713,1.96756,1.50,1.37
2016.02.18 20:01:33.695,1.96716,1.96756,1.00,1.00
2016.02.18 20:01:33.746,1.96721,1.96764,1.12,1.00
2016.02.18 20:01:33.847,1.96717,1.96758,1.00,1.00
2016.02.18 20:01:34.171,1.9672,1.9676,1.50,1.00
2016.02.18 20:01:34.827,1.96722,1.9676,1.00,1.00
2016.02.18 20:01:34.928,1.96723,1.96765,1.00,1.50
2016.02.18 20:01:35.548,1.96723,1.96765,1.50,1.37
2016.02.18 20:01:35.699,1.96721,1.96762,1.00,1.37
2016.02.18 20:01:35.750,1.96721,1.96762,1.00,1.00
2016.02.18 20:01:36.254,1.96722,1.96763,1.00,1.00
2016.02.18 20:01:36.355,1.9672,1.96761,1.00,1.12
2016.02.18 20:01:36.657,1.96718,1.96759,2.25,1.00
2016.02.18 20:01:36.970,1.96718,1.96757,1.50,1.00
2016.02.18 20:01:37.143,1.96714,1.96757,1.50,1.87
2016.02.18 20:01:37.649,1.96714,1.96757,1.00,1.87
2016.02.18 20:01:38.203,1.96712,1.96752,1.00,1.00
2016.02.18 20:01:38.716,1.96713,1.96753,1.00,1.37
2016.02.18 20:01:39.219,1.96712,1.96753,1.00,1.00
2016.02.18 20:01:39.270,1.96713,1.96756,1.00,1.00
2016.02.18 20:01:40.154,1.96716,1.96758,1.00,1.00
2016.02.18 20:01:40.976,1.96719,1.96758,1.00,1.00
2016.02.18 20:01:41.077,1.96717,1.96758,1.00,1.00
2016.02.18 20:01:41.178,1.96719,1.96758,1.00,1.00
2016.02.18 20:01:41.502,1.96717,1.96758,1.00,1.00
2016.02.18 20:01:41.603,1.9672,1.96758,1.00,1.00
2016.02.18 20:01:41.754,1.96716,1.96758,1.00,1.00
2016.02.18 20:01:42.281,1.96717,1.96758,1.00,1.00
2016.02.18 20:01:42.797,1.96718,1.96758,1.00,1.00
2016.02.18 20:01:43.160,1.96719,1.9676,1.00,1.12
2016.02.18 20:01:43.692,1.9672,1.9676,1.50,1.00
2016.02.18 20:01:43.793,1.9672,1.9676,1.37,1.00
2016.02.18 20:01:43.946,1.9672,1.96759,1.50,1.00
2016.02.18 20:01:44.179,1.96723,1.96759,1.00,1.00
2016.02.18 20:01:44.762,1.96723,1.9676,1.00,1.00
2016.02.18 20:01:45.468,1.96723,1.96759,1.00,1.00
2016.02.18 20:01:46.002,1.96723,1.9676,1.00,1.00
2016.02.18 20:01:46.518,1.96723,1.96759,1.00,1.00
2016.02.18 20:01:47.021,1.96723,1.9676,1.00,1.00
2016.02.18 20:01:47.536,1.96723,1.96759,1.00,1.00
2016.02.18 20:01:48.179,1.96723,1.9676,1.00,1.00
2016.02.18 20:01:48.891,1.96723,1.96765,1.00,2.25
2016.02.18 20:01:49.516,1.96727,1.96766,1.00,1.50
2016.02.18 20:01:50.039,1.96727,1.96765,1.00,1.00
2016.02.18 20:01:50.569,1.96727,1.96766,1.00,1.00
2016.02.18 20:01:51.210,1.9673,1.96766,1.00,1.00
2016.02.18 20:01:51.897,1.9673,1.96765,1.00,1.00
2016.02.18 20:01:52.253,1.96726,1.96766,1.00,1.00
2016.02.18 20:01:52.779,1.96726,1.96765,1.12,1.00
2016.02.18 20:01:53.328,1.96731,1.96766,1.00,1.00
2016.02.18 20:01:53.669,1.96727,1.96766,1.00,1.00
2016.02.18 20:01:54.182,1.96726,1.96766,1.00,1.00
2016.02.18 20:01:54.384,1.96728,1.96766,1.00,1.00
2016.02.18 20:01:54.837,1.96726,1.96766,1.00,1.00
2016.02.18 20:01:55.369,1.96728,1.96766,1.00,1.00
2016.02.18 20:01:55.722,1.9673,1.96766,1.00,1.00
2016.02.18 20:01:56.024,1.96727,1.96766,1.00,1.00
2016.02.18 20:01:56.126,1.96724,1.96764,1.00,1.00
2016.02.18 20:01:57.338,1.96723,1.96764,1.50,1.37
2016.02.18 20:01:57.842,1.96723,1.96762,1.00,1.00
2016.02.18 20:01:58.648,1.96723,1.96764,1.50,1.37
2016.02.18 20:01:59.182,1.96723,1.96764,2.25,1.12
2016.02.18 20:01:59.309,1.96723,1.96762,1.50,1.00
2016.02.18 20:01:59.935,1.96724,1.96762,1.00,1.00
2016.02.18 20:02:00.235,1.96724,1.96764,1.00,1.12
2016.02.18 20:02:00.739,1.96729,1.96764,1.00,1.12
2016.02.18 20:02:01.991,1.96728,1.96764,1.00,1.12
2016.02.18 20:02:02.098,1.96724,1.96764,1.00,1.12
2016.02.18 20:02:02.319,1.96728,1.96764,1.00,1.00
2016.02.18 20:02:02.477,1.96723,1.96764,1.50,1.00
2016.02.18 20:02:03.096,1.96729,1.96764,1.00,1.00
2016.02.18 20:02:05.619,1.96723,1.96764,2.25,1.00
2016.02.18 20:02:08.437,1.96724,1.96764,1.00,1.00
2016.02.18 20:02:08.598,1.96728,1.96766,1.00,1.00
2016.02.18 20:02:08.901,1.96737,1.9677,1.00,1.00
2016.02.18 20:02:12.933,1.96737,1.96777,1.00,1.50
2016.02.18 20:02:13.734,1.96737,1.96776,1.00,1.00
2016.02.18 20:02:14.591,1.96738,1.96776,1.00,1.00
2016.02.18 20:02:15.140,1.96739,1.96777,1.00,1.00
2016.02.18 20:02:15.732,1.96738,1.96777,1.00,1.00
2016.02.18 20:02:16.246,1.96739,1.96777,1.00,1.00
2016.02.18 20:02:16.748,1.96738,1.96777,1.50,1.00
2016.02.18 20:02:17.299,1.96739,1.96777,1.00,1.00
2016.02.18 20:02:18.002,1.96743,1.96777,1.00,1.00
2016.02.18 20:02:18.103,1.96739,1.96777,1.00,1.00
2016.02.18 20:02:18.154,1.96739,1.96782,1.00,1.00
2016.02.18 20:02:18.317,1.96744,1.96782,1.00,1.00
2016.02.18 20:02:20.156,1.96744,1.96778,1.00,1.00
2016.02.18 20:02:20.206,1.96739,1.96778,1.00,1.00
2016.02.18 20:02:20.408,1.96743,1.96778,1.00,1.00
2016.02.18 20:02:20.660,1.96743,1.96781,1.00,1.00
2016.02.18 20:02:20.963,1.96749,1.96781,1.00,1.00
2016.02.18 20:02:21.221,1.96749,1.96783,1.00,1.00
2016.02.18 20:02:21.271,1.96754,1.96783,1.00,1.00
2016.02.18 20:02:21.382,1.96748,1.96783,1.00,1.00
2016.02.18 20:02:21.839,1.96754,1.96783,1.00,1.00
2016.02.18 20:02:27.907,1.96748,1.96783,1.00,1.00
2016.02.18 20:02:28.174,1.96749,1.96786,1.00,1.00
2016.02.18 20:02:31.174,1.96748,1.96786,1.00,1.50
2016.02.18 20:02:31.685,1.96748,1.96785,1.00,1.00
2016.02.18 20:02:32.401,1.96748,1.96784,1.00,1.00
2016.02.18 20:02:32.910,1.96748,1.96785,1.00,1.00
2016.02.18 20:02:33.953,1.96753,1.96785,1.00,1.00
2016.02.18 20:02:34.004,1.96753,1.96792,1.00,1.50
2016.02.18 20:02:34.206,1.96755,1.96792,1.00,1.00
2016.02.18 20:02:34.435,1.96756,1.96796,1.00,1.00
2016.02.18 20:02:34.587,1.96756,1.96796,1.00,1.37
2016.02.18 20:02:34.638,1.96754,1.96796,1.00,1.37
2016.02.18 20:02:34.689,1.96754,1.96796,1.00,1.87
2016.02.18 20:02:34.739,1.96749,1.96789,1.50,1.00
2016.02.18 20:02:35.243,1.9675,1.96793,1.50,1.00
2016.02.18 20:02:35.494,1.96753,1.96793,1.00,1.00
2016.02.18 20:02:36.748,1.96754,1.96797,1.00,1.50
2016.02.18 20:02:36.899,1.96754,1.96797,1.00,1.37
2016.02.18 20:02:37.000,1.96754,1.96797,1.00,1.12
2016.02.18 20:02:37.101,1.96755,1.96794,1.00,1.37
2016.02.18 20:02:37.504,1.96753,1.96794,1.00,1.00
2016.02.18 20:02:37.967,1.96753,1.9679,1.00,1.00
2016.02.18 20:02:38.018,1.96751,1.9679,1.00,1.00
2016.02.18 20:02:38.269,1.96749,1.9679,2.25,1.00
2016.02.18 20:02:38.370,1.96749,1.96788,1.00,1.00
2016.02.18 20:02:38.724,1.96747,1.96788,1.00,1.00
2016.02.18 20:02:38.948,1.96749,1.9679,1.00,1.00
2016.02.18 20:02:39.299,1.96751,1.96794,1.00,1.00
2016.02.18 20:02:40.624,1.96748,1.96791,1.50,1.00
2016.02.18 20:02:40.928,1.96746,1.96787,1.00,1.00
2016.02.18 20:02:41.985,1.9675,1.96791,1.00,1.00
2016.02.18 20:02:42.328,1.9675,1.96791,1.00,1.37
2016.02.18 20:02:42.480,1.96744,1.96787,1.00,1.50
2016.02.18 20:02:44.257,1.96744,1.96786,1.00,1.00
2016.02.18 20:02:45.750,1.96744,1.96785,1.00,1.00
2016.02.18 20:02:45.851,1.96743,1.96783,1.00,1.00
2016.02.18 20:02:46.898,1.96742,1.96783,1.00,1.00
2016.02.18 20:02:47.557,1.96743,1.96783,1.00,1.00
2016.02.18 20:02:49.531,1.96744,1.96787,1.00,1.00
2016.02.18 20:02:50.796,1.96746,1.96787,1.00,1.00
2016.02.18 20:02:52.447,1.96746,1.96784,1.00,1.00
2016.02.18 20:02:54.639,1.96744,1.96784,2.25,1.00
2016.02.18 20:02:54.985,1.96746,1.96784,1.00,1.00
2016.02.18 20:02:55.288,1.96749,1.96784,1.00,1.00
2016.02.18 20:02:55.816,1.96748,1.96783,1.50,1.00
2016.02.18 20:02:56.095,1.96748,1.9679,1.50,2.25
2016.02.18 20:02:56.599,1.96748,1.96789,1.50,1.00
2016.02.18 20:02:56.700,1.96753,1.9679,1.00,2.25
2016.02.18 20:02:57.355,1.96754,1.9679,1.00,1.00
2016.02.18 20:02:57.960,1.96755,1.9679,1.00,1.00
2016.02.18 20:02:59.964,1.96754,1.96793,1.00,1.37
2016.02.18 20:03:00.115,1.96748,1.9679,1.50,1.37
2016.02.18 20:03:00.368,1.96747,1.96787,1.00,1.00
2016.02.18 20:03:00.891,1.96744,1.96787,2.25,1.00
2016.02.18 20:03:01.472,1.96746,1.96787,1.00,1.00
2016.02.18 20:03:01.573,1.96744,1.96787,2.25,1.00
2016.02.18 20:03:01.724,1.96747,1.96787,1.00,1.00
2016.02.18 20:03:01.926,1.96745,1.96787,1.00,1.37
2016.02.18 20:03:02.448,1.96745,1.96787,1.00,1.00
2016.02.18 20:03:02.977,1.96744,1.96787,2.25,1.12
2016.02.18 20:03:03.889,1.96746,1.96787,1.00,1.00
2016.02.18 20:03:04.504,1.96749,1.96789,1.00,1.00
2016.02.18 20:03:05.536,1.96753,1.96789,1.00,1.00
2016.02.18 20:03:06.578,1.96753,1.9679,1.00,1.00
2016.02.18 20:03:07.619,1.96754,1.9679,1.00,1.00
2016.02.18 20:03:08.161,1.96753,1.9679,1.00,1.00
2016.02.18 20:03:08.670,1.96754,1.9679,1.50,1.00
2016.02.18 20:03:08.922,1.96757,1.96796,1.00,1.00
2016.02.18 20:03:09.150,1.96763,1.96796,1.00,1.00
2016.02.18 20:03:09.926,1.96764,1.96796,1.00,1.00
2016.02.18 20:03:10.439,1.96769,1.96796,1.00,1.00
2016.02.18 20:03:11.070,1.96769,1.968,1.00,1.00
2016.02.18 20:03:11.471,1.96779,1.968,1.00,1.00
2016.02.18 20:03:11.522,1.96779,1.96803,1.00,1.00
2016.02.18 20:03:11.573,1.96771,1.96803,1.00,1.00
2016.02.18 20:03:11.674,1.96769,1.96804,1.00,1.00
2016.02.18 20:03:12.032,1.96767,1.96801,1.00,1.00
2016.02.18 20:03:12.380,1.96769,1.96801,1.00,1.00
2016.02.18 20:03:12.884,1.96768,1.96801,1.00,1.00
2016.02.18 20:03:13.598,1.96767,1.96801,1.00,1.00
2016.02.18 20:03:14.001,1.96769,1.96801,1.00,1.00
2016.02.18 20:03:14.546,1.96768,1.96801,1.00,1.00
2016.02.18 20:03:15.242,1.96769,1.96801,1.00,1.00
2016.02.18 20:03:15.343,1.96767,1.96801,1.00,1.00
2016.02.18 20:03:15.893,1.96768,1.96801,1.00,1.00
2016.02.18 20:03:16.096,1.9677,1.96801,1.00,1.00
2016.02.18 20:03:17.089,1.96771,1.96801,1.00,1.00
2016.02.18 20:03:17.525,1.96768,1.96801,1.00,1.00
2016.02.18 20:03:17.846,1.9677,1.96801,1.00,1.00
2016.02.18 20:03:18.299,1.96765,1.96801,1.00,1.00
2016.02.18 20:03:18.652,1.96767,1.96801,1.00,1.00
2016.02.18 20:03:18.984,1.96764,1.96801,1.00,1.00
2016.02.18 20:03:19.305,1.96768,1.96801,1.00,1.00
2016.02.18 20:03:19.835,1.96767,1.96801,1.00,1.00
2016.02.18 20:03:20.176,1.96771,1.96801,1.00,1.00
2016.02.18 20:03:20.407,1.96767,1.96801,1.00,1.00
2016.02.18 20:03:20.608,1.96769,1.96801,1.00,1.00
2016.02.18 20:03:20.825,1.96767,1.96801,1.00,1.00
2016.02.18 20:03:21.352,1.96768,1.96801,1.00,1.00
2016.02.18 20:03:22.026,1.9677,1.96801,1.00,1.00
2016.02.18 20:03:22.177,1.96768,1.96801,1.00,1.00
2016.02.18 20:03:22.278,1.96771,1.96801,1.00,1.00
2016.02.18 20:03:22.581,1.96769,1.96801,1.00,1.00
2016.02.18 20:03:23.168,1.96768,1.96801,1.00,1.00
2016.02.18 20:03:23.470,1.9677,1.96801,1.00,1.00
2016.02.18 20:03:23.797,1.96768,1.96801,1.00,1.00
2016.02.18 20:03:23.898,1.9677,1.96801,1.00,1.00
2016.02.18 20:03:25.007,1.96767,1.96801,1.00,1.00
2016.02.18 20:03:25.252,1.9677,1.96801,1.00,1.00
2016.02.18 20:03:25.569,1.96767,1.96801,1.00,1.00
2016.02.18 20:03:25.996,1.96771,1.96801,1.00,1.00
2016.02.18 20:03:26.096,1.96768,1.96801,1.00,1.00
2016.02.18 20:03:26.206,1.96771,1.96801,1.00,1.00
2016.02.18 20:03:26.459,1.96768,1.96801,1.00,1.00
2016.02.18 20:03:26.576,1.9677,1.96801,1.00,1.00
2016.02.18 20:03:27.102,1.96772,1.96801,1.00,1.00
2016.02.18 20:03:27.430,1.9677,1.96801,1.00,1.00
2016.02.18 20:03:27.562,1.96767,1.96801,1.00,1.00
2016.02.18 20:03:27.662,1.9677,1.96801,1.00,1.00
2016.02.18 20:03:28.186,1.96771,1.96801,1.00,1.00
2016.02.18 20:03:28.628,1.96768,1.96801,1.00,1.00
2016.02.18 20:03:28.779,1.9677,1.96801,1.00,1.00
2016.02.18 20:03:29.287,1.96771,1.96801,1.00,1.00
2016.02.18 20:03:29.506,1.96768,1.96801,1.00,1.00
2016.02.18 20:03:29.876,1.9677,1.96801,1.00,1.00
2016.02.18 20:03:30.201,1.96768,1.96801,1.00,1.00
2016.02.18 20:03:30.752,1.9677,1.96801,1.00,1.00
2016.02.18 20:03:31.087,1.96772,1.96801,1.00,1.00
2016.02.18 20:03:31.389,1.96768,1.96801,1.00,1.00
2016.02.18 20:03:31.490,1.9677,1.96801,1.00,1.00
2016.02.18 20:03:32.069,1.96771,1.96801,1.00,1.00
2016.02.18 20:03:32.518,1.96766,1.96801,1.00,1.00
2016.02.18 20:03:33.507,1.96768,1.96801,1.00,1.00
2016.02.18 20:03:33.608,1.96766,1.96801,1.00,1.00
2016.02.18 20:03:34.126,1.96768,1.96801,1.00,1.00
2016.02.18 20:03:34.346,1.96766,1.96801,1.00,1.00
2016.02.18 20:03:34.718,1.96768,1.96801,1.00,1.00
2016.02.18 20:03:34.917,1.96766,1.96801,1.00,1.00
2016.02.18 20:03:35.268,1.96768,1.96801,1.00,1.00
2016.02.18 20:03:35.369,1.96766,1.96801,1.00,1.00
2016.02.18 20:03:35.556,1.96769,1.96801,1.00,1.00
2016.02.18 20:03:35.909,1.96771,1.96801,1.00,1.00
2016.02.18 20:03:36.483,1.9677,1.96801,1.00,1.00
2016.02.18 20:03:36.586,1.96767,1.96801,1.00,1.00
2016.02.18 20:03:36.656,1.96769,1.96801,1.00,1.00
2016.02.18 20:03:36.921,1.96767,1.96801,1.00,1.00
2016.02.18 20:03:37.365,1.9677,1.96801,1.00,1.00
2016.02.18 20:03:37.466,1.96768,1.96801,1.00,1.00
2016.02.18 20:03:38.330,1.96771,1.96801,1.00,1.00
2016.02.18 20:03:38.545,1.96768,1.96801,1.00,1.00
2016.02.18 20:03:38.646,1.96771,1.96801,1.00,1.00
2016.02.18 20:03:38.856,1.96768,1.96801,1.00,1.00
2016.02.18 20:03:38.957,1.96768,1.96805,1.50,1.00
2016.02.18 20:03:39.008,1.96768,1.96809,1.50,1.00
2016.02.18 20:03:39.076,1.9677,1.96809,1.00,1.00
2016.02.18 20:03:39.586,1.96771,1.96809,1.00,1.12
2016.02.18 20:03:39.637,1.96768,1.96809,1.50,1.12
2016.02.18 20:03:40.176,1.96769,1.96809,1.00,1.12
2016.02.18 20:03:40.687,1.96768,1.96809,1.50,1.12
2016.02.18 20:03:40.738,1.9677,1.96809,1.00,1.12
2016.02.18 20:03:40.983,1.96768,1.96809,1.00,1.00
2016.02.18 20:03:41.212,1.9677,1.96809,1.00,1.00
2016.02.18 20:03:41.513,1.96768,1.96809,1.00,1.12
2016.02.18 20:03:43.484,1.96771,1.96809,1.00,1.00
2016.02.18 20:03:43.635,1.96769,1.96809,1.00,1.00
2016.02.18 20:03:44.187,1.96768,1.96809,1.00,1.00
2016.02.18 20:03:45.479,1.9677,1.96809,1.00,1.00
2016.02.18 20:03:45.717,1.96768,1.96809,1.00,1.00
2016.02.18 20:03:45.825,1.9677,1.96809,1.00,1.00
2016.02.18 20:03:46.027,1.96768,1.96809,1.00,1.00
2016.02.18 20:03:47.234,1.9677,1.96809,1.00,1.00
2016.02.18 20:03:47.437,1.96768,1.96809,1.00,1.00
2016.02.18 20:03:47.966,1.96769,1.96809,1.00,1.00
2016.02.18 20:03:48.478,1.96768,1.96809,1.00,1.00
2016.02.18 20:03:48.710,1.96771,1.96809,1.00,1.00
2016.02.18 20:03:48.933,1.96768,1.96809,1.00,1.00
2016.02.18 20:03:49.006,1.9677,1.96809,1.00,1.00
2016.02.18 20:03:49.270,1.96768,1.96809,1.00,1.00
2016.02.18 20:03:49.673,1.9677,1.96809,1.00,1.00
2016.02.18 20:03:49.901,1.96768,1.96809,1.00,1.00
2016.02.18 20:03:50.424,1.96769,1.96809,1.00,1.00
2016.02.18 20:03:50.928,1.96768,1.96809,1.00,1.00
2016.02.18 20:03:51.646,1.96769,1.96809,1.00,1.00
2016.02.18 20:03:52.328,1.96768,1.96809,1.00,1.00
2016.02.18 20:03:53.232,1.96769,1.96809,1.00,1.00
2016.02.18 20:03:53.741,1.96768,1.96809,1.00,1.00
2016.02.18 20:03:54.201,1.9677,1.96809,1.00,1.00
2016.02.18 20:03:54.402,1.96768,1.96809,1.00,1.00
2016.02.18 20:03:55.208,1.96771,1.96809,1.00,1.00
2016.02.18 20:03:55.611,1.96768,1.96809,1.00,1.00
2016.02.18 20:03:56.117,1.96767,1.96808,1.00,1.00
2016.02.18 20:03:56.268,1.9677,1.96812,1.00,1.00
2016.02.18 20:03:56.470,1.96766,1.96807,1.50,1.00
2016.02.18 20:03:56.799,1.9677,1.9681,1.00,1.00
2016.02.18 20:03:57.311,1.96769,1.9681,1.00,1.00
2016.02.18 20:03:58.932,1.96769,1.9681,1.00,1.37
2016.02.18 20:03:59.286,1.96771,1.9681,1.00,1.00
2016.02.18 20:03:59.387,1.96771,1.96814,1.50,1.37
2016.02.18 20:03:59.741,1.96771,1.96814,1.00,1.37
2016.02.18 20:03:59.792,1.96769,1.9681,1.00,1.37
2016.02.18 20:04:00.309,1.96772,1.96812,1.00,1.00
2016.02.18 20:04:00.460,1.96774,1.96817,1.00,1.87
2016.02.18 20:04:00.612,1.96774,1.96817,1.00,1.37
2016.02.18 20:04:00.767,1.96771,1.96813,1.00,1.12
2016.02.18 20:04:00.972,1.96774,1.96816,1.00,1.00
2016.02.18 20:04:01.756,1.96774,1.96816,1.00,1.37
2016.02.18 20:04:01.857,1.96774,1.96816,1.00,1.00
2016.02.18 20:04:02.160,1.96774,1.96816,1.00,1.37
2016.02.18 20:04:02.261,1.96774,1.96816,1.00,1.00
2016.02.18 20:04:02.563,1.96771,1.96813,1.00,1.00
2016.02.18 20:04:03.133,1.96775,1.96815,1.00,1.37
2016.02.18 20:04:03.435,1.96773,1.96816,1.00,1.12
2016.02.18 20:04:03.536,1.96774,1.96812,1.00,1.00
2016.02.18 20:04:03.587,1.96774,1.96815,1.50,1.00
2016.02.18 20:04:04.091,1.96774,1.96815,1.00,1.37
2016.02.18 20:04:04.141,1.96768,1.96808,1.50,1.00
2016.02.18 20:04:04.524,1.96771,1.96808,1.00,1.00
2016.02.18 20:04:04.635,1.96771,1.96813,1.50,1.12
2016.02.18 20:04:04.888,1.96773,1.96813,1.00,1.00
2016.02.18 20:04:05.545,1.96771,1.96813,1.50,1.00
2016.02.18 20:04:07.731,1.96771,1.96813,1.00,1.37
2016.02.18 20:04:08.269,1.96772,1.96813,1.00,1.00
2016.02.18 20:04:08.805,1.96771,1.96813,1.00,1.12
2016.02.18 20:04:09.330,1.96771,1.96813,1.00,1.37
2016.02.18 20:04:09.836,1.96771,1.96813,1.00,1.00
2016.02.18 20:04:11.558,1.96772,1.96813,1.00,1.00
2016.02.18 20:04:12.061,1.96771,1.96813,1.00,1.12
2016.02.18 20:04:12.896,1.96772,1.96813,1.00,1.00
2016.02.18 20:04:13.426,1.96771,1.96813,1.00,1.00
2016.02.18 20:04:13.973,1.96771,1.96813,1.00,1.37
2016.02.18 20:04:14.517,1.96771,1.96813,1.00,1.12
2016.02.18 20:04:15.672,1.96766,1.96809,1.50,1.00
2016.02.18 20:04:16.327,1.96769,1.96809,1.00,1.00
2016.02.18 20:04:16.429,1.96767,1.96809,1.00,1.00
2016.02.18 20:04:16.530,1.96771,1.96809,1.00,1.00
2016.02.18 20:04:16.683,1.96771,1.96812,1.00,1.00
2016.02.18 20:04:16.876,1.96769,1.96812,1.00,1.37
2016.02.18 20:04:17.279,1.96767,1.96808,1.50,1.00
2016.02.18 20:04:19.042,1.96769,1.96808,1.00,1.00
2016.02.18 20:04:19.293,1.96767,1.96808,1.50,1.00
2016.02.18 20:04:19.916,1.96769,1.96808,1.00,1.00
2016.02.18 20:04:20.067,1.96767,1.96808,1.50,1.00
2016.02.18 20:04:20.288,1.9677,1.96808,1.00,1.00
2016.02.18 20:04:20.599,1.96767,1.96808,1.00,1.00
2016.02.18 20:04:20.700,1.96769,1.96808,1.00,1.00
2016.02.18 20:04:20.801,1.96771,1.96811,1.00,1.00
2016.02.18 20:04:21.326,1.9677,1.96811,1.00,1.00
2016.02.18 20:04:21.829,1.96771,1.96811,1.00,1.00
2016.02.18 20:04:22.333,1.9677,1.96811,1.00,1.00
2016.02.18 20:04:22.843,1.96771,1.96811,1.00,1.00
2016.02.18 20:04:23.279,1.96767,1.96809,1.00,1.00
2016.02.18 20:04:23.481,1.9677,1.96809,1.00,1.00
2016.02.18 20:04:24.096,1.96769,1.96812,1.00,1.12
2016.02.18 20:04:24.197,1.96767,1.96809,1.00,1.00
2016.02.18 20:04:24.549,1.96771,1.96809,1.00,1.00
2016.02.18 20:04:24.701,1.96771,1.96813,1.00,1.12
2016.02.18 20:04:25.209,1.9677,1.96813,1.00,1.12
2016.02.18 20:04:26.006,1.9677,1.96813,1.50,1.37
2016.02.18 20:04:26.314,1.96773,1.96813,1.00,1.00
2016.02.18 20:04:26.666,1.9677,1.96813,1.00,1.00
2016.02.18 20:04:26.717,1.9677,1.96813,1.00,1.37
2016.02.18 20:04:26.818,1.9677,1.96813,1.00,1.37
2016.02.18 20:04:27.518,1.9677,1.96813,1.00,1.37
2016.02.18 20:04:27.568,1.96768,1.96809,1.00,1.00
2016.02.18 20:04:27.619,1.96771,1.96809,1.00,1.00
2016.02.18 20:04:27.719,1.96771,1.96811,1.00,1.00
2016.02.18 20:04:27.972,1.96773,1.96811,1.00,1.00
2016.02.18 20:04:28.072,1.9677,1.96811,1.00,1.00
2016.02.18 20:04:28.224,1.96765,1.96808,1.00,1.00
2016.02.18 20:04:28.407,1.96767,1.96808,1.00,1.00
2016.02.18 20:04:28.756,1.96765,1.96808,1.00,1.00
2016.02.18 20:04:28.857,1.96769,1.96808,1.00,1.00
2016.02.18 20:04:28.908,1.96769,1.96811,1.00,1.00
2016.02.18 20:04:29.612,1.96768,1.96811,1.00,1.12
2016.02.18 20:04:30.228,1.96768,1.96811,1.00,1.37
2016.02.18 20:04:30.608,1.96768,1.96807,1.00,1.00
2016.02.18 20:04:30.760,1.9677,1.96812,1.00,1.00
2016.02.18 20:04:31.030,1.96772,1.96812,1.00,1.00
2016.02.18 20:04:31.181,1.96769,1.96812,1.00,1.00
2016.02.18 20:04:31.340,1.96768,1.96809,1.00,1.00
2016.02.18 20:04:31.491,1.9677,1.96812,1.00,1.00
2016.02.18 20:04:32.227,1.9677,1.96812,1.37,1.00
2016.02.18 20:04:32.278,1.96773,1.96815,1.00,1.50
2016.02.18 20:04:33.448,1.96774,1.96815,1.00,1.50
2016.02.18 20:04:33.969,1.96773,1.96815,1.00,1.00
2016.02.18 20:04:34.171,1.96776,1.96818,1.00,1.00
2016.02.18 20:04:34.491,1.96773,1.96814,1.00,1.00
2016.02.18 20:04:36.049,1.96776,1.96817,1.00,1.00
2016.02.18 20:04:36.869,1.96774,1.96814,1.00,1.00
2016.02.18 20:04:37.373,1.96773,1.96814,1.00,1.00
2016.02.18 20:04:37.978,1.96774,1.96814,1.00,1.00
2016.02.18 20:04:38.583,1.96773,1.96814,1.00,1.00
2016.02.18 20:04:39.122,1.96774,1.96814,1.00,1.00
2016.02.18 20:04:39.672,1.96773,1.96814,1.00,1.00
2016.02.18 20:04:40.963,1.96774,1.96814,1.00,1.00
2016.02.18 20:04:41.495,1.96773,1.96814,1.00,1.00
2016.02.18 20:04:42.368,1.96776,1.96817,1.00,1.00
2016.02.18 20:04:43.354,1.96773,1.96814,1.00,1.00
2016.02.18 20:04:43.858,1.96775,1.96818,1.00,1.50
2016.02.18 20:04:44.160,1.96773,1.96814,1.00,1.00
2016.02.18 20:04:44.500,1.96777,1.96814,1.00,1.00
2016.02.18 20:04:44.702,1.96773,1.96814,1.00,1.00
2016.02.18 20:04:45.934,1.96773,1.96814,1.00,1.37
2016.02.18 20:04:46.353,1.96771,1.96807,1.50,1.00
2016.02.18 20:04:46.404,1.96776,1.96814,1.00,1.00
2016.02.18 20:04:46.455,1.96778,1.96818,1.00,1.00
2016.02.18 20:04:46.983,1.96777,1.96818,1.00,1.00
2016.02.18 20:04:47.506,1.96778,1.96818,1.00,1.37
2016.02.18 20:04:47.607,1.96777,1.96813,1.00,1.00
2016.02.18 20:04:48.136,1.96778,1.96813,1.00,1.00
2016.02.18 20:04:48.187,1.96776,1.96813,1.00,1.00
2016.02.18 20:04:48.338,1.96778,1.96813,1.00,1.00
2016.02.18 20:04:48.490,1.96778,1.96817,1.00,1.00
2016.02.18 20:04:49.420,1.96776,1.96817,1.50,1.00
2016.02.18 20:04:50.385,1.96777,1.96817,1.00,1.00
2016.02.18 20:04:52.845,1.96776,1.96817,1.50,1.00
2016.02.18 20:04:53.674,1.96776,1.96815,1.00,1.50
2016.02.18 20:04:54.356,1.96777,1.96815,1.00,1.50
2016.02.18 20:04:54.876,1.96776,1.96815,1.00,1.50
2016.02.18 20:04:55.601,1.96777,1.96815,1.00,1.00
2016.02.18 20:04:56.105,1.96775,1.96815,1.50,1.00
2016.02.18 20:04:56.890,1.96776,1.96815,1.00,1.87
2016.02.18 20:04:57.799,1.96777,1.96815,1.00,1.50
2016.02.18 20:04:58.327,1.96776,1.96815,1.00,1.50
2016.02.18 20:04:58.428,1.96774,1.96815,1.00,1.00
2016.02.18 20:04:58.745,1.96776,1.96815,1.00,1.00
2016.02.18 20:05:01.288,1.96778,1.96815,1.00,1.00
2016.02.18 20:05:02.006,1.96778,1.96816,1.00,1.00
2016.02.18 20:05:02.157,1.96776,1.96816,1.00,1.00
2016.02.18 20:05:04.832,1.96775,1.96816,1.00,1.00
2016.02.18 20:05:05.424,1.96776,1.96815,1.00,1.50
2016.02.18 20:05:06.225,1.96774,1.96815,1.00,1.50
2016.02.18 20:05:06.331,1.96774,1.96811,1.00,1.00
2016.02.18 20:05:06.590,1.96774,1.96815,1.00,1.50
2016.02.18 20:05:06.691,1.96777,1.96815,1.00,1.50
2016.02.18 20:05:06.993,1.96777,1.96812,1.00,1.00
2016.02.18 20:05:07.044,1.96774,1.96812,1.00,1.00
2016.02.18 20:05:07.341,1.96776,1.96812,1.00,1.00
2016.02.18 20:05:07.441,1.96776,1.96814,1.00,1.00
2016.02.18 20:05:07.593,1.96776,1.96812,1.00,1.00
2016.02.18 20:05:07.694,1.96776,1.96816,1.00,1.50
2016.02.18 20:05:08.617,1.96776,1.96815,1.00,1.00
2016.02.18 20:05:08.897,1.96774,1.96816,1.00,1.50
2016.02.18 20:05:09.401,1.96774,1.96815,1.00,1.00
2016.02.18 20:05:09.965,1.96773,1.96815,1.50,1.00
2016.02.18 20:05:10.309,1.96775,1.96815,1.00,1.00
2016.02.18 20:05:10.684,1.96775,1.96812,1.00,1.00
2016.02.18 20:05:10.785,1.96769,1.96812,1.00,1.37
2016.02.18 20:05:10.886,1.96767,1.96808,1.00,1.00
2016.02.18 20:05:10.987,1.96771,1.96809,1.00,1.00
2016.02.18 20:05:11.088,1.96767,1.96809,1.00,1.37
2016.02.18 20:05:11.189,1.96769,1.96809,1.00,1.37
2016.02.18 20:05:11.290,1.96767,1.96809,1.00,1.00
2016.02.18 20:05:11.821,1.96767,1.96809,1.00,1.37
2016.02.18 20:05:12.539,1.96766,1.96809,1.00,1.37
2016.02.18 20:05:13.639,1.96766,1.96809,1.50,1.12
2016.02.18 20:05:13.689,1.96766,1.96805,1.00,1.00
2016.02.18 20:05:13.740,1.96764,1.96805,1.00,1.00
2016.02.18 20:05:13.949,1.96768,1.96805,1.00,1.00
2016.02.18 20:05:14.302,1.96764,1.96805,1.00,1.00
2016.02.18 20:05:14.403,1.96769,1.96805,1.00,1.00
2016.02.18 20:05:14.504,1.96766,1.96809,1.50,1.00
2016.02.18 20:05:15.050,1.96767,1.96809,1.00,1.00
2016.02.18 20:05:15.807,1.96766,1.96809,1.50,1.00
2016.02.18 20:05:16.588,1.96767,1.96809,1.00,1.00
2016.02.18 20:05:17.207,1.96766,1.96809,1.50,1.00
2016.02.18 20:05:17.787,1.96768,1.96809,1.00,1.00
2016.02.18 20:05:18.215,1.9677,1.96809,1.00,1.12
2016.02.18 20:05:18.689,1.96768,1.96809,1.00,1.12
2016.02.18 20:05:19.218,1.96767,1.96809,1.00,1.37
2016.02.18 20:05:19.742,1.96766,1.96809,1.50,1.37
2016.02.18 20:05:20.297,1.96767,1.96809,1.00,1.00
2016.02.18 20:05:20.348,1.9677,1.96809,1.00,1.00
2016.02.18 20:05:20.449,1.96768,1.96809,1.00,1.37
2016.02.18 20:05:20.955,1.96768,1.96809,1.00,1.00
2016.02.18 20:05:21.006,1.96766,1.96809,1.50,1.00
2016.02.18 20:05:21.515,1.96767,1.96809,1.00,1.00
2016.02.18 20:05:22.065,1.96766,1.96809,1.50,1.00
2016.02.18 20:05:22.331,1.96768,1.96804,1.00,1.00
2016.02.18 20:05:22.634,1.96761,1.96802,1.00,1.00
2016.02.18 20:05:22.684,1.9676,1.96799,1.00,1.12
2016.02.18 20:05:23.032,1.96755,1.96794,1.00,1.00
2016.02.18 20:05:23.083,1.96753,1.96794,1.50,1.00
2016.02.18 20:05:23.261,1.96755,1.96794,1.00,1.00
2016.02.18 20:05:23.413,1.96753,1.96794,1.00,1.00
2016.02.18 20:05:23.463,1.96755,1.96797,1.00,1.37
2016.02.18 20:05:23.986,1.96755,1.96797,1.00,1.37
2016.02.18 20:05:24.238,1.96753,1.96793,1.50,1.00
2016.02.18 20:05:24.818,1.96754,1.96793,1.00,1.00
2016.02.18 20:05:25.342,1.96753,1.96793,1.50,1.00
2016.02.18 20:05:26.410,1.96753,1.96793,1.00,1.37
2016.02.18 20:05:26.947,1.96753,1.96793,1.50,1.00
2016.02.18 20:05:28.353,1.96755,1.96793,1.00,1.00
2016.02.18 20:05:29.113,1.96753,1.96793,1.50,1.00
2016.02.18 20:05:30.317,1.96753,1.96793,1.50,1.37
2016.02.18 20:05:30.870,1.96753,1.96793,1.00,1.00
2016.02.18 20:05:32.869,1.96754,1.96793,1.00,1.00
2016.02.18 20:05:33.984,1.96753,1.96793,1.00,1.00
2016.02.18 20:05:34.849,1.96755,1.96793,1.00,1.00
2016.02.18 20:05:35.180,1.96753,1.96793,1.00,1.12
2016.02.18 20:05:35.925,1.96756,1.96793,1.00,1.00
2016.02.18 20:05:36.191,1.96754,1.96793,1.00,1.00
2016.02.18 20:05:36.493,1.96757,1.96793,1.00,1.00
2016.02.18 20:05:36.594,1.96756,1.96797,1.00,1.00
2016.02.18 20:05:36.646,1.96753,1.96795,1.00,1.00
2016.02.18 20:05:36.697,1.96755,1.96795,1.00,1.00
2016.02.18 20:05:37.145,1.96752,1.96795,1.00,1.00
2016.02.18 20:05:37.397,1.96756,1.96797,1.00,1.00
2016.02.18 20:05:37.549,1.96752,1.96795,1.50,1.00
2016.02.18 20:05:37.599,1.96755,1.96795,1.00,1.00
2016.02.18 20:05:38.032,1.96753,1.96795,1.00,1.12
2016.02.18 20:05:38.547,1.96752,1.96795,1.50,1.00
2016.02.18 20:05:39.454,1.96756,1.96795,1.00,1.00
2016.02.18 20:05:39.605,1.96753,1.96795,1.00,1.00
2016.02.18 20:05:40.121,1.96752,1.96795,1.50,1.00
2016.02.18 20:05:40.222,1.96754,1.96795,1.00,1.00
2016.02.18 20:05:40.374,1.96752,1.96795,1.50,1.12
2016.02.18 20:05:40.435,1.96754,1.96795,1.00,1.12
2016.02.18 20:05:40.758,1.96756,1.96795,1.00,1.00
2016.02.18 20:05:40.895,1.96752,1.96795,1.00,1.12
2016.02.18 20:05:41.363,1.96755,1.96795,1.00,1.00
2016.02.18 20:05:41.862,1.96756,1.96797,1.00,1.00
2016.02.18 20:05:42.366,1.96755,1.96797,1.00,1.37
2016.02.18 20:05:42.417,1.96751,1.96793,1.50,1.00
2016.02.18 20:05:42.645,1.96755,1.96793,1.00,1.00
2016.02.18 20:05:43.313,1.96753,1.96793,1.00,1.00
2016.02.18 20:05:43.414,1.96755,1.96798,1.00,1.50
2016.02.18 20:05:43.465,1.96755,1.96798,1.00,1.37
2016.02.18 20:05:43.769,1.96753,1.96793,1.00,1.00
2016.02.18 20:05:43.871,1.96756,1.96797,1.00,1.00
2016.02.18 20:05:44.425,1.96754,1.96797,1.00,1.00
2016.02.18 20:05:44.980,1.96755,1.96797,1.00,1.00
2016.02.18 20:05:45.524,1.96754,1.96797,1.00,1.12
2016.02.18 20:05:52.649,1.96756,1.96797,1.00,1.00
2016.02.18 20:05:52.801,1.96754,1.96797,1.00,1.00
2016.02.18 20:05:52.852,1.96752,1.96793,1.00,1.00
2016.02.18 20:05:53.165,1.96754,1.96797,1.00,1.00
2016.02.18 20:05:53.880,1.96755,1.96797,1.00,1.00
2016.02.18 20:05:54.384,1.96754,1.96797,1.00,1.12
2016.02.18 20:05:55.005,1.96752,1.96792,1.00,1.00
2016.02.18 20:05:55.259,1.96754,1.96796,1.50,1.00
2016.02.18 20:05:55.410,1.96756,1.96796,1.00,1.00
2016.02.18 20:05:55.588,1.96754,1.96796,1.00,1.00
2016.02.18 20:05:56.897,1.96754,1.96796,1.00,1.37
2016.02.18 20:05:57.099,1.96753,1.96792,1.50,1.00
2016.02.18 20:05:57.961,1.96754,1.96792,1.00,1.00
2016.02.18 20:05:58.509,1.96753,1.96792,1.00,1.00
2016.02.18 20:05:58.812,1.96755,1.96795,1.00,1.00
2016.02.18 20:06:00.243,1.96755,1.96795,1.00,1.37
2016.02.18 20:06:00.344,1.96753,1.96792,1.50,1.00
2016.02.18 20:06:00.839,1.96755,1.96792,1.00,1.00
2016.02.18 20:06:00.940,1.96754,1.96796,1.00,1.00
2016.02.18 20:06:01.148,1.96756,1.96796,1.00,1.00
2016.02.18 20:06:01.601,1.96753,1.96796,1.50,1.12
2016.02.18 20:06:01.702,1.96756,1.96796,1.00,1.00
2016.02.18 20:06:01.803,1.96753,1.96796,2.25,1.00
2016.02.18 20:06:02.348,1.96754,1.96796,1.00,1.00
2016.02.18 20:06:02.767,1.96756,1.96796,1.00,1.00
2016.02.18 20:06:02.969,1.96754,1.96796,1.00,1.00
2016.02.18 20:06:03.887,1.96756,1.96796,1.00,1.00
2016.02.18 20:06:04.092,1.96754,1.96796,1.00,1.37
2016.02.18 20:06:04.596,1.96754,1.96796,1.50,1.00
2016.02.18 20:06:04.647,1.96756,1.96796,1.00,1.00
2016.02.18 20:06:05.014,1.96754,1.96796,1.50,1.00
2016.02.18 20:06:05.115,1.96756,1.96796,1.00,1.00
2016.02.18 20:06:05.216,1.96754,1.96796,1.00,1.12
2016.02.18 20:06:05.425,1.96756,1.96796,1.00,1.00
2016.02.18 20:06:06.284,1.96755,1.96796,1.00,1.00
2016.02.18 20:06:06.586,1.96757,1.96796,1.00,1.00
2016.02.18 20:06:06.844,1.96755,1.96796,1.00,1.12
2016.02.18 20:06:07.348,1.96756,1.96796,1.00,1.00
2016.02.18 20:06:07.631,1.96758,1.96796,1.00,1.00
2016.02.18 20:06:08.277,1.96756,1.96796,1.00,1.00
2016.02.18 20:06:08.378,1.96759,1.96796,1.00,1.00
2016.02.18 20:06:08.883,1.96758,1.96796,1.00,1.00
2016.02.18 20:06:08.934,1.96756,1.96796,1.00,1.00
2016.02.18 20:06:09.629,1.96755,1.96796,1.00,1.00
2016.02.18 20:06:09.831,1.96757,1.96796,1.00,1.00
2016.02.18 20:06:10.335,1.96756,1.96796,1.00,1.00
2016.02.18 20:06:10.643,1.96758,1.96796,1.00,1.00
2016.02.18 20:06:10.694,1.96755,1.96796,1.00,1.00
2016.02.18 20:06:10.811,1.96759,1.96796,1.00,1.00
2016.02.18 20:06:10.912,1.96754,1.96796,1.00,1.00
2016.02.18 20:06:11.053,1.96758,1.96796,1.00,1.00
2016.02.18 20:06:11.255,1.96753,1.96796,2.25,1.00
2016.02.18 20:06:11.356,1.96756,1.96796,1.00,1.00
2016.02.18 20:06:12.021,1.96755,1.96796,1.00,1.00
2016.02.18 20:06:12.273,1.96753,1.96796,1.50,1.37
2016.02.18 20:06:12.475,1.96754,1.96792,1.00,1.37
2016.02.18 20:06:12.885,1.96754,1.96788,1.00,1.00
2016.02.18 20:06:13.423,1.96753,1.96788,1.00,1.00
2016.02.18 20:06:13.474,1.96753,1.96792,1.00,1.00
2016.02.18 20:06:14.127,1.96751,1.96792,1.00,1.12
2016.02.18 20:06:14.458,1.96754,1.96792,1.00,1.12
2016.02.18 20:06:14.680,1.96751,1.96792,1.00,1.12
2016.02.18 20:06:15.194,1.9675,1.96792,1.00,1.12
2016.02.18 20:06:15.331,1.96752,1.96792,1.00,1.12
2016.02.18 20:06:15.835,1.96751,1.96792,1.00,1.12
2016.02.18 20:06:16.334,1.96754,1.96792,1.00,1.00
2016.02.18 20:06:16.637,1.96752,1.96792,1.00,1.12
2016.02.18 20:06:16.738,1.9675,1.96792,1.00,1.12
2016.02.18 20:06:17.266,1.96751,1.96792,1.00,1.12
2016.02.18 20:06:17.367,1.96749,1.96792,2.25,1.12
2016.02.18 20:06:17.615,1.96752,1.96792,1.00,1.12
2016.02.18 20:06:17.917,1.96751,1.96788,1.00,1.00
2016.02.18 20:06:18.494,1.96749,1.96788,1.00,1.00
2016.02.18 20:06:18.741,1.96751,1.96788,1.00,1.00
2016.02.18 20:06:19.095,1.96749,1.96788,1.50,1.00
2016.02.18 20:06:19.297,1.96754,1.96791,1.00,1.00
2016.02.18 20:06:20.727,1.96749,1.96791,2.25,1.00
2016.02.18 20:06:20.929,1.96752,1.96791,1.00,1.00
2016.02.18 20:06:21.151,1.96749,1.96791,3.00,1.00
2016.02.18 20:06:21.252,1.96752,1.96791,1.00,1.00
2016.02.18 20:06:21.473,1.96749,1.96791,1.50,1.00
2016.02.18 20:06:21.624,1.96752,1.96791,1.00,1.00
2016.02.18 20:06:21.725,1.96749,1.96791,1.50,1.00
2016.02.18 20:06:22.027,1.96752,1.96791,1.00,1.00
2016.02.18 20:06:22.279,1.96749,1.96791,1.50,1.00
2016.02.18 20:06:22.481,1.96752,1.96791,1.00,1.00
2016.02.18 20:06:23.004,1.96753,1.96791,1.00,1.00
2016.02.18 20:06:23.236,1.96749,1.96791,1.50,1.00
2016.02.18 20:06:23.337,1.96753,1.96791,1.00,1.00
2016.02.18 20:06:23.589,1.9675,1.96791,1.00,1.00
2016.02.18 20:06:24.109,1.96751,1.96791,1.00,1.00
2016.02.18 20:06:24.362,1.96749,1.96791,2.25,1.00
2016.02.18 20:06:24.661,1.96751,1.96791,1.00,1.00
2016.02.18 20:06:24.813,1.96749,1.96791,3.00,1.00
2016.02.18 20:06:24.914,1.96752,1.96791,1.00,1.00
2016.02.18 20:06:25.556,1.96749,1.96791,3.00,1.00
2016.02.18 20:06:25.765,1.96749,1.96786,1.00,1.00
2016.02.18 20:06:25.916,1.96743,1.96783,1.00,1.00
2016.02.18 20:06:25.966,1.96745,1.96785,1.00,1.12
2016.02.18 20:06:26.370,1.96744,1.96782,1.00,1.00
2016.02.18 20:06:26.868,1.96742,1.96782,1.00,1.00
2016.02.18 20:06:27.077,1.96744,1.96782,1.00,1.00
2016.02.18 20:06:27.229,1.96742,1.96782,1.00,1.00
2016.02.18 20:06:27.632,1.96744,1.96782,1.00,1.00
2016.02.18 20:06:28.224,1.96742,1.96782,1.00,1.00
2016.02.18 20:06:28.727,1.96741,1.96782,1.00,1.00
2016.02.18 20:06:28.879,1.96743,1.96782,1.00,1.00
2016.02.18 20:06:29.128,1.96741,1.96782,1.00,1.00
2016.02.18 20:06:29.285,1.96744,1.96782,1.00,1.00
2016.02.18 20:06:29.617,1.96739,1.96777,1.00,1.12
2016.02.18 20:06:30.138,1.96739,1.96777,1.00,1.37
2016.02.18 20:06:30.461,1.96738,1.96774,1.00,1.00
2016.02.18 20:06:30.894,1.96738,1.96778,1.50,1.37
2016.02.18 20:06:30.945,1.96744,1.96778,1.00,1.00
2016.02.18 20:06:31.147,1.96744,1.96783,1.00,1.50
2016.02.18 20:06:31.952,1.96743,1.96783,1.50,1.00
2016.02.18 20:06:32.704,1.96749,1.96783,1.00,1.00
2016.02.18 20:06:32.925,1.96745,1.96783,1.00,1.00
2016.02.18 20:06:34.805,1.96743,1.96783,1.50,1.00
2016.02.18 20:06:38.092,1.96745,1.96783,1.00,1.00
2016.02.18 20:06:38.758,1.96743,1.96783,1.50,1.00
2016.02.18 20:06:39.758,1.96743,1.96782,1.50,1.00
2016.02.18 20:06:39.859,1.96745,1.96782,1.00,1.00
2016.02.18 20:06:40.079,1.96743,1.96782,1.50,1.00
2016.02.18 20:06:40.311,1.96749,1.96782,1.00,1.00
2016.02.18 20:06:40.735,1.96743,1.96783,1.00,1.50
2016.02.18 20:06:42.632,1.96749,1.96783,1.00,1.00
2016.02.18 20:06:42.936,1.96745,1.96783,1.00,1.00
2016.02.18 20:06:46.585,1.96749,1.96783,1.00,1.00
2016.02.18 20:06:46.794,1.96745,1.96783,1.00,1.00
2016.02.18 20:06:46.996,1.96743,1.96783,1.50,1.00
2016.02.18 20:06:47.690,1.96746,1.96783,1.00,1.00
2016.02.18 20:06:48.004,1.96749,1.96783,1.00,1.00
2016.02.18 20:06:48.583,1.96748,1.96783,1.00,1.00
2016.02.18 20:06:50.777,1.96749,1.96783,1.00,1.00
2016.02.18 20:06:51.185,1.96744,1.96783,1.00,1.00
2016.02.18 20:06:51.405,1.96746,1.96783,1.00,1.00
2016.02.18 20:06:51.754,1.96743,1.96783,1.50,1.00
2016.02.18 20:06:52.006,1.96748,1.96783,1.00,1.00
2016.02.18 20:06:52.520,1.96749,1.96783,1.00,1.00
2016.02.18 20:06:52.671,1.96743,1.96783,1.50,1.00
2016.02.18 20:06:52.942,1.96746,1.96783,1.00,1.00
2016.02.18 20:06:53.259,1.96749,1.96783,1.00,1.00
2016.02.18 20:06:54.558,1.96748,1.96783,1.00,1.00
2016.02.18 20:06:56.310,1.96749,1.96783,1.00,1.00
2016.02.18 20:06:57.595,1.96748,1.96783,1.00,1.00
2016.02.18 20:06:58.257,1.96747,1.96783,1.00,1.00
2016.02.18 20:06:58.465,1.96745,1.96783,1.00,1.00
2016.02.18 20:06:58.516,1.96745,1.96781,1.00,1.37
2016.02.18 20:06:58.567,1.96739,1.96776,1.00,1.00
2016.02.18 20:06:58.617,1.96739,1.96773,1.00,1.00
2016.02.18 20:06:58.718,1.96738,1.96775,1.00,1.00
2016.02.18 20:06:59.466,1.96738,1.96771,1.00,1.00
2016.02.18 20:07:00.456,1.96739,1.96776,1.00,1.00
2016.02.18 20:07:01.010,1.96743,1.96776,1.00,1.00
2016.02.18 20:07:01.212,1.96738,1.96776,1.00,1.00
2016.02.18 20:07:01.388,1.96738,1.96772,1.00,1.00
2016.02.18 20:07:01.438,1.96736,1.96772,1.00,1.00
2016.02.18 20:07:02.112,1.96739,1.96772,1.00,1.00
2016.02.18 20:07:02.616,1.96738,1.96772,1.00,1.00
2016.02.18 20:07:02.927,1.96748,1.96779,1.00,1.00
2016.02.18 20:07:02.978,1.96754,1.96786,1.00,1.00
2016.02.18 20:07:03.079,1.96759,1.96786,1.00,1.00
2016.02.18 20:07:03.186,1.96759,1.96789,1.00,1.00
2016.02.18 20:07:03.338,1.9676,1.96797,1.00,1.50
2016.02.18 20:07:03.549,1.96758,1.96797,1.00,1.50
2016.02.18 20:07:03.650,1.96758,1.96794,1.00,1.00
2016.02.18 20:07:03.751,1.96755,1.96794,1.00,1.00
2016.02.18 20:07:03.974,1.96753,1.96789,1.00,1.00
2016.02.18 20:07:05.163,1.96754,1.96789,1.00,1.00
2016.02.18 20:07:05.501,1.96753,1.96794,1.50,1.00
2016.02.18 20:07:05.715,1.96758,1.96797,1.00,1.00
2016.02.18 20:07:06.418,1.96755,1.96797,1.00,1.37
2016.02.18 20:07:06.519,1.96747,1.96789,1.00,1.00
2016.02.18 20:07:06.619,1.96748,1.96789,1.50,1.37
2016.02.18 20:07:06.821,1.96746,1.96789,1.50,1.37
2016.02.18 20:07:07.194,1.96746,1.96785,1.00,1.00
2016.02.18 20:07:07.521,1.96748,1.96785,1.00,1.00
2016.02.18 20:07:08.273,1.96749,1.96785,1.00,1.00
2016.02.18 20:07:08.464,1.96746,1.96785,1.00,1.00
2016.02.18 20:07:08.654,1.9675,1.96785,1.00,1.00
2016.02.18 20:07:08.714,1.9675,1.96789,1.00,1.00
2016.02.18 20:07:08.865,1.96759,1.96789,1.00,1.00
2016.02.18 20:07:08.927,1.96759,1.96794,1.00,1.00
2016.02.18 20:07:09.028,1.96763,1.96794,1.00,1.00
2016.02.18 20:07:09.179,1.96763,1.968,1.00,1.00
2016.02.18 20:07:09.230,1.96763,1.96802,1.00,1.00
2016.02.18 20:07:09.331,1.9676,1.96802,1.00,1.00
2016.02.18 20:07:09.734,1.9676,1.96802,1.00,1.37
2016.02.18 20:07:09.885,1.96756,1.96799,1.50,1.12
2016.02.18 20:07:10.172,1.96756,1.96796,1.00,1.00
2016.02.18 20:07:10.323,1.96754,1.96796,1.00,1.00
2016.02.18 20:07:11.434,1.96754,1.96796,1.00,1.37
2016.02.18 20:07:14.242,1.96754,1.96796,1.00,1.00
2016.02.18 20:07:16.542,1.96754,1.96796,1.00,1.37
2016.02.18 20:07:16.643,1.96753,1.9679,1.00,1.12
2016.02.18 20:07:16.795,1.96746,1.96787,1.00,1.00
2016.02.18 20:07:16.845,1.96746,1.96784,1.00,1.00
2016.02.18 20:07:17.061,1.96746,1.96786,1.00,1.00
2016.02.18 20:07:17.163,1.96751,1.96786,1.00,1.00
2016.02.18 20:07:17.233,1.96747,1.96786,1.00,1.00
2016.02.18 20:07:17.334,1.96748,1.96791,1.00,1.00
2016.02.18 20:07:17.385,1.96752,1.96791,1.00,1.00
2016.02.18 20:07:17.748,1.96752,1.96791,1.00,1.37
2016.02.18 20:07:17.799,1.96748,1.96791,1.50,1.37
2016.02.18 20:07:17.900,1.96746,1.96785,1.00,1.00
2016.02.18 20:07:18.253,1.96744,1.96785,2.25,1.00
2016.02.18 20:07:18.354,1.96747,1.96785,1.00,1.00
2016.02.18 20:07:18.706,1.9675,1.96785,1.00,1.00
2016.02.18 20:07:19.017,1.96746,1.96785,1.00,1.00
2016.02.18 20:07:19.219,1.96749,1.96785,1.00,1.00
2016.02.18 20:07:19.370,1.96746,1.96785,1.00,1.00
2016.02.18 20:07:19.433,1.96749,1.96785,1.00,1.00
2016.02.18 20:07:19.904,1.96746,1.96785,1.00,1.00
2016.02.18 20:07:20.105,1.96744,1.96785,1.50,1.00
2016.02.18 20:07:20.213,1.96747,1.96785,1.00,1.00
2016.02.18 20:07:20.791,1.96744,1.96785,1.50,1.00
2016.02.18 20:07:20.841,1.96744,1.96783,1.00,1.00
2016.02.18 20:07:20.892,1.96741,1.96783,1.50,1.12
2016.02.18 20:07:21.043,1.96741,1.96781,1.50,1.00
2016.02.18 20:07:21.354,1.96739,1.96777,1.00,1.00
2016.02.18 20:07:22.431,1.9674,1.96777,1.00,1.00
2016.02.18 20:07:22.482,1.9674,1.96782,1.00,1.00
2016.02.18 20:07:22.533,1.96744,1.96785,1.50,1.00
2016.02.18 20:07:22.843,1.96746,1.96785,1.00,1.00
2016.02.18 20:07:22.953,1.96744,1.96785,1.50,1.00
2016.02.18 20:07:23.104,1.9675,1.96785,1.00,1.00
2016.02.18 20:07:23.208,1.96745,1.96785,1.00,1.00
2016.02.18 20:07:23.409,1.96747,1.96785,1.00,1.00
2016.02.18 20:07:23.511,1.96744,1.96785,1.50,1.50
2016.02.18 20:07:23.680,1.96741,1.96779,2.25,1.00
2016.02.18 20:07:23.944,1.96739,1.96779,1.00,1.00
2016.02.18 20:07:24.475,1.9674,1.96779,1.00,1.00
2016.02.18 20:07:25.593,1.96739,1.96779,1.00,1.00
2016.02.18 20:07:26.943,1.9674,1.96779,1.00,1.00
2016.02.18 20:07:27.573,1.96741,1.96779,1.00,1.00
2016.02.18 20:07:27.946,1.96744,1.96779,1.00,1.00
2016.02.18 20:07:28.048,1.96744,1.96783,1.00,1.00
2016.02.18 20:07:28.366,1.96746,1.96783,1.00,1.00
2016.02.18 20:07:28.576,1.9675,1.96791,1.00,1.00
2016.02.18 20:07:28.677,1.96748,1.96791,1.00,1.37
2016.02.18 20:07:29.201,1.96749,1.96788,1.00,1.00
2016.02.18 20:07:29.252,1.96747,1.96788,1.00,1.00
2016.02.18 20:07:29.303,1.96747,1.96788,1.00,1.37
2016.02.18 20:07:29.353,1.96745,1.96788,1.50,1.37
2016.02.18 20:07:29.505,1.96745,1.96783,1.00,1.12
2016.02.18 20:07:29.555,1.9674,1.96783,1.50,1.12
2016.02.18 20:07:29.707,1.9674,1.96779,1.00,1.00
2016.02.18 20:07:30.715,1.9674,1.96776,1.00,1.00
2016.02.18 20:07:32.331,1.96737,1.96776,1.00,1.00
2016.02.18 20:07:32.985,1.96737,1.96771,1.00,1.00
2016.02.18 20:07:33.663,1.96737,1.96773,1.00,1.00
2016.02.18 20:07:34.231,1.96733,1.96773,1.00,1.37
2016.02.18 20:07:34.282,1.96731,1.96769,1.00,1.00
2016.02.18 20:07:34.332,1.96729,1.96769,1.50,1.00
2016.02.18 20:07:36.730,1.9673,1.96769,1.00,1.37
2016.02.18 20:07:36.780,1.9673,1.96766,1.00,1.00
2016.02.18 20:07:37.281,1.96729,1.96766,1.00,1.00
2016.02.18 20:07:37.633,1.96725,1.96766,1.00,1.00
2016.02.18 20:07:38.492,1.96726,1.96766,1.00,1.00
2016.02.18 20:07:38.799,1.96728,1.96766,1.00,1.00
2016.02.18 20:07:39.590,1.96729,1.96769,1.00,1.00
2016.02.18 20:07:39.866,1.96729,1.96766,1.00,1.00
2016.02.18 20:07:40.118,1.96726,1.96766,1.00,1.00
2016.02.18 20:07:40.269,1.96728,1.96766,1.00,1.00
2016.02.18 20:07:40.800,1.96728,1.96768,1.00,1.12
2016.02.18 20:07:40.901,1.96731,1.96768,1.00,1.00
2016.02.18 20:07:42.240,1.96731,1.96768,1.00,1.37
2016.02.18 20:07:42.341,1.96728,1.96768,1.00,1.37
2016.02.18 20:07:42.864,1.96728,1.96768,1.00,1.00
2016.02.18 20:07:43.554,1.96732,1.96768,1.00,1.00
2016.02.18 20:07:44.228,1.96734,1.96768,1.00,1.00
2016.02.18 20:07:44.430,1.96734,1.96772,1.00,1.00
2016.02.18 20:07:44.531,1.96738,1.96776,1.00,1.00
2016.02.18 20:07:44.932,1.96738,1.96772,1.00,1.37
2016.02.18 20:07:44.982,1.96729,1.96772,1.00,1.37
2016.02.18 20:07:45.033,1.96727,1.96769,1.00,1.00
2016.02.18 20:07:45.424,1.96729,1.96769,1.00,1.00
2016.02.18 20:07:45.736,1.96726,1.96769,1.50,1.00
2016.02.18 20:07:45.837,1.96731,1.96769,1.00,1.00
2016.02.18 20:07:45.988,1.96728,1.96769,1.00,1.00
2016.02.18 20:07:46.260,1.96729,1.96769,1.00,1.37
2016.02.18 20:07:46.589,1.96731,1.96769,1.00,1.37
2016.02.18 20:07:46.640,1.96729,1.96769,1.00,1.00
2016.02.18 20:07:48.081,1.96728,1.96769,1.00,1.12
2016.02.18 20:07:48.402,1.96726,1.96769,1.00,1.37
2016.02.18 20:07:48.503,1.96725,1.96765,2.25,1.00
2016.02.18 20:07:48.846,1.96727,1.96765,1.00,1.00
2016.02.18 20:07:48.947,1.96725,1.96765,1.50,1.00
2016.02.18 20:07:50.658,1.96726,1.96769,1.00,1.37
2016.02.18 20:07:51.003,1.96729,1.96769,1.00,1.00
2016.02.18 20:07:51.356,1.96732,1.96769,1.00,1.00
2016.02.18 20:07:51.406,1.96732,1.96772,1.00,1.12
2016.02.18 20:07:51.457,1.96729,1.96772,1.00,1.37
2016.02.18 20:07:51.558,1.96729,1.96772,1.50,1.00
2016.02.18 20:07:51.911,1.96731,1.96772,1.00,1.00
2016.02.18 20:07:52.213,1.96729,1.96772,1.50,1.00
2016.02.18 20:07:52.738,1.96729,1.96772,1.00,1.37
2016.02.18 20:07:52.840,1.96727,1.96768,1.00,1.00
2016.02.18 20:07:53.142,1.96729,1.96768,1.00,1.00
2016.02.18 20:07:53.243,1.96729,1.96772,1.50,1.00
2016.02.18 20:07:53.294,1.96729,1.96767,1.50,1.00
2016.02.18 20:07:53.596,1.96729,1.9677,1.00,1.00
2016.02.18 20:07:54.131,1.96731,1.9677,1.00,1.00
2016.02.18 20:07:54.333,1.96732,1.96772,1.00,1.50
2016.02.18 20:07:54.434,1.96735,1.96772,1.00,1.00
2016.02.18 20:07:54.967,1.96736,1.96773,1.00,1.00
2016.02.18 20:07:55.475,1.96735,1.96772,1.50,1.00
2016.02.18 20:07:56.021,1.96735,1.96773,1.00,1.00
2016.02.18 20:07:56.549,1.96736,1.96772,1.00,1.00
2016.02.18 20:07:56.599,1.96736,1.96776,1.00,1.00
2016.02.18 20:07:56.650,1.96739,1.9678,1.00,1.37
2016.02.18 20:07:56.751,1.96734,1.96774,1.00,1.12
2016.02.18 20:07:56.802,1.96732,1.96774,1.50,1.37
2016.02.18 20:07:57.326,1.96732,1.96774,1.50,1.00
2016.02.18 20:08:00.718,1.96732,1.96772,1.50,1.12
2016.02.18 20:08:01.044,1.96732,1.96772,1.00,1.37
2016.02.18 20:08:01.094,1.96728,1.96771,1.50,1.00
2016.02.18 20:08:02.804,1.96729,1.96771,1.00,1.00
2016.02.18 20:08:03.208,1.96728,1.96771,1.00,1.37
2016.02.18 20:08:04.019,1.96728,1.96771,1.50,1.37
2016.02.18 20:08:04.550,1.96728,1.96771,1.50,1.37
2016.02.18 20:08:05.202,1.9673,1.96771,1.00,1.00
2016.02.18 20:08:05.753,1.96729,1.96771,1.00,1.37
2016.02.18 20:08:06.537,1.96729,1.96771,1.00,1.37
2016.02.18 20:08:08.534,1.96729,1.96771,2.25,1.00
2016.02.18 20:08:08.585,1.96732,1.96772,1.00,1.12
2016.02.18 20:08:08.736,1.96729,1.9677,1.50,1.00
2016.02.18 20:08:08.837,1.96732,1.96772,1.00,1.12
2016.02.18 20:08:09.064,1.9673,1.96771,1.00,1.00
2016.02.18 20:08:12.303,1.96733,1.96771,1.00,1.00
2016.02.18 20:08:12.354,1.96733,1.96773,2.25,1.00
2016.02.18 20:08:12.555,1.96736,1.96774,1.00,1.00
2016.02.18 20:08:13.326,1.96736,1.96773,1.50,1.00
2016.02.18 20:08:13.857,1.96737,1.96774,1.00,1.00
2016.02.18 20:08:14.390,1.96737,1.96773,1.00,1.00
2016.02.18 20:08:15.411,1.96737,1.96774,1.00,1.00
2016.02.18 20:08:17.415,1.96736,1.96774,1.00,1.00
2016.02.18 20:08:17.717,1.96732,1.96772,1.00,1.37
2016.02.18 20:08:18.302,1.96729,1.96772,1.00,1.87
2016.02.18 20:08:18.803,1.9673,1.96772,1.00,1.87
2016.02.18 20:08:20.040,1.9673,1.96772,1.00,1.87
2016.02.18 20:08:21.186,1.9673,1.96769,1.00,1.12
2016.02.18 20:08:23.267,1.96729,1.96769,1.00,1.12
2016.02.18 20:08:23.505,1.96727,1.96766,1.00,1.00
2016.02.18 20:08:23.807,1.96713,1.9675,1.00,1.12
2016.02.18 20:08:23.858,1.96708,1.9675,1.00,1.37
2016.02.18 20:08:24.059,1.96708,1.96749,1.00,1.00
2016.02.18 20:08:24.574,1.96707,1.9675,1.00,1.12
2016.02.18 20:08:26.252,1.96707,1.9675,1.00,1.37
2016.02.18 20:08:26.754,1.96707,1.9675,1.00,1.00
2016.02.18 20:08:28.532,1.96711,1.96752,1.00,1.12
2016.02.18 20:08:28.837,1.96713,1.96756,1.00,1.00
2016.02.18 20:08:29.462,1.96718,1.96756,1.00,1.00
2016.02.18 20:08:29.664,1.96722,1.96762,1.00,1.50
2016.02.18 20:08:29.765,1.96718,1.9676,1.00,1.37
2016.02.18 20:08:29.816,1.96716,1.96759,1.00,1.12
2016.02.18 20:08:30.603,1.96724,1.96762,1.00,1.00
2016.02.18 20:08:30.654,1.96724,1.96764,1.50,1.00
2016.02.18 20:08:31.532,1.96727,1.96766,1.00,1.00
2016.02.18 20:08:31.956,1.96731,1.96767,1.00,1.00
2016.02.18 20:08:32.915,1.96731,1.96766,1.00,1.00
2016.02.18 20:08:33.491,1.96731,1.96767,1.00,1.00
2016.02.18 20:08:33.803,1.96731,1.9677,1.00,1.00
2016.02.18 20:08:34.004,1.96731,1.96772,1.00,1.00
2016.02.18 20:08:34.156,1.96726,1.96766,1.00,1.00
2016.02.18 20:08:35.093,1.96726,1.96766,1.00,1.37
2016.02.18 20:08:35.244,1.96726,1.96766,1.00,1.37
2016.02.18 20:08:35.295,1.96721,1.96764,1.00,1.00
2016.02.18 20:08:37.406,1.96721,1.96764,1.00,1.37
2016.02.18 20:08:37.822,1.96721,1.96762,1.00,1.37
2016.02.18 20:08:37.923,1.96713,1.96754,1.00,1.37
2016.02.18 20:08:38.024,1.96712,1.9675,1.00,1.00
2016.02.18 20:08:38.125,1.96709,1.9675,1.00,1.00
2016.02.18 20:08:41.593,1.96707,1.96742,1.00,1.00
2016.02.18 20:08:41.643,1.96705,1.96742,1.50,1.12
2016.02.18 20:08:41.744,1.96703,1.96741,1.87,1.00
2016.02.18 20:08:41.846,1.96707,1.96746,1.00,1.00
2016.02.18 20:08:42.244,1.96707,1.9675,1.50,1.00
2016.02.18 20:08:42.834,1.96708,1.9675,1.00,1.00
2016.02.18 20:08:42.935,1.96711,1.96754,1.00,1.00
2016.02.18 20:08:44.242,1.96713,1.96754,1.00,1.00
2016.02.18 20:08:44.695,1.96711,1.96754,1.00,1.00
2016.02.18 20:08:45.122,1.96713,1.96754,1.00,1.37
2016.02.18 20:08:45.392,1.96709,1.96751,1.00,1.00
2016.02.18 20:08:45.913,1.9671,1.96751,1.00,1.00
2016.02.18 20:08:46.726,1.9671,1.96747,1.00,1.00
2016.02.18 20:08:46.927,1.96708,1.96747,1.00,1.00
2016.02.18 20:08:47.641,1.96708,1.96751,1.00,1.37
2016.02.18 20:08:47.744,1.96708,1.96746,1.00,1.00
2016.02.18 20:08:48.290,1.96708,1.96747,1.00,1.00
2016.02.18 20:08:50.284,1.96708,1.96751,1.00,1.12
2016.02.18 20:08:50.993,1.96712,1.96753,1.00,1.00
2016.02.18 20:08:54.177,1.96714,1.96753,1.00,1.00
2016.02.18 20:08:54.278,1.96709,1.9675,1.00,1.37
2016.02.18 20:08:54.581,1.96708,1.96747,1.00,1.00
2016.02.18 20:08:54.682,1.96708,1.9675,1.00,1.00
2016.02.18 20:08:56.711,1.96709,1.9675,1.00,1.12
2016.02.18 20:08:58.103,1.96707,1.9675,1.00,1.12
2016.02.18 20:08:58.154,1.96707,1.9675,1.00,1.37
2016.02.18 20:09:00.088,1.96705,1.96745,1.50,1.00
2016.02.18 20:09:00.521,1.96707,1.96745,1.00,1.00
2016.02.18 20:09:00.720,1.96705,1.96745,1.50,1.00
2016.02.18 20:09:01.153,1.96707,1.96749,1.00,1.37
2016.02.18 20:09:01.712,1.96707,1.96747,1.00,1.12
2016.02.18 20:09:01.986,1.96702,1.96741,1.50,1.12
2016.02.18 20:09:02.510,1.96703,1.96741,1.00,1.00
2016.02.18 20:09:02.762,1.96709,1.96751,1.00,1.00
2016.02.18 20:09:03.191,1.96711,1.96751,1.00,1.00
2016.02.18 20:09:05.253,1.96714,1.96755,1.00,1.37
2016.02.18 20:09:05.304,1.96714,1.96755,1.00,1.00
2016.02.18 20:09:05.635,1.96716,1.96759,1.00,1.50
2016.02.18 20:09:06.650,1.96716,1.96756,1.00,1.00
2016.02.18 20:09:06.801,1.96713,1.96755,1.00,1.00
2016.02.18 20:09:07.711,1.96714,1.96755,1.00,1.12
2016.02.18 20:09:08.798,1.96713,1.96755,1.00,1.12
2016.02.18 20:09:09.702,1.96713,1.96755,1.00,1.37
2016.02.18 20:09:09.753,1.96711,1.96752,1.00,1.00
2016.02.18 20:09:10.256,1.9671,1.96752,1.50,1.00
2016.02.18 20:09:11.015,1.9671,1.96752,1.00,1.37
2016.02.18 20:09:11.686,1.96711,1.96752,1.00,1.00
2016.02.18 20:09:12.332,1.9671,1.96752,1.50,1.00
2016.02.18 20:09:12.836,1.96711,1.96752,1.00,1.00
2016.02.18 20:09:14.509,1.96713,1.96752,1.00,1.00
2016.02.18 20:09:15.672,1.96714,1.96755,1.00,1.00
2016.02.18 20:09:16.472,1.96715,1.96755,1.00,1.00
2016.02.18 20:09:18.672,1.96714,1.96755,1.50,1.00
2016.02.18 20:09:19.552,1.96716,1.96755,1.00,1.00
2016.02.18 20:09:20.563,1.96714,1.96755,1.50,1.00
2016.02.18 20:09:29.233,1.96711,1.96737,1.00,1.00
2016.02.18 20:09:29.351,1.96709,1.96737,1.00,1.00
2016.02.18 20:09:29.469,1.96708,1.96742,1.00,1.00
2016.02.18 20:09:34.400,1.96708,1.96746,1.00,1.00
2016.02.18 20:09:34.626,1.96708,1.96742,1.00,1.00
2016.02.18 20:09:35.411,1.96708,1.96746,1.00,1.50
2016.02.18 20:09:37.898,1.96708,1.96745,1.00,1.00
2016.02.18 20:09:39.494,1.96705,1.96747,1.00,1.37
2016.02.18 20:09:39.696,1.96703,1.96742,1.00,1.12
2016.02.18 20:09:39.797,1.96703,1.96742,1.00,1.37
2016.02.18 20:09:39.948,1.96701,1.96742,1.00,1.37
2016.02.18 20:09:40.676,1.96701,1.96742,1.00,1.37
2016.02.18 20:09:41.194,1.96701,1.96742,1.00,1.37
2016.02.18 20:09:41.245,1.96704,1.96742,1.00,1.37
2016.02.18 20:09:41.559,1.96702,1.96742,1.00,1.37
2016.02.18 20:09:42.160,1.96702,1.96742,1.00,1.00
2016.02.18 20:09:42.683,1.96703,1.96742,1.00,1.00
2016.02.18 20:09:42.884,1.96707,1.96742,1.00,1.00
2016.02.18 20:09:42.935,1.96707,1.96749,1.50,1.37
2016.02.18 20:09:42.986,1.96708,1.96749,1.00,1.50
2016.02.18 20:09:43.439,1.9671,1.96749,1.00,1.00
2016.02.18 20:09:43.773,1.96708,1.96749,1.00,1.00
2016.02.18 20:09:45.420,1.9671,1.96749,1.00,1.00
2016.02.18 20:09:46.699,1.96714,1.96749,1.00,1.00
2016.02.18 20:09:46.850,1.96714,1.96752,1.00,1.00
2016.02.18 20:09:47.360,1.96713,1.96752,1.00,1.00
2016.02.18 20:09:47.902,1.96714,1.96752,1.00,1.00
2016.02.18 20:09:49.509,1.96716,1.96752,1.00,1.00
2016.02.18 20:09:50.163,1.96716,1.96755,1.00,1.37
2016.02.18 20:09:51.264,1.96714,1.96755,1.00,1.37
2016.02.18 20:09:51.515,1.96714,1.96755,1.00,1.37
2016.02.18 20:09:51.616,1.96713,1.96751,1.00,1.37
2016.02.18 20:09:52.118,1.96714,1.96751,1.00,1.37
2016.02.18 20:09:52.401,1.96713,1.96751,1.00,1.00
2016.02.18 20:09:53.435,1.96714,1.96751,1.00,1.00
2016.02.18 20:09:53.981,1.96715,1.96751,1.00,1.00
2016.02.18 20:09:54.783,1.96717,1.96751,1.00,1.00
2016.02.18 20:09:55.091,1.96724,1.96754,1.00,1.00
2016.02.18 20:09:55.894,1.96724,1.96756,1.00,1.00
2016.02.18 20:09:56.424,1.96723,1.96756,1.00,1.00
2016.02.18 20:09:56.526,1.96721,1.96756,1.00,1.00
2016.02.18 20:09:56.627,1.96732,1.96764,1.00,1.00
2016.02.18 20:09:56.678,1.96732,1.96769,1.00,1.00
2016.02.18 20:09:56.779,1.96736,1.96778,1.00,1.00
2016.02.18 20:09:56.880,1.96739,1.96782,1.00,1.00
2016.02.18 20:09:56.931,1.96739,1.96782,1.00,1.37
2016.02.18 20:09:57.031,1.96735,1.96777,1.00,1.12
2016.02.18 20:09:57.513,1.96732,1.96772,1.00,1.37
2016.02.18 20:09:57.564,1.96728,1.9677,1.00,1.12
2016.02.18 20:09:57.816,1.96731,1.96774,1.12,1.00
2016.02.18 20:09:57.867,1.96737,1.96776,1.00,1.00
2016.02.18 20:09:58.169,1.9674,1.96783,1.00,1.00
2016.02.18 20:09:58.552,1.96738,1.96779,1.00,1.00
2016.02.18 20:09:59.167,1.96741,1.96783,1.00,1.12
2016.02.18 20:10:00.208,1.96741,1.96783,1.00,1.37
2016.02.18 20:10:00.259,1.96736,1.96778,1.00,1.00
2016.02.18 20:10:00.449,1.96733,1.96775,1.00,1.00
2016.02.18 20:10:00.761,1.96733,1.96775,1.00,1.37
2016.02.18 20:10:00.963,1.96724,1.96765,1.00,1.00
2016.02.18 20:10:01.063,1.96726,1.96765,1.00,1.00
2016.02.18 20:10:01.275,1.96726,1.96768,1.50,1.12
2016.02.18 20:10:01.742,1.96728,1.96768,1.00,1.00
2016.02.18 20:10:02.146,1.96726,1.96768,1.50,1.37
2016.02.18 20:10:02.499,1.96728,1.96768,1.00,1.12
2016.02.18 20:10:03.002,1.96727,1.96768,1.00,1.00
2016.02.18 20:10:03.579,1.96731,1.96768,1.00,1.00
2016.02.18 20:10:03.630,1.96731,1.96772,1.00,1.00
2016.02.18 20:10:03.681,1.96734,1.96772,1.00,1.00
2016.02.18 20:10:03.731,1.96734,1.96776,1.50,1.00
2016.02.18 20:10:04.354,1.96739,1.96776,1.00,1.00
2016.02.18 20:10:04.556,1.96736,1.96776,1.00,1.00
2016.02.18 20:10:04.776,1.96737,1.96779,1.50,1.37
2016.02.18 20:10:05.028,1.9674,1.96779,1.00,1.00
2016.02.18 20:10:06.673,1.96737,1.96779,1.50,1.00
2016.02.18 20:10:07.436,1.96739,1.96779,1.00,1.00
2016.02.18 20:10:08.269,1.96737,1.96779,1.50,1.00
2016.02.18 20:10:08.421,1.96739,1.96779,1.00,1.00
2016.02.18 20:10:08.941,1.96741,1.96779,1.00,1.00
2016.02.18 20:10:10.514,1.96739,1.96779,1.00,1.12
2016.02.18 20:10:11.031,1.96741,1.96779,1.00,1.12
2016.02.18 20:10:11.593,1.9674,1.96779,1.00,1.12
2016.02.18 20:10:11.819,1.96731,1.96771,1.50,1.00
2016.02.18 20:10:12.713,1.96734,1.96771,1.00,1.00
2016.02.18 20:10:13.055,1.96731,1.96771,1.50,1.00
2016.02.18 20:10:13.374,1.96733,1.96771,1.00,1.00
2016.02.18 20:10:13.826,1.96731,1.96771,1.00,1.00
2016.02.18 20:10:14.554,1.96732,1.96771,1.00,1.00
2016.02.18 20:10:15.091,1.96732,1.96767,1.00,1.00
2016.02.18 20:10:15.873,1.96731,1.9677,1.00,1.00
2016.02.18 20:10:16.276,1.96732,1.96766,1.00,1.00
2016.02.18 20:10:16.427,1.96731,1.9677,1.00,1.00
2016.02.18 20:10:16.729,1.96732,1.96773,1.00,1.00
2016.02.18 20:10:17.276,1.96731,1.96773,2.25,1.00
2016.02.18 20:10:17.777,1.96732,1.96773,1.00,1.00
2016.02.18 20:10:17.878,1.96734,1.96773,1.00,1.00
2016.02.18 20:10:17.979,1.96731,1.96773,2.25,1.00
2016.02.18 20:10:18.079,1.96734,1.96773,1.00,1.00
2016.02.18 20:10:18.231,1.96732,1.96773,1.00,1.00
2016.02.18 20:10:18.437,1.96734,1.96773,1.00,1.00
2016.02.18 20:10:18.995,1.96731,1.96773,2.25,1.00
2016.02.18 20:10:19.096,1.96734,1.96773,1.00,1.00
2016.02.18 20:10:19.315,1.96731,1.96773,2.25,1.00
2016.02.18 20:10:20.200,1.96732,1.96773,1.00,1.37
2016.02.18 20:10:20.729,1.96733,1.96773,1.00,1.00
2016.02.18 20:10:20.830,1.96735,1.96773,1.00,1.00
2016.02.18 20:10:23.392,1.96734,1.96773,1.00,1.00
2016.02.18 20:10:24.252,1.96734,1.96776,1.00,1.12
2016.02.18 20:10:24.465,1.96739,1.96776,1.00,1.00
2016.02.18 20:10:24.566,1.96739,1.9678,1.00,1.00
2016.02.18 20:10:24.929,1.96741,1.9678,1.00,1.00
2016.02.18 20:10:25.225,1.96738,1.9678,1.00,1.00
2016.02.18 20:10:25.377,1.96742,1.9678,1.00,1.00
2016.02.18 20:10:25.578,1.96739,1.9678,1.00,1.00
2016.02.18 20:10:25.679,1.96742,1.9678,1.00,1.00
2016.02.18 20:10:25.780,1.9674,1.96783,1.50,1.12
2016.02.18 20:10:25.931,1.9674,1.96783,1.00,1.37
2016.02.18 20:10:26.496,1.9674,1.96783,1.00,1.37
2016.02.18 20:10:26.841,1.9674,1.96783,1.00,1.37
2016.02.18 20:10:27.537,1.9674,1.96783,1.00,1.12
2016.02.18 20:10:28.649,1.96735,1.96776,1.00,1.12
2016.02.18 20:10:28.952,1.96726,1.96764,1.00,1.00
2016.02.18 20:10:29.112,1.96724,1.96764,1.00,1.00
2016.02.18 20:10:29.272,1.9672,1.96763,1.50,1.00
2016.02.18 20:10:29.804,1.96721,1.96763,1.00,1.00
2016.02.18 20:10:30.742,1.9672,1.96763,1.00,1.12
2016.02.18 20:10:38.777,1.96723,1.96763,1.00,1.00
2016.02.18 20:10:40.333,1.96721,1.96763,1.00,1.00
2016.02.18 20:10:41.094,1.96723,1.96763,1.00,1.00
2016.02.18 20:10:41.838,1.96723,1.96766,1.50,1.00
2016.02.18 20:10:42.540,1.96724,1.96766,1.00,1.00
2016.02.18 20:10:43.195,1.96723,1.96766,1.50,1.00
2016.02.18 20:10:43.699,1.96724,1.96766,1.00,1.00
2016.02.18 20:10:44.287,1.96731,1.96766,1.00,1.00
2016.02.18 20:10:44.338,1.96731,1.96772,1.00,1.00
2016.02.18 20:10:44.389,1.96735,1.96775,1.00,1.00
2016.02.18 20:10:44.490,1.96729,1.96771,1.50,1.00
2016.02.18 20:10:44.641,1.96729,1.96771,1.50,1.37
2016.02.18 20:10:44.856,1.96726,1.96767,1.00,1.00
2016.02.18 20:10:44.958,1.96732,1.96767,1.00,1.00
2016.02.18 20:10:45.059,1.96729,1.96767,1.00,1.12
2016.02.18 20:10:45.572,1.96728,1.96767,1.00,1.12
2016.02.18 20:10:45.723,1.96725,1.96767,1.00,1.12
2016.02.18 20:10:46.107,1.96725,1.96764,1.00,1.00
2016.02.18 20:10:46.616,1.96726,1.96764,1.00,1.00
2016.02.18 20:10:47.495,1.96726,1.96768,1.00,1.12
2016.02.18 20:10:47.697,1.96729,1.96768,1.00,1.00
2016.02.18 20:10:47.963,1.96731,1.96771,1.00,1.00
2016.02.18 20:10:48.014,1.96734,1.96774,1.00,1.00
2016.02.18 20:10:50.018,1.96735,1.96776,1.00,1.37
2016.02.18 20:10:51.580,1.96735,1.96776,1.00,1.12
2016.02.18 20:10:52.104,1.96735,1.96776,1.00,1.37
2016.02.18 20:10:53.357,1.96735,1.96776,1.00,1.37
2016.02.18 20:10:53.407,1.96732,1.96773,1.00,1.12
2016.02.18 20:10:53.559,1.96731,1.96773,1.50,1.37
2016.02.18 20:10:53.861,1.96723,1.96761,1.00,1.37
2016.02.18 20:10:53.962,1.96721,1.96761,1.00,1.37
2016.02.18 20:10:54.661,1.96721,1.96761,1.00,1.00
2016.02.18 20:10:55.625,1.96722,1.96761,1.00,1.00
2016.02.18 20:10:56.126,1.96721,1.96761,1.50,1.00
2016.02.18 20:10:57.385,1.96721,1.96761,1.00,1.37
2016.02.18 20:10:57.436,1.96715,1.96758,1.00,1.00
2016.02.18 20:10:57.983,1.96716,1.96758,1.00,1.00
2016.02.18 20:10:59.183,1.96722,1.96762,1.00,1.00
2016.02.18 20:10:59.234,1.96725,1.96768,1.00,1.00
2016.02.18 20:10:59.285,1.96728,1.96771,1.00,1.00
2016.02.18 20:10:59.587,1.9673,1.96771,1.00,1.37
2016.02.18 20:10:59.989,1.96728,1.96768,1.00,1.00
2016.02.18 20:11:00.502,1.96728,1.96768,1.00,1.37
2016.02.18 20:11:00.553,1.96725,1.96768,1.00,1.37
2016.02.18 20:11:00.603,1.96723,1.96762,1.00,1.00
2016.02.18 20:11:00.654,1.96718,1.96758,1.50,1.00
2016.02.18 20:11:00.805,1.96718,1.96758,1.00,1.37
2016.02.18 20:11:00.856,1.96712,1.96753,1.00,1.00
2016.02.18 20:11:00.907,1.9671,1.96749,1.00,1.00
2016.02.18 20:11:01.209,1.96689,1.9673,1.50,1.37
2016.02.18 20:11:01.310,1.96687,1.96738,1.00,2.32
2016.02.18 20:11:01.361,1.96683,1.96738,1.00,2.32
2016.02.18 20:11:01.889,1.96683,1.96725,1.00,1.00
2016.02.18 20:11:02.199,1.96685,1.96725,1.00,1.00
2016.02.18 20:11:02.351,1.96688,1.9673,1.00,1.00
2016.02.18 20:11:03.329,1.96688,1.9673,1.00,1.37
2016.02.18 20:11:03.380,1.96684,1.96724,1.00,1.00
2016.02.18 20:11:04.991,1.9668,1.9672,1.50,1.00
2016.02.18 20:11:06.326,1.96681,1.9672,1.00,1.00
2016.02.18 20:11:06.427,1.96681,1.96723,1.50,1.00
2016.02.18 20:11:07.703,1.96682,1.96723,1.00,1.00
2016.02.18 20:11:08.193,1.96684,1.96726,1.00,1.00
2016.02.18 20:11:08.712,1.96684,1.96721,1.00,1.37
2016.02.18 20:11:08.880,1.96681,1.96721,1.00,1.00
2016.02.18 20:11:09.031,1.96684,1.96724,1.00,1.00
2016.02.18 20:11:09.451,1.96685,1.96727,1.00,1.00
2016.02.18 20:11:09.551,1.96687,1.96727,1.00,1.00
2016.02.18 20:11:09.898,1.96689,1.96727,1.00,1.00
2016.02.18 20:11:11.204,1.96688,1.96727,1.00,1.00
2016.02.18 20:11:11.718,1.96689,1.96727,1.00,1.00
2016.02.18 20:11:12.021,1.96689,1.96727,1.00,1.37
2016.02.18 20:11:12.190,1.96685,1.96721,1.00,1.00
2016.02.18 20:11:13.829,1.96686,1.96724,1.00,1.00
2016.02.18 20:11:13.930,1.96686,1.96728,1.50,1.00
2016.02.18 20:11:13.981,1.96689,1.96728,1.00,1.00
2016.02.18 20:11:15.573,1.9669,1.96728,1.00,1.00
2016.02.18 20:11:15.623,1.9669,1.96732,1.00,1.50
2016.02.18 20:11:16.160,1.96689,1.96732,1.00,1.50
2016.02.18 20:11:17.351,1.96689,1.96732,1.00,1.87
2016.02.18 20:11:17.662,1.96688,1.96728,1.00,1.00
2016.02.18 20:11:20.468,1.96688,1.96728,1.37,1.00
2016.02.18 20:11:20.569,1.96694,1.96735,1.00,1.00
2016.02.18 20:11:20.749,1.967,1.96741,1.00,1.00
2016.02.18 20:11:21.298,1.96701,1.96741,1.00,1.00
2016.02.18 20:11:26.585,1.96702,1.96741,1.00,1.00
2016.02.18 20:11:27.130,1.96702,1.96742,1.00,2.25
2016.02.18 20:11:27.997,1.96702,1.96741,1.00,1.00
2016.02.18 20:11:28.738,1.96702,1.96742,1.00,1.50
2016.02.18 20:11:30.646,1.96702,1.96742,1.00,1.87
2016.02.18 20:11:30.948,1.967,1.96742,1.00,1.87
2016.02.18 20:11:31.471,1.96699,1.96742,1.00,1.87
2016.02.18 20:11:33.064,1.96696,1.96738,1.00,1.00
2016.02.18 20:11:33.174,1.96698,1.96738,1.00,1.00
2016.02.18 20:11:34.716,1.96699,1.96738,1.00,1.00
2016.02.18 20:11:37.699,1.96698,1.96738,1.00,1.00
2016.02.18 20:11:38.001,1.96698,1.96735,1.00,1.00
2016.02.18 20:11:38.102,1.96698,1.96737,1.00,1.12
2016.02.18 20:11:38.203,1.96699,1.96735,1.00,1.37
2016.02.18 20:11:38.730,1.96699,1.96735,1.00,1.12
2016.02.18 20:11:39.099,1.96697,1.96735,1.00,1.00
2016.02.18 20:11:39.802,1.96699,1.96735,1.00,1.00
2016.02.18 20:11:39.927,1.96699,1.96738,1.00,1.12
2016.02.18 20:11:40.129,1.96697,1.96738,1.50,1.12
2016.02.18 20:11:40.179,1.96697,1.96736,1.00,1.00
2016.02.18 20:11:40.331,1.96697,1.96739,1.00,1.37
2016.02.18 20:11:40.837,1.96698,1.96739,1.00,1.37
2016.02.18 20:11:41.339,1.96699,1.96739,1.00,1.37
2016.02.18 20:11:45.938,1.96699,1.96736,1.00,1.00
2016.02.18 20:11:47.364,1.96697,1.96736,1.00,1.00
2016.02.18 20:11:47.789,1.96699,1.96736,1.00,1.00
2016.02.18 20:11:48.445,1.96699,1.96739,1.00,1.37
2016.02.18 20:11:49.549,1.967,1.96739,1.00,1.37
2016.02.18 20:11:50.526,1.967,1.96739,1.00,1.37
2016.02.18 20:11:50.875,1.96698,1.96739,1.00,1.37
2016.02.18 20:11:52.780,1.96701,1.96741,1.00,1.37
2016.02.18 20:11:52.831,1.96701,1.96741,1.00,1.00
2016.02.18 20:11:53.442,1.96704,1.96741,1.00,1.00
2016.02.18 20:11:53.543,1.96701,1.96741,1.50,1.37
2016.02.18 20:11:53.644,1.96704,1.96741,1.00,1.00
2016.02.18 20:11:53.985,1.96702,1.96741,1.00,1.00
2016.02.18 20:11:54.086,1.96705,1.96744,1.00,1.12
2016.02.18 20:11:54.336,1.96702,1.96742,1.00,1.00
2016.02.18 20:11:54.437,1.96705,1.96742,1.00,1.00
2016.02.18 20:11:54.597,1.96705,1.96744,1.00,1.00
2016.02.18 20:11:54.749,1.96709,1.96744,1.00,1.00
2016.02.18 20:11:54.799,1.96709,1.96746,1.00,1.00
2016.02.18 20:11:55.708,1.96709,1.96751,1.00,1.12
2016.02.18 20:11:55.759,1.96712,1.96754,1.00,1.37
2016.02.18 20:11:55.961,1.96718,1.96758,1.00,1.00
2016.02.18 20:11:57.533,1.96716,1.96758,1.12,1.00
2016.02.18 20:11:57.884,1.9672,1.9676,1.00,1.50
2016.02.18 20:11:58.318,1.96716,1.96758,1.00,1.00
2016.02.18 20:11:59.990,1.96714,1.96754,1.00,1.00
2016.02.18 20:12:00.343,1.9671,1.96753,1.12,1.00
2016.02.18 20:12:00.948,1.9671,1.96753,1.37,1.00
2016.02.18 20:12:01.437,1.96714,1.96755,1.00,1.00
2016.02.18 20:12:06.965,1.96713,1.96756,1.00,1.00
2016.02.18 20:12:07.268,1.9671,1.96753,1.00,1.00
2016.02.18 20:12:09.023,1.96714,1.96756,1.00,1.00
2016.02.18 20:12:09.527,1.96713,1.96755,1.00,1.00
2016.02.18 20:12:11.356,1.96713,1.96755,1.00,1.37
2016.02.18 20:12:11.905,1.96713,1.96755,1.00,1.00
2016.02.18 20:12:12.461,1.96711,1.96752,1.00,1.00
2016.02.18 20:12:12.797,1.96714,1.96755,1.00,1.00
2016.02.18 20:12:17.981,1.96718,1.96759,1.50,1.00
2016.02.18 20:12:18.083,1.96724,1.96767,1.50,1.00
2016.02.18 20:12:18.133,1.96728,1.96767,1.00,1.00
2016.02.18 20:12:18.373,1.96742,1.96782,1.00,1.00
2016.02.18 20:12:19.471,1.96738,1.96781,1.00,1.00
2016.02.18 20:12:21.508,1.96742,1.96783,1.00,1.87
2016.02.18 20:12:21.659,1.96745,1.96787,1.00,1.00
2016.02.18 20:12:21.709,1.96751,1.96792,1.00,1.00
2016.02.18 20:12:21.810,1.96751,1.96794,1.00,1.00
2016.02.18 20:12:21.952,1.96761,1.96795,1.00,1.00
2016.02.18 20:12:22.003,1.96761,1.96804,1.00,1.00
2016.02.18 20:12:22.980,1.96756,1.96799,1.00,1.00
2016.02.18 20:12:23.313,1.96759,1.96802,1.00,1.00
2016.02.18 20:12:23.632,1.96759,1.96802,1.37,1.00
2016.02.18 20:12:23.733,1.96762,1.96805,1.37,1.00
2016.02.18 20:12:23.885,1.96762,1.96805,1.00,1.00
2016.02.18 20:12:23.986,1.96769,1.96811,1.00,1.00
2016.02.18 20:12:24.592,1.96769,1.96812,1.00,1.50
2016.02.18 20:12:29.589,1.9677,1.96812,1.00,1.12
2016.02.18 20:12:30.115,1.96771,1.96812,1.00,1.00
2016.02.18 20:12:30.292,1.96768,1.9681,1.00,1.00
2016.02.18 20:12:30.890,1.96772,1.96812,1.00,1.00
2016.02.18 20:12:33.846,1.96775,1.96812,1.00,1.00
2016.02.18 20:12:33.947,1.96783,1.96823,1.37,1.00
2016.02.18 20:12:34.048,1.96789,1.96829,1.00,1.00
2016.02.18 20:12:34.150,1.96793,1.96829,1.00,1.00
2016.02.18 20:12:34.483,1.96796,1.96838,1.00,1.00
2016.02.18 20:12:34.684,1.96792,1.96834,1.00,1.00
2016.02.18 20:12:34.986,1.96785,1.96827,1.00,1.00
2016.02.18 20:12:35.480,1.96789,1.96831,1.00,1.00
2016.02.18 20:12:35.792,1.96787,1.96827,1.00,1.00
2016.02.18 20:12:36.967,1.96789,1.96831,1.00,1.00
2016.02.18 20:12:37.372,1.96793,1.96835,1.00,1.00
2016.02.18 20:12:37.699,1.96798,1.96838,1.37,1.50
2016.02.18 20:12:38.220,1.96798,1.96838,1.00,1.50
2016.02.18 20:12:38.401,1.96791,1.96833,1.00,1.00
2016.02.18 20:12:38.452,1.9679,1.9683,1.00,1.00
2016.02.18 20:12:38.754,1.96784,1.96826,1.00,1.00
2016.02.18 20:12:39.305,1.96787,1.9683,1.00,1.00
2016.02.18 20:12:44.783,1.96792,1.96832,1.00,1.00
2016.02.18 20:12:45.731,1.96794,1.96837,1.00,1.50
2016.02.18 20:12:45.832,1.96797,1.96837,1.00,1.00
2016.02.18 20:12:46.134,1.96805,1.96842,1.00,1.00
2016.02.18 20:12:46.185,1.96805,1.96844,1.00,1.00
2016.02.18 20:12:46.432,1.96805,1.96846,1.37,1.00
2016.02.18 20:12:46.533,1.96808,1.96847,1.00,1.00
2016.02.18 20:12:47.041,1.96808,1.96846,1.00,1.00
2016.02.18 20:12:47.813,1.96805,1.96846,1.00,1.00
2016.02.18 20:12:48.339,1.96805,1.96847,1.00,1.00
2016.02.18 20:12:48.609,1.96805,1.96842,1.00,1.00
2016.02.18 20:12:49.700,1.96803,1.96842,1.00,1.00
2016.02.18 20:12:49.801,1.96799,1.96842,1.00,1.50
2016.02.18 20:12:50.207,1.96799,1.96842,1.87,1.50
2016.02.18 20:12:50.735,1.96802,1.96842,1.00,1.00
2016.02.18 20:12:51.680,1.96801,1.96842,1.00,1.50
2016.02.18 20:12:51.831,1.96799,1.96841,1.00,1.00
2016.02.18 20:12:51.882,1.96797,1.96837,1.00,1.00
2016.02.18 20:12:52.981,1.968,1.9684,1.00,1.00
2016.02.18 20:12:53.289,1.968,1.96836,1.37,1.00
2016.02.18 20:12:53.799,1.968,1.96836,1.12,1.00
2016.02.18 20:12:54.253,1.968,1.9684,1.00,1.00
2016.02.18 20:12:54.656,1.96796,1.96839,1.50,1.50
2016.02.18 20:12:54.799,1.968,1.96837,1.00,1.00
2016.02.18 20:12:56.479,1.968,1.9684,1.00,1.00
2016.02.18 20:12:56.724,1.968,1.96842,1.00,1.00
2016.02.18 20:12:56.826,1.96803,1.96842,1.00,1.00
2016.02.18 20:12:57.864,1.968,1.96842,1.87,1.00
2016.02.18 20:12:57.915,1.968,1.96842,1.87,1.00
2016.02.18 20:12:58.451,1.96798,1.96841,1.12,1.00
2016.02.18 20:13:00.548,1.96797,1.96842,1.00,1.00
2016.02.18 20:13:00.851,1.96798,1.96845,1.12,1.00
2016.02.18 20:13:01.102,1.96798,1.96842,1.12,1.00
2016.02.18 20:13:01.852,1.96799,1.96842,1.00,1.00
2016.02.18 20:13:02.261,1.96797,1.96842,1.00,1.00
2016.02.18 20:13:03.186,1.96797,1.96844,1.12,1.00
2016.02.18 20:13:03.488,1.96801,1.96842,1.00,1.00
2016.02.18 20:13:04.963,1.96801,1.96842,1.37,1.00
2016.02.18 20:13:05.165,1.968,1.96842,1.00,1.00
2016.02.18 20:13:05.367,1.96802,1.96842,1.00,1.00
2016.02.18 20:13:05.905,1.96801,1.96842,1.00,1.00
2016.02.18 20:13:06.217,1.96802,1.96842,1.37,1.00
2016.02.18 20:13:06.318,1.96801,1.96842,1.12,1.00
2016.02.18 20:13:06.769,1.96801,1.96841,1.37,1.00
2016.02.18 20:13:07.307,1.96801,1.96842,1.37,1.00
2016.02.18 20:13:07.973,1.96801,1.96842,1.37,1.00
2016.02.18 20:13:08.478,1.96801,1.96842,1.37,1.00
2016.02.18 20:13:08.681,1.96801,1.96842,1.12,1.00
2016.02.18 20:13:08.985,1.96801,1.96837,1.12,1.00
2016.02.18 20:13:09.565,1.96799,1.96837,1.12,1.00
2016.02.18 20:13:10.128,1.96799,1.96836,1.12,1.00
2016.02.18 20:13:11.886,1.96799,1.96842,1.12,1.00
2016.02.18 20:13:12.088,1.96795,1.96842,1.12,1.00
2016.02.18 20:13:12.294,1.96792,1.96837,1.37,1.00
2016.02.18 20:13:12.597,1.96792,1.96837,1.12,1.00
2016.02.18 20:13:13.084,1.96796,1.96842,1.00,2.25
2016.02.18 20:13:13.185,1.96803,1.96841,1.00,1.00
2016.02.18 20:13:13.387,1.968,1.96842,1.00,1.00
2016.02.18 20:13:14.519,1.968,1.96841,1.00,1.00
2016.02.18 20:13:14.570,1.96803,1.96841,1.37,1.00
2016.02.18 20:13:14.620,1.96803,1.96847,1.37,1.00
2016.02.18 20:13:14.671,1.96803,1.96848,1.37,1.00
2016.02.18 20:13:14.973,1.96808,1.96852,1.37,1.00
2016.02.18 20:13:15.515,1.9681,1.96852,1.37,1.00
2016.02.18 20:13:16.071,1.9681,1.96851,1.37,1.00
2016.02.18 20:13:17.264,1.9681,1.96854,1.37,1.00
2016.02.18 20:13:17.981,1.9681,1.96854,1.12,1.00
2016.02.18 20:13:18.032,1.96808,1.96852,1.37,1.00
2016.02.18 20:13:18.284,1.96803,1.96849,1.12,1.00
2016.02.18 20:13:18.988,1.96803,1.96847,1.12,1.00
2016.02.18 20:13:19.438,1.96802,1.96849,1.37,1.00
2016.02.18 20:13:19.983,1.96802,1.96849,1.00,1.50
2016.02.18 20:13:20.484,1.96804,1.96849,1.00,1.00
2016.02.18 20:13:20.787,1.96805,1.96852,1.37,1.50
2016.02.18 20:13:21.772,1.96808,1.96852,1.00,1.50
2016.02.18 20:13:22.024,1.96805,1.96852,1.00,1.50
2016.02.18 20:13:22.500,1.96811,1.96852,1.00,1.50
2016.02.18 20:13:22.802,1.96811,1.96854,1.37,1.00
2016.02.18 20:13:23.131,1.96811,1.96854,1.12,1.00
2016.02.18 20:13:23.182,1.96811,1.96852,1.12,1.00
2016.02.18 20:13:23.517,1.96812,1.96854,1.00,1.00
2016.02.18 20:13:23.719,1.96812,1.96857,1.37,1.00
2016.02.18 20:13:24.530,1.96812,1.96851,1.00,1.00
2016.02.18 20:13:24.933,1.96812,1.96857,1.00,1.50
2016.02.18 20:13:25.084,1.9681,1.96852,1.37,1.00
2016.02.18 20:13:25.613,1.9681,1.96857,1.37,1.50
2016.02.18 20:13:25.940,1.9681,1.96852,1.37,1.00
2016.02.18 20:13:26.543,1.9681,1.96852,1.37,1.00
2016.02.18 20:13:28.225,1.9681,1.96852,1.37,1.00
2016.02.18 20:13:28.743,1.9681,1.96851,1.37,1.00
2016.02.18 20:13:29.399,1.96811,1.96852,1.37,1.00
2016.02.18 20:13:30.347,1.96811,1.96852,1.37,1.00
2016.02.18 20:13:32.868,1.96812,1.96856,1.37,1.00
2016.02.18 20:13:33.372,1.96813,1.96857,1.37,1.50
2016.02.18 20:13:33.977,1.96813,1.96856,1.37,1.00
2016.02.18 20:13:34.649,1.96813,1.96856,1.37,1.00
2016.02.18 20:13:35.265,1.96813,1.96857,1.37,1.00
2016.02.18 20:13:35.661,1.96813,1.96854,1.37,1.00
2016.02.18 20:13:36.343,1.96813,1.96854,1.87,1.00
2016.02.18 20:13:36.444,1.96816,1.96856,1.87,1.00
2016.02.18 20:13:37.268,1.96817,1.96856,1.00,1.00
2016.02.18 20:13:37.780,1.9682,1.9686,1.00,1.00
2016.02.18 20:13:39.458,1.9682,1.96856,1.00,1.00
2016.02.18 20:13:40.278,1.9682,1.9686,1.00,1.00
2016.02.18 20:13:40.379,1.9682,1.96857,1.00,1.00
2016.02.18 20:13:41.219,1.9682,1.9686,1.00,1.00
2016.02.18 20:13:47.730,1.96823,1.9686,1.00,1.00
2016.02.18 20:13:47.831,1.9682,1.9686,1.37,1.00
2016.02.18 20:13:48.590,1.9682,1.9686,1.00,1.00
2016.02.18 20:13:51.160,1.96817,1.96857,1.00,1.00
2016.02.18 20:13:51.490,1.96809,1.96849,1.50,1.00
2016.02.18 20:13:53.389,1.96811,1.96854,1.00,1.00
2016.02.18 20:13:53.439,1.96812,1.96854,1.37,1.00
2016.02.18 20:13:53.490,1.96814,1.96857,1.12,1.00
2016.02.18 20:13:53.541,1.96812,1.96854,1.00,1.00
2016.02.18 20:13:53.994,1.96814,1.96854,1.00,1.00
2016.02.18 20:13:54.045,1.96814,1.96857,1.50,1.00
2016.02.18 20:13:54.845,1.96815,1.96857,1.00,1.00
2016.02.18 20:13:55.298,1.96811,1.96854,1.00,1.00
2016.02.18 20:13:55.728,1.96815,1.96856,1.00,1.00
2016.02.18 20:13:56.483,1.96812,1.96853,1.00,1.00
2016.02.18 20:13:56.802,1.96815,1.96856,1.00,1.00
2016.02.18 20:13:57.130,1.96812,1.96853,1.00,1.00
2016.02.18 20:13:57.857,1.96814,1.96853,1.00,1.00
2016.02.18 20:13:57.908,1.96814,1.96856,1.50,1.00
2016.02.18 20:13:58.059,1.96816,1.96856,1.00,1.00
2016.02.18 20:13:58.462,1.96816,1.96854,1.00,1.00
2016.02.18 20:13:58.513,1.96814,1.96854,1.00,1.00
2016.02.18 20:13:58.683,1.96812,1.96853,1.00,1.00
2016.02.18 20:13:58.857,1.96814,1.96857,1.00,1.00
2016.02.18 20:13:59.262,1.96811,1.96854,1.50,1.00
2016.02.18 20:13:59.565,1.96814,1.96857,1.00,1.50
2016.02.18 20:13:59.867,1.96814,1.96857,1.00,1.37
2016.02.18 20:14:00.169,1.96814,1.96857,1.00,1.00
2016.02.18 20:14:00.867,1.96814,1.96857,1.37,1.00
2016.02.18 20:14:01.167,1.96815,1.96857,1.00,1.00
2016.02.18 20:14:01.268,1.96816,1.96857,1.37,1.00
2016.02.18 20:14:01.369,1.96817,1.9686,1.37,1.00
2016.02.18 20:14:01.571,1.96817,1.9686,1.37,1.00
2016.02.18 20:14:01.900,1.96822,1.96863,1.00,1.00
2016.02.18 20:14:01.951,1.96822,1.96863,1.37,1.00
2016.02.18 20:14:02.001,1.96826,1.96869,1.37,1.00
2016.02.18 20:14:02.052,1.96826,1.96869,1.37,1.00
2016.02.18 20:14:02.102,1.96829,1.96872,1.37,1.50
2016.02.18 20:14:02.203,1.96826,1.96867,1.12,1.00
2016.02.18 20:14:02.304,1.96828,1.96871,1.37,1.00
2016.02.18 20:14:02.859,1.96828,1.96871,1.00,1.00
2016.02.18 20:14:03.398,1.96829,1.96871,1.00,1.00
2016.02.18 20:14:03.449,1.96832,1.96871,1.00,1.00
2016.02.18 20:14:03.750,1.96829,1.96871,1.00,1.00
2016.02.18 20:14:04.001,1.96831,1.96871,1.00,1.00
2016.02.18 20:14:04.427,1.96829,1.96871,1.00,1.00
2016.02.18 20:14:04.933,1.96828,1.96871,1.00,1.00
2016.02.18 20:14:06.087,1.96829,1.96871,1.00,1.00
2016.02.18 20:14:06.591,1.96829,1.96871,1.37,1.00
2016.02.18 20:14:06.692,1.96828,1.96871,1.12,1.00
2016.02.18 20:14:07.094,1.96828,1.96871,1.87,1.00
2016.02.18 20:14:08.280,1.96828,1.96871,1.12,1.00
2016.02.18 20:14:08.482,1.9683,1.96871,1.37,1.00
2016.02.18 20:14:09.014,1.96828,1.96871,1.50,1.00
2016.02.18 20:14:09.067,1.96828,1.96871,1.87,1.00
2016.02.18 20:14:09.268,1.96828,1.96871,1.50,1.00
2016.02.18 20:14:09.369,1.96831,1.96871,1.00,1.00
2016.02.18 20:14:09.470,1.96829,1.96871,1.00,1.00
2016.02.18 20:14:10.151,1.96832,1.96871,1.00,1.00
2016.02.18 20:14:10.353,1.96829,1.96871,1.12,1.00
2016.02.18 20:14:10.807,1.96831,1.96871,1.00,1.00
2016.02.18 20:14:11.129,1.96829,1.96871,1.12,1.00
2016.02.18 20:14:11.381,1.96832,1.96871,1.00,1.00
2016.02.18 20:14:11.727,1.96833,1.96876,1.00,1.00
2016.02.18 20:14:13.991,1.96833,1.96876,1.00,1.37
2016.02.18 20:14:14.545,1.96832,1.96875,1.00,1.00
2016.02.18 20:14:15.507,1.96832,1.96875,1.87,1.00
2016.02.18 20:14:16.011,1.96834,1.96875,1.00,1.00
2016.02.18 20:14:16.226,1.96829,1.96872,1.87,1.00
2016.02.18 20:14:16.603,1.96829,1.96872,1.87,1.00
2016.02.18 20:14:16.754,1.96831,1.96872,1.00,1.00
2016.02.18 20:14:17.644,1.96829,1.96872,1.50,1.00
2016.02.18 20:14:17.993,1.96829,1.9687,1.50,1.00
2016.02.18 20:14:18.309,1.96829,1.96867,1.00,1.00
2016.02.18 20:14:18.640,1.96826,1.96867,1.37,1.00
2016.02.18 20:14:18.950,1.96829,1.96867,1.00,1.00
2016.02.18 20:14:20.284,1.96827,1.96867,1.12,1.00
2016.02.18 20:14:20.335,1.96828,1.96869,1.00,1.00
2016.02.18 20:14:22.001,1.9683,1.96869,1.00,1.00
2016.02.18 20:14:22.118,1.96828,1.96869,1.12,1.00
2016.02.18 20:14:22.169,1.9683,1.96873,1.00,1.00
2016.02.18 20:14:22.219,1.96826,1.96869,1.87,1.00
2016.02.18 20:14:22.371,1.96826,1.96869,1.00,1.00
2016.02.18 20:14:22.522,1.96822,1.96865,1.37,1.00
2016.02.18 20:14:23.354,1.96824,1.96865,1.00,1.00
2016.02.18 20:14:24.537,1.96825,1.96865,1.00,1.00
2016.02.18 20:14:24.875,1.96825,1.96868,1.50,1.00
2016.02.18 20:14:26.524,1.96826,1.96868,1.00,1.00
2016.02.18 20:14:27.233,1.96825,1.96868,1.50,1.00
2016.02.18 20:14:27.740,1.96826,1.96868,1.12,1.00
2016.02.18 20:14:28.408,1.96827,1.96868,1.00,1.00
2016.02.18 20:14:32.603,1.96826,1.96868,1.00,1.00
2016.02.18 20:14:33.109,1.96827,1.96868,1.00,1.00
2016.02.18 20:14:33.658,1.96828,1.96868,1.00,1.00
2016.02.18 20:14:35.929,1.96826,1.96868,1.00,1.00
2016.02.18 20:14:37.322,1.96825,1.96868,1.50,1.00
2016.02.18 20:14:40.639,1.96826,1.96868,1.00,1.00
2016.02.18 20:14:43.570,1.96828,1.96868,1.00,1.00
2016.02.18 20:14:43.922,1.9683,1.96868,1.00,1.00
2016.02.18 20:14:44.450,1.96827,1.96868,1.00,1.00
2016.02.18 20:14:45.025,1.96826,1.96868,1.00,1.00
2016.02.18 20:14:45.782,1.96825,1.96868,1.50,1.00
2016.02.18 20:14:46.237,1.96827,1.96868,1.00,1.00
2016.02.18 20:14:46.555,1.96825,1.96868,1.50,1.00
2016.02.18 20:14:49.809,1.96825,1.96868,1.37,1.00
2016.02.18 20:14:51.538,1.9683,1.96871,1.00,1.00
2016.02.18 20:14:52.193,1.96829,1.96871,1.00,1.50
2016.02.18 20:14:52.504,1.96829,1.96867,1.00,1.00
2016.02.18 20:14:52.793,1.96826,1.96867,1.00,1.50
2016.02.18 20:14:52.847,1.96824,1.96867,1.50,1.00
2016.02.18 20:14:52.898,1.96824,1.96861,1.50,1.00
2016.02.18 20:14:52.948,1.96822,1.96861,1.00,1.00
2016.02.18 20:14:52.999,1.96819,1.96858,1.00,1.00
2016.02.18 20:14:53.402,1.96813,1.96855,1.12,1.00
2016.02.18 20:14:53.453,1.96813,1.96853,1.12,1.00
2016.02.18 20:14:53.554,1.96808,1.96851,1.00,1.00
2016.02.18 20:14:53.725,1.96808,1.96851,1.37,1.00
2016.02.18 20:14:54.069,1.96812,1.96853,1.87,1.00
2016.02.18 20:14:54.334,1.96812,1.96853,1.87,1.00
2016.02.18 20:14:54.536,1.96812,1.96853,1.87,1.00
2016.02.18 20:14:55.041,1.96812,1.96853,1.87,1.00
2016.02.18 20:14:55.601,1.96812,1.96853,1.87,1.00
2016.02.18 20:14:55.803,1.96812,1.96853,1.37,1.00
2016.02.18 20:14:55.854,1.96815,1.96857,1.37,1.00
2016.02.18 20:14:56.358,1.96815,1.96856,1.00,1.00
2016.02.18 20:14:56.560,1.96815,1.96858,1.00,1.00
2016.02.18 20:14:56.610,1.96815,1.96858,1.37,1.00
2016.02.18 20:14:56.711,1.96819,1.96862,1.00,1.50
2016.02.18 20:14:56.812,1.96822,1.96865,1.37,1.00
2016.02.18 20:14:57.314,1.96824,1.96865,1.37,1.00
2016.02.18 20:14:57.758,1.96826,1.96867,1.00,1.50
2016.02.18 20:14:58.196,1.96828,1.96866,1.00,1.00
2016.02.18 20:14:58.307,1.96828,1.96871,1.00,1.00
2016.02.18 20:14:58.624,1.96828,1.96866,1.00,1.00
2016.02.18 20:14:58.674,1.96824,1.96865,1.37,1.00
2016.02.18 20:14:58.725,1.96824,1.96865,1.00,1.00
2016.02.18 20:14:59.128,1.96822,1.96862,1.00,1.00
2016.02.18 20:14:59.290,1.9682,1.96863,1.00,1.00
2016.02.18 20:14:59.825,1.96816,1.96859,1.00,1.00
2016.02.18 20:15:00.128,1.96814,1.96855,1.00,1.00
2016.02.18 20:15:00.480,1.96809,1.96847,1.00,1.00
2016.02.18 20:15:00.533,1.96809,1.96851,1.00,1.00
2016.02.18 20:15:00.667,1.96809,1.96851,1.87,1.00
2016.02.18 20:15:00.717,1.96809,1.96851,1.50,1.00
2016.02.18 20:15:00.818,1.96812,1.96851,1.37,1.00
2016.02.18 20:15:00.869,1.96812,1.96855,1.37,1.00
2016.02.18 20:15:01.121,1.96812,1.96855,1.37,1.00
2016.02.18 20:15:01.474,1.96809,1.96844,1.00,1.00
2016.02.18 20:15:01.525,1.96805,1.96841,1.00,1.00
2016.02.18 20:15:01.626,1.96799,1.96842,1.00,1.00
2016.02.18 20:15:01.878,1.96795,1.96837,1.87,1.00
2016.02.18 20:15:01.929,1.96801,1.96841,1.00,1.00
2016.02.18 20:15:02.131,1.96799,1.96842,1.00,1.00
2016.02.18 20:15:02.595,1.96804,1.96846,1.37,1.00
2016.02.18 20:15:02.796,1.96807,1.96849,1.00,1.00
2016.02.18 20:15:03.300,1.96811,1.96851,1.00,1.00
2016.02.18 20:15:05.330,1.96814,1.96852,1.00,1.00
2016.02.18 20:15:06.764,1.96814,1.96856,1.00,1.00
2016.02.18 20:15:06.988,1.96814,1.96851,1.00,1.00
2016.02.18 20:15:07.977,1.96811,1.96851,1.00,1.00
2016.02.18 20:15:08.078,1.96811,1.96847,1.00,1.00
2016.02.18 20:15:08.202,1.96811,1.96852,1.00,1.00
2016.02.18 20:15:08.849,1.96811,1.96847,1.00,1.00
2016.02.18 20:15:08.899,1.96808,1.96847,1.00,1.00
2016.02.18 20:15:09.138,1.96804,1.96847,1.00,1.50
2016.02.18 20:15:10.377,1.96801,1.96843,1.50,1.00
2016.02.18 20:15:11.635,1.96801,1.96843,1.87,1.00
2016.02.18 20:15:11.787,1.96804,1.96846,1.00,1.00
2016.02.18 20:15:11.838,1.96804,1.96846,1.37,1.00
2016.02.18 20:15:11.939,1.96807,1.96849,1.00,1.00
2016.02.18 20:15:12.376,1.96811,1.96851,1.00,1.00
2016.02.18 20:15:14.609,1.96811,1.96847,1.00,1.00
2016.02.18 20:15:16.531,1.96811,1.96851,1.00,1.50
2016.02.18 20:15:16.783,1.96815,1.96856,1.00,1.00
2016.02.18 20:15:17.511,1.96812,1.96852,1.00,1.00
2016.02.18 20:15:19.250,1.96815,1.96857,1.00,1.50
2016.02.18 20:15:19.444,1.9681,1.9685,1.00,1.00
2016.02.18 20:15:19.767,1.96813,1.96855,1.00,1.00
2016.02.18 20:15:21.169,1.96813,1.96852,1.00,1.00
2016.02.18 20:15:22.267,1.96813,1.96855,1.00,1.00
2016.02.18 20:15:28.473,1.96817,1.96857,1.00,1.00
2016.02.18 20:15:28.775,1.96814,1.96851,1.00,1.00
2016.02.18 20:15:28.988,1.96814,1.96856,1.00,1.50
2016.02.18 20:15:29.089,1.96814,1.96852,1.00,1.00
2016.02.18 20:15:29.746,1.96814,1.96852,1.37,1.00
2016.02.18 20:15:29.797,1.96818,1.96857,1.00,1.00
2016.02.18 20:15:29.934,1.96818,1.9686,1.00,1.00
2016.02.18 20:15:29.993,1.96821,1.96863,1.37,1.00
2016.02.18 20:15:30.435,1.96826,1.96864,1.00,1.00
2016.02.18 20:15:30.486,1.96826,1.96866,1.00,1.00
2016.02.18 20:15:34.942,1.96826,1.96866,1.37,1.50
2016.02.18 20:15:35.410,1.96828,1.96871,1.00,1.50
2016.02.18 20:15:35.612,1.96828,1.96867,1.00,1.00
2016.02.18 20:15:35.951,1.96825,1.96866,1.12,1.00
2016.02.18 20:15:36.766,1.96825,1.96866,1.37,1.00
2016.02.18 20:15:37.366,1.96825,1.96866,1.00,1.00
2016.02.18 20:15:38.964,1.96821,1.96864,1.00,1.00
2016.02.18 20:15:39.066,1.96818,1.96859,1.00,1.00
2016.02.18 20:15:39.379,1.96811,1.96854,1.50,1.00
2016.02.18 20:15:39.732,1.96808,1.9685,1.00,1.00
2016.02.18 20:15:39.783,1.96804,1.96847,1.50,1.00
2016.02.18 20:15:39.884,1.96804,1.96847,1.00,1.37
2016.02.18 20:15:39.934,1.96801,1.96844,1.50,1.00
2016.02.18 20:15:40.190,1.96804,1.96847,1.37,1.50
2016.02.18 20:15:40.342,1.96807,1.9685,1.00,1.00
2016.02.18 20:15:40.505,1.96811,1.96854,1.12,1.00
2016.02.18 20:15:41.059,1.96811,1.96851,1.00,1.50
2016.02.18 20:15:41.110,1.96807,1.9685,1.00,1.00
2016.02.18 20:15:41.161,1.96804,1.96847,1.00,1.37
2016.02.18 20:15:41.664,1.96804,1.96847,1.00,1.00
2016.02.18 20:15:42.008,1.9681,1.96851,1.00,1.00
2016.02.18 20:15:42.311,1.96813,1.96854,1.00,1.00
2016.02.18 20:15:42.663,1.96816,1.96857,1.00,1.00
2016.02.18 20:15:43.775,1.96821,1.96862,1.00,1.00
2016.02.18 20:15:43.876,1.96821,1.96864,1.00,1.00
2016.02.18 20:15:43.977,1.96827,1.9687,1.12,1.00
2016.02.18 20:15:44.468,1.96824,1.96864,1.00,1.00
2016.02.18 20:15:44.569,1.96821,1.96863,1.00,1.00
2016.02.18 20:15:45.092,1.96821,1.96864,1.00,1.00
2016.02.18 20:15:45.294,1.96825,1.96867,1.00,1.00
2016.02.18 20:15:50.008,1.96825,1.96867,1.37,1.00
2016.02.18 20:15:50.708,1.96825,1.96867,1.37,1.00
2016.02.18 20:15:50.909,1.96828,1.9687,1.00,1.00
2016.02.18 20:15:53.685,1.96828,1.9687,1.37,1.00
2016.02.18 20:15:53.786,1.96832,1.96874,1.00,1.00
2016.02.18 20:15:53.987,1.96832,1.96872,1.00,1.00
2016.02.18 20:15:54.038,1.96829,1.96871,1.00,1.00
2016.02.18 20:15:55.039,1.96825,1.96868,1.00,1.50
2016.02.18 20:15:55.089,1.96818,1.96857,1.00,1.00
2016.02.18 20:15:55.140,1.96811,1.96851,1.50,1.00
2016.02.18 20:15:55.292,1.96807,1.96849,1.50,1.00
2016.02.18 20:15:57.414,1.96804,1.96846,1.00,1.00
2016.02.18 20:15:58.316,1.96804,1.96846,1.37,1.00
2016.02.18 20:15:58.726,1.96804,1.96846,1.12,1.00
2016.02.18 20:15:59.231,1.96804,1.96846,1.37,1.00
2016.02.18 20:15:59.735,1.96804,1.96846,1.37,1.00
2016.02.18 20:16:00.325,1.96806,1.96846,1.37,1.00
2016.02.18 20:16:01.004,1.96806,1.96846,1.37,1.00
2016.02.18 20:16:01.055,1.9681,1.9685,1.00,1.00
2016.02.18 20:16:04.693,1.96805,1.96847,1.00,1.00
2016.02.18 20:16:07.320,1.96805,1.96847,1.37,1.00
2016.02.18 20:16:07.822,1.96805,1.96847,1.37,1.00
2016.02.18 20:16:08.666,1.96805,1.96847,1.37,1.00
2016.02.18 20:16:09.538,1.96805,1.96847,1.12,1.00
2016.02.18 20:16:10.040,1.96805,1.96847,1.37,1.00
2016.02.18 20:16:10.640,1.96805,1.96847,1.37,1.00
2016.02.18 20:16:10.691,1.96808,1.96851,1.00,1.00
2016.02.18 20:16:10.842,1.96806,1.96847,1.00,1.00
2016.02.18 20:16:10.943,1.96808,1.96851,1.00,1.50
2016.02.18 20:16:11.195,1.96808,1.96849,1.00,1.00
2016.02.18 20:16:11.246,1.96804,1.96847,1.37,1.00
2016.02.18 20:16:11.938,1.96804,1.96847,1.12,1.00
2016.02.18 20:16:12.459,1.96804,1.96847,1.37,1.00
2016.02.18 20:16:12.962,1.96804,1.96847,1.00,1.00
2016.02.18 20:16:13.463,1.96804,1.96847,1.37,1.00
2016.02.18 20:16:13.786,1.96801,1.96844,1.12,1.00
2016.02.18 20:16:14.138,1.96801,1.96841,1.00,1.00
2016.02.18 20:16:14.555,1.96799,1.9684,1.87,1.00
2016.02.18 20:16:15.542,1.96799,1.96839,1.87,1.00
2016.02.18 20:16:16.071,1.96799,1.9684,1.87,1.00
2016.02.18 20:16:18.880,1.96801,1.96844,1.37,2.25
2016.02.18 20:16:19.408,1.96801,1.96844,1.00,1.00
2016.02.18 20:16:20.950,1.96799,1.9684,1.50,1.00
2016.02.18 20:16:22.310,1.96797,1.96837,1.00,1.00
2016.02.18 20:16:22.574,1.96793,1.96834,1.00,1.00
2016.02.18 20:16:24.115,1.96796,1.96836,1.00,1.00
2016.02.18 20:16:24.478,1.96796,1.96839,1.00,1.00
2016.02.18 20:16:24.579,1.96796,1.96837,1.00,1.00
2016.02.18 20:16:27.111,1.96794,1.96835,1.37,1.00
2016.02.18 20:16:27.613,1.96794,1.96835,1.12,1.00
2016.02.18 20:16:27.865,1.96797,1.96839,1.00,1.00
2016.02.18 20:16:28.397,1.968,1.96841,1.00,1.00
2016.02.18 20:16:28.885,1.968,1.96837,1.00,1.00
2016.02.18 20:16:29.064,1.968,1.96841,1.00,1.00
2016.02.18 20:16:29.805,1.96798,1.96838,1.00,1.00
2016.02.18 20:16:30.308,1.96798,1.96837,1.00,1.00
2016.02.18 20:16:30.610,1.96794,1.96835,1.00,1.00
2016.02.18 20:16:35.511,1.96794,1.96833,1.00,1.00
2016.02.18 20:16:35.763,1.96781,1.96822,1.00,1.00
2016.02.18 20:16:41.087,1.96777,1.96819,1.50,1.00
2016.02.18 20:16:42.255,1.96777,1.96819,1.37,1.00
2016.02.18 20:16:42.886,1.96783,1.96822,1.00,1.00
2016.02.18 20:16:42.937,1.96787,1.96829,1.00,1.00
2016.02.18 20:16:43.088,1.96788,1.9683,1.37,1.00
2016.02.18 20:16:43.488,1.9679,1.96833,1.12,1.00
2016.02.18 20:16:44.392,1.9679,1.96833,1.37,1.00
2016.02.18 20:16:45.067,1.96791,1.96833,1.00,1.00
2016.02.18 20:16:45.395,1.96793,1.96836,1.12,1.00
2016.02.18 20:16:45.897,1.9679,1.96832,1.87,1.00
2016.02.18 20:16:46.157,1.96774,1.96815,1.50,1.00
2016.02.18 20:16:46.208,1.96774,1.96812,1.50,1.00
2016.02.18 20:16:46.258,1.96769,1.96812,1.00,1.00
2016.02.18 20:16:46.863,1.96769,1.96812,1.37,1.00
2016.02.18 20:16:47.065,1.96769,1.96812,1.87,1.00
2016.02.18 20:16:47.115,1.96772,1.96815,1.37,1.00
2016.02.18 20:16:47.356,1.96776,1.96817,1.00,1.00
2016.02.18 20:16:47.860,1.96778,1.96821,1.00,1.00
2016.02.18 20:16:49.161,1.96778,1.96821,1.00,1.87
2016.02.18 20:16:49.262,1.96771,1.96813,1.00,1.00
2016.02.18 20:16:50.175,1.96775,1.96816,1.00,1.00
2016.02.18 20:16:50.327,1.96771,1.96813,1.00,1.00
2016.02.18 20:16:50.968,1.9677,1.96813,1.00,1.00
2016.02.18 20:16:53.299,1.9677,1.96812,1.50,1.00
2016.02.18 20:16:53.978,1.9677,1.96813,1.50,1.00
2016.02.18 20:16:54.488,1.96771,1.96813,1.00,1.00
2016.02.18 20:16:56.073,1.96774,1.96816,1.00,1.00
2016.02.18 20:16:56.385,1.9678,1.96822,1.00,1.00
2016.02.18 20:16:56.688,1.96776,1.96818,1.00,1.00
2016.02.18 20:16:57.122,1.96779,1.96821,1.00,1.00
2016.02.18 20:16:57.179,1.96775,1.96818,1.00,1.00
2016.02.18 20:16:57.706,1.96775,1.96818,1.37,1.00
2016.02.18 20:16:57.908,1.96775,1.96818,1.37,1.00
2016.02.18 20:16:57.958,1.9678,1.96822,1.00,1.00
2016.02.18 20:16:58.637,1.9678,1.96821,1.00,1.00
2016.02.18 20:16:59.144,1.9678,1.96822,1.00,1.00
2016.02.18 20:16:59.296,1.96777,1.96819,1.00,1.00
2016.02.18 20:17:01.849,1.96772,1.96814,1.00,1.00
2016.02.18 20:17:02.700,1.96777,1.96819,1.00,1.00
2016.02.18 20:17:04.406,1.96777,1.96819,1.00,1.37
2016.02.18 20:17:04.628,1.96769,1.96811,1.12,1.00
2016.02.18 20:17:04.830,1.96769,1.96811,1.37,1.00
2016.02.18 20:17:04.881,1.96775,1.96817,1.12,1.50
2016.02.18 20:17:05.542,1.96775,1.96817,1.37,1.00
2016.02.18 20:17:09.081,1.96775,1.96817,1.12,1.50
2016.02.18 20:17:12.262,1.96775,1.96817,1.37,1.00
2016.02.18 20:17:14.227,1.96775,1.96817,1.37,1.00
2016.02.18 20:17:18.555,1.96775,1.96817,1.12,1.00
2016.02.18 20:17:19.594,1.96779,1.96821,1.00,1.00
2016.02.18 20:17:23.807,1.96776,1.96818,1.00,1.00
2016.02.18 20:17:24.859,1.96776,1.96818,1.37,1.00
2016.02.18 20:17:25.174,1.96779,1.96818,1.00,1.00
2016.02.18 20:17:27.806,1.96776,1.96818,1.37,1.00
2016.02.18 20:17:28.271,1.96776,1.96818,1.37,1.00
2016.02.18 20:17:28.473,1.96776,1.96818,1.12,1.00
2016.02.18 20:17:29.958,1.96776,1.96818,1.37,1.00
2016.02.18 20:17:30.127,1.96779,1.96818,1.00,1.00
2016.02.18 20:17:30.240,1.96776,1.96818,1.37,1.00
2016.02.18 20:17:31.199,1.96776,1.96818,1.12,1.00
2016.02.18 20:17:31.592,1.9678,1.96823,1.12,1.00
2016.02.18 20:17:31.694,1.9678,1.96823,1.37,1.00
2016.02.18 20:17:31.744,1.96785,1.96826,1.37,1.00
2016.02.18 20:17:31.795,1.96787,1.9683,1.12,1.00
2016.02.18 20:17:32.341,1.96787,1.9683,1.37,1.00
2016.02.18 20:17:32.493,1.96787,1.9683,1.37,1.00
2016.02.18 20:17:32.803,1.96792,1.96831,1.00,1.00
2016.02.18 20:17:33.185,1.96789,1.9683,1.12,1.00
2016.02.18 20:17:34.604,1.96789,1.9683,1.37,1.00
2016.02.18 20:17:34.705,1.96791,1.96832,1.00,1.00
2016.02.18 20:17:35.676,1.96787,1.9683,1.00,1.00
2016.02.18 20:17:35.777,1.96787,1.96827,1.00,1.00
2016.02.18 20:17:35.827,1.96785,1.96826,1.00,1.00
2016.02.18 20:17:35.878,1.96785,1.96824,1.00,1.00
2016.02.18 20:17:35.929,1.9678,1.96823,1.00,1.00
2016.02.18 20:17:36.310,1.9678,1.96821,1.00,1.00
2016.02.18 20:17:36.750,1.96777,1.9682,1.12,1.00
2016.02.18 20:17:37.414,1.96779,1.9682,1.37,1.00
2016.02.18 20:17:37.915,1.9678,1.96821,1.12,1.00
2016.02.18 20:17:38.117,1.9678,1.96823,1.12,1.00
2016.02.18 20:17:39.207,1.9678,1.96823,1.37,1.00
2016.02.18 20:17:39.258,1.96784,1.96826,1.12,1.00
2016.02.18 20:17:39.666,1.96781,1.96824,1.37,1.00
2016.02.18 20:17:39.836,1.96781,1.96824,1.00,1.00
2016.02.18 20:17:40.188,1.96781,1.96824,1.37,1.00
2016.02.18 20:17:40.340,1.96784,1.96827,1.50,1.00
2016.02.18 20:17:40.816,1.96784,1.96826,1.37,1.00
2016.02.18 20:17:41.018,1.96784,1.96826,1.12,1.00
2016.02.18 20:17:41.522,1.96784,1.96827,1.50,1.00
2016.02.18 20:17:43.941,1.96784,1.96827,1.37,1.00
2016.02.18 20:17:44.294,1.96787,1.9683,1.00,1.00
2016.02.18 20:17:44.345,1.96787,1.9683,1.37,1.00
2016.02.18 20:17:44.596,1.96788,1.9683,1.00,1.00
2016.02.18 20:17:44.647,1.96792,1.96833,1.00,1.50
2016.02.18 20:17:45.918,1.968,1.96833,1.00,1.00
2016.02.18 20:17:45.969,1.968,1.96837,1.00,1.00
2016.02.18 20:17:46.020,1.96803,1.96844,1.00,1.00
2016.02.18 20:17:46.121,1.96805,1.96846,1.00,1.12
2016.02.18 20:17:46.428,1.96801,1.96842,1.00,1.00
2016.02.18 20:17:46.687,1.96793,1.96835,1.00,1.00
2016.02.18 20:17:47.211,1.96792,1.96835,1.00,1.00
2016.02.18 20:17:52.165,1.96793,1.96835,1.00,1.00
2016.02.18 20:17:52.317,1.96797,1.96835,1.00,1.00
2016.02.18 20:17:52.367,1.96798,1.96839,1.00,1.00
2016.02.18 20:17:52.418,1.968,1.96839,1.00,1.00
2016.02.18 20:17:52.527,1.96803,1.96846,1.00,1.00
2016.02.18 20:17:53.028,1.96804,1.96846,1.00,1.50
2016.02.18 20:17:53.828,1.96803,1.96841,1.12,1.00
2016.02.18 20:17:53.930,1.96804,1.96846,1.00,1.50
2016.02.18 20:17:54.456,1.96803,1.96846,1.87,1.00
2016.02.18 20:17:55.999,1.96803,1.96842,1.00,1.00
2016.02.18 20:17:56.452,1.96803,1.96846,1.50,1.00
2016.02.18 20:17:56.553,1.96803,1.96843,1.00,1.00
2016.02.18 20:17:59.449,1.96804,1.96847,1.00,1.50
2016.02.18 20:17:59.911,1.96808,1.96847,1.00,1.00
2016.02.18 20:18:00.199,1.96808,1.96849,1.50,1.50
2016.02.18 20:18:00.533,1.96808,1.96846,1.00,1.00
2016.02.18 20:18:00.814,1.96804,1.96845,1.00,1.00
2016.02.18 20:18:01.456,1.96803,1.96845,1.00,1.00
2016.02.18 20:18:01.744,1.96808,1.96845,1.00,1.00
2016.02.18 20:18:01.795,1.96808,1.96849,1.00,1.50
2016.02.18 20:18:01.896,1.9681,1.96852,1.00,1.50
2016.02.18 20:18:02.434,1.9681,1.96852,1.37,1.50
2016.02.18 20:18:05.098,1.9681,1.96852,1.00,2.25
2016.02.18 20:18:07.534,1.9681,1.96851,1.00,1.00
2016.02.18 20:18:07.974,1.9681,1.96847,1.00,1.00
2016.02.18 20:18:08.663,1.96807,1.96847,1.00,1.00
2016.02.18 20:18:09.273,1.96797,1.9684,1.50,1.00
2016.02.18 20:18:09.856,1.96798,1.9684,1.00,1.00
2016.02.18 20:18:10.400,1.96797,1.9684,1.50,1.00
2016.02.18 20:18:12.369,1.96799,1.9684,1.00,1.00
2016.02.18 20:18:12.419,1.96801,1.96843,1.00,1.00
2016.02.18 20:18:12.470,1.96806,1.96846,1.12,1.00
2016.02.18 20:18:12.722,1.96818,1.9686,1.00,1.00
2016.02.18 20:18:13.165,1.96823,1.96863,1.00,1.00
2016.02.18 20:18:13.417,1.96815,1.96857,1.00,1.00
2016.02.18 20:18:13.468,1.96813,1.96853,1.00,1.00
2016.02.18 20:18:13.872,1.96815,1.96857,1.00,1.00
2016.02.18 20:18:14.464,1.96811,1.96854,1.00,1.00
2016.02.18 20:18:14.915,1.96808,1.9685,1.00,1.00
2016.02.18 20:18:16.475,1.96808,1.9685,1.37,1.00
2016.02.18 20:18:16.977,1.96808,1.9685,1.00,1.00
2016.02.18 20:18:17.681,1.96808,1.96847,1.00,1.00
2016.02.18 20:18:18.242,1.96808,1.9685,1.00,1.00
2016.02.18 20:18:18.672,1.96808,1.96846,1.00,1.00
2016.02.18 20:18:18.784,1.96808,1.9685,1.00,1.00
2016.02.18 20:18:19.086,1.96803,1.96846,1.00,1.37
2016.02.18 20:18:19.187,1.96801,1.96844,1.00,1.00
2016.02.18 20:18:21.526,1.96798,1.96839,1.00,1.00
2016.02.18 20:18:22.489,1.96801,1.96842,1.12,1.00
2016.02.18 20:18:25.655,1.96798,1.96839,1.00,1.00
2016.02.18 20:18:26.695,1.96799,1.96839,1.00,1.00
2016.02.18 20:18:27.106,1.96799,1.96837,1.00,1.00
2016.02.18 20:18:28.852,1.96799,1.96835,1.00,1.00
2016.02.18 20:18:28.903,1.96794,1.96834,1.00,1.00
2016.02.18 20:18:29.104,1.96793,1.96834,1.37,1.00
2016.02.18 20:18:29.407,1.96796,1.96839,1.00,1.00
2016.02.18 20:18:30.317,1.96799,1.96842,1.00,1.00
2016.02.18 20:18:32.104,1.96799,1.96839,1.00,1.00
2016.02.18 20:18:32.216,1.96799,1.96842,1.00,1.00
2016.02.18 20:18:32.267,1.96797,1.96837,1.37,1.00
2016.02.18 20:18:32.750,1.96799,1.96841,1.00,1.50
2016.02.18 20:18:32.851,1.96796,1.96838,1.37,1.00
2016.02.18 20:18:33.203,1.96801,1.96838,1.12,1.00
2016.02.18 20:18:33.423,1.96797,1.96838,1.00,1.00
2016.02.18 20:18:33.929,1.96796,1.96838,1.50,1.00
2016.02.18 20:18:34.268,1.968,1.9684,1.00,1.00
2016.02.18 20:18:34.733,1.968,1.96837,1.00,1.00
2016.02.18 20:18:34.834,1.968,1.9684,1.00,1.00
2016.02.18 20:18:35.187,1.96797,1.96838,1.00,1.00
2016.02.18 20:18:36.278,1.96797,1.96836,1.00,1.00
2016.02.18 20:18:36.548,1.96797,1.96838,1.00,1.00
2016.02.18 20:18:37.407,1.96799,1.96842,1.50,1.50
2016.02.18 20:18:37.928,1.96799,1.96841,1.87,1.00
2016.02.18 20:18:38.469,1.96799,1.96842,1.00,1.50
2016.02.18 20:18:39.913,1.96799,1.96841,1.00,1.00
2016.02.18 20:18:41.568,1.96799,1.96842,1.00,1.50
2016.02.18 20:18:44.075,1.96795,1.96838,1.87,1.00
2016.02.18 20:18:44.831,1.96796,1.96838,1.12,1.00
2016.02.18 20:18:45.375,1.96795,1.96838,1.50,1.00
2016.02.18 20:18:45.684,1.96796,1.96834,1.00,1.00
2016.02.18 20:18:46.216,1.96795,1.96834,1.00,1.00
2016.02.18 20:18:46.586,1.96796,1.9683,1.00,1.00
2016.02.18 20:18:47.157,1.96795,1.9683,1.00,1.00
2016.02.18 20:18:48.955,1.96791,1.9683,1.00,1.00
2016.02.18 20:18:49.457,1.96792,1.9683,1.00,1.00
2016.02.18 20:18:50.170,1.96791,1.9683,1.00,1.00
2016.02.18 20:18:50.944,1.96788,1.9683,1.37,1.00
2016.02.18 20:18:51.045,1.96793,1.96832,1.00,1.00
2016.02.18 20:18:51.246,1.96795,1.96835,1.00,1.00
2016.02.18 20:18:56.558,1.96795,1.96836,1.50,1.50
2016.02.18 20:19:01.781,1.96798,1.96836,1.00,1.00
2016.02.18 20:19:03.313,1.96799,1.96836,1.00,1.00
2016.02.18 20:19:03.822,1.96798,1.96836,1.00,1.00
2016.02.18 20:19:06.658,1.96798,1.96841,2.25,1.12
2016.02.18 20:19:06.709,1.96806,1.96841,1.00,1.00
2016.02.18 20:19:06.759,1.96806,1.96845,1.50,1.00
2016.02.18 20:19:06.810,1.96811,1.96849,1.00,1.00
2016.02.18 20:19:06.911,1.96811,1.96852,1.00,1.00
2016.02.18 20:19:06.962,1.96814,1.96852,1.00,1.00
2016.02.18 20:19:07.203,1.96817,1.96858,1.00,1.00
2016.02.18 20:19:07.833,1.96819,1.96862,1.00,1.50
2016.02.18 20:19:11.745,1.96822,1.96865,1.00,1.00
2016.02.18 20:19:14.220,1.96822,1.96864,1.00,1.00
2016.02.18 20:19:14.570,1.9682,1.96861,1.00,1.00
2016.02.18 20:19:15.099,1.96816,1.96858,1.00,1.00
2016.02.18 20:19:20.583,1.96813,1.96854,1.00,1.00
2016.02.18 20:19:21.540,1.96808,1.96851,1.00,1.00
2016.02.18 20:19:21.792,1.96812,1.96854,1.00,1.00
2016.02.18 20:19:21.954,1.96808,1.96851,1.00,1.50
2016.02.18 20:19:22.174,1.96805,1.96848,1.00,1.00
2016.02.18 20:19:22.477,1.96804,1.96844,1.00,1.00
2016.02.18 20:19:22.729,1.96801,1.96844,1.00,1.37
2016.02.18 20:19:22.830,1.96798,1.96841,1.50,1.00
2016.02.18 20:19:23.732,1.96799,1.96839,1.00,1.00
2016.02.18 20:19:23.833,1.96799,1.96841,1.00,1.00
2016.02.18 20:19:24.035,1.96798,1.96839,1.50,1.00
2016.02.18 20:19:24.558,1.96798,1.9684,1.50,1.00
2016.02.18 20:19:24.860,1.96798,1.96841,1.37,1.00
2016.02.18 20:19:25.389,1.96798,1.96841,1.37,1.00
2016.02.18 20:19:26.944,1.96798,1.96841,1.37,1.50
2016.02.18 20:19:27.510,1.96798,1.96841,1.37,1.00
2016.02.18 20:19:28.274,1.96798,1.96841,1.37,1.00
2016.02.18 20:19:36.007,1.96798,1.9684,1.37,1.00
2016.02.18 20:19:39.261,1.96798,1.9684,1.37,1.50
2016.02.18 20:19:39.584,1.96798,1.96841,1.37,1.00
2016.02.18 20:19:39.707,1.96798,1.96841,1.37,1.00
2016.02.18 20:19:39.758,1.96801,1.96844,1.37,1.00
2016.02.18 20:19:40.261,1.96804,1.96844,1.00,1.00
2016.02.18 20:19:40.413,1.96806,1.96847,1.00,1.00
2016.02.18 20:19:42.571,1.96806,1.96847,1.37,1.00
2016.02.18 20:19:42.672,1.96808,1.9685,1.00,1.00
2016.02.18 20:19:42.723,1.96805,1.96846,1.00,1.00
2016.02.18 20:19:43.989,1.96801,1.96844,1.00,1.00
2016.02.18 20:19:45.314,1.96801,1.96844,1.37,1.00
2016.02.18 20:19:51.805,1.96801,1.96844,1.37,1.00
2016.02.18 20:19:54.482,1.96801,1.96844,1.37,1.00
2016.02.18 20:19:58.012,1.96801,1.96844,1.37,1.00
2016.02.18 20:20:00.595,1.96801,1.96844,1.37,1.00
2016.02.18 20:20:01.599,1.96803,1.96844,1.37,1.00
2016.02.18 20:20:02.357,1.96802,1.96844,1.00,1.00
2016.02.18 20:20:02.610,1.96804,1.96844,1.00,1.00
2016.02.18 20:20:03.142,1.96804,1.96847,1.87,1.00
2016.02.18 20:20:04.863,1.96804,1.96847,1.87,1.00
2016.02.18 20:20:07.212,1.96805,1.96847,1.12,1.00
2016.02.18 20:20:07.779,1.96804,1.96847,1.50,1.00
2016.02.18 20:20:12.746,1.96814,1.96849,1.00,1.00
2016.02.18 20:20:12.847,1.96812,1.96854,1.37,1.00
2016.02.18 20:20:12.898,1.96816,1.96856,1.00,1.00
2016.02.18 20:20:13.200,1.96819,1.96859,1.37,1.00
2016.02.18 20:20:13.748,1.96819,1.96859,1.00,1.00
2016.02.18 20:20:14.603,1.96816,1.96855,1.00,1.00
2016.02.18 20:20:14.754,1.96818,1.9686,1.00,1.00
2016.02.18 20:20:15.465,1.96818,1.9686,1.37,1.00
2016.02.18 20:20:17.381,1.96821,1.96864,1.12,1.00
2016.02.18 20:20:17.885,1.96821,1.96863,1.12,1.00
2016.02.18 20:20:18.502,1.96821,1.96864,1.12,1.00
2016.02.18 20:20:22.979,1.96821,1.96862,1.00,1.00
2016.02.18 20:20:23.030,1.96818,1.96861,1.50,1.00
2016.02.18 20:20:24.824,1.96817,1.96857,1.12,1.00
2016.02.18 20:20:25.262,1.96819,1.96862,1.00,1.00
2016.02.18 20:20:25.313,1.96819,1.96862,1.37,1.00
2016.02.18 20:20:25.845,1.96819,1.96862,1.37,1.00
2016.02.18 20:20:30.210,1.96822,1.96862,1.00,1.00
2016.02.18 20:20:30.311,1.96819,1.96862,1.00,1.00
2016.02.18 20:20:31.982,1.96822,1.96862,1.00,1.00
2016.02.18 20:20:32.033,1.96824,1.96867,1.00,1.00
2016.02.18 20:20:32.184,1.96824,1.96867,1.37,1.00
2016.02.18 20:20:32.285,1.96824,1.96867,1.12,1.00
2016.02.18 20:20:33.220,1.96824,1.96867,1.37,1.00
2016.02.18 20:20:33.321,1.96831,1.96874,1.00,1.00
2016.02.18 20:20:33.371,1.96834,1.96876,1.00,1.12
2016.02.18 20:20:33.674,1.96841,1.96884,1.00,1.00
2016.02.18 20:20:33.724,1.96844,1.96887,1.00,2.25
2016.02.18 20:20:34.054,1.96841,1.96882,1.00,1.00
2016.02.18 20:20:34.223,1.96836,1.96879,1.00,1.00
2016.02.18 20:20:34.827,1.96836,1.96878,1.00,1.00
2016.02.18 20:20:35.225,1.96836,1.96875,1.00,1.00
2016.02.18 20:20:35.275,1.96831,1.96873,1.00,1.00
2016.02.18 20:20:36.034,1.96835,1.96875,1.00,1.00
2016.02.18 20:20:36.917,1.96827,1.9687,1.50,1.00
2016.02.18 20:20:37.219,1.96824,1.96866,1.00,1.00
2016.02.18 20:20:40.094,1.9682,1.96863,1.12,1.00
2016.02.18 20:20:42.122,1.9682,1.96861,1.00,1.00
2016.02.18 20:20:42.663,1.9682,1.96862,1.00,1.00
2016.02.18 20:20:43.387,1.9682,1.96861,1.00,1.00
2016.02.18 20:20:45.313,1.9682,1.96857,1.00,1.00
2016.02.18 20:20:45.414,1.96816,1.96857,1.50,1.00
2016.02.18 20:20:46.644,1.96816,1.96852,1.00,1.00
2016.02.18 20:20:47.084,1.96816,1.96857,1.00,1.00
2016.02.18 20:20:48.954,1.96816,1.96851,1.50,1.00
2016.02.18 20:20:49.767,1.96816,1.96857,1.50,1.00
2016.02.18 20:20:51.292,1.96819,1.96857,1.00,1.00
2016.02.18 20:20:51.595,1.96825,1.96856,1.00,1.00
2016.02.18 20:20:51.746,1.96825,1.96862,1.00,1.00
2016.02.18 20:20:51.797,1.96822,1.96862,1.00,1.00
2016.02.18 20:20:52.516,1.96822,1.96861,1.00,1.00
2016.02.18 20:20:52.992,1.96825,1.96861,1.00,1.00
2016.02.18 20:20:53.800,1.96825,1.96862,1.00,1.00
2016.02.18 20:20:53.951,1.96825,1.96866,1.00,1.50
2016.02.18 20:20:54.301,1.96829,1.96866,1.00,1.50
2016.02.18 20:20:56.961,1.96826,1.96866,1.00,1.00
2016.02.18 20:20:57.344,1.96828,1.96866,1.00,1.00
2016.02.18 20:20:57.495,1.96831,1.96871,1.00,1.00
2016.02.18 20:20:57.843,1.96835,1.96877,1.50,1.00
2016.02.18 20:20:57.994,1.9684,1.96883,1.00,1.00
2016.02.18 20:20:59.237,1.96837,1.96878,1.00,1.00
2016.02.18 20:21:00.414,1.96837,1.96878,1.37,1.00
2016.02.18 20:21:00.637,1.96828,1.96871,1.00,1.00
2016.02.18 20:21:00.789,1.96825,1.96868,1.00,1.50
2016.02.18 20:21:01.091,1.96824,1.96861,1.00,1.00
2016.02.18 20:21:02.030,1.96824,1.96864,1.00,1.00
2016.02.18 20:21:03.530,1.96825,1.96867,1.00,1.00
2016.02.18 20:21:05.313,1.96824,1.96867,1.50,1.00
2016.02.18 20:21:06.124,1.96825,1.96867,1.00,1.12
2016.02.18 20:21:07.811,1.9683,1.96871,1.00,1.37
2016.02.18 20:21:07.863,1.9683,1.96871,1.00,1.00
2016.02.18 20:21:08.900,1.96835,1.96877,1.00,1.50
2016.02.18 20:21:08.961,1.9684,1.96878,1.37,1.00
2016.02.18 20:21:09.163,1.96848,1.96888,1.37,1.00
2016.02.18 20:21:09.264,1.96852,1.96895,1.00,1.00
2016.02.18 20:21:09.465,1.96849,1.96892,1.50,1.00
2016.02.18 20:21:12.717,1.96851,1.96892,1.00,1.00
2016.02.18 20:21:13.240,1.96853,1.96893,1.00,1.50
2016.02.18 20:21:13.838,1.96854,1.96893,1.00,1.00
2016.02.18 20:21:14.342,1.96855,1.96892,1.00,1.00
2016.02.18 20:21:15.353,1.96853,1.96892,1.50,1.00
2016.02.18 20:21:15.565,1.96856,1.96896,1.00,1.00
2016.02.18 20:21:16.705,1.96856,1.96891,1.00,1.00
2016.02.18 20:21:17.014,1.96851,1.96891,1.00,1.00
2016.02.18 20:21:17.484,1.9685,1.96888,1.00,1.00
2016.02.18 20:21:17.535,1.96845,1.96888,1.00,1.00
2016.02.18 20:21:17.586,1.96845,1.96885,1.00,1.00
2016.02.18 20:21:17.887,1.96843,1.96883,1.00,1.00
2016.02.18 20:21:18.061,1.96838,1.9688,1.50,1.00
2016.02.18 20:21:18.771,1.96842,1.9688,1.50,1.00
2016.02.18 20:21:18.822,1.96845,1.96887,1.00,1.00
2016.02.18 20:21:18.872,1.9685,1.9689,1.00,1.00
2016.02.18 20:21:25.573,1.96851,1.9689,1.00,1.00
2016.02.18 20:21:26.432,1.9685,1.9689,1.50,1.00
2016.02.18 20:21:26.734,1.96852,1.9689,1.00,1.00
2016.02.18 20:21:27.582,1.96854,1.9689,1.00,1.00
2016.02.18 20:21:27.632,1.96855,1.96896,1.00,1.00
2016.02.18 20:21:30.673,1.96855,1.96897,1.50,1.12
2016.02.18 20:21:30.723,1.96855,1.96895,1.50,1.00
2016.02.18 20:21:31.058,1.96854,1.96892,1.00,1.00
2016.02.18 20:21:31.361,1.96846,1.96884,1.00,1.00
2016.02.18 20:21:31.462,1.96848,1.96888,1.00,1.00
2016.02.18 20:21:31.613,1.96846,1.96888,1.50,1.00
2016.02.18 20:21:32.144,1.96848,1.96888,1.00,1.00
2016.02.18 20:21:32.212,1.96846,1.96888,1.50,1.00
2016.02.18 20:21:32.413,1.96848,1.96888,1.00,1.00
2016.02.18 20:21:32.514,1.96846,1.96888,1.50,1.00
2016.02.18 20:21:33.068,1.96847,1.96888,1.00,1.00
2016.02.18 20:21:33.657,1.96848,1.96888,1.00,1.00
2016.02.18 20:21:37.432,1.96846,1.96888,1.00,1.00
2016.02.18 20:21:37.970,1.96847,1.96888,1.00,1.00
2016.02.18 20:21:39.426,1.96846,1.96888,1.00,1.00
2016.02.18 20:21:42.146,1.96842,1.96885,1.00,1.00
2016.02.18 20:21:42.348,1.9684,1.96881,1.00,1.00
2016.02.18 20:21:45.172,1.96839,1.96876,1.00,1.00
2016.02.18 20:21:45.324,1.96839,1.96879,1.00,1.00
2016.02.18 20:21:45.853,1.96837,1.96879,1.00,1.00
2016.02.18 20:21:46.387,1.96836,1.96879,1.50,1.37
2016.02.18 20:21:46.752,1.96836,1.96879,1.00,1.87
2016.02.18 20:21:46.803,1.96833,1.96874,1.00,1.00
2016.02.18 20:21:47.623,1.96836,1.96879,1.00,1.37
2016.02.18 20:21:47.936,1.96836,1.96872,1.00,1.37
2016.02.18 20:21:47.987,1.96834,1.96875,1.00,1.37
2016.02.18 20:21:48.038,1.96834,1.96875,1.00,1.12
2016.02.18 20:21:48.139,1.96832,1.96872,1.00,1.00
2016.02.18 20:21:49.116,1.96834,1.96872,1.00,1.00
2016.02.18 20:21:49.217,1.96832,1.96872,1.50,1.00
2016.02.18 20:21:49.359,1.96834,1.96872,1.00,1.00
2016.02.18 20:21:50.746,1.96834,1.96875,1.50,1.00
2016.02.18 20:21:52.786,1.96834,1.96872,1.00,1.00
2016.02.18 20:21:53.015,1.96828,1.96868,1.00,1.00
2016.02.18 20:21:53.535,1.96829,1.96868,1.00,1.00
2016.02.18 20:21:53.787,1.96828,1.96866,1.00,1.00
2016.02.18 20:21:54.021,1.96828,1.96868,1.00,1.00
2016.02.18 20:21:54.072,1.9683,1.96868,1.00,1.00
2016.02.18 20:21:54.173,1.96828,1.96868,1.00,1.00
2016.02.18 20:21:55.191,1.9683,1.96868,1.00,1.00
2016.02.18 20:21:55.292,1.96828,1.96868,1.00,1.00
2016.02.18 20:22:00.091,1.96829,1.96868,1.00,1.00
2016.02.18 20:22:00.714,1.96829,1.96867,1.00,1.00
2016.02.18 20:22:02.169,1.96829,1.96868,1.00,1.00
2016.02.18 20:22:04.273,1.96829,1.96867,1.00,1.00
2016.02.18 20:22:04.776,1.96829,1.96868,1.00,1.00
2016.02.18 20:22:05.279,1.96828,1.96868,1.00,1.00
2016.02.18 20:22:05.784,1.96829,1.96868,1.00,1.00
2016.02.18 20:22:07.615,1.96828,1.96868,1.00,1.00
2016.02.18 20:22:09.082,1.9683,1.96871,1.50,1.00
2016.02.18 20:22:09.593,1.9683,1.96872,1.50,1.00
2016.02.18 20:22:09.893,1.9683,1.9687,1.00,1.50
2016.02.18 20:22:10.195,1.96819,1.96859,1.12,1.00
2016.02.18 20:22:10.540,1.96823,1.96862,1.00,1.00
2016.02.18 20:22:10.792,1.96819,1.96862,1.50,1.50
2016.02.18 20:22:10.994,1.96819,1.96862,1.37,1.50
2016.02.18 20:22:11.195,1.96819,1.96862,1.50,2.25
2016.02.18 20:22:11.548,1.96822,1.96862,1.00,1.00
2016.02.18 20:22:12.228,1.96822,1.96865,1.37,1.00
2016.02.18 20:22:12.279,1.96825,1.96867,1.12,1.00
2016.02.18 20:22:12.885,1.96821,1.96863,1.00,1.00
2016.02.18 20:22:13.187,1.96823,1.96863,1.00,1.00
2016.02.18 20:22:13.238,1.96824,1.96867,1.00,1.00
2016.02.18 20:22:13.573,1.96829,1.96871,1.00,1.00
2016.02.18 20:22:13.876,1.96833,1.96874,1.00,1.00
2016.02.18 20:22:14.183,1.96833,1.96874,1.37,1.00
2016.02.18 20:22:14.435,1.96833,1.96874,1.00,1.00
2016.02.18 20:22:14.849,1.96835,1.96874,1.50,1.00
2016.02.18 20:22:14.950,1.96833,1.96874,1.50,1.00
2016.02.18 20:22:15.050,1.96837,1.96879,1.00,1.12
2016.02.18 20:22:15.101,1.96834,1.96876,1.00,1.00
2016.02.18 20:22:15.403,1.96831,1.96871,1.00,1.00
2016.02.18 20:22:15.762,1.96828,1.96868,1.00,1.00
2016.02.18 20:22:16.294,1.96827,1.96868,1.50,1.00
2016.02.18 20:22:18.376,1.96827,1.96868,1.00,1.37
2016.02.18 20:22:18.477,1.96823,1.96863,1.00,1.12
2016.02.18 20:22:18.528,1.96818,1.9686,1.50,1.00
2016.02.18 20:22:18.831,1.96816,1.96857,1.00,1.00
2016.02.18 20:22:18.932,1.96819,1.96861,1.00,1.00
2016.02.18 20:22:19.603,1.96822,1.96864,1.00,1.00
2016.02.18 20:22:20.164,1.96823,1.96864,1.00,1.00
2016.02.18 20:22:20.437,1.96825,1.96868,1.00,1.00
2016.02.18 20:22:20.739,1.96825,1.96866,1.00,1.00
2016.02.18 20:22:20.941,1.96825,1.96868,1.00,1.00
2016.02.18 20:22:21.696,1.96826,1.96868,1.00,1.00
2016.02.18 20:22:21.998,1.96829,1.96872,1.00,1.00
2016.02.18 20:22:22.254,1.96826,1.96866,1.00,1.37
2016.02.18 20:22:22.305,1.96821,1.96863,1.00,1.00
2016.02.18 20:22:22.356,1.96819,1.96859,1.00,1.00
2016.02.18 20:22:24.096,1.96822,1.96865,1.00,1.50
2016.02.18 20:22:24.147,1.96822,1.96865,1.37,1.00
2016.02.18 20:22:24.396,1.96826,1.96869,1.50,1.00
2016.02.18 20:22:25.177,1.96828,1.96869,1.00,1.00
2016.02.18 20:22:25.479,1.96822,1.96863,1.00,1.37
2016.02.18 20:22:25.681,1.96819,1.9686,1.00,1.00
2016.02.18 20:22:26.100,1.96822,1.96865,1.50,1.00
2016.02.18 20:22:26.252,1.96822,1.96865,1.37,1.00
2016.02.18 20:22:26.403,1.96827,1.9687,1.00,1.00
2016.02.18 20:22:26.958,1.96829,1.9687,1.00,1.00
2016.02.18 20:22:27.138,1.9683,1.96873,1.00,1.00
2016.02.18 20:22:27.239,1.96827,1.9687,1.00,1.00
2016.02.18 20:22:27.687,1.96824,1.96864,1.00,1.00
2016.02.18 20:22:27.738,1.96821,1.96864,1.00,1.50
2016.02.18 20:22:27.788,1.96818,1.96861,1.00,1.00
2016.02.18 20:22:28.914,1.96819,1.96861,1.00,1.00
2016.02.18 20:22:28.965,1.96821,1.96864,1.00,1.00
2016.02.18 20:22:29.217,1.96824,1.96867,1.00,1.12
2016.02.18 20:22:29.682,1.96826,1.96867,1.00,1.00
2016.02.18 20:22:29.996,1.9682,1.96861,1.00,1.37
2016.02.18 20:22:30.266,1.96814,1.96857,1.50,1.00
2016.02.18 20:22:30.317,1.96818,1.96861,1.00,1.00
2016.02.18 20:22:30.902,1.96819,1.96861,1.00,1.00
2016.02.18 20:22:31.204,1.96822,1.96861,1.00,1.00
2016.02.18 20:22:31.355,1.96819,1.96862,1.87,1.00
2016.02.18 20:22:31.456,1.96823,1.96862,1.00,1.00
2016.02.18 20:22:31.761,1.96824,1.96866,1.00,1.00
2016.02.18 20:22:31.916,1.96826,1.96866,1.00,1.00
2016.02.18 20:22:32.017,1.96823,1.96866,1.00,1.00
2016.02.18 20:22:32.068,1.96822,1.96861,1.00,1.00
2016.02.18 20:22:32.118,1.9682,1.96861,1.00,1.00
2016.02.18 20:22:32.169,1.96815,1.96856,1.50,1.00
2016.02.18 20:22:32.472,1.96813,1.96853,1.00,1.00
2016.02.18 20:22:32.574,1.96816,1.96859,1.00,1.12
2016.02.18 20:22:32.988,1.9682,1.96861,1.00,1.00
2016.02.18 20:22:33.176,1.96822,1.96865,1.00,1.37
2016.02.18 20:22:33.693,1.96822,1.96865,1.00,1.00
2016.02.18 20:22:34.271,1.96823,1.96865,1.00,1.00
2016.02.18 20:22:34.996,1.96824,1.96865,1.00,1.00
2016.02.18 20:22:35.097,1.96822,1.96863,1.00,1.00
2016.02.18 20:22:35.148,1.96819,1.96861,1.50,1.00
2016.02.18 20:22:35.249,1.9682,1.96857,1.00,1.00
2016.02.18 20:22:35.299,1.9682,1.96859,1.00,1.00
2016.02.18 20:22:35.551,1.96822,1.96864,1.50,1.00
2016.02.18 20:22:35.653,1.96824,1.96864,1.00,1.00
2016.02.18 20:22:35.854,1.96822,1.96864,1.00,1.00
2016.02.18 20:22:36.056,1.96819,1.96861,1.50,1.00
2016.02.18 20:22:36.401,1.96819,1.96859,1.00,1.00
2016.02.18 20:22:36.940,1.9682,1.96859,1.00,1.00
2016.02.18 20:22:37.192,1.96822,1.96862,1.00,1.00
2016.02.18 20:22:37.321,1.96824,1.96866,1.00,1.00
2016.02.18 20:22:37.372,1.96823,1.96862,1.00,1.00
2016.02.18 20:22:37.624,1.96824,1.96866,1.00,1.00
2016.02.18 20:22:37.675,1.96821,1.96863,1.00,1.00
2016.02.18 20:22:37.995,1.96826,1.96866,1.00,1.00
2016.02.18 20:22:38.237,1.96824,1.96866,1.00,1.00
2016.02.18 20:22:38.338,1.96822,1.96863,1.00,1.00
2016.02.18 20:22:38.641,1.96824,1.96863,1.00,1.00
2016.02.18 20:22:39.161,1.96821,1.96863,1.00,1.00
2016.02.18 20:22:39.665,1.96822,1.96863,1.00,1.00
2016.02.18 20:22:39.879,1.96824,1.96866,1.00,1.00
2016.02.18 20:22:39.930,1.96822,1.96862,1.00,1.00
2016.02.18 20:22:40.290,1.96825,1.96868,1.00,1.00
2016.02.18 20:22:40.512,1.96822,1.96865,1.00,1.00
2016.02.18 20:22:40.815,1.96817,1.96858,1.00,1.00
2016.02.18 20:22:40.865,1.96819,1.96862,1.00,1.00
2016.02.18 20:22:41.117,1.96822,1.96865,1.00,1.00
2016.02.18 20:22:41.793,1.96822,1.96865,1.00,1.37
2016.02.18 20:22:41.894,1.96819,1.96862,1.00,1.37
2016.02.18 20:22:41.995,1.96816,1.96859,1.00,1.37
2016.02.18 20:22:42.498,1.96815,1.96858,1.00,1.00
2016.02.18 20:22:42.941,1.96816,1.96858,1.37,1.00
2016.02.18 20:22:42.992,1.9682,1.96863,1.00,1.00
2016.02.18 20:22:43.312,1.96825,1.96868,1.00,1.00
2016.02.18 20:22:43.832,1.96825,1.96868,1.00,1.37
2016.02.18 20:22:44.009,1.96831,1.96874,1.00,1.00
2016.02.18 20:22:44.110,1.96833,1.96874,1.00,1.00
2016.02.18 20:22:44.521,1.96836,1.96877,1.00,1.00
2016.02.18 20:22:45.088,1.96831,1.96874,1.00,1.00
2016.02.18 20:22:45.240,1.96833,1.96874,1.00,1.00
2016.02.18 20:22:45.582,1.96836,1.96876,1.00,1.00
2016.02.18 20:22:46.194,1.96837,1.96876,1.00,1.00
2016.02.18 20:22:46.698,1.96836,1.96876,1.50,1.00
2016.02.18 20:22:47.108,1.9684,1.96876,1.00,1.00
2016.02.18 20:22:47.417,1.9684,1.96881,1.00,1.00
2016.02.18 20:22:47.719,1.96838,1.96878,1.00,1.00
2016.02.18 20:22:47.770,1.96836,1.96878,1.00,1.00
2016.02.18 20:22:49.335,1.96836,1.96878,1.00,1.37
2016.02.18 20:22:49.436,1.96831,1.96873,1.00,1.00
2016.02.18 20:22:49.608,1.96833,1.96873,1.00,1.00
2016.02.18 20:22:49.709,1.96831,1.96873,1.00,1.00
2016.02.18 20:22:50.219,1.96832,1.96873,1.00,1.00
2016.02.18 20:22:50.813,1.96831,1.96873,1.00,1.00
2016.02.18 20:22:51.397,1.96833,1.96873,1.00,1.00
2016.02.18 20:22:51.498,1.96831,1.96873,1.00,1.00
2016.02.18 20:22:52.276,1.96832,1.96873,1.00,1.00
2016.02.18 20:22:52.810,1.96833,1.96873,1.00,1.00
2016.02.18 20:22:52.867,1.96834,1.96877,1.50,1.00
2016.02.18 20:22:53.119,1.96837,1.96877,1.00,1.00
2016.02.18 20:22:53.270,1.96834,1.96877,1.00,1.00
2016.02.18 20:22:53.328,1.96838,1.96879,1.00,1.00
2016.02.18 20:22:53.644,1.96838,1.96879,1.00,1.37
2016.02.18 20:22:54.044,1.96834,1.96869,1.00,1.12
2016.02.18 20:22:54.095,1.96834,1.96873,1.00,1.00
2016.02.18 20:22:54.246,1.96834,1.96877,1.00,1.37
2016.02.18 20:22:54.730,1.96834,1.96877,1.00,1.37
2016.02.18 20:22:54.781,1.96831,1.96871,1.00,1.12
2016.02.18 20:22:55.301,1.9683,1.96871,1.50,1.37
2016.02.18 20:22:55.351,1.96833,1.96871,1.00,1.00
2016.02.18 20:22:55.642,1.9683,1.96871,1.50,1.00
2016.02.18 20:22:55.994,1.96828,1.96868,1.00,1.00
2016.02.18 20:22:56.304,1.9683,1.96868,1.00,1.00
2016.02.18 20:22:56.529,1.96827,1.96868,1.50,1.00
2016.02.18 20:22:56.783,1.96833,1.96872,1.00,1.00
2016.02.18 20:22:57.099,1.96831,1.96872,1.50,1.00
2016.02.18 20:22:57.354,1.96828,1.96868,1.00,1.00
2016.02.18 20:22:57.404,1.96825,1.96868,1.00,1.00
2016.02.18 20:22:57.559,1.96827,1.96868,1.00,1.00
2016.02.18 20:22:57.837,1.9683,1.96872,1.00,1.12
2016.02.18 20:22:57.988,1.96832,1.96872,1.00,1.00
2016.02.18 20:22:58.039,1.96832,1.96875,1.50,1.00
2016.02.18 20:22:58.190,1.96836,1.96875,1.00,1.00
2016.02.18 20:22:58.625,1.96832,1.96875,1.00,1.00
2016.02.18 20:22:58.727,1.96834,1.96875,1.00,1.00
2016.02.18 20:22:59.061,1.96832,1.96875,1.50,1.37
2016.02.18 20:22:59.162,1.96832,1.96875,1.00,1.37
2016.02.18 20:22:59.212,1.96828,1.96868,1.00,1.00
2016.02.18 20:22:59.263,1.96831,1.96874,1.00,1.00
2016.02.18 20:22:59.314,1.96833,1.96874,1.00,1.00
2016.02.18 20:22:59.465,1.96831,1.96874,1.50,1.00
2016.02.18 20:22:59.516,1.96834,1.96874,1.00,1.00
2016.02.18 20:22:59.943,1.96831,1.96874,1.00,1.37
2016.02.18 20:23:00.092,1.96836,1.96874,1.00,1.00
2016.02.18 20:23:00.143,1.96836,1.96878,1.00,1.00
2016.02.18 20:23:00.567,1.96836,1.96878,1.00,1.37
2016.02.18 20:23:00.668,1.96832,1.96874,1.50,1.00
2016.02.18 20:23:00.819,1.96835,1.96874,1.00,1.00
2016.02.18 20:23:01.170,1.96832,1.96874,1.50,1.00
2016.02.18 20:23:01.392,1.96836,1.96874,1.00,1.00
2016.02.18 20:23:02.023,1.96832,1.96874,1.00,1.00
2016.02.18 20:23:02.125,1.96836,1.96878,1.00,1.00
2016.02.18 20:23:02.436,1.9683,1.9687,1.00,1.00
2016.02.18 20:23:02.495,1.96828,1.9687,1.00,1.00
2016.02.18 20:23:02.652,1.96832,1.9687,1.00,1.00
2016.02.18 20:23:02.703,1.96828,1.9687,1.00,1.00
2016.02.18 20:23:02.804,1.96832,1.9687,1.00,1.00
2016.02.18 20:23:02.905,1.96834,1.96876,1.00,1.00
2016.02.18 20:23:03.272,1.96834,1.96876,1.00,1.37
2016.02.18 20:23:03.329,1.96831,1.96873,1.00,1.37
2016.02.18 20:23:03.379,1.96829,1.96869,1.00,1.37
2016.02.18 20:23:03.430,1.96825,1.96865,1.00,1.00
2016.02.18 20:23:03.481,1.96828,1.96865,1.12,1.00
2016.02.18 20:23:03.531,1.96829,1.96871,1.00,1.00
2016.02.18 20:23:03.683,1.96829,1.96871,1.00,1.37
2016.02.18 20:23:03.734,1.96826,1.96868,1.00,1.00
2016.02.18 20:23:03.834,1.96822,1.96865,1.50,1.00
2016.02.18 20:23:03.885,1.96824,1.96866,1.00,1.00
2016.02.18 20:23:04.219,1.96828,1.9687,1.00,1.00
2016.02.18 20:23:04.533,1.96832,1.96872,1.00,1.00
2016.02.18 20:23:04.899,1.96828,1.9687,1.00,1.37
2016.02.18 20:23:04.950,1.96826,1.96866,1.00,1.00
2016.02.18 20:23:05.051,1.96822,1.96864,1.00,1.00
2016.02.18 20:23:05.102,1.96817,1.96859,1.00,1.37
2016.02.18 20:23:05.425,1.96817,1.9686,1.00,1.00
2016.02.18 20:23:05.789,1.96817,1.9686,1.00,1.37
2016.02.18 20:23:06.091,1.96816,1.96856,1.00,1.00
2016.02.18 20:23:06.705,1.96817,1.96856,1.00,1.00
2016.02.18 20:23:06.806,1.96815,1.96856,1.50,1.00
2016.02.18 20:23:07.007,1.96818,1.96856,1.00,1.00
2016.02.18 20:23:07.108,1.96815,1.96856,1.50,1.00
2016.02.18 20:23:07.310,1.96818,1.96856,1.00,1.00
2016.02.18 20:23:07.662,1.96815,1.96856,1.50,1.00
2016.02.18 20:23:07.864,1.96817,1.96856,1.00,1.00
2016.02.18 20:23:07.965,1.96815,1.96856,1.50,1.00
2016.02.18 20:23:08.182,1.96817,1.96856,1.00,1.00
2016.02.18 20:23:08.510,1.9682,1.96856,1.00,1.00
2016.02.18 20:23:08.661,1.9682,1.96859,1.00,1.00
2016.02.18 20:23:08.762,1.96824,1.96865,1.00,1.12
2016.02.18 20:23:09.854,1.96829,1.96865,1.00,1.00
2016.02.18 20:23:09.905,1.96829,1.9687,1.00,1.00
2016.02.18 20:23:09.956,1.96827,1.9687,1.00,1.00
2016.02.18 20:23:10.107,1.96827,1.9687,1.00,1.37
2016.02.18 20:23:10.158,1.96822,1.96862,1.50,1.00
2016.02.18 20:23:10.209,1.96818,1.9686,1.50,1.00
2016.02.18 20:23:10.310,1.96817,1.96856,1.00,1.00
2016.02.18 20:23:10.562,1.96818,1.96859,1.50,1.00
2016.02.18 20:23:10.718,1.9682,1.96859,1.00,1.00
2016.02.18 20:23:10.919,1.96823,1.96865,1.50,1.00
2016.02.18 20:23:11.285,1.96822,1.96862,1.00,1.00
2016.02.18 20:23:11.400,1.9682,1.96862,1.00,1.00
2016.02.18 20:23:11.451,1.96824,1.96866,1.00,1.00
2016.02.18 20:23:11.913,1.96828,1.96868,1.00,1.00
2016.02.18 20:23:12.225,1.96823,1.96861,1.00,1.00
2016.02.18 20:23:12.276,1.96817,1.96859,1.50,1.00
2016.02.18 20:23:12.377,1.96819,1.96859,1.00,1.12
2016.02.18 20:23:12.478,1.96817,1.96859,1.00,1.00
2016.02.18 20:23:12.529,1.96815,1.96855,1.00,1.00
2016.02.18 20:23:12.765,1.96823,1.96866,1.00,1.12
2016.02.18 20:23:13.277,1.96822,1.96861,1.00,1.00
2016.02.18 20:23:13.383,1.96817,1.96859,1.00,1.12
2016.02.18 20:23:13.484,1.96819,1.96859,1.00,1.00
2016.02.18 20:23:13.585,1.96817,1.96859,1.00,1.00
2016.02.18 20:23:13.686,1.96814,1.96856,1.00,1.00
2016.02.18 20:23:14.330,1.96818,1.9686,1.00,1.00
2016.02.18 20:23:14.986,1.96815,1.96857,1.00,1.00
2016.02.18 20:23:15.338,1.96817,1.96857,1.00,1.00
2016.02.18 20:23:15.562,1.96815,1.96857,1.00,1.00
2016.02.18 20:23:15.814,1.96814,1.96855,1.00,1.00
2016.02.18 20:23:16.078,1.96815,1.96858,1.00,1.00
2016.02.18 20:23:16.179,1.96818,1.96861,1.00,1.37
2016.02.18 20:23:16.279,1.96822,1.96865,1.00,1.00
2016.02.18 20:23:16.380,1.9682,1.96861,1.37,1.00
2016.02.18 20:23:16.431,1.96825,1.96868,1.00,1.00
2016.02.18 20:23:16.539,1.96828,1.96871,1.00,1.00
2016.02.18 20:23:16.962,1.96832,1.96875,1.00,1.00
2016.02.18 20:23:17.495,1.96835,1.96877,1.00,1.50
2016.02.18 20:23:17.706,1.9684,1.96883,1.00,1.00
2016.02.18 20:23:18.599,1.96834,1.96875,1.37,1.00
2016.02.18 20:23:18.751,1.96829,1.96872,1.00,1.12
2016.02.18 20:23:18.852,1.96831,1.96872,1.00,1.00
2016.02.18 20:23:19.004,1.96829,1.96872,1.00,1.00
2016.02.18 20:23:19.054,1.96833,1.96876,1.00,1.50
2016.02.18 20:23:19.460,1.9683,1.96873,1.00,1.00
2016.02.18 20:23:19.981,1.96831,1.96872,1.00,1.00
2016.02.18 20:23:20.283,1.96838,1.96872,1.00,1.00
2016.02.18 20:23:20.334,1.96838,1.96876,1.00,1.00
2016.02.18 20:23:20.385,1.96839,1.96879,1.00,1.00
2016.02.18 20:23:20.810,1.96843,1.96885,1.00,1.00
2016.02.18 20:23:21.312,1.9684,1.96882,1.37,1.00
2016.02.18 20:23:21.363,1.9684,1.96882,1.00,1.00
2016.02.18 20:23:21.464,1.96845,1.96885,1.00,1.00
2016.02.18 20:23:21.715,1.96829,1.96872,1.00,1.00
2016.02.18 20:23:22.117,1.96829,1.96872,1.87,1.00
2016.02.18 20:23:22.318,1.96832,1.96875,1.37,1.00
2016.02.18 20:23:22.369,1.96835,1.96878,1.00,1.00
2016.02.18 20:23:22.419,1.96835,1.96878,1.87,1.00
2016.02.18 20:23:22.721,1.9684,1.9688,1.00,1.00
2016.02.18 20:23:23.024,1.9684,1.96877,1.00,1.00
2016.02.18 20:23:23.074,1.96831,1.96871,1.00,1.00
2016.02.18 20:23:24.019,1.96834,1.96874,1.00,1.00
2016.02.18 20:23:24.120,1.96829,1.96871,1.00,1.00
2016.02.18 20:23:24.171,1.96829,1.96871,1.87,1.00
2016.02.18 20:23:24.222,1.96833,1.96875,1.00,1.00
2016.02.18 20:23:24.373,1.96831,1.96871,1.00,1.00
2016.02.18 20:23:25.145,1.96833,1.96875,1.37,1.00
2016.02.18 20:23:25.324,1.96833,1.96875,2.25,1.00
2016.02.18 20:23:25.375,1.96835,1.96878,1.50,1.00
2016.02.18 20:23:25.476,1.96837,1.96878,1.00,1.00
2016.02.18 20:23:25.778,1.96839,1.9688,1.00,1.00
2016.02.18 20:23:26.231,1.96839,1.9688,1.00,1.37
2016.02.18 20:23:26.282,1.96833,1.96876,1.00,1.00
2016.02.18 20:23:26.333,1.96838,1.96879,1.00,1.37
2016.02.18 20:23:26.383,1.96833,1.96876,1.00,1.00
2016.02.18 20:23:26.682,1.96836,1.96879,1.00,1.37
2016.02.18 20:23:26.733,1.96836,1.96879,1.00,1.00
2016.02.18 20:23:27.260,1.96837,1.96879,1.00,1.00
2016.02.18 20:23:27.588,1.96839,1.96879,1.00,1.00
2016.02.18 20:23:27.689,1.96836,1.96879,1.00,1.00
2016.02.18 20:23:27.739,1.96836,1.96879,1.00,1.37
2016.02.18 20:23:27.790,1.96829,1.96872,1.00,1.00
2016.02.18 20:23:27.973,1.96832,1.96875,1.00,1.00
2016.02.18 20:23:28.276,1.9683,1.96871,1.00,1.00
2016.02.18 20:23:28.335,1.96832,1.96875,1.00,1.00
2016.02.18 20:23:28.490,1.96836,1.96877,1.00,1.00
2016.02.18 20:23:28.894,1.9683,1.96871,1.00,1.00
2016.02.18 20:23:29.050,1.96826,1.96868,1.00,1.00
2016.02.18 20:23:29.201,1.96831,1.96868,1.00,1.00
2016.02.18 20:23:29.302,1.96831,1.96871,1.00,1.00
2016.02.18 20:23:29.573,1.96829,1.96871,1.00,1.00
2016.02.18 20:23:29.676,1.96827,1.96867,1.00,1.00
2016.02.18 20:23:29.891,1.9683,1.96871,1.00,1.00
2016.02.18 20:23:29.995,1.96832,1.96871,1.00,1.00
2016.02.18 20:23:30.248,1.96833,1.96875,1.00,1.00
2016.02.18 20:23:30.550,1.96837,1.96878,1.00,1.00
2016.02.18 20:23:30.660,1.96835,1.96878,1.50,1.00
2016.02.18 20:23:30.730,1.96838,1.96878,1.00,1.00
2016.02.18 20:23:30.881,1.96835,1.96878,1.50,1.12
2016.02.18 20:23:31.422,1.96836,1.96878,1.00,1.00
2016.02.18 20:23:31.473,1.96836,1.96875,1.00,1.12
2016.02.18 20:23:31.524,1.96832,1.96875,1.00,1.12
2016.02.18 20:23:31.574,1.96832,1.96875,1.00,1.37
2016.02.18 20:23:31.625,1.96829,1.96872,1.00,1.37
2016.02.18 20:23:31.676,1.96825,1.96868,1.50,1.12
2016.02.18 20:23:31.850,1.96829,1.96868,1.00,1.00
2016.02.18 20:23:31.951,1.96825,1.96868,1.50,1.00
2016.02.18 20:23:32.052,1.96831,1.96868,1.00,1.12
2016.02.18 20:23:32.601,1.96834,1.96868,1.00,1.00
2016.02.18 20:23:32.652,1.96834,1.96876,1.00,1.00
2016.02.18 20:23:33.080,1.96836,1.96879,1.00,1.00
2016.02.18 20:23:33.303,1.96836,1.96879,1.00,1.37
2016.02.18 20:23:33.606,1.96836,1.96871,1.00,1.00
2016.02.18 20:23:33.758,1.96836,1.96874,1.00,1.00
2016.02.18 20:23:33.858,1.96838,1.96878,1.00,1.00
2016.02.18 20:23:33.959,1.96841,1.96878,1.00,1.00
2016.02.18 20:23:34.011,1.96841,1.96881,1.00,2.25
2016.02.18 20:23:34.261,1.96838,1.96881,1.00,1.50
2016.02.18 20:23:34.312,1.96835,1.96878,1.00,1.00
2016.02.18 20:23:34.814,1.96836,1.96878,1.00,1.37
2016.02.18 20:23:35.117,1.96839,1.9688,1.00,1.00
2016.02.18 20:23:35.726,1.96843,1.96883,1.00,1.00
2016.02.18 20:23:36.062,1.96841,1.96881,1.00,1.00
2016.02.18 20:23:36.163,1.96839,1.96881,1.00,1.00
2016.02.18 20:23:36.520,1.96838,1.96877,1.00,1.00
2016.02.18 20:23:36.821,1.96839,1.96881,1.00,1.12
2016.02.18 20:23:37.248,1.96839,1.96881,1.00,1.37
2016.02.18 20:23:37.303,1.96831,1.96871,1.00,1.00
2016.02.18 20:23:37.404,1.96836,1.96877,1.00,1.00
2016.02.18 20:23:37.920,1.96836,1.96878,1.50,1.00
2016.02.18 20:23:38.324,1.9684,1.96877,1.00,1.00
2016.02.18 20:23:38.475,1.96838,1.96877,1.00,1.00
2016.02.18 20:23:38.526,1.96839,1.96881,1.00,1.00
2016.02.18 20:23:38.576,1.96841,1.96881,1.00,1.00
2016.02.18 20:23:39.080,1.96841,1.9688,1.00,1.00
2016.02.18 20:23:39.585,1.9684,1.9688,1.50,1.00
2016.02.18 20:23:39.686,1.96843,1.96885,1.00,1.00
2016.02.18 20:23:39.788,1.96841,1.96882,1.00,1.00
2016.02.18 20:23:40.090,1.96838,1.96878,1.00,1.00
2016.02.18 20:23:40.932,1.96836,1.96875,1.00,1.12
2016.02.18 20:23:40.983,1.96833,1.96875,1.00,1.12
2016.02.18 20:23:41.134,1.96829,1.96867,1.50,1.00
2016.02.18 20:23:41.184,1.96827,1.96866,1.00,1.00
2016.02.18 20:23:41.666,1.96834,1.96875,1.00,1.00
2016.02.18 20:23:41.868,1.96836,1.96875,1.00,1.00
2016.02.18 20:23:42.378,1.96839,1.96881,1.00,1.00
2016.02.18 20:23:42.429,1.96841,1.96881,1.00,1.00
2016.02.18 20:23:42.581,1.96837,1.96878,1.00,1.50
2016.02.18 20:23:42.631,1.96841,1.96878,1.00,1.00
2016.02.18 20:23:42.803,1.96842,1.9688,1.00,1.00
2016.02.18 20:23:42.854,1.96844,1.96885,1.00,1.00
2016.02.18 20:23:43.020,1.96842,1.96885,1.00,1.00
2016.02.18 20:23:43.071,1.96844,1.96882,1.00,1.00
2016.02.18 20:23:43.172,1.96844,1.96887,1.50,1.12
2016.02.18 20:23:43.424,1.96846,1.96887,1.00,1.00
2016.02.18 20:23:43.525,1.96844,1.96887,1.50,1.00
2016.02.18 20:23:43.963,1.96848,1.96887,1.00,1.00
2016.02.18 20:23:44.064,1.96846,1.96887,1.00,1.00
2016.02.18 20:23:44.392,1.96848,1.96887,1.00,1.00
2016.02.18 20:23:44.443,1.96849,1.96889,1.00,1.00
2016.02.18 20:23:44.493,1.96847,1.96886,1.12,1.00
2016.02.18 20:23:44.594,1.96843,1.96886,1.50,1.00
2016.02.18 20:23:45.317,1.9684,1.96881,1.00,1.00
2016.02.18 20:23:45.844,1.9684,1.96881,1.00,1.37
2016.02.18 20:23:45.895,1.96837,1.96878,1.00,1.00
2016.02.18 20:23:46.096,1.96836,1.96875,1.00,1.00
2016.02.18 20:23:46.147,1.96832,1.96875,1.00,1.00
2016.02.18 20:23:46.248,1.96832,1.96872,1.00,1.00
2016.02.18 20:23:46.500,1.96835,1.96876,1.00,1.00
2016.02.18 20:23:46.600,1.96837,1.96876,1.00,1.00
2016.02.18 20:23:46.826,1.96837,1.9688,1.00,1.00
2016.02.18 20:23:47.031,1.9684,1.9688,1.00,1.00
2016.02.18 20:23:47.132,1.96837,1.9688,1.50,1.00
2016.02.18 20:23:47.271,1.96841,1.9688,1.00,1.00
2016.02.18 20:23:47.372,1.96839,1.9688,1.00,1.00
2016.02.18 20:23:47.676,1.96837,1.9688,1.50,1.00
2016.02.18 20:23:47.928,1.9684,1.9688,1.00,1.00
2016.02.18 20:23:48.340,1.96837,1.9688,1.50,1.00
2016.02.18 20:23:48.441,1.96842,1.9688,1.00,1.00
2016.02.18 20:23:48.592,1.9684,1.9688,1.00,1.00
2016.02.18 20:23:48.880,1.96842,1.96882,1.50,1.00
2016.02.18 20:23:49.032,1.96838,1.96881,1.12,1.00
2016.02.18 20:23:49.133,1.96841,1.96881,1.00,1.00
2016.02.18 20:23:49.442,1.96841,1.96884,1.00,1.00
2016.02.18 20:23:49.545,1.96842,1.96882,1.12,1.00
2016.02.18 20:23:49.696,1.9684,1.96882,1.50,1.00
2016.02.18 20:23:49.797,1.96842,1.96882,1.00,1.00
2016.02.18 20:23:49.898,1.9684,1.96882,1.50,1.00
2016.02.18 20:23:50.150,1.96838,1.96879,1.00,1.00
2016.02.18 20:23:50.461,1.96843,1.96882,1.00,1.00
2016.02.18 20:23:50.512,1.96844,1.96887,1.00,1.50
2016.02.18 20:23:50.562,1.96849,1.96891,1.00,1.50
2016.02.18 20:23:50.881,1.96856,1.96896,1.00,1.00
2016.02.18 20:23:51.312,1.96858,1.96896,1.00,1.00
2016.02.18 20:23:51.413,1.96856,1.96896,1.00,1.00
2016.02.18 20:23:51.564,1.96858,1.96896,1.00,1.00
2016.02.18 20:23:51.665,1.96856,1.96896,1.50,1.00
2016.02.18 20:23:51.917,1.96859,1.96899,1.00,1.00
2016.02.18 20:23:52.951,1.96855,1.96892,1.00,1.00
2016.02.18 20:23:53.002,1.96855,1.96894,1.00,1.00
2016.02.18 20:23:53.521,1.96854,1.96894,1.50,1.00
2016.02.18 20:23:53.723,1.96856,1.96894,1.00,1.00
2016.02.18 20:23:54.183,1.96854,1.96894,1.00,1.00
2016.02.18 20:23:54.385,1.96851,1.96891,1.00,1.00
2016.02.18 20:23:54.707,1.96854,1.96893,1.00,1.00
2016.02.18 20:23:55.211,1.96853,1.96893,1.00,1.00
2016.02.18 20:23:55.816,1.9685,1.96891,1.00,1.00
2016.02.18 20:23:56.068,1.96853,1.96892,1.00,1.00
2016.02.18 20:23:56.245,1.96851,1.96892,1.00,1.00
2016.02.18 20:23:56.511,1.96853,1.96895,1.50,1.00
2016.02.18 20:23:56.716,1.96855,1.96895,1.00,1.00
2016.02.18 20:23:56.817,1.96853,1.96895,1.00,1.12
2016.02.18 20:23:57.322,1.96856,1.96898,1.00,1.37
2016.02.18 20:23:57.771,1.96853,1.96895,1.00,1.00
2016.02.18 20:23:57.822,1.96855,1.96895,1.00,1.00
2016.02.18 20:23:57.873,1.96855,1.96898,1.50,1.00
2016.02.18 20:23:57.974,1.96854,1.96894,1.00,1.12
2016.02.18 20:23:58.125,1.96852,1.96894,1.00,1.00
2016.02.18 20:23:58.278,1.96854,1.96894,1.00,1.00
2016.02.18 20:23:58.343,1.96852,1.96894,1.00,1.00
2016.02.18 20:23:58.494,1.96854,1.96894,1.00,1.00
2016.02.18 20:23:58.758,1.96855,1.96897,1.50,1.12
2016.02.18 20:23:58.859,1.96855,1.96897,1.00,1.37
2016.02.18 20:23:59.164,1.96855,1.96893,1.00,1.00
2016.02.18 20:23:59.214,1.96856,1.96896,1.00,1.12
2016.02.18 20:23:59.316,1.96853,1.96893,1.00,1.00
2016.02.18 20:23:59.629,1.96855,1.96893,1.00,1.00
2016.02.18 20:23:59.680,1.96853,1.96893,1.00,1.00
2016.02.18 20:23:59.982,1.96855,1.96897,1.00,1.00
2016.02.18 20:24:00.083,1.96854,1.96894,1.00,1.00
2016.02.18 20:24:00.360,1.96855,1.96896,1.50,1.00
2016.02.18 20:24:00.980,1.96857,1.96897,1.00,1.00
2016.02.18 20:24:01.336,1.96855,1.96897,1.50,1.00
2016.02.18 20:24:01.688,1.96858,1.96897,1.00,1.50
2016.02.18 20:24:03.990,1.96856,1.96897,1.00,1.00
2016.02.18 20:24:08.019,1.96855,1.96897,1.00,1.00
2016.02.18 20:24:09.779,1.96856,1.96897,1.00,1.00
2016.02.18 20:24:11.105,1.96855,1.96897,1.00,1.00
2016.02.18 20:24:11.771,1.96855,1.96896,1.00,1.00
2016.02.18 20:24:12.341,1.96855,1.96897,1.00,1.12
2016.02.18 20:24:18.071,1.96856,1.96897,1.00,2.25
2016.02.18 20:24:18.839,1.96858,1.96897,1.00,1.50
2016.02.18 20:24:19.041,1.96856,1.96897,1.00,1.00
2016.02.18 20:24:19.505,1.96855,1.96893,1.00,1.50
2016.02.18 20:24:19.606,1.96853,1.96893,1.00,1.50
2016.02.18 20:24:19.858,1.96851,1.96891,1.00,1.00
2016.02.18 20:24:20.266,1.96849,1.96891,1.00,1.00
2016.02.18 20:24:20.317,1.96849,1.96886,1.00,1.00
2016.02.18 20:24:20.368,1.96845,1.96886,1.00,1.00
2016.02.18 20:24:20.469,1.96842,1.96884,1.50,1.00
2016.02.18 20:24:20.972,1.96841,1.96884,3.00,1.00
2016.02.18 20:24:21.181,1.96846,1.96887,1.00,1.50
2016.02.18 20:24:21.650,1.96846,1.96886,1.00,1.37
2016.02.18 20:24:21.781,1.96846,1.96886,1.00,1.00
2016.02.18 20:24:21.882,1.96843,1.96884,1.00,1.00
2016.02.18 20:24:21.983,1.96846,1.96886,1.00,1.00
2016.02.18 20:24:22.464,1.96842,1.96885,1.00,1.00
2016.02.18 20:24:23.011,1.96843,1.96886,1.00,1.87
2016.02.18 20:24:23.476,1.96843,1.96882,1.00,1.00
2016.02.18 20:24:23.891,1.96843,1.96886,1.00,1.50
2016.02.18 20:24:24.242,1.96843,1.96882,1.00,1.00
2016.02.18 20:24:24.774,1.96843,1.96886,1.00,1.00
2016.02.18 20:24:24.875,1.96843,1.96882,1.00,1.00
2016.02.18 20:24:25.228,1.96843,1.96886,1.00,1.12
2016.02.18 20:24:25.547,1.96843,1.96882,1.00,1.00
2016.02.18 20:24:25.649,1.96843,1.96886,1.00,1.00
2016.02.18 20:24:26.289,1.96843,1.96882,1.00,1.00
2016.02.18 20:24:28.079,1.96844,1.96882,1.00,1.00
2016.02.18 20:24:28.180,1.96844,1.96886,1.00,1.00
2016.02.18 20:24:28.231,1.96847,1.9689,1.00,1.00
2016.02.18 20:24:28.282,1.96853,1.9689,1.00,1.00
2016.02.18 20:24:28.389,1.96851,1.96892,1.00,1.00
2016.02.18 20:24:28.700,1.96855,1.96894,1.00,1.00
2016.02.18 20:24:28.946,1.96853,1.96896,1.00,1.00
2016.02.18 20:24:29.058,1.96856,1.96897,1.00,1.00
2016.02.18 20:24:29.780,1.96856,1.96899,1.00,1.50
2016.02.18 20:24:29.881,1.96853,1.96896,1.50,1.00
2016.02.18 20:24:30.263,1.96857,1.96896,1.00,1.00
2016.02.18 20:24:30.743,1.96857,1.96898,1.00,1.00
2016.02.18 20:24:31.046,1.96859,1.96898,1.00,1.00
2016.02.18 20:24:31.276,1.96857,1.96898,1.00,1.12
2016.02.18 20:24:31.780,1.96856,1.96898,1.00,1.37
2016.02.18 20:24:32.290,1.96856,1.96898,1.00,1.12
2016.02.18 20:24:32.693,1.96858,1.96898,1.00,1.50
2016.02.18 20:24:33.112,1.96856,1.96898,1.00,1.37
2016.02.18 20:24:33.415,1.96854,1.96895,1.00,1.00
2016.02.18 20:24:33.466,1.9685,1.96892,1.00,1.00
2016.02.18 20:24:33.627,1.96855,1.96895,1.00,1.00
2016.02.18 20:24:33.678,1.96853,1.96895,1.00,1.00
2016.02.18 20:24:34.333,1.96858,1.96895,1.00,1.00
2016.02.18 20:24:34.434,1.96853,1.96895,1.00,1.00
2016.02.18 20:24:34.635,1.9685,1.96892,1.00,1.00
2016.02.18 20:24:35.284,1.9685,1.96891,1.00,1.00
2016.02.18 20:24:36.037,1.96847,1.96889,1.00,1.00
2016.02.18 20:24:36.289,1.96851,1.96892,1.00,1.00
2016.02.18 20:24:36.819,1.96853,1.96896,1.00,1.00
2016.02.18 20:24:36.870,1.96853,1.96896,1.00,1.37
2016.02.18 20:24:36.971,1.96853,1.96896,1.00,1.00
2016.02.18 20:24:37.172,1.96855,1.96896,1.00,1.00
2016.02.18 20:24:37.288,1.96853,1.96896,1.00,1.12
2016.02.18 20:24:37.489,1.96856,1.96897,1.00,1.00
2016.02.18 20:24:37.741,1.9685,1.96893,1.50,1.00
2016.02.18 20:24:38.873,1.9685,1.96892,1.00,1.00
2016.02.18 20:24:39.396,1.9685,1.96891,1.50,1.00
2016.02.18 20:24:39.932,1.9685,1.96892,1.00,1.00
2016.02.18 20:24:40.827,1.9685,1.96893,1.50,1.00
2016.02.18 20:24:41.087,1.96854,1.96895,1.00,1.00
2016.02.18 20:24:41.591,1.96857,1.96895,1.00,1.00
2016.02.18 20:24:41.792,1.96854,1.96895,1.00,1.00
2016.02.18 20:24:41.943,1.96852,1.96895,1.00,1.00
2016.02.18 20:24:42.491,1.96855,1.96895,1.00,1.00
2016.02.18 20:24:42.793,1.96857,1.96897,1.00,1.50
2016.02.18 20:24:42.844,1.96852,1.96895,1.50,1.00
2016.02.18 20:24:43.349,1.96854,1.96895,1.00,1.00
2016.02.18 20:24:43.450,1.96852,1.96895,1.00,1.00
2016.02.18 20:24:43.551,1.96854,1.96895,1.00,1.00
2016.02.18 20:24:43.876,1.96856,1.96897,1.00,1.50
2016.02.18 20:24:45.876,1.96869,1.96897,1.00,1.00
2016.02.18 20:24:46.027,1.96869,1.96905,1.00,1.00
2016.02.18 20:24:46.078,1.96871,1.96911,1.00,1.00
2016.02.18 20:24:46.128,1.96871,1.96908,1.00,1.00
2016.02.18 20:24:46.280,1.96868,1.96908,1.37,1.00
2016.02.18 20:24:46.331,1.96871,1.96907,1.00,1.00
2016.02.18 20:24:46.432,1.96866,1.96907,1.50,1.37
2016.02.18 20:24:46.533,1.96866,1.96907,1.50,1.00
2016.02.18 20:24:46.856,1.96868,1.96907,1.00,1.00
2016.02.18 20:24:46.907,1.96869,1.9691,1.00,1.00
2016.02.18 20:24:47.519,1.96872,1.96913,1.50,1.00
2016.02.18 20:24:47.848,1.9687,1.96909,1.00,1.00
2016.02.18 20:24:47.902,1.96871,1.96914,1.00,1.00
2016.02.18 20:24:47.953,1.96871,1.96914,1.00,1.37
2016.02.18 20:24:48.054,1.96871,1.96914,1.00,1.00
2016.02.18 20:24:48.873,1.96871,1.96914,1.00,1.37
2016.02.18 20:24:49.075,1.96871,1.96914,1.00,1.12
2016.02.18 20:24:49.421,1.96876,1.96917,1.00,1.37
2016.02.18 20:24:49.926,1.96876,1.96917,1.00,1.00
2016.02.18 20:24:50.729,1.96878,1.96917,1.00,1.00
2016.02.18 20:24:51.010,1.96881,1.96922,1.00,1.00
2016.02.18 20:24:51.820,1.96883,1.96922,1.00,1.00
2016.02.18 20:24:51.921,1.96884,1.96927,1.00,2.25
2016.02.18 20:24:52.398,1.96884,1.96927,1.00,1.87
2016.02.18 20:24:52.499,1.96884,1.96927,1.00,2.25
2016.02.18 20:24:53.103,1.96884,1.96927,1.00,1.87
2016.02.18 20:24:53.305,1.96884,1.96927,1.00,1.87
2016.02.18 20:24:53.624,1.96884,1.96922,1.00,1.00
2016.02.18 20:24:53.826,1.96884,1.96927,1.00,1.87
2016.02.18 20:24:54.860,1.96884,1.96927,1.00,1.87
2016.02.18 20:24:54.961,1.96881,1.96924,1.00,1.00
2016.02.18 20:24:55.699,1.96881,1.96921,1.00,1.00
2016.02.18 20:24:56.018,1.96881,1.96924,1.00,1.00
2016.02.18 20:24:56.564,1.96881,1.96921,1.00,1.00
2016.02.18 20:24:56.766,1.96881,1.96924,1.00,1.00
2016.02.18 20:24:57.430,1.96881,1.96922,1.00,1.00
2016.02.18 20:24:57.754,1.96884,1.96922,1.00,1.00
2016.02.18 20:24:57.805,1.96884,1.96926,1.00,1.00
2016.02.18 20:24:57.969,1.96884,1.96926,1.00,1.37
2016.02.18 20:24:58.171,1.96884,1.96927,1.00,1.50
2016.02.18 20:24:58.678,1.96885,1.96927,1.00,2.25
2016.02.18 20:24:59.224,1.96884,1.96927,1.00,2.25
2016.02.18 20:24:59.528,1.96886,1.96927,1.00,1.50
2016.02.18 20:24:59.629,1.96884,1.96927,1.50,1.50
2016.02.18 20:24:59.982,1.96884,1.96927,1.00,1.87
2016.02.18 20:25:00.083,1.96884,1.96927,1.00,1.50
2016.02.18 20:25:00.184,1.96884,1.96926,1.00,1.37
2016.02.18 20:25:00.708,1.96883,1.96926,1.00,1.50
2016.02.18 20:25:01.697,1.96883,1.96926,1.00,1.87
2016.02.18 20:25:01.798,1.96883,1.96926,1.00,1.50
2016.02.18 20:25:02.610,1.96883,1.96926,1.00,1.87
2016.02.18 20:25:02.816,1.96883,1.96926,1.00,1.50
2016.02.18 20:25:03.218,1.96883,1.96926,1.00,1.87
2016.02.18 20:25:03.319,1.96883,1.96926,1.00,1.50
2016.02.18 20:25:05.521,1.96883,1.96926,1.00,1.37
2016.02.18 20:25:05.571,1.96883,1.96922,1.00,1.00
2016.02.18 20:25:06.166,1.96883,1.96926,1.00,1.00
2016.02.18 20:25:06.973,1.96883,1.96926,1.00,1.87
2016.02.18 20:25:07.517,1.96882,1.96923,1.00,1.00
2016.02.18 20:25:07.673,1.9688,1.96923,1.00,1.00
2016.02.18 20:25:08.440,1.96881,1.96923,1.00,1.00
2016.02.18 20:25:09.333,1.9688,1.96923,2.25,1.00
2016.02.18 20:25:09.485,1.96881,1.9692,1.00,1.00
2016.02.18 20:25:09.671,1.96878,1.9692,1.00,1.00
2016.02.18 20:25:10.286,1.96877,1.9692,1.50,1.00
2016.02.18 20:25:10.338,1.96879,1.9692,1.00,1.00
2016.02.18 20:25:11.393,1.96879,1.9692,1.37,1.00
2016.02.18 20:25:11.653,1.96878,1.9692,1.00,1.00
2016.02.18 20:25:11.876,1.96878,1.9692,1.87,1.00
2016.02.18 20:25:12.431,1.96878,1.9692,1.87,1.00
2016.02.18 20:25:12.532,1.96881,1.9692,1.00,1.00
2016.02.18 20:25:12.838,1.96878,1.9692,1.87,1.00
2016.02.18 20:25:12.939,1.96881,1.9692,1.00,1.00
2016.02.18 20:25:13.247,1.96883,1.96926,1.00,1.00
2016.02.18 20:25:16.208,1.9688,1.96923,1.00,1.00
2016.02.18 20:25:17.010,1.96881,1.96923,1.00,1.00
2016.02.18 20:25:17.539,1.9688,1.96923,1.00,1.00
2016.02.18 20:25:18.067,1.9688,1.96922,1.00,1.00
2016.02.18 20:25:18.627,1.9688,1.96923,1.00,1.00
2016.02.18 20:25:20.637,1.96881,1.96923,1.00,1.00
2016.02.18 20:25:21.149,1.9688,1.96923,1.00,1.00
2016.02.18 20:25:21.771,1.96881,1.96923,1.00,1.00
2016.02.18 20:25:22.286,1.9688,1.96923,1.00,1.50
2016.02.18 20:25:29.783,1.96883,1.96926,1.00,1.00
2016.02.18 20:25:32.626,1.96885,1.96926,1.00,1.00
2016.02.18 20:25:32.973,1.96883,1.96926,2.25,1.00
2016.02.18 20:25:33.285,1.96885,1.96926,1.00,1.00
2016.02.18 20:25:33.816,1.96884,1.96925,1.50,1.00
2016.02.18 20:25:34.352,1.96883,1.96925,1.50,1.00
2016.02.18 20:25:34.403,1.96885,1.96928,1.00,1.00
2016.02.18 20:25:34.615,1.96889,1.96928,1.00,1.00
2016.02.18 20:25:34.766,1.96885,1.96928,1.00,1.00
2016.02.18 20:25:35.298,1.96885,1.96927,1.50,1.00
2016.02.18 20:25:35.827,1.96885,1.96928,1.50,1.00
2016.02.18 20:25:36.158,1.96889,1.96928,1.00,1.00
2016.02.18 20:25:36.666,1.96888,1.96928,1.00,1.00
2016.02.18 20:25:37.207,1.96887,1.96928,1.00,1.00
2016.02.18 20:25:37.682,1.96885,1.96927,1.87,1.00
2016.02.18 20:25:37.899,1.96887,1.96927,1.00,1.00
2016.02.18 20:25:38.685,1.96887,1.96928,1.00,1.00
2016.02.18 20:25:39.198,1.96887,1.96927,1.00,1.00
2016.02.18 20:25:39.886,1.96885,1.96927,1.50,1.00
2016.02.18 20:25:39.987,1.96887,1.96927,1.00,1.00
2016.02.18 20:25:40.485,1.96887,1.96922,1.00,1.00
2016.02.18 20:25:40.707,1.96887,1.96926,1.00,1.00
2016.02.18 20:25:41.559,1.96889,1.96927,1.00,1.00
2016.02.18 20:25:41.876,1.96887,1.96927,1.00,1.00
2016.02.18 20:25:42.654,1.96894,1.9693,1.00,1.00
2016.02.18 20:25:42.705,1.96894,1.96935,1.00,1.00
2016.02.18 20:25:42.756,1.9691,1.96938,1.00,1.00
2016.02.18 20:25:42.806,1.9691,1.96945,1.00,1.00
2016.02.18 20:25:42.857,1.9692,1.96945,1.00,1.00
2016.02.18 20:25:42.907,1.9692,1.96953,1.00,1.00
2016.02.18 20:25:42.958,1.96927,1.96961,1.00,1.00
2016.02.18 20:25:43.008,1.96931,1.96962,1.00,1.00
2016.02.18 20:25:43.059,1.96931,1.96977,1.00,1.00
2016.02.18 20:25:43.110,1.9693,1.96982,1.00,1.37
2016.02.18 20:25:43.487,1.96931,1.96977,1.12,1.00
2016.02.18 20:25:43.803,1.96936,1.96976,1.00,1.00
2016.02.18 20:25:44.105,1.96932,1.96974,1.00,1.00
2016.02.18 20:25:44.206,1.96932,1.96972,1.00,1.00
2016.02.18 20:25:44.661,1.96929,1.96971,1.00,1.12
2016.02.18 20:25:45.416,1.9693,1.96971,1.00,1.00
2016.02.18 20:25:45.467,1.96933,1.96975,1.00,1.00
2016.02.18 20:25:45.518,1.96936,1.96977,1.00,1.00
2016.02.18 20:25:45.568,1.96933,1.96975,1.00,1.00
2016.02.18 20:25:45.720,1.96938,1.96981,1.37,1.00
2016.02.18 20:25:45.821,1.96941,1.96984,1.00,1.50
2016.02.18 20:25:46.358,1.96941,1.96983,1.00,1.12
2016.02.18 20:25:46.906,1.96941,1.96984,1.00,1.00
2016.02.18 20:25:47.419,1.96938,1.96981,1.00,1.00
2016.02.18 20:25:47.722,1.96945,1.96988,1.12,1.50
2016.02.18 20:25:48.284,1.96945,1.96988,1.37,1.00
2016.02.18 20:25:48.587,1.9695,1.9699,1.00,1.00
2016.02.18 20:25:55.135,1.9695,1.9699,1.00,1.37
2016.02.18 20:25:55.236,1.96946,1.96987,1.00,1.50
2016.02.18 20:25:59.534,1.96946,1.96987,1.00,1.37
2016.02.18 20:25:59.584,1.96941,1.96981,1.50,1.00
2016.02.18 20:26:00.717,1.96928,1.96971,1.50,1.37
2016.02.18 20:26:00.919,1.96918,1.96959,1.50,1.00
2016.02.18 20:26:01.222,1.96918,1.96959,1.00,1.37
2016.02.18 20:26:01.725,1.96917,1.96959,1.00,1.37
2016.02.18 20:26:02.247,1.96916,1.96959,1.00,1.37
2016.02.18 20:26:02.950,1.96916,1.96959,1.00,1.00
2016.02.18 20:26:03.656,1.96916,1.96952,1.00,1.00
2016.02.18 20:26:03.757,1.96911,1.9695,1.00,1.00
2016.02.18 20:26:04.276,1.96909,1.9695,1.50,1.12
2016.02.18 20:26:04.327,1.96909,1.96946,1.50,1.00
2016.02.18 20:26:04.428,1.96906,1.96946,1.50,1.37
2016.02.18 20:26:04.529,1.96899,1.9694,1.50,1.00
2016.02.18 20:26:05.245,1.96899,1.9694,1.00,1.37
2016.02.18 20:26:05.296,1.96894,1.96934,1.00,1.00
2016.02.18 20:26:05.471,1.9689,1.96932,1.00,1.00
2016.02.18 20:26:07.951,1.96898,1.96936,1.00,1.00
2016.02.18 20:26:08.002,1.96893,1.96935,1.00,1.00
2016.02.18 20:26:08.258,1.96902,1.96937,1.00,1.00
2016.02.18 20:26:08.309,1.96902,1.96943,1.00,1.00
2016.02.18 20:26:08.360,1.96908,1.96946,1.00,1.00
2016.02.18 20:26:08.461,1.96908,1.96948,1.00,1.00
2016.02.18 20:26:09.291,1.96911,1.96949,1.00,1.00
2016.02.18 20:26:09.628,1.96911,1.96945,1.00,1.00
2016.02.18 20:26:10.058,1.96911,1.96947,1.00,1.00
2016.02.18 20:26:10.260,1.96908,1.96947,1.00,1.00
2016.02.18 20:26:10.412,1.96902,1.96944,1.00,1.00
2016.02.18 20:26:10.462,1.96902,1.96942,1.00,1.00
2016.02.18 20:26:10.614,1.96902,1.96944,1.00,1.50
2016.02.18 20:26:11.142,1.96902,1.96943,1.00,1.00
2016.02.18 20:26:11.912,1.96902,1.96944,1.00,1.50
2016.02.18 20:26:12.417,1.96902,1.96943,1.00,1.00
2016.02.18 20:26:12.985,1.96902,1.96944,1.00,1.50
2016.02.18 20:26:15.223,1.96902,1.96943,1.00,1.00
2016.02.18 20:26:15.766,1.96902,1.96944,1.00,1.00
2016.02.18 20:26:18.301,1.96899,1.96941,1.00,1.00
2016.02.18 20:26:20.170,1.96899,1.9694,1.00,1.00
2016.02.18 20:26:20.525,1.96902,1.96941,1.00,1.00
2016.02.18 20:26:20.827,1.96902,1.96944,1.00,1.00
2016.02.18 20:26:21.385,1.96905,1.96947,1.00,1.00
2016.02.18 20:26:21.687,1.96908,1.96949,1.12,1.00
2016.02.18 20:26:21.788,1.96908,1.96951,1.12,1.00
2016.02.18 20:26:31.508,1.96908,1.96949,1.12,1.00
2016.02.18 20:26:33.185,1.96908,1.96947,1.12,1.00
2016.02.18 20:26:33.286,1.96908,1.9695,1.00,1.00
2016.02.18 20:26:33.387,1.96908,1.96946,1.00,1.00
2016.02.18 20:26:34.715,1.96908,1.9695,1.00,1.12
2016.02.18 20:26:38.464,1.96904,1.96947,1.50,1.00
2016.02.18 20:26:39.176,1.96901,1.96944,1.50,1.00
2016.02.18 20:26:39.496,1.96902,1.96941,1.00,1.00
2016.02.18 20:26:41.450,1.96902,1.96938,1.00,1.12
2016.02.18 20:26:41.551,1.96895,1.96938,1.00,1.00
2016.02.18 20:26:42.737,1.96898,1.96941,1.00,1.00
2016.02.18 20:26:53.104,1.969,1.96941,1.00,1.50
2016.02.18 20:26:53.372,1.96898,1.96941,1.00,1.50
2016.02.18 20:26:54.739,1.96901,1.96942,1.00,1.00
2016.02.18 20:26:55.270,1.96901,1.96941,1.00,1.00
2016.02.18 20:26:55.785,1.96897,1.9694,1.00,1.00
2016.02.18 20:26:56.945,1.96902,1.96942,1.00,1.50
2016.02.18 20:26:57.477,1.96903,1.96941,1.00,1.00
2016.02.18 20:26:58.028,1.96902,1.96941,1.00,1.00
2016.02.18 20:26:58.332,1.96904,1.96947,1.37,1.00
2016.02.18 20:26:58.515,1.96909,1.9695,1.12,1.00
2016.02.18 20:26:58.818,1.96917,1.96956,1.37,1.00
2016.02.18 20:26:58.873,1.96917,1.9696,1.37,1.00
2016.02.18 20:26:58.924,1.96921,1.96962,1.00,1.50
2016.02.18 20:26:59.338,1.96917,1.9696,1.37,1.00
2016.02.18 20:26:59.991,1.96917,1.9696,1.00,1.00
2016.02.18 20:27:00.745,1.96917,1.96959,1.00,1.00
2016.02.18 20:27:00.796,1.96921,1.96959,1.00,1.00
2016.02.18 20:27:01.021,1.96917,1.9696,1.50,1.00
2016.02.18 20:27:01.224,1.9692,1.9696,1.00,1.00
2016.02.18 20:27:01.325,1.96921,1.96962,1.00,1.00
2016.02.18 20:27:04.811,1.96924,1.96967,1.00,1.00
2016.02.18 20:27:04.912,1.96927,1.96967,1.00,1.00
2016.02.18 20:27:05.435,1.96928,1.96968,1.00,1.00
2016.02.18 20:27:06.477,1.96925,1.96968,1.50,1.50
2016.02.18 20:27:07.722,1.96925,1.96968,1.37,1.50
2016.02.18 20:27:08.256,1.96925,1.96968,1.37,1.50
2016.02.18 20:27:09.950,1.96925,1.96968,1.00,1.00
2016.02.18 20:27:13.125,1.96925,1.9696,1.00,1.00
2016.02.18 20:27:13.176,1.96921,1.9696,1.00,1.00
2016.02.18 20:27:13.277,1.96918,1.96958,1.50,1.00
2016.02.18 20:27:13.875,1.96916,1.96955,1.00,1.00
2016.02.18 20:27:14.278,1.96918,1.96959,1.00,1.00
2016.02.18 20:27:14.932,1.9692,1.96959,1.00,1.00
2016.02.18 20:27:15.469,1.96921,1.96962,1.00,1.00
2016.02.18 20:27:16.163,1.96922,1.96962,1.00,1.00
2016.02.18 20:27:16.675,1.96921,1.96962,1.50,1.00
2016.02.18 20:27:17.027,1.96923,1.96962,1.00,1.00
2016.02.18 20:27:17.129,1.96921,1.96962,1.00,1.00
2016.02.18 20:27:17.567,1.96923,1.96962,1.00,1.00
2016.02.18 20:27:18.093,1.96922,1.96962,1.00,1.00
2016.02.18 20:27:18.294,1.96924,1.96965,1.00,1.00
2016.02.18 20:27:18.446,1.96929,1.96965,1.00,1.00
2016.02.18 20:27:18.497,1.96929,1.96971,1.50,1.00
2016.02.18 20:27:19.284,1.96929,1.96966,1.00,1.00
2016.02.18 20:27:19.487,1.96927,1.96967,1.00,1.00
2016.02.18 20:27:20.044,1.96927,1.96968,1.00,1.00
2016.02.18 20:27:20.920,1.96927,1.96965,1.00,1.00
2016.02.18 20:27:21.022,1.96922,1.96962,1.00,1.00
2016.02.18 20:27:21.072,1.96922,1.96962,1.00,1.37
2016.02.18 20:27:21.412,1.96916,1.96956,1.00,1.50
2016.02.18 20:27:21.965,1.96915,1.96956,1.12,1.00
2016.02.18 20:27:22.485,1.96916,1.96956,1.00,1.00
2016.02.18 20:27:23.035,1.96915,1.96956,1.12,1.00
2016.02.18 20:27:23.287,1.96917,1.96959,1.37,1.00
2016.02.18 20:27:23.802,1.96919,1.96959,1.00,1.00
2016.02.18 20:27:23.953,1.96917,1.9696,1.50,1.00
2016.02.18 20:27:24.537,1.96918,1.9696,1.00,1.00
2016.02.18 20:27:25.295,1.96917,1.9696,1.50,1.00
2016.02.18 20:27:25.959,1.96918,1.9696,1.00,1.00
2016.02.18 20:27:27.640,1.96919,1.9696,1.00,1.00
2016.02.18 20:27:27.691,1.96922,1.96963,1.00,1.50
2016.02.18 20:27:27.993,1.96925,1.96965,1.00,1.50
2016.02.18 20:27:28.389,1.96924,1.96966,1.37,1.00
2016.02.18 20:27:28.720,1.96927,1.96965,1.37,1.00
2016.02.18 20:27:28.770,1.96927,1.96965,1.37,1.00
2016.02.18 20:27:28.975,1.96927,1.96965,1.37,1.00
2016.02.18 20:27:30.089,1.96927,1.96969,1.37,1.50
2016.02.18 20:27:30.140,1.96927,1.96966,1.37,1.00
2016.02.18 20:27:30.342,1.96927,1.96968,1.37,1.00
2016.02.18 20:27:30.696,1.96923,1.96963,1.37,1.00
2016.02.18 20:27:31.278,1.96927,1.96969,1.37,1.50
2016.02.18 20:27:31.379,1.96927,1.96968,1.37,1.00
2016.02.18 20:27:31.795,1.96927,1.96969,1.37,1.50
2016.02.18 20:27:34.034,1.96927,1.96966,1.37,1.00
2016.02.18 20:27:34.084,1.96928,1.96966,1.00,1.00
2016.02.18 20:27:34.237,1.96928,1.96968,1.00,1.00
2016.02.18 20:27:35.546,1.96928,1.96966,1.00,1.00
2016.02.18 20:27:35.863,1.96928,1.96968,1.00,1.00
2016.02.18 20:27:37.894,1.96927,1.96967,1.50,1.00
2016.02.18 20:27:38.105,1.96927,1.96969,1.00,1.50
2016.02.18 20:27:42.701,1.96928,1.96968,1.00,1.00
2016.02.18 20:27:44.583,1.96928,1.96967,1.00,1.00
2016.02.18 20:27:45.318,1.96928,1.96966,1.00,1.00
2016.02.18 20:27:45.369,1.96922,1.96957,1.00,1.00
2016.02.18 20:27:47.248,1.96922,1.96961,1.00,1.00
2016.02.18 20:27:47.349,1.96918,1.96961,1.37,1.50
2016.02.18 20:27:47.450,1.96918,1.96957,1.00,1.00
2016.02.18 20:27:47.501,1.96915,1.96957,1.00,1.00
2016.02.18 20:27:47.652,1.96915,1.96952,1.50,1.00
2016.02.18 20:27:47.854,1.9691,1.96952,1.50,1.37
2016.02.18 20:27:47.904,1.9691,1.96947,1.00,1.00
2016.02.18 20:27:48.419,1.96909,1.96946,1.00,1.00
2016.02.18 20:27:49.132,1.96903,1.96946,1.50,1.00
2016.02.18 20:27:50.826,1.96906,1.96946,1.00,1.50
2016.02.18 20:27:51.249,1.96907,1.96946,1.37,1.00
2016.02.18 20:27:51.662,1.96907,1.96946,1.50,1.00
2016.02.18 20:27:52.222,1.96907,1.96947,1.00,1.00
2016.02.18 20:27:52.953,1.96907,1.96948,1.00,1.00
2016.02.18 20:27:54.126,1.96907,1.96946,1.00,1.00
2016.02.18 20:27:55.708,1.96907,1.96947,1.00,1.50
2016.02.18 20:27:56.256,1.96904,1.96945,1.50,1.00
2016.02.18 20:27:57.773,1.96906,1.96945,1.00,1.00
2016.02.18 20:27:58.126,1.96906,1.96947,1.50,1.00
2016.02.18 20:27:59.120,1.96906,1.96949,1.00,1.00
2016.02.18 20:27:59.556,1.96906,1.96947,1.12,1.00
2016.02.18 20:27:59.773,1.96906,1.96949,1.12,1.00
2016.02.18 20:28:00.291,1.96906,1.96947,1.37,1.00
2016.02.18 20:28:00.413,1.96906,1.96949,1.37,1.00
2016.02.18 20:28:00.616,1.96906,1.96947,1.37,1.00
2016.02.18 20:28:01.565,1.96906,1.96947,1.00,1.00
2016.02.18 20:28:01.616,1.96906,1.96949,1.00,1.00
2016.02.18 20:28:01.884,1.96906,1.96947,1.00,1.00
2016.02.18 20:28:02.848,1.96906,1.96949,1.00,1.00
2016.02.18 20:28:03.053,1.96906,1.96947,1.00,1.00
2016.02.18 20:28:03.501,1.96904,1.96944,1.00,1.00
2016.02.18 20:28:03.805,1.96904,1.96942,1.00,1.00
2016.02.18 20:28:04.150,1.96904,1.96944,1.00,1.00
2016.02.18 20:28:06.476,1.96904,1.96942,1.00,1.00
2016.02.18 20:28:07.563,1.96904,1.96944,1.50,1.00
2016.02.18 20:28:09.871,1.96904,1.96941,1.00,1.00
2016.02.18 20:28:09.921,1.969,1.96941,1.37,1.00
2016.02.18 20:28:10.521,1.969,1.96942,1.00,1.50
2016.02.18 20:28:11.513,1.969,1.96941,1.00,1.00
2016.02.18 20:28:13.970,1.969,1.96942,1.00,1.00
2016.02.18 20:28:15.371,1.96898,1.9694,1.00,1.00
2016.02.18 20:28:15.741,1.96898,1.96937,1.12,1.00
2016.02.18 20:28:16.044,1.96898,1.9694,1.12,1.00
2016.02.18 20:28:16.594,1.96897,1.9694,1.00,1.00
2016.02.18 20:28:16.746,1.96897,1.96937,1.12,1.00
2016.02.18 20:28:16.922,1.96897,1.9694,1.00,1.00
2016.02.18 20:28:17.428,1.96897,1.96939,1.00,1.00
2016.02.18 20:28:17.932,1.96897,1.9694,1.00,1.50
2016.02.18 20:28:18.802,1.96897,1.96937,1.00,1.00
2016.02.18 20:28:19.461,1.96897,1.96936,1.00,1.00
2016.02.18 20:28:19.663,1.96894,1.96934,1.87,1.00
2016.02.18 20:28:19.714,1.96894,1.96931,1.00,1.00
2016.02.18 20:28:19.765,1.96889,1.96931,1.00,1.50
2016.02.18 20:28:20.042,1.96888,1.96927,1.00,1.00
2016.02.18 20:28:20.093,1.96883,1.96926,1.37,1.00
2016.02.18 20:28:20.345,1.96886,1.96927,1.00,1.00
2016.02.18 20:28:20.848,1.96886,1.96926,1.00,1.00
2016.02.18 20:28:21.380,1.96883,1.96926,1.12,1.00
2016.02.18 20:28:21.430,1.96883,1.96926,1.37,1.50
2016.02.18 20:28:21.950,1.96888,1.96927,1.00,1.00
2016.02.18 20:28:22.354,1.96883,1.96926,1.00,1.00
2016.02.18 20:28:22.913,1.96883,1.96926,1.37,1.50
2016.02.18 20:28:23.720,1.96887,1.96927,1.00,1.00
2016.02.18 20:28:24.244,1.96887,1.96926,1.00,1.00
2016.02.18 20:28:24.436,1.96887,1.96928,1.00,1.50
2016.02.18 20:28:26.228,1.96882,1.96925,1.00,1.50
2016.02.18 20:28:26.736,1.96882,1.96925,1.37,1.00
2016.02.18 20:28:26.837,1.96886,1.96927,1.00,1.00
2016.02.18 20:28:29.444,1.96886,1.96926,1.00,1.00
2016.02.18 20:28:29.596,1.96882,1.96925,1.00,1.50
2016.02.18 20:28:29.647,1.96882,1.96922,1.00,1.00
2016.02.18 20:28:30.103,1.96879,1.96922,1.00,1.00
2016.02.18 20:28:30.153,1.96877,1.96916,1.00,1.00
2016.02.18 20:28:30.254,1.96872,1.96915,1.12,1.00
2016.02.18 20:28:30.355,1.96872,1.9691,1.00,1.00
2016.02.18 20:28:30.456,1.96867,1.9691,1.37,1.00
2016.02.18 20:28:30.557,1.96867,1.9691,1.00,1.00
2016.02.18 20:28:31.172,1.96867,1.9691,1.37,1.00
2016.02.18 20:28:31.676,1.96867,1.9691,1.00,1.87
2016.02.18 20:28:31.978,1.96869,1.9691,1.00,1.00
2016.02.18 20:28:32.258,1.96867,1.9691,1.50,1.00
2016.02.18 20:28:32.768,1.96868,1.9691,1.00,1.00
2016.02.18 20:28:33.372,1.9687,1.9691,1.00,1.00
2016.02.18 20:28:33.738,1.96876,1.96917,1.00,1.00
2016.02.18 20:28:34.242,1.96876,1.96916,1.00,1.00
2016.02.18 20:28:34.343,1.96872,1.96915,1.00,1.50
2016.02.18 20:28:34.394,1.96869,1.96912,1.00,1.50
2016.02.18 20:28:34.696,1.96869,1.96909,1.00,1.00
2016.02.18 20:28:34.747,1.96866,1.96909,1.00,1.50
2016.02.18 20:28:35.814,1.96866,1.96908,1.00,1.00
2016.02.18 20:28:36.327,1.96866,1.96909,1.00,1.00
2016.02.18 20:28:36.772,1.96866,1.96907,1.00,1.00
2016.02.18 20:28:36.955,1.96863,1.96906,1.50,1.00
2016.02.18 20:28:37.258,1.96865,1.96906,1.00,1.00
2016.02.18 20:28:38.613,1.96869,1.96909,1.00,1.00
2016.02.18 20:28:39.370,1.96872,1.96911,1.00,1.00
2016.02.18 20:28:39.873,1.96872,1.96912,1.00,1.00
2016.02.18 20:28:40.075,1.96874,1.96916,1.00,1.50
2016.02.18 20:28:40.176,1.96878,1.96916,1.00,1.00
2016.02.18 20:28:40.227,1.96878,1.96919,1.00,1.50
2016.02.18 20:28:40.428,1.96878,1.96917,1.00,1.00
2016.02.18 20:28:40.592,1.96873,1.96914,1.00,1.00
2016.02.18 20:28:40.844,1.9687,1.96911,1.00,1.00
2016.02.18 20:28:43.455,1.96866,1.96909,1.00,1.00
2016.02.18 20:28:43.961,1.96866,1.96909,1.37,1.00
2016.02.18 20:28:44.810,1.96866,1.96909,1.37,1.00
2016.02.18 20:28:44.860,1.96869,1.96912,1.12,1.00
2016.02.18 20:28:49.101,1.96873,1.96915,1.00,2.25
2016.02.18 20:28:51.531,1.96873,1.96913,1.00,1.00
2016.02.18 20:28:51.734,1.9687,1.96911,1.00,1.00
2016.02.18 20:28:52.535,1.9687,1.96913,1.00,1.50
2016.02.18 20:28:53.098,1.9687,1.96911,1.00,1.00
2016.02.18 20:28:53.538,1.9687,1.96909,1.00,1.00
2016.02.18 20:28:53.638,1.9687,1.96913,1.00,1.50
2016.02.18 20:28:54.142,1.9687,1.96912,1.00,1.00
2016.02.18 20:28:55.692,1.9687,1.96913,1.00,1.50
2016.02.18 20:28:56.199,1.9687,1.96912,1.00,1.00
2016.02.18 20:28:56.301,1.96873,1.96914,1.00,1.00
2016.02.18 20:28:56.402,1.96873,1.96916,1.00,2.25
2016.02.18 20:28:57.106,1.96873,1.96915,1.00,1.00
2016.02.18 20:28:57.641,1.96873,1.96916,1.00,1.50
2016.02.18 20:29:00.387,1.96867,1.9691,1.50,1.00
2016.02.18 20:29:00.739,1.96867,1.9691,1.50,1.37
2016.02.18 20:29:01.243,1.96867,1.96909,1.50,1.12
2016.02.18 20:29:01.747,1.96867,1.9691,1.50,1.00
2016.02.18 20:29:06.783,1.96867,1.96907,1.50,1.00
2016.02.18 20:29:07.518,1.96868,1.9691,1.00,1.00
2016.02.18 20:29:08.282,1.96869,1.9691,1.00,1.00
2016.02.18 20:29:09.052,1.96868,1.9691,1.12,1.00
2016.02.18 20:29:09.103,1.96872,1.96915,1.00,2.25
2016.02.18 20:29:11.856,1.96872,1.96913,1.00,1.00
2016.02.18 20:29:12.057,1.96872,1.96915,1.00,3.37
2016.02.18 20:29:12.575,1.96872,1.96913,1.00,1.00
2016.02.18 20:29:12.682,1.96866,1.96909,1.00,1.50
2016.02.18 20:29:12.892,1.96866,1.96907,1.00,1.00
2016.02.18 20:29:13.354,1.96866,1.96909,1.00,1.87
2016.02.18 20:29:13.714,1.96863,1.96906,1.50,1.00
2016.02.18 20:29:14.164,1.96863,1.96904,1.50,1.00
2016.02.18 20:29:14.366,1.96863,1.96906,1.50,1.00
2016.02.18 20:29:14.905,1.96867,1.9691,1.00,1.00
2016.02.18 20:29:18.733,1.96867,1.96907,1.00,1.00
2016.02.18 20:29:19.047,1.96865,1.96905,1.00,1.00
2016.02.18 20:29:20.097,1.96864,1.96903,1.00,1.00
2016.02.18 20:29:20.603,1.96862,1.96903,1.00,1.00
2016.02.18 20:29:21.973,1.96859,1.96901,1.00,1.00
2016.02.18 20:29:22.249,1.96859,1.96898,1.00,1.00
2016.02.18 20:29:28.208,1.96859,1.96896,1.00,1.37
2016.02.18 20:29:28.309,1.96853,1.96892,1.00,1.37
2016.02.18 20:29:28.810,1.96853,1.9689,1.00,1.00
2016.02.18 20:29:32.011,1.96854,1.9689,1.00,1.00
2016.02.18 20:29:32.517,1.96849,1.9689,1.00,1.00
2016.02.18 20:29:32.769,1.96849,1.96887,1.00,1.00
2016.02.18 20:29:33.071,1.96836,1.96876,1.00,1.12
2016.02.18 20:29:33.308,1.96836,1.9687,1.00,1.00
2016.02.18 20:29:33.834,1.96837,1.9687,1.00,1.00
2016.02.18 20:29:34.588,1.9683,1.9687,1.50,1.00
2016.02.18 20:29:35.141,1.96831,1.9687,1.00,1.37
2016.02.18 20:29:37.049,1.96828,1.96868,1.00,1.00
2016.02.18 20:29:38.373,1.96828,1.96867,1.00,1.00
2016.02.18 20:29:38.877,1.96828,1.96868,1.00,1.00
2016.02.18 20:29:39.692,1.96828,1.96866,1.00,1.00
2016.02.18 20:29:39.793,1.96824,1.96864,1.00,1.00
2016.02.18 20:29:39.894,1.96823,1.96862,1.00,1.00
2016.02.18 20:29:41.098,1.96823,1.96864,1.00,1.00
2016.02.18 20:29:41.199,1.96827,1.96864,1.00,1.00
2016.02.18 20:29:42.115,1.96828,1.9687,1.00,1.00
2016.02.18 20:29:42.342,1.96831,1.96873,1.00,1.00
2016.02.18 20:29:42.644,1.96829,1.96869,1.00,1.00
2016.02.18 20:29:42.946,1.96825,1.96865,1.00,1.00
2016.02.18 20:29:44.717,1.96823,1.96859,1.00,1.00
2016.02.18 20:29:46.191,1.96819,1.96859,1.00,1.00
2016.02.18 20:29:47.603,1.96821,1.96859,1.00,1.00
2016.02.18 20:29:50.093,1.96819,1.96859,1.00,1.00
2016.02.18 20:29:51.496,1.96821,1.96859,1.00,1.00
2016.02.18 20:29:52.000,1.96819,1.96859,1.87,1.00
2016.02.18 20:29:52.334,1.9682,1.96859,1.12,1.00
2016.02.18 20:29:55.833,1.96821,1.96863,1.00,1.00
2016.02.18 20:29:57.729,1.96824,1.96867,1.37,1.00
2016.02.18 20:29:57.830,1.9683,1.96872,1.00,1.00
2016.02.18 20:29:57.931,1.96833,1.96875,1.00,1.00
2016.02.18 20:29:58.372,1.96831,1.96871,1.00,1.00
2016.02.18 20:29:58.826,1.96831,1.96871,1.00,1.37
2016.02.18 20:29:58.927,1.96828,1.96868,1.00,1.00
2016.02.18 20:29:59.405,1.9683,1.96872,1.00,1.00
2016.02.18 20:30:00.134,1.9683,1.96872,1.00,1.37
2016.02.18 20:30:00.235,1.96826,1.96868,1.00,1.00
2016.02.18 20:30:00.601,1.96829,1.96868,1.00,1.00
2016.02.18 20:30:00.652,1.96829,1.96871,1.50,1.00
2016.02.18 20:30:00.703,1.96829,1.96871,1.87,1.00
2016.02.18 20:30:00.804,1.96829,1.96871,1.50,1.00
2016.02.18 20:30:03.179,1.96838,1.96877,1.00,1.00
2016.02.18 20:30:03.381,1.96832,1.96874,1.00,1.00
2016.02.18 20:30:14.335,1.96832,1.96871,1.00,1.00
2016.02.18 20:30:14.385,1.96829,1.96871,1.00,1.50
2016.02.18 20:30:18.391,1.9683,1.96871,1.00,1.50
2016.02.18 20:30:20.667,1.96833,1.96876,1.00,1.37
2016.02.18 20:30:20.717,1.96833,1.96876,1.50,1.00
2016.02.18 20:30:27.327,1.96833,1.96876,1.00,1.37
2016.02.18 20:30:27.634,1.9683,1.96871,1.00,1.00
2016.02.18 20:30:28.088,1.96832,1.96875,1.00,1.12
2016.02.18 20:30:28.239,1.96829,1.96872,1.50,1.00
2016.02.18 20:30:28.665,1.96832,1.96872,1.00,1.00
2016.02.18 20:30:28.716,1.96832,1.96875,1.00,1.00
2016.02.18 20:30:31.820,1.96833,1.96875,1.00,1.00
2016.02.18 20:30:32.353,1.96833,1.96874,1.00,1.00
2016.02.18 20:30:33.816,1.96833,1.96873,1.00,1.00
2016.02.18 20:30:34.330,1.96832,1.96874,1.50,1.00
2016.02.18 20:30:35.212,1.96832,1.96875,1.50,1.50
2016.02.18 20:30:35.547,1.96832,1.9687,1.00,1.00
2016.02.18 20:30:40.396,1.96832,1.96872,1.50,1.00
2016.02.18 20:30:44.185,1.96832,1.9687,1.00,1.00
2016.02.18 20:30:44.386,1.96827,1.96867,1.00,1.00
2016.02.18 20:30:47.583,1.96827,1.96864,1.00,1.00
2016.02.18 20:30:47.634,1.96823,1.96864,1.00,1.00
2016.02.18 20:30:47.685,1.96821,1.96858,1.00,1.00
2016.02.18 20:30:47.786,1.96821,1.9686,1.00,1.00
2016.02.18 20:30:49.236,1.96821,1.96861,1.00,1.00
2016.02.18 20:30:49.447,1.96823,1.96861,1.00,1.00
2016.02.18 20:30:49.952,1.96823,1.9686,1.00,1.00
2016.02.18 20:30:50.644,1.96823,1.96861,1.00,1.12
2016.02.18 20:30:52.370,1.96822,1.96861,1.00,1.12
2016.02.18 20:30:52.909,1.96821,1.96861,1.00,1.50
2016.02.18 20:30:53.435,1.96822,1.96861,1.00,1.50
2016.02.18 20:30:53.698,1.96819,1.96861,1.00,3.00
2016.02.18 20:30:53.749,1.96819,1.96859,1.00,1.00
2016.02.18 20:30:54.347,1.96819,1.96861,1.00,2.25
2016.02.18 20:30:56.256,1.96817,1.96858,1.00,1.00
2016.02.18 20:30:56.581,1.96816,1.96854,1.00,1.00
2016.02.18 20:30:56.631,1.96817,1.96859,1.00,1.00
2016.02.18 20:30:56.806,1.96816,1.96855,1.00,1.00
2016.02.18 20:30:56.907,1.96818,1.96861,1.00,1.00
2016.02.18 20:30:57.486,1.96818,1.9686,1.00,1.00
2016.02.18 20:30:58.293,1.96818,1.96859,1.00,1.50
2016.02.18 20:30:58.697,1.96818,1.96861,1.00,1.50
2016.02.18 20:30:59.256,1.96818,1.9686,1.00,1.00
2016.02.18 20:30:59.307,1.96816,1.96852,1.00,1.00
2016.02.18 20:30:59.408,1.9681,1.96849,1.00,1.00
2016.02.18 20:31:00.563,1.96811,1.96854,1.37,1.00
2016.02.18 20:31:00.765,1.96815,1.96856,1.00,1.00
2016.02.18 20:31:01.206,1.96815,1.96852,1.00,1.00
2016.02.18 20:31:05.245,1.96815,1.96856,1.00,1.00
2016.02.18 20:31:06.941,1.96815,1.96846,1.00,1.00
2016.02.18 20:31:07.122,1.96814,1.96852,1.00,1.00
2016.02.18 20:31:07.173,1.96814,1.96855,1.00,1.00
2016.02.18 20:31:07.332,1.96814,1.96857,1.00,2.25
2016.02.18 20:31:07.534,1.96813,1.96854,1.00,1.00
2016.02.18 20:31:08.324,1.96814,1.96854,1.00,1.00
2016.02.18 20:31:08.573,1.96816,1.96858,1.00,1.00
2016.02.18 20:31:13.013,1.96816,1.96857,1.00,1.00
2016.02.18 20:31:13.523,1.96816,1.96858,1.00,1.00
2016.02.18 20:31:16.496,1.96818,1.96858,1.00,1.00
2016.02.18 20:31:16.798,1.9682,1.96863,1.00,1.00
2016.02.18 20:31:17.050,1.9682,1.96861,1.00,1.00
2016.02.18 20:31:17.302,1.9682,1.96863,1.00,1.00
2016.02.18 20:31:17.604,1.96817,1.9686,1.00,1.50
2016.02.18 20:31:21.346,1.96818,1.9686,1.00,1.00
2016.02.18 20:31:22.054,1.96817,1.9686,1.12,1.00
2016.02.18 20:31:22.769,1.96817,1.9686,1.37,1.00
2016.02.18 20:31:23.303,1.96817,1.9686,1.12,1.00
2016.02.18 20:31:23.855,1.96818,1.9686,1.00,1.00
2016.02.18 20:31:24.157,1.9682,1.9686,1.00,1.00
2016.02.18 20:31:24.208,1.96822,1.96863,1.00,1.00
2016.02.18 20:31:24.722,1.96821,1.96863,1.00,1.00
2016.02.18 20:31:25.378,1.96823,1.96863,1.00,1.00
2016.02.18 20:31:25.429,1.96823,1.96866,1.50,1.00
2016.02.18 20:31:25.933,1.96824,1.96866,1.00,1.50
2016.02.18 20:31:26.287,1.96823,1.96866,1.37,1.00
2016.02.18 20:31:26.691,1.96819,1.96862,2.02,1.00
2016.02.18 20:31:26.745,1.96824,1.96867,1.37,1.00
2016.02.18 20:31:27.173,1.96828,1.96867,1.37,1.00
2016.02.18 20:31:27.227,1.96829,1.9687,1.37,1.00
2016.02.18 20:31:27.278,1.96833,1.96874,1.37,1.00
2016.02.18 20:31:27.379,1.96835,1.96878,1.37,1.00
2016.02.18 20:31:27.675,1.96841,1.96882,1.00,1.00
2016.02.18 20:31:27.924,1.96837,1.96879,1.12,1.00
2016.02.18 20:31:27.976,1.96837,1.96879,1.37,1.00
2016.02.18 20:31:28.453,1.96837,1.96879,1.00,1.00
2016.02.18 20:31:28.974,1.96838,1.96879,1.00,1.00
2016.02.18 20:31:29.515,1.96837,1.96879,1.00,1.00
2016.02.18 20:31:32.322,1.96838,1.96879,1.00,1.00
2016.02.18 20:31:32.992,1.96837,1.96879,1.00,1.00
2016.02.18 20:31:38.124,1.96837,1.96879,1.37,1.00
2016.02.18 20:31:38.628,1.96837,1.96879,1.00,1.00
2016.02.18 20:31:39.834,1.96837,1.96879,1.37,1.00
2016.02.18 20:31:40.733,1.96837,1.96879,1.37,1.00
2016.02.18 20:31:40.784,1.9684,1.96882,1.37,1.00
2016.02.18 20:31:40.835,1.9684,1.96882,1.12,1.00
2016.02.18 20:31:41.004,1.9684,1.96882,1.37,1.00
2016.02.18 20:31:42.896,1.96844,1.96882,1.00,1.00
2016.02.18 20:31:43.047,1.96855,1.96897,1.00,1.00
2016.02.18 20:31:47.155,1.96855,1.96892,1.12,1.00
2016.02.18 20:31:47.307,1.96847,1.96885,1.00,1.00
2016.02.18 20:31:47.408,1.96842,1.96882,1.00,1.37
2016.02.18 20:31:47.660,1.96838,1.9688,1.00,1.00
2016.02.18 20:31:48.358,1.9684,1.9688,1.00,1.00
2016.02.18 20:31:48.460,1.96838,1.9688,1.12,1.00
2016.02.18 20:31:48.661,1.96838,1.9688,1.37,1.00
2016.02.18 20:31:48.762,1.96841,1.96883,1.12,1.00
2016.02.18 20:31:50.526,1.96836,1.96879,1.37,1.00
2016.02.18 20:31:50.580,1.96836,1.96879,1.00,1.00
2016.02.18 20:31:50.933,1.96836,1.96877,1.00,1.00
2016.02.18 20:31:51.386,1.96837,1.96879,1.00,1.00
2016.02.18 20:31:51.538,1.96836,1.96879,1.37,1.00
2016.02.18 20:31:51.588,1.96841,1.96882,1.37,1.00
2016.02.18 20:31:51.639,1.96847,1.96882,1.00,1.00
2016.02.18 20:31:52.232,1.96843,1.96882,1.00,1.00
2016.02.18 20:31:55.770,1.96843,1.96881,1.00,1.00
2016.02.18 20:31:56.294,1.96843,1.96882,1.00,1.00
2016.02.18 20:31:57.219,1.96843,1.96881,1.00,1.00
2016.02.18 20:31:58.428,1.96843,1.96882,1.00,1.00
2016.02.18 20:31:58.853,1.96843,1.96877,1.00,1.00
2016.02.18 20:31:58.954,1.96839,1.96877,1.00,1.00
2016.02.18 20:32:00.186,1.96839,1.96876,1.00,1.00
2016.02.18 20:32:01.081,1.96839,1.96881,1.00,1.00
2016.02.18 20:32:01.955,1.96837,1.96878,1.00,1.00
2016.02.18 20:32:02.415,1.96838,1.96881,1.00,1.50
2016.02.18 20:32:02.668,1.96837,1.96877,1.00,1.00
2016.02.18 20:32:03.482,1.96836,1.96877,1.50,1.50
2016.02.18 20:32:03.583,1.9683,1.96872,1.00,1.00
2016.02.18 20:32:04.821,1.9683,1.96871,1.00,1.00
2016.02.18 20:32:05.274,1.96828,1.96868,1.00,1.00
2016.02.18 20:32:05.794,1.96829,1.96868,1.00,1.00
2016.02.18 20:32:06.368,1.96828,1.96868,1.00,1.00
2016.02.18 20:32:06.904,1.96829,1.96868,1.37,1.00
2016.02.18 20:32:07.005,1.96836,1.96878,1.00,1.00
2016.02.18 20:32:07.055,1.96833,1.96873,1.00,1.00
2016.02.18 20:32:07.285,1.96836,1.96879,1.12,1.00
2016.02.18 20:32:07.336,1.96846,1.96889,1.00,1.00
2016.02.18 20:32:07.987,1.96846,1.96889,1.37,1.00
2016.02.18 20:32:08.088,1.9685,1.96893,1.00,1.00
2016.02.18 20:32:09.110,1.96847,1.9689,1.00,1.00
2016.02.18 20:32:09.665,1.96844,1.96887,1.12,1.00
2016.02.18 20:32:10.640,1.96841,1.96882,1.37,1.00
2016.02.18 20:32:10.691,1.96841,1.96882,1.00,1.00
2016.02.18 20:32:10.742,1.96837,1.96878,1.00,1.00
2016.02.18 20:32:11.095,1.96832,1.96875,1.00,1.00
2016.02.18 20:32:11.480,1.96836,1.96879,1.00,1.00
2016.02.18 20:32:11.782,1.96839,1.96882,1.00,1.00
2016.02.18 20:32:12.085,1.96846,1.96887,1.37,1.00
2016.02.18 20:32:12.590,1.96846,1.96887,1.00,1.00
2016.02.18 20:32:14.259,1.96842,1.96885,1.37,1.00
2016.02.18 20:32:14.511,1.9684,1.96881,1.00,1.00
2016.02.18 20:32:14.613,1.96835,1.96878,1.00,1.00
2016.02.18 20:32:14.724,1.9683,1.96873,1.37,1.00
2016.02.18 20:32:14.884,1.96833,1.96876,1.00,1.00
2016.02.18 20:32:14.985,1.9683,1.96873,1.00,1.00
2016.02.18 20:32:15.392,1.96829,1.96868,1.00,1.00
2016.02.18 20:32:15.918,1.96828,1.96868,1.00,1.00
2016.02.18 20:32:19.376,1.9683,1.96873,1.00,1.00
2016.02.18 20:32:19.706,1.9683,1.96873,1.37,1.00
2016.02.18 20:32:19.879,1.96841,1.96882,1.00,1.00
2016.02.18 20:32:19.980,1.96847,1.96888,1.00,1.12
2016.02.18 20:32:20.081,1.96844,1.96886,1.00,1.00
2016.02.18 20:32:20.334,1.96847,1.96886,1.00,1.00
2016.02.18 20:32:20.679,1.96847,1.96889,1.50,1.00
2016.02.18 20:32:24.616,1.96847,1.96889,1.37,1.00
2016.02.18 20:32:24.717,1.9685,1.96892,1.00,1.00
2016.02.18 20:32:27.221,1.9685,1.96892,1.37,1.00
2016.02.18 20:32:27.724,1.9685,1.96892,1.00,1.00
2016.02.18 20:32:33.740,1.96853,1.96892,1.00,1.00
2016.02.18 20:32:33.791,1.96853,1.96896,1.50,1.00
2016.02.18 20:32:33.842,1.9686,1.96902,1.50,1.50
2016.02.18 20:32:33.943,1.96865,1.96908,1.00,1.00
2016.02.18 20:32:34.044,1.96864,1.96906,1.50,1.00
2016.02.18 20:32:34.393,1.96856,1.96896,1.00,1.00
2016.02.18 20:32:35.665,1.96858,1.96901,1.37,1.00
2016.02.18 20:32:35.716,1.96861,1.96904,1.37,1.00
2016.02.18 20:32:35.766,1.96865,1.96907,1.00,1.00
2016.02.18 20:32:36.280,1.96865,1.96908,1.12,1.00
2016.02.18 20:32:37.373,1.96865,1.96908,1.37,1.00
2016.02.18 20:32:38.082,1.96865,1.96908,1.00,1.12
2016.02.18 20:32:38.385,1.96859,1.96902,1.12,1.00
2016.02.18 20:32:42.558,1.96859,1.96897,1.00,1.00
2016.02.18 20:32:42.810,1.96852,1.96891,1.00,1.00
2016.02.18 20:32:42.911,1.96854,1.96891,1.00,1.00
2016.02.18 20:32:43.012,1.9685,1.96892,1.00,1.00
2016.02.18 20:32:44.785,1.96847,1.9689,1.00,1.00
2016.02.18 20:32:49.458,1.9685,1.96891,1.00,1.00
2016.02.18 20:32:49.760,1.96855,1.96896,1.00,1.00
2016.02.18 20:32:50.061,1.96855,1.96892,1.00,1.00
2016.02.18 20:32:50.163,1.96855,1.96896,1.00,1.00
2016.02.18 20:32:50.264,1.96858,1.96896,1.00,1.00
2016.02.18 20:32:50.723,1.96858,1.96892,1.00,1.00
2016.02.18 20:32:51.212,1.96854,1.96891,1.12,1.00
2016.02.18 20:32:51.681,1.96859,1.96897,1.00,1.00
2016.02.18 20:32:51.782,1.96862,1.96897,1.00,1.00
2016.02.18 20:32:51.833,1.96865,1.96907,1.00,1.50
2016.02.18 20:32:51.883,1.96869,1.96907,1.00,1.00
2016.02.18 20:32:52.185,1.96878,1.96912,1.00,1.00
2016.02.18 20:32:52.236,1.96876,1.96912,1.12,1.00
2016.02.18 20:32:52.757,1.96872,1.96912,1.00,1.00
2016.02.18 20:32:53.269,1.96872,1.96911,1.00,1.00
2016.02.18 20:32:53.687,1.96872,1.96907,1.00,1.00
2016.02.18 20:32:54.077,1.9687,1.96907,1.00,1.00
2016.02.18 20:32:54.329,1.9687,1.96906,1.37,1.00
2016.02.18 20:32:54.697,1.9687,1.96907,1.00,1.00
2016.02.18 20:32:55.041,1.9687,1.9691,1.00,1.00
2016.02.18 20:32:55.982,1.96872,1.96912,1.00,1.00
2016.02.18 20:32:57.859,1.96875,1.96912,1.00,1.00
2016.02.18 20:32:58.449,1.96875,1.96911,1.00,1.00
2016.02.18 20:32:58.650,1.96875,1.96916,1.00,1.00
2016.02.18 20:32:59.394,1.96875,1.96912,1.00,1.00
2016.02.18 20:32:59.942,1.96875,1.96911,1.00,1.00
2016.02.18 20:33:00.462,1.96875,1.96912,1.00,1.00
2016.02.18 20:33:01.462,1.96871,1.96912,1.00,1.00
2016.02.18 20:33:02.960,1.96871,1.96912,1.37,1.00
2016.02.18 20:33:03.061,1.96875,1.96918,1.37,1.00
2016.02.18 20:33:04.326,1.96878,1.96921,1.37,1.00
2016.02.18 20:33:04.656,1.96883,1.96921,1.00,1.00
2016.02.18 20:33:05.731,1.96883,1.96923,1.00,1.00
2016.02.18 20:33:07.576,1.96886,1.96927,1.12,1.00
2016.02.18 20:33:07.677,1.96886,1.96929,1.12,1.00
2016.02.18 20:33:08.644,1.96886,1.96926,1.00,1.00
2016.02.18 20:33:08.996,1.96884,1.96925,1.00,1.00
2016.02.18 20:33:11.367,1.96881,1.96921,1.37,1.00
2016.02.18 20:33:11.468,1.96881,1.96921,1.00,1.00
2016.02.18 20:33:12.046,1.96881,1.96921,1.37,1.00
2016.02.18 20:33:12.096,1.96885,1.96926,1.00,1.00
2016.02.18 20:33:12.147,1.96891,1.96926,1.00,1.00
2016.02.18 20:33:12.198,1.96891,1.96929,1.00,1.00
2016.02.18 20:33:12.349,1.96888,1.96929,1.87,1.00
2016.02.18 20:33:12.400,1.96894,1.96934,1.12,1.00
2016.02.18 20:33:13.877,1.96894,1.96934,1.00,1.37
2016.02.18 20:33:13.928,1.96889,1.96931,1.00,1.00
2016.02.18 20:33:13.978,1.96893,1.96933,1.00,1.00
2016.02.18 20:33:14.519,1.96889,1.96931,1.00,1.00
2016.02.18 20:33:16.476,1.96893,1.96935,1.00,1.00
2016.02.18 20:33:16.784,1.96901,1.96943,1.00,1.37
2016.02.18 20:33:16.885,1.96901,1.96943,1.00,1.00
2016.02.18 20:33:17.075,1.96897,1.9694,1.00,1.00
2016.02.18 20:33:17.380,1.969,1.96943,1.00,1.00
2016.02.18 20:33:19.151,1.96905,1.96947,1.00,1.00
2016.02.18 20:33:19.487,1.96903,1.96945,1.00,1.00
2016.02.18 20:33:20.222,1.96906,1.96948,1.00,1.37
2016.02.18 20:33:20.323,1.96903,1.96946,1.00,1.00
2016.02.18 20:33:23.187,1.969,1.96943,1.00,1.37
2016.02.18 20:33:23.238,1.96897,1.9694,1.00,1.37
2016.02.18 20:33:23.289,1.96895,1.96936,1.00,1.37
2016.02.18 20:33:23.390,1.9689,1.96933,1.00,1.00
2016.02.18 20:33:24.341,1.96896,1.96937,1.00,1.00
2016.02.18 20:33:25.712,1.96896,1.96937,1.00,1.37
2016.02.18 20:33:26.314,1.96896,1.96937,1.00,1.00
2016.02.18 20:33:27.483,1.969,1.96943,1.00,1.00
2016.02.18 20:33:27.541,1.96903,1.96946,1.00,1.00
2016.02.18 20:33:27.852,1.96908,1.96951,1.00,1.50
2016.02.18 20:33:28.678,1.96905,1.96948,1.00,1.00
2016.02.18 20:33:29.833,1.96902,1.96945,1.00,1.37
2016.02.18 20:33:30.272,1.96907,1.96945,1.00,1.00
2016.02.18 20:33:30.575,1.9691,1.96947,1.00,1.00
2016.02.18 20:33:30.626,1.96905,1.96947,1.00,1.00
2016.02.18 20:33:31.029,1.96908,1.96947,1.00,1.00
2016.02.18 20:33:31.681,1.96908,1.96946,1.00,1.00
2016.02.18 20:33:31.984,1.96908,1.96951,1.00,1.00
2016.02.18 20:33:32.723,1.96908,1.9695,1.00,1.00
2016.02.18 20:33:33.445,1.96908,1.96951,1.00,1.50
2016.02.18 20:33:34.198,1.96905,1.96948,1.00,1.00
2016.02.18 20:33:35.379,1.9691,1.96951,1.00,1.00
2016.02.18 20:33:35.693,1.9691,1.96946,1.00,1.00
2016.02.18 20:33:36.658,1.96906,1.96946,1.00,1.00
2016.02.18 20:33:36.760,1.96902,1.96945,1.00,1.00
2016.02.18 20:33:36.811,1.96901,1.96942,1.00,1.00
2016.02.18 20:33:36.911,1.96899,1.96942,1.00,1.50
2016.02.18 20:33:37.014,1.96899,1.96942,1.00,1.87
2016.02.18 20:33:37.065,1.96896,1.96937,1.00,1.00
2016.02.18 20:33:37.216,1.96892,1.96933,1.00,1.00
2016.02.18 20:33:37.781,1.96891,1.96934,1.12,1.00
2016.02.18 20:33:40.644,1.96891,1.96934,1.37,1.00
2016.02.18 20:33:41.672,1.96891,1.96934,1.12,1.00
2016.02.18 20:33:43.880,1.96894,1.96937,1.00,1.00
2016.02.18 20:33:52.058,1.96898,1.96939,1.12,1.00
2016.02.18 20:33:52.397,1.96902,1.96942,1.00,1.00
2016.02.18 20:33:53.251,1.96904,1.96946,1.00,1.00
2016.02.18 20:33:59.421,1.96904,1.96946,1.00,2.62
2016.02.18 20:33:59.472,1.96902,1.96943,1.00,1.12
2016.02.18 20:33:59.867,1.96897,1.96938,1.00,1.00
2016.02.18 20:34:01.794,1.96897,1.96938,1.00,1.37
2016.02.18 20:34:01.845,1.96892,1.96933,1.00,1.00
2016.02.18 20:34:07.811,1.96893,1.96933,1.00,1.00
2016.02.18 20:34:07.862,1.96895,1.96936,1.00,1.00
2016.02.18 20:34:13.114,1.96897,1.9694,1.00,1.00
2016.02.18 20:34:13.215,1.96902,1.96943,1.00,1.00
2016.02.18 20:34:14.914,1.96905,1.96947,1.00,1.37
2016.02.18 20:34:15.154,1.96905,1.96947,1.00,1.00
2016.02.18 20:34:17.736,1.96909,1.9695,1.00,1.00
2016.02.18 20:34:18.078,1.96915,1.96957,1.00,1.00
2016.02.18 20:34:18.229,1.9691,1.96952,1.12,1.00
2016.02.18 20:34:18.626,1.96911,1.96951,1.00,1.37
2016.02.18 20:34:18.677,1.96907,1.96947,1.00,1.00
2016.02.18 20:34:18.727,1.96907,1.96947,1.00,1.37
2016.02.18 20:34:18.778,1.96898,1.96941,1.00,1.00
2016.02.18 20:34:18.829,1.96898,1.96941,1.00,1.37
2016.02.18 20:34:19.141,1.96891,1.96931,1.50,1.00
2016.02.18 20:34:19.393,1.96887,1.96929,1.00,1.00
2016.02.18 20:34:22.182,1.96892,1.96932,1.00,1.00
2016.02.18 20:34:22.232,1.96889,1.96931,1.00,1.00
2016.02.18 20:34:26.170,1.96889,1.96931,1.37,1.00
2016.02.18 20:34:26.271,1.96894,1.96936,1.00,1.00
2016.02.18 20:34:26.322,1.96898,1.9694,1.00,1.00
2016.02.18 20:34:27.352,1.96898,1.96938,1.00,1.00
2016.02.18 20:34:27.914,1.96898,1.9694,1.00,1.12
2016.02.18 20:34:32.415,1.96898,1.96939,1.00,1.00
2016.02.18 20:34:33.522,1.96898,1.9694,1.00,1.87
2016.02.18 20:34:37.658,1.96898,1.96939,1.00,1.00
2016.02.18 20:34:38.160,1.96898,1.9694,1.00,1.00
2016.02.18 20:34:38.261,1.96895,1.96938,1.00,1.00
2016.02.18 20:34:38.375,1.96895,1.96938,1.00,1.37
2016.02.18 20:34:38.681,1.96898,1.96941,1.00,1.50
2016.02.18 20:34:41.728,1.96899,1.96941,1.00,1.00
2016.02.18 20:34:42.509,1.96902,1.96945,1.00,1.00
2016.02.18 20:34:45.086,1.96907,1.9695,1.00,1.00
2016.02.18 20:34:45.393,1.96902,1.96944,1.00,1.00
2016.02.18 20:34:45.696,1.96899,1.96939,1.00,1.00
2016.02.18 20:34:50.125,1.96899,1.96936,1.00,1.00
2016.02.18 20:34:50.555,1.96894,1.96937,1.00,1.50
2016.02.18 20:34:51.078,1.96894,1.96937,1.00,1.87
2016.02.18 20:34:51.280,1.96892,1.96933,1.00,1.00
2016.02.18 20:34:51.614,1.96889,1.9693,1.00,1.37
2016.02.18 20:34:51.756,1.96885,1.96926,1.00,1.12
2016.02.18 20:34:54.761,1.96881,1.96922,1.00,1.37
2016.02.18 20:34:54.867,1.96876,1.96917,1.00,1.00
2016.02.18 20:34:56.604,1.96878,1.9692,1.00,1.00
2016.02.18 20:34:58.104,1.96875,1.96917,1.00,1.00
2016.02.18 20:34:58.443,1.96879,1.9692,2.25,1.00
2016.02.18 20:35:00.836,1.9688,1.9692,1.00,1.00
2016.02.18 20:35:01.556,1.96883,1.96924,1.00,1.00
2016.02.18 20:35:04.572,1.96883,1.96924,1.37,1.00
2016.02.18 20:35:05.151,1.96883,1.96924,1.00,1.00
2016.02.18 20:35:05.523,1.96883,1.96921,1.00,1.00
2016.02.18 20:35:06.001,1.96881,1.96921,1.00,1.00
2016.02.18 20:35:06.355,1.96883,1.96922,1.00,1.00
2016.02.18 20:35:06.406,1.96884,1.96925,1.00,1.00
2016.02.18 20:35:06.556,1.96884,1.96925,1.00,1.37
2016.02.18 20:35:06.738,1.96882,1.96922,1.50,1.00
2016.02.18 20:35:06.977,1.96883,1.96925,1.00,1.00
2016.02.18 20:35:09.623,1.96882,1.96922,1.00,1.00
2016.02.18 20:35:11.103,1.96881,1.96922,1.00,1.50
2016.02.18 20:35:11.405,1.96876,1.96915,1.00,1.12
2016.02.18 20:35:12.988,1.96877,1.96915,1.00,1.00
2016.02.18 20:35:13.089,1.96877,1.96919,1.00,1.00
2016.02.18 20:35:15.194,1.96876,1.96919,1.50,1.00
2016.02.18 20:35:15.875,1.96877,1.96919,1.00,1.00
2016.02.18 20:35:16.078,1.9688,1.96919,1.00,1.00
2016.02.18 20:35:16.129,1.9688,1.96922,1.00,1.00
2016.02.18 20:35:16.981,1.96882,1.96922,1.00,1.00
2016.02.18 20:35:17.514,1.9688,1.96922,1.00,1.00
2016.02.18 20:35:18.023,1.96879,1.96922,1.00,1.00
2016.02.18 20:35:20.274,1.96879,1.96912,1.00,1.00
2016.02.18 20:35:20.324,1.96876,1.96912,1.50,1.00
2016.02.18 20:35:20.425,1.96876,1.96911,1.00,1.37
2016.02.18 20:35:20.976,1.96877,1.96911,1.00,1.50
2016.02.18 20:35:21.127,1.96872,1.96911,1.00,1.00
2016.02.18 20:35:21.228,1.96875,1.96916,1.00,1.00
2016.02.18 20:35:21.329,1.96873,1.96916,1.00,1.00
2016.02.18 20:35:22.582,1.96881,1.96923,1.00,1.12
2016.02.18 20:35:23.103,1.96883,1.96923,1.00,1.00
2016.02.18 20:35:23.204,1.96884,1.96926,1.00,1.00
2016.02.18 20:35:25.123,1.96883,1.96924,1.00,1.00
2016.02.18 20:35:25.224,1.96881,1.96924,1.00,1.00
2016.02.18 20:35:29.411,1.96882,1.96924,1.00,1.00
2016.02.18 20:35:29.931,1.96883,1.96924,1.00,1.00
2016.02.18 20:35:31.616,1.96881,1.96922,1.00,1.00
2016.02.18 20:35:31.918,1.96876,1.96917,1.00,1.00
2016.02.18 20:35:32.164,1.96876,1.96919,1.50,1.00
2016.02.18 20:35:32.265,1.96876,1.96917,1.50,1.00
2016.02.18 20:35:32.832,1.9688,1.96917,1.00,1.00
2016.02.18 20:35:32.984,1.96875,1.96916,1.00,1.00
2016.02.18 20:35:33.034,1.96878,1.96917,1.00,1.00
2016.02.18 20:35:33.573,1.96879,1.96917,1.00,1.00
2016.02.18 20:35:33.993,1.96879,1.96921,1.00,1.00
2016.02.18 20:35:34.249,1.96883,1.96921,1.00,1.00
2016.02.18 20:35:34.300,1.96883,1.96925,1.00,1.00
2016.02.18 20:35:34.805,1.96882,1.96925,1.00,1.00
2016.02.18 20:35:36.943,1.96879,1.96922,1.00,1.12
2016.02.18 20:35:37.246,1.96873,1.96914,1.00,1.00
2016.02.18 20:35:37.598,1.96875,1.96918,1.00,1.00
2016.02.18 20:35:38.515,1.96873,1.96916,1.00,1.00
2016.02.18 20:35:40.707,1.96879,1.96919,1.00,1.37
2016.02.18 20:35:40.758,1.9688,1.96919,1.00,1.00
2016.02.18 20:35:40.862,1.9688,1.96922,1.00,1.00
2016.02.18 20:35:41.273,1.96883,1.96922,1.00,1.00
2016.02.18 20:35:41.374,1.96884,1.96925,1.00,1.00
2016.02.18 20:35:41.576,1.96886,1.96925,1.00,1.00
2016.02.18 20:35:41.627,1.96886,1.96927,1.50,1.00
2016.02.18 20:35:42.444,1.96888,1.96927,1.00,1.00
2016.02.18 20:35:42.495,1.96889,1.96932,1.00,1.00
2016.02.18 20:35:42.715,1.96894,1.96937,1.00,1.00
2016.02.18 20:35:43.232,1.96894,1.96937,1.00,1.37
2016.02.18 20:35:44.686,1.96891,1.96934,1.00,1.00
2016.02.18 20:35:45.950,1.96894,1.96937,1.00,1.00
2016.02.18 20:35:46.302,1.96899,1.96941,1.00,1.00
2016.02.18 20:35:46.814,1.96895,1.96938,1.00,1.00
2016.02.18 20:35:50.872,1.96892,1.96935,1.00,1.37
2016.02.18 20:35:50.923,1.96889,1.96932,1.00,1.37
2016.02.18 20:35:51.192,1.96889,1.96932,1.00,1.00
2016.02.18 20:35:52.145,1.96887,1.96929,1.00,1.00
2016.02.18 20:35:52.483,1.96887,1.96925,1.00,1.87
2016.02.18 20:35:52.596,1.96882,1.96925,1.50,1.87
2016.02.18 20:35:52.749,1.96881,1.9692,1.00,1.00
2016.02.18 20:35:57.018,1.9688,1.9692,1.00,1.00
2016.02.18 20:35:59.837,1.96881,1.9692,1.00,1.00
2016.02.18 20:36:00.539,1.96881,1.96917,1.00,1.00
2016.02.18 20:36:00.640,1.96879,1.96917,1.00,1.00
2016.02.18 20:36:00.901,1.96879,1.9692,1.00,1.00
2016.02.18 20:36:00.952,1.96881,1.9692,1.00,1.00
2016.02.18 20:36:01.255,1.96884,1.96922,1.00,1.00
2016.02.18 20:36:01.435,1.96882,1.96922,1.00,1.00
2016.02.18 20:36:01.536,1.96882,1.96925,1.00,1.00
2016.02.18 20:36:01.761,1.96882,1.96922,1.00,1.00
2016.02.18 20:36:01.862,1.96879,1.96922,1.00,1.50
2016.02.18 20:36:03.250,1.96875,1.96918,1.00,1.00
2016.02.18 20:36:03.849,1.96884,1.96918,1.00,1.00
2016.02.18 20:36:04.051,1.96878,1.96918,1.00,1.00
2016.02.18 20:36:04.308,1.96883,1.96918,1.00,1.00
2016.02.18 20:36:04.635,1.96878,1.96918,1.00,1.00
2016.02.18 20:36:04.736,1.96884,1.96918,1.00,1.00
2016.02.18 20:36:05.116,1.96884,1.9692,1.00,1.00
2016.02.18 20:36:05.368,1.96879,1.9692,1.00,1.50
2016.02.18 20:36:05.419,1.96877,1.96917,1.00,1.00
2016.02.18 20:36:05.802,1.96879,1.96917,1.00,1.00
2016.02.18 20:36:06.306,1.96878,1.96917,1.00,1.00
2016.02.18 20:36:06.794,1.96883,1.96917,1.00,1.00
2016.02.18 20:36:06.845,1.96883,1.96919,1.00,1.00
2016.02.18 20:36:06.946,1.96878,1.96919,1.50,1.50
2016.02.18 20:36:08.114,1.96879,1.96919,1.00,1.00
2016.02.18 20:36:08.434,1.96877,1.96916,1.00,1.00
2016.02.18 20:36:09.211,1.96878,1.96916,1.00,1.00
2016.02.18 20:36:12.217,1.96877,1.96916,1.00,1.50
2016.02.18 20:36:13.551,1.96877,1.96913,1.00,1.00
2016.02.18 20:36:14.098,1.96878,1.96913,1.00,1.00
2016.02.18 20:36:14.679,1.96878,1.96918,1.00,1.00
2016.02.18 20:36:15.330,1.96878,1.96917,1.00,1.00
2016.02.18 20:36:15.865,1.96879,1.96917,1.00,1.00
2016.02.18 20:36:16.472,1.96878,1.96917,1.00,1.00
2016.02.18 20:36:17.151,1.96879,1.96917,1.00,1.00
2016.02.18 20:36:17.766,1.96878,1.96917,1.00,1.00
2016.02.18 20:36:17.826,1.96876,1.96917,1.00,1.00
2016.02.18 20:36:18.527,1.96875,1.96915,1.00,1.00
2016.02.18 20:36:19.037,1.96876,1.96915,1.00,1.00
2016.02.18 20:36:19.837,1.96875,1.96915,1.00,1.00
2016.02.18 20:36:21.942,1.96876,1.96915,1.00,1.00
2016.02.18 20:36:25.148,1.96873,1.96915,1.50,1.00
2016.02.18 20:36:26.404,1.96874,1.96915,1.00,1.00
2016.02.18 20:36:27.203,1.96873,1.96915,1.00,1.00
2016.02.18 20:36:36.448,1.96873,1.96914,1.00,1.00
2016.02.18 20:36:39.922,1.96872,1.96915,1.00,1.50
2016.02.18 20:36:40.425,1.96873,1.96915,1.00,1.50
2016.02.18 20:36:40.812,1.96878,1.96915,1.00,1.00
2016.02.18 20:36:41.582,1.96874,1.96915,1.00,1.50
2016.02.18 20:36:41.784,1.96878,1.96915,1.00,1.00
2016.02.18 20:36:41.935,1.96878,1.96917,1.00,1.00
2016.02.18 20:36:42.174,1.9688,1.9692,1.00,1.00
2016.02.18 20:36:42.225,1.9688,1.96923,1.00,1.12
2016.02.18 20:36:42.366,1.96885,1.96925,1.00,1.00
2016.02.18 20:36:42.419,1.96885,1.96927,1.00,1.00
2016.02.18 20:36:42.578,1.96881,1.96924,1.00,1.00
2016.02.18 20:36:42.679,1.96887,1.9693,1.50,1.00
2016.02.18 20:36:43.011,1.9689,1.96933,1.00,1.00
2016.02.18 20:36:43.561,1.96888,1.96929,1.00,1.00
2016.02.18 20:36:44.841,1.96877,1.96919,1.00,1.00
2016.02.18 20:36:44.892,1.96875,1.96916,1.00,1.00
2016.02.18 20:36:45.195,1.96874,1.96913,1.00,1.00
2016.02.18 20:36:45.771,1.96873,1.96913,1.00,1.00
2016.02.18 20:36:46.462,1.96874,1.96913,1.12,1.00
2016.02.18 20:36:46.813,1.96875,1.96916,1.00,1.00
2016.02.18 20:36:46.863,1.96878,1.96916,1.37,1.00
2016.02.18 20:36:47.070,1.96878,1.96921,1.50,1.00
2016.02.18 20:36:47.377,1.96878,1.96917,1.00,1.00
2016.02.18 20:36:47.861,1.96878,1.96921,1.50,1.00
2016.02.18 20:36:47.911,1.96882,1.96924,1.00,1.00
2016.02.18 20:36:48.063,1.96891,1.96934,1.00,1.00
2016.02.18 20:36:48.566,1.96891,1.96934,1.00,1.87
2016.02.18 20:36:48.717,1.96886,1.96929,1.00,1.00
2016.02.18 20:36:49.072,1.96889,1.96932,1.00,1.12
2016.02.18 20:36:49.374,1.96883,1.96926,1.00,1.00
2016.02.18 20:36:49.676,1.96875,1.96918,1.00,1.00
2016.02.18 20:36:50.616,1.96879,1.96918,1.00,1.50
2016.02.18 20:36:50.921,1.96875,1.96918,1.12,1.00
2016.02.18 20:36:52.011,1.96879,1.96918,1.00,1.00
2016.02.18 20:36:53.540,1.96879,1.96922,1.50,1.00
2016.02.18 20:36:54.231,1.96879,1.96921,1.00,1.00
2016.02.18 20:36:54.432,1.96878,1.96918,1.00,1.00
2016.02.18 20:36:54.904,1.96876,1.96918,1.50,1.00
2016.02.18 20:36:55.662,1.96876,1.96917,1.50,1.00
2016.02.18 20:36:56.214,1.96876,1.96918,1.50,1.50
2016.02.18 20:36:58.525,1.96876,1.96917,1.00,1.00
2016.02.18 20:36:59.061,1.96876,1.96918,1.00,1.50
2016.02.18 20:36:59.592,1.96876,1.96917,1.00,1.00
2016.02.18 20:37:00.237,1.96876,1.96918,1.50,1.50
2016.02.18 20:37:01.812,1.96876,1.96916,1.00,1.00
2016.02.18 20:37:02.800,1.96876,1.96918,1.00,1.00
2016.02.18 20:37:03.639,1.96876,1.96917,1.00,1.00
2016.02.18 20:37:03.740,1.96872,1.96915,1.00,1.00
2016.02.18 20:37:04.965,1.96873,1.96914,1.00,1.00
2016.02.18 20:37:05.116,1.9687,1.9691,1.00,1.00
2016.02.18 20:37:05.621,1.96869,1.9691,1.50,1.00
2016.02.18 20:37:09.580,1.96871,1.9691,1.00,1.00
2016.02.18 20:37:09.853,1.96869,1.9691,2.25,1.00
2016.02.18 20:37:11.526,1.96871,1.9691,1.00,1.00
2016.02.18 20:37:11.691,1.96869,1.9691,1.50,1.00
2016.02.18 20:37:11.791,1.96871,1.9691,1.00,1.00
2016.02.18 20:37:12.885,1.96869,1.9691,1.00,1.00
2016.02.18 20:37:16.901,1.9687,1.9691,1.00,1.00
2016.02.18 20:37:17.002,1.96873,1.9691,1.00,1.00
2016.02.18 20:37:18.240,1.96869,1.9691,1.50,1.00
2016.02.18 20:37:18.341,1.96873,1.9691,1.00,1.00
2016.02.18 20:37:19.352,1.96872,1.9691,1.00,1.00
2016.02.18 20:37:19.403,1.9687,1.9691,1.00,1.00
2016.02.18 20:37:21.392,1.96873,1.9691,1.00,1.00
2016.02.18 20:37:24.801,1.96874,1.9691,1.00,1.00
2016.02.18 20:37:25.406,1.96874,1.96914,1.00,1.00
2016.02.18 20:37:26.583,1.96873,1.96914,1.00,1.00
2016.02.18 20:37:27.190,1.96874,1.96914,1.00,1.00
2016.02.18 20:37:27.732,1.96873,1.96914,1.50,1.00
2016.02.18 20:37:31.441,1.96874,1.96914,1.00,1.00
2016.02.18 20:37:31.954,1.96873,1.96914,1.00,1.00
2016.02.18 20:37:32.380,1.96874,1.96916,1.00,1.00
2016.02.18 20:37:32.708,1.96877,1.9692,1.37,1.00
2016.02.18 20:37:33.559,1.96883,1.9692,1.00,1.00
2016.02.18 20:37:33.610,1.96879,1.9692,1.00,1.00
2016.02.18 20:37:33.820,1.96883,1.9692,1.00,1.00
2016.02.18 20:37:34.124,1.96883,1.96923,1.00,1.00
2016.02.18 20:37:34.628,1.9688,1.9692,1.00,1.00
2016.02.18 20:37:34.807,1.96875,1.96918,1.00,1.12
2016.02.18 20:37:34.958,1.96872,1.96915,1.00,1.00
2016.02.18 20:37:40.167,1.9687,1.96912,1.50,1.00
2016.02.18 20:37:40.570,1.96875,1.96916,1.00,1.50
2016.02.18 20:37:42.726,1.96872,1.96913,1.00,1.00
2016.02.18 20:37:43.167,1.96868,1.96911,1.50,1.00
2016.02.18 20:37:43.850,1.96869,1.96911,1.00,1.00
2016.02.18 20:37:44.510,1.96868,1.96911,1.50,1.00
2016.02.18 20:37:45.110,1.96869,1.96911,1.50,1.00
2016.02.18 20:37:45.211,1.96873,1.96911,1.00,1.00
2016.02.18 20:37:45.312,1.96873,1.96915,1.00,1.00
2016.02.18 20:37:45.362,1.96876,1.96915,1.00,1.00
2016.02.18 20:37:45.413,1.96877,1.96917,1.00,1.00
2016.02.18 20:37:45.464,1.96879,1.9692,1.00,1.00
2016.02.18 20:37:45.667,1.96873,1.96915,1.50,1.00
2016.02.18 20:37:46.194,1.96874,1.96915,1.00,1.00
2016.02.18 20:37:46.700,1.96873,1.96915,1.00,1.00
2016.02.18 20:37:52.320,1.96878,1.96915,1.00,1.00
2016.02.18 20:37:52.430,1.96874,1.96915,1.00,1.00
2016.02.18 20:37:52.548,1.96878,1.96915,1.00,1.00
2016.02.18 20:37:52.650,1.96873,1.96915,1.50,1.00
2016.02.18 20:37:52.914,1.96873,1.96912,1.00,1.00
2016.02.18 20:37:53.304,1.96869,1.96905,1.00,1.00
2016.02.18 20:37:53.645,1.96873,1.96905,1.00,1.00
2016.02.18 20:37:54.892,1.96869,1.96905,1.00,1.00
2016.02.18 20:37:54.943,1.96869,1.96907,1.00,1.00
2016.02.18 20:37:55.094,1.96873,1.96907,1.00,1.00
2016.02.18 20:37:55.610,1.96874,1.96907,1.00,1.00
2016.02.18 20:37:55.761,1.96868,1.96905,1.50,1.00
2016.02.18 20:37:56.064,1.96863,1.96901,1.00,1.37
2016.02.18 20:37:56.115,1.96858,1.96901,1.00,1.37
2016.02.18 20:37:56.165,1.96855,1.96892,1.50,1.00
2016.02.18 20:37:56.379,1.9685,1.96892,1.00,1.00
2016.02.18 20:37:58.534,1.96849,1.96888,1.00,1.00
2016.02.18 20:37:59.037,1.96846,1.96885,1.00,1.00
2016.02.18 20:37:59.618,1.96845,1.96885,1.50,1.00
2016.02.18 20:37:59.719,1.96847,1.96889,1.00,1.00
2016.02.18 20:38:01.415,1.96844,1.96887,1.50,1.00
2016.02.18 20:38:04.429,1.96841,1.96882,1.00,1.00
2016.02.18 20:38:05.690,1.96843,1.96886,1.00,1.00
2016.02.18 20:38:06.199,1.96844,1.96885,1.00,1.00
2016.02.18 20:38:06.630,1.96836,1.96878,1.00,1.00
2016.02.18 20:38:06.731,1.96834,1.96875,1.00,1.00
2016.02.18 20:38:07.036,1.96837,1.96878,1.50,1.00
2016.02.18 20:38:07.160,1.9684,1.96882,1.00,1.00
2016.02.18 20:38:07.832,1.9684,1.96882,1.00,1.87
2016.02.18 20:38:07.882,1.96838,1.96878,1.00,1.00
2016.02.18 20:38:08.190,1.96835,1.96875,1.00,1.00
2016.02.18 20:38:14.005,1.9683,1.96873,1.00,1.00
2016.02.18 20:38:15.557,1.96827,1.96868,1.00,1.00
2016.02.18 20:38:18.485,1.96824,1.96865,1.50,1.00
2016.02.18 20:38:18.787,1.96823,1.96862,1.00,1.00
2016.02.18 20:38:18.888,1.96823,1.96866,1.50,1.00
2016.02.18 20:38:19.174,1.96828,1.96866,1.12,1.00
2016.02.18 20:38:19.224,1.96828,1.96871,1.87,1.00
2016.02.18 20:38:19.325,1.96832,1.96873,1.00,1.00
2016.02.18 20:38:19.758,1.96835,1.96876,1.00,1.00
2016.02.18 20:38:20.416,1.96831,1.96874,1.00,1.00
2016.02.18 20:38:21.496,1.96829,1.9687,1.00,1.00
2016.02.18 20:38:21.969,1.96831,1.96874,1.00,1.00
2016.02.18 20:38:24.604,1.96834,1.96874,1.00,1.00
2016.02.18 20:38:25.715,1.96835,1.96876,1.00,1.00
2016.02.18 20:38:33.470,1.96835,1.96872,1.00,1.00
2016.02.18 20:38:33.622,1.96831,1.96872,1.00,1.87
2016.02.18 20:38:33.723,1.96833,1.96872,1.00,1.37
2016.02.18 20:38:33.824,1.96831,1.96871,1.00,1.37
2016.02.18 20:38:33.875,1.96832,1.96868,1.00,1.00
2016.02.18 20:38:33.976,1.96829,1.96868,1.00,1.37
2016.02.18 20:38:34.511,1.96828,1.96868,1.00,1.00
2016.02.18 20:38:35.055,1.96829,1.96868,1.00,1.00
2016.02.18 20:38:35.675,1.96828,1.96868,1.00,1.00
2016.02.18 20:38:35.808,1.96828,1.96868,1.00,1.37
2016.02.18 20:38:37.462,1.96838,1.9687,1.00,1.37
2016.02.18 20:38:37.513,1.96838,1.96875,1.00,1.00
2016.02.18 20:38:37.614,1.96838,1.9688,1.00,1.00
2016.02.18 20:38:37.772,1.96843,1.9688,1.00,1.00
2016.02.18 20:38:38.136,1.96838,1.9688,1.00,1.00
2016.02.18 20:38:39.679,1.96839,1.9688,1.00,1.00
2016.02.18 20:38:40.539,1.96837,1.9688,1.00,1.00
2016.02.18 20:38:41.083,1.96838,1.9688,1.00,1.00
2016.02.18 20:38:45.722,1.96839,1.9688,1.00,1.00
2016.02.18 20:38:45.998,1.96842,1.96884,1.00,1.00
2016.02.18 20:38:46.513,1.96843,1.96884,1.00,1.00
2016.02.18 20:38:46.686,1.96845,1.96887,1.00,1.50
2016.02.18 20:38:48.021,1.96845,1.96887,1.00,1.37
2016.02.18 20:38:48.071,1.96844,1.96883,1.00,1.00
2016.02.18 20:38:48.122,1.96841,1.96883,1.00,1.00
2016.02.18 20:38:48.442,1.96837,1.96877,1.00,1.00
2016.02.18 20:38:49.020,1.96838,1.96877,1.50,1.00
2016.02.18 20:38:50.210,1.96837,1.96877,1.00,1.00
2016.02.18 20:38:53.439,1.96838,1.96881,1.50,1.00
2016.02.18 20:38:53.679,1.96838,1.96881,1.00,1.37
2016.02.18 20:38:53.981,1.96837,1.96877,1.00,1.00
2016.02.18 20:38:54.609,1.96838,1.96877,1.00,1.00
2016.02.18 20:38:55.809,1.96837,1.96877,1.00,1.00
2016.02.18 20:38:56.463,1.96836,1.96877,1.00,1.00
2016.02.18 20:38:57.190,1.96834,1.96873,1.00,1.37
2016.02.18 20:38:57.735,1.96834,1.96873,1.50,1.00
2016.02.18 20:38:58.267,1.96833,1.96873,1.50,1.00
2016.02.18 20:38:58.494,1.96833,1.96876,2.25,1.00
2016.02.18 20:38:59.055,1.96834,1.96876,1.00,1.00
2016.02.18 20:39:00.817,1.96837,1.9688,1.00,1.37
2016.02.18 20:39:01.335,1.96839,1.9688,1.00,1.50
2016.02.18 20:39:01.873,1.96838,1.9688,1.50,1.50
2016.02.18 20:39:03.195,1.96839,1.9688,1.00,1.50
2016.02.18 20:39:03.980,1.96837,1.9688,1.00,1.87
2016.02.18 20:39:04.084,1.96834,1.96874,1.00,1.00
2016.02.18 20:39:09.562,1.96837,1.96878,1.00,1.00
2016.02.18 20:39:10.549,1.96837,1.96877,1.00,1.00
2016.02.18 20:39:11.329,1.96839,1.96881,1.00,1.50
2016.02.18 20:39:11.735,1.96835,1.96878,1.00,1.00
2016.02.18 20:39:13.015,1.96838,1.96878,1.00,1.00
2016.02.18 20:39:13.116,1.96835,1.96878,1.00,1.00
2016.02.18 20:39:14.179,1.96838,1.96878,1.00,1.00
2016.02.18 20:39:14.658,1.96835,1.96878,1.00,1.00
2016.02.18 20:39:15.532,1.96838,1.96878,1.00,1.00
2016.02.18 20:39:15.959,1.9684,1.9688,1.00,1.00
2016.02.18 20:39:16.755,1.96843,1.9688,1.00,1.00
2016.02.18 20:39:18.042,1.96844,1.9688,1.00,1.00
2016.02.18 20:39:18.546,1.96843,1.9688,1.00,1.00
2016.02.18 20:39:19.078,1.96843,1.96878,1.00,1.00
2016.02.18 20:39:19.998,1.96843,1.9688,1.00,1.00
2016.02.18 20:39:20.778,1.96844,1.9688,1.00,1.00
2016.02.18 20:39:21.238,1.96843,1.96885,1.00,1.00
2016.02.18 20:39:22.237,1.96849,1.96885,1.00,1.00
2016.02.18 20:39:22.439,1.96848,1.96888,1.00,1.00
2016.02.18 20:39:22.540,1.96845,1.96888,1.00,1.00
2016.02.18 20:39:23.068,1.96843,1.96884,1.00,1.00
2016.02.18 20:39:23.220,1.96845,1.96887,1.00,1.00
2016.02.18 20:39:23.759,1.96843,1.96882,1.00,1.00
2016.02.18 20:39:24.129,1.96848,1.96882,1.00,1.00
2016.02.18 20:39:25.553,1.96849,1.96886,1.50,1.00
2016.02.18 20:39:25.724,1.96848,1.96891,2.25,1.00
2016.02.18 20:39:25.774,1.96853,1.96891,1.00,1.00
2016.02.18 20:39:25.976,1.96849,1.96891,1.00,1.00
2016.02.18 20:39:26.027,1.9685,1.96891,1.00,1.37
2016.02.18 20:39:26.329,1.96854,1.96891,1.00,1.37
2016.02.18 20:39:26.431,1.9685,1.96886,1.00,1.37
2016.02.18 20:39:26.482,1.9685,1.96882,1.00,1.00
2016.02.18 20:39:26.785,1.96849,1.96879,1.00,1.00
2016.02.18 20:39:29.330,1.96849,1.96882,1.00,1.00
2016.02.18 20:39:30.200,1.96849,1.96878,1.00,1.00
2016.02.18 20:39:30.301,1.96849,1.96882,1.00,1.00
2016.02.18 20:39:30.352,1.96843,1.96882,1.00,1.00
2016.02.18 20:39:30.561,1.96844,1.96879,1.00,1.00
2016.02.18 20:39:31.073,1.96843,1.96879,1.00,1.00
2016.02.18 20:39:34.743,1.96838,1.96879,1.50,1.00
2016.02.18 20:39:35.289,1.96839,1.96879,1.00,1.00
2016.02.18 20:39:36.419,1.96838,1.96879,1.00,1.00
2016.02.18 20:39:38.642,1.96839,1.96879,1.00,1.00
2016.02.18 20:39:39.116,1.96839,1.96875,1.00,1.00
2016.02.18 20:39:39.679,1.96838,1.96875,1.00,1.00
2016.02.18 20:39:40.511,1.96837,1.96875,1.00,1.00
2016.02.18 20:39:41.030,1.96838,1.96875,1.00,1.00
2016.02.18 20:39:41.676,1.96837,1.96875,1.00,1.00
2016.02.18 20:39:41.863,1.96839,1.96879,1.00,1.50
2016.02.18 20:39:41.914,1.96843,1.96879,1.00,1.00
2016.02.18 20:39:42.015,1.96843,1.96884,1.00,1.50
2016.02.18 20:39:43.009,1.96844,1.96884,1.00,1.00
2016.02.18 20:39:43.657,1.96843,1.96884,1.00,1.00
2016.02.18 20:39:44.473,1.96844,1.96884,1.00,1.00
2016.02.18 20:39:44.926,1.96841,1.96884,1.00,1.00
2016.02.18 20:39:44.976,1.96844,1.96887,1.00,1.50
2016.02.18 20:39:46.125,1.96841,1.96883,1.12,1.00
2016.02.18 20:39:48.884,1.96841,1.96883,1.00,1.37
2016.02.18 20:39:48.934,1.96835,1.96877,1.00,1.00
2016.02.18 20:39:50.889,1.96841,1.96881,1.00,1.37
2016.02.18 20:39:51.191,1.96849,1.96886,1.00,1.00
2016.02.18 20:39:51.292,1.96852,1.96892,1.00,1.50
2016.02.18 20:39:51.520,1.96855,1.96892,1.00,1.00
2016.02.18 20:39:57.607,1.96855,1.96894,1.00,1.00
2016.02.18 20:39:58.958,1.96855,1.96896,1.00,1.37
2016.02.18 20:39:59.181,1.96855,1.96896,1.00,1.37
2016.02.18 20:39:59.766,1.96851,1.96894,1.00,1.37
2016.02.18 20:40:00.220,1.96856,1.96897,1.00,1.37
2016.02.18 20:40:00.270,1.96856,1.96897,1.00,1.12
2016.02.18 20:40:00.485,1.96856,1.96899,1.00,1.00
2016.02.18 20:40:01.132,1.96856,1.96899,1.00,1.37
2016.02.18 20:40:01.571,1.9686,1.96899,1.00,1.00
2016.02.18 20:40:02.074,1.9686,1.96901,1.00,1.37
2016.02.18 20:40:02.125,1.96856,1.96899,1.00,1.37
2016.02.18 20:40:02.225,1.96856,1.96899,1.00,1.87
2016.02.18 20:40:02.276,1.96859,1.969,1.00,1.00
2016.02.18 20:40:04.496,1.96859,1.96901,1.00,1.37
2016.02.18 20:40:04.547,1.96859,1.969,1.00,1.00
2016.02.18 20:40:05.051,1.96859,1.96902,1.00,1.37
2016.02.18 20:40:05.269,1.96856,1.96898,1.00,1.37
2016.02.18 20:40:05.370,1.96856,1.96898,1.50,1.00
2016.02.18 20:40:05.421,1.9686,1.96902,1.00,1.37
2016.02.18 20:40:05.951,1.9686,1.96902,1.00,1.37
2016.02.18 20:40:06.052,1.9686,1.96902,1.00,1.00
2016.02.18 20:40:06.558,1.9686,1.96902,1.00,1.37
2016.02.18 20:40:06.980,1.96864,1.96905,1.00,1.37
2016.02.18 20:40:08.064,1.96864,1.96905,1.00,1.87
2016.02.18 20:40:09.070,1.96864,1.96905,1.00,1.37
2016.02.18 20:40:09.627,1.96864,1.96905,1.00,1.37
2016.02.18 20:40:10.502,1.96864,1.96905,1.00,1.37
2016.02.18 20:40:10.911,1.96864,1.96905,1.00,1.37
2016.02.18 20:40:11.429,1.96867,1.96909,1.00,1.37
2016.02.18 20:40:11.479,1.96869,1.96909,1.00,1.00
2016.02.18 20:40:11.580,1.9687,1.96913,1.00,1.00
2016.02.18 20:40:12.485,1.9687,1.96913,1.00,1.37
2016.02.18 20:40:12.535,1.96868,1.96909,1.00,1.00
2016.02.18 20:40:12.636,1.9687,1.96913,1.00,1.12
2016.02.18 20:40:13.803,1.96874,1.96915,1.00,1.37
2016.02.18 20:40:14.105,1.9687,1.96913,1.00,1.00
2016.02.18 20:40:14.447,1.96875,1.96915,1.00,1.50
2016.02.18 20:40:14.548,1.96871,1.96912,1.00,1.00
2016.02.18 20:40:14.699,1.96867,1.9691,1.00,1.00
2016.02.18 20:40:14.800,1.9687,1.96913,1.00,1.00
2016.02.18 20:40:15.316,1.9687,1.96913,1.00,1.37
2016.02.18 20:40:15.619,1.96867,1.96909,1.00,1.00
2016.02.18 20:40:16.504,1.96871,1.96914,1.00,1.37
2016.02.18 20:40:16.606,1.96871,1.96914,1.00,1.37
2016.02.18 20:40:17.107,1.96871,1.96914,1.00,1.50
2016.02.18 20:40:17.409,1.96875,1.96917,1.00,1.00
2016.02.18 20:40:17.712,1.96878,1.9692,1.00,1.12
2016.02.18 20:40:18.030,1.96875,1.96917,1.00,1.00
2016.02.18 20:40:18.332,1.96878,1.9692,1.00,1.00
2016.02.18 20:40:18.836,1.96878,1.9692,1.00,1.37
2016.02.18 20:40:18.937,1.96875,1.96917,1.00,1.00
2016.02.18 20:40:19.215,1.96878,1.9692,1.00,1.00
2016.02.18 20:40:19.539,1.96878,1.9692,1.00,1.37
2016.02.18 20:40:19.842,1.96876,1.96916,1.00,1.00
2016.02.18 20:40:20.169,1.96878,1.9692,1.00,1.00
2016.02.18 20:40:20.220,1.96882,1.96922,1.00,1.00
2016.02.18 20:40:20.416,1.96885,1.96928,1.00,1.00
2016.02.18 20:40:20.569,1.96885,1.96926,1.50,1.00
2016.02.18 20:40:20.670,1.96885,1.96928,1.50,1.00
2016.02.18 20:40:20.871,1.9689,1.9693,1.00,1.00
2016.02.18 20:40:21.904,1.9689,1.96929,1.00,1.00
2016.02.18 20:40:22.539,1.9689,1.96927,1.00,1.00
2016.02.18 20:40:22.791,1.96884,1.96922,1.00,1.00
2016.02.18 20:40:23.342,1.96884,1.96921,1.00,1.00
2016.02.18 20:40:23.443,1.96881,1.96921,1.00,1.00
2016.02.18 20:40:23.493,1.96878,1.96918,1.00,1.00
2016.02.18 20:40:23.695,1.96872,1.96915,1.00,1.00
2016.02.18 20:40:23.796,1.96869,1.96911,1.00,1.00
2016.02.18 20:40:24.128,1.96872,1.96914,1.50,1.00
2016.02.18 20:40:24.179,1.96876,1.96919,1.00,1.87
2016.02.18 20:40:24.615,1.96876,1.96919,1.00,1.37
2016.02.18 20:40:24.867,1.96876,1.96919,1.00,1.00
2016.02.18 20:40:25.236,1.96876,1.96919,1.00,1.37
2016.02.18 20:40:25.337,1.96876,1.96919,1.00,1.00
2016.02.18 20:40:26.219,1.96876,1.96919,1.00,1.37
2016.02.18 20:40:26.270,1.96874,1.96915,1.00,1.00
2016.02.18 20:40:27.696,1.96877,1.96919,1.00,1.12
2016.02.18 20:40:28.149,1.96881,1.96922,1.00,1.50
2016.02.18 20:40:28.603,1.96875,1.96917,1.00,1.00
2016.02.18 20:40:28.924,1.9688,1.9692,1.00,1.00
2016.02.18 20:40:29.202,1.96875,1.96917,1.00,1.00
2016.02.18 20:40:29.353,1.96878,1.9692,1.00,1.00
2016.02.18 20:40:31.410,1.96884,1.9692,1.00,1.00
2016.02.18 20:40:31.613,1.96878,1.9692,1.00,1.37
2016.02.18 20:40:31.770,1.96878,1.9692,1.00,1.00
2016.02.18 20:40:31.821,1.96875,1.96916,1.00,1.00
2016.02.18 20:40:31.872,1.96877,1.9692,1.00,1.37
2016.02.18 20:40:32.413,1.96877,1.9692,1.00,1.12
2016.02.18 20:40:32.569,1.9688,1.96921,1.00,1.00
2016.02.18 20:40:32.784,1.9688,1.96923,1.00,1.50
2016.02.18 20:40:33.148,1.9688,1.96921,1.00,1.00
2016.02.18 20:40:33.367,1.9688,1.96923,1.00,1.50
2016.02.18 20:40:34.036,1.9688,1.96922,1.50,1.00
2016.02.18 20:40:34.568,1.9688,1.96923,1.00,2.62
2016.02.18 20:40:34.672,1.96877,1.9692,1.00,1.00
2016.02.18 20:40:36.280,1.96877,1.9692,1.37,1.00
2016.02.18 20:40:36.862,1.96877,1.9692,1.50,1.00
2016.02.18 20:40:37.243,1.96879,1.9692,1.00,1.00
2016.02.18 20:40:37.344,1.96874,1.96916,1.00,1.00
2016.02.18 20:40:37.596,1.96866,1.96909,1.00,1.00
2016.02.18 20:40:38.059,1.9687,1.96913,1.00,1.00
2016.02.18 20:40:38.361,1.96867,1.96908,1.00,1.00
2016.02.18 20:40:38.615,1.96863,1.96905,1.00,1.00
2016.02.18 20:40:38.665,1.96867,1.96908,1.00,1.00
2016.02.18 20:40:39.833,1.96869,1.96912,1.00,1.00
2016.02.18 20:40:40.496,1.96869,1.96911,1.00,1.00
2016.02.18 20:40:40.879,1.96876,1.96917,1.00,1.12
2016.02.18 20:40:41.237,1.96876,1.96914,1.00,1.00
2016.02.18 20:40:41.288,1.9687,1.96913,1.00,1.37
2016.02.18 20:40:41.339,1.96868,1.96909,1.00,1.00
2016.02.18 20:40:41.446,1.96864,1.96906,1.00,1.00
2016.02.18 20:40:41.497,1.96863,1.96906,1.00,1.37
2016.02.18 20:40:41.548,1.96859,1.96902,1.00,1.00
2016.02.18 20:40:41.598,1.96858,1.96898,1.00,1.00
2016.02.18 20:40:42.110,1.96857,1.96898,1.00,1.00
2016.02.18 20:40:42.564,1.96861,1.96904,1.00,1.00
2016.02.18 20:40:43.107,1.96864,1.96907,1.00,1.00
2016.02.18 20:40:43.757,1.96867,1.9691,1.00,1.00
2016.02.18 20:40:44.065,1.96864,1.96905,1.00,1.12
2016.02.18 20:40:44.166,1.9686,1.96903,1.00,1.00
2016.02.18 20:40:44.217,1.96857,1.969,1.00,1.00
2016.02.18 20:40:44.570,1.9686,1.96903,1.00,1.00
2016.02.18 20:40:44.875,1.96857,1.96898,1.00,1.00
2016.02.18 20:40:45.027,1.9686,1.96903,1.00,1.00
2016.02.18 20:40:46.336,1.96861,1.96903,1.00,1.00
2016.02.18 20:40:46.437,1.96864,1.96905,1.00,1.00
2016.02.18 20:40:46.740,1.96864,1.96905,1.00,1.87
2016.02.18 20:40:46.841,1.96858,1.96901,1.00,1.00
2016.02.18 20:40:47.663,1.96862,1.96905,1.00,1.12
2016.02.18 20:40:48.217,1.96863,1.96904,1.00,1.00
2016.02.18 20:40:49.768,1.96862,1.96905,1.00,1.00
2016.02.18 20:40:50.222,1.96865,1.96908,1.00,1.50
2016.02.18 20:40:50.524,1.96863,1.96904,1.00,1.00
2016.02.18 20:40:50.693,1.96864,1.96907,1.00,1.00
2016.02.18 20:40:50.894,1.96864,1.96907,1.00,1.37
2016.02.18 20:40:50.995,1.96862,1.96903,1.00,1.00
2016.02.18 20:40:51.046,1.96865,1.96906,1.00,1.00
2016.02.18 20:40:51.197,1.96858,1.96901,1.00,1.00
2016.02.18 20:40:51.733,1.96859,1.96901,1.00,1.00
2016.02.18 20:40:52.146,1.96855,1.96898,1.00,1.00
2016.02.18 20:40:52.700,1.96855,1.96897,1.00,1.00
2016.02.18 20:40:52.902,1.96855,1.96897,1.00,1.87
2016.02.18 20:40:52.953,1.96852,1.96893,1.00,1.00
2016.02.18 20:40:53.004,1.96849,1.9689,1.00,1.00
2016.02.18 20:40:53.535,1.96849,1.9689,1.37,1.00
2016.02.18 20:40:53.787,1.96851,1.96894,1.12,1.50
2016.02.18 20:40:54.039,1.96851,1.96892,1.00,1.00
2016.02.18 20:40:54.341,1.96851,1.96892,1.37,1.00
2016.02.18 20:40:54.492,1.96851,1.96894,1.12,1.00
2016.02.18 20:40:54.593,1.96851,1.96892,1.37,1.00
2016.02.18 20:40:54.799,1.96851,1.96892,1.00,1.00
2016.02.18 20:40:55.472,1.96851,1.96892,1.37,1.00
2016.02.18 20:40:55.872,1.96851,1.96892,1.00,1.00
2016.02.18 20:40:55.973,1.96851,1.96892,1.37,1.00
2016.02.18 20:40:56.074,1.96851,1.96892,1.12,1.00
2016.02.18 20:40:56.576,1.96851,1.96892,1.37,1.00
2016.02.18 20:40:56.977,1.96851,1.96892,1.37,1.00
2016.02.18 20:40:57.077,1.96851,1.96892,1.12,1.00
2016.02.18 20:40:57.478,1.96851,1.96892,1.37,1.00
2016.02.18 20:40:57.964,1.96851,1.96892,1.00,1.00
2016.02.18 20:40:58.467,1.96851,1.96892,1.37,1.00
2016.02.18 20:40:58.975,1.96851,1.96892,1.00,1.00
2016.02.18 20:40:59.076,1.96851,1.96892,1.37,1.00
2016.02.18 20:40:59.668,1.96851,1.96891,1.37,1.00
2016.02.18 20:40:59.870,1.96854,1.96897,1.12,3.00
2016.02.18 20:40:59.921,1.96854,1.96897,1.37,2.25
2016.02.18 20:41:00.122,1.96854,1.96896,1.00,1.00
2016.02.18 20:41:00.425,1.96854,1.96895,1.37,1.00
2016.02.18 20:41:00.740,1.96854,1.96897,1.37,1.50
2016.02.18 20:41:01.051,1.96854,1.96897,1.37,1.50
2016.02.18 20:41:01.202,1.96854,1.96897,1.50,1.50
2016.02.18 20:41:01.845,1.96856,1.96897,1.00,1.50
2016.02.18 20:41:02.368,1.96856,1.96896,1.00,1.00
2016.02.18 20:41:02.898,1.96856,1.96897,1.00,1.50
2016.02.18 20:41:03.528,1.96856,1.96895,1.00,1.00
2016.02.18 20:41:04.417,1.96854,1.96895,1.37,1.00
2016.02.18 20:41:04.956,1.96857,1.96895,1.37,1.00
2016.02.18 20:41:06.349,1.96857,1.96894,1.37,1.00
2016.02.18 20:41:07.452,1.9686,1.96895,1.12,1.00
2016.02.18 20:41:07.659,1.96857,1.96895,1.00,1.00
2016.02.18 20:41:07.810,1.96854,1.96895,1.00,1.00
2016.02.18 20:41:08.250,1.96854,1.96895,1.37,1.00
2016.02.18 20:41:08.570,1.96857,1.96895,1.37,1.00
2016.02.18 20:41:08.880,1.96857,1.96894,1.37,1.00
2016.02.18 20:41:09.334,1.96857,1.96895,1.37,1.00
2016.02.18 20:41:09.874,1.96857,1.96894,1.37,1.00
2016.02.18 20:41:10.026,1.96857,1.96895,1.00,1.00
2016.02.18 20:41:10.127,1.96857,1.96892,1.00,1.00
2016.02.18 20:41:10.228,1.96857,1.96895,1.00,1.00
2016.02.18 20:41:10.688,1.96857,1.96891,1.50,1.00
2016.02.18 20:41:11.008,1.96857,1.96895,1.00,1.00
2016.02.18 20:41:11.533,1.96858,1.96894,1.00,1.00
2016.02.18 20:41:12.038,1.96857,1.96894,1.50,1.00
2016.02.18 20:41:12.837,1.96857,1.96895,1.37,1.00
2016.02.18 20:41:13.438,1.96857,1.96893,1.50,1.00
2016.02.18 20:41:14.358,1.96857,1.96894,1.00,1.00
2016.02.18 20:41:14.945,1.96857,1.96891,1.00,1.00
2016.02.18 20:41:15.712,1.96857,1.96893,1.00,1.00
2016.02.18 20:41:16.650,1.96857,1.96894,1.00,1.00
2016.02.18 20:41:16.700,1.96857,1.96892,1.00,1.00
2016.02.18 20:41:16.953,1.96857,1.96894,1.00,1.00
2016.02.18 20:41:17.054,1.96857,1.96891,1.00,1.00
2016.02.18 20:41:17.105,1.96853,1.96891,1.00,1.00
2016.02.18 20:41:17.256,1.96853,1.96894,1.00,1.00
2016.02.18 20:41:17.807,1.96854,1.96893,1.00,1.00
2016.02.18 20:41:18.009,1.96853,1.96891,1.00,1.00
2016.02.18 20:41:18.320,1.96856,1.96891,1.37,1.00
2016.02.18 20:41:18.371,1.96856,1.96894,1.37,1.00
2016.02.18 20:41:18.662,1.96856,1.96894,1.37,1.00
2016.02.18 20:41:19.365,1.96856,1.96891,1.37,1.00
2016.02.18 20:41:19.466,1.96856,1.96894,1.37,1.00
2016.02.18 20:41:19.568,1.96856,1.96894,1.00,1.00
2016.02.18 20:41:20.069,1.96856,1.96894,1.37,1.00
2016.02.18 20:41:20.617,1.96856,1.96894,1.00,1.00
2016.02.18 20:41:20.773,1.96856,1.96891,1.00,1.00
2016.02.18 20:41:21.307,1.96856,1.96892,1.00,1.00
2016.02.18 20:41:22.697,1.96856,1.96893,1.12,1.00
2016.02.18 20:41:24.569,1.96856,1.96892,1.00,1.00
2016.02.18 20:41:24.687,1.96854,1.96892,1.00,1.00
2016.02.18 20:41:25.407,1.96857,1.96892,1.00,1.00
2016.02.18 20:41:25.943,1.96857,1.96893,1.12,1.00
2016.02.18 20:41:28.114,1.96859,1.96892,1.00,1.00
2016.02.18 20:41:28.274,1.96856,1.96893,1.00,1.00
2016.02.18 20:41:29.167,1.96856,1.96892,1.00,1.00
2016.02.18 20:41:29.687,1.96856,1.96887,1.00,1.00
2016.02.18 20:41:30.109,1.96856,1.96891,1.00,1.00
2016.02.18 20:41:30.613,1.96856,1.96892,1.50,1.00
2016.02.18 20:41:31.519,1.96852,1.96892,1.00,1.00
2016.02.18 20:41:31.922,1.96852,1.96892,1.37,1.50
2016.02.18 20:41:32.232,1.96852,1.96887,1.37,1.00
2016.02.18 20:41:32.771,1.96852,1.96892,1.37,1.50
2016.02.18 20:41:34.903,1.96852,1.96892,1.00,1.00
2016.02.18 20:41:36.418,1.96852,1.96892,1.37,1.50
2016.02.18 20:41:38.479,1.96852,1.96891,1.37,1.00
2016.02.18 20:41:39.139,1.96852,1.96892,1.37,1.50
2016.02.18 20:41:39.441,1.96852,1.96887,1.37,1.00
2016.02.18 20:41:39.906,1.96852,1.96892,1.37,1.50
2016.02.18 20:41:40.791,1.96852,1.96887,1.37,1.00
2016.02.18 20:41:41.050,1.96852,1.9689,1.37,1.00
2016.02.18 20:41:41.302,1.96847,1.96888,1.00,1.00
2016.02.18 20:41:41.403,1.96838,1.96878,1.00,1.50
2016.02.18 20:41:41.555,1.96827,1.96868,1.00,1.00
2016.02.18 20:41:42.088,1.96827,1.96867,1.00,1.00
2016.02.18 20:41:44.232,1.96827,1.96866,1.00,1.00
2016.02.18 20:41:44.790,1.96827,1.96868,1.50,1.00
2016.02.18 20:41:45.136,1.9683,1.96873,1.00,1.00
2016.02.18 20:41:45.641,1.9683,1.96873,1.37,1.00
2016.02.18 20:41:45.844,1.96833,1.96875,1.00,1.00
2016.02.18 20:41:46.558,1.96833,1.96875,1.37,1.00
2016.02.18 20:41:46.615,1.96833,1.96875,1.37,1.00
2016.02.18 20:41:46.716,1.96833,1.96875,1.00,1.00
2016.02.18 20:41:46.766,1.9683,1.96871,1.12,1.00
2016.02.18 20:41:47.069,1.96826,1.96867,1.00,1.00
2016.02.18 20:41:47.635,1.96826,1.96867,1.37,1.00
2016.02.18 20:41:47.947,1.96826,1.96867,1.37,1.00
2016.02.18 20:41:48.119,1.96826,1.96866,1.37,1.00
2016.02.18 20:41:48.638,1.96826,1.96867,1.37,1.00
2016.02.18 20:41:49.259,1.96826,1.96868,1.37,1.00
2016.02.18 20:41:49.460,1.9683,1.96873,1.37,1.00
2016.02.18 20:41:49.511,1.9683,1.96871,1.37,1.00
2016.02.18 20:41:49.713,1.96835,1.96875,1.00,1.50
2016.02.18 20:41:50.570,1.96837,1.96875,1.00,1.00
2016.02.18 20:41:51.816,1.96837,1.96872,1.00,1.00
2016.02.18 20:41:51.917,1.96837,1.96874,1.37,1.00
2016.02.18 20:41:52.068,1.9684,1.96875,1.00,1.00
2016.02.18 20:41:52.587,1.9684,1.96874,1.00,1.00
2016.02.18 20:41:53.010,1.96837,1.96874,1.00,1.00
2016.02.18 20:41:55.056,1.96837,1.96875,1.37,1.00
2016.02.18 20:41:55.157,1.96842,1.96875,1.00,1.00
2016.02.18 20:41:55.460,1.96842,1.96874,1.37,1.00
2016.02.18 20:41:55.561,1.96842,1.96879,1.37,1.00
2016.02.18 20:41:55.612,1.96849,1.9688,1.00,1.00
2016.02.18 20:41:55.980,1.96849,1.96877,1.00,1.00
2016.02.18 20:41:56.343,1.96849,1.9688,1.00,1.00
2016.02.18 20:41:56.870,1.96844,1.9688,1.12,1.00
2016.02.18 20:41:57.432,1.96844,1.96879,1.00,1.00
2016.02.18 20:41:57.935,1.96844,1.9688,1.12,1.00
2016.02.18 20:41:58.851,1.96847,1.96879,1.12,1.00
2016.02.18 20:41:59.222,1.96844,1.9688,1.00,1.00
2016.02.18 20:42:00.300,1.96841,1.9688,1.00,1.00
2016.02.18 20:42:04.492,1.96843,1.96879,1.12,1.00
2016.02.18 20:42:04.895,1.96843,1.96886,1.37,2.25
2016.02.18 20:42:05.218,1.96843,1.96881,1.00,1.00
2016.02.18 20:42:05.369,1.96843,1.96886,1.00,1.50
2016.02.18 20:42:05.687,1.96843,1.96882,1.00,1.00
2016.02.18 20:42:07.303,1.9684,1.96881,1.00,1.00
2016.02.18 20:42:07.404,1.96835,1.96878,1.12,1.00
2016.02.18 20:42:07.908,1.96835,1.96878,1.37,1.00
2016.02.18 20:42:08.605,1.96835,1.96878,1.37,1.00
2016.02.18 20:42:09.122,1.96835,1.96878,1.37,1.00
2016.02.18 20:42:09.282,1.96839,1.96882,1.00,1.00
2016.02.18 20:42:09.434,1.96843,1.96884,1.00,1.00
2016.02.18 20:42:09.763,1.96851,1.96891,1.12,1.00
2016.02.18 20:42:09.915,1.96854,1.96896,1.00,1.00
2016.02.18 20:42:09.965,1.9685,1.96893,1.37,1.00
2016.02.18 20:42:10.016,1.9685,1.96893,1.12,1.00
2016.02.18 20:42:10.117,1.96854,1.96897,1.00,1.50
2016.02.18 20:42:10.419,1.96855,1.96895,1.00,1.00
2016.02.18 20:42:11.973,1.96851,1.96891,1.00,1.00
2016.02.18 20:42:12.322,1.96851,1.96891,1.00,1.87
2016.02.18 20:42:12.625,1.96851,1.96891,1.00,1.87
2016.02.18 20:42:12.726,1.96851,1.96891,1.00,1.87
2016.02.18 20:42:12.917,1.96847,1.96889,1.00,1.37
2016.02.18 20:42:13.658,1.96843,1.96885,1.00,1.00
2016.02.18 20:42:14.831,1.96839,1.96878,1.00,1.00
2016.02.18 20:42:15.337,1.96838,1.96878,1.00,1.00
2016.02.18 20:42:15.678,1.96841,1.96884,1.00,1.00
2016.02.18 20:42:15.780,1.96841,1.96881,1.00,1.00
2016.02.18 20:42:16.133,1.96838,1.96881,1.50,1.00
2016.02.18 20:42:16.677,1.96838,1.96876,1.00,1.00
2016.02.18 20:42:16.829,1.96838,1.96881,1.00,1.50
2016.02.18 20:42:17.332,1.96844,1.96886,1.00,1.00
2016.02.18 20:42:17.668,1.96847,1.96887,1.00,1.00
2016.02.18 20:42:18.127,1.96847,1.96887,1.37,1.00
2016.02.18 20:42:18.228,1.9685,1.96892,1.37,2.25
2016.02.18 20:42:18.329,1.9685,1.96892,1.00,1.87
2016.02.18 20:42:19.012,1.9685,1.96886,1.00,1.00
2016.02.18 20:42:19.062,1.96844,1.96886,1.00,1.00
2016.02.18 20:42:19.214,1.96841,1.96882,1.37,1.00
2016.02.18 20:42:19.264,1.96841,1.96882,1.12,1.00
2016.02.18 20:42:19.315,1.96844,1.96881,1.00,1.00
2016.02.18 20:42:19.365,1.96841,1.96881,1.00,1.00
2016.02.18 20:42:19.417,1.96841,1.96876,1.00,1.00
2016.02.18 20:42:19.528,1.96841,1.96882,1.00,1.00
2016.02.18 20:42:19.957,1.96841,1.96882,1.37,1.00
2016.02.18 20:42:20.243,1.96841,1.96882,1.12,1.00
2016.02.18 20:42:20.455,1.96844,1.96882,1.00,1.00
2016.02.18 20:42:20.506,1.96841,1.96882,1.12,1.00
2016.02.18 20:42:20.556,1.96841,1.96882,1.37,1.00
2016.02.18 20:42:20.970,1.96841,1.96882,1.00,1.00
2016.02.18 20:42:21.476,1.96841,1.96881,1.00,1.00
2016.02.18 20:42:21.933,1.96841,1.96881,1.37,1.00
2016.02.18 20:42:21.984,1.96841,1.96884,1.37,1.00
2016.02.18 20:42:22.213,1.96845,1.96887,1.00,1.50
2016.02.18 20:42:24.668,1.96845,1.96887,1.37,1.00
2016.02.18 20:42:25.207,1.96845,1.96887,1.37,1.00
2016.02.18 20:42:25.847,1.96845,1.96887,1.37,1.00
2016.02.18 20:42:25.898,1.96849,1.96891,1.12,1.50
2016.02.18 20:42:28.353,1.96849,1.96887,1.00,1.00
2016.02.18 20:42:28.454,1.96849,1.96891,1.00,1.00
2016.02.18 20:42:28.557,1.96853,1.96891,1.00,1.50
2016.02.18 20:42:28.988,1.96849,1.96891,1.00,1.00
2016.02.18 20:42:29.089,1.96851,1.96891,1.00,1.00
2016.02.18 20:42:29.190,1.96849,1.96891,1.00,1.00
2016.02.18 20:42:29.517,1.96851,1.96891,1.00,1.50
2016.02.18 20:42:30.058,1.96852,1.96892,1.00,1.00
2016.02.18 20:42:30.565,1.96848,1.9689,1.00,1.00
2016.02.18 20:42:30.969,1.9685,1.96892,1.00,1.00
2016.02.18 20:42:31.498,1.9685,1.96891,1.00,1.00
2016.02.18 20:42:33.066,1.96847,1.9689,1.00,1.00
2016.02.18 20:42:33.376,1.96847,1.9689,1.37,1.00
2016.02.18 20:42:33.908,1.96847,1.9689,1.37,1.00
2016.02.18 20:42:34.514,1.96847,1.9689,1.12,1.00
2016.02.18 20:42:35.023,1.96847,1.9689,1.37,1.00
2016.02.18 20:42:35.325,1.96851,1.96892,1.50,1.00
2016.02.18 20:42:35.628,1.96851,1.96894,1.50,1.50
2016.02.18 20:42:35.779,1.96851,1.96893,1.37,1.00
2016.02.18 20:42:36.080,1.96853,1.96893,1.00,1.00
2016.02.18 20:42:36.483,1.96852,1.96886,1.00,1.00
2016.02.18 20:42:36.685,1.96848,1.96886,1.00,1.00
2016.02.18 20:42:36.736,1.96845,1.96882,1.00,1.00
2016.02.18 20:42:36.988,1.96842,1.96882,1.00,1.50
2016.02.18 20:42:37.595,1.96839,1.96879,1.00,1.00
2016.02.18 20:42:39.718,1.96839,1.96879,1.87,1.00
2016.02.18 20:42:40.025,1.96841,1.96883,1.00,1.00
2016.02.18 20:42:40.660,1.96841,1.96882,1.00,1.00
2016.02.18 20:42:41.236,1.96841,1.96881,1.00,1.00
2016.02.18 20:42:41.438,1.96841,1.96883,1.00,1.00
2016.02.18 20:42:42.122,1.96841,1.96883,1.37,1.00
2016.02.18 20:42:42.654,1.96841,1.96882,1.00,1.00
2016.02.18 20:42:43.094,1.96843,1.96882,1.00,1.00
2016.02.18 20:42:43.627,1.96841,1.96882,1.00,1.00
2016.02.18 20:42:44.130,1.96841,1.96883,1.00,1.00
2016.02.18 20:42:45.160,1.96844,1.96883,1.00,1.00
2016.02.18 20:42:45.211,1.96844,1.96887,1.87,1.00
2016.02.18 20:42:45.312,1.96844,1.96887,1.87,1.00
2016.02.18 20:42:45.414,1.96847,1.9689,1.37,1.00
2016.02.18 20:42:46.449,1.96852,1.96893,1.00,1.00
2016.02.18 20:42:46.701,1.96848,1.96891,1.00,1.50
2016.02.18 20:42:48.052,1.96848,1.96891,1.37,1.50
2016.02.18 20:42:48.354,1.96848,1.96887,1.00,1.00
2016.02.18 20:42:48.607,1.96848,1.96891,1.37,1.00
2016.02.18 20:42:48.848,1.96848,1.96891,1.00,1.00
2016.02.18 20:42:48.948,1.96848,1.96891,1.37,1.00
2016.02.18 20:42:49.725,1.96848,1.96886,1.37,1.00
2016.02.18 20:42:50.901,1.96852,1.96891,1.12,1.00
2016.02.18 20:42:51.444,1.96848,1.96891,1.00,1.50
2016.02.18 20:42:52.045,1.96848,1.96891,1.37,1.00
2016.02.18 20:42:52.735,1.96848,1.96891,1.12,1.00
2016.02.18 20:42:52.855,1.96848,1.96891,1.37,1.00
2016.02.18 20:42:53.327,1.96848,1.96891,1.00,1.00
2016.02.18 20:42:54.457,1.96848,1.96891,1.37,1.00
2016.02.18 20:42:54.936,1.96848,1.96891,1.00,1.00
2016.02.18 20:42:55.559,1.96848,1.96891,1.37,1.50
2016.02.18 20:42:55.660,1.96848,1.96891,1.00,1.50
2016.02.18 20:42:55.761,1.96848,1.96891,1.37,1.50
2016.02.18 20:42:55.963,1.96848,1.96891,1.00,1.00
2016.02.18 20:42:56.064,1.96848,1.96886,1.00,1.00
2016.02.18 20:42:56.115,1.96846,1.96886,1.00,1.50
2016.02.18 20:42:56.836,1.96846,1.96886,1.37,1.50
2016.02.18 20:42:56.886,1.96849,1.96886,1.00,1.00
2016.02.18 20:42:57.618,1.96849,1.96889,1.00,1.00
2016.02.18 20:42:57.820,1.96845,1.96887,1.00,1.00
2016.02.18 20:42:58.616,1.96845,1.96886,1.00,1.00
2016.02.18 20:42:59.081,1.96845,1.96887,1.37,1.50
2016.02.18 20:42:59.870,1.96845,1.96887,1.00,1.00
2016.02.18 20:42:59.971,1.96848,1.9689,1.37,1.00
2016.02.18 20:43:00.274,1.96852,1.96895,1.37,1.00
2016.02.18 20:43:00.425,1.96856,1.96897,1.00,1.50
2016.02.18 20:43:01.477,1.96856,1.96896,1.00,1.00
2016.02.18 20:43:02.136,1.96859,1.96901,1.00,1.00
2016.02.18 20:43:02.406,1.96855,1.96898,1.00,1.00
2016.02.18 20:43:02.507,1.96858,1.96901,1.00,1.50
2016.02.18 20:43:02.975,1.96857,1.96897,1.00,1.00
2016.02.18 20:43:03.305,1.96857,1.969,1.00,1.00
2016.02.18 20:43:03.525,1.96857,1.96897,1.00,1.00
2016.02.18 20:43:04.117,1.96857,1.969,1.00,1.50
2016.02.18 20:43:04.528,1.96857,1.96897,1.00,1.00
2016.02.18 20:43:05.219,1.96857,1.969,1.00,1.50
2016.02.18 20:43:05.375,1.96861,1.96901,1.00,1.50
2016.02.18 20:43:07.595,1.96861,1.96896,1.00,1.00
2016.02.18 20:43:07.706,1.96861,1.96901,1.00,1.50
2016.02.18 20:43:11.596,1.96857,1.96898,1.00,1.00
2016.02.18 20:43:13.106,1.96857,1.96897,1.00,1.00
2016.02.18 20:43:13.157,1.9686,1.96897,1.00,1.00
2016.02.18 20:43:13.208,1.9686,1.96901,1.00,1.00
2016.02.18 20:43:13.447,1.96857,1.96897,1.00,1.00
2016.02.18 20:43:13.598,1.96854,1.96897,1.00,1.50
2016.02.18 20:43:13.649,1.9685,1.96889,1.00,1.00
2016.02.18 20:43:14.154,1.9685,1.96892,1.50,1.00
2016.02.18 20:43:14.711,1.9685,1.96891,1.50,1.00
2016.02.18 20:43:15.245,1.96851,1.9689,1.00,1.00
2016.02.18 20:43:17.054,1.9685,1.9689,1.00,1.00
2016.02.18 20:43:17.651,1.96851,1.96891,1.00,1.00
2016.02.18 20:43:17.904,1.96855,1.96891,1.00,1.00
2016.02.18 20:43:19.293,1.96855,1.96895,1.00,1.00
2016.02.18 20:43:19.651,1.96852,1.96892,1.00,1.00
2016.02.18 20:43:19.702,1.96849,1.9689,1.00,1.50
2016.02.18 20:43:19.752,1.96849,1.96887,1.00,1.12
2016.02.18 20:43:19.853,1.96844,1.96887,1.00,1.50
2016.02.18 20:43:19.954,1.96841,1.96881,1.00,1.00
2016.02.18 20:43:20.734,1.9684,1.96881,1.00,1.00
2016.02.18 20:43:23.457,1.96843,1.96884,1.00,1.00
2016.02.18 20:43:23.788,1.96846,1.96887,1.00,1.00
2016.02.18 20:43:24.594,1.96846,1.96886,1.00,1.00
2016.02.18 20:43:24.924,1.96846,1.96882,1.00,1.00
2016.02.18 20:43:25.478,1.96846,1.96881,1.00,1.00
2016.02.18 20:43:26.385,1.96846,1.96882,1.00,1.00
2016.02.18 20:43:26.688,1.96844,1.96877,1.00,1.00
2016.02.18 20:43:26.906,1.96844,1.96882,1.00,1.00
2016.02.18 20:43:27.527,1.96844,1.96881,1.00,1.00
2016.02.18 20:43:27.913,1.96844,1.96877,1.00,1.00
2016.02.18 20:43:27.964,1.96839,1.96877,1.00,1.00
2016.02.18 20:43:28.065,1.96836,1.96876,1.00,1.00
2016.02.18 20:43:29.174,1.96837,1.96876,1.00,1.00
2016.02.18 20:43:29.704,1.96836,1.96876,1.00,1.50
2016.02.18 20:43:30.208,1.96837,1.96877,1.00,1.00
2016.02.18 20:43:30.752,1.96836,1.96877,1.12,1.00
2016.02.18 20:43:32.827,1.96836,1.96879,1.00,1.00
2016.02.18 20:43:33.282,1.96834,1.96876,1.00,1.50
2016.02.18 20:43:33.783,1.96835,1.96876,1.00,1.50
2016.02.18 20:43:34.086,1.96834,1.96873,1.00,1.00
2016.02.18 20:43:34.637,1.96835,1.96873,1.00,1.00
2016.02.18 20:43:35.161,1.96834,1.96873,1.00,1.00
2016.02.18 20:43:35.318,1.9683,1.96873,1.00,1.00
2016.02.18 20:43:35.671,1.96829,1.96869,1.00,1.00
2016.02.18 20:43:36.843,1.96829,1.96872,1.50,1.00
2016.02.18 20:43:37.260,1.96833,1.96876,1.00,1.00
2016.02.18 20:43:37.666,1.96833,1.96872,1.00,1.00
2016.02.18 20:43:41.981,1.96833,1.96871,1.00,1.00
2016.02.18 20:43:42.233,1.96831,1.96871,1.00,1.50
2016.02.18 20:43:44.403,1.96833,1.96872,1.00,1.00
2016.02.18 20:43:46.065,1.96833,1.96871,1.00,1.00
2016.02.18 20:43:46.684,1.96833,1.96872,1.00,1.00
2016.02.18 20:43:47.012,1.96833,1.96866,1.00,1.00
2016.02.18 20:43:47.163,1.96833,1.96871,1.00,1.00
2016.02.18 20:43:47.730,1.96833,1.96872,1.00,1.00
2016.02.18 20:43:51.334,1.96839,1.96875,1.37,1.00
2016.02.18 20:43:51.385,1.96839,1.96878,1.87,1.00
2016.02.18 20:43:51.436,1.96842,1.96882,1.00,1.00
2016.02.18 20:43:51.788,1.96838,1.96881,1.12,1.50
2016.02.18 20:43:52.423,1.96838,1.96881,1.37,1.50
2016.02.18 20:43:52.710,1.96838,1.96881,1.00,1.50
2016.02.18 20:43:52.811,1.96841,1.96881,1.00,1.00
2016.02.18 20:43:54.304,1.96841,1.96882,1.00,1.00
2016.02.18 20:43:55.176,1.96841,1.96884,1.00,1.00
2016.02.18 20:43:55.615,1.96844,1.96884,1.00,1.50
2016.02.18 20:43:55.725,1.96845,1.96888,1.12,1.00
2016.02.18 20:43:59.325,1.96846,1.96888,1.00,1.00
2016.02.18 20:44:00.328,1.96845,1.96888,1.50,1.00
2016.02.18 20:44:00.479,1.96848,1.96888,1.00,1.00
2016.02.18 20:44:00.832,1.96849,1.96891,1.50,1.00
2016.02.18 20:44:02.675,1.96849,1.96892,1.50,1.50
2016.02.18 20:44:03.238,1.96849,1.96891,1.00,1.00
2016.02.18 20:44:03.739,1.96849,1.96892,1.00,2.25
2016.02.18 20:44:03.963,1.96849,1.96886,1.00,1.00
2016.02.18 20:44:04.014,1.96845,1.96886,1.50,1.00
2016.02.18 20:44:04.115,1.9684,1.96883,1.50,1.00
2016.02.18 20:44:04.165,1.9684,1.96879,1.00,1.00
2016.02.18 20:44:04.367,1.96836,1.96879,1.00,1.00
2016.02.18 20:44:06.810,1.96839,1.96882,1.00,1.00
2016.02.18 20:44:15.004,1.9684,1.96882,1.00,1.00
2016.02.18 20:44:15.137,1.96843,1.96886,1.00,1.00
2016.02.18 20:44:15.188,1.96846,1.96886,1.00,1.50
2016.02.18 20:44:15.289,1.96844,1.96886,1.12,1.50
2016.02.18 20:44:15.819,1.96845,1.96885,1.00,1.00
2016.02.18 20:44:16.466,1.96846,1.96885,1.00,1.00
2016.02.18 20:44:16.688,1.96843,1.96885,1.00,2.25
2016.02.18 20:44:16.739,1.96842,1.96883,1.00,1.00
2016.02.18 20:44:16.790,1.96838,1.9688,1.00,1.00
2016.02.18 20:44:16.841,1.96835,1.96875,1.00,1.00
2016.02.18 20:44:17.120,1.96835,1.96878,1.00,1.00
2016.02.18 20:44:19.174,1.96833,1.96874,1.50,1.00
2016.02.18 20:44:19.625,1.96833,1.96871,1.00,1.00
2016.02.18 20:44:19.726,1.96833,1.96874,1.50,1.00
2016.02.18 20:44:19.827,1.96829,1.96871,1.50,1.00
2016.02.18 20:44:20.385,1.96828,1.96871,1.00,1.00
2016.02.18 20:44:21.278,1.96831,1.96874,1.00,1.00
2016.02.18 20:44:22.450,1.96828,1.96871,1.00,1.00
2016.02.18 20:44:22.767,1.96824,1.96867,1.00,1.00
2016.02.18 20:44:24.236,1.96828,1.96871,1.00,1.00
2016.02.18 20:44:24.639,1.96831,1.96874,1.00,1.00
2016.02.18 20:44:28.116,1.96828,1.96869,1.00,1.00
2016.02.18 20:44:28.268,1.9683,1.96873,1.12,1.00
2016.02.18 20:44:28.872,1.96827,1.9687,1.37,1.00
2016.02.18 20:44:28.922,1.9683,1.96873,1.00,1.00
2016.02.18 20:44:29.165,1.96828,1.96869,1.00,1.00
2016.02.18 20:44:30.451,1.96828,1.96869,1.37,1.00
2016.02.18 20:44:30.753,1.96833,1.96873,1.12,1.00
2016.02.18 20:44:30.955,1.96836,1.96878,1.00,1.00
2016.02.18 20:44:31.481,1.96835,1.96878,1.00,1.00
2016.02.18 20:44:32.983,1.96835,1.96878,1.37,1.00
2016.02.18 20:44:33.099,1.96838,1.96881,1.00,1.00
2016.02.18 20:44:34.399,1.96842,1.96883,1.00,1.00
2016.02.18 20:44:35.309,1.96839,1.9688,1.00,1.00
2016.02.18 20:44:36.836,1.96842,1.96885,1.00,1.00
2016.02.18 20:44:37.830,1.96846,1.96885,1.00,1.00
2016.02.18 20:44:37.982,1.96846,1.96889,1.00,1.00
2016.02.18 20:44:38.729,1.96842,1.96885,1.00,1.00
2016.02.18 20:44:39.233,1.96842,1.96882,1.00,1.00
2016.02.18 20:44:40.030,1.96842,1.96885,1.00,1.00
2016.02.18 20:44:42.563,1.96846,1.96889,1.00,1.00
2016.02.18 20:44:43.661,1.96842,1.96885,1.00,1.00
2016.02.18 20:44:45.188,1.96846,1.96887,1.00,1.00
2016.02.18 20:44:48.086,1.96842,1.96882,1.00,1.00
2016.02.18 20:44:49.579,1.96844,1.96886,1.00,1.00
2016.02.18 20:44:53.296,1.96844,1.96886,1.37,1.00
2016.02.18 20:44:53.844,1.96844,1.96886,1.00,1.00
2016.02.18 20:44:55.515,1.96844,1.96886,1.37,1.00
2016.02.18 20:44:56.124,1.96844,1.96886,1.12,1.00
2016.02.18 20:44:56.325,1.96844,1.96886,1.37,1.00
2016.02.18 20:44:56.643,1.96844,1.96886,1.12,1.00
2016.02.18 20:44:57.283,1.96844,1.96886,1.37,1.00
2016.02.18 20:44:57.789,1.96844,1.96886,1.00,1.00
2016.02.18 20:44:59.109,1.96844,1.96886,1.37,1.00
2016.02.18 20:44:59.160,1.96847,1.96889,1.00,1.00
2016.02.18 20:45:01.232,1.96844,1.96886,1.00,1.00
2016.02.18 20:45:01.484,1.96834,1.96877,1.50,1.00
2016.02.18 20:45:02.233,1.96834,1.96877,1.87,1.00
2016.02.18 20:45:02.334,1.96836,1.96877,1.37,1.00
2016.02.18 20:45:02.486,1.96839,1.96879,1.12,1.00
2016.02.18 20:45:03.323,1.96841,1.96883,1.37,1.00
2016.02.18 20:45:03.425,1.96841,1.96883,1.87,1.00
2016.02.18 20:45:03.716,1.96846,1.96887,1.00,1.00
2016.02.18 20:45:04.303,1.9685,1.96891,1.00,2.25
2016.02.18 20:45:09.322,1.96852,1.96895,1.00,1.00
2016.02.18 20:45:12.132,1.96852,1.96891,1.00,1.00
2016.02.18 20:45:13.125,1.96852,1.96892,1.00,1.00
2016.02.18 20:45:13.868,1.96852,1.96891,1.00,1.00
2016.02.18 20:45:14.558,1.96849,1.9689,1.00,1.00
2016.02.18 20:45:15.562,1.96852,1.96891,1.00,1.00
2016.02.18 20:45:16.523,1.96852,1.96892,1.00,1.00
2016.02.18 20:45:16.826,1.96855,1.96895,1.00,1.00
2016.02.18 20:45:17.374,1.96855,1.96896,1.00,1.00
2016.02.18 20:45:21.273,1.96855,1.96897,1.00,1.00
2016.02.18 20:45:21.938,1.96855,1.96898,1.00,1.00
2016.02.18 20:45:23.683,1.96855,1.96897,1.00,1.00
2016.02.18 20:45:24.208,1.96855,1.96898,1.00,1.00
2016.02.18 20:45:25.774,1.96855,1.96897,1.00,1.00
2016.02.18 20:45:26.428,1.96855,1.96898,1.00,1.00
2016.02.18 20:45:39.602,1.96858,1.96898,1.00,1.00
2016.02.18 20:45:39.753,1.96855,1.96898,1.00,1.00
2016.02.18 20:45:40.143,1.96858,1.96898,1.50,1.00
2016.02.18 20:45:40.294,1.96861,1.96903,1.00,1.00
2016.02.18 20:45:41.306,1.96865,1.96905,1.00,1.00
2016.02.18 20:45:43.159,1.96861,1.96902,1.00,1.00
2016.02.18 20:45:43.411,1.96857,1.969,1.50,1.00
2016.02.18 20:45:44.002,1.96861,1.96902,1.00,1.00
2016.02.18 20:45:44.254,1.96857,1.969,1.50,1.00
2016.02.18 20:45:46.782,1.96858,1.969,1.00,1.00
2016.02.18 20:45:47.288,1.96857,1.969,1.50,1.00
2016.02.18 20:45:50.512,1.96861,1.96903,1.00,1.00
2016.02.18 20:45:51.742,1.96861,1.96902,1.00,1.00
2016.02.18 20:45:51.843,1.96858,1.969,1.00,1.00
2016.02.18 20:45:52.359,1.96861,1.96902,1.00,1.00
2016.02.18 20:45:52.662,1.96858,1.96901,1.00,1.00
2016.02.18 20:45:52.712,1.96861,1.96902,1.00,1.00
2016.02.18 20:45:52.813,1.96857,1.969,1.00,1.00
2016.02.18 20:45:53.261,1.9686,1.96902,1.00,1.00
2016.02.18 20:45:53.562,1.96858,1.96898,1.00,1.00
2016.02.18 20:45:54.497,1.96862,1.96902,1.00,1.50
2016.02.18 20:45:55.603,1.96858,1.96899,1.00,1.00
2016.02.18 20:45:56.222,1.96859,1.969,1.00,1.00
2016.02.18 20:45:58.101,1.96861,1.96904,1.00,1.00
2016.02.18 20:46:01.187,1.96861,1.96902,1.00,1.00
2016.02.18 20:46:02.193,1.96861,1.96904,1.00,1.00
2016.02.18 20:46:10.600,1.96864,1.96907,1.00,1.00
2016.02.18 20:46:11.388,1.96864,1.96906,1.00,1.00
2016.02.18 20:46:11.691,1.9686,1.96901,1.00,1.00
2016.02.18 20:46:14.032,1.96862,1.96905,1.00,1.00
2016.02.18 20:46:15.432,1.96862,1.96905,1.00,1.37
2016.02.18 20:46:15.921,1.96862,1.96902,1.00,1.00
2016.02.18 20:46:16.544,1.96862,1.96905,1.00,1.00
2016.02.18 20:46:22.182,1.9686,1.969,1.00,1.00
2016.02.18 20:46:22.786,1.96857,1.96898,1.00,1.00
2016.02.18 20:46:22.938,1.9686,1.96901,1.00,1.00
2016.02.18 20:46:23.278,1.96863,1.96902,1.00,1.00
2016.02.18 20:46:26.261,1.96863,1.96901,1.00,1.00
2016.02.18 20:46:27.520,1.96863,1.96905,1.00,1.00
2016.02.18 20:46:28.687,1.96863,1.96902,1.00,1.00
2016.02.18 20:46:28.839,1.96863,1.96905,1.00,1.00
2016.02.18 20:46:29.191,1.9686,1.96902,1.00,1.00
2016.02.18 20:46:29.890,1.96863,1.96905,1.00,1.00
2016.02.18 20:46:31.863,1.9686,1.96901,1.00,1.00
2016.02.18 20:46:38.151,1.96856,1.96898,1.00,1.00
2016.02.18 20:46:38.935,1.96853,1.96895,1.00,1.00
2016.02.18 20:46:43.773,1.96845,1.96887,1.00,1.00
2016.02.18 20:46:44.091,1.96841,1.96882,1.00,1.50
2016.02.18 20:46:44.292,1.96843,1.96886,1.00,1.00
2016.02.18 20:46:44.444,1.96843,1.96886,1.37,1.00
2016.02.18 20:46:44.746,1.96849,1.96889,1.00,1.00
2016.02.18 20:46:45.201,1.96851,1.96894,1.00,1.00
2016.02.18 20:46:46.370,1.96848,1.96891,1.00,1.00
2016.02.18 20:46:49.057,1.96851,1.96894,1.00,1.00
2016.02.18 20:46:52.208,1.96855,1.96898,1.00,1.00
2016.02.18 20:46:52.510,1.96871,1.96908,1.00,1.00
2016.02.18 20:46:52.738,1.96871,1.96912,1.00,1.00
2016.02.18 20:47:01.264,1.96873,1.96916,1.00,1.00
2016.02.18 20:47:01.365,1.96876,1.96919,1.00,1.00
2016.02.18 20:47:01.700,1.96888,1.96931,1.00,1.00
2016.02.18 20:47:02.004,1.96893,1.96935,1.00,1.00
2016.02.18 20:47:05.224,1.96893,1.96936,1.00,1.50
2016.02.18 20:47:05.821,1.96896,1.96936,1.00,1.00
2016.02.18 20:47:06.225,1.96894,1.96935,1.00,1.00
2016.02.18 20:47:06.628,1.96894,1.96933,1.00,1.00
2016.02.18 20:47:06.856,1.96882,1.96923,1.00,1.00
2016.02.18 20:47:07.057,1.96877,1.9692,1.00,1.00
2016.02.18 20:47:07.211,1.9688,1.96923,1.00,1.00
2016.02.18 20:47:07.515,1.9689,1.96931,1.00,1.00
2016.02.18 20:47:08.203,1.96895,1.96936,1.00,1.50
2016.02.18 20:47:08.733,1.96895,1.96935,1.00,1.00
2016.02.18 20:47:09.234,1.96895,1.96936,1.00,1.50
2016.02.18 20:47:10.288,1.96895,1.96932,1.00,1.00
2016.02.18 20:47:10.339,1.96891,1.96932,1.00,1.00
2016.02.18 20:47:10.731,1.96891,1.96934,1.00,1.00
2016.02.18 20:47:10.991,1.96891,1.96932,1.00,1.00
2016.02.18 20:47:11.203,1.96888,1.96931,1.00,1.00
2016.02.18 20:47:11.754,1.96888,1.9693,1.00,1.00
2016.02.18 20:47:11.856,1.96888,1.96926,1.00,1.00
2016.02.18 20:47:12.094,1.96883,1.96926,1.00,2.62
2016.02.18 20:47:12.324,1.96879,1.96922,1.00,1.00
2016.02.18 20:47:12.848,1.96879,1.96921,1.00,1.00
2016.02.18 20:47:13.585,1.96875,1.96918,1.00,1.00
2016.02.18 20:47:15.162,1.96882,1.96922,1.00,1.00
2016.02.18 20:47:15.263,1.96886,1.96927,1.00,1.00
2016.02.18 20:47:15.611,1.96886,1.96929,1.00,1.00
2016.02.18 20:47:16.161,1.96882,1.96925,1.00,1.00
2016.02.18 20:47:16.480,1.96885,1.96928,1.00,1.00
2016.02.18 20:47:18.449,1.96889,1.96931,1.00,1.50
2016.02.18 20:47:23.571,1.96885,1.96928,1.37,1.00
2016.02.18 20:47:23.782,1.96888,1.96931,1.00,1.50
2016.02.18 20:47:24.453,1.96892,1.96932,1.00,1.00
2016.02.18 20:47:24.974,1.96892,1.96935,1.12,1.00
2016.02.18 20:47:25.581,1.96895,1.96936,1.00,1.00
2016.02.18 20:47:25.887,1.96899,1.96937,1.00,1.00
2016.02.18 20:47:26.423,1.96899,1.96938,1.00,1.00
2016.02.18 20:47:26.777,1.96899,1.96936,1.00,1.00
2016.02.18 20:47:27.351,1.96899,1.96938,1.00,1.00
2016.02.18 20:47:27.920,1.96899,1.96937,1.00,1.50
2016.02.18 20:47:28.436,1.96899,1.96936,1.00,1.00
2016.02.18 20:47:29.058,1.96899,1.96938,1.00,1.00
2016.02.18 20:47:29.109,1.96899,1.9694,1.00,1.00
2016.02.18 20:47:29.880,1.96899,1.96936,1.00,1.00
2016.02.18 20:47:30.129,1.96899,1.9694,1.00,1.00
2016.02.18 20:47:30.519,1.96896,1.96937,1.00,1.00
2016.02.18 20:47:34.138,1.96892,1.96931,1.00,1.00
2016.02.18 20:47:34.442,1.96885,1.96921,1.00,1.00
2016.02.18 20:47:34.950,1.96885,1.96922,1.00,1.00
2016.02.18 20:47:35.384,1.96885,1.96927,1.00,1.50
2016.02.18 20:47:35.713,1.96888,1.96927,1.00,1.00
2016.02.18 20:47:36.265,1.96888,1.96926,1.00,1.00
2016.02.18 20:47:36.520,1.96888,1.9693,1.00,1.00
2016.02.18 20:47:37.103,1.96895,1.96936,1.00,1.50
2016.02.18 20:47:38.711,1.96891,1.96933,1.00,1.00
2016.02.18 20:47:40.101,1.96887,1.96928,1.00,1.00
2016.02.18 20:47:40.202,1.96883,1.96925,1.00,1.00
2016.02.18 20:47:40.555,1.96886,1.96928,1.00,1.00
2016.02.18 20:47:41.022,1.96889,1.96932,1.00,1.00
2016.02.18 20:47:41.073,1.96886,1.96929,1.00,1.00
2016.02.18 20:47:41.376,1.96883,1.96926,1.00,1.00
2016.02.18 20:47:41.678,1.96886,1.96929,1.00,1.00
2016.02.18 20:47:41.980,1.96894,1.96934,1.00,1.00
2016.02.18 20:47:44.230,1.96894,1.96926,1.12,1.00
2016.02.18 20:47:44.280,1.96888,1.96926,1.00,1.00
2016.02.18 20:47:44.331,1.96888,1.9693,1.00,1.50
2016.02.18 20:47:44.534,1.96891,1.96934,1.00,1.00
2016.02.18 20:47:45.132,1.96896,1.96937,1.00,1.00
2016.02.18 20:47:45.384,1.96896,1.96939,1.00,1.00
2016.02.18 20:47:46.409,1.96899,1.96942,1.00,1.00
2016.02.18 20:47:46.862,1.96902,1.96942,1.00,1.00
2016.02.18 20:47:47.165,1.96902,1.96936,1.00,1.00
2016.02.18 20:47:47.272,1.96896,1.96932,1.00,1.00
2016.02.18 20:47:48.153,1.96896,1.96937,1.00,1.00
2016.02.18 20:47:48.274,1.96896,1.96931,1.00,1.00
2016.02.18 20:47:48.849,1.96896,1.96932,1.00,1.00
2016.02.18 20:47:48.951,1.96896,1.96936,1.00,1.00
2016.02.18 20:47:49.130,1.96896,1.96932,1.00,1.00
2016.02.18 20:47:50.385,1.96896,1.96927,1.00,1.00
2016.02.18 20:47:50.486,1.9689,1.96927,1.00,1.00
2016.02.18 20:47:50.588,1.9689,1.96932,1.00,1.50
2016.02.18 20:47:50.790,1.9689,1.96927,1.00,1.00
2016.02.18 20:47:51.769,1.96894,1.96927,1.00,1.00
2016.02.18 20:47:51.820,1.96894,1.96935,1.00,1.00
2016.02.18 20:47:51.971,1.96894,1.96932,1.00,1.00
2016.02.18 20:47:52.535,1.96894,1.96933,1.00,1.00
2016.02.18 20:47:52.849,1.96894,1.96931,1.00,1.00
2016.02.18 20:47:53.168,1.96894,1.96926,1.00,1.00
2016.02.18 20:47:53.319,1.9689,1.96926,1.00,1.00
2016.02.18 20:47:54.017,1.96886,1.96922,1.00,1.00
2016.02.18 20:47:54.184,1.96883,1.96922,1.00,1.00
2016.02.18 20:47:54.441,1.96883,1.96925,1.00,1.00
2016.02.18 20:47:55.368,1.96883,1.96925,1.37,1.00
2016.02.18 20:47:55.419,1.96888,1.96927,1.00,1.00
2016.02.18 20:47:56.542,1.96888,1.96926,1.00,1.00
2016.02.18 20:47:56.593,1.96883,1.96924,1.00,1.00
2016.02.18 20:47:56.772,1.96879,1.96922,1.00,1.00
2016.02.18 20:47:57.281,1.96879,1.96921,1.00,1.00
2016.02.18 20:47:58.195,1.96879,1.96922,1.00,1.50
2016.02.18 20:47:58.471,1.96883,1.96922,1.00,1.00
2016.02.18 20:47:58.943,1.96883,1.96925,1.00,1.00
2016.02.18 20:47:59.357,1.96886,1.96927,1.00,1.00
2016.02.18 20:48:00.164,1.96886,1.96926,1.00,1.00
2016.02.18 20:48:00.485,1.96881,1.96917,1.00,1.00
2016.02.18 20:48:00.788,1.96881,1.96912,1.00,1.00
2016.02.18 20:48:01.299,1.96881,1.96911,1.00,1.00
2016.02.18 20:48:01.359,1.96881,1.96917,1.00,1.00
2016.02.18 20:48:02.102,1.96885,1.96917,1.00,1.00
2016.02.18 20:48:03.124,1.96885,1.96916,1.00,1.00
2016.02.18 20:48:04.133,1.96885,1.96917,1.00,1.00
2016.02.18 20:48:04.184,1.96881,1.96917,1.00,1.00
2016.02.18 20:48:04.235,1.96881,1.96912,1.00,1.00
2016.02.18 20:48:04.487,1.96881,1.96917,1.00,1.00
2016.02.18 20:48:04.858,1.96885,1.96917,1.00,1.00
2016.02.18 20:48:05.859,1.96883,1.96917,1.00,1.00
2016.02.18 20:48:05.910,1.96878,1.96917,1.00,1.00
2016.02.18 20:48:06.388,1.96875,1.96916,1.00,1.00
2016.02.18 20:48:06.700,1.96875,1.96912,1.00,1.00
2016.02.18 20:48:07.563,1.96875,1.96917,1.00,1.00
2016.02.18 20:48:08.050,1.96872,1.96914,1.00,1.00
2016.02.18 20:48:11.690,1.96876,1.96918,1.00,1.00
2016.02.18 20:48:12.391,1.96876,1.96917,1.00,1.00
2016.02.18 20:48:13.080,1.96876,1.96916,1.00,1.00
2016.02.18 20:48:13.181,1.96876,1.96918,1.00,1.00
2016.02.18 20:48:13.433,1.9688,1.96922,1.00,1.50
2016.02.18 20:48:13.936,1.9688,1.96921,1.00,1.00
2016.02.18 20:48:14.267,1.96883,1.96921,1.00,1.00
2016.02.18 20:48:14.777,1.96883,1.96922,1.00,1.00
2016.02.18 20:48:15.482,1.96883,1.96923,1.00,1.00
2016.02.18 20:48:15.757,1.96883,1.96925,1.00,1.00
2016.02.18 20:48:16.009,1.96883,1.96917,1.00,1.00
2016.02.18 20:48:16.060,1.96875,1.96917,1.00,1.50
2016.02.18 20:48:16.111,1.96874,1.96911,1.00,1.00
2016.02.18 20:48:16.212,1.96866,1.96904,1.00,1.00
2016.02.18 20:48:16.313,1.96861,1.96902,1.00,1.00
2016.02.18 20:48:16.363,1.96858,1.96898,1.00,1.00
2016.02.18 20:48:16.414,1.9686,1.96903,1.00,1.00
2016.02.18 20:48:16.465,1.9686,1.96903,1.37,1.00
2016.02.18 20:48:16.566,1.96864,1.96905,1.00,1.00
2016.02.18 20:48:16.824,1.96866,1.96909,1.12,1.00
2016.02.18 20:48:16.875,1.96871,1.96914,1.00,1.00
2016.02.18 20:48:17.379,1.96874,1.96917,1.00,1.00
2016.02.18 20:48:17.681,1.96878,1.96921,1.00,1.00
2016.02.18 20:48:18.789,1.96881,1.96924,1.00,1.00
2016.02.18 20:48:19.202,1.96886,1.96926,1.00,1.00
2016.02.18 20:48:19.393,1.9689,1.96933,1.00,1.50
2016.02.18 20:48:19.998,1.96887,1.96928,1.00,1.00
2016.02.18 20:48:20.200,1.96891,1.96933,1.00,1.00
2016.02.18 20:48:20.796,1.96895,1.96938,1.00,2.25
2016.02.18 20:48:21.502,1.96895,1.96938,1.00,1.37
2016.02.18 20:48:22.028,1.96895,1.96938,1.00,1.00
2016.02.18 20:48:22.129,1.96892,1.96935,1.00,1.00
2016.02.18 20:48:22.811,1.9689,1.96931,1.00,1.00
2016.02.18 20:48:22.912,1.96892,1.96935,1.00,1.00
2016.02.18 20:48:22.962,1.9689,1.96931,1.00,1.00
2016.02.18 20:48:23.063,1.96885,1.96928,1.00,1.00
2016.02.18 20:48:23.330,1.96888,1.96931,1.00,1.00
2016.02.18 20:48:23.884,1.96884,1.96927,1.00,1.00
2016.02.18 20:48:24.296,1.96888,1.96931,1.00,1.00
2016.02.18 20:48:24.625,1.96892,1.96933,1.00,1.00
2016.02.18 20:48:24.927,1.96895,1.96936,1.00,1.00
2016.02.18 20:48:25.230,1.96898,1.96939,1.00,1.50
2016.02.18 20:48:25.579,1.969,1.96939,1.00,1.00
2016.02.18 20:48:25.882,1.96904,1.96942,1.00,1.00
2016.02.18 20:48:25.933,1.96901,1.96942,1.00,1.50
2016.02.18 20:48:26.537,1.96904,1.96942,1.00,1.00
2016.02.18 20:48:27.086,1.96904,1.96941,1.00,1.00
2016.02.18 20:48:27.659,1.96904,1.96943,1.00,1.00
2016.02.18 20:48:28.461,1.96904,1.96942,1.00,1.00
2016.02.18 20:48:31.005,1.96904,1.96937,1.00,1.00
2016.02.18 20:48:31.106,1.96901,1.96937,1.00,1.00
2016.02.18 20:48:31.207,1.96901,1.96941,1.00,1.00
2016.02.18 20:48:31.430,1.96901,1.96937,1.00,1.00
2016.02.18 20:48:31.839,1.96901,1.96941,1.00,1.00
2016.02.18 20:48:32.055,1.96905,1.96941,1.00,1.00
2016.02.18 20:48:32.565,1.96905,1.96942,1.00,1.50
2016.02.18 20:48:33.203,1.96905,1.96941,1.00,1.00
2016.02.18 20:48:33.709,1.96905,1.96942,1.00,1.00
2016.02.18 20:48:34.040,1.96907,1.96942,1.00,1.00
2016.02.18 20:48:34.566,1.96907,1.96943,1.00,1.00
2016.02.18 20:48:35.024,1.9691,1.96943,1.00,1.00
2016.02.18 20:48:35.507,1.96905,1.96942,1.00,1.00
2016.02.18 20:48:35.831,1.96905,1.96947,1.00,1.00
2016.02.18 20:48:36.349,1.96905,1.96948,1.00,1.50
2016.02.18 20:48:36.629,1.96905,1.96946,1.00,1.00
2016.02.18 20:48:37.172,1.96905,1.96947,1.00,1.00
2016.02.18 20:48:37.676,1.96901,1.96942,1.00,1.00
2016.02.18 20:48:38.038,1.96901,1.96936,1.00,1.00
2016.02.18 20:48:38.554,1.96901,1.96942,1.00,1.00
2016.02.18 20:48:38.806,1.96901,1.96944,1.00,1.00
2016.02.18 20:48:38.857,1.96906,1.96946,1.00,1.00
2016.02.18 20:48:39.576,1.96909,1.96946,1.00,1.00
2016.02.18 20:48:39.778,1.96909,1.9695,1.00,1.00
2016.02.18 20:48:40.081,1.96912,1.96955,1.00,1.00
2016.02.18 20:48:40.132,1.96915,1.96958,1.00,1.00
2016.02.18 20:48:40.659,1.96915,1.96953,1.00,1.00
2016.02.18 20:48:40.710,1.96911,1.96953,1.00,1.00
2016.02.18 20:48:40.810,1.96912,1.96955,1.00,1.00
2016.02.18 20:48:41.282,1.96912,1.96952,1.00,1.00
2016.02.18 20:48:41.483,1.96909,1.96952,1.00,1.50
2016.02.18 20:48:42.235,1.96909,1.96947,1.00,1.00
2016.02.18 20:48:42.293,1.96901,1.96944,1.00,1.00
2016.02.18 20:48:42.444,1.96898,1.96941,1.00,1.00
2016.02.18 20:48:42.757,1.96895,1.96938,1.00,1.00
2016.02.18 20:48:43.238,1.96892,1.96933,1.00,1.00
2016.02.18 20:48:43.339,1.96888,1.96931,1.00,1.00
2016.02.18 20:48:43.390,1.96884,1.96927,1.37,1.00
2016.02.18 20:48:43.562,1.96884,1.96927,1.00,1.00
2016.02.18 20:48:44.160,1.96884,1.96927,1.37,1.00
2016.02.18 20:48:44.889,1.96884,1.96927,1.00,1.00
2016.02.18 20:48:45.789,1.96888,1.96929,1.00,1.00
2016.02.18 20:48:45.840,1.96883,1.96926,1.00,1.00
2016.02.18 20:48:45.891,1.96876,1.96918,1.50,1.00
2016.02.18 20:48:46.193,1.96863,1.96905,1.00,1.00
2016.02.18 20:48:47.275,1.96866,1.96909,1.00,1.00
2016.02.18 20:48:47.790,1.9687,1.96912,1.00,1.00
2016.02.18 20:48:47.992,1.96876,1.96919,1.00,1.00
2016.02.18 20:48:48.833,1.96876,1.96916,1.00,1.00
2016.02.18 20:48:48.934,1.96868,1.96911,1.00,1.00
2016.02.18 20:48:48.984,1.96868,1.96909,1.00,1.00
2016.02.18 20:48:49.035,1.96864,1.96906,1.00,1.00
2016.02.18 20:48:49.388,1.96864,1.96901,1.00,1.37
2016.02.18 20:48:49.594,1.9686,1.96901,1.00,1.37
2016.02.18 20:48:49.796,1.96855,1.96898,1.00,1.00
2016.02.18 20:48:49.897,1.96852,1.96895,1.12,1.00
2016.02.18 20:48:50.199,1.96858,1.96898,1.00,1.00
2016.02.18 20:48:50.720,1.96858,1.96897,1.00,1.00
2016.02.18 20:48:51.223,1.96858,1.96898,1.00,1.00
2016.02.18 20:48:51.808,1.96861,1.96902,1.00,1.50
2016.02.18 20:48:53.496,1.96863,1.96902,1.00,1.00
2016.02.18 20:48:53.748,1.96854,1.96895,1.37,1.00
2016.02.18 20:48:53.799,1.96858,1.96897,1.00,1.00
2016.02.18 20:48:53.900,1.96858,1.96899,1.00,1.00
2016.02.18 20:48:54.163,1.96855,1.96896,1.00,1.00
2016.02.18 20:48:54.365,1.96857,1.969,1.00,1.00
2016.02.18 20:48:54.916,1.96857,1.96899,1.00,1.00
2016.02.18 20:48:55.120,1.96855,1.96896,1.00,1.00
2016.02.18 20:48:56.670,1.96851,1.96892,1.00,1.00
2016.02.18 20:48:56.771,1.96854,1.96896,1.00,1.00
2016.02.18 20:48:58.050,1.96858,1.96897,1.00,1.50
2016.02.18 20:48:59.049,1.96858,1.96898,1.00,1.00
2016.02.18 20:49:01.169,1.96858,1.96899,1.50,1.50
2016.02.18 20:49:02.134,1.96859,1.96898,1.00,1.00
2016.02.18 20:49:02.437,1.96868,1.96905,1.00,1.00
2016.02.18 20:49:02.951,1.96872,1.96909,1.00,1.00
2016.02.18 20:49:03.001,1.96874,1.96912,1.00,1.00
2016.02.18 20:49:03.052,1.96876,1.96912,1.00,1.50
2016.02.18 20:49:03.301,1.96877,1.96918,1.00,1.00
2016.02.18 20:49:03.453,1.96877,1.96916,1.00,1.00
2016.02.18 20:49:03.604,1.96854,1.96896,1.00,1.50
2016.02.18 20:49:03.655,1.96854,1.96893,1.00,1.00
2016.02.18 20:49:03.706,1.9685,1.96893,1.50,1.00
2016.02.18 20:49:04.592,1.96847,1.9689,1.00,1.00
2016.02.18 20:49:07.680,1.96844,1.96887,1.50,1.00
2016.02.18 20:49:07.982,1.96842,1.96881,1.00,1.50
2016.02.18 20:49:08.183,1.96831,1.96873,1.00,1.00
2016.02.18 20:49:08.486,1.9683,1.9687,1.00,1.00
2016.02.18 20:49:08.687,1.96827,1.9687,1.00,1.00
2016.02.18 20:49:10.851,1.96827,1.9687,1.00,1.37
2016.02.18 20:49:10.952,1.96824,1.96867,1.00,1.00
2016.02.18 20:49:13.873,1.96829,1.9687,1.00,1.00
2016.02.18 20:49:15.075,1.96829,1.96869,1.00,1.00
2016.02.18 20:49:16.376,1.96831,1.96869,1.00,1.00
2016.02.18 20:49:16.427,1.96835,1.96875,1.00,1.00
2016.02.18 20:49:16.478,1.96837,1.96876,1.37,1.00
2016.02.18 20:49:16.579,1.96837,1.9688,1.37,1.00
2016.02.18 20:49:16.630,1.96842,1.96882,1.00,1.00
2016.02.18 20:49:17.009,1.96853,1.96891,1.00,1.00
2016.02.18 20:49:18.928,1.96853,1.9689,1.00,1.00
2016.02.18 20:49:19.230,1.96853,1.96894,1.00,1.00
2016.02.18 20:49:23.745,1.9685,1.9689,1.00,1.00
2016.02.18 20:49:24.569,1.96852,1.96894,1.00,1.00
2016.02.18 20:49:25.002,1.96857,1.96895,1.00,1.00
2016.02.18 20:49:25.318,1.96859,1.96895,1.00,1.00
2016.02.18 20:49:25.519,1.96862,1.96902,1.00,1.00
2016.02.18 20:49:25.870,1.96865,1.96902,1.00,1.00
2016.02.18 20:49:26.454,1.96865,1.96901,1.00,1.00
2016.02.18 20:49:26.771,1.96868,1.96902,1.00,1.00
2016.02.18 20:49:28.629,1.96868,1.96901,1.00,1.00
2016.02.18 20:49:29.131,1.96868,1.96902,1.00,1.00
2016.02.18 20:49:29.831,1.96872,1.96902,1.00,1.00
2016.02.18 20:49:30.184,1.96869,1.96902,1.00,1.00
2016.02.18 20:49:30.444,1.96872,1.96901,1.00,1.00
2016.02.18 20:49:30.545,1.96872,1.96906,1.00,1.00
2016.02.18 20:49:31.552,1.96875,1.96906,1.00,1.00
2016.02.18 20:49:31.653,1.96875,1.96911,1.00,1.00
2016.02.18 20:49:31.704,1.96878,1.96913,1.00,1.00
2016.02.18 20:49:31.975,1.96881,1.96919,1.00,1.00
2016.02.18 20:49:32.479,1.96881,1.9692,1.00,1.00
2016.02.18 20:49:33.087,1.96881,1.96919,1.00,1.00
2016.02.18 20:49:33.591,1.96881,1.9692,1.00,1.00
2016.02.18 20:49:34.124,1.96885,1.96919,1.00,1.00
2016.02.18 20:49:34.175,1.96885,1.96921,1.00,1.00
2016.02.18 20:49:34.427,1.96885,1.96925,1.00,1.50
2016.02.18 20:49:34.582,1.9688,1.96923,1.12,1.00
2016.02.18 20:49:34.632,1.96886,1.96924,1.00,1.00
2016.02.18 20:49:35.165,1.96886,1.96925,1.00,1.50
2016.02.18 20:49:39.766,1.96886,1.96923,1.00,1.00
2016.02.18 20:49:40.304,1.96886,1.96922,1.00,1.00
2016.02.18 20:49:42.223,1.96884,1.96922,1.00,1.00
2016.02.18 20:49:42.274,1.9688,1.96923,1.00,1.37
2016.02.18 20:49:42.374,1.96877,1.9692,1.00,1.00
2016.02.18 20:49:43.648,1.96882,1.96923,1.00,1.00
2016.02.18 20:49:43.749,1.96878,1.96921,1.00,1.00
2016.02.18 20:49:43.898,1.96881,1.96924,1.00,1.50
2016.02.18 20:49:44.710,1.96881,1.96923,1.00,1.00
2016.02.18 20:49:45.144,1.96885,1.96924,1.00,1.00
2016.02.18 20:49:46.488,1.96885,1.96926,1.00,1.00
2016.02.18 20:49:46.539,1.96881,1.96922,1.00,1.00
2016.02.18 20:49:46.590,1.96883,1.96926,1.00,1.00
2016.02.18 20:49:46.691,1.9688,1.96923,1.00,1.37
2016.02.18 20:49:46.792,1.96876,1.96919,1.00,1.12
2016.02.18 20:49:46.893,1.96872,1.96913,1.00,1.00
2016.02.18 20:49:47.296,1.96874,1.96917,1.00,1.00
2016.02.18 20:49:47.734,1.96878,1.96919,1.00,1.00
2016.02.18 20:49:48.521,1.96882,1.96925,1.00,1.00
2016.02.18 20:49:48.774,1.96885,1.96927,1.00,1.00
2016.02.18 20:49:49.294,1.96885,1.96928,1.00,1.00
2016.02.18 20:49:50.673,1.96889,1.96928,1.00,1.00
2016.02.18 20:49:51.026,1.96891,1.96929,1.00,1.00
2016.02.18 20:49:51.138,1.96891,1.96931,1.00,1.00
2016.02.18 20:49:51.774,1.96891,1.96932,1.00,1.00
2016.02.18 20:49:51.938,1.96894,1.96932,1.00,1.00
2016.02.18 20:49:52.128,1.96894,1.96936,1.37,1.00
2016.02.18 20:49:52.179,1.96897,1.96936,1.00,1.00
2016.02.18 20:49:52.481,1.96897,1.96932,1.00,1.00
2016.02.18 20:49:52.991,1.96897,1.96931,1.00,1.00
2016.02.18 20:49:53.041,1.96891,1.96931,1.00,1.00
2016.02.18 20:49:53.344,1.96887,1.9693,1.00,1.00
2016.02.18 20:49:54.219,1.9689,1.96932,1.00,1.00
2016.02.18 20:49:55.179,1.96887,1.9693,1.00,1.00
2016.02.18 20:49:56.753,1.96887,1.9693,1.37,1.00
2016.02.18 20:49:57.319,1.96891,1.96931,1.00,1.00
2016.02.18 20:49:57.634,1.9689,1.96927,1.00,1.00
2016.02.18 20:49:57.684,1.9689,1.96932,1.00,1.50
2016.02.18 20:49:58.189,1.9689,1.96931,1.37,1.00
2016.02.18 20:49:58.290,1.96893,1.96931,1.00,1.00
2016.02.18 20:49:58.820,1.96893,1.96932,1.00,1.00
2016.02.18 20:49:59.237,1.96893,1.96926,1.00,1.00
2016.02.18 20:49:59.696,1.96893,1.96932,1.00,1.00
2016.02.18 20:49:59.963,1.96896,1.96932,1.00,1.00
2016.02.18 20:50:01.175,1.96896,1.96929,1.00,1.00
2016.02.18 20:50:03.919,1.96893,1.96929,1.00,1.00
2016.02.18 20:50:05.487,1.96893,1.96928,1.00,1.00
2016.02.18 20:50:06.523,1.96893,1.96927,1.00,1.00
2016.02.18 20:50:07.028,1.96893,1.96929,1.00,1.00
2016.02.18 20:50:08.080,1.96893,1.96928,1.00,1.00
2016.02.18 20:50:08.620,1.96893,1.96929,1.00,1.00
2016.02.18 20:50:09.134,1.96893,1.96926,1.00,1.00
2016.02.18 20:50:09.339,1.96893,1.96929,1.00,1.00
2016.02.18 20:50:11.106,1.96893,1.96931,1.00,1.00
2016.02.18 20:50:11.218,1.96893,1.96927,1.00,1.00
2016.02.18 20:50:11.319,1.96893,1.96931,1.00,1.00
2016.02.18 20:50:11.369,1.96897,1.96931,1.00,1.00
2016.02.18 20:50:11.420,1.969,1.96937,1.00,2.25
2016.02.18 20:50:17.279,1.969,1.96936,1.00,1.00
2016.02.18 20:50:17.430,1.969,1.96942,1.61,1.00
2016.02.18 20:50:17.743,1.96912,1.96944,1.00,1.00
2016.02.18 20:50:18.187,1.96915,1.96944,1.00,1.00
2016.02.18 20:50:18.238,1.96915,1.96949,1.12,1.00
2016.02.18 20:50:18.288,1.96919,1.96949,1.00,1.00
2016.02.18 20:50:18.540,1.9693,1.96964,1.00,1.00
2016.02.18 20:50:19.391,1.96933,1.96964,1.00,1.00
2016.02.18 20:50:19.945,1.96936,1.96964,1.00,1.00
2016.02.18 20:50:20.901,1.96936,1.96963,1.00,1.00
2016.02.18 20:50:21.002,1.96936,1.96966,1.00,1.00
2016.02.18 20:50:21.510,1.96936,1.96967,1.00,1.00
2016.02.18 20:50:21.611,1.9694,1.96967,1.00,1.00
2016.02.18 20:50:21.712,1.9694,1.96973,1.37,1.00
2016.02.18 20:50:21.813,1.9694,1.96973,2.62,1.00
2016.02.18 20:50:21.951,1.96948,1.96981,1.00,1.00
2016.02.18 20:50:22.003,1.96954,1.96986,1.00,1.00
2016.02.18 20:50:22.155,1.96958,1.96997,1.00,1.50
2016.02.18 20:50:23.434,1.96958,1.96995,1.00,1.00
2016.02.18 20:50:23.843,1.96955,1.96996,1.00,1.87
2016.02.18 20:50:23.893,1.96955,1.96992,1.00,1.00
2016.02.18 20:50:24.298,1.96955,1.96987,1.00,1.00
2016.02.18 20:50:24.984,1.96955,1.96991,1.00,1.00
2016.02.18 20:50:25.135,1.96951,1.96991,1.00,1.12
2016.02.18 20:50:25.186,1.96951,1.96986,1.00,1.00
2016.02.18 20:50:26.101,1.96951,1.96987,1.00,1.00
2016.02.18 20:50:27.118,1.96951,1.96985,1.00,1.00
2016.02.18 20:50:27.619,1.96951,1.96984,1.00,1.00
2016.02.18 20:50:28.352,1.96947,1.96985,1.00,1.00
2016.02.18 20:50:28.454,1.96944,1.96985,1.00,1.00
2016.02.18 20:50:28.504,1.96944,1.96982,1.00,1.00
2016.02.18 20:50:28.756,1.96931,1.96972,1.00,1.00
2016.02.18 20:50:28.857,1.96927,1.9697,1.50,1.50
2016.02.18 20:50:29.059,1.96927,1.96967,1.50,1.00
2016.02.18 20:50:29.532,1.96931,1.96967,1.00,1.00
2016.02.18 20:50:30.020,1.96931,1.96971,1.00,1.00
2016.02.18 20:50:30.178,1.96931,1.96966,1.00,1.00
2016.02.18 20:50:30.699,1.96931,1.96962,1.00,1.00
2016.02.18 20:50:30.800,1.96931,1.96967,1.00,1.00
2016.02.18 20:50:31.159,1.96928,1.96962,1.00,1.00
2016.02.18 20:50:32.012,1.96928,1.96967,1.00,1.00
2016.02.18 20:50:32.113,1.96931,1.96967,1.00,1.00
2016.02.18 20:50:32.638,1.96931,1.96967,1.37,1.00
2016.02.18 20:50:32.963,1.96931,1.96961,1.00,1.00
2016.02.18 20:50:33.468,1.96931,1.96962,1.00,1.00
2016.02.18 20:50:33.569,1.96931,1.96967,1.00,1.00
2016.02.18 20:50:33.620,1.96926,1.96967,1.00,1.00
2016.02.18 20:50:34.755,1.96926,1.96969,1.37,1.00
2016.02.18 20:50:35.089,1.96935,1.96971,1.00,1.00
2016.02.18 20:50:35.438,1.96938,1.96971,1.00,1.00
2016.02.18 20:50:36.649,1.96934,1.96971,1.00,1.00
2016.02.18 20:50:36.941,1.96931,1.9697,1.00,1.00
2016.02.18 20:50:37.596,1.96931,1.96971,1.00,1.00
2016.02.18 20:50:38.191,1.96933,1.96971,1.00,1.00
2016.02.18 20:50:38.292,1.96931,1.96971,1.00,1.00
2016.02.18 20:50:38.524,1.96933,1.96971,1.00,1.00
2016.02.18 20:50:38.625,1.96931,1.96971,1.00,1.00
2016.02.18 20:50:38.987,1.96933,1.96971,1.00,1.00
2016.02.18 20:50:39.323,1.96938,1.9697,1.50,1.00
2016.02.18 20:50:39.475,1.96941,1.96975,1.00,1.00
2016.02.18 20:50:40.243,1.96944,1.96975,1.00,1.00
2016.02.18 20:50:40.779,1.96944,1.96976,1.00,1.00
2016.02.18 20:50:41.080,1.96949,1.96979,1.00,1.00
2016.02.18 20:50:41.182,1.96949,1.96983,1.00,1.00
2016.02.18 20:50:42.570,1.96948,1.96983,1.00,1.00
2016.02.18 20:50:44.214,1.96948,1.96982,1.00,1.00
2016.02.18 20:50:44.720,1.96949,1.96982,1.00,1.00
2016.02.18 20:50:45.454,1.96948,1.96983,1.50,1.00
2016.02.18 20:50:46.432,1.96948,1.96984,1.50,1.00
2016.02.18 20:50:48.431,1.96949,1.96984,1.00,1.00
2016.02.18 20:50:48.997,1.96949,1.96983,1.00,1.00
2016.02.18 20:50:49.158,1.96945,1.96983,1.00,1.00
2016.02.18 20:50:49.699,1.96945,1.96984,1.00,1.00
2016.02.18 20:50:50.091,1.96941,1.96984,1.00,1.50
2016.02.18 20:50:50.142,1.96941,1.96982,1.00,1.00
2016.02.18 20:50:50.243,1.96937,1.9698,1.00,1.00
2016.02.18 20:50:50.394,1.96934,1.96976,1.00,1.00
2016.02.18 20:50:51.059,1.96933,1.96976,1.50,1.00
2016.02.18 20:50:52.856,1.96934,1.96976,1.00,1.00
2016.02.18 20:50:55.407,1.96934,1.9697,1.00,1.00
2016.02.18 20:50:55.930,1.96934,1.96969,1.50,1.00
2016.02.18 20:50:56.434,1.96934,1.9697,1.50,1.00
2016.02.18 20:50:56.955,1.96934,1.96969,1.00,1.00
2016.02.18 20:50:58.347,1.96934,1.9697,1.00,1.00
2016.02.18 20:50:59.997,1.96933,1.9697,1.00,1.00
2016.02.18 20:51:00.621,1.96933,1.96969,1.00,1.00
2016.02.18 20:51:01.125,1.96933,1.9697,1.37,1.00
2016.02.18 20:51:01.427,1.96936,1.9697,1.00,1.00
2016.02.18 20:51:01.528,1.96933,1.9697,1.00,1.00
2016.02.18 20:51:02.267,1.96932,1.9697,1.00,1.00
2016.02.18 20:51:03.010,1.96937,1.9697,1.00,1.00
2016.02.18 20:51:03.549,1.96937,1.96969,1.00,1.00
2016.02.18 20:51:04.075,1.96937,1.9697,1.00,1.00
2016.02.18 20:51:04.160,1.96933,1.9697,1.00,1.00
2016.02.18 20:51:06.844,1.96933,1.96969,1.00,1.00
2016.02.18 20:51:06.945,1.9693,1.9697,1.00,1.00
2016.02.18 20:51:07.047,1.9693,1.96967,1.00,1.00
2016.02.18 20:51:08.000,1.96933,1.96967,1.00,1.00
2016.02.18 20:51:08.586,1.96934,1.96967,1.00,1.00
2016.02.18 20:51:10.526,1.96933,1.96967,1.50,1.00
2016.02.18 20:51:12.800,1.96933,1.96967,1.87,1.00
2016.02.18 20:51:13.307,1.96936,1.96967,1.00,1.00
2016.02.18 20:51:13.357,1.96933,1.96967,1.00,1.00
2016.02.18 20:51:16.390,1.96932,1.96967,1.00,1.00
2016.02.18 20:51:16.492,1.96934,1.96967,1.00,1.00
2016.02.18 20:51:17.037,1.96933,1.96967,1.00,1.00
2016.02.18 20:51:17.207,1.96933,1.96971,1.00,1.00
2016.02.18 20:51:19.032,1.96933,1.9697,1.00,1.00
2016.02.18 20:51:19.575,1.96934,1.96971,1.00,1.00
2016.02.18 20:51:25.161,1.96933,1.96971,1.00,1.00
2016.02.18 20:51:25.491,1.96939,1.96971,1.00,1.50
2016.02.18 20:51:25.604,1.96933,1.96971,1.00,1.50
2016.02.18 20:51:26.058,1.96929,1.96971,1.00,1.00
2016.02.18 20:51:26.479,1.96933,1.96971,1.00,1.00
2016.02.18 20:51:27.167,1.96933,1.96972,1.00,1.00
2016.02.18 20:51:28.718,1.96929,1.96972,1.00,1.50
2016.02.18 20:51:28.769,1.96929,1.96969,1.00,1.00
2016.02.18 20:51:29.295,1.96928,1.96968,1.00,1.00
2016.02.18 20:51:30.022,1.96929,1.96968,1.00,1.00
2016.02.18 20:51:30.576,1.96928,1.96969,1.00,2.25
2016.02.18 20:51:32.987,1.96934,1.96969,1.00,1.50
2016.02.18 20:51:33.289,1.96934,1.96975,1.00,1.50
2016.02.18 20:51:33.340,1.96938,1.96975,1.00,1.00
2016.02.18 20:51:33.541,1.96946,1.96987,1.00,1.00
2016.02.18 20:51:33.765,1.96949,1.96986,1.00,1.00
2016.02.18 20:51:34.268,1.96949,1.96987,1.00,1.00
2016.02.18 20:51:34.369,1.96955,1.96994,1.00,1.00
2016.02.18 20:51:34.420,1.96957,1.96994,1.00,1.00
2016.02.18 20:51:34.571,1.96954,1.96994,1.00,1.00
2016.02.18 20:51:36.517,1.96954,1.96993,1.00,1.00
2016.02.18 20:51:38.180,1.96954,1.96995,1.00,1.50
2016.02.18 20:51:38.705,1.96953,1.96996,1.50,1.00
2016.02.18 20:51:38.907,1.96953,1.96991,1.00,1.00
2016.02.18 20:51:38.957,1.96949,1.96991,1.00,1.00
2016.02.18 20:51:39.109,1.96949,1.96991,1.00,1.37
2016.02.18 20:51:39.159,1.96945,1.96988,1.00,1.37
2016.02.18 20:51:39.679,1.96945,1.96988,1.00,1.00
2016.02.18 20:51:39.986,1.96942,1.96982,1.00,1.00
2016.02.18 20:51:40.540,1.96938,1.96979,1.00,1.00
2016.02.18 20:51:40.749,1.96933,1.96975,1.00,1.00
2016.02.18 20:51:40.900,1.96931,1.96971,1.00,1.37
2016.02.18 20:51:41.076,1.96922,1.96964,1.00,1.00
2016.02.18 20:51:41.127,1.96918,1.96961,1.00,1.00
2016.02.18 20:51:43.131,1.96915,1.96957,1.00,1.00
2016.02.18 20:51:44.318,1.9691,1.96952,1.50,1.00
2016.02.18 20:51:44.620,1.96909,1.96949,1.00,1.00
2016.02.18 20:51:45.137,1.96908,1.96949,1.00,1.00
2016.02.18 20:51:45.842,1.96913,1.96954,1.00,1.00
2016.02.18 20:51:46.227,1.9691,1.96951,1.00,1.00
2016.02.18 20:51:46.955,1.96914,1.96951,1.00,1.00
2016.02.18 20:51:47.106,1.9691,1.96951,1.00,1.00
2016.02.18 20:51:48.599,1.9691,1.96946,1.00,1.00
2016.02.18 20:51:48.750,1.96908,1.96946,1.00,1.00
2016.02.18 20:51:49.060,1.96908,1.96949,1.00,1.00
2016.02.18 20:51:49.414,1.96906,1.96949,1.00,1.00
2016.02.18 20:51:49.616,1.96903,1.96946,1.50,1.00
2016.02.18 20:51:49.923,1.96903,1.96946,1.00,1.37
2016.02.18 20:51:50.861,1.96903,1.96946,1.00,1.00
2016.02.18 20:51:55.655,1.96903,1.9694,1.50,1.00
2016.02.18 20:51:56.697,1.969,1.9694,1.00,1.00
2016.02.18 20:51:57.504,1.96899,1.96938,1.50,1.00
2016.02.18 20:51:58.026,1.96899,1.96938,1.00,1.37
2016.02.18 20:51:58.649,1.969,1.96938,1.00,1.12
2016.02.18 20:52:00.584,1.96899,1.96938,1.00,1.00
2016.02.18 20:52:02.996,1.969,1.9694,1.00,1.00
2016.02.18 20:52:03.272,1.96903,1.96939,1.00,1.00
2016.02.18 20:52:03.373,1.96906,1.96945,1.00,1.00
2016.02.18 20:52:04.569,1.96908,1.96944,1.00,1.00
2016.02.18 20:52:04.674,1.96908,1.96949,1.00,1.00
2016.02.18 20:52:04.786,1.96911,1.9695,1.00,1.00
2016.02.18 20:52:06.538,1.96908,1.96949,1.50,1.00
2016.02.18 20:52:07.047,1.96908,1.96949,1.50,1.37
2016.02.18 20:52:07.278,1.96908,1.96949,1.00,1.37
2016.02.18 20:52:07.328,1.96903,1.96946,1.50,1.37
2016.02.18 20:52:07.480,1.96901,1.96943,1.37,1.00
2016.02.18 20:52:07.788,1.9691,1.96949,1.00,1.00
2016.02.18 20:52:08.393,1.9691,1.9695,1.00,1.00
2016.02.18 20:52:08.702,1.96913,1.96955,1.00,1.00
2016.02.18 20:52:08.802,1.96917,1.96955,1.00,1.00
2016.02.18 20:52:09.306,1.96917,1.96956,1.00,1.00
2016.02.18 20:52:09.606,1.96912,1.96955,1.00,1.87
2016.02.18 20:52:09.707,1.96912,1.96955,1.00,1.87
2016.02.18 20:52:09.758,1.96908,1.96948,1.00,1.12
2016.02.18 20:52:09.939,1.96899,1.96942,1.00,1.00
2016.02.18 20:52:10.421,1.96899,1.96942,1.37,1.00
2016.02.18 20:52:10.523,1.96904,1.96947,1.00,1.00
2016.02.18 20:52:10.674,1.96904,1.96942,1.00,1.00
2016.02.18 20:52:10.825,1.96891,1.96932,1.50,1.00
2016.02.18 20:52:11.687,1.96892,1.96932,1.00,1.12
2016.02.18 20:52:11.888,1.96888,1.9693,1.00,1.12
2016.02.18 20:52:11.939,1.96885,1.96924,1.00,1.00
2016.02.18 20:52:12.091,1.96881,1.96924,1.00,1.87
2016.02.18 20:52:12.192,1.96879,1.9692,1.00,1.00
2016.02.18 20:52:12.344,1.96879,1.96917,1.00,1.00
2016.02.18 20:52:12.741,1.96879,1.9692,1.50,1.00
2016.02.18 20:52:13.244,1.96875,1.96918,1.00,1.00
2016.02.18 20:52:13.295,1.96874,1.9691,1.00,1.00
2016.02.18 20:52:13.547,1.96873,1.96914,1.50,1.00
2016.02.18 20:52:15.196,1.96873,1.96914,1.50,1.37
2016.02.18 20:52:15.398,1.96873,1.96915,1.00,1.00
2016.02.18 20:52:19.000,1.96872,1.96915,1.00,1.50
2016.02.18 20:52:19.151,1.96873,1.96911,1.00,1.00
2016.02.18 20:52:19.866,1.9687,1.96911,1.50,1.00
2016.02.18 20:52:20.370,1.9687,1.96908,1.00,1.00
2016.02.18 20:52:20.942,1.96871,1.96908,1.00,1.00
2016.02.18 20:52:21.472,1.9687,1.96908,1.00,1.00
2016.02.18 20:52:23.046,1.96871,1.96908,1.00,1.00
2016.02.18 20:52:23.624,1.9687,1.96908,1.00,1.00
2016.02.18 20:52:23.725,1.96866,1.96908,1.00,1.00
2016.02.18 20:52:23.776,1.96865,1.96905,1.12,1.00
2016.02.18 20:52:24.080,1.9686,1.969,1.00,1.00
2016.02.18 20:52:24.383,1.96851,1.9689,1.00,1.00
2016.02.18 20:52:24.887,1.9685,1.9689,1.00,1.00
2016.02.18 20:52:27.952,1.96849,1.9689,1.00,1.00
2016.02.18 20:52:28.254,1.96844,1.96885,1.50,1.00
2016.02.18 20:52:28.556,1.96843,1.96882,1.00,1.00
2016.02.18 20:52:29.117,1.96844,1.96886,1.50,1.37
2016.02.18 20:52:30.259,1.96844,1.96886,1.00,1.00
2016.02.18 20:52:30.310,1.96848,1.96889,1.00,1.00
2016.02.18 20:52:31.044,1.96848,1.96889,1.00,1.37
2016.02.18 20:52:31.678,1.96844,1.96887,1.00,1.37
2016.02.18 20:52:32.206,1.96844,1.96887,1.00,1.00
2016.02.18 20:52:32.386,1.96841,1.96884,1.00,1.37
2016.02.18 20:52:32.487,1.96844,1.96887,1.00,1.00
2016.02.18 20:52:32.650,1.96851,1.96893,1.00,1.12
2016.02.18 20:52:36.776,1.96851,1.96894,1.00,1.37
2016.02.18 20:52:39.596,1.96848,1.96889,1.00,1.12
2016.02.18 20:52:39.937,1.96844,1.96885,1.00,1.00
2016.02.18 20:52:40.498,1.96841,1.96882,1.00,1.00
2016.02.18 20:52:40.800,1.96845,1.96886,1.00,1.00
2016.02.18 20:52:44.795,1.96842,1.96883,1.00,1.00
2016.02.18 20:52:45.498,1.9684,1.9688,1.00,1.00
2016.02.18 20:52:45.699,1.9684,1.96882,1.00,1.00
2016.02.18 20:52:45.800,1.96839,1.96882,1.37,1.00
2016.02.18 20:52:45.851,1.96842,1.96885,1.12,1.00
2016.02.18 20:52:46.528,1.96846,1.96889,1.00,1.87
2016.02.18 20:52:47.795,1.96846,1.96889,1.00,1.37
2016.02.18 20:52:47.848,1.96843,1.96884,1.00,1.00
2016.02.18 20:53:01.204,1.96845,1.96888,1.00,1.12
2016.02.18 20:53:01.825,1.96846,1.96888,1.00,1.12
2016.02.18 20:53:06.317,1.96845,1.96888,1.50,1.12
2016.02.18 20:53:09.064,1.96845,1.96883,1.50,1.00
2016.02.18 20:53:09.165,1.9684,1.9688,1.00,1.00
2016.02.18 20:53:09.701,1.96839,1.9688,1.00,1.00
2016.02.18 20:53:12.366,1.9684,1.9688,1.00,1.00
2016.02.18 20:53:12.518,1.96842,1.96883,1.00,1.37
2016.02.18 20:53:12.774,1.96848,1.96889,1.00,1.00
2016.02.18 20:53:13.783,1.96851,1.96892,1.00,1.00
2016.02.18 20:53:13.834,1.96851,1.96894,1.00,1.00
2016.02.18 20:53:14.363,1.96856,1.96899,1.00,1.50
2016.02.18 20:53:14.667,1.96859,1.96902,1.00,1.00
2016.02.18 20:53:14.979,1.96862,1.96905,1.00,1.50
2016.02.18 20:53:15.513,1.96862,1.96904,1.12,1.00
2016.02.18 20:53:16.080,1.96862,1.96905,1.00,1.00
2016.02.18 20:53:17.550,1.96862,1.96905,1.00,1.37
2016.02.18 20:53:17.903,1.96859,1.96902,1.00,1.00
2016.02.18 20:53:18.055,1.96863,1.96904,1.00,1.00
2016.02.18 20:53:18.504,1.96859,1.96902,1.00,1.00
2016.02.18 20:53:19.026,1.96862,1.96905,1.00,1.12
2016.02.18 20:53:21.367,1.96859,1.96901,1.00,1.00
2016.02.18 20:53:23.072,1.96863,1.96905,1.00,1.00
2016.02.18 20:53:24.327,1.96864,1.96905,1.00,1.00
2016.02.18 20:53:25.430,1.96863,1.96905,1.00,1.00
2016.02.18 20:53:26.019,1.96866,1.96908,1.00,1.00
2016.02.18 20:53:26.340,1.96859,1.969,1.00,1.00
2016.02.18 20:53:26.643,1.96853,1.96881,1.00,1.00
2016.02.18 20:53:26.693,1.96843,1.96881,1.00,1.00
2016.02.18 20:53:27.197,1.96842,1.96881,1.00,1.00
2016.02.18 20:53:28.096,1.96843,1.96881,1.00,1.00
2016.02.18 20:53:29.096,1.96842,1.96881,1.00,1.00
2016.02.18 20:53:31.156,1.96843,1.96881,1.00,1.00
2016.02.18 20:53:31.662,1.96842,1.96881,1.00,1.00
2016.02.18 20:53:32.387,1.96841,1.96881,1.50,1.00
2016.02.18 20:53:35.321,1.96844,1.96884,1.37,1.00
2016.02.18 20:53:35.372,1.96853,1.96892,1.00,1.00
2016.02.18 20:53:35.473,1.96858,1.96895,1.00,1.00
2016.02.18 20:53:35.800,1.96865,1.96903,1.00,1.00
2016.02.18 20:53:37.430,1.96865,1.96907,1.00,1.87
2016.02.18 20:53:38.333,1.96865,1.96907,1.00,1.37
2016.02.18 20:53:38.665,1.96869,1.96904,1.00,1.00
2016.02.18 20:53:39.865,1.96868,1.96904,1.00,1.00
2016.02.18 20:53:40.275,1.96863,1.96904,1.00,1.00
2016.02.18 20:53:40.815,1.96864,1.96904,1.00,1.00
2016.02.18 20:53:40.916,1.96866,1.96907,1.00,1.00
2016.02.18 20:53:40.966,1.96869,1.96907,1.00,1.00
2016.02.18 20:53:41.067,1.96877,1.9692,1.00,1.00
2016.02.18 20:53:41.118,1.9688,1.96923,1.00,1.50
2016.02.18 20:53:41.511,1.96876,1.96918,1.00,1.00
2016.02.18 20:53:43.132,1.9688,1.9692,1.00,1.00
2016.02.18 20:53:43.585,1.96876,1.96918,1.00,1.00
2016.02.18 20:53:43.787,1.96879,1.96921,1.00,1.00
2016.02.18 20:53:44.140,1.96877,1.96917,1.00,1.00
2016.02.18 20:53:44.765,1.96877,1.96915,1.00,1.37
2016.02.18 20:53:44.816,1.9687,1.96912,1.00,1.37
2016.02.18 20:53:44.917,1.96863,1.96904,1.00,1.00
2016.02.18 20:53:44.967,1.96863,1.96904,1.00,1.37
2016.02.18 20:53:45.068,1.96858,1.96901,1.00,1.87
2016.02.18 20:53:45.463,1.96857,1.96894,1.00,1.00
2016.02.18 20:53:45.640,1.96853,1.96894,1.00,1.37
2016.02.18 20:53:45.791,1.96853,1.96891,1.00,1.00
2016.02.18 20:53:46.144,1.96853,1.96894,1.00,1.00
2016.02.18 20:53:46.296,1.96853,1.96891,1.00,1.00
2016.02.18 20:53:46.608,1.96853,1.96896,1.50,1.00
2016.02.18 20:53:47.676,1.96854,1.96896,1.00,1.00
2016.02.18 20:53:47.973,1.96854,1.96892,1.00,1.00
2016.02.18 20:53:48.375,1.96854,1.96894,1.00,1.00
2016.02.18 20:53:48.527,1.96858,1.96894,1.00,1.00
2016.02.18 20:53:48.843,1.96858,1.96899,1.50,1.00
2016.02.18 20:53:50.459,1.96859,1.96899,1.00,1.00
2016.02.18 20:53:50.670,1.96858,1.96898,1.00,1.37
2016.02.18 20:53:50.771,1.96854,1.96895,1.50,1.37
2016.02.18 20:53:50.822,1.96854,1.96891,1.00,1.00
2016.02.18 20:53:50.872,1.96851,1.96891,1.00,1.00
2016.02.18 20:53:51.121,1.96853,1.96896,1.00,1.37
2016.02.18 20:53:51.172,1.96853,1.96896,1.50,1.00
2016.02.18 20:53:52.507,1.96858,1.96896,1.00,1.00
2016.02.18 20:53:52.825,1.96853,1.96896,1.50,1.00
2016.02.18 20:53:52.926,1.96859,1.96896,1.00,1.00
2016.02.18 20:53:53.289,1.96863,1.96899,1.00,1.00
2016.02.18 20:53:53.950,1.96864,1.96899,1.00,1.00
2016.02.18 20:53:54.269,1.96858,1.96899,1.00,1.00
2016.02.18 20:53:55.172,1.96863,1.96899,1.00,1.00
2016.02.18 20:53:55.800,1.96863,1.96902,1.00,1.12
2016.02.18 20:53:55.957,1.96863,1.96902,1.00,1.37
2016.02.18 20:53:56.159,1.96863,1.96902,1.00,1.50
2016.02.18 20:53:56.778,1.96859,1.96902,1.50,1.50
2016.02.18 20:53:56.879,1.96859,1.96902,1.50,1.37
2016.02.18 20:53:57.030,1.96853,1.96896,1.50,1.00
2016.02.18 20:53:57.131,1.96854,1.96893,1.00,1.00
2016.02.18 20:53:57.182,1.96855,1.96896,1.00,1.00
2016.02.18 20:53:59.587,1.96857,1.96899,1.00,1.00
2016.02.18 20:53:59.637,1.96864,1.96899,1.00,1.00
2016.02.18 20:53:59.688,1.96865,1.96905,1.12,1.50
2016.02.18 20:53:59.738,1.9687,1.96905,1.00,1.50
2016.02.18 20:53:59.890,1.96872,1.96911,1.00,1.00
2016.02.18 20:54:00.041,1.96869,1.96912,1.00,1.12
2016.02.18 20:54:00.192,1.96873,1.96912,1.00,1.37
2016.02.18 20:54:00.293,1.96873,1.96914,1.00,1.00
2016.02.18 20:54:00.394,1.96872,1.96914,1.00,1.37
2016.02.18 20:54:00.551,1.96869,1.96911,1.00,1.12
2016.02.18 20:54:01.526,1.96865,1.96908,1.00,1.00
2016.02.18 20:54:02.658,1.96863,1.96904,1.00,1.00
2016.02.18 20:54:02.960,1.96867,1.96909,1.00,1.00
2016.02.18 20:54:03.061,1.96871,1.96914,1.00,1.00
2016.02.18 20:54:06.746,1.96876,1.96917,1.00,1.00
2016.02.18 20:54:06.917,1.96871,1.96914,1.00,1.00
2016.02.18 20:54:07.045,1.96871,1.96907,1.00,1.00
2016.02.18 20:54:07.152,1.96859,1.969,1.50,1.00
2016.02.18 20:54:07.354,1.96859,1.96897,1.00,1.00
2016.02.18 20:54:07.812,1.96854,1.96897,2.25,1.12
2016.02.18 20:54:09.037,1.96854,1.96897,1.00,1.87
2016.02.18 20:54:09.541,1.96854,1.96897,1.00,1.50
2016.02.18 20:54:11.515,1.96854,1.96895,1.00,1.00
2016.02.18 20:54:12.209,1.96854,1.96892,1.50,1.00
2016.02.18 20:54:12.260,1.96844,1.96884,1.00,1.00
2016.02.18 20:54:12.662,1.96841,1.96884,1.00,1.37
2016.02.18 20:54:12.864,1.96842,1.96883,1.00,1.00
2016.02.18 20:54:12.915,1.96844,1.96887,1.00,1.00
2016.02.18 20:54:13.021,1.96847,1.9689,1.00,1.37
2016.02.18 20:54:18.634,1.96847,1.9689,1.00,1.00
2016.02.18 20:54:19.632,1.96845,1.96886,1.00,1.00
2016.02.18 20:54:19.896,1.96838,1.96881,1.00,1.00
2016.02.18 20:54:20.062,1.96842,1.96885,1.00,1.00
2016.02.18 20:54:20.464,1.96846,1.96886,1.00,1.50
2016.02.18 20:54:20.979,1.96848,1.96889,1.00,1.00
2016.02.18 20:54:21.385,1.96848,1.9689,1.00,1.37
2016.02.18 20:54:21.594,1.96848,1.9689,1.00,1.50
2016.02.18 20:54:22.052,1.96848,1.9689,1.00,1.37
2016.02.18 20:54:22.203,1.96845,1.96886,1.00,1.00
2016.02.18 20:54:22.470,1.96849,1.96886,1.00,1.37
2016.02.18 20:54:22.773,1.96849,1.9689,1.00,2.25
2016.02.18 20:54:23.306,1.96848,1.9689,1.00,2.25
2016.02.18 20:54:23.357,1.96849,1.96887,1.00,1.00
2016.02.18 20:54:23.659,1.96848,1.96883,1.00,1.00
2016.02.18 20:54:23.710,1.96843,1.96883,1.00,1.00
2016.02.18 20:54:24.465,1.96848,1.96883,1.00,1.00
2016.02.18 20:54:26.237,1.96843,1.96883,1.00,1.00
2016.02.18 20:54:26.770,1.96844,1.96883,1.00,1.37
2016.02.18 20:54:27.224,1.96848,1.96886,1.00,1.00
2016.02.18 20:54:28.218,1.96844,1.96886,1.50,1.50
2016.02.18 20:54:28.660,1.96849,1.96886,1.00,1.00
2016.02.18 20:54:29.178,1.96844,1.96886,1.00,1.00
2016.02.18 20:54:32.670,1.96844,1.96883,1.00,1.00
2016.02.18 20:54:33.952,1.96848,1.96883,1.00,1.00
2016.02.18 20:54:34.470,1.96849,1.96883,1.00,1.00
2016.02.18 20:54:40.302,1.96844,1.96883,1.50,1.00
2016.02.18 20:54:40.765,1.96848,1.96883,1.00,1.00
2016.02.18 20:54:41.325,1.96848,1.96882,1.00,1.00
2016.02.18 20:54:43.833,1.96853,1.96882,1.00,1.00
2016.02.18 20:54:44.211,1.96853,1.96888,1.00,1.50
2016.02.18 20:54:45.273,1.96848,1.96888,1.00,2.25
2016.02.18 20:54:46.243,1.96849,1.96888,1.00,1.50
2016.02.18 20:54:47.774,1.96848,1.96888,1.00,1.50
2016.02.18 20:54:48.455,1.96853,1.96888,1.00,1.50
2016.02.18 20:54:48.534,1.96848,1.96888,1.00,1.50
2016.02.18 20:54:50.105,1.96849,1.96888,1.00,1.50
2016.02.18 20:54:50.643,1.96848,1.96888,1.00,1.50
2016.02.18 20:54:51.192,1.96849,1.96888,1.00,1.50
2016.02.18 20:54:51.243,1.96849,1.96886,1.00,1.00
2016.02.18 20:54:51.444,1.96845,1.96883,1.00,1.00
2016.02.18 20:54:51.953,1.96844,1.96883,1.00,1.00
2016.02.18 20:54:52.421,1.96845,1.96886,1.00,1.00
2016.02.18 20:54:52.851,1.96849,1.96886,1.00,1.00
2016.02.18 20:54:54.256,1.96849,1.96882,1.00,1.00
2016.02.18 20:54:54.839,1.96845,1.96882,1.00,1.00
2016.02.18 20:54:56.344,1.96849,1.96882,1.00,1.00
2016.02.18 20:54:58.470,1.96843,1.96882,1.50,1.00
2016.02.18 20:54:58.571,1.96848,1.96882,1.00,1.00
2016.02.18 20:54:59.575,1.96848,1.96883,1.00,1.00
2016.02.18 20:55:00.356,1.96848,1.96882,1.00,1.00
2016.02.18 20:55:00.865,1.96848,1.96883,1.00,1.00
2016.02.18 20:55:02.790,1.96848,1.96885,1.00,1.00
2016.02.18 20:55:02.841,1.96853,1.96885,1.00,1.00
2016.02.18 20:55:02.891,1.96853,1.96888,1.00,1.00
2016.02.18 20:55:03.950,1.96849,1.96888,1.00,1.00
2016.02.18 20:55:04.375,1.96853,1.96888,1.00,1.00
2016.02.18 20:55:04.595,1.96848,1.96888,1.00,1.00
2016.02.18 20:55:04.954,1.96848,1.96886,1.00,1.00
2016.02.18 20:55:05.366,1.96845,1.96886,1.00,1.50
2016.02.18 20:55:06.811,1.96849,1.96886,1.00,1.00
2016.02.18 20:55:07.399,1.96849,1.96886,1.00,1.37
2016.02.18 20:55:07.964,1.96849,1.96886,1.00,1.00
2016.02.18 20:55:09.068,1.96849,1.96886,1.00,1.37
2016.02.18 20:55:09.169,1.96849,1.96886,1.00,1.00
2016.02.18 20:55:10.975,1.96853,1.96886,1.00,1.00
2016.02.18 20:55:13.506,1.96848,1.96886,1.00,1.00
2016.02.18 20:55:15.703,1.96854,1.96886,1.00,1.00
2016.02.18 20:55:15.814,1.96849,1.96886,1.00,1.00
2016.02.18 20:55:17.774,1.96853,1.96886,1.00,1.00
2016.02.18 20:55:21.368,1.96848,1.96886,1.00,1.00
2016.02.18 20:55:22.847,1.96848,1.96884,1.00,1.00
2016.02.18 20:55:26.057,1.96849,1.96884,1.00,1.00
2016.02.18 20:55:26.939,1.96846,1.96884,1.00,1.00
2016.02.18 20:55:27.090,1.96848,1.96884,1.00,1.00
2016.02.18 20:55:32.334,1.96855,1.96886,1.00,1.00
2016.02.18 20:55:32.385,1.96855,1.96893,1.00,1.00
2016.02.18 20:55:32.436,1.96865,1.96901,1.00,1.00
2016.02.18 20:55:32.537,1.96861,1.96901,1.00,1.00
2016.02.18 20:55:32.638,1.96868,1.96905,1.00,1.00
2016.02.18 20:55:33.345,1.96868,1.9691,1.00,1.50
2016.02.18 20:55:34.624,1.96871,1.96911,1.00,1.00
2016.02.18 20:55:34.725,1.96868,1.96911,1.00,1.37
2016.02.18 20:55:35.358,1.96868,1.96911,1.00,1.50
2016.02.18 20:55:35.912,1.96869,1.96911,1.00,1.50
2016.02.18 20:55:36.175,1.96869,1.96907,1.00,1.00
2016.02.18 20:55:36.227,1.96864,1.96907,1.00,1.00
2016.02.18 20:55:36.278,1.96858,1.969,1.00,1.00
2016.02.18 20:55:36.793,1.96859,1.96901,1.00,1.12
2016.02.18 20:55:37.330,1.96858,1.96901,1.50,1.00
2016.02.18 20:55:37.855,1.96858,1.96901,1.50,1.37
2016.02.18 20:55:38.056,1.96849,1.96892,1.00,1.50
2016.02.18 20:55:38.107,1.96852,1.96892,1.00,1.00
2016.02.18 20:55:38.158,1.96849,1.96891,1.00,1.00
2016.02.18 20:55:38.611,1.96848,1.96888,1.00,1.00
2016.02.18 20:55:38.964,1.96849,1.96888,1.00,1.37
2016.02.18 20:55:39.207,1.96849,1.96884,1.00,1.00
2016.02.18 20:55:39.742,1.96849,1.96888,1.00,1.00
2016.02.18 20:55:39.944,1.96849,1.96892,1.00,1.00
2016.02.18 20:55:39.995,1.96855,1.96896,1.00,1.00
2016.02.18 20:55:40.393,1.96858,1.96898,1.50,1.00
2016.02.18 20:55:40.926,1.96854,1.96895,1.00,1.00
2016.02.18 20:55:41.127,1.96852,1.96895,1.00,1.00
2016.02.18 20:55:41.635,1.96853,1.96895,1.00,1.00
2016.02.18 20:55:41.887,1.96852,1.96895,1.00,1.37
2016.02.18 20:55:42.047,1.96849,1.96892,1.00,1.37
2016.02.18 20:55:42.097,1.96849,1.96892,1.00,1.37
2016.02.18 20:55:42.379,1.96849,1.96892,1.00,1.00
2016.02.18 20:55:42.901,1.96853,1.96892,1.00,1.00
2016.02.18 20:55:43.665,1.96849,1.96892,1.00,1.00
2016.02.18 20:55:46.265,1.96853,1.96896,1.00,1.00
2016.02.18 20:55:46.995,1.96853,1.96896,1.00,1.37
2016.02.18 20:55:47.118,1.96853,1.96896,1.00,1.00
2016.02.18 20:55:47.379,1.96849,1.96892,1.00,1.00
2016.02.18 20:55:48.347,1.96853,1.96894,1.00,1.00
2016.02.18 20:55:48.927,1.96849,1.96892,1.00,1.00
2016.02.18 20:55:49.630,1.96849,1.96888,1.50,1.00
2016.02.18 20:55:50.615,1.96849,1.96889,1.00,1.00
2016.02.18 20:55:51.174,1.96848,1.96889,1.00,1.50
2016.02.18 20:55:51.492,1.9685,1.96889,1.00,1.00
2016.02.18 20:55:52.213,1.9685,1.96888,1.00,1.00
2016.02.18 20:55:53.128,1.9685,1.96889,1.00,1.00
2016.02.18 20:55:53.434,1.96854,1.96889,1.00,1.00
2016.02.18 20:55:55.513,1.96854,1.96888,1.00,1.00
2016.02.18 20:55:56.087,1.96854,1.96889,1.00,1.00
2016.02.18 20:55:56.626,1.96858,1.96889,1.00,1.00
2016.02.18 20:55:56.828,1.96858,1.96895,1.00,1.00
2016.02.18 20:55:57.430,1.96853,1.96894,1.00,1.00
2016.02.18 20:55:58.605,1.96853,1.96895,1.00,1.00
2016.02.18 20:55:58.656,1.96856,1.96895,1.00,1.00
2016.02.18 20:55:59.001,1.96858,1.96894,1.00,1.00
2016.02.18 20:55:59.555,1.96858,1.96895,1.00,1.00
2016.02.18 20:55:59.754,1.96856,1.96895,1.00,1.00
2016.02.18 20:56:00.108,1.96854,1.96894,1.00,1.00
2016.02.18 20:56:00.260,1.96853,1.96892,1.00,1.12
2016.02.18 20:56:00.412,1.96848,1.96888,1.00,1.00
2016.02.18 20:56:00.717,1.96849,1.9689,1.00,1.00
2016.02.18 20:56:01.070,1.96852,1.96895,1.00,1.37
2016.02.18 20:56:01.592,1.96849,1.96891,1.00,1.00
2016.02.18 20:56:02.015,1.96848,1.96888,1.00,1.00
2016.02.18 20:56:02.065,1.96848,1.96891,1.50,1.00
2016.02.18 20:56:02.635,1.96851,1.96894,1.00,1.00
2016.02.18 20:56:03.118,1.96849,1.9689,1.00,1.00
2016.02.18 20:56:03.269,1.96851,1.96894,1.00,1.00
2016.02.18 20:56:04.319,1.96851,1.96894,1.00,1.37
2016.02.18 20:56:04.828,1.96853,1.96894,1.00,1.50
2016.02.18 20:56:05.853,1.96851,1.96894,1.00,1.50
2016.02.18 20:56:06.571,1.96854,1.96894,1.00,1.00
2016.02.18 20:56:07.100,1.96855,1.96895,1.00,1.00
2016.02.18 20:56:07.627,1.96855,1.96894,1.00,1.00
2016.02.18 20:56:07.779,1.96851,1.96894,1.00,1.50
2016.02.18 20:56:08.058,1.96854,1.96895,1.00,1.00
2016.02.18 20:56:08.109,1.96851,1.96893,1.00,1.00
2016.02.18 20:56:09.308,1.96854,1.96895,1.00,1.00
2016.02.18 20:56:09.624,1.96851,1.96893,1.00,1.00
2016.02.18 20:56:09.827,1.96848,1.9689,1.00,1.00
2016.02.18 20:56:10.129,1.96848,1.96886,1.00,1.00
2016.02.18 20:56:10.230,1.96844,1.96886,1.00,1.00
2016.02.18 20:56:10.331,1.96848,1.96886,1.00,1.00
2016.02.18 20:56:11.258,1.96848,1.9689,1.00,1.00
2016.02.18 20:56:11.359,1.96851,1.96894,1.00,1.50
2016.02.18 20:56:11.513,1.96855,1.96894,1.00,1.00
2016.02.18 20:56:12.039,1.96855,1.96893,1.00,1.00
2016.02.18 20:56:12.630,1.96855,1.96894,1.00,1.00
2016.02.18 20:56:12.681,1.96849,1.96892,1.00,1.12
2016.02.18 20:56:12.983,1.96854,1.96892,1.00,1.00
2016.02.18 20:56:15.186,1.96859,1.96892,1.00,1.00
2016.02.18 20:56:15.237,1.96859,1.96894,1.00,1.00
2016.02.18 20:56:15.566,1.96859,1.96898,1.00,1.12
2016.02.18 20:56:15.767,1.96859,1.96898,1.00,1.37
2016.02.18 20:56:16.143,1.96859,1.96891,1.00,1.00
2016.02.18 20:56:16.294,1.96854,1.96891,1.00,1.00
2016.02.18 20:56:16.496,1.96854,1.96893,1.00,1.00
2016.02.18 20:56:16.734,1.96857,1.96899,1.00,1.50
2016.02.18 20:56:18.513,1.96859,1.96899,1.00,1.50
2016.02.18 20:56:18.857,1.96858,1.96896,1.00,1.00
2016.02.18 20:56:18.908,1.96854,1.96896,1.50,1.00
2016.02.18 20:56:19.009,1.96854,1.96889,1.00,1.00
2016.02.18 20:56:19.284,1.96854,1.96894,1.00,1.00
2016.02.18 20:56:19.811,1.96855,1.96897,1.00,1.00
2016.02.18 20:56:20.407,1.96855,1.96897,1.00,1.37
2016.02.18 20:56:20.951,1.96854,1.96894,1.00,1.00
2016.02.18 20:56:21.413,1.96855,1.96898,1.00,1.12
2016.02.18 20:56:21.668,1.96859,1.96898,1.00,1.50
2016.02.18 20:56:22.108,1.96859,1.96896,1.00,1.00
2016.02.18 20:56:22.209,1.96855,1.96896,1.00,1.00
2016.02.18 20:56:22.642,1.96853,1.96893,1.00,1.00
2016.02.18 20:56:23.562,1.96858,1.96897,1.00,1.12
2016.02.18 20:56:23.663,1.96854,1.96897,1.00,1.00
2016.02.18 20:56:24.124,1.96858,1.96897,1.00,1.00
2016.02.18 20:56:24.263,1.96854,1.96897,1.50,1.00
2016.02.18 20:56:24.638,1.96858,1.96897,1.00,1.00
2016.02.18 20:56:24.789,1.96854,1.96897,1.50,1.00
2016.02.18 20:56:24.890,1.96858,1.96898,1.50,1.00
2016.02.18 20:56:25.192,1.96863,1.96904,1.00,1.00
2016.02.18 20:56:25.243,1.96864,1.96907,1.00,1.50
2016.02.18 20:56:25.294,1.96864,1.96907,1.00,1.37
2016.02.18 20:56:25.453,1.9686,1.96903,1.00,1.12
2016.02.18 20:56:26.313,1.96864,1.96907,1.00,1.50
2016.02.18 20:56:26.864,1.96868,1.96906,1.00,1.00
2016.02.18 20:56:27.418,1.96868,1.96908,1.00,1.37
2016.02.18 20:56:27.519,1.96864,1.96907,1.00,1.37
2016.02.18 20:56:27.720,1.96864,1.96907,1.00,1.37
2016.02.18 20:56:28.263,1.96864,1.96907,1.00,1.50
2016.02.18 20:56:28.314,1.96867,1.96907,1.00,1.00
2016.02.18 20:56:29.400,1.96867,1.96906,1.00,1.00
2016.02.18 20:56:29.629,1.96863,1.96906,1.00,1.00
2016.02.18 20:56:29.730,1.96859,1.96902,1.00,1.00
2016.02.18 20:56:30.374,1.9686,1.96902,1.00,1.00
2016.02.18 20:56:30.877,1.96859,1.96902,1.00,1.00
2016.02.18 20:56:31.190,1.96864,1.96907,1.00,1.50
2016.02.18 20:56:31.494,1.9686,1.96903,1.00,1.00
2016.02.18 20:56:31.829,1.96864,1.96907,1.00,1.37
2016.02.18 20:56:33.799,1.96864,1.96907,1.00,1.50
2016.02.18 20:56:33.923,1.96864,1.96907,1.00,1.37
2016.02.18 20:56:34.443,1.96864,1.96906,1.00,1.00
2016.02.18 20:56:34.919,1.96867,1.96907,1.00,1.00
2016.02.18 20:56:35.221,1.96863,1.96904,1.00,1.37
2016.02.18 20:56:35.272,1.96859,1.96899,1.00,1.00
2016.02.18 20:56:35.682,1.96859,1.96902,1.00,1.12
2016.02.18 20:56:35.867,1.96864,1.96905,1.00,1.50
2016.02.18 20:56:36.317,1.96866,1.96905,1.00,1.00
2016.02.18 20:56:36.648,1.96869,1.96905,1.00,1.00
2016.02.18 20:56:37.242,1.96869,1.96906,1.00,1.00
2016.02.18 20:56:37.812,1.96869,1.96905,1.00,1.00
2016.02.18 20:56:38.125,1.96863,1.96904,1.00,1.00
2016.02.18 20:56:38.187,1.96861,1.96904,1.00,1.00
2016.02.18 20:56:40.585,1.96863,1.96904,1.00,1.00
2016.02.18 20:56:40.914,1.96861,1.96904,1.00,1.00
2016.02.18 20:56:43.822,1.96863,1.96904,1.00,1.00
2016.02.18 20:56:45.447,1.96861,1.96904,1.00,1.00
2016.02.18 20:56:47.115,1.96858,1.969,1.50,1.00
2016.02.18 20:56:48.298,1.96861,1.96903,1.00,1.00
2016.02.18 20:56:49.724,1.96864,1.96905,1.00,1.00
2016.02.18 20:56:50.856,1.96864,1.96907,1.00,1.37
2016.02.18 20:56:51.191,1.96858,1.96899,1.50,1.00
2016.02.18 20:56:52.561,1.9686,1.96902,1.00,1.00
2016.02.18 20:56:52.612,1.96863,1.96902,1.00,1.00
2016.02.18 20:56:52.713,1.9686,1.96902,1.00,1.00
2016.02.18 20:56:52.814,1.96863,1.96902,1.00,1.00
2016.02.18 20:56:53.022,1.9686,1.96902,1.00,1.00
2016.02.18 20:56:53.377,1.96865,1.96907,1.00,1.37
2016.02.18 20:56:53.904,1.96865,1.96907,1.00,1.00
2016.02.18 20:57:00.861,1.96862,1.96903,1.00,1.00
2016.02.18 20:57:01.198,1.96867,1.96908,1.00,1.00
2016.02.18 20:57:01.776,1.96863,1.96906,1.00,1.00
2016.02.18 20:57:01.978,1.96864,1.96906,1.37,1.00
2016.02.18 20:57:02.305,1.96869,1.96909,1.00,1.00
2016.02.18 20:57:02.824,1.96869,1.96908,1.00,1.00
2016.02.18 20:57:03.133,1.96873,1.96909,1.00,1.00
2016.02.18 20:57:03.414,1.96873,1.96911,1.00,1.00
2016.02.18 20:57:03.465,1.96873,1.96913,1.50,1.00
2016.02.18 20:57:03.516,1.96873,1.96913,1.50,1.37
2016.02.18 20:57:03.842,1.96869,1.96911,1.00,1.00
2016.02.18 20:57:04.043,1.96874,1.96911,1.00,1.00
2016.02.18 20:57:04.143,1.96868,1.96911,1.50,1.00
2016.02.18 20:57:04.294,1.96871,1.96914,1.00,1.12
2016.02.18 20:57:04.705,1.96873,1.96914,1.00,1.12
2016.02.18 20:57:08.366,1.96878,1.96914,1.00,1.12
2016.02.18 20:57:09.382,1.96878,1.96914,1.00,1.37
2016.02.18 20:57:11.293,1.96873,1.96914,1.00,1.37
2016.02.18 20:57:12.207,1.96871,1.96914,1.00,1.37
2016.02.18 20:57:12.897,1.96871,1.96914,1.00,1.37
2016.02.18 20:57:14.314,1.96871,1.96914,1.00,1.37
2016.02.18 20:57:16.999,1.96871,1.96914,1.00,1.37
2016.02.18 20:57:18.820,1.96871,1.96914,1.00,1.37
2016.02.18 20:57:18.871,1.96869,1.96911,1.50,1.37
2016.02.18 20:57:19.072,1.96864,1.96907,1.50,1.37
2016.02.18 20:57:19.726,1.96864,1.96907,1.50,1.00
2016.02.18 20:57:20.272,1.96864,1.96907,2.25,1.37
2016.02.18 20:57:20.323,1.96865,1.96907,1.00,1.37
2016.02.18 20:57:20.424,1.96864,1.96907,2.25,1.00
2016.02.18 20:57:21.139,1.96865,1.96907,1.00,1.00
2016.02.18 20:57:21.446,1.96868,1.96911,1.00,1.37
2016.02.18 20:57:21.748,1.96861,1.96904,1.00,1.00
2016.02.18 20:57:22.000,1.96859,1.96901,1.50,1.00
2016.02.18 20:57:22.739,1.96858,1.96901,1.50,1.00
2016.02.18 20:57:23.623,1.96859,1.96901,1.00,1.00
2016.02.18 20:57:24.496,1.96861,1.96904,1.00,1.00
2016.02.18 20:57:25.058,1.96855,1.96898,1.50,1.00
2016.02.18 20:57:25.624,1.96858,1.96898,1.00,1.00
2016.02.18 20:57:26.573,1.96859,1.96902,1.00,1.00
2016.02.18 20:57:27.056,1.96863,1.96902,1.00,1.00
2016.02.18 20:57:27.334,1.96863,1.96904,1.50,1.00
2016.02.18 20:57:27.545,1.96863,1.96904,1.00,1.37
2016.02.18 20:57:27.596,1.96859,1.96902,1.00,1.12
2016.02.18 20:57:28.112,1.96859,1.96902,1.00,1.37
2016.02.18 20:57:28.163,1.96863,1.96902,1.00,1.37
2016.02.18 20:57:28.264,1.96859,1.96902,1.00,1.37
2016.02.18 20:57:28.781,1.96859,1.96902,1.00,1.37
2016.02.18 20:57:29.542,1.96859,1.96902,1.00,1.37
2016.02.18 20:57:29.643,1.96859,1.96902,1.00,1.37
2016.02.18 20:57:29.895,1.96862,1.96905,1.00,1.37
2016.02.18 20:57:30.570,1.96862,1.96905,1.00,1.00
2016.02.18 20:57:31.085,1.96862,1.96905,1.00,1.37
2016.02.18 20:57:31.738,1.96862,1.96905,1.00,1.37
2016.02.18 20:57:32.077,1.96864,1.96905,1.00,1.37
2016.02.18 20:57:32.201,1.96862,1.96905,1.00,1.37
2016.02.18 20:57:32.880,1.96863,1.96905,1.00,1.50
2016.02.18 20:57:32.931,1.96866,1.96905,1.00,1.00
2016.02.18 20:57:33.350,1.96869,1.96906,1.00,1.00
2016.02.18 20:57:33.400,1.96869,1.9691,1.00,1.37
2016.02.18 20:57:33.934,1.96869,1.9691,1.00,1.00
2016.02.18 20:57:36.895,1.96865,1.96907,1.00,1.00
2016.02.18 20:57:36.946,1.96863,1.96902,1.00,1.00
2016.02.18 20:57:37.147,1.96858,1.969,1.50,1.00
2016.02.18 20:57:37.298,1.96863,1.969,1.00,1.00
2016.02.18 20:57:37.450,1.96863,1.96903,1.00,1.00
2016.02.18 20:57:37.844,1.96861,1.96903,1.00,1.00
2016.02.18 20:57:38.345,1.96864,1.96906,1.00,1.12
2016.02.18 20:57:38.647,1.96867,1.96909,1.00,1.12
2016.02.18 20:57:39.150,1.96867,1.96909,1.00,1.37
2016.02.18 20:57:39.402,1.96864,1.96906,1.50,1.00
2016.02.18 20:57:40.681,1.96868,1.96906,1.00,1.00
2016.02.18 20:57:43.019,1.96864,1.96906,1.00,1.12
2016.02.18 20:57:43.290,1.96867,1.9691,1.00,1.00
2016.02.18 20:57:43.542,1.96871,1.96911,1.00,1.00
2016.02.18 20:57:44.108,1.96871,1.96913,1.00,1.00
2016.02.18 20:57:44.382,1.96867,1.9691,1.00,1.00
2016.02.18 20:57:44.684,1.96869,1.9691,1.00,1.00
2016.02.18 20:57:44.986,1.96874,1.9691,1.00,1.00
2016.02.18 20:57:45.118,1.96868,1.9691,1.00,1.00
2016.02.18 20:57:45.218,1.96871,1.96914,1.00,1.00
2016.02.18 20:57:45.860,1.96868,1.96911,1.50,1.00
2016.02.18 20:57:46.254,1.96868,1.96907,1.00,1.00
2016.02.18 20:57:46.763,1.96864,1.96907,1.50,1.00
2016.02.18 20:57:47.847,1.96868,1.96907,1.00,1.00
2016.02.18 20:57:48.200,1.96864,1.96907,1.50,1.00
2016.02.18 20:57:49.281,1.96868,1.96907,1.00,1.00
2016.02.18 20:57:50.423,1.96868,1.96909,1.50,1.00
2016.02.18 20:57:51.257,1.96869,1.96909,1.00,1.00
2016.02.18 20:57:52.885,1.96869,1.96906,1.00,1.37
2016.02.18 20:57:52.936,1.9686,1.96903,1.00,1.00
2016.02.18 20:57:52.987,1.96863,1.96906,1.00,1.00
2016.02.18 20:57:53.289,1.96868,1.96906,1.00,1.00
2016.02.18 20:57:53.921,1.96863,1.96906,1.00,1.00
2016.02.18 20:57:54.476,1.96867,1.9691,1.00,1.00
2016.02.18 20:57:55.531,1.9687,1.96911,1.00,1.00
2016.02.18 20:57:56.044,1.9687,1.96912,1.00,1.00
2016.02.18 20:57:57.213,1.9687,1.96911,1.00,1.00
2016.02.18 20:57:57.714,1.9687,1.96912,1.00,1.00
2016.02.18 20:57:58.837,1.96867,1.96908,1.00,1.00
2016.02.18 20:57:59.089,1.9687,1.96912,1.00,2.25
2016.02.18 20:57:59.609,1.9687,1.96911,1.00,1.00
2016.02.18 20:58:00.123,1.9687,1.96912,1.00,1.50
2016.02.18 20:58:00.341,1.96872,1.96911,1.00,1.00
2016.02.18 20:58:00.543,1.96873,1.96916,1.00,1.00
2016.02.18 20:58:00.593,1.96878,1.96918,1.00,1.00
2016.02.18 20:58:00.644,1.96874,1.96917,3.00,1.00
2016.02.18 20:58:00.796,1.96879,1.96917,1.00,1.00
2016.02.18 20:58:00.991,1.96882,1.96921,1.12,1.00
2016.02.18 20:58:01.041,1.96885,1.96921,1.00,1.00
2016.02.18 20:58:01.193,1.96885,1.96925,1.00,1.00
2016.02.18 20:58:01.546,1.96888,1.96925,1.00,1.00
2016.02.18 20:58:01.875,1.96891,1.96926,1.00,1.00
2016.02.18 20:58:01.926,1.96895,1.96931,1.00,1.00
2016.02.18 20:58:03.043,1.96895,1.96932,1.00,1.00
2016.02.18 20:58:03.144,1.96898,1.96931,1.00,1.00
2016.02.18 20:58:03.396,1.96894,1.96932,1.50,1.00
2016.02.18 20:58:04.004,1.96894,1.96931,1.50,1.00
2016.02.18 20:58:05.153,1.96894,1.96933,1.00,1.00
2016.02.18 20:58:07.142,1.96896,1.96936,1.00,1.00
2016.02.18 20:58:08.023,1.96897,1.96939,1.00,1.00
2016.02.18 20:58:08.074,1.96903,1.96939,1.00,1.00
2016.02.18 20:58:08.124,1.96903,1.96942,1.00,1.00
2016.02.18 20:58:08.326,1.96907,1.96947,1.00,1.00
2016.02.18 20:58:08.427,1.96907,1.96949,1.00,1.00
2016.02.18 20:58:08.578,1.9691,1.96949,1.00,1.00
2016.02.18 20:58:09.185,1.9691,1.9695,1.00,1.00
2016.02.18 20:58:09.831,1.9691,1.96953,1.00,1.00
2016.02.18 20:58:15.601,1.96913,1.96955,1.00,1.50
2016.02.18 20:58:15.932,1.96917,1.96957,1.00,1.00
2016.02.18 20:58:16.432,1.96919,1.96957,1.00,1.00
2016.02.18 20:58:16.955,1.96919,1.96958,1.00,1.00
2016.02.18 20:58:18.872,1.96919,1.96957,1.00,1.00
2016.02.18 20:58:19.456,1.96919,1.96958,1.00,1.00
2016.02.18 20:58:19.557,1.96923,1.96963,1.00,1.00
2016.02.18 20:58:20.187,1.96924,1.96962,1.00,1.00
2016.02.18 20:58:20.729,1.96925,1.96962,1.00,1.00
2016.02.18 20:58:21.955,1.96925,1.96963,1.00,1.00
2016.02.18 20:58:22.056,1.96923,1.96963,1.00,1.00
2016.02.18 20:58:23.780,1.96923,1.96962,1.00,1.00
2016.02.18 20:58:25.794,1.96923,1.96963,1.00,1.00
2016.02.18 20:58:25.845,1.96926,1.96963,1.00,1.00
2016.02.18 20:58:26.241,1.96923,1.96962,1.00,1.50
2016.02.18 20:58:27.676,1.96923,1.96963,1.00,1.00
2016.02.18 20:58:27.877,1.96923,1.96961,1.00,1.00
2016.02.18 20:58:28.525,1.96923,1.96962,1.00,1.50
2016.02.18 20:58:29.482,1.96923,1.96958,1.00,1.00
2016.02.18 20:58:31.382,1.96923,1.96957,1.00,1.00
2016.02.18 20:58:31.791,1.96926,1.96958,1.00,1.00
2016.02.18 20:58:32.342,1.96926,1.96957,1.00,1.00
2016.02.18 20:58:34.989,1.96926,1.96963,1.00,1.00
2016.02.18 20:58:35.040,1.9693,1.96963,1.00,1.00
2016.02.18 20:58:35.292,1.96932,1.96972,1.00,1.00
2016.02.18 20:58:35.506,1.96936,1.96972,1.00,1.00
2016.02.18 20:58:35.975,1.96939,1.96973,1.00,1.00
2016.02.18 20:58:38.639,1.96939,1.96972,1.00,1.00
2016.02.18 20:58:39.701,1.96939,1.96973,1.00,1.00
2016.02.18 20:58:40.632,1.96939,1.96972,1.00,1.00
2016.02.18 20:58:40.733,1.96936,1.96972,1.00,1.00
2016.02.18 20:58:41.212,1.96936,1.96974,1.00,1.00
2016.02.18 20:58:42.180,1.96936,1.96971,1.00,1.00
2016.02.18 20:58:43.430,1.96932,1.96971,1.00,1.00
2016.02.18 20:58:43.833,1.96932,1.96967,1.00,1.00
2016.02.18 20:58:44.117,1.96928,1.96966,1.00,1.00
2016.02.18 20:58:44.651,1.96928,1.96967,1.00,1.00
2016.02.18 20:58:45.187,1.96928,1.96971,1.00,1.50
2016.02.18 20:58:45.711,1.96928,1.96967,1.00,1.00
2016.02.18 20:58:48.248,1.96928,1.96962,1.00,1.00
2016.02.18 20:58:48.400,1.96923,1.96962,1.00,1.00
2016.02.18 20:58:48.940,1.96919,1.96956,1.00,1.00
2016.02.18 20:58:49.042,1.96919,1.96961,1.00,1.50
2016.02.18 20:58:49.344,1.96923,1.96963,1.00,1.00
2016.02.18 20:58:49.647,1.96925,1.96965,1.00,1.00
2016.02.18 20:58:50.264,1.96925,1.96964,1.00,1.00
2016.02.18 20:58:50.566,1.96929,1.96964,1.00,1.00
2016.02.18 20:58:52.143,1.96929,1.96965,1.00,1.00
2016.02.18 20:58:52.889,1.96926,1.96965,1.00,1.00
2016.02.18 20:58:53.041,1.96923,1.96964,1.00,1.00
2016.02.18 20:58:53.192,1.96926,1.96965,1.00,1.00
2016.02.18 20:58:53.494,1.96929,1.96965,1.00,1.00
2016.02.18 20:58:57.584,1.96933,1.96969,1.00,1.00
2016.02.18 20:59:00.700,1.96929,1.96969,1.00,1.00
2016.02.18 20:59:01.258,1.96928,1.96969,1.00,1.00
2016.02.18 20:59:01.359,1.96925,1.96969,1.00,1.00
2016.02.18 20:59:01.995,1.96925,1.9697,1.00,1.00
2016.02.18 20:59:03.630,1.96929,1.9697,0.75,0.75
2016.02.18 20:59:03.982,1.96926,1.9697,0.75,0.75
2016.02.18 20:59:06.943,1.96928,1.9697,0.75,0.75
2016.02.18 20:59:07.601,1.96928,1.96968,0.75,0.75
2016.02.18 20:59:07.802,1.96931,1.96974,0.75,0.75
2016.02.18 20:59:08.326,1.9693,1.96974,0.75,0.75
2016.02.18 20:59:08.857,1.96931,1.96974,0.75,0.75
2016.02.18 20:59:09.228,1.96929,1.96974,0.75,0.75
2016.02.18 20:59:09.429,1.96932,1.96974,0.75,0.75
2016.02.18 20:59:09.679,1.96929,1.96974,0.75,0.75
2016.02.18 20:59:09.830,1.96929,1.96971,0.75,0.75
2016.02.18 20:59:10.132,1.96933,1.96974,0.75,0.75
2016.02.18 20:59:10.405,1.96925,1.96972,0.75,0.75
2016.02.18 20:59:10.456,1.96924,1.96967,0.75,0.75
2016.02.18 20:59:10.607,1.96919,1.96967,0.75,0.75
2016.02.18 20:59:10.859,1.96921,1.96967,0.75,0.75
2016.02.18 20:59:11.234,1.96923,1.96972,0.75,1.50
2016.02.18 20:59:13.565,1.9692,1.96967,0.75,0.75
2016.02.18 20:59:13.984,1.96922,1.96967,0.75,0.75
2016.02.18 20:59:14.521,1.96923,1.96967,0.75,0.75
2016.02.18 20:59:15.073,1.96922,1.96967,0.75,0.75
2016.02.18 20:59:15.343,1.96925,1.96971,0.75,0.75
2016.02.18 20:59:15.444,1.96928,1.96971,0.75,0.75
2016.02.18 20:59:15.948,1.96928,1.96972,0.75,0.75
2016.02.18 20:59:16.490,1.96929,1.96972,1.50,0.75
2016.02.18 20:59:17.000,1.9693,1.96972,0.75,0.75
2016.02.18 20:59:17.165,1.96928,1.96971,1.50,0.75
2016.02.18 20:59:17.732,1.96929,1.96971,0.75,0.75
2016.02.18 20:59:18.312,1.96929,1.96972,2.25,0.75
2016.02.18 20:59:18.363,1.96931,1.96972,0.75,0.75
2016.02.18 20:59:18.514,1.96933,1.96977,0.75,0.75
2016.02.18 20:59:19.949,1.96934,1.96976,0.75,0.75
2016.02.18 20:59:20.351,1.96938,1.96977,0.75,0.75
2016.02.18 20:59:21.609,1.96939,1.96977,0.75,0.75
2016.02.18 20:59:22.163,1.96939,1.96976,0.75,0.75
2016.02.18 20:59:22.560,1.96933,1.96977,0.75,0.75
2016.02.18 20:59:22.811,1.96938,1.96977,0.75,0.75
2016.02.18 20:59:22.912,1.96933,1.96977,0.75,0.75
2016.02.18 20:59:23.990,1.96929,1.96976,0.75,0.75
2016.02.18 20:59:24.241,1.96933,1.96977,0.75,0.75
2016.02.18 20:59:24.982,1.96934,1.96977,0.75,0.75
2016.02.18 20:59:25.509,1.96933,1.96977,0.75,0.75
2016.02.18 20:59:25.560,1.96929,1.96976,0.75,0.75
2016.02.18 20:59:26.076,1.96928,1.96977,0.75,1.50
2016.02.18 20:59:26.619,1.96929,1.96976,0.75,0.75
2016.02.18 20:59:26.871,1.96933,1.96977,0.75,0.75
2016.02.18 20:59:28.225,1.96934,1.96977,0.75,0.75
2016.02.18 20:59:28.326,1.96928,1.96977,0.75,1.50
2016.02.18 20:59:28.779,1.96933,1.96977,0.75,0.75
2016.02.18 20:59:28.881,1.96928,1.96983,1.50,1.50
2016.02.18 20:59:29.183,1.96934,1.96983,0.75,0.75
2016.02.18 20:59:29.693,1.96933,1.96983,0.75,0.75
2016.02.18 20:59:29.744,1.9693,1.96983,0.75,0.75
2016.02.18 20:59:29.980,1.96933,1.96983,0.75,0.75
2016.02.18 20:59:30.282,1.96936,1.96983,0.75,0.75
2016.02.18 20:59:30.708,1.96938,1.96983,0.75,0.75
2016.02.18 20:59:31.084,1.96938,1.96989,0.75,0.75
2016.02.18 20:59:31.135,1.9694,1.96989,0.75,0.75
2016.02.18 20:59:31.235,1.96938,1.96989,0.75,0.75
2016.02.18 20:59:31.286,1.96953,1.96996,0.75,0.75
2016.02.18 20:59:31.588,1.96953,1.97004,0.75,0.75
2016.02.18 20:59:31.689,1.96952,1.97007,0.75,1.50
2016.02.18 20:59:31.739,1.96957,1.97007,0.75,1.50
2016.02.18 20:59:31.790,1.96957,1.97012,0.75,0.75
2016.02.18 20:59:32.001,1.9696,1.97017,0.75,0.75
2016.02.18 20:59:32.053,1.96973,1.97017,0.75,0.75
2016.02.18 20:59:32.557,1.96974,1.97018,0.75,0.75
2016.02.18 20:59:33.095,1.96974,1.97017,0.75,0.75
2016.02.18 20:59:33.628,1.96974,1.97018,0.75,0.75
2016.02.18 20:59:33.880,1.96974,1.97021,0.75,0.75
2016.02.18 20:59:33.981,1.96998,1.97024,0.75,0.75
2016.02.18 20:59:34.031,1.96998,1.97032,0.75,0.75
2016.02.18 20:59:34.082,1.96993,1.97031,0.75,0.75
2016.02.18 20:59:34.183,1.96992,1.97039,0.75,0.75
2016.02.18 20:59:34.384,1.96998,1.97039,0.75,0.75
2016.02.18 20:59:34.435,1.96998,1.97041,0.75,0.75
2016.02.18 20:59:34.586,1.97,1.97041,0.37,0.75
2016.02.18 20:59:34.906,1.97003,1.97041,0.75,0.75
2016.02.18 20:59:35.058,1.97,1.97041,0.37,0.75
2016.02.18 20:59:35.159,1.97003,1.97041,0.75,0.75
2016.02.18 20:59:35.700,1.97004,1.9704,0.75,0.75
2016.02.18 20:59:36.690,1.97003,1.9704,0.75,0.75
2016.02.18 20:59:37.050,1.97013,1.9704,0.75,0.75
2016.02.18 20:59:37.101,1.97013,1.97047,0.75,1.50
2016.02.18 20:59:37.302,1.97015,1.97053,0.37,0.75
2016.02.18 20:59:37.353,1.97019,1.97053,0.75,0.75
2016.02.18 20:59:37.693,1.97031,1.97058,0.37,1.50
2016.02.18 20:59:37.868,1.97031,1.97069,0.37,1.50
2016.02.18 20:59:39.220,1.97031,1.97071,0.37,0.75
2016.02.18 20:59:40.324,1.97033,1.9707,0.75,0.75
2016.02.18 20:59:43.724,1.97028,1.97071,0.75,0.75
2016.02.18 20:59:43.775,1.97022,1.97071,1.50,0.75
2016.02.18 20:59:43.937,1.97024,1.9707,0.75,0.75
2016.02.18 20:59:44.492,1.97022,1.9707,0.75,0.75
2016.02.18 20:59:44.794,1.97025,1.97071,0.75,0.75
2016.02.18 20:59:45.096,1.97033,1.97077,0.75,0.75
2016.02.18 20:59:45.398,1.97038,1.97084,0.75,0.75
2016.02.18 20:59:45.499,1.97033,1.97084,0.75,0.75
2016.02.18 20:59:45.766,1.97043,1.97084,0.75,0.75
2016.02.18 20:59:46.096,1.97045,1.97084,0.37,0.75
2016.02.18 20:59:46.598,1.97046,1.97085,0.75,0.75
2016.02.18 20:59:46.850,1.97044,1.97085,0.37,0.75
2016.02.18 20:59:46.951,1.97046,1.97085,0.75,0.75
2016.02.18 20:59:47.452,1.97047,1.97088,0.75,0.75
2016.02.18 20:59:48.943,1.97048,1.97088,0.75,0.75
2016.02.18 20:59:50.247,1.97043,1.97089,2.25,0.75
2016.02.18 20:59:50.810,1.97044,1.97089,0.75,0.75
2016.02.18 20:59:51.452,1.97043,1.97089,0.75,0.75
2016.02.18 20:59:51.502,1.97045,1.97089,0.75,0.75
2016.02.18 20:59:52.012,1.97044,1.97089,0.75,0.75
2016.02.18 20:59:52.163,1.97045,1.97094,1.50,0.75
2016.02.18 20:59:52.214,1.97043,1.97094,0.75,0.75
2016.02.18 20:59:52.315,1.97043,1.97092,0.75,0.75
2016.02.18 20:59:52.365,1.97033,1.97092,0.75,1.50
2016.02.18 20:59:52.466,1.97032,1.97088,0.75,0.75
2016.02.18 20:59:52.751,1.97029,1.97087,0.75,0.75
2016.02.18 20:59:53.276,1.97028,1.97087,0.75,0.75
2016.02.18 20:59:53.326,1.97026,1.97083,0.75,0.75
2016.02.18 20:59:53.784,1.97022,1.97081,1.50,0.75
2016.02.18 20:59:53.851,1.97024,1.97081,0.75,0.75
2016.02.18 20:59:54.052,1.97022,1.97081,1.50,0.75
2016.02.18 20:59:54.210,1.97026,1.97082,0.75,1.50
2016.02.18 20:59:54.526,1.97024,1.97081,1.50,0.75
2016.02.18 20:59:54.577,1.97022,1.97081,1.50,0.75
2016.02.18 20:59:54.778,1.97026,1.97082,0.75,1.50
2016.02.18 20:59:55.107,1.97028,1.97082,0.75,1.50
2016.02.18 20:59:55.379,1.97026,1.97082,0.75,1.50
2016.02.18 20:59:55.604,1.97028,1.97082,0.75,2.25
2016.02.18 20:59:56.087,1.9703,1.97082,0.75,0.75
2016.02.18 20:59:56.411,1.97027,1.97082,1.50,0.75
2016.02.18 20:59:56.623,1.97029,1.97081,0.75,0.75
2016.02.18 20:59:56.957,1.97031,1.97081,0.75,0.75
2016.02.18 20:59:57.108,1.97029,1.97082,0.75,0.75
2016.02.18 20:59:57.641,1.9703,1.97082,0.75,0.75
2016.02.18 20:59:58.194,1.97029,1.97082,0.75,0.75
2016.02.18 20:59:58.697,1.97028,1.97082,0.75,0.75
2016.02.18 20:59:58.898,1.97026,1.97082,1.50,0.75
2016.02.18 20:59:58.999,1.97023,1.97082,2.25,1.50
2016.02.18 20:59:59.100,1.97027,1.97081,0.75,0.75
2016.02.18 20:59:59.622,1.97027,1.97082,1.50,0.75
