2016.03.30 10:00:00.523,1.87698,1.87738,1.00,1.50
2016.03.30 10:00:00.938,1.87697,1.87736,1.00,1.00
2016.03.30 10:00:01.241,1.87697,1.87738,1.00,1.50
2016.03.30 10:00:02.463,1.87697,1.87737,1.00,1.00
2016.03.30 10:00:03.880,1.87697,1.87738,1.00,2.25
2016.03.30 10:00:04.031,1.87697,1.87736,1.00,1.00
2016.03.30 10:00:04.535,1.87697,1.87735,1.00,1.00
2016.03.30 10:00:04.917,1.87697,1.87738,1.37,1.00
2016.03.30 10:00:05.018,1.877,1.87741,1.12,1.00
2016.03.30 10:00:05.370,1.87695,1.87734,1.87,1.00
2016.03.30 10:00:05.471,1.87701,1.87743,1.00,1.00
2016.03.30 10:00:05.522,1.87709,1.87748,1.00,1.50
2016.03.30 10:00:05.773,1.87711,1.87752,1.37,1.00
2016.03.30 10:00:05.824,1.8772,1.87756,1.00,1.00
2016.03.30 10:00:05.875,1.8772,1.87761,1.00,1.50
2016.03.30 10:00:07.454,1.8772,1.87762,1.00,2.25
2016.03.30 10:00:07.642,1.8772,1.87759,1.00,1.00
2016.03.30 10:00:07.743,1.87713,1.87753,1.50,1.50
2016.03.30 10:00:07.844,1.87713,1.87751,1.00,1.00
2016.03.30 10:00:07.946,1.87708,1.87747,1.00,1.00
2016.03.30 10:00:07.997,1.87706,1.87745,1.00,1.00
2016.03.30 10:00:08.316,1.87703,1.87742,1.00,1.00
2016.03.30 10:00:09.358,1.87702,1.87742,1.00,1.00
2016.03.30 10:00:09.903,1.87703,1.87742,1.00,1.00
2016.03.30 10:00:10.209,1.87707,1.87742,1.00,1.00
2016.03.30 10:00:12.462,1.87707,1.87741,1.00,1.00
2016.03.30 10:00:12.563,1.877,1.87738,1.00,1.00
2016.03.30 10:00:13.094,1.877,1.87739,1.00,1.00
2016.03.30 10:00:14.591,1.87701,1.87739,1.00,1.00
2016.03.30 10:00:14.772,1.87704,1.87739,1.00,1.00
2016.03.30 10:00:15.672,1.87708,1.87739,1.00,1.00
2016.03.30 10:00:15.912,1.87703,1.87739,1.00,1.00
2016.03.30 10:00:15.963,1.87703,1.87741,1.37,1.00
2016.03.30 10:00:16.115,1.87703,1.87743,1.37,1.00
2016.03.30 10:00:16.628,1.87704,1.87743,1.37,1.00
2016.03.30 10:00:17.443,1.87703,1.87743,1.12,1.00
2016.03.30 10:00:18.044,1.87708,1.87743,1.00,1.00
2016.03.30 10:00:18.718,1.87703,1.87743,1.00,1.00
2016.03.30 10:00:19.260,1.87704,1.87743,1.00,1.00
2016.03.30 10:00:19.487,1.87702,1.87743,1.00,1.00
2016.03.30 10:00:19.588,1.87703,1.8774,1.00,1.00
2016.03.30 10:00:19.891,1.877,1.87737,1.00,1.00
2016.03.30 10:00:20.240,1.87704,1.87737,1.00,1.00
2016.03.30 10:00:21.229,1.87703,1.87737,1.00,1.00
2016.03.30 10:00:21.431,1.87701,1.87737,1.00,1.50
2016.03.30 10:00:21.481,1.87696,1.87732,1.00,1.00
2016.03.30 10:00:21.683,1.87696,1.87737,1.50,1.50
2016.03.30 10:00:21.790,1.87699,1.87737,1.00,1.50
2016.03.30 10:00:22.423,1.87698,1.87737,1.00,1.00
2016.03.30 10:00:23.203,1.87704,1.87737,1.00,1.00
2016.03.30 10:00:24.314,1.87703,1.87737,1.00,1.00
2016.03.30 10:00:28.123,1.87698,1.87737,1.00,1.00
2016.03.30 10:00:30.900,1.87696,1.87734,1.50,1.00
2016.03.30 10:00:31.203,1.87695,1.87731,1.00,1.00
2016.03.30 10:00:31.455,1.87691,1.87731,1.00,1.00
2016.03.30 10:00:31.606,1.87691,1.87729,1.00,1.00
2016.03.30 10:00:32.224,1.87691,1.8773,1.00,1.50
2016.03.30 10:00:32.375,1.87688,1.87729,2.25,1.50
2016.03.30 10:00:32.426,1.87688,1.87726,1.50,1.00
2016.03.30 10:00:32.734,1.87688,1.87722,1.50,1.00
2016.03.30 10:00:34.224,1.87689,1.87722,1.50,1.00
2016.03.30 10:00:34.526,1.87688,1.87716,1.50,1.00
2016.03.30 10:00:35.777,1.87688,1.8771,1.50,1.00
2016.03.30 10:00:35.828,1.87678,1.8771,1.00,1.00
2016.03.30 10:00:36.203,1.87679,1.87707,1.00,1.00
2016.03.30 10:00:36.506,1.87678,1.87702,1.00,1.00
2016.03.30 10:00:37.056,1.87678,1.87701,1.00,1.00
2016.03.30 10:00:37.614,1.87678,1.877,1.00,1.00
2016.03.30 10:00:38.368,1.87678,1.87699,1.00,1.00
2016.03.30 10:00:38.935,1.87675,1.87699,1.00,1.00
2016.03.30 10:00:39.630,1.87675,1.87696,1.00,1.00
2016.03.30 10:00:39.831,1.87674,1.87699,1.00,1.00
2016.03.30 10:00:40.232,1.87674,1.87697,1.00,1.00
2016.03.30 10:00:40.585,1.87668,1.87694,1.00,1.00
2016.03.30 10:00:40.686,1.87667,1.87692,1.00,1.00
2016.03.30 10:00:42.074,1.87668,1.87694,1.00,1.00
2016.03.30 10:00:43.568,1.87668,1.87695,1.50,1.00
2016.03.30 10:00:43.770,1.87668,1.87699,1.50,1.00
2016.03.30 10:00:44.146,1.87673,1.877,1.00,1.00
2016.03.30 10:00:44.576,1.87673,1.87703,1.00,1.00
2016.03.30 10:00:45.130,1.87673,1.87704,1.00,1.00
2016.03.30 10:00:45.611,1.87673,1.87702,1.00,1.00
2016.03.30 10:00:46.154,1.87673,1.87703,1.00,1.00
2016.03.30 10:00:46.683,1.87673,1.87704,1.00,1.00
2016.03.30 10:00:47.281,1.87673,1.87705,1.00,1.00
2016.03.30 10:00:47.814,1.87673,1.87704,1.00,1.00
2016.03.30 10:00:48.374,1.87673,1.87705,1.00,1.00
2016.03.30 10:00:48.864,1.87679,1.87705,1.00,1.00
2016.03.30 10:00:49.423,1.87678,1.87705,1.00,1.00
2016.03.30 10:00:52.667,1.87678,1.87706,1.00,1.50
2016.03.30 10:00:53.209,1.87679,1.87706,1.00,1.00
2016.03.30 10:00:53.260,1.87678,1.87709,1.00,1.00
2016.03.30 10:00:54.295,1.87678,1.87706,1.00,1.00
2016.03.30 10:00:54.615,1.87673,1.877,1.00,1.00
2016.03.30 10:00:55.165,1.87673,1.87699,1.00,1.00
2016.03.30 10:00:55.896,1.87673,1.87697,1.00,1.00
2016.03.30 10:00:56.494,1.87668,1.87697,1.50,1.00
2016.03.30 10:00:56.695,1.87658,1.87689,1.00,1.00
2016.03.30 10:00:56.796,1.87659,1.87691,1.00,1.00
2016.03.30 10:00:56.897,1.87659,1.87689,1.00,1.00
2016.03.30 10:00:57.099,1.87657,1.87692,1.00,1.00
2016.03.30 10:00:57.200,1.87663,1.87689,1.00,1.00
2016.03.30 10:00:57.301,1.87663,1.87692,1.00,1.00
2016.03.30 10:00:57.402,1.87663,1.87694,1.00,1.00
2016.03.30 10:00:57.731,1.87669,1.87694,1.00,1.00
2016.03.30 10:00:57.785,1.87669,1.87696,1.00,1.50
2016.03.30 10:00:57.836,1.87664,1.87696,1.00,1.50
2016.03.30 10:00:57.960,1.87668,1.87696,1.00,1.50
2016.03.30 10:00:58.162,1.87664,1.87696,1.00,1.50
2016.03.30 10:00:58.483,1.87668,1.87696,1.00,1.50
2016.03.30 10:00:59.582,1.87663,1.87696,1.00,1.50
2016.03.30 10:01:00.094,1.87664,1.87696,1.00,1.00
2016.03.30 10:01:00.496,1.87673,1.87695,1.00,1.00
2016.03.30 10:01:00.779,1.87674,1.87704,1.00,1.00
2016.03.30 10:01:00.829,1.87678,1.87705,1.00,1.00
2016.03.30 10:01:00.930,1.87679,1.87708,1.00,1.00
2016.03.30 10:01:00.981,1.87679,1.87712,1.00,1.00
2016.03.30 10:01:01.032,1.87679,1.87714,1.00,1.50
2016.03.30 10:01:01.587,1.87675,1.87714,1.87,1.50
2016.03.30 10:01:01.892,1.87679,1.87714,1.00,1.50
2016.03.30 10:01:02.271,1.87679,1.87712,1.00,1.00
2016.03.30 10:01:03.610,1.87679,1.87714,1.00,1.50
2016.03.30 10:01:03.661,1.87676,1.87714,1.00,1.50
2016.03.30 10:01:04.202,1.87678,1.87714,1.00,1.50
2016.03.30 10:01:04.512,1.87676,1.87714,1.00,1.50
2016.03.30 10:01:04.944,1.87678,1.87714,1.37,1.50
2016.03.30 10:01:05.247,1.87683,1.87714,1.00,1.00
2016.03.30 10:01:05.552,1.87688,1.87718,1.00,1.50
2016.03.30 10:01:06.605,1.87688,1.87717,1.00,1.00
2016.03.30 10:01:06.656,1.87684,1.87717,1.00,1.00
2016.03.30 10:01:06.706,1.87684,1.87714,1.00,1.00
2016.03.30 10:01:06.961,1.87682,1.87719,1.37,1.00
2016.03.30 10:01:07.062,1.87683,1.87719,1.00,1.00
2016.03.30 10:01:07.113,1.87682,1.87716,1.00,1.00
2016.03.30 10:01:07.163,1.87676,1.87713,1.00,1.00
2016.03.30 10:01:07.418,1.87674,1.87703,1.00,1.00
2016.03.30 10:01:07.522,1.87668,1.87702,1.00,1.00
2016.03.30 10:01:07.724,1.87668,1.87704,1.50,1.00
2016.03.30 10:01:07.825,1.87669,1.87706,1.00,1.00
2016.03.30 10:01:07.926,1.8767,1.87708,1.00,1.50
2016.03.30 10:01:08.463,1.87668,1.87705,1.50,1.00
2016.03.30 10:01:08.978,1.87669,1.87704,1.00,1.00
2016.03.30 10:01:09.764,1.87667,1.87702,1.00,1.00
2016.03.30 10:01:10.067,1.87667,1.87698,1.00,1.00
2016.03.30 10:01:10.429,1.87667,1.87695,1.00,1.00
2016.03.30 10:01:10.816,1.87662,1.87695,1.00,1.00
2016.03.30 10:01:11.683,1.87663,1.87699,1.00,1.00
2016.03.30 10:01:11.783,1.87663,1.87701,1.00,1.00
2016.03.30 10:01:12.236,1.87665,1.87701,1.00,1.00
2016.03.30 10:01:12.287,1.87666,1.87703,1.00,1.00
2016.03.30 10:01:12.338,1.87672,1.87708,1.00,1.00
2016.03.30 10:01:13.142,1.87673,1.87709,1.00,1.00
2016.03.30 10:01:13.874,1.87672,1.87711,1.00,1.50
2016.03.30 10:01:14.357,1.87672,1.87709,1.00,1.00
2016.03.30 10:01:15.344,1.87672,1.87711,1.00,1.50
2016.03.30 10:01:15.584,1.87674,1.87711,1.00,1.00
2016.03.30 10:01:15.786,1.87676,1.87715,1.00,1.00
2016.03.30 10:01:16.464,1.87676,1.87716,1.00,1.00
2016.03.30 10:01:17.074,1.87675,1.87715,1.00,1.00
2016.03.30 10:01:17.718,1.87675,1.87716,1.00,1.50
2016.03.30 10:01:18.250,1.87675,1.87715,1.00,1.00
2016.03.30 10:01:18.569,1.87677,1.87716,1.00,1.50
2016.03.30 10:01:18.889,1.8769,1.87727,1.00,1.00
2016.03.30 10:01:19.225,1.87692,1.87727,1.00,1.00
2016.03.30 10:01:19.859,1.87692,1.87728,1.00,1.00
2016.03.30 10:01:20.646,1.87693,1.87728,1.00,1.00
2016.03.30 10:01:20.981,1.8769,1.87728,1.00,1.00
2016.03.30 10:01:22.358,1.87688,1.87724,1.00,1.00
2016.03.30 10:01:24.001,1.87688,1.87722,1.00,1.00
2016.03.30 10:01:25.582,1.87688,1.87723,1.00,1.00
2016.03.30 10:01:26.348,1.87688,1.87726,1.00,1.00
2016.03.30 10:01:26.398,1.87688,1.87723,1.00,1.00
2016.03.30 10:01:27.277,1.87688,1.87725,1.00,1.00
2016.03.30 10:01:27.979,1.87688,1.87723,1.00,1.00
2016.03.30 10:01:28.194,1.87688,1.87726,1.50,1.00
2016.03.30 10:01:28.731,1.87689,1.87727,1.00,1.00
2016.03.30 10:01:29.967,1.87691,1.87727,1.00,1.00
2016.03.30 10:01:32.210,1.87691,1.87728,1.00,1.00
2016.03.30 10:01:32.790,1.87692,1.87728,1.00,1.00
2016.03.30 10:01:33.329,1.87691,1.87728,1.00,1.00
2016.03.30 10:01:33.896,1.87691,1.87726,1.00,1.00
2016.03.30 10:01:34.244,1.87691,1.87724,1.00,1.00
2016.03.30 10:01:34.345,1.87691,1.87726,1.00,1.00
2016.03.30 10:01:34.497,1.87691,1.87729,1.50,1.00
2016.03.30 10:01:35.002,1.87692,1.8773,1.00,1.00
2016.03.30 10:01:35.200,1.87692,1.87728,1.00,1.00
2016.03.30 10:01:35.950,1.87692,1.8773,1.00,1.00
2016.03.30 10:01:37.207,1.87691,1.87727,1.00,1.00
2016.03.30 10:01:37.753,1.87691,1.87729,1.50,1.00
2016.03.30 10:01:38.036,1.87691,1.87725,1.00,1.00
2016.03.30 10:01:38.746,1.87691,1.87726,1.00,1.00
2016.03.30 10:01:39.851,1.87691,1.87725,1.00,1.00
2016.03.30 10:01:42.124,1.87691,1.87726,1.00,1.00
2016.03.30 10:01:42.525,1.87691,1.87724,1.00,1.00
2016.03.30 10:01:43.125,1.87692,1.87724,1.00,1.00
2016.03.30 10:01:44.014,1.87691,1.87724,1.00,1.00
2016.03.30 10:01:44.547,1.87692,1.87724,1.00,1.00
2016.03.30 10:01:44.681,1.87692,1.87726,1.00,1.00
2016.03.30 10:01:46.253,1.87691,1.87726,1.00,1.00
2016.03.30 10:01:46.787,1.87691,1.87727,1.00,1.00
2016.03.30 10:01:47.641,1.87691,1.87728,1.00,1.00
2016.03.30 10:01:48.144,1.87691,1.87729,1.50,1.00
2016.03.30 10:01:50.797,1.87696,1.87729,1.00,1.00
2016.03.30 10:01:51.196,1.87696,1.87731,1.00,1.00
2016.03.30 10:01:53.713,1.87696,1.87733,1.00,1.00
2016.03.30 10:01:54.391,1.87697,1.87734,1.00,1.00
2016.03.30 10:01:56.398,1.87699,1.87735,1.00,1.00
2016.03.30 10:01:58.166,1.87696,1.87734,1.00,1.00
2016.03.30 10:01:58.319,1.87698,1.87733,1.00,1.00
2016.03.30 10:01:58.420,1.87702,1.87739,1.00,1.00
2016.03.30 10:01:58.711,1.877,1.87738,1.00,1.50
2016.03.30 10:01:58.913,1.87698,1.87737,1.00,1.00
2016.03.30 10:01:59.928,1.87697,1.87735,1.00,1.00
2016.03.30 10:02:00.416,1.87698,1.87737,1.00,1.00
2016.03.30 10:02:00.944,1.87704,1.87737,1.12,1.00
2016.03.30 10:02:00.994,1.8771,1.87744,1.00,1.00
2016.03.30 10:02:01.147,1.87714,1.87748,1.00,1.00
2016.03.30 10:02:02.238,1.87714,1.87748,1.00,1.34
2016.03.30 10:02:02.426,1.87703,1.8774,1.37,1.00
2016.03.30 10:02:02.829,1.87708,1.87746,1.00,1.50
2016.03.30 10:02:03.232,1.87711,1.87748,1.00,1.00
2016.03.30 10:02:03.779,1.87711,1.87749,1.00,1.00
2016.03.30 10:02:04.081,1.87711,1.87746,1.00,1.00
2016.03.30 10:02:04.831,1.87711,1.87749,1.00,1.00
2016.03.30 10:02:06.629,1.87712,1.8775,1.00,1.00
2016.03.30 10:02:06.730,1.87711,1.87747,1.00,1.00
2016.03.30 10:02:07.517,1.87711,1.87745,1.00,1.00
2016.03.30 10:02:07.937,1.87711,1.87748,1.00,1.00
2016.03.30 10:02:08.440,1.87711,1.87747,1.00,1.00
2016.03.30 10:02:11.386,1.87711,1.87749,1.00,1.00
2016.03.30 10:02:11.437,1.87711,1.87751,1.00,1.00
2016.03.30 10:02:12.374,1.87711,1.87752,1.00,1.50
2016.03.30 10:02:14.384,1.87711,1.87749,1.00,1.00
2016.03.30 10:02:15.052,1.87711,1.87748,1.00,1.00
2016.03.30 10:02:15.567,1.87711,1.87752,1.00,1.00
2016.03.30 10:02:22.561,1.87711,1.87751,1.00,1.00
2016.03.30 10:02:23.103,1.87711,1.87752,1.00,1.50
2016.03.30 10:02:30.480,1.87711,1.87751,1.00,1.00
2016.03.30 10:02:31.306,1.87711,1.8775,1.00,1.00
2016.03.30 10:02:31.918,1.87711,1.87752,1.00,1.50
2016.03.30 10:02:32.184,1.87711,1.8775,1.00,1.00
2016.03.30 10:02:32.631,1.87711,1.87752,1.00,1.50
2016.03.30 10:02:32.886,1.87711,1.8775,1.00,1.00
2016.03.30 10:02:34.538,1.87711,1.87752,1.00,1.50
2016.03.30 10:02:34.839,1.87711,1.8775,1.00,1.00
2016.03.30 10:02:41.066,1.87711,1.87749,1.00,1.00
2016.03.30 10:02:41.775,1.87711,1.8775,1.00,1.00
2016.03.30 10:02:42.587,1.87708,1.87749,1.00,1.50
2016.03.30 10:02:42.638,1.87706,1.87745,1.00,1.00
2016.03.30 10:02:42.957,1.87694,1.87731,1.00,1.00
2016.03.30 10:02:43.996,1.87694,1.87732,1.00,1.00
2016.03.30 10:02:44.513,1.87694,1.87733,1.00,1.50
2016.03.30 10:02:45.594,1.87696,1.87734,1.00,1.00
2016.03.30 10:02:46.176,1.87696,1.87733,1.00,1.00
2016.03.30 10:02:46.256,1.87696,1.87735,1.00,1.00
2016.03.30 10:02:47.759,1.87696,1.87734,1.00,1.00
2016.03.30 10:02:48.389,1.87698,1.87737,1.00,1.50
2016.03.30 10:02:48.490,1.87701,1.87739,1.00,1.00
2016.03.30 10:02:48.799,1.87703,1.87734,1.00,1.00
2016.03.30 10:02:49.131,1.87697,1.87732,1.00,1.00
2016.03.30 10:02:49.434,1.87694,1.87731,1.00,1.00
2016.03.30 10:02:49.786,1.87698,1.87734,1.00,1.00
2016.03.30 10:02:50.089,1.877,1.87737,1.00,1.00
2016.03.30 10:02:50.567,1.87701,1.8774,1.50,1.00
2016.03.30 10:02:51.100,1.87702,1.8774,1.00,1.00
2016.03.30 10:02:51.324,1.87705,1.87741,1.00,1.00
2016.03.30 10:02:51.838,1.87705,1.87742,1.00,1.00
2016.03.30 10:02:52.314,1.87705,1.87747,1.00,1.50
2016.03.30 10:02:52.922,1.87705,1.87746,1.00,1.00
2016.03.30 10:03:02.337,1.87705,1.87747,1.00,1.50
2016.03.30 10:03:04.026,1.87705,1.87747,1.00,1.37
2016.03.30 10:03:04.311,1.87697,1.87739,1.00,1.12
2016.03.30 10:03:04.362,1.87697,1.87737,1.00,1.00
2016.03.30 10:03:04.413,1.87691,1.87733,1.00,1.00
2016.03.30 10:03:04.464,1.87691,1.87733,1.00,1.37
2016.03.30 10:03:04.515,1.87689,1.87728,1.00,1.00
2016.03.30 10:03:04.666,1.87687,1.87728,1.00,1.00
2016.03.30 10:03:05.028,1.87684,1.87725,1.50,1.00
2016.03.30 10:03:08.308,1.87685,1.87725,1.00,1.00
2016.03.30 10:03:08.359,1.87691,1.87733,1.12,1.00
2016.03.30 10:03:08.611,1.87695,1.87736,1.00,1.00
2016.03.30 10:03:30.813,1.87695,1.87736,1.00,1.37
2016.03.30 10:03:30.964,1.87687,1.87729,1.00,1.00
2016.03.30 10:03:38.020,1.87687,1.87729,1.00,1.34
2016.03.30 10:03:38.272,1.87677,1.87715,1.00,1.00
2016.03.30 10:03:38.910,1.87677,1.87718,1.00,1.00
2016.03.30 10:03:47.754,1.87677,1.87718,1.00,1.37
2016.03.30 10:03:47.997,1.87669,1.87711,1.00,1.37
2016.03.30 10:03:48.557,1.87669,1.87711,1.00,1.00
2016.03.30 10:03:51.370,1.87673,1.87712,1.00,1.00
2016.03.30 10:03:51.471,1.87675,1.87716,1.00,1.00
2016.03.30 10:04:01.204,1.87668,1.87707,1.00,1.00
2016.03.30 10:04:01.355,1.8767,1.8771,1.00,1.00
2016.03.30 10:04:05.874,1.87664,1.87705,1.00,1.00
2016.03.30 10:04:06.176,1.87664,1.87701,1.00,1.00
2016.03.30 10:04:08.074,1.87664,1.87705,1.00,1.37
2016.03.30 10:04:09.683,1.87664,1.87705,1.00,1.00
2016.03.30 10:04:22.919,1.8766,1.87696,1.37,1.00
2016.03.30 10:04:22.970,1.8767,1.87709,1.00,1.50
2016.03.30 10:04:23.477,1.8767,1.87708,1.00,1.00
2016.03.30 10:04:26.171,1.8767,1.87711,1.00,1.00
2016.03.30 10:04:29.225,1.8767,1.87709,1.00,1.00
2016.03.30 10:04:29.509,1.8767,1.87711,1.00,1.00
2016.03.30 10:04:41.251,1.87665,1.87705,1.00,1.00
2016.03.30 10:04:41.628,1.87663,1.87704,1.00,1.12
2016.03.30 10:04:43.580,1.87668,1.87708,1.00,1.00
2016.03.30 10:04:45.780,1.8767,1.87711,1.00,1.00
2016.03.30 10:04:51.112,1.8767,1.87711,1.00,1.37
2016.03.30 10:04:51.594,1.87667,1.87708,1.00,1.00
2016.03.30 10:04:59.978,1.8767,1.87711,1.00,1.00
2016.03.30 10:05:08.945,1.87674,1.87715,1.00,1.00
2016.03.30 10:05:09.283,1.87678,1.87717,1.00,1.00
2016.03.30 10:05:11.182,1.87678,1.87715,1.00,1.37
2016.03.30 10:05:11.233,1.8767,1.8771,1.00,1.37
2016.03.30 10:05:11.334,1.87663,1.87704,1.00,1.00
2016.03.30 10:05:11.384,1.87663,1.877,1.00,1.00
2016.03.30 10:05:11.536,1.87658,1.877,1.00,1.00
2016.03.30 10:05:16.072,1.87658,1.877,1.00,1.37
2016.03.30 10:05:18.449,1.87658,1.877,1.00,1.37
2016.03.30 10:05:25.101,1.87658,1.877,1.00,1.00
2016.03.30 10:05:28.025,1.87658,1.87695,1.00,1.00
2016.03.30 10:05:28.470,1.87655,1.87695,1.00,1.00
2016.03.30 10:05:31.286,1.8765,1.87692,1.00,1.00
2016.03.30 10:05:31.438,1.87648,1.87688,1.00,1.00
2016.03.30 10:05:32.104,1.87649,1.87688,1.00,1.00
2016.03.30 10:05:32.634,1.87648,1.87688,1.00,1.00
2016.03.30 10:05:33.412,1.87651,1.87692,1.00,1.00
2016.03.30 10:05:34.411,1.87654,1.87695,1.00,1.00
2016.03.30 10:05:37.190,1.87648,1.87688,1.00,1.00
2016.03.30 10:05:37.718,1.87649,1.87688,1.00,1.00
2016.03.30 10:05:40.309,1.87648,1.87688,1.00,1.00
2016.03.30 10:05:40.946,1.87647,1.87688,1.00,1.00
2016.03.30 10:05:44.280,1.87648,1.87685,1.00,1.00
2016.03.30 10:05:45.526,1.87647,1.87685,1.00,1.00
2016.03.30 10:05:46.811,1.87648,1.87686,1.00,1.00
2016.03.30 10:05:47.113,1.8765,1.87688,1.00,1.00
2016.03.30 10:05:52.849,1.87652,1.87687,1.00,1.00
2016.03.30 10:05:53.151,1.87651,1.87685,1.00,1.00
2016.03.30 10:05:54.697,1.87651,1.87683,1.00,1.00
2016.03.30 10:05:54.797,1.87651,1.87685,1.00,1.00
2016.03.30 10:05:56.499,1.87644,1.87682,1.00,1.00
2016.03.30 10:05:56.801,1.87643,1.87677,1.50,1.00
2016.03.30 10:05:57.364,1.87643,1.87676,1.50,1.00
2016.03.30 10:05:59.134,1.87643,1.87677,1.50,1.00
2016.03.30 10:05:59.499,1.87643,1.87679,1.50,1.00
2016.03.30 10:06:01.107,1.87643,1.87676,1.00,1.00
2016.03.30 10:06:01.644,1.87643,1.87675,1.00,1.00
2016.03.30 10:06:04.605,1.87643,1.87677,1.00,1.00
2016.03.30 10:06:04.733,1.8764,1.87677,1.00,1.00
2016.03.30 10:06:06.140,1.87642,1.87679,1.00,1.50
2016.03.30 10:06:06.514,1.8764,1.87678,1.50,1.00
2016.03.30 10:06:07.019,1.87641,1.87679,1.00,1.00
2016.03.30 10:06:09.677,1.87642,1.87679,1.00,1.00
2016.03.30 10:06:10.222,1.87643,1.87679,1.00,1.00
2016.03.30 10:06:10.557,1.87645,1.87679,1.00,1.00
2016.03.30 10:06:10.875,1.87645,1.87674,1.00,1.00
2016.03.30 10:06:11.026,1.87645,1.87681,1.50,1.00
2016.03.30 10:06:11.837,1.87645,1.87676,1.00,1.00
2016.03.30 10:06:11.888,1.87643,1.87676,1.00,1.00
2016.03.30 10:06:12.043,1.87643,1.87679,1.00,1.00
2016.03.30 10:06:12.245,1.87643,1.87677,1.00,1.00
2016.03.30 10:06:12.397,1.87646,1.87681,1.00,1.00
2016.03.30 10:06:12.940,1.87646,1.87682,1.00,1.00
2016.03.30 10:06:14.244,1.87646,1.87683,1.50,1.00
2016.03.30 10:06:15.040,1.87648,1.87684,1.00,1.00
2016.03.30 10:06:15.441,1.87651,1.87689,1.00,1.00
2016.03.30 10:06:15.885,1.87649,1.87687,1.50,1.00
2016.03.30 10:06:16.288,1.87649,1.87685,1.00,1.00
2016.03.30 10:06:16.338,1.87647,1.87685,1.00,1.00
2016.03.30 10:06:16.389,1.87645,1.87684,1.50,1.00
2016.03.30 10:06:16.490,1.87645,1.8768,1.00,1.00
2016.03.30 10:06:16.642,1.87641,1.87677,1.00,1.00
2016.03.30 10:06:16.743,1.87639,1.87677,1.50,1.00
2016.03.30 10:06:17.059,1.87639,1.87675,1.50,1.00
2016.03.30 10:06:17.245,1.87639,1.87677,1.50,1.00
2016.03.30 10:06:18.282,1.87639,1.87675,1.50,1.00
2016.03.30 10:06:18.819,1.87639,1.87676,1.50,1.00
2016.03.30 10:06:23.073,1.87639,1.87674,1.50,1.00
2016.03.30 10:06:23.489,1.87639,1.87676,1.50,1.00
2016.03.30 10:06:24.125,1.87639,1.87677,2.25,1.00
2016.03.30 10:06:24.380,1.87639,1.87674,1.50,1.00
2016.03.30 10:06:24.924,1.87639,1.87675,1.50,1.50
2016.03.30 10:06:27.003,1.87636,1.87674,1.00,1.00
2016.03.30 10:06:27.308,1.87638,1.87672,1.37,1.00
2016.03.30 10:06:27.409,1.87643,1.8768,1.00,1.00
2016.03.30 10:06:27.510,1.87641,1.87678,1.00,1.00
2016.03.30 10:06:28.604,1.87641,1.87676,1.00,1.00
2016.03.30 10:06:29.127,1.87641,1.87677,1.00,1.00
2016.03.30 10:06:31.765,1.87641,1.87676,1.00,1.00
2016.03.30 10:06:32.396,1.87641,1.87673,1.00,1.00
2016.03.30 10:06:33.517,1.87641,1.87674,1.00,1.00
2016.03.30 10:06:34.029,1.87641,1.87673,1.00,1.00
2016.03.30 10:06:34.739,1.87641,1.87675,1.00,1.00
2016.03.30 10:06:35.273,1.87641,1.87676,1.00,1.00
2016.03.30 10:06:36.139,1.87641,1.87679,1.00,1.00
2016.03.30 10:06:36.671,1.87641,1.87677,1.00,1.00
2016.03.30 10:06:38.985,1.87641,1.87678,1.50,1.00
2016.03.30 10:06:41.069,1.87641,1.87676,1.00,1.00
2016.03.30 10:06:43.852,1.8764,1.87676,1.50,1.84
2016.03.30 10:06:43.903,1.87631,1.87668,1.00,1.12
2016.03.30 10:06:44.004,1.87627,1.87665,1.50,1.00
2016.03.30 10:06:44.203,1.87627,1.87662,1.00,1.00
2016.03.30 10:06:44.523,1.8762,1.87658,2.25,1.00
2016.03.30 10:06:44.677,1.87622,1.87658,1.00,1.00
2016.03.30 10:06:44.979,1.87622,1.8766,1.00,1.00
2016.03.30 10:06:46.514,1.87621,1.87659,1.50,1.00
2016.03.30 10:06:47.646,1.87621,1.87658,1.00,1.00
2016.03.30 10:06:48.294,1.87621,1.87659,1.50,1.00
2016.03.30 10:06:50.333,1.87623,1.87659,1.00,1.00
2016.03.30 10:06:51.424,1.87624,1.8766,1.00,1.00
2016.03.30 10:06:51.951,1.87625,1.8766,1.00,1.00
2016.03.30 10:06:52.312,1.87627,1.8766,1.00,1.00
2016.03.30 10:06:54.251,1.87625,1.8766,1.00,1.00
2016.03.30 10:06:54.654,1.87623,1.8766,1.00,1.00
2016.03.30 10:06:55.107,1.87625,1.8766,1.00,1.00
2016.03.30 10:06:55.309,1.87632,1.87668,1.00,1.00
2016.03.30 10:06:55.460,1.87629,1.87665,1.00,1.00
2016.03.30 10:06:56.453,1.87628,1.87665,1.00,1.00
2016.03.30 10:06:56.792,1.87626,1.87656,1.00,1.00
2016.03.30 10:06:56.843,1.87624,1.87656,1.00,1.00
2016.03.30 10:06:58.367,1.87624,1.8766,1.00,1.00
2016.03.30 10:06:58.907,1.87623,1.8766,1.00,1.00
2016.03.30 10:07:00.062,1.87624,1.8766,1.00,1.00
2016.03.30 10:07:00.163,1.87636,1.87672,1.00,1.50
2016.03.30 10:07:00.667,1.87637,1.87672,1.00,1.00
2016.03.30 10:07:00.768,1.87635,1.87672,1.00,1.00
2016.03.30 10:07:01.035,1.87633,1.87672,1.00,1.00
2016.03.30 10:07:01.350,1.87635,1.87672,1.00,1.00
2016.03.30 10:07:01.677,1.87633,1.87672,1.50,1.00
2016.03.30 10:07:02.299,1.87634,1.87672,1.00,1.00
2016.03.30 10:07:02.822,1.87633,1.87672,1.00,1.00
2016.03.30 10:07:02.873,1.87637,1.87672,1.00,1.00
2016.03.30 10:07:02.974,1.87633,1.87672,1.00,1.00
2016.03.30 10:07:03.187,1.87637,1.87672,1.00,1.00
2016.03.30 10:07:03.525,1.87639,1.87672,1.00,1.00
2016.03.30 10:07:03.576,1.87634,1.87672,1.00,1.00
2016.03.30 10:07:03.777,1.87638,1.87672,1.00,1.00
2016.03.30 10:07:04.190,1.87636,1.87672,1.00,1.00
2016.03.30 10:07:04.742,1.87636,1.87677,1.00,1.00
2016.03.30 10:07:04.793,1.87641,1.8768,1.00,1.00
2016.03.30 10:07:05.195,1.87639,1.87679,1.00,1.00
2016.03.30 10:07:05.397,1.87643,1.87683,1.00,1.00
2016.03.30 10:07:05.800,1.87646,1.87683,1.00,1.00
2016.03.30 10:07:06.111,1.87661,1.87691,1.00,1.00
2016.03.30 10:07:06.162,1.87661,1.877,1.00,1.00
2016.03.30 10:07:06.665,1.87662,1.877,1.00,1.00
2016.03.30 10:07:06.716,1.87664,1.877,1.00,1.00
2016.03.30 10:07:07.069,1.87668,1.87705,1.00,1.00
2016.03.30 10:07:07.603,1.87668,1.87706,1.00,1.50
2016.03.30 10:07:07.704,1.87668,1.87704,1.00,1.12
2016.03.30 10:07:09.097,1.87668,1.87707,1.00,1.37
2016.03.30 10:07:10.917,1.87664,1.87703,1.00,1.00
2016.03.30 10:07:11.524,1.87664,1.87702,1.00,1.00
2016.03.30 10:07:11.826,1.87658,1.87697,1.00,1.00
2016.03.30 10:07:11.877,1.87655,1.87697,1.00,1.50
2016.03.30 10:07:11.927,1.87661,1.87697,1.00,1.00
2016.03.30 10:07:12.028,1.87658,1.87697,1.00,1.00
2016.03.30 10:07:12.422,1.87661,1.87697,1.00,1.00
2016.03.30 10:07:12.523,1.87667,1.87708,1.00,1.00
2016.03.30 10:07:12.574,1.87669,1.87708,1.00,1.00
2016.03.30 10:07:12.876,1.87679,1.87717,1.00,1.00
2016.03.30 10:07:13.128,1.87683,1.87723,1.00,1.37
2016.03.30 10:07:14.286,1.87683,1.87723,1.50,1.12
2016.03.30 10:07:14.790,1.87683,1.87722,1.50,1.00
2016.03.30 10:07:15.302,1.87683,1.87723,1.50,1.00
2016.03.30 10:07:15.662,1.87687,1.87723,1.00,1.00
2016.03.30 10:07:16.295,1.87688,1.87728,1.00,1.00
2016.03.30 10:07:16.396,1.87692,1.87728,1.00,1.00
2016.03.30 10:07:16.447,1.87692,1.8773,1.50,1.00
2016.03.30 10:07:16.663,1.87694,1.87734,1.00,1.50
2016.03.30 10:07:16.714,1.87696,1.87735,1.00,1.00
2016.03.30 10:07:17.016,1.87713,1.87745,1.00,1.00
2016.03.30 10:07:17.218,1.87718,1.87755,1.50,1.00
2016.03.30 10:07:17.369,1.87718,1.87753,1.00,1.00
2016.03.30 10:07:17.954,1.87718,1.87752,1.00,1.00
2016.03.30 10:07:19.404,1.87716,1.87751,1.00,1.00
2016.03.30 10:07:19.505,1.87712,1.87751,1.00,1.00
2016.03.30 10:07:20.126,1.87713,1.87751,1.00,1.00
2016.03.30 10:07:22.214,1.87715,1.87751,1.00,1.00
2016.03.30 10:07:22.415,1.87715,1.87753,1.00,1.00
2016.03.30 10:07:23.110,1.87714,1.87752,1.00,1.00
2016.03.30 10:07:24.950,1.87713,1.87751,1.00,1.00
2016.03.30 10:07:25.157,1.87712,1.87749,1.00,1.00
2016.03.30 10:07:26.691,1.87714,1.8775,1.00,1.00
2016.03.30 10:07:28.092,1.87714,1.87752,1.00,1.00
2016.03.30 10:07:28.527,1.87717,1.87753,1.00,1.00
2016.03.30 10:07:28.628,1.87714,1.87752,1.00,1.00
2016.03.30 10:07:28.729,1.87717,1.87753,1.00,1.50
2016.03.30 10:07:29.026,1.87715,1.87752,1.00,1.00
2016.03.30 10:07:29.127,1.87711,1.87748,1.00,1.00
2016.03.30 10:07:29.489,1.87714,1.8775,1.00,1.00
2016.03.30 10:07:29.812,1.87711,1.87747,1.00,1.00
2016.03.30 10:07:30.878,1.87711,1.87749,1.00,1.00
2016.03.30 10:07:31.080,1.87713,1.87749,1.00,1.00
2016.03.30 10:07:31.844,1.87714,1.8775,1.00,1.00
2016.03.30 10:07:33.066,1.87715,1.87753,1.00,1.50
2016.03.30 10:07:33.167,1.87713,1.87751,1.00,1.00
2016.03.30 10:07:34.192,1.87713,1.87753,1.00,1.50
2016.03.30 10:07:34.242,1.87712,1.87751,1.00,1.00
2016.03.30 10:07:34.343,1.87713,1.87753,1.00,1.50
2016.03.30 10:07:34.394,1.87713,1.87742,1.00,1.00
2016.03.30 10:07:34.444,1.87706,1.87742,1.00,1.50
2016.03.30 10:07:34.545,1.87706,1.87738,1.00,1.00
2016.03.30 10:07:34.596,1.877,1.87738,1.00,1.00
2016.03.30 10:07:34.647,1.877,1.87731,1.00,1.00
2016.03.30 10:07:35.001,1.87693,1.87732,1.50,1.00
2016.03.30 10:07:35.303,1.87693,1.8773,1.00,1.00
2016.03.30 10:07:35.609,1.87698,1.87734,1.00,1.00
2016.03.30 10:07:35.662,1.87698,1.87737,1.00,1.50
2016.03.30 10:07:35.713,1.87702,1.87737,1.00,1.50
2016.03.30 10:07:36.027,1.877,1.87725,1.00,1.00
2016.03.30 10:07:36.128,1.877,1.8773,1.00,1.00
2016.03.30 10:07:36.179,1.87691,1.8773,1.50,1.50
2016.03.30 10:07:36.330,1.87696,1.87734,1.00,1.00
2016.03.30 10:07:36.625,1.87698,1.87737,1.00,1.00
2016.03.30 10:07:37.138,1.87699,1.87738,1.00,1.00
2016.03.30 10:07:37.239,1.87703,1.87738,1.00,1.00
2016.03.30 10:07:37.291,1.87703,1.87741,1.00,1.00
2016.03.30 10:07:37.342,1.87707,1.87744,1.00,1.00
2016.03.30 10:07:37.678,1.87709,1.87747,1.00,1.00
2016.03.30 10:07:38.165,1.87711,1.8775,1.00,1.50
2016.03.30 10:07:38.418,1.87709,1.8775,1.50,1.50
2016.03.30 10:07:38.619,1.87712,1.8775,1.00,1.00
2016.03.30 10:07:38.945,1.87709,1.8775,1.50,1.00
2016.03.30 10:07:39.046,1.87712,1.8775,1.00,1.00
2016.03.30 10:07:39.211,1.87709,1.8775,1.50,1.00
2016.03.30 10:07:39.312,1.87712,1.8775,1.00,1.00
2016.03.30 10:07:39.938,1.87711,1.8775,1.00,1.00
2016.03.30 10:07:40.140,1.87709,1.8775,1.00,1.50
2016.03.30 10:07:40.342,1.87709,1.87747,1.00,1.00
2016.03.30 10:07:40.543,1.87709,1.87749,1.00,1.00
2016.03.30 10:07:41.012,1.87712,1.8775,1.00,1.00
2016.03.30 10:07:41.423,1.87709,1.8775,1.50,1.50
2016.03.30 10:07:41.950,1.8771,1.8775,1.00,1.00
2016.03.30 10:07:42.494,1.87709,1.8775,1.50,1.00
2016.03.30 10:07:42.847,1.87713,1.8775,1.00,1.00
2016.03.30 10:07:43.173,1.8771,1.8775,1.00,1.00
2016.03.30 10:07:44.464,1.87709,1.8775,1.50,1.50
2016.03.30 10:07:45.651,1.87711,1.8775,1.00,2.25
2016.03.30 10:07:45.953,1.87714,1.8775,1.00,1.50
2016.03.30 10:07:46.054,1.87714,1.87752,1.12,1.00
2016.03.30 10:07:46.155,1.87716,1.87752,1.00,1.00
2016.03.30 10:07:46.407,1.87718,1.87755,1.00,1.00
2016.03.30 10:07:47.069,1.87719,1.87755,1.00,1.00
2016.03.30 10:07:47.875,1.87717,1.87755,1.00,1.00
2016.03.30 10:07:48.077,1.8772,1.87755,1.00,1.00
2016.03.30 10:07:48.610,1.8772,1.87756,1.00,1.00
2016.03.30 10:07:48.913,1.87722,1.87756,1.00,1.00
2016.03.30 10:07:49.587,1.8772,1.87756,1.00,1.00
2016.03.30 10:07:50.234,1.8772,1.87755,1.00,1.00
2016.03.30 10:07:51.719,1.8772,1.87757,1.00,1.00
2016.03.30 10:07:52.262,1.8772,1.87758,1.00,1.00
2016.03.30 10:07:53.016,1.8772,1.87756,1.00,1.00
2016.03.30 10:07:54.598,1.87717,1.87756,1.00,1.00
2016.03.30 10:07:54.923,1.87717,1.87758,1.00,1.00
2016.03.30 10:07:55.425,1.87717,1.87757,1.00,1.00
2016.03.30 10:07:55.977,1.87717,1.87758,1.00,1.50
2016.03.30 10:07:56.937,1.87717,1.87757,1.00,1.00
2016.03.30 10:07:58.642,1.87717,1.87755,1.00,1.00
2016.03.30 10:07:59.245,1.87717,1.87757,1.00,1.00
2016.03.30 10:07:59.748,1.87717,1.87756,1.00,1.00
2016.03.30 10:08:00.299,1.87717,1.87755,1.00,1.00
2016.03.30 10:08:01.630,1.87717,1.87757,1.00,1.00
2016.03.30 10:08:02.206,1.87717,1.87756,1.00,1.00
2016.03.30 10:08:02.408,1.87718,1.87758,1.00,1.50
2016.03.30 10:08:02.909,1.87717,1.87756,1.50,1.00
2016.03.30 10:08:04.314,1.87717,1.87754,1.00,1.00
2016.03.30 10:08:04.364,1.87714,1.87754,1.50,1.00
2016.03.30 10:08:04.415,1.87718,1.87754,1.00,1.00
2016.03.30 10:08:04.516,1.87714,1.87753,1.00,1.00
2016.03.30 10:08:04.567,1.87712,1.87748,1.00,1.00
2016.03.30 10:08:04.843,1.87705,1.87744,1.50,1.50
2016.03.30 10:08:06.279,1.87705,1.87742,1.50,1.00
2016.03.30 10:08:08.057,1.87704,1.8774,1.00,1.00
2016.03.30 10:08:08.375,1.87702,1.87737,1.00,1.00
2016.03.30 10:08:08.426,1.877,1.87737,1.00,1.00
2016.03.30 10:08:08.476,1.87699,1.87735,1.00,1.00
2016.03.30 10:08:08.792,1.87699,1.87732,1.00,1.00
2016.03.30 10:08:09.330,1.877,1.87732,1.00,1.00
2016.03.30 10:08:09.481,1.877,1.87737,1.00,1.00
2016.03.30 10:08:09.532,1.87702,1.87739,1.00,1.00
2016.03.30 10:08:09.838,1.87709,1.87745,1.00,1.00
2016.03.30 10:08:11.053,1.87708,1.87744,1.00,1.00
2016.03.30 10:08:12.757,1.87708,1.87745,1.00,1.00
2016.03.30 10:08:13.559,1.87706,1.87745,1.00,1.00
2016.03.30 10:08:14.103,1.87706,1.87746,1.00,1.50
2016.03.30 10:08:14.962,1.87707,1.87746,1.00,1.00
2016.03.30 10:08:15.503,1.87706,1.87745,1.00,1.00
2016.03.30 10:08:15.770,1.87705,1.87743,1.00,1.00
2016.03.30 10:08:16.080,1.87705,1.87741,1.00,1.00
2016.03.30 10:08:16.272,1.87702,1.87743,1.50,1.50
2016.03.30 10:08:16.667,1.87704,1.87743,1.00,1.00
2016.03.30 10:08:16.967,1.87702,1.87743,1.50,1.50
2016.03.30 10:08:17.558,1.87704,1.87743,1.00,1.00
2016.03.30 10:08:17.972,1.87702,1.87743,1.50,1.50
2016.03.30 10:08:18.172,1.87704,1.87743,1.00,1.00
2016.03.30 10:08:18.492,1.87707,1.87742,1.00,1.00
2016.03.30 10:08:20.189,1.87706,1.87743,1.00,1.00
2016.03.30 10:08:21.049,1.87706,1.87741,1.00,1.00
2016.03.30 10:08:21.381,1.87707,1.87743,1.00,1.50
2016.03.30 10:08:21.929,1.87707,1.87742,1.00,1.00
2016.03.30 10:08:22.480,1.87707,1.87743,1.00,1.00
2016.03.30 10:08:22.581,1.87716,1.87754,1.00,1.00
2016.03.30 10:08:22.756,1.87718,1.87755,1.00,1.50
2016.03.30 10:08:23.182,1.8772,1.87755,1.00,1.00
2016.03.30 10:08:25.016,1.87718,1.87754,1.50,1.00
2016.03.30 10:08:25.421,1.8772,1.87756,1.00,1.00
2016.03.30 10:08:26.030,1.87718,1.87755,1.00,1.00
2016.03.30 10:08:26.566,1.87718,1.87756,1.00,1.00
2016.03.30 10:08:27.091,1.87719,1.87757,1.00,1.00
2016.03.30 10:08:27.936,1.87718,1.87757,1.50,1.00
2016.03.30 10:08:28.138,1.87718,1.87755,1.00,1.00
2016.03.30 10:08:29.387,1.87718,1.87758,1.00,1.50
2016.03.30 10:08:30.840,1.87721,1.87758,1.00,1.50
2016.03.30 10:08:33.817,1.87718,1.87758,1.00,1.87
2016.03.30 10:08:33.868,1.87715,1.87747,1.00,1.00
2016.03.30 10:08:34.021,1.87708,1.87744,1.00,1.00
2016.03.30 10:08:34.273,1.87707,1.87741,1.50,1.00
2016.03.30 10:08:34.525,1.87709,1.87746,1.37,1.00
2016.03.30 10:08:34.627,1.87714,1.87746,1.00,1.00
2016.03.30 10:08:34.730,1.87714,1.87755,1.50,1.50
2016.03.30 10:08:35.626,1.87716,1.87755,1.00,1.00
2016.03.30 10:08:35.684,1.87714,1.87755,1.50,1.00
2016.03.30 10:08:35.785,1.87717,1.87755,1.00,1.00
2016.03.30 10:08:36.334,1.87716,1.87755,1.00,1.00
2016.03.30 10:08:36.857,1.87715,1.87755,1.00,1.00
2016.03.30 10:08:37.209,1.87717,1.87755,1.00,1.00
2016.03.30 10:08:37.720,1.87716,1.87755,1.00,1.00
2016.03.30 10:08:38.191,1.87718,1.87755,1.00,1.00
2016.03.30 10:08:38.937,1.87716,1.87755,1.00,1.50
2016.03.30 10:08:39.527,1.87716,1.87754,1.00,1.00
2016.03.30 10:08:40.037,1.87718,1.87755,1.00,1.50
2016.03.30 10:08:40.216,1.87716,1.87754,1.00,1.00
2016.03.30 10:08:40.742,1.87717,1.87755,1.00,1.00
2016.03.30 10:08:41.018,1.87719,1.87755,1.00,1.00
2016.03.30 10:08:41.220,1.87717,1.87755,1.00,1.00
2016.03.30 10:08:42.221,1.8772,1.87755,1.00,1.00
2016.03.30 10:08:42.512,1.87717,1.87755,1.00,1.00
2016.03.30 10:08:42.951,1.87719,1.87757,1.00,1.00
2016.03.30 10:08:44.830,1.87718,1.87755,1.50,1.00
2016.03.30 10:08:45.108,1.87719,1.87757,1.00,1.00
2016.03.30 10:08:45.541,1.87718,1.87752,1.00,1.00
2016.03.30 10:08:45.693,1.8771,1.87748,1.50,1.00
2016.03.30 10:08:45.743,1.8771,1.87746,1.00,1.00
2016.03.30 10:08:46.208,1.87703,1.87739,1.50,1.00
2016.03.30 10:08:46.553,1.87703,1.87737,1.00,1.00
2016.03.30 10:08:47.063,1.87702,1.87736,1.00,1.00
2016.03.30 10:08:47.695,1.87702,1.87737,1.00,1.00
2016.03.30 10:08:48.288,1.87701,1.87736,1.00,1.00
2016.03.30 10:08:49.118,1.87701,1.87737,1.00,1.00
2016.03.30 10:08:49.720,1.87701,1.87736,1.00,1.00
2016.03.30 10:08:50.275,1.87701,1.87735,1.00,1.00
2016.03.30 10:08:50.838,1.87701,1.87736,1.00,1.00
2016.03.30 10:08:51.369,1.87701,1.87737,1.00,1.00
2016.03.30 10:08:52.341,1.87701,1.87736,1.00,1.00
2016.03.30 10:08:52.842,1.87701,1.87737,1.00,1.00
2016.03.30 10:08:53.543,1.87701,1.87736,1.00,1.00
2016.03.30 10:08:53.879,1.87697,1.87733,1.00,1.00
2016.03.30 10:08:53.980,1.87696,1.87737,1.50,1.00
2016.03.30 10:08:54.191,1.87698,1.87736,1.00,1.00
2016.03.30 10:08:54.493,1.87694,1.87732,1.00,1.00
2016.03.30 10:08:54.954,1.87694,1.87734,1.00,1.00
2016.03.30 10:08:55.004,1.87694,1.87732,1.00,1.00
2016.03.30 10:08:55.156,1.87694,1.87735,1.00,1.00
2016.03.30 10:08:56.752,1.87696,1.87736,1.00,1.00
2016.03.30 10:08:57.288,1.87698,1.87737,1.00,1.00
2016.03.30 10:08:57.490,1.87698,1.87739,1.00,1.50
2016.03.30 10:08:58.406,1.877,1.87739,1.00,1.00
2016.03.30 10:08:59.268,1.87699,1.87739,1.00,1.00
2016.03.30 10:08:59.784,1.87702,1.87739,1.00,1.00
2016.03.30 10:09:00.421,1.877,1.87739,1.00,1.00
2016.03.30 10:09:01.031,1.87701,1.87739,1.00,1.00
2016.03.30 10:09:01.177,1.87699,1.87739,1.00,1.00
2016.03.30 10:09:01.404,1.87703,1.87744,1.00,1.00
2016.03.30 10:09:01.505,1.87705,1.87744,1.00,1.00
2016.03.30 10:09:01.606,1.87708,1.87748,1.00,1.00
2016.03.30 10:09:01.657,1.87708,1.87745,1.00,1.00
2016.03.30 10:09:01.758,1.87713,1.87752,1.00,1.00
2016.03.30 10:09:04.381,1.87713,1.87751,1.00,1.00
2016.03.30 10:09:04.882,1.87713,1.87752,1.00,1.00
2016.03.30 10:09:08.207,1.87714,1.87752,1.00,1.00
2016.03.30 10:09:10.245,1.87713,1.87752,1.50,1.00
2016.03.30 10:09:13.260,1.87714,1.87752,1.00,1.00
2016.03.30 10:09:14.850,1.87713,1.87752,1.00,1.00
2016.03.30 10:09:14.951,1.8771,1.8775,1.00,1.00
2016.03.30 10:09:15.002,1.87708,1.87749,1.00,1.00
2016.03.30 10:09:16.309,1.87708,1.87748,1.50,1.00
2016.03.30 10:09:16.895,1.87708,1.87746,1.50,1.00
2016.03.30 10:09:18.351,1.87708,1.87747,1.50,1.00
2016.03.30 10:09:19.085,1.87705,1.87745,1.00,1.00
2016.03.30 10:09:19.186,1.87705,1.87739,1.00,1.00
2016.03.30 10:09:19.237,1.87701,1.87739,1.00,1.50
2016.03.30 10:09:19.288,1.87701,1.87736,1.00,1.00
2016.03.30 10:09:19.978,1.87694,1.87735,1.00,1.50
2016.03.30 10:09:20.358,1.87694,1.87733,1.00,1.00
2016.03.30 10:09:21.874,1.87694,1.87735,1.00,1.50
2016.03.30 10:09:21.954,1.87694,1.87733,1.00,1.00
2016.03.30 10:09:22.755,1.87694,1.87735,1.00,1.00
2016.03.30 10:09:24.065,1.87694,1.87735,1.37,1.00
2016.03.30 10:09:24.166,1.87694,1.87735,1.50,1.00
2016.03.30 10:09:26.404,1.877,1.8774,1.00,1.00
2016.03.30 10:09:26.754,1.87707,1.87748,1.00,1.00
2016.03.30 10:09:26.804,1.87711,1.8775,1.00,1.00
2016.03.30 10:09:28.892,1.87712,1.8775,1.00,1.00
2016.03.30 10:09:31.650,1.87714,1.87754,1.00,1.00
2016.03.30 10:09:44.216,1.87714,1.87753,1.00,1.00
2016.03.30 10:09:47.187,1.87714,1.87754,1.00,1.50
2016.03.30 10:09:47.774,1.87714,1.87753,1.00,1.00
2016.03.30 10:09:48.892,1.87714,1.87752,1.50,1.00
2016.03.30 10:09:49.436,1.87715,1.87752,1.00,1.00
2016.03.30 10:09:50.038,1.87714,1.87752,1.50,1.00
2016.03.30 10:09:50.541,1.87714,1.87751,1.00,1.00
2016.03.30 10:09:51.208,1.87714,1.87752,1.50,1.00
2016.03.30 10:09:53.414,1.87714,1.87751,1.00,1.00
2016.03.30 10:09:53.615,1.87711,1.87748,1.00,1.00
2016.03.30 10:09:53.918,1.87705,1.87737,1.00,1.00
2016.03.30 10:09:54.293,1.87706,1.87735,1.00,1.00
2016.03.30 10:09:54.344,1.87699,1.87735,1.00,1.00
2016.03.30 10:09:57.029,1.87698,1.87734,1.00,1.00
2016.03.30 10:09:59.918,1.87697,1.87733,1.50,1.00
2016.03.30 10:10:00.342,1.87693,1.87727,1.00,1.00
2016.03.30 10:10:00.887,1.87692,1.87728,1.00,1.00
2016.03.30 10:10:00.988,1.87692,1.8773,1.00,1.00
2016.03.30 10:10:01.574,1.87692,1.87729,1.00,1.00
2016.03.30 10:10:02.091,1.87691,1.87729,1.00,1.00
2016.03.30 10:10:03.546,1.87691,1.87726,1.00,1.00
2016.03.30 10:10:03.647,1.87692,1.87729,1.00,1.00
2016.03.30 10:10:03.748,1.87691,1.87727,1.00,1.00
2016.03.30 10:10:03.950,1.87684,1.87722,1.50,1.50
2016.03.30 10:10:04.000,1.87684,1.87719,1.50,1.00
2016.03.30 10:10:04.352,1.87685,1.87723,1.00,1.00
2016.03.30 10:10:04.865,1.87683,1.87721,1.50,1.00
2016.03.30 10:10:06.853,1.87683,1.87718,1.00,1.00
2016.03.30 10:10:07.256,1.87679,1.87718,1.50,1.00
2016.03.30 10:10:07.357,1.87679,1.87714,1.00,1.00
2016.03.30 10:10:08.076,1.87679,1.87716,1.00,1.00
2016.03.30 10:10:08.453,1.87677,1.87715,1.00,1.00
2016.03.30 10:10:08.863,1.87679,1.87717,1.00,1.50
2016.03.30 10:10:09.560,1.8768,1.87717,1.00,1.00
2016.03.30 10:10:09.716,1.8768,1.8772,1.00,1.50
2016.03.30 10:10:10.283,1.87679,1.87719,1.50,1.00
2016.03.30 10:10:10.884,1.8768,1.8772,1.00,1.00
2016.03.30 10:10:11.899,1.87679,1.8772,1.50,1.00
2016.03.30 10:10:13.114,1.87679,1.87719,1.50,1.00
2016.03.30 10:10:13.165,1.87679,1.87715,1.00,1.00
2016.03.30 10:10:13.215,1.87675,1.87714,1.00,1.37
2016.03.30 10:10:13.266,1.87668,1.87709,1.50,1.00
2016.03.30 10:10:13.367,1.87669,1.87707,1.00,1.00
2016.03.30 10:10:13.519,1.87665,1.87706,1.50,1.00
2016.03.30 10:10:13.569,1.87665,1.87704,1.00,1.00
2016.03.30 10:10:14.118,1.87665,1.87705,1.00,1.00
2016.03.30 10:10:21.599,1.87665,1.87706,1.00,1.50
2016.03.30 10:10:22.302,1.87665,1.87705,1.00,1.00
2016.03.30 10:10:22.505,1.87662,1.87703,1.00,1.00
2016.03.30 10:10:22.912,1.87662,1.87703,1.00,1.87
2016.03.30 10:10:23.488,1.87661,1.877,1.00,1.00
2016.03.30 10:10:26.463,1.87662,1.877,1.00,1.87
2016.03.30 10:10:26.715,1.87645,1.87682,1.00,1.00
2016.03.30 10:10:26.816,1.87645,1.87678,1.00,1.00
2016.03.30 10:10:26.867,1.87638,1.87678,1.00,1.00
2016.03.30 10:10:27.480,1.87641,1.87679,1.00,1.00
2016.03.30 10:10:27.682,1.87638,1.87679,1.00,1.00
2016.03.30 10:10:28.035,1.87641,1.8768,1.00,1.00
2016.03.30 10:10:28.581,1.87641,1.87681,1.00,1.00
2016.03.30 10:10:29.088,1.87641,1.8768,1.00,1.00
2016.03.30 10:10:29.189,1.87638,1.87678,1.00,1.00
2016.03.30 10:10:29.289,1.8764,1.87678,1.00,1.00
2016.03.30 10:10:29.340,1.87641,1.87682,1.00,1.00
2016.03.30 10:10:29.774,1.87639,1.87678,1.00,1.00
2016.03.30 10:10:30.209,1.8764,1.87675,1.50,1.00
2016.03.30 10:10:30.735,1.87639,1.87677,1.50,1.00
2016.03.30 10:10:30.786,1.87647,1.87682,1.00,1.00
2016.03.30 10:10:30.837,1.87647,1.87687,1.00,1.00
2016.03.30 10:10:30.888,1.87652,1.8769,1.00,1.00
2016.03.30 10:10:30.989,1.87655,1.87695,1.00,1.50
2016.03.30 10:10:31.392,1.87657,1.87695,1.00,1.50
2016.03.30 10:10:31.935,1.87658,1.87695,1.00,1.50
2016.03.30 10:10:32.649,1.87657,1.87695,1.00,1.00
2016.03.30 10:10:34.199,1.87656,1.87695,1.00,1.00
2016.03.30 10:10:34.712,1.87657,1.87695,1.00,1.00
2016.03.30 10:10:35.062,1.87652,1.87692,1.00,1.00
2016.03.30 10:10:35.314,1.87651,1.87689,1.00,1.00
2016.03.30 10:10:36.001,1.87649,1.87689,1.00,1.50
2016.03.30 10:10:36.755,1.87649,1.87688,1.00,1.00
2016.03.30 10:10:37.057,1.87651,1.87689,1.00,1.00
2016.03.30 10:10:37.800,1.8765,1.87689,1.00,1.00
2016.03.30 10:10:38.336,1.87644,1.87683,1.00,1.00
2016.03.30 10:10:38.639,1.87639,1.87678,1.00,1.00
2016.03.30 10:10:38.740,1.87635,1.87675,1.50,1.00
2016.03.30 10:10:40.404,1.87634,1.87673,1.00,1.00
2016.03.30 10:10:41.891,1.87632,1.87673,1.00,1.00
2016.03.30 10:10:41.992,1.87632,1.87667,1.00,1.00
2016.03.30 10:10:42.093,1.87625,1.87665,1.00,1.00
2016.03.30 10:10:42.144,1.87622,1.87663,1.50,1.00
2016.03.30 10:10:42.195,1.8762,1.87659,1.00,1.00
2016.03.30 10:10:42.396,1.87618,1.87659,3.00,1.00
2016.03.30 10:10:43.209,1.87618,1.87655,1.50,1.00
2016.03.30 10:10:44.828,1.87616,1.87655,1.50,1.00
2016.03.30 10:10:46.575,1.87615,1.87652,1.00,1.00
2016.03.30 10:10:46.626,1.87613,1.87652,1.00,1.00
2016.03.30 10:10:47.129,1.87614,1.87652,1.00,1.00
2016.03.30 10:10:47.180,1.87615,1.87657,1.00,1.00
2016.03.30 10:10:47.382,1.87613,1.87657,1.00,1.00
2016.03.30 10:10:47.624,1.87613,1.87661,1.00,1.12
2016.03.30 10:10:47.675,1.87615,1.87661,1.00,1.12
2016.03.30 10:10:47.911,1.87613,1.87661,1.00,1.12
2016.03.30 10:10:49.313,1.87614,1.87661,1.00,1.00
2016.03.30 10:10:49.868,1.87613,1.87661,1.00,1.00
2016.03.30 10:10:49.919,1.87615,1.87661,1.00,1.00
2016.03.30 10:10:50.871,1.87612,1.87661,1.50,1.00
2016.03.30 10:10:51.129,1.87612,1.87661,1.00,1.37
2016.03.30 10:10:52.329,1.87613,1.87661,1.00,1.37
2016.03.30 10:10:52.966,1.87613,1.87661,1.00,1.00
2016.03.30 10:10:53.503,1.87613,1.87661,1.00,1.37
2016.03.30 10:10:53.654,1.87605,1.87648,1.00,1.00
2016.03.30 10:10:53.856,1.87604,1.87644,1.00,1.00
2016.03.30 10:10:53.906,1.87604,1.87648,1.50,1.00
2016.03.30 10:10:54.007,1.87608,1.87648,1.00,1.00
2016.03.30 10:10:54.108,1.87608,1.87651,1.00,1.00
2016.03.30 10:10:54.485,1.87606,1.87651,1.00,1.00
2016.03.30 10:10:54.994,1.87607,1.87651,1.00,1.37
2016.03.30 10:10:55.386,1.87605,1.87651,1.00,1.37
2016.03.30 10:10:58.563,1.87605,1.87651,1.37,1.00
2016.03.30 10:10:58.614,1.8761,1.87651,1.00,1.00
2016.03.30 10:10:58.941,1.87612,1.87651,1.00,1.00
2016.03.30 10:10:58.992,1.87609,1.87651,1.00,1.00
2016.03.30 10:10:59.926,1.87608,1.87651,1.00,1.00
2016.03.30 10:11:00.193,1.87604,1.87649,1.50,1.87
2016.03.30 10:11:00.496,1.87611,1.87649,1.00,1.00
2016.03.30 10:11:00.697,1.87618,1.87658,1.00,1.00
2016.03.30 10:11:01.200,1.87616,1.87658,1.00,1.50
2016.03.30 10:11:01.302,1.87612,1.87655,1.00,1.00
2016.03.30 10:11:01.504,1.87612,1.87654,1.00,1.87
2016.03.30 10:11:01.806,1.87615,1.87654,1.00,1.00
2016.03.30 10:11:02.007,1.87615,1.87657,1.00,1.50
2016.03.30 10:11:02.058,1.87617,1.87657,1.00,1.00
2016.03.30 10:11:02.479,1.87619,1.87657,1.00,1.00
2016.03.30 10:11:02.681,1.87616,1.87657,1.00,1.00
2016.03.30 10:11:03.321,1.87615,1.87657,1.00,1.00
2016.03.30 10:11:04.654,1.87616,1.87656,1.00,1.00
2016.03.30 10:11:05.264,1.87616,1.87657,1.00,1.50
2016.03.30 10:11:05.798,1.87615,1.87657,1.00,1.50
2016.03.30 10:11:06.869,1.87616,1.87657,1.00,1.50
2016.03.30 10:11:07.671,1.87618,1.87656,1.00,1.00
2016.03.30 10:11:07.772,1.87621,1.8766,1.00,1.00
2016.03.30 10:11:07.873,1.87622,1.87662,1.00,1.00
2016.03.30 10:11:08.276,1.87624,1.87661,1.00,1.50
2016.03.30 10:11:08.917,1.87623,1.8766,1.00,1.00
2016.03.30 10:11:09.576,1.87624,1.87661,1.00,1.00
2016.03.30 10:11:09.778,1.87622,1.87661,1.00,1.50
2016.03.30 10:11:09.979,1.8762,1.8766,1.00,1.00
2016.03.30 10:11:10.446,1.87617,1.87658,1.00,1.00
2016.03.30 10:11:10.982,1.87617,1.87657,1.00,1.00
2016.03.30 10:11:11.848,1.87618,1.87659,1.00,1.00
2016.03.30 10:11:12.085,1.87616,1.87658,1.00,1.00
2016.03.30 10:11:12.550,1.87618,1.87659,1.00,1.00
2016.03.30 10:11:13.426,1.87619,1.87661,1.00,1.50
2016.03.30 10:11:13.477,1.87618,1.87659,1.00,1.00
2016.03.30 10:11:14.487,1.8762,1.8766,1.00,1.00
2016.03.30 10:11:16.219,1.8762,1.8766,1.00,1.37
2016.03.30 10:11:16.375,1.87618,1.87658,1.00,1.12
2016.03.30 10:11:16.527,1.87616,1.87658,1.00,1.00
2016.03.30 10:11:18.442,1.87616,1.87659,1.00,1.00
2016.03.30 10:11:19.459,1.87616,1.87658,1.00,1.00
2016.03.30 10:11:19.995,1.87615,1.87658,1.00,1.00
2016.03.30 10:11:20.096,1.87613,1.87657,1.00,1.00
2016.03.30 10:11:20.147,1.87613,1.87655,1.00,1.12
2016.03.30 10:11:20.373,1.87606,1.87649,1.00,1.00
2016.03.30 10:11:20.856,1.87606,1.87648,1.00,1.37
2016.03.30 10:11:20.907,1.87604,1.87648,1.00,1.37
2016.03.30 10:11:21.414,1.87603,1.87647,1.00,1.00
2016.03.30 10:11:22.481,1.87606,1.87649,1.00,1.50
2016.03.30 10:11:22.783,1.87612,1.87654,1.00,1.00
2016.03.30 10:11:23.086,1.87614,1.87656,1.00,1.00
2016.03.30 10:11:23.426,1.87605,1.87648,1.00,1.00
2016.03.30 10:11:23.577,1.87603,1.87647,1.50,1.00
2016.03.30 10:11:24.081,1.87604,1.87648,1.00,1.00
2016.03.30 10:11:24.282,1.87606,1.87647,1.00,1.00
2016.03.30 10:11:24.607,1.87606,1.87643,1.00,1.00
2016.03.30 10:11:24.708,1.87613,1.87653,1.00,1.00
2016.03.30 10:11:24.759,1.87613,1.87647,1.00,1.00
2016.03.30 10:11:24.809,1.87618,1.87658,1.00,1.00
2016.03.30 10:11:24.910,1.87621,1.87658,1.00,1.00
2016.03.30 10:11:24.961,1.87621,1.87662,1.00,1.00
2016.03.30 10:11:25.012,1.87623,1.87662,1.00,1.00
2016.03.30 10:11:25.465,1.87623,1.87658,1.00,1.00
2016.03.30 10:11:25.767,1.87622,1.87656,1.00,1.00
2016.03.30 10:11:26.212,1.8762,1.87656,1.00,1.00
2016.03.30 10:11:26.393,1.87622,1.87656,1.00,1.00
2016.03.30 10:11:26.444,1.87622,1.87658,1.00,1.00
2016.03.30 10:11:26.998,1.87623,1.87658,1.00,1.00
2016.03.30 10:11:28.016,1.87622,1.87658,1.00,1.00
2016.03.30 10:11:29.501,1.8762,1.87658,1.00,1.00
2016.03.30 10:11:29.753,1.8762,1.87655,1.00,1.00
2016.03.30 10:11:29.804,1.87616,1.87655,1.00,1.00
2016.03.30 10:11:29.854,1.87616,1.87652,1.00,1.00
2016.03.30 10:11:30.367,1.87617,1.87652,1.00,1.00
2016.03.30 10:11:30.517,1.87615,1.87652,1.00,1.00
2016.03.30 10:11:30.975,1.87617,1.87652,1.00,1.00
2016.03.30 10:11:38.202,1.87616,1.87652,1.00,1.00
2016.03.30 10:11:40.596,1.87617,1.87652,1.00,1.00
2016.03.30 10:11:41.112,1.87616,1.87652,1.00,1.00
2016.03.30 10:11:41.468,1.87616,1.87649,1.00,1.00
2016.03.30 10:11:43.224,1.87617,1.87649,1.00,1.00
2016.03.30 10:11:45.045,1.87616,1.87649,1.00,1.00
2016.03.30 10:11:45.604,1.87615,1.87649,1.00,1.00
2016.03.30 10:11:46.487,1.87614,1.87645,1.00,1.00
2016.03.30 10:11:46.589,1.87612,1.87645,1.00,1.00
2016.03.30 10:11:46.690,1.87609,1.87645,1.50,1.00
2016.03.30 10:11:47.253,1.8761,1.87645,1.00,1.00
2016.03.30 10:11:48.243,1.8761,1.87641,1.00,1.00
2016.03.30 10:11:52.244,1.8761,1.87642,1.50,1.00
2016.03.30 10:11:52.395,1.87609,1.87647,1.00,1.50
2016.03.30 10:11:52.496,1.87609,1.87645,1.00,1.00
2016.03.30 10:11:52.597,1.87609,1.87647,1.00,1.50
2016.03.30 10:11:52.698,1.87608,1.87642,1.00,1.00
2016.03.30 10:11:52.799,1.87606,1.87642,1.00,1.00
2016.03.30 10:11:53.303,1.87607,1.87642,1.00,1.00
2016.03.30 10:11:54.617,1.87606,1.87642,1.00,1.00
2016.03.30 10:11:55.208,1.8761,1.87642,1.00,1.00
2016.03.30 10:11:55.725,1.87611,1.87642,1.00,1.00
2016.03.30 10:11:57.079,1.87611,1.87641,1.00,1.00
2016.03.30 10:11:57.633,1.87609,1.87641,1.00,1.00
2016.03.30 10:11:58.194,1.8761,1.87641,1.00,1.00
2016.03.30 10:12:00.822,1.87606,1.87641,1.00,1.00
2016.03.30 10:12:02.515,1.87607,1.87641,1.00,1.00
2016.03.30 10:12:03.115,1.87608,1.87641,1.00,1.00
2016.03.30 10:12:03.480,1.87608,1.87635,1.00,1.00
2016.03.30 10:12:03.530,1.87599,1.87632,1.00,1.37
2016.03.30 10:12:03.635,1.87596,1.87625,1.00,1.00
2016.03.30 10:12:03.787,1.87584,1.87615,1.00,1.00
2016.03.30 10:12:03.837,1.87584,1.87612,1.00,1.00
2016.03.30 10:12:03.938,1.87584,1.87615,1.00,1.50
2016.03.30 10:12:04.090,1.87584,1.8761,1.00,1.00
2016.03.30 10:12:04.861,1.8758,1.8761,1.00,1.00
2016.03.30 10:12:05.472,1.87581,1.87612,1.00,1.00
2016.03.30 10:12:05.523,1.87582,1.87614,1.00,1.00
2016.03.30 10:12:05.624,1.87584,1.87619,1.00,1.00
2016.03.30 10:12:05.725,1.87584,1.87615,1.00,1.00
2016.03.30 10:12:06.267,1.87583,1.87615,1.00,1.00
2016.03.30 10:12:07.748,1.87581,1.87615,1.50,1.00
2016.03.30 10:12:08.000,1.87582,1.87619,1.00,1.00
2016.03.30 10:12:08.454,1.87585,1.8762,1.00,1.00
2016.03.30 10:12:10.563,1.87587,1.8762,1.00,1.00
2016.03.30 10:12:12.138,1.87584,1.8762,1.00,1.00
2016.03.30 10:12:12.473,1.87584,1.87615,1.00,1.00
2016.03.30 10:12:12.524,1.8758,1.87615,1.00,1.00
2016.03.30 10:12:12.625,1.8758,1.87612,1.00,1.00
2016.03.30 10:12:12.776,1.87576,1.8761,1.00,1.00
2016.03.30 10:12:12.827,1.87573,1.87607,1.00,1.00
2016.03.30 10:12:13.129,1.87573,1.87605,1.00,1.00
2016.03.30 10:12:13.599,1.87568,1.87598,1.00,1.50
2016.03.30 10:12:13.706,1.87556,1.87588,1.00,1.00
2016.03.30 10:12:14.210,1.87555,1.87588,2.25,1.00
2016.03.30 10:12:14.261,1.87558,1.87588,1.00,1.00
2016.03.30 10:12:14.413,1.87558,1.8759,1.00,1.00
2016.03.30 10:12:14.514,1.8756,1.87593,1.00,1.00
2016.03.30 10:12:14.564,1.87564,1.87593,1.00,1.00
2016.03.30 10:12:14.838,1.87564,1.87596,1.00,1.00
2016.03.30 10:12:15.342,1.87565,1.87596,1.00,1.00
2016.03.30 10:12:16.872,1.87563,1.87593,1.00,1.00
2016.03.30 10:12:17.382,1.87562,1.87593,1.00,1.00
2016.03.30 10:12:17.734,1.87559,1.87593,1.00,1.00
2016.03.30 10:12:17.785,1.87559,1.87596,1.00,1.00
2016.03.30 10:12:18.287,1.87558,1.87596,1.00,1.50
2016.03.30 10:12:18.338,1.87557,1.8759,1.00,1.00
2016.03.30 10:12:18.389,1.87552,1.8759,1.00,1.50
2016.03.30 10:12:18.439,1.87551,1.87585,1.00,1.00
2016.03.30 10:12:18.956,1.87551,1.87587,1.50,1.00
2016.03.30 10:12:19.157,1.87559,1.87592,1.00,1.00
2016.03.30 10:12:19.684,1.87562,1.87592,1.00,1.00
2016.03.30 10:12:20.182,1.87563,1.87598,1.00,1.00
2016.03.30 10:12:20.283,1.87565,1.87598,1.00,1.00
2016.03.30 10:12:21.362,1.87562,1.87598,1.00,1.00
2016.03.30 10:12:21.564,1.87565,1.87598,1.00,1.00
2016.03.30 10:12:22.146,1.8756,1.87595,1.00,1.00
2016.03.30 10:12:22.248,1.8756,1.87597,1.00,1.00
2016.03.30 10:12:22.523,1.8756,1.87595,1.00,1.00
2016.03.30 10:12:22.832,1.87562,1.87595,1.00,1.00
2016.03.30 10:12:23.685,1.87561,1.87595,1.00,1.00
2016.03.30 10:12:24.125,1.87561,1.87597,1.00,1.00
2016.03.30 10:12:24.283,1.87563,1.87597,1.00,1.00
2016.03.30 10:12:24.383,1.8756,1.87597,1.00,1.00
2016.03.30 10:12:24.689,1.87558,1.87597,1.00,1.00
2016.03.30 10:12:25.194,1.87557,1.87595,1.00,1.00
2016.03.30 10:12:25.463,1.87555,1.87595,1.00,1.00
2016.03.30 10:12:25.665,1.87557,1.87595,1.00,1.00
2016.03.30 10:12:25.967,1.87561,1.87597,1.00,1.00
2016.03.30 10:12:26.302,1.87563,1.87597,1.00,1.00
2016.03.30 10:12:26.453,1.87561,1.87597,1.00,1.00
2016.03.30 10:12:27.997,1.87563,1.87597,1.00,1.00
2016.03.30 10:12:28.299,1.87561,1.87597,1.00,1.00
2016.03.30 10:12:28.455,1.87559,1.87597,1.00,1.00
2016.03.30 10:12:28.758,1.87561,1.87597,1.00,1.00
2016.03.30 10:12:28.859,1.87558,1.87597,1.00,1.00
2016.03.30 10:12:29.202,1.87557,1.87595,1.00,1.00
2016.03.30 10:12:29.747,1.87556,1.87595,1.00,1.00
2016.03.30 10:12:30.508,1.87557,1.87595,1.00,1.00
2016.03.30 10:12:30.917,1.87561,1.87595,1.00,1.00
2016.03.30 10:12:31.069,1.87561,1.87597,1.00,1.00
2016.03.30 10:12:32.346,1.87561,1.87597,1.37,1.00
2016.03.30 10:12:32.397,1.87566,1.87605,1.37,1.00
2016.03.30 10:12:32.498,1.87561,1.87602,1.50,1.00
2016.03.30 10:12:32.649,1.87561,1.876,1.00,1.00
2016.03.30 10:12:32.700,1.87556,1.87597,1.50,1.00
2016.03.30 10:12:33.647,1.87557,1.87592,1.00,1.00
2016.03.30 10:12:34.151,1.87556,1.87592,1.00,1.50
2016.03.30 10:12:35.362,1.87557,1.87592,1.00,1.50
2016.03.30 10:12:35.971,1.87556,1.87592,1.00,1.50
2016.03.30 10:12:36.236,1.87553,1.87592,1.50,1.50
2016.03.30 10:12:36.630,1.87554,1.8759,1.00,1.00
2016.03.30 10:12:37.156,1.87553,1.8759,1.50,1.00
2016.03.30 10:12:37.703,1.87554,1.8759,1.00,1.00
2016.03.30 10:12:40.308,1.87556,1.8759,1.00,1.00
2016.03.30 10:12:40.579,1.87556,1.87593,1.00,1.00
2016.03.30 10:12:41.217,1.87555,1.87592,1.00,1.00
2016.03.30 10:12:46.084,1.87555,1.8759,1.00,1.00
2016.03.30 10:12:46.386,1.87557,1.87592,1.00,1.00
2016.03.30 10:12:48.090,1.87556,1.87592,1.50,1.00
2016.03.30 10:12:48.887,1.87557,1.87592,1.00,1.00
2016.03.30 10:12:52.419,1.87557,1.87595,1.00,1.00
2016.03.30 10:12:57.623,1.87558,1.87596,1.00,1.50
2016.03.30 10:12:58.590,1.8756,1.87596,1.00,1.00
2016.03.30 10:13:00.239,1.8756,1.87598,1.00,1.50
2016.03.30 10:13:00.606,1.8756,1.87598,1.00,1.87
2016.03.30 10:13:00.707,1.87556,1.87593,1.50,1.12
2016.03.30 10:13:00.899,1.87556,1.87588,1.00,1.00
2016.03.30 10:13:01.202,1.87556,1.87586,1.00,1.00
2016.03.30 10:13:01.846,1.8755,1.87586,1.00,1.00
2016.03.30 10:13:01.998,1.8755,1.87588,1.50,1.00
2016.03.30 10:13:02.098,1.8755,1.87583,1.00,1.00
2016.03.30 10:13:03.041,1.87547,1.87583,1.00,1.00
2016.03.30 10:13:03.542,1.87546,1.87583,1.00,1.00
2016.03.30 10:13:03.693,1.87546,1.87581,1.00,1.00
2016.03.30 10:13:03.927,1.87544,1.8758,1.00,1.00
2016.03.30 10:13:04.330,1.87544,1.87578,1.00,1.00
2016.03.30 10:13:04.431,1.87544,1.8758,1.00,1.00
2016.03.30 10:13:07.222,1.87544,1.87579,1.00,1.00
2016.03.30 10:13:08.671,1.87545,1.87579,1.00,1.00
2016.03.30 10:13:09.173,1.87544,1.87581,1.50,1.00
2016.03.30 10:13:10.076,1.87545,1.87582,1.00,1.00
2016.03.30 10:13:10.228,1.87546,1.87584,1.00,1.00
2016.03.30 10:13:10.608,1.87549,1.87585,1.00,1.50
2016.03.30 10:13:10.709,1.87547,1.87585,1.00,1.50
2016.03.30 10:13:13.050,1.87548,1.87585,1.00,1.50
2016.03.30 10:13:13.638,1.87547,1.87585,1.50,1.50
2016.03.30 10:13:15.494,1.87547,1.87584,1.00,1.00
2016.03.30 10:13:15.597,1.87547,1.87581,1.00,1.00
2016.03.30 10:13:15.698,1.87545,1.87581,1.00,1.00
2016.03.30 10:13:16.248,1.87545,1.8758,1.00,1.00
2016.03.30 10:13:18.430,1.87542,1.87579,1.00,1.00
2016.03.30 10:13:19.730,1.87543,1.87579,1.00,1.00
2016.03.30 10:13:20.242,1.87544,1.87579,1.00,1.00
2016.03.30 10:13:20.949,1.87543,1.87579,1.00,1.00
2016.03.30 10:13:22.483,1.87542,1.87579,1.50,1.50
2016.03.30 10:13:23.207,1.87542,1.87578,1.00,1.00
2016.03.30 10:13:24.310,1.87543,1.87579,1.00,1.50
2016.03.30 10:13:25.674,1.87544,1.87579,1.00,1.00
2016.03.30 10:13:26.342,1.87543,1.87579,1.00,1.00
2016.03.30 10:13:27.021,1.87544,1.87579,1.00,1.00
2016.03.30 10:13:27.812,1.87545,1.87579,1.00,1.00
2016.03.30 10:13:27.929,1.87545,1.87583,1.00,1.50
2016.03.30 10:13:28.318,1.87548,1.87583,1.00,1.00
2016.03.30 10:13:28.369,1.87548,1.87585,1.00,1.00
2016.03.30 10:13:28.742,1.8755,1.87585,1.00,1.00
2016.03.30 10:13:29.449,1.87548,1.87585,1.00,1.00
2016.03.30 10:13:29.551,1.87548,1.87587,1.50,1.00
2016.03.30 10:13:29.757,1.87553,1.87591,1.50,1.00
2016.03.30 10:13:30.061,1.87548,1.87584,1.00,1.00
2016.03.30 10:13:30.464,1.8755,1.87584,1.00,1.00
2016.03.30 10:13:30.515,1.8755,1.87588,1.00,1.50
2016.03.30 10:13:30.566,1.87552,1.87588,1.00,1.50
2016.03.30 10:13:32.056,1.87549,1.87582,1.00,1.00
2016.03.30 10:13:32.157,1.87549,1.87584,1.00,1.00
2016.03.30 10:13:33.921,1.87549,1.87585,1.00,1.00
2016.03.30 10:13:34.490,1.8755,1.87585,1.00,1.00
2016.03.30 10:13:34.986,1.87553,1.87585,1.00,1.00
2016.03.30 10:13:35.087,1.87553,1.87589,1.00,1.50
2016.03.30 10:13:36.373,1.8755,1.87588,1.00,1.00
2016.03.30 10:13:36.575,1.8755,1.87586,1.00,1.00
2016.03.30 10:13:36.914,1.8755,1.87588,1.00,1.00
2016.03.30 10:13:37.320,1.87552,1.87589,1.00,1.00
2016.03.30 10:13:37.912,1.87551,1.87589,1.00,1.50
2016.03.30 10:13:38.214,1.87561,1.87597,1.00,1.50
2016.03.30 10:13:38.316,1.87558,1.87597,1.50,1.50
2016.03.30 10:13:38.417,1.87562,1.87597,1.00,1.00
2016.03.30 10:13:39.022,1.87561,1.87597,1.00,1.00
2016.03.30 10:13:39.539,1.87562,1.87597,1.00,1.00
2016.03.30 10:13:40.792,1.87564,1.87597,1.00,1.00
2016.03.30 10:13:45.330,1.87562,1.87597,1.00,1.00
2016.03.30 10:13:45.509,1.8756,1.87597,1.00,1.00
2016.03.30 10:13:45.911,1.87558,1.87596,1.50,1.00
2016.03.30 10:13:46.981,1.87558,1.87595,1.00,1.00
2016.03.30 10:13:48.220,1.8756,1.87595,1.00,1.00
2016.03.30 10:13:48.921,1.87559,1.87595,1.00,1.00
2016.03.30 10:13:50.045,1.87559,1.87596,1.00,1.00
2016.03.30 10:13:52.453,1.87559,1.87595,1.00,1.00
2016.03.30 10:13:55.996,1.8756,1.87594,1.00,1.00
2016.03.30 10:13:56.303,1.8756,1.87592,1.00,1.00
2016.03.30 10:13:58.212,1.87556,1.87592,1.84,1.00
2016.03.30 10:13:58.555,1.87556,1.87594,2.59,1.50
2016.03.30 10:13:59.172,1.87556,1.87593,1.84,1.00
2016.03.30 10:13:59.867,1.87557,1.87594,1.50,1.50
2016.03.30 10:14:00.421,1.87556,1.87594,2.59,1.50
2016.03.30 10:14:03.337,1.87557,1.87592,1.50,1.00
2016.03.30 10:14:03.639,1.87557,1.8759,1.50,1.00
2016.03.30 10:14:04.083,1.87557,1.87588,1.50,1.00
2016.03.30 10:14:04.373,1.87556,1.8759,1.50,1.00
2016.03.30 10:14:05.525,1.87557,1.8759,1.50,1.00
2016.03.30 10:14:06.043,1.87556,1.8759,1.50,1.00
2016.03.30 10:14:06.529,1.87557,1.87586,1.50,1.00
2016.03.30 10:14:07.071,1.87556,1.87585,1.50,1.00
2016.03.30 10:14:07.895,1.87556,1.87582,1.50,1.00
2016.03.30 10:14:08.156,1.87551,1.87582,1.00,1.00
2016.03.30 10:14:08.307,1.87551,1.8758,1.00,1.00
2016.03.30 10:14:08.522,1.87552,1.87582,1.00,1.00
2016.03.30 10:14:08.623,1.87551,1.87584,1.00,1.00
2016.03.30 10:14:10.996,1.87551,1.87581,1.00,1.00
2016.03.30 10:14:13.406,1.87551,1.8758,1.00,1.00
2016.03.30 10:14:16.000,1.87548,1.8758,1.00,1.00
2016.03.30 10:14:16.303,1.87548,1.87577,1.00,1.00
2016.03.30 10:14:16.353,1.87545,1.87577,1.50,1.00
2016.03.30 10:14:18.131,1.87545,1.87575,1.00,1.00
2016.03.30 10:14:18.705,1.87539,1.87576,1.50,1.00
2016.03.30 10:14:18.906,1.87542,1.87578,1.00,1.00
2016.03.30 10:14:19.031,1.87543,1.8758,1.00,1.00
2016.03.30 10:14:19.283,1.87543,1.87582,1.50,1.50
2016.03.30 10:14:19.333,1.87546,1.87582,1.00,1.00
2016.03.30 10:14:19.788,1.87546,1.87584,1.00,1.00
2016.03.30 10:14:19.839,1.87548,1.87585,1.00,1.00
2016.03.30 10:14:20.141,1.87547,1.87583,1.00,1.00
2016.03.30 10:14:20.342,1.87547,1.87586,1.00,1.50
2016.03.30 10:14:20.443,1.87547,1.87583,1.00,1.00
2016.03.30 10:14:20.741,1.87547,1.87586,1.00,1.50
2016.03.30 10:14:21.023,1.87549,1.87586,1.00,1.00
2016.03.30 10:14:21.527,1.87547,1.87586,1.00,1.50
2016.03.30 10:14:22.108,1.87546,1.87583,1.00,1.00
2016.03.30 10:14:22.578,1.87548,1.87586,1.00,1.50
2016.03.30 10:14:22.908,1.87552,1.87586,1.00,1.00
2016.03.30 10:14:23.465,1.87551,1.87586,1.00,1.00
2016.03.30 10:14:23.616,1.87547,1.87586,1.00,1.50
2016.03.30 10:14:23.834,1.87547,1.87576,1.00,1.00
2016.03.30 10:14:23.885,1.87542,1.87576,1.50,1.00
2016.03.30 10:14:24.411,1.87542,1.87575,1.00,1.00
2016.03.30 10:14:25.318,1.87541,1.87574,1.00,1.00
2016.03.30 10:14:25.721,1.87537,1.87576,1.00,1.50
2016.03.30 10:14:26.226,1.87538,1.87576,1.00,1.50
2016.03.30 10:14:26.632,1.87538,1.87573,1.00,1.00
2016.03.30 10:14:27.167,1.87537,1.87573,1.00,1.00
2016.03.30 10:14:29.940,1.87537,1.87576,1.50,1.50
2016.03.30 10:14:30.215,1.87537,1.87574,1.00,1.00
2016.03.30 10:14:30.420,1.87538,1.87576,1.00,1.50
2016.03.30 10:14:31.746,1.87536,1.87573,1.00,1.00
2016.03.30 10:14:32.277,1.87536,1.87574,1.50,1.00
2016.03.30 10:14:32.939,1.87539,1.87576,1.00,1.00
2016.03.30 10:14:33.242,1.87545,1.87581,1.00,1.00
2016.03.30 10:14:35.024,1.87544,1.87581,1.00,1.00
2016.03.30 10:14:36.266,1.87543,1.87581,1.00,1.50
2016.03.30 10:14:36.776,1.87542,1.87578,1.00,1.00
2016.03.30 10:14:38.054,1.87543,1.87581,1.00,1.50
2016.03.30 10:14:38.462,1.8754,1.87578,1.50,1.00
2016.03.30 10:14:38.764,1.8754,1.87576,1.50,1.00
2016.03.30 10:14:39.117,1.87538,1.87574,1.46,1.00
2016.03.30 10:14:39.678,1.87538,1.87575,1.09,1.00
2016.03.30 10:14:40.473,1.8754,1.87576,1.00,1.50
2016.03.30 10:14:40.704,1.87537,1.87576,2.21,1.50
2016.03.30 10:14:41.902,1.87537,1.87574,1.71,1.00
2016.03.30 10:14:43.262,1.8754,1.87574,1.00,1.00
2016.03.30 10:14:43.363,1.8754,1.87576,1.00,1.00
2016.03.30 10:14:45.210,1.8754,1.87577,1.00,1.00
2016.03.30 10:14:45.261,1.8754,1.87575,1.00,1.00
2016.03.30 10:14:47.544,1.8754,1.87572,1.00,1.00
2016.03.30 10:14:47.599,1.8754,1.87575,1.00,1.50
2016.03.30 10:14:47.700,1.8754,1.87572,1.00,1.00
2016.03.30 10:14:50.748,1.8754,1.87575,1.71,1.00
2016.03.30 10:14:50.799,1.87544,1.8758,1.00,1.00
2016.03.30 10:14:50.850,1.87548,1.8758,1.00,1.00
2016.03.30 10:14:51.103,1.87548,1.87583,1.00,1.00
2016.03.30 10:14:51.312,1.87548,1.8758,1.00,1.00
2016.03.30 10:14:51.362,1.87543,1.8758,1.12,1.00
2016.03.30 10:14:52.586,1.87543,1.87578,1.00,1.00
2016.03.30 10:14:52.888,1.87541,1.87576,1.00,1.00
2016.03.30 10:14:53.239,1.87541,1.87574,1.00,1.00
2016.03.30 10:14:53.980,1.87541,1.87576,1.00,1.00
2016.03.30 10:14:54.395,1.87541,1.87578,1.00,1.00
2016.03.30 10:14:54.496,1.87541,1.8758,1.50,1.00
2016.03.30 10:14:54.597,1.87544,1.8758,1.00,1.00
2016.03.30 10:14:55.116,1.87544,1.87581,1.00,1.00
2016.03.30 10:14:56.064,1.87541,1.8758,1.50,1.00
2016.03.30 10:14:56.215,1.87544,1.8758,1.00,1.00
2016.03.30 10:14:56.520,1.87548,1.87583,1.00,1.00
2016.03.30 10:14:56.672,1.87545,1.87583,1.00,1.00
2016.03.30 10:14:56.899,1.87547,1.87585,1.00,1.00
2016.03.30 10:14:57.418,1.87548,1.87586,1.00,1.50
2016.03.30 10:14:57.890,1.87546,1.87585,1.00,1.00
2016.03.30 10:14:57.947,1.87548,1.87585,1.00,1.00
2016.03.30 10:14:59.789,1.87548,1.87582,1.00,1.00
2016.03.30 10:15:00.329,1.87548,1.87583,1.00,1.00
2016.03.30 10:15:01.032,1.87548,1.87584,1.00,1.00
2016.03.30 10:15:05.001,1.87548,1.87586,1.50,1.00
2016.03.30 10:15:05.102,1.87552,1.87589,1.00,1.00
2016.03.30 10:15:05.485,1.8756,1.87597,1.00,1.50
2016.03.30 10:15:05.806,1.87558,1.87596,1.00,1.00
2016.03.30 10:15:06.307,1.87557,1.87595,1.09,1.00
2016.03.30 10:15:08.873,1.87557,1.87591,1.09,1.00
2016.03.30 10:15:09.179,1.87562,1.87595,1.00,1.00
2016.03.30 10:15:09.229,1.87558,1.87595,1.00,1.00
2016.03.30 10:15:10.650,1.87559,1.87595,1.00,1.00
2016.03.30 10:15:11.175,1.87558,1.87595,1.50,1.00
2016.03.30 10:15:13.930,1.87556,1.87588,1.00,1.00
2016.03.30 10:15:13.981,1.87552,1.87588,1.50,1.00
2016.03.30 10:15:14.031,1.87552,1.87585,1.00,1.00
2016.03.30 10:15:14.334,1.87545,1.87579,1.00,1.00
2016.03.30 10:15:14.959,1.87545,1.87578,1.00,1.00
2016.03.30 10:15:15.161,1.87545,1.8758,1.00,1.00
2016.03.30 10:15:15.262,1.87546,1.87582,1.00,1.00
2016.03.30 10:15:16.020,1.87546,1.8758,1.00,1.00
2016.03.30 10:15:16.420,1.87546,1.87582,1.00,1.00
2016.03.30 10:15:16.920,1.87545,1.87577,1.87,1.00
2016.03.30 10:15:17.021,1.8755,1.87585,1.00,1.00
2016.03.30 10:15:17.072,1.8755,1.87587,1.50,1.00
2016.03.30 10:15:20.055,1.87551,1.87589,1.00,1.00
2016.03.30 10:15:20.355,1.8755,1.87586,1.00,1.00
2016.03.30 10:15:22.638,1.8755,1.87587,1.00,1.00
2016.03.30 10:15:23.434,1.8755,1.87587,1.37,1.00
2016.03.30 10:15:23.484,1.8755,1.87589,1.87,1.00
2016.03.30 10:15:23.841,1.87554,1.8759,1.00,1.00
2016.03.30 10:15:25.271,1.87557,1.87595,1.00,1.00
2016.03.30 10:15:25.918,1.87558,1.87596,1.50,1.00
2016.03.30 10:15:26.042,1.87558,1.87594,1.50,1.00
2016.03.30 10:15:27.992,1.87558,1.87591,1.00,1.00
2016.03.30 10:15:28.581,1.87558,1.87594,1.00,1.00
2016.03.30 10:15:29.424,1.87558,1.87595,1.00,1.00
2016.03.30 10:15:29.981,1.87558,1.87594,1.50,1.00
2016.03.30 10:15:31.378,1.87556,1.87594,1.00,1.00
2016.03.30 10:15:33.008,1.87555,1.87593,1.00,1.00
2016.03.30 10:15:33.112,1.87555,1.8759,1.00,1.00
2016.03.30 10:15:33.314,1.87556,1.87592,1.00,1.00
2016.03.30 10:15:33.833,1.87556,1.87593,1.00,1.00
2016.03.30 10:15:37.629,1.87556,1.87595,1.50,1.50
2016.03.30 10:15:37.679,1.87558,1.87595,1.00,1.00
2016.03.30 10:15:38.586,1.87558,1.87592,1.00,1.00
2016.03.30 10:15:39.651,1.87556,1.87592,1.50,1.00
2016.03.30 10:15:39.701,1.87556,1.87589,1.00,1.00
2016.03.30 10:15:40.006,1.87554,1.87585,1.00,1.00
2016.03.30 10:15:40.057,1.8755,1.87585,1.00,1.00
2016.03.30 10:15:40.108,1.8755,1.87581,1.00,1.00
2016.03.30 10:15:40.456,1.87544,1.87573,1.00,1.00
2016.03.30 10:15:40.992,1.87543,1.87574,1.00,1.00
2016.03.30 10:15:41.494,1.87543,1.87573,1.00,1.00
2016.03.30 10:15:42.397,1.87543,1.87577,1.00,1.00
2016.03.30 10:15:42.498,1.87548,1.87584,1.00,1.00
2016.03.30 10:15:42.599,1.87551,1.87588,1.00,1.00
2016.03.30 10:15:42.812,1.87549,1.87587,1.50,1.00
2016.03.30 10:15:42.863,1.87552,1.87587,1.00,1.00
2016.03.30 10:15:42.914,1.87556,1.87594,1.00,1.50
2016.03.30 10:15:43.429,1.87557,1.87594,1.00,1.00
2016.03.30 10:15:43.491,1.87557,1.8759,1.00,1.00
2016.03.30 10:15:43.643,1.87552,1.8759,1.50,1.00
2016.03.30 10:15:43.693,1.87552,1.87588,1.00,1.00
2016.03.30 10:15:45.512,1.87552,1.87586,1.00,1.00
2016.03.30 10:15:48.134,1.87548,1.87586,1.00,1.00
2016.03.30 10:15:48.235,1.87547,1.87583,1.00,1.00
2016.03.30 10:15:48.538,1.87543,1.8758,1.05,1.00
2016.03.30 10:15:48.800,1.87543,1.87578,1.00,1.00
2016.03.30 10:15:49.483,1.87542,1.87578,1.00,1.00
2016.03.30 10:15:49.931,1.87544,1.87578,1.00,1.00
2016.03.30 10:15:53.944,1.87541,1.8758,2.62,1.00
2016.03.30 10:15:54.045,1.87548,1.87583,1.12,1.00
2016.03.30 10:15:54.096,1.8755,1.87587,1.00,1.00
2016.03.30 10:15:54.147,1.87551,1.87589,1.00,1.00
2016.03.30 10:15:54.248,1.87553,1.8759,1.00,1.00
2016.03.30 10:15:54.592,1.87551,1.87589,1.00,1.00
2016.03.30 10:15:54.643,1.87554,1.87591,1.00,1.00
2016.03.30 10:15:54.946,1.8755,1.87588,1.50,1.00
2016.03.30 10:15:55.048,1.8755,1.87585,1.00,1.00
2016.03.30 10:15:55.575,1.8755,1.87584,1.00,1.00
2016.03.30 10:15:55.650,1.87546,1.87584,1.50,1.00
2016.03.30 10:15:55.820,1.87546,1.87582,1.50,1.00
2016.03.30 10:15:56.464,1.87546,1.87581,1.00,1.00
2016.03.30 10:15:56.515,1.87543,1.87581,1.00,1.00
2016.03.30 10:15:56.565,1.87541,1.87577,1.50,1.00
2016.03.30 10:15:57.073,1.8754,1.87577,1.00,1.00
2016.03.30 10:15:57.606,1.8754,1.87578,1.00,1.00
2016.03.30 10:15:58.871,1.8754,1.87577,1.00,1.00
2016.03.30 10:16:00.094,1.8754,1.87578,1.50,1.50
2016.03.30 10:16:00.397,1.87545,1.87581,1.50,1.00
2016.03.30 10:16:02.465,1.87545,1.87583,1.50,1.00
2016.03.30 10:16:03.385,1.87545,1.87582,1.00,1.00
2016.03.30 10:16:03.917,1.87545,1.87581,1.00,1.00
2016.03.30 10:16:05.978,1.87545,1.87579,1.00,1.00
2016.03.30 10:16:06.479,1.87545,1.87578,1.50,1.00
2016.03.30 10:16:06.811,1.87545,1.87576,1.00,1.00
2016.03.30 10:16:07.482,1.87545,1.87574,1.00,1.00
2016.03.30 10:16:07.684,1.87544,1.87577,1.00,1.00
2016.03.30 10:16:08.343,1.87544,1.87576,1.00,1.00
2016.03.30 10:16:09.281,1.87544,1.87577,1.00,1.00
2016.03.30 10:16:09.784,1.87545,1.87576,1.00,1.00
2016.03.30 10:16:10.321,1.87545,1.87579,1.00,1.00
2016.03.30 10:16:11.091,1.87545,1.87578,1.00,1.00
2016.03.30 10:16:12.585,1.87545,1.87579,1.00,1.00
2016.03.30 10:16:13.495,1.87545,1.87581,1.00,1.00
2016.03.30 10:16:14.207,1.87545,1.8758,1.00,1.00
2016.03.30 10:16:14.612,1.87544,1.87578,1.00,1.00
2016.03.30 10:16:14.914,1.87544,1.87581,1.00,1.00
2016.03.30 10:16:15.270,1.87546,1.87582,1.00,1.00
2016.03.30 10:16:20.038,1.87545,1.87577,1.00,1.00
2016.03.30 10:16:20.557,1.87546,1.87577,1.00,1.00
2016.03.30 10:16:21.273,1.87545,1.87577,1.00,1.00
2016.03.30 10:16:21.800,1.87545,1.87576,1.00,1.00
2016.03.30 10:16:22.337,1.87546,1.87576,1.00,1.00
2016.03.30 10:16:23.083,1.87545,1.87576,1.00,1.00
2016.03.30 10:16:24.330,1.87545,1.87577,1.00,1.00
2016.03.30 10:16:25.685,1.87546,1.87577,1.00,1.50
2016.03.30 10:16:25.987,1.87545,1.8758,1.00,1.00
2016.03.30 10:16:26.865,1.87545,1.87581,1.50,1.00
2016.03.30 10:16:27.384,1.87545,1.8758,1.00,1.00
2016.03.30 10:16:27.921,1.87544,1.8758,1.50,1.00
2016.03.30 10:16:28.436,1.87544,1.87579,1.00,1.50
2016.03.30 10:16:29.104,1.87548,1.87579,1.00,1.00
2016.03.30 10:16:29.356,1.87545,1.87581,1.00,1.00
2016.03.30 10:16:29.888,1.87544,1.87581,1.50,1.00
2016.03.30 10:16:30.241,1.87544,1.87578,1.00,1.00
2016.03.30 10:16:30.979,1.87544,1.87579,1.00,1.00
2016.03.30 10:16:31.290,1.87544,1.87577,1.00,1.00
2016.03.30 10:16:32.070,1.87544,1.87578,1.00,1.00
2016.03.30 10:16:33.381,1.87544,1.8758,1.00,1.50
2016.03.30 10:16:33.482,1.87546,1.87582,1.00,1.00
2016.03.30 10:16:34.022,1.87546,1.87583,1.00,1.00
2016.03.30 10:16:36.286,1.87547,1.87583,1.00,1.00
2016.03.30 10:16:39.682,1.87541,1.87577,1.00,1.00
2016.03.30 10:16:39.992,1.87539,1.87574,1.00,1.00
2016.03.30 10:16:40.297,1.87533,1.87565,1.00,1.00
2016.03.30 10:16:40.449,1.87529,1.87563,1.00,1.00
2016.03.30 10:16:40.600,1.87527,1.87563,1.00,1.00
2016.03.30 10:16:40.701,1.87526,1.87561,1.00,1.00
2016.03.30 10:16:40.752,1.87524,1.87561,1.00,1.00
2016.03.30 10:16:41.071,1.87524,1.87559,1.00,1.00
2016.03.30 10:16:41.380,1.87524,1.87557,1.00,1.00
2016.03.30 10:16:41.974,1.87524,1.87558,1.00,1.00
2016.03.30 10:16:42.477,1.87524,1.87559,1.00,1.00
2016.03.30 10:16:47.189,1.87524,1.8756,1.00,1.00
2016.03.30 10:16:48.095,1.87524,1.87558,1.00,1.00
2016.03.30 10:16:48.274,1.87524,1.8756,1.00,1.00
2016.03.30 10:16:48.835,1.87524,1.87559,1.00,1.00
2016.03.30 10:16:49.235,1.87524,1.87561,1.00,1.00
2016.03.30 10:16:49.868,1.87524,1.8756,1.00,1.00
2016.03.30 10:16:51.081,1.87524,1.87561,1.00,1.00
2016.03.30 10:16:51.347,1.87522,1.87559,1.00,1.00
2016.03.30 10:16:54.343,1.87522,1.87561,1.00,1.00
2016.03.30 10:16:54.951,1.87522,1.87562,1.00,1.50
2016.03.30 10:16:55.383,1.87531,1.87572,1.00,1.50
2016.03.30 10:16:56.197,1.87532,1.87572,1.00,1.00
2016.03.30 10:16:56.841,1.87531,1.87572,1.00,1.00
2016.03.30 10:16:58.070,1.87532,1.87572,1.00,1.00
2016.03.30 10:16:58.702,1.87533,1.87572,1.00,1.50
2016.03.30 10:17:01.096,1.87531,1.87572,1.50,1.50
2016.03.30 10:17:01.197,1.87533,1.87572,1.00,1.50
2016.03.30 10:17:01.507,1.87531,1.8757,1.50,1.00
2016.03.30 10:17:02.283,1.87531,1.87569,1.50,1.00
2016.03.30 10:17:03.091,1.87532,1.87571,1.00,1.00
2016.03.30 10:17:03.192,1.87531,1.87568,1.00,1.00
2016.03.30 10:17:04.960,1.87529,1.87568,1.00,1.00
2016.03.30 10:17:05.385,1.87528,1.87566,1.50,1.00
2016.03.30 10:17:06.580,1.87531,1.87569,1.00,1.50
2016.03.30 10:17:06.882,1.8752,1.87558,1.00,1.00
2016.03.30 10:17:07.185,1.87513,1.87545,1.00,1.00
2016.03.30 10:17:07.492,1.87512,1.87547,1.50,1.00
2016.03.30 10:17:07.844,1.87515,1.87547,1.00,1.00
2016.03.30 10:17:07.895,1.87517,1.87555,1.00,1.00
2016.03.30 10:17:08.197,1.87516,1.87552,1.00,1.00
2016.03.30 10:17:08.534,1.87521,1.87552,1.00,1.00
2016.03.30 10:17:09.904,1.87517,1.87552,1.00,1.00
2016.03.30 10:17:10.004,1.8752,1.87553,1.00,1.00
2016.03.30 10:17:10.625,1.87521,1.87553,1.00,1.00
2016.03.30 10:17:10.999,1.87525,1.8756,1.00,1.50
2016.03.30 10:17:11.050,1.87525,1.87557,1.00,1.00
2016.03.30 10:17:11.100,1.87522,1.8756,1.12,1.50
2016.03.30 10:17:11.403,1.87521,1.87558,1.00,1.00
2016.03.30 10:17:11.946,1.8752,1.87557,1.00,1.00
2016.03.30 10:17:13.632,1.8752,1.87559,1.50,1.00
2016.03.30 10:17:13.906,1.8752,1.87557,1.00,1.00
2016.03.30 10:17:15.610,1.8752,1.87556,1.00,1.00
2016.03.30 10:17:16.157,1.87533,1.87557,1.00,1.00
2016.03.30 10:17:16.317,1.87536,1.87569,1.00,1.00
2016.03.30 10:17:16.418,1.87531,1.87569,1.37,1.00
2016.03.30 10:17:16.569,1.87535,1.87571,1.00,1.00
2016.03.30 10:17:17.082,1.87535,1.8757,1.00,1.00
2016.03.30 10:17:17.801,1.87535,1.87569,1.00,1.00
2016.03.30 10:17:20.328,1.87535,1.8757,1.00,1.00
2016.03.30 10:17:20.792,1.87535,1.87573,1.00,1.00
2016.03.30 10:17:21.145,1.87535,1.87571,1.00,1.00
2016.03.30 10:17:21.246,1.87535,1.87574,1.00,1.50
2016.03.30 10:17:21.782,1.87535,1.87573,1.00,1.00
2016.03.30 10:17:22.349,1.87535,1.87572,1.50,1.00
2016.03.30 10:17:23.004,1.87535,1.87571,1.00,1.00
2016.03.30 10:17:27.430,1.87535,1.8757,1.00,1.00
2016.03.30 10:17:27.740,1.87535,1.87573,1.50,1.00
2016.03.30 10:17:28.043,1.87535,1.87571,1.50,1.00
2016.03.30 10:17:28.592,1.87536,1.87572,1.00,1.00
2016.03.30 10:17:30.813,1.87537,1.87574,1.00,1.50
2016.03.30 10:17:32.635,1.87536,1.87572,1.00,1.00
2016.03.30 10:17:33.155,1.87535,1.87571,1.50,1.00
2016.03.30 10:17:39.230,1.87535,1.87573,1.50,1.00
2016.03.30 10:17:39.743,1.87536,1.87574,1.00,1.00
2016.03.30 10:17:40.255,1.87538,1.87574,1.00,1.00
2016.03.30 10:17:40.527,1.87535,1.87573,1.50,1.00
2016.03.30 10:17:41.861,1.87535,1.87572,1.00,1.00
2016.03.30 10:17:42.231,1.87535,1.8757,1.00,1.00
2016.03.30 10:17:42.429,1.87535,1.87573,1.50,1.00
2016.03.30 10:17:42.930,1.87537,1.87573,1.00,1.00
2016.03.30 10:17:43.150,1.87535,1.87573,1.50,1.00
2016.03.30 10:17:43.885,1.87535,1.87572,1.00,1.00
2016.03.30 10:17:44.461,1.87535,1.87571,1.00,1.00
2016.03.30 10:17:45.060,1.87535,1.87572,1.00,1.00
2016.03.30 10:17:45.732,1.87535,1.87571,1.00,1.00
2016.03.30 10:17:46.236,1.87536,1.87572,1.00,1.00
2016.03.30 10:17:46.798,1.87535,1.87571,1.50,1.00
2016.03.30 10:17:46.993,1.87535,1.87573,1.50,1.00
2016.03.30 10:17:47.094,1.87535,1.87571,1.00,1.00
2016.03.30 10:17:48.659,1.87537,1.87574,1.00,1.00
2016.03.30 10:17:48.710,1.87537,1.87576,1.50,1.00
2016.03.30 10:17:49.383,1.87537,1.87574,1.00,1.00
2016.03.30 10:17:50.302,1.87537,1.87576,1.50,1.00
2016.03.30 10:17:50.563,1.8754,1.87576,1.00,1.00
2016.03.30 10:17:51.382,1.87537,1.87576,1.50,1.00
2016.03.30 10:17:55.685,1.87539,1.87577,1.00,1.00
2016.03.30 10:17:57.672,1.87538,1.87576,1.00,1.00
2016.03.30 10:17:59.698,1.87537,1.87574,1.00,1.00
2016.03.30 10:18:00.001,1.87539,1.87575,1.00,1.00
2016.03.30 10:18:00.333,1.87537,1.87573,1.50,1.00
2016.03.30 10:18:00.679,1.87537,1.87571,1.00,1.00
2016.03.30 10:18:04.715,1.87537,1.87572,1.00,1.00
2016.03.30 10:18:06.591,1.87537,1.87574,1.00,1.00
2016.03.30 10:18:07.147,1.87537,1.87573,1.00,1.00
2016.03.30 10:18:07.665,1.87537,1.87574,1.00,1.00
2016.03.30 10:18:08.529,1.87539,1.87575,1.00,1.00
2016.03.30 10:18:08.630,1.87539,1.87577,1.00,1.00
2016.03.30 10:18:09.332,1.87539,1.87575,1.00,1.00
2016.03.30 10:18:10.119,1.87537,1.87574,1.00,1.00
2016.03.30 10:18:12.308,1.87537,1.87573,1.00,1.00
2016.03.30 10:18:13.129,1.87537,1.87574,1.00,1.00
2016.03.30 10:18:13.670,1.87537,1.87573,1.00,1.00
2016.03.30 10:18:18.000,1.87537,1.87572,1.00,1.00
2016.03.30 10:18:19.118,1.87537,1.87573,1.50,1.00
2016.03.30 10:18:20.326,1.87537,1.87576,1.50,1.00
2016.03.30 10:18:20.527,1.87537,1.87574,1.00,1.00
2016.03.30 10:18:20.830,1.87534,1.87568,1.00,1.00
2016.03.30 10:18:20.990,1.87534,1.87573,1.00,1.50
2016.03.30 10:18:21.700,1.87533,1.87571,1.00,1.00
2016.03.30 10:18:22.602,1.87531,1.87569,1.00,1.00
2016.03.30 10:18:22.922,1.87521,1.87558,1.00,1.00
2016.03.30 10:18:23.404,1.87522,1.8756,1.00,1.00
2016.03.30 10:18:23.505,1.87524,1.87562,1.00,1.00
2016.03.30 10:18:24.008,1.87525,1.87563,1.00,1.00
2016.03.30 10:18:25.031,1.87527,1.87563,1.00,1.00
2016.03.30 10:18:25.308,1.87525,1.87563,1.00,1.00
2016.03.30 10:18:25.840,1.87526,1.87563,1.00,1.50
2016.03.30 10:18:27.314,1.87527,1.87563,1.00,1.00
2016.03.30 10:18:30.988,1.87527,1.87565,1.00,1.00
2016.03.30 10:18:31.039,1.87525,1.87564,1.84,1.00
2016.03.30 10:18:31.745,1.87527,1.87565,1.00,1.00
2016.03.30 10:18:40.459,1.87526,1.87562,1.00,1.00
2016.03.30 10:18:41.231,1.87525,1.87561,2.59,1.00
2016.03.30 10:18:44.322,1.87525,1.87562,1.09,1.00
2016.03.30 10:18:44.624,1.87523,1.8756,1.34,1.00
2016.03.30 10:18:46.294,1.87524,1.87561,1.34,1.00
2016.03.30 10:18:54.551,1.87525,1.87562,1.09,1.00
2016.03.30 10:18:54.874,1.87525,1.8756,1.09,1.00
2016.03.30 10:18:56.968,1.87528,1.8756,1.00,1.00
2016.03.30 10:18:57.484,1.87528,1.87561,1.00,1.00
2016.03.30 10:19:01.531,1.87526,1.87559,1.00,1.00
2016.03.30 10:19:01.632,1.87512,1.8755,1.45,1.00
2016.03.30 10:19:01.683,1.87501,1.87538,1.00,1.00
2016.03.30 10:19:01.784,1.87498,1.87536,2.25,1.00
2016.03.30 10:19:01.885,1.87498,1.87534,1.00,1.00
2016.03.30 10:19:02.249,1.875,1.87538,1.00,1.00
2016.03.30 10:19:02.350,1.87498,1.87532,1.00,1.00
2016.03.30 10:19:02.401,1.87494,1.87532,1.00,1.00
2016.03.30 10:19:02.452,1.87492,1.87522,1.00,1.00
2016.03.30 10:19:02.503,1.87488,1.87522,1.00,1.00
2016.03.30 10:19:02.554,1.87488,1.8752,1.00,1.00
2016.03.30 10:19:02.852,1.87485,1.8752,1.00,1.00
2016.03.30 10:19:03.255,1.87481,1.87519,2.25,1.00
2016.03.30 10:19:03.457,1.87484,1.87522,1.00,1.50
2016.03.30 10:19:03.753,1.87482,1.87521,1.00,1.00
2016.03.30 10:19:05.184,1.87488,1.87521,1.00,1.00
2016.03.30 10:19:05.285,1.87491,1.87525,1.00,1.00
2016.03.30 10:19:05.336,1.87493,1.87529,1.00,1.50
2016.03.30 10:19:05.386,1.87495,1.87529,1.00,1.00
2016.03.30 10:19:05.437,1.87495,1.87531,1.00,1.00
2016.03.30 10:19:05.783,1.87497,1.87534,1.00,1.00
2016.03.30 10:19:05.884,1.87495,1.87534,1.50,1.50
2016.03.30 10:19:06.783,1.87495,1.87531,1.50,1.00
2016.03.30 10:19:09.669,1.87501,1.87534,1.00,1.00
2016.03.30 10:19:09.770,1.87504,1.87541,1.00,1.00
2016.03.30 10:19:10.345,1.87504,1.87542,1.00,1.00
2016.03.30 10:19:15.113,1.87504,1.8754,1.00,1.00
2016.03.30 10:19:15.314,1.87504,1.87543,1.00,1.00
2016.03.30 10:19:15.365,1.8751,1.87545,1.00,1.00
2016.03.30 10:19:15.686,1.87507,1.87545,1.00,1.00
2016.03.30 10:19:16.066,1.87507,1.87543,1.00,1.00
2016.03.30 10:19:17.529,1.87509,1.87545,1.00,1.00
2016.03.30 10:19:18.009,1.87506,1.87544,1.00,1.00
2016.03.30 10:19:19.078,1.87505,1.87543,1.00,1.00
2016.03.30 10:19:19.243,1.87504,1.87541,1.50,1.00
2016.03.30 10:19:20.676,1.87504,1.8754,1.00,1.00
2016.03.30 10:19:22.381,1.87503,1.8754,1.50,1.00
2016.03.30 10:19:24.081,1.87503,1.87539,1.50,1.00
2016.03.30 10:19:24.704,1.87503,1.87541,1.50,1.00
2016.03.30 10:19:25.352,1.87503,1.87542,1.50,1.00
2016.03.30 10:19:25.878,1.87503,1.87541,1.50,1.00
2016.03.30 10:19:27.712,1.87503,1.87543,1.50,1.00
2016.03.30 10:19:28.247,1.87504,1.87543,1.00,1.00
2016.03.30 10:19:29.370,1.87503,1.87543,1.50,1.00
2016.03.30 10:19:29.897,1.87504,1.87543,1.00,1.00
2016.03.30 10:19:31.878,1.87503,1.87543,1.50,1.00
2016.03.30 10:19:34.492,1.87503,1.87542,1.50,1.00
2016.03.30 10:19:34.593,1.87504,1.87537,1.00,1.00
2016.03.30 10:19:35.120,1.87501,1.87537,1.00,1.00
2016.03.30 10:19:36.243,1.87498,1.87535,1.00,1.00
2016.03.30 10:19:36.328,1.87499,1.87537,1.00,1.00
2016.03.30 10:19:36.946,1.87499,1.87536,1.00,1.00
2016.03.30 10:19:38.405,1.87499,1.87535,1.00,1.00
2016.03.30 10:19:39.021,1.87498,1.87535,1.00,1.00
2016.03.30 10:19:39.700,1.87498,1.87534,1.00,1.00
2016.03.30 10:19:40.903,1.87498,1.87533,1.00,1.00
2016.03.30 10:19:41.189,1.87495,1.87533,1.50,1.00
2016.03.30 10:19:41.858,1.87495,1.87532,2.25,1.00
2016.03.30 10:19:42.811,1.87495,1.87531,2.25,1.00
2016.03.30 10:19:43.350,1.87495,1.87529,1.50,1.00
2016.03.30 10:19:44.811,1.87495,1.87528,1.50,1.00
2016.03.30 10:19:45.315,1.87495,1.87527,1.00,1.00
2016.03.30 10:19:45.909,1.8749,1.87527,1.00,1.00
2016.03.30 10:19:45.960,1.8749,1.87525,1.00,1.00
2016.03.30 10:19:46.307,1.8749,1.87523,1.00,1.00
2016.03.30 10:19:46.714,1.8749,1.87526,1.00,1.00
2016.03.30 10:19:47.252,1.8749,1.87525,1.00,1.00
2016.03.30 10:19:47.353,1.8749,1.87527,1.00,1.00
2016.03.30 10:19:47.516,1.8749,1.87524,1.00,1.00
2016.03.30 10:19:47.721,1.8749,1.87527,1.00,1.00
2016.03.30 10:19:48.011,1.8749,1.87524,1.00,1.00
2016.03.30 10:19:48.976,1.8749,1.87525,1.00,1.00
2016.03.30 10:19:50.220,1.8749,1.87526,1.50,1.00
2016.03.30 10:19:51.027,1.8749,1.87525,1.00,1.00
2016.03.30 10:19:52.882,1.8749,1.87524,1.00,1.00
2016.03.30 10:19:54.413,1.8749,1.87527,1.00,1.00
2016.03.30 10:19:54.988,1.8749,1.87525,1.00,1.00
2016.03.30 10:19:56.999,1.8749,1.8752,1.00,1.00
2016.03.30 10:19:57.050,1.87481,1.8752,1.87,1.00
2016.03.30 10:19:57.101,1.87485,1.87523,1.00,1.00
2016.03.30 10:19:57.403,1.87483,1.87517,1.50,1.00
2016.03.30 10:19:57.705,1.87483,1.87515,1.00,1.00
2016.03.30 10:19:58.315,1.87482,1.87515,1.00,1.00
2016.03.30 10:19:59.378,1.87481,1.87515,1.00,1.00
2016.03.30 10:20:01.656,1.8748,1.87515,1.00,1.00
2016.03.30 10:20:02.449,1.8748,1.87516,1.00,1.00
2016.03.30 10:20:02.949,1.8748,1.87518,1.50,1.00
2016.03.30 10:20:03.255,1.8748,1.87516,1.00,1.00
2016.03.30 10:20:06.818,1.8748,1.87515,1.00,1.00
2016.03.30 10:20:06.869,1.87481,1.87519,1.00,1.00
2016.03.30 10:20:06.970,1.87483,1.87519,1.00,1.00
2016.03.30 10:20:07.386,1.87484,1.87522,1.00,1.00
2016.03.30 10:20:07.688,1.87486,1.87524,1.00,1.00
2016.03.30 10:20:08.017,1.87484,1.87522,1.00,1.00
2016.03.30 10:20:08.789,1.87485,1.87524,1.00,1.00
2016.03.30 10:20:09.089,1.87485,1.87521,1.00,1.00
2016.03.30 10:20:10.655,1.87485,1.87524,1.00,1.00
2016.03.30 10:20:12.957,1.87485,1.87521,1.00,1.00
2016.03.30 10:20:13.059,1.87483,1.87521,1.87,1.00
2016.03.30 10:20:14.686,1.87483,1.87519,1.00,1.00
2016.03.30 10:20:15.212,1.87483,1.8752,1.00,1.00
2016.03.30 10:20:17.028,1.87484,1.8752,1.00,1.00
2016.03.30 10:20:18.194,1.87485,1.8752,1.00,1.00
2016.03.30 10:20:18.774,1.87485,1.87521,1.00,1.00
2016.03.30 10:20:19.303,1.87484,1.8752,1.50,1.00
2016.03.30 10:20:19.366,1.87484,1.87522,1.50,1.00
2016.03.30 10:20:20.879,1.87484,1.87521,1.00,1.00
2016.03.30 10:20:23.082,1.87484,1.8752,1.50,1.00
2016.03.30 10:20:23.184,1.87485,1.87524,1.50,1.00
2016.03.30 10:20:23.402,1.87484,1.8752,1.50,1.00
2016.03.30 10:20:24.391,1.87485,1.87521,1.00,1.00
2016.03.30 10:20:24.727,1.87485,1.87521,1.37,1.00
2016.03.30 10:20:25.029,1.87517,1.8755,1.00,1.00
2016.03.30 10:20:25.281,1.87514,1.8755,1.00,1.50
2016.03.30 10:20:25.921,1.87512,1.8755,1.00,1.50
2016.03.30 10:20:26.180,1.87507,1.87543,1.00,1.50
2016.03.30 10:20:26.382,1.87504,1.87542,1.00,1.00
2016.03.30 10:20:29.424,1.87503,1.87541,1.50,1.00
2016.03.30 10:20:29.933,1.87504,1.87542,1.00,1.00
2016.03.30 10:20:30.895,1.87503,1.87541,1.50,1.00
2016.03.30 10:20:31.438,1.87503,1.8754,1.00,1.00
2016.03.30 10:20:32.635,1.87504,1.8754,1.00,1.00
2016.03.30 10:20:32.736,1.87504,1.87542,1.00,1.00
2016.03.30 10:20:33.239,1.87503,1.87541,1.50,1.00
2016.03.30 10:20:33.450,1.87505,1.87541,1.00,1.00
2016.03.30 10:20:33.706,1.87503,1.87541,1.50,1.00
2016.03.30 10:20:34.888,1.87504,1.87542,1.00,1.00
2016.03.30 10:20:35.809,1.87506,1.87543,1.00,1.00
2016.03.30 10:20:36.009,1.87504,1.87542,1.00,1.00
2016.03.30 10:20:37.290,1.87504,1.8754,1.00,1.00
2016.03.30 10:20:38.592,1.87505,1.87541,1.00,1.00
2016.03.30 10:20:39.469,1.87503,1.87541,2.25,1.00
2016.03.30 10:20:39.973,1.87504,1.87542,1.00,1.00
2016.03.30 10:20:41.327,1.87503,1.87541,2.25,1.00
2016.03.30 10:20:41.546,1.87504,1.87539,1.00,1.00
2016.03.30 10:20:41.848,1.87506,1.87539,1.00,1.00
2016.03.30 10:20:42.050,1.87507,1.87544,1.00,1.00
2016.03.30 10:20:42.100,1.8751,1.87547,1.00,1.50
2016.03.30 10:20:42.622,1.87511,1.87547,1.00,1.50
2016.03.30 10:20:43.024,1.87509,1.87547,1.00,1.50
2016.03.30 10:20:43.317,1.87507,1.87546,1.00,1.00
2016.03.30 10:20:44.007,1.87506,1.87542,2.25,1.00
2016.03.30 10:20:44.613,1.87506,1.87541,1.50,1.00
2016.03.30 10:20:45.167,1.87507,1.87541,1.00,1.00
2016.03.30 10:20:46.265,1.87507,1.87544,1.00,1.00
2016.03.30 10:20:47.672,1.87506,1.87544,2.25,1.00
2016.03.30 10:20:49.736,1.87506,1.87542,1.50,1.00
2016.03.30 10:20:50.338,1.87506,1.87544,2.25,1.00
2016.03.30 10:20:50.839,1.87507,1.87545,1.50,1.00
2016.03.30 10:20:51.160,1.87506,1.87541,1.50,1.00
2016.03.30 10:20:51.664,1.87506,1.87544,2.25,1.00
2016.03.30 10:20:51.967,1.87508,1.87544,1.00,1.00
2016.03.30 10:20:52.068,1.87506,1.87544,2.25,1.00
2016.03.30 10:20:52.169,1.87506,1.87541,1.50,1.00
2016.03.30 10:20:52.471,1.87507,1.87544,1.00,1.00
2016.03.30 10:20:52.882,1.87508,1.87541,1.00,1.00
2016.03.30 10:20:53.392,1.87508,1.8754,1.00,1.00
2016.03.30 10:20:54.035,1.87508,1.87544,1.00,1.00
2016.03.30 10:20:54.186,1.87508,1.87546,1.37,1.00
2016.03.30 10:20:55.917,1.87509,1.87546,1.37,1.00
2016.03.30 10:20:56.119,1.8752,1.87555,1.00,1.00
2016.03.30 10:20:56.270,1.8752,1.8755,1.00,1.00
2016.03.30 10:20:56.372,1.87513,1.8755,1.50,1.00
2016.03.30 10:20:56.574,1.87513,1.87544,1.00,1.00
2016.03.30 10:20:56.625,1.87511,1.87544,1.00,1.00
2016.03.30 10:20:56.675,1.87508,1.87538,1.00,1.00
2016.03.30 10:20:56.726,1.87504,1.87538,1.50,1.00
2016.03.30 10:20:56.776,1.87504,1.87536,1.00,1.00
2016.03.30 10:20:57.347,1.87496,1.8753,1.00,1.00
2016.03.30 10:20:57.499,1.87491,1.87525,1.00,1.00
2016.03.30 10:20:57.737,1.87487,1.87523,1.00,1.00
2016.03.30 10:20:58.241,1.87487,1.87522,1.00,1.00
2016.03.30 10:20:58.762,1.87487,1.87523,1.00,1.00
2016.03.30 10:20:59.217,1.87489,1.87525,1.00,1.00
2016.03.30 10:20:59.520,1.87495,1.87529,1.00,1.00
2016.03.30 10:20:59.854,1.87495,1.87527,1.00,1.00
2016.03.30 10:21:00.048,1.87491,1.87527,1.00,1.00
2016.03.30 10:21:00.099,1.87491,1.87529,1.50,1.00
2016.03.30 10:21:00.398,1.87496,1.87532,1.00,1.00
2016.03.30 10:21:00.706,1.87498,1.87532,1.00,1.00
2016.03.30 10:21:00.807,1.87498,1.87535,1.00,1.00
2016.03.30 10:21:03.582,1.87498,1.87525,1.00,1.00
2016.03.30 10:21:03.684,1.87489,1.87524,1.00,1.00
2016.03.30 10:21:03.785,1.87489,1.87522,1.00,1.00
2016.03.30 10:21:03.886,1.87486,1.87522,1.50,1.00
2016.03.30 10:21:04.088,1.87491,1.87522,1.00,1.00
2016.03.30 10:21:04.831,1.87491,1.87521,1.00,1.00
2016.03.30 10:21:08.636,1.87491,1.87522,1.00,1.00
2016.03.30 10:21:11.615,1.87486,1.87522,1.50,1.00
2016.03.30 10:21:12.339,1.87487,1.87522,1.00,1.00
2016.03.30 10:21:13.981,1.87487,1.87523,1.50,1.00
2016.03.30 10:21:14.586,1.8749,1.87526,1.00,1.00
2016.03.30 10:21:14.687,1.8749,1.87528,1.50,1.00
2016.03.30 10:21:15.156,1.8749,1.87526,1.00,1.00
2016.03.30 10:21:15.666,1.8749,1.87527,1.00,1.50
2016.03.30 10:21:15.969,1.8749,1.87523,1.00,1.00
2016.03.30 10:21:16.577,1.8749,1.87524,1.00,1.00
2016.03.30 10:21:16.779,1.8749,1.87526,1.00,1.00
2016.03.30 10:21:17.077,1.8749,1.87524,1.00,1.00
2016.03.30 10:21:17.342,1.87488,1.87524,1.00,1.00
2016.03.30 10:21:17.494,1.87488,1.87526,1.00,1.00
2016.03.30 10:21:17.885,1.8749,1.87526,1.00,1.00
2016.03.30 10:21:17.987,1.8749,1.87528,1.00,1.50
2016.03.30 10:21:18.191,1.8749,1.87526,1.00,1.00
2016.03.30 10:21:18.495,1.8749,1.87528,1.00,1.50
2016.03.30 10:21:19.008,1.87489,1.87527,1.00,1.00
2016.03.30 10:21:19.590,1.8749,1.87526,1.00,1.00
2016.03.30 10:21:20.393,1.87493,1.87531,1.00,1.50
2016.03.30 10:21:20.494,1.87498,1.87532,1.00,1.00
2016.03.30 10:21:20.709,1.87499,1.87537,1.00,1.00
2016.03.30 10:21:20.860,1.875,1.87539,1.00,1.00
2016.03.30 10:21:20.961,1.87498,1.87534,1.50,1.00
2016.03.30 10:21:21.509,1.87498,1.87533,1.00,1.00
2016.03.30 10:21:22.225,1.87495,1.87533,1.00,1.00
2016.03.30 10:21:22.764,1.87494,1.87532,1.00,1.00
2016.03.30 10:21:28.727,1.87493,1.87531,1.00,1.00
2016.03.30 10:21:28.982,1.87493,1.87528,1.00,1.00
2016.03.30 10:21:29.787,1.87493,1.8753,1.00,1.00
2016.03.30 10:21:30.885,1.87493,1.87529,1.00,1.00
2016.03.30 10:21:31.392,1.87493,1.87529,1.37,1.00
2016.03.30 10:21:31.493,1.87495,1.87531,1.12,1.00
2016.03.30 10:21:32.111,1.87496,1.87532,1.12,1.00
2016.03.30 10:21:33.305,1.87494,1.87532,1.37,1.00
2016.03.30 10:21:33.507,1.875,1.87536,1.00,1.00
2016.03.30 10:21:33.708,1.87501,1.87538,1.00,1.00
2016.03.30 10:21:34.247,1.87501,1.87537,1.00,1.00
2016.03.30 10:21:37.921,1.87502,1.87539,1.00,1.00
2016.03.30 10:21:38.022,1.87501,1.87537,1.50,1.00
2016.03.30 10:21:38.279,1.87501,1.8754,1.50,1.50
2016.03.30 10:21:38.924,1.87501,1.87537,1.50,1.00
2016.03.30 10:21:39.116,1.87501,1.8754,1.50,1.50
2016.03.30 10:21:39.796,1.87501,1.87538,1.00,1.00
2016.03.30 10:21:40.184,1.87501,1.87534,1.00,1.00
2016.03.30 10:21:40.235,1.87494,1.8753,1.00,1.00
2016.03.30 10:21:40.336,1.87492,1.87526,1.00,1.00
2016.03.30 10:21:42.051,1.87492,1.87528,1.50,1.00
2016.03.30 10:21:45.835,1.87493,1.87528,1.00,1.00
2016.03.30 10:21:46.137,1.87486,1.87524,2.25,1.00
2016.03.30 10:21:46.238,1.8749,1.87526,1.00,1.00
2016.03.30 10:21:49.109,1.8749,1.87527,1.00,1.00
2016.03.30 10:21:50.748,1.8749,1.87526,1.00,1.00
2016.03.30 10:21:51.263,1.8749,1.87527,1.00,1.50
2016.03.30 10:21:52.143,1.87487,1.87518,1.00,1.00
2016.03.30 10:21:52.194,1.87483,1.87518,1.00,1.00
2016.03.30 10:21:52.244,1.87479,1.87514,1.00,1.00
2016.03.30 10:21:52.295,1.87476,1.87514,1.00,1.37
2016.03.30 10:21:52.345,1.87476,1.87508,1.00,1.00
2016.03.30 10:21:52.497,1.87467,1.87503,1.50,1.00
2016.03.30 10:21:52.547,1.87474,1.87509,1.00,1.00
2016.03.30 10:21:52.767,1.87474,1.87511,1.00,1.00
2016.03.30 10:21:52.968,1.87472,1.87504,1.00,1.00
2016.03.30 10:21:53.210,1.87467,1.875,1.00,1.00
2016.03.30 10:21:53.907,1.87467,1.87501,1.00,1.00
2016.03.30 10:21:55.077,1.87465,1.87501,1.00,1.00
2016.03.30 10:21:55.128,1.87463,1.87501,1.00,1.00
2016.03.30 10:21:55.285,1.87464,1.87499,1.00,1.00
2016.03.30 10:21:55.487,1.87463,1.87501,1.00,1.00
2016.03.30 10:21:55.987,1.87463,1.87498,1.00,1.00
2016.03.30 10:21:56.420,1.87466,1.87502,1.00,1.00
2016.03.30 10:21:56.809,1.87465,1.875,1.00,1.00
2016.03.30 10:21:57.307,1.87465,1.87504,1.50,1.00
2016.03.30 10:21:57.408,1.87465,1.87501,1.50,1.00
2016.03.30 10:21:57.938,1.87465,1.875,1.00,1.00
2016.03.30 10:21:58.480,1.87465,1.87499,1.00,1.00
2016.03.30 10:21:58.592,1.87465,1.87501,1.00,1.00
2016.03.30 10:21:59.251,1.87465,1.875,1.00,1.00
2016.03.30 10:22:00.122,1.87465,1.87502,1.00,1.00
2016.03.30 10:22:00.623,1.87465,1.87501,1.00,1.00
2016.03.30 10:22:02.320,1.87465,1.87504,1.50,1.00
2016.03.30 10:22:02.421,1.87467,1.87505,1.00,1.00
2016.03.30 10:22:03.775,1.8747,1.87505,1.00,1.00
2016.03.30 10:22:03.926,1.87467,1.87505,1.00,1.00
2016.03.30 10:22:04.443,1.87466,1.87504,1.50,1.00
2016.03.30 10:22:05.105,1.87469,1.87504,1.00,1.00
2016.03.30 10:22:08.315,1.8747,1.87504,1.00,1.50
2016.03.30 10:22:08.834,1.87469,1.87504,1.00,1.50
2016.03.30 10:22:09.439,1.87469,1.875,1.00,1.00
2016.03.30 10:22:12.644,1.8747,1.87502,1.00,1.00
2016.03.30 10:22:12.745,1.8747,1.87504,1.00,1.00
2016.03.30 10:22:13.517,1.8747,1.87505,1.00,1.00
2016.03.30 10:22:14.187,1.8747,1.87504,1.00,1.00
2016.03.30 10:22:14.725,1.87469,1.87503,1.50,1.00
2016.03.30 10:22:15.232,1.8747,1.87505,1.50,1.00
2016.03.30 10:22:17.168,1.8747,1.87506,1.50,1.00
2016.03.30 10:22:17.698,1.8747,1.87507,2.25,1.50
2016.03.30 10:22:18.218,1.8747,1.87506,1.50,1.00
2016.03.30 10:22:18.275,1.87473,1.87506,1.00,1.00
2016.03.30 10:22:18.847,1.87474,1.87507,1.00,1.00
2016.03.30 10:22:19.625,1.87476,1.87507,1.37,1.00
2016.03.30 10:22:19.726,1.87478,1.87513,1.00,1.00
2016.03.30 10:22:19.827,1.87483,1.87513,1.37,1.00
2016.03.30 10:22:19.929,1.87481,1.87511,1.00,1.00
2016.03.30 10:22:19.980,1.87482,1.87517,1.00,1.00
2016.03.30 10:22:20.504,1.87482,1.87516,1.00,1.00
2016.03.30 10:22:20.807,1.87477,1.87515,1.50,1.00
2016.03.30 10:22:20.858,1.87477,1.87513,1.50,1.00
2016.03.30 10:22:20.960,1.87477,1.87515,1.00,1.00
2016.03.30 10:22:21.171,1.87475,1.87513,1.00,1.00
2016.03.30 10:22:21.673,1.87474,1.87512,1.00,1.00
2016.03.30 10:22:23.647,1.87474,1.87509,1.50,1.00
2016.03.30 10:22:24.734,1.87474,1.87512,1.50,1.00
2016.03.30 10:22:27.438,1.87474,1.87509,1.50,1.00
2016.03.30 10:22:29.199,1.87473,1.87509,1.00,1.00
2016.03.30 10:22:29.501,1.87471,1.87507,1.00,1.50
2016.03.30 10:22:29.804,1.87468,1.87504,1.50,1.00
2016.03.30 10:22:30.858,1.8747,1.87504,1.00,1.00
2016.03.30 10:22:31.517,1.87469,1.87504,1.00,1.00
2016.03.30 10:22:32.264,1.8747,1.87504,1.00,1.00
2016.03.30 10:22:32.365,1.87468,1.87504,1.00,1.00
2016.03.30 10:22:32.565,1.8747,1.87504,1.00,1.00
2016.03.30 10:22:35.478,1.8747,1.87506,1.00,1.00
2016.03.30 10:22:35.730,1.8747,1.87503,1.00,1.00
2016.03.30 10:22:36.883,1.8747,1.87507,1.00,1.00
2016.03.30 10:22:37.386,1.87469,1.87507,1.00,1.50
2016.03.30 10:22:42.177,1.87469,1.87505,1.00,1.00
2016.03.30 10:22:42.480,1.87469,1.875,1.00,1.00
2016.03.30 10:22:42.665,1.87469,1.87502,1.00,1.00
2016.03.30 10:22:42.966,1.87469,1.87504,1.00,1.00
2016.03.30 10:22:43.165,1.8747,1.87501,1.00,1.00
2016.03.30 10:22:43.718,1.87469,1.87501,1.00,1.00
2016.03.30 10:22:44.580,1.87469,1.87502,1.00,1.00
2016.03.30 10:22:44.885,1.87465,1.87502,1.00,1.00
2016.03.30 10:22:45.087,1.87465,1.875,1.00,1.00
2016.03.30 10:22:45.726,1.87464,1.875,1.00,1.00
2016.03.30 10:22:46.930,1.87465,1.875,1.00,1.00
2016.03.30 10:22:47.456,1.87465,1.87499,1.00,1.00
2016.03.30 10:22:48.894,1.87464,1.87499,1.00,1.00
2016.03.30 10:22:51.769,1.87464,1.87501,1.00,1.00
2016.03.30 10:22:53.099,1.87464,1.87502,1.00,1.00
2016.03.30 10:22:53.620,1.87464,1.87503,1.00,1.50
2016.03.30 10:22:56.711,1.87464,1.87501,1.00,1.00
2016.03.30 10:22:57.557,1.87464,1.87503,1.00,1.50
2016.03.30 10:23:00.727,1.87465,1.87507,1.37,1.50
2016.03.30 10:23:01.275,1.87465,1.87507,1.50,1.50
2016.03.30 10:23:01.476,1.87465,1.87504,1.00,1.00
2016.03.30 10:23:01.678,1.87465,1.87507,1.37,1.00
2016.03.30 10:23:02.186,1.87468,1.87507,1.00,1.00
2016.03.30 10:23:02.287,1.87468,1.87504,1.00,1.00
2016.03.30 10:23:02.388,1.87468,1.87509,1.50,1.00
2016.03.30 10:23:04.787,1.87468,1.87507,1.50,1.00
2016.03.30 10:23:04.988,1.87468,1.87509,1.50,1.00
2016.03.30 10:23:06.854,1.87468,1.87509,1.37,1.00
2016.03.30 10:23:07.156,1.87493,1.87534,1.87,1.00
2016.03.30 10:23:07.207,1.87497,1.87535,1.00,1.00
2016.03.30 10:23:07.308,1.87494,1.87533,1.00,1.00
2016.03.30 10:23:07.844,1.87494,1.87534,1.00,1.00
2016.03.30 10:23:08.194,1.87494,1.87532,1.00,1.00
2016.03.30 10:23:08.497,1.87494,1.87529,1.00,1.00
2016.03.30 10:23:08.805,1.87494,1.87532,1.00,1.00
2016.03.30 10:23:09.209,1.87491,1.87532,1.00,1.00
2016.03.30 10:23:10.313,1.87491,1.87533,1.00,1.50
2016.03.30 10:23:10.871,1.87491,1.87532,1.00,1.00
2016.03.30 10:23:12.116,1.87496,1.87533,1.00,1.00
2016.03.30 10:23:12.418,1.87491,1.87531,1.00,1.00
2016.03.30 10:23:12.469,1.87491,1.87531,1.37,1.00
2016.03.30 10:23:12.520,1.87496,1.87533,1.00,1.00
2016.03.30 10:23:12.622,1.875,1.87533,1.00,1.00
2016.03.30 10:23:13.045,1.875,1.87537,1.00,1.00
2016.03.30 10:23:13.196,1.87502,1.87537,1.00,1.00
2016.03.30 10:23:13.800,1.87502,1.87541,1.50,1.50
2016.03.30 10:23:14.303,1.87503,1.87541,1.00,1.00
2016.03.30 10:23:15.080,1.87504,1.87541,1.00,1.00
2016.03.30 10:23:16.582,1.87505,1.87541,1.00,1.50
2016.03.30 10:23:18.926,1.87506,1.87541,1.00,1.00
2016.03.30 10:23:19.533,1.87507,1.87541,1.00,1.00
2016.03.30 10:23:25.325,1.87505,1.87541,1.00,1.50
2016.03.30 10:23:25.593,1.87507,1.87541,1.00,1.50
2016.03.30 10:23:25.913,1.87505,1.87541,1.00,1.00
2016.03.30 10:23:26.014,1.87507,1.87541,1.00,1.00
2016.03.30 10:23:26.667,1.87507,1.87545,1.00,1.00
2016.03.30 10:23:26.879,1.87507,1.87539,1.00,1.00
2016.03.30 10:23:27.032,1.87507,1.87545,1.00,1.00
2016.03.30 10:23:27.630,1.87507,1.87541,1.00,1.00
2016.03.30 10:23:27.696,1.87505,1.87541,1.00,1.00
2016.03.30 10:23:28.023,1.87508,1.87541,1.00,1.00
2016.03.30 10:23:30.836,1.87508,1.87543,1.00,1.00
2016.03.30 10:23:31.344,1.87508,1.87542,1.00,1.00
2016.03.30 10:23:33.040,1.87509,1.87542,1.00,1.00
2016.03.30 10:23:33.091,1.87509,1.87544,1.00,1.00
2016.03.30 10:23:33.344,1.87511,1.87547,1.00,1.50
2016.03.30 10:23:33.864,1.87509,1.87546,1.37,1.00
2016.03.30 10:23:35.407,1.87509,1.87545,1.37,1.00
2016.03.30 10:23:36.005,1.87509,1.87545,1.00,1.00
2016.03.30 10:23:36.056,1.8751,1.87548,1.00,1.00
2016.03.30 10:23:40.853,1.87509,1.87545,1.50,1.00
2016.03.30 10:23:41.450,1.8751,1.87543,1.00,1.00
2016.03.30 10:23:41.955,1.8751,1.87546,1.37,1.00
2016.03.30 10:23:42.056,1.87519,1.87553,1.00,1.00
2016.03.30 10:23:42.157,1.87519,1.87555,1.37,1.00
2016.03.30 10:23:42.443,1.87529,1.87564,1.12,1.00
2016.03.30 10:23:42.756,1.87532,1.87568,1.00,1.50
2016.03.30 10:23:43.218,1.87534,1.87568,1.00,1.00
2016.03.30 10:23:46.447,1.87536,1.87568,1.00,1.00
2016.03.30 10:23:46.497,1.87536,1.8757,1.00,1.50
2016.03.30 10:23:46.749,1.87534,1.87569,1.00,1.00
2016.03.30 10:23:47.131,1.87531,1.87567,1.00,1.00
2016.03.30 10:23:47.232,1.8753,1.87565,1.00,1.00
2016.03.30 10:23:47.564,1.8753,1.87563,1.00,1.00
2016.03.30 10:23:48.271,1.87526,1.87561,1.50,1.00
2016.03.30 10:23:48.853,1.87525,1.8756,1.00,1.00
2016.03.30 10:23:51.034,1.87528,1.87563,1.00,1.50
2016.03.30 10:23:51.236,1.87533,1.87569,1.00,1.50
2016.03.30 10:23:51.337,1.87529,1.87562,1.37,1.00
2016.03.30 10:23:51.388,1.87529,1.87562,1.00,1.00
2016.03.30 10:23:51.740,1.8753,1.87565,1.00,1.00
2016.03.30 10:23:51.841,1.87534,1.87569,1.00,1.00
2016.03.30 10:23:52.043,1.87531,1.87567,1.00,1.00
2016.03.30 10:23:52.397,1.8753,1.87565,1.50,1.00
2016.03.30 10:23:52.976,1.87527,1.87563,1.00,1.00
2016.03.30 10:23:53.032,1.87526,1.87561,1.00,1.00
2016.03.30 10:23:56.548,1.87525,1.87559,1.00,1.00
2016.03.30 10:23:56.850,1.87523,1.87559,1.50,1.00
2016.03.30 10:23:57.389,1.87524,1.8756,1.00,1.00
2016.03.30 10:23:57.899,1.87523,1.87559,1.50,1.50
2016.03.30 10:23:57.950,1.87523,1.87548,1.00,1.00
2016.03.30 10:23:58.001,1.87516,1.87548,1.00,1.00
2016.03.30 10:23:58.052,1.87516,1.87543,1.00,1.00
2016.03.30 10:23:58.103,1.87507,1.87543,1.00,1.00
2016.03.30 10:23:58.153,1.87506,1.87537,1.00,1.00
2016.03.30 10:23:58.694,1.87505,1.87537,1.00,1.00
2016.03.30 10:23:59.380,1.87501,1.87537,1.50,1.00
2016.03.30 10:23:59.934,1.87501,1.87535,1.00,1.00
2016.03.30 10:24:00.337,1.87499,1.87531,1.00,1.00
2016.03.30 10:24:00.842,1.87499,1.8753,1.00,1.00
2016.03.30 10:24:01.355,1.87499,1.87531,1.00,1.00
2016.03.30 10:24:01.557,1.87499,1.87534,1.00,1.00
2016.03.30 10:24:01.759,1.87501,1.87534,1.00,1.00
2016.03.30 10:24:02.359,1.875,1.87534,1.00,1.00
2016.03.30 10:24:02.414,1.87498,1.87534,1.50,1.00
2016.03.30 10:24:03.223,1.87498,1.87531,1.50,1.00
2016.03.30 10:24:03.666,1.87491,1.87527,1.00,1.00
2016.03.30 10:24:04.085,1.87494,1.8753,1.00,1.00
2016.03.30 10:24:05.247,1.87493,1.87528,1.00,1.00
2016.03.30 10:24:05.775,1.87494,1.87529,1.00,1.00
2016.03.30 10:24:06.543,1.87495,1.87531,1.00,1.00
2016.03.30 10:24:07.078,1.87496,1.87532,1.00,1.00
2016.03.30 10:24:07.330,1.87494,1.87532,1.50,1.00
2016.03.30 10:24:07.621,1.87497,1.87533,1.00,1.00
2016.03.30 10:24:07.930,1.87498,1.87535,1.00,1.50
2016.03.30 10:24:08.902,1.87496,1.87535,1.00,1.00
2016.03.30 10:24:09.484,1.87497,1.87535,1.00,1.00
2016.03.30 10:24:09.736,1.87499,1.87535,1.00,1.00
2016.03.30 10:24:10.711,1.87499,1.87538,1.00,1.50
2016.03.30 10:24:10.863,1.87501,1.87538,1.12,1.50
2016.03.30 10:24:11.548,1.87502,1.87538,1.00,1.00
2016.03.30 10:24:11.649,1.87503,1.8754,1.00,1.00
2016.03.30 10:24:11.851,1.87503,1.87534,1.00,1.00
2016.03.30 10:24:12.002,1.87498,1.87534,1.00,1.00
2016.03.30 10:24:12.377,1.87498,1.87532,1.00,1.00
2016.03.30 10:24:12.478,1.87498,1.87534,1.00,1.00
2016.03.30 10:24:12.579,1.87498,1.87532,1.00,1.00
2016.03.30 10:24:12.823,1.87498,1.87535,1.00,1.00
2016.03.30 10:24:12.974,1.87499,1.87539,1.00,1.50
2016.03.30 10:24:13.182,1.87499,1.87537,1.00,1.00
2016.03.30 10:24:13.816,1.87498,1.87537,1.00,1.00
2016.03.30 10:24:14.509,1.87498,1.87536,1.00,1.00
2016.03.30 10:24:15.092,1.87499,1.87538,1.00,1.00
2016.03.30 10:24:15.244,1.87502,1.8754,1.00,1.00
2016.03.30 10:24:15.647,1.87502,1.87537,1.00,1.00
2016.03.30 10:24:15.861,1.87502,1.87541,1.00,1.00
2016.03.30 10:24:19.362,1.87522,1.87552,1.00,1.00
2016.03.30 10:24:19.614,1.87533,1.87568,1.00,1.00
2016.03.30 10:24:19.665,1.87535,1.87573,1.00,1.00
2016.03.30 10:24:19.766,1.87535,1.8757,1.00,1.00
2016.03.30 10:24:20.361,1.87535,1.87572,1.00,1.00
2016.03.30 10:24:20.581,1.87535,1.8757,1.00,1.00
2016.03.30 10:24:20.783,1.87535,1.87573,1.00,1.00
2016.03.30 10:24:21.347,1.87536,1.87573,1.00,1.00
2016.03.30 10:24:22.556,1.87535,1.87573,1.00,1.00
2016.03.30 10:24:22.870,1.87539,1.87574,1.00,1.00
2016.03.30 10:24:22.971,1.87539,1.87577,1.00,1.00
2016.03.30 10:24:23.021,1.87542,1.87577,1.00,1.00
2016.03.30 10:24:23.394,1.87539,1.87574,1.00,1.00
2016.03.30 10:24:23.445,1.87536,1.87574,1.00,1.00
2016.03.30 10:24:23.496,1.87532,1.87569,1.00,1.00
2016.03.30 10:24:23.546,1.8753,1.87569,1.50,1.00
2016.03.30 10:24:23.698,1.8753,1.87566,1.00,1.00
2016.03.30 10:24:24.659,1.8753,1.87565,1.00,1.00
2016.03.30 10:24:25.702,1.8753,1.87566,1.00,1.00
2016.03.30 10:24:26.265,1.8753,1.87567,1.00,1.00
2016.03.30 10:24:26.912,1.8753,1.87566,1.00,1.00
2016.03.30 10:24:27.504,1.8753,1.87571,1.37,1.00
2016.03.30 10:24:28.013,1.8753,1.8757,1.00,1.00
2016.03.30 10:24:28.618,1.8753,1.87571,1.00,1.00
2016.03.30 10:24:28.769,1.8753,1.87568,1.00,1.00
2016.03.30 10:24:28.921,1.87524,1.87565,1.12,1.00
2016.03.30 10:24:31.028,1.87524,1.87565,1.37,1.50
2016.03.30 10:24:31.079,1.87528,1.87567,1.00,1.00
2016.03.30 10:24:31.386,1.8753,1.87569,1.00,1.00
2016.03.30 10:24:32.815,1.8753,1.8757,1.00,1.00
2016.03.30 10:24:33.371,1.8753,1.87568,1.00,1.00
2016.03.30 10:24:34.383,1.8753,1.87569,1.00,1.00
2016.03.30 10:24:35.195,1.87525,1.87564,1.50,1.00
2016.03.30 10:24:35.497,1.87528,1.87566,1.00,1.00
2016.03.30 10:24:36.084,1.87524,1.87565,1.50,1.00
2016.03.30 10:24:36.658,1.87525,1.87565,1.00,1.00
2016.03.30 10:24:38.313,1.87524,1.87565,1.87,1.50
2016.03.30 10:24:39.805,1.87524,1.87564,1.00,1.00
2016.03.30 10:24:41.120,1.87524,1.87565,1.00,1.50
2016.03.30 10:24:42.983,1.87524,1.87564,1.00,1.00
2016.03.30 10:24:43.591,1.87524,1.87563,1.00,1.00
2016.03.30 10:24:43.985,1.87524,1.87565,1.00,1.50
2016.03.30 10:24:44.086,1.87527,1.87567,1.00,1.00
2016.03.30 10:24:44.488,1.87527,1.87565,1.00,1.00
2016.03.30 10:24:45.009,1.87527,1.87566,1.00,1.00
2016.03.30 10:24:45.687,1.87527,1.87564,1.00,1.00
2016.03.30 10:24:46.090,1.87527,1.87568,1.00,1.00
2016.03.30 10:24:49.784,1.87527,1.87567,1.00,1.00
2016.03.30 10:24:50.237,1.87524,1.87564,1.00,1.00
2016.03.30 10:24:50.779,1.8752,1.8756,1.87,1.00
2016.03.30 10:24:51.339,1.8752,1.8756,1.37,1.00
2016.03.30 10:24:51.667,1.87523,1.87562,1.00,1.00
2016.03.30 10:24:58.048,1.87524,1.87562,1.00,1.00
2016.03.30 10:24:58.549,1.87523,1.87562,1.50,1.00
2016.03.30 10:24:58.900,1.87525,1.87562,1.00,1.00
2016.03.30 10:24:59.849,1.87524,1.87562,1.00,1.00
2016.03.30 10:25:00.560,1.87523,1.87562,1.50,1.00
2016.03.30 10:25:00.862,1.87523,1.87557,1.00,1.00
2016.03.30 10:25:01.164,1.87518,1.87557,1.12,1.00
2016.03.30 10:25:01.605,1.8752,1.87557,1.00,1.00
2016.03.30 10:25:02.452,1.8752,1.87555,1.00,1.00
2016.03.30 10:25:03.656,1.87519,1.87555,1.00,1.00
2016.03.30 10:25:03.924,1.87517,1.87555,1.50,1.00
2016.03.30 10:25:08.543,1.87516,1.87555,1.50,1.00
2016.03.30 10:25:09.047,1.87517,1.87555,1.87,1.00
2016.03.30 10:25:09.664,1.87516,1.87555,1.00,1.50
2016.03.30 10:25:10.168,1.87517,1.87555,1.00,1.00
2016.03.30 10:25:11.113,1.87517,1.87557,1.12,1.00
2016.03.30 10:25:13.151,1.87517,1.87558,1.12,1.50
2016.03.30 10:25:13.252,1.87517,1.87556,1.00,1.00
2016.03.30 10:25:13.706,1.87514,1.87555,1.87,1.50
2016.03.30 10:25:15.093,1.87517,1.87555,1.00,1.00
2016.03.30 10:25:19.030,1.87515,1.87555,1.37,1.00
2016.03.30 10:25:19.131,1.87523,1.87557,1.00,1.00
2016.03.30 10:25:19.232,1.87523,1.87561,1.00,1.00
2016.03.30 10:25:19.735,1.87523,1.87562,1.00,1.00
2016.03.30 10:25:20.247,1.87523,1.87563,1.00,1.00
2016.03.30 10:25:20.793,1.87523,1.87562,1.00,1.00
2016.03.30 10:25:21.139,1.87523,1.87559,1.00,1.00
2016.03.30 10:25:21.643,1.87523,1.87558,1.00,1.00
2016.03.30 10:25:22.845,1.87523,1.87557,1.00,1.00
2016.03.30 10:25:25.154,1.87523,1.87556,1.00,1.00
2016.03.30 10:25:25.805,1.87523,1.87557,1.00,1.00
2016.03.30 10:25:26.449,1.87523,1.87555,1.00,1.00
2016.03.30 10:25:26.772,1.87523,1.87552,1.00,1.00
2016.03.30 10:25:27.161,1.87523,1.87555,1.00,1.00
2016.03.30 10:25:27.663,1.87523,1.87559,1.50,1.00
2016.03.30 10:25:28.078,1.87523,1.87557,1.00,1.00
2016.03.30 10:25:29.071,1.87523,1.87551,1.00,1.00
2016.03.30 10:25:29.172,1.87523,1.87554,1.00,1.00
2016.03.30 10:25:29.223,1.87518,1.87554,1.00,1.50
2016.03.30 10:25:29.585,1.87513,1.87549,1.50,1.00
2016.03.30 10:25:30.292,1.87516,1.87549,1.00,1.00
2016.03.30 10:25:30.638,1.8752,1.87549,1.00,1.00
2016.03.30 10:25:30.689,1.8752,1.87552,1.00,1.00
2016.03.30 10:25:34.747,1.8752,1.87549,1.00,1.00
2016.03.30 10:25:35.189,1.87516,1.87549,1.50,1.00
2016.03.30 10:25:35.290,1.87519,1.87553,1.00,1.00
2016.03.30 10:25:36.396,1.87519,1.87552,1.00,1.00
2016.03.30 10:25:36.598,1.87519,1.8755,1.00,1.00
2016.03.30 10:25:36.799,1.87519,1.87552,1.00,1.00
2016.03.30 10:25:37.288,1.87515,1.8755,1.00,1.00
2016.03.30 10:25:37.389,1.87513,1.87545,1.00,1.00
2016.03.30 10:25:37.895,1.87513,1.87546,1.50,1.00
2016.03.30 10:25:38.096,1.87516,1.87553,1.00,1.00
2016.03.30 10:25:38.618,1.87516,1.87552,1.00,1.00
2016.03.30 10:25:38.669,1.87515,1.8755,1.00,1.00
2016.03.30 10:25:39.660,1.87514,1.87549,1.00,1.00
2016.03.30 10:25:39.973,1.87513,1.87546,1.00,1.00
2016.03.30 10:25:40.499,1.87513,1.87545,1.00,1.00
2016.03.30 10:25:41.757,1.87513,1.87543,1.00,1.00
2016.03.30 10:25:42.059,1.87513,1.87546,1.00,1.00
2016.03.30 10:25:44.607,1.87513,1.87547,1.00,1.50
2016.03.30 10:25:44.860,1.87513,1.87545,1.00,1.00
2016.03.30 10:25:45.781,1.87513,1.87548,1.50,1.50
2016.03.30 10:25:46.061,1.87515,1.87548,1.00,1.00
2016.03.30 10:25:46.162,1.87515,1.8755,1.00,1.00
2016.03.30 10:25:46.909,1.87516,1.87552,1.00,1.00
2016.03.30 10:25:48.110,1.87516,1.87549,1.00,1.00
2016.03.30 10:25:49.967,1.87516,1.87553,1.00,1.50
2016.03.30 10:25:50.068,1.87515,1.8755,1.00,1.00
2016.03.30 10:25:50.570,1.87513,1.8755,1.50,1.00
2016.03.30 10:25:51.064,1.87512,1.87548,1.00,1.00
2016.03.30 10:25:51.366,1.87519,1.87554,1.00,1.00
2016.03.30 10:25:51.668,1.87519,1.87556,1.00,1.00
2016.03.30 10:25:52.879,1.87518,1.87557,1.00,1.00
2016.03.30 10:25:54.170,1.87521,1.87557,1.00,1.00
2016.03.30 10:25:54.874,1.8752,1.87558,1.00,1.50
2016.03.30 10:25:56.392,1.87521,1.87558,1.00,1.00
2016.03.30 10:25:57.215,1.8752,1.87558,1.00,1.00
2016.03.30 10:25:58.679,1.87519,1.87558,1.00,1.00
2016.03.30 10:25:59.203,1.87517,1.87558,1.00,1.00
2016.03.30 10:25:59.487,1.87519,1.87558,1.00,1.00
2016.03.30 10:26:00.708,1.87517,1.87558,1.00,1.00
2016.03.30 10:26:00.809,1.87519,1.87558,1.00,1.00
2016.03.30 10:26:01.011,1.87519,1.8756,1.00,1.00
2016.03.30 10:26:01.112,1.87522,1.8756,1.37,1.00
2016.03.30 10:26:01.212,1.87523,1.87565,1.87,1.00
2016.03.30 10:26:01.263,1.87526,1.87568,1.00,1.50
2016.03.30 10:26:01.631,1.87528,1.87567,1.00,1.00
2016.03.30 10:26:01.933,1.87531,1.87568,1.00,1.00
2016.03.30 10:26:03.618,1.87531,1.87567,1.00,1.00
2016.03.30 10:26:04.120,1.87531,1.87568,1.00,1.00
2016.03.30 10:26:05.325,1.87536,1.87568,1.00,1.00
2016.03.30 10:26:06.020,1.87536,1.87567,1.00,1.00
2016.03.30 10:26:06.532,1.87536,1.87569,1.00,1.00
2016.03.30 10:26:07.079,1.87536,1.87568,1.00,1.00
2016.03.30 10:26:07.392,1.87533,1.87568,1.00,1.00
2016.03.30 10:26:07.443,1.87527,1.87566,1.00,1.50
2016.03.30 10:26:07.494,1.87524,1.8756,1.00,1.00
2016.03.30 10:26:07.544,1.8752,1.8756,1.00,1.00
2016.03.30 10:26:07.596,1.8752,1.87557,1.00,1.00
2016.03.30 10:26:07.807,1.87516,1.87554,1.00,1.00
2016.03.30 10:26:08.134,1.87516,1.87552,1.00,1.00
2016.03.30 10:26:08.442,1.87516,1.87555,1.00,1.00
2016.03.30 10:26:08.823,1.87517,1.87557,1.00,1.50
2016.03.30 10:26:09.339,1.87516,1.87555,1.50,1.00
2016.03.30 10:26:09.841,1.87517,1.87556,1.00,1.00
2016.03.30 10:26:10.512,1.87518,1.87556,1.00,1.00
2016.03.30 10:26:11.122,1.87518,1.87555,1.00,1.00
2016.03.30 10:26:11.711,1.87519,1.87555,1.00,1.50
2016.03.30 10:26:12.060,1.87519,1.87552,1.00,1.00
2016.03.30 10:26:19.509,1.87519,1.87554,1.00,1.00
2016.03.30 10:26:20.359,1.87518,1.87553,1.00,1.00
2016.03.30 10:26:20.511,1.8752,1.87554,1.00,1.50
2016.03.30 10:26:22.050,1.87522,1.87554,1.00,1.00
2016.03.30 10:26:22.151,1.87519,1.87553,1.00,1.00
2016.03.30 10:26:23.233,1.87523,1.87553,1.00,1.00
2016.03.30 10:26:23.447,1.87519,1.87553,1.00,1.00
2016.03.30 10:26:23.616,1.87521,1.87554,1.00,1.00
2016.03.30 10:26:24.136,1.87522,1.87554,1.00,1.00
2016.03.30 10:26:24.760,1.87521,1.87554,1.00,1.00
2016.03.30 10:26:25.069,1.87523,1.87554,1.00,1.00
2016.03.30 10:26:32.208,1.87526,1.87554,1.00,1.00
2016.03.30 10:26:32.339,1.87523,1.87554,1.00,1.00
2016.03.30 10:26:33.021,1.87522,1.87554,1.00,1.00
2016.03.30 10:26:33.911,1.87523,1.87554,1.00,1.00
2016.03.30 10:26:34.263,1.87526,1.87554,1.00,1.00
2016.03.30 10:26:35.535,1.87527,1.87554,1.00,1.00
2016.03.30 10:26:36.809,1.87527,1.87561,1.00,2.25
2016.03.30 10:26:37.172,1.8753,1.8756,1.00,1.00
2016.03.30 10:26:37.804,1.8753,1.87561,1.00,1.50
2016.03.30 10:26:37.855,1.87527,1.87561,1.00,1.50
2016.03.30 10:26:39.187,1.87524,1.87558,1.00,1.00
2016.03.30 10:26:40.269,1.87525,1.87557,1.00,1.00
2016.03.30 10:26:40.320,1.87527,1.8756,1.00,1.00
2016.03.30 10:26:40.922,1.87527,1.87561,1.00,1.00
2016.03.30 10:26:41.449,1.87527,1.8756,1.00,1.00
2016.03.30 10:26:43.581,1.87527,1.87561,1.00,1.00
2016.03.30 10:26:43.791,1.87527,1.87559,1.00,1.00
2016.03.30 10:26:45.648,1.87527,1.87561,1.00,1.00
2016.03.30 10:26:46.823,1.87527,1.87558,1.00,1.00
2016.03.30 10:26:55.562,1.87526,1.87558,1.00,1.00
2016.03.30 10:26:56.860,1.87526,1.87559,1.00,1.00
2016.03.30 10:26:58.196,1.87525,1.87559,1.00,1.00
2016.03.30 10:26:58.717,1.87526,1.87559,1.00,1.00
2016.03.30 10:26:59.259,1.87525,1.87559,1.00,1.00
2016.03.30 10:27:01.101,1.87523,1.87559,1.00,1.50
2016.03.30 10:27:01.627,1.87524,1.87559,1.00,1.50
2016.03.30 10:27:02.606,1.87523,1.87559,1.50,1.00
2016.03.30 10:27:03.153,1.87523,1.87559,1.37,1.00
2016.03.30 10:27:03.380,1.87522,1.87557,1.37,1.00
2016.03.30 10:27:03.663,1.87522,1.87557,1.50,1.00
2016.03.30 10:27:03.864,1.87522,1.87557,1.37,1.00
2016.03.30 10:27:04.257,1.87522,1.87557,1.50,1.00
2016.03.30 10:27:04.308,1.87523,1.87559,1.00,1.00
2016.03.30 10:27:04.610,1.87522,1.87557,1.00,1.00
2016.03.30 10:27:05.591,1.87523,1.87559,1.00,1.00
2016.03.30 10:27:06.011,1.87522,1.87557,1.50,1.00
2016.03.30 10:27:06.213,1.87523,1.87559,1.00,1.00
2016.03.30 10:27:06.456,1.87523,1.87556,1.00,1.00
2016.03.30 10:27:06.945,1.87525,1.87556,1.00,1.00
2016.03.30 10:27:07.635,1.87525,1.87559,1.00,1.00
2016.03.30 10:27:08.640,1.87528,1.8756,1.00,1.00
2016.03.30 10:27:09.004,1.87534,1.87567,1.00,1.00
2016.03.30 10:27:10.873,1.87534,1.87566,1.00,1.00
2016.03.30 10:27:11.817,1.87535,1.87566,1.00,1.00
2016.03.30 10:27:14.745,1.87536,1.87566,1.00,1.00
2016.03.30 10:27:15.302,1.87536,1.87567,1.00,1.00
2016.03.30 10:27:15.836,1.87536,1.87568,1.00,1.00
2016.03.30 10:27:16.855,1.87535,1.87568,1.00,1.00
2016.03.30 10:27:21.895,1.87536,1.87568,1.00,1.00
2016.03.30 10:27:22.849,1.87535,1.87568,1.00,1.00
2016.03.30 10:27:24.434,1.87537,1.87568,1.00,1.00
2016.03.30 10:27:27.537,1.87535,1.87568,1.00,1.00
2016.03.30 10:27:28.238,1.87536,1.87568,1.00,1.00
2016.03.30 10:27:28.842,1.87535,1.87568,1.00,1.00
2016.03.30 10:27:29.439,1.87537,1.87568,1.00,1.00
2016.03.30 10:27:29.912,1.87537,1.87571,1.00,1.50
2016.03.30 10:27:34.568,1.87539,1.87572,1.00,1.00
2016.03.30 10:27:34.619,1.87539,1.87574,1.00,1.00
2016.03.30 10:27:34.669,1.87547,1.87577,1.00,1.50
2016.03.30 10:27:34.837,1.8755,1.87582,1.00,1.00
2016.03.30 10:27:34.888,1.8755,1.87584,1.00,1.50
2016.03.30 10:27:35.058,1.87553,1.87584,1.00,1.00
2016.03.30 10:27:35.159,1.87551,1.87584,1.00,1.00
2016.03.30 10:27:35.260,1.87549,1.87582,1.00,1.00
2016.03.30 10:27:35.447,1.87549,1.87584,1.00,1.00
2016.03.30 10:27:35.752,1.87548,1.87582,1.00,1.00
2016.03.30 10:27:35.925,1.87545,1.87581,1.50,1.00
2016.03.30 10:27:35.975,1.87547,1.87582,1.00,1.50
2016.03.30 10:27:36.573,1.87548,1.87582,1.00,1.00
2016.03.30 10:27:36.749,1.87546,1.87582,1.00,1.50
2016.03.30 10:27:37.259,1.87548,1.87581,1.00,1.00
2016.03.30 10:27:37.901,1.87547,1.87581,1.00,1.00
2016.03.30 10:27:38.232,1.87549,1.87582,1.00,1.50
2016.03.30 10:27:38.601,1.87547,1.87577,1.00,1.00
2016.03.30 10:27:38.718,1.87547,1.87582,1.00,1.50
2016.03.30 10:27:40.164,1.87545,1.87581,1.50,1.00
2016.03.30 10:27:42.457,1.87546,1.87581,1.00,1.00
2016.03.30 10:27:43.045,1.87545,1.87581,1.50,1.50
2016.03.30 10:27:43.247,1.87548,1.87581,1.00,1.00
2016.03.30 10:27:43.299,1.87546,1.8758,1.00,1.00
2016.03.30 10:27:43.501,1.87548,1.87581,1.00,1.00
2016.03.30 10:27:43.602,1.87546,1.8758,1.00,1.00
2016.03.30 10:27:43.703,1.87548,1.87581,1.00,1.00
2016.03.30 10:27:43.902,1.87545,1.87581,1.50,1.50
2016.03.30 10:27:44.148,1.87545,1.87578,1.50,1.00
2016.03.30 10:27:44.249,1.87546,1.87581,1.00,1.00
2016.03.30 10:27:44.602,1.87545,1.87578,1.50,1.00
2016.03.30 10:27:44.904,1.87545,1.8758,1.50,1.00
2016.03.30 10:27:45.587,1.87545,1.87581,1.50,2.25
2016.03.30 10:27:46.738,1.87546,1.87581,1.00,1.50
2016.03.30 10:27:47.263,1.87545,1.87581,1.50,2.25
2016.03.30 10:27:47.739,1.87547,1.87581,1.00,1.50
2016.03.30 10:27:48.269,1.87547,1.8758,1.00,1.00
2016.03.30 10:27:50.178,1.87547,1.87581,1.00,1.00
2016.03.30 10:27:52.010,1.87548,1.87581,1.00,1.00
2016.03.30 10:27:52.548,1.87547,1.87581,1.00,1.50
2016.03.30 10:27:52.951,1.87545,1.87581,1.50,2.25
2016.03.30 10:27:53.052,1.87549,1.87581,1.00,1.50
2016.03.30 10:27:53.558,1.87545,1.87579,1.00,1.00
2016.03.30 10:27:53.613,1.87545,1.87577,1.00,1.00
2016.03.30 10:27:53.815,1.87545,1.8758,1.00,1.00
2016.03.30 10:27:54.217,1.87548,1.87581,1.00,1.50
2016.03.30 10:27:54.846,1.87548,1.87582,1.00,1.50
2016.03.30 10:27:55.518,1.87548,1.87581,1.00,1.00
2016.03.30 10:27:55.956,1.8755,1.87581,1.00,1.00
2016.03.30 10:27:56.301,1.87548,1.87581,1.00,1.00
2016.03.30 10:27:56.809,1.87547,1.87581,1.00,1.00
2016.03.30 10:27:57.312,1.87548,1.87581,1.00,1.50
2016.03.30 10:27:58.015,1.87548,1.87582,1.00,1.00
2016.03.30 10:28:01.737,1.87546,1.87582,1.00,2.25
2016.03.30 10:28:02.156,1.87548,1.87582,1.00,1.50
2016.03.30 10:28:02.766,1.87547,1.87581,1.00,1.00
2016.03.30 10:28:03.827,1.87546,1.8758,1.00,1.00
2016.03.30 10:28:05.179,1.87545,1.87578,1.50,1.00
2016.03.30 10:28:05.422,1.87543,1.87577,1.00,1.00
2016.03.30 10:28:06.643,1.87545,1.87577,1.00,1.00
2016.03.30 10:28:07.296,1.87545,1.87576,1.00,1.00
2016.03.30 10:28:07.559,1.87543,1.87577,1.00,1.00
2016.03.30 10:28:08.104,1.87542,1.87577,1.50,1.00
2016.03.30 10:28:08.155,1.87544,1.87577,1.00,1.00
2016.03.30 10:28:08.479,1.87548,1.87577,1.00,1.00
2016.03.30 10:28:08.530,1.87543,1.87577,1.00,1.00
2016.03.30 10:28:09.078,1.87544,1.87577,1.00,1.00
2016.03.30 10:28:09.567,1.87542,1.87577,1.50,1.00
2016.03.30 10:28:10.127,1.87543,1.87577,1.00,1.00
2016.03.30 10:28:10.179,1.87543,1.87581,1.00,2.25
2016.03.30 10:28:10.698,1.87544,1.87577,1.00,1.00
2016.03.30 10:28:10.748,1.87542,1.87577,1.50,1.00
2016.03.30 10:28:11.262,1.87543,1.87577,1.00,1.00
2016.03.30 10:28:11.363,1.87542,1.87572,1.00,1.00
2016.03.30 10:28:11.464,1.87538,1.87572,1.00,1.50
2016.03.30 10:28:11.515,1.87534,1.87571,1.00,1.00
2016.03.30 10:28:11.749,1.87533,1.87567,1.00,1.00
2016.03.30 10:28:12.269,1.87533,1.87566,1.00,1.00
2016.03.30 10:28:12.370,1.8753,1.87565,1.50,1.00
2016.03.30 10:28:12.471,1.87523,1.87556,1.00,1.00
2016.03.30 10:28:12.572,1.87521,1.87555,1.00,1.00
2016.03.30 10:28:12.774,1.87522,1.87557,1.00,2.25
2016.03.30 10:28:13.570,1.87522,1.87556,1.00,1.00
2016.03.30 10:28:13.878,1.87527,1.87561,1.00,1.50
2016.03.30 10:28:14.181,1.87522,1.87556,1.00,1.00
2016.03.30 10:28:14.530,1.87524,1.87557,1.00,1.00
2016.03.30 10:28:15.183,1.87523,1.87556,1.00,1.00
2016.03.30 10:28:15.334,1.87524,1.8756,1.50,1.50
2016.03.30 10:28:15.385,1.87532,1.8756,1.00,1.00
2016.03.30 10:28:15.435,1.87532,1.87567,1.00,1.00
2016.03.30 10:28:15.486,1.87536,1.87571,1.00,1.00
2016.03.30 10:28:15.979,1.87537,1.87567,1.00,1.00
2016.03.30 10:28:16.080,1.87535,1.87567,1.00,1.00
2016.03.30 10:28:16.588,1.87536,1.87567,1.00,1.00
2016.03.30 10:28:17.519,1.87536,1.87569,1.00,1.00
2016.03.30 10:28:17.780,1.87538,1.87569,1.00,1.00
2016.03.30 10:28:18.099,1.87539,1.87572,1.00,1.50
2016.03.30 10:28:18.645,1.8754,1.87571,1.00,1.00
2016.03.30 10:28:18.997,1.87542,1.8757,1.00,1.00
2016.03.30 10:28:19.526,1.87542,1.87571,1.00,1.00
2016.03.30 10:28:20.323,1.87539,1.87571,1.00,1.00
2016.03.30 10:28:20.602,1.87545,1.87571,1.00,1.00
2016.03.30 10:28:20.754,1.87545,1.87577,1.00,1.50
2016.03.30 10:28:20.805,1.87548,1.87577,1.00,1.50
2016.03.30 10:28:21.405,1.87548,1.87576,1.00,1.00
2016.03.30 10:28:21.507,1.87544,1.87576,1.00,1.00
2016.03.30 10:28:21.608,1.87543,1.87572,1.00,1.00
2016.03.30 10:28:22.155,1.87542,1.87572,1.00,1.00
2016.03.30 10:28:23.406,1.8754,1.87572,1.00,1.00
2016.03.30 10:28:23.608,1.87537,1.87571,1.00,1.00
2016.03.30 10:28:24.007,1.87535,1.8757,1.00,1.00
2016.03.30 10:28:25.290,1.87542,1.87572,1.00,1.00
2016.03.30 10:28:25.341,1.87542,1.87574,1.00,1.00
2016.03.30 10:28:25.562,1.87545,1.87577,1.00,1.50
2016.03.30 10:28:26.065,1.87546,1.87577,1.00,1.50
2016.03.30 10:28:26.164,1.87544,1.87577,1.00,1.50
2016.03.30 10:28:38.279,1.87545,1.87577,1.00,1.00
2016.03.30 10:28:44.327,1.87547,1.87577,1.00,1.50
2016.03.30 10:28:44.529,1.87545,1.87576,1.00,1.00
2016.03.30 10:28:44.630,1.8754,1.87575,1.00,1.00
2016.03.30 10:28:44.932,1.87544,1.87574,1.00,1.00
2016.03.30 10:28:45.239,1.87547,1.87582,1.00,1.50
2016.03.30 10:28:45.290,1.87545,1.87578,1.00,1.00
2016.03.30 10:28:47.700,1.87545,1.87581,1.00,1.00
2016.03.30 10:28:47.899,1.87545,1.87578,1.00,1.00
2016.03.30 10:29:02.920,1.87545,1.8758,1.00,1.00
2016.03.30 10:29:05.251,1.87545,1.87581,1.00,1.00
2016.03.30 10:29:06.233,1.87544,1.87579,1.00,1.00
2016.03.30 10:29:07.735,1.87546,1.8758,1.00,1.00
2016.03.30 10:29:08.915,1.87544,1.87579,1.00,1.00
2016.03.30 10:29:13.017,1.87542,1.87578,1.00,1.00
2016.03.30 10:29:13.401,1.87544,1.87579,1.00,1.00
2016.03.30 10:29:14.113,1.87545,1.87581,1.00,1.00
2016.03.30 10:29:17.196,1.87544,1.87579,1.00,1.00
2016.03.30 10:29:17.659,1.87542,1.87578,1.00,1.00
2016.03.30 10:29:19.033,1.87541,1.87577,1.50,1.00
2016.03.30 10:29:19.214,1.87543,1.87577,1.00,1.00
2016.03.30 10:29:19.715,1.87541,1.87577,1.50,1.00
2016.03.30 10:29:24.969,1.8754,1.87575,1.00,1.00
2016.03.30 10:29:29.401,1.87541,1.87577,1.00,1.00
2016.03.30 10:29:29.724,1.87541,1.87574,1.00,1.00
2016.03.30 10:29:30.906,1.87542,1.87576,1.00,1.00
2016.03.30 10:29:33.030,1.8754,1.87575,1.00,1.00
2016.03.30 10:29:33.786,1.87541,1.87575,1.00,1.00
2016.03.30 10:29:35.309,1.87541,1.87577,1.50,1.00
2016.03.30 10:29:36.611,1.87541,1.87575,1.00,1.00
2016.03.30 10:29:37.253,1.87542,1.87576,1.00,1.00
2016.03.30 10:29:38.112,1.8754,1.87575,1.00,1.00
2016.03.30 10:29:39.737,1.87539,1.87574,1.00,1.00
2016.03.30 10:29:40.816,1.87541,1.87574,1.00,1.00
2016.03.30 10:29:41.317,1.87542,1.87576,1.00,1.00
2016.03.30 10:29:41.532,1.8754,1.87575,1.00,1.00
2016.03.30 10:29:43.123,1.87539,1.87574,1.00,1.00
2016.03.30 10:29:43.325,1.87533,1.87567,1.12,1.34
2016.03.30 10:29:43.376,1.87531,1.87567,1.00,1.34
2016.03.30 10:29:43.427,1.87534,1.87552,1.00,1.00
2016.03.30 10:29:43.529,1.87519,1.87547,1.00,1.00
2016.03.30 10:29:43.580,1.87516,1.87547,1.00,1.00
2016.03.30 10:29:43.832,1.87516,1.87549,1.00,1.00
2016.03.30 10:29:43.984,1.87514,1.87549,1.00,1.00
2016.03.30 10:29:44.240,1.87512,1.87548,1.00,1.00
2016.03.30 10:29:46.022,1.87515,1.87548,1.00,1.00
2016.03.30 10:29:46.639,1.87512,1.87548,1.00,1.00
2016.03.30 10:29:46.740,1.87514,1.87549,1.00,1.00
2016.03.30 10:29:46.948,1.87518,1.87554,1.00,1.00
2016.03.30 10:29:47.049,1.87525,1.8756,1.00,1.00
2016.03.30 10:29:47.262,1.87528,1.87564,1.00,1.50
2016.03.30 10:29:47.363,1.87528,1.8756,1.00,1.00
2016.03.30 10:29:47.413,1.87526,1.8756,1.00,1.00
2016.03.30 10:29:47.464,1.87528,1.87563,1.00,1.50
2016.03.30 10:29:47.565,1.87532,1.87563,1.00,1.00
2016.03.30 10:29:47.616,1.87532,1.87567,1.00,1.50
2016.03.30 10:29:47.666,1.87534,1.87567,1.00,1.00
2016.03.30 10:29:47.717,1.87534,1.87569,1.00,1.00
2016.03.30 10:29:47.868,1.87532,1.87567,1.00,1.00
2016.03.30 10:29:47.969,1.87529,1.87565,1.00,1.00
2016.03.30 10:29:48.070,1.87528,1.87563,1.00,1.00
2016.03.30 10:29:48.409,1.87532,1.87567,1.00,1.00
2016.03.30 10:29:48.953,1.87532,1.87568,1.00,1.00
2016.03.30 10:29:49.260,1.87531,1.87566,1.00,1.00
2016.03.30 10:29:51.773,1.8753,1.87565,1.00,1.00
2016.03.30 10:29:52.175,1.87532,1.87565,1.00,1.00
2016.03.30 10:29:52.377,1.8753,1.87565,1.00,1.00
2016.03.30 10:29:52.920,1.87531,1.87566,1.00,1.00
2016.03.30 10:29:53.429,1.8753,1.87565,1.00,1.00
2016.03.30 10:29:53.481,1.87532,1.87568,1.00,1.00
2016.03.30 10:29:53.682,1.8753,1.87565,1.00,1.00
2016.03.30 10:29:54.133,1.87532,1.87566,1.00,1.00
2016.03.30 10:29:54.183,1.87532,1.87568,1.50,1.00
2016.03.30 10:29:54.410,1.87534,1.87569,1.00,1.00
2016.03.30 10:29:54.684,1.87532,1.87568,1.50,1.00
2016.03.30 10:29:54.857,1.87534,1.87569,1.00,1.00
2016.03.30 10:29:55.174,1.87532,1.87568,1.50,1.00
2016.03.30 10:29:55.290,1.87534,1.87569,1.00,1.00
2016.03.30 10:29:55.391,1.87535,1.87571,1.00,1.00
2016.03.30 10:29:55.645,1.87537,1.87572,1.00,1.50
2016.03.30 10:29:56.431,1.87536,1.87572,1.00,1.00
2016.03.30 10:29:57.250,1.87538,1.87573,1.00,1.00
2016.03.30 10:29:57.402,1.87544,1.8758,1.00,1.00
2016.03.30 10:29:58.044,1.87545,1.87579,1.00,1.00
2016.03.30 10:29:58.195,1.87544,1.87577,1.50,1.00
2016.03.30 10:29:59.812,1.87544,1.87579,1.50,1.00
2016.03.30 10:29:59.963,1.87547,1.87582,1.00,1.00
2016.03.30 10:30:00.165,1.87549,1.87585,1.00,1.50
2016.03.30 10:30:00.266,1.87546,1.87582,1.00,1.00
2016.03.30 10:30:01.188,1.87548,1.87583,1.00,1.00
2016.03.30 10:30:01.656,1.87546,1.8758,1.00,1.00
2016.03.30 10:30:01.958,1.87549,1.87585,1.00,1.00
2016.03.30 10:30:02.059,1.87553,1.87586,1.00,1.50
2016.03.30 10:30:02.322,1.87553,1.87588,1.00,1.00
2016.03.30 10:30:02.373,1.87553,1.87586,1.00,1.00
2016.03.30 10:30:02.474,1.8755,1.87586,1.00,1.00
2016.03.30 10:30:02.899,1.87553,1.87586,1.00,1.00
2016.03.30 10:30:02.977,1.8755,1.87586,1.00,1.00
2016.03.30 10:30:03.288,1.87552,1.87587,1.00,1.00
2016.03.30 10:30:03.762,1.8755,1.87586,1.00,1.00
2016.03.30 10:30:03.964,1.87552,1.87586,1.00,1.00
2016.03.30 10:30:04.115,1.87557,1.87592,1.00,1.00
2016.03.30 10:30:04.166,1.87555,1.87589,1.00,1.00
2016.03.30 10:30:04.552,1.87554,1.87587,1.00,1.00
2016.03.30 10:30:04.854,1.87563,1.87594,1.50,1.00
2016.03.30 10:30:04.904,1.87564,1.87598,1.00,1.00
2016.03.30 10:30:05.405,1.87566,1.87599,1.00,1.00
2016.03.30 10:30:13.407,1.87564,1.87598,1.50,1.00
2016.03.30 10:30:14.300,1.87564,1.876,1.00,1.00
2016.03.30 10:30:17.015,1.87563,1.87598,1.00,1.00
2016.03.30 10:30:18.373,1.87565,1.87599,1.00,1.00
2016.03.30 10:30:18.776,1.87566,1.87601,1.00,1.50
2016.03.30 10:30:18.877,1.87569,1.87601,1.00,1.00
2016.03.30 10:30:18.978,1.87572,1.87607,1.00,1.50
2016.03.30 10:30:19.625,1.87571,1.87606,1.00,1.00
2016.03.30 10:30:20.128,1.87572,1.87607,1.00,1.50
2016.03.30 10:30:20.382,1.87569,1.87604,1.00,1.00
2016.03.30 10:30:20.885,1.8757,1.87606,1.00,1.00
2016.03.30 10:30:22.185,1.87573,1.87606,1.00,1.00
2016.03.30 10:30:22.686,1.87573,1.87607,1.00,1.00
2016.03.30 10:30:23.430,1.87573,1.87609,1.00,1.00
2016.03.30 10:30:24.291,1.87574,1.8761,1.00,1.00
2016.03.30 10:30:24.792,1.87573,1.87609,1.00,1.00
2016.03.30 10:30:26.109,1.87575,1.87609,1.00,1.00
2016.03.30 10:30:26.308,1.87573,1.87609,1.00,1.00
2016.03.30 10:30:28.704,1.87575,1.8761,1.00,1.00
2016.03.30 10:30:30.151,1.87576,1.87612,1.00,1.00
2016.03.30 10:30:34.813,1.87577,1.87613,1.00,1.00
2016.03.30 10:30:37.226,1.87575,1.8761,1.00,1.00
2016.03.30 10:30:37.664,1.87576,1.87612,1.00,1.00
2016.03.30 10:30:38.036,1.87575,1.8761,1.00,1.00
2016.03.30 10:30:39.339,1.87577,1.87613,1.00,1.00
2016.03.30 10:30:39.442,1.87574,1.8761,1.00,1.00
2016.03.30 10:30:39.744,1.87577,1.8761,1.00,1.00
2016.03.30 10:30:45.344,1.87577,1.87613,1.00,1.00
2016.03.30 10:30:45.545,1.87574,1.8761,1.00,1.00
2016.03.30 10:30:47.479,1.87573,1.87609,1.50,1.00
2016.03.30 10:30:47.821,1.87576,1.87611,1.00,1.00
2016.03.30 10:30:48.400,1.87575,1.8761,1.00,1.00
2016.03.30 10:30:49.459,1.87578,1.87613,1.00,1.00
2016.03.30 10:30:49.770,1.87576,1.87612,1.00,1.00
2016.03.30 10:30:50.304,1.87577,1.87613,1.00,1.00
2016.03.30 10:30:51.463,1.87577,1.87611,1.00,1.00
2016.03.30 10:30:51.995,1.87576,1.87612,1.50,1.00
2016.03.30 10:30:52.506,1.87577,1.87613,1.00,1.00
2016.03.30 10:30:54.478,1.87579,1.87614,1.00,1.09
2016.03.30 10:30:55.088,1.87577,1.87613,1.00,1.00
2016.03.30 10:30:55.564,1.87579,1.87614,1.00,1.09
2016.03.30 10:30:55.890,1.87577,1.87613,1.00,1.00
2016.03.30 10:30:56.228,1.87579,1.87614,1.00,1.09
2016.03.30 10:30:56.379,1.87577,1.87613,1.00,1.00
2016.03.30 10:30:56.603,1.87579,1.87614,1.00,1.09
2016.03.30 10:30:56.883,1.87577,1.87613,1.00,1.00
2016.03.30 10:30:57.563,1.87579,1.87614,1.00,1.09
2016.03.30 10:30:57.898,1.87579,1.87611,1.00,1.00
2016.03.30 10:30:57.949,1.87577,1.8761,1.00,1.00
2016.03.30 10:30:58.865,1.87577,1.87612,1.00,1.00
2016.03.30 10:30:59.067,1.87576,1.87609,1.00,1.00
2016.03.30 10:30:59.779,1.87576,1.87611,1.50,1.00
2016.03.30 10:31:00.081,1.87574,1.8761,1.00,1.00
2016.03.30 10:31:00.182,1.87577,1.87612,1.00,1.00
2016.03.30 10:31:00.826,1.87576,1.87611,1.00,1.00
2016.03.30 10:31:02.386,1.87575,1.87609,1.00,1.00
2016.03.30 10:31:03.272,1.87576,1.87611,1.00,1.00
2016.03.30 10:31:03.584,1.87574,1.8761,1.00,1.00
2016.03.30 10:31:03.946,1.87568,1.87602,1.00,1.00
2016.03.30 10:31:04.447,1.87567,1.87603,1.50,1.00
2016.03.30 10:31:04.749,1.87569,1.87604,1.00,1.00
2016.03.30 10:31:05.089,1.87568,1.87602,1.00,1.00
2016.03.30 10:31:05.805,1.87568,1.87601,1.00,1.00
2016.03.30 10:31:06.523,1.87566,1.87601,1.00,1.50
2016.03.30 10:31:06.624,1.8756,1.87594,1.00,1.00
2016.03.30 10:31:06.675,1.87558,1.87594,1.50,1.00
2016.03.30 10:31:06.827,1.87557,1.87592,2.25,1.00
2016.03.30 10:31:07.280,1.87563,1.87597,1.00,1.00
2016.03.30 10:31:07.589,1.87565,1.87599,1.00,1.00
2016.03.30 10:31:07.895,1.87564,1.87597,1.00,1.00
2016.03.30 10:31:08.211,1.87564,1.87599,1.00,1.00
2016.03.30 10:31:08.826,1.87563,1.87598,1.00,1.00
2016.03.30 10:31:09.028,1.87562,1.87596,1.00,1.50
2016.03.30 10:31:09.330,1.87551,1.87584,1.50,1.00
2016.03.30 10:31:09.532,1.87552,1.87586,1.00,1.00
2016.03.30 10:31:09.699,1.87554,1.87589,1.00,1.00
2016.03.30 10:31:10.098,1.87555,1.87591,1.00,1.00
2016.03.30 10:31:10.301,1.87558,1.87591,1.00,1.00
2016.03.30 10:31:11.226,1.87564,1.87595,1.00,1.00
2016.03.30 10:31:11.277,1.87565,1.87599,1.00,1.00
2016.03.30 10:31:11.328,1.87575,1.87607,1.00,1.00
2016.03.30 10:31:11.378,1.87575,1.87611,1.00,1.50
2016.03.30 10:31:11.602,1.87579,1.87612,1.00,1.00
2016.03.30 10:31:11.904,1.87581,1.87614,1.00,1.00
2016.03.30 10:31:12.835,1.87579,1.87613,1.50,1.00
2016.03.30 10:31:12.936,1.87587,1.87621,1.00,1.50
2016.03.30 10:31:13.248,1.87599,1.87632,1.50,1.00
2016.03.30 10:31:13.298,1.87601,1.87635,1.00,1.00
2016.03.30 10:31:13.834,1.87599,1.87635,1.50,1.00
2016.03.30 10:31:14.362,1.876,1.87633,1.00,1.00
2016.03.30 10:31:14.413,1.87602,1.87637,1.00,1.00
2016.03.30 10:31:14.514,1.876,1.87636,1.00,1.00
2016.03.30 10:31:14.615,1.87603,1.87636,1.00,1.00
2016.03.30 10:31:14.917,1.87604,1.87638,1.00,1.50
2016.03.30 10:31:15.995,1.876,1.87636,1.00,1.00
2016.03.30 10:31:16.096,1.87604,1.87637,1.00,1.00
2016.03.30 10:31:16.767,1.87607,1.8764,1.00,1.00
2016.03.30 10:31:17.080,1.8761,1.87643,1.00,1.50
2016.03.30 10:31:17.586,1.87611,1.87644,1.00,1.00
2016.03.30 10:31:18.070,1.8761,1.87646,1.00,1.12
2016.03.30 10:31:18.572,1.8761,1.87647,1.00,1.00
2016.03.30 10:31:18.916,1.87608,1.87645,1.50,1.00
2016.03.30 10:31:19.239,1.87611,1.87646,1.00,1.00
2016.03.30 10:31:19.576,1.87614,1.87645,1.00,1.00
2016.03.30 10:31:19.626,1.87611,1.87645,1.00,1.00
2016.03.30 10:31:20.260,1.87611,1.87646,1.00,1.00
2016.03.30 10:31:20.645,1.87611,1.87644,1.00,1.00
2016.03.30 10:31:20.746,1.87611,1.87647,1.00,1.00
2016.03.30 10:31:21.029,1.87611,1.87644,1.00,1.00
2016.03.30 10:31:21.130,1.87611,1.87646,1.00,1.00
2016.03.30 10:31:21.804,1.87611,1.87647,1.00,1.00
2016.03.30 10:31:22.285,1.87611,1.87643,1.00,1.00
2016.03.30 10:31:22.471,1.87611,1.87647,1.00,1.00
2016.03.30 10:31:22.572,1.87611,1.87644,1.00,1.00
2016.03.30 10:31:22.774,1.87611,1.87646,1.00,1.00
2016.03.30 10:31:23.080,1.87611,1.87648,1.00,1.00
2016.03.30 10:31:23.301,1.87611,1.8765,1.00,1.50
2016.03.30 10:31:23.807,1.87613,1.87652,1.00,1.00
2016.03.30 10:31:24.311,1.87612,1.87652,1.00,1.50
2016.03.30 10:31:25.039,1.87611,1.87652,1.50,1.00
2016.03.30 10:31:25.542,1.87611,1.87651,1.00,1.00
2016.03.30 10:31:25.960,1.87611,1.87652,1.50,1.87
2016.03.30 10:31:26.111,1.87606,1.87647,1.00,1.00
2016.03.30 10:31:26.212,1.87617,1.87652,1.00,1.00
2016.03.30 10:31:26.314,1.87617,1.87655,1.00,1.50
2016.03.30 10:31:26.365,1.87617,1.87651,1.00,1.00
2016.03.30 10:31:26.648,1.87617,1.87655,1.00,1.00
2016.03.30 10:31:27.965,1.87617,1.87654,1.50,1.00
2016.03.30 10:31:28.177,1.8762,1.87656,1.00,1.00
2016.03.30 10:31:28.279,1.87617,1.87656,1.00,1.00
2016.03.30 10:31:28.905,1.8762,1.87656,1.00,1.00
2016.03.30 10:31:29.102,1.87618,1.87656,1.00,1.00
2016.03.30 10:31:29.303,1.8762,1.87656,1.00,1.00
2016.03.30 10:31:29.609,1.87617,1.87656,1.00,1.00
2016.03.30 10:31:30.020,1.87617,1.8765,1.00,1.00
2016.03.30 10:31:30.121,1.87617,1.87652,1.00,1.00
2016.03.30 10:31:30.172,1.87617,1.87647,1.00,1.00
2016.03.30 10:31:30.273,1.87609,1.87647,1.00,1.00
2016.03.30 10:31:30.778,1.87609,1.87648,1.00,1.00
2016.03.30 10:31:30.917,1.87609,1.87645,1.00,1.00
2016.03.30 10:31:31.388,1.87606,1.87645,1.00,1.00
2016.03.30 10:31:32.139,1.87605,1.87642,1.00,1.00
2016.03.30 10:31:32.518,1.87605,1.8764,1.00,1.00
2016.03.30 10:31:33.019,1.87605,1.87641,1.00,1.00
2016.03.30 10:31:33.120,1.87602,1.87641,1.00,1.50
2016.03.30 10:31:33.221,1.87602,1.87637,1.00,1.00
2016.03.30 10:31:33.880,1.87602,1.87635,1.00,1.00
2016.03.30 10:31:34.527,1.87602,1.87634,1.00,1.00
2016.03.30 10:31:34.878,1.87602,1.87636,1.00,1.00
2016.03.30 10:31:35.527,1.87602,1.87637,1.00,1.00
2016.03.30 10:31:36.025,1.87605,1.8764,1.00,1.00
2016.03.30 10:31:36.782,1.87603,1.87639,1.00,1.00
2016.03.30 10:31:37.032,1.87603,1.87631,1.00,1.00
2016.03.30 10:31:37.083,1.87594,1.87631,1.00,1.50
2016.03.30 10:31:37.184,1.87597,1.87631,1.00,1.00
2016.03.30 10:31:38.086,1.87595,1.87629,1.00,1.00
2016.03.30 10:31:38.484,1.87597,1.87631,1.00,1.00
2016.03.30 10:31:38.684,1.87594,1.87629,1.00,1.00
2016.03.30 10:31:38.785,1.87595,1.87631,1.00,1.50
2016.03.30 10:31:38.887,1.87595,1.87629,1.00,1.00
2016.03.30 10:31:39.089,1.87585,1.87622,1.00,1.00
2016.03.30 10:31:39.392,1.8759,1.87622,1.00,1.00
2016.03.30 10:31:39.898,1.87591,1.87622,1.00,1.00
2016.03.30 10:31:41.589,1.87592,1.87622,1.00,1.00
2016.03.30 10:31:41.755,1.87592,1.87628,1.00,1.50
2016.03.30 10:31:42.490,1.87594,1.87628,1.00,1.00
2016.03.30 10:31:43.021,1.87595,1.87628,1.00,1.00
2016.03.30 10:31:43.323,1.87598,1.87628,1.00,1.00
2016.03.30 10:31:44.996,1.876,1.87628,1.00,1.00
2016.03.30 10:31:45.046,1.876,1.87635,1.00,1.00
2016.03.30 10:31:45.200,1.87602,1.87635,1.00,1.00
2016.03.30 10:31:45.502,1.87605,1.87639,1.00,1.00
2016.03.30 10:31:45.795,1.87608,1.87641,1.00,1.50
2016.03.30 10:31:48.349,1.87608,1.87642,1.00,1.50
2016.03.30 10:31:48.656,1.87611,1.87641,1.00,1.00
2016.03.30 10:31:48.958,1.87614,1.87648,1.00,1.00
2016.03.30 10:31:49.009,1.87617,1.87648,1.00,1.00
2016.03.30 10:31:49.211,1.87616,1.87651,1.50,1.00
2016.03.30 10:31:49.421,1.8762,1.87653,1.00,1.00
2016.03.30 10:31:49.735,1.87624,1.87653,1.00,1.00
2016.03.30 10:31:50.143,1.87622,1.87652,1.00,1.00
2016.03.30 10:31:50.346,1.87617,1.87653,1.00,1.50
2016.03.30 10:31:50.548,1.8761,1.87645,1.00,1.50
2016.03.30 10:31:50.868,1.87608,1.87642,1.00,1.00
2016.03.30 10:31:52.063,1.87608,1.87644,1.00,1.00
2016.03.30 10:31:52.235,1.87611,1.87644,1.00,1.00
2016.03.30 10:31:53.122,1.87608,1.87645,1.00,1.50
2016.03.30 10:31:53.617,1.87612,1.87645,1.00,1.00
2016.03.30 10:31:53.769,1.87612,1.8765,1.00,1.00
2016.03.30 10:31:54.009,1.87614,1.87651,1.00,1.00
2016.03.30 10:31:54.312,1.87613,1.87648,1.00,1.00
2016.03.30 10:31:54.715,1.87611,1.87648,1.00,1.00
2016.03.30 10:31:55.140,1.87606,1.87645,1.00,1.00
2016.03.30 10:31:57.514,1.87605,1.87639,1.00,1.00
2016.03.30 10:31:57.716,1.87605,1.87641,1.50,1.00
2016.03.30 10:31:57.817,1.87609,1.87647,1.00,1.00
2016.03.30 10:31:57.867,1.87612,1.87648,1.00,1.00
2016.03.30 10:31:57.918,1.87612,1.87651,1.50,1.00
2016.03.30 10:31:58.221,1.87614,1.87652,1.00,1.00
2016.03.30 10:31:58.954,1.87615,1.87653,1.00,1.00
2016.03.30 10:31:59.257,1.87615,1.87651,1.00,1.00
2016.03.30 10:31:59.509,1.87612,1.87651,1.50,1.00
2016.03.30 10:32:00.649,1.87613,1.8765,1.00,1.00
2016.03.30 10:32:01.953,1.87615,1.87651,1.00,1.00
2016.03.30 10:32:02.426,1.87617,1.8765,1.00,1.00
2016.03.30 10:32:02.756,1.87614,1.8765,1.00,1.00
2016.03.30 10:32:03.260,1.87612,1.87647,1.50,1.00
2016.03.30 10:32:04.814,1.87612,1.87645,1.50,1.00
2016.03.30 10:32:05.117,1.87604,1.87637,1.00,1.00
2016.03.30 10:32:05.218,1.87602,1.87637,1.00,1.00
2016.03.30 10:32:06.020,1.87605,1.87638,1.00,1.00
2016.03.30 10:32:06.121,1.87606,1.8764,1.00,1.00
2016.03.30 10:32:07.124,1.87604,1.87639,1.50,1.00
2016.03.30 10:32:08.730,1.87603,1.87638,1.00,1.00
2016.03.30 10:32:09.351,1.87602,1.87636,1.50,1.00
2016.03.30 10:32:10.034,1.87603,1.87638,1.00,1.00
2016.03.30 10:32:10.567,1.87602,1.87638,1.50,1.00
2016.03.30 10:32:10.668,1.87602,1.87636,1.00,1.00
2016.03.30 10:32:11.752,1.87602,1.87637,1.00,1.00
2016.03.30 10:32:12.361,1.87602,1.87638,1.00,1.00
2016.03.30 10:32:14.025,1.87603,1.87638,1.00,1.00
2016.03.30 10:32:14.527,1.87602,1.87637,1.00,1.00
2016.03.30 10:32:15.112,1.87602,1.87636,1.00,1.00
2016.03.30 10:32:15.420,1.87602,1.87626,1.00,1.00
2016.03.30 10:32:15.521,1.8759,1.87623,1.00,1.00
2016.03.30 10:32:16.056,1.8759,1.87625,1.00,1.00
2016.03.30 10:32:16.585,1.8759,1.87624,1.00,1.00
2016.03.30 10:32:16.966,1.8759,1.87626,1.00,1.00
2016.03.30 10:32:17.473,1.8759,1.87627,1.00,1.00
2016.03.30 10:32:18.232,1.8759,1.87626,1.00,1.00
2016.03.30 10:32:18.566,1.8759,1.87628,1.00,1.00
2016.03.30 10:32:18.824,1.8759,1.87625,1.00,1.00
2016.03.30 10:32:19.625,1.8759,1.87626,1.00,1.00
2016.03.30 10:32:20.738,1.8759,1.87628,1.00,1.00
2016.03.30 10:32:21.096,1.87586,1.87628,1.50,1.50
2016.03.30 10:32:21.248,1.87591,1.8763,1.00,1.00
2016.03.30 10:32:21.633,1.87591,1.87632,1.00,1.50
2016.03.30 10:32:22.023,1.87591,1.8763,1.00,1.00
2016.03.30 10:32:22.235,1.87591,1.87632,1.00,1.50
2016.03.30 10:32:22.543,1.87591,1.8763,1.00,1.00
2016.03.30 10:32:22.745,1.87591,1.87632,1.00,1.50
2016.03.30 10:32:23.293,1.87591,1.8763,1.00,1.00
2016.03.30 10:32:23.444,1.87591,1.87632,1.00,1.50
2016.03.30 10:32:23.545,1.87591,1.8763,1.00,1.00
2016.03.30 10:32:24.145,1.87591,1.87632,1.00,1.87
2016.03.30 10:32:24.446,1.87594,1.8763,1.00,1.00
2016.03.30 10:32:27.844,1.87594,1.87631,1.00,1.00
2016.03.30 10:32:29.255,1.87594,1.87627,1.00,1.00
2016.03.30 10:32:29.305,1.87591,1.87627,1.00,1.00
2016.03.30 10:32:29.557,1.87591,1.87628,1.00,1.37
2016.03.30 10:32:29.658,1.87588,1.87625,1.00,1.00
2016.03.30 10:32:31.345,1.87585,1.87621,1.00,1.37
2016.03.30 10:32:31.496,1.8758,1.87621,1.00,1.87
2016.03.30 10:32:32.001,1.8758,1.87619,1.00,1.00
2016.03.30 10:32:33.040,1.8758,1.87621,1.00,1.50
2016.03.30 10:32:33.141,1.87582,1.87621,1.00,1.00
2016.03.30 10:32:33.242,1.87588,1.87629,1.00,1.12
2016.03.30 10:32:34.163,1.87588,1.87628,1.00,1.00
2016.03.30 10:32:34.818,1.87588,1.87627,1.00,1.00
2016.03.30 10:32:35.160,1.87588,1.87622,1.00,1.00
2016.03.30 10:32:35.211,1.87585,1.87622,1.00,1.00
2016.03.30 10:32:35.262,1.87585,1.87619,1.00,1.00
2016.03.30 10:32:35.312,1.87579,1.87619,1.00,1.00
2016.03.30 10:32:35.722,1.87579,1.87615,1.00,1.00
2016.03.30 10:32:36.263,1.87579,1.87614,1.00,1.00
2016.03.30 10:32:36.465,1.87579,1.87617,1.00,1.00
2016.03.30 10:32:36.616,1.87579,1.87612,1.00,1.00
2016.03.30 10:32:39.015,1.87579,1.87616,1.00,1.00
2016.03.30 10:32:41.126,1.87579,1.87615,1.00,1.00
2016.03.30 10:32:42.234,1.87579,1.87614,1.00,1.00
2016.03.30 10:32:43.202,1.87579,1.87615,1.00,1.00
2016.03.30 10:32:43.861,1.87579,1.87614,1.50,1.00
2016.03.30 10:32:48.573,1.87581,1.87617,1.00,1.00
2016.03.30 10:32:48.775,1.87583,1.87619,1.00,1.00
2016.03.30 10:32:49.537,1.8758,1.87617,1.00,1.00
2016.03.30 10:32:50.157,1.87581,1.87618,1.00,1.00
2016.03.30 10:32:50.767,1.8758,1.87618,1.00,1.00
2016.03.30 10:32:50.818,1.87583,1.87618,1.00,1.00
2016.03.30 10:32:51.664,1.87583,1.87616,1.00,1.00
2016.03.30 10:32:52.650,1.87583,1.87619,1.00,1.00
2016.03.30 10:32:53.484,1.87583,1.87617,1.00,1.00
2016.03.30 10:32:54.172,1.87575,1.87613,1.00,1.00
2016.03.30 10:32:54.274,1.87574,1.87608,1.00,1.00
2016.03.30 10:32:54.325,1.8757,1.87608,1.00,1.00
2016.03.30 10:32:54.478,1.87572,1.87611,1.00,1.00
2016.03.30 10:32:54.579,1.87579,1.87614,1.00,1.00
2016.03.30 10:32:55.144,1.87579,1.87616,1.00,1.00
2016.03.30 10:32:55.396,1.87581,1.87616,1.00,1.00
2016.03.30 10:32:55.659,1.87584,1.87623,1.87,1.00
2016.03.30 10:32:55.760,1.87584,1.8762,1.37,1.00
2016.03.30 10:32:56.012,1.87579,1.87619,1.00,1.00
2016.03.30 10:32:56.062,1.87579,1.8761,1.00,1.00
2016.03.30 10:32:56.164,1.87579,1.87612,1.00,1.00
2016.03.30 10:32:56.265,1.87576,1.87608,1.00,1.00
2016.03.30 10:32:56.853,1.87576,1.87609,1.00,1.00
2016.03.30 10:32:57.161,1.87576,1.87605,1.00,1.00
2016.03.30 10:32:57.261,1.87573,1.87605,1.00,1.00
2016.03.30 10:32:57.780,1.87573,1.87604,1.00,1.00
2016.03.30 10:33:00.677,1.87573,1.87607,1.00,1.00
2016.03.30 10:33:01.467,1.87573,1.87609,1.00,1.00
2016.03.30 10:33:02.701,1.87573,1.87611,1.50,1.00
2016.03.30 10:33:02.948,1.87573,1.87609,1.00,1.00
2016.03.30 10:33:03.384,1.87573,1.87607,1.00,1.00
2016.03.30 10:33:03.485,1.87573,1.87609,1.00,1.00
2016.03.30 10:33:04.070,1.87573,1.87608,1.00,1.00
2016.03.30 10:33:04.614,1.87573,1.87609,1.00,1.00
2016.03.30 10:33:04.765,1.87573,1.87611,1.00,1.00
2016.03.30 10:33:04.866,1.87573,1.87613,1.00,1.00
2016.03.30 10:33:05.386,1.87574,1.87614,1.00,1.50
2016.03.30 10:33:05.615,1.87573,1.87612,1.00,1.00
2016.03.30 10:33:05.961,1.87573,1.8761,1.00,1.00
2016.03.30 10:33:06.462,1.87573,1.87609,1.00,1.00
2016.03.30 10:33:06.984,1.87573,1.8761,1.00,1.00
2016.03.30 10:33:07.677,1.87571,1.87601,1.00,1.00
2016.03.30 10:33:07.979,1.87568,1.87596,1.00,1.00
2016.03.30 10:33:08.089,1.87568,1.87598,1.00,1.00
2016.03.30 10:33:08.190,1.87564,1.87597,1.00,1.00
2016.03.30 10:33:08.241,1.8756,1.87597,1.00,1.00
2016.03.30 10:33:08.342,1.87564,1.87603,1.12,1.00
2016.03.30 10:33:08.392,1.87576,1.87615,1.00,1.50
2016.03.30 10:33:08.792,1.87576,1.87611,1.00,1.00
2016.03.30 10:33:08.894,1.87576,1.87613,1.00,1.00
2016.03.30 10:33:09.084,1.87576,1.87615,1.00,1.50
2016.03.30 10:33:12.107,1.87577,1.87615,1.00,1.00
2016.03.30 10:33:13.108,1.87576,1.87615,1.50,1.00
2016.03.30 10:33:13.615,1.87576,1.87614,1.00,1.00
2016.03.30 10:33:14.174,1.87577,1.87615,1.00,1.00
2016.03.30 10:33:14.900,1.87576,1.87615,1.50,1.50
2016.03.30 10:33:15.220,1.87578,1.87615,1.00,1.00
2016.03.30 10:33:15.749,1.87579,1.87615,1.00,1.00
2016.03.30 10:33:16.295,1.87579,1.87616,1.50,1.00
2016.03.30 10:33:18.879,1.87579,1.87614,1.50,1.00
2016.03.30 10:33:19.184,1.87579,1.87616,1.50,1.00
2016.03.30 10:33:20.437,1.87579,1.87615,1.00,1.00
2016.03.30 10:33:24.500,1.87579,1.87612,1.00,1.00
2016.03.30 10:33:26.803,1.87579,1.87611,1.00,1.00
2016.03.30 10:33:27.726,1.87582,1.87618,1.00,1.87
2016.03.30 10:33:28.636,1.87581,1.87617,1.00,1.37
2016.03.30 10:33:28.805,1.87579,1.87617,1.50,1.37
2016.03.30 10:33:30.428,1.87579,1.87615,1.50,1.12
2016.03.30 10:33:31.028,1.87579,1.87614,1.50,1.12
2016.03.30 10:33:31.531,1.8758,1.87615,1.00,1.12
2016.03.30 10:33:32.073,1.8758,1.87614,1.00,1.00
2016.03.30 10:33:32.548,1.87582,1.87615,1.00,1.00
2016.03.30 10:33:34.393,1.87582,1.87618,1.00,1.00
2016.03.30 10:33:36.236,1.87584,1.87618,1.00,1.00
2016.03.30 10:33:36.536,1.87581,1.87618,1.00,1.00
2016.03.30 10:33:38.238,1.87584,1.87618,1.00,1.00
2016.03.30 10:33:39.889,1.87581,1.87618,1.00,1.00
2016.03.30 10:33:40.141,1.87585,1.87618,1.00,1.00
2016.03.30 10:33:40.592,1.87582,1.87618,1.00,1.00
2016.03.30 10:33:40.852,1.87584,1.87618,1.00,1.00
2016.03.30 10:33:41.384,1.87586,1.8762,1.00,1.00
2016.03.30 10:33:41.536,1.87591,1.87627,1.00,1.00
2016.03.30 10:33:41.586,1.87593,1.87627,1.00,1.00
2016.03.30 10:33:42.091,1.87592,1.87626,1.00,1.00
2016.03.30 10:33:42.594,1.87591,1.87626,1.00,1.00
2016.03.30 10:33:42.973,1.87588,1.87623,1.00,1.00
2016.03.30 10:33:43.023,1.87585,1.87623,1.00,1.50
2016.03.30 10:33:43.074,1.87584,1.87621,1.00,1.00
2016.03.30 10:33:43.376,1.8759,1.87625,1.00,1.12
2016.03.30 10:33:43.683,1.87592,1.87626,1.00,1.00
2016.03.30 10:33:44.217,1.87591,1.87626,1.00,1.00
2016.03.30 10:33:44.757,1.87589,1.87626,1.00,1.00
2016.03.30 10:33:45.309,1.87588,1.87625,1.00,1.00
2016.03.30 10:33:45.991,1.87588,1.87623,1.00,1.00
2016.03.30 10:33:46.513,1.87587,1.87622,1.00,1.00
2016.03.30 10:33:46.814,1.87587,1.8762,1.00,1.00
2016.03.30 10:33:47.629,1.87587,1.87619,1.00,1.00
2016.03.30 10:33:47.680,1.87583,1.87616,1.00,1.00
2016.03.30 10:33:48.109,1.87579,1.87616,1.00,1.00
2016.03.30 10:33:48.637,1.8758,1.87617,1.00,1.00
2016.03.30 10:33:49.555,1.87579,1.87617,1.00,1.00
2016.03.30 10:33:49.757,1.87578,1.87615,1.00,1.00
2016.03.30 10:33:50.059,1.87574,1.87611,1.50,1.00
2016.03.30 10:33:50.374,1.87574,1.87606,1.00,1.00
2016.03.30 10:33:50.685,1.87574,1.87608,1.00,1.00
2016.03.30 10:33:51.267,1.87574,1.87607,1.00,1.00
2016.03.30 10:33:51.989,1.8757,1.87608,1.50,1.00
2016.03.30 10:33:52.569,1.8757,1.87609,1.00,1.00
2016.03.30 10:33:52.873,1.8757,1.87607,1.00,1.00
2016.03.30 10:33:53.422,1.8757,1.87608,1.00,1.00
2016.03.30 10:33:54.162,1.8757,1.87607,1.00,1.00
2016.03.30 10:33:57.078,1.8757,1.87609,1.00,1.12
2016.03.30 10:33:57.591,1.8757,1.87608,1.00,1.00
2016.03.30 10:33:58.720,1.87567,1.87605,1.00,1.37
2016.03.30 10:33:58.771,1.87565,1.87602,1.00,1.00
2016.03.30 10:33:58.872,1.87574,1.87603,1.00,1.00
2016.03.30 10:33:58.923,1.87574,1.8761,1.00,1.00
2016.03.30 10:33:59.075,1.87575,1.87612,1.00,1.00
2016.03.30 10:33:59.177,1.87574,1.87614,1.00,1.50
2016.03.30 10:33:59.704,1.87575,1.87614,1.00,1.00
2016.03.30 10:34:00.185,1.87576,1.87612,1.00,1.00
2016.03.30 10:34:00.864,1.87576,1.87614,1.00,1.87
2016.03.30 10:34:01.015,1.87576,1.87612,1.00,1.00
2016.03.30 10:34:01.217,1.87573,1.8761,1.00,1.00
2016.03.30 10:34:01.318,1.87568,1.87606,1.50,1.00
2016.03.30 10:34:01.420,1.87571,1.87609,1.00,1.00
2016.03.30 10:34:01.622,1.87573,1.87612,1.00,1.50
2016.03.30 10:34:01.672,1.87577,1.87612,1.00,1.00
2016.03.30 10:34:02.307,1.87577,1.87608,1.00,1.00
2016.03.30 10:34:02.409,1.87568,1.87605,1.00,1.00
2016.03.30 10:34:03.237,1.87568,1.87606,1.50,1.12
2016.03.30 10:34:03.288,1.87568,1.87605,1.50,1.37
2016.03.30 10:34:03.540,1.87557,1.87593,1.00,1.00
2016.03.30 10:34:03.590,1.87557,1.8759,1.00,1.00
2016.03.30 10:34:04.103,1.87557,1.87592,1.00,1.00
2016.03.30 10:34:04.975,1.87557,1.87593,1.00,1.00
2016.03.30 10:34:05.617,1.87557,1.87594,1.00,1.00
2016.03.30 10:34:05.919,1.87558,1.87597,1.00,1.50
2016.03.30 10:34:06.020,1.87558,1.87595,1.00,1.00
2016.03.30 10:34:06.121,1.87558,1.87597,1.00,1.50
2016.03.30 10:34:06.373,1.87559,1.8759,1.00,1.00
2016.03.30 10:34:06.424,1.87562,1.87601,1.00,1.00
2016.03.30 10:34:06.813,1.87564,1.87601,1.00,1.00
2016.03.30 10:34:07.317,1.87562,1.87598,1.00,1.37
2016.03.30 10:34:07.831,1.87562,1.87597,1.00,1.37
2016.03.30 10:34:08.400,1.87562,1.87595,1.00,1.00
2016.03.30 10:34:09.037,1.87562,1.87596,1.00,1.00
2016.03.30 10:34:09.298,1.87562,1.87598,1.00,1.00
2016.03.30 10:34:09.741,1.87562,1.87596,1.00,1.00
2016.03.30 10:34:09.992,1.87562,1.87599,1.00,1.00
2016.03.30 10:34:10.542,1.87562,1.87602,1.00,1.50
2016.03.30 10:34:10.693,1.87565,1.87602,1.00,1.00
2016.03.30 10:34:10.898,1.87565,1.87605,1.00,1.00
2016.03.30 10:34:10.999,1.87565,1.87602,1.00,1.00
2016.03.30 10:34:11.505,1.87563,1.87602,1.00,1.50
2016.03.30 10:34:12.035,1.87563,1.87601,1.00,1.00
2016.03.30 10:34:12.548,1.87563,1.87602,1.00,1.00
2016.03.30 10:34:18.146,1.87563,1.87602,1.00,1.87
2016.03.30 10:34:18.247,1.87559,1.87598,1.00,1.00
2016.03.30 10:34:18.347,1.87555,1.87595,1.00,1.00
2016.03.30 10:34:18.448,1.87555,1.87595,1.00,1.37
2016.03.30 10:34:26.239,1.87555,1.87594,1.00,1.37
2016.03.30 10:34:26.541,1.87551,1.87586,1.00,1.00
2016.03.30 10:34:27.132,1.87551,1.8759,1.00,1.00
2016.03.30 10:34:29.022,1.87554,1.87593,1.00,1.50
2016.03.30 10:34:30.733,1.87554,1.87592,1.00,1.00
2016.03.30 10:34:31.175,1.87554,1.87589,1.00,1.00
2016.03.30 10:34:31.478,1.8755,1.8759,1.00,1.00
2016.03.30 10:34:31.680,1.8755,1.87592,1.00,1.50
2016.03.30 10:34:33.088,1.8755,1.87592,1.00,1.87
2016.03.30 10:34:33.139,1.8755,1.87589,1.00,1.00
2016.03.30 10:34:33.455,1.87544,1.87582,1.00,1.12
2016.03.30 10:34:33.718,1.8755,1.87589,1.00,1.00
2016.03.30 10:34:34.280,1.87551,1.87589,1.00,1.00
2016.03.30 10:34:34.331,1.87553,1.87592,1.00,1.50
2016.03.30 10:34:36.801,1.87553,1.87591,1.50,1.00
2016.03.30 10:34:37.200,1.87557,1.87595,1.00,1.00
2016.03.30 10:34:37.583,1.8756,1.87595,1.00,1.00
2016.03.30 10:34:37.730,1.8756,1.87598,1.00,1.50
2016.03.30 10:34:38.332,1.87561,1.87598,1.00,1.50
2016.03.30 10:34:38.383,1.87558,1.87595,1.00,1.00
2016.03.30 10:34:38.690,1.87562,1.87598,1.00,1.00
2016.03.30 10:34:39.004,1.87564,1.87598,1.00,1.00
2016.03.30 10:34:39.671,1.87565,1.87598,1.00,1.00
2016.03.30 10:34:40.207,1.87564,1.87598,1.00,1.00
2016.03.30 10:34:40.308,1.87565,1.87601,1.00,1.00
2016.03.30 10:34:40.359,1.87567,1.87602,1.00,1.00
2016.03.30 10:34:40.661,1.87571,1.87604,1.00,2.25
2016.03.30 10:34:40.914,1.87536,1.87572,1.00,1.00
2016.03.30 10:34:40.964,1.87539,1.87575,1.00,1.50
2016.03.30 10:34:41.290,1.87538,1.87573,1.00,1.00
2016.03.30 10:34:41.596,1.8754,1.87573,1.00,1.00
2016.03.30 10:34:42.103,1.87539,1.87572,1.00,1.00
2016.03.30 10:34:42.277,1.87539,1.87574,1.00,1.00
2016.03.30 10:34:42.901,1.87538,1.87573,1.00,1.00
2016.03.30 10:34:43.779,1.87536,1.87572,1.00,1.00
2016.03.30 10:34:44.307,1.87537,1.87573,1.00,1.00
2016.03.30 10:34:44.606,1.8754,1.87573,1.00,1.00
2016.03.30 10:34:48.826,1.8754,1.87572,1.00,1.00
2016.03.30 10:34:49.182,1.87536,1.87572,1.00,1.00
2016.03.30 10:34:49.597,1.87538,1.87573,1.00,1.50
2016.03.30 10:34:50.373,1.87538,1.87572,1.00,1.00
2016.03.30 10:34:50.474,1.87536,1.87572,1.00,1.50
2016.03.30 10:34:52.661,1.87535,1.8757,1.00,1.00
2016.03.30 10:34:53.382,1.87537,1.87571,1.00,1.00
2016.03.30 10:34:53.682,1.87535,1.8757,1.00,1.00
2016.03.30 10:34:54.347,1.87534,1.87569,1.50,1.00
2016.03.30 10:34:56.479,1.87534,1.8757,1.00,1.00
2016.03.30 10:34:57.007,1.87535,1.8757,1.00,1.00
2016.03.30 10:34:57.108,1.8753,1.87567,1.50,1.00
2016.03.30 10:34:57.209,1.87525,1.87561,1.00,1.00
2016.03.30 10:34:57.411,1.87518,1.87556,1.00,1.00
2016.03.30 10:34:57.612,1.87521,1.87556,1.00,1.00
2016.03.30 10:34:58.090,1.87524,1.8756,1.00,1.00
2016.03.30 10:34:58.602,1.87525,1.8756,1.00,1.00
2016.03.30 10:34:59.015,1.87523,1.8756,1.00,1.00
2016.03.30 10:34:59.297,1.87527,1.8756,1.00,1.00
2016.03.30 10:34:59.818,1.87526,1.8756,1.00,1.00
2016.03.30 10:35:00.752,1.87525,1.87564,1.00,1.00
2016.03.30 10:35:01.068,1.87526,1.87566,1.50,1.00
2016.03.30 10:35:01.729,1.87527,1.87566,1.00,1.00
2016.03.30 10:35:02.262,1.87528,1.87566,1.00,1.00
2016.03.30 10:35:02.933,1.87526,1.87566,1.00,1.00
2016.03.30 10:35:04.505,1.87528,1.87567,1.00,1.00
2016.03.30 10:35:04.556,1.87525,1.87567,1.00,1.50
2016.03.30 10:35:04.607,1.87527,1.87567,1.00,1.00
2016.03.30 10:35:04.909,1.87531,1.87569,1.00,1.00
2016.03.30 10:35:05.893,1.87531,1.8757,1.50,1.00
2016.03.30 10:35:06.433,1.8753,1.8757,1.00,1.50
2016.03.30 10:35:06.998,1.87529,1.8757,1.00,1.50
2016.03.30 10:35:07.300,1.87522,1.87561,1.00,1.00
2016.03.30 10:35:07.351,1.87518,1.87559,1.00,1.00
2016.03.30 10:35:07.866,1.87517,1.87558,2.25,1.00
2016.03.30 10:35:07.917,1.87517,1.87556,1.00,1.00
2016.03.30 10:35:08.220,1.87511,1.87548,1.50,1.00
2016.03.30 10:35:08.321,1.87511,1.8755,1.50,1.00
2016.03.30 10:35:08.971,1.87512,1.8755,1.50,1.00
2016.03.30 10:35:09.022,1.87512,1.87544,1.00,1.00
2016.03.30 10:35:09.073,1.87512,1.87548,1.00,1.50
2016.03.30 10:35:09.224,1.87507,1.87542,1.00,1.00
2016.03.30 10:35:09.526,1.87501,1.87536,1.00,1.00
2016.03.30 10:35:09.627,1.87499,1.87536,1.00,1.00
2016.03.30 10:35:09.805,1.87501,1.87536,1.00,1.00
2016.03.30 10:35:10.395,1.87501,1.8754,1.00,1.00
2016.03.30 10:35:10.446,1.87503,1.8754,1.00,1.00
2016.03.30 10:35:10.546,1.87499,1.8754,1.50,1.00
2016.03.30 10:35:10.812,1.87499,1.87539,1.00,1.37
2016.03.30 10:35:10.862,1.87496,1.87534,1.00,1.00
2016.03.30 10:35:11.731,1.87498,1.87534,1.00,1.00
2016.03.30 10:35:11.932,1.87499,1.87537,1.00,1.00
2016.03.30 10:35:12.151,1.87503,1.87537,1.00,1.00
2016.03.30 10:35:12.755,1.875,1.87537,1.00,1.00
2016.03.30 10:35:12.856,1.87496,1.87537,1.00,1.87
2016.03.30 10:35:12.912,1.87496,1.87534,1.00,1.00
2016.03.30 10:35:13.214,1.87496,1.87537,1.00,1.87
2016.03.30 10:35:13.265,1.87496,1.87535,1.00,1.00
2016.03.30 10:35:13.583,1.87484,1.8752,1.00,1.00
2016.03.30 10:35:14.152,1.87484,1.87521,1.00,1.87
2016.03.30 10:35:16.116,1.87481,1.87521,1.50,1.00
2016.03.30 10:35:17.840,1.87481,1.87521,1.00,1.37
2016.03.30 10:35:17.941,1.87479,1.87519,1.00,1.12
2016.03.30 10:35:18.809,1.87477,1.87519,1.50,1.00
2016.03.30 10:35:19.404,1.87478,1.87519,1.00,1.00
2016.03.30 10:35:20.111,1.87479,1.87519,1.00,1.00
2016.03.30 10:35:21.032,1.87479,1.87519,1.37,1.00
2016.03.30 10:35:21.082,1.8748,1.87522,1.87,1.50
2016.03.30 10:35:21.183,1.87489,1.8753,1.00,1.50
2016.03.30 10:35:21.418,1.87491,1.8753,1.00,1.00
2016.03.30 10:35:22.138,1.87492,1.8753,1.37,1.00
2016.03.30 10:35:22.239,1.87498,1.87536,1.00,1.00
2016.03.30 10:35:22.340,1.87501,1.87536,1.00,1.00
2016.03.30 10:35:22.542,1.87502,1.87541,1.50,1.50
2016.03.30 10:35:23.304,1.87506,1.87541,1.00,1.00
2016.03.30 10:35:23.505,1.87503,1.87541,1.00,1.00
2016.03.30 10:35:23.767,1.87503,1.87539,1.00,1.00
2016.03.30 10:35:23.818,1.87497,1.87538,1.00,1.00
2016.03.30 10:35:23.969,1.87495,1.87536,1.00,1.00
2016.03.30 10:35:24.294,1.87492,1.87532,1.00,1.00
2016.03.30 10:35:24.597,1.87498,1.87532,1.00,1.00
2016.03.30 10:35:24.950,1.875,1.87532,1.00,1.00
2016.03.30 10:35:25.151,1.87492,1.87532,1.00,1.00
2016.03.30 10:35:25.353,1.87499,1.87532,1.00,1.00
2016.03.30 10:35:25.454,1.87496,1.87532,1.00,1.00
2016.03.30 10:35:25.555,1.87499,1.87532,1.00,1.00
2016.03.30 10:35:25.759,1.87496,1.87532,1.00,1.00
2016.03.30 10:35:25.861,1.87493,1.87532,1.00,1.00
2016.03.30 10:35:25.912,1.87493,1.87529,1.00,1.00
2016.03.30 10:35:26.165,1.87487,1.87524,1.00,1.00
2016.03.30 10:35:26.266,1.8749,1.87524,1.00,1.00
2016.03.30 10:35:26.317,1.8749,1.87527,1.00,1.00
2016.03.30 10:35:26.468,1.87492,1.87527,1.00,1.00
2016.03.30 10:35:26.720,1.87493,1.8753,1.00,1.00
2016.03.30 10:35:27.216,1.87497,1.8753,1.00,1.00
2016.03.30 10:35:27.266,1.87495,1.8753,1.00,1.00
2016.03.30 10:35:27.468,1.87498,1.8753,1.00,1.00
2016.03.30 10:35:27.569,1.87493,1.8753,1.00,1.00
2016.03.30 10:35:27.838,1.87495,1.8753,1.00,1.00
2016.03.30 10:35:28.143,1.87495,1.87533,1.00,1.00
2016.03.30 10:35:28.345,1.87504,1.87536,1.00,1.00
2016.03.30 10:35:28.536,1.87502,1.87536,1.00,1.00
2016.03.30 10:35:28.745,1.87505,1.87536,1.00,1.00
2016.03.30 10:35:28.846,1.87503,1.87536,1.00,1.00
2016.03.30 10:35:28.947,1.87506,1.87536,1.00,1.00
2016.03.30 10:35:29.048,1.87502,1.87536,1.00,1.00
2016.03.30 10:35:29.149,1.87506,1.87536,1.00,1.00
2016.03.30 10:35:29.250,1.87503,1.87536,1.00,1.00
2016.03.30 10:35:29.350,1.87507,1.87536,1.00,1.00
2016.03.30 10:35:29.915,1.87506,1.87536,1.00,1.00
2016.03.30 10:35:29.966,1.87504,1.87536,1.00,1.00
2016.03.30 10:35:30.168,1.87506,1.87536,1.00,1.00
2016.03.30 10:35:30.380,1.87503,1.87536,1.00,1.00
2016.03.30 10:35:31.756,1.875,1.87536,1.00,1.00
2016.03.30 10:35:31.857,1.87506,1.87541,1.00,1.00
2016.03.30 10:35:31.958,1.87506,1.87547,1.00,2.25
2016.03.30 10:35:32.009,1.87511,1.87546,1.00,1.00
2016.03.30 10:35:32.161,1.87509,1.87545,1.00,1.00
2016.03.30 10:35:32.262,1.87509,1.87547,1.50,1.00
2016.03.30 10:35:32.691,1.87505,1.87546,1.00,1.50
2016.03.30 10:35:32.852,1.87511,1.87548,1.00,1.00
2016.03.30 10:35:32.954,1.87509,1.87548,1.00,1.50
2016.03.30 10:35:33.005,1.87506,1.87545,1.00,1.00
2016.03.30 10:35:33.355,1.87509,1.87548,1.00,1.00
2016.03.30 10:35:34.088,1.87513,1.87548,1.00,1.00
2016.03.30 10:35:34.600,1.87512,1.87548,1.00,1.00
2016.03.30 10:35:36.155,1.87511,1.87548,1.00,1.00
2016.03.30 10:35:38.178,1.87508,1.87548,1.00,1.00
2016.03.30 10:35:38.279,1.87512,1.87548,1.00,1.00
2016.03.30 10:35:38.380,1.87508,1.87548,1.00,1.00
2016.03.30 10:35:38.582,1.87512,1.87548,1.00,1.00
2016.03.30 10:35:38.683,1.87508,1.87548,1.00,1.50
2016.03.30 10:35:38.857,1.87511,1.87548,1.00,1.00
2016.03.30 10:35:38.958,1.87508,1.87548,1.00,1.00
2016.03.30 10:35:39.160,1.8751,1.87548,1.00,1.00
2016.03.30 10:35:39.261,1.87508,1.87548,1.00,1.00
2016.03.30 10:35:39.463,1.8751,1.87548,1.00,1.00
2016.03.30 10:35:39.987,1.87508,1.87548,1.00,1.00
2016.03.30 10:35:40.088,1.87511,1.87548,1.00,1.00
2016.03.30 10:35:40.189,1.87508,1.87548,1.50,1.00
2016.03.30 10:35:40.371,1.87511,1.87548,1.00,1.00
2016.03.30 10:35:40.572,1.87508,1.87548,1.00,1.00
2016.03.30 10:35:40.673,1.87511,1.87548,1.00,1.00
2016.03.30 10:35:40.875,1.87508,1.87548,1.50,1.00
2016.03.30 10:35:40.976,1.87512,1.87548,1.00,1.00
2016.03.30 10:35:41.077,1.87508,1.87548,1.50,1.00
2016.03.30 10:35:41.310,1.87511,1.87548,1.00,1.00
2016.03.30 10:35:41.461,1.87508,1.87548,1.50,1.00
2016.03.30 10:35:41.564,1.87512,1.87548,1.00,1.00
2016.03.30 10:35:41.766,1.87508,1.87548,1.50,1.00
2016.03.30 10:35:41.867,1.87512,1.87548,1.00,1.00
2016.03.30 10:35:42.068,1.87508,1.87548,1.50,1.00
2016.03.30 10:35:42.169,1.87511,1.87548,1.00,1.00
2016.03.30 10:35:42.275,1.87508,1.87548,1.50,1.00
2016.03.30 10:35:42.477,1.87511,1.87548,1.00,1.00
2016.03.30 10:35:42.577,1.87508,1.87548,1.50,1.00
2016.03.30 10:35:42.946,1.87511,1.87548,1.00,1.00
2016.03.30 10:35:42.996,1.87508,1.87548,1.00,1.00
2016.03.30 10:35:43.167,1.87512,1.87548,1.00,1.00
2016.03.30 10:35:43.268,1.87508,1.87548,1.00,1.00
2016.03.30 10:35:43.470,1.87511,1.87548,1.00,1.00
2016.03.30 10:35:43.571,1.87508,1.87548,1.00,1.00
2016.03.30 10:35:43.772,1.87512,1.87548,1.00,1.00
2016.03.30 10:35:43.873,1.87508,1.87548,1.00,1.00
2016.03.30 10:35:44.092,1.87511,1.87548,1.00,1.00
2016.03.30 10:35:44.193,1.87508,1.87548,1.00,1.00
2016.03.30 10:35:44.403,1.87511,1.87548,1.00,1.00
2016.03.30 10:35:44.571,1.87508,1.87548,1.00,1.00
2016.03.30 10:35:44.772,1.87511,1.87548,1.00,1.00
2016.03.30 10:35:44.873,1.87508,1.87548,1.00,1.00
2016.03.30 10:35:45.075,1.8751,1.87548,1.00,1.00
2016.03.30 10:35:45.385,1.87509,1.87544,1.00,1.00
2016.03.30 10:35:45.587,1.87505,1.87544,1.50,1.00
2016.03.30 10:35:45.688,1.87509,1.87544,1.00,1.00
2016.03.30 10:35:45.789,1.87507,1.87544,1.00,1.00
2016.03.30 10:35:46.617,1.87506,1.87544,1.00,1.00
2016.03.30 10:35:46.718,1.8751,1.87544,1.00,1.00
2016.03.30 10:35:49.817,1.87509,1.87544,1.00,1.00
2016.03.30 10:35:51.424,1.8751,1.87544,1.00,1.00
2016.03.30 10:35:52.288,1.87504,1.87544,1.00,1.00
2016.03.30 10:35:52.526,1.87507,1.87544,1.00,1.00
2016.03.30 10:35:52.627,1.87503,1.87544,2.25,1.00
2016.03.30 10:35:52.728,1.87507,1.87544,1.00,1.00
2016.03.30 10:35:52.930,1.87503,1.87544,2.25,1.00
2016.03.30 10:35:52.981,1.87508,1.87544,1.00,1.00
2016.03.30 10:35:53.090,1.87504,1.87544,1.50,1.00
2016.03.30 10:35:53.292,1.87507,1.87544,1.00,1.00
2016.03.30 10:35:53.393,1.87503,1.87544,2.25,1.00
2016.03.30 10:35:53.606,1.87507,1.87544,1.00,1.00
2016.03.30 10:35:54.114,1.87508,1.87544,1.00,1.00
2016.03.30 10:35:55.080,1.8751,1.87544,1.00,1.00
2016.03.30 10:35:55.372,1.87507,1.87544,1.00,1.00
2016.03.30 10:35:55.472,1.8751,1.87544,1.00,1.00
2016.03.30 10:35:55.996,1.87507,1.87544,1.00,1.00
2016.03.30 10:35:56.197,1.87513,1.87544,1.00,1.00
2016.03.30 10:35:56.550,1.87516,1.87547,1.00,1.00
2016.03.30 10:35:56.601,1.87515,1.87549,1.00,1.00
2016.03.30 10:35:56.652,1.87512,1.87549,1.12,1.00
2016.03.30 10:35:56.703,1.87514,1.87549,1.00,1.00
2016.03.30 10:35:57.194,1.87517,1.87549,1.00,1.00
2016.03.30 10:35:57.936,1.87517,1.8755,1.00,1.00
2016.03.30 10:35:58.087,1.87518,1.87554,1.00,1.00
2016.03.30 10:35:58.963,1.87517,1.87554,1.00,1.00
2016.03.30 10:35:59.466,1.87518,1.87554,1.00,1.00
2016.03.30 10:36:00.268,1.8752,1.87554,1.00,1.00
2016.03.30 10:36:00.570,1.87523,1.87554,1.00,1.00
2016.03.30 10:36:00.989,1.87518,1.87555,1.00,1.00
2016.03.30 10:36:01.040,1.87516,1.87552,1.00,1.00
2016.03.30 10:36:01.090,1.87512,1.87552,1.50,1.00
2016.03.30 10:36:01.191,1.87512,1.87547,1.00,1.00
2016.03.30 10:36:01.594,1.87507,1.87542,1.00,1.00
2016.03.30 10:36:02.159,1.87505,1.87542,1.00,1.00
2016.03.30 10:36:02.752,1.87506,1.87542,1.00,1.00
2016.03.30 10:36:02.853,1.87506,1.87545,1.50,1.50
2016.03.30 10:36:03.380,1.87506,1.87544,1.00,1.00
2016.03.30 10:36:04.183,1.87509,1.87544,1.00,1.00
2016.03.30 10:36:04.536,1.87506,1.87544,1.00,1.00
2016.03.30 10:36:04.637,1.87508,1.87544,1.00,1.00
2016.03.30 10:36:05.023,1.87508,1.87545,1.37,1.00
2016.03.30 10:36:05.074,1.87511,1.87548,1.00,1.00
2016.03.30 10:36:05.175,1.87514,1.87548,1.00,1.00
2016.03.30 10:36:05.226,1.87514,1.87551,1.00,1.00
2016.03.30 10:36:05.327,1.87514,1.87553,1.00,1.00
2016.03.30 10:36:05.993,1.87513,1.87553,1.50,1.00
2016.03.30 10:36:06.505,1.87516,1.87554,1.00,1.50
2016.03.30 10:36:06.872,1.87514,1.87554,1.00,2.25
2016.03.30 10:36:06.973,1.8752,1.87554,1.00,1.50
2016.03.30 10:36:07.092,1.87515,1.87554,1.00,1.50
2016.03.30 10:36:07.200,1.87519,1.87554,1.00,1.50
2016.03.30 10:36:07.402,1.87516,1.87554,1.00,1.00
2016.03.30 10:36:07.553,1.87519,1.87554,1.00,1.00
2016.03.30 10:36:08.018,1.87519,1.87556,1.00,1.00
2016.03.30 10:36:08.522,1.87519,1.87555,1.00,1.00
2016.03.30 10:36:08.775,1.87519,1.87557,1.00,1.50
2016.03.30 10:36:09.278,1.87519,1.87556,1.00,1.00
2016.03.30 10:36:09.821,1.87519,1.87555,1.00,1.00
2016.03.30 10:36:10.072,1.87519,1.87557,1.00,1.50
2016.03.30 10:36:10.575,1.87519,1.87554,1.00,1.00
2016.03.30 10:36:11.087,1.87519,1.87557,1.00,1.00
2016.03.30 10:36:11.188,1.87517,1.87553,1.00,1.00
2016.03.30 10:36:11.490,1.87517,1.8755,1.00,1.00
2016.03.30 10:36:11.774,1.87517,1.87553,1.00,1.00
2016.03.30 10:36:12.079,1.87517,1.87551,1.00,1.00
2016.03.30 10:36:12.883,1.87516,1.87552,1.00,1.00
2016.03.30 10:36:13.185,1.87513,1.87547,1.00,1.00
2016.03.30 10:36:13.536,1.87513,1.87545,1.00,1.00
2016.03.30 10:36:13.803,1.87513,1.8755,1.00,1.00
2016.03.30 10:36:13.904,1.87513,1.87544,1.00,1.00
2016.03.30 10:36:13.955,1.8751,1.87544,1.00,1.00
2016.03.30 10:36:14.006,1.87512,1.87549,1.00,1.00
2016.03.30 10:36:14.107,1.8751,1.87544,1.00,1.00
2016.03.30 10:36:14.208,1.87511,1.8755,1.00,1.50
2016.03.30 10:36:14.309,1.8751,1.87546,1.00,1.00
2016.03.30 10:36:14.611,1.8751,1.87548,2.25,1.00
2016.03.30 10:36:14.959,1.87513,1.8755,1.00,1.50
2016.03.30 10:36:15.261,1.87519,1.87554,1.00,1.00
2016.03.30 10:36:15.412,1.8752,1.87557,1.00,1.00
2016.03.30 10:36:17.103,1.87519,1.87557,1.00,1.50
2016.03.30 10:36:17.305,1.87517,1.87552,1.00,1.00
2016.03.30 10:36:17.593,1.87515,1.87553,1.50,1.00
2016.03.30 10:36:17.694,1.87515,1.8755,1.00,1.00
2016.03.30 10:36:17.987,1.87515,1.87552,1.50,1.00
2016.03.30 10:36:18.088,1.87515,1.87549,1.00,1.00
2016.03.30 10:36:18.290,1.87515,1.87552,1.50,1.00
2016.03.30 10:36:18.391,1.87515,1.87549,1.00,1.00
2016.03.30 10:36:18.787,1.87511,1.87542,1.00,1.00
2016.03.30 10:36:18.838,1.87509,1.87543,1.00,1.00
2016.03.30 10:36:18.889,1.87506,1.87543,1.00,1.00
2016.03.30 10:36:18.939,1.87507,1.87539,1.00,1.00
2016.03.30 10:36:18.990,1.87505,1.87539,1.00,1.00
2016.03.30 10:36:19.393,1.87503,1.87539,1.00,1.00
2016.03.30 10:36:19.494,1.87505,1.87539,1.00,1.00
2016.03.30 10:36:19.595,1.87503,1.87539,1.00,1.00
2016.03.30 10:36:19.796,1.87505,1.87539,1.00,1.00
2016.03.30 10:36:19.998,1.87502,1.87539,1.50,1.00
2016.03.30 10:36:20.319,1.87505,1.87539,1.00,1.00
2016.03.30 10:36:20.623,1.87507,1.87539,1.00,1.00
2016.03.30 10:36:22.195,1.87504,1.87539,1.00,1.00
2016.03.30 10:36:23.633,1.87503,1.87539,1.00,1.00
2016.03.30 10:36:23.935,1.87502,1.87536,1.00,1.00
2016.03.30 10:36:24.427,1.87502,1.87533,1.00,1.00
2016.03.30 10:36:25.125,1.87502,1.87532,1.00,1.00
2016.03.30 10:36:25.298,1.875,1.87532,1.00,1.00
2016.03.30 10:36:27.002,1.875,1.87531,1.00,1.00
2016.03.30 10:36:27.053,1.87497,1.87531,1.00,1.00
2016.03.30 10:36:27.597,1.87498,1.87532,1.00,1.00
2016.03.30 10:36:28.101,1.87498,1.87533,1.00,1.00
2016.03.30 10:36:28.525,1.87498,1.87531,1.00,1.00
2016.03.30 10:36:29.026,1.87499,1.87532,1.00,1.00
2016.03.30 10:36:29.206,1.87499,1.87535,1.00,1.00
2016.03.30 10:36:29.474,1.87499,1.87538,1.00,1.00
2016.03.30 10:36:29.726,1.87499,1.87536,1.00,1.00
2016.03.30 10:36:30.250,1.87498,1.87536,1.50,1.00
2016.03.30 10:36:30.553,1.87503,1.8754,1.00,1.00
2016.03.30 10:36:30.855,1.87505,1.8754,1.00,1.00
2016.03.30 10:36:32.115,1.87505,1.87539,1.00,1.00
2016.03.30 10:36:32.697,1.87505,1.87538,1.00,1.00
2016.03.30 10:36:33.693,1.87508,1.87538,1.00,1.00
2016.03.30 10:36:33.794,1.87505,1.87539,1.00,1.00
2016.03.30 10:36:35.279,1.87505,1.8754,1.00,1.00
2016.03.30 10:36:35.481,1.87505,1.87542,1.50,1.00
2016.03.30 10:36:35.532,1.87508,1.87542,1.00,1.00
2016.03.30 10:36:35.582,1.87508,1.87544,1.50,1.00
2016.03.30 10:36:35.683,1.87508,1.87542,1.00,1.00
2016.03.30 10:36:35.784,1.87508,1.87544,1.50,1.00
2016.03.30 10:36:36.377,1.87509,1.87544,1.00,1.00
2016.03.30 10:36:36.892,1.87508,1.87544,1.50,1.00
2016.03.30 10:36:36.992,1.87508,1.87542,1.50,1.00
2016.03.30 10:36:37.194,1.87509,1.87544,1.00,1.00
2016.03.30 10:36:37.396,1.87509,1.87546,1.50,1.50
2016.03.30 10:36:37.860,1.87509,1.87541,1.00,1.00
2016.03.30 10:36:37.911,1.87509,1.87546,1.50,1.50
2016.03.30 10:36:38.012,1.87509,1.87543,1.00,1.00
2016.03.30 10:36:38.415,1.87509,1.87546,1.00,1.50
2016.03.30 10:36:38.687,1.87508,1.87544,1.50,1.00
2016.03.30 10:36:39.223,1.87509,1.87541,1.00,1.00
2016.03.30 10:36:39.274,1.87507,1.87541,1.00,1.00
2016.03.30 10:36:39.325,1.87505,1.87541,1.00,1.50
2016.03.30 10:36:39.594,1.87502,1.87533,1.00,1.00
2016.03.30 10:36:39.645,1.87497,1.8753,1.00,1.00
2016.03.30 10:36:39.797,1.87497,1.87525,1.00,1.00
2016.03.30 10:36:40.015,1.87489,1.87523,1.00,1.50
2016.03.30 10:36:40.218,1.87488,1.87521,1.50,1.00
2016.03.30 10:36:40.531,1.87491,1.87523,1.00,1.00
2016.03.30 10:36:40.934,1.87488,1.87521,1.50,1.00
2016.03.30 10:36:40.985,1.87491,1.87523,1.00,1.00
2016.03.30 10:36:41.318,1.87489,1.8752,1.00,1.00
2016.03.30 10:36:41.419,1.87489,1.87523,1.00,1.00
2016.03.30 10:36:41.953,1.87488,1.87523,1.00,1.00
2016.03.30 10:36:42.054,1.87488,1.87517,1.00,1.00
2016.03.30 10:36:42.356,1.87488,1.87515,1.00,1.00
2016.03.30 10:36:42.633,1.87489,1.87522,1.00,1.00
2016.03.30 10:36:42.734,1.87491,1.87523,1.00,1.00
2016.03.30 10:36:43.033,1.87489,1.87523,1.00,1.00
2016.03.30 10:36:43.287,1.87488,1.87519,1.00,1.00
2016.03.30 10:36:43.388,1.87488,1.87521,1.00,1.00
2016.03.30 10:36:44.230,1.87486,1.87521,1.00,1.00
2016.03.30 10:36:44.331,1.87488,1.87523,1.00,1.00
2016.03.30 10:36:44.533,1.87486,1.87522,1.00,1.00
2016.03.30 10:36:44.634,1.8749,1.87523,1.00,1.00
2016.03.30 10:36:45.091,1.87486,1.87521,1.50,1.00
2016.03.30 10:36:45.293,1.8749,1.87523,1.00,1.00
2016.03.30 10:36:45.394,1.87485,1.87521,1.00,1.00
2016.03.30 10:36:45.596,1.87488,1.87523,1.00,1.00
2016.03.30 10:36:45.807,1.87485,1.87521,1.50,1.00
2016.03.30 10:36:45.857,1.87485,1.87516,1.50,1.00
2016.03.30 10:36:47.397,1.87485,1.87515,1.00,1.00
2016.03.30 10:36:47.901,1.87486,1.87515,1.00,1.00
2016.03.30 10:36:48.987,1.87485,1.87515,1.00,1.00
2016.03.30 10:36:49.843,1.87478,1.87515,1.50,1.00
2016.03.30 10:36:50.205,1.8748,1.87516,1.00,1.00
2016.03.30 10:36:50.736,1.87479,1.87516,1.50,1.00
2016.03.30 10:36:52.450,1.87481,1.87516,1.00,1.00
2016.03.30 10:36:52.770,1.87483,1.87516,1.00,1.00
2016.03.30 10:36:53.315,1.87484,1.87516,1.00,1.00
2016.03.30 10:36:58.021,1.87486,1.87516,1.00,1.00
2016.03.30 10:36:58.843,1.87488,1.87516,1.00,1.00
2016.03.30 10:36:59.627,1.87488,1.87522,1.00,1.00
2016.03.30 10:36:59.930,1.8749,1.87523,1.00,1.00
2016.03.30 10:37:00.031,1.87487,1.87523,1.00,1.50
2016.03.30 10:37:00.132,1.8749,1.87523,1.00,1.00
2016.03.30 10:37:00.722,1.87494,1.87523,1.00,1.00
2016.03.30 10:37:01.025,1.87496,1.87521,1.00,1.00
2016.03.30 10:37:01.075,1.87496,1.8753,1.00,1.00
2016.03.30 10:37:01.226,1.87492,1.87527,1.00,1.00
2016.03.30 10:37:01.327,1.87495,1.8753,1.00,1.50
2016.03.30 10:37:01.429,1.8749,1.87526,1.00,1.00
2016.03.30 10:37:01.530,1.87491,1.87524,1.00,1.00
2016.03.30 10:37:01.631,1.87493,1.87528,1.50,1.00
2016.03.30 10:37:01.732,1.87495,1.87528,1.00,1.00
2016.03.30 10:37:02.258,1.87494,1.87529,1.00,1.50
2016.03.30 10:37:02.761,1.87492,1.87528,1.00,1.00
2016.03.30 10:37:03.212,1.87491,1.87526,1.00,1.00
2016.03.30 10:37:03.749,1.87492,1.87527,1.00,1.00
2016.03.30 10:37:04.653,1.87493,1.87529,1.00,1.00
2016.03.30 10:37:05.186,1.87498,1.87529,1.00,1.00
2016.03.30 10:37:05.287,1.87496,1.87531,1.00,1.00
2016.03.30 10:37:05.387,1.87499,1.87535,1.00,1.00
2016.03.30 10:37:05.690,1.87503,1.87535,1.00,1.00
2016.03.30 10:37:05.959,1.87499,1.87535,1.00,1.00
2016.03.30 10:37:06.060,1.87504,1.87535,1.00,1.00
2016.03.30 10:37:06.161,1.87499,1.87535,1.00,1.00
2016.03.30 10:37:06.377,1.87499,1.87537,1.00,1.50
2016.03.30 10:37:06.483,1.87503,1.87537,1.00,1.00
2016.03.30 10:37:06.584,1.87499,1.87537,1.00,1.50
2016.03.30 10:37:06.793,1.87499,1.87535,1.00,1.00
2016.03.30 10:37:07.264,1.87499,1.87537,1.00,1.00
2016.03.30 10:37:07.823,1.87499,1.87536,1.00,1.00
2016.03.30 10:37:07.874,1.87502,1.87537,1.00,1.00
2016.03.30 10:37:08.157,1.87497,1.87535,1.00,1.00
2016.03.30 10:37:08.258,1.87493,1.87532,1.00,1.00
2016.03.30 10:37:08.359,1.87493,1.8753,1.00,1.00
2016.03.30 10:37:08.510,1.87487,1.87526,1.00,1.00
2016.03.30 10:37:08.561,1.87487,1.87521,1.00,1.00
2016.03.30 10:37:09.080,1.87487,1.8752,1.00,1.00
2016.03.30 10:37:09.585,1.87486,1.87518,1.00,1.00
2016.03.30 10:37:09.775,1.87487,1.8752,1.00,1.00
2016.03.30 10:37:09.876,1.87487,1.87518,1.00,1.00
2016.03.30 10:37:10.078,1.87486,1.8752,1.00,1.00
2016.03.30 10:37:10.129,1.87483,1.8752,1.00,1.00
2016.03.30 10:37:10.181,1.87482,1.87518,1.00,1.00
2016.03.30 10:37:10.359,1.87482,1.8752,1.50,1.00
2016.03.30 10:37:10.888,1.87482,1.87519,1.00,1.00
2016.03.30 10:37:11.411,1.87483,1.8752,1.50,1.00
2016.03.30 10:37:11.915,1.87482,1.87519,1.00,1.00
2016.03.30 10:37:12.485,1.87484,1.8752,1.00,1.00
2016.03.30 10:37:12.663,1.87482,1.87519,1.00,1.00
2016.03.30 10:37:13.808,1.87483,1.8752,1.00,1.50
2016.03.30 10:37:14.707,1.87482,1.87517,1.50,1.00
2016.03.30 10:37:15.009,1.87482,1.87515,1.00,1.00
2016.03.30 10:37:15.210,1.87482,1.8752,1.00,1.50
2016.03.30 10:37:15.311,1.87482,1.87515,1.00,1.00
2016.03.30 10:37:15.586,1.87485,1.8752,1.00,1.00
2016.03.30 10:37:16.590,1.87483,1.8752,1.87,1.00
2016.03.30 10:37:16.691,1.87489,1.87527,1.50,1.00
2016.03.30 10:37:16.792,1.87489,1.87521,1.00,1.00
2016.03.30 10:37:16.893,1.87489,1.87524,1.00,1.00
2016.03.30 10:37:17.069,1.87489,1.87527,1.00,1.00
2016.03.30 10:37:17.122,1.87487,1.87521,1.00,1.00
2016.03.30 10:37:17.273,1.87489,1.87526,1.00,1.00
2016.03.30 10:37:17.374,1.87488,1.87523,1.00,1.00
2016.03.30 10:37:17.678,1.87487,1.87518,1.00,1.00
2016.03.30 10:37:17.933,1.87482,1.87517,1.00,1.00
2016.03.30 10:37:18.817,1.87482,1.87515,1.00,1.00
2016.03.30 10:37:18.918,1.87483,1.8752,1.00,1.00
2016.03.30 10:37:18.969,1.87483,1.8752,1.37,1.00
2016.03.30 10:37:19.170,1.87483,1.8752,1.00,1.00
2016.03.30 10:37:19.712,1.87483,1.87521,1.50,1.00
2016.03.30 10:37:20.137,1.87488,1.87521,1.00,1.00
2016.03.30 10:37:20.188,1.87488,1.87525,1.50,1.00
2016.03.30 10:37:20.289,1.87488,1.87523,1.00,1.00
2016.03.30 10:37:20.592,1.87488,1.8752,1.00,1.00
2016.03.30 10:37:20.927,1.87488,1.87518,1.00,1.00
2016.03.30 10:37:21.071,1.87482,1.87518,1.84,1.00
2016.03.30 10:37:21.261,1.87496,1.87526,1.37,1.00
2016.03.30 10:37:21.312,1.87503,1.87534,1.00,1.00
2016.03.30 10:37:21.362,1.87508,1.87537,1.00,1.00
2016.03.30 10:37:21.621,1.87508,1.87539,1.00,1.00
2016.03.30 10:37:22.062,1.87508,1.87542,1.00,1.00
2016.03.30 10:37:22.683,1.87508,1.87546,1.00,1.00
2016.03.30 10:37:22.784,1.87518,1.87547,1.00,1.00
2016.03.30 10:37:22.835,1.87518,1.87549,1.00,1.00
2016.03.30 10:37:22.987,1.87513,1.8755,1.00,1.50
2016.03.30 10:37:23.090,1.87519,1.8755,1.00,1.50
2016.03.30 10:37:23.834,1.87519,1.87551,1.00,1.00
2016.03.30 10:37:24.332,1.87519,1.87548,1.00,1.00
2016.03.30 10:37:24.441,1.87514,1.87548,1.00,1.00
2016.03.30 10:37:24.643,1.87513,1.87546,1.00,1.00
2016.03.30 10:37:24.744,1.87508,1.87546,1.00,1.00
2016.03.30 10:37:25.152,1.87514,1.87545,1.00,1.00
2016.03.30 10:37:25.303,1.87508,1.87545,1.00,1.00
2016.03.30 10:37:25.838,1.87508,1.87544,1.00,1.00
2016.03.30 10:37:26.061,1.87514,1.87544,1.00,1.00
2016.03.30 10:37:27.114,1.87514,1.87543,1.00,1.00
2016.03.30 10:37:27.898,1.87514,1.87542,1.00,1.00
2016.03.30 10:37:28.400,1.87513,1.87543,1.00,1.00
2016.03.30 10:37:28.570,1.87508,1.87543,1.00,1.00
2016.03.30 10:37:28.811,1.87513,1.87542,1.00,1.00
2016.03.30 10:37:29.031,1.87509,1.87542,1.00,1.00
2016.03.30 10:37:29.803,1.87509,1.87539,1.00,1.00
2016.03.30 10:37:30.345,1.87508,1.87539,1.00,1.00
2016.03.30 10:37:30.647,1.87506,1.87536,1.00,1.00
2016.03.30 10:37:31.040,1.87507,1.87538,1.00,1.00
2016.03.30 10:37:31.543,1.87507,1.87539,1.00,1.00
2016.03.30 10:37:31.644,1.87506,1.87541,1.00,1.00
2016.03.30 10:37:32.182,1.87508,1.87541,1.00,1.00
2016.03.30 10:37:32.855,1.87509,1.87541,1.00,1.00
2016.03.30 10:37:33.158,1.87509,1.87539,1.00,1.00
2016.03.30 10:37:33.728,1.87509,1.87541,1.00,1.00
2016.03.30 10:37:35.037,1.87509,1.87542,1.00,1.00
2016.03.30 10:37:35.087,1.87514,1.87542,1.00,1.00
2016.03.30 10:37:35.138,1.87514,1.87548,1.00,1.00
2016.03.30 10:37:35.189,1.87518,1.87548,1.00,1.00
2016.03.30 10:37:35.239,1.87518,1.87553,1.00,1.00
2016.03.30 10:37:35.767,1.87519,1.87553,1.00,1.00
2016.03.30 10:37:35.818,1.87523,1.87553,1.00,1.00
2016.03.30 10:37:36.104,1.87523,1.87555,1.00,1.00
2016.03.30 10:37:37.274,1.87519,1.87555,1.00,1.00
2016.03.30 10:37:37.741,1.87519,1.87557,1.00,1.00
2016.03.30 10:37:38.447,1.87519,1.87556,1.00,1.00
2016.03.30 10:37:38.711,1.87519,1.87558,1.00,1.00
2016.03.30 10:37:39.400,1.87519,1.8756,1.87,1.00
2016.03.30 10:37:39.652,1.87524,1.87564,1.00,1.50
2016.03.30 10:37:40.016,1.87528,1.87564,1.00,1.50
2016.03.30 10:37:40.925,1.87524,1.87564,1.50,1.50
2016.03.30 10:37:41.462,1.87523,1.87563,1.00,1.00
2016.03.30 10:37:41.823,1.87523,1.87559,1.00,1.00
2016.03.30 10:37:42.388,1.87523,1.87562,1.12,1.00
2016.03.30 10:37:42.540,1.87523,1.8756,1.00,1.00
2016.03.30 10:37:42.590,1.8752,1.8756,1.00,1.50
2016.03.30 10:37:42.641,1.87519,1.87558,1.00,1.00
2016.03.30 10:37:42.946,1.87519,1.87556,1.00,1.00
2016.03.30 10:37:43.749,1.87519,1.87558,1.00,1.00
2016.03.30 10:37:44.017,1.87519,1.87556,1.50,1.00
2016.03.30 10:37:44.725,1.87519,1.87555,1.00,1.00
2016.03.30 10:37:44.876,1.87515,1.87553,1.87,1.00
2016.03.30 10:37:45.411,1.87516,1.87552,1.00,1.00
2016.03.30 10:37:45.657,1.87515,1.87549,1.50,1.00
2016.03.30 10:37:45.959,1.87515,1.87547,1.50,1.00
2016.03.30 10:37:46.261,1.87515,1.87541,1.00,1.00
2016.03.30 10:37:46.780,1.87509,1.87541,1.00,1.00
2016.03.30 10:37:47.138,1.87509,1.87539,1.00,1.00
2016.03.30 10:37:47.671,1.8751,1.87539,1.00,1.00
2016.03.30 10:37:47.723,1.8751,1.87541,1.00,1.00
2016.03.30 10:37:48.385,1.87509,1.87541,1.00,1.00
2016.03.30 10:37:48.436,1.87509,1.87539,1.00,1.00
2016.03.30 10:37:49.069,1.87509,1.8754,1.00,1.00
2016.03.30 10:37:51.252,1.87509,1.87541,1.00,1.00
2016.03.30 10:37:52.130,1.87509,1.8754,1.00,1.00
2016.03.30 10:37:52.180,1.87503,1.8754,1.50,1.00
2016.03.30 10:37:52.875,1.87503,1.87539,1.50,1.00
2016.03.30 10:37:53.393,1.87503,1.87538,1.50,1.00
2016.03.30 10:37:53.780,1.87503,1.8754,1.50,1.00
2016.03.30 10:37:55.064,1.87504,1.8754,1.00,1.00
2016.03.30 10:37:55.520,1.87503,1.87538,1.50,1.00
2016.03.30 10:37:56.094,1.87504,1.87538,1.00,1.00
2016.03.30 10:37:56.554,1.87504,1.87541,1.00,1.00
2016.03.30 10:37:56.751,1.87504,1.87536,1.00,1.00
2016.03.30 10:37:57.067,1.87504,1.87532,1.00,1.50
2016.03.30 10:37:57.118,1.87498,1.87532,1.00,1.50
2016.03.30 10:37:57.169,1.87498,1.87528,1.00,1.00
2016.03.30 10:37:58.153,1.87498,1.87531,1.00,1.00
2016.03.30 10:37:58.689,1.87492,1.87528,1.00,1.00
2016.03.30 10:37:58.840,1.87492,1.87524,1.00,1.00
2016.03.30 10:37:59.143,1.87492,1.87526,1.00,1.00
2016.03.30 10:37:59.738,1.87491,1.87527,1.00,1.00
2016.03.30 10:38:01.061,1.87491,1.87526,1.00,1.00
2016.03.30 10:38:03.761,1.87491,1.87521,1.00,1.00
2016.03.30 10:38:03.811,1.87485,1.87521,1.00,1.00
2016.03.30 10:38:03.963,1.87485,1.87518,1.00,1.00
2016.03.30 10:38:04.679,1.87485,1.87519,1.00,1.00
2016.03.30 10:38:05.053,1.87485,1.87517,1.00,1.00
2016.03.30 10:38:06.007,1.87486,1.87517,1.00,1.00
2016.03.30 10:38:06.322,1.87493,1.87517,1.00,1.00
2016.03.30 10:38:06.373,1.87493,1.87526,1.00,1.00
2016.03.30 10:38:06.424,1.87498,1.87526,1.00,1.00
2016.03.30 10:38:06.474,1.87498,1.8753,1.00,1.00
2016.03.30 10:38:06.666,1.87493,1.8753,1.00,1.00
2016.03.30 10:38:07.326,1.87494,1.8753,1.00,1.00
2016.03.30 10:38:07.612,1.87501,1.87538,1.00,1.00
2016.03.30 10:38:07.713,1.87499,1.87538,1.50,1.00
2016.03.30 10:38:08.598,1.87499,1.87535,1.50,1.00
2016.03.30 10:38:09.147,1.87499,1.87536,1.00,1.00
2016.03.30 10:38:09.449,1.87499,1.87534,1.00,1.00
2016.03.30 10:38:10.066,1.87499,1.87533,1.00,1.00
2016.03.30 10:38:11.171,1.87499,1.87531,1.00,1.00
2016.03.30 10:38:12.161,1.87499,1.8753,1.00,1.00
2016.03.30 10:38:15.064,1.87499,1.87528,1.00,1.00
2016.03.30 10:38:15.680,1.87499,1.8753,1.00,1.00
2016.03.30 10:38:17.396,1.87499,1.87532,1.00,1.00
2016.03.30 10:38:18.169,1.87499,1.87533,1.00,1.00
2016.03.30 10:38:20.642,1.87499,1.87524,1.00,1.00
2016.03.30 10:38:20.693,1.87497,1.87524,1.00,1.00
2016.03.30 10:38:20.794,1.87492,1.87523,1.00,1.00
2016.03.30 10:38:21.302,1.87492,1.87522,1.00,1.00
2016.03.30 10:38:23.116,1.87492,1.87523,1.00,1.00
2016.03.30 10:38:23.751,1.87493,1.87523,1.00,1.00
2016.03.30 10:38:25.827,1.87495,1.87527,1.00,1.00
2016.03.30 10:38:25.928,1.87495,1.87531,1.00,1.00
2016.03.30 10:38:26.029,1.87497,1.87532,1.00,1.50
2016.03.30 10:38:26.429,1.87496,1.8753,1.00,1.00
2016.03.30 10:38:26.765,1.87497,1.87532,1.00,1.50
2016.03.30 10:38:27.713,1.87499,1.87532,1.00,1.50
2016.03.30 10:38:27.915,1.87493,1.87528,1.00,1.00
2016.03.30 10:38:28.488,1.87493,1.87521,1.00,1.00
2016.03.30 10:38:28.892,1.87487,1.87521,1.00,1.00
2016.03.30 10:38:28.994,1.87485,1.8752,1.50,1.00
2016.03.30 10:38:29.540,1.87486,1.8752,1.00,1.00
2016.03.30 10:38:29.844,1.87489,1.87521,1.00,1.50
2016.03.30 10:38:30.196,1.87487,1.87521,1.00,1.50
2016.03.30 10:38:31.300,1.87482,1.87517,1.00,1.00
2016.03.30 10:38:32.417,1.87483,1.87517,1.00,1.00
2016.03.30 10:38:34.291,1.87483,1.87516,1.00,1.00
2016.03.30 10:38:35.125,1.87483,1.87517,1.00,1.00
2016.03.30 10:38:35.766,1.87483,1.87516,1.00,1.00
2016.03.30 10:38:38.327,1.87483,1.87517,1.00,1.00
2016.03.30 10:38:40.032,1.87483,1.87516,1.00,1.00
2016.03.30 10:38:40.583,1.87483,1.87517,1.00,1.00
2016.03.30 10:38:41.086,1.87483,1.87516,1.00,1.00
2016.03.30 10:38:41.303,1.87483,1.87518,1.00,1.00
2016.03.30 10:38:41.404,1.87483,1.8752,1.00,1.00
2016.03.30 10:38:41.466,1.87478,1.87516,1.00,1.00
2016.03.30 10:38:41.981,1.87477,1.87516,1.00,1.00
2016.03.30 10:38:42.208,1.87477,1.87512,1.50,1.00
2016.03.30 10:38:42.713,1.87476,1.87512,1.00,1.00
2016.03.30 10:38:44.240,1.87471,1.87512,2.25,1.00
2016.03.30 10:38:45.691,1.87474,1.87513,1.00,1.00
2016.03.30 10:38:45.995,1.8748,1.87517,1.00,1.00
2016.03.30 10:38:46.556,1.87481,1.87517,1.00,1.00
2016.03.30 10:38:46.893,1.8748,1.87519,1.50,1.00
2016.03.30 10:38:47.994,1.8748,1.87518,1.50,1.00
2016.03.30 10:38:48.799,1.87477,1.87512,1.00,1.00
2016.03.30 10:38:49.001,1.87472,1.87511,1.50,1.50
2016.03.30 10:38:49.507,1.87471,1.87511,1.50,1.50
2016.03.30 10:38:50.331,1.87473,1.8751,1.00,1.00
2016.03.30 10:38:50.798,1.87471,1.87508,1.00,1.00
2016.03.30 10:38:51.010,1.87471,1.8751,1.50,1.00
2016.03.30 10:38:51.663,1.87471,1.87511,1.50,1.50
2016.03.30 10:38:52.301,1.87471,1.87508,1.50,1.00
2016.03.30 10:38:52.618,1.87472,1.8751,1.50,1.00
2016.03.30 10:38:53.914,1.87473,1.87511,1.00,1.00
2016.03.30 10:38:54.904,1.87472,1.87511,1.50,1.00
2016.03.30 10:38:55.908,1.87473,1.87511,1.00,1.00
2016.03.30 10:38:56.460,1.87472,1.87511,1.50,1.00
2016.03.30 10:39:01.242,1.87474,1.87511,1.00,1.00
2016.03.30 10:39:01.433,1.87472,1.87511,1.50,1.00
2016.03.30 10:39:04.050,1.87477,1.87513,1.00,1.00
2016.03.30 10:39:04.101,1.87477,1.87518,1.00,1.00
2016.03.30 10:39:04.151,1.8748,1.87518,1.00,1.00
2016.03.30 10:39:04.202,1.87482,1.87523,1.00,1.00
2016.03.30 10:39:05.927,1.87482,1.87524,1.50,1.50
2016.03.30 10:39:08.825,1.87482,1.87523,1.00,1.00
2016.03.30 10:39:09.824,1.87482,1.87524,1.50,1.50
2016.03.30 10:39:10.671,1.87483,1.87524,1.00,1.00
2016.03.30 10:39:10.940,1.87486,1.87524,1.00,1.00
2016.03.30 10:39:11.635,1.87484,1.87524,1.00,1.00
2016.03.30 10:39:13.431,1.87485,1.87524,1.00,1.50
2016.03.30 10:39:13.949,1.87484,1.87522,1.00,1.00
2016.03.30 10:39:14.287,1.87482,1.87519,1.00,1.00
2016.03.30 10:39:14.836,1.87482,1.87517,1.00,1.00
2016.03.30 10:39:15.551,1.87482,1.87518,1.00,1.00
2016.03.30 10:39:15.840,1.87482,1.8752,1.50,1.00
2016.03.30 10:39:16.052,1.87485,1.87521,1.00,1.00
2016.03.30 10:39:16.153,1.87486,1.87523,1.00,1.00
2016.03.30 10:39:17.037,1.87487,1.87521,1.00,1.00
2016.03.30 10:39:19.659,1.87486,1.87519,1.00,1.00
2016.03.30 10:39:20.842,1.87486,1.87522,1.00,1.00
2016.03.30 10:39:21.678,1.87486,1.87519,1.00,1.00
2016.03.30 10:39:22.290,1.87486,1.87522,1.00,1.00
2016.03.30 10:39:22.671,1.87489,1.87524,1.00,1.50
2016.03.30 10:39:23.203,1.87488,1.87523,1.00,1.00
2016.03.30 10:39:23.254,1.87486,1.87522,1.00,1.00
2016.03.30 10:39:25.569,1.87489,1.87522,1.00,1.00
2016.03.30 10:39:26.449,1.87489,1.87524,1.00,1.00
2016.03.30 10:39:27.951,1.87488,1.87523,1.00,1.00
2016.03.30 10:39:28.052,1.87486,1.87522,1.00,1.00
2016.03.30 10:39:28.380,1.87489,1.87522,1.00,1.00
2016.03.30 10:39:28.681,1.87486,1.87522,1.00,1.00
2016.03.30 10:39:29.224,1.87485,1.8752,1.50,1.00
2016.03.30 10:39:30.804,1.87487,1.87521,1.00,1.00
2016.03.30 10:39:31.404,1.87489,1.87522,1.00,1.00
2016.03.30 10:39:31.911,1.8749,1.87526,1.00,1.00
2016.03.30 10:39:32.121,1.87497,1.87527,1.00,1.00
2016.03.30 10:39:32.322,1.87497,1.87532,1.00,1.00
2016.03.30 10:39:32.492,1.87495,1.87531,1.00,1.00
2016.03.30 10:39:32.594,1.87494,1.87527,1.50,1.00
2016.03.30 10:39:38.506,1.87491,1.87527,1.00,1.00
2016.03.30 10:39:38.705,1.8749,1.87525,1.50,1.00
2016.03.30 10:39:39.094,1.87492,1.87527,1.00,1.00
2016.03.30 10:39:40.010,1.8749,1.87526,1.00,1.00
2016.03.30 10:39:40.705,1.8749,1.87525,1.50,1.00
2016.03.30 10:39:40.806,1.8749,1.87521,1.00,1.00
2016.03.30 10:39:40.857,1.87488,1.87521,1.00,1.00
2016.03.30 10:39:41.009,1.87487,1.87519,1.00,1.00
2016.03.30 10:39:41.110,1.87487,1.87521,1.00,1.00
2016.03.30 10:39:41.328,1.87487,1.87519,1.00,1.00
2016.03.30 10:39:41.857,1.87487,1.8752,1.00,1.00
2016.03.30 10:39:42.393,1.87486,1.8752,1.50,1.00
2016.03.30 10:39:42.449,1.87486,1.87522,1.50,1.50
2016.03.30 10:39:42.846,1.87488,1.87522,1.00,1.00
2016.03.30 10:39:44.604,1.87486,1.87522,1.50,1.50
2016.03.30 10:39:45.385,1.87489,1.87522,1.00,1.50
2016.03.30 10:39:46.412,1.87487,1.87521,1.00,1.00
2016.03.30 10:39:46.940,1.87489,1.87522,1.00,1.50
2016.03.30 10:39:47.628,1.87487,1.87522,1.50,1.50
2016.03.30 10:39:48.150,1.87486,1.8752,1.50,1.00
2016.03.30 10:39:48.604,1.875,1.87535,1.00,1.00
2016.03.30 10:39:48.666,1.87502,1.87535,1.00,1.00
2016.03.30 10:39:48.716,1.87503,1.87538,1.12,1.00
2016.03.30 10:39:48.817,1.87507,1.87538,1.00,1.00
2016.03.30 10:39:48.868,1.87507,1.87541,1.00,1.00
2016.03.30 10:39:49.020,1.87507,1.87543,1.00,1.00
2016.03.30 10:39:49.121,1.87506,1.87541,1.00,1.00
2016.03.30 10:39:49.510,1.87504,1.87539,1.00,1.00
2016.03.30 10:39:50.373,1.87503,1.87539,1.50,1.00
2016.03.30 10:39:50.691,1.87502,1.87537,1.00,1.00
2016.03.30 10:39:53.157,1.87502,1.87535,1.50,1.00
2016.03.30 10:39:53.752,1.87502,1.87537,1.50,1.00
2016.03.30 10:39:54.854,1.87501,1.87537,2.25,1.00
2016.03.30 10:39:55.377,1.87501,1.87538,2.25,1.00
2016.03.30 10:39:55.429,1.87502,1.8754,1.00,1.00
2016.03.30 10:39:56.119,1.87501,1.87541,2.25,1.00
2016.03.30 10:39:57.425,1.87501,1.87539,1.50,1.00
2016.03.30 10:39:57.526,1.87502,1.87541,1.00,1.00
2016.03.30 10:39:58.048,1.87501,1.87541,1.50,1.00
2016.03.30 10:39:58.929,1.87501,1.8754,1.50,1.00
2016.03.30 10:40:00.189,1.87501,1.8754,1.50,1.37
2016.03.30 10:40:00.713,1.87502,1.87539,1.00,1.00
2016.03.30 10:40:01.229,1.87502,1.8754,1.00,1.00
2016.03.30 10:40:01.380,1.87504,1.8754,1.00,1.00
2016.03.30 10:40:01.928,1.87504,1.87541,1.00,1.00
2016.03.30 10:40:02.449,1.87504,1.8754,1.50,1.00
2016.03.30 10:40:03.104,1.87504,1.87539,1.00,1.00
2016.03.30 10:40:03.706,1.87504,1.87538,1.00,1.00
2016.03.30 10:40:04.085,1.87501,1.87537,1.00,1.00
2016.03.30 10:40:04.396,1.87501,1.87535,1.00,1.00
2016.03.30 10:40:04.598,1.87498,1.87535,2.25,1.00
2016.03.30 10:40:05.021,1.87498,1.87533,1.50,1.00
2016.03.30 10:40:05.186,1.87498,1.87535,2.25,1.00
2016.03.30 10:40:05.601,1.87498,1.87533,1.50,1.00
2016.03.30 10:40:06.375,1.87498,1.87532,1.50,1.00
2016.03.30 10:40:06.929,1.87498,1.87533,1.50,1.00
2016.03.30 10:40:08.407,1.87498,1.87532,1.50,1.00
2016.03.30 10:40:11.416,1.87498,1.87534,2.25,1.00
2016.03.30 10:40:12.062,1.87499,1.87534,1.00,1.00
2016.03.30 10:40:12.884,1.87498,1.87534,1.50,1.00
2016.03.30 10:40:14.320,1.87498,1.87532,1.00,1.00
2016.03.30 10:40:15.387,1.87498,1.87533,1.50,1.00
2016.03.30 10:40:16.188,1.875,1.87534,1.00,1.00
2016.03.30 10:40:16.422,1.87501,1.87536,1.00,1.00
2016.03.30 10:40:16.725,1.87498,1.87531,1.00,1.00
2016.03.30 10:40:17.029,1.87497,1.87526,1.00,1.00
2016.03.30 10:40:17.080,1.87493,1.87526,1.50,1.00
2016.03.30 10:40:18.320,1.87499,1.87532,1.00,1.00
2016.03.30 10:40:18.421,1.875,1.87535,1.00,1.00
2016.03.30 10:40:18.522,1.87503,1.87539,1.00,1.00
2016.03.30 10:40:18.624,1.87502,1.87533,1.00,1.00
2016.03.30 10:40:18.926,1.87495,1.87529,1.00,1.00
2016.03.30 10:40:19.027,1.87492,1.87525,1.00,1.00
2016.03.30 10:40:19.195,1.87492,1.87527,1.00,1.00
2016.03.30 10:40:19.733,1.87491,1.87527,1.00,1.00
2016.03.30 10:40:19.796,1.8749,1.87525,1.50,1.00
2016.03.30 10:40:20.103,1.87491,1.87527,1.00,1.00
2016.03.30 10:40:20.753,1.87494,1.8753,1.00,1.00
2016.03.30 10:40:21.186,1.87496,1.87531,1.00,1.00
2016.03.30 10:40:22.041,1.87494,1.8753,1.00,1.00
2016.03.30 10:40:22.307,1.87496,1.87531,1.00,1.00
2016.03.30 10:40:22.639,1.87494,1.8753,1.00,1.00
2016.03.30 10:40:24.402,1.87493,1.8753,1.00,1.00
2016.03.30 10:40:25.769,1.87491,1.87528,1.00,1.00
2016.03.30 10:40:26.505,1.87492,1.87528,1.00,1.00
2016.03.30 10:40:26.705,1.8749,1.87528,1.50,1.00
2016.03.30 10:40:27.362,1.87491,1.87528,1.00,1.00
2016.03.30 10:40:27.745,1.87493,1.87529,1.00,1.00
2016.03.30 10:40:27.914,1.87491,1.8753,1.00,1.00
2016.03.30 10:40:28.419,1.87491,1.87527,1.00,1.00
2016.03.30 10:40:28.722,1.87491,1.87521,1.00,1.00
2016.03.30 10:40:29.315,1.87491,1.8752,1.00,1.00
2016.03.30 10:40:30.023,1.87491,1.87519,1.00,1.00
2016.03.30 10:40:31.757,1.87491,1.87517,1.00,1.00
2016.03.30 10:40:31.858,1.87485,1.87517,1.00,1.00
2016.03.30 10:40:32.705,1.87487,1.87524,1.00,1.00
2016.03.30 10:40:32.933,1.8749,1.87527,1.00,1.00
2016.03.30 10:40:33.332,1.87491,1.87525,1.00,1.00
2016.03.30 10:40:33.942,1.87491,1.87527,1.00,1.00
2016.03.30 10:40:34.043,1.87494,1.87527,1.00,1.00
2016.03.30 10:40:34.649,1.8749,1.87525,1.50,1.00
2016.03.30 10:40:34.749,1.8749,1.87518,1.00,1.00
2016.03.30 10:40:34.800,1.87486,1.87518,1.00,1.00
2016.03.30 10:40:34.851,1.87488,1.87517,1.00,1.00
2016.03.30 10:40:34.952,1.87488,1.87519,1.00,1.00
2016.03.30 10:40:35.157,1.87488,1.87517,1.00,1.00
2016.03.30 10:40:35.493,1.87493,1.87517,1.00,1.00
2016.03.30 10:40:35.699,1.87493,1.8752,1.00,1.50
2016.03.30 10:40:37.307,1.87488,1.8752,1.00,1.00
2016.03.30 10:40:37.949,1.87493,1.8752,1.00,1.00
2016.03.30 10:40:38.191,1.87489,1.8752,1.00,1.00
2016.03.30 10:40:39.036,1.87486,1.8752,1.00,1.00
2016.03.30 10:40:39.087,1.87486,1.87514,1.00,1.00
2016.03.30 10:40:39.188,1.87481,1.87512,1.50,1.00
2016.03.30 10:40:39.389,1.87481,1.87509,1.50,1.00
2016.03.30 10:40:39.490,1.87481,1.87512,1.50,1.00
2016.03.30 10:40:39.848,1.87481,1.87509,1.50,1.00
2016.03.30 10:40:40.374,1.8748,1.87508,1.50,1.00
2016.03.30 10:40:41.371,1.8748,1.87509,1.50,1.00
2016.03.30 10:40:42.036,1.8748,1.87505,1.50,1.00
2016.03.30 10:40:43.683,1.8748,1.87508,1.50,1.00
2016.03.30 10:40:44.711,1.8748,1.87506,1.50,1.00
2016.03.30 10:40:45.784,1.87477,1.87506,1.00,1.00
2016.03.30 10:40:47.235,1.87477,1.87507,1.00,1.00
2016.03.30 10:40:47.336,1.87477,1.87509,1.00,1.00
2016.03.30 10:40:47.692,1.87477,1.87511,1.00,1.00
2016.03.30 10:40:48.258,1.87477,1.87512,1.00,1.50
2016.03.30 10:40:48.790,1.87478,1.87512,1.50,1.50
2016.03.30 10:40:49.830,1.87478,1.8751,1.00,1.00
2016.03.30 10:40:50.541,1.87477,1.8751,1.00,1.00
2016.03.30 10:40:51.092,1.87478,1.8751,1.00,1.00
2016.03.30 10:40:51.731,1.87477,1.8751,1.00,1.00
2016.03.30 10:40:52.329,1.87477,1.87511,1.50,1.00
2016.03.30 10:40:52.632,1.87489,1.87522,1.00,1.00
2016.03.30 10:40:53.346,1.87489,1.87523,1.00,1.00
2016.03.30 10:40:53.869,1.87488,1.87523,1.00,1.00
2016.03.30 10:40:54.222,1.87485,1.87521,1.00,1.00
2016.03.30 10:40:54.702,1.87484,1.87519,1.50,1.00
2016.03.30 10:40:55.205,1.87485,1.87521,1.00,1.00
2016.03.30 10:40:55.582,1.87487,1.87522,1.00,1.00
2016.03.30 10:40:56.009,1.87486,1.8752,1.00,1.00
2016.03.30 10:40:56.739,1.87489,1.87521,1.00,1.00
2016.03.30 10:40:57.061,1.87486,1.87522,1.00,1.00
2016.03.30 10:40:57.415,1.87484,1.87518,1.00,1.00
2016.03.30 10:40:57.567,1.87482,1.87518,1.00,1.00
2016.03.30 10:40:58.188,1.87484,1.87518,1.00,1.00
2016.03.30 10:40:58.239,1.87482,1.87518,1.00,1.00
2016.03.30 10:40:58.719,1.87482,1.87515,1.00,1.00
2016.03.30 10:40:59.110,1.87482,1.87518,1.50,1.00
2016.03.30 10:40:59.211,1.87484,1.87519,1.00,1.00
2016.03.30 10:40:59.723,1.87486,1.87519,1.00,1.00
2016.03.30 10:40:59.874,1.87489,1.87524,1.00,1.00
2016.03.30 10:40:59.925,1.87488,1.87522,1.00,1.00
2016.03.30 10:41:00.026,1.87489,1.87524,1.00,1.00
2016.03.30 10:41:00.329,1.87491,1.87527,1.00,1.50
2016.03.30 10:41:00.430,1.87493,1.87528,1.00,1.00
2016.03.30 10:41:00.812,1.87496,1.8753,1.00,1.00
2016.03.30 10:41:01.229,1.87494,1.87529,1.50,1.00
2016.03.30 10:41:01.546,1.87495,1.87531,1.00,1.00
2016.03.30 10:41:02.193,1.87496,1.87532,1.00,1.00
2016.03.30 10:41:02.448,1.87498,1.87533,1.00,1.00
2016.03.30 10:41:03.002,1.87499,1.87533,1.00,1.00
2016.03.30 10:41:03.117,1.87501,1.87536,1.00,1.00
2016.03.30 10:41:03.319,1.87499,1.87535,1.50,1.00
2016.03.30 10:41:03.420,1.87495,1.87531,1.50,1.00
2016.03.30 10:41:04.540,1.87496,1.87532,1.00,1.00
2016.03.30 10:41:05.041,1.87495,1.87531,1.50,1.00
2016.03.30 10:41:05.344,1.87495,1.87528,1.50,1.00
2016.03.30 10:41:05.843,1.87496,1.8753,1.00,1.00
2016.03.30 10:41:06.347,1.87495,1.87529,1.00,1.00
2016.03.30 10:41:06.930,1.87497,1.87531,1.00,1.00
2016.03.30 10:41:07.729,1.87495,1.87529,1.00,1.00
2016.03.30 10:41:08.759,1.87495,1.87527,1.00,1.00
2016.03.30 10:41:08.936,1.87495,1.87529,1.00,1.00
2016.03.30 10:41:09.227,1.87495,1.87527,1.00,1.00
2016.03.30 10:41:09.663,1.87495,1.87524,1.00,1.00
2016.03.30 10:41:09.713,1.87492,1.87524,1.00,1.00
2016.03.30 10:41:09.764,1.8749,1.87519,1.00,1.00
2016.03.30 10:41:10.293,1.8749,1.8752,1.00,1.00
2016.03.30 10:41:10.751,1.87491,1.87522,1.00,1.00
2016.03.30 10:41:11.270,1.87493,1.87522,1.00,1.00
2016.03.30 10:41:11.695,1.87499,1.87527,1.00,1.00
2016.03.30 10:41:11.746,1.87499,1.87534,1.00,1.00
2016.03.30 10:41:12.134,1.87501,1.87534,1.00,1.00
2016.03.30 10:41:12.387,1.87504,1.87539,1.00,1.50
2016.03.30 10:41:12.488,1.87505,1.87541,1.00,1.00
2016.03.30 10:41:12.539,1.87507,1.87542,1.00,1.50
2016.03.30 10:41:13.076,1.87509,1.87542,1.00,1.00
2016.03.30 10:41:13.378,1.8751,1.87546,1.00,1.50
2016.03.30 10:41:14.025,1.87511,1.87546,1.00,1.50
2016.03.30 10:41:14.076,1.8751,1.87544,1.00,1.00
2016.03.30 10:41:14.599,1.87509,1.87543,1.00,1.00
2016.03.30 10:41:14.651,1.8751,1.87546,1.00,1.00
2016.03.30 10:41:15.041,1.87512,1.87546,1.00,1.00
2016.03.30 10:41:15.344,1.87523,1.87554,1.00,1.00
2016.03.30 10:41:15.445,1.87523,1.87556,1.00,1.00
2016.03.30 10:41:15.643,1.87523,1.87558,1.00,1.00
2016.03.30 10:41:16.150,1.87521,1.87558,1.00,1.00
2016.03.30 10:41:18.378,1.8752,1.87556,1.50,1.00
2016.03.30 10:41:18.892,1.87516,1.87546,1.00,1.00
2016.03.30 10:41:18.943,1.87512,1.87546,1.50,1.00
2016.03.30 10:41:19.044,1.87512,1.87544,1.00,1.00
2016.03.30 10:41:19.363,1.87512,1.87542,1.00,1.00
2016.03.30 10:41:19.464,1.87508,1.87542,1.00,1.00
2016.03.30 10:41:19.785,1.87508,1.87544,1.00,1.00
2016.03.30 10:41:20.554,1.87509,1.87542,1.00,1.00
2016.03.30 10:41:21.276,1.87508,1.87541,2.25,1.00
2016.03.30 10:41:21.656,1.87506,1.87541,1.00,1.00
2016.03.30 10:41:24.575,1.87506,1.87539,1.00,1.00
2016.03.30 10:41:24.787,1.87503,1.87537,2.25,1.00
2016.03.30 10:41:25.313,1.87503,1.87536,1.00,1.00
2016.03.30 10:41:25.364,1.87499,1.87534,1.50,1.00
2016.03.30 10:41:25.578,1.87498,1.87532,1.00,1.00
2016.03.30 10:41:26.021,1.87499,1.87534,1.00,1.00
2016.03.30 10:41:26.072,1.875,1.87536,1.00,1.00
2016.03.30 10:41:26.575,1.87501,1.87537,1.00,1.00
2016.03.30 10:41:27.260,1.87502,1.87536,1.00,1.00
2016.03.30 10:41:27.462,1.87491,1.87518,1.00,1.00
2016.03.30 10:41:27.513,1.87488,1.87518,1.00,1.00
2016.03.30 10:41:27.563,1.87488,1.87515,1.00,1.00
2016.03.30 10:41:27.664,1.8748,1.87515,1.00,1.00
2016.03.30 10:41:27.886,1.87479,1.87513,1.00,1.00
2016.03.30 10:41:28.628,1.8748,1.87515,1.00,1.00
2016.03.30 10:41:29.359,1.87478,1.87514,1.50,1.00
2016.03.30 10:41:30.063,1.87481,1.87514,1.00,1.00
2016.03.30 10:41:32.579,1.87481,1.87517,1.00,1.50
2016.03.30 10:41:32.881,1.8748,1.87515,1.00,1.00
2016.03.30 10:41:34.767,1.87482,1.87516,1.00,1.00
2016.03.30 10:41:35.070,1.87485,1.87518,1.00,1.00
2016.03.30 10:41:35.262,1.87488,1.87523,1.00,1.00
2016.03.30 10:41:35.312,1.8749,1.87523,1.00,1.00
2016.03.30 10:41:35.413,1.87491,1.87525,1.00,1.00
2016.03.30 10:41:35.515,1.87495,1.87529,1.00,1.00
2016.03.30 10:41:35.787,1.87495,1.87531,1.00,1.50
2016.03.30 10:41:36.187,1.87498,1.87531,1.00,1.00
2016.03.30 10:41:36.388,1.87498,1.87533,1.00,1.00
2016.03.30 10:41:37.758,1.875,1.87534,1.00,1.50
2016.03.30 10:41:38.442,1.875,1.87533,1.00,1.00
2016.03.30 10:41:38.494,1.87506,1.8754,1.00,1.00
2016.03.30 10:41:38.696,1.87505,1.87534,1.00,1.00
2016.03.30 10:41:38.747,1.87503,1.87534,1.50,1.00
2016.03.30 10:41:39.323,1.87503,1.87535,1.00,1.00
2016.03.30 10:41:39.575,1.87503,1.87532,1.00,1.00
2016.03.30 10:41:39.824,1.87497,1.8753,1.00,1.00
2016.03.30 10:41:40.684,1.87498,1.87532,1.00,1.00
2016.03.30 10:41:40.786,1.87497,1.8753,1.00,1.00
2016.03.30 10:41:41.088,1.8751,1.87543,1.00,1.00
2016.03.30 10:41:41.301,1.87515,1.87551,1.00,1.00
2016.03.30 10:41:41.352,1.87517,1.87551,1.00,1.00
2016.03.30 10:41:41.771,1.87517,1.87549,1.00,1.00
2016.03.30 10:41:41.873,1.87513,1.87548,1.50,1.00
2016.03.30 10:41:42.516,1.87514,1.87548,1.00,1.00
2016.03.30 10:41:43.029,1.87515,1.87549,1.00,1.00
2016.03.30 10:41:43.556,1.87514,1.87549,1.00,1.00
2016.03.30 10:41:44.599,1.87513,1.87548,1.00,1.00
2016.03.30 10:41:46.802,1.87514,1.87548,1.00,1.00
2016.03.30 10:41:47.518,1.87511,1.87548,1.50,1.00
2016.03.30 10:41:47.568,1.87517,1.87548,1.00,1.00
2016.03.30 10:41:47.796,1.87517,1.87551,1.00,1.00
2016.03.30 10:41:48.068,1.87526,1.8756,1.00,1.00
2016.03.30 10:41:48.320,1.87532,1.87568,1.00,1.00
2016.03.30 10:41:48.704,1.87531,1.87564,1.00,1.00
2016.03.30 10:41:48.755,1.87526,1.87561,1.00,1.00
2016.03.30 10:41:48.805,1.87528,1.87556,1.00,1.00
2016.03.30 10:41:48.856,1.87522,1.87556,1.00,1.00
2016.03.30 10:41:48.957,1.87522,1.87558,1.00,1.12
2016.03.30 10:41:49.007,1.8752,1.87555,1.00,1.00
2016.03.30 10:41:49.561,1.87519,1.87555,1.00,1.00
2016.03.30 10:41:49.878,1.87523,1.87558,1.00,1.50
2016.03.30 10:41:50.029,1.87538,1.87576,1.37,1.00
2016.03.30 10:41:50.080,1.87546,1.87577,1.00,1.00
2016.03.30 10:41:50.131,1.87551,1.87586,1.00,1.50
2016.03.30 10:41:50.332,1.87553,1.87586,1.00,1.00
2016.03.30 10:41:50.384,1.87553,1.87589,1.00,1.00
2016.03.30 10:41:50.688,1.8755,1.87589,1.50,1.00
2016.03.30 10:41:50.739,1.8755,1.87585,1.00,1.00
2016.03.30 10:41:51.009,1.87548,1.87585,1.00,1.00
2016.03.30 10:41:51.059,1.87546,1.87583,1.00,1.00
2016.03.30 10:41:51.360,1.87542,1.87579,1.00,1.50
2016.03.30 10:41:51.586,1.87538,1.87578,2.25,1.00
2016.03.30 10:41:51.925,1.87541,1.87579,1.00,1.50
2016.03.30 10:41:52.263,1.87543,1.87579,1.00,1.00
2016.03.30 10:41:52.565,1.87545,1.87579,1.00,1.00
2016.03.30 10:41:52.616,1.87543,1.87579,1.00,1.00
2016.03.30 10:41:52.973,1.87554,1.87582,1.00,1.00
2016.03.30 10:41:53.027,1.87554,1.8759,1.00,1.00
2016.03.30 10:41:53.079,1.87551,1.87587,1.00,1.00
2016.03.30 10:41:53.381,1.87545,1.87582,1.00,1.00
2016.03.30 10:41:53.432,1.87544,1.8758,1.00,1.00
2016.03.30 10:41:53.532,1.87541,1.87578,1.00,1.00
2016.03.30 10:41:54.150,1.87541,1.87577,1.00,1.00
2016.03.30 10:41:54.483,1.8754,1.87575,1.00,1.00
2016.03.30 10:41:54.685,1.87526,1.87564,1.00,1.00
2016.03.30 10:41:54.736,1.87526,1.87557,1.00,1.12
2016.03.30 10:41:54.786,1.8752,1.87557,1.00,1.12
2016.03.30 10:41:54.837,1.87518,1.87555,1.00,1.00
2016.03.30 10:41:54.988,1.87516,1.87554,1.00,1.00
2016.03.30 10:41:56.035,1.87515,1.87553,1.00,1.00
2016.03.30 10:41:56.774,1.87516,1.87553,1.00,1.00
2016.03.30 10:41:56.985,1.87517,1.87555,1.00,1.50
2016.03.30 10:41:57.086,1.87524,1.87559,1.00,1.00
2016.03.30 10:41:57.187,1.87524,1.87562,1.00,1.00
2016.03.30 10:41:57.439,1.87526,1.87563,1.00,1.00
2016.03.30 10:41:58.044,1.87527,1.87563,1.50,1.00
2016.03.30 10:41:59.449,1.87529,1.87566,1.00,1.00
2016.03.30 10:41:59.852,1.87531,1.87567,1.00,1.00
2016.03.30 10:42:00.278,1.87528,1.87563,1.00,1.00
2016.03.30 10:42:00.638,1.87526,1.87561,1.00,1.00
2016.03.30 10:42:00.689,1.87526,1.87563,1.00,1.00
2016.03.30 10:42:01.192,1.87527,1.87564,1.00,1.00
2016.03.30 10:42:01.695,1.87528,1.87564,1.00,1.00
2016.03.30 10:42:02.224,1.87528,1.87563,1.00,1.00
2016.03.30 10:42:02.275,1.87527,1.87565,1.50,1.00
2016.03.30 10:42:02.477,1.87528,1.87563,1.00,1.00
2016.03.30 10:42:02.578,1.87528,1.87565,1.00,1.50
2016.03.30 10:42:02.679,1.87526,1.87562,1.00,1.00
2016.03.30 10:42:02.981,1.87528,1.8756,1.00,1.00
2016.03.30 10:42:03.465,1.87524,1.87561,2.25,1.00
2016.03.30 10:42:03.687,1.8753,1.87568,1.00,1.00
2016.03.30 10:42:03.788,1.8753,1.87565,1.00,1.00
2016.03.30 10:42:04.070,1.8753,1.87567,1.00,1.00
2016.03.30 10:42:04.494,1.87532,1.87567,1.00,1.00
2016.03.30 10:42:04.967,1.8753,1.87568,1.00,1.00
2016.03.30 10:42:05.877,1.87533,1.8757,1.00,1.00
2016.03.30 10:42:06.181,1.87535,1.87571,1.00,1.50
2016.03.30 10:42:06.885,1.87536,1.87571,1.00,1.50
2016.03.30 10:42:07.086,1.87539,1.87575,1.00,1.00
2016.03.30 10:42:07.187,1.87542,1.87575,1.00,1.00
2016.03.30 10:42:07.288,1.87544,1.87578,1.00,1.00
2016.03.30 10:42:07.439,1.87542,1.87577,1.00,1.00
2016.03.30 10:42:08.071,1.87536,1.87574,1.00,1.00
2016.03.30 10:42:08.172,1.87534,1.87569,1.00,1.00
2016.03.30 10:42:08.475,1.87537,1.87573,1.00,1.00
2016.03.30 10:42:08.576,1.87539,1.87576,1.50,1.00
2016.03.30 10:42:08.677,1.87542,1.87577,1.00,1.00
2016.03.30 10:42:09.210,1.87544,1.87577,1.00,1.00
2016.03.30 10:42:09.260,1.87544,1.8758,1.00,1.00
2016.03.30 10:42:09.563,1.87547,1.87581,1.00,1.00
2016.03.30 10:42:10.097,1.87545,1.87581,1.00,1.00
2016.03.30 10:42:11.000,1.87546,1.87582,1.00,1.00
2016.03.30 10:42:11.712,1.87545,1.87581,1.00,1.00
2016.03.30 10:42:12.701,1.87544,1.87577,1.00,1.00
2016.03.30 10:42:13.158,1.87541,1.87577,1.00,1.00
2016.03.30 10:42:13.680,1.87534,1.87568,1.50,1.00
2016.03.30 10:42:14.007,1.87529,1.87563,1.00,1.00
2016.03.30 10:42:14.563,1.8753,1.87563,1.00,1.00
2016.03.30 10:42:15.083,1.8753,1.87562,1.00,1.00
2016.03.30 10:42:15.990,1.8753,1.87563,1.00,1.00
2016.03.30 10:42:16.292,1.8753,1.87561,1.00,1.00
2016.03.30 10:42:16.622,1.87524,1.87555,1.00,1.00
2016.03.30 10:42:16.723,1.87518,1.87552,1.00,1.12
2016.03.30 10:42:16.775,1.87515,1.8755,1.00,1.00
2016.03.30 10:42:17.476,1.87517,1.87551,1.00,1.00
2016.03.30 10:42:17.789,1.87516,1.87549,1.00,1.00
2016.03.30 10:42:17.874,1.87516,1.87552,1.00,1.50
2016.03.30 10:42:18.078,1.87515,1.87549,1.00,1.00
2016.03.30 10:42:18.477,1.87516,1.87552,1.00,1.50
2016.03.30 10:42:18.886,1.87523,1.87558,1.00,1.00
2016.03.30 10:42:19.264,1.87527,1.87562,1.00,1.00
2016.03.30 10:42:19.584,1.87528,1.87557,1.00,1.00
2016.03.30 10:42:19.635,1.87524,1.87557,1.00,1.00
2016.03.30 10:42:19.736,1.87521,1.87557,1.00,1.00
2016.03.30 10:42:19.786,1.8752,1.87552,1.00,1.00
2016.03.30 10:42:19.888,1.87518,1.87552,1.50,1.00
2016.03.30 10:42:20.424,1.87518,1.87553,1.50,1.00
2016.03.30 10:42:20.988,1.87518,1.87554,1.00,1.00
2016.03.30 10:42:21.279,1.87516,1.87554,1.00,1.00
2016.03.30 10:42:21.582,1.87515,1.87552,1.00,1.00
2016.03.30 10:42:21.893,1.87515,1.8755,1.00,1.00
2016.03.30 10:42:21.981,1.87515,1.87552,1.00,1.00
2016.03.30 10:42:22.224,1.87515,1.8755,1.00,1.00
2016.03.30 10:42:22.282,1.87515,1.87552,1.00,1.00
2016.03.30 10:42:22.434,1.87515,1.87552,1.00,1.37
2016.03.30 10:42:22.759,1.87507,1.87542,1.00,1.00
2016.03.30 10:42:23.111,1.87507,1.87545,1.00,1.12
2016.03.30 10:42:23.414,1.87507,1.87543,1.00,1.00
2016.03.30 10:42:23.515,1.87507,1.87545,1.00,1.00
2016.03.30 10:42:24.186,1.87507,1.87546,1.00,1.00
2016.03.30 10:42:25.689,1.87506,1.87546,1.00,1.00
2016.03.30 10:42:26.310,1.87507,1.87547,1.00,1.87
2016.03.30 10:42:27.152,1.87506,1.87547,1.50,1.87
2016.03.30 10:42:27.889,1.87508,1.87547,1.00,1.87
2016.03.30 10:42:28.499,1.87506,1.87547,1.50,1.87
2016.03.30 10:42:29.020,1.87506,1.87546,1.00,1.00
2016.03.30 10:42:29.674,1.87505,1.87544,1.00,1.00
2016.03.30 10:42:30.532,1.87505,1.87546,1.00,1.00
2016.03.30 10:42:31.078,1.87505,1.87545,1.00,1.00
2016.03.30 10:42:35.226,1.87506,1.87547,1.00,1.87
2016.03.30 10:42:37.408,1.87505,1.87547,1.50,1.87
2016.03.30 10:42:40.452,1.87505,1.87544,1.00,1.00
2016.03.30 10:42:41.825,1.87505,1.87546,1.00,1.37
2016.03.30 10:42:44.475,1.87508,1.87547,1.00,1.37
2016.03.30 10:42:44.526,1.87508,1.87547,1.00,1.00
2016.03.30 10:42:44.577,1.87506,1.87547,1.00,1.50
2016.03.30 10:42:45.109,1.87507,1.87547,1.00,1.00
2016.03.30 10:42:45.709,1.87508,1.87547,1.00,1.00
2016.03.30 10:42:47.030,1.87507,1.87547,1.50,1.00
2016.03.30 10:42:47.912,1.87509,1.87547,1.00,1.00
2016.03.30 10:42:48.018,1.87511,1.8755,1.00,1.00
2016.03.30 10:42:48.321,1.87513,1.8755,1.00,1.00
2016.03.30 10:42:48.422,1.87513,1.87553,1.00,1.12
2016.03.30 10:42:49.222,1.87512,1.87553,1.00,1.12
2016.03.30 10:42:49.746,1.87513,1.87553,1.50,1.87
2016.03.30 10:42:51.125,1.87514,1.87553,1.00,1.50
2016.03.30 10:42:51.651,1.87515,1.87553,1.00,1.50
2016.03.30 10:42:51.816,1.87512,1.87552,1.50,1.37
2016.03.30 10:42:52.257,1.87506,1.87539,1.00,1.00
2016.03.30 10:42:52.358,1.87501,1.87539,1.00,1.00
2016.03.30 10:42:53.013,1.87502,1.87539,1.00,1.00
2016.03.30 10:42:55.629,1.87502,1.87538,1.00,1.00
2016.03.30 10:42:55.730,1.87501,1.87536,1.50,1.00
2016.03.30 10:42:56.061,1.87498,1.87533,1.00,1.00
2016.03.30 10:42:56.564,1.87498,1.87534,1.00,1.00
2016.03.30 10:42:57.086,1.87499,1.87534,1.00,1.00
2016.03.30 10:42:57.740,1.87498,1.87533,1.00,1.00
2016.03.30 10:42:58.261,1.87499,1.87534,1.00,1.00
2016.03.30 10:42:59.185,1.87501,1.87535,1.00,1.00
2016.03.30 10:42:59.437,1.87499,1.87534,1.00,1.00
2016.03.30 10:42:59.538,1.87497,1.8753,1.50,1.00
2016.03.30 10:43:00.820,1.87498,1.87532,1.00,1.00
2016.03.30 10:43:00.905,1.87499,1.87534,1.00,1.00
2016.03.30 10:43:01.206,1.875,1.87536,1.00,1.00
2016.03.30 10:43:01.307,1.875,1.87533,1.00,1.00
2016.03.30 10:43:03.010,1.875,1.87536,1.00,1.00
2016.03.30 10:43:03.231,1.87499,1.87534,1.00,1.00
2016.03.30 10:43:04.611,1.875,1.87536,1.00,1.00
2016.03.30 10:43:04.957,1.87499,1.87534,1.00,1.00
2016.03.30 10:43:05.112,1.875,1.87536,1.00,1.00
2016.03.30 10:43:05.213,1.87499,1.87534,1.00,1.00
2016.03.30 10:43:06.614,1.87497,1.87533,1.50,1.00
2016.03.30 10:43:07.918,1.87497,1.8753,1.50,1.00
2016.03.30 10:43:08.119,1.87498,1.87532,1.00,1.00
2016.03.30 10:43:10.123,1.87497,1.87531,1.50,1.00
2016.03.30 10:43:10.224,1.87493,1.87529,1.00,1.00
2016.03.30 10:43:11.621,1.87492,1.87528,1.50,1.00
2016.03.30 10:43:12.622,1.87494,1.87529,1.00,1.00
2016.03.30 10:43:13.624,1.87492,1.87528,1.50,1.00
2016.03.30 10:43:13.831,1.87492,1.87525,1.50,1.00
2016.03.30 10:43:14.133,1.87492,1.87528,1.50,1.00
2016.03.30 10:43:15.534,1.87495,1.8753,1.00,1.00
2016.03.30 10:43:17.077,1.87494,1.87529,1.00,1.00
2016.03.30 10:43:19.048,1.87495,1.8753,1.00,1.00
2016.03.30 10:43:19.503,1.87488,1.87516,1.00,1.50
2016.03.30 10:43:19.654,1.87478,1.87511,1.00,1.00
2016.03.30 10:43:19.755,1.8748,1.87513,1.00,1.00
2016.03.30 10:43:20.394,1.87481,1.87513,1.00,1.00
2016.03.30 10:43:21.064,1.87482,1.87513,1.00,1.00
2016.03.30 10:43:21.854,1.87482,1.87518,1.00,1.50
2016.03.30 10:43:22.055,1.87485,1.87518,1.00,1.50
2016.03.30 10:43:22.954,1.87486,1.87518,1.00,1.00
2016.03.30 10:43:23.257,1.87489,1.87518,1.00,1.00
2016.03.30 10:43:23.455,1.87487,1.87518,1.00,1.00
2016.03.30 10:43:23.963,1.87488,1.87518,1.00,1.00
2016.03.30 10:43:24.611,1.87487,1.87518,1.00,1.00
2016.03.30 10:43:25.159,1.87488,1.87518,1.00,1.00
2016.03.30 10:43:25.273,1.87485,1.87518,1.00,1.00
2016.03.30 10:43:26.150,1.87484,1.87518,1.00,1.00
2016.03.30 10:43:27.790,1.87483,1.87518,1.00,1.00
2016.03.30 10:43:28.060,1.87481,1.87518,1.00,1.00
2016.03.30 10:43:28.161,1.87479,1.87517,1.00,1.37
2016.03.30 10:43:28.262,1.87479,1.87517,1.00,1.37
2016.03.30 10:43:28.363,1.87478,1.87512,1.00,1.00
2016.03.30 10:43:29.449,1.87476,1.87512,1.00,1.00
2016.03.30 10:43:29.971,1.87475,1.87512,1.00,1.87
2016.03.30 10:43:30.467,1.87475,1.87504,1.00,1.00
2016.03.30 10:43:30.518,1.87469,1.87504,2.25,1.00
2016.03.30 10:43:33.800,1.87468,1.87504,2.25,1.00
2016.03.30 10:43:34.484,1.87469,1.87504,1.50,1.37
2016.03.30 10:43:34.585,1.87466,1.87502,1.00,1.37
2016.03.30 10:43:35.122,1.87465,1.87502,1.00,1.37
2016.03.30 10:43:35.436,1.87473,1.87506,1.00,1.00
2016.03.30 10:43:35.537,1.87477,1.87514,1.00,1.00
2016.03.30 10:43:35.588,1.87481,1.87514,1.00,1.00
2016.03.30 10:43:35.840,1.8748,1.87517,1.00,1.00
2016.03.30 10:43:36.384,1.87481,1.87518,1.00,1.00
2016.03.30 10:43:36.435,1.87483,1.87518,1.00,1.00
2016.03.30 10:43:36.485,1.87481,1.87518,1.00,1.00
2016.03.30 10:43:36.536,1.87483,1.87518,1.00,1.00
2016.03.30 10:43:36.892,1.8748,1.87518,1.00,1.12
2016.03.30 10:43:36.943,1.8748,1.87514,1.00,1.00
2016.03.30 10:43:37.094,1.87478,1.87514,1.50,1.00
2016.03.30 10:43:37.598,1.87478,1.87513,1.00,1.37
2016.03.30 10:43:38.093,1.87478,1.87514,1.00,1.00
2016.03.30 10:43:38.750,1.87476,1.87514,1.00,1.00
2016.03.30 10:43:39.002,1.87474,1.87513,1.50,1.00
2016.03.30 10:43:39.542,1.87475,1.87514,1.00,1.87
2016.03.30 10:43:40.604,1.87474,1.87513,1.50,1.00
2016.03.30 10:43:42.411,1.87474,1.87514,1.00,1.50
2016.03.30 10:43:42.898,1.87474,1.87512,1.00,1.00
2016.03.30 10:43:43.236,1.87474,1.87514,1.00,1.50
2016.03.30 10:43:44.042,1.87475,1.87514,1.00,1.00
2016.03.30 10:43:44.821,1.87476,1.87514,1.00,1.00
2016.03.30 10:43:45.254,1.8748,1.87518,1.00,1.00
2016.03.30 10:43:45.305,1.8748,1.87522,1.50,1.00
2016.03.30 10:43:45.824,1.87481,1.87522,1.00,1.00
2016.03.30 10:43:46.018,1.87483,1.87522,1.00,1.00
2016.03.30 10:43:46.341,1.87486,1.87526,1.00,1.00
2016.03.30 10:43:46.999,1.87486,1.87527,1.50,1.50
2016.03.30 10:43:47.529,1.87486,1.87526,1.00,1.12
2016.03.30 10:43:50.535,1.87486,1.87526,1.00,1.37
2016.03.30 10:43:52.112,1.87488,1.87527,1.00,1.87
2016.03.30 10:43:52.650,1.87487,1.87526,1.00,1.50
2016.03.30 10:43:52.951,1.87486,1.87521,1.00,1.00
2016.03.30 10:43:53.309,1.87484,1.8752,1.00,1.00
2016.03.30 10:43:53.830,1.87483,1.87518,1.00,1.00
2016.03.30 10:43:53.881,1.87476,1.87513,1.00,1.50
2016.03.30 10:43:53.932,1.87475,1.87511,1.00,1.00
2016.03.30 10:43:54.234,1.87476,1.87513,1.00,1.00
2016.03.30 10:43:54.540,1.8748,1.87513,1.00,1.00
2016.03.30 10:43:55.212,1.87477,1.87513,1.00,1.00
2016.03.30 10:43:55.662,1.87479,1.87513,1.00,1.00
2016.03.30 10:43:56.354,1.87482,1.87517,1.00,1.00
2016.03.30 10:43:56.521,1.87479,1.87517,1.00,1.00
2016.03.30 10:44:01.443,1.8748,1.87517,1.00,1.00
2016.03.30 10:44:01.498,1.87478,1.87516,2.25,1.00
2016.03.30 10:44:01.548,1.87487,1.87525,1.00,1.00
2016.03.30 10:44:01.851,1.87491,1.87527,1.00,1.50
2016.03.30 10:44:02.021,1.87488,1.87525,1.00,1.00
2016.03.30 10:44:02.521,1.8749,1.87526,1.00,1.00
2016.03.30 10:44:03.537,1.87492,1.87527,1.00,1.50
2016.03.30 10:44:03.841,1.8749,1.87526,1.00,1.00
2016.03.30 10:44:06.338,1.87492,1.87527,1.00,1.00
2016.03.30 10:44:06.884,1.87493,1.87527,1.00,1.00
2016.03.30 10:44:08.366,1.87491,1.87527,1.00,1.00
2016.03.30 10:44:09.350,1.87494,1.87527,1.00,1.00
2016.03.30 10:44:09.832,1.87491,1.87527,1.00,1.50
2016.03.30 10:44:10.834,1.8749,1.87526,1.00,1.00
2016.03.30 10:44:11.237,1.87492,1.87527,1.00,1.00
2016.03.30 10:44:11.678,1.87493,1.87529,1.00,1.00
2016.03.30 10:44:11.728,1.87496,1.8753,1.00,1.00
2016.03.30 10:44:11.982,1.87496,1.87532,1.00,1.00
2016.03.30 10:44:12.183,1.875,1.87534,1.00,1.50
2016.03.30 10:44:12.725,1.87501,1.87535,1.00,1.00
2016.03.30 10:44:13.855,1.87501,1.87537,1.00,1.00
2016.03.30 10:44:14.380,1.87501,1.87538,1.00,1.00
2016.03.30 10:44:14.595,1.87503,1.87539,1.00,2.25
2016.03.30 10:44:15.183,1.87504,1.87538,1.00,1.00
2016.03.30 10:44:15.383,1.87501,1.87538,1.00,1.00
2016.03.30 10:44:15.982,1.87501,1.87537,1.00,1.00
2016.03.30 10:44:16.544,1.87501,1.87538,1.00,1.00
2016.03.30 10:44:16.745,1.87503,1.87538,1.00,1.00
2016.03.30 10:44:17.275,1.87501,1.87538,1.00,1.00
2016.03.30 10:44:17.446,1.87503,1.87539,1.00,1.50
2016.03.30 10:44:19.698,1.87504,1.87539,1.00,1.00
2016.03.30 10:44:21.253,1.87503,1.87539,1.00,1.50
2016.03.30 10:44:22.285,1.87501,1.87538,1.00,1.00
2016.03.30 10:44:22.387,1.87504,1.87538,1.00,1.00
2016.03.30 10:44:22.709,1.87501,1.87535,1.00,1.00
2016.03.30 10:44:23.033,1.87495,1.8753,1.00,1.00
2016.03.30 10:44:23.286,1.87495,1.87526,1.00,1.00
2016.03.30 10:44:23.388,1.87495,1.87528,1.00,1.00
2016.03.30 10:44:23.489,1.87496,1.87533,1.00,1.00
2016.03.30 10:44:23.539,1.87503,1.87533,1.00,1.00
2016.03.30 10:44:23.640,1.87504,1.87541,1.00,1.00
2016.03.30 10:44:23.691,1.87509,1.8754,1.00,1.00
2016.03.30 10:44:23.742,1.87509,1.87546,1.50,1.00
2016.03.30 10:44:23.792,1.87512,1.87546,1.00,1.00
2016.03.30 10:44:23.893,1.87514,1.8755,1.00,1.50
2016.03.30 10:44:24.120,1.87517,1.8755,1.00,1.50
2016.03.30 10:44:24.504,1.87517,1.87548,1.00,1.00
2016.03.30 10:44:24.667,1.87512,1.87546,1.00,1.00
2016.03.30 10:44:25.219,1.87512,1.87545,1.00,1.00
2016.03.30 10:44:25.481,1.87508,1.87544,1.00,1.00
2016.03.30 10:44:26.023,1.87507,1.87544,1.00,1.00
2016.03.30 10:44:26.581,1.87506,1.87545,1.00,1.00
2016.03.30 10:44:27.511,1.87507,1.87545,1.00,1.00
2016.03.30 10:44:28.029,1.87508,1.87546,1.00,1.00
2016.03.30 10:44:28.545,1.87509,1.87546,1.00,1.00
2016.03.30 10:44:29.802,1.87508,1.87546,1.00,1.00
2016.03.30 10:44:30.189,1.87513,1.87546,1.00,1.00
2016.03.30 10:44:30.388,1.8752,1.87558,1.00,1.00
2016.03.30 10:44:31.017,1.8752,1.87559,1.00,1.12
2016.03.30 10:44:31.068,1.87517,1.87556,1.00,1.00
2016.03.30 10:44:37.069,1.87519,1.87559,1.00,1.00
2016.03.30 10:44:40.145,1.87519,1.8756,1.00,1.00
2016.03.30 10:44:47.867,1.87519,1.87559,1.00,1.00
2016.03.30 10:44:48.465,1.87519,1.8756,1.00,1.00
2016.03.30 10:44:53.135,1.87517,1.87556,1.00,1.00
2016.03.30 10:44:54.482,1.87518,1.87556,1.00,1.00
2016.03.30 10:44:55.093,1.87517,1.87556,1.00,1.00
2016.03.30 10:44:57.037,1.87518,1.87556,1.00,1.00
2016.03.30 10:44:57.543,1.87517,1.87556,1.00,1.00
2016.03.30 10:44:59.643,1.87518,1.87556,1.00,1.00
2016.03.30 10:45:00.193,1.87517,1.87556,1.50,1.00
2016.03.30 10:45:00.522,1.87519,1.87556,1.00,1.00
2016.03.30 10:45:01.145,1.8752,1.87556,1.00,1.00
2016.03.30 10:45:01.689,1.87521,1.87556,1.00,1.00
2016.03.30 10:45:03.181,1.87519,1.87556,1.00,1.00
2016.03.30 10:45:03.357,1.8752,1.8756,1.00,1.00
2016.03.30 10:45:03.891,1.87521,1.8756,1.00,1.00
2016.03.30 10:45:04.494,1.87522,1.8756,1.00,1.00
2016.03.30 10:45:05.039,1.87522,1.87563,1.00,1.00
2016.03.30 10:45:05.089,1.87527,1.87563,1.00,1.00
2016.03.30 10:45:05.437,1.87529,1.87563,1.00,1.00
2016.03.30 10:45:05.966,1.8753,1.87565,1.00,1.00
2016.03.30 10:45:06.469,1.8753,1.87566,1.00,1.00
2016.03.30 10:45:07.279,1.8753,1.87567,1.00,1.00
2016.03.30 10:45:08.158,1.87531,1.87567,1.00,1.00
2016.03.30 10:45:08.991,1.87526,1.87567,1.00,1.00
2016.03.30 10:45:09.042,1.87526,1.87567,1.00,1.37
2016.03.30 10:45:09.345,1.87525,1.87567,1.00,1.00
2016.03.30 10:45:09.395,1.87528,1.87567,1.00,1.00
2016.03.30 10:45:09.698,1.87531,1.87567,1.00,1.00
2016.03.30 10:45:09.748,1.87531,1.87569,1.00,1.00
2016.03.30 10:45:10.282,1.87532,1.87569,1.00,1.00
2016.03.30 10:45:10.792,1.87531,1.87568,1.00,1.00
2016.03.30 10:45:10.893,1.87529,1.87568,1.50,1.00
2016.03.30 10:45:11.493,1.87529,1.87569,1.00,1.00
2016.03.30 10:45:12.565,1.8753,1.87569,1.00,1.00
2016.03.30 10:45:13.160,1.87529,1.87569,1.00,1.00
2016.03.30 10:45:14.146,1.87528,1.87566,1.00,1.00
2016.03.30 10:45:14.977,1.87526,1.87566,1.00,1.00
2016.03.30 10:45:20.164,1.87526,1.87564,1.00,1.00
2016.03.30 10:45:20.215,1.87525,1.87567,1.00,1.00
2016.03.30 10:45:20.416,1.87527,1.87567,1.00,1.00
2016.03.30 10:45:20.979,1.87529,1.87567,1.00,1.00
2016.03.30 10:45:21.480,1.87527,1.87567,1.00,1.00
2016.03.30 10:45:25.586,1.87529,1.87567,1.00,1.00
2016.03.30 10:45:26.473,1.87533,1.87567,1.00,1.00
2016.03.30 10:45:26.533,1.87535,1.87574,1.00,1.87
2016.03.30 10:45:26.584,1.87535,1.87574,1.00,1.37
2016.03.30 10:45:26.635,1.87532,1.87574,1.00,1.37
2016.03.30 10:45:26.736,1.87531,1.8757,1.00,1.00
2016.03.30 10:45:27.282,1.8753,1.8757,1.00,1.00
2016.03.30 10:45:27.383,1.8753,1.8757,1.00,1.37
2016.03.30 10:45:27.888,1.87528,1.87567,1.00,1.00
2016.03.30 10:45:28.535,1.87529,1.87567,1.00,1.00
2016.03.30 10:45:30.223,1.87531,1.87567,1.00,1.00
2016.03.30 10:45:30.274,1.87531,1.87571,1.00,1.37
2016.03.30 10:45:30.425,1.87532,1.87571,1.00,1.50
2016.03.30 10:45:30.627,1.87535,1.87571,1.00,1.00
2016.03.30 10:45:30.956,1.87538,1.87571,1.00,1.00
2016.03.30 10:45:31.009,1.87539,1.87579,1.00,1.50
2016.03.30 10:45:31.110,1.87545,1.87579,1.00,1.00
2016.03.30 10:45:31.656,1.87546,1.87579,1.00,1.00
2016.03.30 10:45:32.164,1.87546,1.87581,1.00,1.00
2016.03.30 10:45:32.215,1.87548,1.87581,1.50,1.00
2016.03.30 10:45:32.517,1.87567,1.87599,1.00,1.00
2016.03.30 10:45:32.845,1.87573,1.87602,1.00,1.00
2016.03.30 10:45:32.895,1.87573,1.87605,1.00,1.00
2016.03.30 10:45:33.067,1.87573,1.87609,1.00,1.37
2016.03.30 10:45:33.517,1.87575,1.8761,1.00,1.37
2016.03.30 10:45:33.834,1.87573,1.8761,1.00,1.37
2016.03.30 10:45:34.197,1.87575,1.8761,1.00,1.37
2016.03.30 10:45:34.605,1.87573,1.8761,1.00,1.12
2016.03.30 10:45:34.998,1.87575,1.87609,1.00,1.12
2016.03.30 10:45:35.552,1.87574,1.8761,1.00,1.87
2016.03.30 10:45:37.101,1.87576,1.8761,1.00,1.87
2016.03.30 10:45:37.450,1.87583,1.8761,1.00,1.00
2016.03.30 10:45:37.501,1.87583,1.87614,1.00,1.00
2016.03.30 10:45:37.702,1.87585,1.87615,1.00,1.00
2016.03.30 10:45:37.869,1.87585,1.87617,1.00,1.00
2016.03.30 10:45:38.375,1.87584,1.87617,1.00,1.00
2016.03.30 10:45:38.476,1.87579,1.87617,1.00,1.87
2016.03.30 10:45:38.627,1.8758,1.87616,1.00,1.00
2016.03.30 10:45:39.157,1.87581,1.87617,1.00,1.00
2016.03.30 10:45:39.660,1.87581,1.87617,1.00,1.37
2016.03.30 10:45:40.198,1.87582,1.87617,1.00,1.00
2016.03.30 10:45:40.450,1.87584,1.87617,1.00,1.00
2016.03.30 10:45:40.652,1.87577,1.87612,1.00,1.00
2016.03.30 10:45:40.972,1.87584,1.87617,1.00,1.37
2016.03.30 10:45:41.023,1.87587,1.87617,1.00,1.00
2016.03.30 10:45:41.402,1.87587,1.87624,1.00,1.87
2016.03.30 10:45:41.517,1.87589,1.87624,1.00,1.87
2016.03.30 10:45:42.029,1.87588,1.87624,1.00,1.87
2016.03.30 10:45:42.443,1.87591,1.87624,1.00,1.37
2016.03.30 10:45:42.930,1.87588,1.87624,1.00,1.37
2016.03.30 10:45:43.436,1.87587,1.87624,1.00,1.87
2016.03.30 10:45:43.757,1.87587,1.87624,1.00,1.87
2016.03.30 10:45:44.747,1.87583,1.87617,1.00,1.12
2016.03.30 10:45:45.256,1.87583,1.87616,1.00,1.00
2016.03.30 10:45:45.627,1.87583,1.87618,1.00,1.00
2016.03.30 10:45:46.349,1.87583,1.87617,1.00,1.00
2016.03.30 10:45:46.516,1.87583,1.87615,1.00,1.00
2016.03.30 10:45:46.871,1.87581,1.87615,1.00,1.00
2016.03.30 10:45:48.788,1.87581,1.87612,1.00,1.00
2016.03.30 10:45:48.889,1.87577,1.87612,1.00,1.00
2016.03.30 10:45:48.990,1.87575,1.87613,1.00,1.00
2016.03.30 10:45:49.602,1.87576,1.87613,1.00,1.00
2016.03.30 10:45:50.704,1.87583,1.87618,1.00,1.00
2016.03.30 10:45:51.006,1.8758,1.87617,1.00,1.00
2016.03.30 10:45:51.107,1.8758,1.87615,1.00,1.00
2016.03.30 10:45:51.208,1.8758,1.87617,1.50,1.00
2016.03.30 10:45:51.309,1.8758,1.87615,1.00,1.00
2016.03.30 10:45:51.699,1.8758,1.87613,1.00,1.00
2016.03.30 10:45:52.269,1.8758,1.87612,1.00,1.00
2016.03.30 10:45:52.528,1.8758,1.87614,1.00,1.00
2016.03.30 10:45:52.629,1.8758,1.87616,1.00,1.00
2016.03.30 10:45:53.730,1.8758,1.87614,1.00,1.00
2016.03.30 10:45:53.888,1.8758,1.87616,1.50,1.00
2016.03.30 10:45:54.392,1.8758,1.87617,1.50,1.00
2016.03.30 10:45:56.691,1.8758,1.87616,1.00,1.00
2016.03.30 10:45:57.518,1.8758,1.87614,1.00,1.00
2016.03.30 10:45:58.812,1.8758,1.87614,1.00,1.37
2016.03.30 10:45:58.863,1.87577,1.87614,1.00,1.37
2016.03.30 10:45:58.914,1.87573,1.87609,2.25,1.37
2016.03.30 10:45:59.249,1.87584,1.87618,1.00,1.00
2016.03.30 10:45:59.299,1.87584,1.87621,1.00,1.00
2016.03.30 10:45:59.400,1.87586,1.87623,1.00,1.12
2016.03.30 10:45:59.707,1.87592,1.87624,1.00,1.00
2016.03.30 10:46:00.015,1.87587,1.8762,1.00,1.00
2016.03.30 10:46:00.116,1.87587,1.87617,1.00,1.37
2016.03.30 10:46:00.167,1.87583,1.87617,1.00,1.37
2016.03.30 10:46:00.218,1.87583,1.87612,1.00,1.00
2016.03.30 10:46:00.442,1.87576,1.87611,1.00,1.00
2016.03.30 10:46:00.898,1.87576,1.87609,1.00,1.00
2016.03.30 10:46:01.150,1.8757,1.87605,1.00,1.00
2016.03.30 10:46:01.301,1.8757,1.87602,1.00,1.00
2016.03.30 10:46:04.138,1.8757,1.87603,1.00,1.00
2016.03.30 10:46:04.843,1.8757,1.87605,1.00,1.00
2016.03.30 10:46:05.215,1.87572,1.87608,1.00,1.00
2016.03.30 10:46:05.316,1.87574,1.87609,1.50,1.00
2016.03.30 10:46:05.618,1.87574,1.87611,1.00,1.00
2016.03.30 10:46:06.270,1.87573,1.87607,1.00,1.00
2016.03.30 10:46:06.422,1.87568,1.87603,1.00,1.00
2016.03.30 10:46:06.725,1.87566,1.87601,1.00,1.00
2016.03.30 10:46:07.248,1.87566,1.87602,1.00,1.00
2016.03.30 10:46:07.561,1.87568,1.87604,1.00,1.00
2016.03.30 10:46:08.201,1.87569,1.87604,1.00,1.00
2016.03.30 10:46:08.645,1.87568,1.87601,1.00,1.00
2016.03.30 10:46:09.650,1.87568,1.87603,1.00,1.00
2016.03.30 10:46:10.058,1.87571,1.87603,1.00,1.00
2016.03.30 10:46:10.365,1.87578,1.87608,1.00,1.00
2016.03.30 10:46:10.961,1.87578,1.87609,1.00,1.00
2016.03.30 10:46:11.928,1.87578,1.87611,1.00,1.00
2016.03.30 10:46:12.468,1.87578,1.8761,1.00,1.00
2016.03.30 10:46:13.065,1.87578,1.87609,1.00,1.00
2016.03.30 10:46:14.228,1.87578,1.87608,1.00,1.00
2016.03.30 10:46:14.520,1.87578,1.8761,1.00,1.00
2016.03.30 10:46:15.265,1.87578,1.87611,1.00,1.00
2016.03.30 10:46:16.330,1.87578,1.8761,1.00,1.00
2016.03.30 10:46:16.996,1.87578,1.87609,1.00,1.00
2016.03.30 10:46:17.048,1.87569,1.87607,1.00,1.50
2016.03.30 10:46:17.149,1.87571,1.87607,1.00,1.00
2016.03.30 10:46:17.452,1.87573,1.87609,1.00,1.00
2016.03.30 10:46:17.978,1.87573,1.8761,1.00,1.50
2016.03.30 10:46:18.572,1.87573,1.8761,1.00,1.87
2016.03.30 10:46:18.891,1.87576,1.8761,1.00,1.00
2016.03.30 10:46:19.194,1.87579,1.8761,1.00,1.37
2016.03.30 10:46:19.759,1.87578,1.8761,1.00,1.37
2016.03.30 10:46:19.961,1.87579,1.8761,1.00,1.00
2016.03.30 10:46:20.860,1.8758,1.8761,1.00,1.00
2016.03.30 10:46:20.911,1.8758,1.87613,1.00,1.12
2016.03.30 10:46:21.444,1.8758,1.87612,1.00,1.12
2016.03.30 10:46:22.013,1.8758,1.87613,1.00,1.12
2016.03.30 10:46:22.064,1.87583,1.87613,1.00,1.12
2016.03.30 10:46:22.366,1.87596,1.87618,1.00,1.00
2016.03.30 10:46:22.761,1.87606,1.87624,1.00,1.00
2016.03.30 10:46:22.812,1.87606,1.8763,1.00,1.00
2016.03.30 10:46:22.863,1.87609,1.8763,1.00,1.00
2016.03.30 10:46:23.165,1.87606,1.87629,1.00,1.00
2016.03.30 10:46:23.669,1.87607,1.87629,1.00,1.00
2016.03.30 10:46:24.203,1.87606,1.87629,1.00,1.00
2016.03.30 10:46:25.346,1.876,1.87629,1.00,1.00
2016.03.30 10:46:26.140,1.87601,1.87629,1.00,1.00
2016.03.30 10:46:27.697,1.87601,1.8763,1.00,1.00
2016.03.30 10:46:27.849,1.87599,1.87629,1.00,1.00
2016.03.30 10:46:28.225,1.876,1.87634,1.00,1.00
2016.03.30 10:46:28.477,1.87598,1.87635,1.00,1.87
2016.03.30 10:46:28.882,1.87601,1.87634,1.00,1.12
2016.03.30 10:46:28.983,1.87599,1.87635,1.00,1.00
2016.03.30 10:46:29.366,1.87602,1.87635,1.00,1.00
2016.03.30 10:46:29.874,1.87603,1.87635,1.00,1.00
2016.03.30 10:46:30.180,1.876,1.87635,1.00,1.00
2016.03.30 10:46:30.281,1.87604,1.87635,1.00,1.00
2016.03.30 10:46:30.825,1.87603,1.87635,1.00,1.00
2016.03.30 10:46:31.376,1.87604,1.87635,1.00,1.00
2016.03.30 10:46:31.783,1.87602,1.87635,1.00,1.00
2016.03.30 10:46:31.935,1.87602,1.87637,1.00,1.37
2016.03.30 10:46:32.137,1.87598,1.87632,1.00,1.37
2016.03.30 10:46:32.610,1.87596,1.87632,1.00,1.37
2016.03.30 10:46:32.865,1.87594,1.87632,1.00,1.87
2016.03.30 10:46:33.016,1.87594,1.87632,1.00,1.87
2016.03.30 10:46:33.167,1.87597,1.87632,1.00,1.87
2016.03.30 10:46:35.039,1.87597,1.87632,1.00,1.87
2016.03.30 10:46:35.139,1.87597,1.87632,1.00,1.87
2016.03.30 10:46:35.689,1.87597,1.87632,1.00,1.87
2016.03.30 10:46:36.309,1.87597,1.87632,1.00,1.87
2016.03.30 10:46:36.843,1.87598,1.87632,1.00,1.00
2016.03.30 10:46:37.192,1.876,1.87632,1.00,1.00
2016.03.30 10:46:37.501,1.87598,1.87632,1.00,1.00
2016.03.30 10:46:37.602,1.87601,1.87632,1.00,1.00
2016.03.30 10:46:37.703,1.87599,1.87632,1.00,1.00
2016.03.30 10:46:37.970,1.87605,1.87635,1.00,1.00
2016.03.30 10:46:38.172,1.87602,1.87635,1.00,1.00
2016.03.30 10:46:38.273,1.87605,1.87631,1.00,1.00
2016.03.30 10:46:39.004,1.87604,1.87631,1.00,1.00
2016.03.30 10:46:39.105,1.87602,1.87632,1.00,1.00
2016.03.30 10:46:39.341,1.87604,1.87632,1.00,1.00
2016.03.30 10:46:41.864,1.87605,1.87632,1.00,1.00
2016.03.30 10:46:43.271,1.87607,1.87631,1.00,1.00
2016.03.30 10:46:43.473,1.87605,1.87632,1.00,1.00
2016.03.30 10:46:43.580,1.87609,1.87632,1.00,1.00
2016.03.30 10:46:43.782,1.87607,1.87632,1.00,1.00
2016.03.30 10:46:44.624,1.87608,1.87632,1.00,1.00
2016.03.30 10:46:45.378,1.87605,1.87632,1.00,1.00
2016.03.30 10:46:46.638,1.87606,1.87638,1.00,1.00
2016.03.30 10:46:48.188,1.87608,1.87638,1.00,1.00
2016.03.30 10:46:48.460,1.876,1.87631,1.00,1.00
2016.03.30 10:46:48.560,1.876,1.87634,1.00,1.50
2016.03.30 10:46:49.661,1.876,1.87635,1.50,1.00
2016.03.30 10:46:50.020,1.876,1.87638,1.50,1.00
2016.03.30 10:46:50.597,1.876,1.87636,1.00,1.00
2016.03.30 10:46:51.098,1.87601,1.87637,1.00,1.00
2016.03.30 10:46:51.840,1.876,1.87635,1.00,1.00
2016.03.30 10:46:52.303,1.876,1.87635,1.00,1.37
2016.03.30 10:46:52.605,1.876,1.87628,1.00,1.00
2016.03.30 10:46:52.706,1.8759,1.87627,1.50,1.00
2016.03.30 10:46:52.757,1.87593,1.8763,1.00,1.37
2016.03.30 10:46:52.858,1.8759,1.87627,1.50,1.00
2016.03.30 10:46:53.853,1.8759,1.87628,1.50,1.00
2016.03.30 10:46:54.362,1.87591,1.87627,1.00,1.00
2016.03.30 10:46:54.872,1.87591,1.87626,1.00,1.00
2016.03.30 10:46:54.923,1.87588,1.87624,1.00,1.12
2016.03.30 10:46:55.024,1.87586,1.87624,1.00,1.37
2016.03.30 10:46:55.074,1.87589,1.87625,1.00,1.37
2016.03.30 10:46:55.176,1.87587,1.87623,1.00,1.37
2016.03.30 10:46:55.276,1.87585,1.87622,1.00,1.00
2016.03.30 10:46:55.377,1.87588,1.87625,1.00,1.87
2016.03.30 10:46:55.478,1.87585,1.87622,1.00,1.00
2016.03.30 10:46:55.757,1.87588,1.87625,1.00,1.37
2016.03.30 10:46:55.858,1.87585,1.87624,1.00,1.37
2016.03.30 10:46:56.243,1.87588,1.87623,1.00,1.37
2016.03.30 10:46:56.872,1.8759,1.87625,1.00,1.37
2016.03.30 10:46:56.922,1.8759,1.87625,1.00,1.00
2016.03.30 10:46:56.973,1.87592,1.87625,1.00,1.00
2016.03.30 10:46:57.023,1.87592,1.87627,1.00,1.00
2016.03.30 10:46:57.074,1.87592,1.87629,1.00,1.00
2016.03.30 10:46:57.175,1.87592,1.87627,1.00,1.00
2016.03.30 10:46:57.902,1.87594,1.87629,1.00,1.12
2016.03.30 10:46:58.211,1.87597,1.87629,1.00,1.00
2016.03.30 10:46:58.262,1.87595,1.87629,1.00,1.00
2016.03.30 10:46:58.363,1.87591,1.87628,1.00,1.00
2016.03.30 10:46:58.804,1.87591,1.87628,1.00,1.37
2016.03.30 10:46:58.906,1.87594,1.87631,1.00,1.12
2016.03.30 10:46:59.194,1.87592,1.87627,1.50,1.00
2016.03.30 10:46:59.763,1.87594,1.87631,1.00,1.12
2016.03.30 10:47:00.585,1.87593,1.87631,1.00,1.12
2016.03.30 10:47:00.686,1.87592,1.87629,1.00,1.00
2016.03.30 10:47:00.987,1.87594,1.87631,1.00,1.00
2016.03.30 10:47:01.289,1.87599,1.87632,1.50,1.00
2016.03.30 10:47:02.743,1.87599,1.87635,1.00,1.37
2016.03.30 10:47:03.243,1.87599,1.87635,1.00,1.37
2016.03.30 10:47:04.874,1.87599,1.87629,1.00,1.00
2016.03.30 10:47:05.453,1.87599,1.87634,1.00,1.37
2016.03.30 10:47:05.504,1.8759,1.87625,1.50,1.00
2016.03.30 10:47:05.571,1.8759,1.8762,1.00,1.00
2016.03.30 10:47:05.622,1.87585,1.8762,1.00,1.00
2016.03.30 10:47:05.673,1.87585,1.87618,1.00,1.00
2016.03.30 10:47:06.104,1.87585,1.8762,1.00,1.12
2016.03.30 10:47:06.364,1.87585,1.87616,1.00,1.00
2016.03.30 10:47:06.465,1.87585,1.87618,1.00,1.12
2016.03.30 10:47:06.616,1.87588,1.87626,1.00,1.87
2016.03.30 10:47:06.717,1.87591,1.87626,1.00,1.00
2016.03.30 10:47:06.818,1.87588,1.87625,1.00,1.00
2016.03.30 10:47:07.120,1.8759,1.87626,1.00,1.12
2016.03.30 10:47:07.221,1.87586,1.87624,1.00,1.00
2016.03.30 10:47:07.410,1.87589,1.87626,1.00,1.12
2016.03.30 10:47:07.817,1.87586,1.87622,1.00,1.00
2016.03.30 10:47:07.868,1.87586,1.87624,1.00,1.00
2016.03.30 10:47:07.919,1.8759,1.87626,1.00,1.00
2016.03.30 10:47:08.904,1.87589,1.87626,1.00,1.00
2016.03.30 10:47:09.470,1.8759,1.87626,1.00,1.00
2016.03.30 10:47:09.980,1.87589,1.87626,1.00,1.00
2016.03.30 10:47:10.506,1.8759,1.87626,1.00,1.00
2016.03.30 10:47:10.798,1.87588,1.87626,1.00,1.50
2016.03.30 10:47:11.000,1.8759,1.87626,1.00,1.00
2016.03.30 10:47:11.332,1.87588,1.87623,1.00,1.00
2016.03.30 10:47:11.633,1.87591,1.87626,1.00,1.50
2016.03.30 10:47:11.684,1.87589,1.87626,1.00,1.00
2016.03.30 10:47:11.885,1.87586,1.87624,1.00,1.00
2016.03.30 10:47:12.295,1.87589,1.87626,1.00,1.00
2016.03.30 10:47:12.719,1.87588,1.87623,1.00,1.00
2016.03.30 10:47:13.213,1.87585,1.8762,1.50,1.00
2016.03.30 10:47:13.735,1.87585,1.87621,1.00,1.00
2016.03.30 10:47:13.987,1.87587,1.87624,1.00,1.00
2016.03.30 10:47:14.093,1.87585,1.8762,1.50,1.00
2016.03.30 10:47:14.294,1.87586,1.87622,1.00,1.00
2016.03.30 10:47:14.396,1.87585,1.87621,1.00,1.37
2016.03.30 10:47:14.671,1.87585,1.87623,1.50,1.12
2016.03.30 10:47:14.721,1.87585,1.87621,1.00,1.00
2016.03.30 10:47:15.288,1.87586,1.87622,1.00,1.00
2016.03.30 10:47:15.499,1.87587,1.87624,1.00,1.12
2016.03.30 10:47:15.704,1.87585,1.8762,1.50,1.00
2016.03.30 10:47:16.410,1.87587,1.87624,1.00,1.50
2016.03.30 10:47:17.238,1.87588,1.87624,1.00,1.50
2016.03.30 10:47:17.490,1.8759,1.87624,1.00,1.00
2016.03.30 10:47:18.021,1.87588,1.87624,1.00,1.00
2016.03.30 10:47:18.522,1.87588,1.87623,1.00,1.00
2016.03.30 10:47:18.724,1.87586,1.87624,1.00,1.87
2016.03.30 10:47:18.926,1.87588,1.87623,1.00,1.00
2016.03.30 10:47:19.228,1.8759,1.87624,1.00,1.00
2016.03.30 10:47:19.735,1.8759,1.87623,1.00,1.00
2016.03.30 10:47:19.921,1.87588,1.87624,1.00,1.50
2016.03.30 10:47:20.446,1.87589,1.87624,1.00,1.00
2016.03.30 10:47:20.977,1.8759,1.87623,1.00,1.00
2016.03.30 10:47:21.517,1.87591,1.87624,1.00,1.00
2016.03.30 10:47:21.618,1.87588,1.87623,1.00,1.00
2016.03.30 10:47:22.176,1.87588,1.87622,1.00,1.00
2016.03.30 10:47:22.695,1.87588,1.87623,1.00,1.00
2016.03.30 10:47:23.229,1.87588,1.87622,1.00,1.00
2016.03.30 10:47:23.645,1.87588,1.87624,1.00,1.87
2016.03.30 10:47:24.333,1.87588,1.87623,1.00,1.00
2016.03.30 10:47:24.434,1.87588,1.87623,1.00,1.37
2016.03.30 10:47:25.337,1.87588,1.87624,1.00,1.37
2016.03.30 10:47:25.902,1.87588,1.87622,1.00,1.00
2016.03.30 10:47:26.436,1.87588,1.87623,1.00,1.00
2016.03.30 10:47:27.239,1.87589,1.87623,1.00,1.00
2016.03.30 10:47:27.744,1.87588,1.87623,1.00,1.00
2016.03.30 10:47:31.507,1.87588,1.87622,1.00,1.00
2016.03.30 10:47:33.220,1.87584,1.87622,1.00,1.00
2016.03.30 10:47:33.828,1.87584,1.87618,1.00,1.00
2016.03.30 10:47:33.878,1.87576,1.87617,1.00,1.00
2016.03.30 10:47:34.420,1.87576,1.87616,1.00,1.00
2016.03.30 10:47:36.430,1.87576,1.87617,1.00,1.00
2016.03.30 10:47:36.582,1.87579,1.87617,1.00,1.00
2016.03.30 10:47:36.884,1.87584,1.8762,1.00,1.00
2016.03.30 10:47:37.420,1.87584,1.87621,1.00,1.00
2016.03.30 10:47:38.588,1.87586,1.87621,1.00,1.00
2016.03.30 10:47:40.142,1.87585,1.87621,1.00,1.00
2016.03.30 10:47:40.659,1.87586,1.87621,1.00,1.00
2016.03.30 10:47:41.191,1.87587,1.87621,1.00,1.00
2016.03.30 10:47:41.569,1.8759,1.8762,1.00,1.00
2016.03.30 10:47:41.770,1.87587,1.87621,1.50,1.00
2016.03.30 10:47:41.871,1.87591,1.87621,1.00,1.00
2016.03.30 10:47:42.073,1.87591,1.87626,1.00,1.00
2016.03.30 10:47:42.826,1.87591,1.87627,1.00,1.00
2016.03.30 10:47:43.576,1.87592,1.87627,1.00,1.00
2016.03.30 10:47:45.083,1.87593,1.87627,1.00,1.00
2016.03.30 10:47:45.584,1.87593,1.87626,1.00,1.00
2016.03.30 10:47:48.292,1.87592,1.87626,1.00,1.00
2016.03.30 10:47:50.883,1.87591,1.87627,1.00,1.50
2016.03.30 10:47:51.185,1.87589,1.87626,1.00,1.00
2016.03.30 10:47:51.637,1.87587,1.87623,1.00,1.00
2016.03.30 10:47:51.954,1.87587,1.87621,1.00,1.00
2016.03.30 10:47:54.458,1.87587,1.87622,1.00,1.00
2016.03.30 10:47:58.008,1.87587,1.87623,1.00,1.12
2016.03.30 10:47:58.365,1.87585,1.87622,1.00,1.00
2016.03.30 10:47:59.161,1.87585,1.8762,1.00,1.00
2016.03.30 10:47:59.741,1.87585,1.87621,1.00,1.00
2016.03.30 10:48:00.111,1.87585,1.87621,1.00,1.37
2016.03.30 10:48:01.376,1.87585,1.87621,1.00,1.00
2016.03.30 10:48:01.936,1.87585,1.87624,1.00,1.37
2016.03.30 10:48:02.482,1.87585,1.87621,1.00,1.50
2016.03.30 10:48:07.974,1.87585,1.87611,1.00,1.00
2016.03.30 10:48:08.025,1.8758,1.87611,1.00,1.00
2016.03.30 10:48:08.076,1.87573,1.87608,1.00,1.00
2016.03.30 10:48:08.177,1.87568,1.87607,1.50,1.00
2016.03.30 10:48:08.227,1.87572,1.87608,1.00,1.00
2016.03.30 10:48:08.993,1.87569,1.87608,1.00,1.00
2016.03.30 10:48:09.376,1.8757,1.87611,1.00,1.00
2016.03.30 10:48:09.477,1.87572,1.87611,1.00,1.00
2016.03.30 10:48:10.477,1.87573,1.87611,1.00,1.00
2016.03.30 10:48:10.979,1.87574,1.87611,1.00,1.00
2016.03.30 10:48:11.030,1.87574,1.87613,1.00,1.00
2016.03.30 10:48:11.080,1.87578,1.87615,1.00,1.00
2016.03.30 10:48:11.384,1.8758,1.87615,1.00,1.00
2016.03.30 10:48:13.826,1.8758,1.87614,1.00,1.00
2016.03.30 10:48:15.283,1.87581,1.87614,1.00,1.00
2016.03.30 10:48:15.786,1.8758,1.87614,1.00,1.00
2016.03.30 10:48:17.001,1.8758,1.87618,1.00,1.00
2016.03.30 10:48:20.127,1.8758,1.87619,1.00,1.37
2016.03.30 10:48:20.664,1.8758,1.87618,1.00,1.50
2016.03.30 10:48:25.399,1.8758,1.87618,1.00,1.37
2016.03.30 10:48:26.815,1.8758,1.87618,1.00,1.87
2016.03.30 10:48:29.500,1.8758,1.87616,1.00,1.00
2016.03.30 10:48:29.550,1.87577,1.87616,1.00,1.00
2016.03.30 10:48:30.051,1.87577,1.87615,1.00,1.50
2016.03.30 10:48:30.843,1.87576,1.87613,1.00,1.00
2016.03.30 10:48:31.551,1.87577,1.87615,1.00,1.00
2016.03.30 10:48:32.152,1.87577,1.87614,1.00,1.00
2016.03.30 10:48:33.067,1.87577,1.87613,1.50,1.00
2016.03.30 10:48:33.168,1.87577,1.87615,1.00,1.87
2016.03.30 10:48:33.905,1.87577,1.87614,1.50,1.00
2016.03.30 10:48:35.424,1.87579,1.87613,1.00,1.00
2016.03.30 10:48:43.140,1.8758,1.87614,1.00,1.00
2016.03.30 10:48:46.053,1.87581,1.87614,1.00,1.00
2016.03.30 10:48:46.556,1.87582,1.87614,1.00,1.00
2016.03.30 10:48:47.622,1.87579,1.87614,1.00,1.00
2016.03.30 10:48:48.110,1.8758,1.87617,1.00,1.00
2016.03.30 10:48:48.424,1.87583,1.87617,1.00,1.00
2016.03.30 10:48:49.635,1.87581,1.87616,1.00,1.00
2016.03.30 10:48:50.231,1.87582,1.87618,1.00,1.50
2016.03.30 10:48:50.827,1.87583,1.87618,1.00,1.50
2016.03.30 10:48:56.645,1.87583,1.87617,1.00,1.00
2016.03.30 10:48:57.347,1.87585,1.87621,1.00,1.50
2016.03.30 10:48:57.398,1.87585,1.87616,1.00,1.00
2016.03.30 10:48:57.534,1.87587,1.87621,1.00,1.50
2016.03.30 10:48:57.698,1.87589,1.87624,1.00,1.00
2016.03.30 10:48:57.748,1.87594,1.87627,1.00,1.00
2016.03.30 10:48:57.900,1.876,1.87635,1.00,1.00
2016.03.30 10:48:57.950,1.87602,1.87638,1.00,2.62
2016.03.30 10:48:58.796,1.87602,1.87638,1.00,1.50
2016.03.30 10:48:59.124,1.876,1.87637,1.00,1.00
2016.03.30 10:48:59.224,1.87597,1.87634,1.50,1.00
2016.03.30 10:48:59.713,1.87599,1.87634,1.00,1.00
2016.03.30 10:49:00.045,1.87597,1.87627,1.00,1.00
2016.03.30 10:49:00.096,1.87594,1.87627,1.00,1.00
2016.03.30 10:49:00.348,1.87602,1.8763,1.00,1.00
2016.03.30 10:49:00.398,1.87602,1.87636,1.50,1.00
2016.03.30 10:49:00.449,1.8761,1.87645,1.00,1.00
2016.03.30 10:49:00.706,1.87615,1.87645,1.00,1.00
2016.03.30 10:49:00.756,1.87607,1.87643,1.00,1.37
2016.03.30 10:49:00.908,1.87607,1.8764,1.00,1.37
2016.03.30 10:49:01.009,1.87601,1.87638,1.50,1.37
2016.03.30 10:49:01.110,1.87597,1.87634,1.00,1.37
2016.03.30 10:49:01.416,1.87597,1.87629,1.00,1.37
2016.03.30 10:49:01.517,1.87597,1.87628,1.00,1.00
2016.03.30 10:49:03.259,1.87597,1.87629,1.00,1.00
2016.03.30 10:49:03.948,1.87597,1.87628,1.00,1.00
2016.03.30 10:49:05.235,1.87597,1.87626,1.00,1.00
2016.03.30 10:49:05.864,1.87597,1.87627,1.00,1.00
2016.03.30 10:49:05.914,1.87589,1.87627,1.00,1.50
2016.03.30 10:49:06.015,1.87589,1.87627,1.00,1.37
2016.03.30 10:49:06.167,1.87583,1.87618,1.50,1.37
2016.03.30 10:49:07.766,1.87583,1.87619,1.00,1.37
2016.03.30 10:49:08.539,1.87583,1.87619,1.00,1.37
2016.03.30 10:49:09.329,1.87583,1.87616,1.00,1.37
2016.03.30 10:49:12.159,1.87583,1.8762,1.00,1.37
2016.03.30 10:49:12.578,1.87586,1.87623,1.00,1.37
2016.03.30 10:49:12.679,1.87593,1.87629,1.00,1.00
2016.03.30 10:49:12.984,1.87595,1.8763,1.00,1.37
2016.03.30 10:49:13.135,1.87597,1.87632,1.00,1.00
2016.03.30 10:49:13.186,1.87599,1.87632,1.00,1.00
2016.03.30 10:49:13.237,1.87602,1.87638,1.00,1.00
2016.03.30 10:49:13.493,1.87604,1.87638,1.00,1.00
2016.03.30 10:49:13.594,1.87617,1.87652,1.00,1.00
2016.03.30 10:49:13.947,1.8762,1.87652,1.00,1.00
2016.03.30 10:49:14.149,1.87617,1.87652,1.00,1.00
2016.03.30 10:49:14.819,1.87615,1.8765,1.00,1.00
2016.03.30 10:49:14.870,1.87618,1.87655,1.00,1.00
2016.03.30 10:49:15.021,1.87621,1.87656,1.00,1.12
2016.03.30 10:49:15.323,1.87618,1.87652,1.00,1.00
2016.03.30 10:49:15.676,1.87618,1.87655,1.00,1.00
2016.03.30 10:49:16.249,1.87618,1.87657,1.50,1.37
2016.03.30 10:49:16.501,1.87622,1.87659,1.00,1.37
2016.03.30 10:49:16.753,1.87622,1.87659,1.00,1.12
2016.03.30 10:49:17.940,1.87618,1.87653,1.00,1.00
2016.03.30 10:49:18.260,1.87613,1.87648,1.00,1.12
2016.03.30 10:49:18.812,1.87613,1.87647,1.00,1.00
2016.03.30 10:49:19.670,1.87613,1.87648,1.00,1.12
2016.03.30 10:49:21.151,1.87613,1.8765,1.00,1.12
2016.03.30 10:49:21.976,1.87613,1.87649,1.00,1.00
2016.03.30 10:49:22.077,1.87607,1.87639,1.00,1.12
2016.03.30 10:49:22.128,1.87604,1.87639,1.00,1.12
2016.03.30 10:49:22.179,1.87604,1.87635,1.00,1.37
2016.03.30 10:49:22.230,1.87599,1.87635,1.00,1.37
2016.03.30 10:49:22.441,1.8759,1.87625,1.00,1.37
2016.03.30 10:49:22.492,1.8759,1.87628,1.50,1.00
2016.03.30 10:49:22.593,1.87596,1.87631,1.00,1.37
2016.03.30 10:49:22.996,1.87599,1.87634,1.00,1.37
2016.03.30 10:49:24.585,1.87599,1.87635,1.00,1.37
2016.03.30 10:49:25.323,1.87598,1.87637,1.00,1.37
2016.03.30 10:49:26.471,1.87597,1.87637,1.00,1.37
2016.03.30 10:49:26.604,1.876,1.87638,1.00,1.37
2016.03.30 10:49:26.930,1.87606,1.8764,1.00,1.37
2016.03.30 10:49:26.981,1.87606,1.87644,1.00,1.00
2016.03.30 10:49:27.194,1.87607,1.87647,1.50,1.37
2016.03.30 10:49:27.506,1.87611,1.87648,1.00,1.37
2016.03.30 10:49:28.007,1.87611,1.87648,1.00,1.37
2016.03.30 10:49:28.650,1.8761,1.87648,1.00,1.37
2016.03.30 10:49:29.102,1.8761,1.87648,1.00,1.12
2016.03.30 10:49:29.304,1.87608,1.87648,1.00,1.37
2016.03.30 10:49:30.206,1.87609,1.87648,1.00,1.37
2016.03.30 10:49:30.790,1.87608,1.87648,1.00,1.00
2016.03.30 10:49:30.891,1.87613,1.87651,1.00,1.00
2016.03.30 10:49:31.210,1.87616,1.87651,1.00,1.00
2016.03.30 10:49:32.048,1.87616,1.87656,1.00,1.00
2016.03.30 10:49:32.200,1.87618,1.87659,1.00,1.12
2016.03.30 10:49:33.667,1.87619,1.87659,1.00,1.00
2016.03.30 10:49:33.969,1.87617,1.87658,1.00,1.50
2016.03.30 10:49:34.272,1.87617,1.87656,1.00,1.00
2016.03.30 10:49:34.783,1.87617,1.87656,1.00,1.37
2016.03.30 10:49:35.120,1.87617,1.87658,1.00,1.87
2016.03.30 10:49:35.171,1.87619,1.87658,1.00,1.37
2016.03.30 10:49:35.423,1.87617,1.87658,1.00,1.50
2016.03.30 10:49:35.574,1.8762,1.87658,1.00,1.00
2016.03.30 10:49:36.035,1.87618,1.87658,1.00,1.00
2016.03.30 10:49:36.136,1.87618,1.87658,1.00,1.37
2016.03.30 10:49:36.694,1.87617,1.87657,1.00,1.37
2016.03.30 10:49:37.133,1.87617,1.87658,1.50,1.37
2016.03.30 10:49:37.854,1.87617,1.87657,1.50,1.00
2016.03.30 10:49:38.127,1.87621,1.87658,1.00,1.00
2016.03.30 10:49:38.228,1.87618,1.87658,1.00,1.00
2016.03.30 10:49:38.328,1.87621,1.87658,1.00,1.00
2016.03.30 10:49:39.003,1.87619,1.87658,1.00,1.00
2016.03.30 10:49:39.551,1.87619,1.87658,1.00,1.37
2016.03.30 10:49:39.782,1.87617,1.87658,1.50,1.37
2016.03.30 10:49:41.022,1.87617,1.87658,1.50,1.37
2016.03.30 10:49:41.645,1.87617,1.87658,1.00,1.87
2016.03.30 10:49:41.746,1.87619,1.87658,1.00,1.00
2016.03.30 10:49:41.796,1.87624,1.87658,1.00,1.00
2016.03.30 10:49:41.847,1.87624,1.87663,1.00,1.37
2016.03.30 10:49:41.948,1.87623,1.87663,1.00,1.37
2016.03.30 10:49:42.637,1.87623,1.87663,1.00,1.37
2016.03.30 10:49:43.339,1.87623,1.87662,1.00,1.37
2016.03.30 10:49:43.913,1.87623,1.87663,1.00,1.37
2016.03.30 10:49:44.128,1.87623,1.87663,1.00,1.37
2016.03.30 10:49:45.130,1.87623,1.87663,1.00,1.37
2016.03.30 10:49:45.656,1.87623,1.87663,1.00,1.37
2016.03.30 10:49:45.707,1.87626,1.87663,1.00,1.37
2016.03.30 10:49:46.009,1.87629,1.87655,1.00,1.00
2016.03.30 10:49:46.328,1.87638,1.87658,1.00,1.00
2016.03.30 10:49:46.379,1.87638,1.87673,1.00,1.00
2016.03.30 10:49:47.712,1.87642,1.87673,1.00,1.00
2016.03.30 10:49:47.863,1.87648,1.87688,1.00,1.37
2016.03.30 10:49:47.914,1.87652,1.87685,1.00,1.00
2016.03.30 10:49:48.015,1.87649,1.8769,1.00,1.37
2016.03.30 10:49:48.529,1.87648,1.87689,1.00,1.37
2016.03.30 10:49:48.871,1.87648,1.87686,1.00,1.48
2016.03.30 10:49:48.922,1.87641,1.87679,1.00,1.37
2016.03.30 10:49:48.973,1.87641,1.87679,1.00,1.37
2016.03.30 10:49:49.075,1.87639,1.87678,1.00,1.87
2016.03.30 10:49:49.126,1.87633,1.87674,1.00,1.37
2016.03.30 10:49:55.158,1.87633,1.87674,1.00,1.87
2016.03.30 10:49:55.259,1.87626,1.87666,1.00,1.37
2016.03.30 10:49:55.360,1.87625,1.87666,1.00,1.37
2016.03.30 10:49:56.366,1.8762,1.8766,1.00,1.37
2016.03.30 10:49:56.467,1.87628,1.87663,1.00,1.00
2016.03.30 10:49:56.858,1.87638,1.87675,1.00,1.00
2016.03.30 10:49:56.909,1.87647,1.87675,1.00,1.00
2016.03.30 10:49:56.960,1.87642,1.87675,1.00,1.00
2016.03.30 10:49:57.061,1.87632,1.87671,1.00,1.00
2016.03.30 10:49:57.112,1.87632,1.87671,1.00,1.87
2016.03.30 10:49:57.414,1.87632,1.87657,1.00,1.37
2016.03.30 10:49:57.515,1.87623,1.87657,1.00,1.37
2016.03.30 10:49:57.570,1.87616,1.87655,1.00,1.37
2016.03.30 10:49:58.071,1.87616,1.87651,1.00,1.00
2016.03.30 10:49:58.581,1.87616,1.87652,1.00,1.12
2016.03.30 10:49:59.105,1.87616,1.87652,1.00,1.37
2016.03.30 10:49:59.155,1.87613,1.87652,1.00,1.37
2016.03.30 10:49:59.485,1.87613,1.87652,1.00,1.37
2016.03.30 10:49:59.535,1.87609,1.87649,1.00,1.37
2016.03.30 10:49:59.586,1.87607,1.87648,1.00,1.37
2016.03.30 10:49:59.787,1.87608,1.87647,1.00,1.37
2016.03.30 10:50:00.777,1.87608,1.87641,1.00,1.00
2016.03.30 10:50:00.936,1.87604,1.87641,1.00,1.00
2016.03.30 10:50:01.455,1.87605,1.87641,1.00,1.00
2016.03.30 10:50:01.989,1.87606,1.87641,1.00,1.00
2016.03.30 10:50:03.004,1.87606,1.87643,1.00,1.37
2016.03.30 10:50:03.505,1.87608,1.87646,1.00,1.37
2016.03.30 10:50:04.036,1.87607,1.87643,1.00,1.37
2016.03.30 10:50:04.409,1.87611,1.87643,1.00,1.37
2016.03.30 10:50:04.611,1.87608,1.87643,1.00,1.37
2016.03.30 10:50:05.112,1.87608,1.87641,1.00,1.00
2016.03.30 10:50:05.317,1.87607,1.87643,1.00,1.37
2016.03.30 10:50:05.418,1.87604,1.87638,1.50,1.00
2016.03.30 10:50:05.720,1.87607,1.87637,1.00,1.00
2016.03.30 10:50:06.251,1.87606,1.87638,1.00,1.00
2016.03.30 10:50:06.844,1.87605,1.87638,1.00,1.00
2016.03.30 10:50:07.411,1.87612,1.87638,1.00,1.00
2016.03.30 10:50:07.512,1.8761,1.87638,1.00,1.00
2016.03.30 10:50:08.036,1.8761,1.8764,1.00,1.37
2016.03.30 10:50:08.561,1.87609,1.87639,1.00,1.37
2016.03.30 10:50:08.712,1.87609,1.87639,1.00,1.37
2016.03.30 10:50:09.496,1.8761,1.87639,1.00,1.37
2016.03.30 10:50:09.716,1.87608,1.87639,1.00,1.37
2016.03.30 10:50:10.255,1.87608,1.87639,1.00,1.37
2016.03.30 10:50:10.430,1.87608,1.87636,1.00,1.37
2016.03.30 10:50:10.633,1.87608,1.87636,1.00,1.37
2016.03.30 10:50:11.048,1.87607,1.8764,1.00,1.37
2016.03.30 10:50:11.150,1.87608,1.8764,1.00,1.37
2016.03.30 10:50:11.301,1.87615,1.87644,1.00,1.37
2016.03.30 10:50:11.352,1.87615,1.87648,1.00,1.12
2016.03.30 10:50:11.402,1.87618,1.87648,1.00,1.12
2016.03.30 10:50:11.661,1.87619,1.87654,1.00,1.37
2016.03.30 10:50:11.712,1.87621,1.87654,1.00,1.37
2016.03.30 10:50:11.913,1.87619,1.87654,1.00,1.37
2016.03.30 10:50:12.065,1.87619,1.87654,1.00,1.37
2016.03.30 10:50:12.115,1.87621,1.87654,1.00,1.37
2016.03.30 10:50:12.217,1.87623,1.87659,1.00,1.37
2016.03.30 10:50:12.418,1.87625,1.87654,1.00,1.00
2016.03.30 10:50:12.754,1.87627,1.87662,1.00,1.87
2016.03.30 10:50:13.158,1.87628,1.87664,1.00,1.12
2016.03.30 10:50:13.208,1.87631,1.87665,1.00,1.37
2016.03.30 10:50:13.460,1.87632,1.87669,1.00,1.00
2016.03.30 10:50:13.511,1.87635,1.87671,1.00,1.12
2016.03.30 10:50:13.833,1.87641,1.87675,1.00,1.37
2016.03.30 10:50:14.036,1.87643,1.87678,1.00,1.12
2016.03.30 10:50:14.137,1.87645,1.87683,1.00,1.37
2016.03.30 10:50:14.456,1.87647,1.87683,1.00,1.37
2016.03.30 10:50:15.425,1.87648,1.87685,1.00,1.00
2016.03.30 10:50:15.576,1.87651,1.87687,1.00,1.37
2016.03.30 10:50:16.061,1.87652,1.87683,1.00,1.00
2016.03.30 10:50:16.363,1.87654,1.87687,1.00,1.37
2016.03.30 10:50:16.927,1.87653,1.87687,1.00,1.37
2016.03.30 10:50:17.281,1.87653,1.87687,1.00,1.37
2016.03.30 10:50:17.583,1.87651,1.87682,1.00,1.37
2016.03.30 10:50:18.065,1.87653,1.87682,1.00,1.00
2016.03.30 10:50:18.338,1.87651,1.87682,1.00,1.00
2016.03.30 10:50:18.692,1.87651,1.87688,1.00,1.37
2016.03.30 10:50:18.994,1.87655,1.8769,1.00,1.00
2016.03.30 10:50:19.045,1.87665,1.8769,1.00,1.00
2016.03.30 10:50:19.095,1.87665,1.87696,1.00,1.37
2016.03.30 10:50:19.146,1.87661,1.87696,1.00,1.37
2016.03.30 10:50:19.247,1.87658,1.87696,1.00,1.12
2016.03.30 10:50:19.571,1.87661,1.87696,1.00,1.37
2016.03.30 10:50:19.621,1.87658,1.87696,1.00,1.37
2016.03.30 10:50:19.672,1.87658,1.87696,1.00,1.37
2016.03.30 10:50:19.974,1.87655,1.87689,1.00,1.00
2016.03.30 10:50:20.276,1.87664,1.87692,1.00,1.00
2016.03.30 10:50:20.995,1.87663,1.87692,1.00,1.00
2016.03.30 10:50:21.524,1.87662,1.87692,1.00,1.00
2016.03.30 10:50:21.827,1.87661,1.87692,1.00,1.37
2016.03.30 10:50:21.979,1.87661,1.87692,1.00,1.00
2016.03.30 10:50:22.131,1.87664,1.87692,1.00,1.00
2016.03.30 10:50:22.600,1.87663,1.87694,1.00,1.12
2016.03.30 10:50:23.066,1.87662,1.87689,1.00,1.00
2016.03.30 10:50:23.310,1.87656,1.87691,1.00,1.37
2016.03.30 10:50:23.411,1.87655,1.87691,1.00,1.37
2016.03.30 10:50:23.512,1.87655,1.87691,1.00,1.37
2016.03.30 10:50:23.714,1.87653,1.87691,1.00,1.37
2016.03.30 10:50:24.026,1.87656,1.87691,1.00,1.37
2016.03.30 10:50:24.076,1.87656,1.87691,1.00,1.37
2016.03.30 10:50:24.624,1.87654,1.87691,1.00,1.37
2016.03.30 10:50:24.674,1.87654,1.87691,1.00,1.37
2016.03.30 10:50:24.775,1.87654,1.87691,1.00,1.37
2016.03.30 10:50:24.926,1.87656,1.87691,1.00,1.37
2016.03.30 10:50:25.249,1.87655,1.87691,1.00,1.37
2016.03.30 10:50:25.299,1.87655,1.87691,1.00,1.12
2016.03.30 10:50:25.400,1.87655,1.87691,1.00,1.37
2016.03.30 10:50:25.602,1.87655,1.87691,1.00,1.37
2016.03.30 10:50:25.803,1.87655,1.87691,1.00,1.37
2016.03.30 10:50:26.307,1.87654,1.87691,1.00,1.37
2016.03.30 10:50:26.907,1.87654,1.87691,1.00,1.37
2016.03.30 10:50:27.457,1.87654,1.87691,1.00,1.37
2016.03.30 10:50:28.009,1.87654,1.87691,1.00,1.37
2016.03.30 10:50:28.110,1.87654,1.87691,1.00,1.37
2016.03.30 10:50:28.827,1.87652,1.87691,1.00,1.37
2016.03.30 10:50:29.340,1.87653,1.87691,1.00,1.37
2016.03.30 10:50:29.843,1.87652,1.87691,1.00,1.37
2016.03.30 10:50:30.260,1.87654,1.87691,1.00,1.37
2016.03.30 10:50:30.790,1.87653,1.87691,1.00,1.37
2016.03.30 10:50:31.243,1.87656,1.87691,1.00,1.37
2016.03.30 10:50:31.344,1.87652,1.87691,1.00,1.37
2016.03.30 10:50:31.545,1.87655,1.87691,1.00,1.37
2016.03.30 10:50:31.646,1.87653,1.87691,1.00,1.37
2016.03.30 10:50:31.994,1.87655,1.87691,1.00,1.37
2016.03.30 10:50:32.299,1.87648,1.87684,1.00,1.37
2016.03.30 10:50:32.350,1.87645,1.87682,1.00,1.37
2016.03.30 10:50:32.551,1.87647,1.87682,1.00,1.37
2016.03.30 10:50:32.954,1.87645,1.87682,1.00,1.37
2016.03.30 10:50:33.118,1.87647,1.87682,1.00,1.37
2016.03.30 10:50:33.219,1.87647,1.87682,1.00,1.00
2016.03.30 10:50:33.499,1.87645,1.87682,1.00,1.00
2016.03.30 10:50:34.120,1.87646,1.87682,1.00,1.00
2016.03.30 10:50:34.321,1.87646,1.87682,1.00,1.37
2016.03.30 10:50:35.154,1.87645,1.87682,1.00,1.37
2016.03.30 10:50:35.657,1.87646,1.87682,1.00,1.37
2016.03.30 10:50:36.051,1.87644,1.87682,1.00,1.37
2016.03.30 10:50:36.685,1.87645,1.87682,1.00,1.37
2016.03.30 10:50:37.038,1.87649,1.87682,1.00,1.00
2016.03.30 10:50:37.340,1.87648,1.87682,1.00,1.37
2016.03.30 10:50:37.844,1.87647,1.87682,1.00,1.37
2016.03.30 10:50:38.378,1.87648,1.87682,1.00,1.00
2016.03.30 10:50:38.429,1.87654,1.87682,1.00,1.00
2016.03.30 10:50:38.934,1.87656,1.87682,1.00,1.00
2016.03.30 10:50:39.237,1.87658,1.87682,1.00,1.00
2016.03.30 10:50:39.610,1.87656,1.87682,1.00,1.00
2016.03.30 10:50:40.042,1.87658,1.87682,1.00,1.00
2016.03.30 10:50:40.281,1.87657,1.87684,1.00,1.00
2016.03.30 10:50:40.332,1.8766,1.87688,1.00,1.00
2016.03.30 10:50:40.643,1.87663,1.87688,1.00,1.00
2016.03.30 10:50:40.845,1.87661,1.87688,1.00,1.00
2016.03.30 10:50:40.946,1.87665,1.87692,1.00,1.00
2016.03.30 10:50:41.339,1.87661,1.87692,1.00,1.00
2016.03.30 10:50:41.441,1.87664,1.87692,1.00,1.00
2016.03.30 10:50:41.642,1.87662,1.87692,1.00,1.00
2016.03.30 10:50:42.135,1.87665,1.87692,1.00,1.00
2016.03.30 10:50:42.235,1.87661,1.87692,1.00,1.00
2016.03.30 10:50:42.337,1.87663,1.87692,1.00,1.00
2016.03.30 10:50:42.583,1.87661,1.87692,1.00,1.00
2016.03.30 10:50:43.044,1.87663,1.87692,1.00,1.00
2016.03.30 10:50:43.145,1.87661,1.87692,1.00,1.00
2016.03.30 10:50:43.338,1.87664,1.87692,1.00,1.00
2016.03.30 10:50:43.549,1.87662,1.87692,1.00,1.00
2016.03.30 10:50:44.260,1.87663,1.87692,1.00,1.00
2016.03.30 10:50:45.018,1.87662,1.87692,1.00,1.00
2016.03.30 10:50:45.372,1.87661,1.87688,1.00,1.00
2016.03.30 10:50:45.646,1.87659,1.87688,1.00,1.00
2016.03.30 10:50:45.949,1.87661,1.87688,1.00,1.00
2016.03.30 10:50:46.765,1.87659,1.87688,1.00,1.00
2016.03.30 10:50:47.147,1.87662,1.87688,1.00,1.00
2016.03.30 10:50:47.775,1.87663,1.87688,1.00,1.00
2016.03.30 10:50:47.826,1.87654,1.87685,1.00,1.00
2016.03.30 10:50:47.977,1.87662,1.87685,1.00,1.00
2016.03.30 10:50:48.280,1.87665,1.87692,1.00,1.00
2016.03.30 10:50:48.871,1.87666,1.87692,1.00,1.00
2016.03.30 10:50:49.379,1.87663,1.87692,1.00,1.00
2016.03.30 10:50:49.480,1.87663,1.87688,1.00,1.00
2016.03.30 10:50:50.014,1.87662,1.87688,1.00,1.00
2016.03.30 10:50:50.282,1.87655,1.87688,1.00,1.12
2016.03.30 10:50:50.332,1.87655,1.87688,1.00,1.37
2016.03.30 10:50:50.383,1.87652,1.87688,1.00,1.37
2016.03.30 10:50:50.484,1.87654,1.87688,1.00,1.37
2016.03.30 10:50:50.585,1.87651,1.87688,1.00,1.87
2016.03.30 10:50:51.120,1.87652,1.87688,1.00,1.37
2016.03.30 10:50:51.221,1.87651,1.87684,1.00,1.37
2016.03.30 10:50:51.272,1.87646,1.8768,1.00,1.37
2016.03.30 10:50:51.373,1.87643,1.87675,1.00,1.00
2016.03.30 10:50:51.423,1.87643,1.87675,1.00,1.37
2016.03.30 10:50:51.529,1.87644,1.87675,1.00,1.00
2016.03.30 10:50:51.580,1.8765,1.87675,1.00,1.00
2016.03.30 10:50:51.802,1.87649,1.87679,1.00,1.00
2016.03.30 10:50:51.903,1.87653,1.87679,1.00,1.00
2016.03.30 10:50:52.004,1.87653,1.87686,1.00,1.00
2016.03.30 10:50:52.529,1.87652,1.87686,1.00,1.00
2016.03.30 10:50:53.126,1.87652,1.87682,1.00,1.00
2016.03.30 10:50:53.176,1.87648,1.87682,1.00,1.00
2016.03.30 10:50:53.227,1.87648,1.87677,1.00,1.00
2016.03.30 10:50:53.529,1.87648,1.87674,1.00,1.00
2016.03.30 10:50:53.982,1.87643,1.87674,1.00,1.00
2016.03.30 10:50:54.183,1.87645,1.87674,1.00,1.00
2016.03.30 10:50:54.692,1.8764,1.87674,1.00,1.00
2016.03.30 10:50:54.743,1.8764,1.87674,1.00,1.37
2016.03.30 10:50:55.329,1.87639,1.87674,1.00,1.37
2016.03.30 10:50:55.901,1.87638,1.87674,1.00,1.37
2016.03.30 10:50:56.651,1.87643,1.87674,1.00,1.00
2016.03.30 10:50:57.205,1.87639,1.87674,1.00,1.00
2016.03.30 10:50:57.756,1.87638,1.87674,1.00,1.12
2016.03.30 10:50:59.100,1.87639,1.87674,1.00,1.12
2016.03.30 10:50:59.201,1.87642,1.87674,1.00,1.00
2016.03.30 10:50:59.504,1.87644,1.87674,1.00,1.00
2016.03.30 10:50:59.947,1.87646,1.87674,1.00,1.00
2016.03.30 10:51:00.049,1.87642,1.87674,1.00,1.00
2016.03.30 10:51:00.556,1.87641,1.87674,1.00,1.00
2016.03.30 10:51:01.208,1.87642,1.87674,1.00,1.00
2016.03.30 10:51:01.410,1.87639,1.87674,1.00,1.00
2016.03.30 10:51:02.132,1.8764,1.87674,1.00,1.00
2016.03.30 10:51:02.535,1.87638,1.87674,1.00,1.00
2016.03.30 10:51:02.686,1.87637,1.87671,1.00,1.00
2016.03.30 10:51:02.737,1.8763,1.87671,1.00,1.37
2016.03.30 10:51:02.788,1.87627,1.87667,1.00,1.37
2016.03.30 10:51:02.838,1.8763,1.87667,1.00,1.00
2016.03.30 10:51:03.089,1.87635,1.87673,1.00,1.00
2016.03.30 10:51:03.240,1.87638,1.87673,1.00,1.00
2016.03.30 10:51:03.913,1.87636,1.87673,1.00,1.00
2016.03.30 10:51:04.416,1.87635,1.87673,1.00,1.00
2016.03.30 10:51:05.551,1.87636,1.87673,1.00,1.00
2016.03.30 10:51:06.037,1.87633,1.87673,1.00,1.00
2016.03.30 10:51:06.541,1.87634,1.87673,1.00,1.00
2016.03.30 10:51:07.219,1.87633,1.87669,1.00,1.00
2016.03.30 10:51:07.320,1.8763,1.87669,1.00,1.00
2016.03.30 10:51:07.371,1.8763,1.87669,1.00,1.37
2016.03.30 10:51:07.572,1.87629,1.87669,1.00,1.00
2016.03.30 10:51:07.673,1.87629,1.87669,1.00,1.37
2016.03.30 10:51:08.184,1.87628,1.87669,1.00,1.37
2016.03.30 10:51:08.923,1.87627,1.87665,1.00,1.00
2016.03.30 10:51:09.225,1.87629,1.87665,1.00,1.00
2016.03.30 10:51:10.218,1.87628,1.87665,1.00,1.00
2016.03.30 10:51:12.746,1.8763,1.87665,1.00,1.00
2016.03.30 10:51:13.070,1.87632,1.87665,1.00,1.00
2016.03.30 10:51:13.323,1.87631,1.8767,1.00,1.00
2016.03.30 10:51:13.500,1.8764,1.8767,1.00,1.00
2016.03.30 10:51:13.551,1.87643,1.87675,1.00,1.00
2016.03.30 10:51:14.055,1.87636,1.87675,1.00,1.00
2016.03.30 10:51:14.226,1.8764,1.87675,1.00,1.00
2016.03.30 10:51:14.327,1.87638,1.87675,1.00,1.00
2016.03.30 10:51:14.602,1.87641,1.87683,1.00,1.12
2016.03.30 10:51:14.653,1.87645,1.87683,1.00,1.12
2016.03.30 10:51:15.228,1.87647,1.87683,1.00,1.00
2016.03.30 10:51:15.669,1.87645,1.87683,1.00,1.50
2016.03.30 10:51:16.037,1.87647,1.87683,1.00,1.50
2016.03.30 10:51:16.351,1.87645,1.87683,1.00,1.00
2016.03.30 10:51:16.452,1.87647,1.87683,1.00,1.00
2016.03.30 10:51:16.704,1.87644,1.87683,1.00,1.00
2016.03.30 10:51:16.805,1.87646,1.87676,1.00,1.00
2016.03.30 10:51:17.324,1.87645,1.87676,1.00,1.00
2016.03.30 10:51:17.866,1.87646,1.87676,1.00,1.00
2016.03.30 10:51:17.967,1.87649,1.87684,1.00,1.00
2016.03.30 10:51:18.017,1.87651,1.87684,1.00,1.00
2016.03.30 10:51:18.521,1.87652,1.87684,1.00,1.00
2016.03.30 10:51:19.314,1.87653,1.87684,1.00,1.00
2016.03.30 10:51:19.817,1.87652,1.87684,1.00,1.00
2016.03.30 10:51:20.195,1.87661,1.87691,1.00,1.00
2016.03.30 10:51:20.246,1.87658,1.87691,1.00,1.00
2016.03.30 10:51:21.433,1.87659,1.87691,1.00,1.00
2016.03.30 10:51:21.829,1.87655,1.87691,1.00,1.37
2016.03.30 10:51:22.035,1.87654,1.87691,1.00,1.37
2016.03.30 10:51:22.136,1.87654,1.87691,1.00,1.37
2016.03.30 10:51:22.687,1.87654,1.87691,1.00,1.00
2016.03.30 10:51:22.839,1.87656,1.87691,1.00,1.37
2016.03.30 10:51:23.040,1.87652,1.87691,1.00,1.37
2016.03.30 10:51:23.242,1.87655,1.87691,1.00,1.00
2016.03.30 10:51:23.507,1.87652,1.87691,1.00,1.37
2016.03.30 10:51:23.562,1.87654,1.87691,1.00,1.37
2016.03.30 10:51:24.092,1.87654,1.87691,1.00,1.00
2016.03.30 10:51:24.641,1.87654,1.87691,1.00,1.37
2016.03.30 10:51:25.160,1.87653,1.87691,1.00,1.37
2016.03.30 10:51:26.121,1.87654,1.87691,1.00,1.37
2016.03.30 10:51:26.322,1.87651,1.87691,1.00,1.37
2016.03.30 10:51:26.652,1.8765,1.87691,1.50,1.87
2016.03.30 10:51:27.319,1.87651,1.87691,1.00,1.37
2016.03.30 10:51:27.420,1.87651,1.87691,1.00,1.87
2016.03.30 10:51:27.649,1.87648,1.87683,1.00,1.00
2016.03.30 10:51:28.359,1.87649,1.87683,1.00,1.00
2016.03.30 10:51:29.662,1.87652,1.87683,1.00,1.00
2016.03.30 10:51:29.763,1.8765,1.87683,1.00,1.00
2016.03.30 10:51:30.566,1.87647,1.87683,1.00,1.00
2016.03.30 10:51:30.867,1.8765,1.87683,1.00,1.00
2016.03.30 10:51:31.473,1.87646,1.87683,1.00,1.00
2016.03.30 10:51:32.021,1.87645,1.87683,1.00,1.00
2016.03.30 10:51:32.874,1.87644,1.87683,1.00,1.00
2016.03.30 10:51:33.529,1.87643,1.87683,1.00,1.00
2016.03.30 10:51:33.670,1.87646,1.87683,1.00,1.00
2016.03.30 10:51:33.872,1.87644,1.87683,1.00,1.00
2016.03.30 10:51:35.432,1.87645,1.87683,1.00,1.00
2016.03.30 10:51:35.533,1.8765,1.87683,1.00,1.00
2016.03.30 10:51:35.735,1.87657,1.87692,1.00,1.50
2016.03.30 10:51:36.354,1.87656,1.87692,1.00,1.00
2016.03.30 10:51:37.182,1.87658,1.87692,1.00,1.00
2016.03.30 10:51:37.283,1.87655,1.87692,1.00,1.00
2016.03.30 10:51:37.383,1.87657,1.87692,1.00,1.00
2016.03.30 10:51:37.900,1.87656,1.8769,1.00,1.00
2016.03.30 10:51:38.431,1.87655,1.8769,1.00,1.12
2016.03.30 10:51:38.687,1.87653,1.8769,1.00,1.37
2016.03.30 10:51:38.838,1.87651,1.8769,1.00,1.00
2016.03.30 10:51:39.573,1.87652,1.8769,1.00,1.12
2016.03.30 10:51:40.685,1.87653,1.8769,1.00,1.00
2016.03.30 10:51:40.858,1.87655,1.8769,1.00,1.00
2016.03.30 10:51:41.365,1.87656,1.8769,1.00,1.00
2016.03.30 10:51:41.889,1.87657,1.8769,1.00,1.00
2016.03.30 10:51:42.225,1.87655,1.8769,1.00,1.00
2016.03.30 10:51:43.844,1.87658,1.8769,1.00,1.00
2016.03.30 10:51:44.159,1.87653,1.87688,1.00,1.37
2016.03.30 10:51:44.260,1.87651,1.87687,1.00,1.37
2016.03.30 10:51:44.362,1.87651,1.87683,1.00,1.00
2016.03.30 10:51:45.259,1.87652,1.87683,1.00,1.00
2016.03.30 10:51:45.647,1.8765,1.87683,1.00,1.00
2016.03.30 10:51:45.859,1.87652,1.87683,1.00,1.00
2016.03.30 10:51:47.999,1.87651,1.87683,1.00,1.00
2016.03.30 10:51:48.255,1.87649,1.87683,1.00,1.00
2016.03.30 10:51:48.557,1.87653,1.87683,1.00,1.00
2016.03.30 10:51:48.608,1.87653,1.87686,1.00,1.00
2016.03.30 10:51:48.659,1.87659,1.87689,1.00,1.00
2016.03.30 10:51:48.911,1.8767,1.87704,1.00,1.00
2016.03.30 10:51:49.508,1.87669,1.87704,1.00,1.00
2016.03.30 10:51:50.042,1.8767,1.87704,1.00,1.00
2016.03.30 10:51:50.999,1.8767,1.87707,1.00,1.50
2016.03.30 10:51:51.101,1.87668,1.87707,1.00,1.00
2016.03.30 10:51:51.267,1.87674,1.87702,1.00,1.00
2016.03.30 10:51:51.318,1.87674,1.87712,1.00,1.00
2016.03.30 10:51:51.419,1.87676,1.87712,1.00,1.00
2016.03.30 10:51:51.905,1.87672,1.87712,1.00,1.00
2016.03.30 10:51:52.428,1.87672,1.87712,1.00,1.37
2016.03.30 10:51:52.684,1.87671,1.87712,1.50,1.37
2016.03.30 10:51:52.886,1.87673,1.87712,1.00,1.12
2016.03.30 10:51:53.196,1.87671,1.87712,1.50,1.37
2016.03.30 10:51:53.760,1.87671,1.87712,1.00,1.37
2016.03.30 10:51:53.907,1.87671,1.87712,1.00,1.12
2016.03.30 10:51:54.414,1.87672,1.87712,1.00,1.00
2016.03.30 10:51:54.515,1.87671,1.87712,1.50,1.37
2016.03.30 10:51:55.028,1.87663,1.87701,1.00,1.00
2016.03.30 10:51:55.129,1.87668,1.87701,1.00,1.00
2016.03.30 10:51:55.281,1.87672,1.8771,1.00,1.00
2016.03.30 10:51:55.331,1.87676,1.87712,1.00,1.00
2016.03.30 10:51:55.635,1.87679,1.87713,1.00,1.00
2016.03.30 10:51:55.837,1.87677,1.87713,1.00,1.00
2016.03.30 10:51:56.039,1.8768,1.87713,1.00,1.00
2016.03.30 10:51:56.219,1.87678,1.87713,1.00,1.00
2016.03.30 10:51:56.432,1.87676,1.87713,1.00,1.00
2016.03.30 10:51:56.790,1.87678,1.87713,1.00,1.00
2016.03.30 10:51:57.314,1.87679,1.87713,1.00,1.00
2016.03.30 10:51:58.612,1.87674,1.87713,1.00,1.37
2016.03.30 10:51:58.713,1.87676,1.87713,1.00,1.00
2016.03.30 10:51:59.865,1.87674,1.87713,1.00,1.12
2016.03.30 10:52:00.079,1.87675,1.87707,1.00,1.00
2016.03.30 10:52:00.130,1.87673,1.87709,1.00,1.00
2016.03.30 10:52:00.671,1.87672,1.87709,1.00,1.00
2016.03.30 10:52:02.499,1.87668,1.87707,1.50,1.00
2016.03.30 10:52:02.550,1.87668,1.87707,1.50,1.37
2016.03.30 10:52:02.600,1.87661,1.87703,1.00,1.12
2016.03.30 10:52:02.651,1.8766,1.87699,1.00,1.00
2016.03.30 10:52:02.904,1.87666,1.87706,1.00,1.00
2016.03.30 10:52:03.025,1.87668,1.87706,1.00,1.00
2016.03.30 10:52:03.287,1.87671,1.87712,1.50,1.00
2016.03.30 10:52:03.338,1.87674,1.87712,1.00,1.00
2016.03.30 10:52:03.389,1.87674,1.87716,1.50,1.12
2016.03.30 10:52:03.440,1.87678,1.87718,1.50,1.50
2016.03.30 10:52:03.742,1.87681,1.8772,1.50,1.00
2016.03.30 10:52:04.095,1.8768,1.87718,1.00,1.00
2016.03.30 10:52:04.346,1.87677,1.87718,1.50,1.00
2016.03.30 10:52:05.441,1.87677,1.87718,1.00,1.37
2016.03.30 10:52:05.944,1.87678,1.87718,1.00,1.00
2016.03.30 10:52:06.146,1.87681,1.87718,1.00,1.00
2016.03.30 10:52:06.453,1.87686,1.87721,1.00,1.00
2016.03.30 10:52:06.554,1.87684,1.87721,1.00,1.00
2016.03.30 10:52:07.069,1.87685,1.87722,1.00,1.00
2016.03.30 10:52:07.819,1.87684,1.87722,1.00,1.00
2016.03.30 10:52:08.323,1.87685,1.87722,1.00,1.00
2016.03.30 10:52:08.825,1.87684,1.87722,1.00,1.00
2016.03.30 10:52:10.146,1.87687,1.87724,1.00,1.00
2016.03.30 10:52:10.449,1.87697,1.87719,1.00,1.00
2016.03.30 10:52:10.499,1.87697,1.87728,1.00,1.00
2016.03.30 10:52:10.550,1.877,1.87723,1.00,1.00
2016.03.30 10:52:10.600,1.877,1.87733,1.00,1.00
2016.03.30 10:52:10.651,1.87704,1.87728,1.00,1.00
2016.03.30 10:52:10.702,1.87704,1.87732,1.00,1.00
2016.03.30 10:52:10.853,1.87706,1.87739,1.00,1.00
2016.03.30 10:52:10.954,1.87709,1.87739,1.00,1.00
2016.03.30 10:52:11.221,1.87707,1.87739,1.00,1.00
2016.03.30 10:52:11.322,1.87704,1.87739,1.00,1.00
2016.03.30 10:52:11.373,1.87702,1.87739,1.50,1.00
2016.03.30 10:52:11.725,1.87699,1.87739,1.00,1.00
2016.03.30 10:52:11.776,1.87699,1.87739,1.00,1.37
2016.03.30 10:52:11.927,1.87697,1.87739,1.00,1.37
2016.03.30 10:52:11.978,1.87697,1.87739,1.00,1.37
2016.03.30 10:52:12.368,1.87697,1.87739,1.00,1.12
2016.03.30 10:52:12.419,1.87701,1.87739,1.00,1.12
2016.03.30 10:52:12.522,1.87697,1.87739,1.00,1.37
2016.03.30 10:52:12.572,1.87697,1.87739,1.00,1.37
2016.03.30 10:52:12.875,1.87697,1.87739,1.50,1.37
2016.03.30 10:52:13.076,1.87697,1.87739,1.50,1.12
2016.03.30 10:52:13.588,1.87697,1.87739,1.50,1.37
2016.03.30 10:52:13.689,1.87697,1.87739,1.00,1.12
2016.03.30 10:52:14.009,1.87694,1.87736,1.50,1.00
2016.03.30 10:52:14.512,1.87695,1.87736,1.00,1.00
2016.03.30 10:52:15.048,1.87694,1.87736,1.00,1.37
2016.03.30 10:52:15.149,1.87694,1.87736,1.00,1.37
2016.03.30 10:52:15.358,1.87694,1.87736,1.00,1.37
2016.03.30 10:52:15.459,1.87697,1.87736,1.00,1.00
2016.03.30 10:52:15.560,1.87701,1.87736,1.00,1.37
2016.03.30 10:52:15.661,1.87697,1.87736,1.00,1.00
2016.03.30 10:52:15.863,1.87697,1.87739,1.50,1.00
2016.03.30 10:52:16.014,1.87702,1.87741,1.00,1.00
2016.03.30 10:52:16.316,1.87705,1.87743,1.00,1.00
2016.03.30 10:52:16.803,1.87707,1.87743,1.00,1.00
2016.03.30 10:52:16.853,1.87705,1.87743,1.00,1.50
2016.03.30 10:52:16.954,1.87709,1.87743,1.00,1.00
2016.03.30 10:52:17.055,1.87703,1.87743,1.00,1.12
2016.03.30 10:52:17.156,1.87703,1.87743,1.00,1.37
2016.03.30 10:52:17.459,1.87702,1.87742,1.50,1.00
2016.03.30 10:52:17.560,1.87706,1.87743,1.00,1.37
2016.03.30 10:52:17.661,1.87698,1.87735,1.00,1.12
2016.03.30 10:52:17.862,1.87696,1.87734,1.00,1.37
2016.03.30 10:52:18.140,1.87694,1.87732,1.00,1.00
2016.03.30 10:52:18.745,1.87694,1.8773,1.00,1.50
2016.03.30 10:52:19.317,1.87693,1.87729,1.00,1.00
2016.03.30 10:52:19.642,1.87696,1.8773,1.00,1.00
2016.03.30 10:52:19.963,1.87698,1.8773,1.00,1.00
2016.03.30 10:52:20.165,1.87696,1.8773,1.00,1.50
2016.03.30 10:52:20.367,1.87693,1.87729,1.00,1.00
2016.03.30 10:52:20.571,1.87697,1.8773,1.00,1.00
2016.03.30 10:52:20.879,1.87695,1.87728,1.00,1.00
2016.03.30 10:52:21.171,1.87692,1.87728,1.00,1.00
2016.03.30 10:52:21.273,1.87698,1.8773,1.00,1.00
2016.03.30 10:52:21.323,1.87698,1.87732,1.00,1.00
2016.03.30 10:52:21.645,1.87704,1.87732,1.00,1.00
2016.03.30 10:52:22.149,1.87705,1.87732,1.00,1.00
2016.03.30 10:52:22.451,1.87709,1.87732,1.00,1.00
2016.03.30 10:52:22.890,1.8771,1.8774,1.00,1.00
2016.03.30 10:52:22.991,1.87718,1.8774,1.00,1.00
2016.03.30 10:52:23.093,1.87721,1.87745,1.00,1.00
2016.03.30 10:52:23.344,1.87722,1.8775,1.00,1.00
2016.03.30 10:52:23.585,1.87719,1.8775,1.00,1.00
2016.03.30 10:52:23.686,1.87721,1.87751,1.00,1.00
2016.03.30 10:52:23.867,1.87719,1.87751,1.00,1.00
2016.03.30 10:52:24.169,1.87717,1.8775,1.00,1.50
2016.03.30 10:52:24.371,1.87714,1.87747,1.00,1.00
2016.03.30 10:52:24.857,1.87712,1.87747,1.50,1.00
2016.03.30 10:52:26.474,1.87712,1.87746,1.00,1.00
2016.03.30 10:52:27.070,1.87712,1.87747,1.50,1.00
2016.03.30 10:52:27.710,1.87712,1.87745,1.00,1.00
2016.03.30 10:52:29.688,1.87713,1.87746,1.00,1.00
2016.03.30 10:52:29.789,1.87713,1.87748,1.00,1.00
2016.03.30 10:52:30.009,1.87715,1.87749,1.00,1.50
2016.03.30 10:52:30.338,1.87717,1.87748,1.00,1.00
2016.03.30 10:52:30.790,1.87715,1.87749,1.00,1.50
2016.03.30 10:52:30.880,1.87713,1.87748,1.00,1.00
2016.03.30 10:52:31.184,1.87713,1.87746,1.00,1.00
2016.03.30 10:52:31.392,1.87713,1.87748,1.00,1.00
2016.03.30 10:52:31.594,1.87712,1.87746,1.00,1.00
2016.03.30 10:52:31.645,1.8771,1.87746,1.50,1.00
2016.03.30 10:52:31.696,1.87713,1.87748,1.00,1.12
2016.03.30 10:52:32.200,1.87712,1.87747,1.00,1.00
2016.03.30 10:52:32.643,1.87714,1.87749,1.00,1.00
2016.03.30 10:52:32.948,1.87712,1.87747,1.50,1.00
2016.03.30 10:52:33.451,1.87713,1.87748,1.00,1.00
2016.03.30 10:52:33.953,1.87714,1.87749,1.00,1.00
2016.03.30 10:52:34.514,1.87712,1.87747,1.00,1.00
2016.03.30 10:52:34.990,1.8771,1.87746,1.00,1.00
2016.03.30 10:52:35.092,1.87712,1.87746,1.00,1.00
2016.03.30 10:52:35.194,1.87709,1.87744,1.50,1.00
2016.03.30 10:52:35.398,1.87715,1.87748,1.00,1.00
2016.03.30 10:52:35.712,1.87705,1.87738,1.00,1.00
2016.03.30 10:52:36.215,1.87704,1.87738,1.00,1.00
2016.03.30 10:52:36.266,1.87702,1.87738,1.00,1.00
2016.03.30 10:52:36.619,1.87701,1.87734,1.00,1.00
2016.03.30 10:52:36.820,1.87699,1.87734,1.00,1.00
2016.03.30 10:52:37.347,1.87699,1.87733,1.00,1.00
2016.03.30 10:52:37.448,1.87697,1.87733,1.00,1.00
2016.03.30 10:52:37.962,1.87696,1.87732,1.00,1.00
2016.03.30 10:52:38.994,1.87696,1.87734,1.00,1.00
2016.03.30 10:52:39.672,1.87695,1.87733,1.00,1.00
2016.03.30 10:52:40.177,1.87694,1.87732,1.50,1.00
2016.03.30 10:52:41.538,1.87694,1.87731,1.50,1.00
2016.03.30 10:52:41.934,1.87694,1.87729,1.00,1.00
2016.03.30 10:52:42.035,1.87691,1.87727,1.00,1.00
2016.03.30 10:52:42.654,1.87691,1.87728,1.50,1.00
2016.03.30 10:52:44.949,1.87691,1.87727,1.00,1.00
2016.03.30 10:52:46.064,1.87687,1.87727,1.00,1.00
2016.03.30 10:52:46.720,1.87688,1.87728,1.00,1.00
2016.03.30 10:52:47.269,1.87688,1.87729,1.00,1.00
2016.03.30 10:52:51.238,1.87689,1.87729,1.00,1.00
2016.03.30 10:52:51.511,1.87691,1.8773,1.00,1.00
2016.03.30 10:52:52.212,1.87692,1.8773,1.00,1.00
2016.03.30 10:52:54.348,1.87694,1.8773,1.00,1.00
2016.03.30 10:52:54.650,1.87712,1.87746,1.00,1.00
2016.03.30 10:52:54.761,1.87712,1.87749,1.50,1.00
2016.03.30 10:52:54.862,1.87715,1.87749,1.00,1.00
2016.03.30 10:52:55.435,1.87714,1.87749,1.00,1.00
2016.03.30 10:52:56.218,1.87717,1.87749,1.00,1.00
2016.03.30 10:52:56.319,1.87714,1.87749,1.00,1.00
2016.03.30 10:52:56.652,1.87716,1.87749,1.00,1.00
2016.03.30 10:52:57.191,1.87717,1.8775,1.00,1.00
2016.03.30 10:52:57.483,1.87717,1.87753,1.00,1.50
2016.03.30 10:52:58.221,1.87715,1.87753,1.00,1.50
2016.03.30 10:52:59.222,1.87718,1.87753,1.00,2.25
2016.03.30 10:52:59.847,1.87719,1.87753,1.00,1.50
2016.03.30 10:53:00.424,1.87718,1.87753,1.00,1.50
2016.03.30 10:53:01.826,1.87717,1.87753,1.00,1.00
2016.03.30 10:53:03.130,1.87717,1.87754,1.00,1.00
2016.03.30 10:53:03.499,1.8772,1.87754,1.00,1.00
2016.03.30 10:53:03.650,1.87716,1.87752,1.00,1.00
2016.03.30 10:53:04.153,1.87716,1.87754,1.00,1.00
2016.03.30 10:53:06.181,1.87716,1.87753,1.00,1.00
2016.03.30 10:53:09.447,1.87716,1.87754,1.00,1.00
2016.03.30 10:53:13.953,1.87716,1.87753,1.00,1.00
2016.03.30 10:53:23.903,1.87716,1.87756,1.00,1.37
2016.03.30 10:53:24.055,1.87709,1.87747,1.00,1.37
2016.03.30 10:53:24.156,1.87706,1.87748,1.00,1.00
2016.03.30 10:53:24.257,1.87709,1.87751,1.00,1.37
2016.03.30 10:53:24.885,1.87709,1.87751,1.00,1.00
2016.03.30 10:53:28.092,1.87717,1.87752,1.00,1.00
2016.03.30 10:53:28.845,1.87717,1.87751,1.00,1.00
2016.03.30 10:53:29.096,1.87717,1.87754,1.00,1.00
2016.03.30 10:53:30.916,1.87717,1.87753,1.00,1.00
2016.03.30 10:53:31.117,1.87713,1.87751,1.00,1.00
2016.03.30 10:53:31.218,1.8771,1.87748,1.00,1.00
2016.03.30 10:53:31.857,1.8771,1.87747,1.00,1.00
2016.03.30 10:53:32.402,1.8771,1.87748,1.00,1.00
2016.03.30 10:53:32.733,1.87707,1.87746,1.00,1.00
2016.03.30 10:53:32.784,1.87707,1.87743,1.00,1.50
2016.03.30 10:53:33.086,1.87699,1.87734,1.00,1.00
2016.03.30 10:53:33.755,1.87696,1.87734,1.50,1.00
2016.03.30 10:53:33.906,1.877,1.87734,1.00,1.00
2016.03.30 10:53:34.500,1.877,1.87733,1.00,1.00
2016.03.30 10:53:34.778,1.87697,1.87733,1.00,1.00
2016.03.30 10:53:34.828,1.87693,1.87729,1.00,1.00
2016.03.30 10:53:35.704,1.87693,1.87734,1.00,1.00
2016.03.30 10:53:36.212,1.87693,1.87732,1.00,1.00
2016.03.30 10:53:36.561,1.87693,1.87728,1.00,1.00
2016.03.30 10:53:36.911,1.87693,1.87724,1.00,1.00
2016.03.30 10:53:37.526,1.87693,1.87726,1.00,1.00
2016.03.30 10:53:37.854,1.87693,1.87724,1.00,1.00
2016.03.30 10:53:38.061,1.87686,1.87723,1.00,1.00
2016.03.30 10:53:38.314,1.87686,1.87725,1.00,1.00
2016.03.30 10:53:38.834,1.87686,1.87723,1.00,1.00
2016.03.30 10:53:40.840,1.87686,1.87724,1.00,1.00
2016.03.30 10:53:43.048,1.87686,1.87723,1.00,1.00
2016.03.30 10:53:43.399,1.87686,1.87721,1.00,1.00
2016.03.30 10:53:46.860,1.87686,1.87722,1.00,1.00
2016.03.30 10:53:47.894,1.87686,1.87723,1.00,1.00
2016.03.30 10:53:48.268,1.87686,1.87721,1.00,1.00
2016.03.30 10:53:49.635,1.87686,1.87723,1.00,1.00
2016.03.30 10:53:50.175,1.87686,1.87724,1.00,1.00
2016.03.30 10:53:53.715,1.87682,1.87721,1.00,1.00
2016.03.30 10:53:54.243,1.87683,1.87721,1.00,1.00
2016.03.30 10:53:54.540,1.87676,1.87717,1.00,1.00
2016.03.30 10:53:55.362,1.87679,1.87717,1.00,1.00
2016.03.30 10:53:55.564,1.87681,1.87723,1.00,1.37
2016.03.30 10:53:55.614,1.87683,1.87724,1.00,1.37
2016.03.30 10:53:56.392,1.87683,1.87724,1.00,1.00
2016.03.30 10:53:58.695,1.87686,1.87728,1.00,1.00
2016.03.30 10:53:59.534,1.87687,1.87728,1.00,1.00
2016.03.30 10:53:59.585,1.8769,1.8773,1.00,1.50
2016.03.30 10:54:00.755,1.87686,1.87725,1.00,1.00
2016.03.30 10:54:06.705,1.87689,1.87729,1.00,1.00
2016.03.30 10:54:09.146,1.87689,1.87728,1.00,1.00
2016.03.30 10:54:09.247,1.87685,1.87726,1.00,1.00
2016.03.30 10:54:09.595,1.87681,1.87723,1.00,1.00
2016.03.30 10:54:09.795,1.87684,1.8772,1.00,1.00
2016.03.30 10:54:09.846,1.87681,1.87723,1.00,1.00
2016.03.30 10:54:10.348,1.87681,1.87722,1.00,1.00
2016.03.30 10:54:10.900,1.87681,1.87723,1.00,1.50
2016.03.30 10:54:11.870,1.87685,1.87725,1.00,1.00
2016.03.30 10:54:13.066,1.87693,1.87729,1.00,1.00
2016.03.30 10:54:13.589,1.87693,1.87728,1.00,1.00
2016.03.30 10:54:14.401,1.87693,1.87727,1.00,1.00
2016.03.30 10:54:15.196,1.87693,1.87726,1.00,1.00
2016.03.30 10:54:15.955,1.87693,1.87727,1.00,1.00
2016.03.30 10:54:16.770,1.87693,1.87726,1.00,1.00
2016.03.30 10:54:17.271,1.87693,1.87727,1.00,1.00
2016.03.30 10:54:18.004,1.87693,1.87728,1.00,1.00
2016.03.30 10:54:18.508,1.87693,1.87727,1.00,1.00
2016.03.30 10:54:18.609,1.87693,1.8773,1.00,1.00
2016.03.30 10:54:19.361,1.87693,1.87731,1.00,1.00
2016.03.30 10:54:19.669,1.87693,1.87729,1.00,1.00
2016.03.30 10:54:20.216,1.87693,1.87728,1.00,1.00
2016.03.30 10:54:21.764,1.87693,1.87729,1.00,1.00
2016.03.30 10:54:22.268,1.87684,1.87725,1.00,1.00
2016.03.30 10:54:22.673,1.87683,1.87721,1.00,1.00
2016.03.30 10:54:22.774,1.87681,1.87721,1.00,1.00
2016.03.30 10:54:22.875,1.87681,1.87721,1.00,1.87
2016.03.30 10:54:24.568,1.87677,1.87718,1.00,1.12
2016.03.30 10:54:27.906,1.87678,1.87718,1.00,1.00
2016.03.30 10:54:28.415,1.87677,1.87718,1.00,1.00
2016.03.30 10:54:32.588,1.87677,1.87718,1.00,1.37
2016.03.30 10:54:32.882,1.87677,1.87715,1.00,1.00
2016.03.30 10:54:34.187,1.87675,1.87714,1.50,1.00
2016.03.30 10:54:34.339,1.87676,1.87712,1.00,1.00
2016.03.30 10:54:34.850,1.87675,1.8771,1.00,1.00
2016.03.30 10:54:36.194,1.87676,1.87711,1.00,1.00
2016.03.30 10:54:36.595,1.87671,1.8771,1.00,1.00
2016.03.30 10:54:37.097,1.87671,1.87709,1.00,1.00
2016.03.30 10:54:37.353,1.87671,1.87711,1.00,1.00
2016.03.30 10:54:37.774,1.87675,1.87713,1.00,1.12
2016.03.30 10:54:37.875,1.87678,1.87717,1.00,1.00
2016.03.30 10:54:38.076,1.87679,1.87721,1.50,1.00
2016.03.30 10:54:38.596,1.87679,1.87717,1.00,1.00
2016.03.30 10:54:39.108,1.87679,1.87716,1.00,1.00
2016.03.30 10:54:39.589,1.87679,1.87714,1.00,1.00
2016.03.30 10:54:40.258,1.87679,1.87713,1.50,1.00
2016.03.30 10:54:41.216,1.87678,1.87712,1.00,1.00
2016.03.30 10:54:41.418,1.87671,1.87706,1.00,1.00
2016.03.30 10:54:42.047,1.87669,1.87706,1.00,1.50
2016.03.30 10:54:42.299,1.87669,1.87703,1.00,1.00
2016.03.30 10:54:42.662,1.87669,1.87707,1.00,1.00
2016.03.30 10:54:42.763,1.87671,1.87708,1.00,1.00
2016.03.30 10:54:43.094,1.87674,1.87709,1.00,1.00
2016.03.30 10:54:43.207,1.87674,1.87711,1.00,1.00
2016.03.30 10:54:43.746,1.87675,1.8771,1.00,1.00
2016.03.30 10:54:43.953,1.87675,1.87713,1.00,1.00
2016.03.30 10:54:44.104,1.87678,1.87713,1.00,1.00
2016.03.30 10:54:44.311,1.87676,1.87712,1.00,1.00
2016.03.30 10:54:46.405,1.87675,1.87714,1.00,1.50
2016.03.30 10:54:47.096,1.87677,1.87714,1.00,1.50
2016.03.30 10:54:50.373,1.87678,1.87714,1.00,1.00
2016.03.30 10:54:50.902,1.87679,1.87714,1.00,1.50
2016.03.30 10:54:51.275,1.87677,1.87713,1.00,1.00
2016.03.30 10:54:51.476,1.87674,1.87709,1.50,1.00
2016.03.30 10:54:51.977,1.87672,1.8771,1.00,1.00
2016.03.30 10:54:52.527,1.87673,1.8771,1.00,1.00
2016.03.30 10:54:53.206,1.87673,1.87708,1.00,1.00
2016.03.30 10:54:53.363,1.87671,1.87707,1.00,1.00
2016.03.30 10:54:53.414,1.87671,1.87705,1.00,1.00
2016.03.30 10:54:53.465,1.87668,1.87705,1.50,1.00
2016.03.30 10:54:53.616,1.87668,1.87703,1.00,1.00
2016.03.30 10:54:54.157,1.87669,1.87702,1.00,1.00
2016.03.30 10:54:54.460,1.87671,1.87704,1.00,1.00
2016.03.30 10:54:55.127,1.87671,1.87705,1.00,1.00
2016.03.30 10:54:55.329,1.87671,1.87709,1.00,1.00
2016.03.30 10:54:55.489,1.87673,1.87708,1.00,1.00
2016.03.30 10:54:56.012,1.87672,1.8771,1.00,1.00
2016.03.30 10:54:57.418,1.87676,1.87711,1.00,1.00
2016.03.30 10:54:57.677,1.87677,1.87714,1.00,1.00
2016.03.30 10:54:58.810,1.87677,1.87716,1.50,1.00
2016.03.30 10:54:59.789,1.87679,1.87716,1.00,1.00
2016.03.30 10:55:00.323,1.87679,1.87717,1.00,1.50
2016.03.30 10:55:00.698,1.87684,1.87712,1.00,1.00
2016.03.30 10:55:00.749,1.87684,1.87721,1.00,1.50
2016.03.30 10:55:01.505,1.87684,1.8772,1.00,1.00
2016.03.30 10:55:02.147,1.87684,1.87721,1.00,1.50
2016.03.30 10:55:02.727,1.87684,1.8772,1.00,1.00
2016.03.30 10:55:02.828,1.87686,1.87721,1.00,1.00
2016.03.30 10:55:03.158,1.87688,1.87721,1.00,1.00
2016.03.30 10:55:03.503,1.87685,1.87721,1.00,1.00
2016.03.30 10:55:03.604,1.87683,1.87721,1.00,1.00
2016.03.30 10:55:03.806,1.87686,1.87721,1.00,1.00
2016.03.30 10:55:04.225,1.87684,1.87721,1.00,1.00
2016.03.30 10:55:04.326,1.8768,1.8772,1.50,1.00
2016.03.30 10:55:04.527,1.87681,1.87718,1.00,1.00
2016.03.30 10:55:04.874,1.87675,1.87712,1.00,1.50
2016.03.30 10:55:05.390,1.87676,1.87712,1.00,1.00
2016.03.30 10:55:05.943,1.87675,1.87712,1.00,1.00
2016.03.30 10:55:07.507,1.87676,1.87712,1.00,1.00
2016.03.30 10:55:07.835,1.87674,1.87712,1.00,1.00
2016.03.30 10:55:08.369,1.87676,1.87712,1.00,1.00
2016.03.30 10:55:10.156,1.87674,1.87712,1.00,1.00
2016.03.30 10:55:10.569,1.87676,1.87712,1.00,1.00
2016.03.30 10:55:11.585,1.87674,1.87712,1.00,1.00
2016.03.30 10:55:12.356,1.87677,1.87712,1.00,1.00
2016.03.30 10:55:12.658,1.87674,1.87712,1.00,1.00
2016.03.30 10:55:12.879,1.87677,1.87712,1.00,1.00
2016.03.30 10:55:13.426,1.87678,1.87712,1.00,1.00
2016.03.30 10:55:14.029,1.87679,1.87712,1.00,1.00
2016.03.30 10:55:15.082,1.87682,1.87712,1.00,1.00
2016.03.30 10:55:16.155,1.87681,1.87712,1.00,1.00
2016.03.30 10:55:16.357,1.87679,1.87712,1.00,1.00
2016.03.30 10:55:16.458,1.87675,1.8771,1.00,1.00
2016.03.30 10:55:16.788,1.87675,1.87712,1.00,1.00
2016.03.30 10:55:18.515,1.87675,1.87712,1.00,1.87
2016.03.30 10:55:18.763,1.87667,1.87703,1.00,1.00
2016.03.30 10:55:18.965,1.87666,1.87701,1.00,1.00
2016.03.30 10:55:19.066,1.87667,1.87703,1.00,1.87
2016.03.30 10:55:19.217,1.87667,1.87702,1.00,1.37
2016.03.30 10:55:19.267,1.87664,1.877,1.00,1.37
2016.03.30 10:55:19.771,1.87666,1.877,1.00,1.00
2016.03.30 10:55:20.093,1.8767,1.877,1.00,1.00
2016.03.30 10:55:20.802,1.87671,1.87704,1.00,1.00
2016.03.30 10:55:22.104,1.87669,1.87704,1.00,1.00
2016.03.30 10:55:23.242,1.87667,1.87702,1.00,1.00
2016.03.30 10:55:23.544,1.87659,1.8769,1.00,1.00
2016.03.30 10:55:23.595,1.8766,1.87692,1.00,1.12
2016.03.30 10:55:23.897,1.87662,1.87696,1.00,1.00
2016.03.30 10:55:23.998,1.87659,1.87693,1.00,1.00
2016.03.30 10:55:24.210,1.87663,1.87698,1.00,1.00
2016.03.30 10:55:24.311,1.87665,1.87699,1.00,1.00
2016.03.30 10:55:24.834,1.87664,1.87699,1.00,1.00
2016.03.30 10:55:25.367,1.87665,1.87701,1.00,1.37
2016.03.30 10:55:25.869,1.87665,1.87701,1.00,1.00
2016.03.30 10:55:26.288,1.87664,1.87699,1.00,1.00
2016.03.30 10:55:26.590,1.87659,1.87693,1.00,1.00
2016.03.30 10:55:26.792,1.87657,1.87692,1.00,1.00
2016.03.30 10:55:27.070,1.87655,1.87691,1.00,1.00
2016.03.30 10:55:27.477,1.87657,1.87691,1.00,1.00
2016.03.30 10:55:27.779,1.8766,1.87694,1.00,1.00
2016.03.30 10:55:29.826,1.87663,1.87699,1.00,1.50
2016.03.30 10:55:30.324,1.87665,1.87699,1.00,1.00
2016.03.30 10:55:32.235,1.87667,1.877,1.00,1.00
2016.03.30 10:55:33.338,1.87662,1.87695,1.50,1.00
2016.03.30 10:55:34.027,1.87662,1.87694,1.00,1.00
2016.03.30 10:55:34.736,1.87662,1.87695,1.50,1.00
2016.03.30 10:55:35.064,1.87662,1.87698,1.50,1.50
2016.03.30 10:55:35.573,1.87664,1.87698,1.00,1.00
2016.03.30 10:55:36.146,1.87666,1.87698,1.00,1.00
2016.03.30 10:55:36.687,1.87665,1.87698,1.00,1.00
2016.03.30 10:55:38.333,1.87667,1.87698,1.00,1.00
2016.03.30 10:55:39.507,1.87665,1.87698,1.00,1.00
2016.03.30 10:55:39.863,1.87665,1.877,1.00,1.00
2016.03.30 10:55:40.164,1.87667,1.877,1.00,1.00
2016.03.30 10:55:40.903,1.87666,1.87701,1.00,1.00
2016.03.30 10:55:40.954,1.87664,1.877,1.00,1.00
2016.03.30 10:55:41.256,1.87663,1.87697,1.00,1.00
2016.03.30 10:55:44.000,1.87665,1.87697,1.00,1.00
2016.03.30 10:55:44.743,1.87665,1.87698,1.00,1.00
2016.03.30 10:55:45.378,1.87663,1.87697,1.00,1.00
2016.03.30 10:55:45.886,1.87662,1.87696,1.00,1.00
2016.03.30 10:55:46.764,1.8766,1.87696,1.00,1.00
2016.03.30 10:55:47.091,1.87659,1.87694,1.50,1.00
2016.03.30 10:55:48.396,1.8766,1.87696,1.00,1.00
2016.03.30 10:55:50.051,1.8766,1.87693,1.00,1.00
2016.03.30 10:55:51.356,1.87659,1.87693,1.00,1.00
2016.03.30 10:55:51.905,1.87659,1.87694,1.50,1.00
2016.03.30 10:55:52.490,1.8766,1.87693,1.00,1.00
2016.03.30 10:55:56.190,1.87661,1.87695,1.00,1.00
2016.03.30 10:55:56.358,1.87659,1.87694,1.50,1.00
2016.03.30 10:55:56.669,1.87661,1.87695,1.00,1.00
2016.03.30 10:55:58.532,1.87662,1.87697,1.00,1.00
2016.03.30 10:55:59.042,1.87663,1.87697,1.00,1.00
2016.03.30 10:55:59.345,1.87667,1.87697,1.00,1.00
2016.03.30 10:55:59.597,1.87664,1.87697,1.50,1.00
2016.03.30 10:55:59.772,1.87672,1.877,1.00,1.00
2016.03.30 10:56:00.206,1.87669,1.87699,1.00,1.00
2016.03.30 10:56:00.735,1.87668,1.877,1.00,1.00
2016.03.30 10:56:01.052,1.87665,1.87699,1.00,1.00
2016.03.30 10:56:01.564,1.87664,1.87699,1.50,1.50
2016.03.30 10:56:01.934,1.87664,1.87695,1.00,1.00
2016.03.30 10:56:02.035,1.87661,1.87695,1.00,1.00
2016.03.30 10:56:02.414,1.87659,1.87695,1.00,1.50
2016.03.30 10:56:02.515,1.87654,1.8769,1.50,2.25
2016.03.30 10:56:02.819,1.87648,1.87682,1.50,1.00
2016.03.30 10:56:03.121,1.87648,1.87679,1.00,1.00
2016.03.30 10:56:04.412,1.87648,1.87678,1.00,1.00
2016.03.30 10:56:04.984,1.87648,1.87679,1.00,1.00
2016.03.30 10:56:05.536,1.87648,1.8768,1.00,1.00
2016.03.30 10:56:06.014,1.87648,1.87678,1.00,1.00
2016.03.30 10:56:06.418,1.87648,1.87681,1.00,1.00
2016.03.30 10:56:07.724,1.87648,1.87675,1.00,1.00
2016.03.30 10:56:07.825,1.87648,1.87678,1.00,1.00
2016.03.30 10:56:07.944,1.87643,1.87678,1.50,1.00
2016.03.30 10:56:08.761,1.87644,1.87678,1.00,1.00
2016.03.30 10:56:09.273,1.87643,1.87678,1.00,1.00
2016.03.30 10:56:09.815,1.87644,1.87678,1.00,1.00
2016.03.30 10:56:10.237,1.87642,1.87678,1.00,1.00
2016.03.30 10:56:10.526,1.87641,1.87676,1.50,1.00
2016.03.30 10:56:10.829,1.87638,1.87671,1.50,1.00
2016.03.30 10:56:11.132,1.87639,1.87674,1.00,1.00
2016.03.30 10:56:11.294,1.87643,1.87674,1.00,1.00
2016.03.30 10:56:11.345,1.87643,1.87676,1.00,1.00
2016.03.30 10:56:11.632,1.87643,1.87678,1.00,1.00
2016.03.30 10:56:12.156,1.87642,1.87678,1.00,1.00
2016.03.30 10:56:13.159,1.87643,1.87679,1.00,1.50
2016.03.30 10:56:13.626,1.87645,1.8768,1.00,1.00
2016.03.30 10:56:14.140,1.87647,1.87681,1.00,1.00
2016.03.30 10:56:15.759,1.87648,1.87682,1.00,1.00
2016.03.30 10:56:16.554,1.87651,1.87685,1.00,1.50
2016.03.30 10:56:16.856,1.8765,1.87683,1.00,1.00
2016.03.30 10:56:17.158,1.87656,1.8769,1.00,1.00
2016.03.30 10:56:17.346,1.87654,1.87689,1.00,1.00
2016.03.30 10:56:17.649,1.87652,1.87685,1.00,1.00
2016.03.30 10:56:17.853,1.8765,1.87685,1.50,1.00
2016.03.30 10:56:17.954,1.87654,1.87685,1.00,1.00
2016.03.30 10:56:18.218,1.8765,1.87685,1.00,1.00
2016.03.30 10:56:18.858,1.87648,1.87681,1.00,1.00
2016.03.30 10:56:19.260,1.87648,1.87684,1.00,1.00
2016.03.30 10:56:19.613,1.87654,1.87684,1.00,1.00
2016.03.30 10:56:19.952,1.87653,1.87686,1.00,1.00
2016.03.30 10:56:20.516,1.87653,1.87687,1.00,1.00
2016.03.30 10:56:22.474,1.87654,1.87687,1.00,1.00
2016.03.30 10:56:25.204,1.87659,1.87687,1.00,1.00
2016.03.30 10:56:26.370,1.87659,1.87688,1.00,1.00
2016.03.30 10:56:26.420,1.87655,1.87688,1.00,1.00
2016.03.30 10:56:27.754,1.87655,1.8769,1.00,1.87
2016.03.30 10:56:27.905,1.87656,1.87692,1.00,1.00
2016.03.30 10:56:28.056,1.87659,1.87692,1.00,1.00
2016.03.30 10:56:28.249,1.87656,1.87691,1.00,1.00
2016.03.30 10:56:28.351,1.87654,1.87688,1.50,1.00
2016.03.30 10:56:28.854,1.87654,1.87687,1.00,1.00
2016.03.30 10:56:29.660,1.87654,1.87689,1.00,1.00
2016.03.30 10:56:29.930,1.87656,1.87689,1.00,1.00
2016.03.30 10:56:30.464,1.87659,1.87689,1.00,1.00
2016.03.30 10:56:30.666,1.87661,1.87695,1.00,1.00
2016.03.30 10:56:30.817,1.87663,1.87695,1.00,1.00
2016.03.30 10:56:31.334,1.87664,1.87695,1.00,1.00
2016.03.30 10:56:32.053,1.87663,1.87695,1.00,1.00
2016.03.30 10:56:32.254,1.87659,1.87692,1.00,1.00
2016.03.30 10:56:32.818,1.87658,1.87691,1.00,1.00
2016.03.30 10:56:33.983,1.87659,1.87691,1.00,1.00
2016.03.30 10:56:34.529,1.87658,1.87691,1.50,1.00
2016.03.30 10:56:38.100,1.87657,1.87691,1.00,1.00
2016.03.30 10:56:38.495,1.87663,1.8769,1.00,1.00
2016.03.30 10:56:38.824,1.87656,1.8769,1.00,1.00
2016.03.30 10:56:39.542,1.87655,1.87688,1.00,1.00
2016.03.30 10:56:39.744,1.87649,1.87685,1.50,1.00
2016.03.30 10:56:39.845,1.87653,1.87686,1.00,1.00
2016.03.30 10:56:39.946,1.87654,1.8769,1.00,1.00
2016.03.30 10:56:40.098,1.87656,1.87691,1.00,1.50
2016.03.30 10:56:40.799,1.87653,1.87688,1.00,1.00
2016.03.30 10:56:41.730,1.87653,1.87686,1.50,1.00
2016.03.30 10:56:42.032,1.87654,1.8769,1.00,1.00
2016.03.30 10:56:42.133,1.87658,1.8769,1.00,1.00
2016.03.30 10:56:42.468,1.8766,1.87691,1.00,1.00
2016.03.30 10:56:42.519,1.8766,1.87696,1.00,1.00
2016.03.30 10:56:42.620,1.87662,1.87696,1.00,1.00
2016.03.30 10:56:43.143,1.87661,1.87695,1.00,1.00
2016.03.30 10:56:43.647,1.87659,1.87694,1.00,1.00
2016.03.30 10:56:44.213,1.87658,1.87693,1.00,1.00
2016.03.30 10:56:44.641,1.87659,1.87695,1.00,1.00
2016.03.30 10:56:45.253,1.87656,1.87692,1.00,1.00
2016.03.30 10:56:45.567,1.87635,1.87665,1.00,1.00
2016.03.30 10:56:45.618,1.87627,1.87662,1.00,1.00
2016.03.30 10:56:45.745,1.87627,1.87664,1.00,1.00
2016.03.30 10:56:45.946,1.87629,1.87665,1.00,1.50
2016.03.30 10:56:46.249,1.87625,1.87661,1.00,1.37
2016.03.30 10:56:46.350,1.87611,1.87645,1.00,1.00
2016.03.30 10:56:46.552,1.87612,1.87647,1.00,1.00
2016.03.30 10:56:46.993,1.87612,1.87649,1.00,1.00
2016.03.30 10:56:47.454,1.87615,1.87652,1.00,1.00
2016.03.30 10:56:47.756,1.87618,1.87653,1.00,1.00
2016.03.30 10:56:48.298,1.87617,1.87653,1.00,1.50
2016.03.30 10:56:50.314,1.87618,1.87652,1.00,1.00
2016.03.30 10:56:53.219,1.87618,1.87653,1.00,1.00
2016.03.30 10:56:54.265,1.8762,1.87653,1.00,1.00
2016.03.30 10:56:57.857,1.87618,1.87653,1.00,1.00
2016.03.30 10:56:58.241,1.8762,1.87653,1.00,1.00
2016.03.30 10:56:58.883,1.87621,1.87653,1.00,1.00
2016.03.30 10:57:00.275,1.8762,1.87653,1.00,1.00
2016.03.30 10:57:00.376,1.87616,1.87652,1.00,1.00
2016.03.30 10:57:00.476,1.87614,1.87651,1.00,1.00
2016.03.30 10:57:00.737,1.87616,1.87652,1.00,1.00
2016.03.30 10:57:02.473,1.87615,1.87651,1.00,1.00
2016.03.30 10:57:03.040,1.87616,1.87652,1.00,1.00
2016.03.30 10:57:05.365,1.87617,1.87653,1.00,1.50
2016.03.30 10:57:05.909,1.87617,1.87652,1.00,1.00
2016.03.30 10:57:06.377,1.87622,1.87653,1.00,1.00
2016.03.30 10:57:06.579,1.87627,1.87663,1.00,1.00
2016.03.30 10:57:06.680,1.87626,1.87661,1.00,1.00
2016.03.30 10:57:07.024,1.87626,1.87659,1.00,1.00
2016.03.30 10:57:09.777,1.87626,1.87662,1.00,1.00
2016.03.30 10:57:11.293,1.87627,1.87663,1.00,1.12
2016.03.30 10:57:11.394,1.87629,1.87664,1.00,1.50
2016.03.30 10:57:11.705,1.87634,1.87667,1.00,1.00
2016.03.30 10:57:14.389,1.87631,1.87667,1.00,1.00
2016.03.30 10:57:14.854,1.87629,1.87667,1.00,1.50
2016.03.30 10:57:15.364,1.8763,1.87667,1.00,1.00
2016.03.30 10:57:15.884,1.87629,1.87667,1.00,1.50
2016.03.30 10:57:16.073,1.87631,1.87667,1.00,1.00
2016.03.30 10:57:18.458,1.8763,1.87667,1.00,1.00
2016.03.30 10:57:18.959,1.87629,1.87667,1.00,1.00
2016.03.30 10:57:20.493,1.87628,1.87667,1.00,1.12
2016.03.30 10:57:20.905,1.87634,1.8767,1.00,1.00
2016.03.30 10:57:21.968,1.87635,1.8767,1.00,1.00
2016.03.30 10:57:23.977,1.87634,1.8767,1.00,1.00
2016.03.30 10:57:24.179,1.87631,1.8767,1.00,1.37
2016.03.30 10:57:25.672,1.87631,1.8767,1.00,1.00
2016.03.30 10:57:26.377,1.87632,1.8767,1.00,1.00
2016.03.30 10:57:26.702,1.87637,1.8767,1.00,1.00
2016.03.30 10:57:26.803,1.87641,1.87681,1.50,1.00
2016.03.30 10:57:26.904,1.87644,1.87681,1.00,1.00
2016.03.30 10:57:27.156,1.87645,1.87684,1.50,1.00
2016.03.30 10:57:27.470,1.8765,1.87684,1.00,1.00
2016.03.30 10:57:28.005,1.87649,1.87684,1.00,1.00
2016.03.30 10:57:28.407,1.87651,1.87684,1.00,1.00
2016.03.30 10:57:28.722,1.87654,1.87684,1.00,1.00
2016.03.30 10:57:29.376,1.87653,1.87684,1.00,1.00
2016.03.30 10:57:30.087,1.87654,1.87684,1.00,1.00
2016.03.30 10:57:30.137,1.87654,1.87689,1.00,1.12
2016.03.30 10:57:31.136,1.87657,1.87689,1.00,1.00
2016.03.30 10:57:31.669,1.87658,1.87689,1.00,1.00
2016.03.30 10:57:34.590,1.87656,1.87689,1.00,1.00
2016.03.30 10:57:35.129,1.87655,1.87689,1.00,1.00
2016.03.30 10:57:35.643,1.87654,1.87689,1.00,1.50
2016.03.30 10:57:36.694,1.87655,1.87689,1.00,1.00
2016.03.30 10:57:38.191,1.87655,1.87686,1.00,1.00
2016.03.30 10:57:38.704,1.87654,1.87686,1.00,1.00
2016.03.30 10:57:39.256,1.87655,1.87686,1.00,1.00
2016.03.30 10:57:40.902,1.87654,1.87686,1.00,1.00
2016.03.30 10:57:41.583,1.87658,1.87686,1.00,1.00
2016.03.30 10:57:41.714,1.87655,1.87686,1.00,1.00
2016.03.30 10:57:41.906,1.87658,1.87686,1.00,1.00
2016.03.30 10:57:42.057,1.87661,1.87694,1.00,1.00
2016.03.30 10:57:42.108,1.87666,1.87694,1.00,1.00
2016.03.30 10:57:42.209,1.87667,1.87701,1.00,1.00
2016.03.30 10:57:42.310,1.87676,1.87701,1.00,1.00
2016.03.30 10:57:42.719,1.87678,1.8771,1.00,1.00
2016.03.30 10:57:43.422,1.87682,1.8771,1.00,1.00
2016.03.30 10:57:43.752,1.87684,1.87716,1.00,1.00
2016.03.30 10:57:44.095,1.87688,1.87716,1.00,1.00
2016.03.30 10:57:44.638,1.87689,1.87719,1.00,1.00
2016.03.30 10:57:44.789,1.87689,1.87721,1.00,1.00
2016.03.30 10:57:45.379,1.8769,1.87721,1.00,1.00
2016.03.30 10:57:46.824,1.87691,1.87721,1.00,1.00
2016.03.30 10:57:47.429,1.8769,1.87721,1.00,1.00
2016.03.30 10:57:47.982,1.87689,1.8772,1.00,1.00
2016.03.30 10:57:48.340,1.87691,1.8772,1.00,1.00
2016.03.30 10:57:48.885,1.87689,1.8772,1.00,1.00
2016.03.30 10:57:48.993,1.87689,1.87722,1.00,1.00
2016.03.30 10:57:49.245,1.87691,1.87722,1.00,1.00
2016.03.30 10:57:50.799,1.87692,1.87722,1.00,1.00
2016.03.30 10:57:51.247,1.87696,1.87725,1.00,1.00
2016.03.30 10:57:51.449,1.87698,1.87729,1.00,1.00
2016.03.30 10:57:52.122,1.87697,1.87729,1.00,1.00
2016.03.30 10:57:52.223,1.87695,1.87729,1.00,1.00
2016.03.30 10:57:53.042,1.87696,1.87729,1.00,1.00
2016.03.30 10:57:53.717,1.87695,1.87729,1.00,1.00
2016.03.30 10:57:54.255,1.87696,1.87729,1.00,1.00
2016.03.30 10:57:55.030,1.87694,1.87726,1.00,1.00
2016.03.30 10:57:56.507,1.87695,1.87726,1.00,1.00
2016.03.30 10:57:59.210,1.87696,1.87729,1.00,1.50
2016.03.30 10:57:59.311,1.87701,1.87729,1.00,1.00
2016.03.30 10:57:59.362,1.87701,1.87731,1.00,1.00
2016.03.30 10:57:59.413,1.87701,1.87735,1.00,1.00
2016.03.30 10:57:59.514,1.87703,1.87735,1.00,1.00
2016.03.30 10:57:59.947,1.87701,1.87735,1.00,1.00
2016.03.30 10:58:00.232,1.87705,1.87735,1.00,1.00
2016.03.30 10:58:00.535,1.87722,1.87751,1.00,1.00
2016.03.30 10:58:00.686,1.87722,1.87757,1.00,1.00
2016.03.30 10:58:01.122,1.8772,1.87757,1.00,1.12
2016.03.30 10:58:01.223,1.87718,1.87756,1.00,1.12
2016.03.30 10:58:01.375,1.87718,1.87752,1.00,1.00
2016.03.30 10:58:01.425,1.87715,1.87752,1.00,1.00
2016.03.30 10:58:02.696,1.87717,1.87752,1.00,1.00
2016.03.30 10:58:03.626,1.87715,1.87752,1.00,1.00
2016.03.30 10:58:04.166,1.87714,1.87752,1.00,1.00
2016.03.30 10:58:05.120,1.87713,1.87752,1.00,1.00
2016.03.30 10:58:06.022,1.87712,1.87752,1.00,1.00
2016.03.30 10:58:16.269,1.87713,1.87752,1.00,1.00
2016.03.30 10:58:19.524,1.87712,1.87752,1.50,1.00
2016.03.30 10:58:30.783,1.87709,1.87749,1.50,1.00
2016.03.30 10:58:31.095,1.87699,1.87737,1.00,1.00
2016.03.30 10:58:31.601,1.87698,1.87736,1.00,1.00
2016.03.30 10:58:31.982,1.87694,1.87735,1.00,1.00
2016.03.30 10:58:32.033,1.87694,1.87735,1.34,1.00
2016.03.30 10:58:32.462,1.87701,1.87737,1.00,1.00
2016.03.30 10:58:32.614,1.87705,1.87745,1.00,1.50
2016.03.30 10:58:33.584,1.87708,1.87745,1.00,1.50
2016.03.30 10:58:33.795,1.87711,1.87751,1.00,1.00
2016.03.30 10:58:34.075,1.87711,1.8775,1.34,1.00
2016.03.30 10:58:34.377,1.87723,1.87748,1.00,1.50
2016.03.30 10:58:34.697,1.87723,1.87751,1.00,1.00
2016.03.30 10:58:35.549,1.87718,1.87751,1.00,1.50
2016.03.30 10:58:35.981,1.87724,1.87748,1.00,1.00
2016.03.30 10:58:36.250,1.87718,1.87748,1.00,1.00
2016.03.30 10:58:37.389,1.87718,1.87746,1.00,1.00
2016.03.30 10:58:37.759,1.87718,1.87737,1.00,1.00
2016.03.30 10:58:37.810,1.87703,1.87737,1.00,1.00
2016.03.30 10:58:37.962,1.87702,1.87735,1.00,1.00
2016.03.30 10:58:38.273,1.87704,1.87736,1.00,1.00
2016.03.30 10:58:38.491,1.87702,1.87736,1.00,1.00
2016.03.30 10:58:38.642,1.877,1.87735,1.00,1.00
2016.03.30 10:58:39.148,1.877,1.87734,1.00,1.00
2016.03.30 10:58:40.381,1.87708,1.87734,1.00,1.00
2016.03.30 10:58:41.096,1.87709,1.87735,1.00,1.00
2016.03.30 10:58:43.123,1.87708,1.87735,1.00,1.00
2016.03.30 10:58:43.668,1.87709,1.87735,1.00,1.00
2016.03.30 10:58:44.431,1.87708,1.87735,1.00,1.00
2016.03.30 10:58:45.998,1.87708,1.87734,1.00,1.00
2016.03.30 10:58:48.566,1.87708,1.87735,1.00,1.00
2016.03.30 10:58:48.882,1.87708,1.87733,1.00,1.00
2016.03.30 10:58:50.135,1.87708,1.87735,1.00,1.00
2016.03.30 10:58:54.350,1.87708,1.87736,1.00,1.00
2016.03.30 10:58:55.554,1.87713,1.87736,1.00,1.00
2016.03.30 10:58:55.755,1.87713,1.87739,1.00,1.00
2016.03.30 10:58:55.906,1.87719,1.87739,1.00,1.00
2016.03.30 10:58:56.008,1.87713,1.87739,1.00,1.00
2016.03.30 10:58:56.059,1.87713,1.87742,1.00,1.00
2016.03.30 10:58:57.667,1.87713,1.87743,1.00,1.00
2016.03.30 10:58:58.208,1.87713,1.87742,1.00,1.00
2016.03.30 10:58:59.345,1.87713,1.87741,1.00,1.00
2016.03.30 10:58:59.722,1.87708,1.87741,1.00,1.00
2016.03.30 10:59:01.150,1.87708,1.8774,1.00,1.00
2016.03.30 10:59:01.676,1.87708,1.87741,1.00,1.00
2016.03.30 10:59:02.303,1.87713,1.87741,1.00,1.00
2016.03.30 10:59:02.584,1.87714,1.87746,1.00,1.00
2016.03.30 10:59:02.787,1.87714,1.87743,1.00,1.00
2016.03.30 10:59:02.838,1.87709,1.87743,1.00,1.00
2016.03.30 10:59:02.889,1.87709,1.8774,1.00,1.00
2016.03.30 10:59:03.404,1.87708,1.8774,1.00,1.00
2016.03.30 10:59:03.937,1.87709,1.87741,1.00,1.00
2016.03.30 10:59:04.280,1.87713,1.87741,1.00,1.00
2016.03.30 10:59:04.845,1.87714,1.87742,1.00,1.00
2016.03.30 10:59:06.100,1.87713,1.87742,1.00,1.00
2016.03.30 10:59:06.201,1.87713,1.87745,1.00,1.00
2016.03.30 10:59:06.302,1.87714,1.87747,1.00,1.50
2016.03.30 10:59:06.353,1.87718,1.87747,1.00,1.50
2016.03.30 10:59:06.655,1.87706,1.87735,1.00,1.00
2016.03.30 10:59:06.706,1.87701,1.87735,1.00,1.00
2016.03.30 10:59:06.807,1.87703,1.87735,1.00,1.00
2016.03.30 10:59:07.093,1.877,1.87733,1.00,1.00
2016.03.30 10:59:07.194,1.87698,1.87732,1.50,1.00
2016.03.30 10:59:07.395,1.87695,1.87728,1.50,1.00
2016.03.30 10:59:07.916,1.87694,1.87729,1.00,1.00
2016.03.30 10:59:08.463,1.87696,1.8773,1.00,1.00
2016.03.30 10:59:08.898,1.87694,1.8773,1.00,1.00
2016.03.30 10:59:10.064,1.87695,1.87731,1.00,1.00
2016.03.30 10:59:10.623,1.87694,1.8773,1.00,1.00
2016.03.30 10:59:11.174,1.87693,1.87726,1.00,1.00
2016.03.30 10:59:11.993,1.87693,1.87728,2.25,1.00
2016.03.30 10:59:12.308,1.87694,1.8773,1.50,1.00
2016.03.30 10:59:13.109,1.87694,1.87731,1.50,1.00
2016.03.30 10:59:13.911,1.87699,1.87731,1.00,1.00
2016.03.30 10:59:14.459,1.87699,1.87732,1.00,1.50
2016.03.30 10:59:15.018,1.87698,1.87732,1.00,1.00
2016.03.30 10:59:15.219,1.87698,1.87736,1.00,1.00
2016.03.30 10:59:15.270,1.877,1.87736,1.00,1.00
2016.03.30 10:59:15.321,1.87701,1.87738,1.00,1.00
2016.03.30 10:59:15.421,1.87702,1.8774,1.00,1.50
2016.03.30 10:59:15.522,1.87704,1.87742,1.00,1.00
2016.03.30 10:59:15.573,1.87705,1.87744,1.00,1.00
2016.03.30 10:59:16.079,1.87706,1.87747,1.00,1.00
2016.03.30 10:59:16.583,1.87707,1.87747,1.00,1.00
2016.03.30 10:59:17.163,1.87708,1.87748,1.00,1.00
2016.03.30 10:59:17.672,1.87707,1.87748,1.00,1.00
2016.03.30 10:59:17.773,1.87709,1.87748,1.00,1.00
2016.03.30 10:59:18.373,1.87708,1.87748,1.00,1.00
2016.03.30 10:59:19.823,1.87707,1.87748,1.00,1.00
2016.03.30 10:59:20.391,1.87709,1.87748,1.00,1.00
2016.03.30 10:59:20.774,1.87707,1.87748,1.00,1.00
2016.03.30 10:59:21.321,1.87708,1.87748,1.00,1.00
2016.03.30 10:59:22.343,1.8771,1.8775,1.00,1.00
2016.03.30 10:59:24.595,1.87712,1.8775,1.00,1.00
2016.03.30 10:59:25.112,1.87713,1.8775,1.00,1.00
2016.03.30 10:59:25.443,1.87713,1.87747,1.00,1.00
2016.03.30 10:59:25.494,1.87715,1.87754,1.00,1.00
2016.03.30 10:59:25.717,1.87715,1.87752,1.00,1.00
2016.03.30 10:59:26.098,1.87717,1.87752,1.00,1.00
2016.03.30 10:59:26.497,1.87715,1.87752,1.00,1.00
2016.03.30 10:59:27.187,1.87716,1.87752,1.00,1.00
2016.03.30 10:59:27.500,1.87713,1.87752,1.00,1.50
2016.03.30 10:59:28.212,1.87715,1.87752,1.00,1.50
2016.03.30 10:59:28.514,1.87714,1.8775,1.00,1.00
2016.03.30 10:59:29.421,1.87712,1.87749,1.50,1.00
2016.03.30 10:59:29.722,1.87713,1.87751,1.00,1.00
2016.03.30 10:59:30.274,1.87716,1.87752,1.00,1.50
2016.03.30 10:59:30.837,1.87717,1.87752,1.00,1.00
2016.03.30 10:59:31.343,1.87718,1.87755,2.21,1.00
2016.03.30 10:59:31.496,1.87719,1.87757,1.50,1.00
2016.03.30 10:59:32.012,1.87719,1.87754,1.00,1.00
2016.03.30 10:59:32.547,1.87719,1.87755,1.34,1.00
2016.03.30 10:59:32.699,1.87719,1.87757,1.84,1.00
2016.03.30 10:59:33.945,1.8772,1.87758,1.09,1.00
2016.03.30 10:59:34.740,1.8772,1.87757,1.09,1.00
2016.03.30 10:59:35.246,1.87719,1.87756,1.84,1.00
2016.03.30 10:59:35.791,1.87719,1.87755,1.34,1.00
2016.03.30 10:59:36.902,1.87719,1.87752,1.34,1.00
2016.03.30 10:59:37.308,1.87719,1.8775,1.34,1.00
2016.03.30 10:59:37.857,1.87719,1.87749,1.00,1.00
2016.03.30 10:59:38.430,1.87719,1.87748,1.50,1.00
2016.03.30 10:59:38.682,1.87716,1.87749,1.00,1.00
2016.03.30 10:59:38.934,1.87716,1.87747,1.00,1.00
2016.03.30 10:59:39.609,1.87716,1.87748,1.00,1.00
2016.03.30 10:59:40.131,1.87719,1.87751,1.00,1.00
2016.03.30 10:59:40.637,1.87718,1.87751,1.00,1.00
2016.03.30 10:59:40.838,1.87719,1.87753,1.00,1.00
2016.03.30 10:59:41.040,1.87726,1.87758,1.00,1.00
2016.03.30 10:59:41.585,1.87726,1.87759,1.00,1.00
2016.03.30 10:59:41.935,1.87733,1.87765,1.00,1.00
2016.03.30 10:59:42.238,1.87733,1.87767,1.00,1.00
2016.03.30 10:59:42.780,1.87733,1.87768,1.00,1.00
2016.03.30 10:59:43.752,1.87733,1.87767,1.00,1.00
2016.03.30 10:59:43.953,1.87733,1.87763,1.00,1.00
2016.03.30 10:59:44.004,1.87728,1.87763,1.00,1.00
2016.03.30 10:59:44.256,1.87728,1.8776,1.00,1.00
2016.03.30 10:59:44.508,1.87716,1.8775,1.00,1.00
2016.03.30 10:59:44.825,1.87715,1.87748,1.00,1.00
2016.03.30 10:59:45.371,1.87715,1.87749,1.00,1.00
2016.03.30 10:59:45.763,1.87715,1.87746,1.00,1.00
2016.03.30 10:59:46.087,1.87715,1.87743,1.00,1.00
2016.03.30 10:59:46.138,1.87712,1.87741,1.00,1.00
2016.03.30 10:59:46.669,1.87712,1.8774,1.00,1.00
2016.03.30 10:59:47.381,1.87709,1.87742,1.00,1.00
2016.03.30 10:59:47.431,1.87722,1.87755,1.00,1.00
2016.03.30 10:59:47.734,1.87725,1.87758,1.00,1.00
2016.03.30 10:59:47.835,1.87725,1.8776,1.00,1.00
2016.03.30 10:59:47.936,1.87728,1.87765,1.00,1.00
2016.03.30 10:59:47.987,1.87732,1.87765,1.00,1.00
2016.03.30 10:59:48.522,1.87732,1.87762,1.00,1.00
2016.03.30 10:59:49.036,1.87732,1.8776,1.00,1.00
2016.03.30 10:59:49.565,1.87732,1.87761,1.00,1.00
2016.03.30 10:59:50.126,1.87732,1.8776,1.00,1.00
2016.03.30 10:59:50.472,1.87716,1.87741,1.00,1.00
2016.03.30 10:59:50.573,1.87716,1.87743,1.00,1.00
2016.03.30 10:59:51.251,1.87716,1.87745,1.00,1.00
2016.03.30 10:59:51.776,1.87716,1.87744,1.00,1.00
2016.03.30 10:59:53.129,1.87716,1.87745,1.00,1.00
2016.03.30 10:59:53.753,1.87716,1.87747,1.00,1.00
2016.03.30 10:59:54.646,1.87716,1.87746,1.00,1.00
2016.03.30 10:59:55.139,1.87712,1.87745,1.00,1.00
2016.03.30 10:59:55.190,1.8771,1.87745,1.00,1.00
2016.03.30 10:59:55.341,1.8771,1.87747,1.00,1.00
2016.03.30 10:59:55.442,1.8771,1.87745,1.00,1.00
2016.03.30 10:59:56.048,1.87711,1.87746,1.00,1.00
2016.03.30 10:59:56.385,1.87708,1.87738,1.00,1.00
2016.03.30 10:59:56.436,1.87704,1.87737,1.00,1.00
2016.03.30 10:59:56.637,1.87703,1.87735,1.00,1.00
2016.03.30 10:59:57.159,1.87703,1.87736,1.00,1.00
2016.03.30 10:59:57.361,1.87698,1.87735,1.00,1.00
2016.03.30 10:59:57.462,1.87701,1.87737,1.00,1.00
2016.03.30 10:59:57.563,1.87705,1.87742,1.00,1.50
2016.03.30 10:59:57.614,1.87708,1.87742,1.00,1.50
2016.03.30 10:59:57.664,1.87709,1.87745,1.00,1.00
2016.03.30 10:59:57.715,1.87714,1.87745,1.00,1.00
2016.03.30 10:59:57.866,1.87714,1.87748,1.00,1.00
2016.03.30 10:59:58.213,1.87714,1.87746,1.00,1.00
2016.03.30 10:59:58.721,1.87709,1.87745,1.00,1.00
2016.03.30 10:59:58.772,1.87707,1.87739,1.00,1.00
2016.03.30 10:59:58.973,1.87707,1.87742,1.00,1.00
2016.03.30 10:59:59.654,1.87707,1.8774,1.00,1.00
