2013.01.11 13:00:00.089,1.5861,1.58638,1.13,1.13
2013.01.11 13:00:00.208,1.58607,1.58638,1.13,1.73
2013.01.11 13:00:00.509,1.58607,1.58638,1.35,2.10
2013.01.11 13:00:01.660,1.58609,1.58638,1.13,1.35
2013.01.11 13:00:01.778,1.58609,1.58638,1.35,1.13
2013.01.11 13:00:01.839,1.58609,1.5864,1.35,1.50
2013.01.11 13:00:04.803,1.58607,1.58643,1.54,2.48
2013.01.11 13:00:05.031,1.58605,1.5864,2.85,1.35
2013.01.11 13:00:06.259,1.58605,1.58637,1.35,1.13
2013.01.11 13:00:06.500,1.58597,1.58632,1.73,1.35
2013.01.11 13:00:07.630,1.58591,1.58625,1.73,1.13
2013.01.11 13:00:07.689,1.58591,1.58625,1.50,1.35
2013.01.11 13:00:07.814,1.58592,1.58625,1.50,1.35
2013.01.11 13:00:08.888,1.58592,1.58625,2.25,1.35
2013.01.11 13:00:09.009,1.58593,1.58627,1.35,2.85
2013.01.11 13:00:09.128,1.58594,1.58627,1.73,1.35
2013.01.11 13:00:09.472,1.58593,1.58623,1.69,1.35
2013.01.11 13:00:10.469,1.58593,1.58626,2.25,3.23
2013.01.11 13:00:10.533,1.58596,1.58626,1.35,2.63
2013.01.11 13:00:10.779,1.58603,1.58632,1.13,2.48
2013.01.11 13:00:10.899,1.58603,1.58632,1.35,1.50
2013.01.11 13:00:10.959,1.58604,1.58634,1.35,2.25
2013.01.11 13:00:11.019,1.58604,1.58634,1.73,2.25
2013.01.11 13:00:11.199,1.58602,1.58636,1.73,1.73
2013.01.11 13:00:13.991,1.58605,1.58635,1.35,2.25
2013.01.11 13:00:14.060,1.58605,1.58635,1.35,1.13
2013.01.11 13:00:14.179,1.58603,1.58635,1.35,1.35
2013.01.11 13:00:14.419,1.58596,1.58628,1.35,1.13
2013.01.11 13:00:14.539,1.58596,1.58628,1.73,1.35
2013.01.11 13:00:18.648,1.58599,1.58629,1.13,1.35
2013.01.11 13:00:18.829,1.58599,1.58629,1.35,2.25
2013.01.11 13:00:20.939,1.58594,1.58628,1.50,1.35
2013.01.11 13:00:21.059,1.58594,1.58625,1.50,1.35
2013.01.11 13:00:21.729,1.58593,1.58621,1.35,1.50
2013.01.11 13:00:23.209,1.58593,1.58622,1.35,2.25
2013.01.11 13:00:23.921,1.58593,1.58621,1.35,1.50
2013.01.11 13:00:25.619,1.58592,1.58623,1.35,2.48
2013.01.11 13:00:26.129,1.58592,1.58624,1.35,2.25
2013.01.11 13:00:28.290,1.58592,1.58623,1.35,2.48
2013.01.11 13:00:28.988,1.58594,1.58627,1.50,1.73
2013.01.11 13:00:29.114,1.58601,1.58631,1.13,2.63
2013.01.11 13:00:29.180,1.58598,1.58629,1.73,1.13
2013.01.11 13:00:29.300,1.58598,1.58629,1.50,1.35
2013.01.11 13:00:29.821,1.58598,1.58627,1.13,2.48
2013.01.11 13:00:29.879,1.58595,1.58626,1.73,1.35
2013.01.11 13:00:30.179,1.58595,1.58626,1.73,1.35
2013.01.11 13:00:30.874,1.58591,1.58616,2.10,1.50
2013.01.11 13:00:30.965,1.58589,1.58615,1.50,1.35
2013.01.11 13:00:31.030,1.58589,1.58615,1.50,1.13
2013.01.11 13:00:31.091,1.58589,1.58613,1.50,2.33
2013.01.11 13:00:31.270,1.58584,1.58612,1.88,1.73
2013.01.11 13:00:31.773,1.58583,1.58606,1.69,1.13
2013.01.11 13:00:31.898,1.58581,1.58606,1.50,1.13
2013.01.11 13:00:32.518,1.58574,1.58606,3.60,1.13
2013.01.11 13:00:35.401,1.58575,1.58603,3.60,1.13
2013.01.11 13:00:35.520,1.58585,1.58605,1.50,1.13
2013.01.11 13:00:35.759,1.58577,1.58602,1.73,1.13
2013.01.11 13:00:35.879,1.58581,1.58602,1.50,1.13
2013.01.11 13:00:35.999,1.58581,1.58608,1.73,1.13
2013.01.11 13:00:36.819,1.5858,1.58612,1.35,1.13
2013.01.11 13:00:36.999,1.58581,1.58613,1.35,1.13
2013.01.11 13:00:37.890,1.5858,1.58613,2.85,1.35
2013.01.11 13:00:37.949,1.5858,1.58608,2.48,1.13
2013.01.11 13:00:39.179,1.58581,1.58612,1.35,1.35
2013.01.11 13:00:40.046,1.58581,1.58608,2.10,1.13
2013.01.11 13:00:42.113,1.58582,1.58609,1.73,1.13
2013.01.11 13:00:42.180,1.58582,1.58611,1.73,1.13
2013.01.11 13:00:42.240,1.58582,1.58611,1.73,1.13
2013.01.11 13:00:43.130,1.58583,1.5862,2.10,3.83
2013.01.11 13:00:43.190,1.58589,1.5862,1.13,2.85
2013.01.11 13:00:43.309,1.58589,1.5862,1.35,2.63
2013.01.11 13:00:49.949,1.58589,1.58617,1.35,1.13
2013.01.11 13:00:50.008,1.58589,1.58617,1.35,1.13
2013.01.11 13:00:50.070,1.58587,1.58616,2.85,1.13
2013.01.11 13:00:50.189,1.58586,1.58613,1.73,1.13
2013.01.11 13:00:50.248,1.58586,1.58613,1.50,1.13
2013.01.11 13:00:50.369,1.58581,1.58612,1.73,1.13
2013.01.11 13:00:51.191,1.58582,1.58613,1.35,1.13
2013.01.11 13:00:51.430,1.58584,1.58615,2.48,1.13
2013.01.11 13:00:55.389,1.58586,1.58618,1.05,2.25
2013.01.11 13:00:55.452,1.58587,1.58618,1.73,2.25
2013.01.11 13:00:55.974,1.58587,1.58618,1.73,2.63
2013.01.11 13:00:56.160,1.58584,1.58618,1.73,1.13
2013.01.11 13:00:57.149,1.58584,1.58612,2.85,1.13
2013.01.11 13:00:57.210,1.58583,1.58612,2.85,1.13
2013.01.11 13:00:57.270,1.58583,1.58611,2.10,1.13
2013.01.11 13:00:57.331,1.58582,1.58611,1.35,1.13
2013.01.11 13:00:59.880,1.58582,1.58616,1.35,1.35
2013.01.11 13:01:00.000,1.58583,1.58616,1.35,1.35
2013.01.11 13:01:00.059,1.58583,1.58616,1.35,1.13
2013.01.11 13:01:01.259,1.58586,1.58616,2.29,1.13
2013.01.11 13:01:02.709,1.58585,1.58616,2.10,1.13
2013.01.11 13:01:15.532,1.58583,1.58615,1.35,1.13
2013.01.11 13:01:15.650,1.58583,1.58615,1.35,1.13
2013.01.11 13:01:15.770,1.58577,1.58607,1.32,1.13
2013.01.11 13:01:15.829,1.58577,1.58607,1.32,1.13
2013.01.11 13:01:17.181,1.58576,1.58607,1.35,1.13
2013.01.11 13:01:17.540,1.58585,1.58607,1.50,1.13
2013.01.11 13:01:17.660,1.58585,1.58613,2.25,1.73
2013.01.11 13:01:17.721,1.58585,1.58613,2.48,1.13
2013.01.11 13:01:17.899,1.58585,1.58616,1.35,1.13
2013.01.11 13:01:23.108,1.58585,1.58621,1.35,1.73
2013.01.11 13:01:23.231,1.58588,1.58621,1.13,1.73
2013.01.11 13:01:23.289,1.58588,1.58621,1.35,1.13
2013.01.11 13:01:23.649,1.58586,1.58616,3.23,1.13
2013.01.11 13:01:23.969,1.58586,1.58616,1.88,1.13
2013.01.11 13:01:25.109,1.58586,1.58616,1.73,1.13
2013.01.11 13:01:25.629,1.58585,1.58611,2.10,1.13
2013.01.11 13:01:26.449,1.58582,1.58612,1.50,1.13
2013.01.11 13:01:27.429,1.58583,1.58612,1.50,1.13
2013.01.11 13:01:27.559,1.5858,1.58612,1.50,1.13
2013.01.11 13:01:27.618,1.58583,1.58612,1.50,1.13
2013.01.11 13:01:30.849,1.58583,1.58612,1.50,1.13
2013.01.11 13:01:31.088,1.58576,1.58607,1.13,1.35
2013.01.11 13:01:31.635,1.5858,1.58612,1.13,1.73
2013.01.11 13:01:31.709,1.58583,1.58614,2.25,1.35
2013.01.11 13:01:51.629,1.5858,1.58615,1.73,1.35
2013.01.11 13:01:52.450,1.5857,1.58603,1.35,1.13
2013.01.11 13:01:52.523,1.58577,1.58606,1.35,1.50
2013.01.11 13:01:52.677,1.58575,1.58607,1.13,2.48
2013.01.11 13:01:53.039,1.58574,1.58605,1.50,1.35
2013.01.11 13:01:53.340,1.58569,1.58605,1.73,1.35
2013.01.11 13:01:53.399,1.58569,1.58603,1.35,1.13
2013.01.11 13:01:53.519,1.58566,1.58603,1.13,1.35
2013.01.11 13:01:55.791,1.58567,1.58599,2.48,1.13
2013.01.11 13:01:55.970,1.58566,1.58599,1.13,1.35
2013.01.11 13:01:56.029,1.58566,1.58599,1.13,1.35
2013.01.11 13:01:56.543,1.58566,1.58599,1.50,1.35
2013.01.11 13:01:57.614,1.58566,1.58604,1.13,1.73
2013.01.11 13:01:57.800,1.58573,1.58604,1.13,1.13
2013.01.11 13:01:57.861,1.5857,1.58604,2.10,2.25
2013.01.11 13:01:57.919,1.5857,1.58599,1.50,1.35
2013.01.11 13:01:58.160,1.58566,1.58599,1.88,1.35
2013.01.11 13:02:01.355,1.58566,1.58599,1.35,1.13
2013.01.11 13:02:11.280,1.58566,1.58598,1.35,1.13
2013.01.11 13:02:12.929,1.58566,1.58598,1.35,1.13
2013.01.11 13:02:15.890,1.58566,1.58598,1.35,1.13
2013.01.11 13:02:16.251,1.58568,1.58598,1.40,1.13
2013.01.11 13:02:16.430,1.58568,1.58602,1.62,1.13
2013.01.11 13:02:17.049,1.58569,1.58602,2.48,1.13
2013.01.11 13:02:19.639,1.58573,1.58602,2.63,1.13
2013.01.11 13:02:20.391,1.58573,1.58602,1.73,1.13
2013.01.11 13:02:20.508,1.58573,1.58597,1.50,1.13
2013.01.11 13:02:21.409,1.58569,1.58597,1.65,1.13
2013.01.11 13:02:21.469,1.58575,1.58602,1.54,1.13
2013.01.11 13:02:21.589,1.58577,1.58606,1.35,1.13
2013.01.11 13:02:21.729,1.58577,1.58606,1.35,1.13
2013.01.11 13:02:21.939,1.58577,1.58606,1.35,1.13
2013.01.11 13:02:22.144,1.58577,1.5861,1.35,2.63
2013.01.11 13:02:22.650,1.58578,1.5861,1.35,2.63
2013.01.11 13:02:23.400,1.58579,1.58611,1.13,1.35
2013.01.11 13:02:23.649,1.58579,1.58613,1.13,1.73
2013.01.11 13:02:23.769,1.58579,1.58613,1.35,1.13
2013.01.11 13:02:24.029,1.58579,1.58613,1.35,3.00
2013.01.11 13:02:24.739,1.58582,1.58613,1.13,3.00
2013.01.11 13:02:27.619,1.58582,1.58612,1.13,1.50
2013.01.11 13:02:30.759,1.58582,1.58615,1.13,1.35
2013.01.11 13:02:32.508,1.58584,1.58615,1.35,1.13
2013.01.11 13:02:42.479,1.58587,1.58614,1.35,1.50
2013.01.11 13:02:42.780,1.58587,1.58618,1.35,2.25
2013.01.11 13:02:45.449,1.58588,1.58617,2.00,2.25
2013.01.11 13:02:45.769,1.58587,1.58618,1.35,2.25
2013.01.11 13:02:47.098,1.58584,1.58618,2.18,2.25
2013.01.11 13:02:47.339,1.58583,1.58616,1.73,1.13
2013.01.11 13:02:50.518,1.58584,1.58615,1.54,2.63
2013.01.11 13:02:50.638,1.58583,1.58616,2.25,2.63
2013.01.11 13:02:56.610,1.58583,1.58616,1.35,1.88
2013.01.11 13:02:56.730,1.58584,1.58616,1.41,1.88
2013.01.11 13:02:57.031,1.58587,1.58619,3.23,1.13
2013.01.11 13:02:57.209,1.58591,1.58622,1.35,1.50
2013.01.11 13:02:57.749,1.58591,1.58623,1.35,2.44
2013.01.11 13:02:58.345,1.58593,1.58623,1.35,2.44
2013.01.11 13:03:01.111,1.58589,1.5862,3.00,1.58
2013.01.11 13:03:01.169,1.58589,1.5862,2.78,1.80
2013.01.11 13:03:01.229,1.58586,1.58612,1.50,1.13
2013.01.11 13:03:01.349,1.58581,1.58612,1.35,1.13
2013.01.11 13:03:01.469,1.58573,1.58604,1.58,1.13
2013.01.11 13:03:01.529,1.58573,1.58604,1.35,1.13
2013.01.11 13:03:01.649,1.58573,1.58604,1.73,1.13
2013.01.11 13:03:04.559,1.58574,1.58604,1.73,1.13
2013.01.11 13:03:04.919,1.58593,1.58619,1.35,1.50
2013.01.11 13:03:05.039,1.58593,1.58619,1.13,1.50
2013.01.11 13:03:05.389,1.58589,1.58616,1.73,1.50
2013.01.11 13:03:05.489,1.58589,1.58618,1.73,1.13
2013.01.11 13:03:08.182,1.58586,1.5862,2.85,1.13
2013.01.11 13:03:08.312,1.5859,1.58621,1.35,1.13
2013.01.11 13:03:08.640,1.58588,1.58619,1.35,1.13
2013.01.11 13:03:09.139,1.58588,1.58619,1.35,1.13
2013.01.11 13:03:12.033,1.58588,1.58619,3.23,1.13
2013.01.11 13:03:12.279,1.5859,1.58626,1.73,1.50
2013.01.11 13:03:12.785,1.5859,1.58625,2.63,1.13
2013.01.11 13:03:12.909,1.58595,1.58627,1.35,1.13
2013.01.11 13:03:13.129,1.58595,1.58628,2.85,1.50
2013.01.11 13:03:13.645,1.58595,1.58628,2.85,1.50
2013.01.11 13:03:19.679,1.58595,1.58628,2.85,1.13
2013.01.11 13:03:20.704,1.58595,1.58628,2.85,1.13
2013.01.11 13:03:21.242,1.58597,1.58628,2.86,1.13
2013.01.11 13:03:21.299,1.58597,1.5863,2.86,1.13
2013.01.11 13:03:21.842,1.58597,1.58629,1.73,1.13
2013.01.11 13:03:22.269,1.58598,1.5863,2.10,1.13
2013.01.11 13:03:22.390,1.58598,1.58632,2.85,1.13
2013.01.11 13:03:22.868,1.58598,1.58634,3.23,1.13
2013.01.11 13:03:22.928,1.58598,1.58634,3.00,1.13
2013.01.11 13:03:23.273,1.58598,1.58629,2.64,1.13
2013.01.11 13:03:25.741,1.58601,1.58634,1.35,1.13
2013.01.11 13:03:26.220,1.58601,1.58634,1.35,1.13
2013.01.11 13:03:26.400,1.58601,1.58634,2.10,1.13
2013.01.11 13:03:34.051,1.58597,1.58632,2.48,1.13
2013.01.11 13:03:44.519,1.58595,1.58632,3.39,1.13
2013.01.11 13:03:45.850,1.586,1.58632,2.33,1.13
2013.01.11 13:03:45.971,1.586,1.58632,1.88,1.13
2013.01.11 13:03:47.485,1.58598,1.58634,2.48,1.13
2013.01.11 13:03:49.123,1.58601,1.58635,2.85,1.13
2013.01.11 13:03:49.720,1.58601,1.58637,2.48,1.50
2013.01.11 13:03:50.629,1.586,1.58635,1.35,1.13
2013.01.11 13:03:52.850,1.58598,1.58632,2.48,1.50
2013.01.11 13:03:53.416,1.58598,1.58632,2.48,1.50
2013.01.11 13:04:00.559,1.58601,1.58632,1.13,1.13
2013.01.11 13:04:01.037,1.58604,1.58635,1.35,2.25
2013.01.11 13:04:04.681,1.58599,1.58633,1.98,2.25
2013.01.11 13:04:04.919,1.58598,1.58629,1.35,2.25
2013.01.11 13:04:05.039,1.58594,1.58624,3.23,1.13
2013.01.11 13:04:06.480,1.58594,1.58624,1.35,1.13
2013.01.11 13:04:11.912,1.58594,1.58624,1.35,1.13
2013.01.11 13:04:12.149,1.58594,1.58624,1.35,1.13
2013.01.11 13:04:12.741,1.58594,1.58624,1.35,1.13
2013.01.11 13:04:13.400,1.58598,1.58624,2.48,1.13
2013.01.11 13:04:13.729,1.58598,1.58624,2.48,1.13
2013.01.11 13:04:14.270,1.58604,1.58628,1.73,1.13
2013.01.11 13:04:14.391,1.58604,1.58628,2.07,1.13
2013.01.11 13:04:14.451,1.58609,1.58628,1.50,1.13
2013.01.11 13:04:15.160,1.58608,1.58633,1.50,1.13
2013.01.11 13:04:15.219,1.58608,1.58633,1.50,1.13
2013.01.11 13:04:15.339,1.58608,1.58633,1.73,1.13
2013.01.11 13:04:15.402,1.58607,1.58635,2.29,1.13
2013.01.11 13:04:16.409,1.58613,1.58642,1.73,1.50
2013.01.11 13:04:17.151,1.58613,1.58642,2.22,1.50
2013.01.11 13:04:17.331,1.58614,1.58644,1.13,1.13
2013.01.11 13:04:17.450,1.58614,1.58644,1.74,1.13
2013.01.11 13:04:17.885,1.58613,1.58644,3.23,1.13
2013.01.11 13:04:21.129,1.58612,1.58644,2.85,1.13
2013.01.11 13:04:21.423,1.58612,1.58644,2.85,1.13
2013.01.11 13:04:22.090,1.58614,1.58645,1.73,1.13
2013.01.11 13:04:22.820,1.58614,1.58645,1.73,1.13
2013.01.11 13:04:25.940,1.58616,1.58649,2.85,1.13
2013.01.11 13:04:26.060,1.58617,1.58649,1.13,1.13
2013.01.11 13:04:26.119,1.58617,1.58649,1.35,1.13
2013.01.11 13:04:36.210,1.58617,1.5865,2.25,1.20
2013.01.11 13:04:37.194,1.58617,1.5865,2.48,1.20
2013.01.11 13:04:42.450,1.58616,1.58649,2.63,1.13
2013.01.11 13:04:42.837,1.58616,1.58649,2.85,1.13
2013.01.11 13:04:46.024,1.58617,1.5865,2.48,1.20
2013.01.11 13:04:51.214,1.58617,1.58651,2.48,1.13
2013.01.11 13:04:51.900,1.58617,1.58651,2.48,1.13
2013.01.11 13:04:53.450,1.58618,1.5865,1.73,1.13
2013.01.11 13:04:53.729,1.58618,1.5865,1.73,1.13
2013.01.11 13:04:59.083,1.58618,1.5865,1.73,1.13
2013.01.11 13:04:59.589,1.58616,1.58651,2.48,1.13
2013.01.11 13:05:01.171,1.5862,1.58652,1.73,1.13
2013.01.11 13:05:01.680,1.5862,1.58652,2.10,1.13
2013.01.11 13:05:01.739,1.58626,1.58655,2.10,1.13
2013.01.11 13:05:02.331,1.58624,1.58657,2.10,1.50
2013.01.11 13:05:02.634,1.58624,1.58657,2.03,1.50
2013.01.11 13:05:05.950,1.58623,1.58656,1.73,1.13
2013.01.11 13:05:06.070,1.58623,1.58656,1.73,1.13
2013.01.11 13:05:06.190,1.58623,1.58656,2.06,1.13
2013.01.11 13:05:06.490,1.58631,1.58662,1.35,1.13
2013.01.11 13:05:06.550,1.58631,1.58663,1.35,1.13
2013.01.11 13:05:07.033,1.58631,1.58663,1.96,1.13
2013.01.11 13:05:07.164,1.58631,1.58663,1.35,1.13
2013.01.11 13:05:07.289,1.58631,1.58663,1.94,1.13
2013.01.11 13:05:07.842,1.58634,1.5867,1.57,1.50
2013.01.11 13:05:07.911,1.58633,1.58669,3.23,1.50
2013.01.11 13:05:07.972,1.5864,1.58669,1.35,1.13
2013.01.11 13:05:08.229,1.5864,1.58669,1.35,1.50
2013.01.11 13:05:08.303,1.58641,1.58674,2.10,1.13
2013.01.11 13:05:11.565,1.58641,1.58674,2.10,1.13
2013.01.11 13:05:15.381,1.5864,1.58675,2.85,1.13
2013.01.11 13:05:15.500,1.5864,1.58675,2.85,1.13
2013.01.11 13:05:16.102,1.5864,1.58675,2.85,1.13
2013.01.11 13:05:17.170,1.5864,1.58673,1.35,1.13
2013.01.11 13:05:17.409,1.58642,1.58678,1.35,1.50
2013.01.11 13:05:17.470,1.58647,1.58677,1.35,1.13
2013.01.11 13:05:17.779,1.58647,1.58678,1.35,1.88
2013.01.11 13:05:18.623,1.58647,1.58678,1.35,1.13
2013.01.11 13:05:21.180,1.58645,1.58678,1.45,1.88
2013.01.11 13:05:21.299,1.58644,1.58673,1.35,1.50
2013.01.11 13:05:22.010,1.58644,1.58674,1.35,2.63
2013.01.11 13:05:22.569,1.58644,1.58673,1.35,1.88
2013.01.11 13:05:27.010,1.58644,1.58674,1.35,2.63
2013.01.11 13:05:27.739,1.58644,1.58673,1.35,1.50
2013.01.11 13:05:33.189,1.58644,1.58673,1.35,1.50
2013.01.11 13:05:33.919,1.58644,1.58674,1.35,1.50
2013.01.11 13:05:34.610,1.58642,1.58674,2.85,2.25
2013.01.11 13:05:34.670,1.58642,1.58675,1.35,2.25
2013.01.11 13:05:35.918,1.58636,1.58666,1.35,1.50
2013.01.11 13:05:35.992,1.58638,1.58667,1.50,2.07
2013.01.11 13:05:36.242,1.58635,1.58666,2.10,1.58
2013.01.11 13:05:36.871,1.58634,1.58662,1.35,1.13
2013.01.11 13:05:37.399,1.58629,1.58662,1.73,1.13
2013.01.11 13:05:37.819,1.58633,1.58665,2.48,1.13
2013.01.11 13:05:37.999,1.58632,1.58665,1.35,1.50
2013.01.11 13:05:38.074,1.58632,1.58665,1.35,1.50
2013.01.11 13:05:38.200,1.58631,1.58665,2.10,1.50
2013.01.11 13:05:41.370,1.58627,1.5866,1.35,1.13
2013.01.11 13:05:41.489,1.58634,1.5866,1.13,1.50
2013.01.11 13:05:41.610,1.58634,1.5866,1.35,1.50
2013.01.11 13:05:41.729,1.58634,1.58664,1.35,2.25
2013.01.11 13:05:41.790,1.58634,1.58664,1.35,2.25
2013.01.11 13:05:43.311,1.58634,1.58664,1.35,2.25
2013.01.11 13:05:43.430,1.58634,1.58665,1.13,2.25
2013.01.11 13:05:43.494,1.58629,1.58665,3.23,2.25
2013.01.11 13:05:43.920,1.58627,1.58662,2.85,1.20
2013.01.11 13:05:43.980,1.58627,1.58659,1.35,2.33
2013.01.11 13:05:44.999,1.58627,1.58657,1.13,1.50
2013.01.11 13:05:45.539,1.58624,1.58658,1.35,2.25
2013.01.11 13:05:56.459,1.58624,1.58661,2.85,1.73
2013.01.11 13:05:56.785,1.58629,1.58661,1.35,2.25
2013.01.11 13:05:56.849,1.58629,1.58661,1.35,2.25
2013.01.11 13:05:57.389,1.58629,1.58661,1.35,2.25
2013.01.11 13:05:57.629,1.58629,1.58661,1.35,2.25
2013.01.11 13:06:00.850,1.58629,1.58661,1.35,2.25
2013.01.11 13:06:02.011,1.58638,1.58665,1.50,1.13
2013.01.11 13:06:02.069,1.58633,1.58665,1.17,1.13
2013.01.11 13:06:02.189,1.58638,1.58665,1.50,1.13
2013.01.11 13:06:02.869,1.58638,1.58668,2.25,1.13
2013.01.11 13:06:02.929,1.58638,1.58668,2.48,1.13
2013.01.11 13:06:03.050,1.58638,1.5867,2.48,1.88
2013.01.11 13:06:05.379,1.58637,1.58673,2.85,1.73
2013.01.11 13:06:05.499,1.58637,1.58671,2.85,1.13
2013.01.11 13:06:17.710,1.58637,1.58672,1.35,1.13
2013.01.11 13:06:17.785,1.58637,1.58672,1.35,1.13
2013.01.11 13:06:18.713,1.58637,1.58671,2.85,1.13
2013.01.11 13:06:24.172,1.58638,1.58667,1.73,1.13
2013.01.11 13:06:24.291,1.58634,1.58667,1.35,1.13
2013.01.11 13:06:25.412,1.58634,1.58665,1.35,1.13
2013.01.11 13:06:25.879,1.58633,1.58665,1.35,1.13
2013.01.11 13:06:26.200,1.58633,1.58665,1.35,1.13
2013.01.11 13:06:29.620,1.58634,1.58667,1.13,1.35
2013.01.11 13:06:31.832,1.58634,1.58666,1.13,1.13
2013.01.11 13:06:35.440,1.5863,1.58664,1.73,1.35
2013.01.11 13:06:35.969,1.5863,1.58663,1.35,1.13
2013.01.11 13:06:36.699,1.58627,1.58665,3.98,1.73
2013.01.11 13:06:43.070,1.58629,1.58666,3.15,1.73
2013.01.11 13:06:43.379,1.58633,1.58669,2.10,1.35
2013.01.11 13:06:43.499,1.58637,1.58671,1.35,2.25
2013.01.11 13:06:53.200,1.58633,1.58669,1.35,1.50
2013.01.11 13:06:53.321,1.58632,1.58667,1.50,1.73
2013.01.11 13:06:53.840,1.5863,1.58667,2.48,1.73
2013.01.11 13:06:55.057,1.5863,1.58667,2.48,1.73
2013.01.11 13:06:55.240,1.58633,1.58668,2.48,1.35
2013.01.11 13:06:55.779,1.58634,1.58668,1.50,1.35
2013.01.11 13:06:55.840,1.58635,1.58669,1.50,1.35
2013.01.11 13:06:56.019,1.58635,1.5867,2.48,1.13
2013.01.11 13:07:01.564,1.58632,1.58669,1.92,1.13
2013.01.11 13:07:01.629,1.58633,1.58669,1.73,1.13
2013.01.11 13:07:01.750,1.58632,1.58666,1.13,1.35
2013.01.11 13:07:08.429,1.5863,1.58666,1.73,1.35
2013.01.11 13:07:08.489,1.58632,1.58669,1.35,1.35
2013.01.11 13:07:10.179,1.58632,1.58666,2.48,1.35
2013.01.11 13:07:10.490,1.58632,1.58667,1.73,1.35
2013.01.11 13:07:10.609,1.58634,1.58669,1.50,1.73
2013.01.11 13:07:10.730,1.58637,1.5867,2.85,1.13
2013.01.11 13:07:17.761,1.58638,1.58674,1.35,1.13
2013.01.11 13:07:18.120,1.58638,1.58675,3.23,1.35
2013.01.11 13:07:18.625,1.58643,1.58676,1.73,1.50
2013.01.11 13:07:20.119,1.58639,1.58675,1.54,1.35
2013.01.11 13:07:21.449,1.58639,1.58673,1.35,1.13
2013.01.11 13:07:21.629,1.58638,1.58673,1.35,1.50
2013.01.11 13:07:22.381,1.58638,1.58673,1.35,1.73
2013.01.11 13:07:22.562,1.58635,1.58671,2.10,2.18
2013.01.11 13:07:22.750,1.58631,1.58667,1.50,2.85
2013.01.11 13:07:22.939,1.58632,1.58666,1.73,1.35
2013.01.11 13:07:23.940,1.58632,1.58666,3.00,1.73
2013.01.11 13:07:24.521,1.58632,1.58661,2.25,1.32
2013.01.11 13:07:25.196,1.58629,1.5866,1.73,2.07
2013.01.11 13:07:25.699,1.58621,1.58656,3.23,1.35
2013.01.11 13:07:26.060,1.58621,1.58655,2.48,1.50
2013.01.11 13:07:27.151,1.58621,1.58654,1.73,1.13
2013.01.11 13:07:27.731,1.58624,1.58656,1.35,2.25
2013.01.11 13:07:28.949,1.58623,1.58656,2.48,2.63
2013.01.11 13:07:29.009,1.58623,1.58655,2.48,1.13
2013.01.11 13:07:29.906,1.5862,1.58654,1.35,2.48
2013.01.11 13:07:31.670,1.58627,1.58656,1.50,1.35
2013.01.11 13:07:33.529,1.58629,1.58656,1.50,1.35
2013.01.11 13:07:33.909,1.58629,1.58651,1.50,1.13
2013.01.11 13:07:34.029,1.58622,1.58651,1.88,1.35
2013.01.11 13:07:34.149,1.58624,1.58651,1.50,1.35
2013.01.11 13:07:34.663,1.58625,1.58651,1.50,1.35
2013.01.11 13:07:35.023,1.58624,1.58647,1.50,1.35
2013.01.11 13:07:35.101,1.58616,1.58647,1.88,1.35
2013.01.11 13:07:35.281,1.58616,1.58647,1.13,1.35
2013.01.11 13:07:35.626,1.5862,1.58647,1.50,1.35
2013.01.11 13:07:36.049,1.58615,1.58647,1.13,1.35
2013.01.11 13:07:37.372,1.5862,1.58647,1.50,1.35
2013.01.11 13:07:37.432,1.5862,1.58647,1.50,1.35
2013.01.11 13:07:38.312,1.58619,1.58647,2.25,1.35
2013.01.11 13:07:38.381,1.58619,1.5865,2.25,1.35
2013.01.11 13:07:38.683,1.58622,1.58649,1.50,1.32
2013.01.11 13:07:38.997,1.58619,1.58649,1.50,1.32
2013.01.11 13:07:39.212,1.58622,1.58649,1.50,1.32
2013.01.11 13:07:40.209,1.58615,1.58649,1.73,1.32
2013.01.11 13:07:40.329,1.5862,1.58649,1.50,1.32
2013.01.11 13:07:42.989,1.58619,1.58648,1.50,1.35
2013.01.11 13:07:43.597,1.5862,1.58648,1.50,1.35
2013.01.11 13:07:43.871,1.58615,1.58648,1.13,1.35
2013.01.11 13:07:44.209,1.58619,1.58648,1.50,1.35
2013.01.11 13:07:44.773,1.58615,1.58648,1.13,1.35
2013.01.11 13:07:44.830,1.5862,1.58648,1.50,1.35
2013.01.11 13:07:45.009,1.58615,1.58648,1.13,1.35
2013.01.11 13:07:45.387,1.58619,1.58648,1.50,1.35
2013.01.11 13:07:45.691,1.58619,1.58648,1.50,1.35
2013.01.11 13:07:50.372,1.5862,1.58649,1.50,1.35
2013.01.11 13:07:50.682,1.58615,1.58649,1.73,1.69
2013.01.11 13:07:50.799,1.58619,1.58649,1.50,1.69
2013.01.11 13:07:51.355,1.5862,1.58648,1.50,1.17
2013.01.11 13:07:52.309,1.58615,1.58649,1.35,1.88
2013.01.11 13:07:52.463,1.58619,1.58649,1.50,1.88
2013.01.11 13:07:52.897,1.58615,1.58649,1.13,1.88
2013.01.11 13:07:54.030,1.58619,1.58649,1.50,1.88
2013.01.11 13:07:56.442,1.58619,1.58649,1.50,1.88
2013.01.11 13:07:59.420,1.5862,1.58649,1.50,2.10
2013.01.11 13:08:01.880,1.5862,1.58649,1.88,1.73
2013.01.11 13:08:02.059,1.58624,1.58651,1.13,1.13
2013.01.11 13:08:02.632,1.58624,1.58652,1.13,1.35
2013.01.11 13:08:03.431,1.58624,1.58654,1.13,1.35
2013.01.11 13:08:05.390,1.58623,1.58654,1.13,1.35
2013.01.11 13:08:07.330,1.58623,1.58653,1.13,1.35
2013.01.11 13:08:13.470,1.58624,1.58658,2.25,1.73
2013.01.11 13:08:13.530,1.58631,1.58661,1.13,1.50
2013.01.11 13:08:14.091,1.58631,1.58661,1.13,1.13
2013.01.11 13:08:19.740,1.58623,1.58656,1.35,1.13
2013.01.11 13:08:19.919,1.58624,1.58655,2.48,2.97
2013.01.11 13:08:20.040,1.58621,1.58649,1.50,1.35
2013.01.11 13:08:20.110,1.58618,1.58649,1.13,1.35
2013.01.11 13:08:20.230,1.5862,1.58649,1.50,1.35
2013.01.11 13:08:21.490,1.5862,1.58655,2.25,1.54
2013.01.11 13:08:21.549,1.58624,1.58655,1.13,1.17
2013.01.11 13:08:21.610,1.58624,1.58655,1.13,1.35
2013.01.11 13:08:23.730,1.58624,1.58655,1.13,1.35
2013.01.11 13:08:24.141,1.58624,1.58655,1.13,1.35
2013.01.11 13:08:25.903,1.58624,1.58655,1.13,1.35
2013.01.11 13:08:28.829,1.58622,1.58654,1.13,1.35
2013.01.11 13:08:29.010,1.58621,1.58651,1.13,1.35
2013.01.11 13:08:29.069,1.58619,1.5865,1.13,1.35
2013.01.11 13:08:29.249,1.58619,1.58653,1.35,1.35
2013.01.11 13:08:29.983,1.58622,1.58653,1.13,1.35
2013.01.11 13:08:32.399,1.58623,1.58653,1.13,1.35
2013.01.11 13:08:33.430,1.58623,1.58655,1.13,1.35
2013.01.11 13:08:33.490,1.58623,1.58655,1.35,1.13
2013.01.11 13:08:34.070,1.58625,1.58656,1.73,1.50
2013.01.11 13:08:35.391,1.58626,1.58649,1.13,1.50
2013.01.11 13:08:35.893,1.58626,1.58649,1.13,1.84
2013.01.11 13:08:38.660,1.58623,1.58649,1.35,1.84
2013.01.11 13:08:38.840,1.58619,1.58646,1.35,1.50
2013.01.11 13:08:38.960,1.58615,1.58646,1.13,2.25
2013.01.11 13:08:46.660,1.58616,1.58645,1.13,1.13
2013.01.11 13:08:47.187,1.58618,1.58646,1.13,2.25
2013.01.11 13:08:48.759,1.58618,1.58645,1.13,1.50
2013.01.11 13:08:49.659,1.58618,1.58646,1.13,1.13
2013.01.11 13:08:50.659,1.58617,1.58649,1.35,3.00
2013.01.11 13:08:51.140,1.58619,1.5865,1.73,1.50
2013.01.11 13:08:51.889,1.58619,1.58652,1.88,1.35
2013.01.11 13:08:53.163,1.58619,1.58652,1.88,1.35
2013.01.11 13:08:54.230,1.5862,1.58648,1.13,1.50
2013.01.11 13:08:54.430,1.58619,1.5865,1.13,1.73
2013.01.11 13:08:55.099,1.58619,1.58651,1.13,1.13
2013.01.11 13:08:57.380,1.58619,1.58652,1.13,1.35
2013.01.11 13:08:59.956,1.5862,1.58651,1.13,1.13
2013.01.11 13:09:02.110,1.5862,1.58651,1.13,2.25
2013.01.11 13:09:02.412,1.5862,1.58649,1.13,1.50
2013.01.11 13:09:02.650,1.5862,1.58651,1.13,2.25
2013.01.11 13:09:03.161,1.5862,1.58651,1.35,2.25
2013.01.11 13:09:03.591,1.5862,1.58651,1.35,1.50
2013.01.11 13:09:03.960,1.58622,1.58651,1.13,1.73
2013.01.11 13:09:06.411,1.58622,1.58653,1.13,2.48
2013.01.11 13:09:08.330,1.58623,1.58653,1.13,1.73
2013.01.11 13:09:08.859,1.58623,1.58653,1.13,1.73
2013.01.11 13:09:13.700,1.58622,1.58654,2.25,1.35
2013.01.11 13:09:14.509,1.58621,1.58652,2.25,2.48
2013.01.11 13:09:14.699,1.58621,1.58646,1.50,1.50
2013.01.11 13:09:14.940,1.58621,1.58646,1.50,2.10
2013.01.11 13:09:15.319,1.58612,1.58646,3.00,2.10
2013.01.11 13:09:16.640,1.58612,1.58645,3.90,1.73
2013.01.11 13:09:16.820,1.58614,1.5865,2.10,1.69
2013.01.11 13:09:16.939,1.58614,1.58653,2.10,1.73
2013.01.11 13:09:17.883,1.58617,1.58653,1.28,1.73
2013.01.11 13:09:18.132,1.58623,1.58656,1.13,1.35
2013.01.11 13:09:18.635,1.58617,1.58652,3.60,1.35
2013.01.11 13:09:18.760,1.5862,1.58652,2.25,1.35
2013.01.11 13:09:19.080,1.5862,1.5865,2.25,1.32
2013.01.11 13:09:21.150,1.58617,1.58651,1.50,1.35
2013.01.11 13:09:21.331,1.58612,1.58642,2.63,1.69
2013.01.11 13:09:21.393,1.58612,1.58642,1.88,1.69
2013.01.11 13:09:22.146,1.58607,1.58641,1.50,1.08
2013.01.11 13:09:22.246,1.58614,1.58643,1.50,1.35
2013.01.11 13:09:22.702,1.58615,1.58649,1.13,1.69
2013.01.11 13:09:22.880,1.58619,1.58649,2.25,1.32
2013.01.11 13:09:27.260,1.58618,1.58651,2.25,1.35
2013.01.11 13:09:27.380,1.58618,1.58651,2.25,1.35
2013.01.11 13:09:27.990,1.58622,1.58655,2.25,1.09
2013.01.11 13:09:28.349,1.58622,1.58658,2.25,1.35
2013.01.11 13:09:28.410,1.58622,1.58658,2.48,1.35
2013.01.11 13:09:39.291,1.58625,1.58658,1.13,2.48
2013.01.11 13:09:39.410,1.58621,1.58651,1.35,1.13
2013.01.11 13:09:39.529,1.58621,1.58651,1.13,1.35
2013.01.11 13:09:41.150,1.58618,1.58652,2.25,1.35
2013.01.11 13:09:48.190,1.58618,1.58654,2.25,1.88
2013.01.11 13:09:48.311,1.58624,1.58656,1.13,1.35
2013.01.11 13:09:49.380,1.58622,1.58658,1.13,2.10
2013.01.11 13:09:49.440,1.58622,1.58658,1.13,2.10
2013.01.11 13:09:49.500,1.58619,1.58655,2.63,1.35
2013.01.11 13:09:51.480,1.58616,1.58652,1.73,1.35
2013.01.11 13:09:52.020,1.58616,1.58649,1.13,1.35
2013.01.11 13:09:55.126,1.58614,1.58649,1.13,1.35
2013.01.11 13:09:57.619,1.58614,1.58647,1.35,1.13
2013.01.11 13:09:57.741,1.58619,1.58652,1.13,1.35
2013.01.11 13:09:57.800,1.58619,1.58649,1.13,2.10
2013.01.11 13:09:58.560,1.5862,1.5865,1.35,1.50
2013.01.11 13:09:58.620,1.5862,1.58652,1.35,1.35
2013.01.11 13:09:59.190,1.5862,1.58651,1.35,1.50
2013.01.11 13:09:59.778,1.5862,1.58652,1.35,2.48
2013.01.11 13:10:00.402,1.58622,1.58658,2.48,2.25
2013.01.11 13:10:00.520,1.58627,1.58661,1.35,1.73
2013.01.11 13:10:00.640,1.58629,1.58666,2.33,1.73
2013.01.11 13:10:00.820,1.58634,1.58662,1.35,1.50
2013.01.11 13:10:00.970,1.58634,1.58666,1.13,3.23
2013.01.11 13:10:01.660,1.58627,1.58663,1.35,1.35
2013.01.11 13:10:06.491,1.58636,1.58665,1.35,1.50
2013.01.11 13:10:16.521,1.58635,1.58666,1.73,1.50
2013.01.11 13:10:17.141,1.58636,1.58665,1.35,1.50
2013.01.11 13:10:24.969,1.5864,1.58665,1.35,1.50
2013.01.11 13:10:25.329,1.58633,1.58665,3.60,2.25
2013.01.11 13:10:29.260,1.58631,1.58664,2.48,1.50
2013.01.11 13:10:29.440,1.5863,1.58663,1.73,2.25
2013.01.11 13:10:29.619,1.5863,1.5866,1.73,2.25
2013.01.11 13:10:29.803,1.5863,1.58657,1.35,1.50
2013.01.11 13:10:30.410,1.58625,1.58657,2.85,2.25
2013.01.11 13:10:30.530,1.58625,1.58657,2.25,2.85
2013.01.11 13:10:31.630,1.5862,1.58655,1.35,1.73
2013.01.11 13:10:42.750,1.58618,1.5865,1.35,1.50
2013.01.11 13:10:42.809,1.58616,1.58648,1.50,1.35
2013.01.11 13:10:43.366,1.58618,1.58646,2.25,1.73
2013.01.11 13:10:43.494,1.58618,1.58646,1.50,2.10
2013.01.11 13:10:44.158,1.58615,1.58646,1.50,2.10
2013.01.11 13:10:45.116,1.58615,1.58646,2.25,2.10
2013.01.11 13:10:45.239,1.58615,1.58646,2.25,1.50
2013.01.11 13:10:51.242,1.58616,1.58648,2.25,1.35
2013.01.11 13:10:51.702,1.58622,1.5865,1.50,3.23
2013.01.11 13:10:51.821,1.58627,1.5865,1.35,1.50
2013.01.11 13:10:51.880,1.58627,1.58658,1.35,1.88
2013.01.11 13:10:52.120,1.58627,1.58656,1.35,1.50
2013.01.11 13:10:52.240,1.58621,1.58655,1.35,1.50
2013.01.11 13:10:52.312,1.58621,1.58655,1.13,2.48
2013.01.11 13:10:52.463,1.58621,1.58655,1.35,2.85
2013.01.11 13:10:52.520,1.58621,1.58653,1.35,1.50
2013.01.11 13:10:56.220,1.58616,1.58648,1.13,1.35
2013.01.11 13:10:58.431,1.58617,1.58648,1.50,1.73
2013.01.11 13:10:58.549,1.58615,1.58643,2.63,1.13
2013.01.11 13:10:59.081,1.58615,1.58644,2.25,1.35
2013.01.11 13:11:00.180,1.58615,1.58647,2.25,1.35
2013.01.11 13:11:00.301,1.58617,1.58651,1.35,1.73
2013.01.11 13:11:00.630,1.58617,1.58651,1.35,1.73
2013.01.11 13:11:01.499,1.5862,1.58652,4.20,1.13
2013.01.11 13:11:01.920,1.58627,1.5866,1.13,1.35
2013.01.11 13:11:02.449,1.58627,1.58661,2.63,1.35
2013.01.11 13:11:03.400,1.58627,1.58659,2.63,1.35
2013.01.11 13:11:03.460,1.58627,1.58659,2.63,1.35
2013.01.11 13:11:04.821,1.58623,1.58651,1.88,1.09
2013.01.11 13:11:05.122,1.58619,1.58649,1.13,1.35
2013.01.11 13:11:05.252,1.58615,1.58649,1.13,1.73
2013.01.11 13:11:06.076,1.58616,1.58648,2.25,1.35
2013.01.11 13:11:08.287,1.58615,1.58647,1.13,1.35
2013.01.11 13:11:08.376,1.58615,1.58647,1.13,1.35
2013.01.11 13:11:10.035,1.58615,1.58648,1.13,1.73
2013.01.11 13:11:11.570,1.58615,1.58648,1.13,1.73
2013.01.11 13:11:12.896,1.58615,1.58648,1.13,1.73
2013.01.11 13:11:18.760,1.58615,1.58647,1.13,1.35
2013.01.11 13:11:19.347,1.58615,1.58647,1.13,1.35
2013.01.11 13:11:20.588,1.58615,1.58648,1.13,1.73
2013.01.11 13:11:20.890,1.5861,1.58645,1.35,2.25
2013.01.11 13:11:21.010,1.58612,1.58643,2.48,1.88
2013.01.11 13:11:21.250,1.58613,1.58643,1.35,1.50
2013.01.11 13:11:21.429,1.58613,1.58646,1.35,1.13
2013.01.11 13:11:21.489,1.58613,1.58646,1.35,1.13
2013.01.11 13:11:21.610,1.58613,1.58645,1.35,1.13
2013.01.11 13:11:25.640,1.5861,1.58642,1.35,1.50
2013.01.11 13:11:26.107,1.58609,1.58637,1.71,1.50
2013.01.11 13:11:26.424,1.58609,1.58637,1.35,1.50
2013.01.11 13:11:26.929,1.58609,1.58638,1.35,1.88
2013.01.11 13:11:27.111,1.58609,1.58638,1.35,1.50
2013.01.11 13:11:27.650,1.58609,1.58637,1.35,1.50
2013.01.11 13:11:28.010,1.58616,1.58637,1.35,1.50
2013.01.11 13:11:28.190,1.58616,1.58641,1.35,1.50
2013.01.11 13:11:28.369,1.58618,1.58645,1.35,1.50
2013.01.11 13:11:28.490,1.58618,1.58647,1.35,1.50
2013.01.11 13:11:29.490,1.58618,1.5865,1.35,2.63
2013.01.11 13:11:30.490,1.5862,1.5865,1.32,1.88
2013.01.11 13:11:31.678,1.58624,1.58652,1.71,1.50
2013.01.11 13:11:32.000,1.58619,1.58647,1.86,1.50
2013.01.11 13:11:32.543,1.58619,1.5865,1.13,2.25
2013.01.11 13:11:32.601,1.58619,1.58645,1.13,1.13
2013.01.11 13:11:32.719,1.58619,1.58651,1.88,2.25
2013.01.11 13:11:32.840,1.58619,1.58652,1.88,1.88
2013.01.11 13:11:33.199,1.58619,1.58653,1.35,1.50
2013.01.11 13:11:33.640,1.58623,1.58651,1.35,1.50
2013.01.11 13:11:34.490,1.58622,1.58651,1.35,1.50
2013.01.11 13:11:34.680,1.58619,1.58649,1.98,1.50
2013.01.11 13:11:35.169,1.58619,1.58645,1.61,1.50
2013.01.11 13:11:35.471,1.58622,1.58649,1.43,1.88
2013.01.11 13:11:35.930,1.5862,1.58655,1.88,1.88
2013.01.11 13:11:36.503,1.58616,1.5865,1.35,1.13
2013.01.11 13:11:36.631,1.58617,1.58655,2.63,1.50
2013.01.11 13:11:36.989,1.58625,1.58657,1.61,1.13
2013.01.11 13:11:37.181,1.58625,1.58659,1.61,1.13
2013.01.11 13:11:37.852,1.58625,1.5866,1.61,1.13
2013.01.11 13:11:39.300,1.58624,1.5866,2.48,1.50
2013.01.11 13:11:39.420,1.58625,1.5866,1.50,1.50
2013.01.11 13:11:39.534,1.58624,1.5866,2.48,1.50
2013.01.11 13:11:40.069,1.58624,1.5866,2.48,1.50
2013.01.11 13:11:41.321,1.58624,1.58658,2.48,1.13
2013.01.11 13:11:41.829,1.58624,1.58659,1.35,1.13
2013.01.11 13:11:42.010,1.58624,1.58658,2.48,1.13
2013.01.11 13:11:42.070,1.58624,1.58658,2.48,1.13
2013.01.11 13:11:42.580,1.58624,1.5866,3.23,1.50
2013.01.11 13:11:42.940,1.58626,1.58661,1.65,1.13
2013.01.11 13:11:43.731,1.58626,1.58661,1.35,1.13
2013.01.11 13:11:43.850,1.58626,1.58661,1.35,1.13
2013.01.11 13:11:44.394,1.58624,1.58656,2.48,1.13
2013.01.11 13:11:44.720,1.58623,1.58657,3.60,1.13
2013.01.11 13:11:46.141,1.58623,1.58659,2.85,1.35
2013.01.11 13:11:46.201,1.58623,1.58656,2.48,1.35
2013.01.11 13:11:46.260,1.58623,1.58651,1.73,1.13
2013.01.11 13:11:49.244,1.58621,1.58651,2.70,1.13
2013.01.11 13:11:49.789,1.58622,1.58657,2.48,1.13
2013.01.11 13:11:49.851,1.58627,1.58659,2.48,1.13
2013.01.11 13:11:49.911,1.58627,1.58659,2.48,1.13
2013.01.11 13:11:52.730,1.58628,1.58662,1.73,1.50
2013.01.11 13:11:52.790,1.58627,1.58659,1.73,1.88
2013.01.11 13:11:53.770,1.58628,1.58658,1.73,2.63
2013.01.11 13:11:54.070,1.58621,1.58656,2.10,1.13
2013.01.11 13:11:54.130,1.58621,1.58656,2.10,1.47
2013.01.11 13:11:54.451,1.58625,1.58656,2.48,1.47
2013.01.11 13:11:54.649,1.58625,1.58656,2.10,1.47
2013.01.11 13:11:54.972,1.58625,1.58656,2.85,1.47
2013.01.11 13:11:55.035,1.58625,1.58656,2.85,1.47
2013.01.11 13:11:55.710,1.58624,1.58656,1.35,1.09
2013.01.11 13:11:56.023,1.58627,1.58653,1.73,1.13
2013.01.11 13:11:56.551,1.58627,1.58657,2.48,1.13
2013.01.11 13:11:57.481,1.58627,1.58657,2.48,1.13
2013.01.11 13:11:57.602,1.58627,1.58657,2.25,1.13
2013.01.11 13:11:57.661,1.58627,1.58657,1.13,1.13
2013.01.11 13:11:58.307,1.58629,1.5866,1.35,2.22
2013.01.11 13:11:58.864,1.58629,1.58661,1.13,1.50
2013.01.11 13:11:58.990,1.58629,1.58661,1.13,1.13
2013.01.11 13:11:59.050,1.58629,1.58666,1.32,2.85
2013.01.11 13:11:59.231,1.58631,1.58666,1.17,2.63
2013.01.11 13:11:59.354,1.58632,1.58666,1.50,1.35
2013.01.11 13:12:00.010,1.58629,1.58662,1.35,1.13
2013.01.11 13:12:00.300,1.58634,1.58662,1.50,1.13
2013.01.11 13:12:00.601,1.58633,1.58668,2.25,2.07
2013.01.11 13:12:00.722,1.58638,1.5867,1.35,1.09
2013.01.11 13:12:01.262,1.58638,1.58671,1.35,1.13
2013.01.11 13:12:01.862,1.58641,1.58672,2.25,1.35
2013.01.11 13:12:02.580,1.58641,1.58672,2.25,1.35
2013.01.11 13:12:03.201,1.58642,1.58672,1.50,1.35
2013.01.11 13:12:06.899,1.58642,1.58672,2.48,1.13
2013.01.11 13:12:07.210,1.58642,1.58675,2.85,1.13
2013.01.11 13:12:07.329,1.58645,1.58676,1.35,1.13
2013.01.11 13:12:07.465,1.58645,1.58676,1.13,1.13
2013.01.11 13:12:07.590,1.58645,1.58678,1.13,1.35
2013.01.11 13:12:07.889,1.58651,1.58681,1.50,1.73
2013.01.11 13:12:08.561,1.58652,1.58681,1.50,1.35
2013.01.11 13:12:09.230,1.58652,1.58685,2.48,1.13
2013.01.11 13:12:10.332,1.58655,1.58689,2.48,1.50
2013.01.11 13:12:10.450,1.58661,1.58689,1.61,1.50
2013.01.11 13:12:10.570,1.58662,1.58694,1.35,1.13
2013.01.11 13:12:11.192,1.58663,1.58695,1.73,1.50
2013.01.11 13:12:11.853,1.58663,1.58695,1.73,1.50
2013.01.11 13:12:12.661,1.58662,1.58695,1.35,1.50
2013.01.11 13:12:13.140,1.58662,1.58695,2.53,1.50
2013.01.11 13:12:13.201,1.58662,1.58698,2.10,1.13
2013.01.11 13:12:13.320,1.58662,1.58698,2.10,1.13
2013.01.11 13:12:13.693,1.58662,1.58698,2.10,1.13
2013.01.11 13:12:16.312,1.58662,1.58698,2.10,1.13
2013.01.11 13:12:17.920,1.58662,1.58699,2.10,1.35
2013.01.11 13:12:18.636,1.58663,1.58699,1.35,1.35
2013.01.11 13:12:21.080,1.58662,1.58699,1.73,1.35
2013.01.11 13:12:21.432,1.58663,1.58697,1.35,1.35
2013.01.11 13:12:21.551,1.58662,1.58691,2.85,1.13
2013.01.11 13:12:21.672,1.58665,1.58698,1.50,2.10
2013.01.11 13:12:22.219,1.58666,1.58698,1.50,2.10
2013.01.11 13:12:25.742,1.58665,1.58697,1.50,1.32
2013.01.11 13:12:27.192,1.58664,1.58701,1.35,1.73
2013.01.11 13:12:27.321,1.58667,1.58702,1.73,1.69
2013.01.11 13:12:27.643,1.58669,1.58705,2.48,1.73
2013.01.11 13:12:28.000,1.58667,1.58702,1.13,1.50
2013.01.11 13:12:29.183,1.58663,1.58701,2.10,3.68
2013.01.11 13:12:29.671,1.58669,1.58697,1.50,2.10
2013.01.11 13:12:29.850,1.58666,1.58697,1.50,2.10
2013.01.11 13:12:32.572,1.58667,1.58697,1.73,1.69
2013.01.11 13:12:32.632,1.58667,1.58697,1.73,1.69
2013.01.11 13:12:32.809,1.58667,1.58698,1.73,1.13
2013.01.11 13:12:33.300,1.58667,1.58692,1.73,1.09
2013.01.11 13:12:33.600,1.58658,1.58686,1.13,1.13
2013.01.11 13:12:33.721,1.58654,1.58686,1.13,1.13
2013.01.11 13:12:33.961,1.58654,1.58684,1.50,1.13
2013.01.11 13:12:34.021,1.58654,1.58685,1.35,1.13
2013.01.11 13:12:34.080,1.58654,1.58687,1.35,1.13
2013.01.11 13:12:34.140,1.58649,1.58687,2.85,1.35
2013.01.11 13:12:34.721,1.58654,1.58687,1.35,1.35
2013.01.11 13:12:35.921,1.58654,1.58687,1.73,1.13
2013.01.11 13:12:36.281,1.58654,1.5869,1.35,1.13
2013.01.11 13:12:36.622,1.58653,1.5869,2.85,1.50
2013.01.11 13:12:37.100,1.58654,1.5869,1.35,1.50
2013.01.11 13:12:37.339,1.58654,1.5869,1.35,1.50
2013.01.11 13:12:38.230,1.58658,1.5869,1.35,1.13
2013.01.11 13:12:38.309,1.58662,1.58696,1.35,1.88
2013.01.11 13:12:39.170,1.58662,1.58697,1.13,2.10
2013.01.11 13:12:39.350,1.58662,1.58692,1.50,1.13
2013.01.11 13:12:39.591,1.58659,1.58692,1.50,1.35
2013.01.11 13:12:40.112,1.5866,1.58692,1.50,1.35
2013.01.11 13:12:44.540,1.5866,1.58692,2.25,1.35
2013.01.11 13:12:44.741,1.5866,1.58692,2.48,1.13
2013.01.11 13:12:45.100,1.58656,1.58692,1.73,2.10
2013.01.11 13:12:45.220,1.58656,1.58692,1.73,2.10
2013.01.11 13:12:47.120,1.58659,1.58692,1.50,3.72
2013.01.11 13:12:47.481,1.58659,1.5869,1.50,1.92
2013.01.11 13:12:48.033,1.58656,1.58682,1.50,1.35
2013.01.11 13:12:48.190,1.58653,1.58682,1.50,1.35
2013.01.11 13:12:48.699,1.58651,1.58682,2.25,1.35
2013.01.11 13:12:50.865,1.58656,1.58689,1.13,2.10
2013.01.11 13:12:53.889,1.58656,1.58689,1.13,1.73
2013.01.11 13:12:54.314,1.58656,1.58691,1.13,2.48
2013.01.11 13:12:54.621,1.5866,1.58691,1.35,1.13
2013.01.11 13:12:54.681,1.5866,1.58691,1.35,1.13
2013.01.11 13:12:55.101,1.58664,1.58696,1.35,1.13
2013.01.11 13:12:55.222,1.58664,1.58693,1.35,1.13
2013.01.11 13:12:57.100,1.58663,1.58696,1.73,1.13
2013.01.11 13:12:57.633,1.58664,1.58696,2.48,1.13
2013.01.11 13:12:57.873,1.58663,1.58696,3.23,1.13
2013.01.11 13:12:58.181,1.5867,1.58701,1.35,1.13
2013.01.11 13:12:58.540,1.58676,1.5871,1.13,1.35
2013.01.11 13:12:59.209,1.58682,1.58713,1.35,1.50
2013.01.11 13:12:59.390,1.58682,1.58713,1.35,1.88
2013.01.11 13:13:00.031,1.58681,1.58713,1.35,1.50
2013.01.11 13:13:00.160,1.58681,1.58714,1.35,1.13
2013.01.11 13:13:00.671,1.58681,1.58713,1.35,1.13
2013.01.11 13:13:00.731,1.58681,1.58714,1.35,1.13
2013.01.11 13:13:00.969,1.5869,1.58718,2.55,2.10
2013.01.11 13:13:01.210,1.58693,1.58718,1.50,1.35
2013.01.11 13:13:02.428,1.58698,1.58731,1.35,1.35
2013.01.11 13:13:02.959,1.58698,1.58731,1.35,1.35
2013.01.11 13:13:03.109,1.58698,1.58733,1.35,1.73
2013.01.11 13:13:03.550,1.58698,1.58736,1.35,1.73
2013.01.11 13:13:03.890,1.58704,1.58737,1.13,2.10
2013.01.11 13:13:04.414,1.58707,1.5874,1.35,1.13
2013.01.11 13:13:04.946,1.58707,1.5874,1.35,1.13
2013.01.11 13:13:05.130,1.58707,1.58736,1.35,1.13
2013.01.11 13:13:05.253,1.58707,1.58736,1.35,1.13
2013.01.11 13:13:05.550,1.58707,1.58738,1.35,1.13
2013.01.11 13:13:06.100,1.58705,1.58738,1.35,1.13
2013.01.11 13:13:06.646,1.58705,1.58738,1.13,1.35
2013.01.11 13:13:07.381,1.58705,1.58738,1.13,1.35
2013.01.11 13:13:07.871,1.5871,1.58743,2.55,3.60
2013.01.11 13:13:08.050,1.58715,1.58744,1.35,1.50
2013.01.11 13:13:08.351,1.58715,1.58742,1.35,1.13
2013.01.11 13:13:08.470,1.58712,1.5874,1.13,1.13
2013.01.11 13:13:08.593,1.58709,1.58739,1.50,1.35
2013.01.11 13:13:08.663,1.58707,1.58738,1.50,1.35
2013.01.11 13:13:08.899,1.58705,1.58738,2.10,1.35
2013.01.11 13:13:09.391,1.58705,1.58738,1.13,1.35
2013.01.11 13:13:09.872,1.58706,1.58733,1.13,1.35
2013.01.11 13:13:10.172,1.58701,1.58733,2.63,3.23
2013.01.11 13:13:10.291,1.58701,1.58728,1.50,1.35
2013.01.11 13:13:10.412,1.58701,1.58728,1.50,1.35
2013.01.11 13:13:10.532,1.58701,1.58728,1.50,1.35
2013.01.11 13:13:10.844,1.58697,1.58726,1.50,1.32
2013.01.11 13:13:10.973,1.5869,1.58721,1.13,1.35
2013.01.11 13:13:11.090,1.5869,1.58721,1.50,1.35
2013.01.11 13:13:11.152,1.58688,1.58721,1.50,1.35
2013.01.11 13:13:11.510,1.58692,1.58721,1.50,1.73
2013.01.11 13:13:12.137,1.58691,1.58723,2.25,2.85
2013.01.11 13:13:12.320,1.58691,1.58723,2.25,2.63
2013.01.11 13:13:12.440,1.58691,1.58723,2.25,1.88
2013.01.11 13:13:12.870,1.58691,1.58723,2.25,1.88
2013.01.11 13:13:12.991,1.58693,1.58726,2.48,1.32
2013.01.11 13:13:13.422,1.58692,1.58724,1.13,1.13
2013.01.11 13:13:13.600,1.5869,1.58724,1.13,1.13
2013.01.11 13:13:13.902,1.58693,1.58722,1.35,1.50
2013.01.11 13:13:14.151,1.58693,1.58722,1.35,1.50
2013.01.11 13:13:14.532,1.5869,1.58721,1.35,1.84
2013.01.11 13:13:14.770,1.58687,1.58719,1.35,1.50
2013.01.11 13:13:16.420,1.5869,1.58719,1.35,1.50
2013.01.11 13:13:16.723,1.5869,1.5872,1.35,1.50
2013.01.11 13:13:17.170,1.58686,1.58719,2.10,1.13
2013.01.11 13:13:17.676,1.58686,1.58719,1.35,1.50
2013.01.11 13:13:18.180,1.58689,1.58722,1.35,1.50
2013.01.11 13:13:18.875,1.58689,1.58722,1.35,1.13
2013.01.11 13:13:19.722,1.58689,1.58722,1.35,1.13
2013.01.11 13:13:21.174,1.58689,1.58722,1.35,1.13
2013.01.11 13:13:21.552,1.58689,1.58725,1.35,1.50
2013.01.11 13:13:22.221,1.58691,1.58725,1.35,1.50
2013.01.11 13:13:22.392,1.58687,1.58722,1.35,1.13
2013.01.11 13:13:22.570,1.58686,1.58716,3.00,1.35
2013.01.11 13:13:22.869,1.58682,1.58714,1.13,1.35
2013.01.11 13:13:22.989,1.58679,1.58713,1.35,1.35
2013.01.11 13:13:23.050,1.58679,1.58713,1.13,1.35
2013.01.11 13:13:23.950,1.58675,1.58709,2.25,1.35
2013.01.11 13:13:24.080,1.58673,1.58705,2.25,1.35
2013.01.11 13:13:27.871,1.58672,1.58702,1.88,1.54
2013.01.11 13:13:27.990,1.58669,1.58702,2.63,1.54
2013.01.11 13:13:32.691,1.5867,1.58703,2.25,1.35
2013.01.11 13:13:32.869,1.58673,1.58704,1.13,1.73
2013.01.11 13:13:34.710,1.58672,1.58704,2.25,2.63
2013.01.11 13:13:34.991,1.58672,1.58701,2.25,1.35
2013.01.11 13:13:36.474,1.58672,1.58701,1.13,1.73
2013.01.11 13:13:36.530,1.58672,1.58703,1.13,1.32
2013.01.11 13:13:37.740,1.58671,1.58698,1.88,1.50
2013.01.11 13:13:37.950,1.58671,1.58698,1.50,1.13
2013.01.11 13:13:38.500,1.5867,1.58699,1.50,1.35
2013.01.11 13:13:40.021,1.58671,1.58698,1.50,1.13
2013.01.11 13:13:40.544,1.58671,1.58698,1.50,1.13
2013.01.11 13:13:40.680,1.58664,1.58691,1.50,1.35
2013.01.11 13:13:40.800,1.58659,1.58691,1.20,1.35
2013.01.11 13:13:40.924,1.58659,1.5869,1.20,1.35
2013.01.11 13:13:40.990,1.58663,1.5869,1.50,1.35
2013.01.11 13:13:42.096,1.58663,1.58695,2.25,1.32
2013.01.11 13:13:42.221,1.58663,1.58695,2.48,1.09
2013.01.11 13:13:42.340,1.58661,1.587,3.27,1.73
2013.01.11 13:13:42.709,1.58666,1.58698,1.13,1.73
2013.01.11 13:13:43.250,1.58663,1.58697,2.48,1.35
2013.01.11 13:13:43.844,1.58663,1.58698,2.48,1.73
2013.01.11 13:13:44.001,1.58663,1.58698,3.42,1.35
2013.01.11 13:13:44.550,1.58665,1.58698,1.35,1.35
2013.01.11 13:13:44.922,1.58666,1.58701,2.63,1.54
2013.01.11 13:13:45.240,1.58667,1.587,1.50,1.73
2013.01.11 13:13:46.131,1.58664,1.58697,2.44,1.92
2013.01.11 13:13:46.252,1.58662,1.58695,2.25,1.35
2013.01.11 13:13:46.310,1.58662,1.58691,2.25,1.35
2013.01.11 13:13:47.382,1.58662,1.58691,2.25,1.35
2013.01.11 13:13:47.942,1.58661,1.58691,2.25,1.35
2013.01.11 13:13:49.300,1.58663,1.58691,1.50,1.35
2013.01.11 13:13:49.690,1.58657,1.58688,1.13,1.73
2013.01.11 13:13:49.810,1.58656,1.5868,1.50,1.35
2013.01.11 13:13:50.351,1.58657,1.5868,1.50,1.35
2013.01.11 13:13:51.090,1.58657,1.58681,1.50,1.35
2013.01.11 13:13:51.432,1.58655,1.58681,1.50,1.73
2013.01.11 13:13:52.400,1.58652,1.58681,2.25,1.73
2013.01.11 13:13:53.101,1.58651,1.5868,1.50,1.73
2013.01.11 13:13:53.812,1.58652,1.58681,1.50,1.73
2013.01.11 13:13:53.991,1.58652,1.58681,1.50,1.73
2013.01.11 13:13:56.030,1.58651,1.58679,1.50,1.13
2013.01.11 13:13:56.091,1.58648,1.58679,3.00,1.35
2013.01.11 13:13:56.150,1.58648,1.58677,2.25,1.35
2013.01.11 13:13:56.330,1.5864,1.5867,1.28,1.13
2013.01.11 13:13:56.449,1.58647,1.5867,1.50,1.13
2013.01.11 13:13:57.511,1.58647,1.58672,1.50,1.13
2013.01.11 13:13:58.207,1.58646,1.58672,1.50,1.35
2013.01.11 13:13:58.750,1.5865,1.58676,1.50,2.10
2013.01.11 13:13:58.871,1.5865,1.58676,1.50,2.10
2013.01.11 13:13:59.485,1.58651,1.58679,1.50,1.13
2013.01.11 13:13:59.811,1.58654,1.58679,1.50,1.13
2013.01.11 13:14:00.480,1.58654,1.5868,1.50,2.48
2013.01.11 13:14:01.371,1.58648,1.5868,1.13,2.10
2013.01.11 13:14:01.445,1.58655,1.5868,1.50,1.35
2013.01.11 13:14:02.019,1.58656,1.5868,1.50,1.13
2013.01.11 13:14:02.770,1.58656,1.5868,1.50,1.13
2013.01.11 13:14:03.570,1.58656,1.5868,1.50,1.13
2013.01.11 13:14:03.690,1.58655,1.58684,1.50,1.35
2013.01.11 13:14:03.810,1.58656,1.58684,1.50,1.50
2013.01.11 13:14:03.870,1.5866,1.58684,1.50,1.13
2013.01.11 13:14:04.400,1.5866,1.58685,1.50,1.73
2013.01.11 13:14:04.903,1.58661,1.58685,1.50,1.35
2013.01.11 13:14:05.440,1.58661,1.58686,1.50,1.35
2013.01.11 13:14:06.739,1.5866,1.58685,1.50,1.35
2013.01.11 13:14:06.860,1.58656,1.58685,1.50,1.35
2013.01.11 13:14:07.561,1.58652,1.58685,2.25,1.35
2013.01.11 13:14:09.208,1.58652,1.58683,2.48,1.50
2013.01.11 13:14:10.203,1.58652,1.58685,2.77,1.13
2013.01.11 13:14:10.261,1.58656,1.58688,1.35,1.88
2013.01.11 13:14:10.770,1.58657,1.5869,1.35,2.63
2013.01.11 13:14:14.180,1.58657,1.5869,2.25,1.50
2013.01.11 13:14:14.739,1.58656,1.58689,2.48,2.25
2013.01.11 13:14:15.470,1.58656,1.5869,2.48,1.50
2013.01.11 13:14:15.991,1.58656,1.5869,1.35,1.50
2013.01.11 13:14:16.645,1.58657,1.58692,2.48,2.25
2013.01.11 13:14:21.661,1.58656,1.58692,1.73,1.13
2013.01.11 13:14:21.901,1.58655,1.58692,2.10,1.35
2013.01.11 13:14:23.272,1.58655,1.58688,1.35,2.25
2013.01.11 13:14:23.510,1.58659,1.58689,1.88,1.13
2013.01.11 13:14:23.869,1.58662,1.5869,1.50,1.73
2013.01.11 13:14:25.529,1.58659,1.5869,1.50,1.73
2013.01.11 13:14:25.961,1.58655,1.5869,1.35,1.35
2013.01.11 13:14:26.260,1.58659,1.5869,1.50,1.35
2013.01.11 13:14:27.642,1.58658,1.5869,1.50,1.35
2013.01.11 13:14:28.542,1.58658,1.58686,1.50,1.35
2013.01.11 13:14:28.843,1.58658,1.58683,1.50,1.35
2013.01.11 13:14:29.356,1.58659,1.58683,1.50,1.35
2013.01.11 13:14:29.480,1.5865,1.58683,1.50,1.73
2013.01.11 13:14:30.722,1.5865,1.58681,1.50,1.69
2013.01.11 13:14:30.781,1.58645,1.58677,2.10,2.40
2013.01.11 13:14:30.900,1.58644,1.58676,1.35,1.50
2013.01.11 13:14:31.259,1.58642,1.5867,1.50,1.73
2013.01.11 13:14:34.591,1.58641,1.5867,1.50,1.35
2013.01.11 13:14:35.175,1.58642,1.58674,3.08,1.35
2013.01.11 13:14:35.300,1.58642,1.58675,3.45,2.67
2013.01.11 13:14:35.360,1.58642,1.58676,3.90,1.69
2013.01.11 13:14:35.540,1.58651,1.58683,1.92,1.13
2013.01.11 13:14:36.101,1.58651,1.58683,1.17,1.13
2013.01.11 13:14:36.222,1.58651,1.58683,1.73,1.13
2013.01.11 13:14:36.650,1.58651,1.58686,1.73,1.13
2013.01.11 13:14:37.462,1.58653,1.5868,1.50,1.73
2013.01.11 13:14:38.045,1.58652,1.5868,1.50,1.73
2013.01.11 13:14:38.171,1.58648,1.5868,1.69,1.73
2013.01.11 13:14:38.412,1.58648,1.5868,2.25,1.73
2013.01.11 13:14:38.470,1.58642,1.58671,1.13,1.13
2013.01.11 13:14:39.065,1.58644,1.58671,1.50,1.13
2013.01.11 13:14:40.329,1.58645,1.58671,1.50,1.13
2013.01.11 13:14:41.254,1.58645,1.58671,1.50,1.13
2013.01.11 13:14:41.373,1.58645,1.58678,2.25,1.35
2013.01.11 13:14:41.554,1.58647,1.5868,1.50,2.10
2013.01.11 13:14:41.741,1.58654,1.5868,1.50,1.35
2013.01.11 13:14:41.800,1.58651,1.5868,1.50,1.35
2013.01.11 13:14:41.921,1.58649,1.5868,1.50,1.35
2013.01.11 13:14:42.430,1.58647,1.5868,1.92,1.35
2013.01.11 13:14:42.930,1.58647,1.5868,1.17,1.35
2013.01.11 13:14:43.240,1.58651,1.58678,1.50,1.35
2013.01.11 13:14:44.746,1.58645,1.58675,1.32,1.35
2013.01.11 13:14:44.816,1.58649,1.58675,1.50,1.35
2013.01.11 13:14:45.124,1.58643,1.58674,1.50,1.35
2013.01.11 13:14:47.948,1.58643,1.58671,1.50,1.35
2013.01.11 13:14:48.450,1.58641,1.58671,1.50,1.35
2013.01.11 13:14:49.120,1.58638,1.58671,2.44,1.35
2013.01.11 13:14:49.240,1.58636,1.58671,1.50,1.35
2013.01.11 13:14:49.792,1.58637,1.58669,1.50,1.35
2013.01.11 13:14:49.849,1.58637,1.58669,1.50,1.35
2013.01.11 13:14:50.030,1.58634,1.58661,1.50,1.35
2013.01.11 13:14:53.192,1.58634,1.58661,1.50,1.13
2013.01.11 13:14:53.380,1.58634,1.5867,2.85,1.69
2013.01.11 13:14:53.500,1.58636,1.5867,2.48,1.50
2013.01.11 13:14:54.562,1.58638,1.5867,2.25,1.35
2013.01.11 13:14:54.681,1.58638,1.5867,2.25,1.35
2013.01.11 13:14:56.626,1.5864,1.58671,2.25,1.35
2013.01.11 13:14:57.730,1.58643,1.5867,1.50,1.13
2013.01.11 13:14:58.466,1.58642,1.5867,1.50,1.13
2013.01.11 13:14:59.853,1.5864,1.5867,1.20,1.35
2013.01.11 13:15:00.201,1.58643,1.58678,2.85,1.92
2013.01.11 13:15:01.231,1.58643,1.58678,2.85,1.69
2013.01.11 13:15:01.291,1.58643,1.58678,2.85,1.32
2013.01.11 13:15:01.530,1.5865,1.5868,1.50,1.35
2013.01.11 13:15:01.590,1.58647,1.5868,2.48,1.35
2013.01.11 13:15:01.912,1.58649,1.5868,1.50,1.73
2013.01.11 13:15:02.151,1.58642,1.5868,2.48,2.10
2013.01.11 13:15:02.210,1.58647,1.5868,2.48,1.50
2013.01.11 13:15:02.621,1.58647,1.58679,1.73,1.13
2013.01.11 13:15:02.682,1.58647,1.58677,1.73,1.09
2013.01.11 13:15:02.990,1.58651,1.58664,1.50,1.13
2013.01.11 13:15:03.300,1.58651,1.58664,1.50,1.35
2013.01.11 13:15:03.660,1.58626,1.58657,2.25,1.35
2013.01.11 13:15:03.902,1.58635,1.58657,1.50,1.35
2013.01.11 13:15:04.082,1.5863,1.58657,1.50,1.35
2013.01.11 13:15:04.827,1.5863,1.58662,2.25,1.73
2013.01.11 13:15:05.086,1.58631,1.58662,1.13,1.73
2013.01.11 13:15:05.153,1.58634,1.58662,1.50,1.35
2013.01.11 13:15:05.794,1.58634,1.58666,2.25,2.07
2013.01.11 13:15:06.146,1.58637,1.58666,1.50,1.54
2013.01.11 13:15:06.413,1.58637,1.58666,1.50,1.54
2013.01.11 13:15:06.531,1.58639,1.58666,1.50,1.54
2013.01.11 13:15:07.280,1.58636,1.58666,1.50,1.54
2013.01.11 13:15:07.820,1.58637,1.58666,1.50,1.35
2013.01.11 13:15:08.185,1.58639,1.58673,2.40,1.72
2013.01.11 13:15:08.313,1.58645,1.58675,1.35,1.50
2013.01.11 13:15:08.621,1.58645,1.58678,1.35,2.63
2013.01.11 13:15:09.036,1.58644,1.58675,1.35,1.13
2013.01.11 13:15:09.656,1.5864,1.58675,2.48,1.69
2013.01.11 13:15:10.412,1.58641,1.58674,1.35,1.73
2013.01.11 13:15:10.530,1.58638,1.58668,1.73,1.13
2013.01.11 13:15:10.590,1.58638,1.58668,1.50,1.35
2013.01.11 13:15:11.150,1.58636,1.58668,1.50,1.73
2013.01.11 13:15:11.451,1.58636,1.58671,1.50,1.73
2013.01.11 13:15:11.692,1.58637,1.58671,1.13,1.50
2013.01.11 13:15:12.460,1.58638,1.58671,2.48,1.13
2013.01.11 13:15:13.878,1.58638,1.58671,2.48,1.13
2013.01.11 13:15:14.489,1.58637,1.58671,2.85,1.13
2013.01.11 13:15:15.392,1.5864,1.58672,1.73,1.13
2013.01.11 13:15:15.941,1.5864,1.58675,1.73,1.50
2013.01.11 13:15:16.484,1.58643,1.58675,1.73,1.13
2013.01.11 13:15:17.090,1.58644,1.58678,1.35,1.13
2013.01.11 13:15:17.492,1.58644,1.58678,1.35,1.13
2013.01.11 13:15:17.671,1.58648,1.58682,1.13,1.73
2013.01.11 13:15:19.723,1.58648,1.58682,1.35,1.73
2013.01.11 13:15:19.910,1.58644,1.58682,3.23,1.35
2013.01.11 13:15:20.030,1.58644,1.58677,2.48,1.13
2013.01.11 13:15:20.430,1.58643,1.58677,1.35,1.50
2013.01.11 13:15:20.490,1.58643,1.58674,1.13,1.35
2013.01.11 13:15:20.911,1.58639,1.58674,2.63,1.73
2013.01.11 13:15:21.272,1.58639,1.58674,1.13,1.73
2013.01.11 13:15:22.290,1.58639,1.58674,1.13,1.73
2013.01.11 13:15:22.912,1.58639,1.58674,1.13,1.73
2013.01.11 13:15:23.701,1.58639,1.58674,1.35,1.50
2013.01.11 13:15:23.881,1.58645,1.58677,1.50,1.73
2013.01.11 13:15:24.000,1.58644,1.58675,1.50,1.35
2013.01.11 13:15:25.631,1.58645,1.58677,1.13,1.35
2013.01.11 13:15:26.094,1.58648,1.58681,1.35,1.35
2013.01.11 13:15:26.738,1.58648,1.58681,1.35,1.35
2013.01.11 13:15:29.171,1.58648,1.58681,1.35,1.35
2013.01.11 13:15:30.011,1.58648,1.58681,2.85,1.35
2013.01.11 13:15:30.620,1.58648,1.58681,1.35,1.35
2013.01.11 13:15:30.861,1.58642,1.58672,1.13,1.88
2013.01.11 13:15:31.390,1.58641,1.58672,1.13,2.63
2013.01.11 13:15:31.511,1.58638,1.58672,1.13,1.35
2013.01.11 13:15:32.231,1.58637,1.58672,1.13,1.73
2013.01.11 13:15:33.514,1.58637,1.58672,1.13,1.73
2013.01.11 13:15:34.140,1.58637,1.58669,1.13,1.69
2013.01.11 13:15:34.682,1.58634,1.5867,1.17,1.73
2013.01.11 13:15:35.001,1.58639,1.5867,1.50,1.35
2013.01.11 13:15:35.367,1.5864,1.58673,1.35,1.50
2013.01.11 13:15:36.066,1.5864,1.58673,1.35,1.50
2013.01.11 13:15:38.282,1.58639,1.58668,1.73,1.13
2013.01.11 13:15:38.340,1.58639,1.58668,1.50,1.35
2013.01.11 13:15:39.360,1.58637,1.58668,1.88,1.35
2013.01.11 13:15:39.423,1.58637,1.58671,1.88,1.35
2013.01.11 13:15:39.784,1.58644,1.5867,1.50,1.35
2013.01.11 13:15:39.977,1.58644,1.58673,2.48,1.50
2013.01.11 13:15:40.152,1.58644,1.58676,2.48,1.13
2013.01.11 13:15:40.961,1.58648,1.58682,1.35,1.50
2013.01.11 13:15:41.210,1.58648,1.58677,1.35,1.13
2013.01.11 13:15:41.274,1.58648,1.58682,1.35,1.50
2013.01.11 13:15:41.401,1.58648,1.58682,2.48,1.50
2013.01.11 13:15:42.020,1.58648,1.58682,2.48,1.13
2013.01.11 13:15:42.141,1.58648,1.58686,1.35,1.50
2013.01.11 13:15:42.203,1.58648,1.58686,2.85,1.13
2013.01.11 13:15:42.261,1.58652,1.58686,1.13,2.10
2013.01.11 13:15:42.590,1.58652,1.58686,1.13,2.10
2013.01.11 13:15:42.665,1.58652,1.58686,1.13,1.88
2013.01.11 13:15:42.970,1.58652,1.58686,1.13,1.88
2013.01.11 13:15:43.330,1.58651,1.5869,1.35,1.73
2013.01.11 13:15:43.460,1.58655,1.5869,1.35,1.13
2013.01.11 13:15:43.661,1.58655,1.58686,1.13,1.13
2013.01.11 13:15:44.260,1.58651,1.58689,1.13,1.13
2013.01.11 13:15:44.841,1.58656,1.58688,2.85,1.13
2013.01.11 13:15:45.549,1.58656,1.58691,1.35,2.48
2013.01.11 13:15:45.977,1.58656,1.58691,1.35,1.88
2013.01.11 13:15:46.701,1.58653,1.58684,1.69,1.13
2013.01.11 13:15:47.003,1.58653,1.58683,1.13,1.13
2013.01.11 13:15:47.392,1.5865,1.58689,2.93,3.23
2013.01.11 13:15:47.930,1.58657,1.58689,2.48,1.50
2013.01.11 13:15:48.215,1.58657,1.58689,2.48,1.13
2013.01.11 13:15:48.720,1.58657,1.58689,2.48,1.13
2013.01.11 13:15:49.284,1.58659,1.58691,2.48,1.50
2013.01.11 13:15:50.362,1.58658,1.58691,2.48,1.13
2013.01.11 13:15:52.591,1.58659,1.58691,2.48,1.13
2013.01.11 13:15:53.270,1.58659,1.58691,2.25,1.13
2013.01.11 13:15:54.230,1.58658,1.58691,2.48,1.50
2013.01.11 13:15:56.759,1.58658,1.58691,2.48,1.13
2013.01.11 13:15:57.072,1.58659,1.58697,1.47,1.50
2013.01.11 13:15:57.431,1.58664,1.58697,2.10,1.13
2013.01.11 13:15:57.911,1.58665,1.58698,2.85,1.13
2013.01.11 13:15:57.971,1.58665,1.58698,2.85,1.13
2013.01.11 13:15:58.392,1.58669,1.58698,2.48,1.13
2013.01.11 13:15:58.451,1.58672,1.58706,2.10,1.35
2013.01.11 13:15:58.511,1.58672,1.58706,2.10,1.13
2013.01.11 13:15:59.032,1.58672,1.58706,1.35,1.13
2013.01.11 13:15:59.374,1.58672,1.58706,1.60,1.13
2013.01.11 13:15:59.492,1.58671,1.58706,3.60,1.73
2013.01.11 13:16:00.674,1.58671,1.58706,3.23,1.50
2013.01.11 13:16:00.765,1.58679,1.5871,2.70,1.35
2013.01.11 13:16:01.133,1.58687,1.58709,1.50,1.13
2013.01.11 13:16:01.427,1.5869,1.5871,1.50,1.35
2013.01.11 13:16:01.674,1.5869,1.58718,1.50,1.35
2013.01.11 13:16:01.742,1.5869,1.58704,1.50,1.13
2013.01.11 13:16:02.042,1.5869,1.58721,1.50,1.35
2013.01.11 13:16:02.163,1.58692,1.58724,1.50,2.10
2013.01.11 13:16:02.294,1.58692,1.5873,1.50,2.02
2013.01.11 13:16:02.364,1.58696,1.5873,1.50,2.02
2013.01.11 13:16:03.105,1.58696,1.5873,1.50,2.48
2013.01.11 13:16:11.221,1.58687,1.58713,1.13,2.10
2013.01.11 13:16:11.632,1.58679,1.58713,2.55,1.73
2013.01.11 13:16:11.751,1.58676,1.5871,1.13,1.73
2013.01.11 13:16:16.294,1.58672,1.5871,1.35,1.73
2013.01.11 13:16:16.490,1.58672,1.5871,1.35,1.73
2013.01.11 13:16:17.640,1.58672,1.58713,1.35,1.35
2013.01.11 13:16:18.014,1.58672,1.58715,1.35,2.14
2013.01.11 13:16:18.081,1.58674,1.58715,1.92,1.39
2013.01.11 13:16:18.202,1.58679,1.58717,1.35,1.32
2013.01.11 13:16:19.251,1.58679,1.58717,1.35,1.32
2013.01.11 13:16:19.443,1.58679,1.58719,1.35,2.85
2013.01.11 13:16:19.960,1.58679,1.58719,1.35,1.35
2013.01.11 13:16:20.754,1.58679,1.58718,1.35,2.85
2013.01.11 13:16:21.000,1.58677,1.58719,2.25,2.10
2013.01.11 13:16:21.060,1.58677,1.58718,2.25,2.10
2013.01.11 13:16:21.440,1.58675,1.58719,3.98,3.60
2013.01.11 13:16:22.013,1.58676,1.58719,2.48,4.35
2013.01.11 13:16:22.129,1.58676,1.58715,2.48,1.73
2013.01.11 13:16:22.190,1.58676,1.58715,2.48,1.73
2013.01.11 13:16:22.772,1.58676,1.58713,1.13,1.35
2013.01.11 13:16:23.112,1.58676,1.58711,1.13,1.73
2013.01.11 13:16:23.768,1.58676,1.58713,1.13,1.35
2013.01.11 13:16:24.712,1.58676,1.58713,1.13,1.35
2013.01.11 13:16:26.220,1.58671,1.58711,1.35,1.73
2013.01.11 13:16:26.280,1.58671,1.58711,1.35,1.73
2013.01.11 13:16:26.520,1.58671,1.58709,1.13,2.07
2013.01.11 13:16:26.580,1.58667,1.58709,1.13,2.07
2013.01.11 13:16:26.701,1.58667,1.58709,1.35,2.44
2013.01.11 13:16:26.761,1.58667,1.58709,1.35,2.44
2013.01.11 13:16:27.349,1.58667,1.5871,3.04,1.73
2013.01.11 13:16:28.800,1.58668,1.58711,3.60,1.73
2013.01.11 13:16:29.538,1.58669,1.5871,1.92,1.35
2013.01.11 13:16:30.072,1.58672,1.5871,1.13,1.35
2013.01.11 13:16:30.267,1.58674,1.58708,1.50,1.73
2013.01.11 13:16:30.336,1.58674,1.58708,1.50,1.73
2013.01.11 13:16:30.460,1.58677,1.58712,1.13,1.35
2013.01.11 13:16:30.580,1.58681,1.58713,1.35,1.13
2013.01.11 13:16:30.792,1.58681,1.58713,1.35,1.13
2013.01.11 13:16:30.990,1.58681,1.58713,1.35,1.13
2013.01.11 13:16:31.896,1.58681,1.58713,1.35,1.13
2013.01.11 13:16:32.483,1.58681,1.58713,1.35,1.13
2013.01.11 13:16:33.311,1.58681,1.58713,1.35,1.13
2013.01.11 13:16:33.406,1.58681,1.58713,1.35,1.13
2013.01.11 13:16:33.531,1.58679,1.58713,1.35,1.13
2013.01.11 13:16:33.712,1.58677,1.58712,1.73,1.35
2013.01.11 13:16:34.190,1.58677,1.5871,1.35,1.35
2013.01.11 13:16:34.491,1.58674,1.58707,1.50,1.35
2013.01.11 13:16:34.670,1.58671,1.58705,2.85,1.35
2013.01.11 13:16:36.652,1.58671,1.58706,1.13,1.35
2013.01.11 13:16:37.391,1.58671,1.58706,1.35,1.35
2013.01.11 13:16:37.631,1.58671,1.58708,1.13,1.73
2013.01.11 13:16:37.751,1.58671,1.58708,1.35,3.23
2013.01.11 13:16:40.921,1.58671,1.58705,1.13,1.35
2013.01.11 13:16:41.041,1.58669,1.58703,1.13,1.35
2013.01.11 13:16:41.161,1.58667,1.58702,1.50,1.35
2013.01.11 13:16:41.401,1.58666,1.58697,1.50,1.35
2013.01.11 13:16:42.776,1.58664,1.58697,1.13,2.07
2013.01.11 13:16:42.841,1.5866,1.58695,2.63,1.32
2013.01.11 13:16:42.900,1.5866,1.58697,2.63,1.73
2013.01.11 13:16:43.141,1.5866,1.58695,1.13,2.70
2013.01.11 13:16:43.207,1.58656,1.58688,1.13,1.13
2013.01.11 13:16:43.273,1.58656,1.5869,1.35,1.13
2013.01.11 13:16:43.541,1.58656,1.58693,1.35,1.35
2013.01.11 13:16:43.720,1.58661,1.58694,1.13,2.10
2013.01.11 13:16:43.781,1.58661,1.58694,1.35,1.88
2013.01.11 13:16:44.200,1.58662,1.58696,1.73,1.35
2013.01.11 13:16:44.661,1.58664,1.58698,1.50,1.73
2013.01.11 13:16:45.020,1.5866,1.58696,3.23,1.35
2013.01.11 13:16:45.582,1.58662,1.58698,2.48,2.10
2013.01.11 13:16:46.061,1.58662,1.58702,2.85,1.73
2013.01.11 13:16:46.181,1.58663,1.58702,3.23,1.73
2013.01.11 13:16:46.950,1.58658,1.58702,2.48,1.73
2013.01.11 13:16:47.200,1.58662,1.58694,1.73,1.35
2013.01.11 13:16:47.742,1.58662,1.58695,1.73,1.13
2013.01.11 13:16:48.490,1.58662,1.587,1.35,1.73
2013.01.11 13:16:48.850,1.58662,1.587,1.73,1.73
2013.01.11 13:16:48.970,1.58669,1.58706,1.35,1.32
2013.01.11 13:16:49.514,1.58671,1.58708,1.73,1.35
2013.01.11 13:16:50.040,1.5867,1.58709,1.73,1.73
2013.01.11 13:16:50.460,1.58673,1.58708,1.50,1.35
2013.01.11 13:16:50.520,1.58674,1.58709,1.35,1.35
2013.01.11 13:16:51.370,1.58675,1.5871,1.35,1.35
2013.01.11 13:16:51.920,1.58678,1.58711,2.07,1.35
2013.01.11 13:16:51.981,1.58679,1.58711,1.17,1.35
2013.01.11 13:16:52.930,1.58679,1.58715,1.35,1.73
2013.01.11 13:16:53.111,1.58678,1.58714,1.13,2.10
2013.01.11 13:16:53.652,1.58676,1.58709,1.35,1.13
2013.01.11 13:16:54.151,1.58673,1.58708,1.35,1.13
2013.01.11 13:16:54.452,1.58673,1.58708,1.13,1.35
2013.01.11 13:16:54.514,1.58673,1.58708,1.35,1.35
2013.01.11 13:16:54.941,1.58672,1.58716,2.29,1.73
2013.01.11 13:16:55.180,1.58675,1.58718,1.73,1.32
2013.01.11 13:16:55.943,1.58677,1.5872,1.35,1.73
2013.01.11 13:16:56.131,1.5868,1.5872,1.73,1.73
2013.01.11 13:16:56.312,1.58681,1.5872,1.73,1.73
2013.01.11 13:16:56.506,1.58684,1.58723,2.10,1.35
2013.01.11 13:16:56.634,1.58687,1.58723,1.92,1.35
2013.01.11 13:16:56.942,1.58689,1.58723,1.20,1.35
2013.01.11 13:16:57.182,1.58694,1.58734,2.48,1.73
2013.01.11 13:16:58.391,1.58695,1.58733,1.73,1.35
2013.01.11 13:16:58.611,1.58699,1.58733,1.50,1.35
2013.01.11 13:16:58.931,1.58697,1.58733,1.73,1.35
2013.01.11 13:16:59.792,1.58694,1.58733,1.73,1.35
2013.01.11 13:16:59.984,1.58695,1.58736,1.73,1.73
2013.01.11 13:17:00.652,1.587,1.58734,1.73,1.13
2013.01.11 13:17:01.038,1.58701,1.58734,1.50,1.73
2013.01.11 13:17:01.164,1.58695,1.58734,3.04,1.73
2013.01.11 13:17:01.680,1.58701,1.58738,1.73,1.35
2013.01.11 13:17:02.747,1.58699,1.58739,1.35,1.73
2013.01.11 13:17:02.930,1.58704,1.58739,1.50,1.73
2013.01.11 13:17:03.065,1.58698,1.58739,2.29,1.73
2013.01.11 13:17:03.440,1.587,1.58739,1.73,1.73
2013.01.11 13:17:03.741,1.58701,1.58739,2.48,1.73
2013.01.11 13:17:04.192,1.58701,1.58738,2.48,1.35
2013.01.11 13:17:04.937,1.58701,1.58738,2.48,1.13
2013.01.11 13:17:05.273,1.58701,1.58738,2.48,1.35
2013.01.11 13:17:05.542,1.58701,1.58736,2.25,1.35
2013.01.11 13:17:05.783,1.58698,1.58738,1.69,1.73
2013.01.11 13:17:06.203,1.58699,1.58738,1.73,1.73
2013.01.11 13:17:06.323,1.58698,1.58738,2.48,1.50
2013.01.11 13:17:06.561,1.58698,1.58738,2.48,1.50
2013.01.11 13:17:06.905,1.58698,1.58738,2.48,1.50
2013.01.11 13:17:07.150,1.58698,1.58739,3.23,1.50
2013.01.11 13:17:07.753,1.58704,1.58739,1.73,1.73
2013.01.11 13:17:07.991,1.58703,1.58739,1.50,1.73
2013.01.11 13:17:08.631,1.587,1.58739,1.35,1.73
2013.01.11 13:17:08.940,1.58701,1.58739,1.50,1.73
2013.01.11 13:17:09.190,1.58701,1.58739,1.73,1.73
2013.01.11 13:17:09.430,1.58701,1.58739,1.50,1.73
2013.01.11 13:17:10.004,1.58699,1.58738,1.13,1.35
2013.01.11 13:17:10.181,1.58698,1.58736,1.35,1.35
2013.01.11 13:17:13.431,1.58699,1.58739,1.50,1.41
2013.01.11 13:17:13.951,1.58699,1.58737,1.73,1.73
2013.01.11 13:17:15.491,1.58702,1.58739,1.50,1.35
2013.01.11 13:17:16.033,1.58703,1.58739,1.50,1.73
2013.01.11 13:17:18.503,1.58702,1.58739,1.50,1.35
2013.01.11 13:17:20.060,1.58699,1.58739,2.10,1.35
2013.01.11 13:17:20.602,1.58702,1.58739,1.88,1.35
2013.01.11 13:17:22.541,1.58702,1.58739,1.88,1.35
2013.01.11 13:17:23.085,1.58703,1.58739,1.50,2.10
2013.01.11 13:17:23.650,1.58701,1.58739,1.35,1.35
2013.01.11 13:17:24.141,1.587,1.58739,1.35,1.35
2013.01.11 13:17:24.291,1.58699,1.58739,2.10,1.35
2013.01.11 13:17:25.337,1.58701,1.58738,1.35,1.35
2013.01.11 13:17:25.461,1.58701,1.58738,1.35,1.35
2013.01.11 13:17:25.961,1.58701,1.58738,1.35,1.35
2013.01.11 13:17:26.582,1.58701,1.58738,1.35,1.35
2013.01.11 13:17:27.990,1.587,1.58739,1.73,2.10
2013.01.11 13:17:29.295,1.58699,1.58738,2.10,1.35
2013.01.11 13:17:29.952,1.58701,1.58738,1.73,1.73
2013.01.11 13:17:31.111,1.58699,1.5874,2.48,1.73
2013.01.11 13:17:31.364,1.58699,1.5874,1.73,1.73
2013.01.11 13:17:31.434,1.58701,1.5874,1.35,1.73
2013.01.11 13:17:33.033,1.587,1.58738,1.73,2.48
2013.01.11 13:17:33.576,1.58701,1.58737,1.35,1.35
2013.01.11 13:17:33.938,1.58701,1.58737,1.35,1.35
2013.01.11 13:17:36.681,1.58701,1.58738,2.85,1.50
2013.01.11 13:17:36.741,1.58705,1.58739,2.10,1.50
2013.01.11 13:17:37.280,1.58706,1.58742,1.35,2.48
2013.01.11 13:17:37.520,1.58704,1.58739,1.50,1.35
2013.01.11 13:17:38.712,1.58704,1.58737,1.73,1.13
2013.01.11 13:17:39.241,1.58708,1.58738,1.35,1.50
2013.01.11 13:17:39.423,1.58708,1.58743,1.73,1.13
2013.01.11 13:17:39.481,1.58708,1.58743,1.73,1.13
2013.01.11 13:17:39.540,1.58711,1.58743,1.73,1.13
2013.01.11 13:17:40.109,1.58712,1.58745,2.85,1.73
2013.01.11 13:17:40.901,1.58712,1.58745,1.35,1.88
2013.01.11 13:17:41.784,1.58712,1.58745,1.13,2.51
2013.01.11 13:17:41.971,1.58712,1.58744,2.25,1.35
2013.01.11 13:17:42.510,1.58711,1.58742,2.48,1.13
2013.01.11 13:17:42.702,1.58711,1.58745,2.48,1.50
2013.01.11 13:17:43.141,1.58709,1.58745,1.35,1.73
2013.01.11 13:17:43.405,1.5871,1.58748,1.73,1.35
2013.01.11 13:17:43.774,1.58711,1.58745,2.25,1.73
2013.01.11 13:17:44.494,1.58707,1.58745,3.23,1.50
2013.01.11 13:17:44.741,1.58709,1.58745,1.35,1.13
2013.01.11 13:17:45.281,1.58713,1.58747,2.25,1.35
2013.01.11 13:17:46.151,1.58712,1.58747,1.73,1.73
2013.01.11 13:17:46.271,1.58712,1.58747,1.73,1.73
2013.01.11 13:17:46.390,1.58712,1.58747,1.50,1.73
2013.01.11 13:17:46.514,1.58712,1.58747,1.73,1.50
2013.01.11 13:17:46.833,1.58713,1.58747,1.35,1.50
2013.01.11 13:17:48.461,1.58721,1.58752,1.73,2.85
2013.01.11 13:17:49.331,1.58721,1.58752,1.73,2.85
2013.01.11 13:17:49.419,1.58721,1.58753,1.73,1.35
2013.01.11 13:17:49.491,1.58723,1.58755,1.50,1.35
2013.01.11 13:17:50.044,1.58722,1.58753,1.73,1.35
2013.01.11 13:17:50.351,1.58722,1.58753,1.73,1.13
2013.01.11 13:17:50.480,1.58721,1.58754,1.73,1.35
2013.01.11 13:17:51.151,1.5872,1.58751,1.88,1.35
2013.01.11 13:17:51.331,1.5872,1.58751,1.50,1.35
2013.01.11 13:17:51.711,1.58712,1.58747,2.10,1.35
2013.01.11 13:17:52.243,1.58711,1.58746,2.10,1.35
2013.01.11 13:17:52.392,1.58711,1.58746,1.88,1.35
2013.01.11 13:17:52.571,1.58709,1.58745,2.10,1.35
2013.01.11 13:17:52.751,1.58706,1.58745,2.85,2.25
2013.01.11 13:17:52.871,1.58702,1.58745,2.82,2.48
2013.01.11 13:17:52.932,1.58702,1.58745,2.48,3.23
2013.01.11 13:17:53.172,1.58705,1.58745,1.13,2.10
2013.01.11 13:17:53.231,1.58705,1.58745,1.35,1.35
2013.01.11 13:17:53.290,1.58705,1.58745,2.10,1.73
2013.01.11 13:17:54.031,1.58709,1.58745,2.48,2.48
2013.01.11 13:17:54.151,1.58708,1.58745,1.35,2.48
2013.01.11 13:17:54.512,1.58701,1.58744,2.48,1.36
2013.01.11 13:17:55.981,1.58705,1.58746,1.50,3.98
2013.01.11 13:17:56.041,1.58704,1.58746,1.50,2.85
2013.01.11 13:17:56.344,1.58709,1.58746,1.35,1.35
2013.01.11 13:17:56.658,1.58709,1.58746,1.35,1.35
2013.01.11 13:17:56.791,1.58709,1.58744,2.10,1.35
2013.01.11 13:17:56.922,1.58709,1.58744,1.88,1.65
2013.01.11 13:17:58.611,1.58708,1.58739,2.03,1.35
2013.01.11 13:17:59.192,1.58712,1.58748,2.48,1.78
2013.01.11 13:17:59.373,1.58712,1.58748,2.48,1.35
2013.01.11 13:17:59.431,1.5871,1.58748,1.35,1.35
2013.01.11 13:17:59.782,1.58712,1.58751,2.85,1.73
2013.01.11 13:18:00.644,1.58712,1.58751,2.48,2.10
2013.01.11 13:18:01.170,1.58713,1.58752,2.48,2.85
2013.01.11 13:18:02.331,1.5871,1.58751,2.85,2.10
2013.01.11 13:18:02.690,1.58716,1.58752,1.88,2.48
2013.01.11 13:18:02.810,1.58716,1.58752,2.10,2.25
2013.01.11 13:18:02.991,1.58716,1.58752,1.88,2.48
2013.01.11 13:18:03.050,1.58711,1.58751,1.73,1.35
2013.01.11 13:18:03.883,1.58711,1.5875,1.73,1.73
2013.01.11 13:18:04.180,1.58712,1.58748,1.73,1.35
2013.01.11 13:18:04.421,1.58712,1.58748,1.73,1.35
2013.01.11 13:18:04.961,1.58709,1.58749,3.04,1.35
2013.01.11 13:18:05.320,1.58719,1.58751,1.92,2.93
2013.01.11 13:18:05.622,1.58726,1.58751,1.50,2.93
2013.01.11 13:18:05.981,1.58728,1.58751,2.10,2.93
2013.01.11 13:18:06.103,1.58728,1.58753,3.04,1.95
2013.01.11 13:18:06.161,1.58734,1.58753,1.50,1.95
2013.01.11 13:18:06.222,1.58727,1.58753,3.79,1.95
2013.01.11 13:18:06.353,1.58734,1.58755,1.50,2.03
2013.01.11 13:18:06.472,1.58734,1.5876,1.50,2.25
2013.01.11 13:18:07.085,1.58734,1.58752,1.50,1.80
2013.01.11 13:18:08.241,1.58732,1.58752,1.50,1.80
2013.01.11 13:18:08.324,1.58727,1.58752,1.50,1.80
2013.01.11 13:18:08.831,1.58727,1.58753,1.50,2.78
2013.01.11 13:18:09.272,1.58727,1.58756,1.50,1.35
2013.01.11 13:18:09.813,1.58727,1.58756,1.50,1.35
2013.01.11 13:18:10.331,1.58726,1.58757,1.50,1.73
2013.01.11 13:18:11.771,1.58726,1.5876,1.50,1.35
2013.01.11 13:18:12.734,1.58726,1.58761,1.50,1.35
2013.01.11 13:18:12.802,1.58718,1.58761,1.92,1.35
2013.01.11 13:18:13.011,1.58727,1.58761,1.50,1.35
2013.01.11 13:18:13.563,1.5872,1.58758,1.17,1.73
2013.01.11 13:18:13.682,1.58722,1.58758,1.17,1.73
2013.01.11 13:18:13.802,1.58727,1.58757,1.50,1.73
2013.01.11 13:18:14.313,1.58727,1.58757,1.73,1.50
2013.01.11 13:18:14.501,1.58727,1.58764,1.35,1.35
2013.01.11 13:18:14.686,1.58726,1.58763,2.85,2.25
2013.01.11 13:18:14.814,1.58726,1.58763,2.10,1.73
2013.01.11 13:18:14.885,1.58722,1.58765,2.10,1.32
2013.01.11 13:18:14.953,1.58722,1.58765,2.10,1.32
2013.01.11 13:18:15.193,1.58725,1.58766,1.73,1.50
2013.01.11 13:18:16.182,1.58723,1.58758,2.48,1.13
2013.01.11 13:18:17.721,1.58721,1.58763,1.73,2.10
2013.01.11 13:18:18.875,1.5872,1.58768,1.73,2.18
2013.01.11 13:18:19.402,1.58722,1.58766,1.35,2.10
2013.01.11 13:18:19.729,1.58724,1.58766,1.73,3.60
2013.01.11 13:18:20.032,1.58722,1.58766,1.73,2.48
2013.01.11 13:18:20.391,1.58727,1.58766,1.50,1.73
2013.01.11 13:18:20.692,1.58714,1.58763,1.17,2.18
2013.01.11 13:18:21.791,1.58725,1.58768,2.10,1.36
2013.01.11 13:18:21.971,1.58726,1.58768,1.73,1.36
2013.01.11 13:18:22.502,1.5872,1.58762,2.10,2.10
2013.01.11 13:18:23.051,1.5872,1.58762,2.29,2.10
2013.01.11 13:18:23.648,1.58721,1.58762,2.10,2.10
2013.01.11 13:18:23.710,1.58721,1.58764,1.73,1.41
2013.01.11 13:18:24.961,1.5872,1.58764,1.35,1.83
2013.01.11 13:18:25.931,1.58722,1.58764,1.50,1.74
2013.01.11 13:18:26.373,1.58722,1.58767,1.73,1.73
2013.01.11 13:18:26.691,1.58723,1.58768,1.61,1.81
2013.01.11 13:18:26.751,1.58723,1.58768,1.61,1.81
2013.01.11 13:18:26.930,1.58729,1.58768,2.07,1.58
2013.01.11 13:18:26.991,1.58729,1.58759,2.07,1.50
2013.01.11 13:18:27.172,1.58738,1.58782,2.10,2.07
2013.01.11 13:18:27.785,1.5874,1.58773,1.73,1.35
2013.01.11 13:18:28.681,1.58741,1.58781,1.73,1.35
2013.01.11 13:18:28.801,1.58741,1.58781,1.73,1.35
2013.01.11 13:18:29.511,1.5874,1.58781,1.73,2.85
2013.01.11 13:18:30.590,1.58741,1.58781,2.10,1.35
2013.01.11 13:18:31.121,1.58741,1.58781,2.10,1.35
2013.01.11 13:18:31.461,1.58739,1.58783,1.35,1.61
2013.01.11 13:18:32.000,1.5874,1.58782,2.10,2.10
2013.01.11 13:18:32.484,1.5874,1.58779,1.50,3.26
2013.01.11 13:18:32.800,1.58736,1.58779,1.32,3.26
2013.01.11 13:18:33.522,1.58736,1.58771,1.88,1.35
2013.01.11 13:18:33.640,1.58732,1.58777,3.79,2.10
2013.01.11 13:18:33.700,1.58732,1.58776,3.79,1.73
2013.01.11 13:18:33.940,1.58733,1.58778,3.23,1.73
2013.01.11 13:18:34.651,1.58733,1.58777,2.48,1.52
2013.01.11 13:18:34.771,1.58733,1.58769,1.88,1.26
2013.01.11 13:18:34.830,1.58733,1.58769,1.50,1.63
2013.01.11 13:18:35.012,1.58733,1.58772,1.50,2.85
2013.01.11 13:18:35.368,1.5873,1.5877,1.73,1.73
2013.01.11 13:18:35.880,1.58732,1.58773,1.50,1.25
2013.01.11 13:18:36.764,1.58731,1.58773,1.73,1.25
2013.01.11 13:18:36.840,1.58732,1.58772,2.10,1.35
2013.01.11 13:18:37.151,1.58733,1.58778,1.73,1.66
2013.01.11 13:18:37.703,1.58738,1.58782,1.35,1.35
2013.01.11 13:18:37.760,1.58738,1.58782,1.35,1.35
2013.01.11 13:18:38.060,1.58739,1.58783,1.73,2.16
2013.01.11 13:18:38.542,1.58738,1.58785,2.48,2.85
2013.01.11 13:18:38.971,1.58742,1.58788,3.23,1.47
2013.01.11 13:18:40.061,1.58748,1.5879,1.35,1.35
2013.01.11 13:18:40.241,1.58747,1.58789,1.54,1.32
2013.01.11 13:18:40.592,1.58747,1.58791,3.04,1.35
2013.01.11 13:18:40.956,1.58749,1.58793,1.73,1.47
2013.01.11 13:18:41.270,1.58741,1.58778,1.50,1.73
2013.01.11 13:18:41.330,1.58744,1.58779,1.50,1.35
2013.01.11 13:18:42.241,1.58744,1.58777,1.73,1.13
2013.01.11 13:18:42.422,1.58744,1.58782,2.10,1.73
2013.01.11 13:18:42.541,1.58744,1.58786,3.04,1.73
2013.01.11 13:18:43.090,1.58745,1.58789,1.35,1.29
2013.01.11 13:18:43.687,1.58745,1.58789,1.35,1.29
2013.01.11 13:18:44.252,1.58745,1.58789,1.35,1.29
2013.01.11 13:18:44.430,1.58744,1.5879,2.48,2.85
2013.01.11 13:18:44.862,1.58747,1.58793,1.73,3.46
2013.01.11 13:18:44.961,1.58747,1.5879,1.50,1.43
2013.01.11 13:18:45.193,1.58747,1.58793,1.17,2.99
2013.01.11 13:18:45.627,1.58749,1.58794,1.35,3.46
2013.01.11 13:18:46.269,1.58744,1.58788,2.10,3.23
2013.01.11 13:18:46.330,1.58744,1.58786,2.10,1.73
2013.01.11 13:18:46.510,1.58741,1.58784,1.50,2.01
2013.01.11 13:18:46.690,1.58739,1.58784,1.73,3.51
2013.01.11 13:18:46.890,1.58739,1.58781,1.35,1.35
2013.01.11 13:18:47.249,1.58739,1.58781,2.85,1.35
2013.01.11 13:18:47.791,1.58739,1.58781,1.35,1.35
2013.01.11 13:18:48.441,1.5874,1.58786,2.10,1.73
2013.01.11 13:18:48.500,1.5874,1.58786,2.10,1.73
2013.01.11 13:18:50.430,1.58744,1.58788,1.35,1.35
2013.01.11 13:18:50.611,1.58747,1.58789,1.35,1.73
2013.01.11 13:18:50.813,1.58747,1.58789,1.35,1.73
2013.01.11 13:18:51.454,1.58748,1.58789,2.85,1.73
2013.01.11 13:18:51.981,1.58747,1.58789,2.85,1.73
2013.01.11 13:18:52.486,1.58748,1.58789,2.85,1.73
2013.01.11 13:18:55.319,1.58747,1.58788,2.85,1.73
2013.01.11 13:18:56.951,1.58741,1.58785,1.92,1.14
2013.01.11 13:18:57.011,1.58745,1.58785,1.69,1.52
2013.01.11 13:18:57.070,1.5875,1.58783,1.50,1.73
2013.01.11 13:18:57.653,1.58751,1.58785,1.50,1.89
2013.01.11 13:18:59.350,1.58744,1.58785,2.44,1.52
2013.01.11 13:18:59.541,1.58752,1.58785,1.50,1.52
2013.01.11 13:19:00.045,1.58745,1.58785,1.69,1.52
2013.01.11 13:19:00.171,1.58752,1.58785,1.50,1.52
2013.01.11 13:19:00.360,1.58745,1.58785,1.69,1.52
2013.01.11 13:19:00.600,1.58751,1.58785,1.50,1.52
2013.01.11 13:19:01.516,1.58752,1.58785,1.50,1.89
2013.01.11 13:19:02.137,1.58751,1.58782,1.50,1.35
2013.01.11 13:19:02.683,1.58739,1.58781,1.92,1.73
2013.01.11 13:19:02.752,1.5874,1.5878,1.17,2.14
2013.01.11 13:19:03.001,1.58748,1.58778,1.50,1.73
2013.01.11 13:19:03.063,1.58748,1.58781,1.50,1.88
2013.01.11 13:19:03.121,1.58746,1.58781,1.50,1.88
2013.01.11 13:19:03.240,1.58746,1.58781,1.50,1.32
2013.01.11 13:19:03.360,1.58741,1.58783,1.50,1.73
2013.01.11 13:19:03.541,1.58739,1.58772,2.10,1.13
2013.01.11 13:19:03.851,1.58736,1.58768,2.10,1.84
2013.01.11 13:19:04.033,1.58736,1.58768,1.88,1.84
2013.01.11 13:19:04.212,1.58736,1.58773,1.50,2.85
2013.01.11 13:19:04.333,1.58736,1.58773,1.50,2.10
2013.01.11 13:19:04.871,1.58735,1.58772,1.13,1.35
2013.01.11 13:19:05.520,1.58734,1.58772,1.35,1.35
2013.01.11 13:19:05.710,1.58733,1.58773,1.73,1.13
2013.01.11 13:19:06.080,1.58737,1.58782,1.35,1.35
2013.01.11 13:19:06.661,1.58738,1.58782,2.10,1.35
2013.01.11 13:19:06.840,1.58738,1.58782,2.10,1.35
2013.01.11 13:19:07.433,1.58738,1.58783,2.10,1.25
2013.01.11 13:19:09.700,1.58733,1.58777,2.29,1.35
2013.01.11 13:19:09.880,1.58731,1.58778,1.02,3.23
2013.01.11 13:19:13.450,1.58738,1.58781,3.42,1.35
2013.01.11 13:19:13.764,1.58739,1.58784,1.35,1.25
2013.01.11 13:19:14.681,1.5874,1.58785,2.10,1.35
2013.01.11 13:19:15.219,1.58742,1.58788,1.35,1.35
2013.01.11 13:19:15.280,1.58739,1.58785,2.10,1.52
2013.01.11 13:19:17.310,1.58739,1.58784,2.10,1.38
2013.01.11 13:19:17.583,1.58739,1.58786,2.10,2.48
2013.01.11 13:19:17.951,1.5874,1.58783,1.35,1.20
2013.01.11 13:19:18.315,1.58745,1.58788,3.02,1.80
2013.01.11 13:19:18.440,1.58748,1.58791,1.73,1.35
2013.01.11 13:19:18.560,1.58745,1.5879,1.52,1.73
2013.01.11 13:19:18.621,1.58744,1.58787,2.10,1.35
2013.01.11 13:19:18.740,1.58746,1.58787,1.73,1.35
2013.01.11 13:19:19.276,1.58746,1.5879,2.48,1.73
2013.01.11 13:19:20.440,1.58746,1.58788,2.48,1.47
2013.01.11 13:19:21.911,1.58745,1.5879,3.23,2.36
2013.01.11 13:19:22.231,1.58745,1.5879,3.23,3.60
2013.01.11 13:19:22.591,1.58748,1.58788,2.25,3.19
2013.01.11 13:19:22.651,1.58744,1.58787,1.35,1.35
2013.01.11 13:19:23.216,1.58747,1.58781,1.35,1.50
2013.01.11 13:19:23.745,1.58749,1.58787,2.10,2.44
2013.01.11 13:19:24.356,1.58742,1.58778,2.10,2.10
2013.01.11 13:19:24.891,1.58742,1.58778,2.10,1.88
2013.01.11 13:19:25.281,1.58742,1.58778,3.00,2.10
2013.01.11 13:19:25.641,1.58744,1.58778,1.50,2.10
2013.01.11 13:19:25.701,1.58744,1.58778,1.50,2.10
2013.01.11 13:19:26.030,1.58744,1.58778,1.73,2.48
2013.01.11 13:19:26.362,1.58747,1.58778,2.07,2.48
2013.01.11 13:19:26.662,1.58751,1.58778,1.50,1.35
2013.01.11 13:19:26.781,1.58751,1.58778,2.10,1.13
2013.01.11 13:19:27.082,1.58752,1.58788,1.43,1.13
2013.01.11 13:19:27.142,1.58751,1.58784,1.73,1.13
2013.01.11 13:19:27.380,1.58751,1.58784,1.73,1.13
2013.01.11 13:19:27.803,1.58751,1.58784,2.25,1.35
2013.01.11 13:19:27.921,1.58751,1.58787,1.88,2.10
2013.01.11 13:19:28.284,1.58751,1.58784,1.88,1.35
2013.01.11 13:19:28.352,1.58755,1.58788,1.50,1.56
2013.01.11 13:19:28.998,1.58751,1.58789,1.50,1.63
2013.01.11 13:19:29.192,1.58749,1.58789,2.25,1.23
2013.01.11 13:19:29.481,1.58753,1.58789,1.50,1.50
2013.01.11 13:19:29.582,1.58749,1.58789,2.33,1.50
2013.01.11 13:19:29.641,1.5875,1.5879,1.05,1.32
2013.01.11 13:19:30.001,1.58754,1.58789,1.88,1.34
2013.01.11 13:19:30.061,1.58751,1.58789,1.50,1.34
2013.01.11 13:19:30.181,1.58753,1.58788,1.50,1.73
2013.01.11 13:19:30.591,1.58756,1.58787,1.50,1.35
2013.01.11 13:19:31.012,1.58755,1.58778,1.50,1.12
2013.01.11 13:19:32.151,1.5873,1.58778,1.35,1.12
2013.01.11 13:19:32.337,1.58733,1.58778,1.35,1.50
2013.01.11 13:19:32.464,1.58736,1.58778,1.50,1.50
2013.01.11 13:19:33.000,1.58733,1.58782,2.48,3.23
2013.01.11 13:19:34.142,1.58736,1.58782,1.35,2.10
2013.01.11 13:19:34.500,1.58731,1.58771,1.88,2.02
2013.01.11 13:19:34.847,1.58735,1.58771,1.50,1.27
2013.01.11 13:19:35.152,1.58733,1.58768,1.13,1.27
2013.01.11 13:19:35.533,1.58733,1.58772,1.73,1.13
2013.01.11 13:19:35.771,1.58736,1.58775,1.13,1.43
2013.01.11 13:19:36.402,1.58732,1.58775,2.10,1.43
2013.01.11 13:19:36.780,1.58727,1.58773,1.17,1.32
2013.01.11 13:19:36.870,1.58727,1.58773,1.17,1.92
2013.01.11 13:19:37.322,1.58733,1.58772,1.73,1.35
2013.01.11 13:19:38.000,1.58729,1.58772,1.17,1.35
2013.01.11 13:19:39.010,1.58727,1.58772,1.17,1.35
2013.01.11 13:19:39.313,1.58732,1.58772,1.35,1.35
2013.01.11 13:19:39.375,1.58732,1.58772,1.35,1.35
2013.01.11 13:19:39.442,1.58732,1.5877,1.13,1.56
2013.01.11 13:19:39.772,1.58724,1.58766,1.54,1.35
2013.01.11 13:19:39.952,1.58723,1.58767,1.73,1.52
2013.01.11 13:19:40.130,1.58725,1.58766,3.23,1.35
2013.01.11 13:19:41.322,1.58724,1.58773,2.48,1.35
2013.01.11 13:19:41.613,1.58721,1.58773,2.19,1.35
2013.01.11 13:19:41.682,1.58729,1.58773,1.73,1.35
2013.01.11 13:19:41.742,1.58729,1.58773,1.73,1.35
2013.01.11 13:19:42.251,1.5873,1.58773,1.50,1.35
2013.01.11 13:19:42.553,1.58729,1.5877,1.50,1.73
2013.01.11 13:19:42.671,1.58725,1.58767,1.17,1.35
2013.01.11 13:19:42.733,1.58717,1.58766,1.92,1.73
2013.01.11 13:19:44.501,1.58723,1.58767,1.73,2.85
2013.01.11 13:19:45.660,1.58724,1.58766,2.10,1.73
2013.01.11 13:19:45.981,1.58726,1.5877,1.35,3.60
2013.01.11 13:19:46.102,1.58729,1.5877,2.29,2.85
2013.01.11 13:19:46.226,1.58729,1.58766,2.07,1.29
2013.01.11 13:19:46.354,1.58729,1.58761,1.69,1.35
2013.01.11 13:19:46.937,1.58729,1.58761,1.69,1.20
2013.01.11 13:19:47.470,1.5873,1.58762,1.50,1.58
2013.01.11 13:19:48.031,1.58728,1.58765,1.50,1.19
2013.01.11 13:19:48.452,1.58728,1.58763,1.50,1.36
2013.01.11 13:19:48.672,1.58726,1.58759,1.50,1.35
2013.01.11 13:19:48.730,1.58726,1.58759,1.73,1.13
2013.01.11 13:19:48.790,1.58727,1.58766,1.73,2.85
2013.01.11 13:19:49.151,1.58727,1.58763,1.50,1.17
2013.01.11 13:19:49.712,1.5872,1.58762,2.10,1.73
2013.01.11 13:19:50.562,1.58719,1.5876,2.85,1.35
2013.01.11 13:19:51.110,1.58717,1.58763,1.54,1.55
2013.01.11 13:19:51.470,1.58722,1.58766,1.92,1.35
2013.01.11 13:19:51.650,1.58726,1.58767,1.73,1.98
2013.01.11 13:19:52.157,1.58724,1.5877,2.10,1.27
2013.01.11 13:19:52.400,1.58724,1.5877,2.10,1.65
2013.01.11 13:19:53.456,1.58726,1.5877,1.35,1.65
2013.01.11 13:19:53.651,1.58726,1.58768,1.35,1.69
2013.01.11 13:19:54.200,1.58721,1.58766,1.17,1.32
2013.01.11 13:19:54.380,1.58718,1.58763,2.10,1.73
2013.01.11 13:19:54.441,1.58718,1.58761,2.10,1.35
2013.01.11 13:19:54.790,1.58718,1.58761,2.10,2.10
2013.01.11 13:19:55.672,1.58715,1.58758,2.29,1.35
2013.01.11 13:19:55.731,1.58715,1.58758,2.07,1.35
2013.01.11 13:19:55.792,1.58715,1.58759,1.50,1.35
2013.01.11 13:19:56.340,1.58714,1.58758,1.50,1.35
2013.01.11 13:19:56.400,1.58714,1.58759,1.50,1.35
2013.01.11 13:19:56.621,1.58714,1.58758,1.50,1.73
2013.01.11 13:19:57.441,1.58716,1.58758,1.13,1.73
2013.01.11 13:19:57.622,1.58717,1.5875,1.35,1.13
2013.01.11 13:19:58.341,1.58717,1.58749,1.35,1.50
2013.01.11 13:19:59.152,1.58717,1.58749,1.35,1.50
2013.01.11 13:19:59.852,1.58716,1.5875,1.54,1.50
2013.01.11 13:20:00.222,1.58716,1.5875,1.20,1.50
2013.01.11 13:20:00.701,1.58724,1.58764,1.35,1.35
2013.01.11 13:20:00.824,1.58724,1.58764,2.10,1.35
2013.01.11 13:20:02.046,1.58725,1.58769,2.10,2.53
2013.01.11 13:20:02.127,1.58727,1.58766,1.34,1.88
2013.01.11 13:20:02.192,1.58725,1.58766,2.10,2.10
2013.01.11 13:20:02.372,1.58727,1.58766,1.73,2.10
2013.01.11 13:20:02.491,1.58727,1.5877,1.35,1.35
2013.01.11 13:20:02.612,1.58731,1.58768,1.50,1.32
2013.01.11 13:20:03.090,1.58721,1.58761,2.18,1.73
2013.01.11 13:20:03.211,1.58721,1.58761,2.32,1.50
2013.01.11 13:20:03.804,1.58729,1.58767,1.35,2.10
2013.01.11 13:20:04.110,1.58729,1.58769,1.35,1.35
2013.01.11 13:20:04.532,1.58729,1.58769,1.35,1.13
2013.01.11 13:20:04.592,1.58729,1.5877,1.35,1.35
2013.01.11 13:20:04.652,1.5873,1.58773,2.06,1.35
2013.01.11 13:20:04.952,1.58737,1.58768,3.04,1.13
2013.01.11 13:20:05.143,1.58737,1.58768,2.82,1.35
2013.01.11 13:20:06.126,1.58735,1.58769,2.85,1.35
2013.01.11 13:20:07.378,1.58736,1.58777,1.35,1.35
2013.01.11 13:20:08.327,1.58738,1.58778,2.10,2.10
2013.01.11 13:20:08.958,1.58734,1.58781,1.88,2.10
2013.01.11 13:20:09.472,1.58742,1.58782,2.48,3.60
2013.01.11 13:20:09.770,1.58733,1.58776,1.32,1.56
2013.01.11 13:20:09.922,1.58737,1.58776,1.50,1.56
2013.01.11 13:20:11.798,1.58734,1.58782,2.10,1.73
2013.01.11 13:20:12.039,1.58739,1.58784,3.79,2.84
2013.01.11 13:20:12.545,1.58738,1.58781,3.79,2.10
2013.01.11 13:20:13.485,1.58739,1.58781,2.29,2.10
2013.01.11 13:20:14.523,1.58745,1.58781,1.50,1.35
2013.01.11 13:20:14.830,1.58745,1.58783,2.10,1.35
2013.01.11 13:20:16.106,1.58747,1.58784,2.18,2.10
2013.01.11 13:20:16.221,1.58747,1.58788,1.73,1.73
2013.01.11 13:20:16.530,1.58747,1.58779,3.87,1.88
2013.01.11 13:20:16.832,1.5875,1.5879,1.35,2.10
2013.01.11 13:20:16.891,1.5875,1.5879,1.35,1.88
2013.01.11 13:20:18.261,1.58755,1.58789,1.35,1.88
2013.01.11 13:20:18.800,1.58749,1.58794,2.73,2.10
2013.01.11 13:20:18.920,1.58749,1.58793,2.10,1.54
2013.01.11 13:20:21.706,1.58749,1.58793,1.73,1.92
2013.01.11 13:20:22.071,1.58751,1.58795,1.35,1.73
2013.01.11 13:20:22.763,1.58755,1.58797,2.25,1.29
2013.01.11 13:20:23.013,1.58758,1.58801,2.48,2.48
2013.01.11 13:20:23.512,1.58758,1.58801,2.48,2.48
2013.01.11 13:20:23.990,1.58758,1.58795,1.35,2.48
2013.01.11 13:20:24.349,1.58762,1.58807,1.54,2.18
2013.01.11 13:20:24.410,1.58767,1.58802,1.35,2.25
2013.01.11 13:20:24.651,1.58767,1.58808,1.35,1.35
2013.01.11 13:20:25.205,1.58769,1.58808,2.10,1.35
2013.01.11 13:20:26.270,1.58767,1.58807,1.35,1.35
2013.01.11 13:20:26.576,1.58768,1.58807,2.10,1.35
2013.01.11 13:20:27.521,1.58768,1.58807,1.35,1.35
2013.01.11 13:20:27.640,1.58769,1.58807,1.35,1.35
2013.01.11 13:20:28.840,1.58768,1.58811,1.35,2.48
2013.01.11 13:20:29.093,1.58766,1.58805,1.73,2.10
2013.01.11 13:20:29.341,1.58763,1.58805,2.25,1.73
2013.01.11 13:20:29.402,1.58762,1.58799,1.73,1.73
2013.01.11 13:20:29.761,1.58765,1.58801,2.48,2.48
2013.01.11 13:20:30.000,1.58766,1.58804,1.73,2.48
2013.01.11 13:20:30.240,1.58768,1.58806,2.10,2.48
2013.01.11 13:20:30.300,1.58768,1.58806,1.35,1.35
2013.01.11 13:20:30.692,1.58771,1.58804,2.10,1.35
2013.01.11 13:20:31.232,1.58771,1.58816,3.75,1.80
2013.01.11 13:20:31.921,1.58779,1.58818,2.10,2.48
2013.01.11 13:20:32.485,1.58779,1.58819,2.10,1.73
2013.01.11 13:20:32.552,1.58781,1.58819,1.73,1.73
2013.01.11 13:20:34.191,1.58777,1.58818,2.07,1.95
2013.01.11 13:20:34.312,1.58781,1.58818,1.73,2.33
2013.01.11 13:20:35.114,1.58782,1.58818,1.50,1.73
2013.01.11 13:20:35.553,1.5878,1.58822,1.73,1.73
2013.01.11 13:20:35.743,1.5878,1.58822,1.73,1.35
2013.01.11 13:20:35.804,1.58784,1.58822,1.88,1.35
2013.01.11 13:20:35.872,1.58784,1.58822,2.44,1.13
2013.01.11 13:20:36.953,1.58783,1.5882,1.88,1.08
2013.01.11 13:20:37.176,1.58789,1.58822,1.88,1.35
2013.01.11 13:20:37.663,1.58789,1.58815,1.50,1.80
2013.01.11 13:20:37.723,1.58781,1.58815,2.10,1.80
2013.01.11 13:20:38.722,1.5878,1.58819,2.10,1.73
2013.01.11 13:20:38.841,1.58779,1.58819,2.10,1.73
2013.01.11 13:20:39.366,1.58779,1.58812,2.10,1.88
2013.01.11 13:20:39.611,1.58779,1.58818,2.10,1.43
2013.01.11 13:20:40.032,1.58782,1.5882,1.73,1.88
2013.01.11 13:20:40.373,1.58782,1.5882,2.10,2.10
2013.01.11 13:20:40.503,1.58782,1.5882,1.88,2.10
2013.01.11 13:20:41.243,1.58785,1.58821,1.50,2.03
2013.01.11 13:20:41.421,1.58778,1.58821,1.73,2.03
2013.01.11 13:20:41.629,1.58778,1.58821,1.73,2.03
2013.01.11 13:20:41.811,1.58781,1.58821,1.73,2.48
2013.01.11 13:20:42.051,1.5878,1.58816,1.73,1.88
2013.01.11 13:20:42.171,1.58785,1.58824,1.50,2.52
2013.01.11 13:20:42.531,1.58785,1.58821,1.50,3.13
2013.01.11 13:20:42.853,1.58785,1.5882,1.73,2.85
2013.01.11 13:20:43.352,1.58784,1.58813,2.10,1.88
2013.01.11 13:20:43.911,1.58784,1.58819,2.10,1.35
2013.01.11 13:20:44.263,1.58784,1.58819,2.10,1.35
2013.01.11 13:20:44.391,1.58784,1.58819,2.10,1.13
2013.01.11 13:20:44.961,1.58784,1.58819,1.88,1.35
2013.01.11 13:20:45.476,1.58784,1.58816,1.88,2.10
2013.01.11 13:20:46.526,1.58781,1.58812,2.10,1.88
2013.01.11 13:20:46.730,1.58781,1.58811,2.10,1.50
2013.01.11 13:20:47.191,1.58783,1.58813,1.73,1.50
2013.01.11 13:20:47.710,1.58783,1.58813,2.48,1.50
2013.01.11 13:20:48.399,1.58784,1.58821,1.73,1.32
2013.01.11 13:20:49.093,1.58783,1.58821,1.73,1.32
2013.01.11 13:20:50.769,1.58782,1.58814,1.73,1.73
2013.01.11 13:20:51.942,1.58789,1.58821,2.10,1.88
2013.01.11 13:20:52.620,1.58791,1.58829,1.73,2.48
2013.01.11 13:20:52.693,1.58793,1.58829,1.50,1.35
2013.01.11 13:20:53.534,1.58788,1.58829,1.35,1.35
2013.01.11 13:20:55.994,1.58795,1.58839,2.10,1.35
2013.01.11 13:20:56.064,1.58796,1.58838,2.10,3.23
2013.01.11 13:20:56.610,1.58796,1.5884,2.10,1.69
2013.01.11 13:20:57.160,1.58801,1.58839,2.10,1.80
2013.01.11 13:20:57.462,1.58794,1.58839,2.18,2.18
2013.01.11 13:20:58.000,1.58802,1.58838,1.73,1.35
2013.01.11 13:20:58.181,1.58794,1.58832,1.88,1.69
2013.01.11 13:20:58.240,1.58788,1.58831,1.35,1.32
2013.01.11 13:20:58.480,1.58792,1.5883,1.50,2.85
2013.01.11 13:20:58.950,1.58792,1.58829,1.73,1.13
2013.01.11 13:20:59.070,1.58792,1.58829,1.73,1.35
2013.01.11 13:20:59.663,1.5879,1.5883,2.48,3.60
2013.01.11 13:20:59.952,1.5879,1.58829,2.10,1.73
2013.01.11 13:21:00.016,1.5879,1.5883,2.10,2.85
2013.01.11 13:21:00.082,1.5879,1.5883,2.10,2.85
2013.01.11 13:21:00.749,1.58786,1.58829,1.73,3.90
2013.01.11 13:21:00.839,1.58783,1.58823,1.50,3.23
2013.01.11 13:21:00.912,1.58781,1.5882,1.73,1.73
2013.01.11 13:21:01.431,1.58784,1.5882,1.50,1.73
2013.01.11 13:21:02.210,1.58784,1.58823,2.10,2.10
2013.01.11 13:21:02.760,1.58787,1.58827,2.10,3.98
2013.01.11 13:21:02.820,1.58787,1.58827,2.10,3.98
2013.01.11 13:21:03.060,1.58784,1.58827,2.85,3.98
2013.01.11 13:21:03.420,1.58789,1.58826,1.50,1.54
2013.01.11 13:21:03.480,1.58784,1.58823,1.13,1.73
2013.01.11 13:21:03.541,1.58782,1.58823,1.92,2.48
2013.01.11 13:21:03.661,1.58786,1.58821,1.50,2.10
2013.01.11 13:21:04.591,1.58786,1.58821,1.50,2.10
2013.01.11 13:21:04.712,1.58786,1.58821,1.73,1.88
2013.01.11 13:21:05.213,1.58785,1.58825,2.10,1.17
2013.01.11 13:21:05.271,1.58789,1.58825,2.10,2.67
2013.01.11 13:21:05.752,1.58789,1.5882,2.10,1.50
2013.01.11 13:21:06.291,1.58789,1.5882,2.10,1.50
2013.01.11 13:21:06.471,1.5879,1.58823,2.10,1.50
2013.01.11 13:21:06.540,1.5879,1.58823,2.10,1.50
2013.01.11 13:21:06.960,1.5879,1.58823,1.50,1.73
2013.01.11 13:21:07.320,1.5879,1.58823,1.50,3.08
2013.01.11 13:21:07.439,1.5879,1.58821,1.50,2.48
2013.01.11 13:21:07.560,1.58784,1.58819,1.50,2.29
2013.01.11 13:21:07.741,1.58774,1.58815,2.85,1.73
2013.01.11 13:21:07.860,1.58782,1.58814,1.50,1.73
2013.01.11 13:21:08.410,1.58774,1.58814,2.85,1.73
2013.01.11 13:21:09.145,1.58779,1.58812,2.10,1.50
2013.01.11 13:21:09.500,1.58779,1.58812,2.10,1.50
2013.01.11 13:21:10.044,1.5878,1.58813,1.73,1.50
2013.01.11 13:21:10.701,1.5878,1.58813,1.73,1.73
2013.01.11 13:21:11.043,1.58783,1.58814,1.50,1.73
2013.01.11 13:21:12.850,1.58776,1.58815,1.58,1.73
2013.01.11 13:21:13.152,1.58776,1.58814,2.10,1.17
2013.01.11 13:21:13.452,1.58769,1.5881,1.69,1.40
2013.01.11 13:21:13.513,1.58764,1.58805,1.32,1.17
2013.01.11 13:21:13.581,1.58768,1.58804,2.10,1.92
2013.01.11 13:21:14.700,1.58769,1.58801,1.88,1.73
2013.01.11 13:21:15.372,1.58768,1.58802,1.73,1.73
2013.01.11 13:21:16.443,1.58768,1.58802,1.73,1.73
2013.01.11 13:21:16.742,1.58768,1.58802,2.07,1.73
2013.01.11 13:21:17.101,1.58768,1.58802,2.07,1.73
2013.01.11 13:21:17.652,1.58768,1.58802,2.07,1.73
2013.01.11 13:21:18.093,1.58772,1.58804,1.73,1.50
2013.01.11 13:21:18.211,1.58772,1.58804,1.50,1.73
2013.01.11 13:21:18.330,1.58772,1.58804,1.73,1.50
2013.01.11 13:21:19.306,1.58771,1.58802,1.73,1.50
2013.01.11 13:21:19.670,1.58774,1.58806,1.50,1.73
2013.01.11 13:21:19.911,1.58772,1.58805,1.73,1.73
2013.01.11 13:21:20.551,1.58773,1.58806,1.50,1.73
2013.01.11 13:21:21.281,1.58773,1.58806,1.50,1.73
2013.01.11 13:21:21.400,1.58766,1.58807,1.20,1.05
2013.01.11 13:21:21.460,1.58765,1.58811,1.05,1.35
2013.01.11 13:21:22.015,1.58765,1.58809,1.43,1.73
2013.01.11 13:21:22.200,1.58767,1.58803,1.50,1.65
2013.01.11 13:21:22.560,1.58765,1.58806,1.50,1.62
2013.01.11 13:21:23.430,1.58763,1.58806,1.35,1.62
2013.01.11 13:21:23.611,1.58765,1.58803,1.50,1.35
2013.01.11 13:21:23.870,1.58763,1.58802,1.35,1.35
2013.01.11 13:21:23.991,1.58754,1.58799,1.35,3.36
2013.01.11 13:21:24.420,1.58752,1.58792,1.13,1.35
2013.01.11 13:21:24.780,1.58756,1.5879,1.50,2.48
2013.01.11 13:21:26.080,1.58752,1.58794,1.13,1.35
2013.01.11 13:21:26.221,1.58752,1.58794,1.13,1.35
2013.01.11 13:21:27.114,1.58753,1.58795,1.54,1.50
2013.01.11 13:21:27.300,1.58756,1.58793,1.50,1.35
2013.01.11 13:21:28.250,1.58759,1.58795,1.50,1.50
2013.01.11 13:21:29.062,1.58756,1.58795,1.58,1.50
2013.01.11 13:21:29.677,1.58757,1.58801,1.17,1.23
2013.01.11 13:21:29.778,1.58761,1.58801,1.88,1.61
2013.01.11 13:21:30.330,1.58762,1.58801,1.50,1.23
2013.01.11 13:21:31.301,1.58764,1.58801,1.50,1.23
2013.01.11 13:21:31.361,1.58764,1.58805,1.50,1.35
2013.01.11 13:21:31.660,1.58766,1.58805,1.50,1.35
2013.01.11 13:21:32.032,1.58763,1.58806,1.35,1.59
2013.01.11 13:21:32.312,1.58766,1.58806,1.50,1.59
2013.01.11 13:21:32.431,1.58763,1.58806,1.35,1.59
2013.01.11 13:21:32.490,1.58763,1.58801,1.13,1.50
2013.01.11 13:21:32.730,1.58763,1.58806,1.35,3.12
2013.01.11 13:21:33.721,1.58763,1.58805,1.35,1.36
2013.01.11 13:21:34.013,1.58761,1.58802,2.63,1.36
2013.01.11 13:21:34.191,1.58759,1.58805,1.17,1.25
2013.01.11 13:21:34.251,1.58765,1.58805,1.50,1.25
2013.01.11 13:21:34.683,1.58765,1.58807,1.50,1.41
2013.01.11 13:21:35.131,1.58765,1.58805,1.50,1.29
2013.01.11 13:21:35.653,1.58765,1.58806,1.50,1.23
2013.01.11 13:21:36.728,1.58765,1.58801,1.50,1.29
2013.01.11 13:21:37.111,1.58765,1.58806,1.50,1.29
2013.01.11 13:21:37.171,1.58765,1.58801,1.50,1.41
2013.01.11 13:21:37.291,1.58765,1.58806,1.50,2.53
2013.01.11 13:21:37.410,1.58762,1.58806,2.10,1.41
2013.01.11 13:21:37.831,1.58766,1.58807,1.50,1.23
2013.01.11 13:21:38.012,1.58762,1.58807,1.35,1.23
2013.01.11 13:21:38.131,1.58766,1.58807,1.50,1.23
2013.01.11 13:21:38.505,1.58766,1.58805,1.50,1.34
2013.01.11 13:21:39.350,1.58766,1.58807,1.50,1.63
2013.01.11 13:21:40.040,1.58766,1.58805,1.50,1.41
2013.01.11 13:21:40.292,1.58765,1.58807,1.50,1.25
2013.01.11 13:21:40.470,1.58763,1.5881,3.34,1.35
2013.01.11 13:21:41.011,1.58774,1.58813,1.58,1.45
2013.01.11 13:21:41.252,1.58773,1.58817,1.73,1.10
2013.01.11 13:21:41.375,1.58774,1.5882,1.73,1.73
2013.01.11 13:21:42.509,1.58774,1.58822,1.73,1.73
2013.01.11 13:21:44.250,1.58772,1.58823,2.85,1.20
2013.01.11 13:21:45.033,1.58771,1.58819,2.48,1.29
2013.01.11 13:21:45.392,1.58772,1.58813,1.13,1.47
2013.01.11 13:21:45.511,1.58771,1.58812,2.10,1.35
2013.01.11 13:21:45.921,1.58771,1.58807,1.88,1.05
2013.01.11 13:21:46.402,1.58763,1.58807,2.10,1.43
2013.01.11 13:21:46.650,1.58764,1.58807,1.50,1.43
2013.01.11 13:21:47.227,1.58765,1.58806,1.50,1.73
2013.01.11 13:21:50.313,1.58765,1.58809,1.73,1.73
2013.01.11 13:21:50.430,1.58765,1.58806,1.50,1.38
2013.01.11 13:21:50.731,1.58767,1.58806,1.50,1.38
2013.01.11 13:21:52.291,1.58765,1.5881,3.98,2.13
2013.01.11 13:21:53.364,1.58765,1.58811,5.10,1.47
2013.01.11 13:21:54.118,1.5877,1.58812,1.50,1.27
2013.01.11 13:21:54.620,1.58769,1.58812,1.50,1.27
2013.01.11 13:21:56.092,1.5877,1.58806,1.50,1.35
2013.01.11 13:21:56.821,1.5877,1.58806,1.73,1.35
2013.01.11 13:21:57.992,1.58769,1.58805,1.73,2.10
2013.01.11 13:21:58.373,1.58769,1.58805,1.50,2.48
2013.01.11 13:21:58.492,1.58769,1.58805,1.73,2.10
2013.01.11 13:21:59.321,1.5877,1.58811,1.73,1.35
2013.01.11 13:22:00.264,1.58771,1.58814,1.50,1.63
2013.01.11 13:22:00.484,1.58771,1.58811,1.50,1.29
2013.01.11 13:22:02.430,1.5877,1.58811,1.50,1.29
2013.01.11 13:22:04.405,1.58768,1.58805,2.10,2.10
2013.01.11 13:22:04.742,1.58764,1.58806,1.88,2.10
2013.01.11 13:22:05.242,1.58764,1.58806,1.88,2.10
2013.01.11 13:22:05.421,1.58766,1.58806,2.85,1.35
2013.01.11 13:22:05.483,1.58766,1.58808,2.85,1.73
2013.01.11 13:22:05.540,1.58768,1.58809,2.10,2.10
2013.01.11 13:22:06.090,1.5877,1.58815,1.73,1.73
2013.01.11 13:22:06.271,1.5877,1.58811,1.50,1.54
2013.01.11 13:22:06.970,1.5877,1.58814,2.10,1.73
2013.01.11 13:22:07.272,1.58769,1.58806,1.88,1.23
2013.01.11 13:22:07.670,1.58763,1.58811,1.65,3.94
2013.01.11 13:22:07.850,1.58771,1.58811,1.35,2.48
2013.01.11 13:22:07.917,1.58763,1.5881,1.35,1.35
2013.01.11 13:22:08.181,1.58767,1.58814,1.41,1.35
2013.01.11 13:22:08.423,1.58771,1.58814,1.35,1.73
2013.01.11 13:22:08.541,1.58771,1.58815,1.35,2.48
2013.01.11 13:22:08.902,1.58773,1.58811,1.02,2.85
2013.01.11 13:22:09.551,1.58771,1.58814,1.69,1.73
2013.01.11 13:22:09.732,1.58775,1.58819,1.35,1.59
2013.01.11 13:22:09.912,1.58781,1.58819,1.50,1.45
2013.01.11 13:22:09.975,1.58783,1.58823,1.35,1.32
2013.01.11 13:22:10.103,1.58791,1.58822,1.50,1.73
2013.01.11 13:22:10.225,1.5879,1.58829,2.07,1.41
2013.01.11 13:22:10.297,1.5879,1.5883,2.29,1.73
2013.01.11 13:22:10.540,1.58792,1.58839,1.35,1.35
2013.01.11 13:22:10.842,1.58793,1.58842,1.63,2.00
2013.01.11 13:22:10.962,1.58792,1.58842,1.69,2.00
2013.01.11 13:22:12.474,1.58796,1.58841,4.46,2.31
2013.01.11 13:22:12.560,1.58806,1.58846,1.17,2.29
2013.01.11 13:22:12.770,1.58805,1.58846,1.54,2.29
2013.01.11 13:22:13.282,1.58805,1.58845,1.32,1.47
2013.01.11 13:22:13.701,1.58803,1.58839,1.17,1.35
2013.01.11 13:22:13.942,1.58803,1.58845,1.17,2.16
2013.01.11 13:22:14.540,1.58808,1.58842,1.50,1.73
2013.01.11 13:22:14.620,1.58805,1.58845,2.44,2.85
2013.01.11 13:22:14.752,1.58805,1.58843,2.44,1.43
2013.01.11 13:22:15.111,1.58801,1.58832,1.50,2.04
2013.01.11 13:22:15.921,1.58801,1.58825,1.50,2.44
2013.01.11 13:22:16.223,1.58798,1.5882,1.50,1.35
2013.01.11 13:22:16.565,1.58801,1.58821,1.50,1.69
2013.01.11 13:22:16.881,1.58801,1.58821,1.50,2.59
2013.01.11 13:22:16.940,1.58799,1.58821,1.50,1.47
2013.01.11 13:22:17.001,1.58799,1.58821,1.50,2.82
2013.01.11 13:22:17.304,1.58799,1.58821,1.50,2.59
2013.01.11 13:22:17.573,1.58799,1.58821,1.50,2.82
2013.01.11 13:22:17.884,1.5878,1.5882,1.32,1.35
2013.01.11 13:22:17.944,1.58789,1.5882,1.50,1.35
2013.01.11 13:22:18.262,1.58782,1.58819,1.69,1.35
2013.01.11 13:22:18.803,1.58782,1.58819,1.73,1.35
2013.01.11 13:22:18.982,1.58782,1.5882,2.10,1.73
2013.01.11 13:22:19.340,1.58784,1.58822,1.35,1.13
2013.01.11 13:22:19.670,1.58784,1.58822,1.35,1.13
2013.01.11 13:22:20.370,1.58784,1.58824,2.10,2.85
2013.01.11 13:22:20.878,1.5879,1.58826,2.33,1.73
2013.01.11 13:22:21.401,1.58792,1.58825,2.07,1.13
2013.01.11 13:22:21.593,1.5879,1.58825,1.92,1.13
2013.01.11 13:22:21.782,1.58792,1.5883,1.13,1.32
2013.01.11 13:22:21.842,1.5879,1.5883,2.65,1.88
2013.01.11 13:22:22.144,1.58793,1.58825,3.60,1.50
2013.01.11 13:22:22.637,1.58798,1.58827,3.82,1.50
2013.01.11 13:22:23.684,1.58807,1.58827,1.13,1.50
2013.01.11 13:22:23.993,1.58799,1.58841,1.35,1.73
2013.01.11 13:22:24.124,1.58799,1.58838,1.35,2.25
2013.01.11 13:22:24.491,1.58807,1.58841,2.25,1.35
2013.01.11 13:22:25.088,1.58808,1.58839,4.13,1.54
2013.01.11 13:22:25.691,1.58813,1.58836,1.50,2.48
2013.01.11 13:22:26.001,1.58813,1.58837,1.50,3.23
2013.01.11 13:22:26.823,1.58801,1.58834,1.50,1.82
2013.01.11 13:22:27.011,1.58802,1.5883,1.50,1.08
2013.01.11 13:22:27.622,1.58805,1.5883,1.50,1.08
2013.01.11 13:22:28.021,1.58805,1.58829,1.50,1.17
2013.01.11 13:22:28.747,1.58799,1.58818,1.50,1.35
2013.01.11 13:22:28.843,1.58795,1.58822,1.50,2.10
2013.01.11 13:22:28.961,1.58784,1.58826,1.05,1.35
2013.01.11 13:22:29.270,1.58789,1.58826,1.02,1.69
2013.01.11 13:22:29.391,1.58789,1.58826,1.02,1.69
2013.01.11 13:22:29.810,1.58793,1.5883,1.73,2.40
2013.01.11 13:22:30.132,1.58788,1.58825,2.48,1.73
2013.01.11 13:22:30.662,1.5879,1.58825,1.09,1.35
2013.01.11 13:22:31.022,1.5879,1.58825,2.03,1.13
2013.01.11 13:22:31.328,1.58795,1.58833,1.32,1.35
2013.01.11 13:22:31.632,1.58797,1.58842,1.32,2.63
2013.01.11 13:22:32.770,1.58795,1.58834,2.82,1.13
2013.01.11 13:22:33.192,1.58799,1.58841,1.35,1.35
2013.01.11 13:22:33.312,1.58797,1.58844,1.32,2.66
2013.01.11 13:22:33.433,1.58797,1.58844,1.32,2.66
2013.01.11 13:22:33.491,1.58798,1.58844,1.35,2.28
2013.01.11 13:22:33.721,1.58797,1.58844,1.32,2.28
2013.01.11 13:22:33.940,1.58797,1.58827,1.32,1.73
2013.01.11 13:22:34.210,1.58803,1.58827,1.35,1.73
2013.01.11 13:22:34.509,1.58803,1.58827,2.10,1.73
2013.01.11 13:22:34.691,1.58805,1.58834,1.88,1.50
2013.01.11 13:22:34.812,1.58805,1.58837,1.88,1.13
2013.01.11 13:22:34.990,1.58806,1.58841,1.13,1.35
2013.01.11 13:22:35.171,1.58806,1.58839,3.38,2.10
2013.01.11 13:22:35.739,1.58806,1.58848,3.00,1.45
2013.01.11 13:22:35.810,1.58814,1.58846,1.50,1.92
2013.01.11 13:22:35.871,1.58814,1.58846,1.50,1.92
2013.01.11 13:22:36.231,1.58814,1.58846,3.75,1.32
2013.01.11 13:22:36.412,1.58814,1.58846,2.63,1.17
2013.01.11 13:22:36.530,1.58814,1.58846,3.38,1.54
2013.01.11 13:22:36.715,1.58814,1.58846,2.59,1.54
2013.01.11 13:22:37.202,1.58817,1.5886,2.10,1.32
2013.01.11 13:22:37.640,1.58816,1.58859,1.35,1.13
2013.01.11 13:22:37.700,1.58821,1.58857,1.50,2.10
2013.01.11 13:22:38.001,1.58819,1.58855,1.50,1.50
2013.01.11 13:22:38.240,1.58819,1.58855,1.73,1.50
2013.01.11 13:22:39.614,1.58818,1.58859,1.50,1.35
2013.01.11 13:22:39.970,1.5882,1.58855,1.50,1.50
2013.01.11 13:22:40.271,1.58815,1.58855,1.50,1.34
2013.01.11 13:22:40.330,1.58815,1.58859,1.73,1.61
2013.01.11 13:22:40.691,1.58815,1.5885,1.50,1.73
2013.01.11 13:22:40.990,1.58811,1.58849,2.48,1.13
2013.01.11 13:22:41.460,1.58812,1.58849,1.01,1.13
2013.01.11 13:22:41.773,1.58811,1.58849,2.10,1.13
2013.01.11 13:22:42.271,1.58818,1.58862,1.73,1.98
2013.01.11 13:22:42.592,1.58818,1.5886,1.50,1.80
2013.01.11 13:22:42.951,1.58818,1.58855,1.50,1.52
2013.01.11 13:22:43.921,1.58818,1.58857,1.50,2.10
2013.01.11 13:22:43.981,1.58818,1.58854,1.50,1.35
2013.01.11 13:22:44.342,1.58818,1.58854,1.50,1.62
2013.01.11 13:22:44.460,1.58813,1.58851,1.50,1.73
2013.01.11 13:22:45.308,1.58811,1.58851,2.63,1.35
2013.01.11 13:22:45.490,1.58811,1.58845,1.13,1.61
2013.01.11 13:22:45.801,1.58816,1.58836,2.25,2.44
2013.01.11 13:22:45.863,1.58794,1.58836,2.74,2.10
2013.01.11 13:22:45.922,1.58814,1.58836,1.50,2.10
2013.01.11 13:22:46.140,1.58802,1.58834,1.50,1.73
2013.01.11 13:22:46.454,1.58804,1.58835,1.88,1.73
2013.01.11 13:22:46.632,1.58806,1.58835,2.59,1.73
2013.01.11 13:22:47.180,1.58805,1.58845,1.69,2.04
2013.01.11 13:22:47.828,1.58804,1.58845,1.88,1.36
2013.01.11 13:22:48.151,1.58806,1.5885,1.35,2.11
2013.01.11 13:22:48.691,1.58808,1.5885,1.50,1.32
2013.01.11 13:22:49.200,1.58808,1.5885,2.48,1.36
2013.01.11 13:22:49.711,1.58808,1.58858,2.48,1.43
2013.01.11 13:22:50.220,1.5881,1.58855,1.92,1.27
2013.01.11 13:22:50.521,1.5881,1.58854,2.10,2.10
2013.01.11 13:22:50.641,1.58813,1.58851,1.13,1.62
2013.01.11 13:22:50.762,1.58808,1.5885,1.50,1.25
2013.01.11 13:22:50.941,1.58808,1.5885,1.50,1.62
2013.01.11 13:22:51.310,1.58808,1.58851,1.73,1.35
2013.01.11 13:22:51.551,1.58806,1.58849,2.10,1.23
2013.01.11 13:22:51.623,1.58806,1.58849,2.10,1.23
2013.01.11 13:22:51.681,1.58808,1.58846,1.50,1.35
2013.01.11 13:22:52.652,1.58806,1.58849,2.10,1.23
2013.01.11 13:22:52.771,1.58809,1.58849,1.50,1.23
2013.01.11 13:22:53.282,1.58812,1.58849,1.50,1.23
2013.01.11 13:22:53.342,1.58812,1.5885,1.73,1.73
2013.01.11 13:22:53.581,1.58809,1.58848,1.88,1.73
2013.01.11 13:22:54.881,1.58809,1.5885,1.50,1.29
2013.01.11 13:22:55.241,1.58807,1.5885,2.25,2.42
2013.01.11 13:22:55.600,1.58797,1.58837,1.88,1.59
2013.01.11 13:22:56.342,1.588,1.58845,2.10,1.25
2013.01.11 13:22:56.822,1.588,1.58847,2.10,1.35
2013.01.11 13:22:57.002,1.588,1.5885,2.10,2.64
2013.01.11 13:22:57.589,1.58807,1.58849,1.73,2.30
2013.01.11 13:22:57.780,1.58807,1.58841,1.50,1.61
2013.01.11 13:22:57.960,1.58807,1.58837,1.50,1.35
2013.01.11 13:22:58.512,1.58807,1.58844,1.50,2.48
2013.01.11 13:22:58.873,1.58798,1.58841,1.88,1.32
2013.01.11 13:22:59.111,1.58802,1.58847,1.73,1.73
2013.01.11 13:22:59.230,1.58802,1.58848,1.73,1.35
2013.01.11 13:22:59.531,1.58805,1.58845,2.40,1.73
2013.01.11 13:22:59.710,1.58805,1.58845,3.53,1.73
2013.01.11 13:22:59.950,1.58806,1.58845,2.10,1.73
2013.01.11 13:23:00.010,1.58806,1.58844,1.73,1.73
2013.01.11 13:23:00.371,1.58809,1.58851,1.73,1.35
2013.01.11 13:23:00.690,1.58809,1.5885,1.73,1.35
2013.01.11 13:23:00.931,1.58809,1.5885,1.73,1.35
2013.01.11 13:23:01.622,1.58809,1.58848,1.50,1.35
2013.01.11 13:23:02.120,1.58806,1.58846,3.60,1.73
2013.01.11 13:23:02.243,1.58807,1.58847,1.73,2.48
2013.01.11 13:23:02.430,1.58807,1.58846,1.73,1.73
2013.01.11 13:23:02.571,1.58807,1.5885,1.73,1.35
2013.01.11 13:23:03.111,1.58808,1.5885,1.50,1.35
2013.01.11 13:23:03.280,1.58808,1.5885,1.73,1.35
2013.01.11 13:23:03.823,1.58808,1.58851,1.73,1.35
2013.01.11 13:23:04.370,1.58808,1.58851,1.73,1.35
2013.01.11 13:23:04.764,1.58809,1.58844,1.50,1.73
2013.01.11 13:23:04.882,1.58808,1.58844,1.73,1.73
2013.01.11 13:23:05.001,1.58808,1.58844,2.36,1.50
2013.01.11 13:23:05.302,1.58818,1.5885,1.32,1.13
2013.01.11 13:23:05.481,1.58822,1.58859,1.35,1.13
2013.01.11 13:23:05.541,1.58823,1.58859,1.73,1.88
2013.01.11 13:23:06.070,1.58823,1.58861,1.73,1.73
2013.01.11 13:23:06.753,1.5882,1.5886,2.49,3.23
2013.01.11 13:23:06.940,1.58818,1.58858,1.13,1.35
2013.01.11 13:23:07.451,1.58818,1.58855,2.25,1.73
2013.01.11 13:23:07.571,1.58814,1.58855,2.10,1.73
2013.01.11 13:23:07.930,1.58816,1.58854,2.10,1.35
2013.01.11 13:23:09.220,1.58816,1.58855,2.10,1.35
2013.01.11 13:23:09.341,1.58816,1.58854,2.48,1.13
2013.01.11 13:23:09.641,1.58824,1.58862,2.63,2.10
2013.01.11 13:23:09.701,1.58823,1.58862,2.63,2.10
2013.01.11 13:23:10.001,1.58826,1.58862,2.10,1.35
2013.01.11 13:23:10.291,1.58824,1.5886,1.50,1.35
2013.01.11 13:23:10.714,1.58823,1.5886,1.73,1.35
2013.01.11 13:23:10.841,1.58823,1.5886,1.73,1.35
2013.01.11 13:23:12.571,1.58814,1.58855,2.48,1.13
2013.01.11 13:23:12.701,1.58818,1.58852,1.13,1.35
2013.01.11 13:23:13.061,1.58814,1.58851,2.10,1.35
2013.01.11 13:23:13.921,1.58817,1.58851,2.63,1.35
2013.01.11 13:23:14.303,1.58819,1.58851,1.50,1.35
2013.01.11 13:23:14.422,1.58819,1.58854,1.88,1.35
2013.01.11 13:23:14.805,1.58819,1.58854,1.88,1.35
2013.01.11 13:23:16.291,1.58816,1.58851,1.88,1.35
2013.01.11 13:23:16.657,1.58816,1.58851,1.88,1.35
2013.01.11 13:23:17.723,1.58817,1.58851,2.63,1.35
2013.01.11 13:23:17.799,1.58812,1.58851,2.29,1.35
2013.01.11 13:23:18.611,1.58818,1.58851,1.88,1.35
2013.01.11 13:23:19.142,1.58818,1.58851,1.88,1.35
2013.01.11 13:23:19.261,1.58818,1.58851,1.88,1.35
2013.01.11 13:23:20.017,1.58817,1.58851,1.88,1.35
2013.01.11 13:23:20.612,1.58817,1.58851,1.88,1.35
2013.01.11 13:23:21.442,1.58817,1.58852,2.25,1.35
2013.01.11 13:23:22.269,1.58818,1.58852,2.25,1.35
2013.01.11 13:23:22.392,1.58816,1.58852,1.13,1.35
2013.01.11 13:23:22.921,1.58818,1.58852,1.50,1.35
2013.01.11 13:23:24.450,1.58818,1.58848,1.50,1.35
2013.01.11 13:23:24.526,1.58813,1.58848,1.50,1.35
2013.01.11 13:23:25.200,1.58814,1.58848,1.50,1.35
2013.01.11 13:23:25.443,1.58814,1.58848,2.25,1.35
2013.01.11 13:23:26.551,1.58811,1.58848,1.69,1.35
2013.01.11 13:23:27.082,1.58813,1.58848,2.25,1.35
2013.01.11 13:23:27.641,1.5881,1.58846,1.13,1.35
2013.01.11 13:23:27.821,1.58809,1.58846,1.88,1.35
2013.01.11 13:23:28.381,1.58809,1.58846,1.88,1.35
2013.01.11 13:23:29.056,1.58809,1.58847,2.63,1.35
2013.01.11 13:23:29.872,1.5881,1.58846,1.88,2.10
2013.01.11 13:23:30.171,1.58809,1.58846,1.88,2.10
2013.01.11 13:23:30.710,1.58809,1.58846,2.63,1.35
2013.01.11 13:23:31.350,1.5881,1.58846,1.88,1.35
2013.01.11 13:23:31.731,1.58804,1.58841,1.13,1.35
2013.01.11 13:23:32.093,1.58803,1.58838,1.88,1.73
2013.01.11 13:23:32.612,1.58802,1.5884,1.88,1.73
2013.01.11 13:23:34.370,1.58805,1.5884,1.50,1.73
2013.01.11 13:23:34.672,1.58811,1.5884,1.50,1.35
2013.01.11 13:23:34.901,1.58804,1.5884,2.25,1.35
2013.01.11 13:23:35.021,1.5881,1.5884,1.50,1.35
2013.01.11 13:23:36.131,1.58805,1.5884,1.13,1.35
2013.01.11 13:23:36.314,1.58805,1.5884,1.13,1.35
2013.01.11 13:23:36.382,1.58811,1.5884,1.50,1.35
2013.01.11 13:23:37.141,1.58811,1.58844,1.50,3.23
2013.01.11 13:23:37.391,1.58811,1.58845,1.50,1.35
2013.01.11 13:23:37.512,1.58811,1.58847,1.50,2.33
2013.01.11 13:23:37.574,1.58808,1.58845,1.50,1.20
2013.01.11 13:23:38.110,1.58802,1.58842,2.10,1.35
2013.01.11 13:23:38.491,1.58806,1.58842,1.13,1.13
2013.01.11 13:23:38.851,1.58805,1.58843,1.13,1.73
2013.01.11 13:23:39.341,1.58798,1.58839,1.73,2.10
2013.01.11 13:23:40.005,1.5879,1.5883,2.10,1.73
2013.01.11 13:23:40.253,1.5879,1.58826,2.85,1.50
2013.01.11 13:23:40.371,1.5879,1.58833,2.10,1.35
2013.01.11 13:23:40.550,1.58788,1.58829,1.35,2.48
2013.01.11 13:23:41.093,1.5879,1.58826,1.50,1.35
2013.01.11 13:23:41.651,1.58781,1.58815,2.48,1.13
2013.01.11 13:23:41.712,1.58778,1.58816,1.13,2.25
2013.01.11 13:23:41.770,1.58778,1.58816,1.35,1.73
2013.01.11 13:23:41.891,1.58781,1.58816,1.73,1.50
2013.01.11 13:23:42.201,1.58784,1.58815,1.88,1.13
2013.01.11 13:23:42.530,1.58788,1.58823,1.50,1.73
2013.01.11 13:23:42.972,1.58788,1.58826,1.50,3.00
2013.01.11 13:23:43.031,1.58787,1.58826,2.25,3.00
2013.01.11 13:23:43.151,1.58787,1.58826,1.88,2.25
2013.01.11 13:23:43.491,1.58791,1.58829,1.13,2.10
2013.01.11 13:23:43.550,1.58789,1.58829,3.00,2.10
2013.01.11 13:23:43.611,1.58791,1.58829,1.50,1.88
2013.01.11 13:23:43.914,1.58792,1.58824,3.38,1.03
2013.01.11 13:23:44.172,1.58792,1.58825,3.38,1.41
2013.01.11 13:23:44.413,1.58792,1.58832,3.38,2.10
2013.01.11 13:23:44.825,1.5879,1.58829,2.78,1.17
2013.01.11 13:23:45.152,1.58792,1.5882,1.13,1.41
2013.01.11 13:23:45.461,1.58792,1.58822,1.50,2.45
2013.01.11 13:23:45.583,1.58788,1.5882,1.50,1.73
2013.01.11 13:23:45.941,1.58787,1.58818,1.88,1.13
2013.01.11 13:23:46.002,1.58787,1.58821,2.10,1.13
2013.01.11 13:23:46.522,1.58789,1.58825,1.35,1.13
2013.01.11 13:23:46.941,1.58787,1.58821,1.50,1.28
2013.01.11 13:23:47.500,1.58787,1.58831,1.50,2.55
2013.01.11 13:23:47.663,1.58785,1.58821,2.44,1.13
2013.01.11 13:23:48.172,1.58784,1.58823,1.13,1.36
2013.01.11 13:23:48.295,1.58784,1.58824,1.13,1.35
2013.01.11 13:23:48.521,1.58784,1.58823,1.13,1.52
2013.01.11 13:23:49.420,1.58784,1.58823,1.13,1.52
2013.01.11 13:23:50.282,1.58784,1.58825,1.50,1.32
2013.01.11 13:23:50.402,1.58784,1.58823,1.50,1.20
2013.01.11 13:23:51.213,1.58781,1.58823,1.50,2.70
2013.01.11 13:23:51.733,1.58782,1.58818,1.88,1.03
2013.01.11 13:23:51.851,1.58783,1.58819,1.50,1.35
2013.01.11 13:23:52.385,1.58784,1.58821,2.25,1.35
2013.01.11 13:23:52.812,1.58784,1.5882,3.00,1.35
2013.01.11 13:23:53.122,1.58784,1.58823,4.50,1.35
2013.01.11 13:23:53.241,1.58784,1.58822,3.00,1.73
2013.01.11 13:23:53.783,1.58783,1.58825,2.25,1.20
2013.01.11 13:23:53.843,1.58784,1.58822,1.50,1.61
2013.01.11 13:23:54.382,1.58779,1.58818,2.85,1.35
2013.01.11 13:23:54.442,1.58779,1.58817,2.25,2.34
2013.01.11 13:23:54.622,1.58775,1.58817,1.35,2.34
2013.01.11 13:23:56.175,1.58778,1.58822,2.10,2.85
2013.01.11 13:23:56.481,1.58776,1.58819,3.57,1.35
2013.01.11 13:23:56.780,1.58781,1.58823,1.35,4.13
2013.01.11 13:23:57.320,1.5878,1.58813,1.35,1.88
2013.01.11 13:23:57.446,1.5878,1.58813,1.13,2.10
2013.01.11 13:23:57.751,1.58775,1.58813,1.13,2.10
2013.01.11 13:23:57.812,1.58775,1.58813,1.13,2.62
2013.01.11 13:23:58.111,1.58776,1.58813,1.13,2.10
2013.01.11 13:23:58.350,1.58774,1.58812,2.85,1.35
2013.01.11 13:23:58.473,1.58774,1.58812,2.63,1.35
2013.01.11 13:23:58.535,1.58774,1.58809,2.10,2.10
2013.01.11 13:23:58.901,1.58771,1.58813,2.85,2.03
2013.01.11 13:23:59.965,1.58772,1.58815,1.35,2.48
2013.01.11 13:24:00.272,1.58778,1.58808,1.58,1.50
2013.01.11 13:24:00.393,1.58778,1.58812,1.02,1.73
2013.01.11 13:24:00.511,1.58785,1.58821,1.50,1.78
2013.01.11 13:24:00.691,1.58781,1.58817,1.88,2.10
2013.01.11 13:24:00.751,1.58781,1.58815,1.88,1.54
2013.01.11 13:24:01.420,1.58781,1.58814,1.50,1.35
2013.01.11 13:24:01.783,1.58781,1.58815,1.50,1.73
2013.01.11 13:24:02.261,1.58781,1.58814,1.50,2.38
2013.01.11 13:24:02.381,1.58772,1.58814,1.17,2.38
2013.01.11 13:24:02.441,1.58771,1.58814,1.17,1.63
2013.01.11 13:24:02.911,1.58778,1.58811,1.50,3.59
2013.01.11 13:24:03.034,1.5877,1.58809,1.69,1.35
2013.01.11 13:24:03.461,1.58769,1.58805,1.69,1.35
2013.01.11 13:24:03.661,1.58772,1.58806,1.50,2.10
2013.01.11 13:24:04.056,1.58774,1.58806,1.50,2.48
2013.01.11 13:24:04.570,1.58777,1.58812,1.50,1.36
2013.01.11 13:24:04.751,1.58775,1.58814,1.69,2.10
2013.01.11 13:24:04.871,1.58778,1.58814,1.50,2.10
2013.01.11 13:24:05.468,1.58778,1.58812,1.50,1.98
2013.01.11 13:24:05.537,1.58775,1.58812,1.88,1.98
2013.01.11 13:24:06.147,1.58771,1.58813,2.25,1.98
2013.01.11 13:24:06.727,1.58776,1.58814,1.88,1.60
2013.01.11 13:24:07.222,1.58778,1.58814,1.50,1.25
2013.01.11 13:24:07.340,1.58774,1.58811,2.82,1.35
2013.01.11 13:24:07.471,1.58772,1.58809,1.13,1.17
2013.01.11 13:24:07.711,1.58775,1.58816,2.07,1.05
2013.01.11 13:24:07.830,1.58775,1.58818,2.29,2.85
2013.01.11 13:24:09.942,1.58778,1.58818,1.32,1.73
2013.01.11 13:24:10.452,1.58778,1.58818,1.32,1.73
2013.01.11 13:24:12.717,1.58785,1.58826,1.35,1.73
2013.01.11 13:24:13.450,1.58784,1.58819,1.13,2.10
2013.01.11 13:24:13.647,1.58784,1.58819,1.35,2.10
2013.01.11 13:24:14.152,1.58787,1.58826,2.63,1.73
2013.01.11 13:24:14.453,1.58791,1.58826,1.50,3.60
2013.01.11 13:24:14.810,1.58791,1.58826,2.10,3.23
2013.01.11 13:24:15.691,1.58792,1.58831,1.35,1.35
2013.01.11 13:24:16.374,1.58791,1.58831,2.10,1.35
2013.01.11 13:24:16.891,1.58793,1.5883,1.13,1.35
2013.01.11 13:24:17.892,1.58793,1.58832,1.13,1.35
2013.01.11 13:24:18.394,1.58793,1.58831,1.13,1.35
2013.01.11 13:24:18.454,1.58793,1.58834,1.13,1.35
2013.01.11 13:24:18.958,1.58797,1.58831,1.73,1.88
2013.01.11 13:24:19.381,1.58797,1.58831,1.13,1.88
2013.01.11 13:24:19.565,1.58794,1.58831,1.13,2.10
2013.01.11 13:24:19.633,1.58787,1.58832,1.73,1.73
2013.01.11 13:24:19.692,1.58791,1.58832,1.92,1.35
2013.01.11 13:24:19.992,1.58787,1.58827,1.50,1.56
2013.01.11 13:24:20.299,1.58789,1.58827,1.50,1.56
2013.01.11 13:24:20.421,1.58789,1.58827,1.88,1.19
2013.01.11 13:24:20.487,1.58789,1.58829,2.10,1.35
2013.01.11 13:24:21.431,1.58788,1.58831,2.29,1.62
2013.01.11 13:24:21.731,1.58789,1.58831,3.49,1.35
2013.01.11 13:24:21.911,1.58791,1.58834,1.35,2.48
2013.01.11 13:24:24.192,1.58795,1.58834,1.50,1.73
2013.01.11 13:24:24.661,1.58793,1.58828,1.69,1.38
2013.01.11 13:24:25.225,1.58792,1.58828,2.25,1.76
2013.01.11 13:24:25.796,1.58791,1.58828,2.25,1.38
2013.01.11 13:24:26.356,1.58792,1.58828,1.50,1.76
2013.01.11 13:24:26.531,1.58787,1.58828,2.44,1.76
2013.01.11 13:24:26.832,1.58793,1.58828,1.50,1.38
2013.01.11 13:24:27.190,1.58796,1.58836,1.50,1.63
2013.01.11 13:24:27.776,1.58797,1.58833,2.25,2.10
2013.01.11 13:24:28.494,1.58795,1.58833,1.13,2.10
2013.01.11 13:24:28.763,1.58796,1.58834,1.13,1.35
2013.01.11 13:24:29.305,1.58797,1.58831,1.50,3.30
2013.01.11 13:24:29.431,1.58797,1.58831,1.13,3.00
2013.01.11 13:24:30.031,1.58797,1.58831,1.50,3.00
2013.01.11 13:24:30.482,1.58796,1.58828,2.25,1.25
2013.01.11 13:24:30.603,1.58787,1.58827,1.50,1.59
2013.01.11 13:24:30.770,1.58791,1.58827,1.50,1.59
2013.01.11 13:24:31.632,1.58792,1.58827,1.50,1.25
2013.01.11 13:24:32.446,1.58788,1.58823,1.50,2.67
2013.01.11 13:24:32.982,1.58789,1.58823,1.50,2.48
2013.01.11 13:24:33.221,1.58783,1.58822,2.48,1.35
2013.01.11 13:24:33.591,1.58788,1.58819,1.50,1.50
2013.01.11 13:24:34.157,1.58789,1.58826,1.50,1.35
2013.01.11 13:24:35.611,1.58786,1.58823,1.50,2.10
2013.01.11 13:24:35.811,1.58792,1.58826,1.50,2.48
2013.01.11 13:24:35.952,1.58792,1.58827,1.50,4.35
2013.01.11 13:24:36.181,1.58793,1.58826,1.50,1.73
2013.01.11 13:24:36.780,1.58793,1.58823,1.50,1.50
2013.01.11 13:24:36.900,1.58788,1.58824,1.13,1.50
2013.01.11 13:24:37.042,1.58793,1.58826,1.50,4.35
2013.01.11 13:24:37.401,1.58798,1.58835,2.10,2.48
2013.01.11 13:24:37.524,1.58802,1.58834,1.88,2.10
2013.01.11 13:24:38.025,1.58802,1.58834,1.50,3.23
2013.01.11 13:24:38.502,1.58802,1.5883,1.50,1.94
2013.01.11 13:24:39.224,1.58793,1.58824,1.50,1.50
2013.01.11 13:24:39.650,1.58793,1.58824,1.88,1.73
2013.01.11 13:24:39.711,1.58793,1.58824,1.88,1.50
2013.01.11 13:24:39.832,1.58793,1.58824,1.50,1.73
2013.01.11 13:24:40.136,1.58793,1.58823,1.50,2.10
2013.01.11 13:24:41.531,1.58793,1.58826,1.50,2.48
2013.01.11 13:24:42.211,1.58793,1.58826,1.50,2.10
2013.01.11 13:24:42.331,1.58796,1.58826,1.50,1.73
2013.01.11 13:24:42.991,1.58796,1.58826,1.73,1.50
2013.01.11 13:24:43.321,1.58798,1.58828,1.50,1.88
2013.01.11 13:24:43.685,1.58802,1.58838,2.63,3.23
2013.01.11 13:24:43.752,1.58802,1.58832,1.13,1.50
2013.01.11 13:24:44.261,1.58803,1.58834,1.50,1.73
2013.01.11 13:24:46.011,1.58806,1.58834,1.50,1.73
2013.01.11 13:24:50.050,1.58801,1.58834,2.55,1.73
2013.01.11 13:24:50.111,1.58808,1.58837,1.50,1.73
2013.01.11 13:24:50.795,1.58809,1.58839,1.50,1.50
2013.01.11 13:24:50.868,1.58809,1.58839,2.85,1.50
2013.01.11 13:24:51.365,1.58811,1.58843,2.48,1.73
2013.01.11 13:24:51.491,1.58817,1.58844,1.50,1.73
2013.01.11 13:24:53.201,1.58816,1.58842,1.50,1.50
2013.01.11 13:24:54.260,1.58817,1.58844,1.50,1.50
2013.01.11 13:24:54.467,1.58811,1.58845,2.10,1.50
2013.01.11 13:24:55.710,1.58815,1.58843,1.50,1.50
2013.01.11 13:24:56.251,1.58814,1.58841,1.50,1.50
2013.01.11 13:24:57.171,1.58814,1.58841,1.50,1.73
2013.01.11 13:24:57.501,1.58814,1.5884,1.50,1.35
2013.01.11 13:24:58.182,1.58814,1.5884,1.50,2.10
2013.01.11 13:24:58.480,1.58808,1.58835,1.50,1.50
2013.01.11 13:24:58.664,1.58808,1.58835,1.50,4.31
2013.01.11 13:24:58.790,1.58794,1.58831,2.43,1.47
2013.01.11 13:24:58.851,1.58794,1.58831,1.09,1.98
2013.01.11 13:24:58.912,1.58798,1.58831,1.88,1.98
2013.01.11 13:24:58.972,1.58798,1.58831,1.88,1.69
2013.01.11 13:24:59.090,1.58795,1.58825,1.88,1.88
2013.01.11 13:24:59.397,1.58798,1.58828,1.50,2.10
2013.01.11 13:24:59.701,1.58798,1.58828,1.73,1.88
2013.01.11 13:25:00.490,1.58798,1.58828,1.73,1.88
2013.01.11 13:25:00.559,1.58794,1.58829,1.13,2.10
2013.01.11 13:25:01.111,1.58795,1.58829,2.55,2.48
2013.01.11 13:25:01.231,1.58801,1.58829,1.50,2.10
2013.01.11 13:25:01.521,1.58796,1.58829,1.13,2.10
2013.01.11 13:25:01.940,1.58798,1.58829,1.73,1.88
2013.01.11 13:25:02.060,1.58798,1.58836,2.48,1.35
2013.01.11 13:25:02.363,1.58797,1.58834,2.63,1.35
2013.01.11 13:25:02.832,1.58797,1.58834,2.85,1.13
2013.01.11 13:25:02.891,1.58797,1.58839,3.23,5.10
2013.01.11 13:25:03.261,1.58798,1.58831,3.98,1.50
2013.01.11 13:25:03.441,1.58802,1.58833,1.73,1.50
2013.01.11 13:25:04.265,1.58801,1.58832,1.73,1.50
2013.01.11 13:25:04.462,1.58799,1.58832,1.13,2.10
2013.01.11 13:25:04.522,1.58798,1.58837,1.13,1.02
2013.01.11 13:25:04.596,1.58794,1.58836,1.35,1.17
2013.01.11 13:25:05.602,1.58793,1.58832,3.60,2.10
2013.01.11 13:25:06.590,1.58793,1.58832,3.60,2.10
2013.01.11 13:25:06.749,1.58793,1.58831,2.70,1.73
2013.01.11 13:25:06.811,1.58796,1.58832,1.13,2.10
2013.01.11 13:25:06.931,1.58794,1.58832,2.48,1.73
2013.01.11 13:25:06.990,1.58799,1.58832,1.35,1.73
2013.01.11 13:25:07.112,1.58802,1.58832,1.35,1.50
2013.01.11 13:25:07.171,1.58802,1.58838,2.85,1.54
2013.01.11 13:25:07.291,1.58803,1.58836,1.73,1.50
2013.01.11 13:25:07.593,1.58805,1.5884,1.88,2.10
2013.01.11 13:25:07.951,1.58804,1.5884,1.13,2.10
2013.01.11 13:25:08.475,1.5881,1.58839,1.50,4.20
2013.01.11 13:25:08.543,1.58797,1.58831,2.10,1.50
2013.01.11 13:25:08.782,1.58797,1.58831,2.10,1.50
2013.01.11 13:25:08.971,1.58798,1.5883,1.88,2.48
2013.01.11 13:25:09.030,1.58798,1.5883,1.50,2.85
2013.01.11 13:25:09.151,1.58794,1.58837,1.35,1.32
2013.01.11 13:25:11.453,1.5879,1.58822,1.35,1.50
2013.01.11 13:25:11.553,1.58794,1.58822,1.73,1.50
2013.01.11 13:25:12.370,1.58795,1.58836,1.50,1.89
2013.01.11 13:25:12.445,1.5881,1.58844,1.50,3.42
2013.01.11 13:25:12.811,1.58811,1.58842,1.50,1.60
2013.01.11 13:25:13.052,1.58811,1.58843,1.50,2.04
2013.01.11 13:25:13.700,1.58808,1.58843,1.88,2.04
2013.01.11 13:25:14.911,1.588,1.58843,3.23,1.73
2013.01.11 13:25:15.032,1.588,1.58839,2.48,1.73
2013.01.11 13:25:15.974,1.58799,1.58836,2.63,1.23
2013.01.11 13:25:16.331,1.588,1.58843,1.63,1.73
2013.01.11 13:25:16.690,1.588,1.58836,1.63,1.28
2013.01.11 13:25:17.231,1.58802,1.5883,1.73,1.88
2013.01.11 13:25:17.354,1.588,1.58827,1.50,1.54
2013.01.11 13:25:17.542,1.58792,1.58828,1.35,1.35
2013.01.11 13:25:18.261,1.58791,1.58826,1.13,1.35
2013.01.11 13:25:18.681,1.58791,1.58824,1.50,1.05
2013.01.11 13:25:18.861,1.58787,1.58824,1.73,1.73
2013.01.11 13:25:19.171,1.58786,1.58818,2.10,1.50
2013.01.11 13:25:20.621,1.58789,1.58824,1.50,1.35
2013.01.11 13:25:20.680,1.58789,1.58826,1.88,1.73
2013.01.11 13:25:20.801,1.58792,1.58826,2.10,1.88
2013.01.11 13:25:20.931,1.58793,1.58826,2.10,1.13
2013.01.11 13:25:21.064,1.58793,1.5883,2.10,1.35
2013.01.11 13:25:21.958,1.5879,1.58828,1.88,1.15
2013.01.11 13:25:22.031,1.58792,1.5883,1.35,1.80
2013.01.11 13:25:22.092,1.58792,1.58832,1.35,1.05
2013.01.11 13:25:22.390,1.58792,1.58834,1.69,3.04
2013.01.11 13:25:22.631,1.58793,1.58839,1.02,2.11
2013.01.11 13:25:22.821,1.58791,1.58834,1.73,1.73
2013.01.11 13:25:22.952,1.5879,1.58829,2.25,1.50
2013.01.11 13:25:23.504,1.58793,1.58828,1.50,1.35
2013.01.11 13:25:23.661,1.58787,1.58829,2.85,1.35
2013.01.11 13:25:23.720,1.58795,1.58829,1.50,1.35
2013.01.11 13:25:23.981,1.5879,1.58829,1.09,1.35
2013.01.11 13:25:24.493,1.5879,1.58829,1.13,1.35
2013.01.11 13:25:25.360,1.58787,1.58823,2.10,1.73
2013.01.11 13:25:26.552,1.58787,1.58818,2.10,1.50
2013.01.11 13:25:26.731,1.58789,1.58827,1.50,1.35
2013.01.11 13:25:27.152,1.58792,1.58823,1.50,1.73
2013.01.11 13:25:27.473,1.58794,1.58825,1.50,1.73
2013.01.11 13:25:27.832,1.58797,1.58829,1.50,1.35
2013.01.11 13:25:27.892,1.58797,1.58829,1.50,1.35
2013.01.11 13:25:28.281,1.58797,1.5883,1.50,2.85
2013.01.11 13:25:28.460,1.58797,1.58826,1.50,3.75
2013.01.11 13:25:28.701,1.58797,1.58825,1.50,1.73
2013.01.11 13:25:28.763,1.58791,1.58824,1.50,1.73
2013.01.11 13:25:28.892,1.58788,1.58817,1.20,1.50
2013.01.11 13:25:29.460,1.58785,1.58817,1.58,1.50
2013.01.11 13:25:29.641,1.58789,1.58818,1.73,1.50
2013.01.11 13:25:30.741,1.58789,1.58818,1.95,1.50
2013.01.11 13:25:30.960,1.58789,1.58818,1.73,1.50
2013.01.11 13:25:31.573,1.58789,1.58818,1.73,1.50
2013.01.11 13:25:32.244,1.58789,1.58818,1.50,1.50
2013.01.11 13:25:32.317,1.58786,1.58822,1.35,3.60
2013.01.11 13:25:33.165,1.58786,1.58822,1.35,2.85
2013.01.11 13:25:33.471,1.58789,1.58821,1.73,1.88
2013.01.11 13:25:33.530,1.58794,1.58833,1.35,1.35
2013.01.11 13:25:34.081,1.58796,1.58828,1.73,2.70
2013.01.11 13:25:34.620,1.58796,1.58828,1.73,1.73
2013.01.11 13:25:34.681,1.58794,1.58822,1.73,1.50
2013.01.11 13:25:34.861,1.5879,1.58826,1.50,1.95
2013.01.11 13:25:34.922,1.58787,1.58826,2.10,1.95
2013.01.11 13:25:35.477,1.58788,1.58827,1.73,2.85
2013.01.11 13:25:35.551,1.58788,1.58827,1.73,2.70
2013.01.11 13:25:35.861,1.58786,1.58826,2.85,1.73
2013.01.11 13:25:36.171,1.58787,1.58832,1.35,1.35
2013.01.11 13:25:36.411,1.58788,1.58832,1.35,1.13
2013.01.11 13:25:36.961,1.58792,1.58834,1.73,1.50
2013.01.11 13:25:38.201,1.58793,1.58831,1.73,1.73
2013.01.11 13:25:39.191,1.58792,1.58828,2.67,2.85
2013.01.11 13:25:39.493,1.58783,1.58819,1.92,1.35
2013.01.11 13:25:39.551,1.58783,1.58819,1.92,1.35
2013.01.11 13:25:40.090,1.58783,1.58819,1.73,1.35
2013.01.11 13:25:41.280,1.58783,1.58812,2.25,1.88
2013.01.11 13:25:41.412,1.58773,1.58811,1.69,1.73
2013.01.11 13:25:41.962,1.58774,1.58807,2.48,1.50
2013.01.11 13:25:42.971,1.58774,1.58809,2.48,1.73
2013.01.11 13:25:43.731,1.58773,1.58807,1.88,1.50
2013.01.11 13:25:44.238,1.58775,1.58809,1.50,2.10
2013.01.11 13:25:44.642,1.58775,1.58814,2.25,2.85
2013.01.11 13:25:44.972,1.58781,1.58818,1.35,1.73
2013.01.11 13:25:45.422,1.58783,1.58812,1.35,1.50
2013.01.11 13:25:45.647,1.58783,1.58815,2.10,1.50
2013.01.11 13:25:46.111,1.58782,1.58817,1.69,1.73
2013.01.11 13:25:48.402,1.58784,1.58815,1.35,1.50
2013.01.11 13:25:48.642,1.58783,1.58817,1.35,1.50
2013.01.11 13:25:49.191,1.58781,1.58817,1.54,1.50
2013.01.11 13:25:49.797,1.58783,1.58823,1.35,3.23
2013.01.11 13:25:51.063,1.58796,1.58833,1.92,1.50
2013.01.11 13:25:51.191,1.58799,1.58833,1.54,1.13
2013.01.11 13:25:51.733,1.58802,1.58838,1.73,1.35
2013.01.11 13:25:52.242,1.588,1.58838,1.54,2.10
2013.01.11 13:25:52.365,1.58806,1.58838,1.50,2.10
2013.01.11 13:25:52.682,1.58806,1.58838,1.73,1.88
2013.01.11 13:25:55.228,1.58806,1.58838,1.32,1.35
2013.01.11 13:25:55.855,1.58814,1.58842,1.05,1.13
2013.01.11 13:25:55.933,1.5882,1.58854,1.35,1.50
2013.01.11 13:25:56.584,1.5882,1.58856,1.35,1.50
2013.01.11 13:25:57.871,1.5882,1.58853,1.35,1.88
2013.01.11 13:25:57.945,1.58808,1.58842,1.32,1.50
2013.01.11 13:25:58.623,1.58806,1.58839,1.35,2.63
2013.01.11 13:25:59.172,1.588,1.58838,2.61,1.88
2013.01.11 13:25:59.502,1.58818,1.58838,1.13,1.13
2013.01.11 13:25:59.622,1.58816,1.58841,1.13,4.50
2013.01.11 13:25:59.743,1.5882,1.58858,2.22,1.52
2013.01.11 13:25:59.982,1.5882,1.58859,2.10,2.10
2013.01.11 13:26:00.821,1.58825,1.58859,1.50,1.35
2013.01.11 13:26:01.182,1.58819,1.58852,1.13,1.13
2013.01.11 13:26:01.301,1.58819,1.58861,2.29,2.48
2013.01.11 13:26:02.913,1.58823,1.58859,1.50,1.35
2013.01.11 13:26:03.218,1.58823,1.58853,1.50,1.73
2013.01.11 13:26:03.418,1.58812,1.58851,2.03,1.35
2013.01.11 13:26:05.642,1.58809,1.58847,1.35,2.48
2013.01.11 13:26:06.206,1.58809,1.58847,1.35,1.35
2013.01.11 13:26:06.273,1.58809,1.58849,1.35,1.73
2013.01.11 13:26:06.814,1.5881,1.58849,1.73,1.73
2013.01.11 13:26:08.051,1.58811,1.58849,1.50,1.73
2013.01.11 13:26:09.253,1.58811,1.5885,1.88,1.35
2013.01.11 13:26:09.312,1.58811,1.5885,2.10,1.13
2013.01.11 13:26:09.921,1.58814,1.58857,1.73,2.48
2013.01.11 13:26:09.983,1.58814,1.58857,1.73,2.48
2013.01.11 13:26:10.522,1.5881,1.58848,1.13,1.73
2013.01.11 13:26:10.723,1.5882,1.58848,1.50,1.35
2013.01.11 13:26:11.075,1.58816,1.58848,1.50,1.35
2013.01.11 13:26:11.252,1.5881,1.58848,1.35,1.35
2013.01.11 13:26:11.433,1.5881,1.58848,1.35,1.73
2013.01.11 13:26:12.360,1.5881,1.58848,1.35,1.35
2013.01.11 13:26:12.877,1.5881,1.58848,1.35,1.73
2013.01.11 13:26:13.003,1.5881,1.58848,1.35,1.73
2013.01.11 13:26:13.122,1.58811,1.58848,1.13,1.73
2013.01.11 13:26:14.150,1.5881,1.58848,1.13,1.73
2013.01.11 13:26:14.470,1.58809,1.58838,1.88,1.41
2013.01.11 13:26:14.711,1.58809,1.58843,1.50,3.52
2013.01.11 13:26:14.774,1.58809,1.58843,1.50,3.38
2013.01.11 13:26:14.832,1.5881,1.58842,1.50,2.13
2013.01.11 13:26:15.201,1.58807,1.58837,1.50,1.50
2013.01.11 13:26:15.502,1.58798,1.58836,2.55,1.25
2013.01.11 13:26:15.628,1.58797,1.58836,1.50,1.25
2013.01.11 13:26:15.812,1.58797,1.58838,1.73,1.73
2013.01.11 13:26:15.932,1.58797,1.58838,1.73,1.73
2013.01.11 13:26:16.292,1.58797,1.58835,1.35,2.10
2013.01.11 13:26:17.752,1.58797,1.58834,1.35,1.35
2013.01.11 13:26:18.315,1.58799,1.58837,1.35,1.35
2013.01.11 13:26:18.444,1.58799,1.58837,1.13,1.35
2013.01.11 13:26:18.756,1.58799,1.58838,1.88,1.35
2013.01.11 13:26:19.572,1.58799,1.58837,1.13,1.35
2013.01.11 13:26:19.993,1.58799,1.58833,1.50,1.05
2013.01.11 13:26:20.453,1.58801,1.5883,1.50,1.35
2013.01.11 13:26:20.824,1.58799,1.5883,1.50,1.35
2013.01.11 13:26:20.942,1.58795,1.5883,2.07,1.35
2013.01.11 13:26:21.482,1.58795,1.5883,2.07,1.35
2013.01.11 13:26:21.991,1.58798,1.5883,1.50,1.35
2013.01.11 13:26:22.908,1.58799,1.5883,1.50,1.35
2013.01.11 13:26:23.395,1.58799,1.58829,1.50,1.17
2013.01.11 13:26:23.511,1.58792,1.58829,2.48,1.17
2013.01.11 13:26:23.752,1.58787,1.58827,1.35,1.73
2013.01.11 13:26:24.913,1.58785,1.58824,1.35,1.35
2013.01.11 13:26:25.215,1.58778,1.58817,1.50,1.13
2013.01.11 13:26:25.283,1.58788,1.58824,1.88,1.35
2013.01.11 13:26:25.402,1.58788,1.58825,1.88,1.35
2013.01.11 13:26:25.727,1.58788,1.58828,2.48,2.48
2013.01.11 13:26:26.254,1.58789,1.58828,3.23,2.10
2013.01.11 13:26:28.889,1.58791,1.58828,2.10,1.35
2013.01.11 13:26:29.506,1.58791,1.58831,2.48,1.35
2013.01.11 13:26:29.634,1.5879,1.58831,2.85,1.35
2013.01.11 13:26:29.772,1.58789,1.58831,3.60,1.35
2013.01.11 13:26:30.855,1.58793,1.58831,2.10,1.73
2013.01.11 13:26:30.922,1.58793,1.58831,1.88,1.73
2013.01.11 13:26:30.981,1.58793,1.58831,2.10,1.73
2013.01.11 13:26:31.483,1.58794,1.58832,1.73,2.85
2013.01.11 13:26:31.664,1.58794,1.58833,2.10,2.10
2013.01.11 13:26:32.732,1.58794,1.58832,2.48,1.35
2013.01.11 13:26:32.988,1.58793,1.58832,1.13,1.35
2013.01.11 13:26:33.056,1.58793,1.58832,3.38,1.35
2013.01.11 13:26:33.127,1.58794,1.58832,1.13,1.35
2013.01.11 13:26:34.364,1.58793,1.58831,1.13,1.73
2013.01.11 13:26:35.205,1.58787,1.5883,2.48,1.35
2013.01.11 13:26:36.992,1.58789,1.58833,1.73,2.16
2013.01.11 13:26:37.051,1.58789,1.58833,1.50,1.95
2013.01.11 13:26:37.591,1.58785,1.58822,1.13,1.13
2013.01.11 13:26:37.913,1.5878,1.58822,2.10,1.35
2013.01.11 13:26:39.512,1.58781,1.58822,1.35,1.35
2013.01.11 13:26:41.541,1.58785,1.58824,1.50,1.35
2013.01.11 13:26:42.123,1.58783,1.58825,1.50,2.64
2013.01.11 13:26:42.951,1.58783,1.58824,1.50,1.73
2013.01.11 13:26:43.074,1.58783,1.58824,1.73,1.73
2013.01.11 13:26:43.202,1.58784,1.58824,1.13,1.35
2013.01.11 13:26:44.539,1.58783,1.58825,1.13,2.01
2013.01.11 13:26:44.602,1.58783,1.58825,1.35,1.35
2013.01.11 13:26:44.901,1.58786,1.58825,1.35,1.73
2013.01.11 13:26:45.024,1.58786,1.58829,1.73,1.73
2013.01.11 13:26:46.039,1.58788,1.58832,1.35,2.10
2013.01.11 13:26:46.136,1.5879,1.5883,2.10,1.73
2013.01.11 13:26:49.612,1.58793,1.5883,2.25,1.35
2013.01.11 13:26:49.732,1.58794,1.58832,1.73,1.73
2013.01.11 13:26:50.435,1.58794,1.58833,1.35,1.35
2013.01.11 13:26:50.743,1.58792,1.58833,1.88,1.35
2013.01.11 13:26:51.113,1.58794,1.58829,1.88,1.35
2013.01.11 13:26:51.733,1.58794,1.58829,2.10,1.35
2013.01.11 13:26:53.191,1.58788,1.58831,1.35,1.69
2013.01.11 13:26:53.318,1.58787,1.58826,1.50,1.35
2013.01.11 13:26:53.622,1.58792,1.58829,1.88,1.17
2013.01.11 13:26:53.683,1.58792,1.5883,2.10,1.35
2013.01.11 13:26:54.205,1.58793,1.5883,1.88,1.54
2013.01.11 13:26:54.394,1.58793,1.5883,2.10,1.54
2013.01.11 13:26:55.992,1.58794,1.58832,2.48,3.04
2013.01.11 13:26:56.522,1.58793,1.58833,2.48,2.67
2013.01.11 13:26:56.842,1.58789,1.58833,1.35,2.85
2013.01.11 13:26:57.513,1.58791,1.58831,2.48,1.35
2013.01.11 13:26:57.753,1.58793,1.58832,1.35,1.54
2013.01.11 13:26:58.342,1.58795,1.58836,3.23,1.54
2013.01.11 13:26:58.705,1.58797,1.58836,2.63,1.35
2013.01.11 13:26:59.228,1.588,1.58837,1.50,1.35
2013.01.11 13:26:59.745,1.58799,1.58838,1.50,3.23
2013.01.11 13:27:00.264,1.58797,1.58837,1.13,1.35
2013.01.11 13:27:00.513,1.588,1.58837,1.50,1.35
2013.01.11 13:27:01.103,1.588,1.58837,2.25,1.35
2013.01.11 13:27:01.423,1.58804,1.58837,1.13,1.35
2013.01.11 13:27:01.722,1.58809,1.58843,2.25,1.35
2013.01.11 13:27:02.535,1.58804,1.58848,1.54,2.00
2013.01.11 13:27:03.402,1.58808,1.5884,1.50,2.02
2013.01.11 13:27:04.001,1.58808,1.58831,1.69,1.13
2013.01.11 13:27:04.312,1.58794,1.58824,1.50,1.56
2013.01.11 13:27:04.972,1.58784,1.58824,3.53,1.56
2013.01.11 13:27:05.183,1.58787,1.58824,1.50,2.31
2013.01.11 13:27:05.243,1.58789,1.58824,2.07,1.35
2013.01.11 13:27:05.433,1.58791,1.58824,1.88,1.35
2013.01.11 13:27:06.211,1.58788,1.58827,1.73,2.48
2013.01.11 13:27:06.391,1.58787,1.58827,3.19,1.73
2013.01.11 13:27:06.892,1.5879,1.58826,1.13,1.50
2013.01.11 13:27:07.015,1.5879,1.58829,1.50,2.85
2013.01.11 13:27:07.321,1.58795,1.58836,1.13,2.10
2013.01.11 13:27:07.941,1.58797,1.58836,2.10,2.48
2013.01.11 13:27:08.062,1.58797,1.58836,2.10,1.35
2013.01.11 13:27:08.122,1.58797,1.58838,2.10,1.73
2013.01.11 13:27:08.301,1.58798,1.58833,1.35,1.13
2013.01.11 13:27:08.362,1.58798,1.58833,1.35,1.13
2013.01.11 13:27:08.882,1.58802,1.58839,1.73,1.73
2013.01.11 13:27:09.429,1.58802,1.58839,2.10,1.73
2013.01.11 13:27:09.504,1.58802,1.58844,3.60,1.73
2013.01.11 13:27:09.883,1.58803,1.58846,1.35,2.48
2013.01.11 13:27:09.942,1.58806,1.58841,2.10,1.35
2013.01.11 13:27:10.475,1.58808,1.58841,1.88,1.35
2013.01.11 13:27:11.071,1.58807,1.58842,1.88,1.35
2013.01.11 13:27:11.640,1.58807,1.58842,2.22,1.35
2013.01.11 13:27:14.812,1.58809,1.58846,1.50,1.73
2013.01.11 13:27:15.910,1.58812,1.58848,1.13,1.35
2013.01.11 13:27:15.973,1.58812,1.58848,1.13,1.35
2013.01.11 13:27:16.512,1.58808,1.58851,1.32,1.19
2013.01.11 13:27:16.753,1.58811,1.58844,1.88,1.50
2013.01.11 13:27:16.812,1.58811,1.58844,1.88,1.50
2013.01.11 13:27:16.932,1.58809,1.58839,1.50,1.13
2013.01.11 13:27:16.992,1.58809,1.58839,1.50,1.13
2013.01.11 13:27:17.132,1.58804,1.58842,1.13,1.54
2013.01.11 13:27:17.253,1.58804,1.58839,1.13,1.13
2013.01.11 13:27:17.553,1.588,1.5884,2.25,1.56
2013.01.11 13:27:17.914,1.58797,1.58832,2.82,1.01
2013.01.11 13:27:18.211,1.58797,1.58831,1.88,2.11
2013.01.11 13:27:18.572,1.58795,1.5883,1.50,1.50
2013.01.11 13:27:19.441,1.5879,1.58828,1.88,1.03
2013.01.11 13:27:19.681,1.5879,1.58827,1.13,1.41
2013.01.11 13:27:19.741,1.5879,1.58828,1.13,1.35
2013.01.11 13:27:20.021,1.5879,1.58829,1.50,1.35
2013.01.11 13:27:20.562,1.58793,1.58829,2.44,1.35
2013.01.11 13:27:20.898,1.58789,1.58829,3.38,1.50
2013.01.11 13:27:21.021,1.58794,1.58829,1.73,1.50
2013.01.11 13:27:21.563,1.58798,1.58834,2.63,3.00
2013.01.11 13:27:22.052,1.58797,1.58834,1.13,1.35
2013.01.11 13:27:22.232,1.58799,1.58833,1.50,1.35
2013.01.11 13:27:22.594,1.58798,1.58833,2.25,1.35
2013.01.11 13:27:22.933,1.58798,1.58834,2.48,2.10
2013.01.11 13:27:23.472,1.58793,1.58834,1.73,1.35
2013.01.11 13:27:23.976,1.58793,1.58836,1.35,1.73
2013.01.11 13:27:25.245,1.58799,1.58838,1.13,1.73
2013.01.11 13:27:26.297,1.58799,1.58838,1.13,1.73
2013.01.11 13:27:26.715,1.58799,1.58838,1.69,1.73
2013.01.11 13:27:27.871,1.58802,1.58838,1.69,1.35
2013.01.11 13:27:28.123,1.58803,1.58838,2.07,1.73
2013.01.11 13:27:28.485,1.58797,1.58839,1.54,1.88
2013.01.11 13:27:29.302,1.58792,1.58838,1.69,1.35
2013.01.11 13:27:29.366,1.58803,1.58838,1.50,1.73
2013.01.11 13:27:29.492,1.58792,1.58838,1.13,2.10
2013.01.11 13:27:29.742,1.58794,1.58838,1.73,1.73
2013.01.11 13:27:30.044,1.58796,1.58838,2.48,2.10
2013.01.11 13:27:30.412,1.58792,1.58837,1.73,2.18
2013.01.11 13:27:30.782,1.58792,1.5883,1.50,1.50
2013.01.11 13:27:31.051,1.58792,1.5883,1.69,1.50
2013.01.11 13:27:31.912,1.58792,1.5883,1.69,2.99
2013.01.11 13:27:32.213,1.58792,1.58826,1.69,1.34
2013.01.11 13:27:32.551,1.58782,1.5882,5.29,1.35
2013.01.11 13:27:33.222,1.58786,1.5882,2.33,1.35
2013.01.11 13:27:33.905,1.58784,1.5882,2.48,1.35
2013.01.11 13:27:34.421,1.58784,1.58818,2.48,1.73
2013.01.11 13:27:34.731,1.58784,1.58812,2.48,1.50
2013.01.11 13:27:35.032,1.5878,1.58811,1.88,1.50
2013.01.11 13:27:35.973,1.58779,1.58809,2.93,1.35
2013.01.11 13:27:36.152,1.58774,1.58805,2.93,1.73
2013.01.11 13:27:36.843,1.58775,1.58813,2.25,1.32
2013.01.11 13:27:38.013,1.58769,1.58806,2.29,2.85
2013.01.11 13:27:38.983,1.5877,1.58806,2.10,1.35
2013.01.11 13:27:39.922,1.58771,1.58808,2.63,1.98
2013.01.11 13:27:40.162,1.58767,1.58811,2.10,2.48
2013.01.11 13:27:40.663,1.58771,1.58811,1.13,1.73
2013.01.11 13:27:41.176,1.58769,1.58811,3.42,2.10
2013.01.11 13:27:43.092,1.5877,1.58807,1.13,1.73
2013.01.11 13:27:43.153,1.5877,1.58807,1.44,1.50
2013.01.11 13:27:43.841,1.58777,1.58818,2.10,1.73
2013.01.11 13:27:44.971,1.58791,1.58818,1.13,1.73
2013.01.11 13:27:45.031,1.58791,1.58833,1.35,2.48
2013.01.11 13:27:45.091,1.5879,1.58833,1.73,1.35
2013.01.11 13:27:45.462,1.58785,1.58822,1.19,1.50
2013.01.11 13:27:45.522,1.58776,1.58822,2.07,1.73
2013.01.11 13:27:45.762,1.58783,1.58817,1.50,1.35
2013.01.11 13:27:45.881,1.58779,1.58817,1.35,1.73
2013.01.11 13:27:46.062,1.58781,1.58818,1.50,1.73
2013.01.11 13:27:46.182,1.58777,1.58815,2.63,2.10
2013.01.11 13:27:46.701,1.58777,1.58813,2.63,1.73
2013.01.11 13:27:47.022,1.58781,1.58818,1.50,1.73
2013.01.11 13:27:49.476,1.5878,1.58819,1.50,1.85
2013.01.11 13:27:49.781,1.5878,1.58812,1.50,1.50
2013.01.11 13:27:49.841,1.58775,1.58812,1.88,1.50
2013.01.11 13:27:51.071,1.58771,1.58813,1.73,1.45
2013.01.11 13:27:51.492,1.58771,1.58813,2.67,1.45
2013.01.11 13:27:51.732,1.5877,1.58807,2.63,1.50
2013.01.11 13:27:52.033,1.5877,1.58806,2.63,1.23
2013.01.11 13:27:52.762,1.5877,1.58805,1.50,1.73
2013.01.11 13:27:52.823,1.5876,1.58802,2.10,1.88
2013.01.11 13:27:53.008,1.58764,1.58801,1.13,2.11
2013.01.11 13:27:53.075,1.58762,1.58799,1.50,1.35
2013.01.11 13:27:53.262,1.58759,1.58799,3.23,1.35
2013.01.11 13:27:53.445,1.5876,1.58792,1.50,1.27
2013.01.11 13:27:53.561,1.58755,1.58792,1.50,1.27
2013.01.11 13:27:54.163,1.58748,1.58791,1.17,1.35
2013.01.11 13:27:55.163,1.58753,1.58791,1.50,1.35
2013.01.11 13:27:55.250,1.5875,1.58791,3.19,1.35
2013.01.11 13:27:55.513,1.58753,1.58791,1.50,1.35
2013.01.11 13:27:55.714,1.58749,1.58791,1.69,2.10
2013.01.11 13:27:56.251,1.5875,1.58791,2.44,2.10
2013.01.11 13:27:56.704,1.58754,1.58791,1.50,2.10
2013.01.11 13:27:56.764,1.58754,1.58791,1.50,1.73
2013.01.11 13:27:56.941,1.5875,1.58791,1.54,1.73
2013.01.11 13:27:57.001,1.5875,1.58791,1.32,2.09
2013.01.11 13:27:57.392,1.5875,1.58788,2.44,1.36
2013.01.11 13:27:58.173,1.58751,1.58786,1.50,1.88
2013.01.11 13:27:58.293,1.5875,1.58791,1.50,1.73
2013.01.11 13:27:58.842,1.58751,1.58791,1.50,1.73
2013.01.11 13:27:59.531,1.58749,1.58791,1.69,1.73
2013.01.11 13:28:00.447,1.5875,1.58791,1.69,1.73
2013.01.11 13:28:01.142,1.58754,1.58791,1.88,1.73
2013.01.11 13:28:01.301,1.58754,1.58791,2.10,1.50
2013.01.11 13:28:01.426,1.58759,1.58797,1.73,2.03
2013.01.11 13:28:01.691,1.58763,1.58795,1.17,3.53
2013.01.11 13:28:01.811,1.58766,1.58803,1.32,1.35
2013.01.11 13:28:01.991,1.58771,1.58806,1.32,1.35
2013.01.11 13:28:02.775,1.58771,1.58814,3.75,2.10
2013.01.11 13:28:02.842,1.58776,1.58814,1.35,2.10
2013.01.11 13:28:03.021,1.58776,1.58817,1.17,2.10
2013.01.11 13:28:03.262,1.58778,1.58817,1.50,1.35
2013.01.11 13:28:03.457,1.58777,1.58817,1.17,1.35
2013.01.11 13:28:03.973,1.58778,1.58817,1.17,2.10
2013.01.11 13:28:04.304,1.58781,1.58816,3.04,2.10
2013.01.11 13:28:04.365,1.58781,1.58816,2.82,2.10
2013.01.11 13:28:04.493,1.58775,1.58809,1.73,1.35
2013.01.11 13:28:04.673,1.58775,1.5881,1.50,1.35
2013.01.11 13:28:05.033,1.58763,1.58807,2.67,1.35
2013.01.11 13:28:05.272,1.58766,1.58801,1.17,1.50
2013.01.11 13:28:05.641,1.58763,1.58801,3.23,2.25
2013.01.11 13:28:05.943,1.58761,1.58797,1.50,1.35
2013.01.11 13:28:06.515,1.58753,1.58797,2.07,1.35
2013.01.11 13:28:08.052,1.58753,1.58796,2.07,1.54
2013.01.11 13:28:08.762,1.58753,1.58795,2.07,1.88
2013.01.11 13:28:09.552,1.58754,1.58795,1.50,1.88
2013.01.11 13:28:10.504,1.58754,1.58795,1.50,1.88
2013.01.11 13:28:11.421,1.58749,1.5879,2.85,2.25
2013.01.11 13:28:11.963,1.58754,1.5879,1.50,1.35
2013.01.11 13:28:12.040,1.58754,1.5879,1.50,1.35
2013.01.11 13:28:13.232,1.58754,1.58791,1.73,1.88
2013.01.11 13:28:13.478,1.58754,1.58791,4.73,1.28
2013.01.11 13:28:13.602,1.58759,1.58798,1.73,1.73
2013.01.11 13:28:14.128,1.5876,1.58796,1.92,1.73
2013.01.11 13:28:14.682,1.58756,1.58798,1.17,1.73
2013.01.11 13:28:15.162,1.58757,1.58791,1.35,1.65
2013.01.11 13:28:15.462,1.58751,1.58791,1.54,1.73
2013.01.11 13:28:16.171,1.58747,1.58786,1.92,1.35
2013.01.11 13:28:16.472,1.58748,1.58783,1.17,1.13
2013.01.11 13:28:16.822,1.58748,1.58783,1.13,1.35
2013.01.11 13:28:17.372,1.58749,1.58782,1.50,1.50
2013.01.11 13:28:17.887,1.58748,1.58783,2.25,1.88
2013.01.11 13:28:19.462,1.58746,1.5878,2.44,1.35
2013.01.11 13:28:19.664,1.58746,1.58779,1.69,1.35
2013.01.11 13:28:21.071,1.58746,1.5878,2.44,1.35
2013.01.11 13:28:21.692,1.58749,1.5878,1.50,1.35
2013.01.11 13:28:22.862,1.58749,1.58787,1.88,1.85
2013.01.11 13:28:22.985,1.58749,1.58787,2.10,1.35
2013.01.11 13:28:23.682,1.58749,1.58787,1.88,1.35
2013.01.11 13:28:24.153,1.58751,1.58787,1.50,1.35
2013.01.11 13:28:24.642,1.58754,1.58797,1.50,1.73
2013.01.11 13:28:24.861,1.58758,1.58799,1.50,1.73
2013.01.11 13:28:24.922,1.58758,1.58798,2.10,1.73
2013.01.11 13:28:25.282,1.58753,1.58795,1.35,1.88
2013.01.11 13:28:25.342,1.58752,1.58793,1.73,1.35
2013.01.11 13:28:26.643,1.58752,1.58793,1.73,1.73
2013.01.11 13:28:27.184,1.58755,1.58792,2.48,1.73
2013.01.11 13:28:27.875,1.58755,1.58792,2.48,1.73
2013.01.11 13:28:29.673,1.58755,1.58791,2.48,1.35
2013.01.11 13:28:30.059,1.58756,1.5879,2.25,2.25
2013.01.11 13:28:31.752,1.58754,1.58786,2.44,1.13
2013.01.11 13:28:31.953,1.5875,1.58786,1.35,1.13
2013.01.11 13:28:32.012,1.58749,1.58783,1.50,1.13
2013.01.11 13:28:32.641,1.58747,1.58785,1.13,2.10
2013.01.11 13:28:32.980,1.58747,1.58779,1.13,1.13
2013.01.11 13:28:33.409,1.58748,1.58779,1.13,1.13
2013.01.11 13:28:33.643,1.58748,1.58779,1.13,1.13
2013.01.11 13:28:34.003,1.58742,1.58774,1.88,1.13
2013.01.11 13:28:34.243,1.58745,1.5878,2.25,1.35
2013.01.11 13:28:34.428,1.58747,1.58782,2.48,1.35
2013.01.11 13:28:34.934,1.58744,1.58782,2.48,1.35
2013.01.11 13:28:35.863,1.58744,1.58782,1.73,1.35
2013.01.11 13:28:35.922,1.58744,1.58782,1.73,1.35
2013.01.11 13:28:36.509,1.58744,1.58782,1.73,1.35
2013.01.11 13:28:39.171,1.58752,1.58784,1.32,1.35
2013.01.11 13:28:39.351,1.58756,1.58785,1.13,1.13
2013.01.11 13:28:39.576,1.58756,1.58792,1.54,1.13
2013.01.11 13:28:39.643,1.58756,1.58795,2.29,1.13
2013.01.11 13:28:40.298,1.58758,1.58792,1.35,1.50
2013.01.11 13:28:45.641,1.58759,1.58794,1.73,1.13
2013.01.11 13:28:46.182,1.58759,1.58792,2.10,1.13
2013.01.11 13:28:47.072,1.58761,1.58794,1.73,1.13
2013.01.11 13:28:47.461,1.58758,1.58794,1.54,1.13
2013.01.11 13:28:47.914,1.58762,1.58797,1.73,1.35
2013.01.11 13:28:47.973,1.58762,1.58795,1.73,1.13
2013.01.11 13:28:48.826,1.58762,1.58798,1.73,2.10
2013.01.11 13:28:49.650,1.5876,1.58793,1.73,1.88
2013.01.11 13:28:49.712,1.5876,1.58793,1.73,3.23
2013.01.11 13:28:50.224,1.58754,1.5879,1.73,1.50
2013.01.11 13:28:53.292,1.58757,1.58792,1.73,1.73
2013.01.11 13:28:53.663,1.58752,1.58793,2.29,1.58
2013.01.11 13:28:54.034,1.58755,1.58794,1.73,2.10
2013.01.11 13:28:54.271,1.58755,1.5879,1.73,1.35
2013.01.11 13:28:54.822,1.58755,1.58793,1.73,1.73
2013.01.11 13:28:55.071,1.58758,1.58793,1.73,1.35
2013.01.11 13:28:55.432,1.58758,1.58796,2.48,1.35
2013.01.11 13:28:55.791,1.58761,1.58796,2.10,1.13
2013.01.11 13:28:56.092,1.58762,1.58805,1.73,1.73
2013.01.11 13:28:56.421,1.5877,1.58811,1.92,1.13
2013.01.11 13:28:56.481,1.5877,1.5881,1.92,1.50
2013.01.11 13:28:57.061,1.5877,1.58811,3.42,1.88
2013.01.11 13:28:57.211,1.5877,1.58807,2.44,1.88
2013.01.11 13:28:57.861,1.5877,1.58811,2.44,1.88
2013.01.11 13:28:58.523,1.5877,1.5881,1.88,1.35
2013.01.11 13:28:58.702,1.5877,1.58804,1.88,1.50
2013.01.11 13:28:59.023,1.5877,1.58805,1.67,1.50
2013.01.11 13:29:03.144,1.5877,1.58805,1.29,1.88
2013.01.11 13:29:03.322,1.58762,1.58796,2.25,1.50
2013.01.11 13:29:03.842,1.58762,1.588,1.17,1.88
2013.01.11 13:29:04.071,1.5876,1.58793,1.35,1.88
2013.01.11 13:29:04.724,1.58757,1.58794,1.35,1.88
2013.01.11 13:29:04.887,1.58757,1.58794,1.13,2.10
2013.01.11 13:29:05.011,1.58756,1.58792,3.00,1.35
2013.01.11 13:29:05.945,1.58751,1.58792,2.48,1.73
2013.01.11 13:29:06.722,1.58751,1.58792,2.48,1.73
2013.01.11 13:29:06.923,1.5875,1.58792,1.35,1.73
2013.01.11 13:29:07.101,1.58752,1.58792,2.48,1.73
2013.01.11 13:29:12.944,1.58755,1.58795,2.55,1.50
2013.01.11 13:29:13.281,1.58763,1.58795,1.59,1.13
2013.01.11 13:29:13.537,1.58762,1.58796,1.13,1.13
2013.01.11 13:29:13.891,1.58763,1.58797,1.13,1.50
2013.01.11 13:29:14.391,1.58761,1.58795,1.13,1.13
2013.01.11 13:29:14.633,1.58758,1.58793,1.35,1.13
2013.01.11 13:29:14.756,1.58755,1.58797,1.82,1.13
2013.01.11 13:29:14.942,1.58756,1.58797,1.20,1.13
2013.01.11 13:29:15.373,1.58757,1.58801,1.20,1.82
2013.01.11 13:29:15.552,1.58756,1.58799,1.35,1.73
2013.01.11 13:29:15.672,1.58757,1.58791,1.52,1.13
2013.01.11 13:29:15.792,1.5875,1.58795,1.73,1.35
2013.01.11 13:29:16.151,1.5875,1.5879,1.73,1.50
2013.01.11 13:29:16.768,1.58744,1.58786,1.73,1.35
2013.01.11 13:29:16.840,1.58746,1.58785,2.67,1.73
2013.01.11 13:29:16.903,1.58747,1.58786,2.67,1.73
2013.01.11 13:29:18.828,1.58746,1.58786,1.73,2.85
2013.01.11 13:29:19.132,1.58722,1.5876,1.35,1.58
2013.01.11 13:29:19.192,1.58721,1.58759,1.05,2.33
2013.01.11 13:29:19.252,1.58724,1.58759,1.20,2.33
2013.01.11 13:29:19.612,1.58723,1.58762,1.10,1.88
2013.01.11 13:29:21.421,1.58722,1.58763,1.29,1.88
2013.01.11 13:29:21.936,1.58722,1.58763,1.33,1.88
2013.01.11 13:29:22.181,1.58722,1.58761,1.33,2.25
2013.01.11 13:29:22.692,1.58723,1.58763,1.54,1.13
2013.01.11 13:29:23.064,1.58725,1.58763,2.31,1.13
2013.01.11 13:29:24.264,1.58723,1.58763,1.65,1.13
2013.01.11 13:29:24.772,1.58723,1.58763,1.28,1.13
2013.01.11 13:29:25.552,1.58723,1.58764,1.28,1.73
2013.01.11 13:29:25.914,1.58719,1.58759,1.09,1.50
2013.01.11 13:29:26.483,1.58721,1.58759,1.50,2.25
2013.01.11 13:29:26.661,1.58723,1.58759,1.69,3.00
2013.01.11 13:29:26.961,1.58726,1.58762,2.44,1.13
2013.01.11 13:29:27.089,1.58727,1.58765,1.50,1.13
2013.01.11 13:29:27.597,1.5873,1.58768,3.75,2.25
2013.01.11 13:29:28.341,1.58737,1.58767,1.50,1.50
2013.01.11 13:29:29.271,1.58731,1.58768,3.00,2.25
2013.01.11 13:29:29.605,1.58737,1.58767,1.50,1.50
2013.01.11 13:29:30.214,1.58737,1.58767,1.50,1.50
2013.01.11 13:29:30.772,1.58737,1.58767,1.50,1.50
2013.01.11 13:29:30.972,1.58734,1.58767,1.50,1.13
2013.01.11 13:29:31.402,1.5873,1.58766,1.69,1.13
2013.01.11 13:29:31.768,1.58735,1.58771,4.13,2.25
2013.01.11 13:29:32.350,1.58735,1.58768,1.88,1.13
2013.01.11 13:29:33.661,1.58733,1.58771,3.38,2.25
2013.01.11 13:29:33.724,1.58736,1.58773,1.13,2.03
2013.01.11 13:29:34.081,1.58739,1.58775,1.50,2.82
2013.01.11 13:29:34.701,1.5874,1.58773,1.50,1.35
2013.01.11 13:29:35.042,1.58742,1.58775,1.50,2.10
2013.01.11 13:29:35.566,1.58741,1.58772,1.50,1.50
2013.01.11 13:29:37.704,1.58736,1.58773,2.48,1.73
2013.01.11 13:29:38.016,1.58738,1.58773,1.50,1.50
2013.01.11 13:29:38.322,1.58736,1.58772,1.50,1.13
2013.01.11 13:29:38.443,1.58742,1.58773,1.50,2.33
2013.01.11 13:29:39.913,1.58741,1.58775,1.50,1.88
2013.01.11 13:29:40.032,1.58741,1.58775,1.50,1.88
2013.01.11 13:29:41.278,1.58741,1.58775,2.25,1.13
2013.01.11 13:29:41.592,1.58752,1.5879,1.13,1.80
2013.01.11 13:29:41.913,1.58753,1.58793,1.13,1.50
2013.01.11 13:29:42.473,1.58753,1.58795,1.50,1.50
2013.01.11 13:29:42.994,1.58753,1.58797,1.50,2.78
2013.01.11 13:29:43.323,1.58753,1.58797,1.50,2.78
2013.01.11 13:29:43.662,1.58753,1.58797,1.50,2.78
2013.01.11 13:29:44.142,1.58753,1.58802,1.50,1.50
2013.01.11 13:29:44.704,1.58753,1.58801,1.50,1.50
2013.01.11 13:29:45.156,1.58753,1.58802,1.50,1.50
2013.01.11 13:29:45.465,1.58757,1.58803,1.13,2.44
2013.01.11 13:29:45.885,1.58757,1.58803,1.13,1.50
2013.01.11 13:29:46.411,1.58754,1.58799,1.88,1.13
2013.01.11 13:29:46.743,1.58762,1.58804,1.13,1.13
2013.01.11 13:29:46.802,1.58762,1.58804,1.13,1.13
2013.01.11 13:29:47.211,1.58758,1.58803,1.13,2.25
2013.01.11 13:29:47.271,1.58763,1.58803,1.13,1.50
2013.01.11 13:29:47.522,1.58763,1.58804,1.13,1.50
2013.01.11 13:29:48.061,1.58763,1.58806,1.13,1.50
2013.01.11 13:29:48.563,1.58761,1.58804,1.13,1.50
2013.01.11 13:29:48.921,1.58764,1.58807,1.13,1.50
2013.01.11 13:29:49.512,1.58766,1.58807,1.13,1.50
2013.01.11 13:29:49.826,1.58766,1.58816,1.13,1.88
2013.01.11 13:29:50.904,1.58765,1.58816,1.50,1.58
2013.01.11 13:29:51.491,1.58775,1.58822,1.50,1.13
2013.01.11 13:29:52.253,1.58777,1.58822,1.13,1.13
2013.01.11 13:29:53.023,1.58777,1.58821,1.13,1.43
2013.01.11 13:29:53.202,1.5877,1.58815,1.13,1.13
2013.01.11 13:29:53.381,1.5877,1.58815,1.13,1.50
2013.01.11 13:29:53.965,1.5877,1.58817,1.50,1.13
2013.01.11 13:29:54.521,1.5877,1.58819,1.50,1.88
2013.01.11 13:29:55.472,1.5877,1.58821,1.13,1.43
2013.01.11 13:29:57.051,1.58772,1.58825,1.13,1.50
2013.01.11 13:29:57.181,1.58772,1.58825,1.13,1.50
2013.01.11 13:29:57.482,1.58775,1.58829,1.13,1.50
2013.01.11 13:29:58.165,1.58764,1.5883,1.50,1.50
2013.01.11 13:29:58.644,1.58768,1.58834,1.50,1.43
2013.01.11 13:29:59.191,1.58769,1.58834,1.50,1.43
2013.01.11 13:29:59.642,1.58759,1.58834,1.43,1.43
2013.01.11 13:29:59.760,1.58768,1.58834,1.50,1.43
2013.01.11 13:29:59.917,1.58759,1.58834,1.43,1.43
2013.01.11 13:30:00.113,1.5877,1.58834,1.50,1.43
2013.01.11 13:30:00.591,1.5877,1.58838,1.50,1.50
2013.01.11 13:30:00.651,1.58773,1.58838,1.50,1.50
2013.01.11 13:30:01.815,1.58797,1.5885,1.50,1.05
2013.01.11 13:30:02.485,1.58783,1.58847,2.33,1.13
2013.01.11 13:30:02.553,1.58786,1.58847,1.59,1.20
2013.01.11 13:30:02.684,1.58786,1.5885,1.59,1.20
2013.01.11 13:30:02.742,1.58786,1.58851,1.67,1.50
2013.01.11 13:30:03.049,1.58796,1.5885,1.13,2.10
2013.01.11 13:30:03.115,1.58796,1.58848,1.13,1.35
2013.01.11 13:30:03.422,1.58795,1.5884,1.13,1.50
2013.01.11 13:30:04.237,1.58799,1.58846,1.13,1.50
2013.01.11 13:30:04.563,1.58804,1.58847,1.70,1.50
2013.01.11 13:30:04.983,1.58804,1.58849,1.70,1.73
2013.01.11 13:30:05.043,1.58801,1.58848,1.50,1.73
2013.01.11 13:30:05.163,1.58802,1.58843,1.50,1.13
2013.01.11 13:30:05.283,1.58798,1.58847,1.13,2.25
2013.01.11 13:30:05.703,1.58802,1.58849,1.13,1.50
2013.01.11 13:30:05.962,1.58799,1.58849,1.13,1.35
2013.01.11 13:30:06.212,1.58798,1.58847,1.13,1.50
2013.01.11 13:30:06.571,1.58798,1.58843,1.13,1.50
2013.01.11 13:30:06.815,1.58799,1.58843,1.13,1.50
2013.01.11 13:30:07.142,1.58809,1.5885,1.13,1.50
2013.01.11 13:30:07.502,1.58808,1.5885,1.13,1.35
2013.01.11 13:30:07.928,1.58811,1.58851,1.13,1.43
2013.01.11 13:30:08.194,1.58811,1.58853,1.13,2.78
2013.01.11 13:30:08.894,1.58807,1.58856,1.13,1.50
2013.01.11 13:30:09.204,1.58807,1.58857,1.88,1.13
2013.01.11 13:30:09.332,1.58807,1.58851,1.13,1.13
2013.01.11 13:30:09.932,1.58812,1.58857,1.13,1.50
2013.01.11 13:30:10.390,1.58806,1.58847,1.13,1.50
2013.01.11 13:30:10.692,1.5881,1.58853,1.13,1.50
2013.01.11 13:30:11.172,1.58813,1.58857,1.13,3.38
2013.01.11 13:30:11.412,1.58814,1.58857,1.13,2.25
2013.01.11 13:30:12.340,1.58814,1.58857,1.88,2.25
2013.01.11 13:30:12.405,1.58823,1.58857,1.13,1.13
2013.01.11 13:30:12.472,1.58822,1.58857,1.13,1.95
2013.01.11 13:30:13.134,1.58823,1.58859,1.13,1.50
2013.01.11 13:30:13.256,1.58823,1.58859,1.13,1.13
2013.01.11 13:30:13.763,1.58825,1.5886,1.13,1.13
2013.01.11 13:30:14.522,1.58825,1.5886,1.13,1.13
2013.01.11 13:30:14.954,1.58824,1.58861,1.13,1.13
2013.01.11 13:30:15.015,1.58825,1.5886,1.13,1.13
2013.01.11 13:30:15.252,1.58825,1.58868,1.13,1.50
2013.01.11 13:30:15.442,1.58825,1.58868,1.13,1.43
2013.01.11 13:30:15.823,1.58824,1.58868,1.88,1.50
2013.01.11 13:30:16.143,1.58819,1.58862,1.95,1.13
2013.01.11 13:30:17.123,1.58819,1.58862,2.40,1.13
2013.01.11 13:30:17.483,1.58824,1.58857,1.80,1.73
2013.01.11 13:30:17.543,1.58824,1.58855,1.80,1.13
2013.01.11 13:30:17.902,1.58825,1.58863,1.50,1.88
2013.01.11 13:30:18.142,1.58823,1.58869,1.13,1.20
2013.01.11 13:30:18.646,1.58822,1.58871,1.50,1.50
2013.01.11 13:30:19.105,1.58822,1.58864,1.88,1.13
2013.01.11 13:30:19.374,1.58823,1.58864,1.13,1.13
2013.01.11 13:30:19.539,1.58823,1.58864,1.13,1.50
2013.01.11 13:30:19.872,1.58825,1.58863,1.13,1.13
2013.01.11 13:30:20.202,1.58825,1.58867,1.13,1.13
2013.01.11 13:30:20.325,1.58825,1.5887,1.35,1.35
2013.01.11 13:30:20.444,1.58825,1.5887,1.35,1.35
2013.01.11 13:30:20.512,1.58825,1.5887,2.01,1.13
2013.01.11 13:30:20.822,1.58828,1.58871,1.43,1.13
2013.01.11 13:30:20.944,1.5883,1.58876,1.73,1.35
2013.01.11 13:30:21.182,1.58832,1.58876,1.17,1.50
2013.01.11 13:30:21.362,1.58832,1.58876,1.92,1.98
2013.01.11 13:30:22.413,1.5883,1.5887,2.24,1.13
2013.01.11 13:30:22.652,1.58844,1.58884,1.59,1.43
2013.01.11 13:30:22.772,1.58843,1.58888,1.73,1.08
2013.01.11 13:30:22.954,1.58842,1.58881,1.35,2.82
2013.01.11 13:30:23.024,1.58842,1.58881,1.13,3.27
2013.01.11 13:30:23.208,1.58838,1.58879,3.75,1.05
2013.01.11 13:30:23.533,1.58837,1.58881,1.35,1.29
2013.01.11 13:30:24.127,1.58836,1.58882,1.73,1.67
2013.01.11 13:30:24.798,1.58834,1.58876,1.50,1.61
2013.01.11 13:30:25.076,1.58823,1.58872,2.48,1.35
2013.01.11 13:30:25.645,1.58826,1.58872,1.73,1.35
2013.01.11 13:30:25.763,1.58826,1.5887,1.73,1.26
2013.01.11 13:30:26.251,1.58823,1.58867,1.73,1.35
2013.01.11 13:30:26.437,1.58823,1.58867,1.73,1.35
2013.01.11 13:30:26.812,1.58819,1.58865,1.73,1.60
2013.01.11 13:30:26.934,1.58823,1.58869,1.73,1.35
2013.01.11 13:30:27.306,1.58826,1.58869,1.54,1.35
2013.01.11 13:30:29.203,1.58825,1.58869,1.63,1.35
2013.01.11 13:30:30.601,1.58828,1.58869,1.50,1.23
2013.01.11 13:30:30.721,1.58828,1.58874,1.50,1.73
2013.01.11 13:30:31.022,1.58827,1.58874,1.17,1.73
2013.01.11 13:30:31.203,1.58828,1.58874,1.50,1.73
2013.01.11 13:30:31.442,1.58828,1.58874,1.50,1.73
2013.01.11 13:30:31.921,1.58828,1.58874,3.00,1.73
2013.01.11 13:30:32.232,1.58838,1.58878,1.13,2.62
2013.01.11 13:30:32.291,1.58838,1.58881,1.35,1.35
2013.01.11 13:30:33.374,1.58838,1.58879,1.35,1.35
2013.01.11 13:30:34.372,1.58838,1.58872,1.35,1.13
2013.01.11 13:30:34.673,1.5883,1.58857,1.50,1.50
2013.01.11 13:30:34.733,1.58823,1.58857,1.35,1.50
2013.01.11 13:30:34.973,1.58818,1.5886,1.50,1.35
2013.01.11 13:30:35.092,1.58817,1.58859,1.50,1.35
2013.01.11 13:30:35.272,1.58816,1.58859,1.73,1.35
2013.01.11 13:30:35.332,1.58816,1.58862,1.73,1.73
2013.01.11 13:30:35.691,1.58816,1.58859,1.50,1.05
2013.01.11 13:30:35.992,1.58819,1.58852,1.32,1.13
2013.01.11 13:30:36.112,1.58818,1.58852,1.35,1.13
2013.01.11 13:30:36.383,1.58814,1.58856,1.73,1.73
2013.01.11 13:30:36.442,1.58814,1.58855,1.50,1.50
2013.01.11 13:30:36.622,1.58808,1.58852,1.50,1.35
2013.01.11 13:30:37.208,1.58808,1.58852,1.50,1.73
2013.01.11 13:30:37.632,1.58806,1.58851,1.35,2.48
2013.01.11 13:30:37.844,1.58805,1.58845,1.35,1.17
2013.01.11 13:30:37.962,1.58805,1.58846,1.35,1.17
2013.01.11 13:30:38.222,1.58806,1.58851,1.73,1.73
2013.01.11 13:30:38.661,1.58807,1.58853,1.73,1.35
2013.01.11 13:30:39.091,1.58807,1.58853,1.50,1.35
2013.01.11 13:30:39.212,1.58807,1.58848,1.50,1.19
2013.01.11 13:30:39.572,1.58807,1.58846,1.35,1.73
2013.01.11 13:30:39.973,1.58807,1.58849,1.35,1.73
2013.01.11 13:30:40.651,1.58807,1.58849,1.35,1.50
2013.01.11 13:30:40.712,1.58813,1.58852,1.35,1.50
2013.01.11 13:30:41.333,1.58817,1.58853,2.63,2.48
2013.01.11 13:30:41.572,1.58817,1.58853,2.63,2.48
2013.01.11 13:30:41.632,1.58817,1.58853,1.13,2.48
2013.01.11 13:30:42.172,1.58817,1.58853,1.13,2.48
2013.01.11 13:30:42.233,1.58817,1.58853,1.13,2.48
2013.01.11 13:30:42.771,1.58817,1.58858,1.35,3.42
2013.01.11 13:30:42.891,1.58819,1.58858,1.35,2.48
2013.01.11 13:30:42.951,1.58819,1.58858,1.73,2.48
2013.01.11 13:30:43.382,1.58822,1.58856,2.10,1.05
2013.01.11 13:30:43.642,1.5882,1.58854,1.13,1.05
2013.01.11 13:30:43.972,1.58815,1.58855,1.35,1.05
2013.01.11 13:30:44.471,1.58815,1.58855,1.35,3.30
2013.01.11 13:30:44.611,1.58815,1.58854,1.35,2.55
2013.01.11 13:30:44.963,1.58811,1.58851,1.35,1.13
2013.01.11 13:30:45.211,1.58814,1.58851,2.10,1.20
2013.01.11 13:30:45.451,1.58814,1.5885,1.50,1.35
2013.01.11 13:30:45.702,1.58814,1.5885,1.73,1.73
2013.01.11 13:30:45.901,1.58811,1.5885,2.10,2.10
2013.01.11 13:30:48.002,1.58811,1.58849,1.73,2.48
2013.01.11 13:30:48.608,1.58811,1.58849,1.73,1.92
2013.01.11 13:30:48.792,1.58811,1.58849,1.73,1.73
2013.01.11 13:30:49.164,1.58811,1.5885,1.73,1.35
2013.01.11 13:30:49.692,1.58811,1.5885,1.73,2.85
2013.01.11 13:30:49.754,1.58811,1.5885,1.73,1.35
2013.01.11 13:30:49.924,1.58811,1.5885,1.73,1.35
2013.01.11 13:30:50.722,1.58811,1.5885,1.73,1.35
2013.01.11 13:30:51.241,1.58811,1.58848,1.73,1.17
2013.01.11 13:30:51.949,1.58811,1.58849,1.73,1.73
2013.01.11 13:30:53.855,1.5881,1.58845,1.73,1.50
2013.01.11 13:30:53.928,1.588,1.58836,1.13,2.25
2013.01.11 13:30:54.172,1.58801,1.58836,1.13,2.25
2013.01.11 13:30:54.512,1.58795,1.58836,1.35,2.25
2013.01.11 13:30:55.222,1.58802,1.58835,1.13,1.50
2013.01.11 13:30:55.782,1.58802,1.58835,1.13,1.73
2013.01.11 13:30:56.143,1.58802,1.58835,1.13,1.73
2013.01.11 13:30:56.842,1.58791,1.58829,1.73,1.17
2013.01.11 13:30:57.191,1.58791,1.58826,1.73,1.50
2013.01.11 13:30:57.884,1.58791,1.58827,1.73,2.44
2013.01.11 13:30:58.494,1.58791,1.58825,1.13,1.73
2013.01.11 13:30:58.662,1.58791,1.58825,1.35,1.50
2013.01.11 13:31:00.212,1.58791,1.58829,1.73,1.92
2013.01.11 13:31:00.721,1.58791,1.58828,1.73,2.25
2013.01.11 13:31:01.233,1.58791,1.58827,1.73,1.50
2013.01.11 13:31:01.593,1.58791,1.58831,1.73,2.48
2013.01.11 13:31:02.762,1.58792,1.58829,1.73,1.17
2013.01.11 13:31:03.363,1.58792,1.58827,1.35,1.50
2013.01.11 13:31:03.423,1.58791,1.58827,1.73,2.25
2013.01.11 13:31:03.605,1.58791,1.58827,1.73,2.48
2013.01.11 13:31:04.347,1.58792,1.5883,1.35,2.48
2013.01.11 13:31:04.414,1.58792,1.58828,1.73,2.25
2013.01.11 13:31:04.486,1.5879,1.58828,2.10,2.48
2013.01.11 13:31:04.732,1.58791,1.58828,1.73,3.00
2013.01.11 13:31:05.443,1.58791,1.58828,1.73,1.73
2013.01.11 13:31:05.613,1.58791,1.58827,1.73,1.73
2013.01.11 13:31:05.886,1.58791,1.58827,1.73,1.50
2013.01.11 13:31:06.251,1.58791,1.58828,1.73,1.50
2013.01.11 13:31:06.564,1.58791,1.58831,1.73,1.35
2013.01.11 13:31:07.240,1.58798,1.58831,1.13,1.35
2013.01.11 13:31:07.574,1.58798,1.58838,1.73,1.73
2013.01.11 13:31:08.243,1.58798,1.58838,1.50,1.73
2013.01.11 13:31:08.482,1.58798,1.58836,1.73,1.13
2013.01.11 13:31:08.613,1.58798,1.58834,1.73,1.50
2013.01.11 13:31:08.734,1.58798,1.58837,1.73,2.48
2013.01.11 13:31:09.293,1.58793,1.58836,2.10,3.23
2013.01.11 13:31:09.473,1.58793,1.58832,1.35,2.10
2013.01.11 13:31:09.532,1.58793,1.5883,1.35,1.35
2013.01.11 13:31:09.952,1.58793,1.58833,1.35,2.10
2013.01.11 13:31:11.295,1.58793,1.58833,1.35,2.85
2013.01.11 13:31:11.652,1.58793,1.58831,1.35,2.10
2013.01.11 13:31:11.712,1.58793,1.5883,1.35,2.10
2013.01.11 13:31:12.700,1.58793,1.58833,1.35,2.85
2013.01.11 13:31:12.793,1.58793,1.58835,1.73,2.10
2013.01.11 13:31:13.320,1.58793,1.58835,1.35,2.10
2013.01.11 13:31:13.642,1.58793,1.58833,1.13,1.01
2013.01.11 13:31:13.766,1.58793,1.58833,1.13,3.63
2013.01.11 13:31:13.953,1.58793,1.58831,1.13,2.10
2013.01.11 13:31:14.013,1.58793,1.58831,1.35,2.10
2013.01.11 13:31:14.252,1.58793,1.58833,1.35,2.10
2013.01.11 13:31:14.982,1.58793,1.58833,1.73,2.10
2013.01.11 13:31:15.333,1.58793,1.58832,1.50,1.50
2013.01.11 13:31:15.453,1.58793,1.58832,1.73,1.50
2013.01.11 13:31:16.001,1.58793,1.58831,1.73,2.10
2013.01.11 13:31:16.732,1.58793,1.58833,1.35,2.10
2013.01.11 13:31:17.383,1.58793,1.58836,1.73,1.35
2013.01.11 13:31:17.656,1.58793,1.58836,2.48,1.35
2013.01.11 13:31:17.723,1.58793,1.58836,2.48,2.85
2013.01.11 13:31:18.133,1.58799,1.58836,1.35,1.35
2013.01.11 13:31:18.493,1.58813,1.58845,2.63,1.45
2013.01.11 13:31:18.852,1.58813,1.58854,3.38,2.76
2013.01.11 13:31:18.972,1.58813,1.58854,3.60,2.10
2013.01.11 13:31:19.092,1.58813,1.58854,3.60,2.10
2013.01.11 13:31:19.634,1.58812,1.58854,2.10,1.73
2013.01.11 13:31:19.884,1.58813,1.58853,1.35,2.48
2013.01.11 13:31:20.464,1.58813,1.58853,1.35,2.10
2013.01.11 13:31:20.962,1.58813,1.58854,1.35,1.35
2013.01.11 13:31:21.563,1.58813,1.58855,1.35,1.65
2013.01.11 13:31:21.633,1.58813,1.58852,1.35,2.10
2013.01.11 13:31:21.993,1.58811,1.58851,1.35,2.48
2013.01.11 13:31:22.052,1.58811,1.58851,1.35,2.10
2013.01.11 13:31:22.565,1.58812,1.58852,1.35,2.48
2013.01.11 13:31:22.682,1.58815,1.58854,1.13,2.10
2013.01.11 13:31:23.192,1.58815,1.58853,1.54,2.10
2013.01.11 13:31:24.156,1.58817,1.58853,1.54,1.88
2013.01.11 13:31:24.225,1.58818,1.58856,2.48,2.48
2013.01.11 13:31:24.344,1.58818,1.58863,2.10,3.98
2013.01.11 13:31:24.582,1.58817,1.58857,2.48,1.88
2013.01.11 13:31:24.763,1.58817,1.58856,2.48,2.10
2013.01.11 13:31:25.071,1.58817,1.58854,2.25,1.10
2013.01.11 13:31:25.193,1.58817,1.58856,2.25,2.49
2013.01.11 13:31:25.403,1.58818,1.58855,1.50,1.35
2013.01.11 13:31:25.822,1.58818,1.58854,1.50,1.14
2013.01.11 13:31:26.022,1.58818,1.58855,1.50,1.35
2013.01.11 13:31:26.084,1.58818,1.58849,1.13,1.13
2013.01.11 13:31:26.142,1.58818,1.58851,1.13,2.10
2013.01.11 13:31:26.263,1.58818,1.58851,1.13,2.10
2013.01.11 13:31:26.523,1.58816,1.58853,1.17,2.10
2013.01.11 13:31:26.712,1.58817,1.58853,1.92,1.50
2013.01.11 13:31:26.772,1.58817,1.58857,2.10,1.73
2013.01.11 13:31:26.954,1.58818,1.58857,1.50,1.73
2013.01.11 13:31:27.072,1.58818,1.58859,1.50,3.23
2013.01.11 13:31:27.453,1.58817,1.58856,3.00,1.42
2013.01.11 13:31:27.664,1.58817,1.58856,3.23,1.13
2013.01.11 13:31:27.786,1.58817,1.58859,3.04,3.23
2013.01.11 13:31:27.943,1.58818,1.58859,1.54,3.23
2013.01.11 13:31:28.473,1.5882,1.58858,1.32,2.48
2013.01.11 13:31:29.025,1.5882,1.58862,1.50,2.48
2013.01.11 13:31:29.113,1.5882,1.58862,1.69,2.48
2013.01.11 13:31:29.622,1.5882,1.58859,1.69,2.48
2013.01.11 13:31:29.743,1.5882,1.58857,1.32,1.13
2013.01.11 13:31:30.303,1.5882,1.58858,1.50,3.38
2013.01.11 13:31:30.832,1.5882,1.58857,1.69,2.63
2013.01.11 13:31:30.963,1.5882,1.58859,1.50,2.48
2013.01.11 13:31:31.270,1.5882,1.5886,1.32,2.48
2013.01.11 13:31:31.505,1.5882,1.5886,1.54,2.48
2013.01.11 13:31:31.634,1.5882,1.5886,1.69,2.48
2013.01.11 13:31:32.235,1.58821,1.5886,1.69,2.48
2013.01.11 13:31:32.308,1.5882,1.5886,2.07,2.48
2013.01.11 13:31:32.380,1.58824,1.5886,1.17,2.25
2013.01.11 13:31:32.921,1.58824,1.5886,1.17,1.50
2013.01.11 13:31:32.982,1.58821,1.58866,1.35,1.73
2013.01.11 13:31:33.162,1.58821,1.58866,1.73,2.10
2013.01.11 13:31:33.472,1.58822,1.58864,1.73,1.13
2013.01.11 13:31:33.869,1.58822,1.5886,1.13,2.48
2013.01.11 13:31:34.423,1.58822,1.5886,1.35,2.48
2013.01.11 13:31:34.732,1.58829,1.58864,1.97,2.63
2013.01.11 13:31:35.122,1.58835,1.58864,1.50,1.88
2013.01.11 13:31:35.242,1.58838,1.58864,2.10,1.88
2013.01.11 13:31:35.664,1.58838,1.58864,2.48,1.88
2013.01.11 13:31:35.916,1.58833,1.58869,1.69,2.10
2013.01.11 13:31:35.986,1.58836,1.58871,1.13,1.73
2013.01.11 13:31:36.172,1.58841,1.58875,1.50,1.73
2013.01.11 13:31:36.853,1.58835,1.5887,1.92,1.35
2013.01.11 13:31:37.067,1.58833,1.58875,1.17,1.73
2013.01.11 13:31:37.613,1.58833,1.58874,1.17,3.23
2013.01.11 13:31:37.953,1.58832,1.58874,1.92,3.23
2013.01.11 13:31:38.662,1.58833,1.58874,1.17,1.35
2013.01.11 13:31:39.862,1.58833,1.58874,1.17,2.10
2013.01.11 13:31:40.243,1.58832,1.58874,1.69,2.37
2013.01.11 13:31:40.578,1.58832,1.5887,1.69,2.10
2013.01.11 13:31:40.775,1.5883,1.58869,2.29,2.48
2013.01.11 13:31:41.277,1.58836,1.5887,1.17,1.35
2013.01.11 13:31:42.245,1.58838,1.58879,1.17,4.13
2013.01.11 13:31:43.303,1.58842,1.58877,1.50,1.35
2013.01.11 13:31:43.482,1.58842,1.5888,1.50,1.35
2013.01.11 13:31:43.605,1.58846,1.58884,1.73,1.73
2013.01.11 13:31:44.022,1.58846,1.58884,1.73,1.73
2013.01.11 13:31:44.343,1.58846,1.58886,1.73,1.50
2013.01.11 13:31:44.855,1.58848,1.58888,1.73,1.13
2013.01.11 13:31:45.104,1.58848,1.58888,2.48,1.35
2013.01.11 13:31:45.804,1.5885,1.58886,1.13,1.35
2013.01.11 13:31:45.876,1.58853,1.58891,1.35,1.73
2013.01.11 13:31:46.213,1.58853,1.58892,1.67,1.13
2013.01.11 13:31:46.613,1.58863,1.5889,1.19,1.13
2013.01.11 13:31:47.284,1.58867,1.58894,1.35,2.48
2013.01.11 13:31:47.342,1.58865,1.58895,1.52,2.25
2013.01.11 13:31:47.404,1.58868,1.58895,1.32,2.25
2013.01.11 13:31:47.763,1.58873,1.58901,1.88,2.10
2013.01.11 13:31:48.065,1.58871,1.58902,1.88,1.05
2013.01.11 13:31:48.576,1.58864,1.58903,1.35,1.43
2013.01.11 13:31:48.654,1.58863,1.58899,1.13,1.73
2013.01.11 13:31:48.992,1.58863,1.58898,1.58,2.63
2013.01.11 13:31:49.203,1.58863,1.58898,1.92,1.88
2013.01.11 13:31:50.164,1.58865,1.58909,1.88,1.35
2013.01.11 13:31:50.382,1.58865,1.589,1.50,2.10
2013.01.11 13:31:50.503,1.58865,1.589,1.50,2.69
2013.01.11 13:31:50.562,1.58862,1.589,1.50,2.69
2013.01.11 13:31:50.684,1.58862,1.58887,1.50,1.35
2013.01.11 13:31:51.102,1.5886,1.58887,1.50,3.93
2013.01.11 13:31:51.404,1.5886,1.58885,1.50,1.71
2013.01.11 13:31:51.707,1.58858,1.58882,1.65,1.28
2013.01.11 13:31:51.894,1.58858,1.58882,1.65,1.80
2013.01.11 13:31:51.952,1.58855,1.58882,1.88,1.80
2013.01.11 13:31:52.012,1.58855,1.58893,1.88,1.80
2013.01.11 13:31:52.072,1.58852,1.58893,2.85,1.80
2013.01.11 13:31:52.312,1.58855,1.58887,1.65,1.13
2013.01.11 13:31:53.103,1.58855,1.58888,2.03,1.35
2013.01.11 13:31:53.483,1.58855,1.58888,1.13,1.35
2013.01.11 13:31:54.153,1.58849,1.58884,3.23,1.35
2013.01.11 13:31:54.213,1.58851,1.58885,2.25,1.73
2013.01.11 13:31:54.584,1.58852,1.58886,1.50,1.73
2013.01.11 13:31:54.893,1.58854,1.58885,2.33,1.73
2013.01.11 13:31:55.194,1.58859,1.58883,2.55,1.73
2013.01.11 13:31:55.315,1.5885,1.58882,1.80,1.73
2013.01.11 13:31:55.384,1.5885,1.58886,2.03,1.35
2013.01.11 13:31:55.623,1.5885,1.5888,2.03,1.13
2013.01.11 13:31:56.162,1.5885,1.58884,1.80,1.35
2013.01.11 13:31:56.464,1.58852,1.58884,2.18,1.35
2013.01.11 13:31:57.213,1.58849,1.58884,1.88,1.73
2013.01.11 13:31:57.333,1.58847,1.58884,4.17,1.73
2013.01.11 13:31:58.184,1.58856,1.58883,1.35,1.13
2013.01.11 13:31:58.602,1.58851,1.5889,1.35,2.48
2013.01.11 13:31:58.903,1.58851,1.5889,1.35,1.73
2013.01.11 13:31:58.963,1.58849,1.58889,1.73,1.35
2013.01.11 13:32:00.012,1.58845,1.58883,3.23,1.13
2013.01.11 13:32:00.492,1.5885,1.58889,1.50,2.63
2013.01.11 13:32:00.866,1.58848,1.58879,1.50,1.13
2013.01.11 13:32:01.062,1.58852,1.58879,1.50,1.13
2013.01.11 13:32:01.244,1.58847,1.58879,1.50,1.13
2013.01.11 13:32:01.482,1.58842,1.58879,2.48,1.13
2013.01.11 13:32:01.984,1.58842,1.58884,2.48,1.35
2013.01.11 13:32:02.102,1.5884,1.58884,1.73,1.35
2013.01.11 13:32:02.403,1.58844,1.58881,3.00,1.35
2013.01.11 13:32:02.523,1.58845,1.58881,1.73,1.13
2013.01.11 13:32:02.962,1.58843,1.58884,1.73,1.13
2013.01.11 13:32:03.261,1.58844,1.58884,1.35,1.13
2013.01.11 13:32:03.532,1.58849,1.58884,1.73,1.13
2013.01.11 13:32:04.462,1.58849,1.58886,2.48,1.13
2013.01.11 13:32:04.582,1.58849,1.5889,2.25,1.73
2013.01.11 13:32:04.842,1.58849,1.58887,1.50,1.35
2013.01.11 13:32:05.085,1.58843,1.58887,1.73,2.10
2013.01.11 13:32:05.442,1.58842,1.58882,1.88,1.35
2013.01.11 13:32:05.622,1.58843,1.58882,1.73,1.35
2013.01.11 13:32:05.814,1.58843,1.5888,1.73,1.35
2013.01.11 13:32:06.683,1.58844,1.58883,1.73,1.73
2013.01.11 13:32:06.803,1.58844,1.58883,1.50,1.73
2013.01.11 13:32:07.362,1.58844,1.58881,1.73,2.10
2013.01.11 13:32:07.563,1.58844,1.58878,2.48,1.13
2013.01.11 13:32:07.624,1.58842,1.58878,2.48,1.35
2013.01.11 13:32:07.682,1.58842,1.58878,2.48,1.13
2013.01.11 13:32:07.873,1.5884,1.58878,2.48,1.13
2013.01.11 13:32:08.423,1.58843,1.58881,2.48,2.48
2013.01.11 13:32:08.722,1.58844,1.5888,1.73,1.13
2013.01.11 13:32:08.933,1.58844,1.5888,1.73,1.35
2013.01.11 13:32:09.213,1.58847,1.5888,1.05,1.13
2013.01.11 13:32:09.692,1.58853,1.58884,1.50,1.13
2013.01.11 13:32:09.752,1.58847,1.58884,2.10,1.13
2013.01.11 13:32:10.113,1.58838,1.58881,1.35,1.35
2013.01.11 13:32:10.302,1.58838,1.5888,1.35,1.35
2013.01.11 13:32:10.814,1.58835,1.5888,1.17,1.35
2013.01.11 13:32:11.142,1.5884,1.5888,1.17,1.35
2013.01.11 13:32:11.982,1.58842,1.58876,1.73,2.09
2013.01.11 13:32:12.342,1.58831,1.58871,1.13,2.48
2013.01.11 13:32:12.466,1.58835,1.58871,1.50,2.48
2013.01.11 13:32:13.023,1.58829,1.5887,2.29,1.73
2013.01.11 13:32:13.081,1.58833,1.5887,1.50,1.73
2013.01.11 13:32:13.202,1.58829,1.58871,1.92,1.73
2013.01.11 13:32:13.703,1.58831,1.58866,1.50,1.35
2013.01.11 13:32:14.243,1.5883,1.58862,1.50,1.35
2013.01.11 13:32:14.423,1.58827,1.58869,2.29,1.35
2013.01.11 13:32:14.542,1.58828,1.58869,1.73,1.35
2013.01.11 13:32:14.783,1.58827,1.58869,2.10,1.35
2013.01.11 13:32:16.236,1.58824,1.58869,4.17,1.35
2013.01.11 13:32:16.863,1.58828,1.58871,1.73,1.36
2013.01.11 13:32:16.923,1.58828,1.58872,1.73,2.61
2013.01.11 13:32:17.162,1.58825,1.58878,1.35,1.35
2013.01.11 13:32:17.282,1.58826,1.5887,2.10,1.08
2013.01.11 13:32:17.792,1.5883,1.5887,1.69,1.08
2013.01.11 13:32:18.093,1.58833,1.58878,2.48,1.80
2013.01.11 13:32:18.391,1.58832,1.58877,3.23,1.80
2013.01.11 13:32:18.571,1.58825,1.5888,1.87,2.48
2013.01.11 13:32:18.692,1.58825,1.58874,1.35,1.14
2013.01.11 13:32:19.061,1.58832,1.58879,1.73,1.89
2013.01.11 13:32:19.602,1.58832,1.58874,2.48,1.73
2013.01.11 13:32:19.963,1.58829,1.58872,1.35,2.48
2013.01.11 13:32:20.522,1.58826,1.58871,1.55,1.88
2013.01.11 13:32:21.061,1.58829,1.58874,2.10,1.80
2013.01.11 13:32:21.364,1.58826,1.58868,1.35,1.35
2013.01.11 13:32:21.884,1.58826,1.5887,1.17,2.10
2013.01.11 13:32:22.302,1.58825,1.58856,1.33,1.50
2013.01.11 13:32:22.362,1.58823,1.58856,1.33,3.00
2013.01.11 13:32:22.425,1.58813,1.58856,2.58,3.66
2013.01.11 13:32:22.994,1.58823,1.58856,1.32,1.78
2013.01.11 13:32:23.066,1.58824,1.5885,1.50,1.35
2013.01.11 13:32:23.194,1.58811,1.58847,1.20,1.13
2013.01.11 13:32:23.383,1.58811,1.58847,3.75,1.13
2013.01.11 13:32:23.512,1.58811,1.58842,1.88,1.50
2013.01.11 13:32:23.572,1.58803,1.58847,2.67,3.44
2013.01.11 13:32:23.692,1.58807,1.58847,1.50,3.06
2013.01.11 13:32:24.891,1.58807,1.58844,1.50,1.19
2013.01.11 13:32:25.013,1.58807,1.58846,1.50,1.29
2013.01.11 13:32:25.132,1.58805,1.58846,1.50,1.29
2013.01.11 13:32:28.121,1.58805,1.58845,1.50,2.07
2013.01.11 13:32:28.423,1.58805,1.58837,1.50,1.27
2013.01.11 13:32:28.492,1.58805,1.58838,1.50,1.35
2013.01.11 13:32:29.032,1.58805,1.58842,1.73,1.56
2013.01.11 13:32:29.291,1.58805,1.58848,2.48,1.34
2013.01.11 13:32:29.831,1.58796,1.58845,1.17,2.34
2013.01.11 13:32:29.892,1.58796,1.58841,1.54,2.73
2013.01.11 13:32:30.252,1.58796,1.58841,1.17,2.19
2013.01.11 13:32:30.818,1.58795,1.58841,1.17,2.19
2013.01.11 13:32:31.441,1.58801,1.58841,1.12,1.13
2013.01.11 13:32:31.991,1.58801,1.58841,1.50,1.13
2013.01.11 13:32:32.382,1.58804,1.58843,2.09,2.25
2013.01.11 13:32:32.513,1.58806,1.58848,1.63,1.28
2013.01.11 13:32:32.732,1.58804,1.58848,1.35,1.28
2013.01.11 13:32:36.576,1.5881,1.5885,1.36,1.13
2013.01.11 13:32:36.643,1.58816,1.5885,1.51,1.13
2013.01.11 13:32:36.704,1.58815,1.58853,1.28,2.18
2013.01.11 13:32:37.135,1.58822,1.58871,1.05,2.09
2013.01.11 13:32:37.642,1.58832,1.58872,1.13,3.83
2013.01.11 13:32:38.783,1.58826,1.58868,1.17,1.35
2013.01.11 13:32:39.585,1.58824,1.58868,1.73,1.35
2013.01.11 13:32:40.012,1.58825,1.58873,1.73,1.61
2013.01.11 13:32:40.194,1.58827,1.58874,1.73,2.28
2013.01.11 13:32:40.656,1.58828,1.58874,1.92,1.74
2013.01.11 13:32:41.032,1.58832,1.58882,2.63,2.48
2013.01.11 13:32:42.962,1.5884,1.58883,1.50,5.43
2013.01.11 13:32:43.081,1.58839,1.58877,1.50,1.80
2013.01.11 13:32:43.141,1.58839,1.5888,1.50,1.50
2013.01.11 13:32:43.261,1.5884,1.5888,2.25,1.50
2013.01.11 13:32:43.682,1.58848,1.58886,1.73,1.73
2013.01.11 13:32:43.921,1.58845,1.58883,1.50,1.35
2013.01.11 13:32:43.982,1.58845,1.58883,1.73,1.13
2013.01.11 13:32:44.225,1.58842,1.58883,1.02,1.13
2013.01.11 13:32:44.764,1.58844,1.58889,1.13,1.70
2013.01.11 13:32:44.822,1.58844,1.58889,1.13,1.70
2013.01.11 13:32:45.327,1.58842,1.58883,1.09,1.35
2013.01.11 13:32:45.702,1.5884,1.58883,1.28,1.35
2013.01.11 13:32:46.171,1.5884,1.58889,1.35,2.82
2013.01.11 13:32:46.411,1.5884,1.58881,1.35,1.35
2013.01.11 13:32:46.722,1.5884,1.58879,1.69,1.88
2013.01.11 13:32:47.232,1.58839,1.58879,1.69,1.88
2013.01.11 13:32:48.691,1.58839,1.58878,1.91,1.50
2013.01.11 13:32:49.053,1.58839,1.58889,1.69,2.54
2013.01.11 13:32:49.291,1.58843,1.58883,1.24,1.13
2013.01.11 13:32:49.412,1.58843,1.58883,1.24,1.50
2013.01.11 13:32:49.984,1.58845,1.58887,1.13,2.10
2013.01.11 13:32:50.073,1.58838,1.58884,1.25,1.35
2013.01.11 13:32:50.746,1.58834,1.58881,1.92,1.35
2013.01.11 13:32:51.272,1.58833,1.58881,2.67,2.04
2013.01.11 13:32:51.512,1.58839,1.58877,1.17,1.73
2013.01.11 13:32:51.703,1.5884,1.58877,1.73,1.73
2013.01.11 13:32:52.586,1.5884,1.58877,1.73,1.73
2013.01.11 13:32:52.952,1.5884,1.58877,1.73,2.10
2013.01.11 13:32:53.132,1.5884,1.58877,1.73,2.10
2013.01.11 13:32:53.592,1.5884,1.58878,1.73,1.73
2013.01.11 13:32:54.667,1.5884,1.58878,1.73,2.10
2013.01.11 13:32:55.052,1.5884,1.58878,1.73,1.88
2013.01.11 13:32:55.471,1.58839,1.58877,1.73,1.50
2013.01.11 13:32:55.592,1.58837,1.58874,1.69,1.13
2013.01.11 13:32:55.712,1.58835,1.58868,2.10,1.13
2013.01.11 13:32:55.832,1.58829,1.58866,1.35,1.13
2013.01.11 13:32:55.892,1.58829,1.58866,3.27,1.13
2013.01.11 13:32:56.193,1.58828,1.5887,2.52,1.50
2013.01.11 13:32:56.372,1.58827,1.58866,2.25,1.13
2013.01.11 13:32:56.731,1.58829,1.58871,1.50,1.73
2013.01.11 13:32:56.792,1.58829,1.58874,1.50,2.48
2013.01.11 13:32:56.911,1.58829,1.58872,1.35,1.20
2013.01.11 13:32:57.151,1.58832,1.58869,1.50,1.35
2013.01.11 13:32:57.643,1.58832,1.58869,1.50,1.35
2013.01.11 13:32:58.002,1.58832,1.58871,1.73,1.35
2013.01.11 13:32:58.122,1.58831,1.58875,1.73,2.10
2013.01.11 13:32:59.252,1.5883,1.58874,1.32,1.73
2013.01.11 13:32:59.971,1.58831,1.58872,2.29,1.35
2013.01.11 13:33:00.094,1.58831,1.58874,1.35,2.10
2013.01.11 13:33:00.154,1.58834,1.58874,2.86,1.88
2013.01.11 13:33:00.393,1.58835,1.58874,2.48,2.10
2013.01.11 13:33:00.512,1.58835,1.58874,2.85,2.10
2013.01.11 13:33:00.572,1.58827,1.58874,1.02,2.10
2013.01.11 13:33:00.632,1.58832,1.58875,1.80,1.35
2013.01.11 13:33:00.813,1.58839,1.58875,2.25,1.13
2013.01.11 13:33:01.231,1.58843,1.58886,1.35,1.73
2013.01.11 13:33:01.351,1.58844,1.58887,1.13,2.10
2013.01.11 13:33:01.652,1.58849,1.58891,1.50,1.35
2013.01.11 13:33:02.161,1.58849,1.5889,1.50,2.48
2013.01.11 13:33:03.053,1.58853,1.58889,1.13,1.35
2013.01.11 13:33:03.133,1.58848,1.58889,2.10,1.35
2013.01.11 13:33:03.372,1.58851,1.58896,1.13,2.48
2013.01.11 13:33:03.712,1.58851,1.5889,1.89,1.50
2013.01.11 13:33:03.972,1.58851,1.58891,1.50,2.10
2013.01.11 13:33:04.043,1.58851,1.58891,1.13,2.10
2013.01.11 13:33:04.644,1.58851,1.58887,1.13,2.63
2013.01.11 13:33:04.737,1.58851,1.58887,1.13,2.85
2013.01.11 13:33:04.994,1.58847,1.58887,2.63,1.35
2013.01.11 13:33:05.577,1.58846,1.58889,1.73,2.10
2013.01.11 13:33:06.382,1.58846,1.5889,1.73,2.85
2013.01.11 13:33:06.693,1.58847,1.5889,1.73,2.85
2013.01.11 13:33:06.993,1.58844,1.58887,2.10,1.73
2013.01.11 13:33:07.292,1.58844,1.58883,2.10,1.35
2013.01.11 13:33:07.531,1.58844,1.58883,1.73,2.10
2013.01.11 13:33:07.893,1.5884,1.58882,1.08,1.73
2013.01.11 13:33:07.953,1.58833,1.58882,1.54,1.73
2013.01.11 13:33:08.372,1.58837,1.58881,2.48,1.35
2013.01.11 13:33:09.615,1.58836,1.5888,1.17,1.35
2013.01.11 13:33:10.356,1.58836,1.58877,1.17,1.35
2013.01.11 13:33:10.661,1.58836,1.58883,1.71,2.78
2013.01.11 13:33:10.902,1.58841,1.58883,1.43,2.78
2013.01.11 13:33:11.272,1.58843,1.5889,2.10,2.10
2013.01.11 13:33:11.392,1.58842,1.5889,2.67,2.85
2013.01.11 13:33:11.934,1.58843,1.58887,1.17,2.85
2013.01.11 13:33:12.162,1.58843,1.58886,1.17,1.73
2013.01.11 13:33:12.774,1.5884,1.5888,1.17,1.35
2013.01.11 13:33:12.855,1.58838,1.58883,1.17,1.35
2013.01.11 13:33:13.443,1.58837,1.58884,2.67,1.94
2013.01.11 13:33:13.802,1.58847,1.58883,1.66,1.50
2013.01.11 13:33:14.302,1.58858,1.58899,1.13,2.40
2013.01.11 13:33:14.483,1.58858,1.589,1.13,1.35
2013.01.11 13:33:14.861,1.58858,1.58908,1.78,2.10
2013.01.11 13:33:15.174,1.58868,1.5891,1.26,1.13
2013.01.11 13:33:15.378,1.5887,1.5891,1.50,1.88
2013.01.11 13:33:15.444,1.58871,1.5891,1.05,1.88
2013.01.11 13:33:15.643,1.58877,1.5891,1.13,1.88
2013.01.11 13:33:16.118,1.58872,1.58905,1.43,1.50
2013.01.11 13:33:16.202,1.5887,1.58905,1.50,1.50
2013.01.11 13:33:16.273,1.58871,1.58902,1.50,1.50
2013.01.11 13:33:16.633,1.58871,1.58902,2.22,1.50
2013.01.11 13:33:16.816,1.58871,1.58902,1.88,1.88
2013.01.11 13:33:17.374,1.58871,1.58902,1.28,2.48
2013.01.11 13:33:17.772,1.58867,1.58903,1.13,2.10
2013.01.11 13:33:18.132,1.58866,1.58902,1.35,2.85
2013.01.11 13:33:18.491,1.58863,1.58902,3.17,1.13
2013.01.11 13:33:19.732,1.58868,1.58913,2.25,2.40
2013.01.11 13:33:20.370,1.58867,1.58907,2.25,2.25
2013.01.11 13:33:20.463,1.58864,1.58908,2.10,1.35
2013.01.11 13:33:20.652,1.58863,1.58908,1.69,1.35
2013.01.11 13:33:20.903,1.58864,1.58908,2.10,1.35
2013.01.11 13:33:21.682,1.5886,1.58904,1.26,1.35
2013.01.11 13:33:22.111,1.58863,1.58904,1.73,1.35
2013.01.11 13:33:22.171,1.58856,1.58904,2.67,1.35
2013.01.11 13:33:22.534,1.58858,1.58903,3.19,2.10
2013.01.11 13:33:22.653,1.58858,1.58903,3.57,1.35
2013.01.11 13:33:22.953,1.58859,1.58906,1.35,1.35
2013.01.11 13:33:23.312,1.58864,1.58905,1.35,1.73
2013.01.11 13:33:24.143,1.58864,1.58908,1.35,1.73
2013.01.11 13:33:24.382,1.58864,1.58911,1.35,1.35
2013.01.11 13:33:24.904,1.58863,1.58911,1.73,1.35
2013.01.11 13:33:25.171,1.58863,1.58905,1.50,1.45
2013.01.11 13:33:25.231,1.58863,1.5891,1.73,1.36
2013.01.11 13:33:25.303,1.58864,1.5891,1.73,1.36
2013.01.11 13:33:25.637,1.58864,1.58911,1.73,1.35
2013.01.11 13:33:26.473,1.58866,1.58913,1.36,1.35
2013.01.11 13:33:26.532,1.58866,1.58913,1.36,1.35
2013.01.11 13:33:26.712,1.58866,1.58914,1.36,2.10
2013.01.11 13:33:26.893,1.58871,1.58914,1.13,1.73
2013.01.11 13:33:27.014,1.58868,1.58913,1.76,1.50
2013.01.11 13:33:27.432,1.58874,1.58915,1.35,1.73
2013.01.11 13:33:27.933,1.58875,1.58916,1.19,1.50
2013.01.11 13:33:28.052,1.58874,1.5892,1.35,1.73
2013.01.11 13:33:28.952,1.58876,1.5892,1.17,2.85
2013.01.11 13:33:29.071,1.58881,1.5892,1.73,2.85
2013.01.11 13:33:29.698,1.58881,1.5892,1.73,2.85
2013.01.11 13:33:30.203,1.5888,1.58919,1.73,1.73
2013.01.11 13:33:30.737,1.5888,1.58919,1.50,1.73
2013.01.11 13:33:30.983,1.5888,1.58914,1.73,1.50
2013.01.11 13:33:31.045,1.5888,1.58914,1.73,1.50
2013.01.11 13:33:31.164,1.5888,1.58914,1.73,1.50
2013.01.11 13:33:31.523,1.58875,1.58923,2.48,3.23
2013.01.11 13:33:31.712,1.58878,1.58923,1.73,2.48
2013.01.11 13:33:32.206,1.58878,1.58923,1.73,1.73
2013.01.11 13:33:32.754,1.58877,1.58923,1.73,2.10
2013.01.11 13:33:32.873,1.58877,1.58922,1.73,1.34
2013.01.11 13:33:32.992,1.58877,1.58925,1.73,2.48
2013.01.11 13:33:33.572,1.5888,1.58924,1.17,1.50
2013.01.11 13:33:33.646,1.5888,1.58924,1.17,1.50
2013.01.11 13:33:34.082,1.58877,1.58915,1.35,1.35
2013.01.11 13:33:34.141,1.58878,1.58914,1.13,1.35
2013.01.11 13:33:34.442,1.58877,1.58922,2.10,2.10
2013.01.11 13:33:34.743,1.58877,1.58919,2.10,2.85
2013.01.11 13:33:35.062,1.58878,1.58918,3.04,2.48
2013.01.11 13:33:35.482,1.58878,1.58917,1.92,1.50
2013.01.11 13:33:35.781,1.58878,1.58915,1.92,1.35
2013.01.11 13:33:36.342,1.58872,1.58915,1.35,2.25
2013.01.11 13:33:36.702,1.58873,1.58915,1.50,1.35
2013.01.11 13:33:37.362,1.58874,1.5891,1.73,3.00
2013.01.11 13:33:37.702,1.58873,1.5891,1.73,3.23
2013.01.11 13:33:38.721,1.58863,1.589,1.73,1.88
2013.01.11 13:33:39.082,1.58868,1.58902,1.17,1.50
2013.01.11 13:33:39.442,1.58874,1.58919,1.73,2.48
2013.01.11 13:33:39.561,1.58874,1.58919,1.73,2.48
2013.01.11 13:33:39.781,1.58874,1.58919,2.48,2.48
2013.01.11 13:33:39.844,1.58876,1.58919,1.27,2.25
2013.01.11 13:33:40.633,1.58885,1.58927,1.47,1.50
2013.01.11 13:33:40.825,1.58884,1.58932,2.22,2.10
2013.01.11 13:33:41.073,1.58885,1.58932,2.75,1.35
2013.01.11 13:33:41.241,1.58885,1.58932,2.53,1.13
2013.01.11 13:33:41.302,1.58885,1.58932,2.53,1.13
2013.01.11 13:33:41.483,1.58887,1.58932,2.48,1.35
2013.01.11 13:33:41.675,1.58886,1.58932,2.85,1.13
2013.01.11 13:33:41.923,1.58886,1.58932,1.73,1.35
2013.01.11 13:33:42.391,1.58879,1.58932,1.54,1.73
2013.01.11 13:33:42.751,1.58885,1.5893,1.35,1.35
2013.01.11 13:33:43.758,1.58887,1.5893,3.23,1.35
2013.01.11 13:33:44.962,1.58889,1.58937,1.73,2.05
2013.01.11 13:33:45.022,1.58888,1.58937,1.73,2.05
2013.01.11 13:33:45.094,1.58894,1.58943,1.73,1.80
2013.01.11 13:33:45.541,1.589,1.58944,1.75,1.80
2013.01.11 13:33:45.661,1.589,1.58952,2.50,1.27
2013.01.11 13:33:45.782,1.589,1.58949,1.17,1.27
2013.01.11 13:33:46.360,1.589,1.58946,1.73,3.92
2013.01.11 13:33:46.421,1.58899,1.58946,1.17,3.92
2013.01.11 13:33:46.923,1.58898,1.58946,1.17,2.55
2013.01.11 13:33:47.162,1.58898,1.58946,4.17,1.80
2013.01.11 13:33:47.472,1.58898,1.58946,2.67,1.80
2013.01.11 13:33:47.591,1.58899,1.58947,2.48,2.88
2013.01.11 13:33:47.952,1.58897,1.58946,1.95,2.10
2013.01.11 13:33:48.574,1.58898,1.5895,1.20,1.35
2013.01.11 13:33:49.351,1.58895,1.58947,1.47,1.10
2013.01.11 13:33:49.833,1.589,1.58943,1.73,1.73
2013.01.11 13:33:50.193,1.58896,1.58943,2.48,2.48
2013.01.11 13:33:50.553,1.58894,1.58941,2.67,1.35
2013.01.11 13:33:50.614,1.58895,1.58941,1.92,1.35
2013.01.11 13:33:50.792,1.58895,1.58938,1.17,1.73
2013.01.11 13:33:51.151,1.58888,1.58934,1.39,2.10
2013.01.11 13:33:51.211,1.58888,1.58934,1.17,2.10
2013.01.11 13:33:51.972,1.58888,1.58932,1.17,1.38
2013.01.11 13:33:52.334,1.58889,1.58934,1.17,3.23
2013.01.11 13:33:52.452,1.58888,1.58934,1.17,2.85
2013.01.11 13:33:52.512,1.58888,1.58934,1.17,2.85
2013.01.11 13:33:53.146,1.5889,1.58934,1.73,2.48
2013.01.11 13:33:53.213,1.5889,1.58935,1.73,2.48
2013.01.11 13:33:53.392,1.5889,1.58935,1.73,2.48
2013.01.11 13:33:53.952,1.5889,1.58936,1.73,2.88
2013.01.11 13:33:54.734,1.5889,1.58936,1.73,2.88
2013.01.11 13:33:55.442,1.5889,1.58928,1.50,1.35
2013.01.11 13:33:55.952,1.58887,1.58928,1.17,1.35
2013.01.11 13:33:56.246,1.58886,1.58928,1.73,1.35
2013.01.11 13:33:56.771,1.58883,1.58929,1.73,2.10
2013.01.11 13:33:57.172,1.58883,1.58925,1.73,1.35
2013.01.11 13:33:57.488,1.58883,1.58925,1.73,1.35
2013.01.11 13:33:57.653,1.58883,1.58921,1.50,1.27
2013.01.11 13:33:57.712,1.58881,1.58917,1.50,1.35
2013.01.11 13:33:57.891,1.58881,1.58917,1.73,1.13
2013.01.11 13:33:58.012,1.58878,1.58917,3.98,1.35
2013.01.11 13:33:58.332,1.58878,1.58913,3.75,1.36
2013.01.11 13:33:58.672,1.58878,1.58903,3.00,1.73
2013.01.11 13:33:59.315,1.58857,1.58902,2.10,1.35
2013.01.11 13:33:59.385,1.58857,1.58903,2.10,1.73
2013.01.11 13:33:59.782,1.58858,1.58903,1.73,1.73
2013.01.11 13:33:59.844,1.58858,1.58903,1.73,1.73
2013.01.11 13:33:59.962,1.58858,1.58902,1.73,1.35
2013.01.11 13:34:00.022,1.58858,1.58902,1.73,1.35
2013.01.11 13:34:00.972,1.58857,1.58902,3.23,2.85
2013.01.11 13:34:01.304,1.58859,1.58902,2.46,1.50
2013.01.11 13:34:01.616,1.58863,1.58904,1.50,1.73
2013.01.11 13:34:01.732,1.58858,1.58902,1.73,1.73
2013.01.11 13:34:02.072,1.58858,1.58901,1.73,1.35
2013.01.11 13:34:02.131,1.58858,1.58901,1.73,1.35
2013.01.11 13:34:02.632,1.58858,1.58904,2.48,1.35
2013.01.11 13:34:03.551,1.58858,1.58911,1.35,1.73
2013.01.11 13:34:03.671,1.58858,1.58911,1.35,2.48
2013.01.11 13:34:04.266,1.58858,1.58903,1.35,1.73
2013.01.11 13:34:04.833,1.58862,1.589,1.35,1.13
2013.01.11 13:34:04.893,1.58862,1.589,1.35,1.35
2013.01.11 13:34:05.562,1.58857,1.58902,1.73,1.73
2013.01.11 13:34:06.442,1.58862,1.58904,1.35,1.50
2013.01.11 13:34:06.504,1.58863,1.58896,2.38,1.50
2013.01.11 13:34:07.042,1.58863,1.58897,1.63,1.50
2013.01.11 13:34:07.593,1.58866,1.58897,3.23,1.50
2013.01.11 13:34:08.129,1.58868,1.58898,1.73,1.50
2013.01.11 13:34:08.442,1.58868,1.58898,1.73,1.50
2013.01.11 13:34:08.805,1.5887,1.58898,1.41,1.50
2013.01.11 13:34:09.192,1.58877,1.58898,1.43,1.50
2013.01.11 13:34:09.942,1.58881,1.58915,1.43,1.50
2013.01.11 13:34:10.422,1.58877,1.58916,1.35,1.50
2013.01.11 13:34:10.781,1.58877,1.58912,1.35,1.88
2013.01.11 13:34:11.328,1.58877,1.58911,1.35,1.50
2013.01.11 13:34:14.640,1.58877,1.58912,1.35,1.50
2013.01.11 13:34:14.963,1.58877,1.5891,1.35,1.88
2013.01.11 13:34:15.082,1.58877,1.58906,1.13,1.50
2013.01.11 13:34:15.952,1.58877,1.58906,1.13,1.50
2013.01.11 13:34:16.552,1.58874,1.58905,1.13,1.50
2013.01.11 13:34:16.853,1.5887,1.58899,1.50,3.57
2013.01.11 13:34:17.214,1.58867,1.58894,1.21,1.17
2013.01.11 13:34:17.273,1.58867,1.58895,1.21,1.92
2013.01.11 13:34:17.333,1.58867,1.58892,1.21,1.13
2013.01.11 13:34:17.392,1.58858,1.58892,2.10,2.63
2013.01.11 13:34:17.892,1.58858,1.58892,1.13,1.73
2013.01.11 13:34:18.252,1.58858,1.58887,1.13,1.25
2013.01.11 13:34:18.312,1.58856,1.58887,1.50,1.25
2013.01.11 13:34:18.822,1.58857,1.5888,1.13,1.13
2013.01.11 13:34:18.944,1.58857,1.58876,1.13,1.50
2013.01.11 13:34:19.202,1.58846,1.58876,1.50,1.50
2013.01.11 13:34:19.454,1.58847,1.5888,1.50,1.73
2013.01.11 13:34:19.573,1.58843,1.5888,1.73,1.35
2013.01.11 13:34:20.092,1.58842,1.58876,2.85,1.50
2013.01.11 13:34:21.118,1.58843,1.58875,2.48,1.50
2013.01.11 13:34:21.633,1.58842,1.58876,1.73,1.88
2013.01.11 13:34:21.753,1.58839,1.58872,1.50,2.10
2013.01.11 13:34:21.874,1.58835,1.58872,1.88,2.18
2013.01.11 13:34:21.936,1.58829,1.5887,1.73,1.58
2013.01.11 13:34:22.184,1.58834,1.5887,1.52,1.50
2013.01.11 13:34:22.662,1.58838,1.5887,1.50,1.73
2013.01.11 13:34:22.782,1.58838,1.58871,2.85,1.50
2013.01.11 13:34:23.144,1.5884,1.58875,1.73,1.88
2013.01.11 13:34:23.214,1.5884,1.58875,1.73,1.88
2013.01.11 13:34:23.394,1.58846,1.58878,2.48,1.50
2013.01.11 13:34:23.694,1.58844,1.58886,1.35,2.48
2013.01.11 13:34:23.872,1.58847,1.5888,1.73,1.73
2013.01.11 13:34:24.212,1.58847,1.58883,2.29,2.25
2013.01.11 13:34:25.082,1.58854,1.5889,1.73,1.50
2013.01.11 13:34:25.202,1.58858,1.58889,1.73,1.50
2013.01.11 13:34:25.752,1.58859,1.58888,1.50,2.48
2013.01.11 13:34:25.932,1.58855,1.5889,1.50,1.35
2013.01.11 13:34:25.993,1.58855,1.58893,1.73,1.35
2013.01.11 13:34:26.215,1.58858,1.58895,1.73,2.48
2013.01.11 13:34:28.083,1.58859,1.58887,1.73,1.50
2013.01.11 13:34:28.385,1.58858,1.58887,1.47,1.50
2013.01.11 13:34:28.697,1.58862,1.58896,1.73,2.25
2013.01.11 13:34:28.822,1.58856,1.58893,2.10,1.88
2013.01.11 13:34:28.942,1.58859,1.58892,1.35,2.63
2013.01.11 13:34:29.335,1.58863,1.58896,2.63,1.73
2013.01.11 13:34:29.932,1.58863,1.58896,2.63,1.73
2013.01.11 13:34:31.387,1.5887,1.58904,2.10,1.73
2013.01.11 13:34:31.583,1.58872,1.58904,1.13,1.73
2013.01.11 13:34:31.703,1.58874,1.58907,2.10,1.50
2013.01.11 13:34:31.943,1.58876,1.58909,2.48,1.50
2013.01.11 13:34:32.006,1.58876,1.58909,2.48,1.50
2013.01.11 13:34:32.522,1.58876,1.5891,1.35,1.50
2013.01.11 13:34:32.883,1.58878,1.58913,2.10,1.50
2013.01.11 13:34:33.123,1.58878,1.58911,2.10,1.50
2013.01.11 13:34:34.102,1.58881,1.58912,2.10,1.50
2013.01.11 13:34:34.627,1.58877,1.58913,1.35,1.50
2013.01.11 13:34:35.139,1.58879,1.58912,1.73,1.50
2013.01.11 13:34:35.993,1.58877,1.58912,1.80,1.50
2013.01.11 13:34:36.355,1.58884,1.58912,1.35,1.50
2013.01.11 13:34:36.784,1.58882,1.58912,1.35,1.50
2013.01.11 13:34:37.203,1.58882,1.58918,1.35,1.50
2013.01.11 13:34:37.811,1.58884,1.58919,2.10,1.50
2013.01.11 13:34:38.483,1.58885,1.5892,1.36,1.88
2013.01.11 13:34:38.785,1.58894,1.58918,1.87,1.50
2013.01.11 13:34:38.843,1.58894,1.58921,2.62,1.88
2013.01.11 13:34:39.284,1.58893,1.58922,1.35,1.88
2013.01.11 13:34:39.464,1.58898,1.58922,1.35,1.88
2013.01.11 13:34:39.944,1.58898,1.58941,1.73,1.35
2013.01.11 13:34:40.062,1.589,1.58928,1.35,1.50
2013.01.11 13:34:40.302,1.58901,1.58935,1.73,1.88
2013.01.11 13:34:40.980,1.58902,1.58949,2.85,2.48
2013.01.11 13:34:41.061,1.58907,1.58952,2.48,2.62
2013.01.11 13:34:42.032,1.58908,1.58946,2.10,2.48
2013.01.11 13:34:42.534,1.58907,1.58952,2.10,1.87
2013.01.11 13:34:43.402,1.58907,1.58952,2.48,1.54
2013.01.11 13:34:44.242,1.58907,1.5895,2.48,1.32
2013.01.11 13:34:44.966,1.58911,1.58952,1.50,1.74
2013.01.11 13:34:45.274,1.58915,1.58957,1.73,1.84
2013.01.11 13:34:45.813,1.58915,1.58963,2.85,1.63
2013.01.11 13:34:45.873,1.58915,1.58949,2.85,1.88
2013.01.11 13:34:46.112,1.58916,1.58954,3.60,2.10
2013.01.11 13:34:46.234,1.58919,1.58954,1.56,1.88
2013.01.11 13:34:46.712,1.58925,1.58966,1.23,1.13
2013.01.11 13:34:47.206,1.58926,1.58974,1.73,1.73
2013.01.11 13:34:47.334,1.58929,1.5897,2.22,2.25
2013.01.11 13:34:47.454,1.58932,1.58957,1.35,1.50
2013.01.11 13:34:47.742,1.58933,1.58977,3.60,1.73
2013.01.11 13:34:47.863,1.58934,1.58977,2.85,1.73
2013.01.11 13:34:48.628,1.58937,1.58976,2.10,1.35
2013.01.11 13:34:48.935,1.58937,1.58976,1.88,1.35
2013.01.11 13:34:49.293,1.58937,1.58972,1.88,1.32
2013.01.11 13:34:49.817,1.58922,1.58973,1.73,1.69
2013.01.11 13:34:49.884,1.58922,1.58972,2.10,1.32
2013.01.11 13:34:50.323,1.58926,1.5897,1.35,1.43
2013.01.11 13:34:50.502,1.58926,1.58972,1.73,1.20
2013.01.11 13:34:51.073,1.58926,1.58971,2.48,1.63
2013.01.11 13:34:51.682,1.58922,1.5897,4.73,1.35
2013.01.11 13:34:52.522,1.58922,1.58968,2.85,3.79
2013.01.11 13:34:53.043,1.58926,1.5897,2.48,1.35
2013.01.11 13:34:53.104,1.58926,1.58971,2.48,1.35
2013.01.11 13:34:53.223,1.58926,1.5897,2.48,1.35
2013.01.11 13:34:53.571,1.58926,1.5897,2.48,1.35
2013.01.11 13:34:53.694,1.58926,1.58973,2.48,1.63
2013.01.11 13:34:54.159,1.58924,1.58973,1.35,1.63
2013.01.11 13:34:54.662,1.58924,1.58973,1.35,1.63
2013.01.11 13:34:54.963,1.58939,1.58977,1.73,1.32
2013.01.11 13:34:55.022,1.58943,1.58978,1.35,2.25
2013.01.11 13:34:55.142,1.58943,1.58974,1.35,1.50
2013.01.11 13:34:55.470,1.58942,1.58978,3.37,1.50
2013.01.11 13:34:56.715,1.58942,1.58978,1.73,1.50
2013.01.11 13:34:57.253,1.58942,1.58978,1.73,1.73
2013.01.11 13:34:57.434,1.58941,1.58978,1.35,1.73
2013.01.11 13:34:57.495,1.5894,1.58974,1.35,1.50
2013.01.11 13:34:58.140,1.58943,1.58974,1.35,1.50
2013.01.11 13:34:58.472,1.58943,1.58982,1.62,2.25
2013.01.11 13:34:58.883,1.58941,1.58979,1.13,1.35
2013.01.11 13:34:59.125,1.58943,1.58979,1.13,1.35
2013.01.11 13:34:59.428,1.58945,1.58982,1.77,1.73
2013.01.11 13:34:59.613,1.58945,1.58985,1.35,1.13
2013.01.11 13:34:59.735,1.58946,1.58985,1.73,1.35
2013.01.11 13:34:59.922,1.58949,1.5898,1.73,1.50
2013.01.11 13:35:00.043,1.58949,1.5898,1.73,1.50
2013.01.11 13:35:00.404,1.58943,1.58977,1.13,1.73
2013.01.11 13:35:00.582,1.58943,1.58977,1.35,1.50
2013.01.11 13:35:00.702,1.58943,1.58977,1.13,1.73
2013.01.11 13:35:00.822,1.58943,1.58977,1.35,1.50
2013.01.11 13:35:01.624,1.5894,1.58977,1.88,1.73
2013.01.11 13:35:01.935,1.58948,1.58979,1.50,1.14
2013.01.11 13:35:02.054,1.58933,1.58979,2.48,1.52
2013.01.11 13:35:04.994,1.58933,1.58976,1.13,2.10
2013.01.11 13:35:06.762,1.58938,1.58962,1.50,1.35
2013.01.11 13:35:07.981,1.58915,1.58956,2.33,1.35
2013.01.11 13:35:09.569,1.58909,1.58945,1.13,1.35
2013.01.11 13:35:13.624,1.5891,1.58949,1.73,1.35
2013.01.11 13:35:13.735,1.5891,1.58945,1.73,1.13
2013.01.11 13:35:14.812,1.58909,1.58945,1.73,1.13
2013.01.11 13:35:14.992,1.58908,1.58946,1.73,1.05
2013.01.11 13:35:15.393,1.58908,1.58939,1.50,1.05
2013.01.11 13:35:15.763,1.58908,1.58946,1.73,4.05
2013.01.11 13:35:16.286,1.589,1.58947,4.35,6.45
2013.01.11 13:35:16.473,1.58902,1.58946,3.68,3.60
2013.01.11 13:35:16.534,1.58903,1.58941,3.73,1.88
2013.01.11 13:35:16.832,1.58908,1.58946,1.73,2.85
2013.01.11 13:35:17.252,1.58902,1.58946,1.35,2.85
2013.01.11 13:35:17.374,1.58902,1.58946,1.73,2.85
2013.01.11 13:35:17.732,1.58902,1.58946,2.67,2.85
2013.01.11 13:35:18.282,1.58904,1.58946,1.35,2.85
2013.01.11 13:35:18.804,1.58908,1.58945,1.73,1.13
2013.01.11 13:35:19.271,1.58908,1.58945,1.73,1.35
2013.01.11 13:35:22.743,1.58906,1.58945,2.10,2.10
2013.01.11 13:35:26.183,1.589,1.58945,2.10,1.73
2013.01.11 13:35:26.692,1.58905,1.58943,1.13,1.50
2013.01.11 13:35:27.002,1.58905,1.58943,1.35,1.50
2013.01.11 13:35:27.264,1.58905,1.58946,1.35,3.42
2013.01.11 13:35:28.612,1.58907,1.58945,1.73,1.13
2013.01.11 13:35:28.912,1.58912,1.58946,1.50,1.73
2013.01.11 13:35:28.972,1.58912,1.58946,1.50,1.50
2013.01.11 13:35:30.632,1.58913,1.58945,2.25,1.50
2013.01.11 13:35:31.192,1.58916,1.58946,2.10,1.50
2013.01.11 13:35:31.312,1.58919,1.58948,1.73,1.50
2013.01.11 13:35:32.932,1.58921,1.58948,1.50,1.50
2013.01.11 13:35:33.652,1.58919,1.58947,1.73,1.50
2013.01.11 13:35:34.912,1.58917,1.58946,1.73,1.50
2013.01.11 13:35:35.973,1.58917,1.58946,1.73,1.50
2013.01.11 13:35:36.562,1.58917,1.58946,1.73,1.50
2013.01.11 13:35:37.482,1.5892,1.58948,1.73,1.50
2013.01.11 13:35:37.542,1.58921,1.58951,1.73,1.50
2013.01.11 13:35:37.723,1.58921,1.58952,1.50,1.50
2013.01.11 13:35:38.081,1.58923,1.58962,2.10,1.13
2013.01.11 13:35:38.602,1.58925,1.58962,1.73,1.13
2013.01.11 13:35:39.404,1.58924,1.58957,2.10,1.88
2013.01.11 13:35:39.952,1.58929,1.58958,1.73,1.88
2013.01.11 13:35:41.452,1.58925,1.58957,1.73,1.50
2013.01.11 13:35:42.028,1.58928,1.58964,1.73,1.80
2013.01.11 13:35:42.214,1.58927,1.58958,1.73,1.50
2013.01.11 13:35:42.573,1.58928,1.58963,1.73,1.88
2013.01.11 13:35:43.182,1.58923,1.5896,1.35,1.35
2013.01.11 13:35:43.947,1.58923,1.58958,1.50,2.85
2013.01.11 13:35:44.249,1.58916,1.58955,1.73,1.35
2013.01.11 13:35:44.562,1.58916,1.58955,2.10,1.35
2013.01.11 13:35:45.523,1.58915,1.58955,2.10,1.35
2013.01.11 13:35:45.703,1.58915,1.58955,2.69,1.13
2013.01.11 13:35:46.014,1.58922,1.58958,1.08,1.88
2013.01.11 13:35:46.132,1.5892,1.58958,1.08,1.88
2013.01.11 13:35:46.373,1.5892,1.58958,1.08,1.88
2013.01.11 13:35:46.492,1.58919,1.58958,1.35,2.10
2013.01.11 13:35:46.614,1.58926,1.58958,1.50,2.10
2013.01.11 13:35:46.852,1.58926,1.58958,1.50,2.48
2013.01.11 13:35:47.333,1.58923,1.58956,2.16,1.88
2013.01.11 13:35:47.454,1.58923,1.58956,2.16,1.50
2013.01.11 13:35:47.513,1.58923,1.58965,1.03,1.58
2013.01.11 13:35:48.293,1.58923,1.58954,1.93,1.50
2013.01.11 13:35:48.772,1.58926,1.5897,1.35,2.85
2013.01.11 13:35:48.983,1.58926,1.58962,1.35,1.88
2013.01.11 13:35:49.983,1.58926,1.58961,1.35,1.88
2013.01.11 13:35:50.499,1.58926,1.58962,1.73,1.88
2013.01.11 13:35:50.686,1.58926,1.58962,1.73,1.88
2013.01.11 13:35:51.446,1.58927,1.58962,3.32,1.88
2013.01.11 13:35:51.907,1.58935,1.5898,1.88,2.48
2013.01.11 13:35:52.486,1.58935,1.58973,1.73,1.35
2013.01.11 13:35:52.794,1.58935,1.58973,1.73,1.35
2013.01.11 13:35:52.854,1.58935,1.58973,1.73,1.35
2013.01.11 13:35:53.213,1.58933,1.58973,1.73,1.35
2013.01.11 13:35:53.394,1.58935,1.58977,1.73,1.35
2013.01.11 13:35:53.652,1.58935,1.58977,1.73,1.35
2013.01.11 13:35:54.172,1.58935,1.58977,1.73,1.35
2013.01.11 13:35:54.818,1.58935,1.58971,1.73,1.35
2013.01.11 13:35:55.124,1.58932,1.58973,1.73,1.35
2013.01.11 13:35:55.652,1.58927,1.58974,3.80,1.35
2013.01.11 13:35:56.723,1.58933,1.58973,1.50,2.10
2013.01.11 13:35:57.092,1.58929,1.58973,1.73,1.35
2013.01.11 13:35:57.432,1.58929,1.58972,1.73,1.73
2013.01.11 13:35:57.493,1.58929,1.58972,1.73,1.73
2013.01.11 13:35:57.612,1.58929,1.58971,1.73,1.35
2013.01.11 13:35:57.853,1.58929,1.58967,1.50,2.10
2013.01.11 13:35:57.912,1.58926,1.58963,1.73,1.73
2013.01.11 13:35:57.973,1.58925,1.58962,1.73,1.73
2013.01.11 13:35:58.304,1.58924,1.58962,1.73,1.73
2013.01.11 13:35:58.533,1.58924,1.58962,1.73,1.73
2013.01.11 13:35:59.060,1.58918,1.58962,1.35,1.73
2013.01.11 13:36:01.562,1.58918,1.58966,1.73,2.48
2013.01.11 13:36:02.354,1.58922,1.58961,1.73,1.35
2013.01.11 13:36:02.534,1.58922,1.58958,1.73,2.10
2013.01.11 13:36:02.592,1.5892,1.58958,1.73,2.10
2013.01.11 13:36:03.791,1.58919,1.58957,2.10,1.35
2013.01.11 13:36:04.423,1.58918,1.58957,1.73,1.35
2013.01.11 13:36:04.976,1.58916,1.58957,1.73,1.35
2013.01.11 13:36:05.889,1.58914,1.58955,1.88,1.19
2013.01.11 13:36:06.132,1.58907,1.58952,1.35,1.35
2013.01.11 13:36:06.713,1.58907,1.58954,1.35,1.73
2013.01.11 13:36:06.832,1.58906,1.58953,3.23,1.73
2013.01.11 13:36:07.013,1.58909,1.58944,1.50,1.54
2013.01.11 13:36:07.192,1.58906,1.58944,2.85,2.29
2013.01.11 13:36:07.825,1.58906,1.58944,2.63,2.83
2013.01.11 13:36:08.134,1.58906,1.58939,3.00,1.35
2013.01.11 13:36:08.553,1.5891,1.58947,1.13,1.35
2013.01.11 13:36:08.673,1.5891,1.58947,1.73,1.13
2013.01.11 13:36:08.793,1.58915,1.58947,1.73,1.13
2013.01.11 13:36:09.033,1.58916,1.58952,1.27,1.50
2013.01.11 13:36:09.472,1.58916,1.58957,1.65,1.13
2013.01.11 13:36:09.594,1.58921,1.58957,1.13,1.13
2013.01.11 13:36:10.132,1.58921,1.58958,1.13,1.13
2013.01.11 13:36:10.384,1.5892,1.58952,1.13,1.88
2013.01.11 13:36:10.443,1.5892,1.58952,1.13,1.88
2013.01.11 13:36:10.562,1.58919,1.58958,2.10,1.35
2013.01.11 13:36:10.802,1.58919,1.58958,2.62,1.13
2013.01.11 13:36:10.862,1.5892,1.58955,3.15,1.88
2013.01.11 13:36:12.482,1.58923,1.5896,2.10,1.13
2013.01.11 13:36:13.170,1.58923,1.5896,2.10,1.13
2013.01.11 13:36:13.895,1.58923,1.58957,2.10,1.88
2013.01.11 13:36:14.022,1.58923,1.5896,2.10,1.13
2013.01.11 13:36:15.465,1.58923,1.58955,2.10,1.13
2013.01.11 13:36:16.143,1.58918,1.58953,1.35,1.32
2013.01.11 13:36:16.202,1.58915,1.58953,2.10,1.32
2013.01.11 13:36:16.504,1.58914,1.5895,2.10,1.13
2013.01.11 13:36:16.863,1.58914,1.58954,2.10,1.35
2013.01.11 13:36:17.369,1.58914,1.58952,1.73,1.13
2013.01.11 13:36:17.708,1.58914,1.58952,1.73,1.35
2013.01.11 13:36:18.252,1.58914,1.58951,1.73,1.13
2013.01.11 13:36:19.300,1.58912,1.58951,1.73,1.35
2013.01.11 13:36:19.783,1.58911,1.58951,1.73,1.35
2013.01.11 13:36:19.963,1.58907,1.58941,1.35,1.50
2013.01.11 13:36:20.084,1.58906,1.58941,3.23,1.50
2013.01.11 13:36:20.202,1.58904,1.58946,2.10,1.35
2013.01.11 13:36:20.442,1.58903,1.58944,2.63,2.10
2013.01.11 13:36:20.562,1.58895,1.58935,1.73,1.50
2013.01.11 13:36:20.622,1.58895,1.58938,2.48,1.13
2013.01.11 13:36:20.958,1.58901,1.58942,1.20,2.63
2013.01.11 13:36:22.243,1.58899,1.58936,2.48,1.50
2013.01.11 13:36:22.795,1.58902,1.58942,1.73,1.13
2013.01.11 13:36:23.256,1.58902,1.58942,1.73,1.35
2013.01.11 13:36:23.523,1.58905,1.58942,1.17,1.35
2013.01.11 13:36:24.312,1.5891,1.58944,1.50,1.35
2013.01.11 13:36:25.865,1.58909,1.58944,1.50,1.35
2013.01.11 13:36:26.169,1.58909,1.58944,1.50,2.40
2013.01.11 13:36:26.493,1.58909,1.58938,1.50,2.27
2013.01.11 13:36:26.962,1.58906,1.58938,1.50,2.39
2013.01.11 13:36:27.203,1.58906,1.58937,1.95,1.13
2013.01.11 13:36:27.682,1.5891,1.58937,1.50,1.13
2013.01.11 13:36:28.194,1.5891,1.58945,1.73,2.10
2013.01.11 13:36:29.373,1.589,1.58937,1.41,1.50
2013.01.11 13:36:30.133,1.589,1.58938,1.11,1.50
2013.01.11 13:36:30.253,1.589,1.5894,1.48,1.50
2013.01.11 13:36:30.313,1.58909,1.58946,1.73,1.35
2013.01.11 13:36:30.853,1.58901,1.58943,1.73,1.50
2013.01.11 13:36:31.748,1.58901,1.58942,1.35,1.50
2013.01.11 13:36:31.818,1.58901,1.5894,1.35,1.50
2013.01.11 13:36:33.443,1.58904,1.5894,2.25,1.50
2013.01.11 13:36:33.623,1.58911,1.58951,1.73,1.73
2013.01.11 13:36:35.972,1.58912,1.58957,1.35,1.35
2013.01.11 13:36:36.413,1.58905,1.58951,2.33,1.88
2013.01.11 13:36:36.748,1.58902,1.58947,1.62,1.17
2013.01.11 13:36:36.946,1.58902,1.58947,1.35,1.17
2013.01.11 13:36:37.334,1.58904,1.58947,1.61,1.17
2013.01.11 13:36:37.513,1.58909,1.58946,2.48,1.32
2013.01.11 13:36:37.634,1.58912,1.58947,3.30,1.17
2013.01.11 13:36:37.695,1.58912,1.58947,3.30,1.17
2013.01.11 13:36:38.060,1.58913,1.5895,1.73,1.73
2013.01.11 13:36:38.307,1.58919,1.58953,1.73,1.73
2013.01.11 13:36:38.933,1.58921,1.58956,1.73,3.23
2013.01.11 13:36:38.993,1.58921,1.58961,2.62,2.25
2013.01.11 13:36:39.533,1.58924,1.58965,1.73,2.10
2013.01.11 13:36:39.835,1.5893,1.58967,1.12,1.13
2013.01.11 13:36:40.013,1.58927,1.58958,1.13,1.35
2013.01.11 13:36:40.313,1.58924,1.58959,1.73,3.15
2013.01.11 13:36:40.553,1.5892,1.58951,1.73,1.50
2013.01.11 13:36:41.035,1.58922,1.58952,1.34,1.50
2013.01.11 13:36:41.225,1.58922,1.58959,2.09,1.50
2013.01.11 13:36:42.298,1.58927,1.58958,1.62,1.50
2013.01.11 13:36:43.253,1.58928,1.58965,2.37,1.88
2013.01.11 13:36:43.373,1.58928,1.58965,2.00,1.88
2013.01.11 13:36:43.897,1.58928,1.5897,2.00,1.50
2013.01.11 13:36:44.100,1.58928,1.5897,1.73,1.73
2013.01.11 13:36:44.165,1.58928,1.5897,1.73,1.73
2013.01.11 13:36:44.743,1.58928,1.58967,1.50,1.74
2013.01.11 13:36:45.283,1.58924,1.58964,1.73,1.88
2013.01.11 13:36:45.404,1.58923,1.58964,1.73,2.25
2013.01.11 13:36:45.704,1.58924,1.58964,2.09,2.25
2013.01.11 13:36:45.854,1.58924,1.58965,1.73,2.10
2013.01.11 13:36:45.975,1.58924,1.58965,2.02,1.50
2013.01.11 13:36:46.404,1.58926,1.58967,3.23,3.23
2013.01.11 13:36:46.723,1.5893,1.58966,2.48,1.13
2013.01.11 13:36:47.033,1.5893,1.58971,2.48,4.35
2013.01.11 13:36:47.153,1.5893,1.58971,2.48,4.35
2013.01.11 13:36:47.393,1.5893,1.58971,2.48,3.60
2013.01.11 13:36:47.703,1.5893,1.58971,2.48,3.60
2013.01.11 13:36:48.431,1.5893,1.58971,2.48,2.10
2013.01.11 13:36:48.814,1.58933,1.58972,1.36,1.50
2013.01.11 13:36:49.448,1.58931,1.58971,1.73,1.73
2013.01.11 13:36:49.513,1.58934,1.58971,1.35,1.35
2013.01.11 13:36:50.054,1.58928,1.58971,1.35,1.73
2013.01.11 13:36:50.783,1.5893,1.58971,2.48,1.73
2013.01.11 13:36:51.673,1.5893,1.58967,1.73,1.73
2013.01.11 13:36:51.803,1.5893,1.58967,1.73,1.73
2013.01.11 13:36:51.939,1.58928,1.58967,1.35,1.35
2013.01.11 13:36:52.463,1.58927,1.58964,4.08,1.50
2013.01.11 13:36:52.668,1.58927,1.58958,3.00,1.35
2013.01.11 13:36:52.915,1.58926,1.58958,1.54,2.10
2013.01.11 13:36:53.154,1.58918,1.58955,1.73,1.35
2013.01.11 13:36:53.463,1.58917,1.58955,1.73,1.35
2013.01.11 13:36:53.703,1.58912,1.5895,2.85,1.88
2013.01.11 13:36:54.013,1.58914,1.58955,2.10,3.23
2013.01.11 13:36:54.133,1.58913,1.58955,1.35,1.35
2013.01.11 13:36:54.434,1.58916,1.58952,1.73,1.88
2013.01.11 13:36:54.747,1.58916,1.58952,1.73,2.10
2013.01.11 13:36:55.853,1.58919,1.58952,1.13,1.73
2013.01.11 13:36:56.675,1.58922,1.58952,1.13,1.50
2013.01.11 13:36:56.794,1.58918,1.58956,1.73,1.35
2013.01.11 13:36:57.335,1.58912,1.58957,1.73,2.85
2013.01.11 13:36:57.514,1.58912,1.58956,1.73,1.35
2013.01.11 13:36:57.893,1.58914,1.58957,2.48,1.73
2013.01.11 13:36:59.093,1.58915,1.58955,2.48,1.73
2013.01.11 13:36:59.573,1.58912,1.58955,1.92,2.10
2013.01.11 13:37:00.243,1.58915,1.58958,1.73,1.73
2013.01.11 13:37:01.183,1.58917,1.58962,1.73,1.73
2013.01.11 13:37:01.366,1.5892,1.58963,1.73,1.20
2013.01.11 13:37:01.494,1.5892,1.58962,1.73,1.35
2013.01.11 13:37:01.857,1.58921,1.58961,1.73,1.73
2013.01.11 13:37:01.927,1.58919,1.58961,1.73,1.73
2013.01.11 13:37:02.296,1.5892,1.58957,1.50,1.35
2013.01.11 13:37:02.423,1.58914,1.58957,2.85,1.35
2013.01.11 13:37:04.716,1.58917,1.58958,1.73,1.69
2013.01.11 13:37:05.785,1.58913,1.58952,1.50,2.48
2013.01.11 13:37:06.023,1.58913,1.58951,1.73,1.35
2013.01.11 13:37:06.566,1.5891,1.58952,3.38,4.35
2013.01.11 13:37:07.093,1.58913,1.5895,1.50,1.35
2013.01.11 13:37:07.336,1.58911,1.5895,1.73,1.35
2013.01.11 13:37:07.883,1.58908,1.58949,1.35,3.23
2013.01.11 13:37:08.236,1.58908,1.58949,2.10,2.10
2013.01.11 13:37:08.557,1.58904,1.58944,2.10,1.35
2013.01.11 13:37:09.043,1.5891,1.58947,1.13,1.35
2013.01.11 13:37:09.365,1.5891,1.58952,1.35,1.35
2013.01.11 13:37:09.585,1.5891,1.58952,2.85,1.35
2013.01.11 13:37:10.199,1.58911,1.58953,1.73,1.35
2013.01.11 13:37:10.447,1.58911,1.58951,2.10,1.52
2013.01.11 13:37:16.255,1.58912,1.58947,3.60,1.50
2013.01.11 13:37:18.300,1.58915,1.5895,1.73,1.88
2013.01.11 13:37:18.423,1.58919,1.58955,1.50,2.48
2013.01.11 13:37:18.483,1.58919,1.58955,2.11,1.13
2013.01.11 13:37:18.722,1.5892,1.58955,1.88,1.35
2013.01.11 13:37:18.843,1.58917,1.58951,1.13,1.35
2013.01.11 13:37:19.083,1.58894,1.58934,1.73,1.73
2013.01.11 13:37:19.263,1.58894,1.58931,1.73,1.73
2013.01.11 13:37:19.807,1.58894,1.58931,2.48,1.35
2013.01.11 13:37:21.744,1.58886,1.58928,1.73,1.20
2013.01.11 13:37:21.803,1.58886,1.58927,1.73,1.20
2013.01.11 13:37:21.922,1.58886,1.58927,1.73,1.58
2013.01.11 13:37:22.254,1.58887,1.58925,1.50,1.73
2013.01.11 13:37:22.849,1.58884,1.58923,2.48,1.73
2013.01.11 13:37:23.713,1.58885,1.58926,1.35,1.13
2013.01.11 13:37:23.953,1.58888,1.58932,2.48,5.10
2013.01.11 13:37:24.072,1.5889,1.58927,1.35,2.10
2013.01.11 13:37:24.903,1.58896,1.58926,1.13,1.88
2013.01.11 13:37:25.262,1.58901,1.58934,1.61,1.50
2013.01.11 13:37:25.383,1.58891,1.58934,1.35,1.73
2013.01.11 13:37:26.528,1.58891,1.58934,2.10,2.85
2013.01.11 13:37:26.833,1.5889,1.5893,1.73,1.88
2013.01.11 13:37:27.723,1.58891,1.58927,1.73,1.50
2013.01.11 13:37:28.459,1.58892,1.58928,1.73,1.50
2013.01.11 13:37:29.916,1.58893,1.58927,1.73,1.88
2013.01.11 13:37:30.403,1.58893,1.58927,1.50,2.10
2013.01.11 13:37:31.005,1.58885,1.58925,2.10,1.35
2013.01.11 13:37:31.086,1.58893,1.58925,1.50,1.35
2013.01.11 13:37:31.606,1.58892,1.58925,1.50,1.35
2013.01.11 13:37:33.455,1.58892,1.58925,1.50,1.35
2013.01.11 13:37:33.651,1.58892,1.58925,1.50,1.35
2013.01.11 13:37:34.643,1.58894,1.58925,1.50,1.35
2013.01.11 13:37:34.705,1.58894,1.58925,1.73,1.13
2013.01.11 13:37:35.242,1.58889,1.58925,2.10,1.73
2013.01.11 13:37:35.504,1.58889,1.58929,1.73,2.48
2013.01.11 13:37:36.350,1.58891,1.58931,1.73,1.73
2013.01.11 13:37:37.287,1.58891,1.58928,1.73,1.28
2013.01.11 13:37:37.373,1.58887,1.58925,1.73,1.35
2013.01.11 13:37:37.894,1.58885,1.58925,1.73,2.85
2013.01.11 13:37:38.013,1.58886,1.58923,1.35,2.10
2013.01.11 13:37:38.515,1.58884,1.58924,1.73,2.48
2013.01.11 13:37:38.936,1.58885,1.58924,1.35,2.48
2013.01.11 13:37:39.065,1.58884,1.58924,2.48,2.48
2013.01.11 13:37:39.315,1.58882,1.58924,1.73,3.23
2013.01.11 13:37:39.903,1.5888,1.58918,3.10,1.50
2013.01.11 13:37:40.052,1.58882,1.58918,2.85,1.50
2013.01.11 13:37:40.483,1.58893,1.58922,1.35,1.50
2013.01.11 13:37:40.784,1.58894,1.58929,1.73,2.85
2013.01.11 13:37:40.843,1.58894,1.58929,1.73,2.10
2013.01.11 13:37:41.263,1.58895,1.5893,2.73,1.50
2013.01.11 13:37:41.744,1.58894,1.58935,4.35,1.35
2013.01.11 13:37:42.298,1.58894,1.58931,2.10,2.10
2013.01.11 13:37:42.483,1.58889,1.58926,3.98,1.73
2013.01.11 13:37:42.663,1.58888,1.58921,1.35,1.50
2013.01.11 13:37:43.506,1.58887,1.58921,1.73,2.10
2013.01.11 13:37:43.693,1.58884,1.58919,1.50,1.21
2013.01.11 13:37:43.873,1.58883,1.58913,1.50,1.73
2013.01.11 13:37:44.113,1.58878,1.58914,1.88,1.73
2013.01.11 13:37:44.293,1.58878,1.58914,1.50,1.73
2013.01.11 13:37:44.876,1.58876,1.5891,2.10,1.73
2013.01.11 13:37:44.933,1.58875,1.5891,2.13,1.50
2013.01.11 13:37:45.143,1.58877,1.5891,1.35,1.50
2013.01.11 13:37:45.323,1.58883,1.58917,1.50,2.85
2013.01.11 13:37:45.502,1.58881,1.58922,1.59,1.13
2013.01.11 13:37:46.192,1.58881,1.58922,1.35,1.13
2013.01.11 13:37:46.257,1.58889,1.58922,1.23,1.13
2013.01.11 13:37:46.443,1.58889,1.58929,1.98,1.17
2013.01.11 13:37:46.504,1.58888,1.58927,1.35,1.17
2013.01.11 13:37:47.113,1.58886,1.58927,1.73,1.54
2013.01.11 13:37:47.762,1.5888,1.5892,1.35,1.17
2013.01.11 13:37:48.533,1.58874,1.5892,4.35,2.29
2013.01.11 13:37:50.383,1.58874,1.58916,3.23,1.54
2013.01.11 13:37:50.443,1.58874,1.58913,3.23,1.73
2013.01.11 13:37:51.182,1.58873,1.58915,2.10,1.73
2013.01.11 13:37:52.183,1.58871,1.58911,1.35,2.10
2013.01.11 13:37:52.622,1.58871,1.58911,3.04,2.10
2013.01.11 13:37:53.873,1.58874,1.58913,2.10,1.35
2013.01.11 13:37:54.183,1.58876,1.58916,1.73,2.48
2013.01.11 13:37:54.543,1.58877,1.58916,1.73,1.73
2013.01.11 13:37:55.142,1.58878,1.58914,1.35,1.50
2013.01.11 13:37:55.665,1.58876,1.58916,2.07,1.88
2013.01.11 13:37:56.024,1.5888,1.58918,1.73,1.13
2013.01.11 13:37:56.442,1.58885,1.58922,1.73,1.50
2013.01.11 13:37:56.983,1.58887,1.58926,1.73,1.73
2013.01.11 13:37:57.922,1.58888,1.58926,1.73,3.23
2013.01.11 13:37:58.342,1.58885,1.58926,1.35,1.35
2013.01.11 13:38:00.253,1.58884,1.58923,1.35,1.35
2013.01.11 13:38:00.493,1.58884,1.58923,1.35,1.73
2013.01.11 13:38:00.665,1.58884,1.58923,1.35,1.73
2013.01.11 13:38:01.952,1.5888,1.58921,2.10,1.35
2013.01.11 13:38:02.563,1.58883,1.58921,1.35,1.35
2013.01.11 13:38:02.864,1.5888,1.58918,1.35,2.10
2013.01.11 13:38:03.083,1.58878,1.58918,2.48,2.48
2013.01.11 13:38:04.627,1.58882,1.58918,1.73,2.10
2013.01.11 13:38:04.753,1.58881,1.58917,1.73,1.73
2013.01.11 13:38:04.875,1.58881,1.58917,1.73,1.73
2013.01.11 13:38:05.116,1.58881,1.58918,2.11,1.50
2013.01.11 13:38:05.484,1.5888,1.58921,1.35,3.23
2013.01.11 13:38:06.242,1.5888,1.58921,1.73,1.35
2013.01.11 13:38:06.302,1.58883,1.58922,1.35,1.17
2013.01.11 13:38:06.764,1.58884,1.58928,1.73,1.54
2013.01.11 13:38:07.217,1.58889,1.58926,1.35,2.48
2013.01.11 13:38:07.343,1.58889,1.58926,1.35,2.25
2013.01.11 13:38:07.950,1.58889,1.58926,1.35,1.88
2013.01.11 13:38:08.478,1.58889,1.58925,1.73,1.50
2013.01.11 13:38:09.934,1.58889,1.58925,1.73,1.50
2013.01.11 13:38:10.947,1.5889,1.58928,1.73,1.35
2013.01.11 13:38:11.275,1.5889,1.58925,1.65,1.50
2013.01.11 13:38:11.522,1.5889,1.58924,1.73,1.50
2013.01.11 13:38:12.615,1.5889,1.58924,1.73,1.50
2013.01.11 13:38:13.163,1.5889,1.58924,3.08,1.50
2013.01.11 13:38:13.223,1.5889,1.58924,3.46,1.50
2013.01.11 13:38:14.113,1.58894,1.58924,2.25,1.50
2013.01.11 13:38:14.293,1.58896,1.58935,2.63,1.13
2013.01.11 13:38:14.715,1.58895,1.58933,1.73,1.13
2013.01.11 13:38:15.014,1.58892,1.58932,2.10,1.13
2013.01.11 13:38:15.266,1.58889,1.58931,2.10,1.13
2013.01.11 13:38:15.383,1.58892,1.58931,2.10,2.48
2013.01.11 13:38:15.562,1.58887,1.58926,1.73,1.17
2013.01.11 13:38:15.635,1.58887,1.58926,1.73,1.69
2013.01.11 13:38:15.812,1.58884,1.58925,1.73,2.48
2013.01.11 13:38:16.553,1.58875,1.58919,2.75,1.35
2013.01.11 13:38:16.854,1.58878,1.58919,1.32,1.35
2013.01.11 13:38:17.802,1.58881,1.58919,2.55,1.73
2013.01.11 13:38:18.759,1.58881,1.58919,2.70,1.73
2013.01.11 13:38:19.243,1.58885,1.58915,1.50,1.73
2013.01.11 13:38:19.303,1.5888,1.58915,1.73,2.48
2013.01.11 13:38:19.547,1.5888,1.58915,1.73,2.10
2013.01.11 13:38:19.923,1.5888,1.58915,2.48,1.88
2013.01.11 13:38:20.373,1.58884,1.58919,1.73,3.23
2013.01.11 13:38:20.925,1.58884,1.58919,1.23,2.25
2013.01.11 13:38:21.588,1.58886,1.58922,1.13,1.88
2013.01.11 13:38:22.215,1.58886,1.58925,3.34,1.50
2013.01.11 13:38:22.274,1.58886,1.58925,2.78,1.73
2013.01.11 13:38:22.625,1.58886,1.58925,1.88,1.73
2013.01.11 13:38:23.414,1.58886,1.58926,2.26,1.13
2013.01.11 13:38:23.663,1.58886,1.58926,1.88,1.35
2013.01.11 13:38:24.114,1.58886,1.58929,3.38,1.73
2013.01.11 13:38:24.237,1.58888,1.58929,1.13,1.73
2013.01.11 13:38:24.474,1.58886,1.58926,1.88,2.10
2013.01.11 13:38:24.607,1.58886,1.58923,1.88,1.13
2013.01.11 13:38:24.913,1.58885,1.58919,1.13,2.10
2013.01.11 13:38:24.973,1.58877,1.58919,1.50,2.85
2013.01.11 13:38:25.154,1.58876,1.58915,1.50,1.13
2013.01.11 13:38:25.392,1.58874,1.58911,1.35,1.88
2013.01.11 13:38:25.722,1.58872,1.58915,1.73,1.50
2013.01.11 13:38:25.904,1.58873,1.58914,1.73,1.50
2013.01.11 13:38:26.429,1.58876,1.58915,1.35,1.50
2013.01.11 13:38:26.689,1.5887,1.58915,3.98,1.50
2013.01.11 13:38:26.992,1.58873,1.58915,1.43,1.13
2013.01.11 13:38:27.113,1.58873,1.58919,1.96,3.23
2013.01.11 13:38:27.472,1.58869,1.58916,2.48,1.73
2013.01.11 13:38:27.934,1.58873,1.58916,2.48,1.73
2013.01.11 13:38:27.994,1.58877,1.5891,1.50,1.50
2013.01.11 13:38:28.114,1.58877,1.58913,1.50,1.50
2013.01.11 13:38:28.963,1.58874,1.58916,1.05,1.88
2013.01.11 13:38:29.203,1.58872,1.58909,1.35,1.50
2013.01.11 13:38:31.004,1.5887,1.58913,2.10,1.50
2013.01.11 13:38:31.122,1.5887,1.58906,3.60,1.50
2013.01.11 13:38:31.647,1.58869,1.58907,3.23,1.88
2013.01.11 13:38:32.370,1.58872,1.58906,1.35,1.50
2013.01.11 13:38:32.494,1.58872,1.5891,1.35,1.50
2013.01.11 13:38:32.614,1.58876,1.58909,1.21,1.50
2013.01.11 13:38:33.215,1.58877,1.5891,1.88,1.50
2013.01.11 13:38:36.453,1.58878,1.58909,1.73,1.50
2013.01.11 13:38:36.763,1.58877,1.58913,1.73,1.69
2013.01.11 13:38:36.903,1.58877,1.58913,1.73,2.67
2013.01.11 13:38:37.934,1.58867,1.58909,1.35,1.12
2013.01.11 13:38:37.993,1.58867,1.58904,1.35,1.35
2013.01.11 13:38:38.696,1.58864,1.58904,1.35,1.35
2013.01.11 13:38:38.795,1.58868,1.58904,1.35,1.54
2013.01.11 13:38:39.384,1.58864,1.58904,1.73,1.54
2013.01.11 13:38:40.633,1.58863,1.58904,1.35,1.54
2013.01.11 13:38:41.216,1.58863,1.58904,1.73,1.54
2013.01.11 13:38:41.683,1.58867,1.58903,1.35,1.92
2013.01.11 13:38:41.744,1.58867,1.58903,2.10,1.73
2013.01.11 13:38:41.803,1.58868,1.58903,1.35,1.50
2013.01.11 13:38:42.862,1.58868,1.58903,1.35,1.50
2013.01.11 13:38:43.733,1.58867,1.58903,1.12,4.13
2013.01.11 13:38:43.793,1.58866,1.58901,1.73,1.35
2013.01.11 13:38:44.053,1.58857,1.58902,2.55,4.20
2013.01.11 13:38:44.173,1.58857,1.58895,2.55,1.69
2013.01.11 13:38:45.163,1.5886,1.58895,1.20,1.50
2013.01.11 13:38:45.283,1.58858,1.58895,1.27,1.50
2013.01.11 13:38:45.343,1.58858,1.58892,1.27,1.50
2013.01.11 13:38:45.683,1.58858,1.5889,1.27,1.50
2013.01.11 13:38:46.213,1.58863,1.5889,1.23,1.50
2013.01.11 13:38:46.894,1.58862,1.58894,1.23,1.50
2013.01.11 13:38:47.013,1.5886,1.58892,1.23,1.50
2013.01.11 13:38:47.083,1.58858,1.58892,1.47,1.50
2013.01.11 13:38:48.725,1.58858,1.58893,1.85,1.50
2013.01.11 13:38:48.904,1.58858,1.58891,1.10,2.25
2013.01.11 13:38:48.967,1.58855,1.58891,1.29,3.00
2013.01.11 13:38:49.034,1.58853,1.58891,1.13,3.00
2013.01.11 13:38:49.154,1.58856,1.58893,1.50,2.44
2013.01.11 13:38:49.394,1.58847,1.58886,1.73,2.48
2013.01.11 13:38:49.693,1.5885,1.58885,1.13,3.23
2013.01.11 13:38:50.003,1.58847,1.58884,1.58,2.25
2013.01.11 13:38:50.463,1.58847,1.58884,1.35,2.48
2013.01.11 13:38:50.843,1.58843,1.58882,1.35,1.13
2013.01.11 13:38:52.843,1.58843,1.58878,1.35,1.50
2013.01.11 13:38:53.144,1.58838,1.58877,1.73,2.48
2013.01.11 13:38:53.893,1.58847,1.58875,1.13,1.50
2013.01.11 13:38:53.955,1.58847,1.58875,1.13,1.50
2013.01.11 13:38:54.252,1.58847,1.58875,1.13,1.50
2013.01.11 13:38:54.313,1.58847,1.58875,1.13,1.50
2013.01.11 13:38:54.554,1.58847,1.58875,1.13,1.50
2013.01.11 13:38:54.919,1.58843,1.58875,2.33,1.50
2013.01.11 13:38:55.044,1.58837,1.58872,2.48,1.50
2013.01.11 13:38:55.655,1.58837,1.58871,1.73,1.50
2013.01.11 13:38:56.283,1.58837,1.5887,1.35,1.50
2013.01.11 13:38:56.656,1.58837,1.58872,1.35,1.50
2013.01.11 13:38:56.714,1.58838,1.58876,1.73,2.25
2013.01.11 13:38:56.773,1.58844,1.58876,1.41,2.25
2013.01.11 13:38:56.892,1.58844,1.58878,1.41,1.50
2013.01.11 13:38:57.134,1.58844,1.5888,1.41,1.50
2013.01.11 13:38:57.193,1.58849,1.58882,1.50,1.13
2013.01.11 13:38:57.554,1.5885,1.58886,1.13,2.25
2013.01.11 13:38:57.673,1.5885,1.58887,1.73,2.67
2013.01.11 13:38:58.193,1.5885,1.58886,1.73,1.13
2013.01.11 13:38:58.494,1.58843,1.58886,1.35,1.35
2013.01.11 13:38:58.954,1.58851,1.58886,4.54,1.88
2013.01.11 13:38:59.014,1.58857,1.58896,1.35,1.35
2013.01.11 13:38:59.255,1.58857,1.58896,1.87,1.13
2013.01.11 13:39:00.743,1.58857,1.58893,1.50,1.50
2013.01.11 13:39:01.253,1.58855,1.5889,1.65,1.50
2013.01.11 13:39:01.673,1.58854,1.58889,1.12,1.13
2013.01.11 13:39:01.792,1.58844,1.58889,3.39,2.10
2013.01.11 13:39:02.332,1.58851,1.58889,1.35,1.13
2013.01.11 13:39:02.873,1.58855,1.58889,2.10,1.13
2013.01.11 13:39:02.960,1.58855,1.58889,2.10,1.35
2013.01.11 13:39:03.444,1.58849,1.5889,1.17,2.25
2013.01.11 13:39:04.093,1.58852,1.58887,1.13,1.50
2013.01.11 13:39:04.273,1.58846,1.58887,2.85,1.73
2013.01.11 13:39:07.093,1.5885,1.58887,1.73,1.50
2013.01.11 13:39:07.708,1.58851,1.58889,2.10,2.25
2013.01.11 13:39:08.035,1.58851,1.58889,2.85,1.50
2013.01.11 13:39:08.666,1.58853,1.58889,1.73,1.50
2013.01.11 13:39:09.174,1.58855,1.58894,1.17,2.48
2013.01.11 13:39:16.182,1.58859,1.58892,1.50,2.25
2013.01.11 13:39:16.543,1.58859,1.58891,1.88,1.50
2013.01.11 13:39:16.957,1.58859,1.58891,1.88,1.50
2013.01.11 13:39:17.856,1.58855,1.58889,3.00,1.50
2013.01.11 13:39:18.185,1.58854,1.58887,3.00,1.50
2013.01.11 13:39:18.694,1.58853,1.58887,1.50,1.50
2013.01.11 13:39:19.522,1.58857,1.58893,1.73,3.38
2013.01.11 13:39:19.583,1.58857,1.5889,1.73,1.50
2013.01.11 13:39:20.564,1.58855,1.58887,1.13,1.50
2013.01.11 13:39:22.123,1.58853,1.58888,2.25,1.50
2013.01.11 13:39:22.693,1.58853,1.58888,1.13,1.50
2013.01.11 13:39:24.172,1.58853,1.58885,1.13,1.50
2013.01.11 13:39:24.233,1.58853,1.58885,1.38,1.50
2013.01.11 13:39:24.773,1.58854,1.58886,1.13,1.50
2013.01.11 13:39:25.714,1.58853,1.58884,1.38,1.50
2013.01.11 13:39:27.224,1.58853,1.58884,1.67,1.50
2013.01.11 13:39:27.472,1.58853,1.58886,3.28,1.50
2013.01.11 13:39:28.112,1.58853,1.58887,3.28,1.50
2013.01.11 13:39:28.172,1.58853,1.58887,2.63,1.50
2013.01.11 13:39:28.683,1.58854,1.58886,1.73,1.50
2013.01.11 13:39:29.301,1.58851,1.58887,1.44,1.50
2013.01.11 13:39:29.723,1.58851,1.58887,1.75,1.50
2013.01.11 13:39:30.134,1.58851,1.58887,1.53,1.50
2013.01.11 13:39:30.192,1.58853,1.58883,1.73,1.50
2013.01.11 13:39:32.604,1.58853,1.58883,3.36,1.50
2013.01.11 13:39:32.874,1.58853,1.58883,2.10,1.50
2013.01.11 13:39:34.163,1.58853,1.58882,1.90,1.50
2013.01.11 13:39:34.403,1.58855,1.58886,1.71,1.50
2013.01.11 13:39:34.526,1.58859,1.58885,1.76,1.50
2013.01.11 13:39:35.923,1.58859,1.58885,1.51,1.50
2013.01.11 13:39:35.983,1.58864,1.58892,1.51,1.50
2013.01.11 13:39:36.345,1.58864,1.58894,2.26,1.50
2013.01.11 13:39:38.543,1.58864,1.58894,2.53,1.50
2013.01.11 13:39:39.032,1.58864,1.58894,2.42,1.50
2013.01.11 13:39:39.235,1.58864,1.58896,3.92,1.50
2013.01.11 13:39:39.373,1.58864,1.58894,2.42,1.50
2013.01.11 13:39:40.265,1.58863,1.58896,3.92,1.50
2013.01.11 13:39:41.132,1.58868,1.58895,1.50,1.50
2013.01.11 13:39:41.194,1.58869,1.58895,1.14,1.50
2013.01.11 13:39:41.433,1.58872,1.58901,2.44,1.13
2013.01.11 13:39:41.613,1.58873,1.58905,1.88,2.25
2013.01.11 13:39:41.805,1.58873,1.58905,1.88,1.50
2013.01.11 13:39:42.543,1.58872,1.58904,1.88,1.50
2013.01.11 13:39:42.735,1.58878,1.58908,1.50,1.50
2013.01.11 13:39:42.794,1.58878,1.58908,2.16,1.50
2013.01.11 13:39:43.956,1.58878,1.58908,2.07,1.50
2013.01.11 13:39:44.581,1.58879,1.58909,1.69,1.50
2013.01.11 13:39:44.661,1.58879,1.58916,2.48,1.35
2013.01.11 13:39:45.134,1.58875,1.58912,2.67,1.50
2013.01.11 13:39:45.314,1.58874,1.58915,2.48,2.03
2013.01.11 13:39:45.373,1.58875,1.58919,1.29,2.48
2013.01.11 13:39:45.881,1.58878,1.58916,1.73,1.73
2013.01.11 13:39:46.549,1.58878,1.58911,1.73,1.50
2013.01.11 13:39:46.733,1.58877,1.58916,1.73,2.48
2013.01.11 13:39:47.373,1.58875,1.58916,1.29,2.48
2013.01.11 13:39:47.876,1.58873,1.58916,1.06,4.35
2013.01.11 13:39:47.994,1.58873,1.58916,1.26,3.75
2013.01.11 13:39:48.513,1.58875,1.58916,1.63,3.23
2013.01.11 13:39:49.053,1.58879,1.58916,2.48,2.10
2013.01.11 13:39:49.407,1.58875,1.58916,1.63,2.10
2013.01.11 13:39:49.924,1.58878,1.58916,1.73,3.60
2013.01.11 13:39:50.445,1.58878,1.58911,1.73,1.50
2013.01.11 13:39:51.473,1.58878,1.58912,1.73,1.88
2013.01.11 13:39:52.803,1.58877,1.58913,1.73,2.25
2013.01.11 13:39:53.102,1.58885,1.58924,1.92,1.73
2013.01.11 13:39:53.404,1.58887,1.5892,1.73,1.13
2013.01.11 13:39:53.463,1.58887,1.5892,1.50,1.35
2013.01.11 13:39:54.129,1.58888,1.5892,1.50,1.35
2013.01.11 13:39:54.210,1.58887,1.58923,1.73,1.50
2013.01.11 13:39:54.405,1.58887,1.58925,2.48,2.85
2013.01.11 13:39:54.464,1.58887,1.58921,1.73,1.13
2013.01.11 13:39:54.583,1.58882,1.58921,1.54,2.10
2013.01.11 13:39:54.914,1.58884,1.58921,1.17,1.73
2013.01.11 13:39:55.272,1.58888,1.58921,1.74,1.13
2013.01.11 13:39:55.545,1.5889,1.58931,2.49,4.13
2013.01.11 13:39:56.081,1.58889,1.58925,1.89,1.50
2013.01.11 13:39:56.623,1.58889,1.58925,1.50,1.50
2013.01.11 13:39:56.684,1.5889,1.58922,1.50,1.50
2013.01.11 13:39:57.071,1.58889,1.58922,1.86,1.50
2013.01.11 13:39:57.254,1.5889,1.58922,1.13,1.50
2013.01.11 13:39:57.848,1.58888,1.58923,1.35,1.73
2013.01.11 13:39:58.393,1.58889,1.58923,2.10,1.50
2013.01.11 13:39:58.945,1.5889,1.58925,2.85,1.73
2013.01.11 13:40:01.444,1.58891,1.58924,2.67,1.50
2013.01.11 13:40:01.787,1.58891,1.58924,2.10,1.50
2013.01.11 13:40:02.163,1.58891,1.58924,2.69,1.50
2013.01.11 13:40:02.613,1.58892,1.58924,2.20,1.50
2013.01.11 13:40:02.917,1.58899,1.58924,1.10,1.50
2013.01.11 13:40:03.557,1.58898,1.58934,1.60,1.50
2013.01.11 13:40:04.176,1.589,1.58934,1.03,1.50
2013.01.11 13:40:04.799,1.58901,1.58933,2.16,1.50
2013.01.11 13:40:05.244,1.58901,1.58936,2.16,1.50
2013.01.11 13:40:05.605,1.58902,1.58936,1.50,1.50
2013.01.11 13:40:05.674,1.58903,1.58941,1.50,1.13
2013.01.11 13:40:05.913,1.58905,1.58939,1.29,1.50
2013.01.11 13:40:05.974,1.58909,1.58942,1.73,2.25
2013.01.11 13:40:06.659,1.58909,1.58942,1.73,2.25
2013.01.11 13:40:07.594,1.58909,1.58942,1.73,2.25
2013.01.11 13:40:07.714,1.58909,1.58942,1.73,2.25
2013.01.11 13:40:08.145,1.58902,1.5894,1.58,1.50
2013.01.11 13:40:08.506,1.58908,1.58945,1.73,1.50
2013.01.11 13:40:08.625,1.58908,1.58945,2.36,1.88
2013.01.11 13:40:08.745,1.58908,1.58943,1.73,1.88
2013.01.11 13:40:08.865,1.58908,1.58941,1.73,1.13
2013.01.11 13:40:09.224,1.58908,1.58941,1.73,1.65
2013.01.11 13:40:09.344,1.58906,1.58941,2.55,1.69
2013.01.11 13:40:09.525,1.58903,1.58938,1.73,1.13
2013.01.11 13:40:09.764,1.58902,1.58934,1.13,1.13
2013.01.11 13:40:09.944,1.58907,1.58935,1.13,1.13
2013.01.11 13:40:10.065,1.58907,1.58935,1.76,1.13
2013.01.11 13:40:10.247,1.58907,1.58937,1.76,1.13
2013.01.11 13:40:10.377,1.58902,1.58941,1.65,1.35
2013.01.11 13:40:10.867,1.58902,1.5894,1.50,1.35
2013.01.11 13:40:10.993,1.58904,1.58942,1.73,1.35
2013.01.11 13:40:11.413,1.58902,1.58938,1.50,2.10
2013.01.11 13:40:12.367,1.58894,1.58931,1.88,1.73
2013.01.11 13:40:12.868,1.58892,1.58928,1.35,1.35
2013.01.11 13:40:12.935,1.58892,1.58931,1.35,1.73
2013.01.11 13:40:13.471,1.58894,1.58931,1.02,1.73
2013.01.11 13:40:14.110,1.58897,1.58931,1.73,1.73
2013.01.11 13:40:17.613,1.58897,1.58931,1.73,1.35
2013.01.11 13:40:17.913,1.58897,1.58929,1.73,1.13
2013.01.11 13:40:18.236,1.58897,1.58929,1.73,1.13
2013.01.11 13:40:19.103,1.58892,1.58935,2.07,1.35
2013.01.11 13:40:19.163,1.58892,1.58932,1.73,1.35
2013.01.11 13:40:20.034,1.58891,1.58932,2.10,1.35
2013.01.11 13:40:20.394,1.58889,1.58931,2.10,3.23
2013.01.11 13:40:22.910,1.58895,1.5893,1.47,1.50
2013.01.11 13:40:23.313,1.58895,1.58927,2.37,1.50
2013.01.11 13:40:23.455,1.58891,1.58927,1.35,1.50
2013.01.11 13:40:23.923,1.5889,1.58923,1.19,1.50
2013.01.11 13:40:26.674,1.58889,1.58923,2.16,1.50
2013.01.11 13:40:26.796,1.58889,1.58923,1.13,1.50
2013.01.11 13:40:27.226,1.58889,1.58923,1.13,1.50
2013.01.11 13:40:27.630,1.58888,1.58919,1.40,1.50
2013.01.11 13:40:29.445,1.58888,1.58919,1.74,1.50
2013.01.11 13:40:29.504,1.58889,1.58921,1.74,1.13
2013.01.11 13:40:30.074,1.58889,1.5892,1.60,1.50
2013.01.11 13:40:30.395,1.58889,1.5892,1.13,2.10
2013.01.11 13:40:30.453,1.58889,1.5892,1.13,1.88
2013.01.11 13:40:31.090,1.58885,1.58921,1.13,1.88
2013.01.11 13:40:31.495,1.58885,1.58919,1.13,1.13
2013.01.11 13:40:32.034,1.58885,1.58924,1.13,1.69
2013.01.11 13:40:33.093,1.58885,1.58925,1.62,1.17
2013.01.11 13:40:33.214,1.58885,1.58925,1.13,1.17
2013.01.11 13:40:33.454,1.58885,1.58922,1.13,1.17
2013.01.11 13:40:33.573,1.58885,1.58922,1.13,1.17
2013.01.11 13:40:34.198,1.58884,1.58917,1.13,1.73
2013.01.11 13:40:34.384,1.58885,1.58917,1.13,1.73
2013.01.11 13:40:34.688,1.5888,1.58913,1.13,2.48
2013.01.11 13:40:34.755,1.5888,1.58913,1.13,1.73
2013.01.11 13:40:34.973,1.58877,1.58911,1.21,1.13
2013.01.11 13:40:35.277,1.58877,1.58908,1.74,1.50
2013.01.11 13:40:35.975,1.58873,1.58906,2.88,1.50
2013.01.11 13:40:36.524,1.58874,1.58905,2.25,1.50
2013.01.11 13:40:37.433,1.58881,1.58911,1.13,1.50
2013.01.11 13:40:37.494,1.58882,1.58912,1.13,1.50
2013.01.11 13:40:37.683,1.58882,1.58912,1.13,1.50
2013.01.11 13:40:37.864,1.58878,1.58914,1.17,1.35
2013.01.11 13:40:38.464,1.5888,1.58918,2.16,2.25
2013.01.11 13:40:38.846,1.58882,1.58919,1.13,2.25
2013.01.11 13:40:38.964,1.58878,1.58914,1.35,1.35
2013.01.11 13:40:39.323,1.58873,1.58908,3.38,1.50
2013.01.11 13:40:39.927,1.58874,1.58907,2.63,1.88
2013.01.11 13:40:41.315,1.58873,1.58908,3.38,1.50
2013.01.11 13:40:41.843,1.58873,1.58908,4.32,1.50
2013.01.11 13:40:42.144,1.58874,1.58908,1.01,1.50
2013.01.11 13:40:43.776,1.58874,1.58907,2.63,1.50
2013.01.11 13:40:44.314,1.58873,1.58906,2.42,1.50
2013.01.11 13:40:44.507,1.58873,1.58906,1.88,1.50
2013.01.11 13:40:44.624,1.58873,1.58906,2.10,1.50
2013.01.11 13:40:45.014,1.58873,1.58906,1.88,1.50
2013.01.11 13:40:45.254,1.58873,1.58906,1.13,1.50
2013.01.11 13:40:45.493,1.58873,1.58903,1.13,1.13
2013.01.11 13:40:45.554,1.58871,1.58901,1.13,1.50
2013.01.11 13:40:45.734,1.58867,1.58901,1.53,1.88
2013.01.11 13:40:45.973,1.58866,1.58901,2.10,1.50
2013.01.11 13:40:46.243,1.58862,1.58899,1.65,1.50
2013.01.11 13:40:46.544,1.58866,1.58901,1.17,1.50
2013.01.11 13:40:46.622,1.58872,1.58904,1.73,1.50
2013.01.11 13:40:46.683,1.58874,1.58903,1.73,1.50
2013.01.11 13:40:46.864,1.58873,1.5891,2.63,3.00
2013.01.11 13:40:47.403,1.58872,1.58913,1.49,2.10
2013.01.11 13:40:48.126,1.58873,1.58913,2.63,1.50
2013.01.11 13:40:48.183,1.58873,1.58913,2.63,1.50
2013.01.11 13:40:48.943,1.58872,1.58913,1.73,1.50
2013.01.11 13:40:49.064,1.58872,1.58913,3.26,1.73
2013.01.11 13:40:49.393,1.58877,1.58913,1.13,1.13
2013.01.11 13:40:50.912,1.58872,1.58913,3.21,1.73
2013.01.11 13:40:51.393,1.58873,1.58913,1.17,3.23
2013.01.11 13:40:51.883,1.58874,1.58913,1.41,2.25
2013.01.11 13:40:52.013,1.58874,1.58913,1.17,1.50
2013.01.11 13:40:52.176,1.58874,1.58913,1.64,1.50
2013.01.11 13:40:52.574,1.58874,1.58912,2.41,1.13
2013.01.11 13:40:53.485,1.58883,1.58918,1.13,1.13
2013.01.11 13:40:53.565,1.58883,1.58918,1.13,1.13
2013.01.11 13:40:55.933,1.58891,1.58918,1.13,1.13
2013.01.11 13:40:56.295,1.58883,1.58919,1.32,1.50
2013.01.11 13:40:56.555,1.58879,1.58917,1.99,1.13
2013.01.11 13:40:56.973,1.58881,1.58917,1.75,1.13
2013.01.11 13:40:58.135,1.58881,1.58917,1.17,1.13
2013.01.11 13:40:59.253,1.5888,1.58919,1.17,1.50
2013.01.11 13:40:59.654,1.58885,1.58918,1.94,1.50
2013.01.11 13:40:59.973,1.58879,1.58909,1.13,1.50
2013.01.11 13:41:03.194,1.58871,1.5891,1.02,1.50
2013.01.11 13:41:03.253,1.5887,1.5891,1.44,1.50
2013.01.11 13:41:03.754,1.5887,1.58909,1.35,1.13
2013.01.11 13:41:04.924,1.5887,1.58909,1.26,1.13
2013.01.11 13:41:05.784,1.5888,1.58913,1.13,2.85
2013.01.11 13:41:05.844,1.5888,1.58913,1.13,2.63
2013.01.11 13:41:05.973,1.58879,1.58913,1.13,3.00
2013.01.11 13:41:06.363,1.58875,1.58913,1.13,2.25
2013.01.11 13:41:07.213,1.58876,1.58912,1.13,1.13
2013.01.11 13:41:07.904,1.58876,1.58913,1.13,1.35
2013.01.11 13:41:08.443,1.58879,1.58916,1.13,1.50
2013.01.11 13:41:08.624,1.58877,1.58908,1.10,1.50
2013.01.11 13:41:08.788,1.58876,1.58908,2.25,1.50
2013.01.11 13:41:08.914,1.58877,1.58908,1.19,1.50
2013.01.11 13:41:10.543,1.58871,1.58908,3.25,3.38
2013.01.11 13:41:10.603,1.58872,1.58906,1.17,1.35
2013.01.11 13:41:10.722,1.58872,1.58906,1.17,1.73
2013.01.11 13:41:11.024,1.58872,1.58906,1.17,1.13
2013.01.11 13:41:11.533,1.58871,1.58915,2.52,2.48
2013.01.11 13:41:12.458,1.58872,1.58907,2.07,1.13
2013.01.11 13:41:13.145,1.58872,1.58913,1.32,1.35
2013.01.11 13:41:13.983,1.58872,1.58913,1.32,1.35
2013.01.11 13:41:15.103,1.58872,1.58913,1.32,1.35
2013.01.11 13:41:15.948,1.58871,1.58913,1.77,1.35
2013.01.11 13:41:16.088,1.58869,1.58915,1.79,1.73
2013.01.11 13:41:16.393,1.58869,1.58909,1.79,1.88
2013.01.11 13:41:16.903,1.58869,1.58908,1.79,1.13
2013.01.11 13:41:16.963,1.58871,1.58913,1.13,1.35
2013.01.11 13:41:17.263,1.5887,1.58914,1.50,1.35
2013.01.11 13:41:17.323,1.58871,1.58914,1.13,1.35
2013.01.11 13:41:17.613,1.58871,1.58914,1.76,1.35
2013.01.11 13:41:18.274,1.58872,1.58909,1.13,1.88
2013.01.11 13:41:18.940,1.58872,1.58918,1.39,2.48
2013.01.11 13:41:20.254,1.58872,1.58918,1.39,2.48
2013.01.11 13:41:20.554,1.58874,1.58918,1.54,1.50
2013.01.11 13:41:20.795,1.58881,1.58922,1.62,2.85
2013.01.11 13:41:21.374,1.58881,1.58919,1.62,1.13
2013.01.11 13:41:21.685,1.58879,1.58916,2.63,1.50
2013.01.11 13:41:22.113,1.58881,1.58916,2.10,1.50
2013.01.11 13:41:22.344,1.58881,1.58916,1.88,1.50
2013.01.11 13:41:22.765,1.58878,1.58916,2.25,1.50
2013.01.11 13:41:23.414,1.58878,1.58914,1.35,1.13
2013.01.11 13:41:25.768,1.58877,1.58914,1.88,1.13
2013.01.11 13:41:26.195,1.58877,1.58912,1.13,1.13
2013.01.11 13:41:27.017,1.58877,1.58911,1.13,1.13
2013.01.11 13:41:27.088,1.58873,1.5891,1.35,1.13
2013.01.11 13:41:27.648,1.58871,1.5891,4.13,1.13
2013.01.11 13:41:28.223,1.5887,1.5891,3.75,1.13
2013.01.11 13:41:28.508,1.58871,1.5891,3.75,1.13
2013.01.11 13:41:29.054,1.58872,1.58908,1.73,1.13
2013.01.11 13:41:29.173,1.58872,1.5891,1.73,1.73
2013.01.11 13:41:29.353,1.58871,1.58908,2.10,1.35
2013.01.11 13:41:29.863,1.58869,1.58905,1.35,1.13
2013.01.11 13:41:29.924,1.58868,1.58905,2.25,1.50
2013.01.11 13:41:30.697,1.58867,1.58902,1.73,1.13
2013.01.11 13:41:30.943,1.58867,1.58902,2.22,1.13
2013.01.11 13:41:31.063,1.58867,1.58905,2.22,1.50
2013.01.11 13:41:31.183,1.58867,1.58905,1.47,1.13
2013.01.11 13:41:31.664,1.58869,1.58909,1.38,1.13
2013.01.11 13:41:34.915,1.58871,1.58909,1.88,1.13
2013.01.11 13:41:36.625,1.58871,1.58909,1.88,1.50
2013.01.11 13:41:36.684,1.58868,1.58909,1.73,1.73
2013.01.11 13:41:36.745,1.58867,1.58903,2.10,1.20
2013.01.11 13:41:36.863,1.58868,1.58899,3.23,1.50
2013.01.11 13:41:37.164,1.58868,1.58897,1.73,1.50
2013.01.11 13:41:37.573,1.58868,1.58897,1.50,1.50
2013.01.11 13:41:37.815,1.58868,1.58897,1.50,1.84
2013.01.11 13:41:38.134,1.58868,1.58897,1.50,2.44
2013.01.11 13:41:38.254,1.58868,1.58897,1.50,2.44
2013.01.11 13:41:38.374,1.58862,1.58895,1.17,1.69
2013.01.11 13:41:39.039,1.58856,1.58883,1.35,1.50
2013.01.11 13:41:39.108,1.58856,1.58885,1.35,1.50
2013.01.11 13:41:39.175,1.58857,1.58885,1.20,1.50
2013.01.11 13:41:39.235,1.58857,1.58892,1.95,2.93
2013.01.11 13:41:39.354,1.58858,1.58889,1.20,1.50
2013.01.11 13:41:39.595,1.58857,1.58886,1.54,1.50
2013.01.11 13:41:39.914,1.58857,1.58886,1.92,1.50
2013.01.11 13:41:40.885,1.58856,1.5889,2.67,1.13
2013.01.11 13:41:41.405,1.58857,1.5889,1.32,1.13
2013.01.11 13:41:41.466,1.5886,1.5889,1.50,1.13
2013.01.11 13:41:41.963,1.58866,1.58891,1.35,1.50
2013.01.11 13:41:42.084,1.58866,1.58888,1.35,1.50
2013.01.11 13:41:42.524,1.58866,1.58893,1.35,1.28
2013.01.11 13:41:42.933,1.58866,1.58893,1.35,1.13
2013.01.11 13:41:43.333,1.58866,1.5889,1.35,1.50
2013.01.11 13:41:43.440,1.58866,1.5889,1.35,1.50
2013.01.11 13:41:44.104,1.58866,1.58887,1.35,1.50
2013.01.11 13:41:44.223,1.58865,1.58892,2.10,1.50
2013.01.11 13:41:44.463,1.58865,1.58892,2.10,1.50
2013.01.11 13:41:45.183,1.58865,1.58891,2.10,1.50
2013.01.11 13:41:46.129,1.58865,1.58891,2.10,1.50
2013.01.11 13:41:46.374,1.58865,1.58891,1.35,1.50
2013.01.11 13:41:47.643,1.58866,1.58892,2.10,1.50
2013.01.11 13:41:48.103,1.58866,1.58892,2.10,1.50
2013.01.11 13:41:48.464,1.58866,1.58894,1.73,1.35
2013.01.11 13:41:48.604,1.58866,1.58896,1.73,1.50
2013.01.11 13:41:48.663,1.58865,1.58892,1.73,1.50
2013.01.11 13:41:48.734,1.58865,1.58894,1.73,1.50
2013.01.11 13:41:49.806,1.58869,1.58893,1.73,1.50
2013.01.11 13:41:49.887,1.58869,1.58897,1.73,1.50
2013.01.11 13:41:50.196,1.58866,1.58898,1.73,2.25
2013.01.11 13:41:50.255,1.58871,1.58898,1.13,2.25
2013.01.11 13:41:50.673,1.58857,1.58891,1.27,2.25
2013.01.11 13:41:51.146,1.58853,1.58887,1.69,2.25
2013.01.11 13:41:51.715,1.58851,1.58887,2.25,2.25
2013.01.11 13:41:55.437,1.58859,1.5889,1.88,1.50
2013.01.11 13:41:55.803,1.5886,1.58886,1.88,1.50
2013.01.11 13:41:57.142,1.5886,1.58889,1.88,1.50
2013.01.11 13:41:57.203,1.58863,1.58892,1.88,1.50
2013.01.11 13:41:57.334,1.58863,1.58892,2.35,1.50
2013.01.11 13:41:57.573,1.58864,1.58895,1.73,1.50
2013.01.11 13:41:57.694,1.58872,1.58894,1.88,1.50
2013.01.11 13:41:57.753,1.58871,1.58901,1.88,1.50
2013.01.11 13:41:58.693,1.58873,1.58901,1.29,1.50
2013.01.11 13:41:59.233,1.58877,1.58902,1.25,1.50
2013.01.11 13:41:59.413,1.58878,1.58907,1.40,1.50
2013.01.11 13:42:00.007,1.58878,1.58907,1.13,1.50
2013.01.11 13:42:00.564,1.58878,1.58907,1.88,2.25
2013.01.11 13:42:00.627,1.58874,1.58901,1.88,1.50
2013.01.11 13:42:01.156,1.58873,1.58901,1.73,1.50
2013.01.11 13:42:02.228,1.58873,1.58902,1.73,1.50
2013.01.11 13:42:02.815,1.58874,1.58901,1.88,1.50
2013.01.11 13:42:03.054,1.5887,1.58902,1.35,1.50
2013.01.11 13:42:03.173,1.58874,1.58901,1.13,1.50
2013.01.11 13:42:03.734,1.5887,1.58901,3.15,1.50
2013.01.11 13:42:04.255,1.58869,1.58902,1.88,1.50
2013.01.11 13:42:04.318,1.58869,1.58902,1.88,1.50
2013.01.11 13:42:04.833,1.58867,1.58901,1.88,1.50
2013.01.11 13:42:04.893,1.58866,1.58898,1.73,1.50
2013.01.11 13:42:05.581,1.58866,1.58898,1.73,1.50
2013.01.11 13:42:06.106,1.58869,1.58897,1.73,1.50
2013.01.11 13:42:06.703,1.58869,1.58897,1.73,1.50
2013.01.11 13:42:07.085,1.58869,1.58899,1.73,1.50
2013.01.11 13:42:08.954,1.58869,1.589,1.73,1.50
2013.01.11 13:42:09.193,1.58869,1.589,1.32,1.50
2013.01.11 13:42:09.553,1.58871,1.58895,1.34,1.50
2013.01.11 13:42:09.866,1.58865,1.58893,1.73,1.50
2013.01.11 13:42:10.399,1.58865,1.58893,1.73,1.50
2013.01.11 13:42:11.913,1.58864,1.58892,1.73,1.50
2013.01.11 13:42:12.476,1.58864,1.58894,1.73,1.50
2013.01.11 13:42:13.415,1.58863,1.58897,2.91,1.50
2013.01.11 13:42:13.653,1.58866,1.58894,1.88,1.50
2013.01.11 13:42:13.773,1.58864,1.58896,3.38,1.50
2013.01.11 13:42:13.983,1.58863,1.58893,2.24,1.50
2013.01.11 13:42:14.687,1.5886,1.58893,2.10,1.50
2013.01.11 13:42:15.193,1.5886,1.58892,1.73,1.50
2013.01.11 13:42:16.644,1.58858,1.58894,2.25,2.25
2013.01.11 13:42:17.774,1.58857,1.58893,1.35,1.13
2013.01.11 13:42:17.835,1.58857,1.58893,1.35,1.35
2013.01.11 13:42:18.465,1.5886,1.58893,1.88,1.73
2013.01.11 13:42:18.825,1.58859,1.58891,1.88,1.50
2013.01.11 13:42:19.173,1.5886,1.58893,1.35,1.50
2013.01.11 13:42:20.226,1.58863,1.58892,1.35,1.50
2013.01.11 13:42:20.353,1.58863,1.58894,1.35,2.25
2013.01.11 13:42:22.964,1.5886,1.58893,1.35,1.50
2013.01.11 13:42:26.995,1.58862,1.58892,1.35,1.50
2013.01.11 13:42:27.765,1.58862,1.58892,1.35,1.50
2013.01.11 13:42:28.237,1.58863,1.58892,1.59,1.50
2013.01.11 13:42:29.485,1.58863,1.58892,2.82,1.50
2013.01.11 13:42:30.307,1.58865,1.58894,1.69,1.50
2013.01.11 13:42:30.964,1.58871,1.58896,1.73,1.50
2013.01.11 13:42:32.075,1.58871,1.58893,1.73,1.50
2013.01.11 13:42:36.693,1.58868,1.58893,1.50,1.73
2013.01.11 13:42:36.995,1.58868,1.58893,1.73,1.50
2013.01.11 13:42:37.256,1.58867,1.58893,1.50,1.73
2013.01.11 13:42:37.435,1.58867,1.589,1.73,1.35
2013.01.11 13:42:37.614,1.58866,1.589,1.35,1.73
2013.01.11 13:42:37.675,1.58867,1.589,1.73,1.73
2013.01.11 13:42:38.596,1.58865,1.58898,1.35,2.10
2013.01.11 13:42:40.945,1.58863,1.58894,2.10,1.73
2013.01.11 13:42:41.869,1.58865,1.58899,2.85,2.10
2013.01.11 13:42:41.933,1.58871,1.58899,1.73,1.50
2013.01.11 13:42:42.549,1.58871,1.58902,1.73,1.73
2013.01.11 13:42:43.394,1.58868,1.589,1.38,1.72
2013.01.11 13:42:43.454,1.58867,1.58897,1.88,1.13
2013.01.11 13:42:43.573,1.58867,1.58894,1.13,1.35
2013.01.11 13:42:43.633,1.58867,1.58894,1.88,1.35
2013.01.11 13:42:43.813,1.58865,1.589,3.23,1.13
2013.01.11 13:42:43.874,1.58865,1.589,3.23,1.13
2013.01.11 13:42:44.974,1.58865,1.58902,1.73,1.73
2013.01.11 13:42:45.633,1.58868,1.58902,1.35,2.10
2013.01.11 13:42:45.874,1.58864,1.58902,2.85,3.23
2013.01.11 13:42:46.539,1.58864,1.58901,2.85,1.54
2013.01.11 13:42:48.444,1.58869,1.58898,2.78,1.35
2013.01.11 13:42:48.564,1.58876,1.589,1.73,1.50
2013.01.11 13:42:48.623,1.58876,1.58902,1.73,1.50
2013.01.11 13:42:50.920,1.58881,1.58908,1.73,1.73
2013.01.11 13:42:53.004,1.58881,1.58909,1.73,1.50
2013.01.11 13:42:53.064,1.58886,1.58916,1.73,2.85
2013.01.11 13:42:53.124,1.58889,1.58916,1.73,2.48
2013.01.11 13:42:54.624,1.58888,1.58916,1.73,1.73
2013.01.11 13:42:59.774,1.58891,1.5892,1.73,1.73
2013.01.11 13:43:03.754,1.5889,1.58924,1.35,2.10
2013.01.11 13:43:09.703,1.58888,1.58921,1.35,1.73
2013.01.11 13:43:10.736,1.58886,1.58915,1.73,1.73
2013.01.11 13:43:11.266,1.58886,1.58915,1.73,1.73
2013.01.11 13:43:11.945,1.58885,1.58915,1.73,2.10
2013.01.11 13:43:12.303,1.58883,1.5891,1.13,1.05
2013.01.11 13:43:12.424,1.58888,1.58914,1.50,1.35
2013.01.11 13:43:12.483,1.58888,1.58914,1.50,1.35
2013.01.11 13:43:12.724,1.58888,1.58918,1.73,2.48
2013.01.11 13:43:13.275,1.58884,1.58915,1.73,1.73
2013.01.11 13:43:13.704,1.58883,1.58915,1.35,1.50
2013.01.11 13:43:14.153,1.58888,1.58917,1.73,1.50
2013.01.11 13:43:14.749,1.58886,1.58919,2.48,2.25
2013.01.11 13:43:15.793,1.58888,1.58919,1.73,2.25
2013.01.11 13:43:16.184,1.58887,1.58923,1.73,2.29
2013.01.11 13:43:16.483,1.58886,1.58917,1.73,2.48
2013.01.11 13:43:16.603,1.58886,1.58917,1.73,2.48
2013.01.11 13:43:16.734,1.58885,1.58916,1.73,1.73
2013.01.11 13:43:23.025,1.58886,1.58917,1.50,1.73
2013.01.11 13:43:24.655,1.58886,1.58918,1.73,2.48
2013.01.11 13:43:25.194,1.58886,1.58918,1.73,1.73
2013.01.11 13:43:29.425,1.58886,1.58919,1.78,1.50
2013.01.11 13:43:29.495,1.58886,1.58918,1.35,1.50
2013.01.11 13:43:29.734,1.58891,1.58921,1.73,1.20
2013.01.11 13:43:29.913,1.5889,1.5892,1.88,1.20
2013.01.11 13:43:30.453,1.5889,1.58924,1.88,1.24
2013.01.11 13:43:30.640,1.5889,1.58924,1.88,1.24
2013.01.11 13:43:30.763,1.5889,1.58924,1.88,1.99
2013.01.11 13:43:32.696,1.58892,1.58924,1.13,1.62
2013.01.11 13:43:32.993,1.58897,1.58925,1.35,1.73
2013.01.11 13:43:42.246,1.58894,1.58925,1.35,3.00
2013.01.11 13:43:42.584,1.58882,1.58908,1.50,1.50
2013.01.11 13:43:42.645,1.58882,1.58908,1.50,1.50
2013.01.11 13:43:42.834,1.58887,1.58914,1.50,1.28
2013.01.11 13:43:43.194,1.58887,1.58915,1.73,1.50
2013.01.11 13:43:44.037,1.58883,1.58908,1.73,1.50
2013.01.11 13:43:48.311,1.58883,1.58909,1.73,1.50
2013.01.11 13:43:48.733,1.58883,1.58912,1.73,2.25
2013.01.11 13:43:48.965,1.58883,1.58909,1.73,1.50
2013.01.11 13:43:50.534,1.58886,1.58909,3.00,1.50
2013.01.11 13:43:51.054,1.58886,1.58909,3.53,1.73
2013.01.11 13:43:51.988,1.58886,1.58917,1.13,2.85
2013.01.11 13:43:53.863,1.58886,1.58916,1.13,1.17
2013.01.11 13:43:54.121,1.58885,1.58917,1.35,1.73
2013.01.11 13:43:54.289,1.58885,1.58917,1.35,1.73
2013.01.11 13:43:56.495,1.58884,1.58918,1.50,2.46
2013.01.11 13:43:56.554,1.58882,1.58914,1.13,2.65
2013.01.11 13:43:57.144,1.58883,1.58914,1.35,1.54
2013.01.11 13:43:57.285,1.58884,1.58917,1.73,1.73
2013.01.11 13:43:57.604,1.58886,1.58918,1.13,1.73
2013.01.11 13:43:57.724,1.58886,1.58921,1.35,3.23
2013.01.11 13:43:58.244,1.58891,1.58923,1.35,1.35
2013.01.11 13:43:58.801,1.58891,1.58923,1.35,1.35
2013.01.11 13:43:59.043,1.58888,1.58922,1.35,1.80
2013.01.11 13:43:59.485,1.58889,1.58922,1.35,1.80
2013.01.11 13:44:00.433,1.58889,1.58922,1.13,1.85
2013.01.11 13:44:00.494,1.58889,1.58922,1.35,1.35
2013.01.11 13:44:04.185,1.58891,1.58922,1.13,1.05
2013.01.11 13:44:04.243,1.5889,1.58922,1.13,1.05
2013.01.11 13:44:04.474,1.58887,1.58921,1.35,1.35
2013.01.11 13:44:04.715,1.58887,1.58922,1.35,2.85
2013.01.11 13:44:04.982,1.58888,1.58922,1.35,2.85
2013.01.11 13:44:06.664,1.58887,1.58917,1.73,1.28
2013.01.11 13:44:07.024,1.58882,1.58914,1.35,2.10
2013.01.11 13:44:07.353,1.5888,1.58914,1.35,2.10
2013.01.11 13:44:11.355,1.58872,1.58906,1.35,1.73
2013.01.11 13:44:11.724,1.58869,1.58903,1.35,1.32
2013.01.11 13:44:11.963,1.58869,1.58905,1.35,1.73
2013.01.11 13:44:13.316,1.58866,1.589,1.73,1.73
2013.01.11 13:44:14.287,1.58867,1.58903,1.35,1.73
2013.01.11 13:44:14.775,1.58868,1.58903,1.35,1.73
2013.01.11 13:44:15.159,1.58868,1.58902,1.73,1.73
2013.01.11 13:44:15.671,1.5887,1.58902,1.35,1.73
2013.01.11 13:44:16.782,1.5887,1.58902,1.35,1.73
2013.01.11 13:44:17.366,1.5887,1.58902,1.35,1.73
2013.01.11 13:44:18.208,1.58869,1.58902,1.35,1.73
2013.01.11 13:44:19.911,1.58869,1.58904,1.35,2.48
2013.01.11 13:44:20.096,1.5887,1.58904,1.35,2.85
2013.01.11 13:44:20.356,1.5887,1.58904,1.35,2.63
2013.01.11 13:44:20.416,1.5887,1.58904,1.35,2.97
2013.01.11 13:44:20.774,1.58867,1.58895,1.88,1.50
2013.01.11 13:44:21.003,1.58865,1.58895,1.73,1.50
2013.01.11 13:44:21.357,1.58864,1.58894,4.35,1.50
2013.01.11 13:44:21.606,1.58863,1.58894,2.85,1.50
2013.01.11 13:44:22.176,1.5887,1.58897,2.85,2.25
2013.01.11 13:44:22.484,1.58871,1.58897,1.17,2.25
2013.01.11 13:44:22.844,1.5887,1.589,1.73,2.25
2013.01.11 13:44:23.204,1.58869,1.58902,2.10,2.25
2013.01.11 13:44:23.744,1.58865,1.58901,3.60,2.85
2013.01.11 13:44:24.045,1.58868,1.58899,1.35,1.50
2013.01.11 13:44:24.418,1.58874,1.58903,1.35,1.50
2013.01.11 13:44:24.903,1.58872,1.58903,1.35,1.50
2013.01.11 13:44:25.079,1.58872,1.58903,1.35,2.25
2013.01.11 13:44:25.633,1.5887,1.58901,1.35,1.50
2013.01.11 13:44:25.694,1.58867,1.58901,1.35,1.13
2013.01.11 13:44:26.054,1.58866,1.58899,1.73,2.25
2013.01.11 13:44:26.415,1.58873,1.58903,1.73,1.88
2013.01.11 13:44:26.719,1.58873,1.58907,2.18,2.70
2013.01.11 13:44:26.904,1.58868,1.58907,2.67,3.30
2013.01.11 13:44:27.024,1.58875,1.58907,1.13,2.70
2013.01.11 13:44:27.085,1.58875,1.58908,1.13,1.13
2013.01.11 13:44:27.203,1.58877,1.58908,1.35,1.13
2013.01.11 13:44:27.444,1.58881,1.58914,1.50,2.55
2013.01.11 13:44:27.655,1.58881,1.58913,1.28,1.50
2013.01.11 13:44:27.979,1.58881,1.58913,1.28,1.73
2013.01.11 13:44:28.475,1.58881,1.5891,1.88,1.13
2013.01.11 13:44:28.714,1.58872,1.58908,2.85,1.09
2013.01.11 13:44:29.023,1.58871,1.58903,2.18,2.10
2013.01.11 13:44:29.406,1.58875,1.58903,1.88,2.10
2013.01.11 13:44:29.464,1.58871,1.58903,2.55,2.10
2013.01.11 13:44:29.873,1.58866,1.58903,1.50,2.85
2013.01.11 13:44:30.295,1.58867,1.58901,2.25,1.35
2013.01.11 13:44:31.379,1.58867,1.58901,2.25,1.35
2013.01.11 13:44:31.504,1.58866,1.58904,2.07,1.73
2013.01.11 13:44:31.863,1.5887,1.58902,1.50,1.35
2013.01.11 13:44:32.526,1.58868,1.58902,2.25,1.73
2013.01.11 13:44:32.663,1.58866,1.58903,2.29,1.35
2013.01.11 13:44:32.906,1.58872,1.58905,2.25,2.10
2013.01.11 13:44:33.684,1.58867,1.58902,1.92,1.13
2013.01.11 13:44:34.123,1.58867,1.58903,2.25,1.35
2013.01.11 13:44:34.183,1.58869,1.58903,1.17,1.35
2013.01.11 13:44:34.725,1.58868,1.58903,2.25,1.35
2013.01.11 13:44:34.951,1.58868,1.58902,2.25,1.35
2013.01.11 13:44:38.393,1.58867,1.58899,2.25,1.17
2013.01.11 13:44:38.514,1.58863,1.58897,1.13,4.54
2013.01.11 13:44:39.323,1.58861,1.58891,1.13,1.50
2013.01.11 13:44:40.333,1.58858,1.58891,1.35,1.84
2013.01.11 13:44:40.514,1.58855,1.5889,2.85,1.09
2013.01.11 13:44:40.883,1.58855,1.58891,2.85,2.67
2013.01.11 13:44:41.259,1.58855,1.58887,1.50,1.35
2013.01.11 13:44:41.384,1.58852,1.58887,2.85,1.35
2013.01.11 13:44:41.985,1.58852,1.58887,2.25,1.35
2013.01.11 13:44:42.245,1.58855,1.58887,1.73,1.13
2013.01.11 13:44:42.423,1.58853,1.58888,2.85,1.13
2013.01.11 13:44:42.964,1.58855,1.58889,2.48,1.13
2013.01.11 13:44:49.424,1.58854,1.58887,1.35,1.50
2013.01.11 13:44:49.825,1.58854,1.58887,1.13,1.73
2013.01.11 13:44:49.951,1.58854,1.58887,1.35,1.50
2013.01.11 13:44:50.496,1.58854,1.58887,1.35,1.50
2013.01.11 13:44:51.019,1.58854,1.58887,1.35,1.50
2013.01.11 13:44:52.253,1.58855,1.58888,1.35,1.13
2013.01.11 13:44:53.805,1.58853,1.58889,2.85,1.13
2013.01.11 13:44:55.404,1.58853,1.58889,2.48,1.13
2013.01.11 13:44:59.884,1.58853,1.58891,2.85,1.13
2013.01.11 13:45:00.286,1.58856,1.58892,1.73,1.88
2013.01.11 13:45:00.625,1.5886,1.58892,1.36,1.13
2013.01.11 13:45:00.913,1.58858,1.58892,1.35,1.13
2013.01.11 13:45:01.034,1.58863,1.58892,1.13,1.13
2013.01.11 13:45:01.274,1.58861,1.58897,1.65,1.88
2013.01.11 13:45:01.394,1.58862,1.58897,2.48,1.50
2013.01.11 13:45:01.756,1.58862,1.58898,1.35,1.13
2013.01.11 13:45:05.466,1.58861,1.58897,3.75,1.35
2013.01.11 13:45:05.705,1.5886,1.58893,2.48,1.13
2013.01.11 13:45:06.064,1.5886,1.58894,3.23,2.25
2013.01.11 13:45:06.244,1.5886,1.58894,2.85,2.25
2013.01.11 13:45:06.304,1.5886,1.58894,2.85,2.25
2013.01.11 13:45:06.424,1.5886,1.58894,2.48,2.25
2013.01.11 13:45:06.934,1.5886,1.58894,2.48,2.25
2013.01.11 13:45:10.442,1.58857,1.58892,2.48,2.25
2013.01.11 13:45:12.174,1.58858,1.5889,1.35,1.50
2013.01.11 13:45:12.693,1.58858,1.5889,1.35,1.50
2013.01.11 13:45:13.244,1.58858,1.58889,1.35,1.50
2013.01.11 13:45:13.373,1.58859,1.58892,2.48,1.50
2013.01.11 13:45:14.425,1.58858,1.58892,1.35,1.50
2013.01.11 13:45:14.733,1.58859,1.58894,1.56,1.50
2013.01.11 13:45:15.046,1.58861,1.58888,1.35,1.50
2013.01.11 13:45:15.741,1.58861,1.58894,1.35,1.50
2013.01.11 13:45:16.534,1.58861,1.58894,2.25,1.50
2013.01.11 13:45:16.973,1.58859,1.58894,2.85,1.13
2013.01.11 13:45:17.034,1.58859,1.58894,1.35,1.73
2013.01.11 13:45:17.154,1.58856,1.5889,1.17,2.25
2013.01.11 13:45:17.766,1.58854,1.5889,2.85,1.88
2013.01.11 13:45:19.343,1.58856,1.58886,2.48,1.13
2013.01.11 13:45:19.463,1.58856,1.5889,2.48,1.35
2013.01.11 13:45:20.753,1.58856,1.5889,2.25,1.35
2013.01.11 13:45:22.378,1.58854,1.5889,2.48,2.10
2013.01.11 13:45:22.827,1.58855,1.58886,1.35,3.38
2013.01.11 13:45:23.015,1.58854,1.58885,1.35,1.50
2013.01.11 13:45:23.335,1.58855,1.58888,1.35,1.50
2013.01.11 13:45:24.424,1.58855,1.58889,1.35,3.38
2013.01.11 13:45:26.375,1.58855,1.58885,1.35,1.50
2013.01.11 13:45:27.114,1.58854,1.58886,1.35,2.44
2013.01.11 13:45:28.745,1.58854,1.58885,1.13,1.50
2013.01.11 13:45:29.500,1.58856,1.58884,1.13,1.50
2013.01.11 13:45:30.053,1.58856,1.58883,1.13,2.25
2013.01.11 13:45:30.178,1.58855,1.58888,1.13,1.73
2013.01.11 13:45:31.955,1.58855,1.58888,2.25,1.73
2013.01.11 13:45:32.133,1.58854,1.58884,2.25,1.13
2013.01.11 13:45:32.855,1.58853,1.58884,1.35,2.25
2013.01.11 13:45:36.437,1.58852,1.58886,1.35,3.19
2013.01.11 13:45:36.684,1.58858,1.58886,1.35,3.00
2013.01.11 13:45:37.250,1.58858,1.58886,1.35,1.50
2013.01.11 13:45:37.759,1.58858,1.58887,1.35,1.50
2013.01.11 13:45:37.970,1.58858,1.58887,1.35,1.50
2013.01.11 13:45:38.155,1.58856,1.58885,1.35,1.09
2013.01.11 13:45:38.465,1.58855,1.58885,1.50,1.84
2013.01.11 13:45:39.158,1.5885,1.58882,2.10,1.50
2013.01.11 13:45:39.578,1.5885,1.5888,1.35,1.50
2013.01.11 13:45:41.137,1.58854,1.58881,1.35,1.50
2013.01.11 13:45:41.194,1.58855,1.58884,1.50,1.50
2013.01.11 13:45:41.255,1.58855,1.58887,1.50,1.50
2013.01.11 13:45:41.615,1.58858,1.58889,1.35,1.50
2013.01.11 13:45:43.318,1.58855,1.58886,1.73,1.50
2013.01.11 13:45:43.914,1.58854,1.58886,1.73,3.00
2013.01.11 13:45:44.454,1.5885,1.58884,1.35,1.50
2013.01.11 13:45:44.573,1.5885,1.58884,1.35,2.25
2013.01.11 13:45:47.095,1.5885,1.58884,1.35,2.25
2013.01.11 13:45:47.276,1.5885,1.58878,1.35,1.50
2013.01.11 13:45:47.816,1.5885,1.58878,1.35,1.50
2013.01.11 13:45:48.294,1.58852,1.58884,1.35,2.44
2013.01.11 13:45:48.893,1.58855,1.58887,1.35,1.28
2013.01.11 13:45:50.118,1.58855,1.58882,1.35,1.50
2013.01.11 13:45:50.674,1.58855,1.58882,1.35,1.50
2013.01.11 13:45:51.017,1.58854,1.58886,1.35,2.44
2013.01.11 13:45:51.135,1.58855,1.58884,1.35,1.50
2013.01.11 13:45:52.164,1.58853,1.58885,1.35,1.50
2013.01.11 13:45:52.590,1.58853,1.58881,1.35,1.50
2013.01.11 13:45:53.134,1.58853,1.5888,1.35,1.50
2013.01.11 13:45:54.507,1.58854,1.58884,1.35,1.50
2013.01.11 13:45:55.018,1.58854,1.58883,1.35,1.50
2013.01.11 13:45:55.144,1.58854,1.58881,1.35,1.50
2013.01.11 13:45:55.846,1.58854,1.5888,1.35,1.50
2013.01.11 13:45:57.265,1.58854,1.58884,1.35,1.88
2013.01.11 13:45:57.787,1.58854,1.58877,1.35,1.50
2013.01.11 13:45:58.304,1.58854,1.58878,1.35,1.50
2013.01.11 13:45:58.714,1.58858,1.58878,1.35,1.50
2013.01.11 13:45:58.904,1.58858,1.5888,1.35,1.50
2013.01.11 13:45:59.195,1.58858,1.58886,1.35,4.88
2013.01.11 13:45:59.845,1.58858,1.58881,1.35,1.50
2013.01.11 13:46:02.315,1.58858,1.58881,1.13,1.50
2013.01.11 13:46:02.538,1.58858,1.58886,1.13,1.65
2013.01.11 13:46:02.605,1.58858,1.58881,1.13,1.50
2013.01.11 13:46:02.795,1.58858,1.58886,1.13,1.73
2013.01.11 13:46:02.984,1.58858,1.5888,1.13,1.50
2013.01.11 13:46:03.929,1.58858,1.58881,1.35,1.50
2013.01.11 13:46:05.964,1.58851,1.58882,1.35,1.50
2013.01.11 13:46:06.083,1.58849,1.58882,1.35,1.50
2013.01.11 13:46:14.844,1.5885,1.58882,1.35,1.50
2013.01.11 13:46:24.724,1.5885,1.58882,1.35,1.50
2013.01.11 13:46:31.305,1.5885,1.58881,1.35,1.50
2013.01.11 13:46:31.855,1.5885,1.58882,1.35,2.25
2013.01.11 13:46:32.454,1.5885,1.58882,1.35,2.25
2013.01.11 13:46:33.057,1.5885,1.58882,1.13,2.10
2013.01.11 13:46:33.785,1.5885,1.58882,1.35,1.88
2013.01.11 13:46:35.300,1.5885,1.58885,1.35,2.10
2013.01.11 13:46:35.423,1.58851,1.58885,1.35,1.35
2013.01.11 13:46:35.996,1.58853,1.58886,1.35,2.63
2013.01.11 13:46:38.601,1.58853,1.58888,1.35,1.88
2013.01.11 13:46:39.153,1.58857,1.5889,1.35,1.50
2013.01.11 13:46:43.224,1.58857,1.5889,1.35,1.50
2013.01.11 13:46:46.924,1.58853,1.5889,2.25,1.88
2013.01.11 13:46:47.045,1.58853,1.58885,2.63,1.35
2013.01.11 13:46:47.344,1.58856,1.58888,1.13,1.73
2013.01.11 13:46:47.646,1.58858,1.58888,1.35,1.50
2013.01.11 13:46:47.718,1.58858,1.58888,1.35,1.50
2013.01.11 13:46:48.205,1.58858,1.58888,1.80,1.50
2013.01.11 13:46:48.904,1.58859,1.58888,1.56,1.50
2013.01.11 13:46:49.206,1.58859,1.58894,2.99,1.20
2013.01.11 13:46:49.324,1.58869,1.58899,1.35,1.95
2013.01.11 13:46:50.034,1.58869,1.58899,1.35,1.13
2013.01.11 13:46:50.355,1.58869,1.58899,1.35,2.25
2013.01.11 13:46:56.955,1.58865,1.589,3.00,1.73
2013.01.11 13:46:57.075,1.58865,1.58898,1.35,2.63
2013.01.11 13:47:01.725,1.58865,1.58897,1.35,1.50
2013.01.11 13:47:01.904,1.5886,1.58898,3.00,4.73
2013.01.11 13:47:01.964,1.5886,1.58898,3.00,4.88
2013.01.11 13:47:02.267,1.58861,1.58898,1.35,1.95
2013.01.11 13:47:02.819,1.58861,1.58896,1.35,2.63
2013.01.11 13:47:09.914,1.58863,1.58894,1.73,1.05
2013.01.11 13:47:10.441,1.58863,1.58894,1.73,1.20
2013.01.11 13:47:10.654,1.58863,1.58894,1.50,2.18
2013.01.11 13:47:10.715,1.5886,1.58894,1.50,2.18
2013.01.11 13:47:10.835,1.58858,1.58889,1.73,1.50
2013.01.11 13:47:10.894,1.5886,1.5889,1.50,1.95
2013.01.11 13:47:11.013,1.5886,1.5889,2.10,1.20
2013.01.11 13:47:14.105,1.58859,1.58888,2.10,1.50
2013.01.11 13:47:19.402,1.58859,1.58888,1.88,1.73
2013.01.11 13:47:19.524,1.58854,1.58887,2.85,2.25
2013.01.11 13:47:20.092,1.58854,1.58887,2.85,2.25
2013.01.11 13:47:20.154,1.58854,1.58887,2.85,2.25
2013.01.11 13:47:23.013,1.58853,1.58886,2.48,2.25
2013.01.11 13:47:23.074,1.58855,1.58888,1.35,1.50
2013.01.11 13:47:24.464,1.58856,1.58888,3.60,1.17
2013.01.11 13:47:24.523,1.58856,1.58888,2.85,1.17
2013.01.11 13:47:26.884,1.58856,1.58888,1.35,1.32
2013.01.11 13:47:26.944,1.58856,1.58889,1.35,1.17
2013.01.11 13:47:27.315,1.58859,1.58893,3.23,2.25
2013.01.11 13:47:27.868,1.58859,1.58893,3.23,2.25
2013.01.11 13:47:32.764,1.58859,1.58893,3.23,2.25
2013.01.11 13:47:32.946,1.58859,1.58893,3.00,2.25
2013.01.11 13:47:33.543,1.58859,1.58893,3.23,2.25
2013.01.11 13:47:33.813,1.58861,1.58894,3.23,1.13
2013.01.11 13:47:34.365,1.58861,1.58892,3.23,2.25
2013.01.11 13:47:34.922,1.58861,1.5889,1.73,1.50
2013.01.11 13:47:36.876,1.58861,1.58891,1.73,1.50
2013.01.11 13:47:38.004,1.58861,1.58893,1.73,2.25
2013.01.11 13:47:38.256,1.58865,1.58896,1.13,2.25
2013.01.11 13:47:38.316,1.58864,1.58899,2.63,1.13
2013.01.11 13:47:39.306,1.5887,1.58902,1.35,2.03
2013.01.11 13:47:39.545,1.58868,1.589,1.35,2.63
2013.01.11 13:47:40.646,1.58868,1.589,1.35,1.13
2013.01.11 13:47:40.833,1.58868,1.589,1.35,1.13
2013.01.11 13:47:41.814,1.58869,1.58901,1.35,1.50
2013.01.11 13:47:42.144,1.58869,1.58901,1.35,1.20
2013.01.11 13:47:42.216,1.58869,1.58901,1.35,1.50
2013.01.11 13:47:42.865,1.58869,1.589,1.35,1.13
2013.01.11 13:47:43.473,1.58865,1.58897,1.35,1.20
2013.01.11 13:47:44.054,1.58863,1.58893,1.73,1.13
2013.01.11 13:47:44.753,1.58862,1.58892,1.35,1.13
2013.01.11 13:47:47.744,1.58862,1.58892,1.35,1.13
2013.01.11 13:47:52.679,1.58862,1.58892,1.35,1.13
2013.01.11 13:47:53.875,1.58861,1.58892,1.35,1.13
2013.01.11 13:47:54.304,1.58862,1.58892,1.35,1.13
2013.01.11 13:47:54.604,1.58862,1.58892,1.35,1.13
2013.01.11 13:47:54.724,1.58859,1.5889,1.13,1.13
2013.01.11 13:47:55.284,1.58859,1.58889,1.13,1.13
2013.01.11 13:47:58.604,1.58859,1.58892,1.13,1.50
2013.01.11 13:47:58.724,1.58862,1.58892,1.35,1.50
2013.01.11 13:47:59.025,1.58858,1.5889,1.13,1.13
2013.01.11 13:48:01.336,1.58858,1.5889,1.13,1.13
2013.01.11 13:48:03.173,1.58858,1.58891,1.13,1.88
2013.01.11 13:48:06.284,1.58859,1.5889,1.13,1.13
2013.01.11 13:48:13.933,1.58862,1.58892,1.13,1.13
2013.01.11 13:48:13.994,1.58862,1.58892,1.13,1.13
2013.01.11 13:48:14.504,1.58862,1.58892,1.35,1.13
2013.01.11 13:48:14.714,1.58862,1.58892,1.35,1.13
2013.01.11 13:48:15.405,1.58862,1.58892,1.35,1.50
2013.01.11 13:48:15.914,1.58862,1.58895,1.35,1.69
2013.01.11 13:48:20.713,1.58863,1.58894,1.35,1.88
2013.01.11 13:48:26.016,1.58863,1.58896,2.48,1.17
2013.01.11 13:48:26.894,1.58864,1.58896,1.35,1.92
2013.01.11 13:48:27.254,1.58864,1.58895,1.35,2.25
2013.01.11 13:48:27.373,1.58864,1.58893,1.35,1.50
2013.01.11 13:48:28.713,1.5886,1.58894,3.23,1.50
2013.01.11 13:48:30.623,1.58859,1.58891,2.85,1.50
2013.01.11 13:48:30.923,1.58854,1.58885,1.88,1.50
2013.01.11 13:48:31.704,1.58854,1.58884,1.50,1.50
2013.01.11 13:48:31.884,1.58849,1.58884,2.85,2.10
2013.01.11 13:48:31.944,1.58849,1.58884,2.85,2.10
2013.01.11 13:48:32.003,1.58852,1.58884,1.35,1.88
2013.01.11 13:48:32.703,1.58853,1.58883,1.50,1.35
2013.01.11 13:48:32.827,1.58849,1.58883,2.85,1.35
2013.01.11 13:48:33.933,1.5885,1.58883,1.13,1.35
2013.01.11 13:48:34.013,1.58849,1.58883,1.13,1.35
2013.01.11 13:48:34.646,1.58849,1.58883,1.13,1.35
2013.01.11 13:48:35.034,1.58853,1.58884,1.73,1.50
2013.01.11 13:48:35.774,1.58853,1.58884,1.50,1.73
2013.01.11 13:48:35.834,1.58848,1.58884,3.60,1.35
2013.01.11 13:48:36.463,1.58849,1.58882,1.13,1.35
2013.01.11 13:48:36.523,1.58852,1.58883,1.35,1.13
2013.01.11 13:48:36.644,1.5885,1.58883,1.35,1.13
2013.01.11 13:48:36.765,1.58849,1.58884,1.88,1.54
2013.01.11 13:48:39.654,1.58849,1.58883,1.88,1.73
2013.01.11 13:48:39.774,1.58852,1.58883,1.35,1.13
2013.01.11 13:48:43.393,1.58851,1.58882,2.85,1.50
2013.01.11 13:48:45.308,1.58851,1.58885,1.73,2.25
2013.01.11 13:48:56.335,1.58852,1.58883,1.73,1.13
2013.01.11 13:48:56.454,1.58852,1.58883,1.73,1.13
2013.01.11 13:48:58.684,1.58849,1.58882,1.73,1.13
2013.01.11 13:48:59.224,1.58852,1.58884,1.73,1.13
2013.01.11 13:49:01.338,1.58853,1.58884,1.73,1.13
2013.01.11 13:49:05.294,1.58851,1.58883,1.73,1.88
2013.01.11 13:49:10.274,1.58851,1.58883,1.73,1.13
2013.01.11 13:49:10.813,1.58851,1.58883,1.73,1.13
2013.01.11 13:49:12.476,1.58851,1.58883,1.73,1.13
2013.01.11 13:49:13.194,1.58849,1.5888,1.73,1.13
2013.01.11 13:49:13.254,1.58849,1.5888,1.73,1.13
2013.01.11 13:49:13.655,1.58849,1.58879,1.73,1.13
2013.01.11 13:49:14.014,1.58847,1.58879,1.35,1.13
2013.01.11 13:49:14.334,1.58847,1.5888,1.35,3.38
2013.01.11 13:49:14.460,1.58847,1.5888,2.10,1.88
2013.01.11 13:49:15.156,1.58849,1.58878,1.73,1.50
2013.01.11 13:49:15.775,1.58849,1.58879,1.73,1.50
2013.01.11 13:49:24.205,1.5885,1.58878,2.48,1.50
2013.01.11 13:49:25.719,1.58848,1.58878,4.13,1.50
2013.01.11 13:49:26.388,1.58849,1.5888,2.48,1.88
2013.01.11 13:49:27.035,1.58848,1.58881,1.73,1.13
2013.01.11 13:49:27.645,1.58848,1.5888,3.23,1.50
2013.01.11 13:49:30.154,1.58852,1.5888,1.35,1.50
2013.01.11 13:49:30.854,1.58852,1.58881,1.35,1.50
2013.01.11 13:49:31.205,1.58848,1.58882,1.73,2.63
2013.01.11 13:49:31.264,1.58848,1.58882,1.73,2.63
2013.01.11 13:49:31.625,1.58844,1.5888,1.73,1.13
2013.01.11 13:49:33.074,1.58844,1.58878,1.73,1.13
2013.01.11 13:49:34.946,1.58844,1.58878,1.73,1.13
2013.01.11 13:49:36.017,1.58846,1.5888,2.10,1.50
2013.01.11 13:49:36.265,1.58846,1.58879,2.10,1.50
2013.01.11 13:49:36.599,1.58844,1.58877,1.73,1.50
2013.01.11 13:49:38.484,1.5884,1.58871,1.35,1.50
2013.01.11 13:49:38.664,1.58839,1.58865,1.50,1.50
2013.01.11 13:49:39.375,1.58839,1.58868,1.73,1.13
2013.01.11 13:49:39.614,1.58839,1.58865,1.73,1.50
2013.01.11 13:49:39.914,1.5884,1.58873,3.60,1.50
2013.01.11 13:49:40.034,1.58841,1.58877,2.48,1.13
2013.01.11 13:49:41.505,1.58841,1.58875,2.48,1.13
2013.01.11 13:49:41.635,1.58841,1.58875,2.48,1.13
2013.01.11 13:49:45.965,1.5884,1.58874,3.00,1.13
2013.01.11 13:49:47.129,1.58841,1.58875,2.48,1.13
2013.01.11 13:49:47.935,1.58841,1.58875,2.48,1.13
2013.01.11 13:49:48.019,1.58841,1.58875,2.48,1.13
2013.01.11 13:49:49.985,1.5884,1.58874,2.25,1.13
2013.01.11 13:49:50.538,1.5884,1.58873,1.35,1.13
2013.01.11 13:49:51.935,1.58847,1.58878,1.13,1.13
2013.01.11 13:49:51.994,1.58848,1.58879,1.65,1.35
2013.01.11 13:49:52.054,1.58848,1.58879,1.88,1.13
2013.01.11 13:49:52.174,1.58847,1.58881,1.35,1.50
2013.01.11 13:49:52.415,1.58845,1.58878,1.73,1.50
2013.01.11 13:49:52.774,1.58841,1.58878,2.85,1.50
2013.01.11 13:49:53.255,1.58844,1.58878,1.13,1.35
2013.01.11 13:49:53.434,1.58843,1.58876,1.88,1.13
2013.01.11 13:49:54.391,1.58842,1.58874,2.10,1.13
2013.01.11 13:49:54.515,1.58842,1.58874,2.10,1.13
2013.01.11 13:49:56.404,1.58842,1.58874,1.35,1.13
2013.01.11 13:49:57.582,1.58842,1.58875,1.35,1.13
2013.01.11 13:49:58.004,1.58841,1.58873,1.73,1.13
2013.01.11 13:49:58.667,1.58841,1.58872,1.73,1.13
2013.01.11 13:49:59.265,1.58841,1.58872,1.73,1.13
2013.01.11 13:49:59.324,1.58841,1.58874,1.73,1.13
2013.01.11 13:49:59.504,1.58842,1.58874,1.35,1.13
2013.01.11 13:49:59.783,1.58842,1.58875,1.35,1.13
2013.01.11 13:50:00.354,1.58842,1.58875,1.35,1.13
2013.01.11 13:50:00.474,1.5884,1.58875,1.73,1.13
2013.01.11 13:50:00.704,1.5884,1.58875,1.73,1.35
2013.01.11 13:50:01.506,1.58841,1.58874,1.35,1.13
2013.01.11 13:50:01.566,1.58842,1.58875,1.35,1.13
2013.01.11 13:50:01.625,1.58842,1.58875,1.35,1.13
2013.01.11 13:50:02.087,1.58842,1.58875,1.94,1.13
2013.01.11 13:50:02.217,1.58842,1.58875,1.35,1.13
2013.01.11 13:50:02.736,1.58844,1.58875,1.35,1.13
2013.01.11 13:50:02.975,1.58844,1.58875,1.35,1.13
2013.01.11 13:50:03.516,1.58846,1.5888,1.35,1.13
2013.01.11 13:50:03.920,1.58846,1.58883,1.35,2.25
2013.01.11 13:50:04.044,1.58846,1.58879,1.35,1.50
2013.01.11 13:50:04.814,1.58846,1.5888,1.35,1.13
2013.01.11 13:50:05.125,1.58848,1.58881,1.35,1.13
2013.01.11 13:50:05.244,1.58848,1.58881,1.35,1.13
2013.01.11 13:50:05.304,1.58845,1.58881,1.35,1.13
2013.01.11 13:50:05.896,1.58849,1.58883,1.65,1.13
2013.01.11 13:50:06.403,1.58846,1.58881,2.48,1.13
2013.01.11 13:50:07.334,1.58845,1.58878,2.85,1.13
2013.01.11 13:50:07.875,1.58849,1.58878,1.50,1.13
2013.01.11 13:50:09.770,1.58847,1.58881,1.73,1.35
2013.01.11 13:50:09.847,1.5885,1.58879,1.50,1.13
2013.01.11 13:50:10.573,1.58847,1.58879,1.73,2.63
2013.01.11 13:50:10.904,1.58847,1.58874,1.73,1.88
2013.01.11 13:50:11.164,1.58844,1.58877,2.48,2.63
2013.01.11 13:50:12.034,1.58843,1.58872,1.35,1.88
2013.01.11 13:50:12.548,1.58843,1.58873,1.35,1.50
2013.01.11 13:50:12.995,1.58843,1.58873,1.13,1.73
2013.01.11 13:50:13.509,1.58844,1.58873,1.35,2.25
2013.01.11 13:50:13.994,1.58848,1.58871,1.35,1.50
2013.01.11 13:50:14.234,1.58848,1.58874,1.35,1.50
2013.01.11 13:50:15.744,1.58846,1.58874,1.88,1.50
2013.01.11 13:50:16.276,1.58845,1.58873,1.35,1.50
2013.01.11 13:50:19.916,1.58847,1.58878,1.73,3.38
2013.01.11 13:50:19.988,1.58851,1.58878,1.88,1.50
2013.01.11 13:50:20.295,1.58852,1.58883,1.35,1.13
2013.01.11 13:50:21.165,1.5885,1.58886,1.35,1.13
2013.01.11 13:50:22.194,1.58851,1.58885,2.10,1.13
2013.01.11 13:50:22.735,1.58852,1.58885,1.35,1.13
2013.01.11 13:50:22.975,1.58852,1.58886,1.13,1.13
2013.01.11 13:50:23.806,1.58848,1.58885,1.35,1.13
2013.01.11 13:50:24.114,1.58848,1.58886,1.35,1.88
2013.01.11 13:50:24.953,1.58848,1.58886,1.35,1.13
2013.01.11 13:50:25.404,1.58848,1.58885,1.35,1.13
2013.01.11 13:50:26.044,1.58848,1.58882,1.35,1.09
2013.01.11 13:50:26.346,1.58847,1.58876,1.13,2.44
2013.01.11 13:50:26.705,1.58847,1.58872,1.13,1.17
2013.01.11 13:50:26.946,1.58847,1.58874,1.13,1.69
2013.01.11 13:50:27.006,1.58847,1.58874,1.13,2.07
2013.01.11 13:50:27.365,1.58843,1.58868,1.13,2.25
2013.01.11 13:50:27.506,1.58843,1.58873,1.13,1.50
2013.01.11 13:50:27.745,1.58843,1.58878,1.13,1.32
2013.01.11 13:50:27.924,1.58843,1.58876,1.13,1.32
2013.01.11 13:50:28.532,1.58841,1.58875,1.13,2.07
2013.01.11 13:50:28.840,1.58836,1.5887,3.60,2.25
2013.01.11 13:50:28.957,1.58843,1.5887,1.13,1.50
2013.01.11 13:50:30.556,1.58843,1.58871,1.13,1.50
2013.01.11 13:50:31.326,1.58843,1.58874,1.13,2.63
2013.01.11 13:50:31.436,1.58843,1.58871,1.13,1.50
2013.01.11 13:50:31.854,1.58843,1.58874,1.13,1.69
2013.01.11 13:50:32.214,1.58843,1.58876,1.13,1.13
2013.01.11 13:50:32.625,1.58843,1.58875,1.13,1.13
2013.01.11 13:50:32.934,1.58846,1.58879,1.35,1.13
2013.01.11 13:50:33.466,1.58846,1.58874,2.25,1.50
2013.01.11 13:50:34.188,1.58846,1.58876,2.25,1.50
2013.01.11 13:50:34.315,1.58846,1.58876,2.25,1.50
2013.01.11 13:50:34.874,1.58846,1.58876,1.35,1.50
2013.01.11 13:50:35.234,1.58846,1.58874,1.35,1.50
2013.01.11 13:50:35.718,1.58849,1.5888,1.88,2.97
2013.01.11 13:50:36.025,1.58849,1.5888,1.88,1.69
2013.01.11 13:50:36.144,1.58849,1.5888,1.88,1.69
2013.01.11 13:50:36.645,1.58849,1.58879,1.13,3.19
2013.01.11 13:50:36.765,1.58846,1.58876,1.35,1.50
2013.01.11 13:50:37.574,1.58846,1.58875,1.35,1.50
2013.01.11 13:50:38.219,1.58842,1.58876,1.35,1.50
2013.01.11 13:50:38.666,1.58842,1.58872,1.35,1.50
2013.01.11 13:50:39.016,1.58843,1.58872,1.88,1.50
2013.01.11 13:50:39.075,1.58843,1.58874,1.88,1.50
2013.01.11 13:50:39.149,1.58843,1.58872,1.88,1.50
2013.01.11 13:50:40.770,1.58844,1.58873,1.88,1.50
2013.01.11 13:50:40.954,1.5884,1.58874,1.88,1.50
2013.01.11 13:50:41.917,1.5884,1.58878,2.25,1.13
2013.01.11 13:50:42.513,1.5884,1.58874,2.25,1.50
2013.01.11 13:50:45.908,1.58843,1.58874,1.88,1.50
2013.01.11 13:50:46.156,1.58841,1.58874,1.35,1.50
2013.01.11 13:50:47.355,1.58841,1.58872,1.35,1.50
2013.01.11 13:50:47.995,1.58841,1.58871,1.35,1.50
2013.01.11 13:50:48.617,1.58839,1.5887,2.25,1.88
2013.01.11 13:50:48.934,1.58839,1.58864,1.35,1.50
2013.01.11 13:50:49.294,1.58838,1.58864,1.35,1.50
2013.01.11 13:50:49.415,1.58838,1.58864,1.87,1.50
2013.01.11 13:50:50.255,1.58841,1.5887,1.35,1.50
2013.01.11 13:50:56.455,1.58838,1.58867,1.50,1.50
2013.01.11 13:50:56.575,1.58836,1.58867,1.73,1.50
2013.01.11 13:50:56.705,1.58836,1.58867,1.50,1.73
2013.01.11 13:50:57.004,1.58836,1.58869,1.35,1.13
2013.01.11 13:50:57.244,1.58836,1.58869,1.35,1.13
2013.01.11 13:50:58.087,1.58836,1.58869,1.35,1.13
2013.01.11 13:50:58.865,1.58829,1.5886,2.48,1.50
2013.01.11 13:50:58.984,1.58829,1.58864,1.92,2.25
2013.01.11 13:50:59.165,1.58838,1.58871,1.65,4.69
2013.01.11 13:50:59.504,1.58837,1.58871,2.25,1.47
2013.01.11 13:51:00.126,1.58839,1.58872,1.35,1.50
2013.01.11 13:51:00.675,1.58839,1.58872,1.35,1.13
2013.01.11 13:51:01.233,1.58841,1.58874,2.48,1.13
2013.01.11 13:51:01.534,1.58841,1.58874,3.50,1.13
2013.01.11 13:51:01.595,1.58847,1.58882,1.35,1.88
2013.01.11 13:51:01.777,1.58847,1.58882,1.35,1.88
2013.01.11 13:51:01.893,1.58847,1.58879,1.35,1.13
2013.01.11 13:51:02.442,1.58847,1.58879,1.35,1.13
2013.01.11 13:51:03.099,1.58846,1.58882,1.35,1.13
2013.01.11 13:51:04.254,1.58846,1.58878,1.35,1.13
2013.01.11 13:51:05.185,1.58844,1.58878,1.35,1.73
2013.01.11 13:51:05.684,1.58842,1.58879,1.35,1.73
2013.01.11 13:51:05.745,1.58842,1.58878,1.35,2.10
2013.01.11 13:51:05.973,1.58841,1.58874,1.73,1.13
2013.01.11 13:51:06.085,1.5884,1.58875,2.29,1.35
2013.01.11 13:51:06.206,1.58842,1.58876,1.88,1.13
2013.01.11 13:51:06.265,1.58842,1.58877,1.88,1.13
2013.01.11 13:51:06.768,1.58845,1.58877,1.35,1.50
2013.01.11 13:51:06.914,1.58848,1.5888,1.65,1.13
2013.01.11 13:51:07.273,1.58852,1.58879,1.35,1.50
2013.01.11 13:51:09.175,1.58853,1.58884,1.73,1.50
2013.01.11 13:51:09.234,1.5886,1.58884,1.50,1.50
2013.01.11 13:51:09.775,1.58858,1.58884,1.35,1.50
2013.01.11 13:51:10.505,1.58858,1.58891,2.82,1.13
2013.01.11 13:51:10.578,1.5886,1.58893,1.73,1.13
2013.01.11 13:51:11.115,1.5886,1.58893,1.73,1.13
2013.01.11 13:51:11.235,1.5886,1.58893,1.73,1.13
2013.01.11 13:51:11.804,1.5886,1.58893,1.13,2.10
2013.01.11 13:51:11.864,1.58859,1.58892,1.35,1.35
2013.01.11 13:51:12.899,1.58857,1.58892,2.48,1.35
2013.01.11 13:51:25.336,1.58855,1.58889,1.35,1.13
2013.01.11 13:51:25.727,1.58862,1.58894,2.63,1.13
2013.01.11 13:51:26.894,1.58864,1.58894,1.35,1.13
2013.01.11 13:51:27.254,1.58864,1.58894,1.35,2.63
2013.01.11 13:51:27.444,1.58864,1.58894,1.73,2.63
2013.01.11 13:51:27.894,1.58867,1.58899,1.35,1.13
2013.01.11 13:51:31.074,1.58867,1.58896,1.73,1.50
2013.01.11 13:51:31.134,1.58867,1.58896,1.50,1.73
2013.01.11 13:51:31.254,1.58858,1.58892,1.50,1.73
2013.01.11 13:51:31.314,1.58858,1.58892,1.50,1.73
2013.01.11 13:51:31.376,1.58856,1.58889,1.73,2.48
2013.01.11 13:51:33.037,1.58855,1.58887,3.60,1.13
2013.01.11 13:51:33.682,1.58857,1.58887,1.13,1.13
2013.01.11 13:51:33.874,1.5886,1.58894,1.35,1.13
2013.01.11 13:51:34.786,1.58861,1.58894,1.17,1.13
2013.01.11 13:51:35.224,1.58857,1.58893,1.69,1.35
2013.01.11 13:51:35.284,1.58856,1.58892,1.69,1.73
2013.01.11 13:51:35.584,1.58856,1.58888,1.69,1.13
2013.01.11 13:51:36.640,1.58858,1.58888,1.50,1.13
2013.01.11 13:51:36.710,1.58857,1.58888,2.25,1.13
2013.01.11 13:51:39.567,1.58856,1.58888,1.69,1.13
2013.01.11 13:51:40.665,1.58858,1.58888,1.50,1.13
2013.01.11 13:51:41.872,1.58858,1.5889,1.88,1.35
2013.01.11 13:51:42.195,1.5886,1.58894,1.35,1.13
2013.01.11 13:51:42.725,1.5886,1.58894,1.54,1.13
2013.01.11 13:51:43.424,1.5886,1.58893,1.17,1.13
2013.01.11 13:51:43.604,1.58857,1.58893,1.69,3.60
2013.01.11 13:51:44.230,1.58858,1.58888,1.69,1.35
2013.01.11 13:51:44.809,1.58856,1.58889,1.92,1.35
2013.01.11 13:51:45.580,1.58858,1.58889,1.50,1.35
2013.01.11 13:51:46.335,1.58858,1.58889,1.50,1.35
2013.01.11 13:51:46.663,1.58858,1.58889,1.50,1.35
2013.01.11 13:51:49.115,1.58856,1.58888,1.69,1.35
2013.01.11 13:51:51.224,1.58856,1.58888,1.92,1.13
2013.01.11 13:51:51.584,1.58861,1.58893,1.54,1.13
2013.01.11 13:51:52.209,1.58861,1.58893,1.54,1.13
2013.01.11 13:51:54.444,1.58861,1.58893,1.35,1.13
2013.01.11 13:51:55.000,1.58861,1.58893,1.54,1.13
2013.01.11 13:51:55.665,1.58861,1.58894,2.10,1.13
2013.01.11 13:51:59.180,1.58861,1.58893,1.32,1.35
2013.01.11 13:51:59.604,1.58862,1.58893,1.50,1.13
2013.01.11 13:52:00.095,1.5886,1.58893,1.73,1.13
2013.01.11 13:52:00.626,1.5886,1.58893,1.17,1.13
2013.01.11 13:52:06.309,1.58857,1.58891,1.17,1.35
2013.01.11 13:52:06.978,1.58851,1.58889,2.29,1.35
2013.01.11 13:52:07.256,1.58851,1.58885,2.10,1.35
2013.01.11 13:52:07.935,1.58851,1.58885,1.13,1.35
2013.01.11 13:52:08.484,1.58847,1.58882,3.19,2.48
2013.01.11 13:52:09.084,1.58851,1.58884,2.10,1.35
2013.01.11 13:52:11.434,1.58849,1.58883,1.69,1.35
2013.01.11 13:52:11.494,1.58847,1.58883,1.69,2.10
2013.01.11 13:52:12.100,1.58846,1.58883,1.69,1.73
2013.01.11 13:52:12.225,1.58849,1.58883,1.92,1.50
2013.01.11 13:52:12.884,1.58852,1.58885,1.13,2.10
2013.01.11 13:52:14.409,1.58848,1.58886,2.29,1.35
2013.01.11 13:52:14.593,1.58846,1.58882,2.07,1.35
2013.01.11 13:52:15.013,1.58847,1.58881,1.88,1.35
2013.01.11 13:52:15.564,1.58848,1.5888,1.50,1.35
2013.01.11 13:52:16.004,1.58846,1.58881,2.44,1.35
2013.01.11 13:52:22.195,1.58847,1.58877,1.50,1.35
2013.01.11 13:52:22.806,1.58847,1.58879,1.50,1.13
2013.01.11 13:52:22.865,1.58852,1.58885,1.35,1.88
2013.01.11 13:52:24.075,1.58851,1.58875,1.13,1.50
2013.01.11 13:52:24.404,1.58846,1.58875,1.35,1.50
2013.01.11 13:52:24.464,1.58846,1.58877,1.13,1.35
2013.01.11 13:52:24.644,1.58846,1.58879,1.13,1.13
2013.01.11 13:52:25.154,1.58848,1.5888,1.13,1.13
2013.01.11 13:52:27.291,1.58848,1.5888,1.13,1.13
2013.01.11 13:52:27.355,1.58848,1.58876,1.13,1.88
2013.01.11 13:52:27.549,1.58845,1.58876,1.13,1.13
2013.01.11 13:52:28.944,1.58845,1.58872,1.13,1.50
2013.01.11 13:52:30.847,1.58844,1.58871,1.35,1.88
2013.01.11 13:52:31.964,1.58839,1.58871,1.35,2.63
2013.01.11 13:52:32.090,1.58832,1.58865,1.50,2.48
2013.01.11 13:52:32.334,1.58835,1.58864,1.13,1.73
2013.01.11 13:52:32.406,1.58835,1.58864,1.35,1.50
2013.01.11 13:52:32.478,1.58835,1.58869,1.35,1.35
2013.01.11 13:52:34.167,1.58838,1.58869,1.28,2.48
2013.01.11 13:52:34.538,1.58841,1.58869,1.35,1.50
2013.01.11 13:52:35.594,1.58841,1.58871,1.35,1.50
2013.01.11 13:52:36.893,1.58841,1.58869,1.35,1.50
2013.01.11 13:52:37.412,1.58841,1.58869,1.35,1.50
2013.01.11 13:52:38.126,1.58841,1.58871,1.35,1.50
2013.01.11 13:52:39.936,1.58841,1.58872,1.35,1.50
2013.01.11 13:52:41.984,1.58842,1.58874,1.35,1.13
2013.01.11 13:52:42.634,1.58842,1.5887,1.35,1.88
2013.01.11 13:52:43.144,1.58842,1.58871,1.35,1.50
2013.01.11 13:52:46.934,1.58842,1.58872,2.10,1.50
2013.01.11 13:52:47.465,1.58845,1.58871,1.13,1.50
2013.01.11 13:52:47.648,1.58845,1.58876,1.13,1.35
2013.01.11 13:52:52.446,1.58842,1.58874,1.35,1.88
2013.01.11 13:52:52.815,1.58846,1.58874,1.35,1.88
2013.01.11 13:52:53.713,1.58849,1.58881,1.35,1.13
2013.01.11 13:52:53.836,1.58849,1.58881,1.35,1.13
2013.01.11 13:52:54.413,1.58849,1.58881,1.35,1.13
2013.01.11 13:52:54.537,1.5885,1.58881,1.88,2.63
2013.01.11 13:52:54.995,1.58849,1.58881,1.35,2.63
2013.01.11 13:52:55.709,1.58848,1.58881,1.50,3.60
2013.01.11 13:52:56.014,1.58848,1.58881,1.50,3.60
2013.01.11 13:52:56.182,1.58847,1.5888,1.65,1.73
2013.01.11 13:53:02.305,1.58841,1.58879,2.85,1.35
2013.01.11 13:53:03.434,1.58839,1.58877,2.78,1.35
2013.01.11 13:53:03.796,1.58842,1.58875,1.52,1.13
2013.01.11 13:53:03.914,1.58843,1.58877,1.88,1.88
2013.01.11 13:53:12.014,1.58844,1.58879,1.17,1.35
2013.01.11 13:53:12.074,1.58845,1.58879,1.17,1.35
2013.01.11 13:53:12.434,1.5885,1.58883,3.60,1.13
2013.01.11 13:53:12.614,1.58854,1.58885,1.17,1.13
2013.01.11 13:53:12.674,1.58865,1.58896,1.50,3.79
2013.01.11 13:53:12.734,1.58865,1.58896,1.73,1.50
2013.01.11 13:53:12.914,1.58859,1.58895,1.35,1.35
2013.01.11 13:53:13.469,1.5886,1.58893,1.35,1.13
2013.01.11 13:53:13.535,1.58859,1.58893,1.35,1.50
2013.01.11 13:53:13.894,1.58857,1.58889,1.88,2.07
2013.01.11 13:53:14.138,1.58859,1.5889,1.13,1.73
2013.01.11 13:53:14.264,1.58859,1.5889,1.35,1.50
2013.01.11 13:53:14.605,1.58856,1.58881,1.35,1.50
2013.01.11 13:53:14.725,1.58861,1.58891,1.73,1.13
2013.01.11 13:53:15.444,1.58865,1.58894,1.50,1.13
2013.01.11 13:53:15.994,1.58865,1.589,1.73,1.35
2013.01.11 13:53:17.425,1.58865,1.58901,1.92,1.13
2013.01.11 13:53:17.785,1.58869,1.58901,1.73,1.13
2013.01.11 13:53:17.846,1.58869,1.58901,1.73,1.13
2013.01.11 13:53:17.905,1.5887,1.58905,1.73,2.63
2013.01.11 13:53:17.964,1.58871,1.58905,2.02,2.63
2013.01.11 13:53:18.264,1.58877,1.58908,1.35,1.13
2013.01.11 13:53:18.451,1.58877,1.58911,1.35,1.13
2013.01.11 13:53:18.761,1.58877,1.58911,1.35,1.13
2013.01.11 13:53:19.056,1.58877,1.58911,1.35,1.13
2013.01.11 13:53:19.564,1.58877,1.58911,1.35,1.13
2013.01.11 13:53:19.865,1.58877,1.58911,1.13,1.35
2013.01.11 13:53:20.344,1.58874,1.58911,1.73,1.13
2013.01.11 13:53:20.405,1.58874,1.58906,1.73,1.13
2013.01.11 13:53:21.019,1.5887,1.58905,2.63,1.50
2013.01.11 13:53:21.674,1.58877,1.58907,1.13,1.13
2013.01.11 13:53:21.734,1.58877,1.58907,1.35,1.13
2013.01.11 13:53:21.974,1.58871,1.58906,1.54,1.13
2013.01.11 13:53:22.095,1.58873,1.58907,1.54,1.13
2013.01.11 13:53:22.875,1.58874,1.58908,1.32,1.13
2013.01.11 13:53:23.285,1.58879,1.58908,1.35,1.13
2013.01.11 13:53:23.606,1.58879,1.5891,2.10,1.13
2013.01.11 13:53:23.957,1.5888,1.58912,1.73,1.13
2013.01.11 13:53:24.026,1.58881,1.58912,1.73,1.13
2013.01.11 13:53:26.194,1.58879,1.58914,1.54,1.35
2013.01.11 13:53:27.104,1.58878,1.58914,1.54,1.35
2013.01.11 13:53:27.789,1.58878,1.58912,1.35,1.13
2013.01.11 13:53:37.665,1.58878,1.58912,1.54,1.13
2013.01.11 13:53:38.864,1.58878,1.58912,1.54,1.13
2013.01.11 13:53:39.054,1.58878,1.58912,1.54,1.13
2013.01.11 13:53:43.138,1.58878,1.58912,2.10,1.13
2013.01.11 13:53:43.674,1.58882,1.58912,1.13,1.13
2013.01.11 13:53:44.035,1.58885,1.58917,1.13,1.73
2013.01.11 13:53:44.464,1.5888,1.58914,1.35,1.35
2013.01.11 13:53:45.003,1.5888,1.58913,1.35,1.13
2013.01.11 13:53:48.774,1.58876,1.58915,1.13,1.43
2013.01.11 13:53:49.075,1.58872,1.58909,2.10,1.35
2013.01.11 13:53:49.314,1.58872,1.58905,2.10,1.13
2013.01.11 13:53:49.506,1.58872,1.58905,2.29,1.13
2013.01.11 13:53:49.806,1.58872,1.58901,1.32,1.35
2013.01.11 13:53:49.924,1.58872,1.58906,1.32,2.44
2013.01.11 13:53:50.223,1.58872,1.58906,1.54,1.69
2013.01.11 13:53:50.735,1.58867,1.589,1.17,1.13
2013.01.11 13:53:50.795,1.58866,1.589,1.32,1.35
2013.01.11 13:53:51.404,1.58866,1.589,1.32,1.35
2013.01.11 13:53:52.637,1.58866,1.589,3.38,1.35
2013.01.11 13:53:52.966,1.58866,1.589,1.13,1.35
2013.01.11 13:53:58.454,1.58866,1.58898,1.32,1.13
2013.01.11 13:53:59.059,1.58866,1.58899,2.63,1.35
2013.01.11 13:53:59.716,1.5887,1.589,1.50,2.10
2013.01.11 13:54:04.864,1.5887,1.589,1.50,1.35
2013.01.11 13:54:06.105,1.5887,1.589,1.50,1.35
2013.01.11 13:54:06.615,1.58867,1.589,3.00,1.35
2013.01.11 13:54:09.084,1.58871,1.589,1.50,1.13
2013.01.11 13:54:09.386,1.58869,1.589,1.13,1.35
2013.01.11 13:54:09.989,1.5887,1.589,1.50,1.35
2013.01.11 13:54:12.497,1.58869,1.589,2.25,1.35
2013.01.11 13:54:13.552,1.58871,1.589,1.50,1.35
2013.01.11 13:54:15.005,1.5887,1.589,1.50,1.35
2013.01.11 13:54:16.638,1.58871,1.589,1.50,1.35
2013.01.11 13:54:16.705,1.58871,1.58903,2.25,1.73
2013.01.11 13:54:17.049,1.58866,1.58903,1.13,2.10
2013.01.11 13:54:17.354,1.58868,1.58903,1.95,1.35
2013.01.11 13:54:17.668,1.58866,1.589,1.13,1.35
2013.01.11 13:54:18.747,1.58865,1.589,1.13,1.35
2013.01.11 13:54:19.795,1.58865,1.589,1.13,1.35
2013.01.11 13:54:22.424,1.58866,1.589,1.13,1.35
2013.01.11 13:54:27.384,1.58869,1.58901,1.13,1.35
2013.01.11 13:54:28.513,1.58866,1.58899,1.13,1.35
2013.01.11 13:54:29.464,1.5886,1.58894,2.10,1.13
2013.01.11 13:54:29.524,1.5886,1.58894,1.88,1.35
2013.01.11 13:54:29.885,1.5886,1.58899,2.10,2.10
2013.01.11 13:54:30.186,1.58861,1.58895,1.35,1.13
2013.01.11 13:54:30.424,1.58861,1.58892,1.13,1.13
2013.01.11 13:54:30.484,1.58859,1.58892,1.13,1.35
2013.01.11 13:54:30.874,1.58854,1.58892,3.04,1.35
2013.01.11 13:54:31.174,1.58854,1.58886,2.44,1.13
2013.01.11 13:54:31.234,1.58854,1.58891,2.82,1.35
2013.01.11 13:54:31.536,1.58856,1.5889,1.13,1.35
2013.01.11 13:54:31.914,1.58856,1.58889,1.13,1.35
2013.01.11 13:54:32.574,1.58853,1.58887,3.60,1.35
2013.01.11 13:54:32.697,1.58854,1.58887,1.50,1.73
2013.01.11 13:54:32.754,1.58854,1.58887,1.50,2.38
2013.01.11 13:54:33.345,1.58855,1.58884,1.50,1.35
2013.01.11 13:54:33.882,1.58855,1.58884,1.88,1.35
2013.01.11 13:54:33.945,1.58855,1.58886,1.88,1.13
2013.01.11 13:54:34.124,1.58856,1.5889,1.13,1.35
2013.01.11 13:54:34.674,1.58856,1.5889,1.13,1.35
2013.01.11 13:54:36.405,1.58856,1.5889,1.13,1.35
2013.01.11 13:54:36.676,1.58856,1.5889,1.13,1.35
2013.01.11 13:54:36.740,1.58856,1.5889,1.13,1.35
2013.01.11 13:54:36.948,1.58856,1.5889,1.13,1.35
2013.01.11 13:54:38.235,1.58855,1.58889,1.13,1.35
2013.01.11 13:54:38.774,1.58851,1.58886,1.73,1.35
2013.01.11 13:54:40.275,1.58853,1.58889,1.73,1.35
2013.01.11 13:54:42.765,1.58853,1.58889,1.13,1.35
2013.01.11 13:54:43.035,1.58853,1.58889,1.35,1.35
2013.01.11 13:54:44.355,1.58853,1.58891,1.35,1.35
2013.01.11 13:54:44.474,1.58857,1.58891,1.35,1.35
2013.01.11 13:54:44.984,1.58857,1.58891,1.35,1.35
2013.01.11 13:54:46.074,1.58858,1.58892,1.35,1.35
2013.01.11 13:54:48.176,1.58857,1.58892,1.35,1.35
2013.01.11 13:54:50.640,1.5886,1.58892,1.13,1.35
2013.01.11 13:54:51.491,1.5886,1.58892,1.13,1.35
2013.01.11 13:54:52.069,1.5886,1.58892,1.13,1.35
2013.01.11 13:54:56.665,1.58858,1.58891,1.50,1.35
2013.01.11 13:54:56.786,1.58857,1.58891,1.50,1.35
2013.01.11 13:54:59.305,1.58857,1.58891,1.50,1.35
2013.01.11 13:55:01.339,1.58857,1.58891,1.50,1.35
2013.01.11 13:55:08.363,1.58857,1.58889,1.50,1.35
2013.01.11 13:55:08.725,1.58856,1.58888,1.50,1.35
2013.01.11 13:55:10.695,1.58856,1.58888,1.50,1.35
2013.01.11 13:55:11.054,1.58857,1.58888,1.50,1.35
2013.01.11 13:55:11.685,1.58854,1.58888,1.13,1.35
2013.01.11 13:55:12.045,1.58854,1.58886,1.13,1.54
2013.01.11 13:55:13.275,1.58846,1.58882,1.50,2.48
2013.01.11 13:55:13.336,1.58845,1.58879,1.13,1.35
2013.01.11 13:55:16.205,1.58841,1.58877,1.88,1.35
2013.01.11 13:55:16.325,1.58841,1.58877,1.88,1.35
2013.01.11 13:55:17.438,1.58839,1.58871,1.50,1.35
2013.01.11 13:55:17.566,1.58839,1.58871,1.50,1.35
2013.01.11 13:55:17.955,1.58835,1.58868,1.50,1.35
2013.01.11 13:55:18.177,1.58833,1.58865,1.13,1.35
2013.01.11 13:55:19.267,1.58832,1.58865,1.13,1.35
2013.01.11 13:55:19.387,1.58832,1.58863,1.13,1.35
2013.01.11 13:55:19.506,1.58831,1.58861,1.13,1.35
2013.01.11 13:55:20.254,1.58829,1.58861,1.13,1.35
2013.01.11 13:55:20.864,1.58831,1.58861,1.35,1.13
2013.01.11 13:55:20.947,1.58837,1.58867,2.25,1.35
2013.01.11 13:55:22.474,1.58836,1.58871,1.58,2.10
2013.01.11 13:55:22.597,1.58844,1.58876,1.13,2.10
2013.01.11 13:55:22.714,1.58843,1.58876,1.13,1.35
2013.01.11 13:55:23.729,1.58843,1.58876,1.13,1.35
2013.01.11 13:55:23.831,1.58843,1.58876,1.13,1.35
2013.01.11 13:55:24.423,1.58844,1.58875,1.13,1.73
2013.01.11 13:55:25.476,1.58832,1.58865,2.63,1.35
2013.01.11 13:55:25.716,1.5883,1.58864,1.35,1.13
2013.01.11 13:55:25.774,1.58836,1.58867,1.13,1.73
2013.01.11 13:55:25.894,1.58831,1.58864,1.73,1.13
2013.01.11 13:55:25.954,1.58831,1.58864,1.50,1.35
2013.01.11 13:55:26.355,1.58831,1.58868,1.50,1.73
2013.01.11 13:55:26.774,1.58835,1.58868,1.13,1.13
2013.01.11 13:55:27.343,1.58835,1.58868,1.13,1.13
2013.01.11 13:55:30.198,1.58835,1.58868,1.13,1.13
2013.01.11 13:55:30.674,1.58835,1.58868,1.35,1.13
2013.01.11 13:55:31.488,1.58838,1.58873,1.35,1.35
2013.01.11 13:55:32.636,1.58838,1.58871,1.35,1.13
2013.01.11 13:55:33.604,1.58838,1.58871,1.35,1.13
2013.01.11 13:55:34.905,1.58838,1.58871,1.35,1.13
2013.01.11 13:55:37.385,1.58838,1.58871,1.35,1.13
2013.01.11 13:55:37.505,1.58838,1.58871,1.35,1.13
2013.01.11 13:55:38.006,1.58838,1.58871,1.35,1.13
2013.01.11 13:55:38.225,1.58838,1.58871,1.35,1.13
2013.01.11 13:55:40.094,1.58838,1.58871,1.35,1.13
2013.01.11 13:55:40.455,1.58843,1.58876,1.13,1.35
2013.01.11 13:55:40.550,1.58843,1.58876,1.35,1.13
2013.01.11 13:55:42.077,1.58843,1.58879,3.60,1.35
2013.01.11 13:55:44.584,1.58843,1.58881,3.60,1.35
2013.01.11 13:55:45.020,1.58847,1.58881,1.13,1.35
2013.01.11 13:55:47.322,1.58847,1.58881,1.13,1.35
2013.01.11 13:55:47.985,1.5885,1.58884,1.13,1.35
2013.01.11 13:55:48.050,1.5885,1.58884,1.13,1.35
2013.01.11 13:55:48.425,1.58851,1.58887,1.73,1.13
2013.01.11 13:55:48.726,1.58851,1.58885,1.50,1.35
2013.01.11 13:55:49.555,1.58852,1.58884,1.13,1.35
2013.01.11 13:55:49.915,1.58861,1.58893,1.13,1.35
2013.01.11 13:55:50.612,1.58861,1.58893,1.13,1.35
2013.01.11 13:55:52.155,1.5886,1.58893,1.35,1.35
2013.01.11 13:55:52.374,1.5886,1.58893,1.35,1.35
2013.01.11 13:55:52.655,1.5886,1.58893,1.35,1.35
2013.01.11 13:55:53.400,1.58861,1.58893,1.13,1.35
2013.01.11 13:55:53.488,1.58863,1.58894,1.13,1.73
2013.01.11 13:55:53.675,1.58863,1.58897,1.35,1.73
2013.01.11 13:55:53.795,1.58861,1.58892,1.35,1.13
2013.01.11 13:55:54.304,1.58862,1.58893,1.35,1.13
2013.01.11 13:55:54.373,1.58863,1.58888,1.35,1.50
2013.01.11 13:55:54.555,1.58865,1.58896,1.13,1.35
2013.01.11 13:55:54.615,1.58862,1.58896,2.85,1.35
2013.01.11 13:55:55.096,1.58865,1.58898,1.13,1.35
2013.01.11 13:55:55.598,1.58865,1.58898,1.13,1.35
2013.01.11 13:55:57.665,1.58859,1.58895,2.85,1.73
2013.01.11 13:55:57.725,1.58859,1.58894,2.63,1.35
2013.01.11 13:55:58.975,1.58863,1.58891,1.09,1.13
2013.01.11 13:55:59.215,1.58863,1.58891,1.09,1.13
2013.01.11 13:55:59.365,1.58863,1.58894,1.28,2.85
2013.01.11 13:55:59.756,1.58863,1.58894,1.50,1.88
2013.01.11 13:56:00.875,1.5887,1.58894,1.50,1.88
2013.01.11 13:56:01.236,1.58875,1.58908,1.13,1.69
2013.01.11 13:56:02.274,1.58876,1.58908,1.13,1.73
2013.01.11 13:56:02.943,1.58876,1.58908,1.13,1.73
2013.01.11 13:56:03.015,1.58879,1.58908,1.13,2.25
2013.01.11 13:56:03.547,1.58879,1.58912,1.35,1.13
2013.01.11 13:56:03.606,1.58883,1.58913,1.13,1.50
2013.01.11 13:56:03.786,1.58883,1.58917,1.13,1.73
2013.01.11 13:56:04.295,1.58883,1.58917,1.13,1.73
2013.01.11 13:56:04.944,1.58883,1.58917,1.13,1.73
2013.01.11 13:56:06.046,1.58884,1.58916,1.13,2.48
2013.01.11 13:56:06.685,1.58885,1.58917,1.13,1.13
2013.01.11 13:56:06.804,1.58884,1.58917,1.35,1.13
2013.01.11 13:56:06.864,1.58884,1.58918,1.35,2.85
2013.01.11 13:56:07.158,1.58884,1.58918,1.13,2.85
2013.01.11 13:56:07.714,1.58883,1.58918,1.35,2.85
2013.01.11 13:56:11.516,1.58884,1.58918,1.35,2.85
2013.01.11 13:56:12.027,1.58879,1.58916,2.44,1.35
2013.01.11 13:56:12.147,1.58879,1.58916,2.44,1.73
2013.01.11 13:56:12.267,1.58881,1.58912,1.50,2.48
2013.01.11 13:56:13.936,1.58877,1.58911,1.54,2.48
2013.01.11 13:56:15.144,1.58877,1.5891,1.13,2.48
2013.01.11 13:56:16.266,1.58877,1.58907,1.13,1.73
2013.01.11 13:56:16.725,1.58877,1.58907,1.13,1.50
2013.01.11 13:56:18.605,1.58877,1.5891,1.13,1.35
2013.01.11 13:56:18.666,1.58877,1.5891,1.13,1.73
2013.01.11 13:56:19.025,1.58875,1.58902,1.50,1.50
2013.01.11 13:56:19.422,1.5887,1.58899,1.13,1.73
2013.01.11 13:56:19.719,1.5887,1.58899,1.13,1.73
2013.01.11 13:56:21.680,1.5887,1.58899,1.13,1.73
2013.01.11 13:56:22.262,1.5887,1.58903,1.13,2.48
2013.01.11 13:56:22.565,1.5887,1.58899,1.13,1.73
2013.01.11 13:56:23.055,1.5887,1.589,1.13,1.73
2013.01.11 13:56:23.881,1.5887,1.589,1.13,1.73
2013.01.11 13:56:24.985,1.58869,1.58898,1.13,2.48
2013.01.11 13:56:25.536,1.58867,1.58899,1.50,2.48
2013.01.11 13:56:26.896,1.58869,1.58899,1.13,2.85
2013.01.11 13:56:27.135,1.58872,1.58899,1.13,1.50
2013.01.11 13:56:27.732,1.58872,1.58902,1.13,1.73
2013.01.11 13:56:28.135,1.58872,1.58902,1.13,2.20
2013.01.11 13:56:28.375,1.58868,1.58897,1.50,2.48
2013.01.11 13:56:31.089,1.58864,1.58895,1.50,1.73
2013.01.11 13:56:31.215,1.58863,1.58889,1.88,1.50
2013.01.11 13:56:31.535,1.58863,1.58889,1.50,1.73
2013.01.11 13:56:31.715,1.58863,1.58895,1.50,2.10
2013.01.11 13:56:31.837,1.58862,1.58892,1.50,1.35
2013.01.11 13:56:32.145,1.58862,1.58894,1.65,1.73
2013.01.11 13:56:32.325,1.58863,1.58897,1.69,2.48
2013.01.11 13:56:32.881,1.58865,1.58897,1.92,2.48
2013.01.11 13:56:33.037,1.58866,1.58897,1.50,2.48
2013.01.11 13:56:33.594,1.58866,1.58899,1.17,2.25
2013.01.11 13:56:34.276,1.58865,1.58898,1.35,2.25
2013.01.11 13:56:34.336,1.58865,1.5889,1.35,1.50
2013.01.11 13:56:34.881,1.58865,1.58892,1.35,1.50
2013.01.11 13:56:35.476,1.58863,1.58892,3.23,2.25
2013.01.11 13:56:35.595,1.5886,1.58891,1.35,1.50
2013.01.11 13:56:35.656,1.58863,1.58891,1.13,1.50
2013.01.11 13:56:35.895,1.58869,1.58896,1.35,1.50
2013.01.11 13:56:37.304,1.58865,1.58896,2.25,1.50
2013.01.11 13:56:37.487,1.58861,1.58893,2.10,1.50
2013.01.11 13:56:37.860,1.58861,1.5889,3.60,1.50
2013.01.11 13:56:37.960,1.58861,1.5889,3.60,1.50
2013.01.11 13:56:39.136,1.58865,1.5889,1.73,1.50
2013.01.11 13:56:39.675,1.58865,1.5889,1.50,1.50
2013.01.11 13:56:40.235,1.58861,1.5889,1.50,1.50
2013.01.11 13:56:40.296,1.5886,1.5889,1.73,1.50
2013.01.11 13:56:40.894,1.5886,1.58889,2.48,1.50
2013.01.11 13:56:42.196,1.58859,1.58882,1.13,1.50
2013.01.11 13:56:42.496,1.58848,1.5888,1.13,1.73
2013.01.11 13:56:44.705,1.58848,1.58879,1.88,2.85
2013.01.11 13:56:46.816,1.58847,1.5888,1.13,2.85
2013.01.11 13:56:47.325,1.58845,1.5888,1.13,2.85
2013.01.11 13:56:47.384,1.58844,1.5888,1.35,3.23
2013.01.11 13:56:47.565,1.58843,1.58876,1.50,1.35
2013.01.11 13:56:48.104,1.58842,1.58875,1.88,1.35
2013.01.11 13:56:48.625,1.58842,1.58874,1.13,1.13
2013.01.11 13:56:48.954,1.58842,1.58877,1.13,2.85
2013.01.11 13:56:49.492,1.58843,1.58876,1.13,1.35
2013.01.11 13:56:50.082,1.58843,1.58875,1.13,1.13
2013.01.11 13:56:51.475,1.58843,1.58877,1.13,2.85
2013.01.11 13:56:52.316,1.58843,1.58877,1.13,2.63
2013.01.11 13:56:52.685,1.58846,1.58878,1.35,1.50
2013.01.11 13:56:53.076,1.58848,1.58878,1.35,1.50
2013.01.11 13:56:54.367,1.58848,1.58879,1.35,1.88
2013.01.11 13:56:54.714,1.58847,1.58878,1.13,2.85
2013.01.11 13:56:54.898,1.58847,1.58879,1.35,3.38
2013.01.11 13:56:55.025,1.58847,1.58879,1.13,3.60
2013.01.11 13:56:57.475,1.58847,1.58879,1.35,3.38
2013.01.11 13:57:00.007,1.58853,1.58879,1.35,2.63
2013.01.11 13:57:00.067,1.58853,1.58881,1.35,1.88
2013.01.11 13:57:00.425,1.58851,1.58882,2.48,1.13
2013.01.11 13:57:00.485,1.5885,1.58879,1.35,1.50
2013.01.11 13:57:00.787,1.58849,1.58875,1.13,1.50
2013.01.11 13:57:00.905,1.58849,1.58878,1.13,2.25
2013.01.11 13:57:01.025,1.58846,1.58875,1.35,1.50
2013.01.11 13:57:01.387,1.58842,1.58877,1.13,3.23
2013.01.11 13:57:01.624,1.58842,1.58873,1.32,1.13
2013.01.11 13:57:02.504,1.58847,1.58877,1.50,1.35
2013.01.11 13:57:02.864,1.58842,1.58877,1.32,1.35
2013.01.11 13:57:03.375,1.58842,1.58872,1.13,1.50
2013.01.11 13:57:04.754,1.58842,1.58874,1.13,1.13
2013.01.11 13:57:06.425,1.58844,1.58874,1.13,1.13
2013.01.11 13:57:06.741,1.5885,1.58882,1.13,1.35
2013.01.11 13:57:06.956,1.58846,1.58882,1.13,1.05
2013.01.11 13:57:07.718,1.58844,1.58881,1.17,1.35
2013.01.11 13:57:10.354,1.58844,1.5888,1.17,1.35
2013.01.11 13:57:10.414,1.58844,1.58879,1.17,1.35
2013.01.11 13:57:13.565,1.58842,1.58877,1.35,2.85
2013.01.11 13:57:13.685,1.58842,1.58876,1.35,1.69
2013.01.11 13:57:14.044,1.58832,1.58861,2.22,1.73
2013.01.11 13:57:14.165,1.58825,1.58855,1.35,1.13
2013.01.11 13:57:14.344,1.58825,1.58855,1.13,1.35
2013.01.11 13:57:14.807,1.58825,1.58855,1.13,1.73
2013.01.11 13:57:14.925,1.58819,1.58856,1.73,1.13
2013.01.11 13:57:15.044,1.58821,1.58856,1.73,1.13
2013.01.11 13:57:15.105,1.58822,1.58856,1.73,1.13
2013.01.11 13:57:15.226,1.5882,1.58853,1.35,1.13
2013.01.11 13:57:15.766,1.58821,1.58853,1.99,1.13
2013.01.11 13:57:15.887,1.58824,1.58857,1.35,1.13
2013.01.11 13:57:16.017,1.58822,1.58857,4.35,1.13
2013.01.11 13:57:16.078,1.58829,1.58857,1.50,1.88
2013.01.11 13:57:16.317,1.58822,1.58853,1.73,1.13
2013.01.11 13:57:16.575,1.58821,1.58852,1.73,1.50
2013.01.11 13:57:17.134,1.58821,1.58849,1.35,1.13
2013.01.11 13:57:17.495,1.58821,1.58852,1.35,1.50
2013.01.11 13:57:17.675,1.58819,1.58852,1.73,3.00
2013.01.11 13:57:19.623,1.58822,1.58855,1.73,1.13
2013.01.11 13:57:19.875,1.58821,1.58853,1.69,1.35
2013.01.11 13:57:19.934,1.58822,1.58855,1.13,1.73
2013.01.11 13:57:20.498,1.58824,1.58855,1.13,1.13
2013.01.11 13:57:21.885,1.58822,1.58855,2.67,1.13
2013.01.11 13:57:22.305,1.58822,1.58855,1.73,1.13
2013.01.11 13:57:22.945,1.58822,1.58855,1.73,1.13
2013.01.11 13:57:23.456,1.58822,1.58855,1.73,1.13
2013.01.11 13:57:25.016,1.58823,1.58855,1.73,1.13
2013.01.11 13:57:25.575,1.58823,1.58855,1.73,1.13
2013.01.11 13:57:26.195,1.58823,1.58855,1.35,1.13
2013.01.11 13:57:26.374,1.58823,1.58859,1.35,1.50
2013.01.11 13:57:30.945,1.58824,1.58859,1.35,1.35
2013.01.11 13:57:31.114,1.58819,1.58857,2.10,1.58
2013.01.11 13:57:31.723,1.58818,1.58856,1.73,1.73
2013.01.11 13:57:32.225,1.58817,1.58856,1.92,1.35
2013.01.11 13:57:38.266,1.58821,1.58855,1.35,1.13
2013.01.11 13:57:41.084,1.58823,1.58855,1.35,1.13
2013.01.11 13:57:41.216,1.58825,1.5886,1.73,1.13
2013.01.11 13:57:48.454,1.58825,1.5886,2.25,2.10
2013.01.11 13:57:48.814,1.58816,1.58851,1.73,1.13
2013.01.11 13:57:51.457,1.58818,1.58851,1.35,1.13
2013.01.11 13:57:54.376,1.58818,1.58851,1.13,2.29
2013.01.11 13:57:54.436,1.58815,1.58848,2.48,1.13
2013.01.11 13:57:56.106,1.58813,1.58847,3.23,1.13
2013.01.11 13:57:58.426,1.58811,1.58844,2.85,1.35
2013.01.11 13:57:58.605,1.58812,1.58844,1.50,1.35
2013.01.11 13:57:58.964,1.58816,1.58849,1.35,1.50
2013.01.11 13:57:59.264,1.58814,1.58847,1.73,1.13
2013.01.11 13:57:59.724,1.58814,1.58849,1.73,1.50
2013.01.11 13:57:59.785,1.58814,1.58849,2.48,1.50
2013.01.11 13:58:00.655,1.58821,1.5885,1.13,1.50
2013.01.11 13:58:01.345,1.58822,1.58854,1.35,1.88
2013.01.11 13:58:02.195,1.58822,1.58855,1.35,1.13
2013.01.11 13:58:02.685,1.58818,1.58851,2.85,1.88
2013.01.11 13:58:02.985,1.58816,1.58851,1.88,2.10
2013.01.11 13:58:03.560,1.58816,1.58851,2.10,2.10
2013.01.11 13:58:03.757,1.58815,1.58847,2.25,2.10
2013.01.11 13:58:03.936,1.58814,1.58847,1.50,2.10
2013.01.11 13:58:04.086,1.58814,1.58847,1.73,1.88
2013.01.11 13:58:04.145,1.58813,1.58847,1.13,1.35
2013.01.11 13:58:04.359,1.58813,1.58847,1.35,1.88
2013.01.11 13:58:07.115,1.58815,1.58848,1.35,2.25
2013.01.11 13:58:07.294,1.58815,1.58848,1.35,2.85
2013.01.11 13:58:07.415,1.58814,1.58848,1.35,2.85
2013.01.11 13:58:08.229,1.58812,1.58847,2.48,2.25
2013.01.11 13:58:08.674,1.58814,1.58848,1.35,2.25
2013.01.11 13:58:08.736,1.58816,1.58848,1.35,2.25
2013.01.11 13:58:09.155,1.58813,1.58851,1.73,1.50
2013.01.11 13:58:09.275,1.58813,1.58847,1.73,1.13
2013.01.11 13:58:09.405,1.58815,1.58851,1.35,1.73
2013.01.11 13:58:10.364,1.58818,1.5885,1.50,1.50
2013.01.11 13:58:10.786,1.58818,1.58851,2.48,1.13
2013.01.11 13:58:10.977,1.58817,1.58849,2.25,1.13
2013.01.11 13:58:11.885,1.58814,1.5885,1.73,1.13
2013.01.11 13:58:11.945,1.58814,1.58845,1.50,1.35
2013.01.11 13:58:12.064,1.58804,1.58839,3.98,1.35
2013.01.11 13:58:12.379,1.58809,1.58844,3.75,1.73
2013.01.11 13:58:12.444,1.58809,1.58842,2.10,1.13
2013.01.11 13:58:12.976,1.58808,1.58844,1.35,1.50
2013.01.11 13:58:14.195,1.58811,1.58846,1.35,1.13
2013.01.11 13:58:14.525,1.58814,1.58847,2.25,1.13
2013.01.11 13:58:15.405,1.58814,1.58847,1.88,1.65
2013.01.11 13:58:15.645,1.58809,1.58842,1.73,1.88
2013.01.11 13:58:16.553,1.58814,1.58846,1.13,1.13
2013.01.11 13:58:18.124,1.58808,1.58845,3.42,1.35
2013.01.11 13:58:18.184,1.58808,1.58841,3.23,1.13
2013.01.11 13:58:21.187,1.58806,1.58841,1.73,1.13
2013.01.11 13:58:21.425,1.58807,1.58839,1.50,2.48
2013.01.11 13:58:21.545,1.58803,1.58834,1.73,1.13
2013.01.11 13:58:21.726,1.58803,1.5884,2.63,2.25
2013.01.11 13:58:25.445,1.58807,1.58844,1.60,1.13
2013.01.11 13:58:25.504,1.58814,1.58847,1.35,1.32
2013.01.11 13:58:25.685,1.5881,1.58843,2.48,1.13
2013.01.11 13:58:25.745,1.5881,1.58842,1.73,1.13
2013.01.11 13:58:28.386,1.58805,1.58841,1.35,1.13
2013.01.11 13:58:28.446,1.58805,1.58837,1.35,1.13
2013.01.11 13:58:34.915,1.58804,1.58837,1.50,1.35
2013.01.11 13:58:35.217,1.58797,1.58833,1.88,1.17
2013.01.11 13:58:35.414,1.58798,1.58831,2.25,1.35
2013.01.11 13:58:35.774,1.58798,1.58831,1.73,1.13
2013.01.11 13:58:36.505,1.588,1.58835,1.73,1.35
2013.01.11 13:58:36.577,1.588,1.58835,1.73,1.13
2013.01.11 13:58:40.245,1.58803,1.58836,2.63,1.13
2013.01.11 13:58:40.867,1.58804,1.58839,3.38,1.13
2013.01.11 13:58:41.935,1.58803,1.58836,2.10,1.13
2013.01.11 13:58:41.995,1.58803,1.58835,2.10,1.13
2013.01.11 13:58:48.735,1.58798,1.58832,2.10,1.13
2013.01.11 13:58:48.795,1.58798,1.58832,1.35,1.13
2013.01.11 13:58:48.915,1.58798,1.58832,1.35,1.13
2013.01.11 13:58:48.974,1.58797,1.58828,1.35,1.13
2013.01.11 13:58:49.155,1.58797,1.58828,1.35,1.13
2013.01.11 13:58:49.628,1.58789,1.58823,1.35,1.13
2013.01.11 13:58:49.804,1.58789,1.58823,1.35,1.13
2013.01.11 13:58:49.864,1.58786,1.58823,1.73,1.13
2013.01.11 13:58:51.889,1.58787,1.58823,1.56,1.13
2013.01.11 13:58:52.434,1.58789,1.58822,1.50,1.35
2013.01.11 13:58:52.494,1.58785,1.5882,1.73,1.50
2013.01.11 13:58:52.795,1.58786,1.5882,3.23,1.88
2013.01.11 13:58:59.215,1.58788,1.58819,1.35,1.88
2013.01.11 13:58:59.776,1.58788,1.5882,1.35,1.13
2013.01.11 13:59:02.987,1.58788,1.58818,2.10,1.13
2013.01.11 13:59:03.044,1.58788,1.58818,2.10,1.13
2013.01.11 13:59:05.837,1.58788,1.58818,1.73,1.13
2013.01.11 13:59:06.363,1.58786,1.58816,2.48,1.13
2013.01.11 13:59:06.425,1.58786,1.58816,2.25,1.35
2013.01.11 13:59:06.485,1.58781,1.58815,1.35,1.17
2013.01.11 13:59:06.845,1.58778,1.58813,2.48,1.65
2013.01.11 13:59:07.495,1.58777,1.58813,2.48,3.15
2013.01.11 13:59:10.205,1.58777,1.5881,2.48,1.50
2013.01.11 13:59:10.506,1.58782,1.58816,2.25,1.88
2013.01.11 13:59:10.867,1.58779,1.58814,1.35,1.50
2013.01.11 13:59:10.964,1.58778,1.58813,2.85,1.13
2013.01.11 13:59:11.205,1.58778,1.5881,2.85,1.13
2013.01.11 13:59:11.843,1.58778,1.5881,2.10,1.13
2013.01.11 13:59:15.775,1.58775,1.58807,2.48,1.13
2013.01.11 13:59:15.895,1.58775,1.58807,1.73,1.13
2013.01.11 13:59:16.468,1.58772,1.58803,1.88,1.13
2013.01.11 13:59:16.659,1.58777,1.5881,1.35,1.73
2013.01.11 13:59:16.967,1.58778,1.58806,1.43,1.88
2013.01.11 13:59:17.481,1.58784,1.58814,1.73,1.13
2013.01.11 13:59:22.444,1.58784,1.5881,1.50,1.13
2013.01.11 13:59:22.964,1.58777,1.5881,1.35,1.13
2013.01.11 13:59:23.735,1.58777,1.58808,1.73,1.13
2013.01.11 13:59:24.055,1.58775,1.58805,2.48,1.13
2013.01.11 13:59:24.425,1.58774,1.58807,2.48,1.13
2013.01.11 13:59:24.485,1.58776,1.58807,1.73,1.13
2013.01.11 13:59:26.927,1.5878,1.58811,1.73,1.13
2013.01.11 13:59:27.893,1.58781,1.58815,2.48,1.50
2013.01.11 13:59:28.407,1.58781,1.58815,2.48,1.50
2013.01.11 13:59:29.036,1.58781,1.58813,2.48,1.13
2013.01.11 13:59:29.216,1.58781,1.58813,2.48,1.13
2013.01.11 13:59:29.686,1.58781,1.58811,2.48,1.13
2013.01.11 13:59:30.895,1.58778,1.58811,1.73,1.13
2013.01.11 13:59:31.105,1.58779,1.58811,1.73,1.88
2013.01.11 13:59:31.225,1.5878,1.58811,1.35,1.50
2013.01.11 13:59:31.555,1.58779,1.58811,2.10,2.07
2013.01.11 13:59:31.998,1.58777,1.58806,1.35,1.28
2013.01.11 13:59:32.304,1.58774,1.58801,1.35,1.13
2013.01.11 13:59:32.365,1.58769,1.58801,1.73,1.13
2013.01.11 13:59:32.545,1.5877,1.58803,2.48,1.50
2013.01.11 13:59:32.905,1.58773,1.58804,1.73,1.13
2013.01.11 13:59:33.026,1.58774,1.58807,2.20,1.50
2013.01.11 13:59:33.265,1.58774,1.58804,1.73,1.50
2013.01.11 13:59:33.807,1.58774,1.58807,1.73,1.13
2013.01.11 13:59:35.987,1.58775,1.58812,1.38,1.13
2013.01.11 13:59:36.224,1.58774,1.58811,1.73,2.63
2013.01.11 13:59:36.285,1.5878,1.58811,1.73,2.63
2013.01.11 13:59:36.404,1.58777,1.58811,1.73,2.63
2013.01.11 13:59:36.765,1.58775,1.58806,1.73,1.13
2013.01.11 13:59:36.944,1.58773,1.58806,1.73,1.13
2013.01.11 13:59:38.807,1.58773,1.58809,1.73,2.25
2013.01.11 13:59:39.084,1.58776,1.58809,1.73,2.25
2013.01.11 13:59:40.225,1.58774,1.58808,1.73,1.13
2013.01.11 13:59:40.297,1.58774,1.58808,1.73,1.13
2013.01.11 13:59:40.595,1.58772,1.58805,1.35,1.13
2013.01.11 13:59:40.714,1.58775,1.58808,1.73,2.63
2013.01.11 13:59:40.775,1.58775,1.58807,2.38,1.88
2013.01.11 13:59:40.835,1.58777,1.58807,1.35,1.50
2013.01.11 13:59:41.017,1.58777,1.58811,1.13,1.13
2013.01.11 13:59:41.197,1.58777,1.58809,1.13,1.09
2013.01.11 13:59:41.554,1.5877,1.58803,1.50,2.67
2013.01.11 13:59:41.615,1.58768,1.58797,1.13,1.50
2013.01.11 13:59:42.233,1.58762,1.58796,3.98,1.13
2013.01.11 13:59:42.355,1.58762,1.58795,2.48,2.25
2013.01.11 13:59:44.109,1.58762,1.58796,1.50,2.85
2013.01.11 13:59:44.736,1.58762,1.58795,1.73,2.25
2013.01.11 13:59:46.178,1.58769,1.58794,1.50,1.13
2013.01.11 13:59:46.535,1.58772,1.58795,1.35,2.25
2013.01.11 13:59:46.859,1.58775,1.5881,1.73,1.32
2013.01.11 13:59:46.986,1.58773,1.58808,1.35,2.22
2013.01.11 13:59:47.225,1.58772,1.58807,1.73,1.88
2013.01.11 13:59:47.405,1.58774,1.58806,2.48,1.13
2013.01.11 13:59:48.605,1.58774,1.58806,2.48,1.13
2013.01.11 13:59:48.856,1.58773,1.58806,3.23,1.13
2013.01.11 13:59:49.596,1.58773,1.58806,3.23,1.13
2013.01.11 13:59:50.156,1.58773,1.58806,1.73,1.13
2013.01.11 13:59:51.322,1.58773,1.58807,1.35,1.47
2013.01.11 13:59:52.145,1.58773,1.58805,1.35,1.50
2013.01.11 13:59:52.205,1.58772,1.58804,1.35,1.13
2013.01.11 13:59:52.765,1.58766,1.58803,2.93,3.98
2013.01.11 13:59:53.085,1.58766,1.58793,2.93,1.50
2013.01.11 13:59:53.204,1.58766,1.58796,3.68,2.10
2013.01.11 13:59:53.272,1.58766,1.58796,3.68,1.73
2013.01.11 13:59:53.522,1.58763,1.58795,2.25,1.35
2013.01.11 13:59:54.254,1.58761,1.58798,1.35,1.35
2013.01.11 13:59:54.375,1.58761,1.58793,1.35,1.13
2013.01.11 13:59:54.916,1.58761,1.58794,1.35,1.88
2013.01.11 13:59:56.696,1.58758,1.58794,1.88,2.10
2013.01.11 13:59:56.756,1.58758,1.5879,1.88,1.73
2013.01.11 13:59:57.327,1.58758,1.58791,1.88,1.73
2013.01.11 13:59:57.555,1.58758,1.58791,1.88,1.73
2013.01.11 13:59:57.796,1.58758,1.58791,1.88,1.35
2013.01.11 13:59:58.325,1.58757,1.58791,1.35,1.35
