2012.07.12 12:00:00.020,1.58053,1.58094,2.08,1.19
2012.07.12 12:00:00.380,1.58064,1.58097,1.13,1.87
2012.07.12 12:00:00.570,1.58069,1.58102,1.74,1.04
2012.07.12 12:00:00.641,1.58071,1.58102,1.43,1.04
2012.07.12 12:00:01.313,1.58071,1.58104,1.93,1.45
2012.07.12 12:00:01.382,1.58071,1.58104,1.93,1.45
2012.07.12 12:00:01.510,1.58071,1.58104,1.93,1.45
2012.07.12 12:00:01.933,1.58069,1.58104,1.93,1.45
2012.07.12 12:00:02.019,1.58069,1.58105,1.74,1.53
2012.07.12 12:00:02.334,1.58064,1.58099,1.43,1.19
2012.07.12 12:00:02.892,1.58064,1.58099,1.74,1.19
2012.07.12 12:00:03.402,1.58064,1.58099,1.74,1.19
2012.07.12 12:00:03.770,1.58068,1.58103,1.74,1.19
2012.07.12 12:00:04.774,1.58069,1.58104,1.43,1.57
2012.07.12 12:00:06.171,1.58069,1.58109,2.54,1.68
2012.07.12 12:00:06.300,1.58069,1.58109,3.18,1.19
2012.07.12 12:00:06.771,1.58077,1.58113,1.43,1.14
2012.07.12 12:00:06.841,1.58077,1.58114,1.43,1.19
2012.07.12 12:00:06.909,1.58074,1.58109,1.93,1.19
2012.07.12 12:00:07.220,1.58079,1.58103,1.13,1.19
2012.07.12 12:00:07.350,1.58073,1.58103,1.09,1.19
2012.07.12 12:00:07.481,1.58073,1.58113,3.02,1.19
2012.07.12 12:00:07.550,1.58073,1.58113,3.02,1.19
2012.07.12 12:00:08.441,1.58073,1.5811,2.83,1.19
2012.07.12 12:00:08.512,1.58074,1.58108,1.07,2.62
2012.07.12 12:00:08.700,1.58074,1.58108,1.07,1.43
2012.07.12 12:00:08.771,1.58074,1.58113,2.12,1.33
2012.07.12 12:00:09.043,1.58074,1.58114,2.49,1.19
2012.07.12 12:00:09.925,1.58068,1.58104,1.42,1.19
2012.07.12 12:00:09.992,1.58066,1.58104,4.01,1.19
2012.07.12 12:00:10.941,1.58067,1.58108,1.59,2.62
2012.07.12 12:00:14.089,1.58067,1.58108,2.34,2.18
2012.07.12 12:00:14.416,1.58067,1.58108,2.99,2.62
2012.07.12 12:00:17.169,1.58067,1.58108,3.56,2.62
2012.07.12 12:00:17.300,1.58081,1.58113,1.93,1.19
2012.07.12 12:00:17.370,1.58081,1.58116,1.93,1.19
2012.07.12 12:00:17.442,1.58081,1.58119,1.74,1.19
2012.07.12 12:00:17.511,1.58081,1.58119,1.43,1.19
2012.07.12 12:00:18.010,1.58075,1.58114,1.12,1.38
2012.07.12 12:00:18.386,1.58073,1.58112,2.83,1.14
2012.07.12 12:00:18.456,1.58076,1.58117,1.03,1.87
2012.07.12 12:00:18.770,1.58076,1.58117,1.03,1.87
2012.07.12 12:00:18.962,1.58073,1.58113,2.68,2.28
2012.07.12 12:00:19.090,1.58073,1.58113,1.74,2.23
2012.07.12 12:00:19.490,1.58072,1.58108,1.07,1.43
2012.07.12 12:00:20.100,1.58074,1.58116,2.73,2.20
2012.07.12 12:00:21.490,1.58074,1.58114,2.54,1.19
2012.07.12 12:00:21.560,1.58074,1.58109,1.74,1.14
2012.07.12 12:00:21.689,1.58071,1.58108,1.41,1.87
2012.07.12 12:00:22.753,1.58072,1.58108,1.07,1.87
2012.07.12 12:00:24.729,1.58072,1.58108,1.07,1.87
2012.07.12 12:00:25.762,1.58075,1.58108,1.28,1.87
2012.07.12 12:00:25.889,1.58076,1.58116,1.22,1.87
2012.07.12 12:00:26.911,1.58079,1.58116,1.07,1.87
2012.07.12 12:00:27.220,1.58082,1.58125,1.07,2.75
2012.07.12 12:00:27.281,1.58082,1.58125,1.26,2.57
2012.07.12 12:00:27.411,1.58089,1.58125,1.93,1.14
2012.07.12 12:00:27.961,1.58089,1.58123,1.93,1.19
2012.07.12 12:00:28.503,1.58082,1.58123,1.56,1.19
2012.07.12 12:00:28.630,1.58082,1.58123,1.56,1.19
2012.07.12 12:00:28.700,1.58081,1.58123,2.23,1.19
2012.07.12 12:00:28.772,1.58081,1.58119,2.23,1.19
2012.07.12 12:00:29.731,1.58081,1.58116,1.74,1.09
2012.07.12 12:00:29.860,1.58076,1.58113,1.64,1.19
2012.07.12 12:00:30.049,1.58075,1.58113,1.07,1.19
2012.07.12 12:00:30.352,1.58075,1.58117,1.07,2.20
2012.07.12 12:00:35.852,1.58075,1.58117,1.07,2.20
2012.07.12 12:00:36.100,1.58075,1.58119,2.31,2.62
2012.07.12 12:00:36.320,1.58075,1.58119,2.31,2.62
2012.07.12 12:00:37.273,1.58082,1.58118,1.43,1.19
2012.07.12 12:00:37.341,1.58082,1.58119,1.93,1.19
2012.07.12 12:00:37.850,1.58077,1.5812,1.93,1.15
2012.07.12 12:00:38.040,1.58082,1.5812,1.26,1.15
2012.07.12 12:00:41.541,1.58074,1.58116,1.74,1.87
2012.07.12 12:00:42.101,1.58076,1.58116,1.07,1.87
2012.07.12 12:00:44.051,1.58076,1.58116,1.63,1.87
2012.07.12 12:00:48.900,1.58082,1.58121,1.07,1.14
2012.07.12 12:00:49.090,1.58086,1.58121,2.68,1.52
2012.07.12 12:00:54.370,1.58088,1.58121,1.07,1.14
2012.07.12 12:00:54.699,1.5809,1.58127,1.07,2.23
2012.07.12 12:00:55.202,1.5809,1.58127,1.07,1.19
2012.07.12 12:00:55.329,1.58092,1.58128,1.07,1.89
2012.07.12 12:00:55.540,1.5809,1.58127,1.07,1.14
2012.07.12 12:00:55.670,1.58092,1.58128,1.07,1.14
2012.07.12 12:00:55.860,1.58091,1.58128,1.07,1.89
2012.07.12 12:00:56.011,1.58092,1.58127,1.07,1.19
2012.07.12 12:00:56.520,1.58091,1.5813,2.68,1.19
2012.07.12 12:00:56.591,1.58091,1.58135,2.68,2.23
2012.07.12 12:00:56.781,1.58096,1.58135,1.07,1.87
2012.07.12 12:00:56.991,1.58091,1.58133,2.49,1.38
2012.07.12 12:00:57.120,1.58091,1.58128,1.07,2.13
2012.07.12 12:00:58.093,1.58091,1.58128,1.07,2.13
2012.07.12 12:00:59.932,1.58091,1.58127,1.07,1.14
2012.07.12 12:01:00.151,1.58091,1.58127,1.07,1.14
2012.07.12 12:01:00.400,1.5809,1.58127,1.07,1.89
2012.07.12 12:01:00.649,1.58087,1.58123,1.26,1.14
2012.07.12 12:01:00.720,1.58087,1.58127,1.26,1.89
2012.07.12 12:01:02.089,1.5809,1.58128,1.07,3.32
2012.07.12 12:01:02.490,1.58087,1.58128,1.07,2.88
2012.07.12 12:01:03.139,1.58086,1.58123,1.41,1.43
2012.07.12 12:01:03.346,1.58091,1.58129,1.07,2.57
2012.07.12 12:01:03.412,1.58087,1.58127,1.22,1.09
2012.07.12 12:01:03.723,1.58084,1.58123,1.31,1.19
2012.07.12 12:01:04.153,1.58079,1.58116,1.03,1.14
2012.07.12 12:01:04.461,1.58077,1.58105,1.13,1.14
2012.07.12 12:01:04.890,1.58067,1.58105,2.08,1.14
2012.07.12 12:01:05.260,1.58063,1.58104,1.31,2.57
2012.07.12 12:01:05.330,1.58062,1.58104,1.26,2.57
2012.07.12 12:01:08.800,1.58066,1.58103,1.07,1.19
2012.07.12 12:01:08.930,1.58067,1.58103,1.07,1.19
2012.07.12 12:01:09.200,1.58059,1.58103,2.68,1.89
2012.07.12 12:01:09.430,1.58059,1.58103,2.31,1.89
2012.07.12 12:01:10.661,1.58061,1.58105,1.26,2.24
2012.07.12 12:01:11.018,1.58056,1.58097,1.07,1.87
2012.07.12 12:01:12.521,1.58057,1.58097,1.82,2.24
2012.07.12 12:01:12.711,1.58058,1.58097,1.03,1.87
2012.07.12 12:01:13.164,1.58061,1.58104,1.74,1.87
2012.07.12 12:01:13.384,1.58061,1.58104,2.39,1.87
2012.07.12 12:01:16.570,1.58057,1.58098,1.07,1.87
2012.07.12 12:01:16.923,1.58062,1.58103,1.07,1.33
2012.07.12 12:01:17.580,1.58062,1.58104,1.07,2.05
2012.07.12 12:01:19.864,1.58066,1.58104,1.07,1.87
2012.07.12 12:01:20.211,1.58067,1.58104,1.07,2.05
2012.07.12 12:01:20.580,1.58071,1.58109,1.07,1.87
2012.07.12 12:01:20.711,1.58067,1.58108,1.07,1.19
2012.07.12 12:01:21.093,1.58062,1.58098,1.37,1.87
2012.07.12 12:01:21.752,1.58067,1.58104,1.07,2.05
2012.07.12 12:01:22.000,1.58066,1.58104,1.07,1.87
2012.07.12 12:01:22.330,1.58061,1.58105,1.82,1.87
2012.07.12 12:01:22.521,1.58066,1.58108,2.49,2.05
2012.07.12 12:01:25.319,1.58066,1.58108,1.74,2.05
2012.07.12 12:01:26.281,1.58061,1.58103,1.07,1.87
2012.07.12 12:01:26.368,1.58061,1.58098,1.07,1.43
2012.07.12 12:01:26.903,1.58067,1.58103,1.07,1.87
2012.07.12 12:01:27.364,1.58066,1.58105,1.07,1.87
2012.07.12 12:01:27.630,1.58067,1.58098,1.07,1.43
2012.07.12 12:01:27.761,1.58066,1.58104,1.07,2.24
2012.07.12 12:01:28.489,1.58066,1.58104,1.07,1.87
2012.07.12 12:01:28.989,1.58068,1.58104,1.07,2.80
2012.07.12 12:01:29.580,1.58067,1.58098,1.07,1.43
2012.07.12 12:01:30.369,1.58067,1.58098,1.07,1.43
2012.07.12 12:01:31.074,1.58061,1.58098,1.07,1.43
2012.07.12 12:01:31.875,1.58061,1.58098,1.07,1.43
2012.07.12 12:01:32.314,1.58061,1.58098,1.07,1.87
2012.07.12 12:01:32.479,1.58061,1.58098,1.07,1.43
2012.07.12 12:01:34.621,1.58057,1.58098,1.07,2.88
2012.07.12 12:01:34.870,1.58057,1.58094,1.07,1.19
2012.07.12 12:01:35.181,1.58057,1.58092,1.07,1.09
2012.07.12 12:01:35.249,1.58057,1.58093,1.07,1.53
2012.07.12 12:01:35.753,1.58054,1.58094,2.93,1.19
2012.07.12 12:01:35.821,1.58057,1.58094,1.07,1.19
2012.07.12 12:01:38.531,1.58057,1.58099,2.49,1.90
2012.07.12 12:01:39.020,1.58056,1.58092,1.07,1.43
2012.07.12 12:01:39.091,1.58056,1.58092,1.07,1.87
2012.07.12 12:01:39.161,1.58056,1.58088,1.07,1.19
2012.07.12 12:01:39.472,1.5805,1.58085,1.31,1.45
2012.07.12 12:01:39.861,1.58049,1.58083,1.07,1.14
2012.07.12 12:01:40.241,1.58051,1.58086,1.07,1.87
2012.07.12 12:01:40.760,1.58048,1.58089,1.12,2.05
2012.07.12 12:01:40.831,1.58051,1.58089,1.07,2.05
2012.07.12 12:01:41.332,1.58047,1.58089,1.07,2.05
2012.07.12 12:01:42.359,1.58051,1.58089,1.07,2.05
2012.07.12 12:01:45.989,1.5805,1.58089,1.07,1.87
2012.07.12 12:01:46.731,1.58051,1.58089,1.07,1.87
2012.07.12 12:01:47.362,1.5805,1.58089,1.07,1.87
2012.07.12 12:01:47.572,1.5805,1.58089,1.07,1.87
2012.07.12 12:01:49.661,1.58056,1.58092,1.07,1.87
2012.07.12 12:01:50.580,1.58055,1.58092,1.07,1.87
2012.07.12 12:01:51.770,1.58056,1.58092,1.07,1.87
2012.07.12 12:01:55.410,1.58051,1.58092,1.07,1.87
2012.07.12 12:01:59.450,1.5805,1.58088,1.07,1.72
2012.07.12 12:01:59.581,1.58049,1.58088,2.24,1.72
2012.07.12 12:02:00.150,1.58049,1.58081,1.49,1.43
2012.07.12 12:02:00.670,1.58051,1.58085,1.07,2.39
2012.07.12 12:02:00.802,1.58049,1.58085,1.44,2.39
2012.07.12 12:02:00.930,1.5805,1.58085,1.07,2.39
2012.07.12 12:02:05.961,1.58051,1.58085,1.07,2.05
2012.07.12 12:02:06.090,1.58053,1.58091,1.07,2.94
2012.07.12 12:02:06.162,1.58052,1.58091,1.07,2.94
2012.07.12 12:02:06.291,1.58049,1.58088,2.62,1.58
2012.07.12 12:02:06.425,1.58049,1.58086,1.87,1.19
2012.07.12 12:02:06.671,1.5805,1.58088,1.74,1.65
2012.07.12 12:02:07.417,1.58049,1.58084,1.12,1.09
2012.07.12 12:02:07.493,1.58046,1.58088,1.87,3.70
2012.07.12 12:02:07.561,1.58046,1.58088,1.87,3.70
2012.07.12 12:02:07.751,1.58044,1.58088,1.07,4.45
2012.07.12 12:02:08.011,1.58044,1.58088,1.07,4.64
2012.07.12 12:02:08.460,1.58044,1.58088,1.07,4.64
2012.07.12 12:02:09.321,1.58044,1.5808,1.07,1.62
2012.07.12 12:02:09.391,1.58044,1.5808,1.07,2.05
2012.07.12 12:02:09.602,1.58045,1.5808,1.07,2.05
2012.07.12 12:02:11.350,1.58045,1.5808,1.07,2.05
2012.07.12 12:02:11.481,1.58036,1.58079,1.44,1.14
2012.07.12 12:02:11.611,1.58036,1.58076,1.44,2.05
2012.07.12 12:02:12.040,1.58032,1.58073,1.78,1.87
2012.07.12 12:02:12.730,1.58036,1.58073,2.24,1.87
2012.07.12 12:02:12.800,1.58039,1.58073,1.12,1.87
2012.07.12 12:02:13.050,1.58047,1.5808,1.13,2.20
2012.07.12 12:02:13.180,1.58047,1.5808,1.44,2.20
2012.07.12 12:02:14.240,1.58047,1.58079,1.44,1.62
2012.07.12 12:02:18.854,1.58046,1.5808,1.44,2.05
2012.07.12 12:02:18.980,1.58047,1.5808,1.07,1.62
2012.07.12 12:02:22.263,1.58047,1.5808,1.44,2.05
2012.07.12 12:02:22.840,1.58047,1.5808,1.44,1.62
2012.07.12 12:02:22.910,1.58047,1.5808,1.44,1.62
2012.07.12 12:02:23.520,1.58052,1.58087,1.07,1.38
2012.07.12 12:02:23.960,1.58052,1.58086,1.07,1.19
2012.07.12 12:02:24.150,1.5806,1.58093,1.07,2.05
2012.07.12 12:02:24.684,1.58061,1.58096,1.07,1.62
2012.07.12 12:02:25.231,1.58057,1.58096,1.44,2.05
2012.07.12 12:02:25.770,1.58057,1.58092,1.44,1.43
2012.07.12 12:02:26.270,1.58057,1.58092,1.44,1.87
2012.07.12 12:02:26.340,1.58057,1.58092,1.44,1.43
2012.07.12 12:02:27.009,1.58057,1.58093,1.44,1.62
2012.07.12 12:02:27.411,1.58063,1.58093,1.07,1.62
2012.07.12 12:02:27.721,1.58061,1.58097,1.07,1.62
2012.07.12 12:02:27.790,1.58061,1.58093,1.07,1.43
2012.07.12 12:02:28.130,1.58061,1.58093,1.07,1.87
2012.07.12 12:02:28.331,1.58056,1.58089,1.82,1.43
2012.07.12 12:02:28.760,1.58056,1.58089,1.44,1.43
2012.07.12 12:02:28.844,1.58056,1.58089,1.82,1.43
2012.07.12 12:02:28.910,1.58065,1.58093,1.07,1.62
2012.07.12 12:02:29.470,1.58066,1.58097,1.07,1.62
2012.07.12 12:02:30.008,1.58061,1.58094,1.07,1.62
2012.07.12 12:02:31.315,1.58061,1.58094,1.07,1.62
2012.07.12 12:02:31.440,1.58064,1.58094,1.07,1.43
2012.07.12 12:02:31.571,1.58064,1.58101,1.07,1.48
2012.07.12 12:02:31.642,1.58067,1.58102,1.44,1.77
2012.07.12 12:02:34.546,1.58071,1.58102,1.07,1.77
2012.07.12 12:02:35.880,1.58067,1.58104,1.44,2.20
2012.07.12 12:02:36.400,1.58069,1.58104,1.07,2.20
2012.07.12 12:02:37.231,1.58066,1.58104,1.07,2.20
2012.07.12 12:02:38.010,1.58066,1.58104,1.82,1.87
2012.07.12 12:02:38.140,1.58066,1.58104,1.82,1.87
2012.07.12 12:02:48.012,1.58071,1.58106,1.09,1.19
2012.07.12 12:02:48.322,1.58072,1.58107,1.28,1.57
2012.07.12 12:02:48.640,1.58077,1.58107,1.09,1.57
2012.07.12 12:02:49.319,1.58082,1.58107,1.07,1.13
2012.07.12 12:02:49.741,1.58082,1.58116,1.07,1.43
2012.07.12 12:02:50.084,1.58082,1.58118,1.07,1.87
2012.07.12 12:02:51.659,1.58082,1.58118,1.07,2.05
2012.07.12 12:02:51.790,1.58077,1.58114,1.41,2.05
2012.07.12 12:02:52.352,1.58077,1.58114,1.41,2.05
2012.07.12 12:02:53.072,1.58076,1.58107,1.41,1.43
2012.07.12 12:02:53.263,1.58074,1.58103,1.49,1.43
2012.07.12 12:02:53.452,1.58069,1.58103,1.22,1.43
2012.07.12 12:02:53.521,1.58066,1.58103,1.44,1.95
2012.07.12 12:02:54.388,1.58066,1.58103,1.44,1.95
2012.07.12 12:02:54.542,1.58066,1.58104,1.07,1.87
2012.07.12 12:02:55.012,1.58066,1.58108,1.07,1.38
2012.07.12 12:02:56.202,1.58066,1.58106,1.07,2.45
2012.07.12 12:02:57.402,1.58062,1.58103,1.07,1.19
2012.07.12 12:02:57.721,1.58064,1.58107,2.49,1.52
2012.07.12 12:02:58.189,1.58066,1.58106,1.07,1.14
2012.07.12 12:02:58.380,1.58067,1.58106,1.07,1.52
2012.07.12 12:02:58.450,1.58066,1.58106,1.07,1.52
2012.07.12 12:03:02.193,1.58064,1.58103,1.89,1.19
2012.07.12 12:03:02.550,1.58064,1.58103,1.89,1.89
2012.07.12 12:03:02.861,1.58067,1.58106,1.26,1.14
2012.07.12 12:03:03.411,1.58067,1.58104,1.26,1.19
2012.07.12 12:03:03.571,1.58066,1.58104,1.26,1.19
2012.07.12 12:03:03.910,1.5807,1.58108,1.74,2.23
2012.07.12 12:03:04.241,1.5807,1.58105,1.74,2.92
2012.07.12 12:03:04.312,1.58067,1.58098,1.82,1.13
2012.07.12 12:03:04.501,1.58071,1.58097,1.13,1.19
2012.07.12 12:03:04.631,1.58073,1.58108,2.24,1.87
2012.07.12 12:03:04.702,1.58076,1.58106,1.13,1.19
2012.07.12 12:03:04.830,1.58076,1.58108,1.13,1.87
2012.07.12 12:03:04.901,1.58076,1.58116,1.13,1.19
2012.07.12 12:03:05.395,1.58077,1.58118,1.07,1.14
2012.07.12 12:03:06.971,1.58075,1.58118,2.08,1.19
2012.07.12 12:03:09.191,1.58072,1.58113,1.07,1.87
2012.07.12 12:03:10.480,1.58071,1.58112,2.49,1.14
2012.07.12 12:03:10.671,1.58064,1.58109,1.93,1.45
2012.07.12 12:03:10.803,1.58061,1.58107,1.44,1.70
2012.07.12 12:03:11.931,1.58061,1.58103,1.07,1.14
2012.07.12 12:03:12.722,1.58061,1.58106,1.07,1.70
2012.07.12 12:03:14.021,1.58066,1.5811,1.07,2.05
2012.07.12 12:03:15.191,1.58066,1.5811,1.07,2.39
2012.07.12 12:03:17.150,1.58068,1.58102,1.07,1.87
2012.07.12 12:03:17.340,1.58072,1.58113,1.07,1.87
2012.07.12 12:03:17.590,1.58075,1.58115,1.07,1.87
2012.07.12 12:03:17.901,1.58077,1.58116,1.07,2.05
2012.07.12 12:03:18.272,1.5808,1.58116,1.07,2.05
2012.07.12 12:03:18.401,1.58079,1.58116,1.44,2.05
2012.07.12 12:03:18.531,1.58079,1.58116,1.07,2.05
2012.07.12 12:03:18.720,1.58081,1.58116,1.44,1.87
2012.07.12 12:03:19.350,1.58078,1.58125,1.26,1.48
2012.07.12 12:03:19.420,1.58075,1.58118,1.93,1.53
2012.07.12 12:03:22.227,1.58072,1.58114,1.07,1.87
2012.07.12 12:03:22.521,1.58077,1.58118,2.18,1.67
2012.07.12 12:03:22.800,1.58071,1.58113,2.49,1.87
2012.07.12 12:03:25.570,1.58071,1.58105,1.44,1.43
2012.07.12 12:03:25.912,1.58073,1.58105,1.07,1.43
2012.07.12 12:03:26.223,1.58078,1.58113,1.44,1.43
2012.07.12 12:03:26.411,1.58078,1.58113,1.13,1.87
2012.07.12 12:03:26.720,1.58076,1.58113,1.07,1.87
2012.07.12 12:03:26.972,1.58072,1.58106,1.59,1.88
2012.07.12 12:03:27.282,1.58066,1.58101,1.71,1.14
2012.07.12 12:03:27.352,1.58066,1.58101,1.41,1.14
2012.07.12 12:03:27.439,1.58068,1.58101,1.07,1.14
2012.07.12 12:03:28.381,1.58068,1.58105,1.07,1.87
2012.07.12 12:03:28.454,1.58074,1.58105,1.07,1.43
2012.07.12 12:03:28.925,1.58074,1.58105,1.07,1.43
2012.07.12 12:03:28.990,1.58074,1.58105,1.07,1.43
2012.07.12 12:03:30.591,1.58077,1.58105,1.13,1.43
2012.07.12 12:03:30.661,1.58081,1.58113,1.13,1.67
2012.07.12 12:03:30.850,1.58082,1.58119,1.13,2.05
2012.07.12 12:03:30.921,1.58088,1.58119,1.09,2.05
2012.07.12 12:03:30.992,1.5809,1.58119,1.07,1.62
2012.07.12 12:03:31.061,1.5809,1.58121,1.07,1.83
2012.07.12 12:03:31.130,1.58088,1.58121,1.09,1.14
2012.07.12 12:03:31.201,1.58085,1.58123,2.24,1.15
2012.07.12 12:03:31.330,1.58086,1.58123,1.22,1.15
2012.07.12 12:03:31.660,1.58086,1.58121,1.07,3.52
2012.07.12 12:03:33.973,1.58087,1.58121,1.07,2.05
2012.07.12 12:03:34.360,1.58087,1.58113,1.07,1.43
2012.07.12 12:03:34.431,1.58085,1.58113,1.07,1.43
2012.07.12 12:03:34.501,1.58081,1.58113,1.07,1.43
2012.07.12 12:03:34.569,1.58081,1.58113,1.07,1.43
2012.07.12 12:03:34.761,1.58081,1.58113,1.07,1.43
2012.07.12 12:03:34.829,1.58081,1.58118,1.07,1.33
2012.07.12 12:03:35.849,1.58081,1.58119,1.07,2.32
2012.07.12 12:03:36.930,1.58081,1.58119,1.07,2.05
2012.07.12 12:03:37.179,1.58081,1.58119,1.07,2.05
2012.07.12 12:03:37.249,1.58081,1.58119,1.07,1.62
2012.07.12 12:03:38.984,1.58082,1.58113,1.07,1.43
2012.07.12 12:03:39.050,1.58082,1.58113,1.07,1.43
2012.07.12 12:03:39.233,1.58079,1.58113,1.07,1.87
2012.07.12 12:03:39.361,1.58082,1.58113,1.07,1.43
2012.07.12 12:03:41.100,1.58082,1.58113,1.07,1.43
2012.07.12 12:03:41.620,1.58086,1.58116,1.07,1.43
2012.07.12 12:03:53.721,1.58082,1.58116,1.07,1.87
2012.07.12 12:03:53.970,1.58086,1.58116,1.07,1.43
2012.07.12 12:03:54.320,1.58083,1.58116,1.37,1.87
2012.07.12 12:03:54.730,1.58086,1.58116,1.07,1.43
2012.07.12 12:03:56.001,1.58086,1.58116,1.41,1.43
2012.07.12 12:03:56.070,1.58086,1.58122,1.41,1.70
2012.07.12 12:03:56.513,1.58086,1.58119,1.82,1.87
2012.07.12 12:03:56.582,1.58086,1.58119,1.82,2.05
2012.07.12 12:03:56.891,1.58086,1.58121,1.07,1.87
2012.07.12 12:03:57.442,1.58086,1.58128,2.93,1.87
2012.07.12 12:03:57.511,1.58086,1.58128,2.87,1.87
2012.07.12 12:03:57.814,1.58087,1.58121,1.13,1.87
2012.07.12 12:03:58.081,1.58087,1.58121,1.44,1.43
2012.07.12 12:03:58.715,1.58087,1.58121,1.44,1.87
2012.07.12 12:03:58.840,1.58087,1.58121,1.44,1.43
2012.07.12 12:03:59.725,1.58086,1.58121,1.44,1.43
2012.07.12 12:03:59.792,1.58086,1.58123,1.82,1.43
2012.07.12 12:04:00.311,1.58086,1.58123,1.07,1.43
2012.07.12 12:04:00.500,1.58082,1.58123,1.12,1.87
2012.07.12 12:04:01.114,1.58085,1.58122,1.07,1.43
2012.07.12 12:04:02.930,1.58087,1.58122,1.44,1.43
2012.07.12 12:04:03.460,1.58087,1.58123,1.44,1.43
2012.07.12 12:04:05.554,1.58091,1.58121,1.07,1.43
2012.07.12 12:04:05.863,1.58087,1.5812,1.07,1.62
2012.07.12 12:04:06.110,1.58086,1.5812,1.82,1.62
2012.07.12 12:04:06.241,1.58086,1.5812,1.44,1.62
2012.07.12 12:04:09.889,1.58086,1.5812,1.07,1.62
2012.07.12 12:04:10.071,1.58076,1.5811,1.82,1.43
2012.07.12 12:04:10.139,1.58076,1.5811,1.82,1.43
2012.07.12 12:04:10.200,1.58076,1.58108,1.82,1.43
2012.07.12 12:04:10.271,1.58076,1.58108,1.82,1.43
2012.07.12 12:04:11.070,1.58075,1.58108,1.07,1.43
2012.07.12 12:04:11.740,1.58075,1.58106,1.07,1.43
2012.07.12 12:04:12.281,1.58075,1.58107,1.07,1.43
2012.07.12 12:04:12.836,1.58076,1.58107,1.07,1.43
2012.07.12 12:04:13.421,1.58069,1.58107,1.44,2.18
2012.07.12 12:04:13.491,1.58069,1.58103,1.44,1.09
2012.07.12 12:04:13.975,1.58066,1.58105,1.44,1.77
2012.07.12 12:04:14.053,1.58062,1.58097,1.37,1.87
2012.07.12 12:04:14.182,1.58059,1.58097,1.27,2.18
2012.07.12 12:04:14.251,1.58057,1.58094,1.76,1.19
2012.07.12 12:04:14.440,1.58057,1.58095,1.03,1.87
2012.07.12 12:04:14.952,1.58057,1.58096,1.03,1.87
2012.07.12 12:04:15.502,1.58056,1.58093,1.07,1.38
2012.07.12 12:04:15.851,1.58056,1.58096,1.44,2.05
2012.07.12 12:04:15.981,1.58056,1.58096,1.44,2.05
2012.07.12 12:04:16.174,1.58056,1.58096,1.44,2.05
2012.07.12 12:04:17.932,1.58049,1.58089,2.19,1.87
2012.07.12 12:04:18.013,1.58046,1.58089,1.07,2.05
2012.07.12 12:04:18.141,1.58048,1.58089,1.07,2.05
2012.07.12 12:04:18.523,1.58046,1.58089,1.07,2.05
2012.07.12 12:04:20.470,1.58047,1.58088,1.07,2.08
2012.07.12 12:04:20.840,1.58047,1.58088,1.07,2.75
2012.07.12 12:04:23.119,1.58045,1.58086,1.07,1.70
2012.07.12 12:04:23.661,1.58041,1.58087,1.07,2.43
2012.07.12 12:04:23.792,1.58041,1.58087,1.07,2.43
2012.07.12 12:04:25.340,1.58036,1.5808,2.49,2.05
2012.07.12 12:04:28.431,1.58036,1.58077,1.07,2.05
2012.07.12 12:04:28.740,1.58036,1.58069,1.07,2.05
2012.07.12 12:04:29.523,1.58036,1.58069,1.07,1.62
2012.07.12 12:04:29.770,1.58033,1.58069,1.07,2.05
2012.07.12 12:04:29.853,1.58033,1.58069,1.07,1.62
2012.07.12 12:04:31.661,1.58037,1.58069,1.56,1.87
2012.07.12 12:04:31.805,1.58041,1.58069,1.13,1.87
2012.07.12 12:04:31.873,1.58041,1.58073,1.13,2.05
2012.07.12 12:04:32.003,1.58041,1.58073,1.13,2.05
2012.07.12 12:04:32.574,1.58049,1.58081,1.13,1.87
2012.07.12 12:04:33.104,1.58049,1.58084,1.13,1.38
2012.07.12 12:04:33.290,1.58047,1.58088,1.50,1.53
2012.07.12 12:04:33.672,1.58049,1.58089,1.44,1.53
2012.07.12 12:04:34.190,1.58048,1.58089,1.07,1.53
2012.07.12 12:04:36.690,1.58054,1.5809,1.56,2.05
2012.07.12 12:04:36.941,1.58061,1.58096,1.13,1.87
2012.07.12 12:04:37.130,1.58061,1.581,1.13,2.05
2012.07.12 12:04:37.871,1.58061,1.581,1.13,2.05
2012.07.12 12:04:39.612,1.58061,1.581,1.13,2.05
2012.07.12 12:04:39.860,1.58061,1.581,1.13,2.05
2012.07.12 12:04:40.290,1.58059,1.58096,1.07,1.87
2012.07.12 12:04:40.714,1.58057,1.58096,1.07,1.87
2012.07.12 12:04:40.960,1.58055,1.58093,1.07,1.19
2012.07.12 12:04:41.051,1.58055,1.58093,1.07,1.19
2012.07.12 12:04:41.713,1.58057,1.58091,1.07,1.14
2012.07.12 12:04:42.281,1.58052,1.58092,2.12,1.14
2012.07.12 12:04:43.701,1.58052,1.58089,2.12,1.19
2012.07.12 12:04:43.830,1.58052,1.58084,2.23,1.19
2012.07.12 12:04:44.081,1.58046,1.58084,1.46,1.19
2012.07.12 12:04:44.272,1.58049,1.58085,1.56,1.87
2012.07.12 12:04:44.521,1.58052,1.58089,1.41,2.05
2012.07.12 12:04:44.590,1.58054,1.58089,2.24,2.05
2012.07.12 12:04:44.721,1.58062,1.58095,1.50,1.12
2012.07.12 12:04:44.971,1.58063,1.58096,1.44,2.20
2012.07.12 12:04:45.103,1.58066,1.58103,1.07,1.19
2012.07.12 12:04:46.183,1.58065,1.58103,1.07,1.19
2012.07.12 12:04:47.330,1.58066,1.58103,1.07,1.19
2012.07.12 12:04:48.051,1.58065,1.58104,1.07,1.87
2012.07.12 12:04:48.241,1.58065,1.58095,1.07,1.43
2012.07.12 12:04:48.792,1.58066,1.58095,1.07,1.43
2012.07.12 12:04:49.451,1.58065,1.58095,1.07,1.43
2012.07.12 12:04:50.112,1.58066,1.58097,1.07,1.62
2012.07.12 12:04:50.613,1.58066,1.58096,1.07,1.43
2012.07.12 12:04:56.659,1.58065,1.58096,1.07,1.43
2012.07.12 12:04:57.724,1.58066,1.58096,1.07,1.43
2012.07.12 12:04:58.340,1.58065,1.58096,1.07,1.43
2012.07.12 12:04:58.650,1.58065,1.58099,1.07,1.62
2012.07.12 12:04:59.023,1.5806,1.58098,1.44,1.38
2012.07.12 12:04:59.331,1.58061,1.58095,1.44,1.43
2012.07.12 12:04:59.520,1.58063,1.58088,1.07,1.43
2012.07.12 12:05:00.050,1.58058,1.58088,1.13,1.43
2012.07.12 12:05:01.791,1.5806,1.58088,1.13,1.87
2012.07.12 12:05:01.859,1.58058,1.58088,1.13,1.87
2012.07.12 12:05:02.400,1.58059,1.58088,1.13,1.87
2012.07.12 12:05:02.910,1.58059,1.58088,1.13,1.87
2012.07.12 12:05:04.051,1.58054,1.58088,1.13,2.62
2012.07.12 12:05:04.361,1.58053,1.58081,1.13,1.43
2012.07.12 12:05:04.910,1.58054,1.58083,1.13,2.05
2012.07.12 12:05:06.950,1.58054,1.58083,1.13,2.05
2012.07.12 12:05:07.566,1.58053,1.58083,1.13,2.05
2012.07.12 12:05:08.291,1.58051,1.58085,1.56,2.05
2012.07.12 12:05:11.021,1.58052,1.5809,1.56,1.12
2012.07.12 12:05:11.090,1.58052,1.5809,1.87,1.12
2012.07.12 12:05:12.371,1.58054,1.5809,1.07,1.12
2012.07.12 12:05:12.921,1.58055,1.58092,1.07,2.05
2012.07.12 12:05:13.713,1.58055,1.58091,1.07,2.05
2012.07.12 12:05:16.412,1.58053,1.58091,1.13,2.05
2012.07.12 12:05:16.721,1.58054,1.58085,1.13,2.05
2012.07.12 12:05:16.850,1.58049,1.58085,1.44,2.05
2012.07.12 12:05:16.983,1.58046,1.58081,1.07,1.43
2012.07.12 12:05:17.291,1.58046,1.58086,1.82,2.05
2012.07.12 12:05:18.280,1.58046,1.58086,1.07,2.05
2012.07.12 12:05:18.620,1.58046,1.58086,1.07,2.05
2012.07.12 12:05:20.231,1.5805,1.58086,1.07,2.80
2012.07.12 12:05:20.421,1.58049,1.58077,1.13,1.43
2012.07.12 12:05:20.551,1.58051,1.58077,1.82,1.43
2012.07.12 12:05:20.621,1.58051,1.58094,1.82,2.80
2012.07.12 12:05:20.692,1.58057,1.58094,1.44,2.05
2012.07.12 12:05:21.199,1.58051,1.58094,1.82,3.14
2012.07.12 12:05:21.816,1.58052,1.58094,1.12,3.14
2012.07.12 12:05:22.412,1.58051,1.58094,1.82,3.14
2012.07.12 12:05:22.702,1.58056,1.58087,1.07,1.09
2012.07.12 12:05:23.012,1.58049,1.58087,1.93,2.20
2012.07.12 12:05:23.079,1.58049,1.58087,2.24,2.20
2012.07.12 12:05:23.580,1.58051,1.58089,1.50,1.12
2012.07.12 12:05:24.090,1.58049,1.58089,1.82,1.12
2012.07.12 12:05:27.243,1.58049,1.58089,1.07,1.87
2012.07.12 12:05:28.038,1.5805,1.58089,1.43,1.87
2012.07.12 12:05:28.700,1.58049,1.58089,1.07,1.87
2012.07.12 12:05:29.071,1.58049,1.58089,1.82,2.54
2012.07.12 12:05:29.380,1.58053,1.58094,1.18,1.53
2012.07.12 12:05:29.511,1.58055,1.58097,1.07,1.68
2012.07.12 12:05:30.340,1.58056,1.58098,1.07,2.35
2012.07.12 12:05:30.650,1.58052,1.5809,1.56,2.05
2012.07.12 12:05:30.781,1.58056,1.5809,1.07,2.05
2012.07.12 12:05:31.770,1.58057,1.5809,1.44,1.43
2012.07.12 12:05:32.401,1.58057,1.58093,1.44,1.87
2012.07.12 12:05:36.331,1.58056,1.58092,1.07,1.15
2012.07.12 12:05:36.401,1.58051,1.58089,2.49,1.48
2012.07.12 12:05:36.531,1.58052,1.58092,1.07,1.15
2012.07.12 12:05:36.846,1.58051,1.58093,1.74,3.89
2012.07.12 12:05:37.176,1.58046,1.58085,1.41,1.87
2012.07.12 12:05:43.772,1.58046,1.58082,1.07,2.75
2012.07.12 12:05:43.902,1.58042,1.58075,2.39,1.87
2012.07.12 12:05:44.550,1.58042,1.58075,2.39,1.87
2012.07.12 12:05:44.871,1.58046,1.58082,2.16,1.87
2012.07.12 12:05:54.932,1.58043,1.58079,1.12,1.87
2012.07.12 12:05:55.000,1.58042,1.58079,1.07,1.87
2012.07.12 12:05:57.100,1.58043,1.58079,1.44,1.87
2012.07.12 12:05:57.632,1.58043,1.58079,1.07,1.87
2012.07.12 12:05:57.942,1.58042,1.58079,1.50,2.05
2012.07.12 12:05:58.012,1.58041,1.58079,1.07,2.05
2012.07.12 12:05:58.081,1.58042,1.58077,1.07,2.05
2012.07.12 12:05:58.582,1.58042,1.58077,1.07,1.62
2012.07.12 12:06:00.114,1.58043,1.58079,1.43,1.72
2012.07.12 12:06:00.195,1.5804,1.58079,1.07,3.14
2012.07.12 12:06:00.262,1.58038,1.58079,1.13,3.14
2012.07.12 12:06:00.451,1.58034,1.58076,1.07,1.48
2012.07.12 12:06:00.521,1.58034,1.58076,1.07,1.48
2012.07.12 12:06:00.993,1.58034,1.58072,1.82,2.05
2012.07.12 12:06:01.062,1.58036,1.58071,1.07,1.33
2012.07.12 12:06:01.131,1.58033,1.58071,1.88,1.33
2012.07.12 12:06:01.380,1.58036,1.58076,1.07,1.14
2012.07.12 12:06:01.931,1.58034,1.58071,1.13,1.52
2012.07.12 12:06:02.062,1.58036,1.58072,1.07,1.87
2012.07.12 12:06:02.381,1.58036,1.58072,1.07,1.87
2012.07.12 12:06:04.254,1.58038,1.58072,1.07,1.87
2012.07.12 12:06:04.826,1.58038,1.58066,1.07,1.43
2012.07.12 12:06:05.232,1.58036,1.58064,1.07,1.43
2012.07.12 12:06:06.913,1.58033,1.58064,1.44,1.43
2012.07.12 12:06:07.013,1.58033,1.58066,1.44,1.43
2012.07.12 12:06:07.080,1.58033,1.58066,2.19,1.43
2012.07.12 12:06:07.520,1.58036,1.58071,1.07,1.87
2012.07.12 12:06:07.592,1.58036,1.58072,1.07,2.05
2012.07.12 12:06:07.851,1.58034,1.58064,1.88,1.43
2012.07.12 12:06:10.591,1.58033,1.58064,1.44,1.43
2012.07.12 12:06:10.782,1.58033,1.58072,1.44,1.87
2012.07.12 12:06:10.911,1.58033,1.58072,1.44,1.87
2012.07.12 12:06:11.221,1.58036,1.58072,1.07,1.87
2012.07.12 12:06:12.240,1.58035,1.58072,1.07,1.87
2012.07.12 12:06:12.840,1.58035,1.58072,1.07,1.87
2012.07.12 12:06:13.500,1.58035,1.58072,1.07,1.87
2012.07.12 12:06:14.627,1.58035,1.58072,1.07,1.87
2012.07.12 12:06:14.991,1.58033,1.58072,1.44,1.87
2012.07.12 12:06:15.063,1.58033,1.58065,1.44,1.43
2012.07.12 12:06:15.191,1.58033,1.58065,1.13,1.87
2012.07.12 12:06:15.321,1.58033,1.58072,1.44,1.87
2012.07.12 12:06:15.641,1.58035,1.58072,2.16,1.87
2012.07.12 12:06:16.072,1.58037,1.58076,1.84,2.80
2012.07.12 12:06:16.381,1.58047,1.58082,1.62,1.14
2012.07.12 12:06:16.451,1.58042,1.58082,1.69,1.14
2012.07.12 12:06:16.522,1.58046,1.58082,1.28,1.14
2012.07.12 12:06:16.593,1.58046,1.58082,1.28,1.14
2012.07.12 12:06:16.662,1.58047,1.58082,1.77,1.14
2012.07.12 12:06:16.850,1.58049,1.58082,1.47,1.14
2012.07.12 12:06:16.931,1.58049,1.58082,1.47,1.14
2012.07.12 12:06:17.001,1.58049,1.58088,1.78,1.89
2012.07.12 12:06:17.202,1.5805,1.58083,1.12,1.19
2012.07.12 12:06:17.561,1.58049,1.58093,2.16,1.57
2012.07.12 12:06:18.103,1.58049,1.58089,1.49,1.38
2012.07.12 12:06:18.291,1.58049,1.58087,1.07,1.19
2012.07.12 12:06:18.421,1.58049,1.58086,1.07,1.19
2012.07.12 12:06:18.493,1.58048,1.58084,1.44,1.19
2012.07.12 12:06:19.037,1.58046,1.58084,1.07,1.19
2012.07.12 12:06:20.423,1.58045,1.58082,1.07,1.19
2012.07.12 12:06:22.235,1.58046,1.58083,1.07,1.19
2012.07.12 12:06:24.390,1.58045,1.58083,1.07,1.19
2012.07.12 12:06:24.460,1.58046,1.58084,1.07,1.19
2012.07.12 12:06:24.770,1.58053,1.58086,1.13,1.19
2012.07.12 12:06:24.900,1.58049,1.58086,1.07,1.19
2012.07.12 12:06:24.969,1.58049,1.58089,1.07,1.38
2012.07.12 12:06:25.030,1.58049,1.58089,1.07,1.38
2012.07.12 12:06:27.959,1.58047,1.58088,1.07,1.19
2012.07.12 12:06:33.766,1.58047,1.58088,1.07,1.38
2012.07.12 12:06:39.012,1.58051,1.58088,1.07,1.38
2012.07.12 12:06:39.141,1.58052,1.5809,1.44,2.05
2012.07.12 12:06:39.681,1.58052,1.5809,1.44,2.05
2012.07.12 12:06:45.380,1.58051,1.58089,1.07,1.38
2012.07.12 12:06:47.140,1.58047,1.58083,1.07,1.43
2012.07.12 12:06:47.465,1.58047,1.58083,1.07,1.43
2012.07.12 12:06:47.531,1.58047,1.58083,1.07,1.43
2012.07.12 12:06:48.683,1.58047,1.58087,1.63,1.87
2012.07.12 12:06:49.152,1.58053,1.58095,1.93,1.19
2012.07.12 12:06:49.718,1.58056,1.58099,1.26,1.89
2012.07.12 12:06:50.063,1.58055,1.58095,1.26,1.19
2012.07.12 12:06:51.752,1.58064,1.58095,1.07,1.19
2012.07.12 12:06:51.942,1.58068,1.58097,1.07,1.43
2012.07.12 12:06:52.650,1.58068,1.58092,1.07,1.43
2012.07.12 12:06:52.961,1.58061,1.5809,1.07,1.43
2012.07.12 12:06:53.092,1.58061,1.58098,1.07,2.13
2012.07.12 12:06:53.569,1.58062,1.58105,1.07,2.05
2012.07.12 12:06:53.644,1.58062,1.58105,1.07,1.87
2012.07.12 12:06:53.772,1.58062,1.58105,1.07,1.87
2012.07.12 12:06:53.866,1.58062,1.58105,1.07,1.87
2012.07.12 12:06:54.050,1.58062,1.58105,1.07,1.87
2012.07.12 12:06:54.204,1.58062,1.58105,1.07,1.87
2012.07.12 12:06:54.501,1.58066,1.58098,1.07,1.43
2012.07.12 12:06:54.692,1.58061,1.58098,1.07,1.87
2012.07.12 12:06:54.760,1.58061,1.58098,1.07,1.43
2012.07.12 12:06:55.295,1.58061,1.58098,1.07,2.13
2012.07.12 12:06:56.285,1.58061,1.58098,1.07,2.13
2012.07.12 12:06:56.872,1.58067,1.58098,1.07,2.18
2012.07.12 12:06:58.085,1.58068,1.58098,1.07,2.18
2012.07.12 12:07:00.450,1.58068,1.58097,1.07,1.43
2012.07.12 12:07:02.671,1.58057,1.58097,2.24,2.18
2012.07.12 12:07:02.801,1.58057,1.58096,1.87,1.19
2012.07.12 12:07:03.352,1.58052,1.58092,1.78,1.43
2012.07.12 12:07:04.741,1.58057,1.58092,1.07,1.43
2012.07.12 12:07:04.869,1.58057,1.58099,1.07,2.90
2012.07.12 12:07:06.400,1.58057,1.58099,1.07,1.87
2012.07.12 12:07:07.970,1.58065,1.58099,1.12,1.87
2012.07.12 12:07:08.282,1.58076,1.58099,1.74,1.87
2012.07.12 12:07:08.350,1.58081,1.58119,1.12,1.19
2012.07.12 12:07:08.720,1.58082,1.58122,2.16,1.87
2012.07.12 12:07:08.795,1.58082,1.58122,1.07,1.87
2012.07.12 12:07:09.470,1.58082,1.58122,1.07,1.87
2012.07.12 12:07:09.540,1.58083,1.58122,1.07,1.87
2012.07.12 12:07:09.791,1.58087,1.58122,1.07,1.87
2012.07.12 12:07:10.101,1.58086,1.58127,1.64,1.19
2012.07.12 12:07:10.171,1.58087,1.58131,1.41,1.87
2012.07.12 12:07:10.471,1.58087,1.58127,1.07,1.38
2012.07.12 12:07:10.541,1.58087,1.58124,1.07,1.38
2012.07.12 12:07:10.672,1.58087,1.58122,1.07,1.87
2012.07.12 12:07:10.801,1.58084,1.58122,1.07,1.43
2012.07.12 12:07:11.541,1.58086,1.58122,1.07,1.43
2012.07.12 12:07:11.732,1.58083,1.58122,1.41,2.18
2012.07.12 12:07:11.800,1.58083,1.58119,1.07,1.19
2012.07.12 12:07:11.870,1.58083,1.58119,1.07,1.19
2012.07.12 12:07:12.241,1.58086,1.58122,1.07,1.43
2012.07.12 12:07:12.973,1.58087,1.58128,1.07,2.08
2012.07.12 12:07:13.055,1.58086,1.5813,3.02,1.87
2012.07.12 12:07:14.012,1.58091,1.58122,1.07,1.87
2012.07.12 12:07:14.142,1.58087,1.58122,1.07,1.87
2012.07.12 12:07:14.212,1.58087,1.58122,1.07,1.43
2012.07.12 12:07:14.340,1.58087,1.58131,1.07,1.87
2012.07.12 12:07:14.780,1.58092,1.58123,1.07,1.43
2012.07.12 12:07:15.081,1.58086,1.5813,2.49,2.05
2012.07.12 12:07:15.211,1.58086,1.58123,1.26,1.43
2012.07.12 12:07:15.280,1.58084,1.58123,1.26,1.87
2012.07.12 12:07:15.692,1.58083,1.58116,1.44,1.43
2012.07.12 12:07:15.761,1.58083,1.58116,1.44,1.43
2012.07.12 12:07:20.011,1.58084,1.58116,1.07,1.43
2012.07.12 12:07:20.911,1.58078,1.58116,1.44,2.18
2012.07.12 12:07:21.160,1.58076,1.58113,1.18,1.43
2012.07.12 12:07:22.572,1.58076,1.58113,1.41,1.43
2012.07.12 12:07:23.110,1.58077,1.58121,1.41,2.05
2012.07.12 12:07:23.241,1.58077,1.58121,1.41,2.05
2012.07.12 12:07:23.431,1.58077,1.58121,1.41,1.87
2012.07.12 12:07:23.701,1.58077,1.58118,1.07,1.38
2012.07.12 12:07:23.773,1.58077,1.58112,1.07,1.87
2012.07.12 12:07:23.899,1.58077,1.58112,1.07,1.87
2012.07.12 12:07:25.322,1.58078,1.58112,1.07,1.87
2012.07.12 12:07:26.283,1.58076,1.58113,1.44,1.87
2012.07.12 12:07:26.653,1.58078,1.58112,1.49,1.87
2012.07.12 12:07:26.734,1.58078,1.58112,1.49,1.87
2012.07.12 12:07:27.094,1.58075,1.58112,1.49,1.43
2012.07.12 12:07:31.024,1.58076,1.58112,1.07,1.43
2012.07.12 12:07:34.482,1.58076,1.58116,1.59,1.52
2012.07.12 12:07:34.670,1.58076,1.58119,1.59,1.87
2012.07.12 12:07:34.920,1.58076,1.58112,1.97,1.43
2012.07.12 12:07:35.111,1.58077,1.58112,1.07,1.87
2012.07.12 12:07:36.593,1.58078,1.58112,1.12,1.87
2012.07.12 12:07:37.202,1.58077,1.58112,1.07,1.87
2012.07.12 12:07:37.390,1.58078,1.58112,1.12,1.87
2012.07.12 12:07:37.522,1.58081,1.58112,1.07,1.43
2012.07.12 12:07:37.591,1.58081,1.58116,1.07,2.05
2012.07.12 12:07:37.782,1.58083,1.58111,1.07,1.43
2012.07.12 12:07:41.288,1.58084,1.5812,1.07,1.87
2012.07.12 12:07:41.481,1.58083,1.58118,1.07,1.38
2012.07.12 12:07:41.853,1.58079,1.58111,1.12,1.87
2012.07.12 12:07:42.381,1.58079,1.58111,1.18,1.87
2012.07.12 12:07:42.632,1.58073,1.58106,1.07,1.43
2012.07.12 12:07:42.701,1.58077,1.58106,1.07,1.43
2012.07.12 12:07:42.772,1.58077,1.58111,1.07,1.87
2012.07.12 12:07:43.384,1.58075,1.58107,1.03,1.43
2012.07.12 12:07:43.571,1.58073,1.58105,1.07,1.43
2012.07.12 12:07:43.700,1.58075,1.58105,1.13,1.43
2012.07.12 12:07:43.880,1.58077,1.58112,1.07,1.87
2012.07.12 12:07:47.213,1.5808,1.58112,1.07,1.43
2012.07.12 12:07:47.741,1.58085,1.5812,1.13,2.05
2012.07.12 12:07:48.651,1.58085,1.58121,1.13,2.05
2012.07.12 12:07:50.950,1.58083,1.58121,1.07,2.05
2012.07.12 12:07:51.081,1.58083,1.58121,1.07,2.05
2012.07.12 12:07:54.101,1.58084,1.5812,1.07,1.38
2012.07.12 12:07:55.833,1.58084,1.5812,1.07,1.38
2012.07.12 12:07:56.385,1.58084,1.58122,1.07,2.05
2012.07.12 12:07:58.621,1.58086,1.58122,1.44,2.05
2012.07.12 12:07:58.931,1.58091,1.58125,1.50,2.05
2012.07.12 12:07:59.060,1.58091,1.58125,1.07,2.05
2012.07.12 12:07:59.846,1.58093,1.58133,1.07,3.14
2012.07.12 12:08:01.051,1.58093,1.58133,1.07,3.14
2012.07.12 12:08:01.749,1.58094,1.5813,1.07,2.05
2012.07.12 12:08:02.730,1.58093,1.58132,1.07,2.39
2012.07.12 12:08:03.390,1.58094,1.58132,1.07,2.39
2012.07.12 12:08:03.760,1.58093,1.58119,1.07,1.43
2012.07.12 12:08:04.080,1.58093,1.58127,1.07,1.19
2012.07.12 12:08:04.300,1.58094,1.58119,1.07,1.43
2012.07.12 12:08:04.670,1.58093,1.58132,1.07,2.39
2012.07.12 12:08:04.730,1.58093,1.58119,1.07,1.43
2012.07.12 12:08:05.070,1.58093,1.58133,1.07,3.14
2012.07.12 12:08:05.560,1.5809,1.5813,1.07,1.33
2012.07.12 12:08:05.689,1.58092,1.5813,1.07,1.33
2012.07.12 12:08:06.361,1.58092,1.5813,1.07,1.33
2012.07.12 12:08:07.710,1.58094,1.58133,1.07,2.75
2012.07.12 12:08:08.389,1.58093,1.58133,1.07,2.05
2012.07.12 12:08:08.640,1.58094,1.58127,1.07,1.19
2012.07.12 12:08:08.961,1.58093,1.58118,1.07,1.43
2012.07.12 12:08:09.150,1.58093,1.58132,1.07,2.05
2012.07.12 12:08:13.352,1.58093,1.58132,1.07,2.05
2012.07.12 12:08:13.462,1.58092,1.58132,1.50,2.05
2012.07.12 12:08:13.591,1.58093,1.58132,1.07,2.05
2012.07.12 12:08:16.051,1.58093,1.58133,1.49,2.75
2012.07.12 12:08:16.242,1.58094,1.58133,1.18,2.05
2012.07.12 12:08:16.371,1.58097,1.58133,1.07,2.05
2012.07.12 12:08:16.881,1.58101,1.58138,1.07,1.19
2012.07.12 12:08:17.371,1.58103,1.58144,1.07,1.19
2012.07.12 12:08:17.781,1.58099,1.58139,2.54,1.19
2012.07.12 12:08:17.913,1.58102,1.58139,1.07,1.19
2012.07.12 12:08:18.425,1.58103,1.58141,1.07,1.87
2012.07.12 12:08:18.731,1.58108,1.58151,1.43,2.80
2012.07.12 12:08:18.982,1.5811,1.58151,1.07,2.05
2012.07.12 12:08:19.052,1.58116,1.58157,1.43,1.33
2012.07.12 12:08:19.361,1.58106,1.58143,1.56,2.05
2012.07.12 12:08:19.670,1.58108,1.58147,2.18,1.19
2012.07.12 12:08:19.742,1.58108,1.58147,2.18,1.19
2012.07.12 12:08:19.882,1.58108,1.58147,1.43,1.19
2012.07.12 12:08:20.012,1.58108,1.58145,1.43,1.33
2012.07.12 12:08:20.082,1.58106,1.58144,1.13,2.05
2012.07.12 12:08:20.211,1.58105,1.58143,1.13,1.33
2012.07.12 12:08:20.512,1.58105,1.58143,1.13,1.14
2012.07.12 12:08:20.763,1.5811,1.58153,2.18,1.33
2012.07.12 12:08:21.192,1.58112,1.58153,1.56,1.38
2012.07.12 12:08:21.321,1.58117,1.58157,1.50,2.08
2012.07.12 12:08:21.511,1.58112,1.58157,2.42,1.14
2012.07.12 12:08:21.762,1.58117,1.58154,1.26,1.19
2012.07.12 12:08:21.832,1.58118,1.58154,1.07,1.19
2012.07.12 12:08:22.257,1.58114,1.58157,1.12,2.05
2012.07.12 12:08:22.334,1.58118,1.58159,1.07,1.19
2012.07.12 12:08:22.402,1.58114,1.58154,1.26,1.19
2012.07.12 12:08:22.776,1.58112,1.58154,1.12,1.19
2012.07.12 12:08:23.524,1.58112,1.58154,1.07,1.19
2012.07.12 12:08:24.406,1.58112,1.58154,1.87,1.19
2012.07.12 12:08:24.632,1.58117,1.58154,1.07,1.19
2012.07.12 12:08:24.761,1.58111,1.58154,1.82,1.19
2012.07.12 12:08:25.020,1.58111,1.58154,1.82,1.19
2012.07.12 12:08:25.150,1.58111,1.58154,1.07,1.19
2012.07.12 12:08:25.804,1.58117,1.58154,1.07,1.19
2012.07.12 12:08:28.030,1.58118,1.58157,1.07,1.33
2012.07.12 12:08:28.151,1.58119,1.58157,1.07,1.14
2012.07.12 12:08:28.349,1.58121,1.58162,1.07,1.72
2012.07.12 12:08:28.652,1.58122,1.58158,1.13,1.87
2012.07.12 12:08:29.900,1.58116,1.58158,1.69,1.87
2012.07.12 12:08:30.622,1.58119,1.58151,1.07,1.87
2012.07.12 12:08:32.770,1.58116,1.58151,1.50,1.87
2012.07.12 12:08:32.841,1.58117,1.58151,1.07,1.87
2012.07.12 12:08:33.261,1.58116,1.58151,1.50,1.87
2012.07.12 12:08:33.603,1.58118,1.58151,1.07,1.87
2012.07.12 12:08:37.003,1.58117,1.58151,1.07,1.87
2012.07.12 12:08:37.492,1.58122,1.58151,1.13,1.87
2012.07.12 12:08:37.682,1.58117,1.58151,1.22,2.58
2012.07.12 12:08:37.826,1.58114,1.5815,1.42,1.43
2012.07.12 12:08:38.361,1.58109,1.58154,1.97,1.19
2012.07.12 12:08:38.830,1.58109,1.58154,1.97,1.19
2012.07.12 12:08:39.178,1.58109,1.58154,1.97,1.19
2012.07.12 12:08:40.300,1.58111,1.58146,1.44,1.43
2012.07.12 12:08:40.550,1.58111,1.58146,1.44,1.87
2012.07.12 12:08:41.732,1.58111,1.58144,1.13,2.05
2012.07.12 12:08:42.062,1.58109,1.58144,1.07,1.62
2012.07.12 12:08:42.611,1.5811,1.58143,1.07,1.43
2012.07.12 12:08:42.841,1.5811,1.58142,1.07,1.43
2012.07.12 12:08:42.911,1.5811,1.58138,1.07,1.43
2012.07.12 12:08:43.881,1.58111,1.58138,2.24,1.43
2012.07.12 12:08:43.952,1.58111,1.58151,2.24,1.19
2012.07.12 12:08:44.211,1.58112,1.58154,1.12,2.62
2012.07.12 12:08:44.282,1.58111,1.58147,1.44,1.62
2012.07.12 12:08:44.411,1.5811,1.58147,1.07,1.62
2012.07.12 12:08:45.001,1.5811,1.58147,1.07,2.37
2012.07.12 12:08:45.072,1.5811,1.58143,1.07,1.38
2012.07.12 12:08:45.562,1.5811,1.58147,1.07,2.05
2012.07.12 12:08:45.631,1.5811,1.58147,1.07,2.05
2012.07.12 12:08:46.220,1.5811,1.58146,1.07,1.19
2012.07.12 12:08:46.530,1.5811,1.58138,1.07,1.43
2012.07.12 12:08:47.550,1.58109,1.58138,1.44,1.43
2012.07.12 12:08:47.682,1.58109,1.58142,1.44,1.43
2012.07.12 12:08:48.136,1.5811,1.58142,1.07,1.43
2012.07.12 12:08:48.272,1.58109,1.58142,1.07,1.43
2012.07.12 12:08:48.810,1.5811,1.58143,1.07,1.43
2012.07.12 12:08:50.181,1.5811,1.58142,1.26,1.43
2012.07.12 12:08:50.313,1.58111,1.58151,1.63,1.45
2012.07.12 12:08:50.442,1.58111,1.5815,1.63,2.18
2012.07.12 12:08:50.572,1.5811,1.5815,1.07,2.18
2012.07.12 12:08:51.181,1.58109,1.5815,1.44,1.43
2012.07.12 12:08:51.432,1.58109,1.5815,1.07,2.18
2012.07.12 12:08:51.681,1.5811,1.58142,1.07,1.43
2012.07.12 12:08:51.873,1.58109,1.58142,2.19,1.43
2012.07.12 12:08:52.001,1.5811,1.58142,1.07,1.43
2012.07.12 12:08:53.541,1.58103,1.58142,1.07,1.43
2012.07.12 12:08:53.613,1.58103,1.58142,1.07,1.43
2012.07.12 12:08:53.926,1.58103,1.58137,1.07,1.43
2012.07.12 12:08:54.212,1.58101,1.58141,1.26,1.43
2012.07.12 12:08:55.011,1.58099,1.58141,2.06,2.18
2012.07.12 12:08:55.103,1.58101,1.58141,1.26,1.43
2012.07.12 12:08:55.172,1.58101,1.58143,1.26,1.43
2012.07.12 12:08:55.301,1.58103,1.58143,1.07,1.87
2012.07.12 12:08:55.371,1.58103,1.58143,1.07,1.43
2012.07.12 12:08:55.707,1.58102,1.58143,1.26,1.43
2012.07.12 12:08:55.951,1.58101,1.58144,1.26,1.19
2012.07.12 12:08:57.123,1.581,1.58141,1.26,1.19
2012.07.12 12:08:58.334,1.581,1.58147,1.26,2.62
2012.07.12 12:08:58.462,1.58109,1.58147,1.63,1.87
2012.07.12 12:08:58.711,1.58109,1.58147,2.87,1.19
2012.07.12 12:08:58.781,1.58108,1.58145,1.44,1.19
2012.07.12 12:08:58.911,1.58109,1.58145,1.07,1.19
2012.07.12 12:08:59.040,1.58105,1.58141,1.26,1.19
2012.07.12 12:08:59.171,1.58106,1.58144,1.26,1.19
2012.07.12 12:09:00.843,1.581,1.58141,1.74,1.38
2012.07.12 12:09:00.911,1.581,1.58137,1.74,1.19
2012.07.12 12:09:01.221,1.58094,1.58135,1.49,1.19
2012.07.12 12:09:01.891,1.58097,1.58138,1.07,1.19
2012.07.12 12:09:02.932,1.58101,1.58138,1.07,1.87
2012.07.12 12:09:03.481,1.58094,1.58138,1.07,1.19
2012.07.12 12:09:07.992,1.58094,1.58135,1.26,1.19
2012.07.12 12:09:10.295,1.58093,1.58135,1.26,1.19
2012.07.12 12:09:10.961,1.58094,1.58129,1.07,1.43
2012.07.12 12:09:11.152,1.58094,1.58129,1.07,1.43
2012.07.12 12:09:11.744,1.58093,1.58128,1.07,1.43
2012.07.12 12:09:12.351,1.58086,1.58128,1.44,2.05
2012.07.12 12:09:14.690,1.58087,1.58127,1.07,1.43
2012.07.12 12:09:14.940,1.58091,1.58136,1.07,1.33
2012.07.12 12:09:15.011,1.58091,1.58136,1.07,1.70
2012.07.12 12:09:15.320,1.58093,1.58138,1.07,2.05
2012.07.12 12:09:15.800,1.58094,1.58138,1.07,2.05
2012.07.12 12:09:16.522,1.58094,1.58138,1.07,2.05
2012.07.12 12:09:17.351,1.58094,1.58138,1.07,2.05
2012.07.12 12:09:18.430,1.58094,1.58138,1.07,2.05
2012.07.12 12:09:19.109,1.58094,1.58138,1.07,2.05
2012.07.12 12:09:20.872,1.58094,1.58138,1.07,2.05
2012.07.12 12:09:23.379,1.58093,1.58138,1.49,2.05
2012.07.12 12:09:23.813,1.58094,1.58133,1.49,1.19
2012.07.12 12:09:23.941,1.58093,1.5813,1.07,1.87
2012.07.12 12:09:24.262,1.5809,1.58128,1.07,1.19
2012.07.12 12:09:24.572,1.58086,1.58123,1.13,2.05
2012.07.12 12:09:24.821,1.58084,1.58123,1.07,2.80
2012.07.12 12:09:26.150,1.58083,1.58128,1.07,1.38
2012.07.12 12:09:26.342,1.58084,1.58122,1.07,2.05
2012.07.12 12:09:26.660,1.58082,1.58119,1.07,1.19
2012.07.12 12:09:29.253,1.58082,1.58122,1.07,2.05
2012.07.12 12:09:29.962,1.58085,1.58122,1.13,2.05
2012.07.12 12:09:30.241,1.58082,1.58118,1.07,1.19
2012.07.12 12:09:31.146,1.58082,1.58123,1.07,2.05
2012.07.12 12:09:41.680,1.58082,1.58118,1.07,1.19
2012.07.12 12:09:42.321,1.58083,1.58121,1.07,2.05
2012.07.12 12:09:43.210,1.58083,1.5812,1.07,1.19
2012.07.12 12:09:43.822,1.58083,1.58118,1.07,1.19
2012.07.12 12:09:48.513,1.58083,1.58121,1.07,2.05
2012.07.12 12:09:49.133,1.58083,1.58121,1.07,2.05
2012.07.12 12:09:49.381,1.58084,1.58128,1.07,1.72
2012.07.12 12:09:49.810,1.58082,1.58122,1.82,2.05
2012.07.12 12:09:50.630,1.58082,1.58122,1.82,2.05
2012.07.12 12:09:51.331,1.58083,1.58122,1.07,2.05
2012.07.12 12:09:51.413,1.58083,1.5812,1.07,1.38
2012.07.12 12:09:51.940,1.58083,1.58118,1.07,1.19
2012.07.12 12:09:53.912,1.58083,1.58118,1.07,1.19
2012.07.12 12:09:54.221,1.58083,1.5811,1.07,1.43
2012.07.12 12:09:54.351,1.58074,1.5811,1.07,1.43
2012.07.12 12:09:54.420,1.58076,1.58119,1.07,1.89
2012.07.12 12:09:56.492,1.58083,1.58121,1.07,1.33
2012.07.12 12:09:57.109,1.58083,1.58118,1.07,1.19
2012.07.12 12:10:00.231,1.58083,1.5811,1.07,1.13
2012.07.12 12:10:00.482,1.58073,1.58106,1.07,2.18
2012.07.12 12:10:00.671,1.58069,1.58103,1.12,1.19
2012.07.12 12:10:00.740,1.58063,1.58103,1.74,1.19
2012.07.12 12:10:00.810,1.58063,1.58101,1.74,1.14
2012.07.12 12:10:01.122,1.58057,1.58098,1.07,1.75
2012.07.12 12:10:01.431,1.58053,1.58092,1.44,2.80
2012.07.12 12:10:02.674,1.58055,1.58086,1.07,1.43
2012.07.12 12:10:03.101,1.58057,1.58086,1.07,1.43
2012.07.12 12:10:03.353,1.58061,1.58094,1.07,1.43
2012.07.12 12:10:03.601,1.58061,1.58097,1.07,1.14
2012.07.12 12:10:03.792,1.58057,1.58096,1.87,1.87
2012.07.12 12:10:06.060,1.5806,1.58093,1.07,1.19
2012.07.12 12:10:06.455,1.58056,1.58089,1.07,1.43
2012.07.12 12:10:06.871,1.58056,1.58092,1.07,1.43
2012.07.12 12:10:07.300,1.58056,1.58092,1.41,1.43
2012.07.12 12:10:08.291,1.58061,1.58098,1.07,1.14
2012.07.12 12:10:10.151,1.58058,1.58103,2.31,1.19
2012.07.12 12:10:10.280,1.58058,1.58103,2.12,1.38
2012.07.12 12:10:10.471,1.58057,1.58099,1.82,1.87
2012.07.12 12:10:11.783,1.58062,1.58099,1.07,1.87
2012.07.12 12:10:11.931,1.58062,1.58099,1.07,1.87
2012.07.12 12:10:13.642,1.58065,1.58098,1.07,1.87
2012.07.12 12:10:13.953,1.58069,1.58103,1.07,1.38
2012.07.12 12:10:14.021,1.58067,1.58103,1.07,1.38
2012.07.12 12:10:14.211,1.58067,1.58101,1.07,1.87
2012.07.12 12:10:14.840,1.58067,1.58101,1.07,2.57
2012.07.12 12:10:15.182,1.58066,1.58101,1.07,1.87
2012.07.12 12:10:15.681,1.58063,1.58101,1.07,2.20
2012.07.12 12:10:16.223,1.58062,1.58096,1.82,1.87
2012.07.12 12:10:16.674,1.58064,1.58096,1.13,1.87
2012.07.12 12:10:18.971,1.58063,1.58096,1.07,2.02
2012.07.12 12:10:19.641,1.58063,1.58096,1.07,1.58
2012.07.12 12:10:19.711,1.58065,1.58099,1.13,1.48
2012.07.12 12:10:20.021,1.58077,1.58103,1.09,1.87
2012.07.12 12:10:20.151,1.58077,1.58113,1.41,1.33
2012.07.12 12:10:20.341,1.58077,1.58116,1.07,3.32
2012.07.12 12:10:20.593,1.5808,1.58117,1.93,1.14
2012.07.12 12:10:20.722,1.58073,1.58116,1.78,3.70
2012.07.12 12:10:20.852,1.58073,1.5811,1.41,1.87
2012.07.12 12:10:20.922,1.58069,1.5811,1.26,1.87
2012.07.12 12:10:21.471,1.58071,1.58114,1.07,2.39
2012.07.12 12:10:22.162,1.58071,1.58119,1.07,3.52
2012.07.12 12:10:28.971,1.58076,1.58111,1.07,1.87
2012.07.12 12:10:29.042,1.58076,1.58118,1.26,1.87
2012.07.12 12:10:29.394,1.58076,1.58118,1.26,1.43
2012.07.12 12:10:31.001,1.58076,1.58117,1.07,1.43
2012.07.12 12:10:31.072,1.58076,1.58117,1.82,1.87
2012.07.12 12:10:31.140,1.58076,1.58116,1.07,1.19
2012.07.12 12:10:31.342,1.58072,1.58116,1.41,1.19
2012.07.12 12:10:31.471,1.58072,1.58116,2.16,1.19
2012.07.12 12:10:31.643,1.58079,1.58108,1.07,1.43
2012.07.12 12:10:32.256,1.58079,1.58109,1.07,1.43
2012.07.12 12:10:32.334,1.58079,1.58119,1.07,2.57
2012.07.12 12:10:32.582,1.58079,1.58114,1.07,1.43
2012.07.12 12:10:33.291,1.5808,1.58107,1.07,1.43
2012.07.12 12:10:33.361,1.58079,1.58107,1.07,1.43
2012.07.12 12:10:33.553,1.58079,1.58119,1.07,1.87
2012.07.12 12:10:33.683,1.58079,1.58115,1.44,1.43
2012.07.12 12:10:33.871,1.5808,1.58119,1.07,2.62
2012.07.12 12:10:34.002,1.58079,1.5811,1.44,1.43
2012.07.12 12:10:34.312,1.58081,1.58117,1.44,1.62
2012.07.12 12:10:34.441,1.58081,1.58114,1.44,1.43
2012.07.12 12:10:34.780,1.58079,1.58114,1.07,1.87
2012.07.12 12:10:34.910,1.58079,1.58114,1.07,1.43
2012.07.12 12:10:36.292,1.58079,1.58114,1.07,2.18
2012.07.12 12:10:36.621,1.5808,1.5811,1.07,1.62
2012.07.12 12:10:36.872,1.58071,1.58106,1.07,1.80
2012.07.12 12:10:36.941,1.58068,1.58106,1.07,2.55
2012.07.12 12:10:37.070,1.58068,1.58106,1.07,2.80
2012.07.12 12:10:37.323,1.58069,1.58106,1.07,2.84
2012.07.12 12:10:37.842,1.58068,1.58104,1.07,1.62
2012.07.12 12:10:38.992,1.58061,1.58104,4.33,2.37
2012.07.12 12:10:39.730,1.58068,1.58101,1.07,2.05
2012.07.12 12:10:39.813,1.58068,1.58101,1.07,1.62
2012.07.12 12:10:42.920,1.58064,1.58101,1.03,1.62
2012.07.12 12:10:45.302,1.58064,1.58101,1.03,1.62
2012.07.12 12:10:48.822,1.58061,1.58101,1.82,1.99
2012.07.12 12:10:48.951,1.58061,1.58097,2.62,1.43
2012.07.12 12:10:49.020,1.58061,1.581,2.62,1.43
2012.07.12 12:10:49.212,1.58061,1.581,1.44,2.37
2012.07.12 12:10:49.520,1.5806,1.58096,1.07,1.43
2012.07.12 12:10:50.584,1.5806,1.58096,1.07,1.43
2012.07.12 12:10:52.084,1.5806,1.58097,1.07,1.43
2012.07.12 12:10:53.220,1.5806,1.58098,1.41,1.38
2012.07.12 12:10:54.031,1.5806,1.58097,1.41,1.43
2012.07.12 12:10:55.171,1.58067,1.58097,1.07,1.43
2012.07.12 12:10:56.971,1.58068,1.58097,1.07,1.43
2012.07.12 12:10:57.444,1.58067,1.58097,1.07,1.43
2012.07.12 12:10:57.816,1.58062,1.58094,1.44,1.43
2012.07.12 12:10:58.422,1.58062,1.58095,1.44,1.43
2012.07.12 12:10:58.781,1.58062,1.58095,1.13,1.87
2012.07.12 12:10:59.378,1.58062,1.58095,1.44,1.43
2012.07.12 12:11:00.132,1.58066,1.58095,1.82,1.43
2012.07.12 12:11:00.667,1.58066,1.58096,1.82,1.43
2012.07.12 12:11:01.791,1.58067,1.58096,1.12,1.43
2012.07.12 12:11:01.920,1.58068,1.58104,1.07,2.05
2012.07.12 12:11:02.173,1.58068,1.58104,1.07,1.87
2012.07.12 12:11:02.740,1.58069,1.58104,1.49,1.87
2012.07.12 12:11:03.831,1.58069,1.58104,1.18,2.05
2012.07.12 12:11:04.082,1.58069,1.58104,1.07,2.05
2012.07.12 12:11:04.532,1.58069,1.58097,1.07,1.62
2012.07.12 12:11:05.101,1.5807,1.58097,1.07,1.62
2012.07.12 12:11:06.075,1.58066,1.58096,1.82,1.43
2012.07.12 12:11:06.260,1.58067,1.58105,1.07,2.35
2012.07.12 12:11:06.991,1.5807,1.58104,1.07,1.68
2012.07.12 12:11:07.301,1.58067,1.58097,1.13,2.05
2012.07.12 12:11:07.800,1.58069,1.58097,1.13,1.62
2012.07.12 12:11:08.121,1.58069,1.58106,1.49,3.03
2012.07.12 12:11:08.194,1.58069,1.58106,1.49,3.03
2012.07.12 12:11:08.721,1.58071,1.5811,1.44,1.33
2012.07.12 12:11:09.671,1.58068,1.58106,1.18,2.05
2012.07.12 12:11:09.861,1.5807,1.58106,1.12,2.05
2012.07.12 12:11:11.072,1.58069,1.58108,1.12,1.87
2012.07.12 12:11:11.644,1.5807,1.58104,1.12,1.19
2012.07.12 12:11:11.891,1.58069,1.58103,1.18,1.38
2012.07.12 12:11:12.530,1.5807,1.58101,1.12,1.43
2012.07.12 12:11:13.042,1.5807,1.58108,1.12,1.87
2012.07.12 12:11:13.649,1.5807,1.58104,1.12,1.19
2012.07.12 12:11:13.781,1.58069,1.581,1.49,1.43
2012.07.12 12:11:14.311,1.58069,1.581,1.49,1.87
2012.07.12 12:11:14.962,1.58069,1.581,1.12,1.43
2012.07.12 12:11:15.371,1.58069,1.58107,1.12,1.87
2012.07.12 12:11:15.892,1.5807,1.58104,1.12,1.19
2012.07.12 12:11:16.023,1.5807,1.58103,1.12,1.38
2012.07.12 12:11:16.361,1.5807,1.58099,1.12,1.43
2012.07.12 12:11:17.101,1.5807,1.581,1.12,1.43
2012.07.12 12:11:17.263,1.5807,1.58108,1.12,1.19
2012.07.12 12:11:18.236,1.5807,1.58106,1.12,2.05
2012.07.12 12:11:18.314,1.5807,1.58099,1.12,1.43
2012.07.12 12:11:18.381,1.58068,1.58099,1.49,1.87
2012.07.12 12:11:18.572,1.5807,1.58099,1.12,1.43
2012.07.12 12:11:19.093,1.5807,1.58099,1.12,2.18
2012.07.12 12:11:19.432,1.58069,1.58095,1.12,1.43
2012.07.12 12:11:20.177,1.58069,1.581,1.12,1.43
2012.07.12 12:11:23.354,1.58069,1.58104,1.49,1.38
2012.07.12 12:11:25.570,1.5807,1.581,1.07,1.43
2012.07.12 12:11:26.304,1.5807,1.581,1.07,2.18
2012.07.12 12:11:26.686,1.5807,1.58094,1.07,1.43
2012.07.12 12:11:26.752,1.58069,1.58094,1.13,1.43
2012.07.12 12:11:27.302,1.58067,1.58094,1.07,1.43
2012.07.12 12:11:28.682,1.58066,1.58103,1.44,2.05
2012.07.12 12:11:29.182,1.58069,1.58102,1.44,1.19
2012.07.12 12:11:29.717,1.58066,1.58094,1.44,1.43
2012.07.12 12:11:29.795,1.58064,1.58094,1.07,1.43
2012.07.12 12:11:33.502,1.5806,1.58094,1.44,1.43
2012.07.12 12:11:33.613,1.5806,1.58094,1.44,1.43
2012.07.12 12:11:34.430,1.5806,1.58094,1.78,1.43
2012.07.12 12:11:36.033,1.58061,1.58094,1.07,1.43
2012.07.12 12:11:36.170,1.58061,1.58094,1.07,1.43
2012.07.12 12:11:37.673,1.5806,1.58094,1.07,1.43
2012.07.12 12:11:37.801,1.5806,1.58094,1.07,2.18
2012.07.12 12:11:37.933,1.5806,1.58096,1.07,1.87
2012.07.12 12:11:38.061,1.5806,1.58094,1.07,1.43
2012.07.12 12:11:38.374,1.58059,1.58094,1.07,1.87
2012.07.12 12:11:42.581,1.58059,1.58093,1.07,1.87
2012.07.12 12:11:45.411,1.58059,1.58092,1.07,1.19
2012.07.12 12:11:45.616,1.58054,1.58092,1.52,1.19
2012.07.12 12:11:45.684,1.58054,1.58084,1.07,1.43
2012.07.12 12:11:46.353,1.58053,1.58085,1.07,1.43
2012.07.12 12:11:46.426,1.58047,1.58085,1.07,1.43
2012.07.12 12:11:50.213,1.58063,1.58085,1.13,1.43
2012.07.12 12:11:50.282,1.58066,1.581,1.62,1.14
2012.07.12 12:11:50.353,1.58066,1.58104,2.31,1.45
2012.07.12 12:11:50.422,1.58067,1.58108,1.63,1.45
2012.07.12 12:11:50.492,1.58071,1.5811,2.16,2.18
2012.07.12 12:11:50.561,1.58071,1.5811,2.16,2.62
2012.07.12 12:11:51.863,1.58075,1.58101,1.12,1.43
2012.07.12 12:11:52.381,1.58074,1.58101,1.07,1.43
2012.07.12 12:11:52.633,1.58076,1.58111,1.12,1.87
2012.07.12 12:11:52.883,1.58079,1.58111,1.13,1.43
2012.07.12 12:11:53.321,1.58079,1.58111,1.18,1.43
2012.07.12 12:11:53.571,1.58083,1.58114,1.07,1.19
2012.07.12 12:11:54.092,1.58083,1.58121,1.07,2.05
2012.07.12 12:11:59.201,1.58083,1.58124,1.07,2.83
2012.07.12 12:11:59.913,1.58083,1.58119,1.07,1.38
2012.07.12 12:12:01.471,1.58083,1.58118,1.07,1.19
2012.07.12 12:12:01.602,1.58083,1.58118,1.07,1.19
2012.07.12 12:12:01.671,1.58083,1.58118,1.07,1.19
2012.07.12 12:12:01.811,1.58083,1.58114,1.07,1.43
2012.07.12 12:12:02.171,1.58078,1.58114,1.18,2.05
2012.07.12 12:12:02.481,1.58078,1.58114,1.07,2.05
2012.07.12 12:12:03.422,1.58078,1.58118,1.44,1.38
2012.07.12 12:12:03.762,1.58077,1.58117,1.07,1.33
2012.07.12 12:12:08.685,1.58072,1.58109,1.44,1.19
2012.07.12 12:12:09.641,1.58073,1.58109,1.44,1.19
2012.07.12 12:12:12.215,1.58072,1.58114,1.44,1.19
2012.07.12 12:12:13.192,1.58075,1.58114,1.07,1.87
2012.07.12 12:12:13.721,1.58073,1.58108,1.07,1.19
2012.07.12 12:12:14.482,1.58075,1.58114,1.07,1.19
2012.07.12 12:12:14.654,1.58079,1.58118,1.43,1.19
2012.07.12 12:12:14.781,1.58079,1.58118,1.74,1.89
2012.07.12 12:12:18.201,1.58081,1.58118,1.43,1.19
2012.07.12 12:12:19.486,1.58082,1.58118,1.43,1.19
2012.07.12 12:12:23.345,1.58083,1.58123,1.43,1.19
2012.07.12 12:12:23.930,1.58082,1.58123,2.18,1.19
2012.07.12 12:12:27.110,1.58082,1.58123,2.55,1.19
2012.07.12 12:12:27.181,1.58082,1.58123,2.93,1.19
2012.07.12 12:12:29.223,1.58082,1.58123,2.55,1.19
2012.07.12 12:12:29.741,1.58083,1.58118,1.13,1.19
2012.07.12 12:12:30.180,1.58079,1.58118,2.87,1.19
2012.07.12 12:12:30.771,1.58079,1.58118,2.49,1.19
2012.07.12 12:12:30.841,1.58079,1.58118,2.49,1.19
2012.07.12 12:12:32.523,1.58081,1.58118,1.13,1.19
2012.07.12 12:12:32.590,1.58079,1.58118,2.87,1.19
2012.07.12 12:12:33.121,1.58079,1.58118,2.49,1.19
2012.07.12 12:12:33.769,1.58079,1.58118,2.49,1.19
2012.07.12 12:12:41.684,1.58081,1.58121,1.88,2.24
2012.07.12 12:12:42.427,1.58083,1.58121,1.13,2.24
2012.07.12 12:12:42.973,1.58084,1.58122,1.56,2.99
2012.07.12 12:12:43.673,1.58084,1.58118,1.56,1.19
2012.07.12 12:12:43.802,1.58079,1.58118,2.49,1.19
2012.07.12 12:12:44.111,1.58082,1.58113,1.18,1.19
2012.07.12 12:12:44.742,1.58084,1.58119,1.13,1.19
2012.07.12 12:12:45.611,1.58083,1.58118,1.13,1.19
2012.07.12 12:12:46.421,1.58084,1.58118,1.13,1.19
2012.07.12 12:12:49.005,1.58083,1.58118,1.13,1.19
2012.07.12 12:12:49.598,1.58084,1.58118,1.13,1.19
2012.07.12 12:12:50.292,1.58084,1.58119,1.13,1.19
2012.07.12 12:12:50.942,1.58079,1.58119,1.44,1.19
2012.07.12 12:12:51.563,1.58079,1.58113,1.63,1.19
2012.07.12 12:12:54.568,1.58079,1.58118,1.63,1.19
2012.07.12 12:12:54.720,1.58078,1.58118,1.63,1.19
2012.07.12 12:12:55.452,1.58083,1.58118,1.13,1.19
2012.07.12 12:12:55.991,1.58084,1.58118,1.13,1.19
2012.07.12 12:12:57.223,1.58084,1.58118,1.13,1.19
2012.07.12 12:12:59.160,1.58083,1.58123,1.13,1.87
2012.07.12 12:13:01.061,1.58083,1.58122,1.13,2.17
2012.07.12 12:13:02.392,1.58083,1.58119,1.13,1.19
2012.07.12 12:13:02.982,1.58083,1.5812,1.13,1.87
2012.07.12 12:13:03.112,1.58081,1.5812,1.50,2.02
2012.07.12 12:13:03.660,1.58081,1.58121,1.07,1.14
2012.07.12 12:13:12.212,1.58079,1.58119,1.07,1.19
2012.07.12 12:13:22.364,1.58076,1.58111,1.74,1.09
2012.07.12 12:13:22.432,1.58076,1.58109,1.74,1.19
2012.07.12 12:13:24.552,1.58076,1.58114,1.26,2.62
2012.07.12 12:13:29.311,1.58078,1.58114,1.07,1.87
2012.07.12 12:13:29.749,1.58075,1.58107,1.87,1.43
2012.07.12 12:13:29.942,1.58066,1.58103,1.61,1.19
2012.07.12 12:13:32.238,1.58066,1.58104,1.61,1.19
2012.07.12 12:13:33.340,1.58071,1.58108,1.07,1.87
2012.07.12 12:13:33.651,1.58071,1.58108,1.07,1.87
2012.07.12 12:13:35.063,1.58071,1.58098,1.12,1.43
2012.07.12 12:13:35.993,1.58075,1.58099,1.07,1.43
2012.07.12 12:13:36.301,1.58072,1.58107,1.07,1.87
2012.07.12 12:13:37.611,1.58072,1.58112,1.07,1.19
2012.07.12 12:13:38.540,1.58074,1.58107,1.07,1.43
2012.07.12 12:13:38.614,1.58075,1.58107,1.07,1.43
2012.07.12 12:13:39.333,1.58074,1.58107,1.07,1.87
2012.07.12 12:13:39.402,1.58074,1.58107,1.07,1.43
2012.07.12 12:13:39.496,1.58074,1.58107,1.07,1.87
2012.07.12 12:13:39.761,1.58074,1.58107,1.07,1.43
2012.07.12 12:13:41.213,1.58074,1.5811,1.07,1.62
2012.07.12 12:13:42.112,1.58074,1.58109,1.07,1.62
2012.07.12 12:13:43.672,1.58074,1.5811,1.07,2.05
2012.07.12 12:13:44.270,1.58075,1.5811,1.07,1.62
2012.07.12 12:13:46.380,1.58077,1.5811,1.44,1.43
2012.07.12 12:13:46.682,1.58077,1.58118,1.44,2.05
2012.07.12 12:13:47.384,1.58077,1.58118,1.44,2.05
2012.07.12 12:13:47.691,1.58076,1.5811,1.13,2.05
2012.07.12 12:13:48.112,1.58077,1.58109,1.44,1.43
2012.07.12 12:13:49.332,1.58075,1.58109,1.07,1.87
2012.07.12 12:13:52.722,1.58076,1.5811,1.13,2.05
2012.07.12 12:13:53.204,1.58074,1.5811,1.07,2.05
2012.07.12 12:13:54.041,1.58071,1.5811,1.07,2.05
2012.07.12 12:13:54.170,1.58071,1.5811,1.07,2.05
2012.07.12 12:13:54.724,1.58071,1.5811,1.07,2.05
2012.07.12 12:13:56.123,1.58071,1.5811,1.44,2.05
2012.07.12 12:13:56.493,1.58072,1.58112,1.07,2.18
2012.07.12 12:13:56.621,1.58073,1.58112,1.07,2.02
2012.07.12 12:13:57.582,1.58075,1.58112,1.07,1.87
2012.07.12 12:13:58.084,1.58071,1.58112,1.07,1.87
2012.07.12 12:13:58.621,1.58071,1.58112,1.07,1.87
2012.07.12 12:14:00.923,1.58069,1.58112,1.64,2.62
2012.07.12 12:14:01.231,1.58072,1.58105,1.07,1.43
2012.07.12 12:14:01.391,1.58072,1.5811,1.07,1.43
2012.07.12 12:14:01.462,1.58072,1.5811,1.07,1.43
2012.07.12 12:14:01.531,1.58072,1.5811,1.07,1.43
2012.07.12 12:14:01.861,1.58073,1.5811,1.07,1.43
2012.07.12 12:14:01.930,1.58073,1.58112,1.07,1.43
2012.07.12 12:14:04.051,1.58073,1.58112,1.07,1.87
2012.07.12 12:14:04.587,1.5807,1.5811,1.12,1.19
2012.07.12 12:14:06.852,1.58072,1.58112,1.07,1.87
2012.07.12 12:14:12.011,1.58073,1.58111,1.12,1.87
2012.07.12 12:14:12.082,1.58073,1.58111,1.12,1.87
2012.07.12 12:14:14.341,1.58073,1.5811,1.12,1.19
2012.07.12 12:14:16.761,1.58073,1.58111,1.12,1.87
2012.07.12 12:14:17.108,1.58073,1.5811,1.12,1.19
2012.07.12 12:14:19.081,1.58072,1.58106,1.87,1.43
2012.07.12 12:14:20.151,1.58072,1.58106,1.12,2.18
2012.07.12 12:14:20.460,1.58072,1.58106,1.41,2.18
2012.07.12 12:14:20.544,1.58072,1.58106,1.41,2.18
2012.07.12 12:14:22.122,1.58073,1.58109,1.87,1.19
2012.07.12 12:14:22.194,1.58067,1.58108,3.09,1.14
2012.07.12 12:14:22.382,1.58067,1.58109,2.16,1.89
2012.07.12 12:14:22.453,1.58066,1.58098,1.62,1.19
2012.07.12 12:14:22.642,1.58063,1.58098,1.28,2.62
2012.07.12 12:14:22.713,1.58063,1.58098,1.59,2.62
2012.07.12 12:14:23.052,1.58067,1.58096,1.07,1.43
2012.07.12 12:14:23.423,1.58067,1.58103,1.07,1.38
2012.07.12 12:14:23.672,1.58069,1.581,1.12,1.62
2012.07.12 12:14:24.234,1.5807,1.58106,1.87,1.19
2012.07.12 12:14:24.422,1.5807,1.58104,1.87,1.19
2012.07.12 12:14:24.872,1.58066,1.58104,1.26,1.19
2012.07.12 12:14:25.242,1.58067,1.58103,1.07,1.38
2012.07.12 12:14:26.186,1.58064,1.58103,1.07,1.19
2012.07.12 12:14:26.503,1.58061,1.58099,1.07,1.19
2012.07.12 12:14:26.872,1.58058,1.58099,1.07,1.19
2012.07.12 12:14:27.808,1.5806,1.58103,2.93,1.75
2012.07.12 12:14:27.895,1.58056,1.58096,1.44,2.05
2012.07.12 12:14:27.962,1.58056,1.58098,1.07,2.05
2012.07.12 12:14:28.983,1.58057,1.58098,1.50,2.80
2012.07.12 12:14:29.174,1.58064,1.5809,1.07,1.43
2012.07.12 12:14:29.242,1.58064,1.58101,1.07,1.75
2012.07.12 12:14:29.441,1.58058,1.58101,2.49,1.75
2012.07.12 12:14:29.511,1.58058,1.58101,2.49,1.75
2012.07.12 12:14:30.254,1.58057,1.58099,1.82,2.05
2012.07.12 12:14:30.745,1.58059,1.58097,1.07,2.05
2012.07.12 12:14:31.324,1.5806,1.58103,1.07,2.20
2012.07.12 12:14:31.887,1.58058,1.58098,1.44,2.05
2012.07.12 12:14:34.882,1.5806,1.58099,1.07,2.05
2012.07.12 12:14:35.204,1.58061,1.58099,1.13,2.05
2012.07.12 12:14:35.914,1.5806,1.58098,1.07,2.05
2012.07.12 12:14:36.342,1.58061,1.58104,1.07,1.53
2012.07.12 12:14:36.472,1.58058,1.58098,1.44,2.05
2012.07.12 12:14:36.602,1.58058,1.58098,1.44,2.05
2012.07.12 12:14:36.852,1.58058,1.58098,1.44,2.05
2012.07.12 12:14:38.302,1.58061,1.58098,1.07,2.80
2012.07.12 12:14:38.842,1.58061,1.58098,1.07,2.80
2012.07.12 12:14:39.271,1.58059,1.58088,1.13,1.87
2012.07.12 12:14:39.343,1.58055,1.58088,1.12,2.05
2012.07.12 12:14:39.591,1.58056,1.58088,1.07,1.87
2012.07.12 12:14:39.662,1.58055,1.58091,1.07,2.05
2012.07.12 12:14:40.891,1.58057,1.58091,1.82,2.05
2012.07.12 12:14:41.591,1.58057,1.58091,1.07,2.05
2012.07.12 12:14:44.893,1.58057,1.5809,1.07,2.05
2012.07.12 12:14:44.963,1.58057,1.5809,1.07,2.05
2012.07.12 12:14:45.151,1.58057,1.58084,1.07,1.43
2012.07.12 12:14:45.283,1.58055,1.58095,1.12,2.05
2012.07.12 12:14:45.411,1.58054,1.58095,1.49,2.05
2012.07.12 12:14:45.543,1.58054,1.58095,1.49,1.87
2012.07.12 12:14:46.374,1.58057,1.58095,1.07,1.87
2012.07.12 12:14:46.595,1.58055,1.58095,1.12,1.87
2012.07.12 12:14:47.144,1.58057,1.58095,1.07,1.87
2012.07.12 12:14:47.585,1.58057,1.58095,1.07,1.87
2012.07.12 12:14:47.951,1.58059,1.58095,1.44,1.87
2012.07.12 12:14:48.262,1.58065,1.58094,1.12,1.43
2012.07.12 12:14:48.332,1.58065,1.58098,1.12,2.05
2012.07.12 12:14:48.463,1.58067,1.58098,1.56,1.43
2012.07.12 12:14:48.532,1.58064,1.58098,1.18,1.87
2012.07.12 12:14:48.861,1.58061,1.58091,1.50,1.43
2012.07.12 12:14:49.194,1.58065,1.58091,1.13,1.43
2012.07.12 12:14:49.264,1.58061,1.5809,1.82,1.43
2012.07.12 12:14:49.332,1.58061,1.58092,1.50,1.87
2012.07.12 12:14:49.462,1.58062,1.58096,1.50,1.87
2012.07.12 12:14:49.651,1.58062,1.58096,1.50,1.87
2012.07.12 12:14:49.844,1.58056,1.58091,2.19,1.87
2012.07.12 12:14:50.393,1.58055,1.58091,1.46,1.87
2012.07.12 12:14:50.523,1.58053,1.58091,1.12,1.87
2012.07.12 12:14:51.046,1.58053,1.58091,1.07,1.87
2012.07.12 12:14:51.372,1.58055,1.58091,1.07,1.87
2012.07.12 12:14:51.762,1.58053,1.58087,1.07,1.43
2012.07.12 12:14:52.225,1.58051,1.58091,1.07,1.87
2012.07.12 12:14:53.264,1.58047,1.58086,1.07,1.12
2012.07.12 12:14:53.332,1.58046,1.58084,1.07,2.05
2012.07.12 12:14:53.592,1.5804,1.58083,1.07,1.38
2012.07.12 12:14:53.903,1.58042,1.58075,1.07,1.87
2012.07.12 12:14:54.340,1.58046,1.58083,1.07,2.20
2012.07.12 12:14:54.424,1.58041,1.58083,2.49,2.90
2012.07.12 12:14:54.613,1.58041,1.58075,1.07,1.43
2012.07.12 12:14:54.804,1.58039,1.58075,1.07,1.43
2012.07.12 12:14:54.933,1.58037,1.58075,1.82,1.87
2012.07.12 12:14:55.122,1.58032,1.58069,1.44,2.05
2012.07.12 12:14:56.561,1.58036,1.58068,1.07,1.87
2012.07.12 12:14:56.963,1.58028,1.58068,1.74,1.38
2012.07.12 12:14:57.034,1.5803,1.58068,1.07,1.38
2012.07.12 12:14:57.883,1.58024,1.58058,1.07,1.48
2012.07.12 12:14:58.173,1.58016,1.58055,1.50,1.15
2012.07.12 12:14:58.682,1.58016,1.58051,1.13,1.49
2012.07.12 12:14:59.232,1.58017,1.58049,1.07,1.43
2012.07.12 12:14:59.914,1.5801,1.58049,1.12,2.18
2012.07.12 12:15:00.044,1.58012,1.58049,1.44,2.05
2012.07.12 12:15:00.609,1.5801,1.58046,1.07,2.08
2012.07.12 12:15:00.683,1.58015,1.58037,1.07,1.43
2012.07.12 12:15:01.080,1.58011,1.58039,1.78,1.43
2012.07.12 12:15:01.394,1.58023,1.58056,1.13,1.75
2012.07.12 12:15:01.464,1.58022,1.58056,1.13,1.75
2012.07.12 12:15:01.533,1.58023,1.58061,1.13,2.05
2012.07.12 12:15:01.662,1.58021,1.58061,1.13,2.05
2012.07.12 12:15:01.792,1.58021,1.58061,1.50,2.05
2012.07.12 12:15:01.922,1.58023,1.58061,1.13,2.05
2012.07.12 12:15:02.101,1.58023,1.58061,1.44,2.05
2012.07.12 12:15:02.482,1.58026,1.58061,1.07,2.05
2012.07.12 12:15:02.613,1.58022,1.58061,1.44,2.05
2012.07.12 12:15:02.742,1.58022,1.58061,1.87,1.62
2012.07.12 12:15:02.991,1.58022,1.58061,2.08,2.05
2012.07.12 12:15:03.122,1.58027,1.58061,1.07,2.05
2012.07.12 12:15:04.622,1.58026,1.5806,1.07,1.43
2012.07.12 12:15:04.933,1.5803,1.5806,1.07,1.62
2012.07.12 12:15:05.062,1.58028,1.5806,1.07,1.62
2012.07.12 12:15:05.923,1.58025,1.5806,1.41,2.05
2012.07.12 12:15:05.991,1.58028,1.5806,1.07,1.62
2012.07.12 12:15:08.641,1.5803,1.5806,1.07,1.62
2012.07.12 12:15:08.951,1.58033,1.5807,1.13,1.33
2012.07.12 12:15:09.202,1.58041,1.58075,1.07,2.95
2012.07.12 12:15:09.332,1.58037,1.58075,1.07,2.95
2012.07.12 12:15:09.404,1.58037,1.58065,1.07,1.43
2012.07.12 12:15:09.813,1.58034,1.58067,1.07,1.43
2012.07.12 12:15:10.222,1.58037,1.58067,1.07,1.43
2012.07.12 12:15:10.291,1.58037,1.58062,1.07,1.43
2012.07.12 12:15:10.483,1.58037,1.58064,1.07,1.43
2012.07.12 12:15:10.828,1.58037,1.58066,1.07,1.43
2012.07.12 12:15:10.905,1.58037,1.58066,1.07,1.43
2012.07.12 12:15:11.180,1.58037,1.58071,1.07,1.62
2012.07.12 12:15:11.792,1.58037,1.58071,1.07,1.62
2012.07.12 12:15:15.426,1.58041,1.58071,1.07,1.62
2012.07.12 12:15:15.731,1.58034,1.58056,1.12,1.43
2012.07.12 12:15:15.924,1.58027,1.58056,1.56,2.05
2012.07.12 12:15:15.995,1.58027,1.58062,1.13,2.39
2012.07.12 12:15:16.493,1.58027,1.58064,1.07,2.39
2012.07.12 12:15:16.562,1.58027,1.58064,1.44,1.12
2012.07.12 12:15:17.522,1.58027,1.58067,1.44,2.75
2012.07.12 12:15:18.012,1.58024,1.5806,1.07,2.05
2012.07.12 12:15:18.323,1.58023,1.58056,1.07,1.87
2012.07.12 12:15:19.773,1.5802,1.58056,1.07,2.05
2012.07.12 12:15:19.841,1.58022,1.58056,1.07,2.05
2012.07.12 12:15:20.081,1.58018,1.58056,2.24,2.05
2012.07.12 12:15:20.505,1.58019,1.58056,1.87,2.05
2012.07.12 12:15:22.264,1.58022,1.58056,1.07,1.62
2012.07.12 12:15:22.571,1.58022,1.5806,1.07,2.05
2012.07.12 12:15:23.783,1.58022,1.5806,1.07,2.05
2012.07.12 12:15:25.152,1.58024,1.58068,1.74,2.39
2012.07.12 12:15:25.762,1.58026,1.5806,1.07,1.43
2012.07.12 12:15:26.414,1.58026,1.5806,1.44,1.43
2012.07.12 12:15:26.942,1.58028,1.58067,1.07,2.39
2012.07.12 12:15:27.432,1.58027,1.58063,1.07,1.87
2012.07.12 12:15:27.853,1.58027,1.58065,1.07,1.87
2012.07.12 12:15:28.217,1.58028,1.58064,1.07,1.38
2012.07.12 12:15:28.763,1.58019,1.58057,1.12,2.05
2012.07.12 12:15:28.833,1.58021,1.58057,1.50,2.05
2012.07.12 12:15:29.144,1.58018,1.58055,1.44,1.87
2012.07.12 12:15:29.212,1.58018,1.5805,1.44,1.43
2012.07.12 12:15:31.379,1.58017,1.5805,1.07,1.43
2012.07.12 12:15:31.681,1.58016,1.58055,2.19,1.87
2012.07.12 12:15:31.812,1.58022,1.5805,1.07,1.43
2012.07.12 12:15:32.402,1.58021,1.58056,1.87,1.87
2012.07.12 12:15:33.312,1.58021,1.58056,1.87,1.87
2012.07.12 12:15:33.695,1.58021,1.58056,1.56,1.87
2012.07.12 12:15:34.054,1.58024,1.58056,1.07,1.87
2012.07.12 12:15:37.631,1.58024,1.58057,1.49,2.05
2012.07.12 12:15:39.382,1.58026,1.5806,1.44,1.62
2012.07.12 12:15:39.453,1.58026,1.5806,1.44,1.62
2012.07.12 12:15:42.214,1.58024,1.5806,1.49,2.05
2012.07.12 12:15:43.302,1.58027,1.5806,1.07,2.05
2012.07.12 12:15:43.773,1.58029,1.5806,1.07,2.05
2012.07.12 12:15:43.915,1.58029,1.58065,1.07,1.12
2012.07.12 12:15:43.986,1.58033,1.58067,1.18,1.48
2012.07.12 12:15:44.233,1.58034,1.58066,1.44,1.62
2012.07.12 12:15:44.423,1.58037,1.58071,1.44,1.62
2012.07.12 12:15:45.233,1.58034,1.58072,1.41,1.38
2012.07.12 12:15:45.394,1.58035,1.58069,1.07,1.38
2012.07.12 12:15:45.521,1.58032,1.58073,1.41,1.38
2012.07.12 12:15:46.212,1.58032,1.58073,1.41,1.38
2012.07.12 12:15:47.942,1.58032,1.58073,1.07,1.38
2012.07.12 12:15:48.012,1.58028,1.58071,2.02,1.38
2012.07.12 12:15:48.322,1.58027,1.58066,1.87,2.05
2012.07.12 12:15:48.392,1.58022,1.58066,1.07,2.43
2012.07.12 12:15:48.462,1.5802,1.58059,1.07,1.19
2012.07.12 12:15:52.261,1.5802,1.5806,1.44,2.05
2012.07.12 12:15:53.162,1.5802,1.5806,1.44,2.05
2012.07.12 12:15:53.352,1.58021,1.58067,1.82,2.05
2012.07.12 12:15:57.014,1.58024,1.58058,1.07,1.87
2012.07.12 12:15:57.262,1.58021,1.58064,1.12,1.38
2012.07.12 12:15:57.333,1.58022,1.58066,1.50,1.33
2012.07.12 12:15:57.403,1.58021,1.58064,1.07,1.38
2012.07.12 12:15:57.970,1.58021,1.58058,1.82,1.87
2012.07.12 12:15:58.783,1.58022,1.58058,1.07,1.87
2012.07.12 12:15:58.852,1.58023,1.58058,1.07,1.87
2012.07.12 12:15:58.922,1.58022,1.58053,1.07,1.62
2012.07.12 12:15:59.454,1.58019,1.5805,1.07,1.43
2012.07.12 12:15:59.652,1.58018,1.5805,1.07,1.87
2012.07.12 12:16:00.192,1.58017,1.5805,1.07,1.87
2012.07.12 12:16:00.322,1.58013,1.5805,2.24,1.87
2012.07.12 12:16:00.511,1.58013,1.5805,2.24,2.05
2012.07.12 12:16:00.974,1.58012,1.5805,1.87,2.05
2012.07.12 12:16:01.433,1.58015,1.5805,1.07,1.87
2012.07.12 12:16:01.742,1.58018,1.58058,1.07,1.08
2012.07.12 12:16:02.112,1.58017,1.58058,1.07,1.38
2012.07.12 12:16:02.631,1.58017,1.58058,1.82,1.38
2012.07.12 12:16:05.370,1.58015,1.5806,1.07,2.05
2012.07.12 12:16:05.431,1.58015,1.58059,1.07,1.38
2012.07.12 12:16:06.061,1.58016,1.58059,1.07,1.38
2012.07.12 12:16:06.651,1.58017,1.5806,1.07,2.05
2012.07.12 12:16:07.195,1.58015,1.58059,1.07,2.80
2012.07.12 12:16:07.442,1.58017,1.58059,1.07,2.42
2012.07.12 12:16:07.933,1.58017,1.58058,1.82,1.72
2012.07.12 12:16:08.495,1.58017,1.58049,1.50,1.87
2012.07.12 12:16:09.083,1.58021,1.58049,1.13,1.87
2012.07.12 12:16:12.310,1.58021,1.58049,1.13,1.87
2012.07.12 12:16:12.563,1.5802,1.58057,1.13,2.20
2012.07.12 12:16:13.163,1.58021,1.58057,1.13,1.87
2012.07.12 12:16:13.683,1.58021,1.58049,1.13,1.87
2012.07.12 12:16:14.242,1.58021,1.58049,1.13,1.43
2012.07.12 12:16:16.831,1.58018,1.58049,1.07,1.43
2012.07.12 12:16:17.241,1.5802,1.58049,1.13,1.43
2012.07.12 12:16:17.381,1.58018,1.58049,1.07,1.43
2012.07.12 12:16:17.572,1.58018,1.58057,1.07,1.87
2012.07.12 12:16:18.032,1.58017,1.58057,1.82,2.05
2012.07.12 12:16:19.012,1.58014,1.5805,1.49,1.87
2012.07.12 12:16:21.434,1.58014,1.5805,1.44,2.05
2012.07.12 12:16:23.001,1.58017,1.5805,1.52,2.05
2012.07.12 12:16:23.121,1.58024,1.58063,1.07,1.38
2012.07.12 12:16:23.191,1.58024,1.58063,1.07,1.38
2012.07.12 12:16:23.333,1.5802,1.58062,2.49,1.33
2012.07.12 12:16:23.653,1.58018,1.58055,1.07,1.19
2012.07.12 12:16:23.978,1.58015,1.5805,1.12,2.05
2012.07.12 12:16:24.564,1.58015,1.5805,1.12,2.05
2012.07.12 12:16:25.092,1.58018,1.5805,2.31,1.87
2012.07.12 12:16:25.374,1.58018,1.5805,1.07,1.43
2012.07.12 12:16:25.622,1.58019,1.58057,1.07,1.87
2012.07.12 12:16:26.232,1.58018,1.58049,1.07,1.43
2012.07.12 12:16:27.822,1.58017,1.58049,1.07,1.87
2012.07.12 12:16:28.334,1.58018,1.58049,1.07,1.43
2012.07.12 12:16:30.481,1.58019,1.58049,1.07,1.43
2012.07.12 12:16:30.672,1.58018,1.58057,1.07,2.20
2012.07.12 12:16:31.152,1.58016,1.58057,1.82,2.20
2012.07.12 12:16:31.745,1.58016,1.58049,1.87,1.87
2012.07.12 12:16:32.401,1.58017,1.58049,1.07,1.87
2012.07.12 12:16:33.802,1.58016,1.58049,1.56,1.87
2012.07.12 12:16:34.676,1.58021,1.58049,1.13,1.43
2012.07.12 12:16:35.463,1.58018,1.58055,1.44,1.52
2012.07.12 12:16:35.933,1.5802,1.58049,1.44,1.43
2012.07.12 12:16:36.242,1.58016,1.58049,1.50,1.87
2012.07.12 12:16:36.802,1.5802,1.58049,1.13,1.87
2012.07.12 12:16:37.453,1.5802,1.58049,1.13,1.87
2012.07.12 12:16:38.152,1.58016,1.58049,1.50,1.87
2012.07.12 12:16:38.832,1.5802,1.58049,1.13,1.87
2012.07.12 12:16:39.520,1.58021,1.58049,1.13,1.87
2012.07.12 12:16:43.393,1.58021,1.58049,1.13,1.87
2012.07.12 12:16:44.202,1.58016,1.58049,1.56,1.87
2012.07.12 12:16:49.232,1.58013,1.58049,1.49,1.87
2012.07.12 12:16:49.303,1.58018,1.58049,1.07,1.43
2012.07.12 12:16:50.001,1.5802,1.58049,1.13,1.43
2012.07.12 12:16:51.536,1.5802,1.58049,1.13,1.43
2012.07.12 12:16:51.613,1.5802,1.58056,1.13,1.48
2012.07.12 12:16:51.861,1.5802,1.58049,1.13,1.43
2012.07.12 12:16:51.991,1.58018,1.58049,1.07,1.43
2012.07.12 12:16:54.282,1.58019,1.58049,1.07,1.43
2012.07.12 12:16:55.212,1.58018,1.58049,1.07,2.67
2012.07.12 12:16:55.282,1.58013,1.58049,1.44,3.25
2012.07.12 12:16:56.118,1.58015,1.58048,1.07,1.92
2012.07.12 12:16:57.293,1.58015,1.58048,1.87,1.92
2012.07.12 12:16:57.483,1.58016,1.58048,1.44,1.77
2012.07.12 12:16:57.612,1.58016,1.5805,1.12,1.43
2012.07.12 12:17:03.331,1.58017,1.5805,1.44,1.43
2012.07.12 12:17:03.460,1.58016,1.5805,1.44,2.18
2012.07.12 12:17:03.703,1.58016,1.58051,1.07,1.62
2012.07.12 12:17:04.013,1.58015,1.5805,1.07,1.87
2012.07.12 12:17:04.633,1.58013,1.5805,1.07,1.87
2012.07.12 12:17:07.573,1.58015,1.5805,1.07,1.87
2012.07.12 12:17:07.741,1.58013,1.5805,1.07,1.87
2012.07.12 12:17:10.028,1.58013,1.5805,1.07,2.18
2012.07.12 12:17:10.667,1.58017,1.5805,1.07,1.43
2012.07.12 12:17:10.972,1.58019,1.58045,1.07,1.43
2012.07.12 12:17:11.044,1.58018,1.58045,1.49,1.43
2012.07.12 12:17:11.579,1.58019,1.58051,1.07,1.62
2012.07.12 12:17:16.533,1.58018,1.58051,1.07,1.43
2012.07.12 12:17:17.151,1.58018,1.58051,1.07,1.43
2012.07.12 12:17:22.793,1.58012,1.58046,1.82,1.43
2012.07.12 12:17:23.102,1.58017,1.5805,1.07,1.43
2012.07.12 12:17:23.233,1.58014,1.58049,1.07,1.87
2012.07.12 12:17:23.302,1.5801,1.58049,1.12,3.50
2012.07.12 12:17:23.611,1.58011,1.58049,1.44,2.47
2012.07.12 12:17:24.862,1.58017,1.58049,1.07,1.62
2012.07.12 12:17:24.992,1.58019,1.58049,1.49,1.43
2012.07.12 12:17:25.064,1.58019,1.58054,2.24,1.19
2012.07.12 12:17:25.131,1.58019,1.58056,2.24,1.38
2012.07.12 12:17:25.204,1.58024,1.58062,1.44,1.14
2012.07.12 12:17:25.572,1.58027,1.58065,1.07,2.05
2012.07.12 12:17:25.642,1.58027,1.58068,1.82,1.53
2012.07.12 12:17:25.771,1.58034,1.5807,1.07,1.19
2012.07.12 12:17:25.961,1.58034,1.58072,1.07,1.29
2012.07.12 12:17:27.683,1.58027,1.58068,1.07,1.19
2012.07.12 12:17:27.872,1.58027,1.58064,1.07,1.19
2012.07.12 12:17:28.083,1.58027,1.58065,1.07,1.38
2012.07.12 12:17:28.632,1.5803,1.58066,1.07,1.62
2012.07.12 12:17:32.244,1.58027,1.58066,1.07,1.43
2012.07.12 12:17:32.912,1.58027,1.58066,1.07,1.43
2012.07.12 12:17:42.051,1.58027,1.58066,1.07,1.77
2012.07.12 12:17:44.912,1.58032,1.58072,1.07,1.15
2012.07.12 12:17:45.432,1.58028,1.5807,1.93,1.19
2012.07.12 12:17:45.743,1.58027,1.5806,1.26,1.43
2012.07.12 12:17:46.052,1.58025,1.58052,1.07,1.43
2012.07.12 12:17:46.122,1.58025,1.58052,1.07,1.43
2012.07.12 12:17:46.264,1.58025,1.58056,1.07,1.43
2012.07.12 12:17:46.333,1.58025,1.58056,1.07,1.43
2012.07.12 12:17:46.846,1.58024,1.58053,1.07,1.43
2012.07.12 12:17:47.254,1.58024,1.58057,1.07,1.43
2012.07.12 12:17:47.763,1.58025,1.58057,1.07,1.43
2012.07.12 12:17:48.277,1.58024,1.58057,1.07,1.43
2012.07.12 12:17:48.341,1.58024,1.58057,1.07,1.43
2012.07.12 12:17:49.054,1.58024,1.58057,1.07,1.43
2012.07.12 12:17:52.795,1.58024,1.58057,1.07,1.87
2012.07.12 12:17:52.903,1.58024,1.58057,1.07,1.43
2012.07.12 12:17:58.825,1.58024,1.58052,1.07,1.43
2012.07.12 12:17:58.951,1.58024,1.58057,1.07,1.43
2012.07.12 12:17:59.564,1.58025,1.58057,1.07,1.43
2012.07.12 12:18:03.743,1.5803,1.58057,1.07,1.43
2012.07.12 12:18:04.147,1.58034,1.58066,1.07,1.62
2012.07.12 12:18:04.226,1.58034,1.58072,1.07,4.00
2012.07.12 12:18:04.292,1.58034,1.58072,1.07,2.17
2012.07.12 12:18:04.793,1.58033,1.5807,1.44,1.09
2012.07.12 12:18:05.397,1.58033,1.58072,1.44,2.50
2012.07.12 12:18:07.454,1.58028,1.58063,1.63,1.09
2012.07.12 12:18:07.523,1.58028,1.58063,1.63,1.09
2012.07.12 12:18:08.085,1.58034,1.58068,1.82,2.98
2012.07.12 12:18:08.211,1.58034,1.58069,1.07,3.65
2012.07.12 12:18:08.833,1.58036,1.58072,1.07,2.50
2012.07.12 12:18:09.333,1.58037,1.58077,2.62,1.67
2012.07.12 12:18:11.582,1.58031,1.58074,1.07,2.43
2012.07.12 12:18:11.912,1.58031,1.58074,1.82,2.05
2012.07.12 12:18:12.464,1.58031,1.58074,1.82,2.05
2012.07.12 12:18:14.203,1.58031,1.58074,1.07,3.18
2012.07.12 12:18:15.012,1.5803,1.58073,1.07,1.33
2012.07.12 12:18:15.582,1.58029,1.58064,1.44,1.87
2012.07.12 12:18:19.061,1.58029,1.58064,1.44,1.87
2012.07.12 12:18:19.790,1.58029,1.58064,1.44,1.87
2012.07.12 12:18:20.461,1.58029,1.58064,1.44,1.87
2012.07.12 12:18:21.501,1.58029,1.58064,1.44,1.87
2012.07.12 12:18:22.160,1.58029,1.58064,1.44,1.87
2012.07.12 12:18:22.661,1.58029,1.58063,1.44,1.19
2012.07.12 12:18:23.171,1.58029,1.58064,1.44,1.87
2012.07.12 12:18:25.343,1.5803,1.58062,1.07,1.43
2012.07.12 12:18:25.844,1.5803,1.58063,1.07,1.87
2012.07.12 12:18:26.393,1.5803,1.58063,1.07,2.62
2012.07.12 12:18:27.131,1.5803,1.58062,1.07,1.43
2012.07.12 12:18:27.800,1.5803,1.58062,1.07,1.43
2012.07.12 12:18:28.472,1.5803,1.58062,1.07,1.43
2012.07.12 12:18:29.471,1.5803,1.58064,1.07,1.87
2012.07.12 12:18:30.294,1.5803,1.58062,1.07,1.43
2012.07.12 12:18:31.311,1.5803,1.58062,1.07,1.43
2012.07.12 12:18:32.013,1.5803,1.58062,1.07,1.43
2012.07.12 12:18:33.345,1.58033,1.58062,1.13,1.43
2012.07.12 12:18:33.411,1.58034,1.58068,1.07,1.38
2012.07.12 12:18:33.485,1.58034,1.58068,1.13,1.38
2012.07.12 12:18:33.614,1.58037,1.58071,1.82,1.19
2012.07.12 12:18:33.683,1.58037,1.58072,1.87,1.87
2012.07.12 12:18:33.751,1.58037,1.58072,1.56,1.87
2012.07.12 12:18:33.941,1.58036,1.58073,1.07,1.19
2012.07.12 12:18:34.192,1.58037,1.58067,1.12,1.43
2012.07.12 12:18:34.262,1.58033,1.58067,1.44,1.87
2012.07.12 12:18:34.392,1.58031,1.58067,1.07,1.87
2012.07.12 12:18:34.862,1.5803,1.58067,1.07,1.87
2012.07.12 12:18:35.053,1.58027,1.58063,1.87,1.87
2012.07.12 12:18:35.122,1.58027,1.58063,1.07,1.87
2012.07.12 12:18:35.193,1.58027,1.58063,1.44,1.87
2012.07.12 12:18:35.509,1.58027,1.58071,3.99,1.87
2012.07.12 12:18:35.982,1.58034,1.58071,1.13,1.87
2012.07.12 12:18:36.492,1.58031,1.58063,1.44,2.18
2012.07.12 12:18:36.564,1.58031,1.58063,1.07,2.18
2012.07.12 12:18:36.633,1.58028,1.58063,1.07,2.18
2012.07.12 12:18:36.702,1.58028,1.58063,1.07,2.62
2012.07.12 12:18:38.582,1.58024,1.58063,1.49,2.18
2012.07.12 12:18:38.894,1.58028,1.58063,1.44,1.58
2012.07.12 12:18:39.203,1.58034,1.58066,1.18,1.04
2012.07.12 12:18:41.301,1.58033,1.58068,1.18,1.14
2012.07.12 12:18:41.956,1.58034,1.58067,1.18,1.14
2012.07.12 12:18:42.631,1.58034,1.58067,1.18,1.14
2012.07.12 12:18:45.363,1.58034,1.58068,1.13,1.89
2012.07.12 12:18:45.673,1.58034,1.58065,1.18,1.19
2012.07.12 12:18:45.742,1.58034,1.58067,1.18,1.14
2012.07.12 12:18:46.472,1.58039,1.58069,1.56,1.87
2012.07.12 12:18:46.840,1.5804,1.58072,1.56,2.20
2012.07.12 12:18:46.914,1.58035,1.58072,1.07,2.50
2012.07.12 12:18:46.984,1.58034,1.5807,1.07,1.72
2012.07.12 12:18:47.052,1.58034,1.58068,1.07,1.19
2012.07.12 12:18:47.714,1.58035,1.58068,1.07,1.19
2012.07.12 12:18:48.222,1.58034,1.58068,1.44,1.19
2012.07.12 12:18:48.352,1.58034,1.58069,1.44,2.18
2012.07.12 12:18:49.653,1.58034,1.58069,1.44,2.18
2012.07.12 12:18:50.078,1.58034,1.58069,1.44,2.18
2012.07.12 12:18:50.601,1.58034,1.58069,1.44,2.18
2012.07.12 12:18:51.534,1.58034,1.58068,1.44,1.19
2012.07.12 12:18:51.942,1.58034,1.58069,1.44,2.18
2012.07.12 12:18:52.531,1.58034,1.58069,1.44,2.18
2012.07.12 12:18:58.912,1.58037,1.58074,1.12,1.19
2012.07.12 12:18:59.587,1.58036,1.58074,1.12,1.57
2012.07.12 12:18:59.893,1.58027,1.58063,1.07,1.19
2012.07.12 12:18:59.964,1.58027,1.58064,1.07,1.19
2012.07.12 12:19:00.194,1.58024,1.58064,2.87,1.53
2012.07.12 12:19:00.262,1.58024,1.58061,1.07,2.39
2012.07.12 12:19:00.336,1.58019,1.58061,1.07,2.39
2012.07.12 12:19:02.111,1.58021,1.58061,1.07,2.05
2012.07.12 12:19:14.941,1.58023,1.58061,1.07,2.35
2012.07.12 12:19:15.071,1.58027,1.58062,1.07,1.08
2012.07.12 12:19:16.616,1.58027,1.58063,1.07,1.08
2012.07.12 12:19:17.173,1.58024,1.58061,1.07,2.28
2012.07.12 12:19:17.373,1.58023,1.5806,1.74,1.08
2012.07.12 12:19:19.582,1.58018,1.5806,1.07,1.08
2012.07.12 12:19:19.711,1.58016,1.58059,2.49,1.08
2012.07.12 12:19:19.795,1.58016,1.58059,2.49,1.08
2012.07.12 12:19:20.062,1.58016,1.58059,2.49,1.08
2012.07.12 12:19:20.374,1.58026,1.58061,1.07,2.84
2012.07.12 12:19:20.923,1.58023,1.58063,1.74,1.35
2012.07.12 12:19:21.191,1.58023,1.58064,2.08,1.19
2012.07.12 12:19:22.001,1.58027,1.58066,1.07,2.05
2012.07.12 12:19:22.463,1.58023,1.58064,2.04,1.38
2012.07.12 12:19:22.801,1.58022,1.58059,1.37,1.19
2012.07.12 12:19:23.112,1.58022,1.58058,1.71,1.87
2012.07.12 12:19:23.476,1.58025,1.58057,1.07,1.87
2012.07.12 12:19:24.131,1.58024,1.58058,1.07,1.87
2012.07.12 12:19:24.473,1.58021,1.58057,1.07,1.62
2012.07.12 12:19:24.981,1.58021,1.58055,1.07,1.43
2012.07.12 12:19:25.074,1.58021,1.58055,1.07,1.43
2012.07.12 12:19:25.532,1.58021,1.58054,1.07,1.43
2012.07.12 12:19:25.636,1.58021,1.58054,1.07,1.43
2012.07.12 12:19:25.745,1.58021,1.58054,1.07,1.43
2012.07.12 12:19:26.293,1.58021,1.58054,1.07,1.43
2012.07.12 12:19:27.081,1.58021,1.58054,1.07,1.43
2012.07.12 12:19:27.432,1.58024,1.58054,1.07,1.43
2012.07.12 12:19:27.683,1.58027,1.58065,1.93,1.45
2012.07.12 12:19:27.753,1.58024,1.58063,1.31,2.18
2012.07.12 12:19:28.259,1.58022,1.58062,1.07,1.80
2012.07.12 12:19:28.323,1.58022,1.58061,1.07,1.87
2012.07.12 12:19:28.749,1.58024,1.58058,1.12,1.87
2012.07.12 12:19:28.836,1.58021,1.58058,1.44,2.05
2012.07.12 12:19:28.905,1.58022,1.58053,1.44,1.43
2012.07.12 12:19:29.154,1.58021,1.58061,1.12,2.54
2012.07.12 12:19:29.223,1.58021,1.58061,1.12,4.04
2012.07.12 12:19:29.292,1.58021,1.58061,1.12,4.04
2012.07.12 12:19:29.596,1.58019,1.5806,1.18,1.12
2012.07.12 12:19:29.723,1.58021,1.5806,1.12,1.15
2012.07.12 12:19:30.062,1.58019,1.58053,1.18,1.87
2012.07.12 12:19:30.671,1.58018,1.58053,1.18,1.87
2012.07.12 12:19:32.234,1.58016,1.58053,1.07,2.62
2012.07.12 12:19:37.781,1.58016,1.58053,1.12,2.62
2012.07.12 12:19:38.091,1.58021,1.58053,1.07,2.18
2012.07.12 12:19:39.323,1.58017,1.58053,1.07,2.62
2012.07.12 12:19:39.871,1.58016,1.58049,1.12,1.19
2012.07.12 12:19:40.475,1.58016,1.58049,1.87,1.19
2012.07.12 12:19:46.031,1.58016,1.58054,2.62,1.19
2012.07.12 12:19:46.101,1.58016,1.58054,1.82,1.19
2012.07.12 12:19:46.855,1.58018,1.58055,1.44,1.19
2012.07.12 12:19:47.102,1.58023,1.58058,1.07,1.38
2012.07.12 12:19:47.674,1.58025,1.58058,1.07,1.19
2012.07.12 12:19:50.434,1.58025,1.58063,1.44,1.38
2012.07.12 12:19:50.944,1.58024,1.58058,1.44,2.18
2012.07.12 12:19:51.312,1.58025,1.58058,1.12,2.62
2012.07.12 12:19:51.382,1.58025,1.58057,1.12,1.19
2012.07.12 12:19:51.573,1.58025,1.58058,1.07,1.19
2012.07.12 12:19:52.393,1.58026,1.58063,1.13,1.38
2012.07.12 12:19:52.592,1.58031,1.58064,1.13,1.38
2012.07.12 12:19:52.663,1.58027,1.58064,1.44,1.38
2012.07.12 12:19:52.912,1.58027,1.58064,1.07,1.38
2012.07.12 12:19:53.044,1.58024,1.58064,1.13,1.38
2012.07.12 12:19:54.457,1.58023,1.58064,1.44,1.38
2012.07.12 12:19:57.732,1.58024,1.58064,1.13,2.80
2012.07.12 12:19:58.826,1.58025,1.58065,1.12,2.05
2012.07.12 12:20:00.552,1.58024,1.58065,1.44,2.05
2012.07.12 12:20:00.923,1.58019,1.5806,1.07,1.87
2012.07.12 12:20:01.232,1.58016,1.58056,1.44,2.05
2012.07.12 12:20:02.022,1.58015,1.58055,1.44,2.05
2012.07.12 12:20:02.196,1.58015,1.58055,1.07,2.05
2012.07.12 12:20:02.383,1.58017,1.58054,1.07,1.87
2012.07.12 12:20:02.572,1.58022,1.58063,1.07,1.89
2012.07.12 12:20:02.643,1.58022,1.58063,1.07,1.89
2012.07.12 12:20:05.134,1.58025,1.58065,2.24,2.39
2012.07.12 12:20:05.565,1.58027,1.58065,1.56,2.39
2012.07.12 12:20:06.002,1.58027,1.58063,1.07,2.05
2012.07.12 12:20:06.471,1.58027,1.58063,1.44,2.05
2012.07.12 12:20:06.934,1.58029,1.58063,1.13,2.05
2012.07.12 12:20:11.103,1.58023,1.58058,1.13,1.38
2012.07.12 12:20:11.174,1.58021,1.58058,1.12,1.72
2012.07.12 12:20:11.363,1.58019,1.58054,1.18,1.53
2012.07.12 12:20:11.751,1.58018,1.58054,1.18,2.95
2012.07.12 12:20:12.282,1.58018,1.58054,1.18,2.95
2012.07.12 12:20:14.373,1.58023,1.58056,1.18,2.02
2012.07.12 12:20:14.683,1.58028,1.58061,1.13,1.33
2012.07.12 12:20:14.933,1.58029,1.58061,1.18,1.14
2012.07.12 12:20:15.123,1.58028,1.58069,1.93,1.38
2012.07.12 12:20:15.755,1.58029,1.58065,1.13,1.33
2012.07.12 12:20:16.064,1.58027,1.58059,1.13,1.38
2012.07.12 12:20:16.544,1.58023,1.58063,1.44,1.19
2012.07.12 12:20:16.984,1.58024,1.58065,1.41,1.14
2012.07.12 12:20:17.114,1.58028,1.58072,1.44,1.15
2012.07.12 12:20:17.634,1.58031,1.58073,1.13,1.57
2012.07.12 12:20:17.942,1.58032,1.58078,1.07,4.22
2012.07.12 12:20:18.316,1.58033,1.58078,1.44,2.79
2012.07.12 12:20:18.623,1.58039,1.58079,1.56,1.33
2012.07.12 12:20:18.934,1.58046,1.58082,1.50,1.14
2012.07.12 12:20:19.521,1.58046,1.58086,1.50,1.70
2012.07.12 12:20:21.292,1.58041,1.58084,1.50,1.38
2012.07.12 12:20:22.373,1.58041,1.58084,1.50,1.38
2012.07.12 12:20:22.756,1.58037,1.58079,1.50,2.80
2012.07.12 12:20:24.002,1.58037,1.58079,1.56,2.80
2012.07.12 12:20:24.612,1.58038,1.58079,1.18,2.80
2012.07.12 12:20:26.362,1.58041,1.58084,1.50,2.80
2012.07.12 12:20:26.442,1.5804,1.58084,3.36,2.95
2012.07.12 12:20:27.169,1.5804,1.58078,2.61,1.19
2012.07.12 12:20:27.462,1.5804,1.58079,1.43,1.38
2012.07.12 12:20:27.653,1.58036,1.58076,1.09,2.05
2012.07.12 12:20:27.722,1.58037,1.58076,1.13,1.87
2012.07.12 12:20:28.032,1.58051,1.58083,1.56,1.87
2012.07.12 12:20:28.102,1.58051,1.58089,1.56,1.68
2012.07.12 12:20:28.233,1.58051,1.58091,1.65,2.28
2012.07.12 12:20:28.304,1.58054,1.58093,1.77,1.19
2012.07.12 12:20:28.372,1.58054,1.58093,2.08,1.19
2012.07.12 12:20:28.913,1.58051,1.58093,1.22,1.53
2012.07.12 12:20:29.335,1.58052,1.58093,1.24,1.19
2012.07.12 12:20:29.682,1.58052,1.58093,1.65,1.19
2012.07.12 12:20:29.992,1.58048,1.58089,2.62,1.19
2012.07.12 12:20:30.123,1.58048,1.58089,2.62,1.19
2012.07.12 12:20:30.476,1.58051,1.58094,1.07,1.89
2012.07.12 12:20:31.134,1.58051,1.58094,1.07,1.14
2012.07.12 12:20:31.322,1.58053,1.58094,1.07,1.14
2012.07.12 12:20:31.452,1.58054,1.58094,1.43,1.89
2012.07.12 12:20:31.524,1.58054,1.58094,1.43,1.89
2012.07.12 12:20:31.592,1.5805,1.58094,2.49,3.32
2012.07.12 12:20:32.302,1.58048,1.58088,2.62,1.19
2012.07.12 12:20:33.331,1.58049,1.58088,1.32,1.19
2012.07.12 12:20:33.633,1.58055,1.58093,1.18,1.19
2012.07.12 12:20:34.063,1.58059,1.58101,1.74,2.05
2012.07.12 12:20:34.821,1.58059,1.58094,1.80,1.19
2012.07.12 12:20:35.405,1.58057,1.58093,1.13,1.87
2012.07.12 12:20:35.993,1.58053,1.58093,1.64,2.62
2012.07.12 12:20:36.613,1.58054,1.58093,1.33,2.62
2012.07.12 12:20:39.392,1.58054,1.58093,2.23,1.19
2012.07.12 12:20:40.043,1.58053,1.58089,1.18,1.19
2012.07.12 12:20:40.767,1.58055,1.58094,1.07,1.72
2012.07.12 12:20:41.471,1.58055,1.58094,1.12,2.42
2012.07.12 12:20:42.242,1.58054,1.58094,1.43,1.72
2012.07.12 12:20:46.371,1.58052,1.58094,1.59,1.19
2012.07.12 12:20:47.032,1.58053,1.58094,1.62,1.19
2012.07.12 12:20:47.281,1.58053,1.58094,1.93,1.89
2012.07.12 12:20:47.472,1.58053,1.58094,1.62,1.19
2012.07.12 12:20:50.475,1.58053,1.58094,2.23,1.89
2012.07.12 12:20:52.891,1.58057,1.58094,1.82,2.57
2012.07.12 12:20:53.012,1.5806,1.58094,1.52,1.87
2012.07.12 12:20:53.082,1.5806,1.58097,2.21,1.19
2012.07.12 12:20:53.212,1.58063,1.58099,2.27,1.87
2012.07.12 12:20:53.282,1.58063,1.58099,1.09,1.87
2012.07.12 12:20:53.473,1.58061,1.58098,1.56,1.53
2012.07.12 12:20:53.541,1.58061,1.58091,1.56,1.43
2012.07.12 12:20:53.613,1.58061,1.58098,1.56,1.72
2012.07.12 12:20:53.682,1.58061,1.58099,1.56,2.39
2012.07.12 12:20:53.872,1.58062,1.581,1.13,3.09
2012.07.12 12:20:54.062,1.58064,1.581,1.13,2.05
2012.07.12 12:20:56.064,1.58064,1.581,1.18,2.02
2012.07.12 12:20:57.053,1.58063,1.58099,1.18,1.87
2012.07.12 12:20:57.183,1.58061,1.58099,1.50,1.87
2012.07.12 12:20:57.577,1.58056,1.58088,1.07,1.43
2012.07.12 12:20:57.825,1.58056,1.58094,1.82,1.19
2012.07.12 12:20:57.892,1.58056,1.58094,1.50,1.19
2012.07.12 12:20:57.964,1.58052,1.58093,1.56,1.90
2012.07.12 12:20:58.153,1.58051,1.5809,1.07,1.87
2012.07.12 12:20:58.633,1.58049,1.58088,1.44,1.19
2012.07.12 12:20:58.720,1.58049,1.58091,2.19,2.24
2012.07.12 12:20:58.953,1.58049,1.58089,1.44,1.19
2012.07.12 12:21:02.114,1.58049,1.58091,2.62,2.75
2012.07.12 12:21:02.373,1.58052,1.58091,2.16,2.57
2012.07.12 12:21:03.286,1.58054,1.58093,1.09,1.19
2012.07.12 12:21:03.352,1.58055,1.58093,1.50,1.19
2012.07.12 12:21:04.322,1.58058,1.58094,1.13,2.62
2012.07.12 12:21:05.024,1.58054,1.58094,1.09,3.32
2012.07.12 12:21:05.572,1.58057,1.58094,1.13,2.62
2012.07.12 12:21:06.750,1.58055,1.58094,1.50,2.62
2012.07.12 12:21:08.231,1.58054,1.58093,1.89,1.19
2012.07.12 12:21:08.483,1.58052,1.58089,1.93,1.87
2012.07.12 12:21:09.502,1.58045,1.58082,1.12,2.20
2012.07.12 12:21:09.670,1.58045,1.58076,1.07,1.43
2012.07.12 12:21:10.172,1.58045,1.58076,1.07,1.43
2012.07.12 12:21:10.687,1.58047,1.58076,1.13,1.43
2012.07.12 12:21:11.727,1.58039,1.58073,1.13,1.14
2012.07.12 12:21:11.794,1.58037,1.58073,1.82,1.14
2012.07.12 12:21:12.303,1.58037,1.58074,1.44,1.14
2012.07.12 12:21:21.733,1.58032,1.5807,1.07,1.14
2012.07.12 12:21:22.292,1.58032,1.58071,1.07,1.89
2012.07.12 12:21:22.633,1.58032,1.58072,1.07,2.24
2012.07.12 12:21:23.361,1.58032,1.58072,1.07,2.24
2012.07.12 12:21:25.533,1.58032,1.58072,1.07,2.24
2012.07.12 12:21:26.762,1.58037,1.58072,1.07,2.24
2012.07.12 12:21:27.323,1.58033,1.58072,2.24,2.24
2012.07.12 12:21:28.903,1.58037,1.58071,1.82,1.87
2012.07.12 12:21:29.401,1.58039,1.58071,1.82,1.87
2012.07.12 12:21:29.886,1.58046,1.58084,1.07,1.13
2012.07.12 12:21:30.413,1.58046,1.58086,2.38,1.87
2012.07.12 12:21:30.542,1.58051,1.58088,1.26,1.14
2012.07.12 12:21:30.854,1.58055,1.58091,1.12,1.14
2012.07.12 12:21:31.163,1.58058,1.58093,1.26,1.19
2012.07.12 12:21:31.232,1.58057,1.58098,2.01,2.99
2012.07.12 12:21:31.325,1.58058,1.58098,1.26,2.99
2012.07.12 12:21:31.394,1.58058,1.58098,1.26,1.57
2012.07.12 12:21:31.582,1.58058,1.58097,1.26,1.52
2012.07.12 12:21:31.712,1.58058,1.58097,2.57,1.52
2012.07.12 12:21:31.912,1.5806,1.58098,1.44,1.57
2012.07.12 12:21:32.442,1.58061,1.58099,1.87,1.13
2012.07.12 12:21:32.753,1.58057,1.58097,1.87,1.13
2012.07.12 12:21:32.884,1.58054,1.58096,2.08,1.13
2012.07.12 12:21:33.013,1.58053,1.58094,1.07,1.19
2012.07.12 12:21:33.373,1.58053,1.58094,1.07,1.19
2012.07.12 12:21:37.293,1.58053,1.58095,1.26,1.87
2012.07.12 12:21:41.052,1.58055,1.58097,2.31,1.43
2012.07.12 12:21:41.363,1.58053,1.58089,1.07,1.43
2012.07.12 12:21:42.164,1.58049,1.58089,1.83,2.18
2012.07.12 12:21:42.353,1.58049,1.58088,1.52,1.19
2012.07.12 12:21:42.483,1.58049,1.58084,1.52,1.19
2012.07.12 12:21:42.673,1.5804,1.58074,1.07,1.43
2012.07.12 12:21:43.163,1.58041,1.58081,1.07,1.43
2012.07.12 12:21:45.103,1.58046,1.58081,1.07,1.80
2012.07.12 12:21:45.653,1.58036,1.5808,1.82,1.52
2012.07.12 12:21:45.782,1.58036,1.5808,1.82,1.52
2012.07.12 12:21:48.006,1.58036,1.58084,1.56,1.38
2012.07.12 12:21:48.395,1.58038,1.58084,1.07,1.70
2012.07.12 12:21:48.664,1.58037,1.58084,1.12,2.45
2012.07.12 12:21:50.103,1.58048,1.58083,1.18,1.19
2012.07.12 12:21:50.473,1.58048,1.58083,1.18,1.19
2012.07.12 12:21:50.783,1.58048,1.58083,1.18,1.19
2012.07.12 12:21:52.883,1.58042,1.58084,2.31,1.19
2012.07.12 12:21:53.073,1.58049,1.58084,1.18,1.19
2012.07.12 12:21:53.274,1.58048,1.58084,1.18,1.19
2012.07.12 12:21:55.073,1.58049,1.58084,1.93,1.19
2012.07.12 12:21:55.384,1.58048,1.58084,1.18,1.19
2012.07.12 12:21:55.454,1.58056,1.58084,1.43,1.19
2012.07.12 12:21:55.770,1.58052,1.58088,1.18,1.57
2012.07.12 12:21:55.844,1.58052,1.58086,1.18,1.19
2012.07.12 12:21:56.209,1.58054,1.58084,1.13,1.19
2012.07.12 12:21:56.286,1.58048,1.58079,1.13,1.19
2012.07.12 12:21:56.472,1.58041,1.58079,1.07,1.19
2012.07.12 12:21:56.962,1.58038,1.58083,1.07,1.38
2012.07.12 12:21:57.152,1.58039,1.58083,1.07,1.38
2012.07.12 12:21:57.223,1.58037,1.58078,1.07,1.19
2012.07.12 12:21:57.572,1.58037,1.58078,1.82,1.57
2012.07.12 12:21:58.163,1.5803,1.58073,1.12,1.38
2012.07.12 12:21:58.472,1.58027,1.58073,1.44,1.38
2012.07.12 12:21:59.856,1.58031,1.58075,1.07,1.19
2012.07.12 12:22:01.133,1.58032,1.58075,1.13,1.19
2012.07.12 12:22:01.472,1.58036,1.58075,1.56,1.19
2012.07.12 12:22:01.543,1.58037,1.58075,1.88,1.19
2012.07.12 12:22:01.673,1.58037,1.58073,1.87,1.57
2012.07.12 12:22:01.802,1.5803,1.58072,1.07,2.24
2012.07.12 12:22:02.413,1.58031,1.58074,1.07,2.05
2012.07.12 12:22:02.903,1.58024,1.58066,1.07,2.05
2012.07.12 12:22:03.093,1.58029,1.58068,1.74,1.38
2012.07.12 12:22:03.223,1.58024,1.58065,1.07,2.05
2012.07.12 12:22:03.534,1.58026,1.58068,1.07,1.19
2012.07.12 12:22:04.049,1.58028,1.58073,1.87,2.08
2012.07.12 12:22:04.231,1.58031,1.58073,1.07,1.38
2012.07.12 12:22:04.632,1.58029,1.58073,1.07,1.38
2012.07.12 12:22:06.472,1.58029,1.58074,1.07,1.33
2012.07.12 12:22:07.332,1.58029,1.58073,1.07,1.38
2012.07.12 12:22:07.462,1.58032,1.58073,1.50,1.38
2012.07.12 12:22:07.592,1.58032,1.58073,1.50,1.38
2012.07.12 12:22:07.964,1.58031,1.58073,1.07,1.38
2012.07.12 12:22:08.282,1.58033,1.58079,2.18,2.80
2012.07.12 12:22:08.713,1.58035,1.58079,1.07,3.37
2012.07.12 12:22:09.692,1.58033,1.58074,1.74,1.19
2012.07.12 12:22:10.154,1.58026,1.58072,1.07,2.05
2012.07.12 12:22:10.403,1.5803,1.58074,1.07,1.87
2012.07.12 12:22:11.973,1.58037,1.58078,1.50,1.33
2012.07.12 12:22:12.166,1.58043,1.58078,1.43,1.33
2012.07.12 12:22:12.234,1.58043,1.58078,1.43,2.08
2012.07.12 12:22:12.303,1.58037,1.58073,1.07,1.38
2012.07.12 12:22:12.553,1.58036,1.58074,1.13,1.38
2012.07.12 12:22:12.682,1.58036,1.58074,1.44,1.38
2012.07.12 12:22:13.052,1.58033,1.58074,1.74,1.38
2012.07.12 12:22:13.122,1.58036,1.58075,1.07,2.05
2012.07.12 12:22:13.432,1.58035,1.58079,1.74,1.72
2012.07.12 12:22:14.214,1.58035,1.58079,1.74,1.72
2012.07.12 12:22:14.823,1.58044,1.58083,1.43,1.57
2012.07.12 12:22:14.973,1.58044,1.58083,2.18,1.57
2012.07.12 12:22:15.163,1.58044,1.58084,1.43,1.57
2012.07.12 12:22:15.352,1.58044,1.58084,1.74,1.57
2012.07.12 12:22:15.521,1.58044,1.58084,1.74,1.19
2012.07.12 12:22:15.642,1.58044,1.58084,2.12,1.19
2012.07.12 12:22:16.163,1.58048,1.58089,1.13,3.84
2012.07.12 12:22:16.693,1.58046,1.58083,1.07,1.38
2012.07.12 12:22:17.111,1.58039,1.58078,1.82,1.38
2012.07.12 12:22:17.226,1.58035,1.58078,2.12,1.38
2012.07.12 12:22:18.338,1.58033,1.58073,1.44,2.05
2012.07.12 12:22:18.644,1.58031,1.58073,1.87,2.05
2012.07.12 12:22:21.742,1.5803,1.58068,1.12,1.19
2012.07.12 12:22:22.503,1.58031,1.58068,1.07,2.62
2012.07.12 12:22:25.781,1.58032,1.58073,1.44,2.80
2012.07.12 12:22:28.513,1.5803,1.58066,1.07,1.19
2012.07.12 12:22:28.582,1.58031,1.58069,1.07,1.34
2012.07.12 12:22:28.831,1.58033,1.5807,1.13,1.89
2012.07.12 12:22:29.193,1.5803,1.58068,1.07,1.19
2012.07.12 12:22:29.322,1.58029,1.58068,2.49,1.53
2012.07.12 12:22:30.973,1.58033,1.58068,1.13,2.35
2012.07.12 12:22:31.043,1.58032,1.58068,1.13,2.35
2012.07.12 12:22:31.113,1.58032,1.58068,1.13,2.05
2012.07.12 12:22:31.664,1.58032,1.58072,1.13,1.12
2012.07.12 12:22:34.392,1.58033,1.5807,1.13,2.05
2012.07.12 12:22:34.583,1.58034,1.58075,1.87,2.24
2012.07.12 12:22:35.108,1.58036,1.58076,1.07,2.24
2012.07.12 12:22:37.731,1.58037,1.58076,1.07,2.05
2012.07.12 12:22:37.995,1.58036,1.58076,2.62,2.05
2012.07.12 12:22:38.585,1.58036,1.58076,1.44,3.18
2012.07.12 12:22:38.714,1.58034,1.58069,1.44,1.09
2012.07.12 12:22:38.783,1.58037,1.58072,1.07,2.65
2012.07.12 12:22:38.975,1.58033,1.58071,2.21,1.19
2012.07.12 12:22:39.055,1.58033,1.58071,2.21,1.19
2012.07.12 12:22:39.243,1.58033,1.58071,1.12,1.34
2012.07.12 12:22:39.496,1.58034,1.58074,2.12,1.53
2012.07.12 12:22:39.562,1.58034,1.58074,2.12,1.53
2012.07.12 12:22:40.460,1.5803,1.58069,1.07,1.19
2012.07.12 12:22:40.732,1.58027,1.58069,1.26,1.19
2012.07.12 12:22:40.865,1.58027,1.58069,1.26,1.19
2012.07.12 12:22:41.276,1.58027,1.58069,1.26,1.19
2012.07.12 12:22:41.983,1.58027,1.58067,1.26,1.19
2012.07.12 12:22:43.203,1.58027,1.58068,1.07,1.19
2012.07.12 12:22:43.274,1.58028,1.58068,1.07,1.19
2012.07.12 12:22:43.463,1.58019,1.58063,1.12,1.38
2012.07.12 12:22:43.533,1.58019,1.58063,1.12,1.38
2012.07.12 12:22:43.604,1.58019,1.58063,1.87,1.38
2012.07.12 12:22:43.733,1.58022,1.58067,1.82,2.05
2012.07.12 12:22:43.864,1.58029,1.58067,1.07,2.05
2012.07.12 12:22:44.320,1.58034,1.58068,1.07,1.19
2012.07.12 12:22:44.395,1.58027,1.58068,1.82,1.19
2012.07.12 12:22:44.644,1.58027,1.58067,1.82,2.05
2012.07.12 12:22:44.772,1.58022,1.58067,1.07,2.05
2012.07.12 12:22:44.844,1.58022,1.58067,1.07,2.05
2012.07.12 12:22:46.273,1.58019,1.58059,1.07,1.38
2012.07.12 12:22:46.522,1.58019,1.58059,1.07,1.38
2012.07.12 12:22:46.714,1.58018,1.58059,1.07,1.38
2012.07.12 12:22:46.842,1.58018,1.58057,1.07,1.32
2012.07.12 12:22:47.422,1.58019,1.5805,1.07,1.43
2012.07.12 12:22:47.863,1.58019,1.58058,1.07,1.38
2012.07.12 12:22:48.343,1.58018,1.58058,1.07,1.38
2012.07.12 12:22:48.937,1.58019,1.58049,1.07,1.43
2012.07.12 12:22:49.664,1.58019,1.58049,1.07,1.43
2012.07.12 12:22:50.182,1.58019,1.58049,1.07,1.43
2012.07.12 12:22:51.984,1.58019,1.58055,1.07,2.05
2012.07.12 12:22:52.222,1.58017,1.58055,1.50,2.05
2012.07.12 12:22:54.002,1.58017,1.58054,1.07,1.19
2012.07.12 12:22:54.532,1.58019,1.58056,1.07,2.05
2012.07.12 12:22:55.384,1.58017,1.58056,1.07,2.05
2012.07.12 12:22:56.273,1.58019,1.58055,1.07,1.38
2012.07.12 12:22:56.642,1.58016,1.58053,1.12,1.19
2012.07.12 12:22:57.422,1.58016,1.58053,1.07,1.19
2012.07.12 12:22:58.042,1.58019,1.58054,1.07,1.87
2012.07.12 12:22:58.379,1.58017,1.58054,1.50,1.87
2012.07.12 12:22:58.683,1.58021,1.58054,1.13,1.87
2012.07.12 12:22:59.125,1.58034,1.58055,1.43,1.14
2012.07.12 12:22:59.493,1.58034,1.58055,1.43,1.14
2012.07.12 12:22:59.622,1.58034,1.58069,1.43,1.19
2012.07.12 12:22:59.754,1.58026,1.58069,2.74,1.19
2012.07.12 12:22:59.824,1.58026,1.58069,3.06,1.19
2012.07.12 12:23:00.023,1.58027,1.58065,2.12,1.19
2012.07.12 12:23:00.333,1.58027,1.58066,1.74,1.38
2012.07.12 12:23:00.403,1.58027,1.58064,1.74,1.19
2012.07.12 12:23:00.471,1.58027,1.58064,1.74,1.19
2012.07.12 12:23:00.557,1.58027,1.58066,1.74,1.38
2012.07.12 12:23:00.773,1.58027,1.58066,1.74,1.38
2012.07.12 12:23:00.843,1.58024,1.58063,1.07,2.18
2012.07.12 12:23:01.383,1.58027,1.58066,1.74,1.38
2012.07.12 12:23:02.659,1.58028,1.58069,1.74,1.38
2012.07.12 12:23:02.725,1.58028,1.58066,1.74,1.38
2012.07.12 12:23:06.742,1.58028,1.58067,1.74,1.33
2012.07.12 12:23:06.932,1.58028,1.58066,1.74,1.38
2012.07.12 12:23:07.122,1.58028,1.58063,1.74,1.19
2012.07.12 12:23:12.248,1.58028,1.58067,1.74,2.23
2012.07.12 12:23:19.235,1.5803,1.58067,1.07,2.08
2012.07.12 12:23:19.753,1.58026,1.58067,2.87,1.38
2012.07.12 12:23:30.182,1.58026,1.58061,1.74,1.19
2012.07.12 12:23:30.612,1.58022,1.58063,1.07,2.20
2012.07.12 12:23:35.122,1.58027,1.58061,1.74,1.19
2012.07.12 12:23:35.226,1.58027,1.58063,1.74,1.19
2012.07.12 12:23:36.952,1.58026,1.58067,2.87,1.33
2012.07.12 12:23:37.173,1.58031,1.58069,1.13,1.38
2012.07.12 12:23:37.482,1.58034,1.58069,1.13,1.38
2012.07.12 12:23:38.003,1.58034,1.58068,1.18,1.38
2012.07.12 12:23:40.871,1.58031,1.58063,1.13,1.19
2012.07.12 12:23:41.002,1.5803,1.58063,1.07,1.19
2012.07.12 12:23:41.734,1.5803,1.58069,1.56,2.80
2012.07.12 12:23:41.985,1.5803,1.58066,1.12,1.38
2012.07.12 12:23:42.052,1.58028,1.58066,3.29,1.33
2012.07.12 12:23:42.583,1.58028,1.58067,1.74,1.14
2012.07.12 12:23:44.456,1.58028,1.58066,1.74,1.57
2012.07.12 12:23:44.764,1.58027,1.58061,1.74,1.50
2012.07.12 12:23:44.895,1.58025,1.58063,1.12,1.13
2012.07.12 12:23:45.083,1.5802,1.58061,1.93,1.45
2012.07.12 12:23:45.155,1.58027,1.58061,1.74,1.38
2012.07.12 12:23:45.224,1.58027,1.58061,1.74,1.38
2012.07.12 12:23:45.353,1.58022,1.58059,1.74,1.19
2012.07.12 12:23:45.423,1.58022,1.58059,1.74,1.19
2012.07.12 12:23:45.682,1.58024,1.58064,1.74,2.08
2012.07.12 12:23:45.815,1.58018,1.58059,1.44,1.87
2012.07.12 12:23:47.723,1.5802,1.58054,1.74,2.08
2012.07.12 12:23:51.083,1.58016,1.58053,1.07,1.33
2012.07.12 12:23:51.643,1.58012,1.58053,1.74,1.33
2012.07.12 12:23:51.842,1.58012,1.58052,1.74,1.38
2012.07.12 12:23:52.074,1.58009,1.58046,1.98,1.43
2012.07.12 12:23:52.560,1.58015,1.58046,1.07,1.43
2012.07.12 12:23:52.923,1.58012,1.58052,1.07,2.08
2012.07.12 12:23:53.623,1.58012,1.5805,2.92,1.14
2012.07.12 12:23:54.102,1.58012,1.5805,1.56,1.34
2012.07.12 12:23:54.412,1.5801,1.58048,2.18,1.12
2012.07.12 12:23:54.483,1.5801,1.58049,1.43,1.87
2012.07.12 12:23:54.554,1.5801,1.58049,1.43,1.87
2012.07.12 12:23:54.623,1.58006,1.58044,1.07,1.33
2012.07.12 12:23:54.694,1.58005,1.58044,1.07,1.33
2012.07.12 12:23:55.134,1.58004,1.58044,1.50,1.33
2012.07.12 12:23:55.288,1.58005,1.58044,1.07,1.67
2012.07.12 12:23:55.617,1.58001,1.58042,1.07,2.39
2012.07.12 12:23:58.493,1.58001,1.5804,1.50,2.05
2012.07.12 12:23:58.565,1.58002,1.5804,1.07,2.05
2012.07.12 12:23:59.153,1.58002,1.58041,1.07,2.39
2012.07.12 12:23:59.703,1.58006,1.58041,1.13,2.39
2012.07.12 12:23:59.773,1.58009,1.58041,1.88,2.05
2012.07.12 12:23:59.902,1.58011,1.58053,2.49,1.59
2012.07.12 12:23:59.974,1.58011,1.58053,2.87,1.14
2012.07.12 12:24:00.283,1.58015,1.58054,1.13,1.34
2012.07.12 12:24:00.962,1.58014,1.58054,1.13,1.34
2012.07.12 12:24:01.663,1.58012,1.58054,2.37,1.34
2012.07.12 12:24:02.435,1.58012,1.58054,2.37,1.34
2012.07.12 12:24:02.994,1.58012,1.58053,1.69,1.34
2012.07.12 12:24:03.423,1.58012,1.58056,1.69,1.38
2012.07.12 12:24:05.381,1.58012,1.58053,1.69,1.34
2012.07.12 12:24:06.316,1.58012,1.58056,1.69,1.08
2012.07.12 12:24:12.041,1.58011,1.58054,1.74,2.77
2012.07.12 12:24:12.538,1.58012,1.58054,1.69,2.02
2012.07.12 12:24:13.032,1.58014,1.58051,1.13,1.87
2012.07.12 12:24:13.561,1.58013,1.58051,1.13,1.87
2012.07.12 12:24:14.964,1.58016,1.58049,1.50,1.19
2012.07.12 12:24:16.104,1.58014,1.58049,1.18,1.19
2012.07.12 12:24:17.094,1.58014,1.58049,1.18,1.19
2012.07.12 12:24:17.778,1.58013,1.58049,1.18,1.19
2012.07.12 12:24:17.902,1.58013,1.58049,1.13,1.19
2012.07.12 12:24:18.412,1.58012,1.58051,1.13,1.87
2012.07.12 12:24:19.052,1.58012,1.58051,1.13,1.87
2012.07.12 12:24:19.343,1.58016,1.58051,1.56,1.87
2012.07.12 12:24:19.472,1.58015,1.58051,1.56,1.87
2012.07.12 12:24:19.642,1.58016,1.58051,1.56,1.87
2012.07.12 12:24:20.392,1.58014,1.58051,1.18,2.20
2012.07.12 12:24:20.803,1.58013,1.58051,1.93,2.20
2012.07.12 12:24:20.991,1.58013,1.58051,1.56,2.20
2012.07.12 12:24:21.365,1.58013,1.58051,1.56,2.20
2012.07.12 12:24:21.432,1.58012,1.58051,1.93,2.20
2012.07.12 12:24:22.194,1.58014,1.58051,1.18,2.20
2012.07.12 12:24:22.443,1.58016,1.58051,1.56,1.87
2012.07.12 12:24:22.947,1.58016,1.58055,1.74,2.24
2012.07.12 12:24:23.019,1.58015,1.58055,2.49,2.24
2012.07.12 12:24:23.308,1.58016,1.58055,1.74,2.94
2012.07.12 12:24:23.493,1.58013,1.58054,1.26,2.62
2012.07.12 12:24:23.562,1.58013,1.58054,1.26,2.62
2012.07.12 12:24:24.644,1.58017,1.58051,1.26,1.19
2012.07.12 12:24:24.956,1.58015,1.58047,1.31,1.43
2012.07.12 12:24:25.664,1.58015,1.58047,1.31,1.43
2012.07.12 12:24:28.453,1.58016,1.58047,1.26,1.43
2012.07.12 12:24:28.524,1.58016,1.58047,1.26,1.43
2012.07.12 12:24:29.053,1.58017,1.58046,1.07,1.43
2012.07.12 12:24:29.184,1.58017,1.58056,1.07,1.52
2012.07.12 12:24:29.373,1.58019,1.58056,1.07,1.14
2012.07.12 12:24:30.784,1.58016,1.58056,1.26,1.52
2012.07.12 12:24:31.204,1.58015,1.58058,2.01,1.87
2012.07.12 12:24:31.393,1.58012,1.5805,1.07,1.87
2012.07.12 12:24:31.583,1.58011,1.5805,1.26,1.43
2012.07.12 12:24:32.273,1.58012,1.5805,1.07,1.43
2012.07.12 12:24:33.532,1.58011,1.5805,1.26,1.43
2012.07.12 12:24:33.782,1.58016,1.58053,1.26,1.14
2012.07.12 12:24:34.484,1.58016,1.58053,1.07,1.19
2012.07.12 12:24:34.554,1.58013,1.5805,1.07,1.87
2012.07.12 12:24:35.354,1.58011,1.58044,1.59,1.43
2012.07.12 12:24:35.665,1.58011,1.58047,1.26,1.43
2012.07.12 12:24:35.732,1.58014,1.58047,1.07,1.43
2012.07.12 12:24:35.803,1.58012,1.58047,1.07,1.43
2012.07.12 12:24:35.872,1.5801,1.58049,1.31,1.19
2012.07.12 12:24:39.562,1.58012,1.58049,1.07,1.87
2012.07.12 12:24:39.703,1.58012,1.58049,1.07,1.87
2012.07.12 12:24:41.904,1.58008,1.58046,1.07,2.99
2012.07.12 12:24:42.214,1.58001,1.5804,2.06,1.14
2012.07.12 12:24:42.344,1.58001,1.58041,1.07,1.89
2012.07.12 12:24:42.881,1.57998,1.58041,1.26,1.89
2012.07.12 12:24:43.753,1.57998,1.58039,1.26,1.87
2012.07.12 12:24:44.004,1.58002,1.58038,1.13,1.87
2012.07.12 12:24:44.075,1.58007,1.5804,2.18,1.14
2012.07.12 12:24:44.143,1.58007,1.58047,2.98,1.57
2012.07.12 12:24:44.275,1.58007,1.58047,3.73,1.57
2012.07.12 12:24:44.404,1.58012,1.58049,2.18,1.14
2012.07.12 12:24:44.656,1.58013,1.58057,2.37,1.87
2012.07.12 12:24:44.863,1.58013,1.58057,2.37,1.87
2012.07.12 12:24:45.286,1.58016,1.58058,1.74,1.87
2012.07.12 12:24:45.614,1.58018,1.58058,1.32,1.87
2012.07.12 12:24:45.683,1.58018,1.58058,1.32,1.87
2012.07.12 12:24:45.993,1.58018,1.58057,1.32,1.87
2012.07.12 12:24:46.204,1.58018,1.58049,1.32,1.87
2012.07.12 12:24:46.633,1.58017,1.58041,1.26,1.43
2012.07.12 12:24:46.706,1.58017,1.58041,1.07,1.43
2012.07.12 12:24:46.773,1.58017,1.58045,1.07,1.43
2012.07.12 12:24:46.843,1.58017,1.58048,1.07,1.43
2012.07.12 12:24:47.059,1.58017,1.58048,1.78,1.43
2012.07.12 12:24:47.736,1.58017,1.58048,1.47,1.87
2012.07.12 12:24:47.803,1.58017,1.58048,1.78,1.43
2012.07.12 12:24:48.177,1.58017,1.58048,1.78,1.43
2012.07.12 12:24:48.523,1.58017,1.58048,1.28,1.87
2012.07.12 12:24:48.727,1.58017,1.58048,1.59,1.43
2012.07.12 12:24:48.951,1.58017,1.58048,1.28,1.87
2012.07.12 12:24:49.353,1.58017,1.58049,1.59,1.43
2012.07.12 12:24:49.618,1.58017,1.58049,1.59,1.43
2012.07.12 12:24:50.135,1.58017,1.58049,1.59,1.43
2012.07.12 12:24:50.656,1.58017,1.58049,1.59,1.43
2012.07.12 12:24:50.961,1.58017,1.58049,1.59,1.43
2012.07.12 12:24:51.024,1.58017,1.58049,1.59,1.43
2012.07.12 12:24:53.222,1.5802,1.58049,1.07,1.43
2012.07.12 12:24:55.753,1.58017,1.58049,1.22,1.43
2012.07.12 12:24:57.453,1.5802,1.58049,1.07,1.43
2012.07.12 12:24:58.111,1.58016,1.58049,1.97,1.43
2012.07.12 12:24:59.483,1.58016,1.58049,1.59,2.13
2012.07.12 12:24:59.800,1.58012,1.58035,1.27,1.43
2012.07.12 12:24:59.923,1.58012,1.58037,1.27,1.43
2012.07.12 12:24:59.994,1.58006,1.58037,1.41,1.43
2012.07.12 12:25:00.124,1.58006,1.5803,1.26,1.43
2012.07.12 12:25:00.374,1.58002,1.5803,1.26,1.43
2012.07.12 12:25:01.283,1.58004,1.5803,1.07,1.43
2012.07.12 12:25:01.962,1.58001,1.5803,1.26,1.43
2012.07.12 12:25:02.532,1.58001,1.5803,1.26,1.43
2012.07.12 12:25:02.664,1.58001,1.58037,2.34,1.43
2012.07.12 12:25:03.076,1.58006,1.58031,1.26,1.43
2012.07.12 12:25:03.142,1.58006,1.58038,1.26,1.43
2012.07.12 12:25:03.333,1.58002,1.58033,1.26,1.43
2012.07.12 12:25:03.993,1.58007,1.58041,1.26,1.87
2012.07.12 12:25:05.454,1.58007,1.58041,1.26,1.87
2012.07.12 12:25:07.799,1.58006,1.58035,1.26,1.43
2012.07.12 12:25:07.863,1.58006,1.5804,1.26,1.87
2012.07.12 12:25:08.713,1.58006,1.5804,1.07,1.87
2012.07.12 12:25:08.785,1.58001,1.5804,2.01,1.87
2012.07.12 12:25:09.122,1.58001,1.5804,1.26,1.87
2012.07.12 12:25:09.482,1.58003,1.5804,1.26,1.87
2012.07.12 12:25:09.552,1.58006,1.5804,1.26,1.87
2012.07.12 12:25:10.612,1.58006,1.5804,1.26,1.87
2012.07.12 12:25:12.182,1.58006,1.5804,1.26,1.87
2012.07.12 12:25:12.726,1.58006,1.5804,1.26,1.87
2012.07.12 12:25:13.923,1.58006,1.5804,1.26,1.87
2012.07.12 12:25:14.462,1.58006,1.5804,1.26,1.87
2012.07.12 12:25:14.713,1.58003,1.58024,1.32,1.43
2012.07.12 12:25:14.903,1.58001,1.58034,2.07,1.87
2012.07.12 12:25:14.972,1.58001,1.58034,2.38,1.43
2012.07.12 12:25:15.113,1.58001,1.58034,3.13,1.43
2012.07.12 12:25:15.363,1.58001,1.5803,2.07,1.43
2012.07.12 12:25:16.043,1.57997,1.58035,1.26,1.87
2012.07.12 12:25:16.364,1.57996,1.58031,1.26,1.43
2012.07.12 12:25:17.034,1.57992,1.58031,1.26,1.87
2012.07.12 12:25:17.102,1.57992,1.58022,1.26,1.43
2012.07.12 12:25:17.776,1.57992,1.58022,1.26,1.43
2012.07.12 12:25:18.112,1.57996,1.58022,1.07,1.43
2012.07.12 12:25:18.493,1.57996,1.58022,1.07,1.43
2012.07.12 12:25:20.414,1.57996,1.58022,1.07,1.43
2012.07.12 12:25:20.484,1.57996,1.58022,1.26,1.43
2012.07.12 12:25:20.554,1.57996,1.5803,1.26,1.87
2012.07.12 12:25:20.962,1.57996,1.5803,1.07,1.87
2012.07.12 12:25:21.092,1.57995,1.58023,1.07,1.43
2012.07.12 12:25:24.392,1.57997,1.58023,2.62,1.43
2012.07.12 12:25:24.912,1.57998,1.58023,1.56,1.43
2012.07.12 12:25:25.213,1.58,1.58023,1.13,1.43
2012.07.12 12:25:25.343,1.57998,1.58027,1.87,1.43
2012.07.12 12:25:25.593,1.57998,1.58023,1.87,1.43
2012.07.12 12:25:25.782,1.58001,1.58026,1.07,1.43
2012.07.12 12:25:25.912,1.58001,1.58029,1.07,1.43
2012.07.12 12:25:26.141,1.58001,1.58029,1.07,1.43
2012.07.12 12:25:26.273,1.58001,1.58036,1.07,1.43
2012.07.12 12:25:26.862,1.58005,1.58036,1.07,1.43
2012.07.12 12:25:28.106,1.58005,1.58037,1.07,1.87
2012.07.12 12:25:28.912,1.58001,1.58037,1.07,1.87
2012.07.12 12:25:32.522,1.58005,1.58037,1.07,1.87
2012.07.12 12:25:32.594,1.58006,1.58037,1.56,1.87
2012.07.12 12:25:33.083,1.5801,1.58045,1.13,1.19
2012.07.12 12:25:33.153,1.5801,1.58045,1.13,1.19
2012.07.12 12:25:33.547,1.58006,1.58044,1.56,2.27
2012.07.12 12:25:33.734,1.58008,1.58044,1.07,2.27
2012.07.12 12:25:33.890,1.5801,1.58044,1.13,2.27
2012.07.12 12:25:36.172,1.58008,1.58044,1.07,1.14
2012.07.12 12:25:36.493,1.58007,1.58039,1.07,1.14
2012.07.12 12:25:36.742,1.58003,1.58037,1.44,1.14
2012.07.12 12:25:36.933,1.57999,1.58037,1.12,1.14
2012.07.12 12:25:37.062,1.57998,1.58038,1.74,1.89
2012.07.12 12:25:37.483,1.57999,1.58034,1.49,1.87
2012.07.12 12:25:39.033,1.57998,1.58034,1.12,1.14
2012.07.12 12:25:40.355,1.58,1.58034,1.13,1.14
2012.07.12 12:25:40.723,1.58001,1.58035,1.07,1.87
2012.07.12 12:25:41.654,1.58002,1.58037,1.07,1.43
2012.07.12 12:25:42.323,1.58002,1.58036,1.07,1.43
2012.07.12 12:25:42.573,1.58001,1.58035,1.07,1.87
2012.07.12 12:25:44.913,1.58,1.58035,1.07,1.87
2012.07.12 12:25:45.643,1.58001,1.58035,1.07,1.87
2012.07.12 12:25:46.185,1.58001,1.58043,1.26,1.87
2012.07.12 12:25:46.864,1.58002,1.58035,1.07,1.87
2012.07.12 12:25:47.112,1.58001,1.58031,1.07,1.43
2012.07.12 12:25:47.182,1.58001,1.58034,1.07,1.43
2012.07.12 12:25:47.564,1.58001,1.58034,1.07,1.43
2012.07.12 12:25:48.433,1.58,1.58034,1.50,1.87
2012.07.12 12:25:48.622,1.58002,1.58034,1.07,1.43
2012.07.12 12:25:48.993,1.58,1.58034,1.50,1.87
2012.07.12 12:25:49.064,1.58003,1.58034,1.07,1.43
2012.07.12 12:25:49.325,1.58002,1.58034,1.07,1.43
2012.07.12 12:25:49.485,1.58,1.58034,1.50,1.87
2012.07.12 12:25:49.612,1.58002,1.58034,1.07,1.43
2012.07.12 12:25:50.183,1.58002,1.58034,1.07,1.43
2012.07.12 12:25:50.312,1.58002,1.58034,1.07,1.43
2012.07.12 12:25:50.813,1.58002,1.58034,1.07,1.43
2012.07.12 12:25:51.483,1.58002,1.58032,1.07,1.43
2012.07.12 12:25:51.732,1.57997,1.58031,1.07,1.87
2012.07.12 12:25:51.802,1.57997,1.58026,1.07,1.43
2012.07.12 12:25:52.303,1.57997,1.58026,1.07,1.43
2012.07.12 12:25:52.674,1.57998,1.58026,1.07,1.43
2012.07.12 12:25:52.802,1.58003,1.58041,1.07,1.52
2012.07.12 12:25:52.873,1.58004,1.58041,1.07,1.52
2012.07.12 12:25:53.004,1.58005,1.58034,1.13,1.43
2012.07.12 12:25:53.313,1.58005,1.58034,1.44,1.43
2012.07.12 12:25:53.384,1.58006,1.58041,1.26,2.02
2012.07.12 12:25:53.513,1.58008,1.58041,1.26,1.87
2012.07.12 12:25:53.702,1.58016,1.58046,1.07,1.08
2012.07.12 12:25:53.773,1.58016,1.58052,1.26,1.34
2012.07.12 12:25:53.904,1.58016,1.58052,1.07,1.34
2012.07.12 12:25:53.974,1.58016,1.58052,1.07,1.34
2012.07.12 12:25:54.043,1.58016,1.58053,1.07,1.14
2012.07.12 12:25:54.514,1.58009,1.58049,1.07,2.20
2012.07.12 12:25:54.643,1.58009,1.58041,1.07,1.43
2012.07.12 12:25:55.005,1.58009,1.58041,1.26,1.43
2012.07.12 12:25:55.077,1.58012,1.58049,1.26,1.87
2012.07.12 12:25:55.622,1.58012,1.58049,1.26,1.87
2012.07.12 12:25:56.255,1.58012,1.58049,1.26,1.87
2012.07.12 12:25:58.732,1.58012,1.58049,1.26,1.87
2012.07.12 12:25:58.844,1.58015,1.58049,1.26,1.87
2012.07.12 12:25:59.092,1.58019,1.58052,1.26,1.14
2012.07.12 12:26:00.994,1.58012,1.58052,2.68,1.14
2012.07.12 12:26:01.063,1.58012,1.58048,1.26,1.43
2012.07.12 12:26:01.132,1.58012,1.58048,1.26,1.87
2012.07.12 12:26:04.382,1.58012,1.58048,1.26,1.87
2012.07.12 12:26:04.822,1.58012,1.58048,1.26,2.24
2012.07.12 12:26:07.341,1.58012,1.58047,1.26,1.08
2012.07.12 12:26:07.864,1.58011,1.58046,1.26,1.08
2012.07.12 12:26:08.845,1.58007,1.58047,2.01,1.08
2012.07.12 12:26:12.625,1.58007,1.58047,1.63,1.08
2012.07.12 12:26:16.546,1.58012,1.58047,1.26,1.08
2012.07.12 12:26:19.194,1.58012,1.58046,1.26,1.52
2012.07.12 12:26:19.521,1.58012,1.58042,1.26,1.08
2012.07.12 12:26:20.052,1.58006,1.58042,1.26,1.52
2012.07.12 12:26:20.862,1.58009,1.58043,1.26,1.14
2012.07.12 12:26:21.233,1.58005,1.5804,1.32,1.87
2012.07.12 12:26:21.423,1.58003,1.5804,1.26,2.57
2012.07.12 12:26:21.675,1.57998,1.5804,1.26,2.57
2012.07.12 12:26:21.983,1.57997,1.58033,1.26,1.87
2012.07.12 12:26:22.774,1.58001,1.58033,1.07,1.43
2012.07.12 12:26:22.843,1.58001,1.58036,1.07,1.87
2012.07.12 12:26:22.972,1.57997,1.58036,1.26,1.87
2012.07.12 12:26:23.765,1.58001,1.58033,1.07,1.87
2012.07.12 12:26:24.103,1.58002,1.58037,1.26,1.43
2012.07.12 12:26:24.502,1.58002,1.58034,1.26,1.43
2012.07.12 12:26:24.813,1.57998,1.58029,1.26,1.43
2012.07.12 12:26:24.882,1.57997,1.58029,1.26,1.43
2012.07.12 12:26:25.164,1.57997,1.58029,1.26,1.43
2012.07.12 12:26:28.153,1.57999,1.58029,1.26,1.43
2012.07.12 12:26:28.225,1.58003,1.58044,1.69,2.20
2012.07.12 12:26:28.293,1.58007,1.58044,1.26,1.87
2012.07.12 12:26:28.362,1.58012,1.58044,1.26,1.43
2012.07.12 12:26:28.435,1.58004,1.58044,1.26,1.43
2012.07.12 12:26:28.502,1.58004,1.58038,1.26,1.43
2012.07.12 12:26:28.683,1.58006,1.58042,1.07,1.87
2012.07.12 12:26:28.753,1.58006,1.58042,1.26,1.43
2012.07.12 12:26:33.004,1.58002,1.58038,1.07,1.43
2012.07.12 12:26:33.254,1.58002,1.58038,1.07,1.43
2012.07.12 12:26:42.124,1.58004,1.58038,1.44,1.43
2012.07.12 12:26:44.042,1.58004,1.58038,1.26,1.43
2012.07.12 12:26:46.465,1.58007,1.58038,1.07,1.43
2012.07.12 12:26:46.712,1.58012,1.58046,1.26,1.87
2012.07.12 12:26:48.746,1.58007,1.58042,1.26,1.43
2012.07.12 12:26:48.934,1.58001,1.58042,1.44,1.43
2012.07.12 12:26:49.003,1.58001,1.58041,1.44,1.43
2012.07.12 12:26:49.193,1.58002,1.58041,1.44,1.87
2012.07.12 12:26:49.862,1.58002,1.58038,1.26,1.43
2012.07.12 12:26:52.246,1.58002,1.58038,1.26,1.87
2012.07.12 12:26:58.639,1.58002,1.58038,1.26,1.87
2012.07.12 12:26:59.305,1.57996,1.58031,1.26,1.43
2012.07.12 12:27:01.563,1.57996,1.58029,1.26,1.43
2012.07.12 12:27:01.845,1.57996,1.58026,1.26,1.43
2012.07.12 12:27:02.845,1.57992,1.58024,1.26,1.43
2012.07.12 12:27:03.188,1.57992,1.58022,1.26,1.43
2012.07.12 12:27:04.196,1.57996,1.58025,1.59,1.43
2012.07.12 12:27:04.262,1.58003,1.58025,1.26,1.43
2012.07.12 12:27:04.334,1.58003,1.58033,1.26,1.43
2012.07.12 12:27:04.583,1.57996,1.58025,1.59,1.43
2012.07.12 12:27:04.654,1.58002,1.58034,1.07,1.43
2012.07.12 12:27:04.843,1.58002,1.58034,1.07,1.43
2012.07.12 12:27:05.465,1.58002,1.58034,1.26,1.43
2012.07.12 12:27:07.493,1.57997,1.58025,1.26,1.43
2012.07.12 12:27:07.565,1.57997,1.58025,1.26,1.43
2012.07.12 12:27:16.332,1.57991,1.58031,2.01,1.43
2012.07.12 12:27:17.905,1.57995,1.58031,2.01,1.87
2012.07.12 12:27:18.034,1.57994,1.58029,1.32,1.19
2012.07.12 12:27:18.281,1.57997,1.5803,1.26,1.43
2012.07.12 12:27:23.739,1.58,1.5803,1.26,1.43
2012.07.12 12:27:25.567,1.58,1.5803,1.26,1.43
2012.07.12 12:27:29.944,1.58,1.5803,2.01,1.43
2012.07.12 12:27:30.015,1.58,1.5803,2.01,1.43
2012.07.12 12:27:30.813,1.58001,1.58034,2.01,1.43
2012.07.12 12:27:31.412,1.58001,1.58034,2.01,1.43
2012.07.12 12:27:33.924,1.58001,1.58034,2.01,1.43
2012.07.12 12:27:34.282,1.58003,1.58034,1.63,1.43
2012.07.12 12:27:35.402,1.58007,1.58034,1.07,1.43
2012.07.12 12:27:35.592,1.5801,1.58041,1.07,1.43
2012.07.12 12:27:36.424,1.58011,1.58041,1.26,1.43
2012.07.12 12:27:36.553,1.58011,1.5805,1.26,1.87
2012.07.12 12:27:36.623,1.58013,1.5805,1.26,1.87
2012.07.12 12:27:37.884,1.58012,1.5805,1.26,1.87
2012.07.12 12:27:38.393,1.58011,1.5805,1.26,1.87
2012.07.12 12:27:38.722,1.58014,1.58048,1.26,1.87
2012.07.12 12:27:38.793,1.5802,1.58052,1.07,1.19
2012.07.12 12:27:38.924,1.58012,1.58048,1.63,1.43
2012.07.12 12:27:38.993,1.58012,1.58048,1.63,1.87
2012.07.12 12:27:39.783,1.58011,1.58052,1.26,1.57
2012.07.12 12:27:42.697,1.58011,1.58051,1.26,1.19
2012.07.12 12:27:43.276,1.58011,1.58037,1.26,1.43
2012.07.12 12:27:43.355,1.57998,1.58034,1.31,1.43
2012.07.12 12:27:43.613,1.58007,1.58043,1.26,1.87
2012.07.12 12:27:44.710,1.58007,1.58043,1.26,1.87
2012.07.12 12:27:46.953,1.58007,1.58043,1.26,1.87
2012.07.12 12:27:50.154,1.58007,1.58038,1.26,1.43
2012.07.12 12:27:50.663,1.58007,1.58043,1.26,1.87
2012.07.12 12:27:52.423,1.58007,1.58043,1.26,1.87
2012.07.12 12:27:56.376,1.58007,1.58043,1.26,1.87
2012.07.12 12:27:58.002,1.58007,1.58043,1.26,1.87
2012.07.12 12:27:58.203,1.58007,1.5804,1.26,1.19
2012.07.12 12:27:58.514,1.57994,1.58025,1.07,1.43
2012.07.12 12:27:58.643,1.57991,1.58025,1.82,1.87
2012.07.12 12:27:58.714,1.57991,1.58031,1.07,1.17
2012.07.12 12:27:59.334,1.57989,1.58027,1.07,1.87
2012.07.12 12:27:59.683,1.57983,1.58018,1.37,1.87
2012.07.12 12:28:00.283,1.57986,1.58018,1.07,1.43
2012.07.12 12:28:00.412,1.57986,1.58018,1.07,1.43
2012.07.12 12:28:00.954,1.57986,1.58018,1.07,1.87
2012.07.12 12:28:01.463,1.57981,1.58023,1.07,1.87
2012.07.12 12:28:01.693,1.57982,1.58027,1.74,2.05
2012.07.12 12:28:01.823,1.57982,1.58018,1.07,1.43
2012.07.12 12:28:02.073,1.57982,1.58022,1.07,1.87
2012.07.12 12:28:02.145,1.57982,1.58022,1.12,1.87
2012.07.12 12:28:02.452,1.57982,1.58019,1.12,1.43
2012.07.12 12:28:02.922,1.57983,1.58019,1.12,1.87
2012.07.12 12:28:03.223,1.57982,1.58019,1.12,1.43
2012.07.12 12:28:03.533,1.5798,1.58019,1.07,1.43
2012.07.12 12:28:03.649,1.5798,1.58019,1.07,1.87
2012.07.12 12:28:03.873,1.5798,1.58019,1.07,1.43
2012.07.12 12:28:07.942,1.57981,1.58019,2.01,1.43
2012.07.12 12:28:08.002,1.57981,1.58021,2.01,1.43
2012.07.12 12:28:11.432,1.57982,1.58019,1.63,1.43
2012.07.12 12:28:11.622,1.57982,1.58019,1.07,1.43
2012.07.12 12:28:11.763,1.57981,1.58019,1.07,1.87
2012.07.12 12:28:11.834,1.5798,1.58019,1.26,1.87
2012.07.12 12:28:12.382,1.57977,1.58019,1.31,1.87
2012.07.12 12:28:12.912,1.57976,1.58019,1.26,1.87
2012.07.12 12:28:14.663,1.57976,1.58019,1.26,1.43
2012.07.12 12:28:17.022,1.5798,1.58026,1.93,2.05
2012.07.12 12:28:22.402,1.5798,1.58022,1.93,1.14
2012.07.12 12:28:30.882,1.57977,1.58022,1.74,2.75
2012.07.12 12:28:42.194,1.57978,1.58021,1.74,2.05
2012.07.12 12:28:45.074,1.57978,1.58021,1.74,2.05
2012.07.12 12:28:46.033,1.57977,1.58017,3.24,1.52
2012.07.12 12:28:52.243,1.57977,1.58017,1.74,1.52
2012.07.12 12:28:54.734,1.57978,1.58017,1.74,1.70
2012.07.12 12:28:55.164,1.57977,1.58015,1.07,2.05
2012.07.12 12:28:57.087,1.57977,1.58015,1.07,2.05
2012.07.12 12:28:58.053,1.57973,1.58015,1.93,1.14
2012.07.12 12:29:00.836,1.57973,1.58015,2.68,1.14
2012.07.12 12:29:02.264,1.57973,1.58015,2.49,2.13
2012.07.12 12:29:02.393,1.57973,1.58014,1.74,1.14
2012.07.12 12:29:02.933,1.57973,1.58015,3.06,2.57
2012.07.12 12:29:03.065,1.57973,1.58015,3.06,1.43
2012.07.12 12:29:03.404,1.57974,1.58016,2.68,1.80
2012.07.12 12:29:04.942,1.57974,1.58016,1.93,2.13
2012.07.12 12:29:12.202,1.57976,1.58016,1.26,1.80
2012.07.12 12:29:16.153,1.57985,1.58022,1.07,1.87
2012.07.12 12:29:16.224,1.57986,1.58022,1.07,1.43
2012.07.12 12:29:16.705,1.57983,1.58022,1.13,1.43
2012.07.12 12:29:16.774,1.57981,1.58015,1.07,1.43
2012.07.12 12:29:16.844,1.57981,1.58015,1.07,1.43
2012.07.12 12:29:16.915,1.57982,1.58015,1.13,1.43
2012.07.12 12:29:16.985,1.57983,1.58026,1.80,2.45
2012.07.12 12:29:17.113,1.57983,1.58026,2.49,1.33
2012.07.12 12:29:17.245,1.57985,1.58027,1.82,2.05
2012.07.12 12:29:17.584,1.57988,1.58022,1.13,1.43
2012.07.12 12:29:18.074,1.57989,1.58026,1.44,1.62
2012.07.12 12:29:18.563,1.57988,1.58026,1.13,2.05
2012.07.12 12:29:18.814,1.57986,1.58025,1.13,1.14
2012.07.12 12:29:18.884,1.57986,1.58026,1.44,1.43
2012.07.12 12:29:18.955,1.57986,1.58026,1.82,1.43
2012.07.12 12:29:19.786,1.57988,1.58032,1.13,1.23
2012.07.12 12:29:22.125,1.57988,1.58032,1.13,1.23
2012.07.12 12:29:23.494,1.57988,1.58027,1.13,1.19
2012.07.12 12:29:23.623,1.5798,1.58025,1.14,1.19
2012.07.12 12:29:23.814,1.57979,1.58026,1.84,1.89
2012.07.12 12:29:24.438,1.5798,1.58025,1.14,1.48
2012.07.12 12:29:25.563,1.5798,1.58025,1.14,1.48
2012.07.12 12:29:25.633,1.57981,1.58025,1.09,1.48
2012.07.12 12:29:25.843,1.57979,1.58026,2.58,2.23
2012.07.12 12:29:27.094,1.57979,1.58026,2.58,2.23
2012.07.12 12:29:29.072,1.57985,1.58026,1.84,1.89
2012.07.12 12:29:29.334,1.57989,1.58028,1.89,1.14
2012.07.12 12:29:29.463,1.57989,1.58034,2.27,1.89
2012.07.12 12:29:29.598,1.57991,1.58034,1.84,1.34
2012.07.12 12:29:29.785,1.57991,1.58037,3.39,2.19
2012.07.12 12:29:30.744,1.57994,1.58039,1.13,2.28
2012.07.12 12:29:31.173,1.57989,1.58036,2.68,1.08
2012.07.12 12:29:31.974,1.57995,1.58041,1.18,1.57
2012.07.12 12:29:32.103,1.57995,1.58042,1.18,1.19
2012.07.12 12:29:32.174,1.57998,1.58042,1.07,1.19
2012.07.12 12:29:37.683,1.57998,1.58046,1.44,1.14
2012.07.12 12:29:37.935,1.58013,1.58062,1.07,1.94
2012.07.12 12:29:38.124,1.58013,1.58061,1.07,1.19
2012.07.12 12:29:38.718,1.58009,1.58059,2.77,1.52
2012.07.12 12:29:40.174,1.58012,1.58064,2.16,1.15
2012.07.12 12:29:40.484,1.58019,1.58067,1.99,1.34
2012.07.12 12:29:40.614,1.58021,1.58067,2.31,1.34
2012.07.12 12:29:41.011,1.58021,1.58067,2.16,1.34
2012.07.12 12:29:41.143,1.58018,1.58076,1.27,2.57
2012.07.12 12:29:41.555,1.58018,1.58071,1.27,1.19
2012.07.12 12:29:43.803,1.58018,1.58072,1.27,1.19
2012.07.12 12:29:44.186,1.58018,1.58072,1.27,1.19
2012.07.12 12:29:45.584,1.58017,1.58077,1.27,1.44
2012.07.12 12:29:45.654,1.58017,1.58077,1.27,1.44
2012.07.12 12:29:45.964,1.58017,1.58077,1.27,1.44
2012.07.12 12:29:46.396,1.58016,1.58086,1.33,2.28
2012.07.12 12:29:46.765,1.58016,1.5809,1.33,1.14
2012.07.12 12:29:47.123,1.58016,1.58095,1.33,1.08
2012.07.12 12:29:48.781,1.58016,1.58102,1.03,1.08
2012.07.12 12:29:48.854,1.58016,1.58102,1.03,1.08
2012.07.12 12:29:51.053,1.58016,1.58102,1.03,1.08
2012.07.12 12:29:51.364,1.58011,1.58097,2.04,1.45
2012.07.12 12:29:55.485,1.5801,1.58082,1.14,1.04
2012.07.12 12:29:56.484,1.58018,1.58082,2.31,1.14
2012.07.12 12:29:56.554,1.58018,1.58088,2.46,1.45
2012.07.12 12:29:56.683,1.58018,1.58095,2.46,2.28
2012.07.12 12:29:57.247,1.58018,1.58095,2.46,2.28
2012.07.12 12:29:57.644,1.58011,1.58074,1.33,1.29
2012.07.12 12:29:57.774,1.58014,1.5808,1.76,1.19
2012.07.12 12:29:58.524,1.58015,1.58086,1.98,1.44
2012.07.12 12:29:58.654,1.58015,1.58087,1.67,1.38
2012.07.12 12:30:00.404,1.58001,1.58027,1.52,1.84
2012.07.12 12:30:00.716,1.58,1.5803,1.52,1.09
2012.07.12 12:30:00.844,1.57971,1.58024,1.12,1.02
2012.07.12 12:30:01.136,1.5794,1.57995,1.49,1.50
2012.07.12 12:30:01.207,1.57954,1.57996,1.13,1.50
2012.07.12 12:30:01.347,1.57955,1.58023,1.40,1.08
2012.07.12 12:30:01.729,1.57952,1.58014,1.45,2.62
2012.07.12 12:30:02.076,1.57934,1.58014,1.18,1.13
2012.07.12 12:30:02.145,1.57934,1.58011,1.13,1.45
2012.07.12 12:30:02.216,1.57935,1.58007,1.50,1.75
2012.07.12 12:30:02.405,1.57935,1.58002,1.13,1.05
2012.07.12 12:30:02.473,1.57935,1.58002,1.13,1.05
2012.07.12 12:30:02.783,1.57934,1.58004,1.13,3.21
2012.07.12 12:30:03.036,1.57933,1.57995,1.13,1.45
2012.07.12 12:30:03.538,1.57934,1.57995,1.13,1.83
2012.07.12 12:30:03.604,1.57935,1.57994,1.13,1.45
2012.07.12 12:30:03.854,1.57928,1.57993,1.13,1.08
2012.07.12 12:30:03.985,1.57929,1.57993,1.13,1.83
2012.07.12 12:30:04.546,1.57932,1.57989,1.99,1.08
2012.07.12 12:30:04.855,1.57932,1.58002,3.54,1.08
2012.07.12 12:30:04.983,1.57932,1.58002,2.89,1.08
2012.07.12 12:30:05.116,1.57933,1.58005,1.09,1.13
2012.07.12 12:30:05.186,1.57942,1.58022,1.47,1.08
2012.07.12 12:30:05.254,1.57942,1.58022,1.47,1.08
2012.07.12 12:30:05.564,1.57953,1.58022,1.13,1.08
2012.07.12 12:30:06.094,1.57952,1.58026,1.50,1.13
2012.07.12 12:30:06.426,1.57949,1.58016,1.50,1.13
2012.07.12 12:30:06.739,1.57949,1.57989,1.18,1.09
2012.07.12 12:30:06.805,1.57943,1.57985,2.40,1.42
2012.07.12 12:30:06.874,1.57925,1.57985,1.07,1.94
2012.07.12 12:30:07.441,1.57931,1.5799,1.07,2.13
2012.07.12 12:30:07.517,1.57928,1.57984,1.07,1.84
2012.07.12 12:30:07.584,1.57929,1.5799,1.03,2.60
2012.07.12 12:30:07.775,1.57929,1.57989,1.41,2.60
2012.07.12 12:30:08.085,1.57929,1.57978,1.07,1.84
2012.07.12 12:30:08.155,1.57929,1.57985,1.44,2.14
2012.07.12 12:30:08.224,1.57929,1.57981,1.07,1.08
2012.07.12 12:30:08.416,1.57929,1.57985,1.44,2.29
2012.07.12 12:30:08.544,1.57929,1.57973,1.44,1.43
2012.07.12 12:30:08.795,1.57932,1.57974,1.07,1.43
2012.07.12 12:30:09.046,1.5794,1.57989,1.13,2.28
2012.07.12 12:30:09.234,1.57952,1.5799,1.43,1.14
2012.07.12 12:30:09.765,1.57952,1.57997,1.43,1.87
2012.07.12 12:30:10.279,1.57959,1.5801,1.13,1.87
2012.07.12 12:30:10.604,1.57967,1.58013,1.43,2.20
2012.07.12 12:30:10.916,1.57975,1.5802,1.43,1.87
2012.07.12 12:30:11.226,1.57975,1.5802,1.43,1.87
2012.07.12 12:30:11.678,1.57968,1.58012,1.43,1.87
2012.07.12 12:30:11.875,1.5797,1.58012,1.13,1.43
2012.07.12 12:30:12.005,1.57982,1.58029,1.43,2.13
2012.07.12 12:30:12.074,1.57982,1.58029,1.43,1.43
2012.07.12 12:30:12.203,1.57991,1.58035,1.43,1.43
2012.07.12 12:30:12.711,1.57991,1.58035,1.43,2.13
2012.07.12 12:30:13.260,1.57991,1.58023,1.43,1.84
2012.07.12 12:30:13.339,1.57967,1.58013,1.43,1.43
2012.07.12 12:30:13.524,1.57975,1.5802,1.43,2.52
2012.07.12 12:30:13.714,1.57968,1.58012,1.43,1.43
2012.07.12 12:30:13.965,1.57962,1.58004,1.13,1.43
2012.07.12 12:30:14.275,1.5796,1.58,1.80,1.84
2012.07.12 12:30:14.345,1.57951,1.57998,2.12,1.43
2012.07.12 12:30:14.804,1.57946,1.5799,1.44,1.43
2012.07.12 12:30:14.934,1.5796,1.58007,1.80,1.14
2012.07.12 12:30:15.108,1.5796,1.58007,1.80,1.14
2012.07.12 12:30:15.435,1.5796,1.5801,1.43,1.19
2012.07.12 12:30:15.626,1.5796,1.5801,1.43,1.19
2012.07.12 12:30:15.696,1.57949,1.57982,1.13,1.87
2012.07.12 12:30:15.827,1.57938,1.57982,2.31,1.87
2012.07.12 12:30:16.249,1.57938,1.57982,1.93,1.87
2012.07.12 12:30:16.557,1.57951,1.57998,1.43,1.87
2012.07.12 12:30:16.628,1.57951,1.57998,1.43,1.87
2012.07.12 12:30:16.944,1.57945,1.57999,1.43,1.87
2012.07.12 12:30:17.394,1.57958,1.5799,1.43,1.14
2012.07.12 12:30:17.465,1.57952,1.5799,1.43,1.14
2012.07.12 12:30:17.594,1.57941,1.57983,1.50,1.87
2012.07.12 12:30:17.783,1.57941,1.57983,1.13,1.87
2012.07.12 12:30:18.094,1.57947,1.57991,1.43,1.87
2012.07.12 12:30:18.405,1.57947,1.57991,1.43,1.87
2012.07.12 12:30:18.474,1.57938,1.57985,2.18,1.87
2012.07.12 12:30:18.745,1.57946,1.57985,1.13,1.87
2012.07.12 12:30:19.387,1.57946,1.5799,1.18,1.87
2012.07.12 12:30:19.467,1.5794,1.5799,1.50,2.57
2012.07.12 12:30:19.593,1.57939,1.5799,1.44,2.57
2012.07.12 12:30:19.784,1.57946,1.57995,1.74,1.45
2012.07.12 12:30:20.093,1.57941,1.57981,1.82,1.43
2012.07.12 12:30:20.534,1.57952,1.57991,1.43,1.08
2012.07.12 12:30:20.605,1.57952,1.57997,1.43,1.80
2012.07.12 12:30:20.674,1.57952,1.57997,1.43,1.43
2012.07.12 12:30:20.805,1.57944,1.5799,2.87,1.43
2012.07.12 12:30:20.934,1.57944,1.5799,2.12,1.43
2012.07.12 12:30:21.005,1.57944,1.5799,1.74,1.43
2012.07.12 12:30:21.317,1.5794,1.57982,1.74,1.43
2012.07.12 12:30:21.906,1.5794,1.57982,1.74,1.43
2012.07.12 12:30:21.975,1.57947,1.57991,1.74,1.43
2012.07.12 12:30:22.044,1.57947,1.57991,1.74,1.43
2012.07.12 12:30:22.374,1.57947,1.57991,1.74,1.43
2012.07.12 12:30:22.896,1.57952,1.57991,1.44,1.43
2012.07.12 12:30:22.968,1.57963,1.58005,1.74,2.13
2012.07.12 12:30:23.093,1.57963,1.58005,1.74,1.43
2012.07.12 12:30:23.165,1.57964,1.58005,1.50,1.43
2012.07.12 12:30:23.473,1.57971,1.58013,1.74,1.43
2012.07.12 12:30:23.786,1.57971,1.58013,1.74,1.43
2012.07.12 12:30:23.915,1.57974,1.58021,2.12,1.43
2012.07.12 12:30:24.297,1.57979,1.58021,1.13,1.87
2012.07.12 12:30:24.424,1.57979,1.58029,1.13,1.87
2012.07.12 12:30:24.675,1.57978,1.58029,1.13,1.87
2012.07.12 12:30:24.985,1.57979,1.58029,1.13,1.87
2012.07.12 12:30:25.304,1.57983,1.58034,2.18,1.14
2012.07.12 12:30:25.641,1.57986,1.58034,1.13,1.14
2012.07.12 12:30:25.992,1.57988,1.58038,1.13,2.57
2012.07.12 12:30:26.069,1.57989,1.58038,1.13,1.87
2012.07.12 12:30:26.195,1.57989,1.58028,1.13,1.87
2012.07.12 12:30:26.384,1.57983,1.58028,2.55,1.87
2012.07.12 12:30:26.535,1.57983,1.58028,1.80,1.87
2012.07.12 12:30:26.869,1.57984,1.58035,1.80,1.87
2012.07.12 12:30:26.936,1.57991,1.58035,1.43,1.87
2012.07.12 12:30:27.345,1.57991,1.58035,1.43,1.87
2012.07.12 12:30:27.474,1.5799,1.58036,1.43,1.87
2012.07.12 12:30:27.545,1.5799,1.58035,2.18,1.14
2012.07.12 12:30:27.856,1.58006,1.58041,1.43,1.14
2012.07.12 12:30:27.928,1.58001,1.58041,1.13,1.14
2012.07.12 12:30:27.996,1.58005,1.58045,2.23,1.19
2012.07.12 12:30:28.125,1.58015,1.58051,1.80,1.19
2012.07.12 12:30:28.554,1.58015,1.58066,1.80,1.43
2012.07.12 12:30:28.986,1.58011,1.58055,1.80,1.43
2012.07.12 12:30:29.113,1.58011,1.58055,1.43,2.88
2012.07.12 12:30:29.305,1.58007,1.58049,1.43,1.43
2012.07.12 12:30:29.617,1.58007,1.58046,1.43,1.08
2012.07.12 12:30:29.685,1.58001,1.58046,1.43,2.50
2012.07.12 12:30:29.873,1.57992,1.58045,2.55,1.43
2012.07.12 12:30:29.946,1.57994,1.58045,1.13,1.87
2012.07.12 12:30:30.075,1.57992,1.58045,1.43,2.13
2012.07.12 12:30:30.606,1.57992,1.58045,2.18,2.13
2012.07.12 12:30:30.734,1.57992,1.58045,2.18,2.13
2012.07.12 12:30:31.043,1.58,1.58049,2.55,1.08
2012.07.12 12:30:31.115,1.58,1.58051,2.18,1.08
2012.07.12 12:30:31.424,1.58001,1.58051,1.13,1.08
2012.07.12 12:30:32.037,1.58,1.58051,2.18,1.08
2012.07.12 12:30:32.174,1.57999,1.5805,1.13,1.45
2012.07.12 12:30:32.365,1.57991,1.58041,1.50,1.08
2012.07.12 12:30:32.555,1.57991,1.58038,1.50,1.45
2012.07.12 12:30:32.866,1.57989,1.58028,1.13,1.43
2012.07.12 12:30:32.946,1.57989,1.58033,1.13,1.08
2012.07.12 12:30:33.015,1.57989,1.58033,1.13,2.13
2012.07.12 12:30:33.267,1.57978,1.58031,2.18,1.13
2012.07.12 12:30:33.336,1.57982,1.58033,1.13,2.18
2012.07.12 12:30:33.466,1.57983,1.58033,1.50,2.55
2012.07.12 12:30:33.775,1.57967,1.58009,1.13,1.43
2012.07.12 12:30:33.904,1.57963,1.58009,1.13,1.43
2012.07.12 12:30:33.975,1.57964,1.58016,1.13,1.50
2012.07.12 12:30:34.514,1.57967,1.58017,1.13,1.45
2012.07.12 12:30:35.154,1.57964,1.58016,1.13,1.08
2012.07.12 12:30:35.285,1.57963,1.58016,2.18,1.08
2012.07.12 12:30:35.594,1.57956,1.58009,1.80,2.13
2012.07.12 12:30:35.724,1.57956,1.58006,1.43,1.08
2012.07.12 12:30:35.853,1.57949,1.58001,1.13,1.43
2012.07.12 12:30:35.983,1.57949,1.58001,1.13,1.43
2012.07.12 12:30:36.575,1.57948,1.58001,2.55,1.43
2012.07.12 12:30:37.003,1.57948,1.58001,1.43,1.43
2012.07.12 12:30:37.513,1.57956,1.58006,1.43,1.83
2012.07.12 12:30:37.993,1.57957,1.58003,1.43,1.43
2012.07.12 12:30:38.524,1.5795,1.57994,3.30,1.43
2012.07.12 12:30:39.074,1.57944,1.57987,1.13,1.43
2012.07.12 12:30:39.382,1.57944,1.5798,1.13,1.43
2012.07.12 12:30:39.775,1.57938,1.5798,1.13,1.43
2012.07.12 12:30:40.274,1.5794,1.5798,1.13,1.43
2012.07.12 12:30:40.463,1.57944,1.57987,1.13,1.43
2012.07.12 12:30:40.834,1.57944,1.5798,1.13,1.43
2012.07.12 12:30:41.023,1.57944,1.57988,1.13,1.43
2012.07.12 12:30:41.154,1.57944,1.57993,1.13,1.45
2012.07.12 12:30:41.535,1.57949,1.57996,1.13,2.13
2012.07.12 12:30:41.662,1.57948,1.58002,1.13,1.08
2012.07.12 12:30:41.722,1.57953,1.58002,1.13,1.08
2012.07.12 12:30:42.844,1.57954,1.58008,1.13,1.08
2012.07.12 12:30:43.363,1.57954,1.58011,1.13,1.08
2012.07.12 12:30:43.553,1.57955,1.58012,1.13,1.08
2012.07.12 12:30:43.943,1.57953,1.58007,1.13,1.50
2012.07.12 12:30:44.254,1.57953,1.57994,1.13,1.43
2012.07.12 12:30:44.564,1.57959,1.58006,1.13,2.18
2012.07.12 12:30:44.875,1.57959,1.58006,1.13,1.43
2012.07.12 12:30:45.295,1.57963,1.58008,1.13,1.43
2012.07.12 12:30:46.194,1.57964,1.58008,1.13,2.13
2012.07.12 12:30:46.445,1.57954,1.58,2.18,1.43
2012.07.12 12:30:47.128,1.57954,1.58,1.43,1.43
2012.07.12 12:30:47.943,1.57949,1.58,1.13,1.43
2012.07.12 12:30:48.074,1.57948,1.58,2.18,1.43
2012.07.12 12:30:48.719,1.57949,1.58,1.13,1.43
2012.07.12 12:30:50.284,1.57949,1.58,1.13,1.43
2012.07.12 12:30:50.594,1.57955,1.57999,1.80,1.43
2012.07.12 12:30:50.668,1.57955,1.57999,1.43,1.43
2012.07.12 12:30:51.704,1.57949,1.57998,1.13,1.43
2012.07.12 12:30:52.253,1.57953,1.58001,1.43,1.45
2012.07.12 12:30:52.325,1.57954,1.58005,1.13,1.45
2012.07.12 12:30:52.397,1.57954,1.58004,1.13,1.45
2012.07.12 12:30:52.643,1.57954,1.58006,1.13,1.80
2012.07.12 12:30:52.713,1.57953,1.58006,2.55,2.13
2012.07.12 12:30:53.152,1.57953,1.57999,1.50,1.43
2012.07.12 12:30:53.273,1.57952,1.57999,1.50,1.43
2012.07.12 12:30:53.903,1.57949,1.57999,1.13,1.43
2012.07.12 12:30:54.413,1.57948,1.57999,1.50,1.43
2012.07.12 12:30:54.544,1.57952,1.58007,2.61,3.25
2012.07.12 12:30:54.674,1.57954,1.57999,1.13,1.43
2012.07.12 12:30:54.744,1.57953,1.57999,1.13,1.43
2012.07.12 12:30:54.935,1.57947,1.57999,1.13,1.43
2012.07.12 12:30:57.224,1.57954,1.58,1.43,1.43
2012.07.12 12:30:57.534,1.57946,1.57997,1.13,1.43
2012.07.12 12:30:58.056,1.57948,1.57997,1.50,1.43
2012.07.12 12:30:58.633,1.57946,1.57997,1.13,1.43
2012.07.12 12:31:00.295,1.57954,1.57998,1.43,1.43
2012.07.12 12:31:03.333,1.57954,1.57998,2.18,1.43
2012.07.12 12:31:03.533,1.57954,1.57998,1.43,1.43
2012.07.12 12:31:07.813,1.5795,1.57994,2.18,1.43
2012.07.12 12:31:07.944,1.5795,1.57994,1.43,1.43
2012.07.12 12:31:09.534,1.57954,1.57998,1.43,2.13
2012.07.12 12:31:10.179,1.57954,1.57998,2.18,1.88
2012.07.12 12:31:10.493,1.57949,1.57992,1.13,1.43
2012.07.12 12:31:11.173,1.57949,1.57992,1.13,1.43
2012.07.12 12:31:11.484,1.57948,1.57992,1.13,2.07
2012.07.12 12:31:13.625,1.57949,1.57992,1.13,2.07
2012.07.12 12:31:14.058,1.57947,1.57992,1.13,2.07
2012.07.12 12:31:14.572,1.57945,1.57992,2.23,2.44
2012.07.12 12:31:14.703,1.57945,1.5799,1.80,1.04
2012.07.12 12:31:19.416,1.57945,1.5799,1.13,2.52
2012.07.12 12:31:19.723,1.57941,1.57986,1.50,1.08
2012.07.12 12:31:20.428,1.57941,1.57986,1.50,1.08
2012.07.12 12:31:20.757,1.57944,1.57986,1.50,1.08
2012.07.12 12:31:20.885,1.57943,1.57987,1.88,1.08
2012.07.12 12:31:21.074,1.57944,1.57986,1.88,1.08
2012.07.12 12:31:21.475,1.57945,1.57989,2.18,1.08
2012.07.12 12:31:21.726,1.57945,1.57991,2.18,1.08
2012.07.12 12:31:22.394,1.57945,1.57992,2.18,1.80
2012.07.12 12:31:22.698,1.57945,1.57991,2.18,1.13
2012.07.12 12:31:22.765,1.57945,1.57992,2.18,1.80
2012.07.12 12:31:23.445,1.57947,1.57986,1.50,1.43
2012.07.12 12:31:23.513,1.57947,1.57986,1.50,1.43
2012.07.12 12:31:23.643,1.57945,1.57991,2.18,1.13
2012.07.12 12:31:23.714,1.57945,1.57992,2.18,2.55
2012.07.12 12:31:25.114,1.57945,1.5799,2.18,1.84
2012.07.12 12:31:25.183,1.57945,1.57988,2.18,1.09
2012.07.12 12:31:25.434,1.57945,1.5798,1.13,1.43
2012.07.12 12:31:25.564,1.57941,1.5798,1.50,1.43
2012.07.12 12:31:26.300,1.5794,1.5798,1.56,2.18
2012.07.12 12:31:26.376,1.57943,1.5798,1.18,2.18
2012.07.12 12:31:26.863,1.57948,1.57986,1.13,2.13
2012.07.12 12:31:27.223,1.57949,1.57986,1.13,1.43
2012.07.12 12:31:27.416,1.57945,1.57986,1.13,1.43
2012.07.12 12:31:27.735,1.57944,1.57986,1.13,2.33
2012.07.12 12:31:28.043,1.57941,1.5798,2.31,1.43
2012.07.12 12:31:29.363,1.57946,1.57986,1.13,2.07
2012.07.12 12:31:29.723,1.57946,1.5799,2.18,1.60
2012.07.12 12:31:29.783,1.57946,1.57991,2.18,2.50
2012.07.12 12:31:30.303,1.57946,1.57991,2.55,2.50
2012.07.12 12:31:31.183,1.57956,1.57991,1.13,1.80
2012.07.12 12:31:31.373,1.57956,1.57995,1.13,2.13
2012.07.12 12:31:32.181,1.57948,1.57997,1.33,1.08
2012.07.12 12:31:32.254,1.57949,1.57996,1.13,1.08
2012.07.12 12:31:33.674,1.57949,1.57995,1.13,2.20
2012.07.12 12:31:33.863,1.57946,1.57991,1.93,2.18
2012.07.12 12:31:34.383,1.57946,1.57991,1.88,2.18
2012.07.12 12:31:41.514,1.57945,1.57991,1.13,1.43
2012.07.12 12:31:41.703,1.57946,1.57991,2.18,2.18
2012.07.12 12:31:42.866,1.57946,1.5799,1.13,2.37
2012.07.12 12:31:43.033,1.57946,1.5799,1.13,1.62
2012.07.12 12:31:43.544,1.57946,1.5799,1.13,2.37
2012.07.12 12:31:44.036,1.57946,1.5799,1.13,1.62
2012.07.12 12:31:44.903,1.57946,1.5799,1.13,1.62
2012.07.12 12:31:45.052,1.57946,1.5799,1.13,2.37
2012.07.12 12:31:47.432,1.57945,1.5799,1.13,2.32
2012.07.12 12:31:47.947,1.57946,1.57992,1.32,1.08
2012.07.12 12:31:48.134,1.57946,1.57995,1.32,1.45
2012.07.12 12:31:48.324,1.57946,1.57998,1.69,2.37
2012.07.12 12:31:49.913,1.57946,1.57998,1.69,2.37
2012.07.12 12:31:49.985,1.57948,1.57998,1.32,2.18
2012.07.12 12:31:50.174,1.57956,1.58001,1.50,1.45
2012.07.12 12:31:50.769,1.57958,1.58001,1.88,1.45
2012.07.12 12:31:51.823,1.57958,1.58003,1.88,1.09
2012.07.12 12:31:51.895,1.57958,1.58005,1.32,1.45
2012.07.12 12:31:52.509,1.5796,1.5801,1.62,1.45
2012.07.12 12:31:54.795,1.57958,1.58005,1.32,2.88
2012.07.12 12:31:54.862,1.57958,1.58005,1.13,3.07
2012.07.12 12:31:55.394,1.57958,1.58005,1.13,3.07
2012.07.12 12:31:55.909,1.57959,1.58004,1.88,1.64
2012.07.12 12:31:56.373,1.57962,1.58008,1.74,1.83
2012.07.12 12:31:57.153,1.57959,1.58007,2.79,1.13
2012.07.12 12:31:59.923,1.57958,1.58005,2.37,1.43
2012.07.12 12:32:00.235,1.57956,1.58,1.62,2.18
2012.07.12 12:32:00.304,1.57956,1.57998,3.17,2.13
2012.07.12 12:32:00.375,1.57959,1.57998,1.69,2.13
2012.07.12 12:32:00.505,1.57964,1.58003,1.69,1.88
2012.07.12 12:32:00.695,1.57964,1.58003,1.69,1.88
2012.07.12 12:32:00.825,1.57968,1.58005,1.80,1.45
2012.07.12 12:32:01.074,1.57968,1.58005,2.98,1.23
2012.07.12 12:32:01.145,1.57974,1.58005,1.56,1.23
2012.07.12 12:32:01.568,1.57974,1.58013,2.49,1.68
2012.07.12 12:32:01.934,1.57976,1.58023,2.49,2.02
2012.07.12 12:32:02.073,1.57976,1.58023,2.49,2.02
2012.07.12 12:32:02.163,1.57976,1.58023,2.49,1.64
2012.07.12 12:32:02.684,1.57977,1.58023,1.50,2.92
2012.07.12 12:32:02.954,1.57977,1.58022,1.50,1.83
2012.07.12 12:32:03.593,1.57974,1.5802,2.12,1.45
2012.07.12 12:32:04.176,1.57976,1.58022,1.28,1.08
2012.07.12 12:32:04.363,1.57977,1.58022,1.50,1.08
2012.07.12 12:32:04.434,1.57982,1.58023,1.50,1.13
2012.07.12 12:32:04.645,1.57984,1.58028,1.13,1.62
2012.07.12 12:32:05.169,1.57984,1.58032,1.13,1.12
2012.07.12 12:32:05.444,1.57983,1.58034,1.32,3.07
2012.07.12 12:32:05.965,1.57984,1.58034,1.13,3.82
2012.07.12 12:32:06.545,1.5798,1.58027,2.37,1.08
2012.07.12 12:32:06.613,1.5798,1.58025,2.37,1.45
2012.07.12 12:32:06.805,1.57977,1.58018,1.69,1.43
2012.07.12 12:32:07.116,1.57973,1.58026,3.54,2.32
2012.07.12 12:32:07.184,1.57974,1.58024,1.56,1.64
2012.07.12 12:32:07.373,1.57973,1.58022,1.18,1.32
2012.07.12 12:32:07.565,1.57973,1.58011,1.18,1.43
2012.07.12 12:32:07.814,1.57974,1.58017,1.56,1.08
2012.07.12 12:32:07.886,1.57974,1.58016,1.56,1.04
2012.07.12 12:32:08.013,1.57971,1.58013,2.23,1.09
2012.07.12 12:32:08.084,1.57971,1.58008,2.23,1.09
2012.07.12 12:32:08.521,1.57963,1.58001,1.32,1.77
2012.07.12 12:32:08.866,1.57982,1.58011,1.43,1.77
2012.07.12 12:32:08.935,1.57977,1.58018,1.13,2.32
2012.07.12 12:32:09.004,1.57979,1.58018,1.13,1.62
2012.07.12 12:32:09.204,1.5798,1.58024,1.50,1.69
2012.07.12 12:32:09.335,1.57986,1.58029,1.50,2.37
2012.07.12 12:32:09.403,1.57986,1.58029,2.93,1.69
2012.07.12 12:32:09.774,1.57984,1.58024,2.55,1.69
2012.07.12 12:32:09.969,1.57984,1.58031,2.55,1.32
2012.07.12 12:32:10.385,1.57986,1.58026,1.50,1.43
2012.07.12 12:32:10.516,1.57986,1.58026,1.50,2.47
2012.07.12 12:32:10.585,1.57986,1.58026,1.13,1.04
2012.07.12 12:32:10.656,1.57989,1.58029,1.18,1.13
2012.07.12 12:32:10.725,1.57992,1.58034,1.43,1.64
2012.07.12 12:32:11.004,1.57992,1.58037,2.18,1.64
2012.07.12 12:32:11.484,1.57988,1.58038,1.13,3.07
2012.07.12 12:32:11.554,1.57986,1.58038,1.50,3.07
2012.07.12 12:32:11.625,1.57985,1.58038,1.13,3.07
2012.07.12 12:32:12.128,1.57983,1.58035,1.80,1.28
2012.07.12 12:32:12.415,1.57983,1.58036,2.18,1.17
2012.07.12 12:32:12.725,1.57993,1.58038,2.18,2.07
2012.07.12 12:32:13.155,1.57993,1.58036,1.43,1.62
2012.07.12 12:32:13.525,1.57992,1.58037,1.43,1.64
2012.07.12 12:32:13.654,1.57984,1.58037,2.42,1.64
2012.07.12 12:32:13.725,1.57988,1.58037,1.13,1.64
2012.07.12 12:32:13.854,1.57987,1.58037,1.56,1.17
2012.07.12 12:32:14.520,1.57992,1.58038,2.18,1.17
2012.07.12 12:32:15.075,1.57992,1.58033,2.18,1.32
2012.07.12 12:32:15.384,1.57984,1.58023,1.18,1.62
2012.07.12 12:32:15.516,1.57977,1.58023,2.23,1.62
2012.07.12 12:32:16.064,1.57977,1.58023,2.23,1.62
2012.07.12 12:32:16.804,1.57977,1.58023,2.18,1.84
2012.07.12 12:32:17.565,1.57977,1.58023,2.18,1.84
2012.07.12 12:32:18.245,1.57976,1.58019,1.09,1.62
2012.07.12 12:32:18.326,1.57983,1.58019,1.88,1.62
2012.07.12 12:32:18.634,1.57985,1.58019,1.13,1.62
2012.07.12 12:32:18.826,1.57986,1.58036,1.13,1.09
2012.07.12 12:32:18.956,1.5799,1.58036,2.18,1.62
2012.07.12 12:32:19.025,1.5799,1.58036,2.18,1.43
2012.07.12 12:32:19.095,1.57999,1.58041,1.43,1.13
2012.07.12 12:32:19.774,1.57999,1.58042,1.43,1.13
2012.07.12 12:32:20.284,1.57999,1.58043,1.43,2.22
2012.07.12 12:32:20.796,1.57999,1.58039,1.43,1.24
2012.07.12 12:32:21.354,1.57999,1.58038,1.43,1.04
2012.07.12 12:32:21.943,1.57999,1.58038,1.43,1.04
2012.07.12 12:32:22.546,1.57999,1.58043,1.43,3.37
2012.07.12 12:32:23.123,1.57999,1.58038,1.43,1.04
2012.07.12 12:32:23.923,1.57999,1.58043,1.43,2.97
2012.07.12 12:32:24.454,1.57999,1.58038,2.18,1.04
2012.07.12 12:32:24.835,1.57997,1.58038,2.18,1.04
2012.07.12 12:32:24.906,1.57995,1.58037,1.43,1.92
2012.07.12 12:32:25.124,1.57999,1.58043,1.43,3.07
2012.07.12 12:32:25.374,1.57994,1.58037,1.43,1.04
2012.07.12 12:32:25.515,1.57999,1.58037,1.43,1.04
2012.07.12 12:32:26.023,1.57999,1.58037,1.43,1.04
2012.07.12 12:32:26.343,1.58005,1.58042,1.43,1.19
2012.07.12 12:32:26.593,1.57999,1.58043,1.43,2.22
2012.07.12 12:32:27.123,1.57999,1.58043,2.18,2.22
2012.07.12 12:32:27.686,1.57999,1.58043,2.18,1.62
2012.07.12 12:32:27.753,1.57999,1.58043,2.18,2.32
2012.07.12 12:32:28.064,1.57999,1.58043,2.18,1.62
2012.07.12 12:32:28.517,1.57999,1.58043,1.43,2.37
2012.07.12 12:32:28.585,1.57997,1.58043,2.18,1.62
2012.07.12 12:32:28.654,1.57997,1.58043,2.18,1.62
2012.07.12 12:32:28.843,1.58004,1.58044,1.43,1.64
2012.07.12 12:32:28.914,1.58006,1.58044,1.43,1.64
2012.07.12 12:32:29.228,1.58002,1.58046,2.18,3.07
2012.07.12 12:32:29.293,1.58002,1.58046,2.18,3.07
2012.07.12 12:32:29.364,1.58002,1.58046,2.18,3.33
2012.07.12 12:32:29.675,1.58006,1.58046,2.18,1.32
2012.07.12 12:32:29.863,1.58004,1.58043,1.43,1.64
2012.07.12 12:32:29.940,1.58004,1.58046,2.18,2.54
2012.07.12 12:32:30.064,1.58004,1.58043,1.43,1.64
2012.07.12 12:32:30.253,1.57997,1.5804,1.69,2.13
2012.07.12 12:32:30.383,1.57996,1.5804,2.18,2.13
2012.07.12 12:32:30.695,1.58005,1.58043,1.43,2.20
2012.07.12 12:32:30.764,1.57998,1.58043,3.17,2.20
2012.07.12 12:32:30.835,1.57998,1.58041,2.18,1.19
2012.07.12 12:32:31.276,1.57998,1.58043,1.43,1.64
2012.07.12 12:32:31.805,1.57998,1.58042,2.18,1.27
2012.07.12 12:32:32.095,1.57998,1.58037,2.18,1.04
2012.07.12 12:32:32.403,1.57998,1.58037,1.69,1.83
2012.07.12 12:32:32.594,1.57992,1.58037,1.74,1.83
2012.07.12 12:32:33.108,1.57997,1.58037,1.74,1.13
2012.07.12 12:32:34.208,1.57998,1.58038,1.13,1.43
2012.07.12 12:32:34.344,1.57998,1.58038,1.13,1.43
2012.07.12 12:32:34.415,1.58002,1.58038,1.13,1.43
2012.07.12 12:32:34.605,1.58,1.58047,1.50,1.04
2012.07.12 12:32:34.735,1.57997,1.58043,1.13,1.64
2012.07.12 12:32:34.804,1.57998,1.58046,1.50,1.04
2012.07.12 12:32:34.994,1.57997,1.58048,1.74,1.73
2012.07.12 12:32:35.364,1.58004,1.58054,1.50,1.64
2012.07.12 12:32:35.734,1.58004,1.58049,1.88,1.64
2012.07.12 12:32:35.987,1.58009,1.58056,1.80,2.37
2012.07.12 12:32:36.174,1.58011,1.58058,1.13,2.37
2012.07.12 12:32:36.913,1.58011,1.58058,1.13,1.62
2012.07.12 12:32:37.183,1.58011,1.5806,1.13,1.32
2012.07.12 12:32:37.614,1.58012,1.58063,1.13,1.64
2012.07.12 12:32:37.687,1.58012,1.58059,1.13,1.32
2012.07.12 12:32:37.894,1.58009,1.58058,3.12,1.64
2012.07.12 12:32:38.229,1.58013,1.58059,2.98,1.45
2012.07.12 12:32:38.294,1.58013,1.58058,2.18,1.45
2012.07.12 12:32:38.838,1.58013,1.58058,1.56,1.45
2012.07.12 12:32:39.015,1.58012,1.58053,2.49,1.13
2012.07.12 12:32:39.704,1.58011,1.58053,2.42,1.13
2012.07.12 12:32:40.073,1.5801,1.58053,2.18,1.13
2012.07.12 12:32:40.203,1.5801,1.58053,2.18,1.13
2012.07.12 12:32:40.393,1.58012,1.58053,1.50,1.13
2012.07.12 12:32:40.913,1.5801,1.58054,2.18,1.65
2012.07.12 12:32:40.984,1.5801,1.58054,2.18,1.80
2012.07.12 12:32:41.306,1.5801,1.58051,1.13,1.05
2012.07.12 12:32:41.497,1.58009,1.58048,1.18,1.47
2012.07.12 12:32:41.705,1.58003,1.58046,2.18,2.02
2012.07.12 12:32:41.836,1.58003,1.58046,2.18,2.39
2012.07.12 12:32:41.905,1.57998,1.5804,1.13,2.52
2012.07.12 12:32:41.975,1.57996,1.5804,2.18,2.52
2012.07.12 12:32:42.285,1.57987,1.58033,2.98,1.28
2012.07.12 12:32:42.953,1.57991,1.58039,1.13,1.43
2012.07.12 12:32:43.207,1.57991,1.58039,1.13,1.64
2012.07.12 12:32:44.384,1.57991,1.58039,1.50,1.43
2012.07.12 12:32:44.575,1.57991,1.58039,1.88,1.58
2012.07.12 12:32:44.885,1.57997,1.58042,1.56,1.72
2012.07.12 12:32:45.374,1.57997,1.58042,1.18,1.79
2012.07.12 12:32:45.624,1.57997,1.58041,1.18,1.09
2012.07.12 12:32:45.698,1.57996,1.58043,1.56,1.64
2012.07.12 12:32:45.765,1.57994,1.58043,2.37,2.39
2012.07.12 12:32:45.834,1.57996,1.58043,2.37,1.45
2012.07.12 12:32:46.752,1.57997,1.58044,2.37,1.64
2012.07.12 12:32:47.563,1.57997,1.58044,2.37,2.39
2012.07.12 12:32:47.903,1.57997,1.58043,2.37,2.09
2012.07.12 12:32:48.245,1.57997,1.58039,2.37,1.45
2012.07.12 12:32:48.674,1.57996,1.58039,2.18,1.64
2012.07.12 12:32:48.984,1.57991,1.58039,1.13,1.64
2012.07.12 12:32:49.365,1.57992,1.58041,1.13,1.90
2012.07.12 12:32:49.917,1.57991,1.58041,2.18,1.23
2012.07.12 12:32:50.007,1.57992,1.58038,1.13,1.64
2012.07.12 12:32:50.074,1.57991,1.58036,1.80,1.13
2012.07.12 12:32:50.383,1.57991,1.58039,1.13,1.64
2012.07.12 12:32:50.497,1.57988,1.58036,2.37,1.13
2012.07.12 12:32:50.834,1.57991,1.58031,1.13,1.88
2012.07.12 12:32:50.964,1.57983,1.58028,2.49,2.20
2012.07.12 12:32:51.157,1.57983,1.58028,2.25,1.50
2012.07.12 12:32:51.347,1.57983,1.58028,1.50,1.13
2012.07.12 12:32:51.414,1.57982,1.58028,1.50,1.13
2012.07.12 12:32:51.543,1.57982,1.58028,1.50,3.08
2012.07.12 12:32:51.955,1.57973,1.58021,2.74,1.13
2012.07.12 12:32:52.365,1.57977,1.58019,1.43,2.33
2012.07.12 12:32:52.435,1.57973,1.58017,2.37,1.43
2012.07.12 12:32:53.192,1.57974,1.58018,1.80,2.33
2012.07.12 12:32:53.674,1.57976,1.58019,1.13,1.77
2012.07.12 12:32:54.165,1.57976,1.58026,2.18,1.24
2012.07.12 12:32:54.355,1.57985,1.5803,2.18,1.13
2012.07.12 12:32:54.424,1.57985,1.5803,1.43,1.13
2012.07.12 12:32:54.574,1.57985,1.5803,2.18,1.13
2012.07.12 12:32:54.764,1.57983,1.5803,2.18,1.13
2012.07.12 12:32:54.954,1.57983,1.5803,2.18,1.13
2012.07.12 12:32:55.025,1.57983,1.5803,2.18,1.13
2012.07.12 12:32:55.377,1.57983,1.58031,1.13,1.13
2012.07.12 12:32:55.857,1.57982,1.58031,2.18,1.50
2012.07.12 12:32:56.103,1.57982,1.58029,2.93,1.45
2012.07.12 12:32:56.165,1.57982,1.58029,2.18,1.45
2012.07.12 12:32:56.294,1.57984,1.5803,1.43,1.13
2012.07.12 12:32:57.513,1.57984,1.58031,2.18,1.13
2012.07.12 12:32:58.063,1.57984,1.5803,1.43,1.13
2012.07.12 12:32:58.718,1.57984,1.5803,2.18,1.13
2012.07.12 12:32:58.844,1.57984,1.58031,1.43,1.50
2012.07.12 12:32:59.708,1.57984,1.58031,1.80,1.50
2012.07.12 12:33:00.014,1.57989,1.5803,1.13,2.55
2012.07.12 12:33:00.203,1.57989,1.5803,1.13,1.13
2012.07.12 12:33:00.737,1.57988,1.58031,1.13,1.13
2012.07.12 12:33:01.285,1.57988,1.5803,1.13,1.13
2012.07.12 12:33:01.926,1.5799,1.5803,1.62,1.13
2012.07.12 12:33:02.455,1.5799,1.5803,1.62,1.13
2012.07.12 12:33:02.973,1.5799,1.5803,1.62,1.13
2012.07.12 12:33:03.604,1.57991,1.58033,2.37,2.13
2012.07.12 12:33:03.673,1.57991,1.5803,1.62,1.13
2012.07.12 12:33:03.804,1.57987,1.58029,1.32,2.88
2012.07.12 12:33:03.873,1.57987,1.58028,1.13,2.02
2012.07.12 12:33:03.944,1.57983,1.58028,2.55,2.02
2012.07.12 12:33:04.016,1.57982,1.58028,2.37,2.77
2012.07.12 12:33:04.564,1.57982,1.58025,2.37,1.50
2012.07.12 12:33:04.754,1.57982,1.58026,3.12,1.13
2012.07.12 12:33:04.824,1.57982,1.58025,3.12,1.50
2012.07.12 12:33:04.955,1.57981,1.58024,1.69,1.45
2012.07.12 12:33:05.764,1.57982,1.58023,3.12,1.45
2012.07.12 12:33:06.186,1.57982,1.58026,1.69,3.25
2012.07.12 12:33:06.257,1.57981,1.58024,3.12,1.45
2012.07.12 12:33:06.325,1.57984,1.58024,1.43,1.45
2012.07.12 12:33:06.644,1.57983,1.58026,1.50,1.83
2012.07.12 12:33:07.164,1.57982,1.58023,1.69,1.45
2012.07.12 12:33:07.474,1.57984,1.58025,2.18,1.45
2012.07.12 12:33:09.243,1.57983,1.58028,2.25,2.58
2012.07.12 12:33:09.374,1.57983,1.58027,1.50,1.13
2012.07.12 12:33:09.726,1.57981,1.58027,3.17,1.13
2012.07.12 12:33:09.924,1.57995,1.58033,1.62,1.28
2012.07.12 12:33:09.993,1.57989,1.58036,1.37,2.74
2012.07.12 12:33:10.064,1.57992,1.58036,1.50,2.74
2012.07.12 12:33:10.213,1.57989,1.58036,1.32,2.37
2012.07.12 12:33:10.892,1.57989,1.58034,1.37,2.18
2012.07.12 12:33:11.986,1.57988,1.58034,2.79,2.18
2012.07.12 12:33:12.175,1.57988,1.58034,2.79,2.18
2012.07.12 12:33:12.485,1.57997,1.58036,1.13,1.62
2012.07.12 12:33:12.555,1.57992,1.58036,2.93,2.37
2012.07.12 12:33:12.624,1.57996,1.58036,1.13,1.62
2012.07.12 12:33:12.695,1.57996,1.58036,1.32,1.43
2012.07.12 12:33:13.035,1.57998,1.58042,1.32,1.73
2012.07.12 12:33:13.104,1.57996,1.58042,1.88,2.10
2012.07.12 12:33:13.293,1.57996,1.58039,1.88,1.43
2012.07.12 12:33:13.364,1.57996,1.58039,1.13,1.43
2012.07.12 12:33:14.005,1.57994,1.58039,2.79,2.18
2012.07.12 12:33:14.255,1.57996,1.58043,1.50,1.04
2012.07.12 12:33:14.773,1.57993,1.58042,2.37,1.05
2012.07.12 12:33:15.223,1.58001,1.58041,1.13,2.18
2012.07.12 12:33:15.535,1.58008,1.58049,1.43,1.75
2012.07.12 12:33:15.604,1.58008,1.58049,1.43,1.13
2012.07.12 12:33:15.674,1.58008,1.58051,1.62,1.50
2012.07.12 12:33:15.804,1.58008,1.58055,1.62,2.88
2012.07.12 12:33:15.934,1.58016,1.58059,1.43,1.64
2012.07.12 12:33:16.244,1.58016,1.58049,1.43,1.13
2012.07.12 12:33:16.494,1.58003,1.58045,1.93,2.18
2012.07.12 12:33:16.565,1.58003,1.58045,2.12,2.18
2012.07.12 12:33:16.873,1.58002,1.5804,1.50,1.43
2012.07.12 12:33:16.944,1.57998,1.5804,1.18,1.43
2012.07.12 12:33:17.133,1.57997,1.58037,1.50,1.43
2012.07.12 12:33:17.643,1.57997,1.58037,1.13,1.43
2012.07.12 12:33:17.957,1.57994,1.58033,1.32,2.13
2012.07.12 12:33:18.084,1.5799,1.58033,2.18,1.62
2012.07.12 12:33:18.224,1.57987,1.58023,1.13,1.43
2012.07.12 12:33:18.353,1.57987,1.58037,1.13,1.32
2012.07.12 12:33:18.724,1.57987,1.58034,1.13,1.32
2012.07.12 12:33:18.793,1.57988,1.58037,1.13,1.69
2012.07.12 12:33:19.345,1.57987,1.58034,1.13,1.32
2012.07.12 12:33:19.656,1.57998,1.58031,1.50,1.83
2012.07.12 12:33:19.726,1.57998,1.58041,1.69,2.13
2012.07.12 12:33:19.917,1.58007,1.58042,1.69,1.08
2012.07.12 12:33:20.769,1.5801,1.5805,2.37,1.13
2012.07.12 12:33:20.869,1.58013,1.58056,1.43,1.13
2012.07.12 12:33:21.095,1.58011,1.58055,2.37,1.80
2012.07.12 12:33:21.179,1.58011,1.58055,2.37,1.43
2012.07.12 12:33:21.425,1.58011,1.58055,2.37,1.43
2012.07.12 12:33:21.673,1.58011,1.58055,2.37,2.13
2012.07.12 12:33:21.866,1.58011,1.58055,2.37,2.55
2012.07.12 12:33:21.936,1.58011,1.58048,1.62,1.13
2012.07.12 12:33:22.246,1.58014,1.58055,2.18,1.64
2012.07.12 12:33:22.315,1.58007,1.58051,1.80,1.62
2012.07.12 12:33:22.504,1.58004,1.58042,1.56,1.43
2012.07.12 12:33:22.576,1.58003,1.58042,1.13,1.43
2012.07.12 12:33:22.645,1.58004,1.58048,2.18,1.43
2012.07.12 12:33:22.714,1.58005,1.58051,2.18,1.62
2012.07.12 12:33:22.918,1.58006,1.58051,1.13,1.62
2012.07.12 12:33:23.044,1.58007,1.58057,2.18,1.69
2012.07.12 12:33:23.476,1.58005,1.58051,2.18,1.43
2012.07.12 12:33:23.605,1.58001,1.58045,3.12,1.43
2012.07.12 12:33:23.952,1.58007,1.58045,1.50,1.43
2012.07.12 12:33:24.204,1.58004,1.58048,1.18,2.89
2012.07.12 12:33:24.337,1.58006,1.5804,1.50,1.43
2012.07.12 12:33:24.406,1.58006,1.58048,1.50,2.37
2012.07.12 12:33:24.653,1.58006,1.58048,1.50,1.62
2012.07.12 12:33:24.844,1.58011,1.58055,2.18,2.13
2012.07.12 12:33:24.915,1.58016,1.58055,1.50,1.43
2012.07.12 12:33:25.225,1.58011,1.58055,3.17,1.80
2012.07.12 12:33:25.294,1.58009,1.58055,1.32,2.50
2012.07.12 12:33:25.365,1.58009,1.58052,1.32,1.08
2012.07.12 12:33:25.614,1.58003,1.58051,1.13,1.27
2012.07.12 12:33:25.804,1.58005,1.58049,2.37,1.58
2012.07.12 12:33:26.286,1.58003,1.58048,2.37,1.43
2012.07.12 12:33:26.533,1.5801,1.58055,2.37,1.32
2012.07.12 12:33:27.791,1.5801,1.58054,1.62,2.07
2012.07.12 12:33:27.973,1.58011,1.58054,1.62,2.37
2012.07.12 12:33:28.274,1.58011,1.58047,2.18,1.08
2012.07.12 12:33:28.604,1.58002,1.5804,1.62,1.04
2012.07.12 12:33:28.736,1.58001,1.58046,1.32,2.33
2012.07.12 12:33:28.805,1.58001,1.58042,1.74,1.13
2012.07.12 12:33:29.457,1.58001,1.58046,2.27,1.80
2012.07.12 12:33:29.548,1.58004,1.58045,1.18,1.09
2012.07.12 12:33:29.794,1.58002,1.58045,1.56,1.43
2012.07.12 12:33:29.865,1.58001,1.58045,2.37,1.43
2012.07.12 12:33:31.475,1.58001,1.58045,2.37,1.43
2012.07.12 12:33:31.604,1.58001,1.58045,3.12,1.43
2012.07.12 12:33:31.675,1.58001,1.58043,1.69,2.88
2012.07.12 12:33:31.984,1.57999,1.58043,2.74,2.13
2012.07.12 12:33:32.054,1.58,1.58043,2.07,1.43
2012.07.12 12:33:32.124,1.5801,1.58051,2.18,1.65
2012.07.12 12:33:32.195,1.5801,1.58055,2.37,1.04
2012.07.12 12:33:32.605,1.5801,1.58054,2.37,1.13
2012.07.12 12:33:32.673,1.5801,1.58056,2.37,2.13
2012.07.12 12:33:32.746,1.5801,1.58056,2.37,2.50
2012.07.12 12:33:33.055,1.5801,1.58051,1.56,2.13
2012.07.12 12:33:33.243,1.58005,1.58051,2.18,2.13
2012.07.12 12:33:33.516,1.58005,1.58047,2.37,1.08
2012.07.12 12:33:33.884,1.58006,1.5805,2.18,2.13
2012.07.12 12:33:34.215,1.58006,1.5805,2.18,2.13
2012.07.12 12:33:34.583,1.58006,1.5805,2.18,2.13
2012.07.12 12:33:35.997,1.58004,1.58048,1.13,1.43
2012.07.12 12:33:36.124,1.58006,1.5805,2.18,1.43
2012.07.12 12:33:36.625,1.58008,1.5805,1.18,1.62
2012.07.12 12:33:37.883,1.58012,1.58051,1.13,1.62
2012.07.12 12:33:38.596,1.58012,1.58051,1.50,1.62
2012.07.12 12:33:38.914,1.5801,1.58051,1.50,1.62
2012.07.12 12:33:39.557,1.58009,1.58051,1.88,1.43
2012.07.12 12:33:39.684,1.58006,1.58051,1.50,2.18
2012.07.12 12:33:39.755,1.58006,1.58051,1.50,2.18
2012.07.12 12:33:39.824,1.58006,1.58043,1.50,1.62
2012.07.12 12:33:40.134,1.58006,1.5805,2.93,1.62
2012.07.12 12:33:40.325,1.58007,1.58043,1.50,1.43
2012.07.12 12:33:40.574,1.58006,1.5805,2.93,1.43
2012.07.12 12:33:40.702,1.58006,1.5805,2.93,1.43
2012.07.12 12:33:41.304,1.58008,1.5805,1.13,1.43
2012.07.12 12:33:41.488,1.58006,1.5805,3.30,1.43
2012.07.12 12:33:41.567,1.58006,1.5805,2.93,1.43
2012.07.12 12:33:42.564,1.58006,1.5805,2.93,2.13
2012.07.12 12:33:42.874,1.58009,1.5805,1.69,2.13
2012.07.12 12:33:43.297,1.58017,1.58058,2.18,1.45
2012.07.12 12:33:43.465,1.58017,1.58061,1.43,1.62
2012.07.12 12:33:45.106,1.58017,1.58061,2.18,2.37
2012.07.12 12:33:45.413,1.58012,1.58052,1.09,1.43
2012.07.12 12:33:46.186,1.58017,1.58052,1.09,1.43
2012.07.12 12:33:46.375,1.58019,1.5806,1.47,1.32
2012.07.12 12:33:46.448,1.58018,1.5806,1.09,1.32
2012.07.12 12:33:46.833,1.58019,1.58061,1.84,2.69
2012.07.12 12:33:46.921,1.58016,1.58061,1.13,2.32
2012.07.12 12:33:46.994,1.58013,1.58061,1.13,2.32
2012.07.12 12:33:47.673,1.58011,1.5806,1.50,1.32
2012.07.12 12:33:47.954,1.58014,1.58061,1.13,2.69
2012.07.12 12:33:48.484,1.58014,1.58058,1.13,1.62
2012.07.12 12:33:48.844,1.58014,1.58061,1.13,2.32
2012.07.12 12:33:48.930,1.58014,1.58061,1.13,2.32
2012.07.12 12:33:49.153,1.58013,1.58061,1.13,2.32
2012.07.12 12:33:49.384,1.58014,1.58061,1.13,2.32
2012.07.12 12:33:49.454,1.58014,1.58061,1.13,2.32
2012.07.12 12:33:49.651,1.5801,1.58059,1.37,1.32
2012.07.12 12:33:50.077,1.58011,1.58049,1.50,1.43
2012.07.12 12:33:50.146,1.58014,1.5806,1.13,2.32
2012.07.12 12:33:50.236,1.58014,1.5806,1.13,2.32
2012.07.12 12:33:50.753,1.58014,1.5806,1.13,2.32
2012.07.12 12:33:51.093,1.58014,1.5806,1.13,2.32
2012.07.12 12:33:52.315,1.58014,1.5806,1.13,2.32
2012.07.12 12:33:52.997,1.58014,1.5806,1.13,2.32
2012.07.12 12:33:53.405,1.58014,1.58058,1.13,1.62
2012.07.12 12:33:53.665,1.58013,1.5806,1.13,1.99
2012.07.12 12:33:53.736,1.58011,1.58059,1.69,1.32
2012.07.12 12:33:53.863,1.58014,1.58059,1.13,1.99
2012.07.12 12:33:54.853,1.58008,1.58059,1.37,2.74
2012.07.12 12:33:55.205,1.58014,1.58059,1.13,1.99
2012.07.12 12:33:55.474,1.58008,1.58059,1.37,1.32
2012.07.12 12:33:55.839,1.58008,1.5805,1.37,1.43
2012.07.12 12:33:56.193,1.58008,1.58048,1.37,1.43
2012.07.12 12:33:56.905,1.58008,1.58046,1.37,1.43
2012.07.12 12:33:57.090,1.58008,1.58051,1.37,1.43
2012.07.12 12:33:58.158,1.58008,1.58051,1.37,1.43
2012.07.12 12:33:59.374,1.58006,1.58051,2.37,2.13
2012.07.12 12:33:59.565,1.58006,1.58049,1.43,1.13
2012.07.12 12:33:59.633,1.58004,1.58048,2.37,1.43
2012.07.12 12:33:59.704,1.58004,1.58048,1.62,2.55
2012.07.12 12:33:59.774,1.57999,1.58036,1.52,1.43
2012.07.12 12:34:00.054,1.58001,1.58049,1.69,1.45
2012.07.12 12:34:00.461,1.57999,1.58035,1.47,1.43
2012.07.12 12:34:00.544,1.57991,1.58035,2.98,1.43
2012.07.12 12:34:00.995,1.57991,1.58035,2.18,2.18
2012.07.12 12:34:01.314,1.5799,1.5803,1.13,1.43
2012.07.12 12:34:01.504,1.57992,1.58034,2.55,1.43
2012.07.12 12:34:02.233,1.57992,1.58034,2.18,2.18
2012.07.12 12:34:02.304,1.57992,1.5803,1.50,1.43
2012.07.12 12:34:03.494,1.57992,1.58035,1.50,1.62
2012.07.12 12:34:03.684,1.57992,1.58035,1.69,1.43
2012.07.12 12:34:04.072,1.57997,1.58043,3.32,1.69
2012.07.12 12:34:04.934,1.57999,1.58035,1.13,1.43
2012.07.12 12:34:05.004,1.57997,1.58035,1.13,1.43
2012.07.12 12:34:05.254,1.57997,1.58041,1.69,1.43
2012.07.12 12:34:05.474,1.57997,1.58047,3.12,1.09
2012.07.12 12:34:05.544,1.57998,1.58048,1.69,1.47
2012.07.12 12:34:05.925,1.57997,1.58048,3.17,1.09
2012.07.12 12:34:06.398,1.58001,1.58049,1.50,2.89
2012.07.12 12:34:06.565,1.57997,1.58048,2.42,1.09
2012.07.12 12:34:07.605,1.57997,1.58048,2.42,1.09
2012.07.12 12:34:08.244,1.57996,1.58034,1.74,1.43
2012.07.12 12:34:08.314,1.57996,1.58047,1.74,1.84
2012.07.12 12:34:08.906,1.58003,1.58047,1.13,1.32
2012.07.12 12:34:09.094,1.58003,1.58043,1.56,1.45
2012.07.12 12:34:09.224,1.58009,1.58049,1.43,1.45
2012.07.12 12:34:09.354,1.58006,1.58054,1.50,2.89
2012.07.12 12:34:09.484,1.58002,1.58051,3.12,1.13
2012.07.12 12:34:09.554,1.58001,1.58047,3.12,1.43
2012.07.12 12:34:09.744,1.58001,1.58047,2.37,1.43
2012.07.12 12:34:09.814,1.58001,1.58053,2.37,1.64
2012.07.12 12:34:09.945,1.58001,1.58053,2.37,1.64
2012.07.12 12:34:10.505,1.58001,1.58052,2.37,1.27
2012.07.12 12:34:10.935,1.58001,1.58053,2.37,1.64
2012.07.12 12:34:11.004,1.58001,1.58047,2.37,1.43
2012.07.12 12:34:11.101,1.58001,1.58052,2.37,2.37
2012.07.12 12:34:11.499,1.58001,1.58038,1.43,1.13
2012.07.12 12:34:11.695,1.57993,1.58029,1.32,1.77
2012.07.12 12:34:11.765,1.57993,1.58023,1.13,1.50
2012.07.12 12:34:11.954,1.57974,1.58016,1.69,1.08
2012.07.12 12:34:12.084,1.5797,1.58023,2.37,1.64
2012.07.12 12:34:12.156,1.5797,1.58019,2.37,1.45
2012.07.12 12:34:12.694,1.5797,1.58018,2.37,1.13
2012.07.12 12:34:12.943,1.5797,1.58016,1.62,1.45
2012.07.12 12:34:13.014,1.57968,1.58016,2.31,1.64
2012.07.12 12:34:14.116,1.57968,1.58016,1.50,2.02
2012.07.12 12:34:14.336,1.57967,1.58013,1.50,1.45
2012.07.12 12:34:15.092,1.57972,1.58011,1.32,1.08
2012.07.12 12:34:15.170,1.57978,1.58022,2.74,1.13
2012.07.12 12:34:15.293,1.57978,1.58022,2.79,1.13
2012.07.12 12:34:15.377,1.57982,1.58023,1.50,1.45
2012.07.12 12:34:15.658,1.57978,1.58022,3.17,1.13
2012.07.12 12:34:15.989,1.57982,1.58022,1.50,1.43
2012.07.12 12:34:16.304,1.57979,1.58022,1.74,2.18
2012.07.12 12:34:16.653,1.57978,1.58022,3.17,2.18
2012.07.12 12:34:17.714,1.57979,1.58021,1.32,1.09
2012.07.12 12:34:17.986,1.57978,1.58016,1.13,2.18
2012.07.12 12:34:18.691,1.57978,1.58016,1.13,2.18
2012.07.12 12:34:19.176,1.57978,1.58016,1.13,1.43
2012.07.12 12:34:19.336,1.57978,1.58017,1.13,2.18
2012.07.12 12:34:19.525,1.57974,1.58016,2.18,2.18
2012.07.12 12:34:19.594,1.57974,1.58016,1.80,2.55
2012.07.12 12:34:19.725,1.57974,1.58016,2.55,1.80
2012.07.12 12:34:19.794,1.57974,1.58016,1.80,2.55
2012.07.12 12:34:20.218,1.57974,1.58016,2.18,2.18
2012.07.12 12:34:20.423,1.57974,1.58016,2.18,2.18
2012.07.12 12:34:21.043,1.57974,1.58014,2.55,1.45
2012.07.12 12:34:21.557,1.57974,1.58014,1.43,1.45
2012.07.12 12:34:22.103,1.57974,1.58016,2.18,2.88
2012.07.12 12:34:23.073,1.57974,1.58014,1.43,1.45
2012.07.12 12:34:23.903,1.57974,1.58016,2.18,2.13
2012.07.12 12:34:24.023,1.57974,1.58016,2.18,2.13
2012.07.12 12:34:24.154,1.57974,1.58016,2.18,2.13
2012.07.12 12:34:24.584,1.57982,1.58024,2.93,2.32
2012.07.12 12:34:24.654,1.57982,1.58024,2.93,1.43
2012.07.12 12:34:24.757,1.57983,1.58024,1.18,1.43
2012.07.12 12:34:24.883,1.57982,1.58024,2.93,1.43
2012.07.12 12:34:25.484,1.57982,1.58024,2.55,1.43
2012.07.12 12:34:26.046,1.57982,1.58024,2.55,1.43
2012.07.12 12:34:26.115,1.57985,1.58024,1.13,2.18
2012.07.12 12:34:26.425,1.57989,1.58024,1.18,1.43
2012.07.12 12:34:26.495,1.57989,1.58031,1.18,2.18
2012.07.12 12:34:26.843,1.57988,1.58031,1.18,2.18
2012.07.12 12:34:26.926,1.57988,1.5803,1.18,2.18
2012.07.12 12:34:27.693,1.57985,1.5803,2.74,2.18
2012.07.12 12:34:27.823,1.57985,1.5803,2.37,2.18
2012.07.12 12:34:28.524,1.57985,1.5803,2.37,2.18
2012.07.12 12:34:29.203,1.57985,1.5803,1.62,2.18
2012.07.12 12:34:29.274,1.57985,1.5803,1.62,2.18
2012.07.12 12:34:29.587,1.57979,1.58015,1.18,2.18
2012.07.12 12:34:29.714,1.57979,1.58015,1.13,2.18
2012.07.12 12:34:29.844,1.57975,1.58015,1.13,2.18
2012.07.12 12:34:30.564,1.57973,1.58015,1.18,2.18
2012.07.12 12:34:32.124,1.57969,1.58015,2.18,1.43
2012.07.12 12:34:33.854,1.57971,1.58015,1.43,2.18
2012.07.12 12:34:33.983,1.57967,1.58009,2.42,1.43
2012.07.12 12:34:34.583,1.57967,1.58009,2.42,1.43
2012.07.12 12:34:35.128,1.57967,1.58009,2.93,1.43
2012.07.12 12:34:35.737,1.57967,1.58009,2.23,1.43
2012.07.12 12:34:36.243,1.57967,1.58009,1.80,1.43
2012.07.12 12:34:39.394,1.57967,1.58009,2.18,2.18
2012.07.12 12:34:39.523,1.57966,1.58001,1.13,1.43
2012.07.12 12:34:40.087,1.57964,1.58001,1.13,1.43
2012.07.12 12:34:40.436,1.57964,1.58001,1.13,2.69
2012.07.12 12:34:40.625,1.57952,1.57993,1.50,1.43
2012.07.12 12:34:40.694,1.57952,1.57993,1.50,1.43
2012.07.12 12:34:41.024,1.57956,1.57993,1.50,1.43
2012.07.12 12:34:41.775,1.57963,1.57993,1.18,1.43
2012.07.12 12:34:42.095,1.57967,1.58005,1.43,1.20
2012.07.12 12:34:42.223,1.57967,1.58009,2.18,2.18
2012.07.12 12:34:42.291,1.57974,1.58013,1.80,1.09
2012.07.12 12:34:42.546,1.57974,1.58016,1.80,2.48
2012.07.12 12:34:42.695,1.57974,1.58016,2.18,2.33
2012.07.12 12:34:43.043,1.57974,1.58016,2.18,2.33
2012.07.12 12:34:43.113,1.57974,1.58016,2.18,2.33
2012.07.12 12:34:44.056,1.57974,1.58013,1.43,1.45
2012.07.12 12:34:44.364,1.57966,1.5801,2.55,2.32
2012.07.12 12:34:45.036,1.57967,1.5801,1.13,2.32
2012.07.12 12:34:46.515,1.57967,1.5801,1.56,2.32
2012.07.12 12:34:46.804,1.57967,1.58007,1.56,1.45
2012.07.12 12:34:46.874,1.57966,1.58007,2.23,1.45
2012.07.12 12:34:47.005,1.57966,1.58008,2.18,1.64
2012.07.12 12:34:47.627,1.5796,1.58,1.13,1.62
2012.07.12 12:34:47.708,1.57961,1.58,1.50,1.62
2012.07.12 12:34:48.025,1.57978,1.58019,1.80,1.64
2012.07.12 12:34:48.155,1.57978,1.58019,1.80,1.45
2012.07.12 12:34:48.226,1.57979,1.5802,1.13,1.45
2012.07.12 12:34:48.296,1.57971,1.58015,2.93,1.62
2012.07.12 12:34:48.363,1.57971,1.58015,2.18,1.62
2012.07.12 12:34:50.953,1.57971,1.58015,2.18,1.62
2012.07.12 12:34:51.144,1.57979,1.58023,2.18,3.07
2012.07.12 12:34:51.486,1.57979,1.58023,2.93,2.74
2012.07.12 12:34:52.204,1.57979,1.58024,1.88,2.32
2012.07.12 12:34:53.126,1.57985,1.58026,2.18,1.08
2012.07.12 12:34:53.673,1.57985,1.58024,1.43,1.45
2012.07.12 12:34:54.016,1.57985,1.58026,2.18,1.08
2012.07.12 12:34:56.213,1.57985,1.58026,2.18,1.08
2012.07.12 12:34:58.683,1.57985,1.58023,1.43,1.79
2012.07.12 12:34:59.282,1.57985,1.58023,1.43,1.79
2012.07.12 12:34:59.881,1.57985,1.58017,1.43,2.20
2012.07.12 12:35:00.383,1.57977,1.58017,1.65,1.08
2012.07.12 12:35:00.574,1.57977,1.58017,1.09,1.08
2012.07.12 12:35:01.083,1.57977,1.58017,1.47,1.08
2012.07.12 12:35:01.594,1.57977,1.58016,1.09,1.88
2012.07.12 12:35:02.004,1.57963,1.58003,1.88,1.43
2012.07.12 12:35:02.167,1.57963,1.58003,1.88,1.43
2012.07.12 12:35:02.844,1.57961,1.58003,2.55,1.43
2012.07.12 12:35:04.997,1.57961,1.58003,2.55,1.43
2012.07.12 12:35:05.683,1.57963,1.58003,1.13,1.43
2012.07.12 12:35:05.985,1.57961,1.58001,2.93,1.13
2012.07.12 12:35:06.293,1.57961,1.57998,1.43,1.50
2012.07.12 12:35:06.424,1.57954,1.57992,1.43,1.08
2012.07.12 12:35:06.944,1.57948,1.57989,1.18,1.80
2012.07.12 12:35:07.018,1.57931,1.57972,2.18,1.43
2012.07.12 12:35:07.214,1.57931,1.57972,2.18,1.43
2012.07.12 12:35:07.287,1.57938,1.5798,2.18,1.43
2012.07.12 12:35:07.354,1.57938,1.5798,1.43,2.18
2012.07.12 12:35:07.605,1.57931,1.57973,1.32,1.43
2012.07.12 12:35:07.734,1.57931,1.57973,1.50,1.43
2012.07.12 12:35:07.864,1.57931,1.57973,1.56,1.43
2012.07.12 12:35:08.366,1.57933,1.57973,1.18,1.43
2012.07.12 12:35:09.165,1.57934,1.57973,1.93,1.43
2012.07.12 12:35:09.537,1.57938,1.57979,1.18,1.62
2012.07.12 12:35:09.604,1.57938,1.5798,2.61,1.62
2012.07.12 12:35:10.080,1.57938,1.5798,1.80,1.62
2012.07.12 12:35:10.165,1.57941,1.57982,1.43,1.08
2012.07.12 12:35:10.765,1.57941,1.57981,1.43,1.08
2012.07.12 12:35:11.653,1.57941,1.57981,1.43,1.08
2012.07.12 12:35:12.269,1.57941,1.57981,2.18,1.08
2012.07.12 12:35:12.784,1.57941,1.57981,2.18,1.08
2012.07.12 12:35:13.463,1.57941,1.57982,2.18,1.08
2012.07.12 12:35:13.603,1.57941,1.57982,1.43,1.08
2012.07.12 12:35:14.154,1.57941,1.57981,2.18,1.08
2012.07.12 12:35:15.031,1.57941,1.57981,2.18,1.08
2012.07.12 12:35:16.393,1.57941,1.57981,2.93,1.08
2012.07.12 12:35:16.894,1.57942,1.57981,1.50,1.08
2012.07.12 12:35:16.965,1.57945,1.57981,1.43,1.08
2012.07.12 12:35:17.294,1.57945,1.57982,2.23,1.08
2012.07.12 12:35:17.699,1.57949,1.5799,1.43,1.64
2012.07.12 12:35:18.393,1.57947,1.5799,1.80,2.32
2012.07.12 12:35:19.042,1.57948,1.57991,1.80,1.27
2012.07.12 12:35:20.115,1.57948,1.57989,1.80,1.64
2012.07.12 12:35:20.483,1.57944,1.5799,1.43,1.64
2012.07.12 12:35:20.993,1.57945,1.57989,1.43,1.64
2012.07.12 12:35:21.113,1.57944,1.57989,2.93,1.27
2012.07.12 12:35:21.744,1.57946,1.57987,1.56,1.08
2012.07.12 12:35:23.473,1.57946,1.57991,1.56,2.69
2012.07.12 12:35:24.315,1.57944,1.57991,2.55,2.69
2012.07.12 12:35:24.383,1.57944,1.57987,2.55,1.08
2012.07.12 12:35:31.734,1.57944,1.57987,2.37,1.08
2012.07.12 12:35:31.924,1.57949,1.57991,1.13,1.08
2012.07.12 12:35:32.073,1.57949,1.57992,1.13,1.42
2012.07.12 12:35:32.682,1.57948,1.57992,1.13,1.04
2012.07.12 12:35:34.957,1.57949,1.57995,2.37,1.27
2012.07.12 12:35:35.743,1.57949,1.57995,1.32,1.27
2012.07.12 12:35:36.411,1.57948,1.57995,1.32,1.27
2012.07.12 12:35:36.864,1.57949,1.57992,1.32,1.08
2012.07.12 12:35:37.370,1.57948,1.57991,1.32,1.08
2012.07.12 12:35:37.578,1.57949,1.57992,1.32,1.08
2012.07.12 12:35:39.323,1.57948,1.57995,1.32,1.45
2012.07.12 12:35:39.923,1.57945,1.57993,2.42,1.45
2012.07.12 12:35:40.254,1.57943,1.57985,3.54,1.43
2012.07.12 12:35:40.634,1.57944,1.57985,2.25,1.43
2012.07.12 12:35:40.893,1.57944,1.57983,2.25,1.43
2012.07.12 12:35:42.803,1.57941,1.57983,1.88,1.43
2012.07.12 12:35:42.983,1.57941,1.57981,1.13,1.43
2012.07.12 12:35:44.047,1.57937,1.57982,3.17,1.43
2012.07.12 12:35:44.293,1.57937,1.57982,2.42,2.18
2012.07.12 12:35:44.605,1.57938,1.57984,1.99,1.32
2012.07.12 12:35:44.733,1.57938,1.57989,2.74,1.64
2012.07.12 12:35:45.282,1.57939,1.57989,1.13,1.64
2012.07.12 12:35:45.635,1.57947,1.5799,2.18,1.08
2012.07.12 12:35:46.176,1.57948,1.5799,2.18,1.08
2012.07.12 12:35:46.363,1.57951,1.57992,1.50,2.20
2012.07.12 12:35:46.424,1.57955,1.57992,1.13,1.83
2012.07.12 12:35:46.620,1.57952,1.57992,1.50,1.08
2012.07.12 12:35:46.744,1.57955,1.57992,1.13,1.08
2012.07.12 12:35:46.813,1.57955,1.57996,1.13,1.27
2012.07.12 12:35:46.993,1.57953,1.57996,1.18,1.64
2012.07.12 12:35:47.494,1.57955,1.57999,1.13,1.62
2012.07.12 12:35:47.812,1.57955,1.58002,1.13,1.27
2012.07.12 12:35:48.145,1.57954,1.58001,1.80,1.32
2012.07.12 12:35:48.727,1.57952,1.57999,2.23,2.37
2012.07.12 12:35:49.284,1.57952,1.57999,2.23,2.37
2012.07.12 12:35:50.805,1.57954,1.57999,1.13,1.62
2012.07.12 12:35:51.115,1.5796,1.58002,2.18,2.02
2012.07.12 12:35:51.425,1.57977,1.58013,1.43,1.64
2012.07.12 12:35:52.015,1.57984,1.58013,1.43,1.50
2012.07.12 12:35:52.087,1.57978,1.58018,1.32,1.13
2012.07.12 12:35:52.336,1.57976,1.58023,1.32,1.04
2012.07.12 12:35:52.705,1.57977,1.5802,1.99,1.09
2012.07.12 12:35:52.894,1.57974,1.58013,1.13,2.37
2012.07.12 12:35:53.098,1.57969,1.58013,2.55,2.37
2012.07.12 12:35:53.164,1.57969,1.58013,1.43,2.37
2012.07.12 12:35:53.674,1.57969,1.58013,1.43,1.62
2012.07.12 12:35:54.287,1.57969,1.58013,1.43,1.62
2012.07.12 12:35:54.358,1.5797,1.58013,1.13,1.62
2012.07.12 12:35:54.546,1.57976,1.58016,2.18,1.28
2012.07.12 12:35:54.734,1.57976,1.58016,2.18,1.28
2012.07.12 12:35:54.804,1.57976,1.58016,2.18,1.28
2012.07.12 12:35:54.873,1.57976,1.58016,2.18,1.28
2012.07.12 12:35:55.356,1.57984,1.58016,1.43,1.28
2012.07.12 12:35:55.493,1.57973,1.58013,4.26,1.04
2012.07.12 12:35:55.676,1.57974,1.58017,1.84,1.73
2012.07.12 12:35:55.864,1.57981,1.58023,2.93,1.04
2012.07.12 12:35:55.940,1.57984,1.58023,1.13,1.04
2012.07.12 12:35:56.067,1.57984,1.58025,1.13,1.92
2012.07.12 12:35:56.263,1.57984,1.58025,1.13,1.92
2012.07.12 12:35:56.395,1.57981,1.58025,2.93,1.92
2012.07.12 12:35:56.464,1.57981,1.58025,2.18,1.92
2012.07.12 12:35:58.280,1.57981,1.58025,2.98,1.58
2012.07.12 12:35:58.344,1.57982,1.58025,1.14,1.58
2012.07.12 12:35:58.655,1.57986,1.5803,2.55,1.73
2012.07.12 12:35:59.261,1.57988,1.5803,1.18,1.43
2012.07.12 12:35:59.704,1.57994,1.5803,1.32,1.43
2012.07.12 12:35:59.894,1.57996,1.58041,2.18,1.23
2012.07.12 12:35:59.964,1.57996,1.58039,1.43,1.13
2012.07.12 12:36:00.274,1.57989,1.58029,1.18,2.18
2012.07.12 12:36:00.605,1.57988,1.58025,1.18,1.43
2012.07.12 12:36:01.153,1.57982,1.58025,1.37,1.43
2012.07.12 12:36:01.343,1.57981,1.58025,3.17,1.43
2012.07.12 12:36:01.605,1.57981,1.58025,2.98,1.43
2012.07.12 12:36:03.073,1.57981,1.58025,2.93,1.43
2012.07.12 12:36:03.223,1.57983,1.58025,1.13,1.43
2012.07.12 12:36:03.975,1.57981,1.58025,1.80,2.18
2012.07.12 12:36:04.059,1.5798,1.58022,1.50,1.43
2012.07.12 12:36:04.185,1.57981,1.58025,2.93,1.43
2012.07.12 12:36:05.133,1.57981,1.58025,2.55,1.43
2012.07.12 12:36:05.195,1.57979,1.58014,1.50,1.43
2012.07.12 12:36:05.504,1.57986,1.58026,1.56,1.65
2012.07.12 12:36:05.575,1.57988,1.58032,1.18,1.43
2012.07.12 12:36:05.645,1.57988,1.5803,1.18,2.22
2012.07.12 12:36:05.716,1.57985,1.58025,1.62,1.47
2012.07.12 12:36:05.916,1.57977,1.58014,1.69,1.43
2012.07.12 12:36:05.984,1.57977,1.58014,1.93,1.43
2012.07.12 12:36:06.354,1.57976,1.58014,1.93,1.43
2012.07.12 12:36:06.426,1.57976,1.58016,1.93,1.62
2012.07.12 12:36:06.494,1.57977,1.58016,1.18,2.37
2012.07.12 12:36:06.685,1.57979,1.58015,1.18,1.43
2012.07.12 12:36:06.955,1.57977,1.58011,1.18,1.43
2012.07.12 12:36:07.648,1.57977,1.58011,1.18,1.43
2012.07.12 12:36:08.312,1.57979,1.58011,1.18,1.43
2012.07.12 12:36:08.918,1.57979,1.58011,1.18,1.43
2012.07.12 12:36:09.107,1.57977,1.58018,1.18,2.37
2012.07.12 12:36:09.175,1.57977,1.58011,1.18,1.43
2012.07.12 12:36:09.763,1.57978,1.58013,1.18,1.43
2012.07.12 12:36:10.306,1.57978,1.58012,1.13,1.43
2012.07.12 12:36:11.118,1.57977,1.58014,1.13,1.43
2012.07.12 12:36:11.668,1.57977,1.58014,1.18,1.43
2012.07.12 12:36:13.225,1.57981,1.58014,1.13,1.43
2012.07.12 12:36:13.775,1.57985,1.58022,1.93,1.50
2012.07.12 12:36:13.846,1.57985,1.58023,1.93,1.32
2012.07.12 12:36:14.215,1.57986,1.58022,1.18,2.18
2012.07.12 12:36:14.464,1.57971,1.58021,2.10,2.18
2012.07.12 12:36:14.535,1.57971,1.58019,1.95,1.13
2012.07.12 12:36:14.975,1.57968,1.58007,1.74,1.43
2012.07.12 12:36:15.166,1.57959,1.58007,1.37,2.18
2012.07.12 12:36:15.734,1.57961,1.58007,1.32,1.43
2012.07.12 12:36:16.663,1.57956,1.58007,1.69,2.13
2012.07.12 12:36:17.425,1.5796,1.58007,1.32,1.80
2012.07.12 12:36:18.134,1.5796,1.58006,1.32,1.43
2012.07.12 12:36:18.205,1.57956,1.57998,1.69,1.43
2012.07.12 12:36:18.535,1.57964,1.57998,1.13,1.43
2012.07.12 12:36:19.005,1.57969,1.58011,2.18,2.02
2012.07.12 12:36:19.077,1.57969,1.58011,2.37,1.08
2012.07.12 12:36:19.618,1.57969,1.58011,2.37,1.08
2012.07.12 12:36:20.437,1.5797,1.58011,2.37,1.08
2012.07.12 12:36:22.724,1.57974,1.58014,2.07,1.08
2012.07.12 12:36:22.975,1.57983,1.58014,1.43,1.45
2012.07.12 12:36:23.104,1.57968,1.58012,2.37,1.80
2012.07.12 12:36:23.294,1.57969,1.58014,2.37,1.08
2012.07.12 12:36:23.364,1.57969,1.58014,2.37,1.08
2012.07.12 12:36:24.086,1.57969,1.58011,1.62,1.08
2012.07.12 12:36:25.234,1.57967,1.58012,3.12,1.08
2012.07.12 12:36:27.254,1.57967,1.58011,3.12,1.08
2012.07.12 12:36:27.564,1.57967,1.58011,2.37,1.45
2012.07.12 12:36:27.874,1.57959,1.58007,4.24,1.08
2012.07.12 12:36:28.243,1.57959,1.58011,3.49,2.88
2012.07.12 12:36:28.363,1.57961,1.58011,2.37,1.08
2012.07.12 12:36:28.846,1.57961,1.58007,2.37,1.08
2012.07.12 12:36:28.913,1.57961,1.58007,2.37,1.08
2012.07.12 12:36:29.034,1.57961,1.58007,2.37,1.08
2012.07.12 12:36:29.604,1.57961,1.58011,3.12,1.45
2012.07.12 12:36:29.734,1.57961,1.58007,2.37,1.08
2012.07.12 12:36:29.888,1.57961,1.58008,3.12,1.08
2012.07.12 12:36:30.195,1.57961,1.58006,2.37,1.08
2012.07.12 12:36:32.484,1.57961,1.58011,2.37,1.45
2012.07.12 12:36:33.073,1.57961,1.58011,2.37,1.45
2012.07.12 12:36:33.629,1.57961,1.58011,2.37,1.45
2012.07.12 12:36:33.693,1.57961,1.58011,2.37,1.45
2012.07.12 12:36:34.163,1.57961,1.58011,2.37,1.45
2012.07.12 12:36:34.666,1.57961,1.58011,2.37,1.45
2012.07.12 12:36:34.975,1.57962,1.58007,1.69,1.08
2012.07.12 12:36:35.354,1.57961,1.58002,2.37,1.08
2012.07.12 12:36:36.294,1.57961,1.58005,2.37,2.13
2012.07.12 12:36:36.425,1.57961,1.58005,2.37,2.13
2012.07.12 12:36:37.505,1.57961,1.58005,2.37,2.13
2012.07.12 12:36:37.576,1.57962,1.5801,3.12,1.08
2012.07.12 12:36:38.175,1.57962,1.58011,2.37,1.08
2012.07.12 12:36:38.749,1.57962,1.58006,2.37,1.08
2012.07.12 12:36:39.480,1.57962,1.58006,2.37,1.08
2012.07.12 12:36:40.014,1.57962,1.58006,2.37,1.08
2012.07.12 12:36:40.265,1.57959,1.57996,1.88,1.08
2012.07.12 12:36:40.454,1.57961,1.57998,1.32,1.80
2012.07.12 12:36:40.584,1.57967,1.58011,2.37,1.83
2012.07.12 12:36:41.425,1.57967,1.58007,2.37,1.08
2012.07.12 12:36:41.674,1.57959,1.58007,2.37,1.08
2012.07.12 12:36:42.194,1.57968,1.58006,2.37,1.08
2012.07.12 12:36:42.526,1.57968,1.58006,2.37,1.08
2012.07.12 12:36:42.654,1.57968,1.58011,2.37,1.08
2012.07.12 12:36:43.043,1.57968,1.58011,2.37,1.08
2012.07.12 12:36:43.606,1.57968,1.58011,1.62,1.08
2012.07.12 12:36:44.224,1.57968,1.58011,1.62,1.08
2012.07.12 12:36:45.275,1.57968,1.58011,1.62,1.08
2012.07.12 12:36:45.404,1.57968,1.58007,1.62,1.45
2012.07.12 12:36:45.716,1.57962,1.57998,1.32,1.43
2012.07.12 12:36:45.846,1.57962,1.57998,1.13,1.43
2012.07.12 12:36:45.916,1.57964,1.57998,1.13,1.43
2012.07.12 12:36:46.057,1.57963,1.58,1.13,1.43
2012.07.12 12:36:46.305,1.57963,1.58,1.44,2.18
2012.07.12 12:36:46.674,1.57963,1.58,1.07,1.43
2012.07.12 12:36:46.747,1.57962,1.58,1.07,1.43
2012.07.12 12:36:46.815,1.5796,1.57998,1.12,1.43
2012.07.12 12:36:47.329,1.57959,1.57998,1.26,1.43
2012.07.12 12:36:47.868,1.57958,1.57998,1.26,1.43
2012.07.12 12:36:48.210,1.5796,1.57998,1.44,1.43
2012.07.12 12:36:48.274,1.57958,1.57998,1.26,1.43
2012.07.12 12:36:49.804,1.57959,1.58,1.26,1.43
2012.07.12 12:36:50.533,1.57958,1.58,1.26,1.43
2012.07.12 12:36:51.198,1.57959,1.58,1.26,1.43
2012.07.12 12:36:52.875,1.57958,1.58,1.26,1.43
2012.07.12 12:36:52.946,1.57958,1.58,1.26,1.43
2012.07.12 12:36:53.513,1.57959,1.58,1.26,1.43
2012.07.12 12:36:55.279,1.57958,1.58,1.26,1.43
2012.07.12 12:36:55.876,1.57957,1.58,1.26,1.43
2012.07.12 12:36:57.235,1.57959,1.58,1.26,1.43
2012.07.12 12:36:57.365,1.57956,1.58,3.06,1.43
2012.07.12 12:36:57.494,1.5796,1.58,1.26,1.43
2012.07.12 12:36:57.685,1.57966,1.58008,1.26,2.88
2012.07.12 12:36:57.814,1.57971,1.58008,1.43,1.45
2012.07.12 12:36:58.225,1.57971,1.58008,1.93,1.45
2012.07.12 12:36:58.776,1.57965,1.58007,1.26,1.45
2012.07.12 12:36:58.915,1.57966,1.58008,1.26,2.13
2012.07.12 12:36:59.368,1.57964,1.58007,1.26,1.13
2012.07.12 12:36:59.966,1.57966,1.58004,1.26,1.13
2012.07.12 12:37:00.688,1.57966,1.58004,1.26,1.13
2012.07.12 12:37:01.705,1.57966,1.58007,1.07,1.08
2012.07.12 12:37:01.835,1.57967,1.58009,1.07,2.88
2012.07.12 12:37:01.906,1.57968,1.58006,1.07,1.08
2012.07.12 12:37:02.280,1.57978,1.58019,1.62,1.19
2012.07.12 12:37:02.357,1.57974,1.58012,1.13,1.43
2012.07.12 12:37:02.426,1.57971,1.58011,1.26,1.08
2012.07.12 12:37:02.865,1.57972,1.58011,1.26,1.08
2012.07.12 12:37:02.995,1.57971,1.58012,1.26,2.50
2012.07.12 12:37:03.184,1.5797,1.58012,1.28,2.50
2012.07.12 12:37:03.785,1.57969,1.58006,1.26,1.08
2012.07.12 12:37:04.457,1.57969,1.58006,1.26,1.08
2012.07.12 12:37:06.665,1.57969,1.58007,1.26,1.08
2012.07.12 12:37:07.566,1.57969,1.58006,1.26,1.08
2012.07.12 12:37:11.693,1.57967,1.58009,2.68,1.80
2012.07.12 12:37:11.824,1.57967,1.58009,3.06,1.43
2012.07.12 12:37:12.694,1.57967,1.58009,2.68,1.43
2012.07.12 12:37:12.825,1.57967,1.58009,2.68,1.43
2012.07.12 12:37:12.894,1.57963,1.58005,1.93,1.43
2012.07.12 12:37:15.604,1.57964,1.58005,1.26,1.43
2012.07.12 12:37:20.590,1.57965,1.58005,1.26,2.13
2012.07.12 12:37:21.173,1.57965,1.58005,1.26,1.43
2012.07.12 12:37:21.875,1.57965,1.58005,1.26,1.43
2012.07.12 12:37:22.522,1.57963,1.58005,1.93,2.13
2012.07.12 12:37:23.196,1.57965,1.58005,1.26,1.43
2012.07.12 12:37:25.795,1.57965,1.58005,1.26,1.43
2012.07.12 12:37:26.104,1.57963,1.57999,1.62,1.45
2012.07.12 12:37:26.441,1.57955,1.5799,1.41,1.43
2012.07.12 12:37:26.934,1.57953,1.5799,1.07,1.43
2012.07.12 12:37:27.717,1.57955,1.5799,1.07,1.43
2012.07.12 12:37:28.264,1.57952,1.5799,1.26,1.43
2012.07.12 12:37:30.354,1.57955,1.5799,1.07,1.43
2012.07.12 12:37:30.954,1.57955,1.5799,1.07,1.43
2012.07.12 12:37:41.195,1.57955,1.5799,1.07,1.43
2012.07.12 12:37:41.627,1.57951,1.5799,1.50,2.13
2012.07.12 12:37:41.815,1.57948,1.57989,1.88,1.19
2012.07.12 12:37:41.884,1.57948,1.57982,1.88,1.43
2012.07.12 12:37:42.075,1.57944,1.57982,1.68,1.43
2012.07.12 12:37:42.636,1.57942,1.57982,1.26,1.43
2012.07.12 12:37:43.215,1.57942,1.57982,1.26,1.43
2012.07.12 12:37:44.364,1.57942,1.57982,1.26,1.43
2012.07.12 12:37:44.494,1.57944,1.57982,1.31,1.43
2012.07.12 12:37:44.566,1.57941,1.57982,1.26,1.43
2012.07.12 12:37:44.993,1.57937,1.57982,1.31,1.43
2012.07.12 12:37:45.324,1.57938,1.57982,1.31,1.43
2012.07.12 12:37:45.528,1.57938,1.57982,1.31,1.43
2012.07.12 12:37:45.656,1.57943,1.57982,1.07,1.43
2012.07.12 12:37:45.967,1.57943,1.57976,1.44,2.18
2012.07.12 12:37:46.036,1.57943,1.57977,1.44,1.43
2012.07.12 12:37:46.106,1.57943,1.57969,1.07,1.43
2012.07.12 12:37:46.624,1.57931,1.57969,1.26,1.43
2012.07.12 12:37:48.165,1.57931,1.57969,1.26,1.43
2012.07.12 12:37:48.916,1.57931,1.57969,1.26,1.43
2012.07.12 12:37:50.305,1.57929,1.57969,1.49,1.43
2012.07.12 12:37:50.838,1.57929,1.57968,1.07,1.43
2012.07.12 12:37:52.096,1.57926,1.57966,1.26,1.43
2012.07.12 12:37:52.677,1.57926,1.57966,1.26,1.43
2012.07.12 12:37:53.308,1.57927,1.57968,1.63,1.43
2012.07.12 12:37:54.004,1.57927,1.57968,2.01,1.43
2012.07.12 12:37:54.524,1.57927,1.57967,1.63,1.43
2012.07.12 12:38:03.034,1.57927,1.57967,1.26,1.43
2012.07.12 12:38:03.616,1.57926,1.57967,2.01,1.43
2012.07.12 12:38:07.165,1.57927,1.57967,1.26,1.43
2012.07.12 12:38:07.795,1.57925,1.57967,1.26,1.43
2012.07.12 12:38:08.847,1.57928,1.57967,1.07,1.43
2012.07.12 12:38:09.642,1.57928,1.57967,1.44,1.43
2012.07.12 12:38:10.424,1.57922,1.57963,1.26,1.13
2012.07.12 12:38:10.674,1.57912,1.57951,1.33,1.43
2012.07.12 12:38:10.804,1.57912,1.57951,1.03,1.43
2012.07.12 12:38:11.314,1.57911,1.57951,2.06,1.43
2012.07.12 12:38:15.053,1.57911,1.57954,1.63,1.43
2012.07.12 12:38:20.395,1.57911,1.57954,1.31,2.18
2012.07.12 12:38:21.077,1.57912,1.57954,1.63,1.43
2012.07.12 12:38:23.317,1.57912,1.57956,2.74,1.87
2012.07.12 12:38:23.536,1.57912,1.57954,1.32,1.43
2012.07.12 12:38:28.263,1.57912,1.57954,1.74,1.43
2012.07.12 12:38:28.566,1.57918,1.57957,1.18,1.87
2012.07.12 12:38:28.975,1.57922,1.57965,1.13,2.43
2012.07.12 12:38:29.166,1.57922,1.57957,1.13,1.43
2012.07.12 12:38:29.414,1.57918,1.5796,1.18,1.43
2012.07.12 12:38:29.824,1.57921,1.57965,1.82,1.87
2012.07.12 12:38:30.414,1.57921,1.57965,1.44,1.87
2012.07.12 12:38:31.827,1.57921,1.57965,1.82,1.87
2012.07.12 12:38:32.423,1.57921,1.57965,1.44,1.87
2012.07.12 12:38:34.738,1.57921,1.57965,1.82,1.87
2012.07.12 12:38:38.684,1.57923,1.57965,1.32,1.87
2012.07.12 12:38:38.874,1.57928,1.57968,1.32,1.13
2012.07.12 12:38:39.525,1.57929,1.5797,1.69,1.14
2012.07.12 12:38:45.364,1.57928,1.57969,1.32,1.45
2012.07.12 12:38:45.554,1.57928,1.57966,1.13,1.43
2012.07.12 12:38:46.115,1.57928,1.57966,1.13,1.43
2012.07.12 12:38:47.307,1.57928,1.57963,1.13,1.43
2012.07.12 12:38:48.544,1.57929,1.57969,1.32,1.89
2012.07.12 12:38:48.615,1.57929,1.57969,2.07,1.14
2012.07.12 12:38:50.048,1.57929,1.57967,2.07,1.13
2012.07.12 12:38:50.563,1.57929,1.57967,1.32,1.13
2012.07.12 12:38:53.763,1.57928,1.57968,1.32,1.13
2012.07.12 12:38:53.824,1.57928,1.57969,2.07,1.08
2012.07.12 12:38:54.073,1.57928,1.57969,1.32,1.83
2012.07.12 12:38:54.299,1.57928,1.57969,2.07,1.08
2012.07.12 12:38:54.425,1.57928,1.57969,1.32,1.13
2012.07.12 12:38:55.433,1.57929,1.57969,1.69,2.13
2012.07.12 12:38:56.605,1.57928,1.57968,1.32,1.45
2012.07.12 12:38:56.855,1.57924,1.57968,2.12,1.45
2012.07.12 12:38:56.924,1.57923,1.57962,1.71,1.43
2012.07.12 12:38:57.104,1.57923,1.57962,1.33,1.43
2012.07.12 12:39:06.124,1.57922,1.57956,1.31,1.43
2012.07.12 12:39:06.415,1.57922,1.57961,2.06,1.43
2012.07.12 12:39:07.035,1.57922,1.57961,2.06,1.43
2012.07.12 12:39:08.003,1.57923,1.57957,1.37,1.43
2012.07.12 12:39:08.267,1.57923,1.57961,1.37,1.43
2012.07.12 12:39:10.125,1.57921,1.57961,1.63,1.43
2012.07.12 12:39:10.256,1.57916,1.57954,2.06,1.43
2012.07.12 12:39:10.455,1.57916,1.57954,2.06,1.43
2012.07.12 12:39:10.525,1.57916,1.57961,2.06,1.87
2012.07.12 12:39:10.593,1.57916,1.57961,2.06,1.87
2012.07.12 12:39:11.035,1.57921,1.57961,1.50,1.87
2012.07.12 12:39:11.647,1.57919,1.57952,1.13,1.43
2012.07.12 12:39:11.833,1.5792,1.57961,1.50,1.87
2012.07.12 12:39:13.336,1.57917,1.57961,1.32,1.87
2012.07.12 12:39:13.404,1.57919,1.57961,1.13,1.87
2012.07.12 12:39:13.905,1.57916,1.5796,2.01,1.43
2012.07.12 12:39:14.496,1.57916,1.57961,1.26,1.87
2012.07.12 12:39:18.985,1.57916,1.57961,1.26,1.87
2012.07.12 12:39:19.495,1.57918,1.57959,1.32,1.43
2012.07.12 12:39:19.684,1.57922,1.57959,1.26,2.13
2012.07.12 12:39:20.205,1.5792,1.5796,1.69,1.43
2012.07.12 12:39:20.710,1.57922,1.57958,1.65,1.43
2012.07.12 12:39:21.017,1.57932,1.57961,1.28,1.14
2012.07.12 12:39:21.085,1.57935,1.57968,1.32,1.13
2012.07.12 12:39:21.216,1.57935,1.57968,1.32,1.13
2012.07.12 12:39:21.465,1.57936,1.57975,1.26,1.43
2012.07.12 12:39:21.905,1.57936,1.57978,2.68,1.43
2012.07.12 12:39:23.744,1.57936,1.57978,2.68,1.43
2012.07.12 12:39:23.875,1.57936,1.57978,2.68,1.80
2012.07.12 12:39:24.065,1.57931,1.5797,1.24,1.43
2012.07.12 12:39:24.439,1.57928,1.57968,1.93,2.59
2012.07.12 12:39:24.944,1.57925,1.57963,1.07,1.43
2012.07.12 12:39:25.455,1.57921,1.57963,1.26,1.43
2012.07.12 12:39:25.993,1.57921,1.57963,1.26,2.13
2012.07.12 12:39:27.861,1.57923,1.57963,1.26,2.13
2012.07.12 12:39:28.005,1.57921,1.57963,1.26,2.13
2012.07.12 12:39:28.370,1.57929,1.57966,2.37,1.52
2012.07.12 12:39:28.975,1.57925,1.57967,1.26,1.08
2012.07.12 12:39:29.590,1.57925,1.57967,1.26,1.08
2012.07.12 12:39:30.239,1.57925,1.57966,1.26,1.08
2012.07.12 12:39:30.824,1.57925,1.57967,1.26,1.08
2012.07.12 12:39:31.315,1.57932,1.57968,1.50,1.87
2012.07.12 12:39:31.386,1.57928,1.57968,1.32,1.87
2012.07.12 12:39:31.456,1.57931,1.5797,2.18,1.19
2012.07.12 12:39:31.645,1.57931,1.57971,2.37,2.64
2012.07.12 12:39:32.134,1.57931,1.57969,2.18,1.14
2012.07.12 12:39:32.444,1.57927,1.57968,1.26,1.14
2012.07.12 12:39:32.756,1.5793,1.57968,2.70,1.14
2012.07.12 12:39:32.945,1.57939,1.57971,2.18,1.57
2012.07.12 12:39:33.017,1.57939,1.5798,2.37,1.14
2012.07.12 12:39:33.594,1.57939,1.57971,2.37,1.14
2012.07.12 12:39:33.725,1.57939,1.57977,2.37,1.08
2012.07.12 12:39:33.895,1.57939,1.57976,2.37,1.08
2012.07.12 12:39:34.234,1.57939,1.57976,2.37,1.08
2012.07.12 12:39:34.305,1.57939,1.57978,2.37,1.52
2012.07.12 12:39:34.496,1.57939,1.57981,2.37,1.52
2012.07.12 12:39:35.108,1.57939,1.57981,2.37,1.14
2012.07.12 12:39:35.652,1.57939,1.5798,2.37,1.14
2012.07.12 12:39:36.273,1.57939,1.57982,2.37,1.19
2012.07.12 12:39:37.038,1.57939,1.5798,2.37,1.14
2012.07.12 12:39:37.106,1.57939,1.5798,2.37,1.14
2012.07.12 12:39:37.654,1.57943,1.57982,1.26,1.45
2012.07.12 12:39:37.904,1.57947,1.57986,1.26,2.20
2012.07.12 12:39:38.456,1.57941,1.57982,1.26,1.14
2012.07.12 12:39:38.537,1.57941,1.57982,1.26,1.14
2012.07.12 12:39:38.646,1.57941,1.57982,1.26,1.14
2012.07.12 12:39:39.066,1.57938,1.5798,2.37,1.14
2012.07.12 12:39:39.386,1.57937,1.57976,2.68,1.08
2012.07.12 12:39:39.515,1.57935,1.57976,1.26,1.52
2012.07.12 12:39:39.885,1.5794,1.57978,1.32,1.94
2012.07.12 12:39:40.077,1.57941,1.5798,1.26,1.43
2012.07.12 12:39:40.144,1.57942,1.5798,1.07,1.43
2012.07.12 12:39:40.516,1.57942,1.5798,1.07,1.43
2012.07.12 12:39:41.818,1.57942,1.57983,1.26,1.43
2012.07.12 12:39:42.266,1.57941,1.57983,2.68,1.43
2012.07.12 12:39:42.336,1.57941,1.57983,2.68,1.43
2012.07.12 12:39:43.106,1.57941,1.57983,2.68,1.43
2012.07.12 12:39:43.594,1.57941,1.57983,2.37,1.87
2012.07.12 12:39:45.305,1.57941,1.57983,2.74,1.87
2012.07.12 12:39:45.985,1.57943,1.57983,1.13,1.87
2012.07.12 12:39:46.546,1.57943,1.57983,1.88,1.43
2012.07.12 12:39:46.656,1.57944,1.57986,2.18,1.57
2012.07.12 12:39:47.007,1.57944,1.57985,2.93,1.13
2012.07.12 12:39:47.684,1.57944,1.57985,2.93,1.13
2012.07.12 12:39:48.056,1.57944,1.57985,2.93,1.13
2012.07.12 12:39:48.986,1.57944,1.57986,2.93,1.19
2012.07.12 12:39:49.595,1.57944,1.57986,2.93,1.19
2012.07.12 12:39:50.123,1.57944,1.57989,2.37,1.87
2012.07.12 12:39:52.574,1.57951,1.57989,1.32,1.87
2012.07.12 12:39:53.029,1.57949,1.57989,1.74,1.87
2012.07.12 12:39:53.924,1.57949,1.57989,1.93,1.87
2012.07.12 12:39:54.525,1.57949,1.57989,1.18,1.87
2012.07.12 12:39:55.150,1.57949,1.57989,1.56,1.87
2012.07.12 12:39:56.325,1.57949,1.57989,1.56,1.87
2012.07.12 12:39:57.520,1.57952,1.57989,1.50,1.87
2012.07.12 12:39:58.153,1.57952,1.57989,1.50,1.87
2012.07.12 12:39:59.965,1.57952,1.57989,1.50,1.87
2012.07.12 12:40:00.276,1.57962,1.57997,1.50,2.05
2012.07.12 12:40:00.345,1.57959,1.57997,1.88,1.87
2012.07.12 12:40:00.415,1.57959,1.57997,1.50,1.87
2012.07.12 12:40:00.484,1.57959,1.57997,1.50,1.87
2012.07.12 12:40:00.734,1.57958,1.57997,1.88,1.87
2012.07.12 12:40:01.846,1.57959,1.58005,2.37,2.24
2012.07.12 12:40:01.916,1.57961,1.58005,1.26,2.24
2012.07.12 12:40:03.435,1.57962,1.58005,1.26,2.24
2012.07.12 12:40:03.505,1.57966,1.58005,1.07,2.24
2012.07.12 12:40:03.635,1.57967,1.58009,2.12,1.94
2012.07.12 12:40:04.147,1.57967,1.58003,2.68,1.14
2012.07.12 12:40:04.545,1.57967,1.58003,1.62,1.14
2012.07.12 12:40:05.134,1.57965,1.58002,1.26,1.14
2012.07.12 12:40:07.434,1.57966,1.58002,1.09,1.14
2012.07.12 12:40:07.624,1.57969,1.58002,1.26,1.14
2012.07.12 12:40:07.944,1.57971,1.58008,1.32,1.19
2012.07.12 12:40:08.018,1.57972,1.58011,1.44,1.52
2012.07.12 12:40:08.266,1.57977,1.58012,1.09,1.87
2012.07.12 12:40:08.395,1.57977,1.58019,1.26,1.57
2012.07.12 12:40:08.465,1.57983,1.58019,1.07,1.57
2012.07.12 12:40:08.834,1.57979,1.58019,1.26,1.57
2012.07.12 12:40:09.434,1.57976,1.58019,1.41,1.57
2012.07.12 12:40:09.505,1.57976,1.58019,1.41,1.57
2012.07.12 12:40:10.756,1.57972,1.58012,2.12,1.19
2012.07.12 12:40:10.885,1.57971,1.58007,1.44,2.24
2012.07.12 12:40:11.016,1.57971,1.58004,1.13,1.87
2012.07.12 12:40:11.325,1.57965,1.58004,1.31,1.87
2012.07.12 12:40:11.465,1.57962,1.58003,1.26,1.14
2012.07.12 12:40:13.066,1.57964,1.58004,1.44,1.87
2012.07.12 12:40:16.696,1.57962,1.58004,1.26,1.87
2012.07.12 12:40:19.824,1.57961,1.57998,1.07,1.43
2012.07.12 12:40:19.895,1.57961,1.57998,1.07,1.87
2012.07.12 12:40:21.447,1.57961,1.57998,1.07,1.87
2012.07.12 12:40:22.117,1.57961,1.57998,1.07,1.87
2012.07.12 12:40:22.365,1.57966,1.58002,2.37,1.19
2012.07.12 12:40:22.436,1.57967,1.58003,1.26,1.52
2012.07.12 12:40:22.938,1.57962,1.58002,1.26,1.19
2012.07.12 12:40:25.665,1.57962,1.58002,1.26,1.19
2012.07.12 12:40:25.994,1.57959,1.57999,1.44,1.87
2012.07.12 12:40:26.185,1.57958,1.57999,1.44,1.87
2012.07.12 12:40:26.435,1.57962,1.57999,1.07,1.87
2012.07.12 12:40:26.745,1.57967,1.58007,1.50,2.24
2012.07.12 12:40:26.876,1.57972,1.58007,1.13,2.24
2012.07.12 12:40:27.005,1.57972,1.58007,1.44,2.24
2012.07.12 12:40:27.695,1.57971,1.58007,1.03,1.87
2012.07.12 12:40:27.766,1.57972,1.58011,2.83,1.33
2012.07.12 12:40:27.835,1.57972,1.58014,3.39,2.62
2012.07.12 12:40:28.754,1.57975,1.58014,1.07,2.24
2012.07.12 12:40:29.914,1.57973,1.58014,1.44,2.24
2012.07.12 12:40:30.484,1.57975,1.58014,1.07,2.24
2012.07.12 12:40:30.694,1.57974,1.58014,1.07,2.24
2012.07.12 12:40:32.164,1.57973,1.58014,1.44,2.24
2012.07.12 12:40:36.025,1.57973,1.58006,1.63,1.43
2012.07.12 12:40:36.275,1.57972,1.58013,1.26,1.89
2012.07.12 12:40:36.585,1.57972,1.58015,2.07,1.87
2012.07.12 12:40:36.660,1.57973,1.58015,1.07,1.87
2012.07.12 12:40:42.213,1.57974,1.58015,1.44,1.87
2012.07.12 12:40:52.305,1.57973,1.58015,1.63,2.24
2012.07.12 12:40:58.466,1.57973,1.58007,1.07,1.43
2012.07.12 12:40:58.536,1.57973,1.58007,1.07,2.18
2012.07.12 12:40:58.606,1.57971,1.58007,1.07,1.43
2012.07.12 12:40:59.054,1.57971,1.58007,1.07,1.87
2012.07.12 12:40:59.245,1.57966,1.58007,1.26,1.87
2012.07.12 12:40:59.619,1.57968,1.58009,1.26,2.24
2012.07.12 12:40:59.964,1.57972,1.58009,1.26,1.14
2012.07.12 12:41:00.495,1.57972,1.58008,1.26,1.14
2012.07.12 12:41:00.744,1.57968,1.58004,1.31,1.43
2012.07.12 12:41:00.936,1.57965,1.58004,1.07,1.87
2012.07.12 12:41:02.328,1.57964,1.58004,1.07,1.87
2012.07.12 12:41:02.988,1.57965,1.58004,1.07,1.87
2012.07.12 12:41:03.054,1.57966,1.58004,1.07,1.87
2012.07.12 12:41:03.854,1.57966,1.58009,1.26,1.87
2012.07.12 12:41:04.224,1.57972,1.58013,1.93,1.14
2012.07.12 12:41:07.617,1.57968,1.58008,1.26,1.19
2012.07.12 12:41:07.689,1.57971,1.58008,1.12,1.19
2012.07.12 12:41:08.314,1.57972,1.58008,1.07,1.19
2012.07.12 12:41:08.923,1.57971,1.58008,1.07,1.19
2012.07.12 12:41:09.525,1.5797,1.58008,1.07,1.19
2012.07.12 12:41:10.034,1.57968,1.58008,1.26,1.19
2012.07.12 12:41:12.153,1.57965,1.58003,1.07,1.87
2012.07.12 12:41:12.864,1.57966,1.58003,1.07,1.87
2012.07.12 12:41:16.105,1.57966,1.58003,1.07,1.87
2012.07.12 12:41:16.487,1.57967,1.58004,2.06,1.87
2012.07.12 12:41:16.615,1.57967,1.58004,1.26,1.87
2012.07.12 12:41:16.970,1.57966,1.58004,1.26,1.87
2012.07.12 12:41:17.047,1.57961,1.58003,2.73,1.19
2012.07.12 12:41:17.865,1.57962,1.58003,2.73,1.87
2012.07.12 12:41:18.175,1.57961,1.57996,1.49,1.87
2012.07.12 12:41:19.650,1.57962,1.58003,2.54,2.62
2012.07.12 12:41:19.996,1.57967,1.58003,1.07,1.87
2012.07.12 12:41:20.205,1.57971,1.58012,2.68,1.19
2012.07.12 12:41:20.275,1.57972,1.58012,1.63,2.62
2012.07.12 12:41:22.237,1.57972,1.58013,2.31,1.19
2012.07.12 12:41:34.374,1.57974,1.58014,1.07,2.20
2012.07.12 12:41:34.505,1.57972,1.58008,2.31,1.19
2012.07.12 12:41:34.699,1.57972,1.58009,2.68,1.19
2012.07.12 12:41:35.024,1.57976,1.58012,1.09,1.19
2012.07.12 12:41:35.095,1.57976,1.58012,1.09,1.19
2012.07.12 12:41:35.165,1.57979,1.58011,1.13,1.87
2012.07.12 12:41:35.595,1.57985,1.58017,1.07,1.13
2012.07.12 12:41:35.665,1.57983,1.58017,1.12,1.13
2012.07.12 12:41:35.855,1.57978,1.58016,1.12,1.19
2012.07.12 12:41:35.925,1.57978,1.58017,1.12,1.19
2012.07.12 12:41:37.444,1.57981,1.58024,1.07,1.87
2012.07.12 12:41:38.004,1.57978,1.58023,1.26,1.19
2012.07.12 12:41:39.566,1.57983,1.58025,2.18,2.05
2012.07.12 12:41:39.696,1.57978,1.58024,1.44,1.19
2012.07.12 12:41:40.147,1.5798,1.58023,1.74,1.19
2012.07.12 12:41:40.934,1.57982,1.58025,1.82,1.87
2012.07.12 12:41:41.124,1.57982,1.58025,2.01,1.87
2012.07.12 12:41:41.228,1.57982,1.58025,2.01,1.87
2012.07.12 12:41:42.440,1.5798,1.58024,1.93,1.19
2012.07.12 12:41:49.425,1.57981,1.58019,1.26,1.14
2012.07.12 12:41:49.856,1.57974,1.5801,1.32,1.87
2012.07.12 12:41:49.929,1.57972,1.5801,1.13,1.87
2012.07.12 12:41:49.996,1.57973,1.5801,1.13,1.87
2012.07.12 12:41:50.305,1.57981,1.58016,1.07,1.38
2012.07.12 12:41:50.376,1.57981,1.58026,1.26,2.57
2012.07.12 12:41:50.744,1.57981,1.58026,1.26,1.87
2012.07.12 12:41:51.154,1.57981,1.58026,1.26,1.87
2012.07.12 12:41:51.465,1.57985,1.58026,1.07,1.87
2012.07.12 12:41:51.944,1.57986,1.58024,1.62,1.19
2012.07.12 12:41:52.196,1.57987,1.58022,1.74,1.14
2012.07.12 12:41:52.715,1.57987,1.58029,2.68,2.57
2012.07.12 12:41:52.985,1.57987,1.58029,2.68,2.57
2012.07.12 12:41:53.055,1.57987,1.58029,2.68,2.57
2012.07.12 12:42:01.505,1.57991,1.58029,1.07,1.87
2012.07.12 12:42:01.635,1.57996,1.58034,1.07,1.52
2012.07.12 12:42:02.165,1.57994,1.58032,1.93,1.52
2012.07.12 12:42:03.056,1.57994,1.58023,1.43,1.14
2012.07.12 12:42:03.365,1.57994,1.58035,4.29,1.14
2012.07.12 12:42:03.436,1.57996,1.58035,1.07,1.14
2012.07.12 12:42:03.505,1.57996,1.58035,1.26,1.14
2012.07.12 12:42:03.634,1.58003,1.58037,1.43,1.14
2012.07.12 12:42:04.556,1.57996,1.58034,1.26,1.14
2012.07.12 12:42:05.204,1.58002,1.58033,1.62,1.19
2012.07.12 12:42:05.274,1.57994,1.58033,1.93,1.19
2012.07.12 12:42:06.225,1.57994,1.58032,1.93,1.19
2012.07.12 12:42:06.296,1.57994,1.58029,1.74,1.19
2012.07.12 12:42:06.364,1.57985,1.58025,1.03,1.43
2012.07.12 12:42:06.436,1.57983,1.58025,2.21,1.87
2012.07.12 12:42:08.915,1.57983,1.58025,1.07,1.87
2012.07.12 12:42:09.404,1.57987,1.58019,2.18,1.14
2012.07.12 12:42:09.482,1.57992,1.58027,1.07,1.19
2012.07.12 12:42:09.994,1.57992,1.58033,1.07,2.62
2012.07.12 12:42:10.064,1.57992,1.58031,1.07,1.14
2012.07.12 12:42:11.385,1.57983,1.58026,1.26,1.19
2012.07.12 12:42:11.516,1.57983,1.58021,2.06,1.19
2012.07.12 12:42:11.586,1.57983,1.58018,1.26,1.19
2012.07.12 12:42:12.345,1.5798,1.58018,1.26,1.19
2012.07.12 12:42:12.776,1.57985,1.58023,1.93,1.19
2012.07.12 12:42:15.554,1.57985,1.58023,1.43,1.19
2012.07.12 12:42:15.624,1.57982,1.58023,1.07,2.62
2012.07.12 12:42:15.744,1.57982,1.58023,1.26,1.87
2012.07.12 12:42:15.875,1.57986,1.58024,1.93,1.14
2012.07.12 12:42:16.005,1.57986,1.58022,1.74,1.19
2012.07.12 12:42:16.075,1.5798,1.58018,1.12,1.19
2012.07.12 12:42:17.154,1.5798,1.58017,1.12,1.19
2012.07.12 12:42:17.288,1.57976,1.58007,1.56,1.43
2012.07.12 12:42:17.356,1.57974,1.58007,1.12,1.43
2012.07.12 12:42:17.496,1.57971,1.58007,1.87,1.87
2012.07.12 12:42:17.997,1.57972,1.58007,2.01,1.87
2012.07.12 12:42:18.125,1.57976,1.58016,1.07,1.87
2012.07.12 12:42:18.659,1.57976,1.58016,1.87,1.87
2012.07.12 12:42:19.584,1.57977,1.58016,1.50,1.87
2012.07.12 12:42:21.144,1.57977,1.58016,1.56,1.87
2012.07.12 12:42:21.808,1.57978,1.58016,1.07,1.87
2012.07.12 12:42:22.246,1.57977,1.58019,3.43,1.87
2012.07.12 12:42:22.342,1.5798,1.58019,1.07,1.87
2012.07.12 12:42:22.706,1.57979,1.58019,1.07,1.87
2012.07.12 12:42:22.895,1.57986,1.58026,2.18,1.94
2012.07.12 12:42:22.965,1.57987,1.58025,1.07,2.24
2012.07.12 12:42:23.844,1.57986,1.58025,2.01,1.87
2012.07.12 12:42:23.976,1.5799,1.58025,1.07,1.87
2012.07.12 12:42:24.370,1.57992,1.58032,1.07,1.87
2012.07.12 12:42:24.684,1.57992,1.58031,1.07,1.19
2012.07.12 12:42:26.725,1.57992,1.58031,1.07,1.19
2012.07.12 12:42:26.796,1.58001,1.58032,1.26,2.13
2012.07.12 12:42:26.864,1.58002,1.58034,1.93,1.94
2012.07.12 12:42:27.117,1.57991,1.58033,1.82,1.87
2012.07.12 12:42:27.199,1.57991,1.58033,1.82,1.87
2012.07.12 12:42:27.826,1.57991,1.58033,2.01,2.24
2012.07.12 12:42:27.896,1.57995,1.58034,1.93,2.27
2012.07.12 12:42:30.165,1.57998,1.58034,1.07,1.52
2012.07.12 12:42:30.474,1.58005,1.58038,1.07,1.89
2012.07.12 12:42:30.786,1.58001,1.58038,1.26,1.45
2012.07.12 12:42:31.216,1.57997,1.58038,1.44,1.08
2012.07.12 12:42:31.825,1.58002,1.58035,1.07,1.08
2012.07.12 12:42:31.895,1.58004,1.58034,1.43,1.14
2012.07.12 12:42:32.025,1.58,1.5804,1.07,1.19
2012.07.12 12:42:32.096,1.58,1.58041,1.07,1.19
2012.07.12 12:42:32.719,1.58,1.58038,1.07,1.52
2012.07.12 12:42:33.226,1.58,1.58038,1.07,1.52
2012.07.12 12:42:37.746,1.58004,1.58039,1.07,1.57
2012.07.12 12:42:38.055,1.58008,1.58043,1.07,2.62
2012.07.12 12:42:38.380,1.58006,1.58042,1.07,1.19
2012.07.12 12:42:38.687,1.5801,1.58042,2.18,1.19
2012.07.12 12:42:39.326,1.58011,1.58047,1.07,1.19
2012.07.12 12:42:40.497,1.58013,1.58052,1.26,2.62
2012.07.12 12:42:40.686,1.58016,1.58052,1.82,2.24
2012.07.12 12:42:40.756,1.58017,1.58053,1.07,1.19
2012.07.12 12:42:40.966,1.58017,1.58053,1.07,1.19
2012.07.12 12:42:41.157,1.58014,1.58048,1.74,1.13
2012.07.12 12:42:41.466,1.58003,1.58039,1.44,1.50
2012.07.12 12:42:41.536,1.58003,1.58027,1.44,1.62
2012.07.12 12:42:41.786,1.57988,1.58026,1.27,1.09
2012.07.12 12:42:41.977,1.57985,1.58027,1.12,1.95
2012.07.12 12:42:42.167,1.57979,1.58019,1.12,1.62
2012.07.12 12:42:42.567,1.57979,1.58019,1.07,1.62
2012.07.12 12:42:42.696,1.57979,1.58019,1.07,2.05
2012.07.12 12:42:43.433,1.57979,1.58009,1.12,1.43
2012.07.12 12:42:43.509,1.57974,1.58014,1.12,1.43
2012.07.12 12:42:43.576,1.57974,1.58014,1.12,1.62
2012.07.12 12:42:43.825,1.57973,1.58014,1.07,2.05
2012.07.12 12:42:44.017,1.57973,1.58014,1.07,1.62
2012.07.12 12:42:44.326,1.57968,1.58,1.12,1.43
2012.07.12 12:42:44.456,1.57968,1.58,1.87,1.43
2012.07.12 12:42:44.586,1.57968,1.58,1.87,1.62
2012.07.12 12:42:45.216,1.57961,1.58001,1.44,1.95
2012.07.12 12:42:45.536,1.57957,1.57997,1.07,1.62
2012.07.12 12:42:45.606,1.57957,1.57997,1.07,1.62
2012.07.12 12:42:46.297,1.57956,1.57993,1.07,1.50
2012.07.12 12:42:46.607,1.57956,1.57995,1.12,3.22
2012.07.12 12:42:46.917,1.57951,1.57991,1.07,1.09
2012.07.12 12:42:47.606,1.57957,1.57992,1.07,1.28
2012.07.12 12:42:47.768,1.57957,1.57992,1.07,1.28
2012.07.12 12:42:48.136,1.57957,1.57994,1.07,2.18
2012.07.12 12:42:48.714,1.57953,1.57994,1.82,2.62
2012.07.12 12:42:49.107,1.57953,1.57994,2.24,2.62
2012.07.12 12:42:49.666,1.57953,1.57994,2.24,2.18
2012.07.12 12:42:50.917,1.57956,1.57994,1.82,2.18
2012.07.12 12:42:51.474,1.57956,1.57994,1.82,2.18
2012.07.12 12:42:52.129,1.57956,1.57994,1.07,2.18
2012.07.12 12:42:53.666,1.57956,1.57994,2.24,1.80
2012.07.12 12:42:53.806,1.57962,1.57994,1.12,1.80
2012.07.12 12:42:53.996,1.5797,1.58007,1.07,1.83
2012.07.12 12:42:54.390,1.57969,1.58007,1.07,1.13
2012.07.12 12:42:54.635,1.57969,1.5801,1.07,2.62
2012.07.12 12:42:56.166,1.57969,1.58009,1.07,2.80
2012.07.12 12:42:56.296,1.57968,1.58009,1.07,3.14
2012.07.12 12:42:56.828,1.57968,1.58004,1.12,2.05
2012.07.12 12:42:57.755,1.57969,1.58008,1.07,1.19
2012.07.12 12:42:58.516,1.57969,1.58008,1.07,1.38
2012.07.12 12:42:58.706,1.57967,1.58003,1.82,2.05
2012.07.12 12:42:58.777,1.57967,1.58003,1.50,2.05
2012.07.12 12:42:59.028,1.57967,1.58003,1.07,2.24
2012.07.12 12:42:59.094,1.57968,1.58008,1.74,1.19
2012.07.12 12:42:59.525,1.57975,1.58013,1.43,1.57
2012.07.12 12:42:59.655,1.57975,1.58015,1.74,1.19
2012.07.12 12:43:00.205,1.57971,1.58014,2.49,1.15
2012.07.12 12:43:00.335,1.57971,1.58011,1.44,2.05
2012.07.12 12:43:00.645,1.57971,1.58004,1.13,1.87
2012.07.12 12:43:01.194,1.57966,1.58004,1.07,2.05
2012.07.12 12:43:01.445,1.57962,1.58001,1.87,1.19
2012.07.12 12:43:01.517,1.57959,1.57996,1.12,2.24
2012.07.12 12:43:01.585,1.57956,1.57996,1.82,2.05
2012.07.12 12:43:01.655,1.57956,1.57996,1.82,2.05
2012.07.12 12:43:02.170,1.57956,1.57996,1.07,2.05
2012.07.12 12:43:06.055,1.57955,1.57995,1.07,2.05
2012.07.12 12:43:06.794,1.57956,1.57995,1.07,2.05
2012.07.12 12:43:07.344,1.57955,1.57995,1.07,2.05
2012.07.12 12:43:08.085,1.57956,1.57995,1.07,2.05
2012.07.12 12:43:10.517,1.57956,1.57995,1.44,2.05
2012.07.12 12:43:10.585,1.57956,1.57995,1.82,2.05
2012.07.12 12:43:10.895,1.57959,1.57996,1.18,2.05
2012.07.12 12:43:10.968,1.57961,1.57996,1.13,1.87
2012.07.12 12:43:11.095,1.57961,1.57996,1.13,1.87
2012.07.12 12:43:11.599,1.57962,1.58,1.07,1.87
2012.07.12 12:43:11.688,1.5796,1.58,1.07,1.87
2012.07.12 12:43:12.195,1.5796,1.58,1.07,1.87
2012.07.12 12:43:13.795,1.5796,1.57999,1.07,1.72
2012.07.12 12:43:14.368,1.57961,1.57999,1.07,2.05
2012.07.12 12:43:15.436,1.57961,1.57999,1.07,2.05
2012.07.12 12:43:15.506,1.57962,1.57999,1.44,2.05
2012.07.12 12:43:15.576,1.57967,1.58003,1.13,1.19
2012.07.12 12:43:15.884,1.57972,1.58014,1.07,1.38
2012.07.12 12:43:16.135,1.57974,1.58014,1.07,1.19
2012.07.12 12:43:17.525,1.57973,1.58014,1.49,1.19
2012.07.12 12:43:18.038,1.57976,1.58016,1.49,2.05
2012.07.12 12:43:18.107,1.57977,1.58016,1.18,2.05
2012.07.12 12:43:18.595,1.57978,1.58019,1.13,1.19
2012.07.12 12:43:18.726,1.57978,1.58013,1.13,1.19
2012.07.12 12:43:19.366,1.57979,1.58019,1.07,1.19
2012.07.12 12:43:21.905,1.5798,1.58019,1.93,1.19
2012.07.12 12:43:23.639,1.5798,1.58019,2.68,1.19
2012.07.12 12:43:23.945,1.57983,1.58024,1.31,1.19
2012.07.12 12:43:24.485,1.57981,1.58024,1.31,1.19
2012.07.12 12:43:25.035,1.57983,1.58023,1.37,1.19
2012.07.12 12:43:25.629,1.57982,1.58027,2.06,1.87
2012.07.12 12:43:26.303,1.57982,1.58027,2.06,1.87
2012.07.12 12:43:27.929,1.57984,1.58028,2.54,1.19
2012.07.12 12:43:28.865,1.57984,1.58028,2.49,1.19
2012.07.12 12:43:29.442,1.57984,1.58028,2.49,1.19
2012.07.12 12:43:29.985,1.57986,1.58029,1.13,1.87
2012.07.12 12:43:30.054,1.57987,1.58029,1.07,1.87
2012.07.12 12:43:30.125,1.57992,1.5803,1.43,1.38
2012.07.12 12:43:30.677,1.57993,1.58034,1.43,2.08
2012.07.12 12:43:30.744,1.57988,1.5803,1.74,2.05
2012.07.12 12:43:32.126,1.57988,1.5803,1.43,2.05
2012.07.12 12:43:34.825,1.5799,1.58032,1.43,2.05
2012.07.12 12:43:35.587,1.5799,1.58031,1.77,1.19
2012.07.12 12:43:35.906,1.57999,1.58031,1.43,1.19
2012.07.12 12:43:36.097,1.57995,1.58031,1.07,1.19
2012.07.12 12:43:36.165,1.57995,1.58038,1.07,1.57
2012.07.12 12:43:36.235,1.57995,1.58038,2.49,1.57
2012.07.12 12:43:36.748,1.57995,1.58038,1.12,1.57
2012.07.12 12:43:44.617,1.57996,1.58034,1.07,1.19
2012.07.12 12:43:45.169,1.57997,1.58033,1.43,1.19
2012.07.12 12:43:46.795,1.57997,1.58038,1.80,1.72
2012.07.12 12:43:47.106,1.57992,1.58027,1.07,1.04
2012.07.12 12:43:47.176,1.57996,1.58032,1.13,2.39
2012.07.12 12:43:47.486,1.58005,1.58033,1.43,1.53
2012.07.12 12:43:47.556,1.57996,1.58033,2.23,1.53
2012.07.12 12:43:47.628,1.57996,1.58033,2.12,1.53
2012.07.12 12:43:48.055,1.57998,1.5804,1.74,2.05
2012.07.12 12:43:48.185,1.58002,1.5804,1.26,1.87
2012.07.12 12:43:51.687,1.58008,1.58043,1.07,1.33
2012.07.12 12:43:51.996,1.58015,1.58047,1.50,1.87
2012.07.12 12:43:52.245,1.58018,1.58047,1.88,1.87
2012.07.12 12:43:52.605,1.58019,1.58058,1.49,1.72
2012.07.12 12:43:52.675,1.58019,1.58058,1.49,1.72
2012.07.12 12:43:55.096,1.58018,1.58058,1.74,1.38
2012.07.12 12:43:55.225,1.58022,1.58061,1.07,1.97
2012.07.12 12:43:56.639,1.58025,1.58065,2.18,1.33
2012.07.12 12:43:56.709,1.5803,1.5807,1.13,1.87
2012.07.12 12:43:56.776,1.58032,1.5807,1.07,1.87
2012.07.12 12:43:57.275,1.58033,1.58075,1.74,1.33
2012.07.12 12:43:58.516,1.58033,1.5807,1.74,1.14
2012.07.12 12:43:58.974,1.58032,1.58065,1.43,1.14
2012.07.12 12:43:59.045,1.58028,1.58065,1.74,1.14
2012.07.12 12:43:59.493,1.58022,1.58066,1.93,1.14
2012.07.12 12:44:01.465,1.58022,1.58064,1.74,1.75
2012.07.12 12:44:01.594,1.58016,1.5806,1.07,2.05
2012.07.12 12:44:01.785,1.58023,1.58067,1.74,2.75
2012.07.12 12:44:02.497,1.58026,1.58067,1.07,2.05
2012.07.12 12:44:02.566,1.58026,1.58067,1.07,2.75
2012.07.12 12:44:05.107,1.58026,1.5807,1.26,1.14
2012.07.12 12:44:05.547,1.58039,1.5807,1.43,1.14
2012.07.12 12:44:05.796,1.58032,1.58073,1.74,1.57
2012.07.12 12:44:05.925,1.58032,1.58075,1.74,1.14
2012.07.12 12:44:06.365,1.58032,1.58076,1.74,1.14
2012.07.12 12:44:06.436,1.58032,1.58075,1.74,1.14
2012.07.12 12:44:06.758,1.58032,1.58075,1.74,1.33
2012.07.12 12:44:06.885,1.58032,1.58076,1.74,2.08
2012.07.12 12:44:07.016,1.58027,1.58071,1.26,1.87
2012.07.12 12:44:12.259,1.58027,1.58071,1.07,2.05
2012.07.12 12:44:14.627,1.58033,1.58069,1.43,1.19
2012.07.12 12:44:15.147,1.58033,1.58069,1.74,1.19
2012.07.12 12:44:16.745,1.58034,1.58075,1.07,1.14
2012.07.12 12:44:17.004,1.58033,1.58074,1.74,1.19
2012.07.12 12:44:17.650,1.58033,1.58074,1.74,1.19
2012.07.12 12:44:18.163,1.58035,1.58075,1.07,1.14
2012.07.12 12:44:18.575,1.5804,1.58078,1.07,2.05
2012.07.12 12:44:18.645,1.58043,1.58082,1.07,1.34
2012.07.12 12:44:18.775,1.58044,1.58083,1.07,1.15
2012.07.12 12:44:19.255,1.58049,1.58089,1.43,1.38
2012.07.12 12:44:19.325,1.58049,1.58089,1.74,1.19
2012.07.12 12:44:21.685,1.58048,1.58092,1.74,1.64
2012.07.12 12:44:21.755,1.58061,1.58094,1.07,2.32
2012.07.12 12:44:21.826,1.58065,1.58098,1.43,1.14
2012.07.12 12:44:21.954,1.58065,1.58102,1.43,1.48
2012.07.12 12:44:22.505,1.58065,1.58099,1.43,1.19
2012.07.12 12:44:26.596,1.58065,1.58099,1.74,1.19
2012.07.12 12:44:27.256,1.58065,1.58099,1.74,1.19
2012.07.12 12:44:27.447,1.58053,1.58093,2.42,1.45
2012.07.12 12:44:27.696,1.58051,1.58091,1.07,1.64
2012.07.12 12:44:27.765,1.58048,1.58088,2.08,1.19
2012.07.12 12:44:31.637,1.58048,1.58088,1.74,1.38
2012.07.12 12:44:31.710,1.58045,1.58083,1.07,1.38
2012.07.12 12:44:33.356,1.58047,1.58085,1.07,1.43
2012.07.12 12:44:33.965,1.58049,1.58088,1.74,1.19
2012.07.12 12:44:38.996,1.58051,1.58086,1.74,1.19
2012.07.12 12:44:39.125,1.58048,1.58089,1.74,1.53
2012.07.12 12:44:39.519,1.58052,1.58093,1.07,1.38
2012.07.12 12:44:40.067,1.58052,1.58093,1.07,1.38
2012.07.12 12:44:42.186,1.58052,1.58093,1.07,1.38
2012.07.12 12:44:43.956,1.58052,1.58089,1.07,1.19
2012.07.12 12:44:44.995,1.58052,1.58091,1.07,1.85
2012.07.12 12:44:47.277,1.58055,1.58093,1.74,1.14
2012.07.12 12:44:47.984,1.58055,1.58098,1.74,2.27
2012.07.12 12:44:50.146,1.58055,1.58093,1.74,1.14
2012.07.12 12:44:50.706,1.58055,1.58092,1.74,1.08
2012.07.12 12:44:51.248,1.58055,1.58093,1.74,1.14
2012.07.12 12:44:52.053,1.58055,1.58095,1.74,1.14
2012.07.12 12:44:52.884,1.58055,1.58093,1.74,1.19
2012.07.12 12:44:53.134,1.58049,1.58088,1.74,1.33
2012.07.12 12:44:53.204,1.58049,1.58087,1.74,1.38
2012.07.12 12:44:53.325,1.58049,1.58086,1.74,1.13
2012.07.12 12:44:53.646,1.58049,1.58086,1.74,1.45
2012.07.12 12:44:53.774,1.58049,1.58085,1.74,1.45
2012.07.12 12:44:54.617,1.58049,1.58086,1.74,1.83
2012.07.12 12:44:55.445,1.58049,1.58086,1.74,1.83
2012.07.12 12:44:55.574,1.58049,1.58083,1.74,1.38
2012.07.12 12:44:55.886,1.58046,1.58082,1.07,1.45
2012.07.12 12:44:57.366,1.58044,1.58082,1.74,1.64
2012.07.12 12:44:58.235,1.58051,1.58083,1.43,1.33
2012.07.12 12:44:58.306,1.58051,1.58088,1.74,1.14
2012.07.12 12:44:58.435,1.58051,1.5809,1.74,1.34
2012.07.12 12:44:59.257,1.58051,1.58089,1.74,1.53
2012.07.12 12:44:59.445,1.58051,1.58089,1.74,1.19
2012.07.12 12:44:59.579,1.58051,1.58089,1.74,1.89
2012.07.12 12:45:00.067,1.58056,1.58088,1.43,1.14
2012.07.12 12:45:02.238,1.58056,1.58092,1.43,1.08
2012.07.12 12:45:02.314,1.58056,1.58092,1.43,1.83
2012.07.12 12:45:02.505,1.58056,1.58094,1.43,3.39
2012.07.12 12:45:02.576,1.58052,1.58091,1.43,1.52
2012.07.12 12:45:02.648,1.58056,1.58091,1.43,1.52
2012.07.12 12:45:03.197,1.58056,1.58092,1.43,1.52
2012.07.12 12:45:06.765,1.58056,1.58091,1.43,1.89
2012.07.12 12:45:06.835,1.58056,1.58091,1.43,1.14
2012.07.12 12:45:07.599,1.58056,1.58091,1.43,1.89
2012.07.12 12:45:07.665,1.58056,1.58091,1.43,1.14
2012.07.12 12:45:08.049,1.58056,1.58091,1.43,1.89
2012.07.12 12:45:08.404,1.58056,1.58091,1.43,1.89
2012.07.12 12:45:08.534,1.58048,1.58083,2.31,1.19
2012.07.12 12:45:08.610,1.58048,1.58083,1.93,1.19
2012.07.12 12:45:09.045,1.58048,1.58083,1.93,1.19
2012.07.12 12:45:09.115,1.58048,1.58084,1.93,1.19
2012.07.12 12:45:11.308,1.58048,1.58083,1.74,1.19
2012.07.12 12:45:11.376,1.58048,1.58083,1.74,1.19
2012.07.12 12:45:12.910,1.58048,1.58083,1.74,1.19
2012.07.12 12:45:13.277,1.58048,1.58083,1.74,1.19
2012.07.12 12:45:15.035,1.58048,1.58083,2.12,1.19
2012.07.12 12:45:15.197,1.58049,1.58083,1.07,1.19
2012.07.12 12:45:15.264,1.58049,1.58083,1.87,1.19
2012.07.12 12:45:15.504,1.58048,1.58083,2.54,1.19
2012.07.12 12:45:16.357,1.58048,1.58086,1.74,1.19
2012.07.12 12:45:16.544,1.58053,1.58088,1.43,1.19
2012.07.12 12:45:17.908,1.58053,1.58086,1.43,1.19
2012.07.12 12:45:18.444,1.58053,1.58086,1.43,1.19
2012.07.12 12:45:18.796,1.58047,1.58083,1.93,1.53
2012.07.12 12:45:18.925,1.58047,1.58084,1.93,1.09
2012.07.12 12:45:19.439,1.58053,1.58087,1.74,1.19
2012.07.12 12:45:21.196,1.58053,1.58089,1.74,1.19
2012.07.12 12:45:22.288,1.58053,1.58089,1.74,1.19
2012.07.12 12:45:28.715,1.58053,1.58088,1.74,1.19
2012.07.12 12:45:29.675,1.58053,1.58089,1.74,1.53
2012.07.12 12:45:29.888,1.58053,1.58088,1.74,1.19
2012.07.12 12:45:30.386,1.58049,1.58082,1.74,1.08
2012.07.12 12:45:30.696,1.58044,1.58071,1.74,1.32
2012.07.12 12:45:30.827,1.58043,1.58072,1.07,1.80
2012.07.12 12:45:31.074,1.58035,1.58073,1.89,2.58
2012.07.12 12:45:31.146,1.58035,1.58073,1.89,2.58
2012.07.12 12:45:31.215,1.58035,1.58073,1.89,1.57
2012.07.12 12:45:31.481,1.58035,1.58079,1.74,4.64
2012.07.12 12:45:31.785,1.58035,1.58071,1.74,2.13
2012.07.12 12:45:32.095,1.58036,1.58071,1.74,1.89
2012.07.12 12:45:32.226,1.58036,1.58077,1.74,1.67
2012.07.12 12:45:32.476,1.58041,1.58076,1.43,1.33
2012.07.12 12:45:32.873,1.58041,1.58079,1.43,1.38
2012.07.12 12:45:32.948,1.58041,1.58079,1.74,1.38
2012.07.12 12:45:33.075,1.58041,1.58079,1.43,1.38
2012.07.12 12:45:33.626,1.5804,1.5808,2.49,1.33
2012.07.12 12:45:33.816,1.5804,1.58078,1.74,1.38
2012.07.12 12:45:33.886,1.58035,1.58075,1.07,2.05
2012.07.12 12:45:34.157,1.58032,1.58075,1.07,2.05
2012.07.12 12:45:34.285,1.58032,1.58073,1.07,1.14
2012.07.12 12:45:34.418,1.58026,1.58069,3.24,1.19
2012.07.12 12:45:34.548,1.58031,1.58069,1.74,1.19
2012.07.12 12:45:34.615,1.58031,1.58069,1.74,1.38
2012.07.12 12:45:34.866,1.58031,1.58069,1.74,1.38
2012.07.12 12:45:34.936,1.58031,1.58069,1.43,1.19
2012.07.12 12:45:35.186,1.58034,1.58069,1.43,1.19
2012.07.12 12:45:35.376,1.58034,1.58069,1.74,1.19
2012.07.12 12:45:35.506,1.58034,1.58069,1.43,1.19
2012.07.12 12:45:36.395,1.58034,1.5807,1.43,1.14
2012.07.12 12:45:38.976,1.58034,1.58071,1.74,1.14
2012.07.12 12:45:39.165,1.58034,1.58071,2.49,1.14
2012.07.12 12:45:39.568,1.58038,1.58077,1.77,1.90
2012.07.12 12:45:39.646,1.58038,1.58077,2.08,1.38
2012.07.12 12:45:41.406,1.5804,1.58078,1.07,1.12
2012.07.12 12:45:41.646,1.58045,1.58078,1.43,1.12
2012.07.12 12:45:42.296,1.58039,1.58078,1.74,1.87
2012.07.12 12:45:42.382,1.58044,1.58078,1.43,1.87
2012.07.12 12:45:42.588,1.58041,1.58078,1.43,1.87
2012.07.12 12:45:43.919,1.5804,1.58079,1.74,1.38
2012.07.12 12:45:44.224,1.58041,1.58082,2.18,1.33
2012.07.12 12:45:46.454,1.58041,1.58078,1.43,1.38
2012.07.12 12:45:47.765,1.58041,1.58082,2.18,1.33
2012.07.12 12:45:48.332,1.58043,1.58081,1.43,1.38
2012.07.12 12:45:48.535,1.58044,1.58084,1.18,1.38
2012.07.12 12:45:48.726,1.58047,1.58088,1.43,1.12
2012.07.12 12:45:48.795,1.58047,1.58088,1.74,1.12
2012.07.12 12:45:49.138,1.58049,1.58089,1.74,1.72
2012.07.12 12:45:51.515,1.58046,1.58082,2.49,1.14
2012.07.12 12:45:51.766,1.58042,1.58081,2.94,1.14
2012.07.12 12:45:52.410,1.58045,1.58082,1.74,1.14
2012.07.12 12:45:54.486,1.58045,1.58082,1.74,1.14
2012.07.12 12:45:56.396,1.58045,1.58082,1.93,1.14
2012.07.12 12:45:56.585,1.58056,1.58082,1.43,1.14
2012.07.12 12:45:57.293,1.58056,1.58089,1.43,1.14
2012.07.12 12:45:57.434,1.58056,1.58091,1.43,1.52
2012.07.12 12:45:59.437,1.58055,1.58092,1.43,1.52
2012.07.12 12:45:59.623,1.58055,1.58092,1.74,1.52
2012.07.12 12:45:59.744,1.58055,1.58092,1.43,1.52
2012.07.12 12:46:00.025,1.58055,1.58092,1.74,1.52
2012.07.12 12:46:01.354,1.58057,1.58091,1.07,1.14
2012.07.12 12:46:01.484,1.58057,1.58092,1.07,1.14
2012.07.12 12:46:04.487,1.58052,1.58089,1.13,1.19
2012.07.12 12:46:05.014,1.58052,1.58089,1.13,1.38
2012.07.12 12:46:05.684,1.58052,1.58091,1.93,1.14
2012.07.12 12:46:05.755,1.58055,1.58091,1.44,1.14
2012.07.12 12:46:07.823,1.58057,1.58099,1.07,1.72
2012.07.12 12:46:08.503,1.58057,1.58099,1.07,1.72
2012.07.12 12:46:08.933,1.5806,1.581,1.43,1.67
2012.07.12 12:46:09.703,1.58057,1.58098,1.07,1.72
2012.07.12 12:46:11.006,1.58059,1.58089,1.43,1.19
2012.07.12 12:46:11.785,1.58057,1.58093,1.07,1.19
2012.07.12 12:46:17.229,1.58057,1.58091,1.44,1.14
2012.07.12 12:46:17.735,1.58059,1.58092,1.43,1.14
2012.07.12 12:46:18.944,1.58054,1.58088,1.82,1.19
2012.07.12 12:46:19.075,1.58052,1.58088,1.07,1.19
2012.07.12 12:46:19.385,1.58051,1.58085,3.67,1.19
2012.07.12 12:46:19.454,1.58051,1.58089,3.67,1.38
2012.07.12 12:46:19.997,1.58051,1.58085,3.67,1.19
2012.07.12 12:46:20.936,1.58051,1.58089,3.67,1.38
2012.07.12 12:46:24.174,1.58051,1.58089,2.49,1.19
2012.07.12 12:46:24.684,1.58051,1.58089,2.12,1.19
2012.07.12 12:46:24.987,1.58053,1.58084,1.74,1.09
2012.07.12 12:46:25.055,1.58051,1.58084,1.43,1.53
2012.07.12 12:46:28.795,1.58055,1.58088,1.43,3.18
2012.07.12 12:46:28.865,1.58052,1.58088,1.43,3.18
2012.07.12 12:46:29.315,1.58055,1.58089,1.43,1.38
2012.07.12 12:46:29.834,1.58055,1.58089,1.43,1.38
2012.07.12 12:46:30.816,1.58054,1.58089,1.43,1.38
2012.07.12 12:46:31.496,1.58051,1.58087,1.43,1.08
2012.07.12 12:46:32.287,1.58051,1.58087,1.43,1.08
2012.07.12 12:46:32.844,1.5806,1.58092,1.43,2.98
2012.07.12 12:46:33.034,1.58051,1.58092,2.49,3.17
2012.07.12 12:46:33.105,1.58051,1.58092,2.18,3.17
2012.07.12 12:46:33.235,1.58054,1.58092,1.07,1.33
2012.07.12 12:46:33.447,1.58059,1.58091,1.43,1.14
2012.07.12 12:46:34.707,1.58059,1.58091,1.43,1.14
2012.07.12 12:46:34.835,1.58052,1.58091,1.43,1.14
2012.07.12 12:46:34.964,1.5806,1.58091,1.43,1.33
2012.07.12 12:46:35.094,1.5806,1.58092,1.43,1.14
2012.07.12 12:46:35.555,1.58062,1.58092,1.43,1.14
2012.07.12 12:46:35.625,1.5806,1.58092,1.43,1.14
2012.07.12 12:46:36.865,1.58062,1.58091,1.43,1.14
2012.07.12 12:46:37.206,1.58064,1.58091,1.43,1.14
2012.07.12 12:46:37.425,1.58062,1.58092,1.43,1.14
2012.07.12 12:46:37.615,1.58059,1.58092,1.43,1.14
2012.07.12 12:46:40.895,1.58052,1.58091,2.49,1.14
2012.07.12 12:46:41.025,1.5806,1.58091,1.43,1.14
2012.07.12 12:46:41.098,1.58058,1.58091,1.43,1.14
2012.07.12 12:46:41.225,1.58052,1.58091,1.07,1.14
2012.07.12 12:46:41.545,1.58059,1.58092,1.43,1.14
2012.07.12 12:46:41.986,1.58052,1.58092,1.26,1.14
2012.07.12 12:46:42.114,1.58051,1.58092,1.26,1.14
2012.07.12 12:46:42.426,1.58051,1.58091,1.07,1.14
2012.07.12 12:46:43.575,1.58048,1.58089,4.04,1.19
2012.07.12 12:46:45.625,1.58052,1.58091,1.43,1.14
2012.07.12 12:46:46.378,1.58049,1.58089,1.87,1.19
2012.07.12 12:46:46.982,1.58051,1.58091,1.07,1.14
2012.07.12 12:46:47.640,1.58049,1.58089,1.87,1.19
2012.07.12 12:46:48.188,1.58051,1.58092,1.07,1.14
2012.07.12 12:46:48.938,1.58052,1.58092,1.13,1.14
2012.07.12 12:46:49.065,1.5806,1.58092,1.43,1.14
2012.07.12 12:46:49.195,1.5806,1.58092,1.43,1.14
2012.07.12 12:46:49.267,1.58062,1.58092,1.43,1.14
2012.07.12 12:46:49.747,1.58062,1.58104,1.80,2.05
2012.07.12 12:46:49.815,1.58062,1.58104,1.43,2.05
2012.07.12 12:46:49.975,1.58062,1.58104,1.74,2.05
2012.07.12 12:46:50.916,1.58062,1.58104,1.74,2.39
2012.07.12 12:46:51.245,1.58059,1.58103,1.43,2.20
2012.07.12 12:46:53.326,1.58059,1.58103,2.18,2.20
2012.07.12 12:46:53.634,1.58059,1.58103,1.43,2.39
2012.07.12 12:46:53.704,1.58059,1.58103,1.74,2.39
2012.07.12 12:46:53.895,1.58059,1.581,1.43,1.12
2012.07.12 12:46:54.216,1.58059,1.581,1.43,1.12
2012.07.12 12:47:00.855,1.58059,1.58092,1.43,1.14
2012.07.12 12:47:01.915,1.58064,1.581,1.43,1.12
2012.07.12 12:47:02.046,1.58059,1.581,1.43,1.12
2012.07.12 12:47:02.406,1.58059,1.581,1.43,1.12
2012.07.12 12:47:02.705,1.58056,1.581,2.55,1.12
2012.07.12 12:47:03.385,1.58056,1.58099,1.80,1.68
2012.07.12 12:47:03.455,1.58059,1.581,1.43,1.12
2012.07.12 12:47:04.846,1.58061,1.581,1.43,1.12
2012.07.12 12:47:09.103,1.58061,1.58092,1.43,1.14
2012.07.12 12:47:09.356,1.58056,1.58092,1.80,1.14
2012.07.12 12:47:14.574,1.58057,1.581,1.18,1.12
2012.07.12 12:47:14.703,1.58057,1.581,1.18,1.12
2012.07.12 12:47:15.537,1.58057,1.581,1.18,1.12
2012.07.12 12:47:15.725,1.58061,1.58101,1.93,2.35
2012.07.12 12:47:15.867,1.58064,1.58103,1.50,1.67
2012.07.12 12:47:16.144,1.58064,1.58103,1.50,1.12
2012.07.12 12:47:16.955,1.58063,1.58103,3.73,1.12
2012.07.12 12:47:17.356,1.58063,1.58106,2.55,1.23
2012.07.12 12:47:17.544,1.58063,1.58106,2.68,1.27
2012.07.12 12:47:17.615,1.58069,1.58106,1.43,1.27
2012.07.12 12:47:18.125,1.58069,1.58104,1.43,1.14
2012.07.12 12:47:18.453,1.58069,1.58106,2.18,1.52
2012.07.12 12:47:18.938,1.58069,1.58106,1.43,1.14
2012.07.12 12:47:19.931,1.58069,1.58105,1.43,1.19
2012.07.12 12:47:20.356,1.58071,1.58105,1.43,1.19
2012.07.12 12:47:20.809,1.58071,1.58106,1.43,1.52
2012.07.12 12:47:20.873,1.58071,1.58105,1.43,1.19
2012.07.12 12:47:21.394,1.58071,1.58106,2.23,1.13
2012.07.12 12:47:21.526,1.58072,1.58107,1.18,1.15
2012.07.12 12:47:21.594,1.58075,1.58108,1.43,1.62
2012.07.12 12:47:21.904,1.58079,1.58114,1.80,1.47
2012.07.12 12:47:22.348,1.58079,1.58114,2.55,1.47
2012.07.12 12:47:22.664,1.58079,1.58114,1.43,2.17
2012.07.12 12:47:22.734,1.58079,1.58114,2.18,1.42
2012.07.12 12:47:22.956,1.58079,1.58114,1.43,1.42
2012.07.12 12:47:23.564,1.58074,1.58114,2.37,1.42
2012.07.12 12:47:23.635,1.58074,1.58113,1.62,1.19
2012.07.12 12:47:24.021,1.58079,1.58114,1.43,2.92
2012.07.12 12:47:24.374,1.58079,1.58114,2.18,2.92
2012.07.12 12:47:25.413,1.58079,1.58114,1.43,2.92
2012.07.12 12:47:25.474,1.58074,1.58114,2.18,2.54
2012.07.12 12:47:25.731,1.58074,1.58114,2.18,1.14
2012.07.12 12:47:25.795,1.58081,1.58114,2.18,1.14
2012.07.12 12:47:25.865,1.58081,1.58115,2.18,1.52
2012.07.12 12:47:27.885,1.58082,1.58117,1.43,1.08
2012.07.12 12:47:29.103,1.58082,1.58114,1.43,2.28
2012.07.12 12:47:29.534,1.58073,1.58114,1.49,2.92
2012.07.12 12:47:29.604,1.58073,1.58114,1.18,3.35
2012.07.12 12:47:30.435,1.58079,1.58114,1.43,1.14
2012.07.12 12:47:30.985,1.58079,1.58119,1.43,1.33
2012.07.12 12:47:31.294,1.58073,1.58118,2.31,1.89
2012.07.12 12:47:31.914,1.58073,1.58118,3.06,1.14
2012.07.12 12:47:32.474,1.58073,1.58118,2.31,1.14
2012.07.12 12:47:32.544,1.58073,1.58118,2.12,1.14
2012.07.12 12:47:32.986,1.58076,1.58118,1.13,1.14
2012.07.12 12:47:33.056,1.58075,1.58119,1.07,1.19
2012.07.12 12:47:33.375,1.58089,1.58126,1.80,1.57
2012.07.12 12:47:33.685,1.58086,1.58127,1.07,2.70
2012.07.12 12:47:33.934,1.58084,1.58127,1.07,2.39
2012.07.12 12:47:34.444,1.58083,1.58127,1.56,2.39
2012.07.12 12:47:35.004,1.58083,1.58127,1.13,2.39
2012.07.12 12:47:35.654,1.58081,1.58122,2.55,1.14
2012.07.12 12:47:35.784,1.58081,1.58121,2.49,1.14
2012.07.12 12:47:35.845,1.58081,1.58127,2.49,3.09
2012.07.12 12:47:36.034,1.58081,1.58127,2.18,3.09
2012.07.12 12:47:36.375,1.58081,1.58127,2.18,2.39
2012.07.12 12:47:36.564,1.58088,1.58128,1.43,1.33
2012.07.12 12:47:36.896,1.58088,1.58123,1.43,1.19
2012.07.12 12:47:37.085,1.58083,1.58119,1.43,1.19
2012.07.12 12:47:37.216,1.58076,1.58119,1.07,1.19
2012.07.12 12:47:37.344,1.58075,1.58119,2.98,1.19
2012.07.12 12:47:37.474,1.58075,1.58119,1.43,1.38
2012.07.12 12:47:39.075,1.58075,1.58119,1.74,1.38
2012.07.12 12:47:39.397,1.58084,1.58121,1.43,1.85
2012.07.12 12:47:39.745,1.58092,1.58121,1.43,1.48
2012.07.12 12:47:39.839,1.58083,1.58121,1.43,1.48
2012.07.12 12:47:41.665,1.58081,1.58122,1.43,1.15
2012.07.12 12:47:42.035,1.58081,1.58127,2.18,4.40
2012.07.12 12:47:42.600,1.58081,1.58127,2.18,4.40
2012.07.12 12:47:43.588,1.58081,1.58127,2.49,1.87
2012.07.12 12:47:46.584,1.58083,1.58127,1.07,2.05
2012.07.12 12:47:46.895,1.58096,1.58132,1.43,1.72
2012.07.12 12:47:46.965,1.58092,1.58132,1.07,1.28
2012.07.12 12:47:47.318,1.58092,1.58132,1.26,1.09
2012.07.12 12:47:47.445,1.5809,1.58131,2.37,1.19
2012.07.12 12:47:47.515,1.5809,1.58131,2.18,1.19
2012.07.12 12:47:48.137,1.5809,1.58128,1.43,1.19
2012.07.12 12:47:48.506,1.58084,1.58126,1.59,1.58
2012.07.12 12:47:48.929,1.58082,1.58126,3.24,2.35
2012.07.12 12:47:49.707,1.58082,1.58119,2.49,1.09
2012.07.12 12:47:49.775,1.58082,1.58119,1.74,1.28
2012.07.12 12:47:49.905,1.58079,1.5812,1.88,2.39
2012.07.12 12:47:50.155,1.58084,1.58126,1.07,2.20
2012.07.12 12:47:50.225,1.58083,1.58126,2.12,1.77
2012.07.12 12:47:50.294,1.58083,1.58126,1.74,2.35
2012.07.12 12:47:51.886,1.58085,1.58127,1.43,2.69
2012.07.12 12:47:52.528,1.58086,1.58127,2.18,1.27
2012.07.12 12:47:53.054,1.58086,1.58127,2.18,1.27
2012.07.12 12:47:54.644,1.58085,1.58125,1.43,1.33
2012.07.12 12:47:54.715,1.58088,1.58125,1.43,1.33
2012.07.12 12:47:55.027,1.5809,1.58124,1.43,1.19
2012.07.12 12:47:55.426,1.58095,1.58125,1.43,1.33
2012.07.12 12:47:55.734,1.58103,1.58125,1.43,1.14
2012.07.12 12:47:55.986,1.58103,1.58128,1.43,1.19
2012.07.12 12:47:56.577,1.58094,1.58133,3.11,1.19
2012.07.12 12:47:56.708,1.58094,1.58133,2.92,1.19
2012.07.12 12:47:58.344,1.58094,1.58133,2.54,1.89
2012.07.12 12:47:58.625,1.58094,1.58133,2.54,1.14
2012.07.12 12:47:59.315,1.58099,1.58139,1.80,1.38
2012.07.12 12:47:59.385,1.58099,1.58143,1.80,2.08
2012.07.12 12:47:59.514,1.581,1.58143,2.12,1.89
2012.07.12 12:47:59.704,1.58102,1.58141,1.07,1.19
2012.07.12 12:48:00.016,1.5811,1.58143,2.18,1.19
2012.07.12 12:48:00.339,1.58123,1.58145,1.13,1.19
2012.07.12 12:48:00.654,1.58124,1.58151,1.18,1.13
2012.07.12 12:48:00.965,1.58125,1.58154,1.13,1.79
2012.07.12 12:48:01.456,1.58124,1.58157,1.13,1.19
2012.07.12 12:48:01.586,1.5812,1.58157,1.14,1.19
2012.07.12 12:48:01.776,1.58118,1.58153,1.43,1.19
2012.07.12 12:48:01.905,1.58118,1.58151,1.43,1.19
2012.07.12 12:48:02.095,1.58108,1.58141,1.49,2.37
2012.07.12 12:48:02.164,1.58108,1.58141,1.49,1.62
2012.07.12 12:48:02.235,1.58117,1.58148,1.43,1.50
2012.07.12 12:48:02.964,1.58117,1.58148,1.43,1.19
2012.07.12 12:48:03.245,1.58117,1.58153,1.43,1.19
2012.07.12 12:48:03.966,1.58117,1.58154,1.43,1.19
2012.07.12 12:48:04.155,1.58113,1.58154,1.93,1.89
2012.07.12 12:48:04.226,1.58118,1.58154,1.43,1.89
2012.07.12 12:48:04.294,1.58118,1.58154,1.43,1.89
2012.07.12 12:48:04.958,1.5811,1.5815,1.62,1.19
2012.07.12 12:48:05.048,1.5811,1.5815,1.43,1.19
2012.07.12 12:48:05.924,1.5811,1.5815,1.43,1.19
2012.07.12 12:48:06.174,1.5811,1.5815,1.43,1.19
2012.07.12 12:48:06.246,1.58118,1.5815,1.43,1.19
2012.07.12 12:48:07.715,1.58118,1.58154,1.43,1.45
2012.07.12 12:48:08.060,1.58118,1.58154,1.43,1.45
2012.07.12 12:48:09.655,1.58118,1.58155,1.43,1.19
2012.07.12 12:48:09.903,1.58118,1.58155,1.43,1.19
2012.07.12 12:48:11.073,1.58118,1.58155,1.43,1.89
2012.07.12 12:48:11.277,1.58116,1.58155,1.43,1.89
2012.07.12 12:48:11.404,1.58118,1.58155,1.43,1.19
2012.07.12 12:48:11.745,1.5811,1.58155,1.93,2.62
2012.07.12 12:48:11.875,1.5811,1.58149,1.43,1.19
2012.07.12 12:48:11.945,1.5811,1.58149,1.43,1.19
2012.07.12 12:48:12.076,1.58118,1.5815,1.43,1.19
2012.07.12 12:48:18.473,1.58116,1.5815,1.74,1.19
2012.07.12 12:48:18.991,1.58118,1.5815,1.43,1.19
2012.07.12 12:48:21.666,1.58109,1.58148,3.06,1.19
2012.07.12 12:48:21.736,1.58118,1.58149,1.74,1.19
2012.07.12 12:48:22.046,1.58118,1.58141,1.43,1.19
2012.07.12 12:48:22.115,1.58107,1.58141,1.74,1.19
2012.07.12 12:48:22.965,1.58107,1.58141,1.74,1.19
2012.07.12 12:48:27.369,1.58099,1.58137,2.46,1.19
2012.07.12 12:48:28.184,1.58099,1.58138,2.49,1.19
2012.07.12 12:48:28.314,1.58099,1.58139,2.87,1.38
2012.07.12 12:48:28.664,1.581,1.58135,1.74,1.19
2012.07.12 12:48:28.735,1.58108,1.5814,1.43,1.38
2012.07.12 12:48:29.045,1.58108,1.58138,1.43,1.19
2012.07.12 12:48:29.114,1.58102,1.58138,1.74,1.19
2012.07.12 12:48:29.184,1.58102,1.58139,1.74,1.19
2012.07.12 12:48:29.314,1.58107,1.58139,1.74,1.19
2012.07.12 12:48:32.705,1.58107,1.58144,1.93,1.19
2012.07.12 12:48:33.034,1.58108,1.58142,1.93,1.19
2012.07.12 12:48:34.694,1.58111,1.58142,1.07,1.19
2012.07.12 12:48:35.004,1.58113,1.58144,1.07,1.19
2012.07.12 12:48:35.234,1.58113,1.58148,1.07,1.38
2012.07.12 12:48:35.623,1.58114,1.58146,1.07,1.38
2012.07.12 12:48:37.555,1.58111,1.58144,1.12,1.19
2012.07.12 12:48:37.626,1.58108,1.58144,1.74,1.19
2012.07.12 12:48:39.964,1.58108,1.58144,1.74,1.19
2012.07.12 12:48:41.025,1.58111,1.58144,1.07,1.19
2012.07.12 12:48:41.095,1.58114,1.58144,1.43,1.19
2012.07.12 12:48:41.345,1.58108,1.58148,1.74,1.38
2012.07.12 12:48:44.128,1.58108,1.58148,1.74,2.08
2012.07.12 12:48:44.635,1.58108,1.58146,1.43,1.19
2012.07.12 12:48:45.423,1.58108,1.58144,1.43,1.45
2012.07.12 12:48:46.425,1.58108,1.58144,1.43,1.45
2012.07.12 12:48:46.674,1.58108,1.58145,1.43,1.89
2012.07.12 12:48:47.165,1.58108,1.58145,1.43,1.89
2012.07.12 12:48:48.328,1.58108,1.58144,1.43,1.45
2012.07.12 12:48:49.464,1.58108,1.58145,1.43,1.89
2012.07.12 12:48:53.163,1.58108,1.58144,1.43,1.19
2012.07.12 12:48:53.345,1.581,1.5814,2.18,1.38
2012.07.12 12:48:53.785,1.581,1.58142,1.93,1.19
2012.07.12 12:48:53.856,1.58107,1.58145,1.43,1.09
2012.07.12 12:48:55.475,1.58107,1.58145,1.43,1.79
2012.07.12 12:48:55.626,1.58107,1.58145,1.43,1.79
2012.07.12 12:48:56.615,1.58107,1.58145,1.43,1.79
2012.07.12 12:48:58.388,1.58107,1.58145,1.43,1.09
2012.07.12 12:48:59.926,1.58107,1.58145,1.43,1.79
2012.07.12 12:49:00.175,1.58102,1.58141,1.07,1.38
2012.07.12 12:49:00.245,1.58108,1.58141,1.43,1.38
2012.07.12 12:49:00.807,1.58102,1.58145,1.44,3.40
2012.07.12 12:49:00.877,1.58108,1.58142,1.43,1.19
2012.07.12 12:49:01.185,1.58103,1.58142,1.74,1.89
2012.07.12 12:49:01.534,1.58096,1.58139,1.93,1.19
2012.07.12 12:49:02.035,1.58096,1.58135,1.74,1.45
2012.07.12 12:49:02.286,1.58096,1.58134,1.74,1.45
2012.07.12 12:49:02.416,1.58096,1.58138,1.74,1.64
2012.07.12 12:49:02.485,1.58099,1.58141,1.07,1.38
2012.07.12 12:49:02.555,1.581,1.58141,1.07,1.38
2012.07.12 12:49:02.845,1.581,1.58141,1.07,1.38
2012.07.12 12:49:02.916,1.581,1.58141,1.07,1.38
2012.07.12 12:49:03.285,1.58096,1.58135,1.07,2.37
2012.07.12 12:49:03.416,1.58094,1.58135,1.07,2.37
2012.07.12 12:49:03.486,1.58094,1.58134,1.07,1.38
2012.07.12 12:49:03.555,1.58094,1.58132,1.07,2.37
2012.07.12 12:49:04.476,1.58093,1.58134,1.43,2.08
2012.07.12 12:49:05.414,1.58093,1.58134,1.43,2.08
2012.07.12 12:49:06.186,1.58093,1.58134,2.55,2.08
2012.07.12 12:49:06.255,1.58093,1.58134,3.21,1.45
2012.07.12 12:49:06.444,1.58097,1.58138,1.43,1.38
2012.07.12 12:49:11.357,1.58099,1.58144,1.18,1.38
2012.07.12 12:49:11.941,1.58099,1.58144,1.18,1.38
2012.07.12 12:49:12.625,1.58098,1.58144,1.87,1.38
2012.07.12 12:49:12.965,1.58098,1.58139,1.56,1.38
2012.07.12 12:49:13.491,1.58098,1.58139,1.18,1.38
2012.07.12 12:49:21.374,1.58099,1.58139,1.18,1.38
2012.07.12 12:49:22.481,1.58098,1.58139,1.18,1.38
2012.07.12 12:49:25.939,1.58104,1.58139,1.13,1.38
2012.07.12 12:49:26.246,1.58105,1.58143,1.93,2.62
2012.07.12 12:49:26.375,1.58105,1.58144,2.98,1.19
2012.07.12 12:49:26.745,1.58105,1.58143,2.23,1.19
2012.07.12 12:49:26.874,1.58098,1.58139,1.18,1.19
2012.07.12 12:49:27.434,1.58098,1.58139,1.18,1.19
2012.07.12 12:49:28.187,1.58098,1.58139,1.18,1.19
2012.07.12 12:49:31.294,1.58099,1.58139,1.56,1.19
2012.07.12 12:49:32.597,1.58099,1.58139,1.56,1.19
2012.07.12 12:49:39.394,1.58098,1.58139,1.18,1.19
2012.07.12 12:49:41.126,1.58098,1.58139,1.18,1.19
2012.07.12 12:49:42.064,1.58097,1.58139,1.80,1.19
2012.07.12 12:49:42.195,1.58097,1.58139,1.80,2.34
2012.07.12 12:49:42.506,1.58084,1.58126,1.22,2.52
2012.07.12 12:49:42.576,1.58083,1.58126,1.63,2.52
2012.07.12 12:49:43.158,1.58083,1.58123,1.63,1.19
2012.07.12 12:49:43.229,1.58079,1.58119,1.18,1.19
2012.07.12 12:49:43.795,1.58079,1.58119,1.18,1.19
2012.07.12 12:49:44.815,1.58079,1.58122,2.24,2.05
2012.07.12 12:49:45.325,1.58083,1.58124,1.80,1.53
2012.07.12 12:49:45.735,1.58083,1.5812,1.80,1.19
2012.07.12 12:49:46.376,1.58078,1.58118,1.37,1.19
2012.07.12 12:49:48.076,1.58079,1.58118,1.56,1.19
2012.07.12 12:49:49.007,1.58079,1.58121,1.56,1.87
2012.07.12 12:49:49.134,1.58079,1.58121,1.87,1.87
2012.07.12 12:49:49.645,1.58082,1.58123,2.23,1.34
2012.07.12 12:49:59.497,1.58082,1.5812,2.23,1.19
2012.07.12 12:49:59.685,1.58082,1.5812,1.43,1.19
2012.07.12 12:49:59.995,1.58082,1.58118,1.43,1.19
2012.07.12 12:50:00.345,1.58087,1.58119,1.43,1.57
2012.07.12 12:50:00.594,1.58087,1.58119,1.43,1.13
2012.07.12 12:50:00.844,1.58079,1.58118,1.13,1.19
2012.07.12 12:50:01.358,1.58078,1.58118,3.49,1.19
2012.07.12 12:50:01.993,1.58079,1.58118,1.14,1.19
2012.07.12 12:50:02.067,1.5808,1.58119,1.09,1.19
2012.07.12 12:50:03.065,1.5808,1.5812,1.09,1.19
2012.07.12 12:50:03.315,1.58082,1.58125,1.63,1.87
2012.07.12 12:50:03.830,1.58086,1.58129,1.43,1.53
2012.07.12 12:50:04.875,1.58086,1.58129,1.74,1.53
2012.07.12 12:50:05.125,1.58087,1.58133,1.07,2.54
2012.07.12 12:50:08.234,1.58087,1.58133,1.69,2.77
2012.07.12 12:50:11.366,1.58088,1.5813,1.50,1.33
2012.07.12 12:50:11.435,1.58099,1.5813,1.13,1.33
2012.07.12 12:50:11.685,1.5811,1.58146,1.43,1.70
2012.07.12 12:50:12.215,1.5811,1.58149,1.43,1.72
2012.07.12 12:50:12.346,1.58104,1.58148,1.13,2.39
2012.07.12 12:50:12.535,1.58109,1.58149,1.43,1.53
2012.07.12 12:50:12.785,1.58104,1.58145,1.13,1.14
2012.07.12 12:50:12.856,1.58102,1.58148,3.62,3.14
2012.07.12 12:50:13.895,1.58103,1.58148,1.07,2.39
2012.07.12 12:50:14.085,1.58109,1.58149,1.43,2.23
2012.07.12 12:50:20.484,1.58109,1.5815,1.43,1.38
2012.07.12 12:50:21.665,1.58109,1.58155,2.18,1.33
2012.07.12 12:50:21.794,1.58111,1.58156,1.07,2.57
2012.07.12 12:50:21.924,1.58118,1.58156,1.43,1.14
2012.07.12 12:50:38.355,1.58118,1.58157,1.43,1.48
2012.07.12 12:50:38.665,1.58117,1.58163,2.83,2.99
2012.07.12 12:50:38.854,1.58118,1.58163,1.44,2.80
2012.07.12 12:50:39.105,1.58125,1.58168,1.43,1.38
2012.07.12 12:50:39.655,1.58125,1.58163,1.43,1.19
2012.07.12 12:50:39.787,1.58125,1.58163,1.43,1.89
2012.07.12 12:50:39.857,1.58117,1.58163,2.49,3.50
2012.07.12 12:50:42.055,1.58117,1.58163,3.24,3.50
2012.07.12 12:50:42.288,1.58118,1.58163,1.07,3.50
2012.07.12 12:50:43.754,1.58118,1.58158,1.07,1.19
2012.07.12 12:50:47.355,1.58117,1.58154,1.74,1.89
2012.07.12 12:50:47.568,1.58117,1.58154,1.74,1.89
2012.07.12 12:50:47.694,1.58124,1.58154,1.43,1.14
2012.07.12 12:50:47.898,1.58124,1.58154,1.43,1.14
2012.07.12 12:50:47.965,1.58124,1.58157,1.74,1.52
2012.07.12 12:50:48.066,1.58124,1.58158,1.74,2.27
2012.07.12 12:50:48.755,1.58124,1.58158,1.74,1.19
2012.07.12 12:50:50.515,1.58124,1.58166,1.93,2.39
2012.07.12 12:50:50.764,1.58134,1.58173,1.43,1.38
2012.07.12 12:50:50.836,1.58137,1.58173,1.74,1.38
2012.07.12 12:50:52.195,1.58137,1.5817,1.74,1.19
2012.07.12 12:50:52.445,1.5813,1.58164,1.44,1.38
2012.07.12 12:50:52.516,1.58128,1.58164,1.07,1.38
2012.07.12 12:50:52.706,1.58123,1.58164,1.74,1.38
2012.07.12 12:50:53.298,1.58123,1.58164,1.74,1.38
2012.07.12 12:50:54.404,1.58123,1.58162,1.74,1.08
2012.07.12 12:50:58.345,1.58123,1.58162,1.74,1.08
2012.07.12 12:50:58.474,1.58123,1.58159,1.43,1.19
2012.07.12 12:50:58.784,1.58117,1.58159,1.07,1.38
2012.07.12 12:51:04.227,1.58123,1.5816,1.13,2.05
2012.07.12 12:51:04.477,1.58123,1.58159,1.18,1.38
2012.07.12 12:51:04.916,1.58124,1.58159,1.18,1.38
2012.07.12 12:51:05.426,1.58123,1.58159,1.49,1.38
2012.07.12 12:51:05.737,1.58123,1.58153,1.49,1.19
2012.07.12 12:51:06.098,1.58123,1.58153,1.49,1.19
2012.07.12 12:51:06.169,1.58123,1.58156,1.18,2.05
2012.07.12 12:51:06.416,1.58123,1.58163,1.18,1.38
2012.07.12 12:51:06.745,1.58123,1.58163,1.18,1.38
2012.07.12 12:51:08.955,1.58123,1.58157,1.18,1.38
2012.07.12 12:51:09.145,1.58114,1.58155,1.49,2.05
2012.07.12 12:51:09.214,1.58114,1.58155,1.44,2.05
2012.07.12 12:51:09.467,1.58114,1.58155,1.07,2.05
2012.07.12 12:51:10.508,1.58114,1.58146,1.44,1.13
2012.07.12 12:51:10.576,1.58113,1.58145,2.12,1.19
2012.07.12 12:51:10.886,1.58113,1.58144,1.43,1.14
2012.07.12 12:51:11.014,1.58109,1.58144,1.56,1.14
2012.07.12 12:51:11.144,1.58108,1.58145,1.56,1.67
2012.07.12 12:51:14.374,1.58109,1.58143,1.44,1.68
2012.07.12 12:51:14.507,1.58109,1.58143,2.24,1.24
2012.07.12 12:51:14.877,1.58109,1.58148,2.87,1.08
2012.07.12 12:51:15.405,1.58109,1.58148,3.29,1.52
2012.07.12 12:51:15.534,1.58109,1.58148,2.87,1.72
2012.07.12 12:51:15.906,1.58109,1.58149,2.12,1.87
2012.07.12 12:51:16.035,1.58108,1.58148,1.18,2.20
2012.07.12 12:51:16.165,1.5811,1.58149,2.18,1.12
2012.07.12 12:51:16.238,1.58112,1.58149,1.07,1.12
2012.07.12 12:51:16.365,1.58112,1.5815,1.07,1.12
2012.07.12 12:51:16.495,1.58112,1.5815,1.07,1.12
2012.07.12 12:51:16.804,1.5811,1.58145,1.74,1.19
2012.07.12 12:51:16.996,1.5811,1.58149,1.74,3.37
2012.07.12 12:51:17.065,1.58108,1.58147,1.49,2.39
2012.07.12 12:51:18.344,1.58108,1.58145,1.49,1.67
2012.07.12 12:51:19.067,1.58103,1.58144,1.07,1.72
2012.07.12 12:51:20.894,1.58106,1.58145,1.07,1.33
2012.07.12 12:51:21.656,1.58106,1.58142,1.07,1.19
2012.07.12 12:51:21.727,1.58097,1.58138,1.07,2.42
2012.07.12 12:51:21.796,1.58097,1.58138,1.07,2.42
2012.07.12 12:51:22.420,1.58096,1.58138,1.07,1.72
2012.07.12 12:51:23.216,1.58101,1.58139,1.07,3.09
2012.07.12 12:51:23.525,1.58102,1.58144,2.49,1.34
2012.07.12 12:51:23.835,1.58109,1.58151,3.29,1.15
2012.07.12 12:51:23.906,1.58109,1.58149,2.92,1.38
2012.07.12 12:51:24.034,1.58109,1.58143,1.74,1.14
2012.07.12 12:51:24.105,1.58102,1.58138,1.74,1.14
2012.07.12 12:51:24.176,1.58102,1.58138,1.74,1.14
2012.07.12 12:51:24.278,1.58102,1.58138,1.74,1.14
2012.07.12 12:51:25.745,1.58102,1.58141,2.68,1.14
2012.07.12 12:51:26.313,1.58109,1.58141,1.74,1.14
2012.07.12 12:51:26.515,1.58109,1.58143,2.12,1.19
2012.07.12 12:51:28.390,1.58101,1.58144,2.12,1.53
2012.07.12 12:51:30.747,1.58105,1.58139,1.50,1.14
2012.07.12 12:51:30.815,1.58105,1.58139,1.07,1.89
2012.07.12 12:51:31.276,1.58109,1.58148,1.74,1.68
2012.07.12 12:51:31.466,1.58111,1.58148,1.43,2.08
2012.07.12 12:51:32.179,1.5811,1.58144,1.43,1.19
2012.07.12 12:51:32.876,1.58108,1.58144,1.74,1.19
2012.07.12 12:51:33.965,1.58109,1.58148,1.07,1.14
2012.07.12 12:51:34.155,1.58118,1.58148,1.43,1.14
2012.07.12 12:51:34.226,1.58109,1.58146,2.49,1.84
2012.07.12 12:51:34.354,1.58109,1.58146,1.74,2.28
2012.07.12 12:51:34.484,1.58109,1.58146,1.74,2.28
2012.07.12 12:51:36.749,1.58109,1.58144,1.74,1.53
2012.07.12 12:51:37.189,1.58109,1.58144,1.74,1.53
2012.07.12 12:51:37.616,1.58113,1.5815,1.43,1.48
2012.07.12 12:51:37.806,1.58118,1.58153,2.49,1.19
2012.07.12 12:51:39.132,1.58118,1.58153,2.18,1.64
2012.07.12 12:51:39.208,1.58115,1.58144,1.18,1.19
2012.07.12 12:51:39.867,1.58114,1.58144,1.56,1.19
2012.07.12 12:51:39.939,1.58111,1.5814,1.74,1.09
2012.07.12 12:51:40.007,1.58106,1.58143,3.48,1.24
2012.07.12 12:51:40.076,1.58106,1.58143,3.48,1.68
2012.07.12 12:51:40.147,1.58106,1.58139,1.26,2.28
2012.07.12 12:51:40.755,1.58105,1.58138,1.74,1.48
2012.07.12 12:51:40.825,1.58105,1.58138,1.43,1.48
2012.07.12 12:51:42.067,1.58103,1.58136,1.43,1.08
2012.07.12 12:51:43.058,1.58102,1.58136,1.43,1.08
2012.07.12 12:51:46.965,1.58103,1.58133,1.43,1.68
2012.07.12 12:51:47.156,1.58105,1.58136,1.43,1.08
2012.07.12 12:51:48.208,1.58105,1.5813,1.43,1.09
2012.07.12 12:51:48.279,1.58096,1.5813,1.74,1.09
2012.07.12 12:51:48.406,1.58096,1.58129,1.74,1.19
2012.07.12 12:51:48.671,1.58101,1.58128,1.43,1.19
2012.07.12 12:51:48.735,1.58099,1.58128,1.43,1.19
2012.07.12 12:51:49.065,1.58103,1.58133,1.43,1.29
2012.07.12 12:51:50.057,1.58105,1.58133,1.43,1.14
2012.07.12 12:51:50.366,1.58105,1.58133,1.43,1.14
2012.07.12 12:51:50.556,1.58094,1.58129,1.07,1.72
2012.07.12 12:51:50.626,1.58089,1.58129,2.23,1.72
2012.07.12 12:51:50.695,1.58089,1.58127,1.43,3.17
2012.07.12 12:51:51.266,1.58096,1.58128,1.43,1.67
2012.07.12 12:51:51.337,1.58096,1.58128,1.43,1.68
2012.07.12 12:51:51.693,1.58096,1.58128,1.43,1.34
2012.07.12 12:51:51.825,1.58096,1.58128,1.43,1.19
2012.07.12 12:51:53.394,1.58092,1.58128,1.43,1.19
2012.07.12 12:51:54.037,1.58092,1.58134,1.74,2.80
2012.07.12 12:51:54.165,1.58099,1.58134,1.43,1.38
2012.07.12 12:51:55.814,1.58091,1.58134,2.68,1.19
2012.07.12 12:51:56.005,1.58099,1.58134,1.43,1.19
2012.07.12 12:51:57.876,1.58092,1.58132,1.74,2.47
2012.07.12 12:51:57.944,1.58092,1.58132,1.43,2.47
2012.07.12 12:51:58.659,1.58092,1.58132,1.43,2.47
2012.07.12 12:51:59.206,1.5809,1.58128,1.74,1.38
2012.07.12 12:51:59.665,1.58092,1.58131,2.49,1.14
2012.07.12 12:51:59.975,1.58092,1.58133,1.26,1.79
2012.07.12 12:52:00.105,1.58092,1.58133,1.07,2.09
2012.07.12 12:52:02.065,1.58094,1.58133,1.43,2.08
2012.07.12 12:52:02.316,1.58092,1.58129,1.41,1.33
2012.07.12 12:52:02.386,1.58094,1.58129,1.07,1.33
2012.07.12 12:52:04.235,1.58096,1.58133,1.41,1.33
2012.07.12 12:52:04.547,1.58101,1.58132,1.07,1.62
2012.07.12 12:52:04.736,1.58102,1.58136,1.74,2.95
2012.07.12 12:52:05.276,1.58095,1.58133,1.93,1.68
2012.07.12 12:52:05.825,1.58095,1.58135,1.74,1.14
2012.07.12 12:52:06.176,1.58107,1.58138,1.07,2.77
2012.07.12 12:52:06.484,1.58111,1.58142,1.43,1.14
2012.07.12 12:52:06.795,1.58102,1.58139,2.49,1.14
2012.07.12 12:52:07.298,1.58102,1.58139,1.74,1.14
2012.07.12 12:52:07.835,1.58105,1.58139,1.74,1.14
2012.07.12 12:52:08.086,1.58097,1.58135,1.74,1.14
2012.07.12 12:52:08.390,1.58101,1.58134,1.12,1.14
2012.07.12 12:52:08.705,1.58111,1.58145,1.74,1.19
2012.07.12 12:52:08.905,1.58111,1.58149,1.74,1.19
2012.07.12 12:52:09.530,1.5812,1.5815,1.43,1.45
2012.07.12 12:52:09.599,1.58111,1.58149,1.74,1.19
2012.07.12 12:52:09.906,1.58118,1.58149,1.43,1.19
2012.07.12 12:52:09.975,1.58118,1.58152,1.74,1.52
2012.07.12 12:52:10.047,1.58121,1.5815,1.43,1.14
2012.07.12 12:52:10.235,1.58112,1.58151,1.93,1.14
2012.07.12 12:52:10.424,1.5812,1.5815,1.43,1.14
2012.07.12 12:52:11.085,1.58109,1.58148,1.07,2.05
2012.07.12 12:52:11.155,1.58106,1.58148,1.07,2.05
2012.07.12 12:52:12.355,1.58105,1.58148,1.74,2.05
2012.07.12 12:52:12.426,1.58105,1.58148,2.68,1.87
2012.07.12 12:52:12.640,1.58112,1.5815,1.74,1.14
2012.07.12 12:52:13.686,1.58112,1.58151,2.68,1.14
2012.07.12 12:52:14.015,1.58121,1.58149,1.43,1.14
2012.07.12 12:52:14.945,1.58121,1.58148,1.43,1.14
2012.07.12 12:52:15.077,1.58113,1.58148,1.43,1.14
2012.07.12 12:52:15.204,1.58113,1.58148,1.62,1.14
2012.07.12 12:52:15.514,1.58122,1.58148,1.43,1.14
2012.07.12 12:52:16.575,1.58113,1.58149,1.74,1.14
2012.07.12 12:52:16.646,1.58113,1.58149,1.43,1.14
2012.07.12 12:52:17.075,1.58121,1.58149,1.43,1.14
2012.07.12 12:52:17.715,1.58121,1.58157,1.80,1.14
2012.07.12 12:52:17.905,1.58121,1.58157,2.55,1.14
2012.07.12 12:52:18.156,1.5813,1.58167,2.92,1.14
2012.07.12 12:52:18.406,1.5813,1.58168,2.18,1.14
2012.07.12 12:52:18.837,1.58141,1.58171,1.43,1.14
2012.07.12 12:52:19.027,1.58134,1.58168,1.62,1.14
2012.07.12 12:52:19.155,1.58134,1.58167,1.43,1.14
2012.07.12 12:52:20.475,1.58134,1.58167,2.18,1.14
2012.07.12 12:52:20.785,1.58141,1.58175,2.18,1.14
2012.07.12 12:52:20.915,1.58141,1.58175,2.18,1.14
2012.07.12 12:52:21.166,1.58149,1.58179,1.43,1.14
2012.07.12 12:52:21.475,1.58149,1.58179,1.43,1.14
2012.07.12 12:52:21.546,1.5814,1.58179,1.62,1.89
2012.07.12 12:52:21.614,1.5814,1.58179,1.43,1.89
2012.07.12 12:52:21.685,1.5814,1.58182,2.18,1.89
2012.07.12 12:52:21.996,1.58148,1.58176,1.43,1.08
2012.07.12 12:52:22.566,1.58148,1.58179,1.43,1.14
2012.07.12 12:52:24.728,1.58146,1.58178,1.43,1.14
2012.07.12 12:52:26.005,1.58146,1.58177,1.62,1.52
2012.07.12 12:52:26.074,1.58146,1.58176,1.62,1.08
2012.07.12 12:52:26.385,1.58139,1.58171,1.74,1.14
2012.07.12 12:52:28.836,1.58137,1.58171,2.68,1.14
2012.07.12 12:52:29.458,1.58137,1.58171,1.74,1.14
2012.07.12 12:52:29.527,1.58129,1.58168,1.93,1.14
2012.07.12 12:52:31.124,1.58134,1.58174,1.62,1.19
2012.07.12 12:52:31.194,1.58134,1.58174,1.93,1.19
2012.07.12 12:52:31.617,1.58131,1.58169,1.26,1.14
2012.07.12 12:52:31.976,1.58127,1.58173,1.26,1.19
2012.07.12 12:52:32.486,1.58136,1.58175,2.82,1.87
2012.07.12 12:52:32.616,1.58146,1.58179,1.74,1.52
2012.07.12 12:52:33.135,1.58146,1.58178,1.93,1.14
2012.07.12 12:52:33.325,1.58143,1.58179,1.62,1.14
2012.07.12 12:52:34.057,1.58137,1.58178,1.93,1.52
2012.07.12 12:52:34.366,1.58132,1.58171,1.31,1.87
2012.07.12 12:52:34.496,1.58129,1.58167,1.74,1.14
2012.07.12 12:52:35.484,1.58129,1.58171,1.74,1.87
2012.07.12 12:52:36.405,1.5813,1.58171,1.07,1.87
2012.07.12 12:52:36.716,1.58137,1.58175,1.74,1.48
2012.07.12 12:52:37.346,1.58128,1.58172,1.93,2.20
2012.07.12 12:52:37.535,1.58128,1.58172,1.74,2.20
2012.07.12 12:52:40.256,1.58128,1.58168,1.74,1.14
2012.07.12 12:52:41.655,1.58128,1.58169,1.74,1.19
2012.07.12 12:52:42.675,1.58128,1.58172,1.93,2.17
2012.07.12 12:52:42.977,1.58132,1.58169,1.74,1.19
2012.07.12 12:52:43.106,1.58129,1.58169,1.93,1.19
2012.07.12 12:52:45.902,1.58136,1.58173,1.43,1.49
2012.07.12 12:52:45.966,1.58131,1.58168,1.74,1.19
2012.07.12 12:52:46.285,1.58137,1.58173,1.43,1.49
2012.07.12 12:52:46.356,1.5813,1.58173,1.93,1.49
2012.07.12 12:52:46.805,1.58136,1.58174,1.43,1.49
2012.07.12 12:52:47.116,1.58134,1.58177,1.74,1.14
2012.07.12 12:52:47.639,1.5813,1.58172,1.31,1.14
2012.07.12 12:52:47.965,1.58131,1.58172,2.18,1.14
2012.07.12 12:52:50.575,1.58131,1.58161,1.43,1.14
2012.07.12 12:52:50.645,1.58127,1.58161,1.43,1.14
2012.07.12 12:52:50.894,1.58127,1.58169,2.49,2.75
2012.07.12 12:52:51.026,1.58131,1.58169,1.07,2.05
2012.07.12 12:52:51.095,1.58134,1.58172,1.43,1.14
2012.07.12 12:52:51.405,1.58134,1.58176,2.49,1.30
2012.07.12 12:52:51.900,1.5815,1.58177,1.43,1.48
2012.07.12 12:52:52.096,1.58141,1.58178,1.43,1.29
2012.07.12 12:52:52.406,1.58141,1.58183,2.89,2.05
2012.07.12 12:52:52.716,1.58147,1.58188,1.93,1.14
2012.07.12 12:52:53.226,1.58145,1.58187,1.93,1.14
2012.07.12 12:52:54.035,1.58147,1.58187,1.26,1.14
2012.07.12 12:52:54.595,1.58153,1.58188,1.63,1.89
2012.07.12 12:52:55.405,1.58154,1.5819,1.93,1.14
2012.07.12 12:52:58.573,1.58154,1.58188,1.43,1.14
2012.07.12 12:52:58.645,1.58152,1.58188,1.07,1.14
2012.07.12 12:53:02.257,1.58147,1.58188,2.68,1.14
2012.07.12 12:53:02.953,1.58147,1.58188,2.68,1.14
2012.07.12 12:53:05.353,1.58147,1.58187,2.68,1.14
2012.07.12 12:53:06.935,1.58156,1.58193,1.43,1.19
2012.07.12 12:53:07.125,1.58156,1.58193,1.74,1.19
2012.07.12 12:53:10.055,1.58156,1.58191,1.74,1.52
2012.07.12 12:53:10.426,1.58148,1.58182,2.49,1.14
2012.07.12 12:53:12.967,1.58142,1.58181,3.09,1.14
2012.07.12 12:53:13.096,1.58142,1.58181,1.07,1.52
2012.07.12 12:53:13.165,1.58142,1.58176,1.07,1.14
2012.07.12 12:53:13.965,1.58142,1.58176,1.07,1.14
2012.07.12 12:53:14.155,1.58142,1.58182,1.07,1.19
2012.07.12 12:53:14.226,1.58153,1.58185,1.88,1.14
2012.07.12 12:53:14.415,1.58154,1.5819,1.93,2.02
2012.07.12 12:53:14.485,1.58154,1.58191,3.92,1.14
2012.07.12 12:53:14.615,1.58157,1.58194,1.12,1.19
2012.07.12 12:53:14.866,1.58163,1.58203,1.07,1.14
2012.07.12 12:53:14.936,1.58162,1.58204,1.26,1.89
2012.07.12 12:53:15.535,1.58161,1.58198,1.74,1.19
2012.07.12 12:53:18.266,1.58163,1.58198,1.07,1.19
2012.07.12 12:53:18.574,1.58161,1.58204,1.74,1.19
2012.07.12 12:53:18.695,1.58162,1.58204,1.07,1.19
2012.07.12 12:53:19.005,1.58169,1.58209,2.49,1.19
2012.07.12 12:53:19.255,1.58169,1.58209,1.74,1.89
2012.07.12 12:53:20.355,1.58175,1.58204,1.13,1.19
2012.07.12 12:53:20.665,1.58183,1.58217,3.06,1.19
2012.07.12 12:53:21.304,1.58184,1.58215,1.13,1.19
2012.07.12 12:53:21.435,1.58184,1.58218,1.50,1.19
2012.07.12 12:53:21.565,1.58184,1.58221,1.82,2.18
2012.07.12 12:53:21.875,1.58189,1.58224,1.12,1.19
2012.07.12 12:53:22.265,1.58189,1.58223,1.12,1.19
2012.07.12 12:53:22.396,1.58189,1.58223,1.12,1.19
2012.07.12 12:53:22.746,1.58188,1.58221,1.18,1.87
2012.07.12 12:53:23.055,1.582,1.58234,1.43,1.38
2012.07.12 12:53:23.116,1.582,1.58237,1.93,2.42
2012.07.12 12:53:23.246,1.58198,1.58233,1.74,1.19
2012.07.12 12:53:23.315,1.58197,1.58233,1.07,1.19
2012.07.12 12:53:23.446,1.58192,1.58231,2.83,1.38
2012.07.12 12:53:23.755,1.58187,1.58226,1.87,1.30
2012.07.12 12:53:23.885,1.5818,1.58222,1.07,2.20
2012.07.12 12:53:24.696,1.58178,1.58219,1.44,1.19
2012.07.12 12:53:25.975,1.58176,1.58217,1.74,1.82
2012.07.12 12:53:26.106,1.58176,1.58211,1.74,1.14
2012.07.12 12:53:26.595,1.58167,1.58205,1.07,1.08
2012.07.12 12:53:26.665,1.58167,1.58204,1.07,1.48
2012.07.12 12:53:26.915,1.58167,1.58204,1.07,2.04
2012.07.12 12:53:26.985,1.58164,1.58204,1.43,2.79
2012.07.12 12:53:27.055,1.5816,1.58195,1.07,1.33
2012.07.12 12:53:27.186,1.58157,1.58194,1.13,1.14
2012.07.12 12:53:27.256,1.58154,1.58194,1.07,1.14
2012.07.12 12:53:27.327,1.58157,1.58193,1.07,1.14
2012.07.12 12:53:27.885,1.58157,1.58196,2.49,1.14
2012.07.12 12:53:29.295,1.58157,1.58197,2.49,1.14
2012.07.12 12:53:29.366,1.58157,1.58199,2.49,1.48
2012.07.12 12:53:29.686,1.58163,1.582,1.43,1.48
2012.07.12 12:53:29.757,1.58166,1.58203,1.07,1.33
2012.07.12 12:53:30.294,1.58166,1.58208,1.07,1.14
2012.07.12 12:53:30.695,1.58166,1.58208,2.19,1.14
2012.07.12 12:53:31.242,1.58169,1.58203,1.56,1.19
2012.07.12 12:53:31.576,1.58172,1.58209,1.43,1.19
2012.07.12 12:53:31.684,1.58172,1.58209,1.43,1.38
2012.07.12 12:53:31.995,1.58172,1.58209,1.62,1.19
2012.07.12 12:53:32.248,1.58172,1.58216,1.93,3.32
2012.07.12 12:53:32.759,1.58171,1.58214,2.68,1.19
2012.07.12 12:53:33.396,1.58171,1.58216,1.93,1.89
2012.07.12 12:53:33.525,1.58171,1.58216,1.93,1.89
2012.07.12 12:53:33.657,1.58174,1.58216,1.93,2.57
2012.07.12 12:53:33.905,1.58174,1.58218,1.93,1.14
2012.07.12 12:53:34.436,1.58174,1.58218,1.93,1.14
2012.07.12 12:53:35.115,1.58174,1.58218,1.93,1.14
2012.07.12 12:53:35.786,1.58174,1.58218,1.93,1.14
2012.07.12 12:53:36.175,1.58174,1.58218,1.93,1.14
2012.07.12 12:53:36.964,1.58181,1.58218,1.07,1.14
2012.07.12 12:53:37.025,1.58181,1.58218,1.26,1.14
2012.07.12 12:53:39.394,1.58191,1.58223,1.43,1.89
2012.07.12 12:53:40.444,1.58191,1.58223,1.43,1.19
2012.07.12 12:53:40.516,1.58185,1.58223,1.07,1.19
2012.07.12 12:53:40.586,1.58183,1.58226,1.74,1.45
2012.07.12 12:53:41.458,1.58184,1.58225,1.74,1.19
2012.07.12 12:53:41.799,1.58184,1.58223,1.74,1.19
2012.07.12 12:53:42.266,1.58184,1.58223,1.74,2.64
2012.07.12 12:53:42.458,1.58178,1.58223,1.07,1.89
2012.07.12 12:53:42.805,1.58175,1.58223,1.74,1.89
2012.07.12 12:53:43.116,1.58166,1.58214,1.07,1.45
2012.07.12 12:53:43.494,1.58166,1.58214,1.07,1.45
2012.07.12 12:53:43.569,1.58163,1.58209,1.07,1.14
2012.07.12 12:53:45.086,1.58167,1.58213,1.07,1.19
2012.07.12 12:53:45.395,1.58171,1.58214,1.07,1.14
2012.07.12 12:53:45.467,1.5817,1.58216,1.74,1.19
2012.07.12 12:53:45.536,1.5817,1.58214,1.74,1.19
2012.07.12 12:53:45.785,1.58171,1.58219,1.07,1.19
2012.07.12 12:53:47.297,1.58171,1.58219,1.07,1.19
2012.07.12 12:53:49.048,1.58171,1.58219,1.07,1.19
2012.07.12 12:53:50.404,1.58172,1.58219,1.07,1.19
2012.07.12 12:53:50.954,1.58171,1.58216,1.07,1.19
2012.07.12 12:53:51.025,1.58172,1.58217,1.07,1.87
2012.07.12 12:53:52.179,1.58168,1.58221,1.44,1.52
2012.07.12 12:53:52.705,1.58169,1.58217,1.07,1.14
2012.07.12 12:53:53.246,1.58169,1.58214,1.07,2.99
2012.07.12 12:53:53.966,1.58162,1.58209,3.62,1.19
2012.07.12 12:53:54.528,1.58162,1.58208,2.87,1.19
2012.07.12 12:53:55.595,1.58162,1.58208,2.87,1.19
2012.07.12 12:53:57.177,1.58162,1.58206,2.87,1.84
2012.07.12 12:53:57.365,1.58155,1.58192,1.07,1.87
2012.07.12 12:53:57.436,1.58155,1.58192,1.07,1.87
2012.07.12 12:53:57.507,1.58153,1.58192,1.18,1.87
2012.07.12 12:53:57.577,1.58155,1.58198,1.74,1.19
2012.07.12 12:53:57.645,1.58156,1.58203,1.07,1.14
2012.07.12 12:53:57.717,1.58156,1.58208,1.82,1.34
2012.07.12 12:53:57.967,1.5816,1.58203,1.07,1.19
2012.07.12 12:53:58.524,1.5816,1.58206,1.07,1.19
2012.07.12 12:53:59.956,1.58163,1.58197,1.07,1.13
2012.07.12 12:54:00.146,1.58148,1.58188,1.07,2.18
2012.07.12 12:54:00.215,1.58148,1.58188,1.44,2.18
2012.07.12 12:54:00.287,1.5815,1.58188,1.07,2.18
2012.07.12 12:54:00.596,1.58174,1.58203,1.93,1.38
2012.07.12 12:54:00.665,1.58175,1.58209,1.87,1.64
2012.07.12 12:54:00.797,1.58168,1.58209,2.12,2.08
2012.07.12 12:54:01.047,1.58163,1.58209,1.44,1.89
2012.07.12 12:54:01.176,1.58166,1.58209,1.07,3.32
2012.07.12 12:54:01.245,1.58166,1.58209,1.07,3.32
2012.07.12 12:54:01.734,1.58165,1.58209,1.07,2.62
2012.07.12 12:54:04.068,1.58163,1.58204,1.12,1.50
2012.07.12 12:54:04.376,1.58152,1.58189,1.07,1.43
2012.07.12 12:54:04.445,1.58152,1.58189,1.07,1.43
2012.07.12 12:54:07.316,1.58152,1.58193,1.07,1.38
2012.07.12 12:54:07.506,1.58148,1.58195,2.19,2.62
2012.07.12 12:54:07.754,1.58154,1.58195,1.74,1.19
2012.07.12 12:54:07.886,1.58153,1.58192,1.07,2.13
2012.07.12 12:54:08.077,1.58151,1.58192,1.44,2.13
2012.07.12 12:54:08.498,1.58149,1.58191,1.07,1.14
2012.07.12 12:54:08.816,1.58146,1.58191,1.26,1.14
2012.07.12 12:54:09.415,1.58146,1.58191,1.26,1.14
2012.07.12 12:54:10.033,1.58149,1.58191,1.07,1.14
2012.07.12 12:54:11.528,1.58149,1.58192,1.07,2.24
2012.07.12 12:54:12.133,1.5815,1.58192,1.07,1.14
2012.07.12 12:54:12.745,1.58147,1.58192,1.07,1.14
2012.07.12 12:54:13.345,1.58147,1.58189,1.07,1.14
2012.07.12 12:54:14.507,1.58145,1.58189,1.07,1.14
2012.07.12 12:54:16.167,1.58144,1.58189,1.44,1.14
2012.07.12 12:54:16.787,1.58145,1.58189,1.07,1.14
2012.07.12 12:54:19.676,1.58147,1.58189,1.07,1.14
2012.07.12 12:54:20.165,1.58142,1.5818,1.44,2.18
2012.07.12 12:54:20.295,1.58141,1.5818,1.07,2.18
2012.07.12 12:54:20.365,1.58141,1.58186,1.07,1.19
2012.07.12 12:54:20.436,1.58141,1.58186,1.07,1.19
2012.07.12 12:54:20.634,1.58142,1.58186,1.07,1.19
2012.07.12 12:54:21.137,1.58142,1.58186,1.07,1.19
2012.07.12 12:54:21.987,1.58142,1.58183,2.01,1.19
2012.07.12 12:54:22.116,1.58142,1.58175,1.07,2.37
2012.07.12 12:54:22.247,1.58136,1.58175,1.82,1.62
2012.07.12 12:54:22.576,1.58136,1.58182,2.49,1.08
2012.07.12 12:54:22.705,1.58138,1.58182,1.44,1.14
2012.07.12 12:54:22.778,1.58138,1.58182,1.13,1.14
2012.07.12 12:54:23.155,1.58138,1.58182,1.13,1.14
2012.07.12 12:54:23.835,1.58138,1.58182,1.13,1.14
2012.07.12 12:54:23.907,1.5814,1.58182,1.07,1.14
2012.07.12 12:54:24.094,1.58138,1.58182,1.44,1.14
2012.07.12 12:54:24.436,1.58148,1.58182,1.13,1.14
2012.07.12 12:54:24.568,1.58147,1.58183,1.93,1.43
2012.07.12 12:54:24.634,1.58148,1.5819,1.80,1.87
2012.07.12 12:54:24.776,1.58148,1.5819,1.80,1.87
2012.07.12 12:54:25.086,1.58142,1.58183,1.07,2.32
2012.07.12 12:54:29.617,1.58141,1.58182,1.07,1.45
2012.07.12 12:54:29.937,1.58138,1.58174,1.44,1.43
2012.07.12 12:54:30.516,1.58139,1.58174,1.44,2.18
2012.07.12 12:54:31.378,1.58139,1.58174,1.44,1.43
2012.07.12 12:54:31.826,1.58138,1.58177,1.44,1.43
2012.07.12 12:54:32.207,1.58138,1.58177,1.44,1.43
2012.07.12 12:54:32.396,1.58139,1.58177,1.03,2.13
2012.07.12 12:54:32.647,1.58139,1.58177,1.03,2.05
2012.07.12 12:54:32.955,1.5813,1.5817,1.87,2.18
2012.07.12 12:54:33.147,1.58132,1.5817,1.07,1.43
2012.07.12 12:54:33.675,1.58139,1.58181,1.43,2.39
2012.07.12 12:54:33.815,1.58139,1.58176,1.43,1.14
2012.07.12 12:54:33.944,1.58139,1.58176,1.43,1.14
2012.07.12 12:54:34.256,1.58136,1.58176,2.49,1.52
2012.07.12 12:54:36.727,1.58136,1.58176,2.49,1.52
2012.07.12 12:54:37.485,1.58137,1.58176,1.07,1.14
2012.07.12 12:54:38.745,1.58136,1.58175,1.07,1.33
2012.07.12 12:54:39.406,1.58131,1.58169,1.07,1.43
2012.07.12 12:54:39.595,1.58131,1.58169,1.07,2.13
2012.07.12 12:54:39.966,1.58127,1.58154,1.07,1.43
2012.07.12 12:54:40.096,1.58126,1.58154,1.50,1.43
2012.07.12 12:54:40.345,1.58124,1.58161,1.13,1.87
2012.07.12 12:54:40.547,1.58124,1.58161,1.13,1.87
2012.07.12 12:54:40.616,1.58121,1.58161,1.26,1.87
2012.07.12 12:54:41.865,1.58122,1.58161,1.26,1.43
2012.07.12 12:54:42.174,1.58124,1.58161,1.50,1.87
2012.07.12 12:54:42.684,1.58125,1.58161,1.07,1.43
2012.07.12 12:54:44.304,1.58123,1.58161,1.44,1.43
2012.07.12 12:54:45.185,1.58122,1.58161,1.26,1.87
2012.07.12 12:54:45.256,1.58122,1.58161,1.26,1.87
2012.07.12 12:54:45.325,1.58122,1.58161,1.26,1.87
2012.07.12 12:54:45.395,1.58124,1.58166,1.43,1.87
2012.07.12 12:54:45.586,1.58122,1.58161,1.26,1.87
2012.07.12 12:54:45.837,1.58126,1.58168,1.43,2.62
2012.07.12 12:54:48.356,1.58126,1.5817,2.18,2.75
2012.07.12 12:54:48.485,1.58126,1.58168,1.43,1.19
2012.07.12 12:54:48.615,1.58126,1.58168,1.43,1.19
2012.07.12 12:54:49.126,1.58126,1.58166,1.43,1.52
2012.07.12 12:54:49.196,1.58126,1.58166,1.43,1.14
2012.07.12 12:54:49.324,1.5812,1.58161,1.26,1.87
2012.07.12 12:54:49.505,1.58121,1.58161,1.26,1.87
2012.07.12 12:54:50.096,1.58121,1.5816,1.26,1.43
2012.07.12 12:54:52.295,1.58121,1.5816,1.26,1.87
2012.07.12 12:54:52.806,1.58121,1.5816,1.26,1.87
2012.07.12 12:54:53.176,1.58123,1.5816,1.26,1.87
2012.07.12 12:54:54.155,1.58124,1.58161,1.07,1.87
2012.07.12 12:54:54.665,1.58121,1.5816,1.26,1.43
2012.07.12 12:54:55.217,1.58121,1.58161,1.26,1.87
2012.07.12 12:54:55.755,1.58121,1.58161,1.26,1.43
2012.07.12 12:54:56.325,1.58119,1.58152,1.07,1.43
2012.07.12 12:54:56.456,1.58121,1.58165,2.18,2.05
2012.07.12 12:54:56.645,1.58121,1.58161,1.26,1.43
2012.07.12 12:54:57.185,1.58123,1.58161,1.07,1.43
2012.07.12 12:54:57.377,1.58127,1.58168,1.07,1.87
2012.07.12 12:54:57.901,1.58127,1.58168,1.26,1.87
2012.07.12 12:54:58.865,1.58127,1.58161,1.26,1.43
2012.07.12 12:54:59.115,1.58124,1.58161,1.44,1.43
2012.07.12 12:55:03.255,1.58127,1.58161,1.07,1.43
2012.07.12 12:55:03.387,1.58127,1.58169,1.07,3.14
2012.07.12 12:55:03.455,1.58123,1.58169,1.63,3.52
2012.07.12 12:55:03.667,1.58121,1.5816,2.01,1.87
2012.07.12 12:55:05.225,1.58121,1.5816,2.01,1.43
2012.07.12 12:55:05.531,1.58121,1.5816,2.01,1.43
2012.07.12 12:55:05.820,1.58123,1.5816,1.07,1.43
2012.07.12 12:55:06.407,1.58122,1.5816,1.26,1.43
2012.07.12 12:55:07.415,1.5812,1.58158,1.07,1.13
2012.07.12 12:55:07.724,1.58117,1.58153,1.44,1.92
2012.07.12 12:55:07.855,1.58117,1.58153,1.07,2.35
2012.07.12 12:55:08.624,1.58109,1.5815,1.68,1.09
2012.07.12 12:55:08.696,1.58109,1.58142,1.12,1.47
2012.07.12 12:55:08.766,1.58108,1.58142,1.18,1.53
2012.07.12 12:55:08.836,1.58107,1.58142,1.43,1.48
2012.07.12 12:55:08.907,1.58105,1.58137,1.07,1.43
2012.07.12 12:55:09.337,1.58106,1.58146,2.76,2.02
2012.07.12 12:55:09.405,1.58112,1.58146,1.07,2.02
2012.07.12 12:55:09.946,1.58112,1.58146,1.82,1.87
2012.07.12 12:55:10.315,1.58116,1.58154,1.07,2.05
2012.07.12 12:55:10.385,1.58116,1.58154,1.07,1.87
2012.07.12 12:55:11.696,1.58116,1.58154,1.07,1.87
2012.07.12 12:55:12.296,1.58116,1.58154,1.07,1.87
2012.07.12 12:55:12.606,1.58106,1.58148,1.07,1.38
2012.07.12 12:55:12.675,1.58106,1.58146,1.07,1.33
2012.07.12 12:55:12.985,1.58108,1.58146,2.37,1.14
2012.07.12 12:55:13.056,1.58113,1.58147,1.26,1.14
2012.07.12 12:55:13.185,1.58113,1.58153,1.26,1.87
2012.07.12 12:55:13.585,1.58113,1.58152,1.63,1.57
2012.07.12 12:55:13.659,1.58113,1.58153,1.63,1.87
2012.07.12 12:55:14.245,1.58114,1.58153,1.32,1.87
2012.07.12 12:55:14.767,1.58114,1.58153,1.69,1.87
2012.07.12 12:55:15.235,1.58111,1.58153,2.01,1.87
2012.07.12 12:55:15.425,1.58112,1.58154,1.62,1.87
2012.07.12 12:55:15.615,1.58111,1.58152,1.07,1.87
2012.07.12 12:55:16.425,1.58111,1.58152,1.82,1.87
2012.07.12 12:55:17.011,1.5811,1.58152,1.07,1.87
2012.07.12 12:55:17.524,1.58111,1.58152,1.50,1.87
2012.07.12 12:55:18.074,1.5811,1.58152,1.07,1.87
2012.07.12 12:55:18.659,1.58111,1.58152,1.50,1.87
2012.07.12 12:55:19.154,1.5811,1.58153,1.07,1.87
2012.07.12 12:55:19.407,1.58112,1.58154,2.18,1.87
2012.07.12 12:55:20.164,1.58111,1.58152,1.07,1.87
2012.07.12 12:55:20.406,1.58111,1.58151,1.82,1.87
2012.07.12 12:55:21.046,1.58111,1.58151,1.07,1.87
2012.07.12 12:55:21.118,1.58111,1.58151,1.07,1.87
2012.07.12 12:55:21.185,1.58111,1.58151,1.82,1.87
2012.07.12 12:55:21.674,1.58112,1.58151,1.07,1.87
2012.07.12 12:55:21.804,1.58111,1.58153,1.82,1.87
2012.07.12 12:55:22.226,1.58112,1.58151,1.07,1.87
2012.07.12 12:55:22.717,1.58113,1.58152,1.26,1.87
2012.07.12 12:55:22.787,1.58122,1.58152,1.26,1.43
2012.07.12 12:55:22.856,1.58122,1.58159,1.26,1.14
2012.07.12 12:55:22.926,1.58121,1.58169,2.68,3.69
2012.07.12 12:55:22.997,1.58121,1.58169,2.68,3.69
2012.07.12 12:55:23.066,1.58123,1.5816,1.44,1.87
2012.07.12 12:55:23.134,1.58123,1.5816,2.19,1.87
2012.07.12 12:55:23.266,1.58126,1.58167,1.07,1.38
2012.07.12 12:55:24.666,1.58126,1.58167,1.26,1.52
2012.07.12 12:55:25.208,1.58129,1.58176,1.69,2.62
2012.07.12 12:55:25.467,1.58132,1.58172,1.26,1.52
2012.07.12 12:55:25.596,1.58133,1.58172,1.07,1.52
2012.07.12 12:55:26.126,1.58135,1.58174,1.07,1.14
2012.07.12 12:55:31.835,1.58134,1.58173,1.07,1.14
2012.07.12 12:55:32.267,1.58134,1.58173,1.07,1.14
2012.07.12 12:55:33.574,1.58134,1.58175,1.44,2.57
2012.07.12 12:55:33.705,1.58135,1.58175,1.07,2.57
2012.07.12 12:55:34.456,1.58134,1.58175,1.07,1.87
2012.07.12 12:55:35.123,1.58135,1.58175,1.44,1.87
2012.07.12 12:55:35.669,1.58135,1.58175,1.44,1.87
2012.07.12 12:55:38.366,1.58135,1.58175,1.07,2.57
2012.07.12 12:55:40.756,1.58133,1.58175,1.12,2.57
2012.07.12 12:55:40.957,1.58134,1.58175,1.07,1.87
2012.07.12 12:55:41.616,1.58134,1.58177,1.07,1.87
2012.07.12 12:55:42.364,1.58135,1.58177,1.12,1.87
2012.07.12 12:55:43.355,1.58135,1.58177,1.12,1.87
2012.07.12 12:55:43.953,1.58135,1.58177,1.87,1.87
2012.07.12 12:55:45.445,1.58135,1.58177,1.87,1.87
2012.07.12 12:55:45.955,1.58136,1.58176,1.07,1.87
2012.07.12 12:55:46.446,1.58136,1.58176,1.87,1.87
2012.07.12 12:55:46.777,1.58136,1.58177,1.87,1.87
2012.07.12 12:55:47.056,1.58136,1.58177,1.87,1.87
2012.07.12 12:55:47.878,1.58136,1.58177,1.87,1.87
2012.07.12 12:55:48.125,1.58145,1.58184,1.13,2.05
2012.07.12 12:55:48.907,1.58146,1.58192,1.26,2.57
2012.07.12 12:55:48.986,1.58146,1.58192,1.26,2.57
2012.07.12 12:55:49.558,1.58147,1.58192,1.07,2.57
2012.07.12 12:55:49.759,1.58147,1.58191,1.07,1.14
2012.07.12 12:55:49.980,1.58147,1.58191,1.07,1.14
2012.07.12 12:55:50.497,1.58147,1.58192,1.07,2.57
2012.07.12 12:55:50.636,1.58147,1.58192,1.07,2.57
2012.07.12 12:55:50.904,1.58147,1.58192,1.26,2.57
2012.07.12 12:55:51.077,1.58147,1.58192,1.26,2.57
2012.07.12 12:55:51.296,1.58147,1.58192,1.26,2.57
2012.07.12 12:55:51.958,1.58147,1.58192,1.26,2.57
2012.07.12 12:55:52.179,1.58147,1.58192,1.26,2.57
2012.07.12 12:55:52.305,1.58147,1.58192,1.26,2.57
2012.07.12 12:55:52.397,1.58147,1.58192,1.26,2.57
2012.07.12 12:55:52.507,1.58147,1.58192,1.26,2.57
2012.07.12 12:56:07.606,1.58147,1.58183,1.26,1.19
2012.07.12 12:56:07.675,1.58147,1.58185,1.07,1.19
2012.07.12 12:56:07.745,1.58142,1.58182,1.07,1.14
2012.07.12 12:56:07.875,1.58142,1.58178,1.07,1.14
2012.07.12 12:56:08.006,1.58131,1.58175,2.49,1.14
2012.07.12 12:56:08.495,1.5813,1.58168,1.26,1.43
2012.07.12 12:56:08.566,1.58129,1.58168,1.07,1.87
2012.07.12 12:56:15.615,1.58124,1.58166,1.44,1.14
2012.07.12 12:56:18.935,1.58132,1.58166,1.82,1.87
2012.07.12 12:56:19.278,1.58132,1.58166,1.82,1.43
2012.07.12 12:56:19.626,1.58132,1.58174,1.82,2.05
2012.07.12 12:56:19.695,1.58132,1.58174,2.01,1.87
2012.07.12 12:56:20.007,1.58132,1.58173,1.26,1.14
2012.07.12 12:56:20.356,1.58125,1.58167,1.74,1.43
2012.07.12 12:56:20.428,1.58125,1.58167,1.74,1.43
2012.07.12 12:56:20.617,1.58122,1.58165,1.26,1.43
2012.07.12 12:56:20.745,1.58122,1.58165,1.26,1.87
2012.07.12 12:56:21.158,1.58122,1.58164,1.26,1.87
2012.07.12 12:56:24.096,1.5812,1.58163,1.26,1.19
2012.07.12 12:56:27.015,1.58121,1.58164,1.82,1.87
2012.07.12 12:56:29.805,1.58127,1.58171,1.62,1.14
2012.07.12 12:56:29.875,1.58127,1.58171,1.93,1.14
2012.07.12 12:56:32.268,1.58127,1.58172,1.93,2.57
2012.07.12 12:56:33.077,1.58133,1.58173,1.43,1.19
2012.07.12 12:56:33.267,1.58132,1.58173,1.07,1.87
2012.07.12 12:56:33.515,1.58132,1.58178,1.07,1.89
2012.07.12 12:56:37.235,1.58129,1.58174,2.38,1.19
2012.07.12 12:56:37.895,1.58134,1.58172,1.26,1.14
2012.07.12 12:56:38.267,1.58138,1.58172,1.13,1.87
2012.07.12 12:56:38.576,1.58138,1.58179,1.32,1.87
2012.07.12 12:56:38.705,1.58139,1.58179,1.26,1.87
2012.07.12 12:56:39.016,1.58139,1.58179,1.32,1.87
2012.07.12 12:56:39.556,1.5814,1.58179,1.26,1.87
2012.07.12 12:56:40.154,1.5814,1.58179,1.07,1.87
2012.07.12 12:56:40.996,1.58139,1.58179,1.26,1.87
2012.07.12 12:56:41.857,1.5814,1.58179,1.07,1.87
2012.07.12 12:56:43.676,1.58143,1.58179,1.13,1.87
2012.07.12 12:56:43.866,1.5815,1.58179,1.26,1.43
2012.07.12 12:56:43.936,1.58149,1.58184,1.93,1.45
2012.07.12 12:56:44.067,1.58143,1.58179,1.50,1.87
2012.07.12 12:56:44.255,1.58142,1.58179,1.44,1.87
2012.07.12 12:56:44.326,1.58142,1.58179,1.44,1.87
2012.07.12 12:56:44.635,1.5814,1.58179,1.26,1.87
2012.07.12 12:56:46.716,1.58141,1.58179,1.07,1.87
2012.07.12 12:56:47.139,1.5814,1.58179,1.26,1.87
2012.07.12 12:56:47.586,1.58141,1.58179,1.07,1.87
2012.07.12 12:56:47.734,1.5814,1.58179,1.26,1.87
2012.07.12 12:56:48.388,1.58142,1.58181,1.07,1.87
2012.07.12 12:56:48.638,1.58143,1.58181,1.07,1.87
2012.07.12 12:56:48.706,1.58142,1.5819,1.26,2.24
2012.07.12 12:56:49.019,1.58145,1.5819,2.37,2.24
2012.07.12 12:56:49.147,1.58145,1.5819,2.37,2.94
2012.07.12 12:56:49.476,1.58141,1.58189,1.26,1.19
2012.07.12 12:56:50.066,1.58141,1.58189,1.26,1.19
2012.07.12 12:56:50.239,1.58141,1.58189,1.26,1.19
2012.07.12 12:56:51.260,1.58138,1.58183,1.26,1.45
2012.07.12 12:56:51.445,1.58139,1.58182,1.44,2.57
2012.07.12 12:56:51.946,1.58145,1.58181,1.07,1.14
2012.07.12 12:56:52.215,1.58145,1.58181,1.07,1.14
2012.07.12 12:56:58.464,1.58147,1.58191,1.07,2.05
2012.07.12 12:57:01.824,1.58147,1.58191,1.07,2.05
2012.07.12 12:57:02.885,1.5815,1.58191,1.07,2.05
2012.07.12 12:57:05.545,1.58151,1.58191,1.50,2.05
2012.07.12 12:57:06.207,1.5815,1.58191,1.07,2.05
2012.07.12 12:57:06.835,1.58147,1.58192,1.44,2.05
2012.07.12 12:57:08.241,1.58147,1.58189,1.07,1.19
2012.07.12 12:57:08.755,1.58145,1.58189,1.07,1.19
2012.07.12 12:57:10.926,1.58145,1.58177,1.07,1.43
2012.07.12 12:57:10.996,1.58141,1.58177,1.26,1.87
2012.07.12 12:57:11.126,1.58136,1.58175,1.26,1.19
2012.07.12 12:57:11.257,1.58135,1.58172,1.07,1.43
2012.07.12 12:57:11.325,1.58135,1.58172,1.07,1.87
2012.07.12 12:57:11.456,1.58135,1.58172,1.07,1.87
2012.07.12 12:57:12.005,1.58132,1.58172,1.07,1.87
2012.07.12 12:57:12.136,1.58136,1.58179,2.49,1.38
2012.07.12 12:57:12.446,1.58139,1.58179,1.44,1.38
2012.07.12 12:57:13.465,1.58131,1.58174,1.07,1.87
2012.07.12 12:57:13.847,1.5813,1.58174,1.74,2.62
2012.07.12 12:57:19.186,1.58135,1.58172,1.07,1.87
2012.07.12 12:57:19.315,1.58136,1.58176,1.07,1.87
2012.07.12 12:57:22.248,1.58137,1.58176,1.07,1.87
2012.07.12 12:57:25.136,1.58132,1.58174,1.62,1.57
2012.07.12 12:57:25.445,1.58132,1.58173,1.93,1.14
2012.07.12 12:57:29.544,1.58132,1.58174,1.93,1.19
2012.07.12 12:57:30.644,1.58132,1.58174,1.93,1.19
2012.07.12 12:57:31.427,1.58132,1.58174,1.93,1.19
2012.07.12 12:57:31.766,1.58132,1.58174,1.93,1.19
2012.07.12 12:57:32.824,1.58132,1.58174,2.27,1.19
2012.07.12 12:57:33.066,1.58139,1.58176,1.07,2.57
2012.07.12 12:57:33.257,1.58141,1.58181,1.07,1.14
2012.07.12 12:57:33.386,1.58142,1.58182,1.07,1.52
2012.07.12 12:57:36.546,1.58142,1.58188,1.07,2.08
2012.07.12 12:57:37.254,1.58142,1.58188,1.07,2.08
2012.07.12 12:57:37.785,1.58142,1.58188,1.07,2.08
2012.07.12 12:57:38.536,1.58142,1.58185,1.07,1.22
2012.07.12 12:57:38.905,1.58138,1.58176,1.74,1.14
2012.07.12 12:57:39.218,1.58134,1.5817,1.07,1.62
2012.07.12 12:57:39.527,1.58127,1.58164,1.07,1.14
2012.07.12 12:57:39.656,1.58127,1.58161,1.07,1.14
2012.07.12 12:57:39.725,1.58125,1.5816,1.07,1.14
2012.07.12 12:57:41.307,1.58121,1.5816,1.56,1.14
2012.07.12 12:57:42.375,1.58121,1.5816,1.56,1.14
2012.07.12 12:57:42.687,1.58121,1.58159,1.07,1.14
2012.07.12 12:57:43.376,1.58122,1.5816,1.07,1.14
2012.07.12 12:57:43.459,1.58122,1.5816,1.07,1.14
2012.07.12 12:57:43.906,1.58122,1.5816,1.07,1.14
2012.07.12 12:57:44.216,1.58124,1.5816,1.07,1.14
2012.07.12 12:57:46.279,1.58126,1.5816,1.07,1.14
2012.07.12 12:57:48.805,1.58122,1.5816,1.26,1.14
2012.07.12 12:57:49.176,1.58121,1.5816,1.07,1.14
2012.07.12 12:57:49.786,1.58126,1.58165,1.50,2.05
2012.07.12 12:57:49.965,1.58126,1.58165,1.50,2.05
2012.07.12 12:57:50.508,1.58123,1.58165,1.18,2.05
2012.07.12 12:57:50.845,1.58123,1.58156,1.13,1.87
2012.07.12 12:57:53.146,1.58124,1.58157,1.52,1.87
2012.07.12 12:57:53.456,1.58132,1.58166,1.50,2.62
2012.07.12 12:57:53.526,1.5813,1.58166,1.07,2.62
2012.07.12 12:57:53.680,1.5813,1.58166,1.07,1.87
2012.07.12 12:58:02.166,1.58126,1.58166,1.07,1.87
2012.07.12 12:58:02.315,1.58129,1.58166,1.07,1.87
2012.07.12 12:58:02.929,1.58129,1.58166,1.07,1.87
2012.07.12 12:58:03.315,1.58127,1.58166,1.82,1.87
2012.07.12 12:58:03.506,1.58131,1.58167,1.07,1.87
2012.07.12 12:58:03.635,1.58128,1.58165,1.07,1.87
2012.07.12 12:58:03.705,1.58127,1.58165,1.07,1.87
2012.07.12 12:58:05.896,1.58128,1.58165,1.07,1.87
2012.07.12 12:58:06.345,1.58128,1.58163,1.07,1.14
2012.07.12 12:58:07.395,1.58128,1.58165,1.07,1.87
2012.07.12 12:58:08.205,1.58122,1.58159,1.07,1.84
2012.07.12 12:58:08.326,1.5812,1.58159,1.26,2.43
2012.07.12 12:58:08.395,1.5812,1.58148,1.26,1.43
2012.07.12 12:58:08.526,1.58125,1.58161,1.07,1.19
2012.07.12 12:58:09.029,1.58122,1.58165,1.07,2.77
2012.07.12 12:58:09.096,1.58122,1.58165,1.07,2.77
2012.07.12 12:58:10.726,1.58114,1.58157,1.07,1.87
2012.07.12 12:58:11.035,1.58114,1.58146,1.44,1.43
2012.07.12 12:58:11.526,1.58117,1.58146,1.44,1.43
2012.07.12 12:58:11.595,1.58121,1.58155,1.07,1.87
2012.07.12 12:58:12.186,1.58121,1.58155,2.19,1.87
2012.07.12 12:58:12.255,1.58123,1.58155,1.13,1.87
2012.07.12 12:58:12.505,1.58117,1.58155,1.07,1.87
2012.07.12 12:58:18.974,1.58117,1.58155,2.19,1.87
2012.07.12 12:58:19.094,1.58118,1.58155,1.07,1.87
2012.07.12 12:58:19.334,1.58118,1.58155,1.82,1.43
2012.07.12 12:58:20.466,1.58117,1.58155,1.07,2.18
2012.07.12 12:58:20.787,1.58114,1.58154,1.07,2.62
2012.07.12 12:58:21.836,1.58114,1.58154,1.82,3.33
2012.07.12 12:58:22.148,1.58124,1.58154,1.37,2.62
2012.07.12 12:58:22.276,1.58124,1.58154,2.61,1.19
2012.07.12 12:58:22.347,1.58124,1.58154,1.43,1.19
2012.07.12 12:58:22.537,1.58123,1.58167,1.78,1.53
2012.07.12 12:58:22.666,1.58123,1.58167,1.78,1.53
2012.07.12 12:58:22.737,1.58123,1.58168,1.44,3.50
2012.07.12 12:58:22.807,1.58129,1.58168,1.07,2.80
2012.07.12 12:58:23.147,1.58129,1.58168,1.44,2.37
2012.07.12 12:58:23.665,1.58123,1.58168,1.44,2.80
2012.07.12 12:58:24.536,1.58127,1.5817,1.07,1.87
2012.07.12 12:58:25.315,1.58123,1.5817,3.06,2.62
2012.07.12 12:58:25.505,1.58123,1.58168,3.06,1.19
2012.07.12 12:58:25.696,1.58123,1.58166,1.44,1.32
2012.07.12 12:58:25.766,1.58115,1.58162,1.44,1.38
2012.07.12 12:58:25.836,1.58117,1.58152,1.44,1.43
2012.07.12 12:58:26.086,1.58122,1.58166,1.07,1.33
2012.07.12 12:58:26.276,1.58117,1.5816,2.01,1.87
2012.07.12 12:58:27.477,1.58117,1.5816,2.01,1.87
2012.07.12 12:58:28.415,1.58122,1.58166,1.07,1.33
2012.07.12 12:58:32.335,1.58122,1.58166,1.07,1.33
2012.07.12 12:58:32.895,1.58122,1.58168,1.07,1.38
2012.07.12 12:58:33.015,1.58122,1.58168,1.07,1.38
2012.07.12 12:58:33.088,1.58122,1.58168,1.07,1.38
2012.07.12 12:58:33.585,1.58127,1.58169,1.82,1.87
2012.07.12 12:58:33.715,1.58128,1.58169,1.44,1.87
2012.07.12 12:58:33.815,1.58128,1.58169,1.44,2.24
2012.07.12 12:58:34.396,1.58129,1.58169,1.13,1.87
2012.07.12 12:58:34.886,1.58129,1.58173,1.63,1.19
2012.07.12 12:58:35.409,1.58131,1.58176,1.07,1.14
2012.07.12 12:58:36.945,1.58132,1.58175,1.50,1.14
2012.07.12 12:58:37.456,1.58131,1.58176,1.07,1.17
2012.07.12 12:58:39.086,1.58129,1.58173,1.63,1.19
2012.07.12 12:58:39.216,1.58132,1.58175,1.50,1.33
2012.07.12 12:58:39.525,1.5813,1.58169,1.07,1.87
2012.07.12 12:58:39.657,1.58132,1.58174,1.07,2.05
2012.07.12 12:58:39.888,1.58132,1.58175,1.07,1.33
2012.07.12 12:58:43.627,1.58131,1.58176,1.07,1.14
2012.07.12 12:58:45.565,1.58129,1.58174,1.44,1.75
2012.07.12 12:58:45.874,1.58133,1.58176,1.07,1.33
2012.07.12 12:58:47.377,1.5813,1.58174,1.07,1.38
2012.07.12 12:58:47.447,1.58129,1.58173,1.13,1.34
2012.07.12 12:58:47.518,1.58126,1.58169,1.07,1.38
2012.07.12 12:58:47.646,1.58126,1.58161,1.07,1.14
2012.07.12 12:58:47.716,1.58125,1.58169,1.07,2.08
2012.07.12 12:58:48.264,1.58124,1.5817,1.07,2.75
2012.07.12 12:58:48.815,1.58126,1.58169,1.07,1.33
2012.07.12 12:58:49.326,1.58126,1.5817,1.07,2.05
2012.07.12 12:58:51.325,1.58125,1.5817,1.07,2.05
2012.07.12 12:58:52.085,1.58126,1.5817,1.07,2.08
2012.07.12 12:58:52.216,1.58126,1.5817,1.07,2.08
2012.07.12 12:58:52.427,1.58126,1.5817,1.07,2.05
2012.07.12 12:58:55.225,1.58126,1.5817,1.07,2.05
2012.07.12 12:58:55.617,1.58126,1.5817,1.07,2.05
2012.07.12 12:58:57.165,1.58126,1.5817,1.07,2.05
2012.07.12 12:58:58.466,1.58125,1.5817,1.07,2.78
2012.07.12 12:59:01.795,1.58126,1.58169,1.07,1.33
2012.07.12 12:59:02.186,1.58124,1.58169,1.74,1.38
2012.07.12 12:59:02.376,1.58123,1.5817,1.50,3.50
2012.07.12 12:59:02.445,1.58122,1.58169,1.26,2.13
2012.07.12 12:59:02.765,1.58124,1.58159,1.88,1.14
2012.07.12 12:59:02.835,1.58126,1.5816,1.07,1.14
2012.07.12 12:59:03.146,1.58122,1.58168,1.44,1.19
2012.07.12 12:59:03.527,1.58122,1.58168,1.44,1.19
2012.07.12 12:59:03.856,1.58122,1.58166,1.07,1.14
2012.07.12 12:59:05.898,1.58126,1.58168,1.07,1.75
2012.07.12 12:59:06.025,1.58126,1.58166,1.07,1.14
2012.07.12 12:59:06.935,1.58126,1.58168,1.07,1.75
2012.07.12 12:59:07.514,1.58127,1.58169,1.50,1.33
2012.07.12 12:59:10.095,1.58126,1.58167,1.07,1.14
2012.07.12 12:59:10.345,1.58128,1.58169,1.13,1.33
2012.07.12 12:59:10.657,1.5813,1.58164,1.07,1.87
2012.07.12 12:59:11.047,1.58127,1.5817,1.07,1.33
2012.07.12 12:59:13.105,1.58127,1.5817,1.07,1.33
2012.07.12 12:59:13.237,1.58127,1.5817,1.44,1.33
2012.07.12 12:59:13.547,1.58132,1.58174,1.50,2.05
2012.07.12 12:59:13.936,1.58123,1.58163,1.68,1.19
2012.07.12 12:59:14.008,1.58121,1.58163,1.13,2.08
2012.07.12 12:59:14.135,1.58121,1.58163,1.50,1.33
2012.07.12 12:59:14.565,1.58117,1.58158,1.26,1.19
2012.07.12 12:59:19.276,1.58117,1.58153,1.63,1.14
2012.07.12 12:59:19.586,1.58121,1.58155,1.93,1.14
2012.07.12 12:59:21.498,1.58122,1.58155,1.07,1.14
2012.07.12 12:59:22.227,1.58122,1.5816,1.07,1.14
2012.07.12 12:59:22.916,1.58124,1.58161,1.07,2.64
2012.07.12 12:59:27.577,1.58122,1.5816,1.74,1.14
2012.07.12 12:59:28.137,1.58125,1.5816,1.07,2.27
2012.07.12 12:59:28.205,1.58121,1.5816,3.43,1.14
2012.07.12 12:59:28.834,1.58121,1.58156,2.01,1.14
2012.07.12 12:59:29.395,1.58121,1.58155,2.01,1.14
2012.07.12 12:59:33.952,1.58121,1.58157,1.26,1.19
2012.07.12 12:59:34.339,1.58124,1.58157,1.07,1.19
2012.07.12 12:59:34.476,1.58121,1.58161,2.68,2.64
2012.07.12 12:59:37.356,1.58121,1.58157,1.69,2.57
2012.07.12 12:59:39.617,1.58121,1.58157,1.50,1.14
2012.07.12 12:59:40.108,1.58126,1.58168,2.68,1.87
2012.07.12 12:59:40.175,1.58127,1.58168,1.13,1.87
2012.07.12 12:59:40.565,1.58132,1.5817,1.43,1.14
2012.07.12 12:59:41.006,1.58129,1.58168,1.59,1.43
2012.07.12 12:59:41.255,1.58126,1.58168,3.06,1.87
2012.07.12 12:59:42.136,1.58126,1.58162,1.88,1.08
2012.07.12 12:59:42.716,1.58126,1.58162,1.13,1.08
2012.07.12 12:59:45.051,1.58132,1.58162,1.43,1.08
2012.07.12 12:59:45.120,1.58132,1.58172,2.18,1.33
2012.07.12 12:59:45.187,1.58133,1.58172,1.13,1.14
2012.07.12 12:59:45.377,1.58132,1.58176,2.93,2.20
2012.07.12 12:59:45.949,1.58132,1.58176,3.12,2.20
2012.07.12 12:59:46.226,1.58132,1.58171,2.18,1.38
2012.07.12 12:59:46.356,1.58124,1.58166,1.13,1.87
2012.07.12 12:59:46.427,1.58124,1.58166,1.44,2.18
2012.07.12 12:59:46.496,1.58123,1.58165,1.44,1.19
2012.07.12 12:59:46.625,1.58123,1.58162,1.44,2.18
2012.07.12 12:59:47.048,1.58123,1.58161,1.13,1.38
2012.07.12 12:59:47.116,1.58119,1.58153,1.44,1.43
2012.07.12 12:59:47.707,1.58117,1.58153,1.44,2.18
2012.07.12 12:59:48.296,1.58117,1.58147,1.44,1.43
2012.07.12 12:59:48.488,1.58113,1.58147,1.12,1.62
2012.07.12 12:59:48.617,1.58112,1.58147,1.07,1.62
2012.07.12 12:59:48.687,1.58112,1.58147,1.07,2.37
2012.07.12 12:59:49.287,1.58111,1.58147,1.07,1.95
2012.07.12 12:59:49.706,1.58112,1.58146,1.07,1.28
2012.07.12 12:59:49.895,1.58105,1.58146,2.24,1.28
2012.07.12 12:59:49.967,1.58107,1.58139,1.87,1.43
2012.07.12 12:59:50.036,1.58109,1.58147,1.56,1.87
2012.07.12 12:59:50.105,1.58109,1.58147,1.87,1.43
2012.07.12 12:59:51.286,1.58112,1.58147,1.12,1.43
2012.07.12 12:59:51.948,1.58112,1.58147,1.12,2.37
2012.07.12 12:59:52.257,1.58105,1.58145,1.12,1.62
2012.07.12 12:59:52.329,1.58109,1.58145,1.13,1.62
2012.07.12 12:59:54.365,1.58109,1.58145,1.44,1.62
2012.07.12 12:59:54.500,1.58109,1.58147,1.44,1.62
2012.07.12 12:59:55.360,1.58109,1.58147,1.07,2.32
2012.07.12 12:59:55.486,1.58108,1.58147,1.44,1.62
