2011.12.08 08:00:00.364,1.58566,1.58616,1.50,1.09
2011.12.08 08:00:00.484,1.58561,1.58611,1.12,1.47
2011.12.08 08:00:00.604,1.58562,1.58606,1.12,1.14
2011.12.08 08:00:00.723,1.58561,1.58608,1.50,2.26
2011.12.08 08:00:00.842,1.58561,1.58609,1.50,1.14
2011.12.08 08:00:00.962,1.58561,1.58609,1.50,2.59
2011.12.08 08:00:01.514,1.5855,1.58603,1.12,1.13
2011.12.08 08:00:01.730,1.58552,1.58604,1.50,1.14
2011.12.08 08:00:01.959,1.58546,1.58604,1.87,1.51
2011.12.08 08:00:02.079,1.58551,1.58604,1.12,1.13
2011.12.08 08:00:02.198,1.58553,1.58607,1.50,1.14
2011.12.08 08:00:04.144,1.5854,1.58588,1.50,1.43
2011.12.08 08:00:04.480,1.58542,1.58595,2.33,1.14
2011.12.08 08:00:04.932,1.58541,1.58597,2.25,1.14
2011.12.08 08:00:05.269,1.58541,1.58594,1.65,1.51
2011.12.08 08:00:05.941,1.5854,1.58592,1.65,1.09
2011.12.08 08:00:06.065,1.58537,1.58585,1.50,1.13
2011.12.08 08:00:06.616,1.58537,1.58585,1.50,1.89
2011.12.08 08:00:06.739,1.58532,1.58583,1.13,1.14
2011.12.08 08:00:07.068,1.58533,1.58589,1.09,1.14
2011.12.08 08:00:07.181,1.58537,1.58589,1.13,1.14
2011.12.08 08:00:07.523,1.58543,1.58595,1.09,1.51
2011.12.08 08:00:07.755,1.58553,1.58604,1.13,1.48
2011.12.08 08:00:07.981,1.58552,1.586,1.50,1.14
2011.12.08 08:00:08.320,1.58543,1.586,2.22,1.14
2011.12.08 08:00:08.547,1.58543,1.58601,2.22,1.10
2011.12.08 08:00:09.012,1.58542,1.58597,1.87,1.13
2011.12.08 08:00:09.129,1.58544,1.58597,1.50,1.13
2011.12.08 08:00:09.470,1.58541,1.58595,1.50,1.14
2011.12.08 08:00:09.808,1.58544,1.58598,1.50,1.13
2011.12.08 08:00:11.272,1.58541,1.58596,1.88,1.14
2011.12.08 08:00:11.394,1.58537,1.58595,1.50,2.56
2011.12.08 08:00:11.870,1.58541,1.58594,1.50,2.18
2011.12.08 08:00:12.488,1.58541,1.58595,1.50,2.18
2011.12.08 08:00:12.819,1.58535,1.58589,1.09,1.14
2011.12.08 08:00:13.050,1.58532,1.58587,1.77,1.14
2011.12.08 08:00:13.731,1.5853,1.58588,1.50,3.28
2011.12.08 08:00:14.399,1.58529,1.58584,1.09,1.13
2011.12.08 08:00:14.981,1.58529,1.58579,1.09,1.14
2011.12.08 08:00:16.198,1.58529,1.58584,1.09,1.50
2011.12.08 08:00:16.310,1.58529,1.58584,1.09,1.88
2011.12.08 08:00:16.983,1.58525,1.58573,1.12,1.09
2011.12.08 08:00:17.103,1.58518,1.58571,1.12,1.14
2011.12.08 08:00:17.222,1.58518,1.5857,1.12,1.50
2011.12.08 08:00:17.682,1.58514,1.58565,1.50,2.52
2011.12.08 08:00:18.569,1.58506,1.58557,1.50,2.18
2011.12.08 08:00:18.800,1.58512,1.58561,1.50,1.14
2011.12.08 08:00:19.032,1.58518,1.58568,1.50,1.14
2011.12.08 08:00:19.148,1.58517,1.58568,1.50,1.14
2011.12.08 08:00:19.785,1.58517,1.58569,1.50,1.14
2011.12.08 08:00:20.009,1.58511,1.58563,1.50,1.14
2011.12.08 08:00:20.688,1.58511,1.58568,1.50,2.18
2011.12.08 08:00:21.957,1.58511,1.58568,1.87,2.18
2011.12.08 08:00:22.709,1.58516,1.58568,1.50,2.18
2011.12.08 08:00:22.829,1.58516,1.58564,1.50,1.14
2011.12.08 08:00:22.948,1.58511,1.58564,1.13,1.14
2011.12.08 08:00:23.491,1.58511,1.58566,1.88,1.14
2011.12.08 08:00:24.091,1.58512,1.58569,1.50,1.51
2011.12.08 08:00:24.433,1.58531,1.58578,1.13,1.81
2011.12.08 08:00:24.552,1.58528,1.58579,1.50,1.51
2011.12.08 08:00:24.672,1.58527,1.58578,1.50,1.13
2011.12.08 08:00:25.832,1.58521,1.58577,1.88,2.18
2011.12.08 08:00:26.392,1.58521,1.58578,2.25,1.14
2011.12.08 08:00:27.858,1.58521,1.58574,1.13,1.14
2011.12.08 08:00:27.969,1.58521,1.58574,1.13,1.14
2011.12.08 08:00:28.088,1.58521,1.58574,1.88,1.14
2011.12.08 08:00:28.703,1.58522,1.58576,1.50,1.50
2011.12.08 08:00:31.816,1.58523,1.58579,1.09,1.51
2011.12.08 08:00:32.149,1.58523,1.58574,1.09,1.51
2011.12.08 08:00:33.708,1.5852,1.58574,1.50,1.51
2011.12.08 08:00:34.148,1.58517,1.58577,1.50,1.48
2011.12.08 08:00:34.484,1.58517,1.58574,1.50,1.51
2011.12.08 08:00:34.990,1.58521,1.58578,1.13,1.48
2011.12.08 08:00:35.117,1.58522,1.58579,1.50,1.85
2011.12.08 08:00:35.362,1.58522,1.58575,1.50,1.14
2011.12.08 08:00:36.142,1.58521,1.58576,1.88,1.14
2011.12.08 08:00:36.374,1.58522,1.58575,1.50,1.14
2011.12.08 08:00:37.432,1.58521,1.58577,1.88,1.48
2011.12.08 08:00:40.166,1.58523,1.58572,1.09,1.13
2011.12.08 08:00:41.573,1.58522,1.58573,1.50,1.43
2011.12.08 08:00:42.120,1.58522,1.58574,1.50,1.09
2011.12.08 08:00:45.013,1.58525,1.58573,1.09,1.88
2011.12.08 08:00:46.361,1.58522,1.58568,1.50,1.13
2011.12.08 08:00:46.701,1.58521,1.5857,1.50,1.14
2011.12.08 08:00:46.931,1.58517,1.5857,1.50,1.14
2011.12.08 08:00:47.164,1.58519,1.58571,1.05,1.13
2011.12.08 08:00:47.612,1.58511,1.58565,1.50,2.56
2011.12.08 08:00:49.180,1.58511,1.58565,1.50,2.18
2011.12.08 08:00:50.272,1.58512,1.58568,1.50,1.51
2011.12.08 08:00:51.689,1.58516,1.58572,1.13,1.14
2011.12.08 08:00:51.810,1.58516,1.58574,1.88,1.14
2011.12.08 08:00:51.930,1.58517,1.58571,1.88,1.14
2011.12.08 08:00:52.540,1.58518,1.58574,1.50,2.18
2011.12.08 08:00:52.881,1.58517,1.58563,1.88,1.13
2011.12.08 08:00:53.548,1.58502,1.58553,1.13,2.18
2011.12.08 08:00:54.442,1.58503,1.58553,1.50,1.43
2011.12.08 08:00:55.068,1.58502,1.58553,1.88,2.18
2011.12.08 08:00:55.523,1.58503,1.58553,1.50,1.81
2011.12.08 08:00:55.644,1.58502,1.58553,1.88,2.56
2011.12.08 08:00:56.361,1.58502,1.58554,1.50,1.51
2011.12.08 08:00:57.260,1.58503,1.58554,1.50,1.81
2011.12.08 08:00:57.929,1.58506,1.58554,1.50,1.81
2011.12.08 08:01:00.048,1.58505,1.58557,1.50,2.19
2011.12.08 08:01:00.491,1.58511,1.58563,1.50,2.94
2011.12.08 08:01:01.624,1.58515,1.58563,1.50,1.51
2011.12.08 08:01:01.951,1.58512,1.58554,1.12,1.14
2011.12.08 08:01:02.179,1.58501,1.58553,1.50,1.14
2011.12.08 08:01:02.741,1.585,1.58553,1.50,1.13
2011.12.08 08:01:02.864,1.58497,1.58549,1.50,1.13
2011.12.08 08:01:03.200,1.58496,1.58549,1.28,1.13
2011.12.08 08:01:03.686,1.58496,1.58549,1.87,1.13
2011.12.08 08:01:03.826,1.58496,1.58549,1.87,1.13
2011.12.08 08:01:04.163,1.58496,1.58549,1.87,1.13
2011.12.08 08:01:04.504,1.58496,1.58551,1.87,1.14
2011.12.08 08:01:05.186,1.58496,1.5855,1.87,1.13
2011.12.08 08:01:05.784,1.58495,1.58547,1.50,1.14
2011.12.08 08:01:06.120,1.58496,1.58548,1.50,1.14
2011.12.08 08:01:06.682,1.58495,1.58548,1.50,1.14
2011.12.08 08:01:06.800,1.58495,1.58547,1.50,1.14
2011.12.08 08:01:06.922,1.58493,1.58545,1.13,2.18
2011.12.08 08:01:07.463,1.58493,1.58546,1.13,1.14
2011.12.08 08:01:08.447,1.58496,1.58546,1.50,2.56
2011.12.08 08:01:08.781,1.58496,1.58548,1.50,1.14
2011.12.08 08:01:09.119,1.58502,1.58548,1.13,1.14
2011.12.08 08:01:09.570,1.585,1.58548,1.50,1.14
2011.12.08 08:01:10.144,1.58503,1.58554,1.13,1.14
2011.12.08 08:01:11.026,1.58503,1.58549,1.13,1.14
2011.12.08 08:01:11.554,1.58503,1.58549,1.13,1.14
2011.12.08 08:01:12.690,1.58503,1.58549,1.13,1.14
2011.12.08 08:01:13.050,1.585,1.58549,1.50,1.14
2011.12.08 08:01:13.278,1.58501,1.58549,1.88,1.14
2011.12.08 08:01:13.503,1.585,1.58549,1.50,1.14
2011.12.08 08:01:13.840,1.58501,1.58549,1.13,1.14
2011.12.08 08:01:14.264,1.58504,1.58549,1.13,1.14
2011.12.08 08:01:14.944,1.58504,1.58549,1.13,1.14
2011.12.08 08:01:15.469,1.58504,1.58556,1.13,2.94
2011.12.08 08:01:15.920,1.585,1.58556,1.50,2.94
2011.12.08 08:01:16.661,1.585,1.58556,1.50,1.51
2011.12.08 08:01:17.497,1.58506,1.58555,1.50,1.14
2011.12.08 08:01:17.832,1.5851,1.58559,1.50,1.51
2011.12.08 08:01:18.173,1.5851,1.58556,1.50,1.14
2011.12.08 08:01:18.729,1.58503,1.58556,1.50,1.14
2011.12.08 08:01:19.073,1.58496,1.58544,1.50,1.50
2011.12.08 08:01:19.650,1.58491,1.58539,1.65,2.18
2011.12.08 08:01:19.771,1.58489,1.58539,1.20,2.18
2011.12.08 08:01:21.109,1.58487,1.58539,1.87,2.18
2011.12.08 08:01:21.894,1.58482,1.58539,1.50,1.14
2011.12.08 08:01:22.363,1.58481,1.58533,1.50,2.18
2011.12.08 08:01:22.929,1.58481,1.58533,1.50,2.56
2011.12.08 08:01:23.492,1.58481,1.58533,1.13,1.14
2011.12.08 08:01:24.161,1.58476,1.58534,1.88,1.51
2011.12.08 08:01:24.703,1.58466,1.58524,1.50,1.14
2011.12.08 08:01:24.824,1.5847,1.58529,1.13,1.14
2011.12.08 08:01:25.052,1.58465,1.5852,1.50,1.14
2011.12.08 08:01:25.632,1.58462,1.58517,1.13,1.14
2011.12.08 08:01:25.969,1.58457,1.58513,1.50,1.14
2011.12.08 08:01:27.562,1.58457,1.58513,1.50,1.14
2011.12.08 08:01:28.009,1.58459,1.58514,1.50,1.14
2011.12.08 08:01:28.338,1.58463,1.58516,1.88,2.18
2011.12.08 08:01:28.783,1.58464,1.58518,1.50,1.14
2011.12.08 08:01:29.012,1.58464,1.58517,1.50,1.14
2011.12.08 08:01:30.240,1.58463,1.58518,1.88,1.14
2011.12.08 08:01:30.687,1.58463,1.58518,1.88,1.14
2011.12.08 08:01:30.808,1.58468,1.58519,1.88,1.14
2011.12.08 08:01:33.006,1.58469,1.58519,1.50,1.14
2011.12.08 08:01:33.566,1.58468,1.58523,1.88,1.14
2011.12.08 08:01:33.835,1.58468,1.58519,1.88,1.14
2011.12.08 08:01:35.568,1.58468,1.58519,1.88,1.14
2011.12.08 08:01:35.680,1.58471,1.58519,1.13,1.14
2011.12.08 08:01:36.212,1.58466,1.58516,1.50,1.14
2011.12.08 08:01:37.251,1.5846,1.58517,1.50,1.14
2011.12.08 08:01:37.831,1.5846,1.58517,1.50,1.14
2011.12.08 08:01:39.122,1.5846,1.5852,1.50,2.19
2011.12.08 08:01:39.678,1.58474,1.58528,2.93,1.51
2011.12.08 08:01:40.304,1.58475,1.58528,1.50,1.51
2011.12.08 08:01:41.176,1.58476,1.58528,1.50,1.14
2011.12.08 08:01:41.621,1.58477,1.58531,1.50,1.48
2011.12.08 08:01:41.860,1.58475,1.58533,1.88,1.10
2011.12.08 08:01:42.199,1.58475,1.58531,1.88,1.09
2011.12.08 08:01:46.951,1.58482,1.58532,1.13,1.14
2011.12.08 08:01:47.182,1.58483,1.58535,2.18,1.48
2011.12.08 08:01:47.915,1.58482,1.58534,2.18,1.48
2011.12.08 08:01:48.034,1.58484,1.58529,1.50,1.13
2011.12.08 08:01:48.369,1.58476,1.58537,1.50,2.19
2011.12.08 08:01:48.601,1.58485,1.58538,1.65,1.51
2011.12.08 08:01:48.828,1.58487,1.58533,1.50,1.14
2011.12.08 08:01:49.381,1.58488,1.58533,1.13,1.14
2011.12.08 08:01:50.752,1.58489,1.58539,1.50,1.14
2011.12.08 08:01:51.415,1.5849,1.58541,1.50,1.14
2011.12.08 08:01:51.750,1.58489,1.58533,1.50,1.14
2011.12.08 08:01:51.981,1.58488,1.58543,1.13,1.51
2011.12.08 08:01:52.538,1.5849,1.58543,1.50,1.51
2011.12.08 08:01:53.802,1.5849,1.58543,2.18,1.51
2011.12.08 08:01:54.663,1.5849,1.58543,2.18,1.51
2011.12.08 08:01:54.892,1.58497,1.58543,2.18,1.13
2011.12.08 08:01:55.014,1.58491,1.58547,1.84,2.26
2011.12.08 08:01:55.568,1.58491,1.58543,1.84,1.13
2011.12.08 08:01:56.610,1.58492,1.58542,2.18,1.13
2011.12.08 08:01:57.383,1.58491,1.58538,1.50,1.13
2011.12.08 08:01:57.498,1.58491,1.58536,1.50,1.13
2011.12.08 08:01:58.876,1.58486,1.58536,2.25,1.50
2011.12.08 08:01:59.212,1.58489,1.58542,1.50,1.09
2011.12.08 08:01:59.330,1.58489,1.58542,1.50,1.47
2011.12.08 08:01:59.673,1.58489,1.58543,1.13,1.10
2011.12.08 08:02:00.013,1.58489,1.58539,1.13,1.14
2011.12.08 08:02:00.242,1.58487,1.58535,1.50,1.51
2011.12.08 08:02:00.768,1.58484,1.58535,1.88,1.13
2011.12.08 08:02:01.642,1.58484,1.58535,1.13,1.13
2011.12.08 08:02:02.165,1.58484,1.58535,1.13,1.14
2011.12.08 08:02:04.511,1.58484,1.58536,1.47,1.14
2011.12.08 08:02:05.163,1.58487,1.58536,1.13,1.14
2011.12.08 08:02:05.710,1.58489,1.58538,1.50,1.89
2011.12.08 08:02:07.179,1.5849,1.58538,1.50,1.89
2011.12.08 08:02:08.171,1.58489,1.58538,1.50,1.89
2011.12.08 08:02:10.031,1.5849,1.58535,1.50,1.14
2011.12.08 08:02:11.001,1.58501,1.58544,1.09,1.51
2011.12.08 08:02:12.099,1.58502,1.58543,1.09,1.51
2011.12.08 08:02:12.649,1.58502,1.58543,1.09,1.51
2011.12.08 08:02:12.770,1.58502,1.58543,1.09,1.50
2011.12.08 08:02:15.933,1.58502,1.58549,1.09,2.25
2011.12.08 08:02:16.054,1.58501,1.58549,1.09,1.50
2011.12.08 08:02:16.171,1.58495,1.58544,1.65,1.84
2011.12.08 08:02:21.420,1.58495,1.58542,1.12,1.50
2011.12.08 08:02:23.650,1.58495,1.58538,1.13,1.09
2011.12.08 08:02:24.073,1.58495,1.58539,1.88,1.09
2011.12.08 08:02:24.280,1.58495,1.58538,1.13,1.09
2011.12.08 08:02:25.265,1.58495,1.58538,1.13,1.09
2011.12.08 08:02:25.930,1.58495,1.58538,1.13,1.09
2011.12.08 08:02:28.484,1.58495,1.5854,1.13,1.14
2011.12.08 08:02:28.601,1.58496,1.5854,1.50,1.14
2011.12.08 08:02:28.724,1.58495,1.5854,1.13,1.48
2011.12.08 08:02:28.844,1.58495,1.5854,1.88,1.09
2011.12.08 08:02:29.247,1.58498,1.58543,1.09,1.51
2011.12.08 08:02:29.366,1.58498,1.58543,1.09,1.14
2011.12.08 08:02:29.480,1.58501,1.58546,1.13,1.81
2011.12.08 08:02:29.708,1.58506,1.58553,1.09,1.14
2011.12.08 08:02:29.929,1.58506,1.58557,1.09,1.14
2011.12.08 08:02:30.488,1.58506,1.58559,1.09,1.48
2011.12.08 08:02:30.710,1.58506,1.58556,1.09,1.14
2011.12.08 08:02:32.070,1.58506,1.58559,1.09,1.48
2011.12.08 08:02:32.187,1.58506,1.58556,1.09,1.14
2011.12.08 08:02:33.514,1.58501,1.58556,1.13,1.14
2011.12.08 08:02:33.745,1.58496,1.58552,1.50,1.14
2011.12.08 08:02:34.389,1.58495,1.5855,1.12,1.50
2011.12.08 08:02:34.459,1.58497,1.58551,1.50,1.14
2011.12.08 08:02:34.804,1.58499,1.58553,1.50,2.19
2011.12.08 08:02:34.923,1.58501,1.58551,1.13,1.14
2011.12.08 08:02:35.040,1.58501,1.58559,1.13,1.48
2011.12.08 08:02:35.159,1.58502,1.58559,1.87,1.48
2011.12.08 08:02:35.821,1.58502,1.5856,1.87,2.23
2011.12.08 08:02:36.051,1.58503,1.58559,1.87,1.14
2011.12.08 08:02:36.385,1.58503,1.58555,1.87,1.14
2011.12.08 08:02:39.595,1.58503,1.58555,1.12,1.14
2011.12.08 08:02:39.712,1.58503,1.58555,1.87,1.14
2011.12.08 08:02:40.509,1.58497,1.58553,1.87,2.18
2011.12.08 08:02:40.630,1.58497,1.58551,1.50,1.14
2011.12.08 08:02:41.219,1.58497,1.58551,1.50,2.18
2011.12.08 08:02:41.857,1.58497,1.58551,1.50,1.14
2011.12.08 08:02:44.230,1.58507,1.58553,2.40,1.14
2011.12.08 08:02:44.574,1.58506,1.58555,1.05,1.14
2011.12.08 08:02:44.692,1.58506,1.58555,1.05,1.14
2011.12.08 08:02:44.811,1.58506,1.58555,1.80,1.14
2011.12.08 08:02:44.931,1.58512,1.58555,1.84,1.14
2011.12.08 08:02:45.051,1.58517,1.58558,1.09,1.14
2011.12.08 08:02:45.173,1.58517,1.58562,1.09,1.14
2011.12.08 08:02:45.290,1.58518,1.58568,1.09,2.18
2011.12.08 08:02:46.061,1.58521,1.58569,1.88,1.14
2011.12.08 08:02:47.766,1.58521,1.58569,1.13,1.14
2011.12.08 08:02:49.262,1.58531,1.58573,1.46,1.13
2011.12.08 08:02:49.384,1.58531,1.58578,1.87,1.14
2011.12.08 08:02:49.725,1.58535,1.58578,1.84,1.14
2011.12.08 08:02:50.142,1.58535,1.58583,1.84,1.14
2011.12.08 08:02:50.480,1.58537,1.58584,1.09,1.13
2011.12.08 08:02:51.251,1.58535,1.58584,1.84,1.13
2011.12.08 08:02:51.590,1.58537,1.58587,1.09,1.14
2011.12.08 08:02:51.713,1.58535,1.58587,1.84,1.14
2011.12.08 08:02:51.939,1.58537,1.58585,1.09,2.18
2011.12.08 08:02:57.641,1.58535,1.58587,2.97,2.18
2011.12.08 08:02:58.078,1.58536,1.58587,1.84,2.56
2011.12.08 08:02:58.195,1.58542,1.58587,1.13,1.77
2011.12.08 08:02:58.530,1.58547,1.58594,1.50,1.14
2011.12.08 08:02:58.761,1.58549,1.58597,1.50,1.09
2011.12.08 08:02:59.209,1.58551,1.58598,2.97,1.14
2011.12.08 08:03:00.617,1.58554,1.58598,1.05,1.09
2011.12.08 08:03:00.733,1.58554,1.58597,1.05,1.09
2011.12.08 08:03:00.964,1.58547,1.58597,1.83,1.09
2011.12.08 08:03:01.941,1.58547,1.58596,1.50,1.09
2011.12.08 08:03:02.863,1.58543,1.58595,1.20,2.18
2011.12.08 08:03:03.281,1.58537,1.5859,1.46,1.14
2011.12.08 08:03:03.402,1.58542,1.58586,1.50,2.18
2011.12.08 08:03:03.959,1.58542,1.58586,1.50,2.18
2011.12.08 08:03:04.281,1.58533,1.58582,1.65,1.14
2011.12.08 08:03:04.619,1.58532,1.5858,1.50,2.18
2011.12.08 08:03:05.568,1.58532,1.5858,1.50,2.18
2011.12.08 08:03:06.580,1.58532,1.5858,1.50,2.18
2011.12.08 08:03:06.809,1.58529,1.58581,1.83,2.18
2011.12.08 08:03:07.140,1.58532,1.58577,1.50,1.43
2011.12.08 08:03:07.716,1.58532,1.58577,1.50,1.43
2011.12.08 08:03:08.691,1.58532,1.58577,1.50,1.43
2011.12.08 08:03:09.300,1.58533,1.58577,1.50,1.81
2011.12.08 08:03:09.422,1.58527,1.58572,1.50,1.14
2011.12.08 08:03:09.651,1.58527,1.58572,1.88,1.14
2011.12.08 08:03:10.112,1.58531,1.58577,1.13,1.81
2011.12.08 08:03:10.236,1.58531,1.58584,1.88,1.13
2011.12.08 08:03:10.351,1.58531,1.58584,1.13,1.13
2011.12.08 08:03:10.664,1.58531,1.58584,1.88,1.13
2011.12.08 08:03:11.233,1.58531,1.58584,1.88,1.14
2011.12.08 08:03:11.790,1.58532,1.58584,1.50,1.14
2011.12.08 08:03:14.699,1.58532,1.58584,1.50,1.14
2011.12.08 08:03:15.041,1.58532,1.58584,1.50,1.14
2011.12.08 08:03:15.382,1.58531,1.58585,1.13,1.51
2011.12.08 08:03:15.912,1.58531,1.58579,1.88,2.18
2011.12.08 08:03:16.348,1.58531,1.5858,1.13,2.18
2011.12.08 08:03:17.029,1.58531,1.5858,1.88,2.18
2011.12.08 08:03:17.791,1.58531,1.5858,1.88,2.18
2011.12.08 08:03:17.909,1.58531,1.58579,1.13,2.18
2011.12.08 08:03:18.710,1.58527,1.58576,1.87,2.18
2011.12.08 08:03:20.000,1.58527,1.58576,1.50,1.43
2011.12.08 08:03:20.339,1.58535,1.58583,1.50,1.14
2011.12.08 08:03:20.682,1.58531,1.58577,1.50,1.43
2011.12.08 08:03:21.323,1.58527,1.58574,1.50,2.18
2011.12.08 08:03:21.444,1.58523,1.58574,1.12,2.18
2011.12.08 08:03:21.705,1.58521,1.58574,1.50,2.18
2011.12.08 08:03:22.629,1.58521,1.58574,1.50,2.18
2011.12.08 08:03:24.396,1.58527,1.58575,1.50,1.43
2011.12.08 08:03:24.509,1.58527,1.58575,1.50,2.18
2011.12.08 08:03:24.978,1.58527,1.58577,1.50,1.80
2011.12.08 08:03:26.576,1.58528,1.58577,1.50,1.43
2011.12.08 08:03:26.693,1.58532,1.58583,1.50,1.14
2011.12.08 08:03:27.410,1.58533,1.58583,1.50,1.14
2011.12.08 08:03:27.528,1.58531,1.5858,1.88,1.14
2011.12.08 08:03:27.662,1.58533,1.58583,1.50,1.14
2011.12.08 08:03:27.879,1.58531,1.5858,1.88,1.14
2011.12.08 08:03:28.222,1.58531,1.58577,1.50,1.43
2011.12.08 08:03:28.340,1.58528,1.58577,1.50,1.43
2011.12.08 08:03:28.459,1.58527,1.58577,1.65,2.18
2011.12.08 08:03:28.690,1.58528,1.58577,1.50,1.43
2011.12.08 08:03:28.809,1.58528,1.5858,1.50,2.56
2011.12.08 08:03:30.199,1.58525,1.58579,1.50,1.14
2011.12.08 08:03:31.349,1.58529,1.58579,1.50,1.14
2011.12.08 08:03:33.715,1.58529,1.58581,1.50,1.81
2011.12.08 08:03:39.502,1.5853,1.58583,1.50,1.14
2011.12.08 08:03:40.924,1.58529,1.58583,1.50,2.56
2011.12.08 08:03:42.990,1.5853,1.58583,1.50,1.14
2011.12.08 08:03:45.560,1.58529,1.58584,1.50,2.56
2011.12.08 08:03:46.921,1.58529,1.58584,1.50,2.56
2011.12.08 08:03:47.150,1.5853,1.58579,1.50,1.13
2011.12.08 08:03:47.492,1.58526,1.58576,1.50,2.18
2011.12.08 08:03:47.614,1.58526,1.58576,1.50,1.43
2011.12.08 08:03:47.734,1.58526,1.58579,1.13,1.14
2011.12.08 08:03:48.085,1.58536,1.58583,1.13,1.14
2011.12.08 08:03:51.468,1.58537,1.58588,1.84,1.14
2011.12.08 08:03:53.201,1.58537,1.58583,1.09,1.14
2011.12.08 08:03:53.749,1.58536,1.58579,1.09,1.13
2011.12.08 08:03:54.610,1.58537,1.58584,1.09,1.14
2011.12.08 08:03:57.729,1.5854,1.5859,1.13,2.56
2011.12.08 08:03:58.394,1.58541,1.58594,1.50,1.14
2011.12.08 08:03:59.179,1.58542,1.58594,1.50,1.14
2011.12.08 08:03:59.300,1.58542,1.58589,1.50,1.14
2011.12.08 08:04:02.074,1.58534,1.58589,2.03,1.14
2011.12.08 08:04:04.732,1.58538,1.5859,1.09,1.14
2011.12.08 08:04:05.173,1.58539,1.5859,1.50,1.14
2011.12.08 08:04:06.181,1.5854,1.58593,1.13,1.14
2011.12.08 08:04:06.300,1.58542,1.58593,1.50,1.13
2011.12.08 08:04:06.421,1.58541,1.58584,1.50,1.13
2011.12.08 08:04:06.930,1.58541,1.58591,1.50,1.13
2011.12.08 08:04:07.042,1.58537,1.58591,1.84,1.51
2011.12.08 08:04:07.570,1.58542,1.58595,1.50,1.14
2011.12.08 08:04:10.242,1.58541,1.58599,1.50,1.48
2011.12.08 08:04:11.218,1.58542,1.58599,1.50,1.48
2011.12.08 08:04:11.555,1.58542,1.58595,1.50,1.14
2011.12.08 08:04:11.781,1.58542,1.58599,1.50,1.48
2011.12.08 08:04:12.550,1.58542,1.58598,1.50,1.48
2011.12.08 08:04:13.660,1.58541,1.58597,1.50,1.81
2011.12.08 08:04:14.249,1.58542,1.58597,1.50,1.81
2011.12.08 08:04:14.993,1.58537,1.58595,1.50,2.19
2011.12.08 08:04:16.679,1.58538,1.58595,1.50,2.19
2011.12.08 08:04:16.800,1.58538,1.58594,1.50,1.14
2011.12.08 08:04:17.404,1.58538,1.58595,1.50,2.19
2011.12.08 08:04:17.526,1.58537,1.58594,1.50,1.14
2011.12.08 08:04:17.646,1.58537,1.58595,1.50,2.19
2011.12.08 08:04:17.870,1.58537,1.58593,1.50,1.50
2011.12.08 08:04:20.081,1.58538,1.58593,1.50,1.14
2011.12.08 08:04:20.203,1.5854,1.58594,1.13,1.14
2011.12.08 08:04:20.991,1.58542,1.58595,1.50,1.14
2011.12.08 08:04:21.721,1.58546,1.58598,1.50,1.48
2011.12.08 08:04:22.173,1.58543,1.58595,1.12,1.14
2011.12.08 08:04:22.627,1.58542,1.58596,2.18,1.14
2011.12.08 08:04:22.753,1.58539,1.58595,1.05,1.14
2011.12.08 08:04:22.859,1.58538,1.58595,1.12,1.14
2011.12.08 08:04:23.669,1.58539,1.58595,1.13,1.14
2011.12.08 08:04:23.791,1.58543,1.58595,1.13,1.14
2011.12.08 08:04:23.912,1.58542,1.58596,1.50,1.14
2011.12.08 08:04:24.140,1.58541,1.58596,1.50,1.14
2011.12.08 08:04:25.448,1.58541,1.58596,1.50,1.14
2011.12.08 08:04:25.800,1.5854,1.58595,1.13,1.14
2011.12.08 08:04:25.919,1.58541,1.58595,1.50,1.14
2011.12.08 08:04:26.150,1.58542,1.58595,1.50,1.14
2011.12.08 08:04:26.382,1.58547,1.58596,1.50,1.14
2011.12.08 08:04:26.611,1.58547,1.58595,1.13,1.14
2011.12.08 08:04:26.894,1.58552,1.58598,1.13,1.14
2011.12.08 08:04:27.231,1.58555,1.58605,1.13,1.13
2011.12.08 08:04:27.705,1.58544,1.58584,1.35,2.18
2011.12.08 08:04:27.929,1.58536,1.58584,1.12,2.18
2011.12.08 08:04:28.154,1.58532,1.58584,1.12,2.18
2011.12.08 08:04:28.271,1.58536,1.58584,1.50,2.18
2011.12.08 08:04:28.722,1.58536,1.58584,1.50,1.43
2011.12.08 08:04:29.239,1.58536,1.58584,1.50,2.18
2011.12.08 08:04:29.411,1.58536,1.58584,1.50,1.43
2011.12.08 08:04:29.632,1.58536,1.58584,1.50,2.18
2011.12.08 08:04:30.660,1.58536,1.58584,1.50,1.43
2011.12.08 08:04:30.780,1.58536,1.58584,1.50,2.93
2011.12.08 08:04:30.900,1.58537,1.58584,1.12,2.93
2011.12.08 08:04:31.024,1.58536,1.58584,1.50,1.14
2011.12.08 08:04:31.145,1.58526,1.5857,1.50,1.43
2011.12.08 08:04:31.267,1.58532,1.58572,1.50,1.43
2011.12.08 08:04:31.384,1.58522,1.58578,1.50,1.13
2011.12.08 08:04:31.875,1.58522,1.58581,1.50,1.14
2011.12.08 08:04:32.020,1.58523,1.5858,1.50,1.14
2011.12.08 08:04:32.463,1.58523,1.58583,1.50,1.14
2011.12.08 08:04:32.810,1.58526,1.58571,1.43,1.13
2011.12.08 08:04:32.936,1.58522,1.5857,1.50,1.13
2011.12.08 08:04:33.556,1.58517,1.58559,1.13,2.18
2011.12.08 08:04:33.861,1.58515,1.58565,1.50,2.18
2011.12.08 08:04:33.989,1.58513,1.58568,1.43,1.14
2011.12.08 08:04:34.541,1.58515,1.58568,1.50,1.14
2011.12.08 08:04:34.983,1.5851,1.58569,1.50,2.56
2011.12.08 08:04:35.469,1.58511,1.58568,1.50,1.14
2011.12.08 08:04:35.813,1.5851,1.58569,1.50,1.14
2011.12.08 08:04:35.930,1.5851,1.58569,1.50,1.14
2011.12.08 08:04:37.014,1.58511,1.58568,1.50,1.14
2011.12.08 08:04:37.563,1.58511,1.58568,1.50,1.14
2011.12.08 08:04:37.898,1.5851,1.58569,1.50,1.14
2011.12.08 08:04:39.278,1.58511,1.58569,1.50,2.56
2011.12.08 08:04:39.838,1.58511,1.58568,1.50,1.14
2011.12.08 08:04:41.033,1.5851,1.58569,1.50,2.90
2011.12.08 08:04:41.595,1.5851,1.58559,1.50,2.18
2011.12.08 08:04:46.991,1.58507,1.58559,1.50,2.18
2011.12.08 08:04:47.551,1.58501,1.58553,1.50,2.18
2011.12.08 08:04:47.672,1.58497,1.58553,1.84,2.18
2011.12.08 08:04:48.230,1.58497,1.58553,1.84,2.55
2011.12.08 08:04:48.820,1.58497,1.58553,1.84,2.94
2011.12.08 08:04:49.050,1.58497,1.58551,1.09,1.14
2011.12.08 08:04:49.278,1.58497,1.58553,1.09,2.94
2011.12.08 08:04:49.900,1.58497,1.58553,1.84,2.94
2011.12.08 08:04:50.714,1.58497,1.5855,1.84,1.14
2011.12.08 08:04:50.944,1.58497,1.58548,1.09,1.43
2011.12.08 08:04:51.503,1.58508,1.58563,1.13,2.94
2011.12.08 08:04:51.733,1.58503,1.58559,1.13,1.48
2011.12.08 08:04:51.966,1.58505,1.58558,1.50,1.85
2011.12.08 08:04:52.192,1.58505,1.58554,1.13,1.14
2011.12.08 08:04:52.314,1.58499,1.58544,2.18,1.51
2011.12.08 08:04:52.652,1.58503,1.58549,1.13,1.14
2011.12.08 08:04:52.879,1.58504,1.58559,1.50,1.66
2011.12.08 08:04:53.509,1.58505,1.58558,1.50,1.14
2011.12.08 08:04:53.729,1.58505,1.58554,1.50,1.14
2011.12.08 08:04:58.009,1.58505,1.58559,1.50,1.14
2011.12.08 08:04:58.680,1.58504,1.58563,1.50,1.51
2011.12.08 08:04:59.021,1.58504,1.58563,1.50,1.51
2011.12.08 08:04:59.629,1.58505,1.58563,1.50,1.51
2011.12.08 08:05:00.140,1.58505,1.5856,1.50,1.14
2011.12.08 08:05:01.418,1.58505,1.5856,1.50,1.14
2011.12.08 08:05:04.289,1.58503,1.5856,1.50,1.14
2011.12.08 08:05:04.851,1.58505,1.5856,1.50,1.14
2011.12.08 08:05:05.190,1.58503,1.5856,1.50,1.14
2011.12.08 08:05:06.257,1.58504,1.58561,1.50,1.48
2011.12.08 08:05:06.373,1.58503,1.58561,1.13,1.48
2011.12.08 08:05:06.601,1.58502,1.58552,1.50,1.14
2011.12.08 08:05:06.833,1.58502,1.58552,1.88,1.14
2011.12.08 08:05:07.391,1.58503,1.58556,1.87,1.13
2011.12.08 08:05:08.107,1.58506,1.58563,1.50,1.48
2011.12.08 08:05:08.222,1.58506,1.58558,1.50,1.13
2011.12.08 08:05:09.151,1.58501,1.58557,1.50,1.14
2011.12.08 08:05:09.269,1.58502,1.58557,1.50,1.14
2011.12.08 08:05:10.475,1.58501,1.58557,1.50,1.14
2011.12.08 08:05:10.900,1.58502,1.58557,1.50,1.14
2011.12.08 08:05:13.027,1.58503,1.58559,1.50,1.51
2011.12.08 08:05:13.373,1.58511,1.58568,1.13,1.51
2011.12.08 08:05:14.381,1.58513,1.58568,1.50,1.51
2011.12.08 08:05:14.501,1.58513,1.58563,1.50,1.14
2011.12.08 08:05:15.535,1.58517,1.58572,1.13,1.14
2011.12.08 08:05:15.651,1.58518,1.58573,2.93,1.85
2011.12.08 08:05:16.552,1.58522,1.58573,1.13,1.51
2011.12.08 08:05:16.670,1.58521,1.5857,1.13,1.13
2011.12.08 08:05:17.258,1.58521,1.58572,1.13,1.51
2011.12.08 08:05:17.589,1.58522,1.58573,1.13,1.51
2011.12.08 08:05:18.148,1.58522,1.58572,1.13,1.14
2011.12.08 08:05:18.901,1.58522,1.58571,1.13,1.14
2011.12.08 08:05:19.129,1.58524,1.58576,1.50,2.18
2011.12.08 08:05:19.461,1.58525,1.58577,1.50,1.43
2011.12.08 08:05:19.912,1.58524,1.58578,1.50,2.55
2011.12.08 08:05:24.186,1.58525,1.58578,1.50,1.51
2011.12.08 08:05:24.520,1.58527,1.58579,1.13,1.14
2011.12.08 08:05:25.186,1.58531,1.58583,1.13,1.14
2011.12.08 08:05:25.740,1.58528,1.58582,1.50,1.14
2011.12.08 08:05:26.571,1.58527,1.58584,1.50,1.89
2011.12.08 08:05:27.371,1.58528,1.58584,1.50,1.89
2011.12.08 08:05:27.720,1.58532,1.58587,1.13,1.14
2011.12.08 08:05:28.174,1.58532,1.58584,1.88,1.14
2011.12.08 08:05:28.621,1.58537,1.58583,1.50,1.13
2011.12.08 08:05:29.210,1.58535,1.58588,1.12,1.13
2011.12.08 08:05:29.341,1.58532,1.58588,1.87,1.13
2011.12.08 08:05:29.683,1.58532,1.58583,1.87,1.13
2011.12.08 08:05:29.909,1.58525,1.58579,1.12,1.13
2011.12.08 08:05:30.138,1.58527,1.5858,1.50,1.14
2011.12.08 08:05:30.471,1.58524,1.58578,1.50,1.51
2011.12.08 08:05:30.703,1.58526,1.58578,1.13,1.14
2011.12.08 08:05:30.932,1.58527,1.58582,1.50,1.14
2011.12.08 08:05:31.165,1.58528,1.58582,1.50,1.14
2011.12.08 08:05:31.642,1.58527,1.58578,1.50,1.13
2011.12.08 08:05:34.080,1.58523,1.58578,1.50,1.51
2011.12.08 08:05:34.312,1.58522,1.58575,1.88,1.14
2011.12.08 08:05:37.307,1.58522,1.58574,1.88,1.14
2011.12.08 08:05:37.860,1.58522,1.58575,1.88,1.14
2011.12.08 08:05:38.338,1.58522,1.58579,1.88,1.51
2011.12.08 08:05:39.301,1.58523,1.58579,1.50,1.51
2011.12.08 08:05:39.833,1.58525,1.58579,1.50,1.51
2011.12.08 08:05:39.955,1.58525,1.58579,1.50,1.14
2011.12.08 08:05:40.077,1.58522,1.58574,1.50,1.14
2011.12.08 08:05:40.410,1.58516,1.58568,1.50,2.18
2011.12.08 08:05:41.290,1.58522,1.58573,1.13,1.14
2011.12.08 08:05:41.849,1.58522,1.58575,1.88,1.14
2011.12.08 08:05:42.939,1.58522,1.58575,1.88,1.14
2011.12.08 08:05:44.289,1.58515,1.5857,1.87,1.51
2011.12.08 08:05:46.242,1.58513,1.58558,1.12,1.13
2011.12.08 08:05:46.362,1.58512,1.58558,1.50,1.51
2011.12.08 08:05:46.786,1.58497,1.58543,1.50,1.13
2011.12.08 08:05:46.910,1.58496,1.58543,1.50,1.13
2011.12.08 08:05:47.019,1.58496,1.58543,1.50,1.51
2011.12.08 08:05:47.461,1.58495,1.58544,1.50,1.43
2011.12.08 08:05:47.580,1.58496,1.58549,1.50,1.51
2011.12.08 08:05:47.923,1.58498,1.58552,1.13,1.81
2011.12.08 08:05:48.149,1.58498,1.58554,1.88,1.89
2011.12.08 08:05:48.271,1.58498,1.58554,1.88,1.14
2011.12.08 08:05:48.412,1.58498,1.58554,1.88,1.14
2011.12.08 08:05:49.151,1.58499,1.58554,1.50,1.14
2011.12.08 08:05:49.675,1.58499,1.58558,1.50,1.51
2011.12.08 08:05:51.052,1.58498,1.58558,1.88,1.51
2011.12.08 08:05:52.792,1.58506,1.58559,1.50,1.81
2011.12.08 08:05:53.300,1.58507,1.58563,1.50,1.14
2011.12.08 08:05:53.532,1.58506,1.58564,1.50,1.14
2011.12.08 08:05:54.090,1.58502,1.58554,1.50,1.14
2011.12.08 08:05:54.631,1.58496,1.58554,1.50,1.14
2011.12.08 08:05:54.752,1.58496,1.58554,1.50,1.14
2011.12.08 08:05:55.470,1.58496,1.58554,1.50,1.14
2011.12.08 08:05:56.422,1.58496,1.58554,1.50,1.14
2011.12.08 08:05:57.011,1.58496,1.58554,1.50,1.14
2011.12.08 08:05:59.460,1.58496,1.58553,1.50,1.50
2011.12.08 08:05:59.582,1.58496,1.58548,1.50,1.51
2011.12.08 08:05:59.702,1.58496,1.58545,1.50,1.14
2011.12.08 08:06:00.354,1.58496,1.58548,1.50,2.94
2011.12.08 08:06:00.468,1.58496,1.58549,1.50,2.25
2011.12.08 08:06:01.712,1.58495,1.58549,1.50,1.50
2011.12.08 08:06:02.384,1.58495,1.58551,1.50,2.19
2011.12.08 08:06:02.851,1.58503,1.58554,1.09,1.14
2011.12.08 08:06:03.618,1.58503,1.58554,1.09,1.14
2011.12.08 08:06:03.730,1.58503,1.58559,1.09,2.56
2011.12.08 08:06:05.539,1.58502,1.58559,1.50,1.81
2011.12.08 08:06:05.651,1.58502,1.58559,1.87,2.56
2011.12.08 08:06:07.816,1.58502,1.58558,1.87,1.14
2011.12.08 08:06:08.269,1.58501,1.58559,2.21,2.56
2011.12.08 08:06:08.869,1.58501,1.58558,2.21,1.43
2011.12.08 08:06:08.997,1.58502,1.58558,1.87,1.14
2011.12.08 08:06:09.142,1.58502,1.58558,1.87,1.14
2011.12.08 08:06:09.911,1.58502,1.58558,1.87,1.14
2011.12.08 08:06:10.894,1.58502,1.58558,1.87,1.14
2011.12.08 08:06:13.141,1.58507,1.58564,1.50,1.14
2011.12.08 08:06:14.238,1.58506,1.58564,1.50,1.14
2011.12.08 08:06:14.704,1.58505,1.58557,1.13,1.13
2011.12.08 08:06:14.813,1.58502,1.58555,1.50,1.14
2011.12.08 08:06:17.370,1.58501,1.58548,1.50,1.50
2011.12.08 08:06:17.851,1.585,1.58554,1.50,1.50
2011.12.08 08:06:18.221,1.585,1.58548,1.50,1.50
2011.12.08 08:06:18.493,1.585,1.58554,1.50,1.50
2011.12.08 08:06:18.724,1.585,1.58549,1.50,1.88
2011.12.08 08:06:19.347,1.58501,1.58547,1.50,1.14
2011.12.08 08:06:20.511,1.58492,1.58547,1.50,1.14
2011.12.08 08:06:20.931,1.58497,1.58545,1.88,1.50
2011.12.08 08:06:21.058,1.58498,1.58549,1.50,1.89
2011.12.08 08:06:21.174,1.58499,1.58549,1.50,1.14
2011.12.08 08:06:21.291,1.58493,1.58547,1.88,1.14
2011.12.08 08:06:21.519,1.58493,1.58546,1.50,1.13
2011.12.08 08:06:21.642,1.58488,1.58543,2.25,1.50
2011.12.08 08:06:21.981,1.58489,1.58543,1.87,1.50
2011.12.08 08:06:22.327,1.58489,1.58543,1.87,1.50
2011.12.08 08:06:22.769,1.58489,1.58541,1.87,1.50
2011.12.08 08:06:23.371,1.58488,1.58538,1.87,1.50
2011.12.08 08:06:23.498,1.58489,1.58537,1.50,1.14
2011.12.08 08:06:23.831,1.58489,1.58537,1.87,1.14
2011.12.08 08:06:23.951,1.58484,1.58535,1.65,1.14
2011.12.08 08:06:24.181,1.58484,1.58535,1.65,1.14
2011.12.08 08:06:24.743,1.58481,1.58536,1.50,1.51
2011.12.08 08:06:24.861,1.58477,1.58535,1.50,2.19
2011.12.08 08:06:25.204,1.58477,1.58533,1.50,1.14
2011.12.08 08:06:26.469,1.58482,1.58535,1.13,2.56
2011.12.08 08:06:26.585,1.58484,1.58535,1.50,1.14
2011.12.08 08:06:26.701,1.58495,1.58536,1.13,1.14
2011.12.08 08:06:27.042,1.58486,1.58533,1.50,1.13
2011.12.08 08:06:27.276,1.58487,1.58526,1.50,1.43
2011.12.08 08:06:27.511,1.58486,1.58533,1.50,1.43
2011.12.08 08:06:27.632,1.58486,1.58533,1.50,1.43
2011.12.08 08:06:27.754,1.58479,1.58537,1.50,1.48
2011.12.08 08:06:28.175,1.58479,1.58533,1.50,1.50
2011.12.08 08:06:28.294,1.58479,1.58533,1.50,1.50
2011.12.08 08:06:28.929,1.58479,1.58535,1.50,1.51
2011.12.08 08:06:29.144,1.58479,1.58533,1.50,1.13
2011.12.08 08:06:29.267,1.58479,1.58534,1.50,1.13
2011.12.08 08:06:29.492,1.58478,1.5853,1.50,1.14
2011.12.08 08:06:29.832,1.58478,1.5853,1.50,1.14
2011.12.08 08:06:29.951,1.58478,1.5853,1.50,1.14
2011.12.08 08:06:30.180,1.58478,1.5853,1.50,1.14
2011.12.08 08:06:30.981,1.58478,1.5853,1.50,1.14
2011.12.08 08:06:31.434,1.5848,1.58526,1.13,1.14
2011.12.08 08:06:31.775,1.58485,1.58546,1.13,1.14
2011.12.08 08:06:31.890,1.58485,1.58547,1.13,1.14
2011.12.08 08:06:32.465,1.58488,1.58547,1.50,1.14
2011.12.08 08:06:33.070,1.58487,1.58547,1.50,1.14
2011.12.08 08:06:35.751,1.58487,1.58546,1.50,1.14
2011.12.08 08:06:36.702,1.58488,1.58549,1.50,1.89
2011.12.08 08:06:36.933,1.58494,1.58549,1.13,1.51
2011.12.08 08:06:38.016,1.58495,1.58553,1.50,1.14
2011.12.08 08:06:38.635,1.58496,1.58553,1.50,1.51
2011.12.08 08:06:38.753,1.58495,1.58549,1.50,1.51
2011.12.08 08:06:38.982,1.58486,1.5854,1.13,1.14
2011.12.08 08:06:39.210,1.58486,1.58541,1.13,1.14
2011.12.08 08:06:39.333,1.58486,1.58544,1.88,1.14
2011.12.08 08:06:39.453,1.58487,1.58545,1.50,1.10
2011.12.08 08:06:39.984,1.58488,1.58546,1.50,2.19
2011.12.08 08:06:40.696,1.58488,1.58546,1.50,2.19
2011.12.08 08:06:41.021,1.58491,1.58549,1.50,2.26
2011.12.08 08:06:41.251,1.58492,1.58548,1.50,1.14
2011.12.08 08:06:41.884,1.58493,1.58546,1.50,1.14
2011.12.08 08:06:42.004,1.58493,1.58543,1.50,1.14
2011.12.08 08:06:42.771,1.58497,1.58543,1.50,1.14
2011.12.08 08:06:42.993,1.58498,1.58549,1.13,1.81
2011.12.08 08:06:43.111,1.585,1.58549,1.50,1.43
2011.12.08 08:06:43.230,1.585,1.58551,1.50,1.14
2011.12.08 08:06:43.461,1.585,1.58554,1.50,2.56
2011.12.08 08:06:43.799,1.58499,1.58552,1.50,1.14
2011.12.08 08:06:43.920,1.58499,1.58554,1.50,2.56
2011.12.08 08:06:44.261,1.58494,1.58552,1.88,1.51
2011.12.08 08:06:44.710,1.58495,1.58549,1.50,1.09
2011.12.08 08:06:46.340,1.58494,1.58549,1.50,1.48
2011.12.08 08:06:46.460,1.58492,1.58548,1.87,1.14
2011.12.08 08:06:46.580,1.58494,1.58548,1.50,1.14
2011.12.08 08:06:47.029,1.58494,1.58549,1.50,1.48
2011.12.08 08:06:48.431,1.58493,1.58549,1.50,1.48
2011.12.08 08:06:49.643,1.58494,1.58549,1.50,2.90
2011.12.08 08:06:49.759,1.58494,1.58548,1.50,1.14
2011.12.08 08:06:50.101,1.58494,1.58548,1.50,1.14
2011.12.08 08:06:50.224,1.58493,1.58549,1.50,1.48
2011.12.08 08:06:50.820,1.58494,1.58548,1.50,1.14
2011.12.08 08:06:51.149,1.58493,1.58549,1.50,2.90
2011.12.08 08:06:51.946,1.58493,1.58549,1.50,2.90
2011.12.08 08:06:52.061,1.58493,1.58549,1.50,2.90
2011.12.08 08:06:52.181,1.58491,1.58542,1.87,1.13
2011.12.08 08:06:53.433,1.58491,1.58539,1.50,1.50
2011.12.08 08:06:54.504,1.58492,1.5854,1.50,1.14
2011.12.08 08:06:55.515,1.58492,1.58541,1.50,2.94
2011.12.08 08:06:55.632,1.58494,1.58541,1.13,2.19
2011.12.08 08:06:55.859,1.58502,1.58557,1.50,3.31
2011.12.08 08:06:55.968,1.58501,1.58557,1.88,2.94
2011.12.08 08:06:57.574,1.58502,1.58557,1.50,2.94
2011.12.08 08:06:58.233,1.58507,1.58557,1.13,2.56
2011.12.08 08:06:58.712,1.58512,1.58553,1.13,1.81
2011.12.08 08:06:58.837,1.58516,1.58563,1.50,1.14
2011.12.08 08:06:59.060,1.58516,1.58569,1.50,1.14
2011.12.08 08:07:00.390,1.58514,1.5856,1.13,1.14
2011.12.08 08:07:00.957,1.5851,1.58564,1.50,1.14
2011.12.08 08:07:01.180,1.58516,1.58571,1.50,1.14
2011.12.08 08:07:02.511,1.58516,1.58572,1.13,1.48
2011.12.08 08:07:02.851,1.58516,1.58572,1.13,2.90
2011.12.08 08:07:03.962,1.58516,1.58572,1.13,2.15
2011.12.08 08:07:04.190,1.58521,1.58571,1.09,1.14
2011.12.08 08:07:04.756,1.58515,1.58572,1.88,2.56
2011.12.08 08:07:05.393,1.58515,1.58568,1.50,2.18
2011.12.08 08:07:06.382,1.58513,1.5857,1.83,2.18
2011.12.08 08:07:06.502,1.58513,1.58567,1.09,1.14
2011.12.08 08:07:07.147,1.58513,1.58566,1.09,2.56
2011.12.08 08:07:10.171,1.58512,1.58566,1.50,2.56
2011.12.08 08:07:10.713,1.58511,1.58564,1.12,2.18
2011.12.08 08:07:10.994,1.58512,1.58564,1.50,2.18
2011.12.08 08:07:13.130,1.58512,1.58564,1.50,2.93
2011.12.08 08:07:13.248,1.5851,1.58564,1.12,2.93
2011.12.08 08:07:15.591,1.58511,1.58563,1.12,1.13
2011.12.08 08:07:18.153,1.5851,1.58564,1.12,2.93
2011.12.08 08:07:19.969,1.58512,1.5856,1.50,1.13
2011.12.08 08:07:24.433,1.58504,1.58555,1.05,2.18
2011.12.08 08:07:24.560,1.58503,1.58555,1.58,2.18
2011.12.08 08:07:24.782,1.58504,1.58548,1.13,1.80
2011.12.08 08:07:25.014,1.58507,1.58545,1.13,1.80
2011.12.08 08:07:25.133,1.58504,1.58545,1.13,1.43
2011.12.08 08:07:25.256,1.58504,1.58553,1.13,1.43
2011.12.08 08:07:25.485,1.58507,1.58557,1.13,1.43
2011.12.08 08:07:26.288,1.58506,1.58554,1.50,2.18
2011.12.08 08:07:27.060,1.58505,1.58553,1.50,1.43
2011.12.08 08:07:27.572,1.58505,1.58554,1.50,2.18
2011.12.08 08:07:28.282,1.58502,1.58553,1.50,1.50
2011.12.08 08:07:29.286,1.58497,1.58543,1.12,1.09
2011.12.08 08:07:30.515,1.58491,1.58543,1.50,3.27
2011.12.08 08:07:31.772,1.5849,1.58543,1.12,2.18
2011.12.08 08:07:32.053,1.58491,1.58543,1.50,2.18
2011.12.08 08:07:33.502,1.58495,1.5854,1.13,1.43
2011.12.08 08:07:33.606,1.58495,1.5854,1.50,1.43
2011.12.08 08:07:33.722,1.58496,1.5854,1.09,1.43
2011.12.08 08:07:33.841,1.58496,1.58538,1.09,1.43
2011.12.08 08:07:33.964,1.58496,1.58544,1.47,1.14
2011.12.08 08:07:34.412,1.58501,1.58546,1.50,1.81
2011.12.08 08:07:34.531,1.58504,1.58554,1.50,2.18
2011.12.08 08:07:35.025,1.58503,1.58554,1.50,2.18
2011.12.08 08:07:35.802,1.58503,1.58556,1.13,2.18
2011.12.08 08:07:36.030,1.58504,1.58556,1.50,2.18
2011.12.08 08:07:39.993,1.58502,1.58552,1.87,1.13
2011.12.08 08:07:40.111,1.58502,1.58552,1.88,1.51
2011.12.08 08:07:40.232,1.58503,1.58553,1.50,2.56
2011.12.08 08:07:40.571,1.58502,1.58551,2.25,1.14
2011.12.08 08:07:41.221,1.58502,1.58548,1.50,2.18
2011.12.08 08:07:41.700,1.58502,1.58553,1.50,2.94
2011.12.08 08:07:42.143,1.58497,1.58544,1.50,1.13
2011.12.08 08:07:43.832,1.58492,1.58544,1.50,2.94
2011.12.08 08:07:44.061,1.58496,1.58544,1.50,1.14
2011.12.08 08:07:44.825,1.58496,1.58544,1.50,1.14
2011.12.08 08:07:45.347,1.58496,1.58543,1.50,1.43
2011.12.08 08:07:45.913,1.58496,1.58543,1.50,1.81
2011.12.08 08:07:46.254,1.58502,1.58543,1.13,2.18
2011.12.08 08:07:46.592,1.58502,1.58553,1.50,2.18
2011.12.08 08:07:47.049,1.58499,1.5855,1.12,1.13
2011.12.08 08:07:47.380,1.58496,1.5855,1.09,1.51
2011.12.08 08:07:47.502,1.58502,1.5855,1.50,1.51
2011.12.08 08:07:47.840,1.58497,1.58549,1.50,1.14
2011.12.08 08:07:48.390,1.58496,1.58549,1.09,1.14
2011.12.08 08:07:50.262,1.58497,1.58546,1.50,1.81
2011.12.08 08:07:50.383,1.58497,1.58552,1.87,1.51
2011.12.08 08:07:50.500,1.58497,1.58544,1.12,1.13
2011.12.08 08:07:50.950,1.58494,1.58543,1.50,1.43
2011.12.08 08:07:51.591,1.58495,1.58549,1.50,1.14
2011.12.08 08:07:52.281,1.58495,1.58553,1.13,1.10
2011.12.08 08:07:52.400,1.58497,1.58553,1.50,1.10
2011.12.08 08:07:52.969,1.58496,1.58554,1.50,1.51
2011.12.08 08:07:53.096,1.58494,1.58549,1.50,1.51
2011.12.08 08:07:53.620,1.58495,1.58548,1.50,1.51
2011.12.08 08:07:53.740,1.58494,1.58549,1.50,1.13
2011.12.08 08:07:53.971,1.58494,1.58548,1.50,1.13
2011.12.08 08:07:57.065,1.58495,1.58544,1.50,1.51
2011.12.08 08:07:57.295,1.58491,1.58544,1.50,1.14
2011.12.08 08:07:57.788,1.58487,1.58538,1.50,1.14
2011.12.08 08:07:57.906,1.58485,1.58548,1.50,1.89
2011.12.08 08:07:58.240,1.58491,1.58549,1.13,1.14
2011.12.08 08:07:58.472,1.58496,1.58543,1.13,1.14
2011.12.08 08:07:58.591,1.58497,1.58548,1.50,1.14
2011.12.08 08:07:58.711,1.58498,1.58549,1.50,1.14
2011.12.08 08:07:59.283,1.58496,1.58547,1.50,1.13
2011.12.08 08:07:59.864,1.58498,1.58553,1.50,1.14
2011.12.08 08:08:00.501,1.58498,1.58549,1.50,1.14
2011.12.08 08:08:00.844,1.58496,1.58554,1.13,1.51
2011.12.08 08:08:00.960,1.58492,1.58549,1.50,1.14
2011.12.08 08:08:01.740,1.58496,1.58544,1.50,1.13
2011.12.08 08:08:02.079,1.58486,1.58541,1.50,1.14
2011.12.08 08:08:02.415,1.58488,1.58542,1.50,2.19
2011.12.08 08:08:03.212,1.58488,1.58542,1.13,2.19
2011.12.08 08:08:04.490,1.58486,1.58542,1.50,2.53
2011.12.08 08:08:04.942,1.58486,1.5854,1.50,1.14
2011.12.08 08:08:05.060,1.58486,1.58539,1.50,1.13
2011.12.08 08:08:06.310,1.58486,1.58538,1.50,1.50
2011.12.08 08:08:06.733,1.58485,1.58539,1.50,1.50
2011.12.08 08:08:10.708,1.58485,1.58539,1.50,1.50
2011.12.08 08:08:12.989,1.58485,1.58542,1.50,3.28
2011.12.08 08:08:15.801,1.58484,1.58537,1.88,1.14
2011.12.08 08:08:17.958,1.58485,1.58536,1.50,1.89
2011.12.08 08:08:18.402,1.58484,1.58538,1.88,1.14
2011.12.08 08:08:19.422,1.58483,1.58528,1.09,1.13
2011.12.08 08:08:19.553,1.5848,1.58532,1.50,1.09
2011.12.08 08:08:20.690,1.58478,1.58533,1.50,1.10
2011.12.08 08:08:22.551,1.58479,1.58533,1.50,1.10
2011.12.08 08:08:23.113,1.58478,1.58533,1.50,1.10
2011.12.08 08:08:23.651,1.58481,1.58533,1.13,1.14
2011.12.08 08:08:23.879,1.58482,1.58539,1.50,1.51
2011.12.08 08:08:24.249,1.58482,1.58537,1.50,1.14
2011.12.08 08:08:24.365,1.58481,1.58538,1.13,1.14
2011.12.08 08:08:24.594,1.58482,1.58538,1.50,1.14
2011.12.08 08:08:25.692,1.58483,1.58538,1.50,1.14
2011.12.08 08:08:26.629,1.58483,1.58538,1.50,1.89
2011.12.08 08:08:26.742,1.5848,1.58534,1.50,1.51
2011.12.08 08:08:28.812,1.5848,1.58534,1.50,2.19
2011.12.08 08:08:29.310,1.58482,1.58536,1.50,1.43
2011.12.08 08:08:29.430,1.58483,1.58538,1.50,1.14
2011.12.08 08:08:29.551,1.58482,1.58536,1.50,1.80
2011.12.08 08:08:29.670,1.58482,1.58536,1.50,1.43
2011.12.08 08:08:29.789,1.58482,1.58539,1.50,1.14
2011.12.08 08:08:30.384,1.58483,1.58538,1.50,1.14
2011.12.08 08:08:30.822,1.5848,1.58534,1.50,1.51
2011.12.08 08:08:34.733,1.58481,1.58534,1.87,1.51
2011.12.08 08:08:34.963,1.58489,1.58535,1.13,1.81
2011.12.08 08:08:35.495,1.5849,1.58538,1.50,1.14
2011.12.08 08:08:36.050,1.58487,1.58542,1.13,2.26
2011.12.08 08:08:36.284,1.58492,1.58543,1.88,1.81
2011.12.08 08:08:36.841,1.58501,1.58548,1.50,1.14
2011.12.08 08:08:37.743,1.58501,1.58549,1.50,1.89
2011.12.08 08:08:38.314,1.58495,1.58549,1.50,2.98
2011.12.08 08:08:39.149,1.58495,1.58552,1.50,2.23
2011.12.08 08:08:40.701,1.58501,1.58554,1.50,1.14
2011.12.08 08:08:41.450,1.58513,1.58555,1.09,1.14
2011.12.08 08:08:41.682,1.58518,1.5856,1.50,2.19
2011.12.08 08:08:41.802,1.5851,1.58556,1.50,1.14
2011.12.08 08:08:42.031,1.58506,1.58557,1.50,1.14
2011.12.08 08:08:42.449,1.58504,1.58557,1.09,1.14
2011.12.08 08:08:42.780,1.58504,1.58558,1.47,1.14
2011.12.08 08:08:44.192,1.58506,1.58556,1.50,1.14
2011.12.08 08:08:45.062,1.58506,1.58556,1.50,1.14
2011.12.08 08:08:46.233,1.5851,1.58561,1.13,1.09
2011.12.08 08:08:46.572,1.58507,1.5856,1.50,1.13
2011.12.08 08:08:46.693,1.58506,1.5856,2.93,1.51
2011.12.08 08:08:47.282,1.58502,1.58551,1.50,1.09
2011.12.08 08:08:47.512,1.58506,1.58554,1.50,1.09
2011.12.08 08:08:48.181,1.58506,1.58554,1.87,1.09
2011.12.08 08:08:48.690,1.58506,1.58554,1.50,1.09
2011.12.08 08:08:49.200,1.58506,1.58554,1.87,1.09
2011.12.08 08:08:50.109,1.58506,1.58562,1.87,1.14
2011.12.08 08:08:51.191,1.58507,1.58562,1.13,1.14
2011.12.08 08:08:51.781,1.5851,1.58562,1.13,1.14
2011.12.08 08:08:52.230,1.58507,1.58561,1.13,1.50
2011.12.08 08:08:56.745,1.5851,1.58561,1.13,1.50
2011.12.08 08:08:57.175,1.58512,1.58561,1.50,1.50
2011.12.08 08:08:57.292,1.5851,1.58561,1.13,1.50
2011.12.08 08:08:58.100,1.5851,1.58562,1.13,1.14
2011.12.08 08:08:58.971,1.5851,1.58563,1.13,1.89
2011.12.08 08:09:02.491,1.58512,1.58558,1.50,2.93
2011.12.08 08:09:03.053,1.5851,1.58556,1.13,1.50
2011.12.08 08:09:03.833,1.5851,1.58556,1.13,1.13
2011.12.08 08:09:04.889,1.58506,1.58558,1.13,1.51
2011.12.08 08:09:05.015,1.58506,1.58554,1.13,1.84
2011.12.08 08:09:05.135,1.58503,1.58549,1.50,1.80
2011.12.08 08:09:05.709,1.58502,1.58548,1.50,1.51
2011.12.08 08:09:06.220,1.58502,1.58548,1.50,1.51
2011.12.08 08:09:06.600,1.58502,1.58554,1.50,1.51
2011.12.08 08:09:06.720,1.58503,1.58554,1.50,1.51
2011.12.08 08:09:07.623,1.58502,1.58548,1.50,2.94
2011.12.08 08:09:08.151,1.58502,1.58548,1.50,2.94
2011.12.08 08:09:08.501,1.58505,1.58554,1.50,1.14
2011.12.08 08:09:09.370,1.58501,1.58554,1.50,1.14
2011.12.08 08:09:09.808,1.58501,1.58549,1.50,2.94
2011.12.08 08:09:10.513,1.58501,1.58549,1.50,2.94
2011.12.08 08:09:10.850,1.58505,1.58554,1.50,1.14
2011.12.08 08:09:11.275,1.58505,1.58554,1.88,1.14
2011.12.08 08:09:11.499,1.58506,1.58562,1.50,1.14
2011.12.08 08:09:12.253,1.58506,1.58562,1.50,1.14
2011.12.08 08:09:12.596,1.58505,1.58553,1.50,2.18
2011.12.08 08:09:12.711,1.58506,1.58555,1.50,2.18
2011.12.08 08:09:12.939,1.58502,1.58556,1.13,1.88
2011.12.08 08:09:13.309,1.58504,1.58554,1.50,1.50
2011.12.08 08:09:13.773,1.58502,1.58554,1.50,1.50
2011.12.08 08:09:13.897,1.58505,1.58556,1.50,1.50
2011.12.08 08:09:18.093,1.58505,1.58557,1.50,1.51
2011.12.08 08:09:18.440,1.58506,1.58548,1.50,1.43
2011.12.08 08:09:18.985,1.585,1.58547,1.50,1.09
2011.12.08 08:09:19.540,1.58501,1.58547,1.50,1.09
2011.12.08 08:09:20.070,1.58501,1.58547,1.50,3.27
2011.12.08 08:09:20.301,1.58494,1.5854,1.13,2.18
2011.12.08 08:09:20.973,1.58495,1.58538,1.13,1.09
2011.12.08 08:09:21.749,1.58494,1.58544,1.13,1.13
2011.12.08 08:09:22.151,1.58495,1.5854,1.13,2.18
2011.12.08 08:09:22.572,1.58494,1.5854,1.13,2.18
2011.12.08 08:09:24.033,1.58495,1.58542,1.88,1.14
2011.12.08 08:09:25.038,1.58495,1.58546,1.13,2.18
2011.12.08 08:09:25.888,1.58495,1.58545,1.50,2.18
2011.12.08 08:09:27.321,1.58492,1.58541,1.50,2.18
2011.12.08 08:09:28.400,1.58492,1.58541,1.50,2.18
2011.12.08 08:09:29.407,1.58492,1.58541,1.50,2.18
2011.12.08 08:09:32.284,1.58492,1.58542,1.50,1.14
2011.12.08 08:09:32.624,1.58487,1.58542,1.50,1.14
2011.12.08 08:09:32.743,1.58491,1.58542,1.50,1.14
2011.12.08 08:09:33.972,1.58495,1.58549,1.88,2.52
2011.12.08 08:09:37.590,1.58496,1.58551,1.09,1.14
2011.12.08 08:09:37.713,1.58497,1.58551,1.13,1.14
2011.12.08 08:09:37.832,1.58496,1.58551,1.47,1.14
2011.12.08 08:09:37.952,1.58496,1.58551,1.09,1.51
2011.12.08 08:09:38.669,1.58496,1.58547,1.50,1.13
2011.12.08 08:09:38.783,1.58497,1.58549,1.50,1.13
2011.12.08 08:09:39.121,1.58493,1.58546,1.50,1.14
2011.12.08 08:09:39.702,1.58493,1.58548,1.50,1.51
2011.12.08 08:09:41.131,1.58496,1.5855,1.50,1.14
2011.12.08 08:09:41.253,1.58496,1.5855,1.50,1.14
2011.12.08 08:09:41.374,1.585,1.58551,1.50,1.14
2011.12.08 08:09:42.252,1.58496,1.58548,1.50,1.13
2011.12.08 08:09:46.002,1.58499,1.58549,1.50,1.14
2011.12.08 08:09:46.392,1.585,1.58551,1.50,1.14
2011.12.08 08:09:46.893,1.58499,1.58553,1.50,2.53
2011.12.08 08:09:47.659,1.585,1.58553,1.50,2.19
2011.12.08 08:09:47.771,1.585,1.58549,1.50,1.13
2011.12.08 08:09:47.889,1.585,1.58549,1.50,1.51
2011.12.08 08:09:49.938,1.58499,1.58553,1.50,1.14
2011.12.08 08:09:50.051,1.58499,1.58554,1.50,1.09
2011.12.08 08:09:50.282,1.58499,1.58552,1.50,1.09
2011.12.08 08:09:51.139,1.58499,1.58553,1.50,1.09
2011.12.08 08:09:51.513,1.58499,1.58552,1.50,1.09
2011.12.08 08:09:54.972,1.58497,1.58552,2.25,1.09
2011.12.08 08:09:55.200,1.58498,1.58552,1.50,1.09
2011.12.08 08:09:55.430,1.58499,1.58553,1.50,1.09
2011.12.08 08:09:55.944,1.58498,1.58555,1.50,1.51
2011.12.08 08:09:59.762,1.58498,1.58555,1.50,1.51
2011.12.08 08:10:00.771,1.58502,1.58555,1.50,1.13
2011.12.08 08:10:01.072,1.58503,1.58556,1.50,1.14
2011.12.08 08:10:03.626,1.58501,1.58554,1.50,1.14
2011.12.08 08:10:05.953,1.58501,1.58555,1.50,1.14
2011.12.08 08:10:06.290,1.58502,1.58559,1.50,3.31
2011.12.08 08:10:06.757,1.58502,1.58554,1.50,1.51
2011.12.08 08:10:06.874,1.58501,1.58554,1.50,1.51
2011.12.08 08:10:08.081,1.58502,1.58554,1.50,1.51
2011.12.08 08:10:08.438,1.58501,1.58553,1.50,1.51
2011.12.08 08:10:08.895,1.58502,1.58554,1.50,1.51
2011.12.08 08:10:11.523,1.58502,1.58553,1.50,1.14
2011.12.08 08:10:12.081,1.58501,1.58554,1.50,1.47
2011.12.08 08:10:12.529,1.58501,1.58556,1.50,1.10
2011.12.08 08:10:12.750,1.58502,1.58553,1.50,1.13
2011.12.08 08:10:15.038,1.58501,1.58556,1.50,1.14
2011.12.08 08:10:15.158,1.58508,1.58563,1.88,1.48
2011.12.08 08:10:15.270,1.58508,1.5856,1.88,1.14
2011.12.08 08:10:15.720,1.58509,1.58563,1.50,1.48
2011.12.08 08:10:16.582,1.58509,1.58563,1.50,1.14
2011.12.08 08:10:16.919,1.58513,1.58563,1.50,1.13
2011.12.08 08:10:17.031,1.58511,1.58561,1.50,1.13
2011.12.08 08:10:17.731,1.58506,1.5856,1.50,1.14
2011.12.08 08:10:21.253,1.58505,1.58557,1.50,1.43
2011.12.08 08:10:21.597,1.58506,1.58553,1.50,1.51
2011.12.08 08:10:22.246,1.58505,1.58553,1.50,1.51
2011.12.08 08:10:22.804,1.58506,1.58553,1.50,1.51
2011.12.08 08:10:23.312,1.58505,1.58553,1.50,1.51
2011.12.08 08:10:23.933,1.58501,1.58549,1.50,1.13
2011.12.08 08:10:24.053,1.58494,1.58549,1.50,1.51
2011.12.08 08:10:24.561,1.58494,1.58549,1.50,1.51
2011.12.08 08:10:24.783,1.58494,1.58554,1.50,1.51
2011.12.08 08:10:25.667,1.58494,1.58551,1.50,1.51
2011.12.08 08:10:25.790,1.58493,1.58534,1.12,1.50
2011.12.08 08:10:26.016,1.58487,1.58532,1.50,1.43
2011.12.08 08:10:26.244,1.58478,1.5853,1.50,1.14
2011.12.08 08:10:26.780,1.58477,1.58531,1.50,1.81
2011.12.08 08:10:26.895,1.58477,1.58538,1.50,1.89
2011.12.08 08:10:27.252,1.58476,1.58524,1.50,1.13
2011.12.08 08:10:27.594,1.58477,1.58532,1.50,1.14
2011.12.08 08:10:28.042,1.58477,1.58533,1.50,2.19
2011.12.08 08:10:28.162,1.58477,1.58534,1.50,1.14
2011.12.08 08:10:28.772,1.58478,1.58534,1.50,1.14
2011.12.08 08:10:28.993,1.58482,1.58536,1.50,1.10
2011.12.08 08:10:29.116,1.58482,1.58539,1.50,1.81
2011.12.08 08:10:29.454,1.58483,1.58538,1.50,1.66
2011.12.08 08:10:30.123,1.58478,1.58515,1.43,1.13
2011.12.08 08:10:30.252,1.58462,1.58517,1.50,1.14
2011.12.08 08:10:30.475,1.58465,1.58521,2.18,1.51
2011.12.08 08:10:30.704,1.58467,1.58523,2.18,1.51
2011.12.08 08:10:30.826,1.58466,1.58523,1.13,1.51
2011.12.08 08:10:30.944,1.58466,1.58523,1.13,1.14
2011.12.08 08:10:31.396,1.58475,1.5853,1.50,1.14
2011.12.08 08:10:31.518,1.58474,1.58532,1.50,1.14
2011.12.08 08:10:32.365,1.58474,1.58531,1.50,1.14
2011.12.08 08:10:32.701,1.58474,1.58534,1.50,1.85
2011.12.08 08:10:33.252,1.58479,1.58534,1.88,1.48
2011.12.08 08:10:33.782,1.58479,1.58532,1.88,1.14
2011.12.08 08:10:35.183,1.5848,1.58531,1.50,1.14
2011.12.08 08:10:35.303,1.5848,1.58534,1.50,1.48
2011.12.08 08:10:35.757,1.58487,1.58537,1.13,1.14
2011.12.08 08:10:36.093,1.58488,1.58538,1.13,1.14
2011.12.08 08:10:36.324,1.58489,1.58542,1.87,1.09
2011.12.08 08:10:37.155,1.58487,1.58539,1.50,1.14
2011.12.08 08:10:37.271,1.58489,1.5854,1.50,1.14
2011.12.08 08:10:37.716,1.5849,1.58526,1.12,1.05
2011.12.08 08:10:38.055,1.58471,1.58518,1.84,1.13
2011.12.08 08:10:38.286,1.58473,1.58523,1.13,1.14
2011.12.08 08:10:38.514,1.58477,1.58523,1.50,1.14
2011.12.08 08:10:38.744,1.58476,1.58529,1.50,2.23
2011.12.08 08:10:39.218,1.58476,1.58529,1.50,1.09
2011.12.08 08:10:41.345,1.58481,1.5853,1.09,1.14
2011.12.08 08:10:41.682,1.58483,1.58534,1.09,1.51
2011.12.08 08:10:42.329,1.58488,1.58538,1.50,1.50
2011.12.08 08:10:42.446,1.58487,1.58537,1.50,1.13
2011.12.08 08:10:43.013,1.58487,1.58539,1.50,1.14
2011.12.08 08:10:43.132,1.58488,1.58539,1.50,1.14
2011.12.08 08:10:43.253,1.58486,1.58537,1.50,1.13
2011.12.08 08:10:43.594,1.58487,1.5854,1.50,1.14
2011.12.08 08:10:43.711,1.58487,1.58537,1.50,1.13
2011.12.08 08:10:44.054,1.58487,1.58533,1.50,1.09
2011.12.08 08:10:44.877,1.58487,1.58533,1.50,1.09
2011.12.08 08:10:45.552,1.58487,1.58531,1.50,1.09
2011.12.08 08:10:45.998,1.58481,1.58527,1.50,1.84
2011.12.08 08:10:46.442,1.58481,1.58528,1.50,1.09
2011.12.08 08:10:46.596,1.58481,1.58528,1.50,1.84
2011.12.08 08:10:46.713,1.58481,1.58528,1.50,1.84
2011.12.08 08:10:46.835,1.58479,1.58527,1.13,1.50
2011.12.08 08:10:47.175,1.58481,1.58532,1.13,1.13
2011.12.08 08:10:47.519,1.58481,1.58529,1.13,1.09
2011.12.08 08:10:48.029,1.5848,1.58528,1.88,1.09
2011.12.08 08:10:48.475,1.58475,1.58521,1.09,1.13
2011.12.08 08:10:48.962,1.58471,1.58519,1.50,1.89
2011.12.08 08:10:49.523,1.58471,1.58519,1.50,1.89
2011.12.08 08:10:53.122,1.58476,1.58524,1.50,1.51
2011.12.08 08:10:53.779,1.58481,1.58527,1.50,1.14
2011.12.08 08:10:54.114,1.58477,1.58523,1.50,1.14
2011.12.08 08:10:54.646,1.58481,1.5853,1.50,1.14
2011.12.08 08:10:54.985,1.5848,1.58532,1.50,1.14
2011.12.08 08:10:55.214,1.58478,1.58524,1.12,1.13
2011.12.08 08:10:55.445,1.58478,1.58528,1.12,1.13
2011.12.08 08:10:55.893,1.58474,1.58528,1.50,1.51
2011.12.08 08:10:57.191,1.58473,1.58528,1.50,1.51
2011.12.08 08:10:58.396,1.58474,1.58528,1.50,1.51
2011.12.08 08:11:00.124,1.58474,1.58527,1.50,1.14
2011.12.08 08:11:00.692,1.58471,1.58519,1.50,1.09
2011.12.08 08:11:01.025,1.58474,1.58523,1.50,1.14
2011.12.08 08:11:01.255,1.58474,1.58523,1.88,1.14
2011.12.08 08:11:01.486,1.58472,1.58519,1.50,1.13
2011.12.08 08:11:02.046,1.58467,1.58515,1.50,2.18
2011.12.08 08:11:02.164,1.58471,1.58515,1.50,1.81
2011.12.08 08:11:02.504,1.58467,1.58512,1.50,1.14
2011.12.08 08:11:03.068,1.58459,1.58512,1.50,1.14
2011.12.08 08:11:03.294,1.5846,1.58516,1.50,2.11
2011.12.08 08:11:03.413,1.5846,1.58516,1.87,1.81
2011.12.08 08:11:03.535,1.5846,1.58515,1.87,1.14
2011.12.08 08:11:03.652,1.5846,1.58517,1.87,2.19
2011.12.08 08:11:03.775,1.58471,1.58519,1.50,1.51
2011.12.08 08:11:04.006,1.58473,1.58523,1.50,1.48
2011.12.08 08:11:04.563,1.58473,1.58525,1.87,1.14
2011.12.08 08:11:05.904,1.58477,1.58529,1.50,1.14
2011.12.08 08:11:06.799,1.58477,1.58528,1.50,1.14
2011.12.08 08:11:07.362,1.58477,1.58529,1.50,1.14
2011.12.08 08:11:10.152,1.58477,1.58528,1.50,1.14
2011.12.08 08:11:10.494,1.58473,1.58525,1.12,1.13
2011.12.08 08:11:10.945,1.58467,1.58521,1.50,1.13
2011.12.08 08:11:11.063,1.58467,1.58518,1.50,1.62
2011.12.08 08:11:11.184,1.58466,1.58514,1.88,1.13
2011.12.08 08:11:11.306,1.58466,1.58515,1.50,1.13
2011.12.08 08:11:11.423,1.58467,1.58519,1.50,1.13
2011.12.08 08:11:11.763,1.58465,1.58519,1.50,1.14
2011.12.08 08:11:12.394,1.58464,1.58522,1.50,2.19
2011.12.08 08:11:12.623,1.58473,1.58523,1.50,1.14
2011.12.08 08:11:12.743,1.58476,1.58532,1.13,1.81
2011.12.08 08:11:12.862,1.58476,1.58533,1.88,1.14
2011.12.08 08:11:12.983,1.58476,1.58529,1.50,1.14
2011.12.08 08:11:13.214,1.5848,1.58534,1.13,1.14
2011.12.08 08:11:13.447,1.58476,1.58533,1.13,1.14
2011.12.08 08:11:13.677,1.58477,1.58534,1.50,1.14
2011.12.08 08:11:13.796,1.58481,1.58539,2.18,1.51
2011.12.08 08:11:13.916,1.58481,1.58534,2.18,1.14
2011.12.08 08:11:14.627,1.58482,1.58539,1.50,1.14
2011.12.08 08:11:14.752,1.58487,1.5854,1.50,1.13
2011.12.08 08:11:15.202,1.58487,1.58538,1.50,1.14
2011.12.08 08:11:18.316,1.58487,1.58544,1.50,1.48
2011.12.08 08:11:20.375,1.58488,1.58543,1.50,1.51
2011.12.08 08:11:20.713,1.58474,1.58525,1.50,2.18
2011.12.08 08:11:20.834,1.58473,1.58534,2.93,1.48
2011.12.08 08:11:20.952,1.58473,1.58529,2.18,1.13
2011.12.08 08:11:21.404,1.58472,1.58525,1.50,1.13
2011.12.08 08:11:21.825,1.58471,1.58529,1.50,1.50
2011.12.08 08:11:21.947,1.58465,1.58529,1.13,1.89
2011.12.08 08:11:22.160,1.58466,1.58529,1.50,1.89
2011.12.08 08:11:22.713,1.58467,1.58523,1.50,1.14
2011.12.08 08:11:24.464,1.58468,1.58528,1.50,1.51
2011.12.08 08:11:25.887,1.58465,1.58528,1.50,1.51
2011.12.08 08:11:28.897,1.58465,1.58519,1.50,1.14
2011.12.08 08:11:29.124,1.58445,1.58497,1.88,1.14
2011.12.08 08:11:29.246,1.58445,1.58501,1.50,2.19
2011.12.08 08:11:29.623,1.58445,1.58501,1.50,2.19
2011.12.08 08:11:29.749,1.58445,1.58496,1.50,1.14
2011.12.08 08:11:30.212,1.58446,1.58503,1.50,1.89
2011.12.08 08:11:30.555,1.58445,1.58503,1.50,1.14
2011.12.08 08:11:30.673,1.58445,1.58503,1.50,1.14
2011.12.08 08:11:30.793,1.58446,1.58503,1.50,1.14
2011.12.08 08:11:30.913,1.58446,1.58499,1.50,1.14
2011.12.08 08:11:31.365,1.58445,1.58499,1.50,2.56
2011.12.08 08:11:31.485,1.58445,1.58495,1.50,1.14
2011.12.08 08:11:32.440,1.58446,1.58495,1.50,1.14
2011.12.08 08:11:32.554,1.58446,1.58495,1.50,1.14
2011.12.08 08:11:32.785,1.58445,1.58493,1.50,1.14
2011.12.08 08:11:32.906,1.58446,1.58499,1.50,2.94
2011.12.08 08:11:33.244,1.58445,1.58503,1.50,1.14
2011.12.08 08:11:33.363,1.58446,1.58503,1.50,1.14
2011.12.08 08:11:33.905,1.58445,1.58503,1.50,1.14
2011.12.08 08:11:34.545,1.58446,1.58503,1.50,1.14
2011.12.08 08:11:35.096,1.58446,1.58503,1.50,1.89
2011.12.08 08:11:35.325,1.58447,1.58503,1.50,1.14
2011.12.08 08:11:35.446,1.58446,1.58504,1.88,1.51
2011.12.08 08:11:37.282,1.58446,1.58504,1.88,1.89
2011.12.08 08:11:37.613,1.58446,1.58506,1.88,1.10
2011.12.08 08:11:37.733,1.58446,1.58503,1.50,1.13
2011.12.08 08:11:37.852,1.58446,1.58503,1.50,2.94
2011.12.08 08:11:38.181,1.58446,1.58498,1.50,2.19
2011.12.08 08:11:38.404,1.58445,1.58498,1.50,1.43
2011.12.08 08:11:38.523,1.58445,1.58498,1.50,1.81
2011.12.08 08:11:38.644,1.58446,1.58503,1.50,1.89
2011.12.08 08:11:38.984,1.58445,1.58498,1.87,2.55
2011.12.08 08:11:39.215,1.58444,1.58494,1.50,1.14
2011.12.08 08:11:39.715,1.58445,1.58493,1.50,2.94
2011.12.08 08:11:40.051,1.58444,1.58498,1.50,2.94
2011.12.08 08:11:40.163,1.58444,1.58494,1.50,1.89
2011.12.08 08:11:40.736,1.58445,1.58494,1.50,1.89
2011.12.08 08:11:40.853,1.58445,1.58494,1.50,1.14
2011.12.08 08:11:41.086,1.58444,1.58498,1.50,1.51
2011.12.08 08:11:44.404,1.58445,1.58498,1.50,1.51
2011.12.08 08:11:44.523,1.58445,1.58493,1.50,1.14
2011.12.08 08:11:44.645,1.58445,1.58498,1.50,1.51
2011.12.08 08:11:46.041,1.58444,1.58498,1.50,1.51
2011.12.08 08:11:48.204,1.58445,1.58498,1.50,1.51
2011.12.08 08:11:49.571,1.58444,1.58498,1.50,1.51
2011.12.08 08:11:50.952,1.58441,1.58498,1.50,1.51
2011.12.08 08:11:51.285,1.58441,1.58497,1.50,1.14
2011.12.08 08:11:51.981,1.5844,1.58497,1.50,1.14
2011.12.08 08:11:52.101,1.58445,1.585,2.18,1.14
2011.12.08 08:11:52.772,1.58442,1.585,1.50,1.14
2011.12.08 08:11:53.735,1.58443,1.585,1.50,1.14
2011.12.08 08:11:54.105,1.58442,1.585,1.50,1.14
2011.12.08 08:11:54.729,1.58443,1.585,1.50,1.14
2011.12.08 08:11:56.634,1.58442,1.58501,1.50,1.06
2011.12.08 08:11:58.106,1.58443,1.585,1.50,1.14
2011.12.08 08:11:58.231,1.58443,1.58499,1.50,1.14
2011.12.08 08:11:58.342,1.58442,1.58495,1.50,1.43
2011.12.08 08:11:58.686,1.58439,1.5849,1.13,1.14
2011.12.08 08:11:59.025,1.58445,1.58489,1.50,1.14
2011.12.08 08:12:00.232,1.58445,1.58489,1.50,1.14
2011.12.08 08:12:00.455,1.58446,1.58489,1.13,1.14
2011.12.08 08:12:01.063,1.58446,1.58489,1.50,1.14
2011.12.08 08:12:02.693,1.58444,1.5849,1.50,1.14
2011.12.08 08:12:03.513,1.58439,1.58489,1.13,1.14
2011.12.08 08:12:03.748,1.58436,1.58484,1.09,1.14
2011.12.08 08:12:04.308,1.58424,1.58473,1.09,1.14
2011.12.08 08:12:04.539,1.58428,1.58473,1.50,1.14
2011.12.08 08:12:04.658,1.58428,1.58473,1.50,1.14
2011.12.08 08:12:04.775,1.58428,1.58473,1.50,1.14
2011.12.08 08:12:05.003,1.58426,1.58464,1.50,2.55
2011.12.08 08:12:05.425,1.58426,1.5846,1.50,1.14
2011.12.08 08:12:06.102,1.5841,1.58464,2.25,1.14
2011.12.08 08:12:06.443,1.5841,1.58463,2.62,1.14
2011.12.08 08:12:07.007,1.58417,1.58464,2.18,1.14
2011.12.08 08:12:07.579,1.58437,1.58464,1.13,1.14
2011.12.08 08:12:07.678,1.5844,1.58481,1.50,1.14
2011.12.08 08:12:07.793,1.58427,1.58481,1.50,1.14
2011.12.08 08:12:08.357,1.58423,1.58481,1.50,1.14
2011.12.08 08:12:08.802,1.58423,1.58475,1.50,1.14
2011.12.08 08:12:08.923,1.58423,1.58475,1.50,1.14
2011.12.08 08:12:09.042,1.58424,1.58475,1.50,1.14
2011.12.08 08:12:09.162,1.58424,1.58475,1.50,1.14
2011.12.08 08:12:09.964,1.58425,1.58475,1.50,1.14
2011.12.08 08:12:10.314,1.58439,1.58475,1.50,1.14
2011.12.08 08:12:10.763,1.58436,1.58475,1.50,1.14
2011.12.08 08:12:10.886,1.58439,1.58475,1.50,1.14
2011.12.08 08:12:11.443,1.58439,1.58474,1.50,1.14
2011.12.08 08:12:12.003,1.58439,1.58474,1.13,1.14
2011.12.08 08:12:12.451,1.58438,1.58474,1.88,1.14
2011.12.08 08:12:12.646,1.58438,1.58474,1.88,1.14
2011.12.08 08:12:12.873,1.58432,1.58474,1.50,1.14
2011.12.08 08:12:13.104,1.58432,1.58474,1.13,1.14
2011.12.08 08:12:13.226,1.58431,1.58474,2.25,1.14
2011.12.08 08:12:17.903,1.58432,1.58474,1.13,1.14
2011.12.08 08:12:22.235,1.5843,1.58474,1.13,1.89
2011.12.08 08:12:22.355,1.58423,1.58474,1.50,1.89
2011.12.08 08:12:22.913,1.58426,1.58472,1.50,1.51
2011.12.08 08:12:23.255,1.58421,1.58472,1.50,1.51
2011.12.08 08:12:23.803,1.58421,1.58472,1.50,1.14
2011.12.08 08:12:28.123,1.58415,1.58472,1.88,1.14
2011.12.08 08:12:32.012,1.58416,1.58472,1.50,1.14
2011.12.08 08:12:32.353,1.58416,1.58472,1.50,1.14
2011.12.08 08:12:32.588,1.5842,1.58473,1.88,1.14
2011.12.08 08:12:32.915,1.5842,1.58473,1.88,1.14
2011.12.08 08:12:36.660,1.5842,1.58473,1.88,1.14
2011.12.08 08:12:37.139,1.5842,1.58473,1.88,1.14
2011.12.08 08:12:38.024,1.58421,1.58473,1.50,1.14
2011.12.08 08:12:38.895,1.58421,1.58473,1.50,1.14
2011.12.08 08:12:40.131,1.58425,1.58472,1.88,1.14
2011.12.08 08:12:40.862,1.58426,1.58472,1.50,1.14
2011.12.08 08:12:41.872,1.58425,1.58472,1.88,1.14
2011.12.08 08:12:42.863,1.58425,1.58472,1.88,1.14
2011.12.08 08:12:42.985,1.58425,1.58469,1.88,1.14
2011.12.08 08:12:44.254,1.58425,1.58469,1.88,1.14
2011.12.08 08:12:44.375,1.58425,1.58469,1.88,1.14
2011.12.08 08:12:45.080,1.58426,1.58469,1.50,1.14
2011.12.08 08:12:45.822,1.58425,1.58469,1.88,1.14
2011.12.08 08:12:46.462,1.58426,1.58469,1.50,1.14
2011.12.08 08:12:46.669,1.58426,1.58469,1.50,1.14
2011.12.08 08:12:47.222,1.58426,1.58469,1.50,1.14
2011.12.08 08:12:48.864,1.58425,1.58469,1.88,1.14
2011.12.08 08:12:50.052,1.58426,1.58469,1.50,1.14
2011.12.08 08:12:50.555,1.58426,1.58469,1.50,1.14
2011.12.08 08:12:51.173,1.58425,1.58469,1.88,1.14
2011.12.08 08:12:54.681,1.58426,1.58469,1.50,1.14
2011.12.08 08:12:55.431,1.58425,1.58465,1.88,1.14
2011.12.08 08:12:55.541,1.58425,1.58465,1.88,1.14
2011.12.08 08:12:55.656,1.58425,1.58465,1.88,1.14
2011.12.08 08:12:55.775,1.58426,1.58465,1.50,1.14
2011.12.08 08:12:56.114,1.58421,1.58464,1.50,1.14
2011.12.08 08:12:56.625,1.5842,1.58464,1.88,1.14
2011.12.08 08:13:00.817,1.58424,1.58464,1.13,1.14
2011.12.08 08:13:00.936,1.5842,1.58464,1.88,1.14
2011.12.08 08:13:05.363,1.5842,1.58464,1.88,1.14
2011.12.08 08:13:05.823,1.58421,1.58464,1.50,1.14
2011.12.08 08:13:06.587,1.58421,1.58464,1.50,1.14
2011.12.08 08:13:08.557,1.58421,1.58464,1.50,1.14
2011.12.08 08:13:09.134,1.58421,1.58464,1.50,1.14
2011.12.08 08:13:09.664,1.5842,1.58464,1.88,1.14
2011.12.08 08:13:09.783,1.5842,1.58464,1.88,1.14
2011.12.08 08:13:09.905,1.58424,1.58464,1.13,1.14
2011.12.08 08:13:10.704,1.58415,1.58463,1.88,1.14
2011.12.08 08:13:11.051,1.58411,1.58458,1.50,1.14
2011.12.08 08:13:11.607,1.58411,1.58458,1.50,1.14
2011.12.08 08:13:11.945,1.58416,1.58458,1.50,1.14
2011.12.08 08:13:12.429,1.58415,1.58457,1.50,1.14
2011.12.08 08:13:13.059,1.58414,1.58457,1.50,1.14
2011.12.08 08:13:13.385,1.58414,1.58457,1.50,1.14
2011.12.08 08:13:13.506,1.58414,1.58457,1.50,1.14
2011.12.08 08:13:14.808,1.58414,1.58457,1.50,1.14
2011.12.08 08:13:15.381,1.58413,1.58457,1.88,1.14
2011.12.08 08:13:15.494,1.58413,1.58457,1.88,1.14
2011.12.08 08:13:15.618,1.58413,1.5846,1.88,1.14
2011.12.08 08:13:15.734,1.58413,1.58459,1.88,1.14
2011.12.08 08:13:16.943,1.58419,1.5846,1.50,1.14
2011.12.08 08:13:17.445,1.58423,1.58459,1.13,1.14
2011.12.08 08:13:17.783,1.58427,1.58459,1.13,1.14
2011.12.08 08:13:18.796,1.58429,1.58459,1.50,1.14
2011.12.08 08:13:20.188,1.58428,1.58459,1.50,1.14
2011.12.08 08:13:20.708,1.58428,1.58459,1.50,1.14
2011.12.08 08:13:22.426,1.58428,1.58459,1.50,1.14
2011.12.08 08:13:23.204,1.58428,1.58459,1.13,1.14
2011.12.08 08:13:23.717,1.58428,1.58459,1.50,1.14
2011.12.08 08:13:23.943,1.58428,1.58459,1.13,1.14
2011.12.08 08:13:24.284,1.58428,1.58459,1.88,1.14
2011.12.08 08:13:24.846,1.58429,1.58459,1.50,1.14
2011.12.08 08:13:25.076,1.58432,1.58465,1.13,1.50
2011.12.08 08:13:25.195,1.58432,1.58479,1.13,1.89
2011.12.08 08:13:25.733,1.58428,1.58479,1.50,1.89
2011.12.08 08:13:25.952,1.58427,1.58474,1.13,1.14
2011.12.08 08:13:26.744,1.58427,1.58474,1.13,1.14
2011.12.08 08:13:27.081,1.58424,1.58474,1.09,1.14
2011.12.08 08:13:29.612,1.58424,1.58468,1.09,1.14
2011.12.08 08:13:29.727,1.58424,1.58468,1.84,1.14
2011.12.08 08:13:30.062,1.58423,1.58468,1.50,1.14
2011.12.08 08:13:30.182,1.58423,1.58468,1.50,1.14
2011.12.08 08:13:30.414,1.58414,1.58467,1.50,1.14
2011.12.08 08:13:30.754,1.58414,1.58467,1.50,1.14
2011.12.08 08:13:32.121,1.58418,1.58468,1.50,1.14
2011.12.08 08:13:32.346,1.58418,1.58468,1.88,1.14
2011.12.08 08:13:32.573,1.58419,1.58468,1.50,1.14
2011.12.08 08:13:32.695,1.58421,1.58468,1.13,1.14
2011.12.08 08:13:33.254,1.58422,1.58468,1.13,1.14
2011.12.08 08:13:33.922,1.58422,1.58468,1.13,1.14
2011.12.08 08:13:35.249,1.58423,1.58468,1.50,1.14
2011.12.08 08:13:35.401,1.58422,1.58468,1.13,1.14
2011.12.08 08:13:36.464,1.58422,1.58468,1.13,1.14
2011.12.08 08:13:37.343,1.58422,1.58468,1.13,1.14
2011.12.08 08:13:40.628,1.58424,1.58468,1.13,1.14
2011.12.08 08:13:40.965,1.58427,1.58468,1.13,1.14
2011.12.08 08:13:41.553,1.58427,1.58467,1.13,1.14
2011.12.08 08:13:42.113,1.58427,1.58467,1.13,1.14
2011.12.08 08:13:43.103,1.58421,1.58468,1.50,1.14
2011.12.08 08:13:43.333,1.58424,1.58467,1.13,1.14
2011.12.08 08:13:43.677,1.58415,1.5846,1.13,1.14
2011.12.08 08:13:43.796,1.58425,1.58468,1.13,1.14
2011.12.08 08:13:44.024,1.58417,1.58468,1.50,1.14
2011.12.08 08:13:44.582,1.58421,1.58468,1.50,1.14
2011.12.08 08:13:45.317,1.58415,1.58468,1.50,1.14
2011.12.08 08:13:45.813,1.58416,1.58459,1.50,1.14
2011.12.08 08:13:47.765,1.58416,1.58459,1.50,1.14
2011.12.08 08:13:48.108,1.58416,1.58458,1.50,1.14
2011.12.08 08:13:48.225,1.58409,1.58458,1.50,1.89
2011.12.08 08:13:48.456,1.58409,1.58459,1.50,1.14
2011.12.08 08:13:49.215,1.58408,1.58459,1.50,1.14
2011.12.08 08:13:51.516,1.58408,1.58458,2.93,1.14
2011.12.08 08:13:51.744,1.58411,1.58459,1.13,1.14
2011.12.08 08:13:52.159,1.58411,1.58459,1.13,1.89
2011.12.08 08:13:52.284,1.58414,1.58459,1.50,1.14
2011.12.08 08:13:52.735,1.58413,1.58455,2.18,1.14
2011.12.08 08:13:53.075,1.58407,1.58456,1.50,1.14
2011.12.08 08:13:53.194,1.58405,1.58448,2.18,1.50
2011.12.08 08:13:53.313,1.58399,1.58446,1.09,1.14
2011.12.08 08:13:54.368,1.58402,1.58446,1.13,1.14
2011.12.08 08:13:54.484,1.58397,1.58444,1.09,1.14
2011.12.08 08:13:55.259,1.58396,1.58444,2.22,1.14
2011.12.08 08:13:55.620,1.58396,1.58444,2.22,1.51
2011.12.08 08:13:58.553,1.584,1.58445,1.09,1.14
2011.12.08 08:13:59.117,1.584,1.58445,1.09,1.14
2011.12.08 08:13:59.916,1.584,1.58445,1.09,1.14
2011.12.08 08:14:00.581,1.584,1.58445,1.09,1.14
2011.12.08 08:14:01.161,1.584,1.58445,1.09,1.14
2011.12.08 08:14:01.690,1.58397,1.58445,1.50,1.14
2011.12.08 08:14:02.203,1.58391,1.58445,1.88,1.14
2011.12.08 08:14:02.731,1.58392,1.58445,1.50,1.14
2011.12.08 08:14:02.954,1.58391,1.58444,1.88,1.51
2011.12.08 08:14:03.462,1.58392,1.58444,1.50,1.51
2011.12.08 08:14:03.613,1.58392,1.58445,1.50,1.14
2011.12.08 08:14:04.249,1.58391,1.58445,1.88,1.14
2011.12.08 08:14:04.803,1.58392,1.58445,1.50,1.14
2011.12.08 08:14:05.621,1.58391,1.58445,1.88,1.14
2011.12.08 08:14:06.024,1.58391,1.58439,1.88,1.14
2011.12.08 08:14:09.129,1.58391,1.5844,1.88,1.14
2011.12.08 08:14:09.247,1.58391,1.5844,1.88,1.14
2011.12.08 08:14:09.364,1.58391,1.5844,1.88,1.14
2011.12.08 08:14:09.485,1.58391,1.58438,1.88,1.51
2011.12.08 08:14:10.334,1.5839,1.5844,1.09,1.14
2011.12.08 08:14:11.054,1.5839,1.5844,1.09,1.14
2011.12.08 08:14:11.210,1.5839,1.5844,1.09,1.14
2011.12.08 08:14:11.328,1.5839,1.58439,1.09,1.51
2011.12.08 08:14:11.657,1.5839,1.5844,1.09,1.14
2011.12.08 08:14:12.464,1.58391,1.5844,1.88,1.14
2011.12.08 08:14:13.283,1.5839,1.58438,1.09,1.51
2011.12.08 08:14:13.404,1.5839,1.58433,1.09,1.14
2011.12.08 08:14:13.748,1.5839,1.58438,2.25,1.51
2011.12.08 08:14:14.548,1.5839,1.58439,1.13,1.51
2011.12.08 08:14:14.774,1.58384,1.58434,1.50,1.14
2011.12.08 08:14:15.373,1.58383,1.58434,2.25,1.51
2011.12.08 08:14:15.610,1.58383,1.58429,1.50,1.50
2011.12.08 08:14:15.957,1.58393,1.58429,1.09,1.14
2011.12.08 08:14:16.380,1.58393,1.58437,1.09,1.06
2011.12.08 08:14:16.812,1.58391,1.58441,1.88,1.14
2011.12.08 08:14:17.795,1.58392,1.58441,1.50,1.14
2011.12.08 08:14:20.523,1.58392,1.58442,2.18,1.14
2011.12.08 08:14:23.202,1.58397,1.58442,1.13,1.14
2011.12.08 08:14:23.969,1.58398,1.58442,1.50,1.14
2011.12.08 08:14:24.487,1.58399,1.58442,1.50,1.14
2011.12.08 08:14:27.106,1.58399,1.58442,1.50,1.14
2011.12.08 08:14:27.225,1.58397,1.58441,1.50,1.14
2011.12.08 08:14:27.345,1.58399,1.58441,1.50,1.14
2011.12.08 08:14:27.469,1.58392,1.58441,1.88,1.14
2011.12.08 08:14:27.696,1.58393,1.58441,1.50,1.14
2011.12.08 08:14:27.922,1.58393,1.58441,1.50,1.14
2011.12.08 08:14:28.438,1.58392,1.58441,1.88,1.14
2011.12.08 08:14:28.666,1.58392,1.58441,1.88,1.14
2011.12.08 08:14:29.646,1.58393,1.58441,1.50,1.14
2011.12.08 08:14:29.781,1.5839,1.58442,1.50,1.14
2011.12.08 08:14:30.113,1.5839,1.58442,1.50,1.14
2011.12.08 08:14:30.233,1.5839,1.58442,1.13,1.14
2011.12.08 08:14:30.574,1.58389,1.58442,1.50,1.14
2011.12.08 08:14:31.185,1.58389,1.58442,1.50,1.14
2011.12.08 08:14:31.724,1.5839,1.58442,1.13,1.14
2011.12.08 08:14:33.315,1.5839,1.58442,1.13,1.14
2011.12.08 08:14:33.534,1.5839,1.58442,1.13,1.14
2011.12.08 08:14:34.643,1.5839,1.58442,1.13,1.14
2011.12.08 08:14:35.126,1.5839,1.58442,1.13,1.14
2011.12.08 08:14:35.881,1.5839,1.58442,1.13,1.14
2011.12.08 08:14:35.992,1.5839,1.58443,1.13,1.14
2011.12.08 08:14:36.803,1.58396,1.58443,1.13,1.14
2011.12.08 08:14:37.033,1.58402,1.58443,1.13,1.14
2011.12.08 08:14:37.871,1.58397,1.58442,1.50,1.14
2011.12.08 08:14:40.623,1.58397,1.58443,1.13,1.14
2011.12.08 08:14:40.856,1.58396,1.58443,1.87,1.14
2011.12.08 08:14:41.254,1.58392,1.58439,1.47,1.51
2011.12.08 08:14:42.133,1.58392,1.58443,2.22,1.14
2011.12.08 08:14:42.476,1.58392,1.58439,1.13,1.51
2011.12.08 08:14:42.924,1.58392,1.58443,1.88,1.89
2011.12.08 08:14:43.043,1.58392,1.58438,1.88,1.51
2011.12.08 08:14:43.648,1.58392,1.58438,1.88,1.51
2011.12.08 08:14:44.207,1.58392,1.58438,1.88,1.51
2011.12.08 08:14:44.542,1.58396,1.58443,2.59,1.14
2011.12.08 08:14:45.712,1.58389,1.58439,1.09,1.51
2011.12.08 08:14:46.261,1.58389,1.58439,1.09,1.51
2011.12.08 08:14:48.693,1.58389,1.58439,1.09,1.51
2011.12.08 08:14:48.924,1.58387,1.58433,1.84,1.14
2011.12.08 08:14:49.660,1.58382,1.58433,1.88,1.14
2011.12.08 08:14:50.103,1.58382,1.58438,1.88,2.19
2011.12.08 08:14:52.285,1.58382,1.58434,1.88,1.14
2011.12.08 08:14:52.862,1.58382,1.58438,2.25,2.19
2011.12.08 08:14:53.574,1.58382,1.58438,2.62,2.19
2011.12.08 08:14:53.687,1.58383,1.58438,1.87,1.51
2011.12.08 08:14:55.731,1.58383,1.58438,2.25,1.51
2011.12.08 08:15:00.202,1.58383,1.58436,1.50,1.14
2011.12.08 08:15:01.713,1.58383,1.58436,2.62,1.14
2011.12.08 08:15:03.684,1.58389,1.58436,1.50,1.14
2011.12.08 08:15:04.415,1.58389,1.58428,1.83,1.14
2011.12.08 08:15:04.539,1.58392,1.58438,1.50,1.14
2011.12.08 08:15:05.093,1.58389,1.58437,1.09,1.14
2011.12.08 08:15:05.435,1.58391,1.58438,1.09,1.14
2011.12.08 08:15:06.063,1.58391,1.58438,1.09,1.14
2011.12.08 08:15:06.916,1.5839,1.58434,1.09,1.14
2011.12.08 08:15:07.475,1.5839,1.58438,1.50,1.14
2011.12.08 08:15:07.883,1.5839,1.58443,1.88,1.51
2011.12.08 08:15:09.108,1.5839,1.58438,1.88,1.14
2011.12.08 08:15:12.293,1.58391,1.58438,1.50,1.14
2011.12.08 08:15:15.795,1.5839,1.58438,1.50,1.14
2011.12.08 08:15:17.824,1.5839,1.58444,1.50,2.94
2011.12.08 08:15:18.684,1.58391,1.58444,1.50,1.51
2011.12.08 08:15:19.242,1.5839,1.58444,1.50,1.51
2011.12.08 08:15:19.812,1.58391,1.58444,1.50,1.51
2011.12.08 08:15:20.593,1.58396,1.58444,1.50,1.51
2011.12.08 08:15:21.658,1.5839,1.58444,2.25,1.51
2011.12.08 08:15:21.780,1.5839,1.58439,1.50,1.14
2011.12.08 08:15:22.007,1.5839,1.58448,1.88,1.51
2011.12.08 08:15:22.234,1.58391,1.58439,1.50,1.14
2011.12.08 08:15:22.462,1.58386,1.58444,1.50,1.51
2011.12.08 08:15:22.684,1.58386,1.58439,1.50,1.14
2011.12.08 08:15:23.025,1.58389,1.58443,1.13,1.14
2011.12.08 08:15:23.253,1.58386,1.58439,1.50,1.14
2011.12.08 08:15:23.486,1.58388,1.58444,1.13,1.14
2011.12.08 08:15:24.455,1.58391,1.58444,1.50,1.14
2011.12.08 08:15:24.992,1.5839,1.58443,1.50,1.14
2011.12.08 08:15:25.561,1.5839,1.58449,1.50,2.23
2011.12.08 08:15:25.893,1.58391,1.58449,1.50,1.89
2011.12.08 08:15:26.752,1.58395,1.58449,1.50,1.51
2011.12.08 08:15:27.607,1.58396,1.58449,1.50,1.51
2011.12.08 08:15:28.123,1.58396,1.58449,1.13,1.51
2011.12.08 08:15:28.365,1.58396,1.58443,1.50,1.14
2011.12.08 08:15:30.136,1.58397,1.58448,1.13,1.51
2011.12.08 08:15:31.993,1.58397,1.58448,1.50,1.51
2011.12.08 08:15:32.745,1.58402,1.58448,1.13,1.51
2011.12.08 08:15:33.485,1.58402,1.58448,1.13,1.51
2011.12.08 08:15:34.049,1.58404,1.58453,1.13,1.89
2011.12.08 08:15:34.631,1.58404,1.58453,1.13,1.89
2011.12.08 08:15:35.942,1.58404,1.58453,1.13,1.14
2011.12.08 08:15:36.733,1.58404,1.58453,1.13,1.14
2011.12.08 08:15:37.296,1.58396,1.58448,1.88,1.14
2011.12.08 08:15:37.959,1.58397,1.58448,1.13,1.14
2011.12.08 08:15:38.604,1.58397,1.58448,1.13,1.14
2011.12.08 08:15:39.487,1.58397,1.58453,1.88,1.51
2011.12.08 08:15:40.330,1.58405,1.58454,1.13,1.51
2011.12.08 08:15:40.902,1.58406,1.58454,1.13,1.51
2011.12.08 08:15:41.234,1.5841,1.58458,1.13,1.89
2011.12.08 08:15:42.433,1.58406,1.58454,1.13,1.51
2011.12.08 08:15:42.909,1.58406,1.58454,1.88,1.13
2011.12.08 08:15:43.016,1.58406,1.58459,1.88,1.89
2011.12.08 08:15:45.072,1.58406,1.58459,1.88,1.14
2011.12.08 08:15:46.325,1.58413,1.58463,1.88,1.14
2011.12.08 08:15:47.018,1.58414,1.58469,1.50,1.89
2011.12.08 08:15:47.136,1.58413,1.58463,1.88,1.14
2011.12.08 08:15:47.252,1.58413,1.58458,1.13,1.14
2011.12.08 08:15:47.716,1.58409,1.58459,1.50,1.14
2011.12.08 08:15:47.838,1.58406,1.58456,1.50,1.14
2011.12.08 08:15:48.497,1.58413,1.58463,1.50,1.14
2011.12.08 08:15:49.355,1.58414,1.58464,1.50,1.51
2011.12.08 08:15:50.131,1.58413,1.58464,1.88,1.51
2011.12.08 08:15:51.229,1.58414,1.58458,1.50,1.14
2011.12.08 08:15:51.345,1.58406,1.58455,1.50,1.50
2011.12.08 08:15:51.464,1.58409,1.58455,1.50,1.14
2011.12.08 08:15:52.026,1.58403,1.58458,1.50,1.51
2011.12.08 08:15:52.366,1.58396,1.58451,1.50,1.81
2011.12.08 08:15:53.405,1.58403,1.58458,1.50,1.14
2011.12.08 08:15:53.724,1.58403,1.58454,1.50,1.14
2011.12.08 08:15:53.844,1.58403,1.58458,1.50,1.14
2011.12.08 08:15:54.182,1.58403,1.58453,1.50,1.14
2011.12.08 08:15:55.393,1.58396,1.58453,1.50,1.14
2011.12.08 08:15:55.985,1.58396,1.58453,1.50,1.14
2011.12.08 08:15:57.623,1.58395,1.58453,1.50,1.14
2011.12.08 08:15:58.424,1.58396,1.58453,1.50,1.14
2011.12.08 08:15:58.765,1.58396,1.58451,1.50,1.14
2011.12.08 08:15:58.992,1.58394,1.58451,1.12,1.14
2011.12.08 08:15:59.554,1.58393,1.58452,1.50,1.14
2011.12.08 08:16:00.977,1.58393,1.58452,1.50,1.14
2011.12.08 08:16:01.534,1.58394,1.58451,1.12,1.14
2011.12.08 08:16:01.877,1.58388,1.58444,1.12,1.14
2011.12.08 08:16:01.997,1.58393,1.58444,1.13,1.14
2011.12.08 08:16:02.513,1.58387,1.58445,1.12,1.14
2011.12.08 08:16:02.635,1.58387,1.58445,1.12,1.14
2011.12.08 08:16:05.783,1.58388,1.58444,1.12,1.14
2011.12.08 08:16:05.935,1.58388,1.58444,1.12,1.14
2011.12.08 08:16:06.694,1.58387,1.58445,1.87,1.14
2011.12.08 08:16:07.024,1.58391,1.58446,1.50,1.13
2011.12.08 08:16:08.895,1.58392,1.58447,1.13,1.14
2011.12.08 08:16:09.240,1.58388,1.58444,1.13,1.14
2011.12.08 08:16:09.689,1.5839,1.58449,2.25,1.51
2011.12.08 08:16:09.805,1.5839,1.58446,1.50,1.14
2011.12.08 08:16:09.924,1.58389,1.58449,2.25,1.51
2011.12.08 08:16:10.482,1.5839,1.58449,1.87,1.51
2011.12.08 08:16:10.703,1.58391,1.58449,1.13,1.51
2011.12.08 08:16:11.043,1.58396,1.58448,1.50,1.14
2011.12.08 08:16:11.714,1.58396,1.58448,1.50,1.14
2011.12.08 08:16:13.287,1.58396,1.58447,1.50,1.14
2011.12.08 08:16:13.974,1.58397,1.58449,1.13,1.14
2011.12.08 08:16:14.314,1.58397,1.58447,1.13,1.14
2011.12.08 08:16:14.655,1.58407,1.58459,1.88,1.14
2011.12.08 08:16:14.777,1.58406,1.5846,1.50,1.14
2011.12.08 08:16:15.763,1.5841,1.5846,1.13,1.14
2011.12.08 08:16:16.104,1.5841,1.5846,1.50,1.14
2011.12.08 08:16:16.227,1.5841,1.5846,1.88,1.14
2011.12.08 08:16:17.136,1.58414,1.58459,1.13,1.14
2011.12.08 08:16:17.366,1.58411,1.58459,1.50,1.14
2011.12.08 08:16:17.826,1.58411,1.5846,1.50,1.14
2011.12.08 08:16:18.114,1.5841,1.5846,1.50,1.14
2011.12.08 08:16:18.347,1.58411,1.5846,1.50,1.14
2011.12.08 08:16:24.924,1.5841,1.5846,1.50,1.14
2011.12.08 08:16:25.050,1.58411,1.5846,1.13,1.14
2011.12.08 08:16:25.559,1.58413,1.58459,1.13,1.14
2011.12.08 08:16:25.903,1.58413,1.58466,1.13,1.14
2011.12.08 08:16:26.023,1.58411,1.58462,1.87,2.18
2011.12.08 08:16:26.144,1.58412,1.58462,1.13,2.18
2011.12.08 08:16:26.483,1.58408,1.58464,1.87,1.14
2011.12.08 08:16:26.714,1.58412,1.58463,1.13,2.56
2011.12.08 08:16:27.165,1.58412,1.58463,1.13,2.56
2011.12.08 08:16:27.616,1.58416,1.58467,1.88,1.14
2011.12.08 08:16:28.176,1.58416,1.58466,1.88,1.14
2011.12.08 08:16:30.052,1.58416,1.58467,1.88,1.14
2011.12.08 08:16:30.699,1.58416,1.58467,1.13,1.14
2011.12.08 08:16:31.614,1.58416,1.58467,1.88,1.14
2011.12.08 08:16:32.065,1.58416,1.58464,1.50,1.13
2011.12.08 08:16:32.403,1.58409,1.58463,1.50,2.04
2011.12.08 08:16:32.523,1.58409,1.58462,1.50,1.25
2011.12.08 08:16:32.864,1.58407,1.58457,1.50,1.85
2011.12.08 08:16:35.162,1.58408,1.58458,1.50,2.19
2011.12.08 08:16:35.385,1.58408,1.58463,1.50,1.89
2011.12.08 08:16:35.912,1.58405,1.58463,1.88,1.89
2011.12.08 08:16:37.414,1.58411,1.58463,1.13,1.51
2011.12.08 08:16:37.536,1.58411,1.58463,1.88,1.51
2011.12.08 08:16:40.587,1.58411,1.5846,1.13,1.14
2011.12.08 08:16:40.925,1.5841,1.58455,1.13,1.43
2011.12.08 08:16:41.154,1.5841,1.58463,1.13,1.14
2011.12.08 08:16:41.305,1.5841,1.58463,1.88,1.14
2011.12.08 08:16:44.398,1.58411,1.58463,1.87,1.14
2011.12.08 08:16:44.626,1.58411,1.58461,1.09,1.14
2011.12.08 08:16:44.745,1.5841,1.58461,2.25,1.14
2011.12.08 08:16:44.863,1.5841,1.58461,2.25,1.14
2011.12.08 08:16:44.983,1.5841,1.58461,2.25,1.14
2011.12.08 08:16:45.215,1.5841,1.58461,1.50,1.14
2011.12.08 08:16:45.443,1.58403,1.5846,1.13,1.13
2011.12.08 08:16:45.563,1.58403,1.58458,1.50,1.14
2011.12.08 08:16:46.374,1.58403,1.58459,1.13,2.56
2011.12.08 08:16:48.244,1.58403,1.58458,1.13,1.14
2011.12.08 08:16:48.476,1.58403,1.58459,1.88,2.56
2011.12.08 08:16:49.823,1.58403,1.58459,1.88,2.94
2011.12.08 08:16:50.524,1.58404,1.58458,1.50,1.51
2011.12.08 08:16:50.649,1.58403,1.58458,1.13,1.51
2011.12.08 08:16:52.393,1.58403,1.58458,1.13,1.13
2011.12.08 08:16:54.246,1.58403,1.58458,1.13,1.14
2011.12.08 08:16:54.827,1.58403,1.58459,1.13,2.94
2011.12.08 08:16:55.275,1.58404,1.58458,1.50,1.14
2011.12.08 08:16:55.615,1.58407,1.58459,1.13,1.14
2011.12.08 08:16:55.848,1.58406,1.58456,1.13,1.14
2011.12.08 08:16:55.968,1.58402,1.58455,1.50,1.51
2011.12.08 08:16:56.435,1.58406,1.58454,1.50,2.18
2011.12.08 08:16:56.549,1.58397,1.58454,2.25,1.14
2011.12.08 08:16:56.887,1.58397,1.58454,1.87,1.14
2011.12.08 08:16:57.008,1.58403,1.58455,1.13,1.14
2011.12.08 08:16:57.127,1.58403,1.58455,1.50,1.14
2011.12.08 08:16:57.246,1.58406,1.58455,1.13,1.14
2011.12.08 08:16:57.367,1.58408,1.58459,1.13,1.14
2011.12.08 08:16:57.890,1.58408,1.58459,1.88,1.14
2011.12.08 08:16:58.557,1.58407,1.58456,1.88,1.14
2011.12.08 08:16:59.025,1.58403,1.58455,1.50,1.14
2011.12.08 08:16:59.475,1.58406,1.58455,1.13,1.14
2011.12.08 08:17:02.016,1.58404,1.58455,1.13,1.14
2011.12.08 08:17:02.676,1.58403,1.58455,1.13,1.14
2011.12.08 08:17:02.904,1.58402,1.58456,1.13,2.56
2011.12.08 08:17:03.484,1.58407,1.58456,1.13,1.14
2011.12.08 08:17:03.825,1.58407,1.58452,1.13,1.13
2011.12.08 08:17:03.945,1.58407,1.58453,1.50,1.13
2011.12.08 08:17:04.065,1.58409,1.58456,1.13,1.14
2011.12.08 08:17:04.642,1.58405,1.58452,1.13,1.50
2011.12.08 08:17:04.759,1.58398,1.5845,1.12,2.18
2011.12.08 08:17:04.873,1.58397,1.5845,2.25,2.18
2011.12.08 08:17:05.382,1.58397,1.5845,1.88,2.18
2011.12.08 08:17:07.213,1.58397,1.58452,2.25,1.14
2011.12.08 08:17:07.708,1.58404,1.58454,1.50,1.14
2011.12.08 08:17:08.155,1.58402,1.58455,1.88,1.14
2011.12.08 08:17:08.621,1.58404,1.58454,1.13,1.14
2011.12.08 08:17:09.943,1.58402,1.58458,1.88,2.15
2011.12.08 08:17:10.807,1.58407,1.58459,1.13,1.48
2011.12.08 08:17:12.385,1.58407,1.58459,1.13,1.48
2011.12.08 08:17:13.773,1.58407,1.58459,1.13,1.14
2011.12.08 08:17:14.583,1.58407,1.58459,1.13,1.14
2011.12.08 08:17:14.704,1.58403,1.58448,1.13,1.13
2011.12.08 08:17:14.828,1.58397,1.58447,1.50,1.14
2011.12.08 08:17:15.348,1.58403,1.58454,1.13,1.14
2011.12.08 08:17:15.687,1.58402,1.58459,1.50,2.94
2011.12.08 08:17:15.915,1.58404,1.58459,1.13,1.51
2011.12.08 08:17:16.449,1.58403,1.58452,1.13,1.14
2011.12.08 08:17:16.676,1.58403,1.58457,1.13,1.81
2011.12.08 08:17:17.248,1.5841,1.58459,1.88,1.14
2011.12.08 08:17:19.242,1.5841,1.58463,2.25,1.51
2011.12.08 08:17:29.993,1.5841,1.58459,1.88,1.50
2011.12.08 08:17:30.564,1.58403,1.58457,1.12,1.14
2011.12.08 08:17:30.902,1.58405,1.58457,1.50,2.18
2011.12.08 08:17:31.664,1.58407,1.58457,1.50,2.56
2011.12.08 08:17:32.284,1.58407,1.58457,1.50,2.18
2011.12.08 08:17:33.485,1.58406,1.58457,1.13,2.56
2011.12.08 08:17:34.018,1.58403,1.58457,1.12,2.18
2011.12.08 08:17:34.583,1.58403,1.58457,1.12,2.56
2011.12.08 08:17:35.830,1.58402,1.58457,1.13,2.56
2011.12.08 08:17:36.462,1.58402,1.58457,1.88,2.56
2011.12.08 08:17:37.186,1.58402,1.58457,1.88,2.56
2011.12.08 08:17:37.903,1.58402,1.58456,1.88,1.14
2011.12.08 08:17:38.473,1.58402,1.58457,1.88,2.56
2011.12.08 08:17:39.081,1.58401,1.58449,1.13,2.56
2011.12.08 08:17:39.418,1.58408,1.58449,1.13,1.81
2011.12.08 08:17:39.541,1.58401,1.58459,1.88,1.14
2011.12.08 08:17:39.764,1.58397,1.58452,1.87,1.14
2011.12.08 08:17:40.856,1.58397,1.58451,1.12,1.13
2011.12.08 08:17:41.483,1.58396,1.58452,1.87,1.89
2011.12.08 08:17:41.824,1.58397,1.58451,1.12,1.14
2011.12.08 08:17:42.511,1.58396,1.58452,1.12,1.89
2011.12.08 08:17:43.068,1.58396,1.58451,1.87,1.13
2011.12.08 08:17:43.182,1.58396,1.58451,1.12,1.13
2011.12.08 08:17:44.299,1.58397,1.58452,1.12,1.14
2011.12.08 08:17:44.419,1.58397,1.58452,1.12,1.14
2011.12.08 08:17:44.666,1.58397,1.58452,1.12,1.14
2011.12.08 08:17:45.677,1.58405,1.58454,1.13,1.51
2011.12.08 08:17:46.126,1.58406,1.58454,1.50,1.51
2011.12.08 08:17:46.674,1.58406,1.58454,2.25,1.14
2011.12.08 08:17:47.271,1.58405,1.58448,1.13,1.14
2011.12.08 08:17:47.391,1.58405,1.58449,1.13,1.14
2011.12.08 08:17:48.763,1.58405,1.58448,1.13,1.14
2011.12.08 08:17:48.997,1.5841,1.58454,1.13,1.14
2011.12.08 08:17:49.552,1.58401,1.58449,1.46,1.14
2011.12.08 08:17:50.175,1.58402,1.58448,1.12,1.14
2011.12.08 08:17:50.544,1.58402,1.58449,1.12,1.14
2011.12.08 08:17:50.774,1.58402,1.58448,1.12,1.14
2011.12.08 08:17:50.893,1.58401,1.58449,1.09,1.14
2011.12.08 08:17:53.575,1.58401,1.58448,1.24,1.14
2011.12.08 08:17:55.383,1.58402,1.58453,1.50,1.14
2011.12.08 08:17:55.945,1.58407,1.58453,2.97,1.14
2011.12.08 08:17:56.176,1.58414,1.58459,1.09,1.14
2011.12.08 08:17:56.631,1.58413,1.58459,1.09,1.14
2011.12.08 08:17:56.750,1.5841,1.58458,1.09,1.14
2011.12.08 08:17:57.534,1.58407,1.58458,1.13,1.51
2011.12.08 08:17:57.777,1.58403,1.58456,1.05,1.50
2011.12.08 08:17:57.893,1.58403,1.58457,1.12,1.14
2011.12.08 08:17:58.014,1.58407,1.58457,1.13,1.14
2011.12.08 08:17:58.246,1.58403,1.58457,1.12,1.14
2011.12.08 08:17:59.610,1.58401,1.58449,1.50,1.47
2011.12.08 08:17:59.945,1.5839,1.58442,1.50,1.14
2011.12.08 08:18:01.832,1.58401,1.58448,1.50,1.14
2011.12.08 08:18:02.397,1.58397,1.58448,1.13,1.14
2011.12.08 08:18:02.954,1.58403,1.58449,1.09,1.14
2011.12.08 08:18:03.295,1.58397,1.58449,1.13,1.14
2011.12.08 08:18:03.913,1.58397,1.58449,1.50,1.14
2011.12.08 08:18:04.146,1.58401,1.58449,1.50,1.14
2011.12.08 08:18:04.377,1.58411,1.58455,1.50,1.13
2011.12.08 08:18:04.497,1.58401,1.58455,1.87,1.13
2011.12.08 08:18:04.833,1.58401,1.58454,1.50,1.14
2011.12.08 08:18:05.672,1.58401,1.58455,1.50,1.51
2011.12.08 08:18:07.385,1.58401,1.58456,1.50,2.19
2011.12.08 08:18:07.987,1.58402,1.58455,1.88,1.81
2011.12.08 08:18:08.328,1.58405,1.58454,1.13,1.14
2011.12.08 08:18:08.671,1.58405,1.58457,1.88,1.81
2011.12.08 08:18:08.786,1.58405,1.58455,1.50,1.14
2011.12.08 08:18:09.372,1.58406,1.58459,1.50,1.14
2011.12.08 08:18:09.702,1.58405,1.58455,1.50,1.14
2011.12.08 08:18:10.455,1.58405,1.58459,1.50,1.14
2011.12.08 08:18:11.014,1.58406,1.58454,1.50,1.14
2011.12.08 08:18:11.245,1.58402,1.58452,1.50,2.18
2011.12.08 08:18:11.365,1.58401,1.58452,1.50,1.43
2011.12.08 08:18:11.962,1.584,1.58452,1.50,1.80
2011.12.08 08:18:12.083,1.58397,1.58447,2.21,1.81
2011.12.08 08:18:12.204,1.58397,1.58444,1.46,1.13
2011.12.08 08:18:12.764,1.58397,1.58444,2.21,1.81
2011.12.08 08:18:12.886,1.58397,1.58453,1.09,1.14
2011.12.08 08:18:13.005,1.58396,1.58444,3.33,1.13
2011.12.08 08:18:13.564,1.58396,1.58444,1.88,2.94
2011.12.08 08:18:13.908,1.58396,1.58451,2.25,1.10
2011.12.08 08:18:14.389,1.58396,1.58444,1.88,1.50
2011.12.08 08:18:14.945,1.58396,1.58444,1.50,1.81
2011.12.08 08:18:15.175,1.58396,1.58448,1.50,1.10
2011.12.08 08:18:15.299,1.58397,1.58442,1.50,1.80
2011.12.08 08:18:15.635,1.58383,1.58442,1.50,2.19
2011.12.08 08:18:16.115,1.58383,1.58436,1.50,1.81
2011.12.08 08:18:18.582,1.58382,1.58436,1.50,1.81
2011.12.08 08:18:19.243,1.58383,1.58436,1.50,1.81
2011.12.08 08:18:20.795,1.58382,1.58435,2.25,1.14
2011.12.08 08:18:20.914,1.58383,1.58442,2.25,2.19
2011.12.08 08:18:21.473,1.58388,1.58448,1.50,1.10
2011.12.08 08:18:21.953,1.58388,1.58443,1.50,1.14
2011.12.08 08:18:22.071,1.58388,1.58443,1.50,1.89
2011.12.08 08:18:22.772,1.58383,1.58443,2.25,3.31
2011.12.08 08:18:24.763,1.58383,1.58443,1.13,3.31
2011.12.08 08:18:26.510,1.58383,1.58443,2.25,3.31
2011.12.08 08:18:27.343,1.58383,1.58443,1.87,2.94
2011.12.08 08:18:30.214,1.58389,1.58443,1.13,2.94
2011.12.08 08:18:30.335,1.58386,1.58439,1.50,1.14
2011.12.08 08:18:30.454,1.5839,1.58439,1.13,1.14
2011.12.08 08:18:30.904,1.58391,1.58441,1.50,1.14
2011.12.08 08:18:31.026,1.5839,1.58444,1.13,1.14
2011.12.08 08:18:31.143,1.58391,1.58445,1.50,1.14
2011.12.08 08:18:32.086,1.5839,1.58445,1.88,1.14
2011.12.08 08:18:34.799,1.58391,1.58444,1.88,1.14
2011.12.08 08:18:35.137,1.58392,1.58444,1.13,1.14
2011.12.08 08:18:35.583,1.58392,1.58445,1.13,1.14
2011.12.08 08:18:39.518,1.58392,1.58444,1.50,2.56
2011.12.08 08:18:39.834,1.58387,1.5844,1.12,1.13
2011.12.08 08:18:39.954,1.58382,1.5844,2.25,1.51
2011.12.08 08:18:40.183,1.58382,1.58438,1.87,1.13
2011.12.08 08:18:40.744,1.58382,1.58436,1.87,1.13
2011.12.08 08:18:42.273,1.58386,1.58435,1.50,1.14
2011.12.08 08:18:42.494,1.58388,1.58439,1.13,2.56
2011.12.08 08:18:42.723,1.58386,1.58435,1.50,1.14
2011.12.08 08:18:45.948,1.58384,1.58438,1.50,1.14
2011.12.08 08:18:47.035,1.58383,1.58439,1.50,2.56
2011.12.08 08:18:47.487,1.58383,1.58439,1.50,2.56
2011.12.08 08:18:48.534,1.5839,1.58439,1.13,2.56
2011.12.08 08:18:48.652,1.58391,1.58439,1.50,1.14
2011.12.08 08:18:50.548,1.58391,1.58444,1.50,1.14
2011.12.08 08:18:52.227,1.58392,1.58444,1.50,1.14
2011.12.08 08:18:53.852,1.58391,1.58444,1.50,1.14
2011.12.08 08:18:54.404,1.58398,1.58443,1.84,1.14
2011.12.08 08:18:54.526,1.58398,1.58446,1.84,1.13
2011.12.08 08:18:54.646,1.58393,1.58448,1.09,1.14
2011.12.08 08:18:54.764,1.58395,1.5845,1.09,1.14
2011.12.08 08:18:55.332,1.58396,1.58454,1.50,1.51
2011.12.08 08:18:55.457,1.58396,1.58454,1.50,1.51
2011.12.08 08:18:55.793,1.58394,1.58454,1.50,1.51
2011.12.08 08:18:56.626,1.58393,1.5845,1.12,1.14
2011.12.08 08:18:56.745,1.58394,1.58453,1.50,1.51
2011.12.08 08:18:57.086,1.58393,1.58448,1.50,1.43
2011.12.08 08:18:57.207,1.58393,1.58454,1.50,1.51
2011.12.08 08:18:58.274,1.58394,1.58454,1.50,1.51
2011.12.08 08:18:59.177,1.58394,1.58456,1.50,2.19
2011.12.08 08:19:00.705,1.58393,1.58456,1.50,2.19
2011.12.08 08:19:00.823,1.58392,1.58451,2.25,1.14
2011.12.08 08:19:01.598,1.58396,1.58454,1.50,1.14
2011.12.08 08:19:02.155,1.58401,1.58454,1.88,1.14
2011.12.08 08:19:02.545,1.58402,1.58458,1.50,1.14
2011.12.08 08:19:02.966,1.58401,1.58454,1.88,1.14
2011.12.08 08:19:04.218,1.58402,1.58453,1.50,1.14
2011.12.08 08:19:04.701,1.58397,1.58447,1.13,1.43
2011.12.08 08:19:04.928,1.58399,1.58446,1.50,1.84
2011.12.08 08:19:05.268,1.58409,1.58463,1.13,1.85
2011.12.08 08:19:05.758,1.58406,1.58454,1.50,1.14
2011.12.08 08:19:05.876,1.58403,1.58454,1.50,1.14
2011.12.08 08:19:06.401,1.58402,1.58457,1.50,1.14
2011.12.08 08:19:09.545,1.58402,1.58455,1.50,1.13
2011.12.08 08:19:10.227,1.58399,1.58453,1.50,1.14
2011.12.08 08:19:10.903,1.58398,1.58453,1.50,1.14
2011.12.08 08:19:11.452,1.58398,1.58453,1.50,1.51
2011.12.08 08:19:11.893,1.58407,1.58452,1.09,1.43
2011.12.08 08:19:12.235,1.58408,1.58458,1.09,2.56
2011.12.08 08:19:12.576,1.58401,1.58457,1.50,1.14
2011.12.08 08:19:14.505,1.58402,1.58458,1.50,1.14
2011.12.08 08:19:14.735,1.58402,1.58456,1.50,1.14
2011.12.08 08:19:14.967,1.58402,1.58459,1.50,2.56
2011.12.08 08:19:15.444,1.58402,1.58456,1.50,1.14
2011.12.08 08:19:17.304,1.58401,1.58459,1.50,2.56
2011.12.08 08:19:17.852,1.58402,1.58459,1.50,2.56
2011.12.08 08:19:18.404,1.58401,1.58459,1.50,2.56
2011.12.08 08:19:20.735,1.58402,1.58457,1.50,1.14
2011.12.08 08:19:22.883,1.58402,1.58458,1.50,1.14
2011.12.08 08:19:23.395,1.58401,1.58458,1.50,1.14
2011.12.08 08:19:25.635,1.58401,1.58459,1.50,2.56
2011.12.08 08:19:25.757,1.58402,1.58459,1.50,2.94
2011.12.08 08:19:26.097,1.58396,1.58455,1.87,1.10
2011.12.08 08:19:26.612,1.58397,1.58448,1.50,1.14
2011.12.08 08:19:27.052,1.58396,1.58454,1.87,1.48
2011.12.08 08:19:27.277,1.58396,1.58456,1.87,2.19
2011.12.08 08:19:28.616,1.58406,1.58458,1.88,1.14
2011.12.08 08:19:28.844,1.58411,1.58464,1.13,1.14
2011.12.08 08:19:29.908,1.58411,1.58466,1.88,1.14
2011.12.08 08:19:31.210,1.58411,1.58465,1.88,1.14
2011.12.08 08:19:32.195,1.58412,1.58468,1.50,1.14
2011.12.08 08:19:33.224,1.58411,1.58468,1.88,1.14
2011.12.08 08:19:33.343,1.58411,1.58466,1.88,1.14
2011.12.08 08:19:35.543,1.58411,1.58465,1.88,1.14
2011.12.08 08:19:38.499,1.58411,1.58466,1.88,1.14
2011.12.08 08:19:41.258,1.58411,1.58465,1.88,1.14
2011.12.08 08:19:43.362,1.58411,1.58466,1.88,1.14
2011.12.08 08:19:44.446,1.58411,1.58465,1.88,1.14
2011.12.08 08:19:45.354,1.58411,1.58466,1.88,1.14
2011.12.08 08:19:45.903,1.58411,1.58465,1.88,1.14
2011.12.08 08:19:46.022,1.58412,1.58469,1.50,1.51
2011.12.08 08:19:46.684,1.58411,1.58469,1.88,1.51
2011.12.08 08:19:48.112,1.58412,1.58469,1.50,1.51
2011.12.08 08:19:48.884,1.58411,1.58469,1.88,1.51
2011.12.08 08:19:49.494,1.58417,1.58468,1.50,1.14
2011.12.08 08:19:49.617,1.58416,1.58468,1.50,1.14
2011.12.08 08:19:51.082,1.58417,1.58468,1.50,1.14
2011.12.08 08:19:51.636,1.58416,1.58468,1.50,1.14
2011.12.08 08:19:51.865,1.58417,1.58467,1.50,1.14
2011.12.08 08:19:53.184,1.58421,1.58468,1.88,1.14
2011.12.08 08:19:53.635,1.58421,1.58467,1.13,1.14
2011.12.08 08:19:53.756,1.58416,1.58469,1.88,1.14
2011.12.08 08:19:53.985,1.5842,1.58474,1.13,1.14
2011.12.08 08:19:54.493,1.58421,1.58474,1.50,1.14
2011.12.08 08:19:55.082,1.58422,1.58474,1.50,1.14
2011.12.08 08:19:56.213,1.58426,1.58479,1.50,1.14
2011.12.08 08:19:56.764,1.58426,1.58478,1.50,1.14
2011.12.08 08:19:57.353,1.58426,1.58479,1.50,1.14
2011.12.08 08:19:59.919,1.58425,1.58479,1.47,1.14
2011.12.08 08:20:01.176,1.58427,1.58479,1.13,1.14
2011.12.08 08:20:01.295,1.58427,1.58479,1.13,1.14
2011.12.08 08:20:01.527,1.58425,1.58475,1.09,1.13
2011.12.08 08:20:01.757,1.58419,1.58473,1.05,1.14
2011.12.08 08:20:02.398,1.58426,1.58473,1.50,1.14
2011.12.08 08:20:02.525,1.58422,1.58478,1.12,1.48
2011.12.08 08:20:02.761,1.58426,1.58475,1.50,1.43
2011.12.08 08:20:02.993,1.58425,1.58484,1.50,1.14
2011.12.08 08:20:03.117,1.58432,1.5848,1.43,1.13
2011.12.08 08:20:03.350,1.58432,1.58484,1.43,1.14
2011.12.08 08:20:03.842,1.58418,1.58481,1.13,2.18
2011.12.08 08:20:03.972,1.58426,1.58476,1.50,1.13
2011.12.08 08:20:04.305,1.58423,1.58473,1.13,1.14
2011.12.08 08:20:04.538,1.58427,1.58473,1.09,1.14
2011.12.08 08:20:05.097,1.58427,1.5848,1.47,1.14
2011.12.08 08:20:05.216,1.58437,1.58488,1.09,1.14
2011.12.08 08:20:05.675,1.58437,1.58488,1.84,1.14
2011.12.08 08:20:05.798,1.58437,1.58488,1.50,1.14
2011.12.08 08:20:06.305,1.58435,1.58488,1.13,1.14
2011.12.08 08:20:06.646,1.58436,1.58483,1.50,1.14
2011.12.08 08:20:06.986,1.58428,1.58484,2.18,1.14
2011.12.08 08:20:07.436,1.58425,1.58483,1.09,1.51
2011.12.08 08:20:08.055,1.58416,1.5847,1.50,2.18
2011.12.08 08:20:09.150,1.58418,1.58478,1.12,1.47
2011.12.08 08:20:09.264,1.58425,1.58476,1.50,1.43
2011.12.08 08:20:09.496,1.58426,1.58477,1.50,2.18
2011.12.08 08:20:12.173,1.58421,1.58477,1.50,2.18
2011.12.08 08:20:13.024,1.58422,1.58481,1.13,1.14
2011.12.08 08:20:13.592,1.58427,1.5848,1.50,1.14
2011.12.08 08:20:14.033,1.58426,1.58481,1.87,1.13
2011.12.08 08:20:14.155,1.58426,1.58481,1.87,1.13
2011.12.08 08:20:14.386,1.58426,1.5848,1.50,1.14
2011.12.08 08:20:16.963,1.58426,1.58481,1.50,1.51
2011.12.08 08:20:17.194,1.58426,1.58481,1.50,1.51
2011.12.08 08:20:18.130,1.58422,1.58478,1.50,1.51
2011.12.08 08:20:19.258,1.58422,1.58478,1.50,1.51
2011.12.08 08:20:23.265,1.58426,1.58481,1.50,2.18
2011.12.08 08:20:23.387,1.58432,1.58483,1.13,1.14
2011.12.08 08:20:24.047,1.5843,1.58484,1.50,1.14
2011.12.08 08:20:26.147,1.58432,1.58479,1.13,1.14
2011.12.08 08:20:31.633,1.58429,1.58472,1.50,1.43
2011.12.08 08:20:31.757,1.58421,1.58471,1.50,1.14
2011.12.08 08:20:32.293,1.58421,1.58472,1.50,2.56
2011.12.08 08:20:33.283,1.58421,1.5847,1.50,1.14
2011.12.08 08:20:36.265,1.58421,1.58471,1.50,1.14
2011.12.08 08:20:36.886,1.58421,1.5847,1.50,1.14
2011.12.08 08:20:37.226,1.58412,1.58464,1.13,1.14
2011.12.08 08:20:37.348,1.58411,1.58461,1.13,1.51
2011.12.08 08:20:37.595,1.58411,1.58461,1.13,1.51
2011.12.08 08:20:38.205,1.58417,1.58463,1.09,2.56
2011.12.08 08:20:38.439,1.5842,1.58469,1.09,1.14
2011.12.08 08:20:38.901,1.5842,1.58474,1.09,1.14
2011.12.08 08:20:39.453,1.58425,1.58474,1.50,1.14
2011.12.08 08:20:40.196,1.58424,1.58474,1.50,1.14
2011.12.08 08:20:40.526,1.58425,1.58479,1.87,1.14
2011.12.08 08:20:41.842,1.58425,1.58479,1.87,1.14
2011.12.08 08:20:44.745,1.58423,1.5848,1.13,1.14
2011.12.08 08:20:45.724,1.58421,1.58475,1.12,1.13
2011.12.08 08:20:45.884,1.58418,1.58474,2.18,1.14
2011.12.08 08:20:46.625,1.58421,1.58473,1.50,1.14
2011.12.08 08:20:46.747,1.58432,1.58474,1.09,1.81
2011.12.08 08:20:47.326,1.5843,1.58474,1.09,2.18
2011.12.08 08:20:47.668,1.58432,1.58474,1.09,2.18
2011.12.08 08:20:48.226,1.5843,1.58474,1.12,2.18
2011.12.08 08:20:48.741,1.5843,1.58474,1.13,2.18
2011.12.08 08:20:48.862,1.58425,1.58474,1.13,2.18
2011.12.08 08:20:49.415,1.58425,1.58474,1.13,2.18
2011.12.08 08:20:49.754,1.58425,1.58474,1.88,2.18
2011.12.08 08:20:49.990,1.58422,1.58472,1.87,2.18
2011.12.08 08:20:50.105,1.58422,1.58472,1.50,2.56
2011.12.08 08:20:51.076,1.58417,1.58466,1.50,1.13
2011.12.08 08:20:54.711,1.58417,1.58464,1.50,2.18
2011.12.08 08:20:54.829,1.58411,1.58464,1.50,1.14
2011.12.08 08:20:54.944,1.58413,1.58468,1.13,1.14
2011.12.08 08:20:55.283,1.58414,1.58468,1.50,1.14
2011.12.08 08:20:55.404,1.58414,1.58471,1.50,1.44
2011.12.08 08:20:55.913,1.58417,1.58472,1.50,2.19
2011.12.08 08:20:57.416,1.58417,1.58469,1.13,1.13
2011.12.08 08:20:57.755,1.58415,1.58466,1.13,1.14
2011.12.08 08:20:58.197,1.58412,1.58463,1.12,1.80
2011.12.08 08:20:58.782,1.58411,1.58463,1.50,2.19
2011.12.08 08:21:00.383,1.58411,1.58463,1.50,2.19
2011.12.08 08:21:02.123,1.58411,1.58463,1.50,2.19
2011.12.08 08:21:03.575,1.58411,1.58463,1.50,2.19
2011.12.08 08:21:03.693,1.58406,1.58461,1.50,1.51
2011.12.08 08:21:04.367,1.58406,1.5846,1.50,1.14
2011.12.08 08:21:04.891,1.58403,1.5846,1.88,1.14
2011.12.08 08:21:07.218,1.58404,1.58463,1.87,2.19
2011.12.08 08:21:07.556,1.5841,1.58461,1.13,1.14
2011.12.08 08:21:07.675,1.5841,1.58463,1.13,2.56
2011.12.08 08:21:07.795,1.58407,1.58459,1.50,1.14
2011.12.08 08:21:08.134,1.58404,1.58459,1.88,2.18
2011.12.08 08:21:10.994,1.58402,1.58457,1.12,1.13
2011.12.08 08:21:11.115,1.58402,1.58454,1.12,1.09
2011.12.08 08:21:11.240,1.58402,1.58454,1.50,1.09
2011.12.08 08:21:11.627,1.58401,1.58454,1.88,1.09
2011.12.08 08:21:11.743,1.58404,1.58453,1.13,1.14
2011.12.08 08:21:12.077,1.58397,1.58443,1.46,1.43
2011.12.08 08:21:12.418,1.58399,1.58447,1.09,1.14
2011.12.08 08:21:12.644,1.58402,1.58448,1.50,1.14
2011.12.08 08:21:13.622,1.58399,1.58448,1.09,1.14
2011.12.08 08:21:14.694,1.58397,1.58447,1.09,1.14
2011.12.08 08:21:15.033,1.58392,1.58447,2.59,1.14
2011.12.08 08:21:15.153,1.58391,1.58448,1.50,1.14
2011.12.08 08:21:15.552,1.58391,1.58448,1.13,1.14
2011.12.08 08:21:16.188,1.58392,1.58453,1.13,1.14
2011.12.08 08:21:16.307,1.58396,1.58454,1.87,1.14
2011.12.08 08:21:16.864,1.58397,1.58453,1.13,1.14
2011.12.08 08:21:18.873,1.58397,1.58453,1.13,1.14
2011.12.08 08:21:19.433,1.58396,1.58454,2.25,1.14
2011.12.08 08:21:19.915,1.58402,1.58453,1.50,1.14
2011.12.08 08:21:20.633,1.58401,1.58453,1.13,1.14
2011.12.08 08:21:21.954,1.58403,1.58453,1.13,1.14
2011.12.08 08:21:22.074,1.58403,1.58453,1.13,1.14
2011.12.08 08:21:22.194,1.58406,1.58453,1.13,1.14
2011.12.08 08:21:25.876,1.58406,1.58454,1.13,1.14
2011.12.08 08:21:26.218,1.5841,1.58459,1.13,1.14
2011.12.08 08:21:26.558,1.58413,1.58459,1.13,1.14
2011.12.08 08:21:26.679,1.58408,1.58459,1.13,1.14
2011.12.08 08:21:27.126,1.58408,1.5846,1.13,1.14
2011.12.08 08:21:27.251,1.58408,1.58459,1.13,1.14
2011.12.08 08:21:28.333,1.58408,1.5846,1.13,1.14
2011.12.08 08:21:29.083,1.58408,1.5846,1.13,1.14
2011.12.08 08:21:29.547,1.58404,1.5846,1.13,1.14
2011.12.08 08:21:29.664,1.58404,1.5846,1.13,1.14
2011.12.08 08:21:30.238,1.58404,1.58459,1.12,1.14
2011.12.08 08:21:31.044,1.58403,1.5846,1.13,2.56
2011.12.08 08:21:31.276,1.58401,1.58454,1.13,1.09
2011.12.08 08:21:31.617,1.58399,1.58449,1.12,2.18
2011.12.08 08:21:31.737,1.58397,1.5845,2.62,2.56
2011.12.08 08:21:31.855,1.58397,1.5845,1.87,2.56
2011.12.08 08:21:32.194,1.58402,1.58454,1.50,1.09
2011.12.08 08:21:33.090,1.58402,1.58454,1.12,1.09
2011.12.08 08:21:33.680,1.58402,1.58454,1.87,1.09
2011.12.08 08:21:35.250,1.58402,1.58454,1.50,1.09
2011.12.08 08:21:35.974,1.58401,1.58453,1.13,1.14
2011.12.08 08:21:36.704,1.58401,1.58454,1.13,1.48
2011.12.08 08:21:37.263,1.58399,1.58453,1.13,1.14
2011.12.08 08:21:37.627,1.58397,1.58448,1.09,2.18
2011.12.08 08:21:38.943,1.58396,1.58448,1.84,2.18
2011.12.08 08:21:39.274,1.58399,1.58449,1.13,2.18
2011.12.08 08:21:39.505,1.58399,1.58454,1.50,1.14
2011.12.08 08:21:40.289,1.584,1.58453,1.50,1.14
2011.12.08 08:21:40.411,1.58399,1.58453,1.13,1.14
2011.12.08 08:21:40.966,1.58399,1.58454,1.13,1.14
2011.12.08 08:21:41.305,1.58399,1.58454,1.13,1.14
2011.12.08 08:21:41.536,1.58403,1.58454,1.13,1.14
2011.12.08 08:21:41.763,1.58403,1.58454,1.13,1.14
2011.12.08 08:21:44.083,1.58403,1.58454,1.13,1.14
2011.12.08 08:21:44.837,1.58404,1.58453,1.50,1.14
2011.12.08 08:21:45.174,1.584,1.58453,1.50,1.14
2011.12.08 08:21:45.294,1.58399,1.58454,1.12,1.14
2011.12.08 08:21:45.417,1.58398,1.58454,1.13,1.14
2011.12.08 08:21:46.123,1.58399,1.58456,1.12,2.56
2011.12.08 08:21:46.893,1.584,1.58456,1.13,2.56
2011.12.08 08:21:48.662,1.58398,1.58456,1.50,2.18
2011.12.08 08:21:49.423,1.584,1.58456,1.13,2.56
2011.12.08 08:21:49.653,1.58404,1.58456,1.13,1.14
2011.12.08 08:21:50.258,1.58396,1.58454,1.12,1.14
2011.12.08 08:21:51.929,1.58398,1.58454,1.13,1.14
2011.12.08 08:21:52.059,1.58401,1.58456,1.88,2.18
2011.12.08 08:21:52.177,1.58402,1.58457,1.13,1.14
2011.12.08 08:21:52.296,1.58403,1.58456,1.13,1.14
2011.12.08 08:21:52.415,1.58401,1.58456,1.50,1.14
2011.12.08 08:21:53.104,1.58401,1.58457,1.50,1.14
2011.12.08 08:21:53.473,1.584,1.58457,1.13,1.14
2011.12.08 08:21:55.043,1.58402,1.58457,1.50,1.14
2011.12.08 08:21:55.533,1.584,1.58456,1.13,1.14
2011.12.08 08:21:55.754,1.58401,1.58457,1.50,1.14
2011.12.08 08:21:56.473,1.58401,1.58458,1.87,1.14
2011.12.08 08:21:57.132,1.58401,1.58457,1.50,2.18
2011.12.08 08:21:57.806,1.58401,1.58457,1.87,2.18
2011.12.08 08:21:58.432,1.58401,1.58457,1.50,2.18
2011.12.08 08:21:59.343,1.58401,1.58457,1.87,2.18
2011.12.08 08:21:59.907,1.58401,1.58457,1.50,2.18
2011.12.08 08:22:03.234,1.58401,1.58457,1.87,2.18
2011.12.08 08:22:04.617,1.58401,1.58457,1.50,2.18
2011.12.08 08:22:05.162,1.58401,1.58456,1.87,2.18
2011.12.08 08:22:07.662,1.58403,1.58456,1.50,2.18
2011.12.08 08:22:07.779,1.58402,1.58456,1.50,2.18
2011.12.08 08:22:09.393,1.58403,1.58456,1.12,2.18
2011.12.08 08:22:09.727,1.5841,1.58464,1.13,2.18
2011.12.08 08:22:09.849,1.5841,1.58464,1.13,2.18
2011.12.08 08:22:09.968,1.5841,1.58457,1.88,1.43
2011.12.08 08:22:10.085,1.5841,1.58459,1.50,2.18
2011.12.08 08:22:10.206,1.5841,1.58456,1.50,2.18
2011.12.08 08:22:10.810,1.5841,1.58463,1.50,1.77
2011.12.08 08:22:10.930,1.5841,1.5846,1.50,1.09
2011.12.08 08:22:11.046,1.58408,1.5846,1.12,1.09
2011.12.08 08:22:11.166,1.58408,1.58458,1.12,1.13
2011.12.08 08:22:11.555,1.58404,1.58455,1.13,2.18
2011.12.08 08:22:13.277,1.58404,1.58455,1.12,2.18
2011.12.08 08:22:14.975,1.58407,1.58455,1.50,2.18
2011.12.08 08:22:18.754,1.58404,1.58455,1.50,2.18
2011.12.08 08:22:19.194,1.58404,1.58455,1.50,2.18
2011.12.08 08:22:19.538,1.58404,1.58455,1.13,2.18
2011.12.08 08:22:20.246,1.58407,1.58455,1.50,2.18
2011.12.08 08:22:20.774,1.58404,1.58459,1.50,2.18
2011.12.08 08:22:26.975,1.584,1.58453,1.12,1.13
2011.12.08 08:22:27.543,1.58402,1.5845,1.50,2.18
2011.12.08 08:22:28.903,1.58402,1.5845,1.50,2.18
2011.12.08 08:22:29.452,1.58402,1.5845,1.50,2.18
2011.12.08 08:22:30.154,1.58397,1.5845,1.50,2.18
2011.12.08 08:22:31.182,1.58397,1.58445,1.13,1.13
2011.12.08 08:22:32.282,1.58396,1.58444,1.88,1.14
2011.12.08 08:22:34.034,1.58396,1.58449,1.50,1.14
2011.12.08 08:22:35.587,1.58396,1.58448,1.50,1.14
2011.12.08 08:22:36.152,1.58396,1.58449,1.50,1.14
2011.12.08 08:22:36.823,1.58396,1.58448,1.50,1.14
2011.12.08 08:22:38.127,1.58396,1.58449,1.50,1.14
2011.12.08 08:22:40.942,1.58397,1.58448,1.12,1.14
2011.12.08 08:22:41.057,1.58399,1.58448,1.50,1.14
2011.12.08 08:22:41.396,1.58398,1.58453,1.50,1.80
2011.12.08 08:22:41.843,1.584,1.58454,1.13,1.14
2011.12.08 08:22:42.074,1.584,1.58457,1.13,1.14
2011.12.08 08:22:42.636,1.58401,1.58457,1.50,1.14
2011.12.08 08:22:42.755,1.58407,1.58456,1.50,1.14
2011.12.08 08:22:44.906,1.58404,1.58458,1.50,1.14
2011.12.08 08:22:46.004,1.58405,1.58456,1.50,1.14
2011.12.08 08:22:46.456,1.58404,1.58459,1.50,1.14
2011.12.08 08:22:47.211,1.58404,1.58458,1.50,1.14
2011.12.08 08:22:49.694,1.58404,1.58457,1.50,1.14
2011.12.08 08:22:51.915,1.58404,1.58459,1.50,1.14
2011.12.08 08:22:52.039,1.58404,1.58457,1.50,1.14
2011.12.08 08:22:52.158,1.58405,1.58459,1.50,1.14
2011.12.08 08:22:52.280,1.58406,1.58456,2.18,1.14
2011.12.08 08:22:52.400,1.58407,1.58459,1.50,1.13
2011.12.08 08:22:52.901,1.58404,1.58459,1.12,1.13
2011.12.08 08:22:53.018,1.58406,1.58462,1.50,1.14
2011.12.08 08:22:53.385,1.58405,1.58462,1.13,1.14
2011.12.08 08:22:53.945,1.58404,1.58457,1.50,1.14
2011.12.08 08:22:54.068,1.58402,1.58459,1.13,1.14
2011.12.08 08:22:54.297,1.58402,1.58453,1.50,1.14
2011.12.08 08:22:54.863,1.58406,1.58462,1.50,1.14
2011.12.08 08:22:54.977,1.58406,1.58462,1.50,1.14
2011.12.08 08:22:55.206,1.58403,1.58455,1.12,1.13
2011.12.08 08:22:55.324,1.58401,1.58453,1.50,1.14
2011.12.08 08:22:56.014,1.58401,1.58454,1.50,1.14
2011.12.08 08:22:56.956,1.58401,1.58453,1.50,1.14
2011.12.08 08:22:57.296,1.58392,1.58449,1.50,1.51
2011.12.08 08:22:57.907,1.58393,1.58449,1.50,1.51
2011.12.08 08:22:58.426,1.58392,1.58449,1.50,1.51
2011.12.08 08:23:12.314,1.58397,1.58453,1.13,1.85
2011.12.08 08:23:12.433,1.58397,1.58449,1.13,1.51
2011.12.08 08:23:13.033,1.58397,1.58453,1.13,1.85
2011.12.08 08:23:14.208,1.58396,1.58449,1.13,1.51
2011.12.08 08:23:14.779,1.58392,1.58444,1.50,1.51
2011.12.08 08:23:16.620,1.58395,1.58444,1.50,1.51
2011.12.08 08:23:17.291,1.58395,1.58443,1.50,1.14
2011.12.08 08:23:17.723,1.58391,1.58444,1.50,1.51
2011.12.08 08:23:18.475,1.58392,1.58444,1.50,1.51
2011.12.08 08:23:19.208,1.58386,1.58444,2.58,1.51
2011.12.08 08:23:19.811,1.58383,1.58435,1.12,1.14
2011.12.08 08:23:19.926,1.58387,1.58435,1.50,1.14
2011.12.08 08:23:20.485,1.58383,1.5844,1.12,2.18
2011.12.08 08:23:20.713,1.58386,1.5844,1.50,2.18
2011.12.08 08:23:21.045,1.58392,1.5844,1.50,2.18
2011.12.08 08:23:21.275,1.58395,1.5844,1.50,1.81
2011.12.08 08:23:21.729,1.58387,1.5844,1.50,2.56
2011.12.08 08:23:24.213,1.58391,1.58438,1.50,1.81
2011.12.08 08:23:24.433,1.58391,1.58444,1.50,1.51
2011.12.08 08:23:25.715,1.58391,1.58443,1.50,1.14
2011.12.08 08:23:26.197,1.58386,1.58444,1.88,1.51
2011.12.08 08:23:26.321,1.58391,1.58444,1.13,1.14
2011.12.08 08:23:26.547,1.58396,1.58443,1.13,1.14
2011.12.08 08:23:26.774,1.58396,1.58444,1.13,1.14
2011.12.08 08:23:27.294,1.58396,1.58443,1.13,1.14
2011.12.08 08:23:28.995,1.58397,1.58443,1.50,1.14
2011.12.08 08:23:29.225,1.58396,1.58443,1.13,1.14
2011.12.08 08:23:29.348,1.58386,1.58444,2.25,1.14
2011.12.08 08:23:37.636,1.58386,1.58443,2.25,1.14
2011.12.08 08:23:38.165,1.58387,1.58443,1.87,1.14
2011.12.08 08:23:38.334,1.58387,1.58441,1.87,1.14
2011.12.08 08:23:38.806,1.58386,1.58439,1.50,1.13
2011.12.08 08:23:40.337,1.58384,1.58439,1.50,1.51
2011.12.08 08:23:41.770,1.58383,1.58439,1.50,1.51
2011.12.08 08:23:42.372,1.58384,1.58439,1.50,1.51
2011.12.08 08:23:42.484,1.58383,1.58435,1.50,1.13
2011.12.08 08:23:42.825,1.58384,1.58435,1.50,2.19
2011.12.08 08:23:43.384,1.58384,1.58439,1.50,1.13
2011.12.08 08:23:43.506,1.58385,1.58441,1.50,1.14
2011.12.08 08:23:43.970,1.58384,1.58439,1.50,1.13
2011.12.08 08:23:44.316,1.58385,1.58436,1.09,2.56
2011.12.08 08:23:44.937,1.58385,1.58436,1.09,1.43
2011.12.08 08:23:47.274,1.58385,1.58436,1.09,2.56
2011.12.08 08:23:47.711,1.58385,1.58436,1.09,1.43
2011.12.08 08:23:50.731,1.58385,1.58436,1.09,1.81
2011.12.08 08:23:50.854,1.58388,1.58438,1.13,1.89
2011.12.08 08:23:56.666,1.58388,1.58439,2.03,1.48
2011.12.08 08:24:00.873,1.58388,1.58438,2.03,1.50
2011.12.08 08:24:03.805,1.58387,1.58435,1.50,1.50
2011.12.08 08:24:03.928,1.58387,1.58439,1.50,1.85
2011.12.08 08:24:04.379,1.58388,1.58443,1.13,1.14
2011.12.08 08:24:05.803,1.58388,1.58443,1.13,1.14
2011.12.08 08:24:06.687,1.5839,1.58447,1.50,1.14
2011.12.08 08:24:07.125,1.58388,1.58444,1.13,1.14
2011.12.08 08:24:09.200,1.5839,1.58447,1.50,1.14
2011.12.08 08:24:09.452,1.58388,1.58443,1.13,1.14
2011.12.08 08:24:11.193,1.5839,1.58447,1.50,1.14
2011.12.08 08:24:12.184,1.58388,1.58443,1.13,1.14
2011.12.08 08:24:14.293,1.58388,1.58443,1.13,1.14
2011.12.08 08:24:15.144,1.58389,1.58447,1.50,1.14
2011.12.08 08:24:15.817,1.5839,1.58447,1.50,1.14
2011.12.08 08:24:16.043,1.58389,1.58447,1.50,1.14
2011.12.08 08:24:16.954,1.5839,1.58447,1.50,1.14
2011.12.08 08:24:17.605,1.58389,1.58447,1.50,1.14
2011.12.08 08:24:17.724,1.58388,1.58443,1.13,1.14
2011.12.08 08:24:19.857,1.5839,1.58447,1.50,1.14
2011.12.08 08:24:21.166,1.58388,1.58443,1.13,1.14
2011.12.08 08:24:21.914,1.5839,1.58447,1.50,1.14
2011.12.08 08:24:22.746,1.58388,1.58444,1.13,1.14
2011.12.08 08:24:23.370,1.58388,1.58442,1.13,1.14
2011.12.08 08:24:23.920,1.58388,1.58444,1.13,1.14
2011.12.08 08:24:25.493,1.58388,1.58444,1.13,1.14
2011.12.08 08:24:26.271,1.5839,1.58447,1.50,1.14
2011.12.08 08:24:26.894,1.5839,1.58447,1.50,1.14
2011.12.08 08:24:29.485,1.58394,1.58449,1.13,1.14
2011.12.08 08:24:31.123,1.58394,1.58452,1.88,2.56
2011.12.08 08:24:31.463,1.58399,1.58454,1.13,1.81
2011.12.08 08:24:32.133,1.584,1.58456,1.50,2.19
2011.12.08 08:24:32.727,1.58399,1.58449,1.88,1.14
2011.12.08 08:24:32.854,1.58401,1.58449,1.13,1.14
2011.12.08 08:24:33.294,1.58403,1.58455,1.13,1.14
2011.12.08 08:24:33.859,1.58403,1.58454,1.13,1.14
2011.12.08 08:24:34.773,1.58403,1.58455,1.13,1.14
2011.12.08 08:24:35.506,1.58403,1.58454,1.13,1.14
2011.12.08 08:24:36.107,1.58403,1.58455,1.13,1.14
2011.12.08 08:24:36.842,1.58404,1.58455,1.50,1.14
2011.12.08 08:24:37.069,1.58403,1.58454,2.93,1.13
2011.12.08 08:24:37.188,1.58404,1.58454,1.50,1.14
2011.12.08 08:24:37.673,1.58402,1.58455,1.50,1.14
2011.12.08 08:24:37.795,1.58397,1.58449,1.12,1.13
2011.12.08 08:24:37.908,1.58397,1.58446,1.12,1.13
2011.12.08 08:24:38.028,1.58388,1.58439,1.13,1.14
2011.12.08 08:24:40.303,1.58385,1.58438,1.50,1.13
2011.12.08 08:24:40.425,1.58385,1.58438,1.50,1.51
2011.12.08 08:24:40.654,1.58379,1.58434,1.12,1.14
2011.12.08 08:24:41.671,1.58379,1.58434,1.12,1.14
2011.12.08 08:24:42.094,1.58379,1.58434,1.12,1.14
2011.12.08 08:24:42.214,1.58379,1.58434,1.12,1.14
2011.12.08 08:24:44.014,1.58379,1.58434,1.12,1.14
2011.12.08 08:24:44.615,1.5838,1.58435,2.18,1.14
2011.12.08 08:24:45.175,1.58384,1.58437,1.12,1.13
2011.12.08 08:24:45.296,1.58385,1.58439,1.50,1.14
2011.12.08 08:24:45.525,1.58384,1.58439,1.12,1.14
2011.12.08 08:24:45.924,1.58381,1.58435,1.88,1.14
2011.12.08 08:24:46.047,1.58383,1.58435,1.50,1.14
2011.12.08 08:24:46.275,1.58376,1.58434,1.50,1.51
2011.12.08 08:24:46.811,1.58381,1.58435,1.88,1.14
2011.12.08 08:24:47.236,1.58383,1.58443,1.50,3.69
2011.12.08 08:24:47.467,1.58387,1.58438,2.55,1.14
2011.12.08 08:24:47.586,1.58391,1.58438,1.43,1.14
2011.12.08 08:24:47.706,1.58387,1.58435,1.13,1.14
2011.12.08 08:24:48.046,1.58387,1.58435,1.13,1.14
2011.12.08 08:24:48.165,1.58387,1.58438,1.13,1.14
2011.12.08 08:24:48.635,1.58383,1.58435,1.50,1.14
2011.12.08 08:24:48.973,1.58377,1.58434,1.50,1.14
2011.12.08 08:24:49.315,1.58379,1.58438,1.50,1.89
2011.12.08 08:24:49.910,1.58384,1.58442,1.13,1.81
2011.12.08 08:24:50.558,1.58388,1.58444,1.13,1.51
2011.12.08 08:24:51.005,1.58396,1.58448,1.13,1.81
2011.12.08 08:24:51.234,1.58397,1.58448,1.13,1.14
2011.12.08 08:24:51.797,1.58391,1.58454,1.50,1.51
2011.12.08 08:24:51.917,1.58391,1.58454,1.50,1.51
2011.12.08 08:24:52.980,1.5839,1.58448,1.13,1.14
2011.12.08 08:24:53.426,1.58387,1.58446,1.87,1.14
2011.12.08 08:24:53.545,1.58387,1.58444,1.50,1.14
2011.12.08 08:24:54.229,1.58382,1.58443,1.87,1.51
2011.12.08 08:24:54.675,1.58386,1.58439,1.50,1.89
2011.12.08 08:24:55.224,1.58386,1.58434,1.50,1.51
2011.12.08 08:24:55.563,1.58386,1.58435,1.50,1.14
2011.12.08 08:24:56.014,1.58381,1.58435,1.50,1.14
2011.12.08 08:24:56.476,1.58379,1.58433,1.12,1.13
2011.12.08 08:24:57.064,1.58377,1.58433,1.50,1.51
2011.12.08 08:24:58.966,1.58381,1.58433,1.50,1.14
2011.12.08 08:24:59.086,1.58381,1.58435,1.50,1.14
2011.12.08 08:25:00.842,1.58381,1.58435,1.50,1.14
2011.12.08 08:25:01.177,1.58379,1.58435,1.12,1.14
2011.12.08 08:25:02.376,1.58371,1.58425,1.50,1.14
2011.12.08 08:25:02.495,1.58371,1.58425,1.50,1.14
2011.12.08 08:25:02.946,1.58377,1.58425,1.13,1.14
2011.12.08 08:25:03.389,1.58379,1.58428,1.50,1.14
2011.12.08 08:25:04.090,1.58379,1.58434,1.50,1.14
2011.12.08 08:25:04.399,1.58379,1.58429,1.50,1.14
2011.12.08 08:25:05.353,1.58378,1.58429,1.50,1.14
2011.12.08 08:25:05.975,1.58378,1.58434,1.50,1.14
2011.12.08 08:25:06.314,1.58379,1.58434,1.50,1.14
2011.12.08 08:25:06.862,1.58379,1.5843,1.50,1.14
2011.12.08 08:25:07.994,1.58373,1.58431,1.88,3.28
2011.12.08 08:25:13.534,1.58373,1.58429,1.88,1.50
2011.12.08 08:25:13.774,1.58373,1.58429,1.50,1.80
2011.12.08 08:25:14.189,1.58372,1.58424,1.12,1.13
2011.12.08 08:25:14.312,1.58368,1.58419,1.50,2.56
2011.12.08 08:25:14.646,1.58375,1.58419,1.13,1.81
2011.12.08 08:25:15.346,1.58371,1.58419,1.13,2.56
2011.12.08 08:25:15.575,1.58369,1.58419,1.50,2.56
2011.12.08 08:25:16.168,1.58368,1.58418,1.09,1.14
2011.12.08 08:25:16.290,1.58364,1.58419,1.13,1.48
2011.12.08 08:25:16.735,1.58364,1.58419,1.13,1.48
2011.12.08 08:25:16.855,1.58364,1.58419,1.13,1.48
2011.12.08 08:25:17.728,1.58364,1.58418,1.13,1.14
2011.12.08 08:25:21.906,1.58362,1.58418,2.63,1.14
2011.12.08 08:25:22.126,1.58364,1.58418,1.13,1.14
2011.12.08 08:25:23.136,1.58366,1.58419,1.13,2.90
2011.12.08 08:25:23.461,1.58368,1.58419,1.50,2.90
2011.12.08 08:25:24.725,1.58366,1.58419,1.13,2.52
2011.12.08 08:25:24.846,1.58364,1.58419,1.88,2.52
2011.12.08 08:25:26.566,1.58366,1.58419,1.13,2.52
2011.12.08 08:25:27.507,1.58369,1.58419,1.13,2.52
2011.12.08 08:25:28.116,1.58371,1.58419,1.13,2.18
2011.12.08 08:25:28.646,1.58372,1.58419,1.50,2.18
2011.12.08 08:25:29.156,1.58369,1.58419,1.09,2.18
2011.12.08 08:25:29.385,1.58366,1.58416,1.13,1.09
2011.12.08 08:25:29.833,1.58369,1.58418,1.50,1.77
2011.12.08 08:25:34.563,1.58364,1.58416,1.50,1.09
2011.12.08 08:25:37.206,1.58367,1.58416,1.13,1.09
2011.12.08 08:25:37.435,1.58368,1.58418,1.88,1.48
2011.12.08 08:25:39.234,1.58368,1.58419,1.88,1.48
2011.12.08 08:25:39.794,1.58368,1.58419,1.88,1.14
2011.12.08 08:25:41.061,1.58369,1.58419,1.50,1.14
2011.12.08 08:25:42.577,1.58372,1.58418,1.13,1.14
2011.12.08 08:25:42.694,1.58372,1.58424,1.50,1.14
2011.12.08 08:25:42.926,1.5837,1.58426,1.12,1.09
2011.12.08 08:25:43.264,1.58371,1.58426,1.50,1.09
2011.12.08 08:25:43.768,1.5837,1.58426,1.50,1.09
2011.12.08 08:25:44.445,1.58371,1.58419,1.50,1.13
2011.12.08 08:25:44.566,1.5837,1.58418,1.12,1.13
2011.12.08 08:25:44.822,1.58366,1.58418,1.50,2.94
2011.12.08 08:25:45.374,1.58361,1.58416,1.88,1.14
2011.12.08 08:25:46.123,1.58359,1.58411,1.50,2.18
2011.12.08 08:25:46.454,1.58357,1.58409,1.50,1.13
2011.12.08 08:25:47.043,1.58357,1.58407,1.50,1.14
2011.12.08 08:25:47.694,1.58357,1.58408,1.50,1.14
2011.12.08 08:25:51.214,1.58357,1.58407,1.50,1.14
2011.12.08 08:25:52.157,1.58358,1.58408,1.50,1.14
2011.12.08 08:25:52.823,1.58356,1.58413,1.50,1.14
2011.12.08 08:25:53.155,1.58355,1.58406,1.12,1.13
2011.12.08 08:25:53.386,1.58351,1.58404,1.13,1.14
2011.12.08 08:25:53.840,1.58356,1.58403,1.13,1.14
2011.12.08 08:25:54.069,1.58357,1.58404,1.13,1.14
2011.12.08 08:25:54.788,1.58362,1.58408,1.13,1.14
2011.12.08 08:25:56.023,1.58362,1.58409,1.13,1.14
2011.12.08 08:25:56.256,1.58357,1.58409,1.13,1.14
2011.12.08 08:25:56.379,1.58362,1.58414,1.13,1.51
2011.12.08 08:25:56.605,1.58361,1.58409,2.55,1.14
2011.12.08 08:25:56.729,1.58361,1.58409,2.55,1.51
2011.12.08 08:25:57.067,1.58352,1.58405,2.18,1.14
2011.12.08 08:25:57.538,1.58356,1.58408,1.80,1.14
2011.12.08 08:25:57.764,1.58357,1.58408,1.13,1.14
2011.12.08 08:25:57.994,1.58361,1.58409,1.13,1.14
2011.12.08 08:25:58.115,1.58361,1.58409,1.88,1.14
2011.12.08 08:25:58.456,1.58366,1.58414,1.13,1.14
2011.12.08 08:25:59.014,1.58366,1.58414,1.88,1.14
2011.12.08 08:25:59.613,1.58367,1.58414,1.09,1.14
2011.12.08 08:25:59.832,1.58371,1.58422,1.88,1.14
2011.12.08 08:26:00.201,1.58372,1.58424,1.50,1.14
2011.12.08 08:26:00.776,1.58373,1.58424,1.50,1.14
2011.12.08 08:26:01.225,1.58371,1.58421,1.88,1.14
2011.12.08 08:26:01.846,1.58373,1.58423,1.50,1.14
2011.12.08 08:26:03.018,1.58372,1.58423,1.50,1.14
2011.12.08 08:26:03.244,1.58371,1.58422,1.88,1.14
2011.12.08 08:26:03.495,1.58372,1.58424,1.50,1.14
2011.12.08 08:26:04.096,1.58377,1.58424,1.13,1.14
2011.12.08 08:26:04.766,1.58376,1.58424,1.50,1.14
2011.12.08 08:26:04.885,1.58372,1.58424,1.88,1.14
2011.12.08 08:26:06.086,1.58376,1.58429,1.88,1.48
2011.12.08 08:26:07.073,1.58376,1.58429,1.88,1.14
2011.12.08 08:26:08.001,1.58379,1.58424,2.18,1.14
2011.12.08 08:26:08.116,1.58379,1.58428,1.43,1.14
2011.12.08 08:26:08.238,1.58379,1.58429,2.93,1.14
2011.12.08 08:26:08.813,1.58382,1.58429,1.13,1.14
2011.12.08 08:26:09.354,1.58382,1.58429,1.13,1.14
2011.12.08 08:26:09.698,1.58384,1.58434,1.50,1.14
2011.12.08 08:26:09.953,1.58382,1.58429,1.13,1.14
2011.12.08 08:26:10.298,1.58372,1.58426,1.88,1.14
2011.12.08 08:26:10.414,1.58372,1.58427,1.88,1.14
2011.12.08 08:26:11.285,1.58373,1.58426,1.50,1.14
2011.12.08 08:26:12.268,1.58373,1.58426,1.50,1.14
2011.12.08 08:26:13.395,1.58372,1.58426,1.88,1.14
2011.12.08 08:26:14.105,1.58373,1.58426,1.50,1.14
2011.12.08 08:26:14.225,1.58372,1.58426,1.13,1.14
2011.12.08 08:26:15.035,1.58373,1.58426,1.50,1.14
2011.12.08 08:26:19.654,1.58372,1.58422,1.13,1.14
2011.12.08 08:26:20.214,1.58372,1.58422,1.88,1.14
2011.12.08 08:26:22.989,1.58372,1.58423,1.88,1.14
2011.12.08 08:26:23.558,1.58375,1.58422,1.80,1.14
2011.12.08 08:26:23.893,1.58376,1.58423,1.13,1.14
2011.12.08 08:26:24.473,1.58377,1.58423,1.50,1.14
2011.12.08 08:26:24.693,1.58376,1.58423,1.13,1.14
2011.12.08 08:26:24.953,1.58376,1.58424,1.88,1.14
2011.12.08 08:26:25.613,1.58376,1.58424,1.88,1.14
2011.12.08 08:26:25.950,1.58378,1.58422,1.13,1.88
2011.12.08 08:26:26.464,1.58373,1.58423,1.09,1.14
2011.12.08 08:26:26.578,1.58372,1.58422,1.09,1.14
2011.12.08 08:26:26.695,1.58373,1.58422,1.09,1.14
2011.12.08 08:26:27.038,1.58373,1.58427,1.09,1.10
2011.12.08 08:26:27.375,1.58382,1.58437,1.13,1.06
2011.12.08 08:26:27.713,1.58382,1.58434,1.13,1.14
2011.12.08 08:26:28.426,1.58382,1.58434,1.13,1.14
2011.12.08 08:26:28.550,1.58382,1.58429,1.13,1.14
2011.12.08 08:26:29.745,1.58382,1.58429,1.13,1.14
2011.12.08 08:26:30.085,1.58375,1.58432,1.13,1.14
2011.12.08 08:26:30.206,1.58375,1.58432,1.13,1.14
2011.12.08 08:26:31.173,1.58375,1.58431,1.13,1.14
2011.12.08 08:26:32.456,1.58375,1.58432,1.13,1.14
2011.12.08 08:26:33.197,1.58373,1.58429,1.12,1.14
2011.12.08 08:26:34.438,1.58374,1.58434,1.50,1.51
2011.12.08 08:26:34.709,1.58372,1.5843,1.12,1.14
2011.12.08 08:26:35.317,1.58373,1.58429,1.12,1.14
2011.12.08 08:26:36.224,1.58372,1.5843,1.87,1.14
2011.12.08 08:26:38.958,1.58373,1.58429,1.12,1.14
2011.12.08 08:26:39.079,1.58374,1.58433,1.50,1.51
2011.12.08 08:26:39.422,1.58376,1.58428,1.13,1.51
2011.12.08 08:26:39.755,1.58373,1.58423,1.50,1.14
2011.12.08 08:26:39.997,1.58368,1.58423,1.50,1.14
2011.12.08 08:26:41.535,1.58367,1.58419,1.50,1.13
2011.12.08 08:26:42.086,1.58367,1.58418,1.50,1.14
2011.12.08 08:26:42.426,1.58368,1.58422,1.50,1.14
2011.12.08 08:26:44.964,1.58367,1.58423,1.50,1.51
2011.12.08 08:26:46.056,1.58367,1.58423,1.50,1.51
2011.12.08 08:26:46.393,1.58372,1.58422,1.50,1.14
2011.12.08 08:26:46.807,1.58376,1.58424,1.13,1.51
2011.12.08 08:26:48.144,1.58375,1.58424,1.13,1.51
2011.12.08 08:26:48.263,1.58372,1.58423,1.13,1.51
2011.12.08 08:26:48.385,1.58367,1.58423,1.50,1.51
2011.12.08 08:26:48.833,1.58368,1.58424,1.50,1.51
2011.12.08 08:26:51.358,1.58369,1.58424,1.13,1.51
2011.12.08 08:26:51.959,1.58369,1.58428,1.13,1.89
2011.12.08 08:26:52.297,1.58366,1.58429,1.88,1.89
2011.12.08 08:26:52.522,1.58367,1.58429,1.50,1.89
2011.12.08 08:26:52.634,1.58369,1.58429,1.50,1.89
2011.12.08 08:26:52.754,1.58369,1.58424,1.50,1.14
2011.12.08 08:26:53.034,1.58367,1.58417,1.12,2.18
2011.12.08 08:26:53.154,1.58367,1.58417,1.50,2.18
2011.12.08 08:26:53.668,1.58366,1.58416,1.50,2.94
2011.12.08 08:26:55.884,1.58362,1.58411,1.50,1.09
2011.12.08 08:26:58.975,1.58367,1.58417,1.09,1.81
2011.12.08 08:26:59.206,1.58369,1.58423,1.13,1.14
2011.12.08 08:26:59.434,1.58375,1.58424,1.13,1.14
2011.12.08 08:26:59.664,1.58376,1.58424,1.50,1.14
2011.12.08 08:27:00.225,1.58368,1.58425,3.37,1.14
2011.12.08 08:27:01.309,1.58369,1.58418,1.12,1.13
2011.12.08 08:27:01.426,1.58368,1.58419,1.50,1.51
2011.12.08 08:27:01.653,1.58367,1.58418,1.84,1.51
2011.12.08 08:27:02.396,1.58367,1.58418,1.09,1.51
2011.12.08 08:27:04.923,1.58363,1.58418,2.73,1.51
2011.12.08 08:27:05.468,1.58363,1.58418,1.65,1.51
2011.12.08 08:27:06.073,1.58363,1.58418,1.27,1.51
2011.12.08 08:27:06.908,1.58364,1.58417,1.27,1.14
2011.12.08 08:27:07.958,1.58364,1.58417,2.02,1.14
2011.12.08 08:27:08.476,1.58363,1.58418,1.27,1.51
2011.12.08 08:27:09.426,1.58356,1.5841,1.50,1.14
2011.12.08 08:27:12.209,1.58356,1.5841,1.13,1.14
2011.12.08 08:27:12.326,1.58356,1.58411,1.13,1.14
2011.12.08 08:27:12.766,1.58356,1.58411,1.50,1.14
2011.12.08 08:27:13.217,1.58353,1.58404,1.12,1.13
2011.12.08 08:27:13.447,1.58353,1.58404,1.50,1.51
2011.12.08 08:27:13.674,1.58353,1.58409,1.12,1.47
2011.12.08 08:27:14.213,1.58351,1.58406,1.12,1.14
2011.12.08 08:27:14.786,1.58351,1.58406,1.87,1.14
2011.12.08 08:27:15.591,1.58355,1.58406,2.18,1.13
2011.12.08 08:27:15.927,1.58347,1.58405,2.25,1.14
2011.12.08 08:27:17.373,1.58348,1.58404,1.12,1.14
2011.12.08 08:27:18.499,1.58347,1.58405,2.25,1.14
2011.12.08 08:27:25.305,1.58347,1.58405,2.62,1.14
2011.12.08 08:27:26.676,1.58347,1.58405,2.62,1.14
2011.12.08 08:27:27.235,1.58353,1.58409,1.12,1.14
2011.12.08 08:27:30.893,1.58354,1.5841,1.13,1.14
2011.12.08 08:27:31.604,1.58362,1.58413,1.13,1.14
2011.12.08 08:27:32.185,1.58362,1.58412,1.50,1.14
2011.12.08 08:27:32.408,1.58364,1.58413,1.50,1.14
2011.12.08 08:27:32.899,1.58364,1.58418,1.50,1.14
2011.12.08 08:27:33.016,1.58364,1.58414,1.50,1.14
2011.12.08 08:27:33.248,1.58364,1.58419,1.50,1.14
2011.12.08 08:27:33.478,1.58362,1.58412,1.50,1.13
2011.12.08 08:27:34.063,1.58354,1.58413,1.50,1.51
2011.12.08 08:27:34.294,1.58354,1.5841,1.50,1.14
2011.12.08 08:27:34.410,1.58354,1.58414,1.50,1.51
2011.12.08 08:27:34.778,1.58355,1.58409,1.50,1.14
2011.12.08 08:27:35.008,1.58355,1.58413,2.18,1.51
2011.12.08 08:27:35.130,1.58361,1.58413,1.50,1.51
2011.12.08 08:27:37.888,1.58361,1.58413,1.50,1.14
2011.12.08 08:27:38.006,1.58361,1.58418,1.50,1.14
2011.12.08 08:27:39.577,1.5836,1.58418,1.88,1.14
2011.12.08 08:27:41.787,1.58362,1.58419,1.50,1.51
2011.12.08 08:27:41.905,1.58364,1.5842,1.50,1.51
2011.12.08 08:27:42.015,1.58366,1.58422,1.88,1.14
2011.12.08 08:27:42.125,1.58365,1.58423,1.50,1.81
2011.12.08 08:27:42.727,1.58366,1.58424,1.50,2.94
2011.12.08 08:27:43.752,1.58365,1.58424,1.88,2.26
2011.12.08 08:27:45.245,1.5837,1.58427,1.88,2.15
2011.12.08 08:27:47.732,1.58371,1.58428,1.50,1.10
2011.12.08 08:27:50.913,1.5837,1.58428,1.88,1.10
2011.12.08 08:27:52.295,1.5837,1.58429,1.88,1.51
2011.12.08 08:27:52.525,1.5837,1.58429,1.88,2.26
2011.12.08 08:27:56.496,1.5837,1.58429,1.88,2.26
2011.12.08 08:27:57.139,1.58371,1.58429,1.50,1.51
2011.12.08 08:27:58.994,1.5837,1.58429,1.88,2.26
2011.12.08 08:27:59.974,1.58371,1.58423,1.50,1.14
2011.12.08 08:28:00.916,1.5837,1.58423,1.13,1.14
2011.12.08 08:28:01.145,1.58367,1.58418,1.09,1.51
2011.12.08 08:28:01.475,1.58366,1.58418,1.50,1.14
2011.12.08 08:28:02.039,1.58369,1.58423,1.09,1.14
2011.12.08 08:28:03.489,1.58369,1.58423,1.09,1.14
2011.12.08 08:28:04.476,1.5837,1.58421,2.18,1.13
2011.12.08 08:28:04.706,1.58368,1.58423,3.30,1.51
2011.12.08 08:28:05.048,1.58368,1.58426,1.50,1.10
2011.12.08 08:28:06.615,1.5837,1.58429,1.50,1.51
2011.12.08 08:28:08.364,1.5837,1.58431,1.50,1.14
2011.12.08 08:28:08.686,1.5837,1.58428,1.50,1.51
2011.12.08 08:28:09.215,1.58371,1.58428,1.50,1.51
2011.12.08 08:28:09.437,1.58375,1.58429,1.13,1.51
2011.12.08 08:28:09.918,1.58376,1.58429,1.50,1.51
2011.12.08 08:28:10.044,1.58376,1.58429,1.13,1.14
2011.12.08 08:28:12.415,1.58376,1.58429,1.50,1.14
2011.12.08 08:28:12.535,1.58376,1.58436,1.50,1.14
2011.12.08 08:28:13.196,1.58387,1.58439,1.50,1.14
2011.12.08 08:28:13.853,1.58389,1.58448,1.50,1.51
2011.12.08 08:28:15.928,1.58389,1.58447,1.50,1.14
2011.12.08 08:28:16.327,1.58386,1.5844,1.50,1.14
2011.12.08 08:28:16.924,1.58391,1.58439,1.50,1.14
2011.12.08 08:28:19.567,1.58384,1.58439,1.12,1.14
2011.12.08 08:28:20.076,1.58392,1.58439,1.50,1.14
2011.12.08 08:28:24.958,1.58392,1.58443,1.50,1.51
2011.12.08 08:28:25.451,1.58386,1.58441,1.50,1.14
2011.12.08 08:28:25.565,1.58386,1.58441,1.50,1.14
2011.12.08 08:28:26.304,1.58386,1.58441,1.50,1.14
2011.12.08 08:28:31.039,1.58389,1.58444,1.13,1.51
2011.12.08 08:28:31.158,1.58387,1.58444,1.87,1.51
2011.12.08 08:28:31.281,1.58387,1.58448,1.87,1.51
2011.12.08 08:28:31.622,1.58386,1.58439,1.50,1.14
2011.12.08 08:28:31.736,1.58386,1.58439,1.50,1.89
2011.12.08 08:28:33.936,1.58387,1.58439,1.50,1.89
2011.12.08 08:28:43.445,1.58385,1.58442,1.50,2.19
2011.12.08 08:28:43.667,1.58387,1.58433,1.13,1.13
2011.12.08 08:28:44.227,1.58389,1.58436,1.13,2.15
2011.12.08 08:28:44.794,1.58385,1.58438,1.50,1.51
2011.12.08 08:28:44.907,1.58384,1.58438,1.50,1.51
2011.12.08 08:28:45.371,1.58385,1.58442,1.50,1.81
2011.12.08 08:28:45.912,1.58386,1.58444,1.50,1.14
2011.12.08 08:28:48.545,1.58387,1.58444,1.50,1.14
2011.12.08 08:28:48.766,1.5839,1.58448,1.13,1.14
2011.12.08 08:28:49.507,1.58391,1.58448,1.50,1.14
2011.12.08 08:28:52.917,1.58392,1.58448,1.50,1.14
2011.12.08 08:28:53.262,1.58392,1.58446,1.50,1.14
2011.12.08 08:28:53.490,1.58393,1.58439,1.43,1.47
2011.12.08 08:28:54.111,1.58386,1.58439,1.50,1.51
2011.12.08 08:28:54.232,1.58381,1.58439,1.50,1.51
2011.12.08 08:28:54.817,1.5838,1.58439,1.50,1.51
2011.12.08 08:28:55.269,1.58381,1.58439,1.50,1.51
2011.12.08 08:28:55.827,1.58385,1.58439,1.88,1.14
2011.12.08 08:28:56.881,1.58385,1.58434,1.88,1.14
2011.12.08 08:29:07.164,1.58385,1.5844,1.12,1.09
2011.12.08 08:29:07.277,1.58386,1.58438,1.50,1.14
2011.12.08 08:29:07.625,1.58387,1.5844,1.50,1.09
2011.12.08 08:29:09.797,1.58386,1.5844,1.50,1.09
2011.12.08 08:29:10.440,1.58386,1.5844,1.50,1.09
2011.12.08 08:29:11.257,1.58386,1.5844,1.50,1.09
2011.12.08 08:29:13.499,1.5839,1.58443,1.13,1.51
2011.12.08 08:29:13.619,1.5839,1.5844,1.50,1.50
2011.12.08 08:29:13.737,1.58389,1.5844,1.50,1.50
2011.12.08 08:29:15.318,1.58388,1.58438,1.50,1.48
2011.12.08 08:29:15.438,1.58388,1.5844,1.50,1.13
2011.12.08 08:29:15.862,1.58386,1.5844,1.50,1.13
2011.12.08 08:29:16.517,1.58388,1.58442,1.50,1.14
2011.12.08 08:29:16.787,1.58389,1.58444,1.87,1.13
2011.12.08 08:29:17.316,1.58388,1.58445,2.25,1.50
2011.12.08 08:29:18.061,1.58388,1.58442,1.50,1.14
2011.12.08 08:29:18.527,1.58387,1.58442,1.50,1.14
2011.12.08 08:29:19.926,1.58388,1.58444,1.50,1.51
2011.12.08 08:29:20.048,1.58393,1.58446,1.50,1.14
2011.12.08 08:29:20.169,1.58391,1.58446,1.88,1.14
2011.12.08 08:29:20.507,1.58392,1.58447,1.50,1.14
2011.12.08 08:29:20.739,1.58393,1.58451,1.50,1.10
2011.12.08 08:29:21.472,1.584,1.58454,1.50,1.14
2011.12.08 08:29:21.985,1.58401,1.58454,1.50,1.14
2011.12.08 08:29:23.820,1.58401,1.58449,1.50,1.14
2011.12.08 08:29:23.939,1.58392,1.58447,1.88,1.14
2011.12.08 08:29:24.278,1.58392,1.58442,1.50,1.51
2011.12.08 08:29:25.191,1.58392,1.58441,1.50,1.14
2011.12.08 08:29:25.304,1.58397,1.58446,1.50,1.43
2011.12.08 08:29:27.877,1.58393,1.58446,1.50,1.13
2011.12.08 08:29:29.206,1.58392,1.58441,1.50,1.14
2011.12.08 08:29:29.922,1.58396,1.58443,1.50,1.51
2011.12.08 08:29:30.032,1.58391,1.58442,1.50,1.51
2011.12.08 08:29:30.366,1.58389,1.58434,1.50,1.14
2011.12.08 08:29:32.458,1.58397,1.58441,1.50,3.65
2011.12.08 08:29:33.066,1.58397,1.58449,1.88,1.14
2011.12.08 08:29:33.183,1.58396,1.5845,1.50,1.48
2011.12.08 08:29:33.517,1.58396,1.58444,1.50,1.51
2011.12.08 08:29:34.077,1.58396,1.58449,1.50,1.14
2011.12.08 08:29:34.418,1.58397,1.58449,1.50,1.14
2011.12.08 08:29:34.806,1.58397,1.58449,1.50,1.14
2011.12.08 08:29:35.915,1.58397,1.58449,1.50,1.14
2011.12.08 08:29:39.877,1.58393,1.58448,3.30,1.50
2011.12.08 08:29:40.325,1.58392,1.58443,1.50,1.51
2011.12.08 08:29:41.275,1.58393,1.58443,1.50,1.51
2011.12.08 08:29:42.188,1.58391,1.58441,1.50,1.14
2011.12.08 08:29:42.614,1.58387,1.58435,1.50,1.13
2011.12.08 08:29:43.121,1.58387,1.58434,1.50,1.14
2011.12.08 08:29:43.568,1.58392,1.58441,1.50,1.14
2011.12.08 08:29:43.690,1.58392,1.58438,1.50,1.13
2011.12.08 08:29:43.917,1.58392,1.58442,1.50,1.51
2011.12.08 08:29:44.036,1.58392,1.58438,1.50,1.14
2011.12.08 08:29:44.379,1.58392,1.58441,1.50,1.14
2011.12.08 08:29:44.608,1.58387,1.58441,1.50,1.14
2011.12.08 08:29:46.005,1.58384,1.5844,1.50,1.51
2011.12.08 08:29:51.295,1.58384,1.58443,1.50,1.14
2011.12.08 08:29:52.187,1.58384,1.58443,1.50,1.14
2011.12.08 08:29:53.545,1.58383,1.58439,1.50,1.13
2011.12.08 08:29:55.326,1.58383,1.5844,1.13,2.18
2011.12.08 08:29:56.016,1.58383,1.58435,1.50,1.09
2011.12.08 08:29:56.636,1.58383,1.58435,1.50,1.09
2011.12.08 08:29:57.580,1.58383,1.58435,1.13,1.09
2011.12.08 08:29:58.897,1.58383,1.58435,1.50,1.09
2011.12.08 08:30:02.530,1.58383,1.58435,1.13,1.09
2011.12.08 08:30:03.252,1.58386,1.58435,1.50,1.09
2011.12.08 08:30:03.586,1.58389,1.58435,1.50,1.09
2011.12.08 08:30:05.342,1.58389,1.58435,1.50,1.09
2011.12.08 08:30:06.920,1.58389,1.58435,1.50,1.09
2011.12.08 08:30:07.290,1.58389,1.58435,1.50,1.09
2011.12.08 08:30:09.868,1.58389,1.58435,1.13,1.09
2011.12.08 08:30:10.537,1.58386,1.58435,1.50,1.09
2011.12.08 08:30:13.057,1.58383,1.58435,1.50,1.09
2011.12.08 08:30:13.388,1.58387,1.58435,1.50,1.09
2011.12.08 08:30:16.057,1.58389,1.58435,1.50,1.09
2011.12.08 08:30:20.454,1.58388,1.58438,2.25,1.13
2011.12.08 08:30:20.680,1.58389,1.58438,1.50,2.89
2011.12.08 08:30:20.909,1.58387,1.58433,1.50,2.89
2011.12.08 08:30:21.449,1.58388,1.58442,1.50,2.55
2011.12.08 08:30:22.513,1.58386,1.58442,1.50,2.55
2011.12.08 08:30:23.320,1.58386,1.58442,1.50,2.55
2011.12.08 08:30:26.578,1.58389,1.58442,1.50,1.13
2011.12.08 08:30:26.733,1.58396,1.58446,1.50,1.14
2011.12.08 08:30:28.238,1.58391,1.58446,2.25,1.14
2011.12.08 08:30:29.056,1.58396,1.58446,1.50,1.14
2011.12.08 08:30:29.179,1.58392,1.58447,1.13,1.14
2011.12.08 08:30:29.296,1.58396,1.58446,1.13,1.14
2011.12.08 08:30:30.538,1.58397,1.58447,1.13,1.14
2011.12.08 08:30:31.126,1.58401,1.5845,1.50,2.19
2011.12.08 08:30:31.348,1.584,1.58457,2.62,1.14
2011.12.08 08:30:34.315,1.58402,1.58454,1.13,1.13
2011.12.08 08:30:34.824,1.58401,1.58451,1.50,1.14
2011.12.08 08:30:41.776,1.58402,1.58453,1.50,1.14
2011.12.08 08:30:42.118,1.58404,1.58453,1.50,1.14
2011.12.08 08:30:43.151,1.58403,1.58458,1.50,1.09
2011.12.08 08:30:43.366,1.58408,1.58458,1.13,1.09
2011.12.08 08:30:44.587,1.58408,1.58458,1.13,1.09
2011.12.08 08:30:47.687,1.58409,1.58453,1.13,1.14
2011.12.08 08:30:47.809,1.58409,1.58453,1.88,1.14
2011.12.08 08:30:48.037,1.58408,1.58456,1.13,1.13
2011.12.08 08:30:49.897,1.58403,1.58454,1.12,1.14
2011.12.08 08:30:50.541,1.58401,1.58453,1.84,1.14
2011.12.08 08:30:53.570,1.58401,1.58453,1.09,1.14
2011.12.08 08:30:54.326,1.58401,1.58454,1.09,1.14
2011.12.08 08:30:54.444,1.58401,1.58453,1.84,1.14
2011.12.08 08:30:56.216,1.58401,1.58453,1.84,1.14
2011.12.08 08:30:57.988,1.58401,1.58454,1.84,1.14
2011.12.08 08:30:58.826,1.58401,1.58453,1.84,1.14
2011.12.08 08:30:59.237,1.58402,1.58454,1.50,1.14
2011.12.08 08:30:59.575,1.58403,1.58451,1.12,2.55
2011.12.08 08:30:59.686,1.58402,1.5845,1.50,1.14
2011.12.08 08:30:59.907,1.58399,1.58453,1.50,1.14
2011.12.08 08:31:00.422,1.58399,1.58454,1.50,1.14
2011.12.08 08:31:00.544,1.58402,1.58454,1.87,1.14
2011.12.08 08:31:00.660,1.58406,1.58454,1.13,1.14
2011.12.08 08:31:01.248,1.5841,1.58458,1.13,1.14
2011.12.08 08:31:02.957,1.5841,1.5846,1.13,1.14
2011.12.08 08:31:05.729,1.58408,1.5846,1.13,1.14
2011.12.08 08:31:09.165,1.58409,1.58463,1.13,1.14
2011.12.08 08:31:09.509,1.58408,1.58464,1.13,1.14
2011.12.08 08:31:11.537,1.58405,1.58458,1.09,1.14
2011.12.08 08:31:12.536,1.58405,1.58459,1.09,1.14
2011.12.08 08:31:13.775,1.58405,1.58458,1.09,1.14
2011.12.08 08:31:14.109,1.58408,1.58459,1.13,1.14
2011.12.08 08:31:14.230,1.58411,1.58459,1.50,1.14
2011.12.08 08:31:14.353,1.58413,1.58463,2.18,1.14
2011.12.08 08:31:14.467,1.58413,1.58466,2.93,1.48
2011.12.08 08:31:14.586,1.58413,1.58466,1.43,1.09
2011.12.08 08:31:14.987,1.58416,1.58466,1.50,1.14
2011.12.08 08:31:15.217,1.58418,1.58469,1.13,1.14
2011.12.08 08:31:16.036,1.58417,1.58469,2.25,1.14
2011.12.08 08:31:16.366,1.58418,1.58473,1.87,1.14
2011.12.08 08:31:18.208,1.58417,1.58474,2.25,1.14
2011.12.08 08:31:19.877,1.58417,1.58474,2.25,1.14
2011.12.08 08:31:24.454,1.58417,1.58474,2.25,1.14
2011.12.08 08:31:25.006,1.58421,1.58474,1.88,1.14
2011.12.08 08:31:25.407,1.58425,1.58478,1.50,1.14
2011.12.08 08:31:26.449,1.58424,1.58479,1.50,1.14
2011.12.08 08:31:27.421,1.58427,1.58478,1.50,1.14
2011.12.08 08:31:28.006,1.58432,1.58485,1.13,2.94
2011.12.08 08:31:28.677,1.58428,1.58484,2.92,1.14
2011.12.08 08:31:28.906,1.58424,1.58475,1.50,1.13
2011.12.08 08:31:29.547,1.58425,1.58473,1.12,1.14
2011.12.08 08:31:30.528,1.58425,1.58473,1.12,1.14
2011.12.08 08:31:30.756,1.58425,1.58473,1.12,1.14
2011.12.08 08:31:31.306,1.58417,1.58473,1.50,1.14
2011.12.08 08:31:31.649,1.58415,1.58468,1.50,1.51
2011.12.08 08:31:32.208,1.58417,1.58469,1.50,1.09
2011.12.08 08:31:33.228,1.58422,1.58474,1.50,1.14
2011.12.08 08:31:36.656,1.58422,1.58473,1.50,1.13
2011.12.08 08:31:36.997,1.58415,1.58464,1.12,1.13
2011.12.08 08:31:37.430,1.58411,1.58464,1.50,1.51
2011.12.08 08:31:38.670,1.58411,1.58463,1.50,1.14
2011.12.08 08:31:39.006,1.58416,1.58464,1.50,1.51
2011.12.08 08:31:39.779,1.58412,1.58463,1.50,1.14
2011.12.08 08:31:45.429,1.58412,1.58464,1.50,1.51
2011.12.08 08:31:45.768,1.58407,1.5846,1.87,1.13
2011.12.08 08:31:45.887,1.58401,1.58459,1.87,1.14
2011.12.08 08:31:47.176,1.58401,1.58451,1.50,1.13
2011.12.08 08:31:47.517,1.584,1.58451,1.50,1.10
2011.12.08 08:31:47.748,1.58399,1.58454,1.84,1.14
2011.12.08 08:31:48.099,1.584,1.58455,1.50,1.14
2011.12.08 08:31:48.416,1.58403,1.58459,1.88,1.48
2011.12.08 08:31:49.167,1.58404,1.58458,1.50,1.14
2011.12.08 08:31:54.177,1.58399,1.58457,2.96,1.51
2011.12.08 08:31:54.296,1.584,1.58456,1.87,1.14
2011.12.08 08:31:54.418,1.584,1.58459,1.87,3.28
2011.12.08 08:31:54.536,1.584,1.58456,1.87,1.14
2011.12.08 08:31:54.649,1.58406,1.58459,1.13,1.10
2011.12.08 08:31:55.227,1.58414,1.58463,1.50,1.48
2011.12.08 08:31:55.324,1.58412,1.58458,1.50,1.14
2011.12.08 08:31:55.771,1.58405,1.58455,1.50,1.13
2011.12.08 08:31:55.894,1.58402,1.58454,1.65,1.14
2011.12.08 08:31:57.027,1.58407,1.58459,1.88,1.48
2011.12.08 08:31:57.145,1.58408,1.58457,1.50,2.23
2011.12.08 08:31:57.485,1.58399,1.58449,1.12,2.18
2011.12.08 08:31:57.596,1.58397,1.58449,1.50,2.56
2011.12.08 08:31:57.978,1.584,1.58449,1.50,2.56
2011.12.08 08:31:58.428,1.58398,1.58448,1.12,1.09
2011.12.08 08:31:58.657,1.584,1.58444,1.50,1.43
2011.12.08 08:31:58.780,1.584,1.58449,1.50,1.09
2011.12.08 08:31:59.008,1.58406,1.58458,1.13,1.81
2011.12.08 08:31:59.236,1.58402,1.58454,1.13,1.14
2011.12.08 08:32:01.128,1.58406,1.58458,1.13,1.14
2011.12.08 08:32:01.630,1.58407,1.58459,1.88,1.14
2011.12.08 08:32:01.750,1.58402,1.58456,1.88,1.09
2011.12.08 08:32:02.356,1.58402,1.58456,1.88,1.09
2011.12.08 08:32:02.926,1.58402,1.58457,1.88,1.14
2011.12.08 08:32:03.159,1.58407,1.58458,1.13,1.14
2011.12.08 08:32:03.720,1.58412,1.58464,1.13,1.48
2011.12.08 08:32:03.839,1.58412,1.58458,1.88,1.14
2011.12.08 08:32:05.506,1.58412,1.58463,1.88,1.14
2011.12.08 08:32:06.387,1.58413,1.58463,1.50,1.14
2011.12.08 08:32:06.507,1.58412,1.58459,1.13,1.14
2011.12.08 08:32:07.685,1.58412,1.58459,1.13,1.14
2011.12.08 08:32:08.946,1.58411,1.58458,1.50,1.14
2011.12.08 08:32:09.449,1.58407,1.58461,2.25,2.56
2011.12.08 08:32:09.788,1.58419,1.58469,1.13,1.14
2011.12.08 08:32:10.127,1.58424,1.58474,1.13,1.85
2011.12.08 08:32:10.696,1.58424,1.58474,1.88,1.85
2011.12.08 08:32:11.178,1.58424,1.58469,1.13,1.14
2011.12.08 08:32:11.297,1.58419,1.58469,1.43,1.14
2011.12.08 08:32:11.415,1.58416,1.58469,1.99,1.14
2011.12.08 08:32:12.080,1.58416,1.58469,1.09,1.14
2011.12.08 08:32:13.288,1.58416,1.58469,1.09,1.14
2011.12.08 08:32:14.446,1.58414,1.58469,1.50,1.14
2011.12.08 08:32:15.838,1.58416,1.58469,1.13,1.14
2011.12.08 08:32:16.178,1.58418,1.58469,1.88,1.14
2011.12.08 08:32:18.407,1.58419,1.58469,1.50,1.14
2011.12.08 08:32:19.946,1.58416,1.58465,1.50,1.14
2011.12.08 08:32:20.287,1.58415,1.58469,1.13,1.14
2011.12.08 08:32:21.675,1.58417,1.58469,1.50,1.14
2011.12.08 08:32:24.486,1.58416,1.58464,1.50,1.14
2011.12.08 08:32:25.390,1.58412,1.58464,1.50,1.14
2011.12.08 08:32:26.020,1.58411,1.58464,1.50,1.14
2011.12.08 08:32:26.377,1.58418,1.58468,1.65,1.14
2011.12.08 08:32:26.497,1.58417,1.58463,1.50,1.14
2011.12.08 08:32:27.070,1.58416,1.58469,1.09,1.14
2011.12.08 08:32:27.190,1.58416,1.58467,1.09,1.14
2011.12.08 08:32:27.417,1.58406,1.58464,1.50,1.51
2011.12.08 08:32:27.866,1.58407,1.58467,1.50,1.48
2011.12.08 08:32:28.089,1.58414,1.58469,1.50,1.48
2011.12.08 08:32:28.207,1.58411,1.58457,2.18,1.13
2011.12.08 08:32:28.548,1.58412,1.58463,1.50,2.94
2011.12.08 08:32:28.776,1.58404,1.58463,1.50,1.51
2011.12.08 08:32:30.298,1.58412,1.58469,1.13,1.14
2011.12.08 08:32:30.419,1.58414,1.58469,1.50,1.14
2011.12.08 08:32:30.763,1.58415,1.58473,1.50,1.89
2011.12.08 08:32:31.417,1.58415,1.58469,1.50,1.14
2011.12.08 08:32:31.762,1.58418,1.58462,1.13,1.84
2011.12.08 08:32:31.883,1.58418,1.58462,1.13,1.84
2011.12.08 08:32:32.002,1.58412,1.58464,1.09,1.09
2011.12.08 08:32:32.120,1.58417,1.58466,1.13,1.25
2011.12.08 08:32:32.906,1.58417,1.5847,1.88,2.23
2011.12.08 08:32:33.034,1.58421,1.58473,1.09,1.51
2011.12.08 08:32:33.154,1.58423,1.58468,1.50,2.23
2011.12.08 08:32:33.377,1.58422,1.58467,1.50,1.10
2011.12.08 08:32:34.256,1.58413,1.58467,1.09,1.10
2011.12.08 08:32:34.486,1.58413,1.58467,1.09,1.10
2011.12.08 08:32:34.769,1.58413,1.58467,1.09,1.10
2011.12.08 08:32:35.731,1.58413,1.58467,1.09,1.10
2011.12.08 08:32:35.956,1.58413,1.58467,1.09,1.10
2011.12.08 08:32:36.186,1.58413,1.58463,1.09,1.09
2011.12.08 08:32:42.199,1.58413,1.58467,1.09,1.10
2011.12.08 08:32:42.728,1.58431,1.5847,1.50,1.10
2011.12.08 08:32:43.179,1.58427,1.58468,1.50,1.50
2011.12.08 08:32:43.306,1.58424,1.58473,1.50,1.48
2011.12.08 08:32:43.420,1.58423,1.58474,1.50,1.48
2011.12.08 08:32:44.015,1.5842,1.58474,1.09,1.85
2011.12.08 08:32:44.810,1.5842,1.58474,1.09,1.85
2011.12.08 08:32:45.239,1.58422,1.58476,1.84,1.81
2011.12.08 08:32:45.834,1.58424,1.5848,1.13,1.10
2011.12.08 08:32:50.391,1.58425,1.5847,1.50,1.43
2011.12.08 08:32:50.507,1.58421,1.5847,1.13,1.96
2011.12.08 08:32:50.736,1.5842,1.58479,1.50,1.85
2011.12.08 08:32:50.859,1.5842,1.58473,1.50,1.14
2011.12.08 08:32:51.089,1.58428,1.58478,1.09,1.14
2011.12.08 08:32:52.141,1.58423,1.58474,1.88,1.14
2011.12.08 08:32:52.257,1.58423,1.58479,1.88,1.14
2011.12.08 08:32:52.486,1.58426,1.5848,1.50,1.14
2011.12.08 08:32:55.908,1.58426,1.5848,1.50,1.14
2011.12.08 08:32:56.027,1.58426,1.5848,1.50,1.14
2011.12.08 08:32:58.807,1.58429,1.58483,1.50,1.14
2011.12.08 08:32:59.040,1.58426,1.58478,1.12,1.13
2011.12.08 08:32:59.268,1.58422,1.58478,1.50,1.13
2011.12.08 08:32:59.648,1.58425,1.58478,1.50,1.51
2011.12.08 08:33:00.377,1.58422,1.58478,1.50,1.51
2011.12.08 08:33:00.504,1.58426,1.58478,1.50,1.51
2011.12.08 08:33:01.249,1.58421,1.58477,1.87,1.14
2011.12.08 08:33:01.586,1.58426,1.58479,1.50,1.51
2011.12.08 08:33:02.220,1.58425,1.58479,1.50,1.51
2011.12.08 08:33:02.942,1.58422,1.58477,1.50,1.14
2011.12.08 08:33:03.411,1.58415,1.58473,1.84,2.56
2011.12.08 08:33:15.876,1.58415,1.58473,1.50,1.14
2011.12.08 08:33:18.837,1.5841,1.58467,1.88,1.09
2011.12.08 08:33:19.450,1.5841,1.58464,2.25,1.13
2011.12.08 08:33:19.900,1.5841,1.5846,2.25,1.13
2011.12.08 08:33:21.109,1.5841,1.58459,1.88,1.14
2011.12.08 08:33:28.085,1.58411,1.58464,1.88,2.94
2011.12.08 08:33:28.421,1.58411,1.58464,1.13,1.51
2011.12.08 08:33:28.759,1.58413,1.58469,1.13,1.14
2011.12.08 08:33:28.988,1.58415,1.58469,1.50,1.14
2011.12.08 08:33:29.220,1.58415,1.58473,1.50,1.14
2011.12.08 08:33:29.666,1.58418,1.58474,1.13,1.14
2011.12.08 08:33:30.269,1.58421,1.58474,1.50,1.14
2011.12.08 08:33:31.190,1.58421,1.58474,1.50,1.51
2011.12.08 08:33:31.417,1.58416,1.58469,1.50,1.14
2011.12.08 08:33:32.722,1.58416,1.58473,1.50,1.51
2011.12.08 08:33:36.125,1.58415,1.58469,1.50,1.14
2011.12.08 08:33:36.499,1.58415,1.58469,1.50,1.14
2011.12.08 08:33:37.052,1.58415,1.58468,1.50,1.51
2011.12.08 08:33:37.275,1.58415,1.58466,1.50,1.14
2011.12.08 08:33:39.507,1.5842,1.58471,1.09,2.18
2011.12.08 08:33:39.628,1.58424,1.58473,1.13,1.14
2011.12.08 08:33:39.747,1.58425,1.58478,1.13,2.56
2011.12.08 08:33:39.869,1.58422,1.58472,1.13,1.14
2011.12.08 08:33:39.989,1.58421,1.58468,1.87,1.13
2011.12.08 08:33:40.917,1.58414,1.58468,1.50,1.14
2011.12.08 08:33:41.428,1.58415,1.58468,1.50,1.14
2011.12.08 08:33:44.166,1.58429,1.58472,1.13,1.81
2011.12.08 08:33:44.945,1.5843,1.58473,1.50,1.14
2011.12.08 08:33:45.839,1.58431,1.58473,1.50,1.14
2011.12.08 08:33:46.497,1.58428,1.58472,1.13,1.14
2011.12.08 08:33:46.942,1.58431,1.58474,1.50,1.14
2011.12.08 08:33:51.075,1.5843,1.58474,1.50,1.14
2011.12.08 08:33:51.629,1.58421,1.58472,1.50,1.14
2011.12.08 08:33:51.857,1.58414,1.58466,1.09,1.81
2011.12.08 08:33:52.379,1.58414,1.58466,1.84,2.19
2011.12.08 08:33:54.457,1.58413,1.58466,1.50,2.19
2011.12.08 08:33:55.206,1.58414,1.58466,1.50,1.81
2011.12.08 08:33:55.325,1.58414,1.58466,1.50,1.43
2011.12.08 08:33:55.435,1.58414,1.58472,1.50,1.03
2011.12.08 08:33:56.221,1.58422,1.58479,1.50,1.14
2011.12.08 08:33:56.618,1.58423,1.58474,1.50,1.14
2011.12.08 08:33:57.176,1.58415,1.58472,1.50,1.81
2011.12.08 08:34:03.255,1.58414,1.58473,1.50,2.19
2011.12.08 08:34:06.952,1.58415,1.58473,1.50,2.19
2011.12.08 08:34:07.596,1.58414,1.58473,1.50,2.19
2011.12.08 08:34:07.718,1.58414,1.58469,1.50,1.13
2011.12.08 08:34:07.838,1.58412,1.58466,1.50,1.43
2011.12.08 08:34:11.768,1.58413,1.58466,1.13,1.43
2011.12.08 08:34:11.886,1.58415,1.58472,1.50,1.81
2011.12.08 08:34:13.726,1.58421,1.58473,1.13,1.14
2011.12.08 08:34:14.946,1.58423,1.58479,1.50,1.14
2011.12.08 08:34:17.320,1.58418,1.58474,1.50,1.14
2011.12.08 08:34:18.717,1.58421,1.58474,1.13,1.14
2011.12.08 08:34:19.162,1.58425,1.58479,1.50,1.51
2011.12.08 08:34:20.454,1.58426,1.58479,1.50,1.14
2011.12.08 08:34:21.912,1.58425,1.58479,1.50,1.14
2011.12.08 08:34:25.086,1.58426,1.58479,1.50,1.51
2011.12.08 08:34:25.716,1.58425,1.58479,1.50,1.51
2011.12.08 08:34:26.297,1.58426,1.58479,1.50,1.51
2011.12.08 08:34:28.934,1.58425,1.58479,1.50,1.51
2011.12.08 08:34:29.670,1.58426,1.58479,1.50,1.51
2011.12.08 08:34:32.731,1.58425,1.58479,1.50,1.14
2011.12.08 08:34:34.456,1.58426,1.58479,1.50,1.14
2011.12.08 08:34:35.040,1.58425,1.58479,1.50,1.51
2011.12.08 08:34:36.115,1.58426,1.58479,1.50,1.51
2011.12.08 08:34:37.018,1.58426,1.58482,1.50,2.19
2011.12.08 08:34:37.468,1.58426,1.58479,1.50,1.51
2011.12.08 08:34:38.379,1.58425,1.58479,1.50,1.51
2011.12.08 08:34:39.810,1.58426,1.58479,1.50,1.14
2011.12.08 08:34:40.089,1.58426,1.58483,1.50,2.56
2011.12.08 08:34:42.448,1.58426,1.58478,1.50,1.14
2011.12.08 08:34:44.485,1.58425,1.58478,1.50,1.14
2011.12.08 08:34:45.993,1.58426,1.58478,1.50,1.14
2011.12.08 08:34:46.330,1.58426,1.58478,1.50,1.14
2011.12.08 08:34:53.539,1.58423,1.58479,1.13,1.51
2011.12.08 08:34:54.196,1.58425,1.58473,1.50,1.09
2011.12.08 08:34:54.438,1.58421,1.58474,1.88,1.14
2011.12.08 08:34:54.778,1.58421,1.58475,1.13,1.14
2011.12.08 08:34:55.011,1.58421,1.58474,1.50,1.48
2011.12.08 08:34:55.349,1.58421,1.58474,2.22,1.14
2011.12.08 08:34:56.438,1.58421,1.58471,1.84,1.14
2011.12.08 08:35:02.174,1.58415,1.58462,1.50,1.80
2011.12.08 08:35:02.510,1.58415,1.5846,1.50,1.43
2011.12.08 08:35:02.964,1.58415,1.58469,1.50,1.13
2011.12.08 08:35:03.720,1.58415,1.58471,1.50,2.19
2011.12.08 08:35:05.576,1.5841,1.58471,1.50,2.19
2011.12.08 08:35:06.578,1.5841,1.58468,1.50,1.14
2011.12.08 08:35:08.123,1.5841,1.58464,1.50,1.14
2011.12.08 08:35:08.247,1.58405,1.58462,2.22,2.18
2011.12.08 08:35:08.368,1.58405,1.58455,2.22,1.43
2011.12.08 08:35:08.707,1.58405,1.58455,2.59,1.43
2011.12.08 08:35:09.165,1.58408,1.58463,1.88,1.81
2011.12.08 08:35:09.749,1.58409,1.58463,1.50,1.81
2011.12.08 08:35:10.526,1.58408,1.58463,1.88,1.81
2011.12.08 08:35:11.097,1.58413,1.58462,1.50,1.43
2011.12.08 08:35:11.439,1.58414,1.58464,1.50,2.56
2011.12.08 08:35:12.025,1.58414,1.58469,1.50,2.56
2011.12.08 08:35:13.077,1.58413,1.58469,1.50,2.56
2011.12.08 08:35:13.640,1.58417,1.58469,1.13,1.14
2011.12.08 08:35:13.978,1.58417,1.58463,1.50,1.14
2011.12.08 08:35:14.517,1.58417,1.58463,1.50,1.14
2011.12.08 08:35:14.631,1.58408,1.58462,1.50,1.14
2011.12.08 08:35:15.698,1.58407,1.58456,1.50,1.13
2011.12.08 08:35:16.041,1.58407,1.58468,1.13,1.51
2011.12.08 08:35:16.268,1.58404,1.58466,1.50,1.14
2011.12.08 08:35:16.389,1.58404,1.58466,1.50,1.14
2011.12.08 08:35:17.202,1.58405,1.58466,1.50,1.14
2011.12.08 08:35:17.702,1.58405,1.58466,1.50,1.14
2011.12.08 08:35:18.028,1.58405,1.58463,1.50,1.51
2011.12.08 08:35:18.203,1.58405,1.58466,1.50,1.14
2011.12.08 08:35:18.317,1.58405,1.58464,1.50,1.51
2011.12.08 08:35:19.717,1.58405,1.58464,1.50,1.51
2011.12.08 08:35:19.839,1.58409,1.58465,1.50,1.14
2011.12.08 08:35:25.511,1.5841,1.58469,1.50,1.51
2011.12.08 08:35:25.736,1.5841,1.58464,1.50,1.14
2011.12.08 08:35:28.908,1.58409,1.58469,1.50,1.51
2011.12.08 08:35:29.136,1.58409,1.58465,1.50,1.14
2011.12.08 08:35:30.709,1.58409,1.58463,1.50,1.50
2011.12.08 08:35:31.050,1.5841,1.58467,1.13,1.14
2011.12.08 08:35:31.281,1.58406,1.58466,1.50,1.14
2011.12.08 08:35:31.398,1.58407,1.58466,1.50,1.14
2011.12.08 08:35:34.267,1.58407,1.58466,1.50,1.14
2011.12.08 08:35:34.719,1.58408,1.58466,1.50,1.14
2011.12.08 08:35:34.946,1.58408,1.58468,1.50,2.19
2011.12.08 08:35:35.058,1.58408,1.58468,1.50,1.51
2011.12.08 08:35:35.898,1.58407,1.58468,1.50,1.51
2011.12.08 08:35:38.571,1.58411,1.58469,1.13,2.94
2011.12.08 08:35:38.682,1.58407,1.58465,1.50,1.14
2011.12.08 08:35:39.242,1.58417,1.58465,1.50,1.14
2011.12.08 08:35:39.364,1.58418,1.58468,1.50,1.51
2011.12.08 08:35:39.478,1.58419,1.58468,2.18,1.14
2011.12.08 08:35:40.336,1.58417,1.58468,1.50,1.14
2011.12.08 08:35:40.915,1.58421,1.58473,1.50,1.14
2011.12.08 08:35:41.237,1.58421,1.58478,1.50,1.51
2011.12.08 08:35:41.948,1.58421,1.58474,1.50,1.14
2011.12.08 08:35:42.641,1.58412,1.58468,1.50,1.14
2011.12.08 08:35:42.760,1.58413,1.58473,1.13,1.14
2011.12.08 08:35:42.878,1.58416,1.58473,1.50,1.14
2011.12.08 08:35:43.000,1.58415,1.58469,1.50,1.13
2011.12.08 08:35:43.448,1.58412,1.58468,1.50,1.14
2011.12.08 08:35:43.846,1.58415,1.58474,1.50,1.51
2011.12.08 08:35:44.301,1.58415,1.5847,1.50,1.14
2011.12.08 08:35:44.419,1.58415,1.58468,1.50,1.13
2011.12.08 08:35:45.075,1.58411,1.58463,1.50,1.13
2011.12.08 08:35:45.308,1.58411,1.58462,1.50,1.51
2011.12.08 08:35:45.758,1.58412,1.58463,1.50,1.14
2011.12.08 08:35:45.879,1.58413,1.58469,1.50,1.14
2011.12.08 08:35:50.656,1.58411,1.58463,1.50,1.51
2011.12.08 08:35:54.410,1.58405,1.58462,1.50,1.14
2011.12.08 08:35:55.067,1.58406,1.58463,1.50,1.14
2011.12.08 08:35:55.410,1.58415,1.58467,1.50,2.19
2011.12.08 08:35:55.528,1.58415,1.58464,1.50,1.51
2011.12.08 08:35:56.201,1.58411,1.58463,1.50,1.14
2011.12.08 08:35:56.939,1.58406,1.58464,1.50,1.51
2011.12.08 08:35:57.057,1.58406,1.58464,1.50,2.26
2011.12.08 08:35:57.741,1.58406,1.58464,1.50,2.26
2011.12.08 08:35:58.298,1.58405,1.58464,1.50,2.26
2011.12.08 08:36:02.055,1.58401,1.58459,2.25,1.51
2011.12.08 08:36:02.476,1.58405,1.58463,1.50,1.51
2011.12.08 08:36:03.056,1.58401,1.58459,2.25,1.51
2011.12.08 08:36:03.936,1.58402,1.58459,1.12,1.51
2011.12.08 08:36:05.118,1.58401,1.58459,2.25,1.51
2011.12.08 08:36:05.239,1.58405,1.58459,1.50,1.51
2011.12.08 08:36:05.581,1.58397,1.58456,1.50,1.14
2011.12.08 08:36:06.128,1.58397,1.58456,1.50,1.14
2011.12.08 08:36:06.576,1.58398,1.58456,1.50,1.14
2011.12.08 08:36:07.280,1.58397,1.58456,1.50,1.14
2011.12.08 08:36:07.400,1.58397,1.58456,1.50,1.14
2011.12.08 08:36:09.279,1.58397,1.58456,1.50,1.14
2011.12.08 08:36:09.505,1.58397,1.58456,1.50,1.14
2011.12.08 08:36:10.050,1.58397,1.58456,1.50,1.14
2011.12.08 08:36:10.176,1.58397,1.58456,1.50,1.14
2011.12.08 08:36:10.293,1.5841,1.58459,1.50,1.81
2011.12.08 08:36:10.864,1.5841,1.58468,1.50,1.51
2011.12.08 08:36:11.525,1.58417,1.58468,1.88,1.14
2011.12.08 08:36:11.672,1.58417,1.58468,1.88,1.14
2011.12.08 08:36:11.785,1.58417,1.58475,1.88,1.14
2011.12.08 08:36:12.118,1.58418,1.58475,1.50,1.14
2011.12.08 08:36:12.237,1.58411,1.58472,1.13,1.14
2011.12.08 08:36:13.502,1.5841,1.58466,1.87,1.14
2011.12.08 08:36:14.056,1.5841,1.58472,1.50,1.14
2011.12.08 08:36:14.176,1.58409,1.58472,2.25,1.14
2011.12.08 08:36:14.916,1.58409,1.58469,2.25,1.51
2011.12.08 08:36:15.849,1.58413,1.58469,1.13,1.14
2011.12.08 08:36:15.968,1.58414,1.58469,1.50,1.14
2011.12.08 08:36:16.196,1.58415,1.58469,1.50,1.14
2011.12.08 08:36:16.638,1.58415,1.58473,1.50,1.89
2011.12.08 08:36:18.322,1.58414,1.58473,1.50,1.14
2011.12.08 08:36:18.657,1.58424,1.58475,1.13,1.14
2011.12.08 08:36:18.998,1.58431,1.58483,1.13,2.19
2011.12.08 08:36:19.119,1.58433,1.58486,1.50,1.14
2011.12.08 08:36:19.766,1.58434,1.58486,1.50,1.14
2011.12.08 08:36:20.535,1.58433,1.58487,1.50,1.14
2011.12.08 08:36:20.758,1.58433,1.58487,1.50,1.14
2011.12.08 08:36:20.917,1.58433,1.58487,1.50,1.14
2011.12.08 08:36:22.033,1.58434,1.58487,1.50,1.14
2011.12.08 08:36:22.586,1.58433,1.58486,1.50,1.14
2011.12.08 08:36:23.427,1.58433,1.58484,1.50,1.51
2011.12.08 08:36:25.358,1.58436,1.58484,1.13,1.51
2011.12.08 08:36:25.477,1.58437,1.58487,1.13,1.14
2011.12.08 08:36:25.599,1.58437,1.58483,1.88,1.51
2011.12.08 08:36:26.158,1.58431,1.58487,1.50,1.14
2011.12.08 08:36:26.684,1.5843,1.58488,1.88,1.89
2011.12.08 08:36:27.238,1.5844,1.5849,1.13,1.14
2011.12.08 08:36:27.685,1.58441,1.58489,1.50,1.51
2011.12.08 08:36:28.250,1.58432,1.58489,1.50,1.51
2011.12.08 08:36:28.836,1.58433,1.58489,1.50,1.51
2011.12.08 08:36:31.125,1.58432,1.58489,1.88,1.51
2011.12.08 08:36:31.770,1.58432,1.58489,1.88,1.14
2011.12.08 08:36:37.954,1.58433,1.58485,1.50,1.13
2011.12.08 08:36:38.291,1.58427,1.58479,1.50,1.14
2011.12.08 08:36:38.787,1.58427,1.58483,1.88,1.14
2011.12.08 08:36:40.668,1.58431,1.58485,1.13,1.81
2011.12.08 08:36:41.167,1.58431,1.58489,1.88,1.51
2011.12.08 08:36:42.106,1.58431,1.58489,1.88,1.51
2011.12.08 08:36:42.476,1.58434,1.58491,1.50,1.14
2011.12.08 08:36:44.194,1.58434,1.58484,1.50,1.14
2011.12.08 08:36:45.041,1.58433,1.58484,1.50,1.14
2011.12.08 08:36:45.957,1.58434,1.58484,1.50,1.14
2011.12.08 08:36:46.084,1.58433,1.58484,1.50,1.14
2011.12.08 08:36:46.927,1.58433,1.58488,1.50,1.51
2011.12.08 08:36:47.047,1.58434,1.58484,1.50,1.14
2011.12.08 08:36:47.607,1.58433,1.58492,1.50,1.51
2011.12.08 08:36:47.729,1.58437,1.58489,1.13,1.51
2011.12.08 08:36:48.178,1.58447,1.58493,1.13,1.89
2011.12.08 08:36:48.967,1.58431,1.58488,1.50,1.14
2011.12.08 08:36:49.528,1.58427,1.58488,1.88,1.14
2011.12.08 08:36:51.389,1.58427,1.58484,1.13,1.14
2011.12.08 08:36:52.587,1.58427,1.5848,1.88,1.14
2011.12.08 08:36:53.977,1.58423,1.58479,1.50,1.14
2011.12.08 08:36:58.172,1.58423,1.58479,1.50,1.14
2011.12.08 08:36:58.401,1.58423,1.58478,1.50,1.14
2011.12.08 08:36:58.736,1.58426,1.58478,1.50,1.51
2011.12.08 08:36:58.969,1.58423,1.58476,1.13,1.14
2011.12.08 08:37:00.195,1.58435,1.58483,1.50,1.51
2011.12.08 08:37:01.039,1.58434,1.58483,1.50,1.51
2011.12.08 08:37:01.157,1.58433,1.58479,1.13,1.14
2011.12.08 08:37:01.499,1.58428,1.58478,1.05,1.14
2011.12.08 08:37:01.738,1.58427,1.58478,1.54,1.14
2011.12.08 08:37:02.389,1.58429,1.58478,1.05,1.14
2011.12.08 08:37:04.980,1.58426,1.58479,1.84,1.14
2011.12.08 08:37:05.538,1.58427,1.58478,1.50,1.14
2011.12.08 08:37:05.659,1.58432,1.58479,1.50,1.14
2011.12.08 08:37:06.236,1.58436,1.58484,1.13,1.51
2011.12.08 08:37:06.569,1.58438,1.58486,1.13,1.14
2011.12.08 08:37:06.693,1.58441,1.58489,1.09,1.14
2011.12.08 08:37:06.811,1.5844,1.58488,1.47,1.14
2011.12.08 08:37:07.041,1.58444,1.58493,1.47,1.14
2011.12.08 08:37:07.161,1.58447,1.58493,1.50,1.14
2011.12.08 08:37:07.500,1.58449,1.58503,1.13,1.14
2011.12.08 08:37:08.056,1.5845,1.58502,1.09,1.14
2011.12.08 08:37:08.167,1.5845,1.58503,1.09,1.14
2011.12.08 08:37:08.886,1.5845,1.58502,1.09,1.14
2011.12.08 08:37:09.220,1.5845,1.58502,1.09,1.81
2011.12.08 08:37:09.446,1.5845,1.58502,1.09,1.51
2011.12.08 08:37:11.496,1.58445,1.58498,2.21,1.13
2011.12.08 08:37:11.827,1.58445,1.58499,1.09,1.51
2011.12.08 08:37:12.056,1.58445,1.58496,1.09,1.14
2011.12.08 08:37:14.757,1.58444,1.58498,1.88,1.14
2011.12.08 08:37:14.868,1.58445,1.58501,1.87,2.90
2011.12.08 08:37:14.987,1.58445,1.58501,1.87,2.90
2011.12.08 08:37:17.668,1.58444,1.58501,2.25,2.52
2011.12.08 08:37:18.018,1.58444,1.58501,2.25,2.52
2011.12.08 08:37:21.327,1.5845,1.58499,1.50,1.14
2011.12.08 08:37:22.247,1.5845,1.58496,1.50,1.14
2011.12.08 08:37:24.037,1.58445,1.58496,1.09,1.14
2011.12.08 08:37:25.216,1.58445,1.58496,1.47,1.14
2011.12.08 08:37:28.197,1.58447,1.58498,1.80,1.14
2011.12.08 08:37:28.809,1.58455,1.58498,1.09,1.14
2011.12.08 08:37:31.136,1.58455,1.58498,1.09,1.14
2011.12.08 08:37:31.997,1.58455,1.58503,1.09,1.14
2011.12.08 08:37:35.638,1.58451,1.58503,1.09,1.14
2011.12.08 08:37:35.981,1.58455,1.58503,1.09,1.14
2011.12.08 08:37:37.462,1.58455,1.58504,1.09,1.81
2011.12.08 08:37:37.689,1.58448,1.58502,1.24,1.09
2011.12.08 08:37:37.811,1.58448,1.58498,1.09,1.66
2011.12.08 08:37:37.934,1.58445,1.58496,1.65,2.23
2011.12.08 08:37:38.161,1.58446,1.58496,1.65,2.23
2011.12.08 08:37:38.706,1.58441,1.58493,1.84,1.10
2011.12.08 08:37:39.460,1.58441,1.58494,1.50,1.51
2011.12.08 08:37:40.238,1.58437,1.5849,1.50,1.14
2011.12.08 08:37:40.722,1.58442,1.58493,1.50,1.51
2011.12.08 08:37:41.740,1.58442,1.58493,1.50,1.14
2011.12.08 08:37:41.861,1.58445,1.58496,1.50,1.14
2011.12.08 08:37:41.983,1.58445,1.58498,1.50,1.14
2011.12.08 08:37:42.361,1.58445,1.58496,1.50,1.14
2011.12.08 08:37:42.481,1.58449,1.585,1.13,1.81
2011.12.08 08:37:43.123,1.58449,1.58503,1.88,1.14
2011.12.08 08:37:45.898,1.5845,1.58503,1.50,1.14
2011.12.08 08:37:47.447,1.58449,1.58503,1.88,1.14
2011.12.08 08:37:47.911,1.58449,1.58495,1.13,1.14
2011.12.08 08:37:48.028,1.58441,1.58495,2.18,1.14
2011.12.08 08:37:56.721,1.58443,1.58498,1.88,1.14
2011.12.08 08:37:56.840,1.58443,1.58496,1.88,1.14
2011.12.08 08:38:13.456,1.58449,1.58499,1.09,1.14
2011.12.08 08:38:17.327,1.58447,1.58501,1.09,1.14
2011.12.08 08:38:35.879,1.58444,1.58496,1.50,1.09
2011.12.08 08:38:36.112,1.58441,1.58496,2.25,1.48
2011.12.08 08:38:36.233,1.58439,1.58488,1.12,1.13
2011.12.08 08:38:36.354,1.58439,1.58488,1.12,1.13
2011.12.08 08:38:36.472,1.5844,1.58493,1.50,1.13
2011.12.08 08:38:36.589,1.58438,1.58488,1.50,1.14
2011.12.08 08:38:37.103,1.58439,1.58493,1.50,1.14
2011.12.08 08:38:38.132,1.58438,1.58494,1.50,1.14
2011.12.08 08:38:38.251,1.58438,1.58494,1.50,1.14
2011.12.08 08:38:46.266,1.58438,1.58494,1.12,1.14
2011.12.08 08:38:46.383,1.5844,1.58497,1.50,1.14
2011.12.08 08:38:46.716,1.58441,1.58499,1.50,1.14
2011.12.08 08:38:47.260,1.5844,1.58498,1.13,1.14
2011.12.08 08:38:47.776,1.58441,1.58499,1.50,1.14
2011.12.08 08:38:48.636,1.58441,1.58499,1.50,1.14
2011.12.08 08:38:49.757,1.58441,1.58496,1.50,1.13
2011.12.08 08:38:49.877,1.5844,1.58493,1.50,1.14
2011.12.08 08:38:55.078,1.5844,1.58493,1.50,1.14
2011.12.08 08:38:55.421,1.58444,1.58498,1.87,2.56
2011.12.08 08:38:55.541,1.58446,1.58498,1.88,2.19
2011.12.08 08:38:55.767,1.58446,1.58497,2.25,1.51
2011.12.08 08:38:56.575,1.58441,1.58492,1.50,1.13
2011.12.08 08:38:56.798,1.58444,1.58496,1.50,2.18
2011.12.08 08:38:56.917,1.58441,1.58497,1.50,1.14
2011.12.08 08:38:57.474,1.58441,1.58496,1.50,1.14
2011.12.08 08:38:59.649,1.58445,1.58496,1.50,1.14
2011.12.08 08:39:01.196,1.58441,1.58496,1.50,1.14
2011.12.08 08:39:05.177,1.5844,1.58493,1.12,1.09
2011.12.08 08:39:05.735,1.58437,1.58492,1.50,1.14
2011.12.08 08:39:06.266,1.58437,1.58491,1.50,1.14
2011.12.08 08:39:06.819,1.58434,1.58488,1.12,1.13
2011.12.08 08:39:06.940,1.58432,1.58486,1.50,1.14
2011.12.08 08:39:07.902,1.58432,1.58487,1.50,1.14
2011.12.08 08:39:08.696,1.58432,1.58486,1.87,1.14
2011.12.08 08:39:09.137,1.58433,1.58486,1.50,1.14
2011.12.08 08:39:09.256,1.58432,1.58486,1.12,1.14
2011.12.08 08:39:09.477,1.58433,1.58486,1.50,1.14
2011.12.08 08:39:09.897,1.58435,1.58493,1.50,2.23
2011.12.08 08:39:10.463,1.58432,1.58493,2.25,2.23
2011.12.08 08:39:11.188,1.58437,1.58493,1.50,2.23
2011.12.08 08:39:12.370,1.58437,1.58493,1.50,1.89
2011.12.08 08:39:12.493,1.58437,1.58493,1.50,1.51
2011.12.08 08:39:16.268,1.58435,1.58493,1.50,1.51
2011.12.08 08:39:17.171,1.58435,1.5849,1.50,1.14
2011.12.08 08:39:22.231,1.58446,1.58498,1.13,1.81
2011.12.08 08:39:22.460,1.58446,1.58496,1.13,1.14
2011.12.08 08:39:22.579,1.58446,1.58498,1.13,1.14
2011.12.08 08:39:23.107,1.58445,1.58496,1.50,1.14
2011.12.08 08:39:23.939,1.5844,1.58495,1.50,1.14
2011.12.08 08:39:25.709,1.5844,1.58495,1.50,1.14
2011.12.08 08:39:26.729,1.58448,1.58499,1.50,1.14
2011.12.08 08:39:27.753,1.58447,1.58499,1.50,1.14
2011.12.08 08:39:27.979,1.5845,1.58503,1.50,1.14
2011.12.08 08:39:28.759,1.58448,1.585,1.12,2.55
2011.12.08 08:39:29.504,1.58447,1.58494,1.50,1.14
2011.12.08 08:39:29.841,1.58438,1.58489,1.13,1.89
2011.12.08 08:39:31.079,1.58434,1.58492,1.50,1.14
2011.12.08 08:39:31.196,1.58442,1.58493,1.13,1.14
2011.12.08 08:39:33.256,1.58443,1.58493,1.50,1.14
2011.12.08 08:39:37.136,1.58442,1.58493,1.88,1.14
2011.12.08 08:39:39.157,1.58442,1.58498,1.88,1.14
2011.12.08 08:39:39.377,1.58442,1.58494,1.88,1.14
2011.12.08 08:39:39.969,1.58443,1.58498,1.50,1.14
2011.12.08 08:39:40.797,1.5845,1.58503,1.50,1.51
2011.12.08 08:39:42.310,1.5845,1.58504,1.50,1.14
2011.12.08 08:39:42.433,1.5845,1.58504,1.50,1.14
2011.12.08 08:39:43.206,1.58445,1.58499,1.87,1.13
2011.12.08 08:39:43.318,1.58445,1.58498,1.87,1.13
2011.12.08 08:39:43.770,1.58445,1.58503,1.87,2.56
2011.12.08 08:39:44.217,1.58446,1.58499,1.87,1.13
2011.12.08 08:39:44.336,1.58445,1.58495,1.50,1.14
2011.12.08 08:39:45.737,1.58441,1.58494,1.50,1.14
2011.12.08 08:39:47.986,1.58446,1.58494,1.50,1.14
2011.12.08 08:39:51.956,1.58443,1.58496,1.12,1.13
2011.12.08 08:39:56.418,1.5844,1.58494,1.50,1.14
2011.12.08 08:40:08.267,1.58437,1.58487,1.12,1.13
2011.12.08 08:40:08.501,1.5843,1.5848,1.50,1.13
2011.12.08 08:40:08.730,1.58429,1.5848,1.12,2.55
2011.12.08 08:40:08.849,1.58426,1.58479,1.50,1.14
2011.12.08 08:40:09.191,1.58428,1.58479,1.50,1.14
2011.12.08 08:40:09.531,1.58432,1.5848,1.13,1.43
2011.12.08 08:40:09.648,1.58432,1.58488,1.13,2.94
2011.12.08 08:40:10.392,1.58438,1.58488,1.50,1.14
2011.12.08 08:40:11.117,1.58437,1.58488,1.50,1.14
2011.12.08 08:40:15.152,1.58437,1.58494,1.50,1.14
2011.12.08 08:40:15.749,1.58437,1.58489,1.50,1.14
2011.12.08 08:40:16.430,1.58438,1.58489,1.50,1.14
2011.12.08 08:40:16.958,1.58438,1.58494,1.50,1.14
2011.12.08 08:40:18.957,1.5844,1.58494,1.50,1.14
2011.12.08 08:40:23.460,1.5844,1.58493,1.50,1.13
2011.12.08 08:40:24.018,1.58439,1.58485,1.12,1.13
2011.12.08 08:40:24.601,1.58437,1.58493,1.50,1.51
2011.12.08 08:40:24.723,1.58437,1.58493,1.50,1.51
2011.12.08 08:40:26.366,1.58437,1.58493,1.50,1.51
2011.12.08 08:40:27.667,1.58436,1.58494,1.50,1.89
2011.12.08 08:40:28.122,1.58431,1.58489,1.88,1.14
2011.12.08 08:40:28.401,1.58433,1.58493,1.50,1.51
2011.12.08 08:40:29.823,1.58432,1.58493,1.50,1.51
2011.12.08 08:40:31.087,1.58433,1.58493,1.50,1.51
2011.12.08 08:40:31.688,1.58432,1.58493,1.50,1.51
2011.12.08 08:40:32.407,1.58432,1.58495,1.50,1.14
2011.12.08 08:40:32.909,1.58433,1.58495,1.50,1.14
2011.12.08 08:40:34.178,1.58433,1.58494,1.50,1.51
2011.12.08 08:40:34.407,1.58433,1.58495,1.50,1.14
2011.12.08 08:40:35.306,1.58433,1.58495,1.50,1.14
2011.12.08 08:40:37.218,1.58437,1.58497,1.50,2.19
2011.12.08 08:40:37.556,1.58437,1.58493,1.50,1.14
2011.12.08 08:40:37.778,1.58441,1.58499,1.13,1.14
2011.12.08 08:40:38.007,1.58443,1.58493,1.50,1.14
2011.12.08 08:40:38.237,1.58443,1.58498,1.50,2.56
2011.12.08 08:40:38.696,1.58443,1.585,1.50,2.19
2011.12.08 08:40:39.413,1.58442,1.585,1.50,2.19
2011.12.08 08:40:40.280,1.58443,1.585,1.50,2.19
2011.12.08 08:40:44.180,1.58443,1.58498,1.50,1.14
2011.12.08 08:40:44.617,1.58443,1.585,1.50,2.19
2011.12.08 08:40:45.036,1.58443,1.58498,1.50,1.14
2011.12.08 08:40:45.256,1.58442,1.585,1.50,2.19
2011.12.08 08:40:46.010,1.58443,1.585,1.50,2.19
2011.12.08 08:40:46.484,1.58449,1.585,1.13,1.81
2011.12.08 08:40:46.819,1.58449,1.58508,1.88,2.56
2011.12.08 08:40:46.941,1.58452,1.58507,1.09,1.14
2011.12.08 08:40:47.221,1.58456,1.58508,1.13,2.19
2011.12.08 08:40:47.778,1.58458,1.58508,1.50,1.14
2011.12.08 08:40:48.578,1.58452,1.58508,1.88,1.14
2011.12.08 08:40:48.697,1.58444,1.58499,1.09,2.94
2011.12.08 08:40:49.039,1.58445,1.58493,1.13,1.14
2011.12.08 08:40:49.159,1.58448,1.58504,1.50,1.14
2011.12.08 08:40:51.254,1.58451,1.58509,1.13,1.89
2011.12.08 08:40:51.764,1.58446,1.58499,1.50,1.14
2011.12.08 08:40:51.879,1.58444,1.58499,2.22,1.14
2011.12.08 08:40:52.447,1.58445,1.58496,1.50,1.51
2011.12.08 08:40:54.132,1.5844,1.58493,1.50,1.14
2011.12.08 08:40:56.418,1.58439,1.58493,1.50,1.51
2011.12.08 08:41:00.460,1.5844,1.58493,1.50,1.51
2011.12.08 08:41:01.398,1.58439,1.58493,1.50,1.51
2011.12.08 08:41:03.257,1.5844,1.58493,1.50,1.51
2011.12.08 08:41:04.137,1.58439,1.58493,1.50,1.51
2011.12.08 08:41:04.696,1.5844,1.58493,1.50,1.51
2011.12.08 08:41:05.843,1.58439,1.58496,1.50,1.14
2011.12.08 08:41:06.499,1.58439,1.58493,1.50,1.14
2011.12.08 08:41:07.276,1.58439,1.58493,1.50,1.14
2011.12.08 08:41:09.678,1.58439,1.58493,1.50,1.14
2011.12.08 08:41:10.458,1.5844,1.58493,1.50,1.14
2011.12.08 08:41:10.580,1.5844,1.58493,1.50,1.14
2011.12.08 08:41:10.699,1.58439,1.58493,2.25,1.51
2011.12.08 08:41:10.816,1.58439,1.58493,1.50,2.26
2011.12.08 08:41:12.168,1.58443,1.58492,1.09,2.19
2011.12.08 08:41:13.688,1.58443,1.58493,1.84,1.14
2011.12.08 08:41:15.165,1.58442,1.58493,1.50,1.14
2011.12.08 08:41:15.737,1.58443,1.58493,1.50,1.14
2011.12.08 08:41:16.277,1.58443,1.58493,1.50,1.14
2011.12.08 08:41:16.510,1.58443,1.58491,1.50,1.14
2011.12.08 08:41:17.179,1.58442,1.58491,1.50,1.14
2011.12.08 08:41:17.629,1.5844,1.58492,1.09,1.14
2011.12.08 08:41:17.750,1.58439,1.58494,1.50,1.14
2011.12.08 08:41:17.979,1.58438,1.58492,1.50,1.14
2011.12.08 08:41:19.582,1.58435,1.58489,1.50,1.14
2011.12.08 08:41:20.344,1.58434,1.58489,1.50,1.14
2011.12.08 08:41:20.458,1.58434,1.5849,1.50,1.81
2011.12.08 08:41:20.938,1.58435,1.58488,1.50,1.14
2011.12.08 08:41:22.239,1.58434,1.5849,1.50,1.81
2011.12.08 08:41:22.730,1.58435,1.5849,1.50,1.81
2011.12.08 08:41:23.363,1.58434,1.5849,1.50,1.81
2011.12.08 08:41:23.491,1.58434,1.5849,1.50,1.81
2011.12.08 08:41:23.716,1.58434,1.5849,1.50,1.81
2011.12.08 08:41:23.968,1.58434,1.5849,1.50,1.81
2011.12.08 08:41:24.908,1.58434,1.58489,1.50,1.14
2011.12.08 08:41:25.138,1.58435,1.58486,1.50,1.43
2011.12.08 08:41:25.478,1.58435,1.5849,1.50,1.81
2011.12.08 08:41:25.707,1.58435,1.58488,1.50,1.14
2011.12.08 08:41:26.220,1.58432,1.58488,1.50,1.14
2011.12.08 08:41:27.366,1.58439,1.58488,1.13,1.14
2011.12.08 08:41:27.485,1.58439,1.5849,1.13,1.81
2011.12.08 08:41:27.604,1.58439,1.58486,1.88,1.43
2011.12.08 08:41:28.094,1.58441,1.58499,1.13,1.51
2011.12.08 08:41:28.209,1.58438,1.58494,1.50,1.14
2011.12.08 08:41:28.968,1.58441,1.58495,1.13,2.19
2011.12.08 08:41:29.526,1.58442,1.58498,2.25,1.51
2011.12.08 08:41:30.840,1.58443,1.58498,1.50,1.51
2011.12.08 08:41:33.518,1.5844,1.58494,1.09,1.14
2011.12.08 08:41:36.307,1.5844,1.58494,1.09,1.14
2011.12.08 08:41:36.418,1.5844,1.58494,1.09,1.14
2011.12.08 08:41:37.757,1.5844,1.58494,1.09,1.14
2011.12.08 08:41:38.689,1.58441,1.58495,1.88,1.81
2011.12.08 08:41:40.990,1.58441,1.58493,1.50,1.51
2011.12.08 08:41:42.591,1.5844,1.58492,1.09,2.19
2011.12.08 08:41:43.146,1.58437,1.58492,1.09,2.19
2011.12.08 08:41:44.117,1.58437,1.58492,1.09,2.19
2011.12.08 08:41:44.768,1.58437,1.58492,1.09,2.19
2011.12.08 08:41:45.698,1.58437,1.58485,1.09,1.13
2011.12.08 08:41:45.819,1.58437,1.58488,1.09,1.51
2011.12.08 08:41:45.936,1.58436,1.58484,1.09,1.14
2011.12.08 08:41:46.489,1.58436,1.58484,1.09,1.14
2011.12.08 08:41:46.971,1.58437,1.58485,1.09,2.19
2011.12.08 08:41:50.140,1.58432,1.58485,1.13,2.19
2011.12.08 08:41:50.703,1.58434,1.5849,1.50,1.81
2011.12.08 08:41:51.329,1.58434,1.5849,1.50,1.81
2011.12.08 08:41:51.668,1.58441,1.58499,2.18,1.14
2011.12.08 08:41:51.789,1.58438,1.58495,1.50,1.81
2011.12.08 08:41:52.369,1.58442,1.58496,1.88,1.81
2011.12.08 08:41:53.370,1.58437,1.58494,1.50,1.51
2011.12.08 08:41:53.488,1.58437,1.58496,1.50,2.56
2011.12.08 08:41:54.352,1.58437,1.58496,1.50,2.19
2011.12.08 08:41:54.470,1.58437,1.58493,1.50,1.14
2011.12.08 08:41:54.920,1.58438,1.58496,1.50,2.19
2011.12.08 08:41:55.588,1.58437,1.58496,1.50,2.56
2011.12.08 08:41:56.187,1.58438,1.58496,1.50,2.56
2011.12.08 08:41:56.857,1.58437,1.58494,1.50,1.14
2011.12.08 08:41:57.368,1.58438,1.58496,1.50,2.56
2011.12.08 08:41:59.217,1.58453,1.58496,1.13,2.19
2011.12.08 08:41:59.448,1.58451,1.58496,1.50,2.19
2011.12.08 08:41:59.792,1.58458,1.58499,1.13,1.14
2011.12.08 08:41:59.910,1.58452,1.58498,1.50,1.51
2011.12.08 08:42:00.029,1.5845,1.58498,1.50,1.51
2011.12.08 08:42:00.261,1.58445,1.58498,1.09,1.51
2011.12.08 08:42:00.948,1.58445,1.58498,1.09,1.51
2011.12.08 08:42:03.674,1.58456,1.585,1.13,1.14
2011.12.08 08:42:04.007,1.58457,1.58508,1.88,1.51
2011.12.08 08:42:04.351,1.58458,1.58507,1.13,1.14
2011.12.08 08:42:05.679,1.58458,1.58507,1.88,1.14
2011.12.08 08:42:06.271,1.58459,1.58508,1.50,1.14
2011.12.08 08:42:06.719,1.58451,1.58504,1.50,1.14
2011.12.08 08:42:07.605,1.58442,1.58504,1.50,1.51
2011.12.08 08:42:08.229,1.58442,1.58498,1.50,1.14
2011.12.08 08:42:08.347,1.58443,1.585,1.50,1.81
2011.12.08 08:42:08.689,1.58445,1.58506,2.18,2.94
2011.12.08 08:42:08.922,1.58447,1.58506,2.18,1.51
2011.12.08 08:42:09.477,1.58443,1.58504,1.50,2.19
2011.12.08 08:42:11.377,1.58442,1.58502,1.50,2.19
2011.12.08 08:42:14.928,1.58443,1.58505,1.50,2.19
2011.12.08 08:42:15.370,1.58443,1.58504,1.50,1.51
2011.12.08 08:42:16.496,1.58443,1.58499,1.50,1.14
2011.12.08 08:42:16.718,1.58443,1.58502,1.50,1.14
2011.12.08 08:42:17.318,1.58442,1.58502,1.50,2.56
2011.12.08 08:42:18.028,1.58443,1.585,1.50,1.81
2011.12.08 08:42:18.941,1.58443,1.58499,1.50,1.14
2011.12.08 08:42:19.837,1.58442,1.58499,1.50,1.14
2011.12.08 08:42:20.442,1.58442,1.585,1.50,1.81
2011.12.08 08:42:21.028,1.58442,1.58499,1.50,1.14
2011.12.08 08:42:26.270,1.58442,1.58499,1.50,1.14
2011.12.08 08:42:26.955,1.58442,1.585,1.50,1.81
2011.12.08 08:42:28.468,1.58443,1.58503,1.50,1.14
2011.12.08 08:42:29.027,1.58442,1.58503,1.50,1.14
2011.12.08 08:42:30.160,1.58442,1.58498,1.50,1.14
2011.12.08 08:42:33.864,1.58443,1.58498,1.50,1.14
2011.12.08 08:42:33.976,1.58443,1.58503,1.50,1.89
2011.12.08 08:42:34.316,1.58443,1.58499,1.50,1.14
2011.12.08 08:42:36.367,1.58442,1.58499,1.50,1.14
2011.12.08 08:42:37.051,1.58443,1.58499,1.50,1.14
2011.12.08 08:42:37.607,1.58442,1.58499,1.50,1.14
2011.12.08 08:42:46.271,1.58443,1.58499,1.50,1.14
2011.12.08 08:42:52.212,1.58438,1.58493,1.84,1.14
2011.12.08 08:42:52.842,1.58438,1.58496,1.09,2.19
2011.12.08 08:42:52.960,1.58438,1.58493,1.09,1.14
2011.12.08 08:42:53.081,1.58452,1.58504,1.13,1.51
2011.12.08 08:42:53.820,1.58449,1.58498,1.50,1.14
2011.12.08 08:42:53.938,1.58443,1.58493,1.50,1.14
2011.12.08 08:42:54.058,1.58442,1.58491,1.50,1.14
2011.12.08 08:42:54.621,1.58438,1.58491,1.50,1.14
2011.12.08 08:42:55.179,1.58437,1.58488,1.50,1.14
2011.12.08 08:42:56.238,1.58438,1.58488,1.50,1.51
2011.12.08 08:42:56.798,1.58437,1.58488,1.50,1.51
2011.12.08 08:42:57.490,1.58436,1.58484,1.50,1.14
2011.12.08 08:42:58.045,1.58427,1.58484,1.09,1.14
2011.12.08 08:42:59.528,1.58427,1.58484,1.84,1.14
2011.12.08 08:43:00.849,1.58433,1.58484,1.13,1.14
2011.12.08 08:43:00.967,1.58435,1.58487,1.50,1.14
2011.12.08 08:43:01.197,1.58435,1.58483,1.50,1.14
2011.12.08 08:43:02.393,1.58434,1.58483,1.50,1.14
2011.12.08 08:43:04.765,1.58434,1.58489,1.50,1.51
2011.12.08 08:43:05.097,1.58443,1.58491,1.50,1.14
2011.12.08 08:43:05.551,1.58447,1.5849,1.50,1.14
2011.12.08 08:43:05.671,1.58447,1.5849,1.50,1.14
2011.12.08 08:43:05.791,1.58446,1.5849,1.50,1.14
2011.12.08 08:43:06.129,1.58444,1.5849,1.50,1.14
2011.12.08 08:43:06.250,1.58449,1.5849,1.13,1.14
2011.12.08 08:43:06.823,1.58459,1.58498,1.13,1.14
2011.12.08 08:43:08.322,1.58459,1.58498,1.13,1.14
2011.12.08 08:43:11.843,1.58461,1.58498,1.50,1.14
2011.12.08 08:43:12.171,1.5846,1.58498,1.50,1.14
2011.12.08 08:43:12.433,1.5846,1.58498,1.50,1.14
2011.12.08 08:43:12.940,1.5846,1.58498,1.50,1.14
2011.12.08 08:43:13.534,1.58459,1.58498,1.13,1.14
2011.12.08 08:43:14.178,1.58461,1.58498,1.50,1.14
2011.12.08 08:43:16.527,1.58461,1.58505,1.50,1.14
2011.12.08 08:43:19.411,1.58452,1.58504,1.50,1.85
2011.12.08 08:43:19.640,1.58453,1.58499,1.50,1.14
2011.12.08 08:43:20.310,1.58452,1.58493,1.09,1.14
2011.12.08 08:43:20.435,1.58453,1.58504,1.09,2.26
2011.12.08 08:43:20.937,1.58453,1.58504,1.09,1.89
2011.12.08 08:43:26.406,1.58453,1.58501,1.09,1.14
2011.12.08 08:43:27.267,1.58453,1.58501,1.09,1.14
2011.12.08 08:43:29.217,1.58447,1.58496,1.50,1.10
2011.12.08 08:43:29.548,1.58446,1.58496,1.09,1.10
2011.12.08 08:43:31.769,1.58446,1.58496,1.09,1.10
2011.12.08 08:43:32.510,1.5845,1.58497,1.09,2.19
2011.12.08 08:43:33.178,1.58454,1.58501,1.13,1.14
2011.12.08 08:43:34.774,1.58455,1.58501,1.50,1.14
2011.12.08 08:43:34.998,1.58453,1.58501,1.50,1.14
2011.12.08 08:43:35.129,1.58453,1.58501,1.50,1.14
2011.12.08 08:43:35.917,1.58453,1.58501,1.13,1.14
2011.12.08 08:43:36.261,1.58455,1.58501,1.50,1.14
2011.12.08 08:43:36.708,1.58454,1.585,1.13,1.14
2011.12.08 08:43:37.277,1.58456,1.58499,1.09,1.14
2011.12.08 08:43:37.732,1.58462,1.58499,1.50,1.14
2011.12.08 08:43:39.157,1.58462,1.58511,1.50,1.14
2011.12.08 08:43:40.564,1.58461,1.58511,1.88,1.14
2011.12.08 08:43:41.256,1.58462,1.58511,1.50,1.14
2011.12.08 08:43:44.855,1.58461,1.58511,1.88,1.14
2011.12.08 08:43:44.969,1.58461,1.58508,1.88,1.51
2011.12.08 08:43:45.479,1.58456,1.58508,1.09,1.51
2011.12.08 08:43:46.367,1.58456,1.58508,1.09,1.51
2011.12.08 08:43:47.469,1.58456,1.58503,1.09,1.14
2011.12.08 08:43:47.696,1.58452,1.585,1.50,1.14
2011.12.08 08:43:48.879,1.58448,1.58499,1.09,1.14
2011.12.08 08:43:49.217,1.58439,1.58493,1.13,1.14
2011.12.08 08:43:50.858,1.58439,1.58498,1.13,2.19
2011.12.08 08:43:55.527,1.58444,1.58502,1.88,1.14
2011.12.08 08:43:58.377,1.5845,1.58506,1.50,1.14
2011.12.08 08:43:59.946,1.58449,1.58503,1.50,1.14
2011.12.08 08:44:06.297,1.58449,1.58503,1.50,1.14
2011.12.08 08:44:06.520,1.58449,1.58503,1.50,1.14
2011.12.08 08:44:06.755,1.58454,1.58503,1.13,1.89
2011.12.08 08:44:07.315,1.58454,1.58493,1.13,1.14
2011.12.08 08:44:07.431,1.58437,1.58493,1.50,1.14
2011.12.08 08:44:08.207,1.58449,1.58502,1.09,2.56
2011.12.08 08:44:16.306,1.58449,1.58502,1.09,2.56
2011.12.08 08:44:17.044,1.58449,1.58499,1.09,1.14
2011.12.08 08:44:22.128,1.58449,1.58498,1.09,1.51
2011.12.08 08:44:23.302,1.58442,1.58497,1.09,1.10
2011.12.08 08:44:23.422,1.58442,1.58497,1.09,1.10
2011.12.08 08:44:23.539,1.58442,1.58497,1.09,1.10
2011.12.08 08:44:23.769,1.58445,1.58497,1.13,1.10
2011.12.08 08:44:24.000,1.58443,1.58497,1.80,1.10
2011.12.08 08:44:24.954,1.58443,1.58497,1.50,1.10
2011.12.08 08:44:25.072,1.58443,1.58499,1.50,1.14
2011.12.08 08:44:26.310,1.58443,1.58495,1.50,1.14
2011.12.08 08:44:26.428,1.58438,1.58495,1.84,1.14
2011.12.08 08:44:26.772,1.58438,1.58493,1.09,1.14
2011.12.08 08:44:34.287,1.58438,1.58493,2.22,1.14
2011.12.08 08:44:34.400,1.58438,1.58496,1.09,1.14
2011.12.08 08:44:34.739,1.58438,1.58496,1.09,1.14
2011.12.08 08:44:35.324,1.58438,1.58496,1.84,1.14
2011.12.08 08:44:35.441,1.58438,1.58496,1.84,1.14
2011.12.08 08:44:35.561,1.58438,1.58495,1.84,2.19
2011.12.08 08:44:36.151,1.58438,1.58496,1.09,1.14
2011.12.08 08:44:36.564,1.58443,1.58499,1.13,2.19
2011.12.08 08:44:36.939,1.58438,1.58495,1.84,1.14
2011.12.08 08:44:37.669,1.58439,1.58495,1.13,1.14
2011.12.08 08:44:38.333,1.58437,1.58495,1.50,1.14
2011.12.08 08:44:38.447,1.58437,1.58493,1.50,1.51
2011.12.08 08:44:40.160,1.58438,1.58495,1.50,1.14
2011.12.08 08:44:40.677,1.58439,1.58495,1.13,1.14
2011.12.08 08:44:41.399,1.58438,1.58488,1.50,1.14
2011.12.08 08:44:41.520,1.58437,1.58493,1.50,1.51
2011.12.08 08:44:42.207,1.58438,1.58495,1.50,2.56
2011.12.08 08:44:43.072,1.58444,1.58495,1.50,1.14
2011.12.08 08:44:43.410,1.58444,1.58497,1.88,1.14
2011.12.08 08:44:43.979,1.58451,1.58497,1.13,1.14
2011.12.08 08:44:44.839,1.58453,1.58497,1.50,1.14
2011.12.08 08:44:45.352,1.58452,1.58497,1.50,1.14
2011.12.08 08:44:45.691,1.58452,1.58497,1.50,1.14
2011.12.08 08:44:46.250,1.58451,1.58498,1.13,1.14
2011.12.08 08:44:46.589,1.58448,1.58497,1.50,1.14
2011.12.08 08:44:46.820,1.58452,1.58494,1.13,1.14
2011.12.08 08:44:46.939,1.58448,1.58494,1.50,1.14
2011.12.08 08:44:47.058,1.58451,1.58494,1.50,1.14
2011.12.08 08:44:47.489,1.58453,1.58494,1.50,1.14
2011.12.08 08:44:47.610,1.58451,1.58494,1.50,1.14
2011.12.08 08:44:48.059,1.58448,1.58494,1.50,1.14
2011.12.08 08:44:48.192,1.58448,1.58494,1.50,1.14
2011.12.08 08:44:48.425,1.58448,1.58494,1.50,1.14
2011.12.08 08:44:48.653,1.58442,1.58493,1.50,1.14
2011.12.08 08:44:50.412,1.58441,1.58493,1.13,1.14
2011.12.08 08:44:52.398,1.58443,1.58493,1.50,1.14
2011.12.08 08:44:52.912,1.58442,1.58493,1.50,1.14
2011.12.08 08:44:56.368,1.58443,1.58493,1.50,1.14
2011.12.08 08:44:56.588,1.58442,1.58495,1.50,1.14
2011.12.08 08:44:59.670,1.58443,1.58495,1.50,1.14
2011.12.08 08:45:00.031,1.58443,1.58495,1.50,1.14
2011.12.08 08:45:00.160,1.5845,1.58495,1.50,1.14
2011.12.08 08:45:00.719,1.58451,1.58495,1.50,1.14
2011.12.08 08:45:02.058,1.5845,1.58495,1.50,1.14
2011.12.08 08:45:02.180,1.5845,1.58495,1.50,1.14
2011.12.08 08:45:02.755,1.58442,1.58495,1.50,1.14
2011.12.08 08:45:02.875,1.58442,1.58495,1.50,1.14
2011.12.08 08:45:05.642,1.58442,1.58495,1.50,1.14
2011.12.08 08:45:06.469,1.58443,1.58495,1.50,1.14
2011.12.08 08:45:06.591,1.58443,1.58495,1.50,1.14
2011.12.08 08:45:11.409,1.58443,1.58501,1.50,1.14
2011.12.08 08:45:12.487,1.58442,1.58501,1.50,1.14
2011.12.08 08:45:12.712,1.58448,1.58504,1.13,1.14
2011.12.08 08:45:12.941,1.5845,1.58503,1.50,1.14
2011.12.08 08:45:13.503,1.5844,1.58493,2.25,2.19
2011.12.08 08:45:14.261,1.58438,1.58493,1.09,2.19
2011.12.08 08:45:14.750,1.58434,1.58489,1.50,1.51
2011.12.08 08:45:14.868,1.58434,1.58492,1.50,2.19
2011.12.08 08:45:15.458,1.58435,1.58492,1.50,2.19
2011.12.08 08:45:15.953,1.58435,1.58492,1.50,2.19
2011.12.08 08:45:16.223,1.58435,1.58492,1.50,2.19
2011.12.08 08:45:16.454,1.58434,1.58492,1.50,2.19
2011.12.08 08:45:16.852,1.58432,1.58492,1.87,2.19
2011.12.08 08:45:18.508,1.58446,1.58499,1.13,2.94
2011.12.08 08:45:18.993,1.58447,1.58503,1.50,1.14
2011.12.08 08:45:19.114,1.58448,1.58498,1.50,1.51
2011.12.08 08:45:19.717,1.58447,1.585,1.50,2.56
2011.12.08 08:45:19.837,1.5845,1.585,1.50,2.19
2011.12.08 08:45:19.953,1.58451,1.585,1.50,2.19
2011.12.08 08:45:20.069,1.58451,1.58504,1.50,1.14
2011.12.08 08:45:20.642,1.58453,1.58504,1.09,1.14
2011.12.08 08:45:20.759,1.58453,1.58504,1.09,1.14
2011.12.08 08:45:20.881,1.58453,1.58504,1.09,1.14
2011.12.08 08:45:21.473,1.58453,1.58504,1.09,1.14
2011.12.08 08:45:21.606,1.5846,1.58513,1.50,1.48
2011.12.08 08:45:22.203,1.58461,1.58508,1.50,1.14
2011.12.08 08:45:22.430,1.58459,1.58513,1.13,1.85
2011.12.08 08:45:22.772,1.58457,1.58509,2.18,1.51
2011.12.08 08:45:22.999,1.58455,1.58513,2.03,1.48
2011.12.08 08:45:23.819,1.58455,1.58513,2.03,1.48
2011.12.08 08:45:24.934,1.58456,1.58513,1.65,1.48
2011.12.08 08:45:25.052,1.58456,1.58513,1.65,1.48
2011.12.08 08:45:26.827,1.58455,1.58512,2.25,1.14
2011.12.08 08:45:27.378,1.58453,1.58513,1.47,3.28
2011.12.08 08:45:28.023,1.58456,1.58513,1.50,3.28
2011.12.08 08:45:28.361,1.58455,1.58512,1.50,2.19
2011.12.08 08:45:29.729,1.58455,1.58508,1.50,1.14
2011.12.08 08:45:29.851,1.58455,1.58508,1.50,1.14
2011.12.08 08:45:30.191,1.58458,1.58513,1.50,1.10
2011.12.08 08:45:30.310,1.58458,1.58513,1.50,1.10
2011.12.08 08:45:30.429,1.58458,1.5851,1.50,2.19
2011.12.08 08:45:30.548,1.58458,1.58508,1.50,1.14
2011.12.08 08:45:31.753,1.58462,1.58508,1.13,1.14
2011.12.08 08:45:32.089,1.58466,1.58514,1.50,1.14
2011.12.08 08:45:32.715,1.58465,1.58514,2.22,1.14
2011.12.08 08:45:32.830,1.58465,1.58514,2.22,1.14
2011.12.08 08:45:32.950,1.58465,1.58514,2.22,1.14
2011.12.08 08:45:34.202,1.58466,1.58514,1.50,1.14
2011.12.08 08:45:34.401,1.58466,1.58514,1.50,1.14
2011.12.08 08:45:34.999,1.58465,1.58514,2.22,1.14
2011.12.08 08:45:35.560,1.58466,1.58514,1.50,1.14
2011.12.08 08:45:36.119,1.58465,1.58514,2.22,1.14
2011.12.08 08:45:36.786,1.58466,1.58512,1.50,1.14
2011.12.08 08:45:36.897,1.58466,1.58512,1.50,1.14
2011.12.08 08:45:37.009,1.58466,1.58512,1.50,1.14
2011.12.08 08:45:45.626,1.58465,1.58512,2.22,1.14
2011.12.08 08:45:46.627,1.58466,1.58517,1.50,1.14
2011.12.08 08:45:47.182,1.58465,1.58517,1.09,1.14
2011.12.08 08:45:49.181,1.58462,1.58516,1.50,1.10
2011.12.08 08:45:49.628,1.58461,1.58513,1.50,2.26
2011.12.08 08:45:49.971,1.58458,1.58505,1.50,1.14
2011.12.08 08:45:50.311,1.58462,1.58507,1.09,2.19
2011.12.08 08:45:50.652,1.58462,1.58505,1.09,1.14
2011.12.08 08:45:51.130,1.58462,1.58509,1.09,1.14
2011.12.08 08:45:51.470,1.58461,1.58506,1.84,1.14
2011.12.08 08:45:51.588,1.58466,1.58509,1.09,1.14
2011.12.08 08:45:52.192,1.58462,1.58506,1.09,1.14
2011.12.08 08:45:52.461,1.58466,1.58509,1.09,1.14
2011.12.08 08:45:52.579,1.58462,1.58506,1.09,1.14
2011.12.08 08:45:53.129,1.58466,1.58509,1.09,1.14
2011.12.08 08:45:53.986,1.58461,1.58505,2.59,1.51
2011.12.08 08:45:54.209,1.58456,1.58504,1.09,1.09
2011.12.08 08:45:54.890,1.58461,1.58512,1.13,1.10
2011.12.08 08:45:55.393,1.58461,1.58512,2.03,1.10
2011.12.08 08:45:55.509,1.58461,1.58508,2.03,1.14
2011.12.08 08:45:56.249,1.58461,1.58508,1.13,1.89
2011.12.08 08:45:58.239,1.5846,1.58504,1.28,1.13
2011.12.08 08:45:58.776,1.58448,1.58498,1.50,1.13
2011.12.08 08:45:58.891,1.58448,1.58498,1.50,1.51
2011.12.08 08:45:59.231,1.58447,1.58493,1.65,1.48
2011.12.08 08:46:01.031,1.58447,1.58493,1.65,1.10
2011.12.08 08:46:01.611,1.58447,1.58493,1.65,1.85
2011.12.08 08:46:02.398,1.58447,1.58493,1.65,1.85
2011.12.08 08:46:03.578,1.58447,1.58493,1.65,1.85
2011.12.08 08:46:05.660,1.58446,1.58493,1.13,1.85
2011.12.08 08:46:06.112,1.58442,1.58492,1.13,1.14
2011.12.08 08:46:06.601,1.58446,1.58493,1.13,1.10
2011.12.08 08:46:07.481,1.58446,1.58493,1.13,1.10
2011.12.08 08:46:08.615,1.58446,1.58493,1.13,1.10
2011.12.08 08:46:09.227,1.58442,1.58492,1.13,1.14
2011.12.08 08:46:10.617,1.58446,1.58493,1.13,1.85
2011.12.08 08:46:10.841,1.58446,1.58493,1.13,1.85
2011.12.08 08:46:11.182,1.58448,1.58498,1.09,1.14
2011.12.08 08:46:11.836,1.58456,1.58498,3.08,1.14
2011.12.08 08:46:14.163,1.58453,1.58497,1.50,1.14
2011.12.08 08:46:14.628,1.58451,1.58497,1.50,1.14
2011.12.08 08:46:14.835,1.58448,1.58493,1.09,1.51
2011.12.08 08:46:15.391,1.58448,1.58497,1.09,1.14
2011.12.08 08:46:16.168,1.58448,1.58498,1.84,1.14
2011.12.08 08:46:16.729,1.58447,1.58496,1.50,1.14
2011.12.08 08:46:17.308,1.58443,1.58496,1.50,1.14
2011.12.08 08:46:17.940,1.58442,1.58496,1.88,1.14
2011.12.08 08:46:18.500,1.58442,1.58496,1.88,1.14
2011.12.08 08:46:18.730,1.58442,1.58496,1.88,1.14
2011.12.08 08:46:19.515,1.58443,1.58496,1.50,1.14
2011.12.08 08:46:19.741,1.58443,1.58496,1.50,1.14
2011.12.08 08:46:20.290,1.58442,1.58496,1.88,1.14
2011.12.08 08:46:20.408,1.58443,1.58495,1.50,1.14
2011.12.08 08:46:20.749,1.58437,1.58492,1.50,1.14
2011.12.08 08:46:20.869,1.58438,1.58494,1.50,1.51
2011.12.08 08:46:21.429,1.58437,1.58496,1.50,1.51
2011.12.08 08:46:22.608,1.58438,1.58496,1.50,1.51
2011.12.08 08:46:22.829,1.58437,1.58496,1.50,1.51
2011.12.08 08:46:26.408,1.58438,1.58496,1.50,1.51
2011.12.08 08:46:28.898,1.58437,1.58491,1.50,1.14
2011.12.08 08:46:33.047,1.58438,1.58491,1.50,1.14
2011.12.08 08:46:33.352,1.58438,1.58491,1.50,1.14
2011.12.08 08:46:36.767,1.58439,1.5849,1.50,1.14
2011.12.08 08:46:44.568,1.5844,1.5849,1.50,1.14
2011.12.08 08:46:46.555,1.58439,1.5849,1.50,1.14
2011.12.08 08:46:47.200,1.5844,1.5849,1.50,1.14
2011.12.08 08:46:47.429,1.58439,1.5849,1.50,1.14
2011.12.08 08:46:49.255,1.58434,1.5849,1.50,1.14
2011.12.08 08:46:49.788,1.58435,1.5849,1.50,1.14
2011.12.08 08:46:51.164,1.58434,1.5849,1.50,1.14
2011.12.08 08:46:52.150,1.58434,1.5849,1.50,1.14
2011.12.08 08:46:52.421,1.58434,1.5849,1.50,1.14
2011.12.08 08:46:54.575,1.58434,1.5849,1.50,1.14
2011.12.08 08:46:56.346,1.58435,1.5849,1.50,1.14
2011.12.08 08:46:56.899,1.58434,1.58485,1.50,1.14
2011.12.08 08:46:58.109,1.58435,1.58485,1.50,1.14
2011.12.08 08:46:58.866,1.58439,1.58485,1.50,1.14
2011.12.08 08:47:01.322,1.58444,1.58485,1.50,1.14
2011.12.08 08:47:01.445,1.58445,1.58498,1.13,2.19
2011.12.08 08:47:01.566,1.58446,1.58499,1.13,1.89
2011.12.08 08:47:02.052,1.5845,1.58499,1.88,1.14
2011.12.08 08:47:02.709,1.58451,1.58499,1.50,1.14
2011.12.08 08:47:03.433,1.5845,1.58499,1.88,1.14
2011.12.08 08:47:04.550,1.58451,1.58499,1.50,1.14
2011.12.08 08:47:06.287,1.58451,1.58495,1.50,1.14
2011.12.08 08:47:06.617,1.5845,1.58495,1.88,1.14
2011.12.08 08:47:07.332,1.5845,1.58495,1.88,1.14
2011.12.08 08:47:07.450,1.5845,1.58495,1.88,1.14
2011.12.08 08:47:08.149,1.58451,1.58495,1.50,1.14
2011.12.08 08:47:08.774,1.5845,1.58495,1.88,1.14
2011.12.08 08:47:09.328,1.58451,1.58495,1.50,1.14
2011.12.08 08:47:10.673,1.58451,1.58495,1.50,1.14
2011.12.08 08:47:11.512,1.5845,1.58495,1.88,1.14
2011.12.08 08:47:12.530,1.58451,1.58495,1.50,1.14
2011.12.08 08:47:13.964,1.58451,1.58495,1.50,1.14
2011.12.08 08:47:18.232,1.5845,1.58495,1.88,1.14
2011.12.08 08:47:18.602,1.5845,1.58495,1.88,1.14
2011.12.08 08:47:18.726,1.58456,1.58495,1.13,1.14
2011.12.08 08:47:18.843,1.58456,1.58495,1.13,1.14
2011.12.08 08:47:19.180,1.58455,1.58504,1.13,1.51
2011.12.08 08:47:19.300,1.58455,1.58508,1.13,1.14
2011.12.08 08:47:20.208,1.58455,1.58508,1.88,1.14
2011.12.08 08:47:21.126,1.58456,1.58508,1.50,1.14
2011.12.08 08:47:22.234,1.58455,1.58508,1.88,1.14
2011.12.08 08:47:22.350,1.58455,1.58508,1.88,1.89
2011.12.08 08:47:22.690,1.5846,1.58514,1.13,1.51
2011.12.08 08:47:23.476,1.58461,1.58514,1.50,1.14
2011.12.08 08:47:23.702,1.58461,1.58517,1.50,2.19
2011.12.08 08:47:23.930,1.58468,1.58524,1.50,1.89
2011.12.08 08:47:24.272,1.58476,1.58532,1.13,2.19
2011.12.08 08:47:24.608,1.5848,1.58534,1.13,1.51
2011.12.08 08:47:24.718,1.58476,1.58528,1.50,1.14
2011.12.08 08:47:25.248,1.58474,1.58528,1.50,1.14
2011.12.08 08:47:25.731,1.58474,1.58523,1.50,1.14
2011.12.08 08:47:26.219,1.58474,1.58528,1.50,1.14
2011.12.08 08:47:26.683,1.58474,1.58528,1.50,1.14
2011.12.08 08:47:27.399,1.58473,1.58527,1.88,1.14
2011.12.08 08:47:28.190,1.58474,1.58529,1.50,1.14
2011.12.08 08:47:28.529,1.58478,1.58533,1.88,1.14
2011.12.08 08:47:28.762,1.58478,1.58529,1.88,1.14
2011.12.08 08:47:29.211,1.58483,1.58529,1.13,1.14
2011.12.08 08:47:29.591,1.58483,1.58533,1.88,1.14
2011.12.08 08:47:29.710,1.58483,1.58529,1.13,1.14
2011.12.08 08:47:30.048,1.58478,1.58529,1.50,1.14
2011.12.08 08:47:30.168,1.58478,1.58533,1.50,1.14
2011.12.08 08:47:30.508,1.58481,1.58529,1.50,1.14
2011.12.08 08:47:30.731,1.58483,1.58533,1.88,1.14
2011.12.08 08:47:31.188,1.58483,1.58528,1.13,1.14
2011.12.08 08:47:32.088,1.58476,1.58528,1.50,1.14
2011.12.08 08:47:35.167,1.58476,1.58527,1.50,1.14
2011.12.08 08:47:35.283,1.58476,1.58528,1.50,1.14
2011.12.08 08:47:35.839,1.58477,1.58528,1.50,1.14
2011.12.08 08:47:35.960,1.58476,1.58526,1.50,1.14
2011.12.08 08:47:36.520,1.58473,1.58528,1.50,2.56
2011.12.08 08:47:37.054,1.58472,1.5852,1.87,2.18
2011.12.08 08:47:37.498,1.5847,1.58524,1.12,1.13
2011.12.08 08:47:38.084,1.58467,1.58519,1.50,2.18
2011.12.08 08:47:38.206,1.58472,1.58519,1.50,2.18
2011.12.08 08:47:38.321,1.58466,1.58519,1.87,2.18
2011.12.08 08:47:39.022,1.58466,1.58518,1.50,2.18
2011.12.08 08:47:39.139,1.58471,1.58518,1.50,1.43
2011.12.08 08:47:39.586,1.58467,1.58518,1.50,2.18
2011.12.08 08:47:39.702,1.58471,1.58518,1.50,1.43
2011.12.08 08:47:41.708,1.58471,1.58518,1.50,1.43
2011.12.08 08:47:42.388,1.58473,1.58518,1.50,1.43
2011.12.08 08:47:42.609,1.58471,1.58518,1.50,1.43
2011.12.08 08:47:43.061,1.58474,1.58518,1.50,1.43
2011.12.08 08:47:43.179,1.58474,1.58526,1.50,2.18
2011.12.08 08:47:46.529,1.58474,1.58526,1.50,1.43
2011.12.08 08:47:46.648,1.58474,1.58526,1.50,2.18
2011.12.08 08:47:48.581,1.58475,1.58525,1.50,1.43
2011.12.08 08:47:49.029,1.58475,1.58526,1.50,1.81
2011.12.08 08:47:49.478,1.58475,1.58526,1.50,1.43
2011.12.08 08:47:51.436,1.58474,1.58526,1.50,1.80
2011.12.08 08:47:51.664,1.58474,1.58521,1.50,1.43
2011.12.08 08:47:51.894,1.58475,1.58524,1.50,1.81
2011.12.08 08:47:52.120,1.58475,1.58526,1.50,1.43
2011.12.08 08:47:52.239,1.58474,1.58528,1.50,1.43
2011.12.08 08:47:52.536,1.58478,1.58534,1.13,1.14
2011.12.08 08:47:52.651,1.58479,1.58534,1.50,1.14
2011.12.08 08:47:52.771,1.58479,1.58528,1.50,1.43
2011.12.08 08:47:52.892,1.58479,1.58528,1.50,1.43
2011.12.08 08:47:53.371,1.58474,1.58524,1.50,2.19
2011.12.08 08:47:53.783,1.58474,1.58524,1.50,2.53
2011.12.08 08:47:54.121,1.58475,1.5852,1.50,2.19
2011.12.08 08:47:54.460,1.58482,1.58525,1.13,1.81
2011.12.08 08:47:54.580,1.58482,1.58532,1.13,1.10
2011.12.08 08:47:54.705,1.58482,1.58536,1.09,1.29
2011.12.08 08:47:54.932,1.58482,1.58534,1.09,1.81
2011.12.08 08:47:55.445,1.58482,1.58534,1.09,1.81
2011.12.08 08:47:56.119,1.58485,1.58536,1.50,2.19
2011.12.08 08:47:56.978,1.58485,1.58536,1.50,2.19
2011.12.08 08:47:57.907,1.58483,1.58536,1.50,2.34
2011.12.08 08:47:58.131,1.58483,1.58536,1.50,1.80
2011.12.08 08:47:58.983,1.58487,1.58532,1.50,1.43
2011.12.08 08:47:59.105,1.58486,1.58534,1.50,2.18
2011.12.08 08:47:59.660,1.58483,1.58537,1.50,1.51
2011.12.08 08:48:05.575,1.58493,1.58542,1.13,1.14
2011.12.08 08:48:05.909,1.58484,1.58536,1.50,1.14
2011.12.08 08:48:07.682,1.58484,1.58539,1.50,2.94
2011.12.08 08:48:07.913,1.58493,1.58543,1.50,1.14
2011.12.08 08:48:08.139,1.58486,1.58541,1.88,1.14
2011.12.08 08:48:08.258,1.58484,1.58536,1.50,1.14
2011.12.08 08:48:10.698,1.58481,1.58539,1.50,1.51
2011.12.08 08:48:10.819,1.58494,1.58539,1.88,1.14
2011.12.08 08:48:11.160,1.58493,1.58542,1.50,1.14
2011.12.08 08:48:11.391,1.58481,1.58537,1.50,1.51
2011.12.08 08:48:16.533,1.58482,1.58536,1.50,1.14
2011.12.08 08:48:16.759,1.58482,1.58539,1.50,1.51
2011.12.08 08:48:18.157,1.58482,1.58536,1.50,1.14
2011.12.08 08:48:19.699,1.58481,1.58537,1.50,1.51
2011.12.08 08:48:20.008,1.58481,1.58537,1.50,1.51
2011.12.08 08:48:21.357,1.58479,1.58537,2.25,1.51
2011.12.08 08:48:21.821,1.58479,1.58537,2.25,1.51
2011.12.08 08:48:22.201,1.58479,1.58537,2.25,1.51
2011.12.08 08:48:22.928,1.58477,1.58529,1.50,1.14
2011.12.08 08:48:23.042,1.58479,1.58529,1.50,1.14
2011.12.08 08:48:23.419,1.5848,1.58536,1.87,1.14
2011.12.08 08:48:28.469,1.5848,1.58539,1.87,1.51
2011.12.08 08:48:28.943,1.5848,1.58535,1.50,1.14
2011.12.08 08:48:37.217,1.58479,1.58534,1.50,2.94
2011.12.08 08:48:37.549,1.58479,1.58534,1.50,1.81
2011.12.08 08:48:37.674,1.58479,1.58534,1.50,1.43
2011.12.08 08:48:38.650,1.5848,1.58533,1.50,1.43
2011.12.08 08:48:39.469,1.58479,1.58538,1.50,1.51
2011.12.08 08:48:42.102,1.5848,1.58538,1.50,1.51
2011.12.08 08:48:42.901,1.58482,1.58535,1.13,1.14
2011.12.08 08:48:43.019,1.58483,1.58538,1.50,1.14
2011.12.08 08:48:44.620,1.58484,1.58538,1.50,1.14
2011.12.08 08:48:44.994,1.58484,1.58542,1.50,2.19
2011.12.08 08:48:45.861,1.58483,1.58542,1.50,2.19
2011.12.08 08:48:45.986,1.58483,1.58538,1.50,1.14
2011.12.08 08:48:46.940,1.58483,1.58542,1.50,2.19
2011.12.08 08:48:49.645,1.58483,1.58541,1.50,1.14
2011.12.08 08:48:50.404,1.58483,1.58541,1.50,1.14
2011.12.08 08:48:50.680,1.58484,1.58533,1.50,1.43
2011.12.08 08:48:50.799,1.58483,1.58541,1.50,1.14
2011.12.08 08:48:55.725,1.58483,1.58533,1.50,1.13
2011.12.08 08:48:56.287,1.58483,1.58533,1.50,1.51
2011.12.08 08:48:56.619,1.58482,1.58532,1.50,1.14
2011.12.08 08:48:57.409,1.58483,1.58533,1.50,1.51
2011.12.08 08:48:57.749,1.58482,1.58532,1.50,1.09
2011.12.08 08:48:58.348,1.58482,1.58532,1.50,1.48
2011.12.08 08:48:59.388,1.58477,1.58532,1.12,1.09
2011.12.08 08:48:59.770,1.58481,1.58532,1.50,1.09
2011.12.08 08:49:00.279,1.58472,1.58523,1.50,1.09
2011.12.08 08:49:01.106,1.58471,1.58526,1.50,2.18
2011.12.08 08:49:01.440,1.5847,1.58525,1.50,1.14
2011.12.08 08:49:02.030,1.58471,1.58526,1.50,1.43
2011.12.08 08:49:02.148,1.58471,1.58529,1.50,1.14
2011.12.08 08:49:02.368,1.58472,1.58528,1.50,1.89
2011.12.08 08:49:02.478,1.58471,1.58521,1.50,1.13
2011.12.08 08:49:08.014,1.58467,1.5852,1.50,1.14
2011.12.08 08:49:08.354,1.58471,1.58523,1.50,1.51
2011.12.08 08:49:08.469,1.58471,1.58519,1.50,1.14
2011.12.08 08:49:08.700,1.58469,1.58511,1.12,1.13
2011.12.08 08:49:08.929,1.58462,1.58511,1.50,2.55
2011.12.08 08:49:09.614,1.58457,1.58509,1.50,1.14
2011.12.08 08:49:10.002,1.58457,1.58509,1.50,1.14
2011.12.08 08:49:10.120,1.58456,1.5851,1.50,1.14
2011.12.08 08:49:10.528,1.58459,1.58511,1.50,1.81
2011.12.08 08:49:10.648,1.58461,1.58518,1.50,1.51
2011.12.08 08:49:12.720,1.58457,1.58509,2.93,1.14
2011.12.08 08:49:15.466,1.58457,1.58509,1.50,1.14
2011.12.08 08:49:16.458,1.58456,1.5851,1.50,1.51
2011.12.08 08:49:17.140,1.58456,1.5851,1.50,1.51
2011.12.08 08:49:17.652,1.58456,1.58509,1.50,1.14
2011.12.08 08:49:17.991,1.58452,1.58508,1.13,1.14
2011.12.08 08:49:18.328,1.58452,1.58509,1.88,1.14
2011.12.08 08:49:18.890,1.58453,1.58509,1.50,1.14
2011.12.08 08:49:19.027,1.58453,1.58506,1.50,1.13
2011.12.08 08:49:19.238,1.5845,1.585,1.50,1.13
2011.12.08 08:49:19.568,1.5845,1.58504,1.50,1.14
2011.12.08 08:49:20.662,1.58451,1.58504,1.50,1.14
2011.12.08 08:49:21.219,1.58451,1.58506,1.50,2.19
2011.12.08 08:49:21.896,1.5845,1.58506,1.50,2.19
2011.12.08 08:49:23.572,1.58451,1.58506,1.50,2.19
2011.12.08 08:49:24.217,1.5845,1.58506,1.50,2.19
2011.12.08 08:49:24.679,1.5845,1.58504,1.50,1.14
2011.12.08 08:49:24.860,1.5845,1.58506,1.50,2.19
2011.12.08 08:49:24.980,1.58453,1.58506,1.50,1.43
2011.12.08 08:49:25.099,1.58453,1.58508,1.50,1.14
2011.12.08 08:49:25.469,1.58453,1.58512,1.50,2.19
2011.12.08 08:49:26.332,1.58452,1.58512,1.50,2.19
2011.12.08 08:49:27.592,1.58453,1.58512,1.50,2.19
2011.12.08 08:49:28.458,1.58455,1.58512,1.50,2.19
2011.12.08 08:49:29.702,1.58455,1.58512,1.50,2.19
2011.12.08 08:49:29.926,1.58455,1.58512,1.50,2.19
2011.12.08 08:49:30.410,1.58455,1.58512,1.50,2.19
2011.12.08 08:49:32.460,1.58454,1.58512,1.50,2.19
2011.12.08 08:49:33.161,1.58454,1.58512,1.50,2.19
2011.12.08 08:49:36.552,1.58454,1.58508,1.50,1.13
2011.12.08 08:49:36.889,1.58454,1.58512,1.50,2.19
2011.12.08 08:49:37.120,1.58455,1.58509,1.50,1.14
2011.12.08 08:49:37.239,1.58454,1.58509,1.50,1.81
2011.12.08 08:49:37.468,1.58454,1.58508,1.50,1.51
2011.12.08 08:49:37.688,1.58454,1.5851,1.50,1.81
2011.12.08 08:49:37.909,1.58454,1.58509,1.50,1.51
2011.12.08 08:49:38.605,1.5845,1.58501,1.50,2.19
2011.12.08 08:49:38.939,1.58451,1.58506,1.50,2.19
2011.12.08 08:49:39.281,1.58452,1.58501,1.13,1.43
2011.12.08 08:49:39.399,1.58452,1.58509,1.50,2.94
2011.12.08 08:49:39.960,1.58453,1.58509,2.25,2.94
2011.12.08 08:49:40.693,1.58453,1.58509,1.88,2.94
2011.12.08 08:49:41.192,1.58453,1.58509,2.63,2.19
2011.12.08 08:49:41.372,1.58453,1.58508,2.63,1.14
2011.12.08 08:49:41.960,1.58453,1.58508,2.25,2.56
2011.12.08 08:49:44.790,1.58453,1.5851,2.25,2.19
2011.12.08 08:49:45.339,1.58453,1.58513,1.50,2.94
2011.12.08 08:49:45.679,1.5845,1.58509,1.87,1.85
2011.12.08 08:49:45.908,1.5845,1.58509,1.87,1.10
2011.12.08 08:49:49.258,1.58457,1.58513,1.09,1.51
2011.12.08 08:49:49.650,1.58458,1.58513,1.50,1.14
2011.12.08 08:49:50.450,1.58459,1.58516,1.13,2.15
2011.12.08 08:49:54.098,1.5846,1.58518,1.50,1.85
2011.12.08 08:49:54.537,1.58465,1.5852,1.50,1.10
2011.12.08 08:49:56.488,1.58468,1.58522,1.09,1.06
2011.12.08 08:49:56.598,1.58468,1.58519,1.09,1.51
2011.12.08 08:49:56.709,1.58468,1.58518,1.09,1.13
2011.12.08 08:49:57.400,1.58466,1.58514,1.09,1.14
2011.12.08 08:49:57.519,1.58464,1.58514,1.50,1.14
2011.12.08 08:50:03.671,1.58464,1.58517,1.50,2.19
2011.12.08 08:50:04.259,1.58463,1.58518,1.50,2.94
2011.12.08 08:50:04.983,1.58465,1.58514,1.50,1.14
2011.12.08 08:50:06.219,1.58464,1.58518,1.50,2.56
2011.12.08 08:50:06.343,1.58464,1.58518,1.50,2.18
2011.12.08 08:50:06.461,1.58464,1.58522,1.50,1.06
2011.12.08 08:50:06.799,1.58468,1.58523,1.88,1.51
2011.12.08 08:50:07.826,1.58468,1.58523,1.50,1.51
2011.12.08 08:50:08.272,1.58465,1.58526,1.50,1.14
2011.12.08 08:50:08.799,1.5847,1.58526,2.18,1.14
2011.12.08 08:50:09.174,1.58472,1.58532,1.13,2.56
2011.12.08 08:50:09.294,1.58472,1.58528,1.13,1.14
2011.12.08 08:50:09.415,1.58473,1.58528,1.50,1.51
2011.12.08 08:50:09.531,1.58473,1.58531,1.50,1.14
2011.12.08 08:50:09.871,1.58473,1.58528,1.88,1.14
2011.12.08 08:50:10.320,1.5848,1.58536,2.93,1.51
2011.12.08 08:50:10.440,1.5848,1.58536,2.93,1.51
2011.12.08 08:50:10.558,1.5848,1.58538,2.93,1.51
2011.12.08 08:50:11.328,1.58481,1.58539,1.50,1.51
2011.12.08 08:50:15.109,1.58481,1.58535,2.25,1.14
2011.12.08 08:50:15.229,1.58481,1.58529,1.88,1.51
2011.12.08 08:50:15.460,1.58482,1.58539,1.13,1.14
2011.12.08 08:50:16.002,1.58482,1.58539,1.13,1.14
2011.12.08 08:50:16.125,1.58484,1.58539,1.50,1.14
2011.12.08 08:50:16.619,1.58481,1.58539,2.18,1.51
2011.12.08 08:50:17.483,1.58481,1.58536,2.18,1.14
2011.12.08 08:50:19.542,1.58476,1.58521,1.50,1.13
2011.12.08 08:50:19.880,1.58474,1.58515,1.13,1.43
2011.12.08 08:50:20.219,1.58478,1.58534,1.13,1.51
2011.12.08 08:50:20.559,1.58479,1.58535,1.50,1.14
2011.12.08 08:50:29.630,1.58481,1.58538,1.13,1.51
2011.12.08 08:50:29.752,1.58481,1.58534,1.50,1.14
2011.12.08 08:50:32.980,1.58478,1.58534,1.50,2.94
2011.12.08 08:50:33.320,1.58478,1.58528,1.50,1.13
2011.12.08 08:50:33.992,1.58476,1.58524,1.50,1.14
2011.12.08 08:50:35.701,1.58476,1.58524,1.50,1.14
2011.12.08 08:50:36.042,1.58477,1.58529,1.50,1.14
2011.12.08 08:50:36.162,1.58477,1.58532,1.50,1.14
2011.12.08 08:50:36.281,1.58477,1.58534,1.50,2.94
2011.12.08 08:50:36.911,1.58475,1.58534,1.84,2.94
2011.12.08 08:50:37.291,1.58482,1.58537,1.50,1.10
2011.12.08 08:50:37.886,1.58483,1.58541,1.50,2.53
2011.12.08 08:50:38.439,1.58482,1.58541,1.50,2.53
2011.12.08 08:50:38.821,1.58482,1.58538,1.50,1.48
2011.12.08 08:50:39.435,1.58483,1.58538,1.50,1.48
2011.12.08 08:50:39.991,1.58482,1.58538,1.50,1.14
2011.12.08 08:50:40.359,1.58483,1.58543,1.50,1.51
2011.12.08 08:50:42.631,1.58482,1.58543,1.50,1.51
2011.12.08 08:50:45.057,1.58483,1.58543,1.50,1.51
2011.12.08 08:50:46.372,1.58482,1.58543,1.50,1.51
2011.12.08 08:50:48.978,1.58488,1.58546,2.18,1.48
2011.12.08 08:50:51.544,1.58488,1.58538,2.18,1.51
2011.12.08 08:50:51.661,1.58487,1.58546,2.18,1.48
2011.12.08 08:50:51.890,1.58487,1.58546,2.18,1.48
2011.12.08 08:50:54.401,1.58486,1.58546,2.18,1.48
2011.12.08 08:50:55.745,1.58494,1.58549,1.50,1.14
2011.12.08 08:50:56.307,1.58497,1.58553,1.13,1.29
2011.12.08 08:50:56.427,1.58498,1.58558,1.50,2.94
2011.12.08 08:50:56.545,1.58497,1.58552,1.13,1.81
2011.12.08 08:50:56.769,1.58502,1.58559,2.18,1.51
2011.12.08 08:50:57.163,1.58502,1.58559,2.18,1.51
2011.12.08 08:50:58.150,1.58502,1.58559,2.18,1.51
2011.12.08 08:50:58.268,1.58502,1.58556,2.18,1.14
2011.12.08 08:50:59.879,1.58499,1.58556,2.18,1.14
2011.12.08 08:51:00.050,1.58499,1.58556,2.18,1.14
2011.12.08 08:51:00.619,1.58499,1.58556,2.18,1.14
2011.12.08 08:51:00.854,1.5853,1.58572,2.18,1.29
2011.12.08 08:51:00.971,1.5853,1.58578,2.18,1.14
2011.12.08 08:51:01.199,1.58522,1.58574,2.18,1.48
2011.12.08 08:51:01.311,1.58518,1.58572,1.43,1.14
2011.12.08 08:51:01.435,1.58518,1.58571,2.18,1.14
2011.12.08 08:51:02.018,1.58514,1.58572,1.50,1.81
2011.12.08 08:51:02.463,1.58514,1.58571,1.50,2.56
2011.12.08 08:51:02.580,1.58514,1.58565,1.50,1.43
2011.12.08 08:51:03.138,1.58514,1.58565,1.50,1.77
2011.12.08 08:51:03.254,1.58514,1.58563,1.50,1.09
2011.12.08 08:51:03.871,1.58513,1.58558,1.50,1.43
2011.12.08 08:51:12.420,1.58505,1.58558,1.50,1.43
2011.12.08 08:51:12.651,1.58505,1.58563,1.50,2.00
2011.12.08 08:51:17.404,1.58506,1.58558,1.50,1.43
2011.12.08 08:51:17.522,1.58506,1.58558,1.50,2.18
2011.12.08 08:51:17.976,1.58505,1.58555,1.50,1.43
2011.12.08 08:51:18.298,1.58506,1.58564,1.50,3.28
2011.12.08 08:51:22.547,1.58506,1.58563,1.50,1.81
2011.12.08 08:51:23.330,1.58506,1.58563,1.50,1.14
2011.12.08 08:51:25.708,1.58505,1.58563,1.50,2.18
2011.12.08 08:51:26.699,1.58506,1.58563,1.50,2.18
2011.12.08 08:51:27.138,1.58507,1.58564,1.50,2.56
2011.12.08 08:51:28.627,1.58507,1.58564,1.50,2.56
2011.12.08 08:51:28.961,1.58509,1.58568,1.13,1.81
2011.12.08 08:51:29.519,1.58509,1.58566,1.50,1.81
2011.12.08 08:51:32.301,1.58508,1.58567,1.50,1.81
2011.12.08 08:51:32.421,1.58507,1.58564,1.50,1.14
2011.12.08 08:51:34.411,1.58506,1.58563,1.50,1.43
2011.12.08 08:51:34.638,1.58519,1.58571,2.18,1.10
2011.12.08 08:51:34.761,1.58519,1.58569,2.18,1.14
2011.12.08 08:51:34.880,1.58513,1.58569,2.18,1.14
2011.12.08 08:51:35.000,1.58513,1.58569,2.18,1.14
2011.12.08 08:51:35.451,1.58513,1.58564,1.43,1.14
2011.12.08 08:51:35.682,1.58508,1.58562,1.50,1.43
2011.12.08 08:51:36.020,1.5851,1.58571,2.18,2.15
2011.12.08 08:51:36.589,1.5851,1.58568,2.18,1.14
2011.12.08 08:51:37.933,1.58509,1.5857,1.13,2.15
2011.12.08 08:51:38.929,1.58512,1.5857,1.50,1.77
2011.12.08 08:51:39.813,1.58512,1.5857,1.50,2.52
2011.12.08 08:51:39.935,1.58512,1.58569,1.50,1.43
2011.12.08 08:51:42.747,1.58513,1.58569,1.50,2.18
2011.12.08 08:51:43.869,1.58513,1.5857,1.50,2.90
2011.12.08 08:51:44.211,1.58512,1.5856,1.50,1.43
2011.12.08 08:51:46.414,1.58513,1.5856,1.50,1.43
2011.12.08 08:51:46.640,1.58513,1.58564,1.50,1.09
2011.12.08 08:51:46.762,1.58515,1.58568,1.09,1.14
2011.12.08 08:51:46.883,1.58515,1.58571,1.09,1.14
2011.12.08 08:51:51.038,1.58522,1.58574,1.09,1.51
2011.12.08 08:51:51.577,1.58522,1.58571,1.09,1.14
2011.12.08 08:51:53.679,1.58515,1.58573,1.50,1.48
2011.12.08 08:51:54.567,1.58516,1.58577,1.50,2.53
2011.12.08 08:51:56.003,1.58516,1.58577,1.50,2.15
2011.12.08 08:51:56.339,1.58524,1.58577,1.50,1.77
2011.12.08 08:51:58.202,1.58525,1.58584,1.50,1.66
2011.12.08 08:51:58.632,1.58525,1.58581,1.50,1.14
2011.12.08 08:52:04.849,1.58526,1.58588,2.18,1.48
2011.12.08 08:52:05.179,1.58525,1.58584,1.50,1.14
2011.12.08 08:52:06.566,1.58526,1.58583,1.50,1.14
2011.12.08 08:52:06.683,1.58526,1.58583,1.50,1.14
2011.12.08 08:52:11.871,1.58526,1.58585,1.50,2.15
2011.12.08 08:52:12.210,1.58529,1.58589,2.18,1.85
2011.12.08 08:52:12.441,1.5853,1.58588,1.09,1.81
2011.12.08 08:52:13.001,1.58533,1.58593,2.18,1.48
2011.12.08 08:52:13.120,1.58533,1.58593,2.18,1.48
2011.12.08 08:52:13.242,1.58533,1.58588,2.18,1.14
2011.12.08 08:52:13.472,1.58532,1.58589,1.50,1.14
2011.12.08 08:52:14.029,1.58532,1.58589,2.18,1.14
2011.12.08 08:52:14.629,1.58532,1.58594,2.18,1.48
2011.12.08 08:52:15.190,1.58536,1.58588,2.18,1.14
2011.12.08 08:52:15.424,1.58537,1.58588,2.18,1.13
2011.12.08 08:52:15.980,1.58531,1.58588,2.18,1.13
2011.12.08 08:52:16.430,1.58531,1.58589,3.30,1.51
2011.12.08 08:52:16.775,1.58531,1.58588,3.30,1.14
2011.12.08 08:52:16.891,1.58531,1.58584,2.18,1.51
2011.12.08 08:52:17.607,1.58531,1.58584,1.50,1.51
2011.12.08 08:52:18.462,1.58531,1.58582,1.50,1.14
2011.12.08 08:52:19.019,1.58526,1.58583,1.50,1.51
2011.12.08 08:52:19.586,1.58525,1.58583,1.50,1.51
2011.12.08 08:52:20.499,1.58526,1.58582,1.12,1.14
2011.12.08 08:52:20.831,1.58518,1.58575,1.50,1.51
2011.12.08 08:52:22.213,1.58519,1.58574,1.50,1.14
2011.12.08 08:52:22.595,1.58518,1.58578,1.50,1.51
2011.12.08 08:52:22.717,1.58534,1.58586,2.03,1.13
2011.12.08 08:52:23.461,1.58534,1.58583,1.05,1.13
2011.12.08 08:52:23.581,1.58524,1.58583,1.47,2.94
2011.12.08 08:52:23.702,1.58524,1.58574,1.13,1.09
2011.12.08 08:52:25.749,1.58522,1.58577,1.50,1.14
2011.12.08 08:52:26.300,1.58522,1.58576,1.50,1.14
2011.12.08 08:52:30.094,1.58522,1.58577,1.50,1.14
2011.12.08 08:52:30.212,1.58524,1.58577,1.50,1.51
2011.12.08 08:52:31.140,1.58524,1.58573,1.50,1.13
2011.12.08 08:52:31.585,1.58517,1.58568,1.50,1.14
2011.12.08 08:52:32.340,1.58517,1.58568,1.50,1.13
2011.12.08 08:52:32.573,1.58508,1.58564,1.50,1.14
2011.12.08 08:52:33.387,1.58507,1.58564,1.12,1.14
2011.12.08 08:52:35.128,1.58508,1.58563,1.12,1.14
2011.12.08 08:52:35.680,1.58507,1.58564,1.12,1.14
2011.12.08 08:52:35.973,1.58508,1.58564,1.50,1.14
2011.12.08 08:52:36.540,1.58513,1.58568,1.50,1.14
2011.12.08 08:52:38.124,1.58513,1.58566,1.50,1.14
2011.12.08 08:52:38.463,1.58509,1.58561,1.50,1.14
2011.12.08 08:52:38.894,1.58509,1.58563,1.50,1.51
2011.12.08 08:52:39.409,1.58508,1.58562,1.50,1.51
2011.12.08 08:52:39.969,1.58508,1.58563,1.50,1.51
2011.12.08 08:52:40.760,1.58508,1.58562,1.50,1.51
2011.12.08 08:52:42.346,1.58509,1.58563,1.50,1.51
2011.12.08 08:52:44.166,1.58508,1.58563,1.50,1.51
2011.12.08 08:52:44.279,1.58508,1.58562,1.50,1.51
2011.12.08 08:52:45.873,1.58506,1.58561,1.50,1.14
2011.12.08 08:52:46.877,1.58509,1.58556,1.09,1.14
2011.12.08 08:52:46.993,1.58514,1.58564,1.13,1.14
2011.12.08 08:52:47.544,1.58515,1.58566,1.50,1.14
2011.12.08 08:52:49.059,1.58514,1.58566,1.13,1.14
2011.12.08 08:52:49.186,1.58515,1.58569,1.50,1.14
2011.12.08 08:52:49.763,1.5851,1.58566,1.84,1.14
2011.12.08 08:52:50.714,1.5851,1.58568,1.50,1.51
2011.12.08 08:52:50.828,1.5851,1.58566,1.50,1.14
2011.12.08 08:52:52.244,1.58515,1.58568,1.50,1.14
2011.12.08 08:52:52.802,1.58521,1.58569,1.50,1.14
2011.12.08 08:52:53.564,1.58521,1.58574,1.50,1.14
2011.12.08 08:52:54.130,1.5852,1.58574,1.50,1.14
2011.12.08 08:52:56.670,1.5852,1.58575,1.50,1.14
2011.12.08 08:53:00.066,1.5852,1.58575,1.50,1.14
2011.12.08 08:53:04.471,1.58517,1.58571,1.50,1.14
2011.12.08 08:53:04.812,1.58516,1.58568,1.50,1.14
2011.12.08 08:53:05.357,1.58516,1.58568,1.50,1.14
2011.12.08 08:53:05.480,1.58516,1.5857,1.50,1.51
2011.12.08 08:53:05.712,1.58517,1.58568,1.50,1.13
2011.12.08 08:53:06.051,1.58511,1.58564,1.50,1.14
2011.12.08 08:53:06.513,1.58511,1.58564,1.50,1.14
2011.12.08 08:53:07.114,1.58508,1.58564,1.12,1.14
2011.12.08 08:53:07.613,1.58511,1.58564,1.50,1.14
2011.12.08 08:53:08.078,1.5851,1.58565,1.13,1.14
2011.12.08 08:53:08.521,1.58511,1.58568,1.12,1.14
2011.12.08 08:53:08.641,1.5851,1.58567,1.12,1.14
2011.12.08 08:53:09.208,1.58511,1.58566,1.12,1.14
2011.12.08 08:53:09.563,1.58511,1.58566,1.87,1.14
2011.12.08 08:53:09.683,1.5851,1.58567,1.12,1.14
2011.12.08 08:53:09.913,1.58511,1.58566,1.87,1.14
2011.12.08 08:53:11.860,1.5851,1.58567,1.50,1.51
2011.12.08 08:53:12.701,1.5851,1.58567,1.50,1.51
2011.12.08 08:53:14.769,1.5851,1.58567,1.50,1.51
2011.12.08 08:53:19.471,1.58506,1.58557,1.50,1.13
2011.12.08 08:53:20.720,1.58502,1.58557,1.50,1.51
2011.12.08 08:53:21.459,1.58507,1.58556,1.50,1.14
2011.12.08 08:53:22.081,1.5851,1.58564,1.50,2.18
2011.12.08 08:53:22.199,1.58508,1.58558,1.12,1.13
2011.12.08 08:53:22.310,1.58506,1.58557,1.50,1.14
2011.12.08 08:53:22.765,1.5851,1.58566,1.50,1.14
2011.12.08 08:53:23.101,1.58508,1.5856,1.12,1.13
2011.12.08 08:53:23.329,1.58503,1.58559,1.12,1.51
2011.12.08 08:53:23.670,1.58501,1.58559,1.50,1.51
2011.12.08 08:53:24.444,1.58501,1.58559,1.50,1.51
2011.12.08 08:53:24.782,1.58502,1.58556,1.50,1.14
2011.12.08 08:53:25.338,1.58502,1.58551,1.50,1.14
2011.12.08 08:53:25.690,1.58507,1.58552,1.50,1.81
2011.12.08 08:53:26.263,1.58506,1.58559,1.50,2.56
2011.12.08 08:53:26.490,1.58502,1.58551,1.12,2.18
2011.12.08 08:53:26.837,1.58502,1.58551,1.12,2.18
2011.12.08 08:53:26.952,1.58501,1.58551,1.50,2.56
2011.12.08 08:53:27.491,1.58501,1.5855,1.50,1.14
2011.12.08 08:53:28.060,1.58494,1.58549,1.12,1.13
2011.12.08 08:53:28.180,1.58491,1.58549,1.50,1.51
2011.12.08 08:53:30.641,1.58491,1.58549,1.50,1.51
2011.12.08 08:53:33.350,1.58491,1.58549,1.50,1.51
2011.12.08 08:53:33.895,1.58491,1.58549,1.50,1.51
2011.12.08 08:53:35.080,1.58501,1.58551,1.50,1.14
2011.12.08 08:53:35.736,1.58501,1.5855,1.50,1.14
2011.12.08 08:53:36.251,1.58501,1.58551,1.50,1.14
2011.12.08 08:53:36.484,1.58501,1.58549,1.50,1.50
2011.12.08 08:53:37.043,1.58496,1.58544,1.50,1.14
2011.12.08 08:53:37.380,1.58496,1.58547,1.50,1.81
2011.12.08 08:53:37.609,1.58496,1.58551,1.50,1.14
2011.12.08 08:53:38.359,1.58496,1.5855,1.50,1.14
2011.12.08 08:53:39.530,1.58496,1.58551,1.50,1.14
2011.12.08 08:53:39.760,1.58493,1.58544,1.12,1.13
2011.12.08 08:53:39.989,1.58487,1.58543,1.50,1.14
2011.12.08 08:53:40.574,1.58487,1.58543,1.50,1.14
2011.12.08 08:53:40.800,1.58486,1.58542,1.12,1.14
2011.12.08 08:53:40.919,1.58486,1.58544,1.87,1.51
2011.12.08 08:53:43.223,1.58486,1.58544,1.50,1.51
2011.12.08 08:53:43.743,1.58485,1.58543,1.12,1.14
2011.12.08 08:53:44.192,1.58487,1.58539,1.50,1.13
2011.12.08 08:53:44.933,1.58487,1.58537,1.50,1.14
2011.12.08 08:53:45.549,1.58487,1.58538,1.50,1.14
2011.12.08 08:53:45.988,1.58489,1.58539,1.50,1.13
2011.12.08 08:53:46.431,1.58489,1.58539,1.50,1.43
2011.12.08 08:53:46.549,1.58489,1.58544,1.50,1.14
2011.12.08 08:53:47.399,1.58488,1.58544,1.50,1.14
2011.12.08 08:53:47.974,1.58489,1.58544,1.50,1.14
2011.12.08 08:53:48.900,1.58488,1.58544,1.50,1.14
2011.12.08 08:53:49.023,1.58488,1.58547,1.50,2.19
2011.12.08 08:53:49.251,1.58488,1.58543,1.50,1.14
2011.12.08 08:53:51.298,1.58489,1.58543,1.50,1.14
2011.12.08 08:53:51.628,1.58488,1.58547,1.50,2.19
2011.12.08 08:53:51.739,1.58488,1.58543,1.50,1.14
2011.12.08 08:53:52.515,1.58489,1.58543,1.50,1.14
2011.12.08 08:53:53.110,1.58489,1.58547,1.50,2.19
2011.12.08 08:53:54.369,1.58488,1.58547,1.50,2.19
2011.12.08 08:53:55.569,1.58489,1.58547,1.50,2.19
2011.12.08 08:53:56.135,1.58488,1.58547,1.50,2.19
2011.12.08 08:53:56.483,1.58488,1.58547,1.50,2.19
2011.12.08 08:53:57.143,1.58489,1.58547,1.50,2.19
2011.12.08 08:53:57.706,1.58496,1.58544,1.50,1.14
2011.12.08 08:53:59.153,1.58492,1.58548,1.50,2.56
2011.12.08 08:53:59.712,1.58496,1.58548,1.50,1.51
2011.12.08 08:53:59.940,1.58488,1.58544,1.50,1.14
2011.12.08 08:54:00.852,1.58489,1.58544,1.50,1.14
2011.12.08 08:54:00.972,1.58489,1.58547,1.50,2.19
2011.12.08 08:54:01.093,1.58489,1.58544,1.50,1.14
2011.12.08 08:54:01.216,1.58489,1.58547,1.50,2.19
2011.12.08 08:54:02.110,1.58491,1.58548,1.50,1.81
2011.12.08 08:54:03.431,1.58492,1.58548,1.50,1.81
2011.12.08 08:54:03.660,1.58492,1.58544,1.50,1.14
2011.12.08 08:54:03.892,1.58491,1.58548,1.50,2.56
2011.12.08 08:54:04.164,1.58491,1.58544,1.50,1.14
2011.12.08 08:54:05.814,1.58491,1.58544,1.50,1.14
2011.12.08 08:54:05.934,1.58492,1.58544,1.50,1.51
2011.12.08 08:54:06.268,1.58486,1.58539,1.50,2.18
2011.12.08 08:54:06.710,1.58484,1.58539,1.50,2.18
2011.12.08 08:54:06.940,1.58485,1.58539,1.50,2.18
2011.12.08 08:54:07.640,1.58485,1.58539,1.50,2.18
2011.12.08 08:54:08.032,1.58485,1.58539,1.50,2.18
2011.12.08 08:54:10.711,1.58484,1.58539,1.50,2.18
2011.12.08 08:54:11.540,1.58485,1.58534,1.50,1.13
2011.12.08 08:54:12.211,1.58482,1.58532,1.84,2.18
2011.12.08 08:54:12.769,1.58482,1.58532,1.84,2.56
2011.12.08 08:54:15.649,1.58482,1.58532,1.50,1.81
2011.12.08 08:54:16.530,1.58482,1.58532,1.50,1.43
2011.12.08 08:54:17.210,1.58481,1.58532,1.50,2.18
2011.12.08 08:54:18.323,1.58481,1.58532,1.50,2.56
2011.12.08 08:54:21.744,1.58481,1.58532,1.50,1.81
2011.12.08 08:54:26.571,1.58482,1.58532,1.50,2.56
2011.12.08 08:54:26.688,1.58482,1.58532,1.50,2.56
2011.12.08 08:54:30.217,1.58482,1.58533,1.50,1.14
2011.12.08 08:54:31.274,1.58481,1.58538,1.50,1.14
2011.12.08 08:54:33.302,1.58481,1.58534,1.50,1.13
2011.12.08 08:54:33.641,1.58481,1.58532,1.50,1.43
2011.12.08 08:54:33.983,1.58481,1.58539,1.50,1.51
2011.12.08 08:54:34.369,1.58481,1.58532,1.50,1.43
2011.12.08 08:54:34.700,1.58482,1.58538,1.88,1.14
2011.12.08 08:54:34.931,1.58483,1.58539,1.50,2.18
2011.12.08 08:54:37.449,1.58485,1.58539,1.50,2.18
2011.12.08 08:54:38.580,1.58488,1.5854,1.88,1.09
2011.12.08 08:54:38.920,1.58502,1.58553,1.13,1.48
2011.12.08 08:54:39.044,1.58504,1.58553,1.13,1.09
2011.12.08 08:54:39.164,1.58501,1.5855,1.50,1.09
2011.12.08 08:54:42.653,1.58501,1.58549,1.50,1.13
2011.12.08 08:54:42.770,1.58497,1.58548,1.50,2.55
2011.12.08 08:54:43.837,1.58497,1.58548,1.50,2.94
2011.12.08 08:54:44.257,1.58492,1.58548,1.50,2.94
2011.12.08 08:54:46.720,1.58497,1.58548,1.50,2.94
2011.12.08 08:54:46.941,1.58492,1.58548,1.50,2.94
2011.12.08 08:54:47.281,1.58492,1.58542,1.50,2.56
2011.12.08 08:54:47.399,1.58495,1.58542,1.50,1.81
2011.12.08 08:54:47.849,1.58499,1.58553,1.13,1.14
2011.12.08 08:54:48.314,1.585,1.58553,1.50,1.14
2011.12.08 08:54:48.444,1.58501,1.58553,1.50,1.14
2011.12.08 08:54:48.561,1.58501,1.58545,1.50,1.43
2011.12.08 08:54:48.682,1.58495,1.58548,1.50,2.19
2011.12.08 08:54:49.970,1.58496,1.5855,1.50,2.18
2011.12.08 08:54:52.460,1.58495,1.58549,1.50,1.51
2011.12.08 08:54:53.128,1.58495,1.58549,1.50,2.18
2011.12.08 08:54:53.796,1.58501,1.58554,1.50,1.14
2011.12.08 08:54:54.133,1.58496,1.58545,1.50,2.18
2011.12.08 08:54:54.254,1.58494,1.58544,1.50,1.13
2011.12.08 08:54:54.813,1.58495,1.58544,1.50,1.51
2011.12.08 08:54:55.150,1.58481,1.58539,1.50,1.51
2011.12.08 08:54:55.669,1.58481,1.58539,1.50,1.51
2011.12.08 08:54:56.391,1.58481,1.58539,1.50,1.51
2011.12.08 08:54:58.322,1.58483,1.58543,1.50,2.56
2011.12.08 08:54:59.121,1.58486,1.58543,1.50,1.81
2011.12.08 08:54:59.350,1.58495,1.58547,1.50,1.14
2011.12.08 08:54:59.471,1.58494,1.58547,1.50,1.50
2011.12.08 08:54:59.590,1.58491,1.58548,1.50,1.14
2011.12.08 08:54:59.930,1.58486,1.58544,1.50,1.51
2011.12.08 08:55:00.301,1.58483,1.58539,1.12,1.14
2011.12.08 08:55:00.639,1.58481,1.58538,1.50,1.14
2011.12.08 08:55:04.091,1.58489,1.58543,1.50,2.56
2011.12.08 08:55:04.303,1.58476,1.58536,1.50,2.56
2011.12.08 08:55:04.534,1.58476,1.58529,1.50,1.14
2011.12.08 08:55:04.652,1.58477,1.58533,1.50,1.51
2011.12.08 08:55:05.303,1.58476,1.58533,1.50,1.51
2011.12.08 08:55:05.530,1.58477,1.58529,1.50,1.14
2011.12.08 08:55:06.260,1.58476,1.58529,1.50,1.14
2011.12.08 08:55:07.802,1.58477,1.58528,1.50,1.14
2011.12.08 08:55:09.622,1.58477,1.58528,1.50,1.48
2011.12.08 08:55:09.851,1.5847,1.58519,1.13,1.14
2011.12.08 08:55:10.410,1.58471,1.58524,1.50,1.48
2011.12.08 08:55:10.529,1.58471,1.58524,1.50,1.85
2011.12.08 08:55:10.749,1.58465,1.58524,1.50,1.85
2011.12.08 08:55:11.952,1.58466,1.58519,1.50,1.14
2011.12.08 08:55:12.902,1.58465,1.58519,1.50,1.14
2011.12.08 08:55:13.130,1.58466,1.58519,1.50,1.51
2011.12.08 08:55:13.899,1.58466,1.58519,1.50,1.89
2011.12.08 08:55:14.244,1.58466,1.58514,1.50,1.51
2011.12.08 08:55:14.926,1.58465,1.58518,1.50,1.51
2011.12.08 08:55:15.258,1.58465,1.58519,1.50,1.51
2011.12.08 08:55:15.480,1.58465,1.58518,1.50,1.14
2011.12.08 08:55:15.708,1.58465,1.5852,1.50,1.14
2011.12.08 08:55:16.722,1.58465,1.58521,1.50,1.10
2011.12.08 08:55:17.059,1.58471,1.58524,1.50,1.14
2011.12.08 08:55:18.695,1.58471,1.58528,1.50,1.10
2011.12.08 08:55:20.288,1.5847,1.58528,1.88,1.10
2011.12.08 08:55:20.733,1.5847,1.58524,1.88,1.14
2011.12.08 08:55:22.750,1.5847,1.58524,1.50,1.51
2011.12.08 08:55:23.092,1.58467,1.58525,1.50,1.10
2011.12.08 08:55:23.319,1.5847,1.58528,1.88,1.85
2011.12.08 08:55:23.430,1.58471,1.58524,1.50,1.14
2011.12.08 08:55:23.550,1.58471,1.58525,1.50,1.10
2011.12.08 08:55:24.201,1.58467,1.58525,1.50,1.10
2011.12.08 08:55:25.151,1.58467,1.58523,1.50,1.51
2011.12.08 08:55:25.719,1.58471,1.58525,1.13,1.48
2011.12.08 08:55:27.637,1.58472,1.58528,1.50,1.48
2011.12.08 08:55:27.974,1.58467,1.58524,1.87,1.14
2011.12.08 08:55:28.091,1.58467,1.58516,1.50,1.13
2011.12.08 08:55:29.150,1.58466,1.58521,1.50,1.09
2011.12.08 08:55:29.270,1.58466,1.58522,1.50,1.10
2011.12.08 08:55:29.776,1.58466,1.58524,1.50,1.51
2011.12.08 08:55:29.890,1.58466,1.58522,1.50,1.51
2011.12.08 08:55:31.355,1.58472,1.58525,1.13,1.81
2011.12.08 08:55:31.799,1.58472,1.58529,1.88,1.14
2011.12.08 08:55:32.474,1.58472,1.58523,1.50,1.13
2011.12.08 08:55:32.591,1.58468,1.58524,1.50,1.89
2011.12.08 08:55:32.712,1.58466,1.58519,1.87,1.13
2011.12.08 08:55:33.252,1.58462,1.58519,1.50,1.51
2011.12.08 08:55:34.348,1.58462,1.58524,1.50,1.89
2011.12.08 08:55:34.794,1.58461,1.58518,1.50,2.23
2011.12.08 08:55:35.351,1.58461,1.58518,1.50,1.10
2011.12.08 08:55:35.470,1.58461,1.58518,1.50,1.51
2011.12.08 08:55:35.701,1.58463,1.58519,1.50,1.14
2011.12.08 08:55:36.775,1.58467,1.58525,1.13,2.19
2011.12.08 08:55:36.897,1.58476,1.58533,1.50,1.14
2011.12.08 08:55:37.450,1.58471,1.58523,1.50,1.14
2011.12.08 08:55:41.394,1.58466,1.58523,1.50,1.14
2011.12.08 08:55:41.966,1.5847,1.58523,1.88,1.14
2011.12.08 08:55:42.598,1.58471,1.58523,1.50,1.14
2011.12.08 08:55:42.946,1.5847,1.58524,1.50,1.14
2011.12.08 08:55:43.171,1.58475,1.5853,1.50,1.14
2011.12.08 08:55:43.838,1.58476,1.58533,1.50,1.14
2011.12.08 08:55:44.701,1.58475,1.58523,1.13,1.14
2011.12.08 08:55:45.793,1.58467,1.58523,1.84,1.14
2011.12.08 08:55:45.930,1.58468,1.58525,1.50,1.14
2011.12.08 08:55:46.382,1.58468,1.58523,1.50,1.50
2011.12.08 08:55:46.501,1.58469,1.58514,1.50,1.14
2011.12.08 08:55:46.729,1.58467,1.58514,1.50,1.14
2011.12.08 08:55:49.344,1.58467,1.58515,1.50,1.51
2011.12.08 08:55:49.651,1.58468,1.58518,1.50,1.51
2011.12.08 08:55:49.900,1.58466,1.58515,1.50,1.51
2011.12.08 08:55:50.239,1.58466,1.58523,1.50,1.14
2011.12.08 08:55:50.459,1.58468,1.58524,1.50,1.51
2011.12.08 08:55:50.690,1.58467,1.58523,1.50,1.14
2011.12.08 08:55:51.464,1.58467,1.58514,1.50,1.14
2011.12.08 08:55:52.140,1.58468,1.58523,1.50,1.14
2011.12.08 08:55:52.369,1.58469,1.58524,1.50,1.51
2011.12.08 08:55:54.532,1.5847,1.58524,1.13,1.14
2011.12.08 08:55:54.649,1.58471,1.58526,1.50,1.48
2011.12.08 08:55:55.899,1.58474,1.58529,1.13,1.85
2011.12.08 08:55:56.562,1.58476,1.58529,1.50,1.85
2011.12.08 08:55:59.742,1.58477,1.58529,1.09,1.14
2011.12.08 08:56:00.081,1.58484,1.58534,1.09,1.14
2011.12.08 08:56:00.201,1.58487,1.58542,1.13,1.89
2011.12.08 08:56:00.432,1.58486,1.58537,2.18,1.14
2011.12.08 08:56:01.079,1.58489,1.58539,1.50,1.14
2011.12.08 08:56:01.520,1.5849,1.58544,1.50,1.14
2011.12.08 08:56:01.970,1.58491,1.58539,1.50,1.14
2011.12.08 08:56:02.639,1.5849,1.58539,1.50,1.14
2011.12.08 08:56:02.971,1.5849,1.58543,1.50,1.14
2011.12.08 08:56:05.660,1.58491,1.58543,1.50,1.51
2011.12.08 08:56:05.778,1.58491,1.58538,1.50,1.14
2011.12.08 08:56:06.510,1.58484,1.5854,1.09,1.14
2011.12.08 08:56:18.021,1.5849,1.58544,1.50,1.51
2011.12.08 08:56:19.039,1.58491,1.58544,1.50,1.14
2011.12.08 08:56:19.588,1.5849,1.58544,1.88,1.14
2011.12.08 08:56:20.139,1.58491,1.58544,1.50,1.14
2011.12.08 08:56:20.799,1.5849,1.58544,1.88,1.14
2011.12.08 08:56:21.350,1.58491,1.58544,1.50,1.14
2011.12.08 08:56:22.045,1.5849,1.58544,1.88,1.14
2011.12.08 08:56:23.762,1.58491,1.58544,1.50,1.14
2011.12.08 08:56:25.253,1.5849,1.58544,1.88,1.14
2011.12.08 08:56:25.872,1.5849,1.5854,1.50,1.48
2011.12.08 08:56:25.984,1.58484,1.58536,1.50,1.80
2011.12.08 08:56:26.318,1.58482,1.58536,1.50,2.56
2011.12.08 08:56:26.711,1.58482,1.58536,1.13,1.81
2011.12.08 08:56:26.831,1.58484,1.58536,1.50,1.81
2011.12.08 08:56:27.409,1.58483,1.58539,1.50,1.14
2011.12.08 08:56:31.275,1.58483,1.58535,1.50,1.14
2011.12.08 08:56:31.392,1.58482,1.58537,1.13,1.81
2011.12.08 08:56:31.901,1.58484,1.58539,1.50,1.51
2011.12.08 08:56:32.019,1.58481,1.58539,1.87,1.51
2011.12.08 08:56:32.139,1.58481,1.58539,1.50,1.51
2011.12.08 08:56:32.652,1.58481,1.58534,1.50,1.14
2011.12.08 08:56:32.992,1.58481,1.58534,1.13,1.89
2011.12.08 08:56:33.330,1.5848,1.58534,1.50,1.51
2011.12.08 08:56:33.562,1.58477,1.58534,1.87,1.51
2011.12.08 08:56:35.788,1.58483,1.58539,1.13,1.14
2011.12.08 08:56:35.906,1.58484,1.58539,1.50,1.14
2011.12.08 08:56:36.569,1.58484,1.58539,1.50,1.14
2011.12.08 08:56:37.079,1.58483,1.58539,1.50,1.14
2011.12.08 08:56:38.189,1.58485,1.58542,1.50,2.53
2011.12.08 08:56:38.749,1.58492,1.58544,1.09,3.35
2011.12.08 08:56:39.103,1.58503,1.58549,1.09,1.81
2011.12.08 08:56:39.660,1.58503,1.58549,1.09,1.51
2011.12.08 08:56:41.730,1.58503,1.58552,1.09,2.15
2011.12.08 08:56:41.851,1.58503,1.58555,1.09,2.23
2011.12.08 08:56:42.189,1.58509,1.58559,1.09,1.48
2011.12.08 08:56:42.759,1.58509,1.58558,1.09,1.47
2011.12.08 08:56:44.921,1.58509,1.58556,1.09,1.43
2011.12.08 08:56:45.042,1.58509,1.5856,1.09,1.10
2011.12.08 08:56:45.159,1.58509,1.58559,1.09,1.48
2011.12.08 08:56:46.689,1.58507,1.58559,1.50,1.09
2011.12.08 08:56:48.252,1.58513,1.58564,1.09,1.14
2011.12.08 08:56:49.751,1.58513,1.58565,1.09,1.14
2011.12.08 08:56:51.392,1.58513,1.58569,1.84,1.85
2011.12.08 08:56:51.951,1.58517,1.58569,1.50,1.85
2011.12.08 08:56:52.882,1.58522,1.58573,1.50,2.15
2011.12.08 08:56:53.111,1.58517,1.58569,1.50,1.48
2011.12.08 08:56:54.939,1.58518,1.58569,1.50,1.48
2011.12.08 08:56:55.480,1.58517,1.58569,1.50,1.48
2011.12.08 08:56:56.650,1.58521,1.58569,1.13,1.48
2011.12.08 08:56:57.214,1.58522,1.5857,1.50,1.14
2011.12.08 08:56:58.442,1.58517,1.5857,1.09,1.89
2011.12.08 08:56:58.566,1.58516,1.58565,1.50,1.09
2011.12.08 08:56:58.791,1.58512,1.58559,2.21,1.13
2011.12.08 08:56:59.133,1.58502,1.5855,1.50,2.14
2011.12.08 08:56:59.582,1.58499,1.58549,1.50,1.51
2011.12.08 08:56:59.701,1.58499,1.58548,1.50,1.14
2011.12.08 08:57:00.149,1.58499,1.58541,1.50,1.43
2011.12.08 08:57:00.265,1.585,1.58541,1.50,1.43
2011.12.08 08:57:00.381,1.585,1.58541,1.50,1.43
2011.12.08 08:57:02.695,1.58488,1.58541,1.50,1.43
2011.12.08 08:57:02.714,1.58488,1.58541,1.50,1.43
2011.12.08 08:57:02.828,1.58488,1.58541,1.50,1.43
2011.12.08 08:57:03.050,1.58488,1.58541,1.50,1.43
2011.12.08 08:57:03.932,1.58488,1.58541,1.50,1.43
2011.12.08 08:57:05.279,1.58489,1.58541,1.50,1.81
2011.12.08 08:57:05.830,1.58501,1.58549,1.50,1.14
2011.12.08 08:57:06.313,1.58495,1.58548,1.09,1.14
2011.12.08 08:57:06.591,1.58495,1.58549,1.09,1.81
2011.12.08 08:57:06.936,1.58497,1.58549,1.50,1.43
2011.12.08 08:57:07.052,1.58496,1.58549,1.50,1.43
2011.12.08 08:57:08.002,1.58496,1.58549,1.50,1.43
2011.12.08 08:57:10.810,1.58496,1.58549,1.50,1.43
2011.12.08 08:57:11.040,1.58498,1.58554,1.13,1.81
2011.12.08 08:57:11.160,1.58498,1.58554,1.88,1.43
2011.12.08 08:57:11.280,1.58498,1.58554,1.88,2.18
2011.12.08 08:57:11.399,1.58498,1.58549,1.50,1.43
2011.12.08 08:57:12.130,1.58497,1.58549,1.50,1.43
2011.12.08 08:57:12.730,1.58501,1.58549,1.88,1.43
2011.12.08 08:57:12.848,1.58501,1.58555,1.88,1.14
2011.12.08 08:57:13.979,1.58505,1.58556,1.13,1.81
2011.12.08 08:57:14.528,1.58506,1.58559,1.50,1.14
2011.12.08 08:57:16.132,1.58505,1.58555,1.13,1.14
2011.12.08 08:57:16.359,1.585,1.58554,1.09,2.56
2011.12.08 08:57:16.923,1.585,1.58554,1.09,2.18
2011.12.08 08:57:17.263,1.58505,1.58553,1.13,1.14
2011.12.08 08:57:19.751,1.58506,1.58559,1.50,1.14
2011.12.08 08:57:20.192,1.58506,1.58553,1.50,1.14
2011.12.08 08:57:20.314,1.58506,1.58558,1.50,1.14
2011.12.08 08:57:20.781,1.58506,1.58554,1.50,1.14
2011.12.08 08:57:20.903,1.585,1.58552,1.09,1.14
2011.12.08 08:57:21.491,1.58502,1.58551,1.50,1.09
2011.12.08 08:57:21.605,1.58503,1.58551,1.50,1.09
2011.12.08 08:57:21.953,1.58496,1.58552,1.87,2.15
2011.12.08 08:57:23.771,1.58495,1.58551,1.84,1.09
2011.12.08 08:57:24.311,1.58495,1.58547,1.84,1.81
2011.12.08 08:57:24.540,1.58495,1.58551,1.09,2.52
2011.12.08 08:57:26.749,1.58498,1.58554,1.50,1.48
2011.12.08 08:57:26.969,1.58498,1.58551,1.50,1.09
2011.12.08 08:57:27.200,1.58496,1.58552,1.50,2.15
2011.12.08 08:57:37.655,1.58497,1.58551,1.50,1.48
2011.12.08 08:57:45.631,1.58496,1.58552,1.50,2.15
2011.12.08 08:57:45.970,1.58502,1.58557,1.88,2.60
2011.12.08 08:57:46.531,1.58497,1.58552,1.50,2.15
2011.12.08 08:57:47.037,1.58496,1.58551,1.50,1.09
2011.12.08 08:57:51.246,1.58497,1.58551,1.50,1.48
2011.12.08 08:57:51.913,1.58497,1.58552,1.50,2.15
2011.12.08 08:57:52.362,1.58502,1.58554,1.50,1.81
2011.12.08 08:57:52.591,1.58503,1.58549,1.50,1.43
2011.12.08 08:58:00.214,1.58496,1.58549,1.50,1.81
2011.12.08 08:58:00.701,1.58496,1.58549,1.50,2.19
2011.12.08 08:58:01.347,1.58496,1.58547,1.50,1.43
2011.12.08 08:58:01.462,1.58496,1.58547,1.50,1.43
2011.12.08 08:58:01.979,1.58496,1.58547,1.50,1.43
2011.12.08 08:58:02.202,1.58501,1.58555,1.50,1.14
2011.12.08 08:58:02.561,1.58501,1.58556,1.50,1.81
2011.12.08 08:58:03.124,1.58508,1.58559,1.50,1.14
2011.12.08 08:58:03.977,1.58507,1.58563,1.13,1.81
2011.12.08 08:58:04.568,1.58508,1.58563,1.50,2.19
2011.12.08 08:58:05.710,1.58508,1.58563,1.50,2.19
2011.12.08 08:58:06.269,1.58509,1.58565,1.50,2.53
2011.12.08 08:58:06.379,1.58508,1.58564,1.50,1.51
2011.12.08 08:58:06.721,1.58508,1.58564,1.50,1.14
2011.12.08 08:58:07.353,1.58509,1.58564,1.50,1.14
2011.12.08 08:58:12.543,1.58508,1.58564,1.50,1.14
2011.12.08 08:58:12.999,1.58508,1.58561,1.50,1.14
2011.12.08 08:58:13.744,1.58508,1.58563,1.50,1.14
2011.12.08 08:58:14.951,1.58508,1.58561,1.50,1.14
2011.12.08 08:58:15.251,1.58504,1.58557,1.09,1.14
2011.12.08 08:58:17.803,1.58503,1.58554,1.12,1.14
2011.12.08 08:58:18.143,1.58503,1.58549,1.12,2.18
2011.12.08 08:58:18.726,1.58502,1.58549,1.50,1.14
2011.12.08 08:58:19.344,1.58502,1.58548,1.50,1.13
2011.12.08 08:58:19.570,1.58497,1.58547,1.87,1.13
2011.12.08 08:58:20.693,1.58502,1.58547,1.50,1.51
2011.12.08 08:58:20.813,1.58496,1.58544,1.50,2.18
2011.12.08 08:58:21.357,1.58496,1.58546,1.50,1.14
2011.12.08 08:58:22.383,1.58496,1.58547,1.50,1.51
2011.12.08 08:58:23.703,1.58501,1.58547,1.50,1.51
2011.12.08 08:58:24.397,1.58502,1.58551,1.50,2.18
2011.12.08 08:58:25.346,1.58502,1.58551,1.50,2.56
2011.12.08 08:58:26.726,1.58503,1.58551,1.50,1.81
2011.12.08 08:58:26.846,1.58504,1.58556,1.09,1.13
2011.12.08 08:58:27.399,1.58509,1.58554,1.13,1.14
2011.12.08 08:58:27.630,1.58509,1.58552,1.13,1.14
2011.12.08 08:58:27.750,1.58511,1.58554,1.50,1.14
2011.12.08 08:58:28.208,1.58506,1.58552,1.50,1.14
2011.12.08 08:58:28.322,1.58506,1.58552,1.50,1.14
2011.12.08 08:58:29.013,1.58506,1.58552,1.09,1.14
2011.12.08 08:58:29.123,1.58511,1.58559,1.09,1.13
2011.12.08 08:58:30.020,1.58513,1.58563,1.13,1.14
2011.12.08 08:58:32.511,1.58514,1.58563,1.50,1.14
2011.12.08 08:58:33.709,1.58513,1.58563,1.13,1.14
2011.12.08 08:58:33.826,1.58505,1.58563,1.87,1.14
2011.12.08 08:58:34.053,1.58505,1.58559,1.87,1.13
2011.12.08 08:58:34.287,1.58506,1.58556,1.87,2.18
2011.12.08 08:58:34.514,1.58506,1.58563,1.13,1.14
2011.12.08 08:58:35.626,1.58507,1.58564,1.50,1.14
2011.12.08 08:58:35.851,1.58508,1.58564,1.50,1.14
2011.12.08 08:58:35.975,1.58509,1.58559,1.50,1.43
2011.12.08 08:58:36.092,1.58509,1.58563,1.50,1.14
2011.12.08 08:58:37.386,1.58514,1.58569,1.50,1.14
2011.12.08 08:58:38.041,1.58514,1.58563,1.50,1.14
2011.12.08 08:58:40.462,1.58509,1.58563,1.50,1.14
2011.12.08 08:58:41.401,1.58512,1.58564,1.13,2.56
2011.12.08 08:58:42.383,1.58513,1.58568,1.88,2.56
2011.12.08 08:58:46.883,1.58513,1.58568,1.13,2.56
2011.12.08 08:58:47.464,1.58511,1.58564,1.50,1.13
2011.12.08 08:58:47.583,1.5851,1.58562,1.50,1.14
2011.12.08 08:58:59.390,1.58511,1.5856,1.13,2.18
2011.12.08 08:58:59.512,1.58512,1.58564,1.13,1.14
2011.12.08 08:59:00.112,1.58514,1.58564,1.50,1.14
2011.12.08 08:59:00.234,1.58513,1.58568,1.50,1.81
2011.12.08 08:59:00.649,1.58513,1.58564,1.50,1.14
2011.12.08 08:59:01.261,1.58514,1.58564,1.50,1.14
2011.12.08 08:59:01.820,1.58508,1.58564,1.50,1.14
2011.12.08 08:59:01.940,1.58508,1.58563,1.50,1.14
2011.12.08 08:59:02.970,1.58511,1.58563,1.13,1.14
2011.12.08 08:59:03.091,1.58514,1.58564,1.50,1.14
2011.12.08 08:59:04.153,1.58512,1.58562,1.13,1.14
2011.12.08 08:59:04.489,1.58509,1.58562,1.50,1.14
2011.12.08 08:59:04.990,1.58513,1.58564,1.13,1.14
2011.12.08 08:59:06.954,1.58513,1.58567,1.88,1.14
2011.12.08 08:59:08.649,1.58513,1.58567,1.13,1.14
2011.12.08 08:59:10.704,1.58508,1.58563,1.50,1.14
2011.12.08 08:59:11.263,1.58507,1.58557,1.50,1.14
2011.12.08 08:59:11.990,1.58507,1.58556,1.50,2.18
2011.12.08 08:59:12.221,1.58508,1.58556,1.50,2.18
2011.12.08 08:59:13.962,1.58511,1.58564,1.09,1.14
2011.12.08 08:59:14.085,1.58511,1.58564,1.09,1.14
2011.12.08 08:59:14.734,1.58511,1.58565,1.09,1.81
2011.12.08 08:59:16.341,1.58511,1.58564,1.09,1.14
2011.12.08 08:59:17.035,1.58515,1.58568,1.13,1.14
2011.12.08 08:59:17.589,1.58517,1.58568,1.50,1.14
2011.12.08 08:59:18.480,1.58515,1.58566,1.50,1.14
2011.12.08 08:59:18.710,1.58514,1.58564,1.50,1.13
2011.12.08 08:59:19.584,1.58509,1.58564,2.03,2.94
2011.12.08 08:59:20.370,1.58508,1.58563,1.50,1.14
2011.12.08 08:59:20.490,1.58508,1.58556,1.50,1.13
2011.12.08 08:59:25.986,1.58514,1.58561,1.09,1.14
2011.12.08 08:59:26.103,1.58514,1.58564,1.09,2.56
2011.12.08 08:59:26.225,1.58514,1.58563,1.09,1.14
2011.12.08 08:59:26.800,1.58514,1.58563,1.09,1.14
2011.12.08 08:59:29.431,1.58512,1.58563,1.09,1.14
2011.12.08 08:59:29.662,1.58508,1.5856,1.12,2.18
2011.12.08 08:59:29.780,1.58509,1.58563,1.50,2.56
2011.12.08 08:59:29.899,1.58509,1.58564,1.50,1.14
2011.12.08 08:59:30.579,1.58509,1.58564,1.50,1.14
2011.12.08 08:59:31.240,1.58508,1.58564,1.50,1.14
2011.12.08 08:59:34.406,1.58508,1.58565,1.50,2.19
2011.12.08 08:59:35.779,1.58508,1.58564,1.50,1.14
2011.12.08 08:59:36.330,1.58509,1.58564,1.50,1.14
2011.12.08 08:59:38.021,1.58511,1.58568,1.13,1.14
2011.12.08 08:59:38.140,1.58511,1.58568,1.88,1.14
2011.12.08 08:59:38.721,1.58511,1.5857,1.50,1.14
2011.12.08 08:59:39.151,1.58511,1.58565,1.50,1.80
2011.12.08 08:59:39.276,1.58509,1.58565,1.50,2.19
2011.12.08 08:59:41.899,1.58514,1.58565,1.50,2.19
2011.12.08 08:59:42.122,1.58513,1.58572,1.50,2.19
2011.12.08 08:59:42.952,1.58513,1.58569,1.50,1.14
2011.12.08 08:59:43.520,1.58513,1.58572,1.50,2.19
2011.12.08 08:59:43.640,1.58513,1.58569,1.50,1.14
2011.12.08 08:59:44.092,1.58514,1.58568,1.50,1.14
2011.12.08 08:59:48.600,1.58513,1.58564,1.50,2.94
2011.12.08 08:59:49.021,1.58513,1.58564,1.50,2.19
2011.12.08 08:59:49.418,1.58513,1.58563,1.50,1.14
2011.12.08 08:59:50.432,1.58513,1.58564,1.50,2.19
2011.12.08 08:59:50.653,1.58513,1.58564,1.50,2.94
2011.12.08 08:59:52.953,1.58511,1.58563,1.50,1.14
2011.12.08 08:59:53.292,1.58512,1.58563,2.55,1.14
2011.12.08 08:59:55.753,1.58512,1.58563,2.18,1.14
2011.12.08 08:59:58.244,1.58511,1.58561,1.50,1.43
2011.12.08 08:59:58.364,1.5851,1.58561,1.50,2.18
2011.12.08 08:59:58.484,1.58511,1.58561,1.50,1.43
2011.12.08 08:59:58.827,1.58514,1.58569,1.50,2.56
2011.12.08 08:59:59.053,1.58515,1.58559,1.50,2.18
