2011.12.15 22:00:05.812,1.60561,1.60752,0.75,0.38
2011.12.15 22:00:06.982,1.60567,1.60713,0.75,0.75
2011.12.15 22:00:12.172,1.60557,1.60713,0.75,0.75
2011.12.15 22:00:14.814,1.60596,1.60729,0.75,0.75
2011.12.15 22:00:15.152,1.60591,1.60734,0.75,0.75
2011.12.15 22:00:19.434,1.60587,1.60738,0.75,0.75
2011.12.15 22:00:20.363,1.60571,1.60729,0.75,0.75
2011.12.15 22:00:22.712,1.60592,1.60728,0.75,0.75
2011.12.15 22:00:26.962,1.60571,1.60739,0.75,0.75
2011.12.15 22:00:52.242,1.60592,1.60728,0.75,0.75
2011.12.15 22:00:57.374,1.60582,1.60733,0.75,0.75
2011.12.15 22:00:59.019,1.60571,1.60744,0.75,0.75
2011.12.15 22:00:59.082,1.60586,1.60744,0.75,0.75
2011.12.15 22:01:00.664,1.60592,1.60743,0.75,0.75
2011.12.15 22:01:05.686,1.60607,1.60738,0.75,0.75
2011.12.15 22:01:08.913,1.60611,1.60744,0.75,0.75
2011.12.15 22:01:09.196,1.60606,1.60734,0.75,0.75
2011.12.15 22:01:11.664,1.60632,1.60733,0.75,0.75
2011.12.15 22:01:12.217,1.60617,1.60733,0.75,0.75
2011.12.15 22:01:15.202,1.60587,1.60733,0.75,0.75
2011.12.15 22:01:15.363,1.60591,1.60729,0.75,0.75
2011.12.15 22:01:15.473,1.60591,1.60734,0.75,0.75
2011.12.15 22:01:15.642,1.60602,1.60728,0.75,0.75
2011.12.15 22:01:16.283,1.60597,1.60723,0.75,0.75
2011.12.15 22:01:19.046,1.60612,1.60738,0.75,0.75
2011.12.15 22:01:22.512,1.60606,1.60689,0.75,0.75
2011.12.15 22:01:24.212,1.60596,1.60679,0.75,0.75
2011.12.15 22:01:24.325,1.60596,1.60684,0.75,0.75
2011.12.15 22:01:24.572,1.60597,1.60678,0.75,0.75
2011.12.15 22:01:29.123,1.60592,1.60663,0.75,0.75
2011.12.15 22:01:41.664,1.60597,1.60668,0.75,0.75
2011.12.15 22:01:42.264,1.60602,1.60728,0.75,0.75
2011.12.15 22:01:43.424,1.60596,1.60704,0.75,0.75
2011.12.15 22:01:52.020,1.60576,1.60704,1.00,1.00
2011.12.15 22:01:56.954,1.60572,1.60623,1.00,1.00
2011.12.15 22:01:58.382,1.60577,1.60628,1.00,1.00
2011.12.15 22:01:59.153,1.60581,1.60699,1.00,1.00
2011.12.15 22:02:00.502,1.60587,1.60673,1.00,1.00
2011.12.15 22:02:03.112,1.60596,1.60699,1.00,1.00
2011.12.15 22:02:08.175,1.60536,1.60639,1.00,1.00
2011.12.15 22:02:08.511,1.60536,1.60634,1.00,1.00
2011.12.15 22:02:09.163,1.60541,1.60639,1.00,1.00
2011.12.15 22:02:10.495,1.60557,1.60653,1.00,1.00
2011.12.15 22:02:11.255,1.60541,1.60639,1.00,1.00
2011.12.15 22:02:15.391,1.60557,1.60653,1.00,1.00
2011.12.15 22:02:17.422,1.60551,1.60644,1.00,1.00
2011.12.15 22:02:37.671,1.60542,1.60633,1.00,1.00
2011.12.15 22:02:54.942,1.60546,1.60639,1.00,1.00
2011.12.15 22:02:56.923,1.60541,1.60634,1.00,1.00
2011.12.15 22:03:00.495,1.60552,1.60643,1.00,1.00
2011.12.15 22:03:03.245,1.60542,1.60633,1.00,1.00
2011.12.15 22:03:04.187,1.60551,1.60644,1.00,1.00
2011.12.15 22:03:11.667,1.60542,1.60633,1.00,1.00
2011.12.15 22:03:13.684,1.60541,1.60614,1.00,1.00
2011.12.15 22:03:18.535,1.60546,1.60619,1.00,1.00
2011.12.15 22:03:20.174,1.60537,1.60608,1.00,1.00
2011.12.15 22:03:28.920,1.60536,1.60604,1.00,1.00
2011.12.15 22:03:34.205,1.60532,1.60598,1.00,1.00
2011.12.15 22:03:36.846,1.60526,1.60594,1.00,1.00
2011.12.15 22:03:37.031,1.60531,1.60599,1.00,1.00
2011.12.15 22:03:43.383,1.60531,1.60594,1.00,1.00
2011.12.15 22:03:50.152,1.60527,1.60588,1.00,1.00
2011.12.15 22:03:52.901,1.60532,1.60593,1.00,1.00
2011.12.15 22:03:55.037,1.60536,1.60599,1.00,1.00
2011.12.15 22:03:58.112,1.60532,1.60583,1.00,1.00
2011.12.15 22:04:07.511,1.60506,1.60584,1.00,1.00
2011.12.15 22:04:08.893,1.60502,1.60578,1.00,1.00
2011.12.15 22:04:10.297,1.60506,1.60584,1.00,1.00
2011.12.15 22:04:11.805,1.60511,1.60589,1.00,1.00
2011.12.15 22:04:14.394,1.60507,1.60583,1.00,1.00
2011.12.15 22:04:21.954,1.60501,1.60579,1.00,1.00
2011.12.15 22:04:25.150,1.60507,1.60583,1.00,1.00
2011.12.15 22:04:51.392,1.60402,1.60578,1.00,1.00
2011.12.15 22:04:52.131,1.60481,1.60569,1.00,1.00
2011.12.15 22:05:04.864,1.60487,1.60573,0.75,0.75
2011.12.15 22:05:05.601,1.60486,1.60574,0.75,0.75
2011.12.15 22:05:10.405,1.60506,1.60574,0.75,0.75
2011.12.15 22:05:11.653,1.60512,1.60578,0.75,0.75
2011.12.15 22:05:13.183,1.60516,1.60569,0.75,0.75
2011.12.15 22:05:13.712,1.60511,1.60564,0.75,0.75
2011.12.15 22:05:15.626,1.60507,1.60558,0.75,0.75
2011.12.15 22:05:15.686,1.60501,1.60554,0.75,0.75
2011.12.15 22:05:25.407,1.60497,1.60548,0.75,0.75
2011.12.15 22:05:43.066,1.60491,1.60544,0.75,0.75
2011.12.15 22:05:55.283,1.60497,1.60548,0.75,0.75
2011.12.15 22:05:55.392,1.60491,1.60544,0.75,0.75
2011.12.15 22:06:15.309,1.60506,1.60559,0.75,0.75
2011.12.15 22:06:22.172,1.60502,1.60553,0.75,0.75
2011.12.15 22:06:31.614,1.60506,1.60559,0.75,0.75
2011.12.15 22:06:46.515,1.60501,1.60554,0.75,0.75
2011.12.15 22:06:48.644,1.60496,1.60549,0.75,0.75
2011.12.15 22:07:04.191,1.60491,1.60544,0.75,0.75
2011.12.15 22:07:11.828,1.60482,1.60533,0.75,0.75
2011.12.15 22:07:15.688,1.60476,1.60529,0.75,0.75
2011.12.15 22:07:16.245,1.60497,1.60548,0.75,0.75
2011.12.15 22:07:16.610,1.60492,1.60543,0.75,0.75
2011.12.15 22:07:20.205,1.60481,1.60534,0.75,0.75
2011.12.15 22:07:21.287,1.60467,1.60528,0.75,0.75
2011.12.15 22:07:21.415,1.60457,1.60523,0.75,0.75
2011.12.15 22:07:21.717,1.60447,1.60523,0.75,0.75
2011.12.15 22:07:21.937,1.60395,1.60499,0.75,0.75
2011.12.15 22:07:22.184,1.60316,1.60499,0.75,0.75
2011.12.15 22:07:25.147,1.60316,1.60494,0.75,0.75
2011.12.15 22:07:25.922,1.60321,1.60499,0.75,0.75
2011.12.15 22:07:26.419,1.60327,1.60503,0.75,0.75
2011.12.15 22:07:28.448,1.60337,1.60513,0.75,0.75
2011.12.15 22:07:28.781,1.60347,1.60513,0.75,0.75
2011.12.15 22:07:29.745,1.60337,1.60483,0.75,0.75
2011.12.15 22:07:30.698,1.60386,1.60494,0.75,0.75
2011.12.15 22:07:31.408,1.60392,1.60498,0.75,0.75
2011.12.15 22:07:32.286,1.60406,1.60504,0.75,0.75
2011.12.15 22:07:32.783,1.60402,1.60498,0.75,0.75
2011.12.15 22:07:35.935,1.60396,1.60489,0.75,0.75
2011.12.15 22:07:37.256,1.60392,1.60483,0.75,0.75
2011.12.15 22:07:38.317,1.60402,1.60493,0.75,0.75
2011.12.15 22:07:41.618,1.60411,1.60504,0.75,0.75
2011.12.15 22:07:41.948,1.60401,1.60494,0.75,0.75
2011.12.15 22:07:42.683,1.60397,1.60488,0.75,0.75
2011.12.15 22:07:43.904,1.60401,1.60494,0.75,0.75
2011.12.15 22:07:48.437,1.60396,1.60489,0.75,0.75
2011.12.15 22:07:55.367,1.60401,1.60499,0.75,0.75
2011.12.15 22:07:56.138,1.60397,1.60493,0.75,0.75
2011.12.15 22:07:56.348,1.60391,1.60489,0.75,0.75
2011.12.15 22:07:56.713,1.60397,1.60493,0.75,0.75
2011.12.15 22:07:57.088,1.60406,1.60504,0.75,0.75
2011.12.15 22:08:01.704,1.60401,1.60499,0.75,0.75
2011.12.15 22:08:09.634,1.60396,1.60494,0.75,0.75
2011.12.15 22:08:10.161,1.60407,1.60503,0.75,0.75
2011.12.15 22:08:58.899,1.60397,1.60493,0.75,0.75
2011.12.15 22:08:59.888,1.60432,1.60498,0.75,0.75
2011.12.15 22:09:00.409,1.60431,1.60513,0.75,1.43
2011.12.15 22:09:00.467,1.60442,1.60523,0.75,0.75
2011.12.15 22:09:00.917,1.60447,1.60528,0.75,0.75
2011.12.15 22:09:01.276,1.60452,1.60533,0.75,0.75
2011.12.15 22:09:03.958,1.60456,1.60539,0.75,0.75
2011.12.15 22:09:06.377,1.60447,1.60538,0.75,0.75
2011.12.15 22:09:12.905,1.60446,1.60529,0.75,0.75
2011.12.15 22:09:13.216,1.60452,1.60528,0.75,0.75
2011.12.15 22:09:30.088,1.60447,1.60523,0.75,0.75
2011.12.15 22:09:33.497,1.60441,1.60524,0.75,0.75
2011.12.15 22:09:36.399,1.60447,1.60528,0.75,0.75
2011.12.15 22:09:48.380,1.60436,1.60519,0.75,0.75
2011.12.15 22:09:52.307,1.60432,1.60513,0.75,0.75
2011.12.15 22:09:54.897,1.60442,1.60523,0.75,0.75
2011.12.15 22:09:55.724,1.60437,1.60518,0.75,0.75
2011.12.15 22:09:55.888,1.60426,1.60519,0.75,0.75
2011.12.15 22:09:56.667,1.60431,1.60534,0.75,0.75
2011.12.15 22:09:57.889,1.60436,1.60539,0.75,1.13
2011.12.15 22:10:12.718,1.60436,1.60495,0.75,0.39
2011.12.15 22:10:28.451,1.60442,1.60495,0.75,0.39
2011.12.15 22:10:28.668,1.60437,1.60495,0.75,0.39
2011.12.15 22:10:29.222,1.60437,1.60494,0.75,0.39
2011.12.15 22:10:32.186,1.60437,1.60495,0.75,0.39
2011.12.15 22:10:32.792,1.60437,1.60494,0.75,0.39
2011.12.15 22:10:42.187,1.60437,1.60493,0.75,0.39
2011.12.15 22:10:52.238,1.60437,1.60494,0.75,0.39
2011.12.15 22:11:00.460,1.60437,1.60493,0.75,0.39
2011.12.15 22:11:04.948,1.60437,1.60496,0.75,0.39
2011.12.15 22:11:05.579,1.60437,1.60495,0.75,0.39
2011.12.15 22:11:06.459,1.60427,1.60495,0.75,0.39
2011.12.15 22:11:07.090,1.60427,1.60496,0.75,0.39
2011.12.15 22:11:10.962,1.60437,1.60496,0.75,0.39
2011.12.15 22:11:16.095,1.60437,1.60495,0.75,0.39
2011.12.15 22:11:16.856,1.60437,1.60496,0.75,0.39
2011.12.15 22:11:17.644,1.60437,1.60495,0.75,0.39
2011.12.15 22:11:18.183,1.60426,1.60495,0.75,0.39
2011.12.15 22:11:20.668,1.60431,1.60495,0.75,0.39
2011.12.15 22:11:20.973,1.60426,1.60495,0.75,0.39
2011.12.15 22:11:21.151,1.60437,1.60495,0.75,0.39
2011.12.15 22:11:22.236,1.60437,1.60496,0.75,0.39
2011.12.15 22:11:27.393,1.60441,1.60496,0.75,0.39
2011.12.15 22:11:27.458,1.60436,1.60496,0.75,0.39
2011.12.15 22:11:27.578,1.60436,1.60494,0.75,0.39
2011.12.15 22:11:28.067,1.60432,1.60494,0.75,0.39
2011.12.15 22:11:28.131,1.60432,1.60489,0.75,0.39
2011.12.15 22:11:29.658,1.60426,1.60489,0.75,0.39
2011.12.15 22:11:30.172,1.60417,1.60489,0.75,0.39
2011.12.15 22:11:30.450,1.60422,1.60489,0.75,0.39
2011.12.15 22:11:30.787,1.60426,1.60489,0.75,0.39
2011.12.15 22:11:31.007,1.60426,1.60493,0.75,0.39
2011.12.15 22:11:31.923,1.60426,1.60494,0.75,0.39
2011.12.15 22:11:32.088,1.60421,1.60494,0.75,0.39
2011.12.15 22:11:32.692,1.60427,1.60494,0.75,0.39
2011.12.15 22:11:37.166,1.60427,1.60493,0.75,0.75
2011.12.15 22:11:37.483,1.60427,1.60483,0.75,0.39
2011.12.15 22:11:37.740,1.60422,1.6048,0.75,0.39
2011.12.15 22:11:41.093,1.60412,1.60474,0.75,0.39
2011.12.15 22:11:41.217,1.60422,1.60474,0.75,0.39
2011.12.15 22:11:41.397,1.60422,1.6048,0.75,0.39
2011.12.15 22:11:41.738,1.60411,1.6048,0.75,0.39
2011.12.15 22:11:41.857,1.60411,1.60474,0.75,0.39
2011.12.15 22:11:42.161,1.60422,1.6048,0.75,0.39
2011.12.15 22:11:42.417,1.60411,1.6048,0.75,0.39
2011.12.15 22:11:42.597,1.60411,1.60474,0.75,0.39
2011.12.15 22:11:43.127,1.60411,1.60475,0.75,0.39
2011.12.15 22:11:45.419,1.60422,1.60475,0.75,0.39
2011.12.15 22:11:45.538,1.60422,1.6048,0.75,0.39
2011.12.15 22:11:45.929,1.60412,1.6048,0.75,0.39
2011.12.15 22:11:46.250,1.60412,1.60475,0.75,0.39
2011.12.15 22:11:52.997,1.60422,1.60475,0.75,0.39
2011.12.15 22:11:53.178,1.60422,1.6048,0.75,0.39
2011.12.15 22:11:53.430,1.60416,1.60469,0.75,0.75
2011.12.15 22:11:53.997,1.60407,1.60468,0.75,0.75
2011.12.15 22:11:55.992,1.60411,1.6047,0.75,0.39
2011.12.15 22:12:00.469,1.60422,1.6047,0.75,0.39
2011.12.15 22:12:01.001,1.60412,1.6047,0.75,0.39
2011.12.15 22:12:02.176,1.60412,1.60468,0.75,0.39
2011.12.15 22:12:04.608,1.60412,1.60467,0.75,0.39
2011.12.15 22:12:07.110,1.60412,1.60471,0.75,0.39
2011.12.15 22:12:11.999,1.60412,1.60472,0.75,0.39
2011.12.15 22:12:12.959,1.60412,1.60471,0.75,0.39
2011.12.15 22:12:13.899,1.60401,1.60469,0.75,0.75
2011.12.15 22:12:14.079,1.60401,1.60467,0.75,0.39
2011.12.15 22:12:14.319,1.60407,1.60477,0.75,0.39
2011.12.15 22:12:14.420,1.60412,1.60477,0.75,0.39
2011.12.15 22:12:14.537,1.60412,1.60479,0.75,0.39
2011.12.15 22:12:15.222,1.60412,1.6048,0.75,0.39
2011.12.15 22:12:17.231,1.60412,1.60479,0.75,0.39
2011.12.15 22:12:17.487,1.60412,1.60483,0.75,0.39
2011.12.15 22:12:19.967,1.60437,1.60483,0.75,0.39
2011.12.15 22:12:20.229,1.60446,1.60496,0.75,0.39
2011.12.15 22:12:20.348,1.60446,1.60499,0.75,0.75
2011.12.15 22:12:20.691,1.60436,1.60499,0.75,0.75
2011.12.15 22:12:20.758,1.60436,1.60497,0.75,0.39
2011.12.15 22:12:21.385,1.60447,1.60498,0.75,0.75
2011.12.15 22:12:21.459,1.60437,1.60498,0.75,0.75
2011.12.15 22:12:21.657,1.60437,1.60496,0.75,0.39
2011.12.15 22:12:22.118,1.60447,1.60496,0.75,0.39
2011.12.15 22:12:22.427,1.60447,1.60498,0.75,0.75
2011.12.15 22:12:22.670,1.60436,1.60499,0.75,0.75
2011.12.15 22:12:22.867,1.60436,1.60496,0.75,0.39
2011.12.15 22:12:23.188,1.60446,1.60499,0.75,0.75
2011.12.15 22:12:23.438,1.60436,1.60499,0.75,0.75
2011.12.15 22:12:23.689,1.60412,1.60488,0.75,0.75
2011.12.15 22:12:24.457,1.60412,1.60482,0.75,0.39
2011.12.15 22:12:28.418,1.60447,1.60482,0.75,0.39
2011.12.15 22:12:28.728,1.60447,1.60498,0.75,0.75
2011.12.15 22:12:28.950,1.60457,1.60499,0.75,0.39
2011.12.15 22:12:29.019,1.60457,1.60523,0.75,0.75
2011.12.15 22:12:40.707,1.60481,1.6053,0.75,0.39
2011.12.15 22:12:40.887,1.60481,1.60534,0.75,0.75
2011.12.15 22:12:40.948,1.60456,1.60524,0.75,0.75
2011.12.15 22:12:41.969,1.60456,1.60534,0.75,0.75
2011.12.15 22:12:47.429,1.60457,1.60523,0.75,0.75
2011.12.15 22:12:51.701,1.60451,1.60514,0.75,0.75
2011.12.15 22:12:52.008,1.60462,1.60513,0.75,0.75
2011.12.15 22:12:57.640,1.60452,1.60513,0.75,0.75
2011.12.15 22:13:16.948,1.60447,1.60508,0.75,0.75
2011.12.15 22:13:17.349,1.60452,1.60513,0.75,0.75
2011.12.15 22:13:40.165,1.60457,1.60518,0.75,0.75
2011.12.15 22:13:44.497,1.60466,1.60519,0.75,0.75
2011.12.15 22:13:45.457,1.60456,1.60519,0.75,0.75
2011.12.15 22:13:46.216,1.60457,1.60523,0.75,0.75
2011.12.15 22:13:59.418,1.60462,1.60523,0.75,0.75
2011.12.15 22:13:59.994,1.60457,1.60523,0.75,0.75
2011.12.15 22:14:08.548,1.60452,1.60518,0.75,0.75
2011.12.15 22:14:08.772,1.60461,1.60529,0.75,0.75
2011.12.15 22:14:12.997,1.60422,1.60518,0.75,0.75
2011.12.15 22:14:43.425,1.60431,1.60524,0.75,0.75
2011.12.15 22:14:49.642,1.60441,1.60534,0.75,0.75
2011.12.15 22:14:58.711,1.60432,1.60523,0.75,0.75
2011.12.15 22:14:59.125,1.60427,1.60518,0.75,0.75
2011.12.15 22:14:59.465,1.60421,1.60514,0.75,0.75
2011.12.15 22:14:59.684,1.60442,1.60533,0.75,0.75
2011.12.15 22:15:00.123,1.60431,1.60524,0.75,0.75
2011.12.15 22:15:00.882,1.60417,1.60543,0.75,0.75
2011.12.15 22:15:00.952,1.60421,1.60549,0.75,0.75
2011.12.15 22:15:01.490,1.60426,1.60554,0.75,0.75
2011.12.15 22:15:05.117,1.60431,1.60559,0.75,0.75
2011.12.15 22:15:05.487,1.60437,1.60563,0.75,0.75
2011.12.15 22:15:08.198,1.60446,1.60574,0.75,0.75
2011.12.15 22:15:13.396,1.60457,1.60573,0.75,0.75
2011.12.15 22:15:21.128,1.60451,1.60564,0.75,0.75
2011.12.15 22:15:25.970,1.60447,1.60558,0.75,0.75
2011.12.15 22:15:34.930,1.60456,1.60579,0.75,0.75
2011.12.15 22:15:35.176,1.60456,1.60569,0.75,0.75
2011.12.15 22:15:35.533,1.60461,1.60574,0.75,0.75
2011.12.15 22:15:39.941,1.60466,1.60579,0.75,0.75
2011.12.15 22:15:40.384,1.60462,1.60573,0.75,0.75
2011.12.15 22:15:41.766,1.60456,1.60549,0.75,0.75
2011.12.15 22:15:42.126,1.60466,1.60549,0.75,0.75
2011.12.15 22:15:42.477,1.60462,1.60543,0.75,0.75
2011.12.15 22:15:49.717,1.60466,1.60549,0.75,0.75
2011.12.15 22:15:50.269,1.60462,1.60543,0.75,0.75
2011.12.15 22:15:50.600,1.60466,1.60549,0.75,0.75
2011.12.15 22:15:51.367,1.60461,1.60544,0.75,0.75
2011.12.15 22:15:51.735,1.60456,1.60539,0.75,0.75
2011.12.15 22:16:18.726,1.60452,1.60533,0.75,0.75
2011.12.15 22:16:20.694,1.60457,1.60538,0.75,0.75
2011.12.15 22:16:21.617,1.60472,1.60538,0.75,0.75
2011.12.15 22:16:25.605,1.60482,1.60543,0.75,0.75
2011.12.15 22:16:41.477,1.60486,1.60569,0.75,0.75
2011.12.15 22:16:41.717,1.60481,1.60544,0.75,0.75
2011.12.15 22:16:42.077,1.60492,1.60543,0.75,0.75
2011.12.15 22:16:42.135,1.60491,1.60569,0.75,0.75
2011.12.15 22:16:46.628,1.60511,1.60574,0.75,0.75
2011.12.15 22:16:47.618,1.60522,1.60573,0.75,0.75
2011.12.15 22:16:50.368,1.60497,1.60578,0.75,0.75
2011.12.15 22:16:50.746,1.60491,1.60569,0.75,0.75
2011.12.15 22:16:51.811,1.60486,1.60564,0.75,0.75
2011.12.15 22:17:21.979,1.60481,1.60534,0.75,0.75
2011.12.15 22:17:22.345,1.60487,1.60538,0.75,0.75
2011.12.15 22:17:22.843,1.60496,1.60564,0.75,0.75
2011.12.15 22:17:24.635,1.60501,1.60569,0.75,0.75
2011.12.15 22:17:24.968,1.60506,1.60569,0.75,0.75
2011.12.15 22:17:25.508,1.60497,1.60558,0.75,0.75
2011.12.15 22:17:25.818,1.60466,1.60519,0.75,0.75
2011.12.15 22:17:26.668,1.60461,1.60514,0.75,0.75
2011.12.15 22:17:26.918,1.60447,1.60509,0.75,0.75
2011.12.15 22:17:27.246,1.60437,1.60503,0.75,0.75
2011.12.15 22:17:27.496,1.60427,1.60503,0.75,0.75
2011.12.15 22:17:35.897,1.60437,1.60538,0.75,0.39
2011.12.15 22:17:35.960,1.60427,1.60503,0.75,0.75
2011.12.15 22:17:36.808,1.60437,1.60548,0.75,0.75
2011.12.15 22:17:46.867,1.60426,1.60539,0.75,0.75
2011.12.15 22:17:51.673,1.60432,1.60543,0.75,0.75
2011.12.15 22:17:54.127,1.60427,1.60538,0.75,0.75
2011.12.15 22:17:54.478,1.60411,1.60524,0.83,0.75
2011.12.15 22:17:54.698,1.60416,1.60529,0.75,0.75
2011.12.15 22:18:01.977,1.60411,1.60504,0.83,0.75
2011.12.15 22:18:12.398,1.60432,1.60508,0.75,0.75
2011.12.15 22:18:16.945,1.60412,1.60503,0.83,0.75
2011.12.15 22:18:27.640,1.60417,1.60508,0.75,0.75
2011.12.15 22:18:29.658,1.60412,1.60523,0.83,0.75
2011.12.15 22:18:29.906,1.60403,1.60528,0.69,0.75
2011.12.15 22:18:30.267,1.60403,1.60525,0.69,1.43
2011.12.15 22:18:30.568,1.60398,1.60524,0.39,0.75
2011.12.15 22:18:30.699,1.60398,1.60518,0.39,0.75
2011.12.15 22:18:31.478,1.60398,1.60514,0.39,0.75
2011.12.15 22:18:34.681,1.60398,1.60509,0.39,0.75
2011.12.15 22:18:36.659,1.60398,1.60513,0.39,0.75
2011.12.15 22:18:37.198,1.60398,1.60514,0.39,0.75
2011.12.15 22:18:38.713,1.60398,1.60519,0.39,0.75
2011.12.15 22:18:39.138,1.60398,1.60523,0.39,0.75
2011.12.15 22:18:44.909,1.60398,1.60519,0.39,0.75
2011.12.15 22:18:46.413,1.60398,1.60514,0.39,0.75
2011.12.15 22:18:47.440,1.60398,1.60518,0.39,0.75
2011.12.15 22:18:57.888,1.60398,1.60513,0.39,0.75
2011.12.15 22:18:58.248,1.60398,1.60518,0.39,0.75
2011.12.15 22:18:59.427,1.60398,1.60513,0.39,0.75
2011.12.15 22:19:04.374,1.60398,1.60508,0.39,0.75
2011.12.15 22:19:05.314,1.60398,1.60514,0.39,0.75
2011.12.15 22:19:27.271,1.60398,1.60518,0.39,0.75
2011.12.15 22:19:32.682,1.60398,1.60508,0.39,0.75
2011.12.15 22:19:33.672,1.60398,1.60514,0.39,0.75
2011.12.15 22:19:40.700,1.60398,1.60519,0.39,0.75
2011.12.15 22:19:49.259,1.60398,1.60518,0.39,0.75
2011.12.15 22:19:49.836,1.60401,1.60519,0.83,0.75
2011.12.15 22:19:57.692,1.60398,1.60514,0.39,0.75
2011.12.15 22:19:58.679,1.60401,1.60519,0.83,0.75
2011.12.15 22:20:01.648,1.60397,1.60528,1.14,1.51
2011.12.15 22:20:02.420,1.60398,1.60528,1.14,1.51
2011.12.15 22:20:05.716,1.60397,1.60528,1.14,1.51
2011.12.15 22:20:09.402,1.60398,1.60528,1.14,1.13
2011.12.15 22:20:11.663,1.60398,1.60534,1.14,1.51
2011.12.15 22:20:18.429,1.60398,1.60534,1.14,1.51
2011.12.15 22:20:26.178,1.60398,1.60534,1.14,1.51
2011.12.15 22:20:30.957,1.60398,1.60534,1.14,1.51
2011.12.15 22:20:36.409,1.60398,1.60534,1.14,1.13
2011.12.15 22:20:36.965,1.60423,1.60565,1.50,1.14
2011.12.15 22:20:38.947,1.60431,1.60571,1.50,1.14
2011.12.15 22:20:40.416,1.60431,1.60571,1.50,1.14
2011.12.15 22:20:42.850,1.6043,1.60572,1.50,1.14
2011.12.15 22:20:42.920,1.6043,1.60572,1.50,1.14
2011.12.15 22:20:43.238,1.60431,1.60571,1.50,1.14
2011.12.15 22:20:43.865,1.60431,1.60549,1.50,1.13
2011.12.15 22:20:45.378,1.60431,1.60549,1.50,1.13
2011.12.15 22:20:45.975,1.60438,1.6058,1.50,1.14
2011.12.15 22:20:59.022,1.60447,1.60566,1.87,1.13
2011.12.15 22:21:09.668,1.60446,1.60566,1.87,1.13
2011.12.15 22:21:15.688,1.60447,1.60566,1.50,1.13
2011.12.15 22:21:19.966,1.60447,1.60566,1.50,1.13
2011.12.15 22:21:31.369,1.60446,1.60566,1.50,1.13
2011.12.15 22:21:33.506,1.60439,1.60553,1.50,1.13
2011.12.15 22:21:57.966,1.60438,1.60553,1.50,1.13
2011.12.15 22:22:10.409,1.60439,1.60553,1.50,1.13
2011.12.15 22:22:19.428,1.60438,1.60553,1.50,1.13
2011.12.15 22:22:39.448,1.60439,1.60553,1.50,1.13
2011.12.15 22:22:39.850,1.60439,1.60553,1.50,1.13
2011.12.15 22:22:39.961,1.60439,1.60553,1.50,1.13
2011.12.15 22:22:40.156,1.60439,1.60553,1.50,1.13
2011.12.15 22:22:40.774,1.60444,1.60563,1.50,1.13
2011.12.15 22:22:41.886,1.60443,1.60569,1.50,1.13
2011.12.15 22:22:41.946,1.60443,1.6058,1.88,1.13
2011.12.15 22:22:42.476,1.6046,1.60592,1.50,1.13
2011.12.15 22:22:44.206,1.60469,1.60592,1.50,1.13
2011.12.15 22:22:47.738,1.6047,1.60592,1.50,1.13
2011.12.15 22:22:52.276,1.60469,1.60592,1.50,1.13
2011.12.15 22:22:54.408,1.60474,1.60592,1.13,1.13
2011.12.15 22:22:59.137,1.60474,1.60592,1.13,1.13
2011.12.15 22:23:01.331,1.60465,1.60601,1.13,1.13
2011.12.15 22:23:01.399,1.60465,1.60601,1.13,1.13
2011.12.15 22:23:02.023,1.60465,1.60601,1.13,1.13
2011.12.15 22:23:02.575,1.60465,1.60601,1.13,1.13
2011.12.15 22:23:14.194,1.60465,1.60601,1.13,1.13
2011.12.15 22:23:17.768,1.60465,1.60601,1.13,1.13
2011.12.15 22:23:18.547,1.60465,1.60601,1.13,1.13
2011.12.15 22:23:43.780,1.60464,1.60602,1.13,1.51
2011.12.15 22:23:45.344,1.60464,1.60602,1.13,1.51
2011.12.15 22:23:45.854,1.60474,1.60602,1.13,1.13
2011.12.15 22:23:46.164,1.60474,1.60602,1.13,1.13
2011.12.15 22:23:46.725,1.60462,1.60602,1.50,1.13
2011.12.15 22:23:46.974,1.60448,1.60597,1.13,1.13
2011.12.15 22:23:47.484,1.60437,1.60597,0.75,1.13
2011.12.15 22:23:49.398,1.60432,1.60597,0.75,1.13
2011.12.15 22:23:54.456,1.60437,1.60597,0.75,1.13
2011.12.15 22:23:57.914,1.60426,1.60597,0.75,1.13
2011.12.15 22:24:08.696,1.60426,1.60569,0.75,1.13
2011.12.15 22:24:08.954,1.60356,1.60566,1.13,1.13
2011.12.15 22:24:09.137,1.60374,1.60554,1.23,1.14
2011.12.15 22:24:09.775,1.60376,1.60549,1.74,1.14
2011.12.15 22:24:10.434,1.60376,1.60549,1.74,1.14
2011.12.15 22:24:12.194,1.60376,1.60549,1.74,1.14
2011.12.15 22:24:18.394,1.60376,1.60549,1.74,1.14
2011.12.15 22:24:18.917,1.60376,1.60549,1.74,1.14
2011.12.15 22:24:22.306,1.60376,1.60549,1.74,1.14
2011.12.15 22:24:27.854,1.60376,1.60549,1.74,1.14
2011.12.15 22:24:28.696,1.60376,1.60549,1.74,1.14
2011.12.15 22:24:29.373,1.60376,1.60549,1.74,1.14
2011.12.15 22:24:34.681,1.60376,1.60549,1.74,1.14
2011.12.15 22:24:35.272,1.60374,1.60543,1.23,1.14
2011.12.15 22:24:36.470,1.60376,1.60549,1.74,1.14
2011.12.15 22:24:36.746,1.60376,1.60549,1.74,1.14
2011.12.15 22:24:37.434,1.60376,1.60549,1.74,1.14
2011.12.15 22:24:37.994,1.60376,1.60549,1.74,1.14
2011.12.15 22:24:39.849,1.60376,1.60549,1.74,1.14
2011.12.15 22:24:41.517,1.60376,1.60549,1.74,1.14
2011.12.15 22:24:43.716,1.60376,1.60549,1.74,1.14
2011.12.15 22:24:45.984,1.60377,1.60548,1.74,1.14
2011.12.15 22:24:51.659,1.60377,1.60544,1.74,1.14
2011.12.15 22:24:58.647,1.60374,1.60546,1.23,1.14
2011.12.15 22:24:59.967,1.60376,1.60546,1.74,1.14
2011.12.15 22:25:01.217,1.60382,1.60546,1.74,1.14
2011.12.15 22:25:01.456,1.60386,1.6055,1.52,1.14
2011.12.15 22:25:01.987,1.60397,1.60549,1.06,1.14
2011.12.15 22:25:08.217,1.60401,1.60548,1.06,1.14
2011.12.15 22:25:12.618,1.60404,1.60553,1.06,1.43
2011.12.15 22:25:12.950,1.60421,1.60568,1.13,1.14
2011.12.15 22:25:14.159,1.60462,1.60602,1.50,1.13
2011.12.15 22:25:14.935,1.60463,1.60602,1.50,1.51
2011.12.15 22:25:16.515,1.60462,1.60596,1.50,1.13
2011.12.15 22:25:17.036,1.60438,1.60571,1.50,1.13
2011.12.15 22:25:17.467,1.60439,1.6057,1.50,1.13
2011.12.15 22:25:18.455,1.60439,1.60571,1.50,1.13
2011.12.15 22:25:22.187,1.60431,1.60571,1.50,1.13
2011.12.15 22:25:22.686,1.60437,1.60602,1.50,1.51
2011.12.15 22:25:24.673,1.60444,1.60601,1.13,1.51
2011.12.15 22:25:26.959,1.60444,1.60594,1.13,1.13
2011.12.15 22:25:27.186,1.60443,1.60571,1.88,1.13
2011.12.15 22:25:27.689,1.60443,1.60571,1.13,1.13
2011.12.15 22:25:27.864,1.60443,1.60571,1.13,1.13
2011.12.15 22:25:30.612,1.60443,1.60571,1.13,1.13
2011.12.15 22:25:34.178,1.60443,1.60571,1.13,1.13
2011.12.15 22:25:41.292,1.60443,1.60571,1.13,1.13
2011.12.15 22:25:41.774,1.60443,1.60571,1.13,1.13
2011.12.15 22:25:42.261,1.60443,1.60571,1.13,1.13
2011.12.15 22:25:42.471,1.60443,1.60555,1.13,1.13
2011.12.15 22:25:43.307,1.60443,1.60555,1.13,1.13
2011.12.15 22:25:44.587,1.60443,1.60555,1.13,1.13
2011.12.15 22:25:44.914,1.60443,1.60555,1.13,1.13
2011.12.15 22:25:45.748,1.60443,1.60555,1.13,1.13
2011.12.15 22:25:45.969,1.60443,1.60555,1.13,1.13
2011.12.15 22:25:46.288,1.60429,1.60551,1.13,1.13
2011.12.15 22:25:46.466,1.60424,1.60551,1.12,1.13
2011.12.15 22:25:46.527,1.60404,1.6055,1.06,1.14
2011.12.15 22:25:46.707,1.60404,1.6055,1.06,1.14
2011.12.15 22:25:47.435,1.60404,1.60545,1.06,1.14
2011.12.15 22:25:47.879,1.60404,1.60555,1.06,1.14
2011.12.15 22:25:48.067,1.60404,1.60559,1.06,1.13
2011.12.15 22:25:48.126,1.60404,1.60587,1.06,1.14
2011.12.15 22:25:48.716,1.60404,1.60596,1.06,1.14
2011.12.15 22:25:48.776,1.60404,1.60596,1.06,1.14
2011.12.15 22:25:49.426,1.60404,1.60596,1.06,1.14
2011.12.15 22:25:49.704,1.60389,1.60596,1.13,1.14
2011.12.15 22:25:50.016,1.60389,1.60603,1.13,1.14
2011.12.15 22:25:50.755,1.60389,1.60607,1.13,1.14
2011.12.15 22:25:55.638,1.60427,1.60607,1.50,1.14
2011.12.15 22:25:56.082,1.60473,1.60616,1.50,1.20
2011.12.15 22:26:00.477,1.6046,1.606,1.50,1.14
2011.12.15 22:26:00.656,1.6046,1.606,1.50,1.14
2011.12.15 22:26:04.195,1.6046,1.60585,1.50,1.13
2011.12.15 22:26:05.147,1.6046,1.60585,1.50,1.13
2011.12.15 22:26:05.726,1.60461,1.60586,1.13,1.13
2011.12.15 22:26:05.936,1.60475,1.606,1.13,1.14
2011.12.15 22:26:08.476,1.60468,1.60598,1.13,1.13
2011.12.15 22:26:08.596,1.60461,1.60598,1.12,1.13
2011.12.15 22:26:08.656,1.60389,1.60598,1.13,1.13
2011.12.15 22:26:08.718,1.60389,1.60598,1.13,1.13
2011.12.15 22:26:11.436,1.60389,1.60594,1.07,1.14
2011.12.15 22:26:16.432,1.60405,1.60581,1.58,1.13
2011.12.15 22:26:16.653,1.60404,1.60581,1.58,1.13
2011.12.15 22:26:17.443,1.60395,1.60579,1.33,1.14
2011.12.15 22:26:17.567,1.60401,1.60596,1.58,1.14
2011.12.15 22:26:17.813,1.60402,1.60595,1.58,1.14
2011.12.15 22:26:18.115,1.60408,1.60602,1.58,1.13
2011.12.15 22:26:18.296,1.60408,1.60602,1.58,1.51
2011.12.15 22:26:18.606,1.60408,1.60602,1.58,1.51
2011.12.15 22:26:19.947,1.60407,1.60602,1.58,1.13
2011.12.15 22:26:20.713,1.60435,1.60606,1.13,1.14
2011.12.15 22:26:33.250,1.60443,1.60601,1.50,1.14
2011.12.15 22:26:33.590,1.60443,1.60601,1.50,1.14
2011.12.15 22:26:35.846,1.60442,1.60602,1.50,1.14
2011.12.15 22:26:36.994,1.60435,1.60588,1.50,1.14
2011.12.15 22:26:47.717,1.60435,1.60588,1.50,1.14
2011.12.15 22:26:55.188,1.60436,1.60587,1.50,1.14
2011.12.15 22:26:55.958,1.60436,1.60587,1.50,1.14
2011.12.15 22:26:56.508,1.60423,1.6058,1.50,1.14
2011.12.15 22:26:58.228,1.60423,1.60579,1.50,1.14
2011.12.15 22:27:08.231,1.60396,1.60579,1.33,1.14
2011.12.15 22:27:09.869,1.60501,1.60588,0.75,1.81
2011.12.15 22:27:10.119,1.60496,1.60609,1.50,1.13
2011.12.15 22:27:10.316,1.6041,1.60593,1.13,1.14
2011.12.15 22:27:10.919,1.60398,1.60609,1.33,1.14
2011.12.15 22:27:12.088,1.60398,1.60609,1.33,1.14
2011.12.15 22:27:16.197,1.60546,1.60617,0.75,1.21
2011.12.15 22:27:16.408,1.60477,1.60668,1.50,1.62
2011.12.15 22:27:16.479,1.60477,1.60668,1.50,1.62
2011.12.15 22:27:16.547,1.60477,1.60668,1.50,1.62
2011.12.15 22:27:16.666,1.60477,1.60688,0.75,1.14
2011.12.15 22:27:16.787,1.60481,1.60676,0.75,1.14
2011.12.15 22:27:17.548,1.60476,1.60675,0.75,1.14
2011.12.15 22:27:18.147,1.60466,1.60674,0.75,1.14
2011.12.15 22:27:18.986,1.60414,1.60663,1.13,1.14
2011.12.15 22:27:19.935,1.60411,1.60653,1.13,1.14
2011.12.15 22:27:20.115,1.60411,1.60653,1.13,1.14
2011.12.15 22:27:20.296,1.60391,1.60644,1.13,1.14
2011.12.15 22:27:30.935,1.60451,1.60648,0.75,1.14
2011.12.15 22:27:31.214,1.60382,1.60648,1.13,1.14
2011.12.15 22:27:31.496,1.60372,1.60642,1.13,1.14
2011.12.15 22:27:31.736,1.60427,1.60644,0.75,1.14
2011.12.15 22:27:31.917,1.60421,1.60643,0.75,1.14
2011.12.15 22:27:32.065,1.60417,1.60643,0.75,1.14
2011.12.15 22:27:32.411,1.60422,1.60645,0.75,1.14
2011.12.15 22:27:38.719,1.60417,1.60645,0.75,1.14
2011.12.15 22:27:44.160,1.60417,1.60623,0.75,1.50
2011.12.15 22:27:44.466,1.60416,1.60574,0.75,1.14
2011.12.15 22:27:47.215,1.60422,1.60583,0.75,1.51
2011.12.15 22:27:47.386,1.60422,1.60611,0.75,1.13
2011.12.15 22:27:47.808,1.60442,1.60611,0.75,1.13
2011.12.15 22:27:50.919,1.60427,1.60595,0.75,1.14
2011.12.15 22:27:54.853,1.60432,1.60596,0.75,1.14
2011.12.15 22:27:58.996,1.60447,1.60596,0.75,1.14
2011.12.15 22:28:13.696,1.60386,1.60604,1.13,1.13
2011.12.15 22:28:13.935,1.60356,1.60611,1.13,1.13
2011.12.15 22:28:14.956,1.60407,1.60616,0.75,1.14
2011.12.15 22:28:15.450,1.6034,1.60623,1.13,1.13
2011.12.15 22:28:23.937,1.6034,1.60623,1.13,1.13
2011.12.15 22:28:24.246,1.60407,1.60623,0.75,1.13
2011.12.15 22:28:37.127,1.60402,1.60623,0.75,1.13
2011.12.15 22:28:48.126,1.60406,1.6062,0.75,1.13
2011.12.15 22:28:49.296,1.6034,1.6062,1.13,1.13
2011.12.15 22:28:52.626,1.60407,1.6062,0.75,1.13
2011.12.15 22:28:56.710,1.6034,1.6062,1.13,1.13
2011.12.15 22:29:22.009,1.60407,1.6062,0.75,1.13
2011.12.15 22:29:25.591,1.6034,1.60558,1.13,0.75
2011.12.15 22:29:26.435,1.60416,1.60616,0.75,1.13
2011.12.15 22:29:26.796,1.60411,1.60615,0.75,1.13
2011.12.15 22:29:26.996,1.6034,1.60604,1.13,1.13
2011.12.15 22:29:27.617,1.6034,1.60604,1.13,1.13
2011.12.15 22:29:43.127,1.60402,1.60604,0.75,1.13
2011.12.15 22:29:46.459,1.6034,1.60604,1.50,1.13
2011.12.15 22:30:07.476,1.6035,1.60605,1.13,1.13
2011.12.15 22:30:07.734,1.60357,1.60615,1.13,1.13
2011.12.15 22:30:07.956,1.60357,1.60624,1.13,1.13
2011.12.15 22:30:08.177,1.60358,1.60631,1.13,1.13
2011.12.15 22:30:11.210,1.60347,1.60692,1.13,1.14
2011.12.15 22:30:14.093,1.60347,1.60703,1.88,1.13
2011.12.15 22:30:14.936,1.60358,1.60604,1.13,0.75
2011.12.15 22:30:16.468,1.60421,1.60657,0.75,1.13
2011.12.15 22:30:17.035,1.60357,1.60579,1.13,0.75
2011.12.15 22:30:18.154,1.60357,1.60641,1.13,1.13
2011.12.15 22:30:20.476,1.60358,1.6064,1.50,1.13
2011.12.15 22:30:20.654,1.60357,1.60553,1.13,0.75
2011.12.15 22:30:21.209,1.60352,1.60609,1.50,1.13
2011.12.15 22:30:22.707,1.60352,1.60609,1.50,1.13
2011.12.15 22:30:23.015,1.60352,1.60609,1.50,1.13
2011.12.15 22:30:32.618,1.60364,1.60595,1.50,1.14
2011.12.15 22:30:33.085,1.60363,1.60596,1.50,1.14
2011.12.15 22:30:33.144,1.60363,1.60596,1.50,1.14
2011.12.15 22:30:35.618,1.60356,1.60569,1.50,1.50
2011.12.15 22:30:35.980,1.60363,1.60537,1.50,1.13
2011.12.15 22:30:40.178,1.60363,1.60542,1.50,1.51
2011.12.15 22:30:40.365,1.60355,1.60624,1.50,1.14
2011.12.15 22:30:40.425,1.60361,1.60624,1.13,1.14
2011.12.15 22:30:40.666,1.60368,1.60634,1.13,1.13
2011.12.15 22:30:42.486,1.60432,1.60643,0.75,1.13
2011.12.15 22:30:47.436,1.60368,1.60643,1.13,1.13
2011.12.15 22:30:51.616,1.60437,1.60643,0.75,1.13
2011.12.15 22:30:51.984,1.60431,1.60647,0.75,1.13
2011.12.15 22:30:54.376,1.60437,1.60647,0.75,1.13
2011.12.15 22:30:55.915,1.60437,1.60647,0.75,1.13
2011.12.15 22:30:56.869,1.60432,1.60686,0.75,1.13
2011.12.15 22:30:57.125,1.60369,1.60678,1.50,1.13
2011.12.15 22:30:58.168,1.6037,1.60678,1.50,1.13
2011.12.15 22:30:58.886,1.60369,1.60678,1.50,1.13
2011.12.15 22:31:13.396,1.60422,1.60678,0.75,1.13
2011.12.15 22:31:14.719,1.60416,1.60678,0.75,1.13
2011.12.15 22:31:14.857,1.60421,1.60678,0.75,1.13
2011.12.15 22:31:15.118,1.60421,1.60678,0.75,1.13
2011.12.15 22:31:19.617,1.60366,1.60678,1.50,1.13
2011.12.15 22:31:26.837,1.60367,1.60678,1.50,1.13
2011.12.15 22:31:27.145,1.60432,1.60678,0.75,1.13
2011.12.15 22:31:50.225,1.60399,1.60656,1.50,1.14
2011.12.15 22:31:54.707,1.60413,1.60629,1.50,1.14
2011.12.15 22:31:55.378,1.6041,1.60626,1.50,1.14
2011.12.15 22:31:57.897,1.6041,1.60626,1.50,1.14
2011.12.15 22:32:17.437,1.60405,1.60623,1.50,1.14
2011.12.15 22:32:18.731,1.60404,1.60623,1.50,1.14
2011.12.15 22:32:22.196,1.60405,1.60623,1.50,1.14
2011.12.15 22:32:25.996,1.60405,1.60621,1.50,1.14
2011.12.15 22:32:30.414,1.60403,1.60619,1.50,1.14
2011.12.15 22:32:30.654,1.604,1.60607,1.50,1.14
2011.12.15 22:32:33.146,1.60399,1.60608,1.50,1.14
2011.12.15 22:32:33.395,1.604,1.60608,1.50,1.14
2011.12.15 22:32:33.875,1.60433,1.60613,1.50,1.14
2011.12.15 22:32:34.217,1.60433,1.60608,1.50,1.14
2011.12.15 22:32:35.935,1.60419,1.60629,1.50,1.14
2011.12.15 22:33:00.350,1.6044,1.60611,1.50,1.14
2011.12.15 22:33:01.945,1.60439,1.60612,1.50,1.14
2011.12.15 22:33:22.118,1.60412,1.60641,1.50,1.14
2011.12.15 22:33:34.345,1.60418,1.60644,1.50,1.13
2011.12.15 22:33:37.027,1.60418,1.60644,1.50,1.13
2011.12.15 22:33:37.386,1.60424,1.60644,1.50,1.13
2011.12.15 22:33:37.990,1.60429,1.60644,1.50,1.13
2011.12.15 22:33:39.667,1.60432,1.60642,1.50,1.13
2011.12.15 22:33:40.325,1.60429,1.60644,1.50,1.50
2011.12.15 22:33:40.647,1.60438,1.60642,1.50,1.13
2011.12.15 22:33:43.271,1.60438,1.60643,1.50,1.13
2011.12.15 22:33:43.337,1.60438,1.60643,1.50,1.13
2011.12.15 22:33:43.457,1.60433,1.60643,1.50,1.13
2011.12.15 22:33:45.900,1.60429,1.60638,1.50,2.18
2011.12.15 22:33:46.445,1.60429,1.60638,1.50,2.18
2011.12.15 22:33:47.255,1.60435,1.60638,1.50,2.18
2011.12.15 22:33:47.569,1.60448,1.60639,2.18,2.18
2011.12.15 22:33:47.639,1.60448,1.60639,2.18,2.18
2011.12.15 22:33:47.826,1.60447,1.6064,2.18,2.18
2011.12.15 22:33:53.836,1.60447,1.6064,2.18,2.18
2011.12.15 22:33:53.896,1.60447,1.6064,2.18,2.18
2011.12.15 22:33:54.697,1.60428,1.60638,2.18,2.18
2011.12.15 22:33:55.255,1.6042,1.60644,1.50,1.13
2011.12.15 22:33:55.427,1.6042,1.60646,1.50,1.13
2011.12.15 22:33:55.735,1.60447,1.60665,1.50,1.13
2011.12.15 22:33:55.974,1.60462,1.60653,1.50,1.14
2011.12.15 22:33:58.155,1.60477,1.60642,1.50,1.14
2011.12.15 22:33:58.713,1.60481,1.60641,1.50,1.14
2011.12.15 22:34:13.435,1.60462,1.6066,1.50,1.14
2011.12.15 22:34:13.896,1.60477,1.60646,1.50,1.14
2011.12.15 22:34:15.912,1.60477,1.60643,1.50,1.14
2011.12.15 22:34:16.224,1.60481,1.60646,1.50,1.14
2011.12.15 22:34:17.070,1.60481,1.60645,1.50,1.14
2011.12.15 22:34:18.435,1.60481,1.60646,1.50,1.14
2011.12.15 22:34:19.354,1.60485,1.60646,1.50,1.14
2011.12.15 22:34:21.011,1.60482,1.60649,1.50,1.14
2011.12.15 22:34:21.075,1.60482,1.60646,1.50,1.14
2011.12.15 22:34:21.624,1.60482,1.60647,1.50,1.14
2011.12.15 22:34:24.484,1.60482,1.60645,1.50,1.14
2011.12.15 22:34:25.034,1.60482,1.60644,1.50,1.14
2011.12.15 22:34:27.014,1.60482,1.60645,1.50,1.14
2011.12.15 22:34:28.094,1.60482,1.60644,1.50,1.14
2011.12.15 22:34:28.924,1.60484,1.60644,1.50,1.14
2011.12.15 22:34:30.185,1.60482,1.60647,1.50,1.14
2011.12.15 22:34:30.305,1.60482,1.60644,1.50,1.14
2011.12.15 22:34:32.388,1.60486,1.60648,1.50,1.14
2011.12.15 22:34:37.438,1.60486,1.60646,1.50,1.14
2011.12.15 22:34:37.615,1.60486,1.60642,1.50,1.14
2011.12.15 22:34:37.856,1.60481,1.60644,1.50,1.14
2011.12.15 22:34:38.066,1.60477,1.60665,1.50,1.50
2011.12.15 22:34:38.778,1.60477,1.60661,1.50,1.13
2011.12.15 22:34:38.849,1.60486,1.60653,1.50,1.14
2011.12.15 22:34:40.966,1.60502,1.60653,1.50,1.14
2011.12.15 22:34:41.195,1.60496,1.60653,1.50,1.14
2011.12.15 22:34:41.498,1.60496,1.60651,1.50,1.14
2011.12.15 22:34:41.565,1.60506,1.60651,1.50,1.14
2011.12.15 22:34:41.776,1.60496,1.6065,1.50,1.14
2011.12.15 22:34:42.111,1.60507,1.60651,1.50,1.14
2011.12.15 22:34:42.782,1.60507,1.6065,1.50,1.14
2011.12.15 22:34:46.682,1.60496,1.6065,1.50,1.14
2011.12.15 22:34:47.197,1.60496,1.60651,1.50,1.14
2011.12.15 22:34:48.158,1.60486,1.60651,1.50,1.14
2011.12.15 22:34:48.695,1.60486,1.6065,1.50,1.14
2011.12.15 22:34:51.440,1.60497,1.6065,1.50,1.14
2011.12.15 22:34:52.035,1.60497,1.60651,1.50,1.14
2011.12.15 22:34:55.608,1.60506,1.60649,1.50,1.14
2011.12.15 22:34:55.794,1.60497,1.60645,1.50,1.14
2011.12.15 22:34:56.056,1.60502,1.60646,1.50,1.14
2011.12.15 22:34:56.255,1.60496,1.60645,1.50,1.14
2011.12.15 22:34:57.431,1.60503,1.60645,1.50,1.14
2011.12.15 22:34:58.075,1.6048,1.60659,1.50,1.13
2011.12.15 22:34:58.137,1.6048,1.60659,1.50,1.13
2011.12.15 22:34:58.254,1.6048,1.6066,1.50,1.14
2011.12.15 22:35:12.394,1.60474,1.60662,1.50,1.14
2011.12.15 22:35:12.716,1.60469,1.60661,1.50,1.14
2011.12.15 22:35:17.225,1.60482,1.60644,1.50,1.13
2011.12.15 22:35:20.468,1.60481,1.60631,1.50,1.14
2011.12.15 22:35:23.210,1.60482,1.60631,1.50,1.14
2011.12.15 22:35:27.180,1.60482,1.60631,1.50,1.14
2011.12.15 22:35:38.278,1.60487,1.60637,1.50,1.14
2011.12.15 22:35:40.946,1.60479,1.60643,1.50,1.13
2011.12.15 22:35:41.138,1.60477,1.60644,1.50,1.50
2011.12.15 22:35:41.496,1.60469,1.60662,1.50,1.13
2011.12.15 22:35:41.968,1.6049,1.60665,2.18,1.13
2011.12.15 22:35:43.128,1.6049,1.60665,2.18,1.13
2011.12.15 22:35:43.232,1.6049,1.60665,2.18,1.13
2011.12.15 22:35:43.898,1.6049,1.60665,2.18,1.13
2011.12.15 22:35:44.086,1.6049,1.60663,2.18,1.13
2011.12.15 22:35:44.207,1.6049,1.60663,2.18,1.13
2011.12.15 22:35:45.061,1.6049,1.60663,2.18,1.13
2011.12.15 22:35:45.171,1.6049,1.60663,2.18,1.13
2011.12.15 22:35:45.627,1.6049,1.60663,2.18,1.13
2011.12.15 22:35:52.018,1.6049,1.60661,2.18,1.13
2011.12.15 22:35:52.139,1.6049,1.60661,2.18,1.13
2011.12.15 22:35:52.267,1.6049,1.60658,2.18,1.13
2011.12.15 22:35:56.571,1.6049,1.60656,2.18,1.13
2011.12.15 22:35:56.815,1.6049,1.60657,2.18,1.13
2011.12.15 22:35:57.398,1.6049,1.60657,2.18,1.13
2011.12.15 22:35:57.777,1.6049,1.60657,2.18,1.13
2011.12.15 22:35:57.836,1.6049,1.60653,2.18,1.13
2011.12.15 22:35:58.307,1.6049,1.60653,2.18,1.13
2011.12.15 22:36:00.369,1.60479,1.60653,2.18,1.13
2011.12.15 22:36:03.648,1.6048,1.60653,2.18,1.13
2011.12.15 22:36:03.718,1.6048,1.60653,2.18,1.13
2011.12.15 22:36:04.426,1.60479,1.60655,2.18,1.13
2011.12.15 22:36:06.707,1.60479,1.60653,2.18,1.13
2011.12.15 22:36:06.766,1.60479,1.60653,2.18,1.13
2011.12.15 22:36:06.887,1.60469,1.60655,2.93,1.13
2011.12.15 22:36:09.370,1.60461,1.60656,1.50,1.13
2011.12.15 22:36:09.622,1.60466,1.60657,1.50,1.13
2011.12.15 22:36:12.166,1.60462,1.60656,1.50,1.13
2011.12.15 22:36:15.359,1.60463,1.60654,1.50,1.13
2011.12.15 22:36:16.468,1.60478,1.60654,1.43,1.13
2011.12.15 22:36:16.527,1.60478,1.60654,2.18,1.13
2011.12.15 22:36:16.646,1.60478,1.60654,2.18,1.13
2011.12.15 22:36:17.649,1.6048,1.6065,1.50,1.13
2011.12.15 22:36:17.776,1.6048,1.60651,1.50,1.13
2011.12.15 22:36:18.117,1.60475,1.60653,1.50,1.13
2011.12.15 22:36:18.426,1.60471,1.60653,1.50,1.13
2011.12.15 22:36:19.638,1.60472,1.60653,1.50,1.13
2011.12.15 22:36:33.736,1.60473,1.60653,1.50,1.13
2011.12.15 22:36:34.017,1.60474,1.60653,1.50,1.13
2011.12.15 22:36:34.645,1.60473,1.60653,1.50,1.13
2011.12.15 22:36:35.166,1.60474,1.60653,1.50,1.13
2011.12.15 22:36:48.388,1.60469,1.60653,2.18,1.13
2011.12.15 22:36:53.119,1.60485,1.60624,1.50,1.51
2011.12.15 22:37:04.887,1.60483,1.60622,1.50,1.14
2011.12.15 22:37:11.649,1.60484,1.60621,1.50,1.14
2011.12.15 22:37:17.797,1.60484,1.60621,1.50,1.14
2011.12.15 22:37:20.233,1.60484,1.60621,1.50,1.14
2011.12.15 22:37:23.247,1.60484,1.60623,1.50,1.51
2011.12.15 22:37:23.374,1.60484,1.60623,1.50,1.51
2011.12.15 22:37:23.630,1.60477,1.6062,1.50,1.13
2011.12.15 22:37:24.216,1.60474,1.60619,1.50,1.13
2011.12.15 22:37:28.916,1.60474,1.60621,1.50,1.13
2011.12.15 22:37:29.285,1.60462,1.60614,1.50,1.14
2011.12.15 22:37:29.899,1.60463,1.60614,1.50,1.14
2011.12.15 22:37:30.236,1.60464,1.60613,1.50,1.14
2011.12.15 22:37:32.528,1.60463,1.60614,1.50,1.14
2011.12.15 22:37:32.901,1.60461,1.60613,1.50,1.14
2011.12.15 22:37:33.574,1.6046,1.60613,1.50,1.14
2011.12.15 22:37:33.902,1.60461,1.60619,1.50,1.51
2011.12.15 22:37:34.612,1.6046,1.60619,1.50,1.51
2011.12.15 22:37:36.564,1.60461,1.60619,1.50,1.51
2011.12.15 22:37:39.545,1.60458,1.60619,1.50,1.51
2011.12.15 22:37:40.640,1.60458,1.60613,1.50,1.14
2011.12.15 22:37:41.573,1.60459,1.60613,1.50,1.14
2011.12.15 22:37:43.017,1.60458,1.60613,1.50,1.14
2011.12.15 22:37:43.228,1.60459,1.60619,1.50,1.51
2011.12.15 22:37:43.785,1.60456,1.60619,1.50,1.51
2011.12.15 22:37:56.969,1.60455,1.60621,1.50,1.14
2011.12.15 22:38:00.626,1.60451,1.6062,1.50,1.14
2011.12.15 22:38:02.617,1.60453,1.6062,1.50,1.14
2011.12.15 22:38:11.248,1.60453,1.6062,1.50,1.14
2011.12.15 22:38:13.422,1.60453,1.60615,1.50,1.14
2011.12.15 22:38:13.485,1.60453,1.60598,1.50,1.13
2011.12.15 22:38:13.676,1.60453,1.60596,1.50,1.13
2011.12.15 22:38:14.172,1.6044,1.60593,1.50,1.14
2011.12.15 22:38:14.685,1.60443,1.60593,1.50,1.51
2011.12.15 22:38:14.746,1.60443,1.60592,1.50,1.13
2011.12.15 22:38:15.857,1.60442,1.60592,1.50,1.13
2011.12.15 22:38:17.398,1.60442,1.60583,1.50,1.13
2011.12.15 22:38:17.754,1.60443,1.60583,1.50,1.13
2011.12.15 22:38:18.469,1.60446,1.60583,1.50,1.13
2011.12.15 22:38:21.480,1.60448,1.60583,1.50,1.13
2011.12.15 22:38:23.360,1.60444,1.60588,1.50,1.50
2011.12.15 22:38:24.606,1.60445,1.60584,1.50,1.13
2011.12.15 22:38:25.196,1.60446,1.60584,1.50,1.50
2011.12.15 22:38:25.384,1.60446,1.60584,1.50,1.88
2011.12.15 22:38:25.726,1.60431,1.60573,1.50,1.51
2011.12.15 22:38:26.166,1.60431,1.60569,1.50,1.51
2011.12.15 22:38:30.952,1.60436,1.60563,1.50,1.13
2011.12.15 22:38:31.529,1.60439,1.60569,1.50,1.51
2011.12.15 22:38:31.588,1.6044,1.60563,1.50,1.13
2011.12.15 22:38:31.936,1.60442,1.60574,1.50,1.51
2011.12.15 22:38:31.998,1.60443,1.60559,1.50,1.13
2011.12.15 22:38:32.931,1.60442,1.60553,1.50,1.13
2011.12.15 22:38:36.073,1.60452,1.60559,1.50,1.13
2011.12.15 22:38:38.255,1.60451,1.60558,1.50,1.13
2011.12.15 22:38:38.320,1.60451,1.60558,1.50,1.13
2011.12.15 22:38:38.825,1.60452,1.60558,1.50,1.13
2011.12.15 22:38:39.307,1.60451,1.60559,1.50,1.13
2011.12.15 22:38:39.798,1.60452,1.60559,1.50,1.13
2011.12.15 22:38:41.228,1.60452,1.60559,1.50,1.13
2011.12.15 22:38:42.544,1.60451,1.60553,1.50,1.13
2011.12.15 22:38:42.666,1.60452,1.60554,1.50,1.13
2011.12.15 22:38:45.216,1.60451,1.60553,1.50,1.13
2011.12.15 22:38:45.619,1.60451,1.60558,1.50,1.13
2011.12.15 22:38:50.388,1.60451,1.60553,1.50,1.13
2011.12.15 22:38:50.717,1.60437,1.60552,1.50,1.13
2011.12.15 22:38:50.836,1.60436,1.60552,1.13,1.13
2011.12.15 22:38:50.959,1.60436,1.60553,1.13,1.13
2011.12.15 22:38:51.280,1.60428,1.60552,1.50,1.13
2011.12.15 22:38:51.345,1.60428,1.60554,1.50,1.13
2011.12.15 22:38:53.992,1.60429,1.60554,1.50,1.13
2011.12.15 22:38:56.318,1.60429,1.60559,1.50,1.13
2011.12.15 22:38:59.484,1.60426,1.60564,1.50,1.13
2011.12.15 22:38:59.817,1.60425,1.60574,1.50,1.51
2011.12.15 22:39:02.399,1.60425,1.60568,1.50,1.51
2011.12.15 22:39:02.998,1.60427,1.60569,1.50,1.51
2011.12.15 22:39:03.069,1.60428,1.60564,1.50,1.13
2011.12.15 22:39:11.046,1.60434,1.60558,1.50,1.13
2011.12.15 22:39:11.184,1.60434,1.60559,1.50,1.13
2011.12.15 22:39:11.625,1.60435,1.60559,1.50,1.13
2011.12.15 22:39:12.063,1.60434,1.60558,1.50,1.13
2011.12.15 22:39:14.060,1.60434,1.60563,1.50,1.13
2011.12.15 22:39:14.740,1.60443,1.60553,1.50,1.13
2011.12.15 22:39:15.599,1.60442,1.60553,1.50,1.13
2011.12.15 22:39:18.975,1.60446,1.60553,1.50,1.13
2011.12.15 22:39:19.395,1.60445,1.60554,1.50,1.13
2011.12.15 22:39:23.977,1.60445,1.60563,1.13,1.13
2011.12.15 22:39:24.608,1.60445,1.60563,1.13,1.13
2011.12.15 22:39:27.097,1.60435,1.60573,1.88,1.51
2011.12.15 22:39:27.451,1.60435,1.60563,1.13,1.13
2011.12.15 22:39:33.869,1.60435,1.60569,1.88,1.13
2011.12.15 22:39:41.178,1.60436,1.60574,1.13,1.51
2011.12.15 22:39:41.358,1.60435,1.60574,1.13,1.51
2011.12.15 22:39:46.488,1.60437,1.60563,1.50,1.13
2011.12.15 22:39:47.350,1.60437,1.60568,1.50,1.13
2011.12.15 22:39:47.788,1.60435,1.60573,1.13,1.51
2011.12.15 22:39:56.639,1.60435,1.60568,1.13,1.13
2011.12.15 22:39:59.056,1.60435,1.60574,1.13,1.51
2011.12.15 22:40:01.580,1.60435,1.60564,1.13,1.13
2011.12.15 22:40:01.646,1.60435,1.60569,1.13,1.13
2011.12.15 22:40:02.368,1.60435,1.6057,1.50,1.14
2011.12.15 22:40:03.640,1.60435,1.60563,1.50,1.50
2011.12.15 22:40:03.757,1.60435,1.60563,1.50,1.50
2011.12.15 22:40:16.760,1.60435,1.60559,1.50,1.50
2011.12.15 22:40:17.305,1.60435,1.60563,1.50,1.50
2011.12.15 22:40:21.278,1.60435,1.60558,1.50,1.50
2011.12.15 22:40:25.697,1.60435,1.60564,1.50,1.50
2011.12.15 22:40:30.154,1.60436,1.60562,1.50,1.14
2011.12.15 22:40:32.236,1.60435,1.60562,1.50,1.14
2011.12.15 22:40:57.553,1.60435,1.60559,1.50,1.50
2011.12.15 22:41:16.252,1.60435,1.60558,1.50,1.50
2011.12.15 22:41:26.934,1.60436,1.60558,1.50,1.50
2011.12.15 22:41:29.231,1.60435,1.60558,1.50,1.50
2011.12.15 22:41:50.248,1.60435,1.60566,1.50,1.14
2011.12.15 22:41:50.366,1.60435,1.60568,1.50,1.50
2011.12.15 22:41:50.610,1.60436,1.60564,1.50,1.50
2011.12.15 22:41:51.156,1.60436,1.60566,1.50,1.14
2011.12.15 22:41:51.218,1.60436,1.60566,1.50,1.14
2011.12.15 22:41:51.467,1.60436,1.60564,1.50,1.50
2011.12.15 22:41:51.687,1.60435,1.60564,1.50,1.50
2011.12.15 22:41:52.916,1.60435,1.60559,1.50,1.50
2011.12.15 22:41:55.530,1.60435,1.60563,1.50,1.50
2011.12.15 22:41:57.060,1.60435,1.60558,1.50,1.50
2011.12.15 22:41:58.349,1.60435,1.60553,1.50,1.50
2011.12.15 22:41:59.620,1.60435,1.60549,1.50,1.50
2011.12.15 22:42:02.336,1.60435,1.60559,1.50,1.50
2011.12.15 22:42:02.457,1.60435,1.60559,1.50,1.50
2011.12.15 22:42:02.996,1.60435,1.60559,1.50,1.50
2011.12.15 22:42:05.257,1.60435,1.60559,1.50,1.50
2011.12.15 22:42:06.429,1.60435,1.60559,1.50,1.50
2011.12.15 22:42:09.940,1.60435,1.60559,1.50,1.50
2011.12.15 22:42:11.666,1.60435,1.60559,1.50,1.50
2011.12.15 22:42:11.996,1.60435,1.60559,1.50,1.50
2011.12.15 22:42:12.788,1.60435,1.60559,1.50,1.50
2011.12.15 22:42:16.660,1.60435,1.60564,1.50,1.50
2011.12.15 22:42:17.270,1.60435,1.60567,1.50,1.14
2011.12.15 22:42:18.351,1.60435,1.60564,1.50,1.50
2011.12.15 22:42:18.418,1.60435,1.60559,1.50,1.50
2011.12.15 22:42:19.910,1.60435,1.60559,1.50,1.50
2011.12.15 22:42:20.505,1.60435,1.60559,1.50,1.50
2011.12.15 22:42:21.046,1.60423,1.60558,1.50,1.50
2011.12.15 22:42:23.666,1.60424,1.60559,1.50,1.14
2011.12.15 22:42:23.918,1.60424,1.60559,1.50,1.14
2011.12.15 22:42:34.966,1.60441,1.60558,1.50,1.50
2011.12.15 22:42:35.205,1.60441,1.60568,1.50,1.89
2011.12.15 22:42:35.445,1.60436,1.60567,1.50,1.13
2011.12.15 22:42:35.807,1.60411,1.60553,1.50,1.14
2011.12.15 22:42:38.387,1.60411,1.60558,1.50,1.14
2011.12.15 22:42:38.745,1.6039,1.60555,1.50,1.14
2011.12.15 22:42:52.694,1.6039,1.60555,1.50,1.14
2011.12.15 22:42:55.873,1.60389,1.60555,1.50,1.14
2011.12.15 22:42:57.872,1.6039,1.60555,1.50,1.14
2011.12.15 22:42:59.985,1.6039,1.60551,1.50,1.14
2011.12.15 22:43:00.045,1.60388,1.60549,1.50,1.81
2011.12.15 22:43:00.395,1.60387,1.60539,1.50,1.14
2011.12.15 22:43:02.793,1.60388,1.60539,1.50,1.14
2011.12.15 22:43:03.136,1.60387,1.60546,1.50,1.14
2011.12.15 22:43:03.255,1.6039,1.60546,1.50,1.14
2011.12.15 22:43:03.439,1.6039,1.60548,1.50,1.14
2011.12.15 22:43:03.754,1.6039,1.60546,1.87,1.14
2011.12.15 22:43:05.129,1.60389,1.6055,1.50,1.14
2011.12.15 22:43:10.380,1.60389,1.60548,1.50,1.51
2011.12.15 22:43:19.167,1.60387,1.60548,1.50,1.51
2011.12.15 22:43:28.121,1.60388,1.60548,1.50,1.51
2011.12.15 22:43:32.803,1.60386,1.60547,1.50,1.14
2011.12.15 22:43:33.687,1.60387,1.60547,1.50,1.14
2011.12.15 22:43:33.750,1.60387,1.60547,1.50,1.14
2011.12.15 22:43:33.815,1.6039,1.60551,1.50,1.14
2011.12.15 22:43:34.747,1.60389,1.60551,1.50,1.14
2011.12.15 22:43:37.176,1.60391,1.60553,1.50,1.51
2011.12.15 22:43:37.747,1.60392,1.60553,1.50,1.51
2011.12.15 22:43:38.317,1.60389,1.60548,1.50,1.14
2011.12.15 22:43:38.776,1.60394,1.60548,1.50,1.51
2011.12.15 22:43:38.976,1.60394,1.60543,1.50,1.14
2011.12.15 22:43:40.526,1.60393,1.60549,1.50,1.14
2011.12.15 22:43:41.136,1.60394,1.60549,1.50,1.14
2011.12.15 22:43:51.165,1.60413,1.60553,1.13,1.51
2011.12.15 22:43:51.438,1.6043,1.60564,1.50,1.50
2011.12.15 22:43:51.496,1.6043,1.60564,1.50,1.50
2011.12.15 22:43:52.476,1.6043,1.60558,1.12,2.18
2011.12.15 22:43:52.658,1.6042,1.60545,1.13,1.14
2011.12.15 22:43:53.017,1.60387,1.60533,1.50,1.14
2011.12.15 22:43:53.497,1.60387,1.60529,1.50,1.14
2011.12.15 22:43:53.615,1.60386,1.60529,1.50,1.14
2011.12.15 22:43:55.077,1.60387,1.60538,1.50,1.14
2011.12.15 22:43:55.756,1.60386,1.60538,1.50,1.14
2011.12.15 22:43:55.815,1.60386,1.60533,1.50,1.14
2011.12.15 22:43:55.996,1.60384,1.60539,1.50,3.31
2011.12.15 22:44:04.066,1.60385,1.60539,1.50,1.14
2011.12.15 22:44:04.255,1.60388,1.60539,1.50,1.14
2011.12.15 22:44:04.908,1.60387,1.6054,1.50,1.14
2011.12.15 22:44:13.440,1.60388,1.60539,1.50,1.14
2011.12.15 22:44:13.936,1.60387,1.6054,1.50,1.14
2011.12.15 22:44:14.270,1.60394,1.60538,1.50,1.14
2011.12.15 22:44:14.633,1.60393,1.60532,1.87,1.14
2011.12.15 22:44:15.149,1.60393,1.60532,1.87,1.14
2011.12.15 22:44:16.066,1.60392,1.60533,1.87,1.14
2011.12.15 22:44:17.676,1.60392,1.60533,1.87,1.14
2011.12.15 22:44:17.996,1.60393,1.60532,1.87,1.14
2011.12.15 22:44:19.649,1.60392,1.60533,1.87,1.14
2011.12.15 22:44:21.359,1.60393,1.60532,1.87,1.14
2011.12.15 22:44:21.957,1.60393,1.60532,1.87,1.14
2011.12.15 22:44:22.293,1.60392,1.60533,1.87,1.14
2011.12.15 22:44:32.952,1.60392,1.60533,1.50,1.14
2011.12.15 22:44:33.947,1.60392,1.60534,1.50,1.14
2011.12.15 22:44:35.077,1.60393,1.60534,1.50,1.14
2011.12.15 22:44:35.668,1.60404,1.60538,1.50,1.14
2011.12.15 22:44:35.785,1.60404,1.60541,1.50,1.13
2011.12.15 22:44:36.028,1.60407,1.60545,1.50,1.13
2011.12.15 22:44:36.848,1.60414,1.60543,1.50,1.50
2011.12.15 22:44:37.966,1.60414,1.60553,1.50,1.51
2011.12.15 22:44:38.155,1.60418,1.60556,1.50,1.14
2011.12.15 22:44:38.217,1.60418,1.60558,1.50,1.14
2011.12.15 22:44:38.995,1.60418,1.60563,1.50,1.51
2011.12.15 22:44:39.056,1.60416,1.60563,1.50,1.51
2011.12.15 22:44:39.177,1.60416,1.60563,1.50,1.51
2011.12.15 22:44:39.296,1.60407,1.60563,2.18,1.51
2011.12.15 22:44:39.704,1.60399,1.60555,1.50,1.14
2011.12.15 22:44:40.709,1.60399,1.60555,1.50,1.14
2011.12.15 22:44:42.340,1.60401,1.60549,1.50,1.51
2011.12.15 22:44:43.539,1.60402,1.60549,1.50,1.51
2011.12.15 22:44:43.944,1.60402,1.60552,1.50,1.14
2011.12.15 22:44:45.426,1.60401,1.60548,1.50,1.51
2011.12.15 22:44:45.696,1.60402,1.60539,1.50,1.14
2011.12.15 22:44:45.817,1.60396,1.60543,1.50,1.14
2011.12.15 22:44:45.878,1.60396,1.60538,1.50,1.14
2011.12.15 22:44:50.034,1.60397,1.60538,1.50,1.14
2011.12.15 22:44:52.653,1.60396,1.60538,1.50,1.14
2011.12.15 22:44:53.410,1.60397,1.60538,1.50,1.14
2011.12.15 22:44:54.695,1.60397,1.60537,1.50,1.14
2011.12.15 22:44:55.026,1.60394,1.60533,1.50,1.14
2011.12.15 22:44:55.436,1.60397,1.60538,1.50,1.14
2011.12.15 22:45:03.157,1.60393,1.60533,1.50,1.14
2011.12.15 22:45:03.667,1.60397,1.60538,1.50,1.14
2011.12.15 22:45:03.726,1.60397,1.60538,1.50,1.14
2011.12.15 22:45:05.314,1.60393,1.60532,1.50,1.14
2011.12.15 22:45:06.110,1.60398,1.60536,1.50,1.14
2011.12.15 22:45:06.176,1.60398,1.60536,1.50,1.14
2011.12.15 22:45:10.986,1.60393,1.60532,1.50,1.14
2011.12.15 22:45:11.415,1.60397,1.60538,1.50,1.14
2011.12.15 22:45:15.716,1.60392,1.60533,1.50,1.14
2011.12.15 22:45:16.286,1.60397,1.60538,1.50,1.14
2011.12.15 22:45:21.798,1.60393,1.60532,1.50,1.14
2011.12.15 22:45:24.512,1.60392,1.60533,1.50,1.14
2011.12.15 22:45:26.212,1.60392,1.60533,1.50,1.14
2011.12.15 22:45:27.320,1.60393,1.60532,1.50,1.14
2011.12.15 22:45:37.698,1.60393,1.60532,1.50,1.14
2011.12.15 22:45:40.727,1.60393,1.60532,1.50,1.14
2011.12.15 22:46:08.116,1.60393,1.60533,1.50,1.14
2011.12.15 22:46:08.626,1.60392,1.60533,1.50,1.14
2011.12.15 22:46:09.107,1.60392,1.60533,1.50,1.14
2011.12.15 22:46:13.959,1.60392,1.60533,1.50,1.14
2011.12.15 22:46:29.249,1.60393,1.60532,1.50,1.14
2011.12.15 22:46:43.392,1.60393,1.60532,1.50,1.14
2011.12.15 22:46:58.686,1.60392,1.60533,1.50,1.14
2011.12.15 22:46:59.461,1.60393,1.60532,1.50,1.14
2011.12.15 22:47:00.400,1.60392,1.60533,1.50,1.14
2011.12.15 22:47:03.617,1.60393,1.60532,1.50,1.14
2011.12.15 22:47:09.422,1.60392,1.60533,1.50,1.14
2011.12.15 22:47:10.518,1.60393,1.60532,1.50,1.14
2011.12.15 22:47:10.835,1.60393,1.60532,1.50,1.14
2011.12.15 22:47:13.768,1.60392,1.60533,1.50,1.14
2011.12.15 22:47:15.167,1.60392,1.60533,1.50,1.14
2011.12.15 22:47:16.716,1.60392,1.60533,1.50,1.14
2011.12.15 22:48:16.948,1.60393,1.60532,1.50,1.14
2011.12.15 22:48:39.416,1.60392,1.60533,1.50,1.14
2011.12.15 22:49:02.641,1.60392,1.60533,1.50,1.14
2011.12.15 22:49:06.396,1.60392,1.60533,1.50,1.14
2011.12.15 22:49:10.923,1.60376,1.60518,1.50,1.14
2011.12.15 22:49:21.056,1.60377,1.60517,1.50,1.14
2011.12.15 22:49:25.155,1.60376,1.60518,1.50,1.14
2011.12.15 22:49:27.721,1.60377,1.60517,1.50,1.14
2011.12.15 22:49:27.830,1.60377,1.60517,1.50,1.14
2011.12.15 22:49:30.906,1.60377,1.60517,1.50,1.14
2011.12.15 22:49:34.360,1.60376,1.60518,1.50,1.14
2011.12.15 22:49:34.925,1.60377,1.60517,1.50,1.14
2011.12.15 22:49:35.347,1.60377,1.60517,1.50,1.14
2011.12.15 22:49:45.987,1.60376,1.60518,1.50,1.14
2011.12.15 22:49:46.475,1.60376,1.60518,1.50,1.14
2011.12.15 22:49:49.039,1.60376,1.60518,1.50,1.14
2011.12.15 22:49:52.231,1.60377,1.60517,1.50,1.14
2011.12.15 22:49:56.527,1.60376,1.60518,1.50,1.14
2011.12.15 22:49:57.487,1.60376,1.60518,1.50,1.14
2011.12.15 22:50:00.511,1.60377,1.60517,1.50,1.14
2011.12.15 22:50:18.317,1.60377,1.60517,1.50,1.14
2011.12.15 22:50:20.996,1.60385,1.60521,1.87,1.14
2011.12.15 22:50:21.343,1.60384,1.60522,1.87,1.14
2011.12.15 22:50:21.947,1.60385,1.60521,1.87,1.14
2011.12.15 22:50:25.166,1.60388,1.60526,1.50,1.14
2011.12.15 22:50:28.614,1.60393,1.60532,1.50,1.14
2011.12.15 22:50:30.046,1.60392,1.60533,1.50,1.14
2011.12.15 22:50:30.148,1.60392,1.60533,1.50,1.14
2011.12.15 22:50:30.586,1.60392,1.60533,1.50,1.14
2011.12.15 22:50:31.547,1.60392,1.60533,1.50,1.14
2011.12.15 22:50:33.291,1.60392,1.60533,1.50,1.14
2011.12.15 22:50:34.159,1.60393,1.60532,1.50,1.14
2011.12.15 22:50:39.247,1.60392,1.60533,1.50,1.14
2011.12.15 22:50:41.406,1.60393,1.60532,1.50,1.14
2011.12.15 22:50:43.291,1.60392,1.60533,1.50,1.14
2011.12.15 22:50:52.147,1.60392,1.60533,1.50,1.14
2011.12.15 22:50:52.423,1.60393,1.60532,1.50,1.14
2011.12.15 22:50:53.394,1.60461,1.60532,0.75,1.14
2011.12.15 22:50:55.148,1.6043,1.60543,1.50,1.50
2011.12.15 22:50:55.700,1.60431,1.60542,1.50,1.50
2011.12.15 22:50:56.918,1.60431,1.60542,1.50,1.50
2011.12.15 22:50:58.707,1.60431,1.60542,1.50,1.50
2011.12.15 22:51:05.759,1.60422,1.60533,1.50,1.14
2011.12.15 22:51:05.939,1.60392,1.60533,1.50,1.14
2011.12.15 22:51:11.968,1.60378,1.60531,1.87,1.14
2011.12.15 22:51:17.138,1.60379,1.6053,1.87,1.14
2011.12.15 22:51:34.957,1.60379,1.60529,1.50,1.14
2011.12.15 22:51:36.169,1.60378,1.6053,1.50,1.14
2011.12.15 22:51:36.406,1.60363,1.60527,1.87,1.14
2011.12.15 22:51:41.019,1.60353,1.60524,1.50,1.14
2011.12.15 22:51:41.675,1.60352,1.60525,1.50,1.14
2011.12.15 22:51:41.946,1.60341,1.6052,1.50,1.14
2011.12.15 22:51:45.960,1.60352,1.60524,1.13,1.14
2011.12.15 22:51:47.723,1.60352,1.60524,1.13,1.14
2011.12.15 22:51:49.696,1.60352,1.60524,1.13,1.14
2011.12.15 22:52:14.887,1.60352,1.60523,1.13,1.14
2011.12.15 22:52:15.575,1.60352,1.60523,1.13,1.14
2011.12.15 22:52:16.648,1.60352,1.60523,1.13,1.14
2011.12.15 22:52:49.187,1.60352,1.60524,1.13,1.14
2011.12.15 22:52:50.437,1.60352,1.60524,1.13,1.14
2011.12.15 22:52:51.347,1.60352,1.60524,1.13,1.14
2011.12.15 22:52:51.623,1.60352,1.60523,1.13,1.14
2011.12.15 22:52:51.898,1.60352,1.60528,1.13,1.14
2011.12.15 22:52:52.588,1.60352,1.60528,1.13,1.14
2011.12.15 22:52:54.096,1.60352,1.60526,1.13,1.14
2011.12.15 22:52:56.306,1.60352,1.60523,1.13,1.14
2011.12.15 22:52:57.207,1.60352,1.60523,1.13,1.14
2011.12.15 22:52:58.412,1.60352,1.60523,1.13,1.14
2011.12.15 22:52:59.090,1.60352,1.6052,1.13,1.14
2011.12.15 22:53:01.676,1.60353,1.60522,1.13,1.14
2011.12.15 22:53:05.426,1.60353,1.60524,1.13,1.14
2011.12.15 22:53:06.127,1.60431,1.60525,0.75,1.14
2011.12.15 22:53:06.899,1.60394,1.60531,1.50,1.14
2011.12.15 22:53:07.888,1.60393,1.60532,1.50,1.14
2011.12.15 22:53:08.850,1.60393,1.60532,1.50,1.14
2011.12.15 22:53:12.647,1.60394,1.60531,1.50,1.14
2011.12.15 22:53:13.459,1.60393,1.60532,1.50,1.14
2011.12.15 22:53:14.066,1.60394,1.60531,1.50,1.14
2011.12.15 22:53:14.676,1.60394,1.60531,1.50,1.14
2011.12.15 22:53:15.257,1.60394,1.60531,1.50,1.14
2011.12.15 22:53:24.223,1.60394,1.60531,1.50,1.14
2011.12.15 22:53:28.425,1.60398,1.60537,1.50,1.14
2011.12.15 22:53:28.758,1.60399,1.60527,1.50,1.14
2011.12.15 22:53:29.116,1.6041,1.60527,1.50,1.50
2011.12.15 22:53:29.237,1.6041,1.60527,1.50,1.50
2011.12.15 22:53:44.543,1.60394,1.60527,1.50,1.89
2011.12.15 22:53:44.956,1.60394,1.60527,1.50,1.89
2011.12.15 22:53:54.738,1.60394,1.60527,1.50,1.89
2011.12.15 22:53:55.669,1.60394,1.60527,1.50,1.89
2011.12.15 22:54:03.868,1.60393,1.60525,1.50,1.13
2011.12.15 22:54:04.166,1.60384,1.60519,2.18,1.14
2011.12.15 22:54:19.648,1.60361,1.60519,1.13,1.14
2011.12.15 22:54:22.986,1.60372,1.60519,1.50,1.14
2011.12.15 22:54:25.186,1.60367,1.60509,1.50,1.14
2011.12.15 22:54:25.833,1.60372,1.60519,1.50,1.14
2011.12.15 22:54:45.627,1.60372,1.60519,1.50,1.14
2011.12.15 22:54:57.159,1.60372,1.60519,1.50,1.14
2011.12.15 22:55:15.187,1.60371,1.6052,1.50,1.14
2011.12.15 22:55:16.477,1.60371,1.6052,1.50,1.14
2011.12.15 22:55:20.956,1.60371,1.6052,1.50,1.14
2011.12.15 22:55:21.157,1.60442,1.60533,0.75,1.14
2011.12.15 22:55:21.217,1.60387,1.60538,1.50,1.14
2011.12.15 22:55:21.679,1.60386,1.60535,1.50,1.14
2011.12.15 22:55:58.677,1.60387,1.60534,1.50,1.14
2011.12.15 22:56:15.144,1.60386,1.60535,1.50,1.14
2011.12.15 22:56:15.630,1.60387,1.60534,1.50,1.14
2011.12.15 22:56:24.710,1.60386,1.60535,1.50,1.14
2011.12.15 22:56:25.025,1.60386,1.60535,1.50,1.14
2011.12.15 22:56:25.405,1.60386,1.60535,1.50,1.14
2011.12.15 22:56:32.191,1.60387,1.60534,1.50,1.14
2011.12.15 22:56:32.627,1.60387,1.60534,1.50,1.14
2011.12.15 22:56:34.633,1.60386,1.60535,1.50,1.14
2011.12.15 22:56:35.057,1.60386,1.60535,1.50,1.14
2011.12.15 22:56:36.466,1.60461,1.60535,0.75,1.14
2011.12.15 22:56:39.694,1.60425,1.60542,1.50,1.50
2011.12.15 22:56:40.019,1.60425,1.60542,1.50,1.50
2011.12.15 22:56:40.457,1.60425,1.60542,1.50,1.50
2011.12.15 22:56:40.896,1.60425,1.60542,1.50,1.50
2011.12.15 22:56:44.859,1.60425,1.60542,1.50,1.50
2011.12.15 22:56:45.317,1.60425,1.60542,1.50,1.50
2011.12.15 22:56:45.657,1.60425,1.60542,1.50,1.50
2011.12.15 22:56:46.157,1.60425,1.60542,1.50,1.50
2011.12.15 22:57:02.456,1.60425,1.60542,1.50,1.50
2011.12.15 22:57:07.604,1.60424,1.60543,1.50,1.50
2011.12.15 22:57:09.253,1.60424,1.60543,1.50,1.50
2011.12.15 22:57:09.568,1.60424,1.60543,1.50,1.50
2011.12.15 22:57:16.797,1.60425,1.60527,1.50,1.50
2011.12.15 22:57:20.402,1.60425,1.60527,1.50,1.50
2011.12.15 22:57:22.161,1.60425,1.60511,1.50,1.50
2011.12.15 22:57:37.508,1.60424,1.60512,1.50,1.50
2011.12.15 22:57:37.673,1.60424,1.60512,1.50,1.50
2011.12.15 22:57:50.490,1.60424,1.60512,1.50,1.50
2011.12.15 22:57:50.976,1.60424,1.60512,1.50,1.50
2011.12.15 22:57:51.311,1.60424,1.60512,1.50,1.50
2011.12.15 22:57:56.709,1.60424,1.6051,1.50,1.09
2011.12.15 22:57:57.689,1.60414,1.60499,1.50,1.50
2011.12.15 22:57:57.809,1.60424,1.60512,1.50,1.50
2011.12.15 22:57:58.222,1.60424,1.60512,1.50,1.50
2011.12.15 22:58:18.930,1.60424,1.60512,1.50,1.50
2011.12.15 22:58:19.332,1.60424,1.60512,1.50,1.50
2011.12.15 22:58:19.891,1.60424,1.60512,1.50,1.50
2011.12.15 22:58:22.378,1.60379,1.60512,2.03,1.50
2011.12.15 22:58:27.185,1.60379,1.60512,1.50,1.50
2011.12.15 22:58:28.851,1.60379,1.60512,1.50,1.50
2011.12.15 22:58:33.618,1.6038,1.60512,1.50,1.50
2011.12.15 22:58:37.709,1.60394,1.60511,1.50,1.50
2011.12.15 22:58:42.633,1.60394,1.60511,1.50,1.50
2011.12.15 22:58:43.412,1.60394,1.60511,1.50,1.50
2011.12.15 22:58:54.149,1.60394,1.60511,1.50,1.50
2011.12.15 22:58:54.631,1.60394,1.60511,1.50,1.50
2011.12.15 22:59:13.732,1.60394,1.60511,1.50,1.50
2011.12.15 22:59:14.320,1.60394,1.60511,1.50,1.50
2011.12.15 22:59:25.680,1.60394,1.60521,1.50,1.50
2011.12.15 22:59:25.807,1.60392,1.60521,1.50,1.50
2011.12.15 22:59:25.868,1.60389,1.60522,1.50,1.89
2011.12.15 22:59:26.110,1.60392,1.60527,1.50,1.14
2011.12.15 22:59:26.477,1.60391,1.60529,1.50,1.14
2011.12.15 22:59:26.720,1.60389,1.60532,1.50,1.14
2011.12.15 22:59:27.833,1.60397,1.60533,1.50,1.14
2011.12.15 22:59:31.948,1.604,1.60538,1.50,1.14
2011.12.15 22:59:34.538,1.604,1.60538,1.50,1.14
2011.12.15 22:59:34.657,1.60397,1.60538,1.12,1.14
2011.12.15 22:59:34.717,1.60396,1.60534,1.50,1.14
2011.12.15 22:59:34.779,1.60396,1.60534,1.50,1.14
2011.12.15 22:59:35.152,1.60396,1.60534,1.50,1.14
2011.12.15 22:59:35.517,1.604,1.60538,1.50,1.14
2011.12.15 22:59:35.579,1.604,1.60538,1.50,1.14
2011.12.15 22:59:36.877,1.60401,1.60537,1.50,1.14
2011.12.15 22:59:37.236,1.60403,1.60538,1.50,1.14
2011.12.15 22:59:37.539,1.604,1.60536,1.50,1.14
2011.12.15 22:59:44.104,1.60399,1.60537,1.50,1.14
2011.12.15 22:59:44.517,1.60399,1.60537,1.50,1.14
2011.12.15 22:59:45.128,1.60399,1.60537,1.50,1.14
2011.12.15 22:59:45.457,1.60399,1.60537,1.50,1.14
2011.12.15 22:59:45.697,1.604,1.60536,1.50,1.14
2011.12.15 22:59:45.758,1.604,1.60536,1.50,1.14
2011.12.15 22:59:46.343,1.604,1.60536,1.50,1.14
2011.12.15 22:59:47.421,1.604,1.60536,1.50,1.14
2011.12.15 22:59:47.909,1.604,1.60536,1.50,1.14
2011.12.15 22:59:48.680,1.60399,1.60537,1.50,1.14
2011.12.15 22:59:53.156,1.604,1.60536,1.50,1.14
2011.12.15 22:59:53.408,1.604,1.60538,1.50,1.14
2011.12.15 22:59:56.018,1.60401,1.60537,1.50,1.14
2011.12.15 22:59:56.396,1.60401,1.60537,1.50,1.14
