2011.03.03 20:00:00.022,1.58187,1.58229,1.35,3.19
2011.03.03 20:00:00.132,1.58183,1.58229,1.35,3.19
2011.03.03 20:00:00.812,1.58192,1.58225,1.35,2.44
2011.03.03 20:00:01.584,1.58193,1.58225,1.35,2.44
2011.03.03 20:00:02.461,1.58186,1.58229,1.35,2.44
2011.03.03 20:00:04.117,1.58186,1.58229,1.35,2.44
2011.03.03 20:00:04.781,1.58182,1.58229,1.54,2.44
2011.03.03 20:00:06.005,1.58182,1.58234,1.35,1.32
2011.03.03 20:00:06.111,1.58182,1.58234,1.54,1.32
2011.03.03 20:00:06.221,1.5819,1.58233,1.35,1.32
2011.03.03 20:00:07.061,1.58199,1.58238,1.35,3.34
2011.03.03 20:00:07.171,1.58194,1.58238,1.35,3.34
2011.03.03 20:00:07.282,1.58201,1.58238,1.35,3.19
2011.03.03 20:00:07.613,1.58185,1.58238,1.35,4.04
2011.03.03 20:00:07.831,1.58185,1.58232,1.35,1.50
2011.03.03 20:00:08.162,1.58183,1.58224,1.35,1.69
2011.03.03 20:00:08.490,1.58191,1.58235,1.35,1.32
2011.03.03 20:00:09.451,1.58183,1.58224,1.35,1.69
2011.03.03 20:00:10.464,1.5819,1.58229,1.35,1.69
2011.03.03 20:00:10.792,1.58206,1.58236,1.35,2.44
2011.03.03 20:00:11.011,1.58186,1.5823,1.35,1.50
2011.03.03 20:00:11.232,1.58193,1.58235,1.35,2.76
2011.03.03 20:00:11.450,1.58187,1.58229,1.35,2.25
2011.03.03 20:00:11.671,1.58183,1.58229,1.35,2.44
2011.03.03 20:00:12.000,1.58181,1.58229,1.35,2.76
2011.03.03 20:00:12.222,1.58179,1.58225,1.35,2.44
2011.03.03 20:00:12.661,1.58173,1.58225,1.47,2.44
2011.03.03 20:00:12.771,1.5818,1.58225,1.35,2.44
2011.03.03 20:00:14.350,1.5818,1.58225,1.54,2.76
2011.03.03 20:00:15.371,1.5818,1.58222,1.54,2.01
2011.03.03 20:00:15.591,1.5818,1.58224,1.54,1.69
2011.03.03 20:00:17.472,1.5818,1.58222,1.54,1.69
2011.03.03 20:00:18.350,1.58172,1.58224,2.37,2.01
2011.03.03 20:00:23.513,1.58181,1.5823,1.35,1.64
2011.03.03 20:00:23.621,1.58187,1.5823,1.35,1.64
2011.03.03 20:00:23.841,1.5818,1.5823,1.35,2.01
2011.03.03 20:00:24.501,1.5818,1.58235,1.35,1.69
2011.03.03 20:00:24.721,1.58187,1.58235,1.35,1.69
2011.03.03 20:00:25.931,1.58189,1.58229,1.35,1.64
2011.03.03 20:00:26.433,1.58189,1.5823,1.35,1.26
2011.03.03 20:00:26.540,1.58187,1.5823,1.35,1.26
2011.03.03 20:00:28.471,1.58192,1.5823,1.35,1.26
2011.03.03 20:00:28.801,1.58188,1.5823,1.35,1.26
2011.03.03 20:00:28.911,1.58182,1.58229,1.54,1.26
2011.03.03 20:00:33.081,1.58183,1.58222,1.62,1.08
2011.03.03 20:00:33.300,1.58183,1.5823,1.62,1.26
2011.03.03 20:00:36.072,1.58188,1.58234,1.35,2.44
2011.03.03 20:00:36.664,1.58189,1.58229,1.35,1.69
2011.03.03 20:00:36.771,1.58181,1.58229,1.54,1.69
2011.03.03 20:00:37.588,1.58181,1.58229,1.54,2.44
2011.03.03 20:00:38.761,1.58182,1.58229,1.09,2.44
2011.03.03 20:00:39.751,1.5819,1.58238,1.35,1.39
2011.03.03 20:00:40.080,1.5819,1.58229,1.35,2.44
2011.03.03 20:00:40.189,1.58181,1.58229,2.29,2.44
2011.03.03 20:00:43.130,1.58181,1.58229,2.29,2.44
2011.03.03 20:00:48.751,1.58184,1.58224,1.35,2.44
2011.03.03 20:00:48.861,1.58173,1.58224,2.07,2.44
2011.03.03 20:00:48.971,1.58173,1.58237,2.07,1.69
2011.03.03 20:00:49.301,1.5818,1.58238,1.54,1.32
2011.03.03 20:00:52.221,1.5818,1.58229,1.35,1.69
2011.03.03 20:00:52.442,1.58173,1.58225,2.07,1.69
2011.03.03 20:00:56.031,1.58173,1.58225,1.92,2.76
2011.03.03 20:00:56.474,1.58171,1.58215,1.35,2.44
2011.03.03 20:00:56.580,1.58164,1.58215,1.54,2.44
2011.03.03 20:00:57.240,1.58171,1.5822,1.35,3.51
2011.03.03 20:00:58.251,1.58164,1.58219,1.54,2.01
2011.03.03 20:00:58.912,1.58171,1.58219,1.35,3.51
2011.03.03 20:01:02.381,1.58171,1.58206,1.35,1.08
2011.03.03 20:01:02.491,1.58171,1.58212,1.35,1.69
2011.03.03 20:01:02.601,1.58171,1.58213,1.35,1.69
2011.03.03 20:01:02.820,1.58171,1.58219,1.35,2.44
2011.03.03 20:01:06.293,1.58171,1.58219,1.54,2.44
2011.03.03 20:01:06.982,1.58171,1.58207,1.54,1.50
2011.03.03 20:01:08.333,1.58171,1.58219,1.54,2.76
2011.03.03 20:01:12.120,1.5817,1.58212,2.29,1.26
2011.03.03 20:01:12.895,1.5817,1.58205,2.29,1.08
2011.03.03 20:01:14.751,1.58171,1.58205,1.35,1.26
2011.03.03 20:01:14.861,1.58163,1.58205,1.54,1.26
2011.03.03 20:01:19.502,1.58163,1.58205,1.54,1.08
2011.03.03 20:01:22.251,1.58165,1.58209,1.54,1.83
2011.03.03 20:01:22.483,1.58165,1.58215,1.54,2.39
2011.03.03 20:01:22.703,1.58171,1.58214,1.35,1.45
2011.03.03 20:01:22.812,1.58163,1.58212,1.54,1.50
2011.03.03 20:01:22.923,1.58171,1.58222,1.35,2.44
2011.03.03 20:01:23.142,1.58171,1.58222,1.35,1.84
2011.03.03 20:01:25.981,1.58171,1.58222,1.35,2.59
2011.03.03 20:01:27.382,1.58171,1.58222,1.35,1.69
2011.03.03 20:01:27.601,1.58166,1.58223,1.69,1.84
2011.03.03 20:01:27.940,1.5817,1.58223,1.35,1.84
2011.03.03 20:01:28.381,1.5817,1.58223,1.35,1.99
2011.03.03 20:01:31.393,1.5817,1.5822,1.35,1.45
2011.03.03 20:01:31.721,1.58179,1.5822,1.35,1.45
2011.03.03 20:01:31.943,1.58173,1.58219,1.35,1.50
2011.03.03 20:01:36.234,1.58173,1.58219,1.35,2.76
2011.03.03 20:01:36.453,1.58166,1.5822,2.29,1.32
2011.03.03 20:01:36.562,1.58166,1.58221,2.29,1.32
2011.03.03 20:01:36.891,1.5818,1.58221,1.35,1.32
2011.03.03 20:01:38.461,1.58172,1.58219,1.35,2.76
2011.03.03 20:01:39.382,1.58173,1.58219,1.35,1.69
2011.03.03 20:01:39.491,1.58173,1.58219,2.29,2.44
2011.03.03 20:01:46.732,1.58173,1.5822,1.50,3.19
2011.03.03 20:01:48.472,1.58173,1.5822,2.29,2.44
2011.03.03 20:01:50.781,1.58178,1.58224,2.29,1.50
2011.03.03 20:01:50.892,1.58194,1.58232,1.54,1.32
2011.03.03 20:01:51.003,1.58194,1.58231,1.35,1.69
2011.03.03 20:01:51.296,1.58187,1.58231,1.54,1.69
2011.03.03 20:01:51.990,1.58187,1.58238,1.35,1.09
2011.03.03 20:02:06.031,1.58183,1.58238,1.54,1.47
2011.03.03 20:02:08.452,1.58183,1.58238,1.92,1.32
2011.03.03 20:02:08.782,1.58207,1.58239,1.35,1.50
2011.03.03 20:02:08.893,1.58199,1.58246,1.92,1.08
2011.03.03 20:02:09.001,1.58199,1.58245,1.73,1.26
2011.03.03 20:02:09.441,1.58191,1.58241,1.73,1.69
2011.03.03 20:02:11.742,1.58191,1.58241,2.67,1.50
2011.03.03 20:02:11.960,1.582,1.58252,1.54,1.09
2011.03.03 20:02:13.761,1.582,1.58246,1.35,2.01
2011.03.03 20:02:13.870,1.58191,1.58246,1.73,2.01
2011.03.03 20:02:14.712,1.58191,1.58241,2.67,1.50
2011.03.03 20:02:14.931,1.58208,1.58254,1.35,1.32
2011.03.03 20:02:16.073,1.58204,1.58251,1.54,1.26
2011.03.03 20:02:17.502,1.58204,1.58251,1.35,2.01
2011.03.03 20:02:17.722,1.58198,1.58248,2.29,2.44
2011.03.03 20:02:23.552,1.58198,1.58241,1.35,1.69
2011.03.03 20:02:23.771,1.5819,1.58241,1.92,2.01
2011.03.03 20:02:24.321,1.5819,1.5824,1.73,1.69
2011.03.03 20:02:24.432,1.5819,1.58229,1.35,1.50
2011.03.03 20:02:24.541,1.58175,1.58229,1.09,1.50
2011.03.03 20:02:24.651,1.58177,1.58235,1.84,1.26
2011.03.03 20:02:24.761,1.58186,1.58235,1.35,1.26
2011.03.03 20:02:26.752,1.58177,1.58235,1.50,2.07
2011.03.03 20:02:26.861,1.58169,1.5822,1.35,1.69
2011.03.03 20:02:26.973,1.58173,1.5822,1.09,1.50
2011.03.03 20:02:27.082,1.58173,1.58235,1.09,3.51
2011.03.03 20:02:27.191,1.58193,1.58235,1.35,3.51
2011.03.03 20:02:27.302,1.58188,1.58235,1.35,1.69
2011.03.03 20:02:27.411,1.58188,1.58235,1.54,1.50
2011.03.03 20:02:27.522,1.58188,1.58243,1.54,2.22
2011.03.03 20:02:27.742,1.58197,1.58242,1.35,1.32
2011.03.03 20:02:27.851,1.58188,1.58242,2.29,1.32
2011.03.03 20:02:29.282,1.58194,1.58242,1.54,1.47
2011.03.03 20:02:29.611,1.58188,1.58243,1.35,1.47
2011.03.03 20:02:33.512,1.58187,1.58243,1.54,1.32
2011.03.03 20:02:35.435,1.58188,1.58243,1.35,1.32
2011.03.03 20:02:35.982,1.58188,1.58235,1.35,1.50
2011.03.03 20:02:36.530,1.58185,1.58235,1.54,1.50
2011.03.03 20:02:49.211,1.58185,1.58239,1.54,2.07
2011.03.03 20:02:49.529,1.58189,1.58239,1.35,2.07
2011.03.03 20:02:55.315,1.58196,1.5824,1.54,1.45
2011.03.03 20:02:59.541,1.58196,1.58241,1.54,2.01
2011.03.03 20:03:00.491,1.58198,1.58241,1.09,2.44
2011.03.03 20:03:05.001,1.58201,1.58246,1.54,1.32
2011.03.03 20:03:07.437,1.58193,1.58245,1.54,2.44
2011.03.03 20:03:09.749,1.58193,1.58245,1.69,2.44
2011.03.03 20:03:10.341,1.58196,1.58245,1.35,2.44
2011.03.03 20:03:10.564,1.58187,1.58244,1.92,2.44
2011.03.03 20:03:11.113,1.58194,1.58244,1.35,2.44
2011.03.03 20:03:16.421,1.58188,1.58244,1.73,2.44
2011.03.03 20:03:19.201,1.5818,1.5823,2.29,1.50
2011.03.03 20:03:20.691,1.58183,1.5823,1.09,1.50
2011.03.03 20:03:21.203,1.58188,1.58239,2.29,1.32
2011.03.03 20:03:23.492,1.58188,1.58244,1.54,1.88
2011.03.03 20:03:23.710,1.58194,1.58244,1.35,1.88
2011.03.03 20:03:37.174,1.58201,1.58249,1.35,1.69
2011.03.03 20:03:38.173,1.58201,1.5825,1.54,2.01
2011.03.03 20:03:47.293,1.58201,1.58244,1.35,1.32
2011.03.03 20:03:47.402,1.58193,1.58245,1.54,2.44
2011.03.03 20:03:48.402,1.58193,1.58245,1.35,1.69
2011.03.03 20:03:50.481,1.58193,1.58245,1.35,2.84
2011.03.03 20:03:51.031,1.58193,1.58245,1.35,2.76
2011.03.03 20:03:51.142,1.58195,1.58245,1.35,2.91
2011.03.03 20:03:51.691,1.58194,1.58245,1.35,2.44
2011.03.03 20:03:54.192,1.58194,1.58245,1.35,2.91
2011.03.03 20:03:55.342,1.58194,1.58245,1.35,2.76
2011.03.03 20:03:55.452,1.58194,1.58245,2.29,2.58
2011.03.03 20:04:08.255,1.58202,1.58247,1.54,1.26
2011.03.03 20:04:08.592,1.58202,1.58239,1.54,1.08
2011.03.03 20:04:08.922,1.58208,1.58253,2.29,1.32
2011.03.03 20:04:09.597,1.58202,1.58251,2.44,4.26
2011.03.03 20:04:26.022,1.58209,1.58251,1.35,2.44
2011.03.03 20:04:26.242,1.58209,1.58251,2.29,1.69
2011.03.03 20:04:30.111,1.58213,1.58252,1.62,1.26
2011.03.03 20:04:30.224,1.58213,1.58249,1.62,1.08
2011.03.03 20:04:30.332,1.58213,1.5825,1.69,1.08
2011.03.03 20:04:30.882,1.58213,1.5826,1.54,1.64
2011.03.03 20:04:31.495,1.58215,1.58256,1.54,2.63
2011.03.03 20:04:32.182,1.58215,1.58256,1.54,1.88
2011.03.03 20:04:32.821,1.58215,1.5826,1.54,1.64
2011.03.03 20:04:34.729,1.58215,1.5826,1.69,1.32
2011.03.03 20:04:35.891,1.58215,1.5826,1.54,1.64
2011.03.03 20:04:36.872,1.58215,1.58257,1.54,1.32
2011.03.03 20:04:37.642,1.58215,1.58259,2.29,1.69
2011.03.03 20:04:37.752,1.58215,1.5826,2.29,1.26
2011.03.03 20:04:38.302,1.582,1.58249,1.32,1.26
2011.03.03 20:04:44.186,1.58202,1.58251,1.09,2.44
2011.03.03 20:04:44.843,1.58192,1.58241,1.54,2.44
2011.03.03 20:04:44.951,1.58197,1.58241,1.35,2.44
2011.03.03 20:04:45.283,1.58204,1.58241,1.35,2.44
2011.03.03 20:04:45.392,1.58198,1.58241,1.35,2.44
2011.03.03 20:04:45.611,1.58199,1.58241,2.29,1.50
2011.03.03 20:04:45.953,1.58199,1.58248,2.29,1.02
2011.03.03 20:04:47.542,1.58203,1.58249,2.29,1.32
2011.03.03 20:04:51.233,1.58204,1.58249,2.29,1.26
2011.03.03 20:04:51.343,1.58214,1.58247,1.54,1.69
2011.03.03 20:04:51.891,1.58213,1.58239,1.35,1.08
2011.03.03 20:04:52.221,1.58205,1.58239,1.35,2.01
2011.03.03 20:04:52.332,1.58195,1.58238,1.73,2.44
2011.03.03 20:04:52.552,1.58198,1.58249,1.32,2.44
2011.03.03 20:04:55.862,1.58197,1.58239,2.03,2.44
2011.03.03 20:04:56.170,1.58197,1.58239,1.73,3.51
2011.03.03 20:04:56.282,1.58192,1.58239,1.54,3.19
2011.03.03 20:04:56.391,1.58192,1.58239,2.29,3.51
2011.03.03 20:04:56.832,1.58188,1.58235,1.54,2.44
2011.03.03 20:04:59.781,1.58192,1.58235,1.35,2.44
2011.03.03 20:05:00.223,1.58185,1.58235,2.29,2.44
2011.03.03 20:05:00.332,1.58191,1.58235,1.35,2.44
2011.03.03 20:05:00.442,1.58192,1.58235,1.54,1.50
2011.03.03 20:05:00.554,1.58189,1.58243,2.29,1.34
2011.03.03 20:05:04.332,1.58188,1.58238,1.69,2.44
2011.03.03 20:05:04.694,1.58193,1.58243,1.09,1.69
2011.03.03 20:05:05.542,1.58191,1.58246,2.44,1.32
2011.03.03 20:05:07.825,1.58187,1.58238,1.62,2.44
2011.03.03 20:05:08.531,1.58187,1.58238,1.84,2.44
2011.03.03 20:05:08.641,1.58187,1.58238,1.69,2.44
2011.03.03 20:05:08.752,1.58193,1.58238,1.09,1.69
2011.03.03 20:05:15.113,1.58193,1.58244,1.09,2.44
2011.03.03 20:05:15.441,1.58195,1.58249,2.29,2.44
2011.03.03 20:05:16.771,1.58195,1.58249,1.35,2.44
2011.03.03 20:05:17.322,1.58188,1.58248,2.67,2.44
2011.03.03 20:05:18.112,1.5819,1.58247,1.54,1.09
2011.03.03 20:05:33.811,1.5819,1.58248,1.35,3.66
2011.03.03 20:05:33.922,1.58181,1.58235,2.29,2.44
2011.03.03 20:05:41.441,1.58187,1.58241,1.32,1.02
2011.03.03 20:05:42.086,1.58186,1.58238,1.73,2.44
2011.03.03 20:05:49.722,1.5818,1.58237,2.29,1.09
2011.03.03 20:05:49.942,1.58181,1.58239,1.69,1.65
2011.03.03 20:05:50.238,1.58208,1.58255,1.35,3.23
2011.03.03 20:05:50.345,1.58217,1.58255,1.35,2.58
2011.03.03 20:05:50.563,1.58212,1.58256,1.50,1.83
2011.03.03 20:05:50.672,1.58209,1.58255,1.35,1.69
2011.03.03 20:05:50.891,1.58205,1.58255,1.92,3.51
2011.03.03 20:05:51.112,1.58204,1.58254,1.92,1.69
2011.03.03 20:05:51.444,1.58188,1.5824,1.69,1.69
2011.03.03 20:05:52.101,1.58187,1.58238,2.10,2.44
2011.03.03 20:05:53.612,1.58195,1.58238,1.32,1.50
2011.03.03 20:05:54.243,1.58201,1.58252,1.54,2.44
2011.03.03 20:05:56.783,1.58205,1.58257,1.32,2.44
2011.03.03 20:06:03.039,1.58206,1.58251,2.29,1.69
2011.03.03 20:06:03.262,1.58206,1.58244,1.35,1.26
2011.03.03 20:06:03.481,1.58198,1.58244,1.35,1.26
2011.03.03 20:06:08.229,1.58198,1.58243,1.35,2.01
2011.03.03 20:06:08.562,1.58206,1.58249,2.29,2.76
2011.03.03 20:06:09.442,1.58206,1.58248,1.54,1.08
2011.03.03 20:06:09.992,1.58197,1.58252,1.32,1.84
2011.03.03 20:06:10.101,1.58194,1.58252,1.88,3.34
2011.03.03 20:06:10.211,1.58192,1.58247,1.54,1.32
2011.03.03 20:06:12.050,1.58189,1.58231,1.54,1.08
2011.03.03 20:06:12.272,1.58189,1.5823,1.35,1.08
2011.03.03 20:06:12.381,1.58182,1.5823,1.73,1.08
2011.03.03 20:06:12.490,1.58182,1.58234,1.73,2.44
2011.03.03 20:06:12.821,1.58182,1.5823,1.73,1.08
2011.03.03 20:06:14.672,1.58182,1.58231,1.73,1.08
2011.03.03 20:06:14.981,1.58182,1.58234,1.73,1.69
2011.03.03 20:06:15.113,1.58182,1.58234,1.73,2.44
2011.03.03 20:06:16.684,1.58182,1.58234,1.73,1.69
2011.03.03 20:06:16.791,1.58183,1.58234,1.32,1.50
2011.03.03 20:06:16.901,1.58189,1.58238,1.35,1.08
2011.03.03 20:06:18.990,1.58189,1.58238,1.35,2.01
2011.03.03 20:06:19.101,1.58182,1.5823,1.69,1.26
2011.03.03 20:06:30.123,1.58192,1.58235,1.69,1.50
2011.03.03 20:06:30.232,1.58192,1.58243,1.69,1.32
2011.03.03 20:06:30.341,1.58199,1.58243,1.35,1.32
2011.03.03 20:06:30.765,1.58199,1.58247,2.29,1.02
2011.03.03 20:06:31.111,1.58199,1.58247,1.35,1.02
2011.03.03 20:06:31.551,1.58207,1.58248,1.35,1.69
2011.03.03 20:06:31.661,1.58207,1.58249,2.29,1.26
2011.03.03 20:06:32.253,1.58207,1.58248,1.35,2.01
2011.03.03 20:06:32.470,1.58199,1.58248,2.29,2.01
2011.03.03 20:06:33.643,1.58199,1.58248,1.54,2.01
2011.03.03 20:06:40.433,1.58198,1.58244,1.09,2.44
2011.03.03 20:06:43.743,1.58199,1.58243,2.29,1.26
2011.03.03 20:06:43.962,1.58199,1.58249,2.29,1.84
2011.03.03 20:06:44.510,1.58207,1.58253,2.29,2.39
2011.03.03 20:06:47.032,1.58202,1.58249,1.43,1.26
2011.03.03 20:06:48.522,1.58202,1.58248,1.35,1.26
2011.03.03 20:06:48.631,1.58194,1.58244,1.50,2.44
2011.03.03 20:06:49.600,1.58194,1.58244,1.35,3.51
2011.03.03 20:06:49.712,1.58195,1.58244,1.50,2.44
2011.03.03 20:06:49.821,1.58194,1.58244,1.35,2.44
2011.03.03 20:06:49.931,1.58194,1.58244,2.29,2.44
2011.03.03 20:06:52.953,1.58198,1.58244,1.54,2.44
2011.03.03 20:06:53.282,1.58198,1.58244,1.02,1.69
2011.03.03 20:06:53.501,1.58195,1.58249,1.65,1.69
2011.03.03 20:06:54.482,1.58193,1.58243,1.69,2.44
2011.03.03 20:06:57.214,1.58193,1.58243,1.69,2.44
2011.03.03 20:06:57.327,1.58193,1.58243,1.62,2.44
2011.03.03 20:07:00.502,1.58197,1.58248,1.24,1.32
2011.03.03 20:07:00.611,1.58201,1.5825,1.69,1.32
2011.03.03 20:07:01.601,1.58206,1.5825,1.35,1.32
2011.03.03 20:07:05.551,1.58199,1.5825,3.42,2.01
2011.03.03 20:07:08.241,1.58199,1.58249,2.29,3.19
2011.03.03 20:07:08.573,1.58199,1.58242,1.35,2.44
2011.03.03 20:07:08.681,1.58191,1.58242,2.29,2.44
2011.03.03 20:07:09.930,1.58191,1.58242,1.54,2.44
2011.03.03 20:07:18.271,1.58191,1.58233,1.54,1.08
2011.03.03 20:07:18.381,1.58191,1.58234,1.54,1.26
2011.03.03 20:07:19.502,1.58191,1.58229,1.54,1.08
2011.03.03 20:07:25.250,1.58191,1.58229,1.54,1.08
2011.03.03 20:07:29.442,1.58191,1.58229,1.54,1.08
2011.03.03 20:07:32.341,1.58194,1.58224,1.35,1.08
2011.03.03 20:07:34.121,1.58194,1.58234,1.35,1.26
2011.03.03 20:07:34.231,1.58194,1.58233,2.29,1.26
2011.03.03 20:07:35.713,1.58194,1.58224,2.29,1.08
2011.03.03 20:07:36.281,1.58194,1.58223,1.35,1.26
2011.03.03 20:07:36.502,1.58182,1.58224,1.09,1.26
2011.03.03 20:07:37.577,1.58185,1.58224,2.29,1.26
2011.03.03 20:07:45.521,1.58185,1.58223,2.29,1.69
2011.03.03 20:07:45.744,1.5818,1.58215,1.35,1.08
2011.03.03 20:07:45.961,1.58174,1.58214,1.54,1.08
2011.03.03 20:07:46.831,1.58174,1.58229,1.54,1.26
2011.03.03 20:07:47.052,1.58174,1.58215,1.54,1.08
2011.03.03 20:07:47.380,1.58179,1.58215,1.35,1.08
2011.03.03 20:07:47.662,1.58173,1.58215,1.54,1.08
2011.03.03 20:07:48.762,1.58173,1.58225,1.54,2.01
2011.03.03 20:07:57.694,1.58173,1.58215,1.54,1.08
2011.03.03 20:07:58.131,1.58171,1.58215,1.35,1.26
2011.03.03 20:07:58.461,1.58163,1.58214,1.54,1.26
2011.03.03 20:08:02.552,1.58171,1.58215,1.35,1.08
2011.03.03 20:08:04.045,1.58171,1.58216,1.35,1.50
2011.03.03 20:08:06.511,1.58171,1.58221,1.35,1.26
2011.03.03 20:08:06.620,1.58171,1.58221,1.35,2.01
2011.03.03 20:08:06.844,1.58175,1.58224,1.35,1.64
2011.03.03 20:08:07.171,1.58175,1.58224,2.29,1.45
2011.03.03 20:08:07.501,1.58183,1.58224,1.35,1.45
2011.03.03 20:08:08.782,1.58183,1.58233,3.04,1.08
2011.03.03 20:08:08.891,1.58191,1.58234,1.35,1.08
2011.03.03 20:08:10.534,1.5819,1.58234,1.35,1.08
2011.03.03 20:08:12.032,1.5819,1.58234,1.35,1.08
2011.03.03 20:08:12.733,1.5819,1.58234,1.35,1.08
2011.03.03 20:08:16.012,1.5819,1.58242,1.35,2.82
2011.03.03 20:08:16.354,1.58189,1.58242,1.35,3.04
2011.03.03 20:08:16.561,1.58181,1.58231,1.35,2.44
2011.03.03 20:08:17.101,1.58178,1.58231,1.54,2.44
2011.03.03 20:08:17.872,1.58183,1.58237,1.50,1.09
2011.03.03 20:08:17.981,1.58183,1.58241,2.44,2.97
2011.03.03 20:08:19.661,1.58192,1.58241,1.35,1.32
2011.03.03 20:08:21.310,1.58193,1.58241,1.35,1.32
2011.03.03 20:08:23.591,1.58193,1.58238,1.35,1.09
2011.03.03 20:08:23.701,1.58185,1.58238,1.54,1.09
2011.03.03 20:08:28.213,1.58185,1.58238,1.35,1.09
2011.03.03 20:08:28.792,1.58184,1.58238,1.35,1.09
2011.03.03 20:08:30.693,1.58185,1.58238,1.35,1.09
2011.03.03 20:08:32.161,1.58188,1.5824,1.35,1.32
2011.03.03 20:08:34.592,1.58192,1.58248,1.69,2.59
2011.03.03 20:08:34.702,1.58197,1.58247,1.35,1.05
2011.03.03 20:08:34.922,1.58193,1.58244,1.54,2.03
2011.03.03 20:08:37.321,1.58201,1.58244,2.29,1.50
2011.03.03 20:08:37.433,1.58201,1.58255,2.29,1.32
2011.03.03 20:08:40.145,1.58206,1.58253,1.35,1.09
2011.03.03 20:08:40.253,1.58206,1.58257,1.35,2.22
2011.03.03 20:08:41.407,1.58205,1.58257,1.35,2.07
2011.03.03 20:08:42.050,1.58199,1.58257,1.69,2.07
2011.03.03 20:08:47.191,1.58199,1.58257,1.69,2.22
2011.03.03 20:08:47.301,1.58199,1.58257,1.69,2.14
2011.03.03 20:08:59.528,1.58199,1.58257,1.69,1.77
2011.03.03 20:09:06.839,1.58199,1.58257,1.69,2.52
2011.03.03 20:09:12.253,1.5819,1.58253,2.59,1.09
2011.03.03 20:09:13.059,1.5819,1.58248,1.84,1.69
2011.03.03 20:09:14.411,1.5819,1.58248,1.84,1.69
2011.03.03 20:09:16.093,1.5819,1.58248,1.77,1.69
2011.03.03 20:09:17.582,1.58192,1.58248,1.32,1.50
2011.03.03 20:09:17.911,1.58206,1.58263,2.44,1.32
2011.03.03 20:09:22.474,1.58203,1.58263,1.09,1.64
2011.03.03 20:09:22.802,1.58196,1.58255,2.44,1.26
2011.03.03 20:09:22.911,1.58194,1.5825,2.44,1.50
2011.03.03 20:09:23.780,1.58194,1.5825,2.44,1.83
2011.03.03 20:09:24.121,1.58194,1.58249,1.69,1.26
2011.03.03 20:09:25.865,1.58194,1.5825,1.77,2.76
2011.03.03 20:09:35.111,1.58194,1.5825,1.69,2.76
2011.03.03 20:09:35.443,1.58194,1.5825,1.84,2.76
2011.03.03 20:09:48.753,1.58188,1.58248,1.09,1.84
2011.03.03 20:09:52.325,1.58185,1.58248,1.32,2.37
2011.03.03 20:09:52.442,1.58187,1.58248,1.09,2.22
2011.03.03 20:09:54.100,1.58187,1.58247,1.09,1.32
2011.03.03 20:09:55.402,1.58187,1.58245,1.09,1.08
2011.03.03 20:09:57.061,1.58187,1.58246,1.09,1.08
2011.03.03 20:09:58.669,1.58187,1.58246,1.09,1.08
2011.03.03 20:10:00.233,1.58181,1.58245,1.88,1.26
2011.03.03 20:10:00.344,1.58182,1.58245,1.62,1.54
2011.03.03 20:10:05.894,1.58185,1.58247,2.22,1.32
2011.03.03 20:10:07.251,1.58185,1.58247,2.07,1.32
2011.03.03 20:10:07.472,1.58181,1.58248,1.28,2.97
2011.03.03 20:10:08.333,1.58181,1.58239,2.03,1.50
2011.03.03 20:10:09.498,1.58181,1.58239,1.65,1.50
2011.03.03 20:10:10.208,1.58181,1.58239,1.65,1.50
2011.03.03 20:10:15.142,1.58187,1.58239,1.50,1.50
2011.03.03 20:10:15.362,1.5818,1.58239,2.03,1.50
2011.03.03 20:10:16.923,1.5818,1.58239,2.03,1.50
2011.03.03 20:10:17.254,1.58186,1.58242,1.69,2.89
2011.03.03 20:10:18.001,1.58191,1.58242,1.32,1.58
2011.03.03 20:10:18.332,1.58195,1.58255,2.44,2.07
2011.03.03 20:10:18.943,1.58195,1.58253,2.44,1.32
2011.03.03 20:10:20.038,1.58188,1.58252,1.47,1.32
2011.03.03 20:10:21.501,1.58191,1.5826,2.44,1.41
2011.03.03 20:10:22.801,1.58195,1.5826,1.84,1.41
2011.03.03 20:10:23.611,1.58195,1.5826,1.77,1.26
2011.03.03 20:10:24.712,1.58195,1.5826,1.84,1.41
2011.03.03 20:10:26.264,1.58195,1.5826,1.84,1.26
2011.03.03 20:10:26.486,1.58195,1.5826,1.84,1.41
2011.03.03 20:10:30.511,1.58195,1.5826,1.84,1.64
2011.03.03 20:10:31.251,1.58206,1.5826,1.35,1.64
2011.03.03 20:10:31.363,1.582,1.5826,1.35,1.64
2011.03.03 20:10:31.585,1.58195,1.5826,1.84,1.32
2011.03.03 20:10:33.293,1.58206,1.58264,1.69,2.44
2011.03.03 20:10:43.203,1.58206,1.58261,1.69,2.25
2011.03.03 20:10:43.532,1.58206,1.58255,1.50,1.32
2011.03.03 20:10:43.641,1.58197,1.58254,1.02,2.44
2011.03.03 20:10:48.833,1.58198,1.58255,1.47,1.88
2011.03.03 20:10:52.721,1.58212,1.58255,2.44,1.32
2011.03.03 20:10:53.272,1.58205,1.58254,1.69,1.32
2011.03.03 20:10:53.601,1.58211,1.58261,2.44,3.04
2011.03.03 20:10:55.752,1.58211,1.58255,2.44,1.32
2011.03.03 20:10:55.972,1.58207,1.58261,1.09,2.44
2011.03.03 20:10:56.522,1.58211,1.58255,2.44,1.32
2011.03.03 20:10:57.071,1.58198,1.58255,2.29,2.82
2011.03.03 20:10:57.511,1.58196,1.58255,1.09,1.88
2011.03.03 20:10:57.732,1.58202,1.58266,1.09,1.69
2011.03.03 20:10:57.952,1.58211,1.58258,1.69,1.32
2011.03.03 20:10:59.044,1.582,1.58267,1.09,1.69
2011.03.03 20:10:59.758,1.58197,1.58255,1.65,1.32
2011.03.03 20:10:59.876,1.58196,1.58251,1.50,1.69
2011.03.03 20:10:59.984,1.58196,1.58251,1.58,1.69
2011.03.03 20:11:00.312,1.58197,1.58254,1.02,3.19
2011.03.03 20:11:00.861,1.58197,1.58254,1.02,3.19
2011.03.03 20:11:03.822,1.58198,1.58259,1.02,1.32
2011.03.03 20:11:04.041,1.58197,1.58255,1.02,2.44
2011.03.03 20:11:04.543,1.58198,1.5826,1.02,1.32
2011.03.03 20:11:09.522,1.58196,1.58259,4.69,1.32
2011.03.03 20:11:11.023,1.58196,1.58243,1.50,1.32
2011.03.03 20:11:11.352,1.58196,1.58252,2.59,1.69
2011.03.03 20:11:11.902,1.58196,1.58252,4.09,1.69
2011.03.03 20:11:12.232,1.58198,1.58245,1.09,2.82
2011.03.03 20:11:15.201,1.58196,1.58242,1.69,1.32
2011.03.03 20:11:19.014,1.58198,1.58245,1.09,1.88
2011.03.03 20:11:19.232,1.58204,1.58254,2.44,1.32
2011.03.03 20:11:19.342,1.58197,1.58254,1.09,1.32
2011.03.03 20:11:20.331,1.58197,1.58254,1.09,1.32
2011.03.03 20:11:27.722,1.58196,1.58254,3.00,2.82
2011.03.03 20:11:27.831,1.58196,1.58246,3.00,1.69
2011.03.03 20:11:28.160,1.58196,1.58252,3.19,2.44
2011.03.03 20:11:29.761,1.58196,1.58241,1.69,1.32
2011.03.03 20:11:33.651,1.58186,1.58242,2.44,1.32
2011.03.03 20:11:33.981,1.58186,1.58242,1.09,1.32
2011.03.03 20:11:38.062,1.58188,1.58251,1.09,1.69
2011.03.03 20:11:58.103,1.58185,1.58248,1.84,1.09
2011.03.03 20:11:59.651,1.58186,1.58248,1.69,1.09
2011.03.03 20:12:03.162,1.58188,1.58244,1.02,1.88
2011.03.03 20:12:03.381,1.58189,1.58244,1.32,1.50
2011.03.03 20:12:03.492,1.58189,1.58256,1.32,1.09
2011.03.03 20:12:05.088,1.5819,1.58258,1.24,1.09
2011.03.03 20:12:05.923,1.5819,1.58256,1.09,1.09
2011.03.03 20:12:08.829,1.5819,1.58258,1.09,1.02
2011.03.03 20:12:09.341,1.58189,1.58257,1.32,1.02
2011.03.03 20:12:09.781,1.5819,1.58255,1.02,2.44
2011.03.03 20:12:13.692,1.58185,1.58248,3.15,1.09
2011.03.03 20:12:14.435,1.58186,1.58244,1.65,1.88
2011.03.03 20:12:15.187,1.58186,1.58244,1.65,1.88
2011.03.03 20:12:17.391,1.58186,1.58244,1.65,1.88
2011.03.03 20:12:20.982,1.58186,1.58244,1.80,1.88
2011.03.03 20:12:21.636,1.58186,1.58244,1.58,1.88
2011.03.03 20:12:25.982,1.58195,1.5825,2.44,1.69
2011.03.03 20:12:26.793,1.58198,1.58251,1.09,2.25
2011.03.03 20:12:27.340,1.58202,1.58259,2.44,1.69
2011.03.03 20:12:27.671,1.58202,1.58259,3.19,1.69
2011.03.03 20:12:44.603,1.58203,1.58259,1.09,1.69
2011.03.03 20:12:45.217,1.58203,1.58259,1.02,1.69
2011.03.03 20:12:49.612,1.58203,1.58259,1.02,1.32
2011.03.03 20:12:50.582,1.58207,1.58262,1.02,2.07
2011.03.03 20:13:09.443,1.58211,1.58266,1.99,1.69
2011.03.03 20:13:09.553,1.58211,1.58266,1.99,1.69
2011.03.03 20:13:10.874,1.58216,1.58266,1.65,1.69
2011.03.03 20:13:16.461,1.58217,1.58261,1.09,1.32
2011.03.03 20:13:16.885,1.58217,1.58268,1.09,1.69
2011.03.03 20:13:19.953,1.58213,1.58261,1.09,1.32
2011.03.03 20:13:22.822,1.58207,1.58261,1.09,2.82
2011.03.03 20:13:22.932,1.58207,1.58261,1.09,2.82
2011.03.03 20:13:41.363,1.58203,1.58261,2.59,2.82
2011.03.03 20:13:43.182,1.58213,1.58261,1.50,2.82
2011.03.03 20:13:43.512,1.58213,1.5826,2.44,1.32
2011.03.03 20:13:45.251,1.58211,1.58259,2.44,1.32
2011.03.03 20:13:45.985,1.58211,1.58267,2.44,1.69
2011.03.03 20:13:47.511,1.58205,1.58259,2.29,1.32
2011.03.03 20:13:51.144,1.58202,1.58262,3.27,2.82
2011.03.03 20:14:04.137,1.58202,1.5826,3.27,1.69
2011.03.03 20:14:04.352,1.58195,1.58243,1.54,1.32
2011.03.03 20:14:05.232,1.58196,1.58252,2.44,2.44
2011.03.03 20:14:05.342,1.58196,1.58256,2.44,1.32
2011.03.03 20:14:19.742,1.58199,1.58252,1.69,2.07
2011.03.03 20:14:23.862,1.58202,1.58256,1.50,1.69
2011.03.03 20:14:29.812,1.58202,1.58256,2.25,1.69
2011.03.03 20:14:32.556,1.58202,1.58256,2.40,1.69
2011.03.03 20:14:33.324,1.58203,1.5826,1.09,1.69
2011.03.03 20:14:35.232,1.58203,1.58262,1.02,2.25
2011.03.03 20:14:36.259,1.58212,1.58267,1.69,1.02
2011.03.03 20:14:36.481,1.58212,1.58267,1.69,1.77
2011.03.03 20:14:39.893,1.58212,1.58268,1.99,3.19
2011.03.03 20:14:41.203,1.58212,1.58267,1.77,1.02
2011.03.03 20:14:46.846,1.58212,1.58268,1.99,3.19
2011.03.03 20:14:55.076,1.58212,1.58266,1.77,1.32
2011.03.03 20:15:02.131,1.58212,1.58268,1.77,3.27
2011.03.03 20:15:04.233,1.58212,1.58268,1.02,1.77
2011.03.03 20:15:04.774,1.58218,1.58268,1.09,1.69
2011.03.03 20:15:05.334,1.58218,1.5826,1.09,1.32
2011.03.03 20:15:42.332,1.58212,1.58259,2.52,1.32
2011.03.03 20:15:46.364,1.58218,1.58259,1.24,1.32
2011.03.03 20:15:46.473,1.58223,1.58268,1.09,1.50
2011.03.03 20:15:46.692,1.58227,1.5828,2.44,1.32
2011.03.03 20:15:46.803,1.58227,1.5828,2.44,1.32
2011.03.03 20:15:47.132,1.58217,1.58269,1.09,2.44
2011.03.03 20:15:50.874,1.58218,1.58265,1.24,1.32
2011.03.03 20:15:57.991,1.58218,1.58265,1.09,1.32
2011.03.03 20:16:05.207,1.58221,1.5827,2.44,1.32
2011.03.03 20:16:05.642,1.58222,1.58274,1.09,1.32
2011.03.03 20:16:06.262,1.58225,1.58271,2.44,1.32
2011.03.03 20:16:09.022,1.58221,1.5827,1.69,1.32
2011.03.03 20:16:10.942,1.58218,1.5827,1.09,2.07
2011.03.03 20:16:12.262,1.58221,1.5827,1.69,1.32
2011.03.03 20:16:15.262,1.58218,1.58271,1.02,1.88
2011.03.03 20:16:15.482,1.58221,1.58276,2.44,2.39
2011.03.03 20:16:17.673,1.58221,1.58276,2.59,2.39
2011.03.03 20:16:18.503,1.58221,1.58276,2.74,2.39
2011.03.03 20:16:24.642,1.58228,1.58275,1.09,1.32
2011.03.03 20:16:27.002,1.58227,1.58272,1.02,1.32
2011.03.03 20:16:31.782,1.58224,1.58272,1.02,1.32
2011.03.03 20:16:31.892,1.58227,1.58272,1.02,1.32
2011.03.03 20:16:34.592,1.58224,1.58272,1.09,1.32
2011.03.03 20:16:35.161,1.58222,1.58263,1.09,1.32
2011.03.03 20:16:52.245,1.58227,1.58273,1.09,1.32
2011.03.03 20:16:52.462,1.58233,1.58285,1.09,2.01
2011.03.03 20:16:56.102,1.58228,1.58282,1.09,1.69
2011.03.03 20:16:57.814,1.58233,1.58282,1.09,1.69
2011.03.03 20:17:29.738,1.58234,1.58282,1.02,1.69
2011.03.03 20:17:48.341,1.58238,1.58283,1.02,1.69
2011.03.03 20:18:04.282,1.58237,1.58283,1.09,1.69
2011.03.03 20:18:05.032,1.58236,1.58285,1.69,1.69
2011.03.03 20:18:19.323,1.58233,1.58285,1.24,1.69
2011.03.03 20:18:19.785,1.58238,1.58284,1.09,1.69
2011.03.03 20:18:26.732,1.58235,1.58278,3.79,1.32
2011.03.03 20:18:27.345,1.58226,1.58274,1.69,1.32
2011.03.03 20:18:27.455,1.58232,1.58274,1.35,1.32
2011.03.03 20:18:28.053,1.58223,1.58273,1.39,1.32
2011.03.03 20:18:31.973,1.58223,1.58276,1.39,1.88
2011.03.03 20:18:32.875,1.58223,1.58287,1.09,1.69
2011.03.03 20:18:33.641,1.58223,1.58287,1.39,1.69
2011.03.03 20:18:33.773,1.58223,1.58287,1.09,1.69
2011.03.03 20:18:36.133,1.5822,1.58275,1.09,1.32
2011.03.03 20:18:36.462,1.58228,1.58282,1.02,1.69
2011.03.03 20:18:36.572,1.58222,1.58274,1.77,1.32
2011.03.03 20:18:37.153,1.58221,1.58274,1.09,1.32
2011.03.03 20:18:37.483,1.58223,1.58274,1.02,1.32
2011.03.03 20:18:39.733,1.58223,1.58274,1.24,1.32
2011.03.03 20:18:40.548,1.58222,1.58274,1.09,1.32
2011.03.03 20:18:40.932,1.58228,1.58276,1.09,2.07
2011.03.03 20:18:41.292,1.58222,1.58273,2.52,1.32
2011.03.03 20:18:43.613,1.58223,1.58273,1.24,1.32
2011.03.03 20:18:46.263,1.58223,1.58273,1.09,1.32
2011.03.03 20:18:46.484,1.58224,1.58273,1.77,1.32
2011.03.03 20:18:47.884,1.58224,1.58273,1.99,1.32
2011.03.03 20:18:49.973,1.58224,1.58273,1.69,1.32
2011.03.03 20:18:51.293,1.58225,1.58273,1.84,1.32
2011.03.03 20:18:51.513,1.58225,1.58273,1.77,1.32
2011.03.03 20:18:52.615,1.58225,1.58273,1.84,1.32
2011.03.03 20:18:54.551,1.58233,1.58279,1.02,1.50
2011.03.03 20:18:54.995,1.58238,1.58274,2.44,1.32
2011.03.03 20:18:55.214,1.58233,1.58274,1.02,1.32
2011.03.03 20:18:55.543,1.58228,1.58274,1.09,1.32
2011.03.03 20:18:55.983,1.58223,1.58274,1.09,1.32
2011.03.03 20:18:59.862,1.58222,1.58276,1.02,2.82
2011.03.03 20:19:04.012,1.58222,1.58274,1.09,1.32
2011.03.03 20:19:18.629,1.58223,1.58272,1.09,1.32
2011.03.03 20:19:32.654,1.58223,1.58277,1.02,2.44
2011.03.03 20:19:49.942,1.58227,1.58279,1.09,1.69
2011.03.03 20:20:02.304,1.58225,1.58269,2.44,1.32
2011.03.03 20:20:03.653,1.58223,1.58276,1.09,3.19
2011.03.03 20:20:05.308,1.58224,1.58276,2.44,1.69
2011.03.03 20:20:09.723,1.58228,1.58282,1.02,2.25
2011.03.03 20:20:10.053,1.58231,1.58288,2.44,1.09
2011.03.03 20:20:13.093,1.58238,1.58286,1.50,2.44
2011.03.03 20:20:13.203,1.58238,1.5829,1.50,1.69
2011.03.03 20:20:13.312,1.58231,1.5829,3.87,1.69
2011.03.03 20:20:19.744,1.58231,1.58285,2.59,1.26
2011.03.03 20:20:29.492,1.58225,1.58274,1.54,2.82
2011.03.03 20:20:29.713,1.58223,1.58274,1.09,2.25
2011.03.03 20:20:31.993,1.58223,1.58265,1.09,1.69
2011.03.03 20:20:32.542,1.58223,1.58265,1.09,1.32
2011.03.03 20:20:33.244,1.58222,1.58272,1.09,1.69
2011.03.03 20:20:34.003,1.58219,1.58272,2.44,1.69
2011.03.03 20:20:34.555,1.58223,1.58272,1.09,1.69
2011.03.03 20:20:39.688,1.58222,1.58272,1.02,1.69
2011.03.03 20:20:40.232,1.58228,1.58276,1.09,2.25
2011.03.03 20:20:40.453,1.58235,1.58281,1.69,1.69
2011.03.03 20:20:41.902,1.58222,1.58278,1.24,1.69
2011.03.03 20:20:42.453,1.58221,1.58272,1.50,1.69
2011.03.03 20:20:42.563,1.58221,1.58272,1.65,1.69
2011.03.03 20:20:42.671,1.58215,1.58271,2.59,2.44
2011.03.03 20:20:43.234,1.58222,1.58271,1.09,3.19
2011.03.03 20:20:43.453,1.58222,1.58265,1.69,1.32
2011.03.03 20:20:44.283,1.58222,1.58272,1.09,2.44
2011.03.03 20:20:44.913,1.58222,1.58274,1.09,1.69
2011.03.03 20:20:45.023,1.58215,1.58268,2.59,1.32
2011.03.03 20:20:45.913,1.58215,1.58268,2.74,1.32
2011.03.03 20:20:46.633,1.58223,1.58277,1.09,1.09
2011.03.03 20:20:46.983,1.58221,1.58265,2.44,1.32
2011.03.03 20:20:47.954,1.58221,1.58277,2.44,1.84
2011.03.03 20:20:48.613,1.58222,1.58277,1.09,1.69
2011.03.03 20:20:48.983,1.58221,1.58266,1.69,1.32
2011.03.03 20:20:49.899,1.58217,1.58266,1.09,1.69
2011.03.03 20:20:50.655,1.5822,1.58266,1.09,1.69
2011.03.03 20:20:50.982,1.58228,1.58274,1.02,1.69
2011.03.03 20:20:52.022,1.58225,1.58284,1.02,1.69
2011.03.03 20:20:59.781,1.58225,1.58284,1.02,1.69
2011.03.03 20:21:09.962,1.58225,1.58284,1.02,1.69
2011.03.03 20:21:19.942,1.58225,1.58284,1.02,1.69
2011.03.03 20:21:22.993,1.58227,1.58285,1.02,1.69
2011.03.03 20:21:29.892,1.58237,1.58285,1.09,1.26
2011.03.03 20:21:42.033,1.58251,1.58301,2.44,1.69
2011.03.03 20:21:42.254,1.58251,1.58294,1.50,1.32
2011.03.03 20:21:42.473,1.58243,1.583,1.09,1.69
2011.03.03 20:21:43.022,1.58251,1.583,1.50,2.01
2011.03.03 20:21:43.132,1.5824,1.583,1.02,1.69
2011.03.03 20:21:43.352,1.58251,1.583,1.50,1.69
2011.03.03 20:21:44.414,1.58251,1.58301,3.00,1.69
2011.03.03 20:21:44.743,1.58257,1.58314,1.09,1.69
2011.03.03 20:21:47.463,1.58259,1.58316,2.29,2.58
2011.03.03 20:21:47.681,1.58268,1.58316,1.69,2.58
2011.03.03 20:21:51.638,1.58268,1.58316,1.99,2.58
2011.03.03 20:21:54.742,1.58268,1.58316,1.50,2.76
2011.03.03 20:21:54.962,1.58257,1.58316,1.02,2.76
2011.03.03 20:21:55.433,1.58257,1.58309,1.09,2.25
2011.03.03 20:21:59.919,1.58257,1.58316,1.09,2.01
2011.03.03 20:22:13.254,1.58255,1.58311,2.44,1.50
2011.03.03 20:22:13.367,1.58239,1.58302,1.09,1.69
2011.03.03 20:22:17.202,1.58239,1.58302,2.29,1.69
2011.03.03 20:22:23.624,1.58239,1.58302,1.09,1.69
2011.03.03 20:22:23.952,1.58251,1.58305,2.44,1.69
2011.03.03 20:22:26.748,1.58257,1.58305,1.58,1.69
2011.03.03 20:22:27.075,1.58257,1.58305,2.44,1.69
2011.03.03 20:22:27.402,1.58262,1.58312,2.44,1.69
2011.03.03 20:22:29.932,1.58262,1.58312,2.59,1.69
2011.03.03 20:22:35.753,1.58262,1.58296,1.50,1.32
2011.03.03 20:22:35.862,1.58254,1.58297,1.54,1.32
2011.03.03 20:22:35.973,1.58252,1.58303,1.09,3.19
2011.03.03 20:22:36.573,1.58252,1.58303,1.09,1.69
2011.03.03 20:22:40.092,1.58252,1.58303,1.09,1.69
2011.03.03 20:22:42.222,1.58248,1.583,1.65,1.32
2011.03.03 20:22:42.443,1.58246,1.583,2.59,1.32
2011.03.03 20:22:42.554,1.5825,1.58302,1.09,2.25
2011.03.03 20:22:43.528,1.5825,1.58308,1.09,1.69
2011.03.03 20:22:44.162,1.58248,1.58306,2.59,2.44
2011.03.03 20:22:49.502,1.58252,1.58308,1.54,1.69
2011.03.03 20:23:16.722,1.5825,1.58308,1.24,1.69
2011.03.03 20:23:17.173,1.5825,1.58308,1.09,1.69
2011.03.03 20:23:34.782,1.58248,1.58291,1.50,1.69
2011.03.03 20:23:35.003,1.58233,1.58276,1.09,1.69
2011.03.03 20:23:39.821,1.58232,1.58276,1.09,1.69
2011.03.03 20:23:54.202,1.58232,1.5828,1.09,1.83
2011.03.03 20:23:54.532,1.58233,1.58298,1.09,1.84
2011.03.03 20:23:57.592,1.58245,1.58296,1.50,2.01
2011.03.03 20:23:58.893,1.58256,1.58296,1.50,2.01
2011.03.03 20:23:59.004,1.58256,1.58296,1.69,1.45
2011.03.03 20:23:59.609,1.58256,1.583,1.50,1.69
2011.03.03 20:23:59.727,1.58243,1.583,1.02,1.32
2011.03.03 20:24:00.512,1.58243,1.583,1.02,1.69
2011.03.03 20:24:00.844,1.58242,1.58304,2.52,1.69
2011.03.03 20:24:07.562,1.58256,1.58305,1.50,2.76
2011.03.03 20:24:08.002,1.58249,1.58302,1.35,2.44
2011.03.03 20:24:08.445,1.58255,1.58304,1.50,1.69
2011.03.03 20:24:08.773,1.58252,1.58304,1.09,1.69
2011.03.03 20:24:11.383,1.58255,1.58297,2.59,1.32
2011.03.03 20:24:12.483,1.5825,1.58293,1.50,1.32
2011.03.03 20:24:12.703,1.58241,1.5828,1.09,1.32
2011.03.03 20:24:13.143,1.58241,1.58281,1.69,1.32
2011.03.03 20:24:13.474,1.58242,1.5829,1.09,2.25
2011.03.03 20:24:14.033,1.58242,1.58297,2.59,1.69
2011.03.03 20:24:15.525,1.58243,1.58303,1.09,1.69
2011.03.03 20:24:15.852,1.58242,1.58303,1.09,1.69
2011.03.03 20:24:18.824,1.58241,1.58295,4.35,1.69
2011.03.03 20:24:19.154,1.58242,1.58296,1.65,1.32
2011.03.03 20:24:19.263,1.58242,1.583,1.84,1.88
2011.03.03 20:24:21.254,1.58241,1.58296,3.60,1.32
2011.03.03 20:24:21.473,1.58237,1.58281,1.77,1.32
2011.03.03 20:24:22.573,1.58239,1.58281,1.69,1.32
2011.03.03 20:24:22.902,1.58243,1.58291,1.09,1.69
2011.03.03 20:24:23.343,1.58243,1.58296,1.09,1.50
2011.03.03 20:24:23.846,1.58243,1.58297,1.09,1.50
2011.03.03 20:24:25.354,1.58246,1.5831,1.24,1.69
2011.03.03 20:24:25.774,1.58242,1.58301,1.50,2.44
2011.03.03 20:24:27.233,1.58243,1.58301,1.09,2.44
2011.03.03 20:24:28.735,1.58251,1.58302,1.69,1.69
2011.03.03 20:24:29.263,1.58251,1.58291,1.50,1.32
2011.03.03 20:24:29.372,1.58236,1.58291,2.44,1.32
2011.03.03 20:24:29.482,1.58236,1.58291,1.99,1.32
2011.03.03 20:24:29.814,1.58245,1.58297,1.69,1.69
2011.03.03 20:24:29.922,1.58245,1.58297,1.69,1.69
2011.03.03 20:24:30.443,1.58245,1.58297,1.84,1.69
2011.03.03 20:24:31.147,1.58245,1.58297,1.69,1.69
2011.03.03 20:24:32.776,1.58245,1.58297,1.84,1.69
2011.03.03 20:24:34.874,1.58245,1.58297,1.69,1.69
2011.03.03 20:24:35.777,1.58245,1.58297,1.84,1.69
2011.03.03 20:24:36.916,1.58245,1.58297,3.34,1.69
2011.03.03 20:24:42.834,1.58245,1.58297,3.19,1.69
2011.03.03 20:24:44.503,1.5825,1.58307,1.09,1.69
2011.03.03 20:24:44.723,1.58247,1.58294,1.50,1.69
2011.03.03 20:24:44.832,1.58241,1.58294,1.69,1.69
2011.03.03 20:24:47.032,1.5824,1.58288,1.69,1.32
2011.03.03 20:24:48.244,1.5824,1.58282,1.50,2.44
2011.03.03 20:24:53.154,1.5824,1.58277,1.50,1.32
2011.03.03 20:24:58.323,1.58241,1.5829,1.69,1.88
2011.03.03 20:24:58.767,1.58242,1.58297,1.65,1.69
2011.03.03 20:25:07.974,1.5824,1.58297,1.50,1.69
2011.03.03 20:25:08.083,1.5824,1.58286,1.50,1.50
2011.03.03 20:25:08.394,1.58241,1.58284,1.50,1.69
2011.03.03 20:25:12.463,1.58238,1.58284,1.50,1.69
2011.03.03 20:25:17.503,1.58239,1.58286,1.09,2.25
2011.03.03 20:25:18.053,1.58237,1.58301,1.99,2.25
2011.03.03 20:25:19.944,1.58242,1.58311,1.50,1.09
2011.03.03 20:25:20.323,1.58238,1.583,1.05,2.44
2011.03.03 20:25:22.932,1.58237,1.583,1.80,2.44
2011.03.03 20:25:24.543,1.58242,1.583,1.02,2.25
2011.03.03 20:25:27.895,1.58245,1.58303,1.99,2.44
2011.03.03 20:25:31.003,1.58245,1.58288,1.50,1.32
2011.03.03 20:25:31.113,1.58238,1.58287,1.50,2.44
2011.03.03 20:25:31.223,1.5824,1.58287,1.09,1.69
2011.03.03 20:25:43.974,1.58237,1.58291,1.65,1.32
2011.03.03 20:25:48.593,1.58237,1.58287,1.65,2.44
2011.03.03 20:25:49.114,1.58237,1.58287,1.58,2.44
2011.03.03 20:26:03.043,1.5823,1.58285,2.59,1.69
2011.03.03 20:26:10.068,1.5823,1.58285,2.52,1.69
2011.03.03 20:26:18.504,1.5823,1.58279,1.50,1.69
2011.03.03 20:26:18.614,1.58228,1.58279,1.35,2.44
2011.03.03 20:26:18.723,1.58218,1.58279,1.09,2.44
2011.03.03 20:26:19.524,1.58223,1.5828,1.09,1.69
2011.03.03 20:26:20.320,1.58229,1.58284,2.44,1.69
2011.03.03 20:26:24.593,1.58231,1.58284,1.02,1.69
2011.03.03 20:26:24.703,1.58232,1.58287,1.02,2.25
2011.03.03 20:26:25.325,1.58233,1.58292,1.02,1.69
2011.03.03 20:26:33.504,1.58238,1.58292,1.09,1.69
2011.03.03 20:26:39.273,1.58231,1.58292,1.69,1.69
2011.03.03 20:26:49.634,1.5823,1.58286,1.69,2.25
2011.03.03 20:26:54.323,1.5823,1.58279,1.69,1.69
2011.03.03 20:26:54.873,1.58227,1.58279,1.09,2.01
2011.03.03 20:26:58.612,1.58227,1.58279,1.02,1.69
2011.03.03 20:26:59.953,1.58233,1.58279,1.09,1.32
2011.03.03 20:27:01.006,1.5823,1.58275,2.44,1.32
2011.03.03 20:27:02.273,1.58232,1.58281,1.09,3.19
2011.03.03 20:27:02.880,1.58232,1.58281,1.09,1.69
2011.03.03 20:27:04.062,1.58232,1.58287,1.09,1.69
2011.03.03 20:27:04.483,1.58231,1.58279,1.69,1.32
2011.03.03 20:27:10.000,1.58226,1.58279,1.09,1.47
2011.03.03 20:27:12.583,1.58226,1.58279,1.24,1.32
2011.03.03 20:27:12.803,1.58232,1.5828,1.09,1.32
2011.03.03 20:27:20.433,1.5823,1.58283,2.44,1.05
2011.03.03 20:27:21.024,1.58237,1.58287,2.52,1.69
2011.03.03 20:27:21.242,1.58237,1.58289,2.52,1.69
2011.03.03 20:27:31.043,1.58237,1.58289,2.52,1.32
2011.03.03 20:27:36.703,1.58237,1.58296,2.59,2.76
2011.03.03 20:27:37.409,1.58241,1.58296,2.44,2.01
2011.03.03 20:27:41.199,1.58241,1.58298,2.44,1.09
2011.03.03 20:27:46.174,1.58241,1.58289,1.50,1.32
2011.03.03 20:27:46.284,1.58241,1.58286,1.50,1.69
2011.03.03 20:27:46.393,1.58228,1.58284,2.44,2.44
2011.03.03 20:27:47.222,1.58232,1.58286,1.77,1.69
2011.03.03 20:27:47.773,1.58233,1.5829,1.02,2.44
2011.03.03 20:27:54.242,1.58233,1.58283,1.09,1.69
2011.03.03 20:27:54.352,1.58233,1.58283,1.09,1.69
2011.03.03 20:27:57.343,1.58232,1.58283,2.44,1.69
2011.03.03 20:27:57.454,1.58231,1.58293,2.44,1.09
2011.03.03 20:27:58.073,1.58236,1.58295,1.02,2.01
2011.03.03 20:28:01.968,1.58232,1.58283,1.09,1.69
2011.03.03 20:28:03.734,1.58228,1.58276,2.44,1.32
2011.03.03 20:28:12.581,1.58228,1.58273,1.09,1.69
2011.03.03 20:28:18.133,1.58234,1.5828,1.69,1.32
2011.03.03 20:28:19.176,1.58234,1.58279,2.44,1.32
2011.03.03 20:28:25.213,1.58234,1.58279,1.50,1.32
2011.03.03 20:28:25.434,1.58218,1.58263,2.59,1.32
2011.03.03 20:28:38.013,1.58222,1.58274,1.02,2.25
2011.03.03 20:28:40.154,1.58225,1.58279,3.19,1.32
2011.03.03 20:28:40.264,1.58228,1.5829,1.09,1.32
2011.03.03 20:28:44.454,1.58235,1.58279,1.35,1.32
2011.03.03 20:28:44.564,1.58235,1.58284,2.29,2.25
2011.03.03 20:28:45.113,1.58232,1.58288,1.09,1.69
2011.03.03 20:28:49.697,1.58232,1.5829,1.77,1.32
2011.03.03 20:28:50.251,1.58226,1.5829,1.09,1.32
2011.03.03 20:28:50.963,1.58226,1.5829,1.09,1.32
2011.03.03 20:28:59.515,1.58223,1.58284,1.50,1.32
2011.03.03 20:29:01.873,1.5822,1.58276,1.65,1.69
2011.03.03 20:29:05.014,1.5822,1.58272,1.50,1.09
2011.03.03 20:29:05.123,1.58215,1.58272,3.04,1.47
2011.03.03 20:29:07.483,1.58215,1.58275,2.44,2.07
2011.03.03 20:29:08.064,1.58223,1.58277,1.35,1.69
2011.03.03 20:29:09.291,1.58223,1.58288,2.29,1.84
2011.03.03 20:29:10.233,1.58223,1.5826,1.35,1.32
2011.03.03 20:29:10.452,1.58204,1.5826,2.89,2.82
2011.03.03 20:29:10.563,1.58212,1.58265,1.47,1.69
2011.03.03 20:29:23.224,1.58212,1.58272,1.09,1.32
2011.03.03 20:29:23.953,1.58223,1.58277,1.09,2.44
2011.03.03 20:29:25.232,1.5822,1.58269,1.50,1.32
2011.03.03 20:29:25.452,1.58205,1.58261,1.47,2.44
2011.03.03 20:29:31.842,1.58203,1.58257,1.50,1.09
2011.03.03 20:29:32.062,1.58193,1.58244,1.09,2.82
2011.03.03 20:29:33.562,1.58195,1.58244,1.69,2.82
2011.03.03 20:29:35.042,1.58195,1.58244,1.69,1.88
2011.03.03 20:29:35.592,1.58199,1.58252,2.25,1.09
2011.03.03 20:29:36.792,1.58199,1.58252,2.25,1.09
2011.03.03 20:29:37.428,1.58199,1.58252,2.25,1.09
2011.03.03 20:29:40.192,1.582,1.58254,1.50,1.32
2011.03.03 20:30:00.173,1.58199,1.58254,3.75,1.32
2011.03.03 20:30:00.723,1.58199,1.58254,3.75,1.32
2011.03.03 20:30:00.944,1.58199,1.58254,3.90,1.32
2011.03.03 20:30:01.993,1.58199,1.58254,3.00,1.32
2011.03.03 20:30:02.654,1.58199,1.58254,3.00,1.32
2011.03.03 20:30:09.026,1.58199,1.58254,3.00,1.64
2011.03.03 20:30:09.245,1.58193,1.58249,1.35,2.01
2011.03.03 20:30:09.464,1.58183,1.5824,2.59,1.32
2011.03.03 20:30:20.823,1.58188,1.58241,1.09,3.19
2011.03.03 20:30:26.384,1.58191,1.58241,2.29,1.32
2011.03.03 20:30:26.715,1.58184,1.58234,1.02,2.44
2011.03.03 20:30:27.262,1.58183,1.58234,1.02,2.44
2011.03.03 20:30:27.976,1.58178,1.58233,2.44,1.09
2011.03.03 20:30:30.903,1.58172,1.58226,1.09,1.50
2011.03.03 20:30:31.125,1.58189,1.58239,2.44,1.69
2011.03.03 20:30:31.234,1.58181,1.58232,2.29,2.44
2011.03.03 20:30:32.303,1.58178,1.58231,1.09,1.32
2011.03.03 20:30:37.263,1.58178,1.58231,1.09,1.32
2011.03.03 20:30:38.165,1.58178,1.58231,1.09,1.32
2011.03.03 20:30:41.943,1.58178,1.58232,1.09,2.82
2011.03.03 20:30:47.472,1.58188,1.58237,1.02,1.69
2011.03.03 20:30:48.288,1.58187,1.58233,1.77,1.32
2011.03.03 20:31:02.690,1.58187,1.58238,1.09,2.22
2011.03.03 20:31:03.393,1.5819,1.58242,2.44,1.69
2011.03.03 20:31:10.173,1.5819,1.58242,2.44,1.32
2011.03.03 20:31:27.223,1.5819,1.58248,2.44,1.88
2011.03.03 20:31:29.725,1.58191,1.58239,2.29,2.44
2011.03.03 20:31:32.343,1.5819,1.58239,1.69,2.44
2011.03.03 20:31:40.173,1.58189,1.58241,2.44,1.32
2011.03.03 20:31:43.286,1.58189,1.58249,2.44,2.25
2011.03.03 20:31:43.865,1.58199,1.58253,2.44,1.09
2011.03.03 20:31:45.092,1.58205,1.58253,1.50,1.02
2011.03.03 20:31:45.446,1.58205,1.5824,1.50,1.32
2011.03.03 20:31:45.555,1.58192,1.58238,1.35,2.44
2011.03.03 20:31:46.104,1.58188,1.58238,1.09,1.69
2011.03.03 20:32:10.933,1.5819,1.5824,1.50,1.32
2011.03.03 20:32:11.043,1.58184,1.58239,1.54,2.44
2011.03.03 20:32:11.265,1.5819,1.58246,2.44,1.69
2011.03.03 20:32:11.593,1.58191,1.58246,2.29,1.69
2011.03.03 20:32:12.033,1.58198,1.5824,1.50,1.32
2011.03.03 20:32:12.147,1.58189,1.58238,3.19,2.44
2011.03.03 20:32:23.274,1.5819,1.58238,1.69,2.44
2011.03.03 20:32:24.317,1.5819,1.5824,3.19,1.69
2011.03.03 20:32:35.294,1.5819,1.58248,3.19,2.25
2011.03.03 20:32:35.403,1.58192,1.58249,2.29,2.07
2011.03.03 20:32:36.064,1.58189,1.58238,2.44,1.69
2011.03.03 20:32:36.283,1.58189,1.58231,1.69,1.32
2011.03.03 20:32:39.639,1.5819,1.58241,2.44,1.69
2011.03.03 20:32:40.163,1.5819,1.58248,1.69,1.09
2011.03.03 20:32:40.275,1.582,1.58249,2.44,2.07
2011.03.03 20:32:40.603,1.58205,1.58261,2.44,1.69
2011.03.03 20:32:44.095,1.58201,1.58247,1.69,1.32
2011.03.03 20:32:49.034,1.58197,1.58247,1.09,1.69
2011.03.03 20:32:49.363,1.58193,1.58247,2.44,1.69
2011.03.03 20:32:56.494,1.58198,1.58251,1.09,2.25
2011.03.03 20:32:57.475,1.58198,1.58254,1.35,1.69
2011.03.03 20:32:57.803,1.58196,1.5825,1.69,2.44
2011.03.03 20:32:58.509,1.58196,1.58245,1.69,2.25
2011.03.03 20:32:58.726,1.5819,1.58243,1.09,1.69
2011.03.03 20:32:59.275,1.5819,1.58243,1.02,1.69
2011.03.03 20:33:00.605,1.58192,1.58235,1.09,1.32
2011.03.03 20:33:00.823,1.58192,1.58244,1.09,1.69
2011.03.03 20:33:02.984,1.58191,1.58235,2.44,1.32
2011.03.03 20:33:06.224,1.58195,1.58236,2.44,1.32
2011.03.03 20:33:06.799,1.58198,1.58245,1.09,1.69
2011.03.03 20:33:06.907,1.58192,1.58236,2.52,1.32
2011.03.03 20:33:07.013,1.58192,1.58241,2.52,1.69
2011.03.03 20:33:08.503,1.58192,1.58237,1.69,1.32
2011.03.03 20:33:09.974,1.58195,1.58237,1.50,1.32
2011.03.03 20:33:10.447,1.58188,1.58237,1.09,1.32
2011.03.03 20:33:10.556,1.58187,1.58235,1.09,1.32
2011.03.03 20:33:11.104,1.58187,1.58235,1.09,1.32
2011.03.03 20:33:14.985,1.58185,1.58235,1.50,1.32
2011.03.03 20:33:15.093,1.58173,1.58235,1.09,1.32
2011.03.03 20:33:16.733,1.58173,1.58223,1.09,1.32
2011.03.03 20:33:17.254,1.5817,1.58222,1.65,1.32
2011.03.03 20:33:17.474,1.58172,1.58222,1.50,1.32
2011.03.03 20:33:17.855,1.58186,1.58235,1.50,1.69
2011.03.03 20:33:19.965,1.58186,1.58242,1.69,1.69
2011.03.03 20:33:20.075,1.58194,1.58243,1.50,1.32
2011.03.03 20:33:20.184,1.58194,1.5825,2.44,2.01
2011.03.03 20:33:20.514,1.58188,1.58244,1.54,2.82
2011.03.03 20:33:22.714,1.58183,1.58242,2.29,1.69
2011.03.03 20:33:22.824,1.58176,1.58229,1.84,1.32
2011.03.03 20:33:23.044,1.58186,1.58237,1.50,1.69
2011.03.03 20:33:23.373,1.58186,1.58239,2.44,1.69
2011.03.03 20:33:24.210,1.58186,1.58239,2.44,1.69
2011.03.03 20:33:25.510,1.58186,1.58237,1.50,1.69
2011.03.03 20:33:26.866,1.58186,1.58237,1.50,1.69
2011.03.03 20:33:27.735,1.58186,1.58229,1.50,1.32
2011.03.03 20:33:27.954,1.5817,1.58229,1.84,1.32
2011.03.03 20:33:38.223,1.58172,1.58229,1.09,2.82
2011.03.03 20:33:51.585,1.58182,1.58229,1.02,1.32
2011.03.03 20:34:06.074,1.58187,1.58234,1.09,1.69
2011.03.03 20:34:07.475,1.58183,1.58226,1.69,1.32
2011.03.03 20:34:10.605,1.58171,1.58237,2.59,1.84
2011.03.03 20:34:25.724,1.58177,1.58235,1.02,1.69
2011.03.03 20:34:30.323,1.58184,1.58235,2.59,1.69
2011.03.03 20:34:39.464,1.58193,1.58235,1.09,1.50
2011.03.03 20:34:39.574,1.58193,1.58245,1.09,1.69
2011.03.03 20:34:51.303,1.58187,1.58237,1.69,1.32
2011.03.03 20:34:55.045,1.58185,1.58237,1.50,1.32
2011.03.03 20:34:55.153,1.58171,1.58235,4.09,1.69
2011.03.03 20:34:58.841,1.58177,1.58235,1.09,1.69
2011.03.03 20:34:59.285,1.58188,1.58246,1.69,2.44
2011.03.03 20:35:00.163,1.58196,1.58249,1.50,1.69
2011.03.03 20:35:01.445,1.58196,1.58241,1.69,1.32
2011.03.03 20:35:03.023,1.58196,1.58241,2.44,1.32
2011.03.03 20:35:03.355,1.58201,1.58241,1.69,1.32
2011.03.03 20:35:03.696,1.58195,1.5825,3.79,1.69
2011.03.03 20:35:06.373,1.58206,1.58255,1.02,1.69
2011.03.03 20:35:07.146,1.58205,1.58247,1.50,1.69
2011.03.03 20:35:07.255,1.58196,1.58247,1.02,1.69
2011.03.03 20:35:09.824,1.58204,1.58247,1.50,1.69
2011.03.03 20:35:10.215,1.58204,1.58247,1.50,1.69
2011.03.03 20:35:12.324,1.58204,1.58253,2.44,1.32
2011.03.03 20:35:13.225,1.58198,1.5826,3.04,1.69
2011.03.03 20:35:13.775,1.58205,1.5826,1.50,1.69
2011.03.03 20:35:14.675,1.58205,1.58249,1.69,1.32
2011.03.03 20:35:21.245,1.58208,1.58256,1.09,1.69
2011.03.03 20:35:22.474,1.58205,1.5826,2.59,1.69
2011.03.03 20:35:30.325,1.58205,1.5826,2.44,1.69
2011.03.03 20:35:32.474,1.58205,1.58256,1.50,1.32
2011.03.03 20:35:33.023,1.58205,1.58254,1.69,1.32
2011.03.03 20:35:37.724,1.58215,1.58261,2.44,1.69
2011.03.03 20:35:39.555,1.58216,1.58261,1.09,1.69
2011.03.03 20:35:40.293,1.58216,1.58261,1.09,1.32
2011.03.03 20:35:57.385,1.5822,1.58261,1.50,1.32
2011.03.03 20:35:57.554,1.5822,1.58268,2.44,1.69
2011.03.03 20:35:57.883,1.58224,1.58268,2.44,1.69
2011.03.03 20:36:00.424,1.58217,1.58267,1.02,1.32
2011.03.03 20:36:01.975,1.58225,1.58267,1.50,1.32
2011.03.03 20:36:03.676,1.58225,1.58267,1.65,1.32
2011.03.03 20:36:04.004,1.5823,1.58272,2.44,1.69
2011.03.03 20:36:04.786,1.58227,1.58272,1.02,1.69
2011.03.03 20:36:07.197,1.58227,1.58272,1.02,1.69
2011.03.03 20:36:11.545,1.58231,1.58272,1.02,1.69
2011.03.03 20:36:11.766,1.58217,1.58252,2.10,1.32
2011.03.03 20:36:11.984,1.5821,1.58252,1.77,1.32
2011.03.03 20:36:12.906,1.5821,1.58252,1.24,1.32
2011.03.03 20:36:13.224,1.5821,1.58252,1.09,1.32
2011.03.03 20:36:14.774,1.58214,1.58259,2.44,1.69
2011.03.03 20:36:15.595,1.58218,1.58263,1.69,1.32
2011.03.03 20:36:15.927,1.58218,1.58268,2.44,1.32
2011.03.03 20:36:16.583,1.58219,1.58268,2.44,1.32
2011.03.03 20:36:17.134,1.58225,1.58273,2.44,1.02
2011.03.03 20:36:18.694,1.58219,1.58269,2.25,1.32
2011.03.03 20:36:19.026,1.58206,1.5826,1.24,2.44
2011.03.03 20:36:19.244,1.58206,1.58256,1.02,1.32
2011.03.03 20:36:20.765,1.58208,1.58256,1.09,1.32
2011.03.03 20:36:21.208,1.58204,1.58255,3.19,2.44
2011.03.03 20:36:21.425,1.58205,1.58255,1.09,1.69
2011.03.03 20:36:22.656,1.58213,1.58261,1.50,2.44
2011.03.03 20:36:23.179,1.58213,1.58268,2.37,2.01
2011.03.03 20:36:29.944,1.58213,1.58268,2.25,1.32
2011.03.03 20:36:32.244,1.58213,1.58271,2.44,2.07
2011.03.03 20:36:32.904,1.58211,1.58271,3.49,2.07
2011.03.03 20:36:33.454,1.58211,1.58271,4.09,2.07
2011.03.03 20:36:35.165,1.58214,1.58271,1.84,2.07
2011.03.03 20:36:35.603,1.5822,1.58271,1.50,2.07
2011.03.03 20:36:35.825,1.58216,1.58271,1.69,2.07
2011.03.03 20:36:36.226,1.58219,1.58274,1.50,3.19
2011.03.03 20:36:36.555,1.58223,1.58272,1.09,1.32
2011.03.03 20:36:36.885,1.58231,1.58291,3.79,2.44
2011.03.03 20:36:37.444,1.58232,1.58291,1.35,2.44
2011.03.03 20:36:37.554,1.58224,1.5828,3.12,2.44
2011.03.03 20:36:38.345,1.58224,1.5828,3.34,2.44
2011.03.03 20:36:38.674,1.58234,1.58281,1.69,1.32
2011.03.03 20:36:41.356,1.58237,1.58292,1.09,2.44
2011.03.03 20:36:41.578,1.58238,1.58301,2.44,1.69
2011.03.03 20:36:41.684,1.58238,1.58292,1.69,1.69
2011.03.03 20:36:42.344,1.58237,1.58292,1.54,1.69
2011.03.03 20:36:43.015,1.58238,1.58301,1.09,1.69
2011.03.03 20:36:43.125,1.58241,1.58301,2.29,1.32
2011.03.03 20:36:44.295,1.58237,1.58299,2.44,1.32
2011.03.03 20:36:44.515,1.58242,1.58292,2.29,1.69
2011.03.03 20:36:44.735,1.5824,1.58298,1.50,2.44
2011.03.03 20:36:45.283,1.58235,1.5829,1.32,2.44
2011.03.03 20:36:45.955,1.58233,1.5828,2.25,1.32
2011.03.03 20:36:46.285,1.58233,1.5828,3.19,2.82
2011.03.03 20:36:47.064,1.58234,1.58276,1.50,2.44
2011.03.03 20:36:47.284,1.58233,1.58276,2.44,1.50
2011.03.03 20:36:47.724,1.58232,1.58288,1.50,1.47
2011.03.03 20:36:48.136,1.5823,1.58288,2.29,1.32
2011.03.03 20:36:48.465,1.58232,1.58281,1.50,1.50
2011.03.03 20:36:48.793,1.58232,1.58277,1.50,1.69
2011.03.03 20:36:49.334,1.58224,1.58277,2.03,1.69
2011.03.03 20:36:50.024,1.58224,1.58277,1.88,1.69
2011.03.03 20:36:50.141,1.58224,1.58271,1.88,1.50
2011.03.03 20:36:50.876,1.58224,1.58271,1.28,1.50
2011.03.03 20:36:51.204,1.58226,1.5828,1.09,2.44
2011.03.03 20:36:52.552,1.58228,1.5828,1.09,2.44
2011.03.03 20:36:53.025,1.58223,1.58283,1.73,1.09
2011.03.03 20:36:53.437,1.58219,1.58274,2.44,2.07
2011.03.03 20:36:53.984,1.58219,1.58272,1.69,1.32
2011.03.03 20:37:02.314,1.58208,1.58265,1.32,2.44
2011.03.03 20:37:08.936,1.58209,1.58265,2.82,2.44
2011.03.03 20:37:10.635,1.58212,1.58266,1.69,1.32
2011.03.03 20:37:10.744,1.58213,1.58269,1.69,1.32
2011.03.03 20:37:11.145,1.58217,1.58269,1.50,1.32
2011.03.03 20:37:11.365,1.58209,1.58269,2.44,1.32
2011.03.03 20:37:13.858,1.58215,1.58269,1.77,1.32
2011.03.03 20:37:14.887,1.58215,1.58269,1.84,1.32
2011.03.03 20:37:16.037,1.58215,1.58269,1.99,1.32
2011.03.03 20:37:19.164,1.58215,1.58269,1.69,1.32
2011.03.03 20:37:19.274,1.58215,1.58266,2.44,1.32
2011.03.03 20:37:19.985,1.5821,1.58266,2.44,2.07
2011.03.03 20:37:20.535,1.58207,1.58265,2.22,2.44
2011.03.03 20:37:21.745,1.58207,1.58265,2.37,2.44
2011.03.03 20:37:22.085,1.58207,1.58265,2.22,2.44
2011.03.03 20:37:23.625,1.58207,1.58265,2.37,2.44
2011.03.03 20:37:24.173,1.58207,1.58265,2.07,2.44
2011.03.03 20:37:28.584,1.58208,1.58265,1.69,1.50
2011.03.03 20:37:29.222,1.58207,1.58271,2.97,1.32
2011.03.03 20:37:35.694,1.58217,1.58271,1.50,1.32
2011.03.03 20:37:36.504,1.58217,1.58274,1.65,1.88
2011.03.03 20:37:38.674,1.58209,1.58273,1.47,1.88
2011.03.03 20:37:38.784,1.58208,1.58271,2.07,1.32
2011.03.03 20:37:39.906,1.58208,1.58265,1.62,1.69
2011.03.03 20:37:40.603,1.58208,1.58265,1.47,1.69
2011.03.03 20:37:47.602,1.58208,1.58265,1.28,2.44
2011.03.03 20:37:48.154,1.58207,1.58255,1.50,1.69
2011.03.03 20:37:57.596,1.58207,1.58262,1.65,1.32
2011.03.03 20:37:58.406,1.58207,1.58262,1.65,1.32
2011.03.03 20:37:59.904,1.58207,1.58262,1.65,1.32
2011.03.03 20:38:00.504,1.58208,1.5827,1.69,1.32
2011.03.03 20:38:09.052,1.58208,1.58265,1.77,2.44
2011.03.03 20:38:09.426,1.58207,1.58258,1.84,2.44
2011.03.03 20:38:12.604,1.58207,1.58265,1.99,2.44
2011.03.03 20:38:12.935,1.58231,1.58287,2.44,2.44
2011.03.03 20:38:20.994,1.58222,1.5828,1.88,2.44
2011.03.03 20:38:21.433,1.58224,1.58272,1.32,1.50
2011.03.03 20:38:22.176,1.58222,1.5828,2.03,2.44
2011.03.03 20:38:24.784,1.58224,1.58278,1.32,1.09
2011.03.03 20:38:29.995,1.58222,1.58271,1.88,1.32
2011.03.03 20:38:30.104,1.58208,1.58261,2.44,1.32
2011.03.03 20:38:30.435,1.58209,1.58261,1.69,1.32
2011.03.03 20:38:36.484,1.58209,1.58264,2.44,2.44
2011.03.03 20:38:36.936,1.58208,1.58264,1.69,2.44
2011.03.03 20:38:37.046,1.58207,1.58264,2.22,2.44
2011.03.03 20:38:37.264,1.58213,1.58269,1.69,1.32
2011.03.03 20:38:37.375,1.58219,1.58275,1.69,1.69
2011.03.03 20:38:37.923,1.58223,1.5828,2.44,2.44
2011.03.03 20:38:44.784,1.58223,1.58275,1.69,1.09
2011.03.03 20:38:45.005,1.58222,1.58267,1.50,1.09
2011.03.03 20:38:45.225,1.58208,1.58267,2.59,1.09
2011.03.03 20:38:48.704,1.58208,1.58265,1.09,2.44
2011.03.03 20:39:08.274,1.58198,1.58254,2.59,2.82
2011.03.03 20:39:08.994,1.58206,1.58257,2.59,1.32
2011.03.03 20:39:10.128,1.58206,1.58257,2.59,1.69
2011.03.03 20:39:10.674,1.58189,1.58236,1.69,1.32
2011.03.03 20:39:13.985,1.58192,1.58239,1.02,1.88
2011.03.03 20:39:30.465,1.58192,1.58245,1.02,1.32
2011.03.03 20:39:34.214,1.58183,1.58239,1.84,2.44
2011.03.03 20:39:35.704,1.58181,1.58239,2.59,2.44
2011.03.03 20:39:36.899,1.58181,1.58239,2.74,2.44
2011.03.03 20:39:37.375,1.58181,1.58238,2.44,1.02
2011.03.03 20:39:37.484,1.58181,1.58238,2.44,1.02
2011.03.03 20:39:38.775,1.58181,1.58226,1.50,1.69
2011.03.03 20:39:38.883,1.58172,1.58223,1.09,2.44
2011.03.03 20:39:44.264,1.58183,1.58227,1.09,2.25
2011.03.03 20:39:44.485,1.58187,1.58232,1.69,1.26
2011.03.03 20:39:45.364,1.58175,1.58236,1.09,2.39
2011.03.03 20:39:48.307,1.58175,1.58236,1.24,2.39
2011.03.03 20:39:49.624,1.5818,1.58236,1.54,1.64
2011.03.03 20:39:50.864,1.58182,1.58237,1.43,1.32
2011.03.03 20:39:51.904,1.58177,1.58237,1.69,1.84
2011.03.03 20:40:00.294,1.58178,1.58237,1.84,1.69
2011.03.03 20:40:01.505,1.58182,1.58231,1.35,1.50
2011.03.03 20:40:01.834,1.58173,1.58231,1.50,2.44
2011.03.03 20:40:02.356,1.58173,1.58231,1.35,2.44
2011.03.03 20:40:02.465,1.58167,1.58231,2.07,2.44
2011.03.03 20:40:03.865,1.58167,1.58231,2.22,2.44
2011.03.03 20:40:04.527,1.58167,1.58231,2.07,2.44
2011.03.03 20:40:05.873,1.58167,1.58231,2.07,2.44
2011.03.03 20:40:14.725,1.58162,1.58229,1.65,2.29
2011.03.03 20:40:14.944,1.58161,1.58216,1.84,1.69
2011.03.03 20:40:15.164,1.58163,1.58227,1.09,1.84
2011.03.03 20:40:15.384,1.58166,1.58229,1.09,2.29
2011.03.03 20:40:16.554,1.58172,1.58232,1.50,2.44
2011.03.03 20:40:16.665,1.58172,1.58227,1.65,1.69
2011.03.03 20:40:17.865,1.58172,1.58227,1.80,1.69
2011.03.03 20:40:18.854,1.58177,1.58232,1.09,2.44
2011.03.03 20:40:20.675,1.58178,1.58226,1.09,1.83
2011.03.03 20:40:21.476,1.58177,1.58226,2.44,1.83
2011.03.03 20:40:21.966,1.58177,1.58226,1.50,2.01
2011.03.03 20:40:22.184,1.58173,1.58226,1.65,2.76
2011.03.03 20:40:22.937,1.58173,1.58226,1.65,2.76
2011.03.03 20:40:23.426,1.58171,1.58227,1.58,4.26
2011.03.03 20:40:24.118,1.58173,1.58227,1.50,2.76
2011.03.03 20:40:25.484,1.58173,1.58208,1.50,1.69
2011.03.03 20:40:25.704,1.58157,1.58208,2.59,1.69
2011.03.03 20:40:26.718,1.58162,1.58214,1.09,1.69
2011.03.03 20:40:27.264,1.58162,1.58214,1.09,1.69
2011.03.03 20:40:27.975,1.58157,1.58211,3.00,1.69
2011.03.03 20:40:28.197,1.58148,1.58202,2.25,1.69
2011.03.03 20:40:28.305,1.58146,1.58202,1.09,1.69
2011.03.03 20:40:28.415,1.58151,1.58202,1.50,1.69
2011.03.03 20:40:28.644,1.58146,1.58202,1.09,1.69
2011.03.03 20:40:28.755,1.58147,1.58208,1.09,2.25
2011.03.03 20:40:31.114,1.58154,1.5821,1.69,3.19
2011.03.03 20:40:32.355,1.5815,1.5819,1.35,1.69
2011.03.03 20:40:32.574,1.58154,1.58203,2.44,2.29
2011.03.03 20:40:35.494,1.58149,1.58194,1.35,2.82
2011.03.03 20:40:35.605,1.58149,1.58193,1.35,1.69
2011.03.03 20:40:35.717,1.5814,1.58193,2.59,1.69
2011.03.03 20:40:36.007,1.58148,1.58194,1.09,2.25
2011.03.03 20:40:36.224,1.58148,1.58206,1.09,1.69
2011.03.03 20:40:39.225,1.58148,1.58208,1.09,2.25
2011.03.03 20:40:40.464,1.58154,1.58206,2.44,1.69
2011.03.03 20:40:41.495,1.58154,1.582,2.44,1.69
2011.03.03 20:40:41.715,1.5815,1.58203,1.09,1.69
2011.03.03 20:40:44.973,1.58148,1.58208,1.02,2.25
2011.03.03 20:40:45.455,1.58153,1.58206,3.04,1.69
2011.03.03 20:40:49.495,1.58147,1.58209,1.09,2.25
2011.03.03 20:40:50.107,1.58154,1.5821,2.44,2.25
2011.03.03 20:40:50.685,1.58154,1.58206,2.44,1.69
2011.03.03 20:40:51.348,1.58154,1.58208,2.44,1.69
2011.03.03 20:40:51.454,1.58163,1.58208,2.44,1.32
2011.03.03 20:40:52.671,1.58154,1.5821,3.94,2.07
2011.03.03 20:40:55.746,1.58163,1.58211,1.02,1.45
2011.03.03 20:40:56.635,1.58163,1.58211,1.02,2.58
2011.03.03 20:40:58.765,1.58162,1.5821,1.24,1.26
2011.03.03 20:40:58.874,1.58162,1.5821,1.09,1.26
2011.03.03 20:40:59.205,1.58162,1.58203,1.09,1.32
2011.03.03 20:41:00.264,1.58158,1.58208,1.09,1.69
2011.03.03 20:41:01.183,1.58163,1.58208,1.09,1.69
2011.03.03 20:41:10.166,1.58163,1.5821,1.09,1.83
2011.03.03 20:41:19.704,1.58168,1.58211,1.02,1.83
2011.03.03 20:41:20.312,1.58168,1.58211,1.02,1.83
2011.03.03 20:41:38.054,1.58163,1.58208,1.09,1.32
2011.03.03 20:41:41.176,1.58164,1.58208,1.09,1.32
2011.03.03 20:41:41.285,1.58168,1.58216,1.09,1.69
2011.03.03 20:41:42.235,1.58167,1.58224,1.09,2.44
2011.03.03 20:41:42.783,1.58171,1.58226,2.44,1.69
2011.03.03 20:41:43.526,1.58172,1.58215,1.02,1.69
2011.03.03 20:41:43.965,1.58168,1.58222,1.09,1.69
2011.03.03 20:41:44.469,1.58171,1.58222,2.44,1.69
2011.03.03 20:41:50.301,1.58178,1.58222,1.09,1.69
2011.03.03 20:41:51.065,1.58169,1.5822,1.54,1.69
2011.03.03 20:41:54.536,1.58159,1.58215,1.09,1.32
2011.03.03 20:41:54.755,1.58162,1.58223,1.09,1.84
2011.03.03 20:41:55.878,1.58162,1.58223,1.09,1.84
2011.03.03 20:41:59.394,1.58167,1.58223,1.32,1.84
2011.03.03 20:41:59.728,1.58185,1.58236,1.54,1.69
2011.03.03 20:41:59.834,1.58185,1.58227,1.54,1.50
2011.03.03 20:42:00.437,1.58177,1.58226,2.44,1.45
2011.03.03 20:42:00.794,1.58177,1.58227,1.54,2.76
2011.03.03 20:42:01.015,1.58172,1.58226,1.09,1.08
2011.03.03 20:42:01.693,1.58177,1.58227,2.29,2.58
2011.03.03 20:42:16.615,1.58182,1.58239,1.02,1.69
2011.03.03 20:42:17.296,1.58183,1.5824,1.09,1.69
2011.03.03 20:42:17.519,1.58186,1.58232,2.44,1.69
2011.03.03 20:42:20.302,1.58183,1.58232,1.09,1.32
2011.03.03 20:42:24.806,1.58182,1.58241,1.09,2.25
2011.03.03 20:42:25.025,1.58186,1.58239,1.69,1.69
2011.03.03 20:42:25.575,1.58182,1.58239,1.09,1.69
2011.03.03 20:42:42.792,1.58182,1.58238,1.09,1.69
2011.03.03 20:42:57.426,1.58182,1.58235,1.09,1.69
2011.03.03 20:43:00.554,1.58187,1.5824,2.44,1.69
2011.03.03 20:43:06.654,1.58193,1.58241,1.09,2.58
2011.03.03 20:43:06.874,1.58197,1.58241,2.59,1.45
2011.03.03 20:43:07.444,1.58193,1.58242,1.09,2.39
2011.03.03 20:43:09.665,1.58193,1.58239,1.02,1.32
2011.03.03 20:43:13.535,1.58197,1.58241,1.09,2.20
2011.03.03 20:43:14.084,1.58197,1.58241,1.09,2.20
2011.03.03 20:43:16.167,1.58197,1.58241,1.09,2.20
2011.03.03 20:43:20.434,1.58197,1.58252,1.09,2.01
2011.03.03 20:43:25.777,1.58193,1.58249,2.29,1.69
2011.03.03 20:43:26.323,1.58192,1.58243,1.09,1.88
2011.03.03 20:43:28.597,1.58192,1.58239,1.09,1.32
2011.03.03 20:43:36.766,1.58193,1.58236,1.09,1.32
2011.03.03 20:43:36.985,1.58189,1.58238,1.09,1.88
2011.03.03 20:43:37.094,1.58193,1.58235,1.09,1.32
2011.03.03 20:43:45.416,1.58182,1.58237,2.59,1.69
2011.03.03 20:43:45.745,1.58186,1.58228,1.69,1.32
2011.03.03 20:43:46.076,1.58177,1.58228,1.09,1.32
2011.03.03 20:43:46.185,1.58182,1.58228,1.09,1.32
2011.03.03 20:44:00.506,1.58187,1.58232,1.09,1.83
2011.03.03 20:44:00.615,1.58188,1.58239,2.44,2.01
2011.03.03 20:44:00.946,1.58188,1.58238,1.69,1.69
2011.03.03 20:44:01.494,1.58189,1.58238,1.69,1.69
2011.03.03 20:44:03.065,1.58191,1.58241,1.02,1.08
2011.03.03 20:44:09.224,1.58189,1.58231,1.69,1.32
2011.03.03 20:44:10.725,1.58182,1.58231,2.59,1.69
2011.03.03 20:44:14.004,1.58182,1.58225,2.59,1.32
2011.03.03 20:44:14.716,1.58173,1.58228,2.59,1.32
2011.03.03 20:44:17.696,1.58173,1.58231,2.59,3.19
2011.03.03 20:44:18.244,1.58181,1.58231,2.44,1.69
2011.03.03 20:44:19.025,1.58181,1.58227,1.50,1.32
2011.03.03 20:44:21.077,1.58173,1.58227,2.44,1.32
2011.03.03 20:44:21.405,1.58173,1.58227,2.44,1.69
2011.03.03 20:44:23.725,1.58181,1.58227,1.50,1.69
2011.03.03 20:44:24.438,1.58173,1.5823,2.44,1.69
2011.03.03 20:44:25.864,1.58172,1.58225,1.02,2.44
2011.03.03 20:44:32.315,1.58171,1.58217,1.09,1.32
2011.03.03 20:44:36.526,1.58163,1.58215,1.09,2.82
2011.03.03 20:44:37.904,1.58167,1.58219,1.09,1.32
2011.03.03 20:44:38.496,1.58173,1.58221,1.09,2.25
2011.03.03 20:44:40.105,1.58168,1.58225,1.09,2.44
2011.03.03 20:44:40.556,1.58163,1.58218,1.17,1.32
2011.03.03 20:44:40.665,1.58163,1.58218,1.09,1.32
2011.03.03 20:44:41.216,1.58159,1.58215,1.69,1.69
2011.03.03 20:44:41.544,1.58158,1.58208,1.65,1.69
2011.03.03 20:44:41.987,1.58154,1.58208,1.09,1.69
2011.03.03 20:44:42.472,1.58163,1.58218,1.69,1.69
2011.03.03 20:44:44.534,1.58161,1.58214,1.09,2.44
2011.03.03 20:44:46.867,1.58161,1.58214,1.09,2.44
2011.03.03 20:44:47.586,1.58161,1.58213,1.24,2.44
2011.03.03 20:44:47.699,1.58153,1.58204,1.09,1.69
2011.03.03 20:44:47.916,1.58153,1.58204,1.09,1.32
2011.03.03 20:44:53.375,1.58155,1.58209,1.09,1.69
2011.03.03 20:44:55.545,1.58154,1.58203,1.50,1.32
2011.03.03 20:44:55.984,1.58158,1.58203,1.09,2.82
2011.03.03 20:45:00.467,1.58153,1.58203,1.65,1.32
2011.03.03 20:45:01.279,1.58147,1.58199,1.09,1.69
2011.03.03 20:45:01.384,1.58141,1.58199,3.12,1.69
2011.03.03 20:45:02.595,1.58151,1.58203,1.02,2.82
2011.03.03 20:45:06.829,1.58148,1.58194,1.09,1.69
2011.03.03 20:45:07.726,1.5815,1.58206,1.02,1.69
2011.03.03 20:45:10.715,1.58147,1.58206,1.02,1.69
2011.03.03 20:45:11.486,1.58142,1.58193,1.02,1.13
2011.03.03 20:45:11.815,1.5814,1.5819,1.02,1.50
2011.03.03 20:45:12.035,1.5814,1.5819,1.50,1.69
2011.03.03 20:45:12.146,1.58132,1.5819,1.65,2.01
2011.03.03 20:45:13.807,1.58123,1.58183,4.39,1.88
2011.03.03 20:45:14.737,1.58123,1.58183,4.24,1.88
2011.03.03 20:45:15.664,1.58126,1.58182,1.39,1.32
2011.03.03 20:45:16.656,1.58136,1.58192,1.69,1.69
2011.03.03 20:45:16.764,1.58142,1.58192,1.35,1.69
2011.03.03 20:45:18.504,1.58142,1.58192,1.50,1.69
2011.03.03 20:45:20.737,1.58133,1.58187,3.19,1.26
2011.03.03 20:45:21.317,1.58132,1.58188,1.24,2.01
2011.03.03 20:45:21.856,1.58132,1.58187,1.24,1.26
2011.03.03 20:45:22.606,1.58132,1.58187,2.74,1.26
2011.03.03 20:45:23.395,1.58132,1.58187,2.74,1.26
2011.03.03 20:45:23.984,1.58136,1.58187,1.69,1.26
2011.03.03 20:45:24.554,1.58132,1.58187,4.09,1.26
2011.03.03 20:45:27.837,1.58137,1.58186,1.50,2.44
2011.03.03 20:45:28.411,1.58125,1.58186,1.84,2.44
2011.03.03 20:45:29.085,1.58134,1.58187,1.35,3.51
2011.03.03 20:45:29.726,1.58134,1.58179,1.35,1.50
2011.03.03 20:45:30.176,1.58134,1.58187,1.35,3.19
2011.03.03 20:45:33.973,1.58134,1.58187,1.35,3.19
2011.03.03 20:45:34.194,1.58134,1.58187,1.35,3.51
2011.03.03 20:45:41.556,1.58142,1.58187,1.35,2.58
2011.03.03 20:45:41.775,1.58134,1.58188,1.54,1.83
2011.03.03 20:45:43.134,1.58134,1.58185,1.35,1.69
2011.03.03 20:45:45.535,1.58134,1.58185,1.35,1.69
2011.03.03 20:45:45.645,1.58134,1.58188,1.54,2.44
2011.03.03 20:45:46.085,1.58142,1.58191,1.50,1.69
2011.03.03 20:45:47.755,1.58142,1.58191,1.50,1.69
2011.03.03 20:45:47.865,1.58136,1.58191,3.19,1.69
2011.03.03 20:45:48.806,1.58136,1.58191,1.99,1.69
2011.03.03 20:45:53.568,1.58142,1.58192,2.59,1.69
2011.03.03 20:45:54.504,1.58142,1.58185,1.50,1.69
2011.03.03 20:45:54.615,1.58132,1.58185,1.09,1.69
2011.03.03 20:45:54.724,1.58141,1.58193,2.44,1.69
2011.03.03 20:45:54.945,1.58135,1.58185,1.54,1.69
2011.03.03 20:45:55.495,1.58135,1.58188,2.29,1.69
2011.03.03 20:45:56.057,1.58128,1.5818,2.44,1.32
2011.03.03 20:45:57.455,1.58128,1.58189,2.44,1.69
2011.03.03 20:46:14.986,1.58153,1.58197,2.44,1.50
2011.03.03 20:46:15.095,1.58153,1.58201,2.44,2.24
2011.03.03 20:46:15.455,1.58148,1.58195,2.29,1.50
2011.03.03 20:46:15.567,1.58133,1.58189,1.09,1.32
2011.03.03 20:46:17.374,1.58132,1.58196,1.09,2.44
2011.03.03 20:46:17.595,1.5814,1.58186,1.54,1.32
2011.03.03 20:46:20.854,1.58132,1.58193,1.09,1.09
2011.03.03 20:46:29.805,1.58137,1.58191,1.69,1.50
2011.03.03 20:46:30.664,1.58132,1.58195,1.09,2.44
2011.03.03 20:46:31.216,1.58128,1.58181,3.04,1.13
2011.03.03 20:46:40.625,1.58128,1.58188,3.19,1.69
2011.03.03 20:46:45.924,1.58128,1.58188,1.99,1.69
2011.03.03 20:46:52.965,1.58128,1.58188,1.69,1.69
2011.03.03 20:46:53.075,1.58128,1.58182,1.50,1.69
2011.03.03 20:46:53.577,1.58118,1.58182,1.62,1.69
2011.03.03 20:46:54.124,1.58128,1.58182,1.50,1.69
2011.03.03 20:46:55.855,1.58128,1.58182,1.58,1.69
2011.03.03 20:46:56.473,1.58133,1.58181,1.35,1.69
2011.03.03 20:47:00.446,1.58128,1.58181,1.50,1.69
2011.03.03 20:47:00.665,1.58133,1.58181,1.35,1.69
2011.03.03 20:47:00.884,1.58124,1.58182,1.54,3.51
2011.03.03 20:47:01.105,1.58134,1.58181,1.35,1.69
2011.03.03 20:47:02.185,1.58132,1.58181,1.35,1.69
2011.03.03 20:47:05.826,1.58132,1.58182,1.43,1.69
2011.03.03 20:47:06.275,1.58132,1.58182,1.43,1.69
2011.03.03 20:47:07.095,1.58132,1.58182,1.35,1.69
2011.03.03 20:47:20.441,1.58132,1.58182,1.35,1.69
2011.03.03 20:47:30.614,1.58132,1.58181,1.35,2.76
2011.03.03 20:47:40.501,1.58132,1.58182,1.35,1.69
2011.03.03 20:47:45.824,1.58128,1.58171,1.50,1.32
2011.03.03 20:47:45.934,1.58124,1.58171,1.35,1.32
2011.03.03 20:47:46.740,1.58124,1.58167,1.35,1.32
2011.03.03 20:47:46.855,1.58116,1.58167,2.29,1.32
2011.03.03 20:47:58.015,1.58116,1.58164,1.35,1.69
2011.03.03 20:47:58.125,1.5812,1.58164,1.50,1.69
2011.03.03 20:47:58.454,1.58124,1.58174,1.54,1.69
2011.03.03 20:47:59.288,1.58124,1.58174,1.54,1.69
2011.03.03 20:48:00.595,1.58124,1.58174,1.54,1.69
2011.03.03 20:48:08.508,1.58118,1.58174,2.29,1.69
2011.03.03 20:48:09.556,1.58126,1.58174,2.29,1.69
2011.03.03 20:48:09.940,1.58117,1.58169,2.44,1.32
2011.03.03 20:48:10.656,1.58117,1.58174,1.50,1.69
2011.03.03 20:48:12.897,1.58115,1.58174,1.69,1.32
2011.03.03 20:48:17.565,1.58115,1.58174,1.54,1.32
2011.03.03 20:48:17.907,1.58117,1.58174,1.13,1.69
2011.03.03 20:48:18.126,1.5813,1.58182,1.54,1.50
2011.03.03 20:48:23.064,1.5813,1.5819,1.54,1.69
2011.03.03 20:48:25.881,1.58128,1.5819,1.69,1.69
2011.03.03 20:48:26.484,1.58128,1.5819,1.69,1.69
2011.03.03 20:48:37.228,1.58128,1.5819,1.69,1.69
2011.03.03 20:48:53.854,1.58128,1.5819,1.84,1.69
2011.03.03 20:48:53.965,1.58141,1.5819,1.50,1.69
2011.03.03 20:48:55.985,1.58141,1.58194,2.44,1.69
2011.03.03 20:49:00.764,1.58141,1.58194,2.44,1.69
2011.03.03 20:49:05.871,1.58141,1.58185,1.84,1.32
2011.03.03 20:49:13.565,1.58144,1.58193,2.44,1.69
2011.03.03 20:49:14.284,1.58144,1.58195,2.44,1.69
2011.03.03 20:49:20.473,1.58145,1.58195,1.09,1.32
2011.03.03 20:49:30.845,1.58145,1.58195,1.09,1.69
2011.03.03 20:49:45.378,1.58144,1.58195,2.44,1.69
2011.03.03 20:49:49.191,1.58144,1.582,2.44,1.69
2011.03.03 20:49:49.695,1.58144,1.58202,2.44,2.25
2011.03.03 20:49:50.244,1.58152,1.58208,2.44,1.84
2011.03.03 20:49:52.975,1.58152,1.58199,1.65,1.32
2011.03.03 20:49:53.623,1.58144,1.58199,2.44,1.32
2011.03.03 20:50:18.326,1.5814,1.58197,1.32,2.44
2011.03.03 20:50:28.537,1.58143,1.58193,1.32,1.69
2011.03.03 20:50:29.556,1.58144,1.58206,2.44,1.32
2011.03.03 20:50:32.478,1.58141,1.58186,1.35,1.69
2011.03.03 20:50:32.696,1.5813,1.58186,3.49,1.69
2011.03.03 20:50:32.808,1.58138,1.58192,1.09,1.32
2011.03.03 20:50:34.095,1.58141,1.582,1.32,2.29
2011.03.03 20:50:35.728,1.58142,1.58206,2.59,1.32
2011.03.03 20:50:39.137,1.58149,1.58208,3.94,1.32
2011.03.03 20:50:39.247,1.58149,1.58212,4.69,1.64
2011.03.03 20:50:44.675,1.58151,1.5821,1.65,1.32
2011.03.03 20:50:45.005,1.58149,1.58203,1.84,1.26
2011.03.03 20:50:45.886,1.58147,1.58203,2.22,1.26
2011.03.03 20:50:47.010,1.58147,1.58203,2.22,1.26
2011.03.03 20:50:47.792,1.58147,1.58203,2.22,1.26
2011.03.03 20:50:48.195,1.58147,1.58203,2.07,1.26
2011.03.03 20:50:50.356,1.58143,1.58203,1.84,1.26
2011.03.03 20:50:51.940,1.58143,1.58202,1.47,1.08
2011.03.03 20:50:55.465,1.58143,1.58202,1.47,1.08
2011.03.03 20:51:02.755,1.58143,1.58199,1.47,1.50
2011.03.03 20:51:03.631,1.58143,1.58198,1.47,1.08
2011.03.03 20:51:04.416,1.58143,1.58202,1.47,1.08
2011.03.03 20:51:05.774,1.5814,1.58202,2.74,2.01
2011.03.03 20:51:05.888,1.58139,1.58194,1.69,1.69
2011.03.03 20:51:06.156,1.58144,1.58194,1.32,1.50
2011.03.03 20:51:06.375,1.58144,1.58203,1.32,1.26
2011.03.03 20:51:06.815,1.58139,1.58195,1.50,2.44
2011.03.03 20:51:07.036,1.5814,1.58203,3.34,2.61
2011.03.03 20:51:07.144,1.5814,1.58202,2.40,1.26
2011.03.03 20:51:08.476,1.58146,1.58194,1.09,1.69
2011.03.03 20:51:08.965,1.5814,1.58202,2.33,1.26
2011.03.03 20:51:10.555,1.58139,1.58191,1.50,2.44
2011.03.03 20:51:11.445,1.58141,1.58191,1.47,2.44
2011.03.03 20:51:13.107,1.58148,1.58202,1.09,1.26
2011.03.03 20:51:22.295,1.58147,1.58197,1.69,1.26
2011.03.03 20:51:24.705,1.58137,1.58184,2.89,2.01
2011.03.03 20:51:25.485,1.58133,1.58183,1.09,1.26
2011.03.03 20:51:25.706,1.58131,1.58183,1.47,2.01
2011.03.03 20:51:27.058,1.58126,1.58173,1.09,1.69
2011.03.03 20:51:33.217,1.58121,1.58178,1.84,1.09
2011.03.03 20:51:41.255,1.58121,1.58179,1.99,3.51
2011.03.03 20:51:42.119,1.58121,1.58179,1.77,3.51
2011.03.03 20:51:42.985,1.58121,1.58179,1.69,3.51
2011.03.03 20:51:44.226,1.58123,1.5817,1.02,2.44
2011.03.03 20:51:45.735,1.58123,1.58178,1.02,1.26
2011.03.03 20:51:48.934,1.58129,1.58187,2.74,2.44
2011.03.03 20:51:52.516,1.58137,1.58187,1.09,2.44
2011.03.03 20:51:52.907,1.58127,1.58179,1.32,2.44
2011.03.03 20:52:00.676,1.58122,1.58179,1.47,2.44
2011.03.03 20:52:05.050,1.58122,1.58188,1.62,1.47
2011.03.03 20:52:14.215,1.58133,1.5818,1.02,1.50
2011.03.03 20:52:14.434,1.58138,1.58196,1.69,1.69
2011.03.03 20:52:14.656,1.58135,1.58187,1.32,1.50
2011.03.03 20:52:14.876,1.58138,1.58196,1.69,1.69
2011.03.03 20:52:15.206,1.58138,1.58196,1.50,2.44
2011.03.03 20:52:15.425,1.58135,1.58187,1.13,2.44
2011.03.03 20:52:15.537,1.58135,1.58187,2.82,1.69
2011.03.03 20:52:17.908,1.58138,1.58197,1.24,2.82
2011.03.03 20:52:18.707,1.58137,1.58192,1.50,1.09
2011.03.03 20:52:18.816,1.58132,1.58179,1.73,1.69
2011.03.03 20:52:18.928,1.58132,1.58179,1.35,1.69
2011.03.03 20:52:19.036,1.58121,1.58179,2.22,1.69
2011.03.03 20:52:19.910,1.58121,1.58179,2.37,1.69
2011.03.03 20:52:20.881,1.58121,1.58179,2.22,1.69
2011.03.03 20:52:22.727,1.58123,1.58179,1.47,1.69
2011.03.03 20:52:23.056,1.58136,1.58179,1.32,1.50
2011.03.03 20:52:23.166,1.58137,1.58197,2.07,2.44
2011.03.03 20:52:26.986,1.58138,1.58191,1.47,1.50
2011.03.03 20:52:27.611,1.58147,1.582,1.69,1.32
2011.03.03 20:52:28.896,1.58138,1.582,2.97,1.32
2011.03.03 20:52:37.704,1.5814,1.58197,1.02,2.44
2011.03.03 20:52:46.686,1.58147,1.58203,1.50,3.87
2011.03.03 20:52:48.656,1.58147,1.58203,2.44,2.44
2011.03.03 20:52:49.016,1.58152,1.58203,1.09,2.44
2011.03.03 20:52:51.476,1.58154,1.58211,1.84,1.32
2011.03.03 20:53:08.496,1.58154,1.58212,1.50,2.44
2011.03.03 20:53:08.605,1.58147,1.58203,3.72,2.44
2011.03.03 20:53:10.567,1.58147,1.58203,1.84,2.44
2011.03.03 20:53:10.676,1.58147,1.58203,1.84,2.44
2011.03.03 20:53:11.869,1.58147,1.58203,1.99,2.44
2011.03.03 20:53:12.406,1.58152,1.58203,1.09,2.44
2011.03.03 20:53:14.546,1.58157,1.5821,1.09,2.67
2011.03.03 20:53:23.419,1.58154,1.5821,1.65,1.32
2011.03.03 20:53:23.526,1.58154,1.5821,1.50,1.32
2011.03.03 20:53:24.401,1.58146,1.58204,3.12,2.44
2011.03.03 20:53:25.871,1.58146,1.58204,3.12,2.44
2011.03.03 20:53:26.736,1.58146,1.58204,3.12,2.44
2011.03.03 20:53:29.296,1.58146,1.58204,3.27,2.44
2011.03.03 20:53:29.411,1.58151,1.58208,1.77,1.02
2011.03.03 20:53:44.332,1.58146,1.58202,3.72,1.09
2011.03.03 20:53:44.448,1.58146,1.58204,3.87,2.44
2011.03.03 20:53:53.979,1.58158,1.58204,1.09,2.44
2011.03.03 20:53:59.847,1.58157,1.58213,1.09,2.82
2011.03.03 20:54:01.497,1.58152,1.58207,1.24,2.44
2011.03.03 20:54:02.047,1.58157,1.58207,1.09,1.69
2011.03.03 20:54:03.486,1.58163,1.58213,1.09,1.32
2011.03.03 20:54:03.706,1.58167,1.58214,2.44,1.26
2011.03.03 20:54:04.577,1.58164,1.58215,1.32,2.01
2011.03.03 20:54:05.585,1.58158,1.58209,1.09,1.32
2011.03.03 20:54:06.996,1.58155,1.58209,1.09,1.32
2011.03.03 20:54:12.746,1.58157,1.58212,1.09,2.82
2011.03.03 20:54:18.518,1.58163,1.58214,1.50,1.69
2011.03.03 20:54:18.735,1.58156,1.58213,1.09,2.44
2011.03.03 20:54:19.067,1.58153,1.58208,2.44,1.69
2011.03.03 20:54:19.177,1.58148,1.58203,1.02,1.32
2011.03.03 20:54:20.235,1.58152,1.58211,1.02,1.69
2011.03.03 20:54:20.455,1.58163,1.58215,2.44,2.01
2011.03.03 20:54:21.577,1.58163,1.58214,1.69,1.26
2011.03.03 20:54:22.707,1.58156,1.58212,1.09,2.44
2011.03.03 20:54:23.325,1.58154,1.58212,1.50,2.44
2011.03.03 20:54:23.435,1.58147,1.58213,1.62,2.44
2011.03.03 20:54:24.917,1.58147,1.58212,1.47,1.09
2011.03.03 20:54:26.006,1.58145,1.58208,1.09,1.09
2011.03.03 20:54:27.736,1.5814,1.58207,1.09,1.69
2011.03.03 20:54:28.131,1.58138,1.58197,1.09,2.82
2011.03.03 20:54:29.267,1.58142,1.58197,1.09,2.07
2011.03.03 20:54:32.847,1.58146,1.58204,1.99,2.44
2011.03.03 20:54:33.695,1.58153,1.58207,1.09,1.47
2011.03.03 20:54:34.995,1.58152,1.58209,1.09,2.07
2011.03.03 20:54:35.106,1.5816,1.58214,2.82,2.01
2011.03.03 20:54:36.248,1.58168,1.58215,1.09,1.08
2011.03.03 20:54:37.408,1.58168,1.58214,1.65,1.69
2011.03.03 20:54:37.956,1.5816,1.58214,1.32,2.01
2011.03.03 20:54:38.066,1.5815,1.58214,1.50,1.32
2011.03.03 20:54:38.955,1.58146,1.58214,1.24,1.32
2011.03.03 20:54:39.067,1.58153,1.58214,1.47,1.13
2011.03.03 20:54:39.177,1.58167,1.58215,1.88,1.08
2011.03.03 20:54:39.766,1.58167,1.58215,1.88,1.08
2011.03.03 20:54:39.876,1.58167,1.58225,1.88,1.69
2011.03.03 20:54:40.976,1.58167,1.58225,2.03,1.69
2011.03.03 20:54:41.186,1.58167,1.58225,1.95,1.77
2011.03.03 20:54:42.876,1.58167,1.58225,1.95,1.69
2011.03.03 20:54:43.878,1.58167,1.58225,2.18,1.69
2011.03.03 20:54:53.515,1.58172,1.58225,1.09,2.44
2011.03.03 20:55:00.096,1.58168,1.58217,1.50,2.29
2011.03.03 20:55:00.207,1.58153,1.58213,2.44,1.47
2011.03.03 20:55:00.315,1.58153,1.58209,1.69,2.29
2011.03.03 20:55:01.016,1.58149,1.58209,2.63,2.29
2011.03.03 20:55:02.845,1.5815,1.58214,2.07,1.62
2011.03.03 20:55:03.705,1.58154,1.58214,1.50,1.32
2011.03.03 20:55:04.036,1.58164,1.58218,1.50,1.69
2011.03.03 20:55:05.227,1.58158,1.58218,2.29,1.84
2011.03.03 20:55:09.386,1.58158,1.58218,1.84,1.84
2011.03.03 20:55:09.716,1.58167,1.58225,1.69,4.54
2011.03.03 20:55:09.936,1.58167,1.58225,2.07,2.44
2011.03.03 20:55:12.785,1.58167,1.58225,2.22,2.44
2011.03.03 20:55:32.326,1.58173,1.58227,2.59,1.09
2011.03.03 20:55:39.556,1.58168,1.58225,1.09,1.84
2011.03.03 20:55:39.885,1.58168,1.5822,1.02,2.44
2011.03.03 20:55:50.987,1.58164,1.58213,2.44,2.44
2011.03.03 20:55:52.375,1.58165,1.58213,1.50,2.44
2011.03.03 20:55:57.305,1.58164,1.58213,2.25,2.44
2011.03.03 20:55:58.936,1.58164,1.58213,2.25,2.44
2011.03.03 20:55:59.744,1.58164,1.58213,1.50,2.44
2011.03.03 20:55:59.965,1.58155,1.58213,1.84,2.44
2011.03.03 20:56:00.803,1.58155,1.58213,1.47,2.44
2011.03.03 20:56:02.319,1.58158,1.58213,1.09,2.44
2011.03.03 20:56:02.537,1.58165,1.58213,1.69,1.69
2011.03.03 20:56:02.755,1.58165,1.58218,1.50,1.32
2011.03.03 20:56:02.977,1.58164,1.58212,2.44,1.69
2011.03.03 20:56:03.197,1.5817,1.58223,1.69,1.02
2011.03.03 20:56:05.666,1.5817,1.58224,2.44,1.69
2011.03.03 20:56:06.103,1.5817,1.58224,2.44,1.69
2011.03.03 20:56:06.214,1.5817,1.58228,2.82,2.44
2011.03.03 20:56:06.325,1.5818,1.58228,1.50,2.44
2011.03.03 20:56:10.766,1.5818,1.58228,1.50,2.44
2011.03.03 20:56:11.431,1.5818,1.58228,1.50,2.44
2011.03.03 20:56:14.795,1.5818,1.58228,1.50,2.44
2011.03.03 20:56:15.345,1.5818,1.58228,1.50,2.44
2011.03.03 20:56:15.875,1.5818,1.58228,1.50,2.44
2011.03.03 20:56:16.395,1.5818,1.58228,1.50,2.44
2011.03.03 20:56:17.416,1.5818,1.58228,1.50,2.44
2011.03.03 20:56:20.326,1.5818,1.58228,1.50,2.44
2011.03.03 20:56:20.846,1.5818,1.58228,1.50,2.44
2011.03.03 20:56:24.167,1.5818,1.58227,1.50,2.29
2011.03.03 20:56:26.186,1.5818,1.58228,1.50,2.44
2011.03.03 20:56:26.793,1.5818,1.58227,1.50,2.29
2011.03.03 20:56:29.268,1.58181,1.58228,2.07,1.50
2011.03.03 20:56:29.376,1.58195,1.58244,2.44,1.69
2011.03.03 20:56:29.487,1.58195,1.58242,1.50,1.09
2011.03.03 20:56:29.816,1.58186,1.58244,1.88,3.34
2011.03.03 20:56:30.756,1.5818,1.58244,1.88,3.72
2011.03.03 20:56:31.280,1.5818,1.58244,1.88,3.72
2011.03.03 20:56:31.866,1.5818,1.58244,1.88,3.87
2011.03.03 20:56:32.786,1.5818,1.58244,1.88,3.72
2011.03.03 20:56:32.896,1.5818,1.58244,1.88,3.87
2011.03.03 20:56:38.507,1.58194,1.58244,1.50,1.73
2011.03.03 20:56:38.835,1.58194,1.58244,3.94,1.32
2011.03.03 20:56:40.279,1.58197,1.58251,1.32,2.10
2011.03.03 20:56:40.496,1.58212,1.58262,2.44,1.09
2011.03.03 20:56:41.367,1.58206,1.58263,2.07,1.09
2011.03.03 20:56:52.806,1.58193,1.58252,1.77,2.52
2011.03.03 20:56:52.915,1.58193,1.58245,1.02,2.29
2011.03.03 20:56:59.667,1.58185,1.58237,2.22,1.69
2011.03.03 20:56:59.996,1.58179,1.58232,2.29,1.69
2011.03.03 20:57:02.276,1.58193,1.58236,1.50,1.32
2011.03.03 20:57:02.715,1.58183,1.58236,2.52,1.32
2011.03.03 20:57:11.415,1.58183,1.58235,1.50,1.32
2011.03.03 20:57:12.136,1.58182,1.58235,1.69,1.32
2011.03.03 20:57:19.505,1.58183,1.58234,1.50,1.69
2011.03.03 20:57:25.435,1.58183,1.58237,2.44,1.69
2011.03.03 20:57:30.402,1.58183,1.58237,2.44,1.69
2011.03.03 20:57:30.736,1.58183,1.58247,2.82,2.76
2011.03.03 20:57:30.956,1.58196,1.58246,2.44,1.88
2011.03.03 20:57:31.446,1.58196,1.58242,1.50,1.32
2011.03.03 20:57:31.666,1.58183,1.58236,2.44,2.76
2011.03.03 20:57:51.757,1.58183,1.5824,1.09,2.10
2011.03.03 20:57:53.286,1.58187,1.58241,2.29,2.01
2011.03.03 20:57:53.505,1.58192,1.5824,1.50,1.26
2011.03.03 20:57:53.615,1.5818,1.58238,2.59,1.69
2011.03.03 20:57:55.887,1.58185,1.5824,2.03,1.26
2011.03.03 20:57:56.030,1.58185,1.5824,1.88,1.26
2011.03.03 20:57:57.226,1.58188,1.5824,1.09,1.26
2011.03.03 20:58:00.796,1.58192,1.58248,1.09,1.32
2011.03.03 20:58:01.125,1.58192,1.58248,1.09,1.69
2011.03.03 20:58:05.068,1.58183,1.58243,1.09,1.64
2011.03.03 20:58:10.810,1.58183,1.58242,1.09,1.26
2011.03.03 20:58:17.772,1.58183,1.58242,1.09,1.26
2011.03.03 20:58:18.005,1.58183,1.5824,1.09,1.13
2011.03.03 20:58:18.236,1.5818,1.58232,2.29,1.83
2011.03.03 20:58:19.728,1.58182,1.58246,1.09,2.01
2011.03.03 20:58:21.855,1.58182,1.58247,1.09,3.14
2011.03.03 20:58:27.725,1.58188,1.58246,2.29,1.88
2011.03.03 20:58:28.285,1.58191,1.58255,1.32,1.09
2011.03.03 20:58:28.395,1.58196,1.58259,2.29,1.69
2011.03.03 20:58:32.806,1.58195,1.58257,1.69,1.64
2011.03.03 20:58:34.856,1.58194,1.58252,2.37,1.08
2011.03.03 20:58:35.586,1.58194,1.58252,2.29,1.83
2011.03.03 20:58:37.945,1.58194,1.58248,1.69,1.32
2011.03.03 20:58:38.056,1.58188,1.58248,1.09,1.32
2011.03.03 20:58:42.917,1.58188,1.58252,1.09,1.05
2011.03.03 20:58:43.756,1.58194,1.58252,2.29,1.05
2011.03.03 20:58:44.085,1.58202,1.58252,1.35,1.05
2011.03.03 20:58:44.414,1.58202,1.58263,1.35,1.94
2011.03.03 20:58:44.666,1.58202,1.58263,1.35,1.64
2011.03.03 20:58:44.775,1.58202,1.58263,2.29,1.64
2011.03.03 20:58:45.226,1.58202,1.58262,2.29,1.08
2011.03.03 20:58:45.666,1.58201,1.58253,2.67,1.08
2011.03.03 20:58:45.776,1.58201,1.58253,2.67,1.08
2011.03.03 20:58:46.345,1.58201,1.58252,2.67,1.08
2011.03.03 20:58:47.169,1.58197,1.58252,1.09,1.26
2011.03.03 20:58:48.715,1.58193,1.58253,1.47,2.01
2011.03.03 20:58:51.475,1.58202,1.58252,1.09,1.26
2011.03.03 20:58:53.211,1.58188,1.58252,1.09,2.01
2011.03.03 20:58:53.328,1.58186,1.58237,2.29,1.32
2011.03.03 20:58:53.765,1.58188,1.58237,1.09,1.32
2011.03.03 20:58:54.794,1.58182,1.58243,1.24,1.69
2011.03.03 20:58:56.445,1.58176,1.58237,1.84,1.32
2011.03.03 20:58:56.775,1.58173,1.58237,2.37,1.32
2011.03.03 20:58:57.925,1.58182,1.58243,1.24,1.69
2011.03.03 20:59:01.557,1.58176,1.58237,1.84,1.32
2011.03.03 20:59:02.995,1.58173,1.58237,2.37,1.32
2011.03.03 20:59:03.876,1.58173,1.58237,2.22,1.32
2011.03.03 20:59:04.427,1.58173,1.58237,2.37,1.32
2011.03.03 20:59:12.884,1.58172,1.58236,3.04,1.32
2011.03.03 20:59:13.214,1.58172,1.58228,2.82,2.01
2011.03.03 20:59:17.146,1.58167,1.58227,1.02,1.34
2011.03.03 20:59:17.365,1.58165,1.58227,1.02,1.77
2011.03.03 20:59:17.747,1.58162,1.58212,1.09,1.50
2011.03.03 20:59:17.965,1.58152,1.58212,1.09,2.01
2011.03.03 20:59:18.295,1.5815,1.58212,1.09,2.39
2011.03.03 20:59:18.516,1.58153,1.58212,1.09,2.20
2011.03.03 20:59:19.335,1.58154,1.58212,1.32,2.76
2011.03.03 20:59:22.135,1.58153,1.58208,1.09,1.69
2011.03.03 20:59:23.186,1.58145,1.58207,1.09,1.69
2011.03.03 20:59:25.355,1.58153,1.58212,1.09,2.76
2011.03.03 20:59:28.045,1.58157,1.58212,1.24,2.76
2011.03.03 20:59:30.226,1.58157,1.58212,1.09,1.09
2011.03.03 20:59:31.018,1.58157,1.58212,1.09,2.91
2011.03.03 20:59:34.215,1.58158,1.58211,1.09,1.69
2011.03.03 20:59:34.546,1.58157,1.58206,3.94,1.32
2011.03.03 20:59:34.766,1.58163,1.58214,1.09,1.69
2011.03.03 20:59:35.344,1.58163,1.58214,1.09,1.69
2011.03.03 20:59:39.668,1.58165,1.5822,1.09,1.69
2011.03.03 20:59:41.366,1.58165,1.5822,1.02,1.69
2011.03.03 20:59:43.836,1.58162,1.58217,1.02,1.26
2011.03.03 20:59:44.276,1.58153,1.58212,2.29,3.14
2011.03.03 20:59:44.606,1.58147,1.58211,1.09,2.76
2011.03.03 20:59:47.590,1.58138,1.58207,1.99,1.09
2011.03.03 20:59:50.985,1.58137,1.58208,2.74,1.09
2011.03.03 20:59:52.085,1.58137,1.58208,2.74,1.09
2011.03.03 20:59:52.198,1.58139,1.58209,1.02,1.69
2011.03.03 20:59:52.802,1.58151,1.58213,1.09,1.09
2011.03.03 20:59:55.445,1.5815,1.58213,2.29,1.09
2011.03.03 20:59:55.775,1.58147,1.58204,2.59,1.32
2011.03.03 20:59:58.096,1.58144,1.58197,1.24,1.83
2011.03.03 20:59:58.207,1.58139,1.58197,2.29,1.83
2011.03.03 20:59:58.319,1.58139,1.58208,2.29,1.32
2011.03.03 20:59:58.427,1.58143,1.58199,1.02,1.35
2011.03.03 20:59:58.536,1.58134,1.58199,1.02,1.54
2011.03.03 20:59:58.648,1.58147,1.58199,1.09,1.35
2011.03.03 20:59:58.755,1.58147,1.58211,1.09,1.26
2011.03.03 20:59:59.708,1.58147,1.58211,1.09,1.26
