2012.08.16 15:00:00.096,1.55561,1.55598,1.33,1.53
2012.08.16 15:00:00.439,1.55562,1.55601,1.18,1.15
2012.08.16 15:00:00.774,1.55568,1.55603,1.71,1.30
2012.08.16 15:00:00.835,1.55568,1.55603,1.33,1.30
2012.08.16 15:00:01.004,1.55564,1.55603,1.14,1.30
2012.08.16 15:00:01.344,1.55567,1.55604,1.18,1.53
2012.08.16 15:00:01.681,1.55565,1.55603,1.18,1.64
2012.08.16 15:00:02.083,1.55562,1.55599,1.93,1.64
2012.08.16 15:00:02.618,1.55562,1.55599,1.56,1.09
2012.08.16 15:00:03.014,1.55562,1.55599,1.56,1.64
2012.08.16 15:00:03.074,1.55562,1.55596,1.56,1.64
2012.08.16 15:00:03.188,1.55562,1.55596,1.18,1.04
2012.08.16 15:00:03.303,1.55558,1.55599,1.18,1.64
2012.08.16 15:00:03.690,1.55559,1.55601,1.89,2.43
2012.08.16 15:00:03.750,1.55559,1.55601,1.52,2.05
2012.08.16 15:00:04.362,1.55559,1.55599,1.89,1.30
2012.08.16 15:00:04.429,1.55559,1.556,2.64,1.30
2012.08.16 15:00:04.625,1.55562,1.55598,1.18,1.30
2012.08.16 15:00:04.686,1.55558,1.55596,1.56,1.09
2012.08.16 15:00:05.180,1.55556,1.55595,1.52,1.50
2012.08.16 15:00:05.867,1.55554,1.55595,1.93,1.50
2012.08.16 15:00:06.207,1.55559,1.55596,1.18,1.50
2012.08.16 15:00:06.816,1.55559,1.55596,1.18,1.13
2012.08.16 15:00:07.510,1.55563,1.55601,1.14,2.43
2012.08.16 15:00:07.626,1.55564,1.55602,1.18,1.50
2012.08.16 15:00:07.739,1.55564,1.55602,1.18,1.50
2012.08.16 15:00:08.178,1.55562,1.55603,1.18,1.64
2012.08.16 15:00:08.291,1.55561,1.55593,1.35,1.30
2012.08.16 15:00:08.352,1.55558,1.55593,1.33,1.53
2012.08.16 15:00:08.414,1.55558,1.55588,1.13,1.30
2012.08.16 15:00:08.474,1.55552,1.55588,1.29,1.30
2012.08.16 15:00:08.589,1.55553,1.55588,1.33,1.30
2012.08.16 15:00:08.649,1.55556,1.55588,2.04,1.30
2012.08.16 15:00:09.091,1.55562,1.556,1.18,1.30
2012.08.16 15:00:09.569,1.55565,1.55598,1.18,1.30
2012.08.16 15:00:09.739,1.55561,1.55598,1.52,1.30
2012.08.16 15:00:09.962,1.55559,1.55598,1.67,1.30
2012.08.16 15:00:10.132,1.55565,1.55599,1.18,1.30
2012.08.16 15:00:10.307,1.55571,1.55607,1.18,1.30
2012.08.16 15:00:10.591,1.55571,1.55608,1.18,1.68
2012.08.16 15:00:10.709,1.55571,1.55605,1.18,1.30
2012.08.16 15:00:10.769,1.55565,1.55604,1.63,1.73
2012.08.16 15:00:10.831,1.55565,1.55604,1.63,1.73
2012.08.16 15:00:11.055,1.55564,1.556,1.11,1.30
2012.08.16 15:00:11.168,1.55562,1.556,1.11,1.30
2012.08.16 15:00:11.282,1.55562,1.55597,1.11,1.30
2012.08.16 15:00:11.397,1.55558,1.55595,1.07,1.30
2012.08.16 15:00:12.163,1.55559,1.55598,1.14,1.30
2012.08.16 15:00:12.277,1.55559,1.55599,1.52,1.30
2012.08.16 15:00:12.553,1.55561,1.55599,1.52,1.30
2012.08.16 15:00:12.886,1.55556,1.55594,1.18,1.30
2012.08.16 15:00:14.615,1.55557,1.55597,1.14,1.30
2012.08.16 15:00:14.954,1.55561,1.55593,1.18,1.30
2012.08.16 15:00:15.015,1.55558,1.55593,1.71,1.53
2012.08.16 15:00:15.075,1.55554,1.55591,1.56,1.30
2012.08.16 15:00:15.188,1.55553,1.55598,1.56,1.53
2012.08.16 15:00:15.249,1.55554,1.55598,1.18,1.53
2012.08.16 15:00:15.801,1.55558,1.55594,1.56,1.30
2012.08.16 15:00:16.008,1.55563,1.55594,1.13,1.30
2012.08.16 15:00:16.123,1.5556,1.55594,1.18,1.30
2012.08.16 15:00:16.186,1.5556,1.55599,1.18,1.53
2012.08.16 15:00:16.302,1.55559,1.55599,1.93,1.53
2012.08.16 15:00:16.416,1.55558,1.55599,3.06,1.53
2012.08.16 15:00:16.694,1.55564,1.55599,1.18,1.30
2012.08.16 15:00:17.212,1.55565,1.55599,1.18,1.30
2012.08.16 15:00:17.386,1.55565,1.55599,1.18,1.30
2012.08.16 15:00:17.972,1.55565,1.55599,1.56,1.30
2012.08.16 15:00:18.411,1.55563,1.55597,1.18,1.30
2012.08.16 15:00:18.692,1.55564,1.55603,1.93,1.30
2012.08.16 15:00:18.752,1.55564,1.55603,1.93,1.30
2012.08.16 15:00:18.814,1.55564,1.556,1.93,1.30
2012.08.16 15:00:18.929,1.55564,1.55603,1.93,1.30
2012.08.16 15:00:19.793,1.55564,1.55603,1.56,1.30
2012.08.16 15:00:20.267,1.55562,1.55599,1.56,1.30
2012.08.16 15:00:20.380,1.55562,1.55599,1.56,1.30
2012.08.16 15:00:20.604,1.55561,1.55599,1.89,1.88
2012.08.16 15:00:20.894,1.55562,1.55603,1.18,1.68
2012.08.16 15:00:21.280,1.55563,1.55604,1.18,1.30
2012.08.16 15:00:21.612,1.55562,1.55603,1.93,1.45
2012.08.16 15:00:22.386,1.55562,1.55604,1.56,1.30
2012.08.16 15:00:22.984,1.55563,1.55603,1.18,1.30
2012.08.16 15:00:23.153,1.55563,1.55604,1.52,1.53
2012.08.16 15:00:23.781,1.55567,1.55608,1.18,1.45
2012.08.16 15:00:24.221,1.55567,1.55608,1.18,1.45
2012.08.16 15:00:24.771,1.5557,1.55604,1.33,1.53
2012.08.16 15:00:25.189,1.55573,1.55611,1.67,1.68
2012.08.16 15:00:25.253,1.55574,1.55614,1.14,1.53
2012.08.16 15:00:25.315,1.55574,1.55615,1.14,1.30
2012.08.16 15:00:25.838,1.55577,1.55617,1.56,1.68
2012.08.16 15:00:26.007,1.55577,1.55618,2.31,1.68
2012.08.16 15:00:26.229,1.55577,1.55617,1.56,1.68
2012.08.16 15:00:27.237,1.55571,1.55616,3.06,1.35
2012.08.16 15:00:27.297,1.55571,1.55616,2.68,1.15
2012.08.16 15:00:27.628,1.55571,1.55616,2.31,1.15
2012.08.16 15:00:28.029,1.55571,1.55608,2.08,1.09
2012.08.16 15:00:28.089,1.55571,1.55607,1.33,1.30
2012.08.16 15:00:28.583,1.55566,1.55608,1.35,1.27
2012.08.16 15:00:28.644,1.55566,1.55608,1.18,1.12
2012.08.16 15:00:28.887,1.55569,1.55609,1.35,2.02
2012.08.16 15:00:29.222,1.55563,1.55598,1.13,1.87
2012.08.16 15:00:30.026,1.55564,1.55598,1.13,1.12
2012.08.16 15:00:30.196,1.55564,1.55603,2.25,1.12
2012.08.16 15:00:30.256,1.55564,1.55598,1.50,1.53
2012.08.16 15:00:30.371,1.55563,1.55599,1.13,1.53
2012.08.16 15:00:30.431,1.55564,1.55599,1.13,1.53
2012.08.16 15:00:30.656,1.55567,1.55603,1.56,1.09
2012.08.16 15:00:31.071,1.55568,1.55603,1.33,1.09
2012.08.16 15:00:31.192,1.55565,1.55603,1.33,1.87
2012.08.16 15:00:31.252,1.55564,1.55603,1.71,1.87
2012.08.16 15:00:31.681,1.55564,1.55603,1.71,1.53
2012.08.16 15:00:31.741,1.55565,1.55603,1.33,1.53
2012.08.16 15:00:31.967,1.55559,1.55602,1.33,1.64
2012.08.16 15:00:32.198,1.55559,1.55602,1.71,1.87
2012.08.16 15:00:32.833,1.55558,1.55602,1.71,1.87
2012.08.16 15:00:32.958,1.55553,1.55598,1.14,1.30
2012.08.16 15:00:33.073,1.55553,1.55598,2.27,1.53
2012.08.16 15:00:33.682,1.55567,1.55604,1.35,1.30
2012.08.16 15:00:34.014,1.55562,1.55601,2.04,2.78
2012.08.16 15:00:34.217,1.55567,1.55601,1.35,2.35
2012.08.16 15:00:34.387,1.55563,1.55601,1.18,2.35
2012.08.16 15:00:34.447,1.55562,1.55601,1.18,2.35
2012.08.16 15:00:34.769,1.55566,1.55604,1.29,1.53
2012.08.16 15:00:35.101,1.55567,1.55604,1.56,1.30
2012.08.16 15:00:35.432,1.55562,1.55601,1.93,1.53
2012.08.16 15:00:35.889,1.55564,1.55603,1.14,1.53
2012.08.16 15:00:36.011,1.55567,1.55604,1.56,1.30
2012.08.16 15:00:36.389,1.55567,1.55604,1.56,1.30
2012.08.16 15:00:36.564,1.55567,1.55614,1.56,1.90
2012.08.16 15:00:36.678,1.55567,1.55609,1.18,1.30
2012.08.16 15:00:37.320,1.55561,1.55608,1.93,1.30
2012.08.16 15:00:37.434,1.55566,1.55609,1.18,1.30
2012.08.16 15:00:37.549,1.55567,1.55612,1.56,1.30
2012.08.16 15:00:38.020,1.55577,1.55614,1.18,1.30
2012.08.16 15:00:38.134,1.55577,1.55614,1.56,1.30
2012.08.16 15:00:40.219,1.55577,1.55616,1.18,1.88
2012.08.16 15:00:40.443,1.55574,1.55614,1.14,1.30
2012.08.16 15:00:40.669,1.55571,1.55614,1.14,1.30
2012.08.16 15:00:40.784,1.55568,1.55614,1.56,1.53
2012.08.16 15:00:40.845,1.55568,1.55608,1.56,1.30
2012.08.16 15:00:41.069,1.55562,1.55601,1.18,1.30
2012.08.16 15:00:41.295,1.55561,1.55598,1.73,1.30
2012.08.16 15:00:41.518,1.55561,1.55598,1.13,1.53
2012.08.16 15:00:41.578,1.55559,1.55595,1.93,1.30
2012.08.16 15:00:42.198,1.55567,1.55595,1.35,1.30
2012.08.16 15:00:42.366,1.55568,1.55604,1.35,1.64
2012.08.16 15:00:42.480,1.55568,1.55604,1.18,1.30
2012.08.16 15:00:42.649,1.55562,1.55604,1.18,1.30
2012.08.16 15:00:42.765,1.55561,1.55604,1.56,1.30
2012.08.16 15:00:43.116,1.55561,1.55605,1.56,1.53
2012.08.16 15:00:43.180,1.55561,1.55604,1.18,1.53
2012.08.16 15:00:43.841,1.55564,1.55601,1.18,1.13
2012.08.16 15:00:44.258,1.55564,1.55601,1.18,1.13
2012.08.16 15:00:45.217,1.55564,1.55605,1.18,1.30
2012.08.16 15:00:45.389,1.55564,1.55605,1.14,1.30
2012.08.16 15:00:45.504,1.55567,1.55607,1.14,1.13
2012.08.16 15:00:45.811,1.55568,1.55611,1.18,1.68
2012.08.16 15:00:47.144,1.55568,1.55611,1.18,1.30
2012.08.16 15:00:48.391,1.55569,1.55611,1.14,1.30
2012.08.16 15:00:48.806,1.55568,1.55611,3.32,1.30
2012.08.16 15:00:49.549,1.55568,1.55611,1.48,1.30
2012.08.16 15:00:50.060,1.55568,1.55611,1.48,1.30
2012.08.16 15:00:51.878,1.55568,1.55611,1.11,1.30
2012.08.16 15:00:52.440,1.55568,1.55611,1.11,1.30
2012.08.16 15:00:53.538,1.55569,1.55611,1.11,1.30
2012.08.16 15:00:55.758,1.5557,1.55611,1.18,2.05
2012.08.16 15:00:56.990,1.5557,1.55608,1.56,1.30
2012.08.16 15:00:57.159,1.5557,1.55608,1.52,1.30
2012.08.16 15:00:57.219,1.5557,1.55608,1.18,1.30
2012.08.16 15:00:57.334,1.55568,1.55608,1.18,1.30
2012.08.16 15:00:57.448,1.55572,1.55608,2.27,1.30
2012.08.16 15:00:57.811,1.55567,1.55608,1.52,1.30
2012.08.16 15:00:58.050,1.55568,1.55609,1.18,1.64
2012.08.16 15:00:58.166,1.55567,1.55608,1.52,1.30
2012.08.16 15:00:58.280,1.55567,1.55608,1.52,1.30
2012.08.16 15:00:59.048,1.55568,1.55608,1.18,1.30
2012.08.16 15:00:59.297,1.55568,1.55608,1.18,1.30
2012.08.16 15:00:59.520,1.55568,1.55608,1.18,1.30
2012.08.16 15:01:00.025,1.55568,1.55608,1.18,1.30
2012.08.16 15:01:00.480,1.55565,1.55608,1.14,1.30
2012.08.16 15:01:00.730,1.55565,1.55608,1.14,1.30
2012.08.16 15:01:01.050,1.55565,1.55608,1.14,1.30
2012.08.16 15:01:04.546,1.55565,1.55608,1.14,1.30
2012.08.16 15:01:06.418,1.55564,1.55605,1.18,1.09
2012.08.16 15:01:07.171,1.55564,1.55605,1.18,1.09
2012.08.16 15:01:07.551,1.55564,1.55605,1.18,1.09
2012.08.16 15:01:09.171,1.55564,1.55605,1.18,1.09
2012.08.16 15:01:09.482,1.55564,1.55605,2.08,1.84
2012.08.16 15:01:09.708,1.55561,1.55604,1.33,1.53
2012.08.16 15:01:09.877,1.5556,1.55599,1.14,1.13
2012.08.16 15:01:10.952,1.55565,1.55601,1.18,1.30
2012.08.16 15:01:11.319,1.55568,1.55601,1.13,1.30
2012.08.16 15:01:11.543,1.55571,1.55607,1.50,1.28
2012.08.16 15:01:11.657,1.55573,1.55608,1.73,1.30
2012.08.16 15:01:12.976,1.5557,1.55608,1.35,1.30
2012.08.16 15:01:13.156,1.55567,1.55607,1.56,1.30
2012.08.16 15:01:13.629,1.55567,1.55608,2.31,1.30
2012.08.16 15:01:13.744,1.55571,1.55611,1.56,1.09
2012.08.16 15:01:17.463,1.55564,1.55604,2.61,1.09
2012.08.16 15:01:17.897,1.55564,1.55601,1.13,1.30
2012.08.16 15:01:17.963,1.55559,1.55602,2.04,1.30
2012.08.16 15:01:18.351,1.55566,1.55606,1.18,1.13
2012.08.16 15:01:18.576,1.55569,1.5561,1.14,1.30
2012.08.16 15:01:18.636,1.55569,1.5561,1.14,1.30
2012.08.16 15:01:19.203,1.55572,1.5561,1.14,1.30
2012.08.16 15:01:19.425,1.55572,1.5561,1.14,1.30
2012.08.16 15:01:19.539,1.55572,1.5561,1.14,1.30
2012.08.16 15:01:20.224,1.55573,1.55615,1.52,1.30
2012.08.16 15:01:20.558,1.55573,1.55613,1.14,1.30
2012.08.16 15:01:20.673,1.55573,1.55613,1.52,1.53
2012.08.16 15:01:20.733,1.55573,1.55613,1.14,1.53
2012.08.16 15:01:20.800,1.55573,1.55613,1.14,1.53
2012.08.16 15:01:20.861,1.55574,1.55613,1.56,1.53
2012.08.16 15:01:22.132,1.55567,1.55608,2.31,1.64
2012.08.16 15:01:22.193,1.55567,1.55608,1.93,1.87
2012.08.16 15:01:22.309,1.55563,1.55606,1.14,1.53
2012.08.16 15:01:22.423,1.55567,1.55607,1.18,1.08
2012.08.16 15:01:24.077,1.55563,1.55607,1.67,1.53
2012.08.16 15:01:24.381,1.55567,1.5561,1.18,1.90
2012.08.16 15:01:24.712,1.55568,1.55606,1.56,1.09
2012.08.16 15:01:25.216,1.55567,1.55606,1.18,1.24
2012.08.16 15:01:25.276,1.55564,1.55605,1.93,1.30
2012.08.16 15:01:26.165,1.55564,1.55605,1.18,1.30
2012.08.16 15:01:27.062,1.55567,1.55605,1.18,1.30
2012.08.16 15:01:28.033,1.5557,1.55606,1.18,1.30
2012.08.16 15:01:28.256,1.5557,1.55606,1.18,1.45
2012.08.16 15:01:28.696,1.55568,1.55606,1.18,1.30
2012.08.16 15:01:30.221,1.55567,1.55609,4.14,1.30
2012.08.16 15:01:30.822,1.55567,1.55608,3.39,1.30
2012.08.16 15:01:31.900,1.55567,1.55608,1.93,1.64
2012.08.16 15:01:32.015,1.55567,1.55608,1.93,1.64
2012.08.16 15:01:32.361,1.55567,1.55604,1.93,1.09
2012.08.16 15:01:32.698,1.55565,1.55602,1.18,1.09
2012.08.16 15:01:32.759,1.55564,1.55602,1.18,1.09
2012.08.16 15:01:33.771,1.55564,1.55602,1.56,1.09
2012.08.16 15:01:35.299,1.55564,1.55602,1.56,1.09
2012.08.16 15:01:35.866,1.5556,1.55601,1.14,1.13
2012.08.16 15:01:36.058,1.55565,1.55603,1.18,1.30
2012.08.16 15:01:36.117,1.55563,1.55603,1.14,1.30
2012.08.16 15:01:36.450,1.55564,1.55604,1.18,1.53
2012.08.16 15:01:36.991,1.55565,1.55604,1.18,1.30
2012.08.16 15:01:37.742,1.55567,1.55608,1.18,1.32
2012.08.16 15:01:38.083,1.55564,1.55611,1.14,1.68
2012.08.16 15:01:38.418,1.55561,1.55603,1.14,1.30
2012.08.16 15:01:38.696,1.55562,1.55603,1.18,1.64
2012.08.16 15:01:38.864,1.55559,1.55602,3.06,1.64
2012.08.16 15:01:39.417,1.55559,1.55602,1.56,2.39
2012.08.16 15:01:39.584,1.55559,1.556,1.56,1.30
2012.08.16 15:01:41.700,1.55559,1.55598,1.14,1.30
2012.08.16 15:01:41.926,1.55558,1.55598,2.27,1.30
2012.08.16 15:01:42.209,1.55559,1.55601,1.14,1.68
2012.08.16 15:01:43.137,1.55559,1.55598,1.14,1.30
2012.08.16 15:01:43.252,1.55558,1.55598,1.56,1.30
2012.08.16 15:01:43.365,1.55555,1.55598,1.52,1.30
2012.08.16 15:01:43.588,1.55555,1.55602,1.52,1.30
2012.08.16 15:01:44.140,1.55562,1.55602,1.18,1.30
2012.08.16 15:01:44.397,1.55562,1.55604,1.18,1.53
2012.08.16 15:01:46.452,1.55561,1.55602,1.18,1.30
2012.08.16 15:01:47.018,1.55559,1.55601,1.93,1.30
2012.08.16 15:01:47.079,1.55559,1.55601,1.18,1.30
2012.08.16 15:01:47.248,1.55559,1.55601,1.18,1.30
2012.08.16 15:01:47.774,1.55559,1.55601,1.18,1.53
2012.08.16 15:01:48.103,1.5556,1.55601,1.18,1.53
2012.08.16 15:01:48.439,1.5556,1.55601,1.18,1.53
2012.08.16 15:01:49.075,1.5556,1.55601,1.18,1.53
2012.08.16 15:01:49.140,1.5556,1.55603,1.18,1.53
2012.08.16 15:01:49.201,1.55561,1.55603,1.18,1.30
2012.08.16 15:01:49.316,1.55564,1.55607,1.56,1.68
2012.08.16 15:01:51.366,1.55568,1.55608,1.93,1.30
2012.08.16 15:01:51.590,1.55568,1.55607,1.56,1.30
2012.08.16 15:01:52.119,1.55568,1.55612,1.56,1.53
2012.08.16 15:01:52.292,1.5557,1.55612,1.18,1.53
2012.08.16 15:01:52.624,1.5557,1.55611,1.18,1.30
2012.08.16 15:01:53.151,1.55568,1.55611,1.14,1.30
2012.08.16 15:01:53.323,1.55574,1.55614,1.18,1.30
2012.08.16 15:01:53.438,1.55573,1.55614,1.73,1.30
2012.08.16 15:01:53.500,1.5557,1.55614,1.18,1.53
2012.08.16 15:01:53.897,1.55568,1.55608,1.18,1.30
2012.08.16 15:01:54.575,1.55568,1.55611,1.93,1.30
2012.08.16 15:01:54.823,1.55568,1.55613,1.93,1.68
2012.08.16 15:01:55.399,1.55565,1.55611,1.18,1.30
2012.08.16 15:01:55.621,1.55567,1.55613,1.56,1.68
2012.08.16 15:01:55.848,1.55567,1.55612,1.18,1.90
2012.08.16 15:01:55.963,1.55567,1.55612,1.18,1.90
2012.08.16 15:01:56.480,1.55567,1.55613,1.52,1.30
2012.08.16 15:01:58.074,1.55575,1.55616,1.18,1.15
2012.08.16 15:01:58.243,1.55575,1.55619,1.18,2.28
2012.08.16 15:02:00.125,1.55573,1.55613,1.18,1.30
2012.08.16 15:02:00.551,1.55573,1.5561,1.18,1.84
2012.08.16 15:02:01.052,1.55572,1.55615,1.14,1.30
2012.08.16 15:02:01.493,1.55571,1.55614,1.93,1.30
2012.08.16 15:02:01.553,1.55571,1.55614,1.56,1.90
2012.08.16 15:02:02.407,1.55566,1.55612,1.89,1.35
2012.08.16 15:02:02.630,1.55564,1.55606,2.27,1.53
2012.08.16 15:02:02.690,1.55565,1.55606,1.18,1.53
2012.08.16 15:02:03.309,1.55562,1.55604,1.14,1.30
2012.08.16 15:02:03.478,1.55562,1.55604,1.14,1.68
2012.08.16 15:02:03.811,1.55563,1.55604,1.14,1.35
2012.08.16 15:02:04.146,1.55568,1.5561,1.18,2.20
2012.08.16 15:02:04.207,1.55568,1.5561,1.18,2.05
2012.08.16 15:02:04.539,1.55568,1.55608,1.18,1.13
2012.08.16 15:02:04.599,1.55562,1.55605,2.31,1.13
2012.08.16 15:02:04.825,1.55561,1.55599,1.93,1.09
2012.08.16 15:02:04.887,1.55562,1.55596,1.18,1.13
2012.08.16 15:02:05.414,1.55559,1.55597,1.18,1.13
2012.08.16 15:02:06.911,1.55559,1.55595,1.18,1.50
2012.08.16 15:02:07.418,1.55559,1.55597,1.18,1.13
2012.08.16 15:02:07.969,1.55559,1.55595,1.56,1.50
2012.08.16 15:02:08.270,1.55559,1.55597,1.18,1.13
2012.08.16 15:02:08.692,1.55559,1.55597,1.18,1.13
2012.08.16 15:02:08.912,1.55559,1.55595,1.18,1.50
2012.08.16 15:02:09.278,1.55559,1.55596,1.56,1.13
2012.08.16 15:02:09.885,1.55559,1.55595,1.18,1.50
2012.08.16 15:02:10.419,1.55559,1.55594,1.18,1.09
2012.08.16 15:02:10.927,1.55559,1.55597,1.18,1.13
2012.08.16 15:02:11.200,1.55559,1.55595,1.35,1.30
2012.08.16 15:02:11.953,1.55551,1.55596,2.27,2.43
2012.08.16 15:02:13.204,1.55561,1.55598,2.40,1.30
2012.08.16 15:02:13.374,1.55564,1.55599,1.18,1.09
2012.08.16 15:02:13.551,1.55568,1.55604,1.56,1.13
2012.08.16 15:02:13.664,1.55568,1.55606,1.93,1.24
2012.08.16 15:02:15.252,1.55561,1.55606,2.42,1.09
2012.08.16 15:02:15.366,1.55561,1.55604,2.27,1.30
2012.08.16 15:02:15.920,1.55562,1.55599,1.18,1.09
2012.08.16 15:02:18.279,1.55562,1.55599,1.18,1.09
2012.08.16 15:02:18.340,1.55561,1.55599,1.56,1.09
2012.08.16 15:02:18.400,1.55561,1.55599,1.56,1.09
2012.08.16 15:02:18.569,1.55561,1.55599,1.18,1.09
2012.08.16 15:02:20.730,1.55564,1.55605,1.18,1.30
2012.08.16 15:02:20.843,1.55568,1.55605,1.56,1.30
2012.08.16 15:02:21.277,1.55566,1.55603,1.18,1.30
2012.08.16 15:02:21.390,1.55562,1.55602,1.18,1.30
2012.08.16 15:02:21.983,1.55562,1.55604,1.18,1.30
2012.08.16 15:02:22.151,1.55562,1.55602,1.18,1.30
2012.08.16 15:02:23.374,1.55567,1.55602,1.35,1.30
2012.08.16 15:02:23.597,1.55577,1.55613,1.18,1.13
2012.08.16 15:02:23.875,1.55577,1.55616,1.18,1.68
2012.08.16 15:02:24.115,1.55572,1.55613,1.56,1.13
2012.08.16 15:02:24.338,1.55571,1.55614,1.56,1.53
2012.08.16 15:02:24.456,1.55571,1.55614,1.56,1.53
2012.08.16 15:02:24.690,1.55572,1.55613,1.56,1.13
2012.08.16 15:02:24.913,1.55572,1.55613,1.56,1.13
2012.08.16 15:02:25.214,1.55571,1.55611,1.56,1.13
2012.08.16 15:02:26.359,1.55571,1.55612,1.56,1.68
2012.08.16 15:02:26.933,1.55571,1.55612,1.18,1.68
2012.08.16 15:02:29.248,1.55571,1.55611,1.18,1.09
2012.08.16 15:02:29.477,1.55572,1.55613,1.18,1.68
2012.08.16 15:02:30.010,1.55572,1.55613,1.18,1.30
2012.08.16 15:02:30.533,1.55571,1.55612,1.18,1.30
2012.08.16 15:02:31.050,1.55571,1.55611,1.18,1.13
2012.08.16 15:02:31.172,1.55572,1.55613,1.18,1.68
2012.08.16 15:02:31.466,1.55571,1.55612,1.18,1.30
2012.08.16 15:02:33.147,1.55572,1.55613,1.18,1.30
2012.08.16 15:02:33.715,1.55571,1.55612,1.18,1.30
2012.08.16 15:02:36.818,1.55572,1.5561,1.14,1.53
2012.08.16 15:02:37.329,1.55567,1.5561,1.93,1.53
2012.08.16 15:02:37.889,1.55572,1.5561,1.14,1.53
2012.08.16 15:02:38.153,1.55573,1.5561,2.44,1.53
2012.08.16 15:02:38.334,1.55571,1.5561,1.93,2.28
2012.08.16 15:02:38.875,1.55571,1.55609,1.18,1.53
2012.08.16 15:02:42.101,1.55571,1.55608,1.18,1.30
2012.08.16 15:02:43.605,1.55564,1.55604,1.56,1.09
2012.08.16 15:02:43.834,1.55567,1.55607,1.52,1.50
2012.08.16 15:02:43.947,1.55567,1.55604,1.52,1.13
2012.08.16 15:02:44.483,1.55561,1.55599,1.14,1.30
2012.08.16 15:02:45.023,1.55561,1.55599,1.56,1.30
2012.08.16 15:02:45.247,1.55562,1.55603,1.52,1.53
2012.08.16 15:02:45.307,1.55562,1.55603,1.52,1.30
2012.08.16 15:02:46.038,1.55566,1.55606,1.18,1.15
2012.08.16 15:02:46.580,1.55567,1.55608,1.18,1.13
2012.08.16 15:02:46.640,1.55571,1.5561,1.18,2.02
2012.08.16 15:02:47.090,1.55568,1.55609,1.56,1.64
2012.08.16 15:02:47.158,1.55567,1.55609,1.56,1.87
2012.08.16 15:02:48.127,1.55568,1.55609,1.35,1.12
2012.08.16 15:02:48.374,1.55567,1.55609,1.18,1.87
2012.08.16 15:02:48.497,1.55567,1.55609,1.18,1.12
2012.08.16 15:02:49.034,1.55567,1.55612,1.52,1.30
2012.08.16 15:02:49.150,1.55566,1.55609,1.52,1.53
2012.08.16 15:02:49.373,1.55567,1.55612,1.32,1.30
2012.08.16 15:02:49.597,1.55567,1.55608,1.52,1.53
2012.08.16 15:02:50.135,1.55566,1.55609,1.52,1.53
2012.08.16 15:02:50.683,1.55566,1.55608,1.18,1.27
2012.08.16 15:02:50.798,1.5557,1.55611,1.09,1.45
2012.08.16 15:02:51.376,1.55567,1.55608,1.52,1.53
2012.08.16 15:02:51.435,1.55567,1.55608,1.18,1.87
2012.08.16 15:02:51.549,1.55567,1.55602,1.18,1.13
2012.08.16 15:02:51.973,1.55559,1.55604,1.56,1.68
2012.08.16 15:02:52.197,1.55557,1.55603,1.56,1.68
2012.08.16 15:02:52.430,1.55559,1.55606,1.56,1.45
2012.08.16 15:02:52.982,1.55559,1.55607,1.56,1.79
2012.08.16 15:02:53.324,1.55559,1.55607,1.56,1.79
2012.08.16 15:02:53.442,1.55559,1.55607,1.56,1.79
2012.08.16 15:02:55.573,1.55559,1.55607,1.35,1.42
2012.08.16 15:02:57.428,1.55557,1.55603,1.18,1.68
2012.08.16 15:02:57.559,1.55558,1.55606,1.18,1.45
2012.08.16 15:03:02.233,1.55556,1.55604,1.93,1.68
2012.08.16 15:03:02.364,1.55558,1.55606,1.18,1.45
2012.08.16 15:03:03.054,1.55556,1.55604,1.18,1.68
2012.08.16 15:03:03.170,1.55558,1.55606,1.18,1.45
2012.08.16 15:03:03.391,1.55556,1.55604,1.18,1.68
2012.08.16 15:03:04.113,1.55558,1.55601,1.18,1.30
2012.08.16 15:03:04.172,1.55556,1.55601,1.18,1.30
2012.08.16 15:03:04.904,1.55556,1.55601,1.18,1.30
2012.08.16 15:03:05.589,1.55556,1.55601,1.18,1.68
2012.08.16 15:03:05.942,1.55556,1.55601,1.18,1.15
2012.08.16 15:03:06.061,1.55562,1.55602,1.18,1.30
2012.08.16 15:03:06.229,1.55556,1.55601,1.18,1.08
2012.08.16 15:03:06.290,1.55555,1.55601,1.18,1.53
2012.08.16 15:03:06.463,1.55555,1.55601,1.18,1.53
2012.08.16 15:03:07.789,1.55562,1.55606,1.18,1.45
2012.08.16 15:03:08.131,1.55562,1.55606,1.18,1.45
2012.08.16 15:03:08.322,1.55559,1.55606,1.18,1.45
2012.08.16 15:03:10.212,1.55555,1.55598,1.18,2.02
2012.08.16 15:03:10.436,1.55555,1.55595,1.18,1.30
2012.08.16 15:03:10.550,1.55556,1.55597,1.18,1.23
2012.08.16 15:03:10.882,1.55555,1.55596,1.18,2.20
2012.08.16 15:03:11.270,1.55556,1.55605,1.35,1.53
2012.08.16 15:03:11.330,1.55561,1.55605,1.18,1.53
2012.08.16 15:03:11.445,1.55562,1.55606,1.18,1.12
2012.08.16 15:03:11.505,1.55567,1.55607,1.18,1.42
2012.08.16 15:03:12.186,1.55567,1.55606,1.18,1.64
2012.08.16 15:03:12.518,1.55556,1.55603,1.93,1.27
2012.08.16 15:03:12.632,1.55556,1.55603,1.56,1.12
2012.08.16 15:03:14.179,1.55559,1.55602,1.18,1.15
2012.08.16 15:03:14.729,1.55556,1.55602,1.18,1.15
2012.08.16 15:03:15.967,1.55556,1.55598,1.18,1.53
2012.08.16 15:03:16.301,1.55556,1.55598,1.18,1.15
2012.08.16 15:03:17.014,1.5556,1.55602,1.18,1.90
2012.08.16 15:03:17.539,1.55557,1.55601,1.18,1.15
2012.08.16 15:03:17.599,1.5556,1.55601,1.18,1.15
2012.08.16 15:03:19.719,1.5556,1.55607,1.18,1.30
2012.08.16 15:03:19.834,1.55562,1.5561,1.93,2.39
2012.08.16 15:03:20.055,1.55561,1.55609,1.18,1.68
2012.08.16 15:03:20.168,1.55561,1.55609,1.18,1.68
2012.08.16 15:03:20.585,1.55565,1.5561,1.18,1.12
2012.08.16 15:03:22.102,1.55565,1.55611,1.18,1.90
2012.08.16 15:03:22.161,1.55565,1.55611,1.18,1.90
2012.08.16 15:03:22.441,1.55565,1.55611,1.18,1.90
2012.08.16 15:03:23.080,1.55565,1.55611,1.93,1.90
2012.08.16 15:03:23.250,1.5557,1.55611,1.18,1.15
2012.08.16 15:03:23.804,1.55566,1.55607,1.18,1.19
2012.08.16 15:03:23.865,1.55564,1.55604,1.18,1.12
2012.08.16 15:03:24.034,1.55562,1.55604,1.93,1.12
2012.08.16 15:03:24.533,1.55562,1.55605,1.56,1.12
2012.08.16 15:03:24.648,1.55562,1.55604,1.56,1.12
2012.08.16 15:03:25.020,1.55562,1.55604,1.18,1.12
2012.08.16 15:03:25.530,1.55564,1.55607,1.18,1.08
2012.08.16 15:03:25.991,1.55564,1.55609,1.18,1.53
2012.08.16 15:03:26.451,1.55569,1.55615,1.52,1.15
2012.08.16 15:03:26.511,1.55575,1.55615,1.18,1.15
2012.08.16 15:03:27.970,1.55584,1.55617,1.29,1.88
2012.08.16 15:03:28.248,1.55585,1.55617,1.18,1.68
2012.08.16 15:03:28.417,1.5558,1.55616,1.18,1.30
2012.08.16 15:03:28.477,1.55577,1.55616,1.18,1.53
2012.08.16 15:03:28.645,1.55577,1.55616,1.18,1.68
2012.08.16 15:03:29.198,1.55576,1.55616,1.18,1.68
2012.08.16 15:03:29.464,1.55572,1.55611,1.18,1.45
2012.08.16 15:03:29.804,1.55572,1.5561,1.18,1.68
2012.08.16 15:03:30.496,1.55567,1.55609,1.18,1.68
2012.08.16 15:03:30.831,1.55568,1.55612,1.71,1.90
2012.08.16 15:03:30.890,1.55576,1.55612,1.18,1.68
2012.08.16 15:03:31.697,1.55577,1.55615,1.18,2.39
2012.08.16 15:03:31.866,1.55574,1.55607,1.33,1.13
2012.08.16 15:03:32.150,1.55571,1.55607,1.18,1.68
2012.08.16 15:03:33.702,1.55566,1.55606,1.71,1.49
2012.08.16 15:03:36.638,1.55568,1.55606,1.33,2.62
2012.08.16 15:03:36.862,1.55576,1.55619,1.18,2.02
2012.08.16 15:03:39.616,1.55572,1.55613,1.18,1.30
2012.08.16 15:03:39.730,1.55572,1.55616,1.18,1.15
2012.08.16 15:03:41.439,1.55572,1.55618,1.18,1.68
2012.08.16 15:03:43.597,1.55581,1.55619,1.18,1.27
2012.08.16 15:03:45.397,1.55583,1.55619,1.18,1.49
2012.08.16 15:03:45.676,1.55588,1.55626,1.56,1.60
2012.08.16 15:03:46.034,1.55583,1.55621,1.18,1.15
2012.08.16 15:03:46.417,1.55581,1.55621,1.18,1.45
2012.08.16 15:03:46.530,1.55581,1.55621,1.18,1.45
2012.08.16 15:03:50.645,1.55583,1.55622,1.18,1.15
2012.08.16 15:03:51.445,1.55582,1.55621,1.18,1.15
2012.08.16 15:03:53.844,1.55577,1.55617,1.93,1.27
2012.08.16 15:03:54.392,1.55582,1.55622,1.93,1.27
2012.08.16 15:03:54.570,1.55582,1.5562,1.18,1.12
2012.08.16 15:03:55.610,1.55576,1.55619,2.27,1.53
2012.08.16 15:03:56.864,1.55576,1.55618,1.93,1.12
2012.08.16 15:03:57.987,1.55581,1.55621,1.18,1.12
2012.08.16 15:03:58.441,1.55581,1.55621,1.18,1.49
2012.08.16 15:03:58.514,1.55581,1.55619,1.18,1.15
2012.08.16 15:03:59.114,1.55582,1.55619,1.18,1.15
2012.08.16 15:03:59.522,1.55582,1.55621,1.18,1.12
2012.08.16 15:04:00.488,1.55582,1.55619,1.18,1.90
2012.08.16 15:04:00.996,1.55577,1.5562,1.18,1.27
2012.08.16 15:04:01.330,1.55571,1.55616,1.67,1.30
2012.08.16 15:04:01.862,1.55569,1.55608,1.18,1.30
2012.08.16 15:04:02.316,1.55563,1.55602,1.33,1.15
2012.08.16 15:04:02.376,1.55559,1.55601,1.18,1.57
2012.08.16 15:04:02.546,1.55559,1.55602,1.18,2.17
2012.08.16 15:04:02.660,1.55559,1.55601,1.93,1.64
2012.08.16 15:04:02.776,1.55561,1.556,1.18,1.12
2012.08.16 15:04:02.836,1.55561,1.556,1.18,1.12
2012.08.16 15:04:02.897,1.55559,1.55598,1.56,1.30
2012.08.16 15:04:03.501,1.55559,1.55598,1.33,1.53
2012.08.16 15:04:03.616,1.55561,1.55601,1.18,1.45
2012.08.16 15:04:03.730,1.55561,1.55601,1.18,1.45
2012.08.16 15:04:04.351,1.55567,1.55606,1.18,1.23
2012.08.16 15:04:04.416,1.55572,1.5561,1.18,1.90
2012.08.16 15:04:05.399,1.55572,1.55608,1.18,1.12
2012.08.16 15:04:07.826,1.55571,1.55606,1.18,1.27
2012.08.16 15:04:07.942,1.55564,1.55604,1.33,1.12
2012.08.16 15:04:08.492,1.55558,1.55603,1.56,1.53
2012.08.16 15:04:09.012,1.55561,1.55602,1.18,1.30
2012.08.16 15:04:11.417,1.55566,1.5561,1.18,1.53
2012.08.16 15:04:13.174,1.55561,1.55609,1.18,1.87
2012.08.16 15:04:13.342,1.55559,1.55608,1.18,1.90
2012.08.16 15:04:14.430,1.55559,1.55604,1.93,1.53
2012.08.16 15:04:14.652,1.55562,1.55608,1.18,1.53
2012.08.16 15:04:24.293,1.55565,1.55607,1.18,1.12
2012.08.16 15:04:25.396,1.55564,1.5561,1.18,1.53
2012.08.16 15:04:26.075,1.55564,1.5561,1.18,1.53
2012.08.16 15:04:27.498,1.55559,1.55609,3.58,1.53
2012.08.16 15:04:28.596,1.55557,1.55602,1.18,2.20
2012.08.16 15:04:28.710,1.55554,1.55599,1.18,1.53
2012.08.16 15:04:29.043,1.55561,1.55601,1.18,1.83
2012.08.16 15:04:30.482,1.55563,1.5561,1.18,1.53
2012.08.16 15:04:30.814,1.55566,1.5561,1.18,1.53
2012.08.16 15:04:30.875,1.55571,1.5561,1.18,1.53
2012.08.16 15:04:31.764,1.55567,1.5561,1.18,1.87
2012.08.16 15:04:31.825,1.55564,1.5561,1.18,1.87
2012.08.16 15:04:32.487,1.55561,1.55601,1.18,1.15
2012.08.16 15:04:32.606,1.55556,1.55602,1.56,1.53
2012.08.16 15:04:32.776,1.55562,1.556,1.18,1.30
2012.08.16 15:04:32.836,1.55557,1.55595,1.56,1.53
2012.08.16 15:04:33.172,1.55556,1.55595,1.56,1.87
2012.08.16 15:04:33.420,1.55556,1.55595,1.56,1.87
2012.08.16 15:04:33.921,1.55557,1.55601,1.18,1.12
2012.08.16 15:04:34.144,1.55561,1.55601,1.18,1.49
2012.08.16 15:04:34.780,1.55564,1.55607,1.18,1.15
2012.08.16 15:04:35.004,1.55565,1.5561,1.18,1.49
2012.08.16 15:04:35.284,1.55571,1.5561,1.18,1.87
2012.08.16 15:04:36.015,1.55571,1.5561,1.18,1.87
2012.08.16 15:04:36.484,1.55571,1.5561,1.18,1.87
2012.08.16 15:04:37.911,1.55571,1.5561,1.18,1.87
2012.08.16 15:04:38.114,1.5557,1.5561,1.18,1.87
2012.08.16 15:04:38.448,1.55556,1.55596,1.18,1.13
2012.08.16 15:04:38.883,1.55551,1.55592,1.18,1.15
2012.08.16 15:04:38.947,1.55552,1.55593,1.29,2.65
2012.08.16 15:04:39.008,1.55556,1.55593,1.18,1.90
2012.08.16 15:04:42.166,1.55556,1.55594,1.93,1.12
2012.08.16 15:04:42.496,1.55551,1.55594,1.89,1.87
2012.08.16 15:04:42.829,1.55558,1.55594,1.71,1.12
2012.08.16 15:04:43.245,1.55558,1.55601,1.93,1.15
2012.08.16 15:04:44.814,1.55561,1.55599,1.18,1.30
2012.08.16 15:04:45.337,1.55556,1.55599,1.18,1.30
2012.08.16 15:04:45.452,1.55556,1.55599,1.18,2.05
2012.08.16 15:04:45.783,1.55556,1.55593,1.18,1.12
2012.08.16 15:04:48.561,1.55557,1.55595,1.18,1.15
2012.08.16 15:04:48.622,1.55559,1.55595,1.33,1.15
2012.08.16 15:04:48.900,1.55552,1.55592,1.29,1.08
2012.08.16 15:04:49.014,1.55552,1.55592,1.29,1.08
2012.08.16 15:04:49.075,1.55552,1.55596,1.52,1.15
2012.08.16 15:04:49.460,1.55554,1.55601,1.18,1.15
2012.08.16 15:04:49.868,1.55556,1.55601,1.93,2.28
2012.08.16 15:04:54.994,1.55558,1.55594,1.13,1.12
2012.08.16 15:04:55.062,1.55549,1.55592,2.31,1.53
2012.08.16 15:04:55.123,1.55549,1.55591,1.18,1.30
2012.08.16 15:04:56.290,1.55549,1.55592,1.18,2.43
2012.08.16 15:04:57.841,1.55549,1.55592,1.18,2.43
2012.08.16 15:05:02.691,1.55547,1.55589,1.93,1.15
2012.08.16 15:05:02.805,1.55547,1.55587,1.56,1.15
2012.08.16 15:05:03.191,1.55547,1.55592,2.23,1.53
2012.08.16 15:05:03.251,1.55547,1.55589,1.33,1.53
2012.08.16 15:05:04.990,1.55545,1.55586,1.56,1.15
2012.08.16 15:05:12.550,1.55549,1.55592,1.18,2.43
2012.08.16 15:05:13.793,1.55549,1.55592,1.18,1.68
2012.08.16 15:05:14.561,1.55552,1.55595,1.18,1.15
2012.08.16 15:05:15.692,1.55552,1.55595,1.18,1.15
2012.08.16 15:05:16.003,1.55552,1.55595,1.18,1.90
2012.08.16 15:05:16.363,1.5555,1.55595,1.18,1.15
2012.08.16 15:05:17.191,1.5555,1.55595,1.18,1.15
2012.08.16 15:05:19.507,1.5555,1.55595,1.18,1.15
2012.08.16 15:05:20.674,1.55543,1.55586,2.08,1.12
2012.08.16 15:05:20.788,1.55542,1.55581,1.18,1.12
2012.08.16 15:05:21.159,1.55542,1.55581,1.18,1.12
2012.08.16 15:05:21.565,1.55541,1.55581,1.18,2.24
2012.08.16 15:05:22.185,1.55541,1.55578,1.18,2.62
2012.08.16 15:05:22.787,1.55541,1.5558,1.18,1.12
2012.08.16 15:05:23.173,1.55541,1.55581,1.56,1.04
2012.08.16 15:05:23.506,1.55547,1.5559,1.56,1.12
2012.08.16 15:05:23.837,1.55554,1.55594,1.56,1.64
2012.08.16 15:05:24.060,1.55556,1.55595,1.93,1.87
2012.08.16 15:05:26.744,1.55556,1.55595,1.93,1.87
2012.08.16 15:05:26.913,1.55556,1.55595,1.93,1.53
2012.08.16 15:05:27.243,1.55553,1.55594,1.29,1.53
2012.08.16 15:05:29.003,1.55551,1.55591,1.18,1.12
2012.08.16 15:05:30.966,1.55552,1.55591,1.18,1.42
2012.08.16 15:05:31.080,1.55556,1.55591,1.18,1.19
2012.08.16 15:05:31.628,1.55553,1.55592,1.33,1.08
2012.08.16 15:05:31.689,1.55556,1.55601,1.18,1.53
2012.08.16 15:05:32.196,1.55556,1.55596,1.18,1.30
2012.08.16 15:05:32.256,1.55553,1.55596,1.71,1.90
2012.08.16 15:05:32.756,1.55552,1.55593,2.08,1.53
2012.08.16 15:05:33.144,1.5555,1.55594,1.18,1.53
2012.08.16 15:05:33.258,1.55551,1.55595,1.18,1.53
2012.08.16 15:05:33.910,1.55553,1.55597,1.18,1.15
2012.08.16 15:05:34.275,1.55554,1.55596,1.18,1.15
2012.08.16 15:05:34.608,1.55551,1.55592,1.52,1.30
2012.08.16 15:05:34.777,1.55551,1.55595,1.18,1.15
2012.08.16 15:05:35.427,1.5555,1.55597,1.93,1.15
2012.08.16 15:05:35.488,1.55549,1.55593,1.18,1.53
2012.08.16 15:05:37.761,1.55547,1.55593,1.71,1.53
2012.08.16 15:05:38.703,1.55545,1.55595,1.18,1.53
2012.08.16 15:05:38.763,1.55552,1.55595,1.18,1.53
2012.08.16 15:05:40.508,1.55557,1.55598,1.18,1.53
2012.08.16 15:05:41.588,1.55562,1.55602,1.18,1.15
2012.08.16 15:05:41.648,1.55562,1.55602,1.18,1.15
2012.08.16 15:05:42.085,1.55562,1.55598,1.18,1.30
2012.08.16 15:05:42.422,1.55556,1.55594,1.56,1.87
2012.08.16 15:05:42.645,1.55551,1.55591,1.18,1.27
2012.08.16 15:05:44.396,1.55551,1.55591,1.18,1.12
2012.08.16 15:05:44.469,1.55551,1.55591,1.18,1.12
2012.08.16 15:05:45.376,1.55551,1.55592,1.52,1.68
2012.08.16 15:05:46.486,1.55551,1.55592,1.52,1.30
2012.08.16 15:05:47.809,1.55542,1.55588,1.56,1.30
2012.08.16 15:05:48.201,1.55542,1.55588,1.56,1.53
2012.08.16 15:05:48.534,1.55539,1.55584,1.93,1.53
2012.08.16 15:05:49.516,1.5554,1.55586,1.33,2.28
2012.08.16 15:05:49.632,1.55543,1.55584,1.18,1.12
2012.08.16 15:05:50.625,1.55544,1.55583,1.67,1.53
2012.08.16 15:05:50.739,1.55549,1.55591,1.18,2.20
2012.08.16 15:05:50.961,1.55549,1.55591,1.18,2.20
2012.08.16 15:05:51.527,1.55551,1.55591,1.18,1.98
2012.08.16 15:05:53.717,1.55555,1.55593,1.18,1.30
2012.08.16 15:05:53.831,1.55562,1.55596,1.18,1.68
2012.08.16 15:05:54.055,1.55554,1.55593,1.18,1.53
2012.08.16 15:05:54.170,1.55554,1.55593,1.18,1.53
2012.08.16 15:05:54.396,1.55556,1.55593,1.18,1.30
2012.08.16 15:05:54.567,1.55552,1.55594,1.18,1.12
2012.08.16 15:05:55.079,1.55552,1.55593,1.18,1.68
2012.08.16 15:05:55.248,1.55552,1.55589,1.18,1.12
2012.08.16 15:05:57.901,1.55546,1.55586,1.18,1.12
2012.08.16 15:05:58.413,1.55542,1.55583,1.56,1.53
2012.08.16 15:05:58.526,1.55542,1.55583,1.56,1.53
2012.08.16 15:06:00.085,1.55537,1.55583,1.71,1.68
2012.08.16 15:06:00.557,1.55537,1.55582,1.71,1.30
2012.08.16 15:06:01.161,1.55537,1.55582,1.71,1.30
2012.08.16 15:06:01.600,1.55537,1.55583,1.71,1.68
2012.08.16 15:06:01.714,1.55542,1.55584,1.18,1.27
2012.08.16 15:06:03.970,1.55542,1.55586,1.18,1.15
2012.08.16 15:06:08.715,1.55549,1.55592,1.18,1.15
2012.08.16 15:06:08.908,1.55547,1.55592,1.18,1.15
2012.08.16 15:06:09.990,1.55549,1.55592,1.18,1.15
2012.08.16 15:06:13.341,1.55549,1.55595,1.18,1.49
2012.08.16 15:06:14.249,1.55547,1.55586,1.18,1.42
2012.08.16 15:06:15.461,1.55542,1.55585,1.18,1.12
2012.08.16 15:06:19.438,1.5554,1.55583,1.71,1.53
2012.08.16 15:06:19.498,1.5554,1.55583,1.71,1.53
2012.08.16 15:06:22.789,1.55543,1.55586,2.08,1.53
2012.08.16 15:06:22.849,1.55548,1.55592,1.18,2.17
2012.08.16 15:06:23.771,1.55546,1.55592,2.68,1.12
2012.08.16 15:06:25.570,1.55546,1.55594,3.02,1.53
2012.08.16 15:06:26.138,1.55549,1.55596,1.56,2.43
2012.08.16 15:06:26.713,1.55551,1.55596,1.18,2.05
2012.08.16 15:06:26.773,1.55552,1.55598,1.18,1.68
2012.08.16 15:06:27.908,1.5555,1.55598,2.42,1.53
2012.08.16 15:06:28.022,1.55551,1.55598,1.18,1.53
2012.08.16 15:06:28.648,1.55549,1.55594,1.93,1.53
2012.08.16 15:06:29.732,1.55553,1.55591,1.33,1.15
2012.08.16 15:06:29.847,1.55556,1.55599,1.18,1.53
2012.08.16 15:06:29.961,1.55554,1.55598,1.33,1.15
2012.08.16 15:06:30.076,1.5555,1.55596,1.56,1.53
2012.08.16 15:06:31.054,1.55553,1.55597,1.18,1.30
2012.08.16 15:06:32.640,1.55551,1.55601,1.52,1.15
2012.08.16 15:06:32.769,1.55551,1.55599,1.52,1.53
2012.08.16 15:06:32.939,1.55551,1.55599,1.89,1.53
2012.08.16 15:06:35.570,1.55557,1.55602,1.18,1.15
2012.08.16 15:06:40.221,1.55558,1.55601,1.18,1.15
2012.08.16 15:06:40.827,1.55557,1.55601,1.18,1.15
2012.08.16 15:06:42.327,1.55559,1.55598,1.56,1.53
2012.08.16 15:06:42.496,1.55557,1.55593,1.56,1.30
2012.08.16 15:06:43.176,1.55562,1.55598,1.18,1.45
2012.08.16 15:06:43.357,1.55563,1.55602,1.18,1.30
2012.08.16 15:06:43.582,1.55559,1.55594,1.56,1.30
2012.08.16 15:06:43.698,1.55554,1.55593,1.35,1.30
2012.08.16 15:06:43.812,1.55554,1.55593,1.13,1.53
2012.08.16 15:06:43.873,1.55548,1.55593,1.14,1.53
2012.08.16 15:06:49.141,1.55548,1.55595,1.18,1.53
2012.08.16 15:06:49.255,1.55552,1.55595,1.18,1.53
2012.08.16 15:06:49.315,1.55552,1.55595,1.18,1.53
2012.08.16 15:06:49.536,1.55551,1.55596,1.18,1.53
2012.08.16 15:06:51.161,1.55549,1.55595,1.18,1.90
2012.08.16 15:06:51.329,1.55547,1.55593,1.18,1.53
2012.08.16 15:06:52.839,1.55552,1.55596,1.18,2.80
2012.08.16 15:06:52.898,1.55552,1.55596,1.18,2.80
2012.08.16 15:06:54.454,1.55549,1.55593,1.56,1.53
2012.08.16 15:06:54.957,1.55547,1.55592,1.18,1.53
2012.08.16 15:06:55.290,1.55547,1.55588,1.56,1.30
2012.08.16 15:06:55.349,1.55547,1.55588,1.33,1.53
2012.08.16 15:06:55.474,1.55548,1.55587,1.56,1.08
2012.08.16 15:06:55.644,1.55551,1.55592,1.18,1.15
2012.08.16 15:06:56.194,1.55547,1.55593,1.18,1.53
2012.08.16 15:06:59.732,1.55546,1.55594,1.18,1.53
2012.08.16 15:07:05.972,1.55549,1.55596,1.18,2.43
2012.08.16 15:07:06.144,1.55552,1.55596,1.18,1.90
2012.08.16 15:07:08.426,1.55554,1.55595,1.18,1.90
2012.08.16 15:07:08.726,1.55552,1.55595,1.18,1.90
2012.08.16 15:07:09.854,1.5555,1.55595,1.71,1.90
2012.08.16 15:07:10.407,1.55547,1.55594,1.56,1.53
2012.08.16 15:07:12.198,1.55549,1.55595,1.56,1.90
2012.08.16 15:07:12.260,1.55553,1.55595,1.18,1.15
2012.08.16 15:07:12.376,1.55552,1.55595,1.18,1.15
2012.08.16 15:07:12.927,1.55553,1.55596,1.18,2.43
2012.08.16 15:07:13.048,1.55552,1.55596,1.18,2.05
2012.08.16 15:07:13.161,1.55553,1.55596,1.18,2.05
2012.08.16 15:07:13.492,1.55552,1.55595,1.52,1.15
2012.08.16 15:07:14.154,1.55552,1.55592,1.52,1.35
2012.08.16 15:07:14.486,1.55559,1.55598,1.56,2.05
2012.08.16 15:07:14.600,1.55558,1.55598,1.18,1.53
2012.08.16 15:07:15.146,1.55558,1.55602,1.18,2.77
2012.08.16 15:07:15.482,1.55555,1.55596,1.18,1.15
2012.08.16 15:07:15.597,1.55555,1.55597,1.18,1.45
2012.08.16 15:07:15.777,1.55555,1.55597,1.18,1.45
2012.08.16 15:07:16.058,1.55559,1.55601,1.56,1.53
2012.08.16 15:07:16.420,1.55561,1.55601,1.18,1.53
2012.08.16 15:07:17.040,1.55558,1.55601,1.18,1.15
2012.08.16 15:07:19.343,1.55559,1.55601,1.18,1.15
2012.08.16 15:07:22.123,1.55559,1.55601,1.93,1.15
2012.08.16 15:07:22.237,1.55562,1.55605,1.73,1.49
2012.08.16 15:07:22.406,1.5556,1.55602,1.18,1.90
2012.08.16 15:07:22.935,1.55556,1.55601,1.93,1.15
2012.08.16 15:07:23.211,1.55558,1.55601,1.18,1.15
2012.08.16 15:07:26.193,1.55562,1.55601,1.18,1.53
2012.08.16 15:07:28.551,1.55564,1.55601,1.18,1.30
2012.08.16 15:07:28.613,1.55566,1.55605,1.33,1.53
2012.08.16 15:07:28.727,1.55567,1.55606,1.33,1.53
2012.08.16 15:07:28.787,1.55572,1.55606,1.18,1.30
2012.08.16 15:07:29.271,1.55569,1.55611,1.56,1.15
2012.08.16 15:07:30.360,1.55571,1.55611,1.18,1.90
2012.08.16 15:07:31.213,1.55567,1.55611,1.93,1.53
2012.08.16 15:07:35.456,1.55567,1.55607,1.18,1.90
2012.08.16 15:07:35.736,1.55566,1.55606,1.18,1.30
2012.08.16 15:07:35.797,1.55562,1.55602,1.18,1.13
2012.08.16 15:07:35.967,1.55562,1.55601,1.18,1.30
2012.08.16 15:07:36.589,1.55561,1.55601,1.18,1.53
2012.08.16 15:07:36.714,1.55561,1.55601,1.18,1.53
2012.08.16 15:07:37.044,1.5556,1.55602,1.18,1.15
2012.08.16 15:07:37.214,1.55556,1.55598,1.93,1.30
2012.08.16 15:07:37.384,1.55556,1.55597,1.18,1.53
2012.08.16 15:07:37.445,1.55556,1.55596,1.18,1.15
2012.08.16 15:07:37.506,1.55549,1.55593,1.56,1.87
2012.08.16 15:07:37.566,1.55549,1.55589,1.18,1.15
2012.08.16 15:07:37.625,1.55549,1.55589,1.33,1.15
2012.08.16 15:07:37.686,1.5555,1.55591,1.35,1.08
2012.08.16 15:07:37.910,1.55546,1.55592,2.83,1.08
2012.08.16 15:07:38.024,1.55547,1.55592,1.93,1.08
2012.08.16 15:07:38.140,1.55547,1.55589,1.18,1.53
2012.08.16 15:07:38.364,1.55552,1.55597,1.93,1.53
2012.08.16 15:07:38.534,1.55556,1.55596,1.18,1.15
2012.08.16 15:07:38.648,1.55556,1.55596,1.18,1.15
2012.08.16 15:07:38.708,1.55556,1.55596,1.18,1.15
2012.08.16 15:07:46.568,1.55556,1.55599,1.18,1.53
2012.08.16 15:07:47.294,1.55553,1.55599,1.56,1.53
2012.08.16 15:07:47.576,1.55552,1.55596,1.93,1.15
2012.08.16 15:07:48.088,1.55551,1.55597,1.18,1.15
2012.08.16 15:07:48.258,1.55552,1.55598,1.18,1.53
2012.08.16 15:07:48.734,1.55551,1.55599,1.18,1.53
2012.08.16 15:07:48.902,1.55551,1.55597,1.18,1.15
2012.08.16 15:07:49.894,1.55551,1.55597,1.18,1.15
2012.08.16 15:07:50.229,1.55549,1.55597,1.18,1.15
2012.08.16 15:07:50.779,1.55549,1.55595,1.33,1.53
2012.08.16 15:07:50.988,1.55549,1.55595,1.33,1.53
2012.08.16 15:07:51.102,1.55549,1.55595,1.33,1.53
2012.08.16 15:07:51.528,1.55546,1.55587,1.18,1.15
2012.08.16 15:07:51.589,1.55544,1.55587,1.18,1.15
2012.08.16 15:07:51.928,1.55544,1.55589,3.02,1.35
2012.08.16 15:07:52.044,1.55547,1.55597,1.18,1.15
2012.08.16 15:07:52.453,1.55553,1.55597,2.08,1.15
2012.08.16 15:07:52.567,1.55553,1.55597,2.08,1.15
2012.08.16 15:07:52.681,1.55557,1.55602,1.18,1.15
2012.08.16 15:07:53.070,1.55553,1.55596,1.56,1.53
2012.08.16 15:07:53.129,1.55553,1.55596,1.56,1.53
2012.08.16 15:07:55.733,1.55554,1.55596,1.93,1.90
2012.08.16 15:08:00.053,1.55556,1.55597,1.93,1.15
2012.08.16 15:08:00.277,1.55559,1.55604,1.33,1.53
2012.08.16 15:08:01.425,1.55561,1.55604,1.67,1.90
2012.08.16 15:08:01.599,1.55562,1.55606,1.93,1.15
2012.08.16 15:08:02.184,1.55562,1.55607,1.18,1.15
2012.08.16 15:08:02.679,1.55566,1.55612,1.13,1.30
2012.08.16 15:08:02.957,1.55572,1.55612,1.18,1.15
2012.08.16 15:08:03.259,1.55573,1.55614,1.18,1.53
2012.08.16 15:08:05.679,1.55574,1.55612,1.18,1.15
2012.08.16 15:08:06.010,1.55567,1.55609,1.18,1.30
2012.08.16 15:08:06.232,1.55566,1.55607,1.67,1.15
2012.08.16 15:08:06.795,1.55566,1.55605,1.47,1.53
2012.08.16 15:08:07.088,1.55566,1.55602,1.47,1.13
2012.08.16 15:08:07.421,1.55556,1.55597,1.18,1.15
2012.08.16 15:08:07.755,1.55556,1.55596,1.13,1.45
2012.08.16 15:08:08.035,1.55567,1.55612,1.18,2.20
2012.08.16 15:08:08.357,1.55567,1.55612,1.18,1.45
2012.08.16 15:08:10.541,1.55567,1.55611,1.18,1.15
2012.08.16 15:08:10.654,1.55567,1.55611,1.18,1.15
2012.08.16 15:08:12.812,1.55567,1.55611,1.18,1.15
2012.08.16 15:08:14.405,1.55567,1.55612,1.52,1.15
2012.08.16 15:08:14.466,1.55569,1.55612,1.32,1.15
2012.08.16 15:08:14.526,1.55571,1.55612,1.18,1.15
2012.08.16 15:08:15.303,1.55567,1.55612,1.71,1.15
2012.08.16 15:08:15.632,1.55566,1.55611,1.56,1.15
2012.08.16 15:08:16.536,1.55566,1.55608,1.56,1.15
2012.08.16 15:08:16.869,1.55557,1.55603,1.56,1.53
2012.08.16 15:08:19.922,1.55558,1.55601,1.18,1.15
2012.08.16 15:08:19.983,1.55556,1.55599,1.18,1.53
2012.08.16 15:08:20.097,1.55554,1.55599,1.56,1.53
2012.08.16 15:08:20.749,1.55555,1.55599,1.18,1.53
2012.08.16 15:08:21.402,1.55554,1.55599,1.18,1.53
2012.08.16 15:08:21.739,1.55554,1.55599,1.18,1.50
2012.08.16 15:08:22.181,1.55562,1.55607,1.56,1.30
2012.08.16 15:08:22.295,1.55567,1.55607,1.18,1.30
2012.08.16 15:08:23.607,1.55562,1.55603,1.56,1.13
2012.08.16 15:08:23.939,1.55561,1.55596,1.18,1.13
2012.08.16 15:08:29.230,1.55556,1.55597,2.27,1.15
2012.08.16 15:08:29.970,1.5556,1.55597,1.18,1.15
2012.08.16 15:08:31.094,1.55557,1.55596,1.18,1.68
2012.08.16 15:08:31.913,1.55558,1.55598,1.18,1.53
2012.08.16 15:08:32.707,1.55557,1.55601,1.56,1.90
2012.08.16 15:08:33.047,1.55565,1.55602,1.18,1.09
2012.08.16 15:08:33.550,1.55565,1.55604,1.18,1.12
2012.08.16 15:08:34.155,1.55561,1.55604,2.31,1.87
2012.08.16 15:08:34.766,1.55565,1.55604,1.18,1.12
2012.08.16 15:08:35.295,1.55562,1.55603,1.18,1.09
2012.08.16 15:08:35.804,1.55562,1.55603,1.18,1.09
2012.08.16 15:08:36.312,1.55566,1.55605,1.18,1.09
2012.08.16 15:08:37.393,1.55562,1.55603,2.46,1.87
2012.08.16 15:08:38.844,1.55562,1.55603,2.27,1.53
2012.08.16 15:08:38.957,1.55566,1.55605,1.18,1.53
2012.08.16 15:08:39.465,1.55567,1.55605,1.18,1.30
2012.08.16 15:08:39.925,1.5557,1.55608,1.18,1.35
2012.08.16 15:08:39.985,1.5557,1.55609,1.18,1.87
2012.08.16 15:08:40.209,1.5557,1.55611,2.27,1.35
2012.08.16 15:08:40.376,1.55571,1.55613,1.93,2.62
2012.08.16 15:08:40.674,1.55571,1.55612,1.18,1.35
2012.08.16 15:08:41.062,1.55567,1.55609,1.33,1.13
2012.08.16 15:08:41.536,1.55561,1.55599,1.56,1.13
2012.08.16 15:08:41.601,1.55556,1.55599,2.04,1.90
2012.08.16 15:08:41.770,1.55561,1.55599,1.18,1.90
2012.08.16 15:08:42.161,1.55561,1.55599,1.18,1.90
2012.08.16 15:08:42.619,1.55559,1.55599,1.18,1.15
2012.08.16 15:08:42.733,1.55557,1.55599,1.29,1.15
2012.08.16 15:08:42.958,1.5556,1.55601,1.18,1.90
2012.08.16 15:08:43.036,1.55562,1.55601,1.18,1.90
2012.08.16 15:08:43.824,1.55562,1.55602,2.31,1.53
2012.08.16 15:08:43.890,1.55562,1.55606,1.93,1.15
2012.08.16 15:08:44.113,1.55564,1.5561,1.33,1.53
2012.08.16 15:08:44.570,1.5557,1.5561,1.18,1.90
2012.08.16 15:08:46.047,1.55567,1.5561,1.13,1.30
2012.08.16 15:08:47.703,1.55567,1.5561,1.73,1.68
2012.08.16 15:08:48.311,1.55567,1.55611,1.93,1.27
2012.08.16 15:08:50.597,1.55569,1.55611,1.33,1.45
2012.08.16 15:08:50.874,1.55575,1.55613,1.18,1.90
2012.08.16 15:08:51.481,1.55575,1.55613,1.18,1.90
2012.08.16 15:08:52.150,1.55575,1.55613,1.18,1.90
2012.08.16 15:08:52.704,1.55572,1.55613,1.18,3.03
2012.08.16 15:08:52.873,1.55572,1.55611,1.18,1.68
2012.08.16 15:08:52.987,1.5557,1.55611,1.18,1.90
2012.08.16 15:08:53.359,1.5557,1.55611,1.18,1.90
2012.08.16 15:08:53.695,1.55565,1.55607,1.56,1.49
2012.08.16 15:08:54.026,1.55571,1.55609,1.93,1.15
2012.08.16 15:08:54.478,1.55571,1.5561,1.93,1.53
2012.08.16 15:08:54.538,1.55575,1.55613,1.18,1.90
2012.08.16 15:08:55.762,1.55575,1.55614,1.18,1.90
2012.08.16 15:08:55.877,1.55575,1.55614,1.18,1.90
2012.08.16 15:08:56.100,1.5558,1.55616,1.18,1.84
2012.08.16 15:08:56.375,1.55576,1.55615,1.18,1.12
2012.08.16 15:08:59.233,1.55575,1.55612,1.18,1.15
2012.08.16 15:08:59.347,1.55571,1.55611,1.93,1.30
2012.08.16 15:08:59.460,1.55571,1.55611,1.93,1.53
2012.08.16 15:09:00.918,1.55571,1.55611,1.93,1.53
2012.08.16 15:09:01.464,1.55571,1.55611,1.93,1.90
2012.08.16 15:09:01.806,1.55571,1.55611,1.93,1.90
2012.08.16 15:09:02.519,1.55571,1.55611,1.93,1.90
2012.08.16 15:09:03.058,1.55571,1.55611,1.93,1.90
2012.08.16 15:09:03.644,1.55571,1.55611,1.93,2.28
2012.08.16 15:09:04.058,1.55565,1.55608,1.71,1.13
2012.08.16 15:09:04.119,1.55565,1.55608,1.71,1.68
2012.08.16 15:09:05.278,1.55569,1.55608,1.33,1.68
2012.08.16 15:09:05.557,1.55574,1.55613,1.33,1.42
2012.08.16 15:09:05.998,1.5557,1.55611,1.18,1.08
2012.08.16 15:09:06.276,1.55567,1.55612,1.18,1.08
2012.08.16 15:09:08.400,1.55563,1.55608,1.18,1.68
2012.08.16 15:09:08.938,1.55567,1.55611,1.93,1.45
2012.08.16 15:09:10.090,1.55567,1.55612,1.18,1.08
2012.08.16 15:09:10.258,1.55566,1.55611,1.71,2.20
2012.08.16 15:09:11.376,1.55569,1.55608,1.33,1.68
2012.08.16 15:09:11.824,1.55574,1.55611,1.88,1.08
2012.08.16 15:09:11.939,1.55574,1.55611,2.08,1.08
2012.08.16 15:09:12.474,1.55574,1.55613,1.71,2.24
2012.08.16 15:09:12.901,1.55578,1.55615,1.13,1.15
2012.08.16 15:09:13.069,1.55581,1.55617,1.18,1.12
2012.08.16 15:09:13.944,1.55579,1.55617,1.56,1.87
2012.08.16 15:09:14.277,1.55574,1.55617,1.71,1.15
2012.08.16 15:09:14.815,1.55574,1.55618,1.71,1.12
2012.08.16 15:09:19.204,1.55574,1.55618,1.71,1.87
2012.08.16 15:09:19.319,1.5558,1.55622,1.71,1.08
2012.08.16 15:09:19.432,1.5558,1.55621,1.71,1.08
2012.08.16 15:09:19.656,1.55581,1.55627,2.31,1.12
2012.08.16 15:09:19.715,1.55583,1.55627,1.33,1.12
2012.08.16 15:09:19.775,1.55583,1.55627,1.56,1.12
2012.08.16 15:09:20.525,1.55584,1.55624,1.33,1.15
2012.08.16 15:09:21.584,1.55583,1.55624,1.56,1.15
2012.08.16 15:09:22.137,1.55584,1.55626,1.33,1.15
2012.08.16 15:09:22.505,1.55583,1.55627,2.31,1.12
2012.08.16 15:09:22.619,1.5559,1.55629,1.18,1.12
2012.08.16 15:09:22.678,1.5559,1.55628,1.18,2.62
2012.08.16 15:09:23.215,1.55589,1.55633,1.18,1.53
2012.08.16 15:09:23.275,1.55589,1.55634,1.18,1.53
2012.08.16 15:09:23.390,1.55589,1.55634,1.18,1.30
2012.08.16 15:09:23.450,1.55589,1.55631,1.18,1.13
2012.08.16 15:09:23.728,1.55581,1.55621,1.29,1.35
2012.08.16 15:09:24.771,1.5558,1.55619,1.18,2.10
2012.08.16 15:09:25.081,1.5558,1.5562,1.18,1.32
2012.08.16 15:09:25.141,1.55582,1.5562,1.18,1.32
2012.08.16 15:09:25.660,1.55579,1.5562,1.18,1.09
2012.08.16 15:09:25.995,1.55572,1.5561,1.18,1.30
2012.08.16 15:09:26.109,1.5557,1.5561,1.18,2.28
2012.08.16 15:09:26.821,1.55567,1.55608,1.52,2.48
2012.08.16 15:09:28.500,1.55574,1.5561,1.13,1.53
2012.08.16 15:09:28.832,1.55573,1.55611,1.56,1.13
2012.08.16 15:09:28.946,1.55573,1.55613,1.56,2.28
2012.08.16 15:09:29.571,1.55573,1.55613,1.56,2.28
2012.08.16 15:09:30.166,1.55573,1.55613,1.56,2.28
2012.08.16 15:09:30.620,1.55571,1.55613,1.56,2.28
2012.08.16 15:09:30.923,1.55565,1.55607,1.52,2.58
2012.08.16 15:09:30.984,1.55565,1.55606,1.52,1.13
2012.08.16 15:09:32.551,1.55567,1.55607,1.14,1.13
2012.08.16 15:09:33.787,1.5557,1.55608,1.56,1.68
2012.08.16 15:09:33.956,1.55573,1.55608,1.33,1.88
2012.08.16 15:09:34.178,1.55573,1.55608,1.56,1.50
2012.08.16 15:09:34.344,1.55573,1.55611,1.56,1.13
2012.08.16 15:09:35.228,1.55574,1.55613,1.18,1.90
2012.08.16 15:09:35.798,1.55574,1.55613,1.18,1.35
2012.08.16 15:09:36.669,1.55574,1.55613,1.18,1.35
2012.08.16 15:09:37.006,1.5557,1.55611,1.18,2.28
2012.08.16 15:09:39.086,1.55567,1.55611,1.56,2.62
2012.08.16 15:09:39.200,1.55567,1.55607,1.56,1.35
2012.08.16 15:09:39.424,1.55565,1.55604,1.18,1.73
2012.08.16 15:09:40.515,1.55565,1.55604,1.18,1.73
2012.08.16 15:09:42.217,1.55573,1.55608,1.13,1.53
2012.08.16 15:09:42.331,1.55571,1.55604,1.13,1.73
2012.08.16 15:09:42.502,1.55571,1.5561,1.33,1.35
2012.08.16 15:09:42.736,1.5557,1.55607,1.33,2.28
2012.08.16 15:09:44.700,1.55565,1.55605,2.64,1.73
2012.08.16 15:09:44.814,1.55568,1.55609,1.89,1.35
2012.08.16 15:09:45.359,1.55568,1.5561,1.89,1.53
2012.08.16 15:09:49.845,1.55566,1.55611,1.52,1.35
2012.08.16 15:09:51.878,1.55574,1.55613,1.33,1.69
2012.08.16 15:09:51.991,1.55574,1.55613,1.56,1.69
2012.08.16 15:09:52.652,1.55574,1.55613,1.18,1.69
2012.08.16 15:09:52.954,1.55574,1.55612,1.18,1.69
2012.08.16 15:09:53.941,1.55571,1.55611,1.18,1.68
2012.08.16 15:09:54.594,1.5557,1.55611,1.33,1.53
2012.08.16 15:09:55.640,1.55568,1.5561,1.14,1.53
2012.08.16 15:09:56.540,1.55569,1.5561,1.29,1.53
2012.08.16 15:09:57.269,1.55572,1.55612,1.71,1.87
2012.08.16 15:09:57.383,1.55577,1.55612,1.13,1.15
2012.08.16 15:09:57.499,1.55577,1.55619,1.71,2.20
2012.08.16 15:09:57.615,1.55577,1.55624,1.56,1.53
2012.08.16 15:10:00.112,1.55579,1.55624,1.33,1.53
2012.08.16 15:10:00.497,1.55583,1.55624,2.31,1.53
2012.08.16 15:10:00.667,1.55588,1.55624,1.50,1.53
2012.08.16 15:10:00.945,1.55583,1.55624,1.18,1.53
2012.08.16 15:10:01.005,1.55582,1.55625,1.56,1.53
2012.08.16 15:10:01.065,1.55582,1.55625,1.56,1.53
2012.08.16 15:10:01.179,1.55582,1.55628,2.31,1.87
2012.08.16 15:10:01.728,1.55579,1.55623,1.33,1.53
2012.08.16 15:10:04.157,1.55579,1.55625,1.71,1.53
2012.08.16 15:10:04.563,1.55582,1.55628,1.56,1.87
2012.08.16 15:10:05.489,1.55586,1.55627,1.33,1.12
2012.08.16 15:10:05.549,1.55586,1.55628,1.33,1.32
2012.08.16 15:10:05.664,1.55587,1.55628,1.56,1.32
2012.08.16 15:10:08.077,1.55588,1.55628,1.18,1.12
2012.08.16 15:10:08.137,1.55586,1.55627,2.68,1.12
2012.08.16 15:10:08.468,1.55588,1.55628,1.93,1.12
2012.08.16 15:10:09.398,1.55589,1.55619,1.56,1.09
2012.08.16 15:10:09.843,1.55583,1.55622,1.18,1.02
2012.08.16 15:10:09.904,1.55582,1.55623,1.18,1.87
2012.08.16 15:10:10.617,1.5558,1.55623,1.56,1.87
2012.08.16 15:10:11.153,1.55579,1.55619,1.56,1.09
2012.08.16 15:10:14.124,1.55585,1.55619,1.18,1.09
2012.08.16 15:10:14.457,1.55579,1.55619,1.56,1.32
2012.08.16 15:10:15.449,1.55579,1.55619,1.18,1.32
2012.08.16 15:10:15.897,1.55579,1.55619,1.18,1.32
2012.08.16 15:10:16.891,1.55577,1.55614,1.56,1.50
2012.08.16 15:10:17.224,1.55574,1.55608,1.33,2.25
2012.08.16 15:10:17.284,1.55574,1.55608,1.33,1.88
2012.08.16 15:10:17.399,1.5557,1.55608,1.33,1.68
2012.08.16 15:10:17.944,1.5557,1.55608,1.33,1.68
2012.08.16 15:10:18.459,1.55571,1.55612,2.08,1.08
2012.08.16 15:10:18.519,1.55572,1.55614,1.56,1.15
2012.08.16 15:10:19.140,1.55573,1.55613,1.18,1.50
2012.08.16 15:10:19.446,1.55571,1.5561,1.71,1.32
2012.08.16 15:10:20.347,1.5557,1.55608,2.08,2.10
2012.08.16 15:10:20.894,1.55569,1.55608,1.93,1.35
2012.08.16 15:10:21.080,1.55567,1.55608,2.31,1.35
2012.08.16 15:10:21.366,1.55567,1.55608,2.31,2.10
2012.08.16 15:10:22.718,1.55569,1.55608,1.18,1.35
2012.08.16 15:10:22.900,1.5557,1.55608,1.18,1.35
2012.08.16 15:10:25.817,1.5557,1.55611,1.52,1.30
2012.08.16 15:10:25.932,1.5557,1.55611,1.29,1.30
2012.08.16 15:10:25.993,1.55571,1.55614,1.18,1.30
2012.08.16 15:10:27.932,1.55572,1.55619,1.18,1.90
2012.08.16 15:10:27.993,1.55576,1.55619,1.18,1.15
2012.08.16 15:10:28.108,1.55572,1.55622,1.18,1.30
2012.08.16 15:10:28.418,1.55568,1.55608,1.35,1.30
2012.08.16 15:10:28.532,1.55563,1.55608,1.56,1.53
2012.08.16 15:10:28.591,1.55563,1.55608,1.56,1.53
2012.08.16 15:10:28.762,1.55562,1.55608,2.31,1.53
2012.08.16 15:10:30.047,1.55563,1.55608,1.33,1.53
2012.08.16 15:10:30.600,1.55559,1.55601,1.14,1.35
2012.08.16 15:10:32.358,1.55561,1.55604,1.71,1.90
2012.08.16 15:10:32.471,1.55563,1.55604,1.33,2.10
2012.08.16 15:10:32.585,1.55564,1.55604,1.56,1.73
2012.08.16 15:10:35.210,1.55564,1.55602,1.18,1.13
2012.08.16 15:10:35.543,1.5556,1.55602,1.52,2.28
2012.08.16 15:10:36.087,1.55556,1.556,1.18,1.53
2012.08.16 15:10:36.526,1.55556,1.55598,1.18,1.15
2012.08.16 15:10:36.586,1.55553,1.55595,1.52,1.73
2012.08.16 15:10:37.577,1.55553,1.55594,1.18,1.32
2012.08.16 15:10:39.450,1.55555,1.55596,1.18,1.88
2012.08.16 15:10:39.836,1.55562,1.55606,2.68,1.12
2012.08.16 15:10:39.950,1.55563,1.55606,1.33,1.12
2012.08.16 15:10:40.280,1.55561,1.55604,1.18,2.65
2012.08.16 15:10:40.503,1.55557,1.55597,1.18,1.08
2012.08.16 15:10:40.619,1.55556,1.55597,2.31,1.30
2012.08.16 15:10:42.678,1.55556,1.55601,1.18,1.83
2012.08.16 15:10:42.846,1.55562,1.55606,1.18,1.12
2012.08.16 15:10:43.562,1.55562,1.55602,1.18,1.53
2012.08.16 15:10:44.045,1.55562,1.55596,1.18,1.13
2012.08.16 15:10:44.108,1.55562,1.55596,1.18,1.13
2012.08.16 15:10:44.222,1.55556,1.55594,1.18,1.09
2012.08.16 15:10:44.391,1.55555,1.55594,1.18,1.32
2012.08.16 15:10:45.752,1.55556,1.55596,1.29,1.88
2012.08.16 15:10:45.866,1.55558,1.55599,1.18,2.77
2012.08.16 15:10:48.642,1.55557,1.55595,1.18,1.35
2012.08.16 15:10:48.704,1.55556,1.55595,1.29,1.35
2012.08.16 15:10:48.910,1.55556,1.55595,1.29,1.35
2012.08.16 15:10:49.848,1.55553,1.55595,1.67,2.10
2012.08.16 15:10:50.383,1.55556,1.55595,1.52,1.35
2012.08.16 15:10:51.728,1.55556,1.55595,1.52,1.35
2012.08.16 15:10:52.353,1.55556,1.55595,1.52,1.35
2012.08.16 15:10:52.949,1.55556,1.55594,1.18,1.32
2012.08.16 15:10:53.009,1.55549,1.55587,1.52,1.13
2012.08.16 15:10:53.071,1.55547,1.55586,1.29,1.73
2012.08.16 15:10:53.464,1.55549,1.55586,1.14,1.13
2012.08.16 15:10:53.525,1.5555,1.55589,1.18,1.15
2012.08.16 15:10:54.143,1.5555,1.55589,1.18,1.53
2012.08.16 15:10:54.876,1.55546,1.55589,1.52,2.28
2012.08.16 15:10:55.618,1.55546,1.55589,1.52,2.28
2012.08.16 15:10:56.918,1.55546,1.55589,1.52,1.90
2012.08.16 15:10:57.273,1.55549,1.55586,1.29,1.35
2012.08.16 15:10:57.604,1.55547,1.55588,1.18,1.73
2012.08.16 15:10:58.156,1.55547,1.55589,1.18,2.28
2012.08.16 15:10:59.880,1.55551,1.55589,1.18,1.30
2012.08.16 15:11:00.125,1.55551,1.55589,1.18,1.53
2012.08.16 15:11:02.379,1.55551,1.5559,1.18,1.53
2012.08.16 15:11:02.496,1.55551,1.5559,1.18,1.53
2012.08.16 15:11:03.507,1.55551,1.5559,1.18,1.53
2012.08.16 15:11:03.726,1.55551,1.5559,1.18,1.53
2012.08.16 15:11:03.922,1.55551,1.5559,1.18,1.53
2012.08.16 15:11:04.521,1.55551,1.5559,1.18,1.53
2012.08.16 15:11:04.580,1.55551,1.5559,1.18,1.53
2012.08.16 15:11:05.595,1.55551,1.5559,1.18,1.53
2012.08.16 15:11:10.149,1.55551,1.5559,1.18,1.90
2012.08.16 15:11:10.533,1.55545,1.55586,1.18,1.35
2012.08.16 15:11:12.489,1.55545,1.55586,1.18,1.35
2012.08.16 15:11:13.036,1.55545,1.55586,1.18,1.73
2012.08.16 15:11:15.423,1.55545,1.55586,1.18,1.35
2012.08.16 15:11:16.830,1.55545,1.5559,1.18,2.28
2012.08.16 15:11:16.890,1.5555,1.5559,1.18,2.28
2012.08.16 15:11:17.524,1.5555,1.5559,1.18,2.28
2012.08.16 15:11:18.707,1.5555,1.5559,1.18,2.28
2012.08.16 15:11:20.127,1.5555,1.5559,1.18,2.28
2012.08.16 15:11:23.001,1.5555,1.5559,1.18,2.28
2012.08.16 15:11:25.550,1.5555,1.55589,1.18,1.15
2012.08.16 15:11:26.124,1.5555,1.55589,1.18,1.15
2012.08.16 15:11:26.675,1.5555,1.55589,1.18,1.15
2012.08.16 15:11:28.585,1.55547,1.55588,1.18,1.35
2012.08.16 15:11:29.116,1.55547,1.55588,1.18,1.35
2012.08.16 15:11:29.631,1.5555,1.55589,1.18,1.15
2012.08.16 15:11:34.317,1.55546,1.55589,1.18,1.90
2012.08.16 15:11:34.943,1.55546,1.55589,1.18,1.90
2012.08.16 15:11:35.561,1.55546,1.55589,1.18,1.35
2012.08.16 15:11:38.510,1.55544,1.55586,1.14,1.13
2012.08.16 15:11:38.570,1.55544,1.55586,1.14,1.68
2012.08.16 15:11:39.083,1.55545,1.55586,1.18,1.15
2012.08.16 15:11:40.025,1.55551,1.55587,1.09,1.90
2012.08.16 15:11:40.359,1.55552,1.55591,1.93,1.08
2012.08.16 15:11:40.419,1.55554,1.55596,1.18,1.15
2012.08.16 15:11:42.089,1.55554,1.55595,1.56,1.53
2012.08.16 15:11:42.752,1.55553,1.55595,1.18,1.53
2012.08.16 15:11:42.869,1.55549,1.55596,1.33,2.43
2012.08.16 15:11:43.307,1.55543,1.5559,3.02,1.53
2012.08.16 15:11:43.711,1.55546,1.5559,1.71,1.53
2012.08.16 15:11:44.047,1.55548,1.5559,1.56,1.53
2012.08.16 15:11:44.108,1.55547,1.5559,1.56,1.53
2012.08.16 15:11:44.168,1.55547,1.5559,1.33,1.53
2012.08.16 15:11:44.229,1.55548,1.5559,1.33,1.53
2012.08.16 15:11:44.751,1.55546,1.5559,1.71,1.53
2012.08.16 15:11:45.089,1.55543,1.55583,1.71,1.53
2012.08.16 15:11:45.204,1.55543,1.55581,1.33,1.45
2012.08.16 15:11:45.263,1.55543,1.55583,3.17,1.65
2012.08.16 15:11:45.323,1.55546,1.55585,1.52,1.13
2012.08.16 15:11:45.772,1.55552,1.5559,1.18,1.53
2012.08.16 15:11:48.014,1.55552,1.55589,1.18,1.53
2012.08.16 15:11:48.669,1.55552,1.55588,1.18,1.12
2012.08.16 15:11:49.907,1.55551,1.55589,1.18,1.53
2012.08.16 15:11:49.967,1.55552,1.55589,1.18,1.30
2012.08.16 15:11:50.028,1.55556,1.55594,1.18,1.12
2012.08.16 15:11:51.918,1.55551,1.55593,1.18,1.87
2012.08.16 15:11:52.086,1.5555,1.55589,1.18,1.73
2012.08.16 15:11:52.731,1.55551,1.55591,1.18,1.30
2012.08.16 15:11:52.791,1.55551,1.55592,1.18,1.27
2012.08.16 15:11:53.027,1.55549,1.5559,1.93,1.50
2012.08.16 15:11:53.399,1.55549,1.5559,1.89,1.73
2012.08.16 15:11:55.860,1.55552,1.5559,1.18,1.87
2012.08.16 15:11:58.490,1.55549,1.55589,1.93,1.32
2012.08.16 15:12:00.294,1.55549,1.55589,1.56,1.32
2012.08.16 15:12:00.842,1.55549,1.55589,1.56,1.32
2012.08.16 15:12:03.586,1.55549,1.55589,1.56,1.32
2012.08.16 15:12:03.646,1.55549,1.55589,1.56,1.32
2012.08.16 15:12:03.706,1.55549,1.55584,1.56,1.09
2012.08.16 15:12:04.163,1.55549,1.55588,1.56,1.09
2012.08.16 15:12:04.909,1.55549,1.55588,1.18,1.47
2012.08.16 15:12:05.131,1.55547,1.55587,1.56,1.09
2012.08.16 15:12:05.191,1.55544,1.55583,2.31,1.09
2012.08.16 15:12:05.710,1.5554,1.55583,1.18,1.32
2012.08.16 15:12:05.774,1.55541,1.55584,1.56,1.32
2012.08.16 15:12:06.395,1.55541,1.55583,1.56,1.32
2012.08.16 15:12:07.472,1.55541,1.55584,1.56,1.32
2012.08.16 15:12:07.583,1.55541,1.55583,1.56,1.32
2012.08.16 15:12:08.223,1.5554,1.55585,1.93,1.53
2012.08.16 15:12:08.283,1.5554,1.55585,1.93,1.53
2012.08.16 15:12:09.654,1.5554,1.55585,1.18,1.53
2012.08.16 15:12:09.919,1.5554,1.55585,1.18,1.53
2012.08.16 15:12:10.032,1.5554,1.55585,1.18,1.53
2012.08.16 15:12:10.146,1.5554,1.55585,1.18,1.53
2012.08.16 15:12:11.538,1.5554,1.55585,1.18,1.53
2012.08.16 15:12:11.864,1.5554,1.55585,1.18,1.53
2012.08.16 15:12:15.603,1.5554,1.55584,1.93,1.53
2012.08.16 15:12:21.675,1.55541,1.55584,1.18,2.28
2012.08.16 15:12:22.405,1.55544,1.55579,1.89,1.13
2012.08.16 15:12:22.692,1.55545,1.55583,1.14,1.73
2012.08.16 15:12:22.808,1.55544,1.55585,1.14,1.30
2012.08.16 15:12:22.868,1.55544,1.55586,1.14,1.13
2012.08.16 15:12:22.984,1.55544,1.55585,1.14,1.53
2012.08.16 15:12:23.217,1.55544,1.55583,1.52,1.53
2012.08.16 15:12:23.464,1.55541,1.5558,1.18,1.53
2012.08.16 15:12:23.799,1.55541,1.55579,1.18,1.32
2012.08.16 15:12:23.859,1.55537,1.55577,1.33,1.53
2012.08.16 15:12:25.124,1.5554,1.55577,1.71,1.53
2012.08.16 15:12:25.720,1.5554,1.55579,1.71,1.87
2012.08.16 15:12:25.980,1.55541,1.55579,1.33,1.87
2012.08.16 15:12:26.313,1.55546,1.55584,1.71,1.13
2012.08.16 15:12:26.704,1.55543,1.55586,1.18,1.53
2012.08.16 15:12:26.764,1.55543,1.55584,1.18,1.53
2012.08.16 15:12:26.878,1.55541,1.55584,1.56,1.53
2012.08.16 15:12:27.308,1.55541,1.55584,1.56,1.53
2012.08.16 15:12:27.394,1.55541,1.55584,1.56,1.53
2012.08.16 15:12:30.809,1.55541,1.55584,1.56,1.53
2012.08.16 15:12:31.193,1.55541,1.55584,1.56,1.53
2012.08.16 15:12:32.168,1.55543,1.55584,1.18,1.53
2012.08.16 15:12:32.718,1.55537,1.55582,1.18,1.32
2012.08.16 15:12:32.779,1.55537,1.5558,1.18,1.30
2012.08.16 15:12:33.372,1.55534,1.55575,1.18,1.53
2012.08.16 15:12:33.439,1.55534,1.55578,1.18,1.53
2012.08.16 15:12:33.985,1.55532,1.55577,1.56,1.53
2012.08.16 15:12:34.536,1.55532,1.55578,1.56,1.53
2012.08.16 15:12:35.082,1.55538,1.55578,1.93,1.53
2012.08.16 15:12:35.307,1.55533,1.55574,1.56,1.53
2012.08.16 15:12:35.367,1.55533,1.55578,1.56,1.53
2012.08.16 15:12:35.700,1.55531,1.55578,1.93,1.53
2012.08.16 15:12:35.761,1.55531,1.55578,1.93,1.53
2012.08.16 15:12:35.875,1.55534,1.55578,1.18,1.53
2012.08.16 15:12:35.935,1.55534,1.55578,1.18,1.53
2012.08.16 15:12:36.519,1.55537,1.55578,1.18,1.53
2012.08.16 15:12:36.751,1.55535,1.55579,1.18,1.53
2012.08.16 15:12:37.209,1.55535,1.55579,1.18,1.53
2012.08.16 15:12:37.558,1.55537,1.55581,1.18,1.53
2012.08.16 15:12:37.727,1.55537,1.5558,1.18,1.53
2012.08.16 15:12:37.842,1.55535,1.55578,1.18,1.53
2012.08.16 15:12:38.120,1.55535,1.55578,1.18,1.53
2012.08.16 15:12:38.399,1.55537,1.55578,1.18,1.53
2012.08.16 15:12:39.715,1.5554,1.55578,1.18,1.53
2012.08.16 15:12:40.259,1.55535,1.55576,1.56,1.68
2012.08.16 15:12:40.592,1.55535,1.55576,1.56,1.68
2012.08.16 15:12:40.805,1.55535,1.55575,1.56,1.53
2012.08.16 15:12:41.064,1.55535,1.55575,1.56,1.53
2012.08.16 15:12:41.179,1.55535,1.55575,1.56,1.53
2012.08.16 15:12:41.515,1.55535,1.55576,1.56,1.53
2012.08.16 15:12:42.133,1.55534,1.55571,1.18,1.09
2012.08.16 15:12:42.608,1.55531,1.55571,1.18,1.47
2012.08.16 15:12:42.675,1.55529,1.55571,1.18,1.84
2012.08.16 15:12:44.680,1.55529,1.55571,1.56,1.47
2012.08.16 15:12:45.640,1.55529,1.55571,1.56,1.47
2012.08.16 15:12:46.350,1.55529,1.55571,1.56,1.47
2012.08.16 15:12:47.000,1.55531,1.55571,1.18,1.47
2012.08.16 15:12:48.361,1.55534,1.55573,2.04,1.68
2012.08.16 15:12:48.476,1.55534,1.55574,2.27,1.65
2012.08.16 15:12:48.645,1.55543,1.55579,1.13,1.53
2012.08.16 15:12:48.760,1.55535,1.55577,1.52,2.10
2012.08.16 15:12:48.820,1.55535,1.55577,1.52,2.10
2012.08.16 15:12:48.879,1.55535,1.55576,1.52,1.13
2012.08.16 15:12:48.939,1.55534,1.55576,3.77,1.13
2012.08.16 15:12:49.052,1.55534,1.55576,3.77,1.13
2012.08.16 15:12:54.713,1.55534,1.55575,1.93,1.09
2012.08.16 15:12:54.772,1.55534,1.55575,1.93,1.09
2012.08.16 15:12:54.993,1.55534,1.55575,1.93,1.09
2012.08.16 15:12:55.162,1.55531,1.55571,1.93,1.53
2012.08.16 15:12:55.710,1.55531,1.55573,1.56,1.53
2012.08.16 15:13:03.512,1.55533,1.55573,1.71,1.53
2012.08.16 15:13:03.572,1.55534,1.55578,1.56,1.87
2012.08.16 15:13:03.799,1.55533,1.55574,2.46,1.53
2012.08.16 15:13:03.915,1.55534,1.55571,1.71,1.53
2012.08.16 15:13:04.450,1.55532,1.55573,2.08,1.53
2012.08.16 15:13:06.590,1.55527,1.55566,1.18,1.88
2012.08.16 15:13:06.652,1.55527,1.55564,1.18,1.30
2012.08.16 15:13:06.712,1.55527,1.55563,1.18,1.30
2012.08.16 15:13:06.826,1.5552,1.55563,1.14,1.53
2012.08.16 15:13:07.239,1.55519,1.55561,3.21,1.09
2012.08.16 15:13:08.092,1.55519,1.55561,3.06,1.09
2012.08.16 15:13:10.972,1.55521,1.55564,1.52,1.53
2012.08.16 15:13:11.086,1.5552,1.55564,1.89,1.53
2012.08.16 15:13:11.170,1.55522,1.55564,1.52,1.53
2012.08.16 15:13:11.599,1.5552,1.55562,1.56,1.32
2012.08.16 15:13:12.741,1.55522,1.55563,1.56,1.32
2012.08.16 15:13:13.181,1.55522,1.55562,1.56,1.32
2012.08.16 15:13:15.073,1.55528,1.55564,1.33,1.32
2012.08.16 15:13:15.470,1.55528,1.55567,1.56,2.39
2012.08.16 15:13:15.531,1.55529,1.55572,1.18,1.53
2012.08.16 15:13:15.753,1.55532,1.55574,1.93,1.53
2012.08.16 15:13:15.875,1.55532,1.55574,1.93,1.53
2012.08.16 15:13:17.491,1.55529,1.55572,1.56,1.53
2012.08.16 15:13:18.764,1.55529,1.55572,1.56,1.53
2012.08.16 15:13:20.210,1.55529,1.55572,1.14,1.53
2012.08.16 15:13:20.271,1.55533,1.55577,1.33,1.73
2012.08.16 15:13:20.330,1.55533,1.55577,1.56,1.73
2012.08.16 15:13:20.500,1.55533,1.55574,1.18,1.30
2012.08.16 15:13:20.722,1.55532,1.55573,1.71,1.53
2012.08.16 15:13:21.971,1.55532,1.55573,1.93,1.53
2012.08.16 15:13:23.300,1.55526,1.55573,1.93,1.49
2012.08.16 15:13:24.491,1.55526,1.55573,1.93,1.49
2012.08.16 15:13:25.076,1.55526,1.55573,1.93,1.49
2012.08.16 15:13:25.598,1.55526,1.55574,1.93,1.87
2012.08.16 15:13:26.805,1.55526,1.55574,2.31,1.87
2012.08.16 15:13:27.664,1.55529,1.55574,1.18,1.53
2012.08.16 15:13:27.734,1.55537,1.55578,1.18,1.35
2012.08.16 15:13:28.136,1.55537,1.55578,1.52,1.13
2012.08.16 15:13:29.252,1.55531,1.55578,2.68,1.47
2012.08.16 15:13:29.583,1.55531,1.55578,1.18,1.69
2012.08.16 15:13:29.642,1.55531,1.55576,1.18,1.53
2012.08.16 15:13:29.703,1.55531,1.55574,1.18,1.53
2012.08.16 15:13:32.029,1.55534,1.55574,2.27,1.30
2012.08.16 15:13:32.092,1.55537,1.55579,1.52,1.53
2012.08.16 15:13:32.546,1.55537,1.55578,1.52,1.13
2012.08.16 15:13:33.333,1.55537,1.55578,1.52,1.13
2012.08.16 15:13:35.516,1.55537,1.55578,1.52,1.13
2012.08.16 15:13:36.578,1.55541,1.5558,2.31,1.35
2012.08.16 15:13:36.638,1.55541,1.5558,2.31,1.13
2012.08.16 15:13:36.859,1.55537,1.5558,1.52,2.10
2012.08.16 15:13:41.411,1.55537,1.55578,1.18,1.09
2012.08.16 15:13:41.838,1.55535,1.55576,1.18,1.09
2012.08.16 15:13:43.464,1.55535,1.55576,1.18,1.09
2012.08.16 15:13:43.579,1.55529,1.55574,2.31,1.53
2012.08.16 15:13:43.638,1.55529,1.55574,1.18,3.37
2012.08.16 15:13:43.752,1.55528,1.55569,2.46,1.12
2012.08.16 15:13:44.556,1.55521,1.55564,1.18,1.32
2012.08.16 15:13:44.776,1.55519,1.55562,1.18,1.32
2012.08.16 15:13:54.121,1.55522,1.55563,1.18,1.64
2012.08.16 15:13:55.053,1.55522,1.55563,1.18,1.30
2012.08.16 15:13:55.601,1.55522,1.55563,1.18,1.30
2012.08.16 15:13:56.752,1.55526,1.55566,1.56,1.35
2012.08.16 15:13:57.111,1.55526,1.55568,2.31,2.02
2012.08.16 15:13:57.448,1.55529,1.55567,1.18,1.09
2012.08.16 15:13:58.860,1.55529,1.55569,1.56,1.87
2012.08.16 15:13:59.284,1.55529,1.55567,1.56,1.09
2012.08.16 15:13:59.626,1.55529,1.55569,1.56,1.87
2012.08.16 15:13:59.739,1.55529,1.55567,1.56,1.09
2012.08.16 15:14:00.318,1.55529,1.55568,1.56,1.04
2012.08.16 15:14:00.507,1.55529,1.55569,1.18,1.24
2012.08.16 15:14:00.874,1.55529,1.55567,2.31,1.09
2012.08.16 15:14:01.151,1.55535,1.55569,1.56,1.09
2012.08.16 15:14:01.212,1.55535,1.55574,1.56,1.32
2012.08.16 15:14:01.381,1.55538,1.55574,1.56,1.09
2012.08.16 15:14:04.137,1.55541,1.55574,1.93,1.09
2012.08.16 15:14:04.469,1.5554,1.55574,1.56,1.09
2012.08.16 15:14:04.530,1.55544,1.55583,1.29,1.73
2012.08.16 15:14:04.699,1.55544,1.55581,1.18,1.09
2012.08.16 15:14:05.030,1.55544,1.55581,1.33,1.69
2012.08.16 15:14:05.090,1.55541,1.55577,1.18,1.50
2012.08.16 15:14:05.639,1.55541,1.55575,1.18,1.09
2012.08.16 15:14:06.392,1.55541,1.55577,1.18,1.50
2012.08.16 15:14:07.925,1.55538,1.55578,1.18,1.45
2012.08.16 15:14:07.985,1.55538,1.55577,1.18,1.65
2012.08.16 15:14:08.044,1.55538,1.55577,1.18,1.50
2012.08.16 15:14:08.158,1.55538,1.55577,1.18,1.50
2012.08.16 15:14:08.595,1.55537,1.55578,1.89,2.05
2012.08.16 15:14:09.581,1.55537,1.55578,1.89,2.05
2012.08.16 15:14:10.033,1.55537,1.55578,1.89,1.30
2012.08.16 15:14:10.135,1.55537,1.55578,1.89,2.05
2012.08.16 15:14:11.025,1.55537,1.55578,1.89,2.20
2012.08.16 15:14:11.113,1.55537,1.55578,1.89,2.20
2012.08.16 15:14:11.454,1.55537,1.55578,1.89,2.20
2012.08.16 15:14:11.660,1.55537,1.55578,1.89,2.20
2012.08.16 15:14:12.249,1.55537,1.55578,2.64,2.20
2012.08.16 15:14:12.474,1.55537,1.55578,2.64,2.05
2012.08.16 15:14:12.586,1.55537,1.55578,1.89,2.05
2012.08.16 15:14:13.363,1.55537,1.55578,2.64,2.05
2012.08.16 15:14:13.631,1.55537,1.55578,1.89,2.05
2012.08.16 15:14:14.264,1.55537,1.55578,1.89,1.30
2012.08.16 15:14:20.523,1.55537,1.55578,1.56,1.09
2012.08.16 15:14:22.084,1.55537,1.55574,1.56,1.32
2012.08.16 15:14:22.233,1.55537,1.55574,1.56,1.32
2012.08.16 15:14:22.763,1.55537,1.55578,1.89,1.30
2012.08.16 15:14:29.640,1.55537,1.55579,1.89,1.73
2012.08.16 15:14:29.864,1.55546,1.55587,1.18,1.64
2012.08.16 15:14:29.924,1.55546,1.55585,1.18,1.84
2012.08.16 15:14:30.095,1.5554,1.55578,1.18,1.50
2012.08.16 15:14:30.208,1.5554,1.55578,1.18,1.50
2012.08.16 15:14:30.323,1.55541,1.55582,1.18,1.27
2012.08.16 15:14:31.660,1.55546,1.55587,1.18,1.45
2012.08.16 15:14:32.297,1.55541,1.55584,1.18,1.68
2012.08.16 15:14:32.812,1.55541,1.55583,1.93,2.02
2012.08.16 15:14:32.925,1.55541,1.55582,1.18,1.68
2012.08.16 15:14:36.643,1.55541,1.55582,1.52,1.43
2012.08.16 15:14:36.787,1.55546,1.55586,1.18,2.39
2012.08.16 15:14:36.900,1.55544,1.55584,1.93,1.30
2012.08.16 15:14:37.070,1.55541,1.55577,1.18,1.84
2012.08.16 15:14:37.129,1.55541,1.55577,1.18,1.84
2012.08.16 15:14:37.242,1.55541,1.55577,1.18,1.09
2012.08.16 15:14:37.355,1.5554,1.55578,1.18,1.09
2012.08.16 15:14:38.046,1.5554,1.55581,1.18,1.09
2012.08.16 15:14:39.189,1.55544,1.55581,1.56,1.02
2012.08.16 15:14:39.358,1.55546,1.55585,1.18,1.30
2012.08.16 15:14:39.691,1.55544,1.55584,1.18,1.53
2012.08.16 15:14:40.407,1.55541,1.55584,2.31,2.28
2012.08.16 15:14:41.202,1.55541,1.55583,1.93,1.13
2012.08.16 15:14:41.316,1.55541,1.55581,1.18,1.13
2012.08.16 15:14:41.377,1.55541,1.55578,1.18,1.84
2012.08.16 15:14:41.437,1.55541,1.55578,1.18,1.84
2012.08.16 15:14:41.906,1.55541,1.55577,1.18,1.50
2012.08.16 15:14:42.128,1.55538,1.55575,1.56,1.32
2012.08.16 15:14:42.688,1.55538,1.55575,1.56,1.32
2012.08.16 15:14:43.241,1.55541,1.55577,1.18,1.50
2012.08.16 15:14:43.517,1.55541,1.55578,1.18,1.09
2012.08.16 15:14:43.577,1.55541,1.55578,1.18,1.09
2012.08.16 15:14:44.201,1.55541,1.55579,1.18,1.09
2012.08.16 15:14:47.185,1.55541,1.55579,1.18,1.09
2012.08.16 15:14:49.389,1.55541,1.55581,1.89,1.35
2012.08.16 15:14:49.450,1.55545,1.55582,1.18,1.15
2012.08.16 15:14:49.619,1.55544,1.55583,1.33,2.28
2012.08.16 15:14:50.436,1.55544,1.55583,1.33,1.53
2012.08.16 15:14:50.503,1.55546,1.55584,1.71,1.12
2012.08.16 15:14:51.063,1.55546,1.55584,2.46,1.12
2012.08.16 15:14:51.770,1.55546,1.55584,2.46,1.12
2012.08.16 15:14:53.357,1.55546,1.55584,1.71,1.87
2012.08.16 15:14:54.079,1.55546,1.55584,1.71,1.87
2012.08.16 15:14:55.357,1.55546,1.55584,1.33,1.87
2012.08.16 15:14:55.865,1.55544,1.55584,1.18,1.87
2012.08.16 15:14:57.301,1.55546,1.55584,1.71,1.87
2012.08.16 15:14:58.182,1.55546,1.55584,2.08,1.12
2012.08.16 15:15:00.320,1.55547,1.55584,1.33,1.87
2012.08.16 15:15:00.826,1.55545,1.55584,1.18,1.87
2012.08.16 15:15:02.039,1.55546,1.55584,1.33,1.87
2012.08.16 15:15:02.718,1.55546,1.55584,1.33,1.87
2012.08.16 15:15:03.571,1.55547,1.55584,1.33,1.87
2012.08.16 15:15:04.120,1.55547,1.55584,1.33,1.12
2012.08.16 15:15:05.610,1.55546,1.55584,1.33,2.77
2012.08.16 15:15:06.115,1.55546,1.55584,1.71,2.77
2012.08.16 15:15:06.645,1.55546,1.55584,1.71,2.77
2012.08.16 15:15:07.438,1.55546,1.55584,1.33,2.77
2012.08.16 15:15:07.771,1.55546,1.55584,1.71,2.77
2012.08.16 15:15:09.040,1.55546,1.55583,1.33,1.13
2012.08.16 15:15:09.154,1.55546,1.55583,1.71,1.13
2012.08.16 15:15:09.854,1.55546,1.55583,1.71,1.13
2012.08.16 15:15:10.368,1.55546,1.55581,1.33,1.13
2012.08.16 15:15:13.256,1.55544,1.55584,1.33,2.28
2012.08.16 15:15:13.769,1.55547,1.55584,1.71,1.53
2012.08.16 15:15:14.329,1.55547,1.55584,1.71,1.53
2012.08.16 15:15:17.729,1.55543,1.55581,2.08,1.53
2012.08.16 15:15:18.507,1.5554,1.55578,1.71,1.73
2012.08.16 15:15:18.891,1.55539,1.55578,1.56,1.53
2012.08.16 15:15:19.110,1.55541,1.55578,1.33,1.53
2012.08.16 15:15:19.438,1.55539,1.55579,1.56,1.53
2012.08.16 15:15:19.959,1.55539,1.55578,1.18,1.53
2012.08.16 15:15:21.079,1.55539,1.55576,1.18,1.30
2012.08.16 15:15:21.299,1.55535,1.5557,1.73,1.30
2012.08.16 15:15:21.742,1.55535,1.55573,1.73,1.30
2012.08.16 15:15:21.854,1.55535,1.55573,1.73,1.30
2012.08.16 15:15:22.075,1.55535,1.55571,1.73,1.30
2012.08.16 15:15:22.977,1.55538,1.55575,1.18,1.30
2012.08.16 15:15:23.089,1.55537,1.55573,1.73,1.30
2012.08.16 15:15:23.937,1.55537,1.55573,1.73,1.30
2012.08.16 15:15:24.156,1.55535,1.55575,1.56,1.30
2012.08.16 15:15:24.268,1.55535,1.55573,1.35,1.30
2012.08.16 15:15:25.473,1.55535,1.55571,1.35,1.30
2012.08.16 15:15:25.978,1.55538,1.55578,2.10,1.53
2012.08.16 15:15:26.036,1.55542,1.55579,1.18,2.05
2012.08.16 15:15:26.344,1.55542,1.55579,1.18,1.53
2012.08.16 15:15:27.288,1.5554,1.55584,1.93,1.53
2012.08.16 15:15:27.811,1.55542,1.55584,1.18,1.53
2012.08.16 15:15:28.602,1.5554,1.55579,1.93,1.53
2012.08.16 15:15:29.621,1.5554,1.55579,1.93,1.53
2012.08.16 15:15:29.686,1.5554,1.55576,1.50,1.53
2012.08.16 15:15:29.909,1.55541,1.55583,1.50,1.90
2012.08.16 15:15:30.242,1.55541,1.55579,1.18,1.53
2012.08.16 15:15:30.785,1.55541,1.55579,1.18,1.53
2012.08.16 15:15:31.349,1.55541,1.55583,1.18,1.53
2012.08.16 15:15:31.851,1.55541,1.55579,1.18,1.53
2012.08.16 15:15:32.602,1.55541,1.55579,1.18,1.53
2012.08.16 15:15:33.932,1.55541,1.55579,1.18,1.53
2012.08.16 15:15:34.614,1.55542,1.55579,1.13,1.53
2012.08.16 15:15:34.947,1.55546,1.55581,1.50,1.53
2012.08.16 15:15:35.064,1.55542,1.55581,1.18,1.53
2012.08.16 15:15:35.124,1.55542,1.55581,1.18,1.53
2012.08.16 15:15:35.184,1.55542,1.55584,1.18,1.53
2012.08.16 15:15:35.244,1.55542,1.55584,1.18,1.53
2012.08.16 15:15:35.412,1.55545,1.55589,1.18,1.53
2012.08.16 15:15:35.526,1.5555,1.55589,1.56,1.53
2012.08.16 15:15:35.755,1.5555,1.55589,1.56,1.53
2012.08.16 15:15:36.238,1.55546,1.55585,1.93,1.53
2012.08.16 15:15:39.100,1.55541,1.55584,1.18,1.53
2012.08.16 15:15:39.664,1.55541,1.55584,1.18,1.53
2012.08.16 15:15:42.430,1.55541,1.55582,1.18,1.30
2012.08.16 15:15:42.829,1.5554,1.55579,1.50,1.53
2012.08.16 15:15:43.185,1.55541,1.55584,1.56,1.53
2012.08.16 15:15:43.299,1.55542,1.55588,1.56,1.53
2012.08.16 15:15:45.894,1.55544,1.55583,2.31,1.53
2012.08.16 15:15:46.213,1.55549,1.55588,1.56,1.30
2012.08.16 15:15:47.824,1.55547,1.55588,2.68,1.68
2012.08.16 15:15:48.161,1.55543,1.55581,1.93,1.30
2012.08.16 15:15:49.266,1.55543,1.55581,1.56,1.30
2012.08.16 15:15:50.035,1.55544,1.55581,1.18,1.30
2012.08.16 15:15:50.150,1.55544,1.55584,1.56,1.32
2012.08.16 15:15:50.672,1.55544,1.55584,1.56,1.09
2012.08.16 15:15:52.083,1.55544,1.55585,3.43,1.53
2012.08.16 15:15:52.546,1.55544,1.55585,3.43,1.53
2012.08.16 15:15:53.985,1.55546,1.55589,1.93,1.53
2012.08.16 15:15:54.622,1.55552,1.55594,1.56,1.64
2012.08.16 15:15:55.138,1.55552,1.55592,1.56,1.30
2012.08.16 15:15:55.302,1.55552,1.55592,1.56,1.53
2012.08.16 15:15:55.416,1.55552,1.55592,1.56,1.30
2012.08.16 15:15:55.748,1.55555,1.55592,1.35,1.30
2012.08.16 15:15:56.121,1.55555,1.55594,1.35,1.64
2012.08.16 15:15:57.176,1.55555,1.55594,1.35,1.64
2012.08.16 15:15:57.292,1.55549,1.5559,1.93,1.30
2012.08.16 15:15:59.892,1.55549,1.55589,1.18,1.13
2012.08.16 15:16:00.170,1.55543,1.55588,1.56,1.53
2012.08.16 15:16:00.685,1.55544,1.55588,1.56,1.53
2012.08.16 15:16:02.993,1.55547,1.55592,1.18,1.79
2012.08.16 15:16:04.320,1.55544,1.55589,1.56,1.53
2012.08.16 15:16:04.434,1.55542,1.55589,1.18,1.53
2012.08.16 15:16:04.493,1.55541,1.55589,1.93,1.53
2012.08.16 15:16:07.122,1.55542,1.55585,1.33,1.53
2012.08.16 15:16:07.773,1.55541,1.55583,1.18,1.90
2012.08.16 15:16:07.833,1.55541,1.55582,1.18,1.15
2012.08.16 15:16:07.893,1.55541,1.55582,1.18,1.15
2012.08.16 15:16:11.625,1.55541,1.55584,1.18,1.53
2012.08.16 15:16:11.957,1.5554,1.55578,1.50,1.53
2012.08.16 15:16:12.136,1.55541,1.55583,1.56,1.53
2012.08.16 15:16:15.450,1.55547,1.55589,1.33,1.53
2012.08.16 15:16:15.673,1.5555,1.55591,1.93,1.15
2012.08.16 15:16:16.461,1.55552,1.55593,1.18,1.53
2012.08.16 15:16:16.793,1.55556,1.55593,1.71,1.53
2012.08.16 15:16:16.907,1.55556,1.55594,1.71,1.53
2012.08.16 15:16:16.967,1.55559,1.55594,1.13,1.53
2012.08.16 15:16:17.529,1.55564,1.55596,1.50,1.88
2012.08.16 15:16:17.596,1.55556,1.55595,1.33,1.73
2012.08.16 15:16:17.655,1.55556,1.55595,1.56,1.50
2012.08.16 15:16:17.716,1.5556,1.55596,1.18,1.35
2012.08.16 15:16:18.048,1.55563,1.55595,1.13,1.87
2012.08.16 15:16:18.419,1.55556,1.55595,1.33,2.62
2012.08.16 15:16:18.985,1.55551,1.55594,1.56,1.53
2012.08.16 15:16:19.523,1.55551,1.55592,1.18,1.35
2012.08.16 15:16:20.045,1.55549,1.5559,1.18,1.50
2012.08.16 15:16:22.458,1.55555,1.55594,1.18,1.53
2012.08.16 15:16:22.804,1.55552,1.5559,1.93,1.30
2012.08.16 15:16:22.918,1.55552,1.5559,1.71,1.53
2012.08.16 15:16:22.979,1.55552,1.5559,1.71,1.53
2012.08.16 15:16:23.497,1.55552,1.5559,1.33,1.53
2012.08.16 15:16:24.449,1.55551,1.5559,1.18,1.53
2012.08.16 15:16:24.510,1.55549,1.55588,1.56,1.53
2012.08.16 15:16:24.839,1.55547,1.55588,1.71,1.53
2012.08.16 15:16:25.393,1.55547,1.55586,1.71,1.53
2012.08.16 15:16:25.924,1.55547,1.55586,1.71,1.53
2012.08.16 15:16:27.632,1.55549,1.55588,1.33,1.53
2012.08.16 15:16:27.811,1.55549,1.55588,1.33,1.53
2012.08.16 15:16:27.925,1.55548,1.55594,1.93,1.68
2012.08.16 15:16:28.348,1.55549,1.55589,1.93,1.53
2012.08.16 15:16:28.928,1.55549,1.55589,1.93,1.53
2012.08.16 15:16:29.266,1.55546,1.55588,1.71,1.53
2012.08.16 15:16:29.327,1.55543,1.55584,1.56,1.53
2012.08.16 15:16:29.387,1.55543,1.55588,1.56,1.53
2012.08.16 15:16:29.609,1.5555,1.55588,1.56,1.53
2012.08.16 15:16:29.894,1.55549,1.55588,1.56,1.53
2012.08.16 15:16:30.009,1.55549,1.55588,1.33,1.53
2012.08.16 15:16:30.230,1.55547,1.55586,1.18,1.53
2012.08.16 15:16:30.345,1.55548,1.55588,1.18,1.53
2012.08.16 15:16:30.406,1.55548,1.55588,1.18,1.53
2012.08.16 15:16:30.576,1.55547,1.55588,1.18,1.53
2012.08.16 15:16:32.060,1.55548,1.55588,1.56,1.53
2012.08.16 15:16:33.570,1.5555,1.55593,1.18,1.68
2012.08.16 15:16:34.893,1.5555,1.55593,1.56,1.68
2012.08.16 15:16:37.940,1.55551,1.55591,1.18,1.13
2012.08.16 15:16:38.058,1.55551,1.55592,1.18,1.13
2012.08.16 15:16:39.655,1.55551,1.55593,1.18,1.68
2012.08.16 15:16:40.178,1.5555,1.55592,1.93,1.13
2012.08.16 15:16:40.976,1.5555,1.55593,1.93,1.68
2012.08.16 15:16:41.522,1.5555,1.55593,1.93,1.68
2012.08.16 15:16:42.393,1.55551,1.55593,1.18,1.68
2012.08.16 15:16:42.476,1.55551,1.55593,1.18,1.68
2012.08.16 15:16:42.816,1.5555,1.55593,1.93,1.68
2012.08.16 15:16:43.152,1.55551,1.55593,1.18,1.68
2012.08.16 15:16:43.374,1.5555,1.55593,1.56,1.68
2012.08.16 15:16:44.075,1.5555,1.55593,1.56,1.68
2012.08.16 15:16:44.586,1.55549,1.55593,2.31,1.68
2012.08.16 15:16:44.752,1.55551,1.55593,1.18,1.68
2012.08.16 15:16:44.956,1.55551,1.55593,1.18,1.68
2012.08.16 15:16:45.147,1.55551,1.55593,1.18,1.68
2012.08.16 15:16:45.261,1.55549,1.55593,1.93,1.68
2012.08.16 15:16:45.374,1.55547,1.5559,1.18,1.15
2012.08.16 15:16:45.488,1.55549,1.55583,1.56,1.09
2012.08.16 15:16:45.820,1.55547,1.55585,1.33,1.12
2012.08.16 15:16:45.881,1.55553,1.55585,1.13,1.12
2012.08.16 15:16:46.104,1.5555,1.55589,1.35,1.53
2012.08.16 15:16:46.164,1.55552,1.5559,1.56,1.35
2012.08.16 15:16:46.224,1.55552,1.55591,1.56,1.15
2012.08.16 15:16:46.573,1.55558,1.55593,1.56,1.47
2012.08.16 15:16:47.178,1.55558,1.55596,1.56,1.42
2012.08.16 15:16:48.807,1.55559,1.55596,1.56,1.42
2012.08.16 15:16:49.046,1.55558,1.55596,1.56,1.42
2012.08.16 15:16:49.281,1.55559,1.55596,1.18,1.42
2012.08.16 15:16:49.896,1.55559,1.55594,1.93,1.09
2012.08.16 15:16:50.228,1.55557,1.55595,1.56,1.27
2012.08.16 15:16:50.342,1.55559,1.55597,1.18,1.64
2012.08.16 15:16:51.180,1.55555,1.55597,2.10,1.64
2012.08.16 15:16:51.403,1.5555,1.55588,1.93,1.35
2012.08.16 15:16:51.949,1.5555,1.55588,1.18,1.35
2012.08.16 15:16:55.603,1.5555,1.55586,1.56,1.35
2012.08.16 15:16:55.665,1.55552,1.55589,1.71,2.28
2012.08.16 15:16:56.257,1.55553,1.55589,1.13,1.53
2012.08.16 15:16:56.482,1.55552,1.55589,1.13,1.53
2012.08.16 15:16:56.704,1.5555,1.55589,1.93,2.28
2012.08.16 15:16:57.723,1.55551,1.55589,1.71,2.05
2012.08.16 15:17:01.182,1.55552,1.55589,1.50,1.68
2012.08.16 15:17:01.297,1.55553,1.5559,1.13,1.30
2012.08.16 15:17:01.411,1.55553,1.5559,1.35,1.08
2012.08.16 15:17:01.936,1.55553,1.5559,1.35,1.08
2012.08.16 15:17:02.205,1.55553,1.55591,1.35,1.15
2012.08.16 15:17:02.761,1.55553,1.55591,1.35,1.08
2012.08.16 15:17:03.911,1.55553,1.55591,1.35,1.15
2012.08.16 15:17:05.252,1.55553,1.55591,1.35,1.15
2012.08.16 15:17:05.805,1.55553,1.55591,1.35,1.15
2012.08.16 15:17:07.119,1.55553,1.55591,1.35,1.15
2012.08.16 15:17:07.648,1.55553,1.55591,1.35,1.15
2012.08.16 15:17:08.012,1.55552,1.5559,1.73,1.27
2012.08.16 15:17:08.127,1.55548,1.55588,1.33,1.32
2012.08.16 15:17:08.240,1.55548,1.55588,2.31,1.09
2012.08.16 15:17:11.980,1.55551,1.55589,1.35,1.64
2012.08.16 15:17:12.095,1.55546,1.55586,2.68,1.15
2012.08.16 15:17:14.880,1.55546,1.55586,1.93,1.53
2012.08.16 15:17:15.102,1.55546,1.55586,2.68,1.45
2012.08.16 15:17:21.480,1.55546,1.55586,1.71,1.53
2012.08.16 15:17:21.999,1.55546,1.55584,1.50,1.53
2012.08.16 15:17:22.732,1.5554,1.55578,1.18,1.30
2012.08.16 15:17:23.046,1.55538,1.55578,2.83,1.53
2012.08.16 15:17:30.469,1.55538,1.5558,2.83,1.53
2012.08.16 15:17:30.530,1.5554,1.55583,1.18,1.68
2012.08.16 15:17:37.125,1.55541,1.55585,1.18,1.30
2012.08.16 15:17:38.781,1.55541,1.55585,1.18,1.30
2012.08.16 15:17:39.780,1.5554,1.55579,1.18,1.32
2012.08.16 15:17:40.115,1.55542,1.55582,1.18,1.08
2012.08.16 15:17:41.214,1.55538,1.55578,2.10,1.15
2012.08.16 15:17:41.570,1.55541,1.55581,1.18,1.90
2012.08.16 15:17:43.013,1.55539,1.55578,2.10,1.30
2012.08.16 15:17:43.292,1.55542,1.55581,1.18,1.08
2012.08.16 15:17:47.483,1.55542,1.55583,1.18,1.53
2012.08.16 15:17:47.597,1.55543,1.55585,1.18,1.30
2012.08.16 15:17:48.717,1.5554,1.55584,1.56,1.09
2012.08.16 15:17:48.777,1.5554,1.55584,1.18,1.32
2012.08.16 15:17:48.836,1.5554,1.55583,1.18,1.12
2012.08.16 15:17:49.372,1.55541,1.55583,1.18,1.12
2012.08.16 15:17:49.818,1.55546,1.55586,1.18,1.42
2012.08.16 15:17:50.368,1.55546,1.55586,1.18,2.54
2012.08.16 15:17:50.928,1.55546,1.55586,1.18,1.64
2012.08.16 15:17:51.399,1.55542,1.55585,1.33,1.12
2012.08.16 15:17:51.462,1.55541,1.55584,1.18,1.87
2012.08.16 15:17:52.248,1.55541,1.55581,1.18,2.28
2012.08.16 15:17:52.361,1.55541,1.55581,1.18,1.53
2012.08.16 15:17:52.585,1.55541,1.5558,1.18,1.30
2012.08.16 15:17:54.743,1.55543,1.5558,1.18,1.30
2012.08.16 15:17:54.807,1.55541,1.5558,1.18,1.30
2012.08.16 15:17:55.092,1.55537,1.5558,1.18,1.30
2012.08.16 15:17:55.151,1.55536,1.5558,1.18,1.53
2012.08.16 15:18:00.199,1.55536,1.5558,1.18,1.90
2012.08.16 15:18:03.145,1.55536,1.5558,1.18,1.90
2012.08.16 15:18:05.548,1.55537,1.5558,1.33,1.53
2012.08.16 15:18:05.878,1.55532,1.55573,1.18,1.30
2012.08.16 15:18:06.047,1.55531,1.55578,2.31,1.53
2012.08.16 15:18:06.162,1.55532,1.55578,1.56,1.53
2012.08.16 15:18:06.278,1.55532,1.55578,1.56,1.53
2012.08.16 15:18:06.445,1.55532,1.55578,1.56,1.53
2012.08.16 15:18:06.505,1.55532,1.55578,1.33,1.53
2012.08.16 15:18:14.175,1.55529,1.55573,1.93,1.30
2012.08.16 15:18:14.581,1.55537,1.55577,1.18,1.87
2012.08.16 15:18:14.995,1.55532,1.55577,1.56,1.87
2012.08.16 15:18:15.055,1.55532,1.55577,1.56,1.87
2012.08.16 15:18:22.137,1.55532,1.55576,1.93,1.83
2012.08.16 15:18:22.249,1.55534,1.55576,1.35,1.60
2012.08.16 15:18:22.308,1.55539,1.55577,1.18,2.58
2012.08.16 15:18:26.826,1.55537,1.55577,1.18,2.20
2012.08.16 15:18:27.305,1.55539,1.55577,1.18,2.20
2012.08.16 15:18:27.637,1.55541,1.55581,1.18,2.73
2012.08.16 15:18:28.301,1.55541,1.55581,1.18,1.98
2012.08.16 15:18:29.901,1.55541,1.55581,1.18,2.73
2012.08.16 15:18:31.312,1.55541,1.55581,1.18,1.98
2012.08.16 15:18:32.121,1.55543,1.55581,1.73,1.23
2012.08.16 15:18:32.452,1.55546,1.5558,1.50,1.08
2012.08.16 15:18:32.943,1.55546,1.55582,2.25,1.12
2012.08.16 15:18:33.008,1.55554,1.55592,1.18,1.19
2012.08.16 15:18:33.391,1.55552,1.55592,2.31,1.19
2012.08.16 15:18:34.007,1.55554,1.55592,1.18,1.19
2012.08.16 15:18:34.337,1.55552,1.55591,1.18,1.60
2012.08.16 15:18:34.677,1.55552,1.55592,1.18,1.57
2012.08.16 15:18:34.844,1.55552,1.55591,1.18,1.23
2012.08.16 15:18:34.904,1.55553,1.55592,1.18,1.57
2012.08.16 15:18:35.555,1.55553,1.55592,1.56,1.19
2012.08.16 15:18:35.615,1.55553,1.55592,1.56,1.19
2012.08.16 15:18:35.744,1.55553,1.55592,2.31,1.19
2012.08.16 15:18:35.803,1.55553,1.55592,1.56,1.19
2012.08.16 15:18:36.692,1.55553,1.55592,2.31,1.19
2012.08.16 15:18:36.967,1.55553,1.55593,2.31,1.08
2012.08.16 15:18:37.579,1.55556,1.55596,1.18,1.23
2012.08.16 15:18:37.748,1.55553,1.55592,1.18,1.23
2012.08.16 15:18:37.862,1.55553,1.55592,1.18,1.23
2012.08.16 15:18:37.993,1.55552,1.55592,1.18,1.23
2012.08.16 15:18:38.519,1.55552,1.55591,1.18,1.23
2012.08.16 15:18:39.367,1.55547,1.55588,1.18,1.13
2012.08.16 15:18:39.716,1.55553,1.55592,1.18,1.23
2012.08.16 15:18:39.776,1.55549,1.55592,1.18,1.23
2012.08.16 15:18:39.891,1.55546,1.55592,1.18,1.45
2012.08.16 15:18:39.950,1.55546,1.55592,1.18,1.45
2012.08.16 15:18:42.033,1.55546,1.55585,1.18,1.15
2012.08.16 15:18:42.365,1.55542,1.5558,1.18,1.13
2012.08.16 15:18:42.642,1.5554,1.55578,1.35,1.53
2012.08.16 15:18:42.973,1.55538,1.55578,1.56,1.53
2012.08.16 15:18:44.898,1.5554,1.55578,1.56,1.53
2012.08.16 15:18:55.480,1.55539,1.55577,1.56,1.53
2012.08.16 15:18:57.044,1.5554,1.55577,1.56,1.53
2012.08.16 15:19:02.189,1.55539,1.55577,1.56,1.53
2012.08.16 15:19:02.772,1.5554,1.55581,1.56,2.20
2012.08.16 15:19:02.833,1.55543,1.55581,1.56,1.30
2012.08.16 15:19:02.948,1.55547,1.55583,1.71,1.28
2012.08.16 15:19:03.498,1.55544,1.55581,2.31,1.13
2012.08.16 15:19:04.165,1.55546,1.55581,1.18,1.13
2012.08.16 15:19:04.849,1.55546,1.55585,1.93,1.27
2012.08.16 15:19:05.400,1.55546,1.55586,1.93,2.17
2012.08.16 15:19:05.741,1.55541,1.55584,1.73,1.68
2012.08.16 15:19:05.801,1.5554,1.55583,1.18,1.15
2012.08.16 15:19:07.549,1.5554,1.55581,1.18,1.15
2012.08.16 15:19:07.717,1.5554,1.55581,1.18,1.15
2012.08.16 15:19:08.433,1.55536,1.55572,1.56,1.13
2012.08.16 15:19:08.602,1.55533,1.55571,1.52,1.68
2012.08.16 15:19:08.717,1.55531,1.55571,2.27,1.15
2012.08.16 15:19:08.832,1.55533,1.55571,1.56,2.24
2012.08.16 15:19:09.155,1.55534,1.55571,1.35,2.69
2012.08.16 15:19:09.488,1.5554,1.55573,1.13,1.32
2012.08.16 15:19:09.549,1.55535,1.55575,1.56,1.53
2012.08.16 15:19:09.717,1.55537,1.55578,1.71,1.68
2012.08.16 15:19:09.777,1.55537,1.55578,2.68,1.30
2012.08.16 15:19:10.370,1.55537,1.55578,1.93,1.30
2012.08.16 15:19:10.539,1.55534,1.55576,1.18,1.30
2012.08.16 15:19:11.132,1.55531,1.55576,1.56,1.53
2012.08.16 15:19:11.602,1.55531,1.55574,1.56,1.64
2012.08.16 15:19:14.591,1.55537,1.55577,1.93,1.45
2012.08.16 15:19:14.653,1.55541,1.55576,1.13,1.15
2012.08.16 15:19:14.767,1.55541,1.55579,1.56,1.60
2012.08.16 15:19:14.827,1.55541,1.55579,1.56,1.30
2012.08.16 15:19:15.813,1.55541,1.5558,1.71,1.12
2012.08.16 15:19:15.876,1.55538,1.55576,1.18,1.12
2012.08.16 15:19:17.293,1.55536,1.55576,1.18,1.42
2012.08.16 15:19:18.463,1.55534,1.55574,1.18,1.30
2012.08.16 15:19:18.525,1.55528,1.55573,1.56,1.30
2012.08.16 15:19:18.639,1.55527,1.55573,1.56,1.68
2012.08.16 15:19:18.755,1.55529,1.55573,1.18,1.68
2012.08.16 15:19:18.869,1.55532,1.55573,1.56,1.68
2012.08.16 15:19:21.068,1.55533,1.55572,1.56,1.08
2012.08.16 15:19:22.763,1.55535,1.55571,1.13,1.08
2012.08.16 15:19:23.095,1.55538,1.55577,1.71,1.24
2012.08.16 15:19:23.157,1.55541,1.55581,1.18,1.15
2012.08.16 15:19:23.774,1.55538,1.55579,1.93,1.53
2012.08.16 15:19:24.053,1.55534,1.55574,1.18,1.87
2012.08.16 15:19:25.274,1.55537,1.55578,1.93,1.98
2012.08.16 15:19:25.551,1.55538,1.55579,1.18,1.08
2012.08.16 15:19:25.742,1.55538,1.55584,1.56,1.90
2012.08.16 15:19:27.042,1.55538,1.55583,1.56,1.15
2012.08.16 15:19:27.543,1.55534,1.55573,1.18,1.35
2012.08.16 15:19:27.657,1.55532,1.55573,1.56,1.65
2012.08.16 15:19:28.326,1.55532,1.55573,1.18,1.65
2012.08.16 15:19:29.788,1.55537,1.5558,2.08,1.73
2012.08.16 15:19:29.974,1.55538,1.55582,1.56,1.45
2012.08.16 15:19:30.741,1.55541,1.55582,1.73,1.08
2012.08.16 15:19:31.271,1.55538,1.55581,1.93,1.08
2012.08.16 15:19:31.577,1.55539,1.55579,1.18,1.53
2012.08.16 15:19:31.802,1.55534,1.55573,1.73,1.49
2012.08.16 15:19:32.438,1.55534,1.55573,1.73,1.27
2012.08.16 15:19:32.511,1.55539,1.55579,1.56,1.15
2012.08.16 15:19:32.735,1.5554,1.55578,1.56,2.43
2012.08.16 15:19:32.849,1.5554,1.55578,1.33,2.65
2012.08.16 15:19:32.963,1.55541,1.55581,1.33,1.65
2012.08.16 15:19:33.186,1.55541,1.55581,1.93,1.08
2012.08.16 15:19:33.733,1.55541,1.55582,1.93,1.08
2012.08.16 15:19:34.419,1.55541,1.55581,1.18,1.45
2012.08.16 15:19:34.764,1.55541,1.55577,1.33,1.08
2012.08.16 15:19:36.195,1.55541,1.55577,1.33,1.08
2012.08.16 15:19:37.069,1.55539,1.55577,1.18,1.08
2012.08.16 15:19:37.413,1.55539,1.55576,1.33,1.08
2012.08.16 15:19:40.591,1.55534,1.55575,1.33,1.90
2012.08.16 15:19:42.300,1.55534,1.55575,1.93,1.15
2012.08.16 15:19:42.415,1.55539,1.55578,1.18,1.45
2012.08.16 15:19:44.196,1.55537,1.55578,1.18,2.20
2012.08.16 15:19:44.943,1.55538,1.55576,1.18,1.24
2012.08.16 15:19:45.479,1.55538,1.55575,1.18,1.69
2012.08.16 15:19:48.978,1.55536,1.55576,1.18,1.24
2012.08.16 15:19:49.666,1.55534,1.55575,1.56,1.69
2012.08.16 15:19:49.981,1.55539,1.55577,1.18,1.79
2012.08.16 15:19:50.310,1.55539,1.55577,1.18,1.23
2012.08.16 15:19:50.638,1.55538,1.55577,1.18,2.20
2012.08.16 15:19:50.806,1.55537,1.55569,1.18,1.13
2012.08.16 15:19:52.351,1.55531,1.55569,1.18,1.88
2012.08.16 15:19:52.410,1.55531,1.55569,1.18,2.10
2012.08.16 15:19:53.226,1.55531,1.55569,1.18,2.10
2012.08.16 15:19:54.059,1.55531,1.55569,1.18,2.65
2012.08.16 15:19:54.838,1.55531,1.55569,1.18,2.65
2012.08.16 15:19:55.372,1.55525,1.55569,1.18,2.65
2012.08.16 15:19:58.022,1.55529,1.55566,1.18,1.30
2012.08.16 15:19:58.135,1.55529,1.55568,1.18,2.65
2012.08.16 15:19:59.040,1.55529,1.55569,2.31,1.73
2012.08.16 15:19:59.101,1.55532,1.55573,1.18,1.68
2012.08.16 15:20:00.817,1.55536,1.55576,1.18,2.58
2012.08.16 15:20:00.930,1.55536,1.55573,1.18,1.68
2012.08.16 15:20:00.990,1.55528,1.55569,1.93,1.35
2012.08.16 15:20:01.050,1.55528,1.55568,1.56,1.53
2012.08.16 15:20:01.373,1.55528,1.55568,1.56,1.53
2012.08.16 15:20:02.312,1.5553,1.55568,1.18,1.15
2012.08.16 15:20:02.875,1.55528,1.55568,1.56,1.15
2012.08.16 15:20:03.043,1.5553,1.55568,1.18,1.15
2012.08.16 15:20:03.684,1.55538,1.55571,1.13,1.15
2012.08.16 15:20:03.751,1.55535,1.55571,1.33,1.30
2012.08.16 15:20:03.922,1.55531,1.55571,1.93,1.83
2012.08.16 15:20:04.229,1.55528,1.55564,1.18,1.30
2012.08.16 15:20:04.288,1.55525,1.55564,1.18,1.30
2012.08.16 15:20:04.403,1.55525,1.55567,1.71,1.15
2012.08.16 15:20:04.625,1.55526,1.55569,1.18,1.87
2012.08.16 15:20:05.010,1.55528,1.55569,1.93,1.87
2012.08.16 15:20:05.124,1.55528,1.55569,1.56,1.87
2012.08.16 15:20:05.727,1.55526,1.55569,1.93,1.87
2012.08.16 15:20:05.788,1.55531,1.55569,1.33,2.17
2012.08.16 15:20:06.155,1.55526,1.55568,1.56,1.08
2012.08.16 15:20:07.061,1.55527,1.55568,1.18,1.08
2012.08.16 15:20:07.580,1.55528,1.55568,1.18,1.08
2012.08.16 15:20:08.087,1.55528,1.55569,1.56,2.17
2012.08.16 15:20:08.201,1.55529,1.55568,1.71,1.08
2012.08.16 15:20:08.733,1.55531,1.55568,1.33,1.08
2012.08.16 15:20:08.963,1.55531,1.55568,1.71,1.08
2012.08.16 15:20:09.515,1.55533,1.55569,1.33,2.17
2012.08.16 15:20:10.175,1.55534,1.55569,1.13,2.17
2012.08.16 15:20:11.797,1.55528,1.55569,2.31,2.17
2012.08.16 15:20:11.861,1.55535,1.55569,1.13,1.08
2012.08.16 15:20:12.552,1.55535,1.55571,1.13,1.30
2012.08.16 15:20:13.097,1.55535,1.55571,1.13,1.15
2012.08.16 15:20:16.673,1.5553,1.55569,1.33,1.53
2012.08.16 15:20:16.853,1.55529,1.55567,2.08,1.53
2012.08.16 15:20:17.187,1.55531,1.55568,1.56,1.60
2012.08.16 15:20:17.358,1.55529,1.55568,1.71,1.53
2012.08.16 15:20:17.420,1.55529,1.55568,1.71,1.83
2012.08.16 15:20:17.921,1.55528,1.55568,1.93,1.83
2012.08.16 15:20:19.201,1.55528,1.55564,1.73,1.60
2012.08.16 15:20:19.261,1.55528,1.55562,1.13,1.08
2012.08.16 15:20:19.320,1.55521,1.55564,1.18,1.68
2012.08.16 15:20:20.764,1.55524,1.55561,1.33,1.68
2012.08.16 15:20:21.315,1.55523,1.55564,1.71,1.13
2012.08.16 15:20:21.429,1.55524,1.55564,1.56,1.13
2012.08.16 15:20:22.039,1.55523,1.55567,1.93,1.08
2012.08.16 15:20:22.563,1.55523,1.55564,1.71,1.68
2012.08.16 15:20:23.613,1.55524,1.55564,1.33,1.68
2012.08.16 15:20:24.194,1.55521,1.55564,1.18,1.68
2012.08.16 15:20:24.434,1.55524,1.55564,1.33,1.68
2012.08.16 15:20:24.603,1.55528,1.55566,1.56,1.13
2012.08.16 15:20:24.717,1.55528,1.55567,2.68,1.13
2012.08.16 15:20:25.243,1.55529,1.55569,1.71,1.50
2012.08.16 15:20:27.194,1.5553,1.55569,1.33,1.50
2012.08.16 15:20:27.595,1.55535,1.5557,1.13,1.30
2012.08.16 15:20:27.890,1.55537,1.55578,1.18,1.53
2012.08.16 15:20:30.250,1.5554,1.55578,1.33,1.53
2012.08.16 15:20:30.691,1.55543,1.55583,1.33,1.68
2012.08.16 15:20:31.263,1.55543,1.55583,1.33,1.68
2012.08.16 15:20:36.744,1.55544,1.55584,1.33,1.53
2012.08.16 15:20:36.858,1.55549,1.55587,1.56,2.25
2012.08.16 15:20:39.242,1.55549,1.55587,2.68,1.13
2012.08.16 15:20:39.573,1.55549,1.55585,1.93,1.84
2012.08.16 15:20:39.633,1.55549,1.55585,1.35,2.39
2012.08.16 15:20:40.066,1.55549,1.55586,1.56,1.83
2012.08.16 15:20:40.127,1.55549,1.55586,1.56,2.17
2012.08.16 15:20:40.645,1.5555,1.55586,1.13,1.79
2012.08.16 15:20:41.006,1.5555,1.55586,2.10,1.27
2012.08.16 15:20:41.344,1.5555,1.55586,1.35,2.02
2012.08.16 15:20:42.514,1.5555,1.55586,2.10,1.49
2012.08.16 15:20:43.031,1.55549,1.55586,1.93,1.42
2012.08.16 15:20:44.668,1.55549,1.55589,1.56,1.62
2012.08.16 15:20:44.783,1.55551,1.55591,1.18,1.39
2012.08.16 15:20:44.898,1.55554,1.55591,1.18,1.09
2012.08.16 15:20:45.869,1.55553,1.55592,1.56,1.09
2012.08.16 15:20:46.113,1.55553,1.55592,1.18,1.64
2012.08.16 15:20:51.063,1.55553,1.55594,1.56,1.64
2012.08.16 15:20:51.354,1.55558,1.55597,1.18,2.54
2012.08.16 15:20:51.715,1.55558,1.55597,1.33,2.54
2012.08.16 15:20:51.883,1.55554,1.55594,1.33,1.53
2012.08.16 15:20:51.998,1.55549,1.55592,2.31,1.53
2012.08.16 15:20:52.167,1.55549,1.55592,1.56,1.15
2012.08.16 15:20:52.227,1.55549,1.55589,1.56,1.15
2012.08.16 15:20:52.828,1.55549,1.55591,1.56,1.15
2012.08.16 15:20:54.607,1.55546,1.55587,1.56,2.20
2012.08.16 15:20:55.140,1.55548,1.55587,1.56,1.08
2012.08.16 15:20:59.937,1.55549,1.55587,1.73,1.45
2012.08.16 15:21:00.280,1.55551,1.55591,1.18,1.57
2012.08.16 15:21:03.605,1.55553,1.55591,1.18,2.32
2012.08.16 15:21:03.883,1.55547,1.55581,1.88,1.45
2012.08.16 15:21:04.418,1.55547,1.55581,1.88,1.45
2012.08.16 15:21:04.775,1.55547,1.55586,1.35,2.35
2012.08.16 15:21:04.838,1.55547,1.55585,1.88,1.12
2012.08.16 15:21:05.328,1.55541,1.55577,1.88,2.10
2012.08.16 15:21:05.496,1.55538,1.55577,1.33,1.35
2012.08.16 15:21:05.556,1.5554,1.55577,1.18,1.68
2012.08.16 15:21:06.505,1.55539,1.55577,1.18,1.68
2012.08.16 15:21:06.729,1.5554,1.55579,1.18,1.90
2012.08.16 15:21:06.842,1.55541,1.5558,1.18,1.15
2012.08.16 15:21:07.089,1.55539,1.55578,1.18,1.90
2012.08.16 15:21:08.644,1.55541,1.55578,1.35,1.15
2012.08.16 15:21:09.246,1.55543,1.55578,1.13,1.15
2012.08.16 15:21:09.802,1.55541,1.55578,2.08,1.15
2012.08.16 15:21:10.322,1.55541,1.55578,2.08,1.15
2012.08.16 15:21:10.638,1.55544,1.55578,1.88,1.15
2012.08.16 15:21:11.320,1.55544,1.55578,1.50,1.15
2012.08.16 15:21:11.434,1.55541,1.55578,2.46,1.15
2012.08.16 15:21:11.493,1.55544,1.55578,1.50,1.15
2012.08.16 15:21:11.607,1.55544,1.55578,1.50,1.15
2012.08.16 15:21:12.049,1.55541,1.55578,2.08,1.15
2012.08.16 15:21:12.388,1.55544,1.55578,1.13,1.15
2012.08.16 15:21:13.443,1.55541,1.55578,1.33,1.15
2012.08.16 15:21:14.464,1.55541,1.55583,1.56,1.30
2012.08.16 15:21:14.632,1.55546,1.55584,1.18,1.15
2012.08.16 15:21:14.746,1.55543,1.55583,1.33,1.90
2012.08.16 15:21:14.994,1.55542,1.55582,1.13,1.08
2012.08.16 15:21:15.850,1.55542,1.55581,1.13,1.08
2012.08.16 15:21:16.482,1.55541,1.55577,1.71,1.13
2012.08.16 15:21:16.930,1.55537,1.55578,2.31,2.43
2012.08.16 15:21:18.762,1.55538,1.55578,1.18,1.68
2012.08.16 15:21:19.174,1.55546,1.55585,1.18,1.32
2012.08.16 15:21:19.289,1.55548,1.55585,1.18,1.09
2012.08.16 15:21:19.516,1.55543,1.55585,2.31,1.12
2012.08.16 15:21:21.241,1.55549,1.55589,1.33,1.90
2012.08.16 15:21:22.689,1.55542,1.55582,1.56,1.13
2012.08.16 15:21:22.749,1.55543,1.55583,1.56,1.73
2012.08.16 15:21:23.112,1.55543,1.55582,1.35,1.30
2012.08.16 15:21:23.182,1.55544,1.55581,1.13,1.15
2012.08.16 15:21:23.247,1.5554,1.55581,1.18,1.30
2012.08.16 15:21:23.525,1.5554,1.55586,1.18,1.23
2012.08.16 15:21:23.586,1.55541,1.55586,1.18,1.23
2012.08.16 15:21:24.091,1.55543,1.55585,1.93,1.08
2012.08.16 15:21:24.385,1.55544,1.55585,1.56,1.30
2012.08.16 15:21:24.573,1.55544,1.55585,1.35,1.30
2012.08.16 15:21:24.633,1.55544,1.55585,1.13,1.30
2012.08.16 15:21:24.694,1.55544,1.55585,1.50,1.30
2012.08.16 15:21:24.811,1.55543,1.55583,1.50,1.68
2012.08.16 15:21:25.531,1.55543,1.55585,1.71,1.30
2012.08.16 15:21:26.145,1.55543,1.55585,1.71,1.30
2012.08.16 15:21:26.479,1.55543,1.55585,1.93,1.30
2012.08.16 15:21:26.538,1.55543,1.55585,1.93,1.30
2012.08.16 15:21:27.081,1.55544,1.55585,1.18,1.30
2012.08.16 15:21:27.606,1.55542,1.55585,1.56,1.30
2012.08.16 15:21:27.939,1.55543,1.55586,1.33,1.68
2012.08.16 15:21:28.053,1.55549,1.55586,1.18,1.08
2012.08.16 15:21:28.978,1.55547,1.55586,1.56,1.23
2012.08.16 15:21:29.493,1.55547,1.55586,1.56,1.08
2012.08.16 15:21:30.114,1.55547,1.55586,1.56,1.23
2012.08.16 15:21:30.354,1.55549,1.55588,1.18,1.53
2012.08.16 15:21:30.470,1.55548,1.55588,1.33,1.53
2012.08.16 15:21:31.602,1.55547,1.55586,1.18,1.15
2012.08.16 15:21:31.880,1.55544,1.55583,1.33,1.53
2012.08.16 15:21:31.995,1.55544,1.55586,1.56,1.15
2012.08.16 15:21:34.362,1.55544,1.55583,1.18,1.53
2012.08.16 15:21:34.702,1.55543,1.55583,1.33,1.53
2012.08.16 15:21:36.561,1.55543,1.55587,1.33,1.15
2012.08.16 15:21:36.784,1.55544,1.55586,2.83,1.15
2012.08.16 15:21:36.902,1.55546,1.55586,1.18,1.15
2012.08.16 15:21:38.011,1.55547,1.55586,1.93,1.15
2012.08.16 15:21:38.234,1.55549,1.55595,1.35,1.15
2012.08.16 15:21:41.906,1.5555,1.55591,1.35,1.12
2012.08.16 15:21:42.792,1.5555,1.55591,1.35,1.12
2012.08.16 15:21:43.330,1.5555,1.55591,1.35,1.12
2012.08.16 15:21:44.624,1.55546,1.55587,1.33,2.05
2012.08.16 15:21:44.684,1.55546,1.55587,1.71,2.05
2012.08.16 15:21:44.852,1.55549,1.55591,1.56,1.12
2012.08.16 15:21:45.074,1.55549,1.55591,1.56,1.12
2012.08.16 15:21:47.508,1.55548,1.55588,1.35,1.68
2012.08.16 15:21:47.733,1.55546,1.55587,1.93,1.50
2012.08.16 15:21:47.976,1.55549,1.55592,1.56,1.30
2012.08.16 15:21:48.035,1.55549,1.55592,1.56,1.53
2012.08.16 15:21:48.629,1.55549,1.55591,1.56,1.53
2012.08.16 15:21:48.926,1.55546,1.55585,1.33,1.32
2012.08.16 15:21:50.544,1.55544,1.55579,1.71,1.65
2012.08.16 15:21:50.875,1.55544,1.55582,1.56,1.28
2012.08.16 15:21:50.962,1.55544,1.55582,1.56,1.83
2012.08.16 15:21:51.184,1.55546,1.55582,1.71,1.28
2012.08.16 15:21:51.494,1.55549,1.55582,1.71,1.05
2012.08.16 15:21:51.858,1.55554,1.55582,1.13,1.05
2012.08.16 15:21:52.027,1.5555,1.55587,1.33,1.94
2012.08.16 15:21:52.367,1.55547,1.55587,1.93,1.94
2012.08.16 15:21:52.481,1.55548,1.55586,1.33,1.27
2012.08.16 15:21:52.813,1.55552,1.55586,1.13,1.23
2012.08.16 15:21:53.426,1.55552,1.55587,1.13,1.05
2012.08.16 15:21:54.045,1.5555,1.55587,1.33,1.05
2012.08.16 15:21:54.213,1.55548,1.55587,1.71,1.28
2012.08.16 15:21:54.687,1.5555,1.5559,1.18,1.53
2012.08.16 15:21:54.944,1.5555,1.55593,1.56,1.53
2012.08.16 15:21:57.506,1.5555,1.55593,1.18,1.53
2012.08.16 15:22:00.066,1.55555,1.55596,1.18,1.49
2012.08.16 15:22:00.617,1.55556,1.55596,1.33,1.27
2012.08.16 15:22:00.978,1.55556,1.55596,1.18,1.49
2012.08.16 15:22:01.494,1.55554,1.55593,1.56,1.53
2012.08.16 15:22:05.816,1.55559,1.55594,1.13,1.53
2012.08.16 15:22:06.170,1.55559,1.55594,1.18,1.09
2012.08.16 15:22:10.060,1.55562,1.55598,1.93,1.24
2012.08.16 15:22:10.654,1.55559,1.55598,1.18,2.37
2012.08.16 15:22:10.716,1.55559,1.55594,1.56,1.09
2012.08.16 15:22:11.264,1.55559,1.55598,1.56,2.74
2012.08.16 15:22:11.879,1.55559,1.55594,1.56,1.09
2012.08.16 15:22:13.690,1.55559,1.55598,1.56,1.99
2012.08.16 15:22:13.771,1.55559,1.55598,1.56,1.99
2012.08.16 15:22:14.337,1.55558,1.55597,1.18,1.42
2012.08.16 15:22:15.064,1.55558,1.55596,1.18,1.42
2012.08.16 15:22:16.325,1.55556,1.55596,2.31,1.42
2012.08.16 15:22:18.448,1.55559,1.55596,1.56,1.42
2012.08.16 15:22:18.658,1.55559,1.55596,1.56,1.28
2012.08.16 15:22:22.701,1.55559,1.55597,1.18,1.28
2012.08.16 15:22:23.236,1.55559,1.55596,1.56,1.28
2012.08.16 15:22:23.993,1.55555,1.55594,1.93,1.30
2012.08.16 15:22:24.106,1.55555,1.55593,1.18,1.30
2012.08.16 15:22:24.165,1.55555,1.55593,1.18,1.30
2012.08.16 15:22:24.706,1.55553,1.55586,1.73,1.30
2012.08.16 15:22:24.929,1.55553,1.55592,1.50,1.45
2012.08.16 15:22:25.100,1.55553,1.55593,1.73,1.30
2012.08.16 15:22:25.159,1.55553,1.55593,1.93,1.30
2012.08.16 15:22:25.586,1.55554,1.55593,1.18,1.30
2012.08.16 15:22:26.121,1.55554,1.55597,1.18,1.30
2012.08.16 15:22:26.787,1.55554,1.55595,1.56,1.15
2012.08.16 15:22:27.547,1.55554,1.55596,1.56,1.30
2012.08.16 15:22:27.716,1.55547,1.55588,1.93,1.50
2012.08.16 15:22:27.939,1.55545,1.55587,1.18,3.19
2012.08.16 15:22:28.379,1.55543,1.55584,1.93,2.48
2012.08.16 15:22:28.492,1.55543,1.55584,1.93,2.10
2012.08.16 15:22:28.551,1.55543,1.55584,1.93,1.88
2012.08.16 15:22:29.000,1.55544,1.55585,1.56,1.53
2012.08.16 15:22:29.344,1.55547,1.55586,1.18,1.73
2012.08.16 15:22:29.677,1.55553,1.55592,1.56,1.27
2012.08.16 15:22:29.736,1.55553,1.55593,1.56,1.90
2012.08.16 15:22:30.174,1.55549,1.55592,1.56,1.15
2012.08.16 15:22:30.234,1.55549,1.55592,2.31,1.15
2012.08.16 15:22:30.569,1.55547,1.55592,1.18,1.49
2012.08.16 15:22:30.977,1.55549,1.55592,1.18,1.49
2012.08.16 15:22:31.146,1.55549,1.55592,1.93,1.49
2012.08.16 15:22:33.082,1.55548,1.55589,1.33,1.53
2012.08.16 15:22:33.360,1.55548,1.55592,1.56,1.49
2012.08.16 15:22:33.475,1.55552,1.55595,1.35,1.64
2012.08.16 15:22:33.698,1.55553,1.55597,1.93,1.79
2012.08.16 15:22:34.244,1.55555,1.55595,1.73,1.15
2012.08.16 15:22:35.295,1.55554,1.55596,1.56,1.15
2012.08.16 15:22:36.040,1.55555,1.55596,1.18,1.15
2012.08.16 15:22:36.103,1.55555,1.55597,1.93,1.53
2012.08.16 15:22:37.878,1.55555,1.55597,1.93,1.30
2012.08.16 15:22:38.408,1.55555,1.55597,1.93,1.53
2012.08.16 15:22:38.521,1.55557,1.55597,1.18,1.53
2012.08.16 15:22:40.565,1.55554,1.55593,1.18,1.30
2012.08.16 15:22:41.181,1.55555,1.55594,1.71,1.53
2012.08.16 15:22:41.295,1.55557,1.55594,1.18,1.30
2012.08.16 15:22:41.518,1.55559,1.55598,1.18,1.88
2012.08.16 15:22:42.098,1.55559,1.55598,1.56,1.88
2012.08.16 15:22:42.723,1.55561,1.55599,1.56,2.77
2012.08.16 15:22:44.765,1.55562,1.55599,1.18,2.02
2012.08.16 15:22:45.538,1.55562,1.55599,1.18,2.02
2012.08.16 15:22:46.204,1.55562,1.55599,1.18,2.02
2012.08.16 15:22:54.518,1.55559,1.55598,1.56,2.05
2012.08.16 15:22:55.019,1.55562,1.55599,1.56,2.02
2012.08.16 15:22:55.242,1.55562,1.55599,1.56,2.02
2012.08.16 15:22:55.301,1.55562,1.55599,1.56,2.02
2012.08.16 15:22:55.865,1.55562,1.55599,1.35,1.64
2012.08.16 15:22:58.105,1.55562,1.55599,1.35,2.02
2012.08.16 15:22:59.838,1.55561,1.55598,1.56,1.68
2012.08.16 15:22:59.898,1.55561,1.55598,1.56,1.68
2012.08.16 15:23:00.294,1.55558,1.55598,1.56,2.77
2012.08.16 15:23:00.627,1.55554,1.55593,1.18,1.30
2012.08.16 15:23:04.706,1.55554,1.55593,1.56,1.30
2012.08.16 15:23:04.982,1.55556,1.55596,1.71,1.12
2012.08.16 15:23:05.096,1.55556,1.55596,1.18,1.12
2012.08.16 15:23:05.618,1.55555,1.55594,1.93,1.30
2012.08.16 15:23:06.202,1.55555,1.55594,1.93,1.64
2012.08.16 15:23:06.906,1.55555,1.55594,1.93,1.64
2012.08.16 15:23:08.071,1.55555,1.55594,1.93,1.09
2012.08.16 15:23:09.539,1.55558,1.55598,1.18,3.29
2012.08.16 15:23:10.921,1.55558,1.55593,1.93,1.09
2012.08.16 15:23:11.357,1.55558,1.55592,2.31,1.09
2012.08.16 15:23:16.518,1.55559,1.55588,1.18,1.43
2012.08.16 15:23:17.106,1.55556,1.55588,1.18,1.43
2012.08.16 15:23:17.715,1.55556,1.55588,1.18,1.43
2012.08.16 15:23:18.719,1.55555,1.55592,1.56,1.02
2012.08.16 15:23:18.837,1.55556,1.55592,1.56,1.02
2012.08.16 15:23:19.357,1.55557,1.55592,1.18,1.02
2012.08.16 15:23:20.152,1.55557,1.55588,1.18,1.43
2012.08.16 15:23:20.322,1.55562,1.55597,1.35,1.19
2012.08.16 15:23:20.490,1.55559,1.55598,2.31,2.89
2012.08.16 15:23:20.604,1.55556,1.55595,1.18,1.64
2012.08.16 15:23:23.230,1.55556,1.55595,1.18,1.30
2012.08.16 15:23:23.776,1.55556,1.55597,1.18,1.23
2012.08.16 15:23:23.890,1.55556,1.55597,1.18,1.23
2012.08.16 15:23:24.302,1.55561,1.55599,1.18,1.60
2012.08.16 15:23:24.416,1.55561,1.55601,1.18,2.35
2012.08.16 15:23:24.925,1.55558,1.55598,1.93,1.13
2012.08.16 15:23:25.092,1.55559,1.55598,1.18,1.50
2012.08.16 15:23:25.152,1.55559,1.55598,1.18,1.84
2012.08.16 15:23:25.212,1.55559,1.55598,1.18,1.84
2012.08.16 15:23:25.781,1.55561,1.55598,1.18,1.30
2012.08.16 15:23:26.180,1.55561,1.55599,1.56,2.43
2012.08.16 15:23:26.376,1.55561,1.55599,1.56,2.43
2012.08.16 15:23:26.545,1.55559,1.55598,1.93,2.05
2012.08.16 15:23:27.088,1.55559,1.55598,1.18,2.43
2012.08.16 15:23:27.597,1.55559,1.55598,1.56,2.43
2012.08.16 15:23:28.500,1.55559,1.55598,1.18,2.43
2012.08.16 15:23:28.790,1.55561,1.55601,1.18,1.12
2012.08.16 15:23:28.849,1.55561,1.55602,1.18,2.92
2012.08.16 15:23:29.526,1.55561,1.55601,1.18,1.02
2012.08.16 15:23:30.060,1.55561,1.55601,1.18,1.02
2012.08.16 15:23:30.666,1.55558,1.55598,1.93,1.13
2012.08.16 15:23:30.834,1.55558,1.55598,1.93,1.50
2012.08.16 15:23:31.432,1.55559,1.55598,1.18,1.13
2012.08.16 15:23:31.493,1.5556,1.55598,1.14,1.13
2012.08.16 15:23:32.045,1.55568,1.55602,1.18,1.05
2012.08.16 15:23:32.375,1.55568,1.55602,1.18,1.05
2012.08.16 15:23:32.440,1.55563,1.55602,1.56,1.05
2012.08.16 15:23:32.501,1.55563,1.55602,1.56,1.28
2012.08.16 15:23:32.669,1.55561,1.55601,1.18,1.30
2012.08.16 15:23:32.728,1.55559,1.55601,1.18,1.30
2012.08.16 15:23:33.005,1.55559,1.55599,1.18,1.30
2012.08.16 15:23:33.120,1.55559,1.55599,1.56,1.53
2012.08.16 15:23:33.181,1.55555,1.55597,1.18,1.53
2012.08.16 15:23:33.241,1.55555,1.55595,1.18,1.53
2012.08.16 15:23:33.792,1.55553,1.55595,1.18,1.53
2012.08.16 15:23:34.016,1.55553,1.55599,1.56,1.53
2012.08.16 15:23:34.131,1.55555,1.55599,1.18,1.53
2012.08.16 15:23:34.356,1.55556,1.55598,1.18,1.30
2012.08.16 15:23:34.891,1.55556,1.55597,1.18,1.30
2012.08.16 15:23:34.959,1.55556,1.55594,1.56,1.30
2012.08.16 15:23:35.018,1.55556,1.55594,1.33,1.53
2012.08.16 15:23:39.935,1.5555,1.55593,1.93,1.53
2012.08.16 15:23:40.049,1.55546,1.55592,1.18,1.53
2012.08.16 15:23:41.589,1.5555,1.55595,1.18,1.90
2012.08.16 15:23:45.116,1.55549,1.55595,1.56,2.28
2012.08.16 15:23:45.952,1.55549,1.55595,2.31,1.90
2012.08.16 15:23:47.692,1.55549,1.55593,1.56,1.12
2012.08.16 15:23:47.862,1.55552,1.55593,1.56,1.53
2012.08.16 15:23:48.398,1.55555,1.55593,1.18,1.53
2012.08.16 15:23:49.284,1.55561,1.55593,1.13,1.53
2012.08.16 15:23:49.455,1.55555,1.55593,1.56,1.53
2012.08.16 15:23:49.515,1.55555,1.55594,1.18,1.53
2012.08.16 15:23:49.585,1.55555,1.55594,1.18,1.53
2012.08.16 15:23:51.072,1.55555,1.55593,1.18,1.53
2012.08.16 15:23:54.678,1.55553,1.55593,1.18,1.53
2012.08.16 15:23:54.923,1.55552,1.55593,1.56,1.53
2012.08.16 15:23:55.255,1.55552,1.55593,1.56,1.53
2012.08.16 15:23:55.422,1.55552,1.55593,1.56,1.53
2012.08.16 15:23:56.721,1.55552,1.55593,1.56,1.53
2012.08.16 15:24:05.609,1.55552,1.55593,1.56,1.53
2012.08.16 15:24:09.787,1.55549,1.55594,1.56,1.53
2012.08.16 15:24:10.341,1.55549,1.55589,1.18,1.53
2012.08.16 15:24:10.456,1.55548,1.55589,1.18,1.53
2012.08.16 15:24:10.904,1.55549,1.55589,1.18,1.30
2012.08.16 15:24:11.483,1.55549,1.55588,1.18,1.30
2012.08.16 15:24:12.004,1.55552,1.5559,1.56,1.30
2012.08.16 15:24:13.924,1.5555,1.55588,1.56,1.09
2012.08.16 15:24:14.093,1.55544,1.55584,3.43,1.09
2012.08.16 15:24:14.318,1.55543,1.55583,3.43,1.09
2012.08.16 15:24:14.856,1.55543,1.55583,3.43,1.09
2012.08.16 15:24:15.539,1.55544,1.55588,3.06,1.83
2012.08.16 15:24:15.708,1.55548,1.55588,1.18,1.30
2012.08.16 15:24:17.386,1.55549,1.55588,1.56,1.30
2012.08.16 15:24:18.045,1.55549,1.55591,1.56,1.30
2012.08.16 15:24:19.236,1.55549,1.55593,1.56,1.53
2012.08.16 15:24:19.871,1.5555,1.55591,1.18,1.30
2012.08.16 15:24:19.986,1.55549,1.55591,1.56,1.53
2012.08.16 15:24:20.045,1.55549,1.55588,1.18,1.30
2012.08.16 15:24:20.105,1.55546,1.55587,1.18,1.30
2012.08.16 15:24:20.165,1.55546,1.55584,1.18,1.30
2012.08.16 15:24:20.334,1.55544,1.55584,1.18,1.53
2012.08.16 15:24:22.149,1.55544,1.55584,1.93,1.53
2012.08.16 15:24:22.836,1.55544,1.55584,1.93,1.87
2012.08.16 15:24:23.004,1.55544,1.55579,1.93,1.09
2012.08.16 15:24:23.119,1.55543,1.55579,1.71,1.32
2012.08.16 15:24:24.011,1.55548,1.55582,1.71,1.02
2012.08.16 15:24:24.343,1.55549,1.55586,1.33,2.17
2012.08.16 15:24:25.556,1.55549,1.55585,2.08,1.45
2012.08.16 15:24:26.188,1.55549,1.55583,1.71,1.43
2012.08.16 15:24:28.763,1.55549,1.55583,2.08,1.13
2012.08.16 15:24:29.140,1.55554,1.55583,1.13,1.13
2012.08.16 15:24:31.767,1.55556,1.55589,1.13,1.39
2012.08.16 15:24:32.322,1.55556,1.55586,1.13,1.09
2012.08.16 15:24:32.435,1.55556,1.55588,1.13,1.39
2012.08.16 15:24:32.658,1.55556,1.55586,1.13,1.39
2012.08.16 15:24:32.894,1.55556,1.55589,1.13,1.05
2012.08.16 15:24:33.414,1.55555,1.55588,1.56,1.05
2012.08.16 15:24:33.947,1.55555,1.55588,1.35,1.05
2012.08.16 15:24:34.404,1.55553,1.55583,1.35,1.09
2012.08.16 15:24:34.749,1.55544,1.55583,1.18,1.09
2012.08.16 15:24:35.763,1.55546,1.55583,1.18,1.09
2012.08.16 15:24:36.138,1.55552,1.55587,1.13,1.08
2012.08.16 15:24:36.472,1.55547,1.55586,1.18,1.05
2012.08.16 15:24:36.912,1.55547,1.55587,1.18,1.98
2012.08.16 15:24:37.247,1.55544,1.55586,1.18,1.43
2012.08.16 15:24:37.888,1.55552,1.55589,1.35,1.60
2012.08.16 15:24:37.951,1.55551,1.55589,1.18,1.60
2012.08.16 15:24:38.120,1.55547,1.55586,1.56,1.05
2012.08.16 15:24:39.294,1.55547,1.55588,1.18,1.60
2012.08.16 15:24:39.833,1.55543,1.55587,3.06,1.05
2012.08.16 15:24:40.162,1.55544,1.55583,2.68,1.84
2012.08.16 15:24:40.383,1.55544,1.55583,2.31,1.50
2012.08.16 15:24:41.319,1.55544,1.55585,1.18,1.30
2012.08.16 15:24:41.743,1.55548,1.55586,1.18,1.23
2012.08.16 15:24:42.087,1.55554,1.55586,1.13,1.45
2012.08.16 15:24:43.093,1.55553,1.55586,1.13,1.08
2012.08.16 15:24:43.441,1.55554,1.55586,1.13,1.83
2012.08.16 15:24:43.676,1.55554,1.55586,1.13,1.08
2012.08.16 15:24:47.205,1.55546,1.55587,2.31,1.83
2012.08.16 15:24:47.264,1.55546,1.55586,2.31,1.15
2012.08.16 15:24:47.378,1.55546,1.55584,1.35,1.68
2012.08.16 15:24:47.656,1.55543,1.5558,1.13,1.08
2012.08.16 15:24:48.199,1.55543,1.55582,1.33,1.42
2012.08.16 15:24:49.075,1.55543,1.55582,1.33,1.42
2012.08.16 15:24:50.768,1.55543,1.55579,1.71,1.05
2012.08.16 15:24:50.828,1.55544,1.55583,1.71,1.53
2012.08.16 15:24:50.889,1.55544,1.55588,1.93,1.15
2012.08.16 15:24:55.717,1.55544,1.55588,2.68,1.90
2012.08.16 15:24:57.504,1.55544,1.55585,2.68,1.30
2012.08.16 15:24:57.951,1.55544,1.55585,1.56,1.30
2012.08.16 15:25:02.649,1.55544,1.55587,1.56,1.68
2012.08.16 15:25:02.762,1.55544,1.55589,1.93,1.68
2012.08.16 15:25:03.091,1.55544,1.55586,2.68,1.68
2012.08.16 15:25:03.395,1.55544,1.55588,2.68,1.68
2012.08.16 15:25:03.674,1.55544,1.55586,1.56,1.30
2012.08.16 15:25:04.500,1.55542,1.55588,1.18,1.68
2012.08.16 15:25:04.560,1.55542,1.55588,1.18,1.68
2012.08.16 15:25:04.783,1.55544,1.55583,1.18,2.05
2012.08.16 15:25:04.842,1.55544,1.55581,1.18,1.13
2012.08.16 15:25:05.311,1.55544,1.55581,1.18,1.50
2012.08.16 15:25:05.534,1.55539,1.55575,1.56,1.30
2012.08.16 15:25:05.648,1.55539,1.55574,1.13,1.53
2012.08.16 15:25:06.338,1.55536,1.55574,1.18,1.53
2012.08.16 15:25:06.790,1.55538,1.55579,1.50,1.53
2012.08.16 15:25:07.564,1.55538,1.55574,1.50,1.53
2012.08.16 15:25:08.187,1.55535,1.55578,1.56,1.53
2012.08.16 15:25:08.256,1.55535,1.55578,1.18,1.53
2012.08.16 15:25:08.785,1.55536,1.55578,1.18,1.53
2012.08.16 15:25:09.554,1.55536,1.55578,1.18,1.53
2012.08.16 15:25:09.679,1.55539,1.55578,1.13,1.53
2012.08.16 15:25:15.541,1.55538,1.55574,1.50,1.53
2012.08.16 15:25:21.039,1.55539,1.55574,1.33,1.53
2012.08.16 15:25:24.197,1.55539,1.55574,1.93,1.30
2012.08.16 15:25:24.528,1.55539,1.55578,1.33,1.53
2012.08.16 15:25:27.451,1.55538,1.55574,1.71,1.53
2012.08.16 15:25:27.846,1.55538,1.55574,1.71,1.53
2012.08.16 15:25:30.508,1.55539,1.55574,1.33,1.53
2012.08.16 15:25:35.525,1.55538,1.55578,2.08,1.53
2012.08.16 15:25:35.639,1.5554,1.55578,1.18,1.30
2012.08.16 15:25:45.612,1.55541,1.55583,1.18,1.68
2012.08.16 15:25:46.194,1.55541,1.5558,1.18,1.30
2012.08.16 15:25:46.266,1.55541,1.5558,1.18,1.53
2012.08.16 15:25:48.506,1.5554,1.5558,1.18,1.30
2012.08.16 15:25:48.566,1.5554,1.5558,1.18,1.30
2012.08.16 15:25:48.681,1.5554,1.5558,1.18,1.30
2012.08.16 15:25:49.703,1.5554,1.5558,1.18,1.30
2012.08.16 15:25:51.156,1.5554,1.5558,1.18,1.30
2012.08.16 15:25:51.968,1.55541,1.55582,1.18,1.45
2012.08.16 15:25:52.489,1.55541,1.5558,1.18,1.53
2012.08.16 15:25:53.108,1.5554,1.55579,1.18,1.53
2012.08.16 15:25:53.223,1.55531,1.55576,1.18,1.30
2012.08.16 15:25:53.282,1.55531,1.55576,1.18,1.53
2012.08.16 15:25:54.401,1.55533,1.55578,1.18,1.53
2012.08.16 15:25:54.750,1.55539,1.55578,1.33,1.53
2012.08.16 15:25:54.811,1.5554,1.55578,1.18,1.30
2012.08.16 15:25:55.440,1.5554,1.55578,1.18,1.30
2012.08.16 15:25:55.721,1.5554,1.55579,1.18,1.30
2012.08.16 15:25:56.267,1.55541,1.55582,1.18,1.68
2012.08.16 15:26:00.387,1.55541,1.55579,1.18,1.30
2012.08.16 15:26:00.715,1.55541,1.55579,1.18,1.30
2012.08.16 15:26:00.828,1.55541,1.55579,1.18,1.30
2012.08.16 15:26:02.457,1.55541,1.55579,1.18,1.30
2012.08.16 15:26:03.110,1.55541,1.55579,1.18,1.30
2012.08.16 15:26:03.693,1.5554,1.55579,1.18,1.53
2012.08.16 15:26:05.616,1.5554,1.55579,1.18,1.53
2012.08.16 15:26:11.003,1.55537,1.55577,1.56,1.32
2012.08.16 15:26:11.064,1.55528,1.55569,1.71,1.53
2012.08.16 15:26:11.232,1.55532,1.55571,1.33,1.09
2012.08.16 15:26:11.402,1.55534,1.55574,2.68,1.30
2012.08.16 15:26:12.043,1.55533,1.55577,1.93,1.08
2012.08.16 15:26:14.306,1.55534,1.55574,1.56,1.68
2012.08.16 15:26:14.680,1.55533,1.55573,1.71,1.13
2012.08.16 15:26:15.088,1.55533,1.55573,1.33,1.68
2012.08.16 15:26:18.989,1.55531,1.5556,1.18,1.13
2012.08.16 15:26:19.158,1.55519,1.55558,2.08,1.28
2012.08.16 15:26:19.218,1.55521,1.5556,1.18,1.83
2012.08.16 15:26:19.277,1.55519,1.5556,1.56,1.83
2012.08.16 15:26:19.775,1.55521,1.55565,1.18,1.45
2012.08.16 15:26:20.759,1.55522,1.55565,1.18,1.45
2012.08.16 15:26:21.337,1.55522,1.55565,1.18,1.45
2012.08.16 15:26:22.078,1.55522,1.55565,1.18,1.45
2012.08.16 15:26:22.850,1.55522,1.55566,1.18,1.15
2012.08.16 15:26:24.569,1.55524,1.55568,1.18,1.53
2012.08.16 15:26:24.900,1.55533,1.55573,1.56,1.53
2012.08.16 15:26:25.397,1.55535,1.55577,1.50,1.83
2012.08.16 15:26:25.928,1.55534,1.55576,2.08,2.20
2012.08.16 15:26:26.678,1.55536,1.55577,1.33,1.83
2012.08.16 15:26:27.011,1.55546,1.55587,1.18,1.23
2012.08.16 15:26:27.700,1.55542,1.55585,1.18,1.30
2012.08.16 15:26:29.426,1.55546,1.55586,1.18,1.23
2012.08.16 15:26:30.745,1.55542,1.55585,1.18,1.30
2012.08.16 15:26:31.877,1.55542,1.55583,1.18,1.30
2012.08.16 15:26:32.210,1.55538,1.55581,1.18,1.53
2012.08.16 15:26:32.326,1.55536,1.55582,1.18,1.30
2012.08.16 15:26:44.028,1.55534,1.55582,1.93,1.30
2012.08.16 15:26:44.412,1.55533,1.55578,1.33,1.53
2012.08.16 15:26:44.590,1.55536,1.55582,1.18,1.30
2012.08.16 15:26:48.186,1.55536,1.55582,1.18,1.30
2012.08.16 15:26:50.271,1.55534,1.55574,1.18,1.15
2012.08.16 15:26:50.441,1.55531,1.55573,2.68,1.12
2012.08.16 15:26:50.995,1.55533,1.55572,1.33,1.45
2012.08.16 15:26:51.522,1.55532,1.55573,1.56,1.53
2012.08.16 15:26:54.276,1.55532,1.55571,1.18,1.90
2012.08.16 15:26:54.622,1.55522,1.55561,1.56,1.05
2012.08.16 15:26:54.738,1.55521,1.55562,1.56,1.65
2012.08.16 15:26:55.035,1.5552,1.55563,1.18,1.53
2012.08.16 15:26:55.094,1.5552,1.55563,1.18,1.53
2012.08.16 15:26:55.493,1.5552,1.55563,1.18,1.53
2012.08.16 15:26:58.459,1.55521,1.55567,1.18,1.45
2012.08.16 15:26:58.572,1.55527,1.55567,1.18,1.45
2012.08.16 15:26:58.794,1.55519,1.55566,1.18,1.53
2012.08.16 15:26:58.855,1.55519,1.55564,1.18,1.53
2012.08.16 15:27:01.626,1.55521,1.55564,1.18,1.53
2012.08.16 15:27:01.958,1.55532,1.55576,1.71,1.08
2012.08.16 15:27:02.019,1.55534,1.55576,1.56,1.08
2012.08.16 15:27:02.780,1.55533,1.55574,2.46,1.53
2012.08.16 15:27:02.840,1.55533,1.55573,2.46,1.53
2012.08.16 15:27:04.950,1.55527,1.55571,1.18,1.13
2012.08.16 15:27:05.065,1.55527,1.5557,1.93,1.53
2012.08.16 15:27:05.722,1.55523,1.55567,1.93,1.53
2012.08.16 15:27:05.836,1.55521,1.55567,1.93,1.45
2012.08.16 15:27:06.186,1.55533,1.55565,1.13,1.53
2012.08.16 15:27:06.411,1.55533,1.55574,1.33,1.53
2012.08.16 15:27:06.470,1.55533,1.55575,1.33,2.07
2012.08.16 15:27:06.530,1.55535,1.55575,1.18,1.32
2012.08.16 15:27:14.627,1.55534,1.55578,1.18,1.53
2012.08.16 15:27:16.165,1.55535,1.55582,1.71,1.15
2012.08.16 15:27:16.224,1.55535,1.55582,1.93,1.15
2012.08.16 15:27:16.752,1.55535,1.55579,1.18,1.53
2012.08.16 15:27:17.720,1.55535,1.55577,1.18,1.15
2012.08.16 15:27:17.835,1.55533,1.55574,1.33,1.53
2012.08.16 15:27:18.523,1.55533,1.55573,1.33,1.53
2012.08.16 15:27:21.451,1.55534,1.55574,1.33,1.53
2012.08.16 15:27:25.530,1.55534,1.55574,1.33,1.53
2012.08.16 15:27:30.998,1.55533,1.55572,1.33,1.35
2012.08.16 15:27:31.547,1.55533,1.55573,1.33,1.90
2012.08.16 15:27:32.636,1.55535,1.55573,1.33,1.53
2012.08.16 15:27:33.222,1.55535,1.55573,1.71,1.53
2012.08.16 15:27:33.771,1.55535,1.55574,1.71,1.53
2012.08.16 15:27:34.300,1.55535,1.55573,1.71,1.53
2012.08.16 15:27:34.836,1.55533,1.55573,2.46,1.53
2012.08.16 15:27:35.518,1.55535,1.55573,1.71,1.53
2012.08.16 15:27:36.158,1.55535,1.55573,1.71,1.53
2012.08.16 15:27:36.942,1.55535,1.55574,1.71,1.53
2012.08.16 15:27:37.497,1.55535,1.55574,1.71,1.53
2012.08.16 15:27:38.163,1.55534,1.55574,2.08,1.53
2012.08.16 15:27:38.808,1.55534,1.55573,1.33,1.53
2012.08.16 15:27:39.553,1.55534,1.55574,1.33,1.53
2012.08.16 15:27:40.595,1.55533,1.55574,1.71,1.53
2012.08.16 15:27:40.930,1.55537,1.55576,1.71,1.35
2012.08.16 15:27:41.102,1.55534,1.55573,1.33,1.53
2012.08.16 15:27:41.608,1.55533,1.55573,1.71,1.53
2012.08.16 15:27:42.150,1.55534,1.55573,1.33,1.53
2012.08.16 15:27:42.646,1.55537,1.55578,2.46,2.48
2012.08.16 15:27:42.706,1.55538,1.55578,1.18,2.10
2012.08.16 15:27:42.907,1.55538,1.55578,1.18,1.73
2012.08.16 15:27:43.076,1.55534,1.55574,1.18,1.30
2012.08.16 15:27:43.135,1.55533,1.55574,1.71,1.53
2012.08.16 15:27:45.745,1.55533,1.55572,1.33,1.15
2012.08.16 15:27:46.277,1.55534,1.55572,1.33,1.15
2012.08.16 15:27:47.209,1.55533,1.55577,1.71,2.20
2012.08.16 15:27:48.801,1.55534,1.55574,1.33,1.53
2012.08.16 15:27:51.238,1.55532,1.55572,2.46,1.15
2012.08.16 15:27:51.350,1.55534,1.55572,1.33,1.15
2012.08.16 15:27:52.192,1.55532,1.55572,2.46,1.15
2012.08.16 15:27:52.251,1.55533,1.55572,1.33,1.15
2012.08.16 15:27:52.830,1.55534,1.55573,1.33,1.53
2012.08.16 15:27:56.646,1.55533,1.55573,1.33,1.53
2012.08.16 15:27:57.163,1.55534,1.55573,1.33,1.53
2012.08.16 15:27:57.747,1.55533,1.55574,1.33,1.53
2012.08.16 15:28:01.302,1.55534,1.55574,1.33,1.53
2012.08.16 15:28:02.158,1.55534,1.55574,1.56,1.53
2012.08.16 15:28:02.940,1.55534,1.55576,1.33,1.08
2012.08.16 15:28:03.618,1.55534,1.55577,1.33,1.28
2012.08.16 15:28:03.699,1.55534,1.55577,1.56,1.28
2012.08.16 15:28:03.868,1.55538,1.55578,1.18,1.13
2012.08.16 15:28:04.457,1.55538,1.55578,1.18,1.50
2012.08.16 15:28:04.518,1.55538,1.55577,1.18,1.30
2012.08.16 15:28:05.269,1.55537,1.55577,1.93,1.30
2012.08.16 15:28:05.905,1.55537,1.55576,1.56,1.13
2012.08.16 15:28:06.235,1.55534,1.55577,1.33,1.53
2012.08.16 15:28:06.587,1.55532,1.55574,1.33,1.15
2012.08.16 15:28:08.429,1.55532,1.55574,1.18,1.68
2012.08.16 15:28:08.597,1.55537,1.55577,2.68,1.15
2012.08.16 15:28:09.814,1.55537,1.55577,1.18,1.90
2012.08.16 15:28:10.156,1.55537,1.55577,1.18,2.28
2012.08.16 15:28:15.540,1.55537,1.55578,2.68,2.28
2012.08.16 15:28:24.413,1.55537,1.55578,2.68,2.05
2012.08.16 15:28:24.932,1.55537,1.55578,2.68,2.28
2012.08.16 15:28:27.273,1.55539,1.55577,1.56,1.35
2012.08.16 15:28:27.443,1.55538,1.55576,1.56,1.13
2012.08.16 15:28:27.910,1.55538,1.5558,1.18,1.53
2012.08.16 15:28:27.979,1.55532,1.55578,1.93,1.53
2012.08.16 15:28:29.230,1.55532,1.55575,1.56,1.15
2012.08.16 15:28:29.398,1.55532,1.55575,1.18,1.15
2012.08.16 15:28:29.648,1.55535,1.55575,1.18,1.15
2012.08.16 15:28:29.708,1.55532,1.55575,1.18,1.15
2012.08.16 15:28:29.821,1.55532,1.55575,1.18,1.15
2012.08.16 15:28:30.154,1.55532,1.55574,1.18,1.15
2012.08.16 15:28:30.214,1.55532,1.55574,1.18,1.15
2012.08.16 15:28:30.549,1.55526,1.55569,1.93,1.15
2012.08.16 15:28:30.938,1.55531,1.55571,1.18,2.05
2012.08.16 15:28:30.999,1.55531,1.55571,1.18,1.13
2012.08.16 15:28:31.556,1.55531,1.55571,1.18,1.68
2012.08.16 15:28:33.191,1.55531,1.55571,1.18,1.68
2012.08.16 15:28:33.426,1.55526,1.55566,1.93,1.15
2012.08.16 15:28:35.199,1.55524,1.55564,1.33,1.53
2012.08.16 15:28:35.796,1.55523,1.55563,1.71,1.53
2012.08.16 15:28:36.861,1.55526,1.55563,1.33,1.53
2012.08.16 15:28:37.248,1.55528,1.55567,1.50,1.15
2012.08.16 15:28:37.361,1.55529,1.55569,1.35,1.15
2012.08.16 15:28:37.475,1.55528,1.55569,1.56,1.15
2012.08.16 15:28:37.588,1.55526,1.55567,1.18,1.15
2012.08.16 15:28:38.343,1.55526,1.55567,1.18,1.90
2012.08.16 15:28:38.688,1.55526,1.55563,1.71,1.53
2012.08.16 15:28:39.292,1.55526,1.55563,1.71,1.53
2012.08.16 15:28:40.667,1.55526,1.55563,1.13,1.53
2012.08.16 15:28:40.892,1.55519,1.55556,1.50,1.15
2012.08.16 15:28:40.961,1.55519,1.55556,1.50,1.15
2012.08.16 15:28:42.530,1.55518,1.55554,1.13,1.53
2012.08.16 15:28:42.644,1.55516,1.55554,1.71,1.53
2012.08.16 15:28:43.629,1.55516,1.55554,1.71,1.53
2012.08.16 15:28:44.370,1.55516,1.55554,1.71,1.53
2012.08.16 15:28:45.207,1.55513,1.55554,2.08,1.53
2012.08.16 15:28:45.266,1.55514,1.55554,1.71,1.53
2012.08.16 15:28:45.380,1.55513,1.55552,2.08,1.15
2012.08.16 15:28:45.656,1.55514,1.55551,1.13,1.15
2012.08.16 15:28:45.936,1.55521,1.55562,1.18,1.53
2012.08.16 15:28:46.051,1.5552,1.55559,1.33,1.15
2012.08.16 15:28:46.274,1.55521,1.55565,1.18,1.15
2012.08.16 15:28:46.389,1.55521,1.55567,1.18,2.39
2012.08.16 15:28:46.450,1.55521,1.55567,1.18,2.39
2012.08.16 15:28:47.437,1.55521,1.55567,1.18,1.83
2012.08.16 15:28:47.606,1.55527,1.55571,1.56,1.43
2012.08.16 15:28:47.776,1.55526,1.55566,1.18,1.35
2012.08.16 15:28:48.219,1.55517,1.55559,1.18,1.87
2012.08.16 15:28:49.133,1.55514,1.55557,1.33,1.45
2012.08.16 15:28:49.636,1.55514,1.55556,1.71,1.45
2012.08.16 15:28:49.979,1.55513,1.55557,1.71,1.45
2012.08.16 15:28:50.038,1.55514,1.55557,1.33,1.45
2012.08.16 15:28:50.672,1.55514,1.55556,2.08,1.45
2012.08.16 15:28:51.562,1.55514,1.55557,1.33,1.45
2012.08.16 15:28:52.215,1.55514,1.55556,2.08,1.45
2012.08.16 15:28:53.840,1.55512,1.55557,1.18,1.45
2012.08.16 15:28:54.234,1.55511,1.55554,2.31,1.15
2012.08.16 15:28:54.347,1.55512,1.55554,1.35,1.15
2012.08.16 15:28:54.819,1.55508,1.55552,2.46,1.15
2012.08.16 15:28:55.000,1.55507,1.55551,1.56,1.15
2012.08.16 15:28:55.381,1.55507,1.55546,1.33,1.53
2012.08.16 15:28:55.495,1.55507,1.55552,1.56,1.49
2012.08.16 15:28:59.233,1.5551,1.55549,1.33,1.53
2012.08.16 15:28:59.416,1.55509,1.55549,1.33,1.53
2012.08.16 15:28:59.530,1.55511,1.55552,2.10,1.15
2012.08.16 15:28:59.590,1.55511,1.55552,1.56,1.15
2012.08.16 15:28:59.921,1.55514,1.55556,1.18,1.62
2012.08.16 15:29:00.090,1.55517,1.55558,1.18,1.23
2012.08.16 15:29:00.149,1.55517,1.55559,1.56,1.05
2012.08.16 15:29:00.497,1.55522,1.55562,1.18,1.28
2012.08.16 15:29:00.558,1.55525,1.55565,1.18,1.30
2012.08.16 15:29:00.837,1.55527,1.55567,1.18,1.79
2012.08.16 15:29:01.060,1.55526,1.55566,1.18,1.30
2012.08.16 15:29:01.173,1.55527,1.55567,1.18,1.79
2012.08.16 15:29:02.013,1.55532,1.55568,1.18,1.05
2012.08.16 15:29:02.387,1.55528,1.55568,1.56,2.28
2012.08.16 15:29:02.717,1.55527,1.55567,1.18,1.30
2012.08.16 15:29:02.780,1.55526,1.55563,1.93,1.15
2012.08.16 15:29:02.840,1.55526,1.55562,1.18,1.35
2012.08.16 15:29:05.429,1.55526,1.55565,1.18,1.73
2012.08.16 15:29:05.489,1.55525,1.55567,1.56,2.92
2012.08.16 15:29:05.549,1.55525,1.55567,1.56,2.54
2012.08.16 15:29:08.435,1.55526,1.55567,1.56,1.79
2012.08.16 15:29:08.603,1.55529,1.55567,1.56,1.02
2012.08.16 15:29:09.131,1.55533,1.55568,1.18,1.02
2012.08.16 15:29:09.680,1.55529,1.55566,1.56,1.05
2012.08.16 15:29:10.009,1.55529,1.55563,1.13,1.53
2012.08.16 15:29:10.179,1.55522,1.55563,2.08,1.53
2012.08.16 15:29:10.800,1.55522,1.55565,1.56,1.45
2012.08.16 15:29:10.915,1.55526,1.55566,1.18,1.88
2012.08.16 15:29:13.508,1.55522,1.55559,1.18,1.09
2012.08.16 15:29:13.568,1.55519,1.55559,1.93,1.32
2012.08.16 15:29:14.029,1.55519,1.55557,1.35,1.08
2012.08.16 15:29:14.089,1.55519,1.55556,1.13,1.08
2012.08.16 15:29:15.084,1.55518,1.55557,1.13,1.45
2012.08.16 15:29:15.867,1.55519,1.55556,1.13,1.45
2012.08.16 15:29:17.117,1.55509,1.55552,1.18,1.45
2012.08.16 15:29:17.178,1.55508,1.55552,1.71,1.45
2012.08.16 15:29:18.293,1.55509,1.55552,1.33,1.45
2012.08.16 15:29:18.522,1.55517,1.55551,1.13,1.08
2012.08.16 15:29:18.584,1.55517,1.55556,1.33,1.15
2012.08.16 15:29:18.700,1.55517,1.55559,1.56,1.47
2012.08.16 15:29:18.760,1.55517,1.55561,1.56,1.62
2012.08.16 15:29:24.383,1.55518,1.55562,1.18,1.24
2012.08.16 15:29:24.660,1.55522,1.55566,1.56,1.90
2012.08.16 15:29:24.882,1.55519,1.55563,3.06,1.53
2012.08.16 15:29:25.890,1.55521,1.55566,1.18,1.53
2012.08.16 15:29:26.057,1.55522,1.55565,1.56,1.15
2012.08.16 15:29:26.170,1.55522,1.55565,1.56,1.15
2012.08.16 15:29:27.745,1.55523,1.55565,2.08,1.90
2012.08.16 15:29:27.969,1.55527,1.55565,1.18,1.90
2012.08.16 15:29:39.403,1.55525,1.55564,1.18,1.30
2012.08.16 15:29:39.572,1.55519,1.55564,1.56,1.53
2012.08.16 15:29:39.632,1.55522,1.55567,1.18,1.15
2012.08.16 15:29:41.613,1.55519,1.55563,1.33,1.53
2012.08.16 15:29:41.672,1.55519,1.55563,1.33,1.53
2012.08.16 15:29:47.701,1.55517,1.55557,1.18,1.15
2012.08.16 15:29:47.923,1.55514,1.55556,1.56,1.30
2012.08.16 15:29:48.095,1.55512,1.55553,1.35,1.53
2012.08.16 15:29:48.165,1.55511,1.55553,1.93,1.53
2012.08.16 15:29:48.333,1.5551,1.55553,1.33,2.28
2012.08.16 15:29:49.916,1.55514,1.55554,1.93,1.73
2012.08.16 15:29:52.983,1.55514,1.55556,2.68,2.43
2012.08.16 15:29:53.972,1.55516,1.55556,1.18,2.43
2012.08.16 15:29:55.720,1.55506,1.55542,1.18,1.02
2012.08.16 15:29:56.272,1.55507,1.55549,1.56,1.13
2012.08.16 15:29:56.439,1.5551,1.55552,1.56,1.99
2012.08.16 15:29:57.214,1.55516,1.55552,1.33,1.02
2012.08.16 15:29:57.551,1.55514,1.5555,1.71,1.69
2012.08.16 15:29:57.666,1.55511,1.55549,1.33,1.53
2012.08.16 15:29:58.359,1.55513,1.55553,2.08,1.53
2012.08.16 15:29:58.423,1.55516,1.55557,1.35,1.83
2012.08.16 15:29:58.482,1.55516,1.55557,1.56,1.45
2012.08.16 15:29:59.209,1.55517,1.55556,1.93,1.08
2012.08.16 15:30:00.004,1.55517,1.55558,1.93,1.53
2012.08.16 15:30:00.064,1.55518,1.55558,1.33,1.53
2012.08.16 15:30:00.398,1.55516,1.55551,1.18,1.50
2012.08.16 15:30:00.731,1.55511,1.55549,1.13,1.12
2012.08.16 15:30:00.846,1.55504,1.55549,1.33,1.87
2012.08.16 15:30:00.961,1.55505,1.55547,1.56,1.53
2012.08.16 15:30:01.375,1.5551,1.55549,2.31,1.12
2012.08.16 15:30:01.490,1.5551,1.55549,2.10,1.12
2012.08.16 15:30:01.827,1.55511,1.55551,1.73,1.27
2012.08.16 15:30:02.345,1.55511,1.55552,1.93,1.49
2012.08.16 15:30:02.941,1.55511,1.55552,1.93,1.49
2012.08.16 15:30:03.156,1.55511,1.55552,1.93,1.49
2012.08.16 15:30:04.048,1.55511,1.55552,1.93,1.49
2012.08.16 15:30:04.109,1.55511,1.55553,1.93,2.24
2012.08.16 15:30:04.810,1.55514,1.55553,1.18,1.90
2012.08.16 15:30:05.579,1.55514,1.55553,1.18,1.90
2012.08.16 15:30:06.180,1.55514,1.55553,1.18,1.90
2012.08.16 15:30:06.747,1.55511,1.55552,1.73,1.15
2012.08.16 15:30:06.808,1.55511,1.55552,1.73,1.15
2012.08.16 15:30:07.343,1.55513,1.55553,1.35,1.90
2012.08.16 15:30:07.960,1.55514,1.55553,1.18,1.90
2012.08.16 15:30:08.159,1.55514,1.55554,2.31,1.15
2012.08.16 15:30:08.435,1.55519,1.55558,1.71,1.87
2012.08.16 15:30:09.044,1.55519,1.55558,1.93,1.87
2012.08.16 15:30:09.367,1.55522,1.55562,1.93,1.12
2012.08.16 15:30:11.634,1.55522,1.55562,1.18,1.90
2012.08.16 15:30:11.748,1.55522,1.55559,1.18,1.09
2012.08.16 15:30:12.833,1.55518,1.55558,1.18,1.05
2012.08.16 15:30:13.387,1.55519,1.55558,1.18,1.05
2012.08.16 15:30:13.840,1.55522,1.55546,1.18,1.13
2012.08.16 15:30:14.014,1.55506,1.55547,1.71,3.57
2012.08.16 15:30:14.074,1.55509,1.55547,1.18,1.50
2012.08.16 15:30:14.135,1.55506,1.55547,1.18,1.43
2012.08.16 15:30:14.196,1.55505,1.55545,1.18,1.09
2012.08.16 15:30:14.256,1.55505,1.55545,1.18,1.32
2012.08.16 15:30:14.802,1.55507,1.55547,1.18,1.39
2012.08.16 15:30:15.549,1.55507,1.55547,1.18,1.39
2012.08.16 15:30:16.364,1.55507,1.55548,1.18,1.43
2012.08.16 15:30:16.695,1.55511,1.55549,1.18,1.23
2012.08.16 15:30:16.811,1.55512,1.55557,1.35,1.27
2012.08.16 15:30:17.034,1.55512,1.55553,1.18,1.12
2012.08.16 15:30:17.742,1.55512,1.55555,1.18,1.12
2012.08.16 15:30:18.734,1.55512,1.55554,1.18,1.15
2012.08.16 15:30:19.280,1.55512,1.55554,1.18,1.15
2012.08.16 15:30:19.449,1.55512,1.55555,1.56,1.12
2012.08.16 15:30:23.269,1.5551,1.55554,1.18,2.28
2012.08.16 15:30:23.770,1.55509,1.55554,1.93,2.28
2012.08.16 15:30:24.292,1.55509,1.55554,1.93,2.28
2012.08.16 15:30:26.033,1.55511,1.55554,1.93,1.53
2012.08.16 15:30:26.921,1.55516,1.55555,1.18,1.53
2012.08.16 15:30:27.491,1.55517,1.55556,1.56,2.58
2012.08.16 15:30:28.167,1.55517,1.55555,1.18,1.53
2012.08.16 15:30:28.693,1.55517,1.55556,1.18,2.20
2012.08.16 15:30:29.230,1.55517,1.55555,1.18,1.53
2012.08.16 15:30:29.837,1.55517,1.55556,1.93,2.20
2012.08.16 15:30:30.477,1.55517,1.55556,1.93,1.65
2012.08.16 15:30:31.028,1.55517,1.55557,1.18,1.05
2012.08.16 15:30:32.395,1.55517,1.55558,1.18,2.58
2012.08.16 15:30:32.454,1.55517,1.55557,1.18,1.83
2012.08.16 15:30:32.515,1.55517,1.55555,1.18,1.12
2012.08.16 15:30:33.040,1.55516,1.55554,1.18,1.64
2012.08.16 15:30:34.060,1.55513,1.55552,1.56,1.12
2012.08.16 15:30:34.250,1.55512,1.55552,1.56,1.12
2012.08.16 15:30:34.431,1.5551,1.5555,1.56,1.30
2012.08.16 15:30:34.708,1.55512,1.55552,1.56,1.12
2012.08.16 15:30:35.289,1.55512,1.55553,1.56,1.87
2012.08.16 15:30:35.568,1.5552,1.55559,1.56,1.88
2012.08.16 15:30:35.791,1.55517,1.55559,1.56,2.25
2012.08.16 15:30:35.961,1.55516,1.55558,2.31,1.15
2012.08.16 15:30:36.293,1.55515,1.55556,1.18,1.15
2012.08.16 15:30:36.518,1.55516,1.55558,1.18,1.15
2012.08.16 15:30:37.204,1.55512,1.55557,1.18,2.48
2012.08.16 15:30:37.898,1.55517,1.55557,1.18,1.73
2012.08.16 15:30:38.254,1.55516,1.55557,1.18,2.10
2012.08.16 15:30:38.591,1.55517,1.55556,1.18,1.73
2012.08.16 15:30:38.705,1.55516,1.55556,1.18,1.73
2012.08.16 15:30:39.217,1.55517,1.55556,1.18,1.35
2012.08.16 15:30:39.625,1.55518,1.55557,1.18,1.73
2012.08.16 15:30:39.793,1.55521,1.55557,1.18,1.88
2012.08.16 15:30:39.864,1.55521,1.55557,1.18,2.22
2012.08.16 15:30:40.140,1.55517,1.55556,1.18,1.87
2012.08.16 15:30:40.255,1.55517,1.55556,1.18,1.09
2012.08.16 15:30:40.804,1.55521,1.55556,1.18,1.84
2012.08.16 15:30:41.627,1.55517,1.55556,1.18,1.50
2012.08.16 15:30:47.028,1.55514,1.55557,1.18,1.35
2012.08.16 15:30:47.291,1.5551,1.55553,1.18,1.53
2012.08.16 15:30:50.746,1.55511,1.55553,1.56,1.53
2012.08.16 15:30:50.967,1.55509,1.55553,1.93,2.28
2012.08.16 15:30:51.500,1.55508,1.55553,2.08,2.28
2012.08.16 15:30:52.097,1.55509,1.55553,1.18,2.28
2012.08.16 15:30:52.768,1.55509,1.55553,1.93,2.28
2012.08.16 15:30:54.366,1.55511,1.55548,1.33,1.53
2012.08.16 15:30:54.753,1.5551,1.55547,1.18,1.30
2012.08.16 15:30:54.814,1.55508,1.55542,1.93,1.50
2012.08.16 15:30:54.874,1.55508,1.55541,1.93,1.13
2012.08.16 15:30:55.228,1.55501,1.5554,1.93,1.30
2012.08.16 15:30:55.310,1.55501,1.5554,1.56,1.30
2012.08.16 15:30:55.536,1.55501,1.55538,1.35,1.30
2012.08.16 15:30:56.674,1.55501,1.55542,2.10,2.62
2012.08.16 15:30:59.154,1.55501,1.55542,2.10,2.62
2012.08.16 15:31:02.123,1.55501,1.55542,2.10,2.62
2012.08.16 15:31:02.235,1.55501,1.55542,2.10,2.02
2012.08.16 15:31:02.295,1.55502,1.55542,1.73,1.27
2012.08.16 15:31:03.490,1.55501,1.55542,1.35,1.27
2012.08.16 15:31:03.822,1.55505,1.55542,1.18,1.27
2012.08.16 15:31:04.334,1.55505,1.55542,1.18,1.27
2012.08.16 15:31:04.862,1.55505,1.55542,1.18,1.27
2012.08.16 15:31:05.472,1.55505,1.55542,1.18,1.27
2012.08.16 15:31:05.761,1.55503,1.55542,1.35,1.27
2012.08.16 15:31:05.880,1.55502,1.55542,1.56,1.27
2012.08.16 15:31:05.993,1.55502,1.55542,1.35,1.27
2012.08.16 15:31:07.411,1.55502,1.55543,1.73,1.30
2012.08.16 15:31:07.646,1.55506,1.55547,1.18,1.08
2012.08.16 15:31:07.871,1.55502,1.55548,1.56,1.53
2012.08.16 15:31:12.883,1.55506,1.5555,1.18,1.15
2012.08.16 15:31:13.105,1.55511,1.55551,1.18,2.28
2012.08.16 15:31:13.165,1.55508,1.55551,1.56,1.90
2012.08.16 15:31:13.280,1.55505,1.5555,1.18,1.15
2012.08.16 15:31:15.829,1.55506,1.55551,1.33,1.90
2012.08.16 15:31:15.998,1.55503,1.55548,1.18,1.53
2012.08.16 15:31:16.113,1.55502,1.55548,2.68,1.53
2012.08.16 15:31:21.300,1.55502,1.55544,1.93,1.53
2012.08.16 15:31:22.521,1.55506,1.55544,1.18,1.53
2012.08.16 15:31:22.690,1.55507,1.55544,1.50,1.53
2012.08.16 15:31:22.804,1.55508,1.55557,1.73,1.27
2012.08.16 15:31:22.864,1.55512,1.55557,1.18,1.27
2012.08.16 15:31:23.034,1.55511,1.55553,1.18,2.02
2012.08.16 15:31:23.147,1.55511,1.55551,1.18,1.53
2012.08.16 15:31:23.208,1.55511,1.55551,1.18,1.90
2012.08.16 15:31:24.248,1.55506,1.55549,1.56,1.53
2012.08.16 15:31:24.422,1.55502,1.55548,1.56,1.53
2012.08.16 15:31:25.610,1.55501,1.55549,2.68,1.53
2012.08.16 15:31:34.971,1.55501,1.55549,2.48,1.53
2012.08.16 15:31:35.139,1.55502,1.55539,1.13,1.53
2012.08.16 15:31:35.252,1.55502,1.55541,1.35,1.68
2012.08.16 15:31:35.313,1.55502,1.55546,1.93,1.08
2012.08.16 15:31:36.086,1.55504,1.55549,1.73,1.30
2012.08.16 15:31:36.146,1.55506,1.55549,1.18,1.30
2012.08.16 15:31:37.082,1.55508,1.5555,1.35,1.68
2012.08.16 15:31:37.196,1.55508,1.5555,1.35,1.68
2012.08.16 15:31:37.870,1.55506,1.55549,1.56,1.30
2012.08.16 15:31:45.423,1.55509,1.5555,1.18,1.53
2012.08.16 15:31:45.483,1.5551,1.5555,1.35,1.53
2012.08.16 15:31:46.004,1.55511,1.55554,1.32,2.80
2012.08.16 15:31:52.217,1.55514,1.55553,1.73,1.30
2012.08.16 15:31:52.278,1.55514,1.55551,1.50,1.15
2012.08.16 15:31:52.339,1.55517,1.55551,1.88,1.30
2012.08.16 15:31:52.508,1.55507,1.55551,1.18,1.04
2012.08.16 15:31:52.622,1.55507,1.55551,1.18,1.04
2012.08.16 15:31:55.403,1.55506,1.55554,1.56,1.53
2012.08.16 15:32:05.437,1.55506,1.55554,1.56,1.53
2012.08.16 15:32:05.605,1.55506,1.55552,1.18,1.83
2012.08.16 15:32:14.368,1.55505,1.55548,1.18,1.53
2012.08.16 15:32:14.604,1.55502,1.55544,1.93,1.53
2012.08.16 15:32:14.881,1.55505,1.55549,1.56,1.87
2012.08.16 15:32:14.941,1.55504,1.55549,1.18,1.87
2012.08.16 15:32:15.001,1.55502,1.55545,1.56,1.53
2012.08.16 15:32:15.169,1.55503,1.55548,1.18,1.53
2012.08.16 15:32:15.228,1.55503,1.55548,1.18,1.53
2012.08.16 15:32:15.396,1.55504,1.55548,1.56,1.53
2012.08.16 15:32:16.025,1.55505,1.55548,1.56,1.53
2012.08.16 15:32:20.053,1.55505,1.55549,1.56,1.87
2012.08.16 15:32:29.505,1.55517,1.55549,1.13,1.53
2012.08.16 15:32:29.676,1.55517,1.55556,1.71,2.28
2012.08.16 15:32:29.791,1.55511,1.55554,1.18,1.53
2012.08.16 15:32:30.015,1.55509,1.55553,1.18,1.65
2012.08.16 15:32:30.346,1.55501,1.55544,1.93,1.53
2012.08.16 15:32:35.570,1.55502,1.55544,1.18,1.53
2012.08.16 15:32:36.387,1.55504,1.55548,2.31,1.87
2012.08.16 15:32:38.133,1.55504,1.55548,1.93,1.87
2012.08.16 15:32:38.248,1.55509,1.55548,1.56,1.87
2012.08.16 15:32:38.555,1.55509,1.55551,1.93,1.19
2012.08.16 15:32:39.331,1.55511,1.55552,1.56,1.45
2012.08.16 15:32:40.171,1.55511,1.55552,1.93,1.23
2012.08.16 15:32:40.674,1.55511,1.55552,1.56,1.45
2012.08.16 15:32:41.749,1.55511,1.55552,1.73,1.45
2012.08.16 15:32:41.867,1.5551,1.55552,1.93,1.45
2012.08.16 15:32:42.498,1.5551,1.55551,1.93,1.08
2012.08.16 15:32:43.041,1.55511,1.55552,1.93,1.45
2012.08.16 15:32:43.101,1.55511,1.55552,1.93,1.23
2012.08.16 15:32:46.728,1.55515,1.55553,1.18,1.45
2012.08.16 15:32:46.843,1.55511,1.55553,1.56,1.45
2012.08.16 15:32:50.703,1.55515,1.55553,1.18,1.45
2012.08.16 15:32:52.588,1.55515,1.55554,1.18,1.45
2012.08.16 15:32:52.816,1.55515,1.55553,1.18,1.45
2012.08.16 15:32:53.474,1.55515,1.55553,1.18,1.45
2012.08.16 15:32:54.065,1.55515,1.55553,1.18,1.45
2012.08.16 15:32:54.609,1.55515,1.55553,1.18,1.45
2012.08.16 15:32:55.133,1.55515,1.55553,1.18,1.45
2012.08.16 15:32:56.984,1.55515,1.55553,1.18,1.45
2012.08.16 15:32:57.605,1.55515,1.55553,1.18,1.45
2012.08.16 15:32:58.373,1.55511,1.55553,1.56,1.45
2012.08.16 15:32:58.960,1.55511,1.55553,1.56,1.45
2012.08.16 15:32:59.671,1.55511,1.55553,1.18,1.45
2012.08.16 15:33:01.725,1.55511,1.55553,1.56,1.45
2012.08.16 15:33:02.268,1.55511,1.55553,1.56,1.45
2012.08.16 15:33:02.840,1.55511,1.55553,1.56,1.45
2012.08.16 15:33:03.503,1.55511,1.55553,1.56,1.45
2012.08.16 15:33:04.430,1.55511,1.55553,1.56,1.45
2012.08.16 15:33:08.099,1.55511,1.55553,1.93,1.45
2012.08.16 15:33:10.618,1.55511,1.55552,1.93,1.05
2012.08.16 15:33:10.788,1.55512,1.55553,1.56,2.20
2012.08.16 15:33:11.119,1.55507,1.55547,1.56,1.27
2012.08.16 15:33:11.179,1.55507,1.55547,1.18,1.27
2012.08.16 15:33:11.688,1.55508,1.55547,1.18,1.27
2012.08.16 15:33:12.091,1.55508,1.55547,2.31,1.42
2012.08.16 15:33:12.315,1.55512,1.55553,1.56,1.79
2012.08.16 15:33:13.995,1.55512,1.55553,1.56,1.79
2012.08.16 15:33:14.587,1.55512,1.55553,1.18,1.79
2012.08.16 15:33:14.935,1.55512,1.55553,1.18,1.24
2012.08.16 15:33:15.264,1.55516,1.55557,1.18,1.19
2012.08.16 15:33:21.331,1.55517,1.55556,1.18,1.12
2012.08.16 15:33:21.532,1.55514,1.55553,1.18,1.73
2012.08.16 15:33:21.649,1.55512,1.5555,1.73,1.87
2012.08.16 15:33:52.344,1.55511,1.55549,1.18,1.02
2012.08.16 15:33:59.968,1.55505,1.55546,1.18,1.09
2012.08.16 15:34:00.028,1.55504,1.55543,1.18,1.05
2012.08.16 15:34:00.468,1.55502,1.55543,1.56,1.05
2012.08.16 15:34:00.530,1.55507,1.55547,1.18,2.24
2012.08.16 15:34:01.141,1.55505,1.55546,1.18,1.32
2012.08.16 15:34:01.201,1.55505,1.55545,1.18,1.30
2012.08.16 15:34:01.371,1.55505,1.55544,1.18,1.05
2012.08.16 15:34:01.898,1.55505,1.55544,1.18,1.05
2012.08.16 15:34:02.484,1.55505,1.55545,1.18,1.30
2012.08.16 15:34:02.598,1.55505,1.55546,1.18,1.24
2012.08.16 15:34:02.915,1.55506,1.55547,1.18,1.24
2012.08.16 15:34:11.411,1.55502,1.55546,1.56,1.09
2012.08.16 15:34:12.187,1.55506,1.55548,1.18,1.04
2012.08.16 15:34:13.058,1.55502,1.55546,1.56,1.09
2012.08.16 15:34:17.507,1.55502,1.55543,1.93,1.50
2012.08.16 15:34:17.760,1.55502,1.55538,1.18,1.13
2012.08.16 15:34:17.823,1.55498,1.55542,2.27,1.13
2012.08.16 15:34:17.887,1.55502,1.55543,1.18,1.68
2012.08.16 15:34:18.001,1.55502,1.55543,1.18,2.02
2012.08.16 15:34:20.408,1.55498,1.55538,1.56,1.64
2012.08.16 15:34:20.790,1.55493,1.55535,2.31,1.35
2012.08.16 15:34:20.851,1.55498,1.55536,1.18,1.15
2012.08.16 15:34:21.182,1.55499,1.55536,1.35,1.08
2012.08.16 15:34:21.808,1.55502,1.55543,1.18,1.30
2012.08.16 15:34:21.880,1.55498,1.55544,1.56,1.30
2012.08.16 15:34:21.995,1.55498,1.55544,1.18,1.53
2012.08.16 15:34:22.109,1.55496,1.55544,1.93,1.90
2012.08.16 15:34:22.617,1.55496,1.55544,1.18,1.90
2012.08.16 15:34:23.124,1.55496,1.55544,1.18,1.90
2012.08.16 15:34:23.665,1.55496,1.55544,1.18,1.90
2012.08.16 15:34:24.075,1.55502,1.55544,1.56,1.30
2012.08.16 15:34:24.190,1.55502,1.55548,1.56,1.32
2012.08.16 15:34:24.251,1.55499,1.55544,1.18,1.53
2012.08.16 15:34:24.365,1.55499,1.55543,1.56,1.13
2012.08.16 15:34:24.480,1.55496,1.55539,1.56,1.09
2012.08.16 15:34:24.541,1.55496,1.55537,1.18,1.28
2012.08.16 15:34:25.380,1.55498,1.55538,1.18,1.83
2012.08.16 15:34:25.798,1.55497,1.55537,1.56,1.28
2012.08.16 15:34:26.243,1.55495,1.55536,1.56,1.65
2012.08.16 15:34:26.541,1.55496,1.55534,1.18,1.30
2012.08.16 15:34:26.656,1.55496,1.55536,1.18,1.53
2012.08.16 15:34:28.142,1.55497,1.55536,1.18,1.45
2012.08.16 15:34:28.591,1.55496,1.55537,1.18,1.23
2012.08.16 15:34:28.654,1.55502,1.55544,1.18,1.68
2012.08.16 15:34:28.771,1.55504,1.55546,1.56,1.35
2012.08.16 15:34:29.128,1.55503,1.55548,1.93,1.64
2012.08.16 15:34:29.188,1.55503,1.55548,1.93,1.64
2012.08.16 15:34:32.766,1.55504,1.55547,1.56,1.13
2012.08.16 15:34:32.825,1.55507,1.55548,1.18,2.02
2012.08.16 15:34:33.250,1.55502,1.55543,1.56,1.30
2012.08.16 15:34:37.357,1.55502,1.55543,1.56,1.13
2012.08.16 15:34:37.596,1.55502,1.55542,1.56,1.13
2012.08.16 15:34:37.842,1.55506,1.55544,1.18,2.43
2012.08.16 15:34:38.254,1.55506,1.55548,1.18,1.27
2012.08.16 15:34:48.369,1.55509,1.55548,1.56,1.27
2012.08.16 15:34:48.768,1.5551,1.55549,1.93,1.64
2012.08.16 15:34:55.075,1.55507,1.55548,1.56,2.39
2012.08.16 15:34:56.217,1.55507,1.55548,1.56,2.39
2012.08.16 15:34:58.281,1.55507,1.55548,1.56,2.02
2012.08.16 15:35:01.955,1.55508,1.55548,1.56,1.27
2012.08.16 15:35:02.464,1.55508,1.55548,1.18,1.27
2012.08.16 15:35:04.260,1.55508,1.55548,1.56,1.27
2012.08.16 15:35:04.699,1.55508,1.55547,1.56,1.13
2012.08.16 15:35:05.328,1.55508,1.55548,1.56,2.02
2012.08.16 15:35:09.936,1.55508,1.55548,1.56,2.39
2012.08.16 15:35:10.463,1.55508,1.55548,1.56,2.39
2012.08.16 15:35:10.737,1.55507,1.55547,1.18,1.13
2012.08.16 15:35:11.023,1.55504,1.55545,1.93,1.13
2012.08.16 15:35:11.244,1.55502,1.55546,1.93,1.13
2012.08.16 15:35:11.359,1.55502,1.55544,1.93,1.15
2012.08.16 15:35:15.644,1.55502,1.55543,1.18,1.68
2012.08.16 15:35:24.969,1.55498,1.55538,1.93,1.13
2012.08.16 15:35:25.466,1.55493,1.55535,2.68,2.05
2012.08.16 15:35:25.529,1.55493,1.55534,2.68,1.09
2012.08.16 15:35:31.230,1.55493,1.55533,1.18,1.09
2012.08.16 15:35:31.464,1.55491,1.55534,1.18,1.50
2012.08.16 15:35:31.960,1.55495,1.55535,1.18,2.28
2012.08.16 15:35:32.020,1.55495,1.55535,1.18,1.90
2012.08.16 15:35:32.619,1.55495,1.55535,1.18,1.15
2012.08.16 15:35:32.954,1.55496,1.55541,1.18,1.30
2012.08.16 15:35:33.618,1.55497,1.55543,1.18,1.90
2012.08.16 15:35:34.231,1.55497,1.55543,1.18,1.90
2012.08.16 15:35:38.735,1.55497,1.55541,1.18,1.30
2012.08.16 15:35:39.037,1.55497,1.55535,1.18,1.30
2012.08.16 15:35:39.097,1.55497,1.55535,1.18,1.30
2012.08.16 15:35:39.210,1.55496,1.55535,1.18,1.68
2012.08.16 15:35:39.516,1.55496,1.55535,1.18,1.30
2012.08.16 15:35:40.825,1.55496,1.55535,1.18,1.68
2012.08.16 15:35:40.940,1.55496,1.55537,1.18,1.53
2012.08.16 15:35:41.166,1.55496,1.55536,1.18,1.30
2012.08.16 15:35:41.225,1.55497,1.55536,1.18,1.30
2012.08.16 15:35:42.453,1.55497,1.55535,1.18,1.30
2012.08.16 15:35:43.497,1.55493,1.55534,1.18,1.30
2012.08.16 15:35:45.167,1.55496,1.55535,1.18,1.30
2012.08.16 15:35:45.779,1.55496,1.55536,1.18,1.90
2012.08.16 15:35:45.838,1.55493,1.55535,1.18,1.73
2012.08.16 15:35:54.679,1.55497,1.55536,1.18,1.90
2012.08.16 15:35:55.996,1.55493,1.55535,1.52,1.73
2012.08.16 15:36:01.000,1.55493,1.55533,1.18,1.53
2012.08.16 15:36:01.390,1.55493,1.55534,1.18,1.53
2012.08.16 15:36:01.632,1.55493,1.55534,1.18,1.53
2012.08.16 15:36:02.789,1.55493,1.55534,1.56,1.53
2012.08.16 15:36:03.332,1.55498,1.55539,1.18,3.14
2012.08.16 15:36:03.394,1.55498,1.55539,1.93,1.87
2012.08.16 15:36:04.401,1.55498,1.55537,1.56,1.09
2012.08.16 15:36:04.582,1.55495,1.55536,1.18,1.53
2012.08.16 15:36:11.986,1.55492,1.55536,1.18,1.53
2012.08.16 15:36:16.683,1.55492,1.55534,1.18,1.53
2012.08.16 15:36:18.314,1.55492,1.55534,1.18,1.53
2012.08.16 15:36:21.409,1.55492,1.55534,1.18,1.53
2012.08.16 15:36:21.863,1.55492,1.55534,1.93,1.53
2012.08.16 15:36:23.460,1.55498,1.55534,1.13,1.53
2012.08.16 15:36:23.629,1.55498,1.55534,1.73,1.30
2012.08.16 15:36:23.939,1.55499,1.55538,1.18,1.30
2012.08.16 15:36:25.561,1.55498,1.55538,1.93,1.30
2012.08.16 15:36:26.244,1.55498,1.55538,1.93,1.30
2012.08.16 15:36:32.269,1.55499,1.55538,1.18,1.30
2012.08.16 15:36:48.369,1.55498,1.55532,1.18,1.50
2012.08.16 15:36:48.484,1.55499,1.55527,1.13,1.53
2012.08.16 15:36:48.599,1.5549,1.55525,1.13,1.53
2012.08.16 15:36:48.659,1.55489,1.55525,1.88,1.53
2012.08.16 15:36:48.828,1.5549,1.55533,1.18,1.53
2012.08.16 15:36:49.245,1.55489,1.55532,1.18,1.32
2012.08.16 15:36:49.770,1.55489,1.55532,1.18,1.32
2012.08.16 15:36:50.003,1.5549,1.55536,1.56,1.13
2012.08.16 15:36:50.119,1.55494,1.55536,1.93,1.13
2012.08.16 15:36:50.234,1.55494,1.55534,1.18,1.30
2012.08.16 15:36:50.348,1.55494,1.55534,1.56,1.53
2012.08.16 15:36:51.242,1.55494,1.55532,1.56,1.53
2012.08.16 15:36:52.479,1.55494,1.55533,1.56,1.53
2012.08.16 15:37:00.237,1.55493,1.55533,1.18,1.53
2012.08.16 15:37:00.349,1.55489,1.55533,1.93,1.53
2012.08.16 15:37:00.569,1.55488,1.55533,1.18,1.53
2012.08.16 15:37:04.998,1.55488,1.55529,1.18,1.53
2012.08.16 15:37:05.539,1.55487,1.55529,1.56,1.53
2012.08.16 15:37:06.493,1.55492,1.55535,1.33,1.53
2012.08.16 15:37:06.609,1.55494,1.55536,1.33,1.53
2012.08.16 15:37:06.724,1.55496,1.55536,1.13,1.53
2012.08.16 15:37:06.839,1.55494,1.55536,1.56,1.53
2012.08.16 15:37:06.899,1.55496,1.55536,1.73,1.53
2012.08.16 15:37:07.014,1.555,1.5554,1.18,1.12
2012.08.16 15:37:07.294,1.55496,1.55536,1.56,1.12
2012.08.16 15:37:07.408,1.55493,1.55534,1.18,1.30
2012.08.16 15:37:07.522,1.55491,1.55534,1.18,1.53
2012.08.16 15:37:07.690,1.55491,1.55536,1.18,1.12
2012.08.16 15:37:07.751,1.55493,1.55536,1.18,1.64
2012.08.16 15:37:08.379,1.5549,1.55533,1.56,1.53
2012.08.16 15:37:08.961,1.5549,1.55532,1.71,1.53
2012.08.16 15:37:09.076,1.55489,1.55528,2.08,1.53
2012.08.16 15:37:09.298,1.55492,1.55533,1.18,1.53
2012.08.16 15:37:09.412,1.55495,1.55538,1.18,2.05
2012.08.16 15:37:09.526,1.55496,1.55538,1.18,1.83
2012.08.16 15:37:10.064,1.55499,1.55544,1.93,1.53
2012.08.16 15:37:10.680,1.55499,1.55538,1.93,1.53
2012.08.16 15:37:11.172,1.55499,1.55544,1.56,1.53
2012.08.16 15:37:12.004,1.55496,1.55544,2.68,1.90
2012.08.16 15:37:16.535,1.55496,1.55542,1.56,1.90
2012.08.16 15:37:16.649,1.55495,1.55538,1.93,1.53
2012.08.16 15:37:20.256,1.55494,1.55539,2.31,1.53
2012.08.16 15:37:20.424,1.55494,1.55538,1.56,1.53
2012.08.16 15:37:21.907,1.55496,1.55538,1.18,1.53
2012.08.16 15:37:21.967,1.55497,1.55538,1.18,1.53
2012.08.16 15:37:26.781,1.55496,1.55542,1.93,1.15
2012.08.16 15:37:38.507,1.55495,1.55534,1.33,1.53
2012.08.16 15:37:38.628,1.55494,1.55535,1.13,1.12
2012.08.16 15:37:38.851,1.55496,1.55537,1.18,1.12
2012.08.16 15:37:39.570,1.55496,1.55539,1.18,1.53
2012.08.16 15:37:41.480,1.55496,1.55534,1.18,1.09
2012.08.16 15:37:41.921,1.55496,1.55538,1.18,1.53
2012.08.16 15:37:45.574,1.55497,1.55541,1.18,1.15
2012.08.16 15:37:46.738,1.55496,1.55534,1.18,1.09
2012.08.16 15:37:47.178,1.55496,1.55539,1.18,1.53
2012.08.16 15:37:49.673,1.55493,1.55537,1.18,1.12
2012.08.16 15:37:49.843,1.55488,1.55529,1.93,1.30
2012.08.16 15:37:49.956,1.55489,1.55533,1.56,1.32
2012.08.16 15:37:50.250,1.55495,1.55536,1.18,1.30
2012.08.16 15:37:50.635,1.55495,1.55539,1.18,1.53
2012.08.16 15:37:55.717,1.55495,1.55539,1.18,1.53
2012.08.16 15:37:56.989,1.55495,1.55535,1.18,1.30
2012.08.16 15:37:57.048,1.55495,1.55534,1.18,1.30
2012.08.16 15:37:57.108,1.55493,1.55534,1.18,1.53
2012.08.16 15:37:59.504,1.55495,1.55531,1.18,1.30
2012.08.16 15:37:59.853,1.55495,1.55534,1.18,1.53
2012.08.16 15:38:01.875,1.55492,1.55538,2.68,1.53
2012.08.16 15:38:02.204,1.55495,1.55538,1.18,1.53
2012.08.16 15:38:10.301,1.55496,1.55543,1.93,1.12
2012.08.16 15:38:14.557,1.55496,1.55539,1.18,1.73
2012.08.16 15:38:14.875,1.55496,1.55532,1.93,1.13
2012.08.16 15:38:15.226,1.55496,1.5554,1.56,1.53
2012.08.16 15:38:15.730,1.55496,1.55534,1.35,1.30
2012.08.16 15:38:15.899,1.55497,1.55543,1.56,1.87
2012.08.16 15:38:20.398,1.55506,1.55544,1.13,1.15
2012.08.16 15:38:20.513,1.55508,1.55549,1.50,1.53
2012.08.16 15:38:20.573,1.55508,1.55549,1.71,1.53
2012.08.16 15:38:20.996,1.55508,1.55549,1.93,1.30
2012.08.16 15:38:21.056,1.5551,1.55552,1.18,1.15
2012.08.16 15:38:21.226,1.55513,1.55554,1.18,1.30
2012.08.16 15:38:21.286,1.55517,1.55558,1.18,1.30
2012.08.16 15:38:21.672,1.55516,1.55557,1.14,1.30
2012.08.16 15:38:22.022,1.55517,1.55558,2.31,1.30
2012.08.16 15:38:24.227,1.55517,1.55557,1.56,1.30
2012.08.16 15:38:24.457,1.55517,1.55558,1.93,1.30
2012.08.16 15:38:24.570,1.55517,1.55561,2.23,1.35
2012.08.16 15:38:32.050,1.55513,1.55557,1.48,1.13
2012.08.16 15:38:32.381,1.5551,1.55556,1.71,1.90
2012.08.16 15:38:32.442,1.55511,1.55556,1.18,1.53
2012.08.16 15:38:33.602,1.55511,1.55559,1.93,1.53
2012.08.16 15:38:36.912,1.55511,1.55559,1.93,1.53
2012.08.16 15:38:37.183,1.55511,1.55559,1.93,1.53
2012.08.16 15:38:38.769,1.55511,1.55559,1.18,1.53
2012.08.16 15:38:39.272,1.55511,1.55559,1.18,1.53
2012.08.16 15:38:39.332,1.55508,1.55557,1.93,1.53
2012.08.16 15:38:40.277,1.55509,1.55553,1.56,1.35
2012.08.16 15:38:40.642,1.55505,1.55552,1.18,1.35
2012.08.16 15:38:40.755,1.55506,1.55554,1.56,1.35
2012.08.16 15:38:40.868,1.55507,1.55551,1.56,1.13
2012.08.16 15:38:40.983,1.55507,1.55548,1.56,1.88
2012.08.16 15:38:41.106,1.55507,1.55548,1.56,2.65
2012.08.16 15:38:41.848,1.55504,1.55547,1.52,1.35
2012.08.16 15:38:42.987,1.55507,1.55548,1.18,3.03
2012.08.16 15:38:43.531,1.55509,1.55547,1.33,1.53
2012.08.16 15:38:43.940,1.55509,1.55548,1.33,2.65
2012.08.16 15:38:44.283,1.55511,1.55553,1.33,1.73
2012.08.16 15:38:51.167,1.55508,1.5555,1.18,1.73
2012.08.16 15:38:51.280,1.55507,1.55551,1.18,1.73
2012.08.16 15:38:51.394,1.55506,1.5555,1.93,1.90
2012.08.16 15:38:51.496,1.55506,1.5555,1.93,1.90
2012.08.16 15:38:51.610,1.55506,1.5555,1.93,1.90
2012.08.16 15:38:51.833,1.55502,1.55545,1.71,1.53
2012.08.16 15:38:52.033,1.55502,1.55549,1.71,1.53
2012.08.16 15:38:52.618,1.55506,1.55551,1.18,2.65
2012.08.16 15:38:53.941,1.55504,1.55549,1.18,1.53
2012.08.16 15:39:01.511,1.55504,1.5555,1.56,1.53
2012.08.16 15:39:01.845,1.55511,1.55552,1.56,1.53
2012.08.16 15:39:01.959,1.55511,1.55554,1.56,1.53
2012.08.16 15:39:15.390,1.55511,1.55553,2.27,1.53
2012.08.16 15:39:16.002,1.55512,1.55556,1.56,1.15
2012.08.16 15:39:17.113,1.55512,1.55556,1.56,1.15
2012.08.16 15:39:22.357,1.55517,1.55556,1.33,1.15
2012.08.16 15:39:22.662,1.55517,1.55557,1.56,1.15
2012.08.16 15:39:26.621,1.55516,1.55559,1.56,1.53
2012.08.16 15:39:26.845,1.55519,1.55566,1.56,1.90
2012.08.16 15:39:27.067,1.55518,1.55562,1.18,1.53
2012.08.16 15:39:27.198,1.55518,1.55558,1.18,1.53
2012.08.16 15:39:27.833,1.55517,1.55558,1.35,1.15
2012.08.16 15:39:27.900,1.55517,1.55559,1.18,1.53
2012.08.16 15:39:36.424,1.55519,1.55559,1.18,1.53
2012.08.16 15:39:36.839,1.55518,1.55559,1.18,1.30
2012.08.16 15:39:37.390,1.55518,1.55559,1.18,1.30
2012.08.16 15:39:37.939,1.5552,1.55564,1.18,1.53
2012.08.16 15:39:43.701,1.55518,1.55554,1.73,1.68
2012.08.16 15:39:43.761,1.55518,1.55554,1.73,1.90
2012.08.16 15:39:44.039,1.55526,1.55563,1.35,1.30
2012.08.16 15:39:47.113,1.55527,1.55568,1.18,2.80
2012.08.16 15:39:54.822,1.55526,1.55564,1.93,1.30
2012.08.16 15:39:57.918,1.55526,1.55565,1.56,1.30
2012.08.16 15:40:02.119,1.55526,1.55565,1.18,1.30
2012.08.16 15:40:02.232,1.55526,1.55565,1.18,1.30
2012.08.16 15:40:02.723,1.55525,1.55564,1.35,1.30
2012.08.16 15:40:03.052,1.55523,1.55561,1.18,1.13
2012.08.16 15:40:04.019,1.5552,1.55559,1.52,1.88
2012.08.16 15:40:04.524,1.55522,1.5556,1.18,1.13
2012.08.16 15:40:05.187,1.55522,1.5556,1.18,1.13
2012.08.16 15:40:05.758,1.5552,1.55562,2.27,2.43
2012.08.16 15:40:16.340,1.5552,1.55558,1.52,1.30
2012.08.16 15:40:17.103,1.5552,1.55558,1.52,1.30
2012.08.16 15:40:25.665,1.5552,1.55559,1.52,1.30
2012.08.16 15:40:32.307,1.5552,1.55559,1.52,1.53
2012.08.16 15:40:35.499,1.5552,1.55559,1.18,1.53
2012.08.16 15:40:35.613,1.55513,1.55554,1.18,1.53
2012.08.16 15:40:38.411,1.55517,1.55561,1.33,1.15
2012.08.16 15:40:38.588,1.55517,1.55562,2.31,1.53
2012.08.16 15:40:41.183,1.55517,1.55558,1.93,1.53
2012.08.16 15:40:41.299,1.55511,1.55553,1.56,1.30
2012.08.16 15:40:41.359,1.55511,1.55553,1.33,1.53
2012.08.16 15:40:41.419,1.55511,1.55555,1.33,1.53
2012.08.16 15:40:41.479,1.55511,1.55555,1.56,1.53
2012.08.16 15:40:41.894,1.5551,1.55555,1.18,1.53
2012.08.16 15:40:42.210,1.55511,1.55551,1.71,1.53
2012.08.16 15:40:42.726,1.55511,1.55554,1.56,1.53
2012.08.16 15:40:45.644,1.55511,1.55554,1.18,1.53
2012.08.16 15:40:45.703,1.55511,1.55554,1.18,1.53
2012.08.16 15:40:46.033,1.55508,1.55554,1.33,1.53
2012.08.16 15:40:46.093,1.55508,1.55554,1.56,1.53
2012.08.16 15:40:46.326,1.55508,1.55554,1.56,1.53
2012.08.16 15:40:48.007,1.55515,1.55557,1.33,1.35
2012.08.16 15:40:48.285,1.55513,1.55554,1.18,1.30
2012.08.16 15:40:48.398,1.55513,1.55554,1.18,1.53
2012.08.16 15:40:49.854,1.5551,1.55554,1.18,1.53
2012.08.16 15:40:49.967,1.5551,1.55554,1.18,1.53
2012.08.16 15:40:51.019,1.55513,1.55554,3.06,1.30
2012.08.16 15:40:51.132,1.55514,1.55557,1.93,1.53
2012.08.16 15:40:51.360,1.55516,1.55558,1.18,1.53
2012.08.16 15:40:53.406,1.55517,1.55563,3.06,1.53
2012.08.16 15:40:53.791,1.55517,1.55563,3.06,1.53
2012.08.16 15:40:54.707,1.55517,1.55559,1.56,1.53
2012.08.16 15:40:54.767,1.55517,1.55559,1.56,1.53
2012.08.16 15:40:55.318,1.55518,1.55559,1.93,1.30
2012.08.16 15:40:55.595,1.55519,1.55564,1.93,1.53
2012.08.16 15:40:56.155,1.55519,1.55564,1.56,1.53
2012.08.16 15:40:56.691,1.55519,1.55564,2.68,1.53
2012.08.16 15:40:56.905,1.55519,1.55564,2.68,1.53
2012.08.16 15:40:58.532,1.55519,1.55564,1.93,1.53
2012.08.16 15:40:58.878,1.55519,1.55564,1.71,1.53
2012.08.16 15:41:00.288,1.55519,1.55564,1.71,1.53
2012.08.16 15:41:00.348,1.55518,1.55564,1.33,1.53
2012.08.16 15:41:00.555,1.55518,1.55564,1.33,1.53
2012.08.16 15:41:01.300,1.55518,1.55563,1.93,1.53
2012.08.16 15:41:01.373,1.55518,1.55563,1.93,1.53
2012.08.16 15:41:01.919,1.5552,1.55563,1.18,1.53
2012.08.16 15:41:02.714,1.5552,1.55563,1.18,1.53
2012.08.16 15:41:07.583,1.55518,1.55563,1.93,1.53
2012.08.16 15:41:08.197,1.5552,1.55563,1.33,1.53
2012.08.16 15:41:08.256,1.5552,1.55559,1.33,1.53
2012.08.16 15:41:08.555,1.5552,1.55559,1.33,1.53
2012.08.16 15:41:08.834,1.55515,1.55556,1.33,1.90
2012.08.16 15:41:10.478,1.55514,1.55556,1.33,1.53
2012.08.16 15:41:11.048,1.55513,1.55556,1.56,1.53
2012.08.16 15:41:11.771,1.55514,1.55556,1.56,1.53
2012.08.16 15:41:15.134,1.55514,1.55556,1.33,1.53
2012.08.16 15:41:18.059,1.55513,1.55556,1.56,1.53
2012.08.16 15:41:19.791,1.5551,1.55554,1.18,1.53
2012.08.16 15:41:24.531,1.55508,1.55554,1.18,1.53
2012.08.16 15:41:24.677,1.55508,1.55554,1.18,1.53
2012.08.16 15:41:25.848,1.55508,1.55554,1.18,1.53
2012.08.16 15:41:26.418,1.55507,1.55553,1.18,1.53
2012.08.16 15:41:26.749,1.55504,1.55548,1.71,1.53
2012.08.16 15:41:27.086,1.55504,1.55549,1.93,1.53
2012.08.16 15:41:27.886,1.55507,1.55549,1.18,1.53
2012.08.16 15:41:28.389,1.55507,1.55549,1.56,1.53
2012.08.16 15:41:28.936,1.55508,1.55553,1.56,1.53
2012.08.16 15:41:30.115,1.55509,1.55553,1.56,1.53
2012.08.16 15:41:30.283,1.55509,1.55553,1.33,1.53
2012.08.16 15:41:31.040,1.55512,1.55556,1.18,1.15
2012.08.16 15:41:31.612,1.55506,1.55554,1.56,1.53
2012.08.16 15:41:32.181,1.55509,1.55555,1.18,1.53
2012.08.16 15:41:32.485,1.55517,1.55556,1.35,1.15
2012.08.16 15:41:32.709,1.55509,1.5555,1.18,1.53
2012.08.16 15:41:33.134,1.55509,1.55551,1.93,1.53
2012.08.16 15:41:33.646,1.55509,1.55553,1.18,1.53
2012.08.16 15:41:35.346,1.55511,1.55559,1.56,2.28
2012.08.16 15:41:36.457,1.5551,1.55553,1.93,1.53
2012.08.16 15:41:37.005,1.5551,1.55554,1.18,1.53
2012.08.16 15:41:37.118,1.5551,1.55553,1.18,1.53
2012.08.16 15:41:37.802,1.5551,1.55555,1.18,1.53
2012.08.16 15:41:38.521,1.5551,1.55555,1.18,1.53
2012.08.16 15:41:38.639,1.5551,1.55555,1.18,1.53
2012.08.16 15:41:39.161,1.5551,1.55554,1.18,1.53
2012.08.16 15:41:49.816,1.55514,1.55554,1.18,1.53
2012.08.16 15:41:54.286,1.55513,1.55554,1.56,1.53
2012.08.16 15:41:55.712,1.55513,1.55555,1.18,1.53
2012.08.16 15:42:05.758,1.55514,1.55555,1.56,1.53
2012.08.16 15:42:06.031,1.55514,1.55555,1.56,1.53
2012.08.16 15:42:07.337,1.55513,1.55553,1.93,1.53
2012.08.16 15:42:07.842,1.55513,1.55555,1.93,1.30
2012.08.16 15:42:10.623,1.55514,1.55555,1.93,1.30
2012.08.16 15:42:10.689,1.55514,1.55555,1.93,1.30
2012.08.16 15:42:11.022,1.55514,1.55555,1.93,1.30
2012.08.16 15:42:11.244,1.55517,1.55559,1.56,1.30
2012.08.16 15:42:12.259,1.55518,1.55559,1.18,1.30
2012.08.16 15:42:12.374,1.55518,1.55559,1.18,1.30
2012.08.16 15:42:13.121,1.55519,1.55559,1.18,1.30
2012.08.16 15:42:14.866,1.55519,1.55559,1.18,1.30
2012.08.16 15:42:15.451,1.55522,1.55559,1.35,1.30
2012.08.16 15:42:15.973,1.5552,1.55559,1.18,1.30
2012.08.16 15:42:16.440,1.5552,1.55559,1.18,1.30
2012.08.16 15:42:17.002,1.5552,1.5556,1.18,1.30
2012.08.16 15:42:20.867,1.55519,1.5556,1.93,1.30
2012.08.16 15:42:22.490,1.55519,1.5556,2.31,1.30
2012.08.16 15:42:23.309,1.55519,1.5556,1.93,1.30
2012.08.16 15:42:23.872,1.55519,1.5556,2.31,1.30
2012.08.16 15:42:25.629,1.55519,1.55557,1.56,1.30
2012.08.16 15:42:26.560,1.55519,1.55559,1.56,1.30
2012.08.16 15:42:27.091,1.55519,1.55557,1.56,1.30
2012.08.16 15:42:27.592,1.55519,1.55559,1.56,1.30
2012.08.16 15:42:27.814,1.55519,1.55557,1.56,1.30
2012.08.16 15:42:28.137,1.55519,1.55558,1.56,1.30
2012.08.16 15:42:32.528,1.55519,1.55557,1.93,1.30
2012.08.16 15:42:33.938,1.55519,1.55558,1.93,1.30
2012.08.16 15:42:35.157,1.55519,1.55557,1.93,1.30
2012.08.16 15:42:37.846,1.55519,1.55558,1.93,1.30
2012.08.16 15:42:40.103,1.55519,1.55556,1.93,1.30
2012.08.16 15:42:44.943,1.55519,1.55559,1.93,1.30
2012.08.16 15:42:45.529,1.55519,1.55559,1.93,1.30
2012.08.16 15:42:49.479,1.55519,1.55557,1.93,1.30
2012.08.16 15:42:49.701,1.55519,1.55558,2.31,1.30
2012.08.16 15:42:49.762,1.55519,1.55561,2.31,1.30
2012.08.16 15:42:49.821,1.55519,1.55561,2.31,1.30
2012.08.16 15:42:49.939,1.55519,1.55564,2.31,1.53
2012.08.16 15:42:50.052,1.55519,1.55561,2.31,1.30
2012.08.16 15:42:50.164,1.55519,1.55563,1.93,1.30
2012.08.16 15:42:50.755,1.55519,1.55561,3.06,1.30
2012.08.16 15:42:51.452,1.55519,1.55561,1.93,1.30
2012.08.16 15:42:52.970,1.55519,1.55561,3.06,1.30
2012.08.16 15:42:53.136,1.55519,1.55561,3.06,1.30
2012.08.16 15:43:01.736,1.5552,1.55565,1.56,1.53
2012.08.16 15:43:01.796,1.55525,1.55565,1.18,1.53
2012.08.16 15:43:02.359,1.55525,1.55565,1.56,1.30
2012.08.16 15:43:16.486,1.55525,1.55566,1.56,1.53
2012.08.16 15:43:16.921,1.55525,1.55566,1.56,1.30
2012.08.16 15:43:23.305,1.55525,1.55566,1.56,1.30
2012.08.16 15:43:25.642,1.55525,1.55564,1.56,1.30
2012.08.16 15:43:26.297,1.5552,1.55561,1.18,1.30
2012.08.16 15:43:38.588,1.5552,1.55561,1.18,1.30
2012.08.16 15:43:44.160,1.5552,1.55561,1.56,1.30
2012.08.16 15:43:48.701,1.5552,1.55561,1.56,1.30
2012.08.16 15:43:48.821,1.5552,1.55561,1.56,1.30
2012.08.16 15:43:48.957,1.5552,1.55561,1.56,1.53
2012.08.16 15:43:49.288,1.5552,1.55561,1.56,1.53
2012.08.16 15:43:49.410,1.5552,1.55561,1.56,1.53
2012.08.16 15:44:05.618,1.5552,1.55562,1.56,1.53
2012.08.16 15:44:13.722,1.5552,1.55562,1.89,1.53
2012.08.16 15:44:14.049,1.55524,1.55566,2.61,1.13
2012.08.16 15:44:14.381,1.55524,1.55562,1.13,1.53
2012.08.16 15:44:19.194,1.55523,1.55558,1.18,1.13
2012.08.16 15:44:19.418,1.55514,1.55552,1.18,1.13
2012.08.16 15:44:19.533,1.55511,1.55549,1.28,1.53
2012.08.16 15:44:19.649,1.55508,1.55549,1.56,1.53
2012.08.16 15:44:20.029,1.55511,1.55549,1.13,1.53
2012.08.16 15:44:21.003,1.55511,1.55544,1.13,1.30
2012.08.16 15:44:21.073,1.55514,1.55549,1.35,1.30
2012.08.16 15:44:22.680,1.55514,1.55554,1.35,1.53
2012.08.16 15:44:25.198,1.55514,1.55554,1.35,1.53
2012.08.16 15:44:33.978,1.55513,1.55549,1.18,1.30
2012.08.16 15:44:34.204,1.55507,1.55549,1.18,1.53
2012.08.16 15:44:34.741,1.55505,1.55549,1.18,1.53
2012.08.16 15:44:35.026,1.55505,1.55547,1.18,1.53
2012.08.16 15:44:35.143,1.55505,1.55549,1.18,1.53
2012.08.16 15:44:35.724,1.55505,1.55549,1.18,1.53
2012.08.16 15:44:38.918,1.55507,1.55551,1.56,1.15
2012.08.16 15:44:39.601,1.55509,1.55548,1.33,1.53
2012.08.16 15:44:39.995,1.5551,1.55553,1.56,1.53
2012.08.16 15:44:41.293,1.5551,1.55553,1.56,1.53
2012.08.16 15:44:45.563,1.55511,1.55556,1.18,1.15
2012.08.16 15:44:50.237,1.55514,1.55554,1.56,1.53
2012.08.16 15:44:50.352,1.55512,1.55556,1.56,2.28
2012.08.16 15:44:53.953,1.55511,1.55556,2.64,1.53
2012.08.16 15:44:56.111,1.55511,1.55554,1.14,1.30
2012.08.16 15:44:56.280,1.55511,1.55553,1.89,1.53
2012.08.16 15:44:56.451,1.55511,1.55555,1.89,1.53
2012.08.16 15:44:56.621,1.55511,1.55557,2.64,1.90
2012.08.16 15:44:58.445,1.55513,1.55556,1.11,1.15
2012.08.16 15:44:58.949,1.55508,1.55554,1.18,1.30
2012.08.16 15:44:59.421,1.5551,1.55553,1.18,1.30
2012.08.16 15:44:59.645,1.55511,1.55553,1.18,1.30
2012.08.16 15:45:00.536,1.55511,1.55559,2.27,1.53
2012.08.16 15:45:01.085,1.55511,1.55552,1.14,1.30
2012.08.16 15:45:01.664,1.55507,1.55549,1.52,1.53
2012.08.16 15:45:01.834,1.55511,1.55554,1.56,1.53
2012.08.16 15:45:02.057,1.55507,1.55548,3.02,1.53
2012.08.16 15:45:02.615,1.55511,1.55554,1.18,1.53
2012.08.16 15:45:03.880,1.55511,1.55554,1.56,1.53
2012.08.16 15:45:04.593,1.55511,1.55554,1.18,1.53
2012.08.16 15:45:05.120,1.55506,1.55548,1.52,1.53
2012.08.16 15:45:06.292,1.55507,1.55551,1.07,1.68
2012.08.16 15:45:06.678,1.55512,1.55552,1.18,1.30
2012.08.16 15:45:08.339,1.55507,1.5555,1.67,1.30
2012.08.16 15:45:08.608,1.55507,1.55548,1.52,1.53
2012.08.16 15:45:08.938,1.55503,1.55547,1.63,1.12
2012.08.16 15:45:09.108,1.555,1.55543,1.14,1.53
2012.08.16 15:45:09.539,1.555,1.55543,1.14,1.53
2012.08.16 15:45:10.071,1.55498,1.55543,1.18,1.53
2012.08.16 15:45:10.596,1.55497,1.55543,1.56,1.53
2012.08.16 15:45:16.735,1.55501,1.55544,1.56,1.53
2012.08.16 15:45:16.850,1.55503,1.55545,1.48,1.30
2012.08.16 15:45:16.965,1.55498,1.55544,1.82,1.53
2012.08.16 15:45:17.079,1.55496,1.55543,2.31,1.12
2012.08.16 15:45:23.188,1.55498,1.55543,1.18,1.12
2012.08.16 15:45:24.027,1.55498,1.55543,1.18,1.12
2012.08.16 15:45:25.457,1.55499,1.55543,1.18,1.12
2012.08.16 15:45:25.799,1.55499,1.55539,1.35,2.05
2012.08.16 15:45:25.913,1.55496,1.55539,1.50,2.28
2012.08.16 15:45:26.298,1.55497,1.55543,1.56,1.87
2012.08.16 15:45:27.384,1.55498,1.55543,1.18,1.87
2012.08.16 15:45:27.902,1.55504,1.55545,1.56,1.12
2012.08.16 15:45:29.257,1.55504,1.55549,1.56,1.53
2012.08.16 15:45:29.587,1.55504,1.55539,1.13,1.53
2012.08.16 15:45:30.170,1.55501,1.55539,1.13,1.53
2012.08.16 15:45:30.284,1.55499,1.55539,1.56,1.53
2012.08.16 15:45:30.577,1.55501,1.55539,1.13,1.53
2012.08.16 15:45:31.109,1.55501,1.55539,1.13,1.53
2012.08.16 15:45:33.106,1.55499,1.55539,1.56,1.53
2012.08.16 15:45:39.202,1.55499,1.55535,1.56,1.09
2012.08.16 15:45:39.262,1.55496,1.55535,1.56,1.09
2012.08.16 15:45:39.486,1.55494,1.55533,1.18,1.30
2012.08.16 15:45:39.817,1.55492,1.55533,2.08,2.65
2012.08.16 15:45:40.269,1.55493,1.55535,1.33,1.53
2012.08.16 15:45:40.383,1.55493,1.55537,1.56,1.83
2012.08.16 15:45:44.027,1.55495,1.55536,1.18,1.15
2012.08.16 15:45:45.450,1.55496,1.55537,1.18,1.15
2012.08.16 15:45:47.422,1.55495,1.55535,1.18,1.12
2012.08.16 15:45:47.488,1.55492,1.5553,1.33,1.53
2012.08.16 15:45:48.877,1.55492,1.5553,1.33,1.53
2012.08.16 15:45:53.494,1.55492,1.55532,2.08,1.49
2012.08.16 15:45:54.007,1.55492,1.55532,2.08,1.49
2012.08.16 15:45:54.761,1.55492,1.55532,1.71,1.12
2012.08.16 15:45:56.196,1.55486,1.55531,2.64,1.35
2012.08.16 15:45:56.729,1.55489,1.55529,1.18,1.90
2012.08.16 15:45:56.793,1.55489,1.55528,1.93,1.15
2012.08.16 15:45:56.854,1.55492,1.55528,1.13,1.15
2012.08.16 15:45:57.200,1.55492,1.55532,2.08,1.12
2012.08.16 15:45:57.314,1.55492,1.55532,2.31,1.12
2012.08.16 15:45:57.433,1.55492,1.55532,1.56,1.87
2012.08.16 15:45:57.828,1.55492,1.55533,2.31,3.37
2012.08.16 15:45:57.888,1.55492,1.5553,1.56,1.30
2012.08.16 15:45:58.413,1.55492,1.5553,1.33,1.53
2012.08.16 15:46:02.385,1.55487,1.55532,1.93,2.24
2012.08.16 15:46:05.655,1.55487,1.55532,2.31,1.87
2012.08.16 15:46:06.229,1.55487,1.55532,2.31,1.87
2012.08.16 15:46:06.563,1.55486,1.55529,2.64,1.53
2012.08.16 15:46:08.228,1.5549,1.55529,1.18,1.53
2012.08.16 15:46:08.289,1.55488,1.55529,1.18,1.53
2012.08.16 15:46:10.262,1.5549,1.55529,1.56,1.53
2012.08.16 15:46:10.820,1.55486,1.55529,1.89,1.53
2012.08.16 15:46:11.432,1.55487,1.55529,1.18,1.53
2012.08.16 15:46:12.029,1.55486,1.55526,1.52,1.35
2012.08.16 15:46:18.526,1.55492,1.55534,1.67,1.53
2012.08.16 15:46:20.081,1.5549,1.55532,1.14,1.53
2012.08.16 15:46:20.196,1.55492,1.55528,1.33,1.32
2012.08.16 15:46:20.310,1.55492,1.55528,1.33,1.32
2012.08.16 15:46:20.739,1.55492,1.55534,1.33,1.32
2012.08.16 15:46:20.854,1.55493,1.55535,1.56,1.53
2012.08.16 15:46:23.172,1.55495,1.55534,1.18,1.13
2012.08.16 15:46:23.395,1.55493,1.5553,1.13,1.53
2012.08.16 15:46:26.131,1.55493,1.5553,1.47,1.53
2012.08.16 15:46:26.531,1.55493,1.55532,1.67,1.90
2012.08.16 15:46:27.079,1.55493,1.55532,1.67,1.15
2012.08.16 15:46:27.193,1.55493,1.55532,1.67,1.15
2012.08.16 15:46:28.331,1.55493,1.55532,1.33,1.49
2012.08.16 15:46:30.006,1.55493,1.55529,1.33,1.53
2012.08.16 15:46:30.623,1.55493,1.55532,1.33,2.24
2012.08.16 15:46:30.682,1.55493,1.55532,1.33,1.69
2012.08.16 15:46:30.742,1.55493,1.55533,1.56,1.13
2012.08.16 15:46:30.864,1.55493,1.55537,1.56,1.15
2012.08.16 15:46:31.086,1.55493,1.55535,1.93,1.53
2012.08.16 15:46:31.201,1.55496,1.55537,1.18,1.15
2012.08.16 15:46:31.742,1.55496,1.55535,1.18,1.53
2012.08.16 15:46:32.683,1.55496,1.55536,1.18,1.15
2012.08.16 15:46:33.491,1.55491,1.55533,1.18,1.30
2012.08.16 15:46:33.659,1.5549,1.55533,1.14,1.53
2012.08.16 15:46:35.377,1.55489,1.5553,1.56,1.53
2012.08.16 15:46:35.691,1.55483,1.55525,1.93,1.53
2012.08.16 15:46:37.444,1.55484,1.55526,2.46,2.28
2012.08.16 15:46:38.466,1.55483,1.55526,1.71,2.10
2012.08.16 15:46:38.637,1.55484,1.55527,1.93,1.49
2012.08.16 15:46:38.805,1.55484,1.55527,1.93,1.49
2012.08.16 15:46:39.665,1.55487,1.55527,1.18,1.53
2012.08.16 15:46:40.139,1.55486,1.55532,1.93,1.53
2012.08.16 15:46:45.011,1.55488,1.5553,1.18,1.30
2012.08.16 15:46:45.180,1.55492,1.55529,1.13,1.53
2012.08.16 15:46:45.239,1.55492,1.55529,1.73,1.30
2012.08.16 15:46:45.299,1.55494,1.55534,1.56,1.30
2012.08.16 15:46:45.739,1.55488,1.55529,2.04,2.25
2012.08.16 15:46:46.267,1.55488,1.55527,2.04,1.68
2012.08.16 15:46:46.331,1.55488,1.55527,1.71,1.68
2012.08.16 15:46:46.393,1.55488,1.55527,1.71,1.68
2012.08.16 15:46:46.562,1.55487,1.55523,1.33,1.53
2012.08.16 15:46:46.786,1.55489,1.55526,1.18,1.68
2012.08.16 15:46:46.845,1.55483,1.55524,1.93,1.13
2012.08.16 15:46:47.178,1.55479,1.55518,1.93,1.50
2012.08.16 15:46:47.567,1.55477,1.55518,1.18,1.53
2012.08.16 15:46:48.357,1.55472,1.55518,1.52,1.53
2012.08.16 15:46:49.154,1.55472,1.55518,1.18,1.53
2012.08.16 15:46:49.926,1.55471,1.55514,1.18,1.30
2012.08.16 15:46:49.986,1.55471,1.55514,1.18,1.30
2012.08.16 15:46:50.101,1.55471,1.55515,1.18,1.30
2012.08.16 15:46:51.285,1.55474,1.55515,1.56,1.30
2012.08.16 15:46:53.389,1.55474,1.55515,1.56,1.30
2012.08.16 15:46:54.984,1.55473,1.55512,1.93,1.13
2012.08.16 15:46:55.518,1.55473,1.55514,1.93,1.30
2012.08.16 15:46:56.059,1.55473,1.55514,1.93,1.30
2012.08.16 15:47:00.754,1.55474,1.55514,1.56,1.30
2012.08.16 15:47:06.569,1.55472,1.55513,1.56,1.50
2012.08.16 15:47:06.684,1.55472,1.55511,1.56,1.13
2012.08.16 15:47:06.909,1.55469,1.55504,1.69,1.30
2012.08.16 15:47:06.969,1.55469,1.55508,1.18,2.43
2012.08.16 15:47:07.082,1.5546,1.55508,1.93,1.68
2012.08.16 15:47:07.142,1.55462,1.55507,2.31,1.15
2012.08.16 15:47:07.203,1.55462,1.55503,1.35,1.30
2012.08.16 15:47:07.262,1.55462,1.55503,1.56,1.30
2012.08.16 15:47:07.377,1.55459,1.55503,1.56,1.53
2012.08.16 15:47:07.880,1.55458,1.55501,1.93,1.53
2012.08.16 15:47:08.434,1.55459,1.55504,1.93,1.53
2012.08.16 15:47:10.237,1.55462,1.55505,1.56,1.12
2012.08.16 15:47:10.351,1.55463,1.55506,1.18,1.49
2012.08.16 15:47:11.082,1.55459,1.55504,2.31,1.53
2012.08.16 15:47:11.141,1.55458,1.55504,1.93,1.53
2012.08.16 15:47:12.737,1.55459,1.55504,1.71,1.53
2012.08.16 15:47:14.067,1.55458,1.55504,1.71,1.53
2012.08.16 15:47:14.541,1.55463,1.55505,1.18,1.12
2012.08.16 15:47:18.023,1.5546,1.55504,1.56,1.53
2012.08.16 15:47:18.369,1.55458,1.55504,1.93,1.53
2012.08.16 15:47:21.219,1.55459,1.55501,1.56,1.53
2012.08.16 15:47:25.967,1.55459,1.55504,1.56,1.53
2012.08.16 15:47:27.716,1.55459,1.55501,1.93,1.53
2012.08.16 15:47:28.794,1.55459,1.55504,1.93,1.53
2012.08.16 15:47:28.907,1.55459,1.55504,1.93,1.53
2012.08.16 15:47:36.085,1.55459,1.55501,2.83,1.53
2012.08.16 15:47:37.458,1.55459,1.55501,1.93,1.53
2012.08.16 15:47:37.685,1.55459,1.55504,1.71,1.53
2012.08.16 15:47:39.876,1.55459,1.55501,2.83,1.53
2012.08.16 15:47:41.873,1.55459,1.55501,2.83,1.53
2012.08.16 15:47:41.986,1.55459,1.55501,1.93,1.53
2012.08.16 15:47:42.099,1.55459,1.55504,1.71,1.30
2012.08.16 15:47:42.484,1.55459,1.55501,1.71,1.30
2012.08.16 15:47:43.026,1.55459,1.55504,1.71,1.30
2012.08.16 15:47:43.884,1.55459,1.55501,3.43,1.53
2012.08.16 15:47:44.139,1.55461,1.55504,1.18,1.53
2012.08.16 15:47:44.323,1.55463,1.55506,2.31,1.53
2012.08.16 15:47:44.765,1.55463,1.55506,2.31,1.30
2012.08.16 15:47:47.385,1.55463,1.55506,2.31,1.30
2012.08.16 15:47:47.836,1.55463,1.55506,2.31,1.30
2012.08.16 15:47:48.293,1.55464,1.55506,1.93,1.30
2012.08.16 15:47:48.634,1.55464,1.55506,1.93,1.30
2012.08.16 15:47:49.033,1.55464,1.55506,1.93,1.30
2012.08.16 15:47:49.696,1.55463,1.55506,2.31,1.30
2012.08.16 15:47:50.473,1.55466,1.55506,1.18,1.30
2012.08.16 15:47:50.587,1.55466,1.55508,1.56,2.05
2012.08.16 15:47:53.673,1.55472,1.55511,2.31,1.30
2012.08.16 15:47:54.051,1.55476,1.55511,1.18,1.13
2012.08.16 15:47:54.222,1.55478,1.55519,1.18,1.53
2012.08.16 15:47:54.338,1.55477,1.55519,1.93,1.30
2012.08.16 15:47:54.792,1.55483,1.55519,1.73,1.30
2012.08.16 15:47:55.065,1.55483,1.55523,1.73,1.30
2012.08.16 15:47:56.171,1.55483,1.55523,1.73,1.30
2012.08.16 15:47:59.693,1.55483,1.55523,1.73,1.30
2012.08.16 15:48:00.305,1.55483,1.55519,1.73,1.30
2012.08.16 15:48:02.016,1.55483,1.55523,1.73,1.30
2012.08.16 15:48:02.076,1.55483,1.55523,1.73,1.30
2012.08.16 15:48:03.109,1.55483,1.55519,1.73,1.30
2012.08.16 15:48:03.314,1.55483,1.55519,1.73,1.30
2012.08.16 15:48:03.852,1.55484,1.55519,1.73,1.30
2012.08.16 15:48:06.794,1.55483,1.55523,1.73,1.30
2012.08.16 15:48:08.263,1.55484,1.55519,1.73,1.30
2012.08.16 15:48:08.684,1.55483,1.55519,1.73,1.30
2012.08.16 15:48:09.239,1.55483,1.55524,1.73,1.30
2012.08.16 15:48:09.298,1.55484,1.55524,1.93,1.30
2012.08.16 15:48:35.668,1.55484,1.55523,1.93,1.30
2012.08.16 15:48:40.716,1.55482,1.55523,1.89,2.05
2012.08.16 15:48:46.399,1.55482,1.55523,1.89,2.05
2012.08.16 15:48:46.674,1.55493,1.55523,1.13,1.30
2012.08.16 15:48:46.788,1.55493,1.5553,1.47,1.53
2012.08.16 15:48:46.849,1.55494,1.55533,1.18,1.68
2012.08.16 15:48:46.962,1.55494,1.55537,1.18,1.15
2012.08.16 15:48:55.637,1.55495,1.55537,1.18,1.15
2012.08.16 15:48:56.201,1.55495,1.55537,1.52,1.15
2012.08.16 15:48:56.881,1.55495,1.55537,1.52,1.15
2012.08.16 15:49:05.726,1.55495,1.55537,1.18,1.15
2012.08.16 15:49:11.686,1.55495,1.55536,1.18,1.15
2012.08.16 15:49:12.527,1.55493,1.55533,1.18,1.53
2012.08.16 15:49:12.900,1.55489,1.55533,1.56,1.53
2012.08.16 15:49:13.284,1.55492,1.55537,1.18,1.15
2012.08.16 15:49:13.622,1.55489,1.55533,1.56,1.30
2012.08.16 15:49:13.685,1.55489,1.55533,1.56,1.53
2012.08.16 15:49:13.907,1.55492,1.55537,1.18,1.15
2012.08.16 15:49:14.715,1.55492,1.55537,1.18,1.15
2012.08.16 15:49:15.666,1.55492,1.55537,1.18,1.15
2012.08.16 15:49:22.646,1.55492,1.55537,1.18,1.15
2012.08.16 15:49:25.795,1.55496,1.55539,2.27,2.80
2012.08.16 15:49:26.018,1.55495,1.55537,1.14,1.15
2012.08.16 15:49:33.711,1.5549,1.55534,1.18,1.53
2012.08.16 15:49:34.360,1.55491,1.55536,1.18,1.15
2012.08.16 15:49:35.529,1.55492,1.55536,1.56,1.15
2012.08.16 15:49:37.617,1.55492,1.55536,1.56,1.15
2012.08.16 15:49:37.996,1.55492,1.55536,1.56,1.15
2012.08.16 15:49:43.873,1.55492,1.55531,1.18,1.30
2012.08.16 15:49:44.149,1.55487,1.55524,1.13,1.53
2012.08.16 15:49:44.209,1.55486,1.55524,1.13,1.53
2012.08.16 15:49:44.505,1.55487,1.55527,1.18,1.15
2012.08.16 15:49:47.484,1.55486,1.55531,2.68,1.15
2012.08.16 15:49:47.597,1.55486,1.55531,2.68,1.15
2012.08.16 15:49:48.765,1.55492,1.55536,1.18,1.15
2012.08.16 15:49:49.114,1.55492,1.55537,1.56,1.15
2012.08.16 15:49:51.101,1.55493,1.55536,1.18,1.15
2012.08.16 15:49:51.788,1.55493,1.55536,1.18,1.15
2012.08.16 15:49:52.110,1.55493,1.55537,1.18,1.15
2012.08.16 15:49:57.848,1.55493,1.55536,1.18,1.15
2012.08.16 15:49:58.579,1.55493,1.55536,1.18,1.15
2012.08.16 15:50:04.791,1.55493,1.55537,1.18,1.15
2012.08.16 15:50:07.839,1.55493,1.55537,1.18,1.15
2012.08.16 15:50:08.271,1.55493,1.55534,1.18,1.30
2012.08.16 15:50:16.544,1.55493,1.55536,1.18,1.15
2012.08.16 15:50:17.082,1.55489,1.55533,1.56,1.53
2012.08.16 15:50:18.683,1.55489,1.55532,1.35,1.15
2012.08.16 15:50:18.943,1.55486,1.55528,1.93,1.53
2012.08.16 15:50:20.807,1.55486,1.55528,1.93,1.53
2012.08.16 15:50:22.834,1.55486,1.55528,1.93,1.53
2012.08.16 15:50:23.932,1.55486,1.55528,1.93,1.53
2012.08.16 15:50:24.703,1.55486,1.55528,1.93,1.53
2012.08.16 15:50:25.051,1.55485,1.55524,1.18,1.53
2012.08.16 15:50:25.399,1.55495,1.55524,1.13,1.53
2012.08.16 15:50:25.690,1.55492,1.55531,1.33,2.20
2012.08.16 15:50:26.207,1.55495,1.55533,1.33,1.53
2012.08.16 15:50:26.738,1.55495,1.55533,1.33,1.53
2012.08.16 15:50:27.714,1.55498,1.55533,1.13,1.53
2012.08.16 15:50:27.830,1.55505,1.55541,1.18,1.47
2012.08.16 15:50:29.058,1.55499,1.55539,1.93,1.53
2012.08.16 15:50:30.438,1.55497,1.55539,1.56,1.68
2012.08.16 15:50:30.498,1.55495,1.55537,1.56,1.27
2012.08.16 15:50:30.613,1.55495,1.55533,1.71,1.32
2012.08.16 15:50:31.179,1.55495,1.55533,1.71,1.32
2012.08.16 15:50:31.788,1.55495,1.55533,1.71,1.32
2012.08.16 15:50:32.666,1.55496,1.55533,1.18,1.09
2012.08.16 15:50:32.781,1.55503,1.55539,1.35,2.05
2012.08.16 15:50:32.841,1.55505,1.55542,1.18,1.47
2012.08.16 15:50:35.517,1.55503,1.55542,1.56,1.47
2012.08.16 15:50:36.126,1.55503,1.55542,1.56,1.47
2012.08.16 15:50:37.161,1.55503,1.55539,1.56,1.50
2012.08.16 15:50:37.383,1.55496,1.55531,1.13,1.53
2012.08.16 15:50:38.285,1.55496,1.55531,1.13,1.53
2012.08.16 15:50:40.153,1.55496,1.55533,1.13,1.87
2012.08.16 15:50:40.668,1.55496,1.55533,1.13,1.87
2012.08.16 15:50:40.890,1.55498,1.55538,1.18,2.17
2012.08.16 15:50:41.414,1.55499,1.55538,1.18,2.17
2012.08.16 15:50:42.410,1.55496,1.55538,1.56,2.17
2012.08.16 15:50:45.565,1.55496,1.55538,1.18,1.87
2012.08.16 15:50:45.624,1.55496,1.55538,1.18,1.87
2012.08.16 15:50:45.683,1.55496,1.55538,1.18,1.87
2012.08.16 15:50:45.742,1.55496,1.55538,1.18,1.87
2012.08.16 15:50:46.239,1.55503,1.55539,1.88,1.53
2012.08.16 15:50:46.353,1.55504,1.5554,1.56,1.30
2012.08.16 15:50:48.449,1.55504,1.55542,1.56,1.27
2012.08.16 15:50:49.106,1.55504,1.5554,1.56,1.30
2012.08.16 15:50:50.803,1.55504,1.55542,1.56,1.27
2012.08.16 15:50:51.192,1.55504,1.5554,1.56,1.30
2012.08.16 15:50:51.883,1.55504,1.55542,1.56,1.27
2012.08.16 15:50:55.489,1.55504,1.55543,1.56,1.27
2012.08.16 15:50:55.597,1.55504,1.55542,1.56,1.47
2012.08.16 15:50:55.985,1.55504,1.55543,1.56,2.02
2012.08.16 15:50:57.331,1.55503,1.55543,1.93,2.02
2012.08.16 15:50:58.138,1.55505,1.55543,1.18,2.02
2012.08.16 15:50:59.371,1.55505,1.55543,1.18,2.02
2012.08.16 15:50:59.944,1.55504,1.55543,2.68,2.02
2012.08.16 15:51:00.956,1.55504,1.55541,2.68,1.13
2012.08.16 15:51:01.459,1.55504,1.55539,1.35,1.30
2012.08.16 15:51:01.627,1.55499,1.55539,1.18,1.53
2012.08.16 15:51:15.498,1.555,1.55539,1.18,1.53
2012.08.16 15:51:19.795,1.55498,1.55539,1.56,1.53
2012.08.16 15:51:20.602,1.555,1.55539,1.18,1.53
2012.08.16 15:51:22.083,1.555,1.55536,1.18,1.15
2012.08.16 15:51:22.415,1.55492,1.55529,1.35,1.30
2012.08.16 15:51:22.475,1.55492,1.55529,1.35,1.53
2012.08.16 15:51:22.534,1.55492,1.55526,1.35,1.09
2012.08.16 15:51:23.048,1.55492,1.55526,1.18,1.09
2012.08.16 15:51:24.393,1.55489,1.55526,1.56,1.09
2012.08.16 15:51:24.980,1.55492,1.55526,1.18,1.09
2012.08.16 15:51:25.509,1.55492,1.55526,1.18,1.09
2012.08.16 15:51:26.120,1.55492,1.55526,1.18,1.09
2012.08.16 15:51:27.748,1.55492,1.55526,1.18,1.09
2012.08.16 15:51:28.204,1.55492,1.55528,1.18,1.30
2012.08.16 15:51:30.178,1.55489,1.55524,1.93,1.50
2012.08.16 15:51:30.237,1.5549,1.55524,1.18,1.50
2012.08.16 15:51:30.667,1.55489,1.55524,2.04,1.50
2012.08.16 15:51:30.733,1.55491,1.55528,1.18,1.05
2012.08.16 15:51:31.083,1.55487,1.55526,1.18,1.30
2012.08.16 15:51:31.251,1.55484,1.55523,1.33,1.53
2012.08.16 15:51:31.420,1.55481,1.55523,1.18,1.53
2012.08.16 15:51:34.729,1.55486,1.55527,1.13,1.15
2012.08.16 15:51:34.788,1.55486,1.55529,1.56,2.43
2012.08.16 15:51:35.639,1.55486,1.55529,1.56,1.68
2012.08.16 15:51:41.645,1.55486,1.55527,1.56,1.27
2012.08.16 15:51:42.636,1.55486,1.55529,1.56,1.68
2012.08.16 15:51:48.299,1.5549,1.5553,1.18,1.30
2012.08.16 15:51:48.603,1.55486,1.55527,2.10,1.15
2012.08.16 15:51:48.664,1.55486,1.55527,2.10,1.15
2012.08.16 15:51:48.726,1.55486,1.55532,2.31,1.53
2012.08.16 15:51:49.102,1.55489,1.55532,1.56,1.30
2012.08.16 15:51:49.220,1.55489,1.55532,1.18,1.30
2012.08.16 15:51:49.825,1.55488,1.55532,1.56,1.30
2012.08.16 15:51:49.938,1.55488,1.55532,1.56,1.53
2012.08.16 15:51:55.585,1.55486,1.55532,1.93,1.53
2012.08.16 15:51:58.194,1.55484,1.55529,2.31,1.53
2012.08.16 15:51:58.526,1.55488,1.55532,1.56,1.15
2012.08.16 15:52:01.521,1.55487,1.55531,1.18,1.49
2012.08.16 15:52:01.853,1.55485,1.55527,1.18,1.90
2012.08.16 15:52:02.184,1.55485,1.55524,1.18,1.87
2012.08.16 15:52:02.244,1.55482,1.55524,1.18,1.87
2012.08.16 15:52:02.411,1.55481,1.55522,1.56,1.27
2012.08.16 15:52:02.744,1.55481,1.55521,1.35,1.15
2012.08.16 15:52:07.927,1.55474,1.55516,1.93,1.30
2012.08.16 15:52:08.041,1.55474,1.55516,1.56,1.53
2012.08.16 15:52:08.265,1.55475,1.55517,1.18,1.53
2012.08.16 15:52:08.925,1.55474,1.55514,1.93,1.53
2012.08.16 15:52:10.679,1.55472,1.55513,1.18,1.13
2012.08.16 15:52:10.739,1.55468,1.5551,1.56,1.09
2012.08.16 15:52:10.854,1.55466,1.55505,1.93,1.53
2012.08.16 15:52:11.566,1.55466,1.55505,1.93,1.53
2012.08.16 15:52:13.793,1.55466,1.55507,1.93,1.15
2012.08.16 15:52:13.976,1.55467,1.55507,1.18,1.15
2012.08.16 15:52:14.291,1.55467,1.55505,1.18,1.53
2012.08.16 15:52:14.806,1.55467,1.55505,1.18,1.53
2012.08.16 15:52:15.156,1.55466,1.55508,1.93,1.30
2012.08.16 15:52:15.503,1.55466,1.55508,1.93,1.53
2012.08.16 15:52:16.546,1.55472,1.55512,1.18,1.65
2012.08.16 15:52:17.026,1.55472,1.55514,1.18,2.77
2012.08.16 15:52:18.504,1.55472,1.55512,1.18,1.13
2012.08.16 15:52:22.249,1.55472,1.55514,1.18,2.77
2012.08.16 15:52:28.445,1.55472,1.55512,1.18,1.68
2012.08.16 15:52:34.362,1.55472,1.55513,1.93,1.30
2012.08.16 15:52:34.682,1.55472,1.55512,1.18,1.30
2012.08.16 15:52:34.742,1.55472,1.55514,1.18,2.39
2012.08.16 15:52:35.668,1.55474,1.55514,1.56,1.64
2012.08.16 15:52:37.272,1.55474,1.55514,1.18,2.02
2012.08.16 15:52:37.777,1.55474,1.55514,1.56,1.64
2012.08.16 15:52:38.376,1.55474,1.55514,1.18,2.02
2012.08.16 15:52:39.755,1.55474,1.55514,1.56,1.64
2012.08.16 15:52:40.794,1.55474,1.55514,1.18,2.02
2012.08.16 15:52:41.330,1.55474,1.55514,1.18,1.64
2012.08.16 15:52:46.973,1.55474,1.55514,1.18,2.02
2012.08.16 15:52:47.924,1.55474,1.55513,1.18,1.23
2012.08.16 15:52:49.199,1.55474,1.55511,1.18,1.13
2012.08.16 15:52:50.144,1.55474,1.55511,1.56,1.05
2012.08.16 15:52:51.515,1.55474,1.55511,1.56,1.80
2012.08.16 15:52:51.682,1.55474,1.55512,1.18,1.05
2012.08.16 15:52:52.905,1.55474,1.55513,1.18,1.98
2012.08.16 15:52:53.447,1.55474,1.55513,1.56,1.30
2012.08.16 15:52:53.562,1.55481,1.55514,1.35,1.27
2012.08.16 15:52:53.784,1.55481,1.55513,1.35,1.30
2012.08.16 15:53:02.771,1.55483,1.55518,1.69,1.50
2012.08.16 15:53:02.831,1.55485,1.5552,1.32,1.30
2012.08.16 15:53:03.223,1.55489,1.55525,3.06,1.30
2012.08.16 15:53:03.336,1.5549,1.55526,1.18,1.13
2012.08.16 15:53:04.126,1.5549,1.55529,1.18,1.68
2012.08.16 15:53:08.371,1.55492,1.55531,1.18,1.68
2012.08.16 15:53:08.541,1.55493,1.55531,1.18,1.68
2012.08.16 15:53:08.870,1.55493,1.55531,1.18,1.30
2012.08.16 15:53:10.255,1.55493,1.55531,1.18,1.30
2012.08.16 15:53:13.000,1.55493,1.55531,1.18,1.30
2012.08.16 15:53:14.870,1.55493,1.55531,1.18,1.30
2012.08.16 15:53:15.407,1.55491,1.55531,1.14,1.30
2012.08.16 15:53:17.347,1.55491,1.5553,1.14,1.30
2012.08.16 15:53:20.143,1.55491,1.5553,1.14,1.30
2012.08.16 15:53:20.651,1.5549,1.55527,1.18,1.13
2012.08.16 15:53:21.342,1.5549,1.55528,1.18,1.13
2012.08.16 15:53:21.891,1.5549,1.55528,1.18,1.13
2012.08.16 15:53:25.744,1.5549,1.55528,1.18,1.13
2012.08.16 15:53:27.352,1.5549,1.55527,1.18,1.13
2012.08.16 15:53:27.470,1.5549,1.55529,1.18,1.13
2012.08.16 15:53:27.956,1.55494,1.5553,1.18,1.30
2012.08.16 15:53:28.126,1.55498,1.55537,1.18,1.13
2012.08.16 15:53:28.186,1.55504,1.55536,1.13,1.13
2012.08.16 15:53:28.555,1.55503,1.55544,2.08,1.53
2012.08.16 15:53:28.618,1.55503,1.55539,1.33,1.53
2012.08.16 15:53:34.944,1.55499,1.55538,1.73,1.68
2012.08.16 15:53:35.004,1.55495,1.55536,1.50,1.15
2012.08.16 15:53:35.118,1.55493,1.55533,1.18,1.15
2012.08.16 15:53:35.286,1.5549,1.55532,1.56,1.68
2012.08.16 15:53:38.049,1.55492,1.55532,1.18,1.30
2012.08.16 15:53:38.109,1.55492,1.55532,1.18,1.30
2012.08.16 15:53:38.619,1.5549,1.55531,1.56,1.13
2012.08.16 15:53:51.050,1.55488,1.55528,1.14,1.13
2012.08.16 15:53:51.574,1.55489,1.55528,1.73,1.30
2012.08.16 15:53:51.897,1.55488,1.55528,1.14,1.68
2012.08.16 15:54:01.556,1.55488,1.55528,1.14,1.68
2012.08.16 15:54:02.905,1.55488,1.55528,1.14,1.68
2012.08.16 15:54:03.661,1.55488,1.55528,1.14,1.68
2012.08.16 15:54:04.706,1.55488,1.55527,1.14,1.68
2012.08.16 15:54:04.767,1.55486,1.55527,1.18,1.30
2012.08.16 15:54:04.966,1.55483,1.55527,1.93,1.30
2012.08.16 15:54:05.190,1.55481,1.55521,1.18,1.13
2012.08.16 15:54:05.725,1.55474,1.5552,1.18,1.53
2012.08.16 15:54:05.786,1.55472,1.55515,1.18,1.53
2012.08.16 15:54:06.338,1.55476,1.55521,1.18,1.15
2012.08.16 15:54:06.922,1.55475,1.55521,1.18,1.15
2012.08.16 15:54:07.956,1.55472,1.55518,1.18,1.53
2012.08.16 15:54:08.018,1.55477,1.55518,1.13,1.53
2012.08.16 15:54:08.521,1.55478,1.55518,1.73,1.30
2012.08.16 15:54:08.637,1.5548,1.55518,1.18,1.30
2012.08.16 15:54:09.583,1.55478,1.55517,1.73,1.30
2012.08.16 15:54:10.012,1.55479,1.55519,1.35,1.53
2012.08.16 15:54:10.239,1.55479,1.55517,1.35,1.30
2012.08.16 15:54:10.433,1.55478,1.55519,1.73,1.53
2012.08.16 15:54:17.322,1.55477,1.55515,1.18,1.13
2012.08.16 15:54:17.858,1.5547,1.55508,1.18,1.13
2012.08.16 15:54:17.920,1.5547,1.55505,1.18,1.13
2012.08.16 15:54:21.048,1.55464,1.55503,1.65,1.30
2012.08.16 15:54:21.107,1.55464,1.55503,1.65,1.53
2012.08.16 15:54:21.167,1.55464,1.55501,1.35,1.53
2012.08.16 15:54:21.603,1.55464,1.55503,1.35,1.53
2012.08.16 15:54:21.716,1.55465,1.55503,1.35,1.53
2012.08.16 15:54:22.150,1.55469,1.55504,1.56,1.13
2012.08.16 15:54:24.031,1.55469,1.55509,1.18,1.53
2012.08.16 15:54:24.145,1.55469,1.55509,1.18,1.30
2012.08.16 15:54:25.107,1.55469,1.55507,1.56,1.30
2012.08.16 15:54:25.166,1.55469,1.55505,1.33,1.35
2012.08.16 15:54:25.389,1.55463,1.55498,1.50,1.53
2012.08.16 15:54:25.448,1.55463,1.55498,1.50,1.53
2012.08.16 15:54:25.917,1.55463,1.55502,1.50,1.08
2012.08.16 15:54:26.048,1.55463,1.55505,1.73,1.60
2012.08.16 15:54:27.691,1.55465,1.55506,1.73,1.53
2012.08.16 15:54:27.752,1.5547,1.55507,1.18,1.53
2012.08.16 15:54:27.921,1.5547,1.55512,1.18,1.27
2012.08.16 15:54:29.024,1.55466,1.55508,1.35,1.30
2012.08.16 15:54:29.137,1.55465,1.55508,1.18,1.53
2012.08.16 15:54:29.934,1.55466,1.55508,1.18,1.53
2012.08.16 15:54:30.051,1.5547,1.55511,1.18,1.15
2012.08.16 15:54:30.381,1.5547,1.55512,1.18,1.27
2012.08.16 15:54:36.151,1.55477,1.55514,1.32,1.90
2012.08.16 15:54:36.212,1.55478,1.55514,1.52,1.35
2012.08.16 15:54:36.272,1.55479,1.55518,1.97,1.73
2012.08.16 15:54:36.386,1.55483,1.55518,1.18,1.50
2012.08.16 15:54:36.445,1.55483,1.55518,1.18,1.50
2012.08.16 15:54:36.992,1.55483,1.55523,1.18,1.68
2012.08.16 15:54:37.534,1.55481,1.55523,1.35,1.68
2012.08.16 15:54:37.594,1.55478,1.55523,1.35,1.90
2012.08.16 15:54:38.766,1.55477,1.55518,1.18,1.30
2012.08.16 15:54:39.252,1.55476,1.55517,1.18,1.30
2012.08.16 15:54:39.311,1.55476,1.55517,1.18,1.30
2012.08.16 15:54:39.846,1.55476,1.55517,1.18,1.68
2012.08.16 15:54:39.934,1.55472,1.55516,1.56,1.13
2012.08.16 15:54:40.714,1.55477,1.55517,1.18,1.68
2012.08.16 15:54:41.924,1.55471,1.55516,1.93,1.13
2012.08.16 15:54:42.941,1.55469,1.55513,1.14,1.53
2012.08.16 15:54:44.462,1.55467,1.55513,1.56,1.90
2012.08.16 15:54:44.553,1.55466,1.55511,1.56,1.13
2012.08.16 15:54:45.079,1.55466,1.55512,1.56,1.90
2012.08.16 15:54:46.897,1.55471,1.55512,1.18,1.15
2012.08.16 15:54:47.011,1.55472,1.55514,1.18,1.13
2012.08.16 15:54:47.759,1.55473,1.55514,1.52,1.13
2012.08.16 15:54:48.440,1.55474,1.55514,1.18,1.13
2012.08.16 15:54:49.367,1.55474,1.55514,1.18,1.13
2012.08.16 15:54:50.004,1.55473,1.55514,1.52,1.13
2012.08.16 15:54:50.516,1.55473,1.55513,1.35,1.53
2012.08.16 15:54:50.836,1.55467,1.55512,1.18,1.15
2012.08.16 15:54:51.000,1.55467,1.55512,1.18,1.15
2012.08.16 15:54:51.059,1.55462,1.55511,2.27,1.35
2012.08.16 15:54:52.471,1.55462,1.55508,1.18,1.30
2012.08.16 15:54:52.585,1.55468,1.55508,1.18,1.68
2012.08.16 15:54:52.645,1.55468,1.55508,1.56,1.90
2012.08.16 15:54:53.169,1.55462,1.55508,1.56,1.90
2012.08.16 15:54:53.810,1.55467,1.5551,1.18,1.15
2012.08.16 15:54:53.871,1.55467,1.55511,1.18,1.87
2012.08.16 15:54:55.277,1.55471,1.55513,1.18,1.15
2012.08.16 15:54:55.500,1.55469,1.55511,1.18,1.15
2012.08.16 15:54:55.793,1.55469,1.5551,1.18,1.30
2012.08.16 15:54:56.348,1.55469,1.55511,1.18,1.15
2012.08.16 15:54:56.869,1.55467,1.55512,1.56,1.15
2012.08.16 15:54:57.421,1.55471,1.55512,1.18,1.15
2012.08.16 15:55:02.741,1.55467,1.5551,1.56,1.30
2012.08.16 15:55:03.073,1.55465,1.55503,1.18,1.30
2012.08.16 15:55:03.187,1.55465,1.55503,1.18,1.30
2012.08.16 15:55:03.830,1.55462,1.55503,1.18,2.05
2012.08.16 15:55:05.164,1.55462,1.55503,1.18,2.05
2012.08.16 15:55:05.704,1.55467,1.55506,1.18,1.53
2012.08.16 15:55:05.764,1.55467,1.55507,1.18,1.27
2012.08.16 15:55:06.536,1.55467,1.55507,1.18,1.64
2012.08.16 15:55:09.084,1.55467,1.55505,1.32,1.68
2012.08.16 15:55:09.306,1.55466,1.55505,1.32,1.53
2012.08.16 15:55:11.198,1.55466,1.55506,1.18,1.12
2012.08.16 15:55:11.420,1.55466,1.55507,1.18,1.27
2012.08.16 15:55:11.956,1.55462,1.55505,1.56,1.30
2012.08.16 15:55:14.987,1.55462,1.55502,1.18,1.13
2012.08.16 15:55:15.049,1.55459,1.55502,1.89,1.13
2012.08.16 15:55:15.930,1.5546,1.55503,1.14,1.53
2012.08.16 15:55:20.907,1.55462,1.55503,1.18,1.53
2012.08.16 15:55:21.075,1.55462,1.55503,1.18,1.90
2012.08.16 15:55:21.424,1.55459,1.55503,1.89,1.53
2012.08.16 15:55:22.087,1.55461,1.55504,1.18,1.53
2012.08.16 15:55:22.641,1.55459,1.555,1.56,1.32
2012.08.16 15:55:23.819,1.55459,1.555,1.56,1.32
2012.08.16 15:55:24.697,1.55457,1.555,1.18,1.32
2012.08.16 15:55:24.964,1.55459,1.55501,1.14,1.35
2012.08.16 15:55:25.687,1.55459,1.55499,1.89,1.30
2012.08.16 15:55:26.207,1.55459,1.55499,1.93,1.53
2012.08.16 15:55:26.730,1.55454,1.55495,1.56,1.53
2012.08.16 15:55:27.060,1.55453,1.55488,1.35,1.30
2012.08.16 15:55:27.283,1.5545,1.55494,1.93,1.53
2012.08.16 15:55:30.557,1.55446,1.55494,1.52,1.53
2012.08.16 15:55:31.210,1.55445,1.5549,1.89,1.30
2012.08.16 15:55:31.274,1.55454,1.55493,1.56,1.15
2012.08.16 15:55:31.447,1.55446,1.5548,1.35,1.30
2012.08.16 15:55:31.669,1.55444,1.55479,1.13,1.53
2012.08.16 15:55:31.791,1.55444,1.55479,1.50,1.53
2012.08.16 15:55:33.209,1.55443,1.55483,1.33,1.53
2012.08.16 15:55:33.323,1.55444,1.55487,1.18,1.08
2012.08.16 15:55:33.708,1.55448,1.55492,1.35,1.15
2012.08.16 15:55:33.768,1.55452,1.55493,1.18,2.05
2012.08.16 15:55:37.814,1.55451,1.55489,1.56,1.30
2012.08.16 15:55:46.536,1.55454,1.55489,1.56,1.30
2012.08.16 15:55:46.814,1.55462,1.555,1.33,1.53
2012.08.16 15:55:46.874,1.55463,1.55502,1.18,1.35
2012.08.16 15:55:47.109,1.55462,1.55504,1.56,1.47
2012.08.16 15:55:47.277,1.55462,1.55502,1.18,1.13
2012.08.16 15:55:55.524,1.55462,1.55504,1.18,1.53
2012.08.16 15:55:55.793,1.55462,1.55504,1.93,1.53
2012.08.16 15:55:56.225,1.55462,1.55504,1.18,1.53
2012.08.16 15:55:56.449,1.55462,1.55504,1.18,1.53
2012.08.16 15:55:56.875,1.55462,1.55504,1.18,1.53
2012.08.16 15:55:58.301,1.55462,1.55504,1.18,1.53
2012.08.16 15:55:58.543,1.55462,1.55504,1.18,1.53
2012.08.16 15:55:58.906,1.55462,1.55504,1.18,1.53
2012.08.16 15:55:59.844,1.55462,1.55504,1.18,1.53
2012.08.16 15:56:02.503,1.55463,1.55504,1.18,1.53
2012.08.16 15:56:03.119,1.55466,1.55506,1.18,1.15
2012.08.16 15:56:03.233,1.55464,1.55506,1.28,1.15
2012.08.16 15:56:03.348,1.55462,1.555,1.18,1.30
2012.08.16 15:56:04.274,1.55462,1.555,1.18,1.30
2012.08.16 15:56:04.606,1.55468,1.55507,1.50,1.12
2012.08.16 15:56:04.944,1.55468,1.55504,1.50,1.53
2012.08.16 15:56:05.168,1.55469,1.55504,1.13,1.53
2012.08.16 15:56:05.950,1.55466,1.55503,1.50,1.53
2012.08.16 15:56:06.389,1.55468,1.55507,1.50,1.49
2012.08.16 15:56:06.719,1.55474,1.55511,1.93,1.13
2012.08.16 15:56:06.778,1.55474,1.55514,1.93,1.50
2012.08.16 15:56:06.837,1.55474,1.55515,1.56,1.30
2012.08.16 15:56:11.959,1.55471,1.55515,1.56,1.30
2012.08.16 15:56:12.128,1.5547,1.55511,1.18,1.53
2012.08.16 15:56:12.770,1.5547,1.55509,1.18,1.53
2012.08.16 15:56:14.012,1.55471,1.55513,1.18,1.53
2012.08.16 15:56:14.554,1.55471,1.55513,1.18,1.53
2012.08.16 15:56:15.078,1.55471,1.55513,1.18,1.53
2012.08.16 15:56:18.274,1.55471,1.55514,1.18,1.30
2012.08.16 15:56:18.337,1.55474,1.55514,1.14,1.30
2012.08.16 15:56:18.953,1.55473,1.55516,1.14,1.30
2012.08.16 15:56:21.457,1.55474,1.55516,1.14,1.53
2012.08.16 15:56:26.149,1.55476,1.55516,1.18,1.53
2012.08.16 15:56:26.771,1.55477,1.55517,1.13,1.53
2012.08.16 15:56:27.437,1.55477,1.55517,1.13,1.53
2012.08.16 15:56:34.705,1.55477,1.55517,1.13,1.53
2012.08.16 15:56:35.229,1.55477,1.55517,1.13,1.53
2012.08.16 15:56:36.303,1.55477,1.55517,1.13,1.53
2012.08.16 15:56:39.022,1.55478,1.55517,1.50,1.53
2012.08.16 15:56:39.742,1.55478,1.55517,1.50,1.53
2012.08.16 15:56:40.785,1.55478,1.55517,1.50,1.53
2012.08.16 15:56:42.266,1.55478,1.55517,1.50,1.53
2012.08.16 15:56:45.560,1.55477,1.55516,1.33,1.53
2012.08.16 15:56:46.102,1.55477,1.55516,1.33,1.53
2012.08.16 15:56:48.916,1.55478,1.55516,1.13,1.53
2012.08.16 15:56:49.896,1.55478,1.55516,1.13,1.53
2012.08.16 15:56:51.821,1.55478,1.55517,1.13,1.08
2012.08.16 15:56:52.526,1.55478,1.55516,1.13,1.83
2012.08.16 15:56:53.142,1.55478,1.55516,1.13,1.53
2012.08.16 15:56:55.060,1.55478,1.55516,1.13,1.83
2012.08.16 15:56:55.628,1.55478,1.55517,1.13,1.83
2012.08.16 15:56:57.367,1.55478,1.55516,1.13,1.28
2012.08.16 15:57:00.466,1.55478,1.55514,1.13,1.32
2012.08.16 15:57:01.360,1.55478,1.55514,1.13,1.32
2012.08.16 15:57:02.236,1.55478,1.55514,1.13,1.32
2012.08.16 15:57:02.852,1.55478,1.55514,1.13,1.32
2012.08.16 15:57:04.047,1.55478,1.55514,1.13,1.32
2012.08.16 15:57:06.259,1.55478,1.55514,1.35,1.09
2012.08.16 15:57:06.323,1.55478,1.55517,1.35,1.08
2012.08.16 15:57:06.491,1.55478,1.55518,1.35,1.30
2012.08.16 15:57:06.986,1.55478,1.55517,2.10,1.30
2012.08.16 15:57:07.321,1.55478,1.55521,2.68,1.30
2012.08.16 15:57:07.381,1.55478,1.55516,1.73,1.30
2012.08.16 15:57:07.495,1.55478,1.55516,1.73,1.53
2012.08.16 15:57:08.079,1.55479,1.55516,1.35,1.53
2012.08.16 15:57:08.410,1.55478,1.55518,1.73,1.53
2012.08.16 15:57:09.734,1.55478,1.55518,2.10,1.53
2012.08.16 15:57:09.794,1.55479,1.5552,2.31,1.53
2012.08.16 15:57:10.106,1.5548,1.5552,1.18,1.30
2012.08.16 15:57:10.921,1.55479,1.55518,1.73,1.30
2012.08.16 15:57:11.036,1.55479,1.55518,1.35,1.30
2012.08.16 15:57:11.481,1.55476,1.55518,1.14,1.53
2012.08.16 15:57:11.595,1.55477,1.55518,1.18,1.53
2012.08.16 15:57:17.454,1.55477,1.55518,1.18,1.53
2012.08.16 15:57:17.940,1.55472,1.55519,1.56,1.53
2012.08.16 15:57:18.929,1.55472,1.55514,1.56,1.30
2012.08.16 15:57:19.329,1.55482,1.55523,1.35,1.90
2012.08.16 15:57:22.857,1.55479,1.55523,1.32,1.90
2012.08.16 15:57:23.025,1.55477,1.55518,1.52,1.30
2012.08.16 15:57:25.570,1.55477,1.55518,1.18,1.53
2012.08.16 15:57:25.630,1.55473,1.55515,2.08,1.53
2012.08.16 15:57:25.745,1.55476,1.55519,1.18,1.53
2012.08.16 15:57:25.972,1.55476,1.55519,1.18,1.53
2012.08.16 15:57:39.260,1.55474,1.55515,2.08,1.30
2012.08.16 15:57:39.373,1.55476,1.55519,1.18,1.53
2012.08.16 15:57:39.753,1.55476,1.55519,1.18,1.53
2012.08.16 15:57:41.990,1.55476,1.55515,1.18,1.30
2012.08.16 15:57:42.108,1.55467,1.55502,1.93,1.13
2012.08.16 15:57:42.494,1.55467,1.55509,1.18,1.33
2012.08.16 15:57:42.557,1.55457,1.55498,1.18,1.53
2012.08.16 15:57:43.082,1.55457,1.55498,1.18,1.53
2012.08.16 15:57:43.995,1.55457,1.55498,1.18,1.53
2012.08.16 15:57:44.515,1.55457,1.55498,1.18,1.53
2012.08.16 15:57:45.132,1.55457,1.55498,1.18,1.53
2012.08.16 15:57:46.823,1.55455,1.55498,1.56,1.53
2012.08.16 15:57:47.759,1.55459,1.55501,2.25,1.15
2012.08.16 15:57:48.155,1.5546,1.55504,1.71,1.53
2012.08.16 15:57:48.276,1.55465,1.55507,1.18,1.15
2012.08.16 15:57:48.390,1.55463,1.55504,1.14,1.30
2012.08.16 15:57:48.450,1.55462,1.55504,1.52,1.53
2012.08.16 15:57:48.960,1.55461,1.55504,1.52,1.53
2012.08.16 15:57:49.947,1.55461,1.55504,1.52,1.53
2012.08.16 15:57:50.473,1.55464,1.55505,1.93,1.53
2012.08.16 15:57:50.534,1.55466,1.55505,1.93,1.30
2012.08.16 15:57:53.332,1.55466,1.55507,2.68,1.15
2012.08.16 15:57:53.556,1.55463,1.55504,1.89,1.30
2012.08.16 15:57:53.615,1.55463,1.55504,1.52,1.53
2012.08.16 15:57:55.893,1.55463,1.55504,1.56,1.87
2012.08.16 15:57:55.955,1.55463,1.55502,2.68,1.30
2012.08.16 15:57:56.170,1.55463,1.55504,2.68,1.87
2012.08.16 15:57:58.819,1.55463,1.55504,2.48,1.87
2012.08.16 15:58:03.310,1.55462,1.55503,2.07,1.53
2012.08.16 15:58:03.477,1.55462,1.55503,2.27,1.53
2012.08.16 15:58:03.978,1.55464,1.55503,1.35,1.30
2012.08.16 15:58:05.871,1.55464,1.55503,2.31,1.30
2012.08.16 15:58:06.096,1.55471,1.55511,1.56,1.15
2012.08.16 15:58:08.180,1.55472,1.55514,1.18,1.53
2012.08.16 15:58:09.724,1.55475,1.55517,1.18,1.53
2012.08.16 15:58:09.785,1.55478,1.55517,1.56,1.30
2012.08.16 15:58:10.304,1.55478,1.55517,1.56,1.30
2012.08.16 15:58:10.814,1.55479,1.55518,1.14,1.30
2012.08.16 15:58:10.928,1.55483,1.55522,1.14,1.53
2012.08.16 15:58:11.313,1.55481,1.55523,2.27,1.53
2012.08.16 15:58:12.010,1.55481,1.55519,1.52,1.30
2012.08.16 15:58:12.553,1.55481,1.55519,1.52,1.30
2012.08.16 15:58:13.088,1.55481,1.55519,1.52,1.30
2012.08.16 15:58:14.613,1.55481,1.55519,1.52,1.53
2012.08.16 15:58:15.489,1.55481,1.55519,1.52,1.53
2012.08.16 15:58:15.726,1.55483,1.55523,1.32,2.28
2012.08.16 15:58:15.785,1.55483,1.55523,1.52,2.28
2012.08.16 15:58:17.369,1.55487,1.55523,1.32,2.28
2012.08.16 15:58:17.915,1.55487,1.55523,1.32,2.28
2012.08.16 15:58:19.175,1.55487,1.55523,1.32,2.28
2012.08.16 15:58:19.235,1.55484,1.55523,2.10,2.28
2012.08.16 15:58:19.295,1.55484,1.55521,2.10,1.30
2012.08.16 15:58:19.623,1.55483,1.55521,1.18,1.30
2012.08.16 15:58:20.753,1.55486,1.55521,1.32,1.30
2012.08.16 15:58:20.812,1.55486,1.55521,1.69,1.30
2012.08.16 15:58:21.483,1.55486,1.55521,2.07,1.30
2012.08.16 15:58:21.888,1.55486,1.55523,2.07,1.53
2012.08.16 15:58:22.221,1.55486,1.55521,1.35,1.30
2012.08.16 15:58:23.712,1.55486,1.55524,1.89,1.73
2012.08.16 15:58:23.937,1.55493,1.55528,1.73,1.30
2012.08.16 15:58:27.432,1.55491,1.55534,1.18,1.53
2012.08.16 15:58:27.491,1.55495,1.55534,1.14,1.53
2012.08.16 15:58:27.797,1.55493,1.55534,1.14,1.30
2012.08.16 15:58:27.857,1.55493,1.55534,1.14,1.53
2012.08.16 15:58:28.025,1.55493,1.55534,1.14,1.53
2012.08.16 15:58:28.774,1.55489,1.55529,1.18,1.30
2012.08.16 15:58:30.287,1.55499,1.55533,1.13,1.53
2012.08.16 15:58:30.728,1.55499,1.55533,1.35,1.30
2012.08.16 15:58:31.672,1.55496,1.55533,1.29,1.53
2012.08.16 15:58:31.842,1.5549,1.55529,1.18,1.30
2012.08.16 15:58:32.266,1.55487,1.55529,1.18,1.30
2012.08.16 15:58:33.396,1.55487,1.55534,1.18,1.53
2012.08.16 15:58:33.690,1.55492,1.55533,1.18,1.53
2012.08.16 15:58:33.969,1.55498,1.55535,1.35,1.30
2012.08.16 15:58:34.472,1.55494,1.55534,2.22,1.30
2012.08.16 15:58:34.531,1.55494,1.55534,1.88,1.53
2012.08.16 15:58:34.591,1.55493,1.55534,3.06,1.53
2012.08.16 15:58:35.943,1.55494,1.55531,1.73,1.30
2012.08.16 15:58:36.276,1.55487,1.55527,1.32,1.30
2012.08.16 15:58:36.498,1.55486,1.55526,1.35,1.12
2012.08.16 15:58:37.229,1.55484,1.55523,1.93,1.30
2012.08.16 15:58:37.659,1.55484,1.55523,1.18,1.30
2012.08.16 15:58:38.545,1.55486,1.55526,2.68,1.12
2012.08.16 15:58:38.728,1.55486,1.55528,2.68,1.12
2012.08.16 15:58:51.005,1.55483,1.55525,1.18,1.30
2012.08.16 15:58:51.065,1.55481,1.55525,1.56,1.53
2012.08.16 15:58:51.124,1.55481,1.55523,1.56,1.53
2012.08.16 15:58:51.669,1.55481,1.55523,1.56,1.53
2012.08.16 15:58:52.175,1.55481,1.55523,1.56,1.53
2012.08.16 15:58:52.566,1.55484,1.55528,1.18,1.30
2012.08.16 15:59:01.504,1.55487,1.55528,1.35,1.53
2012.08.16 15:59:04.959,1.55483,1.55519,2.10,1.30
2012.08.16 15:59:05.128,1.55479,1.55517,1.13,1.15
2012.08.16 15:59:05.406,1.5548,1.55524,1.18,1.53
2012.08.16 15:59:08.122,1.55483,1.55527,2.10,1.27
2012.08.16 15:59:08.181,1.55485,1.55527,1.18,1.27
2012.08.16 15:59:08.241,1.5548,1.55517,1.50,1.15
2012.08.16 15:59:08.466,1.5548,1.55521,1.35,1.45
2012.08.16 15:59:09.055,1.5548,1.55524,1.73,1.53
2012.08.16 15:59:09.482,1.55484,1.55526,1.33,1.68
2012.08.16 15:59:09.596,1.55483,1.55527,2.68,1.27
2012.08.16 15:59:09.655,1.55485,1.55527,1.18,1.04
2012.08.16 15:59:11.346,1.55487,1.55528,2.31,1.30
2012.08.16 15:59:11.623,1.55489,1.55528,1.35,1.30
2012.08.16 15:59:11.846,1.55486,1.55529,2.68,1.53
2012.08.16 15:59:13.643,1.55486,1.55529,2.68,1.53
2012.08.16 15:59:14.262,1.55486,1.55527,1.93,1.30
2012.08.16 15:59:14.603,1.55487,1.55528,1.56,1.30
2012.08.16 15:59:15.609,1.55487,1.5553,1.56,1.87
2012.08.16 15:59:16.559,1.55482,1.5553,1.56,1.53
2012.08.16 15:59:16.618,1.55482,1.55528,1.56,1.53
2012.08.16 15:59:16.895,1.55482,1.55528,1.56,1.53
2012.08.16 15:59:16.958,1.55482,1.55528,1.56,1.53
2012.08.16 15:59:17.273,1.55482,1.55528,1.56,1.53
2012.08.16 15:59:19.443,1.5549,1.55533,1.18,1.53
2012.08.16 15:59:25.642,1.55489,1.55534,2.48,1.53
2012.08.16 15:59:25.701,1.55489,1.55524,1.50,1.53
2012.08.16 15:59:25.922,1.55484,1.55526,1.18,1.30
2012.08.16 15:59:26.036,1.55491,1.55531,1.18,1.15
2012.08.16 15:59:30.451,1.55491,1.55532,1.18,1.30
2012.08.16 15:59:30.784,1.55488,1.55527,1.18,1.30
2012.08.16 15:59:32.178,1.5549,1.55528,1.18,1.30
2012.08.16 15:59:33.102,1.55489,1.55528,1.56,1.30
2012.08.16 15:59:39.531,1.55491,1.55533,1.18,1.53
2012.08.16 15:59:45.674,1.55489,1.55529,1.18,1.30
2012.08.16 15:59:49.130,1.55492,1.55533,1.18,2.28
2012.08.16 15:59:49.645,1.55487,1.55529,1.93,1.30
2012.08.16 15:59:50.780,1.55487,1.55529,1.56,1.53
2012.08.16 15:59:50.840,1.55487,1.55528,1.56,1.53
2012.08.16 15:59:51.117,1.55486,1.55527,1.93,1.53
2012.08.16 15:59:51.231,1.55486,1.55529,2.68,1.53
2012.08.16 15:59:51.550,1.55486,1.55527,1.93,1.53
2012.08.16 15:59:52.267,1.55487,1.55528,1.56,1.53
2012.08.16 15:59:52.819,1.55486,1.55527,1.93,1.53
2012.08.16 15:59:53.410,1.55487,1.55528,1.56,1.53
2012.08.16 15:59:54.420,1.55487,1.55528,2.68,1.53
2012.08.16 15:59:54.534,1.5549,1.55538,1.35,1.87
2012.08.16 15:59:54.594,1.55492,1.55538,1.93,1.53
2012.08.16 15:59:55.658,1.55494,1.55538,1.56,1.53
2012.08.16 15:59:56.569,1.55494,1.55538,1.56,1.53
2012.08.16 15:59:56.689,1.55495,1.55534,1.35,1.53
2012.08.16 15:59:57.020,1.55494,1.55534,1.88,1.53
2012.08.16 15:59:58.066,1.55493,1.55534,1.88,1.53
2012.08.16 15:59:58.234,1.55488,1.55529,1.18,1.53
2012.08.16 15:59:58.892,1.55488,1.55527,1.18,1.12
2012.08.16 15:59:59.061,1.55488,1.55527,1.18,1.49
2012.08.16 15:59:59.121,1.55489,1.55526,1.33,1.15
2012.08.16 15:59:59.454,1.55497,1.55535,1.18,1.30
