2015.01.23 20:00:00.391,1.86555,1.86586,1.00,1.00
2015.01.23 20:00:00.441,1.86552,1.86584,1.00,1.00
2015.01.23 20:00:00.542,1.86546,1.8658,1.00,1.00
2015.01.23 20:00:03.297,1.86543,1.86577,1.00,1.00
2015.01.23 20:00:03.608,1.86527,1.86561,1.50,1.00
2015.01.23 20:00:03.742,1.86527,1.86561,1.00,1.00
2015.01.23 20:00:04.946,1.8653,1.86564,1.00,1.00
2015.01.23 20:00:05.922,1.86539,1.86571,1.00,1.00
2015.01.23 20:00:06.229,1.86545,1.86577,1.00,1.00
2015.01.23 20:00:13.358,1.86545,1.86576,1.00,1.00
2015.01.23 20:00:13.899,1.86545,1.86577,1.00,1.00
2015.01.23 20:00:16.038,1.86541,1.86573,1.00,1.00
2015.01.23 20:00:16.344,1.86536,1.86568,1.00,1.00
2015.01.23 20:00:18.766,1.86538,1.86568,1.00,1.00
2015.01.23 20:00:18.968,1.86536,1.86568,1.00,1.00
2015.01.23 20:00:28.369,1.86544,1.86578,1.00,1.00
2015.01.23 20:00:36.390,1.86541,1.86575,1.00,1.00
2015.01.23 20:00:39.648,1.86541,1.86571,1.00,1.00
2015.01.23 20:00:41.114,1.86541,1.86575,1.00,1.00
2015.01.23 20:00:43.826,1.86545,1.86579,1.00,1.00
2015.01.23 20:00:44.597,1.86549,1.86583,1.00,1.00
2015.01.23 20:00:56.040,1.86555,1.86589,1.00,1.00
2015.01.23 20:01:00.880,1.86558,1.86592,1.00,1.00
2015.01.23 20:01:01.183,1.86562,1.86596,1.00,1.00
2015.01.23 20:01:16.244,1.86565,1.86599,1.00,1.00
2015.01.23 20:01:34.150,1.86565,1.86597,1.00,1.00
2015.01.23 20:01:34.201,1.86562,1.86596,1.00,1.00
2015.01.23 20:01:34.302,1.86559,1.86593,1.00,1.00
2015.01.23 20:01:34.604,1.86559,1.86591,1.00,1.00
2015.01.23 20:01:35.106,1.86559,1.86592,1.00,1.00
2015.01.23 20:01:36.576,1.86559,1.86591,1.00,1.00
2015.01.23 20:01:36.922,1.86559,1.86593,1.00,1.00
2015.01.23 20:01:37.140,1.86559,1.86591,1.00,1.00
2015.01.23 20:01:39.656,1.86559,1.86593,1.00,1.00
2015.01.23 20:01:45.538,1.86565,1.86597,1.00,1.00
2015.01.23 20:01:48.913,1.86569,1.86601,1.00,1.00
2015.01.23 20:01:51.106,1.86569,1.86597,1.00,1.00
2015.01.23 20:01:51.258,1.86564,1.86597,1.00,1.00
2015.01.23 20:01:51.359,1.8656,1.86592,1.00,1.00
2015.01.23 20:01:52.009,1.86557,1.86589,1.00,1.00
2015.01.23 20:01:52.334,1.8655,1.86582,1.00,1.00
2015.01.23 20:02:06.979,1.86546,1.8658,1.00,1.00
2015.01.23 20:02:07.029,1.86546,1.86577,1.00,1.00
2015.01.23 20:02:07.080,1.86538,1.86572,1.00,1.00
2015.01.23 20:02:07.181,1.86532,1.86566,1.37,1.00
2015.01.23 20:02:07.282,1.86532,1.86566,1.00,1.00
2015.01.23 20:02:14.698,1.86529,1.86561,1.00,1.00
2015.01.23 20:02:15.000,1.86524,1.86558,1.50,1.00
2015.01.23 20:02:15.688,1.86527,1.86561,1.00,1.00
2015.01.23 20:02:21.913,1.86525,1.86557,1.00,1.00
2015.01.23 20:02:28.228,1.86521,1.86555,1.00,1.00
2015.01.23 20:02:28.329,1.86518,1.86549,1.00,1.00
2015.01.23 20:02:28.379,1.86516,1.86549,1.00,1.00
2015.01.23 20:02:28.531,1.86512,1.86546,1.00,1.00
2015.01.23 20:02:31.785,1.86513,1.86546,1.00,1.00
2015.01.23 20:02:32.297,1.86512,1.86546,1.00,1.00
2015.01.23 20:02:51.978,1.86515,1.86549,1.00,1.00
2015.01.23 20:02:53.510,1.8652,1.86554,1.00,1.00
2015.01.23 20:03:00.865,1.86523,1.86554,1.00,1.00
2015.01.23 20:03:01.118,1.86524,1.86558,1.00,1.00
2015.01.23 20:03:19.154,1.86518,1.8655,1.50,1.00
2015.01.23 20:03:21.348,1.86513,1.86547,1.00,1.00
2015.01.23 20:03:21.449,1.86511,1.86543,1.00,1.00
2015.01.23 20:03:29.676,1.86514,1.86546,1.00,1.00
2015.01.23 20:03:29.827,1.8652,1.86554,1.00,1.00
2015.01.23 20:03:29.998,1.86524,1.86554,1.00,1.00
2015.01.23 20:03:30.102,1.8652,1.86554,1.00,1.00
2015.01.23 20:03:30.670,1.86524,1.86556,1.00,1.00
2015.01.23 20:03:31.555,1.8652,1.86554,1.00,1.00
2015.01.23 20:03:31.657,1.86511,1.86545,1.00,1.00
2015.01.23 20:03:31.959,1.86505,1.86537,1.00,1.00
2015.01.23 20:03:33.324,1.86509,1.86543,1.00,1.00
2015.01.23 20:03:40.378,1.86512,1.86546,1.00,1.00
2015.01.23 20:03:40.693,1.86517,1.86551,1.00,1.00
2015.01.23 20:03:41.146,1.86522,1.86556,1.00,1.00
2015.01.23 20:03:43.580,1.86528,1.86562,1.00,1.00
2015.01.23 20:03:43.982,1.8652,1.86554,1.12,1.00
2015.01.23 20:03:44.290,1.8652,1.86554,1.37,1.00
2015.01.23 20:03:44.392,1.8652,1.86554,1.00,1.00
2015.01.23 20:03:45.379,1.86524,1.86554,1.00,1.00
2015.01.23 20:03:48.347,1.8652,1.86554,1.00,1.00
2015.01.23 20:04:07.406,1.86518,1.8655,1.00,1.00
2015.01.23 20:04:12.597,1.86521,1.86553,1.00,1.00
2015.01.23 20:04:18.436,1.86516,1.8655,1.00,1.00
2015.01.23 20:04:26.612,1.86518,1.8655,1.00,1.00
2015.01.23 20:04:26.867,1.86516,1.8655,1.00,1.00
2015.01.23 20:04:26.918,1.86524,1.86556,1.00,1.00
2015.01.23 20:04:27.018,1.86516,1.8655,1.00,1.00
2015.01.23 20:04:34.506,1.8652,1.86554,1.00,1.00
2015.01.23 20:04:34.809,1.86524,1.86558,1.00,1.00
2015.01.23 20:05:02.744,1.86529,1.86563,1.00,1.00
2015.01.23 20:05:27.076,1.86524,1.86558,1.00,1.00
2015.01.23 20:05:31.714,1.86521,1.86555,1.00,1.00
2015.01.23 20:05:32.017,1.86517,1.86551,1.00,1.00
2015.01.23 20:05:43.793,1.86514,1.86546,1.00,1.00
2015.01.23 20:05:43.945,1.86503,1.86537,1.00,1.00
2015.01.23 20:05:44.355,1.865,1.86534,1.00,1.00
2015.01.23 20:06:10.346,1.86504,1.86536,1.00,1.00
2015.01.23 20:06:16.374,1.86499,1.86533,1.00,1.00
2015.01.23 20:06:16.933,1.86493,1.86527,1.00,1.00
2015.01.23 20:06:22.093,1.86498,1.86527,1.00,1.00
2015.01.23 20:06:22.447,1.86493,1.86527,1.50,1.00
2015.01.23 20:06:23.700,1.86494,1.86527,1.00,1.00
2015.01.23 20:06:24.053,1.86493,1.86524,1.00,1.00
2015.01.23 20:06:24.404,1.8649,1.86524,1.00,1.00
2015.01.23 20:06:27.633,1.86484,1.86518,1.50,1.00
2015.01.23 20:06:29.030,1.86483,1.86508,1.00,1.00
2015.01.23 20:06:29.182,1.86476,1.86508,1.00,1.00
2015.01.23 20:06:29.484,1.86468,1.865,1.00,1.00
2015.01.23 20:06:38.905,1.86463,1.86497,1.00,1.00
2015.01.23 20:06:46.138,1.86463,1.86494,1.00,1.00
2015.01.23 20:06:46.188,1.86455,1.86489,1.00,1.00
2015.01.23 20:06:58.079,1.86455,1.86489,1.00,1.37
2015.01.23 20:06:58.613,1.86455,1.86489,1.00,1.00
2015.01.23 20:07:00.692,1.86458,1.86492,1.00,1.12
2015.01.23 20:07:18.016,1.86454,1.86488,1.00,1.00
2015.01.23 20:07:18.217,1.86452,1.86491,1.00,1.00
2015.01.23 20:07:18.520,1.86448,1.86488,1.00,1.00
2015.01.23 20:07:46.112,1.86445,1.86485,1.00,1.00
2015.01.23 20:07:48.119,1.86444,1.86478,1.00,1.00
2015.01.23 20:07:48.170,1.86439,1.86478,1.00,1.00
2015.01.23 20:07:48.430,1.86441,1.86475,1.00,1.00
2015.01.23 20:07:50.992,1.86445,1.86477,1.00,1.00
2015.01.23 20:07:56.467,1.8644,1.86474,1.00,1.00
2015.01.23 20:08:02.832,1.86444,1.86476,1.00,1.00
2015.01.23 20:08:03.034,1.86444,1.86478,1.00,1.00
2015.01.23 20:08:04.157,1.86448,1.86482,1.00,1.50
2015.01.23 20:08:12.693,1.86448,1.86477,1.00,1.00
2015.01.23 20:08:12.911,1.86448,1.86481,1.00,1.00
2015.01.23 20:08:13.433,1.86448,1.86482,1.00,1.00
2015.01.23 20:08:14.600,1.86448,1.86482,1.00,1.37
2015.01.23 20:08:14.904,1.8643,1.86462,1.00,1.00
2015.01.23 20:08:16.592,1.86432,1.86466,1.00,1.00
2015.01.23 20:08:16.693,1.86436,1.8647,1.00,1.00
2015.01.23 20:08:18.665,1.86436,1.86467,1.00,1.00
2015.01.23 20:08:19.188,1.86436,1.8647,1.00,1.00
2015.01.23 20:08:26.710,1.8644,1.86472,1.00,1.50
2015.01.23 20:08:27.213,1.8644,1.86467,1.00,1.00
2015.01.23 20:08:27.465,1.8644,1.86471,1.00,1.00
2015.01.23 20:08:28.640,1.8644,1.86472,1.00,1.00
2015.01.23 20:08:46.961,1.86436,1.8647,1.00,1.00
2015.01.23 20:09:36.458,1.8644,1.86472,1.00,1.00
2015.01.23 20:09:54.395,1.86443,1.86475,1.00,1.00
2015.01.23 20:09:56.462,1.86439,1.86473,1.00,1.00
2015.01.23 20:09:56.563,1.86439,1.86452,1.00,1.00
2015.01.23 20:09:56.664,1.86439,1.86472,1.00,1.00
2015.01.23 20:09:56.822,1.86435,1.86469,1.00,1.00
2015.01.23 20:09:57.079,1.86435,1.86466,1.00,1.00
2015.01.23 20:09:57.231,1.86435,1.86469,1.00,1.00
2015.01.23 20:09:57.956,1.86433,1.86465,1.00,1.00
2015.01.23 20:09:58.877,1.86436,1.8647,1.00,1.00
2015.01.23 20:10:00.050,1.86439,1.86473,1.00,1.00
2015.01.23 20:10:00.353,1.86442,1.86476,1.00,1.00
2015.01.23 20:10:00.656,1.86449,1.86483,1.00,1.00
2015.01.23 20:10:01.010,1.86454,1.86487,1.00,1.37
2015.01.23 20:10:01.262,1.8645,1.86484,1.00,1.00
2015.01.23 20:10:01.515,1.8645,1.86481,1.00,1.00
2015.01.23 20:10:01.908,1.8645,1.86477,1.00,1.00
2015.01.23 20:10:02.948,1.8645,1.86481,1.00,1.00
2015.01.23 20:10:03.049,1.8645,1.86484,1.00,1.00
2015.01.23 20:10:03.150,1.8645,1.86482,1.00,1.00
2015.01.23 20:10:04.030,1.8645,1.86484,1.00,1.00
2015.01.23 20:10:09.389,1.8645,1.86481,1.00,1.00
2015.01.23 20:10:10.844,1.8645,1.86484,1.00,1.00
2015.01.23 20:10:13.585,1.86443,1.86475,1.00,1.00
2015.01.23 20:10:13.686,1.86439,1.86472,1.00,1.00
2015.01.23 20:10:13.939,1.86435,1.86466,1.00,1.00
2015.01.23 20:10:14.141,1.86435,1.86469,1.00,1.00
2015.01.23 20:10:14.242,1.86435,1.86466,1.00,1.00
2015.01.23 20:10:15.474,1.86435,1.86467,1.00,1.00
2015.01.23 20:10:16.885,1.86435,1.86466,1.00,1.00
2015.01.23 20:10:16.987,1.86435,1.86469,1.00,1.00
2015.01.23 20:10:17.351,1.86435,1.86467,1.00,1.00
2015.01.23 20:10:17.969,1.86435,1.86469,1.00,1.00
2015.01.23 20:10:19.553,1.86435,1.86467,1.00,1.00
2015.01.23 20:10:26.529,1.86435,1.86466,1.00,1.00
2015.01.23 20:10:27.057,1.86435,1.86467,1.00,1.00
2015.01.23 20:10:27.364,1.86432,1.86466,1.00,1.00
2015.01.23 20:10:27.415,1.86432,1.86466,1.00,1.37
2015.01.23 20:10:27.465,1.86428,1.86462,1.00,1.00
2015.01.23 20:10:27.566,1.86425,1.86459,1.00,1.00
2015.01.23 20:10:27.889,1.86425,1.86457,1.00,1.00
2015.01.23 20:10:28.241,1.86425,1.86459,1.00,1.00
2015.01.23 20:10:31.759,1.86422,1.86456,1.00,1.00
2015.01.23 20:10:32.631,1.86417,1.86451,1.00,1.00
2015.01.23 20:10:32.934,1.86407,1.86441,1.00,1.00
2015.01.23 20:10:33.237,1.86398,1.86432,1.00,1.00
2015.01.23 20:10:33.709,1.86395,1.86427,1.00,1.00
2015.01.23 20:10:34.011,1.86393,1.8642,1.00,1.00
2015.01.23 20:10:34.062,1.86389,1.8642,1.00,1.00
2015.01.23 20:10:34.163,1.86386,1.8642,1.00,1.00
2015.01.23 20:10:34.840,1.86383,1.86415,1.00,1.00
2015.01.23 20:10:42.312,1.86388,1.86422,1.00,1.00
2015.01.23 20:10:55.489,1.86392,1.86426,1.00,1.00
2015.01.23 20:11:07.931,1.86395,1.86429,1.00,1.00
2015.01.23 20:11:08.237,1.86404,1.86438,1.00,1.00
2015.01.23 20:11:08.557,1.86412,1.86446,1.12,1.50
2015.01.23 20:11:08.858,1.86419,1.86451,1.00,1.00
2015.01.23 20:11:12.863,1.86419,1.86452,1.00,1.00
2015.01.23 20:11:16.311,1.86419,1.86447,1.00,1.00
2015.01.23 20:11:16.412,1.86419,1.86452,1.00,1.00
2015.01.23 20:11:16.527,1.86419,1.86447,1.00,1.00
2015.01.23 20:11:16.841,1.86419,1.86441,1.00,1.00
2015.01.23 20:11:17.368,1.86419,1.86447,1.00,1.00
2015.01.23 20:11:17.969,1.86419,1.86446,1.00,1.00
2015.01.23 20:11:18.521,1.86419,1.86447,1.00,1.00
2015.01.23 20:11:20.270,1.86422,1.86456,1.00,1.00
2015.01.23 20:11:20.493,1.86425,1.86457,1.37,1.00
2015.01.23 20:11:20.695,1.86429,1.86462,1.00,1.00
2015.01.23 20:11:20.799,1.86427,1.86452,1.00,1.00
2015.01.23 20:11:20.901,1.86427,1.86456,1.00,1.00
2015.01.23 20:11:21.001,1.86427,1.86447,1.00,1.00
2015.01.23 20:11:21.233,1.86421,1.86451,1.00,1.00
2015.01.23 20:11:21.334,1.86421,1.86447,1.00,1.00
2015.01.23 20:11:21.485,1.86421,1.86452,1.00,1.00
2015.01.23 20:11:22.969,1.86421,1.86451,1.00,1.00
2015.01.23 20:11:23.630,1.86421,1.86455,1.00,1.00
2015.01.23 20:11:25.864,1.86425,1.86459,1.00,1.00
2015.01.23 20:11:28.087,1.86429,1.86463,1.00,1.00
2015.01.23 20:11:28.970,1.86429,1.86462,1.00,1.00
2015.01.23 20:11:29.272,1.86429,1.86456,1.00,1.00
2015.01.23 20:11:29.808,1.86429,1.86457,1.00,1.00
2015.01.23 20:11:30.726,1.86429,1.86452,1.00,1.00
2015.01.23 20:11:31.188,1.86429,1.86457,1.00,1.00
2015.01.23 20:11:32.564,1.86426,1.86457,1.00,1.00
2015.01.23 20:11:33.102,1.86426,1.86456,1.00,1.00
2015.01.23 20:11:33.898,1.86426,1.86452,1.00,1.00
2015.01.23 20:11:34.199,1.86424,1.86452,1.00,1.00
2015.01.23 20:11:34.491,1.86424,1.86456,1.00,1.00
2015.01.23 20:11:35.695,1.86424,1.86451,1.00,1.00
2015.01.23 20:11:35.877,1.86424,1.86456,1.00,1.00
2015.01.23 20:11:36.226,1.86424,1.86452,1.00,1.00
2015.01.23 20:11:37.650,1.86424,1.86451,1.00,1.00
2015.01.23 20:11:38.188,1.86424,1.86456,1.00,1.50
2015.01.23 20:11:38.713,1.86426,1.86457,1.00,1.00
2015.01.23 20:11:39.880,1.86426,1.86456,1.00,1.00
2015.01.23 20:11:41.839,1.86426,1.86457,1.00,1.00
2015.01.23 20:11:42.247,1.86426,1.86447,1.00,1.00
2015.01.23 20:11:42.298,1.86426,1.86452,1.00,1.00
2015.01.23 20:11:42.708,1.86426,1.86457,1.00,1.00
2015.01.23 20:11:42.859,1.86426,1.86451,1.00,1.00
2015.01.23 20:11:43.394,1.86426,1.86452,1.00,1.00
2015.01.23 20:11:43.730,1.86426,1.86456,1.00,1.00
2015.01.23 20:11:44.210,1.86417,1.86451,1.00,1.00
2015.01.23 20:11:44.261,1.86417,1.86447,1.00,1.00
2015.01.23 20:11:44.362,1.86417,1.86451,1.00,1.00
2015.01.23 20:11:44.478,1.86417,1.86447,1.00,1.00
2015.01.23 20:11:45.041,1.86417,1.86451,1.00,1.00
2015.01.23 20:11:50.854,1.86409,1.86443,1.00,1.00
2015.01.23 20:11:51.157,1.86403,1.86437,1.00,1.00
2015.01.23 20:11:51.943,1.86398,1.86432,1.00,1.00
2015.01.23 20:12:01.006,1.86398,1.86431,1.00,1.00
2015.01.23 20:12:01.056,1.86395,1.86429,1.00,1.00
2015.01.23 20:12:01.433,1.86395,1.86426,1.00,1.00
2015.01.23 20:12:01.973,1.86395,1.86429,1.00,1.00
2015.01.23 20:12:02.174,1.86395,1.86426,1.00,1.00
2015.01.23 20:12:02.929,1.86395,1.86427,1.00,1.00
2015.01.23 20:12:03.489,1.86395,1.86429,1.00,1.00
2015.01.23 20:12:06.676,1.86395,1.86427,1.00,1.00
2015.01.23 20:12:07.715,1.86395,1.86426,1.00,1.00
2015.01.23 20:12:08.217,1.86395,1.86427,1.00,1.00
2015.01.23 20:12:08.688,1.86395,1.86429,1.00,1.00
2015.01.23 20:12:09.537,1.86395,1.86427,1.00,1.00
2015.01.23 20:12:10.971,1.86392,1.86426,1.00,1.00
2015.01.23 20:12:11.073,1.86386,1.8642,1.00,1.00
2015.01.23 20:12:11.426,1.86386,1.86416,1.00,1.00
2015.01.23 20:12:11.628,1.86386,1.8642,1.00,1.00
2015.01.23 20:12:11.781,1.86386,1.86417,1.00,1.00
2015.01.23 20:12:12.083,1.86386,1.8642,1.00,1.00
2015.01.23 20:12:12.996,1.86386,1.86412,1.00,1.00
2015.01.23 20:12:13.361,1.86383,1.86412,1.00,1.00
2015.01.23 20:12:13.513,1.86386,1.86417,1.00,1.00
2015.01.23 20:12:13.614,1.86386,1.86411,1.00,1.00
2015.01.23 20:12:13.981,1.86386,1.86416,1.00,1.00
2015.01.23 20:12:14.082,1.86386,1.86412,1.00,1.00
2015.01.23 20:12:14.466,1.86386,1.86417,1.00,1.00
2015.01.23 20:12:14.517,1.86386,1.86407,1.00,1.00
2015.01.23 20:12:14.718,1.86386,1.86412,1.00,1.00
2015.01.23 20:12:15.478,1.86386,1.86411,1.00,1.00
2015.01.23 20:12:15.987,1.86386,1.86412,1.00,1.00
2015.01.23 20:12:16.356,1.86392,1.86411,1.00,1.00
2015.01.23 20:12:16.407,1.86392,1.86417,1.00,1.00
2015.01.23 20:12:16.457,1.86396,1.86417,1.00,1.00
2015.01.23 20:12:16.771,1.86396,1.86412,1.00,1.00
2015.01.23 20:12:17.377,1.86396,1.86411,1.00,1.00
2015.01.23 20:12:17.478,1.86396,1.86422,1.00,1.00
2015.01.23 20:12:18.570,1.86396,1.86417,1.00,1.00
2015.01.23 20:12:19.056,1.86396,1.86411,1.00,1.00
2015.01.23 20:12:19.456,1.86396,1.86417,1.00,1.00
2015.01.23 20:12:19.558,1.86396,1.86412,1.00,1.00
2015.01.23 20:12:20.367,1.86396,1.86416,1.00,1.00
2015.01.23 20:12:20.881,1.86396,1.86422,1.00,1.00
2015.01.23 20:12:20.978,1.86396,1.86416,1.00,1.00
2015.01.23 20:12:21.637,1.86396,1.86422,1.00,1.00
2015.01.23 20:12:21.967,1.86396,1.86417,1.00,1.00
2015.01.23 20:12:22.447,1.86396,1.86412,1.00,1.00
2015.01.23 20:12:22.667,1.86396,1.86416,1.00,1.00
2015.01.23 20:12:23.217,1.86396,1.86417,1.00,1.00
2015.01.23 20:12:23.318,1.86396,1.86422,1.00,1.00
2015.01.23 20:12:23.427,1.86396,1.86417,1.00,1.00
2015.01.23 20:12:23.732,1.86396,1.86421,1.00,1.00
2015.01.23 20:12:24.167,1.86396,1.86416,1.00,1.00
2015.01.23 20:12:24.387,1.86396,1.86421,1.00,1.00
2015.01.23 20:12:24.717,1.86396,1.86417,1.00,1.00
2015.01.23 20:12:25.809,1.86391,1.86417,1.00,1.00
2015.01.23 20:12:27.846,1.86391,1.86412,1.00,1.00
2015.01.23 20:12:28.257,1.86391,1.86417,1.00,1.00
2015.01.23 20:12:28.811,1.86391,1.86416,1.00,1.00
2015.01.23 20:12:29.382,1.86391,1.86417,1.00,1.00
2015.01.23 20:12:31.556,1.86391,1.86416,1.00,1.00
2015.01.23 20:12:32.121,1.86391,1.86407,1.00,1.00
2015.01.23 20:12:32.430,1.86391,1.86411,1.00,1.00
2015.01.23 20:12:32.747,1.86391,1.86417,1.00,1.00
2015.01.23 20:12:33.407,1.86391,1.86407,1.00,1.00
2015.01.23 20:12:33.519,1.86391,1.86412,1.00,1.00
2015.01.23 20:12:33.737,1.86391,1.86417,1.00,1.00
2015.01.23 20:12:34.028,1.86391,1.86412,1.00,1.00
2015.01.23 20:12:35.835,1.86391,1.86407,1.00,1.00
2015.01.23 20:12:36.751,1.86391,1.86406,1.00,1.00
2015.01.23 20:12:36.952,1.86391,1.86411,1.00,1.00
2015.01.23 20:12:37.154,1.86391,1.86407,1.00,1.00
2015.01.23 20:12:37.696,1.86391,1.86412,1.00,1.00
2015.01.23 20:12:37.917,1.86391,1.86407,1.00,1.00
2015.01.23 20:12:38.831,1.86391,1.86411,1.00,1.00
2015.01.23 20:12:40.007,1.86391,1.86407,1.00,1.00
2015.01.23 20:12:40.706,1.86391,1.86417,1.00,1.00
2015.01.23 20:12:41.027,1.86391,1.86412,1.00,1.00
2015.01.23 20:12:41.228,1.86391,1.86417,1.00,1.00
2015.01.23 20:12:41.480,1.86391,1.86411,1.00,1.00
2015.01.23 20:12:41.656,1.86391,1.86417,1.00,1.00
2015.01.23 20:12:41.908,1.86391,1.86412,1.00,1.00
2015.01.23 20:12:43.459,1.86391,1.86411,1.00,1.00
2015.01.23 20:12:45.247,1.86391,1.86417,1.00,1.00
2015.01.23 20:12:45.553,1.86391,1.86411,1.00,1.00
2015.01.23 20:12:45.653,1.86391,1.86416,1.00,1.00
2015.01.23 20:12:45.777,1.86391,1.86411,1.00,1.00
2015.01.23 20:12:46.087,1.86398,1.86411,1.00,1.00
2015.01.23 20:12:46.572,1.86398,1.86416,1.00,1.00
2015.01.23 20:12:46.774,1.86398,1.86412,1.00,1.00
2015.01.23 20:12:46.926,1.8639,1.86412,1.00,1.00
2015.01.23 20:12:46.977,1.8639,1.86417,1.00,1.00
2015.01.23 20:12:47.311,1.8639,1.86411,1.00,1.00
2015.01.23 20:12:47.854,1.8639,1.86412,1.00,1.00
2015.01.23 20:12:48.396,1.8639,1.86416,1.00,1.00
2015.01.23 20:12:49.507,1.8639,1.86417,1.00,1.00
2015.01.23 20:12:50.843,1.8639,1.86424,1.00,1.00
2015.01.23 20:12:51.619,1.8639,1.86421,1.00,1.00
2015.01.23 20:12:51.973,1.86386,1.8642,1.00,1.00
2015.01.23 20:12:52.225,1.86379,1.86413,1.00,1.00
2015.01.23 20:12:54.529,1.86384,1.86416,1.00,1.00
2015.01.23 20:13:00.040,1.86381,1.86413,1.00,1.00
2015.01.23 20:13:00.699,1.86387,1.86419,1.00,1.00
2015.01.23 20:13:01.730,1.86387,1.86416,1.00,1.00
2015.01.23 20:13:01.945,1.86387,1.86419,1.00,1.00
2015.01.23 20:13:02.046,1.86387,1.86416,1.00,1.00
2015.01.23 20:13:02.174,1.86387,1.86419,1.00,1.00
2015.01.23 20:13:04.484,1.86393,1.86425,1.00,1.00
2015.01.23 20:13:06.717,1.86397,1.86431,1.00,1.50
2015.01.23 20:13:08.120,1.86397,1.86427,1.00,1.00
2015.01.23 20:13:08.321,1.86397,1.86431,1.00,1.00
2015.01.23 20:13:08.537,1.86397,1.86426,1.00,1.00
2015.01.23 20:13:09.051,1.86397,1.86427,1.00,1.00
2015.01.23 20:13:09.416,1.86397,1.86431,1.00,1.00
2015.01.23 20:13:09.518,1.86397,1.86422,1.00,1.00
2015.01.23 20:13:09.626,1.86397,1.86427,1.00,1.00
2015.01.23 20:13:09.981,1.86397,1.86422,1.00,1.00
2015.01.23 20:13:10.211,1.86397,1.86427,1.00,1.00
2015.01.23 20:13:10.740,1.86397,1.86422,1.00,1.00
2015.01.23 20:13:10.992,1.86397,1.86427,1.00,1.00
2015.01.23 20:13:11.093,1.86402,1.86436,1.00,1.00
2015.01.23 20:13:12.182,1.86402,1.86432,1.00,1.00
2015.01.23 20:13:12.926,1.86402,1.86431,1.00,1.00
2015.01.23 20:13:14.517,1.86407,1.86431,1.00,1.00
2015.01.23 20:13:14.719,1.86407,1.86439,1.00,1.00
2015.01.23 20:13:16.085,1.86407,1.86441,1.00,1.00
2015.01.23 20:13:16.251,1.86407,1.86437,1.00,1.00
2015.01.23 20:13:16.927,1.86407,1.86441,1.00,1.50
2015.01.23 20:13:17.028,1.86407,1.86437,1.00,1.00
2015.01.23 20:13:17.679,1.86407,1.86441,1.00,1.50
2015.01.23 20:13:18.251,1.86407,1.86437,1.00,1.00
2015.01.23 20:13:19.417,1.86407,1.86441,1.00,1.00
2015.01.23 20:13:19.916,1.86407,1.86441,1.00,1.37
2015.01.23 20:13:20.091,1.86407,1.86441,1.00,1.00
2015.01.23 20:13:20.529,1.86407,1.86432,1.00,1.00
2015.01.23 20:13:20.632,1.86407,1.86436,1.00,1.00
2015.01.23 20:13:21.176,1.86407,1.86441,1.00,1.50
2015.01.23 20:13:21.298,1.86404,1.86438,1.00,1.00
2015.01.23 20:13:24.632,1.86398,1.86432,1.00,1.00
2015.01.23 20:13:24.981,1.86402,1.86427,1.00,1.00
2015.01.23 20:13:26.936,1.86408,1.86427,1.00,1.00
2015.01.23 20:13:27.240,1.86408,1.86432,1.00,1.00
2015.01.23 20:13:27.341,1.86408,1.86437,1.00,1.00
2015.01.23 20:13:27.593,1.86411,1.86437,1.00,1.00
2015.01.23 20:13:27.693,1.86411,1.86441,1.00,1.00
2015.01.23 20:13:28.259,1.86411,1.86445,1.00,1.00
2015.01.23 20:13:31.440,1.86411,1.86436,1.12,1.00
2015.01.23 20:13:31.758,1.86411,1.86445,1.12,1.00
2015.01.23 20:13:32.381,1.86411,1.86445,1.37,1.00
2015.01.23 20:13:32.911,1.86411,1.86445,1.12,1.00
2015.01.23 20:13:33.112,1.86416,1.8645,1.00,1.00
2015.01.23 20:13:33.670,1.86416,1.8645,1.37,1.00
2015.01.23 20:13:33.771,1.86423,1.86457,1.00,1.00
2015.01.23 20:13:33.872,1.86426,1.86456,1.00,1.00
2015.01.23 20:13:34.392,1.86426,1.8646,1.00,1.00
2015.01.23 20:13:34.606,1.86426,1.86457,1.00,1.00
2015.01.23 20:13:34.815,1.86426,1.8646,1.00,1.00
2015.01.23 20:13:38.775,1.86426,1.86457,1.00,1.00
2015.01.23 20:13:43.835,1.86426,1.8646,1.00,1.00
2015.01.23 20:13:49.248,1.86426,1.86452,1.00,1.00
2015.01.23 20:13:49.450,1.86426,1.86457,1.00,1.00
2015.01.23 20:13:50.441,1.86426,1.86456,1.00,1.00
2015.01.23 20:13:51.124,1.86426,1.86457,1.00,1.00
2015.01.23 20:13:51.288,1.86426,1.86441,1.00,1.00
2015.01.23 20:13:51.339,1.86415,1.86436,1.00,1.00
2015.01.23 20:13:51.390,1.86412,1.86419,1.00,1.34
2015.01.23 20:13:51.440,1.86398,1.86413,1.12,1.00
2015.01.23 20:13:51.491,1.86398,1.86411,1.00,1.50
2015.01.23 20:13:51.542,1.86355,1.86406,1.37,1.00
2015.01.23 20:13:51.693,1.86345,1.86402,1.37,1.00
2015.01.23 20:13:51.794,1.86343,1.86402,1.00,1.00
2015.01.23 20:13:51.996,1.86349,1.86405,1.00,1.00
2015.01.23 20:13:52.199,1.86353,1.86412,1.00,1.00
2015.01.23 20:13:52.249,1.8637,1.86402,1.00,1.00
2015.01.23 20:13:58.368,1.86372,1.86406,1.00,1.00
2015.01.23 20:13:58.957,1.86376,1.8641,1.00,1.00
2015.01.23 20:14:12.750,1.86376,1.8641,1.37,1.00
2015.01.23 20:14:13.325,1.86376,1.8641,1.00,1.00
2015.01.23 20:14:14.456,1.86376,1.8641,1.37,1.00
2015.01.23 20:14:14.775,1.86372,1.86406,1.12,1.00
2015.01.23 20:14:15.291,1.86372,1.86406,1.37,1.00
2015.01.23 20:14:15.960,1.86372,1.86406,1.12,1.00
2015.01.23 20:14:19.704,1.86372,1.86406,2.62,1.00
2015.01.23 20:14:20.006,1.86385,1.86417,1.00,1.00
2015.01.23 20:14:21.410,1.86385,1.86416,1.00,1.00
2015.01.23 20:14:25.061,1.86385,1.86417,1.00,1.00
2015.01.23 20:14:34.145,1.86385,1.86412,1.00,1.00
2015.01.23 20:14:34.695,1.86385,1.86417,1.00,1.50
2015.01.23 20:14:40.855,1.86385,1.86412,1.00,1.00
2015.01.23 20:14:41.294,1.86385,1.86417,1.00,1.50
2015.01.23 20:14:43.055,1.86385,1.86412,1.00,1.00
2015.01.23 20:14:43.539,1.86385,1.86407,1.00,1.00
2015.01.23 20:14:44.056,1.86385,1.86417,1.00,1.50
2015.01.23 20:14:46.669,1.86387,1.86421,1.00,1.00
2015.01.23 20:14:46.720,1.86387,1.86421,1.37,1.00
2015.01.23 20:14:46.821,1.86397,1.86429,1.00,1.00
2015.01.23 20:14:47.022,1.86399,1.86433,1.00,1.00
2015.01.23 20:14:47.123,1.86406,1.8644,1.00,1.00
2015.01.23 20:15:05.890,1.86406,1.8644,1.00,1.37
2015.01.23 20:15:05.940,1.86401,1.86435,1.00,1.00
2015.01.23 20:15:06.426,1.86401,1.86432,1.00,1.00
2015.01.23 20:15:09.458,1.86401,1.86435,1.00,1.00
2015.01.23 20:15:10.833,1.86401,1.86432,1.00,1.00
2015.01.23 20:15:12.656,1.86401,1.86431,1.00,1.00
2015.01.23 20:15:13.201,1.86401,1.86432,1.00,1.00
2015.01.23 20:15:13.731,1.86401,1.86431,1.00,1.00
2015.01.23 20:15:14.327,1.86401,1.86432,1.00,1.00
2015.01.23 20:15:14.996,1.86401,1.86431,1.00,1.00
2015.01.23 20:15:15.497,1.86401,1.86432,1.00,1.00
2015.01.23 20:15:17.856,1.86401,1.86427,1.00,1.00
2015.01.23 20:15:17.957,1.86401,1.86432,1.00,1.00
2015.01.23 20:15:18.459,1.86401,1.86431,1.00,1.00
2015.01.23 20:15:19.724,1.86401,1.86432,1.00,1.00
2015.01.23 20:15:20.678,1.86401,1.86431,1.00,1.00
2015.01.23 20:15:21.228,1.86401,1.86432,1.00,1.00
2015.01.23 20:15:22.657,1.86401,1.86431,1.00,1.00
2015.01.23 20:15:23.557,1.86401,1.86432,1.00,1.00
2015.01.23 20:15:26.198,1.86401,1.86431,1.00,1.00
2015.01.23 20:15:27.066,1.86399,1.86431,1.00,1.50
2015.01.23 20:15:34.444,1.86399,1.86421,1.00,1.00
2015.01.23 20:15:40.053,1.86399,1.86422,1.00,1.00
2015.01.23 20:15:44.660,1.86399,1.86431,1.00,1.00
2015.01.23 20:15:57.623,1.86395,1.86429,1.00,1.00
2015.01.23 20:16:51.447,1.86398,1.86432,1.00,1.00
2015.01.23 20:17:02.757,1.86398,1.86431,1.00,1.00
2015.01.23 20:17:05.880,1.86398,1.86432,1.00,1.00
2015.01.23 20:17:07.202,1.86398,1.86431,1.00,1.00
2015.01.23 20:17:15.516,1.86398,1.86432,1.00,1.00
2015.01.23 20:17:15.869,1.86402,1.86436,1.00,1.00
2015.01.23 20:17:28.057,1.86402,1.86432,1.00,1.00
2015.01.23 20:17:28.542,1.86402,1.86436,1.00,1.50
2015.01.23 20:17:35.446,1.86399,1.86433,1.00,1.00
2015.01.23 20:17:36.291,1.86402,1.86436,1.00,1.00
2015.01.23 20:17:50.951,1.86399,1.86433,1.00,1.00
2015.01.23 20:18:01.806,1.86402,1.86436,1.00,1.00
2015.01.23 20:18:08.880,1.86405,1.86439,1.00,1.00
2015.01.23 20:18:10.717,1.86405,1.86436,1.00,1.00
2015.01.23 20:18:11.564,1.86405,1.86436,1.37,1.00
2015.01.23 20:18:11.866,1.86414,1.86442,1.00,1.00
2015.01.23 20:18:11.917,1.86414,1.86447,1.00,1.00
2015.01.23 20:18:15.678,1.8642,1.86447,1.00,1.00
2015.01.23 20:18:16.335,1.8642,1.86446,1.00,1.00
2015.01.23 20:18:16.541,1.8642,1.86451,1.00,1.00
2015.01.23 20:18:17.347,1.8642,1.86452,1.00,1.00
2015.01.23 20:18:20.285,1.8642,1.86451,1.00,1.00
2015.01.23 20:18:20.386,1.8642,1.86447,1.00,1.00
2015.01.23 20:18:20.465,1.8642,1.86451,1.00,1.00
2015.01.23 20:18:21.015,1.8642,1.86447,1.00,1.00
2015.01.23 20:18:21.235,1.8642,1.86452,1.00,1.00
2015.01.23 20:18:28.061,1.8642,1.86447,1.00,1.00
2015.01.23 20:18:34.702,1.86424,1.86447,1.00,1.00
2015.01.23 20:18:35.755,1.86424,1.86446,1.00,1.00
2015.01.23 20:18:35.974,1.86424,1.86452,1.00,1.00
2015.01.23 20:18:36.123,1.86424,1.86447,1.00,1.00
2015.01.23 20:18:37.339,1.86424,1.86452,1.00,1.00
2015.01.23 20:18:46.866,1.86424,1.86446,1.00,1.00
2015.01.23 20:18:47.524,1.86424,1.86451,1.00,1.00
2015.01.23 20:18:47.964,1.86424,1.86446,1.00,1.00
2015.01.23 20:18:48.510,1.86424,1.86447,1.00,1.00
2015.01.23 20:18:49.045,1.86424,1.86446,1.00,1.00
2015.01.23 20:18:49.623,1.86424,1.86447,1.00,1.00
2015.01.23 20:18:50.157,1.86424,1.86446,1.00,1.00
2015.01.23 20:18:56.214,1.86424,1.86447,1.00,1.00
2015.01.23 20:18:56.984,1.86424,1.86446,1.00,1.00
2015.01.23 20:18:57.515,1.86424,1.86447,1.00,1.00
2015.01.23 20:18:58.459,1.86424,1.86452,1.00,1.00
2015.01.23 20:18:59.655,1.86424,1.86447,1.00,1.00
2015.01.23 20:18:59.990,1.86424,1.86452,1.00,1.00
2015.01.23 20:19:05.823,1.86424,1.86451,1.00,1.00
2015.01.23 20:19:07.557,1.86424,1.86452,1.00,1.00
2015.01.23 20:19:24.594,1.86424,1.86447,1.00,1.00
2015.01.23 20:19:27.787,1.86424,1.86451,1.00,1.00
2015.01.23 20:19:28.040,1.86424,1.86447,1.00,1.00
2015.01.23 20:19:28.251,1.86424,1.86451,1.00,1.00
2015.01.23 20:19:32.977,1.86424,1.86452,1.00,1.00
2015.01.23 20:19:34.693,1.86409,1.86452,1.00,1.00
2015.01.23 20:19:35.423,1.86408,1.86452,1.00,1.00
2015.01.23 20:19:41.032,1.86408,1.86451,1.00,1.00
2015.01.23 20:19:41.236,1.86413,1.86457,1.00,1.00
2015.01.23 20:19:41.287,1.8643,1.86457,1.00,1.00
2015.01.23 20:19:41.442,1.8643,1.86462,1.00,1.87
2015.01.23 20:19:54.183,1.8643,1.86461,1.00,1.00
2015.01.23 20:19:55.288,1.8643,1.86457,1.00,1.00
2015.01.23 20:19:55.507,1.8643,1.86462,1.00,1.50
2015.01.23 20:20:00.218,1.86433,1.86462,1.00,1.00
2015.01.23 20:20:00.673,1.86433,1.86456,1.00,1.00
2015.01.23 20:20:01.266,1.86433,1.86462,1.00,1.00
2015.01.23 20:20:02.352,1.86433,1.86457,1.00,1.00
2015.01.23 20:20:02.453,1.86433,1.86462,1.00,1.00
2015.01.23 20:20:02.540,1.86433,1.86457,1.00,1.00
2015.01.23 20:20:07.094,1.86433,1.86452,1.00,1.00
2015.01.23 20:20:08.129,1.86437,1.86452,1.00,1.00
2015.01.23 20:20:08.281,1.86442,1.86467,1.00,1.00
2015.01.23 20:20:08.432,1.86446,1.86467,1.00,1.00
2015.01.23 20:20:08.483,1.86446,1.86471,1.00,1.00
2015.01.23 20:20:08.982,1.8645,1.86471,1.00,1.00
2015.01.23 20:20:11.931,1.8645,1.86467,1.00,1.00
2015.01.23 20:20:12.238,1.8645,1.86461,1.00,1.00
2015.01.23 20:20:13.361,1.8645,1.86462,1.00,1.00
2015.01.23 20:20:14.999,1.8645,1.86467,1.00,1.00
2015.01.23 20:20:21.351,1.8645,1.86466,1.00,1.00
2015.01.23 20:20:22.713,1.8645,1.86467,1.00,1.00
2015.01.23 20:20:23.252,1.8645,1.86466,1.00,1.00
2015.01.23 20:20:26.663,1.8645,1.86462,1.00,1.00
2015.01.23 20:20:26.768,1.8645,1.86467,1.00,1.00
2015.01.23 20:20:30.176,1.8645,1.86456,1.00,1.00
2015.01.23 20:20:30.630,1.8645,1.86462,1.00,1.00
2015.01.23 20:20:30.731,1.8645,1.86466,1.00,1.00
2015.01.23 20:20:30.839,1.8645,1.86461,1.00,1.00
2015.01.23 20:20:33.170,1.8645,1.86457,1.00,1.00
2015.01.23 20:20:34.362,1.8645,1.86461,1.00,1.00
2015.01.23 20:20:37.872,1.8645,1.86462,1.00,1.00
2015.01.23 20:20:38.179,1.8645,1.86467,1.00,1.00
2015.01.23 20:20:38.290,1.8645,1.86461,1.00,1.00
2015.01.23 20:20:38.730,1.8645,1.86467,1.00,1.00
2015.01.23 20:20:40.051,1.8645,1.86466,1.00,1.00
2015.01.23 20:20:40.161,1.8645,1.86462,1.00,1.00
2015.01.23 20:20:40.381,1.8645,1.86471,1.00,1.00
2015.01.23 20:20:40.900,1.8645,1.86472,1.00,1.00
2015.01.23 20:20:41.152,1.8645,1.86477,1.00,1.00
2015.01.23 20:20:41.722,1.8645,1.86471,1.00,1.00
2015.01.23 20:20:42.267,1.8645,1.86472,1.00,1.00
2015.01.23 20:20:42.601,1.86452,1.86472,1.00,1.00
2015.01.23 20:20:42.903,1.86459,1.86472,1.00,1.00
2015.01.23 20:20:42.954,1.86459,1.86482,1.00,1.00
2015.01.23 20:20:43.491,1.86459,1.86481,1.00,1.00
2015.01.23 20:20:44.490,1.86459,1.86472,1.00,1.00
2015.01.23 20:20:44.692,1.86459,1.86477,1.00,1.00
2015.01.23 20:20:44.911,1.86459,1.86481,1.00,1.00
2015.01.23 20:20:45.425,1.86459,1.86482,1.00,1.00
2015.01.23 20:20:45.781,1.86459,1.86487,1.00,1.00
2015.01.23 20:20:45.983,1.86464,1.86487,1.00,1.00
2015.01.23 20:20:47.194,1.86466,1.86487,1.00,1.00
2015.01.23 20:20:50.201,1.86466,1.86486,1.00,1.00
2015.01.23 20:20:52.524,1.86466,1.86487,1.00,1.00
2015.01.23 20:20:52.726,1.86469,1.86497,1.00,1.00
2015.01.23 20:20:53.005,1.86473,1.86497,1.00,1.00
2015.01.23 20:20:53.156,1.86473,1.86502,1.00,1.00
2015.01.23 20:20:53.459,1.86477,1.86501,1.00,1.00
2015.01.23 20:20:53.610,1.8648,1.86507,1.00,1.00
2015.01.23 20:20:55.279,1.8648,1.86512,1.00,1.00
2015.01.23 20:20:55.457,1.8648,1.86507,1.00,1.00
2015.01.23 20:20:55.845,1.86484,1.86507,1.00,1.00
2015.01.23 20:20:56.968,1.86487,1.86507,1.00,1.00
2015.01.23 20:20:57.119,1.86487,1.86511,1.00,1.00
2015.01.23 20:20:57.323,1.86487,1.86517,1.00,1.00
2015.01.23 20:21:00.145,1.86491,1.86517,1.00,1.00
2015.01.23 20:21:00.448,1.86495,1.86517,1.00,1.00
2015.01.23 20:21:00.750,1.86495,1.86507,1.00,1.00
2015.01.23 20:21:00.801,1.8649,1.86507,1.00,1.00
2015.01.23 20:21:00.902,1.86487,1.86507,1.00,1.00
2015.01.23 20:21:01.003,1.86487,1.86511,1.00,1.00
2015.01.23 20:21:01.061,1.86487,1.86516,1.00,1.00
2015.01.23 20:21:01.212,1.86487,1.86512,1.00,1.00
2015.01.23 20:21:01.533,1.86489,1.86512,1.00,1.00
2015.01.23 20:21:01.947,1.86489,1.86507,1.00,1.00
2015.01.23 20:21:02.250,1.86489,1.86502,1.00,1.00
2015.01.23 20:21:03.450,1.86487,1.86502,1.00,1.00
2015.01.23 20:21:03.702,1.86487,1.86511,1.00,1.00
2015.01.23 20:21:03.810,1.86487,1.86506,1.00,1.00
2015.01.23 20:21:04.084,1.86482,1.86506,1.00,1.00
2015.01.23 20:21:04.702,1.86482,1.86502,1.00,1.00
2015.01.23 20:21:05.059,1.86482,1.86507,1.00,1.00
2015.01.23 20:21:05.713,1.86482,1.86502,1.00,1.00
2015.01.23 20:21:05.960,1.86474,1.86502,1.00,1.00
2015.01.23 20:21:06.061,1.86474,1.86496,1.00,1.00
2015.01.23 20:21:06.112,1.8647,1.86496,1.00,1.00
2015.01.23 20:21:06.213,1.86468,1.86497,1.00,1.00
2015.01.23 20:21:06.365,1.86468,1.86502,1.00,1.00
2015.01.23 20:21:06.416,1.86462,1.86502,1.00,1.50
2015.01.23 20:21:06.919,1.86462,1.86501,1.00,1.00
2015.01.23 20:21:07.272,1.86462,1.86497,1.00,1.00
2015.01.23 20:21:07.473,1.86462,1.86502,1.00,1.50
2015.01.23 20:21:08.490,1.86466,1.86502,1.00,1.00
2015.01.23 20:21:08.792,1.86474,1.86501,1.00,1.00
2015.01.23 20:21:10.041,1.86474,1.86502,1.00,1.00
2015.01.23 20:21:10.142,1.8647,1.86502,1.00,1.00
2015.01.23 20:21:10.595,1.8647,1.86496,1.00,1.00
2015.01.23 20:21:11.431,1.8647,1.86502,1.00,1.00
2015.01.23 20:21:11.656,1.8647,1.86507,1.00,1.00
2015.01.23 20:21:12.319,1.8647,1.86502,1.00,1.00
2015.01.23 20:21:14.135,1.86465,1.86502,1.00,1.00
2015.01.23 20:21:14.439,1.86462,1.86501,1.00,1.00
2015.01.23 20:21:14.540,1.86458,1.86498,1.00,1.00
2015.01.23 20:21:14.892,1.86453,1.86492,1.00,1.00
2015.01.23 20:21:16.344,1.86448,1.86488,1.00,1.00
2015.01.23 20:21:16.395,1.86448,1.86488,1.00,1.50
2015.01.23 20:21:16.600,1.86434,1.86471,1.00,1.00
2015.01.23 20:21:18.200,1.86436,1.8647,1.00,1.00
2015.01.23 20:21:24.001,1.86434,1.86466,1.00,1.00
2015.01.23 20:21:27.223,1.86436,1.8647,1.00,1.00
2015.01.23 20:21:29.843,1.8644,1.86472,1.00,1.00
2015.01.23 20:21:32.910,1.86445,1.86477,1.00,1.00
2015.01.23 20:21:39.331,1.86436,1.8647,1.00,1.00
2015.01.23 20:21:39.483,1.86436,1.86467,1.00,1.00
2015.01.23 20:21:40.030,1.86436,1.86466,1.00,1.00
2015.01.23 20:21:40.391,1.86436,1.8647,1.00,1.00
2015.01.23 20:21:40.688,1.86436,1.86467,1.00,1.00
2015.01.23 20:21:41.041,1.86436,1.8647,1.00,1.00
2015.01.23 20:21:42.849,1.86432,1.86466,1.00,1.00
2015.01.23 20:21:43.157,1.86425,1.86459,1.00,1.00
2015.01.23 20:21:43.460,1.86421,1.86453,1.00,1.00
2015.01.23 20:21:46.120,1.86428,1.8646,1.00,1.00
2015.01.23 20:21:46.776,1.86432,1.86466,1.00,1.00
2015.01.23 20:21:48.421,1.86436,1.8647,1.00,1.00
2015.01.23 20:21:49.087,1.86428,1.8646,1.00,1.00
2015.01.23 20:22:06.283,1.86422,1.86456,1.00,1.00
2015.01.23 20:22:07.013,1.86411,1.86445,1.00,1.00
2015.01.23 20:22:12.494,1.86411,1.86442,1.00,1.00
2015.01.23 20:22:12.744,1.86411,1.86445,1.00,1.00
2015.01.23 20:22:12.845,1.86407,1.86441,1.00,1.00
2015.01.23 20:22:14.830,1.86407,1.86437,1.00,1.00
2015.01.23 20:22:15.888,1.86407,1.86431,1.00,1.00
2015.01.23 20:22:16.298,1.86409,1.86431,1.84,1.00
2015.01.23 20:22:16.449,1.86413,1.86447,1.34,1.00
2015.01.23 20:22:16.500,1.86419,1.86453,1.37,1.00
2015.01.23 20:22:16.601,1.86424,1.86456,1.00,1.00
2015.01.23 20:22:16.879,1.86418,1.86451,1.00,1.00
2015.01.23 20:22:17.360,1.86418,1.86447,1.00,1.00
2015.01.23 20:22:17.462,1.86418,1.86451,1.00,1.00
2015.01.23 20:22:18.006,1.86418,1.86452,1.00,1.50
2015.01.23 20:22:21.873,1.86414,1.86448,1.00,1.00
2015.01.23 20:22:22.275,1.86414,1.86442,1.00,1.00
2015.01.23 20:22:22.426,1.86414,1.86446,1.00,1.00
2015.01.23 20:22:22.728,1.86414,1.86448,1.00,1.00
2015.01.23 20:22:23.262,1.86414,1.86447,1.00,1.00
2015.01.23 20:22:25.128,1.86414,1.86448,1.00,1.00
2015.01.23 20:22:26.281,1.86419,1.86451,1.00,1.00
2015.01.23 20:22:27.258,1.86419,1.86446,1.00,1.00
2015.01.23 20:22:27.487,1.86419,1.86451,1.00,1.50
2015.01.23 20:22:27.588,1.86424,1.86451,1.00,1.00
2015.01.23 20:22:28.465,1.86424,1.86456,1.00,1.00
2015.01.23 20:22:29.231,1.86424,1.86446,1.00,1.00
2015.01.23 20:22:29.436,1.86424,1.86452,1.00,1.00
2015.01.23 20:22:29.641,1.86424,1.86447,1.00,1.00
2015.01.23 20:22:30.192,1.86424,1.86456,1.00,1.00
2015.01.23 20:22:30.410,1.86424,1.86446,1.00,1.00
2015.01.23 20:22:30.628,1.86424,1.86456,1.00,1.00
2015.01.23 20:22:31.308,1.86424,1.86451,1.00,1.00
2015.01.23 20:22:31.529,1.86424,1.86456,1.00,1.50
2015.01.23 20:22:31.731,1.86424,1.86452,1.00,1.00
2015.01.23 20:22:32.033,1.86424,1.86447,1.00,1.00
2015.01.23 20:22:32.084,1.86424,1.86456,1.00,1.00
2015.01.23 20:22:32.185,1.86424,1.86451,1.00,1.00
2015.01.23 20:22:32.827,1.86424,1.86456,1.00,1.00
2015.01.23 20:22:33.508,1.86424,1.86451,1.00,1.00
2015.01.23 20:22:33.811,1.86424,1.86447,1.00,1.00
2015.01.23 20:22:33.928,1.86424,1.86452,1.00,1.00
2015.01.23 20:22:34.513,1.86424,1.86446,1.00,1.00
2015.01.23 20:22:34.716,1.86424,1.86451,1.00,1.00
2015.01.23 20:22:35.222,1.86424,1.86452,1.00,1.00
2015.01.23 20:22:35.272,1.86424,1.86447,1.00,1.00
2015.01.23 20:22:38.807,1.8642,1.86447,1.00,1.00
2015.01.23 20:22:38.909,1.86417,1.86449,1.00,1.00
2015.01.23 20:22:39.429,1.86417,1.86447,1.00,1.00
2015.01.23 20:22:39.479,1.86407,1.86441,1.00,1.00
2015.01.23 20:22:42.249,1.86414,1.86448,1.00,1.00
2015.01.23 20:22:42.551,1.86418,1.86451,1.00,1.00
2015.01.23 20:22:42.653,1.86413,1.86447,1.00,1.00
2015.01.23 20:22:42.905,1.8641,1.86444,1.00,1.00
2015.01.23 20:22:44.167,1.8641,1.86442,1.00,1.00
2015.01.23 20:22:44.487,1.8641,1.86444,1.00,1.00
2015.01.23 20:22:46.525,1.86406,1.8644,1.00,1.00
2015.01.23 20:22:47.468,1.86406,1.86437,1.00,1.00
2015.01.23 20:22:48.553,1.86406,1.86436,1.00,1.00
2015.01.23 20:22:49.109,1.86406,1.8644,1.00,1.00
2015.01.23 20:22:49.548,1.86406,1.86436,1.00,1.00
2015.01.23 20:22:50.067,1.86406,1.86437,1.00,1.00
2015.01.23 20:22:51.308,1.86406,1.86436,1.00,1.00
2015.01.23 20:22:51.417,1.86406,1.8644,1.00,1.00
2015.01.23 20:22:52.352,1.86402,1.86436,1.00,1.00
2015.01.23 20:22:53.757,1.86402,1.86432,1.00,1.00
2015.01.23 20:22:54.728,1.86402,1.86436,1.00,1.00
2015.01.23 20:23:06.117,1.8641,1.86437,1.00,1.00
2015.01.23 20:23:06.741,1.8641,1.86442,1.00,1.00
2015.01.23 20:23:06.947,1.8641,1.86444,1.00,1.00
2015.01.23 20:23:07.048,1.8641,1.86442,1.00,1.00
2015.01.23 20:23:07.151,1.8641,1.86444,1.00,1.00
2015.01.23 20:23:11.560,1.8641,1.86441,1.00,1.00
2015.01.23 20:23:11.915,1.8641,1.86444,1.00,1.00
2015.01.23 20:23:12.016,1.8641,1.86442,1.00,1.00
2015.01.23 20:23:12.217,1.8641,1.86444,1.00,1.00
2015.01.23 20:23:12.427,1.8641,1.86442,1.00,1.00
2015.01.23 20:23:12.986,1.8641,1.86437,1.00,1.00
2015.01.23 20:23:13.197,1.8641,1.86441,1.00,1.00
2015.01.23 20:23:13.718,1.8641,1.86442,1.00,1.00
2015.01.23 20:23:14.004,1.8641,1.86437,1.00,1.00
2015.01.23 20:23:14.514,1.8641,1.86436,1.00,1.00
2015.01.23 20:23:29.107,1.86418,1.86436,1.00,1.00
2015.01.23 20:23:29.410,1.86418,1.86442,1.00,1.00
2015.01.23 20:23:29.865,1.86418,1.86437,1.00,1.00
2015.01.23 20:23:32.707,1.86418,1.86441,1.00,1.00
2015.01.23 20:23:33.237,1.86418,1.86442,1.00,1.00
2015.01.23 20:23:36.813,1.86418,1.86447,1.00,1.00
2015.01.23 20:23:36.876,1.86418,1.8645,1.00,1.00
2015.01.23 20:23:36.986,1.86418,1.86447,1.00,1.00
2015.01.23 20:23:37.803,1.86418,1.86442,1.00,1.00
2015.01.23 20:23:38.988,1.86418,1.86446,1.00,1.00
2015.01.23 20:23:39.509,1.86418,1.86447,1.00,1.00
2015.01.23 20:23:40.397,1.86418,1.8645,1.00,1.00
2015.01.23 20:23:42.078,1.86418,1.86447,1.00,1.00
2015.01.23 20:23:42.626,1.86418,1.8645,1.00,1.00
2015.01.23 20:23:43.278,1.86418,1.86446,1.00,1.00
2015.01.23 20:23:43.480,1.86418,1.8645,1.00,1.00
2015.01.23 20:23:44.490,1.86411,1.86445,1.00,1.00
2015.01.23 20:23:44.591,1.86411,1.86442,1.00,1.00
2015.01.23 20:23:44.943,1.86409,1.86441,1.00,1.00
2015.01.23 20:23:45.044,1.86411,1.86445,1.00,1.00
2015.01.23 20:23:45.145,1.86411,1.86437,1.00,1.00
2015.01.23 20:23:45.448,1.86415,1.86441,1.00,1.00
2015.01.23 20:23:45.701,1.86412,1.86442,1.00,1.00
2015.01.23 20:23:45.802,1.86408,1.86442,1.00,1.00
2015.01.23 20:23:45.903,1.86408,1.86437,1.00,1.00
2015.01.23 20:23:46.258,1.86404,1.86436,1.00,1.00
2015.01.23 20:23:47.014,1.86404,1.86431,1.00,1.00
2015.01.23 20:23:47.218,1.86404,1.86436,1.00,1.00
2015.01.23 20:23:47.472,1.86404,1.86431,1.00,1.00
2015.01.23 20:23:47.678,1.86404,1.86436,1.00,1.00
2015.01.23 20:23:47.876,1.86404,1.86432,1.00,1.00
2015.01.23 20:23:49.105,1.86404,1.86436,1.00,1.00
2015.01.23 20:23:49.196,1.86404,1.86432,1.00,1.00
2015.01.23 20:23:49.416,1.86404,1.86436,1.00,1.00
2015.01.23 20:23:49.667,1.86404,1.86432,1.00,1.00
2015.01.23 20:23:49.972,1.86404,1.86436,1.00,1.00
2015.01.23 20:23:50.225,1.86404,1.86431,1.00,1.00
2015.01.23 20:23:50.406,1.86404,1.86436,1.00,1.00
2015.01.23 20:23:50.737,1.86404,1.86431,1.00,1.00
2015.01.23 20:23:50.958,1.86404,1.86436,1.00,1.00
2015.01.23 20:23:57.602,1.86399,1.86433,1.00,1.00
2015.01.23 20:23:57.803,1.86394,1.86428,1.00,1.00
2015.01.23 20:23:58.110,1.86393,1.86422,1.00,1.00
2015.01.23 20:23:58.261,1.86388,1.86422,1.50,1.00
2015.01.23 20:23:59.122,1.86388,1.86419,1.00,1.00
2015.01.23 20:24:01.450,1.86385,1.86419,1.00,1.00
2015.01.23 20:24:02.984,1.86388,1.86419,1.00,1.00
2015.01.23 20:24:03.206,1.86385,1.86419,1.00,1.00
2015.01.23 20:24:09.477,1.86388,1.86422,1.00,1.00
2015.01.23 20:24:15.288,1.86384,1.86418,1.00,1.00
2015.01.23 20:24:16.503,1.86379,1.86413,1.00,1.00
2015.01.23 20:24:17.713,1.86382,1.86416,1.00,1.00
2015.01.23 20:24:18.015,1.86386,1.8642,1.00,1.00
2015.01.23 20:24:21.247,1.86383,1.86417,1.00,1.00
2015.01.23 20:24:22.777,1.8638,1.86414,1.00,1.00
2015.01.23 20:24:23.317,1.86377,1.86411,1.00,1.50
2015.01.23 20:24:25.399,1.86374,1.86407,1.00,1.00
2015.01.23 20:24:25.738,1.86371,1.86403,1.00,1.00
2015.01.23 20:24:30.928,1.86373,1.86407,1.00,1.50
2015.01.23 20:24:31.029,1.86377,1.86407,1.00,1.00
2015.01.23 20:24:31.332,1.86377,1.86411,1.00,1.00
2015.01.23 20:24:31.584,1.86373,1.86407,1.00,1.50
2015.01.23 20:24:31.920,1.86369,1.86403,1.00,1.00
2015.01.23 20:24:42.328,1.86372,1.86406,1.00,1.00
2015.01.23 20:24:57.565,1.86372,1.86398,1.00,1.37
2015.01.23 20:24:57.616,1.86362,1.86396,1.00,1.37
2015.01.23 20:24:57.667,1.86362,1.86393,1.00,1.37
2015.01.23 20:24:57.919,1.86343,1.86377,1.00,1.00
2015.01.23 20:25:47.531,1.86347,1.86381,1.00,1.00
2015.01.23 20:25:49.444,1.8635,1.86384,1.00,1.12
2015.01.23 20:25:50.574,1.86353,1.86384,1.00,1.00
2015.01.23 20:25:50.855,1.86355,1.86389,1.00,1.00
2015.01.23 20:25:53.040,1.86361,1.86395,1.00,1.00
2015.01.23 20:25:53.543,1.86362,1.86396,1.00,1.00
2015.01.23 20:26:02.318,1.86358,1.86392,1.00,1.00
2015.01.23 20:26:03.167,1.86353,1.86387,1.00,1.00
2015.01.23 20:26:03.470,1.86347,1.86379,1.00,1.00
2015.01.23 20:26:03.801,1.86344,1.86375,1.00,1.00
2015.01.23 20:26:04.541,1.86341,1.86375,1.00,1.00
2015.01.23 20:26:09.467,1.86338,1.86372,1.00,1.00
2015.01.23 20:26:09.769,1.86333,1.86367,1.00,1.00
2015.01.23 20:26:10.228,1.86338,1.8637,1.00,1.00
2015.01.23 20:26:44.087,1.86334,1.86366,1.00,1.00
2015.01.23 20:26:52.230,1.8633,1.86364,1.00,1.00
2015.01.23 20:26:52.432,1.86327,1.86359,1.00,1.00
2015.01.23 20:26:53.228,1.86327,1.86352,1.00,1.00
2015.01.23 20:26:53.379,1.86327,1.86359,1.00,1.00
2015.01.23 20:27:01.459,1.86321,1.86355,1.00,1.00
2015.01.23 20:27:01.611,1.86317,1.86349,1.00,1.00
2015.01.23 20:27:08.084,1.86321,1.86353,1.00,1.00
2015.01.23 20:27:12.814,1.86325,1.86357,1.00,1.00
2015.01.23 20:27:14.447,1.86322,1.86354,1.00,1.00
2015.01.23 20:27:19.096,1.86326,1.86358,1.00,1.00
2015.01.23 20:27:19.398,1.86328,1.86358,1.00,1.00
2015.01.23 20:27:19.725,1.86334,1.86358,1.00,1.00
2015.01.23 20:27:20.029,1.86328,1.86358,1.00,1.00
2015.01.23 20:27:20.496,1.86329,1.86363,1.00,1.00
2015.01.23 20:27:21.644,1.86333,1.86363,1.00,1.00
2015.01.23 20:27:22.893,1.86329,1.86363,1.00,1.00
2015.01.23 20:27:35.244,1.86333,1.86367,1.00,1.00
2015.01.23 20:27:35.847,1.86334,1.86367,1.00,1.00
2015.01.23 20:27:37.959,1.86333,1.86367,1.50,1.00
2015.01.23 20:27:38.756,1.86337,1.86371,1.00,1.00
2015.01.23 20:27:39.563,1.86338,1.86371,1.00,1.00
2015.01.23 20:27:40.333,1.86337,1.86371,1.00,1.00
2015.01.23 20:27:40.910,1.86339,1.86371,1.00,1.00
2015.01.23 20:27:41.573,1.86337,1.86371,1.00,1.00
2015.01.23 20:27:46.795,1.86334,1.86368,1.00,1.00
2015.01.23 20:27:58.812,1.86339,1.86368,1.00,1.00
2015.01.23 20:28:00.917,1.86344,1.86368,1.00,1.00
2015.01.23 20:28:02.022,1.86349,1.86368,1.00,1.00
2015.01.23 20:28:02.263,1.86343,1.86368,1.00,1.00
2015.01.23 20:28:02.466,1.86338,1.86368,1.00,1.00
2015.01.23 20:28:02.567,1.86343,1.86368,1.00,1.00
2015.01.23 20:28:03.229,1.86338,1.86368,1.00,1.00
2015.01.23 20:28:08.081,1.86343,1.86368,1.00,1.00
2015.01.23 20:28:10.072,1.86338,1.86368,1.00,1.00
2015.01.23 20:28:18.102,1.86334,1.86368,1.50,1.00
2015.01.23 20:28:18.392,1.86338,1.86368,1.00,1.00
2015.01.23 20:28:22.792,1.86334,1.86368,1.50,1.00
2015.01.23 20:28:25.239,1.86338,1.86368,1.00,1.00
2015.01.23 20:28:25.339,1.86334,1.86368,1.00,1.00
2015.01.23 20:28:25.441,1.86338,1.86368,1.00,1.00
2015.01.23 20:28:25.765,1.86334,1.86368,1.00,1.00
2015.01.23 20:28:26.219,1.86339,1.86368,1.00,1.00
2015.01.23 20:28:27.911,1.86339,1.86372,1.00,1.00
2015.01.23 20:28:28.453,1.86338,1.86372,1.00,1.00
2015.01.23 20:28:45.968,1.86338,1.86367,1.00,1.00
2015.01.23 20:28:46.328,1.86335,1.86367,1.00,1.00
2015.01.23 20:28:46.529,1.86324,1.86355,1.00,1.00
2015.01.23 20:28:46.580,1.86321,1.86355,1.00,1.00
2015.01.23 20:28:58.209,1.86326,1.86358,1.00,1.00
2015.01.23 20:28:58.411,1.86329,1.86363,1.00,1.00
2015.01.23 20:28:58.612,1.86334,1.86368,1.00,1.00
2015.01.23 20:29:00.083,1.86338,1.86368,1.00,1.00
2015.01.23 20:29:00.657,1.86334,1.86368,1.50,1.00
2015.01.23 20:29:01.758,1.86338,1.86368,1.00,1.00
2015.01.23 20:29:02.065,1.86334,1.86368,1.50,1.00
2015.01.23 20:29:02.503,1.86338,1.86368,1.00,1.00
2015.01.23 20:29:04.509,1.86334,1.86368,1.00,1.00
2015.01.23 20:29:05.184,1.86338,1.86368,1.00,1.00
2015.01.23 20:29:05.493,1.86334,1.86368,1.50,1.00
2015.01.23 20:29:40.002,1.86331,1.86365,1.00,1.00
2015.01.23 20:29:48.193,1.86333,1.86365,1.00,1.00
2015.01.23 20:29:49.141,1.86331,1.86365,1.00,1.00
2015.01.23 20:29:53.732,1.86329,1.86361,1.00,1.00
2015.01.23 20:29:54.401,1.86324,1.86358,1.00,1.00
2015.01.23 20:30:03.098,1.86329,1.86363,1.00,1.00
2015.01.23 20:30:03.426,1.86333,1.86367,1.00,1.00
2015.01.23 20:30:08.541,1.86333,1.86366,1.00,1.00
2015.01.23 20:30:09.812,1.86333,1.86367,1.00,1.00
2015.01.23 20:30:10.415,1.86333,1.86367,1.00,1.37
2015.01.23 20:30:11.442,1.86333,1.86367,1.00,1.12
2015.01.23 20:30:11.745,1.86333,1.86367,1.00,2.25
2015.01.23 20:30:12.047,1.86333,1.86367,1.00,3.37
2015.01.23 20:30:12.205,1.86329,1.86363,1.00,1.37
2015.01.23 20:30:12.256,1.86329,1.86363,1.00,1.37
2015.01.23 20:30:12.951,1.86329,1.86363,1.00,2.62
2015.01.23 20:30:13.002,1.86326,1.86358,1.00,1.37
2015.01.23 20:30:17.042,1.86326,1.86358,1.00,1.00
2015.01.23 20:30:18.819,1.86321,1.86355,1.00,1.00
2015.01.23 20:30:28.187,1.86318,1.86352,1.00,1.00
2015.01.23 20:30:33.750,1.86317,1.86354,1.00,1.00
2015.01.23 20:30:33.870,1.86314,1.86351,1.00,1.00
2015.01.23 20:30:51.668,1.86315,1.86351,1.12,1.00
2015.01.23 20:30:51.718,1.86325,1.86361,1.00,1.00
2015.01.23 20:30:51.819,1.86329,1.86361,1.00,1.00
2015.01.23 20:30:52.121,1.86332,1.86367,1.00,1.00
2015.01.23 20:30:52.323,1.86332,1.86371,1.00,1.00
2015.01.23 20:30:52.374,1.86336,1.86372,1.00,1.00
2015.01.23 20:30:52.424,1.86336,1.86374,1.00,1.00
2015.01.23 20:30:52.576,1.86341,1.86377,1.00,1.00
2015.01.23 20:30:56.710,1.86341,1.86376,1.00,1.00
2015.01.23 20:30:57.371,1.86341,1.86372,1.00,1.00
2015.01.23 20:30:57.811,1.86341,1.86377,1.00,1.50
2015.01.23 20:30:59.719,1.86336,1.86375,1.00,1.00
2015.01.23 20:30:59.820,1.86331,1.8637,1.00,1.00
2015.01.23 20:31:00.586,1.86331,1.86367,1.00,1.00
2015.01.23 20:31:01.034,1.86331,1.86362,1.00,1.00
2015.01.23 20:31:01.331,1.86331,1.86367,1.00,1.00
2015.01.23 20:31:01.836,1.86331,1.86366,1.00,1.00
2015.01.23 20:31:02.321,1.86331,1.86362,1.00,1.00
2015.01.23 20:31:02.573,1.86331,1.86367,1.00,1.00
2015.01.23 20:31:13.343,1.86331,1.86367,1.00,1.37
2015.01.23 20:31:14.251,1.86331,1.86366,1.00,1.12
2015.01.23 20:31:16.734,1.86331,1.86361,1.00,1.00
2015.01.23 20:31:16.890,1.86331,1.86367,1.00,1.37
2015.01.23 20:31:17.656,1.86331,1.86367,1.00,1.12
2015.01.23 20:31:22.797,1.86331,1.8637,1.00,2.62
2015.01.23 20:31:28.190,1.86331,1.8637,1.00,2.25
2015.01.23 20:31:28.292,1.86331,1.8637,1.00,2.62
2015.01.23 20:31:28.610,1.86331,1.8637,1.00,2.25
2015.01.23 20:31:31.135,1.86331,1.86365,1.00,1.00
2015.01.23 20:31:31.186,1.86328,1.86364,1.00,1.00
2015.01.23 20:31:31.438,1.86324,1.86362,1.50,1.00
2015.01.23 20:31:31.942,1.86324,1.86361,1.00,1.00
2015.01.23 20:31:32.582,1.86324,1.86362,1.00,1.00
2015.01.23 20:31:33.258,1.8632,1.86358,1.00,1.00
2015.01.23 20:31:37.442,1.8632,1.86357,1.00,1.00
2015.01.23 20:31:37.990,1.86318,1.86354,1.00,1.00
2015.01.23 20:31:38.292,1.86315,1.86351,1.00,1.00
2015.01.23 20:31:48.190,1.86318,1.86351,1.00,1.00
2015.01.23 20:31:49.773,1.86315,1.86351,1.00,1.00
2015.01.23 20:31:50.389,1.86315,1.86346,1.00,1.00
2015.01.23 20:31:55.017,1.86315,1.86351,1.00,1.00
2015.01.23 20:31:55.449,1.86318,1.86351,1.00,1.00
2015.01.23 20:31:59.430,1.86315,1.86351,1.00,1.00
2015.01.23 20:32:06.989,1.86319,1.86352,1.00,1.00
2015.01.23 20:32:07.240,1.86319,1.86355,1.00,1.00
2015.01.23 20:32:13.049,1.86319,1.86347,1.00,1.00
2015.01.23 20:32:16.032,1.86319,1.86351,1.00,1.00
2015.01.23 20:32:16.286,1.86319,1.86337,1.00,1.00
2015.01.23 20:32:16.508,1.86319,1.86352,1.00,1.00
2015.01.23 20:32:16.815,1.86319,1.86347,1.00,1.00
2015.01.23 20:32:17.124,1.86321,1.86347,1.00,1.00
2015.01.23 20:32:17.610,1.86321,1.86357,1.00,1.00
2015.01.23 20:32:17.711,1.86321,1.8636,1.00,1.00
2015.01.23 20:32:17.812,1.86319,1.86355,1.00,1.00
2015.01.23 20:32:18.122,1.86323,1.86359,1.00,1.00
2015.01.23 20:32:18.223,1.86325,1.86362,1.00,1.00
2015.01.23 20:32:18.380,1.86325,1.86362,1.37,1.00
2015.01.23 20:32:18.481,1.86332,1.8637,1.00,1.50
2015.01.23 20:32:18.682,1.86332,1.86367,1.00,1.00
2015.01.23 20:32:18.783,1.86332,1.86371,1.00,1.00
2015.01.23 20:32:19.453,1.86333,1.86371,1.00,1.00
2015.01.23 20:32:19.554,1.86329,1.86367,1.50,1.00
2015.01.23 20:32:20.110,1.86329,1.86367,1.00,1.37
2015.01.23 20:32:21.178,1.86328,1.86364,1.00,1.00
2015.01.23 20:32:26.021,1.86329,1.86367,1.00,1.00
2015.01.23 20:32:27.039,1.86333,1.86372,1.00,1.00
2015.01.23 20:32:27.341,1.8633,1.86367,1.00,1.00
2015.01.23 20:32:30.088,1.86333,1.86372,1.00,1.00
2015.01.23 20:32:36.630,1.86333,1.8637,1.00,1.00
2015.01.23 20:32:38.683,1.86333,1.86372,1.00,1.12
2015.01.23 20:32:39.570,1.86333,1.86371,1.00,1.00
2015.01.23 20:32:39.669,1.86333,1.86367,1.00,1.00
2015.01.23 20:32:39.924,1.86333,1.86372,1.00,1.50
2015.01.23 20:32:40.331,1.86333,1.86372,1.00,1.50
2015.01.23 20:32:49.169,1.86333,1.86372,1.00,1.37
2015.01.23 20:32:49.672,1.86333,1.86369,1.00,1.00
2015.01.23 20:32:54.208,1.8633,1.86369,1.00,1.00
2015.01.23 20:33:06.640,1.8633,1.86369,1.00,1.87
2015.01.23 20:33:10.279,1.8633,1.86367,1.00,1.00
2015.01.23 20:33:10.483,1.86328,1.86364,1.00,1.00
2015.01.23 20:33:28.505,1.86328,1.86364,1.00,1.37
2015.01.23 20:33:28.606,1.86328,1.86364,1.00,1.12
2015.01.23 20:33:35.228,1.86328,1.86364,1.00,1.37
2015.01.23 20:33:36.633,1.86328,1.86364,1.00,1.00
2015.01.23 20:33:50.810,1.86328,1.86364,1.00,1.75
2015.01.23 20:33:50.861,1.86323,1.86361,1.50,1.37
2015.01.23 20:33:51.012,1.86319,1.86357,1.50,1.37
2015.01.23 20:33:51.316,1.86319,1.86353,1.00,1.37
2015.01.23 20:33:53.091,1.86319,1.86353,1.00,2.25
2015.01.23 20:34:00.228,1.86313,1.86349,1.00,1.37
2015.01.23 20:34:00.738,1.86313,1.86342,1.00,1.00
2015.01.23 20:34:01.057,1.86313,1.86346,1.00,1.12
2015.01.23 20:34:01.410,1.86313,1.86343,1.00,1.00
2015.01.23 20:34:01.748,1.86313,1.8634,1.00,1.00
2015.01.23 20:34:02.206,1.86313,1.86342,1.00,1.00
2015.01.23 20:34:05.047,1.86314,1.86342,1.00,1.00
2015.01.23 20:34:06.924,1.86308,1.86342,1.00,1.00
2015.01.23 20:34:10.008,1.86319,1.86342,1.00,1.00
2015.01.23 20:34:11.226,1.86313,1.86342,1.00,1.00
2015.01.23 20:34:19.707,1.86318,1.86342,1.00,1.00
2015.01.23 20:34:20.337,1.86313,1.86342,1.00,1.00
2015.01.23 20:34:21.549,1.86308,1.86342,1.00,1.00
2015.01.23 20:34:23.006,1.86306,1.86342,1.00,1.00
2015.01.23 20:34:23.277,1.86311,1.86347,1.00,1.00
2015.01.23 20:34:27.078,1.86313,1.86347,1.00,1.00
2015.01.23 20:34:27.411,1.86318,1.86347,1.00,1.00
2015.01.23 20:34:45.741,1.86318,1.86352,1.00,1.00
2015.01.23 20:34:48.759,1.86313,1.86352,1.87,1.00
2015.01.23 20:34:54.547,1.86314,1.86352,1.00,1.37
2015.01.23 20:34:54.597,1.86314,1.86347,1.00,1.00
2015.01.23 20:34:54.907,1.86314,1.86344,1.00,1.00
2015.01.23 20:34:55.563,1.86313,1.86344,1.00,1.00
2015.01.23 20:34:55.869,1.86313,1.86341,1.00,1.00
2015.01.23 20:34:56.186,1.86313,1.86337,1.00,1.00
2015.01.23 20:35:00.473,1.86313,1.86341,1.00,1.00
2015.01.23 20:35:01.807,1.86313,1.86344,1.00,1.00
2015.01.23 20:35:02.060,1.86309,1.86344,1.00,1.00
2015.01.23 20:35:02.483,1.86303,1.86339,1.00,1.00
2015.01.23 20:35:02.584,1.86301,1.86339,1.00,1.00
2015.01.23 20:35:03.012,1.86305,1.86344,1.00,1.00
2015.01.23 20:35:10.478,1.86312,1.8635,1.00,1.50
2015.01.23 20:35:10.780,1.86317,1.86352,1.00,1.00
2015.01.23 20:35:10.881,1.86321,1.86359,1.00,1.00
2015.01.23 20:35:12.361,1.86324,1.86362,1.00,1.00
2015.01.23 20:35:15.140,1.86324,1.86362,1.00,1.37
2015.01.23 20:35:15.217,1.86317,1.86355,1.00,1.00
2015.01.23 20:35:15.420,1.86321,1.8636,1.00,1.00
2015.01.23 20:35:16.109,1.86318,1.86355,1.00,1.00
2015.01.23 20:35:16.630,1.86321,1.86359,1.00,1.00
2015.01.23 20:35:20.617,1.86323,1.86359,1.00,1.00
2015.01.23 20:35:21.539,1.86321,1.86359,1.00,1.00
2015.01.23 20:35:21.640,1.86323,1.86359,1.00,1.00
2015.01.23 20:35:21.841,1.86321,1.86359,1.00,1.00
2015.01.23 20:35:26.254,1.86323,1.86359,1.00,1.00
2015.01.23 20:35:27.216,1.86321,1.86359,1.00,1.00
2015.01.23 20:35:28.301,1.86328,1.86366,1.00,1.50
2015.01.23 20:35:28.606,1.86331,1.86366,1.00,1.00
2015.01.23 20:35:28.657,1.86331,1.86369,1.00,1.00
2015.01.23 20:35:29.087,1.86334,1.86369,1.00,1.00
2015.01.23 20:35:30.047,1.8634,1.86375,1.00,1.50
2015.01.23 20:35:30.979,1.8634,1.86376,1.00,1.50
2015.01.23 20:35:31.290,1.86349,1.86376,1.00,1.00
2015.01.23 20:35:31.746,1.86349,1.8638,1.00,1.00
2015.01.23 20:35:31.948,1.86345,1.8638,1.00,1.00
2015.01.23 20:35:38.408,1.86345,1.86383,1.00,1.00
2015.01.23 20:35:38.961,1.86345,1.86382,1.00,1.00
2015.01.23 20:35:39.932,1.86345,1.8638,1.00,1.00
2015.01.23 20:35:43.575,1.86345,1.86379,1.00,1.00
2015.01.23 20:35:45.390,1.86345,1.8638,1.00,1.00
2015.01.23 20:35:47.616,1.86345,1.86376,1.00,1.00
2015.01.23 20:35:47.818,1.86345,1.8638,1.00,1.00
2015.01.23 20:35:50.852,1.86345,1.86382,1.00,1.00
2015.01.23 20:35:51.460,1.86345,1.86383,1.00,1.00
2015.01.23 20:35:52.980,1.86345,1.86382,1.00,1.00
2015.01.23 20:35:53.517,1.86345,1.86381,1.00,1.00
2015.01.23 20:35:54.028,1.86345,1.8638,1.00,1.00
2015.01.23 20:35:54.194,1.86345,1.86383,1.00,1.00
2015.01.23 20:35:54.396,1.86345,1.86379,1.00,1.00
2015.01.23 20:35:54.597,1.86345,1.86383,1.00,1.00
2015.01.23 20:35:55.609,1.86345,1.86379,1.00,1.00
2015.01.23 20:35:55.807,1.86345,1.86383,1.00,1.00
2015.01.23 20:35:56.051,1.86345,1.86379,1.00,1.00
2015.01.23 20:35:56.431,1.86345,1.86382,1.00,1.00
2015.01.23 20:35:57.046,1.86345,1.86383,1.00,1.00
2015.01.23 20:35:58.168,1.86345,1.86379,1.00,1.00
2015.01.23 20:36:00.689,1.86345,1.86383,1.00,1.00
2015.01.23 20:36:01.364,1.86345,1.86381,1.00,1.00
2015.01.23 20:36:01.716,1.86345,1.86383,1.00,1.00
2015.01.23 20:36:04.216,1.86345,1.86381,1.00,1.00
2015.01.23 20:36:04.436,1.86345,1.86383,1.00,1.00
2015.01.23 20:36:07.539,1.86345,1.86382,1.00,1.00
2015.01.23 20:36:08.512,1.86345,1.86383,1.00,1.00
2015.01.23 20:36:14.717,1.86349,1.86385,1.00,1.00
2015.01.23 20:36:15.069,1.86351,1.8639,1.00,1.00
2015.01.23 20:36:15.170,1.86355,1.86392,1.00,1.00
2015.01.23 20:36:16.136,1.86355,1.86391,1.00,1.00
2015.01.23 20:36:16.723,1.86355,1.86389,1.00,1.00
2015.01.23 20:36:17.938,1.86355,1.8639,1.00,1.00
2015.01.23 20:36:19.396,1.86355,1.86387,1.00,1.00
2015.01.23 20:36:20.186,1.86355,1.8639,1.00,1.00
2015.01.23 20:36:22.354,1.86355,1.86385,1.00,1.00
2015.01.23 20:36:26.598,1.86355,1.8639,1.00,1.50
2015.01.23 20:36:26.876,1.86355,1.86392,1.00,1.12
2015.01.23 20:36:26.977,1.86355,1.86391,1.00,1.37
2015.01.23 20:36:27.179,1.86355,1.86393,1.00,1.00
2015.01.23 20:36:32.785,1.86359,1.86395,1.00,1.00
2015.01.23 20:36:56.747,1.86362,1.864,1.00,1.00
2015.01.23 20:36:56.949,1.86364,1.86401,1.00,1.00
2015.01.23 20:36:57.285,1.86362,1.86401,1.00,1.00
2015.01.23 20:36:59.923,1.86357,1.86395,1.00,1.37
2015.01.23 20:37:01.305,1.86357,1.86392,1.00,1.00
2015.01.23 20:37:08.571,1.86357,1.86394,1.00,1.12
2015.01.23 20:37:09.675,1.86357,1.86395,1.00,1.50
2015.01.23 20:37:11.141,1.86357,1.86394,1.00,1.00
2015.01.23 20:37:11.648,1.86357,1.86395,1.00,1.00
2015.01.23 20:37:11.800,1.86362,1.86398,1.00,1.00
2015.01.23 20:37:12.153,1.86365,1.864,1.00,1.00
2015.01.23 20:37:12.203,1.86365,1.86404,1.00,1.00
2015.01.23 20:37:12.254,1.86372,1.86406,1.00,1.00
2015.01.23 20:37:12.567,1.86372,1.86408,1.00,1.00
2015.01.23 20:37:14.548,1.86372,1.86407,1.00,1.00
2015.01.23 20:37:18.405,1.86372,1.86405,1.00,1.00
2015.01.23 20:37:19.615,1.86372,1.86406,1.00,1.00
2015.01.23 20:37:20.385,1.86372,1.86405,1.00,1.00
2015.01.23 20:37:21.675,1.86372,1.86406,1.00,1.00
2015.01.23 20:37:22.990,1.86372,1.86408,1.00,1.00
2015.01.23 20:37:23.454,1.86372,1.86406,1.00,1.00
2015.01.23 20:37:23.967,1.86372,1.86408,1.00,1.00
2015.01.23 20:37:24.984,1.86372,1.86407,1.00,1.00
2015.01.23 20:37:25.394,1.86372,1.86405,1.00,1.00
2015.01.23 20:37:25.697,1.86372,1.86402,1.00,1.00
2015.01.23 20:37:25.747,1.86372,1.86406,1.00,1.00
2015.01.23 20:37:26.694,1.86372,1.86404,1.00,1.00
2015.01.23 20:37:27.222,1.86372,1.86405,1.00,1.00
2015.01.23 20:37:27.949,1.86372,1.86404,1.00,1.00
2015.01.23 20:37:28.126,1.86372,1.86407,1.00,1.37
2015.01.23 20:37:28.874,1.86372,1.86407,1.00,1.00
2015.01.23 20:37:29.886,1.86372,1.86407,1.00,1.37
2015.01.23 20:37:30.093,1.86372,1.86408,1.00,1.37
2015.01.23 20:37:30.610,1.86372,1.86408,1.00,1.37
2015.01.23 20:37:33.164,1.86372,1.86404,1.00,1.00
2015.01.23 20:37:33.411,1.86372,1.86404,1.00,1.50
2015.01.23 20:37:33.512,1.86372,1.86404,1.00,1.37
2015.01.23 20:37:33.717,1.86372,1.86405,1.00,1.50
2015.01.23 20:37:34.025,1.86369,1.86402,1.00,1.37
2015.01.23 20:37:34.226,1.86369,1.86402,1.00,1.00
2015.01.23 20:37:37.178,1.86369,1.86405,1.00,1.50
2015.01.23 20:37:40.056,1.86369,1.86402,1.00,1.00
2015.01.23 20:37:40.261,1.86369,1.86405,1.00,1.50
2015.01.23 20:37:44.143,1.86369,1.86404,1.00,1.00
2015.01.23 20:37:45.466,1.86369,1.86405,1.00,1.50
2015.01.23 20:37:45.992,1.86369,1.86404,1.00,1.00
2015.01.23 20:37:46.933,1.86369,1.86405,1.00,1.00
2015.01.23 20:37:50.020,1.86369,1.86404,1.00,1.00
2015.01.23 20:37:51.904,1.86369,1.86402,1.00,1.00
2015.01.23 20:37:52.005,1.86365,1.86402,1.00,1.00
2015.01.23 20:37:52.055,1.86365,1.86402,1.00,1.37
2015.01.23 20:37:52.156,1.86365,1.864,1.00,1.12
2015.01.23 20:37:52.207,1.86357,1.86396,1.00,1.00
2015.01.23 20:37:52.257,1.86357,1.86396,1.00,1.75
2015.01.23 20:37:53.525,1.86353,1.86392,1.00,1.50
2015.01.23 20:37:55.059,1.8635,1.86386,1.00,1.00
2015.01.23 20:37:55.971,1.86342,1.86381,1.00,1.00
2015.01.23 20:37:56.073,1.86343,1.86377,1.00,1.00
2015.01.23 20:38:01.720,1.86339,1.86377,1.50,1.00
2015.01.23 20:38:01.821,1.86343,1.86377,1.00,1.00
2015.01.23 20:38:03.215,1.86343,1.86366,1.00,1.00
2015.01.23 20:38:03.266,1.86328,1.86366,1.50,1.00
2015.01.23 20:38:03.316,1.86328,1.86362,1.00,1.00
2015.01.23 20:38:06.562,1.86326,1.86362,1.00,1.00
2015.01.23 20:38:10.456,1.86324,1.86359,1.00,1.00
2015.01.23 20:38:10.996,1.86323,1.86359,1.00,1.00
2015.01.23 20:38:13.794,1.86324,1.86359,1.00,1.00
2015.01.23 20:38:18.060,1.86324,1.86355,1.00,1.00
2015.01.23 20:38:18.377,1.86323,1.86353,1.00,1.00
2015.01.23 20:38:18.528,1.86318,1.86353,1.00,1.00
2015.01.23 20:38:19.073,1.86319,1.86353,1.00,1.00
2015.01.23 20:38:19.441,1.86314,1.86353,1.00,1.00
2015.01.23 20:38:19.843,1.86318,1.86353,1.00,1.00
2015.01.23 20:38:20.724,1.86318,1.8635,1.00,1.00
2015.01.23 20:38:20.876,1.86308,1.86347,1.50,1.00
2015.01.23 20:38:24.691,1.86308,1.86347,1.50,1.37
2015.01.23 20:38:24.842,1.86308,1.86346,1.00,1.00
2015.01.23 20:38:24.993,1.86309,1.86341,1.00,1.00
2015.01.23 20:38:25.296,1.86318,1.86341,1.00,1.00
2015.01.23 20:38:25.346,1.86308,1.86341,1.00,1.00
2015.01.23 20:38:27.104,1.86303,1.86341,1.50,1.00
2015.01.23 20:38:27.481,1.86308,1.86341,1.00,1.00
2015.01.23 20:38:27.985,1.86308,1.86344,1.00,1.00
2015.01.23 20:38:28.086,1.86309,1.86347,1.00,1.00
2015.01.23 20:38:28.438,1.86313,1.86347,1.00,1.00
2015.01.23 20:38:28.539,1.86309,1.86347,1.50,1.00
2015.01.23 20:38:29.305,1.86314,1.86347,1.00,1.00
2015.01.23 20:38:29.744,1.86309,1.86347,1.50,1.00
2015.01.23 20:38:34.143,1.86313,1.86347,1.00,1.00
2015.01.23 20:38:34.512,1.86309,1.86347,1.00,1.00
2015.01.23 20:38:35.256,1.86313,1.86347,1.00,1.00
2015.01.23 20:38:37.211,1.86314,1.86351,1.00,1.00
2015.01.23 20:38:45.549,1.86308,1.86345,1.00,1.00
2015.01.23 20:38:46.059,1.86307,1.86345,1.00,1.00
2015.01.23 20:38:46.463,1.86303,1.86341,1.50,1.00
2015.01.23 20:38:46.776,1.86313,1.86341,1.00,1.00
2015.01.23 20:38:46.835,1.86308,1.86341,1.00,1.00
2015.01.23 20:38:47.097,1.86304,1.86341,1.00,1.00
2015.01.23 20:38:47.611,1.86303,1.86341,1.50,1.00
2015.01.23 20:38:48.121,1.86302,1.86342,1.00,1.00
2015.01.23 20:38:50.793,1.86303,1.86342,1.00,1.00
2015.01.23 20:38:51.487,1.86303,1.86338,1.00,1.00
2015.01.23 20:38:52.266,1.86303,1.86335,1.00,1.00
2015.01.23 20:38:52.367,1.86296,1.86335,1.12,1.00
2015.01.23 20:39:00.875,1.86293,1.86331,1.00,1.00
2015.01.23 20:39:01.178,1.86294,1.86326,1.00,1.00
2015.01.23 20:39:01.404,1.86289,1.86326,1.00,1.00
2015.01.23 20:39:02.380,1.86293,1.86326,1.00,1.00
2015.01.23 20:39:03.774,1.86289,1.86326,1.00,1.00
2015.01.23 20:39:05.469,1.86293,1.86326,1.00,1.00
2015.01.23 20:39:05.535,1.86288,1.86326,1.00,1.00
2015.01.23 20:39:06.039,1.86289,1.86326,1.00,1.00
2015.01.23 20:39:06.543,1.86288,1.86326,1.00,1.00
2015.01.23 20:39:07.225,1.86289,1.86326,1.00,1.00
2015.01.23 20:39:07.745,1.86288,1.86326,1.00,1.00
2015.01.23 20:39:09.604,1.86289,1.86326,1.00,1.00
2015.01.23 20:39:11.913,1.86287,1.86326,1.00,1.00
2015.01.23 20:39:14.444,1.86289,1.86326,1.00,1.00
2015.01.23 20:39:16.973,1.86287,1.86326,1.00,1.00
2015.01.23 20:39:17.524,1.86288,1.86326,1.00,1.00
2015.01.23 20:39:18.054,1.86287,1.86326,1.00,1.00
2015.01.23 20:39:19.065,1.86288,1.86326,1.00,1.00
2015.01.23 20:39:27.983,1.86287,1.86326,1.00,1.00
2015.01.23 20:39:31.275,1.86289,1.86326,1.00,1.00
2015.01.23 20:39:31.916,1.86289,1.86323,1.00,1.00
2015.01.23 20:39:34.994,1.86289,1.86326,1.00,1.00
2015.01.23 20:39:35.531,1.86288,1.86326,1.00,1.00
2015.01.23 20:39:44.981,1.86288,1.86322,1.00,1.00
2015.01.23 20:39:45.091,1.86284,1.86322,1.37,1.00
2015.01.23 20:39:53.807,1.86283,1.86322,1.00,1.00
2015.01.23 20:39:53.858,1.86283,1.86319,1.00,1.00
2015.01.23 20:39:56.138,1.86288,1.86319,1.00,1.00
2015.01.23 20:39:56.824,1.86288,1.86322,1.00,1.00
2015.01.23 20:39:58.138,1.86288,1.86322,1.75,1.00
2015.01.23 20:39:58.188,1.86292,1.86329,1.37,1.00
2015.01.23 20:39:58.239,1.86292,1.86329,1.50,1.00
2015.01.23 20:39:58.390,1.86299,1.86336,1.37,1.00
2015.01.23 20:39:58.441,1.86299,1.86336,1.12,1.00
2015.01.23 20:39:59.652,1.86298,1.86336,1.37,1.00
2015.01.23 20:39:59.955,1.86299,1.86335,1.12,1.00
2015.01.23 20:40:00.481,1.86299,1.86335,1.37,1.00
2015.01.23 20:40:02.655,1.86299,1.86335,1.87,1.00
2015.01.23 20:40:03.185,1.86299,1.86335,1.37,1.00
2015.01.23 20:40:03.729,1.86299,1.86335,1.00,1.00
2015.01.23 20:40:05.324,1.86299,1.86335,1.37,1.00
2015.01.23 20:40:05.526,1.86299,1.86335,1.00,1.00
2015.01.23 20:40:06.855,1.86296,1.86332,1.00,1.00
2015.01.23 20:40:07.199,1.86298,1.86332,1.00,1.00
2015.01.23 20:40:07.502,1.86296,1.86332,1.00,1.00
2015.01.23 20:40:09.179,1.86296,1.86332,1.75,1.00
2015.01.23 20:40:09.280,1.86308,1.86345,1.00,1.00
2015.01.23 20:40:09.783,1.86307,1.86345,1.00,1.00
2015.01.23 20:40:11.472,1.86312,1.86348,1.00,1.00
2015.01.23 20:40:13.899,1.86308,1.86344,1.00,1.00
2015.01.23 20:40:14.000,1.86304,1.86342,1.00,1.00
2015.01.23 20:40:14.207,1.86301,1.86338,1.00,1.00
2015.01.23 20:40:15.864,1.86303,1.86342,1.00,1.00
2015.01.23 20:40:16.066,1.86309,1.86342,1.00,1.00
2015.01.23 20:40:16.116,1.86309,1.86345,1.50,1.00
2015.01.23 20:40:16.721,1.86309,1.86345,1.87,1.00
2015.01.23 20:40:16.772,1.86314,1.86353,1.00,1.00
2015.01.23 20:40:16.872,1.86318,1.86357,1.00,1.00
2015.01.23 20:40:17.408,1.86319,1.86357,1.00,1.00
2015.01.23 20:40:18.759,1.86321,1.8636,1.00,1.00
2015.01.23 20:40:21.777,1.86323,1.8636,1.00,1.00
2015.01.23 20:40:21.878,1.86321,1.8636,1.00,1.00
2015.01.23 20:40:21.929,1.86317,1.86355,1.00,1.00
2015.01.23 20:40:22.246,1.86319,1.86355,1.00,1.00
2015.01.23 20:40:22.972,1.86318,1.86355,1.00,1.00
2015.01.23 20:40:23.284,1.86322,1.86359,1.00,1.00
2015.01.23 20:40:29.034,1.86324,1.86359,1.00,1.00
2015.01.23 20:40:29.710,1.86322,1.86359,1.00,1.00
2015.01.23 20:40:30.973,1.86318,1.86356,1.00,1.00
2015.01.23 20:40:31.023,1.86323,1.86356,1.00,1.00
2015.01.23 20:40:31.124,1.86318,1.86356,1.00,1.00
2015.01.23 20:40:31.276,1.86313,1.86351,2.25,1.00
2015.01.23 20:40:31.729,1.86308,1.86347,1.00,1.00
2015.01.23 20:40:36.102,1.86313,1.86351,1.00,1.00
2015.01.23 20:40:36.653,1.86316,1.86355,1.00,1.00
2015.01.23 20:40:37.855,1.8632,1.86358,1.00,1.00
2015.01.23 20:40:38.870,1.86324,1.86362,1.00,1.00
2015.01.23 20:40:45.687,1.86323,1.86359,1.00,1.00
2015.01.23 20:40:45.790,1.86321,1.86359,1.00,1.00
2015.01.23 20:40:46.244,1.86317,1.86356,1.12,1.00
2015.01.23 20:40:55.091,1.86319,1.86356,1.00,1.00
2015.01.23 20:40:55.201,1.86317,1.86356,1.00,1.00
2015.01.23 20:40:56.301,1.86318,1.86356,1.00,1.00
2015.01.23 20:40:56.884,1.86317,1.86356,1.00,1.00
2015.01.23 20:41:00.003,1.86317,1.86352,1.00,1.00
2015.01.23 20:41:01.081,1.86317,1.86356,1.00,1.00
2015.01.23 20:41:01.619,1.86321,1.86356,1.00,1.00
2015.01.23 20:41:01.924,1.86328,1.86357,1.12,1.00
2015.01.23 20:41:02.076,1.86328,1.86367,1.00,1.00
2015.01.23 20:41:02.194,1.86333,1.86369,1.00,1.00
2015.01.23 20:41:04.519,1.86327,1.86366,1.00,1.00
2015.01.23 20:41:07.499,1.86327,1.86361,1.00,1.00
2015.01.23 20:41:07.600,1.86327,1.86366,1.00,1.00
2015.01.23 20:41:07.815,1.86327,1.86362,1.00,1.00
2015.01.23 20:41:10.559,1.86321,1.8636,1.00,1.00
2015.01.23 20:41:10.761,1.86318,1.86354,1.00,1.00
2015.01.23 20:41:11.315,1.86321,1.86357,1.00,1.00
2015.01.23 20:41:11.875,1.86321,1.86358,1.00,1.00
2015.01.23 20:41:12.988,1.86316,1.86354,1.75,1.00
2015.01.23 20:41:13.189,1.86316,1.86354,1.00,1.00
2015.01.23 20:41:14.524,1.86313,1.86346,1.00,1.00
2015.01.23 20:41:14.826,1.86313,1.86342,1.00,1.00
2015.01.23 20:41:14.877,1.86308,1.86342,1.00,1.00
2015.01.23 20:41:17.192,1.86305,1.86342,1.00,1.00
2015.01.23 20:41:17.394,1.86304,1.86334,1.00,1.00
2015.01.23 20:41:17.495,1.86293,1.8633,1.12,1.00
2015.01.23 20:41:17.797,1.86297,1.86333,1.00,1.00
2015.01.23 20:41:19.604,1.86297,1.86333,1.37,1.00
2015.01.23 20:41:20.119,1.86297,1.86333,1.12,1.00
2015.01.23 20:41:20.673,1.86297,1.86333,1.37,1.00
2015.01.23 20:41:20.878,1.86291,1.8633,1.37,1.00
2015.01.23 20:41:20.929,1.86291,1.8633,1.00,1.00
2015.01.23 20:41:20.979,1.86287,1.86325,1.37,1.00
2015.01.23 20:41:21.030,1.86287,1.86325,1.00,1.00
2015.01.23 20:41:23.746,1.86283,1.86321,1.00,1.00
2015.01.23 20:41:36.721,1.86281,1.86317,1.00,1.00
2015.01.23 20:41:41.990,1.86283,1.86321,1.00,1.00
2015.01.23 20:41:42.995,1.86286,1.86325,1.00,1.00
2015.01.23 20:41:43.096,1.86282,1.8632,1.00,1.00
2015.01.23 20:41:44.642,1.86282,1.86317,1.00,1.00
2015.01.23 20:41:44.743,1.86276,1.86315,1.37,1.00
2015.01.23 20:41:44.894,1.86273,1.86312,1.00,1.00
2015.01.23 20:41:47.666,1.86274,1.86312,1.00,1.50
2015.01.23 20:41:47.717,1.86285,1.86312,1.00,1.00
2015.01.23 20:41:47.868,1.86285,1.86324,1.00,1.50
2015.01.23 20:41:48.070,1.86289,1.86327,1.00,1.00
2015.01.23 20:41:48.322,1.86285,1.86324,1.00,1.00
2015.01.23 20:41:48.473,1.86282,1.8632,1.00,1.00
2015.01.23 20:41:55.523,1.86286,1.86323,1.00,1.00
2015.01.23 20:41:55.876,1.86288,1.86327,1.00,1.00
2015.01.23 20:41:55.977,1.86292,1.86331,1.00,1.00
2015.01.23 20:42:00.946,1.86297,1.86332,1.00,1.00
2015.01.23 20:42:01.452,1.86297,1.86333,1.00,1.00
2015.01.23 20:42:01.704,1.86293,1.86331,1.50,1.00
2015.01.23 20:42:01.805,1.86297,1.86332,1.00,1.00
2015.01.23 20:42:02.350,1.86297,1.86333,1.00,1.00
2015.01.23 20:42:02.851,1.86297,1.86332,1.00,1.00
2015.01.23 20:42:03.580,1.86292,1.8633,1.00,1.00
2015.01.23 20:42:08.261,1.86289,1.86326,1.00,1.00
2015.01.23 20:42:12.141,1.86285,1.86324,1.00,1.00
2015.01.23 20:42:12.242,1.86283,1.86319,1.00,1.00
2015.01.23 20:42:13.313,1.86286,1.86324,1.00,1.00
2015.01.23 20:42:15.431,1.86283,1.86319,1.00,1.00
2015.01.23 20:42:43.060,1.86283,1.86316,1.00,1.00
2015.01.23 20:42:43.162,1.86283,1.86319,1.00,1.00
2015.01.23 20:42:43.587,1.8628,1.86316,1.00,1.00
2015.01.23 20:42:47.980,1.86282,1.8632,1.00,1.00
2015.01.23 20:42:53.544,1.86282,1.86317,1.00,1.00
2015.01.23 20:42:53.953,1.86282,1.8632,1.00,1.00
2015.01.23 20:42:56.081,1.86282,1.86317,1.00,1.00
2015.01.23 20:42:59.086,1.86279,1.86316,1.00,1.00
2015.01.23 20:42:59.390,1.86279,1.86312,1.00,1.00
2015.01.23 20:42:59.744,1.86279,1.86316,1.00,1.50
2015.01.23 20:42:59.845,1.86279,1.86312,1.00,1.00
2015.01.23 20:43:01.265,1.86279,1.86314,1.00,1.00
2015.01.23 20:43:03.667,1.86279,1.86316,1.00,1.50
2015.01.23 20:43:03.919,1.86284,1.86317,1.00,1.00
2015.01.23 20:43:04.428,1.86284,1.86316,1.00,1.00
2015.01.23 20:43:04.479,1.86284,1.8632,1.00,2.25
2015.01.23 20:43:05.248,1.86284,1.86316,1.00,1.00
2015.01.23 20:43:06.335,1.86276,1.86315,1.00,1.84
2015.01.23 20:43:06.490,1.86269,1.86299,1.00,1.00
2015.01.23 20:43:06.541,1.86269,1.86299,1.00,1.37
2015.01.23 20:43:06.642,1.86256,1.86294,1.00,1.00
2015.01.23 20:43:06.793,1.86252,1.8629,1.00,1.00
2015.01.23 20:43:07.448,1.86248,1.86286,1.00,1.00
2015.01.23 20:43:07.750,1.86248,1.86281,1.00,1.00
2015.01.23 20:43:08.430,1.86248,1.86282,1.00,1.00
2015.01.23 20:43:09.613,1.86248,1.86286,1.00,1.00
2015.01.23 20:43:11.526,1.86251,1.8629,1.00,1.00
2015.01.23 20:43:11.627,1.86251,1.86287,1.00,1.00
2015.01.23 20:43:11.728,1.86251,1.8629,1.00,1.00
2015.01.23 20:43:16.441,1.86251,1.86286,1.00,1.00
2015.01.23 20:43:18.007,1.86249,1.86285,1.00,1.00
2015.01.23 20:43:19.221,1.86251,1.86289,1.00,1.00
2015.01.23 20:43:20.935,1.86259,1.86289,1.00,1.00
2015.01.23 20:43:20.985,1.86264,1.86299,1.00,1.00
2015.01.23 20:43:21.086,1.86269,1.86299,1.00,1.00
2015.01.23 20:43:21.137,1.86269,1.86305,1.00,1.00
2015.01.23 20:43:21.187,1.86273,1.86306,1.00,1.00
2015.01.23 20:43:21.490,1.86277,1.86315,1.00,1.00
2015.01.23 20:43:25.150,1.8628,1.86318,1.00,1.00
2015.01.23 20:43:25.465,1.86284,1.86322,1.00,1.50
2015.01.23 20:43:25.768,1.86289,1.86327,1.00,1.50
2015.01.23 20:43:26.406,1.86289,1.86327,1.00,1.37
2015.01.23 20:43:26.507,1.86284,1.86322,1.00,1.00
2015.01.23 20:43:30.544,1.86284,1.86321,1.00,1.00
2015.01.23 20:43:31.159,1.86284,1.86322,1.00,1.50
2015.01.23 20:43:31.414,1.86284,1.86321,1.00,1.75
2015.01.23 20:43:31.566,1.86276,1.86313,1.00,1.00
2015.01.23 20:43:31.717,1.86276,1.86307,1.00,1.00
2015.01.23 20:43:31.974,1.86273,1.86306,1.00,1.00
2015.01.23 20:43:39.552,1.86273,1.8631,1.00,1.00
2015.01.23 20:43:41.556,1.86276,1.86314,1.00,1.00
2015.01.23 20:43:42.120,1.86273,1.86311,1.00,1.00
2015.01.23 20:43:42.638,1.86277,1.86315,1.00,1.00
2015.01.23 20:43:44.328,1.86281,1.8632,1.00,1.00
2015.01.23 20:43:46.203,1.86285,1.86323,1.00,1.00
2015.01.23 20:43:46.354,1.86288,1.86327,1.00,1.00
2015.01.23 20:43:46.707,1.86293,1.86331,1.00,1.00
2015.01.23 20:43:55.288,1.86294,1.86331,1.00,1.00
2015.01.23 20:43:55.538,1.86296,1.86334,1.00,1.00
2015.01.23 20:43:59.132,1.863,1.86337,1.00,1.00
2015.01.23 20:44:01.002,1.863,1.86336,1.00,1.00
2015.01.23 20:44:01.519,1.863,1.86337,1.00,1.50
2015.01.23 20:44:03.513,1.863,1.86336,1.00,1.00
2015.01.23 20:44:06.358,1.863,1.86337,1.00,1.00
2015.01.23 20:44:07.168,1.863,1.86336,1.00,1.00
2015.01.23 20:44:10.628,1.863,1.86335,1.00,1.00
2015.01.23 20:44:10.729,1.86295,1.86334,1.00,1.37
2015.01.23 20:44:10.830,1.86292,1.8633,1.00,1.00
2015.01.23 20:44:10.931,1.86288,1.86327,1.00,1.00
2015.01.23 20:44:12.519,1.86288,1.86326,1.00,1.00
2015.01.23 20:44:12.993,1.86288,1.86322,1.00,1.00
2015.01.23 20:44:15.049,1.86288,1.86321,1.00,1.00
2015.01.23 20:44:15.818,1.86288,1.86325,1.00,1.00
2015.01.23 20:44:16.437,1.86286,1.86323,1.00,1.00
2015.01.23 20:44:20.803,1.86286,1.86322,1.00,1.00
2015.01.23 20:44:21.339,1.86286,1.86323,1.00,1.00
2015.01.23 20:44:33.198,1.86286,1.86322,1.00,1.00
2015.01.23 20:44:37.928,1.86286,1.86317,1.00,1.00
2015.01.23 20:44:38.605,1.86286,1.86321,1.00,1.00
2015.01.23 20:44:39.798,1.86286,1.86323,1.00,1.00
2015.01.23 20:44:40.169,1.86291,1.86325,1.00,1.00
2015.01.23 20:44:40.220,1.86291,1.86327,1.00,1.00
2015.01.23 20:44:40.421,1.86299,1.86337,1.00,1.50
2015.01.23 20:44:42.079,1.86299,1.86337,1.00,1.87
2015.01.23 20:44:42.180,1.86296,1.86332,1.00,1.00
2015.01.23 20:44:42.785,1.86296,1.86327,1.00,1.00
2015.01.23 20:44:43.098,1.86296,1.86331,1.00,1.00
2015.01.23 20:44:44.996,1.86296,1.86332,1.00,1.50
2015.01.23 20:44:46.685,1.86296,1.8633,1.00,1.00
2015.01.23 20:44:52.529,1.86296,1.86328,1.00,1.00
2015.01.23 20:44:52.630,1.86292,1.86328,1.00,1.00
2015.01.23 20:44:52.731,1.8629,1.86328,1.00,1.00
2015.01.23 20:44:52.832,1.8629,1.86328,1.00,1.75
2015.01.23 20:44:52.938,1.8629,1.86328,1.00,1.00
2015.01.23 20:44:56.189,1.8629,1.86325,1.00,1.00
2015.01.23 20:44:56.398,1.8629,1.86327,1.00,1.00
2015.01.23 20:44:57.197,1.8629,1.86326,1.00,1.00
2015.01.23 20:45:01.577,1.8629,1.86327,1.00,1.00
2015.01.23 20:45:02.458,1.8629,1.86328,1.00,1.00
2015.01.23 20:45:02.921,1.8629,1.86326,1.00,1.00
2015.01.23 20:45:03.274,1.8629,1.86328,1.00,1.00
2015.01.23 20:45:11.071,1.8629,1.86326,1.00,1.00
2015.01.23 20:45:11.172,1.8629,1.86328,1.00,1.00
2015.01.23 20:45:11.370,1.8629,1.86326,1.00,1.00
2015.01.23 20:45:13.571,1.8629,1.86327,1.00,1.00
2015.01.23 20:45:14.806,1.8629,1.86328,1.00,1.00
2015.01.23 20:45:15.781,1.8629,1.86327,1.00,1.00
2015.01.23 20:45:15.832,1.86286,1.86325,1.00,1.37
2015.01.23 20:45:17.144,1.86286,1.86325,1.00,1.12
2015.01.23 20:45:17.245,1.86286,1.86321,1.00,1.00
2015.01.23 20:45:17.439,1.86286,1.86324,1.00,1.00
2015.01.23 20:45:18.510,1.86286,1.86325,1.00,1.50
2015.01.23 20:45:18.965,1.86286,1.86322,1.00,1.00
2015.01.23 20:45:20.757,1.86286,1.86325,1.00,1.00
2015.01.23 20:45:21.743,1.86286,1.86322,1.00,1.00
2015.01.23 20:45:22.524,1.86286,1.86311,1.00,1.00
2015.01.23 20:45:22.664,1.86286,1.86325,1.00,1.87
2015.01.23 20:45:23.118,1.86288,1.86325,1.00,1.00
2015.01.23 20:45:23.221,1.86289,1.86328,1.00,1.00
2015.01.23 20:45:24.722,1.86293,1.86328,1.00,1.00
2015.01.23 20:45:25.053,1.86289,1.86328,1.50,1.00
2015.01.23 20:45:27.950,1.86285,1.86324,1.00,1.00
2015.01.23 20:45:29.226,1.86289,1.86327,1.00,1.00
2015.01.23 20:45:31.128,1.86289,1.86322,1.00,1.00
2015.01.23 20:45:33.299,1.86289,1.86327,1.00,1.50
2015.01.23 20:45:35.278,1.86289,1.86327,1.00,1.84
2015.01.23 20:45:37.270,1.86289,1.86327,1.00,1.00
2015.01.23 20:45:37.937,1.86294,1.86332,1.00,1.50
2015.01.23 20:45:40.492,1.86294,1.86331,1.00,1.00
2015.01.23 20:45:40.999,1.86294,1.86332,1.00,1.50
2015.01.23 20:45:43.752,1.86297,1.86332,1.00,1.00
2015.01.23 20:45:44.005,1.86301,1.86337,1.00,1.00
2015.01.23 20:45:44.206,1.86308,1.86341,1.00,1.00
2015.01.23 20:45:44.307,1.86308,1.86346,1.00,1.00
2015.01.23 20:45:44.409,1.86305,1.86344,1.00,1.00
2015.01.23 20:45:50.938,1.86303,1.86339,1.00,1.00
2015.01.23 20:45:56.612,1.86306,1.86342,1.00,1.00
2015.01.23 20:46:13.450,1.86306,1.86341,1.00,1.00
2015.01.23 20:46:13.987,1.86306,1.86342,1.00,1.00
2015.01.23 20:46:16.443,1.86306,1.86341,1.00,1.00
2015.01.23 20:46:18.067,1.86306,1.86342,1.00,1.00
2015.01.23 20:46:18.839,1.86306,1.86341,1.00,1.00
2015.01.23 20:46:19.377,1.86306,1.86342,1.00,1.50
2015.01.23 20:46:20.488,1.86306,1.86337,1.00,1.00
2015.01.23 20:46:25.437,1.86306,1.86342,1.00,1.50
2015.01.23 20:46:38.638,1.86306,1.86341,1.00,1.00
2015.01.23 20:46:39.179,1.86306,1.86342,1.00,1.00
2015.01.23 20:46:47.044,1.86306,1.86341,1.00,1.00
2015.01.23 20:46:47.588,1.86306,1.86342,1.00,1.50
2015.01.23 20:46:48.459,1.86306,1.86341,1.00,1.00
2015.01.23 20:46:53.174,1.86302,1.86339,1.00,1.00
2015.01.23 20:46:53.597,1.86302,1.86337,1.00,1.00
2015.01.23 20:46:55.352,1.86302,1.86337,1.00,1.37
2015.01.23 20:46:55.402,1.86298,1.86334,1.00,1.12
2015.01.23 20:46:55.504,1.86294,1.8633,1.00,1.00
2015.01.23 20:46:55.806,1.86294,1.86327,1.00,1.00
2015.01.23 20:46:57.271,1.86294,1.86326,1.00,1.00
2015.01.23 20:46:58.074,1.86294,1.86327,1.00,1.00
2015.01.23 20:46:58.769,1.86294,1.86322,1.00,1.00
2015.01.23 20:46:58.924,1.86294,1.86327,1.00,1.00
2015.01.23 20:46:59.792,1.86294,1.8633,1.00,1.00
2015.01.23 20:47:01.296,1.86288,1.86327,1.00,1.00
2015.01.23 20:47:01.649,1.86288,1.86321,1.00,1.00
2015.01.23 20:47:02.193,1.86284,1.86322,1.00,1.00
2015.01.23 20:47:02.973,1.86284,1.86317,1.00,1.00
2015.01.23 20:47:03.277,1.86284,1.86322,1.00,1.00
2015.01.23 20:47:03.386,1.86284,1.86317,1.00,1.00
2015.01.23 20:47:04.151,1.86284,1.86316,1.00,1.00
2015.01.23 20:47:07.234,1.8628,1.86316,1.00,1.00
2015.01.23 20:47:08.018,1.8628,1.86318,1.00,1.00
2015.01.23 20:47:08.256,1.8628,1.86316,1.00,1.00
2015.01.23 20:47:09.018,1.8628,1.86317,1.00,1.00
2015.01.23 20:47:09.578,1.8628,1.86316,1.00,1.00
2015.01.23 20:47:11.638,1.8628,1.86317,1.00,1.00
2015.01.23 20:47:12.142,1.8628,1.86316,1.00,1.00
2015.01.23 20:47:12.882,1.8628,1.86318,1.00,1.00
2015.01.23 20:47:26.478,1.86286,1.86322,1.00,1.00
2015.01.23 20:47:26.780,1.86291,1.86322,1.00,1.00
2015.01.23 20:47:26.851,1.86291,1.86327,1.00,1.00
2015.01.23 20:47:26.960,1.86291,1.86322,1.00,1.00
2015.01.23 20:47:27.212,1.86291,1.86326,1.00,1.00
2015.01.23 20:47:27.288,1.86291,1.86322,1.00,1.00
2015.01.23 20:47:27.947,1.86291,1.86326,1.00,1.00
2015.01.23 20:47:28.495,1.86291,1.86322,1.00,1.00
2015.01.23 20:47:29.377,1.86291,1.86327,1.00,1.00
2015.01.23 20:47:30.929,1.86291,1.86321,1.00,1.00
2015.01.23 20:47:31.548,1.86286,1.86321,1.00,1.00
2015.01.23 20:47:31.700,1.86286,1.86316,1.00,1.00
2015.01.23 20:47:32.248,1.86286,1.86317,1.00,1.00
2015.01.23 20:47:33.666,1.86286,1.86316,1.00,1.00
2015.01.23 20:47:34.170,1.86286,1.86317,1.00,1.00
2015.01.23 20:47:34.681,1.86286,1.86312,1.00,1.00
2015.01.23 20:47:35.176,1.86279,1.86312,1.00,1.00
2015.01.23 20:47:35.506,1.86272,1.86312,1.12,1.00
2015.01.23 20:47:36.014,1.86272,1.86317,1.12,1.00
2015.01.23 20:47:36.979,1.86272,1.86317,1.37,1.00
2015.01.23 20:47:37.489,1.86272,1.86317,1.12,1.00
2015.01.23 20:47:38.719,1.86272,1.86317,1.37,1.00
2015.01.23 20:47:39.245,1.86272,1.86316,1.12,1.00
2015.01.23 20:47:39.346,1.86269,1.86316,1.00,1.00
2015.01.23 20:47:39.497,1.86267,1.86312,1.12,1.00
2015.01.23 20:47:39.749,1.86263,1.86312,1.12,1.00
2015.01.23 20:47:39.850,1.86261,1.86307,1.00,1.00
2015.01.23 20:47:42.579,1.86261,1.86302,1.00,1.00
2015.01.23 20:47:42.881,1.86261,1.86297,1.00,1.00
2015.01.23 20:47:43.083,1.86257,1.86297,1.00,1.00
2015.01.23 20:47:43.285,1.86257,1.86302,1.00,1.00
2015.01.23 20:47:45.724,1.8626,1.86302,1.00,1.00
2015.01.23 20:47:46.178,1.8626,1.86302,1.37,1.00
2015.01.23 20:47:51.112,1.8626,1.86302,1.37,1.00
2015.01.23 20:47:51.427,1.8626,1.86297,1.37,1.00
2015.01.23 20:47:52.496,1.8626,1.86291,1.37,1.00
2015.01.23 20:47:53.510,1.8626,1.86297,1.37,1.00
2015.01.23 20:47:55.615,1.8626,1.86297,1.37,1.00
2015.01.23 20:47:56.643,1.8626,1.86297,1.37,1.00
2015.01.23 20:47:56.694,1.8626,1.86301,1.37,1.00
2015.01.23 20:47:57.207,1.8626,1.86302,1.37,1.00
2015.01.23 20:47:59.976,1.8626,1.86296,1.37,1.00
2015.01.23 20:48:00.556,1.8626,1.86297,1.37,1.00
2015.01.23 20:48:00.975,1.8626,1.86301,1.37,1.00
2015.01.23 20:48:01.076,1.8626,1.86296,1.37,1.00
2015.01.23 20:48:01.278,1.8626,1.86301,1.37,1.00
2015.01.23 20:48:01.792,1.8626,1.86302,1.37,1.00
2015.01.23 20:48:01.956,1.8626,1.86302,1.50,1.00
2015.01.23 20:48:03.352,1.8626,1.86302,1.00,1.00
2015.01.23 20:48:03.403,1.86256,1.86302,1.37,1.00
2015.01.23 20:48:03.504,1.86256,1.86297,1.37,1.00
2015.01.23 20:48:04.018,1.86252,1.86296,1.75,1.00
2015.01.23 20:48:05.990,1.86252,1.86296,1.75,1.00
2015.01.23 20:48:06.349,1.86253,1.86292,1.75,1.00
2015.01.23 20:48:06.816,1.86253,1.86296,1.75,1.00
2015.01.23 20:48:07.350,1.86253,1.86297,1.75,1.00
2015.01.23 20:48:07.877,1.86253,1.86296,1.75,1.00
2015.01.23 20:48:08.646,1.86253,1.86297,1.12,1.00
2015.01.23 20:48:08.795,1.86253,1.86302,1.12,1.00
2015.01.23 20:48:09.856,1.86252,1.86301,1.12,1.00
2015.01.23 20:48:10.735,1.86251,1.86297,1.75,1.00
2015.01.23 20:48:14.903,1.86255,1.86297,1.75,1.00
2015.01.23 20:48:14.954,1.86256,1.86301,1.75,1.00
2015.01.23 20:48:15.004,1.86256,1.86301,2.25,1.00
2015.01.23 20:48:15.156,1.86256,1.86306,2.25,1.00
2015.01.23 20:48:15.716,1.86256,1.86301,1.75,1.00
2015.01.23 20:48:16.785,1.86258,1.86306,1.12,1.00
2015.01.23 20:48:18.297,1.86256,1.86302,1.75,1.00
2015.01.23 20:48:18.654,1.86256,1.86307,1.75,1.00
2015.01.23 20:48:19.337,1.86257,1.86307,1.12,1.00
2015.01.23 20:48:21.806,1.86262,1.86307,1.75,1.00
2015.01.23 20:48:21.857,1.86262,1.86301,1.75,1.00
2015.01.23 20:48:22.529,1.86262,1.86302,1.75,1.00
2015.01.23 20:48:22.836,1.86262,1.86297,1.75,1.00
2015.01.23 20:48:23.189,1.86262,1.86301,1.75,1.00
2015.01.23 20:48:23.290,1.86262,1.86301,1.37,1.00
2015.01.23 20:48:23.795,1.86262,1.86302,1.37,1.00
2015.01.23 20:48:25.425,1.86262,1.86302,1.00,1.00
2015.01.23 20:48:25.526,1.86256,1.86302,1.75,1.00
2015.01.23 20:48:25.627,1.86254,1.86302,1.75,1.00
2015.01.23 20:48:25.929,1.86254,1.86297,1.75,1.00
2015.01.23 20:48:26.526,1.86254,1.86301,1.75,1.00
2015.01.23 20:48:26.697,1.86254,1.86297,1.75,1.00
2015.01.23 20:48:28.276,1.86253,1.86297,1.50,1.00
2015.01.23 20:48:28.377,1.86253,1.86297,1.37,1.00
2015.01.23 20:48:28.478,1.86253,1.86297,1.00,1.00
2015.01.23 20:48:28.682,1.86253,1.86292,1.00,1.00
2015.01.23 20:48:28.985,1.86249,1.86286,1.00,1.00
2015.01.23 20:48:29.035,1.86249,1.86292,1.00,1.00
2015.01.23 20:48:29.145,1.86249,1.86292,1.37,1.00
2015.01.23 20:48:29.649,1.86249,1.86291,1.37,1.00
2015.01.23 20:48:30.427,1.86249,1.86292,1.37,1.00
2015.01.23 20:48:30.974,1.86249,1.86291,1.37,1.00
2015.01.23 20:48:32.184,1.86249,1.86296,1.37,1.00
2015.01.23 20:48:32.447,1.86249,1.86296,1.75,1.00
2015.01.23 20:48:33.945,1.86249,1.86297,1.75,1.00
2015.01.23 20:48:37.721,1.86249,1.86287,1.75,1.00
2015.01.23 20:48:38.150,1.86249,1.86292,1.75,1.00
2015.01.23 20:48:38.682,1.86249,1.86292,1.75,1.00
2015.01.23 20:48:38.834,1.86249,1.86286,1.75,1.00
2015.01.23 20:48:38.895,1.86249,1.86292,1.75,1.00
2015.01.23 20:48:39.416,1.86249,1.86292,1.75,1.00
2015.01.23 20:48:39.467,1.86249,1.86286,1.75,1.00
2015.01.23 20:48:39.777,1.86249,1.86282,1.75,1.00
2015.01.23 20:48:40.289,1.86249,1.86281,1.75,1.00
2015.01.23 20:48:40.339,1.86249,1.86287,1.75,1.00
2015.01.23 20:48:40.697,1.86249,1.86282,1.75,1.00
2015.01.23 20:48:40.798,1.86249,1.86287,1.75,1.00
2015.01.23 20:48:41.006,1.86249,1.86292,1.75,1.00
2015.01.23 20:48:41.550,1.86249,1.86291,1.75,1.00
2015.01.23 20:48:46.840,1.86251,1.86291,1.75,1.00
2015.01.23 20:48:46.942,1.86251,1.86291,1.37,1.00
2015.01.23 20:48:47.616,1.86251,1.86292,1.37,1.00
2015.01.23 20:48:48.340,1.86251,1.86292,1.37,1.00
2015.01.23 20:48:49.016,1.86247,1.86292,2.62,1.00
2015.01.23 20:48:49.250,1.86248,1.86292,1.12,1.00
2015.01.23 20:48:49.452,1.86261,1.86292,1.00,1.00
2015.01.23 20:48:49.503,1.86256,1.86302,1.75,1.00
2015.01.23 20:48:49.704,1.86258,1.86307,1.37,1.00
2015.01.23 20:48:50.553,1.86258,1.86307,1.12,1.87
2015.01.23 20:48:50.654,1.86258,1.86307,1.37,1.87
2015.01.23 20:48:50.963,1.86253,1.86297,1.75,1.00
2015.01.23 20:48:51.477,1.86253,1.86297,1.50,1.00
2015.01.23 20:48:52.327,1.86253,1.86297,1.37,1.00
2015.01.23 20:48:52.754,1.86253,1.86292,1.37,1.00
2015.01.23 20:48:55.188,1.86257,1.86292,1.75,1.00
2015.01.23 20:48:55.289,1.86261,1.86291,1.00,1.00
2015.01.23 20:48:55.390,1.86263,1.86291,1.75,1.00
2015.01.23 20:48:55.491,1.86266,1.86291,1.00,1.00
2015.01.23 20:48:55.643,1.86266,1.86311,1.00,1.00
2015.01.23 20:48:55.744,1.86269,1.86311,1.00,1.00
2015.01.23 20:48:55.996,1.86266,1.86311,1.37,1.50
2015.01.23 20:48:56.614,1.86266,1.86311,1.00,1.00
2015.01.23 20:48:57.147,1.86266,1.86312,1.37,1.00
2015.01.23 20:48:57.847,1.86266,1.86312,1.75,1.00
2015.01.23 20:48:58.374,1.86267,1.86312,1.00,1.00
2015.01.23 20:48:58.909,1.86266,1.86312,1.75,1.00
2015.01.23 20:48:59.428,1.86267,1.86312,1.00,1.00
2015.01.23 20:49:00.102,1.86266,1.86312,1.75,1.00
2015.01.23 20:49:00.355,1.86266,1.86307,1.75,1.00
2015.01.23 20:49:00.899,1.86267,1.86311,1.00,1.00
2015.01.23 20:49:01.474,1.86267,1.86307,1.00,1.00
2015.01.23 20:49:01.575,1.86267,1.86311,1.00,1.00
2015.01.23 20:49:01.704,1.86267,1.86307,1.00,1.00
2015.01.23 20:49:01.910,1.86266,1.86312,1.37,1.00
2015.01.23 20:49:02.447,1.86266,1.86312,1.50,1.00
2015.01.23 20:49:02.993,1.86266,1.86312,1.50,1.00
2015.01.23 20:49:03.759,1.86266,1.86312,1.12,1.00
2015.01.23 20:49:04.219,1.86269,1.86316,1.00,1.12
2015.01.23 20:49:04.651,1.86266,1.86312,1.12,1.00
2015.01.23 20:49:05.647,1.86266,1.86312,1.00,1.37
2015.01.23 20:49:05.697,1.86263,1.86312,1.50,1.37
2015.01.23 20:49:05.748,1.86263,1.86312,1.12,1.00
2015.01.23 20:49:05.798,1.86262,1.86306,1.37,1.00
2015.01.23 20:49:06.101,1.86269,1.86315,1.00,1.84
2015.01.23 20:49:06.152,1.86269,1.86315,1.00,1.50
2015.01.23 20:49:06.253,1.86262,1.86312,1.50,1.00
2015.01.23 20:49:06.896,1.86262,1.86312,2.25,1.00
2015.01.23 20:49:07.314,1.86264,1.86314,1.00,1.00
2015.01.23 20:49:07.575,1.86262,1.86312,2.25,1.00
2015.01.23 20:49:07.929,1.86263,1.86311,1.37,1.00
2015.01.23 20:49:07.979,1.86264,1.86316,1.37,1.12
2015.01.23 20:49:08.194,1.86263,1.86311,1.37,1.00
2015.01.23 20:49:08.346,1.86263,1.86317,1.87,1.37
2015.01.23 20:49:08.418,1.86263,1.86311,1.37,1.00
2015.01.23 20:49:08.658,1.86263,1.86317,1.87,1.37
2015.01.23 20:49:09.169,1.86263,1.86317,1.87,1.37
2015.01.23 20:49:09.641,1.86263,1.86317,1.87,2.25
2015.01.23 20:49:09.742,1.86259,1.86312,1.37,1.37
2015.01.23 20:49:09.867,1.86259,1.86312,1.37,1.75
2015.01.23 20:49:09.968,1.86259,1.86306,1.50,1.37
2015.01.23 20:49:10.069,1.86263,1.8631,1.00,1.75
2015.01.23 20:49:10.188,1.86259,1.8631,1.00,2.25
2015.01.23 20:49:10.397,1.86256,1.86306,1.00,1.37
2015.01.23 20:49:10.548,1.86256,1.86306,1.00,1.00
2015.01.23 20:49:11.063,1.86256,1.86307,1.37,1.12
2015.01.23 20:49:11.164,1.86256,1.86307,1.37,1.37
2015.01.23 20:49:11.471,1.86256,1.86302,1.37,1.00
2015.01.23 20:49:11.626,1.86256,1.86302,1.00,1.00
2015.01.23 20:49:11.727,1.86256,1.86306,1.37,1.37
2015.01.23 20:49:11.828,1.86256,1.86306,1.37,1.00
2015.01.23 20:49:11.982,1.86256,1.86306,1.37,1.37
2015.01.23 20:49:12.489,1.86256,1.86302,1.00,1.00
2015.01.23 20:49:12.934,1.86256,1.86306,1.00,1.37
2015.01.23 20:49:13.268,1.86256,1.86302,1.00,1.00
2015.01.23 20:49:13.923,1.86256,1.86297,1.00,1.00
2015.01.23 20:49:15.026,1.86256,1.86302,1.00,1.00
2015.01.23 20:49:15.164,1.86256,1.86299,1.00,1.00
2015.01.23 20:49:15.416,1.86248,1.86297,1.00,1.37
2015.01.23 20:49:15.467,1.86243,1.86292,1.12,1.00
2015.01.23 20:49:15.969,1.86242,1.86292,1.00,1.00
2015.01.23 20:49:18.557,1.86242,1.86287,1.00,1.00
2015.01.23 20:49:18.658,1.86242,1.86291,1.00,1.00
2015.01.23 20:49:19.784,1.86242,1.86292,1.00,1.00
2015.01.23 20:49:19.886,1.86243,1.86295,1.00,1.37
2015.01.23 20:49:19.987,1.86242,1.86287,1.00,1.00
2015.01.23 20:49:20.189,1.86242,1.86292,1.00,1.00
2015.01.23 20:49:20.698,1.86242,1.86292,1.00,1.37
2015.01.23 20:49:21.285,1.86242,1.86292,1.00,1.00
2015.01.23 20:49:22.057,1.86242,1.86292,1.00,1.37
2015.01.23 20:49:22.940,1.86242,1.86292,1.00,1.00
2015.01.23 20:49:23.468,1.86243,1.86292,1.00,1.00
2015.01.23 20:49:23.519,1.86242,1.86287,1.00,1.00
2015.01.23 20:49:25.138,1.86242,1.86286,1.00,1.00
2015.01.23 20:49:26.345,1.86242,1.86287,1.00,1.00
2015.01.23 20:49:26.932,1.86242,1.86286,1.00,1.00
2015.01.23 20:49:27.466,1.86242,1.86287,1.00,1.00
2015.01.23 20:49:30.128,1.86238,1.86287,1.50,1.12
2015.01.23 20:49:30.229,1.86237,1.86282,1.37,1.00
2015.01.23 20:49:30.582,1.86243,1.86282,1.37,1.00
2015.01.23 20:49:30.784,1.86249,1.86303,1.00,1.37
2015.01.23 20:49:30.993,1.86254,1.86301,1.00,1.00
2015.01.23 20:49:31.186,1.86254,1.86307,1.00,1.75
2015.01.23 20:49:31.705,1.86254,1.86307,1.00,1.37
2015.01.23 20:49:31.755,1.86254,1.86302,1.00,1.00
2015.01.23 20:49:31.965,1.86254,1.86307,1.00,1.37
2015.01.23 20:49:36.370,1.86254,1.86302,1.00,1.00
2015.01.23 20:49:36.472,1.86254,1.86307,1.00,1.00
2015.01.23 20:49:36.574,1.86259,1.86307,1.00,1.00
2015.01.23 20:49:39.450,1.86261,1.86307,1.00,1.00
2015.01.23 20:49:39.753,1.86267,1.86306,1.12,1.00
2015.01.23 20:49:39.904,1.86272,1.86322,1.12,1.00
2015.01.23 20:49:40.206,1.86275,1.86322,1.00,1.00
2015.01.23 20:49:40.509,1.86276,1.86321,1.37,1.00
2015.01.23 20:49:41.012,1.86276,1.86321,1.37,1.00
2015.01.23 20:49:41.214,1.86276,1.86327,1.37,1.00
2015.01.23 20:49:41.365,1.86276,1.86327,1.37,1.00
2015.01.23 20:49:41.906,1.86278,1.86327,1.37,1.00
2015.01.23 20:49:42.007,1.86276,1.86327,1.37,1.00
2015.01.23 20:49:42.527,1.86276,1.86331,1.37,1.37
2015.01.23 20:49:43.057,1.86275,1.86331,1.87,1.87
2015.01.23 20:49:43.108,1.86275,1.86327,1.87,1.00
2015.01.23 20:49:43.452,1.86275,1.86327,1.50,1.12
2015.01.23 20:49:43.839,1.86275,1.86331,1.50,2.25
2015.01.23 20:49:44.964,1.86275,1.86331,1.00,2.25
2015.01.23 20:49:45.066,1.86276,1.86331,1.00,1.00
2015.01.23 20:49:45.116,1.86276,1.86331,1.37,1.00
2015.01.23 20:49:45.433,1.86289,1.86337,1.00,1.00
2015.01.23 20:49:45.534,1.86289,1.86342,1.37,1.00
2015.01.23 20:49:46.042,1.86289,1.86342,1.37,1.00
2015.01.23 20:49:46.504,1.86289,1.86345,1.87,1.00
2015.01.23 20:49:46.974,1.8629,1.86345,1.00,1.00
2015.01.23 20:49:47.524,1.86289,1.86345,1.00,1.00
2015.01.23 20:49:48.601,1.86295,1.86347,1.00,1.00
2015.01.23 20:49:48.904,1.86309,1.86351,1.00,1.00
2015.01.23 20:49:49.407,1.86309,1.86352,1.00,1.00
2015.01.23 20:49:49.914,1.86309,1.86351,1.00,1.00
2015.01.23 20:49:50.915,1.86309,1.86357,1.00,1.00
2015.01.23 20:49:51.317,1.86309,1.86352,1.12,1.00
2015.01.23 20:49:51.573,1.86309,1.86356,2.25,1.00
2015.01.23 20:49:52.803,1.86309,1.86356,3.00,1.00
2015.01.23 20:49:53.114,1.86313,1.86362,1.50,1.12
2015.01.23 20:49:53.955,1.86314,1.86361,1.00,1.00
2015.01.23 20:49:54.059,1.86316,1.86361,1.00,1.00
2015.01.23 20:49:54.261,1.86328,1.86375,1.12,1.50
2015.01.23 20:49:54.413,1.86332,1.86377,1.12,1.00
2015.01.23 20:49:54.514,1.86339,1.86387,1.00,1.00
2015.01.23 20:49:55.847,1.86339,1.86392,1.00,1.00
2015.01.23 20:49:56.065,1.86343,1.86392,1.00,1.00
2015.01.23 20:49:56.368,1.86347,1.86391,1.00,1.00
2015.01.23 20:49:56.502,1.86352,1.86397,1.00,1.00
2015.01.23 20:49:56.606,1.86352,1.86401,1.00,1.00
2015.01.23 20:49:57.127,1.86352,1.86402,1.00,1.00
2015.01.23 20:49:58.154,1.86349,1.86402,1.00,1.00
2015.01.23 20:49:58.921,1.86351,1.86402,1.00,1.00
2015.01.23 20:50:00.595,1.86351,1.86401,1.00,1.00
2015.01.23 20:50:00.924,1.86351,1.86397,1.00,1.00
2015.01.23 20:50:01.045,1.86351,1.86401,1.00,1.00
2015.01.23 20:50:01.248,1.86353,1.86407,1.00,1.87
2015.01.23 20:50:03.889,1.86359,1.86407,1.00,1.12
2015.01.23 20:50:03.989,1.86353,1.86407,1.12,1.87
2015.01.23 20:50:04.201,1.86353,1.86403,1.12,1.37
2015.01.23 20:50:04.403,1.86349,1.86397,1.00,1.00
2015.01.23 20:50:04.454,1.86354,1.86399,1.00,1.12
2015.01.23 20:50:04.554,1.86349,1.86403,1.00,1.75
2015.01.23 20:50:04.606,1.86349,1.864,1.00,1.37
2015.01.23 20:50:04.707,1.86349,1.864,1.00,1.50
2015.01.23 20:50:05.213,1.86348,1.86401,1.00,1.50
2015.01.23 20:50:05.760,1.86348,1.86397,1.00,1.37
2015.01.23 20:50:06.076,1.86344,1.86397,1.00,1.87
2015.01.23 20:50:07.076,1.8634,1.86391,1.00,1.37
2015.01.23 20:50:07.279,1.86334,1.86382,1.00,1.00
2015.01.23 20:50:08.035,1.86331,1.86382,1.00,1.00
2015.01.23 20:50:11.251,1.86331,1.86382,1.00,1.37
2015.01.23 20:50:12.087,1.86331,1.86379,1.00,1.00
2015.01.23 20:50:12.345,1.86331,1.86382,1.00,1.00
2015.01.23 20:50:12.630,1.86331,1.8638,1.00,1.00
2015.01.23 20:50:14.233,1.86328,1.8638,1.50,1.00
2015.01.23 20:50:15.328,1.86329,1.8638,1.00,1.12
2015.01.23 20:50:15.932,1.86329,1.86377,1.00,1.37
2015.01.23 20:50:16.287,1.86323,1.86375,1.50,1.00
2015.01.23 20:50:16.438,1.86326,1.86377,1.00,1.00
2015.01.23 20:50:16.962,1.86326,1.86377,1.00,1.37
2015.01.23 20:50:17.534,1.86328,1.86378,1.00,1.37
2015.01.23 20:50:17.643,1.86326,1.86377,1.00,1.37
2015.01.23 20:50:18.704,1.86329,1.86378,1.00,1.37
2015.01.23 20:50:19.026,1.86329,1.86378,1.00,1.00
2015.01.23 20:50:19.606,1.86328,1.86379,1.00,1.00
2015.01.23 20:50:20.064,1.86333,1.8638,1.00,1.12
2015.01.23 20:50:20.432,1.86333,1.86379,1.00,1.37
2015.01.23 20:50:23.041,1.86328,1.86379,1.12,1.37
2015.01.23 20:50:23.679,1.86328,1.86379,1.12,1.00
2015.01.23 20:50:25.414,1.86333,1.86379,1.00,1.00
2015.01.23 20:50:25.683,1.86334,1.86381,1.00,1.00
2015.01.23 20:50:25.783,1.86337,1.86381,1.00,1.00
2015.01.23 20:50:26.086,1.86337,1.86385,1.00,1.50
2015.01.23 20:50:26.913,1.86337,1.86384,1.00,1.00
2015.01.23 20:50:28.185,1.86339,1.86384,1.00,1.00
2015.01.23 20:50:28.898,1.86339,1.86386,1.00,1.00
2015.01.23 20:50:28.949,1.86345,1.86386,1.00,1.00
2015.01.23 20:50:29.116,1.86345,1.86399,1.00,1.37
2015.01.23 20:50:29.166,1.86348,1.86402,1.00,2.25
2015.01.23 20:50:29.368,1.86348,1.86402,1.00,1.87
2015.01.23 20:50:31.114,1.86348,1.86401,1.12,1.00
2015.01.23 20:50:31.164,1.86351,1.86401,1.00,1.00
2015.01.23 20:50:31.419,1.86351,1.86406,1.00,1.37
2015.01.23 20:50:31.729,1.86351,1.86406,1.00,1.12
2015.01.23 20:50:31.779,1.86351,1.86406,1.37,1.12
2015.01.23 20:50:32.089,1.86351,1.86406,1.00,1.37
2015.01.23 20:50:33.924,1.86351,1.86402,1.37,1.00
2015.01.23 20:50:34.029,1.86351,1.86405,1.37,1.37
2015.01.23 20:50:34.890,1.86351,1.86405,1.37,1.00
2015.01.23 20:50:35.394,1.86353,1.86406,1.12,1.00
2015.01.23 20:50:35.596,1.86358,1.86406,1.00,1.00
2015.01.23 20:50:35.898,1.86354,1.8641,1.50,1.87
2015.01.23 20:50:36.049,1.86358,1.8641,1.00,1.87
2015.01.23 20:50:36.251,1.86354,1.8641,1.00,1.87
2015.01.23 20:50:36.582,1.86358,1.8641,1.00,1.87
2015.01.23 20:50:36.683,1.86354,1.8641,1.00,1.87
2015.01.23 20:50:37.084,1.86358,1.86412,1.00,3.00
2015.01.23 20:50:37.135,1.86358,1.86412,1.00,1.87
2015.01.23 20:50:37.236,1.86359,1.8641,1.00,1.87
2015.01.23 20:50:37.337,1.86355,1.86408,1.00,1.37
2015.01.23 20:50:37.438,1.86359,1.86408,1.00,1.37
2015.01.23 20:50:37.539,1.86359,1.86408,1.00,1.37
2015.01.23 20:50:37.641,1.86359,1.86408,1.00,1.37
2015.01.23 20:50:37.843,1.86358,1.86408,1.00,1.37
2015.01.23 20:50:37.994,1.86355,1.86408,1.00,1.37
2015.01.23 20:50:38.095,1.86358,1.86408,1.00,1.37
2015.01.23 20:50:38.246,1.86355,1.86408,1.00,1.37
2015.01.23 20:50:38.313,1.86358,1.86408,1.00,1.37
2015.01.23 20:50:38.424,1.86355,1.86408,1.00,1.37
2015.01.23 20:50:38.643,1.86355,1.86408,1.00,1.12
2015.01.23 20:50:38.693,1.86355,1.864,1.00,1.00
2015.01.23 20:50:39.013,1.86348,1.86397,1.00,1.37
2015.01.23 20:50:39.114,1.86353,1.86399,1.00,1.37
2015.01.23 20:50:39.215,1.86348,1.86397,1.00,1.37
2015.01.23 20:50:39.537,1.86346,1.86391,1.00,1.00
2015.01.23 20:50:39.848,1.86354,1.86399,1.00,1.37
2015.01.23 20:50:40.403,1.86358,1.86399,1.00,1.87
2015.01.23 20:50:41.732,1.86348,1.86397,1.00,1.37
2015.01.23 20:50:42.240,1.86348,1.86397,1.00,1.37
2015.01.23 20:50:42.757,1.86348,1.86397,1.00,1.00
2015.01.23 20:50:42.858,1.86353,1.86399,1.00,1.00
2015.01.23 20:50:43.060,1.86346,1.86396,1.00,1.00
2015.01.23 20:50:43.161,1.86344,1.86396,1.00,1.00
2015.01.23 20:50:43.513,1.86343,1.86392,1.00,1.00
2015.01.23 20:50:44.143,1.86343,1.86391,1.00,1.00
2015.01.23 20:50:44.914,1.86343,1.86389,1.00,1.00
2015.01.23 20:50:45.574,1.86343,1.86387,1.00,1.00
2015.01.23 20:50:45.932,1.86343,1.86389,1.00,1.00
2015.01.23 20:50:48.010,1.86344,1.86389,1.00,1.00
2015.01.23 20:50:48.349,1.86344,1.86395,1.00,1.50
2015.01.23 20:50:49.214,1.86343,1.86392,1.00,1.00
2015.01.23 20:50:49.652,1.86347,1.86392,1.00,1.00
2015.01.23 20:50:50.005,1.86347,1.86397,1.12,1.00
2015.01.23 20:50:50.328,1.86347,1.86403,1.37,1.50
2015.01.23 20:50:50.833,1.86351,1.86403,1.37,1.00
2015.01.23 20:50:51.136,1.8635,1.86401,1.37,1.12
2015.01.23 20:50:51.187,1.86347,1.86401,1.12,1.12
2015.01.23 20:50:51.339,1.86347,1.86398,1.12,1.00
2015.01.23 20:50:51.762,1.86347,1.86396,1.00,1.00
2015.01.23 20:50:52.367,1.86347,1.86397,1.00,1.50
2015.01.23 20:50:52.670,1.86347,1.86392,1.00,1.00
2015.01.23 20:50:52.771,1.8635,1.86401,1.00,1.00
2015.01.23 20:50:53.213,1.8635,1.86397,1.00,1.00
2015.01.23 20:50:53.824,1.8635,1.86396,1.00,1.00
2015.01.23 20:50:53.954,1.8635,1.86401,1.00,1.50
2015.01.23 20:50:54.499,1.8635,1.86402,1.00,2.25
2015.01.23 20:50:55.143,1.8635,1.86401,1.00,1.00
2015.01.23 20:50:55.735,1.8635,1.864,1.00,1.00
2015.01.23 20:50:57.169,1.8635,1.86397,1.00,1.00
2015.01.23 20:50:57.435,1.86345,1.86397,1.00,1.50
2015.01.23 20:50:57.744,1.86345,1.86395,1.00,1.00
2015.01.23 20:50:59.628,1.86345,1.86394,1.00,1.00
2015.01.23 20:50:59.960,1.86349,1.86394,1.00,1.00
2015.01.23 20:51:01.423,1.86349,1.864,1.00,1.00
2015.01.23 20:51:01.643,1.86356,1.86405,1.00,1.00
2015.01.23 20:51:02.607,1.86359,1.86407,1.00,1.00
2015.01.23 20:51:02.859,1.86359,1.8641,1.00,1.00
2015.01.23 20:51:03.376,1.86359,1.86405,1.00,1.00
2015.01.23 20:51:07.754,1.86359,1.864,1.00,1.00
2015.01.23 20:51:08.563,1.86365,1.86406,1.00,1.00
2015.01.23 20:51:08.765,1.86369,1.86412,1.00,1.00
2015.01.23 20:51:09.017,1.86369,1.86415,1.00,1.00
2015.01.23 20:51:09.277,1.86369,1.8642,1.00,1.50
2015.01.23 20:51:09.378,1.86369,1.86419,1.37,1.50
2015.01.23 20:51:09.681,1.86378,1.8642,1.00,1.00
2015.01.23 20:51:09.908,1.8638,1.86425,1.00,1.50
2015.01.23 20:51:10.230,1.86383,1.86425,1.00,1.50
2015.01.23 20:51:10.436,1.8638,1.86425,1.00,1.50
2015.01.23 20:51:10.689,1.86384,1.86425,1.00,1.00
2015.01.23 20:51:12.231,1.8638,1.86425,1.00,1.00
2015.01.23 20:51:20.362,1.8638,1.86426,1.00,1.00
2015.01.23 20:51:20.413,1.86383,1.86426,1.00,1.00
2015.01.23 20:51:20.564,1.86387,1.86432,1.00,1.00
2015.01.23 20:51:20.697,1.86389,1.86436,1.00,1.00
2015.01.23 20:51:20.797,1.86393,1.8644,1.00,1.00
2015.01.23 20:51:21.218,1.86391,1.86437,1.37,1.00
2015.01.23 20:51:21.369,1.86394,1.8644,1.00,1.00
2015.01.23 20:51:21.982,1.86393,1.8644,1.00,1.00
2015.01.23 20:51:22.490,1.86394,1.8644,1.00,1.00
2015.01.23 20:51:23.206,1.86391,1.86437,1.00,1.00
2015.01.23 20:51:23.634,1.86394,1.8644,1.00,1.00
2015.01.23 20:51:24.965,1.86394,1.86434,1.00,1.00
2015.01.23 20:51:25.134,1.86394,1.8644,1.00,1.50
2015.01.23 20:51:26.382,1.86394,1.8644,1.00,1.88
2015.01.23 20:51:26.533,1.86388,1.86437,1.12,1.37
2015.01.23 20:51:26.835,1.86387,1.86431,1.37,1.00
2015.01.23 20:51:27.090,1.86388,1.86437,1.00,1.37
2015.01.23 20:51:27.190,1.86387,1.86432,1.12,1.00
2015.01.23 20:51:27.493,1.8639,1.86437,1.00,1.00
2015.01.23 20:51:27.543,1.8639,1.86437,1.37,1.00
2015.01.23 20:51:27.845,1.86394,1.86436,1.37,1.00
2015.01.23 20:51:27.947,1.86394,1.86442,1.37,1.00
2015.01.23 20:51:28.600,1.86394,1.86442,1.37,1.00
2015.01.23 20:51:28.904,1.86393,1.86442,1.87,1.75
2015.01.23 20:51:29.155,1.86393,1.86437,1.00,1.37
2015.01.23 20:51:29.206,1.86393,1.86435,1.00,1.37
2015.01.23 20:51:29.357,1.86379,1.86432,1.00,1.37
2015.01.23 20:51:29.710,1.86377,1.8643,1.00,1.50
2015.01.23 20:51:29.811,1.86377,1.86427,1.00,1.37
2015.01.23 20:51:29.912,1.86371,1.86427,1.00,1.87
2015.01.23 20:51:30.394,1.86371,1.86422,1.00,1.00
2015.01.23 20:51:31.443,1.86371,1.86416,1.00,1.00
2015.01.23 20:51:31.544,1.86368,1.86416,1.12,1.00
2015.01.23 20:51:32.058,1.86368,1.86417,1.00,1.00
2015.01.23 20:51:33.234,1.86368,1.86406,1.00,1.00
2015.01.23 20:51:34.884,1.86368,1.86407,1.00,1.00
2015.01.23 20:51:35.406,1.86368,1.86412,1.00,1.00
2015.01.23 20:51:35.984,1.86365,1.86406,1.37,1.00
2015.01.23 20:51:36.085,1.86361,1.86406,1.00,1.00
2015.01.23 20:51:36.186,1.86358,1.86407,1.00,1.00
2015.01.23 20:51:36.439,1.86353,1.86397,1.00,1.00
2015.01.23 20:51:36.942,1.86353,1.86402,1.50,1.00
2015.01.23 20:51:43.102,1.86353,1.86396,1.00,1.00
2015.01.23 20:51:44.202,1.86353,1.86402,1.87,1.00
2015.01.23 20:51:46.640,1.86358,1.86402,1.00,1.00
2015.01.23 20:51:47.297,1.86359,1.86406,1.00,1.00
2015.01.23 20:51:47.901,1.8636,1.86406,1.00,1.00
2015.01.23 20:51:52.442,1.8636,1.86406,1.37,1.00
2015.01.23 20:51:52.593,1.86364,1.86417,1.00,1.37
2015.01.23 20:51:53.388,1.86364,1.8642,1.00,1.75
2015.01.23 20:51:53.439,1.86367,1.86416,1.00,1.37
2015.01.23 20:51:53.489,1.86367,1.86416,1.00,1.12
2015.01.23 20:51:53.692,1.86368,1.86423,1.00,1.37
2015.01.23 20:51:54.196,1.86367,1.86422,1.37,1.37
2015.01.23 20:51:54.754,1.86367,1.86422,1.00,1.37
2015.01.23 20:51:55.333,1.86367,1.86417,1.00,1.00
2015.01.23 20:51:56.032,1.86367,1.86422,1.00,1.37
2015.01.23 20:52:00.712,1.86367,1.86422,1.12,1.00
2015.01.23 20:52:00.913,1.8637,1.86422,1.00,1.00
2015.01.23 20:52:01.267,1.8637,1.86426,1.00,1.50
2015.01.23 20:52:04.172,1.8637,1.86426,1.37,1.00
2015.01.23 20:52:05.268,1.8637,1.86426,1.37,1.00
2015.01.23 20:52:05.873,1.8637,1.86426,1.37,1.00
2015.01.23 20:52:07.355,1.8637,1.86426,1.87,1.00
2015.01.23 20:52:07.506,1.86374,1.8643,1.00,1.87
2015.01.23 20:52:09.023,1.86374,1.8643,1.00,1.00
2015.01.23 20:52:09.225,1.86374,1.8643,1.37,1.00
2015.01.23 20:52:09.276,1.86378,1.86432,1.00,1.50
2015.01.23 20:52:17.289,1.86378,1.86432,1.00,1.37
2015.01.23 20:52:23.518,1.86378,1.86432,1.00,1.00
2015.01.23 20:52:23.569,1.8638,1.86436,1.00,1.12
2015.01.23 20:52:25.500,1.8638,1.86436,1.00,1.87
2015.01.23 20:52:25.809,1.86377,1.86433,1.12,1.37
2015.01.23 20:52:27.426,1.86381,1.86435,1.00,1.87
2015.01.23 20:52:28.145,1.86381,1.86435,1.00,1.37
2015.01.23 20:52:28.196,1.86377,1.86433,1.37,1.37
2015.01.23 20:52:28.700,1.86377,1.86432,1.00,1.37
2015.01.23 20:52:36.462,1.86377,1.86431,1.00,1.37
2015.01.23 20:52:36.567,1.86374,1.8643,1.00,1.37
2015.01.23 20:52:38.939,1.86374,1.8643,1.00,1.75
2015.01.23 20:52:39.288,1.86374,1.86427,1.00,1.37
2015.01.23 20:52:39.339,1.86371,1.86427,1.00,1.87
2015.01.23 20:52:39.541,1.86371,1.86422,1.00,1.00
2015.01.23 20:52:39.643,1.86371,1.86426,1.00,1.37
2015.01.23 20:52:40.107,1.86371,1.86421,1.00,1.00
2015.01.23 20:52:40.460,1.86371,1.86427,1.00,1.87
2015.01.23 20:52:41.011,1.86371,1.86421,1.00,1.00
2015.01.23 20:52:41.959,1.86366,1.86421,1.37,1.00
2015.01.23 20:52:42.887,1.86366,1.86421,1.87,1.00
2015.01.23 20:52:43.908,1.86366,1.86421,1.87,1.00
2015.01.23 20:52:45.982,1.86366,1.86412,1.50,1.00
2015.01.23 20:52:46.032,1.86363,1.86412,1.50,1.00
2015.01.23 20:52:46.342,1.86363,1.86406,1.12,1.00
2015.01.23 20:52:46.815,1.86361,1.86406,1.00,1.00
2015.01.23 20:52:48.051,1.86361,1.86407,1.00,1.00
2015.01.23 20:52:48.102,1.86358,1.86407,1.00,1.00
2015.01.23 20:52:49.282,1.86363,1.8641,1.00,1.00
2015.01.23 20:52:55.178,1.86363,1.86409,1.12,1.00
2015.01.23 20:52:57.295,1.86359,1.86406,1.00,1.00
2015.01.23 20:52:59.383,1.86356,1.86402,1.37,1.00
2015.01.23 20:52:59.634,1.86358,1.86407,1.00,1.00
2015.01.23 20:53:02.572,1.86357,1.86402,1.12,1.00
2015.01.23 20:53:02.827,1.86358,1.86407,1.00,1.00
2015.01.23 20:53:04.220,1.86359,1.86406,1.00,1.00
2015.01.23 20:53:05.757,1.86359,1.86406,1.37,1.00
2015.01.23 20:53:06.292,1.86358,1.86407,1.37,1.00
2015.01.23 20:53:06.669,1.86358,1.86407,1.00,1.00
2015.01.23 20:53:07.225,1.86363,1.8641,1.00,1.00
2015.01.23 20:53:07.802,1.86363,1.86406,1.00,1.00
2015.01.23 20:53:08.205,1.86359,1.86406,1.00,1.87
2015.01.23 20:53:10.525,1.86364,1.86404,1.00,1.37
2015.01.23 20:53:10.905,1.86364,1.86404,1.00,1.12
2015.01.23 20:53:11.190,1.86358,1.86404,1.00,1.12
2015.01.23 20:53:11.291,1.86358,1.86404,1.00,1.37
2015.01.23 20:53:11.594,1.86358,1.86404,1.00,1.37
2015.01.23 20:53:11.644,1.86358,1.864,1.00,1.00
2015.01.23 20:53:13.151,1.86354,1.864,1.00,1.00
2015.01.23 20:53:15.779,1.86353,1.864,1.00,1.12
2015.01.23 20:53:16.693,1.86354,1.864,1.00,1.12
2015.01.23 20:53:17.210,1.86353,1.86402,1.00,1.37
2015.01.23 20:53:17.311,1.86358,1.86404,1.00,1.37
2015.01.23 20:53:17.871,1.86358,1.86404,1.00,1.37
2015.01.23 20:53:19.623,1.86358,1.86404,1.00,1.00
2015.01.23 20:53:20.173,1.86358,1.86404,1.00,1.37
2015.01.23 20:53:20.715,1.86358,1.86404,1.00,1.12
2015.01.23 20:53:20.867,1.86364,1.86404,1.00,1.00
2015.01.23 20:53:20.942,1.86358,1.86404,1.00,1.00
2015.01.23 20:53:21.223,1.86358,1.86407,1.00,1.00
2015.01.23 20:53:22.417,1.86355,1.86401,1.00,1.00
2015.01.23 20:53:22.762,1.86355,1.86401,1.37,1.00
2015.01.23 20:53:22.813,1.86358,1.86407,1.00,1.00
2015.01.23 20:53:23.262,1.86355,1.86401,1.37,1.00
2015.01.23 20:53:23.519,1.86358,1.86407,1.00,1.00
2015.01.23 20:53:24.032,1.86353,1.86402,1.37,1.00
2015.01.23 20:53:24.385,1.86353,1.86402,1.00,1.00
2015.01.23 20:53:24.486,1.86348,1.86397,1.87,1.00
2015.01.23 20:53:24.612,1.86354,1.86401,1.00,1.00
2015.01.23 20:53:24.713,1.86348,1.86397,1.87,1.00
2015.01.23 20:53:25.015,1.86353,1.86402,1.12,1.00
2015.01.23 20:53:26.891,1.86353,1.86402,2.25,1.00
2015.01.23 20:53:27.193,1.86355,1.86402,1.12,1.00
2015.01.23 20:53:27.431,1.86359,1.86406,1.75,1.00
2015.01.23 20:53:27.760,1.86359,1.86406,1.00,1.12
2015.01.23 20:53:27.861,1.86354,1.86406,2.25,1.12
2015.01.23 20:53:28.368,1.86354,1.86406,2.25,1.00
2015.01.23 20:53:28.903,1.86353,1.86406,1.50,1.00
2015.01.23 20:53:29.155,1.86353,1.86405,1.37,1.37
2015.01.23 20:53:29.457,1.8635,1.86402,1.50,1.00
2015.01.23 20:53:29.973,1.86353,1.86403,1.37,1.00
2015.01.23 20:53:30.622,1.86349,1.86401,1.75,1.00
2015.01.23 20:53:31.127,1.8635,1.86402,1.12,1.00
2015.01.23 20:53:31.667,1.8635,1.86402,1.87,1.00
2015.01.23 20:53:32.483,1.8635,1.86402,1.87,1.00
2015.01.23 20:53:33.031,1.8635,1.86402,1.87,1.00
2015.01.23 20:53:33.534,1.86354,1.86401,1.75,1.00
2015.01.23 20:53:33.635,1.86357,1.86411,1.12,1.00
2015.01.23 20:53:33.736,1.86357,1.86413,1.37,1.00
2015.01.23 20:53:33.787,1.8636,1.86416,1.37,1.00
2015.01.23 20:53:34.244,1.86361,1.86416,1.37,1.00
2015.01.23 20:53:36.136,1.86361,1.86416,1.37,1.00
2015.01.23 20:53:36.413,1.86377,1.86426,1.00,1.00
2015.01.23 20:53:36.490,1.86375,1.86426,1.75,1.00
2015.01.23 20:53:36.591,1.86379,1.86431,1.37,1.50
2015.01.23 20:53:36.793,1.86375,1.86427,1.75,1.00
2015.01.23 20:53:37.306,1.86375,1.86427,1.75,1.00
2015.01.23 20:53:37.588,1.86377,1.86427,1.00,1.00
2015.01.23 20:53:38.099,1.86378,1.86431,1.00,1.00
2015.01.23 20:53:39.429,1.86378,1.86431,1.37,1.00
2015.01.23 20:53:39.960,1.86378,1.86431,1.37,1.12
2015.01.23 20:53:40.263,1.86383,1.86426,1.00,1.00
2015.01.23 20:53:40.313,1.86378,1.86426,1.00,1.00
2015.01.23 20:53:40.884,1.8637,1.86417,1.50,1.00
2015.01.23 20:53:41.414,1.8637,1.86412,1.50,1.00
2015.01.23 20:53:43.129,1.8637,1.86412,1.50,1.00
2015.01.23 20:53:43.730,1.8637,1.86412,1.50,1.00
2015.01.23 20:53:44.529,1.8637,1.86412,1.50,1.00
2015.01.23 20:53:45.077,1.8637,1.86417,1.50,1.00
2015.01.23 20:53:45.471,1.86373,1.86422,1.12,1.00
2015.01.23 20:53:45.715,1.8637,1.86417,1.50,1.00
2015.01.23 20:53:45.934,1.86373,1.86422,1.00,1.00
2015.01.23 20:53:46.035,1.8637,1.86416,1.50,1.00
2015.01.23 20:53:46.390,1.86374,1.86421,1.00,1.00
2015.01.23 20:53:46.460,1.8637,1.86416,1.50,1.00
2015.01.23 20:53:47.029,1.8637,1.86417,1.50,1.00
2015.01.23 20:53:47.884,1.8637,1.86417,1.50,1.00
2015.01.23 20:53:48.773,1.8637,1.86417,1.50,1.00
2015.01.23 20:53:49.950,1.8637,1.86417,1.50,1.00
2015.01.23 20:53:50.496,1.8637,1.86417,1.50,1.00
2015.01.23 20:53:51.747,1.8637,1.86417,1.37,1.00
2015.01.23 20:53:51.999,1.86372,1.86426,1.37,1.00
2015.01.23 20:53:52.150,1.86371,1.86422,2.25,1.00
2015.01.23 20:53:52.200,1.86371,1.86422,1.87,1.12
2015.01.23 20:53:52.251,1.86371,1.8642,1.37,1.00
2015.01.23 20:53:52.562,1.86366,1.86406,1.37,1.00
2015.01.23 20:53:54.386,1.86363,1.86406,1.75,1.00
2015.01.23 20:53:55.050,1.86362,1.86406,3.00,1.00
2015.01.23 20:53:55.417,1.86364,1.86411,1.75,1.00
2015.01.23 20:53:56.237,1.86364,1.86411,1.75,1.00
2015.01.23 20:53:56.643,1.86365,1.86411,1.12,1.00
2015.01.23 20:53:57.158,1.86365,1.86412,1.12,1.00
2015.01.23 20:53:58.413,1.86365,1.86412,1.87,1.00
2015.01.23 20:53:59.202,1.86365,1.86412,1.87,1.00
2015.01.23 20:54:00.170,1.86368,1.86412,1.00,1.00
2015.01.23 20:54:00.473,1.86359,1.86407,1.87,1.00
2015.01.23 20:54:00.524,1.86359,1.86407,1.37,1.00
2015.01.23 20:54:00.624,1.86364,1.86411,1.00,1.50
2015.01.23 20:54:00.931,1.86363,1.86409,1.00,1.00
2015.01.23 20:54:01.246,1.86358,1.86409,1.00,1.00
2015.01.23 20:54:01.347,1.86354,1.86406,1.37,1.00
2015.01.23 20:54:01.870,1.86353,1.86407,2.25,1.00
2015.01.23 20:54:02.453,1.86354,1.86406,1.75,1.00
2015.01.23 20:54:02.960,1.86353,1.86407,2.25,1.00
2015.01.23 20:54:03.550,1.86358,1.86407,1.00,1.00
2015.01.23 20:54:03.853,1.86358,1.86407,1.75,1.00
2015.01.23 20:54:03.954,1.86358,1.8641,2.25,1.00
2015.01.23 20:54:04.171,1.86358,1.86407,1.75,1.00
2015.01.23 20:54:04.322,1.86358,1.8641,2.25,1.00
2015.01.23 20:54:04.390,1.86358,1.86407,1.75,1.00
2015.01.23 20:54:04.725,1.86358,1.8641,2.25,1.00
2015.01.23 20:54:05.027,1.86358,1.86412,2.25,1.87
2015.01.23 20:54:05.480,1.86358,1.8641,2.25,1.00
2015.01.23 20:54:05.846,1.86358,1.86412,2.25,1.50
2015.01.23 20:54:06.357,1.86363,1.86412,1.12,1.00
2015.01.23 20:54:06.508,1.86364,1.86411,1.37,1.00
2015.01.23 20:54:06.984,1.86365,1.86412,1.12,1.00
2015.01.23 20:54:07.186,1.86368,1.86417,1.37,1.37
2015.01.23 20:54:07.287,1.86365,1.86412,1.12,1.00
2015.01.23 20:54:07.802,1.86363,1.86412,1.75,1.00
2015.01.23 20:54:07.954,1.86363,1.8641,1.75,1.00
2015.01.23 20:54:08.156,1.86364,1.8641,1.00,1.00
2015.01.23 20:54:08.578,1.8636,1.86407,1.12,1.00
2015.01.23 20:54:08.857,1.86358,1.86407,1.00,1.00
2015.01.23 20:54:09.332,1.86356,1.86406,1.00,1.00
2015.01.23 20:54:09.483,1.86359,1.86409,1.00,1.00
2015.01.23 20:54:09.685,1.86353,1.86407,1.87,1.00
2015.01.23 20:54:10.326,1.86353,1.86407,2.25,1.00
2015.01.23 20:54:10.651,1.86359,1.86409,1.00,1.00
2015.01.23 20:54:11.013,1.86353,1.86407,2.25,1.00
2015.01.23 20:54:11.522,1.86353,1.86407,2.25,1.00
2015.01.23 20:54:11.825,1.86353,1.86401,1.00,1.00
2015.01.23 20:54:12.127,1.86358,1.86401,1.00,1.00
2015.01.23 20:54:12.228,1.86353,1.86401,1.12,1.00
2015.01.23 20:54:12.329,1.86353,1.86401,1.50,1.00
2015.01.23 20:54:12.581,1.86353,1.86405,1.37,1.00
2015.01.23 20:54:12.767,1.86359,1.86405,1.00,1.00
2015.01.23 20:54:13.907,1.86359,1.86408,1.00,1.00
2015.01.23 20:54:14.181,1.86354,1.86407,1.37,1.00
2015.01.23 20:54:14.282,1.86354,1.86407,1.75,1.00
2015.01.23 20:54:14.786,1.86358,1.86408,1.37,1.00
2015.01.23 20:54:15.762,1.86356,1.86407,1.75,1.00
2015.01.23 20:54:16.306,1.86359,1.86408,1.12,1.00
2015.01.23 20:54:16.608,1.86357,1.86407,1.75,1.00
2015.01.23 20:54:17.256,1.86358,1.86406,1.37,1.00
2015.01.23 20:54:20.549,1.86358,1.86406,1.37,1.00
2015.01.23 20:54:21.084,1.86355,1.86407,1.75,1.00
2015.01.23 20:54:21.653,1.86358,1.86408,1.12,1.00
2015.01.23 20:54:22.254,1.86355,1.86407,1.75,1.00
2015.01.23 20:54:23.329,1.86358,1.86406,1.00,1.00
2015.01.23 20:54:23.532,1.86359,1.86408,1.00,1.00
2015.01.23 20:54:23.683,1.86363,1.86408,1.00,1.00
2015.01.23 20:54:24.001,1.86358,1.86408,1.50,1.00
2015.01.23 20:54:24.207,1.86364,1.86408,1.00,1.00
2015.01.23 20:54:24.428,1.86359,1.86408,1.00,1.00
2015.01.23 20:54:26.007,1.8636,1.86408,1.37,1.00
2015.01.23 20:54:26.613,1.8636,1.86408,1.37,1.00
2015.01.23 20:54:27.138,1.86361,1.86408,1.75,1.00
2015.01.23 20:54:27.682,1.86362,1.86408,1.00,1.00
2015.01.23 20:54:28.248,1.86363,1.86408,1.00,1.00
2015.01.23 20:54:30.058,1.86363,1.86411,1.00,1.00
2015.01.23 20:54:30.108,1.86363,1.86411,1.37,1.00
2015.01.23 20:54:30.433,1.86379,1.86415,1.12,1.00
2015.01.23 20:54:30.484,1.86379,1.86417,1.12,1.00
2015.01.23 20:54:30.813,1.86385,1.86417,1.37,1.00
2015.01.23 20:54:30.864,1.86385,1.86437,1.37,1.87
2015.01.23 20:54:31.217,1.86387,1.86439,1.37,1.50
2015.01.23 20:54:31.318,1.86387,1.86439,1.37,1.00
2015.01.23 20:54:31.526,1.86387,1.86435,1.37,1.75
2015.01.23 20:54:31.580,1.86384,1.86437,1.37,2.25
2015.01.23 20:54:32.689,1.86382,1.86437,1.37,2.25
2015.01.23 20:54:33.695,1.86378,1.86432,2.25,1.37
2015.01.23 20:54:34.428,1.86378,1.86432,2.25,1.37
2015.01.23 20:54:34.935,1.86378,1.86432,2.62,1.00
2015.01.23 20:54:35.512,1.86378,1.86432,2.62,1.00
2015.01.23 20:54:36.034,1.86378,1.86432,2.62,1.00
2015.01.23 20:54:37.616,1.86378,1.86432,2.62,1.00
2015.01.23 20:54:38.126,1.86378,1.86432,1.87,1.00
2015.01.23 20:54:38.947,1.86378,1.86432,1.87,1.00
2015.01.23 20:54:39.507,1.86378,1.86432,1.87,1.00
2015.01.23 20:54:40.213,1.86378,1.86432,1.87,1.00
2015.01.23 20:54:41.071,1.86378,1.86432,1.87,1.00
2015.01.23 20:54:41.432,1.86378,1.86432,1.87,1.00
2015.01.23 20:54:41.837,1.86378,1.86432,1.37,1.37
2015.01.23 20:54:42.448,1.86374,1.86429,1.37,1.12
2015.01.23 20:54:42.984,1.86374,1.86429,1.37,1.12
2015.01.23 20:54:43.752,1.86373,1.86429,1.37,1.12
2015.01.23 20:54:47.136,1.86373,1.86421,1.37,1.00
2015.01.23 20:54:47.699,1.86373,1.86421,1.37,1.00
2015.01.23 20:54:48.002,1.86373,1.86416,1.37,1.00
2015.01.23 20:54:48.555,1.86373,1.86416,1.37,1.00
2015.01.23 20:54:49.779,1.86373,1.86421,1.37,1.00
2015.01.23 20:54:50.193,1.86373,1.86417,1.37,1.00
2015.01.23 20:54:50.294,1.86373,1.86422,1.87,1.00
2015.01.23 20:54:51.654,1.86373,1.86422,1.87,1.00
2015.01.23 20:54:52.605,1.86373,1.86422,1.87,1.00
2015.01.23 20:54:52.860,1.86373,1.86416,1.87,1.00
2015.01.23 20:54:53.062,1.86378,1.86421,1.37,1.00
2015.01.23 20:54:53.563,1.86378,1.86422,1.37,1.00
2015.01.23 20:54:53.927,1.86378,1.86424,1.37,1.00
2015.01.23 20:54:54.079,1.86378,1.86422,1.37,1.00
2015.01.23 20:54:54.616,1.86378,1.86421,1.37,1.00
2015.01.23 20:54:54.930,1.8638,1.86427,1.37,1.00
2015.01.23 20:54:55.443,1.8638,1.86427,1.37,1.00
2015.01.23 20:54:55.494,1.8638,1.86422,1.37,1.00
2015.01.23 20:54:55.710,1.8638,1.86427,1.37,1.00
2015.01.23 20:54:56.058,1.8638,1.86421,1.37,1.00
2015.01.23 20:54:56.163,1.8638,1.86426,1.37,1.00
2015.01.23 20:54:56.668,1.8638,1.86427,1.37,1.00
2015.01.23 20:54:57.690,1.8638,1.86427,1.37,1.00
2015.01.23 20:54:57.929,1.8638,1.86424,1.37,1.00
2015.01.23 20:54:58.418,1.8638,1.86427,1.37,1.00
2015.01.23 20:54:58.910,1.8638,1.86425,1.37,1.00
2015.01.23 20:54:59.114,1.8638,1.86427,1.37,1.00
2015.01.23 20:54:59.820,1.8638,1.86426,1.37,1.00
2015.01.23 20:54:59.972,1.86376,1.86424,1.37,1.00
2015.01.23 20:55:00.275,1.86376,1.86421,1.37,1.00
2015.01.23 20:55:00.908,1.86376,1.86422,1.37,1.00
2015.01.23 20:55:01.010,1.86376,1.86422,1.37,1.00
2015.01.23 20:55:01.629,1.86376,1.86422,1.37,1.00
2015.01.23 20:55:02.032,1.86376,1.86422,1.37,1.00
2015.01.23 20:55:02.082,1.86376,1.86427,1.37,1.00
2015.01.23 20:55:02.183,1.86384,1.86431,1.00,1.00
2015.01.23 20:55:02.435,1.86379,1.86426,1.37,1.00
2015.01.23 20:55:03.125,1.86379,1.86427,1.37,1.00
2015.01.23 20:55:03.635,1.86379,1.86427,1.37,1.00
2015.01.23 20:55:05.400,1.86383,1.86427,1.00,1.00
2015.01.23 20:55:05.731,1.86383,1.86432,1.00,1.00
2015.01.23 20:55:06.022,1.86383,1.86427,1.00,1.00
2015.01.23 20:55:06.399,1.86383,1.86432,1.00,1.00
2015.01.23 20:55:08.551,1.86383,1.86426,1.00,1.00
2015.01.23 20:55:09.419,1.86388,1.86426,1.75,1.00
2015.01.23 20:55:09.621,1.86389,1.86426,1.37,1.00
2015.01.23 20:55:09.900,1.86389,1.86437,1.37,1.00
2015.01.23 20:55:10.000,1.86389,1.86432,1.37,1.00
2015.01.23 20:55:10.901,1.86389,1.86432,1.37,1.00
2015.01.23 20:55:11.240,1.86385,1.86427,1.75,1.00
2015.01.23 20:55:11.542,1.86385,1.86427,1.37,1.00
2015.01.23 20:55:11.643,1.86385,1.86432,1.37,1.00
2015.01.23 20:55:12.000,1.86385,1.86437,1.37,1.00
2015.01.23 20:55:12.541,1.86385,1.86436,1.37,1.00
2015.01.23 20:55:14.270,1.86385,1.86437,1.37,1.00
2015.01.23 20:55:15.941,1.8639,1.86437,1.00,1.00
2015.01.23 20:55:16.490,1.8639,1.86436,1.00,1.00
2015.01.23 20:55:17.001,1.8639,1.86437,1.00,1.00
2015.01.23 20:55:17.709,1.8639,1.86442,1.00,1.00
2015.01.23 20:55:19.043,1.86388,1.86439,1.00,1.37
2015.01.23 20:55:19.586,1.86389,1.86439,1.00,1.37
2015.01.23 20:55:20.145,1.86388,1.86439,1.00,1.37
2015.01.23 20:55:20.246,1.86383,1.86437,1.50,1.00
2015.01.23 20:55:20.760,1.86383,1.86431,1.00,1.00
2015.01.23 20:55:21.068,1.86388,1.86431,1.50,1.00
2015.01.23 20:55:21.119,1.86391,1.86444,1.37,1.50
2015.01.23 20:55:21.199,1.86391,1.86437,1.37,1.00
2015.01.23 20:55:21.461,1.86393,1.86442,1.12,1.00
2015.01.23 20:55:21.663,1.86391,1.86436,1.37,1.00
2015.01.23 20:55:24.740,1.86394,1.86441,1.00,1.00
2015.01.23 20:55:27.566,1.86391,1.86432,1.00,1.00
2015.01.23 20:55:27.616,1.86391,1.86436,1.00,1.00
2015.01.23 20:55:27.988,1.86391,1.86436,1.37,1.00
2015.01.23 20:55:28.189,1.86391,1.86436,1.00,1.00
2015.01.23 20:55:28.339,1.86391,1.86436,1.37,1.00
2015.01.23 20:55:28.440,1.86391,1.86436,1.12,1.00
2015.01.23 20:55:28.602,1.86393,1.86442,1.00,1.00
2015.01.23 20:55:29.135,1.86394,1.86441,1.00,1.00
2015.01.23 20:55:33.633,1.86398,1.86447,1.00,1.87
2015.01.23 20:55:35.391,1.86393,1.86442,1.00,1.00
2015.01.23 20:55:36.867,1.86394,1.86441,1.00,1.00
2015.01.23 20:55:37.589,1.86393,1.86442,1.00,1.00
2015.01.23 20:55:38.278,1.86399,1.86447,1.00,1.37
2015.01.23 20:55:38.799,1.86393,1.86447,1.00,1.37
2015.01.23 20:55:40.036,1.86393,1.86447,1.37,1.37
2015.01.23 20:55:40.336,1.86394,1.86447,1.00,1.37
2015.01.23 20:55:40.851,1.86391,1.86446,1.37,1.37
2015.01.23 20:55:41.770,1.86394,1.86447,1.00,1.37
2015.01.23 20:55:42.081,1.86391,1.86447,1.37,1.87
2015.01.23 20:55:42.182,1.86391,1.86447,1.37,1.87
2015.01.23 20:55:44.188,1.86391,1.86447,1.37,1.50
2015.01.23 20:55:44.290,1.86391,1.86447,1.00,1.50
2015.01.23 20:55:44.765,1.86393,1.86447,1.00,1.00
2015.01.23 20:55:45.110,1.86393,1.86447,1.00,1.37
2015.01.23 20:55:45.210,1.86391,1.86447,1.00,1.87
2015.01.23 20:55:45.429,1.86393,1.86447,1.00,1.37
2015.01.23 20:55:45.694,1.86393,1.86447,1.00,1.00
2015.01.23 20:55:45.745,1.86391,1.86447,1.00,1.50
2015.01.23 20:55:45.795,1.86388,1.86444,1.87,1.00
2015.01.23 20:55:46.098,1.86393,1.86444,1.00,1.00
2015.01.23 20:55:46.407,1.86393,1.86444,1.37,1.00
2015.01.23 20:55:46.681,1.86393,1.86444,1.00,1.00
2015.01.23 20:55:46.782,1.86393,1.86449,1.50,1.37
2015.01.23 20:55:47.578,1.86393,1.86449,1.50,1.75
2015.01.23 20:55:47.880,1.86388,1.8644,1.37,1.37
2015.01.23 20:55:48.221,1.86393,1.8644,1.00,1.37
2015.01.23 20:55:48.271,1.86388,1.8644,1.37,1.37
2015.01.23 20:55:50.094,1.86388,1.8644,1.00,1.37
2015.01.23 20:55:50.397,1.86393,1.8644,1.00,1.37
2015.01.23 20:55:50.458,1.86389,1.8644,1.00,1.37
2015.01.23 20:55:51.192,1.86388,1.8644,1.00,1.37
2015.01.23 20:55:51.243,1.86388,1.8644,1.00,1.75
2015.01.23 20:55:51.570,1.86384,1.8644,1.37,1.75
2015.01.23 20:55:54.198,1.86388,1.8644,1.00,2.25
2015.01.23 20:55:57.268,1.86388,1.86438,1.00,1.50
2015.01.23 20:55:57.871,1.86384,1.86439,1.00,1.75
2015.01.23 20:55:59.231,1.8638,1.86436,1.50,1.37
2015.01.23 20:55:59.833,1.86383,1.86436,1.00,1.37
2015.01.23 20:56:01.477,1.8638,1.86436,1.87,1.37
2015.01.23 20:56:05.797,1.8638,1.86436,1.00,1.87
2015.01.23 20:56:05.848,1.86379,1.8643,1.00,1.00
2015.01.23 20:56:06.151,1.86378,1.86426,1.00,1.37
2015.01.23 20:56:06.453,1.86373,1.86426,1.00,1.37
2015.01.23 20:56:06.503,1.86373,1.86426,1.00,1.50
2015.01.23 20:56:07.007,1.86374,1.86426,1.00,1.50
2015.01.23 20:56:07.108,1.8637,1.86426,1.37,2.25
2015.01.23 20:56:07.570,1.8637,1.86426,1.37,1.75
2015.01.23 20:56:09.767,1.8637,1.86426,1.37,1.75
2015.01.23 20:56:11.117,1.8637,1.8642,1.00,1.75
2015.01.23 20:56:11.419,1.8637,1.86422,1.12,1.75
2015.01.23 20:56:11.779,1.8637,1.86423,1.75,1.00
2015.01.23 20:56:11.880,1.86377,1.86427,2.25,1.00
2015.01.23 20:56:12.032,1.86383,1.86432,1.37,1.00
2015.01.23 20:56:12.239,1.86388,1.86437,1.00,1.00
2015.01.23 20:56:12.830,1.86388,1.86432,1.00,1.00
2015.01.23 20:56:13.364,1.86387,1.86432,1.00,1.00
2015.01.23 20:56:13.685,1.86388,1.86427,1.50,1.00
2015.01.23 20:56:13.736,1.86387,1.86432,2.25,1.00
2015.01.23 20:56:13.939,1.86389,1.86436,1.37,1.00
2015.01.23 20:56:14.040,1.86393,1.86442,1.12,1.00
2015.01.23 20:56:14.358,1.86389,1.86436,1.37,1.00
2015.01.23 20:56:14.459,1.86393,1.86442,1.12,1.00
2015.01.23 20:56:16.278,1.86397,1.86442,1.00,1.00
2015.01.23 20:56:16.530,1.864,1.86456,1.00,1.00
2015.01.23 20:56:16.845,1.86403,1.86442,1.00,1.00
2015.01.23 20:56:17.153,1.86403,1.86457,1.00,1.00
2015.01.23 20:56:18.158,1.86412,1.86457,1.00,1.00
2015.01.23 20:56:18.460,1.86415,1.86457,1.37,1.00
2015.01.23 20:56:18.728,1.86415,1.86461,1.37,1.00
2015.01.23 20:56:18.829,1.86419,1.86462,1.00,1.00
2015.01.23 20:56:19.898,1.86419,1.86467,1.00,1.00
2015.01.23 20:56:20.106,1.86423,1.86467,1.00,1.00
2015.01.23 20:56:20.257,1.86423,1.86472,1.50,1.00
2015.01.23 20:56:21.239,1.86423,1.86467,1.00,1.00
2015.01.23 20:56:21.547,1.86423,1.86472,1.50,1.00
2015.01.23 20:56:22.622,1.86423,1.86472,1.87,1.00
2015.01.23 20:56:22.773,1.86423,1.86479,1.87,1.00
2015.01.23 20:56:22.824,1.86423,1.86479,1.87,1.00
2015.01.23 20:56:25.982,1.86432,1.86479,1.00,1.00
2015.01.23 20:56:26.183,1.86434,1.86486,1.37,1.00
2015.01.23 20:56:26.435,1.86448,1.86486,1.00,1.00
2015.01.23 20:56:27.288,1.86448,1.86497,1.00,1.75
2015.01.23 20:56:28.130,1.86448,1.86497,1.12,1.50
2015.01.23 20:56:28.935,1.86448,1.86497,1.37,1.37
2015.01.23 20:56:29.258,1.86459,1.86502,1.00,1.37
2015.01.23 20:56:29.514,1.86453,1.86502,1.00,1.37
2015.01.23 20:56:29.823,1.86458,1.86502,1.00,2.25
2015.01.23 20:56:30.239,1.86453,1.86502,1.00,2.25
2015.01.23 20:56:30.847,1.86454,1.86501,1.00,1.75
2015.01.23 20:56:31.368,1.86453,1.86502,1.00,2.25
2015.01.23 20:56:32.658,1.86454,1.86501,1.00,1.75
2015.01.23 20:56:33.168,1.86453,1.86502,1.00,3.75
2015.01.23 20:56:33.219,1.86443,1.86497,1.00,1.37
2015.01.23 20:56:33.722,1.8644,1.86494,1.37,1.37
2015.01.23 20:56:34.330,1.8644,1.86494,1.00,1.00
2015.01.23 20:56:35.007,1.86443,1.86494,1.00,1.00
2015.01.23 20:56:36.149,1.86443,1.86494,1.00,1.37
2015.01.23 20:56:36.486,1.8644,1.86487,1.00,1.37
2015.01.23 20:56:36.537,1.86438,1.86487,1.00,1.37
2015.01.23 20:56:37.281,1.86438,1.86485,1.00,1.75
2015.01.23 20:56:37.483,1.86438,1.86481,1.00,1.00
2015.01.23 20:56:37.642,1.86429,1.86481,1.00,1.00
2015.01.23 20:56:37.743,1.86429,1.86481,1.00,1.37
2015.01.23 20:56:38.266,1.86429,1.86478,1.00,1.12
2015.01.23 20:56:38.678,1.86429,1.86478,1.00,1.37
2015.01.23 20:56:39.863,1.86429,1.86478,1.00,1.12
2015.01.23 20:56:40.413,1.86428,1.86477,1.00,1.00
2015.01.23 20:56:45.739,1.86429,1.86477,1.00,1.00
2015.01.23 20:56:45.790,1.86429,1.86477,1.75,1.00
2015.01.23 20:56:46.093,1.86433,1.86482,1.37,1.00
2015.01.23 20:56:46.602,1.86433,1.86482,1.37,1.00
2015.01.23 20:56:47.969,1.8643,1.86477,1.75,1.00
2015.01.23 20:56:51.809,1.86433,1.86482,1.37,1.00
2015.01.23 20:56:53.070,1.86433,1.86482,1.87,1.00
2015.01.23 20:56:53.933,1.8643,1.86477,1.00,1.00
2015.01.23 20:56:55.013,1.86428,1.86477,1.00,1.00
2015.01.23 20:56:55.896,1.86428,1.86477,1.00,1.37
2015.01.23 20:56:56.440,1.86428,1.86477,1.00,1.87
2015.01.23 20:56:57.197,1.86428,1.86477,1.75,1.50
2015.01.23 20:56:57.449,1.86434,1.86481,1.37,1.00
2015.01.23 20:57:00.887,1.86434,1.86481,1.00,1.00
2015.01.23 20:57:00.937,1.86433,1.86479,1.00,1.00
2015.01.23 20:57:01.559,1.86433,1.86478,1.00,1.00
2015.01.23 20:57:01.711,1.86429,1.86476,1.00,1.00
2015.01.23 20:57:02.235,1.86428,1.86477,1.00,1.00
2015.01.23 20:57:02.286,1.86428,1.86471,1.00,1.00
2015.01.23 20:57:02.468,1.86428,1.86477,1.50,1.50
2015.01.23 20:57:02.997,1.86429,1.86476,1.00,1.00
2015.01.23 20:57:03.894,1.86432,1.86476,1.00,1.00
2015.01.23 20:57:05.027,1.86433,1.86476,1.00,1.00
2015.01.23 20:57:05.231,1.86423,1.86472,1.87,1.00
2015.01.23 20:57:05.877,1.86424,1.86471,1.12,1.00
2015.01.23 20:57:06.242,1.86427,1.86471,1.00,1.00
2015.01.23 20:57:07.082,1.86424,1.86471,1.12,1.00
2015.01.23 20:57:07.333,1.86421,1.86467,1.12,1.00
2015.01.23 20:57:08.648,1.86421,1.86467,1.37,1.00
2015.01.23 20:57:10.059,1.86421,1.86461,1.37,1.00
2015.01.23 20:57:10.324,1.86421,1.86461,1.00,1.00
2015.01.23 20:57:10.637,1.86421,1.86467,1.00,1.00
2015.01.23 20:57:10.738,1.86421,1.86462,1.00,1.00
2015.01.23 20:57:10.940,1.86421,1.86466,1.37,1.00
2015.01.23 20:57:11.041,1.86421,1.86466,1.37,1.00
2015.01.23 20:57:11.192,1.86424,1.86471,1.37,1.00
2015.01.23 20:57:11.293,1.8643,1.86471,1.00,1.00
2015.01.23 20:57:11.394,1.86429,1.86476,1.00,1.00
2015.01.23 20:57:11.495,1.86426,1.86471,1.12,1.00
2015.01.23 20:57:11.924,1.86426,1.86466,1.00,1.00
2015.01.23 20:57:11.975,1.86426,1.86472,1.00,1.00
2015.01.23 20:57:12.113,1.86426,1.86472,1.37,1.00
2015.01.23 20:57:12.516,1.86433,1.86482,1.00,1.37
2015.01.23 20:57:12.734,1.86429,1.86477,1.37,1.00
2015.01.23 20:57:14.838,1.86428,1.86477,1.00,1.00
2015.01.23 20:57:14.939,1.86425,1.86471,1.00,1.00
2015.01.23 20:57:15.242,1.86421,1.86467,1.12,1.00
2015.01.23 20:57:15.493,1.86424,1.86471,1.00,1.00
2015.01.23 20:57:15.695,1.86421,1.86467,1.00,1.00
2015.01.23 20:57:16.984,1.86418,1.86467,1.50,1.00
2015.01.23 20:57:19.739,1.86423,1.8647,1.00,1.00
2015.01.23 20:57:21.947,1.86418,1.86467,1.00,1.00
2015.01.23 20:57:23.738,1.86419,1.86466,1.00,1.00
2015.01.23 20:57:23.917,1.86414,1.86462,1.00,1.00
2015.01.23 20:57:24.207,1.86418,1.86467,1.00,1.00
2015.01.23 20:57:24.258,1.86418,1.86467,1.75,1.00
2015.01.23 20:57:24.359,1.86421,1.86467,1.00,1.00
2015.01.23 20:57:25.137,1.86418,1.86467,1.00,1.00
2015.01.23 20:57:27.049,1.86415,1.86462,1.00,1.00
2015.01.23 20:57:27.150,1.86418,1.86467,1.00,1.00
2015.01.23 20:57:29.878,1.86419,1.86466,1.00,1.00
2015.01.23 20:57:29.979,1.86415,1.86462,1.00,1.00
2015.01.23 20:57:30.377,1.86415,1.86457,1.00,1.00
2015.01.23 20:57:31.214,1.86415,1.86462,1.00,1.00
2015.01.23 20:57:32.187,1.86419,1.86466,1.00,1.00
2015.01.23 20:57:32.527,1.86415,1.86462,1.00,1.00
2015.01.23 20:57:34.514,1.86418,1.86467,1.00,1.00
2015.01.23 20:57:35.248,1.86419,1.86466,1.00,1.00
2015.01.23 20:57:37.589,1.86423,1.8647,1.00,1.37
2015.01.23 20:57:38.106,1.86423,1.8647,1.00,1.00
2015.01.23 20:57:46.378,1.86423,1.86472,1.00,1.00
2015.01.23 20:57:46.579,1.86423,1.86475,1.00,1.00
2015.01.23 20:57:46.831,1.86425,1.86475,1.00,1.00
2015.01.23 20:57:47.385,1.86423,1.86475,1.00,1.00
2015.01.23 20:57:47.926,1.86421,1.86472,1.00,1.00
2015.01.23 20:57:48.452,1.86423,1.86475,1.00,1.00
2015.01.23 20:57:48.604,1.86421,1.86472,1.00,1.00
2015.01.23 20:57:48.908,1.86424,1.86475,1.00,1.00
2015.01.23 20:57:49.432,1.86424,1.86474,1.00,1.00
2015.01.23 20:57:49.795,1.86424,1.86474,1.37,1.00
2015.01.23 20:57:49.948,1.86424,1.86476,1.37,1.00
2015.01.23 20:57:50.128,1.86424,1.86474,1.00,1.00
2015.01.23 20:57:50.430,1.86429,1.86461,1.75,1.00
2015.01.23 20:57:50.582,1.86429,1.86476,2.25,1.00
2015.01.23 20:57:50.683,1.86434,1.86481,1.37,1.00
2015.01.23 20:57:51.968,1.86438,1.86485,1.00,1.37
2015.01.23 20:57:52.097,1.86438,1.86485,1.00,1.12
2015.01.23 20:57:53.555,1.86433,1.86482,1.37,1.00
2015.01.23 20:57:53.857,1.86443,1.86482,1.37,1.00
2015.01.23 20:57:53.966,1.86443,1.86487,1.37,1.00
2015.01.23 20:57:54.119,1.86443,1.86486,1.37,1.00
2015.01.23 20:57:54.436,1.86446,1.86486,1.37,1.00
2015.01.23 20:57:54.638,1.86446,1.86487,1.12,1.00
2015.01.23 20:57:54.716,1.86446,1.86492,1.12,1.00
2015.01.23 20:57:54.826,1.86446,1.86486,1.12,1.00
2015.01.23 20:57:55.609,1.86442,1.86486,1.87,1.00
2015.01.23 20:57:55.912,1.86442,1.86487,1.87,1.00
2015.01.23 20:57:56.115,1.86442,1.86487,2.25,1.00
2015.01.23 20:57:56.166,1.86445,1.86492,1.37,1.00
2015.01.23 20:57:56.368,1.86445,1.86486,1.37,1.00
2015.01.23 20:57:56.477,1.86445,1.86491,1.37,1.00
2015.01.23 20:57:57.817,1.86445,1.86492,1.37,1.00
2015.01.23 20:57:58.463,1.86445,1.86492,1.00,1.50
2015.01.23 20:57:58.564,1.86443,1.8649,1.00,1.37
2015.01.23 20:57:58.816,1.86438,1.86487,1.00,1.37
2015.01.23 20:57:58.917,1.86438,1.86483,1.00,1.00
2015.01.23 20:58:00.568,1.86438,1.86483,1.00,1.37
2015.01.23 20:58:00.721,1.86438,1.86483,1.00,1.00
2015.01.23 20:58:00.975,1.86438,1.86481,1.00,1.00
2015.01.23 20:58:01.436,1.86433,1.86481,1.00,1.00
2015.01.23 20:58:01.638,1.86433,1.86481,1.00,1.37
2015.01.23 20:58:01.739,1.86434,1.86481,1.00,1.87
2015.01.23 20:58:02.222,1.86429,1.86476,1.00,1.00
2015.01.23 20:58:02.990,1.86428,1.86477,1.00,1.00
2015.01.23 20:58:07.587,1.86433,1.86481,1.00,1.37
2015.01.23 20:58:08.980,1.86433,1.8648,1.00,1.37
2015.01.23 20:58:09.131,1.86428,1.86477,1.00,1.12
2015.01.23 20:58:09.667,1.86428,1.86474,1.00,1.00
2015.01.23 20:58:09.919,1.86423,1.86472,1.00,1.00
2015.01.23 20:58:10.378,1.86423,1.86471,1.00,1.75
2015.01.23 20:58:10.479,1.8641,1.86451,1.00,1.00
2015.01.23 20:58:10.530,1.86404,1.86451,1.00,1.00
2015.01.23 20:58:10.581,1.86404,1.86446,1.00,1.00
2015.01.23 20:58:10.682,1.86388,1.86437,1.50,1.00
2015.01.23 20:58:10.934,1.86389,1.86439,1.00,1.00
2015.01.23 20:58:11.237,1.86389,1.86444,1.00,1.00
2015.01.23 20:58:11.539,1.86389,1.86437,1.00,1.00
2015.01.23 20:58:12.230,1.86388,1.8644,1.00,1.00
2015.01.23 20:58:12.532,1.86384,1.8644,1.00,1.00
2015.01.23 20:58:12.633,1.86388,1.86437,1.00,1.00
2015.01.23 20:58:12.952,1.86384,1.86432,1.00,1.00
2015.01.23 20:58:14.851,1.86383,1.86432,1.00,1.00
2015.01.23 20:58:15.153,1.86388,1.86437,1.00,1.87
2015.01.23 20:58:15.304,1.86383,1.86432,1.00,1.00
2015.01.23 20:58:16.635,1.86383,1.86429,1.00,1.00
2015.01.23 20:58:16.736,1.86383,1.86432,1.00,1.00
2015.01.23 20:58:18.499,1.86385,1.86426,1.00,1.00
2015.01.23 20:58:18.613,1.86385,1.86431,1.37,1.00
2015.01.23 20:58:18.678,1.86385,1.86417,1.37,1.00
2015.01.23 20:58:18.830,1.86385,1.86422,1.37,1.00
2015.01.23 20:58:19.008,1.86385,1.86427,1.37,1.00
2015.01.23 20:58:19.228,1.86385,1.86431,1.37,1.00
2015.01.23 20:58:19.667,1.86385,1.86427,1.37,1.00
2015.01.23 20:58:21.009,1.86385,1.86427,1.12,1.00
2015.01.23 20:58:21.211,1.86385,1.86432,1.12,1.00
2015.01.23 20:58:21.563,1.86389,1.86436,1.00,1.00
2015.01.23 20:58:22.223,1.86388,1.86437,1.00,1.37
2015.01.23 20:58:22.525,1.86385,1.86432,1.37,1.00
2015.01.23 20:58:22.778,1.86388,1.86437,1.00,1.00
2015.01.23 20:58:22.979,1.86394,1.86441,1.00,1.00
2015.01.23 20:58:23.225,1.86388,1.86437,1.50,1.00
2015.01.23 20:58:24.553,1.86393,1.86442,1.00,1.00
2015.01.23 20:58:24.857,1.86393,1.8644,1.00,1.00
2015.01.23 20:58:25.059,1.86384,1.86436,1.00,1.00
2015.01.23 20:58:25.210,1.8638,1.86436,1.00,1.00
2015.01.23 20:58:25.533,1.8638,1.86426,1.00,1.00
2015.01.23 20:58:25.738,1.86383,1.86432,1.00,1.00
2015.01.23 20:58:29.046,1.86383,1.86436,1.00,1.00
2015.01.23 20:58:29.162,1.86384,1.8644,1.00,1.37
2015.01.23 20:58:29.677,1.86384,1.8644,1.50,1.00
2015.01.23 20:58:30.312,1.86384,1.8644,1.00,1.34
2015.01.23 20:58:30.564,1.86373,1.86421,1.00,1.37
2015.01.23 20:58:30.716,1.86369,1.86416,1.00,1.00
2015.01.23 20:58:30.817,1.86365,1.86412,1.12,1.00
2015.01.23 20:58:30.918,1.86368,1.86417,1.00,1.00
2015.01.23 20:58:31.110,1.86365,1.86412,1.12,1.00
2015.01.23 20:58:31.261,1.86368,1.86417,1.00,1.00
2015.01.23 20:58:32.756,1.86374,1.86421,1.00,1.50
2015.01.23 20:58:37.925,1.86373,1.86421,1.00,1.00
2015.01.23 20:58:38.241,1.86371,1.86416,1.00,1.00
2015.01.23 20:58:39.698,1.86373,1.86421,1.00,1.00
2015.01.23 20:58:40.666,1.86373,1.86421,1.37,1.00
2015.01.23 20:58:40.918,1.86378,1.86424,1.00,1.00
2015.01.23 20:58:41.119,1.86378,1.86427,1.37,1.00
2015.01.23 20:58:41.664,1.86378,1.86427,1.37,1.00
2015.01.23 20:58:41.777,1.86373,1.86422,2.25,1.00
2015.01.23 20:58:42.294,1.86374,1.86421,1.75,1.00
2015.01.23 20:58:42.987,1.86373,1.86422,2.25,1.00
2015.01.23 20:58:43.466,1.86373,1.86422,2.25,1.00
2015.01.23 20:58:43.671,1.86383,1.86429,1.00,1.00
2015.01.23 20:58:43.772,1.86383,1.86432,1.37,1.00
2015.01.23 20:58:44.176,1.86382,1.86432,1.12,1.00
2015.01.23 20:58:44.277,1.86382,1.86438,1.12,1.00
2015.01.23 20:58:45.205,1.86383,1.86438,1.00,1.00
2015.01.23 20:58:46.775,1.86385,1.86441,1.00,1.00
2015.01.23 20:58:49.184,1.86391,1.86441,1.00,1.00
2015.01.23 20:58:50.298,1.86387,1.86441,1.00,1.50
2015.01.23 20:58:51.289,1.8638,1.86435,1.00,1.00
2015.01.23 20:58:51.340,1.86379,1.86433,1.00,1.00
2015.01.23 20:58:51.642,1.86378,1.8643,1.00,1.00
2015.01.23 20:58:51.945,1.86367,1.86423,1.00,1.00
2015.01.23 20:58:52.116,1.86369,1.86423,1.00,1.00
2015.01.23 20:58:52.431,1.86369,1.86419,1.00,1.37
2015.01.23 20:58:52.683,1.86353,1.86404,1.00,1.00
2015.01.23 20:58:52.935,1.86353,1.86401,1.00,1.00
2015.01.23 20:58:53.136,1.86348,1.86397,1.00,1.00
2015.01.23 20:58:53.462,1.86353,1.86397,1.00,1.12
2015.01.23 20:58:53.675,1.86353,1.86402,1.37,1.50
2015.01.23 20:58:53.776,1.86354,1.86407,1.75,1.12
2015.01.23 20:58:53.827,1.86355,1.86409,1.50,1.00
2015.01.23 20:58:53.878,1.86368,1.86409,1.00,1.00
2015.01.23 20:58:54.806,1.86368,1.86413,1.00,1.00
2015.01.23 20:58:55.021,1.86373,1.86418,1.00,1.00
2015.01.23 20:58:55.792,1.86368,1.86417,1.00,1.00
2015.01.23 20:58:56.185,1.86373,1.86418,1.00,1.00
2015.01.23 20:58:56.410,1.86368,1.86417,1.00,1.37
2015.01.23 20:58:58.281,1.86363,1.86412,1.12,1.00
2015.01.23 20:58:58.596,1.86363,1.86408,1.00,1.84
2015.01.23 20:58:58.747,1.86348,1.86395,1.00,1.00
2015.01.23 20:58:58.848,1.86348,1.86391,1.00,1.00
2015.01.23 20:58:59.150,1.86348,1.86389,1.00,1.00
2015.01.23 20:58:59.201,1.86334,1.86381,1.00,1.00
2015.01.23 20:58:59.403,1.86338,1.86387,1.00,1.00
2015.01.23 20:58:59.825,1.86333,1.86382,1.50,1.00
2015.01.23 20:59:00.134,1.86333,1.86382,2.25,1.00
2015.01.23 20:59:00.299,1.86333,1.86382,1.37,1.00
2015.01.23 20:59:00.502,1.86339,1.86396,1.00,1.87
2015.01.23 20:59:01.175,1.86339,1.86392,0.75,0.37
2015.01.23 20:59:01.706,1.86339,1.86393,0.75,0.37
2015.01.23 20:59:02.054,1.86343,1.86393,0.75,0.37
2015.01.23 20:59:03.030,1.86338,1.86393,0.75,0.37
2015.01.23 20:59:03.507,1.86338,1.86387,0.75,0.75
2015.01.23 20:59:03.709,1.86338,1.86392,0.75,0.37
2015.01.23 20:59:03.927,1.86334,1.86391,0.75,0.75
2015.01.23 20:59:04.404,1.86334,1.86386,0.37,0.37
2015.01.23 20:59:04.828,1.86333,1.86389,0.75,0.37
2015.01.23 20:59:05.427,1.86339,1.8639,0.75,0.75
2015.01.23 20:59:05.745,1.86339,1.86388,0.75,0.37
2015.01.23 20:59:06.416,1.86333,1.86388,0.75,0.37
2015.01.23 20:59:06.710,1.86333,1.8639,0.75,0.75
2015.01.23 20:59:07.235,1.86328,1.86387,0.75,0.75
2015.01.23 20:59:07.747,1.86328,1.86386,0.75,0.37
2015.01.23 20:59:07.956,1.86334,1.86386,0.75,0.37
2015.01.23 20:59:08.258,1.86334,1.86382,0.75,0.37
2015.01.23 20:59:08.561,1.86333,1.86379,0.75,0.37
2015.01.23 20:59:08.936,1.86334,1.86382,0.75,0.37
2015.01.23 20:59:08.987,1.86328,1.86382,0.75,0.37
2015.01.23 20:59:09.251,1.86328,1.86379,0.75,0.37
2015.01.23 20:59:10.952,1.86329,1.8638,0.75,0.37
2015.01.23 20:59:11.257,1.86329,1.86374,0.75,0.37
2015.01.23 20:59:11.509,1.86318,1.86367,0.75,0.75
2015.01.23 20:59:11.711,1.86323,1.86368,0.75,0.37
2015.01.23 20:59:11.963,1.86318,1.86367,0.75,0.75
2015.01.23 20:59:12.562,1.86318,1.86364,0.75,0.37
2015.01.23 20:59:12.714,1.86313,1.86362,0.75,1.12
2015.01.23 20:59:12.916,1.86318,1.86362,0.75,0.37
2015.01.23 20:59:13.245,1.86318,1.86356,0.75,0.37
2015.01.23 20:59:13.498,1.86313,1.86356,0.75,0.37
2015.01.23 20:59:13.850,1.86313,1.86358,0.75,0.37
2015.01.23 20:59:13.951,1.86313,1.86362,0.75,1.12
2015.01.23 20:59:14.241,1.86318,1.86367,0.75,1.09
2015.01.23 20:59:15.228,1.86323,1.86371,0.75,1.50
2015.01.23 20:59:15.743,1.86323,1.86372,0.75,0.75
2015.01.23 20:59:16.072,1.86313,1.86355,0.75,0.37
2015.01.23 20:59:16.223,1.86303,1.86352,0.75,0.75
2015.01.23 20:59:16.324,1.86301,1.86346,0.37,0.75
2015.01.23 20:59:16.685,1.86294,1.86341,0.75,0.75
2015.01.23 20:59:16.865,1.86298,1.86347,0.75,0.75
2015.01.23 20:59:17.467,1.86301,1.86347,0.37,0.75
2015.01.23 20:59:17.568,1.86301,1.86357,0.37,1.12
2015.01.23 20:59:18.610,1.86301,1.86352,0.37,0.75
2015.01.23 20:59:18.660,1.86298,1.86352,0.75,0.75
2015.01.23 20:59:18.711,1.86298,1.86346,0.75,0.75
2015.01.23 20:59:19.013,1.86293,1.86341,0.75,0.37
2015.01.23 20:59:19.114,1.86288,1.86341,0.75,0.37
2015.01.23 20:59:19.165,1.86288,1.86346,0.75,1.87
2015.01.23 20:59:19.429,1.86293,1.86346,0.75,1.87
2015.01.23 20:59:19.733,1.86298,1.86346,0.75,1.87
2015.01.23 20:59:19.935,1.86298,1.86348,0.75,0.75
2015.01.23 20:59:20.035,1.86298,1.8635,0.75,0.37
2015.01.23 20:59:20.136,1.86298,1.86353,0.75,0.75
2015.01.23 20:59:20.245,1.86298,1.86355,0.75,1.12
2015.01.23 20:59:20.400,1.86303,1.86355,0.75,1.12
2015.01.23 20:59:20.864,1.86303,1.86351,0.75,0.37
2015.01.23 20:59:20.965,1.86298,1.86347,0.75,0.75
2015.01.23 20:59:21.638,1.86298,1.86346,0.75,0.37
2015.01.23 20:59:21.739,1.86304,1.86346,0.75,0.37
2015.01.23 20:59:21.840,1.86299,1.86346,0.75,0.75
2015.01.23 20:59:21.928,1.86293,1.86342,0.75,0.75
2015.01.23 20:59:22.444,1.86294,1.86341,0.75,0.75
2015.01.23 20:59:22.951,1.86293,1.86342,0.75,0.75
2015.01.23 20:59:23.874,1.86293,1.86341,0.75,0.37
2015.01.23 20:59:23.975,1.86293,1.86338,0.75,0.37
2015.01.23 20:59:24.025,1.86288,1.86337,0.75,0.75
2015.01.23 20:59:24.787,1.86289,1.86336,0.75,0.75
2015.01.23 20:59:25.228,1.86298,1.8634,0.75,1.50
2015.01.23 20:59:25.379,1.86293,1.86342,0.75,0.75
2015.01.23 20:59:25.532,1.86299,1.86343,0.75,0.37
2015.01.23 20:59:26.103,1.86298,1.86343,0.75,0.37
2015.01.23 20:59:26.783,1.86298,1.86345,0.75,0.75
2015.01.23 20:59:26.884,1.86294,1.86341,0.75,0.75
2015.01.23 20:59:27.206,1.86298,1.86345,0.75,0.75
2015.01.23 20:59:27.568,1.86299,1.86342,0.75,0.75
2015.01.23 20:59:27.669,1.86299,1.86345,0.75,0.37
2015.01.23 20:59:27.769,1.86303,1.8635,0.75,1.50
2015.01.23 20:59:27.981,1.86298,1.86347,0.75,0.75
2015.01.23 20:59:28.748,1.86298,1.86342,0.37,0.75
2015.01.23 20:59:28.952,1.86298,1.86347,1.12,0.75
2015.01.23 20:59:30.488,1.86303,1.8635,0.75,1.50
2015.01.23 20:59:30.803,1.86283,1.86332,0.75,0.75
2015.01.23 20:59:31.836,1.86284,1.86331,0.75,0.75
2015.01.23 20:59:32.457,1.86283,1.86332,0.75,1.12
2015.01.23 20:59:32.608,1.86288,1.86336,0.75,0.37
2015.01.23 20:59:33.140,1.86288,1.86323,0.75,0.34
2015.01.23 20:59:33.240,1.86273,1.86322,0.75,1.12
2015.01.23 20:59:34.033,1.86268,1.86317,0.75,0.75
2015.01.23 20:59:36.030,1.86273,1.8632,0.75,0.37
2015.01.23 20:59:36.334,1.86263,1.86305,0.75,0.37
2015.01.23 20:59:36.536,1.86258,1.86305,0.75,0.37
2015.01.23 20:59:36.636,1.86258,1.86307,0.75,0.75
2015.01.23 20:59:37.405,1.86259,1.86306,0.75,0.75
2015.01.23 20:59:37.516,1.86263,1.86307,0.75,0.37
2015.01.23 20:59:38.436,1.86264,1.86308,0.75,0.75
2015.01.23 20:59:38.486,1.86264,1.86313,0.75,0.37
2015.01.23 20:59:38.638,1.86264,1.86316,0.75,0.75
2015.01.23 20:59:38.759,1.86274,1.86319,0.75,0.37
2015.01.23 20:59:38.810,1.86274,1.86321,0.75,0.75
2015.01.23 20:59:38.961,1.86278,1.86325,0.75,1.12
2015.01.23 20:59:39.213,1.86278,1.8633,0.75,1.50
2015.01.23 20:59:39.370,1.86278,1.86334,0.75,2.25
2015.01.23 20:59:39.745,1.86283,1.86335,0.75,0.75
2015.01.23 20:59:39.824,1.86279,1.86335,0.75,0.75
2015.01.23 20:59:40.051,1.86284,1.8634,0.75,1.50
2015.01.23 20:59:40.353,1.86288,1.8634,0.75,0.75
2015.01.23 20:59:40.404,1.86288,1.86344,0.75,0.75
2015.01.23 20:59:40.505,1.86293,1.86344,0.75,0.75
2015.01.23 20:59:40.814,1.86299,1.86344,0.75,0.75
2015.01.23 20:59:41.355,1.86298,1.86345,0.75,0.75
2015.01.23 20:59:41.508,1.86293,1.86342,0.75,0.75
2015.01.23 20:59:42.382,1.86298,1.86345,0.75,0.37
2015.01.23 20:59:42.432,1.86298,1.86347,0.75,0.75
2015.01.23 20:59:42.483,1.86293,1.86349,0.75,1.50
2015.01.23 20:59:42.688,1.86298,1.86349,0.75,1.50
2015.01.23 20:59:43.198,1.86299,1.8635,0.75,0.75
2015.01.23 20:59:43.399,1.86298,1.86354,1.12,0.75
2015.01.23 20:59:43.500,1.86304,1.86354,0.75,0.75
2015.01.23 20:59:44.010,1.86299,1.86355,0.75,0.75
2015.01.23 20:59:44.429,1.86298,1.86346,0.75,0.37
2015.01.23 20:59:44.479,1.86293,1.86342,0.75,0.75
2015.01.23 20:59:45.445,1.86293,1.86341,0.75,0.37
2015.01.23 20:59:45.546,1.86288,1.86337,0.75,0.75
2015.01.23 20:59:45.697,1.86283,1.86332,0.75,0.75
2015.01.23 20:59:46.039,1.86295,1.86332,0.75,0.75
2015.01.23 20:59:46.140,1.86303,1.86352,0.75,0.75
2015.01.23 20:59:46.241,1.86303,1.86357,0.75,0.75
2015.01.23 20:59:46.342,1.86308,1.86362,0.75,0.75
2015.01.23 20:59:46.644,1.86313,1.86362,0.75,0.75
2015.01.23 20:59:46.946,1.86319,1.86366,0.75,0.75
2015.01.23 20:59:46.997,1.86318,1.8637,0.75,0.75
2015.01.23 20:59:47.517,1.86319,1.86369,0.75,0.75
2015.01.23 20:59:48.084,1.86318,1.8637,0.75,0.75
2015.01.23 20:59:48.185,1.86319,1.86366,0.75,0.75
2015.01.23 20:59:48.996,1.86323,1.86367,0.75,0.37
2015.01.23 20:59:49.500,1.86323,1.86366,0.75,0.37
2015.01.23 20:59:49.550,1.86318,1.86366,0.75,0.37
2015.01.23 20:59:49.845,1.86323,1.86371,0.75,0.34
2015.01.23 20:59:50.374,1.86323,1.8637,0.75,0.75
2015.01.23 20:59:51.660,1.86323,1.86371,0.75,0.34
2015.01.23 20:59:51.979,1.86328,1.86371,0.75,0.34
2015.01.23 20:59:52.080,1.86323,1.86371,0.75,0.34
2015.01.23 20:59:52.813,1.86329,1.86371,0.75,0.34
2015.01.23 20:59:53.025,1.86324,1.86371,0.75,1.09
2015.01.23 20:59:53.276,1.86328,1.86371,0.75,0.34
2015.01.23 20:59:53.478,1.86324,1.86371,0.75,1.09
2015.01.23 20:59:53.904,1.86318,1.86367,0.75,0.75
2015.01.23 20:59:54.156,1.86323,1.86371,0.75,0.34
2015.01.23 20:59:54.706,1.86323,1.8637,0.75,0.75
2015.01.23 20:59:54.926,1.86323,1.86372,0.75,0.75
2015.01.23 20:59:55.837,1.86323,1.8637,0.75,0.75
2015.01.23 20:59:56.358,1.86323,1.86372,0.75,0.75
2015.01.23 20:59:57.156,1.86324,1.86371,0.75,0.75
2015.01.23 20:59:57.566,1.86333,1.86382,0.75,0.75
2015.01.23 20:59:57.667,1.86329,1.86376,0.75,0.75
2015.01.23 20:59:58.019,1.86333,1.86382,0.75,1.12
2015.01.23 20:59:59.707,1.86333,1.86378,0.75,0.37
