2014.12.05 13:00:00.133,1.78661,1.78689,1.00,1.30
2014.12.05 13:00:00.184,1.78661,1.78687,1.00,1.30
2014.12.05 13:00:00.335,1.78659,1.78691,1.30,1.00
2014.12.05 13:00:00.436,1.78658,1.78687,1.00,1.00
2014.12.05 13:00:00.537,1.7866,1.78695,1.35,1.00
2014.12.05 13:00:00.638,1.78663,1.78694,1.00,1.30
2014.12.05 13:00:00.889,1.78663,1.78695,1.30,1.00
2014.12.05 13:00:00.940,1.78663,1.78695,1.30,1.00
2014.12.05 13:00:01.444,1.78663,1.78695,1.00,1.00
2014.12.05 13:00:01.646,1.78659,1.78698,1.00,1.00
2014.12.05 13:00:01.843,1.78659,1.78698,1.00,1.00
2014.12.05 13:00:02.176,1.78659,1.78698,1.00,1.00
2014.12.05 13:00:02.328,1.78659,1.78698,1.00,1.00
2014.12.05 13:00:02.835,1.78659,1.78698,2.12,1.00
2014.12.05 13:00:03.640,1.78669,1.78698,1.00,1.00
2014.12.05 13:00:03.843,1.78675,1.78707,1.50,1.00
2014.12.05 13:00:03.944,1.78674,1.78706,1.00,1.72
2014.12.05 13:00:03.995,1.78671,1.78706,1.30,2.47
2014.12.05 13:00:04.045,1.78669,1.78701,1.00,1.30
2014.12.05 13:00:04.398,1.78669,1.78706,1.00,1.12
2014.12.05 13:00:05.009,1.78669,1.78702,1.00,1.30
2014.12.05 13:00:05.060,1.78663,1.78698,1.37,1.00
2014.12.05 13:00:05.161,1.78659,1.78695,1.50,1.00
2014.12.05 13:00:05.212,1.78658,1.78695,1.37,1.00
2014.12.05 13:00:05.313,1.78658,1.78695,1.00,1.00
2014.12.05 13:00:06.792,1.78658,1.78695,1.00,1.00
2014.12.05 13:00:07.324,1.78658,1.78695,1.00,1.00
2014.12.05 13:00:10.093,1.78655,1.78695,1.00,1.00
2014.12.05 13:00:10.875,1.78658,1.78695,1.00,1.00
2014.12.05 13:00:11.193,1.78658,1.78691,1.00,1.30
2014.12.05 13:00:11.294,1.78658,1.78695,1.00,1.72
2014.12.05 13:00:11.933,1.78658,1.78694,2.35,1.30
2014.12.05 13:00:12.437,1.78659,1.78695,1.00,1.72
2014.12.05 13:00:12.986,1.78659,1.78695,1.00,1.72
2014.12.05 13:00:13.513,1.78659,1.78695,1.00,1.00
2014.12.05 13:00:13.943,1.78659,1.78689,1.00,1.30
2014.12.05 13:00:14.145,1.78659,1.78695,1.00,2.10
2014.12.05 13:00:14.396,1.7866,1.78697,1.35,1.30
2014.12.05 13:00:14.497,1.78663,1.78699,1.87,1.00
2014.12.05 13:00:14.548,1.78663,1.78702,3.55,2.47
2014.12.05 13:00:14.649,1.78666,1.78702,1.72,1.30
2014.12.05 13:00:14.951,1.78668,1.78707,1.50,1.72
2014.12.05 13:00:15.378,1.78668,1.78704,1.30,1.00
2014.12.05 13:00:15.905,1.78668,1.78705,1.72,1.72
2014.12.05 13:00:16.262,1.78668,1.78705,2.42,1.72
2014.12.05 13:00:16.565,1.78668,1.78705,2.84,1.72
2014.12.05 13:00:17.437,1.78668,1.78703,1.72,1.30
2014.12.05 13:00:18.649,1.78668,1.78705,1.72,1.30
2014.12.05 13:00:19.173,1.78669,1.78706,1.87,1.30
2014.12.05 13:00:19.677,1.78669,1.78704,2.42,1.00
2014.12.05 13:00:21.199,1.78669,1.78704,1.72,1.00
2014.12.05 13:00:21.662,1.78669,1.78706,1.00,1.00
2014.12.05 13:00:22.273,1.78669,1.78707,1.00,1.50
2014.12.05 13:00:23.089,1.78669,1.78706,1.00,1.00
2014.12.05 13:00:23.672,1.78668,1.78702,1.30,1.00
2014.12.05 13:00:23.722,1.78665,1.78702,1.00,1.37
2014.12.05 13:00:25.189,1.78663,1.7869,1.00,1.00
2014.12.05 13:00:25.340,1.78658,1.78687,1.00,1.50
2014.12.05 13:00:25.391,1.78658,1.78681,1.00,1.30
2014.12.05 13:00:25.643,1.78648,1.78682,1.12,1.30
2014.12.05 13:00:25.744,1.78647,1.78686,1.00,1.37
2014.12.05 13:00:27.867,1.78647,1.78686,1.00,2.10
2014.12.05 13:00:28.119,1.78647,1.78679,1.00,1.30
2014.12.05 13:00:28.422,1.78647,1.78677,1.00,1.30
2014.12.05 13:00:28.573,1.78647,1.78679,1.00,1.30
2014.12.05 13:00:28.624,1.78647,1.78679,1.00,1.30
2014.12.05 13:00:29.133,1.78647,1.7868,1.00,1.30
2014.12.05 13:00:29.334,1.78647,1.78682,1.00,1.30
2014.12.05 13:00:29.533,1.78647,1.78679,1.00,1.30
2014.12.05 13:00:30.154,1.78647,1.78679,1.00,1.30
2014.12.05 13:00:30.374,1.78647,1.78681,1.00,1.30
2014.12.05 13:00:31.805,1.78647,1.78681,1.00,1.30
2014.12.05 13:00:32.024,1.78649,1.78686,3.22,1.50
2014.12.05 13:00:32.125,1.78653,1.78693,1.87,1.37
2014.12.05 13:00:32.226,1.78655,1.78693,1.12,1.00
2014.12.05 13:00:32.478,1.78655,1.78697,3.47,1.00
2014.12.05 13:00:32.680,1.78656,1.78691,1.12,1.00
2014.12.05 13:00:32.932,1.78658,1.78697,1.72,1.00
2014.12.05 13:00:32.983,1.78658,1.78697,3.22,1.00
2014.12.05 13:00:33.560,1.78659,1.78702,3.22,1.12
2014.12.05 13:00:34.064,1.78664,1.78702,1.12,1.12
2014.12.05 13:00:34.641,1.78664,1.78702,1.50,1.00
2014.12.05 13:00:35.517,1.78664,1.78702,3.54,1.00
2014.12.05 13:00:35.568,1.78665,1.78704,1.12,1.00
2014.12.05 13:00:35.618,1.78665,1.78704,2.79,1.00
2014.12.05 13:00:35.669,1.78672,1.7871,1.12,1.00
2014.12.05 13:00:36.174,1.78672,1.78711,2.12,1.00
2014.12.05 13:00:36.764,1.78673,1.78712,1.12,1.00
2014.12.05 13:00:37.220,1.78673,1.78712,1.00,2.10
2014.12.05 13:00:37.425,1.7867,1.78707,1.00,1.37
2014.12.05 13:00:37.940,1.7867,1.78707,1.00,1.00
2014.12.05 13:00:38.603,1.7867,1.78706,1.00,1.00
2014.12.05 13:00:39.118,1.7867,1.78707,1.87,1.00
2014.12.05 13:00:39.632,1.7867,1.78709,1.12,1.00
2014.12.05 13:00:39.841,1.7867,1.78706,1.12,1.00
2014.12.05 13:00:40.392,1.7867,1.78707,1.87,1.00
2014.12.05 13:00:41.153,1.7867,1.78697,1.00,1.00
2014.12.05 13:00:41.380,1.7867,1.78701,1.00,1.00
2014.12.05 13:00:41.586,1.7867,1.78707,1.00,1.37
2014.12.05 13:00:41.903,1.7867,1.78701,1.00,1.00
2014.12.05 13:00:42.448,1.7867,1.78702,1.00,1.00
2014.12.05 13:00:42.915,1.78666,1.78697,1.00,1.00
2014.12.05 13:00:43.066,1.7866,1.78697,1.12,1.00
2014.12.05 13:00:43.217,1.7866,1.78697,1.30,1.00
2014.12.05 13:00:43.268,1.7866,1.78699,2.84,1.00
2014.12.05 13:00:43.369,1.7866,1.78696,2.42,1.00
2014.12.05 13:00:43.897,1.7866,1.78696,1.30,1.00
2014.12.05 13:00:44.323,1.7866,1.78699,1.30,1.00
2014.12.05 13:00:44.424,1.78661,1.78699,1.30,1.00
2014.12.05 13:00:44.942,1.78662,1.787,1.30,1.30
2014.12.05 13:00:45.184,1.78662,1.787,1.30,1.72
2014.12.05 13:00:45.335,1.78662,1.78697,1.30,1.00
2014.12.05 13:00:45.673,1.7866,1.78699,1.12,1.00
2014.12.05 13:00:45.824,1.7866,1.78699,1.00,1.37
2014.12.05 13:00:46.337,1.7866,1.78696,1.00,1.00
2014.12.05 13:00:46.438,1.78654,1.78693,1.87,1.00
2014.12.05 13:00:46.740,1.78654,1.78692,2.42,1.30
2014.12.05 13:00:47.160,1.78654,1.78689,2.42,1.00
2014.12.05 13:00:48.025,1.78654,1.78689,2.42,1.00
2014.12.05 13:00:48.890,1.78654,1.78691,2.42,1.30
2014.12.05 13:00:49.413,1.78654,1.7869,2.42,1.00
2014.12.05 13:00:50.366,1.78654,1.7869,1.35,1.00
2014.12.05 13:00:50.928,1.78654,1.78688,1.72,1.30
2014.12.05 13:00:51.438,1.78654,1.78689,1.72,1.30
2014.12.05 13:00:51.950,1.78654,1.78688,1.00,1.30
2014.12.05 13:00:52.453,1.78654,1.78687,1.00,1.30
2014.12.05 13:00:52.976,1.78654,1.78688,1.00,1.30
2014.12.05 13:00:53.956,1.78654,1.78689,1.72,1.30
2014.12.05 13:00:54.465,1.78654,1.7869,2.42,1.30
2014.12.05 13:00:54.770,1.78654,1.7869,2.42,1.30
2014.12.05 13:00:55.072,1.78654,1.78692,2.42,1.30
2014.12.05 13:00:57.822,1.78655,1.78692,1.30,1.00
2014.12.05 13:00:58.387,1.78655,1.78691,1.30,1.00
2014.12.05 13:00:59.394,1.78655,1.78692,1.30,1.00
2014.12.05 13:00:59.768,1.78655,1.78693,1.30,1.72
2014.12.05 13:00:59.919,1.78655,1.7869,1.30,1.00
2014.12.05 13:01:00.457,1.78655,1.78689,1.30,1.00
2014.12.05 13:01:00.823,1.78655,1.78687,1.30,1.00
2014.12.05 13:01:01.276,1.78655,1.7869,1.30,1.72
2014.12.05 13:01:01.629,1.78654,1.78688,1.00,1.30
2014.12.05 13:01:02.153,1.78654,1.78687,1.00,1.30
2014.12.05 13:01:02.204,1.78654,1.78689,1.72,1.30
2014.12.05 13:01:02.624,1.78654,1.78685,1.00,1.00
2014.12.05 13:01:02.825,1.7865,1.78684,1.00,1.30
2014.12.05 13:01:03.178,1.7865,1.7868,1.00,1.00
2014.12.05 13:01:03.380,1.7865,1.78683,1.00,1.30
2014.12.05 13:01:03.582,1.7865,1.78681,1.00,1.00
2014.12.05 13:01:04.103,1.7865,1.78682,1.00,1.00
2014.12.05 13:01:04.912,1.7865,1.7868,1.72,1.00
2014.12.05 13:01:05.077,1.7865,1.78684,1.72,1.43
2014.12.05 13:01:05.127,1.7865,1.78681,1.72,1.00
2014.12.05 13:01:05.483,1.7865,1.78683,1.00,1.30
2014.12.05 13:01:05.534,1.7865,1.78683,1.00,1.67
2014.12.05 13:01:06.956,1.7865,1.7868,1.00,1.00
2014.12.05 13:01:07.876,1.78646,1.7868,1.72,1.72
2014.12.05 13:01:08.330,1.78646,1.78679,2.72,1.00
2014.12.05 13:01:08.431,1.78646,1.78683,2.72,1.12
2014.12.05 13:01:08.481,1.78646,1.78681,2.72,1.30
2014.12.05 13:01:08.783,1.78649,1.7868,1.00,1.00
2014.12.05 13:01:08.934,1.78649,1.78682,1.00,1.00
2014.12.05 13:01:09.086,1.78649,1.78677,1.00,1.00
2014.12.05 13:01:09.372,1.78651,1.78687,1.72,1.72
2014.12.05 13:01:09.876,1.78648,1.78681,1.00,1.00
2014.12.05 13:01:10.430,1.78648,1.78677,1.00,1.00
2014.12.05 13:01:10.632,1.78645,1.78677,1.00,1.00
2014.12.05 13:01:10.794,1.78645,1.78677,1.30,1.00
2014.12.05 13:01:10.894,1.78645,1.78677,1.00,1.00
2014.12.05 13:01:11.785,1.78645,1.78677,1.00,1.87
2014.12.05 13:01:11.836,1.78639,1.78671,1.50,1.00
2014.12.05 13:01:12.676,1.78639,1.78671,1.00,1.37
2014.12.05 13:01:12.827,1.78636,1.78667,1.30,1.00
2014.12.05 13:01:13.595,1.78636,1.78669,1.00,1.00
2014.12.05 13:01:15.264,1.78636,1.78669,1.30,1.00
2014.12.05 13:01:15.803,1.78636,1.78669,1.00,1.00
2014.12.05 13:01:17.425,1.78634,1.78666,1.72,1.00
2014.12.05 13:01:17.951,1.78634,1.78665,1.00,1.00
2014.12.05 13:01:18.002,1.78632,1.78665,1.00,1.00
2014.12.05 13:01:18.569,1.78632,1.78665,1.30,1.12
2014.12.05 13:01:18.721,1.78632,1.78666,1.00,1.37
2014.12.05 13:01:18.922,1.78632,1.78666,2.80,1.00
2014.12.05 13:01:19.224,1.7864,1.78669,1.30,1.00
2014.12.05 13:01:19.326,1.7864,1.78677,1.72,1.00
2014.12.05 13:01:19.427,1.78644,1.78679,1.72,3.16
2014.12.05 13:01:19.477,1.78644,1.78679,2.80,2.18
2014.12.05 13:01:19.789,1.78644,1.78679,1.72,1.00
2014.12.05 13:01:20.424,1.78644,1.78679,1.30,1.00
2014.12.05 13:01:20.676,1.78644,1.78679,1.72,1.00
2014.12.05 13:01:20.882,1.78645,1.78679,1.72,1.00
2014.12.05 13:01:21.285,1.78645,1.78679,1.30,1.00
2014.12.05 13:01:21.436,1.78645,1.78676,1.00,1.30
2014.12.05 13:01:21.753,1.78644,1.78673,1.00,1.30
2014.12.05 13:01:21.854,1.78642,1.78673,1.00,1.30
2014.12.05 13:01:22.156,1.7864,1.78671,1.30,1.00
2014.12.05 13:01:22.695,1.78639,1.78671,1.30,1.12
2014.12.05 13:01:23.422,1.78638,1.78671,1.30,1.12
2014.12.05 13:01:24.664,1.78638,1.78671,1.30,1.12
2014.12.05 13:01:25.574,1.78638,1.78671,1.00,1.12
2014.12.05 13:01:26.659,1.78641,1.78675,1.72,1.37
2014.12.05 13:01:27.399,1.78641,1.78675,2.80,1.37
2014.12.05 13:01:27.787,1.78641,1.78675,2.80,1.12
2014.12.05 13:01:28.283,1.78643,1.78675,1.30,1.00
2014.12.05 13:01:28.333,1.78643,1.78679,1.72,1.00
2014.12.05 13:01:28.434,1.78648,1.78683,1.72,1.67
2014.12.05 13:01:29.065,1.78648,1.78684,2.72,1.30
2014.12.05 13:01:30.442,1.78648,1.78686,2.72,2.10
2014.12.05 13:01:31.113,1.78648,1.7868,1.00,1.30
2014.12.05 13:01:31.416,1.78644,1.78678,1.00,1.37
2014.12.05 13:01:31.567,1.78644,1.78678,1.00,1.37
2014.12.05 13:01:31.668,1.78644,1.78678,1.00,1.37
2014.12.05 13:01:32.553,1.78644,1.78678,1.00,1.87
2014.12.05 13:01:32.654,1.78644,1.78678,1.00,1.87
2014.12.05 13:01:33.006,1.78644,1.78675,1.00,1.67
2014.12.05 13:01:33.057,1.78642,1.78675,1.30,2.10
2014.12.05 13:01:33.590,1.78641,1.78673,1.00,1.35
2014.12.05 13:01:33.936,1.78639,1.78673,1.72,1.12
2014.12.05 13:01:34.316,1.78639,1.78673,1.72,1.37
2014.12.05 13:01:34.833,1.78638,1.7867,1.00,1.12
2014.12.05 13:01:35.611,1.78638,1.7867,1.30,1.12
2014.12.05 13:01:36.162,1.78638,1.7867,1.00,1.12
2014.12.05 13:01:36.811,1.78636,1.7867,1.72,1.12
2014.12.05 13:01:37.031,1.78636,1.7867,2.72,1.12
2014.12.05 13:01:37.609,1.78636,1.7867,1.72,1.12
2014.12.05 13:01:38.227,1.78636,1.7867,1.30,1.12
2014.12.05 13:01:38.944,1.78636,1.7867,2.72,1.12
2014.12.05 13:01:39.146,1.78636,1.7867,1.72,1.12
2014.12.05 13:01:40.387,1.78636,1.7867,1.30,1.87
2014.12.05 13:01:41.024,1.78636,1.7867,1.72,1.50
2014.12.05 13:01:41.125,1.78636,1.7867,1.35,1.00
2014.12.05 13:01:41.427,1.78644,1.78681,1.35,1.00
2014.12.05 13:01:41.679,1.78651,1.7869,1.72,1.87
2014.12.05 13:01:41.780,1.78654,1.7869,1.30,1.00
2014.12.05 13:01:42.132,1.78655,1.78693,1.30,1.00
2014.12.05 13:01:43.134,1.78657,1.78693,1.30,1.00
2014.12.05 13:01:43.341,1.78657,1.78693,1.30,1.00
2014.12.05 13:01:43.845,1.78657,1.78693,1.00,1.12
2014.12.05 13:01:45.187,1.78657,1.78693,1.30,1.00
2014.12.05 13:01:45.589,1.78657,1.78693,1.00,1.00
2014.12.05 13:01:45.690,1.78657,1.78688,1.30,1.00
2014.12.05 13:01:45.740,1.78656,1.78688,1.30,1.00
2014.12.05 13:01:45.942,1.78656,1.78687,1.00,1.00
2014.12.05 13:01:46.255,1.78657,1.78687,1.00,1.00
2014.12.05 13:01:46.306,1.78658,1.78692,1.30,1.00
2014.12.05 13:01:46.609,1.78658,1.78687,1.30,1.00
2014.12.05 13:01:46.811,1.78658,1.78687,1.00,1.00
2014.12.05 13:01:47.029,1.78654,1.78687,1.00,1.00
2014.12.05 13:01:47.180,1.78654,1.78682,1.00,1.00
2014.12.05 13:01:47.483,1.78654,1.78687,1.00,1.00
2014.12.05 13:01:47.634,1.78654,1.78691,1.00,1.00
2014.12.05 13:01:48.142,1.78654,1.7869,1.00,1.00
2014.12.05 13:01:49.693,1.78654,1.7869,1.00,1.37
2014.12.05 13:01:50.700,1.78654,1.7869,1.00,1.12
2014.12.05 13:01:51.213,1.78654,1.7869,1.00,1.37
2014.12.05 13:01:52.060,1.78654,1.7869,1.00,1.37
2014.12.05 13:01:52.574,1.78654,1.7869,1.00,1.37
2014.12.05 13:01:54.341,1.78654,1.78687,1.00,1.37
2014.12.05 13:01:54.643,1.78654,1.78689,1.00,1.00
2014.12.05 13:01:55.330,1.78654,1.78691,1.00,1.00
2014.12.05 13:02:00.353,1.78657,1.78694,1.00,1.00
2014.12.05 13:02:00.656,1.78661,1.78695,1.72,1.00
2014.12.05 13:02:00.757,1.78662,1.78697,1.72,1.00
2014.12.05 13:02:01.575,1.78662,1.78696,1.00,1.00
2014.12.05 13:02:02.082,1.78662,1.78697,1.00,1.00
2014.12.05 13:02:02.133,1.78664,1.78691,1.30,1.00
2014.12.05 13:02:03.039,1.78664,1.78691,1.30,1.00
2014.12.05 13:02:03.570,1.78664,1.78692,1.30,1.00
2014.12.05 13:02:03.671,1.78664,1.78697,1.30,1.00
2014.12.05 13:02:04.674,1.78664,1.78697,1.72,1.00
2014.12.05 13:02:04.832,1.78664,1.78695,1.30,1.00
2014.12.05 13:02:06.462,1.78664,1.78695,1.30,1.00
2014.12.05 13:02:07.007,1.78663,1.78695,1.30,1.37
2014.12.05 13:02:07.897,1.78663,1.78695,1.30,1.37
2014.12.05 13:02:08.927,1.78663,1.78695,1.30,1.00
2014.12.05 13:02:09.458,1.78663,1.78695,1.30,1.37
2014.12.05 13:02:09.814,1.78663,1.78692,1.30,1.00
2014.12.05 13:02:09.865,1.78661,1.78692,1.00,1.00
2014.12.05 13:02:10.362,1.78661,1.78695,1.00,1.37
2014.12.05 13:02:10.600,1.78661,1.78695,1.30,1.37
2014.12.05 13:02:11.945,1.78661,1.78695,1.72,1.37
2014.12.05 13:02:12.665,1.78661,1.78695,1.72,1.37
2014.12.05 13:02:12.817,1.78661,1.78691,1.00,1.00
2014.12.05 13:02:13.019,1.78661,1.78695,1.72,1.12
2014.12.05 13:02:13.525,1.78661,1.78695,1.30,1.12
2014.12.05 13:02:14.340,1.78661,1.78695,1.30,1.12
2014.12.05 13:02:15.019,1.78661,1.78695,1.30,1.12
2014.12.05 13:02:16.093,1.78661,1.78694,1.30,1.00
2014.12.05 13:02:16.651,1.78661,1.78694,1.72,1.00
2014.12.05 13:02:16.853,1.78661,1.78691,1.72,1.00
2014.12.05 13:02:17.476,1.78661,1.78692,1.72,1.00
2014.12.05 13:02:19.531,1.78661,1.78692,1.00,1.34
2014.12.05 13:02:19.834,1.78654,1.78684,1.50,1.00
2014.12.05 13:02:19.935,1.78654,1.78688,1.50,1.12
2014.12.05 13:02:19.985,1.78655,1.78688,1.30,1.12
2014.12.05 13:02:20.086,1.78656,1.78691,1.30,1.50
2014.12.05 13:02:20.187,1.78656,1.78687,1.30,1.00
2014.12.05 13:02:20.505,1.78659,1.78687,1.30,1.00
2014.12.05 13:02:21.032,1.78659,1.78692,1.30,1.00
2014.12.05 13:02:21.551,1.78659,1.78691,1.30,1.00
2014.12.05 13:02:21.835,1.78659,1.78691,1.72,1.00
2014.12.05 13:02:22.684,1.78659,1.78692,1.30,1.00
2014.12.05 13:02:23.735,1.78659,1.78692,1.00,1.37
2014.12.05 13:02:23.836,1.78659,1.7869,1.00,1.35
2014.12.05 13:02:23.937,1.78659,1.78682,1.00,1.00
2014.12.05 13:02:23.988,1.78658,1.78682,1.00,1.00
2014.12.05 13:02:24.139,1.78653,1.78682,1.00,1.00
2014.12.05 13:02:24.683,1.78653,1.78681,1.00,1.00
2014.12.05 13:02:25.321,1.78653,1.78687,1.00,1.87
2014.12.05 13:02:28.672,1.78653,1.78687,1.00,1.87
2014.12.05 13:02:30.090,1.78653,1.78687,1.00,1.50
2014.12.05 13:02:30.141,1.78653,1.78687,2.12,1.00
2014.12.05 13:02:30.192,1.78654,1.78691,1.50,1.50
2014.12.05 13:02:30.293,1.78659,1.78691,1.00,1.00
2014.12.05 13:02:30.822,1.78659,1.78696,3.47,1.00
2014.12.05 13:02:31.382,1.78659,1.78697,1.72,1.12
2014.12.05 13:02:31.760,1.78662,1.78697,1.30,1.00
2014.12.05 13:02:32.294,1.78664,1.78696,1.72,1.00
2014.12.05 13:02:33.132,1.78664,1.78697,1.00,1.00
2014.12.05 13:02:33.352,1.78664,1.78701,2.72,2.10
2014.12.05 13:02:33.631,1.78664,1.78702,1.00,1.87
2014.12.05 13:02:34.591,1.78665,1.78702,1.30,1.50
2014.12.05 13:02:34.894,1.78668,1.78702,1.00,1.00
2014.12.05 13:02:35.411,1.78668,1.78701,1.00,1.00
2014.12.05 13:02:35.976,1.7867,1.78701,1.00,1.00
2014.12.05 13:02:36.870,1.7867,1.78702,1.00,1.00
2014.12.05 13:02:37.640,1.7867,1.78701,1.00,1.00
2014.12.05 13:02:38.143,1.7867,1.78702,1.00,1.00
2014.12.05 13:02:38.444,1.7867,1.78697,1.00,1.00
2014.12.05 13:02:40.869,1.7867,1.78702,1.00,1.00
2014.12.05 13:02:41.050,1.7867,1.78704,1.00,1.09
2014.12.05 13:02:41.101,1.7867,1.78707,1.00,1.37
2014.12.05 13:02:41.522,1.78675,1.78707,1.30,1.00
2014.12.05 13:02:41.724,1.78675,1.78711,1.30,1.00
2014.12.05 13:02:41.926,1.78678,1.78712,1.00,1.00
2014.12.05 13:02:42.178,1.78678,1.78716,1.00,1.87
2014.12.05 13:02:44.870,1.78678,1.78717,1.00,1.87
2014.12.05 13:02:44.921,1.78678,1.78707,1.30,1.00
2014.12.05 13:02:45.927,1.78678,1.78707,1.30,1.00
2014.12.05 13:02:46.619,1.78678,1.78707,1.30,1.00
2014.12.05 13:02:46.922,1.78681,1.78707,1.72,1.00
2014.12.05 13:02:50.413,1.78681,1.78706,1.00,1.00
2014.12.05 13:02:51.054,1.78681,1.78711,1.00,1.00
2014.12.05 13:02:51.607,1.78681,1.78716,1.00,1.00
2014.12.05 13:02:53.571,1.78681,1.78717,1.00,1.00
2014.12.05 13:02:55.252,1.78681,1.78718,1.00,1.00
2014.12.05 13:02:55.926,1.78683,1.78718,2.80,1.00
2014.12.05 13:02:56.027,1.78685,1.78722,1.00,1.12
2014.12.05 13:02:56.882,1.78688,1.78724,1.72,1.37
2014.12.05 13:02:57.824,1.78689,1.78724,1.50,1.37
2014.12.05 13:02:58.041,1.78689,1.78724,2.72,1.37
2014.12.05 13:02:58.598,1.78689,1.78724,1.72,1.00
2014.12.05 13:02:59.122,1.78689,1.78724,1.30,1.00
2014.12.05 13:02:59.745,1.78689,1.78724,2.72,1.00
2014.12.05 13:03:00.690,1.78689,1.78721,1.00,1.00
2014.12.05 13:03:00.892,1.78686,1.78718,1.30,1.00
2014.12.05 13:03:01.431,1.78684,1.78718,1.12,1.00
2014.12.05 13:03:03.380,1.78684,1.78717,1.12,1.00
2014.12.05 13:03:03.914,1.78684,1.78716,1.00,1.00
2014.12.05 13:03:04.021,1.78684,1.78718,1.00,1.00
2014.12.05 13:03:04.532,1.78684,1.78718,2.10,1.00
2014.12.05 13:03:05.066,1.78684,1.78718,1.50,1.00
2014.12.05 13:03:06.160,1.78684,1.78717,1.00,1.00
2014.12.05 13:03:06.722,1.78684,1.78718,1.00,1.72
2014.12.05 13:03:06.880,1.78684,1.78716,1.00,1.00
2014.12.05 13:03:07.132,1.78684,1.78718,1.00,1.00
2014.12.05 13:03:07.803,1.78684,1.78718,1.30,1.00
2014.12.05 13:03:08.242,1.78684,1.78718,1.72,1.00
2014.12.05 13:03:11.147,1.78684,1.78718,1.30,1.00
2014.12.05 13:03:14.216,1.78684,1.78718,2.42,1.00
2014.12.05 13:03:14.266,1.78684,1.78721,1.72,1.00
2014.12.05 13:03:14.520,1.78686,1.78721,2.42,1.00
2014.12.05 13:03:14.721,1.78693,1.78728,1.72,1.00
2014.12.05 13:03:14.923,1.78694,1.78728,1.12,1.00
2014.12.05 13:03:15.381,1.78694,1.78728,1.12,1.00
2014.12.05 13:03:16.471,1.78694,1.78728,3.10,1.00
2014.12.05 13:03:16.572,1.78694,1.78728,2.10,1.00
2014.12.05 13:03:17.017,1.78693,1.78726,1.37,1.00
2014.12.05 13:03:17.550,1.78693,1.78726,2.10,1.00
2014.12.05 13:03:17.920,1.78693,1.78726,2.35,1.00
2014.12.05 13:03:18.350,1.78693,1.78726,2.10,1.00
2014.12.05 13:03:18.452,1.78693,1.78722,1.00,1.00
2014.12.05 13:03:18.654,1.7869,1.78722,1.72,1.00
2014.12.05 13:03:18.805,1.7869,1.78721,2.72,1.00
2014.12.05 13:03:18.906,1.7869,1.78721,1.72,1.00
2014.12.05 13:03:19.359,1.78685,1.78717,1.00,1.00
2014.12.05 13:03:20.447,1.78685,1.78719,1.00,1.00
2014.12.05 13:03:21.075,1.78685,1.78719,1.37,1.00
2014.12.05 13:03:25.223,1.78685,1.78719,2.42,1.00
2014.12.05 13:03:25.556,1.78687,1.78719,1.30,1.00
2014.12.05 13:03:25.987,1.78687,1.78719,1.72,1.00
2014.12.05 13:03:27.512,1.78687,1.78719,1.30,1.00
2014.12.05 13:03:28.164,1.78685,1.78719,2.10,1.00
2014.12.05 13:03:29.421,1.78685,1.78719,1.00,1.00
2014.12.05 13:03:29.472,1.78682,1.78716,1.37,1.00
2014.12.05 13:03:29.825,1.78683,1.78716,1.30,1.00
2014.12.05 13:03:29.926,1.78683,1.78716,1.30,1.00
2014.12.05 13:03:30.316,1.78685,1.78716,1.35,1.00
2014.12.05 13:03:30.469,1.78686,1.78724,1.50,1.72
2014.12.05 13:03:30.973,1.78686,1.78723,3.47,1.30
2014.12.05 13:03:31.225,1.78686,1.78721,1.00,1.00
2014.12.05 13:03:31.377,1.78686,1.7872,1.00,1.00
2014.12.05 13:03:31.881,1.78686,1.78719,1.00,1.30
2014.12.05 13:03:32.033,1.78682,1.78716,1.00,1.00
2014.12.05 13:03:34.043,1.78679,1.78711,1.87,1.00
2014.12.05 13:03:34.597,1.78679,1.78711,1.67,1.00
2014.12.05 13:03:35.192,1.78679,1.78711,2.85,1.00
2014.12.05 13:03:36.019,1.78679,1.78711,2.80,1.12
2014.12.05 13:03:36.221,1.78672,1.78706,1.00,1.37
2014.12.05 13:03:36.321,1.78669,1.78701,1.72,1.00
2014.12.05 13:03:36.749,1.78669,1.78701,1.30,1.00
2014.12.05 13:03:37.105,1.78672,1.78706,1.12,1.00
2014.12.05 13:03:37.206,1.78672,1.78706,2.42,1.00
2014.12.05 13:03:37.408,1.78672,1.78706,2.10,1.00
2014.12.05 13:03:37.714,1.78672,1.78706,1.00,1.12
2014.12.05 13:03:37.765,1.78668,1.78702,1.87,1.00
2014.12.05 13:03:38.067,1.78668,1.78702,1.30,1.00
2014.12.05 13:03:39.594,1.78668,1.78702,1.30,1.00
2014.12.05 13:03:40.165,1.78668,1.78702,1.72,1.00
2014.12.05 13:03:42.190,1.78668,1.78697,1.30,1.00
2014.12.05 13:03:42.544,1.78665,1.78697,1.30,1.00
2014.12.05 13:03:42.764,1.78665,1.78697,1.00,1.00
2014.12.05 13:03:42.865,1.78665,1.78697,1.30,1.00
2014.12.05 13:03:43.066,1.78665,1.78687,1.30,1.00
2014.12.05 13:03:43.117,1.78663,1.78687,1.00,1.12
2014.12.05 13:03:43.168,1.78654,1.78687,1.37,1.12
2014.12.05 13:03:43.218,1.78654,1.78687,1.00,1.37
2014.12.05 13:03:43.319,1.78648,1.78682,1.00,1.00
2014.12.05 13:03:43.370,1.78644,1.78678,1.50,1.00
2014.12.05 13:03:43.689,1.78643,1.78674,1.00,1.00
2014.12.05 13:03:43.843,1.7864,1.78674,1.12,1.00
2014.12.05 13:03:44.100,1.7864,1.78674,2.12,1.00
2014.12.05 13:03:44.411,1.7864,1.78674,1.12,1.00
2014.12.05 13:03:45.553,1.7864,1.78674,1.37,1.00
2014.12.05 13:03:45.855,1.78643,1.78678,2.12,1.00
2014.12.05 13:03:46.589,1.78649,1.78678,1.00,1.00
2014.12.05 13:03:46.741,1.78649,1.78678,1.30,1.00
2014.12.05 13:03:46.843,1.78649,1.78678,1.00,1.00
2014.12.05 13:03:47.377,1.78649,1.78678,1.00,1.00
2014.12.05 13:03:47.589,1.78649,1.78678,1.30,1.00
2014.12.05 13:03:47.810,1.78649,1.78678,1.00,1.00
2014.12.05 13:03:48.562,1.78649,1.78678,1.30,1.00
2014.12.05 13:03:48.613,1.78644,1.78678,1.37,1.00
2014.12.05 13:03:49.296,1.78644,1.78682,1.00,1.00
2014.12.05 13:03:49.347,1.78645,1.78682,1.12,1.00
2014.12.05 13:03:49.650,1.78653,1.78692,1.00,1.50
2014.12.05 13:03:49.851,1.78653,1.78687,2.35,1.00
2014.12.05 13:03:51.318,1.78653,1.78692,1.00,1.12
2014.12.05 13:03:51.837,1.78658,1.78692,1.50,1.00
2014.12.05 13:03:52.508,1.78658,1.78692,2.80,1.00
2014.12.05 13:03:53.228,1.78658,1.78692,2.80,1.00
2014.12.05 13:03:53.579,1.78658,1.78692,2.72,1.00
2014.12.05 13:03:53.932,1.78658,1.78692,1.30,1.00
2014.12.05 13:03:54.033,1.78659,1.78696,1.00,1.00
2014.12.05 13:03:54.084,1.78663,1.78696,1.30,1.00
2014.12.05 13:03:54.318,1.78663,1.78696,1.00,1.00
2014.12.05 13:03:56.250,1.78663,1.787,1.00,1.00
2014.12.05 13:03:57.265,1.78666,1.78705,1.00,1.00
2014.12.05 13:03:57.467,1.78671,1.78707,1.00,1.00
2014.12.05 13:03:57.668,1.78674,1.78713,1.00,1.12
2014.12.05 13:03:58.172,1.78674,1.78712,1.00,1.00
2014.12.05 13:03:58.323,1.78673,1.78707,1.00,1.00
2014.12.05 13:03:59.520,1.78673,1.78707,1.37,1.00
2014.12.05 13:03:59.874,1.78671,1.78703,1.00,1.00
2014.12.05 13:04:00.549,1.78666,1.78697,1.00,1.67
2014.12.05 13:04:00.750,1.78658,1.78692,1.50,1.00
2014.12.05 13:04:00.902,1.78658,1.78692,1.00,1.00
2014.12.05 13:04:01.057,1.78658,1.78692,1.50,1.00
2014.12.05 13:04:01.108,1.78658,1.78695,1.50,1.00
2014.12.05 13:04:02.354,1.78663,1.78695,1.50,1.00
2014.12.05 13:04:02.862,1.78663,1.78696,2.50,1.30
2014.12.05 13:04:02.913,1.78665,1.78699,1.50,1.72
2014.12.05 13:04:03.064,1.78667,1.78703,1.00,1.30
2014.12.05 13:04:03.366,1.78671,1.7871,1.00,1.37
2014.12.05 13:04:03.669,1.78678,1.7871,1.00,1.00
2014.12.05 13:04:03.770,1.78678,1.7871,1.00,1.37
2014.12.05 13:04:03.921,1.78678,1.7871,1.00,1.12
2014.12.05 13:04:04.072,1.78676,1.7871,1.00,1.72
2014.12.05 13:04:04.552,1.78676,1.78709,1.00,1.67
2014.12.05 13:04:05.498,1.78676,1.78709,1.00,1.30
2014.12.05 13:04:05.817,1.78676,1.78709,1.00,1.30
2014.12.05 13:04:05.867,1.78676,1.78708,1.00,1.30
2014.12.05 13:04:05.968,1.78676,1.78705,1.00,1.30
2014.12.05 13:04:06.399,1.78676,1.78705,1.00,1.30
2014.12.05 13:04:06.529,1.78676,1.78708,1.00,1.30
2014.12.05 13:04:06.850,1.78676,1.78709,1.00,1.35
2014.12.05 13:04:07.052,1.78673,1.78705,1.50,1.00
2014.12.05 13:04:07.521,1.78673,1.78702,1.50,1.30
2014.12.05 13:04:07.622,1.78669,1.78702,1.00,2.10
2014.12.05 13:04:08.240,1.78669,1.78702,1.00,1.72
2014.12.05 13:04:08.615,1.78669,1.78702,1.30,1.00
2014.12.05 13:04:08.917,1.78673,1.78707,2.72,1.00
2014.12.05 13:04:09.720,1.78673,1.78707,2.47,1.00
2014.12.05 13:04:10.646,1.78673,1.78704,1.00,1.00
2014.12.05 13:04:10.696,1.7867,1.78704,1.00,1.50
2014.12.05 13:04:10.747,1.78668,1.78701,1.72,1.00
2014.12.05 13:04:11.051,1.78669,1.78701,1.72,1.00
2014.12.05 13:04:11.102,1.7867,1.78706,2.47,1.00
2014.12.05 13:04:11.605,1.7867,1.78706,3.59,1.00
2014.12.05 13:04:12.179,1.7867,1.78706,3.92,1.00
2014.12.05 13:04:12.869,1.7867,1.78706,3.22,1.00
2014.12.05 13:04:13.330,1.7867,1.78706,2.80,1.00
2014.12.05 13:04:13.632,1.78671,1.78708,1.00,1.00
2014.12.05 13:04:22.099,1.78673,1.78708,1.50,1.00
2014.12.05 13:04:23.027,1.78673,1.78708,1.72,1.00
2014.12.05 13:04:24.305,1.78673,1.78706,1.30,1.00
2014.12.05 13:04:24.456,1.78673,1.78706,1.30,1.00
2014.12.05 13:04:25.209,1.78673,1.78706,1.30,1.00
2014.12.05 13:04:25.964,1.78673,1.78706,1.30,1.00
2014.12.05 13:04:26.191,1.78673,1.78706,1.30,1.00
2014.12.05 13:04:26.393,1.78673,1.78709,3.22,1.12
2014.12.05 13:04:26.645,1.78677,1.78709,1.72,1.12
2014.12.05 13:04:26.828,1.78677,1.78709,1.72,1.12
2014.12.05 13:04:27.208,1.78677,1.78709,1.72,1.00
2014.12.05 13:04:27.510,1.78677,1.78709,1.30,1.00
2014.12.05 13:04:27.611,1.7868,1.78716,1.30,1.00
2014.12.05 13:04:27.712,1.78683,1.78719,1.72,1.00
2014.12.05 13:04:27.863,1.78683,1.78719,2.80,1.00
2014.12.05 13:04:28.626,1.78685,1.78719,1.50,1.00
2014.12.05 13:04:29.044,1.78685,1.78719,1.72,1.00
2014.12.05 13:04:29.580,1.78685,1.78719,3.47,1.00
2014.12.05 13:04:30.922,1.78685,1.78719,3.22,1.00
2014.12.05 13:04:31.257,1.78688,1.78719,1.00,1.00
2014.12.05 13:04:31.342,1.78688,1.78719,1.00,1.00
2014.12.05 13:04:31.561,1.78689,1.78719,1.00,1.00
2014.12.05 13:04:31.929,1.78689,1.78719,1.30,1.00
2014.12.05 13:04:32.466,1.78688,1.78719,1.00,1.00
2014.12.05 13:04:34.531,1.78686,1.78719,1.30,1.00
2014.12.05 13:04:35.045,1.78685,1.78719,1.72,1.00
2014.12.05 13:04:35.096,1.78685,1.78719,2.72,1.00
2014.12.05 13:04:36.332,1.78685,1.78719,1.72,1.00
2014.12.05 13:04:36.533,1.78688,1.78723,1.50,1.37
2014.12.05 13:04:36.786,1.78688,1.78723,2.72,2.10
2014.12.05 13:04:37.108,1.78685,1.78717,1.72,1.00
2014.12.05 13:04:37.916,1.78685,1.78717,1.30,1.00
2014.12.05 13:04:38.319,1.78685,1.78717,3.17,1.00
2014.12.05 13:04:38.622,1.78688,1.78721,1.50,1.00
2014.12.05 13:04:39.445,1.78688,1.78721,2.72,1.00
2014.12.05 13:04:39.596,1.78688,1.78721,1.00,1.37
2014.12.05 13:04:40.121,1.78688,1.78718,1.00,1.00
2014.12.05 13:04:40.171,1.78686,1.78718,1.30,1.00
2014.12.05 13:04:40.272,1.78686,1.78718,1.00,1.00
2014.12.05 13:04:40.575,1.78688,1.78718,1.00,1.00
2014.12.05 13:04:40.776,1.78689,1.78721,1.72,1.00
2014.12.05 13:04:41.390,1.78689,1.78721,1.72,1.00
2014.12.05 13:04:41.920,1.78689,1.78721,2.72,1.00
2014.12.05 13:04:42.259,1.78689,1.78721,2.47,1.00
2014.12.05 13:04:42.360,1.78689,1.78717,1.72,1.00
2014.12.05 13:04:42.612,1.78673,1.78705,1.50,1.37
2014.12.05 13:04:42.915,1.78673,1.78702,1.00,1.75
2014.12.05 13:04:43.016,1.78668,1.78697,1.00,1.37
2014.12.05 13:04:43.121,1.78663,1.78695,1.00,1.00
2014.12.05 13:04:43.716,1.78663,1.78695,2.80,1.00
2014.12.05 13:04:43.767,1.78663,1.78699,1.72,1.00
2014.12.05 13:04:43.968,1.78666,1.78705,1.72,1.37
2014.12.05 13:04:44.321,1.78666,1.78702,2.80,1.37
2014.12.05 13:04:44.841,1.78666,1.78702,1.30,1.37
2014.12.05 13:04:45.016,1.78666,1.78702,1.30,1.12
2014.12.05 13:04:45.659,1.78666,1.78699,1.30,1.00
2014.12.05 13:04:46.167,1.78666,1.78699,1.30,1.00
2014.12.05 13:04:46.681,1.78666,1.78699,1.30,1.00
2014.12.05 13:04:46.732,1.78666,1.78699,1.30,1.00
2014.12.05 13:04:47.251,1.78666,1.78699,1.30,1.00
2014.12.05 13:04:47.654,1.78665,1.78699,1.00,1.00
2014.12.05 13:04:48.176,1.78665,1.78699,1.30,1.00
2014.12.05 13:04:48.398,1.78665,1.78699,1.30,1.00
2014.12.05 13:04:49.096,1.78665,1.78699,1.30,1.00
2014.12.05 13:04:49.605,1.78665,1.78699,2.42,1.00
2014.12.05 13:04:50.109,1.78666,1.78699,1.30,1.00
2014.12.05 13:04:50.645,1.78667,1.78699,1.30,1.00
2014.12.05 13:04:51.455,1.78667,1.78699,1.30,1.00
2014.12.05 13:04:51.869,1.78669,1.78699,1.30,1.00
2014.12.05 13:04:52.383,1.78669,1.78699,1.30,1.00
2014.12.05 13:04:55.086,1.78669,1.78699,1.30,1.00
2014.12.05 13:04:55.187,1.78669,1.78705,2.42,1.00
2014.12.05 13:04:55.693,1.78669,1.78706,2.42,1.00
2014.12.05 13:04:56.200,1.78669,1.78706,1.30,1.00
2014.12.05 13:04:56.547,1.78669,1.78703,1.30,1.00
2014.12.05 13:04:58.960,1.78669,1.78705,1.30,1.00
2014.12.05 13:04:59.569,1.78669,1.78705,1.00,1.00
2014.12.05 13:05:00.278,1.7867,1.78705,1.30,1.00
2014.12.05 13:05:00.627,1.78673,1.78705,2.72,1.00
2014.12.05 13:05:00.936,1.78677,1.78709,1.50,1.00
2014.12.05 13:05:01.037,1.78686,1.78717,1.30,1.37
2014.12.05 13:05:01.155,1.78688,1.78726,1.72,1.37
2014.12.05 13:05:01.256,1.78688,1.78726,1.72,1.00
2014.12.05 13:05:01.357,1.78691,1.7873,2.72,1.00
2014.12.05 13:05:01.660,1.78696,1.7873,1.50,1.00
2014.12.05 13:05:01.811,1.78698,1.78737,2.50,1.00
2014.12.05 13:05:02.965,1.78698,1.78737,4.22,1.00
2014.12.05 13:05:03.454,1.78702,1.7874,1.12,1.00
2014.12.05 13:05:03.876,1.78702,1.78737,1.00,1.00
2014.12.05 13:05:05.376,1.78702,1.78737,1.00,1.00
2014.12.05 13:05:05.920,1.78702,1.78737,1.50,1.00
2014.12.05 13:05:09.446,1.78702,1.78737,2.85,1.00
2014.12.05 13:05:09.647,1.78703,1.78737,1.50,1.00
2014.12.05 13:05:09.748,1.78703,1.7874,3.09,1.00
2014.12.05 13:05:10.252,1.78706,1.7874,1.12,1.00
2014.12.05 13:05:10.453,1.78706,1.7874,2.49,1.00
2014.12.05 13:05:10.655,1.78709,1.78748,2.87,1.00
2014.12.05 13:05:14.681,1.78709,1.78744,1.12,1.00
2014.12.05 13:05:15.862,1.78709,1.78744,2.10,1.00
2014.12.05 13:05:16.173,1.78711,1.78748,2.12,1.00
2014.12.05 13:05:16.492,1.78714,1.78748,1.72,1.00
2014.12.05 13:05:17.049,1.78714,1.78748,1.00,1.00
2014.12.05 13:05:18.789,1.78714,1.78748,1.00,1.00
2014.12.05 13:05:19.119,1.78714,1.78748,1.00,1.00
2014.12.05 13:05:19.569,1.78714,1.78748,2.72,1.00
2014.12.05 13:05:19.670,1.78714,1.78748,1.00,1.00
2014.12.05 13:05:19.878,1.78714,1.78748,1.00,1.00
2014.12.05 13:05:20.139,1.78714,1.78748,1.00,1.00
2014.12.05 13:05:20.670,1.78714,1.78748,1.00,1.00
2014.12.05 13:05:22.419,1.78714,1.78748,1.00,1.00
2014.12.05 13:05:22.858,1.78714,1.78748,1.00,1.00
2014.12.05 13:05:23.412,1.78714,1.78748,1.00,1.00
2014.12.05 13:05:24.067,1.78714,1.78748,1.00,1.00
2014.12.05 13:05:24.838,1.78714,1.78748,2.12,1.00
2014.12.05 13:05:24.949,1.78715,1.78748,1.12,1.00
2014.12.05 13:05:26.860,1.78715,1.78748,1.00,1.00
2014.12.05 13:05:27.589,1.78715,1.78748,2.12,1.00
2014.12.05 13:05:27.722,1.78715,1.78748,1.00,1.00
2014.12.05 13:05:28.050,1.78715,1.78748,2.12,1.00
2014.12.05 13:05:32.354,1.78723,1.78748,1.00,1.00
2014.12.05 13:05:32.405,1.78723,1.78753,1.00,1.00
2014.12.05 13:05:33.318,1.78728,1.78753,1.30,1.00
2014.12.05 13:05:33.421,1.78734,1.7876,1.00,1.00
2014.12.05 13:05:33.572,1.78733,1.7876,1.12,1.00
2014.12.05 13:05:34.127,1.78733,1.7876,1.00,1.00
2014.12.05 13:05:34.328,1.78733,1.7876,1.30,1.00
2014.12.05 13:05:35.809,1.78733,1.7876,1.00,1.00
2014.12.05 13:05:36.257,1.78733,1.78756,1.00,1.00
2014.12.05 13:05:36.358,1.7873,1.78756,1.30,1.00
2014.12.05 13:05:36.509,1.78728,1.78756,1.00,1.00
2014.12.05 13:05:36.812,1.78728,1.7876,1.00,1.00
2014.12.05 13:05:36.862,1.78729,1.7876,1.00,1.00
2014.12.05 13:05:38.005,1.78729,1.78763,2.72,1.00
2014.12.05 13:05:38.159,1.78729,1.78763,1.00,1.00
2014.12.05 13:05:43.476,1.78729,1.78762,1.00,1.50
2014.12.05 13:05:43.627,1.78722,1.78756,1.00,1.12
2014.12.05 13:05:43.829,1.78719,1.78753,1.00,1.00
2014.12.05 13:05:44.407,1.78719,1.78749,1.00,1.00
2014.12.05 13:05:45.188,1.78718,1.78749,1.00,1.00
2014.12.05 13:05:45.847,1.78715,1.78749,1.12,1.00
2014.12.05 13:05:46.800,1.78715,1.78752,2.12,1.00
2014.12.05 13:05:47.393,1.78715,1.7875,2.12,1.00
2014.12.05 13:05:47.595,1.78715,1.78752,2.12,1.00
2014.12.05 13:05:48.227,1.78715,1.78749,2.87,1.00
2014.12.05 13:05:50.315,1.78715,1.78753,2.62,1.00
2014.12.05 13:05:50.618,1.7872,1.78753,1.12,1.00
2014.12.05 13:05:50.669,1.7872,1.78758,2.50,1.00
2014.12.05 13:05:50.770,1.7872,1.78753,1.00,1.00
2014.12.05 13:05:50.921,1.78719,1.78753,1.00,1.00
2014.12.05 13:05:52.074,1.78719,1.78748,1.00,1.00
2014.12.05 13:05:53.367,1.78718,1.78748,1.00,1.00
2014.12.05 13:05:53.897,1.78718,1.78748,1.00,1.00
2014.12.05 13:05:54.447,1.78718,1.78748,1.00,1.00
2014.12.05 13:05:57.617,1.78718,1.78748,1.00,1.00
2014.12.05 13:05:57.721,1.78718,1.78752,1.00,1.00
2014.12.05 13:05:59.127,1.78719,1.78752,1.30,1.00
2014.12.05 13:05:59.228,1.78719,1.78754,1.30,1.00
2014.12.05 13:05:59.915,1.78719,1.78754,1.00,1.00
2014.12.05 13:06:01.347,1.78719,1.78757,2.72,1.30
2014.12.05 13:06:01.764,1.78719,1.78753,1.00,1.00
2014.12.05 13:06:01.815,1.78719,1.78753,1.00,1.00
2014.12.05 13:06:01.916,1.78719,1.78753,1.00,1.00
2014.12.05 13:06:02.218,1.78723,1.78758,1.00,1.50
2014.12.05 13:06:02.521,1.78723,1.78755,1.00,1.00
2014.12.05 13:06:02.572,1.78724,1.78759,2.72,1.00
2014.12.05 13:06:03.126,1.78728,1.78759,1.00,1.00
2014.12.05 13:06:03.378,1.78728,1.78759,1.30,1.00
2014.12.05 13:06:04.342,1.78728,1.78759,1.00,1.00
2014.12.05 13:06:06.875,1.78728,1.78759,1.72,1.00
2014.12.05 13:06:07.955,1.78728,1.78759,1.30,1.00
2014.12.05 13:06:08.315,1.78729,1.78759,1.00,1.00
2014.12.05 13:06:12.831,1.78729,1.78759,1.00,1.37
2014.12.05 13:06:13.133,1.7872,1.78751,1.43,1.00
2014.12.05 13:06:13.435,1.78718,1.78751,1.00,1.00
2014.12.05 13:06:13.536,1.78718,1.78747,1.00,1.00
2014.12.05 13:06:16.218,1.78715,1.78747,1.00,1.00
2014.12.05 13:06:16.571,1.78715,1.78747,1.00,1.00
2014.12.05 13:06:16.873,1.78715,1.78741,1.00,1.00
2014.12.05 13:06:17.075,1.78715,1.78746,1.00,1.00
2014.12.05 13:06:17.646,1.78715,1.78746,1.30,1.00
2014.12.05 13:06:17.937,1.78715,1.78746,1.72,1.00
2014.12.05 13:06:18.775,1.78715,1.78746,1.00,1.00
2014.12.05 13:06:19.068,1.78718,1.78746,1.00,1.00
2014.12.05 13:06:19.371,1.78718,1.78746,1.00,1.00
2014.12.05 13:06:19.895,1.78717,1.78746,1.30,1.00
2014.12.05 13:06:19.946,1.78715,1.78746,1.30,1.00
2014.12.05 13:06:20.098,1.78715,1.78746,1.00,1.00
2014.12.05 13:06:22.085,1.78719,1.78746,1.00,1.00
2014.12.05 13:06:22.587,1.78719,1.78746,1.00,1.00
2014.12.05 13:06:23.169,1.78719,1.78746,1.00,1.00
2014.12.05 13:06:26.339,1.78718,1.78746,1.00,1.00
2014.12.05 13:06:26.567,1.78718,1.78746,1.00,1.00
2014.12.05 13:06:26.897,1.78718,1.78746,1.00,1.00
2014.12.05 13:06:27.798,1.78718,1.78746,1.00,1.00
2014.12.05 13:06:27.949,1.78718,1.78751,1.00,1.00
2014.12.05 13:06:32.658,1.78719,1.78751,1.00,1.00
2014.12.05 13:06:35.367,1.78718,1.78751,1.00,1.00
2014.12.05 13:06:35.850,1.78718,1.78751,1.00,1.00
2014.12.05 13:06:35.952,1.78718,1.7875,1.00,1.67
2014.12.05 13:06:36.103,1.78718,1.78747,1.00,1.00
2014.12.05 13:06:36.153,1.78713,1.78747,1.50,1.12
2014.12.05 13:06:37.594,1.78713,1.78747,1.00,1.00
2014.12.05 13:06:38.110,1.78714,1.78747,1.00,1.00
2014.12.05 13:06:38.619,1.78714,1.78747,2.35,1.00
2014.12.05 13:06:38.923,1.78716,1.78747,1.12,1.00
2014.12.05 13:06:40.208,1.78719,1.78747,1.00,1.00
2014.12.05 13:06:40.905,1.78719,1.78747,1.00,1.00
2014.12.05 13:06:41.057,1.78719,1.78751,1.00,1.00
2014.12.05 13:06:41.107,1.78724,1.78751,1.00,1.00
2014.12.05 13:06:41.338,1.78723,1.78751,1.00,1.00
2014.12.05 13:06:42.108,1.78723,1.78751,1.00,1.00
2014.12.05 13:06:43.768,1.78723,1.78751,1.00,1.00
2014.12.05 13:06:44.945,1.78723,1.78751,1.00,1.00
2014.12.05 13:06:45.596,1.78724,1.78751,1.00,1.00
2014.12.05 13:06:45.848,1.78724,1.78751,1.00,1.00
2014.12.05 13:06:47.839,1.78723,1.78751,1.00,1.00
2014.12.05 13:06:48.293,1.78723,1.78747,1.00,1.00
2014.12.05 13:06:50.150,1.78724,1.78747,1.00,1.00
2014.12.05 13:06:50.200,1.78724,1.78752,1.00,1.00
2014.12.05 13:06:50.251,1.78728,1.78752,1.00,1.00
2014.12.05 13:06:50.301,1.78728,1.78755,1.00,1.00
2014.12.05 13:06:50.352,1.78728,1.78755,1.00,1.00
2014.12.05 13:06:50.402,1.78728,1.78749,1.00,1.00
2014.12.05 13:06:50.503,1.78728,1.78755,1.00,1.00
2014.12.05 13:06:50.720,1.78728,1.7876,1.00,1.00
2014.12.05 13:06:50.821,1.78729,1.78764,1.72,1.00
2014.12.05 13:06:51.256,1.78734,1.78764,1.00,1.00
2014.12.05 13:06:51.357,1.78733,1.78764,1.00,1.00
2014.12.05 13:06:51.463,1.7873,1.78764,1.00,1.00
2014.12.05 13:06:51.701,1.7873,1.78764,1.00,1.00
2014.12.05 13:06:52.359,1.7873,1.7876,1.00,1.00
2014.12.05 13:06:53.563,1.78729,1.7876,1.30,1.00
2014.12.05 13:06:53.678,1.78729,1.7876,1.00,1.00
2014.12.05 13:06:57.106,1.78729,1.7876,1.00,1.00
2014.12.05 13:06:57.308,1.78733,1.78765,1.00,1.00
2014.12.05 13:06:57.783,1.78733,1.78762,1.00,1.00
2014.12.05 13:06:57.834,1.78733,1.78762,1.00,1.00
2014.12.05 13:06:59.063,1.78733,1.78762,1.00,1.00
2014.12.05 13:06:59.415,1.78739,1.78775,1.00,1.00
2014.12.05 13:06:59.617,1.78743,1.78775,1.00,1.00
2014.12.05 13:06:59.919,1.78749,1.78775,1.00,1.00
2014.12.05 13:07:00.523,1.78749,1.78782,1.00,1.00
2014.12.05 13:07:01.480,1.78753,1.78782,1.00,1.00
2014.12.05 13:07:02.169,1.78753,1.78782,1.00,1.00
2014.12.05 13:07:03.425,1.78753,1.78781,1.00,1.30
2014.12.05 13:07:03.526,1.78753,1.78779,1.00,1.30
2014.12.05 13:07:03.577,1.78748,1.78776,1.00,1.00
2014.12.05 13:07:03.980,1.78748,1.78779,1.00,1.00
2014.12.05 13:07:04.030,1.78748,1.78779,1.00,1.00
2014.12.05 13:07:04.650,1.78748,1.78779,1.00,1.00
2014.12.05 13:07:05.162,1.78749,1.78779,1.00,1.00
2014.12.05 13:07:05.465,1.78748,1.78779,1.00,1.00
2014.12.05 13:07:05.934,1.78748,1.78782,1.00,1.72
2014.12.05 13:07:06.876,1.78748,1.78782,1.00,1.00
2014.12.05 13:07:09.165,1.78748,1.7878,1.00,1.37
2014.12.05 13:07:09.266,1.78748,1.7878,1.00,1.00
2014.12.05 13:07:09.620,1.78753,1.78779,1.00,1.00
2014.12.05 13:07:12.458,1.78753,1.78779,1.00,1.00
2014.12.05 13:07:12.677,1.78754,1.78779,1.00,1.00
2014.12.05 13:07:15.646,1.78753,1.78779,1.00,1.00
2014.12.05 13:07:16.574,1.78754,1.78779,1.00,1.00
2014.12.05 13:07:17.447,1.78753,1.78779,1.00,1.00
2014.12.05 13:07:17.982,1.78749,1.78779,1.00,1.00
2014.12.05 13:07:18.083,1.78749,1.78779,1.00,1.00
2014.12.05 13:07:18.385,1.78753,1.78779,1.00,1.00
2014.12.05 13:07:19.580,1.78753,1.78781,1.00,1.00
2014.12.05 13:07:19.936,1.78753,1.78781,1.00,1.00
2014.12.05 13:07:23.128,1.78749,1.78781,1.00,1.00
2014.12.05 13:07:23.374,1.78749,1.78781,1.00,1.00
2014.12.05 13:07:23.929,1.78749,1.7878,1.00,1.30
2014.12.05 13:07:24.385,1.78754,1.78781,1.00,1.00
2014.12.05 13:07:24.606,1.78749,1.78781,1.50,1.00
2014.12.05 13:07:25.796,1.78749,1.78781,1.00,1.00
2014.12.05 13:07:27.635,1.78749,1.78781,1.00,1.00
2014.12.05 13:07:28.107,1.78749,1.78781,1.00,1.00
2014.12.05 13:07:28.332,1.78749,1.78781,1.00,1.00
2014.12.05 13:07:28.433,1.78749,1.78781,1.00,1.00
2014.12.05 13:07:28.885,1.78749,1.78781,1.00,1.00
2014.12.05 13:07:35.055,1.78749,1.78781,1.00,1.00
2014.12.05 13:07:35.568,1.78749,1.78781,1.00,1.00
2014.12.05 13:07:35.948,1.78753,1.78786,2.72,1.00
2014.12.05 13:07:36.251,1.78758,1.7879,1.00,1.37
2014.12.05 13:07:36.352,1.78758,1.7879,1.00,1.00
2014.12.05 13:07:36.402,1.78763,1.78793,1.00,1.12
2014.12.05 13:07:36.503,1.78763,1.78793,1.72,1.12
2014.12.05 13:07:36.705,1.78763,1.78793,1.00,1.00
2014.12.05 13:07:36.856,1.78763,1.78797,1.00,1.00
2014.12.05 13:07:37.364,1.78763,1.78797,2.47,1.00
2014.12.05 13:07:37.566,1.78763,1.78797,1.00,1.00
2014.12.05 13:07:38.138,1.78763,1.78797,1.50,2.47
2014.12.05 13:07:38.290,1.78763,1.78791,1.00,1.00
2014.12.05 13:07:38.910,1.78759,1.78791,1.72,1.00
2014.12.05 13:07:39.685,1.78759,1.78786,1.00,1.30
2014.12.05 13:07:39.786,1.78757,1.78786,1.00,1.30
2014.12.05 13:07:39.837,1.78753,1.78782,1.00,1.00
2014.12.05 13:07:40.143,1.78754,1.78782,1.00,1.00
2014.12.05 13:07:40.446,1.78758,1.78782,1.00,1.00
2014.12.05 13:07:40.799,1.78758,1.78782,1.00,1.00
2014.12.05 13:07:41.646,1.78758,1.78782,1.00,1.00
2014.12.05 13:07:41.898,1.78758,1.78782,1.00,1.00
2014.12.05 13:07:42.803,1.78758,1.78778,1.00,1.00
2014.12.05 13:07:42.854,1.78754,1.78778,1.00,1.00
2014.12.05 13:07:43.005,1.78754,1.78783,1.00,1.72
2014.12.05 13:07:43.106,1.78754,1.78783,1.00,1.00
2014.12.05 13:07:43.647,1.78758,1.78785,1.00,1.00
2014.12.05 13:07:44.879,1.78758,1.7879,1.00,1.00
2014.12.05 13:07:45.182,1.78758,1.78788,1.00,1.30
2014.12.05 13:07:45.283,1.78758,1.78784,1.00,1.00
2014.12.05 13:07:45.594,1.78758,1.78784,1.00,1.00
2014.12.05 13:07:46.385,1.78759,1.78784,1.00,1.00
2014.12.05 13:07:46.825,1.78758,1.78784,1.00,1.00
2014.12.05 13:07:47.380,1.78759,1.78784,1.00,1.00
2014.12.05 13:07:49.806,1.78758,1.78784,1.00,1.00
2014.12.05 13:07:50.333,1.78753,1.78784,1.00,1.00
2014.12.05 13:07:50.685,1.78753,1.78782,1.00,1.30
2014.12.05 13:07:50.918,1.78753,1.78784,1.00,1.72
2014.12.05 13:07:51.680,1.78753,1.78784,1.00,1.72
2014.12.05 13:07:52.878,1.78753,1.78783,1.00,1.30
2014.12.05 13:07:54.666,1.78753,1.78782,1.00,1.30
2014.12.05 13:07:54.869,1.7875,1.7878,1.00,1.30
2014.12.05 13:07:54.975,1.78748,1.7878,1.00,1.30
2014.12.05 13:07:55.076,1.78748,1.7878,1.00,1.30
2014.12.05 13:07:55.610,1.78748,1.78781,1.00,1.00
2014.12.05 13:07:55.860,1.78748,1.78781,1.00,1.00
2014.12.05 13:07:56.815,1.78748,1.78781,1.00,1.72
2014.12.05 13:07:56.936,1.78748,1.78781,1.00,1.72
2014.12.05 13:07:57.257,1.78748,1.78781,1.00,1.72
2014.12.05 13:07:57.559,1.78754,1.78781,1.00,1.00
2014.12.05 13:07:57.610,1.78754,1.78781,1.00,1.00
2014.12.05 13:07:58.950,1.78753,1.78781,1.00,1.00
2014.12.05 13:07:59.569,1.78754,1.78781,1.00,1.00
2014.12.05 13:08:00.115,1.78753,1.78781,1.00,1.00
2014.12.05 13:08:00.706,1.78753,1.78781,1.00,1.00
2014.12.05 13:08:01.115,1.78753,1.78781,1.00,1.00
2014.12.05 13:08:02.364,1.78753,1.78781,1.00,1.00
2014.12.05 13:08:02.465,1.78753,1.78781,1.00,1.00
2014.12.05 13:08:02.516,1.78754,1.78789,1.12,1.00
2014.12.05 13:08:02.819,1.78758,1.78794,1.72,1.00
2014.12.05 13:08:03.440,1.78758,1.78793,2.72,1.30
2014.12.05 13:08:04.126,1.78758,1.78794,1.00,2.10
2014.12.05 13:08:04.685,1.78758,1.78793,2.72,1.30
2014.12.05 13:08:05.199,1.78758,1.78794,1.00,1.72
2014.12.05 13:08:05.616,1.78758,1.78794,1.00,1.72
2014.12.05 13:08:06.319,1.78758,1.78791,1.00,1.00
2014.12.05 13:08:06.420,1.78758,1.78791,1.00,1.00
2014.12.05 13:08:06.521,1.78758,1.78789,1.00,1.30
2014.12.05 13:08:06.975,1.78758,1.78785,1.00,1.00
2014.12.05 13:08:07.176,1.78753,1.78785,1.50,1.00
2014.12.05 13:08:07.707,1.78753,1.78785,1.00,1.00
2014.12.05 13:08:08.084,1.78753,1.78785,1.00,1.00
2014.12.05 13:08:09.165,1.78753,1.78785,1.00,1.00
2014.12.05 13:08:09.509,1.78753,1.78785,1.00,1.00
2014.12.05 13:08:13.256,1.78754,1.78785,1.00,1.00
2014.12.05 13:08:13.776,1.78754,1.78785,1.00,1.00
2014.12.05 13:08:14.324,1.78754,1.78785,1.00,1.00
2014.12.05 13:08:14.974,1.78754,1.78785,1.00,1.00
2014.12.05 13:08:15.356,1.78759,1.78785,1.00,1.00
2014.12.05 13:08:15.558,1.78763,1.7879,1.00,1.00
2014.12.05 13:08:15.709,1.78763,1.78793,1.00,1.00
2014.12.05 13:08:15.998,1.78764,1.78797,1.50,1.30
2014.12.05 13:08:16.123,1.78773,1.78797,1.00,1.30
2014.12.05 13:08:16.224,1.78773,1.78805,1.00,1.00
2014.12.05 13:08:17.440,1.78774,1.78811,1.00,1.00
2014.12.05 13:08:17.641,1.78779,1.78811,1.00,1.00
2014.12.05 13:08:17.898,1.78779,1.78811,1.00,1.00
2014.12.05 13:08:18.333,1.78778,1.78808,1.00,1.00
2014.12.05 13:08:18.636,1.78776,1.78808,1.00,1.00
2014.12.05 13:08:18.888,1.78776,1.78808,1.00,1.00
2014.12.05 13:08:19.264,1.78778,1.78808,1.00,1.00
2014.12.05 13:08:19.415,1.78779,1.78812,1.72,1.50
2014.12.05 13:08:19.516,1.78783,1.78816,1.72,1.50
2014.12.05 13:08:19.617,1.78783,1.78816,1.00,1.00
2014.12.05 13:08:19.668,1.78783,1.7882,1.00,1.00
2014.12.05 13:08:19.970,1.78785,1.78823,1.12,1.00
2014.12.05 13:08:20.195,1.78785,1.78817,1.00,1.67
2014.12.05 13:08:20.499,1.78783,1.7881,1.00,1.00
2014.12.05 13:08:20.801,1.78783,1.78806,1.00,1.30
2014.12.05 13:08:20.852,1.78778,1.78805,1.00,1.00
2014.12.05 13:08:23.178,1.78778,1.78805,1.00,1.00
2014.12.05 13:08:23.943,1.78778,1.78802,1.00,1.30
2014.12.05 13:08:24.044,1.78778,1.78804,1.00,1.30
2014.12.05 13:08:24.164,1.78773,1.78804,1.00,1.30
2014.12.05 13:08:24.334,1.78773,1.78802,1.00,1.30
2014.12.05 13:08:24.586,1.78769,1.788,1.00,1.30
2014.12.05 13:08:25.108,1.78769,1.78798,1.00,1.30
2014.12.05 13:08:25.364,1.78767,1.78798,1.00,1.30
2014.12.05 13:08:25.465,1.78767,1.78801,1.00,1.12
2014.12.05 13:08:27.356,1.78767,1.78801,1.00,1.12
2014.12.05 13:08:27.658,1.78763,1.78796,1.00,1.00
2014.12.05 13:08:28.010,1.78763,1.78793,1.00,1.00
2014.12.05 13:08:28.111,1.78763,1.78796,1.00,1.00
2014.12.05 13:08:36.676,1.78763,1.78796,1.00,1.00
2014.12.05 13:08:36.776,1.78763,1.78796,1.50,1.00
2014.12.05 13:08:38.076,1.78763,1.78796,1.00,1.00
2014.12.05 13:08:38.956,1.78768,1.78796,1.00,1.00
2014.12.05 13:08:40.087,1.78768,1.78796,1.00,1.00
2014.12.05 13:08:40.755,1.78768,1.78792,1.00,1.00
2014.12.05 13:08:41.057,1.78768,1.7879,1.00,1.00
2014.12.05 13:08:41.617,1.78763,1.7879,1.00,1.00
2014.12.05 13:08:44.573,1.78758,1.7879,1.00,1.72
2014.12.05 13:08:44.725,1.78758,1.78787,1.00,1.00
2014.12.05 13:08:45.565,1.78758,1.78787,1.00,1.00
2014.12.05 13:08:45.917,1.78764,1.78787,1.00,1.00
2014.12.05 13:08:46.069,1.78764,1.78794,1.00,1.00
2014.12.05 13:08:46.544,1.78764,1.78794,1.00,1.00
2014.12.05 13:08:46.884,1.78764,1.78794,1.00,1.00
2014.12.05 13:08:48.341,1.78764,1.78794,1.00,1.00
2014.12.05 13:08:50.211,1.78763,1.78794,1.00,1.72
2014.12.05 13:08:50.403,1.78764,1.78794,1.00,1.72
2014.12.05 13:08:50.945,1.78764,1.78794,1.00,1.00
2014.12.05 13:08:51.315,1.78768,1.78794,1.00,1.00
2014.12.05 13:08:51.604,1.78768,1.78794,1.00,1.72
2014.12.05 13:08:52.145,1.78768,1.78793,1.00,1.35
2014.12.05 13:08:52.196,1.78768,1.78789,1.00,1.00
2014.12.05 13:08:52.414,1.78763,1.78789,1.00,1.00
2014.12.05 13:08:52.616,1.78759,1.78789,1.00,1.00
2014.12.05 13:08:53.223,1.78759,1.78792,1.00,1.30
2014.12.05 13:08:53.375,1.78759,1.7879,1.00,1.30
2014.12.05 13:08:53.906,1.78759,1.78791,1.00,1.30
2014.12.05 13:08:54.435,1.78759,1.7879,1.00,1.30
2014.12.05 13:08:54.743,1.78759,1.78789,1.00,1.30
2014.12.05 13:08:55.075,1.78759,1.78783,1.00,1.30
2014.12.05 13:08:55.125,1.78759,1.78783,1.00,1.30
2014.12.05 13:08:55.276,1.78758,1.78781,1.00,1.30
2014.12.05 13:08:55.731,1.78758,1.78783,1.00,1.30
2014.12.05 13:08:56.235,1.78758,1.78783,1.00,1.30
2014.12.05 13:08:56.739,1.78758,1.78782,1.00,1.30
2014.12.05 13:08:56.789,1.78758,1.78779,1.00,1.30
2014.12.05 13:08:57.332,1.78758,1.7878,1.00,1.30
2014.12.05 13:08:57.484,1.78758,1.78782,1.00,1.30
2014.12.05 13:08:57.989,1.78758,1.78783,1.00,1.00
2014.12.05 13:09:02.054,1.78749,1.78783,1.00,1.72
2014.12.05 13:09:03.856,1.78749,1.7878,1.00,1.00
2014.12.05 13:09:04.373,1.78748,1.7878,1.00,1.00
2014.12.05 13:09:06.304,1.78748,1.78776,1.00,1.00
2014.12.05 13:09:07.118,1.78748,1.78776,1.00,1.50
2014.12.05 13:09:07.572,1.78758,1.78776,1.00,1.00
2014.12.05 13:09:07.623,1.78758,1.78788,1.00,1.00
2014.12.05 13:09:07.674,1.78758,1.7879,1.00,1.00
2014.12.05 13:09:07.825,1.78758,1.78793,1.00,1.00
2014.12.05 13:09:08.026,1.78758,1.78793,1.00,1.00
2014.12.05 13:09:08.445,1.78758,1.78793,1.00,1.00
2014.12.05 13:09:08.596,1.78759,1.78798,1.00,1.00
2014.12.05 13:09:08.697,1.78764,1.78798,1.00,1.00
2014.12.05 13:09:09.201,1.78764,1.78798,1.00,1.00
2014.12.05 13:09:09.554,1.78764,1.78798,1.00,1.00
2014.12.05 13:09:10.341,1.78769,1.78801,1.00,1.00
2014.12.05 13:09:11.642,1.78769,1.78801,1.00,1.00
2014.12.05 13:09:11.995,1.78769,1.788,1.00,1.30
2014.12.05 13:09:12.096,1.78769,1.788,1.00,1.30
2014.12.05 13:09:12.613,1.78769,1.78801,1.00,1.72
2014.12.05 13:09:12.665,1.78769,1.78801,1.00,1.00
2014.12.05 13:09:12.834,1.78769,1.78801,1.00,1.00
2014.12.05 13:09:13.097,1.78769,1.78802,1.00,1.30
2014.12.05 13:09:13.615,1.78769,1.78801,1.00,1.30
2014.12.05 13:09:13.877,1.78769,1.78803,1.00,1.30
2014.12.05 13:09:14.243,1.78769,1.78801,1.00,1.30
2014.12.05 13:09:14.344,1.78769,1.78803,1.00,1.30
2014.12.05 13:09:14.634,1.78769,1.78801,1.00,1.30
2014.12.05 13:09:14.885,1.78769,1.78803,1.00,1.30
2014.12.05 13:09:15.146,1.78769,1.78803,1.00,1.30
2014.12.05 13:09:15.407,1.78769,1.78804,1.00,1.35
2014.12.05 13:09:17.002,1.78769,1.78804,1.00,1.67
2014.12.05 13:09:18.748,1.78769,1.78805,1.00,2.47
2014.12.05 13:09:19.052,1.78769,1.78803,1.00,1.30
2014.12.05 13:09:19.839,1.78769,1.78804,1.00,1.30
2014.12.05 13:09:20.141,1.78769,1.78803,1.00,1.30
2014.12.05 13:09:20.793,1.78769,1.78804,1.00,1.35
2014.12.05 13:09:22.427,1.78769,1.78805,1.00,2.85
2014.12.05 13:09:23.132,1.78768,1.78802,1.00,1.00
2014.12.05 13:09:23.183,1.78768,1.78804,1.00,1.35
2014.12.05 13:09:23.536,1.78772,1.78809,1.00,1.00
2014.12.05 13:09:24.017,1.78772,1.78806,1.00,1.00
2014.12.05 13:09:24.068,1.78772,1.78806,1.00,1.50
2014.12.05 13:09:24.119,1.78772,1.78806,1.00,1.87
2014.12.05 13:09:24.270,1.78769,1.78803,1.50,1.00
2014.12.05 13:09:24.471,1.78769,1.788,1.00,1.30
2014.12.05 13:09:25.042,1.78769,1.78799,1.00,1.30
2014.12.05 13:09:25.865,1.78769,1.78792,1.00,1.30
2014.12.05 13:09:25.917,1.78763,1.78792,1.00,1.30
2014.12.05 13:09:26.017,1.78763,1.78794,1.00,1.30
2014.12.05 13:09:26.119,1.78763,1.78791,1.00,1.30
2014.12.05 13:09:26.371,1.78758,1.78789,1.50,1.30
2014.12.05 13:09:27.130,1.78758,1.7879,1.50,1.00
2014.12.05 13:09:27.394,1.78758,1.78788,1.50,1.30
2014.12.05 13:09:28.461,1.78758,1.78789,1.50,1.30
2014.12.05 13:09:30.106,1.78758,1.78788,1.00,1.30
2014.12.05 13:09:30.656,1.78758,1.78788,1.00,1.30
2014.12.05 13:09:31.169,1.78758,1.78789,1.00,1.30
2014.12.05 13:09:31.689,1.78758,1.78788,1.50,1.30
2014.12.05 13:09:32.210,1.78758,1.78789,1.50,1.30
2014.12.05 13:09:34.396,1.78758,1.7879,1.50,1.00
2014.12.05 13:09:34.864,1.78758,1.7879,1.00,1.72
2014.12.05 13:09:35.116,1.78758,1.78789,1.50,1.30
2014.12.05 13:09:35.675,1.78758,1.7879,1.00,1.72
2014.12.05 13:09:36.379,1.78758,1.78789,1.00,1.30
2014.12.05 13:09:36.907,1.78758,1.78788,1.00,1.30
2014.12.05 13:09:37.385,1.78758,1.78786,1.00,1.30
2014.12.05 13:09:37.788,1.78758,1.78784,1.00,1.30
2014.12.05 13:09:38.364,1.78758,1.78785,1.00,1.30
2014.12.05 13:09:41.649,1.78758,1.78787,1.00,1.30
2014.12.05 13:09:42.262,1.78758,1.78787,1.00,1.30
2014.12.05 13:09:42.844,1.78758,1.78785,1.00,1.30
2014.12.05 13:09:43.364,1.78758,1.78786,1.00,1.30
2014.12.05 13:09:44.540,1.78758,1.78785,1.00,1.30
2014.12.05 13:09:44.865,1.78753,1.78786,1.00,1.72
2014.12.05 13:09:45.044,1.78753,1.78784,1.00,1.30
2014.12.05 13:09:45.305,1.78753,1.78786,1.00,1.72
2014.12.05 13:09:45.406,1.78753,1.78784,1.00,1.30
2014.12.05 13:09:45.814,1.78753,1.78786,1.00,1.00
2014.12.05 13:09:45.865,1.78754,1.78786,1.00,1.00
2014.12.05 13:09:46.067,1.78754,1.7879,1.00,1.72
2014.12.05 13:09:46.168,1.78754,1.78788,1.00,1.30
2014.12.05 13:09:46.472,1.78759,1.78788,1.00,1.30
2014.12.05 13:09:47.623,1.78758,1.78788,1.00,1.30
2014.12.05 13:09:48.374,1.78758,1.78789,1.00,1.30
2014.12.05 13:09:49.259,1.78758,1.78787,1.00,1.30
2014.12.05 13:09:49.410,1.78753,1.78785,1.00,1.00
2014.12.05 13:09:49.625,1.78753,1.78785,1.00,1.72
2014.12.05 13:09:49.827,1.78753,1.78782,1.00,1.30
2014.12.05 13:09:49.928,1.78753,1.78785,1.00,1.72
2014.12.05 13:09:50.498,1.78753,1.78785,1.00,1.00
2014.12.05 13:09:50.823,1.78753,1.78785,1.00,1.72
2014.12.05 13:09:53.824,1.78753,1.78785,1.00,1.00
2014.12.05 13:09:55.113,1.78753,1.78785,1.00,1.00
2014.12.05 13:09:56.112,1.78753,1.78789,1.00,1.30
2014.12.05 13:09:56.163,1.78754,1.78793,1.72,1.87
2014.12.05 13:09:56.667,1.78758,1.78793,1.00,1.12
2014.12.05 13:09:58.230,1.78758,1.78793,2.72,2.10
2014.12.05 13:09:58.764,1.78758,1.78792,1.00,1.30
2014.12.05 13:09:59.403,1.78759,1.78792,1.00,1.30
2014.12.05 13:09:59.623,1.78759,1.78792,1.00,1.30
2014.12.05 13:09:59.864,1.78759,1.78793,1.00,2.10
2014.12.05 13:10:00.368,1.78759,1.78792,1.00,1.30
2014.12.05 13:10:01.286,1.78759,1.78792,1.50,1.30
2014.12.05 13:10:01.607,1.78759,1.78792,1.00,1.30
2014.12.05 13:10:03.421,1.78759,1.78793,1.00,1.72
2014.12.05 13:10:04.056,1.78759,1.78793,1.00,2.85
2014.12.05 13:10:04.358,1.78759,1.78787,1.00,1.30
2014.12.05 13:10:04.409,1.78759,1.7879,1.00,1.30
2014.12.05 13:10:04.929,1.78759,1.78792,1.00,1.67
2014.12.05 13:10:05.718,1.78759,1.78793,1.00,2.10
2014.12.05 13:10:05.819,1.78759,1.78793,1.00,2.10
2014.12.05 13:10:06.376,1.78759,1.78793,1.00,1.37
2014.12.05 13:10:07.186,1.78759,1.78793,1.00,1.12
2014.12.05 13:10:08.645,1.78759,1.78793,1.00,1.12
2014.12.05 13:10:09.646,1.78759,1.78793,1.00,1.12
2014.12.05 13:10:10.313,1.78764,1.78793,1.00,1.12
2014.12.05 13:10:10.619,1.78764,1.78796,2.72,1.00
2014.12.05 13:10:10.670,1.78769,1.78796,1.00,1.00
2014.12.05 13:10:10.721,1.78769,1.78798,1.00,1.00
2014.12.05 13:10:11.256,1.78769,1.78798,1.00,1.00
2014.12.05 13:10:11.769,1.78769,1.78798,1.00,1.00
2014.12.05 13:10:12.402,1.78769,1.78798,1.00,1.00
2014.12.05 13:10:12.934,1.78769,1.78798,1.30,1.00
2014.12.05 13:10:13.035,1.78769,1.78803,1.72,1.00
2014.12.05 13:10:14.375,1.78769,1.78802,1.72,1.00
2014.12.05 13:10:17.435,1.78769,1.78803,1.00,1.12
2014.12.05 13:10:17.536,1.78771,1.7881,1.00,3.53
2014.12.05 13:10:17.638,1.78772,1.7881,1.72,3.53
2014.12.05 13:10:17.889,1.78772,1.78806,1.00,1.00
2014.12.05 13:10:18.426,1.78772,1.78807,1.00,1.00
2014.12.05 13:10:19.858,1.78772,1.78807,1.00,3.60
2014.12.05 13:10:20.366,1.78772,1.78807,1.30,1.87
2014.12.05 13:10:20.568,1.78775,1.78812,1.00,2.10
2014.12.05 13:10:20.669,1.78776,1.78814,1.35,1.00
2014.12.05 13:10:20.820,1.78778,1.78817,2.72,1.50
2014.12.05 13:10:21.123,1.78778,1.78812,1.00,1.30
2014.12.05 13:10:21.173,1.78778,1.78815,1.00,1.30
2014.12.05 13:10:21.526,1.78778,1.78812,1.00,1.00
2014.12.05 13:10:21.656,1.78778,1.78815,1.00,1.30
2014.12.05 13:10:21.858,1.78778,1.78817,1.00,3.22
2014.12.05 13:10:22.359,1.78778,1.78815,1.00,1.30
2014.12.05 13:10:22.776,1.7878,1.78817,1.30,1.50
2014.12.05 13:10:23.106,1.7878,1.78816,1.72,1.00
2014.12.05 13:10:23.257,1.7878,1.78812,1.30,1.12
2014.12.05 13:10:23.584,1.7878,1.78812,1.30,1.50
2014.12.05 13:10:23.685,1.7878,1.78815,1.30,1.00
2014.12.05 13:10:23.736,1.7878,1.78813,1.30,1.00
2014.12.05 13:10:24.052,1.7878,1.78808,1.30,1.00
2014.12.05 13:10:24.794,1.7878,1.78808,1.30,1.00
2014.12.05 13:10:24.895,1.78779,1.78804,1.00,1.00
2014.12.05 13:10:24.946,1.78776,1.78804,1.30,1.00
2014.12.05 13:10:24.996,1.78775,1.78802,1.30,1.00
2014.12.05 13:10:25.299,1.78777,1.78806,1.30,1.00
2014.12.05 13:10:25.350,1.78778,1.78809,1.30,1.00
2014.12.05 13:10:25.891,1.78779,1.78809,1.30,1.00
2014.12.05 13:10:26.412,1.78779,1.78809,1.30,1.00
2014.12.05 13:10:26.667,1.7878,1.78809,1.30,1.00
2014.12.05 13:10:27.212,1.78781,1.78809,1.30,1.00
2014.12.05 13:10:27.509,1.78781,1.78809,1.30,1.00
2014.12.05 13:10:29.614,1.78781,1.78809,1.30,1.00
2014.12.05 13:10:30.806,1.78781,1.78809,1.30,1.00
2014.12.05 13:10:34.025,1.78781,1.78809,1.30,1.00
2014.12.05 13:10:35.104,1.78778,1.78809,1.00,1.37
2014.12.05 13:10:35.256,1.78778,1.78806,1.00,1.00
2014.12.05 13:10:35.407,1.78776,1.78806,1.30,1.37
2014.12.05 13:10:35.458,1.78772,1.78806,1.00,1.37
2014.12.05 13:10:35.609,1.78772,1.78802,1.00,1.00
2014.12.05 13:10:37.155,1.78772,1.78801,1.00,1.00
2014.12.05 13:10:38.915,1.78772,1.78802,1.72,1.37
2014.12.05 13:10:38.965,1.7877,1.78802,1.00,1.87
2014.12.05 13:10:39.066,1.78766,1.78797,1.30,1.00
2014.12.05 13:10:39.167,1.78766,1.78797,1.30,1.00
2014.12.05 13:10:39.570,1.78766,1.78799,1.30,1.00
2014.12.05 13:10:39.735,1.78766,1.78799,1.30,1.00
2014.12.05 13:10:39.836,1.78766,1.78799,1.30,1.00
2014.12.05 13:10:40.347,1.78766,1.78799,1.30,1.00
2014.12.05 13:10:40.499,1.78766,1.78799,1.30,1.00
2014.12.05 13:10:41.035,1.78766,1.78799,1.30,1.00
2014.12.05 13:10:41.863,1.78766,1.78799,1.30,1.00
2014.12.05 13:10:42.713,1.78765,1.78799,1.00,1.72
2014.12.05 13:10:42.764,1.78765,1.78799,1.00,2.47
2014.12.05 13:10:43.067,1.78765,1.78791,1.30,1.00
2014.12.05 13:10:43.709,1.78764,1.78791,1.72,1.00
2014.12.05 13:10:46.134,1.78764,1.78791,1.30,1.00
2014.12.05 13:10:47.315,1.78763,1.78791,1.30,1.00
2014.12.05 13:10:48.335,1.78763,1.78789,1.30,1.00
2014.12.05 13:10:48.879,1.78763,1.78789,1.30,1.00
2014.12.05 13:10:49.322,1.78762,1.78789,1.30,1.00
2014.12.05 13:10:50.105,1.78762,1.78789,1.30,1.00
2014.12.05 13:10:50.548,1.78762,1.78789,1.30,1.00
2014.12.05 13:10:51.080,1.78762,1.78789,1.30,1.00
2014.12.05 13:10:51.583,1.78762,1.78789,1.30,1.00
2014.12.05 13:10:52.521,1.78762,1.78789,1.30,1.00
2014.12.05 13:10:52.723,1.78762,1.78789,1.30,1.00
2014.12.05 13:10:52.925,1.78764,1.78798,1.12,1.00
2014.12.05 13:10:53.177,1.78764,1.78798,1.72,1.00
2014.12.05 13:10:53.227,1.78764,1.78798,1.72,1.37
2014.12.05 13:10:53.278,1.78762,1.78795,1.00,1.12
2014.12.05 13:10:53.329,1.78761,1.78794,1.00,1.37
2014.12.05 13:10:53.379,1.78757,1.78791,1.00,1.00
2014.12.05 13:10:53.531,1.78755,1.78787,1.00,1.00
2014.12.05 13:10:53.856,1.78755,1.78787,1.30,1.00
2014.12.05 13:10:54.158,1.78755,1.78787,1.30,1.00
2014.12.05 13:10:54.497,1.78758,1.78787,1.30,1.00
2014.12.05 13:10:58.125,1.78758,1.78787,1.30,1.00
2014.12.05 13:11:08.917,1.78758,1.78787,1.30,1.00
2014.12.05 13:11:09.233,1.78758,1.78787,1.30,1.00
2014.12.05 13:11:15.581,1.78758,1.78786,1.30,1.00
2014.12.05 13:11:15.631,1.78754,1.78784,1.00,1.37
2014.12.05 13:11:16.034,1.78754,1.7878,1.00,1.37
2014.12.05 13:11:16.085,1.78749,1.7878,1.00,1.37
2014.12.05 13:11:16.835,1.78749,1.7878,1.30,1.37
2014.12.05 13:11:17.342,1.78749,1.7878,1.72,1.37
2014.12.05 13:11:18.745,1.78747,1.7878,1.30,1.37
2014.12.05 13:11:18.866,1.78747,1.7878,1.00,1.37
2014.12.05 13:11:19.390,1.78747,1.7878,1.30,1.00
2014.12.05 13:11:19.692,1.78751,1.7878,1.30,1.00
2014.12.05 13:11:19.995,1.78754,1.78782,1.30,1.00
2014.12.05 13:11:20.348,1.78757,1.78782,1.30,1.00
2014.12.05 13:11:20.449,1.78757,1.78786,1.30,1.00
2014.12.05 13:11:20.550,1.78756,1.78786,1.30,1.00
2014.12.05 13:11:20.650,1.78754,1.78786,1.72,1.00
2014.12.05 13:11:21.104,1.78754,1.78784,1.30,1.00
2014.12.05 13:11:21.635,1.78751,1.78784,1.30,1.00
2014.12.05 13:11:22.409,1.78751,1.78784,1.30,1.00
2014.12.05 13:11:22.942,1.78751,1.78784,1.30,1.00
2014.12.05 13:11:24.208,1.78751,1.78788,1.00,1.00
2014.12.05 13:11:24.734,1.78751,1.78788,1.00,1.37
2014.12.05 13:11:25.938,1.78751,1.78783,1.30,1.00
2014.12.05 13:11:26.039,1.78749,1.78783,1.72,1.00
2014.12.05 13:11:26.887,1.78749,1.78783,1.30,1.00
2014.12.05 13:11:27.404,1.78749,1.78783,1.72,1.00
2014.12.05 13:11:27.808,1.78749,1.78783,1.30,1.00
2014.12.05 13:11:28.374,1.78749,1.78783,1.30,1.00
2014.12.05 13:11:28.475,1.78749,1.78788,2.72,1.12
2014.12.05 13:11:32.686,1.78749,1.78788,3.47,1.37
2014.12.05 13:11:33.142,1.78749,1.78788,3.47,1.12
2014.12.05 13:11:34.593,1.78753,1.78788,1.00,1.00
2014.12.05 13:11:35.148,1.78753,1.78788,3.17,1.00
2014.12.05 13:11:35.199,1.78755,1.78788,1.30,1.00
2014.12.05 13:11:35.300,1.78757,1.78791,1.87,1.00
2014.12.05 13:11:35.401,1.78757,1.78795,2.50,1.00
2014.12.05 13:11:35.451,1.78758,1.78795,1.50,1.37
2014.12.05 13:11:35.552,1.78758,1.78792,1.00,1.37
2014.12.05 13:11:35.653,1.78755,1.78789,1.00,1.12
2014.12.05 13:11:36.405,1.78757,1.78792,1.72,1.00
2014.12.05 13:11:36.506,1.78757,1.78796,3.10,1.00
2014.12.05 13:11:37.010,1.78758,1.78796,1.00,1.12
2014.12.05 13:11:37.413,1.78766,1.78796,1.30,1.00
2014.12.05 13:11:37.716,1.78766,1.78796,1.30,1.00
2014.12.05 13:11:37.918,1.78762,1.78796,1.72,1.00
2014.12.05 13:11:38.069,1.78762,1.78799,1.00,1.00
2014.12.05 13:11:38.583,1.78762,1.78794,1.30,1.00
2014.12.05 13:11:39.085,1.78762,1.78794,1.72,1.00
2014.12.05 13:11:40.576,1.78762,1.78794,1.00,1.37
2014.12.05 13:11:40.677,1.78758,1.78789,1.30,1.00
2014.12.05 13:11:40.777,1.78758,1.78789,1.30,1.00
2014.12.05 13:11:40.929,1.78759,1.78793,1.50,1.00
2014.12.05 13:11:41.030,1.7876,1.78796,3.17,1.00
2014.12.05 13:11:41.332,1.78771,1.788,1.30,1.00
2014.12.05 13:11:41.383,1.78771,1.78804,1.30,1.00
2014.12.05 13:11:41.484,1.78771,1.78802,1.72,1.00
2014.12.05 13:11:41.585,1.7877,1.78797,1.30,1.00
2014.12.05 13:11:42.188,1.78769,1.78797,1.30,1.00
2014.12.05 13:11:42.239,1.78767,1.78797,1.30,1.00
2014.12.05 13:11:42.441,1.78769,1.78797,1.30,1.00
2014.12.05 13:11:42.592,1.78769,1.78802,1.30,1.00
2014.12.05 13:11:42.643,1.78769,1.78805,1.30,1.50
2014.12.05 13:11:42.744,1.78769,1.78805,1.00,1.00
2014.12.05 13:11:43.667,1.78772,1.78808,1.35,1.00
2014.12.05 13:11:44.120,1.78773,1.78808,3.17,1.00
2014.12.05 13:11:45.173,1.7878,1.78808,1.30,1.00
2014.12.05 13:11:46.190,1.7878,1.78808,1.30,1.00
2014.12.05 13:11:47.193,1.7878,1.78808,1.30,1.00
2014.12.05 13:11:47.704,1.7878,1.78808,1.30,1.00
2014.12.05 13:11:47.956,1.7878,1.78808,1.30,1.00
2014.12.05 13:11:48.258,1.7878,1.78808,1.30,1.00
2014.12.05 13:11:48.563,1.78784,1.78812,1.30,1.00
2014.12.05 13:11:50.624,1.78784,1.78812,1.30,1.00
2014.12.05 13:11:50.725,1.78784,1.78812,1.30,1.00
2014.12.05 13:11:50.927,1.78784,1.78808,1.30,1.00
2014.12.05 13:11:51.396,1.78784,1.78808,1.30,1.00
2014.12.05 13:11:51.824,1.78784,1.78808,1.30,1.00
2014.12.05 13:11:53.109,1.78784,1.78813,1.30,1.12
2014.12.05 13:11:54.213,1.78783,1.78813,1.30,1.12
2014.12.05 13:11:54.775,1.78783,1.78813,1.30,1.12
2014.12.05 13:11:55.279,1.78783,1.78813,1.30,1.12
2014.12.05 13:12:00.928,1.78782,1.78813,1.30,1.37
2014.12.05 13:12:01.955,1.78781,1.78813,1.30,1.37
2014.12.05 13:12:02.278,1.78779,1.78809,1.00,1.30
2014.12.05 13:12:02.580,1.78767,1.78795,1.00,1.00
2014.12.05 13:12:02.687,1.78761,1.78795,1.00,1.00
2014.12.05 13:12:02.788,1.78761,1.78792,1.00,1.00
2014.12.05 13:12:02.939,1.78758,1.78791,1.00,1.00
2014.12.05 13:12:02.990,1.78757,1.78786,1.50,1.00
2014.12.05 13:12:03.292,1.78753,1.78781,1.00,1.00
2014.12.05 13:12:03.343,1.7875,1.78782,1.00,1.00
2014.12.05 13:12:03.444,1.7875,1.78784,1.72,1.00
2014.12.05 13:12:03.646,1.7875,1.78776,1.00,1.00
2014.12.05 13:12:03.696,1.78747,1.78776,1.72,1.00
2014.12.05 13:12:03.747,1.78747,1.78781,1.72,1.50
2014.12.05 13:12:03.898,1.78749,1.78781,1.30,1.00
2014.12.05 13:12:04.291,1.78751,1.78783,1.30,1.00
2014.12.05 13:12:04.594,1.78756,1.78787,1.30,1.50
2014.12.05 13:12:04.745,1.78758,1.78791,1.50,1.00
2014.12.05 13:12:04.846,1.78761,1.78791,1.30,1.00
2014.12.05 13:12:05.301,1.78761,1.78782,1.00,1.00
2014.12.05 13:12:05.402,1.78752,1.78785,1.30,1.00
2014.12.05 13:12:05.656,1.78752,1.78781,1.30,1.00
2014.12.05 13:12:05.757,1.78752,1.78785,1.30,1.00
2014.12.05 13:12:06.399,1.78752,1.78785,1.30,1.00
2014.12.05 13:12:06.713,1.78762,1.7879,1.30,1.00
2014.12.05 13:12:07.065,1.78762,1.78797,1.30,1.00
2014.12.05 13:12:07.166,1.78766,1.78793,1.30,1.00
2014.12.05 13:12:07.267,1.78767,1.78796,1.30,1.00
2014.12.05 13:12:07.519,1.78771,1.78792,1.30,1.00
2014.12.05 13:12:07.620,1.78772,1.78802,1.30,1.50
2014.12.05 13:12:07.923,1.78768,1.78796,1.72,1.00
2014.12.05 13:12:08.023,1.78768,1.78794,1.30,1.00
2014.12.05 13:12:08.275,1.78762,1.78792,1.00,1.00
2014.12.05 13:12:08.376,1.78754,1.78781,1.00,1.00
2014.12.05 13:12:08.679,1.78746,1.78777,1.00,1.00
2014.12.05 13:12:08.729,1.78746,1.78767,1.00,1.00
2014.12.05 13:12:09.032,1.78742,1.78747,1.00,1.00
2014.12.05 13:12:09.135,1.78734,1.78747,1.00,1.00
2014.12.05 13:12:09.236,1.78731,1.78751,1.00,1.00
2014.12.05 13:12:09.337,1.78725,1.78751,1.00,1.00
2014.12.05 13:12:09.572,1.78723,1.78747,1.00,1.00
2014.12.05 13:12:09.875,1.78713,1.78736,1.00,1.00
2014.12.05 13:12:10.178,1.78713,1.78727,1.00,1.00
2014.12.05 13:12:10.380,1.78713,1.78732,1.00,1.00
2014.12.05 13:12:10.481,1.78713,1.78737,1.00,1.00
2014.12.05 13:12:10.733,1.78713,1.78731,1.00,1.00
2014.12.05 13:12:10.784,1.78704,1.78731,1.30,1.00
2014.12.05 13:12:10.885,1.78706,1.78736,1.00,1.00
2014.12.05 13:12:11.036,1.78707,1.78741,1.30,1.00
2014.12.05 13:12:11.137,1.78707,1.78741,1.00,1.00
2014.12.05 13:12:11.187,1.78707,1.78732,1.00,1.00
2014.12.05 13:12:11.439,1.78703,1.78737,1.00,1.00
2014.12.05 13:12:11.490,1.787,1.78732,1.00,1.00
2014.12.05 13:12:11.792,1.787,1.78727,1.00,1.00
2014.12.05 13:12:11.842,1.78697,1.78726,1.00,1.00
2014.12.05 13:12:11.893,1.78697,1.78726,1.00,1.00
2014.12.05 13:12:11.944,1.78697,1.78732,1.00,1.00
2014.12.05 13:12:12.145,1.78697,1.78736,1.50,1.00
2014.12.05 13:12:12.196,1.78697,1.78736,1.00,1.00
2014.12.05 13:12:12.548,1.78697,1.78736,1.30,1.00
2014.12.05 13:12:12.649,1.78698,1.78737,1.30,1.00
2014.12.05 13:12:12.951,1.78699,1.78735,1.50,1.00
2014.12.05 13:12:13.102,1.78699,1.78741,2.80,1.50
2014.12.05 13:12:13.354,1.78709,1.78742,1.30,1.00
2014.12.05 13:12:13.455,1.78709,1.78746,1.30,1.50
2014.12.05 13:12:13.556,1.78708,1.78746,1.30,1.00
2014.12.05 13:12:13.657,1.78708,1.78746,1.30,1.00
2014.12.05 13:12:13.758,1.78704,1.78741,1.00,1.00
2014.12.05 13:12:13.808,1.78704,1.78746,1.00,1.50
2014.12.05 13:12:14.111,1.78698,1.78731,1.00,1.00
2014.12.05 13:12:14.212,1.78696,1.78731,1.30,1.00
2014.12.05 13:12:14.263,1.78696,1.78726,1.30,1.00
2014.12.05 13:12:14.363,1.78696,1.78737,1.30,1.00
2014.12.05 13:12:14.596,1.78696,1.78739,1.00,1.00
2014.12.05 13:12:14.762,1.78696,1.78742,1.72,1.50
2014.12.05 13:12:15.014,1.78696,1.78737,1.30,1.00
2014.12.05 13:12:15.115,1.78696,1.78742,1.30,1.50
2014.12.05 13:12:15.367,1.78697,1.78741,1.30,1.00
2014.12.05 13:12:15.519,1.78701,1.78746,1.30,1.00
2014.12.05 13:12:15.721,1.78702,1.78752,2.72,2.25
2014.12.05 13:12:16.127,1.78706,1.78752,1.30,2.25
2014.12.05 13:12:16.257,1.78706,1.78752,1.30,2.25
2014.12.05 13:12:16.509,1.78704,1.78747,1.30,1.37
2014.12.05 13:12:16.762,1.78698,1.78741,1.00,1.00
2014.12.05 13:12:16.863,1.78698,1.78742,1.00,2.62
2014.12.05 13:12:17.115,1.78698,1.7874,1.00,1.00
2014.12.05 13:12:17.166,1.78698,1.78738,1.00,1.00
2014.12.05 13:12:17.216,1.78696,1.78737,1.30,1.00
2014.12.05 13:12:17.317,1.78696,1.78727,1.30,1.00
2014.12.05 13:12:17.418,1.78691,1.78727,1.00,1.00
2014.12.05 13:12:17.519,1.78688,1.78727,1.72,1.00
2014.12.05 13:12:17.620,1.78684,1.78726,1.00,1.30
2014.12.05 13:12:17.671,1.78684,1.78721,1.50,1.00
2014.12.05 13:12:17.872,1.78684,1.78726,1.50,1.00
2014.12.05 13:12:17.973,1.78684,1.78722,1.00,1.00
2014.12.05 13:12:18.376,1.78681,1.78722,1.00,1.00
2014.12.05 13:12:18.426,1.78681,1.78716,1.00,1.00
2014.12.05 13:12:18.528,1.78681,1.78722,1.00,1.00
2014.12.05 13:12:18.579,1.78682,1.78722,1.00,1.00
2014.12.05 13:12:18.881,1.78687,1.7873,1.50,1.50
2014.12.05 13:12:18.982,1.78687,1.7873,1.72,1.00
2014.12.05 13:12:19.033,1.78688,1.78732,1.72,1.00
2014.12.05 13:12:19.335,1.78695,1.78731,1.30,1.00
2014.12.05 13:12:19.486,1.78699,1.78737,1.30,1.50
2014.12.05 13:12:19.738,1.78699,1.78731,1.30,1.00
2014.12.05 13:12:19.839,1.78699,1.78737,1.30,1.50
2014.12.05 13:12:20.189,1.787,1.78735,1.30,1.00
2014.12.05 13:12:20.240,1.787,1.78737,1.30,1.00
2014.12.05 13:12:20.342,1.78709,1.78737,1.30,1.00
2014.12.05 13:12:20.442,1.78709,1.78734,1.30,1.00
2014.12.05 13:12:20.543,1.78709,1.78737,1.30,1.50
2014.12.05 13:12:20.645,1.78709,1.78742,1.30,1.00
2014.12.05 13:12:20.747,1.78713,1.78742,1.00,1.00
2014.12.05 13:12:20.848,1.78708,1.78742,1.00,1.00
2014.12.05 13:12:20.949,1.78708,1.78747,1.00,2.25
2014.12.05 13:12:21.050,1.78714,1.78747,1.00,1.50
2014.12.05 13:12:21.150,1.78714,1.78747,1.00,1.50
2014.12.05 13:12:21.402,1.78711,1.78742,1.30,1.00
2014.12.05 13:12:21.503,1.78711,1.78747,1.30,2.25
2014.12.05 13:12:21.604,1.78711,1.78742,1.30,1.00
2014.12.05 13:12:21.655,1.78705,1.78742,1.72,1.00
2014.12.05 13:12:21.705,1.78705,1.78736,1.72,1.00
2014.12.05 13:12:21.806,1.78705,1.78741,1.00,1.00
2014.12.05 13:12:21.957,1.78703,1.78734,1.00,1.00
2014.12.05 13:12:22.058,1.78699,1.78736,1.50,1.00
2014.12.05 13:12:22.159,1.78699,1.78741,1.00,1.00
2014.12.05 13:12:22.210,1.787,1.78745,1.72,1.00
2014.12.05 13:12:22.260,1.787,1.78742,2.72,1.00
2014.12.05 13:12:22.562,1.787,1.78736,1.00,1.00
2014.12.05 13:12:22.613,1.787,1.78741,2.50,1.00
2014.12.05 13:12:22.738,1.78703,1.78742,1.00,1.00
2014.12.05 13:12:22.840,1.78707,1.78746,1.50,1.00
2014.12.05 13:12:22.941,1.78707,1.78742,1.00,1.00
2014.12.05 13:12:22.991,1.78704,1.78742,1.00,1.50
2014.12.05 13:12:23.042,1.78703,1.78735,1.00,1.00
2014.12.05 13:12:23.396,1.78693,1.78727,2.17,1.00
2014.12.05 13:12:23.497,1.78693,1.78722,1.30,1.00
2014.12.05 13:12:23.598,1.78693,1.78731,1.30,1.50
2014.12.05 13:12:23.759,1.78693,1.78731,1.30,1.50
2014.12.05 13:12:24.062,1.78703,1.78738,1.30,1.00
2014.12.05 13:12:24.112,1.78703,1.78742,1.30,1.50
2014.12.05 13:12:24.163,1.78705,1.78742,1.30,1.00
2014.12.05 13:12:24.415,1.787,1.7874,1.00,1.00
2014.12.05 13:12:24.465,1.78703,1.7874,1.00,1.00
2014.12.05 13:12:24.566,1.78694,1.78731,1.50,1.00
2014.12.05 13:12:24.616,1.78694,1.78729,1.50,1.00
2014.12.05 13:12:24.667,1.7869,1.78727,1.00,1.50
2014.12.05 13:12:24.717,1.78689,1.78725,1.30,1.00
2014.12.05 13:12:25.020,1.78689,1.78728,1.72,1.00
2014.12.05 13:12:25.171,1.78689,1.78727,1.30,1.00
2014.12.05 13:12:25.271,1.78688,1.78726,1.50,1.00
2014.12.05 13:12:25.322,1.78688,1.78724,1.00,1.00
2014.12.05 13:12:25.636,1.78688,1.78712,1.30,1.00
2014.12.05 13:12:25.686,1.78688,1.78721,1.30,1.00
2014.12.05 13:12:25.838,1.78687,1.78721,1.30,1.00
2014.12.05 13:12:25.938,1.78685,1.78716,1.30,1.00
2014.12.05 13:12:26.039,1.78684,1.78721,1.50,1.00
2014.12.05 13:12:26.140,1.78684,1.78717,1.50,1.00
2014.12.05 13:12:26.392,1.78678,1.78717,1.00,1.00
2014.12.05 13:12:26.926,1.78678,1.78711,1.30,1.00
2014.12.05 13:12:27.127,1.78676,1.78712,1.50,1.00
2014.12.05 13:12:27.631,1.78676,1.78711,1.30,1.00
2014.12.05 13:12:27.782,1.78674,1.78706,1.30,1.00
2014.12.05 13:12:28.084,1.78674,1.78702,1.00,1.00
2014.12.05 13:12:28.185,1.78669,1.78696,1.50,1.00
2014.12.05 13:12:28.236,1.78669,1.78692,1.50,1.00
2014.12.05 13:12:28.286,1.7866,1.78692,1.00,1.00
2014.12.05 13:12:28.437,1.78658,1.78694,1.00,1.00
2014.12.05 13:12:28.488,1.78661,1.78697,1.00,1.00
2014.12.05 13:12:28.820,1.78662,1.78691,1.00,1.00
2014.12.05 13:12:29.324,1.78662,1.78692,1.00,1.00
2014.12.05 13:12:29.374,1.78653,1.78692,1.00,1.00
2014.12.05 13:12:29.475,1.78653,1.78692,1.30,1.00
2014.12.05 13:12:29.576,1.78653,1.78692,1.00,1.00
2014.12.05 13:12:29.677,1.78651,1.78691,1.00,1.00
2014.12.05 13:12:29.728,1.7866,1.78691,1.00,1.00
2014.12.05 13:12:29.829,1.78652,1.78686,2.47,1.00
2014.12.05 13:12:29.929,1.78671,1.78697,1.00,1.00
2014.12.05 13:12:30.030,1.78659,1.78697,1.30,1.00
2014.12.05 13:12:30.131,1.78661,1.78696,1.30,1.00
2014.12.05 13:12:30.232,1.78662,1.78701,1.30,1.00
2014.12.05 13:12:30.283,1.78665,1.78701,1.72,1.00
2014.12.05 13:12:30.585,1.78662,1.78696,1.30,1.00
2014.12.05 13:12:30.686,1.78671,1.78702,1.00,1.00
2014.12.05 13:12:30.787,1.78671,1.78707,1.00,1.00
2014.12.05 13:12:30.938,1.78671,1.78707,1.00,1.00
2014.12.05 13:12:30.988,1.78671,1.78702,1.00,1.00
2014.12.05 13:12:31.039,1.78671,1.78702,1.30,1.00
2014.12.05 13:12:31.317,1.78664,1.78702,1.67,1.00
2014.12.05 13:12:31.367,1.78667,1.78697,1.30,1.00
2014.12.05 13:12:31.418,1.78668,1.78702,1.30,1.00
2014.12.05 13:12:31.519,1.78661,1.78702,1.72,1.00
2014.12.05 13:12:31.670,1.78661,1.78697,1.00,1.00
2014.12.05 13:12:31.871,1.78669,1.78711,1.00,1.00
2014.12.05 13:12:31.922,1.78669,1.78706,1.00,1.00
2014.12.05 13:12:31.972,1.78667,1.78701,1.30,1.00
2014.12.05 13:12:32.124,1.78667,1.78706,1.50,1.00
2014.12.05 13:12:32.175,1.78667,1.78699,1.50,1.00
2014.12.05 13:12:32.477,1.78667,1.78692,1.00,1.00
2014.12.05 13:12:32.628,1.78667,1.78696,1.00,1.00
2014.12.05 13:12:32.678,1.78667,1.78696,1.00,1.00
2014.12.05 13:12:32.883,1.78667,1.78702,1.00,1.00
2014.12.05 13:12:32.934,1.78667,1.787,1.00,1.00
2014.12.05 13:12:33.035,1.78667,1.787,1.00,1.00
2014.12.05 13:12:33.085,1.78667,1.78697,1.00,1.00
2014.12.05 13:12:33.186,1.78667,1.787,1.00,1.00
2014.12.05 13:12:33.287,1.78664,1.787,1.00,1.00
2014.12.05 13:12:33.337,1.78664,1.78702,1.00,1.00
2014.12.05 13:12:33.544,1.78655,1.78697,1.30,1.00
2014.12.05 13:12:33.645,1.78655,1.78697,1.30,1.00
2014.12.05 13:12:33.947,1.78658,1.78696,1.00,1.00
2014.12.05 13:12:34.249,1.78658,1.78686,1.00,1.00
2014.12.05 13:12:34.501,1.78658,1.78691,1.00,1.00
2014.12.05 13:12:35.004,1.78658,1.78692,1.00,1.00
2014.12.05 13:12:35.539,1.78653,1.78692,1.00,1.00
2014.12.05 13:12:35.891,1.78653,1.78686,1.00,1.50
2014.12.05 13:12:35.992,1.78653,1.78687,1.00,1.67
2014.12.05 13:12:36.093,1.78649,1.78689,1.50,1.37
2014.12.05 13:12:36.194,1.78649,1.78682,1.00,1.00
2014.12.05 13:12:36.497,1.78649,1.78682,1.00,1.37
2014.12.05 13:12:36.547,1.78647,1.78682,1.00,1.37
2014.12.05 13:12:36.648,1.78647,1.78682,1.00,1.37
2014.12.05 13:12:36.804,1.78647,1.78682,1.00,1.00
2014.12.05 13:12:36.855,1.78638,1.78685,1.72,1.00
2014.12.05 13:12:37.361,1.78644,1.78685,1.00,1.00
2014.12.05 13:12:37.513,1.78643,1.78687,1.00,1.00
2014.12.05 13:12:37.715,1.78643,1.78687,1.00,1.00
2014.12.05 13:12:37.815,1.78643,1.78687,1.72,1.00
2014.12.05 13:12:38.129,1.78642,1.78682,1.00,1.00
2014.12.05 13:12:38.380,1.78642,1.78687,2.80,1.00
2014.12.05 13:12:38.481,1.78642,1.78682,1.30,1.00
2014.12.05 13:12:38.917,1.78642,1.78681,1.00,1.00
2014.12.05 13:12:39.068,1.78642,1.78681,1.00,1.00
2014.12.05 13:12:39.471,1.78642,1.78683,1.00,1.35
2014.12.05 13:12:39.723,1.78642,1.78684,1.50,1.35
2014.12.05 13:12:40.265,1.78642,1.78682,1.30,1.00
2014.12.05 13:12:40.567,1.78642,1.78681,1.00,1.00
2014.12.05 13:12:40.835,1.78642,1.78681,1.12,1.00
2014.12.05 13:12:40.936,1.78642,1.78686,1.50,1.00
2014.12.05 13:12:41.037,1.78643,1.78686,1.00,1.00
2014.12.05 13:12:41.138,1.78643,1.7869,1.00,1.43
2014.12.05 13:12:41.239,1.78643,1.7869,2.72,1.00
2014.12.05 13:12:41.340,1.78644,1.78691,1.00,1.00
2014.12.05 13:12:41.643,1.78649,1.78694,1.00,1.00
2014.12.05 13:12:41.845,1.7865,1.78697,1.30,1.12
2014.12.05 13:12:41.895,1.78653,1.78697,1.30,1.00
2014.12.05 13:12:42.198,1.78653,1.787,1.72,1.43
2014.12.05 13:12:42.350,1.78653,1.78697,1.30,1.00
2014.12.05 13:12:42.451,1.78653,1.78697,1.00,1.00
2014.12.05 13:12:42.552,1.78654,1.787,1.00,1.43
2014.12.05 13:12:42.652,1.78653,1.78697,1.00,1.00
2014.12.05 13:12:42.804,1.78653,1.78697,1.30,1.00
2014.12.05 13:12:43.106,1.78653,1.78697,1.72,1.00
2014.12.05 13:12:43.157,1.78653,1.78697,1.30,1.00
2014.12.05 13:12:43.660,1.78653,1.78697,1.30,1.00
2014.12.05 13:12:43.962,1.78653,1.78695,1.30,1.00
2014.12.05 13:12:44.013,1.78653,1.78697,1.30,1.00
2014.12.05 13:12:44.849,1.78655,1.78699,1.72,2.18
2014.12.05 13:12:45.002,1.78655,1.78702,1.00,1.87
2014.12.05 13:12:45.456,1.78656,1.78702,1.12,1.50
2014.12.05 13:12:45.889,1.78658,1.78702,1.00,1.00
2014.12.05 13:12:45.990,1.78658,1.78705,1.00,1.43
2014.12.05 13:12:46.443,1.78658,1.78707,1.72,1.50
2014.12.05 13:12:46.544,1.78662,1.78707,1.30,1.50
2014.12.05 13:12:46.960,1.78662,1.78702,1.30,1.00
2014.12.05 13:12:47.465,1.78662,1.78702,1.30,1.00
2014.12.05 13:12:47.987,1.78663,1.78702,1.50,1.00
2014.12.05 13:12:48.391,1.78662,1.78702,1.30,1.12
2014.12.05 13:12:48.442,1.7866,1.78702,1.00,1.12
2014.12.05 13:12:48.968,1.7866,1.78701,1.00,1.00
2014.12.05 13:12:49.220,1.7866,1.78702,1.00,1.37
2014.12.05 13:12:49.271,1.78658,1.78702,1.00,1.37
2014.12.05 13:12:49.372,1.78658,1.78702,1.00,1.37
2014.12.05 13:12:49.523,1.78657,1.78697,1.30,1.00
2014.12.05 13:12:49.624,1.78657,1.78702,1.72,1.37
2014.12.05 13:12:49.724,1.78658,1.78702,1.87,1.00
2014.12.05 13:12:50.027,1.78658,1.78704,1.00,2.05
2014.12.05 13:12:50.077,1.78658,1.787,1.00,1.67
2014.12.05 13:12:50.128,1.78658,1.787,1.00,2.05
2014.12.05 13:12:50.178,1.78653,1.78697,1.50,2.10
2014.12.05 13:12:50.493,1.78653,1.78692,1.30,1.00
2014.12.05 13:12:50.796,1.78659,1.787,1.00,1.37
2014.12.05 13:12:50.847,1.78654,1.78696,1.50,1.00
2014.12.05 13:12:50.947,1.78654,1.78691,1.00,1.00
2014.12.05 13:12:51.048,1.78654,1.78697,1.00,2.47
2014.12.05 13:12:51.562,1.78654,1.78696,1.00,1.72
2014.12.05 13:12:51.972,1.78653,1.78692,1.00,1.00
2014.12.05 13:12:52.023,1.78649,1.78692,1.00,1.00
2014.12.05 13:12:52.074,1.78648,1.78687,1.50,1.00
2014.12.05 13:12:52.602,1.78648,1.78687,2.72,1.00
2014.12.05 13:12:52.704,1.78648,1.78691,3.47,1.00
2014.12.05 13:12:53.158,1.78648,1.78682,1.50,1.00
2014.12.05 13:12:53.259,1.78653,1.78697,1.00,1.50
2014.12.05 13:12:53.360,1.78653,1.78689,1.00,1.00
2014.12.05 13:12:53.461,1.78649,1.78691,1.00,1.50
2014.12.05 13:12:53.662,1.78648,1.78688,1.00,1.00
2014.12.05 13:12:54.166,1.78648,1.78688,1.30,1.00
2014.12.05 13:12:54.572,1.78654,1.78688,1.30,1.00
2014.12.05 13:12:54.623,1.78654,1.78695,1.30,1.00
2014.12.05 13:12:54.673,1.78654,1.78691,2.80,1.00
2014.12.05 13:12:54.774,1.78658,1.78696,1.50,1.00
2014.12.05 13:12:55.126,1.78658,1.787,2.80,1.00
2014.12.05 13:12:55.227,1.78658,1.787,2.80,1.00
2014.12.05 13:12:55.479,1.78658,1.78703,1.00,1.30
2014.12.05 13:12:55.580,1.78655,1.78692,1.00,1.00
2014.12.05 13:12:55.681,1.78653,1.78692,1.00,1.00
2014.12.05 13:12:56.014,1.78653,1.78697,2.80,1.00
2014.12.05 13:12:56.115,1.78655,1.78696,1.72,1.00
2014.12.05 13:12:56.517,1.78655,1.78693,1.00,1.00
2014.12.05 13:12:56.854,1.78668,1.78693,1.00,1.00
2014.12.05 13:12:57.006,1.78668,1.78696,1.00,1.00
2014.12.05 13:12:57.107,1.78668,1.78699,1.00,1.00
2014.12.05 13:12:57.359,1.78668,1.78699,1.30,1.00
2014.12.05 13:12:57.409,1.78668,1.78707,1.30,1.00
2014.12.05 13:12:57.460,1.78666,1.78707,1.00,1.00
2014.12.05 13:12:57.561,1.78666,1.78708,1.00,1.30
2014.12.05 13:12:57.662,1.78666,1.78709,1.00,1.00
2014.12.05 13:12:57.762,1.78666,1.78709,1.00,1.00
2014.12.05 13:12:57.863,1.78663,1.78705,1.50,1.00
2014.12.05 13:12:57.965,1.78663,1.78702,1.00,1.00
2014.12.05 13:12:58.066,1.78663,1.78707,1.50,1.00
2014.12.05 13:12:58.620,1.78663,1.78707,1.00,1.00
2014.12.05 13:12:59.126,1.78663,1.78707,1.00,1.50
2014.12.05 13:12:59.479,1.78663,1.78707,1.00,1.87
2014.12.05 13:12:59.580,1.78663,1.78707,1.00,1.50
2014.12.05 13:12:59.731,1.78664,1.78707,1.00,1.00
2014.12.05 13:13:00.337,1.78664,1.78711,2.87,1.87
2014.12.05 13:13:00.387,1.78668,1.78711,1.00,1.50
2014.12.05 13:13:00.844,1.78674,1.78711,1.00,1.00
2014.12.05 13:13:01.066,1.78674,1.78714,1.00,1.00
2014.12.05 13:13:01.167,1.78678,1.78716,1.00,1.12
2014.12.05 13:13:01.268,1.78673,1.78716,1.00,1.12
2014.12.05 13:13:01.319,1.78673,1.78716,1.00,1.37
2014.12.05 13:13:01.621,1.78673,1.78711,1.00,1.50
2014.12.05 13:13:01.671,1.78673,1.78711,1.00,1.37
2014.12.05 13:13:01.772,1.78673,1.78712,1.00,1.00
2014.12.05 13:13:01.923,1.78673,1.78707,1.00,1.00
2014.12.05 13:13:02.226,1.78674,1.78706,1.00,1.00
2014.12.05 13:13:02.276,1.78669,1.78709,1.00,1.00
2014.12.05 13:13:02.602,1.78669,1.7871,1.00,1.00
2014.12.05 13:13:02.904,1.78673,1.78712,1.00,1.30
2014.12.05 13:13:03.307,1.78673,1.78709,1.00,1.00
2014.12.05 13:13:03.609,1.78673,1.78708,1.00,1.00
2014.12.05 13:13:03.710,1.78673,1.78711,1.00,1.30
2014.12.05 13:13:03.961,1.7867,1.78705,1.00,1.30
2014.12.05 13:13:04.062,1.78668,1.78705,1.00,1.30
2014.12.05 13:13:04.163,1.78668,1.78701,1.00,1.30
2014.12.05 13:13:04.365,1.78668,1.78709,1.00,1.50
2014.12.05 13:13:04.466,1.78668,1.78709,1.00,1.00
2014.12.05 13:13:04.768,1.78673,1.78709,1.00,1.00
2014.12.05 13:13:04.919,1.78673,1.78712,1.00,1.00
2014.12.05 13:13:05.020,1.78673,1.78717,1.00,1.50
2014.12.05 13:13:05.121,1.78678,1.78721,1.00,1.00
2014.12.05 13:13:05.424,1.78678,1.78717,1.00,1.00
2014.12.05 13:13:05.877,1.78683,1.78717,1.00,1.00
2014.12.05 13:13:06.129,1.78683,1.78717,1.00,1.00
2014.12.05 13:13:06.180,1.78683,1.78722,1.00,1.00
2014.12.05 13:13:06.230,1.78683,1.78722,1.00,1.00
2014.12.05 13:13:06.755,1.78684,1.78723,1.00,1.00
2014.12.05 13:13:07.314,1.78684,1.78723,1.00,1.37
2014.12.05 13:13:07.415,1.7868,1.78722,1.00,2.10
2014.12.05 13:13:07.466,1.78677,1.78718,1.00,1.00
2014.12.05 13:13:07.617,1.78675,1.78718,1.00,1.37
2014.12.05 13:13:07.919,1.78675,1.78715,1.00,1.00
2014.12.05 13:13:08.256,1.78674,1.78709,1.00,1.00
2014.12.05 13:13:08.558,1.78673,1.787,1.00,1.30
2014.12.05 13:13:08.737,1.78674,1.78709,1.00,1.72
2014.12.05 13:13:08.787,1.78674,1.78705,1.00,1.00
2014.12.05 13:13:08.888,1.78674,1.78711,1.00,1.00
2014.12.05 13:13:09.133,1.78673,1.78711,1.00,1.37
2014.12.05 13:13:09.183,1.7867,1.78711,1.00,1.37
2014.12.05 13:13:09.234,1.7867,1.78711,1.50,1.00
2014.12.05 13:13:09.285,1.7867,1.78715,1.37,1.00
2014.12.05 13:13:09.436,1.78675,1.78717,1.72,1.00
2014.12.05 13:13:09.537,1.78678,1.78726,2.50,1.00
2014.12.05 13:13:10.343,1.78678,1.78721,2.50,1.00
2014.12.05 13:13:11.025,1.78678,1.78716,1.00,1.00
2014.12.05 13:13:11.176,1.78674,1.78716,1.50,1.00
2014.12.05 13:13:11.428,1.78674,1.78718,1.00,1.00
2014.12.05 13:13:11.731,1.78674,1.78719,1.00,1.50
2014.12.05 13:13:12.035,1.78678,1.78719,1.00,1.50
2014.12.05 13:13:12.299,1.78678,1.78721,1.00,1.00
2014.12.05 13:13:12.400,1.78678,1.78723,1.00,1.00
2014.12.05 13:13:12.822,1.78678,1.78723,1.00,1.37
2014.12.05 13:13:13.136,1.78679,1.78723,1.00,1.50
2014.12.05 13:13:13.654,1.78679,1.78723,1.00,1.50
2014.12.05 13:13:14.158,1.78678,1.78723,1.00,1.50
2014.12.05 13:13:14.410,1.78678,1.78723,1.00,1.50
2014.12.05 13:13:14.461,1.78678,1.78723,1.00,1.37
2014.12.05 13:13:14.562,1.78678,1.78723,2.35,1.12
2014.12.05 13:13:15.217,1.78682,1.78725,1.35,1.00
2014.12.05 13:13:15.380,1.78683,1.78731,1.50,1.37
2014.12.05 13:13:15.431,1.78683,1.78726,3.60,1.00
2014.12.05 13:13:15.633,1.78684,1.78731,1.72,1.37
2014.12.05 13:13:15.734,1.78684,1.78731,2.72,1.75
2014.12.05 13:13:15.835,1.78684,1.78727,1.00,1.00
2014.12.05 13:13:15.936,1.78683,1.78726,1.00,1.75
2014.12.05 13:13:16.238,1.78683,1.78718,1.00,1.00
2014.12.05 13:13:16.440,1.78679,1.78718,1.00,1.00
2014.12.05 13:13:16.491,1.78679,1.7872,1.00,1.00
2014.12.05 13:13:16.591,1.78679,1.78722,1.00,1.00
2014.12.05 13:13:16.864,1.78679,1.78722,1.00,1.00
2014.12.05 13:13:17.173,1.78676,1.78722,1.00,1.00
2014.12.05 13:13:17.224,1.78674,1.78715,1.00,1.00
2014.12.05 13:13:17.744,1.78673,1.78714,1.00,1.00
2014.12.05 13:13:18.830,1.78673,1.78714,1.00,1.00
2014.12.05 13:13:19.082,1.78674,1.78718,1.50,1.37
2014.12.05 13:13:19.233,1.78674,1.78718,1.00,1.37
2014.12.05 13:13:19.335,1.78669,1.78714,1.37,1.12
2014.12.05 13:13:19.883,1.78669,1.78714,1.87,1.00
2014.12.05 13:13:20.296,1.78669,1.7871,1.00,1.00
2014.12.05 13:13:20.598,1.78673,1.7871,3.47,1.00
2014.12.05 13:13:20.649,1.78675,1.78714,1.72,1.00
2014.12.05 13:13:20.901,1.78675,1.78714,1.00,1.00
2014.12.05 13:13:21.127,1.78675,1.78707,1.00,1.00
2014.12.05 13:13:21.329,1.78671,1.78708,1.00,1.00
2014.12.05 13:13:21.581,1.78674,1.78708,1.00,1.00
2014.12.05 13:13:22.108,1.78674,1.78708,1.00,1.00
2014.12.05 13:13:22.646,1.78674,1.78708,1.00,1.00
2014.12.05 13:13:22.747,1.78675,1.78714,1.72,1.00
2014.12.05 13:13:23.393,1.78675,1.78714,2.80,1.00
2014.12.05 13:13:23.495,1.78679,1.78716,1.50,1.00
2014.12.05 13:13:23.647,1.78679,1.78716,2.72,1.00
2014.12.05 13:13:23.899,1.78679,1.78716,1.50,1.00
2014.12.05 13:13:24.050,1.78679,1.78716,2.80,1.00
2014.12.05 13:13:24.473,1.78679,1.78716,3.22,1.00
2014.12.05 13:13:24.660,1.78679,1.78716,2.72,1.00
2014.12.05 13:13:24.863,1.78679,1.78716,1.72,1.00
2014.12.05 13:13:25.266,1.78679,1.78721,1.12,1.00
2014.12.05 13:13:25.317,1.78682,1.78722,1.12,1.00
2014.12.05 13:13:25.367,1.78682,1.78726,2.12,1.00
2014.12.05 13:13:25.871,1.78686,1.78726,1.72,1.00
2014.12.05 13:13:25.921,1.78686,1.78724,2.72,1.00
2014.12.05 13:13:26.255,1.78686,1.78718,2.72,1.00
2014.12.05 13:13:26.382,1.78686,1.78718,1.72,1.00
2014.12.05 13:13:26.433,1.78686,1.78718,1.30,1.00
2014.12.05 13:13:26.584,1.78698,1.78732,1.09,1.00
2014.12.05 13:13:26.635,1.78719,1.78735,1.00,1.00
2014.12.05 13:13:26.685,1.78719,1.78738,1.00,1.00
2014.12.05 13:13:26.787,1.78719,1.78744,1.00,1.00
2014.12.05 13:13:26.888,1.78722,1.78754,1.50,1.00
2014.12.05 13:13:27.056,1.78723,1.78758,1.50,1.00
2014.12.05 13:13:27.576,1.78723,1.78758,2.80,1.00
2014.12.05 13:13:27.778,1.78723,1.78754,1.30,1.00
2014.12.05 13:13:28.131,1.78724,1.78754,1.30,1.00
2014.12.05 13:13:28.333,1.78724,1.78756,1.30,1.00
2014.12.05 13:13:28.434,1.7872,1.78754,1.00,1.00
2014.12.05 13:13:28.585,1.7872,1.78752,1.00,1.00
2014.12.05 13:13:28.736,1.7872,1.78754,1.00,1.00
2014.12.05 13:13:28.887,1.78722,1.78757,1.12,1.00
2014.12.05 13:13:29.224,1.78727,1.78762,1.00,1.00
2014.12.05 13:13:29.543,1.78723,1.78757,1.00,1.00
2014.12.05 13:13:29.644,1.7872,1.78757,1.00,1.00
2014.12.05 13:13:29.795,1.7872,1.78759,1.00,1.00
2014.12.05 13:13:29.845,1.7872,1.78759,1.30,1.00
2014.12.05 13:13:30.298,1.7872,1.78759,1.30,1.00
2014.12.05 13:13:30.455,1.7872,1.78752,1.72,1.00
2014.12.05 13:13:30.606,1.7872,1.78759,1.00,1.00
2014.12.05 13:13:30.657,1.78717,1.78756,1.00,1.00
2014.12.05 13:13:30.959,1.78718,1.78761,1.00,1.50
2014.12.05 13:13:31.380,1.78718,1.78757,1.00,1.00
2014.12.05 13:13:31.884,1.78718,1.78757,1.00,1.00
2014.12.05 13:13:31.935,1.78718,1.78752,1.00,1.00
2014.12.05 13:13:32.137,1.78718,1.78757,1.00,1.00
2014.12.05 13:13:32.289,1.78718,1.78757,1.30,1.00
2014.12.05 13:13:32.801,1.78718,1.78757,1.30,1.00
2014.12.05 13:13:33.160,1.78718,1.78757,1.30,1.00
2014.12.05 13:13:33.412,1.78718,1.78758,2.80,1.00
2014.12.05 13:13:34.519,1.78718,1.78762,2.80,1.50
2014.12.05 13:13:34.936,1.78721,1.78762,1.30,1.50
2014.12.05 13:13:35.245,1.78721,1.78761,1.72,1.00
2014.12.05 13:13:35.447,1.78721,1.78756,1.72,1.00
2014.12.05 13:13:35.599,1.78716,1.78756,1.00,1.50
2014.12.05 13:13:35.649,1.78716,1.78756,1.00,1.00
2014.12.05 13:13:36.199,1.78716,1.78756,2.80,1.00
2014.12.05 13:13:36.691,1.78718,1.78757,1.12,1.00
2014.12.05 13:13:36.994,1.78721,1.7876,1.30,1.00
2014.12.05 13:13:37.409,1.78723,1.78761,1.00,1.00
2014.12.05 13:13:37.459,1.78726,1.78765,1.30,1.00
2014.12.05 13:13:37.611,1.78726,1.78761,1.30,1.00
2014.12.05 13:13:38.114,1.78726,1.78762,1.30,1.00
2014.12.05 13:13:38.425,1.78733,1.78761,1.30,1.00
2014.12.05 13:13:38.626,1.78733,1.78766,1.30,1.00
2014.12.05 13:13:38.677,1.78733,1.78766,1.30,1.00
2014.12.05 13:13:38.727,1.78733,1.78762,1.30,1.00
2014.12.05 13:13:38.778,1.78729,1.78762,1.30,1.00
2014.12.05 13:13:38.929,1.78728,1.78757,1.30,1.00
2014.12.05 13:13:38.980,1.78724,1.78757,1.30,1.00
2014.12.05 13:13:39.181,1.78724,1.78766,1.00,1.37
2014.12.05 13:13:39.232,1.78726,1.78766,1.30,1.37
2014.12.05 13:13:39.633,1.78729,1.78766,1.00,1.37
2014.12.05 13:13:41.015,1.78729,1.78766,1.00,1.37
2014.12.05 13:13:41.066,1.78729,1.78766,1.00,1.00
2014.12.05 13:13:41.225,1.78729,1.78772,1.30,1.50
2014.12.05 13:13:41.326,1.78732,1.78772,1.30,1.00
2014.12.05 13:13:41.639,1.78732,1.78769,1.30,1.00
2014.12.05 13:13:41.690,1.78732,1.78772,1.30,1.00
2014.12.05 13:13:41.791,1.78732,1.78766,1.30,1.00
2014.12.05 13:13:42.152,1.78732,1.7877,1.30,1.00
2014.12.05 13:13:42.203,1.78732,1.78772,1.30,1.00
2014.12.05 13:13:42.762,1.78732,1.78772,1.30,1.00
2014.12.05 13:13:43.743,1.78732,1.78772,1.30,1.00
2014.12.05 13:13:44.536,1.78733,1.78772,2.42,1.00
2014.12.05 13:13:44.915,1.78733,1.78772,2.42,1.00
2014.12.05 13:13:46.490,1.78733,1.78772,2.42,1.00
2014.12.05 13:13:47.205,1.78733,1.78775,2.35,1.81
2014.12.05 13:13:48.391,1.78734,1.78775,1.00,1.37
2014.12.05 13:13:49.001,1.78735,1.78775,1.30,1.37
2014.12.05 13:13:49.052,1.78735,1.78775,2.42,1.12
2014.12.05 13:13:49.214,1.7874,1.78775,1.30,1.12
2014.12.05 13:13:49.416,1.7874,1.78777,1.30,1.00
2014.12.05 13:13:49.467,1.78742,1.78777,1.30,1.00
2014.12.05 13:13:49.769,1.78748,1.78777,1.30,1.00
2014.12.05 13:13:49.871,1.78749,1.78785,1.30,1.43
2014.12.05 13:13:49.922,1.78749,1.78789,1.30,1.43
2014.12.05 13:13:50.073,1.78749,1.78786,1.30,1.00
2014.12.05 13:13:50.124,1.78749,1.78786,1.00,1.00
2014.12.05 13:13:50.225,1.78748,1.7879,1.00,1.50
2014.12.05 13:13:50.326,1.78743,1.78782,1.72,1.00
2014.12.05 13:13:50.578,1.78739,1.78779,1.00,1.30
2014.12.05 13:13:50.678,1.78739,1.78777,1.30,1.00
2014.12.05 13:13:50.880,1.78733,1.78772,1.00,1.00
2014.12.05 13:13:51.031,1.78729,1.78766,1.00,1.00
2014.12.05 13:13:51.132,1.78728,1.78768,1.00,1.72
2014.12.05 13:13:51.233,1.78728,1.78771,1.00,1.30
2014.12.05 13:13:51.334,1.78728,1.78767,1.00,1.00
2014.12.05 13:13:51.687,1.78723,1.78767,1.00,1.50
2014.12.05 13:13:51.788,1.78723,1.78763,1.00,1.00
2014.12.05 13:13:51.888,1.78719,1.78762,1.30,1.00
2014.12.05 13:13:52.073,1.78726,1.78762,1.30,1.00
2014.12.05 13:13:52.174,1.78726,1.78763,1.30,1.00
2014.12.05 13:13:52.326,1.78726,1.78767,1.30,1.00
2014.12.05 13:13:52.427,1.78728,1.78772,1.00,1.50
2014.12.05 13:13:52.527,1.78738,1.78766,1.30,1.00
2014.12.05 13:13:52.628,1.78737,1.78766,1.30,1.00
2014.12.05 13:13:52.729,1.78734,1.78767,1.30,1.00
2014.12.05 13:13:52.779,1.78734,1.78761,1.30,1.00
2014.12.05 13:13:52.981,1.78733,1.78767,1.30,1.00
2014.12.05 13:13:53.387,1.78733,1.78767,1.30,1.00
2014.12.05 13:13:53.900,1.78733,1.78767,1.30,1.00
2014.12.05 13:13:54.414,1.78733,1.78767,1.30,1.00
2014.12.05 13:13:55.169,1.78733,1.78767,1.30,1.00
2014.12.05 13:13:55.371,1.78733,1.78767,1.30,1.00
2014.12.05 13:13:56.276,1.78733,1.78767,1.30,1.37
2014.12.05 13:13:56.377,1.78733,1.78766,1.30,1.37
2014.12.05 13:13:56.478,1.78731,1.78766,1.30,1.50
2014.12.05 13:13:56.579,1.78731,1.78766,1.30,1.37
2014.12.05 13:13:56.780,1.78731,1.78765,1.30,1.50
2014.12.05 13:13:56.931,1.78731,1.78765,1.30,1.50
2014.12.05 13:13:57.413,1.78731,1.78772,1.30,1.87
2014.12.05 13:13:57.514,1.78731,1.78772,1.30,1.87
2014.12.05 13:13:57.816,1.78729,1.78763,1.30,1.87
2014.12.05 13:13:57.917,1.78726,1.78766,1.30,1.87
2014.12.05 13:13:58.018,1.78724,1.78764,1.00,1.37
2014.12.05 13:13:58.119,1.78724,1.78764,1.00,1.50
2014.12.05 13:13:58.371,1.78724,1.78762,1.30,1.00
2014.12.05 13:13:58.471,1.78724,1.78761,1.30,1.00
2014.12.05 13:13:58.673,1.78724,1.78766,1.30,1.00
2014.12.05 13:13:58.774,1.78727,1.78766,1.30,1.00
2014.12.05 13:13:59.076,1.78727,1.78766,1.30,1.37
2014.12.05 13:13:59.177,1.78727,1.78766,1.30,1.00
2014.12.05 13:13:59.228,1.78731,1.78766,1.30,1.00
2014.12.05 13:13:59.447,1.7873,1.78767,1.30,1.37
2014.12.05 13:13:59.498,1.7873,1.78767,1.30,1.50
2014.12.05 13:13:59.701,1.78725,1.78767,1.30,1.50
2014.12.05 13:13:59.903,1.78725,1.78767,1.30,1.37
2014.12.05 13:14:00.428,1.78725,1.78766,1.30,1.12
2014.12.05 13:14:00.655,1.78725,1.78767,1.30,1.37
2014.12.05 13:14:00.773,1.78726,1.78769,1.12,1.81
2014.12.05 13:14:00.983,1.78727,1.7877,1.30,1.37
2014.12.05 13:14:01.335,1.78733,1.78771,1.00,1.37
2014.12.05 13:14:01.839,1.78734,1.78767,1.30,1.00
2014.12.05 13:14:01.990,1.78734,1.7877,1.30,1.37
2014.12.05 13:14:02.537,1.78734,1.7877,1.00,1.37
2014.12.05 13:14:02.963,1.78735,1.7877,1.30,1.37
2014.12.05 13:14:03.063,1.78735,1.7877,1.72,1.37
2014.12.05 13:14:03.672,1.78735,1.7877,1.30,1.37
2014.12.05 13:14:04.806,1.78735,1.7877,1.30,1.00
2014.12.05 13:14:04.856,1.78738,1.7877,1.30,1.00
2014.12.05 13:14:05.159,1.78746,1.78775,1.30,1.81
2014.12.05 13:14:05.311,1.78746,1.78775,1.30,1.00
2014.12.05 13:14:05.613,1.78749,1.78779,1.30,1.00
2014.12.05 13:14:05.714,1.78753,1.78784,1.30,1.00
2014.12.05 13:14:05.865,1.78753,1.7879,1.30,1.81
2014.12.05 13:14:06.693,1.78753,1.7879,1.30,1.12
2014.12.05 13:14:07.331,1.78753,1.78789,1.72,1.00
2014.12.05 13:14:07.838,1.78753,1.78792,1.00,1.37
2014.12.05 13:14:08.144,1.78754,1.78793,1.00,1.37
2014.12.05 13:14:08.249,1.78754,1.78793,1.00,1.12
2014.12.05 13:14:08.350,1.78754,1.78794,1.00,1.81
2014.12.05 13:14:08.501,1.78758,1.78795,1.00,1.12
2014.12.05 13:14:08.954,1.78758,1.78799,1.00,1.75
2014.12.05 13:14:09.408,1.78758,1.78797,1.00,1.75
2014.12.05 13:14:09.711,1.78758,1.78793,1.00,1.37
2014.12.05 13:14:10.173,1.78758,1.78794,1.00,1.75
2014.12.05 13:14:10.375,1.78753,1.78792,1.00,1.37
2014.12.05 13:14:10.584,1.78753,1.78781,1.30,1.00
2014.12.05 13:14:10.685,1.78748,1.78781,1.30,1.00
2014.12.05 13:14:10.736,1.78748,1.78781,1.30,1.37
2014.12.05 13:14:10.938,1.78738,1.78781,1.00,1.75
2014.12.05 13:14:11.039,1.78738,1.78775,1.00,1.00
2014.12.05 13:14:11.320,1.78738,1.78781,1.00,1.00
2014.12.05 13:14:11.371,1.78738,1.78784,1.00,1.00
2014.12.05 13:14:11.472,1.78738,1.78782,1.30,1.00
2014.12.05 13:14:11.573,1.78738,1.78781,1.30,1.00
2014.12.05 13:14:12.082,1.78738,1.78782,1.00,1.00
2014.12.05 13:14:12.183,1.78738,1.78784,1.00,1.00
2014.12.05 13:14:12.544,1.78737,1.78782,1.72,1.37
2014.12.05 13:14:12.909,1.78737,1.78784,1.00,1.75
2014.12.05 13:14:13.061,1.78736,1.78779,1.30,1.37
2014.12.05 13:14:13.320,1.78736,1.78779,1.00,1.37
2014.12.05 13:14:13.579,1.78735,1.78779,1.37,1.37
2014.12.05 13:14:14.522,1.78735,1.78779,2.12,1.37
2014.12.05 13:14:15.099,1.78735,1.78779,3.10,1.37
2014.12.05 13:14:15.840,1.78735,1.78779,2.10,1.37
2014.12.05 13:14:15.930,1.78735,1.78779,2.42,1.37
2014.12.05 13:14:16.597,1.78735,1.78772,1.30,1.37
2014.12.05 13:14:16.698,1.78735,1.78772,1.00,1.12
2014.12.05 13:14:16.849,1.78738,1.78772,1.00,1.12
2014.12.05 13:14:17.051,1.78738,1.78779,1.30,1.00
2014.12.05 13:14:17.153,1.78738,1.78779,1.00,1.00
2014.12.05 13:14:17.407,1.78738,1.78779,1.30,1.00
2014.12.05 13:14:18.367,1.78738,1.78779,1.00,1.12
2014.12.05 13:14:18.468,1.78738,1.78782,1.72,1.37
2014.12.05 13:14:18.770,1.78739,1.78785,2.72,1.37
2014.12.05 13:14:19.073,1.78739,1.78782,2.84,1.00
2014.12.05 13:14:19.375,1.78738,1.78772,1.72,1.87
2014.12.05 13:14:19.829,1.78738,1.78772,1.30,1.00
2014.12.05 13:14:20.368,1.78738,1.78773,1.30,1.12
2014.12.05 13:14:20.570,1.78737,1.78773,1.30,1.37
2014.12.05 13:14:20.721,1.78736,1.78773,1.30,1.37
2014.12.05 13:14:21.224,1.78735,1.78773,1.30,1.37
2014.12.05 13:14:21.677,1.78733,1.78769,1.30,1.12
2014.12.05 13:14:21.778,1.78731,1.78769,1.30,1.12
2014.12.05 13:14:21.829,1.78731,1.78764,1.30,1.00
2014.12.05 13:14:22.334,1.78731,1.78764,1.30,1.00
2014.12.05 13:14:22.536,1.78731,1.78769,1.30,1.12
2014.12.05 13:14:23.003,1.78731,1.78769,1.30,1.37
2014.12.05 13:14:23.318,1.78731,1.78769,1.00,1.50
2014.12.05 13:14:24.103,1.78731,1.78769,1.72,1.37
2014.12.05 13:14:24.932,1.78731,1.78765,1.00,1.00
2014.12.05 13:14:25.286,1.78731,1.78765,1.30,1.37
2014.12.05 13:14:25.337,1.78731,1.78767,2.39,1.00
2014.12.05 13:14:25.388,1.78731,1.78769,2.39,1.12
2014.12.05 13:14:25.439,1.78731,1.78769,1.00,1.75
2014.12.05 13:14:25.842,1.78731,1.78765,1.00,1.30
2014.12.05 13:14:25.993,1.78728,1.78766,1.72,1.50
2014.12.05 13:14:26.094,1.78728,1.78764,1.00,1.30
2014.12.05 13:14:26.398,1.78723,1.78756,1.00,1.50
2014.12.05 13:14:26.702,1.78723,1.78762,1.30,2.25
2014.12.05 13:14:26.853,1.78724,1.78762,1.00,1.50
2014.12.05 13:14:26.904,1.78724,1.78766,1.00,1.50
2014.12.05 13:14:27.311,1.78727,1.78766,1.30,1.50
2014.12.05 13:14:27.831,1.78727,1.78766,1.30,1.50
2014.12.05 13:14:28.304,1.78727,1.78766,1.30,1.37
2014.12.05 13:14:28.405,1.78727,1.78766,1.30,1.37
2014.12.05 13:14:28.922,1.78723,1.78766,1.37,1.37
2014.12.05 13:14:29.126,1.78723,1.78766,1.12,1.50
2014.12.05 13:14:29.821,1.78723,1.78766,1.00,3.00
2014.12.05 13:14:30.023,1.78723,1.78766,1.00,1.37
2014.12.05 13:14:30.109,1.78723,1.78766,1.00,1.50
2014.12.05 13:14:30.419,1.78718,1.78756,1.00,1.37
2014.12.05 13:14:30.520,1.78714,1.78752,1.00,1.00
2014.12.05 13:14:30.621,1.78714,1.78751,1.00,1.00
2014.12.05 13:14:30.822,1.78713,1.78751,1.00,1.37
2014.12.05 13:14:30.923,1.78713,1.78751,1.00,1.12
2014.12.05 13:14:31.226,1.78713,1.78749,1.30,1.00
2014.12.05 13:14:31.680,1.78714,1.78749,1.30,1.00
2014.12.05 13:14:31.982,1.78718,1.78753,1.30,1.00
2014.12.05 13:14:32.590,1.78718,1.78753,1.30,1.00
2014.12.05 13:14:32.741,1.78718,1.78748,1.30,1.00
2014.12.05 13:14:32.993,1.78717,1.78748,1.30,1.00
2014.12.05 13:14:38.140,1.78717,1.78748,1.30,1.00
2014.12.05 13:14:38.241,1.78717,1.78752,1.30,1.37
2014.12.05 13:14:38.687,1.78716,1.78752,1.30,1.37
2014.12.05 13:14:39.225,1.78716,1.78752,1.30,1.37
2014.12.05 13:14:39.758,1.78716,1.78752,1.30,1.37
2014.12.05 13:14:39.960,1.78716,1.78752,1.30,1.87
2014.12.05 13:14:40.476,1.78715,1.78749,1.00,1.37
2014.12.05 13:14:40.912,1.78715,1.78749,1.30,1.00
2014.12.05 13:14:41.214,1.78719,1.78756,1.30,1.00
2014.12.05 13:14:41.768,1.78719,1.78756,1.30,1.87
2014.12.05 13:14:41.919,1.78719,1.78756,1.30,1.12
2014.12.05 13:14:42.173,1.78718,1.78756,1.00,1.37
2014.12.05 13:14:42.475,1.78718,1.78752,1.00,1.37
2014.12.05 13:14:43.012,1.78718,1.78755,1.00,1.37
2014.12.05 13:14:43.343,1.78718,1.78753,1.00,1.37
2014.12.05 13:14:43.877,1.78718,1.78753,1.00,1.37
2014.12.05 13:14:45.005,1.78718,1.78753,2.72,1.37
2014.12.05 13:14:45.156,1.7872,1.78756,1.30,1.00
2014.12.05 13:14:45.408,1.7872,1.78757,1.00,1.37
2014.12.05 13:14:45.861,1.78722,1.78757,1.30,1.00
2014.12.05 13:14:46.185,1.78724,1.78757,1.30,1.00
2014.12.05 13:14:46.285,1.78724,1.78757,1.30,1.00
2014.12.05 13:14:46.789,1.78724,1.78757,1.30,1.00
2014.12.05 13:14:47.051,1.78725,1.78757,1.30,1.00
2014.12.05 13:14:47.567,1.78725,1.78757,1.30,1.00
2014.12.05 13:14:48.081,1.78725,1.78757,1.30,1.00
2014.12.05 13:14:49.037,1.78726,1.78757,1.30,1.00
2014.12.05 13:14:49.238,1.78727,1.78764,1.00,1.00
2014.12.05 13:14:49.390,1.78733,1.78764,1.30,1.00
2014.12.05 13:14:49.642,1.78733,1.78766,1.30,1.00
2014.12.05 13:14:49.843,1.78734,1.78769,1.30,1.00
2014.12.05 13:14:49.944,1.78734,1.78767,1.30,1.00
2014.12.05 13:14:50.051,1.78734,1.78769,1.30,1.00
2014.12.05 13:14:50.555,1.78735,1.78771,1.00,1.00
2014.12.05 13:14:51.372,1.78735,1.78772,1.00,1.00
2014.12.05 13:14:54.487,1.78741,1.78774,1.30,1.00
2014.12.05 13:14:54.538,1.78742,1.78777,2.35,1.00
2014.12.05 13:14:54.790,1.78744,1.78779,1.50,1.00
2014.12.05 13:14:55.099,1.78746,1.78779,1.30,1.00
2014.12.05 13:14:55.351,1.78747,1.78779,1.50,1.00
2014.12.05 13:14:55.453,1.78747,1.78779,2.80,1.00
2014.12.05 13:14:55.662,1.78747,1.78779,2.80,1.00
2014.12.05 13:14:56.198,1.78747,1.78779,1.30,1.00
2014.12.05 13:14:57.304,1.78747,1.78779,1.30,1.00
2014.12.05 13:14:57.506,1.78751,1.78787,1.30,1.00
2014.12.05 13:14:57.858,1.78751,1.78782,1.30,1.00
2014.12.05 13:14:57.959,1.78751,1.78782,1.30,1.00
2014.12.05 13:14:58.164,1.7875,1.78782,1.00,1.87
2014.12.05 13:14:58.769,1.7875,1.78777,1.00,1.00
2014.12.05 13:14:58.870,1.7875,1.78782,1.00,1.50
2014.12.05 13:14:59.474,1.7875,1.78782,1.30,1.00
2014.12.05 13:14:59.693,1.7875,1.78782,1.30,1.00
2014.12.05 13:15:00.176,1.7875,1.78782,1.30,1.00
2014.12.05 13:15:00.479,1.78748,1.78779,1.72,1.00
2014.12.05 13:15:00.731,1.78746,1.78779,1.30,1.12
2014.12.05 13:15:01.096,1.78745,1.78776,1.00,1.00
2014.12.05 13:15:01.501,1.78745,1.78779,1.00,1.12
2014.12.05 13:15:02.006,1.78745,1.78779,1.30,1.12
2014.12.05 13:15:02.117,1.78745,1.78779,1.00,1.12
2014.12.05 13:15:03.031,1.78745,1.78779,1.30,1.12
2014.12.05 13:15:04.639,1.78745,1.78779,1.30,1.12
2014.12.05 13:15:04.968,1.78745,1.78779,1.30,1.37
2014.12.05 13:15:05.495,1.78745,1.78779,1.30,1.37
2014.12.05 13:15:05.646,1.78745,1.78779,1.00,1.37
2014.12.05 13:15:05.747,1.78745,1.78779,1.00,1.00
2014.12.05 13:15:06.100,1.78745,1.78774,1.30,1.00
2014.12.05 13:15:06.302,1.78745,1.7878,1.30,1.37
2014.12.05 13:15:07.205,1.78745,1.7878,1.72,1.37
2014.12.05 13:15:07.256,1.78745,1.78777,1.72,1.00
2014.12.05 13:15:07.307,1.78743,1.78776,1.30,1.00
2014.12.05 13:15:07.609,1.78743,1.78776,1.30,1.00
2014.12.05 13:15:08.125,1.78743,1.78776,1.30,1.00
2014.12.05 13:15:08.649,1.78743,1.78776,1.30,1.00
2014.12.05 13:15:08.999,1.78743,1.78776,1.30,1.00
2014.12.05 13:15:09.402,1.78744,1.78781,1.72,1.50
2014.12.05 13:15:10.800,1.78744,1.78781,2.80,1.50
2014.12.05 13:15:11.890,1.78744,1.78781,1.30,1.37
2014.12.05 13:15:12.192,1.78745,1.78777,1.30,1.00
2014.12.05 13:15:13.121,1.78745,1.78779,1.30,1.00
2014.12.05 13:15:13.815,1.78745,1.78779,1.30,1.00
2014.12.05 13:15:14.485,1.78745,1.78779,1.30,1.12
2014.12.05 13:15:14.911,1.78745,1.78779,1.72,1.12
2014.12.05 13:15:15.372,1.78745,1.78779,1.30,1.12
2014.12.05 13:15:15.769,1.78745,1.78779,1.72,1.12
2014.12.05 13:15:16.539,1.78745,1.78779,1.30,1.12
2014.12.05 13:15:16.915,1.78745,1.78779,1.30,1.12
2014.12.05 13:15:17.666,1.78747,1.78779,1.30,1.00
2014.12.05 13:15:17.868,1.78751,1.78787,1.30,1.00
2014.12.05 13:15:17.969,1.78753,1.78787,2.80,1.50
2014.12.05 13:15:18.120,1.78753,1.78787,2.80,1.87
2014.12.05 13:15:18.545,1.78752,1.78784,1.00,1.00
2014.12.05 13:15:18.797,1.78752,1.78782,1.00,1.00
2014.12.05 13:15:19.000,1.78748,1.78779,1.00,1.72
2014.12.05 13:15:19.101,1.78743,1.78775,1.00,1.00
2014.12.05 13:15:19.202,1.78743,1.78775,1.30,1.00
2014.12.05 13:15:19.303,1.78744,1.78782,1.72,1.00
2014.12.05 13:15:19.555,1.78744,1.7878,2.72,1.00
2014.12.05 13:15:19.857,1.78744,1.78771,1.30,1.00
2014.12.05 13:15:20.328,1.7874,1.78771,1.30,1.00
2014.12.05 13:15:20.504,1.7874,1.78771,1.30,1.00
2014.12.05 13:15:20.605,1.7874,1.78776,1.72,1.00
2014.12.05 13:15:20.656,1.78743,1.78778,1.50,1.00
2014.12.05 13:15:21.390,1.78743,1.78778,1.50,1.00
2014.12.05 13:15:21.826,1.78743,1.78778,2.80,1.00
2014.12.05 13:15:22.356,1.78744,1.78778,1.72,1.00
2014.12.05 13:15:22.889,1.78744,1.78778,2.80,1.00
2014.12.05 13:15:23.045,1.78744,1.78778,1.50,1.37
2014.12.05 13:15:23.146,1.78744,1.78773,1.00,1.12
2014.12.05 13:15:23.449,1.78744,1.78771,1.00,1.00
2014.12.05 13:15:23.600,1.78745,1.78778,1.12,1.00
2014.12.05 13:15:23.701,1.78745,1.78778,1.00,1.00
2014.12.05 13:15:23.879,1.78745,1.78778,2.12,1.00
2014.12.05 13:15:24.081,1.78745,1.78778,1.00,1.00
2014.12.05 13:15:24.596,1.78745,1.78778,1.30,1.00
2014.12.05 13:15:26.378,1.78745,1.78778,1.30,1.00
2014.12.05 13:15:28.431,1.78745,1.78778,1.72,1.00
2014.12.05 13:15:28.941,1.78745,1.78778,1.30,1.00
2014.12.05 13:15:29.936,1.78745,1.78778,1.30,1.37
2014.12.05 13:15:29.986,1.78743,1.78775,1.00,1.37
2014.12.05 13:15:30.440,1.78741,1.78775,1.00,1.00
2014.12.05 13:15:30.555,1.78741,1.78775,1.00,1.00
2014.12.05 13:15:31.059,1.78741,1.78775,1.30,1.00
2014.12.05 13:15:34.266,1.78741,1.78775,2.80,1.00
2014.12.05 13:15:34.627,1.78743,1.78775,1.00,1.00
2014.12.05 13:15:35.651,1.78748,1.78775,1.00,1.00
2014.12.05 13:15:35.960,1.78748,1.78775,1.00,1.00
2014.12.05 13:15:37.040,1.78749,1.78775,1.00,1.00
2014.12.05 13:15:37.615,1.78749,1.78775,1.00,1.00
2014.12.05 13:15:37.960,1.78749,1.78775,1.00,1.00
2014.12.05 13:15:38.212,1.78749,1.78779,1.00,1.00
2014.12.05 13:15:38.263,1.78747,1.78779,1.30,1.00
2014.12.05 13:15:38.314,1.78747,1.78779,1.64,1.00
2014.12.05 13:15:38.616,1.78755,1.78789,1.30,1.00
2014.12.05 13:15:39.020,1.78757,1.78789,1.30,1.00
2014.12.05 13:15:39.182,1.78758,1.78792,1.50,1.00
2014.12.05 13:15:39.970,1.78758,1.78792,2.80,1.00
2014.12.05 13:15:40.476,1.78759,1.78792,1.30,1.00
2014.12.05 13:15:42.324,1.78759,1.78792,1.30,1.00
2014.12.05 13:15:42.894,1.78759,1.78792,1.30,1.00
2014.12.05 13:15:44.502,1.78759,1.78792,1.30,1.00
2014.12.05 13:15:44.728,1.78759,1.78792,1.30,1.00
2014.12.05 13:15:45.233,1.78759,1.78792,1.30,1.00
2014.12.05 13:15:45.839,1.78759,1.78792,1.30,1.00
2014.12.05 13:15:46.121,1.78759,1.78792,1.30,1.37
2014.12.05 13:15:46.273,1.78754,1.78786,1.00,1.12
2014.12.05 13:15:46.525,1.78754,1.78785,1.00,3.60
2014.12.05 13:15:46.576,1.78748,1.7878,1.00,1.00
2014.12.05 13:15:46.684,1.78743,1.78777,1.00,1.00
2014.12.05 13:15:46.785,1.78743,1.78773,1.00,1.00
2014.12.05 13:15:46.835,1.78741,1.78773,1.00,1.00
2014.12.05 13:15:46.987,1.78741,1.78773,1.00,1.00
2014.12.05 13:15:47.088,1.78741,1.78773,1.00,1.00
2014.12.05 13:15:47.340,1.78741,1.78774,1.30,1.00
2014.12.05 13:15:47.862,1.78741,1.78774,1.72,1.00
2014.12.05 13:15:48.163,1.78744,1.78774,1.00,1.00
2014.12.05 13:15:48.264,1.78743,1.78774,1.72,1.00
2014.12.05 13:15:48.466,1.78743,1.78774,1.30,1.00
2014.12.05 13:15:48.567,1.78743,1.78774,1.30,1.00
2014.12.05 13:15:48.668,1.78744,1.78774,1.30,1.00
2014.12.05 13:15:48.996,1.78748,1.78777,1.30,1.00
2014.12.05 13:15:49.349,1.78751,1.78784,1.30,1.00
2014.12.05 13:15:49.450,1.78753,1.78787,1.50,1.00
2014.12.05 13:15:49.651,1.78753,1.78784,1.30,1.00
2014.12.05 13:15:49.903,1.78752,1.78784,1.30,1.00
2014.12.05 13:15:50.070,1.78752,1.78787,1.00,1.00
2014.12.05 13:15:50.372,1.78752,1.78782,1.30,1.00
2014.12.05 13:15:50.422,1.7875,1.78782,1.00,1.00
2014.12.05 13:15:50.674,1.7875,1.78782,1.30,1.00
2014.12.05 13:15:50.775,1.7875,1.78782,1.72,1.00
2014.12.05 13:15:50.876,1.7875,1.78778,1.30,1.00
2014.12.05 13:15:50.977,1.7875,1.78782,1.30,1.00
2014.12.05 13:15:51.330,1.78751,1.78782,1.30,1.00
2014.12.05 13:15:51.431,1.78751,1.78785,1.30,1.00
2014.12.05 13:15:51.633,1.78751,1.78785,1.30,1.00
2014.12.05 13:15:51.734,1.78751,1.78788,1.00,1.00
2014.12.05 13:15:52.253,1.78751,1.78788,1.30,1.00
2014.12.05 13:15:52.505,1.7875,1.78784,1.00,1.00
2014.12.05 13:15:52.606,1.78746,1.78778,1.00,1.00
2014.12.05 13:15:52.922,1.78746,1.78776,1.30,1.00
2014.12.05 13:15:54.010,1.78746,1.78776,1.00,1.00
2014.12.05 13:15:54.799,1.78746,1.78776,1.30,1.00
2014.12.05 13:15:55.342,1.78746,1.78776,1.30,1.00
2014.12.05 13:15:55.493,1.78747,1.78781,2.80,1.00
2014.12.05 13:15:55.594,1.78749,1.78781,1.00,1.00
2014.12.05 13:15:56.130,1.78749,1.78781,1.00,1.00
2014.12.05 13:15:56.337,1.78749,1.78781,1.30,1.00
2014.12.05 13:15:57.364,1.78749,1.78781,1.00,1.00
2014.12.05 13:15:57.568,1.78749,1.78781,1.30,1.00
2014.12.05 13:15:57.669,1.78749,1.78781,1.30,1.00
2014.12.05 13:15:57.972,1.78748,1.78781,1.30,1.00
2014.12.05 13:15:58.123,1.78748,1.78776,1.30,1.00
2014.12.05 13:15:58.541,1.78748,1.78776,1.30,1.00
2014.12.05 13:15:58.642,1.78747,1.78776,1.30,1.00
2014.12.05 13:15:58.693,1.78747,1.78781,1.72,1.00
2014.12.05 13:15:58.744,1.78747,1.78781,2.72,1.00
2014.12.05 13:15:59.060,1.78747,1.78781,2.72,1.37
2014.12.05 13:15:59.161,1.78747,1.78781,2.72,1.00
2014.12.05 13:15:59.212,1.78747,1.78777,1.00,1.00
2014.12.05 13:15:59.665,1.78745,1.78777,1.72,1.00
2014.12.05 13:16:00.508,1.78745,1.78777,1.30,1.00
2014.12.05 13:16:00.759,1.78745,1.78774,1.30,1.00
2014.12.05 13:16:00.810,1.78744,1.78774,1.30,1.00
2014.12.05 13:16:01.338,1.78743,1.78774,1.00,1.00
2014.12.05 13:16:03.584,1.78743,1.78774,1.00,1.00
2014.12.05 13:16:03.635,1.78743,1.78781,2.72,2.10
2014.12.05 13:16:03.736,1.78743,1.78777,2.72,1.00
2014.12.05 13:16:03.837,1.78743,1.78781,2.72,1.72
2014.12.05 13:16:03.988,1.78743,1.78781,2.72,2.10
2014.12.05 13:16:04.291,1.78743,1.78776,1.30,1.37
2014.12.05 13:16:04.342,1.78742,1.78775,1.00,2.10
2014.12.05 13:16:04.527,1.78739,1.78772,1.00,1.00
2014.12.05 13:16:04.591,1.78739,1.78768,1.00,1.00
2014.12.05 13:16:04.823,1.78734,1.78768,1.00,1.00
2014.12.05 13:16:06.243,1.78734,1.78768,2.80,1.00
2014.12.05 13:16:06.755,1.78734,1.78768,1.72,1.00
2014.12.05 13:16:07.362,1.78734,1.78767,1.00,1.00
2014.12.05 13:16:07.865,1.78734,1.78768,1.87,1.00
2014.12.05 13:16:08.017,1.78734,1.78771,2.12,1.00
2014.12.05 13:16:08.319,1.78744,1.78775,1.00,1.00
2014.12.05 13:16:08.370,1.78744,1.78779,1.00,1.00
2014.12.05 13:16:11.632,1.78744,1.78779,2.80,1.00
2014.12.05 13:16:12.425,1.78744,1.78779,1.30,1.00
2014.12.05 13:16:13.323,1.78744,1.78779,2.72,1.87
2014.12.05 13:16:13.626,1.7874,1.78774,1.00,1.37
2014.12.05 13:16:14.131,1.7874,1.78774,1.00,1.12
2014.12.05 13:16:14.533,1.7874,1.78773,1.00,1.37
2014.12.05 13:16:14.634,1.78735,1.78767,1.72,1.00
2014.12.05 13:16:15.151,1.78735,1.78767,1.30,1.00
2014.12.05 13:16:15.252,1.78735,1.78767,1.30,1.00
2014.12.05 13:16:15.403,1.78735,1.78771,1.50,1.00
2014.12.05 13:16:15.906,1.78738,1.78771,1.50,1.00
2014.12.05 13:16:16.410,1.78738,1.78771,1.00,1.00
2014.12.05 13:16:18.004,1.78739,1.78771,2.72,1.00
2014.12.05 13:16:20.330,1.78739,1.78771,2.80,1.00
2014.12.05 13:16:21.159,1.78739,1.78771,2.80,1.00
2014.12.05 13:16:22.413,1.78739,1.78771,2.80,1.00
2014.12.05 13:16:23.701,1.78739,1.78771,2.80,1.00
2014.12.05 13:16:23.959,1.78739,1.78771,2.72,1.00
2014.12.05 13:16:25.037,1.78739,1.78771,2.80,1.00
2014.12.05 13:16:26.007,1.78739,1.78771,1.72,1.00
2014.12.05 13:16:27.068,1.78739,1.78776,1.72,1.00
2014.12.05 13:16:27.119,1.78742,1.78776,1.50,1.00
2014.12.05 13:16:27.169,1.78743,1.7878,1.72,1.00
2014.12.05 13:16:27.321,1.78745,1.7878,1.30,1.00
2014.12.05 13:16:27.827,1.78746,1.78782,1.30,1.00
2014.12.05 13:16:28.350,1.78747,1.78782,1.30,1.00
2014.12.05 13:16:28.565,1.78749,1.78782,1.72,1.00
2014.12.05 13:16:29.073,1.78749,1.78782,1.30,1.00
2014.12.05 13:16:29.124,1.78749,1.78779,1.30,1.00
2014.12.05 13:16:29.648,1.78749,1.78779,1.30,1.00
2014.12.05 13:16:30.336,1.78749,1.78779,1.30,1.00
2014.12.05 13:16:31.279,1.78749,1.78779,1.30,1.00
2014.12.05 13:16:31.844,1.78749,1.78779,1.30,1.00
2014.12.05 13:16:33.038,1.78748,1.78779,1.30,1.00
2014.12.05 13:16:33.440,1.78743,1.78775,1.00,1.00
2014.12.05 13:16:33.743,1.78743,1.78775,1.30,1.00
2014.12.05 13:16:34.045,1.78745,1.78775,1.30,1.00
2014.12.05 13:16:34.095,1.78745,1.78778,1.30,1.00
2014.12.05 13:16:34.196,1.78745,1.78781,1.30,1.00
2014.12.05 13:16:34.485,1.78745,1.78781,1.30,1.00
2014.12.05 13:16:34.989,1.78745,1.78781,1.72,1.00
2014.12.05 13:16:35.140,1.78745,1.78781,1.30,1.00
2014.12.05 13:16:35.442,1.78747,1.78781,1.50,1.00
2014.12.05 13:16:35.899,1.78747,1.78781,1.00,1.00
2014.12.05 13:16:36.101,1.78748,1.78781,1.12,1.00
2014.12.05 13:16:36.201,1.78756,1.78793,1.12,1.00
2014.12.05 13:16:36.403,1.78759,1.78793,1.00,1.00
2014.12.05 13:16:36.608,1.78759,1.78793,1.00,1.00
2014.12.05 13:16:36.882,1.78758,1.7879,1.00,1.00
2014.12.05 13:16:37.386,1.78758,1.7879,1.00,1.00
2014.12.05 13:16:37.940,1.78758,1.78795,1.00,1.50
2014.12.05 13:16:38.142,1.78759,1.78795,1.50,1.00
2014.12.05 13:16:38.192,1.78759,1.78798,1.50,1.00
2014.12.05 13:16:38.495,1.78759,1.78798,2.50,2.25
2014.12.05 13:16:38.797,1.78755,1.7878,1.00,1.00
2014.12.05 13:16:39.121,1.78753,1.78778,1.72,1.00
2014.12.05 13:16:39.172,1.78753,1.78787,2.47,1.00
2014.12.05 13:16:39.335,1.78753,1.78787,2.72,1.00
2014.12.05 13:16:40.118,1.78754,1.78787,1.00,1.00
2014.12.05 13:16:40.571,1.78753,1.78786,1.50,1.30
2014.12.05 13:16:40.672,1.78753,1.78782,1.00,1.00
2014.12.05 13:16:41.025,1.78748,1.7878,1.00,1.37
2014.12.05 13:16:41.126,1.78744,1.78777,1.00,1.00
2014.12.05 13:16:41.227,1.78744,1.78777,1.00,1.00
2014.12.05 13:16:41.767,1.78744,1.78777,1.00,1.00
2014.12.05 13:16:43.198,1.78744,1.78777,1.30,1.00
2014.12.05 13:16:43.299,1.78744,1.78777,1.00,1.00
2014.12.05 13:16:44.719,1.78744,1.78777,1.00,1.00
2014.12.05 13:16:45.201,1.78745,1.78781,1.72,1.00
2014.12.05 13:16:45.718,1.78745,1.78781,2.72,2.10
2014.12.05 13:16:45.970,1.78745,1.78777,1.00,1.00
2014.12.05 13:16:47.361,1.78745,1.78777,1.00,1.00
2014.12.05 13:16:47.875,1.78745,1.78777,1.00,1.00
2014.12.05 13:16:49.047,1.78746,1.7878,1.72,1.00
2014.12.05 13:16:49.551,1.78746,1.7878,1.00,1.00
2014.12.05 13:16:50.151,1.78748,1.7878,1.00,1.00
2014.12.05 13:16:50.352,1.78748,1.78786,2.84,1.00
2014.12.05 13:16:50.453,1.78754,1.78786,1.00,1.00
2014.12.05 13:16:50.705,1.78754,1.78786,1.00,1.00
2014.12.05 13:16:51.222,1.78754,1.78786,1.30,1.00
2014.12.05 13:16:51.273,1.78754,1.78786,1.00,1.00
2014.12.05 13:16:53.549,1.78754,1.78786,1.30,1.00
2014.12.05 13:16:54.385,1.78754,1.78786,1.00,1.00
2014.12.05 13:16:55.010,1.78754,1.78786,1.30,1.00
2014.12.05 13:16:55.932,1.78754,1.78786,1.30,1.00
2014.12.05 13:16:56.361,1.78754,1.78786,1.30,1.00
2014.12.05 13:16:57.998,1.78753,1.78786,1.72,1.00
2014.12.05 13:16:58.301,1.78753,1.78789,1.00,1.00
2014.12.05 13:16:58.403,1.78753,1.78789,1.00,1.00
2014.12.05 13:16:58.817,1.78758,1.78789,1.00,1.00
2014.12.05 13:16:58.868,1.78758,1.78789,1.00,1.00
2014.12.05 13:16:59.069,1.78759,1.78789,1.00,1.00
2014.12.05 13:16:59.503,1.78758,1.78789,1.37,1.72
2014.12.05 13:16:59.604,1.7876,1.78794,1.12,1.00
2014.12.05 13:17:01.027,1.78763,1.78794,1.00,1.00
2014.12.05 13:17:02.244,1.78764,1.78794,1.00,1.00
2014.12.05 13:17:02.787,1.78764,1.78794,1.00,1.00
2014.12.05 13:17:03.337,1.78763,1.78794,1.00,1.00
2014.12.05 13:17:03.605,1.78763,1.78794,1.00,1.00
2014.12.05 13:17:03.938,1.78763,1.78794,1.00,1.00
2014.12.05 13:17:04.158,1.78763,1.78794,1.00,1.00
2014.12.05 13:17:04.670,1.78764,1.78794,1.00,1.00
2014.12.05 13:17:05.678,1.78764,1.78794,1.00,1.00
2014.12.05 13:17:05.829,1.78765,1.78794,1.30,1.00
2014.12.05 13:17:05.880,1.78765,1.78802,1.72,1.00
2014.12.05 13:17:06.334,1.78769,1.78802,1.72,1.00
2014.12.05 13:17:06.788,1.78773,1.78807,1.72,1.87
2014.12.05 13:17:08.302,1.78773,1.78805,1.00,1.00
2014.12.05 13:17:08.403,1.7877,1.78802,1.30,1.50
2014.12.05 13:17:08.454,1.78768,1.78798,1.50,1.30
2014.12.05 13:17:08.957,1.78768,1.788,1.00,1.00
2014.12.05 13:17:09.058,1.78769,1.78804,2.72,1.00
2014.12.05 13:17:09.461,1.78769,1.78802,1.00,1.30
2014.12.05 13:17:09.612,1.78767,1.78799,1.72,1.00
2014.12.05 13:17:09.663,1.78767,1.78799,1.30,1.00
2014.12.05 13:17:09.864,1.78767,1.78799,1.00,1.00
2014.12.05 13:17:10.116,1.78767,1.78804,3.10,1.72
2014.12.05 13:17:12.163,1.78767,1.78798,1.30,1.00
2014.12.05 13:17:12.570,1.78768,1.78802,1.50,1.00
2014.12.05 13:17:12.922,1.78768,1.78802,2.72,1.00
2014.12.05 13:17:13.275,1.78768,1.78802,1.72,1.00
2014.12.05 13:17:13.386,1.78769,1.78802,1.00,1.00
2014.12.05 13:17:13.567,1.78769,1.78802,1.72,1.00
2014.12.05 13:17:13.686,1.78769,1.78802,1.00,1.00
2014.12.05 13:17:13.938,1.78769,1.78807,3.22,1.37
2014.12.05 13:17:14.669,1.78771,1.78807,1.72,1.37
2014.12.05 13:17:15.182,1.78773,1.78807,3.17,1.00
2014.12.05 13:17:15.333,1.78778,1.78813,2.72,1.00
2014.12.05 13:17:15.434,1.78778,1.78817,2.62,1.00
2014.12.05 13:17:15.585,1.78784,1.78817,1.00,1.00
2014.12.05 13:17:15.686,1.78783,1.78817,1.50,1.00
2014.12.05 13:17:15.797,1.78783,1.78817,2.80,1.00
2014.12.05 13:17:16.798,1.78785,1.78817,1.30,1.00
2014.12.05 13:17:17.000,1.78789,1.78822,1.00,1.00
2014.12.05 13:17:17.100,1.78789,1.78822,1.30,1.00
2014.12.05 13:17:17.777,1.78789,1.78822,1.30,1.00
2014.12.05 13:17:18.312,1.78789,1.78822,1.30,1.00
2014.12.05 13:17:18.704,1.78788,1.78822,1.50,1.00
2014.12.05 13:17:18.805,1.78788,1.78822,3.17,1.00
2014.12.05 13:17:19.117,1.78789,1.78825,2.10,1.00
2014.12.05 13:17:22.091,1.78793,1.78829,1.50,1.00
2014.12.05 13:17:24.415,1.78793,1.78829,2.80,1.00
2014.12.05 13:17:24.516,1.78793,1.78829,2.80,1.00
2014.12.05 13:17:25.247,1.78793,1.78832,1.30,1.37
2014.12.05 13:17:25.398,1.78793,1.78832,1.37,1.00
2014.12.05 13:17:27.055,1.78793,1.78832,1.00,1.12
2014.12.05 13:17:27.118,1.78794,1.78832,1.00,1.12
2014.12.05 13:17:27.458,1.78794,1.7883,1.00,1.30
2014.12.05 13:17:27.962,1.78794,1.78831,1.00,1.30
2014.12.05 13:17:28.265,1.78798,1.78832,1.30,1.00
2014.12.05 13:17:28.467,1.78798,1.78832,1.30,1.00
2014.12.05 13:17:29.001,1.78794,1.78831,1.30,1.37
2014.12.05 13:17:29.102,1.78794,1.78831,1.30,1.37
2014.12.05 13:17:29.405,1.78794,1.78826,1.00,2.10
2014.12.05 13:17:29.455,1.78788,1.78826,1.50,1.37
2014.12.05 13:17:29.556,1.78788,1.78826,1.00,1.37
2014.12.05 13:17:29.758,1.78788,1.78826,1.50,1.37
2014.12.05 13:17:29.909,1.78788,1.78826,1.00,1.37
2014.12.05 13:17:30.429,1.78789,1.78826,1.00,1.37
2014.12.05 13:17:30.681,1.78789,1.78826,1.00,1.37
2014.12.05 13:17:31.194,1.78788,1.78826,1.50,1.37
2014.12.05 13:17:31.716,1.78788,1.78823,1.00,1.00
2014.12.05 13:17:31.817,1.78784,1.78823,1.12,1.50
2014.12.05 13:17:31.867,1.78784,1.78823,1.00,1.50
2014.12.05 13:17:32.078,1.78784,1.78823,1.12,1.50
2014.12.05 13:17:32.540,1.78784,1.78823,1.00,1.50
2014.12.05 13:17:32.854,1.78783,1.78823,1.87,1.50
2014.12.05 13:17:33.059,1.78783,1.78823,2.12,1.50
2014.12.05 13:17:34.085,1.78788,1.78823,1.00,1.50
2014.12.05 13:17:35.158,1.78788,1.78825,2.12,1.00
2014.12.05 13:17:35.410,1.78788,1.78825,1.87,1.00
2014.12.05 13:17:35.716,1.78789,1.78825,1.00,1.00
2014.12.05 13:17:35.886,1.78789,1.78824,1.00,1.00
2014.12.05 13:17:35.936,1.78789,1.78822,1.00,1.37
2014.12.05 13:17:36.239,1.78789,1.78819,1.00,1.30
2014.12.05 13:17:36.545,1.78789,1.78809,1.00,1.30
2014.12.05 13:17:36.595,1.78781,1.78806,1.00,1.30
2014.12.05 13:17:36.847,1.78778,1.78806,1.00,1.30
2014.12.05 13:17:36.948,1.78778,1.78803,1.00,1.30
2014.12.05 13:17:37.417,1.78773,1.78803,1.00,1.30
2014.12.05 13:17:37.569,1.78769,1.78803,1.72,1.30
2014.12.05 13:17:37.779,1.78768,1.78801,1.00,1.00
2014.12.05 13:17:38.663,1.78768,1.78803,1.00,1.00
2014.12.05 13:17:38.965,1.78766,1.78803,1.00,1.00
2014.12.05 13:17:39.016,1.78766,1.788,1.00,1.00
2014.12.05 13:17:39.117,1.78766,1.78804,1.00,1.00
2014.12.05 13:17:39.218,1.78766,1.78802,1.00,1.00
2014.12.05 13:17:39.269,1.78764,1.78802,1.00,1.00
2014.12.05 13:17:39.320,1.78763,1.788,1.00,1.00
2014.12.05 13:17:39.627,1.78763,1.788,1.30,1.00
2014.12.05 13:17:39.879,1.78766,1.78806,1.50,1.00
2014.12.05 13:17:40.986,1.78766,1.78802,1.00,1.00
2014.12.05 13:17:41.137,1.78764,1.78802,1.37,1.00
2014.12.05 13:17:41.238,1.78764,1.78802,2.12,1.00
2014.12.05 13:17:41.541,1.7877,1.78806,1.30,1.00
2014.12.05 13:17:41.692,1.7877,1.78806,1.30,1.00
2014.12.05 13:17:42.017,1.78768,1.78806,1.00,2.10
2014.12.05 13:17:42.067,1.78768,1.78804,1.00,1.00
2014.12.05 13:17:42.370,1.78768,1.78801,1.00,1.30
2014.12.05 13:17:42.913,1.78768,1.78799,1.00,1.00
2014.12.05 13:17:43.425,1.78768,1.78798,1.00,1.00
2014.12.05 13:17:43.729,1.78769,1.78807,1.00,1.00
2014.12.05 13:17:43.881,1.78769,1.78807,1.00,2.10
2014.12.05 13:17:44.082,1.78769,1.78802,1.00,1.30
2014.12.05 13:17:44.183,1.78769,1.78799,1.00,1.00
2014.12.05 13:17:44.538,1.78769,1.78799,1.00,1.00
2014.12.05 13:17:44.941,1.78769,1.78802,1.00,1.00
2014.12.05 13:17:45.193,1.78769,1.78804,1.72,1.00
2014.12.05 13:17:45.395,1.78773,1.78807,1.00,1.00
2014.12.05 13:17:46.018,1.78773,1.78807,1.30,1.00
2014.12.05 13:17:46.538,1.78773,1.78806,1.00,1.00
2014.12.05 13:17:46.856,1.78773,1.78806,1.00,1.00
2014.12.05 13:17:47.314,1.78773,1.78806,1.72,1.00
2014.12.05 13:17:47.581,1.78773,1.78803,1.00,1.00
2014.12.05 13:17:47.892,1.7877,1.78803,1.30,1.00
2014.12.05 13:17:48.401,1.78769,1.78803,2.47,1.00
2014.12.05 13:17:48.619,1.78769,1.78803,2.72,1.00
2014.12.05 13:17:48.852,1.78769,1.78803,1.72,1.00
2014.12.05 13:17:49.360,1.78769,1.78803,1.30,1.00
2014.12.05 13:17:49.410,1.78769,1.78803,2.72,1.00
2014.12.05 13:17:49.763,1.78771,1.78803,1.30,1.00
2014.12.05 13:17:50.087,1.78773,1.78803,1.00,1.00
2014.12.05 13:17:50.159,1.78773,1.78803,1.30,1.00
2014.12.05 13:17:50.512,1.78773,1.78803,1.72,1.00
2014.12.05 13:17:50.764,1.78773,1.78807,2.72,1.00
2014.12.05 13:17:51.015,1.78773,1.78804,1.30,1.00
2014.12.05 13:17:51.369,1.78774,1.78804,1.00,1.00
2014.12.05 13:17:51.621,1.78773,1.78804,1.72,1.00
2014.12.05 13:17:52.405,1.78774,1.78804,1.00,1.00
2014.12.05 13:17:54.006,1.78774,1.78804,1.00,1.00
2014.12.05 13:17:54.357,1.78774,1.78804,1.30,1.00
2014.12.05 13:17:54.559,1.78774,1.78804,1.00,1.00
2014.12.05 13:17:55.438,1.78774,1.78804,1.30,1.00
2014.12.05 13:17:55.562,1.78774,1.78804,1.00,1.00
2014.12.05 13:17:56.138,1.78774,1.78804,1.30,1.00
2014.12.05 13:17:57.472,1.78774,1.78804,1.30,1.00
2014.12.05 13:17:57.995,1.78774,1.78804,1.00,1.00
2014.12.05 13:17:58.846,1.78771,1.78804,1.30,1.00
2014.12.05 13:17:59.655,1.78771,1.78804,1.30,1.00
2014.12.05 13:18:00.386,1.78771,1.78804,1.00,1.00
2014.12.05 13:18:00.711,1.78771,1.788,1.00,1.00
2014.12.05 13:18:00.867,1.78771,1.788,1.30,1.00
2014.12.05 13:18:01.019,1.78771,1.78805,1.00,1.00
2014.12.05 13:18:01.423,1.78773,1.78805,1.50,1.00
2014.12.05 13:18:01.727,1.78773,1.78805,2.80,1.00
2014.12.05 13:18:03.397,1.78774,1.78805,1.30,1.00
2014.12.05 13:18:03.548,1.78776,1.78809,1.30,1.00
2014.12.05 13:18:03.750,1.78776,1.78804,1.30,1.00
2014.12.05 13:18:04.026,1.7878,1.78809,1.30,1.00
2014.12.05 13:18:04.177,1.78783,1.78809,1.30,1.00
2014.12.05 13:18:04.429,1.78784,1.78814,1.30,1.00
2014.12.05 13:18:04.631,1.78784,1.78814,1.30,1.00
2014.12.05 13:18:05.186,1.78783,1.78814,1.30,1.00
2014.12.05 13:18:05.526,1.78783,1.78814,1.30,1.00
2014.12.05 13:18:06.634,1.78783,1.78814,1.30,1.00
2014.12.05 13:18:06.736,1.78783,1.78808,1.72,1.00
2014.12.05 13:18:06.837,1.78781,1.78808,1.30,1.00
2014.12.05 13:18:07.139,1.78778,1.78808,1.72,1.00
2014.12.05 13:18:07.290,1.78778,1.78805,1.00,1.00
2014.12.05 13:18:07.392,1.78774,1.78805,1.72,1.00
2014.12.05 13:18:09.230,1.78773,1.78805,1.00,1.72
2014.12.05 13:18:09.684,1.78773,1.78805,2.42,1.00
2014.12.05 13:18:09.836,1.78774,1.78809,1.12,1.00
2014.12.05 13:18:09.886,1.78778,1.78809,1.00,1.00
2014.12.05 13:18:10.208,1.78783,1.78812,1.00,1.00
2014.12.05 13:18:10.258,1.78783,1.78816,1.00,1.00
2014.12.05 13:18:11.406,1.78784,1.78816,1.00,1.00
2014.12.05 13:18:11.928,1.78784,1.78816,1.00,1.00
2014.12.05 13:18:11.979,1.78784,1.78814,1.00,1.35
2014.12.05 13:18:12.180,1.78783,1.78813,1.00,1.37
2014.12.05 13:18:12.281,1.78783,1.78813,1.00,1.37
2014.12.05 13:18:12.584,1.78783,1.78808,1.00,1.00
2014.12.05 13:18:13.037,1.78778,1.78808,1.72,1.00
2014.12.05 13:18:13.292,1.78778,1.78808,1.00,1.00
2014.12.05 13:18:13.367,1.78778,1.78808,1.00,1.00
2014.12.05 13:18:13.916,1.78778,1.78808,1.00,1.00
2014.12.05 13:18:14.177,1.78778,1.78808,1.72,1.00
2014.12.05 13:18:16.287,1.78778,1.78808,1.30,1.00
2014.12.05 13:18:16.338,1.78778,1.78808,1.00,1.00
2014.12.05 13:18:16.868,1.78779,1.78808,1.30,1.00
2014.12.05 13:18:17.069,1.78781,1.78811,1.30,1.00
2014.12.05 13:18:17.609,1.78781,1.78811,1.30,1.00
2014.12.05 13:18:18.227,1.78781,1.78811,1.30,1.00
2014.12.05 13:18:19.706,1.78781,1.78811,1.30,1.00
2014.12.05 13:18:19.857,1.78783,1.78811,1.00,1.00
2014.12.05 13:18:20.406,1.78783,1.78811,1.30,1.00
2014.12.05 13:18:20.608,1.78783,1.78811,1.00,1.37
2014.12.05 13:18:20.659,1.78781,1.78811,1.30,1.37
2014.12.05 13:18:20.760,1.78779,1.78811,1.72,1.37
2014.12.05 13:18:20.911,1.78779,1.7881,1.50,1.37
2014.12.05 13:18:21.414,1.78779,1.78807,1.72,1.00
2014.12.05 13:18:21.717,1.78779,1.78811,1.30,1.00
2014.12.05 13:18:21.818,1.78779,1.78811,1.30,1.00
2014.12.05 13:18:21.919,1.78778,1.78811,1.00,1.37
2014.12.05 13:18:22.019,1.78778,1.78805,1.00,1.00
2014.12.05 13:18:22.422,1.78778,1.78805,1.00,1.00
2014.12.05 13:18:22.473,1.78778,1.78809,1.00,1.00
2014.12.05 13:18:22.524,1.78784,1.78809,1.00,1.00
2014.12.05 13:18:22.776,1.78785,1.78817,1.72,1.00
2014.12.05 13:18:22.877,1.78785,1.78817,1.00,1.00
2014.12.05 13:18:23.314,1.78785,1.78817,1.00,1.00
2014.12.05 13:18:23.465,1.78788,1.78823,1.50,1.00
2014.12.05 13:18:23.566,1.78792,1.78823,1.30,1.00
2014.12.05 13:18:23.667,1.78792,1.78826,1.30,1.00
2014.12.05 13:18:23.768,1.78794,1.78826,1.30,1.00
2014.12.05 13:18:24.273,1.78794,1.78826,1.00,1.00
2014.12.05 13:18:24.791,1.78794,1.78826,1.30,1.00
2014.12.05 13:18:25.407,1.78794,1.78826,1.30,1.00
2014.12.05 13:18:25.660,1.78794,1.78826,1.72,1.00
2014.12.05 13:18:25.862,1.78794,1.78823,1.00,1.00
2014.12.05 13:18:26.185,1.78792,1.78819,1.30,1.00
2014.12.05 13:18:26.236,1.78788,1.78819,1.00,1.00
2014.12.05 13:18:26.437,1.78788,1.78815,1.30,1.00
2014.12.05 13:18:26.538,1.78788,1.78815,1.72,1.00
2014.12.05 13:18:26.742,1.78788,1.78815,1.30,1.00
2014.12.05 13:18:26.956,1.78788,1.78815,1.30,1.00
2014.12.05 13:18:27.208,1.78788,1.78815,1.30,1.00
2014.12.05 13:18:27.437,1.78788,1.78819,1.30,1.12
2014.12.05 13:18:27.739,1.78788,1.78822,2.72,1.00
2014.12.05 13:18:28.092,1.78792,1.78822,1.30,1.00
2014.12.05 13:18:28.394,1.78793,1.78827,2.80,1.00
2014.12.05 13:18:28.545,1.78796,1.78827,1.30,1.00
2014.12.05 13:18:29.086,1.78797,1.78827,1.30,1.00
2014.12.05 13:18:30.278,1.78799,1.78827,1.30,1.00
2014.12.05 13:18:30.600,1.78799,1.78827,1.30,1.00
2014.12.05 13:18:31.127,1.78799,1.78827,1.30,1.00
2014.12.05 13:18:32.166,1.78799,1.78827,1.30,1.00
2014.12.05 13:18:32.711,1.78799,1.78827,1.30,1.00
2014.12.05 13:18:33.219,1.78799,1.78827,1.30,1.00
2014.12.05 13:18:33.471,1.78794,1.78827,1.00,1.37
2014.12.05 13:18:33.522,1.78793,1.78827,2.47,1.37
2014.12.05 13:18:33.824,1.78793,1.78821,1.00,1.12
2014.12.05 13:18:33.875,1.78789,1.78821,1.00,1.12
2014.12.05 13:18:33.926,1.78789,1.78821,1.30,1.12
2014.12.05 13:18:34.027,1.78789,1.78821,1.30,1.12
2014.12.05 13:18:34.077,1.78789,1.78821,2.72,1.12
2014.12.05 13:18:34.380,1.78795,1.78831,1.72,1.00
2014.12.05 13:18:34.582,1.78795,1.78827,1.00,1.00
2014.12.05 13:18:35.047,1.78795,1.7883,1.50,1.00
2014.12.05 13:18:35.098,1.78799,1.7883,1.30,1.00
2014.12.05 13:18:36.305,1.788,1.7883,1.30,1.00
2014.12.05 13:18:36.908,1.788,1.78836,1.30,1.37
2014.12.05 13:18:37.455,1.78803,1.78839,1.50,2.25
2014.12.05 13:18:37.557,1.78803,1.78839,2.80,1.37
2014.12.05 13:18:37.759,1.78803,1.78839,2.80,1.87
2014.12.05 13:18:37.860,1.78804,1.78839,1.30,1.12
2014.12.05 13:18:38.203,1.78807,1.78839,1.30,1.00
2014.12.05 13:18:38.304,1.78808,1.78841,1.50,1.00
2014.12.05 13:18:38.405,1.78809,1.78841,1.30,1.00
2014.12.05 13:18:38.917,1.7881,1.78841,1.30,1.00
2014.12.05 13:18:40.202,1.78811,1.78841,1.30,1.00
2014.12.05 13:18:40.616,1.78811,1.78845,1.30,1.00
2014.12.05 13:18:40.918,1.78813,1.78847,1.50,1.12
2014.12.05 13:18:41.183,1.78814,1.78847,1.30,1.12
2014.12.05 13:18:41.697,1.78814,1.78847,1.30,1.12
2014.12.05 13:18:42.037,1.78816,1.78847,1.30,1.00
2014.12.05 13:18:42.139,1.78816,1.78847,1.30,1.00
2014.12.05 13:18:42.286,1.78818,1.78852,1.50,1.37
2014.12.05 13:18:42.336,1.78819,1.78852,1.00,1.37
2014.12.05 13:18:42.438,1.78819,1.78852,1.72,1.37
2014.12.05 13:18:42.690,1.78818,1.78852,1.72,1.37
2014.12.05 13:18:43.031,1.78818,1.78852,1.72,1.50
2014.12.05 13:18:50.114,1.78818,1.78852,1.00,1.37
2014.12.05 13:18:52.382,1.78818,1.78852,1.00,1.50
2014.12.05 13:18:52.687,1.78818,1.78852,1.00,1.37
2014.12.05 13:18:52.788,1.78818,1.78852,1.72,1.12
2014.12.05 13:18:53.040,1.78818,1.78855,3.47,1.00
2014.12.05 13:18:53.577,1.78823,1.78855,1.50,1.00
2014.12.05 13:18:54.033,1.78823,1.78855,2.80,1.37
2014.12.05 13:18:54.285,1.78823,1.78855,1.00,1.00
2014.12.05 13:18:54.436,1.78823,1.78855,1.00,1.37
2014.12.05 13:18:54.891,1.78823,1.78855,1.00,1.12
2014.12.05 13:18:55.625,1.78823,1.78855,1.00,1.37
2014.12.05 13:18:56.344,1.78823,1.78855,1.00,1.00
2014.12.05 13:18:56.696,1.78823,1.78859,1.00,1.12
2014.12.05 13:18:57.161,1.78823,1.78859,1.00,1.37
2014.12.05 13:18:57.262,1.78823,1.78859,1.00,1.00
2014.12.05 13:18:57.414,1.78824,1.78859,1.00,1.37
2014.12.05 13:18:57.615,1.78824,1.7886,1.00,1.67
2014.12.05 13:18:57.666,1.78824,1.78862,1.30,1.50
2014.12.05 13:18:57.868,1.78823,1.78862,1.50,1.00
2014.12.05 13:18:58.120,1.78823,1.78862,1.00,1.00
2014.12.05 13:18:58.448,1.78828,1.78862,1.00,1.00
2014.12.05 13:18:58.781,1.78828,1.78865,2.72,1.00
2014.12.05 13:18:59.035,1.78828,1.78865,1.30,1.00
2014.12.05 13:18:59.187,1.78828,1.78865,1.00,1.37
2014.12.05 13:18:59.617,1.78828,1.78865,1.00,1.75
2014.12.05 13:18:59.668,1.78823,1.78859,1.50,1.12
2014.12.05 13:18:59.718,1.78823,1.78859,1.50,1.75
2014.12.05 13:18:59.819,1.78818,1.78856,1.50,1.67
2014.12.05 13:18:59.920,1.78818,1.78853,1.00,1.37
2014.12.05 13:19:00.172,1.78815,1.78852,1.00,2.10
2014.12.05 13:19:00.223,1.78811,1.78851,1.00,1.37
2014.12.05 13:19:00.424,1.7881,1.78848,1.00,1.00
2014.12.05 13:19:00.928,1.78809,1.78848,1.00,1.37
2014.12.05 13:19:01.225,1.78809,1.78848,1.37,1.00
2014.12.05 13:19:01.377,1.78809,1.78848,3.10,1.00
2014.12.05 13:19:01.428,1.78811,1.78851,1.72,1.00
2014.12.05 13:19:01.479,1.78815,1.78851,1.00,1.00
2014.12.05 13:19:01.529,1.78815,1.78854,1.00,1.00
2014.12.05 13:19:01.630,1.78818,1.7886,1.50,1.00
2014.12.05 13:19:01.832,1.78818,1.78857,1.72,1.00
2014.12.05 13:19:01.983,1.78818,1.78856,1.30,1.30
2014.12.05 13:19:02.034,1.78818,1.78856,1.30,1.67
2014.12.05 13:19:02.084,1.78818,1.78854,1.72,1.67
2014.12.05 13:19:02.236,1.78818,1.78855,1.50,1.00
2014.12.05 13:19:02.639,1.78818,1.78853,1.50,1.30
2014.12.05 13:19:02.941,1.78818,1.78849,1.50,1.30
2014.12.05 13:19:03.142,1.78813,1.78849,1.72,1.30
2014.12.05 13:19:03.344,1.78813,1.78852,1.00,1.50
2014.12.05 13:19:03.394,1.78811,1.78848,1.00,1.37
2014.12.05 13:19:03.908,1.78813,1.78848,1.00,1.00
2014.12.05 13:19:03.959,1.78813,1.78852,2.84,1.00
2014.12.05 13:19:04.162,1.78813,1.78853,1.00,1.50
2014.12.05 13:19:04.274,1.78813,1.78852,1.00,1.37
2014.12.05 13:19:04.491,1.7881,1.78847,1.00,1.37
2014.12.05 13:19:05.008,1.7881,1.78847,1.00,1.12
2014.12.05 13:19:06.945,1.78808,1.78844,1.00,1.00
2014.12.05 13:19:08.652,1.78808,1.78844,1.00,1.00
2014.12.05 13:19:09.615,1.78808,1.78844,1.00,1.00
2014.12.05 13:19:10.035,1.78805,1.78844,1.87,1.00
2014.12.05 13:19:10.584,1.78805,1.78844,2.87,1.00
2014.12.05 13:19:10.740,1.78805,1.78844,1.87,1.00
2014.12.05 13:19:10.916,1.78805,1.78844,2.87,1.00
2014.12.05 13:19:11.446,1.78805,1.78844,2.87,1.00
2014.12.05 13:19:11.797,1.78805,1.78844,1.87,1.00
2014.12.05 13:19:12.364,1.78805,1.78844,2.87,1.00
2014.12.05 13:19:12.605,1.78805,1.78844,1.87,1.00
2014.12.05 13:19:12.709,1.78805,1.78844,2.87,1.00
2014.12.05 13:19:13.120,1.78806,1.78844,1.12,1.00
2014.12.05 13:19:13.429,1.78808,1.78844,1.00,1.00
2014.12.05 13:19:13.595,1.78808,1.78844,1.37,1.00
2014.12.05 13:19:17.995,1.78808,1.78844,1.00,1.87
2014.12.05 13:19:19.279,1.78805,1.78844,1.00,2.85
2014.12.05 13:19:20.855,1.78805,1.78844,1.00,2.85
2014.12.05 13:19:22.120,1.78806,1.78847,1.12,1.37
2014.12.05 13:19:23.126,1.78806,1.78847,2.12,1.87
2014.12.05 13:19:24.025,1.78806,1.78847,1.50,1.87
2014.12.05 13:19:24.336,1.78808,1.78847,1.00,1.87
2014.12.05 13:19:25.121,1.78808,1.78847,1.50,1.87
2014.12.05 13:19:25.473,1.78808,1.78847,2.12,1.50
2014.12.05 13:19:25.584,1.78808,1.78847,1.87,1.50
2014.12.05 13:19:25.685,1.78809,1.78847,1.00,1.50
2014.12.05 13:19:26.099,1.78809,1.78847,1.00,1.50
2014.12.05 13:19:26.340,1.78809,1.78847,1.00,1.50
2014.12.05 13:19:26.718,1.7881,1.7885,1.12,1.12
2014.12.05 13:19:26.925,1.7881,1.7885,1.00,1.12
2014.12.05 13:19:28.606,1.7881,1.7885,1.00,1.37
2014.12.05 13:19:32.214,1.78808,1.78846,1.12,1.00
2014.12.05 13:19:32.466,1.78808,1.78848,2.12,1.12
2014.12.05 13:19:36.406,1.78808,1.78849,3.97,1.00
2014.12.05 13:19:36.507,1.78809,1.78852,1.72,1.37
2014.12.05 13:19:36.609,1.78812,1.78853,1.00,1.37
2014.12.05 13:19:36.659,1.78813,1.78853,1.12,1.12
2014.12.05 13:19:37.171,1.78813,1.78855,2.62,1.00
2014.12.05 13:19:37.272,1.78816,1.78857,3.10,1.00
2014.12.05 13:19:37.580,1.78823,1.78861,1.12,1.00
2014.12.05 13:19:37.882,1.78822,1.78851,1.00,1.00
2014.12.05 13:19:38.034,1.78818,1.78851,1.00,1.00
2014.12.05 13:19:38.084,1.78818,1.78841,1.00,1.30
2014.12.05 13:19:38.185,1.78814,1.78841,1.00,1.30
2014.12.05 13:19:38.336,1.7881,1.78841,1.00,1.30
2014.12.05 13:19:38.387,1.7881,1.78836,1.00,1.30
2014.12.05 13:19:38.707,1.78808,1.78829,1.00,1.30
2014.12.05 13:19:38.858,1.78804,1.78828,1.00,1.30
2014.12.05 13:19:39.161,1.78804,1.78828,1.00,1.30
2014.12.05 13:19:39.374,1.78803,1.78828,1.00,1.30
2014.12.05 13:19:39.852,1.78803,1.78826,1.00,1.30
2014.12.05 13:19:39.954,1.78803,1.78825,1.00,1.30
2014.12.05 13:19:40.055,1.78804,1.78825,1.00,1.30
2014.12.05 13:19:40.156,1.78803,1.78825,1.00,1.30
2014.12.05 13:19:40.814,1.78803,1.78824,1.00,1.30
2014.12.05 13:19:41.366,1.78803,1.78822,1.00,1.30
2014.12.05 13:19:41.947,1.78803,1.78818,1.00,1.30
2014.12.05 13:19:42.364,1.78799,1.78818,1.00,1.30
2014.12.05 13:19:42.823,1.78798,1.7882,1.00,1.30
2014.12.05 13:19:43.025,1.78793,1.7882,1.00,1.30
2014.12.05 13:19:43.277,1.78793,1.78822,1.00,1.30
2014.12.05 13:19:43.489,1.78793,1.78824,1.00,1.30
2014.12.05 13:19:43.593,1.78794,1.78823,1.00,1.30
2014.12.05 13:19:44.108,1.78794,1.78824,1.00,1.30
2014.12.05 13:19:44.694,1.78794,1.7882,1.00,1.30
2014.12.05 13:19:44.745,1.78794,1.7882,1.00,1.30
2014.12.05 13:19:44.796,1.78794,1.78817,1.00,1.30
2014.12.05 13:19:45.098,1.78787,1.78813,1.00,1.30
2014.12.05 13:19:45.149,1.78787,1.78808,1.00,1.30
2014.12.05 13:19:45.301,1.78782,1.78805,1.00,1.30
2014.12.05 13:19:45.704,1.78782,1.78812,1.00,1.30
2014.12.05 13:19:45.855,1.78778,1.78812,1.00,1.72
2014.12.05 13:19:46.364,1.78778,1.78811,1.00,1.30
2014.12.05 13:19:46.867,1.78778,1.78809,1.00,1.30
2014.12.05 13:19:48.873,1.78778,1.78808,1.00,1.30
2014.12.05 13:19:48.923,1.78773,1.78807,1.00,1.00
2014.12.05 13:19:55.656,1.78773,1.78807,2.12,1.00
2014.12.05 13:19:55.757,1.78778,1.78814,1.00,1.00
2014.12.05 13:19:55.959,1.78778,1.78817,2.99,1.00
2014.12.05 13:19:56.110,1.78782,1.78821,2.12,1.00
2014.12.05 13:19:58.944,1.78781,1.78815,1.00,1.00
2014.12.05 13:19:59.303,1.78781,1.78817,1.00,1.00
2014.12.05 13:20:00.281,1.78783,1.78817,1.00,1.00
2014.12.05 13:20:00.583,1.78783,1.78814,1.00,1.00
2014.12.05 13:20:00.735,1.78784,1.7882,1.00,1.00
2014.12.05 13:20:00.836,1.78786,1.78823,1.00,1.00
2014.12.05 13:20:01.213,1.78788,1.78823,1.00,1.00
2014.12.05 13:20:01.466,1.7879,1.78829,2.72,1.00
2014.12.05 13:20:01.618,1.78793,1.78829,1.00,1.00
2014.12.05 13:20:01.952,1.78793,1.78829,1.00,1.00
2014.12.05 13:20:02.694,1.78791,1.78825,1.00,1.00
2014.12.05 13:20:02.996,1.78788,1.78816,1.00,1.00
2014.12.05 13:20:03.167,1.78784,1.78816,1.00,1.00
2014.12.05 13:20:03.683,1.78783,1.78817,1.50,1.00
2014.12.05 13:20:04.125,1.78779,1.78813,1.50,1.00
2014.12.05 13:20:04.452,1.78779,1.78817,1.50,1.50
2014.12.05 13:20:06.856,1.78779,1.78812,1.12,1.00
2014.12.05 13:20:07.187,1.78779,1.78807,1.00,1.00
2014.12.05 13:20:07.344,1.78773,1.78807,1.50,1.00
2014.12.05 13:20:07.647,1.78773,1.78803,1.00,1.00
2014.12.05 13:20:07.905,1.78771,1.78803,1.00,1.00
2014.12.05 13:20:08.110,1.78771,1.78803,1.00,1.00
2014.12.05 13:20:08.211,1.78771,1.78803,1.00,1.00
2014.12.05 13:20:08.565,1.78771,1.78803,1.00,1.00
2014.12.05 13:20:10.506,1.78771,1.78803,1.00,1.00
2014.12.05 13:20:10.657,1.78771,1.78803,1.00,1.00
2014.12.05 13:20:10.886,1.78771,1.78803,1.00,1.00
2014.12.05 13:20:11.511,1.78771,1.78803,1.00,1.00
2014.12.05 13:20:11.749,1.78771,1.78803,1.00,1.00
2014.12.05 13:20:13.924,1.78771,1.78807,1.00,1.00
2014.12.05 13:20:14.782,1.78768,1.78802,1.00,1.00
2014.12.05 13:20:15.457,1.78765,1.78804,1.00,1.00
2014.12.05 13:20:16.767,1.78765,1.78807,1.00,1.67
2014.12.05 13:20:16.868,1.78772,1.78814,1.12,1.00
2014.12.05 13:20:17.070,1.78774,1.78814,2.50,1.00
2014.12.05 13:20:17.120,1.78778,1.78822,1.50,1.00
2014.12.05 13:20:17.666,1.78778,1.78822,1.00,1.37
2014.12.05 13:20:18.721,1.78779,1.78822,1.50,1.00
2014.12.05 13:20:19.323,1.78779,1.78822,1.00,1.50
2014.12.05 13:20:19.424,1.78777,1.78816,1.12,1.00
2014.12.05 13:20:19.727,1.78777,1.78816,1.00,1.37
2014.12.05 13:20:19.828,1.78773,1.78812,1.50,1.00
2014.12.05 13:20:19.878,1.78773,1.78812,1.00,1.00
2014.12.05 13:20:20.181,1.78783,1.78813,1.00,1.00
2014.12.05 13:20:20.281,1.78784,1.7882,1.00,1.00
2014.12.05 13:20:20.332,1.78785,1.78823,1.50,1.00
2014.12.05 13:20:20.433,1.78788,1.78823,1.00,1.00
2014.12.05 13:20:20.744,1.78793,1.78823,1.00,1.00
2014.12.05 13:20:20.896,1.78793,1.78823,1.00,1.00
2014.12.05 13:20:25.834,1.78794,1.78823,1.00,1.00
2014.12.05 13:20:26.125,1.78794,1.78823,1.00,1.00
2014.12.05 13:20:26.800,1.78794,1.78828,1.87,1.00
2014.12.05 13:20:27.059,1.78794,1.78828,1.00,1.00
2014.12.05 13:20:27.211,1.78794,1.78828,1.30,1.00
2014.12.05 13:20:27.312,1.78794,1.78828,1.72,1.00
2014.12.05 13:20:30.190,1.78794,1.7883,1.00,1.00
2014.12.05 13:20:30.543,1.78799,1.78836,1.00,1.00
2014.12.05 13:20:30.845,1.78804,1.78841,1.00,1.00
2014.12.05 13:20:30.946,1.78807,1.78846,1.00,1.00
2014.12.05 13:20:31.408,1.78807,1.78843,1.00,1.00
2014.12.05 13:20:32.165,1.78809,1.78843,1.00,1.00
2014.12.05 13:20:32.695,1.78809,1.78843,1.00,1.00
2014.12.05 13:20:33.499,1.78809,1.78843,1.00,1.37
2014.12.05 13:20:33.600,1.78806,1.7884,1.50,1.00
2014.12.05 13:20:33.701,1.78811,1.7885,1.00,1.00
2014.12.05 13:20:33.802,1.78811,1.78846,1.00,1.00
2014.12.05 13:20:33.953,1.78811,1.7885,1.00,1.00
2014.12.05 13:20:34.054,1.78814,1.78853,1.00,1.00
2014.12.05 13:20:34.357,1.78823,1.78848,1.00,1.00
2014.12.05 13:20:34.508,1.78823,1.78854,1.00,1.00
2014.12.05 13:20:34.911,1.78823,1.78858,1.00,1.00
2014.12.05 13:20:35.113,1.78823,1.78858,1.00,1.00
2014.12.05 13:20:35.717,1.78824,1.78863,1.00,1.00
2014.12.05 13:20:36.120,1.78828,1.78863,1.00,1.00
2014.12.05 13:20:36.596,1.78828,1.78863,1.00,1.37
2014.12.05 13:20:36.647,1.78828,1.78859,1.00,1.35
2014.12.05 13:20:36.698,1.78826,1.78859,1.00,1.67
2014.12.05 13:20:36.798,1.78818,1.78852,1.50,1.00
2014.12.05 13:20:37.201,1.78818,1.7885,1.00,1.30
2014.12.05 13:20:37.407,1.78818,1.78852,1.00,1.50
2014.12.05 13:20:38.427,1.78818,1.78857,1.00,1.00
2014.12.05 13:20:40.595,1.78819,1.78857,1.00,1.00
2014.12.05 13:20:40.898,1.78822,1.78859,2.12,1.00
2014.12.05 13:20:42.265,1.78823,1.78859,1.00,1.00
2014.12.05 13:20:42.790,1.78823,1.78859,1.00,1.00
2014.12.05 13:20:44.336,1.78827,1.78859,1.50,1.00
2014.12.05 13:20:44.387,1.78828,1.78866,2.10,1.00
2014.12.05 13:20:50.078,1.78828,1.78865,1.00,1.30
2014.12.05 13:20:50.598,1.78828,1.78866,3.10,1.00
2014.12.05 13:20:50.649,1.78828,1.78866,1.00,2.10
2014.12.05 13:20:50.900,1.78827,1.78861,1.00,1.72
2014.12.05 13:20:50.951,1.78827,1.78859,1.00,1.30
2014.12.05 13:20:51.165,1.78827,1.78861,1.00,1.00
2014.12.05 13:20:51.402,1.78827,1.78865,1.00,1.00
2014.12.05 13:20:52.154,1.78827,1.78864,1.00,1.30
2014.12.05 13:20:52.457,1.78829,1.78863,1.00,1.30
2014.12.05 13:20:52.608,1.78829,1.78864,1.00,1.30
2014.12.05 13:20:55.121,1.78829,1.78864,1.00,1.30
2014.12.05 13:20:55.623,1.78829,1.78863,1.00,1.30
2014.12.05 13:20:55.674,1.78829,1.78863,1.00,1.30
2014.12.05 13:20:55.825,1.78829,1.78865,1.00,1.00
2014.12.05 13:20:56.644,1.78829,1.78865,2.10,1.00
2014.12.05 13:20:56.745,1.78829,1.78865,1.72,1.00
2014.12.05 13:20:56.796,1.7883,1.78865,1.12,1.00
2014.12.05 13:20:57.171,1.78831,1.78867,1.35,1.00
2014.12.05 13:20:57.898,1.78831,1.78868,1.00,1.00
2014.12.05 13:20:58.624,1.78831,1.78866,1.00,1.00
2014.12.05 13:20:59.078,1.78832,1.78868,1.35,1.00
2014.12.05 13:20:59.347,1.78832,1.7887,2.10,1.00
2014.12.05 13:20:59.549,1.78832,1.78867,2.42,1.00
2014.12.05 13:21:00.225,1.78832,1.78867,2.42,1.00
2014.12.05 13:21:00.326,1.78832,1.78867,2.42,1.00
2014.12.05 13:21:00.843,1.78832,1.78866,1.30,1.00
2014.12.05 13:21:01.096,1.78832,1.7887,1.30,1.37
2014.12.05 13:21:02.070,1.78832,1.78867,1.30,1.00
2014.12.05 13:21:02.623,1.78832,1.7887,1.30,1.37
2014.12.05 13:21:03.134,1.78832,1.78867,1.30,1.00
2014.12.05 13:21:03.445,1.78832,1.78867,1.30,1.00
2014.12.05 13:21:04.273,1.78832,1.78867,1.30,1.00
2014.12.05 13:21:04.786,1.78832,1.7887,1.30,1.37
2014.12.05 13:21:05.162,1.78832,1.78867,1.30,1.00
2014.12.05 13:21:05.509,1.78832,1.7887,1.30,1.37
2014.12.05 13:21:05.712,1.78832,1.78867,1.30,1.00
2014.12.05 13:21:06.058,1.78832,1.78867,1.30,1.00
2014.12.05 13:21:06.483,1.78832,1.78867,1.30,1.50
2014.12.05 13:21:09.099,1.78832,1.78866,1.30,1.00
2014.12.05 13:21:09.376,1.78832,1.78866,1.30,1.00
2014.12.05 13:21:10.492,1.78832,1.78866,1.30,1.00
2014.12.05 13:21:11.004,1.78832,1.78866,1.30,1.00
2014.12.05 13:21:11.436,1.78832,1.78866,1.30,1.00
2014.12.05 13:21:11.940,1.78832,1.78867,1.30,1.00
2014.12.05 13:21:12.204,1.78832,1.78867,1.30,1.00
2014.12.05 13:21:12.406,1.78832,1.7887,1.30,1.00
2014.12.05 13:21:12.965,1.78832,1.78867,1.30,1.00
2014.12.05 13:21:13.297,1.78832,1.7887,1.30,1.00
2014.12.05 13:21:14.205,1.78832,1.78871,1.72,1.00
2014.12.05 13:21:14.855,1.78832,1.78872,1.72,1.12
2014.12.05 13:21:15.943,1.78833,1.78873,1.50,2.10
2014.12.05 13:21:17.044,1.78833,1.78872,2.10,1.00
2014.12.05 13:21:17.568,1.78833,1.78873,2.85,2.10
2014.12.05 13:21:18.804,1.78833,1.78872,3.17,1.30
2014.12.05 13:21:19.341,1.78833,1.78873,3.17,2.10
2014.12.05 13:21:19.934,1.78833,1.78872,3.17,1.30
2014.12.05 13:21:20.503,1.78833,1.78871,3.10,1.30
2014.12.05 13:21:21.227,1.78833,1.7887,2.12,1.30
2014.12.05 13:21:21.328,1.78833,1.7887,1.37,1.30
2014.12.05 13:21:21.636,1.78833,1.78867,3.06,1.00
2014.12.05 13:21:21.687,1.78834,1.78871,1.46,1.72
2014.12.05 13:21:22.094,1.78836,1.78874,1.35,1.30
2014.12.05 13:21:22.195,1.78836,1.78872,1.00,1.00
2014.12.05 13:21:22.649,1.78834,1.78872,1.50,1.30
2014.12.05 13:21:22.750,1.78834,1.78873,2.25,1.72
2014.12.05 13:21:23.052,1.78838,1.78876,2.12,1.00
2014.12.05 13:21:23.102,1.78841,1.78879,1.12,1.00
2014.12.05 13:21:23.405,1.78843,1.78879,1.00,1.00
2014.12.05 13:21:23.756,1.78843,1.78879,1.00,1.00
2014.12.05 13:21:23.858,1.78843,1.78884,1.00,1.72
2014.12.05 13:21:24.211,1.78844,1.78884,1.00,1.00
2014.12.05 13:21:24.519,1.78845,1.78887,1.12,1.00
2014.12.05 13:21:25.402,1.78845,1.78887,2.12,1.00
2014.12.05 13:21:27.615,1.78845,1.78887,1.00,1.00
2014.12.05 13:21:27.918,1.78845,1.78883,1.00,1.00
2014.12.05 13:21:28.220,1.78841,1.78866,1.00,1.30
2014.12.05 13:21:28.270,1.78837,1.78866,1.00,1.30
2014.12.05 13:21:28.371,1.78833,1.78866,1.00,1.30
2014.12.05 13:21:28.933,1.78832,1.78865,1.00,1.30
2014.12.05 13:21:29.438,1.78832,1.78866,1.00,1.30
2014.12.05 13:21:29.970,1.78832,1.78865,1.00,1.30
2014.12.05 13:21:30.490,1.78832,1.78864,1.00,1.30
2014.12.05 13:21:30.691,1.78832,1.78866,1.00,1.30
2014.12.05 13:21:31.160,1.78832,1.78869,1.00,1.30
2014.12.05 13:21:31.346,1.78832,1.78865,1.00,1.30
2014.12.05 13:21:32.690,1.78832,1.78864,1.00,1.30
2014.12.05 13:21:33.213,1.78832,1.78865,1.00,1.30
2014.12.05 13:21:33.998,1.78832,1.7886,1.00,1.30
2014.12.05 13:21:34.099,1.7883,1.78867,1.00,2.85
2014.12.05 13:21:34.200,1.78826,1.78865,1.00,1.87
2014.12.05 13:21:34.351,1.78823,1.78858,1.00,1.00
2014.12.05 13:21:34.664,1.78823,1.78855,1.50,1.30
2014.12.05 13:21:35.527,1.78823,1.78857,1.50,1.30
2014.12.05 13:21:35.886,1.78823,1.78849,1.00,1.30
2014.12.05 13:21:36.339,1.78818,1.78845,1.00,1.30
2014.12.05 13:21:36.440,1.78818,1.78842,1.00,1.30
2014.12.05 13:21:36.864,1.78813,1.78848,1.00,1.00
2014.12.05 13:21:36.914,1.78813,1.78848,1.00,1.37
2014.12.05 13:21:37.981,1.78811,1.78847,1.00,1.37
2014.12.05 13:21:38.183,1.78811,1.78847,1.00,1.37
2014.12.05 13:21:38.284,1.78811,1.78847,1.00,1.37
2014.12.05 13:21:38.385,1.78811,1.78847,1.00,1.37
2014.12.05 13:21:41.017,1.78811,1.78847,1.00,1.00
2014.12.05 13:21:41.117,1.78811,1.78851,1.00,1.72
2014.12.05 13:21:41.168,1.78811,1.78845,1.00,1.00
2014.12.05 13:21:41.271,1.78811,1.78849,1.00,1.00
2014.12.05 13:21:41.585,1.78813,1.78852,2.12,1.00
2014.12.05 13:21:41.780,1.78813,1.78856,2.99,1.00
2014.12.05 13:21:41.831,1.78818,1.78856,1.00,1.00
2014.12.05 13:21:41.932,1.7882,1.78858,1.50,1.00
2014.12.05 13:21:42.033,1.78821,1.78861,1.00,1.30
2014.12.05 13:21:42.336,1.78823,1.78859,1.00,1.30
2014.12.05 13:21:43.585,1.78824,1.78859,1.00,1.30
2014.12.05 13:21:44.109,1.78824,1.78859,1.00,1.30
2014.12.05 13:21:44.644,1.78824,1.7886,1.00,1.30
2014.12.05 13:21:45.295,1.78824,1.78859,1.50,1.30
2014.12.05 13:21:45.828,1.78824,1.78858,1.50,1.30
2014.12.05 13:21:45.979,1.78824,1.78862,1.50,1.00
2014.12.05 13:21:47.096,1.78824,1.78861,1.50,1.30
2014.12.05 13:21:49.164,1.78824,1.78862,1.50,1.00
2014.12.05 13:21:49.277,1.78828,1.78862,1.00,1.00
2014.12.05 13:21:49.414,1.78828,1.78862,1.50,1.00
2014.12.05 13:21:51.723,1.78828,1.78862,2.85,1.00
2014.12.05 13:21:51.826,1.78831,1.78868,1.35,1.00
2014.12.05 13:21:52.145,1.78835,1.78872,1.00,1.00
2014.12.05 13:21:53.685,1.78833,1.78867,2.85,1.00
2014.12.05 13:21:53.783,1.78834,1.78867,1.00,1.00
2014.12.05 13:21:54.349,1.78833,1.78867,2.85,1.00
2014.12.05 13:21:54.553,1.78833,1.78867,3.10,1.00
2014.12.05 13:21:54.710,1.78833,1.78867,2.85,1.00
2014.12.05 13:21:55.227,1.78833,1.78867,1.00,1.00
2014.12.05 13:21:56.987,1.7883,1.78864,1.72,1.00
2014.12.05 13:21:57.523,1.7883,1.78864,1.30,1.00
2014.12.05 13:21:57.776,1.7883,1.78864,1.72,1.00
2014.12.05 13:21:58.078,1.7883,1.78864,1.30,1.00
2014.12.05 13:21:58.623,1.7883,1.78864,3.10,1.00
2014.12.05 13:21:59.097,1.7883,1.78864,2.42,1.00
2014.12.05 13:21:59.198,1.7883,1.78867,3.10,1.00
2014.12.05 13:21:59.913,1.78829,1.78863,1.00,1.72
2014.12.05 13:22:00.165,1.78827,1.78859,1.00,1.00
2014.12.05 13:22:00.485,1.78833,1.78866,1.50,1.00
2014.12.05 13:22:00.949,1.7883,1.78864,1.00,1.72
2014.12.05 13:22:03.150,1.78826,1.7886,1.00,1.00
2014.12.05 13:22:03.553,1.78826,1.7886,3.10,1.00
2014.12.05 13:22:03.604,1.78831,1.78868,1.72,1.12
2014.12.05 13:22:03.705,1.78832,1.78868,1.12,1.00
2014.12.05 13:22:03.806,1.78837,1.78871,1.12,1.00
2014.12.05 13:22:04.359,1.78837,1.78871,3.10,1.00
2014.12.05 13:22:05.363,1.78837,1.78871,2.12,1.00
2014.12.05 13:22:05.916,1.78837,1.78871,2.12,1.00
2014.12.05 13:22:06.420,1.78838,1.78871,1.12,1.00
2014.12.05 13:22:06.575,1.78838,1.78871,1.00,1.00
2014.12.05 13:22:06.676,1.78837,1.78871,1.00,1.00
2014.12.05 13:22:07.129,1.78837,1.78869,1.00,1.30
2014.12.05 13:22:07.291,1.78834,1.78868,1.00,1.00
2014.12.05 13:22:08.090,1.78834,1.78867,1.00,1.30
2014.12.05 13:22:08.256,1.78834,1.78865,1.00,1.30
2014.12.05 13:22:08.307,1.7883,1.78862,1.00,1.00
2014.12.05 13:22:10.217,1.7883,1.78862,2.12,1.00
2014.12.05 13:22:10.318,1.7883,1.78862,1.12,1.00
2014.12.05 13:22:13.600,1.7883,1.78866,1.00,1.00
2014.12.05 13:22:13.651,1.7883,1.78863,1.00,1.30
2014.12.05 13:22:13.752,1.7883,1.78866,1.00,1.72
2014.12.05 13:22:15.805,1.78829,1.78861,1.00,1.00
2014.12.05 13:22:16.360,1.78829,1.78861,1.00,1.00
2014.12.05 13:22:16.876,1.78829,1.78861,1.00,1.00
2014.12.05 13:22:17.027,1.78829,1.78861,1.00,1.00
2014.12.05 13:22:17.944,1.78829,1.7886,1.00,1.67
2014.12.05 13:22:18.045,1.78829,1.78858,1.00,1.30
2014.12.05 13:22:18.096,1.78823,1.78854,1.00,1.00
2014.12.05 13:22:18.370,1.78822,1.78851,1.00,1.30
2014.12.05 13:22:18.421,1.78816,1.78849,1.00,1.00
2014.12.05 13:22:18.522,1.78815,1.78846,1.00,1.30
2014.12.05 13:22:18.573,1.78813,1.78845,1.50,1.00
2014.12.05 13:22:19.337,1.78808,1.78842,1.50,1.00
2014.12.05 13:22:23.849,1.78808,1.78842,1.00,1.00
2014.12.05 13:22:23.950,1.78809,1.78842,1.00,1.00
2014.12.05 13:22:24.102,1.78808,1.78842,1.00,1.00
2014.12.05 13:22:24.605,1.78808,1.78842,1.00,1.50
2014.12.05 13:22:24.908,1.78808,1.78836,1.00,1.00
2014.12.05 13:22:25.059,1.78805,1.78836,1.00,1.00
2014.12.05 13:22:25.110,1.78805,1.78834,1.00,1.00
2014.12.05 13:22:25.160,1.78799,1.78833,1.50,1.00
2014.12.05 13:22:25.721,1.78799,1.78828,1.00,1.00
2014.12.05 13:22:26.024,1.78803,1.78828,1.00,1.00
2014.12.05 13:22:26.175,1.78798,1.78828,1.00,1.00
2014.12.05 13:22:26.377,1.78794,1.78821,1.00,1.00
2014.12.05 13:22:26.478,1.78788,1.78817,1.00,1.00
2014.12.05 13:22:26.579,1.78788,1.78814,1.00,1.00
2014.12.05 13:22:26.629,1.78783,1.78814,1.00,1.00
2014.12.05 13:22:26.831,1.7878,1.78814,1.00,1.00
2014.12.05 13:22:27.485,1.78778,1.7881,1.00,1.00
2014.12.05 13:22:28.364,1.78778,1.7881,1.00,1.00
2014.12.05 13:22:28.566,1.78784,1.7882,1.50,1.00
2014.12.05 13:22:28.667,1.78785,1.78824,1.00,1.00
2014.12.05 13:22:28.969,1.78784,1.78818,1.50,1.00
2014.12.05 13:22:29.774,1.78781,1.78813,1.00,1.00
2014.12.05 13:22:30.435,1.78775,1.78812,1.00,1.00
2014.12.05 13:22:30.972,1.78774,1.78812,1.00,1.00
2014.12.05 13:22:32.607,1.78774,1.78813,1.00,1.00
2014.12.05 13:22:32.657,1.78774,1.78816,2.50,1.00
2014.12.05 13:22:33.177,1.78774,1.78816,1.00,1.37
2014.12.05 13:22:33.328,1.78772,1.78812,1.00,1.00
2014.12.05 13:22:33.378,1.78772,1.78812,1.00,1.37
2014.12.05 13:22:33.479,1.78772,1.78812,1.00,1.12
2014.12.05 13:22:33.530,1.78769,1.78808,1.50,1.00
2014.12.05 13:22:33.832,1.78767,1.78804,1.00,1.00
2014.12.05 13:22:34.394,1.78763,1.788,1.00,1.00
2014.12.05 13:22:34.848,1.78761,1.788,1.00,1.50
2014.12.05 13:22:35.717,1.78758,1.78795,1.00,1.00
2014.12.05 13:22:36.019,1.78757,1.78787,1.00,1.00
2014.12.05 13:22:36.121,1.78749,1.78787,1.50,1.00
2014.12.05 13:22:36.172,1.78749,1.78787,2.12,1.00
2014.12.05 13:22:36.575,1.78753,1.78791,1.12,1.00
2014.12.05 13:22:36.827,1.78753,1.78796,2.87,1.72
2014.12.05 13:22:37.234,1.78753,1.78794,1.00,1.00
2014.12.05 13:22:37.357,1.78753,1.78791,1.00,1.00
2014.12.05 13:22:37.408,1.78751,1.7879,1.00,1.00
2014.12.05 13:22:39.031,1.78751,1.78787,1.00,1.00
2014.12.05 13:22:39.132,1.78746,1.78786,1.00,1.00
2014.12.05 13:22:40.163,1.78746,1.78785,1.00,1.00
2014.12.05 13:22:40.264,1.78746,1.7878,1.00,1.00
2014.12.05 13:22:40.314,1.78742,1.7878,1.00,1.00
2014.12.05 13:22:40.475,1.78742,1.78781,1.00,1.00
2014.12.05 13:22:40.526,1.78745,1.78786,1.12,1.00
2014.12.05 13:22:41.130,1.78745,1.78786,2.87,1.00
2014.12.05 13:22:42.245,1.78749,1.78786,1.00,1.00
2014.12.05 13:22:42.822,1.78749,1.78786,1.00,1.00
2014.12.05 13:22:42.973,1.7875,1.78789,1.50,1.00
2014.12.05 13:22:43.086,1.7875,1.78789,1.00,1.00
2014.12.05 13:22:43.291,1.7875,1.78792,1.00,1.50
2014.12.05 13:22:44.325,1.7875,1.78792,1.00,1.50
2014.12.05 13:22:45.434,1.7875,1.78792,1.00,1.50
2014.12.05 13:22:45.774,1.78753,1.78792,1.00,1.50
2014.12.05 13:22:46.277,1.78753,1.78792,1.00,1.50
2014.12.05 13:22:46.429,1.78753,1.78792,1.00,1.50
2014.12.05 13:22:46.759,1.78753,1.7879,1.00,1.00
2014.12.05 13:22:48.043,1.78753,1.7879,1.00,1.00
2014.12.05 13:22:48.416,1.78753,1.7879,1.00,1.00
2014.12.05 13:22:50.925,1.78753,1.78792,1.00,1.00
2014.12.05 13:22:51.026,1.78753,1.78795,2.12,1.00
2014.12.05 13:22:51.552,1.78753,1.78795,1.50,1.00
2014.12.05 13:22:52.323,1.78753,1.78795,1.00,1.00
2014.12.05 13:22:53.361,1.78753,1.78795,1.50,1.00
2014.12.05 13:22:53.981,1.78753,1.78789,1.00,1.12
2014.12.05 13:22:54.132,1.7875,1.78789,1.00,1.12
2014.12.05 13:22:54.672,1.7875,1.78789,1.00,1.50
2014.12.05 13:22:54.773,1.78748,1.78789,1.00,1.50
2014.12.05 13:22:54.874,1.78748,1.78789,1.00,1.50
2014.12.05 13:22:55.176,1.78749,1.78792,1.50,1.00
2014.12.05 13:22:55.689,1.78749,1.78779,1.00,1.00
2014.12.05 13:22:55.943,1.78723,1.78757,1.00,1.00
2014.12.05 13:22:55.993,1.78723,1.78753,1.00,1.30
2014.12.05 13:22:56.457,1.78709,1.78752,1.00,1.00
2014.12.05 13:22:56.609,1.78708,1.78749,1.00,1.00
2014.12.05 13:22:56.944,1.78709,1.78749,1.00,1.00
2014.12.05 13:22:59.104,1.78709,1.78749,1.00,1.37
2014.12.05 13:22:59.616,1.78708,1.78749,1.00,1.37
2014.12.05 13:23:00.742,1.78708,1.78749,1.00,1.00
2014.12.05 13:23:00.843,1.78708,1.78752,1.00,1.12
2014.12.05 13:23:01.377,1.78708,1.78749,1.00,1.30
2014.12.05 13:23:01.642,1.78708,1.78748,1.00,1.30
2014.12.05 13:23:01.945,1.78708,1.7875,1.00,1.00
2014.12.05 13:23:02.362,1.78708,1.78748,1.00,1.30
2014.12.05 13:23:02.736,1.78708,1.7875,1.00,1.00
2014.12.05 13:23:03.134,1.78708,1.7875,1.00,1.00
2014.12.05 13:23:03.184,1.78708,1.78752,1.00,2.10
2014.12.05 13:23:03.403,1.78708,1.7875,1.00,1.00
2014.12.05 13:23:03.942,1.78704,1.7875,1.37,1.00
2014.12.05 13:23:04.902,1.78704,1.78746,1.00,1.30
2014.12.05 13:23:05.376,1.78703,1.78746,1.37,1.30
2014.12.05 13:23:05.477,1.78703,1.7875,1.37,1.00
2014.12.05 13:23:06.213,1.78703,1.7875,1.00,1.00
2014.12.05 13:23:06.804,1.78703,1.78752,1.37,1.87
2014.12.05 13:23:06.854,1.78703,1.78752,1.37,1.87
2014.12.05 13:23:07.157,1.78703,1.78747,1.00,1.67
2014.12.05 13:23:07.459,1.78703,1.78743,1.00,1.00
2014.12.05 13:23:07.660,1.78698,1.78742,1.00,1.35
2014.12.05 13:23:08.196,1.78698,1.78743,1.00,1.00
2014.12.05 13:23:08.860,1.78698,1.78743,1.00,2.10
2014.12.05 13:23:09.012,1.78698,1.7874,1.00,1.35
2014.12.05 13:23:09.112,1.78693,1.78738,1.12,1.30
2014.12.05 13:23:09.634,1.78693,1.78739,1.00,1.37
2014.12.05 13:23:09.886,1.78689,1.78739,1.37,1.12
2014.12.05 13:23:10.282,1.78693,1.78739,1.00,1.12
2014.12.05 13:23:10.656,1.78693,1.78739,1.37,1.00
2014.12.05 13:23:10.864,1.78693,1.78739,1.00,1.00
2014.12.05 13:23:11.320,1.78693,1.78739,1.37,1.00
2014.12.05 13:23:12.901,1.78693,1.78739,1.00,1.37
2014.12.05 13:23:13.283,1.78693,1.78733,1.00,1.00
2014.12.05 13:23:13.842,1.78693,1.78733,1.00,1.00
2014.12.05 13:23:13.994,1.78693,1.78737,1.37,1.00
2014.12.05 13:23:14.484,1.78695,1.78737,1.35,1.00
2014.12.05 13:23:14.846,1.78693,1.78736,2.10,1.30
2014.12.05 13:23:14.947,1.78693,1.78742,1.00,2.10
2014.12.05 13:23:15.249,1.78703,1.78739,1.00,1.30
2014.12.05 13:23:15.602,1.78703,1.78741,1.00,1.35
2014.12.05 13:23:15.804,1.78708,1.7874,1.00,1.30
2014.12.05 13:23:16.141,1.78708,1.78737,1.00,1.30
2014.12.05 13:23:16.343,1.78708,1.78736,1.00,1.30
2014.12.05 13:23:16.883,1.78708,1.78745,1.00,1.00
2014.12.05 13:23:16.933,1.78713,1.78745,1.00,1.00
2014.12.05 13:23:16.984,1.78713,1.78748,1.00,2.10
2014.12.05 13:23:17.136,1.78713,1.78742,1.00,1.30
2014.12.05 13:23:17.438,1.78713,1.78739,1.00,1.30
2014.12.05 13:23:17.690,1.78704,1.78745,1.00,2.10
2014.12.05 13:23:18.043,1.78703,1.78745,1.00,1.00
2014.12.05 13:23:20.540,1.78703,1.78745,1.00,1.50
2014.12.05 13:23:20.843,1.78699,1.78735,1.00,1.50
2014.12.05 13:23:21.197,1.78699,1.78736,1.00,1.30
2014.12.05 13:23:21.653,1.78699,1.78734,1.00,1.30
2014.12.05 13:23:21.754,1.78699,1.7873,1.00,1.30
2014.12.05 13:23:21.856,1.78693,1.7873,1.00,1.30
2014.12.05 13:23:21.957,1.78693,1.78733,1.00,1.00
2014.12.05 13:23:22.058,1.78689,1.7873,1.00,1.30
2014.12.05 13:23:22.209,1.78688,1.78728,1.00,1.30
2014.12.05 13:23:22.432,1.78683,1.78727,1.00,1.30
2014.12.05 13:23:22.533,1.78684,1.78729,1.00,1.00
2014.12.05 13:23:22.836,1.78688,1.7873,1.00,1.30
2014.12.05 13:23:23.373,1.78689,1.7873,1.00,1.30
2014.12.05 13:23:23.626,1.78689,1.78732,1.00,1.00
2014.12.05 13:23:23.827,1.78689,1.7873,1.00,1.30
2014.12.05 13:23:24.182,1.78689,1.78732,1.00,1.00
2014.12.05 13:23:24.341,1.78689,1.78735,1.00,1.50
2014.12.05 13:23:24.644,1.78689,1.78733,1.00,1.30
2014.12.05 13:23:24.972,1.78689,1.78731,1.00,1.30
2014.12.05 13:23:25.339,1.78693,1.78731,1.00,1.30
2014.12.05 13:23:26.053,1.78693,1.78728,1.00,1.30
2014.12.05 13:23:26.260,1.78693,1.7873,1.00,1.30
2014.12.05 13:23:26.713,1.78694,1.78735,1.00,1.12
2014.12.05 13:23:27.232,1.78694,1.78735,1.00,1.12
2014.12.05 13:23:28.000,1.78694,1.78735,1.00,1.12
2014.12.05 13:23:28.664,1.78694,1.78735,1.00,1.37
2014.12.05 13:23:29.161,1.78693,1.78735,1.00,1.37
2014.12.05 13:23:29.212,1.78693,1.78735,1.00,1.37
2014.12.05 13:23:29.414,1.78693,1.78735,1.00,1.37
2014.12.05 13:23:29.542,1.78693,1.78735,1.00,1.00
2014.12.05 13:23:29.901,1.78698,1.78734,1.00,1.00
2014.12.05 13:23:29.952,1.78698,1.78739,1.00,1.50
2014.12.05 13:23:30.053,1.78698,1.78742,1.00,1.00
2014.12.05 13:23:30.154,1.78698,1.78739,1.00,1.00
2014.12.05 13:23:30.204,1.78693,1.78737,1.00,1.00
2014.12.05 13:23:30.306,1.78693,1.78727,1.00,1.30
2014.12.05 13:23:30.457,1.78693,1.78734,1.00,1.00
2014.12.05 13:23:30.624,1.78693,1.78739,1.50,1.00
2014.12.05 13:23:30.675,1.78693,1.78724,1.00,1.00
2014.12.05 13:23:30.877,1.78693,1.78727,1.00,2.47
2014.12.05 13:23:31.078,1.78689,1.78727,1.00,1.00
2014.12.05 13:23:31.602,1.78689,1.78726,1.00,1.00
2014.12.05 13:23:31.653,1.78688,1.78724,1.00,1.30
2014.12.05 13:23:32.166,1.78688,1.78723,1.00,1.30
2014.12.05 13:23:32.685,1.78688,1.78722,1.00,1.00
2014.12.05 13:23:33.203,1.78688,1.78722,1.00,1.00
2014.12.05 13:23:33.731,1.78688,1.78722,1.00,1.00
2014.12.05 13:23:35.593,1.78688,1.78721,1.00,1.00
2014.12.05 13:23:35.797,1.78688,1.78724,1.00,1.50
2014.12.05 13:23:35.948,1.78688,1.78721,1.00,1.00
2014.12.05 13:23:36.250,1.78688,1.78721,1.00,1.87
2014.12.05 13:23:36.351,1.78683,1.78721,1.00,1.87
2014.12.05 13:23:36.953,1.78683,1.78716,1.00,1.50
2014.12.05 13:23:39.122,1.78683,1.78716,1.00,1.00
2014.12.05 13:23:39.172,1.78683,1.7872,1.00,1.00
2014.12.05 13:23:39.688,1.78683,1.78721,1.00,1.50
2014.12.05 13:23:40.425,1.78684,1.78721,1.00,1.00
2014.12.05 13:23:40.964,1.78684,1.78721,1.00,1.00
2014.12.05 13:23:42.443,1.78684,1.78721,1.00,1.00
2014.12.05 13:23:43.172,1.78684,1.78721,1.00,1.00
2014.12.05 13:23:43.661,1.78684,1.78725,1.37,1.50
2014.12.05 13:23:43.963,1.78685,1.7873,1.12,1.50
2014.12.05 13:23:44.064,1.78688,1.7873,1.00,1.50
2014.12.05 13:23:44.601,1.78688,1.7873,1.12,1.12
2014.12.05 13:23:46.676,1.78688,1.7873,2.49,1.00
2014.12.05 13:23:46.979,1.78693,1.78733,1.00,1.00
2014.12.05 13:23:47.281,1.78693,1.78733,1.00,1.00
2014.12.05 13:23:47.803,1.78693,1.78733,1.12,1.00
2014.12.05 13:23:47.904,1.78693,1.78733,1.00,1.00
2014.12.05 13:23:48.122,1.78693,1.78733,1.12,1.00
2014.12.05 13:23:48.374,1.78694,1.78733,1.00,1.00
2014.12.05 13:23:49.892,1.78694,1.78733,1.00,1.00
2014.12.05 13:23:50.144,1.78694,1.78733,1.00,1.00
2014.12.05 13:23:50.321,1.78694,1.78734,1.37,1.00
2014.12.05 13:23:51.170,1.78694,1.78733,1.37,1.30
2014.12.05 13:23:51.861,1.78694,1.78733,1.00,1.72
2014.12.05 13:23:52.502,1.78694,1.78734,1.00,1.00
2014.12.05 13:23:53.339,1.78694,1.78736,2.12,1.35
2014.12.05 13:23:53.621,1.78694,1.78736,1.37,1.35
2014.12.05 13:23:53.841,1.78694,1.78736,2.12,1.35
2014.12.05 13:23:54.752,1.78694,1.78736,3.10,1.35
2014.12.05 13:23:55.601,1.78694,1.78736,2.84,1.12
2014.12.05 13:23:55.963,1.78694,1.78734,2.84,1.00
2014.12.05 13:23:56.371,1.78695,1.78734,1.12,1.00
2014.12.05 13:23:57.478,1.78695,1.78734,1.12,1.00
2014.12.05 13:23:57.581,1.78695,1.78734,2.12,1.00
2014.12.05 13:23:57.693,1.78695,1.78734,1.12,1.00
2014.12.05 13:23:57.844,1.78695,1.78734,1.00,1.00
2014.12.05 13:23:58.366,1.78695,1.78733,1.00,1.00
2014.12.05 13:23:59.672,1.78695,1.78734,1.00,1.00
2014.12.05 13:23:59.974,1.78703,1.78742,1.00,1.00
2014.12.05 13:24:00.126,1.78703,1.78742,1.12,1.00
2014.12.05 13:24:00.674,1.78703,1.78742,1.37,1.00
2014.12.05 13:24:01.550,1.78703,1.78742,1.37,1.00
2014.12.05 13:24:01.752,1.78704,1.78746,1.35,1.50
2014.12.05 13:24:02.092,1.78703,1.78746,1.37,2.85
2014.12.05 13:24:02.870,1.78703,1.78745,1.37,1.30
2014.12.05 13:24:03.153,1.78703,1.78745,1.00,1.35
2014.12.05 13:24:03.555,1.78703,1.78745,1.37,1.30
2014.12.05 13:24:05.541,1.78703,1.78738,1.37,1.30
2014.12.05 13:24:05.592,1.78703,1.78738,1.00,1.30
2014.12.05 13:24:05.693,1.78703,1.78732,1.00,1.67
2014.12.05 13:24:05.743,1.78693,1.78732,1.37,2.10
2014.12.05 13:24:05.894,1.7869,1.78729,1.43,1.12
2014.12.05 13:24:05.945,1.78687,1.78729,1.00,1.12
2014.12.05 13:24:06.046,1.78685,1.78729,1.00,1.12
2014.12.05 13:24:06.349,1.78685,1.78731,1.00,1.00
2014.12.05 13:24:06.853,1.78685,1.78726,1.00,1.00
2014.12.05 13:24:07.471,1.78685,1.78727,1.00,1.00
2014.12.05 13:24:08.061,1.78685,1.78731,1.00,1.00
2014.12.05 13:24:08.667,1.78685,1.78731,1.75,1.00
2014.12.05 13:24:08.969,1.78692,1.78731,2.47,1.00
2014.12.05 13:24:09.182,1.78693,1.78736,4.22,1.00
2014.12.05 13:24:09.653,1.78694,1.78738,1.12,1.00
2014.12.05 13:24:10.318,1.78695,1.78737,1.72,1.00
2014.12.05 13:24:10.592,1.78696,1.78738,2.10,1.00
2014.12.05 13:24:11.608,1.78695,1.78721,1.00,1.00
2014.12.05 13:24:11.659,1.78685,1.7872,1.37,1.00
2014.12.05 13:24:11.760,1.78682,1.7872,1.00,1.37
2014.12.05 13:24:11.861,1.78681,1.78721,1.37,1.00
2014.12.05 13:24:11.912,1.78681,1.78721,1.50,1.00
2014.12.05 13:24:12.013,1.78681,1.78724,1.37,1.00
2014.12.05 13:24:12.164,1.78681,1.78726,2.49,1.12
2014.12.05 13:24:12.575,1.78685,1.78727,1.12,1.67
2014.12.05 13:24:12.803,1.78685,1.78727,1.37,2.10
2014.12.05 13:24:13.374,1.78683,1.78725,1.87,1.00
2014.12.05 13:24:13.425,1.78683,1.78729,3.24,1.00
2014.12.05 13:24:13.526,1.78685,1.78731,2.12,1.12
2014.12.05 13:24:13.828,1.7869,1.78731,1.50,1.72
2014.12.05 13:24:15.260,1.7869,1.7873,2.62,1.30
2014.12.05 13:24:15.538,1.78696,1.78739,2.24,1.00
2014.12.05 13:24:15.689,1.78698,1.78743,1.50,1.12
2014.12.05 13:24:16.132,1.787,1.78743,1.12,1.37
2014.12.05 13:24:16.683,1.787,1.7874,2.62,1.00
2014.12.05 13:24:17.751,1.787,1.78738,2.12,1.30
2014.12.05 13:24:18.234,1.787,1.7874,2.12,1.12
2014.12.05 13:24:18.801,1.78701,1.78742,1.12,1.00
2014.12.05 13:24:18.903,1.78701,1.78741,1.00,2.47
2014.12.05 13:24:19.003,1.78701,1.78737,1.50,1.30
2014.12.05 13:24:19.306,1.78701,1.78733,1.00,1.00
2014.12.05 13:24:19.356,1.78694,1.78732,1.00,1.00
2014.12.05 13:24:19.457,1.78694,1.78729,1.00,1.00
2014.12.05 13:24:19.760,1.78693,1.78724,1.00,1.00
2014.12.05 13:24:20.062,1.78693,1.78726,1.00,1.30
2014.12.05 13:24:20.171,1.78693,1.78729,1.00,1.00
2014.12.05 13:24:20.537,1.78694,1.78733,1.00,1.00
2014.12.05 13:24:21.786,1.78694,1.7873,1.00,1.00
2014.12.05 13:24:21.887,1.78694,1.7873,1.00,1.12
2014.12.05 13:24:22.089,1.78693,1.78724,1.00,1.00
2014.12.05 13:24:22.613,1.78692,1.78724,1.00,1.00
2014.12.05 13:24:23.284,1.78686,1.7872,1.00,1.00
2014.12.05 13:24:26.234,1.78686,1.7872,1.37,1.00
2014.12.05 13:24:26.335,1.78686,1.78724,1.00,1.00
2014.12.05 13:24:28.379,1.7869,1.78724,1.87,1.00
2014.12.05 13:24:29.923,1.7869,1.78724,1.00,1.00
2014.12.05 13:24:35.393,1.7869,1.78726,1.00,1.00
2014.12.05 13:24:35.896,1.78691,1.78727,1.12,1.00
2014.12.05 13:24:36.334,1.78692,1.78731,1.00,1.00
2014.12.05 13:24:37.104,1.78692,1.78728,1.00,1.75
2014.12.05 13:24:37.154,1.78692,1.78724,1.00,1.67
2014.12.05 13:24:37.205,1.78692,1.78719,1.00,1.00
2014.12.05 13:24:37.255,1.78684,1.78715,1.00,1.00
2014.12.05 13:24:37.618,1.78681,1.78715,1.00,1.00
2014.12.05 13:24:37.820,1.78679,1.78711,1.50,1.00
2014.12.05 13:24:38.122,1.78679,1.78711,1.00,1.00
2014.12.05 13:24:38.173,1.78679,1.78711,1.00,1.00
2014.12.05 13:24:40.347,1.78678,1.78708,1.00,1.00
2014.12.05 13:24:40.398,1.78674,1.78708,1.00,1.00
2014.12.05 13:24:40.801,1.78674,1.78708,1.00,1.00
2014.12.05 13:24:41.002,1.78675,1.78711,1.50,1.00
2014.12.05 13:24:41.204,1.78678,1.78711,1.87,1.00
2014.12.05 13:24:41.355,1.78682,1.78716,1.50,1.00
2014.12.05 13:24:41.406,1.78683,1.78716,1.12,1.00
2014.12.05 13:24:41.456,1.78687,1.78724,1.12,1.00
2014.12.05 13:24:41.564,1.78688,1.78724,2.12,1.00
2014.12.05 13:24:41.822,1.78688,1.78727,1.50,1.00
2014.12.05 13:24:47.034,1.78693,1.78727,1.00,1.00
2014.12.05 13:24:50.452,1.78694,1.7872,1.00,1.00
2014.12.05 13:24:50.906,1.78694,1.78727,1.00,1.00
2014.12.05 13:24:57.384,1.78697,1.78736,1.00,1.00
2014.12.05 13:25:00.030,1.78703,1.78739,2.10,1.00
2014.12.05 13:25:00.332,1.78707,1.78746,1.00,1.00
2014.12.05 13:25:00.659,1.78707,1.78742,1.00,1.00
2014.12.05 13:25:01.163,1.78707,1.78742,2.12,1.00
2014.12.05 13:25:02.137,1.78707,1.78741,1.00,1.00
2014.12.05 13:25:02.679,1.78707,1.78742,1.00,1.50
2014.12.05 13:25:03.561,1.78707,1.78741,1.00,1.00
2014.12.05 13:25:04.077,1.78707,1.78742,1.00,1.50
2014.12.05 13:25:04.581,1.7871,1.78742,1.12,1.00
2014.12.05 13:25:04.682,1.7871,1.78746,1.50,1.50
2014.12.05 13:25:06.179,1.7871,1.78746,1.37,1.00
2014.12.05 13:25:06.848,1.78711,1.78746,1.12,1.00
2014.12.05 13:25:07.863,1.78711,1.78742,1.00,1.00
2014.12.05 13:25:07.913,1.78708,1.78742,1.50,1.00
2014.12.05 13:25:09.202,1.78708,1.78742,4.30,1.00
2014.12.05 13:25:09.303,1.78713,1.78747,1.72,1.50
2014.12.05 13:25:09.504,1.78713,1.78746,1.00,1.00
2014.12.05 13:25:10.025,1.78712,1.78746,1.00,1.00
2014.12.05 13:25:11.680,1.78709,1.7874,1.00,1.00
2014.12.05 13:25:12.322,1.78708,1.7874,1.00,1.00
2014.12.05 13:25:13.217,1.78705,1.78738,1.00,1.00
2014.12.05 13:25:17.116,1.78704,1.78738,1.87,1.00
2014.12.05 13:25:20.353,1.78704,1.78738,1.87,1.00
2014.12.05 13:25:20.554,1.78704,1.78738,1.87,1.00
2014.12.05 13:25:21.058,1.78707,1.78741,1.12,1.00
2014.12.05 13:25:25.580,1.78705,1.78739,1.87,1.00
2014.12.05 13:25:25.783,1.78701,1.78735,1.50,1.00
2014.12.05 13:25:26.237,1.78699,1.7873,1.00,1.00
2014.12.05 13:25:26.793,1.78698,1.78728,1.00,1.00
2014.12.05 13:25:27.112,1.78698,1.78724,1.00,1.00
2014.12.05 13:25:32.510,1.78698,1.78728,1.00,1.00
2014.12.05 13:25:36.783,1.78698,1.78724,1.00,1.00
2014.12.05 13:25:37.095,1.78698,1.7872,1.00,1.00
2014.12.05 13:25:38.116,1.78698,1.78729,1.00,1.00
2014.12.05 13:25:43.827,1.78698,1.78732,1.12,1.00
2014.12.05 13:25:44.349,1.78698,1.78732,1.87,1.00
2014.12.05 13:25:44.860,1.78698,1.78732,1.00,1.00
2014.12.05 13:25:46.222,1.78698,1.78735,1.00,1.00
2014.12.05 13:25:47.052,1.78698,1.78723,1.00,1.30
2014.12.05 13:25:47.103,1.78698,1.78723,1.50,1.30
2014.12.05 13:25:47.254,1.78698,1.78719,1.00,1.00
2014.12.05 13:25:47.556,1.78695,1.78715,1.00,1.72
2014.12.05 13:25:48.568,1.78693,1.78711,1.00,1.00
2014.12.05 13:25:48.972,1.78678,1.78711,1.00,1.00
2014.12.05 13:25:49.476,1.78677,1.78711,1.00,1.00
2014.12.05 13:25:49.778,1.78677,1.78706,1.00,1.00
2014.12.05 13:25:49.829,1.78673,1.78706,1.00,1.00
2014.12.05 13:25:50.409,1.78668,1.78701,1.00,1.00
2014.12.05 13:25:50.711,1.78668,1.78698,1.00,1.00
2014.12.05 13:25:51.805,1.78668,1.78698,1.00,1.00
2014.12.05 13:25:51.864,1.78668,1.78702,1.00,1.00
2014.12.05 13:25:52.066,1.78668,1.78698,1.00,1.00
2014.12.05 13:25:53.598,1.78664,1.78698,1.00,1.00
2014.12.05 13:25:55.210,1.78664,1.78698,1.00,1.00
2014.12.05 13:25:55.310,1.78664,1.78698,1.00,1.00
2014.12.05 13:25:55.886,1.78664,1.78698,1.00,1.00
2014.12.05 13:25:56.081,1.78664,1.78698,1.00,1.00
2014.12.05 13:25:56.132,1.78664,1.78698,1.00,1.00
2014.12.05 13:25:56.346,1.78664,1.78698,1.00,1.00
2014.12.05 13:25:57.329,1.78664,1.78698,2.50,1.00
2014.12.05 13:25:58.293,1.78664,1.78698,2.50,1.00
2014.12.05 13:25:58.595,1.78668,1.78698,1.00,1.00
2014.12.05 13:25:58.830,1.78668,1.78698,1.00,1.00
2014.12.05 13:25:59.420,1.78668,1.78698,1.00,1.00
2014.12.05 13:25:59.821,1.78678,1.78698,1.00,1.00
2014.12.05 13:25:59.872,1.78678,1.78703,1.00,1.00
2014.12.05 13:25:59.973,1.78678,1.78711,1.00,1.00
2014.12.05 13:26:00.075,1.78677,1.78711,1.12,1.00
2014.12.05 13:26:00.125,1.78677,1.78715,1.00,1.00
2014.12.05 13:26:04.853,1.78681,1.78718,1.00,1.00
2014.12.05 13:26:05.256,1.78679,1.78713,1.00,1.00
2014.12.05 13:26:09.227,1.78674,1.78708,1.00,1.00
2014.12.05 13:26:11.420,1.78674,1.78712,1.00,1.00
2014.12.05 13:26:11.723,1.78681,1.78716,1.12,1.00
2014.12.05 13:26:11.824,1.78681,1.78716,1.00,1.00
2014.12.05 13:26:13.054,1.78675,1.78707,1.00,1.00
2014.12.05 13:26:13.990,1.78673,1.78705,1.12,1.00
2014.12.05 13:26:15.365,1.78673,1.78708,1.00,1.00
2014.12.05 13:26:16.425,1.78673,1.78707,1.00,1.50
2014.12.05 13:26:16.475,1.78673,1.78696,1.00,1.00
2014.12.05 13:26:16.576,1.78668,1.78696,1.00,1.00
2014.12.05 13:26:16.954,1.78668,1.78698,1.00,1.00
2014.12.05 13:26:17.055,1.78668,1.78701,1.00,1.00
2014.12.05 13:26:17.208,1.78669,1.78701,1.00,1.00
2014.12.05 13:26:17.310,1.78669,1.78701,1.50,1.00
2014.12.05 13:26:17.613,1.78669,1.78706,2.12,1.00
2014.12.05 13:26:18.586,1.78669,1.78706,1.00,1.75
2014.12.05 13:26:18.687,1.78669,1.78704,1.00,1.00
2014.12.05 13:26:18.738,1.78669,1.78702,1.00,1.00
2014.12.05 13:26:18.990,1.78663,1.78695,1.00,1.00
2014.12.05 13:26:19.041,1.78663,1.78686,1.00,1.00
2014.12.05 13:26:19.293,1.78658,1.78686,1.00,1.00
2014.12.05 13:26:19.344,1.78658,1.78681,1.00,1.00
2014.12.05 13:26:19.445,1.78653,1.78681,1.00,1.00
2014.12.05 13:26:19.647,1.78663,1.78681,1.00,1.00
2014.12.05 13:26:19.799,1.78663,1.78685,1.00,1.00
2014.12.05 13:26:19.900,1.78663,1.7868,1.00,1.00
2014.12.05 13:26:20.004,1.78653,1.7868,1.00,1.00
2014.12.05 13:26:20.206,1.78649,1.7868,1.00,1.00
2014.12.05 13:26:20.407,1.78646,1.7868,1.00,1.00
2014.12.05 13:26:22.621,1.78646,1.7868,1.00,1.00
2014.12.05 13:26:23.033,1.78646,1.7868,1.00,1.00
2014.12.05 13:26:24.864,1.78644,1.78676,1.00,1.00
2014.12.05 13:26:27.021,1.78644,1.78676,1.00,1.00
2014.12.05 13:26:33.221,1.78644,1.7867,1.00,1.00
2014.12.05 13:26:33.423,1.78644,1.78667,1.00,1.00
2014.12.05 13:26:33.625,1.78633,1.78667,1.00,1.00
2014.12.05 13:26:33.676,1.7863,1.78661,1.00,1.00
2014.12.05 13:26:33.726,1.78627,1.78661,1.00,1.00
2014.12.05 13:26:33.777,1.78624,1.78658,1.00,1.00
2014.12.05 13:26:34.081,1.78624,1.78658,1.00,1.00
2014.12.05 13:26:34.384,1.78624,1.78652,1.00,1.00
2014.12.05 13:26:34.636,1.78623,1.78652,1.00,1.00
2014.12.05 13:26:34.837,1.78623,1.78652,1.00,1.00
2014.12.05 13:26:35.292,1.78623,1.78652,1.00,1.00
2014.12.05 13:26:35.393,1.78624,1.78652,1.00,1.00
2014.12.05 13:26:37.499,1.78624,1.78645,1.00,1.00
2014.12.05 13:26:38.248,1.78623,1.78645,1.00,1.00
2014.12.05 13:26:38.348,1.78613,1.78645,1.00,1.00
2014.12.05 13:26:38.500,1.78613,1.78647,1.00,1.00
2014.12.05 13:26:38.601,1.78608,1.78647,3.15,1.00
2014.12.05 13:26:38.652,1.78608,1.78647,2.02,1.00
2014.12.05 13:26:38.702,1.78608,1.78641,1.27,1.00
2014.12.05 13:26:39.056,1.78608,1.78635,1.00,1.00
2014.12.05 13:26:39.157,1.78598,1.78635,2.25,1.00
2014.12.05 13:26:39.459,1.78598,1.78635,2.87,1.00
2014.12.05 13:26:39.963,1.78598,1.78635,1.00,1.00
2014.12.05 13:26:40.366,1.78594,1.78622,1.00,1.00
2014.12.05 13:26:40.417,1.78586,1.78622,2.40,1.00
2014.12.05 13:26:40.467,1.78586,1.7862,1.20,1.00
2014.12.05 13:26:40.518,1.78583,1.7862,1.00,1.00
2014.12.05 13:26:40.568,1.78583,1.78615,1.00,1.00
2014.12.05 13:26:41.323,1.78583,1.78615,1.00,1.00
2014.12.05 13:26:41.475,1.78583,1.78624,1.12,1.00
2014.12.05 13:26:42.332,1.78583,1.78624,1.00,1.00
2014.12.05 13:26:44.069,1.78583,1.78622,1.30,1.00
2014.12.05 13:26:44.124,1.78583,1.7862,1.30,1.00
2014.12.05 13:26:44.175,1.7858,1.7862,1.30,1.00
2014.12.05 13:26:44.276,1.78578,1.7862,1.00,1.00
2014.12.05 13:26:44.327,1.78575,1.78602,1.00,1.00
2014.12.05 13:26:44.428,1.7857,1.78602,1.00,1.00
2014.12.05 13:26:44.647,1.78563,1.78604,1.00,1.00
2014.12.05 13:26:45.277,1.78563,1.78603,1.00,1.35
2014.12.05 13:26:45.378,1.78563,1.786,1.00,1.30
2014.12.05 13:26:45.900,1.78563,1.78599,1.00,1.00
2014.12.05 13:26:46.051,1.78563,1.78601,1.00,1.30
2014.12.05 13:26:46.584,1.78563,1.78602,1.00,1.72
2014.12.05 13:26:46.634,1.78558,1.78597,1.00,1.00
2014.12.05 13:26:46.937,1.78549,1.78586,1.00,1.00
2014.12.05 13:26:47.138,1.78544,1.78582,1.00,1.00
2014.12.05 13:26:47.642,1.78543,1.78578,1.00,1.00
2014.12.05 13:26:47.692,1.78538,1.78578,1.00,1.00
2014.12.05 13:26:47.793,1.78538,1.78573,1.00,1.00
2014.12.05 13:26:47.844,1.78533,1.78573,1.00,1.00
2014.12.05 13:26:48.045,1.78534,1.78573,1.00,1.00
2014.12.05 13:26:48.197,1.78533,1.78573,1.00,1.00
2014.12.05 13:26:48.398,1.78528,1.78573,1.00,1.00
2014.12.05 13:26:48.449,1.78528,1.78568,1.00,1.00
2014.12.05 13:26:48.751,1.78538,1.78578,1.00,1.00
2014.12.05 13:26:49.104,1.78538,1.7858,1.00,1.00
2014.12.05 13:26:49.154,1.78544,1.7858,1.00,1.00
2014.12.05 13:26:49.205,1.78544,1.78584,1.00,1.72
2014.12.05 13:26:49.608,1.78537,1.78577,2.10,1.00
2014.12.05 13:26:49.709,1.78534,1.78577,1.80,1.00
2014.12.05 13:26:49.910,1.78533,1.7858,1.42,1.00
2014.12.05 13:26:50.229,1.78531,1.78577,1.37,1.00
2014.12.05 13:26:50.532,1.78532,1.78577,2.72,1.00
2014.12.05 13:26:50.633,1.78533,1.78581,2.47,1.00
2014.12.05 13:26:50.684,1.78533,1.78581,2.47,1.00
2014.12.05 13:26:50.734,1.78539,1.78587,1.27,1.00
2014.12.05 13:26:50.785,1.78539,1.78587,4.07,1.00
2014.12.05 13:26:50.886,1.78544,1.78589,1.12,1.00
2014.12.05 13:26:50.987,1.78544,1.78592,1.67,1.00
2014.12.05 13:26:52.105,1.78544,1.78587,3.47,1.00
2014.12.05 13:26:52.459,1.78544,1.78582,2.49,1.00
2014.12.05 13:26:52.560,1.78544,1.78587,2.49,1.00
2014.12.05 13:26:52.921,1.78544,1.78587,1.75,1.00
2014.12.05 13:26:53.174,1.78564,1.78605,1.72,1.00
2014.12.05 13:26:53.224,1.78569,1.78605,1.00,1.00
2014.12.05 13:26:53.376,1.78569,1.7861,1.00,1.00
2014.12.05 13:26:53.660,1.78569,1.78607,1.30,1.00
2014.12.05 13:26:54.087,1.78569,1.78612,1.00,1.00
2014.12.05 13:26:54.339,1.7857,1.78615,1.35,1.87
2014.12.05 13:26:54.491,1.7857,1.78612,1.37,1.00
2014.12.05 13:26:54.592,1.7857,1.78615,1.12,1.00
2014.12.05 13:26:54.642,1.78574,1.7862,1.00,1.00
2014.12.05 13:26:54.793,1.78574,1.78624,1.00,1.00
2014.12.05 13:26:54.844,1.78579,1.78624,1.00,1.00
2014.12.05 13:26:55.096,1.78576,1.78617,1.30,1.00
2014.12.05 13:26:55.419,1.78576,1.78622,1.00,1.00
2014.12.05 13:26:55.959,1.78576,1.78622,2.72,1.00
2014.12.05 13:26:56.060,1.78578,1.78622,1.00,1.00
2014.12.05 13:26:56.832,1.78578,1.78622,1.00,1.00
2014.12.05 13:26:57.454,1.78578,1.78622,1.00,1.00
2014.12.05 13:26:57.958,1.78578,1.78622,1.50,1.00
2014.12.05 13:26:58.361,1.78578,1.78622,1.00,1.00
2014.12.05 13:26:59.407,1.78578,1.78618,1.00,1.00
2014.12.05 13:26:59.508,1.78578,1.78618,1.00,1.00
2014.12.05 13:26:59.660,1.78573,1.78614,1.37,1.00
2014.12.05 13:26:59.889,1.78573,1.78619,1.37,1.00
2014.12.05 13:27:00.471,1.78574,1.78619,1.12,1.00
2014.12.05 13:27:00.571,1.78574,1.78619,1.12,1.00
2014.12.05 13:27:00.672,1.78574,1.78619,1.35,1.00
2014.12.05 13:27:01.180,1.78574,1.78619,1.30,1.00
2014.12.05 13:27:01.684,1.78572,1.78619,1.37,1.00
2014.12.05 13:27:01.875,1.78572,1.78619,1.75,1.00
2014.12.05 13:27:01.976,1.78575,1.78623,1.12,1.00
2014.12.05 13:27:02.077,1.78575,1.78619,1.75,1.00
2014.12.05 13:27:02.178,1.78575,1.78619,1.37,1.00
2014.12.05 13:27:02.581,1.78576,1.78619,1.72,1.00
2014.12.05 13:27:02.682,1.78576,1.78619,1.75,1.00
2014.12.05 13:27:02.833,1.78576,1.78622,1.75,1.00
2014.12.05 13:27:02.884,1.78576,1.78622,1.37,1.00
2014.12.05 13:27:03.136,1.78584,1.78622,1.00,1.00
2014.12.05 13:27:03.338,1.78584,1.78622,2.10,1.00
2014.12.05 13:27:03.539,1.78585,1.78622,1.35,1.00
2014.12.05 13:27:03.741,1.78585,1.78625,1.00,1.00
2014.12.05 13:27:03.842,1.78587,1.78625,1.30,1.00
2014.12.05 13:27:03.993,1.78587,1.78625,1.12,1.00
2014.12.05 13:27:04.403,1.78587,1.7863,1.00,1.00
2014.12.05 13:27:04.555,1.78587,1.7863,1.37,1.00
2014.12.05 13:27:04.807,1.78591,1.7864,1.87,1.00
2014.12.05 13:27:04.858,1.78591,1.78642,3.24,1.00
2014.12.05 13:27:06.060,1.78595,1.78642,1.12,1.00
2014.12.05 13:27:07.274,1.78598,1.78642,1.00,1.50
2014.12.05 13:27:07.606,1.78595,1.78636,1.00,1.00
2014.12.05 13:27:07.962,1.78595,1.78636,1.00,1.00
2014.12.05 13:27:08.013,1.78595,1.7864,1.00,1.00
2014.12.05 13:27:08.164,1.78595,1.7864,3.24,1.00
2014.12.05 13:27:08.215,1.78595,1.78646,3.99,1.00
2014.12.05 13:27:08.366,1.78595,1.78646,2.99,1.00
2014.12.05 13:27:08.517,1.786,1.78646,1.12,1.00
2014.12.05 13:27:08.618,1.786,1.78646,1.00,1.00
2014.12.05 13:27:08.669,1.786,1.78649,1.50,1.00
2014.12.05 13:27:08.770,1.786,1.78649,1.00,1.00
2014.12.05 13:27:08.871,1.78603,1.78656,1.50,1.00
2014.12.05 13:27:09.710,1.78603,1.78656,1.00,1.87
2014.12.05 13:27:09.761,1.78603,1.78654,1.37,1.12
2014.12.05 13:27:09.862,1.78603,1.78654,1.00,1.12
2014.12.05 13:27:09.963,1.78601,1.78648,1.37,1.00
2014.12.05 13:27:10.568,1.78602,1.78648,1.12,1.00
2014.12.05 13:27:11.073,1.78601,1.78648,1.37,1.00
2014.12.05 13:27:11.884,1.78601,1.78648,1.37,1.00
2014.12.05 13:27:12.570,1.78601,1.78648,2.12,1.00
2014.12.05 13:27:12.721,1.78603,1.78653,1.12,1.37
2014.12.05 13:27:13.225,1.78603,1.78653,1.12,1.37
2014.12.05 13:27:13.743,1.78603,1.78653,2.12,1.37
2014.12.05 13:27:14.499,1.78604,1.78658,3.99,1.12
2014.12.05 13:27:14.700,1.78607,1.78662,1.12,1.12
2014.12.05 13:27:15.241,1.78607,1.78662,1.50,1.00
2014.12.05 13:27:15.342,1.78607,1.78656,1.50,1.00
2014.12.05 13:27:15.652,1.78607,1.78662,2.50,1.00
2014.12.05 13:27:15.905,1.7861,1.78664,1.00,1.00
2014.12.05 13:27:19.628,1.78612,1.78652,1.50,1.00
2014.12.05 13:27:19.679,1.78612,1.78652,1.00,1.00
2014.12.05 13:27:19.730,1.78612,1.78652,1.00,1.37
2014.12.05 13:27:19.830,1.78608,1.78651,1.00,2.10
2014.12.05 13:27:19.931,1.78608,1.78649,1.00,1.37
2014.12.05 13:27:20.208,1.78604,1.78646,1.00,1.37
2014.12.05 13:27:20.410,1.78604,1.78649,1.00,1.00
2014.12.05 13:27:21.001,1.78606,1.78657,1.50,1.37
2014.12.05 13:27:21.102,1.78607,1.78657,2.25,1.12
2014.12.05 13:27:21.203,1.78607,1.78661,3.25,1.87
2014.12.05 13:27:21.562,1.78609,1.78662,1.00,1.37
2014.12.05 13:27:21.764,1.78609,1.7866,1.00,1.37
2014.12.05 13:27:21.865,1.78609,1.78658,1.00,1.12
2014.12.05 13:27:21.966,1.78609,1.78658,1.75,1.00
2014.12.05 13:27:22.066,1.78613,1.78665,1.50,1.00
2014.12.05 13:27:22.167,1.78613,1.78662,3.47,1.12
2014.12.05 13:27:22.470,1.78614,1.78662,2.62,1.00
2014.12.05 13:27:22.840,1.78617,1.78667,2.50,1.00
2014.12.05 13:27:24.326,1.78617,1.78656,1.00,1.00
2014.12.05 13:27:24.630,1.78617,1.7865,1.00,1.00
2014.12.05 13:27:24.731,1.78617,1.78655,1.00,1.00
2014.12.05 13:27:25.090,1.78613,1.78655,1.00,1.00
2014.12.05 13:27:25.864,1.78613,1.78656,1.00,1.00
2014.12.05 13:27:25.915,1.78615,1.7866,1.12,1.00
2014.12.05 13:27:26.066,1.78617,1.78662,2.12,1.00
2014.12.05 13:27:26.167,1.7862,1.78666,2.12,1.12
2014.12.05 13:27:26.268,1.78622,1.78669,1.12,1.87
2014.12.05 13:27:26.486,1.78626,1.78675,1.50,1.37
2014.12.05 13:27:26.789,1.78628,1.78658,1.00,1.00
2014.12.05 13:27:26.839,1.78618,1.78657,1.12,1.00
2014.12.05 13:27:26.890,1.78619,1.78657,1.00,1.50
2014.12.05 13:27:26.991,1.78619,1.78657,1.00,1.00
2014.12.05 13:27:27.042,1.78619,1.7866,2.50,1.00
2014.12.05 13:27:27.365,1.78624,1.7866,1.00,1.00
2014.12.05 13:27:27.566,1.78625,1.78665,2.25,1.00
2014.12.05 13:27:28.106,1.78628,1.78665,1.00,1.00
2014.12.05 13:27:28.359,1.78633,1.78673,1.50,1.00
2014.12.05 13:27:29.900,1.78633,1.78668,1.00,1.00
2014.12.05 13:27:30.207,1.78633,1.78666,1.00,1.00
2014.12.05 13:27:30.359,1.78633,1.78671,1.00,1.00
2014.12.05 13:27:30.779,1.78633,1.78671,1.00,1.00
2014.12.05 13:27:30.829,1.78633,1.78675,2.50,1.00
2014.12.05 13:27:31.197,1.78634,1.78673,1.00,1.00
2014.12.05 13:27:31.890,1.78641,1.78678,1.00,1.00
2014.12.05 13:27:32.378,1.78641,1.78671,1.00,1.00
2014.12.05 13:27:32.429,1.78635,1.78667,1.00,1.00
2014.12.05 13:27:32.934,1.78634,1.78666,1.00,1.00
2014.12.05 13:27:33.397,1.78635,1.78674,1.00,1.00
2014.12.05 13:27:33.901,1.78636,1.78674,3.25,1.00
2014.12.05 13:27:34.002,1.7864,1.78679,1.00,1.00
2014.12.05 13:27:34.647,1.78645,1.78682,1.00,1.00
2014.12.05 13:27:36.773,1.78648,1.78682,1.50,1.00
2014.12.05 13:27:37.075,1.78661,1.78696,1.00,1.00
2014.12.05 13:27:37.126,1.78661,1.78698,1.00,1.00
2014.12.05 13:27:37.335,1.78661,1.78687,1.00,1.00
2014.12.05 13:27:37.385,1.7866,1.78687,1.00,1.00
2014.12.05 13:27:37.436,1.7866,1.78685,1.00,1.00
2014.12.05 13:27:37.486,1.78646,1.7868,1.00,1.00
2014.12.05 13:27:38.924,1.78646,1.7868,1.00,1.00
2014.12.05 13:27:39.234,1.78646,1.78685,2.50,1.00
2014.12.05 13:27:42.569,1.78646,1.78684,1.00,1.00
2014.12.05 13:27:42.670,1.78646,1.7868,1.00,1.00
2014.12.05 13:27:44.116,1.78646,1.78674,1.00,1.00
2014.12.05 13:27:44.217,1.78644,1.78674,1.00,1.00
2014.12.05 13:27:44.318,1.78638,1.78671,1.00,1.00
2014.12.05 13:27:44.627,1.78638,1.78677,2.72,1.00
2014.12.05 13:27:45.220,1.7864,1.78677,1.87,1.00
2014.12.05 13:27:45.321,1.78642,1.78681,1.00,1.00
2014.12.05 13:27:50.270,1.78642,1.78684,2.12,1.00
2014.12.05 13:27:51.127,1.78642,1.78676,1.00,1.00
2014.12.05 13:27:51.228,1.78635,1.78674,1.00,1.37
2014.12.05 13:27:51.279,1.78634,1.78671,1.50,1.00
2014.12.05 13:27:51.481,1.78632,1.7867,1.00,1.00
2014.12.05 13:27:51.582,1.7863,1.78667,1.00,1.50
2014.12.05 13:27:51.733,1.78628,1.78666,1.00,1.00
2014.12.05 13:27:53.152,1.78628,1.78667,1.00,1.00
2014.12.05 13:27:53.655,1.78623,1.78661,1.00,1.00
2014.12.05 13:27:53.999,1.78623,1.78658,1.00,1.00
2014.12.05 13:27:56.498,1.78623,1.78654,1.00,1.00
2014.12.05 13:27:56.660,1.78618,1.78654,1.00,1.00
2014.12.05 13:27:56.862,1.78618,1.78654,1.00,1.00
2014.12.05 13:27:59.719,1.78618,1.78654,2.59,1.00
2014.12.05 13:27:59.821,1.78619,1.78654,1.00,1.00
2014.12.05 13:28:00.128,1.78623,1.78654,1.00,1.00
2014.12.05 13:28:00.257,1.78623,1.78654,1.00,1.00
2014.12.05 13:28:00.711,1.78623,1.78659,1.00,1.00
2014.12.05 13:28:00.811,1.7862,1.78659,1.00,1.00
2014.12.05 13:28:01.559,1.78618,1.78655,1.50,1.00
2014.12.05 13:28:02.379,1.78618,1.78655,1.00,1.00
2014.12.05 13:28:02.579,1.78618,1.78655,1.00,1.00
2014.12.05 13:28:03.139,1.78618,1.78655,1.00,1.00
2014.12.05 13:28:04.206,1.78618,1.78655,1.00,1.00
2014.12.05 13:28:04.850,1.78618,1.78655,1.00,1.00
2014.12.05 13:28:05.438,1.78618,1.78655,1.00,1.00
2014.12.05 13:28:05.624,1.78618,1.78655,2.72,1.00
2014.12.05 13:28:05.775,1.78618,1.78659,3.60,1.00
2014.12.05 13:28:08.096,1.78619,1.78659,2.50,1.00
2014.12.05 13:28:08.297,1.78632,1.78674,1.00,1.00
2014.12.05 13:28:08.399,1.78634,1.78677,2.50,1.00
2014.12.05 13:28:08.500,1.78644,1.78684,1.00,1.00
2014.12.05 13:28:08.601,1.78642,1.78679,1.00,1.00
2014.12.05 13:28:09.702,1.78642,1.78682,1.00,1.00
2014.12.05 13:28:09.752,1.78642,1.78686,1.00,1.00
2014.12.05 13:28:12.505,1.78645,1.78686,1.50,1.00
2014.12.05 13:28:12.561,1.78645,1.78686,1.00,1.00
2014.12.05 13:28:12.712,1.78644,1.78683,1.00,1.00
2014.12.05 13:28:13.367,1.78643,1.78679,1.30,1.00
2014.12.05 13:28:13.887,1.78642,1.78679,1.00,1.00
2014.12.05 13:28:14.790,1.78642,1.78683,1.00,1.12
2014.12.05 13:28:17.117,1.78642,1.78683,2.80,1.00
2014.12.05 13:28:17.536,1.78642,1.78679,1.00,1.00
2014.12.05 13:28:17.868,1.78642,1.78679,1.30,1.00
2014.12.05 13:28:18.410,1.78642,1.78679,1.72,1.00
2014.12.05 13:28:18.950,1.78642,1.78679,1.00,1.00
2014.12.05 13:28:19.050,1.78642,1.78683,2.12,1.00
2014.12.05 13:28:19.101,1.78644,1.78683,1.72,1.00
2014.12.05 13:28:19.605,1.78644,1.78681,1.72,1.00
2014.12.05 13:28:20.054,1.78644,1.7868,1.00,1.00
2014.12.05 13:28:21.637,1.78644,1.78666,1.00,1.00
2014.12.05 13:28:21.687,1.78636,1.78661,1.50,1.12
2014.12.05 13:28:21.738,1.78631,1.78661,1.00,1.12
2014.12.05 13:28:21.839,1.78629,1.78661,1.50,1.87
2014.12.05 13:28:21.940,1.78629,1.78657,1.00,1.00
2014.12.05 13:28:22.041,1.78623,1.78657,1.00,1.00
2014.12.05 13:28:23.919,1.78621,1.78659,1.00,1.37
2014.12.05 13:28:27.016,1.78621,1.78659,1.00,1.12
2014.12.05 13:28:28.135,1.78621,1.78659,1.00,1.75
2014.12.05 13:28:28.286,1.78612,1.7865,1.00,1.37
2014.12.05 13:28:28.744,1.78608,1.78646,1.00,1.37
2014.12.05 13:28:28.947,1.78605,1.78641,1.00,1.00
2014.12.05 13:28:29.421,1.78601,1.78639,1.00,1.00
2014.12.05 13:28:29.930,1.786,1.78639,1.50,1.00
2014.12.05 13:28:30.081,1.786,1.78639,2.50,1.00
2014.12.05 13:28:30.283,1.78603,1.78643,1.50,1.00
2014.12.05 13:28:30.757,1.78604,1.78643,2.80,1.00
2014.12.05 13:28:31.260,1.78605,1.78643,1.72,1.00
2014.12.05 13:28:31.613,1.78605,1.78643,1.72,1.00
2014.12.05 13:28:32.177,1.78605,1.78641,1.00,1.00
2014.12.05 13:28:33.959,1.78606,1.78641,1.50,1.00
2014.12.05 13:28:34.463,1.78606,1.78641,2.72,1.00
2014.12.05 13:28:35.180,1.78606,1.78641,2.80,1.00
2014.12.05 13:28:35.832,1.78606,1.78641,2.80,1.00
2014.12.05 13:28:36.134,1.78606,1.78641,2.80,1.00
2014.12.05 13:28:36.487,1.78611,1.78645,1.30,1.00
2014.12.05 13:28:36.689,1.78611,1.78645,1.30,1.00
2014.12.05 13:28:37.018,1.78611,1.78645,1.72,1.00
2014.12.05 13:28:37.346,1.78611,1.78645,1.30,1.00
2014.12.05 13:28:39.016,1.78611,1.78648,1.00,1.00
2014.12.05 13:28:41.738,1.78611,1.78645,1.00,1.00
2014.12.05 13:28:43.218,1.78611,1.78645,1.30,1.00
2014.12.05 13:28:43.319,1.78611,1.78649,1.00,1.00
2014.12.05 13:28:43.811,1.78616,1.7865,1.72,1.00
2014.12.05 13:28:44.128,1.78623,1.78649,1.00,1.00
2014.12.05 13:28:45.616,1.78623,1.78655,1.00,2.18
2014.12.05 13:28:46.177,1.78623,1.78655,1.00,1.81
2014.12.05 13:28:46.684,1.78623,1.78657,1.00,1.00
2014.12.05 13:28:46.986,1.78623,1.78657,1.00,1.37
2014.12.05 13:28:47.288,1.78623,1.78657,1.00,2.05
2014.12.05 13:28:47.678,1.78623,1.78658,1.00,2.47
2014.12.05 13:28:47.779,1.78623,1.78651,1.00,1.37
2014.12.05 13:28:48.484,1.78623,1.78642,1.00,1.00
2014.12.05 13:28:48.685,1.78623,1.78649,1.00,1.00
2014.12.05 13:28:48.794,1.78623,1.78646,1.00,1.00
2014.12.05 13:28:48.996,1.78618,1.7865,1.00,1.00
2014.12.05 13:28:49.098,1.78611,1.78653,1.00,1.50
2014.12.05 13:28:49.199,1.78607,1.78653,1.00,1.00
2014.12.05 13:28:49.350,1.78607,1.78653,1.30,1.00
2014.12.05 13:28:50.329,1.78608,1.78657,1.30,1.37
2014.12.05 13:28:50.631,1.78608,1.78657,1.30,1.37
2014.12.05 13:28:51.286,1.78608,1.78657,1.30,1.37
2014.12.05 13:28:51.816,1.78608,1.78654,1.30,1.00
2014.12.05 13:28:52.329,1.78611,1.78654,1.12,1.12
2014.12.05 13:28:52.770,1.78611,1.78656,2.25,1.00
2014.12.05 13:28:53.072,1.78616,1.78664,1.87,1.37
2014.12.05 13:28:53.224,1.78619,1.78668,1.35,1.00
2014.12.05 13:28:53.326,1.78619,1.78665,2.72,1.00
2014.12.05 13:28:53.427,1.7862,1.78668,1.72,1.00
2014.12.05 13:28:53.528,1.78623,1.78668,1.50,1.00
2014.12.05 13:28:53.927,1.78625,1.78669,1.72,1.43
2014.12.05 13:28:54.428,1.78625,1.7867,2.72,1.43
2014.12.05 13:28:54.882,1.78627,1.78665,1.00,1.00
2014.12.05 13:28:55.084,1.78628,1.78669,2.35,1.43
2014.12.05 13:28:55.621,1.78628,1.7867,2.84,1.43
2014.12.05 13:28:55.995,1.78628,1.78675,2.84,1.81
2014.12.05 13:28:56.045,1.78629,1.78675,1.12,1.81
2014.12.05 13:28:56.347,1.78632,1.78674,1.00,1.00
2014.12.05 13:28:56.448,1.78632,1.7868,1.12,1.37
2014.12.05 13:28:56.549,1.78632,1.7868,1.37,1.00
2014.12.05 13:28:56.650,1.78635,1.78683,2.72,1.00
2014.12.05 13:28:56.751,1.78638,1.78685,2.10,2.18
2014.12.05 13:28:56.852,1.78641,1.78687,1.35,1.00
2014.12.05 13:28:56.903,1.78641,1.7869,2.72,1.43
2014.12.05 13:28:56.953,1.78641,1.7869,2.49,1.43
2014.12.05 13:28:57.054,1.78645,1.78695,1.12,1.43
2014.12.05 13:28:57.558,1.78645,1.78696,1.00,1.00
2014.12.05 13:28:58.016,1.78645,1.78699,1.00,2.18
2014.12.05 13:28:58.067,1.78645,1.78699,1.37,2.56
2014.12.05 13:28:58.369,1.78656,1.78695,1.00,1.00
2014.12.05 13:28:58.671,1.7866,1.78699,1.00,1.00
2014.12.05 13:28:59.010,1.7866,1.78694,1.00,1.00
2014.12.05 13:28:59.312,1.78656,1.78688,1.00,1.00
2014.12.05 13:28:59.363,1.7865,1.78684,1.00,1.00
2014.12.05 13:28:59.895,1.7865,1.78687,1.00,1.00
2014.12.05 13:29:00.147,1.78654,1.78693,1.00,1.00
2014.12.05 13:29:00.247,1.78654,1.78703,1.00,1.00
2014.12.05 13:29:00.600,1.78654,1.78703,1.00,1.00
2014.12.05 13:29:00.701,1.78656,1.78709,1.00,1.00
2014.12.05 13:29:00.804,1.78656,1.78709,1.50,1.00
2014.12.05 13:29:00.854,1.78656,1.78703,1.00,1.00
2014.12.05 13:29:00.905,1.78656,1.78703,1.00,1.00
2014.12.05 13:29:00.956,1.78656,1.78708,1.00,1.50
2014.12.05 13:29:01.207,1.78654,1.78705,1.00,1.00
2014.12.05 13:29:01.509,1.78651,1.78701,1.00,1.00
2014.12.05 13:29:02.013,1.78651,1.78702,1.00,1.00
2014.12.05 13:29:02.427,1.78647,1.78698,1.00,1.00
2014.12.05 13:29:03.882,1.78648,1.78702,1.00,1.00
2014.12.05 13:29:03.983,1.78652,1.78708,1.00,1.00
2014.12.05 13:29:05.076,1.78658,1.7871,1.00,1.00
2014.12.05 13:29:05.127,1.7866,1.78713,1.00,1.00
2014.12.05 13:29:05.178,1.78661,1.78717,1.00,1.00
2014.12.05 13:29:05.531,1.78666,1.7872,1.00,1.00
2014.12.05 13:29:05.852,1.78664,1.78715,1.00,1.00
2014.12.05 13:29:05.953,1.78664,1.78711,1.00,1.00
2014.12.05 13:29:08.273,1.78664,1.78714,1.00,1.00
2014.12.05 13:29:08.918,1.78663,1.78708,1.00,1.00
2014.12.05 13:29:09.221,1.7865,1.78699,1.00,1.00
2014.12.05 13:29:09.408,1.78657,1.78713,1.00,1.00
2014.12.05 13:29:09.509,1.78657,1.78712,1.00,1.00
2014.12.05 13:29:09.610,1.78657,1.78706,1.00,1.00
2014.12.05 13:29:10.481,1.78657,1.78711,1.00,1.00
2014.12.05 13:29:11.372,1.78662,1.78716,1.00,1.00
2014.12.05 13:29:12.379,1.78668,1.78716,1.00,1.00
2014.12.05 13:29:12.480,1.78667,1.78716,1.00,1.00
2014.12.05 13:29:12.581,1.78667,1.78721,1.00,1.00
2014.12.05 13:29:12.681,1.78667,1.78717,1.00,1.00
2014.12.05 13:29:13.343,1.7867,1.78726,1.00,1.00
2014.12.05 13:29:13.596,1.78678,1.78726,1.00,1.00
2014.12.05 13:29:13.697,1.78678,1.78729,1.00,1.00
2014.12.05 13:29:14.000,1.78678,1.78732,1.00,1.00
2014.12.05 13:29:14.453,1.78678,1.78728,1.00,1.00
2014.12.05 13:29:14.817,1.78679,1.78728,1.00,1.00
2014.12.05 13:29:15.132,1.78683,1.78728,1.00,1.00
2014.12.05 13:29:15.232,1.78685,1.7874,1.00,1.00
2014.12.05 13:29:15.355,1.78689,1.7874,1.12,1.00
2014.12.05 13:29:15.405,1.78691,1.78744,1.00,1.00
2014.12.05 13:29:15.557,1.78694,1.78749,1.00,1.00
2014.12.05 13:29:15.657,1.78698,1.78752,1.00,1.00
2014.12.05 13:29:15.857,1.787,1.78756,1.00,1.00
2014.12.05 13:29:16.310,1.78699,1.78749,1.00,1.00
2014.12.05 13:29:17.525,1.78691,1.78739,1.00,1.00
2014.12.05 13:29:17.726,1.78691,1.78743,1.00,1.00
2014.12.05 13:29:17.827,1.78693,1.78749,1.00,1.00
2014.12.05 13:29:18.280,1.78693,1.78743,1.00,1.00
2014.12.05 13:29:18.733,1.78693,1.78746,1.00,1.00
2014.12.05 13:29:19.037,1.78693,1.78742,1.00,1.00
2014.12.05 13:29:19.267,1.78693,1.78747,1.00,1.00
2014.12.05 13:29:19.475,1.78693,1.78744,1.00,1.00
2014.12.05 13:29:20.247,1.78691,1.78743,1.00,1.00
2014.12.05 13:29:20.600,1.787,1.78752,1.00,1.00
2014.12.05 13:29:20.651,1.787,1.78757,1.00,1.00
2014.12.05 13:29:21.585,1.78697,1.78747,1.00,1.00
2014.12.05 13:29:22.556,1.78702,1.78755,1.00,1.00
2014.12.05 13:29:23.445,1.78694,1.78755,1.00,1.00
2014.12.05 13:29:23.496,1.78689,1.78749,1.00,1.00
2014.12.05 13:29:23.798,1.78694,1.78749,1.00,1.00
2014.12.05 13:29:24.000,1.7869,1.78744,1.00,1.00
2014.12.05 13:29:24.100,1.78689,1.78739,1.00,1.00
2014.12.05 13:29:24.453,1.78682,1.78732,1.00,1.00
2014.12.05 13:29:25.008,1.78675,1.78727,1.00,1.00
2014.12.05 13:29:25.210,1.78682,1.78738,1.00,1.00
2014.12.05 13:29:26.319,1.78681,1.78732,1.00,1.00
2014.12.05 13:29:26.621,1.78681,1.78735,1.00,1.00
2014.12.05 13:29:27.326,1.78694,1.78748,1.00,1.00
2014.12.05 13:29:28.315,1.7869,1.78741,1.00,1.00
2014.12.05 13:29:28.416,1.78685,1.78735,1.00,1.00
2014.12.05 13:29:29.496,1.78673,1.78735,1.00,1.00
2014.12.05 13:29:29.597,1.78672,1.78723,1.00,1.00
2014.12.05 13:29:30.151,1.78677,1.78732,1.00,1.00
2014.12.05 13:29:30.302,1.78687,1.78743,1.00,1.00
2014.12.05 13:29:30.510,1.78704,1.78743,1.00,1.00
2014.12.05 13:29:30.561,1.78705,1.7875,1.00,1.00
2014.12.05 13:29:30.662,1.78705,1.78775,1.00,1.00
2014.12.05 13:29:30.763,1.78709,1.78806,1.00,1.37
2014.12.05 13:29:30.863,1.78709,1.78806,1.00,1.00
2014.12.05 13:29:30.964,1.7871,1.78788,1.00,1.00
2014.12.05 13:29:31.273,1.78728,1.78784,1.00,1.00
2014.12.05 13:29:31.585,1.78726,1.78777,1.00,1.00
2014.12.05 13:29:31.889,1.78726,1.7878,1.00,1.00
2014.12.05 13:29:32.274,1.7872,1.78771,1.00,1.00
2014.12.05 13:29:33.184,1.78724,1.78771,1.00,1.00
2014.12.05 13:29:33.235,1.7874,1.78794,1.00,1.00
2014.12.05 13:29:33.336,1.78722,1.78773,1.00,1.00
2014.12.05 13:29:33.495,1.78699,1.78745,1.00,1.00
2014.12.05 13:29:33.546,1.78693,1.78745,1.00,1.00
2014.12.05 13:29:33.596,1.7869,1.78742,1.00,1.00
2014.12.05 13:29:33.697,1.78679,1.78752,1.00,1.00
2014.12.05 13:29:33.748,1.78665,1.78752,1.00,1.00
2014.12.05 13:29:33.950,1.78665,1.78741,1.00,1.00
2014.12.05 13:29:34.252,1.78674,1.7873,1.00,1.00
2014.12.05 13:29:34.554,1.78686,1.78742,1.00,1.00
2014.12.05 13:29:34.807,1.78686,1.78762,1.00,1.00
2014.12.05 13:29:34.908,1.78689,1.78745,1.00,1.00
2014.12.05 13:29:35.210,1.78693,1.78747,1.00,1.00
2014.12.05 13:29:35.881,1.78693,1.78747,1.00,1.00
2014.12.05 13:29:35.982,1.78697,1.78752,1.00,1.00
2014.12.05 13:29:36.678,1.78714,1.78753,1.00,1.00
2014.12.05 13:29:36.729,1.78714,1.7876,1.00,1.00
2014.12.05 13:29:36.830,1.78718,1.78771,1.00,1.00
2014.12.05 13:29:36.880,1.78728,1.78781,1.00,1.00
2014.12.05 13:29:37.082,1.78723,1.78773,1.00,1.00
2014.12.05 13:29:37.334,1.7872,1.7877,1.00,1.00
2014.12.05 13:29:37.699,1.78713,1.78761,1.00,1.00
2014.12.05 13:29:37.851,1.78714,1.78768,1.00,1.00
2014.12.05 13:29:38.324,1.78716,1.78772,1.00,1.00
2014.12.05 13:29:39.979,1.7872,1.78776,1.00,1.00
2014.12.05 13:29:40.181,1.78739,1.78801,1.00,1.50
2014.12.05 13:29:40.382,1.78732,1.78801,1.00,1.00
2014.12.05 13:29:40.433,1.78733,1.78801,3.25,1.00
2014.12.05 13:29:40.483,1.78738,1.78841,1.00,1.45
2014.12.05 13:29:40.534,1.78752,1.78842,1.00,1.53
2014.12.05 13:29:40.584,1.78752,1.78874,1.00,1.50
2014.12.05 13:29:40.635,1.78752,1.78869,1.00,1.00
2014.12.05 13:29:40.937,1.78762,1.78868,1.00,1.00
2014.12.05 13:29:41.038,1.78761,1.78877,1.00,1.00
2014.12.05 13:29:41.138,1.78761,1.78883,1.00,1.45
2014.12.05 13:29:41.239,1.78761,1.78885,1.00,1.00
2014.12.05 13:29:41.340,1.78764,1.78897,1.00,1.00
2014.12.05 13:29:41.441,1.78765,1.78868,1.00,1.00
2014.12.05 13:29:41.743,1.78809,1.78926,1.00,1.00
2014.12.05 13:29:41.844,1.78824,1.78932,1.00,1.00
2014.12.05 13:29:42.098,1.78824,1.78936,1.00,1.00
2014.12.05 13:29:42.299,1.78825,1.78931,1.00,1.00
2014.12.05 13:29:42.622,1.78825,1.78911,1.00,1.00
2014.12.05 13:29:42.924,1.78844,1.78907,1.00,1.00
2014.12.05 13:29:43.025,1.78846,1.78963,1.50,1.50
2014.12.05 13:29:43.126,1.78862,1.78983,1.00,1.50
2014.12.05 13:29:43.176,1.78867,1.78983,1.00,1.50
2014.12.05 13:29:43.328,1.78883,1.79,1.00,1.50
2014.12.05 13:29:43.428,1.78876,1.78992,1.00,1.50
2014.12.05 13:29:43.746,1.7889,1.79003,1.00,1.50
2014.12.05 13:29:43.846,1.78896,1.7901,1.00,1.50
2014.12.05 13:29:43.997,1.78934,1.78995,1.00,1.00
2014.12.05 13:29:44.098,1.78934,1.79018,1.50,1.00
2014.12.05 13:29:44.149,1.78939,1.79044,1.50,1.50
2014.12.05 13:29:44.300,1.78942,1.79049,1.00,1.50
2014.12.05 13:29:44.501,1.78939,1.79043,1.00,1.50
2014.12.05 13:29:44.809,1.78932,1.79007,1.00,1.00
2014.12.05 13:29:44.910,1.78932,1.79012,1.50,1.00
2014.12.05 13:29:45.011,1.78937,1.79012,1.00,1.00
2014.12.05 13:29:45.112,1.78944,1.7904,1.00,1.37
2014.12.05 13:29:45.162,1.78944,1.79035,1.00,1.72
2014.12.05 13:29:45.213,1.78942,1.79035,1.00,1.72
2014.12.05 13:29:45.314,1.7886,1.79018,1.87,1.00
2014.12.05 13:29:45.415,1.78835,1.79017,1.89,1.00
2014.12.05 13:29:45.515,1.78835,1.79047,1.77,1.26
2014.12.05 13:29:45.616,1.78754,1.79041,1.38,1.52
2014.12.05 13:29:45.717,1.78754,1.7905,1.21,1.15
2014.12.05 13:29:45.817,1.78733,1.79046,1.43,1.90
2014.12.05 13:29:45.918,1.78719,1.79038,1.92,1.00
2014.12.05 13:29:46.019,1.78718,1.79012,1.90,1.00
2014.12.05 13:29:46.119,1.78687,1.79011,1.97,1.00
2014.12.05 13:29:46.220,1.78701,1.79026,1.09,1.55
2014.12.05 13:29:46.321,1.78701,1.79021,1.14,1.87
2014.12.05 13:29:46.422,1.78707,1.7904,1.37,2.01
2014.12.05 13:29:46.522,1.78698,1.79045,1.90,1.00
2014.12.05 13:29:46.623,1.78709,1.79039,1.47,1.60
2014.12.05 13:29:46.930,1.78729,1.79056,1.39,1.44
2014.12.05 13:29:47.355,1.78733,1.79039,1.04,1.53
2014.12.05 13:29:47.668,1.78747,1.79012,1.44,1.29
2014.12.05 13:29:47.969,1.78765,1.79007,1.01,1.76
2014.12.05 13:29:48.221,1.78729,1.79008,1.92,1.55
2014.12.05 13:29:48.271,1.78729,1.78978,1.92,1.00
2014.12.05 13:29:48.322,1.78706,1.78978,1.08,1.00
2014.12.05 13:29:48.423,1.78707,1.79107,1.16,1.30
2014.12.05 13:29:48.524,1.78713,1.79101,1.69,1.12
2014.12.05 13:29:48.825,1.78684,1.79025,1.90,1.28
2014.12.05 13:29:49.127,1.78706,1.79014,1.43,1.45
2014.12.05 13:29:49.429,1.78695,1.78988,1.01,1.31
2014.12.05 13:29:49.580,1.78654,1.78976,1.22,1.34
2014.12.05 13:29:49.982,1.78657,1.78965,2.00,1.54
2014.12.05 13:29:50.283,1.78682,1.78968,1.85,1.31
2014.12.05 13:29:50.585,1.78743,1.78979,1.00,1.07
2014.12.05 13:29:50.636,1.78746,1.7911,1.29,1.50
2014.12.05 13:29:50.921,1.78777,1.79072,1.00,1.46
2014.12.05 13:29:51.072,1.78755,1.79081,1.50,1.42
2014.12.05 13:29:51.172,1.78755,1.79068,1.00,1.35
2014.12.05 13:29:51.223,1.78705,1.79068,1.00,1.35
2014.12.05 13:29:51.273,1.78704,1.79054,1.00,1.45
2014.12.05 13:29:51.374,1.78679,1.79071,1.67,1.54
2014.12.05 13:29:51.474,1.78624,1.79098,1.00,1.00
2014.12.05 13:29:51.637,1.78633,1.79098,1.00,1.47
2014.12.05 13:29:51.939,1.78706,1.79109,2.00,1.77
2014.12.05 13:29:52.249,1.78704,1.79099,1.39,1.00
2014.12.05 13:29:52.350,1.78696,1.7912,1.81,2.07
2014.12.05 13:29:52.401,1.7871,1.7912,1.00,2.07
2014.12.05 13:29:52.714,1.78769,1.79121,1.51,1.60
2014.12.05 13:29:53.016,1.78848,1.7912,1.00,1.41
2014.12.05 13:29:53.228,1.78808,1.79113,1.00,1.55
2014.12.05 13:29:53.329,1.78798,1.79113,1.00,1.55
2014.12.05 13:29:53.430,1.78759,1.79123,1.00,1.95
2014.12.05 13:29:53.748,1.78735,1.79091,2.06,1.00
2014.12.05 13:29:53.966,1.787,1.7909,1.00,1.00
2014.12.05 13:29:54.066,1.78669,1.79072,1.00,1.58
2014.12.05 13:29:54.167,1.78629,1.78978,1.00,1.50
2014.12.05 13:29:54.268,1.78642,1.79112,1.43,1.68
2014.12.05 13:29:54.369,1.78614,1.79101,1.47,1.55
2014.12.05 13:29:54.827,1.78625,1.79113,2.02,1.81
2014.12.05 13:29:55.028,1.78612,1.79112,1.67,1.81
2014.12.05 13:29:55.095,1.78627,1.79113,1.44,1.85
2014.12.05 13:29:55.397,1.78633,1.79121,1.32,1.84
2014.12.05 13:29:55.654,1.78631,1.79092,1.00,1.00
2014.12.05 13:29:56.617,1.78647,1.7911,1.00,1.27
2014.12.05 13:29:56.671,1.78684,1.7911,1.00,1.27
2014.12.05 13:29:56.996,1.78717,1.79119,1.00,1.32
2014.12.05 13:29:57.437,1.78715,1.7911,1.00,1.16
2014.12.05 13:29:57.507,1.78666,1.7911,1.00,1.16
2014.12.05 13:29:57.616,1.78633,1.7911,1.00,1.21
2014.12.05 13:29:58.257,1.78579,1.79067,1.00,1.00
2014.12.05 13:30:02.084,1.78464,1.78651,0.75,0.75
2014.12.05 13:30:02.186,1.78387,1.7888,1.00,1.30
2014.12.05 13:30:02.287,1.78377,1.78877,1.00,1.30
2014.12.05 13:30:02.337,1.78339,1.78753,1.00,1.00
2014.12.05 13:30:02.640,1.7837,1.78594,1.00,1.00
2014.12.05 13:30:02.790,1.78346,1.78618,1.00,1.00
2014.12.05 13:30:02.891,1.78347,1.78603,1.00,1.00
2014.12.05 13:30:03.092,1.78418,1.78626,1.00,1.00
2014.12.05 13:30:03.193,1.78396,1.78836,1.00,1.00
2014.12.05 13:30:03.293,1.78375,1.78662,1.00,1.00
2014.12.05 13:30:03.444,1.784,1.78708,1.00,1.00
2014.12.05 13:30:03.495,1.78461,1.78663,1.00,1.00
2014.12.05 13:30:03.802,1.78471,1.78756,1.00,1.00
2014.12.05 13:30:03.853,1.78506,1.78687,1.00,0.75
2014.12.05 13:30:04.155,1.78462,1.78738,1.00,1.00
2014.12.05 13:30:04.356,1.78462,1.78756,1.00,1.00
2014.12.05 13:30:04.498,1.78529,1.78756,1.00,1.00
2014.12.05 13:30:04.802,1.78598,1.7879,1.00,1.00
2014.12.05 13:30:05.104,1.78583,1.78789,1.00,1.00
2014.12.05 13:30:05.204,1.78583,1.78799,1.00,1.00
2014.12.05 13:30:05.255,1.7857,1.78732,0.75,1.00
2014.12.05 13:30:05.557,1.7859,1.78672,1.00,1.00
2014.12.05 13:30:05.607,1.78595,1.78685,1.00,1.00
2014.12.05 13:30:05.658,1.78595,1.78725,1.00,1.00
2014.12.05 13:30:05.759,1.78602,1.78695,1.00,1.00
2014.12.05 13:30:05.860,1.78597,1.78711,1.00,0.75
2014.12.05 13:30:05.960,1.78553,1.78765,1.00,1.00
2014.12.05 13:30:06.011,1.78552,1.7876,1.00,1.00
2014.12.05 13:30:06.313,1.78549,1.7876,1.00,1.00
2014.12.05 13:30:06.414,1.78561,1.78877,1.50,1.50
2014.12.05 13:30:06.464,1.7852,1.7881,1.00,1.00
2014.12.05 13:30:06.716,1.7858,1.78879,1.00,1.00
2014.12.05 13:30:06.816,1.78568,1.78849,1.00,1.00
2014.12.05 13:30:06.967,1.78521,1.78878,1.00,1.00
2014.12.05 13:30:07.118,1.78597,1.78878,1.00,1.00
2014.12.05 13:30:07.420,1.78566,1.78719,1.00,0.75
2014.12.05 13:30:07.521,1.78559,1.78765,1.00,1.00
2014.12.05 13:30:07.572,1.78581,1.78765,1.00,1.00
2014.12.05 13:30:07.622,1.78582,1.78782,1.00,1.00
2014.12.05 13:30:07.673,1.78596,1.78782,1.00,1.00
2014.12.05 13:30:07.723,1.78626,1.7882,1.00,1.00
2014.12.05 13:30:07.774,1.78626,1.78848,1.00,1.00
2014.12.05 13:30:07.824,1.78631,1.78819,1.00,0.75
2014.12.05 13:30:07.925,1.78678,1.78949,1.00,1.00
2014.12.05 13:30:08.026,1.78651,1.78982,1.00,1.00
2014.12.05 13:30:08.076,1.78651,1.78749,1.00,0.75
2014.12.05 13:30:08.127,1.78602,1.78749,1.00,0.75
2014.12.05 13:30:08.227,1.78619,1.78961,1.00,1.00
2014.12.05 13:30:08.328,1.78629,1.78935,1.00,1.00
2014.12.05 13:30:08.630,1.78721,1.78892,1.00,1.00
2014.12.05 13:30:08.680,1.78663,1.78892,1.00,1.00
2014.12.05 13:30:08.781,1.78659,1.78893,1.00,1.00
2014.12.05 13:30:08.881,1.78663,1.78909,1.00,1.00
2014.12.05 13:30:08.982,1.78724,1.78904,1.00,1.00
2014.12.05 13:30:09.083,1.78729,1.78962,1.00,1.00
2014.12.05 13:30:09.183,1.78723,1.78985,1.00,1.00
2014.12.05 13:30:09.234,1.78662,1.78985,1.00,1.00
2014.12.05 13:30:09.284,1.78705,1.78837,1.00,1.00
2014.12.05 13:30:09.385,1.78687,1.78877,1.00,0.75
2014.12.05 13:30:09.435,1.78687,1.78875,1.00,1.00
2014.12.05 13:30:09.586,1.78651,1.78871,1.00,1.00
2014.12.05 13:30:09.637,1.78651,1.78814,1.00,1.00
2014.12.05 13:30:09.959,1.78634,1.78811,1.00,1.00
2014.12.05 13:30:10.059,1.78642,1.78876,1.00,1.00
2014.12.05 13:30:10.110,1.78642,1.78867,1.00,1.00
2014.12.05 13:30:10.362,1.78612,1.78855,1.00,1.00
2014.12.05 13:30:10.412,1.78635,1.78816,1.00,1.00
2014.12.05 13:30:10.563,1.78627,1.78827,1.00,1.00
2014.12.05 13:30:10.613,1.78648,1.78827,1.00,1.00
2014.12.05 13:30:10.947,1.78655,1.78835,1.00,1.00
2014.12.05 13:30:10.997,1.78656,1.7882,1.00,1.00
2014.12.05 13:30:11.309,1.78733,1.78814,0.75,1.00
2014.12.05 13:30:11.460,1.78719,1.78797,1.00,1.00
2014.12.05 13:30:11.561,1.78717,1.78801,1.00,1.00
2014.12.05 13:30:11.662,1.78669,1.78787,1.00,1.00
2014.12.05 13:30:11.762,1.78693,1.78787,1.00,1.00
2014.12.05 13:30:11.863,1.78647,1.78773,1.00,1.00
2014.12.05 13:30:11.964,1.78629,1.78767,1.50,1.00
2014.12.05 13:30:12.015,1.78667,1.78748,1.00,1.00
2014.12.05 13:30:12.116,1.78668,1.78758,1.00,1.00
2014.12.05 13:30:12.217,1.78677,1.7877,1.00,1.00
2014.12.05 13:30:12.320,1.78687,1.78785,1.00,1.00
2014.12.05 13:30:12.471,1.78694,1.78813,1.00,1.00
2014.12.05 13:30:12.572,1.78702,1.78848,1.00,1.00
2014.12.05 13:30:12.622,1.78706,1.78844,1.00,1.00
2014.12.05 13:30:12.924,1.78731,1.78814,1.00,1.00
2014.12.05 13:30:13.025,1.78706,1.78855,1.00,1.00
2014.12.05 13:30:13.076,1.78714,1.78829,1.00,1.00
2014.12.05 13:30:13.227,1.78714,1.78834,1.50,1.00
2014.12.05 13:30:13.328,1.78715,1.78823,1.00,1.00
2014.12.05 13:30:13.530,1.78748,1.78894,1.00,1.00
2014.12.05 13:30:13.652,1.78742,1.78894,1.00,1.00
2014.12.05 13:30:13.703,1.78736,1.78885,1.00,1.00
2014.12.05 13:30:14.005,1.78733,1.78811,1.00,1.00
2014.12.05 13:30:14.056,1.78737,1.78884,1.00,1.00
2014.12.05 13:30:14.156,1.78744,1.7888,1.00,1.00
2014.12.05 13:30:14.257,1.78745,1.78892,1.00,1.00
2014.12.05 13:30:14.308,1.78758,1.78839,1.00,1.00
2014.12.05 13:30:14.409,1.78762,1.78889,1.00,1.00
2014.12.05 13:30:14.459,1.78762,1.78882,1.00,1.00
2014.12.05 13:30:14.761,1.78773,1.78856,1.50,1.00
2014.12.05 13:30:15.071,1.788,1.78919,1.30,1.00
2014.12.05 13:30:15.122,1.78801,1.78917,1.30,1.00
2014.12.05 13:30:15.424,1.78795,1.78858,1.90,0.75
2014.12.05 13:30:15.625,1.78802,1.78922,1.91,1.00
2014.12.05 13:30:15.676,1.78802,1.78912,1.91,1.00
2014.12.05 13:30:15.777,1.78817,1.78945,1.00,1.00
2014.12.05 13:30:15.877,1.78822,1.78945,1.00,1.00
2014.12.05 13:30:16.130,1.78812,1.7894,1.00,1.00
2014.12.05 13:30:16.180,1.78826,1.7894,1.50,1.00
2014.12.05 13:30:16.231,1.78826,1.78945,1.50,1.00
2014.12.05 13:30:16.282,1.78825,1.78942,1.00,1.00
2014.12.05 13:30:16.584,1.7881,1.78921,1.00,1.00
2014.12.05 13:30:16.886,1.78806,1.78884,1.00,1.00
2014.12.05 13:30:16.937,1.78796,1.78884,1.00,1.00
2014.12.05 13:30:17.038,1.78801,1.78895,1.00,1.00
2014.12.05 13:30:17.139,1.78806,1.78898,1.00,1.00
2014.12.05 13:30:17.441,1.78806,1.78864,1.00,1.00
2014.12.05 13:30:17.542,1.7878,1.78858,1.00,1.00
2014.12.05 13:30:17.593,1.78801,1.78882,1.00,1.00
2014.12.05 13:30:17.670,1.78811,1.78894,1.00,1.00
2014.12.05 13:30:17.821,1.78803,1.78875,1.00,1.00
2014.12.05 13:30:17.922,1.78816,1.78904,1.00,1.00
2014.12.05 13:30:17.973,1.78816,1.78899,1.00,1.00
2014.12.05 13:30:18.023,1.78814,1.78899,1.30,1.00
2014.12.05 13:30:18.074,1.78817,1.7891,1.00,1.00
2014.12.05 13:30:18.275,1.78825,1.78918,1.00,1.00
2014.12.05 13:30:18.577,1.78823,1.78915,1.30,1.00
2014.12.05 13:30:18.879,1.78842,1.7892,1.00,1.00
2014.12.05 13:30:18.930,1.78843,1.78935,1.50,1.00
2014.12.05 13:30:18.980,1.78863,1.78935,1.00,1.00
2014.12.05 13:30:19.081,1.78855,1.78934,1.00,1.00
2014.12.05 13:30:19.132,1.78855,1.7893,1.00,1.00
2014.12.05 13:30:19.333,1.78864,1.78977,1.00,1.00
2014.12.05 13:30:19.434,1.78863,1.78997,1.00,1.00
2014.12.05 13:30:19.485,1.78856,1.78943,1.00,1.00
2014.12.05 13:30:19.686,1.78856,1.78949,1.00,1.00
2014.12.05 13:30:19.736,1.78866,1.78954,1.00,1.00
2014.12.05 13:30:20.038,1.78861,1.78891,1.00,1.00
2014.12.05 13:30:20.089,1.78851,1.78891,1.00,1.00
2014.12.05 13:30:20.190,1.78846,1.78895,1.00,1.00
2014.12.05 13:30:20.290,1.78824,1.78926,1.00,1.00
2014.12.05 13:30:20.341,1.78823,1.78921,1.00,1.00
2014.12.05 13:30:20.643,1.78822,1.78924,1.00,1.00
2014.12.05 13:30:20.744,1.78825,1.78919,1.00,1.00
2014.12.05 13:30:21.045,1.78827,1.78908,1.00,1.00
2014.12.05 13:30:21.196,1.78825,1.78906,1.00,1.00
2014.12.05 13:30:21.297,1.7883,1.78906,1.00,1.00
2014.12.05 13:30:21.599,1.78815,1.78876,1.00,1.00
2014.12.05 13:30:21.650,1.78815,1.78913,1.00,1.00
2014.12.05 13:30:21.751,1.78825,1.78909,1.00,1.00
2014.12.05 13:30:22.123,1.78815,1.78867,1.00,1.00
2014.12.05 13:30:22.174,1.78791,1.78867,1.00,1.00
2014.12.05 13:30:22.275,1.78791,1.78874,1.00,1.00
2014.12.05 13:30:22.426,1.78812,1.7888,1.00,1.00
2014.12.05 13:30:22.527,1.78823,1.78896,1.00,1.00
2014.12.05 13:30:22.628,1.78822,1.789,1.00,1.00
2014.12.05 13:30:22.729,1.7883,1.78909,1.00,1.00
2014.12.05 13:30:22.880,1.78822,1.7891,1.00,1.44
2014.12.05 13:30:22.931,1.78818,1.78915,1.00,1.00
2014.12.05 13:30:23.032,1.78816,1.78915,1.72,1.44
2014.12.05 13:30:23.082,1.78818,1.78915,1.30,1.44
2014.12.05 13:30:23.384,1.78837,1.7892,1.00,1.50
2014.12.05 13:30:23.535,1.78837,1.7892,1.30,1.00
2014.12.05 13:30:23.651,1.78841,1.78925,1.00,1.44
2014.12.05 13:30:23.953,1.78837,1.78919,1.00,1.00
2014.12.05 13:30:24.053,1.78848,1.78907,1.00,1.00
2014.12.05 13:30:24.305,1.78848,1.78906,1.00,1.00
2014.12.05 13:30:24.406,1.78856,1.78917,1.00,1.00
2014.12.05 13:30:24.708,1.78864,1.78923,1.00,1.50
2014.12.05 13:30:24.759,1.78856,1.78912,1.00,1.00
2014.12.05 13:30:25.061,1.78852,1.78908,1.00,1.00
2014.12.05 13:30:25.162,1.78845,1.78911,1.00,1.00
2014.12.05 13:30:25.263,1.78855,1.78918,1.00,1.00
2014.12.05 13:30:25.414,1.78844,1.7891,1.00,1.00
2014.12.05 13:30:25.615,1.78837,1.7891,1.00,1.00
2014.12.05 13:30:25.716,1.78836,1.7892,1.00,1.00
2014.12.05 13:30:25.817,1.78827,1.78919,1.22,1.00
2014.12.05 13:30:25.918,1.78834,1.78919,1.00,1.50
2014.12.05 13:30:26.220,1.78841,1.78888,1.00,1.00
2014.12.05 13:30:26.270,1.78821,1.78878,1.37,1.00
2014.12.05 13:30:26.321,1.78821,1.78878,1.00,1.00
2014.12.05 13:30:26.472,1.78816,1.78885,1.00,1.00
2014.12.05 13:30:26.573,1.78816,1.78894,1.00,1.00
2014.12.05 13:30:26.673,1.78804,1.789,1.00,1.00
2014.12.05 13:30:26.875,1.78813,1.78874,1.00,1.00
2014.12.05 13:30:27.479,1.7884,1.78899,1.00,1.00
2014.12.05 13:30:27.680,1.78841,1.78902,1.00,1.00
2014.12.05 13:30:27.781,1.78846,1.78905,1.00,1.00
2014.12.05 13:30:27.882,1.78844,1.789,1.00,1.00
2014.12.05 13:30:27.983,1.78832,1.78888,1.00,1.00
2014.12.05 13:30:28.285,1.78843,1.78904,1.00,1.00
2014.12.05 13:30:28.589,1.7885,1.78911,1.00,1.00
2014.12.05 13:30:28.891,1.78863,1.7892,1.00,1.00
2014.12.05 13:30:28.941,1.78863,1.78924,1.00,1.00
2014.12.05 13:30:28.992,1.78869,1.78925,1.00,1.00
2014.12.05 13:30:29.294,1.78851,1.78907,1.00,1.00
2014.12.05 13:30:29.395,1.7886,1.78918,1.00,1.00
2014.12.05 13:30:29.509,1.78853,1.78909,1.00,1.00
2014.12.05 13:30:29.609,1.78856,1.78909,1.00,1.00
2014.12.05 13:30:29.778,1.78863,1.78924,1.00,1.00
2014.12.05 13:30:29.829,1.78863,1.78932,1.00,1.00
2014.12.05 13:30:30.081,1.78863,1.78932,1.00,1.00
2014.12.05 13:30:30.131,1.78863,1.78932,1.30,1.00
2014.12.05 13:30:30.182,1.78863,1.78944,1.30,1.00
2014.12.05 13:30:30.232,1.78898,1.78958,1.30,1.00
2014.12.05 13:30:30.283,1.78898,1.7896,1.30,1.00
2014.12.05 13:30:30.383,1.78898,1.7898,1.30,1.00
2014.12.05 13:30:30.456,1.78909,1.7898,1.30,1.00
2014.12.05 13:30:30.506,1.78909,1.78989,1.30,1.44
2014.12.05 13:30:30.608,1.78915,1.7899,1.30,1.00
2014.12.05 13:30:30.709,1.7892,1.79004,1.30,1.00
2014.12.05 13:30:30.810,1.78915,1.79005,1.30,1.00
2014.12.05 13:30:30.911,1.78918,1.79005,1.30,1.50
2014.12.05 13:30:31.213,1.78909,1.78959,1.00,1.00
2014.12.05 13:30:31.263,1.789,1.78951,1.00,1.00
2014.12.05 13:30:31.370,1.78895,1.78951,1.00,1.00
2014.12.05 13:30:31.475,1.78895,1.78951,1.00,1.00
2014.12.05 13:30:31.526,1.78897,1.78958,1.00,1.00
2014.12.05 13:30:31.626,1.78892,1.78943,1.00,1.00
2014.12.05 13:30:31.677,1.78887,1.78943,1.60,1.00
2014.12.05 13:30:31.756,1.78886,1.7894,1.00,1.00
2014.12.05 13:30:32.058,1.78915,1.78999,1.00,1.00
2014.12.05 13:30:32.109,1.78916,1.79002,1.00,1.00
2014.12.05 13:30:32.160,1.78916,1.78957,1.15,1.00
2014.12.05 13:30:32.260,1.78928,1.7898,1.45,1.00
2014.12.05 13:30:32.411,1.7894,1.7898,1.00,1.00
2014.12.05 13:30:32.512,1.7894,1.79024,1.42,1.00
2014.12.05 13:30:32.563,1.78945,1.79025,1.42,1.00
2014.12.05 13:30:32.664,1.78945,1.79025,1.00,1.00
2014.12.05 13:30:32.715,1.78945,1.78994,1.00,1.00
2014.12.05 13:30:33.019,1.78945,1.7902,1.00,1.00
2014.12.05 13:30:33.221,1.78946,1.79019,1.00,1.44
2014.12.05 13:30:33.524,1.78953,1.79025,1.24,1.00
2014.12.05 13:30:33.675,1.78953,1.79034,3.01,1.44
2014.12.05 13:30:33.750,1.78953,1.79029,1.60,1.00
2014.12.05 13:30:34.053,1.7896,1.79021,1.00,1.00
2014.12.05 13:30:34.355,1.78929,1.78985,1.30,1.00
2014.12.05 13:30:34.606,1.78952,1.79012,1.00,1.00
2014.12.05 13:30:34.657,1.78957,1.79013,1.50,1.00
2014.12.05 13:30:34.959,1.7896,1.79014,1.00,1.00
2014.12.05 13:30:35.261,1.78973,1.7902,1.00,1.44
2014.12.05 13:30:35.312,1.78973,1.79025,1.00,1.44
2014.12.05 13:30:35.363,1.78978,1.79025,1.00,1.44
2014.12.05 13:30:35.614,1.78981,1.79048,1.30,1.00
2014.12.05 13:30:35.665,1.78981,1.79071,1.30,1.00
2014.12.05 13:30:35.715,1.78981,1.79039,1.68,1.00
2014.12.05 13:30:35.917,1.78941,1.7902,1.50,1.00
2014.12.05 13:30:35.968,1.78941,1.79007,1.00,1.00
2014.12.05 13:30:36.119,1.7893,1.7901,1.66,1.72
2014.12.05 13:30:36.219,1.78933,1.7899,1.42,1.00
2014.12.05 13:30:36.521,1.78953,1.78998,1.37,1.00
2014.12.05 13:30:36.572,1.78953,1.79006,1.37,1.00
2014.12.05 13:30:36.623,1.78967,1.79006,1.00,1.00
2014.12.05 13:30:36.673,1.78975,1.79022,1.00,1.00
2014.12.05 13:30:36.724,1.78975,1.7902,1.00,1.00
2014.12.05 13:30:36.925,1.78977,1.79029,1.00,1.44
2014.12.05 13:30:37.026,1.78971,1.79009,1.05,1.00
2014.12.05 13:30:37.127,1.78973,1.79029,1.00,1.44
2014.12.05 13:30:37.177,1.78977,1.79029,1.50,1.00
2014.12.05 13:30:37.333,1.7898,1.79035,1.00,1.44
2014.12.05 13:30:37.384,1.7898,1.79041,1.37,1.00
2014.12.05 13:30:37.434,1.7899,1.79051,1.00,1.50
2014.12.05 13:30:37.535,1.7899,1.79047,1.15,1.00
2014.12.05 13:30:37.686,1.7899,1.79055,1.15,1.44
2014.12.05 13:30:37.736,1.7899,1.79052,1.15,1.00
2014.12.05 13:30:38.039,1.78996,1.7905,1.00,1.00
2014.12.05 13:30:38.368,1.78995,1.79016,1.00,1.00
2014.12.05 13:30:38.419,1.78982,1.79016,1.79,1.00
2014.12.05 13:30:38.470,1.7899,1.79049,1.00,1.00
2014.12.05 13:30:38.521,1.7899,1.79047,1.42,1.00
2014.12.05 13:30:38.633,1.78981,1.79014,1.60,1.00
2014.12.05 13:30:38.784,1.78986,1.79047,1.00,1.00
2014.12.05 13:30:38.884,1.78978,1.79036,1.15,1.00
2014.12.05 13:30:38.935,1.78961,1.79027,1.90,1.00
2014.12.05 13:30:39.237,1.78968,1.79031,1.07,1.00
2014.12.05 13:30:39.388,1.78966,1.79027,1.23,1.00
2014.12.05 13:30:39.489,1.78959,1.79027,1.60,1.00
2014.12.05 13:30:39.539,1.78952,1.7902,1.61,1.00
2014.12.05 13:30:39.741,1.78934,1.79011,1.52,1.00
2014.12.05 13:30:39.791,1.78934,1.78985,1.52,1.00
2014.12.05 13:30:39.842,1.78929,1.78985,1.83,1.00
2014.12.05 13:30:39.942,1.78929,1.79009,1.52,1.00
2014.12.05 13:30:40.043,1.78929,1.79009,1.79,1.00
2014.12.05 13:30:40.345,1.78923,1.78973,2.08,1.00
2014.12.05 13:30:40.597,1.78934,1.78993,1.00,1.00
2014.12.05 13:30:40.698,1.78929,1.78983,1.00,1.00
2014.12.05 13:30:41.000,1.78937,1.78978,1.00,1.00
2014.12.05 13:30:41.152,1.78963,1.79005,1.00,1.50
2014.12.05 13:30:41.253,1.78956,1.7901,1.00,1.00
2014.12.05 13:30:41.354,1.78956,1.79014,1.00,1.00
2014.12.05 13:30:41.455,1.78943,1.78998,1.00,1.00
2014.12.05 13:30:41.555,1.78931,1.78987,1.00,1.00
2014.12.05 13:30:41.707,1.78917,1.78989,1.00,1.00
2014.12.05 13:30:41.808,1.7891,1.78989,1.00,1.00
2014.12.05 13:30:41.858,1.7891,1.78977,1.00,1.00
2014.12.05 13:30:42.009,1.78893,1.78971,1.20,1.30
2014.12.05 13:30:42.111,1.78894,1.78967,1.00,1.30
2014.12.05 13:30:42.413,1.78898,1.78953,2.50,1.00
2014.12.05 13:30:42.565,1.78913,1.78972,1.00,1.00
2014.12.05 13:30:42.665,1.7892,1.78974,1.00,1.00
2014.12.05 13:30:42.967,1.78936,1.78974,1.00,1.00
2014.12.05 13:30:43.118,1.78947,1.79008,1.00,1.00
2014.12.05 13:30:43.219,1.7894,1.78972,1.00,1.00
2014.12.05 13:30:43.320,1.78931,1.78973,1.00,1.00
2014.12.05 13:30:43.571,1.78931,1.7896,1.00,1.00
2014.12.05 13:30:43.813,1.7891,1.7896,1.37,1.00
2014.12.05 13:30:43.866,1.78896,1.7895,1.30,1.00
2014.12.05 13:30:44.018,1.78896,1.78942,1.30,1.00
2014.12.05 13:30:44.119,1.78902,1.78961,1.00,1.30
2014.12.05 13:30:44.219,1.78898,1.78949,1.30,1.00
2014.12.05 13:30:44.320,1.78905,1.78966,1.00,1.00
2014.12.05 13:30:44.421,1.78904,1.7896,1.00,1.00
2014.12.05 13:30:44.723,1.78904,1.78943,1.00,1.00
2014.12.05 13:30:44.874,1.78911,1.78961,1.00,1.00
2014.12.05 13:30:44.925,1.78911,1.78961,1.00,1.00
2014.12.05 13:30:44.976,1.7892,1.78981,1.00,1.00
2014.12.05 13:30:45.077,1.78913,1.78969,1.00,1.00
2014.12.05 13:30:45.379,1.7891,1.78966,1.50,1.00
2014.12.05 13:30:45.681,1.78899,1.78953,1.00,1.00
2014.12.05 13:30:45.731,1.78899,1.78957,1.00,1.00
2014.12.05 13:30:45.882,1.78899,1.78953,1.00,1.30
2014.12.05 13:30:45.983,1.78901,1.7896,1.00,1.00
2014.12.05 13:30:46.034,1.78901,1.78962,1.00,1.72
2014.12.05 13:30:46.084,1.78904,1.7896,1.00,1.30
2014.12.05 13:30:46.199,1.78903,1.78959,1.00,1.00
2014.12.05 13:30:46.300,1.78903,1.78957,1.00,1.00
2014.12.05 13:30:46.552,1.78861,1.78929,2.18,1.30
2014.12.05 13:30:46.652,1.78861,1.78922,1.30,1.30
2014.12.05 13:30:46.753,1.78852,1.78911,1.30,1.30
2014.12.05 13:30:46.854,1.78835,1.78888,1.00,1.30
2014.12.05 13:30:46.904,1.7883,1.78888,1.44,1.30
2014.12.05 13:30:46.955,1.7883,1.78896,1.44,1.30
2014.12.05 13:30:47.056,1.78856,1.78904,1.00,1.30
2014.12.05 13:30:47.207,1.78863,1.78912,1.00,1.30
2014.12.05 13:30:47.307,1.78862,1.78916,1.00,1.00
2014.12.05 13:30:47.408,1.78854,1.7891,1.00,1.00
2014.12.05 13:30:47.509,1.78868,1.78918,1.00,1.72
2014.12.05 13:30:47.817,1.78872,1.78908,1.00,1.30
2014.12.05 13:30:47.867,1.7887,1.78909,1.00,1.30
2014.12.05 13:30:47.968,1.78878,1.78909,1.00,1.30
2014.12.05 13:30:48.069,1.78878,1.78911,1.00,1.30
2014.12.05 13:30:48.170,1.78878,1.7891,1.00,1.30
2014.12.05 13:30:48.523,1.78851,1.78907,1.00,1.00
2014.12.05 13:30:48.623,1.78872,1.7891,1.00,1.30
2014.12.05 13:30:48.724,1.7888,1.78928,1.00,1.72
2014.12.05 13:30:48.825,1.78893,1.78926,1.00,1.67
2014.12.05 13:30:48.876,1.78893,1.78926,1.00,1.30
2014.12.05 13:30:48.977,1.78872,1.78928,1.00,1.00
2014.12.05 13:30:49.027,1.78893,1.78929,1.00,1.30
2014.12.05 13:30:49.330,1.78893,1.7894,1.00,1.00
2014.12.05 13:30:49.382,1.78909,1.78957,1.00,1.00
2014.12.05 13:30:49.483,1.78915,1.78963,1.37,1.00
2014.12.05 13:30:49.584,1.78905,1.78974,1.90,1.00
2014.12.05 13:30:49.635,1.78915,1.7898,1.00,1.44
2014.12.05 13:30:49.736,1.78915,1.78985,1.42,1.00
2014.12.05 13:30:49.937,1.7892,1.78973,1.00,1.00
2014.12.05 13:30:50.139,1.78914,1.78979,1.00,1.00
2014.12.05 13:30:50.190,1.78907,1.79,1.75,1.00
2014.12.05 13:30:50.241,1.78926,1.78974,1.00,1.00
2014.12.05 13:30:50.392,1.78931,1.78981,1.00,1.00
2014.12.05 13:30:50.612,1.78933,1.78983,1.00,1.00
2014.12.05 13:30:50.914,1.78941,1.78991,1.00,1.00
2014.12.05 13:30:51.014,1.78938,1.79014,1.00,1.00
2014.12.05 13:30:51.165,1.78938,1.79014,2.80,1.00
2014.12.05 13:30:51.468,1.78932,1.78974,1.00,1.00
2014.12.05 13:30:51.518,1.78929,1.78974,1.72,1.00
2014.12.05 13:30:51.569,1.78931,1.78979,1.00,1.00
2014.12.05 13:30:51.720,1.78932,1.78982,1.00,1.00
2014.12.05 13:30:51.839,1.78929,1.78979,1.00,1.00
2014.12.05 13:30:51.890,1.78926,1.78971,1.00,1.00
2014.12.05 13:30:52.192,1.78926,1.78974,1.00,1.00
2014.12.05 13:30:52.293,1.78928,1.78978,1.00,1.00
2014.12.05 13:30:52.394,1.78938,1.78977,1.00,1.00
2014.12.05 13:30:52.444,1.78938,1.78988,1.00,1.00
2014.12.05 13:30:52.646,1.78938,1.78984,1.00,1.00
2014.12.05 13:30:52.962,1.78933,1.78977,1.00,1.00
2014.12.05 13:30:53.063,1.78943,1.78993,1.00,1.00
2014.12.05 13:30:53.115,1.78943,1.78984,1.00,1.30
2014.12.05 13:30:53.317,1.78934,1.78979,1.00,1.72
2014.12.05 13:30:53.367,1.78934,1.78973,1.00,1.30
2014.12.05 13:30:53.670,1.78934,1.78962,1.00,1.00
2014.12.05 13:30:53.721,1.78934,1.78962,1.00,1.00
2014.12.05 13:30:53.822,1.78938,1.78962,1.00,1.00
2014.12.05 13:30:53.872,1.78938,1.78967,1.00,1.00
2014.12.05 13:30:54.023,1.78938,1.78967,1.00,1.75
2014.12.05 13:30:54.074,1.78938,1.78957,1.00,1.00
2014.12.05 13:30:54.175,1.78937,1.78958,1.00,1.12
2014.12.05 13:30:54.275,1.78924,1.78956,1.00,1.00
2014.12.05 13:30:54.376,1.78896,1.78956,1.30,1.00
2014.12.05 13:30:54.427,1.78893,1.78959,1.00,1.37
2014.12.05 13:30:54.477,1.78918,1.78959,1.00,1.37
2014.12.05 13:30:54.799,1.78913,1.78937,1.00,1.00
2014.12.05 13:30:54.951,1.78874,1.78936,1.00,1.00
2014.12.05 13:30:55.002,1.78869,1.78936,1.00,1.00
2014.12.05 13:30:55.052,1.78906,1.78936,1.00,1.00
2014.12.05 13:30:55.153,1.78866,1.78931,1.00,1.00
2014.12.05 13:30:55.204,1.78869,1.78931,1.30,1.00
2014.12.05 13:30:55.506,1.78897,1.78929,1.00,1.00
2014.12.05 13:30:55.607,1.78897,1.78929,1.00,1.00
2014.12.05 13:30:55.657,1.78897,1.78925,1.00,1.00
2014.12.05 13:30:55.708,1.78895,1.78925,1.00,1.00
2014.12.05 13:30:55.759,1.78895,1.78919,1.00,1.00
2014.12.05 13:30:55.960,1.78851,1.78916,1.00,1.00
2014.12.05 13:30:56.061,1.7884,1.78923,1.30,1.37
2014.12.05 13:30:56.112,1.78828,1.7891,1.87,1.30
2014.12.05 13:30:56.213,1.78829,1.78915,1.30,1.30
2014.12.05 13:30:56.263,1.7889,1.78913,1.00,1.00
2014.12.05 13:30:56.364,1.78873,1.78913,1.00,1.00
2014.12.05 13:30:56.415,1.78873,1.7891,1.00,1.30
2014.12.05 13:30:56.616,1.78835,1.78908,1.30,1.67
2014.12.05 13:30:56.667,1.7882,1.78882,1.52,1.30
2014.12.05 13:30:56.768,1.7882,1.78882,1.00,1.30
2014.12.05 13:30:56.869,1.7882,1.78891,1.72,1.35
2014.12.05 13:30:56.919,1.78866,1.78891,1.00,1.30
2014.12.05 13:30:56.970,1.78866,1.78894,1.00,1.30
2014.12.05 13:30:57.070,1.78826,1.78888,1.30,1.00
2014.12.05 13:30:57.171,1.78826,1.78888,1.30,1.00
2014.12.05 13:30:57.473,1.78828,1.78888,1.30,1.00
2014.12.05 13:30:57.524,1.78822,1.78881,1.30,1.72
2014.12.05 13:30:57.624,1.7882,1.78877,1.37,1.30
2014.12.05 13:30:57.927,1.78822,1.78872,1.00,1.00
2014.12.05 13:30:58.128,1.7882,1.78875,1.00,1.00
2014.12.05 13:30:58.229,1.7882,1.78872,1.00,1.00
2014.12.05 13:30:58.531,1.78852,1.78872,1.00,1.00
2014.12.05 13:30:58.631,1.78817,1.78862,1.00,1.00
2014.12.05 13:30:58.682,1.78814,1.78859,1.00,1.00
2014.12.05 13:30:58.883,1.78801,1.78857,2.19,1.30
2014.12.05 13:30:59.185,1.78791,1.78858,1.00,1.30
2014.12.05 13:30:59.236,1.78831,1.78851,1.00,1.00
2014.12.05 13:30:59.437,1.7879,1.78857,1.00,1.00
2014.12.05 13:30:59.488,1.78794,1.78857,1.30,1.00
2014.12.05 13:30:59.790,1.78802,1.78852,1.00,1.00
2014.12.05 13:31:00.138,1.7881,1.78854,1.00,1.00
2014.12.05 13:31:00.391,1.78811,1.7886,1.00,1.00
2014.12.05 13:31:00.441,1.78809,1.78847,1.00,1.00
2014.12.05 13:31:00.492,1.78804,1.78847,1.00,1.00
2014.12.05 13:31:00.593,1.78805,1.7885,1.00,1.00
2014.12.05 13:31:00.895,1.78805,1.78849,1.00,1.00
2014.12.05 13:31:00.996,1.78806,1.7885,1.00,1.00
2014.12.05 13:31:01.148,1.78806,1.78855,1.00,1.72
2014.12.05 13:31:01.299,1.78806,1.78851,1.00,1.00
2014.12.05 13:31:01.601,1.78815,1.7885,1.00,1.30
2014.12.05 13:31:01.652,1.78815,1.7888,2.47,1.00
2014.12.05 13:31:01.702,1.78836,1.7888,1.30,1.00
2014.12.05 13:31:01.753,1.78836,1.78886,1.72,1.00
2014.12.05 13:31:01.803,1.78838,1.78886,1.30,1.00
2014.12.05 13:31:01.854,1.78838,1.78895,1.30,1.44
2014.12.05 13:31:01.955,1.78837,1.7889,1.00,1.00
2014.12.05 13:31:02.055,1.78837,1.78906,1.30,1.30
2014.12.05 13:31:02.106,1.78837,1.78906,1.30,1.75
2014.12.05 13:31:02.357,1.78858,1.78929,2.24,1.67
2014.12.05 13:31:02.408,1.78863,1.78929,1.87,1.30
2014.12.05 13:31:02.458,1.78863,1.78931,2.87,1.30
2014.12.05 13:31:02.559,1.78863,1.78923,1.50,1.30
2014.12.05 13:31:02.861,1.78863,1.78905,1.00,1.30
2014.12.05 13:31:02.911,1.78863,1.7891,1.00,1.30
2014.12.05 13:31:02.962,1.78863,1.7891,1.00,1.30
2014.12.05 13:31:03.012,1.78863,1.78912,1.00,1.30
2014.12.05 13:31:03.063,1.78862,1.78912,1.00,1.30
2014.12.05 13:31:03.113,1.78862,1.78904,1.00,1.30
2014.12.05 13:31:03.365,1.78862,1.78913,1.00,1.00
2014.12.05 13:31:03.415,1.78872,1.78917,1.00,1.30
2014.12.05 13:31:03.466,1.78872,1.78927,1.00,1.00
2014.12.05 13:31:03.567,1.78875,1.78931,1.00,1.00
2014.12.05 13:31:03.617,1.78878,1.78934,1.00,1.72
2014.12.05 13:31:03.919,1.78869,1.7892,1.00,1.00
2014.12.05 13:31:04.221,1.7885,1.78868,1.00,1.30
2014.12.05 13:31:04.423,1.78832,1.78863,1.00,1.75
2014.12.05 13:31:04.474,1.78832,1.78845,1.00,1.30
2014.12.05 13:31:04.525,1.78783,1.78845,1.50,1.30
2014.12.05 13:31:04.575,1.78789,1.78851,1.00,1.30
2014.12.05 13:31:04.877,1.78777,1.78836,1.30,1.30
2014.12.05 13:31:05.028,1.78777,1.78841,1.30,1.30
2014.12.05 13:31:05.331,1.78805,1.78832,1.00,1.30
2014.12.05 13:31:05.381,1.78775,1.78832,1.30,1.30
2014.12.05 13:31:05.432,1.78775,1.78834,1.30,1.30
2014.12.05 13:31:05.566,1.78792,1.78834,1.00,1.30
2014.12.05 13:31:05.667,1.78792,1.78838,1.00,1.30
2014.12.05 13:31:05.818,1.78795,1.78838,1.00,1.30
2014.12.05 13:31:06.070,1.78795,1.78836,1.00,1.30
2014.12.05 13:31:06.120,1.78795,1.7883,1.00,1.30
2014.12.05 13:31:06.422,1.78798,1.78826,1.00,1.30
2014.12.05 13:31:06.674,1.78798,1.78824,1.00,1.30
2014.12.05 13:31:06.825,1.78797,1.78824,1.00,1.30
2014.12.05 13:31:06.925,1.78797,1.78817,1.00,1.00
2014.12.05 13:31:07.127,1.78797,1.78821,1.00,1.30
2014.12.05 13:31:07.177,1.788,1.78821,1.00,1.30
2014.12.05 13:31:07.228,1.788,1.78827,1.00,1.30
2014.12.05 13:31:07.278,1.78804,1.78821,1.00,1.00
2014.12.05 13:31:07.379,1.78808,1.78831,1.00,1.30
2014.12.05 13:31:07.430,1.78767,1.78803,1.37,1.30
2014.12.05 13:31:07.530,1.78767,1.78794,1.00,1.30
2014.12.05 13:31:07.581,1.7875,1.78794,1.44,1.30
2014.12.05 13:31:07.682,1.7875,1.78806,1.44,1.75
2014.12.05 13:31:07.783,1.7873,1.78819,1.57,1.67
2014.12.05 13:31:07.833,1.7873,1.78819,1.57,2.12
2014.12.05 13:31:07.883,1.7873,1.78816,1.67,2.12
2014.12.05 13:31:07.934,1.78735,1.78816,1.00,2.12
2014.12.05 13:31:08.085,1.78729,1.78789,1.37,1.30
2014.12.05 13:31:08.136,1.78729,1.78789,1.00,1.30
2014.12.05 13:31:08.466,1.78744,1.78789,1.00,1.30
2014.12.05 13:31:08.517,1.78744,1.78799,1.00,1.00
2014.12.05 13:31:08.617,1.78747,1.78803,1.00,1.00
2014.12.05 13:31:08.718,1.78747,1.78798,1.00,1.00
2014.12.05 13:31:09.070,1.78747,1.78796,1.00,1.30
2014.12.05 13:31:09.171,1.78747,1.78802,1.00,1.00
2014.12.05 13:31:09.222,1.78752,1.78806,1.00,1.72
2014.12.05 13:31:09.323,1.78755,1.78811,1.00,1.00
2014.12.05 13:31:09.675,1.78755,1.78806,1.00,1.00
2014.12.05 13:31:09.876,1.7875,1.78801,1.00,1.72
2014.12.05 13:31:09.978,1.78744,1.78794,1.00,1.30
2014.12.05 13:31:10.079,1.78744,1.78799,1.00,1.00
2014.12.05 13:31:10.230,1.78744,1.78797,1.00,1.00
2014.12.05 13:31:10.532,1.78742,1.78792,1.00,1.00
2014.12.05 13:31:10.834,1.78742,1.78793,1.00,1.00
2014.12.05 13:31:10.884,1.7874,1.78792,1.00,1.00
2014.12.05 13:31:10.985,1.78734,1.78785,1.00,1.00
2014.12.05 13:31:11.234,1.78731,1.78783,1.00,1.00
2014.12.05 13:31:11.335,1.78734,1.78789,1.00,1.00
2014.12.05 13:31:11.626,1.78734,1.78791,1.00,1.00
2014.12.05 13:31:11.878,1.78734,1.78787,1.00,1.00
2014.12.05 13:31:12.186,1.78734,1.78783,1.30,1.00
2014.12.05 13:31:12.287,1.78726,1.78777,2.05,1.00
2014.12.05 13:31:12.338,1.78726,1.78777,1.30,1.00
2014.12.05 13:31:12.388,1.78725,1.78775,1.00,1.30
2014.12.05 13:31:12.640,1.78723,1.78774,1.00,1.00
2014.12.05 13:31:12.741,1.78723,1.78779,1.00,1.00
2014.12.05 13:31:12.842,1.78729,1.78782,1.00,1.00
2014.12.05 13:31:13.093,1.78729,1.78779,1.72,1.00
2014.12.05 13:31:13.194,1.78729,1.78781,1.00,1.30
2014.12.05 13:31:13.245,1.78729,1.78784,1.00,1.00
2014.12.05 13:31:13.345,1.78726,1.78778,1.00,1.00
2014.12.05 13:31:13.497,1.78723,1.78774,1.72,1.00
2014.12.05 13:31:13.799,1.78723,1.78766,1.00,1.30
2014.12.05 13:31:13.849,1.7871,1.78762,1.50,1.00
2014.12.05 13:31:14.152,1.78711,1.78765,1.00,1.00
2014.12.05 13:31:14.353,1.78711,1.78763,1.30,1.00
2014.12.05 13:31:14.454,1.78713,1.78763,1.30,1.00
2014.12.05 13:31:14.505,1.78717,1.78774,1.00,1.00
2014.12.05 13:31:14.555,1.78719,1.78774,1.30,1.00
2014.12.05 13:31:14.706,1.78719,1.7877,1.00,1.00
2014.12.05 13:31:14.958,1.78716,1.78767,1.72,1.00
2014.12.05 13:31:15.059,1.78712,1.78764,1.00,1.00
2014.12.05 13:31:15.159,1.78707,1.78759,1.00,1.00
2014.12.05 13:31:15.461,1.78688,1.78737,1.00,2.32
2014.12.05 13:31:15.663,1.7864,1.78701,1.12,1.30
2014.12.05 13:31:15.764,1.78638,1.78697,1.37,1.30
2014.12.05 13:31:15.965,1.78641,1.78703,1.30,1.30
2014.12.05 13:31:16.016,1.78647,1.78717,1.30,1.45
2014.12.05 13:31:16.117,1.78647,1.78716,1.30,1.30
2014.12.05 13:31:16.217,1.78647,1.7871,1.00,1.30
2014.12.05 13:31:16.318,1.78647,1.78713,1.30,1.30
2014.12.05 13:31:16.369,1.78647,1.78713,1.67,1.30
2014.12.05 13:31:16.470,1.78647,1.78713,1.30,1.30
2014.12.05 13:31:16.571,1.7865,1.78704,1.00,1.30
2014.12.05 13:31:16.722,1.78643,1.78705,1.00,1.30
2014.12.05 13:31:16.951,1.78654,1.78695,1.00,1.00
2014.12.05 13:31:17.052,1.78644,1.78695,1.00,1.00
2014.12.05 13:31:17.203,1.78644,1.78691,1.00,1.30
2014.12.05 13:31:17.254,1.78639,1.78687,1.00,1.00
2014.12.05 13:31:17.304,1.78639,1.78679,1.00,1.30
2014.12.05 13:31:17.355,1.78636,1.78679,1.00,1.30
2014.12.05 13:31:17.456,1.7862,1.78699,1.44,1.90
2014.12.05 13:31:17.556,1.78615,1.78696,1.81,1.30
2014.12.05 13:31:17.859,1.78645,1.78701,1.00,1.00
2014.12.05 13:31:18.168,1.78645,1.78692,1.00,1.30
2014.12.05 13:31:18.218,1.78646,1.787,1.00,1.00
2014.12.05 13:31:18.369,1.78654,1.78709,1.00,1.00
2014.12.05 13:31:18.571,1.78657,1.78713,1.00,1.00
2014.12.05 13:31:18.671,1.78666,1.7872,1.30,1.00
2014.12.05 13:31:18.923,1.78683,1.78748,1.30,1.00
2014.12.05 13:31:19.024,1.78688,1.78744,1.00,1.00
2014.12.05 13:31:19.326,1.78688,1.78739,1.00,1.00
2014.12.05 13:31:19.577,1.78687,1.78747,1.00,1.00
2014.12.05 13:31:19.779,1.78683,1.78747,1.00,1.00
2014.12.05 13:31:19.880,1.78685,1.7874,1.00,1.00
2014.12.05 13:31:20.100,1.78685,1.78741,1.00,1.00
2014.12.05 13:31:20.201,1.787,1.78747,1.00,1.00
2014.12.05 13:31:20.251,1.787,1.78754,1.00,1.00
2014.12.05 13:31:20.352,1.78693,1.78752,1.72,1.00
2014.12.05 13:31:20.453,1.78693,1.78752,1.00,1.00
2014.12.05 13:31:20.504,1.78693,1.78755,1.00,1.00
2014.12.05 13:31:20.605,1.78693,1.78755,1.00,3.15
2014.12.05 13:31:20.907,1.78727,1.78753,1.00,1.65
2014.12.05 13:31:20.958,1.78727,1.78755,1.00,1.44
2014.12.05 13:31:21.009,1.78727,1.78755,1.00,1.44
2014.12.05 13:31:21.059,1.78727,1.78752,1.00,1.00
2014.12.05 13:31:21.311,1.78707,1.78747,1.30,1.00
2014.12.05 13:31:21.411,1.787,1.78747,1.30,1.00
2014.12.05 13:31:21.562,1.787,1.7875,2.72,1.00
2014.12.05 13:31:21.613,1.78703,1.7875,1.30,1.00
2014.12.05 13:31:21.764,1.78701,1.78752,1.00,1.00
2014.12.05 13:31:21.865,1.78729,1.78753,1.00,1.30
2014.12.05 13:31:21.989,1.78729,1.7876,1.00,2.19
2014.12.05 13:31:22.192,1.78732,1.78764,1.00,1.15
2014.12.05 13:31:22.425,1.78714,1.78765,1.00,1.00
2014.12.05 13:31:22.477,1.7872,1.78767,1.00,1.00
2014.12.05 13:31:22.679,1.7872,1.7877,1.00,1.72
2014.12.05 13:31:22.731,1.78727,1.78782,1.00,1.75
2014.12.05 13:31:22.782,1.78727,1.78782,1.00,1.00
2014.12.05 13:31:22.883,1.78739,1.7879,1.00,1.44
2014.12.05 13:31:22.933,1.78739,1.78792,1.00,1.00
2014.12.05 13:31:22.984,1.78744,1.78798,1.00,1.00
2014.12.05 13:31:23.085,1.78735,1.78803,1.12,1.30
2014.12.05 13:31:23.135,1.78743,1.78809,1.00,1.45
2014.12.05 13:31:23.438,1.78757,1.78808,1.00,1.30
2014.12.05 13:31:23.539,1.78751,1.78799,1.50,1.00
2014.12.05 13:31:23.590,1.78751,1.78795,1.50,1.30
2014.12.05 13:31:23.640,1.78749,1.78795,1.00,1.30
2014.12.05 13:31:23.691,1.78749,1.788,1.00,1.00
2014.12.05 13:31:23.741,1.78744,1.78794,1.00,1.00
2014.12.05 13:31:23.942,1.78744,1.788,1.00,1.00
2014.12.05 13:31:24.051,1.78753,1.78806,1.00,1.00
2014.12.05 13:31:24.203,1.78755,1.78811,1.00,1.00
2014.12.05 13:31:24.505,1.78755,1.78807,1.00,1.00
2014.12.05 13:31:24.857,1.78757,1.78813,1.00,1.00
2014.12.05 13:31:25.159,1.78753,1.78796,1.00,1.00
2014.12.05 13:31:25.260,1.78753,1.78803,2.50,1.00
2014.12.05 13:31:25.310,1.78759,1.78803,1.00,1.00
2014.12.05 13:31:25.411,1.78759,1.78803,1.00,1.00
2014.12.05 13:31:25.462,1.7876,1.78803,1.00,1.00
2014.12.05 13:31:25.512,1.7876,1.78807,1.00,1.00
2014.12.05 13:31:25.563,1.78763,1.78807,1.30,1.00
2014.12.05 13:31:25.714,1.78772,1.78823,1.57,1.00
2014.12.05 13:31:25.765,1.78796,1.78823,1.00,1.00
2014.12.05 13:31:25.966,1.78798,1.7887,3.25,1.69
2014.12.05 13:31:26.017,1.78816,1.78874,1.00,1.69
2014.12.05 13:31:26.118,1.78802,1.78879,1.75,2.13
2014.12.05 13:31:26.168,1.78809,1.78839,1.37,1.00
2014.12.05 13:31:26.269,1.78812,1.78882,1.12,1.69
2014.12.05 13:31:26.319,1.78815,1.78881,1.00,1.69
2014.12.05 13:31:26.420,1.78815,1.7889,1.12,1.69
2014.12.05 13:31:26.727,1.7882,1.7889,1.00,1.14
2014.12.05 13:31:26.928,1.78825,1.789,1.00,1.52
2014.12.05 13:31:26.979,1.7883,1.78903,1.00,1.90
2014.12.05 13:31:27.029,1.7883,1.78903,1.00,1.37
2014.12.05 13:31:27.080,1.7883,1.78905,1.00,1.00
2014.12.05 13:31:27.181,1.7884,1.78912,1.00,1.50
2014.12.05 13:31:27.434,1.7884,1.78916,1.00,1.42
2014.12.05 13:31:27.485,1.78846,1.78913,1.00,1.00
2014.12.05 13:31:27.585,1.78845,1.78912,1.00,1.00
2014.12.05 13:31:27.686,1.78845,1.7892,1.00,1.15
2014.12.05 13:31:27.867,1.78845,1.78927,1.75,1.45
2014.12.05 13:31:28.019,1.78845,1.78925,1.00,1.00
2014.12.05 13:31:28.070,1.78845,1.78921,1.00,1.00
2014.12.05 13:31:28.372,1.78847,1.78899,1.00,1.00
2014.12.05 13:31:28.473,1.78843,1.78894,1.00,1.00
2014.12.05 13:31:28.574,1.78843,1.78894,1.00,1.00
2014.12.05 13:31:28.909,1.78849,1.78902,2.50,1.00
2014.12.05 13:31:28.960,1.78851,1.78906,1.00,1.00
2014.12.05 13:31:29.061,1.78848,1.78899,1.00,1.00
2014.12.05 13:31:29.111,1.78843,1.78894,1.00,1.00
2014.12.05 13:31:29.413,1.78837,1.78887,1.00,1.00
2014.12.05 13:31:29.919,1.78837,1.78891,1.00,1.00
2014.12.05 13:31:30.227,1.78844,1.78896,1.50,1.00
2014.12.05 13:31:30.328,1.78844,1.78898,1.00,1.00
2014.12.05 13:31:30.429,1.78846,1.78894,1.00,1.00
2014.12.05 13:31:30.685,1.78836,1.78881,1.00,1.00
2014.12.05 13:31:30.787,1.78838,1.78888,1.00,1.00
2014.12.05 13:31:31.140,1.78841,1.78888,1.12,1.00
2014.12.05 13:31:31.442,1.7887,1.7892,1.50,1.00
2014.12.05 13:31:31.543,1.78874,1.78924,1.00,1.00
2014.12.05 13:31:31.845,1.78846,1.7887,1.62,1.00
2014.12.05 13:31:31.895,1.78831,1.78867,1.30,1.00
2014.12.05 13:31:31.946,1.78831,1.78867,1.00,1.00
2014.12.05 13:31:32.047,1.78803,1.78862,2.25,1.00
2014.12.05 13:31:32.097,1.78811,1.7884,1.00,1.00
2014.12.05 13:31:32.198,1.78774,1.78833,1.00,1.00
2014.12.05 13:31:32.248,1.78771,1.78818,1.00,1.00
2014.12.05 13:31:32.500,1.78748,1.78805,1.00,1.00
2014.12.05 13:31:32.550,1.78748,1.78792,1.00,1.30
2014.12.05 13:31:32.601,1.78733,1.78792,1.00,1.30
2014.12.05 13:31:32.702,1.78732,1.78796,1.00,1.00
2014.12.05 13:31:32.755,1.78729,1.78795,1.00,1.00
2014.12.05 13:31:32.805,1.78728,1.78792,1.30,1.00
2014.12.05 13:31:32.906,1.78728,1.78796,1.00,1.00
2014.12.05 13:31:32.957,1.78735,1.78796,1.12,1.00
2014.12.05 13:31:33.057,1.78732,1.78796,1.37,1.00
2014.12.05 13:31:33.108,1.78749,1.78796,1.30,1.00
2014.12.05 13:31:33.158,1.78755,1.78816,1.00,1.00
2014.12.05 13:31:33.292,1.78755,1.78817,1.00,1.00
2014.12.05 13:31:33.343,1.78755,1.78804,1.00,1.30
2014.12.05 13:31:33.394,1.78743,1.78804,1.00,1.30
2014.12.05 13:31:33.495,1.78743,1.78815,1.00,1.50
2014.12.05 13:31:33.545,1.78745,1.78815,1.30,1.50
2014.12.05 13:31:33.847,1.78741,1.78802,1.00,1.30
2014.12.05 13:31:33.898,1.78739,1.78804,1.00,1.00
2014.12.05 13:31:34.049,1.78739,1.78805,1.00,1.00
2014.12.05 13:31:34.351,1.78745,1.78794,2.50,1.00
2014.12.05 13:31:34.402,1.78745,1.78797,1.00,1.00
2014.12.05 13:31:34.502,1.78744,1.78794,1.00,1.00
2014.12.05 13:31:34.653,1.78741,1.78787,1.00,1.00
2014.12.05 13:31:34.955,1.78749,1.788,1.12,1.00
2014.12.05 13:31:35.056,1.78753,1.78809,2.50,1.00
2014.12.05 13:31:35.157,1.78758,1.78809,1.00,1.00
2014.12.05 13:31:35.258,1.78758,1.78809,1.00,1.00
2014.12.05 13:31:35.308,1.78764,1.78812,1.50,1.00
2014.12.05 13:31:35.610,1.78783,1.78826,1.45,1.00
2014.12.05 13:31:35.711,1.78795,1.78838,1.30,1.00
2014.12.05 13:31:35.862,1.78788,1.78839,1.95,1.00
2014.12.05 13:31:35.963,1.78788,1.78839,1.00,1.00
2014.12.05 13:31:36.122,1.7878,1.78831,1.00,1.00
2014.12.05 13:31:36.425,1.78778,1.78827,1.00,1.00
2014.12.05 13:31:36.576,1.78771,1.78822,1.00,1.00
2014.12.05 13:31:36.627,1.78769,1.78817,1.00,1.00
2014.12.05 13:31:36.929,1.78763,1.78808,1.00,1.00
2014.12.05 13:31:36.980,1.78758,1.78808,1.00,1.00
2014.12.05 13:31:37.030,1.78752,1.78802,1.00,1.00
2014.12.05 13:31:37.181,1.78743,1.78794,1.50,1.00
2014.12.05 13:31:37.282,1.7874,1.78791,1.00,1.00
2014.12.05 13:31:37.584,1.78748,1.78797,1.50,1.00
2014.12.05 13:31:37.684,1.78748,1.78799,1.00,1.30
2014.12.05 13:31:37.735,1.78751,1.78797,1.00,1.30
2014.12.05 13:31:37.936,1.7875,1.78792,1.00,1.30
2014.12.05 13:31:38.037,1.78743,1.78781,1.00,1.00
2014.12.05 13:31:38.239,1.78735,1.78777,1.00,1.00
2014.12.05 13:31:38.490,1.78728,1.78777,1.50,1.00
2014.12.05 13:31:38.692,1.78724,1.78772,1.00,1.00
2014.12.05 13:31:39.031,1.78721,1.78769,1.00,1.00
2014.12.05 13:31:39.384,1.7872,1.78767,1.00,1.00
2014.12.05 13:31:39.435,1.78716,1.78767,1.00,1.00
2014.12.05 13:31:39.485,1.78713,1.78762,1.00,1.30
2014.12.05 13:31:39.687,1.78706,1.78757,1.50,1.00
2014.12.05 13:31:39.888,1.78706,1.78761,1.00,1.00
2014.12.05 13:31:40.190,1.78706,1.78745,1.00,1.00
2014.12.05 13:31:40.291,1.78698,1.78745,1.00,1.00
2014.12.05 13:31:40.392,1.78698,1.7875,1.00,1.00
2014.12.05 13:31:40.443,1.78698,1.78748,1.30,1.00
2014.12.05 13:31:40.543,1.78697,1.78747,1.00,1.00
2014.12.05 13:31:40.594,1.78696,1.78738,1.00,1.00
2014.12.05 13:31:40.645,1.78693,1.78738,1.30,1.00
2014.12.05 13:31:40.796,1.78693,1.78744,2.50,1.00
2014.12.05 13:31:40.897,1.78696,1.78752,1.00,1.00
2014.12.05 13:31:40.998,1.78696,1.78748,1.72,1.00
2014.12.05 13:31:41.300,1.78706,1.78759,1.72,1.00
2014.12.05 13:31:41.615,1.78701,1.78751,1.72,1.00
2014.12.05 13:31:41.766,1.78707,1.78751,1.00,1.00
2014.12.05 13:31:41.867,1.78707,1.78757,1.00,1.00
2014.12.05 13:31:41.918,1.78699,1.78749,1.72,1.00
2014.12.05 13:31:42.019,1.78695,1.78746,1.00,1.00
2014.12.05 13:31:42.092,1.7871,1.78753,1.00,1.00
2014.12.05 13:31:42.243,1.78707,1.78754,1.00,1.00
2014.12.05 13:31:42.345,1.787,1.78742,1.30,1.00
2014.12.05 13:31:42.446,1.787,1.78748,1.50,1.00
2014.12.05 13:31:42.547,1.787,1.78754,1.00,1.00
2014.12.05 13:31:42.648,1.78705,1.78758,1.00,2.25
2014.12.05 13:31:42.900,1.78703,1.78753,1.00,1.00
2014.12.05 13:31:42.951,1.78704,1.78753,1.72,1.00
2014.12.05 13:31:43.112,1.78708,1.78762,1.72,1.00
2014.12.05 13:31:43.213,1.78708,1.78761,1.00,1.00
2014.12.05 13:31:43.265,1.78711,1.78761,1.12,1.00
2014.12.05 13:31:43.316,1.78726,1.7878,1.00,1.00
2014.12.05 13:31:43.417,1.78719,1.78769,1.00,1.00
2014.12.05 13:31:43.669,1.78719,1.78765,1.00,1.00
2014.12.05 13:31:43.770,1.78715,1.78762,1.00,1.00
2014.12.05 13:31:43.871,1.78704,1.78754,1.00,1.00
2014.12.05 13:31:44.097,1.78704,1.78754,1.00,1.00
2014.12.05 13:31:44.148,1.78704,1.78754,1.00,1.00
2014.12.05 13:31:44.199,1.78706,1.78761,1.00,2.25
2014.12.05 13:31:44.602,1.78695,1.78745,1.00,1.00
2014.12.05 13:31:44.905,1.78695,1.78729,1.00,1.00
2014.12.05 13:31:45.006,1.7869,1.78729,1.00,1.00
2014.12.05 13:31:45.107,1.78688,1.78734,1.00,1.50
2014.12.05 13:31:45.207,1.78677,1.78722,1.00,1.00
2014.12.05 13:31:45.258,1.78674,1.78722,1.00,1.00
2014.12.05 13:31:45.308,1.78671,1.78719,1.00,1.00
2014.12.05 13:31:46.065,1.78695,1.78726,1.00,1.00
2014.12.05 13:31:46.166,1.78678,1.78728,1.00,1.00
2014.12.05 13:31:46.367,1.78678,1.78727,1.00,1.00
2014.12.05 13:31:46.669,1.78693,1.78737,1.00,1.00
2014.12.05 13:31:46.720,1.78693,1.78737,1.00,1.00
2014.12.05 13:31:46.770,1.78693,1.78737,1.00,1.45
2014.12.05 13:31:46.971,1.78693,1.78737,1.00,1.20
2014.12.05 13:31:47.123,1.78692,1.78712,1.00,1.00
2014.12.05 13:31:47.173,1.78688,1.78712,1.00,1.00
2014.12.05 13:31:47.224,1.78688,1.78707,1.00,1.00
2014.12.05 13:31:47.274,1.78685,1.78707,1.00,1.00
2014.12.05 13:31:47.375,1.7868,1.78714,1.00,1.30
2014.12.05 13:31:47.476,1.7868,1.78727,1.00,1.45
2014.12.05 13:31:47.526,1.7868,1.78727,1.00,1.00
2014.12.05 13:31:47.828,1.78695,1.7874,1.00,1.30
2014.12.05 13:31:47.933,1.78695,1.78748,1.00,1.00
2014.12.05 13:31:48.143,1.78687,1.78737,1.00,1.00
2014.12.05 13:31:48.208,1.78687,1.78737,1.00,1.00
2014.12.05 13:31:48.259,1.78687,1.7874,1.00,1.00
2014.12.05 13:31:48.623,1.78684,1.78734,1.00,1.00
2014.12.05 13:31:48.925,1.78693,1.78749,1.00,1.00
2014.12.05 13:31:49.026,1.78693,1.78738,1.00,1.00
2014.12.05 13:31:49.178,1.78689,1.78738,1.00,1.00
2014.12.05 13:31:49.279,1.78689,1.78736,1.00,1.00
2014.12.05 13:31:49.581,1.7869,1.78733,1.00,1.00
2014.12.05 13:31:49.632,1.78685,1.78733,1.50,1.00
2014.12.05 13:31:49.732,1.78686,1.78733,1.00,1.00
2014.12.05 13:31:49.833,1.78685,1.78733,1.50,1.00
2014.12.05 13:31:50.049,1.78685,1.78736,2.50,1.00
2014.12.05 13:31:50.351,1.78695,1.78743,1.00,1.30
2014.12.05 13:31:50.653,1.78705,1.78748,1.00,1.00
2014.12.05 13:31:50.704,1.78701,1.78748,1.00,1.00
2014.12.05 13:31:50.754,1.78701,1.78744,1.00,1.30
2014.12.05 13:31:50.906,1.78701,1.78748,1.00,1.00
2014.12.05 13:31:51.020,1.78703,1.78754,1.00,1.00
2014.12.05 13:31:51.120,1.78703,1.78754,1.00,1.00
2014.12.05 13:31:51.171,1.78705,1.78754,1.00,1.00
2014.12.05 13:31:51.372,1.78712,1.78766,1.00,1.72
2014.12.05 13:31:51.473,1.78716,1.78764,1.00,1.00
2014.12.05 13:31:51.775,1.78716,1.78752,1.00,1.00
2014.12.05 13:31:52.077,1.78735,1.78768,1.42,1.00
2014.12.05 13:31:52.133,1.78735,1.78771,2.42,1.00
2014.12.05 13:31:52.235,1.78726,1.78764,1.00,1.00
2014.12.05 13:31:52.437,1.78726,1.78774,1.00,1.00
2014.12.05 13:31:52.589,1.7873,1.78774,1.00,1.72
2014.12.05 13:31:52.689,1.7873,1.78776,1.00,1.00
2014.12.05 13:31:52.841,1.7873,1.78764,1.00,1.30
2014.12.05 13:31:53.029,1.7873,1.78769,1.00,1.30
2014.12.05 13:31:53.130,1.7873,1.78771,1.00,1.30
2014.12.05 13:31:53.181,1.7873,1.78766,1.00,1.30
2014.12.05 13:31:53.231,1.78725,1.78766,1.00,1.30
2014.12.05 13:31:53.282,1.78725,1.78773,1.00,1.00
2014.12.05 13:31:53.332,1.78725,1.78769,1.00,1.00
2014.12.05 13:31:53.433,1.78716,1.78762,1.00,1.00
2014.12.05 13:31:53.534,1.7872,1.78768,1.00,1.00
2014.12.05 13:31:53.635,1.7872,1.78768,1.00,1.00
2014.12.05 13:31:53.736,1.7872,1.78775,1.00,1.00
2014.12.05 13:31:53.786,1.7872,1.78772,1.00,1.00
2014.12.05 13:31:54.104,1.7872,1.78767,1.37,1.00
2014.12.05 13:31:54.204,1.7872,1.78771,1.87,1.00
2014.12.05 13:31:54.557,1.7872,1.78771,1.00,1.72
2014.12.05 13:31:54.608,1.7872,1.78768,1.00,1.30
2014.12.05 13:31:54.910,1.78711,1.78761,1.00,1.30
2014.12.05 13:31:54.960,1.78708,1.78758,1.00,1.00
2014.12.05 13:31:55.262,1.78705,1.78751,1.00,1.00
2014.12.05 13:31:55.313,1.78705,1.78754,1.00,1.30
2014.12.05 13:31:55.503,1.78705,1.78757,1.00,1.00
2014.12.05 13:31:55.555,1.78705,1.78757,1.00,1.00
2014.12.05 13:31:55.656,1.78706,1.78757,1.50,1.00
2014.12.05 13:31:55.757,1.78707,1.78759,1.50,1.00
2014.12.05 13:31:55.908,1.78708,1.78759,1.12,1.00
2014.12.05 13:31:55.959,1.7871,1.78759,1.50,1.00
2014.12.05 13:31:56.110,1.78713,1.78766,1.00,1.00
2014.12.05 13:31:56.211,1.78716,1.78772,1.00,1.00
2014.12.05 13:31:56.362,1.78716,1.78768,1.00,1.30
2014.12.05 13:31:56.463,1.78714,1.78762,1.00,1.00
2014.12.05 13:31:56.514,1.78715,1.78762,1.00,1.00
2014.12.05 13:31:56.667,1.78715,1.78767,1.00,1.00
2014.12.05 13:31:57.221,1.78715,1.78762,1.00,1.00
2014.12.05 13:31:57.373,1.78715,1.78766,1.00,1.00
2014.12.05 13:31:57.775,1.78717,1.78771,1.00,1.00
2014.12.05 13:31:58.077,1.7872,1.78774,1.00,1.00
2014.12.05 13:31:58.379,1.7872,1.78748,1.00,1.30
2014.12.05 13:31:58.480,1.78715,1.78756,1.00,1.00
2014.12.05 13:31:58.581,1.78716,1.78765,1.30,1.00
2014.12.05 13:31:58.681,1.78716,1.78768,3.47,1.00
2014.12.05 13:31:58.732,1.7873,1.78768,1.00,1.00
2014.12.05 13:31:58.783,1.7873,1.78776,1.00,1.00
2014.12.05 13:31:58.834,1.78735,1.78776,1.00,1.00
2014.12.05 13:31:58.884,1.78735,1.78781,1.00,1.00
2014.12.05 13:31:58.935,1.7874,1.78781,1.00,1.00
2014.12.05 13:31:58.985,1.7874,1.78786,1.00,1.00
2014.12.05 13:31:59.036,1.7874,1.78794,1.00,1.00
2014.12.05 13:31:59.086,1.78743,1.78796,1.00,1.00
2014.12.05 13:31:59.389,1.78745,1.78796,1.00,1.00
2014.12.05 13:31:59.691,1.78745,1.78796,1.00,1.00
2014.12.05 13:31:59.742,1.78744,1.78793,1.00,1.00
2014.12.05 13:31:59.792,1.78744,1.7879,1.00,1.30
2014.12.05 13:31:59.842,1.78735,1.78786,1.50,1.00
2014.12.05 13:31:59.994,1.78735,1.78779,1.00,1.30
2014.12.05 13:32:00.145,1.78733,1.78778,1.00,1.00
2014.12.05 13:32:00.195,1.78733,1.78782,1.00,1.00
2014.12.05 13:32:00.397,1.78733,1.78784,1.00,1.00
2014.12.05 13:32:01.079,1.78733,1.78784,2.50,1.00
2014.12.05 13:32:01.382,1.78733,1.78787,1.00,1.00
2014.12.05 13:32:01.533,1.78741,1.78787,1.30,1.00
2014.12.05 13:32:01.584,1.78741,1.78789,1.30,1.00
2014.12.05 13:32:01.684,1.78741,1.78793,2.12,1.00
2014.12.05 13:32:01.735,1.78749,1.78805,1.00,1.50
2014.12.05 13:32:02.037,1.78748,1.78798,1.00,1.00
2014.12.05 13:32:02.540,1.78747,1.78797,1.00,1.00
2014.12.05 13:32:02.842,1.78747,1.78803,1.00,1.00
2014.12.05 13:32:02.943,1.78751,1.78802,1.00,1.00
2014.12.05 13:32:03.044,1.78756,1.78811,2.72,1.00
2014.12.05 13:32:03.145,1.78761,1.78815,1.00,1.00
2014.12.05 13:32:03.598,1.78761,1.7881,1.00,1.00
2014.12.05 13:32:03.800,1.78762,1.78817,1.72,1.50
2014.12.05 13:32:03.850,1.78767,1.78817,1.30,1.50
2014.12.05 13:32:03.951,1.78774,1.78829,1.30,1.50
2014.12.05 13:32:04.052,1.78773,1.78823,1.30,1.00
2014.12.05 13:32:04.203,1.78773,1.78823,1.00,1.00
2014.12.05 13:32:04.354,1.7877,1.78819,1.00,1.00
2014.12.05 13:32:04.807,1.7877,1.78819,1.00,1.00
2014.12.05 13:32:04.908,1.78769,1.78819,1.00,1.00
2014.12.05 13:32:05.009,1.78769,1.78821,1.00,1.00
2014.12.05 13:32:05.160,1.78774,1.78828,1.00,1.00
2014.12.05 13:32:05.210,1.78781,1.78828,1.00,1.00
2014.12.05 13:32:05.311,1.7878,1.78828,1.00,1.00
2014.12.05 13:32:05.362,1.78782,1.78838,1.00,1.00
2014.12.05 13:32:05.563,1.78786,1.78839,1.87,1.00
2014.12.05 13:32:05.865,1.78788,1.78841,3.25,1.00
2014.12.05 13:32:05.966,1.78788,1.78839,1.00,1.00
2014.12.05 13:32:06.016,1.78788,1.78837,1.00,1.00
2014.12.05 13:32:06.180,1.78788,1.78839,1.00,1.00
2014.12.05 13:32:06.331,1.78789,1.78844,1.00,1.72
2014.12.05 13:32:06.634,1.78789,1.78832,1.00,1.00
2014.12.05 13:32:06.936,1.78787,1.78826,1.00,1.00
2014.12.05 13:32:07.037,1.78775,1.78826,2.19,1.00
2014.12.05 13:32:07.239,1.7877,1.7882,1.00,1.50
2014.12.05 13:32:07.541,1.78766,1.78815,1.00,1.00
2014.12.05 13:32:07.844,1.78761,1.78808,1.30,1.00
2014.12.05 13:32:08.045,1.78759,1.78808,1.30,1.00
2014.12.05 13:32:08.218,1.78763,1.78808,1.30,1.00
2014.12.05 13:32:08.421,1.78771,1.78819,1.20,1.00
2014.12.05 13:32:08.536,1.78771,1.78808,1.00,1.00
2014.12.05 13:32:08.637,1.78762,1.78812,1.00,1.50
2014.12.05 13:32:08.688,1.78762,1.78809,1.00,1.30
2014.12.05 13:32:09.002,1.78755,1.78798,1.44,1.30
2014.12.05 13:32:09.304,1.78746,1.78792,1.00,1.50
2014.12.05 13:32:09.405,1.78743,1.78791,1.00,1.30
2014.12.05 13:32:09.456,1.7874,1.78787,1.00,1.00
2014.12.05 13:32:09.506,1.78738,1.78787,1.00,1.00
2014.12.05 13:32:09.557,1.78739,1.78783,1.00,1.00
2014.12.05 13:32:09.758,1.78728,1.7877,1.00,1.00
2014.12.05 13:32:09.859,1.7872,1.78761,1.37,1.00
2014.12.05 13:32:09.960,1.78718,1.78762,1.00,1.00
2014.12.05 13:32:10.061,1.7871,1.78752,1.72,1.00
2014.12.05 13:32:10.161,1.7871,1.78752,1.50,1.00
2014.12.05 13:32:10.329,1.78708,1.78752,1.00,1.00
2014.12.05 13:32:10.380,1.7871,1.78752,1.00,1.00
2014.12.05 13:32:10.532,1.78719,1.78765,1.00,1.00
2014.12.05 13:32:10.734,1.78719,1.78761,1.00,1.00
2014.12.05 13:32:10.835,1.78714,1.78761,1.00,1.00
2014.12.05 13:32:10.986,1.78714,1.78758,1.00,1.00
2014.12.05 13:32:11.289,1.78708,1.78752,1.00,1.50
2014.12.05 13:32:11.390,1.78708,1.78738,1.00,1.00
2014.12.05 13:32:11.541,1.78708,1.78742,1.00,1.00
2014.12.05 13:32:11.642,1.78706,1.78742,1.00,1.00
2014.12.05 13:32:11.783,1.78704,1.78742,1.00,1.30
2014.12.05 13:32:11.834,1.78695,1.78727,1.00,1.00
2014.12.05 13:32:11.987,1.78683,1.78727,1.00,1.00
2014.12.05 13:32:12.088,1.78679,1.78728,1.00,1.30
2014.12.05 13:32:12.189,1.78679,1.7872,1.00,1.72
2014.12.05 13:32:12.496,1.7867,1.78692,1.00,1.00
2014.12.05 13:32:12.547,1.7865,1.78692,1.00,1.00
2014.12.05 13:32:12.597,1.7865,1.78677,1.00,1.00
2014.12.05 13:32:12.648,1.78639,1.78677,1.80,1.00
2014.12.05 13:32:12.850,1.78644,1.78681,1.00,1.30
2014.12.05 13:32:13.102,1.78644,1.78692,1.00,1.72
2014.12.05 13:32:13.203,1.78634,1.7869,1.00,1.00
2014.12.05 13:32:13.304,1.78628,1.7869,1.00,1.00
2014.12.05 13:32:13.404,1.78629,1.7869,1.00,1.00
2014.12.05 13:32:13.707,1.78638,1.78682,1.00,1.00
2014.12.05 13:32:13.808,1.78638,1.78686,1.50,1.00
2014.12.05 13:32:14.173,1.78638,1.78678,1.00,1.00
2014.12.05 13:32:14.348,1.78638,1.78678,2.12,1.00
2014.12.05 13:32:14.500,1.78642,1.78687,1.00,1.00
2014.12.05 13:32:14.600,1.78645,1.7869,1.00,1.00
2014.12.05 13:32:14.902,1.78648,1.78682,1.00,1.00
2014.12.05 13:32:14.953,1.78648,1.78686,1.00,1.00
2014.12.05 13:32:15.255,1.78649,1.78694,1.50,1.00
2014.12.05 13:32:15.356,1.7865,1.7869,1.50,1.00
2014.12.05 13:32:15.708,1.78654,1.7869,1.00,1.00
2014.12.05 13:32:15.960,1.78639,1.78676,1.00,1.00
2014.12.05 13:32:16.010,1.78638,1.78674,1.00,1.00
2014.12.05 13:32:16.111,1.78635,1.78674,1.00,1.00
2014.12.05 13:32:16.162,1.7863,1.78673,1.00,1.00
2014.12.05 13:32:16.363,1.78629,1.78669,1.00,1.00
2014.12.05 13:32:16.464,1.78625,1.78666,1.00,1.00
2014.12.05 13:32:16.564,1.78625,1.78666,1.00,1.00
2014.12.05 13:32:16.816,1.78627,1.7867,1.50,1.00
2014.12.05 13:32:16.867,1.78627,1.7867,1.00,1.00
2014.12.05 13:32:16.917,1.78643,1.7868,1.00,1.00
2014.12.05 13:32:17.018,1.78648,1.78692,1.50,1.00
2014.12.05 13:32:17.119,1.78663,1.78699,1.00,1.00
2014.12.05 13:32:17.169,1.78663,1.78701,1.00,1.00
2014.12.05 13:32:17.220,1.78663,1.78706,1.00,1.00
2014.12.05 13:32:17.270,1.78667,1.78706,1.30,1.00
2014.12.05 13:32:17.599,1.78672,1.78711,1.00,1.00
2014.12.05 13:32:17.907,1.78672,1.78716,1.00,1.00
2014.12.05 13:32:18.109,1.78673,1.7872,2.50,1.00
2014.12.05 13:32:18.210,1.7868,1.78722,1.00,1.00
2014.12.05 13:32:18.317,1.7868,1.78725,1.00,1.00
2014.12.05 13:32:18.468,1.7868,1.78721,1.00,1.00
2014.12.05 13:32:18.770,1.7868,1.78724,1.00,1.00
2014.12.05 13:32:19.080,1.78689,1.78726,1.00,1.00
2014.12.05 13:32:19.231,1.78691,1.78732,1.00,1.00
2014.12.05 13:32:19.331,1.7869,1.78729,1.00,1.00
2014.12.05 13:32:19.483,1.7869,1.78732,1.00,1.00
2014.12.05 13:32:19.533,1.78691,1.78736,1.00,1.50
2014.12.05 13:32:19.634,1.78691,1.78732,1.00,1.00
2014.12.05 13:32:19.785,1.78691,1.78733,1.00,1.00
2014.12.05 13:32:19.986,1.78691,1.78731,1.00,1.00
2014.12.05 13:32:20.188,1.78691,1.78733,1.00,1.00
2014.12.05 13:32:20.440,1.78691,1.78727,1.00,1.00
2014.12.05 13:32:20.541,1.78691,1.78732,1.00,1.00
2014.12.05 13:32:20.642,1.78691,1.78736,1.00,1.00
2014.12.05 13:32:20.894,1.78691,1.7873,1.00,1.00
2014.12.05 13:32:20.995,1.78691,1.78734,1.00,1.00
2014.12.05 13:32:21.096,1.78696,1.78741,1.00,1.00
2014.12.05 13:32:21.146,1.787,1.78741,1.50,1.00
2014.12.05 13:32:21.449,1.78707,1.78749,1.00,1.00
2014.12.05 13:32:21.751,1.78704,1.78741,1.00,1.72
2014.12.05 13:32:22.103,1.78704,1.78741,1.00,1.00
2014.12.05 13:32:22.505,1.78704,1.78746,1.00,1.00
2014.12.05 13:32:22.556,1.78708,1.78746,1.00,1.00
2014.12.05 13:32:22.606,1.78709,1.78753,1.00,1.00
2014.12.05 13:32:22.657,1.78719,1.78753,1.00,1.00
2014.12.05 13:32:22.758,1.78719,1.78756,1.00,1.00
2014.12.05 13:32:22.859,1.78719,1.78756,1.00,1.00
2014.12.05 13:32:23.060,1.78722,1.7876,1.00,1.30
2014.12.05 13:32:23.161,1.78714,1.78751,1.50,1.00
2014.12.05 13:32:23.334,1.78714,1.78757,1.50,1.50
2014.12.05 13:32:23.435,1.78714,1.78752,2.72,1.00
2014.12.05 13:32:23.636,1.78714,1.78756,1.00,1.30
2014.12.05 13:32:23.838,1.78714,1.78754,1.12,1.00
2014.12.05 13:32:23.939,1.78723,1.78762,1.00,1.00
2014.12.05 13:32:24.191,1.78723,1.78767,1.00,1.00
2014.12.05 13:32:24.395,1.78731,1.7877,1.00,1.00
2014.12.05 13:32:24.698,1.78716,1.7875,1.00,1.00
2014.12.05 13:32:25.006,1.78716,1.78747,1.00,1.00
2014.12.05 13:32:25.056,1.78709,1.78742,1.00,1.00
2014.12.05 13:32:25.359,1.78706,1.78741,1.00,1.00
2014.12.05 13:32:25.459,1.78706,1.78746,1.00,1.50
2014.12.05 13:32:25.611,1.78706,1.78746,2.50,1.00
2014.12.05 13:32:25.812,1.78708,1.7875,1.72,1.00
2014.12.05 13:32:25.964,1.78708,1.78747,1.00,1.00
2014.12.05 13:32:26.467,1.78708,1.78746,1.00,1.00
2014.12.05 13:32:26.769,1.78708,1.78739,1.00,1.00
2014.12.05 13:32:26.920,1.78709,1.78747,1.00,1.00
2014.12.05 13:32:27.021,1.78709,1.78752,1.72,1.00
2014.12.05 13:32:27.122,1.78712,1.78755,1.72,1.00
2014.12.05 13:32:27.222,1.78717,1.78755,1.30,1.00
2014.12.05 13:32:27.373,1.78716,1.7875,1.30,1.00
2014.12.05 13:32:27.424,1.78712,1.7875,1.30,1.00
2014.12.05 13:32:27.525,1.78712,1.78752,1.30,1.00
2014.12.05 13:32:27.777,1.78706,1.78747,1.00,1.50
2014.12.05 13:32:27.827,1.78706,1.78742,1.00,1.00
2014.12.05 13:32:27.878,1.78698,1.78742,1.00,1.00
2014.12.05 13:32:28.180,1.78695,1.78737,1.44,1.00
2014.12.05 13:32:28.483,1.78695,1.78741,1.44,1.50
2014.12.05 13:32:28.583,1.78695,1.78736,1.44,1.00
2014.12.05 13:32:28.886,1.78695,1.78733,1.30,1.00
2014.12.05 13:32:29.188,1.78699,1.7874,1.00,1.00
2014.12.05 13:32:29.524,1.78713,1.78751,1.30,1.00
2014.12.05 13:32:29.574,1.78713,1.78753,1.30,1.00
2014.12.05 13:32:29.625,1.78715,1.78753,1.30,1.00
2014.12.05 13:32:29.675,1.78715,1.78757,1.42,1.50
2014.12.05 13:32:29.726,1.78725,1.78757,1.30,1.00
2014.12.05 13:32:29.776,1.78725,1.78761,1.30,1.00
2014.12.05 13:32:29.877,1.7873,1.78762,1.30,1.00
2014.12.05 13:32:29.928,1.7873,1.78765,1.30,1.00
2014.12.05 13:32:30.029,1.78727,1.78776,1.30,1.00
2014.12.05 13:32:30.079,1.78727,1.78776,1.00,1.00
2014.12.05 13:32:30.181,1.78724,1.78776,1.00,1.00
2014.12.05 13:32:30.231,1.78724,1.78762,1.00,1.00
2014.12.05 13:32:30.382,1.78738,1.78782,1.00,1.00
2014.12.05 13:32:30.483,1.78733,1.78772,1.50,1.00
2014.12.05 13:32:30.584,1.78733,1.78782,1.00,1.00
2014.12.05 13:32:30.887,1.78733,1.78776,1.00,1.00
2014.12.05 13:32:30.937,1.78728,1.78772,1.72,1.00
2014.12.05 13:32:31.089,1.78728,1.78764,1.00,1.00
2014.12.05 13:32:31.341,1.78713,1.78752,1.00,1.00
2014.12.05 13:32:31.493,1.78713,1.78752,1.30,1.00
2014.12.05 13:32:31.695,1.78715,1.78756,1.00,1.00
2014.12.05 13:32:32.149,1.78731,1.78757,1.30,1.50
2014.12.05 13:32:32.350,1.78748,1.78784,1.00,1.00
2014.12.05 13:32:32.451,1.78748,1.78792,2.57,1.00
2014.12.05 13:32:32.502,1.78761,1.78792,1.30,1.00
2014.12.05 13:32:32.703,1.78761,1.78792,1.30,1.00
2014.12.05 13:32:32.905,1.78761,1.78797,1.30,1.00
2014.12.05 13:32:32.955,1.78761,1.78797,1.30,1.00
2014.12.05 13:32:33.157,1.78761,1.78797,1.30,1.00
2014.12.05 13:32:33.258,1.78764,1.78797,1.30,1.00
2014.12.05 13:32:33.459,1.78764,1.78801,1.30,1.00
2014.12.05 13:32:33.560,1.78764,1.78797,1.30,1.00
2014.12.05 13:32:33.611,1.78763,1.78797,1.30,1.00
2014.12.05 13:32:33.712,1.78763,1.78801,1.30,1.00
2014.12.05 13:32:33.762,1.78763,1.78798,1.30,1.00
2014.12.05 13:32:33.813,1.78761,1.78798,1.30,1.00
2014.12.05 13:32:33.863,1.78761,1.78782,1.30,1.00
2014.12.05 13:32:33.914,1.78747,1.78782,1.37,1.00
2014.12.05 13:32:34.015,1.78745,1.78781,1.30,1.00
2014.12.05 13:32:34.115,1.78745,1.78777,1.30,1.00
2014.12.05 13:32:34.166,1.78742,1.78777,1.30,1.00
2014.12.05 13:32:34.217,1.78742,1.78785,1.30,1.00
2014.12.05 13:32:34.318,1.78741,1.78772,1.30,1.00
2014.12.05 13:32:34.368,1.78737,1.78772,1.30,1.00
2014.12.05 13:32:34.419,1.78737,1.78777,1.30,1.00
2014.12.05 13:32:34.470,1.78737,1.78777,1.30,1.00
2014.12.05 13:32:34.672,1.78736,1.78782,1.00,1.00
2014.12.05 13:32:34.823,1.78736,1.78782,1.30,1.00
2014.12.05 13:32:35.226,1.78742,1.78781,1.30,1.00
2014.12.05 13:32:35.327,1.78742,1.78782,1.30,1.00
2014.12.05 13:32:35.579,1.78743,1.78781,1.30,1.00
2014.12.05 13:32:35.680,1.78754,1.788,1.00,1.37
2014.12.05 13:32:35.843,1.78756,1.78801,1.30,1.00
2014.12.05 13:32:35.894,1.78749,1.78767,1.82,1.00
2014.12.05 13:32:35.945,1.78749,1.78767,1.00,1.00
2014.12.05 13:32:35.996,1.78725,1.78763,1.81,1.30
2014.12.05 13:32:36.046,1.78725,1.78763,1.44,1.30
2014.12.05 13:32:36.097,1.78725,1.78763,2.44,1.30
2014.12.05 13:32:36.248,1.78725,1.78768,3.16,1.00
2014.12.05 13:32:36.299,1.78728,1.78768,1.00,1.00
2014.12.05 13:32:36.408,1.78728,1.78768,1.30,1.00
2014.12.05 13:32:36.458,1.7873,1.78772,1.30,1.00
2014.12.05 13:32:36.559,1.78733,1.78776,1.30,1.00
2014.12.05 13:32:36.610,1.78733,1.78783,2.80,1.00
2014.12.05 13:32:36.661,1.78736,1.78787,1.30,1.00
2014.12.05 13:32:36.761,1.7874,1.78787,1.30,1.00
2014.12.05 13:32:36.913,1.78738,1.78782,1.87,1.00
2014.12.05 13:32:37.013,1.78738,1.78776,1.00,1.00
2014.12.05 13:32:37.316,1.78738,1.78777,2.80,1.00
2014.12.05 13:32:37.517,1.78738,1.78781,1.30,1.00
2014.12.05 13:32:37.618,1.78738,1.78784,1.72,1.00
2014.12.05 13:32:37.669,1.78739,1.78782,1.30,1.00
2014.12.05 13:32:37.769,1.78743,1.78787,1.50,1.00
2014.12.05 13:32:37.870,1.78745,1.78791,2.47,1.00
2014.12.05 13:32:38.172,1.78745,1.78799,1.72,1.30
2014.12.05 13:32:38.273,1.78745,1.78801,2.50,1.00
2014.12.05 13:32:38.424,1.78745,1.78792,2.50,1.00
2014.12.05 13:32:38.726,1.78752,1.78782,1.00,1.00
2014.12.05 13:32:38.827,1.78752,1.78787,1.00,1.00
2014.12.05 13:32:38.928,1.7875,1.78781,1.50,1.00
2014.12.05 13:32:39.179,1.7875,1.78787,1.00,1.00
2014.12.05 13:32:39.280,1.78743,1.78787,1.50,1.00
2014.12.05 13:32:39.482,1.78743,1.78781,1.00,1.00
2014.12.05 13:32:39.582,1.78737,1.78781,1.00,1.00
2014.12.05 13:32:39.633,1.78737,1.78777,1.00,1.00
2014.12.05 13:32:39.734,1.78725,1.78769,1.30,1.00
2014.12.05 13:32:39.835,1.78725,1.78769,1.00,1.00
2014.12.05 13:32:40.138,1.78728,1.78766,1.00,1.00
2014.12.05 13:32:40.188,1.78713,1.7875,1.00,1.30
2014.12.05 13:32:40.289,1.78705,1.78742,1.66,1.00
2014.12.05 13:32:40.392,1.78705,1.78742,1.44,1.00
2014.12.05 13:32:40.493,1.78709,1.78746,1.00,1.00
2014.12.05 13:32:40.694,1.78698,1.78732,1.00,1.00
2014.12.05 13:32:40.795,1.78695,1.78732,1.44,1.00
2014.12.05 13:32:40.845,1.78695,1.78717,1.44,1.00
2014.12.05 13:32:40.896,1.78688,1.78717,1.30,1.00
2014.12.05 13:32:40.996,1.7868,1.78716,2.17,1.00
2014.12.05 13:32:41.047,1.7868,1.78717,1.72,1.00
2014.12.05 13:32:41.148,1.78682,1.78716,1.00,1.00
2014.12.05 13:32:41.419,1.78682,1.78716,1.00,1.00
2014.12.05 13:32:41.520,1.78679,1.78716,1.00,1.00
2014.12.05 13:32:41.621,1.78679,1.78717,1.00,1.00
2014.12.05 13:32:41.924,1.78679,1.78707,1.00,1.00
2014.12.05 13:32:42.226,1.78681,1.78706,1.00,1.00
2014.12.05 13:32:42.541,1.78681,1.78702,1.00,1.00
2014.12.05 13:32:42.692,1.78685,1.78712,1.00,1.00
2014.12.05 13:32:42.894,1.78685,1.78717,1.00,1.00
2014.12.05 13:32:42.945,1.78685,1.78717,1.50,1.00
2014.12.05 13:32:43.046,1.78685,1.78722,1.00,1.00
2014.12.05 13:32:43.097,1.7869,1.78722,1.00,1.00
2014.12.05 13:32:43.399,1.78708,1.78722,1.50,1.00
2014.12.05 13:32:43.450,1.78709,1.78727,1.00,1.00
2014.12.05 13:32:43.651,1.78713,1.78727,1.00,1.00
2014.12.05 13:32:43.803,1.78713,1.78732,1.00,1.00
2014.12.05 13:32:43.904,1.78713,1.78735,1.00,1.75
2014.12.05 13:32:43.954,1.78713,1.78723,1.00,1.30
2014.12.05 13:32:44.005,1.78701,1.78712,1.00,1.00
2014.12.05 13:32:44.106,1.78689,1.78707,1.00,1.00
2014.12.05 13:32:44.207,1.78687,1.78707,1.50,1.00
2014.12.05 13:32:44.307,1.78687,1.78711,1.00,1.00
2014.12.05 13:32:44.358,1.78687,1.78706,1.50,1.00
2014.12.05 13:32:44.660,1.78687,1.78712,1.00,1.00
2014.12.05 13:32:44.711,1.78687,1.78712,1.00,1.00
2014.12.05 13:32:44.862,1.78686,1.78712,1.00,1.00
2014.12.05 13:32:44.963,1.78677,1.78712,1.00,1.00
2014.12.05 13:32:45.014,1.78677,1.78712,1.00,1.00
2014.12.05 13:32:45.115,1.78674,1.78712,1.00,1.00
2014.12.05 13:32:45.216,1.78676,1.78717,1.00,1.00
2014.12.05 13:32:45.317,1.78676,1.78717,1.00,1.72
2014.12.05 13:32:45.418,1.78676,1.78712,1.00,1.00
2014.12.05 13:32:45.519,1.78676,1.78716,1.00,1.00
2014.12.05 13:32:45.620,1.78676,1.78702,1.00,1.00
2014.12.05 13:32:45.670,1.78672,1.78702,1.00,1.00
2014.12.05 13:32:45.771,1.78666,1.78702,1.00,1.00
2014.12.05 13:32:45.822,1.78666,1.78706,1.00,1.00
2014.12.05 13:32:45.873,1.78666,1.78706,1.00,1.00
2014.12.05 13:32:46.024,1.78665,1.78704,1.00,1.00
2014.12.05 13:32:46.074,1.78665,1.78704,1.00,1.00
2014.12.05 13:32:46.175,1.78665,1.78704,1.00,1.00
2014.12.05 13:32:46.276,1.78665,1.78704,1.00,1.00
2014.12.05 13:32:46.578,1.78668,1.78699,1.00,1.00
2014.12.05 13:32:46.629,1.78665,1.78699,1.00,1.00
2014.12.05 13:32:46.679,1.78663,1.78691,1.00,1.50
2014.12.05 13:32:46.730,1.78659,1.78691,1.00,1.50
2014.12.05 13:32:46.831,1.78659,1.78691,1.00,1.00
2014.12.05 13:32:46.881,1.78659,1.78694,1.00,1.00
2014.12.05 13:32:47.008,1.78659,1.78689,1.00,1.00
2014.12.05 13:32:47.059,1.78657,1.78689,1.00,1.00
2014.12.05 13:32:47.110,1.78687,1.78699,1.00,1.00
2014.12.05 13:32:47.261,1.78701,1.78737,1.00,1.00
2014.12.05 13:32:47.362,1.78724,1.78765,1.00,1.00
2014.12.05 13:32:47.462,1.78723,1.78767,1.50,1.00
2014.12.05 13:32:47.614,1.78723,1.78752,1.00,1.00
2014.12.05 13:32:47.715,1.78714,1.78752,1.00,1.00
2014.12.05 13:32:47.765,1.78714,1.78742,1.00,1.00
2014.12.05 13:32:47.816,1.78708,1.78742,1.00,1.00
2014.12.05 13:32:47.866,1.78707,1.78739,1.00,1.00
2014.12.05 13:32:47.917,1.78705,1.78739,1.00,1.00
2014.12.05 13:32:48.118,1.78705,1.78742,1.00,1.00
2014.12.05 13:32:48.521,1.78712,1.78751,1.00,1.00
2014.12.05 13:32:48.823,1.78717,1.78741,1.00,1.00
2014.12.05 13:32:48.873,1.78717,1.78741,1.00,1.00
2014.12.05 13:32:48.924,1.78717,1.78747,1.00,1.00
2014.12.05 13:32:48.974,1.78721,1.78747,1.00,1.00
2014.12.05 13:32:49.075,1.78721,1.78747,1.00,1.00
2014.12.05 13:32:49.126,1.78721,1.78756,1.00,1.00
2014.12.05 13:32:49.226,1.78718,1.78752,1.00,1.00
2014.12.05 13:32:49.528,1.78717,1.78747,1.00,1.00
2014.12.05 13:32:49.579,1.78717,1.78751,1.00,1.00
2014.12.05 13:32:49.629,1.78715,1.78747,1.00,1.00
2014.12.05 13:32:49.931,1.78709,1.78732,1.72,1.00
2014.12.05 13:32:49.982,1.78699,1.78729,1.00,1.00
2014.12.05 13:32:50.033,1.78696,1.78729,1.00,1.00
2014.12.05 13:32:50.083,1.78695,1.78721,1.00,1.00
2014.12.05 13:32:50.184,1.78686,1.78718,1.00,1.00
2014.12.05 13:32:50.285,1.78685,1.78714,1.00,1.00
2014.12.05 13:32:50.537,1.78683,1.78713,1.30,1.00
2014.12.05 13:32:50.638,1.78683,1.78715,1.72,1.00
2014.12.05 13:32:50.940,1.78683,1.78716,1.37,1.00
2014.12.05 13:32:50.991,1.78683,1.7872,1.37,1.00
2014.12.05 13:32:51.092,1.78683,1.78717,1.00,1.00
2014.12.05 13:32:51.293,1.78683,1.7872,2.12,1.00
2014.12.05 13:32:51.595,1.78683,1.78716,1.87,1.00
2014.12.05 13:32:51.847,1.78686,1.7872,1.12,1.00
2014.12.05 13:32:51.948,1.78693,1.78727,1.00,1.00
2014.12.05 13:32:52.099,1.78693,1.78729,1.00,1.00
2014.12.05 13:32:52.149,1.78693,1.78725,1.00,1.00
2014.12.05 13:32:52.462,1.78699,1.78736,1.00,1.50
2014.12.05 13:32:52.630,1.78702,1.78741,1.00,1.00
2014.12.05 13:32:52.731,1.78698,1.7873,1.00,1.00
2014.12.05 13:32:53.033,1.78708,1.78743,1.50,1.00
2014.12.05 13:32:53.184,1.78708,1.78743,1.00,1.00
2014.12.05 13:32:53.385,1.78718,1.78752,1.00,1.00
2014.12.05 13:32:53.436,1.78718,1.78757,1.00,1.50
2014.12.05 13:32:53.487,1.78718,1.78753,1.00,1.00
2014.12.05 13:32:54.040,1.78719,1.78758,1.00,1.00
2014.12.05 13:32:54.342,1.78727,1.78752,1.00,1.00
2014.12.05 13:32:54.445,1.78729,1.78761,1.37,1.00
2014.12.05 13:32:54.496,1.78729,1.78761,1.00,1.00
2014.12.05 13:32:54.597,1.78727,1.78761,1.12,1.00
2014.12.05 13:32:54.697,1.78732,1.78767,1.00,1.00
2014.12.05 13:32:55.000,1.78748,1.78772,1.00,1.00
2014.12.05 13:32:55.100,1.78748,1.78777,1.00,1.00
2014.12.05 13:32:55.302,1.78748,1.78781,1.00,1.00
2014.12.05 13:32:55.352,1.7875,1.78781,1.00,1.00
2014.12.05 13:32:55.654,1.78755,1.78791,1.00,1.00
2014.12.05 13:32:55.805,1.78761,1.78792,1.00,1.00
2014.12.05 13:32:55.856,1.78763,1.78797,1.50,1.00
2014.12.05 13:32:55.906,1.78763,1.78797,1.00,1.00
2014.12.05 13:32:56.208,1.78767,1.78792,1.00,1.00
2014.12.05 13:32:56.410,1.78771,1.78797,1.00,1.00
2014.12.05 13:32:56.510,1.78771,1.78802,1.00,1.00
2014.12.05 13:32:56.762,1.78771,1.78807,1.00,1.00
2014.12.05 13:32:56.913,1.78771,1.78806,1.00,1.00
2014.12.05 13:32:56.964,1.78771,1.78802,1.00,1.00
2014.12.05 13:32:57.216,1.78768,1.78801,1.00,1.00
2014.12.05 13:32:57.317,1.78768,1.78801,1.00,1.00
2014.12.05 13:32:57.417,1.78768,1.78806,1.00,1.00
2014.12.05 13:32:57.871,1.78771,1.78807,1.00,1.00
2014.12.05 13:32:58.210,1.78771,1.78802,1.00,1.00
2014.12.05 13:32:58.517,1.78773,1.78801,1.00,1.00
2014.12.05 13:32:58.819,1.7877,1.78797,1.00,1.00
2014.12.05 13:32:59.071,1.7877,1.78802,1.00,1.00
2014.12.05 13:32:59.172,1.7877,1.78804,1.00,1.00
2014.12.05 13:32:59.223,1.7877,1.78808,1.00,1.00
2014.12.05 13:32:59.525,1.7877,1.78804,1.00,1.00
2014.12.05 13:32:59.827,1.7877,1.78796,1.00,1.00
2014.12.05 13:33:00.079,1.78767,1.78797,1.00,1.00
2014.12.05 13:33:00.431,1.78767,1.78799,1.00,1.00
2014.12.05 13:33:00.633,1.78767,1.78803,1.00,1.00
2014.12.05 13:33:00.734,1.78767,1.78806,1.00,1.00
2014.12.05 13:33:01.036,1.78767,1.78789,1.00,1.30
2014.12.05 13:33:01.087,1.78758,1.78787,1.00,1.00
2014.12.05 13:33:01.138,1.78753,1.78777,1.00,1.00
2014.12.05 13:33:01.188,1.78748,1.78777,1.00,1.00
2014.12.05 13:33:01.239,1.78748,1.7878,1.00,1.00
2014.12.05 13:33:01.339,1.7874,1.78774,1.00,1.00
2014.12.05 13:33:01.491,1.7874,1.78772,2.50,1.00
2014.12.05 13:33:01.692,1.78747,1.78782,1.00,1.30
2014.12.05 13:33:01.909,1.78747,1.78772,1.00,1.00
2014.12.05 13:33:02.060,1.78747,1.78772,1.00,1.00
2014.12.05 13:33:02.161,1.78744,1.78766,1.00,1.00
2014.12.05 13:33:02.488,1.78735,1.78767,1.00,1.50
2014.12.05 13:33:02.840,1.78735,1.78771,1.00,1.50
2014.12.05 13:33:02.941,1.78735,1.78774,1.00,1.00
2014.12.05 13:33:03.143,1.78735,1.78762,1.00,1.00
2014.12.05 13:33:03.243,1.78735,1.78767,1.00,1.00
2014.12.05 13:33:03.294,1.78734,1.78767,1.00,1.00
2014.12.05 13:33:03.498,1.78726,1.7876,1.00,1.00
2014.12.05 13:33:03.599,1.78719,1.78752,1.00,1.00
2014.12.05 13:33:03.839,1.78708,1.78748,1.50,1.00
2014.12.05 13:33:03.991,1.78708,1.78748,1.00,1.00
2014.12.05 13:33:04.293,1.78713,1.78754,2.50,1.00
2014.12.05 13:33:04.343,1.78718,1.78754,1.00,1.00
2014.12.05 13:33:04.394,1.78718,1.78759,1.00,1.00
2014.12.05 13:33:04.797,1.78728,1.78759,1.00,1.00
2014.12.05 13:33:04.897,1.7872,1.78759,1.00,1.00
2014.12.05 13:33:04.948,1.7872,1.78761,1.00,1.00
2014.12.05 13:33:05.250,1.78718,1.78751,1.45,1.00
2014.12.05 13:33:05.350,1.78718,1.78762,1.00,1.00
2014.12.05 13:33:05.501,1.78718,1.78762,1.00,1.00
2014.12.05 13:33:05.804,1.78728,1.78765,1.00,1.00
2014.12.05 13:33:05.905,1.78723,1.78765,1.00,1.00
2014.12.05 13:33:05.955,1.78723,1.78765,2.72,1.00
2014.12.05 13:33:06.207,1.78728,1.78772,1.50,1.00
2014.12.05 13:33:06.307,1.78728,1.78767,1.00,1.00
2014.12.05 13:33:06.408,1.78728,1.78772,1.00,1.00
2014.12.05 13:33:06.559,1.78728,1.78767,1.00,1.00
2014.12.05 13:33:06.861,1.78728,1.78762,1.00,1.00
2014.12.05 13:33:06.912,1.78726,1.78762,1.00,1.00
2014.12.05 13:33:06.962,1.78726,1.78751,1.00,1.00
2014.12.05 13:33:07.013,1.78724,1.78751,1.00,1.00
2014.12.05 13:33:07.068,1.78724,1.78757,1.00,1.00
2014.12.05 13:33:07.118,1.78724,1.78757,1.00,1.00
2014.12.05 13:33:07.219,1.78724,1.78761,1.00,1.00
2014.12.05 13:33:07.320,1.78724,1.78757,1.00,1.00
2014.12.05 13:33:07.371,1.78718,1.78757,1.20,1.00
2014.12.05 13:33:07.623,1.78718,1.78761,1.00,1.00
2014.12.05 13:33:07.774,1.78713,1.78742,1.00,1.00
2014.12.05 13:33:07.874,1.78713,1.78757,1.00,1.00
2014.12.05 13:33:07.975,1.78712,1.78742,1.80,1.00
2014.12.05 13:33:08.227,1.78712,1.78751,1.00,1.50
2014.12.05 13:33:08.529,1.78719,1.78751,1.00,1.00
2014.12.05 13:33:08.680,1.78718,1.78753,1.00,1.00
2014.12.05 13:33:08.852,1.78714,1.78753,1.00,1.00
2014.12.05 13:33:09.224,1.78714,1.78753,1.00,1.00
2014.12.05 13:33:09.324,1.78713,1.78753,1.00,1.00
2014.12.05 13:33:09.425,1.78713,1.78753,1.00,1.00
2014.12.05 13:33:09.728,1.78718,1.78755,1.00,1.00
2014.12.05 13:33:09.779,1.78718,1.78755,1.00,1.00
2014.12.05 13:33:09.880,1.78713,1.78755,1.00,1.00
2014.12.05 13:33:10.081,1.7871,1.78747,1.00,1.00
2014.12.05 13:33:10.182,1.7871,1.78752,1.27,1.00
2014.12.05 13:33:10.334,1.78706,1.78734,1.00,1.30
2014.12.05 13:33:10.485,1.78692,1.78726,1.00,1.00
2014.12.05 13:33:10.536,1.78688,1.78726,1.00,1.72
2014.12.05 13:33:10.687,1.78688,1.78724,1.00,1.30
2014.12.05 13:33:10.888,1.78685,1.78727,1.00,1.00
2014.12.05 13:33:11.040,1.7868,1.78725,1.00,1.00
2014.12.05 13:33:11.090,1.7868,1.78725,1.00,1.00
2014.12.05 13:33:11.392,1.78681,1.78727,1.72,1.00
2014.12.05 13:33:11.593,1.78683,1.78732,1.00,1.00
2014.12.05 13:33:11.644,1.78693,1.78733,1.00,1.00
2014.12.05 13:33:11.695,1.78694,1.78737,1.72,1.00
2014.12.05 13:33:11.745,1.78694,1.78732,1.30,1.00
2014.12.05 13:33:11.846,1.78695,1.78742,1.00,1.00
2014.12.05 13:33:11.897,1.78698,1.78742,1.00,1.00
2014.12.05 13:33:11.998,1.78698,1.78742,1.00,1.00
2014.12.05 13:33:12.048,1.78698,1.78736,1.00,1.00
2014.12.05 13:33:12.199,1.78698,1.78742,1.00,1.00
2014.12.05 13:33:12.250,1.78697,1.78734,1.00,1.00
2014.12.05 13:33:12.552,1.78691,1.7873,1.00,1.00
2014.12.05 13:33:12.904,1.78687,1.78727,1.00,1.00
2014.12.05 13:33:13.056,1.78687,1.78722,1.00,1.00
2014.12.05 13:33:13.106,1.78685,1.78722,1.00,1.50
2014.12.05 13:33:13.157,1.78685,1.78717,1.00,1.00
2014.12.05 13:33:13.258,1.78685,1.78722,1.00,1.50
2014.12.05 13:33:13.358,1.7868,1.7872,1.00,1.37
2014.12.05 13:33:13.560,1.78658,1.78698,1.00,1.00
2014.12.05 13:33:13.661,1.78643,1.78687,1.00,1.00
2014.12.05 13:33:13.711,1.78641,1.78672,1.00,1.00
2014.12.05 13:33:13.762,1.78631,1.78672,1.00,1.00
2014.12.05 13:33:13.863,1.78631,1.78673,1.00,1.30
2014.12.05 13:33:13.964,1.78631,1.78676,1.00,1.00
2014.12.05 13:33:14.064,1.78633,1.78682,1.00,1.00
2014.12.05 13:33:14.246,1.78645,1.78687,1.00,1.72
2014.12.05 13:33:14.297,1.78645,1.7869,1.00,1.50
2014.12.05 13:33:14.347,1.78644,1.78684,1.00,1.00
2014.12.05 13:33:14.650,1.78638,1.78678,1.50,1.00
2014.12.05 13:33:14.952,1.78643,1.78675,1.00,1.00
2014.12.05 13:33:15.003,1.78643,1.7868,1.00,1.00
2014.12.05 13:33:15.104,1.78643,1.78682,1.00,1.00
2014.12.05 13:33:15.205,1.78643,1.78682,1.00,1.00
2014.12.05 13:33:15.356,1.78643,1.78682,1.00,1.00
2014.12.05 13:33:15.407,1.78644,1.78685,1.50,1.00
2014.12.05 13:33:15.508,1.78644,1.78689,1.50,1.00
2014.12.05 13:33:15.810,1.78644,1.78687,1.00,1.00
2014.12.05 13:33:15.911,1.78649,1.78689,1.50,1.00
2014.12.05 13:33:15.961,1.78649,1.78689,3.55,1.00
2014.12.05 13:33:16.062,1.78652,1.78692,3.22,1.00
2014.12.05 13:33:16.314,1.78659,1.78696,1.00,1.72
2014.12.05 13:33:16.616,1.78657,1.78682,1.00,1.00
2014.12.05 13:33:16.717,1.78652,1.78686,1.00,1.00
2014.12.05 13:33:16.868,1.78648,1.78682,1.00,1.00
2014.12.05 13:33:17.187,1.78638,1.78672,1.00,1.50
2014.12.05 13:33:17.507,1.78639,1.78678,1.00,1.00
2014.12.05 13:33:17.816,1.78644,1.78683,1.00,1.00
2014.12.05 13:33:18.118,1.7862,1.78642,1.00,1.00
2014.12.05 13:33:18.269,1.78616,1.78642,1.00,1.00
2014.12.05 13:33:18.320,1.78616,1.78636,1.00,1.00
2014.12.05 13:33:18.370,1.78613,1.78636,1.00,1.00
2014.12.05 13:33:18.522,1.78589,1.78636,1.00,1.00
2014.12.05 13:33:18.623,1.78581,1.78632,1.00,1.00
2014.12.05 13:33:19.148,1.7858,1.78632,1.50,1.00
2014.12.05 13:33:19.249,1.78582,1.78626,1.00,1.00
2014.12.05 13:33:19.400,1.78586,1.78631,1.00,1.00
2014.12.05 13:33:19.450,1.78586,1.78626,1.00,1.00
2014.12.05 13:33:19.602,1.78581,1.7862,1.00,1.00
2014.12.05 13:33:19.702,1.78581,1.78623,1.00,1.00
2014.12.05 13:33:19.969,1.78581,1.78625,1.00,1.00
2014.12.05 13:33:20.120,1.78581,1.78622,1.00,1.00
2014.12.05 13:33:20.221,1.78581,1.78627,1.00,1.00
2014.12.05 13:33:20.322,1.78581,1.78622,1.00,1.00
2014.12.05 13:33:20.372,1.78575,1.7862,1.00,1.00
2014.12.05 13:33:20.423,1.78578,1.7862,1.00,1.00
2014.12.05 13:33:20.675,1.78575,1.78617,1.00,1.00
2014.12.05 13:33:21.228,1.78572,1.78615,1.00,1.00
2014.12.05 13:33:21.379,1.78569,1.78618,1.00,1.00
2014.12.05 13:33:21.838,1.78569,1.78611,1.00,1.00
2014.12.05 13:33:22.098,1.78573,1.78622,1.00,1.50
2014.12.05 13:33:22.199,1.78573,1.78617,1.50,1.00
2014.12.05 13:33:22.501,1.78568,1.78592,1.00,1.00
2014.12.05 13:33:22.551,1.78558,1.78592,1.00,1.00
2014.12.05 13:33:22.602,1.78555,1.78592,1.00,1.00
2014.12.05 13:33:22.753,1.78555,1.78602,1.00,1.87
2014.12.05 13:33:22.854,1.78554,1.78605,1.00,1.37
2014.12.05 13:33:22.905,1.78554,1.78605,1.00,1.00
2014.12.05 13:33:22.955,1.78557,1.78605,1.30,1.00
2014.12.05 13:33:23.257,1.78565,1.78607,1.00,1.00
2014.12.05 13:33:23.408,1.78569,1.78621,1.50,1.00
2014.12.05 13:33:23.459,1.78569,1.78625,3.47,1.00
2014.12.05 13:33:23.509,1.78571,1.78625,1.30,1.00
2014.12.05 13:33:23.811,1.78571,1.78617,1.50,1.00
2014.12.05 13:33:23.862,1.78571,1.78622,1.00,1.00
2014.12.05 13:33:23.913,1.78571,1.78622,1.00,1.00
2014.12.05 13:33:24.214,1.78594,1.7863,1.00,1.00
2014.12.05 13:33:24.365,1.78598,1.7864,1.00,1.00
2014.12.05 13:33:24.416,1.78591,1.7864,1.00,1.00
2014.12.05 13:33:24.567,1.78592,1.78636,1.30,1.00
2014.12.05 13:33:24.869,1.78601,1.78638,1.00,1.00
2014.12.05 13:33:25.186,1.78604,1.78647,1.00,1.00
2014.12.05 13:33:25.488,1.78608,1.78647,2.80,1.00
2014.12.05 13:33:25.538,1.78611,1.78652,1.00,1.00
2014.12.05 13:33:25.589,1.78613,1.78652,1.30,1.00
2014.12.05 13:33:25.639,1.78614,1.78657,1.00,1.00
2014.12.05 13:33:25.841,1.78617,1.78662,1.50,1.00
2014.12.05 13:33:25.892,1.78618,1.78662,1.00,1.00
2014.12.05 13:33:26.194,1.78622,1.78661,1.00,1.00
2014.12.05 13:33:26.446,1.78622,1.78662,1.00,1.00
2014.12.05 13:33:26.658,1.78622,1.78671,1.00,1.00
2014.12.05 13:33:26.708,1.78622,1.78647,1.00,1.00
2014.12.05 13:33:26.759,1.7862,1.78647,1.00,1.00
2014.12.05 13:33:26.860,1.7862,1.78657,1.00,1.00
2014.12.05 13:33:26.961,1.7862,1.78662,1.00,1.00
2014.12.05 13:33:27.061,1.7862,1.78657,1.50,1.00
2014.12.05 13:33:27.162,1.7862,1.7867,1.00,1.72
2014.12.05 13:33:27.263,1.7862,1.78667,1.00,1.00
2014.12.05 13:33:27.566,1.78622,1.78656,1.00,1.00
2014.12.05 13:33:27.616,1.78622,1.78662,1.00,1.00
2014.12.05 13:33:27.818,1.78623,1.78667,3.47,1.00
2014.12.05 13:33:27.919,1.78623,1.78662,2.72,1.00
2014.12.05 13:33:28.221,1.78626,1.78662,1.00,1.00
2014.12.05 13:33:28.624,1.78628,1.78677,1.50,1.72
2014.12.05 13:33:28.674,1.78629,1.78677,1.12,1.00
2014.12.05 13:33:28.976,1.78642,1.78676,1.72,1.00
2014.12.05 13:33:29.027,1.78642,1.78681,2.72,1.00
2014.12.05 13:33:29.077,1.78643,1.78681,2.72,1.00
2014.12.05 13:33:29.128,1.78643,1.78687,2.72,1.00
2014.12.05 13:33:29.178,1.78647,1.78687,1.00,1.00
2014.12.05 13:33:29.380,1.78647,1.78686,1.00,1.00
2014.12.05 13:33:29.481,1.78647,1.78691,2.25,1.00
2014.12.05 13:33:29.581,1.78648,1.78692,1.50,1.00
2014.12.05 13:33:29.889,1.78652,1.78686,1.00,1.00
2014.12.05 13:33:29.939,1.78652,1.78691,1.00,1.00
2014.12.05 13:33:30.193,1.78652,1.78692,1.00,1.00
2014.12.05 13:33:30.495,1.78648,1.78692,1.00,1.00
2014.12.05 13:33:30.897,1.78648,1.78687,1.00,1.00
2014.12.05 13:33:30.948,1.78641,1.78687,1.00,1.00
2014.12.05 13:33:31.107,1.78641,1.7869,1.00,1.00
2014.12.05 13:33:31.259,1.78647,1.78682,1.30,1.00
2014.12.05 13:33:31.561,1.78698,1.78707,1.00,1.00
2014.12.05 13:33:31.612,1.78698,1.78722,1.00,1.00
2014.12.05 13:33:31.663,1.78686,1.78722,1.37,1.00
2014.12.05 13:33:31.713,1.78715,1.78732,1.30,1.00
2014.12.05 13:33:31.915,1.78715,1.78748,1.30,1.00
2014.12.05 13:33:32.016,1.78715,1.78751,1.30,1.00
2014.12.05 13:33:32.066,1.78718,1.78751,1.30,1.00
2014.12.05 13:33:32.117,1.78723,1.78767,1.00,1.00
2014.12.05 13:33:32.318,1.78728,1.78772,1.00,1.00
2014.12.05 13:33:32.643,1.78739,1.78781,1.00,1.20
2014.12.05 13:33:32.694,1.78734,1.78778,1.00,1.72
2014.12.05 13:33:32.896,1.78728,1.78767,1.00,1.00
2014.12.05 13:33:33.098,1.78729,1.78781,1.72,1.50
2014.12.05 13:33:33.149,1.78729,1.7877,1.00,1.30
2014.12.05 13:33:33.199,1.78729,1.78766,1.00,1.00
2014.12.05 13:33:33.351,1.78726,1.78761,1.72,1.00
2014.12.05 13:33:33.452,1.7872,1.78757,1.50,1.00
2014.12.05 13:33:33.553,1.78718,1.78757,1.00,1.00
2014.12.05 13:33:33.654,1.78717,1.7876,1.00,1.00
2014.12.05 13:33:33.805,1.78713,1.78751,1.00,1.00
2014.12.05 13:33:33.905,1.78713,1.78757,1.50,1.00
2014.12.05 13:33:34.006,1.78708,1.78732,1.00,1.00
2014.12.05 13:33:34.107,1.78707,1.78737,1.00,1.00
2014.12.05 13:33:34.208,1.78707,1.78747,1.00,1.00
2014.12.05 13:33:34.259,1.78713,1.78747,1.00,1.00
2014.12.05 13:33:34.309,1.78713,1.78751,1.00,1.30
2014.12.05 13:33:34.360,1.78713,1.7875,1.30,1.00
2014.12.05 13:33:34.561,1.78715,1.78749,1.00,1.00
2014.12.05 13:33:34.662,1.78715,1.78752,1.00,1.00
2014.12.05 13:33:34.864,1.78715,1.78757,1.00,1.00
2014.12.05 13:33:35.015,1.78725,1.7876,1.00,1.00
2014.12.05 13:33:35.116,1.78724,1.78764,1.50,1.00
2014.12.05 13:33:35.217,1.78738,1.78772,1.72,1.00
2014.12.05 13:33:35.519,1.78748,1.78778,1.00,1.00
2014.12.05 13:33:35.670,1.78748,1.78783,1.00,1.00
2014.12.05 13:33:35.771,1.78744,1.78781,1.00,1.00
2014.12.05 13:33:35.921,1.78742,1.78778,1.30,1.00
2014.12.05 13:33:36.224,1.78742,1.78778,1.30,1.00
2014.12.05 13:33:36.526,1.78732,1.78747,1.00,1.00
2014.12.05 13:33:36.627,1.78732,1.78757,1.00,1.00
2014.12.05 13:33:36.728,1.78732,1.78752,1.30,1.00
2014.12.05 13:33:36.829,1.78732,1.78772,1.00,1.50
2014.12.05 13:33:36.930,1.78732,1.78767,1.00,1.00
2014.12.05 13:33:37.232,1.7874,1.78777,1.00,1.00
2014.12.05 13:33:37.534,1.7874,1.78767,1.00,1.00
2014.12.05 13:33:37.585,1.7874,1.78771,1.00,1.00
2014.12.05 13:33:37.686,1.78737,1.78771,1.00,1.00
2014.12.05 13:33:37.736,1.78734,1.78763,1.00,1.00
2014.12.05 13:33:37.787,1.78726,1.78762,1.00,1.00
2014.12.05 13:33:37.837,1.78723,1.78759,1.00,1.00
2014.12.05 13:33:38.139,1.78723,1.78757,1.00,1.00
2014.12.05 13:33:38.240,1.7872,1.78757,1.00,1.00
2014.12.05 13:33:38.721,1.7872,1.78763,1.00,1.00
2014.12.05 13:33:39.023,1.7872,1.78761,1.00,1.00
2014.12.05 13:33:39.325,1.78719,1.78752,1.00,1.00
2014.12.05 13:33:39.476,1.78713,1.78747,1.00,1.00
2014.12.05 13:33:39.527,1.78713,1.78745,1.00,1.00
2014.12.05 13:33:39.578,1.78708,1.78745,1.00,1.00
2014.12.05 13:33:39.628,1.78708,1.78747,1.00,1.00
2014.12.05 13:33:39.931,1.78708,1.78742,1.00,1.00
2014.12.05 13:33:40.082,1.78706,1.78742,1.00,1.00
2014.12.05 13:33:40.132,1.78703,1.78737,1.00,1.00
2014.12.05 13:33:40.183,1.78701,1.78737,1.50,1.00
2014.12.05 13:33:40.233,1.78701,1.78738,2.50,1.00
2014.12.05 13:33:40.385,1.78701,1.78741,1.50,1.00
2014.12.05 13:33:40.726,1.78703,1.78741,1.00,1.00
2014.12.05 13:33:40.877,1.78703,1.78747,2.50,1.00
2014.12.05 13:33:41.029,1.78709,1.78751,1.00,1.00
2014.12.05 13:33:41.280,1.78709,1.78749,1.00,1.00
2014.12.05 13:33:41.331,1.7871,1.78749,1.27,1.00
2014.12.05 13:33:41.383,1.78717,1.78761,1.00,1.00
2014.12.05 13:33:41.592,1.78713,1.7874,1.00,1.00
2014.12.05 13:33:41.794,1.78672,1.78711,1.00,1.00
2014.12.05 13:33:41.845,1.7867,1.78711,1.00,1.00
2014.12.05 13:33:41.946,1.7867,1.78712,1.30,1.00
2014.12.05 13:33:42.259,1.78673,1.78712,1.00,1.00
2014.12.05 13:33:42.310,1.78673,1.78715,1.00,1.00
2014.12.05 13:33:42.410,1.78676,1.78715,1.00,1.00
2014.12.05 13:33:42.737,1.78705,1.78736,1.00,1.00
2014.12.05 13:33:45.419,1.78767,1.78807,1.30,1.00
2014.12.05 13:33:45.620,1.78762,1.78802,1.30,1.00
2014.12.05 13:33:45.721,1.78758,1.78797,1.00,1.00
2014.12.05 13:33:46.023,1.78759,1.78797,1.72,1.00
2014.12.05 13:33:46.174,1.78759,1.78802,1.00,1.00
2014.12.05 13:33:46.225,1.78757,1.78802,1.00,1.50
2014.12.05 13:33:46.325,1.78754,1.78799,1.00,1.00
2014.12.05 13:33:46.627,1.78754,1.78782,1.00,1.00
2014.12.05 13:33:46.678,1.78754,1.78782,1.00,1.00
2014.12.05 13:33:46.728,1.78754,1.78777,1.00,1.00
2014.12.05 13:33:46.779,1.78746,1.78777,1.00,1.00
2014.12.05 13:33:46.879,1.78746,1.78782,1.00,1.00
2014.12.05 13:33:46.930,1.78746,1.78777,1.00,1.00
2014.12.05 13:33:47.266,1.78737,1.78777,1.00,1.00
2014.12.05 13:33:47.317,1.78737,1.78777,1.00,1.00
2014.12.05 13:33:47.468,1.78738,1.78783,1.00,1.00
2014.12.05 13:33:47.519,1.78738,1.7878,1.00,1.00
2014.12.05 13:33:47.619,1.78735,1.78777,1.00,1.00
2014.12.05 13:33:47.670,1.78737,1.78777,1.00,1.00
2014.12.05 13:33:47.973,1.78735,1.78771,1.30,1.00
2014.12.05 13:33:48.073,1.78734,1.78776,1.00,1.00
2014.12.05 13:33:48.124,1.78735,1.78776,1.30,1.00
2014.12.05 13:33:48.174,1.78735,1.78778,1.30,1.00
2014.12.05 13:33:48.275,1.78733,1.78777,1.00,1.00
2014.12.05 13:33:48.326,1.7873,1.78775,1.00,1.00
2014.12.05 13:33:48.376,1.7873,1.78771,1.00,1.00
2014.12.05 13:33:48.427,1.78725,1.7877,1.00,1.00
2014.12.05 13:33:48.477,1.78725,1.78767,1.00,1.00
2014.12.05 13:33:48.729,1.78717,1.78761,1.00,1.00
2014.12.05 13:33:48.931,1.78716,1.78757,1.00,1.00
2014.12.05 13:33:49.233,1.78713,1.78737,1.00,1.00
2014.12.05 13:33:49.384,1.78713,1.78756,1.00,1.00
2014.12.05 13:33:49.484,1.78708,1.78751,1.00,1.00
2014.12.05 13:33:49.535,1.78705,1.7875,1.00,1.00
2014.12.05 13:33:49.585,1.78705,1.78747,1.00,1.00
2014.12.05 13:33:49.787,1.78702,1.78747,1.30,1.00
2014.12.05 13:33:49.837,1.78702,1.78736,1.30,1.00
2014.12.05 13:33:49.888,1.78698,1.78736,1.72,1.00
2014.12.05 13:33:50.039,1.78698,1.78741,1.00,1.00
2014.12.05 13:33:50.140,1.78695,1.78736,1.00,1.00
2014.12.05 13:33:50.442,1.78699,1.78742,1.72,1.00
2014.12.05 13:33:50.744,1.78701,1.78742,1.00,1.00
2014.12.05 13:33:50.845,1.78694,1.78731,1.00,1.00
2014.12.05 13:33:50.946,1.78692,1.78729,1.00,1.00
2014.12.05 13:33:51.248,1.78692,1.78727,1.00,1.00
2014.12.05 13:33:51.500,1.78689,1.78726,1.00,1.50
2014.12.05 13:33:51.701,1.78684,1.78717,1.00,1.00
2014.12.05 13:33:52.053,1.78684,1.78722,1.00,1.00
2014.12.05 13:33:52.154,1.78684,1.78717,1.00,1.00
2014.12.05 13:33:52.483,1.78686,1.78712,1.00,1.00
2014.12.05 13:33:52.584,1.78686,1.78727,1.00,1.00
2014.12.05 13:33:52.685,1.78686,1.78721,1.00,1.00
2014.12.05 13:33:52.937,1.78691,1.78727,1.00,1.00
2014.12.05 13:33:53.138,1.78691,1.78722,1.00,1.00
2014.12.05 13:33:53.239,1.78691,1.78726,1.00,1.00
2014.12.05 13:33:53.390,1.78692,1.78726,1.00,1.00
2014.12.05 13:33:53.692,1.78696,1.78727,1.00,1.00
2014.12.05 13:33:53.894,1.78696,1.78727,1.00,1.00
2014.12.05 13:33:54.145,1.78693,1.78726,1.00,1.00
2014.12.05 13:33:54.246,1.78693,1.78721,1.00,1.00
2014.12.05 13:33:54.347,1.78693,1.78727,1.00,1.00
2014.12.05 13:33:54.599,1.78693,1.78727,1.00,1.00
2014.12.05 13:33:55.107,1.78693,1.78726,1.00,1.00
2014.12.05 13:33:55.358,1.78693,1.78732,1.00,1.00
2014.12.05 13:33:55.761,1.78693,1.78726,1.00,1.00
2014.12.05 13:33:55.912,1.78693,1.78732,1.00,1.00
2014.12.05 13:33:56.214,1.78695,1.78732,1.00,1.00
2014.12.05 13:33:56.466,1.78695,1.78737,1.00,1.00
2014.12.05 13:33:56.567,1.78695,1.78735,1.00,1.00
2014.12.05 13:33:56.768,1.78696,1.78738,1.00,1.00
2014.12.05 13:33:57.070,1.787,1.78736,1.00,1.00
2014.12.05 13:33:57.120,1.787,1.78744,1.00,1.00
2014.12.05 13:33:57.171,1.78706,1.7875,1.00,2.19
2014.12.05 13:33:57.624,1.78706,1.78746,1.00,1.00
2014.12.05 13:33:57.926,1.78706,1.78742,1.00,1.00
2014.12.05 13:33:58.078,1.78706,1.78746,1.00,1.00
2014.12.05 13:33:58.652,1.78706,1.78746,2.50,1.00
2014.12.05 13:33:58.765,1.78706,1.78749,2.50,1.00
2014.12.05 13:33:58.925,1.78706,1.78745,1.00,1.00
2014.12.05 13:33:59.228,1.78703,1.78741,1.50,1.00
2014.12.05 13:33:59.279,1.78703,1.78744,1.00,1.00
2014.12.05 13:33:59.380,1.78704,1.78748,1.00,1.00
2014.12.05 13:33:59.682,1.78708,1.78748,1.50,1.00
2014.12.05 13:33:59.733,1.7871,1.78754,1.72,1.00
2014.12.05 13:33:59.834,1.78717,1.78759,1.00,1.00
2014.12.05 13:34:00.246,1.78717,1.78756,1.00,1.00
2014.12.05 13:34:00.296,1.78717,1.78752,1.00,1.00
2014.12.05 13:34:00.397,1.78717,1.78756,1.00,1.00
2014.12.05 13:34:00.498,1.78717,1.78752,1.00,1.00
2014.12.05 13:34:00.599,1.78717,1.78756,1.00,1.00
2014.12.05 13:34:00.700,1.78718,1.78757,1.00,1.00
2014.12.05 13:34:00.852,1.78718,1.7876,1.00,1.00
2014.12.05 13:34:00.952,1.78718,1.78757,1.00,1.00
2014.12.05 13:34:01.154,1.78718,1.78757,1.00,1.00
2014.12.05 13:34:01.254,1.78716,1.78755,1.00,1.00
2014.12.05 13:34:01.305,1.78716,1.78742,1.00,1.00
2014.12.05 13:34:01.355,1.78705,1.78742,1.00,1.00
2014.12.05 13:34:01.406,1.78705,1.78744,1.00,1.00
2014.12.05 13:34:01.607,1.78702,1.78741,1.00,1.00
2014.12.05 13:34:01.915,1.78713,1.78749,1.42,1.00
2014.12.05 13:34:02.217,1.78715,1.78752,1.00,1.00
2014.12.05 13:34:02.368,1.78724,1.78763,1.00,1.00
2014.12.05 13:34:02.469,1.78721,1.78746,1.00,1.00
2014.12.05 13:34:02.570,1.78716,1.78746,1.00,1.00
2014.12.05 13:34:02.670,1.78716,1.7875,1.00,1.00
2014.12.05 13:34:03.142,1.78716,1.78753,1.00,1.00
2014.12.05 13:34:03.444,1.78719,1.78753,1.30,1.00
2014.12.05 13:34:03.595,1.78727,1.78766,1.00,1.50
2014.12.05 13:34:03.696,1.78727,1.78762,1.00,1.00
2014.12.05 13:34:03.998,1.78723,1.78751,1.00,1.00
2014.12.05 13:34:04.232,1.78723,1.7876,1.00,1.00
2014.12.05 13:34:04.384,1.78726,1.78765,1.00,1.00
2014.12.05 13:34:04.484,1.78727,1.78757,1.00,1.00
2014.12.05 13:34:04.797,1.78727,1.78752,1.00,1.00
2014.12.05 13:34:04.898,1.78727,1.78759,1.00,1.00
2014.12.05 13:34:04.999,1.78727,1.78756,1.00,1.00
2014.12.05 13:34:05.351,1.78727,1.78762,1.00,1.00
2014.12.05 13:34:05.452,1.78727,1.78764,1.00,1.00
2014.12.05 13:34:05.553,1.78727,1.78762,1.00,1.00
2014.12.05 13:34:05.855,1.78726,1.78752,1.00,1.00
2014.12.05 13:34:05.906,1.78722,1.78756,1.00,1.00
2014.12.05 13:34:06.360,1.78717,1.78751,1.00,1.00
2014.12.05 13:34:06.763,1.78718,1.78754,1.72,1.00
2014.12.05 13:34:07.067,1.78721,1.78758,1.00,1.00
2014.12.05 13:34:07.771,1.78714,1.78748,1.00,1.00
2014.12.05 13:34:07.923,1.78714,1.78742,1.00,1.00
2014.12.05 13:34:08.074,1.78707,1.78741,1.00,1.00
2014.12.05 13:34:08.125,1.78707,1.78736,1.00,1.00
2014.12.05 13:34:08.225,1.78704,1.78737,1.00,1.00
2014.12.05 13:34:08.326,1.787,1.78734,1.00,1.00
2014.12.05 13:34:08.427,1.78696,1.7873,1.00,1.00
2014.12.05 13:34:08.780,1.78693,1.78725,1.00,1.00
2014.12.05 13:34:09.283,1.78692,1.78724,1.00,1.00
2014.12.05 13:34:09.333,1.78692,1.78729,1.00,1.00
2014.12.05 13:34:09.434,1.78695,1.78734,1.00,1.00
2014.12.05 13:34:09.785,1.78695,1.78727,1.00,1.00
2014.12.05 13:34:09.987,1.7869,1.78724,1.00,1.00
2014.12.05 13:34:10.088,1.78684,1.78718,1.00,1.00
2014.12.05 13:34:10.743,1.78684,1.78722,1.00,1.00
2014.12.05 13:34:11.060,1.78681,1.78715,1.00,1.00
2014.12.05 13:34:11.362,1.78679,1.78713,1.00,1.00
2014.12.05 13:34:11.714,1.78682,1.78721,1.00,1.00
2014.12.05 13:34:12.017,1.78681,1.78715,1.00,1.00
2014.12.05 13:34:12.319,1.78689,1.78728,1.00,1.00
2014.12.05 13:34:13.906,1.78689,1.78722,1.00,1.00
2014.12.05 13:34:14.107,1.78689,1.78726,1.00,1.00
2014.12.05 13:34:14.409,1.78689,1.78728,1.00,1.00
2014.12.05 13:34:14.460,1.78689,1.78725,1.00,1.00
2014.12.05 13:34:14.865,1.78689,1.78725,1.30,1.00
2014.12.05 13:34:15.067,1.78698,1.78735,1.00,1.00
2014.12.05 13:34:15.269,1.787,1.78737,1.00,1.00
2014.12.05 13:34:15.319,1.787,1.78739,1.00,1.00
2014.12.05 13:34:15.471,1.78706,1.78743,1.00,1.00
2014.12.05 13:34:16.102,1.78706,1.78741,1.00,1.00
2014.12.05 13:34:16.203,1.78706,1.78743,1.00,1.00
2014.12.05 13:34:16.354,1.78703,1.78734,1.30,1.00
2014.12.05 13:34:16.405,1.78701,1.78734,1.30,1.00
2014.12.05 13:34:16.505,1.78701,1.78739,2.72,1.00
2014.12.05 13:34:16.556,1.78701,1.78737,1.00,1.00
2014.12.05 13:34:16.657,1.78705,1.78744,1.00,1.00
2014.12.05 13:34:16.808,1.78709,1.78746,1.00,1.00
2014.12.05 13:34:17.160,1.7871,1.78748,1.30,1.00
2014.12.05 13:34:17.211,1.7871,1.7875,1.30,1.00
2014.12.05 13:34:17.312,1.78713,1.7875,1.00,1.00
2014.12.05 13:34:17.363,1.78713,1.78756,1.00,1.00
2014.12.05 13:34:17.564,1.78705,1.78744,1.00,1.00
2014.12.05 13:34:17.615,1.78705,1.78742,1.00,1.00
2014.12.05 13:34:17.917,1.78705,1.78737,1.00,1.00
2014.12.05 13:34:18.118,1.78701,1.78737,1.00,1.00
2014.12.05 13:34:18.169,1.78701,1.78732,1.00,1.00
2014.12.05 13:34:18.220,1.78696,1.78732,1.00,1.00
2014.12.05 13:34:18.376,1.78696,1.78735,1.30,1.00
2014.12.05 13:34:18.528,1.78696,1.78737,1.00,1.00
2014.12.05 13:34:18.963,1.78698,1.78736,1.30,1.00
2014.12.05 13:34:19.164,1.78697,1.78737,1.00,1.00
2014.12.05 13:34:19.266,1.78697,1.78739,1.00,1.00
2014.12.05 13:34:19.318,1.78695,1.78731,1.00,1.00
2014.12.05 13:34:19.369,1.78688,1.78731,1.00,1.00
2014.12.05 13:34:19.529,1.7868,1.78725,1.00,1.00
2014.12.05 13:34:19.780,1.78677,1.78722,1.00,1.00
2014.12.05 13:34:20.384,1.78677,1.78712,1.00,1.00
2014.12.05 13:34:20.536,1.7867,1.78712,1.50,1.00
2014.12.05 13:34:20.687,1.78667,1.78706,1.00,1.00
2014.12.05 13:34:20.737,1.7866,1.78705,1.00,1.00
2014.12.05 13:34:21.090,1.7865,1.78695,1.00,1.00
2014.12.05 13:34:21.392,1.78647,1.78692,1.00,1.00
2014.12.05 13:34:21.827,1.78645,1.78688,1.00,1.00
2014.12.05 13:34:21.979,1.78639,1.78684,1.00,1.00
2014.12.05 13:34:22.130,1.78639,1.78684,1.00,1.00
2014.12.05 13:34:22.181,1.78639,1.78687,1.00,1.00
2014.12.05 13:34:22.282,1.78642,1.78693,1.50,1.00
2014.12.05 13:34:22.332,1.78644,1.78693,1.00,1.00
2014.12.05 13:34:22.584,1.78644,1.78693,1.30,1.00
2014.12.05 13:34:22.945,1.78644,1.78696,3.47,1.00
2014.12.05 13:34:22.996,1.78644,1.78691,1.00,1.00
2014.12.05 13:34:23.298,1.78647,1.78691,1.52,1.00
2014.12.05 13:34:23.349,1.78653,1.78702,1.27,1.50
2014.12.05 13:34:23.449,1.78653,1.78697,1.30,1.00
2014.12.05 13:34:23.702,1.78654,1.787,1.30,1.00
2014.12.05 13:34:23.905,1.78654,1.787,1.30,1.00
2014.12.05 13:34:24.005,1.78652,1.787,1.30,1.00
2014.12.05 13:34:24.156,1.78652,1.78695,1.30,1.00
2014.12.05 13:34:24.207,1.78649,1.78695,1.30,1.00
2014.12.05 13:34:24.466,1.78646,1.78695,1.30,1.00
2014.12.05 13:34:24.567,1.78644,1.78695,1.00,1.00
2014.12.05 13:34:24.618,1.78639,1.7869,2.02,1.00
2014.12.05 13:34:25.021,1.78639,1.7869,3.55,1.00
2014.12.05 13:34:25.351,1.78648,1.78696,1.00,1.00
2014.12.05 13:34:25.653,1.78654,1.78697,1.00,1.00
2014.12.05 13:34:25.754,1.78658,1.78707,1.50,1.00
2014.12.05 13:34:25.804,1.78663,1.78707,1.50,1.00
2014.12.05 13:34:25.855,1.78663,1.78713,1.30,1.00
2014.12.05 13:34:25.905,1.78663,1.78708,1.30,1.00
2014.12.05 13:34:25.956,1.78659,1.78708,1.00,1.00
2014.12.05 13:34:26.006,1.78659,1.78708,1.00,1.00
2014.12.05 13:34:26.308,1.78668,1.78717,1.50,1.00
2014.12.05 13:34:26.610,1.78683,1.78723,1.30,1.00
2014.12.05 13:34:26.812,1.78683,1.78722,1.72,1.00
2014.12.05 13:34:26.863,1.78683,1.78726,2.47,1.00
2014.12.05 13:34:26.913,1.78684,1.78726,2.80,1.00
2014.12.05 13:34:27.064,1.78688,1.78731,1.50,1.00
2014.12.05 13:34:27.165,1.78689,1.78732,1.30,1.00
2014.12.05 13:34:27.517,1.78693,1.78739,1.00,1.00
2014.12.05 13:34:27.618,1.78693,1.78739,1.30,1.00
2014.12.05 13:34:27.813,1.78693,1.78736,1.00,1.00
2014.12.05 13:34:27.864,1.78685,1.78732,1.00,1.00
2014.12.05 13:34:27.965,1.78683,1.78732,1.00,1.50
2014.12.05 13:34:28.065,1.78682,1.78726,1.00,1.00
2014.12.05 13:34:28.368,1.78678,1.78722,1.30,1.50
2014.12.05 13:34:28.670,1.78688,1.78724,1.00,1.00
2014.12.05 13:34:28.721,1.78688,1.78724,1.00,1.00
2014.12.05 13:34:28.822,1.78679,1.78724,1.00,1.00
2014.12.05 13:34:28.923,1.78679,1.7873,2.25,1.00
2014.12.05 13:34:29.124,1.78679,1.78732,2.50,1.00
2014.12.05 13:34:29.225,1.78689,1.78743,1.50,1.00
2014.12.05 13:34:29.326,1.78697,1.78747,1.00,1.50
2014.12.05 13:34:29.628,1.78697,1.78742,1.00,1.00
2014.12.05 13:34:29.729,1.78697,1.78747,1.00,1.50
2014.12.05 13:34:29.779,1.78698,1.78747,1.00,1.50
2014.12.05 13:34:30.081,1.78698,1.78737,1.00,1.00
2014.12.05 13:34:30.132,1.78698,1.78742,1.00,1.00
2014.12.05 13:34:30.283,1.78698,1.78737,1.00,1.00
2014.12.05 13:34:30.786,1.78698,1.78742,2.80,1.00
2014.12.05 13:34:30.988,1.787,1.78742,1.30,1.00
2014.12.05 13:34:31.290,1.78701,1.78736,1.00,1.00
2014.12.05 13:34:31.793,1.78701,1.78741,1.00,1.00
2014.12.05 13:34:31.893,1.78707,1.78736,1.30,1.00
2014.12.05 13:34:31.994,1.78707,1.78736,1.30,1.00
2014.12.05 13:34:32.045,1.78707,1.78741,1.30,1.00
2014.12.05 13:34:32.146,1.78703,1.78742,1.30,1.00
2014.12.05 13:34:32.196,1.78703,1.78742,1.30,1.00
2014.12.05 13:34:32.498,1.78705,1.78742,1.72,1.00
2014.12.05 13:34:32.700,1.78708,1.78747,1.30,1.00
2014.12.05 13:34:32.800,1.78706,1.78741,1.00,1.00
2014.12.05 13:34:32.851,1.78703,1.78741,1.00,1.00
2014.12.05 13:34:32.901,1.78703,1.78737,1.00,1.00
2014.12.05 13:34:32.952,1.78701,1.78737,1.00,1.00
2014.12.05 13:34:33.304,1.78702,1.78737,1.30,1.00
2014.12.05 13:34:33.405,1.78702,1.78737,1.30,1.00
2014.12.05 13:34:33.506,1.78702,1.78742,1.30,1.00
2014.12.05 13:34:33.687,1.78702,1.78741,1.30,1.00
2014.12.05 13:34:33.838,1.78702,1.78741,1.30,1.00
2014.12.05 13:34:33.889,1.78702,1.78737,1.30,1.00
2014.12.05 13:34:34.291,1.78704,1.78737,1.72,1.00
2014.12.05 13:34:34.342,1.78708,1.7875,1.50,1.00
2014.12.05 13:34:34.392,1.78713,1.78757,1.00,1.00
2014.12.05 13:34:34.745,1.78718,1.78757,1.30,1.00
2014.12.05 13:34:34.896,1.7872,1.78761,1.30,1.00
2014.12.05 13:34:34.997,1.78719,1.78755,1.50,1.00
2014.12.05 13:34:35.299,1.78688,1.78701,1.00,1.00
2014.12.05 13:34:35.450,1.78676,1.78707,1.00,1.00
2014.12.05 13:34:35.601,1.78665,1.78706,1.30,1.00
2014.12.05 13:34:35.652,1.78665,1.78691,1.30,1.00
2014.12.05 13:34:35.752,1.78662,1.78692,1.30,1.00
2014.12.05 13:34:35.854,1.78662,1.78707,1.00,1.00
2014.12.05 13:34:35.955,1.78664,1.78706,1.00,1.00
2014.12.05 13:34:36.257,1.78681,1.78725,1.30,1.00
2014.12.05 13:34:36.358,1.78685,1.78727,1.50,1.00
2014.12.05 13:34:36.408,1.78688,1.78731,1.05,1.00
2014.12.05 13:34:36.459,1.78689,1.78731,1.00,1.00
2014.12.05 13:34:36.761,1.78695,1.78731,1.50,1.00
2014.12.05 13:34:37.063,1.78695,1.78722,2.50,1.00
2014.12.05 13:34:37.163,1.78694,1.78722,1.00,1.00
2014.12.05 13:34:37.214,1.78694,1.78727,1.00,1.00
2014.12.05 13:34:37.315,1.78689,1.78727,1.00,1.00
2014.12.05 13:34:37.415,1.78684,1.78712,1.00,1.00
2014.12.05 13:34:37.466,1.7868,1.78712,1.95,1.00
2014.12.05 13:34:37.567,1.78676,1.78712,1.00,1.00
2014.12.05 13:34:37.668,1.78675,1.78716,1.00,1.00
2014.12.05 13:34:37.975,1.78675,1.78717,1.00,1.00
2014.12.05 13:34:38.328,1.78676,1.78721,1.72,1.00
2014.12.05 13:34:38.428,1.78676,1.78721,1.00,1.00
2014.12.05 13:34:38.479,1.7868,1.78722,2.72,1.00
2014.12.05 13:34:38.580,1.78681,1.78721,1.72,1.00
2014.12.05 13:34:38.681,1.78682,1.78726,1.72,1.00
2014.12.05 13:34:38.832,1.78683,1.78728,1.50,1.00
2014.12.05 13:34:38.883,1.78686,1.7873,1.00,1.00
2014.12.05 13:34:38.983,1.7869,1.78735,1.00,1.00
2014.12.05 13:34:39.336,1.78699,1.78743,1.00,1.00
2014.12.05 13:34:39.854,1.78699,1.78727,1.00,1.00
2014.12.05 13:34:40.005,1.78695,1.78727,1.35,1.00
2014.12.05 13:34:40.257,1.78695,1.78731,1.72,1.00
2014.12.05 13:34:40.307,1.78695,1.78731,1.00,1.00
2014.12.05 13:34:40.509,1.78697,1.78737,1.00,1.00
2014.12.05 13:34:40.822,1.78697,1.78742,1.00,1.50
2014.12.05 13:34:41.124,1.78706,1.78742,1.00,1.00
2014.12.05 13:34:41.174,1.78706,1.78748,2.50,1.00
2014.12.05 13:34:41.225,1.78712,1.78751,1.00,1.00
2014.12.05 13:34:41.527,1.78725,1.78764,1.00,1.00
2014.12.05 13:34:42.081,1.78728,1.78767,1.00,1.00
2014.12.05 13:34:42.182,1.78728,1.7877,1.00,1.00
2014.12.05 13:34:42.237,1.78728,1.7877,1.00,1.00
2014.12.05 13:34:42.287,1.78733,1.78777,1.00,2.25
2014.12.05 13:34:42.589,1.78732,1.78769,1.00,1.00
2014.12.05 13:34:42.640,1.78723,1.78761,1.00,1.00
2014.12.05 13:34:42.691,1.78721,1.78761,1.00,1.00
2014.12.05 13:34:42.741,1.78721,1.78764,1.00,1.00
2014.12.05 13:34:42.842,1.78729,1.78773,1.00,1.00
2014.12.05 13:34:42.892,1.78729,1.78767,1.00,1.00
2014.12.05 13:34:42.943,1.78729,1.78767,1.00,1.00
2014.12.05 13:34:42.993,1.78729,1.78762,1.00,1.00
2014.12.05 13:34:43.245,1.78729,1.78772,1.00,1.00
2014.12.05 13:34:43.614,1.78738,1.78781,1.00,1.00
2014.12.05 13:34:43.714,1.78744,1.78788,1.00,1.00
2014.12.05 13:34:43.815,1.78744,1.78786,2.87,1.00
2014.12.05 13:34:44.117,1.78754,1.78791,1.42,1.00
2014.12.05 13:34:44.167,1.78759,1.78797,1.65,1.00
2014.12.05 13:34:44.268,1.7876,1.78797,1.72,1.00
2014.12.05 13:34:44.570,1.78762,1.78792,1.30,1.00
2014.12.05 13:34:44.721,1.78765,1.78802,1.00,1.00
2014.12.05 13:34:44.923,1.78765,1.78796,1.00,1.00
2014.12.05 13:34:44.973,1.78765,1.78796,1.00,1.00
2014.12.05 13:34:45.226,1.78765,1.78802,1.00,1.00
2014.12.05 13:34:45.732,1.78765,1.78797,1.00,1.00
2014.12.05 13:34:45.833,1.7876,1.78797,1.00,1.00
2014.12.05 13:34:45.934,1.7876,1.78799,1.00,1.00
2014.12.05 13:34:46.035,1.7876,1.78802,1.00,1.50
2014.12.05 13:34:46.337,1.78763,1.788,1.00,1.00
2014.12.05 13:34:46.388,1.78763,1.78797,1.00,1.00
2014.12.05 13:34:46.438,1.78763,1.78791,1.00,1.30
2014.12.05 13:34:46.489,1.78756,1.78788,1.22,1.00
2014.12.05 13:34:46.539,1.78756,1.78778,1.00,1.00
2014.12.05 13:34:46.640,1.78739,1.78762,1.00,1.00
2014.12.05 13:34:46.691,1.78739,1.78757,1.00,1.00
2014.12.05 13:34:46.741,1.78726,1.78757,1.00,1.00
2014.12.05 13:34:46.892,1.78726,1.7876,1.00,1.00
2014.12.05 13:34:46.943,1.78724,1.78756,1.00,1.00
2014.12.05 13:34:47.044,1.7872,1.78754,1.00,1.00
2014.12.05 13:34:47.245,1.78721,1.78758,1.00,1.00
2014.12.05 13:34:47.557,1.78721,1.78755,1.00,1.00
2014.12.05 13:34:48.161,1.78721,1.78758,1.00,1.00
2014.12.05 13:34:48.262,1.78725,1.78762,1.00,1.00
2014.12.05 13:34:48.363,1.78717,1.78751,2.10,1.00
2014.12.05 13:34:49.324,1.78717,1.78755,1.00,1.00
2014.12.05 13:34:50.223,1.78738,1.78767,1.00,1.00
2014.12.05 13:34:50.274,1.78742,1.78772,1.50,1.00
2014.12.05 13:34:50.324,1.78748,1.78771,1.00,1.00
2014.12.05 13:34:50.425,1.78751,1.78777,1.00,1.00
2014.12.05 13:34:50.677,1.78757,1.78776,1.00,1.00
2014.12.05 13:34:50.778,1.78757,1.78776,1.00,1.00
2014.12.05 13:34:50.829,1.78757,1.78776,1.00,1.00
2014.12.05 13:34:50.980,1.78757,1.78781,1.00,1.00
2014.12.05 13:34:51.181,1.78757,1.78776,1.00,1.00
2014.12.05 13:34:51.601,1.7876,1.78781,1.50,1.00
2014.12.05 13:34:51.853,1.7876,1.78787,2.50,1.00
2014.12.05 13:34:52.013,1.7876,1.78785,1.00,1.00
2014.12.05 13:34:52.316,1.7876,1.78781,1.00,1.00
2014.12.05 13:34:52.417,1.7876,1.78786,1.00,1.00
2014.12.05 13:34:52.769,1.7876,1.78787,1.00,1.00
2014.12.05 13:34:53.071,1.78756,1.78776,1.00,1.00
2014.12.05 13:34:53.502,1.78756,1.78772,1.00,1.00
2014.12.05 13:34:53.654,1.78745,1.78767,1.00,1.00
2014.12.05 13:34:53.956,1.78742,1.78767,1.00,1.00
2014.12.05 13:34:54.157,1.78742,1.78774,1.00,1.00
2014.12.05 13:34:54.358,1.78742,1.78767,1.00,1.00
2014.12.05 13:34:54.575,1.78742,1.78772,1.00,1.00
2014.12.05 13:34:55.598,1.78742,1.78756,1.00,1.00
2014.12.05 13:34:55.749,1.78731,1.78756,1.00,1.00
2014.12.05 13:34:55.850,1.78727,1.78757,1.00,1.00
2014.12.05 13:34:55.901,1.78727,1.78759,1.00,1.00
2014.12.05 13:34:55.951,1.78725,1.78759,1.00,2.25
2014.12.05 13:34:56.253,1.78721,1.78747,1.00,1.00
2014.12.05 13:34:56.556,1.78716,1.78732,1.00,1.00
2014.12.05 13:34:56.707,1.7871,1.78732,1.00,1.00
2014.12.05 13:34:56.908,1.7871,1.78736,1.00,1.00
2014.12.05 13:34:57.059,1.7871,1.78736,1.00,1.00
2014.12.05 13:34:57.110,1.7871,1.78742,1.00,1.00
2014.12.05 13:34:57.261,1.7871,1.78746,1.00,1.72
2014.12.05 13:34:57.362,1.7871,1.78739,1.00,1.30
2014.12.05 13:34:57.682,1.7871,1.78741,1.00,1.00
2014.12.05 13:34:57.884,1.7871,1.78726,1.00,1.00
2014.12.05 13:34:58.035,1.78702,1.78726,1.00,1.00
2014.12.05 13:34:58.136,1.78702,1.78731,1.00,1.00
2014.12.05 13:34:58.237,1.78697,1.78727,1.00,1.00
2014.12.05 13:34:58.992,1.78697,1.78731,1.00,1.50
2014.12.05 13:34:59.352,1.7869,1.78712,1.00,1.00
2014.12.05 13:34:59.453,1.78676,1.7871,1.00,1.00
2014.12.05 13:34:59.570,1.78673,1.78705,1.00,1.00
2014.12.05 13:34:59.895,1.78673,1.78712,1.00,1.00
2014.12.05 13:34:59.995,1.78678,1.78717,1.00,1.00
2014.12.05 13:35:00.297,1.78673,1.78696,1.00,1.00
2014.12.05 13:35:00.348,1.78666,1.78696,1.00,1.00
2014.12.05 13:35:00.449,1.78662,1.78691,1.00,1.00
2014.12.05 13:35:00.851,1.78662,1.78696,1.00,1.00
2014.12.05 13:35:01.002,1.78662,1.78692,1.00,1.00
2014.12.05 13:35:01.103,1.78662,1.78696,1.00,1.50
2014.12.05 13:35:01.204,1.78662,1.78692,1.00,1.00
2014.12.05 13:35:01.355,1.78659,1.78691,1.00,1.00
2014.12.05 13:35:01.578,1.7866,1.78697,1.00,1.00
2014.12.05 13:35:01.629,1.7866,1.78699,1.00,1.00
2014.12.05 13:35:01.680,1.78665,1.78702,1.00,1.00
2014.12.05 13:35:01.781,1.78665,1.78701,1.00,1.00
2014.12.05 13:35:01.882,1.78665,1.78692,1.00,1.00
2014.12.05 13:35:01.983,1.78664,1.78692,1.00,1.00
2014.12.05 13:35:02.185,1.78664,1.78686,1.00,1.00
2014.12.05 13:35:02.235,1.78659,1.78686,1.00,1.00
2014.12.05 13:35:02.336,1.78652,1.78686,1.00,1.00
2014.12.05 13:35:02.437,1.78652,1.78682,1.00,1.00
2014.12.05 13:35:02.538,1.78644,1.78677,1.00,1.00
2014.12.05 13:35:02.638,1.78644,1.78686,1.00,1.50
2014.12.05 13:35:02.970,1.78645,1.78686,1.00,1.00
2014.12.05 13:35:03.272,1.78645,1.78682,1.00,1.00
2014.12.05 13:35:03.605,1.78644,1.78667,1.00,1.00
2014.12.05 13:35:03.655,1.78644,1.78677,1.00,1.00
2014.12.05 13:35:03.756,1.78644,1.78671,1.00,1.00
2014.12.05 13:35:03.857,1.78644,1.78671,1.00,1.00
2014.12.05 13:35:03.958,1.78632,1.78671,1.00,1.00
2014.12.05 13:35:04.059,1.78632,1.78657,1.00,1.00
2014.12.05 13:35:04.109,1.78629,1.78657,1.00,1.00
2014.12.05 13:35:04.210,1.78629,1.78657,1.00,1.00
2014.12.05 13:35:04.311,1.78625,1.78657,1.00,1.00
2014.12.05 13:35:04.412,1.78621,1.78652,1.00,1.00
2014.12.05 13:35:04.513,1.78617,1.78652,1.00,1.00
2014.12.05 13:35:04.866,1.78617,1.78646,1.00,1.00
2014.12.05 13:35:05.319,1.78613,1.78646,1.00,1.00
2014.12.05 13:35:05.373,1.78613,1.78652,1.00,1.00
2014.12.05 13:35:05.549,1.78606,1.78647,1.00,1.00
2014.12.05 13:35:05.599,1.78606,1.78646,1.00,1.00
2014.12.05 13:35:05.703,1.78603,1.78642,1.50,1.00
2014.12.05 13:35:05.855,1.78603,1.78646,2.50,1.00
2014.12.05 13:35:06.157,1.78603,1.78647,2.50,1.00
2014.12.05 13:35:06.258,1.78603,1.78652,1.50,1.00
2014.12.05 13:35:06.308,1.78608,1.78652,2.47,1.00
2014.12.05 13:35:06.611,1.78606,1.78642,1.72,1.00
2014.12.05 13:35:06.934,1.78609,1.78646,1.50,1.00
2014.12.05 13:35:07.236,1.78609,1.78642,1.00,1.00
2014.12.05 13:35:07.387,1.78609,1.78652,1.00,1.00
2014.12.05 13:35:07.488,1.78609,1.78647,1.00,1.00
2014.12.05 13:35:07.609,1.78604,1.78646,1.00,1.00
2014.12.05 13:35:07.710,1.78601,1.78642,1.00,1.00
2014.12.05 13:35:07.811,1.78601,1.78647,1.00,1.00
2014.12.05 13:35:07.912,1.78601,1.78631,1.00,1.00
2014.12.05 13:35:08.063,1.78599,1.78631,1.00,1.00
2014.12.05 13:35:08.164,1.78599,1.78636,1.00,1.00
2014.12.05 13:35:08.366,1.78597,1.78622,1.00,1.00
2014.12.05 13:35:08.466,1.78593,1.78622,1.00,1.00
2014.12.05 13:35:08.567,1.78593,1.78627,1.00,1.00
2014.12.05 13:35:08.618,1.78589,1.78627,1.00,1.00
2014.12.05 13:35:08.920,1.78589,1.78632,1.00,1.00
2014.12.05 13:35:09.020,1.78589,1.7863,1.00,1.30
2014.12.05 13:35:09.324,1.78589,1.78632,1.00,1.00
2014.12.05 13:35:09.626,1.78589,1.78626,1.00,1.00
2014.12.05 13:35:09.928,1.78585,1.78619,1.00,1.00
2014.12.05 13:35:09.978,1.78585,1.78622,1.00,1.72
2014.12.05 13:35:10.029,1.78585,1.78626,1.00,1.00
2014.12.05 13:35:10.130,1.78583,1.78627,1.50,1.00
2014.12.05 13:35:10.231,1.78581,1.78618,1.00,1.30
2014.12.05 13:35:10.332,1.78572,1.78612,1.00,1.00
2014.12.05 13:35:10.433,1.7857,1.78612,1.00,1.00
2014.12.05 13:35:10.684,1.78568,1.78602,1.50,1.30
2014.12.05 13:35:10.886,1.78568,1.78611,1.00,1.00
2014.12.05 13:35:11.138,1.78564,1.78606,1.00,1.00
2014.12.05 13:35:11.188,1.78564,1.78606,1.00,1.00
2014.12.05 13:35:11.239,1.78568,1.78612,1.50,1.00
2014.12.05 13:35:11.339,1.78573,1.78617,1.00,1.00
2014.12.05 13:35:11.642,1.7858,1.78617,1.72,1.00
2014.12.05 13:35:11.692,1.78581,1.78622,1.72,1.00
2014.12.05 13:35:11.743,1.78581,1.78622,2.72,1.00
2014.12.05 13:35:11.894,1.78581,1.78626,1.00,1.00
2014.12.05 13:35:11.995,1.78581,1.78624,1.00,1.30
2014.12.05 13:35:12.096,1.78578,1.78622,1.00,1.00
2014.12.05 13:35:12.197,1.78578,1.78622,2.50,1.00
2014.12.05 13:35:12.500,1.78578,1.78617,1.00,1.00
2014.12.05 13:35:12.852,1.78579,1.78617,1.00,1.00
2014.12.05 13:35:12.903,1.78589,1.78633,1.00,1.12
2014.12.05 13:35:13.004,1.78592,1.78635,1.50,1.44
2014.12.05 13:35:13.054,1.78594,1.78635,1.00,1.44
2014.12.05 13:35:13.155,1.78598,1.78644,1.00,1.81
2014.12.05 13:35:13.205,1.78604,1.78644,1.30,1.81
2014.12.05 13:35:13.457,1.78619,1.78662,1.00,1.00
2014.12.05 13:35:13.659,1.78624,1.78665,1.00,1.44
2014.12.05 13:35:13.861,1.78624,1.78675,2.50,1.00
2014.12.05 13:35:13.961,1.78627,1.78678,2.50,1.00
2014.12.05 13:35:14.214,1.78627,1.78677,1.00,1.00
2014.12.05 13:35:14.264,1.78627,1.78664,1.50,1.30
2014.12.05 13:35:14.566,1.78594,1.78641,1.50,1.00
2014.12.05 13:35:14.617,1.78594,1.78631,1.00,1.00
2014.12.05 13:35:14.917,1.78598,1.78642,1.00,1.50
2014.12.05 13:35:14.968,1.78598,1.78637,1.00,1.00
2014.12.05 13:35:15.068,1.78598,1.78642,1.00,1.00
2014.12.05 13:35:15.169,1.78598,1.78642,1.00,1.00
2014.12.05 13:35:15.472,1.78593,1.78632,1.00,1.00
2014.12.05 13:35:15.802,1.78581,1.78617,1.00,1.00
2014.12.05 13:35:15.853,1.78581,1.78622,1.00,1.30
2014.12.05 13:35:15.953,1.78581,1.78627,1.00,1.00
2014.12.05 13:35:16.004,1.78587,1.78627,1.00,1.00
2014.12.05 13:35:16.155,1.78587,1.7864,1.00,1.30
2014.12.05 13:35:16.357,1.78592,1.78641,1.00,1.00
2014.12.05 13:35:16.710,1.78592,1.78641,1.00,1.30
2014.12.05 13:35:16.810,1.78594,1.78641,1.00,1.30
2014.12.05 13:35:16.911,1.78594,1.78642,1.00,1.00
2014.12.05 13:35:16.962,1.78594,1.78645,1.00,1.00
2014.12.05 13:35:17.113,1.78608,1.78647,1.00,1.00
2014.12.05 13:35:17.264,1.78628,1.7867,1.00,1.44
2014.12.05 13:35:17.415,1.78625,1.78657,1.00,1.00
2014.12.05 13:35:17.466,1.78621,1.78657,1.00,1.00
2014.12.05 13:35:17.617,1.78619,1.78665,1.00,1.30
2014.12.05 13:35:17.667,1.78619,1.78666,1.00,1.00
2014.12.05 13:35:18.070,1.78619,1.78661,1.00,1.00
2014.12.05 13:35:18.573,1.78619,1.78662,1.00,1.00
2014.12.05 13:35:18.825,1.78619,1.78669,1.00,1.00
2014.12.05 13:35:18.926,1.78619,1.78673,1.50,1.00
2014.12.05 13:35:19.228,1.78629,1.78682,1.00,1.00
2014.12.05 13:35:19.480,1.78629,1.78684,1.00,1.00
2014.12.05 13:35:19.733,1.78629,1.78681,1.00,1.00
2014.12.05 13:35:20.035,1.78635,1.78682,1.00,1.50
2014.12.05 13:35:20.413,1.78633,1.78672,1.00,1.00
2014.12.05 13:35:20.715,1.78633,1.78667,1.00,1.00
2014.12.05 13:35:20.968,1.7863,1.78667,1.00,1.00
2014.12.05 13:35:21.068,1.7863,1.78672,1.00,1.00
2014.12.05 13:35:21.270,1.7863,1.7867,1.00,1.00
2014.12.05 13:35:21.572,1.7863,1.78666,1.00,1.00
2014.12.05 13:35:21.625,1.7863,1.78668,1.00,1.72
2014.12.05 13:35:21.675,1.7863,1.78668,1.00,1.00
2014.12.05 13:35:21.725,1.7863,1.78671,1.00,1.00
2014.12.05 13:35:21.826,1.7863,1.78666,1.00,1.00
2014.12.05 13:35:21.877,1.78626,1.78666,1.00,1.00
2014.12.05 13:35:21.927,1.78626,1.78662,1.00,1.00
2014.12.05 13:35:21.978,1.78618,1.78662,1.50,1.00
2014.12.05 13:35:22.079,1.78618,1.78661,1.00,1.00
2014.12.05 13:35:22.381,1.78615,1.78652,1.00,1.00
2014.12.05 13:35:22.582,1.78615,1.78656,1.00,1.00
2014.12.05 13:35:22.834,1.78615,1.78652,1.00,1.00
2014.12.05 13:35:23.257,1.78615,1.78656,1.00,1.30
2014.12.05 13:35:23.408,1.78613,1.78655,1.00,1.72
2014.12.05 13:35:23.459,1.7861,1.78652,1.00,1.00
2014.12.05 13:35:23.761,1.7861,1.78646,1.00,1.00
2014.12.05 13:35:23.812,1.7861,1.78652,1.00,1.00
2014.12.05 13:35:24.567,1.7861,1.78647,1.00,1.00
2014.12.05 13:35:24.870,1.7861,1.78647,1.00,1.00
2014.12.05 13:35:25.172,1.7861,1.78647,1.00,1.87
2014.12.05 13:35:25.374,1.78607,1.78641,1.00,1.00
2014.12.05 13:35:25.699,1.78603,1.78642,1.00,1.50
2014.12.05 13:35:25.800,1.78599,1.78641,1.00,1.37
2014.12.05 13:35:26.052,1.786,1.78639,1.00,1.75
2014.12.05 13:35:26.574,1.786,1.78637,1.00,1.37
2014.12.05 13:35:26.625,1.78597,1.78637,1.00,1.37
2014.12.05 13:35:26.676,1.78596,1.78621,1.00,1.00
2014.12.05 13:35:26.782,1.78594,1.78621,1.00,1.00
2014.12.05 13:35:26.883,1.78589,1.7863,1.00,2.05
2014.12.05 13:35:27.034,1.78589,1.78632,1.00,1.37
2014.12.05 13:35:27.336,1.78589,1.78626,1.00,1.12
2014.12.05 13:35:27.588,1.78586,1.78622,1.00,1.37
2014.12.05 13:35:27.758,1.78586,1.78616,1.00,1.00
2014.12.05 13:35:27.859,1.78589,1.78627,1.00,1.00
2014.12.05 13:35:28.061,1.78592,1.78627,2.50,1.00
2014.12.05 13:35:28.312,1.78595,1.78634,1.00,1.12
2014.12.05 13:35:28.363,1.786,1.78636,1.00,1.30
2014.12.05 13:35:28.463,1.786,1.78638,1.00,1.00
2014.12.05 13:35:28.564,1.786,1.78638,1.00,1.00
2014.12.05 13:35:28.665,1.78601,1.78637,1.00,1.00
2014.12.05 13:35:28.766,1.78601,1.7864,1.00,1.37
2014.12.05 13:35:28.985,1.78601,1.78636,1.00,1.00
2014.12.05 13:35:29.187,1.78601,1.7864,1.00,1.00
2014.12.05 13:35:29.439,1.78601,1.78638,1.00,1.00
2014.12.05 13:35:29.540,1.78602,1.78638,1.00,1.37
2014.12.05 13:35:29.792,1.78595,1.78632,1.00,1.75
2014.12.05 13:35:29.843,1.78595,1.78632,1.00,2.25
2014.12.05 13:35:29.943,1.78595,1.78626,1.00,1.12
2014.12.05 13:35:30.196,1.78595,1.78628,1.00,1.37
2014.12.05 13:35:30.347,1.78594,1.78627,1.00,1.12
2014.12.05 13:35:30.448,1.78594,1.78629,1.00,1.87
2014.12.05 13:35:30.549,1.7859,1.78628,1.00,1.00
2014.12.05 13:35:30.650,1.78594,1.78628,1.00,1.00
2014.12.05 13:35:30.701,1.78594,1.78631,1.00,1.00
2014.12.05 13:35:30.751,1.78594,1.78627,1.00,1.00
2014.12.05 13:35:31.205,1.78595,1.78636,1.50,1.00
2014.12.05 13:35:31.306,1.78595,1.78632,1.00,1.00
2014.12.05 13:35:31.727,1.78595,1.78627,1.50,1.00
2014.12.05 13:35:31.879,1.78591,1.78626,1.00,1.00
2014.12.05 13:35:31.929,1.78591,1.78621,1.00,1.00
2014.12.05 13:35:32.181,1.78591,1.78631,1.00,1.00
2014.12.05 13:35:32.331,1.78594,1.78626,1.00,1.00
2014.12.05 13:35:32.382,1.78594,1.78632,1.00,1.00
2014.12.05 13:35:32.634,1.78593,1.78622,1.00,1.00
2014.12.05 13:35:32.735,1.78593,1.78625,1.00,1.00
2014.12.05 13:35:32.836,1.78587,1.78621,1.00,1.00
2014.12.05 13:35:33.088,1.78587,1.78619,1.00,1.00
2014.12.05 13:35:33.192,1.7858,1.78615,1.00,1.00
2014.12.05 13:35:33.293,1.7858,1.78612,1.00,1.00
2014.12.05 13:35:33.394,1.78574,1.78612,1.00,1.00
2014.12.05 13:35:33.495,1.78574,1.7861,1.50,1.00
2014.12.05 13:35:33.797,1.78576,1.78616,1.00,1.00
2014.12.05 13:35:34.100,1.78579,1.78616,1.00,1.00
2014.12.05 13:35:34.402,1.78583,1.78616,1.00,1.00
2014.12.05 13:35:34.503,1.78581,1.78616,1.50,1.00
2014.12.05 13:35:34.604,1.78582,1.78616,1.00,1.00
2014.12.05 13:35:35.043,1.78582,1.78612,1.00,1.00
2014.12.05 13:35:35.144,1.78582,1.78616,1.00,1.00
2014.12.05 13:35:35.464,1.78582,1.78612,1.00,1.00
2014.12.05 13:35:35.515,1.78582,1.78612,1.00,1.00
2014.12.05 13:35:35.616,1.78582,1.78606,1.00,1.00
2014.12.05 13:35:36.018,1.78582,1.78602,1.00,1.00
2014.12.05 13:35:36.170,1.78568,1.78591,1.00,1.00
2014.12.05 13:35:36.271,1.78561,1.78587,1.00,1.00
2014.12.05 13:35:36.372,1.78556,1.78597,1.00,2.47
2014.12.05 13:35:36.472,1.78556,1.78599,1.00,1.75
2014.12.05 13:35:36.674,1.78556,1.78586,1.00,1.00
2014.12.05 13:35:36.725,1.78552,1.78586,1.00,1.00
2014.12.05 13:35:36.926,1.78552,1.78591,1.00,1.37
2014.12.05 13:35:37.480,1.78552,1.78587,1.00,1.00
2014.12.05 13:35:37.681,1.78552,1.78591,1.00,1.37
2014.12.05 13:35:37.859,1.78552,1.78591,1.00,1.87
2014.12.05 13:35:38.249,1.7855,1.78587,1.00,1.12
2014.12.05 13:35:38.349,1.7855,1.78586,1.00,1.37
2014.12.05 13:35:38.652,1.7855,1.78586,1.00,1.00
2014.12.05 13:35:38.702,1.7855,1.78587,1.00,1.00
2014.12.05 13:35:39.123,1.78548,1.78587,1.00,1.00
2014.12.05 13:35:39.879,1.78548,1.78586,1.00,1.00
2014.12.05 13:35:40.181,1.78537,1.78573,1.00,1.20
2014.12.05 13:35:40.231,1.78531,1.78567,1.00,1.00
2014.12.05 13:35:40.282,1.78525,1.78567,1.00,1.00
2014.12.05 13:35:40.332,1.78521,1.78551,1.00,1.00
2014.12.05 13:35:40.534,1.78513,1.78552,1.00,1.00
2014.12.05 13:35:40.685,1.78513,1.78556,1.00,1.00
2014.12.05 13:35:40.736,1.78518,1.78556,1.00,1.00
2014.12.05 13:35:40.837,1.78518,1.78558,1.00,1.00
2014.12.05 13:35:40.938,1.78517,1.78556,1.00,1.00
2014.12.05 13:35:40.988,1.78514,1.78546,1.50,1.00
2014.12.05 13:35:41.290,1.78514,1.78542,1.00,1.00
2014.12.05 13:35:41.652,1.78514,1.78551,1.00,1.00
2014.12.05 13:35:42.432,1.78514,1.78557,1.00,1.00
2014.12.05 13:35:42.482,1.78516,1.78557,1.00,1.00
2014.12.05 13:35:42.533,1.78517,1.78561,1.00,1.00
2014.12.05 13:35:42.583,1.78519,1.78561,1.00,1.00
2014.12.05 13:35:42.785,1.78511,1.78556,1.00,1.00
2014.12.05 13:35:42.836,1.78511,1.78552,1.00,1.00
2014.12.05 13:35:43.138,1.78511,1.78551,1.00,1.00
2014.12.05 13:35:43.189,1.78511,1.78557,1.00,1.00
2014.12.05 13:35:43.390,1.78512,1.78562,1.50,1.50
2014.12.05 13:35:43.491,1.78512,1.78557,1.00,1.00
2014.12.05 13:35:43.889,1.78516,1.78552,1.72,1.00
2014.12.05 13:35:43.940,1.78516,1.78561,1.00,1.00
2014.12.05 13:35:44.092,1.78518,1.78562,1.50,1.00
2014.12.05 13:35:44.193,1.78522,1.78567,1.50,1.00
2014.12.05 13:35:44.244,1.78525,1.78567,1.72,1.00
2014.12.05 13:35:44.345,1.78525,1.78567,1.72,1.00
2014.12.05 13:35:44.396,1.78525,1.78567,1.30,1.00
2014.12.05 13:35:44.598,1.78525,1.78571,1.30,1.37
2014.12.05 13:35:44.700,1.78525,1.78572,1.30,1.00
2014.12.05 13:35:44.953,1.78525,1.78572,1.00,1.00
2014.12.05 13:35:45.205,1.78525,1.7857,1.00,1.00
2014.12.05 13:35:45.419,1.78525,1.78572,1.72,1.00
2014.12.05 13:35:46.053,1.78533,1.78571,1.35,1.00
2014.12.05 13:35:46.205,1.78538,1.78581,1.00,1.00
2014.12.05 13:35:46.356,1.78538,1.78576,1.00,1.00
2014.12.05 13:35:46.457,1.78538,1.78581,1.00,1.00
2014.12.05 13:35:46.608,1.78547,1.78584,1.00,1.00
2014.12.05 13:35:46.725,1.78547,1.78591,1.00,3.22
2014.12.05 13:35:47.141,1.78547,1.78592,1.00,1.37
2014.12.05 13:35:47.242,1.78547,1.78597,1.00,1.00
2014.12.05 13:35:47.343,1.78547,1.78597,1.00,1.37
2014.12.05 13:35:47.695,1.78548,1.78591,1.00,1.00
2014.12.05 13:35:48.006,1.78548,1.78586,1.00,1.00
2014.12.05 13:35:48.107,1.78548,1.78591,1.00,1.00
2014.12.05 13:35:48.258,1.78548,1.78586,1.00,1.00
2014.12.05 13:35:48.560,1.78545,1.7858,1.00,1.30
2014.12.05 13:35:48.711,1.78544,1.78586,1.00,1.50
2014.12.05 13:35:48.812,1.78544,1.78569,1.00,1.00
2014.12.05 13:35:49.816,1.78544,1.78569,1.00,1.00
2014.12.05 13:35:49.917,1.78544,1.78587,1.00,1.00
2014.12.05 13:35:50.018,1.78544,1.78582,1.00,1.00
2014.12.05 13:35:50.220,1.78544,1.78581,1.50,1.00
2014.12.05 13:35:50.321,1.78544,1.78586,1.00,1.50
2014.12.05 13:35:50.372,1.7854,1.78583,1.00,1.00
2014.12.05 13:35:50.472,1.78539,1.78581,1.00,1.00
2014.12.05 13:35:50.575,1.78536,1.78581,1.00,1.00
2014.12.05 13:35:50.676,1.78533,1.78577,1.00,1.00
2014.12.05 13:35:50.877,1.78533,1.7858,1.00,1.00
2014.12.05 13:35:51.079,1.78533,1.7858,1.00,1.72
2014.12.05 13:35:51.230,1.78547,1.78594,1.50,1.50
2014.12.05 13:35:51.331,1.78555,1.78597,1.00,1.00
2014.12.05 13:35:51.432,1.78555,1.78597,1.00,1.00
2014.12.05 13:35:51.533,1.78552,1.78591,1.00,1.00
2014.12.05 13:35:51.634,1.78552,1.78597,1.00,1.00
2014.12.05 13:35:51.735,1.78552,1.78591,1.00,1.00
2014.12.05 13:35:51.835,1.78552,1.78597,1.00,1.00
2014.12.05 13:35:51.886,1.78552,1.78592,1.00,1.00
2014.12.05 13:35:51.987,1.78547,1.78592,1.00,1.50
2014.12.05 13:35:52.087,1.78547,1.78572,1.00,1.00
2014.12.05 13:35:52.138,1.78539,1.78572,1.00,1.00
2014.12.05 13:35:52.188,1.78539,1.78567,1.00,1.00
2014.12.05 13:35:52.239,1.78534,1.78567,1.00,1.00
2014.12.05 13:35:52.339,1.78531,1.78567,1.00,1.00
2014.12.05 13:35:52.395,1.78531,1.78581,1.00,1.50
2014.12.05 13:35:52.546,1.78527,1.78577,1.00,1.00
2014.12.05 13:35:52.883,1.78527,1.78567,1.00,1.00
2014.12.05 13:35:53.196,1.78527,1.78561,1.00,1.00
2014.12.05 13:35:53.618,1.78527,1.78566,1.00,1.00
2014.12.05 13:35:53.956,1.78527,1.78562,1.00,1.00
2014.12.05 13:35:54.259,1.78524,1.78557,1.00,1.00
2014.12.05 13:35:54.410,1.78524,1.78561,1.00,1.00
2014.12.05 13:35:54.511,1.7852,1.78556,1.00,1.00
2014.12.05 13:35:54.612,1.7852,1.78562,1.00,1.00
2014.12.05 13:35:55.065,1.7852,1.78562,1.00,1.00
2014.12.05 13:35:55.166,1.7852,1.78569,1.00,1.00
2014.12.05 13:35:55.266,1.7852,1.78574,1.00,1.00
2014.12.05 13:35:55.367,1.7852,1.78571,1.00,1.00
2014.12.05 13:35:55.671,1.7852,1.78566,1.00,1.00
2014.12.05 13:35:55.843,1.7852,1.78572,1.00,1.50
2014.12.05 13:35:55.893,1.7852,1.7857,1.00,1.00
2014.12.05 13:35:56.104,1.7852,1.78572,1.00,1.00
2014.12.05 13:35:56.155,1.78523,1.78571,1.00,1.00
2014.12.05 13:35:56.356,1.78528,1.78577,1.00,1.00
2014.12.05 13:35:56.407,1.78533,1.78577,1.30,1.00
2014.12.05 13:35:56.709,1.78539,1.78586,1.72,1.00
2014.12.05 13:35:56.810,1.7854,1.78586,1.30,1.00
2014.12.05 13:35:57.174,1.7854,1.78587,1.72,1.00
2014.12.05 13:35:57.380,1.7854,1.78581,1.72,1.00
2014.12.05 13:35:57.965,1.78538,1.78581,1.50,1.00
2014.12.05 13:35:58.066,1.78538,1.78587,1.50,1.00
2014.12.05 13:35:58.116,1.78538,1.78588,2.12,1.35
2014.12.05 13:35:58.418,1.78541,1.78592,1.00,1.37
2014.12.05 13:35:58.620,1.78541,1.78591,1.00,1.12
2014.12.05 13:35:58.772,1.78541,1.78591,1.00,1.00
2014.12.05 13:35:58.873,1.78546,1.78597,1.00,1.00
2014.12.05 13:35:59.024,1.7855,1.78602,1.00,1.00
2014.12.05 13:35:59.276,1.7855,1.78597,1.00,1.00
2014.12.05 13:35:59.630,1.7855,1.78592,1.00,1.00
2014.12.05 13:35:59.933,1.78555,1.78596,1.00,1.00
2014.12.05 13:36:00.134,1.7856,1.78602,1.00,1.00
2014.12.05 13:36:00.335,1.78558,1.78602,1.00,1.00
2014.12.05 13:36:00.386,1.78554,1.78591,1.30,1.00
2014.12.05 13:36:00.487,1.78549,1.78592,1.00,1.00
2014.12.05 13:36:00.587,1.78549,1.78587,1.00,1.00
2014.12.05 13:36:00.889,1.78546,1.78587,1.00,1.00
2014.12.05 13:36:00.990,1.78533,1.78584,1.00,1.00
2014.12.05 13:36:01.041,1.78536,1.78584,1.00,1.00
2014.12.05 13:36:01.091,1.78534,1.78584,1.00,1.00
2014.12.05 13:36:01.142,1.78534,1.78571,1.00,1.00
2014.12.05 13:36:01.343,1.78538,1.78581,1.00,1.00
2014.12.05 13:36:01.587,1.78534,1.78582,1.00,1.00
2014.12.05 13:36:01.788,1.78534,1.78582,1.00,1.00
2014.12.05 13:36:02.040,1.78534,1.78586,1.00,1.00
2014.12.05 13:36:02.551,1.78534,1.78582,1.00,1.00
2014.12.05 13:36:03.438,1.78536,1.78576,1.72,1.00
2014.12.05 13:36:03.741,1.7854,1.78561,1.00,1.00
2014.12.05 13:36:03.791,1.78534,1.78562,1.00,1.00
2014.12.05 13:36:03.892,1.7853,1.78551,1.00,1.00
2014.12.05 13:36:04.235,1.78524,1.78552,1.50,1.00
2014.12.05 13:36:04.336,1.78522,1.78552,1.00,1.00
2014.12.05 13:36:04.655,1.78522,1.78557,1.00,1.00
2014.12.05 13:36:05.063,1.78522,1.78556,1.30,1.00
2014.12.05 13:36:05.366,1.78525,1.78562,2.72,1.00
2014.12.05 13:36:05.668,1.78533,1.78577,1.50,1.00
2014.12.05 13:36:05.970,1.78534,1.78572,1.50,1.00
2014.12.05 13:36:06.283,1.78535,1.78572,1.00,1.00
2014.12.05 13:36:06.586,1.78536,1.78567,1.50,1.00
2014.12.05 13:36:06.636,1.78536,1.78571,1.72,1.00
2014.12.05 13:36:06.838,1.78536,1.78576,1.30,1.00
2014.12.05 13:36:06.941,1.78536,1.78571,1.30,1.00
2014.12.05 13:36:07.094,1.78538,1.78579,1.00,1.50
2014.12.05 13:36:07.248,1.78541,1.78582,1.00,1.00
2014.12.05 13:36:07.653,1.78541,1.78572,1.00,1.00
2014.12.05 13:36:07.804,1.7854,1.78572,1.00,1.00
2014.12.05 13:36:07.855,1.78538,1.78572,1.00,1.00
2014.12.05 13:36:07.906,1.78535,1.78572,1.30,1.00
2014.12.05 13:36:08.007,1.78531,1.78572,1.30,1.00
2014.12.05 13:36:08.158,1.7853,1.78562,1.00,1.00
2014.12.05 13:36:08.208,1.78527,1.78562,1.00,1.00
2014.12.05 13:36:08.309,1.78526,1.78567,1.72,1.50
2014.12.05 13:36:08.611,1.78526,1.78566,1.30,1.00
2014.12.05 13:36:08.913,1.78526,1.78567,1.00,1.00
2014.12.05 13:36:09.266,1.78526,1.78562,1.00,1.00
2014.12.05 13:36:09.367,1.78526,1.78567,1.00,1.00
2014.12.05 13:36:09.471,1.78526,1.78567,1.00,1.00
2014.12.05 13:36:09.522,1.78526,1.78561,1.00,1.00
2014.12.05 13:36:09.774,1.78524,1.78561,1.00,1.00
2014.12.05 13:36:09.875,1.7852,1.78562,1.72,1.00
2014.12.05 13:36:10.026,1.7852,1.78557,1.00,1.00
2014.12.05 13:36:10.177,1.7852,1.78562,1.00,1.00
2014.12.05 13:36:10.227,1.78523,1.78562,1.72,1.00
2014.12.05 13:36:10.529,1.78527,1.78562,1.50,1.00
2014.12.05 13:36:10.983,1.78527,1.78562,1.50,1.00
2014.12.05 13:36:11.134,1.78527,1.78557,1.00,1.00
2014.12.05 13:36:11.441,1.78528,1.78562,1.00,1.00
2014.12.05 13:36:11.693,1.7852,1.78556,1.00,1.00
2014.12.05 13:36:11.894,1.78515,1.78552,1.00,1.00
2014.12.05 13:36:12.046,1.78512,1.78547,1.00,1.00
2014.12.05 13:36:12.348,1.78513,1.78551,2.72,1.00
2014.12.05 13:36:12.650,1.78516,1.78547,1.72,1.00
2014.12.05 13:36:12.901,1.78516,1.78552,2.80,1.00
2014.12.05 13:36:13.203,1.78516,1.78552,1.72,1.00
2014.12.05 13:36:13.673,1.78516,1.78552,2.80,1.00
2014.12.05 13:36:13.774,1.78516,1.78552,1.00,1.00
2014.12.05 13:36:13.986,1.78514,1.78542,1.00,1.00
2014.12.05 13:36:14.087,1.7851,1.78542,1.00,1.00
2014.12.05 13:36:14.138,1.7851,1.78547,1.12,1.00
2014.12.05 13:36:14.189,1.7851,1.78547,2.35,1.00
2014.12.05 13:36:14.239,1.78511,1.78552,1.72,1.00
2014.12.05 13:36:14.346,1.78511,1.78547,2.72,1.00
2014.12.05 13:36:14.548,1.78512,1.78552,1.12,1.00
2014.12.05 13:36:14.649,1.78512,1.78547,2.35,1.00
2014.12.05 13:36:15.002,1.78507,1.78547,1.00,1.00
2014.12.05 13:36:15.102,1.78507,1.78542,1.00,1.00
2014.12.05 13:36:15.607,1.78507,1.78541,1.30,1.00
2014.12.05 13:36:15.658,1.78507,1.7855,1.00,1.00
2014.12.05 13:36:15.860,1.78509,1.7855,1.00,1.00
2014.12.05 13:36:16.162,1.7852,1.78557,1.00,1.00
2014.12.05 13:36:16.314,1.7852,1.78559,1.30,1.00
2014.12.05 13:36:16.515,1.7852,1.78559,1.30,1.00
2014.12.05 13:36:16.666,1.7852,1.78562,1.30,1.00
2014.12.05 13:36:16.717,1.7852,1.78562,1.30,1.00
2014.12.05 13:36:16.868,1.7852,1.78557,1.30,1.00
2014.12.05 13:36:17.271,1.78524,1.78556,1.30,1.00
2014.12.05 13:36:17.422,1.78525,1.78561,1.30,1.00
2014.12.05 13:36:17.523,1.78528,1.78562,1.30,1.00
2014.12.05 13:36:17.624,1.78528,1.78562,1.00,1.00
2014.12.05 13:36:17.775,1.78528,1.78562,1.00,1.00
2014.12.05 13:36:17.876,1.78527,1.78562,1.00,1.00
2014.12.05 13:36:18.078,1.78527,1.78562,1.30,1.00
2014.12.05 13:36:18.381,1.78529,1.78562,2.80,1.00
2014.12.05 13:36:18.432,1.78531,1.78566,1.12,1.00
2014.12.05 13:36:18.653,1.78531,1.78572,2.42,1.00
2014.12.05 13:36:19.180,1.78533,1.78571,1.12,1.00
2014.12.05 13:36:19.404,1.78533,1.78577,3.55,1.00
2014.12.05 13:36:19.455,1.78533,1.78577,3.17,1.75
2014.12.05 13:36:19.505,1.78531,1.78574,1.00,1.67
2014.12.05 13:36:19.556,1.78529,1.7857,1.00,1.12
2014.12.05 13:36:19.657,1.78524,1.78562,1.72,1.00
2014.12.05 13:36:19.914,1.78516,1.78557,1.00,1.00
2014.12.05 13:36:19.965,1.78516,1.78551,1.00,1.00
2014.12.05 13:36:20.066,1.78516,1.78557,1.00,1.00
2014.12.05 13:36:20.273,1.78515,1.78552,1.12,1.00
2014.12.05 13:36:20.324,1.78512,1.78552,1.72,1.00
2014.12.05 13:36:20.383,1.78512,1.78557,2.72,1.00
2014.12.05 13:36:20.643,1.78513,1.78558,1.00,1.00
2014.12.05 13:36:20.945,1.78513,1.78552,1.00,1.00
2014.12.05 13:36:21.247,1.78513,1.78552,3.97,1.00
2014.12.05 13:36:21.298,1.78516,1.78557,1.72,1.00
2014.12.05 13:36:21.399,1.78516,1.78552,1.00,1.00
2014.12.05 13:36:21.600,1.78516,1.78556,1.00,1.50
2014.12.05 13:36:21.701,1.78515,1.78556,1.30,1.00
2014.12.05 13:36:21.751,1.78515,1.78558,1.00,1.00
2014.12.05 13:36:22.080,1.78514,1.78547,1.00,1.00
2014.12.05 13:36:22.585,1.78513,1.78552,1.00,1.00
2014.12.05 13:36:22.787,1.78514,1.78552,2.72,1.00
2014.12.05 13:36:23.290,1.78514,1.78552,1.72,1.00
2014.12.05 13:36:23.743,1.78519,1.78552,1.30,1.00
2014.12.05 13:36:24.045,1.78524,1.78552,1.50,1.00
2014.12.05 13:36:24.095,1.78524,1.78552,2.80,1.00
2014.12.05 13:36:24.297,1.78524,1.78552,2.80,1.00
2014.12.05 13:36:24.484,1.78524,1.78557,2.80,1.00
2014.12.05 13:36:24.550,1.78525,1.78557,1.30,1.00
2014.12.05 13:36:24.752,1.78525,1.78557,1.00,1.00
2014.12.05 13:36:24.803,1.78525,1.78557,1.00,1.00
2014.12.05 13:36:25.113,1.78525,1.78562,1.00,1.00
2014.12.05 13:36:25.264,1.78524,1.78557,1.00,1.00
2014.12.05 13:36:25.567,1.78518,1.78552,1.00,1.00
2014.12.05 13:36:25.618,1.78518,1.78552,1.00,1.37
2014.12.05 13:36:25.669,1.78509,1.78547,1.12,1.00
2014.12.05 13:36:25.770,1.78504,1.78547,1.00,1.12
2014.12.05 13:36:25.947,1.78504,1.78542,1.00,1.00
2014.12.05 13:36:26.251,1.78508,1.78547,3.22,1.00
2014.12.05 13:36:26.554,1.78508,1.78547,1.30,1.00
2014.12.05 13:36:26.706,1.78508,1.78547,1.30,1.00
2014.12.05 13:36:26.958,1.78508,1.7855,1.30,1.00
2014.12.05 13:36:27.059,1.78509,1.78551,1.30,1.00
2014.12.05 13:36:27.362,1.78509,1.78547,1.30,1.00
2014.12.05 13:36:27.513,1.78505,1.78544,1.00,1.00
2014.12.05 13:36:27.564,1.78503,1.78544,1.35,1.00
2014.12.05 13:36:27.615,1.78498,1.78545,2.85,1.00
2014.12.05 13:36:27.766,1.78499,1.78541,1.50,1.00
2014.12.05 13:36:28.068,1.78508,1.78542,1.30,1.00
2014.12.05 13:36:28.119,1.78508,1.78552,1.30,1.00
2014.12.05 13:36:28.220,1.78508,1.78554,2.80,1.00
2014.12.05 13:36:28.321,1.78508,1.78559,3.22,1.50
2014.12.05 13:36:28.422,1.78508,1.78553,2.72,1.00
2014.12.05 13:36:28.825,1.78508,1.78552,2.80,1.00
2014.12.05 13:36:29.028,1.78508,1.78549,1.30,1.00
2014.12.05 13:36:29.331,1.78509,1.78555,1.72,1.50
2014.12.05 13:36:29.432,1.7851,1.78551,1.30,1.00
2014.12.05 13:36:29.734,1.7851,1.78546,1.30,1.00
2014.12.05 13:36:29.885,1.78512,1.78552,1.30,1.00
2014.12.05 13:36:30.087,1.78513,1.78547,2.42,1.00
2014.12.05 13:36:30.254,1.78513,1.78552,1.30,1.00
2014.12.05 13:36:30.406,1.78512,1.78547,1.30,1.00
2014.12.05 13:36:30.910,1.7851,1.78547,1.30,1.50
2014.12.05 13:36:31.011,1.7851,1.78546,1.30,1.00
2014.12.05 13:36:31.112,1.78507,1.78547,1.30,1.50
2014.12.05 13:36:31.213,1.78508,1.78547,1.30,1.00
2014.12.05 13:36:31.544,1.7851,1.78546,1.30,1.00
2014.12.05 13:36:31.645,1.7851,1.78547,1.30,1.00
2014.12.05 13:36:31.796,1.7851,1.78546,1.30,1.00
2014.12.05 13:36:31.847,1.7851,1.78552,2.80,1.00
2014.12.05 13:36:31.998,1.78512,1.78552,1.30,1.00
2014.12.05 13:36:32.351,1.7851,1.78548,1.00,1.00
2014.12.05 13:36:32.452,1.78508,1.78549,1.72,1.00
2014.12.05 13:36:32.502,1.78508,1.78547,1.30,1.00
2014.12.05 13:36:32.804,1.78499,1.78532,1.00,1.00
2014.12.05 13:36:32.905,1.78492,1.78527,1.50,1.00
2014.12.05 13:36:33.107,1.78492,1.78526,1.30,1.00
2014.12.05 13:36:33.308,1.78491,1.78526,1.72,1.00
2014.12.05 13:36:33.414,1.78491,1.78526,1.30,1.00
2014.12.05 13:36:33.515,1.78491,1.78526,1.72,1.00
2014.12.05 13:36:33.616,1.78491,1.78532,1.72,1.50
2014.12.05 13:36:33.767,1.78491,1.78532,1.30,1.50
2014.12.05 13:36:33.868,1.78491,1.78532,1.00,1.50
2014.12.05 13:36:34.191,1.78491,1.78532,1.30,1.50
2014.12.05 13:36:34.644,1.78491,1.78532,1.30,1.50
2014.12.05 13:36:34.745,1.78491,1.78531,1.30,1.00
2014.12.05 13:36:35.198,1.78491,1.7853,1.30,1.00
2014.12.05 13:36:35.249,1.78491,1.78532,1.30,1.00
2014.12.05 13:36:35.773,1.78491,1.78532,1.30,1.00
2014.12.05 13:36:36.020,1.78491,1.78532,1.00,1.00
2014.12.05 13:36:36.177,1.78492,1.78532,1.30,1.00
2014.12.05 13:36:36.479,1.78498,1.78537,2.50,1.00
2014.12.05 13:36:36.631,1.78498,1.78537,1.50,1.00
2014.12.05 13:36:36.732,1.78501,1.78536,1.30,1.00
2014.12.05 13:36:36.883,1.78502,1.78541,1.30,1.00
2014.12.05 13:36:36.984,1.78502,1.78541,1.00,1.00
2014.12.05 13:36:37.034,1.78502,1.78537,1.00,1.00
2014.12.05 13:36:37.135,1.78502,1.78541,1.00,1.37
2014.12.05 13:36:37.186,1.78502,1.78538,1.00,1.30
2014.12.05 13:36:37.287,1.78497,1.78537,1.00,1.00
2014.12.05 13:36:37.689,1.78497,1.78532,1.00,1.00
2014.12.05 13:36:38.012,1.78499,1.78537,1.00,1.00
2014.12.05 13:36:38.264,1.78502,1.78536,1.00,1.00
2014.12.05 13:36:38.465,1.78502,1.7854,1.00,1.00
2014.12.05 13:36:38.667,1.78503,1.78542,1.00,1.00
2014.12.05 13:36:38.869,1.78503,1.78544,2.72,1.44
2014.12.05 13:36:39.324,1.78503,1.78541,2.80,1.00
2014.12.05 13:36:40.030,1.78494,1.78531,1.00,1.00
2014.12.05 13:36:40.081,1.7849,1.78531,1.72,1.00
2014.12.05 13:36:40.131,1.7849,1.78531,1.30,1.00
2014.12.05 13:36:40.433,1.7849,1.78527,1.00,1.00
2014.12.05 13:36:40.736,1.78494,1.78532,1.30,1.00
2014.12.05 13:36:40.786,1.78495,1.78537,1.30,1.00
2014.12.05 13:36:40.887,1.78495,1.7854,1.72,1.00
2014.12.05 13:36:40.938,1.78496,1.78542,1.00,1.50
2014.12.05 13:36:41.240,1.78498,1.78545,1.50,1.12
2014.12.05 13:36:41.340,1.78498,1.78542,1.00,1.00
2014.12.05 13:36:41.441,1.78498,1.78542,1.00,1.00
2014.12.05 13:36:41.643,1.78496,1.78527,1.72,1.00
2014.12.05 13:36:41.837,1.7849,1.78527,1.00,1.00
2014.12.05 13:36:41.989,1.7849,1.78532,1.00,1.00
2014.12.05 13:36:42.492,1.7849,1.78531,2.72,1.00
2014.12.05 13:36:42.895,1.7849,1.78528,1.00,1.30
2014.12.05 13:36:42.996,1.7849,1.78527,1.00,1.00
2014.12.05 13:36:43.299,1.78487,1.78527,1.00,1.00
2014.12.05 13:36:43.399,1.78487,1.78521,1.00,1.00
2014.12.05 13:36:43.651,1.78487,1.7853,1.00,1.00
2014.12.05 13:36:43.752,1.78489,1.7853,1.30,1.00
2014.12.05 13:36:43.954,1.78489,1.7853,2.80,1.00
2014.12.05 13:36:44.005,1.78489,1.7853,2.80,1.00
2014.12.05 13:36:44.055,1.7849,1.7853,1.72,1.00
2014.12.05 13:36:44.307,1.7849,1.78535,3.97,1.00
2014.12.05 13:36:44.357,1.78493,1.78535,2.72,1.00
2014.12.05 13:36:44.458,1.78493,1.78539,2.50,1.00
2014.12.05 13:36:44.861,1.78493,1.78537,1.50,1.00
2014.12.05 13:36:45.163,1.78502,1.78542,1.50,1.50
2014.12.05 13:36:45.415,1.78517,1.7856,1.50,1.00
2014.12.05 13:36:45.516,1.78522,1.78562,2.72,1.00
2014.12.05 13:36:45.818,1.78522,1.7856,1.00,1.00
2014.12.05 13:36:45.970,1.78522,1.78561,1.00,1.00
2014.12.05 13:36:46.272,1.78522,1.78552,1.00,1.72
2014.12.05 13:36:46.322,1.78519,1.78552,1.00,1.72
2014.12.05 13:36:46.424,1.78515,1.78552,1.00,2.47
2014.12.05 13:36:46.524,1.78515,1.78551,1.00,1.00
2014.12.05 13:36:46.827,1.78515,1.78556,1.00,1.50
2014.12.05 13:36:47.469,1.78517,1.78556,2.47,1.00
2014.12.05 13:36:47.520,1.7852,1.7856,1.72,1.00
2014.12.05 13:36:47.772,1.78519,1.78558,1.72,1.00
2014.12.05 13:36:47.822,1.78519,1.78556,1.00,1.00
2014.12.05 13:36:47.923,1.78519,1.78558,1.00,1.00
2014.12.05 13:36:48.125,1.78519,1.78555,1.00,1.00
2014.12.05 13:36:48.175,1.78515,1.78554,1.00,1.00
2014.12.05 13:36:48.276,1.78515,1.78554,1.00,1.00
2014.12.05 13:36:48.578,1.78513,1.78547,1.00,1.50
2014.12.05 13:36:48.881,1.78509,1.78541,1.00,1.00
2014.12.05 13:36:49.133,1.78505,1.78539,1.00,1.00
2014.12.05 13:36:49.334,1.78505,1.78537,1.00,1.00
2014.12.05 13:36:49.687,1.78505,1.78539,1.00,1.00
2014.12.05 13:36:49.838,1.78505,1.78539,1.30,1.00
2014.12.05 13:36:49.939,1.78505,1.78539,1.30,1.00
2014.12.05 13:36:50.040,1.78501,1.78535,1.00,1.00
2014.12.05 13:36:50.144,1.78503,1.78527,1.30,1.00
2014.12.05 13:36:50.246,1.78503,1.78532,1.30,1.00
2014.12.05 13:36:50.347,1.78503,1.78538,1.00,1.00
2014.12.05 13:36:50.448,1.78503,1.78536,1.00,1.00
2014.12.05 13:36:50.549,1.78503,1.78541,1.72,1.50
2014.12.05 13:36:50.700,1.78503,1.78537,1.72,1.00
2014.12.05 13:36:50.801,1.78504,1.78541,1.72,1.50
2014.12.05 13:36:50.903,1.78505,1.78541,1.30,1.50
2014.12.05 13:36:51.205,1.78505,1.78537,1.30,1.00
2014.12.05 13:36:51.508,1.78505,1.78537,1.72,1.00
2014.12.05 13:36:51.609,1.78505,1.78542,1.00,1.00
2014.12.05 13:36:51.962,1.78515,1.78542,1.30,1.00
2014.12.05 13:36:52.012,1.7852,1.78548,1.30,1.00
2014.12.05 13:36:52.075,1.7852,1.7855,1.30,1.00
2014.12.05 13:36:52.126,1.7853,1.78554,1.30,1.00
2014.12.05 13:36:52.176,1.7853,1.78561,1.30,1.00
2014.12.05 13:36:52.277,1.78531,1.78564,1.30,1.00
2014.12.05 13:36:52.328,1.78531,1.78564,1.72,1.00
2014.12.05 13:36:52.378,1.78533,1.78566,1.72,1.00
2014.12.05 13:36:52.681,1.78528,1.78562,1.00,1.00
2014.12.05 13:36:53.034,1.78528,1.78565,1.00,1.00
2014.12.05 13:36:53.336,1.78531,1.78557,1.30,1.00
2014.12.05 13:36:53.437,1.7853,1.78552,1.00,1.00
2014.12.05 13:36:53.488,1.78521,1.78552,1.72,1.00
2014.12.05 13:36:53.690,1.78519,1.78549,1.30,1.00
2014.12.05 13:36:53.992,1.78516,1.78547,1.30,1.00
2014.12.05 13:36:54.193,1.78515,1.78544,1.00,1.00
2014.12.05 13:36:54.244,1.78512,1.78544,1.00,1.50
2014.12.05 13:36:54.295,1.78512,1.7854,1.00,1.00
2014.12.05 13:36:54.546,1.78512,1.78543,1.30,1.00
2014.12.05 13:36:54.647,1.78512,1.78541,1.30,1.00
2014.12.05 13:36:54.748,1.78507,1.78539,1.30,1.00
2014.12.05 13:36:54.900,1.78507,1.78539,1.30,1.00
2014.12.05 13:36:55.202,1.78506,1.78539,1.30,1.00
2014.12.05 13:36:55.554,1.78509,1.78539,1.30,1.00
2014.12.05 13:36:55.806,1.78515,1.78546,1.30,1.00
2014.12.05 13:36:55.957,1.78525,1.78546,1.30,1.00
2014.12.05 13:36:56.008,1.78525,1.78551,1.30,1.00
2014.12.05 13:36:56.109,1.78525,1.78559,1.30,1.00
2014.12.05 13:36:56.310,1.78528,1.78557,1.30,1.00
2014.12.05 13:36:56.411,1.78525,1.78559,1.00,1.00
2014.12.05 13:36:56.461,1.78525,1.78559,1.00,1.00
2014.12.05 13:36:56.562,1.7852,1.78554,1.00,1.00
2014.12.05 13:36:56.663,1.7852,1.78552,1.30,1.00
2014.12.05 13:36:56.965,1.78527,1.78549,1.30,1.00
2014.12.05 13:36:57.116,1.78527,1.78553,1.30,1.00
2014.12.05 13:36:57.167,1.78527,1.78553,1.30,1.00
2014.12.05 13:36:57.379,1.78527,1.78548,1.30,1.00
2014.12.05 13:36:57.430,1.7852,1.78544,1.30,1.00
2014.12.05 13:36:57.531,1.78515,1.78544,1.30,1.00
2014.12.05 13:36:57.632,1.78515,1.78541,1.30,1.00
2014.12.05 13:36:57.733,1.78515,1.78541,1.30,1.00
2014.12.05 13:36:57.834,1.78515,1.78544,1.30,1.00
2014.12.05 13:36:57.885,1.78515,1.78547,1.30,1.00
2014.12.05 13:36:57.935,1.78521,1.78547,1.30,1.00
2014.12.05 13:36:58.176,1.78521,1.78548,1.30,1.00
2014.12.05 13:36:58.309,1.78512,1.78543,1.30,1.00
2014.12.05 13:36:58.924,1.78511,1.78543,1.00,1.00
2014.12.05 13:36:59.176,1.78511,1.78543,1.30,1.00
2014.12.05 13:36:59.428,1.78518,1.78551,1.30,1.00
2014.12.05 13:36:59.479,1.78518,1.78551,1.30,1.00
2014.12.05 13:36:59.632,1.78518,1.78547,1.30,1.00
2014.12.05 13:36:59.935,1.78521,1.78551,1.30,1.00
2014.12.05 13:37:00.035,1.7852,1.78551,1.30,1.00
2014.12.05 13:37:00.086,1.7852,1.78553,1.00,1.00
2014.12.05 13:37:00.137,1.78524,1.78553,1.30,1.00
2014.12.05 13:37:00.288,1.78526,1.78557,1.30,1.00
2014.12.05 13:37:00.389,1.78529,1.78557,1.30,1.00
2014.12.05 13:37:00.489,1.78531,1.7856,1.30,1.00
2014.12.05 13:37:00.590,1.78531,1.7856,1.30,1.00
2014.12.05 13:37:00.691,1.78531,1.7856,1.30,1.00
2014.12.05 13:37:00.943,1.7853,1.78564,1.00,1.00
2014.12.05 13:37:01.145,1.78527,1.78557,1.00,1.00
2014.12.05 13:37:01.246,1.78527,1.78559,1.00,1.00
2014.12.05 13:37:01.347,1.78525,1.78559,1.00,1.00
2014.12.05 13:37:01.498,1.78525,1.78561,1.00,1.50
2014.12.05 13:37:01.800,1.78539,1.78571,1.30,1.00
2014.12.05 13:37:01.851,1.7854,1.78579,1.00,1.00
2014.12.05 13:37:02.002,1.78543,1.78579,1.30,1.00
2014.12.05 13:37:02.052,1.78544,1.78582,1.00,1.00
2014.12.05 13:37:02.175,1.78547,1.78583,1.30,1.00
2014.12.05 13:37:02.327,1.78549,1.78586,1.00,1.00
2014.12.05 13:37:03.298,1.78552,1.78591,1.00,1.00
2014.12.05 13:37:04.341,1.78556,1.78586,1.30,1.00
2014.12.05 13:37:04.442,1.78556,1.78586,1.00,1.00
2014.12.05 13:37:04.645,1.78554,1.7858,1.00,1.84
2014.12.05 13:37:04.696,1.78548,1.78572,1.00,1.00
2014.12.05 13:37:04.797,1.78543,1.78572,1.00,1.00
2014.12.05 13:37:04.898,1.78537,1.78571,1.00,1.00
2014.12.05 13:37:05.099,1.78537,1.78571,1.30,1.00
2014.12.05 13:37:05.373,1.78542,1.78581,1.00,1.00
2014.12.05 13:37:05.425,1.78545,1.78581,1.30,1.00
2014.12.05 13:37:05.526,1.78545,1.78581,1.72,1.00
2014.12.05 13:37:05.577,1.78545,1.78577,1.72,1.00
2014.12.05 13:37:05.880,1.78543,1.78576,1.00,1.00
2014.12.05 13:37:05.981,1.78543,1.78572,1.00,1.00
2014.12.05 13:37:06.450,1.7854,1.78572,1.00,1.00
2014.12.05 13:37:06.652,1.7854,1.78574,1.00,1.00
2014.12.05 13:37:07.206,1.78539,1.78566,1.30,1.00
2014.12.05 13:37:07.256,1.78537,1.78566,1.00,1.00
2014.12.05 13:37:07.307,1.78532,1.78566,1.00,1.50
2014.12.05 13:37:07.810,1.78532,1.78566,1.30,1.00
2014.12.05 13:37:08.213,1.78532,1.78557,1.30,1.00
2014.12.05 13:37:08.314,1.78528,1.78561,1.00,1.00
2014.12.05 13:37:08.515,1.78524,1.78558,1.00,1.00
2014.12.05 13:37:08.767,1.78524,1.78562,1.00,1.00
2014.12.05 13:37:09.099,1.78526,1.78563,1.00,1.00
2014.12.05 13:37:09.200,1.78533,1.78572,1.00,1.50
2014.12.05 13:37:09.301,1.78542,1.78571,1.00,1.00
2014.12.05 13:37:09.402,1.78542,1.78577,1.00,1.00
2014.12.05 13:37:09.503,1.78536,1.7857,1.00,1.00
2014.12.05 13:37:09.604,1.78536,1.78567,1.00,1.50
2014.12.05 13:37:09.705,1.78528,1.78562,1.00,1.00
2014.12.05 13:37:10.057,1.78528,1.78566,1.00,1.50
2014.12.05 13:37:10.366,1.78528,1.78564,1.00,1.30
2014.12.05 13:37:10.618,1.78515,1.78549,1.00,1.00
2014.12.05 13:37:10.669,1.78515,1.78546,1.00,1.00
2014.12.05 13:37:10.820,1.78512,1.78546,1.00,1.00
2014.12.05 13:37:10.871,1.78512,1.78546,2.72,1.00
2014.12.05 13:37:10.921,1.78516,1.78555,1.00,1.00
2014.12.05 13:37:10.972,1.78516,1.78552,1.00,1.30
2014.12.05 13:37:11.023,1.78516,1.78552,1.00,1.72
2014.12.05 13:37:11.123,1.78515,1.78549,1.00,1.00
2014.12.05 13:37:11.627,1.78515,1.78547,1.00,1.00
2014.12.05 13:37:11.829,1.78511,1.78545,1.00,1.00
2014.12.05 13:37:11.930,1.78511,1.78546,1.00,1.00
2014.12.05 13:37:12.131,1.78511,1.78547,1.00,1.50
2014.12.05 13:37:12.333,1.78507,1.78541,1.00,1.00
2014.12.05 13:37:12.635,1.78512,1.78537,1.00,1.30
2014.12.05 13:37:12.685,1.78509,1.78537,1.00,1.30
2014.12.05 13:37:12.736,1.78509,1.78543,1.00,1.00
2014.12.05 13:37:12.837,1.78509,1.78539,1.00,1.00
2014.12.05 13:37:12.888,1.78501,1.78535,1.00,1.00
2014.12.05 13:37:13.039,1.78501,1.78539,1.00,1.50
2014.12.05 13:37:13.341,1.78491,1.78522,1.00,1.00
2014.12.05 13:37:13.392,1.78491,1.78525,1.00,1.00
2014.12.05 13:37:13.644,1.78491,1.78522,1.00,1.00
2014.12.05 13:37:13.745,1.78491,1.78525,1.00,1.00
2014.12.05 13:37:13.896,1.78488,1.78522,1.00,1.00
2014.12.05 13:37:14.338,1.78482,1.78514,1.00,1.00
2014.12.05 13:37:14.704,1.78482,1.78514,1.30,1.00
2014.12.05 13:37:14.755,1.78482,1.7852,1.00,1.00
2014.12.05 13:37:14.956,1.78486,1.7852,2.47,1.00
2014.12.05 13:37:15.007,1.78488,1.78526,1.50,1.00
2014.12.05 13:37:15.057,1.78495,1.78526,1.30,1.00
2014.12.05 13:37:15.108,1.78495,1.78532,2.80,1.50
2014.12.05 13:37:15.159,1.78495,1.78532,2.72,1.00
2014.12.05 13:37:15.209,1.78496,1.78535,1.00,1.00
2014.12.05 13:37:15.511,1.78497,1.78532,1.30,1.00
2014.12.05 13:37:15.663,1.78498,1.78535,1.00,1.00
2014.12.05 13:37:15.864,1.78502,1.78539,1.72,1.00
2014.12.05 13:37:15.965,1.78503,1.78542,1.00,1.50
2014.12.05 13:37:16.470,1.78503,1.78531,1.00,1.00
2014.12.05 13:37:16.520,1.78503,1.78531,1.00,1.00
2014.12.05 13:37:16.571,1.78503,1.78536,1.00,1.00
2014.12.05 13:37:16.772,1.78499,1.78533,1.00,1.00
2014.12.05 13:37:16.823,1.78499,1.78531,1.00,1.00
2014.12.05 13:37:16.974,1.78496,1.78529,1.30,1.00
2014.12.05 13:37:17.075,1.78496,1.78532,1.00,1.00
2014.12.05 13:37:17.377,1.78499,1.78532,1.00,1.00
2014.12.05 13:37:17.629,1.78501,1.78535,1.72,1.00
2014.12.05 13:37:17.680,1.78501,1.78535,2.80,1.00
2014.12.05 13:37:17.730,1.78503,1.78539,1.50,1.00
2014.12.05 13:37:17.781,1.78505,1.78539,1.72,1.00
2014.12.05 13:37:18.083,1.78509,1.78539,1.30,1.00
2014.12.05 13:37:18.307,1.78509,1.78543,2.80,1.00
2014.12.05 13:37:18.458,1.78511,1.78543,1.30,1.00
2014.12.05 13:37:18.710,1.78511,1.78543,1.30,1.00
2014.12.05 13:37:18.811,1.78513,1.78543,1.30,1.00
2014.12.05 13:37:18.862,1.78513,1.78546,1.30,1.00
2014.12.05 13:37:18.963,1.78513,1.78546,1.00,1.00
2014.12.05 13:37:19.064,1.78513,1.78551,1.00,1.00
2014.12.05 13:37:19.215,1.78525,1.78551,1.30,1.00
2014.12.05 13:37:19.265,1.78525,1.78554,1.30,1.00
2014.12.05 13:37:19.467,1.78527,1.78554,1.30,1.00
2014.12.05 13:37:19.518,1.78527,1.78557,1.30,1.50
2014.12.05 13:37:19.705,1.78527,1.78562,1.72,1.00
2014.12.05 13:37:19.806,1.78527,1.7856,1.00,1.30
2014.12.05 13:37:19.857,1.78524,1.78558,1.00,1.00
2014.12.05 13:37:19.958,1.78521,1.78554,1.30,1.00
2014.12.05 13:37:20.262,1.78523,1.7856,2.72,1.00
2014.12.05 13:37:20.513,1.78526,1.78565,1.00,1.00
2014.12.05 13:37:20.564,1.78528,1.78565,1.30,1.00
2014.12.05 13:37:20.866,1.78546,1.78572,1.00,1.00
2014.12.05 13:37:21.168,1.78553,1.78572,1.00,1.00
2014.12.05 13:37:21.471,1.78548,1.78561,1.00,1.00
2014.12.05 13:37:21.521,1.78548,1.78567,1.00,1.00
2014.12.05 13:37:21.672,1.78548,1.78578,1.00,1.00
2014.12.05 13:37:21.723,1.78549,1.78582,1.00,1.00
2014.12.05 13:37:21.975,1.78555,1.7859,3.22,1.44
2014.12.05 13:37:22.075,1.78555,1.78594,3.22,1.00
2014.12.05 13:37:22.126,1.7856,1.78595,1.00,1.44
2014.12.05 13:37:22.529,1.78563,1.78595,1.00,1.00
2014.12.05 13:37:22.579,1.78563,1.78597,1.00,1.00
2014.12.05 13:37:22.781,1.78569,1.78596,1.00,1.00
2014.12.05 13:37:22.932,1.78569,1.78596,1.00,1.00
2014.12.05 13:37:23.033,1.78563,1.78596,1.00,1.00
2014.12.05 13:37:23.084,1.78563,1.78587,1.00,1.00
2014.12.05 13:37:23.235,1.7856,1.78587,1.00,1.00
2014.12.05 13:37:23.336,1.78551,1.78583,1.00,1.00
2014.12.05 13:37:23.437,1.78553,1.78582,1.00,1.00
2014.12.05 13:37:23.639,1.78553,1.78587,1.50,1.00
2014.12.05 13:37:24.193,1.78553,1.78582,1.00,1.00
2014.12.05 13:37:24.344,1.78544,1.78578,1.00,1.00
2014.12.05 13:37:24.395,1.78544,1.78567,1.00,1.00
2014.12.05 13:37:24.596,1.78544,1.78572,1.00,1.00
2014.12.05 13:37:24.775,1.78544,1.7857,1.00,1.30
2014.12.05 13:37:24.927,1.78545,1.78579,1.00,1.30
2014.12.05 13:37:25.028,1.78545,1.78582,1.00,2.25
2014.12.05 13:37:25.229,1.78548,1.78584,1.00,1.00
2014.12.05 13:37:25.280,1.78553,1.78587,1.50,1.50
2014.12.05 13:37:25.331,1.78553,1.78587,2.72,1.00
2014.12.05 13:37:25.633,1.78555,1.78587,1.00,1.00
2014.12.05 13:37:25.784,1.78555,1.78587,1.00,1.00
2014.12.05 13:37:25.952,1.78555,1.78582,1.00,1.00
2014.12.05 13:37:26.257,1.78557,1.78587,1.00,1.00
2014.12.05 13:37:26.559,1.78561,1.78586,2.72,1.00
2014.12.05 13:37:26.912,1.78561,1.78595,1.00,1.44
2014.12.05 13:37:27.013,1.78561,1.78592,1.00,1.00
2014.12.05 13:37:27.264,1.78566,1.78601,1.00,1.00
2014.12.05 13:37:27.567,1.78566,1.78604,1.50,1.44
2014.12.05 13:37:27.667,1.78569,1.78604,1.00,1.44
2014.12.05 13:37:27.970,1.7858,1.78607,2.50,1.00
2014.12.05 13:37:28.121,1.7858,1.7861,1.00,1.00
2014.12.05 13:37:28.222,1.7858,1.78612,1.00,1.00
2014.12.05 13:37:28.323,1.78582,1.78612,1.50,1.00
2014.12.05 13:37:28.373,1.78582,1.78614,3.47,1.44
2014.12.05 13:37:28.424,1.78586,1.78617,1.00,1.00
2014.12.05 13:37:28.827,1.78586,1.78619,1.00,1.00
2014.12.05 13:37:28.928,1.78586,1.78625,1.00,1.44
2014.12.05 13:37:28.978,1.7859,1.78621,1.00,1.00
2014.12.05 13:37:29.179,1.7859,1.78632,1.30,1.00
2014.12.05 13:37:29.381,1.78594,1.78627,1.50,1.00
2014.12.05 13:37:29.683,1.78601,1.78635,2.72,1.00
2014.12.05 13:37:29.734,1.78601,1.78637,1.00,1.00
2014.12.05 13:37:29.835,1.78601,1.78632,1.00,1.00
2014.12.05 13:37:30.281,1.78607,1.78632,1.00,1.00
2014.12.05 13:37:30.331,1.78609,1.78637,1.72,1.00
2014.12.05 13:37:30.382,1.7861,1.78646,1.00,1.00
2014.12.05 13:37:30.483,1.78612,1.78652,1.00,1.00
2014.12.05 13:37:30.835,1.78612,1.78654,1.00,1.00
2014.12.05 13:37:30.886,1.78612,1.78647,1.00,1.30
2014.12.05 13:37:30.936,1.78612,1.78647,1.00,1.30
2014.12.05 13:37:31.037,1.78612,1.78652,1.72,1.00
2014.12.05 13:37:31.289,1.78612,1.78652,1.00,1.00
2014.12.05 13:37:31.390,1.78612,1.78654,1.00,1.00
2014.12.05 13:37:31.541,1.78612,1.78651,1.00,1.00
2014.12.05 13:37:31.893,1.78612,1.78648,1.00,1.00
2014.12.05 13:37:31.944,1.78611,1.78648,1.00,1.00
2014.12.05 13:37:32.045,1.78611,1.78646,1.30,1.00
2014.12.05 13:37:32.145,1.78611,1.78652,1.72,1.00
2014.12.05 13:37:32.246,1.78618,1.78652,1.30,1.00
2014.12.05 13:37:32.347,1.78618,1.78662,1.30,1.00
2014.12.05 13:37:32.448,1.78618,1.78662,1.00,1.00
2014.12.05 13:37:32.499,1.78618,1.78667,3.47,1.50
2014.12.05 13:37:32.600,1.78619,1.78667,1.50,1.50
2014.12.05 13:37:32.902,1.78619,1.78664,1.00,1.00
2014.12.05 13:37:32.953,1.78619,1.78665,1.00,1.50
2014.12.05 13:37:33.255,1.78619,1.78661,1.30,1.00
2014.12.05 13:37:33.557,1.7863,1.78668,1.00,1.00
2014.12.05 13:37:33.608,1.7863,1.78671,1.00,1.00
2014.12.05 13:37:33.658,1.7863,1.78665,1.00,1.30
2014.12.05 13:37:33.759,1.78633,1.78675,2.80,1.37
2014.12.05 13:37:33.860,1.78638,1.78676,1.30,1.00
2014.12.05 13:37:33.961,1.78638,1.78677,1.72,1.00
2014.12.05 13:37:34.012,1.78639,1.78681,1.50,1.00
2014.12.05 13:37:34.113,1.78639,1.78677,1.30,1.00
2014.12.05 13:37:34.567,1.78639,1.78672,1.00,1.00
2014.12.05 13:37:34.768,1.78639,1.78677,1.00,1.00
2014.12.05 13:37:35.272,1.78639,1.78676,1.00,1.00
2014.12.05 13:37:35.658,1.78644,1.78682,1.50,1.00
2014.12.05 13:37:35.911,1.78644,1.78687,1.30,1.00
2014.12.05 13:37:36.012,1.78645,1.78682,1.30,1.00
2014.12.05 13:37:36.114,1.78645,1.78682,1.30,1.00
2014.12.05 13:37:36.215,1.78653,1.78687,1.30,1.00
2014.12.05 13:37:36.317,1.78653,1.78696,1.30,1.00
2014.12.05 13:37:36.418,1.78653,1.78691,1.30,1.00
2014.12.05 13:37:36.519,1.78653,1.78691,1.00,1.00
2014.12.05 13:37:36.670,1.78653,1.78693,1.72,1.30
2014.12.05 13:37:36.771,1.78653,1.78692,1.30,1.00
2014.12.05 13:37:36.872,1.78653,1.78692,1.00,1.00
2014.12.05 13:37:36.973,1.78653,1.78697,1.00,1.50
2014.12.05 13:37:37.124,1.78653,1.78695,1.30,1.00
2014.12.05 13:37:37.225,1.78644,1.78691,1.00,1.00
2014.12.05 13:37:37.276,1.78644,1.78691,1.00,1.37
2014.12.05 13:37:37.326,1.78641,1.78691,1.00,1.37
2014.12.05 13:37:37.427,1.78641,1.78687,1.00,1.00
2014.12.05 13:37:37.881,1.78641,1.78691,1.72,1.12
2014.12.05 13:37:38.082,1.78645,1.78692,1.00,1.37
2014.12.05 13:37:38.183,1.78645,1.78699,1.00,1.50
2014.12.05 13:37:38.234,1.78645,1.78695,1.00,1.00
2014.12.05 13:37:38.334,1.78649,1.78705,1.00,1.37
2014.12.05 13:37:38.435,1.78656,1.78706,1.00,1.37
2014.12.05 13:37:38.642,1.78652,1.78697,1.00,1.00
2014.12.05 13:37:38.743,1.78654,1.78697,1.00,1.00
2014.12.05 13:37:39.045,1.78654,1.78681,1.00,1.00
2014.12.05 13:37:39.095,1.78656,1.78691,1.00,1.00
2014.12.05 13:37:39.398,1.78656,1.78705,1.00,1.00
2014.12.05 13:37:39.498,1.7866,1.78704,2.72,1.00
2014.12.05 13:37:39.800,1.78673,1.78709,1.00,1.44
2014.12.05 13:37:39.851,1.78673,1.78712,1.30,1.00
2014.12.05 13:37:39.952,1.78672,1.78701,1.00,1.00
2014.12.05 13:37:40.153,1.78672,1.78707,1.00,1.00
2014.12.05 13:37:40.254,1.78672,1.78707,1.00,1.00
2014.12.05 13:37:40.382,1.78672,1.78707,1.00,1.00
2014.12.05 13:37:40.483,1.78672,1.78717,1.00,1.00
2014.12.05 13:37:40.534,1.78672,1.78717,1.00,1.00
2014.12.05 13:37:40.635,1.78672,1.78716,1.00,1.00
2014.12.05 13:37:40.784,1.78664,1.78712,1.00,1.50
2014.12.05 13:37:40.835,1.78663,1.78701,1.00,1.00
2014.12.05 13:37:41.139,1.78663,1.78697,1.00,1.00
2014.12.05 13:37:41.190,1.78656,1.78702,1.00,1.00
2014.12.05 13:37:41.240,1.78656,1.78702,1.00,1.65
2014.12.05 13:37:41.391,1.78656,1.78701,1.00,1.00
2014.12.05 13:37:41.492,1.78653,1.78701,1.00,1.00
2014.12.05 13:37:41.593,1.78655,1.78701,1.00,1.00
2014.12.05 13:37:42.097,1.78655,1.78702,1.00,1.00
2014.12.05 13:37:42.254,1.78655,1.78701,1.00,1.00
2014.12.05 13:37:42.355,1.78656,1.78701,1.72,1.00
2014.12.05 13:37:42.506,1.78656,1.78702,1.72,1.00
2014.12.05 13:37:42.607,1.78656,1.78692,1.00,1.00
2014.12.05 13:37:43.060,1.78656,1.78692,1.00,1.00
2014.12.05 13:37:43.262,1.7865,1.78686,1.00,1.00
2014.12.05 13:37:43.464,1.78639,1.78686,1.50,1.30
2014.12.05 13:37:43.615,1.78639,1.78687,1.00,1.00
2014.12.05 13:37:44.018,1.78645,1.78687,1.00,1.00
2014.12.05 13:37:44.119,1.78645,1.78692,1.00,1.00
2014.12.05 13:37:44.421,1.78645,1.7869,1.50,1.00
2014.12.05 13:37:44.925,1.78645,1.78687,1.50,1.00
2014.12.05 13:37:45.227,1.78646,1.78681,1.72,1.00
2014.12.05 13:37:45.328,1.78646,1.78687,2.72,1.00
2014.12.05 13:37:45.379,1.78646,1.78684,1.00,1.00
2014.12.05 13:37:45.480,1.78646,1.78691,2.72,1.00
2014.12.05 13:37:45.883,1.78665,1.78697,1.00,1.00
2014.12.05 13:37:45.933,1.78665,1.78701,1.00,1.00
2014.12.05 13:37:46.034,1.78666,1.78707,1.72,1.00
2014.12.05 13:37:46.266,1.78666,1.78702,1.00,1.00
2014.12.05 13:37:46.316,1.78661,1.78702,1.72,1.00
2014.12.05 13:37:46.367,1.78661,1.787,1.30,1.00
2014.12.05 13:37:46.569,1.78657,1.78697,1.72,1.00
2014.12.05 13:37:46.821,1.78657,1.78697,1.30,1.00
2014.12.05 13:37:47.123,1.78663,1.78697,1.00,1.00
2014.12.05 13:37:47.375,1.78663,1.78702,2.72,1.00
2014.12.05 13:37:47.809,1.78659,1.78696,1.00,1.00
2014.12.05 13:37:47.910,1.78659,1.78696,1.00,1.00
2014.12.05 13:37:48.011,1.78659,1.78702,1.00,1.00
2014.12.05 13:37:48.112,1.78659,1.78701,1.00,1.00
2014.12.05 13:37:48.666,1.78659,1.78702,1.00,1.00
2014.12.05 13:37:48.918,1.78664,1.78701,1.00,1.00
2014.12.05 13:37:48.968,1.78664,1.78705,1.00,1.00
2014.12.05 13:37:49.120,1.78665,1.7871,1.72,1.00
2014.12.05 13:37:49.170,1.78667,1.78711,1.72,1.30
2014.12.05 13:37:49.473,1.78664,1.78702,1.00,1.00
2014.12.05 13:37:49.574,1.78664,1.7871,1.00,1.00
2014.12.05 13:37:49.682,1.78664,1.78706,2.50,1.00
2014.12.05 13:37:49.904,1.78669,1.78712,1.00,1.50
2014.12.05 13:37:50.106,1.78669,1.78715,1.00,1.00
2014.12.05 13:37:50.157,1.78671,1.78715,1.00,1.00
2014.12.05 13:37:50.632,1.78671,1.78702,1.00,1.00
2014.12.05 13:37:50.683,1.78671,1.78702,1.00,1.00
2014.12.05 13:37:50.784,1.78668,1.78701,1.00,1.00
2014.12.05 13:37:50.885,1.78668,1.78711,1.00,1.50
2014.12.05 13:37:51.036,1.78668,1.78712,1.00,1.00
2014.12.05 13:37:51.339,1.78668,1.78706,1.00,1.00
2014.12.05 13:37:51.439,1.78667,1.78706,1.00,1.00
2014.12.05 13:37:51.541,1.78664,1.78705,1.00,1.00
2014.12.05 13:37:51.642,1.78664,1.78705,1.30,1.00
2014.12.05 13:37:51.932,1.78663,1.78705,1.72,1.00
2014.12.05 13:37:52.235,1.78663,1.78705,1.30,1.00
2014.12.05 13:37:52.541,1.78664,1.78705,1.72,1.50
2014.12.05 13:37:52.743,1.78664,1.78704,1.30,1.00
2014.12.05 13:37:52.844,1.78664,1.78702,1.30,1.00
2014.12.05 13:37:53.096,1.78664,1.78704,1.30,1.00
2014.12.05 13:37:53.197,1.78664,1.78704,1.30,1.50
2014.12.05 13:37:53.298,1.78672,1.78702,1.30,1.00
2014.12.05 13:37:53.500,1.78672,1.78707,2.80,1.00
2014.12.05 13:37:53.550,1.78673,1.78707,1.30,1.00
2014.12.05 13:37:53.601,1.78673,1.78714,1.30,1.00
2014.12.05 13:37:53.652,1.78675,1.78714,1.30,1.00
2014.12.05 13:37:53.753,1.78673,1.78712,1.30,1.00
2014.12.05 13:37:53.855,1.78673,1.78712,1.30,1.00
2014.12.05 13:37:54.107,1.78673,1.78711,1.00,1.00
2014.12.05 13:37:54.157,1.78672,1.78706,1.00,1.00
2014.12.05 13:37:54.460,1.78672,1.78707,1.30,1.00
2014.12.05 13:37:54.762,1.78672,1.78707,1.30,1.00
2014.12.05 13:37:55.065,1.78672,1.78702,1.30,1.00
2014.12.05 13:37:55.166,1.78672,1.78707,1.30,1.00
2014.12.05 13:37:55.519,1.78672,1.78706,1.30,1.00
2014.12.05 13:37:55.620,1.78672,1.78706,1.30,1.00
2014.12.05 13:37:55.973,1.78671,1.78707,1.00,1.72
2014.12.05 13:37:56.023,1.78669,1.78702,1.30,1.00
2014.12.05 13:37:56.275,1.78667,1.78702,1.30,1.00
2014.12.05 13:37:56.405,1.78667,1.78707,1.30,1.72
2014.12.05 13:37:56.840,1.78667,1.78707,1.30,1.37
2014.12.05 13:37:57.042,1.78663,1.78701,1.00,1.72
2014.12.05 13:37:57.143,1.78659,1.78701,1.72,2.47
2014.12.05 13:37:57.193,1.78659,1.78701,2.72,1.00
2014.12.05 13:37:57.244,1.78661,1.78704,1.72,1.00
2014.12.05 13:37:57.345,1.78662,1.78702,1.50,1.00
2014.12.05 13:37:57.496,1.78662,1.78701,1.00,1.00
2014.12.05 13:37:57.547,1.78658,1.78701,1.00,1.37
2014.12.05 13:37:57.899,1.78658,1.78701,1.00,1.00
2014.12.05 13:37:58.029,1.78658,1.78697,1.00,1.00
2014.12.05 13:37:58.130,1.78658,1.78701,1.00,1.50
2014.12.05 13:37:58.427,1.78658,1.787,1.00,1.00
2014.12.05 13:37:58.762,1.78661,1.787,1.00,1.00
2014.12.05 13:37:59.015,1.78661,1.78707,2.72,1.00
2014.12.05 13:37:59.116,1.78663,1.78709,1.50,1.00
2014.12.05 13:37:59.216,1.78663,1.78705,1.00,1.00
2014.12.05 13:37:59.317,1.78661,1.78704,1.50,1.00
2014.12.05 13:37:59.368,1.78661,1.78701,1.50,1.00
2014.12.05 13:37:59.670,1.78663,1.78705,1.00,1.00
2014.12.05 13:37:59.721,1.78667,1.78709,1.72,1.00
2014.12.05 13:37:59.772,1.78667,1.78714,2.94,1.00
2014.12.05 13:37:59.873,1.78667,1.78712,3.02,1.00
2014.12.05 13:37:59.923,1.78667,1.78712,1.00,1.00
2014.12.05 13:38:00.175,1.78667,1.78712,1.00,1.00
2014.12.05 13:38:00.479,1.78675,1.78718,1.30,1.00
2014.12.05 13:38:00.530,1.78675,1.78722,1.30,1.00
2014.12.05 13:38:00.581,1.78679,1.78717,1.30,1.00
2014.12.05 13:38:00.683,1.7868,1.78726,1.50,1.00
2014.12.05 13:38:00.734,1.78685,1.78727,1.00,1.00
2014.12.05 13:38:00.885,1.78685,1.7873,1.00,1.00
2014.12.05 13:38:01.037,1.78683,1.78729,1.72,1.00
2014.12.05 13:38:01.138,1.78683,1.78731,1.00,1.00
2014.12.05 13:38:01.441,1.78684,1.78727,1.00,1.00
2014.12.05 13:38:01.593,1.78688,1.78735,1.72,1.00
2014.12.05 13:38:01.694,1.78697,1.78735,1.30,1.00
2014.12.05 13:38:01.745,1.78697,1.78737,1.30,1.00
2014.12.05 13:38:01.997,1.78697,1.78731,1.00,1.00
2014.12.05 13:38:02.048,1.78695,1.78731,1.00,1.00
2014.12.05 13:38:02.149,1.78692,1.78731,1.00,1.00
2014.12.05 13:38:02.199,1.78692,1.78727,1.00,1.00
2014.12.05 13:38:02.300,1.78692,1.78731,1.00,1.00
2014.12.05 13:38:02.351,1.78692,1.78731,1.30,1.00
2014.12.05 13:38:02.757,1.78692,1.78727,1.30,1.00
2014.12.05 13:38:02.858,1.78694,1.78736,1.72,1.00
2014.12.05 13:38:03.110,1.78695,1.78732,1.30,1.00
2014.12.05 13:38:03.361,1.78695,1.78732,1.50,1.00
2014.12.05 13:38:03.412,1.78695,1.78727,1.50,1.00
2014.12.05 13:38:03.679,1.7869,1.78727,1.30,1.00
2014.12.05 13:38:03.730,1.7869,1.78726,1.00,1.00
2014.12.05 13:38:03.831,1.78684,1.78724,1.00,1.30
2014.12.05 13:38:03.881,1.78688,1.78729,1.00,1.67
2014.12.05 13:38:04.033,1.78692,1.78732,1.50,1.00
2014.12.05 13:38:04.134,1.78692,1.78732,1.30,1.00
2014.12.05 13:38:04.184,1.78684,1.78722,1.30,1.30
2014.12.05 13:38:04.447,1.78679,1.7872,1.50,1.30
2014.12.05 13:38:04.548,1.78679,1.78722,1.30,1.00
2014.12.05 13:38:04.861,1.78684,1.78727,1.72,1.30
2014.12.05 13:38:05.075,1.78685,1.78729,1.50,1.72
2014.12.05 13:38:05.284,1.78689,1.78731,1.50,1.72
2014.12.05 13:38:05.637,1.78689,1.78728,2.47,1.30
2014.12.05 13:38:05.939,1.78686,1.78723,1.00,1.30
2014.12.05 13:38:06.242,1.78684,1.78724,1.00,1.37
2014.12.05 13:38:06.393,1.78679,1.78724,1.00,1.37
2014.12.05 13:38:06.934,1.78679,1.78721,1.00,1.00
2014.12.05 13:38:07.088,1.78679,1.78724,1.00,1.37
2014.12.05 13:38:07.189,1.78679,1.78721,1.00,1.00
2014.12.05 13:38:07.341,1.78674,1.78717,1.00,1.35
2014.12.05 13:38:07.442,1.78674,1.78716,1.00,1.00
2014.12.05 13:38:07.744,1.78674,1.78711,1.00,1.30
2014.12.05 13:38:07.845,1.78674,1.78711,1.00,1.30
2014.12.05 13:38:07.896,1.78674,1.78717,1.30,1.00
2014.12.05 13:38:07.997,1.78676,1.78721,1.72,1.00
2014.12.05 13:38:08.047,1.78688,1.78725,1.00,1.00
2014.12.05 13:38:08.350,1.78703,1.78737,1.30,1.00
2014.12.05 13:38:08.400,1.78703,1.7874,1.30,1.44
2014.12.05 13:38:08.467,1.78703,1.7874,1.00,1.44
2014.12.05 13:38:08.618,1.78702,1.78736,1.00,1.00
2014.12.05 13:38:08.669,1.78694,1.78736,1.00,1.00
2014.12.05 13:38:08.720,1.7869,1.78731,1.00,1.00
2014.12.05 13:38:09.022,1.78694,1.78736,1.72,1.30
2014.12.05 13:38:09.123,1.78694,1.78733,1.30,1.30
2014.12.05 13:38:09.223,1.78691,1.78736,1.00,1.30
2014.12.05 13:38:09.324,1.78691,1.78737,1.00,1.00
2014.12.05 13:38:09.841,1.78692,1.78736,1.72,1.00
2014.12.05 13:38:09.942,1.78697,1.78742,1.72,1.00
2014.12.05 13:38:09.992,1.78697,1.78743,1.00,1.72
2014.12.05 13:38:10.295,1.78701,1.78737,1.00,1.00
2014.12.05 13:38:10.446,1.787,1.78737,1.50,1.00
2014.12.05 13:38:10.648,1.787,1.78722,1.00,1.30
2014.12.05 13:38:10.749,1.78698,1.78722,1.00,1.30
2014.12.05 13:38:10.800,1.78695,1.78722,1.00,1.30
2014.12.05 13:38:10.901,1.78693,1.78731,1.00,1.00
2014.12.05 13:38:11.268,1.78693,1.78728,1.00,1.30
2014.12.05 13:38:11.626,1.78693,1.78731,1.30,1.72
2014.12.05 13:38:11.929,1.78693,1.78737,1.30,1.00
2014.12.05 13:38:12.180,1.78693,1.78736,1.00,1.00
2014.12.05 13:38:12.231,1.78693,1.78733,1.30,1.00
2014.12.05 13:38:12.281,1.78691,1.78733,1.30,1.00
2014.12.05 13:38:12.382,1.78689,1.78732,1.30,1.00
2014.12.05 13:38:12.483,1.78689,1.78732,1.00,1.00
2014.12.05 13:38:12.786,1.78695,1.7873,1.30,1.00
2014.12.05 13:38:12.836,1.78693,1.78729,1.72,1.30
2014.12.05 13:38:13.139,1.78693,1.78731,1.30,1.30
2014.12.05 13:38:13.290,1.78693,1.78734,1.30,1.30
2014.12.05 13:38:13.391,1.78696,1.78738,1.30,2.10
2014.12.05 13:38:13.492,1.78696,1.78732,1.00,1.30
2014.12.05 13:38:13.694,1.78696,1.78735,1.00,1.30
2014.12.05 13:38:13.795,1.78698,1.78735,1.00,1.30
2014.12.05 13:38:13.896,1.78698,1.78735,1.00,1.30
2014.12.05 13:38:14.047,1.78698,1.78731,1.00,1.30
2014.12.05 13:38:14.097,1.78696,1.78731,1.30,1.30
2014.12.05 13:38:14.249,1.78696,1.7873,1.30,1.00
2014.12.05 13:38:14.450,1.78702,1.78745,1.30,1.44
2014.12.05 13:38:14.551,1.78702,1.78742,1.30,1.00
2014.12.05 13:38:14.602,1.78699,1.78737,1.30,1.30
2014.12.05 13:38:14.803,1.78699,1.78742,1.30,2.47
2014.12.05 13:38:15.106,1.78699,1.78739,2.72,1.30
2014.12.05 13:38:15.549,1.78699,1.78737,1.30,1.00
2014.12.05 13:38:15.600,1.78699,1.78737,1.72,1.00
2014.12.05 13:38:15.701,1.78699,1.78733,1.00,1.30
2014.12.05 13:38:15.802,1.78699,1.78735,1.30,1.30
2014.12.05 13:38:16.306,1.78698,1.78735,1.00,1.30
2014.12.05 13:38:16.558,1.78698,1.78733,1.00,1.30
2014.12.05 13:38:16.861,1.78698,1.78736,1.00,1.72
2014.12.05 13:38:16.962,1.78698,1.78738,1.00,1.00
2014.12.05 13:38:17.013,1.78699,1.7874,1.30,1.00
2014.12.05 13:38:17.215,1.787,1.78743,1.30,1.00
2014.12.05 13:38:17.316,1.78702,1.78742,1.30,1.00
2014.12.05 13:38:17.467,1.78702,1.78746,1.30,1.50
2014.12.05 13:38:17.668,1.787,1.78744,1.00,1.00
2014.12.05 13:38:17.820,1.78698,1.7874,1.00,1.00
2014.12.05 13:38:17.870,1.78696,1.7874,1.30,1.00
2014.12.05 13:38:17.971,1.78696,1.78736,1.30,1.00
2014.12.05 13:38:18.022,1.78694,1.78736,1.50,1.00
2014.12.05 13:38:18.173,1.78694,1.78738,1.50,1.30
2014.12.05 13:38:18.274,1.78694,1.78738,2.50,1.30
2014.12.05 13:38:18.569,1.78694,1.7874,3.47,1.00
2014.12.05 13:38:18.670,1.78694,1.78735,1.50,1.00
2014.12.05 13:38:18.771,1.78691,1.78735,1.00,1.72
2014.12.05 13:38:18.872,1.78691,1.78731,1.00,1.30
2014.12.05 13:38:18.922,1.78688,1.7873,1.00,1.00
2014.12.05 13:38:19.174,1.78688,1.7873,1.00,1.00
2014.12.05 13:38:19.275,1.78688,1.78728,1.72,1.30
2014.12.05 13:38:19.325,1.78689,1.78729,2.80,1.72
2014.12.05 13:38:19.426,1.78692,1.78736,1.72,1.00
2014.12.05 13:38:19.527,1.78698,1.78736,1.30,1.00
2014.12.05 13:38:19.628,1.78698,1.78736,1.00,1.00
2014.12.05 13:38:20.103,1.78695,1.78736,1.30,1.00
2014.12.05 13:38:20.204,1.78693,1.78736,1.50,1.00
2014.12.05 13:38:20.663,1.78693,1.78738,2.72,1.30
2014.12.05 13:38:20.965,1.78696,1.78736,1.30,1.00
2014.12.05 13:38:21.167,1.78703,1.78743,1.50,1.30
2014.12.05 13:38:21.268,1.78705,1.78743,1.00,1.30
2014.12.05 13:38:21.419,1.78706,1.7875,1.72,1.81
2014.12.05 13:38:21.520,1.78706,1.78727,2.50,1.30
2014.12.05 13:38:21.721,1.78696,1.78716,1.00,1.00
2014.12.05 13:38:21.772,1.78684,1.78716,1.00,1.00
2014.12.05 13:38:21.873,1.78683,1.78718,1.00,1.00
2014.12.05 13:38:21.974,1.78679,1.78718,1.00,1.72
2014.12.05 13:38:22.477,1.78678,1.78718,1.00,1.00
2014.12.05 13:38:22.535,1.78675,1.78718,1.00,1.00
2014.12.05 13:38:22.636,1.78675,1.78718,1.00,1.00
2014.12.05 13:38:23.150,1.78675,1.78718,1.00,1.00
2014.12.05 13:38:23.261,1.78675,1.78717,1.30,1.00
2014.12.05 13:38:23.412,1.78678,1.78717,1.00,1.00
2014.12.05 13:38:23.513,1.78679,1.7872,2.80,1.00
2014.12.05 13:38:23.564,1.78679,1.78722,2.80,1.00
2014.12.05 13:38:23.614,1.78683,1.78722,1.00,1.00
2014.12.05 13:38:24.068,1.78683,1.78721,1.30,1.00
2014.12.05 13:38:24.118,1.78683,1.78713,1.30,1.00
2014.12.05 13:38:24.421,1.78673,1.78707,1.00,1.00
2014.12.05 13:38:24.471,1.78671,1.78704,1.30,1.00
2014.12.05 13:38:24.547,1.78668,1.78704,1.72,1.00
2014.12.05 13:38:24.649,1.78658,1.78704,2.40,1.00
2014.12.05 13:38:24.750,1.78658,1.78691,1.52,1.00
2014.12.05 13:38:25.053,1.78669,1.78704,1.00,1.00
2014.12.05 13:38:25.153,1.78669,1.78704,1.30,1.00
2014.12.05 13:38:25.204,1.78663,1.78704,1.00,1.00
2014.12.05 13:38:25.305,1.78663,1.787,1.00,1.00
2014.12.05 13:38:25.608,1.78674,1.78696,1.00,1.00
2014.12.05 13:38:25.709,1.78674,1.78698,1.00,1.00
2014.12.05 13:38:25.760,1.78674,1.78704,1.00,1.00
2014.12.05 13:38:25.860,1.78668,1.78703,1.00,1.30
2014.12.05 13:38:25.961,1.78678,1.78709,1.00,1.00
2014.12.05 13:38:26.062,1.78678,1.78711,1.00,1.00
2014.12.05 13:38:26.163,1.78678,1.78712,1.00,1.00
2014.12.05 13:38:26.415,1.78678,1.78707,1.00,1.00
2014.12.05 13:38:26.647,1.78668,1.78706,1.00,1.00
2014.12.05 13:38:26.697,1.78667,1.78702,1.30,1.00
2014.12.05 13:38:26.748,1.78658,1.78697,1.72,1.00
2014.12.05 13:38:26.849,1.7866,1.78697,1.30,1.00
2014.12.05 13:38:26.950,1.7866,1.78699,1.00,1.00
2014.12.05 13:38:27.051,1.7866,1.78699,1.30,1.00
2014.12.05 13:38:27.152,1.7866,1.78701,1.30,1.00
2014.12.05 13:38:27.303,1.78662,1.78702,1.30,1.00
2014.12.05 13:38:27.403,1.78662,1.78702,1.72,1.00
2014.12.05 13:38:27.605,1.7866,1.78702,1.30,1.50
2014.12.05 13:38:27.960,1.7866,1.78702,1.30,1.00
2014.12.05 13:38:28.011,1.78664,1.78704,1.72,1.00
2014.12.05 13:38:28.062,1.78664,1.7871,2.80,1.50
2014.12.05 13:38:28.162,1.78664,1.78701,1.00,1.00
2014.12.05 13:38:28.213,1.78663,1.78701,1.00,1.00
2014.12.05 13:38:28.364,1.78661,1.78704,1.00,1.00
2014.12.05 13:38:28.566,1.78661,1.78701,1.00,1.00
2014.12.05 13:38:28.880,1.78661,1.78704,1.30,1.37
2014.12.05 13:38:28.930,1.7866,1.78699,1.00,1.30
2014.12.05 13:38:29.082,1.78656,1.78695,1.30,1.00
2014.12.05 13:38:29.133,1.78653,1.78695,1.00,1.00
2014.12.05 13:38:29.183,1.78653,1.78687,1.00,1.00
2014.12.05 13:38:29.334,1.78648,1.78687,1.00,1.00
2014.12.05 13:38:29.485,1.78645,1.78688,1.00,1.00
2014.12.05 13:38:29.586,1.78645,1.78688,1.00,1.00
2014.12.05 13:38:29.939,1.78646,1.7869,1.50,1.00
2014.12.05 13:38:30.141,1.78646,1.7869,1.72,1.00
2014.12.05 13:38:30.342,1.78646,1.78691,1.00,1.00
2014.12.05 13:38:30.645,1.7865,1.7869,1.30,1.30
2014.12.05 13:38:30.796,1.7865,1.78691,1.30,1.72
2014.12.05 13:38:30.897,1.7865,1.78691,1.30,1.00
2014.12.05 13:38:30.998,1.7865,1.78693,1.72,1.00
2014.12.05 13:38:31.098,1.78653,1.787,1.72,1.00
2014.12.05 13:38:31.149,1.78655,1.78702,1.50,1.00
2014.12.05 13:38:31.451,1.78654,1.78697,1.00,1.00
2014.12.05 13:38:31.703,1.78654,1.78701,1.50,1.30
2014.12.05 13:38:31.754,1.78654,1.78698,1.00,1.00
2014.12.05 13:38:31.804,1.78653,1.78698,1.72,1.00
2014.12.05 13:38:32.006,1.78653,1.78692,1.00,1.30
2014.12.05 13:38:32.258,1.78653,1.78696,1.30,1.50
2014.12.05 13:38:32.308,1.78653,1.78696,1.00,1.00
2014.12.05 13:38:32.634,1.78653,1.78685,1.00,1.30
2014.12.05 13:38:32.936,1.78654,1.78685,1.00,1.30
2014.12.05 13:38:33.099,1.78659,1.78693,1.00,1.50
2014.12.05 13:38:33.200,1.78659,1.78693,1.72,1.00
2014.12.05 13:38:33.251,1.78659,1.78698,1.72,1.00
2014.12.05 13:38:33.352,1.78659,1.78702,1.30,1.00
2014.12.05 13:38:33.452,1.78658,1.78693,1.00,1.00
2014.12.05 13:38:33.704,1.78658,1.78695,1.00,1.00
2014.12.05 13:38:33.805,1.78658,1.78699,1.00,1.30
2014.12.05 13:38:33.856,1.78659,1.78699,1.00,1.30
2014.12.05 13:38:34.108,1.78659,1.787,1.30,1.30
2014.12.05 13:38:34.209,1.78657,1.78702,1.30,2.25
2014.12.05 13:38:34.310,1.78657,1.78702,1.30,1.50
2014.12.05 13:38:34.613,1.78664,1.78705,1.00,1.50
2014.12.05 13:38:34.764,1.78665,1.78712,1.72,1.72
2014.12.05 13:38:34.865,1.78665,1.7871,1.00,1.30
2014.12.05 13:38:34.965,1.78665,1.7871,1.00,1.30
2014.12.05 13:38:35.066,1.78663,1.78708,2.47,1.00
2014.12.05 13:38:35.368,1.78663,1.78708,2.72,1.00
2014.12.05 13:38:35.570,1.78669,1.78715,1.72,1.00
2014.12.05 13:38:35.671,1.78673,1.78717,1.72,1.00
2014.12.05 13:38:35.872,1.78675,1.78717,1.30,1.00
2014.12.05 13:38:36.222,1.78675,1.78708,1.00,1.30
2014.12.05 13:38:36.323,1.78669,1.78708,1.00,1.30
2014.12.05 13:38:36.872,1.78669,1.78707,1.00,1.30
2014.12.05 13:38:37.088,1.78669,1.78708,1.00,1.00
2014.12.05 13:38:37.240,1.78669,1.78715,2.50,1.67
2014.12.05 13:38:37.542,1.78669,1.78716,3.47,2.47
2014.12.05 13:38:37.643,1.78669,1.78714,2.50,1.30
2014.12.05 13:38:37.961,1.78669,1.78712,1.00,1.30
2014.12.05 13:38:38.265,1.78666,1.78701,1.00,1.30
2014.12.05 13:38:38.417,1.78665,1.78704,1.00,1.00
2014.12.05 13:38:38.613,1.78662,1.78701,1.00,1.00
2014.12.05 13:38:38.922,1.78664,1.78701,1.00,1.00
2014.12.05 13:38:39.023,1.78663,1.78701,1.00,1.00
2014.12.05 13:38:39.123,1.78663,1.78704,1.00,1.50
2014.12.05 13:38:39.576,1.78663,1.78702,1.00,1.00
2014.12.05 13:38:40.080,1.7866,1.787,1.00,1.00
2014.12.05 13:38:40.130,1.7866,1.78697,1.00,1.00
2014.12.05 13:38:40.181,1.78658,1.78696,1.00,1.00
2014.12.05 13:38:40.282,1.78658,1.787,1.00,1.00
2014.12.05 13:38:40.332,1.78659,1.787,1.00,1.00
2014.12.05 13:38:40.634,1.78663,1.78698,1.00,1.00
2014.12.05 13:38:40.684,1.78661,1.78698,1.00,1.00
2014.12.05 13:38:40.836,1.78661,1.78695,1.00,1.30
2014.12.05 13:38:40.936,1.78658,1.78695,1.00,1.30
2014.12.05 13:38:41.037,1.78659,1.78695,1.00,1.30
2014.12.05 13:38:41.138,1.78657,1.78696,1.00,1.00
2014.12.05 13:38:41.591,1.78657,1.78694,1.00,1.30
2014.12.05 13:38:41.894,1.78657,1.78691,1.00,1.72
2014.12.05 13:38:42.045,1.78647,1.78686,1.72,1.00
2014.12.05 13:38:42.247,1.78647,1.78682,1.00,1.30
2014.12.05 13:38:42.348,1.78647,1.78684,1.00,1.30
2014.12.05 13:38:42.449,1.78647,1.78686,1.00,1.00
2014.12.05 13:38:42.701,1.78647,1.7868,1.00,1.50
2014.12.05 13:38:42.751,1.78644,1.7868,1.00,1.50
2014.12.05 13:38:43.155,1.78644,1.78675,1.00,1.00
2014.12.05 13:38:43.205,1.78642,1.78675,1.00,1.00
2014.12.05 13:38:43.256,1.78639,1.78671,1.00,1.50
2014.12.05 13:38:43.558,1.78642,1.78671,1.30,1.00
2014.12.05 13:38:43.659,1.78643,1.78682,1.50,1.00
2014.12.05 13:38:43.710,1.78643,1.78682,1.50,1.00
2014.12.05 13:38:43.880,1.78643,1.78683,1.00,1.00
2014.12.05 13:38:44.031,1.78643,1.78685,1.00,1.00
2014.12.05 13:38:44.132,1.78645,1.78688,1.00,1.00
2014.12.05 13:38:44.694,1.78649,1.78691,1.00,1.50
2014.12.05 13:38:45.348,1.78649,1.78689,2.72,1.30
2014.12.05 13:38:45.852,1.78653,1.7869,1.72,1.30
2014.12.05 13:38:46.221,1.78651,1.78688,1.30,1.00
2014.12.05 13:38:46.322,1.78651,1.78688,1.00,1.50
2014.12.05 13:38:46.624,1.78653,1.78688,1.00,1.00
2014.12.05 13:38:46.675,1.7865,1.78688,1.00,1.00
2014.12.05 13:38:46.877,1.7865,1.78688,1.00,1.00
2014.12.05 13:38:47.079,1.7865,1.78688,1.00,1.00
2014.12.05 13:38:47.291,1.7865,1.78688,2.50,1.00
2014.12.05 13:38:47.342,1.78651,1.78693,2.50,1.00
2014.12.05 13:38:47.448,1.78651,1.78689,1.00,1.30
2014.12.05 13:38:47.560,1.7865,1.78688,1.00,1.00
2014.12.05 13:38:47.671,1.7865,1.78686,1.00,1.00
2014.12.05 13:38:47.878,1.78646,1.78685,1.00,1.00
2014.12.05 13:38:47.983,1.78646,1.78687,1.00,1.00
2014.12.05 13:38:48.186,1.78648,1.78689,1.72,1.00
2014.12.05 13:38:48.438,1.7865,1.78689,1.50,1.00
2014.12.05 13:38:48.539,1.7865,1.78689,1.30,1.00
2014.12.05 13:38:48.863,1.7865,1.78689,1.00,1.00
2014.12.05 13:38:49.215,1.78651,1.78692,1.50,1.00
2014.12.05 13:38:49.316,1.78655,1.78694,1.50,1.00
2014.12.05 13:38:50.629,1.78655,1.78694,3.25,1.00
2014.12.05 13:38:51.149,1.78655,1.78694,1.50,1.00
2014.12.05 13:38:51.677,1.78655,1.78694,3.25,1.00
2014.12.05 13:38:51.979,1.78655,1.78692,1.00,1.00
2014.12.05 13:38:52.181,1.78653,1.78691,1.00,1.00
2014.12.05 13:38:52.738,1.78653,1.78688,1.00,1.00
2014.12.05 13:38:53.587,1.78653,1.78688,1.30,1.00
2014.12.05 13:38:54.096,1.78653,1.78687,1.00,1.00
2014.12.05 13:38:54.198,1.7865,1.78684,1.00,1.00
2014.12.05 13:38:55.459,1.78663,1.78684,1.30,1.00
2014.12.05 13:38:55.510,1.78663,1.78689,1.67,1.00
2014.12.05 13:38:55.561,1.78668,1.78689,1.72,1.00
2014.12.05 13:38:55.611,1.78668,1.787,3.47,1.44
2014.12.05 13:38:55.712,1.78673,1.78702,1.00,1.00
2014.12.05 13:38:55.763,1.78673,1.78707,1.00,1.00
2014.12.05 13:38:55.814,1.78676,1.78707,1.00,1.00
2014.12.05 13:38:55.915,1.78679,1.78715,1.72,1.00
2014.12.05 13:38:56.016,1.78681,1.78715,1.50,1.00
2014.12.05 13:38:56.067,1.78682,1.78721,1.00,1.00
2014.12.05 13:38:56.168,1.78686,1.78725,1.00,1.00
2014.12.05 13:38:56.470,1.78688,1.78725,2.80,1.00
2014.12.05 13:38:56.851,1.78691,1.78725,1.30,1.00
2014.12.05 13:38:56.902,1.787,1.78749,1.50,1.50
2014.12.05 13:38:57.003,1.787,1.78747,2.47,1.00
2014.12.05 13:38:57.054,1.78704,1.78743,1.00,1.00
2014.12.05 13:38:57.256,1.78709,1.78752,1.00,1.00
2014.12.05 13:38:57.306,1.78709,1.78747,1.00,1.00
2014.12.05 13:38:57.609,1.7871,1.78748,1.72,1.00
2014.12.05 13:38:58.011,1.7871,1.78743,1.30,1.00
2014.12.05 13:38:58.364,1.78704,1.78738,1.00,1.00
2014.12.05 13:38:58.565,1.78708,1.7874,1.30,1.00
2014.12.05 13:38:58.666,1.7871,1.78744,1.30,1.00
2014.12.05 13:38:58.768,1.7871,1.78744,1.00,1.00
2014.12.05 13:38:58.869,1.7871,1.78742,1.00,1.00
2014.12.05 13:38:59.171,1.78708,1.7874,1.30,1.00
2014.12.05 13:38:59.322,1.78706,1.7874,1.72,1.00
2014.12.05 13:38:59.423,1.78706,1.78737,1.00,1.30
2014.12.05 13:38:59.675,1.78696,1.78728,1.00,1.00
2014.12.05 13:38:59.776,1.78692,1.78726,1.00,1.00
2014.12.05 13:39:00.028,1.78689,1.78723,1.00,1.00
2014.12.05 13:39:00.334,1.7868,1.78714,1.00,1.00
2014.12.05 13:39:00.636,1.7868,1.78712,1.00,1.00
2014.12.05 13:39:00.788,1.78676,1.7871,1.00,1.00
2014.12.05 13:39:01.308,1.78671,1.78705,1.00,1.00
2014.12.05 13:39:01.611,1.78673,1.78705,1.00,1.00
2014.12.05 13:39:01.661,1.78675,1.78714,1.00,1.00
2014.12.05 13:39:02.316,1.78675,1.78708,1.00,1.00
2014.12.05 13:39:02.886,1.78675,1.78708,1.00,1.00
2014.12.05 13:39:02.937,1.78674,1.78708,1.00,1.00
2014.12.05 13:39:03.038,1.78674,1.78706,1.00,1.00
2014.12.05 13:39:03.340,1.78669,1.78699,1.00,1.00
2014.12.05 13:39:03.491,1.7866,1.78694,2.47,1.00
2014.12.05 13:39:03.542,1.7866,1.7869,1.72,1.00
2014.12.05 13:39:03.844,1.7866,1.7869,1.00,1.00
2014.12.05 13:39:04.498,1.7866,1.7869,1.00,1.00
2014.12.05 13:39:04.902,1.78658,1.7869,1.50,1.00
2014.12.05 13:39:04.952,1.78658,1.7869,3.22,1.00
2014.12.05 13:39:05.053,1.7866,1.78695,1.72,1.00
2014.12.05 13:39:05.154,1.78663,1.78695,1.00,1.00
2014.12.05 13:39:05.406,1.78673,1.78707,2.72,1.00
2014.12.05 13:39:05.508,1.78683,1.7872,1.00,1.00
2014.12.05 13:39:05.609,1.78685,1.78724,1.00,1.50
2014.12.05 13:39:06.062,1.7869,1.78729,1.00,1.00
2014.12.05 13:39:06.925,1.78695,1.78732,1.00,1.00
2014.12.05 13:39:07.444,1.787,1.78732,1.72,1.00
2014.12.05 13:39:07.494,1.787,1.78735,1.50,1.00
2014.12.05 13:39:07.595,1.78704,1.78735,1.00,1.00
2014.12.05 13:39:07.917,1.78703,1.78735,1.50,1.00
2014.12.05 13:39:08.487,1.78699,1.78733,1.00,1.00
2014.12.05 13:39:08.588,1.78696,1.78727,1.30,1.00
2014.12.05 13:39:09.194,1.78695,1.78727,1.00,1.00
2014.12.05 13:39:09.245,1.78701,1.7874,2.12,1.00
2014.12.05 13:39:09.497,1.78702,1.78737,1.30,1.00
2014.12.05 13:39:09.648,1.78698,1.7873,1.72,1.00
2014.12.05 13:39:09.799,1.78696,1.7873,1.00,1.00
2014.12.05 13:39:10.893,1.78703,1.78735,1.00,1.00
2014.12.05 13:39:10.994,1.78706,1.78739,1.72,1.00
2014.12.05 13:39:11.095,1.78713,1.78739,1.00,1.00
2014.12.05 13:39:11.247,1.78713,1.78747,3.29,1.00
2014.12.05 13:39:11.297,1.7872,1.78747,1.30,1.00
2014.12.05 13:39:11.348,1.7872,1.7875,1.30,1.00
2014.12.05 13:39:11.449,1.78723,1.78758,1.72,1.00
2014.12.05 13:39:11.650,1.78728,1.78758,1.00,1.00
2014.12.05 13:39:11.751,1.78728,1.78764,2.12,1.00
2014.12.05 13:39:11.902,1.7873,1.78769,2.50,1.00
2014.12.05 13:39:12.773,1.7873,1.78765,1.00,1.00
2014.12.05 13:39:13.075,1.78729,1.78759,1.00,1.00
2014.12.05 13:39:13.176,1.78725,1.78759,1.00,1.00
2014.12.05 13:39:13.780,1.78724,1.78753,1.00,1.00
2014.12.05 13:39:13.830,1.78719,1.78753,2.47,1.00
2014.12.05 13:39:14.807,1.78719,1.78753,1.00,1.00
2014.12.05 13:39:15.048,1.78722,1.78758,1.50,1.00
2014.12.05 13:39:15.149,1.78738,1.78758,1.00,1.00
2014.12.05 13:39:15.200,1.78738,1.78766,1.00,1.00
2014.12.05 13:39:15.250,1.7874,1.78766,1.30,1.00
2014.12.05 13:39:15.301,1.7874,1.78778,1.30,1.00
2014.12.05 13:39:15.351,1.78742,1.78778,2.42,1.00
2014.12.05 13:39:15.402,1.78745,1.78784,1.00,1.00
2014.12.05 13:39:16.985,1.78748,1.78784,1.50,1.00
2014.12.05 13:39:17.294,1.7875,1.78787,1.30,1.00
2014.12.05 13:39:17.445,1.7875,1.78787,1.00,1.00
2014.12.05 13:39:17.547,1.7875,1.78781,1.50,1.30
2014.12.05 13:39:17.597,1.78749,1.78781,1.00,1.30
2014.12.05 13:39:17.648,1.78749,1.78783,1.00,1.00
2014.12.05 13:39:17.699,1.78748,1.78775,1.30,1.00
2014.12.05 13:39:18.052,1.78753,1.78787,2.80,1.00
2014.12.05 13:39:18.153,1.78753,1.7879,1.30,1.00
2014.12.05 13:39:18.253,1.78754,1.78786,1.00,1.00
2014.12.05 13:39:18.556,1.78753,1.78785,1.30,1.00
2014.12.05 13:39:18.858,1.78753,1.78785,1.30,1.00
2014.12.05 13:39:19.110,1.7875,1.78785,1.30,1.00
2014.12.05 13:39:19.413,1.78745,1.7878,1.72,1.30
2014.12.05 13:39:19.715,1.78745,1.78778,1.30,1.00
2014.12.05 13:39:20.017,1.78745,1.78778,1.30,1.00
2014.12.05 13:39:20.118,1.78747,1.78781,1.30,1.00
2014.12.05 13:39:20.219,1.78744,1.78781,1.72,1.00
2014.12.05 13:39:20.320,1.78744,1.78772,1.00,1.00
2014.12.05 13:39:20.370,1.78738,1.78772,1.30,1.00
2014.12.05 13:39:20.522,1.78732,1.78772,1.72,1.50
2014.12.05 13:39:20.572,1.78732,1.78767,1.30,1.00
2014.12.05 13:39:20.623,1.78728,1.78767,1.00,1.00
2014.12.05 13:39:20.724,1.78724,1.78764,1.00,1.00
2014.12.05 13:39:20.875,1.78724,1.78764,1.30,1.00
2014.12.05 13:39:20.925,1.78726,1.78768,1.42,1.00
2014.12.05 13:39:20.976,1.78733,1.78768,1.30,1.00
2014.12.05 13:39:21.027,1.78733,1.78772,1.30,1.00
2014.12.05 13:39:21.077,1.78738,1.78772,1.30,1.00
2014.12.05 13:39:21.329,1.78747,1.78784,1.30,1.00
2014.12.05 13:39:21.380,1.78751,1.78784,1.30,1.00
2014.12.05 13:39:21.582,1.78754,1.78791,2.80,1.00
2014.12.05 13:39:22.307,1.78755,1.78791,1.30,1.00
2014.12.05 13:39:22.846,1.78756,1.78791,1.30,1.00
2014.12.05 13:39:23.048,1.78756,1.78791,1.00,1.00
2014.12.05 13:39:23.099,1.78753,1.78781,1.00,1.00
2014.12.05 13:39:23.200,1.78748,1.78781,1.00,1.00
2014.12.05 13:39:23.318,1.78748,1.78776,1.00,1.50
2014.12.05 13:39:23.419,1.78739,1.78773,1.30,1.00
2014.12.05 13:39:23.521,1.78739,1.78773,1.00,1.00
2014.12.05 13:39:23.778,1.78739,1.78776,1.00,1.00
2014.12.05 13:39:23.879,1.78738,1.78776,1.30,1.00
2014.12.05 13:39:23.930,1.78731,1.78772,1.00,1.00
2014.12.05 13:39:24.031,1.78728,1.7877,1.00,1.00
2014.12.05 13:39:24.182,1.78728,1.7877,1.00,1.00
2014.12.05 13:39:24.484,1.78728,1.7877,1.72,1.00
2014.12.05 13:39:24.737,1.78728,1.78767,1.00,1.00
2014.12.05 13:39:24.990,1.7873,1.78772,1.72,1.00
2014.12.05 13:39:25.274,1.78738,1.78772,1.30,1.00
2014.12.05 13:39:25.325,1.78742,1.78784,1.50,1.00
2014.12.05 13:39:25.376,1.78742,1.78784,2.80,1.00
2014.12.05 13:39:25.485,1.78742,1.78786,1.00,1.00
2014.12.05 13:39:25.789,1.78742,1.78786,1.30,1.00
2014.12.05 13:39:26.192,1.78744,1.78783,1.72,1.00
2014.12.05 13:39:26.293,1.78744,1.78788,2.72,1.50
2014.12.05 13:39:26.747,1.78746,1.78791,1.72,1.00
2014.12.05 13:39:26.797,1.78746,1.78791,2.80,1.00
2014.12.05 13:39:27.100,1.78749,1.78791,1.00,1.00
2014.12.05 13:39:27.151,1.78748,1.78791,1.00,1.00
2014.12.05 13:39:27.352,1.78746,1.78791,1.00,1.00
2014.12.05 13:39:27.504,1.78744,1.78785,1.00,1.00
2014.12.05 13:39:27.930,1.78745,1.78789,1.72,1.00
2014.12.05 13:39:28.197,1.78745,1.78789,1.30,1.00
2014.12.05 13:39:28.309,1.78745,1.78789,1.30,1.00
2014.12.05 13:39:28.532,1.78745,1.78789,1.00,1.50
2014.12.05 13:39:28.582,1.78748,1.78782,1.00,1.00
2014.12.05 13:39:28.683,1.78748,1.78784,1.00,1.00
2014.12.05 13:39:28.734,1.78748,1.78788,1.00,1.00
2014.12.05 13:39:28.784,1.78751,1.78788,1.30,1.00
2014.12.05 13:39:28.835,1.78751,1.78793,1.30,1.00
2014.12.05 13:39:28.886,1.78751,1.78796,2.80,1.00
2014.12.05 13:39:29.138,1.78753,1.78796,1.00,1.00
2014.12.05 13:39:29.649,1.78759,1.78797,1.30,1.00
2014.12.05 13:39:29.750,1.78761,1.78801,1.30,1.50
2014.12.05 13:39:29.958,1.78761,1.78801,1.30,1.50
2014.12.05 13:39:30.181,1.78761,1.78798,1.30,1.30
2014.12.05 13:39:30.332,1.78761,1.788,1.30,1.30
2014.12.05 13:39:30.527,1.78761,1.78801,1.30,2.47
2014.12.05 13:39:30.780,1.78761,1.788,1.30,1.30
2014.12.05 13:39:30.981,1.78761,1.78801,1.30,2.47
2014.12.05 13:39:31.190,1.78757,1.788,1.30,1.37
2014.12.05 13:39:31.241,1.78757,1.788,1.30,1.00
2014.12.05 13:39:31.310,1.78757,1.78802,1.00,1.00
2014.12.05 13:39:31.613,1.78763,1.78806,1.00,1.00
2014.12.05 13:39:31.916,1.78763,1.78795,1.30,1.00
2014.12.05 13:39:31.966,1.78755,1.78795,1.30,1.00
2014.12.05 13:39:32.017,1.78755,1.78789,1.30,1.00
2014.12.05 13:39:32.068,1.78753,1.78789,1.00,1.00
2014.12.05 13:39:32.118,1.78753,1.78779,1.00,1.00
2014.12.05 13:39:32.370,1.78746,1.78779,1.00,1.00
2014.12.05 13:39:32.622,1.78739,1.7878,1.00,1.00
2014.12.05 13:39:32.824,1.78739,1.7878,1.30,1.00
2014.12.05 13:39:33.025,1.78748,1.78796,1.50,1.50
2014.12.05 13:39:33.076,1.78748,1.78789,1.30,1.00
2014.12.05 13:39:33.328,1.78748,1.78794,1.30,1.00
2014.12.05 13:39:33.429,1.78747,1.78792,1.00,1.00
2014.12.05 13:39:33.580,1.78746,1.78788,1.00,1.00
2014.12.05 13:39:33.882,1.78735,1.7878,1.72,1.00
2014.12.05 13:39:33.933,1.78738,1.78782,1.30,1.00
2014.12.05 13:39:33.983,1.78738,1.78786,1.30,1.00
2014.12.05 13:39:34.185,1.78741,1.78786,1.30,1.00
2014.12.05 13:39:34.286,1.78741,1.78786,1.30,1.00
2014.12.05 13:39:34.387,1.78741,1.78786,1.30,1.50
2014.12.05 13:39:34.689,1.78741,1.78786,1.30,1.00
2014.12.05 13:39:35.374,1.78741,1.78781,1.30,1.00
2014.12.05 13:39:35.795,1.78735,1.78769,1.30,1.00
2014.12.05 13:39:35.896,1.78735,1.78777,1.30,1.50
2014.12.05 13:39:35.947,1.78735,1.78777,1.30,1.50
2014.12.05 13:39:36.098,1.78735,1.78782,1.30,1.00
2014.12.05 13:39:36.148,1.78737,1.78782,1.30,1.00
2014.12.05 13:39:36.472,1.78737,1.78782,1.30,1.00
2014.12.05 13:39:36.674,1.78737,1.78782,1.30,1.00
2014.12.05 13:39:37.199,1.78738,1.78782,1.72,1.00
2014.12.05 13:39:37.507,1.78741,1.78778,1.30,1.00
2014.12.05 13:39:37.810,1.78743,1.78778,1.30,1.00
2014.12.05 13:39:37.911,1.78743,1.78778,1.30,1.00
2014.12.05 13:39:37.962,1.78743,1.78775,1.30,1.00
2014.12.05 13:39:38.013,1.7874,1.78775,1.30,1.00
2014.12.05 13:39:38.064,1.7874,1.78769,1.30,1.00
2014.12.05 13:39:38.265,1.7874,1.78775,1.30,1.50
2014.12.05 13:39:38.467,1.7874,1.78775,1.30,1.00
2014.12.05 13:39:38.769,1.78743,1.78775,1.30,1.00
2014.12.05 13:39:38.870,1.78743,1.78778,1.30,1.50
2014.12.05 13:39:39.345,1.78743,1.78778,1.30,1.00
2014.12.05 13:39:39.648,1.78735,1.78779,1.00,1.00
2014.12.05 13:39:39.698,1.78735,1.78777,1.00,1.00
2014.12.05 13:39:40.001,1.78725,1.78764,1.00,1.00
2014.12.05 13:39:40.202,1.78715,1.78758,2.19,1.00
2014.12.05 13:39:40.253,1.78715,1.78753,1.44,1.00
2014.12.05 13:39:40.404,1.7871,1.78753,1.50,1.00
2014.12.05 13:39:40.455,1.7871,1.78746,1.00,1.00
2014.12.05 13:39:40.656,1.78704,1.78747,1.00,1.00
2014.12.05 13:39:41.160,1.78724,1.78747,1.00,1.00
2014.12.05 13:39:41.210,1.78724,1.78751,1.00,1.00
2014.12.05 13:39:41.261,1.78724,1.78758,1.00,1.00
2014.12.05 13:39:41.362,1.78724,1.78762,1.30,1.00
2014.12.05 13:39:41.413,1.78724,1.78762,1.30,1.00
2014.12.05 13:39:41.614,1.78724,1.78762,1.00,1.00
2014.12.05 13:39:41.931,1.78724,1.78751,1.00,1.00
2014.12.05 13:39:42.032,1.78723,1.78751,1.00,1.00
2014.12.05 13:39:42.513,1.7872,1.78751,1.30,1.00
2014.12.05 13:39:42.614,1.7872,1.78751,1.30,1.00
2014.12.05 13:39:43.017,1.7872,1.78747,1.30,1.00
2014.12.05 13:39:43.068,1.7872,1.78747,1.30,1.00
2014.12.05 13:39:43.219,1.7872,1.78748,1.00,1.00
2014.12.05 13:39:43.964,1.7872,1.78748,1.30,1.00
2014.12.05 13:39:44.065,1.7872,1.78751,1.30,1.50
2014.12.05 13:39:44.166,1.78713,1.78751,1.00,1.50
2014.12.05 13:39:44.217,1.78714,1.78751,1.00,1.50
2014.12.05 13:39:44.368,1.78709,1.78746,1.30,1.00
2014.12.05 13:39:44.419,1.78705,1.78746,1.00,1.00
2014.12.05 13:39:44.621,1.78703,1.78746,1.00,1.00
2014.12.05 13:39:45.118,1.78699,1.7874,1.30,1.00
2014.12.05 13:39:45.219,1.78693,1.78736,3.60,1.50
2014.12.05 13:39:45.320,1.78693,1.7873,1.00,1.00
2014.12.05 13:39:45.630,1.78696,1.78734,3.17,1.00
2014.12.05 13:39:45.681,1.78696,1.78739,3.17,1.50
2014.12.05 13:39:45.732,1.78703,1.78739,1.30,1.50
2014.12.05 13:39:45.832,1.78702,1.78739,1.35,1.00
2014.12.05 13:39:45.883,1.78713,1.7874,1.00,1.00
2014.12.05 13:39:45.984,1.78716,1.78745,1.30,1.50
2014.12.05 13:39:46.034,1.78723,1.78745,1.30,1.00
2014.12.05 13:39:46.085,1.78723,1.78754,1.30,1.00
2014.12.05 13:39:46.286,1.78723,1.78754,1.30,1.00
2014.12.05 13:39:46.387,1.78722,1.78754,1.30,1.00
2014.12.05 13:39:46.539,1.78722,1.78754,1.30,1.00
2014.12.05 13:39:46.740,1.78722,1.78755,1.30,1.00
2014.12.05 13:39:46.841,1.78718,1.78755,1.00,1.50
2014.12.05 13:39:47.093,1.78718,1.78757,1.00,1.00
2014.12.05 13:39:47.295,1.78718,1.78757,1.30,1.00
2014.12.05 13:39:47.597,1.7872,1.78757,1.30,1.00
2014.12.05 13:39:47.647,1.7872,1.78756,1.30,1.00
2014.12.05 13:39:47.748,1.78719,1.78753,1.30,1.00
2014.12.05 13:39:47.910,1.78717,1.78753,1.30,1.00
2014.12.05 13:39:47.961,1.78714,1.78753,1.00,1.00
2014.12.05 13:39:48.063,1.78708,1.78749,1.30,1.00
2014.12.05 13:39:48.416,1.78706,1.78749,1.72,1.00
2014.12.05 13:39:48.958,1.78706,1.78749,1.30,1.00
2014.12.05 13:39:49.242,1.78705,1.78741,1.00,1.00
2014.12.05 13:39:49.293,1.78699,1.78741,1.12,1.00
2014.12.05 13:39:49.544,1.78699,1.78734,1.00,1.00
2014.12.05 13:39:49.645,1.78694,1.78734,1.35,1.00
2014.12.05 13:39:49.746,1.78698,1.78735,1.35,1.00
2014.12.05 13:39:50.048,1.78715,1.78753,1.30,1.00
2014.12.05 13:39:50.350,1.78718,1.78753,1.30,1.00
2014.12.05 13:39:50.602,1.78713,1.78749,1.00,1.00
2014.12.05 13:39:50.653,1.78711,1.78747,1.30,1.50
2014.12.05 13:39:50.955,1.78708,1.78734,1.00,1.50
2014.12.05 13:39:51.056,1.78702,1.78737,1.30,1.00
2014.12.05 13:39:51.257,1.78694,1.78733,1.30,1.00
2014.12.05 13:39:51.358,1.78693,1.7873,1.00,1.00
2014.12.05 13:39:51.409,1.78691,1.7873,1.00,1.00
2014.12.05 13:39:51.459,1.7869,1.78726,1.30,1.00
2014.12.05 13:39:51.812,1.78688,1.78726,1.30,1.00
2014.12.05 13:39:51.913,1.78688,1.78726,1.30,1.00
2014.12.05 13:39:52.469,1.78687,1.78726,1.00,1.00
2014.12.05 13:39:52.742,1.78687,1.78724,1.00,1.00
2014.12.05 13:39:53.045,1.78687,1.78722,1.30,1.00
2014.12.05 13:39:53.379,1.7869,1.78722,1.30,1.00
2014.12.05 13:39:53.479,1.7869,1.78722,1.30,1.00
2014.12.05 13:39:53.681,1.78688,1.78719,1.30,1.00
2014.12.05 13:39:53.857,1.78679,1.78717,1.42,1.72
2014.12.05 13:39:54.213,1.78676,1.78709,1.30,1.00
2014.12.05 13:39:54.516,1.78676,1.7871,1.30,1.00
2014.12.05 13:39:54.768,1.78676,1.7871,1.30,1.00
2014.12.05 13:39:54.869,1.78676,1.78714,1.30,1.50
2014.12.05 13:39:54.920,1.78676,1.78712,1.30,1.00
2014.12.05 13:39:55.021,1.78674,1.78711,1.00,1.00
2014.12.05 13:39:55.223,1.78674,1.7871,1.30,1.00
2014.12.05 13:39:55.576,1.78677,1.7871,1.30,1.00
2014.12.05 13:39:55.979,1.78677,1.78708,1.30,1.00
2014.12.05 13:39:56.282,1.78677,1.78704,1.30,1.00
2014.12.05 13:39:56.785,1.78677,1.78704,1.30,1.00
2014.12.05 13:39:56.886,1.78677,1.78709,1.30,1.00
2014.12.05 13:39:57.088,1.78677,1.78706,1.30,1.00
2014.12.05 13:39:57.390,1.78677,1.78709,1.30,1.00
2014.12.05 13:39:57.692,1.78679,1.78709,1.30,1.00
2014.12.05 13:39:58.196,1.7868,1.78709,1.30,1.00
2014.12.05 13:39:58.297,1.7868,1.78709,1.30,1.00
2014.12.05 13:39:58.397,1.78678,1.78709,1.30,1.00
2014.12.05 13:39:58.649,1.78676,1.78709,1.30,1.00
2014.12.05 13:39:58.828,1.78676,1.78709,1.30,1.00
2014.12.05 13:39:58.979,1.78675,1.78709,1.72,1.00
2014.12.05 13:39:59.080,1.78675,1.78709,1.30,1.00
2014.12.05 13:39:59.282,1.78675,1.78709,1.72,1.00
2014.12.05 13:39:59.383,1.78676,1.78709,1.30,1.00
2014.12.05 13:39:59.929,1.78681,1.78709,1.30,1.00
2014.12.05 13:40:00.252,1.78685,1.78709,1.30,1.00
2014.12.05 13:40:00.302,1.78685,1.78712,1.30,1.00
2014.12.05 13:40:00.504,1.78685,1.78712,1.30,1.00
2014.12.05 13:40:00.656,1.78685,1.78716,1.30,1.50
2014.12.05 13:40:00.706,1.78685,1.78716,1.30,1.50
2014.12.05 13:40:01.009,1.78691,1.78716,1.30,1.00
2014.12.05 13:40:01.059,1.78691,1.78722,1.30,1.50
2014.12.05 13:40:01.261,1.78691,1.78722,1.30,1.50
2014.12.05 13:40:01.513,1.78691,1.78721,1.30,1.00
2014.12.05 13:40:01.614,1.78691,1.78722,1.30,1.00
2014.12.05 13:40:01.958,1.78691,1.78722,1.30,1.00
2014.12.05 13:40:02.476,1.7869,1.78722,1.72,1.50
2014.12.05 13:40:02.577,1.7869,1.7872,1.30,1.00
2014.12.05 13:40:02.728,1.7869,1.7872,1.30,1.00
2014.12.05 13:40:02.829,1.7869,1.78717,1.30,1.00
2014.12.05 13:40:03.031,1.78689,1.7872,1.30,1.00
2014.12.05 13:40:03.182,1.78688,1.78717,1.30,1.00
2014.12.05 13:40:03.232,1.78683,1.78714,1.30,1.00
2014.12.05 13:40:03.384,1.78676,1.78707,1.72,1.00
2014.12.05 13:40:03.484,1.78676,1.7871,1.30,1.00
2014.12.05 13:40:03.585,1.78676,1.78707,1.72,1.00
2014.12.05 13:40:03.686,1.78674,1.78707,1.72,1.00
2014.12.05 13:40:03.938,1.78674,1.78707,1.30,1.50
2014.12.05 13:40:04.258,1.78674,1.787,1.30,1.00
2014.12.05 13:40:04.358,1.78666,1.787,1.00,1.00
2014.12.05 13:40:04.560,1.78666,1.787,1.30,1.00
2014.12.05 13:40:04.661,1.78666,1.787,1.00,1.00
2014.12.05 13:40:04.812,1.78666,1.787,1.30,1.00
2014.12.05 13:40:05.016,1.78666,1.787,1.72,1.00
2014.12.05 13:40:05.500,1.78666,1.78696,1.30,1.00
2014.12.05 13:40:05.601,1.78666,1.787,1.30,1.00
2014.12.05 13:40:05.652,1.78666,1.78698,1.30,1.00
2014.12.05 13:40:05.703,1.78666,1.78697,1.72,1.00
2014.12.05 13:40:05.904,1.7866,1.78694,1.00,1.00
2014.12.05 13:40:06.107,1.78659,1.78691,1.00,1.00
2014.12.05 13:40:06.157,1.78657,1.78691,1.00,1.50
2014.12.05 13:40:06.342,1.78656,1.78687,1.30,1.00
2014.12.05 13:40:06.644,1.78656,1.78687,1.30,1.00
2014.12.05 13:40:06.796,1.78656,1.78687,1.30,1.00
2014.12.05 13:40:07.000,1.78656,1.78687,1.30,1.00
2014.12.05 13:40:07.412,1.78655,1.78687,1.30,1.00
2014.12.05 13:40:07.538,1.78654,1.78682,1.30,1.00
2014.12.05 13:40:07.639,1.78648,1.78682,2.47,1.00
2014.12.05 13:40:07.790,1.78644,1.78676,1.00,1.00
2014.12.05 13:40:08.092,1.78644,1.78671,1.30,1.00
2014.12.05 13:40:08.294,1.78649,1.78683,1.00,1.30
2014.12.05 13:40:08.345,1.78653,1.78683,1.00,1.72
2014.12.05 13:40:08.647,1.7866,1.78694,1.30,1.00
2014.12.05 13:40:08.748,1.78662,1.78696,1.30,1.00
2014.12.05 13:40:09.252,1.78662,1.78697,1.30,1.00
2014.12.05 13:40:09.302,1.78662,1.78697,1.30,1.00
2014.12.05 13:40:09.403,1.78662,1.78697,1.30,1.00
2014.12.05 13:40:09.856,1.78663,1.78697,1.30,1.00
2014.12.05 13:40:10.159,1.78663,1.78693,1.30,1.00
2014.12.05 13:40:10.461,1.78663,1.78689,1.30,1.00
2014.12.05 13:40:10.612,1.7866,1.78689,1.30,1.00
2014.12.05 13:40:10.713,1.78652,1.78684,1.00,1.00
2014.12.05 13:40:10.965,1.78648,1.78682,1.00,1.00
2014.12.05 13:40:11.065,1.78648,1.78679,1.30,1.00
2014.12.05 13:40:11.367,1.78648,1.78679,1.30,1.00
2014.12.05 13:40:11.418,1.78645,1.78679,1.72,1.00
2014.12.05 13:40:11.519,1.78646,1.78679,1.30,1.00
2014.12.05 13:40:11.620,1.7865,1.78686,1.30,1.00
2014.12.05 13:40:11.821,1.78657,1.78686,1.30,1.00
2014.12.05 13:40:11.922,1.78657,1.78692,1.30,1.50
2014.12.05 13:40:12.135,1.78659,1.78697,1.30,1.00
2014.12.05 13:40:12.186,1.78666,1.78701,1.30,1.00
2014.12.05 13:40:12.488,1.78666,1.78696,1.30,1.00
2014.12.05 13:40:12.790,1.78666,1.78696,1.30,1.00
2014.12.05 13:40:13.042,1.78666,1.787,1.30,1.00
2014.12.05 13:40:13.394,1.78666,1.78704,1.30,1.00
2014.12.05 13:40:13.519,1.78665,1.78704,1.00,1.00
2014.12.05 13:40:13.570,1.78665,1.78701,1.00,1.00
2014.12.05 13:40:13.721,1.78659,1.78698,1.00,1.00
2014.12.05 13:40:14.225,1.78659,1.78694,1.00,1.00
2014.12.05 13:40:14.275,1.78651,1.7869,1.72,1.00
2014.12.05 13:40:14.326,1.78651,1.7869,2.72,1.00
2014.12.05 13:40:14.578,1.78667,1.78708,1.50,1.00
2014.12.05 13:40:14.629,1.78674,1.78708,1.00,1.00
2014.12.05 13:40:14.830,1.78669,1.78708,1.00,1.00
2014.12.05 13:40:15.032,1.78671,1.78705,1.30,1.00
2014.12.05 13:40:15.132,1.78669,1.78701,1.30,1.00
2014.12.05 13:40:15.233,1.78669,1.78695,1.30,1.00
2014.12.05 13:40:15.485,1.78669,1.78699,1.30,1.00
2014.12.05 13:40:15.587,1.78669,1.78702,1.30,1.00
2014.12.05 13:40:15.789,1.7867,1.78702,1.30,1.00
2014.12.05 13:40:15.991,1.78671,1.78704,1.30,1.00
2014.12.05 13:40:16.142,1.78671,1.78704,1.30,1.00
2014.12.05 13:40:16.243,1.78671,1.78704,1.30,1.00
2014.12.05 13:40:16.344,1.78669,1.78704,1.30,1.00
2014.12.05 13:40:16.445,1.78663,1.78704,1.00,1.00
2014.12.05 13:40:16.496,1.78663,1.78704,1.00,1.00
2014.12.05 13:40:16.798,1.7867,1.78707,1.30,1.00
2014.12.05 13:40:16.899,1.7867,1.78713,1.30,1.00
2014.12.05 13:40:17.000,1.78669,1.78713,1.00,1.00
2014.12.05 13:40:17.051,1.78668,1.78707,1.00,1.00
2014.12.05 13:40:17.353,1.78663,1.78701,1.00,1.00
2014.12.05 13:40:17.839,1.78663,1.78701,1.00,1.00
2014.12.05 13:40:18.123,1.78671,1.78713,1.30,1.00
2014.12.05 13:40:18.224,1.78668,1.78713,1.72,1.72
2014.12.05 13:40:18.274,1.78669,1.78713,1.00,1.72
2014.12.05 13:40:18.577,1.78664,1.787,1.30,1.30
2014.12.05 13:40:18.678,1.78659,1.78702,1.30,1.00
2014.12.05 13:40:18.779,1.78659,1.78703,1.30,1.00
2014.12.05 13:40:19.082,1.78648,1.78688,1.00,1.00
2014.12.05 13:40:19.132,1.78648,1.78691,2.25,1.72
2014.12.05 13:40:19.233,1.78653,1.78695,1.50,1.00
2014.12.05 13:40:19.334,1.78654,1.78701,1.30,1.00
2014.12.05 13:40:19.384,1.78654,1.78696,1.30,1.00
2014.12.05 13:40:19.435,1.78654,1.78696,1.00,1.72
2014.12.05 13:40:19.547,1.78654,1.78693,1.00,1.30
2014.12.05 13:40:19.597,1.78652,1.7869,1.00,1.00
2014.12.05 13:40:19.648,1.78649,1.7869,1.50,1.00
2014.12.05 13:40:19.900,1.78645,1.78687,1.00,1.00
2014.12.05 13:40:20.001,1.78643,1.78687,1.00,1.00
2014.12.05 13:40:20.404,1.78641,1.78682,1.00,1.00
2014.12.05 13:40:20.606,1.78641,1.78686,1.50,1.00
2014.12.05 13:40:20.919,1.78641,1.78682,1.00,1.00
2014.12.05 13:40:21.020,1.78639,1.78682,1.72,1.00
2014.12.05 13:40:21.070,1.78639,1.78679,1.22,1.00
2014.12.05 13:40:21.373,1.78644,1.78679,1.30,1.00
2014.12.05 13:40:21.424,1.78644,1.78679,1.30,1.00
2014.12.05 13:40:21.608,1.78639,1.78679,1.30,1.00
2014.12.05 13:40:21.759,1.78636,1.78679,2.47,1.50
2014.12.05 13:40:21.810,1.78636,1.78676,1.72,1.00
2014.12.05 13:40:22.112,1.78649,1.78684,1.00,1.00
2014.12.05 13:40:22.364,1.78652,1.78691,1.30,1.00
2014.12.05 13:40:22.516,1.78653,1.78693,1.30,1.00
2014.12.05 13:40:22.717,1.78653,1.78693,1.00,1.00
2014.12.05 13:40:22.768,1.78653,1.78688,1.00,1.00
2014.12.05 13:40:22.869,1.78643,1.78683,1.00,1.00
2014.12.05 13:40:23.121,1.78641,1.78682,1.00,1.00
2014.12.05 13:40:23.809,1.78637,1.7868,1.00,1.00
2014.12.05 13:40:23.860,1.78648,1.7868,1.00,1.00
2014.12.05 13:40:23.961,1.78644,1.78673,1.00,1.00
2014.12.05 13:40:24.113,1.78633,1.78673,1.00,1.00
2014.12.05 13:40:24.214,1.78629,1.78666,1.00,1.30
2014.12.05 13:40:24.517,1.78629,1.78665,1.00,1.00
2014.12.05 13:40:24.618,1.78629,1.78668,1.00,1.00
2014.12.05 13:40:24.719,1.78628,1.78668,1.00,1.00
2014.12.05 13:40:25.122,1.78628,1.78668,1.30,1.00
2014.12.05 13:40:25.425,1.78629,1.78665,1.00,1.00
2014.12.05 13:40:25.627,1.78628,1.78665,1.00,1.00
2014.12.05 13:40:26.092,1.78628,1.78665,1.00,1.00
2014.12.05 13:40:26.394,1.78628,1.78662,1.72,1.30
2014.12.05 13:40:26.495,1.78628,1.78651,1.30,1.00
2014.12.05 13:40:26.546,1.78626,1.78651,1.30,1.00
2014.12.05 13:40:26.647,1.78627,1.78665,1.30,1.37
2014.12.05 13:40:26.747,1.78632,1.78665,1.30,1.00
2014.12.05 13:40:26.949,1.78643,1.78677,1.00,1.00
2014.12.05 13:40:27.050,1.78644,1.78682,1.00,2.47
2014.12.05 13:40:27.150,1.78644,1.78678,1.00,1.00
2014.12.05 13:40:27.302,1.78644,1.78678,1.30,1.00
2014.12.05 13:40:27.402,1.78644,1.78678,1.00,1.00
2014.12.05 13:40:27.704,1.78644,1.78678,1.00,1.00
2014.12.05 13:40:27.956,1.78637,1.78677,1.00,1.30
2014.12.05 13:40:28.007,1.78635,1.78675,1.30,1.00
2014.12.05 13:40:28.310,1.78635,1.78677,1.30,1.00
2014.12.05 13:40:28.411,1.78634,1.78677,1.00,1.00
2014.12.05 13:40:28.514,1.7863,1.78674,1.00,1.00
2014.12.05 13:40:28.967,1.78628,1.78667,1.00,1.00
2014.12.05 13:40:29.119,1.78628,1.78675,1.00,1.50
2014.12.05 13:40:29.169,1.78628,1.78671,1.00,1.00
2014.12.05 13:40:29.599,1.78628,1.78666,1.30,1.00
2014.12.05 13:40:29.650,1.78623,1.78666,1.50,1.00
2014.12.05 13:40:29.700,1.78623,1.78654,1.00,1.00
2014.12.05 13:40:30.592,1.78623,1.78654,1.00,1.00
2014.12.05 13:40:30.670,1.78619,1.78654,1.00,1.00
2014.12.05 13:40:30.821,1.78619,1.78654,1.00,1.00
2014.12.05 13:40:31.174,1.78619,1.78653,1.30,1.00
2014.12.05 13:40:31.225,1.78619,1.78653,1.00,1.00
2014.12.05 13:40:31.527,1.78618,1.78647,1.72,1.00
2014.12.05 13:40:31.779,1.78618,1.78652,1.72,1.00
2014.12.05 13:40:32.287,1.78618,1.78653,1.00,1.00
2014.12.05 13:40:32.338,1.78618,1.78654,1.00,1.00
2014.12.05 13:40:32.388,1.78618,1.78659,1.00,1.00
2014.12.05 13:40:32.489,1.78618,1.78661,1.00,2.62
2014.12.05 13:40:32.590,1.78619,1.7866,1.72,1.67
2014.12.05 13:40:32.691,1.78617,1.78656,1.30,1.37
2014.12.05 13:40:32.792,1.78617,1.78652,1.30,1.00
2014.12.05 13:40:32.943,1.78615,1.78652,1.30,1.00
2014.12.05 13:40:32.993,1.78615,1.78652,1.00,1.00
2014.12.05 13:40:33.094,1.78615,1.78652,1.30,1.12
2014.12.05 13:40:33.145,1.78614,1.7865,1.00,1.30
2014.12.05 13:40:33.346,1.78613,1.78652,1.00,1.72
2014.12.05 13:40:33.397,1.78613,1.78652,1.00,2.10
2014.12.05 13:40:33.771,1.78613,1.78647,1.72,1.00
2014.12.05 13:40:34.090,1.78614,1.78647,1.00,1.00
2014.12.05 13:40:34.191,1.78613,1.78647,1.72,1.00
2014.12.05 13:40:34.600,1.78613,1.78643,1.00,1.30
2014.12.05 13:40:34.752,1.78613,1.78646,1.30,1.30
2014.12.05 13:40:34.853,1.78613,1.78649,1.30,1.30
2014.12.05 13:40:35.155,1.78613,1.7865,1.30,1.30
2014.12.05 13:40:35.681,1.78613,1.78649,1.30,1.72
2014.12.05 13:40:36.200,1.78613,1.78649,1.72,1.30
2014.12.05 13:40:36.750,1.78613,1.7865,1.72,1.72
2014.12.05 13:40:37.062,1.78613,1.7865,1.30,1.00
2014.12.05 13:40:37.465,1.78615,1.78657,1.30,1.00
2014.12.05 13:40:37.566,1.78617,1.78659,1.12,1.00
2014.12.05 13:40:37.688,1.78617,1.78662,2.72,1.87
2014.12.05 13:40:37.939,1.78619,1.78659,1.50,1.30
2014.12.05 13:40:38.241,1.78619,1.78655,1.30,1.30
2014.12.05 13:40:38.543,1.78619,1.78649,1.30,1.00
2014.12.05 13:40:38.745,1.78621,1.78653,1.30,1.00
2014.12.05 13:40:38.846,1.78621,1.78657,1.30,1.00
2014.12.05 13:40:38.946,1.78614,1.78657,2.47,1.50
2014.12.05 13:40:38.997,1.78614,1.78654,2.47,1.00
2014.12.05 13:40:39.299,1.78614,1.78641,1.00,1.00
2014.12.05 13:40:39.601,1.78614,1.78638,1.30,1.00
2014.12.05 13:40:40.004,1.78614,1.78639,1.30,1.00
2014.12.05 13:40:40.105,1.78614,1.78639,1.30,1.00
2014.12.05 13:40:40.155,1.78614,1.78639,1.00,1.00
2014.12.05 13:40:40.256,1.78614,1.78639,1.30,1.00
2014.12.05 13:40:40.559,1.78614,1.78644,1.00,1.00
2014.12.05 13:40:41.012,1.78618,1.78644,1.00,1.00
2014.12.05 13:40:41.063,1.78618,1.78648,1.00,1.00
2014.12.05 13:40:41.214,1.78618,1.78648,1.30,1.00
2014.12.05 13:40:41.365,1.78618,1.78648,1.00,1.00
2014.12.05 13:40:41.768,1.78618,1.78648,1.00,1.00
2014.12.05 13:40:41.819,1.78618,1.78643,1.00,1.00
2014.12.05 13:40:41.870,1.78614,1.78643,1.72,1.00
2014.12.05 13:40:42.021,1.78614,1.78647,1.00,1.00
2014.12.05 13:40:42.071,1.78614,1.78647,1.30,1.00
2014.12.05 13:40:42.431,1.78614,1.78641,1.00,1.30
2014.12.05 13:40:42.483,1.78613,1.78641,1.00,1.30
2014.12.05 13:40:42.685,1.78605,1.78642,1.30,1.00
2014.12.05 13:40:42.790,1.78599,1.78638,1.00,1.30
2014.12.05 13:40:42.891,1.78595,1.78636,1.50,1.00
2014.12.05 13:40:42.992,1.78595,1.78641,1.00,1.00
2014.12.05 13:40:43.093,1.78598,1.78645,2.50,1.00
2014.12.05 13:40:43.596,1.78598,1.78646,3.22,2.47
2014.12.05 13:40:43.921,1.78598,1.78643,2.50,1.00
2014.12.05 13:40:44.425,1.78601,1.78643,1.50,1.00
2014.12.05 13:40:44.626,1.78603,1.78648,1.72,1.00
2014.12.05 13:40:44.878,1.78604,1.78648,2.72,1.00
2014.12.05 13:40:45.181,1.78614,1.7865,1.00,1.00
2014.12.05 13:40:45.695,1.78614,1.78651,1.00,1.30
2014.12.05 13:40:46.009,1.78614,1.78649,1.00,1.30
2014.12.05 13:40:46.419,1.78619,1.7865,1.00,1.30
2014.12.05 13:40:46.621,1.78614,1.78651,1.30,1.30
2014.12.05 13:40:46.672,1.78612,1.78655,1.00,1.37
2014.12.05 13:40:46.722,1.78612,1.78655,1.00,1.37
2014.12.05 13:40:47.028,1.78612,1.78639,1.00,1.00
2014.12.05 13:40:47.331,1.78612,1.78637,1.00,1.72
2014.12.05 13:40:47.381,1.78608,1.78637,1.00,1.30
2014.12.05 13:40:47.482,1.78608,1.78641,1.00,1.72
2014.12.05 13:40:47.583,1.78608,1.78644,1.00,1.30
2014.12.05 13:40:47.633,1.78608,1.78644,1.00,1.30
2014.12.05 13:40:47.734,1.78608,1.78645,1.00,1.30
2014.12.05 13:40:47.785,1.78608,1.78648,1.30,1.30
2014.12.05 13:40:47.885,1.78605,1.78649,1.00,1.72
2014.12.05 13:40:47.936,1.786,1.78644,1.00,1.00
2014.12.05 13:40:48.238,1.78598,1.78638,1.00,1.00
2014.12.05 13:40:48.339,1.78592,1.78634,1.50,1.00
2014.12.05 13:40:48.389,1.78593,1.78634,1.00,1.00
2014.12.05 13:40:48.639,1.78593,1.78631,1.00,1.00
2014.12.05 13:40:48.740,1.78593,1.78627,1.00,1.00
2014.12.05 13:40:49.044,1.78594,1.78631,1.00,1.00
2014.12.05 13:40:49.094,1.78594,1.78635,1.00,1.00
2014.12.05 13:40:49.145,1.78594,1.78635,1.00,1.00
2014.12.05 13:40:49.196,1.78593,1.78637,1.00,1.00
2014.12.05 13:40:49.297,1.78593,1.78634,1.00,1.30
2014.12.05 13:40:49.599,1.78593,1.78634,1.00,1.30
2014.12.05 13:40:49.650,1.78593,1.78636,1.00,1.30
2014.12.05 13:40:49.823,1.78599,1.78636,1.00,1.30
2014.12.05 13:40:50.030,1.78599,1.78637,1.00,1.30
2014.12.05 13:40:50.182,1.78599,1.78639,1.00,1.30
2014.12.05 13:40:50.232,1.78599,1.78639,1.00,1.30
2014.12.05 13:40:50.534,1.78598,1.78633,1.00,1.30
2014.12.05 13:40:50.836,1.78598,1.78637,1.00,1.30
2014.12.05 13:40:50.937,1.78598,1.78635,1.00,1.30
2014.12.05 13:40:51.242,1.78598,1.78635,1.00,1.30
2014.12.05 13:40:51.343,1.78598,1.78634,1.00,1.30
2014.12.05 13:40:51.394,1.78598,1.78636,1.00,1.30
2014.12.05 13:40:51.494,1.78595,1.78631,1.00,1.30
2014.12.05 13:40:51.595,1.78593,1.78631,1.00,1.30
2014.12.05 13:40:51.709,1.78593,1.78633,1.72,1.30
2014.12.05 13:40:51.860,1.78593,1.78632,1.30,1.30
2014.12.05 13:40:51.961,1.78593,1.78635,1.30,1.30
2014.12.05 13:40:52.264,1.78592,1.7863,1.00,1.30
2014.12.05 13:40:52.315,1.7859,1.7863,1.00,1.30
2014.12.05 13:40:52.416,1.7859,1.78632,1.00,1.00
2014.12.05 13:40:52.517,1.78584,1.78632,1.72,1.37
2014.12.05 13:40:52.668,1.78583,1.78625,1.00,1.00
2014.12.05 13:40:52.970,1.78583,1.7862,1.00,1.30
2014.12.05 13:40:53.373,1.78583,1.78618,1.00,1.30
2014.12.05 13:40:53.474,1.78583,1.78625,1.00,2.47
2014.12.05 13:40:53.626,1.78587,1.78629,1.30,1.30
2014.12.05 13:40:53.878,1.78588,1.78633,1.72,1.72
2014.12.05 13:40:53.928,1.78588,1.7863,1.00,1.30
2014.12.05 13:40:54.130,1.78588,1.78628,1.30,1.30
2014.12.05 13:40:54.181,1.78588,1.78618,1.00,1.30
2014.12.05 13:40:54.333,1.78583,1.78619,1.50,1.30
2014.12.05 13:40:54.383,1.78584,1.78624,1.30,1.30
2014.12.05 13:40:54.484,1.78584,1.78622,1.30,1.30
2014.12.05 13:40:54.635,1.78584,1.78621,1.00,1.30
2014.12.05 13:40:54.938,1.78588,1.78622,1.00,1.30
2014.12.05 13:40:55.178,1.78588,1.78622,1.00,1.30
2014.12.05 13:40:55.380,1.78588,1.7862,1.00,1.30
2014.12.05 13:40:55.582,1.78588,1.78622,1.00,1.30
2014.12.05 13:40:55.633,1.78588,1.78622,1.00,1.30
2014.12.05 13:40:55.885,1.78588,1.78621,1.00,1.30
2014.12.05 13:40:56.036,1.78588,1.78619,1.00,1.30
2014.12.05 13:40:56.087,1.78582,1.78619,1.30,1.30
2014.12.05 13:40:56.187,1.78579,1.78625,1.00,1.30
2014.12.05 13:40:56.238,1.78579,1.7862,1.00,1.30
2014.12.05 13:40:56.389,1.78574,1.78619,1.00,1.00
2014.12.05 13:40:56.691,1.78573,1.78614,1.50,1.30
2014.12.05 13:40:57.245,1.78573,1.78618,1.00,1.30
2014.12.05 13:40:57.396,1.78573,1.78618,1.00,1.30
2014.12.05 13:40:57.446,1.78573,1.78621,1.00,1.30
2014.12.05 13:40:57.497,1.78573,1.78618,1.00,1.50
2014.12.05 13:40:57.800,1.78573,1.78613,1.00,1.00
2014.12.05 13:40:58.102,1.78565,1.78601,1.44,1.00
2014.12.05 13:40:58.404,1.78563,1.7859,1.00,1.30
2014.12.05 13:40:58.454,1.78563,1.78592,1.00,1.30
2014.12.05 13:40:58.605,1.78563,1.78591,1.00,1.30
2014.12.05 13:40:58.706,1.78563,1.78591,1.00,1.30
2014.12.05 13:40:58.757,1.78563,1.78585,1.00,1.30
2014.12.05 13:40:58.858,1.78558,1.78585,1.00,1.30
2014.12.05 13:40:58.959,1.78558,1.78588,1.00,1.30
2014.12.05 13:40:59.009,1.78558,1.7859,1.00,1.30
2014.12.05 13:40:59.110,1.7856,1.78596,1.72,1.30
2014.12.05 13:40:59.211,1.7857,1.78606,1.30,1.00
2014.12.05 13:40:59.262,1.7857,1.78611,1.30,1.30
2014.12.05 13:40:59.413,1.7857,1.78599,1.00,1.30
2014.12.05 13:40:59.765,1.78568,1.78603,1.72,1.30
2014.12.05 13:40:59.866,1.78568,1.78609,1.00,1.30
2014.12.05 13:40:59.967,1.78568,1.78612,1.00,1.30
2014.12.05 13:41:00.169,1.78568,1.78612,1.00,1.30
2014.12.05 13:41:00.270,1.78568,1.78612,1.00,1.30
2014.12.05 13:41:00.471,1.78568,1.78615,1.00,1.30
2014.12.05 13:41:00.521,1.78568,1.78615,1.00,1.30
2014.12.05 13:41:00.723,1.78565,1.78613,1.72,1.00
2014.12.05 13:41:00.824,1.78568,1.78617,1.00,1.00
2014.12.05 13:41:01.126,1.78569,1.78612,1.30,1.00
2014.12.05 13:41:01.227,1.78569,1.78616,1.30,1.50
2014.12.05 13:41:01.278,1.78573,1.78613,1.30,1.30
2014.12.05 13:41:01.576,1.78571,1.78616,1.30,1.00
2014.12.05 13:41:01.627,1.78571,1.78619,1.00,1.72
2014.12.05 13:41:01.677,1.78571,1.78609,1.00,1.30
2014.12.05 13:41:01.778,1.78571,1.78616,1.00,1.00
2014.12.05 13:41:01.879,1.78569,1.78616,1.00,1.00
2014.12.05 13:41:01.929,1.78569,1.78616,1.30,1.00
2014.12.05 13:41:02.030,1.78569,1.78619,2.72,1.30
2014.12.05 13:41:02.131,1.78569,1.78622,2.72,2.47
2014.12.05 13:41:02.232,1.78573,1.78621,1.30,1.00
2014.12.05 13:41:02.534,1.78576,1.78617,1.00,1.00
2014.12.05 13:41:02.585,1.78576,1.78617,1.00,1.00
2014.12.05 13:41:02.786,1.78573,1.78613,1.00,1.30
2014.12.05 13:41:02.988,1.78578,1.78627,1.50,1.00
2014.12.05 13:41:03.139,1.78593,1.78631,1.00,1.30
2014.12.05 13:41:03.240,1.78593,1.78635,1.00,1.00
2014.12.05 13:41:03.391,1.78593,1.78636,1.72,1.30
2014.12.05 13:41:03.492,1.78593,1.78636,1.00,1.30
2014.12.05 13:41:03.593,1.78593,1.78632,1.00,1.30
2014.12.05 13:41:04.122,1.78593,1.78631,1.30,1.00
2014.12.05 13:41:04.324,1.78593,1.78631,1.30,1.00
2014.12.05 13:41:04.627,1.78599,1.78638,1.30,1.00
2014.12.05 13:41:04.677,1.78593,1.78635,1.00,1.30
2014.12.05 13:41:04.778,1.78593,1.78632,1.00,1.00
2014.12.05 13:41:04.929,1.78593,1.78637,1.67,1.72
2014.12.05 13:41:05.030,1.78594,1.78639,3.10,1.72
2014.12.05 13:41:05.333,1.78602,1.78642,1.30,1.00
2014.12.05 13:41:05.635,1.78602,1.7864,1.30,1.30
2014.12.05 13:41:05.786,1.78601,1.78636,1.30,1.30
2014.12.05 13:41:06.088,1.78597,1.78631,1.30,1.30
2014.12.05 13:41:06.290,1.78597,1.78633,1.30,1.30
2014.12.05 13:41:06.542,1.78607,1.78643,1.30,1.50
2014.12.05 13:41:06.643,1.78607,1.78645,1.30,1.00
2014.12.05 13:41:06.744,1.7861,1.78649,1.30,1.00
2014.12.05 13:41:06.845,1.7861,1.78651,1.30,1.30
2014.12.05 13:41:06.996,1.7861,1.78646,1.00,1.30
2014.12.05 13:41:07.097,1.7861,1.78648,1.30,1.30
2014.12.05 13:41:07.198,1.7861,1.78646,1.30,1.30
2014.12.05 13:41:07.616,1.7861,1.78644,1.30,1.30
2014.12.05 13:41:07.669,1.78608,1.78643,1.72,1.30
2014.12.05 13:41:08.186,1.78608,1.78644,1.00,1.30
2014.12.05 13:41:08.847,1.78607,1.78644,1.30,1.30
2014.12.05 13:41:09.098,1.78608,1.78644,1.00,1.30
2014.12.05 13:41:09.149,1.7861,1.78656,1.30,1.00
2014.12.05 13:41:09.300,1.7861,1.78652,1.30,1.00
2014.12.05 13:41:09.602,1.7861,1.78646,1.30,1.30
2014.12.05 13:41:09.955,1.78607,1.78644,1.30,1.30
2014.12.05 13:41:10.257,1.78606,1.78641,1.30,1.30
2014.12.05 13:41:10.358,1.78605,1.78646,1.00,1.30
2014.12.05 13:41:10.409,1.78602,1.78646,1.30,1.30
2014.12.05 13:41:10.668,1.78602,1.78637,1.30,1.12
2014.12.05 13:41:10.719,1.78601,1.78637,1.30,1.12
2014.12.05 13:41:10.769,1.78601,1.78632,1.30,1.00
2014.12.05 13:41:10.820,1.78596,1.78632,1.30,1.00
2014.12.05 13:41:10.871,1.78596,1.78639,1.30,1.30
2014.12.05 13:41:10.921,1.78596,1.78642,1.30,1.12
2014.12.05 13:41:11.223,1.78599,1.78642,1.30,1.00
2014.12.05 13:41:11.709,1.78599,1.78636,1.30,1.30
2014.12.05 13:41:11.810,1.78599,1.78635,1.30,1.30
2014.12.05 13:41:11.911,1.78599,1.78639,1.30,1.30
2014.12.05 13:41:12.012,1.78599,1.78639,1.30,1.30
2014.12.05 13:41:12.264,1.78599,1.78641,1.30,1.30
2014.12.05 13:41:12.365,1.786,1.78641,1.30,1.30
2014.12.05 13:41:12.667,1.78603,1.78644,1.72,1.30
2014.12.05 13:41:12.970,1.78606,1.78647,1.30,1.72
2014.12.05 13:41:13.240,1.78606,1.78645,1.30,1.30
2014.12.05 13:41:13.446,1.78612,1.78647,1.30,1.50
2014.12.05 13:41:13.547,1.78612,1.78652,1.30,1.00
2014.12.05 13:41:13.598,1.78616,1.78656,1.87,1.00
2014.12.05 13:41:13.648,1.7862,1.78661,1.31,1.50
2014.12.05 13:41:13.749,1.78623,1.78666,1.00,1.00
2014.12.05 13:41:13.818,1.78627,1.78667,2.80,1.00
2014.12.05 13:41:13.868,1.78628,1.7867,1.00,1.50
2014.12.05 13:41:14.070,1.78633,1.7867,1.00,1.00
2014.12.05 13:41:14.121,1.78633,1.78673,1.72,1.00
2014.12.05 13:41:14.258,1.78639,1.78674,1.30,1.00
2014.12.05 13:41:14.460,1.78639,1.78673,1.00,1.30
2014.12.05 13:41:14.611,1.78633,1.78673,1.30,1.30
2014.12.05 13:41:14.662,1.78629,1.78673,1.72,1.00
2014.12.05 13:41:14.763,1.78629,1.78674,1.30,1.00
2014.12.05 13:41:15.065,1.78631,1.78672,1.30,1.00
2014.12.05 13:41:15.116,1.78631,1.78674,2.80,1.00
2014.12.05 13:41:15.283,1.78631,1.78676,2.80,1.00
2014.12.05 13:41:15.434,1.78631,1.78676,1.00,1.00
2014.12.05 13:41:15.535,1.78631,1.78671,1.00,1.00
2014.12.05 13:41:15.844,1.78631,1.78667,1.30,1.00
2014.12.05 13:41:15.895,1.78631,1.78671,1.30,1.00
2014.12.05 13:41:15.946,1.78631,1.78667,1.30,1.00
2014.12.05 13:41:16.249,1.78629,1.78662,1.30,1.00
2014.12.05 13:41:16.401,1.78629,1.78667,1.30,1.30
2014.12.05 13:41:16.501,1.78629,1.78669,1.30,1.30
2014.12.05 13:41:16.867,1.7863,1.78671,1.12,1.72
2014.12.05 13:41:16.968,1.7863,1.78674,2.42,1.30
2014.12.05 13:41:17.169,1.78635,1.78672,1.72,1.00
2014.12.05 13:41:17.496,1.78635,1.78667,1.00,1.30
2014.12.05 13:41:17.547,1.78636,1.78671,1.35,1.00
2014.12.05 13:41:17.647,1.78639,1.78679,2.80,1.00
2014.12.05 13:41:17.748,1.78639,1.78682,1.87,1.00
2014.12.05 13:41:17.799,1.7864,1.78682,2.10,1.00
2014.12.05 13:41:18.102,1.7865,1.78682,1.00,1.00
2014.12.05 13:41:18.152,1.7865,1.78692,1.00,1.00
2014.12.05 13:41:18.303,1.7865,1.7869,1.00,1.30
2014.12.05 13:41:18.505,1.78645,1.78681,1.00,1.00
2014.12.05 13:41:18.606,1.78645,1.78677,1.00,1.00
2014.12.05 13:41:18.706,1.78642,1.78675,1.00,1.30
2014.12.05 13:41:18.757,1.78642,1.78671,1.00,1.30
2014.12.05 13:41:19.059,1.78638,1.78664,1.00,1.30
2014.12.05 13:41:19.361,1.78638,1.78662,1.00,1.30
2014.12.05 13:41:19.848,1.78638,1.78659,1.00,1.30
2014.12.05 13:41:20.351,1.78637,1.7866,1.00,1.30
2014.12.05 13:41:20.402,1.78637,1.78669,1.00,1.30
2014.12.05 13:41:20.669,1.78637,1.78669,1.00,1.30
2014.12.05 13:41:20.971,1.78637,1.78663,1.00,1.30
2014.12.05 13:41:21.274,1.78637,1.78664,1.00,1.30
2014.12.05 13:41:21.374,1.78636,1.78661,1.00,1.30
2014.12.05 13:41:21.475,1.78636,1.78664,1.00,1.30
2014.12.05 13:41:21.727,1.78636,1.78659,1.00,1.30
2014.12.05 13:41:21.929,1.78636,1.78661,1.00,1.30
2014.12.05 13:41:22.030,1.78634,1.78655,1.00,1.30
2014.12.05 13:41:22.131,1.7863,1.78655,1.00,1.30
2014.12.05 13:41:22.231,1.78624,1.78655,1.00,1.30
2014.12.05 13:41:22.282,1.78624,1.78652,1.00,1.30
2014.12.05 13:41:22.584,1.78636,1.78661,1.00,1.00
2014.12.05 13:41:22.635,1.78636,1.78668,1.00,1.30
2014.12.05 13:41:22.686,1.78639,1.78661,1.00,1.30
2014.12.05 13:41:22.787,1.78634,1.78661,1.00,1.30
2014.12.05 13:41:22.888,1.78631,1.78661,1.00,1.30
2014.12.05 13:41:22.989,1.78631,1.78665,1.50,1.00
2014.12.05 13:41:23.040,1.78643,1.78665,1.00,1.00
2014.12.05 13:41:23.140,1.78643,1.7867,1.00,1.00
2014.12.05 13:41:23.241,1.78646,1.78684,1.00,1.00
2014.12.05 13:41:23.644,1.78651,1.78685,1.00,1.00
2014.12.05 13:41:23.695,1.78654,1.78688,1.72,1.00
2014.12.05 13:41:23.867,1.78654,1.78688,2.72,1.00
2014.12.05 13:41:24.019,1.78654,1.78692,1.50,1.00
2014.12.05 13:41:24.120,1.7866,1.78692,1.30,1.00
2014.12.05 13:41:24.322,1.78665,1.78701,2.47,1.00
2014.12.05 13:41:24.574,1.78663,1.78697,1.00,1.00
2014.12.05 13:41:24.675,1.78663,1.78697,1.30,1.00
2014.12.05 13:41:24.977,1.7867,1.78707,1.00,1.00
2014.12.05 13:41:25.279,1.78681,1.78712,1.00,1.00
2014.12.05 13:41:25.380,1.78681,1.78717,1.00,1.00
2014.12.05 13:41:25.884,1.78681,1.78716,1.00,1.00
2014.12.05 13:41:26.085,1.78681,1.78715,1.00,1.00
2014.12.05 13:41:26.136,1.78681,1.78712,1.00,1.00
2014.12.05 13:41:26.903,1.78681,1.78715,1.00,1.00
2014.12.05 13:41:27.004,1.78681,1.78717,1.72,1.00
2014.12.05 13:41:27.155,1.78681,1.7872,1.72,1.00
2014.12.05 13:41:28.102,1.78681,1.78715,1.00,1.00
2014.12.05 13:41:28.405,1.78681,1.78702,1.00,1.00
2014.12.05 13:41:28.757,1.78673,1.78702,1.00,1.72
2014.12.05 13:41:28.858,1.78673,1.787,1.00,1.30
2014.12.05 13:41:28.959,1.78673,1.78702,1.00,1.00
2014.12.05 13:41:29.060,1.78673,1.78707,1.00,1.50
2014.12.05 13:41:29.211,1.78673,1.78701,1.00,1.00
2014.12.05 13:41:29.463,1.78673,1.78707,1.00,1.50
2014.12.05 13:41:30.072,1.78673,1.78707,1.00,1.00
2014.12.05 13:41:30.324,1.78673,1.78706,1.00,1.30
2014.12.05 13:41:30.425,1.78673,1.78697,1.00,1.00
2014.12.05 13:41:30.526,1.78672,1.78697,1.00,1.00
2014.12.05 13:41:30.627,1.78672,1.78704,1.00,1.00
2014.12.05 13:41:30.728,1.78672,1.78704,2.42,1.00
2014.12.05 13:41:30.829,1.78673,1.78709,1.12,1.00
2014.12.05 13:41:30.880,1.78673,1.78706,2.42,1.00
2014.12.05 13:41:30.981,1.78673,1.78709,3.17,1.00
2014.12.05 13:41:31.132,1.78677,1.7871,1.72,1.00
2014.12.05 13:41:31.334,1.7868,1.78717,1.00,1.50
2014.12.05 13:41:31.485,1.78682,1.78717,1.30,1.50
2014.12.05 13:41:31.788,1.7869,1.78722,2.80,1.00
2014.12.05 13:41:31.958,1.7869,1.78726,1.00,1.00
2014.12.05 13:41:32.059,1.7869,1.78722,1.00,1.00
2014.12.05 13:41:32.261,1.7869,1.78722,2.10,1.00
2014.12.05 13:41:32.412,1.7869,1.78726,2.10,1.00
2014.12.05 13:41:32.513,1.7869,1.78726,2.42,1.00
2014.12.05 13:41:32.816,1.78682,1.78711,1.72,1.00
2014.12.05 13:41:32.866,1.78682,1.78717,1.72,1.00
2014.12.05 13:41:32.917,1.78682,1.78717,1.00,1.00
2014.12.05 13:41:33.084,1.78683,1.7872,1.50,1.30
2014.12.05 13:41:33.135,1.78683,1.78722,2.80,1.72
2014.12.05 13:41:33.236,1.78683,1.78722,1.72,1.30
2014.12.05 13:41:33.538,1.787,1.78727,1.00,1.00
2014.12.05 13:41:33.589,1.787,1.78727,1.00,1.72
2014.12.05 13:41:33.639,1.787,1.78712,1.00,1.00
2014.12.05 13:41:33.690,1.78691,1.78712,1.00,1.00
2014.12.05 13:41:33.741,1.78691,1.78706,1.00,1.00
2014.12.05 13:41:33.791,1.78682,1.78706,1.00,1.00
2014.12.05 13:41:34.072,1.78682,1.78717,1.00,1.72
2014.12.05 13:41:34.173,1.78679,1.78717,1.30,1.00
2014.12.05 13:41:34.374,1.78679,1.78717,1.30,1.00
2014.12.05 13:41:34.703,1.78679,1.7872,1.30,1.72
2014.12.05 13:41:34.804,1.7868,1.7872,1.30,1.72
2014.12.05 13:41:35.006,1.78695,1.78736,1.30,1.00
2014.12.05 13:41:35.157,1.78698,1.78732,1.72,1.00
2014.12.05 13:41:35.358,1.78696,1.78732,1.00,1.00
2014.12.05 13:41:35.409,1.78696,1.78736,1.00,1.00
2014.12.05 13:41:35.510,1.78696,1.78741,1.00,1.50
2014.12.05 13:41:35.560,1.78695,1.78734,1.00,1.30
2014.12.05 13:41:35.611,1.78691,1.78731,1.00,1.00
2014.12.05 13:41:36.028,1.78691,1.78731,1.30,1.50
2014.12.05 13:41:36.330,1.78694,1.78731,1.50,1.00
2014.12.05 13:41:36.381,1.78694,1.78735,2.80,1.30
2014.12.05 13:41:36.482,1.78694,1.78739,1.00,1.00
2014.12.05 13:41:36.532,1.78694,1.78742,1.00,1.00
2014.12.05 13:41:36.835,1.787,1.78727,1.30,1.00
2014.12.05 13:41:36.936,1.787,1.78736,2.80,1.00
2014.12.05 13:41:37.036,1.78701,1.78732,1.12,1.00
2014.12.05 13:41:37.137,1.78701,1.78736,2.12,1.30
2014.12.05 13:41:37.238,1.78701,1.78721,1.00,1.00
2014.12.05 13:41:37.490,1.78689,1.78722,1.00,1.00
2014.12.05 13:41:37.591,1.78685,1.78717,1.30,1.00
2014.12.05 13:41:37.792,1.78683,1.78717,1.00,1.00
2014.12.05 13:41:37.893,1.78683,1.78721,1.00,1.00
2014.12.05 13:41:38.145,1.78683,1.78725,2.47,1.30
2014.12.05 13:41:38.196,1.78683,1.78726,3.55,1.30
2014.12.05 13:41:38.498,1.78687,1.78726,1.50,1.00
2014.12.05 13:41:38.750,1.78686,1.78722,1.00,1.00
2014.12.05 13:41:38.901,1.78686,1.78717,1.00,1.00
2014.12.05 13:41:38.952,1.78683,1.78717,1.00,1.00
2014.12.05 13:41:39.210,1.78679,1.78717,1.30,1.00
2014.12.05 13:41:39.264,1.78673,1.78707,1.72,1.00
2014.12.05 13:41:39.466,1.78673,1.78716,1.30,1.50
2014.12.05 13:41:39.517,1.78677,1.78716,1.72,1.00
2014.12.05 13:41:39.567,1.78677,1.78722,2.72,1.00
2014.12.05 13:41:39.668,1.78677,1.78716,2.80,1.00
2014.12.05 13:41:39.719,1.78675,1.78716,1.00,1.00
2014.12.05 13:41:39.820,1.78678,1.78717,1.30,1.00
2014.12.05 13:41:39.921,1.78678,1.78717,1.72,1.72
2014.12.05 13:41:40.022,1.78678,1.7872,1.30,1.30
2014.12.05 13:41:40.324,1.78678,1.78715,1.30,1.30
2014.12.05 13:41:40.375,1.78675,1.78716,1.00,1.30
2014.12.05 13:41:40.475,1.78673,1.78716,1.00,1.30
2014.12.05 13:41:40.537,1.78673,1.78716,1.34,1.30
2014.12.05 13:41:40.840,1.78691,1.78726,1.72,1.00
2014.12.05 13:41:41.142,1.78687,1.78717,1.00,1.72
2014.12.05 13:41:41.193,1.78685,1.78717,1.00,1.72
2014.12.05 13:41:41.244,1.78685,1.78717,1.30,1.00
2014.12.05 13:41:41.445,1.78686,1.78722,1.30,1.00
2014.12.05 13:41:41.597,1.78686,1.78722,1.30,1.00
2014.12.05 13:41:41.698,1.78686,1.78722,1.00,1.00
2014.12.05 13:41:41.849,1.78684,1.78716,1.00,1.00
2014.12.05 13:41:41.956,1.78676,1.78716,1.00,1.50
2014.12.05 13:41:42.007,1.78676,1.78712,1.00,1.30
2014.12.05 13:41:42.259,1.78658,1.78701,2.25,1.50
2014.12.05 13:41:42.360,1.78668,1.78707,1.00,1.00
2014.12.05 13:41:42.511,1.78669,1.78711,1.72,1.00
2014.12.05 13:41:42.612,1.78669,1.78717,3.22,1.00
2014.12.05 13:41:42.914,1.78676,1.78718,1.00,1.00
2014.12.05 13:41:43.066,1.78677,1.78723,1.50,1.00
2014.12.05 13:41:43.117,1.78679,1.78725,2.72,1.00
2014.12.05 13:41:43.419,1.78684,1.78725,2.80,1.00
2014.12.05 13:41:43.671,1.78687,1.78727,1.50,1.00
2014.12.05 13:41:43.722,1.78687,1.78729,2.80,1.30
2014.12.05 13:41:43.772,1.78687,1.78723,1.00,1.30
2014.12.05 13:41:43.923,1.78686,1.78721,1.30,1.30
2014.12.05 13:41:43.974,1.78684,1.78722,1.72,1.72
2014.12.05 13:41:44.125,1.78684,1.78722,1.30,1.72
2014.12.05 13:41:44.377,1.78685,1.78726,1.50,1.00
2014.12.05 13:41:44.428,1.78689,1.78726,1.30,1.00
2014.12.05 13:41:44.936,1.7869,1.78722,1.30,1.00
2014.12.05 13:41:44.987,1.7869,1.7872,1.00,1.30
2014.12.05 13:41:45.037,1.78689,1.78717,1.00,1.00
2014.12.05 13:41:45.293,1.78672,1.78705,1.50,1.30
2014.12.05 13:41:45.344,1.78672,1.78697,1.50,1.00
2014.12.05 13:41:45.445,1.78665,1.78692,1.00,1.00
2014.12.05 13:41:45.546,1.78661,1.78692,1.00,1.00
2014.12.05 13:41:45.647,1.78656,1.78694,1.00,1.00
2014.12.05 13:41:45.748,1.78654,1.78696,1.00,1.00
2014.12.05 13:41:45.900,1.78655,1.78697,1.50,1.00
2014.12.05 13:41:45.950,1.78655,1.787,3.25,1.00
2014.12.05 13:41:46.001,1.78659,1.78701,1.50,1.72
2014.12.05 13:41:46.303,1.7867,1.78712,2.80,1.00
2014.12.05 13:41:46.605,1.78674,1.78712,1.50,1.30
2014.12.05 13:41:46.966,1.78674,1.78714,1.30,1.30
2014.12.05 13:41:47.167,1.78674,1.78712,1.30,1.00
2014.12.05 13:41:47.268,1.78674,1.78709,1.00,1.30
2014.12.05 13:41:47.420,1.78666,1.7871,1.50,1.00
2014.12.05 13:41:47.882,1.78666,1.7871,2.50,1.00
2014.12.05 13:41:48.187,1.78678,1.78716,1.30,1.00
2014.12.05 13:41:48.338,1.78682,1.78721,1.50,1.00
2014.12.05 13:41:48.742,1.78682,1.7872,1.00,1.30
2014.12.05 13:41:48.842,1.78678,1.78718,1.00,1.00
2014.12.05 13:41:48.893,1.78675,1.78711,1.00,1.00
2014.12.05 13:41:49.145,1.78675,1.78718,1.30,1.00
2014.12.05 13:41:49.296,1.78681,1.78722,2.72,1.00
2014.12.05 13:41:49.397,1.78684,1.78727,1.50,1.00
2014.12.05 13:41:49.448,1.78685,1.78727,1.00,1.00
2014.12.05 13:41:49.750,1.78694,1.78737,1.30,1.00
2014.12.05 13:41:49.951,1.78696,1.78732,1.30,1.00
2014.12.05 13:41:50.103,1.78696,1.78738,2.80,1.00
2014.12.05 13:41:50.203,1.78698,1.78741,1.50,1.30
2014.12.05 13:41:50.505,1.78698,1.78741,2.80,1.00
2014.12.05 13:41:50.808,1.78695,1.7873,1.00,1.30
2014.12.05 13:41:51.110,1.78694,1.78726,1.72,1.00
2014.12.05 13:41:51.211,1.7869,1.78725,1.00,1.30
2014.12.05 13:41:51.312,1.78687,1.78725,1.30,1.30
2014.12.05 13:41:51.538,1.78686,1.78721,1.30,1.00
2014.12.05 13:41:51.639,1.78686,1.78728,1.00,1.30
2014.12.05 13:41:51.689,1.78688,1.78728,1.30,1.30
2014.12.05 13:41:51.790,1.78688,1.78728,1.72,1.30
2014.12.05 13:41:51.891,1.78696,1.78731,1.30,1.00
2014.12.05 13:41:52.011,1.78696,1.78732,1.00,1.00
2014.12.05 13:41:52.163,1.78696,1.7874,1.00,1.72
2014.12.05 13:41:52.264,1.78698,1.78742,1.50,1.00
2014.12.05 13:41:52.566,1.78698,1.78732,1.00,1.30
2014.12.05 13:41:52.617,1.78687,1.78726,1.50,1.00
2014.12.05 13:41:52.718,1.78687,1.78731,1.00,1.00
2014.12.05 13:41:52.819,1.78688,1.78726,1.00,1.00
2014.12.05 13:41:53.071,1.78687,1.78721,1.00,1.30
2014.12.05 13:41:53.806,1.78687,1.78726,1.72,1.30
2014.12.05 13:41:54.025,1.78687,1.78722,1.00,1.00
2014.12.05 13:41:54.227,1.78684,1.78721,1.00,1.30
2014.12.05 13:41:54.328,1.78684,1.78717,1.00,1.30
2014.12.05 13:41:54.479,1.78679,1.78715,1.00,1.30
2014.12.05 13:41:54.530,1.78679,1.78717,1.72,1.30
2014.12.05 13:41:54.681,1.78679,1.78715,1.00,1.30
2014.12.05 13:41:54.833,1.78675,1.78712,1.00,1.30
2014.12.05 13:41:54.883,1.78688,1.78715,1.30,1.00
2014.12.05 13:41:54.934,1.78688,1.78721,1.30,1.00
2014.12.05 13:41:55.034,1.7869,1.78728,1.72,1.30
2014.12.05 13:41:55.085,1.78692,1.78732,1.30,1.00
2014.12.05 13:41:55.186,1.78692,1.78737,1.72,1.72
2014.12.05 13:41:55.236,1.78695,1.78738,1.30,1.00
2014.12.05 13:41:55.538,1.787,1.78737,1.30,1.00
2014.12.05 13:41:55.589,1.787,1.7874,1.30,1.00
2014.12.05 13:41:56.042,1.787,1.78742,1.30,1.00
2014.12.05 13:41:56.294,1.787,1.78741,1.30,1.30
2014.12.05 13:41:56.446,1.78705,1.78742,1.30,1.00
2014.12.05 13:41:56.496,1.78707,1.78747,1.12,1.00
2014.12.05 13:41:56.547,1.78707,1.78745,2.35,1.30
2014.12.05 13:41:56.647,1.78707,1.78749,1.00,1.50
2014.12.05 13:41:56.748,1.78703,1.78744,1.50,1.30
2014.12.05 13:41:57.151,1.78698,1.78738,1.30,1.00
2014.12.05 13:41:57.252,1.78698,1.78742,1.00,1.50
2014.12.05 13:41:57.669,1.78698,1.78744,1.00,1.00
2014.12.05 13:41:57.870,1.78698,1.78742,1.00,1.00
2014.12.05 13:41:57.921,1.78696,1.7874,1.00,1.00
2014.12.05 13:41:58.239,1.78696,1.78735,1.00,1.00
2014.12.05 13:41:58.542,1.78696,1.78735,3.25,1.00
2014.12.05 13:41:58.643,1.78707,1.78751,2.72,1.00
2014.12.05 13:41:58.694,1.78707,1.78753,2.72,1.00
2014.12.05 13:41:58.895,1.78716,1.78756,1.00,1.00
2014.12.05 13:41:58.996,1.78715,1.78757,1.00,1.50
2014.12.05 13:41:59.047,1.78715,1.78756,1.34,1.00
2014.12.05 13:41:59.349,1.78728,1.78772,3.25,1.00
2014.12.05 13:41:59.600,1.78729,1.78768,1.72,1.30
2014.12.05 13:41:59.701,1.78729,1.78775,1.00,1.30
2014.12.05 13:41:59.752,1.78728,1.78769,1.00,1.00
2014.12.05 13:42:00.065,1.78728,1.78752,1.00,1.00
2014.12.05 13:42:00.116,1.78728,1.78757,1.00,1.00
2014.12.05 13:42:00.217,1.78728,1.78767,1.00,1.72
2014.12.05 13:42:00.267,1.78728,1.78764,1.00,1.30
2014.12.05 13:42:00.570,1.78728,1.78762,1.00,1.30
2014.12.05 13:42:00.721,1.78723,1.78758,1.00,1.30
2014.12.05 13:42:00.772,1.78721,1.78757,1.00,1.00
2014.12.05 13:42:00.873,1.78721,1.78758,1.00,1.30
2014.12.05 13:42:00.923,1.78723,1.78762,1.72,1.00
2014.12.05 13:42:00.974,1.78725,1.78765,1.72,1.30
2014.12.05 13:42:01.075,1.78725,1.78767,1.00,1.00
2014.12.05 13:42:01.226,1.78725,1.78755,2.50,1.30
2014.12.05 13:42:01.528,1.78724,1.78755,1.00,1.30
2014.12.05 13:42:01.780,1.78723,1.78765,1.00,1.30
2014.12.05 13:42:01.880,1.78723,1.78762,1.00,1.30
2014.12.05 13:42:01.981,1.78723,1.78766,2.47,1.00
2014.12.05 13:42:02.117,1.78727,1.78767,1.00,1.00
2014.12.05 13:42:02.420,1.78735,1.78767,1.30,1.00
2014.12.05 13:42:02.521,1.78739,1.78782,1.42,1.00
2014.12.05 13:42:02.571,1.78748,1.78782,1.72,1.00
2014.12.05 13:42:02.622,1.78748,1.78792,3.47,1.00
2014.12.05 13:42:02.672,1.7875,1.78792,1.50,1.00
2014.12.05 13:42:02.723,1.78752,1.78795,1.50,1.00
2014.12.05 13:42:02.774,1.78752,1.78797,2.80,1.00
2014.12.05 13:42:02.824,1.78752,1.78792,1.30,1.00
2014.12.05 13:42:03.127,1.78755,1.78796,1.50,1.00
2014.12.05 13:42:03.228,1.78755,1.78797,1.00,1.00
2014.12.05 13:42:03.421,1.78755,1.78801,1.00,1.00
2014.12.05 13:42:03.522,1.78758,1.78804,1.30,1.50
2014.12.05 13:42:03.825,1.7876,1.78804,1.72,1.50
2014.12.05 13:42:03.875,1.78759,1.78804,1.30,1.50
2014.12.05 13:42:03.976,1.78759,1.78804,1.00,1.00
2014.12.05 13:42:04.278,1.78759,1.78802,1.00,1.00
2014.12.05 13:42:04.782,1.78759,1.78802,1.00,1.72
2014.12.05 13:42:04.983,1.78759,1.78801,1.30,1.00
2014.12.05 13:42:05.034,1.78759,1.78803,1.30,1.00
2014.12.05 13:42:05.135,1.78759,1.78797,1.30,1.00
2014.12.05 13:42:05.185,1.78757,1.78797,1.00,1.00
2014.12.05 13:42:05.487,1.78757,1.78802,1.00,1.00
2014.12.05 13:42:05.588,1.78759,1.78802,1.00,1.30
2014.12.05 13:42:05.991,1.78759,1.78796,1.00,1.30
2014.12.05 13:42:06.092,1.78759,1.78799,1.00,1.30
2014.12.05 13:42:06.343,1.78759,1.78798,1.00,1.30
2014.12.05 13:42:06.495,1.78759,1.78799,1.30,1.30
2014.12.05 13:42:06.746,1.78759,1.78798,2.47,1.30
2014.12.05 13:42:06.847,1.78759,1.78796,1.12,1.30
2014.12.05 13:42:07.150,1.78762,1.78796,1.00,1.00
2014.12.05 13:42:07.402,1.78751,1.78787,1.00,1.00
2014.12.05 13:42:07.553,1.78747,1.78782,1.00,1.00
2014.12.05 13:42:07.654,1.78744,1.78782,1.30,1.72
2014.12.05 13:42:07.956,1.78742,1.78782,1.00,1.72
2014.12.05 13:42:08.057,1.78742,1.78778,1.00,1.30
2014.12.05 13:42:08.571,1.78742,1.78779,1.00,1.30
2014.12.05 13:42:08.873,1.78748,1.78776,1.12,1.00
2014.12.05 13:42:09.000,1.78748,1.78787,3.17,1.00
2014.12.05 13:42:09.100,1.78748,1.7879,1.00,1.30
2014.12.05 13:42:09.151,1.78748,1.78792,1.00,1.00
2014.12.05 13:42:09.202,1.78748,1.78794,3.00,1.00
2014.12.05 13:42:09.252,1.78748,1.78791,3.00,1.30
2014.12.05 13:42:09.558,1.78741,1.78777,1.00,1.00
2014.12.05 13:42:09.876,1.78741,1.78772,1.30,1.00
2014.12.05 13:42:10.198,1.78741,1.78757,1.30,1.00
2014.12.05 13:42:10.299,1.78741,1.78772,1.30,1.00
2014.12.05 13:42:10.400,1.78741,1.78772,1.00,1.00
2014.12.05 13:42:10.551,1.78741,1.78767,1.00,1.00
2014.12.05 13:42:10.652,1.78741,1.78772,1.00,1.00
2014.12.05 13:42:10.853,1.78741,1.78781,1.00,1.50
2014.12.05 13:42:10.904,1.78742,1.78781,1.30,1.00
2014.12.05 13:42:11.005,1.78742,1.78782,1.72,1.00
2014.12.05 13:42:11.056,1.78745,1.78782,1.72,1.00
2014.12.05 13:42:11.106,1.78745,1.78787,1.00,1.30
2014.12.05 13:42:11.157,1.78745,1.78787,1.00,1.30
2014.12.05 13:42:11.258,1.78737,1.78782,1.12,1.00
2014.12.05 13:42:11.459,1.78737,1.78781,1.00,1.00
2014.12.05 13:42:11.560,1.78737,1.78781,1.00,1.00
2014.12.05 13:42:11.661,1.78737,1.78772,1.00,1.00
2014.12.05 13:42:11.762,1.7873,1.78772,1.72,1.00
2014.12.05 13:42:11.863,1.7873,1.78776,1.72,1.50
2014.12.05 13:42:12.064,1.7873,1.78771,1.00,1.00
2014.12.05 13:42:12.366,1.7873,1.78771,1.30,1.00
2014.12.05 13:42:12.668,1.7873,1.78762,1.30,1.00
2014.12.05 13:42:12.970,1.78726,1.78752,1.72,1.00
2014.12.05 13:42:13.071,1.78726,1.78757,1.30,1.00
2014.12.05 13:42:13.122,1.78726,1.78757,1.00,1.00
2014.12.05 13:42:13.223,1.78723,1.78762,2.47,1.00
2014.12.05 13:42:13.374,1.78723,1.78762,2.80,1.00
2014.12.05 13:42:13.676,1.78729,1.78762,1.30,1.00
2014.12.05 13:42:13.936,1.78729,1.78766,1.30,1.00
2014.12.05 13:42:14.037,1.78731,1.78762,1.30,1.00
2014.12.05 13:42:14.355,1.78731,1.78762,1.30,1.00
2014.12.05 13:42:14.406,1.78731,1.78757,1.30,1.00
2014.12.05 13:42:14.456,1.78731,1.78757,1.30,1.00
2014.12.05 13:42:14.507,1.78731,1.78761,1.30,1.00
2014.12.05 13:42:14.725,1.78728,1.78757,1.72,1.00
2014.12.05 13:42:14.928,1.78726,1.78757,1.72,1.00
2014.12.05 13:42:15.230,1.7873,1.78757,1.30,1.00
2014.12.05 13:42:15.281,1.7873,1.78761,1.30,1.00
2014.12.05 13:42:15.382,1.7873,1.78762,1.30,1.00
2014.12.05 13:42:15.483,1.78725,1.78759,1.00,1.30
2014.12.05 13:42:15.583,1.7872,1.78755,1.00,1.00
2014.12.05 13:42:15.634,1.78718,1.78755,1.00,1.00
2014.12.05 13:42:15.735,1.7871,1.78755,1.50,1.00
2014.12.05 13:42:15.836,1.7871,1.78758,1.00,1.00
2014.12.05 13:42:15.937,1.78714,1.78761,1.00,1.00
2014.12.05 13:42:16.249,1.78719,1.78742,1.00,1.00
2014.12.05 13:42:16.350,1.78719,1.78762,1.50,1.00
2014.12.05 13:42:16.552,1.78718,1.78762,1.00,1.00
2014.12.05 13:42:16.603,1.78718,1.78757,1.50,1.00
2014.12.05 13:42:16.703,1.78718,1.78762,1.50,1.00
2014.12.05 13:42:16.905,1.78721,1.78769,1.00,1.14
2014.12.05 13:42:17.446,1.78722,1.78772,1.00,1.39
2014.12.05 13:42:17.749,1.78722,1.78762,1.00,1.00
2014.12.05 13:42:17.799,1.78722,1.78767,1.00,1.00
2014.12.05 13:42:17.900,1.78722,1.78769,1.00,1.14
2014.12.05 13:42:18.152,1.78723,1.78767,2.09,1.00
2014.12.05 13:42:18.253,1.78723,1.7877,2.25,1.30
2014.12.05 13:42:18.303,1.78728,1.78771,3.22,1.30
2014.12.05 13:42:18.455,1.78732,1.78775,1.50,1.30
2014.12.05 13:42:18.556,1.78732,1.78767,2.80,1.00
2014.12.05 13:42:18.707,1.78732,1.78771,2.80,1.00
2014.12.05 13:42:18.858,1.78737,1.78772,1.30,1.00
2014.12.05 13:42:18.909,1.78737,1.78777,1.30,1.00
2014.12.05 13:42:19.060,1.78739,1.78777,2.80,1.00
2014.12.05 13:42:19.362,1.78743,1.78786,2.25,1.00
2014.12.05 13:42:19.412,1.78753,1.78786,1.30,1.00
2014.12.05 13:42:19.463,1.78753,1.7879,1.30,1.00
2014.12.05 13:42:19.514,1.7876,1.7879,1.30,1.00
2014.12.05 13:42:19.615,1.7876,1.78792,1.30,1.00
2014.12.05 13:42:19.766,1.7876,1.78797,1.00,1.00
2014.12.05 13:42:19.867,1.7876,1.78796,1.00,1.00
2014.12.05 13:42:20.169,1.78755,1.78796,1.00,1.00
2014.12.05 13:42:20.270,1.78755,1.78792,1.00,1.00
2014.12.05 13:42:20.582,1.78751,1.78788,1.00,1.30
2014.12.05 13:42:20.632,1.78751,1.78791,1.00,1.30
2014.12.05 13:42:20.834,1.78751,1.78793,1.00,1.30
2014.12.05 13:42:20.935,1.78751,1.7879,2.50,1.30
2014.12.05 13:42:21.439,1.78751,1.78789,1.00,1.30
2014.12.05 13:42:21.942,1.78751,1.7879,1.00,1.30
2014.12.05 13:42:22.256,1.78751,1.78787,1.00,1.00
2014.12.05 13:42:22.559,1.78751,1.78792,1.00,1.00
2014.12.05 13:42:22.660,1.78751,1.78786,1.00,1.00
2014.12.05 13:42:22.761,1.78751,1.78791,1.00,1.00
2014.12.05 13:42:22.812,1.78754,1.78791,1.72,1.72
2014.12.05 13:42:23.276,1.78754,1.7879,1.00,1.30
2014.12.05 13:42:23.327,1.78753,1.78782,1.00,1.00
2014.12.05 13:42:23.478,1.78751,1.78782,1.30,1.00
2014.12.05 13:42:23.579,1.78751,1.78782,1.30,1.00
2014.12.05 13:42:23.780,1.78751,1.78786,1.30,1.00
2014.12.05 13:42:23.831,1.78751,1.78786,1.30,1.00
2014.12.05 13:42:24.133,1.7875,1.78786,1.00,1.00
2014.12.05 13:42:24.234,1.7875,1.78787,2.42,1.00
2014.12.05 13:42:24.435,1.7876,1.78798,1.72,1.30
2014.12.05 13:42:24.486,1.78761,1.78801,1.30,1.00
2014.12.05 13:42:24.788,1.78765,1.78802,1.30,1.00
2014.12.05 13:42:24.889,1.78768,1.78807,1.30,1.00
2014.12.05 13:42:25.091,1.78768,1.78801,2.80,1.00
2014.12.05 13:42:25.292,1.78768,1.78807,3.22,1.00
2014.12.05 13:42:25.343,1.78774,1.78807,1.00,1.00
2014.12.05 13:42:25.444,1.78779,1.78818,2.50,1.00
2014.12.05 13:42:25.544,1.78786,1.78827,1.00,1.00
2014.12.05 13:42:25.696,1.7879,1.78827,1.30,1.00
2014.12.05 13:42:25.998,1.78795,1.78826,1.72,1.00
2014.12.05 13:42:26.099,1.78795,1.78831,3.47,1.00
2014.12.05 13:42:26.612,1.78795,1.78827,1.30,1.00
2014.12.05 13:42:26.914,1.78796,1.78826,1.30,1.00
2014.12.05 13:42:26.965,1.78796,1.78832,1.30,1.00
2014.12.05 13:42:27.066,1.78796,1.78831,1.30,1.30
2014.12.05 13:42:27.167,1.78796,1.78826,1.30,1.00
2014.12.05 13:42:27.217,1.78794,1.78826,1.30,1.00
2014.12.05 13:42:27.378,1.78794,1.78832,1.30,1.00
2014.12.05 13:42:27.428,1.78796,1.78832,1.30,1.00
2014.12.05 13:42:27.731,1.788,1.78832,1.30,1.00
2014.12.05 13:42:28.237,1.78801,1.78832,1.30,1.00
2014.12.05 13:42:28.568,1.78801,1.78821,1.30,1.00
2014.12.05 13:42:28.619,1.78801,1.78842,3.17,1.00
2014.12.05 13:42:28.720,1.78801,1.78845,1.00,1.30
2014.12.05 13:42:28.820,1.788,1.78837,1.30,1.00
2014.12.05 13:42:29.173,1.78799,1.78832,1.30,1.00
2014.12.05 13:42:29.475,1.78799,1.78832,1.30,1.00
2014.12.05 13:42:29.526,1.78799,1.78832,1.30,1.00
2014.12.05 13:42:29.828,1.78799,1.78827,1.30,1.00
2014.12.05 13:42:29.929,1.78805,1.78842,1.30,1.00
2014.12.05 13:42:30.030,1.78805,1.78837,1.30,1.00
2014.12.05 13:42:30.081,1.78805,1.78837,1.30,1.00
2014.12.05 13:42:30.352,1.78805,1.78842,1.30,1.00
2014.12.05 13:42:30.452,1.78803,1.78839,1.00,1.30
2014.12.05 13:42:30.503,1.78803,1.78835,1.00,1.30
2014.12.05 13:42:30.755,1.78788,1.78822,1.00,1.00
2014.12.05 13:42:30.806,1.78786,1.78822,1.30,1.00
2014.12.05 13:42:30.906,1.78786,1.78819,1.30,1.00
2014.12.05 13:42:31.209,1.78778,1.78806,1.00,1.00
2014.12.05 13:42:31.360,1.78773,1.78806,1.00,1.00
2014.12.05 13:42:31.818,1.78776,1.78807,1.30,1.00
2014.12.05 13:42:31.970,1.78776,1.78807,1.30,1.00
2014.12.05 13:42:32.264,1.78777,1.78807,1.00,1.00
2014.12.05 13:42:32.915,1.78777,1.78807,1.00,1.00
2014.12.05 13:42:33.015,1.78774,1.78807,1.30,1.00
2014.12.05 13:42:33.066,1.78774,1.78807,1.30,1.00
2014.12.05 13:42:33.469,1.78774,1.78807,1.30,1.00
2014.12.05 13:42:33.721,1.7877,1.78802,1.72,1.00
2014.12.05 13:42:34.024,1.78765,1.78797,1.00,1.00
2014.12.05 13:42:34.225,1.78758,1.78792,1.00,1.00
2014.12.05 13:42:34.377,1.78758,1.78791,1.30,1.00
2014.12.05 13:42:34.679,1.78758,1.78787,1.00,1.00
2014.12.05 13:42:34.780,1.78753,1.78787,1.00,1.00
2014.12.05 13:42:34.830,1.78753,1.78788,1.00,1.30
2014.12.05 13:42:34.931,1.78756,1.78797,1.30,1.00
2014.12.05 13:42:34.982,1.78756,1.78801,1.30,1.30
2014.12.05 13:42:35.133,1.78756,1.78792,1.30,1.00
2014.12.05 13:42:35.637,1.78756,1.78792,1.30,1.00
2014.12.05 13:42:35.687,1.78756,1.78792,1.30,1.00
2014.12.05 13:42:35.788,1.78756,1.78797,1.30,1.00
2014.12.05 13:42:36.090,1.78757,1.78792,1.30,1.00
2014.12.05 13:42:36.141,1.78757,1.78797,1.30,1.00
2014.12.05 13:42:36.242,1.78757,1.78792,1.30,1.00
2014.12.05 13:42:36.343,1.78757,1.78792,1.30,1.00
2014.12.05 13:42:36.445,1.78757,1.78792,1.30,1.00
2014.12.05 13:42:36.596,1.78759,1.78803,1.30,1.35
2014.12.05 13:42:36.697,1.78758,1.78804,1.30,1.00
2014.12.05 13:42:36.748,1.78758,1.78804,1.00,1.00
2014.12.05 13:42:37.205,1.78758,1.78806,1.00,1.00
2014.12.05 13:42:37.357,1.78758,1.78802,3.97,1.00
2014.12.05 13:42:37.659,1.78763,1.78796,1.12,1.00
2014.12.05 13:42:37.710,1.78763,1.78796,2.12,1.00
2014.12.05 13:42:37.760,1.78763,1.78796,2.80,1.00
2014.12.05 13:42:37.911,1.78766,1.78802,1.30,1.00
2014.12.05 13:42:38.012,1.78768,1.78807,1.30,1.00
2014.12.05 13:42:38.240,1.78767,1.78802,1.30,1.00
2014.12.05 13:42:38.542,1.78763,1.78802,1.72,1.00
2014.12.05 13:42:38.696,1.78763,1.78804,1.72,1.12
2014.12.05 13:42:38.746,1.78763,1.78804,1.30,1.00
2014.12.05 13:42:39.048,1.78765,1.78804,1.30,1.00
2014.12.05 13:42:39.149,1.78767,1.7881,1.30,1.87
2014.12.05 13:42:39.200,1.78767,1.7881,1.00,1.87
2014.12.05 13:42:39.452,1.78768,1.78809,1.12,1.00
2014.12.05 13:42:39.553,1.78768,1.78815,2.10,1.00
2014.12.05 13:42:39.654,1.78772,1.78817,1.50,1.37
2014.12.05 13:42:39.956,1.78772,1.78811,1.30,1.00
2014.12.05 13:42:40.007,1.78772,1.78813,1.30,1.00
2014.12.05 13:42:40.108,1.78772,1.78817,1.00,1.00
2014.12.05 13:42:40.209,1.7877,1.78812,1.30,1.00
2014.12.05 13:42:40.511,1.7877,1.78812,2.72,1.00
2014.12.05 13:42:40.662,1.7877,1.78816,1.30,1.00
2014.12.05 13:42:40.763,1.78773,1.78819,1.30,1.00
2014.12.05 13:42:40.864,1.78774,1.7882,1.50,1.00
2014.12.05 13:42:40.965,1.78773,1.78817,1.00,1.00
2014.12.05 13:42:41.369,1.78773,1.78817,1.00,1.00
2014.12.05 13:42:41.470,1.78773,1.78817,1.00,1.00
2014.12.05 13:42:41.571,1.78773,1.78821,2.72,2.25
2014.12.05 13:42:41.621,1.78774,1.78821,1.00,1.00
2014.12.05 13:42:41.822,1.78774,1.78821,2.80,1.00
2014.12.05 13:42:41.873,1.78774,1.78821,1.72,1.00
2014.12.05 13:42:42.588,1.78774,1.78818,1.30,1.00
2014.12.05 13:42:42.898,1.78773,1.78818,1.65,1.00
2014.12.05 13:42:43.049,1.78776,1.78825,1.35,1.87
2014.12.05 13:42:43.150,1.78781,1.78825,1.30,1.87
2014.12.05 13:42:44.107,1.78795,1.7884,1.50,1.00
2014.12.05 13:42:44.158,1.78795,1.7884,3.55,1.00
2014.12.05 13:42:44.318,1.78798,1.78847,2.55,1.00
2014.12.05 13:42:44.369,1.78802,1.78847,1.30,1.00
2014.12.05 13:42:44.985,1.78808,1.78856,1.00,1.00
2014.12.05 13:42:45.089,1.78814,1.78856,1.00,1.00
2014.12.05 13:42:45.395,1.78814,1.78849,1.00,1.00
2014.12.05 13:42:45.445,1.78814,1.78849,1.30,1.00
2014.12.05 13:42:45.496,1.78813,1.78848,1.00,1.00
2014.12.05 13:42:45.597,1.78813,1.78852,1.00,1.00
2014.12.05 13:42:45.950,1.78813,1.78846,1.00,1.00
2014.12.05 13:42:46.101,1.78809,1.78846,1.72,1.50
2014.12.05 13:42:46.665,1.78808,1.78845,1.72,1.00
2014.12.05 13:42:47.197,1.78808,1.78846,1.72,1.50
2014.12.05 13:42:47.515,1.78809,1.78846,1.72,1.00
2014.12.05 13:42:47.616,1.78809,1.78852,2.72,1.87
2014.12.05 13:42:47.926,1.78809,1.78847,1.00,1.00
2014.12.05 13:42:48.179,1.78809,1.78846,1.00,1.00
2014.12.05 13:42:48.744,1.78808,1.78846,1.00,1.00
2014.12.05 13:42:49.437,1.78806,1.78846,1.00,1.00
2014.12.05 13:42:49.589,1.78804,1.78846,1.72,1.50
2014.12.05 13:42:50.041,1.78803,1.78842,1.30,1.00
2014.12.05 13:42:50.092,1.78801,1.78842,1.44,1.00
2014.12.05 13:42:50.446,1.78801,1.78842,2.74,1.00
2014.12.05 13:42:50.497,1.78801,1.78846,3.49,1.00
2014.12.05 13:42:50.547,1.78802,1.78847,1.30,1.12
2014.12.05 13:42:50.850,1.78802,1.78842,1.30,1.00
2014.12.05 13:42:50.900,1.78803,1.78847,1.87,1.00
2014.12.05 13:42:51.001,1.78803,1.78847,2.72,1.37
2014.12.05 13:42:51.052,1.78803,1.78842,1.00,1.00
2014.12.05 13:42:51.203,1.78801,1.78841,1.00,1.00
2014.12.05 13:42:51.254,1.78801,1.78836,1.00,1.00
2014.12.05 13:42:51.694,1.78801,1.78836,1.30,1.00
2014.12.05 13:42:51.997,1.78801,1.78842,1.30,1.00
2014.12.05 13:42:52.310,1.78801,1.78842,1.30,1.00
2014.12.05 13:42:52.361,1.78801,1.78836,1.30,1.00
2014.12.05 13:42:52.462,1.78801,1.78842,1.30,1.00
2014.12.05 13:42:52.513,1.78801,1.78842,1.30,1.00
2014.12.05 13:42:52.815,1.78795,1.78832,2.19,1.00
2014.12.05 13:42:52.966,1.78791,1.78831,1.81,1.00
2014.12.05 13:42:53.369,1.7879,1.78832,1.44,1.00
2014.12.05 13:42:53.671,1.78791,1.78833,1.35,1.30
2014.12.05 13:42:53.722,1.78791,1.78835,2.35,1.30
2014.12.05 13:42:53.823,1.78793,1.78837,1.30,1.87
2014.12.05 13:42:53.974,1.78793,1.78834,1.72,1.30
2014.12.05 13:42:54.025,1.78793,1.78831,1.30,1.00
2014.12.05 13:42:54.277,1.78798,1.78842,1.12,1.50
2014.12.05 13:42:54.327,1.78798,1.78841,1.67,1.00
2014.12.05 13:42:54.629,1.78808,1.78847,1.30,1.00
2014.12.05 13:42:54.932,1.78811,1.78846,1.30,1.00
2014.12.05 13:42:54.983,1.78811,1.78851,1.30,1.00
2014.12.05 13:42:55.084,1.78811,1.78847,1.30,1.00
2014.12.05 13:42:55.386,1.78814,1.78847,1.30,1.00
2014.12.05 13:42:55.890,1.78814,1.78847,1.30,1.00
2014.12.05 13:42:56.067,1.78814,1.78852,1.30,1.00
2014.12.05 13:42:56.269,1.78814,1.78852,1.30,1.00
2014.12.05 13:42:56.780,1.78815,1.78852,1.30,1.00
2014.12.05 13:42:57.291,1.78816,1.78851,1.30,1.00
2014.12.05 13:42:57.392,1.78817,1.78856,1.30,1.00
2014.12.05 13:42:57.493,1.78821,1.78856,1.30,1.00
2014.12.05 13:42:57.644,1.78821,1.78861,1.30,1.87
2014.12.05 13:42:57.695,1.78821,1.78861,1.30,1.87
2014.12.05 13:42:57.745,1.78821,1.78857,1.30,1.00
2014.12.05 13:42:58.047,1.78821,1.78851,1.30,1.00
2014.12.05 13:42:58.305,1.78822,1.78861,1.30,1.00
2014.12.05 13:42:58.407,1.78822,1.78857,1.30,1.00
2014.12.05 13:42:58.709,1.78828,1.78856,1.30,1.00
2014.12.05 13:42:58.810,1.78828,1.78856,1.30,1.00
2014.12.05 13:42:58.911,1.78828,1.78861,1.30,1.00
2014.12.05 13:42:59.229,1.78829,1.78861,1.30,1.00
2014.12.05 13:42:59.433,1.78829,1.78861,1.30,1.00
2014.12.05 13:42:59.693,1.78829,1.78861,1.30,1.00
2014.12.05 13:42:59.793,1.78829,1.78861,1.30,1.00
2014.12.05 13:42:59.895,1.78826,1.78861,1.72,1.00
2014.12.05 13:42:59.945,1.78826,1.78867,1.00,3.00
2014.12.05 13:43:00.247,1.78816,1.78852,1.30,1.00
2014.12.05 13:43:00.348,1.78816,1.78852,1.30,1.00
2014.12.05 13:43:00.500,1.78816,1.78852,1.30,1.00
2014.12.05 13:43:00.551,1.78817,1.78852,1.30,1.00
2014.12.05 13:43:00.602,1.78817,1.78854,1.30,1.00
2014.12.05 13:43:00.703,1.78813,1.78854,1.30,1.00
2014.12.05 13:43:00.854,1.78813,1.78857,1.30,1.00
2014.12.05 13:43:01.207,1.78813,1.78858,1.30,1.00
2014.12.05 13:43:01.409,1.78813,1.78862,1.30,1.00
2014.12.05 13:43:01.560,1.78816,1.78862,1.30,1.00
2014.12.05 13:43:01.711,1.78816,1.78866,1.00,1.37
2014.12.05 13:43:02.114,1.78818,1.78867,1.30,1.37
2014.12.05 13:43:02.661,1.7882,1.78871,1.87,2.25
2014.12.05 13:43:02.969,1.78824,1.78872,1.72,1.75
2014.12.05 13:43:03.272,1.78819,1.78856,1.00,1.12
2014.12.05 13:43:03.373,1.78815,1.78856,1.00,1.87
2014.12.05 13:43:03.474,1.78811,1.78853,1.00,1.37
2014.12.05 13:43:03.625,1.78808,1.78853,1.00,1.37
2014.12.05 13:43:03.978,1.78808,1.78856,1.35,1.37
2014.12.05 13:43:04.129,1.78809,1.78856,1.35,1.87
2014.12.05 13:43:04.431,1.78813,1.78857,1.72,1.00
2014.12.05 13:43:04.655,1.78816,1.78862,1.12,1.00
2014.12.05 13:43:04.825,1.78818,1.78862,1.72,1.00
2014.12.05 13:43:05.128,1.78825,1.78866,1.00,1.00
2014.12.05 13:43:05.330,1.78833,1.78882,1.00,1.00
2014.12.05 13:43:05.431,1.78836,1.78882,1.50,1.00
2014.12.05 13:43:05.533,1.78841,1.78887,1.50,1.00
2014.12.05 13:43:05.583,1.78843,1.78887,1.50,1.00
2014.12.05 13:43:05.886,1.7884,1.78881,1.00,1.00
2014.12.05 13:43:06.188,1.7884,1.78877,1.00,1.00
2014.12.05 13:43:06.541,1.7884,1.78882,1.00,1.00
2014.12.05 13:43:07.125,1.78841,1.78882,1.30,1.00
2014.12.05 13:43:07.427,1.78841,1.78877,1.30,1.00
2014.12.05 13:43:07.731,1.78838,1.78867,1.30,1.00
2014.12.05 13:43:07.831,1.78834,1.78867,1.30,1.00
2014.12.05 13:43:07.882,1.78834,1.78871,1.30,1.00
2014.12.05 13:43:07.987,1.78834,1.78866,1.30,1.00
2014.12.05 13:43:08.038,1.78832,1.78866,1.00,1.00
2014.12.05 13:43:08.088,1.78832,1.78862,1.00,1.00
2014.12.05 13:43:08.189,1.78828,1.78862,1.30,1.00
2014.12.05 13:43:08.341,1.78827,1.78866,1.00,1.00
2014.12.05 13:43:08.593,1.78827,1.78866,2.42,1.00
2014.12.05 13:43:08.997,1.78827,1.78866,2.42,1.00
2014.12.05 13:43:09.299,1.78844,1.78882,1.30,1.00
2014.12.05 13:43:09.450,1.78844,1.78882,1.30,1.00
2014.12.05 13:43:09.551,1.78847,1.78881,1.30,1.00
2014.12.05 13:43:09.652,1.78847,1.78887,1.30,1.00
2014.12.05 13:43:09.752,1.78844,1.78886,1.00,1.00
2014.12.05 13:43:09.803,1.78842,1.78881,1.00,1.00
2014.12.05 13:43:09.853,1.78838,1.78881,1.72,1.00
2014.12.05 13:43:10.357,1.78838,1.78881,1.30,1.00
2014.12.05 13:43:10.407,1.78838,1.78885,1.00,1.50
2014.12.05 13:43:10.709,1.78838,1.78882,3.92,1.00
2014.12.05 13:43:11.012,1.78845,1.78881,1.30,1.00
2014.12.05 13:43:11.062,1.78845,1.78884,1.30,1.00
2014.12.05 13:43:11.319,1.78845,1.78881,1.30,1.00
2014.12.05 13:43:11.370,1.7884,1.78881,1.67,1.00
2014.12.05 13:43:11.521,1.7884,1.78877,1.30,1.00
2014.12.05 13:43:11.824,1.7884,1.78872,1.30,1.00
2014.12.05 13:43:11.874,1.78839,1.78877,1.30,1.50
2014.12.05 13:43:11.976,1.78836,1.78876,1.30,1.00
2014.12.05 13:43:12.026,1.78836,1.78872,1.30,1.00
2014.12.05 13:43:12.178,1.78836,1.78876,1.00,1.00
2014.12.05 13:43:12.278,1.78838,1.78876,1.30,1.00
2014.12.05 13:43:12.480,1.78838,1.78877,1.30,1.00
2014.12.05 13:43:12.933,1.78839,1.78877,1.30,1.00
2014.12.05 13:43:13.034,1.78839,1.78877,1.30,1.00
2014.12.05 13:43:13.135,1.78838,1.78877,1.00,1.00
2014.12.05 13:43:13.286,1.78837,1.78871,1.30,1.00
2014.12.05 13:43:13.387,1.78837,1.78877,1.30,1.00
2014.12.05 13:43:13.739,1.78834,1.78871,1.00,1.00
2014.12.05 13:43:14.270,1.78833,1.78872,1.00,1.00
2014.12.05 13:43:14.590,1.78834,1.78876,1.00,1.00
2014.12.05 13:43:14.842,1.78833,1.78872,1.72,1.00
2014.12.05 13:43:14.892,1.78833,1.78872,1.30,1.00
2014.12.05 13:43:14.943,1.78833,1.78876,2.80,1.50
2014.12.05 13:43:15.044,1.78833,1.78872,1.00,1.30
2014.12.05 13:43:15.346,1.78828,1.78868,1.30,1.00
2014.12.05 13:43:15.447,1.78825,1.78868,1.12,1.00
2014.12.05 13:43:15.598,1.78834,1.78868,1.00,1.00
2014.12.05 13:43:15.699,1.78833,1.78868,1.00,1.00
2014.12.05 13:43:15.901,1.78829,1.78866,1.00,1.00
2014.12.05 13:43:16.254,1.78829,1.78868,1.00,1.00
2014.12.05 13:43:16.585,1.78859,1.78881,1.00,1.00
2014.12.05 13:43:16.636,1.78859,1.78887,1.00,1.00
2014.12.05 13:43:16.737,1.78867,1.78901,1.00,1.00
2014.12.05 13:43:16.888,1.78873,1.78911,1.00,1.00
2014.12.05 13:43:16.939,1.78873,1.78922,1.00,1.72
2014.12.05 13:43:17.140,1.78873,1.78917,1.30,1.00
2014.12.05 13:43:17.338,1.78873,1.78917,1.00,1.00
2014.12.05 13:43:17.592,1.78873,1.78912,1.00,1.00
2014.12.05 13:43:17.693,1.7887,1.78912,1.00,1.00
2014.12.05 13:43:17.794,1.7887,1.78912,1.30,1.00
2014.12.05 13:43:18.096,1.78871,1.78912,1.30,1.00
2014.12.05 13:43:18.298,1.78871,1.78912,1.30,1.00
2014.12.05 13:43:18.404,1.78872,1.78912,1.30,1.00
2014.12.05 13:43:18.555,1.78872,1.78917,1.30,1.50
2014.12.05 13:43:18.665,1.78872,1.78917,1.30,1.50
2014.12.05 13:43:18.884,1.78872,1.78912,1.30,1.00
2014.12.05 13:43:19.538,1.78868,1.78912,1.00,1.00
2014.12.05 13:43:19.639,1.78866,1.78916,1.00,1.37
2014.12.05 13:43:19.791,1.78866,1.78917,1.00,1.37
2014.12.05 13:43:20.119,1.78866,1.78912,2.80,1.00
2014.12.05 13:43:20.451,1.78866,1.78911,1.30,1.00
2014.12.05 13:43:20.856,1.78866,1.78901,3.55,1.00
2014.12.05 13:43:21.059,1.78862,1.78897,1.00,1.00
2014.12.05 13:43:21.311,1.78864,1.78897,1.30,1.00
2014.12.05 13:43:21.412,1.78873,1.78914,1.00,1.00
2014.12.05 13:43:21.614,1.78874,1.78917,1.35,1.00
2014.12.05 13:43:21.715,1.78874,1.78924,1.12,1.37
2014.12.05 13:43:21.815,1.78874,1.78924,1.50,1.00
2014.12.05 13:43:21.866,1.78876,1.78929,3.97,1.00
2014.12.05 13:43:22.169,1.78881,1.78929,1.12,1.00
2014.12.05 13:43:22.370,1.78881,1.78929,2.42,1.00
2014.12.05 13:43:22.732,1.78884,1.78932,1.30,1.37
2014.12.05 13:43:22.935,1.78893,1.78948,1.12,1.37
2014.12.05 13:43:22.986,1.78893,1.78948,2.84,1.50
2014.12.05 13:43:23.188,1.78893,1.78944,1.00,1.87
2014.12.05 13:43:23.289,1.78893,1.78944,1.00,2.25
2014.12.05 13:43:23.620,1.78893,1.78944,1.00,3.22
2014.12.05 13:43:23.821,1.7889,1.78938,1.00,1.37
2014.12.05 13:43:24.491,1.7889,1.78938,1.72,1.37
2014.12.05 13:43:24.794,1.7889,1.78938,1.60,1.00
2014.12.05 13:43:25.097,1.78893,1.78931,1.12,1.00
2014.12.05 13:43:25.402,1.78897,1.78931,1.30,1.00
2014.12.05 13:43:25.604,1.78902,1.78937,1.30,1.00
2014.12.05 13:43:25.828,1.78902,1.78932,1.30,1.00
2014.12.05 13:43:26.031,1.78902,1.78937,1.30,1.00
2014.12.05 13:43:26.485,1.78902,1.78936,1.30,1.00
2014.12.05 13:43:27.109,1.78902,1.78936,1.67,1.00
2014.12.05 13:43:27.632,1.78902,1.78937,1.67,1.00
2014.12.05 13:43:28.085,1.78898,1.78937,1.30,1.00
2014.12.05 13:43:28.136,1.78898,1.78927,1.30,1.00
2014.12.05 13:43:28.237,1.78894,1.78927,1.00,1.00
2014.12.05 13:43:28.338,1.78892,1.78935,1.20,1.67
2014.12.05 13:43:28.439,1.78892,1.78936,1.30,1.87
2014.12.05 13:43:28.541,1.78892,1.78936,1.30,1.87
2014.12.05 13:43:28.642,1.78892,1.78936,2.42,1.87
2014.12.05 13:43:28.693,1.78893,1.78936,1.12,1.50
2014.12.05 13:43:28.894,1.78893,1.78936,1.30,1.00
2014.12.05 13:43:29.517,1.78893,1.78936,1.67,1.00
2014.12.05 13:43:29.820,1.78895,1.78937,1.87,1.00
2014.12.05 13:43:29.870,1.78897,1.78941,1.12,1.00
2014.12.05 13:43:29.972,1.78902,1.78941,1.30,1.00
2014.12.05 13:43:30.224,1.78898,1.78944,1.00,1.37
2014.12.05 13:43:30.325,1.78894,1.78942,1.67,1.87
2014.12.05 13:43:30.375,1.78894,1.78942,1.30,1.87
2014.12.05 13:43:30.499,1.78894,1.78942,1.12,1.87
2014.12.05 13:43:30.600,1.78911,1.78942,1.00,1.00
2014.12.05 13:43:30.651,1.78918,1.78948,2.10,1.00
2014.12.05 13:43:30.752,1.78918,1.78955,2.42,1.00
2014.12.05 13:43:30.852,1.78921,1.78957,1.30,1.50
2014.12.05 13:43:30.953,1.7892,1.78957,1.30,1.00
2014.12.05 13:43:31.004,1.7892,1.78962,1.30,2.10
2014.12.05 13:43:31.055,1.78917,1.78957,1.30,1.30
2014.12.05 13:43:31.206,1.78914,1.78957,1.00,1.00
2014.12.05 13:43:31.257,1.78912,1.78957,1.00,1.00
2014.12.05 13:43:31.307,1.78912,1.78947,1.00,1.00
2014.12.05 13:43:31.358,1.78908,1.78947,1.00,1.00
2014.12.05 13:43:31.409,1.78908,1.78951,1.00,1.00
2014.12.05 13:43:31.510,1.78908,1.78951,2.80,1.00
2014.12.05 13:43:31.706,1.78906,1.78952,1.30,1.00
2014.12.05 13:43:31.909,1.78906,1.78952,1.00,1.00
2014.12.05 13:43:32.010,1.78904,1.78951,1.00,1.00
2014.12.05 13:43:32.262,1.78901,1.78951,1.00,1.00
2014.12.05 13:43:32.413,1.78903,1.78951,1.30,1.00
2014.12.05 13:43:32.464,1.78903,1.78956,1.30,1.12
2014.12.05 13:43:32.565,1.78905,1.78957,1.00,1.00
2014.12.05 13:43:32.929,1.78907,1.78957,1.30,1.00
2014.12.05 13:43:33.232,1.7891,1.78951,1.00,1.00
2014.12.05 13:43:33.385,1.7891,1.78957,1.00,1.00
2014.12.05 13:43:33.889,1.7891,1.78956,1.00,1.00
2014.12.05 13:43:33.940,1.7891,1.7896,1.00,1.00
2014.12.05 13:43:34.091,1.7891,1.78957,1.00,1.00
2014.12.05 13:43:34.393,1.7891,1.7896,1.00,1.00
2014.12.05 13:43:34.571,1.7891,1.78959,1.37,1.00
2014.12.05 13:43:34.773,1.78911,1.7896,1.00,1.00
2014.12.05 13:43:35.025,1.78911,1.78961,1.37,1.12
2014.12.05 13:43:35.075,1.78911,1.78952,1.37,1.00
2014.12.05 13:43:35.176,1.78911,1.78957,1.90,1.00
2014.12.05 13:43:35.227,1.78911,1.78957,1.90,1.00
2014.12.05 13:43:35.796,1.78911,1.78957,1.37,1.00
2014.12.05 13:43:36.108,1.78912,1.78962,1.50,1.37
2014.12.05 13:43:36.159,1.78912,1.78962,3.37,1.00
2014.12.05 13:43:36.210,1.78917,1.78966,1.12,1.00
2014.12.05 13:43:36.311,1.78921,1.78968,1.12,1.12
2014.12.05 13:43:36.681,1.78921,1.78968,1.87,1.00
2014.12.05 13:43:36.731,1.78922,1.78973,1.12,1.00
2014.12.05 13:43:37.184,1.78924,1.78973,1.12,1.00
2014.12.05 13:43:37.285,1.78924,1.78973,1.12,1.00
2014.12.05 13:43:37.669,1.78927,1.78976,1.12,1.00
2014.12.05 13:43:38.188,1.78927,1.78976,1.00,2.25
2014.12.05 13:43:38.334,1.78924,1.78965,1.00,1.00
2014.12.05 13:43:38.386,1.78923,1.78965,1.00,1.75
2014.12.05 13:43:38.487,1.78916,1.78958,1.50,1.37
2014.12.05 13:43:38.588,1.78912,1.78956,1.00,1.12
2014.12.05 13:43:38.790,1.78912,1.78956,1.37,1.00
2014.12.05 13:43:38.992,1.78912,1.78956,1.00,1.00
2014.12.05 13:43:39.193,1.78912,1.78962,1.50,1.00
2014.12.05 13:43:39.797,1.78913,1.78964,1.50,1.00
2014.12.05 13:43:40.301,1.78917,1.78964,1.50,1.00
2014.12.05 13:43:40.603,1.78923,1.78968,1.00,1.00
2014.12.05 13:43:40.654,1.78924,1.78972,1.72,1.00
2014.12.05 13:43:40.856,1.78924,1.7897,3.47,1.30
2014.12.05 13:43:41.158,1.78919,1.78963,1.00,1.00
2014.12.05 13:43:41.334,1.78919,1.78961,1.00,1.00
2014.12.05 13:43:41.486,1.78917,1.7896,1.30,1.00
2014.12.05 13:43:41.537,1.78915,1.78956,1.72,1.00
2014.12.05 13:43:41.990,1.78914,1.78949,1.00,1.30
2014.12.05 13:43:42.040,1.78909,1.78949,1.00,1.72
2014.12.05 13:43:42.242,1.78908,1.78944,1.00,1.00
2014.12.05 13:43:42.343,1.78903,1.78944,1.00,1.00
2014.12.05 13:43:42.661,1.78903,1.78944,1.00,1.00
2014.12.05 13:43:42.862,1.78902,1.78944,1.30,1.00
2014.12.05 13:43:42.963,1.789,1.78943,1.00,1.00
2014.12.05 13:43:43.215,1.789,1.78939,1.00,1.00
2014.12.05 13:43:43.417,1.78898,1.78939,1.30,1.00
2014.12.05 13:43:43.870,1.78897,1.78942,1.50,1.00
2014.12.05 13:43:43.971,1.78891,1.78937,1.50,1.00
2014.12.05 13:43:44.072,1.78891,1.78934,1.00,1.00
2014.12.05 13:43:44.173,1.78891,1.78937,1.00,1.00
2014.12.05 13:43:44.965,1.78891,1.78936,1.50,1.00
2014.12.05 13:43:45.066,1.78891,1.78933,1.00,1.00
2014.12.05 13:43:45.269,1.78891,1.78937,2.12,1.00
2014.12.05 13:43:45.521,1.78891,1.78932,2.12,1.00
2014.12.05 13:43:45.622,1.78891,1.78937,1.00,1.00
2014.12.05 13:43:45.825,1.78891,1.78936,1.00,1.00
2014.12.05 13:43:45.876,1.78891,1.78936,1.00,1.00
2014.12.05 13:43:45.977,1.78891,1.78936,1.00,1.50
2014.12.05 13:43:46.078,1.78891,1.78936,1.00,1.00
2014.12.05 13:43:46.380,1.78891,1.7893,1.30,1.00
2014.12.05 13:43:46.582,1.78888,1.7893,1.72,1.00
2014.12.05 13:43:46.684,1.78885,1.78929,1.50,1.37
2014.12.05 13:43:46.986,1.78883,1.78922,1.00,1.37
2014.12.05 13:43:47.037,1.78878,1.78921,1.00,1.37
2014.12.05 13:43:47.088,1.78878,1.78921,1.00,1.00
2014.12.05 13:43:47.188,1.78878,1.78925,1.00,1.37
2014.12.05 13:43:47.390,1.78878,1.78925,1.00,2.10
2014.12.05 13:43:47.592,1.78879,1.78925,1.00,1.00
2014.12.05 13:43:47.894,1.78878,1.78921,1.30,1.00
2014.12.05 13:43:48.046,1.78879,1.78925,1.00,1.00
2014.12.05 13:43:48.449,1.7888,1.78929,1.72,1.37
2014.12.05 13:43:48.707,1.78885,1.78929,1.00,1.37
2014.12.05 13:43:48.808,1.78885,1.78929,1.00,1.87
2014.12.05 13:43:49.110,1.78888,1.78933,1.12,1.00
2014.12.05 13:43:49.211,1.7889,1.78933,2.42,1.00
2014.12.05 13:43:49.514,1.789,1.78941,1.12,1.00
2014.12.05 13:43:49.564,1.789,1.78944,1.67,1.00
2014.12.05 13:43:49.665,1.789,1.78944,2.42,1.00
2014.12.05 13:43:49.968,1.78905,1.78946,1.30,1.00
2014.12.05 13:43:50.119,1.78905,1.78952,2.80,1.12
2014.12.05 13:43:50.220,1.78905,1.78952,2.80,1.37
2014.12.05 13:43:50.605,1.78905,1.78947,1.87,1.00
2014.12.05 13:43:50.907,1.78905,1.78951,1.12,1.50
2014.12.05 13:43:51.008,1.78911,1.78951,1.30,1.00
2014.12.05 13:43:51.284,1.78919,1.78961,1.50,1.00
2014.12.05 13:43:51.334,1.78919,1.78967,2.72,1.75
2014.12.05 13:43:51.435,1.7892,1.78967,1.72,1.37
2014.12.05 13:43:51.586,1.7892,1.78967,1.30,1.37
2014.12.05 13:43:51.738,1.7892,1.78966,3.10,1.00
2014.12.05 13:43:52.091,1.7892,1.78965,1.00,1.00
2014.12.05 13:43:52.142,1.7892,1.78951,1.00,1.00
2014.12.05 13:43:52.343,1.78913,1.78957,1.37,1.50
2014.12.05 13:43:52.445,1.78913,1.78953,1.00,1.30
2014.12.05 13:43:52.657,1.78913,1.78957,1.00,1.00
2014.12.05 13:43:52.708,1.78913,1.7896,1.00,1.00
2014.12.05 13:43:52.809,1.78913,1.78959,1.00,1.00
2014.12.05 13:43:52.960,1.78913,1.78963,2.72,1.00
2014.12.05 13:43:53.237,1.78914,1.78963,1.50,1.75
2014.12.05 13:43:53.438,1.7891,1.78959,1.00,1.87
2014.12.05 13:43:53.539,1.7891,1.78959,1.37,1.50
2014.12.05 13:43:53.741,1.78914,1.78964,1.72,1.12
2014.12.05 13:43:54.043,1.78918,1.7897,1.12,1.37
2014.12.05 13:43:54.295,1.78918,1.78966,1.37,1.12
2014.12.05 13:43:54.667,1.7892,1.78966,1.12,1.50
2014.12.05 13:43:54.970,1.78924,1.78966,1.00,1.00
2014.12.05 13:43:55.070,1.78924,1.78966,1.00,1.00
2014.12.05 13:43:55.121,1.78923,1.78966,1.00,1.00
2014.12.05 13:43:55.323,1.7892,1.78966,1.12,1.00
2014.12.05 13:43:55.373,1.7892,1.78966,1.00,1.00
2014.12.05 13:43:55.474,1.78919,1.78966,1.37,1.00
2014.12.05 13:43:56.179,1.78917,1.78966,2.25,1.00
2014.12.05 13:43:56.381,1.78917,1.78971,2.49,1.87
2014.12.05 13:43:56.582,1.78917,1.78961,1.00,1.84
2014.12.05 13:43:56.834,1.78913,1.78955,1.00,1.46
2014.12.05 13:43:56.885,1.78913,1.78955,1.00,1.00
2014.12.05 13:43:57.036,1.78913,1.78957,1.72,1.87
2014.12.05 13:43:57.087,1.78913,1.78951,1.30,1.00
2014.12.05 13:43:57.137,1.7891,1.78951,1.12,1.00
2014.12.05 13:43:57.373,1.7891,1.78951,1.72,1.00
2014.12.05 13:43:57.627,1.78918,1.78962,1.00,1.30
2014.12.05 13:43:57.779,1.78918,1.78961,1.00,1.00
2014.12.05 13:43:57.880,1.78918,1.78963,1.00,1.30
2014.12.05 13:43:58.082,1.78918,1.78966,1.00,1.30
2014.12.05 13:43:58.285,1.78918,1.78963,1.00,1.30
2014.12.05 13:43:58.386,1.78918,1.78962,1.00,1.50
2014.12.05 13:43:58.437,1.78918,1.78958,1.00,1.30
2014.12.05 13:43:58.638,1.78915,1.78957,1.00,1.00
2014.12.05 13:43:58.840,1.78915,1.78952,1.00,1.00
2014.12.05 13:43:58.941,1.78912,1.78952,1.00,1.00
2014.12.05 13:43:59.092,1.78912,1.78947,1.00,1.00
2014.12.05 13:43:59.193,1.78912,1.78951,1.00,1.00
2014.12.05 13:43:59.546,1.7891,1.78952,1.00,1.00
2014.12.05 13:43:59.597,1.7891,1.78947,1.00,1.00
2014.12.05 13:43:59.899,1.78905,1.78941,1.00,1.00
2014.12.05 13:44:00.410,1.78905,1.78941,1.72,1.00
2014.12.05 13:44:00.717,1.78905,1.78946,3.92,1.00
2014.12.05 13:44:00.821,1.78905,1.78942,3.92,1.00
2014.12.05 13:44:01.278,1.78905,1.78937,1.00,1.00
2014.12.05 13:44:01.379,1.78905,1.78942,2.10,1.00
2014.12.05 13:44:01.581,1.78905,1.78947,1.35,1.00
2014.12.05 13:44:01.833,1.78909,1.78947,1.12,1.00
2014.12.05 13:44:02.135,1.78909,1.78952,1.35,1.00
2014.12.05 13:44:02.287,1.78909,1.78942,1.30,1.00
2014.12.05 13:44:02.388,1.78909,1.78957,1.37,1.87
2014.12.05 13:44:02.539,1.78909,1.78957,1.00,1.00
2014.12.05 13:44:02.590,1.7891,1.78961,1.35,1.50
2014.12.05 13:44:02.709,1.7891,1.78961,1.50,1.00
2014.12.05 13:44:02.911,1.7891,1.78961,2.10,1.00
2014.12.05 13:44:03.611,1.78913,1.78961,1.72,1.37
2014.12.05 13:44:03.712,1.78913,1.78961,1.50,1.50
2014.12.05 13:44:03.970,1.7891,1.78958,1.12,1.37
2014.12.05 13:44:04.335,1.7891,1.78958,1.00,1.75
2014.12.05 13:44:04.839,1.7891,1.78958,1.00,2.62
2014.12.05 13:44:05.141,1.7891,1.78957,1.00,1.75
2014.12.05 13:44:05.393,1.7891,1.78957,1.00,1.50
2014.12.05 13:44:05.494,1.7891,1.78957,1.00,1.50
2014.12.05 13:44:05.695,1.7891,1.78951,1.00,1.00
2014.12.05 13:44:06.239,1.7891,1.78947,1.00,1.00
2014.12.05 13:44:06.441,1.78903,1.78947,1.12,1.12
2014.12.05 13:44:06.542,1.78904,1.78946,1.00,1.00
2014.12.05 13:44:06.643,1.78904,1.78946,1.00,1.00
2014.12.05 13:44:07.785,1.78904,1.78947,1.35,1.00
2014.12.05 13:44:08.088,1.78904,1.78941,1.30,1.00
2014.12.05 13:44:08.188,1.78904,1.78947,1.30,1.00
2014.12.05 13:44:08.692,1.78904,1.78946,1.30,1.00
2014.12.05 13:44:08.743,1.78903,1.78947,1.00,1.00
2014.12.05 13:44:08.945,1.78903,1.78946,1.30,1.37
2014.12.05 13:44:09.096,1.78897,1.78942,1.00,1.12
2014.12.05 13:44:09.147,1.78897,1.78942,1.37,1.00
2014.12.05 13:44:09.248,1.78897,1.78941,1.00,1.00
2014.12.05 13:44:09.776,1.78897,1.78942,1.00,1.00
2014.12.05 13:44:10.386,1.78897,1.78945,1.37,1.12
2014.12.05 13:44:10.638,1.78897,1.78945,1.12,1.37
2014.12.05 13:44:10.741,1.789,1.78945,1.72,1.00
2014.12.05 13:44:11.044,1.78909,1.78947,1.00,1.00
2014.12.05 13:44:11.559,1.78909,1.78946,1.00,1.00
2014.12.05 13:44:11.610,1.78909,1.78952,1.00,1.00
2014.12.05 13:44:11.946,1.78913,1.78957,1.50,1.00
2014.12.05 13:44:12.249,1.78917,1.78957,2.42,1.00
2014.12.05 13:44:12.753,1.78919,1.78956,2.25,1.00
2014.12.05 13:44:12.803,1.78919,1.78962,3.60,1.00
2014.12.05 13:44:13.236,1.78922,1.78962,1.12,1.00
2014.12.05 13:44:13.387,1.78924,1.78971,1.50,1.50
2014.12.05 13:44:13.599,1.78928,1.78971,1.12,1.00
2014.12.05 13:44:13.902,1.78928,1.78961,1.67,1.00
2014.12.05 13:44:14.003,1.78927,1.78962,1.67,1.00
2014.12.05 13:44:14.154,1.78926,1.78962,1.30,1.00
2014.12.05 13:44:14.702,1.78925,1.78961,1.00,1.00
2014.12.05 13:44:15.004,1.78917,1.78962,1.90,1.00
2014.12.05 13:44:15.055,1.78917,1.78962,1.37,1.00
2014.12.05 13:44:15.357,1.78916,1.78957,1.87,1.00
2014.12.05 13:44:15.476,1.78916,1.78962,1.50,1.00
2014.12.05 13:44:15.577,1.78916,1.78961,1.30,1.00
2014.12.05 13:44:16.384,1.78917,1.78961,1.72,1.00
2014.12.05 13:44:16.778,1.78917,1.78962,1.00,1.00
2014.12.05 13:44:17.081,1.78917,1.78957,1.00,1.00
2014.12.05 13:44:17.582,1.78917,1.78956,1.00,1.00
2014.12.05 13:44:17.632,1.78917,1.78956,1.00,1.00
2014.12.05 13:44:17.956,1.78916,1.78957,1.00,1.00
2014.12.05 13:44:18.108,1.78911,1.78951,1.87,1.00
2014.12.05 13:44:18.626,1.7891,1.78952,2.62,1.00
2014.12.05 13:44:18.890,1.7891,1.78957,3.85,1.00
2014.12.05 13:44:18.990,1.7891,1.78952,2.85,1.00
2014.12.05 13:44:19.293,1.78913,1.78952,2.25,1.00
2014.12.05 13:44:19.445,1.78922,1.78961,1.12,1.00
2014.12.05 13:44:19.546,1.78923,1.78961,1.35,1.00
2014.12.05 13:44:19.849,1.78923,1.78967,2.47,1.00
2014.12.05 13:44:19.950,1.78923,1.78967,2.80,1.00
2014.12.05 13:44:20.252,1.78923,1.78957,1.00,1.00
2014.12.05 13:44:20.303,1.78923,1.78957,1.00,1.00
2014.12.05 13:44:20.404,1.78923,1.78962,1.00,1.00
2014.12.05 13:44:20.857,1.78923,1.78968,1.00,1.00
2014.12.05 13:44:21.059,1.78923,1.78967,1.30,1.00
2014.12.05 13:44:21.363,1.78924,1.78966,1.50,1.00
2014.12.05 13:44:21.413,1.78924,1.78968,2.35,1.00
2014.12.05 13:44:21.515,1.78924,1.78966,1.00,1.00
2014.12.05 13:44:21.616,1.7892,1.78963,1.50,1.72
2014.12.05 13:44:21.817,1.7892,1.78952,1.00,1.00
2014.12.05 13:44:21.918,1.78915,1.78952,1.50,1.00
2014.12.05 13:44:22.170,1.78915,1.7896,1.00,1.00
2014.12.05 13:44:22.221,1.78915,1.7896,2.72,1.00
2014.12.05 13:44:22.756,1.78918,1.7896,1.50,1.00
2014.12.05 13:44:23.183,1.7892,1.7896,1.00,1.00
2014.12.05 13:44:23.385,1.7893,1.7897,1.72,1.00
2014.12.05 13:44:23.586,1.7893,1.78974,2.12,1.00
2014.12.05 13:44:23.971,1.78933,1.78974,1.87,1.00
2014.12.05 13:44:24.493,1.78933,1.78974,3.17,1.00
2014.12.05 13:44:24.817,1.78938,1.78977,2.10,1.00
2014.12.05 13:44:24.918,1.78938,1.78975,1.00,1.00
2014.12.05 13:44:25.222,1.78933,1.78971,1.00,1.00
2014.12.05 13:44:25.373,1.78933,1.78971,1.00,1.00
2014.12.05 13:44:25.474,1.78935,1.78975,1.50,1.00
2014.12.05 13:44:25.575,1.78935,1.78979,4.22,1.00
2014.12.05 13:44:25.743,1.78938,1.78979,1.50,1.00
2014.12.05 13:44:26.204,1.7894,1.78979,3.00,1.00
2014.12.05 13:44:26.506,1.78944,1.78981,1.12,1.00
2014.12.05 13:44:27.030,1.78944,1.78981,1.30,1.00
2014.12.05 13:44:27.333,1.78945,1.78981,1.00,1.00
2014.12.05 13:44:27.535,1.78947,1.78984,1.72,1.00
2014.12.05 13:44:27.887,1.78948,1.78986,1.12,1.00
2014.12.05 13:44:28.139,1.78948,1.78988,2.47,1.00
2014.12.05 13:44:28.391,1.7895,1.78988,1.50,1.00
2014.12.05 13:44:28.694,1.78952,1.78988,1.35,1.00
2014.12.05 13:44:28.910,1.78951,1.78988,1.67,1.00
2014.12.05 13:44:29.263,1.78951,1.78988,1.00,1.00
2014.12.05 13:44:29.465,1.7895,1.78988,1.37,1.00
2014.12.05 13:44:29.516,1.7895,1.78988,1.00,1.00
2014.12.05 13:44:29.617,1.7895,1.78988,1.37,1.00
2014.12.05 13:44:29.768,1.7895,1.78987,1.00,1.00
2014.12.05 13:44:29.919,1.7895,1.78977,1.00,1.00
2014.12.05 13:44:30.071,1.78943,1.78977,1.00,1.00
2014.12.05 13:44:30.323,1.78943,1.78972,1.00,1.00
2014.12.05 13:44:30.659,1.78943,1.78977,1.00,1.00
2014.12.05 13:44:31.187,1.78941,1.78976,1.50,1.00
2014.12.05 13:44:31.238,1.7894,1.78972,1.00,1.00
2014.12.05 13:44:31.339,1.78938,1.78972,1.00,1.00
2014.12.05 13:44:31.440,1.78938,1.78977,1.00,1.50
2014.12.05 13:44:31.963,1.78938,1.78976,1.00,1.00
2014.12.05 13:44:32.175,1.78938,1.78977,1.00,1.50
2014.12.05 13:44:32.377,1.78938,1.78977,1.00,1.50
2014.12.05 13:44:32.427,1.78938,1.78972,1.00,1.00
2014.12.05 13:44:32.730,1.78931,1.78971,1.37,1.00
2014.12.05 13:44:33.096,1.78931,1.78966,1.00,1.00
2014.12.05 13:44:33.297,1.78931,1.78971,1.00,1.00
2014.12.05 13:44:33.822,1.78934,1.78972,1.12,1.00
2014.12.05 13:44:34.257,1.78933,1.78968,1.00,1.00
2014.12.05 13:44:34.358,1.78931,1.78967,1.00,1.50
2014.12.05 13:44:34.408,1.78931,1.78962,1.00,1.00
2014.12.05 13:44:34.459,1.78925,1.78962,1.00,1.00
2014.12.05 13:44:34.510,1.78925,1.78964,1.00,1.00
2014.12.05 13:44:34.610,1.78925,1.78962,1.00,1.00
2014.12.05 13:44:34.815,1.78921,1.7896,3.00,1.00
2014.12.05 13:44:34.866,1.78921,1.78957,2.25,1.00
2014.12.05 13:44:35.827,1.78921,1.7896,1.00,1.00
2014.12.05 13:44:35.978,1.78921,1.7896,1.00,1.00
2014.12.05 13:44:36.281,1.78921,1.78957,1.00,1.00
2014.12.05 13:44:36.394,1.78921,1.78957,1.00,1.50
2014.12.05 13:44:36.444,1.78922,1.78957,1.00,1.00
2014.12.05 13:44:36.848,1.78922,1.78951,1.00,1.00
2014.12.05 13:44:37.299,1.78922,1.78946,1.00,1.00
2014.12.05 13:44:37.592,1.78922,1.78952,1.00,1.00
2014.12.05 13:44:37.693,1.78922,1.78955,1.00,1.00
2014.12.05 13:44:37.845,1.78922,1.78952,1.00,1.00
2014.12.05 13:44:38.046,1.78922,1.78955,1.00,1.00
2014.12.05 13:44:38.147,1.78922,1.78951,1.00,1.00
2014.12.05 13:44:38.449,1.78917,1.78947,1.00,1.00
2014.12.05 13:44:38.500,1.78917,1.78949,1.00,1.00
2014.12.05 13:44:38.651,1.78917,1.78952,1.00,1.00
2014.12.05 13:44:39.155,1.78917,1.78947,1.00,1.00
2014.12.05 13:44:39.407,1.78917,1.78947,1.00,1.00
2014.12.05 13:44:39.558,1.78917,1.78951,2.12,1.00
2014.12.05 13:44:39.609,1.78917,1.78951,2.10,1.00
2014.12.05 13:44:39.659,1.78918,1.78953,1.72,1.00
2014.12.05 13:44:39.710,1.78918,1.78953,2.72,1.00
2014.12.05 13:44:39.811,1.78924,1.78961,1.00,1.50
2014.12.05 13:44:39.911,1.78924,1.78957,1.00,1.00
2014.12.05 13:44:39.962,1.78923,1.78957,1.00,1.50
2014.12.05 13:44:40.113,1.78923,1.78951,1.00,1.00
2014.12.05 13:44:40.214,1.78917,1.78951,1.00,1.00
2014.12.05 13:44:40.416,1.78917,1.78951,1.00,1.00
2014.12.05 13:44:40.466,1.78917,1.78954,1.00,1.00
2014.12.05 13:44:40.730,1.78918,1.78957,1.00,1.00
2014.12.05 13:44:41.100,1.78918,1.78952,1.00,1.00
2014.12.05 13:44:42.424,1.7892,1.78957,1.00,1.00
2014.12.05 13:44:42.928,1.7892,1.78957,1.00,1.37
2014.12.05 13:44:42.979,1.7892,1.78952,1.00,1.00
2014.12.05 13:44:43.080,1.78917,1.78949,1.00,1.00
2014.12.05 13:44:43.408,1.78917,1.78947,1.00,1.00
2014.12.05 13:44:43.559,1.78917,1.78949,1.00,1.00
2014.12.05 13:44:44.063,1.78917,1.78954,1.00,1.00
2014.12.05 13:44:44.364,1.78917,1.78949,1.00,1.00
2014.12.05 13:44:44.667,1.78913,1.78945,1.50,1.00
2014.12.05 13:44:44.768,1.78909,1.78942,1.00,1.00
2014.12.05 13:44:45.271,1.78908,1.78939,1.00,1.00
2014.12.05 13:44:45.423,1.78908,1.78944,1.00,1.00
2014.12.05 13:44:45.473,1.78911,1.78948,1.00,1.00
2014.12.05 13:44:45.775,1.78911,1.78944,1.00,1.00
2014.12.05 13:44:46.279,1.78907,1.78939,1.00,1.00
2014.12.05 13:44:46.581,1.78903,1.78935,1.00,1.00
2014.12.05 13:44:47.034,1.78903,1.7894,1.00,1.00
2014.12.05 13:44:48.335,1.78903,1.78935,1.00,1.00
2014.12.05 13:44:48.537,1.789,1.78933,1.00,1.00
2014.12.05 13:44:49.040,1.78899,1.78933,1.00,1.00
2014.12.05 13:44:49.242,1.78899,1.78938,1.00,1.00
2014.12.05 13:44:49.875,1.78899,1.78933,1.00,1.00
2014.12.05 13:44:50.632,1.78899,1.78932,1.00,1.00
2014.12.05 13:44:50.783,1.78892,1.78926,1.00,1.00
2014.12.05 13:44:51.198,1.78886,1.7892,1.00,1.00
2014.12.05 13:44:51.501,1.78876,1.78908,2.25,1.00
2014.12.05 13:44:51.803,1.78867,1.78897,1.00,1.09
2014.12.05 13:44:51.853,1.78863,1.78899,1.00,1.34
2014.12.05 13:44:51.904,1.78863,1.78887,1.00,1.00
2014.12.05 13:44:51.954,1.78858,1.78887,1.00,1.00
2014.12.05 13:44:52.005,1.78858,1.78884,1.00,1.00
2014.12.05 13:44:52.055,1.78855,1.78884,1.00,1.00
2014.12.05 13:44:52.156,1.78853,1.78884,1.50,1.00
2014.12.05 13:44:52.207,1.78853,1.78887,1.00,1.30
2014.12.05 13:44:52.308,1.78853,1.78885,1.00,1.00
2014.12.05 13:44:52.358,1.78851,1.78885,1.44,1.00
2014.12.05 13:44:52.409,1.78848,1.78879,1.00,1.00
2014.12.05 13:44:52.510,1.7884,1.78881,1.44,1.00
2014.12.05 13:44:52.560,1.7884,1.78878,1.44,1.34
2014.12.05 13:44:52.812,1.78838,1.78875,1.50,1.00
2014.12.05 13:44:52.863,1.7884,1.78875,1.00,1.34
2014.12.05 13:44:52.964,1.7884,1.78874,1.00,1.09
2014.12.05 13:44:53.014,1.7884,1.78874,1.00,1.09
2014.12.05 13:44:53.166,1.78839,1.78871,1.00,1.00
2014.12.05 13:44:53.317,1.78839,1.78866,1.00,1.00
2014.12.05 13:44:53.367,1.78833,1.78866,1.00,1.00
2014.12.05 13:44:53.871,1.78832,1.78866,1.00,1.00
2014.12.05 13:44:54.310,1.78829,1.78868,1.00,1.00
2014.12.05 13:44:54.612,1.78828,1.78864,1.00,1.00
2014.12.05 13:44:54.970,1.78828,1.78864,1.00,1.00
2014.12.05 13:44:55.071,1.78828,1.78868,2.50,1.00
2014.12.05 13:44:55.222,1.78828,1.78868,1.00,1.12
2014.12.05 13:44:55.525,1.78829,1.78864,1.00,1.00
2014.12.05 13:44:55.576,1.78829,1.78864,1.00,1.00
2014.12.05 13:44:55.677,1.78825,1.78864,1.00,1.00
2014.12.05 13:44:55.888,1.78825,1.78846,1.00,1.84
2014.12.05 13:44:55.939,1.78821,1.78842,1.00,1.09
2014.12.05 13:44:56.040,1.78813,1.78841,1.00,1.00
2014.12.05 13:44:56.141,1.78813,1.78842,2.50,1.09
2014.12.05 13:44:56.242,1.78813,1.78842,1.50,1.09
2014.12.05 13:44:56.746,1.78813,1.78842,2.25,1.09
2014.12.05 13:44:57.099,1.78814,1.78842,1.50,1.09
2014.12.05 13:44:57.402,1.78818,1.78857,1.00,1.00
2014.12.05 13:44:57.453,1.78818,1.78859,1.00,1.84
2014.12.05 13:44:57.503,1.78818,1.78859,1.00,1.46
2014.12.05 13:44:57.806,1.78818,1.78848,1.00,1.84
2014.12.05 13:44:57.857,1.78809,1.78841,1.30,1.00
2014.12.05 13:44:57.958,1.78803,1.78841,1.00,1.50
2014.12.05 13:44:58.059,1.78801,1.78841,1.00,1.50
2014.12.05 13:44:58.109,1.78801,1.78841,1.00,1.50
2014.12.05 13:44:58.362,1.78803,1.78848,2.72,1.00
2014.12.05 13:44:58.463,1.78805,1.78849,1.00,1.00
2014.12.05 13:44:58.766,1.78805,1.78843,1.00,1.00
2014.12.05 13:44:58.816,1.78805,1.78849,1.00,1.37
2014.12.05 13:44:58.867,1.78805,1.78849,1.00,1.37
2014.12.05 13:44:58.986,1.788,1.78845,1.50,1.00
2014.12.05 13:44:59.087,1.78801,1.78851,1.50,1.50
2014.12.05 13:44:59.390,1.78805,1.78852,1.50,1.84
2014.12.05 13:44:59.692,1.7881,1.78858,1.72,1.00
2014.12.05 13:44:59.844,1.78814,1.78858,1.00,1.00
2014.12.05 13:45:00.146,1.78814,1.78853,1.00,1.00
2014.12.05 13:45:00.196,1.78814,1.78853,1.00,1.00
2014.12.05 13:45:00.297,1.78809,1.78852,1.30,1.00
2014.12.05 13:45:00.499,1.78808,1.78847,1.00,1.00
2014.12.05 13:45:00.751,1.788,1.7884,1.00,1.00
2014.12.05 13:45:00.802,1.788,1.78843,1.00,1.50
2014.12.05 13:45:00.852,1.78803,1.78843,1.00,1.50
2014.12.05 13:45:01.104,1.78803,1.78847,1.00,1.34
2014.12.05 13:45:01.158,1.78803,1.78838,1.00,1.00
2014.12.05 13:45:01.208,1.78798,1.78838,1.30,1.50
2014.12.05 13:45:01.309,1.78798,1.78838,1.30,1.50
2014.12.05 13:45:01.410,1.78798,1.78838,1.00,1.00
2014.12.05 13:45:01.699,1.78798,1.78836,1.00,1.00
2014.12.05 13:45:02.001,1.78783,1.78827,1.50,1.00
2014.12.05 13:45:02.354,1.78783,1.78823,1.50,1.00
2014.12.05 13:45:02.656,1.78778,1.78817,1.00,1.34
2014.12.05 13:45:02.707,1.78774,1.78817,1.00,1.34
2014.12.05 13:45:02.808,1.78768,1.78817,1.50,1.34
2014.12.05 13:45:02.909,1.78768,1.78817,1.50,1.00
2014.12.05 13:45:03.176,1.78768,1.78817,1.00,1.00
2014.12.05 13:45:03.509,1.78768,1.78817,2.50,1.00
2014.12.05 13:45:03.610,1.78769,1.78817,1.00,1.00
2014.12.05 13:45:03.913,1.78773,1.78817,1.50,1.00
2014.12.05 13:45:03.963,1.78774,1.78826,1.50,1.00
2014.12.05 13:45:04.014,1.78774,1.78826,2.84,1.00
2014.12.05 13:45:04.115,1.78775,1.78826,1.50,1.50
2014.12.05 13:45:04.528,1.78775,1.78826,3.55,1.50
2014.12.05 13:45:04.831,1.7878,1.78824,1.50,1.00
2014.12.05 13:45:04.932,1.7878,1.78824,2.12,1.00
2014.12.05 13:45:05.436,1.7878,1.78822,1.00,1.00
2014.12.05 13:45:05.738,1.78789,1.78822,1.00,1.00
2014.12.05 13:45:05.839,1.7879,1.78828,1.00,1.00
2014.12.05 13:45:05.939,1.7879,1.78838,1.00,1.00
2014.12.05 13:45:06.040,1.78795,1.7884,1.00,1.00
2014.12.05 13:45:06.091,1.78795,1.78842,1.00,1.00
2014.12.05 13:45:06.243,1.78797,1.78844,1.50,1.00
2014.12.05 13:45:06.344,1.78797,1.78842,1.00,1.00
2014.12.05 13:45:06.647,1.78796,1.78839,1.00,2.25
2014.12.05 13:45:06.798,1.78796,1.78839,1.00,2.25
2014.12.05 13:45:07.100,1.78796,1.78834,1.00,1.00
2014.12.05 13:45:07.541,1.78793,1.78829,1.00,1.00
2014.12.05 13:45:07.843,1.78793,1.78831,1.00,1.00
2014.12.05 13:45:07.894,1.78793,1.78835,1.00,1.00
2014.12.05 13:45:07.995,1.78789,1.7883,1.00,1.00
2014.12.05 13:45:08.146,1.78789,1.7883,2.50,1.00
2014.12.05 13:45:08.448,1.78789,1.78835,1.00,1.00
2014.12.05 13:45:08.800,1.78794,1.78835,1.00,1.00
2014.12.05 13:45:08.851,1.78794,1.78838,1.00,1.50
2014.12.05 13:45:08.952,1.78794,1.78838,1.00,1.00
2014.12.05 13:45:09.807,1.78794,1.78838,1.00,1.00
2014.12.05 13:45:09.908,1.78794,1.78838,1.00,1.00
2014.12.05 13:45:10.009,1.78795,1.78843,1.00,1.00
2014.12.05 13:45:10.110,1.78795,1.78841,1.00,1.00
2014.12.05 13:45:10.412,1.78797,1.78844,1.00,1.00
2014.12.05 13:45:10.463,1.78797,1.78848,1.00,1.00
2014.12.05 13:45:10.513,1.78797,1.78846,1.00,1.30
2014.12.05 13:45:10.815,1.78795,1.78843,1.00,1.30
2014.12.05 13:45:10.916,1.78795,1.78845,1.00,1.72
2014.12.05 13:45:11.123,1.78795,1.78845,1.00,1.72
2014.12.05 13:45:11.226,1.78795,1.78845,1.00,1.72
2014.12.05 13:45:11.377,1.78795,1.78843,1.00,1.30
2014.12.05 13:45:11.680,1.78793,1.7884,1.00,1.00
2014.12.05 13:45:11.983,1.78793,1.78836,1.00,1.00
2014.12.05 13:45:12.436,1.78788,1.78836,1.87,1.00
2014.12.05 13:45:12.587,1.78788,1.78832,1.50,1.30
2014.12.05 13:45:12.948,1.78788,1.78829,1.00,1.00
2014.12.05 13:45:13.263,1.78788,1.78822,1.00,1.30
2014.12.05 13:45:13.460,1.78783,1.78819,1.00,1.30
2014.12.05 13:45:13.561,1.78783,1.78821,1.00,1.30
2014.12.05 13:45:13.662,1.78783,1.78817,1.00,1.30
2014.12.05 13:45:13.863,1.78773,1.78815,1.00,1.30
2014.12.05 13:45:13.964,1.78779,1.78816,1.00,1.30
2014.12.05 13:45:14.015,1.78779,1.7882,1.00,1.30
2014.12.05 13:45:14.066,1.78783,1.7882,1.00,1.30
2014.12.05 13:45:14.217,1.78778,1.78819,1.00,1.30
2014.12.05 13:45:14.318,1.78778,1.78813,1.00,1.30
2014.12.05 13:45:14.671,1.78778,1.78819,1.00,1.30
2014.12.05 13:45:15.197,1.78778,1.78822,1.00,1.00
2014.12.05 13:45:15.298,1.78783,1.78822,1.00,1.00
2014.12.05 13:45:15.399,1.78783,1.78822,1.00,1.00
2014.12.05 13:45:15.500,1.78783,1.7883,1.00,1.12
2014.12.05 13:45:15.651,1.78783,1.78826,1.00,1.30
2014.12.05 13:45:15.903,1.78783,1.78829,1.00,1.30
2014.12.05 13:45:16.054,1.78779,1.78827,1.00,1.00
2014.12.05 13:45:16.155,1.7878,1.78829,1.12,1.30
2014.12.05 13:45:16.458,1.7878,1.78816,1.00,1.30
2014.12.05 13:45:16.609,1.78778,1.78816,1.00,1.30
2014.12.05 13:45:16.861,1.78778,1.7882,1.00,1.72
2014.12.05 13:45:16.962,1.78778,1.78818,1.00,1.30
2014.12.05 13:45:17.081,1.78778,1.7882,1.00,1.72
2014.12.05 13:45:17.182,1.78783,1.7882,1.00,1.72
2014.12.05 13:45:17.384,1.78783,1.7882,1.00,1.72
2014.12.05 13:45:17.485,1.78783,1.7882,1.00,1.00
2014.12.05 13:45:17.535,1.78783,1.78824,1.00,1.30
2014.12.05 13:45:17.586,1.78788,1.78824,1.00,1.30
2014.12.05 13:45:17.686,1.78788,1.78824,1.00,1.30
2014.12.05 13:45:17.989,1.78788,1.78822,1.00,1.30
2014.12.05 13:45:18.089,1.78788,1.78828,1.00,1.00
2014.12.05 13:45:18.545,1.78788,1.78834,1.72,1.72
2014.12.05 13:45:18.595,1.78789,1.78834,3.10,1.30
2014.12.05 13:45:18.646,1.78789,1.78836,2.12,1.30
2014.12.05 13:45:18.747,1.78789,1.78838,2.12,1.00
2014.12.05 13:45:18.848,1.7879,1.7884,1.12,1.50
2014.12.05 13:45:19.351,1.78794,1.7884,1.00,1.00
2014.12.05 13:45:19.894,1.78795,1.7884,1.30,1.00
2014.12.05 13:45:20.402,1.78795,1.7884,1.72,1.00
2014.12.05 13:45:20.504,1.78795,1.7884,1.30,1.00
2014.12.05 13:45:20.555,1.78795,1.78844,2.80,1.35
2014.12.05 13:45:20.606,1.78795,1.78842,1.72,1.30
2014.12.05 13:45:20.915,1.78795,1.7884,3.22,1.30
2014.12.05 13:45:20.966,1.78796,1.78845,1.30,2.10
2014.12.05 13:45:21.619,1.78796,1.78844,1.30,1.35
2014.12.05 13:45:21.821,1.78801,1.78845,1.30,1.00
2014.12.05 13:45:21.922,1.78803,1.78851,1.00,1.42
2014.12.05 13:45:22.023,1.78805,1.78853,1.72,2.40
2014.12.05 13:45:22.174,1.78805,1.78847,1.00,1.00
2014.12.05 13:45:22.275,1.78805,1.78849,1.00,1.00
2014.12.05 13:45:22.376,1.78805,1.78846,1.00,1.00
2014.12.05 13:45:22.426,1.78801,1.78846,1.00,1.00
2014.12.05 13:45:22.628,1.78799,1.78847,1.00,1.00
2014.12.05 13:45:22.729,1.78796,1.78843,1.00,1.00
2014.12.05 13:45:23.032,1.78795,1.78832,1.00,1.00
2014.12.05 13:45:23.082,1.78791,1.78832,1.00,1.00
2014.12.05 13:45:23.183,1.78786,1.78832,1.00,1.00
2014.12.05 13:45:23.284,1.78783,1.78831,1.00,1.00
2014.12.05 13:45:23.640,1.78782,1.78828,1.00,1.30
2014.12.05 13:45:23.741,1.78782,1.78832,1.00,1.00
2014.12.05 13:45:23.842,1.78783,1.78831,1.00,1.00
2014.12.05 13:45:24.144,1.78786,1.78832,1.00,1.00
2014.12.05 13:45:24.601,1.7878,1.78826,1.00,1.00
2014.12.05 13:45:24.815,1.7878,1.78828,1.00,1.50
2014.12.05 13:45:24.916,1.7878,1.78827,1.50,1.00
2014.12.05 13:45:25.117,1.7878,1.78827,1.00,1.00
2014.12.05 13:45:25.218,1.7878,1.78827,1.50,1.00
2014.12.05 13:45:25.369,1.78781,1.78827,1.00,1.00
2014.12.05 13:45:25.470,1.78781,1.78831,2.50,1.00
2014.12.05 13:45:25.672,1.78781,1.78822,1.50,1.00
2014.12.05 13:45:25.773,1.78781,1.78827,1.50,1.00
2014.12.05 13:45:25.924,1.78781,1.78832,1.50,1.00
2014.12.05 13:45:26.025,1.78781,1.78827,1.50,1.00
2014.12.05 13:45:26.565,1.78781,1.78826,1.50,1.00
2014.12.05 13:45:26.895,1.78781,1.78822,1.50,1.00
2014.12.05 13:45:27.132,1.78781,1.78827,1.00,1.00
2014.12.05 13:45:27.233,1.78781,1.78821,1.00,1.00
2014.12.05 13:45:27.637,1.78781,1.78827,1.00,1.00
2014.12.05 13:45:28.216,1.78781,1.78822,1.00,1.00
2014.12.05 13:45:28.368,1.7878,1.78822,1.00,1.00
2014.12.05 13:45:28.418,1.7878,1.78822,1.37,1.00
2014.12.05 13:45:28.720,1.78782,1.78822,2.35,1.00
2014.12.05 13:45:28.771,1.78782,1.78827,2.35,1.00
2014.12.05 13:45:28.872,1.78786,1.78831,1.35,1.30
2014.12.05 13:45:28.922,1.78786,1.78832,2.79,1.00
2014.12.05 13:45:29.142,1.78788,1.78837,3.22,1.00
2014.12.05 13:45:29.243,1.78792,1.78837,1.12,1.00
2014.12.05 13:45:29.545,1.788,1.78836,2.47,1.00
2014.12.05 13:45:29.797,1.78806,1.78847,1.00,1.00
2014.12.05 13:45:29.898,1.78806,1.78852,1.00,1.37
2014.12.05 13:45:30.350,1.78811,1.78851,1.00,1.00
2014.12.05 13:45:30.552,1.78811,1.78857,1.00,1.00
2014.12.05 13:45:30.753,1.78811,1.78851,1.00,1.00
2014.12.05 13:45:31.308,1.78811,1.78857,1.00,1.37
2014.12.05 13:45:31.359,1.78811,1.78857,1.00,1.00
2014.12.05 13:45:31.410,1.78811,1.78852,1.00,1.00
2014.12.05 13:45:31.511,1.78811,1.78856,2.12,1.00
2014.12.05 13:45:31.615,1.78811,1.78852,1.00,1.00
2014.12.05 13:45:31.867,1.78812,1.78857,2.10,1.00
2014.12.05 13:45:32.069,1.78812,1.78852,3.10,1.00
2014.12.05 13:45:32.394,1.78812,1.78857,3.10,1.00
2014.12.05 13:45:32.747,1.78812,1.78856,1.12,1.00
2014.12.05 13:45:33.282,1.78812,1.78857,1.12,1.00
2014.12.05 13:45:33.384,1.78812,1.78862,1.12,1.87
2014.12.05 13:45:33.888,1.78812,1.78862,1.00,3.37
2014.12.05 13:45:34.089,1.78812,1.78862,1.00,2.25
2014.12.05 13:45:35.575,1.78812,1.78861,1.00,1.46
2014.12.05 13:45:35.878,1.78805,1.78847,1.00,1.00
2014.12.05 13:45:35.928,1.78805,1.78851,1.00,1.72
2014.12.05 13:45:36.130,1.78805,1.78852,1.50,1.00
2014.12.05 13:45:36.281,1.78805,1.78846,1.00,1.00
2014.12.05 13:45:36.785,1.78804,1.78846,1.30,1.30
2014.12.05 13:45:37.194,1.78801,1.78842,1.00,1.00
2014.12.05 13:45:37.716,1.78801,1.78841,1.30,1.00
2014.12.05 13:45:38.229,1.78801,1.78842,1.30,1.00
2014.12.05 13:45:38.532,1.78801,1.78842,1.30,1.00
2014.12.05 13:45:38.834,1.78804,1.78842,1.30,1.00
2014.12.05 13:45:39.356,1.78804,1.78842,1.67,1.00
2014.12.05 13:45:39.859,1.78804,1.78842,1.30,1.00
2014.12.05 13:45:40.011,1.78803,1.78841,1.30,1.00
2014.12.05 13:45:40.112,1.78803,1.78837,1.30,1.00
2014.12.05 13:45:40.162,1.78801,1.78837,1.30,1.00
2014.12.05 13:45:40.263,1.78798,1.78837,1.30,1.00
2014.12.05 13:45:40.364,1.78798,1.78836,1.30,1.00
2014.12.05 13:45:40.623,1.78799,1.78841,1.30,1.00
2014.12.05 13:45:40.674,1.78799,1.78844,1.30,1.67
2014.12.05 13:45:40.825,1.78799,1.78845,1.30,1.67
2014.12.05 13:45:41.077,1.78799,1.78846,2.80,1.00
2014.12.05 13:45:41.156,1.78801,1.78846,2.42,1.00
2014.12.05 13:45:41.459,1.78801,1.78847,1.67,1.37
2014.12.05 13:45:41.560,1.78801,1.78842,1.67,1.00
2014.12.05 13:45:41.862,1.78802,1.78841,1.30,1.00
2014.12.05 13:45:41.913,1.78802,1.78841,1.30,1.00
2014.12.05 13:45:42.114,1.78802,1.78847,1.30,1.37
2014.12.05 13:45:42.215,1.78802,1.78842,1.00,1.00
2014.12.05 13:45:42.316,1.78802,1.78842,1.30,1.00
2014.12.05 13:45:42.857,1.78801,1.78847,1.87,2.10
2014.12.05 13:45:43.376,1.78801,1.78847,1.00,2.47
2014.12.05 13:45:43.482,1.78801,1.78847,1.00,2.47
2014.12.05 13:45:43.583,1.788,1.78846,1.50,1.72
2014.12.05 13:45:43.835,1.788,1.78837,1.00,1.00
2014.12.05 13:45:43.986,1.78796,1.78837,1.12,1.00
2014.12.05 13:45:44.389,1.78796,1.78832,1.00,1.00
2014.12.05 13:45:44.490,1.78797,1.78839,1.12,1.30
2014.12.05 13:45:44.692,1.78797,1.78839,1.00,1.72
2014.12.05 13:45:44.793,1.78797,1.7884,2.35,1.30
2014.12.05 13:45:44.843,1.78797,1.78837,1.30,1.00
2014.12.05 13:45:45.170,1.78793,1.78831,1.00,1.00
2014.12.05 13:45:45.372,1.78792,1.78826,1.72,1.00
2014.12.05 13:45:45.523,1.78792,1.78832,1.72,1.00
2014.12.05 13:45:45.674,1.78792,1.78832,1.67,1.00
2014.12.05 13:45:45.977,1.78789,1.78827,2.10,1.00
2014.12.05 13:45:46.027,1.78789,1.78832,2.10,1.72
2014.12.05 13:45:46.078,1.78789,1.78832,1.35,1.00
2014.12.05 13:45:46.380,1.78799,1.78836,1.30,1.00
2014.12.05 13:45:46.431,1.78799,1.78836,1.30,1.00
2014.12.05 13:45:46.532,1.78799,1.78839,1.30,1.37
2014.12.05 13:45:46.683,1.78799,1.78837,1.30,1.37
2014.12.05 13:45:46.734,1.78796,1.78832,1.30,1.00
2014.12.05 13:45:46.835,1.78795,1.78835,1.30,1.30
2014.12.05 13:45:47.153,1.78795,1.78821,1.00,1.00
2014.12.05 13:45:47.203,1.7878,1.78821,1.00,1.00
2014.12.05 13:45:47.304,1.7878,1.78819,1.00,1.30
2014.12.05 13:45:47.405,1.78777,1.78822,1.00,1.00
2014.12.05 13:45:47.506,1.78777,1.78822,1.00,1.00
2014.12.05 13:45:47.817,1.78776,1.78817,1.00,1.50
2014.12.05 13:45:48.172,1.78776,1.78814,1.00,1.30
2014.12.05 13:45:48.635,1.78773,1.78813,1.30,1.30
2014.12.05 13:45:48.736,1.7877,1.78809,1.44,1.30
2014.12.05 13:45:49.040,1.7877,1.78802,1.00,1.00
2014.12.05 13:45:49.141,1.7877,1.78807,1.00,1.00
2014.12.05 13:45:49.242,1.78767,1.78806,1.30,1.00
2014.12.05 13:45:49.292,1.78768,1.78806,1.30,1.00
2014.12.05 13:45:49.344,1.78768,1.7881,1.30,1.00
2014.12.05 13:45:49.496,1.78768,1.78809,1.30,1.30
2014.12.05 13:45:49.597,1.78768,1.78807,1.00,1.30
2014.12.05 13:45:49.699,1.78766,1.78809,1.44,1.00
2014.12.05 13:45:50.326,1.78766,1.78809,2.44,1.00
2014.12.05 13:45:50.578,1.78766,1.78809,1.44,1.00
2014.12.05 13:45:50.679,1.78764,1.78805,1.00,1.00
2014.12.05 13:45:50.881,1.7876,1.78805,1.44,1.12
2014.12.05 13:45:50.982,1.7876,1.78805,1.00,1.12
2014.12.05 13:45:51.083,1.7876,1.78804,1.00,1.00
2014.12.05 13:45:51.766,1.7876,1.78804,1.00,1.37
2014.12.05 13:45:51.867,1.7876,1.78804,1.00,1.37
2014.12.05 13:45:52.220,1.7876,1.78798,1.00,1.00
2014.12.05 13:45:52.673,1.78755,1.78799,1.44,1.12
2014.12.05 13:45:52.875,1.78755,1.78801,1.00,1.30
2014.12.05 13:45:53.077,1.78758,1.78805,1.72,1.72
2014.12.05 13:45:53.429,1.78758,1.78802,1.00,1.00
2014.12.05 13:45:53.815,1.78765,1.78802,1.00,1.00
2014.12.05 13:45:53.866,1.78764,1.78806,1.00,1.50
2014.12.05 13:45:53.966,1.78763,1.78801,1.00,1.00
2014.12.05 13:45:54.067,1.78763,1.78811,1.00,1.00
2014.12.05 13:45:54.218,1.78763,1.78802,2.80,1.00
2014.12.05 13:45:54.319,1.78766,1.78814,1.50,1.00
2014.12.05 13:45:54.387,1.78766,1.78812,2.80,1.00
2014.12.05 13:45:54.639,1.78763,1.78807,1.00,1.00
2014.12.05 13:45:54.840,1.7876,1.78804,1.44,1.00
2014.12.05 13:45:55.143,1.7876,1.78793,1.00,1.00
2014.12.05 13:45:55.193,1.7875,1.78789,1.00,1.30
2014.12.05 13:45:55.294,1.7875,1.78784,1.00,1.00
2014.12.05 13:45:55.395,1.78749,1.78785,1.00,1.00
2014.12.05 13:45:55.812,1.78748,1.78789,1.00,1.00
2014.12.05 13:45:55.913,1.78745,1.78789,1.00,1.00
2014.12.05 13:45:55.963,1.78745,1.78789,1.30,1.00
2014.12.05 13:45:56.114,1.7875,1.78799,1.72,1.00
2014.12.05 13:45:56.819,1.78751,1.78799,1.72,1.00
2014.12.05 13:45:56.970,1.78751,1.78797,1.00,1.00
2014.12.05 13:45:57.172,1.78749,1.78795,1.50,1.00
2014.12.05 13:45:57.279,1.78749,1.78793,1.72,1.30
2014.12.05 13:45:57.806,1.78749,1.78792,1.00,1.30
2014.12.05 13:45:58.109,1.78749,1.7879,1.00,1.30
2014.12.05 13:45:58.160,1.78749,1.78791,1.30,1.30
2014.12.05 13:45:58.311,1.78749,1.78793,1.30,1.00
2014.12.05 13:45:58.614,1.78748,1.78776,1.30,1.00
2014.12.05 13:45:58.916,1.78748,1.78776,1.30,1.00
2014.12.05 13:45:58.967,1.78739,1.78776,1.00,1.00
2014.12.05 13:45:59.135,1.78737,1.78779,1.30,1.30
2014.12.05 13:45:59.254,1.78737,1.7878,1.30,1.30
2014.12.05 13:45:59.556,1.78737,1.78772,1.30,1.00
2014.12.05 13:45:59.607,1.78735,1.78773,1.00,1.30
2014.12.05 13:45:59.707,1.78735,1.78781,1.00,1.00
2014.12.05 13:45:59.951,1.78735,1.78781,2.50,1.00
2014.12.05 13:46:00.052,1.78738,1.78785,1.00,1.00
2014.12.05 13:46:00.152,1.78745,1.78785,1.30,1.00
2014.12.05 13:46:00.203,1.78745,1.78788,1.30,1.00
2014.12.05 13:46:00.254,1.78751,1.78791,1.30,1.00
2014.12.05 13:46:00.354,1.78751,1.78796,1.30,1.50
2014.12.05 13:46:00.506,1.78751,1.78796,1.30,1.50
2014.12.05 13:46:00.728,1.78756,1.78796,1.30,1.00
2014.12.05 13:46:00.829,1.78757,1.78799,1.30,1.50
2014.12.05 13:46:00.946,1.78757,1.78797,1.30,1.00
2014.12.05 13:46:01.047,1.78757,1.78797,1.30,1.50
2014.12.05 13:46:01.349,1.78752,1.78791,2.47,1.00
2014.12.05 13:46:01.500,1.78752,1.78791,2.80,1.00
2014.12.05 13:46:01.601,1.78755,1.78797,1.30,1.50
2014.12.05 13:46:01.702,1.78759,1.78797,1.30,1.00
2014.12.05 13:46:01.803,1.7876,1.78802,2.80,1.00
2014.12.05 13:46:02.055,1.78768,1.78807,1.30,1.50
2014.12.05 13:46:02.257,1.78769,1.78806,1.50,1.00
2014.12.05 13:46:02.358,1.78769,1.78808,1.00,1.00
2014.12.05 13:46:02.410,1.78769,1.78805,1.50,1.00
2014.12.05 13:46:02.511,1.78769,1.78812,1.50,1.00
2014.12.05 13:46:02.561,1.78771,1.78815,1.00,1.12
2014.12.05 13:46:02.612,1.78774,1.78817,1.72,1.00
2014.12.05 13:46:02.763,1.78774,1.78815,1.30,1.00
2014.12.05 13:46:02.814,1.78772,1.78811,1.30,1.30
2014.12.05 13:46:02.915,1.78772,1.78812,1.30,1.00
2014.12.05 13:46:03.368,1.78774,1.78811,1.72,1.00
2014.12.05 13:46:03.673,1.78774,1.78817,1.72,1.50
2014.12.05 13:46:04.327,1.78774,1.78812,1.00,1.00
2014.12.05 13:46:04.832,1.78774,1.78811,1.00,1.00
2014.12.05 13:46:05.405,1.78774,1.78812,1.00,1.00
2014.12.05 13:46:05.657,1.78774,1.78817,2.72,1.87
2014.12.05 13:46:06.025,1.78776,1.78817,2.80,1.87
2014.12.05 13:46:06.127,1.78778,1.78822,1.72,1.50
2014.12.05 13:46:06.228,1.78781,1.78825,2.72,1.00
2014.12.05 13:46:06.531,1.78785,1.78827,1.72,1.00
2014.12.05 13:46:07.065,1.78785,1.78826,1.72,1.00
2014.12.05 13:46:07.569,1.78785,1.78827,2.72,1.00
2014.12.05 13:46:08.155,1.78785,1.78826,2.72,1.00
2014.12.05 13:46:08.860,1.78785,1.78828,2.72,1.00
2014.12.05 13:46:08.911,1.78785,1.78828,2.72,1.37
2014.12.05 13:46:09.213,1.78785,1.78821,1.00,1.00
2014.12.05 13:46:09.667,1.78785,1.78821,1.00,1.37
2014.12.05 13:46:09.718,1.78785,1.78816,1.00,1.00
2014.12.05 13:46:09.819,1.78779,1.78812,1.00,1.00
2014.12.05 13:46:09.970,1.78779,1.78816,1.00,1.00
2014.12.05 13:46:10.071,1.7878,1.78818,1.00,1.30
2014.12.05 13:46:10.273,1.78786,1.78825,1.00,1.00
2014.12.05 13:46:10.374,1.78786,1.78821,1.00,1.00
2014.12.05 13:46:10.626,1.78785,1.78819,1.00,1.00
2014.12.05 13:46:10.727,1.78789,1.78819,1.30,1.00
2014.12.05 13:46:10.828,1.78791,1.7883,1.72,1.00
2014.12.05 13:46:10.929,1.78791,1.78826,1.00,1.30
2014.12.05 13:46:11.030,1.78791,1.78825,1.00,1.00
2014.12.05 13:46:11.182,1.7879,1.7882,1.30,1.00
2014.12.05 13:46:11.383,1.7879,1.78824,1.30,1.00
2014.12.05 13:46:11.484,1.78793,1.78829,1.72,1.00
2014.12.05 13:46:12.264,1.78793,1.78829,3.55,1.00
2014.12.05 13:46:12.804,1.78793,1.78828,1.00,1.30
2014.12.05 13:46:12.905,1.78791,1.78825,1.00,1.00
2014.12.05 13:46:14.792,1.78791,1.78825,2.80,1.00
2014.12.05 13:46:14.893,1.78791,1.78825,1.30,1.00
2014.12.05 13:46:14.997,1.78791,1.78825,1.72,1.00
2014.12.05 13:46:15.205,1.78791,1.78825,1.30,1.00
2014.12.05 13:46:15.523,1.78791,1.78825,1.30,1.00
2014.12.05 13:46:15.674,1.78791,1.78825,1.30,1.00
2014.12.05 13:46:16.320,1.78791,1.78825,1.72,1.00
2014.12.05 13:46:16.572,1.78789,1.7882,1.00,1.00
2014.12.05 13:46:16.674,1.78787,1.7882,1.30,1.00
2014.12.05 13:46:17.195,1.78787,1.7882,1.30,1.00
2014.12.05 13:46:17.411,1.78787,1.78822,1.00,1.00
2014.12.05 13:46:17.764,1.78788,1.78826,2.80,1.00
2014.12.05 13:46:18.282,1.78788,1.78826,1.00,1.00
2014.12.05 13:46:18.787,1.78788,1.78826,2.80,1.00
2014.12.05 13:46:19.637,1.78792,1.78826,1.50,1.00
2014.12.05 13:46:19.738,1.78793,1.7883,1.72,1.00
2014.12.05 13:46:21.517,1.78794,1.78833,2.72,1.72
2014.12.05 13:46:22.171,1.78798,1.78833,1.00,1.00
2014.12.05 13:46:22.475,1.78798,1.78826,1.00,1.30
2014.12.05 13:46:22.786,1.78798,1.78828,1.72,1.00
2014.12.05 13:46:23.169,1.78798,1.78832,2.72,1.00
2014.12.05 13:46:23.274,1.78798,1.78832,2.80,1.00
2014.12.05 13:46:23.582,1.78802,1.78837,1.30,1.00
2014.12.05 13:46:24.136,1.78802,1.78837,1.72,1.00
2014.12.05 13:46:26.565,1.78803,1.78842,1.00,1.00
2014.12.05 13:46:27.111,1.78807,1.78846,2.35,1.00
2014.12.05 13:46:27.565,1.78807,1.78841,1.00,1.00
2014.12.05 13:46:27.767,1.78807,1.78846,1.72,1.50
2014.12.05 13:46:28.008,1.78809,1.78846,1.30,1.00
2014.12.05 13:46:28.209,1.78809,1.78846,1.00,1.50
2014.12.05 13:46:28.461,1.78809,1.78841,1.00,1.00
2014.12.05 13:46:28.864,1.78809,1.78846,1.00,1.72
2014.12.05 13:46:29.085,1.7881,1.78846,1.30,1.00
2014.12.05 13:46:29.185,1.7881,1.78846,1.00,1.00
2014.12.05 13:46:30.415,1.7881,1.78846,2.42,1.00
2014.12.05 13:46:30.718,1.78808,1.78842,1.00,1.00
2014.12.05 13:46:31.826,1.78808,1.78842,1.00,1.00
2014.12.05 13:46:32.079,1.78805,1.78837,1.00,1.00
2014.12.05 13:46:32.280,1.78799,1.78833,1.00,1.00
2014.12.05 13:46:32.381,1.78792,1.78826,1.00,1.00
2014.12.05 13:46:32.734,1.7879,1.78822,1.00,1.00
2014.12.05 13:46:32.936,1.78784,1.78818,1.00,1.00
2014.12.05 13:46:33.724,1.78784,1.78818,1.37,1.00
2014.12.05 13:46:33.921,1.78784,1.78818,1.87,1.00
2014.12.05 13:46:34.073,1.78784,1.78818,2.84,1.00
2014.12.05 13:46:34.325,1.78784,1.78821,1.72,1.00
2014.12.05 13:46:34.426,1.78788,1.78821,1.30,1.00
2014.12.05 13:46:34.527,1.78792,1.78831,1.00,1.72
2014.12.05 13:46:34.628,1.78792,1.78825,1.30,1.00
2014.12.05 13:46:35.132,1.78792,1.78825,1.00,1.00
2014.12.05 13:46:35.335,1.78789,1.78823,1.00,1.00
2014.12.05 13:46:35.750,1.78789,1.78827,1.00,1.00
2014.12.05 13:46:36.164,1.78789,1.78821,1.00,1.00
2014.12.05 13:46:36.214,1.78789,1.78821,1.00,1.00
2014.12.05 13:46:36.315,1.78785,1.78819,1.00,1.00
2014.12.05 13:46:36.517,1.78785,1.78816,1.00,1.30
2014.12.05 13:46:36.618,1.78785,1.78819,1.00,1.72
2014.12.05 13:46:37.265,1.78785,1.78819,1.30,1.00
2014.12.05 13:46:37.366,1.78785,1.78819,1.00,1.00
2014.12.05 13:46:37.626,1.78785,1.78823,1.00,1.00
2014.12.05 13:46:39.310,1.78785,1.78822,1.00,1.00
2014.12.05 13:46:39.814,1.78787,1.78823,1.30,1.00
2014.12.05 13:46:40.016,1.78787,1.78823,1.00,1.00
2014.12.05 13:46:40.167,1.78787,1.78823,1.30,1.00
2014.12.05 13:46:40.268,1.78788,1.78827,2.72,1.00
2014.12.05 13:46:40.641,1.78792,1.7883,1.72,1.00
2014.12.05 13:46:41.001,1.78795,1.7883,1.72,1.00
2014.12.05 13:46:41.325,1.78795,1.7883,1.00,1.00
2014.12.05 13:46:41.376,1.78793,1.78825,1.50,1.00
2014.12.05 13:46:41.701,1.78793,1.78825,2.72,1.00
2014.12.05 13:46:41.874,1.78793,1.78825,1.00,1.00
2014.12.05 13:46:42.227,1.78789,1.78821,1.00,1.00
2014.12.05 13:46:42.428,1.78787,1.78821,1.00,1.00
2014.12.05 13:46:42.580,1.78783,1.78815,1.50,1.00
2014.12.05 13:46:43.033,1.78783,1.78813,1.00,1.00
2014.12.05 13:46:43.134,1.78775,1.78809,1.00,1.00
2014.12.05 13:46:43.235,1.78772,1.78806,1.00,1.00
2014.12.05 13:46:43.739,1.78772,1.78806,1.00,1.37
2014.12.05 13:46:43.890,1.78765,1.78799,1.00,1.00
2014.12.05 13:46:44.150,1.78769,1.78799,1.00,1.00
2014.12.05 13:46:44.200,1.78769,1.78805,1.00,1.00
2014.12.05 13:46:44.503,1.78769,1.78805,1.72,1.00
2014.12.05 13:46:44.553,1.78771,1.7881,1.00,1.12
2014.12.05 13:46:44.856,1.78771,1.78807,1.00,1.00
2014.12.05 13:46:45.563,1.78771,1.7881,1.00,1.00
2014.12.05 13:46:46.467,1.78771,1.7881,1.37,1.00
2014.12.05 13:46:46.769,1.78783,1.78822,1.00,1.50
2014.12.05 13:46:47.812,1.78783,1.78821,1.00,1.00
2014.12.05 13:46:47.913,1.78783,1.78817,1.00,1.00
2014.12.05 13:46:47.974,1.78783,1.78817,1.00,1.00
2014.12.05 13:46:48.075,1.78782,1.78814,1.00,1.00
2014.12.05 13:46:50.696,1.78782,1.78821,1.00,1.50
2014.12.05 13:46:52.149,1.78789,1.78828,1.00,1.00
2014.12.05 13:46:52.653,1.78789,1.78827,1.00,1.00
2014.12.05 13:46:53.106,1.78794,1.78833,1.00,1.00
2014.12.05 13:46:53.786,1.78794,1.78828,1.00,1.00
2014.12.05 13:46:54.245,1.78789,1.78823,1.00,1.00
2014.12.05 13:46:54.548,1.78789,1.78827,1.00,1.00
2014.12.05 13:46:54.851,1.78789,1.78821,1.00,1.00
2014.12.05 13:46:55.204,1.78789,1.78824,1.00,1.00
2014.12.05 13:46:55.355,1.78794,1.78831,1.50,1.00
2014.12.05 13:46:55.456,1.78799,1.78837,1.00,1.00
2014.12.05 13:46:55.557,1.78799,1.78834,1.00,1.00
2014.12.05 13:46:55.758,1.78796,1.78828,1.00,1.00
2014.12.05 13:46:56.638,1.7879,1.78824,1.00,1.00
2014.12.05 13:46:56.891,1.78784,1.78818,1.00,1.00
2014.12.05 13:46:58.169,1.78784,1.78818,1.00,1.00
2014.12.05 13:46:58.421,1.78785,1.78822,1.00,1.00
2014.12.05 13:46:58.724,1.78785,1.78817,1.00,1.50
2014.12.05 13:46:58.875,1.78785,1.78821,1.72,1.00
2014.12.05 13:47:00.604,1.78785,1.78819,1.00,1.00
2014.12.05 13:47:00.655,1.78779,1.78813,1.00,1.00
2014.12.05 13:47:00.919,1.78779,1.78818,1.00,1.00
2014.12.05 13:47:01.825,1.78783,1.78822,1.00,1.00
2014.12.05 13:47:02.140,1.78783,1.78818,1.00,1.00
2014.12.05 13:47:02.442,1.78783,1.78819,1.00,1.00
2014.12.05 13:47:02.493,1.78782,1.78816,1.00,1.00
2014.12.05 13:47:04.578,1.78782,1.78816,1.00,1.37
2014.12.05 13:47:04.679,1.78778,1.78805,1.00,1.00
2014.12.05 13:47:04.780,1.78768,1.788,1.00,1.00
2014.12.05 13:47:04.881,1.78768,1.78806,1.00,1.00
2014.12.05 13:47:05.033,1.78768,1.788,1.00,1.00
2014.12.05 13:47:05.687,1.78764,1.78798,1.00,1.00
2014.12.05 13:47:05.990,1.78759,1.78793,1.00,1.00
2014.12.05 13:47:07.776,1.78756,1.78788,1.00,1.00
2014.12.05 13:47:08.078,1.78751,1.78785,1.00,1.00
2014.12.05 13:47:09.935,1.78751,1.78784,1.00,1.30
2014.12.05 13:47:09.986,1.78748,1.78781,1.30,1.00
2014.12.05 13:47:10.693,1.78747,1.78781,1.00,1.00
2014.12.05 13:47:11.604,1.78747,1.7878,1.00,1.30
2014.12.05 13:47:12.046,1.78747,1.78778,1.00,1.30
2014.12.05 13:47:12.147,1.78747,1.7878,1.00,1.30
2014.12.05 13:47:12.248,1.78745,1.78777,1.00,1.00
2014.12.05 13:47:13.475,1.78745,1.78777,1.30,1.00
2014.12.05 13:47:13.978,1.78745,1.78777,1.00,1.00
2014.12.05 13:47:14.660,1.78745,1.78772,1.00,1.30
2014.12.05 13:47:14.811,1.78739,1.78772,1.00,1.30
2014.12.05 13:47:15.361,1.78739,1.78773,1.00,1.00
2014.12.05 13:47:16.333,1.78739,1.78773,1.30,1.12
2014.12.05 13:47:16.635,1.78739,1.78773,1.12,1.00
2014.12.05 13:47:17.642,1.78739,1.78773,1.30,1.00
2014.12.05 13:47:17.743,1.78739,1.78773,1.72,1.00
2014.12.05 13:47:19.274,1.78739,1.78773,1.30,1.00
2014.12.05 13:47:20.183,1.78739,1.78773,1.72,1.00
2014.12.05 13:47:20.284,1.78744,1.78776,1.12,1.00
2014.12.05 13:47:20.737,1.78739,1.78774,1.72,1.30
2014.12.05 13:47:20.939,1.78739,1.78777,1.30,1.00
2014.12.05 13:47:21.090,1.78739,1.7878,2.72,1.00
2014.12.05 13:47:21.808,1.7874,1.78778,1.50,1.30
2014.12.05 13:47:21.959,1.7874,1.7878,1.00,1.00
2014.12.05 13:47:22.596,1.7874,1.78776,2.80,1.30
2014.12.05 13:47:22.697,1.7874,1.7878,1.00,1.00
2014.12.05 13:47:23.279,1.78747,1.7878,1.30,1.00
2014.12.05 13:47:23.383,1.78744,1.7878,1.30,1.00
2014.12.05 13:47:24.261,1.78737,1.78776,1.00,1.00
2014.12.05 13:47:24.563,1.78737,1.78779,1.00,1.00
2014.12.05 13:47:24.714,1.78737,1.78782,2.72,1.50
2014.12.05 13:47:24.765,1.78737,1.7878,1.30,1.00
2014.12.05 13:47:24.916,1.7874,1.7878,1.30,1.00
2014.12.05 13:47:25.022,1.78742,1.78785,1.50,1.00
2014.12.05 13:47:25.129,1.78742,1.78781,2.80,1.00
2014.12.05 13:47:25.499,1.78742,1.78785,2.80,1.00
2014.12.05 13:47:25.762,1.78742,1.78785,1.00,1.00
2014.12.05 13:47:25.914,1.78742,1.78782,1.00,1.00
2014.12.05 13:47:26.015,1.78742,1.78785,1.00,1.37
2014.12.05 13:47:26.065,1.78742,1.78781,1.00,1.00
2014.12.05 13:47:26.116,1.78738,1.78781,1.50,1.00
2014.12.05 13:47:26.217,1.78738,1.78781,2.80,1.00
2014.12.05 13:47:26.368,1.78741,1.78785,1.50,1.00
2014.12.05 13:47:26.570,1.78742,1.78786,1.35,1.00
2014.12.05 13:47:26.671,1.78743,1.78789,1.72,1.12
2014.12.05 13:47:26.822,1.78743,1.78786,1.00,1.30
2014.12.05 13:47:27.125,1.78742,1.78781,1.00,1.00
2014.12.05 13:47:27.226,1.7874,1.78781,1.00,1.50
2014.12.05 13:47:27.277,1.7874,1.78781,1.37,1.50
2014.12.05 13:47:27.478,1.78743,1.78786,1.12,1.00
2014.12.05 13:47:27.579,1.78745,1.78788,1.12,1.00
2014.12.05 13:47:27.680,1.78747,1.78791,1.12,1.00
2014.12.05 13:47:27.731,1.78749,1.78791,1.30,1.00
2014.12.05 13:47:27.782,1.78749,1.78794,3.55,1.00
2014.12.05 13:47:27.833,1.78754,1.78794,1.30,1.72
2014.12.05 13:47:28.136,1.78754,1.78791,1.30,1.72
2014.12.05 13:47:28.287,1.78754,1.7879,1.30,1.30
2014.12.05 13:47:28.337,1.78754,1.78787,1.30,1.00
2014.12.05 13:47:28.725,1.78754,1.78787,1.30,1.00
2014.12.05 13:47:28.876,1.78754,1.78791,1.30,1.30
2014.12.05 13:47:29.504,1.78754,1.78791,1.30,1.00
2014.12.05 13:47:29.605,1.78756,1.78794,1.30,1.72
2014.12.05 13:47:30.000,1.78763,1.78797,1.30,1.00
2014.12.05 13:47:30.050,1.78763,1.78802,1.30,1.00
2014.12.05 13:47:30.101,1.78763,1.78797,1.30,1.00
2014.12.05 13:47:30.302,1.78763,1.78802,1.30,1.72
2014.12.05 13:47:30.454,1.78767,1.78802,1.30,1.00
2014.12.05 13:47:30.957,1.78767,1.78802,1.30,1.00
2014.12.05 13:47:31.264,1.78767,1.78796,1.30,1.00
2014.12.05 13:47:31.648,1.78767,1.78801,1.30,1.00
2014.12.05 13:47:31.749,1.78767,1.78805,1.30,1.30
2014.12.05 13:47:31.900,1.78767,1.78801,1.30,1.30
2014.12.05 13:47:32.001,1.78765,1.788,1.72,1.35
2014.12.05 13:47:32.102,1.78765,1.78801,1.30,1.37
2014.12.05 13:47:32.203,1.78765,1.78802,1.30,1.00
2014.12.05 13:47:32.254,1.78765,1.78802,1.00,1.00
2014.12.05 13:47:32.354,1.78757,1.78799,1.30,1.00
2014.12.05 13:47:32.606,1.78757,1.78796,1.30,1.00
2014.12.05 13:47:33.009,1.78756,1.78791,1.00,1.00
2014.12.05 13:47:33.059,1.78752,1.78791,1.00,1.00
2014.12.05 13:47:33.110,1.78752,1.78788,1.00,1.00
2014.12.05 13:47:33.160,1.78748,1.78788,1.30,1.50
2014.12.05 13:47:33.211,1.78746,1.78788,1.30,1.50
2014.12.05 13:47:33.632,1.78745,1.78786,1.72,1.00
2014.12.05 13:47:33.704,1.78745,1.78788,1.72,1.50
2014.12.05 13:47:33.955,1.78745,1.78785,1.50,1.00
2014.12.05 13:47:34.154,1.78745,1.78788,1.00,1.87
2014.12.05 13:47:34.507,1.78746,1.78791,1.00,1.87
2014.12.05 13:47:34.709,1.78746,1.78787,1.00,1.00
2014.12.05 13:47:35.011,1.78746,1.78789,1.50,1.00
2014.12.05 13:47:35.352,1.78743,1.78784,1.00,1.00
2014.12.05 13:47:35.503,1.78741,1.78784,1.00,1.00
2014.12.05 13:47:35.654,1.78741,1.7878,1.72,1.30
2014.12.05 13:47:35.984,1.78741,1.7878,1.30,1.30
2014.12.05 13:47:36.513,1.78741,1.78779,1.30,1.30
2014.12.05 13:47:37.120,1.78751,1.78792,1.12,2.47
2014.12.05 13:47:37.221,1.78751,1.78792,2.84,1.50
2014.12.05 13:47:37.523,1.78751,1.78787,2.72,1.00
2014.12.05 13:47:37.574,1.78751,1.78791,2.72,1.30
2014.12.05 13:47:37.776,1.78751,1.78788,1.00,1.30
2014.12.05 13:47:38.078,1.78751,1.7879,2.80,1.72
2014.12.05 13:47:38.230,1.78754,1.78787,1.72,1.30
2014.12.05 13:47:38.532,1.78754,1.78784,1.00,1.30
2014.12.05 13:47:38.582,1.78752,1.78784,1.00,1.30
2014.12.05 13:47:38.633,1.78752,1.78791,1.00,1.00
2014.12.05 13:47:38.734,1.78752,1.78789,1.00,1.00
2014.12.05 13:47:38.785,1.78748,1.78787,1.00,1.00
2014.12.05 13:47:39.144,1.78749,1.78787,1.00,1.00
2014.12.05 13:47:39.245,1.78749,1.78794,1.50,1.00
2014.12.05 13:47:39.346,1.78753,1.78794,1.00,1.00
2014.12.05 13:47:39.447,1.78755,1.78798,1.00,1.30
2014.12.05 13:47:39.497,1.78755,1.78795,1.00,1.00
2014.12.05 13:47:39.548,1.78754,1.78794,1.00,1.00
2014.12.05 13:47:39.699,1.78755,1.78794,1.00,1.00
2014.12.05 13:47:39.800,1.78761,1.78802,1.00,1.00
2014.12.05 13:47:39.901,1.78763,1.78801,1.00,1.00
2014.12.05 13:47:40.102,1.78763,1.78801,1.72,1.00
2014.12.05 13:47:40.203,1.7876,1.78797,1.30,1.72
2014.12.05 13:47:40.506,1.7876,1.78797,1.30,1.00
2014.12.05 13:47:40.658,1.7876,1.78799,1.72,1.30
2014.12.05 13:47:40.874,1.7876,1.78797,1.30,1.30
2014.12.05 13:47:41.328,1.7876,1.78795,1.30,1.00
2014.12.05 13:47:41.483,1.7876,1.78795,1.30,1.00
2014.12.05 13:47:41.754,1.7876,1.78795,1.30,1.00
2014.12.05 13:47:42.065,1.7876,1.78793,1.30,1.00
2014.12.05 13:47:42.495,1.7876,1.78793,1.30,1.00
2014.12.05 13:47:42.646,1.7876,1.78796,1.30,1.00
2014.12.05 13:47:42.846,1.78762,1.78801,1.72,1.00
2014.12.05 13:47:42.948,1.78762,1.78804,1.50,1.00
2014.12.05 13:47:43.402,1.78764,1.78801,1.00,1.00
2014.12.05 13:47:43.925,1.78764,1.78798,1.00,1.00
2014.12.05 13:47:44.452,1.78764,1.78798,1.30,1.00
2014.12.05 13:47:44.964,1.78764,1.78798,1.00,1.00
2014.12.05 13:47:45.266,1.78765,1.78803,2.85,1.00
2014.12.05 13:47:46.325,1.78772,1.78806,1.00,1.00
2014.12.05 13:47:47.386,1.78772,1.78809,1.00,1.00
2014.12.05 13:47:48.040,1.78774,1.78813,1.00,1.00
2014.12.05 13:47:48.342,1.7878,1.78817,1.72,1.00
2014.12.05 13:47:48.645,1.78783,1.78822,1.00,1.00
2014.12.05 13:47:48.949,1.78783,1.78811,1.00,1.00
2014.12.05 13:47:49.050,1.78776,1.7881,1.00,1.00
2014.12.05 13:47:49.934,1.78776,1.7881,1.00,1.00
2014.12.05 13:47:49.984,1.78776,1.78815,1.00,1.00
2014.12.05 13:47:50.236,1.78776,1.78812,1.00,1.00
2014.12.05 13:47:50.337,1.78776,1.78811,1.00,1.72
2014.12.05 13:47:50.539,1.78776,1.78815,1.00,1.00
2014.12.05 13:47:50.841,1.78781,1.7882,3.22,1.00
2014.12.05 13:47:51.144,1.78795,1.78832,1.00,1.00
2014.12.05 13:47:51.445,1.78802,1.78839,1.00,1.00
2014.12.05 13:47:51.999,1.78802,1.78835,1.00,1.00
2014.12.05 13:47:52.301,1.78798,1.78832,1.00,1.72
2014.12.05 13:47:52.452,1.78803,1.78832,1.00,1.00
2014.12.05 13:47:52.553,1.78802,1.78835,1.30,1.00
2014.12.05 13:47:52.654,1.78799,1.78832,1.00,1.00
2014.12.05 13:47:52.956,1.78799,1.78826,1.00,1.00
2014.12.05 13:47:53.007,1.78797,1.78826,1.30,1.00
2014.12.05 13:47:53.057,1.78797,1.78826,1.30,1.00
2014.12.05 13:47:53.108,1.78797,1.78831,1.72,1.00
2014.12.05 13:47:53.373,1.78799,1.78831,1.00,1.00
2014.12.05 13:47:53.525,1.788,1.78835,1.50,1.00
2014.12.05 13:47:53.676,1.788,1.78835,1.00,1.00
2014.12.05 13:47:53.777,1.78801,1.78835,2.47,1.00
2014.12.05 13:47:54.079,1.78802,1.78832,1.00,1.30
2014.12.05 13:47:54.180,1.78799,1.7883,1.00,1.30
2014.12.05 13:47:54.307,1.78799,1.78832,1.00,1.30
2014.12.05 13:47:54.509,1.78794,1.78826,1.50,1.30
2014.12.05 13:47:54.822,1.78797,1.78832,1.00,1.30
2014.12.05 13:47:54.962,1.788,1.78836,1.00,1.00
2014.12.05 13:47:55.163,1.78804,1.78843,1.00,1.00
2014.12.05 13:47:55.415,1.78808,1.78845,1.00,1.00
2014.12.05 13:47:56.461,1.78808,1.7884,1.00,1.30
2014.12.05 13:47:56.612,1.78808,1.7884,1.00,1.30
2014.12.05 13:47:56.663,1.78808,1.78836,1.00,1.00
2014.12.05 13:47:56.865,1.78798,1.78831,1.50,1.30
2014.12.05 13:47:57.066,1.78798,1.78832,1.00,1.00
2014.12.05 13:47:57.167,1.78796,1.78829,1.00,1.00
2014.12.05 13:47:57.519,1.78792,1.78825,1.30,1.00
2014.12.05 13:47:57.975,1.78792,1.78826,1.00,1.30
2014.12.05 13:47:58.026,1.78792,1.78828,1.72,1.00
2014.12.05 13:47:58.328,1.78792,1.78824,1.00,1.30
2014.12.05 13:47:58.379,1.78792,1.78824,1.00,1.72
2014.12.05 13:47:58.580,1.78792,1.7882,1.00,1.30
2014.12.05 13:47:58.631,1.78787,1.7882,1.00,1.30
2014.12.05 13:47:58.681,1.78787,1.78817,1.00,1.30
2014.12.05 13:47:58.883,1.78787,1.78821,1.00,1.00
2014.12.05 13:47:59.211,1.78787,1.78818,1.00,1.30
2014.12.05 13:47:59.261,1.78783,1.78817,1.00,1.00
2014.12.05 13:47:59.769,1.78783,1.78817,1.30,1.00
2014.12.05 13:47:59.920,1.78785,1.7882,1.72,1.00
2014.12.05 13:48:00.021,1.78789,1.78824,1.72,1.00
2014.12.05 13:48:00.122,1.7879,1.78824,1.50,1.00
2014.12.05 13:48:00.172,1.78791,1.78828,1.00,1.00
2014.12.05 13:48:00.530,1.78791,1.78826,1.00,1.30
2014.12.05 13:48:01.028,1.78791,1.78828,1.00,1.00
2014.12.05 13:48:01.614,1.78791,1.78827,1.00,1.00
2014.12.05 13:48:01.868,1.78791,1.78823,1.00,1.30
2014.12.05 13:48:02.070,1.78791,1.78825,1.00,1.30
2014.12.05 13:48:02.225,1.78791,1.78821,1.00,1.00
2014.12.05 13:48:02.338,1.78791,1.78825,1.00,1.30
2014.12.05 13:48:02.591,1.7879,1.78824,1.00,1.00
2014.12.05 13:48:03.195,1.7879,1.7882,1.00,1.30
2014.12.05 13:48:03.246,1.78786,1.7882,1.00,1.72
2014.12.05 13:48:03.296,1.78786,1.78818,1.00,1.30
2014.12.05 13:48:03.397,1.78786,1.7882,1.00,1.00
2014.12.05 13:48:03.549,1.78782,1.78816,1.00,1.00
2014.12.05 13:48:04.606,1.78782,1.78813,1.00,1.30
2014.12.05 13:48:04.959,1.78782,1.78816,1.00,1.72
2014.12.05 13:48:05.161,1.78782,1.78811,1.00,1.30
2014.12.05 13:48:05.332,1.78778,1.78811,1.00,1.72
2014.12.05 13:48:05.653,1.78778,1.7881,1.00,1.30
2014.12.05 13:48:05.955,1.78778,1.78812,2.72,1.00
2014.12.05 13:48:06.173,1.78778,1.78812,1.00,1.00
2014.12.05 13:48:06.626,1.78778,1.78812,1.00,1.00
2014.12.05 13:48:06.777,1.78778,1.78817,1.72,1.00
2014.12.05 13:48:06.828,1.78778,1.78815,1.00,1.30
2014.12.05 13:48:07.177,1.78778,1.78812,1.00,1.00
2014.12.05 13:48:07.228,1.78778,1.78812,1.00,1.00
2014.12.05 13:48:07.732,1.78778,1.78811,1.00,1.30
2014.12.05 13:48:07.833,1.78778,1.78809,1.00,1.30
2014.12.05 13:48:08.136,1.78778,1.78807,1.00,1.30
2014.12.05 13:48:08.337,1.78778,1.78809,1.00,1.30
2014.12.05 13:48:08.589,1.78778,1.78812,1.00,1.72
2014.12.05 13:48:09.344,1.78778,1.78809,1.00,1.30
2014.12.05 13:48:09.445,1.78778,1.78812,1.00,1.50
2014.12.05 13:48:09.495,1.78775,1.78809,1.50,1.00
2014.12.05 13:48:10.099,1.78775,1.78806,1.00,1.30
2014.12.05 13:48:10.150,1.78772,1.78806,1.00,1.72
2014.12.05 13:48:10.251,1.78772,1.78801,1.30,1.00
2014.12.05 13:48:10.402,1.78777,1.78814,2.72,1.00
2014.12.05 13:48:10.655,1.78783,1.78814,1.30,1.00
2014.12.05 13:48:10.806,1.78785,1.78822,1.00,1.00
2014.12.05 13:48:11.360,1.78785,1.78818,1.30,1.00
2014.12.05 13:48:11.461,1.78784,1.78818,1.72,1.00
2014.12.05 13:48:11.965,1.78784,1.78817,1.00,1.00
2014.12.05 13:48:12.066,1.78778,1.78812,1.72,1.00
2014.12.05 13:48:12.116,1.78778,1.78812,1.30,1.00
2014.12.05 13:48:12.318,1.78778,1.78812,1.30,1.00
2014.12.05 13:48:12.855,1.78778,1.78812,1.30,1.00
2014.12.05 13:48:13.299,1.78778,1.78812,4.22,1.50
2014.12.05 13:48:13.400,1.78782,1.78821,2.50,1.00
2014.12.05 13:48:13.551,1.78787,1.78826,1.00,1.00
2014.12.05 13:48:13.869,1.78791,1.78828,1.00,1.00
2014.12.05 13:48:14.172,1.78787,1.78819,1.00,1.00
2014.12.05 13:48:14.223,1.78785,1.78819,1.00,1.00
2014.12.05 13:48:14.575,1.78781,1.78815,1.00,1.00
2014.12.05 13:48:15.129,1.78781,1.78818,1.00,1.00
2014.12.05 13:48:15.967,1.78783,1.78821,1.72,1.00
2014.12.05 13:48:16.269,1.78792,1.78827,1.00,1.00
2014.12.05 13:48:16.319,1.7879,1.78822,1.30,1.00
2014.12.05 13:48:16.370,1.78788,1.78822,1.00,1.00
2014.12.05 13:48:16.521,1.78786,1.78818,1.72,1.00
2014.12.05 13:48:16.723,1.78783,1.78816,1.30,1.00
2014.12.05 13:48:16.974,1.78783,1.7882,1.00,1.00
2014.12.05 13:48:17.743,1.78785,1.78821,1.00,1.00
2014.12.05 13:48:18.095,1.78785,1.78817,1.00,1.00
2014.12.05 13:48:18.471,1.78791,1.78816,1.30,1.00
2014.12.05 13:48:18.572,1.7879,1.78821,1.00,1.72
2014.12.05 13:48:18.623,1.78785,1.78819,1.00,1.00
2014.12.05 13:48:18.724,1.78782,1.78815,1.30,1.00
2014.12.05 13:48:19.227,1.78781,1.78811,1.00,1.00
2014.12.05 13:48:19.529,1.78774,1.78811,1.72,1.00
2014.12.05 13:48:19.681,1.78774,1.78813,1.00,1.30
2014.12.05 13:48:20.206,1.78774,1.78812,1.72,1.00
2014.12.05 13:48:20.626,1.78774,1.78814,1.72,1.50
2014.12.05 13:48:21.180,1.78774,1.78812,1.00,1.00
2014.12.05 13:48:21.482,1.7878,1.78816,1.30,1.00
2014.12.05 13:48:21.683,1.7878,1.78816,1.30,1.00
2014.12.05 13:48:21.885,1.7878,1.78816,1.30,1.00
2014.12.05 13:48:22.238,1.7878,1.78817,1.30,1.00
2014.12.05 13:48:22.540,1.7878,1.78812,1.30,1.00
2014.12.05 13:48:22.842,1.7878,1.78817,2.42,1.00
2014.12.05 13:48:22.893,1.78783,1.78817,1.30,1.00
2014.12.05 13:48:23.045,1.78787,1.78822,1.72,1.00
2014.12.05 13:48:23.196,1.78787,1.78817,2.72,1.00
2014.12.05 13:48:23.398,1.78787,1.78822,1.00,1.00
2014.12.05 13:48:23.498,1.78787,1.78822,2.72,1.00
2014.12.05 13:48:23.855,1.78787,1.78816,2.72,1.00
2014.12.05 13:48:24.006,1.78786,1.78816,1.00,1.00
2014.12.05 13:48:24.157,1.7878,1.78816,1.30,1.00
2014.12.05 13:48:24.208,1.78777,1.78816,1.30,1.00
2014.12.05 13:48:24.258,1.78777,1.78817,1.00,1.00
2014.12.05 13:48:24.309,1.78777,1.78819,2.72,1.00
2014.12.05 13:48:24.410,1.78781,1.78819,2.10,1.00
2014.12.05 13:48:24.712,1.78785,1.78821,1.12,1.00
2014.12.05 13:48:25.039,1.78791,1.78822,1.50,1.00
2014.12.05 13:48:25.089,1.78791,1.78822,1.72,1.00
2014.12.05 13:48:25.140,1.78791,1.78827,1.72,1.87
2014.12.05 13:48:25.241,1.78786,1.78826,1.72,1.72
2014.12.05 13:48:25.392,1.78786,1.78822,1.00,1.00
2014.12.05 13:48:25.442,1.78783,1.78821,1.30,1.00
2014.12.05 13:48:25.544,1.7878,1.78817,1.30,1.00
2014.12.05 13:48:25.644,1.78777,1.78817,1.00,1.00
2014.12.05 13:48:26.149,1.78777,1.78802,1.00,1.00
2014.12.05 13:48:26.459,1.78777,1.78812,1.50,1.00
2014.12.05 13:48:26.610,1.78777,1.78817,1.50,1.50
2014.12.05 13:48:27.360,1.78777,1.78812,1.00,1.00
2014.12.05 13:48:27.465,1.78777,1.78816,1.00,1.00
2014.12.05 13:48:28.126,1.78777,1.78817,1.00,2.25
2014.12.05 13:48:28.328,1.78777,1.78806,2.72,1.00
2014.12.05 13:48:28.479,1.78777,1.78811,1.00,1.00
2014.12.05 13:48:28.530,1.78777,1.78811,1.00,1.00
2014.12.05 13:48:28.580,1.78777,1.78807,1.00,1.00
2014.12.05 13:48:28.681,1.78776,1.78812,1.00,1.00
2014.12.05 13:48:28.732,1.78774,1.78812,1.30,1.00
2014.12.05 13:48:28.833,1.78774,1.78811,1.30,1.00
2014.12.05 13:48:29.135,1.78775,1.78813,1.30,1.00
2014.12.05 13:48:29.236,1.78776,1.78816,2.80,1.00
2014.12.05 13:48:29.337,1.78776,1.78812,2.80,1.00
2014.12.05 13:48:29.861,1.78777,1.78811,1.30,1.00
2014.12.05 13:48:30.062,1.78777,1.78811,1.30,1.00
2014.12.05 13:48:30.602,1.78777,1.78812,1.30,1.00
2014.12.05 13:48:30.704,1.78777,1.78812,1.00,1.00
2014.12.05 13:48:30.754,1.78778,1.78813,1.00,1.37
2014.12.05 13:48:30.855,1.78769,1.78807,1.00,1.50
2014.12.05 13:48:30.906,1.78769,1.78806,1.00,1.00
2014.12.05 13:48:31.208,1.78769,1.78802,1.00,1.00
2014.12.05 13:48:31.309,1.78771,1.78806,2.80,1.00
2014.12.05 13:48:31.360,1.78775,1.78806,1.72,1.00
2014.12.05 13:48:32.112,1.78774,1.78806,1.72,1.00
2014.12.05 13:48:33.092,1.78774,1.78807,1.00,1.00
2014.12.05 13:48:33.193,1.78771,1.78803,1.00,1.00
2014.12.05 13:48:33.956,1.78771,1.78802,1.00,1.00
2014.12.05 13:48:34.208,1.78771,1.78809,2.50,1.00
2014.12.05 13:48:34.410,1.78775,1.78812,1.00,1.00
2014.12.05 13:48:34.662,1.78778,1.78817,1.00,1.50
2014.12.05 13:48:34.763,1.78778,1.78815,1.00,1.30
2014.12.05 13:48:34.965,1.78778,1.78812,1.00,1.00
2014.12.05 13:48:35.322,1.78775,1.78803,1.00,1.30
2014.12.05 13:48:35.524,1.78758,1.7879,1.00,1.00
2014.12.05 13:48:35.977,1.78752,1.78786,1.00,1.00
2014.12.05 13:48:37.755,1.78752,1.78786,1.30,1.00
2014.12.05 13:48:38.086,1.78752,1.78786,1.30,1.00
2014.12.05 13:48:38.389,1.78758,1.78794,1.72,1.00
2014.12.05 13:48:39.544,1.78757,1.78791,1.72,1.00
2014.12.05 13:48:39.695,1.78757,1.78793,1.00,1.00
2014.12.05 13:48:40.048,1.78761,1.78797,1.12,1.50
2014.12.05 13:48:40.149,1.78762,1.78799,1.00,1.00
2014.12.05 13:48:40.456,1.78765,1.78804,1.72,1.00
2014.12.05 13:48:40.585,1.78773,1.78804,1.30,1.00
2014.12.05 13:48:40.920,1.78774,1.7881,1.30,1.00
2014.12.05 13:48:41.172,1.78774,1.7881,1.00,1.00
2014.12.05 13:48:41.273,1.78776,1.7881,1.30,1.00
2014.12.05 13:48:41.575,1.7878,1.78802,1.30,1.00
2014.12.05 13:48:41.676,1.7878,1.78806,1.30,1.00
2014.12.05 13:48:41.727,1.78777,1.78806,1.30,1.00
2014.12.05 13:48:41.777,1.78777,1.78803,1.30,1.00
2014.12.05 13:48:41.929,1.78771,1.78802,1.72,1.00
2014.12.05 13:48:42.030,1.78771,1.78802,1.30,1.00
2014.12.05 13:48:42.332,1.78771,1.78797,1.30,1.00
2014.12.05 13:48:42.790,1.78771,1.78797,1.30,1.00
2014.12.05 13:48:42.942,1.7877,1.78797,1.30,1.00
2014.12.05 13:48:43.446,1.78769,1.78796,1.00,1.00
2014.12.05 13:48:43.575,1.78769,1.78796,1.30,1.00
2014.12.05 13:48:43.676,1.78771,1.78805,1.30,1.00
2014.12.05 13:48:43.777,1.78775,1.78812,1.30,1.50
2014.12.05 13:48:43.878,1.78777,1.78812,1.00,1.00
2014.12.05 13:48:44.253,1.7878,1.78812,1.30,1.00
2014.12.05 13:48:44.404,1.7878,1.78816,1.30,1.00
2014.12.05 13:48:45.110,1.78783,1.78816,1.30,1.00
2014.12.05 13:48:45.412,1.78783,1.78818,1.30,1.00
2014.12.05 13:48:45.564,1.78785,1.78818,1.30,1.00
2014.12.05 13:48:46.081,1.78785,1.78818,1.30,1.00
2014.12.05 13:48:46.659,1.78786,1.78818,1.30,1.00
2014.12.05 13:48:46.760,1.78786,1.78817,1.72,1.37
2014.12.05 13:48:46.861,1.78778,1.78807,1.30,1.00
2014.12.05 13:48:47.214,1.78775,1.78806,1.30,1.50
2014.12.05 13:48:47.415,1.78775,1.78801,1.30,1.00
2014.12.05 13:48:47.517,1.78773,1.78801,1.30,1.00
2014.12.05 13:48:47.971,1.78773,1.78801,1.30,1.00
2014.12.05 13:48:48.324,1.78773,1.78802,1.30,1.00
2014.12.05 13:48:48.737,1.78773,1.78802,1.30,1.00
2014.12.05 13:48:48.841,1.78773,1.78804,1.30,1.12
2014.12.05 13:48:49.056,1.78771,1.78804,1.30,1.00
2014.12.05 13:48:49.157,1.78771,1.78801,1.30,1.00
2014.12.05 13:48:49.620,1.7877,1.78804,1.00,1.00
2014.12.05 13:48:49.822,1.7877,1.78802,1.00,1.00
2014.12.05 13:48:50.650,1.7877,1.78802,1.00,1.37
2014.12.05 13:48:51.018,1.78766,1.78798,1.72,1.00
2014.12.05 13:48:51.371,1.78764,1.78789,1.30,1.00
2014.12.05 13:48:51.472,1.78764,1.788,1.00,1.00
2014.12.05 13:48:51.674,1.78766,1.78805,1.00,1.50
2014.12.05 13:48:51.976,1.78766,1.78796,1.30,1.00
2014.12.05 13:48:52.430,1.78764,1.78797,1.00,1.00
2014.12.05 13:48:52.940,1.78764,1.78798,1.00,1.00
2014.12.05 13:48:53.041,1.78764,1.78798,1.00,2.59
2014.12.05 13:48:53.343,1.78754,1.78786,1.30,1.00
2014.12.05 13:48:53.897,1.78754,1.78781,1.30,1.00
2014.12.05 13:48:54.099,1.78752,1.78782,1.00,1.00
2014.12.05 13:48:54.200,1.7875,1.7878,1.30,1.00
2014.12.05 13:48:54.713,1.78748,1.7878,1.30,1.00
2014.12.05 13:48:54.865,1.78746,1.78777,1.72,1.00
2014.12.05 13:48:55.167,1.78746,1.78777,1.30,1.00
2014.12.05 13:48:55.319,1.78746,1.78777,1.00,1.00
2014.12.05 13:48:55.722,1.78742,1.78776,1.72,1.50
2014.12.05 13:48:56.176,1.78743,1.78777,1.72,1.00
2014.12.05 13:48:56.327,1.78743,1.7878,1.72,1.00
2014.12.05 13:48:57.194,1.78746,1.78783,1.00,1.00
2014.12.05 13:48:57.295,1.78746,1.78786,1.00,1.00
2014.12.05 13:48:59.279,1.78746,1.78786,2.42,1.00
2014.12.05 13:48:59.382,1.78746,1.78786,1.00,1.00
2014.12.05 13:49:00.306,1.78746,1.78786,1.34,1.00
2014.12.05 13:49:00.356,1.78758,1.78786,1.30,1.00
2014.12.05 13:49:00.632,1.78761,1.78796,1.30,1.50
2014.12.05 13:49:00.683,1.78757,1.78796,1.72,1.50
2014.12.05 13:49:01.036,1.78755,1.78793,1.00,1.00
2014.12.05 13:49:01.389,1.78755,1.78792,1.30,1.50
2014.12.05 13:49:01.921,1.78754,1.78792,1.30,1.50
2014.12.05 13:49:02.781,1.78754,1.78792,1.30,1.00
2014.12.05 13:49:03.033,1.78754,1.78786,1.30,1.00
2014.12.05 13:49:03.336,1.78754,1.78791,1.00,1.00
2014.12.05 13:49:03.588,1.78754,1.78787,1.00,1.00
2014.12.05 13:49:03.991,1.78754,1.78782,1.00,1.00
2014.12.05 13:49:04.243,1.78753,1.78782,1.30,1.00
2014.12.05 13:49:04.344,1.78751,1.78782,1.30,1.00
2014.12.05 13:49:04.546,1.78751,1.78777,1.30,1.00
2014.12.05 13:49:04.672,1.78749,1.78777,1.00,1.00
2014.12.05 13:49:04.773,1.78749,1.78777,1.30,1.00
2014.12.05 13:49:04.874,1.78749,1.78776,1.30,1.00
2014.12.05 13:49:04.975,1.78749,1.78776,1.00,1.00
2014.12.05 13:49:05.501,1.78749,1.78777,1.00,1.00
2014.12.05 13:49:06.223,1.78746,1.78777,1.72,1.00
2014.12.05 13:49:06.763,1.78746,1.78776,1.00,1.00
2014.12.05 13:49:07.101,1.78746,1.78781,1.00,1.00
2014.12.05 13:49:07.649,1.78746,1.78777,1.00,1.00
2014.12.05 13:49:08.968,1.78742,1.78772,1.00,1.00
2014.12.05 13:49:09.421,1.78742,1.78777,1.00,1.00
2014.12.05 13:49:09.942,1.78742,1.78777,1.30,1.00
2014.12.05 13:49:10.295,1.78742,1.78772,1.30,1.00
2014.12.05 13:49:10.800,1.78742,1.78772,1.72,1.00
2014.12.05 13:49:11.120,1.78742,1.78771,1.30,1.00
2014.12.05 13:49:11.171,1.78742,1.78777,1.30,1.00
2014.12.05 13:49:11.372,1.78742,1.78777,2.42,1.00
2014.12.05 13:49:11.738,1.78744,1.78777,2.42,1.00
2014.12.05 13:49:12.141,1.78744,1.78771,1.72,1.00
2014.12.05 13:49:12.652,1.78744,1.78772,1.30,1.00
2014.12.05 13:49:13.127,1.78744,1.78777,1.30,1.00
2014.12.05 13:49:13.228,1.78744,1.78777,1.30,1.00
2014.12.05 13:49:13.590,1.78744,1.78777,1.30,1.00
2014.12.05 13:49:13.993,1.78744,1.78772,1.30,1.00
2014.12.05 13:49:14.216,1.78743,1.78777,1.72,1.00
2014.12.05 13:49:14.581,1.78743,1.78777,1.30,1.00
2014.12.05 13:49:14.682,1.78743,1.78777,1.00,1.00
2014.12.05 13:49:14.884,1.78743,1.78772,1.00,1.00
2014.12.05 13:49:15.374,1.78743,1.78777,1.00,1.00
2014.12.05 13:49:16.134,1.78743,1.78772,1.00,1.00
2014.12.05 13:49:16.437,1.78743,1.78777,1.00,1.00
2014.12.05 13:49:16.488,1.78739,1.78777,1.00,1.50
2014.12.05 13:49:16.789,1.78739,1.78775,1.00,1.00
2014.12.05 13:49:16.840,1.78734,1.78773,1.00,1.00
2014.12.05 13:49:17.597,1.78734,1.78776,1.00,1.00
2014.12.05 13:49:18.148,1.78734,1.78777,1.00,1.00
2014.12.05 13:49:18.661,1.78734,1.78776,1.00,1.00
2014.12.05 13:49:19.167,1.78734,1.78777,2.12,1.50
2014.12.05 13:49:19.863,1.78734,1.78776,2.12,1.00
2014.12.05 13:49:20.462,1.78734,1.78775,1.00,1.00
2014.12.05 13:49:20.765,1.78734,1.78771,1.30,1.00
2014.12.05 13:49:20.916,1.78735,1.78777,1.35,1.50
2014.12.05 13:49:21.612,1.78735,1.78776,1.00,1.00
2014.12.05 13:49:22.155,1.78735,1.78777,1.00,1.87
2014.12.05 13:49:22.357,1.78733,1.78773,1.00,1.00
2014.12.05 13:49:22.829,1.78733,1.78767,1.00,1.00
2014.12.05 13:49:22.930,1.7873,1.78767,1.00,1.00
2014.12.05 13:49:23.031,1.7873,1.7877,1.00,1.00
2014.12.05 13:49:23.420,1.7873,1.7877,1.00,1.00
2014.12.05 13:49:23.723,1.7873,1.78773,1.50,1.37
2014.12.05 13:49:23.924,1.78733,1.78773,1.12,1.00
2014.12.05 13:49:24.025,1.78733,1.78777,2.12,1.50
2014.12.05 13:49:24.378,1.78736,1.78777,1.00,1.87
2014.12.05 13:49:24.748,1.78739,1.78777,1.00,1.12
2014.12.05 13:49:25.142,1.78739,1.78781,1.00,1.37
2014.12.05 13:49:25.545,1.78739,1.78777,1.00,1.00
2014.12.05 13:49:26.126,1.78739,1.78781,1.00,1.87
2014.12.05 13:49:26.541,1.78739,1.78777,1.00,1.00
2014.12.05 13:49:26.851,1.78735,1.78773,1.00,1.00
2014.12.05 13:49:26.953,1.78735,1.78772,1.00,1.37
2014.12.05 13:49:27.104,1.7873,1.78769,1.00,1.00
2014.12.05 13:49:27.306,1.7873,1.78766,1.00,1.00
2014.12.05 13:49:27.809,1.7873,1.78767,1.00,1.00
2014.12.05 13:49:28.301,1.7873,1.78762,1.00,1.00
2014.12.05 13:49:28.654,1.7873,1.78767,1.00,1.37
2014.12.05 13:49:29.241,1.7873,1.78769,1.00,1.87
2014.12.05 13:49:30.193,1.78726,1.78766,1.00,1.87
2014.12.05 13:49:30.470,1.78726,1.78764,1.00,1.37
2014.12.05 13:49:30.521,1.78723,1.78762,1.72,1.87
2014.12.05 13:49:31.187,1.78723,1.78761,1.00,1.00
2014.12.05 13:49:31.729,1.78723,1.78762,1.00,1.50
2014.12.05 13:49:34.800,1.78723,1.78761,1.00,1.00
2014.12.05 13:49:35.361,1.78723,1.78761,1.30,1.00
2014.12.05 13:49:35.411,1.78723,1.78762,2.72,1.50
2014.12.05 13:49:35.631,1.78723,1.78767,1.50,1.87
2014.12.05 13:49:36.273,1.78723,1.78766,1.50,1.00
2014.12.05 13:49:36.791,1.78723,1.78767,1.50,1.00
2014.12.05 13:49:37.683,1.78723,1.78766,2.85,1.00
2014.12.05 13:49:38.222,1.78723,1.78764,1.00,1.00
2014.12.05 13:49:38.525,1.78723,1.78761,1.00,1.00
2014.12.05 13:49:39.070,1.78723,1.78761,1.00,1.00
2014.12.05 13:49:39.188,1.78723,1.78765,1.00,1.37
2014.12.05 13:49:39.340,1.78723,1.78762,2.72,1.00
2014.12.05 13:49:41.873,1.78723,1.78765,2.72,1.37
2014.12.05 13:49:41.974,1.78723,1.78762,2.72,1.00
2014.12.05 13:49:42.494,1.78723,1.78762,2.80,1.00
2014.12.05 13:49:42.797,1.78724,1.78761,1.00,1.37
2014.12.05 13:49:42.848,1.78723,1.78761,1.00,1.00
2014.12.05 13:49:42.898,1.78723,1.78762,1.00,1.50
2014.12.05 13:49:43.100,1.78723,1.78766,1.00,1.00
2014.12.05 13:49:43.151,1.78723,1.78762,1.00,1.00
2014.12.05 13:49:43.252,1.78721,1.7876,1.00,1.50
2014.12.05 13:49:43.302,1.78721,1.78751,1.00,1.00
2014.12.05 13:49:43.522,1.78721,1.78757,1.00,1.00
2014.12.05 13:49:43.625,1.78728,1.7876,1.30,1.00
2014.12.05 13:49:43.827,1.78731,1.78771,2.72,1.00
2014.12.05 13:49:44.431,1.78735,1.78776,1.72,1.00
2014.12.05 13:49:44.481,1.78735,1.78778,3.47,1.00
2014.12.05 13:49:44.784,1.78745,1.78782,1.00,1.00
2014.12.05 13:49:45.288,1.78745,1.78781,1.00,1.00
2014.12.05 13:49:45.389,1.78745,1.78787,1.00,1.87
2014.12.05 13:49:45.490,1.78745,1.78781,1.00,1.00
2014.12.05 13:49:46.189,1.78745,1.78782,1.00,1.00
2014.12.05 13:49:46.542,1.78745,1.78785,1.00,1.00
2014.12.05 13:49:46.643,1.78745,1.78776,1.00,1.00
2014.12.05 13:49:46.693,1.78744,1.78776,1.00,1.00
2014.12.05 13:49:46.744,1.78744,1.78781,1.00,1.00
2014.12.05 13:49:46.845,1.78741,1.78772,1.00,1.00
2014.12.05 13:49:47.165,1.78741,1.78772,1.30,1.00
2014.12.05 13:49:47.593,1.78741,1.78776,2.80,1.00
2014.12.05 13:49:47.695,1.78747,1.78776,1.30,1.00
2014.12.05 13:49:47.799,1.78747,1.78776,1.30,1.00
2014.12.05 13:49:48.003,1.78747,1.78777,1.30,1.00
2014.12.05 13:49:48.127,1.78747,1.78777,1.00,1.00
2014.12.05 13:49:48.228,1.78747,1.78786,1.00,1.00
2014.12.05 13:49:48.351,1.78747,1.78781,1.00,1.00
2014.12.05 13:49:48.661,1.78747,1.78776,1.00,1.00
2014.12.05 13:49:48.712,1.78747,1.78782,1.00,1.00
2014.12.05 13:49:48.812,1.78747,1.78777,1.00,1.00
2014.12.05 13:49:49.322,1.78747,1.78776,1.00,1.00
2014.12.05 13:49:49.423,1.78745,1.78776,1.00,1.00
2014.12.05 13:49:49.929,1.78744,1.78776,1.72,1.00
2014.12.05 13:49:50.356,1.78744,1.78781,1.12,1.00
2014.12.05 13:49:50.407,1.78744,1.78781,2.42,1.00
2014.12.05 13:49:50.659,1.78744,1.78781,2.42,1.00
2014.12.05 13:49:51.164,1.78744,1.78782,1.30,1.50
2014.12.05 13:49:51.419,1.78744,1.78782,1.30,1.50
2014.12.05 13:49:51.952,1.78744,1.78781,2.42,1.00
2014.12.05 13:49:52.254,1.78745,1.78782,1.35,1.00
2014.12.05 13:49:52.305,1.78748,1.78787,1.72,1.00
2014.12.05 13:49:52.356,1.78748,1.78781,2.72,1.00
2014.12.05 13:49:52.658,1.78749,1.78787,1.50,1.00
2014.12.05 13:49:52.709,1.78751,1.78787,1.72,1.00
2014.12.05 13:49:52.810,1.78751,1.78786,1.00,1.00
2014.12.05 13:49:52.961,1.78751,1.78787,1.30,1.00
2014.12.05 13:49:53.163,1.78751,1.78787,1.30,1.50
2014.12.05 13:49:53.667,1.78751,1.78787,1.30,1.00
2014.12.05 13:49:53.718,1.7875,1.78787,1.72,1.00
2014.12.05 13:49:53.769,1.7875,1.78782,1.72,1.00
2014.12.05 13:49:53.870,1.7875,1.78787,1.30,1.00
2014.12.05 13:49:54.273,1.78747,1.78781,1.00,1.00
2014.12.05 13:49:54.575,1.78747,1.78781,1.30,1.50
2014.12.05 13:49:54.877,1.78751,1.78788,1.00,1.00
2014.12.05 13:49:55.531,1.78751,1.78786,1.00,1.00
2014.12.05 13:49:56.035,1.78751,1.78783,1.00,1.00
2014.12.05 13:49:56.086,1.78751,1.78781,1.00,1.00
2014.12.05 13:49:56.237,1.78747,1.78778,1.00,1.00
2014.12.05 13:49:56.338,1.78745,1.78775,1.30,1.00
2014.12.05 13:49:56.389,1.78741,1.78775,1.00,1.00
2014.12.05 13:49:56.439,1.78738,1.78772,1.00,1.00
2014.12.05 13:49:56.741,1.78738,1.7877,1.00,1.00
2014.12.05 13:49:56.792,1.78734,1.78768,1.00,1.00
2014.12.05 13:49:56.994,1.7873,1.78764,1.00,1.00
2014.12.05 13:49:58.325,1.7873,1.78766,1.00,1.00
2014.12.05 13:49:58.376,1.7873,1.78768,1.00,1.00
2014.12.05 13:49:58.779,1.78731,1.78768,1.30,1.00
2014.12.05 13:49:59.081,1.78736,1.78767,1.72,1.00
2014.12.05 13:49:59.132,1.78736,1.78772,2.72,1.50
2014.12.05 13:49:59.700,1.78736,1.78767,2.72,1.00
2014.12.05 13:50:00.188,1.78736,1.78766,1.72,1.00
2014.12.05 13:50:00.239,1.78732,1.78766,1.00,1.00
2014.12.05 13:50:00.340,1.78732,1.78762,1.72,1.00
2014.12.05 13:50:00.441,1.7873,1.78761,1.30,1.00
2014.12.05 13:50:00.945,1.78729,1.78761,1.72,1.00
2014.12.05 13:50:01.248,1.78729,1.78757,1.00,1.00
2014.12.05 13:50:01.298,1.78721,1.78754,2.41,1.00
2014.12.05 13:50:01.399,1.78721,1.78757,1.00,1.00
2014.12.05 13:50:01.760,1.78721,1.78758,1.30,1.00
2014.12.05 13:50:01.861,1.78721,1.78758,1.72,1.00
2014.12.05 13:50:01.962,1.78723,1.7876,1.72,1.00
2014.12.05 13:50:02.114,1.78726,1.78765,1.00,1.00
2014.12.05 13:50:02.316,1.78731,1.78765,1.30,1.00
2014.12.05 13:50:02.417,1.78737,1.78772,1.72,1.00
2014.12.05 13:50:02.921,1.78737,1.78773,1.00,1.00
2014.12.05 13:50:03.409,1.78735,1.78769,1.00,1.00
2014.12.05 13:50:04.101,1.78735,1.78773,1.00,1.00
2014.12.05 13:50:04.403,1.78735,1.78767,1.72,1.00
2014.12.05 13:50:04.554,1.78735,1.78772,1.72,1.00
2014.12.05 13:50:04.856,1.78736,1.78769,1.30,1.00
2014.12.05 13:50:05.007,1.78736,1.78767,1.30,1.00
2014.12.05 13:50:05.058,1.78736,1.78767,1.30,1.00
2014.12.05 13:50:05.108,1.78736,1.78762,1.30,1.00
2014.12.05 13:50:05.628,1.78735,1.78761,1.00,1.00
2014.12.05 13:50:05.779,1.78732,1.78761,1.72,1.00
2014.12.05 13:50:06.082,1.78728,1.7876,1.00,1.00
2014.12.05 13:50:06.133,1.78728,1.78757,1.00,1.00
2014.12.05 13:50:06.334,1.78728,1.7876,1.00,1.00
2014.12.05 13:50:06.536,1.78723,1.78757,1.00,1.50
2014.12.05 13:50:07.160,1.78723,1.78757,1.30,1.00
2014.12.05 13:50:07.211,1.78723,1.78761,1.00,1.00
2014.12.05 13:50:07.638,1.78723,1.78756,1.00,1.00
2014.12.05 13:50:07.740,1.78723,1.78761,2.72,1.00
2014.12.05 13:50:07.891,1.78723,1.78759,1.00,1.30
2014.12.05 13:50:08.193,1.78723,1.78756,1.00,1.00
2014.12.05 13:50:08.949,1.78718,1.78752,1.00,1.00
2014.12.05 13:50:09.100,1.78718,1.7875,1.00,1.00
2014.12.05 13:50:09.302,1.78718,1.78752,1.00,1.72
2014.12.05 13:50:09.403,1.78718,1.78749,1.00,1.50
2014.12.05 13:50:09.604,1.78727,1.78764,1.00,1.00
2014.12.05 13:50:09.806,1.7873,1.78767,1.00,1.00
2014.12.05 13:50:11.111,1.78736,1.78767,1.00,1.00
2014.12.05 13:50:11.162,1.78736,1.78775,1.50,1.00
2014.12.05 13:50:11.263,1.78741,1.78777,2.12,1.00
2014.12.05 13:50:11.565,1.78741,1.78771,1.00,1.00
2014.12.05 13:50:11.616,1.78741,1.78778,1.00,1.00
2014.12.05 13:50:12.112,1.78744,1.78783,1.00,1.00
2014.12.05 13:50:12.479,1.78749,1.78786,1.00,1.00
2014.12.05 13:50:12.782,1.78749,1.78783,1.00,1.00
2014.12.05 13:50:14.169,1.78749,1.78781,1.00,1.00
2014.12.05 13:50:14.219,1.78745,1.78779,1.00,1.00
2014.12.05 13:50:14.952,1.78745,1.78779,1.37,1.00
2014.12.05 13:50:15.154,1.78748,1.78785,1.00,1.00
2014.12.05 13:50:15.204,1.78751,1.78787,1.00,1.00
2014.12.05 13:50:15.506,1.78751,1.78785,1.00,1.00
2014.12.05 13:50:15.557,1.78747,1.78781,1.00,1.00
2014.12.05 13:50:15.831,1.78747,1.78778,1.00,1.00
2014.12.05 13:50:15.983,1.78741,1.78773,1.00,1.00
2014.12.05 13:50:16.554,1.78741,1.78772,1.00,1.00
2014.12.05 13:50:17.061,1.78741,1.78771,1.00,1.00
2014.12.05 13:50:17.314,1.78741,1.78767,1.00,1.00
2014.12.05 13:50:17.515,1.78737,1.78767,1.00,1.00
2014.12.05 13:50:17.827,1.78737,1.78769,1.00,1.00
2014.12.05 13:50:18.079,1.78737,1.78772,1.00,1.00
2014.12.05 13:50:18.398,1.78737,1.78767,1.00,1.00
2014.12.05 13:50:18.773,1.78737,1.78771,1.00,1.00
2014.12.05 13:50:19.088,1.78737,1.78767,1.00,1.00
2014.12.05 13:50:19.636,1.78735,1.78767,1.00,1.00
2014.12.05 13:50:19.870,1.78735,1.78769,1.00,1.00
2014.12.05 13:50:20.914,1.78732,1.78766,1.37,1.00
2014.12.05 13:50:21.216,1.78728,1.78757,1.00,1.00
2014.12.05 13:50:21.418,1.78728,1.78762,1.00,2.25
2014.12.05 13:50:22.065,1.78728,1.78761,1.00,1.00
2014.12.05 13:50:22.166,1.7872,1.78754,1.00,1.00
2014.12.05 13:50:22.777,1.7872,1.78754,1.30,1.00
2014.12.05 13:50:22.828,1.78721,1.78751,1.35,1.00
2014.12.05 13:50:22.929,1.78725,1.78764,2.24,1.00
2014.12.05 13:50:23.030,1.78731,1.78762,1.00,1.00
2014.12.05 13:50:23.181,1.78731,1.7877,2.72,1.00
2014.12.05 13:50:23.584,1.78735,1.78772,1.00,1.00
2014.12.05 13:50:23.912,1.78738,1.78777,1.00,1.00
2014.12.05 13:50:25.231,1.78739,1.78777,1.00,1.00
2014.12.05 13:50:25.931,1.78743,1.78777,1.50,1.50
2014.12.05 13:50:26.132,1.78743,1.78776,2.72,1.00
2014.12.05 13:50:26.334,1.7874,1.78772,1.72,1.00
2014.12.05 13:50:26.536,1.78735,1.78769,1.00,1.00
2014.12.05 13:50:26.989,1.78732,1.78766,1.00,1.00
2014.12.05 13:50:27.318,1.78732,1.78762,1.00,1.00
2014.12.05 13:50:27.739,1.78728,1.78762,1.72,1.50
2014.12.05 13:50:27.790,1.78728,1.78762,1.30,1.50
2014.12.05 13:50:27.998,1.78728,1.78762,1.72,1.50
2014.12.05 13:50:28.920,1.78728,1.78762,1.30,1.50
2014.12.05 13:50:29.122,1.78732,1.78771,2.84,1.00
2014.12.05 13:50:29.223,1.78737,1.78771,1.30,1.00
2014.12.05 13:50:29.475,1.78737,1.78771,1.00,1.00
2014.12.05 13:50:29.626,1.78737,1.78774,2.72,1.00
2014.12.05 13:50:31.619,1.78737,1.78769,1.00,1.00
2014.12.05 13:50:31.921,1.78737,1.78773,1.00,1.00
2014.12.05 13:50:32.224,1.78736,1.78768,1.00,1.00
2014.12.05 13:50:32.677,1.78736,1.78768,1.37,1.00
2014.12.05 13:50:32.980,1.78742,1.78776,2.35,1.00
2014.12.05 13:50:33.528,1.78742,1.78777,1.00,1.00
2014.12.05 13:50:33.689,1.78742,1.78776,1.00,1.00
2014.12.05 13:50:33.790,1.78742,1.78776,1.50,1.00
2014.12.05 13:50:35.010,1.78738,1.78772,1.72,1.00
2014.12.05 13:50:35.312,1.78738,1.78766,1.00,1.00
2014.12.05 13:50:35.464,1.78732,1.78766,1.00,1.00
2014.12.05 13:50:36.833,1.78732,1.78762,1.00,1.00
2014.12.05 13:50:37.142,1.78732,1.78766,1.00,1.50
2014.12.05 13:50:37.344,1.78728,1.78762,1.00,1.00
2014.12.05 13:50:37.898,1.78725,1.78757,1.00,1.00
2014.12.05 13:50:38.651,1.78725,1.78761,1.00,1.00
2014.12.05 13:50:38.701,1.78725,1.78763,1.00,1.00
2014.12.05 13:50:42.440,1.78727,1.78763,1.12,1.00
2014.12.05 13:50:42.542,1.78727,1.78763,1.00,1.00
2014.12.05 13:50:42.642,1.78727,1.78761,1.00,1.00
2014.12.05 13:50:42.945,1.78727,1.78761,1.00,1.00
2014.12.05 13:50:43.096,1.78727,1.78765,2.72,1.00
2014.12.05 13:50:43.146,1.78729,1.78768,1.00,1.00
2014.12.05 13:50:43.448,1.78733,1.78772,1.00,1.00
2014.12.05 13:50:43.969,1.78733,1.78771,1.00,1.00
2014.12.05 13:50:44.472,1.78737,1.78776,1.00,1.00
2014.12.05 13:50:44.573,1.78737,1.78771,1.00,1.00
2014.12.05 13:50:44.674,1.78733,1.78767,1.00,1.00
2014.12.05 13:50:45.631,1.78733,1.78766,1.00,1.00
2014.12.05 13:50:46.146,1.78728,1.78762,1.00,1.00
2014.12.05 13:50:46.448,1.78725,1.78759,1.00,1.00
2014.12.05 13:50:47.230,1.78721,1.78755,1.00,1.00
2014.12.05 13:50:48.636,1.78721,1.78758,1.00,1.00
2014.12.05 13:50:50.771,1.78721,1.78753,1.00,1.00
2014.12.05 13:50:51.721,1.78721,1.78753,1.00,1.37
2014.12.05 13:50:51.973,1.78719,1.78753,1.00,1.00
2014.12.05 13:50:52.074,1.78715,1.78749,1.00,1.00
2014.12.05 13:50:52.376,1.7873,1.78766,1.72,1.30
2014.12.05 13:50:52.426,1.7873,1.78765,1.00,1.30
2014.12.05 13:50:52.527,1.7873,1.78762,1.00,1.00
2014.12.05 13:50:53.342,1.7873,1.78765,1.00,1.00
2014.12.05 13:50:54.897,1.7873,1.78765,1.00,1.37
2014.12.05 13:50:55.099,1.78721,1.78755,1.00,1.12
2014.12.05 13:50:55.200,1.78718,1.7875,1.00,1.00
2014.12.05 13:50:55.301,1.78709,1.78743,1.00,1.00
2014.12.05 13:50:55.403,1.78709,1.7874,1.00,1.00
2014.12.05 13:50:55.453,1.78704,1.78736,1.00,1.00
2014.12.05 13:50:56.198,1.78704,1.78741,1.00,1.00
2014.12.05 13:50:56.662,1.78702,1.78736,1.12,1.00
2014.12.05 13:50:56.964,1.78712,1.78749,1.00,1.00
2014.12.05 13:50:57.267,1.78715,1.78752,1.00,1.00
2014.12.05 13:50:57.569,1.78715,1.78748,1.00,1.00
2014.12.05 13:50:59.626,1.78712,1.78746,1.00,1.00
2014.12.05 13:50:59.730,1.78705,1.78739,1.00,1.00
2014.12.05 13:51:00.153,1.78703,1.78736,1.00,1.00
2014.12.05 13:51:00.254,1.78704,1.78743,1.00,1.50
2014.12.05 13:51:00.305,1.78704,1.7874,1.00,1.00
2014.12.05 13:51:00.633,1.78704,1.78739,1.00,1.00
2014.12.05 13:51:00.684,1.78702,1.78734,1.00,1.00
2014.12.05 13:51:01.038,1.78702,1.78739,1.00,1.00
2014.12.05 13:51:01.189,1.78702,1.78739,1.00,1.00
2014.12.05 13:51:01.491,1.78707,1.78744,1.00,1.00
2014.12.05 13:51:01.693,1.78707,1.78742,1.00,1.00
2014.12.05 13:51:02.010,1.78707,1.78745,1.00,1.00
2014.12.05 13:51:03.151,1.78707,1.78741,1.00,1.00
2014.12.05 13:51:03.970,1.78707,1.78741,1.00,1.37
2014.12.05 13:51:04.273,1.787,1.78732,1.00,1.00
2014.12.05 13:51:04.575,1.78706,1.78738,1.50,1.00
2014.12.05 13:51:04.676,1.78707,1.78742,1.00,1.00
2014.12.05 13:51:04.928,1.78707,1.78746,1.00,1.00
2014.12.05 13:51:05.130,1.78707,1.78742,1.00,1.00
2014.12.05 13:51:05.652,1.78704,1.78738,1.00,1.00
2014.12.05 13:51:06.553,1.78704,1.78738,1.37,1.00
2014.12.05 13:51:06.654,1.78705,1.78744,1.00,1.00
2014.12.05 13:51:06.833,1.78705,1.78741,1.00,1.00
2014.12.05 13:51:06.884,1.78702,1.78736,1.00,1.00
2014.12.05 13:51:07.528,1.78698,1.78732,1.00,1.00
2014.12.05 13:51:07.831,1.78694,1.78728,1.00,1.00
2014.12.05 13:51:08.138,1.78699,1.78736,1.00,1.00
2014.12.05 13:51:08.188,1.78699,1.78734,1.00,1.00
2014.12.05 13:51:08.541,1.787,1.78737,1.00,1.00
2014.12.05 13:51:08.950,1.78702,1.78741,1.00,1.00
2014.12.05 13:51:09.303,1.78706,1.78745,1.00,1.00
2014.12.05 13:51:10.958,1.78706,1.78745,2.72,1.00
2014.12.05 13:51:11.109,1.78709,1.78748,2.35,1.00
2014.12.05 13:51:11.210,1.78711,1.78747,1.30,1.00
2014.12.05 13:51:11.412,1.78714,1.78751,1.35,1.00
2014.12.05 13:51:11.919,1.78714,1.78748,1.00,1.00
2014.12.05 13:51:13.379,1.78714,1.7875,1.00,1.00
2014.12.05 13:51:13.817,1.78716,1.78755,1.00,1.00
2014.12.05 13:51:14.120,1.78716,1.78751,1.00,1.00
2014.12.05 13:51:14.422,1.78716,1.78747,1.00,1.00
2014.12.05 13:51:14.940,1.78716,1.78746,1.00,1.00
2014.12.05 13:51:15.141,1.78714,1.78747,1.00,1.00
2014.12.05 13:51:15.508,1.78714,1.78741,1.00,1.00
2014.12.05 13:51:15.609,1.78714,1.78748,1.00,1.00
2014.12.05 13:51:16.630,1.78714,1.78748,1.37,1.00
2014.12.05 13:51:16.681,1.78714,1.78753,1.00,1.00
2014.12.05 13:51:16.988,1.78714,1.78748,1.00,1.00
2014.12.05 13:51:17.190,1.78716,1.78755,2.24,1.00
2014.12.05 13:51:17.240,1.78719,1.78752,1.12,1.00
2014.12.05 13:51:17.542,1.78721,1.78752,1.00,1.00
2014.12.05 13:51:18.656,1.78721,1.78751,1.00,1.00
2014.12.05 13:51:19.169,1.78721,1.78752,1.00,1.00
2014.12.05 13:51:19.220,1.78721,1.78757,1.00,1.00
2014.12.05 13:51:19.874,1.78721,1.7876,1.00,1.00
2014.12.05 13:51:20.199,1.78725,1.78762,1.00,1.00
2014.12.05 13:51:20.748,1.78725,1.78761,1.00,1.00
2014.12.05 13:51:21.000,1.78725,1.78764,1.00,1.00
2014.12.05 13:51:21.527,1.78725,1.78762,1.00,1.00
2014.12.05 13:51:21.678,1.78727,1.78764,1.35,1.00
2014.12.05 13:51:22.384,1.78726,1.7876,1.00,1.00
2014.12.05 13:51:22.687,1.78722,1.78756,1.00,1.00
2014.12.05 13:51:22.989,1.78717,1.78751,1.00,1.00
2014.12.05 13:51:25.670,1.78713,1.78745,1.00,1.00
2014.12.05 13:51:25.771,1.78708,1.78742,1.00,1.00
2014.12.05 13:51:25.872,1.78708,1.78742,1.37,1.00
2014.12.05 13:51:26.025,1.78709,1.78747,2.12,1.30
2014.12.05 13:51:26.227,1.78709,1.78744,1.00,1.00
2014.12.05 13:51:26.992,1.78716,1.78751,1.00,1.00
2014.12.05 13:51:27.143,1.78716,1.78754,1.00,1.30
2014.12.05 13:51:27.194,1.78721,1.78756,1.00,1.72
2014.12.05 13:51:27.395,1.78721,1.78758,1.00,1.00
2014.12.05 13:51:27.497,1.78721,1.78756,1.00,1.00
2014.12.05 13:51:27.800,1.78721,1.78754,1.00,1.30
2014.12.05 13:51:28.102,1.78721,1.78756,1.00,1.00
2014.12.05 13:51:28.524,1.78723,1.78757,2.72,1.00
2014.12.05 13:51:28.827,1.78723,1.78751,1.00,1.00
2014.12.05 13:51:29.339,1.78723,1.78752,1.00,1.00
2014.12.05 13:51:29.541,1.78721,1.78752,1.30,1.00
2014.12.05 13:51:29.641,1.78721,1.78757,1.00,1.72
2014.12.05 13:51:29.742,1.78721,1.78755,1.72,1.00
2014.12.05 13:51:29.894,1.78721,1.78751,1.00,1.00
2014.12.05 13:51:30.096,1.78718,1.7875,1.00,1.72
2014.12.05 13:51:30.197,1.78718,1.78748,1.00,1.30
2014.12.05 13:51:30.449,1.78718,1.7875,1.00,1.00
2014.12.05 13:51:31.601,1.78719,1.78752,1.00,1.00
2014.12.05 13:51:31.854,1.7871,1.78743,1.00,1.72
2014.12.05 13:51:32.212,1.78709,1.78741,1.00,1.30
2014.12.05 13:51:32.879,1.78709,1.78742,1.00,1.00
2014.12.05 13:51:33.752,1.78709,1.78741,1.72,1.00
2014.12.05 13:51:34.069,1.78711,1.78737,1.35,1.00
2014.12.05 13:51:34.120,1.78711,1.78747,1.00,1.00
2014.12.05 13:51:34.171,1.78709,1.78743,1.72,1.00
2014.12.05 13:51:34.272,1.78709,1.78743,1.30,1.00
2014.12.05 13:51:34.372,1.78709,1.78743,1.00,1.00
2014.12.05 13:51:34.423,1.78709,1.78737,1.00,1.00
2014.12.05 13:51:34.524,1.78709,1.78742,1.00,1.00
2014.12.05 13:51:34.575,1.78709,1.78742,1.00,1.00
2014.12.05 13:51:34.625,1.78709,1.78747,1.00,1.00
2014.12.05 13:51:35.118,1.78708,1.7874,1.00,1.00
2014.12.05 13:51:35.269,1.78702,1.78736,1.00,1.00
2014.12.05 13:51:35.722,1.78702,1.78736,1.00,1.00
2014.12.05 13:51:35.928,1.78702,1.78738,1.00,1.00
2014.12.05 13:51:36.029,1.78704,1.78741,1.00,1.50
2014.12.05 13:51:36.340,1.78705,1.78737,1.12,1.00
2014.12.05 13:51:36.391,1.78705,1.78741,2.12,1.00
2014.12.05 13:51:36.441,1.78709,1.78742,1.00,1.00
2014.12.05 13:51:36.744,1.78709,1.78737,1.00,1.00
2014.12.05 13:51:37.050,1.78709,1.78741,1.00,1.00
2014.12.05 13:51:37.554,1.78709,1.78742,2.12,1.72
2014.12.05 13:51:37.605,1.78709,1.78746,3.10,1.30
2014.12.05 13:51:37.706,1.78709,1.78742,1.00,1.30
2014.12.05 13:51:38.411,1.78709,1.78745,1.00,1.30
2014.12.05 13:51:38.667,1.78709,1.78743,1.00,1.30
2014.12.05 13:51:38.907,1.78709,1.78746,1.00,1.30
2014.12.05 13:51:39.109,1.78709,1.78743,1.00,1.30
2014.12.05 13:51:39.637,1.78709,1.78744,1.00,1.30
2014.12.05 13:51:39.688,1.78709,1.78747,1.00,1.00
2014.12.05 13:51:40.148,1.78709,1.78744,1.00,1.30
2014.12.05 13:51:40.199,1.78709,1.78744,1.00,1.30
2014.12.05 13:51:40.702,1.78709,1.78745,1.00,1.00
2014.12.05 13:51:40.954,1.78706,1.78738,1.00,1.00
2014.12.05 13:51:43.323,1.78706,1.78738,1.37,1.00
2014.12.05 13:51:43.374,1.78706,1.78742,1.00,1.00
2014.12.05 13:51:43.575,1.78708,1.78745,2.10,1.00
2014.12.05 13:51:43.626,1.78711,1.7875,1.00,1.00
2014.12.05 13:51:43.929,1.78715,1.78752,1.00,1.00
2014.12.05 13:51:44.367,1.78717,1.78752,1.00,1.00
2014.12.05 13:51:44.871,1.78717,1.78756,1.00,1.00
2014.12.05 13:51:44.972,1.78722,1.78756,1.50,1.00
2014.12.05 13:51:45.022,1.78724,1.78762,1.00,1.00
2014.12.05 13:51:45.123,1.78724,1.78756,1.00,1.00
2014.12.05 13:51:45.476,1.78729,1.78756,1.00,1.00
2014.12.05 13:51:45.526,1.78729,1.78761,1.00,1.00
2014.12.05 13:51:45.627,1.78731,1.78761,1.30,1.00
2014.12.05 13:51:45.678,1.78736,1.78767,1.00,1.00
2014.12.05 13:51:45.729,1.78738,1.78767,2.72,1.00
2014.12.05 13:51:45.880,1.7874,1.78775,1.00,1.00
2014.12.05 13:51:45.981,1.7874,1.78777,1.00,1.00
2014.12.05 13:51:46.031,1.78746,1.78777,1.00,1.00
2014.12.05 13:51:46.082,1.78746,1.78782,1.00,1.00
2014.12.05 13:51:46.436,1.78746,1.78777,1.00,1.00
2014.12.05 13:51:46.638,1.78746,1.78783,1.00,1.00
2014.12.05 13:51:47.060,1.78746,1.78781,1.00,1.00
2014.12.05 13:51:47.568,1.78746,1.78782,1.00,1.00
2014.12.05 13:51:47.880,1.78748,1.78786,1.00,1.72
2014.12.05 13:51:48.399,1.78748,1.78781,1.00,1.00
2014.12.05 13:51:48.449,1.78748,1.78781,1.00,1.00
2014.12.05 13:51:48.601,1.78748,1.78772,1.00,1.00
2014.12.05 13:51:48.652,1.78746,1.78772,1.00,1.00
2014.12.05 13:51:48.753,1.78739,1.78771,1.72,1.00
2014.12.05 13:51:49.055,1.78739,1.78767,1.00,1.00
2014.12.05 13:51:49.597,1.78739,1.78766,1.00,1.00
2014.12.05 13:51:49.807,1.78739,1.78771,1.00,1.00
2014.12.05 13:51:50.149,1.78739,1.78766,1.00,1.00
2014.12.05 13:51:50.374,1.78739,1.7877,1.00,1.30
2014.12.05 13:51:50.576,1.78739,1.78767,1.00,1.00
2014.12.05 13:51:50.838,1.78739,1.7877,1.00,1.30
2014.12.05 13:51:51.144,1.78739,1.78766,1.00,1.00
2014.12.05 13:51:51.497,1.78739,1.78771,1.00,1.50
2014.12.05 13:51:53.182,1.78739,1.78776,1.00,1.50
2014.12.05 13:51:53.283,1.78741,1.78777,1.00,1.00
2014.12.05 13:51:53.636,1.78743,1.78776,1.30,1.00
2014.12.05 13:51:53.686,1.78743,1.7878,1.30,1.00
2014.12.05 13:51:53.737,1.78749,1.7878,1.30,1.00
2014.12.05 13:51:53.888,1.7875,1.78785,2.42,1.00
2014.12.05 13:51:53.939,1.78751,1.78787,1.00,1.00
2014.12.05 13:51:54.140,1.78751,1.78781,1.00,1.00
2014.12.05 13:51:54.342,1.78751,1.78787,1.00,1.00
2014.12.05 13:51:54.873,1.78751,1.78788,1.72,1.00
2014.12.05 13:51:55.024,1.78753,1.78792,1.00,1.50
2014.12.05 13:51:55.377,1.78759,1.78791,1.00,1.00
2014.12.05 13:51:55.688,1.78758,1.78781,1.72,1.00
2014.12.05 13:51:55.840,1.78756,1.78781,1.00,1.00
2014.12.05 13:51:55.940,1.78756,1.78786,1.00,1.30
2014.12.05 13:51:56.092,1.78756,1.78782,1.00,1.00
2014.12.05 13:51:56.296,1.78756,1.78786,1.00,1.00
2014.12.05 13:51:56.548,1.78756,1.78782,1.00,1.00
2014.12.05 13:51:56.850,1.78756,1.78777,1.00,1.00
2014.12.05 13:51:56.901,1.78751,1.78777,1.00,1.00
2014.12.05 13:51:57.001,1.78751,1.78782,1.00,1.00
2014.12.05 13:51:57.809,1.78751,1.78776,1.00,1.00
2014.12.05 13:51:57.910,1.78746,1.78776,1.00,1.00
2014.12.05 13:51:58.234,1.78742,1.78776,1.00,1.00
2014.12.05 13:51:58.335,1.78739,1.78773,1.00,1.00
2014.12.05 13:52:00.302,1.78739,1.78778,1.00,1.00
2014.12.05 13:52:02.150,1.78739,1.78777,2.12,1.00
2014.12.05 13:52:02.688,1.78739,1.78778,2.12,1.00
2014.12.05 13:52:04.587,1.78739,1.78776,1.00,1.37
2014.12.05 13:52:04.738,1.78736,1.78768,1.00,1.12
2014.12.05 13:52:04.940,1.78732,1.78766,1.00,1.00
2014.12.05 13:52:05.198,1.78732,1.78766,1.00,1.37
2014.12.05 13:52:05.299,1.78724,1.78756,1.00,1.00
2014.12.05 13:52:05.992,1.78724,1.78756,1.00,1.37
2014.12.05 13:52:06.043,1.7872,1.78754,1.00,1.37
2014.12.05 13:52:06.093,1.7872,1.78754,1.00,1.37
2014.12.05 13:52:06.144,1.78717,1.78749,1.00,1.50
2014.12.05 13:52:06.245,1.78711,1.78745,1.00,1.00
2014.12.05 13:52:06.810,1.78711,1.78747,2.50,1.00
2014.12.05 13:52:06.861,1.78711,1.78749,3.25,1.00
2014.12.05 13:52:06.911,1.78716,1.78752,1.00,1.00
2014.12.05 13:52:07.213,1.78716,1.78755,2.72,1.00
2014.12.05 13:52:07.314,1.78716,1.78752,2.72,1.00
2014.12.05 13:52:07.415,1.78716,1.78755,2.72,1.00
2014.12.05 13:52:08.023,1.78721,1.78756,2.12,1.00
2014.12.05 13:52:08.548,1.78721,1.78757,2.12,1.72
2014.12.05 13:52:09.207,1.78721,1.78756,2.12,1.00
2014.12.05 13:52:09.742,1.78722,1.78757,1.12,1.00
2014.12.05 13:52:10.195,1.78722,1.78751,1.00,1.00
2014.12.05 13:52:10.447,1.78719,1.78746,1.00,1.00
2014.12.05 13:52:10.750,1.78719,1.78741,1.00,1.00
2014.12.05 13:52:10.851,1.78719,1.78746,1.00,1.72
2014.12.05 13:52:11.204,1.78719,1.7875,1.00,1.30
2014.12.05 13:52:11.607,1.78719,1.78752,1.00,1.00
2014.12.05 13:52:12.308,1.78719,1.78751,1.00,1.00
2014.12.05 13:52:12.615,1.78719,1.78747,1.00,1.00
2014.12.05 13:52:12.716,1.78719,1.78751,1.00,1.30
2014.12.05 13:52:12.816,1.78719,1.78747,1.00,1.00
2014.12.05 13:52:13.700,1.78719,1.78746,1.00,1.30
2014.12.05 13:52:14.121,1.78719,1.78742,1.00,1.00
2014.12.05 13:52:14.273,1.78719,1.78752,1.00,1.00
2014.12.05 13:52:14.375,1.78719,1.78747,1.00,1.00
2014.12.05 13:52:14.678,1.78719,1.78742,1.00,1.00
2014.12.05 13:52:15.685,1.78719,1.78741,1.00,1.00
2014.12.05 13:52:16.328,1.78719,1.78742,1.00,1.00
2014.12.05 13:52:16.480,1.78714,1.78742,1.00,1.00
2014.12.05 13:52:16.632,1.78711,1.78742,1.00,1.00
2014.12.05 13:52:16.882,1.78711,1.78737,1.00,1.00
2014.12.05 13:52:17.088,1.78711,1.78742,1.00,1.00
2014.12.05 13:52:18.671,1.78711,1.78741,1.00,1.00
2014.12.05 13:52:19.150,1.78707,1.78732,1.30,1.00
2014.12.05 13:52:19.251,1.78707,1.78737,1.35,1.00
2014.12.05 13:52:19.352,1.78707,1.78736,2.35,1.00
2014.12.05 13:52:19.690,1.78712,1.78742,1.35,1.00
2014.12.05 13:52:19.791,1.78714,1.78742,1.00,1.00
2014.12.05 13:52:19.892,1.78714,1.78747,2.35,1.00
2014.12.05 13:52:20.143,1.78714,1.78742,1.00,1.00
2014.12.05 13:52:20.929,1.78714,1.78741,1.00,1.00
2014.12.05 13:52:21.132,1.78714,1.78746,1.00,1.00
2014.12.05 13:52:21.233,1.7871,1.78744,1.00,1.00
2014.12.05 13:52:21.283,1.7871,1.78744,1.30,1.00
2014.12.05 13:52:21.334,1.7871,1.78747,2.72,1.00
2014.12.05 13:52:21.536,1.78712,1.78751,1.00,1.50
2014.12.05 13:52:21.688,1.78715,1.78747,1.00,1.00
2014.12.05 13:52:21.990,1.78715,1.78747,1.00,1.00
2014.12.05 13:52:22.243,1.78715,1.78749,1.00,1.00
2014.12.05 13:52:22.359,1.78717,1.78749,1.72,1.00
2014.12.05 13:52:22.561,1.78719,1.78757,2.72,1.00
2014.12.05 13:52:22.662,1.78727,1.78757,1.00,1.00
2014.12.05 13:52:22.863,1.78727,1.78762,1.00,1.00
2014.12.05 13:52:23.014,1.7873,1.78762,1.30,1.00
2014.12.05 13:52:23.115,1.7873,1.78762,1.72,1.00
2014.12.05 13:52:23.636,1.7873,1.78761,1.00,1.00
2014.12.05 13:52:23.888,1.7873,1.78757,1.00,1.00
2014.12.05 13:52:23.989,1.7873,1.78762,1.00,1.00
2014.12.05 13:52:24.066,1.7873,1.78756,1.00,1.00
2014.12.05 13:52:24.217,1.7873,1.78762,1.00,1.00
2014.12.05 13:52:24.973,1.7873,1.78766,1.00,1.50
2014.12.05 13:52:25.024,1.7873,1.78763,1.00,1.30
2014.12.05 13:52:25.326,1.7873,1.7876,1.00,1.30
2014.12.05 13:52:25.578,1.78723,1.78756,1.50,1.30
2014.12.05 13:52:26.082,1.78736,1.78771,1.30,1.50
2014.12.05 13:52:26.526,1.78739,1.78771,2.80,1.00
2014.12.05 13:52:26.626,1.7874,1.78776,1.50,1.50
2014.12.05 13:52:26.985,1.7874,1.78776,1.72,1.50
2014.12.05 13:52:27.086,1.7874,1.78772,1.72,1.00
2014.12.05 13:52:27.833,1.7874,1.78776,1.00,1.00
2014.12.05 13:52:28.035,1.78742,1.78779,1.00,1.00
2014.12.05 13:52:28.539,1.78743,1.78779,1.35,1.00
2014.12.05 13:52:28.590,1.78748,1.78782,1.12,1.00
2014.12.05 13:52:28.691,1.78748,1.78786,2.12,1.00
2014.12.05 13:52:28.943,1.78753,1.78786,1.00,1.00
2014.12.05 13:52:29.246,1.78758,1.78787,1.00,1.00
2014.12.05 13:52:29.397,1.78758,1.78792,1.00,1.00
2014.12.05 13:52:29.599,1.78758,1.78795,1.00,1.00
2014.12.05 13:52:29.700,1.78761,1.78796,1.00,1.00
2014.12.05 13:52:29.801,1.78761,1.788,1.00,1.00
2014.12.05 13:52:30.119,1.78761,1.78797,1.00,1.00
2014.12.05 13:52:30.421,1.78761,1.78791,1.00,1.00
2014.12.05 13:52:30.573,1.78761,1.78796,1.00,1.37
2014.12.05 13:52:30.674,1.78758,1.78789,1.00,1.00
2014.12.05 13:52:30.724,1.78755,1.78789,1.00,1.00
2014.12.05 13:52:30.926,1.78755,1.78783,1.00,1.00
2014.12.05 13:52:31.027,1.78752,1.78783,1.00,1.00
2014.12.05 13:52:31.127,1.78747,1.7878,1.00,1.00
2014.12.05 13:52:31.228,1.78747,1.78786,1.00,1.00
2014.12.05 13:52:31.782,1.78753,1.7879,1.00,1.00
2014.12.05 13:52:32.084,1.78753,1.78786,1.00,1.00
2014.12.05 13:52:32.662,1.78753,1.78791,1.00,1.50
2014.12.05 13:52:33.217,1.78756,1.78793,2.12,1.00
2014.12.05 13:52:33.520,1.78763,1.78797,1.00,1.00
2014.12.05 13:52:33.672,1.78763,1.78801,1.00,1.00
2014.12.05 13:52:34.187,1.78764,1.78802,2.10,1.00
2014.12.05 13:52:34.472,1.78766,1.78805,1.00,1.00
2014.12.05 13:52:34.775,1.78766,1.78801,1.00,1.00
2014.12.05 13:52:34.976,1.78766,1.78805,1.00,1.00
2014.12.05 13:52:35.077,1.78766,1.78802,1.00,1.00
2014.12.05 13:52:35.178,1.78764,1.78803,1.00,1.00
2014.12.05 13:52:35.229,1.78764,1.78801,1.00,1.00
2014.12.05 13:52:35.380,1.7876,1.78799,1.00,1.00
2014.12.05 13:52:35.918,1.7876,1.78799,1.00,1.00
2014.12.05 13:52:36.070,1.7876,1.78798,1.00,1.37
2014.12.05 13:52:36.321,1.78753,1.78793,1.00,1.87
2014.12.05 13:52:36.376,1.78753,1.78793,1.00,1.50
2014.12.05 13:52:36.897,1.78753,1.78793,1.00,1.00
2014.12.05 13:52:37.048,1.78754,1.78794,1.12,1.00
2014.12.05 13:52:37.442,1.78754,1.78796,2.12,1.00
2014.12.05 13:52:37.703,1.78754,1.78796,3.25,1.00
2014.12.05 13:52:37.855,1.78766,1.78809,1.12,1.00
2014.12.05 13:52:38.006,1.78766,1.78809,1.00,1.37
2014.12.05 13:52:38.258,1.78764,1.78802,1.00,1.00
2014.12.05 13:52:38.970,1.78764,1.78801,1.00,1.00
2014.12.05 13:52:39.865,1.78764,1.78802,1.00,1.12
2014.12.05 13:52:40.828,1.78764,1.78806,1.00,1.87
2014.12.05 13:52:41.231,1.78763,1.78803,1.00,1.50
2014.12.05 13:52:41.806,1.78763,1.78802,1.00,1.00
2014.12.05 13:52:42.108,1.78763,1.78803,1.00,1.87
2014.12.05 13:52:42.512,1.78763,1.78801,1.00,1.50
2014.12.05 13:52:42.562,1.7876,1.78799,1.00,1.87
2014.12.05 13:52:42.713,1.7876,1.78799,1.00,1.87
2014.12.05 13:52:42.965,1.7876,1.78796,1.00,1.30
2014.12.05 13:52:43.318,1.7876,1.78797,2.72,1.00
2014.12.05 13:52:43.469,1.78765,1.78801,1.72,1.00
2014.12.05 13:52:43.570,1.78765,1.78806,1.72,1.30
2014.12.05 13:52:43.621,1.78769,1.78807,1.30,1.00
2014.12.05 13:52:43.973,1.78769,1.78812,1.00,1.00
2014.12.05 13:52:44.543,1.78769,1.78813,1.00,1.00
2014.12.05 13:52:44.645,1.78769,1.78809,1.00,1.00
2014.12.05 13:52:44.746,1.78766,1.78806,1.00,1.00
2014.12.05 13:52:45.413,1.78768,1.78806,1.00,1.00
2014.12.05 13:52:45.564,1.78772,1.78812,1.12,1.50
2014.12.05 13:52:45.665,1.78775,1.78819,1.35,1.00
2014.12.05 13:52:45.715,1.78777,1.78819,4.67,1.00
2014.12.05 13:52:45.866,1.78782,1.78825,1.50,1.00
2014.12.05 13:52:46.081,1.78782,1.78827,2.72,1.12
2014.12.05 13:52:46.182,1.78782,1.78825,1.00,1.00
2014.12.05 13:52:46.283,1.78787,1.7883,1.50,1.50
2014.12.05 13:52:46.384,1.78788,1.7883,1.30,1.00
2014.12.05 13:52:46.434,1.7879,1.78834,2.25,1.00
2014.12.05 13:52:46.485,1.78796,1.78835,1.72,1.00
2014.12.05 13:52:46.535,1.78796,1.78837,3.22,1.00
2014.12.05 13:52:46.636,1.78796,1.78842,3.22,2.25
2014.12.05 13:52:46.939,1.78799,1.78842,1.50,1.50
2014.12.05 13:52:47.513,1.788,1.78842,1.50,1.50
2014.12.05 13:52:48.326,1.788,1.7884,1.67,1.00
2014.12.05 13:52:48.377,1.78799,1.7884,2.10,1.00
2014.12.05 13:52:48.912,1.78799,1.7884,2.42,1.00
2014.12.05 13:52:49.445,1.78799,1.7884,2.10,1.00
2014.12.05 13:52:49.953,1.78799,1.7884,2.10,1.00
2014.12.05 13:52:50.070,1.78799,1.7884,2.10,1.00
2014.12.05 13:52:50.923,1.78799,1.7884,2.10,1.00
2014.12.05 13:52:53.865,1.78799,1.78842,3.92,1.87
2014.12.05 13:52:53.916,1.78799,1.78842,3.92,1.50
2014.12.05 13:52:53.966,1.78801,1.78842,1.30,1.50
2014.12.05 13:52:54.273,1.78805,1.78841,1.30,1.00
2014.12.05 13:52:54.324,1.78802,1.78845,1.50,1.37
2014.12.05 13:52:54.425,1.78799,1.7884,1.12,1.12
2014.12.05 13:52:54.626,1.78798,1.78833,1.00,1.00
2014.12.05 13:52:54.677,1.78793,1.78833,1.30,1.00
2014.12.05 13:52:54.979,1.78792,1.78831,1.00,1.00
2014.12.05 13:52:55.029,1.78788,1.78829,1.30,1.00
2014.12.05 13:52:55.080,1.78786,1.78829,1.50,1.00
2014.12.05 13:52:55.130,1.78786,1.78824,1.00,1.00
2014.12.05 13:52:55.634,1.78786,1.78824,1.30,1.00
2014.12.05 13:52:56.285,1.78786,1.78825,1.30,1.00
2014.12.05 13:52:56.818,1.78786,1.78825,1.35,1.00
2014.12.05 13:52:57.141,1.78786,1.78825,1.67,1.00
2014.12.05 13:52:57.646,1.78786,1.78824,1.35,1.00
2014.12.05 13:52:57.696,1.78786,1.78829,1.35,1.00
2014.12.05 13:52:57.747,1.78786,1.78832,1.87,1.00
2014.12.05 13:52:57.949,1.78786,1.78832,1.87,1.37
2014.12.05 13:52:58.251,1.7879,1.78832,1.30,1.37
2014.12.05 13:52:58.402,1.7879,1.78832,1.35,1.37
2014.12.05 13:52:58.755,1.78788,1.78827,1.37,1.00
2014.12.05 13:52:58.922,1.78787,1.78827,1.30,1.00
2014.12.05 13:52:59.466,1.78786,1.78827,1.12,1.00
2014.12.05 13:53:00.135,1.78786,1.78827,1.00,1.75
2014.12.05 13:53:00.286,1.78781,1.78823,1.37,1.37
2014.12.05 13:53:00.337,1.78781,1.78823,1.00,1.37
2014.12.05 13:53:00.387,1.78781,1.78817,1.00,1.00
2014.12.05 13:53:00.815,1.78776,1.78817,1.00,1.50
2014.12.05 13:53:00.916,1.78774,1.78817,1.72,1.50
2014.12.05 13:53:01.021,1.78774,1.78816,1.30,1.00
2014.12.05 13:53:01.125,1.78774,1.78817,1.30,1.87
2014.12.05 13:53:01.381,1.78774,1.78811,1.30,1.00
2014.12.05 13:53:01.683,1.78778,1.78812,1.30,1.00
2014.12.05 13:53:02.192,1.78779,1.78812,1.30,1.00
2014.12.05 13:53:02.532,1.78781,1.78812,1.30,1.00
2014.12.05 13:53:02.891,1.78781,1.78816,1.30,1.00
2014.12.05 13:53:03.151,1.78781,1.78811,1.30,1.00
2014.12.05 13:53:03.363,1.78781,1.78816,1.30,1.50
2014.12.05 13:53:03.572,1.78781,1.78811,1.30,1.00
2014.12.05 13:53:03.878,1.78781,1.78816,1.30,1.12
2014.12.05 13:53:03.987,1.78781,1.78811,1.30,1.00
2014.12.05 13:53:04.088,1.78781,1.78811,1.30,1.00
2014.12.05 13:53:04.340,1.78777,1.78812,1.30,1.37
2014.12.05 13:53:04.441,1.78771,1.78811,1.30,1.37
2014.12.05 13:53:04.633,1.78772,1.78811,1.30,1.37
2014.12.05 13:53:04.937,1.78772,1.78807,1.30,1.50
2014.12.05 13:53:05.189,1.78772,1.78808,1.30,1.00
2014.12.05 13:53:05.290,1.7877,1.78808,1.30,1.00
2014.12.05 13:53:05.643,1.78769,1.78806,1.30,1.00
2014.12.05 13:53:05.794,1.78769,1.78808,1.30,1.50
2014.12.05 13:53:06.310,1.78768,1.78808,1.30,1.87
2014.12.05 13:53:06.411,1.78766,1.78808,1.30,1.50
2014.12.05 13:53:06.528,1.78766,1.78803,1.30,1.00
2014.12.05 13:53:06.881,1.78763,1.78807,1.87,1.12
2014.12.05 13:53:07.183,1.78763,1.78807,3.17,1.12
2014.12.05 13:53:07.485,1.78768,1.78807,1.12,1.00
2014.12.05 13:53:07.800,1.78773,1.78806,1.30,1.00
2014.12.05 13:53:08.259,1.78775,1.78806,1.30,1.00
2014.12.05 13:53:08.768,1.78776,1.78806,1.30,1.00
2014.12.05 13:53:09.608,1.78776,1.78807,1.30,1.00
2014.12.05 13:53:09.865,1.78778,1.78811,1.30,1.00
2014.12.05 13:53:10.167,1.78774,1.78811,1.30,1.00
2014.12.05 13:53:10.805,1.78771,1.78811,1.67,1.00
2014.12.05 13:53:11.058,1.78773,1.78811,1.30,1.00
2014.12.05 13:53:11.159,1.78773,1.78818,1.87,1.87
2014.12.05 13:53:11.261,1.78776,1.78821,1.12,1.37
2014.12.05 13:53:11.514,1.78778,1.78826,1.50,1.50
2014.12.05 13:53:11.615,1.78778,1.78822,2.72,1.00
2014.12.05 13:53:11.716,1.78778,1.78822,2.72,1.50
2014.12.05 13:53:12.027,1.78778,1.78811,1.00,1.00
2014.12.05 13:53:12.356,1.78774,1.7881,1.00,1.00
2014.12.05 13:53:12.407,1.78772,1.7881,1.30,1.00
2014.12.05 13:53:12.458,1.78769,1.7881,1.30,1.00
2014.12.05 13:53:12.559,1.78769,1.7881,1.30,1.00
2014.12.05 13:53:12.885,1.78767,1.7881,1.50,1.00
2014.12.05 13:53:13.779,1.78767,1.7881,1.30,1.00
2014.12.05 13:53:14.318,1.78767,1.7881,1.00,1.00
2014.12.05 13:53:14.620,1.78767,1.7881,1.00,1.00
2014.12.05 13:53:14.922,1.78767,1.7881,1.00,1.72
2014.12.05 13:53:15.124,1.78767,1.78806,1.00,1.72
2014.12.05 13:53:15.426,1.78758,1.78796,1.00,1.30
2014.12.05 13:53:15.728,1.78762,1.78798,1.30,1.00
2014.12.05 13:53:15.829,1.78762,1.78802,1.30,1.72
2014.12.05 13:53:15.880,1.78761,1.78802,1.00,1.00
2014.12.05 13:53:15.930,1.78761,1.788,1.00,1.00
2014.12.05 13:53:16.031,1.78758,1.78798,1.30,1.00
2014.12.05 13:53:16.233,1.78755,1.78792,1.00,1.00
2014.12.05 13:53:16.635,1.78755,1.7879,1.30,1.30
2014.12.05 13:53:16.887,1.78753,1.78791,1.30,1.00
2014.12.05 13:53:16.988,1.78753,1.78786,1.30,1.00
2014.12.05 13:53:17.089,1.78753,1.78791,1.30,1.00
2014.12.05 13:53:17.190,1.78753,1.78791,1.30,1.00
2014.12.05 13:53:17.341,1.78753,1.78793,1.30,1.00
2014.12.05 13:53:17.442,1.7875,1.78793,1.00,1.00
2014.12.05 13:53:17.493,1.78749,1.78789,1.00,1.00
2014.12.05 13:53:17.644,1.78746,1.78789,2.47,1.50
2014.12.05 13:53:17.745,1.78746,1.78786,1.00,1.00
2014.12.05 13:53:18.047,1.78746,1.78783,1.30,1.00
2014.12.05 13:53:18.198,1.78746,1.78782,1.30,1.00
2014.12.05 13:53:18.299,1.78745,1.78784,1.30,1.00
2014.12.05 13:53:18.400,1.78745,1.78784,1.30,1.00
2014.12.05 13:53:18.450,1.78745,1.78786,1.30,1.00
2014.12.05 13:53:18.501,1.78746,1.78786,1.30,1.00
2014.12.05 13:53:18.886,1.78749,1.78785,1.30,1.00
2014.12.05 13:53:19.088,1.78749,1.78786,1.30,1.00
2014.12.05 13:53:19.189,1.78744,1.78786,1.00,1.00
2014.12.05 13:53:19.642,1.78743,1.78782,1.00,1.00
2014.12.05 13:53:19.843,1.78745,1.78788,1.50,1.50
2014.12.05 13:53:19.944,1.78745,1.78788,1.50,1.50
2014.12.05 13:53:20.045,1.78745,1.78783,1.00,1.00
2014.12.05 13:53:20.297,1.78743,1.78783,1.30,1.00
2014.12.05 13:53:20.367,1.78743,1.78783,1.30,1.00
2014.12.05 13:53:20.697,1.78744,1.78781,1.30,1.00
2014.12.05 13:53:21.002,1.78747,1.78783,1.30,1.00
2014.12.05 13:53:21.154,1.78747,1.78783,1.30,1.00
2014.12.05 13:53:21.491,1.78747,1.78783,1.30,1.00
2014.12.05 13:53:21.541,1.78747,1.78786,1.30,1.00
2014.12.05 13:53:21.592,1.78754,1.78786,1.30,1.00
2014.12.05 13:53:21.642,1.78754,1.7879,1.30,1.00
2014.12.05 13:53:21.693,1.78753,1.7879,1.30,1.00
2014.12.05 13:53:21.844,1.78753,1.78795,1.30,1.00
2014.12.05 13:53:21.945,1.78752,1.78795,1.00,1.00
2014.12.05 13:53:23.006,1.78751,1.78791,1.37,1.00
2014.12.05 13:53:23.157,1.78747,1.78791,1.87,1.00
2014.12.05 13:53:23.359,1.78749,1.78791,1.30,1.00
2014.12.05 13:53:23.820,1.78749,1.78791,1.30,1.00
2014.12.05 13:53:23.971,1.78749,1.78788,1.30,1.00
2014.12.05 13:53:24.123,1.78747,1.78788,1.37,1.00
2014.12.05 13:53:24.626,1.7875,1.78788,1.30,1.00
2014.12.05 13:53:24.979,1.78749,1.78788,1.50,1.00
2014.12.05 13:53:25.382,1.78749,1.78789,2.50,1.00
2014.12.05 13:53:25.708,1.78745,1.78785,1.20,1.00
2014.12.05 13:53:25.808,1.78745,1.78788,2.72,1.00
2014.12.05 13:53:26.111,1.7876,1.78801,1.50,1.00
2014.12.05 13:53:26.413,1.7876,1.78795,1.30,1.00
2014.12.05 13:53:26.728,1.78763,1.78795,1.30,1.00
2014.12.05 13:53:26.930,1.78755,1.78795,1.00,1.00
2014.12.05 13:53:26.981,1.78755,1.78789,1.00,1.00
2014.12.05 13:53:27.082,1.78753,1.78789,1.00,1.00
2014.12.05 13:53:27.133,1.78751,1.78789,1.00,1.00
2014.12.05 13:53:27.284,1.78751,1.78785,1.00,1.00
2014.12.05 13:53:27.335,1.78745,1.78782,1.00,1.00
2014.12.05 13:53:27.436,1.78745,1.78785,3.47,1.00
2014.12.05 13:53:27.486,1.78745,1.78789,3.47,1.00
2014.12.05 13:53:27.688,1.78749,1.78789,1.00,1.00
2014.12.05 13:53:28.141,1.78752,1.78789,1.30,1.50
2014.12.05 13:53:29.006,1.78752,1.78789,1.72,1.50
2014.12.05 13:53:29.322,1.78753,1.78789,1.00,1.50
2014.12.05 13:53:29.473,1.78755,1.78793,1.12,1.00
2014.12.05 13:53:29.524,1.78758,1.78793,1.00,1.00
2014.12.05 13:53:29.826,1.78762,1.78793,1.30,1.00
2014.12.05 13:53:29.927,1.78753,1.78793,1.45,1.00
2014.12.05 13:53:30.028,1.78753,1.78793,1.00,1.00
2014.12.05 13:53:30.330,1.78753,1.7879,1.00,1.00
2014.12.05 13:53:30.649,1.78761,1.7879,1.30,1.00
2014.12.05 13:53:30.750,1.78764,1.78794,1.30,1.00
2014.12.05 13:53:31.254,1.78765,1.78794,1.30,1.00
2014.12.05 13:53:31.766,1.78765,1.78794,1.30,1.00
2014.12.05 13:53:31.968,1.78765,1.78796,1.30,1.00
2014.12.05 13:53:32.151,1.78768,1.78796,1.30,1.00
2014.12.05 13:53:32.202,1.78764,1.78796,1.00,1.00
2014.12.05 13:53:32.303,1.7876,1.78792,1.00,1.00
2014.12.05 13:53:33.261,1.78757,1.78788,1.30,1.00
2014.12.05 13:53:33.771,1.78756,1.78788,2.47,1.00
2014.12.05 13:53:33.821,1.78756,1.78792,1.00,1.00
2014.12.05 13:53:33.872,1.78756,1.78792,2.42,1.00
2014.12.05 13:53:34.074,1.78756,1.78792,1.50,1.00
2014.12.05 13:53:34.175,1.78756,1.78789,1.00,1.00
2014.12.05 13:53:34.376,1.78758,1.78792,1.72,1.00
2014.12.05 13:53:34.427,1.78758,1.78792,2.80,1.00
2014.12.05 13:53:34.776,1.78758,1.78792,1.00,1.00
2014.12.05 13:53:34.826,1.78758,1.78782,1.00,1.00
2014.12.05 13:53:35.128,1.78754,1.78776,1.00,1.00
2014.12.05 13:53:35.179,1.78754,1.78782,1.00,1.50
2014.12.05 13:53:35.330,1.7875,1.78782,1.00,1.00
2014.12.05 13:53:35.481,1.78745,1.78779,1.00,1.00
2014.12.05 13:53:35.582,1.78743,1.78767,1.00,1.00
2014.12.05 13:53:35.884,1.78743,1.78763,1.00,1.00
2014.12.05 13:53:35.985,1.7874,1.78764,1.00,1.00
2014.12.05 13:53:36.187,1.78738,1.78764,1.30,1.00
2014.12.05 13:53:36.287,1.78738,1.78767,1.30,1.00
2014.12.05 13:53:36.338,1.78738,1.78764,1.30,1.00
2014.12.05 13:53:36.539,1.78738,1.78767,1.30,1.50
2014.12.05 13:53:36.590,1.7874,1.78767,1.30,1.00
2014.12.05 13:53:36.690,1.7874,1.78767,1.00,1.00
2014.12.05 13:53:36.892,1.7874,1.78771,1.30,1.00
2014.12.05 13:53:36.993,1.7874,1.78776,1.30,1.00
2014.12.05 13:53:37.345,1.78743,1.78772,1.00,1.00
2014.12.05 13:53:37.446,1.78738,1.78772,2.06,1.00
2014.12.05 13:53:37.547,1.78738,1.78775,3.81,1.00
2014.12.05 13:53:37.849,1.78738,1.78764,1.00,1.00
2014.12.05 13:53:37.899,1.78735,1.78764,1.00,1.00
2014.12.05 13:53:38.049,1.78735,1.78771,1.00,1.00
2014.12.05 13:53:38.100,1.78735,1.78767,1.00,1.00
2014.12.05 13:53:38.151,1.78735,1.78767,1.00,1.00
2014.12.05 13:53:38.353,1.78735,1.78771,1.72,1.00
2014.12.05 13:53:38.555,1.78733,1.78765,1.00,1.00
2014.12.05 13:53:38.706,1.78728,1.78762,1.00,1.00
2014.12.05 13:53:40.448,1.78728,1.78766,1.00,1.00
2014.12.05 13:53:40.850,1.7873,1.78769,2.72,1.00
2014.12.05 13:53:41.153,1.78735,1.78769,1.30,1.00
2014.12.05 13:53:41.204,1.78735,1.78769,1.00,1.00
2014.12.05 13:53:41.909,1.78735,1.78767,1.00,1.00
2014.12.05 13:53:42.362,1.78732,1.78766,1.72,1.00
2014.12.05 13:53:42.614,1.78732,1.78766,1.30,1.00
2014.12.05 13:53:42.715,1.78732,1.78766,1.30,1.00
2014.12.05 13:53:42.917,1.78732,1.78766,1.30,1.00
2014.12.05 13:53:43.069,1.78734,1.7877,1.72,1.00
2014.12.05 13:53:43.522,1.78736,1.78775,1.00,1.00
2014.12.05 13:53:44.171,1.78736,1.78772,1.00,1.00
2014.12.05 13:53:44.473,1.78734,1.78766,1.00,1.00
2014.12.05 13:53:44.805,1.78734,1.78766,1.30,1.00
2014.12.05 13:53:45.108,1.78734,1.78766,1.30,1.00
2014.12.05 13:53:45.360,1.78729,1.78763,1.50,1.00
2014.12.05 13:53:45.461,1.78725,1.78758,1.44,1.00
2014.12.05 13:53:45.763,1.78725,1.78758,1.30,1.00
2014.12.05 13:53:46.065,1.78725,1.78756,1.72,1.00
2014.12.05 13:53:46.266,1.78723,1.78756,1.30,1.00
2014.12.05 13:53:46.468,1.78719,1.78753,1.00,1.00
2014.12.05 13:53:46.776,1.78719,1.78748,1.00,1.00
2014.12.05 13:53:46.827,1.78715,1.78746,1.72,1.00
2014.12.05 13:53:46.878,1.78715,1.78746,1.30,1.00
2014.12.05 13:53:47.181,1.78715,1.78742,1.30,1.00
2014.12.05 13:53:47.231,1.78721,1.78755,1.30,1.00
2014.12.05 13:53:47.332,1.78724,1.78755,1.30,1.00
2014.12.05 13:53:47.585,1.78727,1.78761,1.30,1.00
2014.12.05 13:53:47.635,1.78739,1.78761,1.30,1.00
2014.12.05 13:53:48.090,1.78739,1.78767,1.30,1.00
2014.12.05 13:53:48.191,1.78739,1.78767,1.30,1.00
2014.12.05 13:53:48.443,1.78744,1.78776,1.30,1.50
2014.12.05 13:53:48.544,1.78747,1.78776,1.30,1.00
2014.12.05 13:53:48.846,1.7875,1.78776,1.30,1.50
2014.12.05 13:53:49.148,1.78752,1.78776,1.30,1.00
2014.12.05 13:53:49.199,1.78751,1.78776,1.30,1.00
2014.12.05 13:53:49.300,1.78745,1.78777,1.30,1.00
2014.12.05 13:53:49.652,1.78748,1.78776,1.30,1.00
2014.12.05 13:53:49.753,1.78748,1.78776,1.30,1.00
2014.12.05 13:53:49.854,1.78748,1.78779,1.30,1.00
2014.12.05 13:53:50.156,1.78748,1.78777,1.30,1.00
2014.12.05 13:53:50.408,1.78747,1.78776,1.30,1.00
2014.12.05 13:53:50.459,1.78747,1.78779,1.30,1.00
2014.12.05 13:53:50.625,1.78747,1.78777,1.30,1.00
2014.12.05 13:53:50.948,1.78747,1.78777,1.30,1.00
2014.12.05 13:53:51.250,1.78748,1.78779,1.30,1.00
2014.12.05 13:53:51.401,1.78748,1.78777,1.30,1.00
2014.12.05 13:53:51.502,1.78741,1.78777,1.00,1.00
2014.12.05 13:53:51.603,1.78741,1.78771,1.00,1.00
2014.12.05 13:53:51.654,1.78737,1.78771,1.30,1.50
2014.12.05 13:53:51.856,1.78737,1.78771,1.30,1.00
2014.12.05 13:53:52.158,1.78738,1.78772,1.30,1.00
2014.12.05 13:53:52.467,1.78749,1.78777,1.30,1.00
2014.12.05 13:53:52.568,1.78749,1.78782,1.30,1.00
2014.12.05 13:53:52.719,1.78749,1.78782,1.30,1.00
2014.12.05 13:53:52.820,1.78747,1.78782,1.30,1.00
2014.12.05 13:53:52.921,1.78747,1.78782,1.30,1.00
2014.12.05 13:53:53.279,1.78747,1.78782,1.30,1.00
2014.12.05 13:53:53.584,1.78749,1.78782,1.30,1.00
2014.12.05 13:53:53.685,1.78746,1.78782,1.30,1.00
2014.12.05 13:53:53.786,1.78746,1.78782,1.30,1.00
2014.12.05 13:53:53.937,1.78746,1.78782,1.30,1.00
2014.12.05 13:53:54.458,1.78746,1.78781,1.30,1.00
2014.12.05 13:53:54.712,1.78749,1.78781,1.30,1.00
2014.12.05 13:53:55.018,1.78764,1.78793,1.30,1.00
2014.12.05 13:53:55.069,1.78764,1.788,1.30,1.00
2014.12.05 13:53:55.170,1.78759,1.78791,1.00,1.00
2014.12.05 13:53:55.220,1.78759,1.78786,1.00,1.00
2014.12.05 13:53:55.321,1.78751,1.78787,1.30,1.00
2014.12.05 13:53:55.422,1.78751,1.78787,1.00,1.00
2014.12.05 13:53:55.724,1.78753,1.78787,1.30,1.00
2014.12.05 13:53:55.775,1.78753,1.78787,1.30,1.00
2014.12.05 13:53:56.127,1.78751,1.78786,1.30,1.00
2014.12.05 13:53:56.429,1.78748,1.78787,1.00,1.50
2014.12.05 13:53:56.480,1.78748,1.78787,1.00,1.50
2014.12.05 13:53:56.782,1.78748,1.78786,1.00,1.50
2014.12.05 13:53:56.882,1.78748,1.78782,1.00,1.00
2014.12.05 13:53:57.034,1.78746,1.78782,1.30,1.50
2014.12.05 13:53:57.135,1.78746,1.78782,1.00,1.50
2014.12.05 13:53:57.383,1.78745,1.78782,1.00,1.50
2014.12.05 13:53:57.635,1.78745,1.78782,1.00,1.50
2014.12.05 13:53:57.838,1.78744,1.78782,1.00,1.00
2014.12.05 13:53:57.990,1.78744,1.78782,1.30,1.00
2014.12.05 13:53:58.314,1.78749,1.78782,1.30,1.00
2014.12.05 13:53:58.415,1.78749,1.78782,1.30,1.00
2014.12.05 13:53:58.668,1.78745,1.78782,1.72,1.00
2014.12.05 13:53:58.718,1.78746,1.78782,1.00,1.00
2014.12.05 13:53:58.839,1.78746,1.78782,1.30,1.00
2014.12.05 13:53:59.091,1.78746,1.78782,1.30,1.00
2014.12.05 13:53:59.395,1.78752,1.78782,1.00,1.00
2014.12.05 13:53:59.600,1.78747,1.7878,1.30,1.30
2014.12.05 13:53:59.751,1.78744,1.78776,1.00,1.30
2014.12.05 13:53:59.802,1.78742,1.78776,1.50,1.72
2014.12.05 13:53:59.853,1.78742,1.78772,1.00,1.30
2014.12.05 13:54:00.004,1.78742,1.78781,2.80,1.50
2014.12.05 13:54:00.206,1.78749,1.78781,1.30,1.00
2014.12.05 13:54:00.257,1.78749,1.78786,1.30,1.00
2014.12.05 13:54:00.358,1.7875,1.78789,1.30,1.00
2014.12.05 13:54:00.409,1.7875,1.78789,1.00,1.00
2014.12.05 13:54:00.611,1.7875,1.78787,1.00,1.00
2014.12.05 13:54:00.711,1.7875,1.78789,1.00,1.00
2014.12.05 13:54:00.813,1.78748,1.78787,1.00,1.00
2014.12.05 13:54:00.913,1.78748,1.78785,1.00,1.00
2014.12.05 13:54:01.115,1.78748,1.78787,1.72,1.00
2014.12.05 13:54:01.165,1.78748,1.78787,1.30,1.00
2014.12.05 13:54:01.216,1.78749,1.78791,2.72,1.00
2014.12.05 13:54:01.267,1.78751,1.78791,1.30,1.00
2014.12.05 13:54:01.468,1.78754,1.78796,1.72,1.00
2014.12.05 13:54:01.828,1.78754,1.78793,1.00,1.00
2014.12.05 13:54:02.130,1.78743,1.7878,1.00,1.00
2014.12.05 13:54:02.432,1.78746,1.7878,1.30,1.00
2014.12.05 13:54:02.808,1.78746,1.78782,1.30,1.00
2014.12.05 13:54:02.909,1.78746,1.78785,1.00,1.00
2014.12.05 13:54:02.960,1.78742,1.78781,1.72,1.00
2014.12.05 13:54:03.262,1.78743,1.78785,1.00,1.00
2014.12.05 13:54:03.566,1.78743,1.78781,1.72,1.30
2014.12.05 13:54:03.667,1.78745,1.78784,1.30,1.30
2014.12.05 13:54:03.918,1.7875,1.78784,1.00,1.30
2014.12.05 13:54:04.220,1.78751,1.78782,1.00,1.72
2014.12.05 13:54:04.422,1.78746,1.78778,1.00,1.30
2014.12.05 13:54:04.523,1.78746,1.78774,1.00,1.30
2014.12.05 13:54:04.875,1.78746,1.78779,1.00,1.30
2014.12.05 13:54:05.128,1.78746,1.78777,1.00,1.00
2014.12.05 13:54:05.430,1.78746,1.78775,1.00,1.30
2014.12.05 13:54:05.657,1.78746,1.78777,1.00,1.00
2014.12.05 13:54:05.959,1.78745,1.78774,1.00,1.30
2014.12.05 13:54:06.261,1.78745,1.78772,1.00,1.00
2014.12.05 13:54:06.664,1.78745,1.78777,1.00,1.00
2014.12.05 13:54:07.091,1.78745,1.78774,1.00,1.30
2014.12.05 13:54:07.384,1.78745,1.78777,1.00,1.00
2014.12.05 13:54:07.687,1.78745,1.78781,1.00,1.00
2014.12.05 13:54:07.788,1.78745,1.78785,1.00,1.00
2014.12.05 13:54:08.040,1.78745,1.78783,2.80,1.30
2014.12.05 13:54:08.393,1.78745,1.78775,1.00,1.30
2014.12.05 13:54:08.645,1.78742,1.78773,1.00,1.30
2014.12.05 13:54:08.746,1.78742,1.78775,1.00,1.00
2014.12.05 13:54:08.902,1.7874,1.78775,1.30,1.72
2014.12.05 13:54:08.952,1.78738,1.78772,1.30,1.30
2014.12.05 13:54:09.255,1.78744,1.78775,1.00,1.00
2014.12.05 13:54:09.355,1.78737,1.78775,1.30,1.00
2014.12.05 13:54:09.406,1.78737,1.78775,1.30,1.00
2014.12.05 13:54:09.507,1.78736,1.78775,1.72,1.00
2014.12.05 13:54:09.557,1.78736,1.78779,1.00,1.50
2014.12.05 13:54:09.868,1.78738,1.78777,2.25,1.00
2014.12.05 13:54:10.170,1.78738,1.78773,1.00,1.00
2014.12.05 13:54:11.887,1.78738,1.78771,1.00,1.30
2014.12.05 13:54:12.039,1.78738,1.78773,1.00,1.12
2014.12.05 13:54:12.089,1.78736,1.78768,1.00,1.00
2014.12.05 13:54:12.391,1.78732,1.78764,1.50,1.00
2014.12.05 13:54:13.347,1.78732,1.78764,1.50,1.50
2014.12.05 13:54:13.558,1.78732,1.78761,1.50,1.12
2014.12.05 13:54:13.608,1.78732,1.78752,1.00,1.00
2014.12.05 13:54:14.366,1.78732,1.7876,1.00,1.00
2014.12.05 13:54:15.354,1.78732,1.78755,1.00,1.00
2014.12.05 13:54:16.848,1.78732,1.78755,1.00,1.00
2014.12.05 13:54:17.150,1.78732,1.78751,1.00,1.00
2014.12.05 13:54:17.881,1.78732,1.78746,1.00,1.00
2014.12.05 13:54:18.234,1.78714,1.78746,1.00,1.00
2014.12.05 13:54:18.335,1.78713,1.78743,2.25,1.00
2014.12.05 13:54:18.838,1.78713,1.78742,2.25,1.30
2014.12.05 13:54:19.203,1.78713,1.78736,2.25,1.00
2014.12.05 13:54:19.304,1.78713,1.78741,2.25,1.00
2014.12.05 13:54:19.405,1.78707,1.78741,3.00,1.00
2014.12.05 13:54:19.607,1.78707,1.78739,3.00,1.30
2014.12.05 13:54:19.708,1.78707,1.78741,3.00,1.00
2014.12.05 13:54:20.426,1.78704,1.78736,1.00,1.00
2014.12.05 13:54:22.146,1.78704,1.78734,1.00,1.30
2014.12.05 13:54:22.453,1.78704,1.7873,1.00,1.30
2014.12.05 13:54:22.957,1.78704,1.78729,1.00,1.30
2014.12.05 13:54:23.141,1.78704,1.78731,1.00,1.30
2014.12.05 13:54:23.964,1.78702,1.78731,1.00,1.30
2014.12.05 13:54:24.014,1.78702,1.78729,1.00,1.30
2014.12.05 13:54:24.316,1.78702,1.78727,1.00,1.30
2014.12.05 13:54:24.852,1.78702,1.78726,1.00,1.30
2014.12.05 13:54:25.004,1.78702,1.78728,1.00,1.30
2014.12.05 13:54:25.105,1.78702,1.78728,1.00,1.30
2014.12.05 13:54:25.256,1.78702,1.78729,1.00,1.30
2014.12.05 13:54:25.357,1.78702,1.78727,1.50,1.30
2014.12.05 13:54:25.517,1.78702,1.78729,1.50,1.30
2014.12.05 13:54:25.718,1.78702,1.78727,1.00,1.30
2014.12.05 13:54:26.222,1.78702,1.78727,1.00,1.30
2014.12.05 13:54:26.473,1.78702,1.78729,1.00,1.30
2014.12.05 13:54:26.574,1.78702,1.78727,1.00,1.30
2014.12.05 13:54:26.927,1.78702,1.7873,1.00,1.30
2014.12.05 13:54:27.446,1.78702,1.78731,1.00,1.30
2014.12.05 13:54:28.348,1.78702,1.7873,1.50,1.30
2014.12.05 13:54:28.761,1.78702,1.78727,1.50,1.30
2014.12.05 13:54:29.167,1.78702,1.78726,2.25,1.30
2014.12.05 13:54:29.217,1.78702,1.78734,2.25,1.00
2014.12.05 13:54:29.490,1.78706,1.78739,2.25,1.00
2014.12.05 13:54:29.641,1.78706,1.78732,3.00,1.30
2014.12.05 13:54:29.944,1.78706,1.78728,2.25,1.30
2014.12.05 13:54:30.511,1.78706,1.78727,2.25,1.30
2014.12.05 13:54:30.813,1.78706,1.78721,2.25,1.30
2014.12.05 13:54:31.318,1.78706,1.7872,2.25,1.30
2014.12.05 13:54:31.620,1.78706,1.78713,2.25,1.30
2014.12.05 13:54:31.772,1.78706,1.78721,2.25,1.30
2014.12.05 13:54:31.873,1.78706,1.78718,2.25,1.30
2014.12.05 13:54:32.176,1.78706,1.78713,2.25,1.30
2014.12.05 13:54:32.506,1.78706,1.7871,2.25,1.30
2014.12.05 13:54:33.011,1.78706,1.78711,2.25,1.30
2014.12.05 13:54:33.062,1.78697,1.78711,6.30,1.30
2014.12.05 13:54:33.162,1.78696,1.78709,6.07,1.30
2014.12.05 13:54:33.414,1.78684,1.78705,1.00,1.30
2014.12.05 13:54:33.717,1.78684,1.78701,1.00,1.30
2014.12.05 13:54:34.170,1.78684,1.78705,1.00,1.30
2014.12.05 13:54:34.271,1.78684,1.78708,1.00,1.30
2014.12.05 13:54:34.472,1.78681,1.78708,2.25,1.30
2014.12.05 13:54:34.925,1.78681,1.787,2.25,1.30
2014.12.05 13:54:35.177,1.78681,1.78705,2.25,1.30
2014.12.05 13:54:35.580,1.78681,1.78707,2.25,1.30
2014.12.05 13:54:35.940,1.78681,1.78707,2.25,1.67
2014.12.05 13:54:36.143,1.78681,1.78708,2.25,1.67
2014.12.05 13:54:36.357,1.78681,1.78703,2.25,1.30
2014.12.05 13:54:36.550,1.78681,1.78713,3.25,1.00
2014.12.05 13:54:36.601,1.78683,1.78721,1.72,1.00
2014.12.05 13:54:36.702,1.78683,1.78717,2.50,1.30
2014.12.05 13:54:36.903,1.78684,1.78723,2.80,1.00
2014.12.05 13:54:37.407,1.78684,1.78723,1.50,1.00
2014.12.05 13:54:37.458,1.78688,1.78728,1.50,1.67
2014.12.05 13:54:37.780,1.78688,1.78724,1.00,1.30
2014.12.05 13:54:37.931,1.78685,1.7872,1.72,1.30
2014.12.05 13:54:38.032,1.78685,1.78722,1.30,1.37
2014.12.05 13:54:38.234,1.78685,1.78722,1.00,1.37
2014.12.05 13:54:38.844,1.78685,1.78722,1.00,1.37
2014.12.05 13:54:38.995,1.78685,1.78725,1.00,1.87
2014.12.05 13:54:39.046,1.78685,1.78725,1.00,1.87
2014.12.05 13:54:39.147,1.78685,1.78729,2.12,1.75
2014.12.05 13:54:39.956,1.78685,1.78729,1.00,2.47
2014.12.05 13:54:40.107,1.78682,1.78722,3.00,2.25
2014.12.05 13:54:40.308,1.78682,1.78713,3.00,1.30
2014.12.05 13:54:40.661,1.78682,1.78711,3.00,1.30
2014.12.05 13:54:41.215,1.78682,1.78717,2.25,1.30
2014.12.05 13:54:41.718,1.78682,1.78716,1.00,1.30
2014.12.05 13:54:42.172,1.78682,1.78718,1.50,1.75
2014.12.05 13:54:42.373,1.78682,1.78711,1.50,1.72
2014.12.05 13:54:42.424,1.78673,1.78705,1.00,1.30
2014.12.05 13:54:42.525,1.78669,1.78705,1.50,1.30
2014.12.05 13:54:42.625,1.78669,1.78702,1.00,1.30
2014.12.05 13:54:42.928,1.78669,1.78691,1.50,1.30
2014.12.05 13:54:42.978,1.78669,1.78695,1.50,1.30
2014.12.05 13:54:43.180,1.78669,1.78698,1.50,1.30
2014.12.05 13:54:43.281,1.78673,1.787,1.50,1.30
2014.12.05 13:54:43.430,1.78673,1.78706,1.50,1.30
2014.12.05 13:54:43.531,1.78673,1.78709,1.50,1.30
2014.12.05 13:54:43.834,1.78673,1.787,1.50,1.30
2014.12.05 13:54:43.935,1.78673,1.78711,1.50,1.30
2014.12.05 13:54:44.186,1.78673,1.78713,1.50,1.30
2014.12.05 13:54:44.287,1.78673,1.78711,1.50,1.30
2014.12.05 13:54:44.753,1.78673,1.78709,2.25,1.30
2014.12.05 13:54:45.281,1.78673,1.78709,2.50,1.30
2014.12.05 13:54:45.364,1.78673,1.78711,2.50,1.30
2014.12.05 13:54:45.893,1.78673,1.78712,2.25,1.30
2014.12.05 13:54:46.356,1.78673,1.78715,1.87,1.72
2014.12.05 13:54:46.464,1.78673,1.78713,1.87,1.30
2014.12.05 13:54:46.904,1.78673,1.78711,2.62,1.30
2014.12.05 13:54:47.364,1.78673,1.78713,2.87,1.72
2014.12.05 13:54:47.465,1.78673,1.78713,2.25,1.00
2014.12.05 13:54:47.630,1.78673,1.78713,2.50,1.00
2014.12.05 13:54:47.932,1.78675,1.78713,1.00,1.00
2014.12.05 13:54:48.033,1.78674,1.78713,2.25,1.00
2014.12.05 13:54:48.643,1.78674,1.78718,3.00,1.87
2014.12.05 13:54:49.154,1.78674,1.78714,3.75,1.30
2014.12.05 13:54:49.255,1.78674,1.78705,3.00,1.30
2014.12.05 13:54:49.608,1.78668,1.78704,1.00,1.30
2014.12.05 13:54:49.658,1.78668,1.78708,1.00,1.00
2014.12.05 13:54:49.810,1.78673,1.78713,1.50,1.30
2014.12.05 13:54:49.910,1.78674,1.78716,1.50,1.00
2014.12.05 13:54:50.011,1.78674,1.78719,2.50,1.50
2014.12.05 13:54:50.112,1.78678,1.78719,1.00,1.00
2014.12.05 13:54:50.641,1.78678,1.7872,1.00,1.00
2014.12.05 13:54:50.944,1.78678,1.7872,1.00,1.37
2014.12.05 13:54:51.616,1.78678,1.78721,1.50,1.12
2014.12.05 13:54:51.905,1.78678,1.78719,1.00,1.87
2014.12.05 13:54:52.006,1.78678,1.78717,1.00,1.37
2014.12.05 13:54:52.107,1.78677,1.78715,1.00,1.00
2014.12.05 13:54:52.208,1.78675,1.78714,1.00,1.30
2014.12.05 13:54:52.309,1.78675,1.7871,1.00,1.30
2014.12.05 13:54:52.661,1.78673,1.7871,1.00,1.72
2014.12.05 13:54:52.863,1.78673,1.7871,3.75,1.30
2014.12.05 13:54:53.316,1.78674,1.78708,1.00,1.30
2014.12.05 13:54:53.417,1.78677,1.7871,2.25,1.30
2014.12.05 13:54:53.518,1.78677,1.78712,2.25,1.30
2014.12.05 13:54:53.619,1.78677,1.78714,1.00,1.00
2014.12.05 13:54:53.669,1.78677,1.78716,1.00,1.30
2014.12.05 13:54:53.770,1.78677,1.78712,1.00,1.30
2014.12.05 13:54:53.871,1.78675,1.78712,1.00,1.30
2014.12.05 13:54:53.972,1.78675,1.78707,1.00,1.30
2014.12.05 13:54:54.173,1.78675,1.78713,1.50,1.72
2014.12.05 13:54:54.526,1.78677,1.78712,1.50,1.30
2014.12.05 13:54:54.873,1.78677,1.78712,1.50,1.30
2014.12.05 13:54:54.974,1.78675,1.78707,1.00,1.30
2014.12.05 13:54:55.277,1.78678,1.78713,1.00,1.00
2014.12.05 13:54:55.378,1.78675,1.78713,1.00,1.00
2014.12.05 13:54:55.428,1.78672,1.7871,1.00,1.00
2014.12.05 13:54:55.933,1.78672,1.78717,1.00,1.87
2014.12.05 13:54:56.243,1.78675,1.78717,1.00,1.00
2014.12.05 13:54:56.746,1.78675,1.7872,1.50,1.37
2014.12.05 13:54:57.336,1.78675,1.7872,1.00,1.50
2014.12.05 13:54:57.587,1.78673,1.78715,1.00,2.10
2014.12.05 13:54:57.688,1.78671,1.78709,2.47,1.30
2014.12.05 13:54:57.991,1.78671,1.78707,3.47,1.30
2014.12.05 13:54:58.142,1.78671,1.78708,1.50,1.30
2014.12.05 13:54:58.385,1.78671,1.78706,1.50,1.30
2014.12.05 13:54:58.687,1.78666,1.78699,3.00,1.35
2014.12.05 13:54:59.010,1.78664,1.78696,1.50,1.67
2014.12.05 13:54:59.514,1.78664,1.78696,2.25,1.30
2014.12.05 13:55:00.025,1.78664,1.78698,1.00,1.67
2014.12.05 13:55:00.485,1.78664,1.78697,1.00,1.30
2014.12.05 13:55:00.787,1.78663,1.78695,1.50,1.30
2014.12.05 13:55:01.090,1.78663,1.78692,1.50,1.30
2014.12.05 13:55:01.393,1.78663,1.78698,1.00,2.05
2014.12.05 13:55:01.697,1.78663,1.78696,2.25,2.47
2014.12.05 13:55:01.798,1.78663,1.78692,2.25,1.30
2014.12.05 13:55:02.000,1.78663,1.78694,2.25,1.30
2014.12.05 13:55:02.100,1.78663,1.78699,2.25,1.30
2014.12.05 13:55:02.201,1.78663,1.78701,2.25,1.00
2014.12.05 13:55:02.353,1.78666,1.78709,2.25,1.00
2014.12.05 13:55:02.555,1.78666,1.78707,1.00,1.30
2014.12.05 13:55:03.103,1.78666,1.78708,1.72,1.72
2014.12.05 13:55:03.437,1.78668,1.78703,2.47,1.30
2014.12.05 13:55:03.538,1.78668,1.78704,1.00,1.30
2014.12.05 13:55:03.763,1.78668,1.78706,1.30,1.30
2014.12.05 13:55:03.864,1.78668,1.78703,1.00,1.30
2014.12.05 13:55:04.201,1.78668,1.78701,1.00,1.30
2014.12.05 13:55:04.302,1.78665,1.78703,3.97,1.30
2014.12.05 13:55:04.403,1.78665,1.78703,4.97,1.30
2014.12.05 13:55:04.654,1.78665,1.78706,3.55,1.30
2014.12.05 13:55:04.856,1.78665,1.78704,3.55,1.30
2014.12.05 13:55:05.166,1.78665,1.78704,3.55,1.30
2014.12.05 13:55:05.622,1.78665,1.78706,3.97,1.30
2014.12.05 13:55:05.874,1.78666,1.78704,3.00,1.30
2014.12.05 13:55:06.394,1.78666,1.78702,3.00,1.30
2014.12.05 13:55:06.847,1.78665,1.78705,2.25,1.87
2014.12.05 13:55:06.898,1.78665,1.78705,2.25,2.25
2014.12.05 13:55:07.049,1.78665,1.78702,2.25,1.72
2014.12.05 13:55:07.149,1.78665,1.78699,2.25,1.30
2014.12.05 13:55:07.894,1.78665,1.78699,2.25,1.30
2014.12.05 13:55:08.398,1.78665,1.787,2.25,1.72
2014.12.05 13:55:08.907,1.78665,1.787,2.25,1.35
2014.12.05 13:55:09.159,1.78665,1.78704,3.22,1.12
2014.12.05 13:55:09.360,1.78665,1.78704,3.55,1.12
2014.12.05 13:55:09.461,1.78665,1.78707,3.55,1.37
2014.12.05 13:55:09.512,1.78665,1.78702,3.55,1.00
2014.12.05 13:55:09.613,1.78665,1.78702,3.55,1.00
2014.12.05 13:55:09.692,1.78665,1.78702,2.25,1.75
2014.12.05 13:55:09.743,1.78665,1.78702,2.25,1.12
2014.12.05 13:55:09.794,1.78665,1.787,2.25,1.00
2014.12.05 13:55:09.945,1.78658,1.78697,1.30,1.00
2014.12.05 13:55:10.046,1.78658,1.78697,1.30,1.00
2014.12.05 13:55:10.197,1.78658,1.787,1.30,1.35
2014.12.05 13:55:10.298,1.78658,1.787,1.30,1.35
2014.12.05 13:55:10.706,1.78658,1.78701,1.00,1.37
2014.12.05 13:55:11.109,1.78658,1.78697,2.42,1.00
2014.12.05 13:55:11.160,1.78658,1.78702,2.42,2.10
2014.12.05 13:55:11.264,1.78658,1.78696,1.30,1.00
2014.12.05 13:55:11.415,1.78659,1.787,1.30,1.12
2014.12.05 13:55:11.566,1.78659,1.78702,1.30,1.12
2014.12.05 13:55:11.768,1.78662,1.78702,1.30,1.12
2014.12.05 13:55:11.919,1.78664,1.78707,1.12,2.85
2014.12.05 13:55:12.121,1.78664,1.78699,1.30,1.00
2014.12.05 13:55:12.222,1.78657,1.78696,1.00,1.00
2014.12.05 13:55:12.473,1.78656,1.78699,2.10,1.00
2014.12.05 13:55:12.574,1.78656,1.78701,1.00,1.00
2014.12.05 13:55:12.877,1.78659,1.78701,2.25,1.50
2014.12.05 13:55:13.179,1.78659,1.78696,2.25,1.00
2014.12.05 13:55:13.431,1.78659,1.78697,1.00,1.00
2014.12.05 13:55:14.130,1.78659,1.78696,1.00,1.00
2014.12.05 13:55:14.674,1.78659,1.787,1.00,1.12
2014.12.05 13:55:14.879,1.78658,1.787,1.00,1.12
2014.12.05 13:55:15.204,1.78655,1.78696,1.00,1.00
2014.12.05 13:55:16.020,1.78658,1.78702,1.00,1.50
2014.12.05 13:55:16.423,1.7866,1.78704,1.00,1.30
2014.12.05 13:55:16.935,1.78666,1.78706,1.00,1.67
2014.12.05 13:55:17.087,1.78666,1.78708,1.00,1.30
2014.12.05 13:55:17.188,1.78666,1.78705,1.00,1.30
2014.12.05 13:55:17.439,1.78665,1.78706,1.72,1.67
2014.12.05 13:55:17.489,1.78664,1.78702,1.00,1.00
2014.12.05 13:55:17.641,1.78661,1.787,1.00,1.30
2014.12.05 13:55:17.742,1.78661,1.78705,1.00,1.87
2014.12.05 13:55:17.844,1.78661,1.78699,1.00,1.00
2014.12.05 13:55:17.944,1.78655,1.78699,1.50,1.00
2014.12.05 13:55:18.297,1.78655,1.78699,3.19,1.00
2014.12.05 13:55:18.448,1.78655,1.78697,1.50,1.00
2014.12.05 13:55:18.549,1.78655,1.78699,1.00,1.00
2014.12.05 13:55:18.599,1.78655,1.78695,1.00,1.30
2014.12.05 13:55:18.951,1.78655,1.7869,1.00,1.30
2014.12.05 13:55:19.254,1.78655,1.78687,1.00,1.30
2014.12.05 13:55:19.304,1.78653,1.78687,1.00,1.30
2014.12.05 13:55:19.355,1.78653,1.78685,1.00,1.30
2014.12.05 13:55:19.657,1.78651,1.78685,1.00,1.30
2014.12.05 13:55:19.808,1.78651,1.78687,1.00,1.30
2014.12.05 13:55:20.428,1.78651,1.78687,1.00,1.30
2014.12.05 13:55:20.730,1.78651,1.78682,1.00,1.00
2014.12.05 13:55:20.982,1.78649,1.78682,2.25,1.00
2014.12.05 13:55:21.033,1.78649,1.78678,2.25,1.30
2014.12.05 13:55:21.235,1.78634,1.78667,1.50,1.00
2014.12.05 13:55:21.336,1.78634,1.78671,1.50,1.00
2014.12.05 13:55:21.386,1.78634,1.78671,1.37,1.00
2014.12.05 13:55:21.487,1.78634,1.78676,2.10,1.30
2014.12.05 13:55:21.639,1.78634,1.78672,2.10,1.00
2014.12.05 13:55:21.849,1.78634,1.78676,2.79,1.72
2014.12.05 13:55:22.369,1.78635,1.78677,1.72,1.00
2014.12.05 13:55:22.678,1.78638,1.78676,1.12,1.00
2014.12.05 13:55:22.779,1.78638,1.78676,1.35,1.00
2014.12.05 13:55:22.990,1.78639,1.78676,1.30,1.00
2014.12.05 13:55:23.293,1.78645,1.78678,1.35,1.00
2014.12.05 13:55:23.394,1.78645,1.78686,2.35,1.00
2014.12.05 13:55:23.495,1.78645,1.78682,1.72,1.00
2014.12.05 13:55:23.596,1.78645,1.78682,2.42,1.00
2014.12.05 13:55:23.696,1.78645,1.78686,2.42,1.00
2014.12.05 13:55:23.761,1.78645,1.78686,2.42,1.00
2014.12.05 13:55:24.217,1.78659,1.78702,1.30,2.62
2014.12.05 13:55:24.267,1.78659,1.78702,1.30,1.50
2014.12.05 13:55:24.318,1.78662,1.78702,1.30,1.00
2014.12.05 13:55:24.821,1.78663,1.78702,2.80,1.00
2014.12.05 13:55:24.872,1.78663,1.78702,2.84,1.00
2014.12.05 13:55:24.937,1.78664,1.78701,2.12,1.00
2014.12.05 13:55:25.440,1.78669,1.78701,1.12,1.00
2014.12.05 13:55:25.742,1.7867,1.78702,1.72,1.00
2014.12.05 13:55:26.044,1.78676,1.78702,2.12,1.00
2014.12.05 13:55:26.145,1.78676,1.78714,2.12,2.25
2014.12.05 13:55:26.246,1.78676,1.78722,2.84,1.72
2014.12.05 13:55:26.297,1.78678,1.78722,2.42,1.00
2014.12.05 13:55:26.599,1.78682,1.78722,1.30,1.00
2014.12.05 13:55:26.700,1.78684,1.78724,1.87,1.44
2014.12.05 13:55:26.750,1.78685,1.78724,1.30,1.44
2014.12.05 13:55:26.801,1.78685,1.78726,1.30,1.50
2014.12.05 13:55:26.857,1.78685,1.78724,1.30,1.00
2014.12.05 13:55:27.176,1.78685,1.78724,1.30,1.00
2014.12.05 13:55:27.585,1.78685,1.78722,1.72,1.00
2014.12.05 13:55:27.887,1.78685,1.78724,1.00,1.72
2014.12.05 13:55:28.310,1.78685,1.78722,1.00,1.00
2014.12.05 13:55:28.562,1.78685,1.78724,1.00,1.00
2014.12.05 13:55:28.992,1.78684,1.78727,1.12,1.50
2014.12.05 13:55:29.306,1.78684,1.78725,2.12,1.00
2014.12.05 13:55:29.623,1.78685,1.7873,1.50,1.12
2014.12.05 13:55:29.792,1.78685,1.78726,1.50,1.00
2014.12.05 13:55:30.095,1.78683,1.78721,1.00,1.30
2014.12.05 13:55:30.196,1.78683,1.78723,1.00,1.00
2014.12.05 13:55:30.397,1.78683,1.78721,1.00,1.00
2014.12.05 13:55:30.699,1.78674,1.78706,1.00,1.00
2014.12.05 13:55:31.056,1.78671,1.78705,1.00,1.30
2014.12.05 13:55:31.598,1.78671,1.78706,1.00,1.30
2014.12.05 13:55:32.024,1.78671,1.78703,1.00,1.30
2014.12.05 13:55:32.226,1.78671,1.78705,1.00,1.30
2014.12.05 13:55:32.377,1.78667,1.78704,1.00,1.50
2014.12.05 13:55:32.679,1.78667,1.78697,1.00,1.30
2014.12.05 13:55:33.211,1.78667,1.78696,1.00,1.30
2014.12.05 13:55:33.362,1.78667,1.78698,1.00,1.30
2014.12.05 13:55:34.253,1.78667,1.78699,1.12,1.30
2014.12.05 13:55:34.354,1.78667,1.78702,1.12,1.30
2014.12.05 13:55:34.869,1.78667,1.78701,1.00,1.30
2014.12.05 13:55:35.021,1.78667,1.78699,1.00,1.30
2014.12.05 13:55:35.561,1.78667,1.78698,1.00,1.30
2014.12.05 13:55:35.866,1.78667,1.78695,1.00,1.30
2014.12.05 13:55:36.659,1.78667,1.78697,1.00,1.30
2014.12.05 13:55:36.861,1.78667,1.78701,1.00,1.30
2014.12.05 13:55:37.365,1.78667,1.787,1.00,1.30
2014.12.05 13:55:37.516,1.78667,1.78702,1.00,1.30
2014.12.05 13:55:37.768,1.78667,1.78699,1.00,1.30
2014.12.05 13:55:38.431,1.78667,1.78701,1.00,1.00
2014.12.05 13:55:38.569,1.78671,1.78706,1.12,1.30
2014.12.05 13:55:38.670,1.78672,1.7871,1.12,1.00
2014.12.05 13:55:38.972,1.78672,1.78709,2.12,1.00
2014.12.05 13:55:39.275,1.78673,1.78712,1.00,1.00
2014.12.05 13:55:40.459,1.78673,1.78712,1.00,1.37
2014.12.05 13:55:40.711,1.78673,1.78712,1.00,1.50
2014.12.05 13:55:40.762,1.78669,1.78701,1.00,1.00
2014.12.05 13:55:40.863,1.78669,1.78708,1.00,1.00
2014.12.05 13:55:41.070,1.78669,1.78703,1.00,1.00
2014.12.05 13:55:41.727,1.7867,1.78707,1.00,1.00
2014.12.05 13:55:42.654,1.78675,1.78707,1.12,1.00
2014.12.05 13:55:42.704,1.78675,1.78713,2.12,1.00
2014.12.05 13:55:43.384,1.78675,1.78712,1.00,1.30
2014.12.05 13:55:43.910,1.78675,1.78709,1.00,1.30
2014.12.05 13:55:44.263,1.78675,1.78698,1.00,1.30
2014.12.05 13:55:44.364,1.78675,1.78702,1.00,1.30
2014.12.05 13:55:44.566,1.78675,1.78704,1.00,1.30
2014.12.05 13:55:44.767,1.78675,1.78707,1.00,1.72
2014.12.05 13:55:45.684,1.78675,1.78706,1.00,1.30
2014.12.05 13:55:46.088,1.78675,1.78704,1.00,1.30
2014.12.05 13:55:46.390,1.78675,1.787,1.00,1.30
2014.12.05 13:55:47.014,1.7867,1.78699,1.00,1.30
2014.12.05 13:55:47.216,1.7867,1.78694,1.00,1.30
2014.12.05 13:55:47.418,1.7867,1.78698,1.00,1.30
2014.12.05 13:55:47.952,1.7867,1.78699,1.00,1.30
2014.12.05 13:55:48.408,1.7867,1.78702,1.00,1.00
2014.12.05 13:55:48.459,1.7867,1.78704,1.00,1.00
2014.12.05 13:55:48.560,1.7867,1.78706,1.00,1.30
2014.12.05 13:55:49.078,1.7867,1.78707,1.00,1.00
2014.12.05 13:55:49.845,1.78671,1.78707,1.87,1.00
2014.12.05 13:55:49.896,1.78676,1.78711,1.12,1.00
2014.12.05 13:55:49.997,1.78676,1.78713,1.00,1.00
2014.12.05 13:55:50.306,1.78676,1.78711,1.00,1.00
2014.12.05 13:55:52.269,1.78676,1.78711,1.00,1.00
2014.12.05 13:55:52.648,1.78664,1.78696,1.00,1.00
2014.12.05 13:55:53.303,1.78664,1.787,1.00,1.00
2014.12.05 13:55:54.063,1.78664,1.787,1.00,1.00
2014.12.05 13:55:54.498,1.78664,1.787,1.00,1.00
2014.12.05 13:55:55.051,1.78665,1.78704,1.00,1.00
2014.12.05 13:55:56.019,1.78669,1.78706,1.00,1.00
2014.12.05 13:55:56.120,1.78671,1.7871,1.00,1.00
2014.12.05 13:55:56.809,1.78674,1.78713,2.50,1.00
2014.12.05 13:55:57.111,1.78674,1.7871,1.00,1.00
2014.12.05 13:56:00.224,1.78672,1.78706,1.00,1.00
2014.12.05 13:56:00.730,1.78672,1.78706,1.00,1.00
2014.12.05 13:56:01.251,1.78672,1.78706,1.00,1.00
2014.12.05 13:56:02.628,1.78672,1.78706,1.35,1.00
2014.12.05 13:56:02.880,1.78674,1.78713,3.59,1.00
2014.12.05 13:56:02.931,1.78679,1.78713,1.12,1.00
2014.12.05 13:56:03.183,1.78679,1.78713,2.10,1.00
2014.12.05 13:56:03.284,1.7868,1.78717,1.00,1.50
2014.12.05 13:56:04.162,1.7868,1.78714,1.00,1.00
2014.12.05 13:56:04.313,1.78675,1.78709,1.12,1.00
2014.12.05 13:56:04.615,1.78678,1.78717,1.00,1.00
2014.12.05 13:56:06.683,1.7868,1.78717,1.87,1.00
2014.12.05 13:56:06.935,1.78688,1.78726,1.12,1.00
2014.12.05 13:56:07.035,1.78692,1.78731,1.00,1.00
2014.12.05 13:56:07.136,1.78698,1.78735,1.00,1.00
2014.12.05 13:56:07.602,1.78698,1.78732,1.00,1.00
2014.12.05 13:56:08.587,1.78696,1.7873,1.00,1.00
2014.12.05 13:56:08.687,1.78694,1.78726,1.00,1.00
2014.12.05 13:56:08.989,1.78687,1.78719,1.00,1.00
2014.12.05 13:56:09.141,1.78692,1.78731,1.00,1.00
2014.12.05 13:56:09.694,1.78696,1.78735,1.00,1.00
2014.12.05 13:56:09.996,1.787,1.78739,1.00,1.00
2014.12.05 13:56:10.299,1.787,1.78733,1.00,1.00
2014.12.05 13:56:13.381,1.787,1.78733,1.00,1.00
2014.12.05 13:56:13.432,1.787,1.78736,1.00,1.30
2014.12.05 13:56:13.684,1.787,1.78733,1.00,1.30
2014.12.05 13:56:14.010,1.787,1.78729,1.00,1.30
2014.12.05 13:56:14.162,1.787,1.78729,1.00,1.30
2014.12.05 13:56:14.213,1.787,1.78726,1.00,1.30
2014.12.05 13:56:14.314,1.78695,1.78726,1.00,1.30
2014.12.05 13:56:14.415,1.78695,1.78728,1.00,1.30
2014.12.05 13:56:14.516,1.78691,1.78725,3.16,1.00
2014.12.05 13:56:15.023,1.78691,1.78724,1.00,1.30
2014.12.05 13:56:15.546,1.78691,1.78725,1.00,2.10
2014.12.05 13:56:16.069,1.78691,1.78724,1.00,1.30
2014.12.05 13:56:16.120,1.78691,1.78724,1.00,1.30
2014.12.05 13:56:16.221,1.78693,1.78728,1.12,1.00
2014.12.05 13:56:16.372,1.78694,1.78733,3.10,1.00
2014.12.05 13:56:17.921,1.78694,1.7873,1.00,1.00
2014.12.05 13:56:18.608,1.78692,1.78726,1.00,1.00
2014.12.05 13:56:19.313,1.78692,1.78726,1.00,1.87
2014.12.05 13:56:19.364,1.78687,1.78721,1.00,1.00
2014.12.05 13:56:19.565,1.7868,1.78714,1.00,1.00
2014.12.05 13:56:21.906,1.7868,1.78716,1.00,1.00
2014.12.05 13:56:23.588,1.78682,1.78716,1.12,1.00
2014.12.05 13:56:23.739,1.78687,1.78726,1.00,1.00
2014.12.05 13:56:23.991,1.78693,1.7873,1.00,1.00
2014.12.05 13:56:25.477,1.78693,1.7873,2.49,1.00
2014.12.05 13:56:25.527,1.78697,1.78734,1.00,1.00
2014.12.05 13:56:26.384,1.78696,1.7873,1.00,1.00
2014.12.05 13:56:26.535,1.78695,1.78727,1.00,1.00
2014.12.05 13:56:26.636,1.78696,1.78735,1.00,1.00
2014.12.05 13:56:26.737,1.787,1.78739,1.00,1.00
2014.12.05 13:56:26.938,1.787,1.7874,1.00,1.00
2014.12.05 13:56:27.798,1.787,1.78737,1.00,1.00
2014.12.05 13:56:27.849,1.78698,1.78737,1.00,1.00
2014.12.05 13:56:28.581,1.78694,1.78733,1.00,1.00
2014.12.05 13:56:28.884,1.78694,1.78733,2.12,1.00
2014.12.05 13:56:28.934,1.78695,1.78736,1.12,1.00
2014.12.05 13:56:29.085,1.78698,1.78736,1.12,1.00
2014.12.05 13:56:29.136,1.78698,1.78739,2.87,1.00
2014.12.05 13:56:29.237,1.78699,1.78738,1.00,1.00
2014.12.05 13:56:30.452,1.78704,1.78738,1.12,1.00
2014.12.05 13:56:30.553,1.78705,1.78741,1.12,1.00
2014.12.05 13:56:31.068,1.78706,1.78741,1.72,1.00
2014.12.05 13:56:32.453,1.78705,1.78742,1.00,1.00
2014.12.05 13:56:32.503,1.78706,1.78742,1.30,1.00
2014.12.05 13:56:32.604,1.78706,1.78742,1.30,1.00
2014.12.05 13:56:32.756,1.78704,1.78737,1.30,1.00
2014.12.05 13:56:32.907,1.78703,1.78742,1.00,1.00
2014.12.05 13:56:34.628,1.78699,1.78738,1.00,1.00
2014.12.05 13:56:35.535,1.78699,1.78738,1.30,1.00
2014.12.05 13:56:35.988,1.78699,1.78738,2.80,1.00
2014.12.05 13:56:36.089,1.78699,1.78741,3.47,1.00
2014.12.05 13:56:36.523,1.78703,1.78742,1.30,1.00
2014.12.05 13:56:36.826,1.78706,1.78742,1.30,1.00
2014.12.05 13:56:37.153,1.78706,1.78742,1.30,1.00
2014.12.05 13:56:37.607,1.78706,1.78742,1.30,1.00
2014.12.05 13:56:38.042,1.78706,1.78742,1.30,1.00
2014.12.05 13:56:38.193,1.78705,1.78742,1.30,2.47
2014.12.05 13:56:38.294,1.78705,1.7874,1.30,1.00
2014.12.05 13:56:38.395,1.78703,1.78741,1.72,1.00
2014.12.05 13:56:38.446,1.78703,1.78741,1.72,1.37
2014.12.05 13:56:38.597,1.78697,1.78735,1.30,1.00
2014.12.05 13:56:38.698,1.78695,1.78735,1.50,1.00
2014.12.05 13:56:38.899,1.78695,1.78732,1.50,1.00
2014.12.05 13:56:39.050,1.78693,1.78731,1.00,1.00
2014.12.05 13:56:40.240,1.78693,1.78729,1.00,1.00
2014.12.05 13:56:41.729,1.78693,1.78729,2.12,1.00
2014.12.05 13:56:42.447,1.78693,1.78729,1.00,1.00
2014.12.05 13:56:43.404,1.78693,1.78729,1.10,1.00
2014.12.05 13:56:43.734,1.78699,1.78735,1.72,1.00
2014.12.05 13:56:44.052,1.787,1.78735,1.72,1.00
2014.12.05 13:56:44.102,1.78702,1.78739,1.00,1.00
2014.12.05 13:56:45.005,1.78705,1.78742,1.00,1.00
2014.12.05 13:56:45.106,1.78705,1.78744,1.00,1.00
2014.12.05 13:56:45.307,1.78705,1.78743,1.00,1.37
2014.12.05 13:56:45.609,1.78705,1.78738,1.00,1.00
2014.12.05 13:56:46.127,1.78705,1.78738,1.30,1.00
2014.12.05 13:56:46.429,1.78705,1.78738,1.00,2.10
2014.12.05 13:56:46.530,1.787,1.78732,1.72,1.00
2014.12.05 13:56:46.580,1.787,1.78732,1.72,1.34
2014.12.05 13:56:46.882,1.78681,1.78712,1.00,1.00
2014.12.05 13:56:48.613,1.78681,1.78711,1.00,1.00
2014.12.05 13:56:49.130,1.78681,1.78712,1.00,1.00
2014.12.05 13:56:49.907,1.78681,1.78715,1.00,1.37
2014.12.05 13:56:50.058,1.78681,1.78711,1.00,1.00
2014.12.05 13:56:50.360,1.78694,1.78724,1.30,1.00
2014.12.05 13:56:50.411,1.78694,1.78726,2.42,1.00
2014.12.05 13:56:50.512,1.78696,1.78726,1.30,1.00
2014.12.05 13:56:50.814,1.78712,1.78726,1.30,1.00
2014.12.05 13:56:50.864,1.78712,1.78742,1.30,1.00
2014.12.05 13:56:51.054,1.78716,1.78747,1.30,1.50
2014.12.05 13:56:51.155,1.78716,1.78747,1.30,1.50
2014.12.05 13:56:51.256,1.78713,1.78746,1.00,1.00
2014.12.05 13:56:51.306,1.78713,1.78746,1.00,1.00
2014.12.05 13:56:51.407,1.78708,1.78742,1.00,1.00
2014.12.05 13:56:51.608,1.78708,1.78742,1.30,1.00
2014.12.05 13:56:51.999,1.78708,1.78742,1.30,1.50
2014.12.05 13:56:52.359,1.78711,1.78742,1.30,1.00
2014.12.05 13:56:52.510,1.78712,1.78746,1.30,1.00
2014.12.05 13:56:52.561,1.78712,1.78746,1.30,1.50
2014.12.05 13:56:52.712,1.78712,1.78746,1.72,1.50
2014.12.05 13:56:52.914,1.78712,1.78746,1.30,1.00
2014.12.05 13:56:53.240,1.78712,1.78746,1.30,1.00
2014.12.05 13:56:53.550,1.78712,1.78742,1.30,1.00
2014.12.05 13:56:53.754,1.78712,1.78746,1.30,1.50
2014.12.05 13:56:53.906,1.78712,1.78746,1.00,1.12
2014.12.05 13:56:53.956,1.78711,1.78741,1.30,1.00
2014.12.05 13:56:54.208,1.78707,1.78741,1.72,1.00
2014.12.05 13:56:54.309,1.78707,1.78736,1.72,1.00
2014.12.05 13:56:54.410,1.78703,1.78736,1.72,1.00
2014.12.05 13:56:54.957,1.78703,1.78737,1.00,1.00
2014.12.05 13:56:55.159,1.78703,1.78737,1.72,1.37
2014.12.05 13:56:55.260,1.78703,1.7874,1.00,1.00
2014.12.05 13:56:55.613,1.78706,1.78742,1.00,1.00
2014.12.05 13:56:56.116,1.78706,1.78743,1.00,1.00
2014.12.05 13:56:57.123,1.7871,1.78749,2.50,1.00
2014.12.05 13:56:57.325,1.78712,1.78749,3.62,1.00
2014.12.05 13:56:57.375,1.78716,1.78755,1.00,1.00
2014.12.05 13:56:57.800,1.78716,1.78746,1.00,1.00
2014.12.05 13:56:58.103,1.78716,1.78746,1.00,1.00
2014.12.05 13:56:58.282,1.78716,1.78741,1.00,1.00
2014.12.05 13:56:58.383,1.78717,1.78752,1.00,1.00
2014.12.05 13:56:58.484,1.78717,1.78749,1.00,1.00
2014.12.05 13:56:58.635,1.78717,1.78742,1.00,1.00
2014.12.05 13:56:58.686,1.78713,1.78742,1.00,1.00
2014.12.05 13:56:58.838,1.78713,1.78744,1.00,1.30
2014.12.05 13:56:58.938,1.78713,1.78746,1.00,1.30
2014.12.05 13:56:59.341,1.78713,1.78744,1.00,1.30
2014.12.05 13:56:59.442,1.78713,1.78747,1.00,1.00
2014.12.05 13:56:59.794,1.78709,1.78743,1.00,1.00
2014.12.05 13:57:00.449,1.78709,1.78747,2.72,1.00
2014.12.05 13:57:00.752,1.78713,1.78751,1.72,1.50
2014.12.05 13:57:01.054,1.78717,1.78751,1.30,1.00
2014.12.05 13:57:01.306,1.78717,1.78751,1.30,1.00
2014.12.05 13:57:01.810,1.78717,1.78751,1.30,1.50
2014.12.05 13:57:02.355,1.78717,1.78751,1.30,1.00
2014.12.05 13:57:02.405,1.78717,1.78751,1.30,1.00
2014.12.05 13:57:02.758,1.78717,1.78755,2.47,1.00
2014.12.05 13:57:02.859,1.7872,1.78754,1.00,1.30
2014.12.05 13:57:02.960,1.78718,1.78752,1.00,1.00
2014.12.05 13:57:03.817,1.78718,1.78752,1.30,1.00
2014.12.05 13:57:04.306,1.78721,1.78757,2.72,1.00
2014.12.05 13:57:04.609,1.78724,1.78758,1.30,1.00
2014.12.05 13:57:04.812,1.78726,1.78758,1.50,1.00
2014.12.05 13:57:05.316,1.78726,1.78758,1.00,1.00
2014.12.05 13:57:07.773,1.78726,1.78757,1.00,1.00
2014.12.05 13:57:08.025,1.78722,1.78756,1.72,1.00
2014.12.05 13:57:08.126,1.78722,1.7876,1.00,1.00
2014.12.05 13:57:10.855,1.78726,1.7876,1.50,1.00
2014.12.05 13:57:11.393,1.78726,1.7876,2.80,1.00
2014.12.05 13:57:11.927,1.78726,1.7876,2.80,1.00
2014.12.05 13:57:12.416,1.78726,1.7876,1.50,1.00
2014.12.05 13:57:12.970,1.78726,1.7876,1.30,1.00
2014.12.05 13:57:13.411,1.78726,1.7876,1.00,1.00
2014.12.05 13:57:13.612,1.78724,1.78756,1.00,1.00
2014.12.05 13:57:14.720,1.78724,1.7876,1.00,1.50
2014.12.05 13:57:15.073,1.78728,1.78765,1.00,1.00
2014.12.05 13:57:15.376,1.78731,1.78767,2.12,1.00
2014.12.05 13:57:15.477,1.78731,1.7877,2.12,1.00
2014.12.05 13:57:15.729,1.78735,1.78772,2.12,1.00
2014.12.05 13:57:15.779,1.78735,1.78774,2.12,1.00
2014.12.05 13:57:16.253,1.78739,1.78778,3.10,1.00
2014.12.05 13:57:16.571,1.7874,1.78776,1.12,1.00
2014.12.05 13:57:16.622,1.7874,1.78778,2.12,1.00
2014.12.05 13:57:16.836,1.7874,1.78776,1.00,1.00
2014.12.05 13:57:17.382,1.7874,1.78771,1.00,1.00
2014.12.05 13:57:17.949,1.7874,1.78777,2.72,1.00
2014.12.05 13:57:18.932,1.7874,1.78773,1.00,1.00
2014.12.05 13:57:19.033,1.78735,1.78769,1.00,1.00
2014.12.05 13:57:19.285,1.78735,1.78766,1.00,1.00
2014.12.05 13:57:19.336,1.7873,1.78764,1.00,1.00
2014.12.05 13:57:19.510,1.7873,1.78762,1.00,1.72
2014.12.05 13:57:19.711,1.7873,1.78764,1.00,1.00
2014.12.05 13:57:19.863,1.7873,1.78764,1.30,1.00
2014.12.05 13:57:20.165,1.7873,1.78764,3.17,1.00
2014.12.05 13:57:20.511,1.78732,1.78764,1.30,1.00
2014.12.05 13:57:20.875,1.78734,1.78764,1.30,1.00
2014.12.05 13:57:20.976,1.78734,1.78764,1.72,1.00
2014.12.05 13:57:21.077,1.78735,1.78767,1.12,1.00
2014.12.05 13:57:21.228,1.78733,1.78767,1.00,1.50
2014.12.05 13:57:21.379,1.78733,1.78762,1.00,1.00
2014.12.05 13:57:21.593,1.78733,1.78767,1.00,1.50
2014.12.05 13:57:21.996,1.78733,1.78761,1.00,1.00
2014.12.05 13:57:22.213,1.78731,1.78762,1.00,1.72
2014.12.05 13:57:22.415,1.78731,1.78764,1.00,1.30
2014.12.05 13:57:22.516,1.78733,1.78767,1.30,1.00
2014.12.05 13:57:22.566,1.78733,1.78769,1.30,1.00
2014.12.05 13:57:22.617,1.78733,1.78769,1.30,1.00
2014.12.05 13:57:22.668,1.78733,1.78773,2.47,1.00
2014.12.05 13:57:22.769,1.78734,1.78773,2.10,1.00
2014.12.05 13:57:22.870,1.78734,1.78777,1.87,1.50
2014.12.05 13:57:23.172,1.78737,1.78777,1.50,1.00
2014.12.05 13:57:23.939,1.78737,1.78777,1.87,1.00
2014.12.05 13:57:24.461,1.78737,1.78777,1.87,1.50
2014.12.05 13:57:24.561,1.78737,1.78777,1.87,1.50
2014.12.05 13:57:25.247,1.78737,1.78777,1.50,1.00
2014.12.05 13:57:25.448,1.78738,1.78777,1.00,1.00
2014.12.05 13:57:25.499,1.78741,1.78782,1.12,1.50
2014.12.05 13:57:25.650,1.78744,1.78785,1.35,1.00
2014.12.05 13:57:25.701,1.78745,1.78785,2.49,1.00
2014.12.05 13:57:25.752,1.78745,1.78789,3.22,1.00
2014.12.05 13:57:25.803,1.78745,1.78787,2.85,1.00
2014.12.05 13:57:26.206,1.7875,1.78787,1.50,1.00
2014.12.05 13:57:26.306,1.7875,1.78788,1.30,1.30
2014.12.05 13:57:26.418,1.7875,1.7879,1.00,1.00
2014.12.05 13:57:26.769,1.7875,1.7879,1.00,1.00
2014.12.05 13:57:27.072,1.7875,1.78787,1.00,1.00
2014.12.05 13:57:27.584,1.7875,1.78786,1.00,1.00
2014.12.05 13:57:27.940,1.78753,1.78787,1.72,1.50
2014.12.05 13:57:28.192,1.78754,1.78794,1.12,1.00
2014.12.05 13:57:29.034,1.78757,1.78798,1.12,1.50
2014.12.05 13:57:29.185,1.78759,1.78798,1.12,1.50
2014.12.05 13:57:29.701,1.78759,1.78798,2.42,1.50
2014.12.05 13:57:30.227,1.78759,1.78798,1.00,1.50
2014.12.05 13:57:33.575,1.7876,1.78798,1.87,1.00
2014.12.05 13:57:34.219,1.7876,1.78798,1.37,1.00
2014.12.05 13:57:35.285,1.78763,1.78802,1.12,1.00
2014.12.05 13:57:35.436,1.78764,1.78806,1.72,1.37
2014.12.05 13:57:35.639,1.78764,1.78802,1.30,1.00
2014.12.05 13:57:35.690,1.78764,1.78802,1.35,1.00
2014.12.05 13:57:36.094,1.78764,1.78801,1.30,1.00
2014.12.05 13:57:36.421,1.78768,1.78802,1.72,1.00
2014.12.05 13:57:36.624,1.78768,1.78808,2.72,1.00
2014.12.05 13:57:37.128,1.78768,1.78807,1.00,1.50
2014.12.05 13:57:37.229,1.78767,1.78805,1.00,1.00
2014.12.05 13:57:37.933,1.78767,1.78805,1.37,1.00
2014.12.05 13:57:38.034,1.78767,1.78805,1.37,1.00
2014.12.05 13:57:38.336,1.78768,1.78802,1.50,1.00
2014.12.05 13:57:38.387,1.78768,1.78807,2.80,1.00
2014.12.05 13:57:38.488,1.78768,1.78807,2.84,1.00
2014.12.05 13:57:38.538,1.78768,1.78802,2.84,1.00
2014.12.05 13:57:38.740,1.78768,1.78805,1.00,1.30
2014.12.05 13:57:39.093,1.78768,1.78802,1.72,1.00
2014.12.05 13:57:39.294,1.78768,1.78804,1.00,1.30
2014.12.05 13:57:39.395,1.78767,1.78797,1.50,1.00
2014.12.05 13:57:39.496,1.78763,1.78797,1.00,1.72
2014.12.05 13:57:39.597,1.78761,1.78796,1.00,1.00
2014.12.05 13:57:39.849,1.78761,1.78781,1.00,1.00
2014.12.05 13:57:39.900,1.78758,1.78781,1.30,1.00
2014.12.05 13:57:40.001,1.78752,1.78781,1.00,1.00
2014.12.05 13:57:40.102,1.78746,1.78777,1.00,1.00
2014.12.05 13:57:40.203,1.78746,1.78781,1.00,1.30
2014.12.05 13:57:40.304,1.78743,1.78781,1.50,1.30
2014.12.05 13:57:40.404,1.78743,1.78779,1.50,1.30
2014.12.05 13:57:40.707,1.78743,1.78777,1.00,1.30
2014.12.05 13:57:41.089,1.78743,1.78782,1.00,1.00
2014.12.05 13:57:41.444,1.78744,1.78781,2.50,1.00
2014.12.05 13:57:41.495,1.78745,1.78787,1.00,1.72
2014.12.05 13:57:41.646,1.78745,1.78786,1.00,1.37
2014.12.05 13:57:41.798,1.78745,1.78782,1.50,1.00
2014.12.05 13:57:41.950,1.78745,1.78777,1.50,1.30
2014.12.05 13:57:42.354,1.78745,1.78781,1.00,1.30
2014.12.05 13:57:42.757,1.78745,1.78781,1.00,1.37
2014.12.05 13:57:42.909,1.78737,1.78777,1.00,1.00
2014.12.05 13:57:43.161,1.78737,1.78777,2.42,1.72
2014.12.05 13:57:43.666,1.78738,1.78777,1.35,1.30
2014.12.05 13:57:43.918,1.78737,1.7878,1.37,1.00
2014.12.05 13:57:43.968,1.78737,1.78779,1.00,1.00
2014.12.05 13:57:46.421,1.78737,1.78778,1.00,1.30
2014.12.05 13:57:46.623,1.78738,1.7878,1.12,1.72
2014.12.05 13:57:46.724,1.78738,1.78782,3.60,2.10
2014.12.05 13:57:46.875,1.78738,1.78778,2.47,1.30
2014.12.05 13:57:47.178,1.78738,1.78774,1.00,1.30
2014.12.05 13:57:47.681,1.78738,1.78773,1.00,1.30
2014.12.05 13:57:47.892,1.78738,1.78772,1.00,1.72
2014.12.05 13:57:47.993,1.78735,1.78772,1.44,1.72
2014.12.05 13:57:48.094,1.78735,1.7877,1.00,1.30
2014.12.05 13:57:48.431,1.78731,1.78774,1.12,1.50
2014.12.05 13:57:48.532,1.78731,1.78774,1.50,1.50
2014.12.05 13:57:48.835,1.78735,1.78767,1.00,1.30
2014.12.05 13:57:48.885,1.78735,1.78771,1.00,1.50
2014.12.05 13:57:48.936,1.78735,1.78771,1.00,1.87
2014.12.05 13:57:48.986,1.7873,1.78769,1.00,1.35
2014.12.05 13:57:49.087,1.78727,1.78766,1.00,1.00
2014.12.05 13:57:49.188,1.78725,1.78766,1.00,1.00
2014.12.05 13:57:49.289,1.78723,1.78766,1.00,1.00
2014.12.05 13:57:49.633,1.78723,1.78766,1.37,1.00
2014.12.05 13:57:49.734,1.78723,1.78769,1.12,1.00
2014.12.05 13:57:50.037,1.78725,1.78768,2.12,1.30
2014.12.05 13:57:50.439,1.78725,1.78767,2.84,1.00
2014.12.05 13:57:50.545,1.78726,1.78766,1.12,1.30
2014.12.05 13:57:51.049,1.78726,1.78766,2.85,1.30
2014.12.05 13:57:51.493,1.78731,1.78767,1.50,1.00
2014.12.05 13:57:51.644,1.78731,1.78772,2.12,1.00
2014.12.05 13:57:52.104,1.78733,1.78776,1.12,1.72
2014.12.05 13:57:52.155,1.78734,1.78772,1.72,1.30
2014.12.05 13:57:52.457,1.78734,1.78768,1.00,1.30
2014.12.05 13:57:52.922,1.78734,1.78771,1.00,1.30
2014.12.05 13:57:53.376,1.78736,1.78776,1.12,1.00
2014.12.05 13:57:53.872,1.78737,1.78777,1.12,1.00
2014.12.05 13:57:54.023,1.78742,1.78782,1.12,1.00
2014.12.05 13:57:54.124,1.78742,1.78782,2.12,1.00
2014.12.05 13:57:54.666,1.78742,1.78782,1.37,1.00
2014.12.05 13:57:56.569,1.78742,1.78782,1.12,1.00
2014.12.05 13:57:56.872,1.78749,1.78784,1.12,1.30
2014.12.05 13:57:57.174,1.78749,1.78779,2.12,1.30
2014.12.05 13:57:57.755,1.78749,1.78778,2.12,1.30
2014.12.05 13:57:58.171,1.78749,1.78777,1.00,1.30
2014.12.05 13:57:58.222,1.78749,1.78779,1.00,1.30
2014.12.05 13:57:58.273,1.78748,1.78779,1.00,1.30
2014.12.05 13:57:58.374,1.78748,1.78779,1.00,1.30
2014.12.05 13:57:58.988,1.78748,1.7878,1.00,1.30
2014.12.05 13:57:59.393,1.78748,1.78779,1.00,1.30
2014.12.05 13:57:59.494,1.78748,1.78787,1.00,2.85
2014.12.05 13:58:00.382,1.78748,1.78786,1.00,1.67
2014.12.05 13:58:00.537,1.78748,1.78787,1.00,1.87
2014.12.05 13:58:00.588,1.78748,1.78787,1.00,1.00
2014.12.05 13:58:00.991,1.78748,1.7879,1.50,1.37
2014.12.05 13:58:01.243,1.7875,1.78786,1.12,1.00
2014.12.05 13:58:01.962,1.7875,1.78787,1.00,1.72
2014.12.05 13:58:04.713,1.7875,1.78782,1.00,1.00
2014.12.05 13:58:04.764,1.78748,1.78782,1.12,1.00
2014.12.05 13:58:04.965,1.78748,1.78786,1.00,1.50
2014.12.05 13:58:06.276,1.7875,1.78787,2.12,1.00
2014.12.05 13:58:06.801,1.7875,1.78786,1.00,1.30
2014.12.05 13:58:07.337,1.7875,1.78785,1.00,1.30
2014.12.05 13:58:07.915,1.7875,1.78786,1.00,1.30
2014.12.05 13:58:08.918,1.7875,1.78781,1.00,1.00
2014.12.05 13:58:09.169,1.78747,1.78781,1.00,1.00
2014.12.05 13:58:09.422,1.78747,1.78785,1.00,1.35
2014.12.05 13:58:09.573,1.78747,1.78782,1.00,1.00
2014.12.05 13:58:09.674,1.78747,1.78784,1.00,1.30
2014.12.05 13:58:09.825,1.78747,1.78786,1.00,1.35
2014.12.05 13:58:09.926,1.78747,1.78781,1.00,1.00
2014.12.05 13:58:10.077,1.78744,1.78777,1.00,1.30
2014.12.05 13:58:10.319,1.78739,1.78775,1.00,1.30
2014.12.05 13:58:10.638,1.78739,1.78772,1.00,1.30
2014.12.05 13:58:10.892,1.78739,1.78774,1.00,1.30
2014.12.05 13:58:11.196,1.78739,1.78776,1.37,1.00
2014.12.05 13:58:11.347,1.78743,1.78781,1.12,1.00
2014.12.05 13:58:11.398,1.78745,1.78781,1.00,1.00
2014.12.05 13:58:11.600,1.78745,1.78779,1.00,1.35
2014.12.05 13:58:11.651,1.78745,1.78777,1.00,1.00
2014.12.05 13:58:11.953,1.78733,1.78758,1.00,1.30
2014.12.05 13:58:12.256,1.78733,1.78755,1.00,1.30
2014.12.05 13:58:12.407,1.78733,1.78759,1.00,1.30
2014.12.05 13:58:12.710,1.78729,1.78759,1.00,1.30
2014.12.05 13:58:12.862,1.78728,1.7875,1.00,1.30
2014.12.05 13:58:13.013,1.78726,1.78751,1.00,1.30
2014.12.05 13:58:13.064,1.78723,1.78749,1.00,1.30
2014.12.05 13:58:13.165,1.7872,1.78749,1.00,1.30
2014.12.05 13:58:13.316,1.7872,1.78743,1.00,1.30
2014.12.05 13:58:13.417,1.78719,1.78749,1.00,1.30
2014.12.05 13:58:13.823,1.78719,1.78743,1.00,1.30
2014.12.05 13:58:14.331,1.78719,1.78744,1.00,1.30
2014.12.05 13:58:14.851,1.78719,1.78743,1.00,1.30
2014.12.05 13:58:15.380,1.78719,1.78744,1.00,1.30
2014.12.05 13:58:15.841,1.78719,1.78751,1.00,1.30
2014.12.05 13:58:15.942,1.78719,1.78748,1.00,1.30
2014.12.05 13:58:16.093,1.78711,1.78745,1.00,1.00
2014.12.05 13:58:16.395,1.78711,1.78745,1.00,1.00
2014.12.05 13:58:16.446,1.78714,1.78749,1.50,1.30
2014.12.05 13:58:16.671,1.78717,1.78752,1.00,1.00
2014.12.05 13:58:17.003,1.78717,1.7875,1.00,1.30
2014.12.05 13:58:17.493,1.78717,1.78752,1.00,1.00
2014.12.05 13:58:17.845,1.78717,1.78754,1.00,1.72
2014.12.05 13:58:17.996,1.78717,1.7875,1.00,1.00
2014.12.05 13:58:20.099,1.78717,1.78749,1.00,1.30
2014.12.05 13:58:20.452,1.78717,1.78746,1.00,1.30
2014.12.05 13:58:20.553,1.78717,1.78749,1.00,1.30
2014.12.05 13:58:20.855,1.78719,1.78755,1.12,1.00
2014.12.05 13:58:21.311,1.78717,1.78751,1.00,1.00
2014.12.05 13:58:22.073,1.78717,1.78747,1.00,1.00
2014.12.05 13:58:22.174,1.78717,1.78749,1.00,1.30
2014.12.05 13:58:22.225,1.78717,1.78751,1.00,1.00
2014.12.05 13:58:22.427,1.78718,1.78751,1.30,1.00
2014.12.05 13:58:22.528,1.78718,1.78751,1.30,1.00
2014.12.05 13:58:22.652,1.78718,1.78756,2.72,1.00
2014.12.05 13:58:22.754,1.78719,1.78756,1.30,1.00
2014.12.05 13:58:23.092,1.78723,1.78755,1.00,1.30
2014.12.05 13:58:23.142,1.78722,1.78754,1.00,1.00
2014.12.05 13:58:23.294,1.7872,1.78754,1.00,1.00
2014.12.05 13:58:23.612,1.78716,1.7875,1.00,1.00
2014.12.05 13:58:23.915,1.78716,1.7875,1.30,1.00
2014.12.05 13:58:24.066,1.78716,1.7875,1.00,1.00
2014.12.05 13:58:24.368,1.78716,1.78744,1.30,1.00
2014.12.05 13:58:24.620,1.78712,1.78742,1.00,1.00
2014.12.05 13:58:24.721,1.78712,1.78744,1.00,1.00
2014.12.05 13:58:24.822,1.78712,1.78742,1.72,1.00
2014.12.05 13:58:24.973,1.78709,1.7874,1.30,1.00
2014.12.05 13:58:25.175,1.78706,1.7874,1.72,1.00
2014.12.05 13:58:25.377,1.78706,1.78726,1.50,1.00
2014.12.05 13:58:25.478,1.78701,1.78726,1.00,1.00
2014.12.05 13:58:25.579,1.78698,1.78727,1.00,1.00
2014.12.05 13:58:25.629,1.78698,1.78722,1.00,1.00
2014.12.05 13:58:25.680,1.78693,1.78722,1.00,1.00
2014.12.05 13:58:25.781,1.7869,1.78721,1.00,1.00
2014.12.05 13:58:26.234,1.7869,1.78724,1.00,1.00
2014.12.05 13:58:26.385,1.7869,1.78722,1.00,1.00
2014.12.05 13:58:26.436,1.78688,1.78722,1.00,1.50
2014.12.05 13:58:26.689,1.78688,1.78724,1.00,1.00
2014.12.05 13:58:27.042,1.7869,1.78722,1.12,1.00
2014.12.05 13:58:27.395,1.7869,1.78712,1.00,1.00
2014.12.05 13:58:27.445,1.78682,1.78712,1.00,1.00
2014.12.05 13:58:27.547,1.78677,1.78711,1.00,1.00
2014.12.05 13:58:27.597,1.78677,1.78707,1.00,1.00
2014.12.05 13:58:27.799,1.78674,1.78706,1.00,1.00
2014.12.05 13:58:28.001,1.78672,1.78706,1.00,1.00
2014.12.05 13:58:28.353,1.78672,1.7871,1.00,1.00
2014.12.05 13:58:28.555,1.78672,1.78714,1.00,1.00
2014.12.05 13:58:28.605,1.78672,1.78706,1.72,1.00
2014.12.05 13:58:29.149,1.78672,1.78707,1.72,1.00
2014.12.05 13:58:31.101,1.78672,1.78711,1.72,1.30
2014.12.05 13:58:31.798,1.78672,1.7871,1.00,1.30
2014.12.05 13:58:32.333,1.78672,1.78702,1.00,1.00
2014.12.05 13:58:32.439,1.78672,1.78707,1.00,1.00
2014.12.05 13:58:32.540,1.78672,1.78702,1.00,1.00
2014.12.05 13:58:32.641,1.78672,1.78707,2.72,1.00
2014.12.05 13:58:33.270,1.78672,1.78707,1.30,1.00
2014.12.05 13:58:34.307,1.78672,1.78692,1.30,1.00
2014.12.05 13:58:34.409,1.78671,1.78692,1.00,1.00
2014.12.05 13:58:34.510,1.78667,1.78692,1.00,1.00
2014.12.05 13:58:34.611,1.78663,1.78692,1.00,1.00
2014.12.05 13:58:36.481,1.78663,1.78691,1.00,1.00
2014.12.05 13:58:36.644,1.78663,1.78696,1.00,1.00
2014.12.05 13:58:37.184,1.78663,1.78697,1.00,1.72
2014.12.05 13:58:37.235,1.78661,1.78697,2.47,1.72
2014.12.05 13:58:37.386,1.78661,1.78692,1.30,1.00
2014.12.05 13:58:37.587,1.78661,1.78697,1.72,1.72
2014.12.05 13:58:37.739,1.78661,1.78695,1.72,1.30
2014.12.05 13:58:38.048,1.78661,1.78693,1.00,1.30
2014.12.05 13:58:38.552,1.78661,1.78692,1.00,1.00
2014.12.05 13:58:39.082,1.78661,1.78693,1.00,1.30
2014.12.05 13:58:39.586,1.78661,1.78696,1.00,1.30
2014.12.05 13:58:39.888,1.78661,1.78696,2.72,1.30
2014.12.05 13:58:40.190,1.78672,1.78707,2.42,1.00
2014.12.05 13:58:40.291,1.7868,1.78716,1.30,1.00
2014.12.05 13:58:40.342,1.7868,1.78712,1.30,1.00
2014.12.05 13:58:40.493,1.78675,1.7871,1.84,1.30
2014.12.05 13:58:40.544,1.78675,1.7871,1.50,1.30
2014.12.05 13:58:40.594,1.78675,1.78707,1.00,1.30
2014.12.05 13:58:40.695,1.78665,1.78702,1.00,1.00
2014.12.05 13:58:40.896,1.78664,1.78704,1.00,1.30
2014.12.05 13:58:41.129,1.78664,1.78701,1.00,1.00
2014.12.05 13:58:41.331,1.78665,1.78708,1.30,1.30
2014.12.05 13:58:41.482,1.7867,1.78712,1.30,1.50
2014.12.05 13:58:41.985,1.7867,1.78712,1.30,2.10
2014.12.05 13:58:42.499,1.7867,1.78712,1.30,1.12
2014.12.05 13:58:42.599,1.7867,1.7871,1.72,1.30
2014.12.05 13:58:42.870,1.7867,1.78708,1.72,1.30
2014.12.05 13:58:43.110,1.7867,1.7871,1.00,1.30
2014.12.05 13:58:43.563,1.7867,1.78708,1.00,1.30
2014.12.05 13:58:43.916,1.78668,1.78707,1.30,1.72
2014.12.05 13:58:44.118,1.78668,1.78706,2.72,1.30
2014.12.05 13:58:44.219,1.78668,1.78708,3.10,1.30
2014.12.05 13:58:44.758,1.78668,1.78707,2.35,1.30
2014.12.05 13:58:45.264,1.78668,1.78706,1.00,1.30
2014.12.05 13:58:45.314,1.78668,1.78704,1.00,1.30
2014.12.05 13:58:46.069,1.78668,1.78705,1.50,1.30
2014.12.05 13:58:46.631,1.7867,1.78714,1.35,1.30
2014.12.05 13:58:46.783,1.7867,1.78716,2.10,1.72
2014.12.05 13:58:46.934,1.78671,1.78712,1.35,1.30
2014.12.05 13:58:47.186,1.78671,1.78714,2.47,1.30
2014.12.05 13:58:47.440,1.78671,1.78713,1.35,1.30
2014.12.05 13:58:47.592,1.78671,1.78707,1.35,1.00
2014.12.05 13:58:47.944,1.78671,1.7871,1.00,1.30
2014.12.05 13:58:48.045,1.78671,1.78712,2.35,1.00
2014.12.05 13:58:48.096,1.78671,1.78712,2.72,1.00
2014.12.05 13:58:48.398,1.78676,1.78717,2.12,1.72
2014.12.05 13:58:48.701,1.78676,1.78713,2.12,1.30
2014.12.05 13:58:49.218,1.78676,1.78712,2.12,1.30
2014.12.05 13:58:49.731,1.78676,1.78713,2.12,1.30
2014.12.05 13:58:49.938,1.7868,1.78722,1.35,1.00
2014.12.05 13:58:50.089,1.78682,1.78722,1.12,1.00
2014.12.05 13:58:50.140,1.78684,1.78725,2.35,1.30
2014.12.05 13:58:50.241,1.78688,1.78728,1.12,1.30
2014.12.05 13:58:50.493,1.78688,1.78727,1.87,1.00
2014.12.05 13:58:50.795,1.78688,1.78724,1.12,1.30
2014.12.05 13:58:51.299,1.78688,1.78723,1.87,1.30
2014.12.05 13:58:51.842,1.78688,1.78722,1.87,1.30
2014.12.05 13:58:52.362,1.78688,1.78722,2.12,1.30
2014.12.05 13:58:52.671,1.78688,1.7872,1.00,1.30
2014.12.05 13:58:52.721,1.78688,1.7872,1.00,1.30
2014.12.05 13:58:52.942,1.78686,1.7872,1.00,1.30
2014.12.05 13:58:53.154,1.78686,1.78718,1.00,1.30
2014.12.05 13:58:53.306,1.78682,1.78716,1.00,1.30
2014.12.05 13:58:53.407,1.78682,1.78718,1.00,1.30
2014.12.05 13:58:53.709,1.78682,1.78712,1.00,1.30
2014.12.05 13:58:54.233,1.78682,1.78711,1.00,1.30
2014.12.05 13:58:54.501,1.78676,1.78711,1.37,1.30
2014.12.05 13:58:55.691,1.78676,1.7871,1.87,1.30
2014.12.05 13:58:55.943,1.78676,1.7871,1.87,1.30
2014.12.05 13:58:56.668,1.78676,1.78703,1.00,1.30
2014.12.05 13:58:56.769,1.78676,1.78706,1.00,1.30
2014.12.05 13:58:56.869,1.78676,1.78706,1.00,1.30
2014.12.05 13:58:56.920,1.78676,1.78711,1.00,1.30
2014.12.05 13:58:56.971,1.78671,1.78711,1.00,1.30
2014.12.05 13:58:57.021,1.78671,1.78709,1.00,1.30
2014.12.05 13:58:57.458,1.78671,1.78715,1.00,1.30
2014.12.05 13:58:57.609,1.78671,1.78715,1.00,1.30
2014.12.05 13:58:57.911,1.78671,1.7872,1.00,1.30
2014.12.05 13:58:58.012,1.78673,1.78722,1.00,1.00
2014.12.05 13:58:58.063,1.78674,1.78725,2.50,1.00
2014.12.05 13:58:58.264,1.78675,1.78725,1.50,1.37
2014.12.05 13:58:58.566,1.78676,1.78718,1.87,1.30
2014.12.05 13:58:58.878,1.7867,1.78703,1.37,1.30
2014.12.05 13:58:58.979,1.7867,1.78703,1.37,1.30
2014.12.05 13:58:59.332,1.7867,1.78705,1.00,1.30
2014.12.05 13:58:59.534,1.78666,1.78705,1.87,1.30
2014.12.05 13:58:59.966,1.78665,1.78702,1.87,1.30
2014.12.05 13:59:00.268,1.78658,1.78687,1.50,1.30
2014.12.05 13:59:00.419,1.7865,1.78681,1.00,1.30
2014.12.05 13:59:00.470,1.78646,1.78681,1.00,1.30
2014.12.05 13:59:00.571,1.78636,1.78681,1.00,2.17
2014.12.05 13:59:00.621,1.78636,1.78668,1.00,1.30
2014.12.05 13:59:00.897,1.78634,1.78669,1.00,1.30
2014.12.05 13:59:01.199,1.78634,1.78669,1.00,1.30
2014.12.05 13:59:01.429,1.78634,1.78672,1.00,1.30
2014.12.05 13:59:01.631,1.78634,1.7867,1.00,1.30
2014.12.05 13:59:02.192,1.78634,1.78671,1.00,1.30
2014.12.05 13:59:02.494,1.78634,1.78671,1.37,1.30
2014.12.05 13:59:03.001,1.78634,1.78672,1.37,1.30
2014.12.05 13:59:03.726,1.78634,1.78673,1.87,1.30
2014.12.05 13:59:04.250,1.78634,1.78672,1.37,1.30
2014.12.05 13:59:04.554,1.78634,1.78669,1.37,1.30
2014.12.05 13:59:04.679,1.78634,1.78672,1.37,1.30
2014.12.05 13:59:04.931,1.78634,1.78669,1.37,1.30
2014.12.05 13:59:05.082,1.78634,1.78669,2.12,1.30
2014.12.05 13:59:05.385,1.78634,1.78667,1.00,1.30
2014.12.05 13:59:05.486,1.78631,1.78663,1.00,1.30
2014.12.05 13:59:05.587,1.78631,1.78661,1.00,1.30
2014.12.05 13:59:05.638,1.78628,1.78661,1.37,1.30
2014.12.05 13:59:05.689,1.78626,1.78663,1.37,1.30
2014.12.05 13:59:06.209,1.78626,1.78664,1.37,1.30
2014.12.05 13:59:06.738,1.78625,1.78663,2.10,1.30
2014.12.05 13:59:06.939,1.78625,1.78663,2.10,1.30
2014.12.05 13:59:07.040,1.78625,1.78661,1.37,1.30
2014.12.05 13:59:07.342,1.78625,1.78659,1.00,1.30
2014.12.05 13:59:07.814,1.78622,1.7866,1.67,1.30
2014.12.05 13:59:08.133,1.78623,1.7866,1.12,1.30
2014.12.05 13:59:08.526,1.78623,1.78659,1.50,1.30
2014.12.05 13:59:08.979,1.78623,1.7866,2.35,1.30
2014.12.05 13:59:09.081,1.78623,1.7866,2.10,1.30
2014.12.05 13:59:09.132,1.78623,1.78657,1.37,1.30
2014.12.05 13:59:09.636,1.78623,1.78657,2.12,1.30
2014.12.05 13:59:10.140,1.78623,1.78658,1.87,1.30
2014.12.05 13:59:10.442,1.78623,1.78658,2.87,1.30
2014.12.05 13:59:10.744,1.78623,1.7866,2.87,1.30
2014.12.05 13:59:10.896,1.78623,1.78659,1.12,1.30
2014.12.05 13:59:11.097,1.78623,1.78659,2.87,1.30
2014.12.05 13:59:11.402,1.78623,1.78659,1.12,1.30
2014.12.05 13:59:11.918,1.78623,1.78658,1.87,1.30
2014.12.05 13:59:12.078,1.78623,1.78656,1.12,1.30
2014.12.05 13:59:12.382,1.7862,1.78655,2.41,1.30
2014.12.05 13:59:12.433,1.78613,1.78651,1.12,1.30
2014.12.05 13:59:12.640,1.78614,1.78654,1.30,1.30
2014.12.05 13:59:12.959,1.78614,1.78661,1.12,1.67
2014.12.05 13:59:13.165,1.78615,1.78661,1.12,1.67
2014.12.05 13:59:13.940,1.78615,1.78661,1.87,1.30
2014.12.05 13:59:14.041,1.78616,1.78661,1.87,1.30
2014.12.05 13:59:14.243,1.78616,1.78662,1.87,1.35
2014.12.05 13:59:14.722,1.78616,1.7866,2.87,1.30
2014.12.05 13:59:14.931,1.78616,1.78663,1.12,1.67
2014.12.05 13:59:14.982,1.78616,1.78663,1.37,1.67
2014.12.05 13:59:15.284,1.78616,1.78659,1.00,1.67
2014.12.05 13:59:15.788,1.78616,1.78656,1.00,1.12
2014.12.05 13:59:16.119,1.78616,1.78656,1.00,1.67
2014.12.05 13:59:17.606,1.78614,1.78657,1.00,1.87
2014.12.05 13:59:17.707,1.78614,1.78654,1.30,1.35
2014.12.05 13:59:18.312,1.78614,1.78654,2.72,1.35
2014.12.05 13:59:19.092,1.78614,1.78655,1.72,1.30
2014.12.05 13:59:19.349,1.78614,1.78654,1.30,1.30
2014.12.05 13:59:19.459,1.78625,1.78656,1.30,1.00
2014.12.05 13:59:19.560,1.78628,1.78662,1.12,1.00
2014.12.05 13:59:19.661,1.78628,1.78669,3.17,1.35
2014.12.05 13:59:19.763,1.78628,1.7867,3.17,1.37
2014.12.05 13:59:20.099,1.78628,1.78667,2.42,1.00
2014.12.05 13:59:20.632,1.78628,1.7867,2.42,1.67
2014.12.05 13:59:20.683,1.78628,1.78671,2.42,1.37
2014.12.05 13:59:21.194,1.78629,1.78671,1.30,1.87
2014.12.05 13:59:21.660,1.78638,1.7867,1.30,1.00
2014.12.05 13:59:21.710,1.78639,1.78672,1.50,1.00
2014.12.05 13:59:21.761,1.78639,1.78679,2.80,1.37
2014.12.05 13:59:22.164,1.78639,1.78672,1.30,1.00
2014.12.05 13:59:22.214,1.78639,1.78672,1.00,1.00
2014.12.05 13:59:22.265,1.78635,1.78672,1.72,1.00
2014.12.05 13:59:22.366,1.78635,1.78671,2.35,1.00
2014.12.05 13:59:22.468,1.78635,1.78672,1.00,1.00
2014.12.05 13:59:22.820,1.78635,1.78666,1.00,1.00
2014.12.05 13:59:22.871,1.78633,1.78666,1.72,1.00
2014.12.05 13:59:22.972,1.78635,1.78667,1.30,1.00
2014.12.05 13:59:23.073,1.78635,1.78671,1.30,1.00
2014.12.05 13:59:23.174,1.78634,1.78672,1.30,1.00
2014.12.05 13:59:23.375,1.78634,1.78661,1.00,1.00
2014.12.05 13:59:23.527,1.78625,1.78661,1.00,1.00
2014.12.05 13:59:23.829,1.78625,1.78657,1.30,1.00
2014.12.05 13:59:23.880,1.78623,1.78657,1.00,1.00
2014.12.05 13:59:24.499,1.78623,1.78652,1.72,1.00
2014.12.05 13:59:24.600,1.78623,1.78657,1.72,1.00
2014.12.05 13:59:24.701,1.78623,1.78652,1.30,1.00
2014.12.05 13:59:24.752,1.78619,1.78652,1.30,1.00
2014.12.05 13:59:24.853,1.78617,1.78651,1.30,1.00
2014.12.05 13:59:25.054,1.78617,1.78651,1.30,1.00
2014.12.05 13:59:25.357,1.78617,1.78657,1.30,1.00
2014.12.05 13:59:25.508,1.78617,1.78651,1.30,1.00
2014.12.05 13:59:25.710,1.78617,1.78652,1.67,1.00
2014.12.05 13:59:25.962,1.78616,1.78652,1.72,1.00
2014.12.05 13:59:26.280,1.78616,1.78646,1.00,1.00
2014.12.05 13:59:26.826,1.78616,1.78647,1.72,1.00
2014.12.05 13:59:27.394,1.78616,1.78647,1.30,1.00
2014.12.05 13:59:27.899,1.78616,1.78647,1.00,1.00
2014.12.05 13:59:30.021,1.78623,1.78652,1.12,1.00
2014.12.05 13:59:30.122,1.78623,1.78656,1.35,1.00
2014.12.05 13:59:30.652,1.78623,1.78656,1.30,1.00
2014.12.05 13:59:30.753,1.78623,1.78651,1.30,1.00
2014.12.05 13:59:30.804,1.78622,1.78651,1.72,1.00
2014.12.05 13:59:30.905,1.78622,1.78657,1.72,1.00
2014.12.05 13:59:31.006,1.78622,1.78657,1.30,1.00
2014.12.05 13:59:31.519,1.78622,1.78656,1.30,1.00
2014.12.05 13:59:31.891,1.78622,1.78651,2.42,1.00
2014.12.05 13:59:32.419,1.78622,1.78652,2.42,1.00
2014.12.05 13:59:32.754,1.78623,1.78647,1.12,1.00
2014.12.05 13:59:33.290,1.78623,1.78647,2.42,1.00
2014.12.05 13:59:33.539,1.78622,1.78647,1.00,1.00
2014.12.05 13:59:33.640,1.78616,1.78647,1.35,1.00
2014.12.05 13:59:34.546,1.78615,1.78647,1.30,1.00
2014.12.05 13:59:34.859,1.78615,1.78647,1.30,1.00
2014.12.05 13:59:35.316,1.78615,1.78646,2.42,1.00
2014.12.05 13:59:35.642,1.78615,1.78641,1.72,1.00
2014.12.05 13:59:35.793,1.78612,1.78642,1.30,1.00
2014.12.05 13:59:35.844,1.7861,1.78647,1.30,1.87
2014.12.05 13:59:35.945,1.7861,1.78647,1.30,1.50
2014.12.05 13:59:36.247,1.7861,1.78642,1.30,1.00
2014.12.05 13:59:36.298,1.78608,1.78642,1.30,1.00
2014.12.05 13:59:36.399,1.78608,1.78647,1.30,1.00
2014.12.05 13:59:36.701,1.78609,1.78631,1.30,1.00
2014.12.05 13:59:36.802,1.78609,1.78642,1.30,1.00
2014.12.05 13:59:37.306,1.78609,1.78642,1.30,1.00
2014.12.05 13:59:37.357,1.78609,1.78646,1.30,1.00
2014.12.05 13:59:37.458,1.78609,1.78646,1.30,1.00
2014.12.05 13:59:37.561,1.78609,1.78636,1.30,1.00
2014.12.05 13:59:38.579,1.78609,1.78637,1.30,1.00
2014.12.05 13:59:38.680,1.78606,1.78637,1.30,1.00
2014.12.05 13:59:39.319,1.78606,1.78637,1.30,1.00
2014.12.05 13:59:39.369,1.78606,1.78637,1.30,1.00
2014.12.05 13:59:39.978,1.78605,1.78637,1.30,1.00
2014.12.05 13:59:40.528,1.78605,1.78636,1.30,1.00
2014.12.05 13:59:41.009,1.78605,1.78636,1.30,1.00
2014.12.05 13:59:41.523,1.78605,1.78637,1.30,1.00
2014.12.05 13:59:42.069,1.78605,1.78626,1.30,1.00
2014.12.05 13:59:42.120,1.78605,1.78626,1.30,1.00
2014.12.05 13:59:42.221,1.78601,1.78626,1.00,1.00
2014.12.05 13:59:42.322,1.78601,1.78631,1.00,1.00
2014.12.05 13:59:42.625,1.78601,1.78626,1.00,1.00
2014.12.05 13:59:42.726,1.78601,1.78626,1.00,1.00
2014.12.05 13:59:42.827,1.786,1.78626,2.10,1.00
2014.12.05 13:59:42.878,1.786,1.78631,2.42,1.00
2014.12.05 13:59:42.928,1.786,1.78631,2.72,1.00
2014.12.05 13:59:43.382,1.786,1.78631,2.42,1.00
2014.12.05 13:59:43.483,1.786,1.78636,2.42,1.00
2014.12.05 13:59:43.785,1.786,1.78632,1.30,1.00
2014.12.05 13:59:43.987,1.786,1.78636,1.30,1.00
2014.12.05 13:59:44.400,1.786,1.78637,2.47,1.00
2014.12.05 13:59:44.629,1.786,1.78631,2.47,1.00
2014.12.05 13:59:45.132,1.786,1.78631,2.80,1.00
2014.12.05 13:59:45.640,1.786,1.78632,2.47,1.00
2014.12.05 13:59:46.169,1.786,1.78632,2.80,1.00
2014.12.05 13:59:46.734,1.786,1.78632,2.80,1.00
2014.12.05 13:59:46.940,1.78597,1.78632,1.72,1.00
2014.12.05 13:59:46.990,1.78597,1.78632,3.84,1.00
2014.12.05 13:59:47.293,1.78609,1.78632,1.30,1.00
2014.12.05 13:59:47.393,1.78604,1.78642,1.50,1.00
2014.12.05 13:59:47.843,1.78607,1.78641,1.30,1.00
2014.12.05 13:59:47.944,1.78607,1.78641,1.00,1.00
2014.12.05 13:59:48.045,1.78607,1.78637,1.00,1.00
2014.12.05 13:59:48.381,1.78607,1.78642,1.00,1.00
2014.12.05 13:59:48.884,1.78607,1.78641,1.00,1.00
2014.12.05 13:59:49.036,1.78607,1.78636,1.00,1.00
2014.12.05 13:59:49.086,1.78604,1.78636,1.00,1.00
2014.12.05 13:59:49.187,1.78604,1.78632,1.00,1.00
2014.12.05 13:59:49.288,1.78601,1.78632,1.00,1.00
2014.12.05 13:59:49.339,1.78598,1.78632,1.00,1.00
2014.12.05 13:59:49.439,1.78596,1.78632,1.00,1.00
2014.12.05 13:59:49.607,1.78596,1.78627,1.00,1.00
2014.12.05 13:59:49.859,1.78582,1.78624,2.05,1.30
2014.12.05 13:59:49.910,1.78582,1.78626,1.35,1.50
2014.12.05 13:59:49.961,1.78582,1.78622,1.35,1.00
2014.12.05 13:59:50.062,1.78582,1.78622,1.30,1.00
2014.12.05 13:59:50.163,1.78582,1.78622,1.30,1.00
2014.12.05 13:59:50.265,1.78583,1.78627,1.30,1.50
2014.12.05 13:59:50.366,1.78586,1.78621,1.30,1.00
2014.12.05 13:59:50.467,1.78586,1.78621,1.30,1.00
2014.12.05 13:59:50.568,1.78586,1.78621,1.30,1.00
2014.12.05 13:59:50.619,1.78586,1.78617,1.30,1.00
2014.12.05 13:59:50.820,1.78586,1.78622,1.30,1.00
2014.12.05 13:59:51.122,1.78586,1.78621,1.30,1.00
2014.12.05 13:59:52.021,1.78587,1.78621,1.30,1.00
2014.12.05 13:59:52.324,1.78591,1.78622,2.42,1.00
2014.12.05 13:59:52.594,1.78592,1.78626,1.30,1.00
2014.12.05 13:59:52.905,1.78593,1.78622,1.30,1.00
2014.12.05 13:59:53.258,1.78593,1.78626,1.30,1.00
2014.12.05 13:59:53.359,1.78593,1.78622,1.30,1.00
2014.12.05 13:59:53.460,1.78593,1.78622,1.30,1.00
2014.12.05 13:59:53.581,1.78593,1.78627,1.30,1.00
2014.12.05 13:59:54.121,1.78593,1.78627,1.30,1.00
2014.12.05 13:59:54.412,1.78593,1.78627,1.30,1.00
2014.12.05 13:59:54.775,1.78593,1.78622,1.30,1.00
2014.12.05 13:59:54.876,1.78593,1.78622,1.30,1.00
2014.12.05 13:59:54.977,1.78591,1.78622,1.67,1.00
2014.12.05 13:59:55.231,1.78586,1.78616,1.30,1.00
2014.12.05 13:59:55.333,1.78584,1.78617,1.30,1.00
2014.12.05 13:59:55.635,1.78584,1.7862,1.30,1.30
2014.12.05 13:59:55.887,1.78584,1.78622,1.30,1.00
2014.12.05 13:59:56.308,1.78584,1.78622,1.30,1.00
2014.12.05 13:59:56.409,1.78584,1.78621,1.30,1.30
2014.12.05 13:59:56.510,1.78583,1.78616,1.30,1.00
2014.12.05 13:59:57.022,1.78581,1.78617,1.67,1.00
2014.12.05 13:59:57.338,1.78581,1.78617,1.30,1.00
2014.12.05 13:59:57.389,1.78581,1.78617,1.30,1.00
2014.12.05 13:59:57.651,1.78581,1.78622,1.30,1.12
2014.12.05 13:59:57.752,1.78582,1.78622,1.30,1.00
2014.12.05 13:59:58.155,1.78589,1.78621,1.30,1.00
2014.12.05 13:59:58.508,1.78589,1.78627,1.30,1.00
2014.12.05 13:59:58.609,1.78591,1.78627,2.42,1.00
2014.12.05 13:59:58.962,1.78592,1.78621,1.30,1.00
2014.12.05 13:59:59.465,1.78592,1.78622,1.30,1.00
2014.12.05 13:59:59.660,1.78592,1.78626,1.30,1.00
