2018.05.03 20:00:00.154,1.74435,1.7447,1.00,1.50
2018.05.03 20:00:00.443,1.74437,1.74469,1.00,1.00
2018.05.03 20:00:00.715,1.74437,1.74475,2.62,1.25
2018.05.03 20:00:00.767,1.74441,1.74475,1.00,1.00
2018.05.03 20:00:01.075,1.74438,1.74472,1.00,1.31
2018.05.03 20:00:01.578,1.74437,1.74471,1.50,1.00
2018.05.03 20:00:02.379,1.74436,1.74472,1.00,1.88
2018.05.03 20:00:03.379,1.74436,1.74469,1.00,1.37
2018.05.03 20:00:03.809,1.74434,1.74463,1.00,1.00
2018.05.03 20:00:05.738,1.74438,1.74468,1.00,1.00
2018.05.03 20:00:05.891,1.74438,1.74472,1.00,1.00
2018.05.03 20:00:05.942,1.74439,1.7447,1.00,1.00
2018.05.03 20:00:06.457,1.74438,1.74469,1.00,1.25
2018.05.03 20:00:06.940,1.74439,1.74468,1.00,1.56
2018.05.03 20:00:06.991,1.74437,1.74468,1.00,1.31
2018.05.03 20:00:07.042,1.74434,1.74465,1.00,1.00
2018.05.03 20:00:08.150,1.74436,1.74465,1.00,1.00
2018.05.03 20:00:08.895,1.74437,1.74465,1.00,1.00
2018.05.03 20:00:09.527,1.74436,1.74464,1.00,1.25
2018.05.03 20:00:10.241,1.74428,1.74461,1.00,1.00
2018.05.03 20:00:10.342,1.7443,1.74462,1.00,1.00
2018.05.03 20:00:10.854,1.74429,1.74462,1.50,1.00
2018.05.03 20:00:11.005,1.74428,1.74464,1.00,1.00
2018.05.03 20:00:11.331,1.74432,1.74462,1.00,1.00
2018.05.03 20:00:14.592,1.74432,1.7446,1.00,1.00
2018.05.03 20:00:15.242,1.74432,1.74461,1.00,1.00
2018.05.03 20:00:15.834,1.7443,1.74459,1.00,1.00
2018.05.03 20:00:17.925,1.74429,1.74454,1.00,1.00
2018.05.03 20:00:17.976,1.74426,1.74454,1.00,1.00
2018.05.03 20:00:18.027,1.74423,1.74455,1.00,1.00
2018.05.03 20:00:18.284,1.74423,1.74453,1.00,1.00
2018.05.03 20:00:18.557,1.74421,1.74452,1.50,1.87
2018.05.03 20:00:22.031,1.7442,1.74453,1.00,1.00
2018.05.03 20:00:22.183,1.74423,1.74453,1.00,1.00
2018.05.03 20:00:22.386,1.7442,1.74454,1.00,1.12
2018.05.03 20:00:22.902,1.74417,1.74454,1.00,1.12
2018.05.03 20:00:23.434,1.74418,1.74453,1.00,1.00
2018.05.03 20:00:23.785,1.74421,1.74455,1.00,1.12
2018.05.03 20:00:24.154,1.74416,1.7445,1.00,1.00
2018.05.03 20:00:24.333,1.74416,1.74453,1.00,1.00
2018.05.03 20:00:24.384,1.74422,1.74451,1.00,1.00
2018.05.03 20:00:24.435,1.74422,1.74453,1.00,1.00
2018.05.03 20:00:24.968,1.74423,1.74453,1.00,1.00
2018.05.03 20:00:25.273,1.74423,1.74457,1.00,1.37
2018.05.03 20:00:25.375,1.74423,1.74453,1.50,1.00
2018.05.03 20:00:25.699,1.74422,1.74457,1.00,1.49
2018.05.03 20:00:25.960,1.74423,1.74453,1.00,1.00
2018.05.03 20:00:26.489,1.74422,1.74453,1.00,1.00
2018.05.03 20:00:28.240,1.74422,1.74457,1.00,1.37
2018.05.03 20:00:28.393,1.74418,1.74452,1.00,1.12
2018.05.03 20:00:28.494,1.74416,1.74451,1.50,1.87
2018.05.03 20:00:28.766,1.74417,1.74449,1.00,1.00
2018.05.03 20:00:29.746,1.74419,1.74449,1.00,1.00
2018.05.03 20:00:29.898,1.74421,1.74452,1.00,1.00
2018.05.03 20:00:30.755,1.74419,1.74454,1.50,1.87
2018.05.03 20:00:30.969,1.74416,1.74453,1.00,1.00
2018.05.03 20:00:31.070,1.74418,1.74451,1.00,1.00
2018.05.03 20:00:32.993,1.74416,1.74453,1.50,1.50
2018.05.03 20:00:33.331,1.74418,1.7445,1.00,1.00
2018.05.03 20:00:36.443,1.74419,1.74455,1.00,2.06
2018.05.03 20:00:36.545,1.74419,1.74452,1.50,1.00
2018.05.03 20:00:36.698,1.7442,1.74457,2.06,1.69
2018.05.03 20:00:36.749,1.74423,1.74454,1.25,1.00
2018.05.03 20:00:37.054,1.74427,1.74458,1.00,1.00
2018.05.03 20:00:37.444,1.74425,1.74461,1.00,2.06
2018.05.03 20:00:37.694,1.74426,1.74456,1.00,1.00
2018.05.03 20:00:37.796,1.74425,1.74461,1.00,1.00
2018.05.03 20:00:37.846,1.74426,1.74457,1.00,1.00
2018.05.03 20:00:38.789,1.74428,1.7446,1.00,1.00
2018.05.03 20:00:38.952,1.74425,1.74462,1.00,1.00
2018.05.03 20:00:39.053,1.74428,1.74461,1.00,1.00
2018.05.03 20:00:39.220,1.74425,1.74461,3.00,1.00
2018.05.03 20:00:39.271,1.74428,1.74461,1.00,1.00
2018.05.03 20:00:39.810,1.74428,1.74462,1.00,1.00
2018.05.03 20:00:40.152,1.74424,1.74462,1.50,1.00
2018.05.03 20:00:40.203,1.74426,1.74462,1.00,1.00
2018.05.03 20:00:40.507,1.74428,1.74459,1.00,1.00
2018.05.03 20:00:41.460,1.74429,1.74462,1.00,1.50
2018.05.03 20:00:42.451,1.74429,1.74461,1.00,1.00
2018.05.03 20:00:43.617,1.74425,1.74461,1.50,1.00
2018.05.03 20:00:44.149,1.74425,1.74462,1.00,1.00
2018.05.03 20:00:44.200,1.74428,1.74462,1.50,1.00
2018.05.03 20:00:45.175,1.74425,1.7446,1.00,1.69
2018.05.03 20:00:45.395,1.74419,1.74457,1.00,1.31
2018.05.03 20:00:46.030,1.74419,1.74457,1.50,1.00
2018.05.03 20:00:46.081,1.74421,1.74456,1.00,1.00
2018.05.03 20:00:46.431,1.74423,1.74454,1.50,1.00
2018.05.03 20:00:46.532,1.74423,1.74458,1.00,2.06
2018.05.03 20:00:46.583,1.74424,1.74454,1.00,1.00
2018.05.03 20:00:47.078,1.74423,1.74457,1.50,1.00
2018.05.03 20:00:47.489,1.74429,1.74461,1.00,1.00
2018.05.03 20:00:48.039,1.74428,1.7446,1.00,1.00
2018.05.03 20:00:49.009,1.74429,1.74461,1.00,1.00
2018.05.03 20:00:49.554,1.74429,1.74462,1.00,1.00
2018.05.03 20:00:49.958,1.74426,1.74461,1.00,1.00
2018.05.03 20:00:50.496,1.74426,1.74462,1.00,1.00
2018.05.03 20:00:50.548,1.74431,1.74461,1.00,1.00
2018.05.03 20:00:51.221,1.74431,1.74463,1.00,1.00
2018.05.03 20:00:51.273,1.74431,1.7446,1.00,1.00
2018.05.03 20:00:51.324,1.74424,1.74461,1.12,1.00
2018.05.03 20:00:51.375,1.74428,1.74458,1.00,1.00
2018.05.03 20:00:51.621,1.74424,1.7446,1.00,1.00
2018.05.03 20:00:51.672,1.74428,1.7446,1.00,1.50
2018.05.03 20:00:51.723,1.74426,1.7446,1.00,2.63
2018.05.03 20:00:51.929,1.74426,1.74457,1.00,1.00
2018.05.03 20:00:51.981,1.74422,1.74457,1.00,1.31
2018.05.03 20:00:52.032,1.74425,1.74455,1.00,1.00
2018.05.03 20:00:52.184,1.74421,1.74457,1.50,1.00
2018.05.03 20:00:52.398,1.74426,1.74459,1.00,1.00
2018.05.03 20:00:52.449,1.74424,1.74462,1.00,2.25
2018.05.03 20:00:52.501,1.74424,1.74462,1.00,1.75
2018.05.03 20:00:52.819,1.74428,1.74461,1.12,1.00
2018.05.03 20:00:52.870,1.7443,1.74466,1.00,1.00
2018.05.03 20:00:53.022,1.74432,1.74465,1.00,1.00
2018.05.03 20:00:53.073,1.7443,1.74467,1.00,1.00
2018.05.03 20:00:53.124,1.74432,1.74465,1.00,1.31
2018.05.03 20:00:53.659,1.74432,1.74465,1.00,1.00
2018.05.03 20:00:54.005,1.74429,1.74465,1.00,1.00
2018.05.03 20:00:54.218,1.74432,1.74464,1.00,1.00
2018.05.03 20:01:00.494,1.74425,1.74463,1.00,1.00
2018.05.03 20:01:00.721,1.74427,1.74463,1.00,1.00
2018.05.03 20:01:00.972,1.74425,1.74463,1.00,1.00
2018.05.03 20:01:01.765,1.7443,1.74463,1.00,1.69
2018.05.03 20:01:01.816,1.74426,1.74462,1.00,1.00
2018.05.03 20:01:02.433,1.74425,1.74463,1.00,1.00
2018.05.03 20:01:02.956,1.74427,1.74463,1.00,1.00
2018.05.03 20:01:03.463,1.74426,1.74463,1.00,1.00
2018.05.03 20:01:03.990,1.74432,1.74463,1.00,1.00
2018.05.03 20:01:04.041,1.74427,1.74463,1.25,1.00
2018.05.03 20:01:04.093,1.74432,1.74463,1.00,1.00
2018.05.03 20:01:04.196,1.74428,1.74462,1.00,1.00
2018.05.03 20:01:04.787,1.74425,1.74462,1.00,1.25
2018.05.03 20:01:05.348,1.74426,1.74462,1.00,1.00
2018.05.03 20:01:05.963,1.74425,1.74463,1.00,1.69
2018.05.03 20:01:06.784,1.74425,1.74462,1.00,1.13
2018.05.03 20:01:07.498,1.74425,1.74462,1.00,1.19
2018.05.03 20:01:07.613,1.74427,1.7446,1.00,1.25
2018.05.03 20:01:08.844,1.74427,1.7446,1.00,1.44
2018.05.03 20:01:09.452,1.74427,1.7446,1.00,1.00
2018.05.03 20:01:13.477,1.74427,1.74458,1.00,1.00
2018.05.03 20:01:13.784,1.74427,1.7446,1.00,1.00
2018.05.03 20:01:14.105,1.74425,1.74461,1.00,1.50
2018.05.03 20:01:14.624,1.74427,1.7446,1.00,1.00
2018.05.03 20:01:16.337,1.74426,1.74462,1.00,1.00
2018.05.03 20:01:16.489,1.7443,1.74461,1.00,1.00
2018.05.03 20:01:18.599,1.7443,1.74464,1.00,1.00
2018.05.03 20:01:20.962,1.74429,1.74466,1.00,2.06
2018.05.03 20:01:21.561,1.7443,1.74466,1.00,2.81
2018.05.03 20:01:22.317,1.74429,1.74466,1.50,2.06
2018.05.03 20:01:23.145,1.74431,1.74462,1.00,1.50
2018.05.03 20:01:23.448,1.74425,1.74463,1.00,1.25
2018.05.03 20:01:23.499,1.74429,1.7446,1.00,1.00
2018.05.03 20:01:23.581,1.74425,1.74463,1.00,1.00
2018.05.03 20:01:23.683,1.74429,1.7446,1.00,1.00
2018.05.03 20:01:23.783,1.74425,1.74463,1.00,1.00
2018.05.03 20:01:24.839,1.74428,1.74461,1.00,1.00
2018.05.03 20:01:24.899,1.74426,1.74462,1.00,1.00
2018.05.03 20:01:25.118,1.74428,1.74461,1.00,1.00
2018.05.03 20:01:25.180,1.74426,1.74462,1.00,1.00
2018.05.03 20:01:25.231,1.74428,1.7446,1.00,1.00
2018.05.03 20:01:27.847,1.74425,1.7446,1.00,1.00
2018.05.03 20:01:30.551,1.74425,1.7446,1.37,1.00
2018.05.03 20:01:30.956,1.74425,1.74455,1.00,1.56
2018.05.03 20:01:31.057,1.74408,1.74444,3.37,1.00
2018.05.03 20:01:31.568,1.7441,1.74444,1.00,1.00
2018.05.03 20:01:32.042,1.74408,1.74444,1.00,1.00
2018.05.03 20:01:32.581,1.74409,1.74443,1.50,1.00
2018.05.03 20:01:38.148,1.74409,1.74444,1.00,1.00
2018.05.03 20:01:38.300,1.74412,1.74442,1.00,1.00
2018.05.03 20:01:38.929,1.74412,1.74448,1.00,1.69
2018.05.03 20:01:39.919,1.74412,1.74448,1.00,2.25
2018.05.03 20:01:40.563,1.74411,1.74448,1.00,1.25
2018.05.03 20:01:41.426,1.74411,1.74449,1.69,2.06
2018.05.03 20:01:41.580,1.74414,1.74449,1.00,1.50
2018.05.03 20:01:44.021,1.74414,1.74448,1.00,1.00
2018.05.03 20:01:44.174,1.74418,1.74456,1.00,2.44
2018.05.03 20:01:44.915,1.74418,1.74455,1.00,1.31
2018.05.03 20:01:45.867,1.74418,1.74454,1.00,1.31
2018.05.03 20:01:45.919,1.74414,1.74452,1.87,1.00
2018.05.03 20:01:46.769,1.74414,1.74452,1.87,1.00
2018.05.03 20:01:48.819,1.74415,1.74451,1.00,1.00
2018.05.03 20:01:49.357,1.74415,1.74452,1.37,1.00
2018.05.03 20:01:49.912,1.74415,1.74452,1.00,1.00
2018.05.03 20:01:50.320,1.74415,1.74452,1.37,1.00
2018.05.03 20:01:50.739,1.74415,1.74452,1.00,1.00
2018.05.03 20:01:52.798,1.74415,1.74452,1.37,1.00
2018.05.03 20:01:53.319,1.74415,1.74452,1.00,1.00
2018.05.03 20:01:53.421,1.74417,1.74452,1.00,1.00
2018.05.03 20:01:53.966,1.74416,1.74452,1.12,1.00
2018.05.03 20:01:54.448,1.7442,1.74453,1.00,1.25
2018.05.03 20:01:56.346,1.7442,1.74452,1.00,1.00
2018.05.03 20:01:56.616,1.7442,1.74456,1.00,2.06
2018.05.03 20:01:57.242,1.74419,1.74456,1.00,2.63
2018.05.03 20:01:57.877,1.74419,1.74454,1.50,1.00
2018.05.03 20:01:58.464,1.7442,1.74454,1.00,1.00
2018.05.03 20:01:58.977,1.7442,1.74453,1.00,1.00
2018.05.03 20:01:59.655,1.74419,1.74457,1.87,1.50
2018.05.03 20:01:59.706,1.74424,1.74455,1.12,1.00
2018.05.03 20:02:00.011,1.74427,1.74458,1.00,1.00
2018.05.03 20:02:07.049,1.74428,1.74458,1.00,1.00
2018.05.03 20:02:09.941,1.74429,1.74463,1.37,1.00
2018.05.03 20:02:09.992,1.74429,1.74465,1.87,1.31
2018.05.03 20:02:10.094,1.74431,1.74462,1.00,1.00
2018.05.03 20:02:11.662,1.74428,1.74464,1.50,1.31
2018.05.03 20:02:12.171,1.74428,1.74465,1.00,1.31
2018.05.03 20:02:12.272,1.74428,1.74462,1.00,1.00
2018.05.03 20:02:12.461,1.74428,1.74465,1.00,1.31
2018.05.03 20:02:12.589,1.74429,1.74465,1.00,2.06
2018.05.03 20:02:13.139,1.74428,1.74465,1.00,1.69
2018.05.03 20:02:14.081,1.74428,1.74464,1.50,1.31
2018.05.03 20:02:14.616,1.74428,1.74465,1.00,1.69
2018.05.03 20:02:15.119,1.74428,1.74464,1.50,1.69
2018.05.03 20:02:15.867,1.74428,1.74466,1.00,2.06
2018.05.03 20:02:16.413,1.74429,1.74465,1.00,1.69
2018.05.03 20:02:16.998,1.74428,1.74466,1.00,1.69
2018.05.03 20:02:17.731,1.74428,1.74464,2.62,1.19
2018.05.03 20:02:18.263,1.74429,1.74465,1.00,2.44
2018.05.03 20:02:18.618,1.7443,1.74466,1.75,1.00
2018.05.03 20:02:19.136,1.74432,1.74467,1.12,1.00
2018.05.03 20:02:19.485,1.74433,1.74462,1.00,1.00
2018.05.03 20:02:20.934,1.74426,1.74464,3.37,1.00
2018.05.03 20:02:20.985,1.7443,1.74461,1.00,1.00
2018.05.03 20:02:22.039,1.74434,1.74465,1.25,1.00
2018.05.03 20:02:22.090,1.74434,1.74469,1.00,1.37
2018.05.03 20:02:22.141,1.74431,1.74467,1.00,1.25
2018.05.03 20:02:22.192,1.74435,1.74466,1.00,1.00
2018.05.03 20:02:22.497,1.74435,1.74465,1.00,1.56
2018.05.03 20:02:22.632,1.74426,1.74464,4.12,1.69
2018.05.03 20:02:22.683,1.74429,1.74462,1.00,1.00
2018.05.03 20:02:22.734,1.74427,1.74463,1.50,1.00
2018.05.03 20:02:22.920,1.74429,1.74463,1.00,1.00
2018.05.03 20:02:23.676,1.74429,1.74464,1.00,1.25
2018.05.03 20:02:24.208,1.74431,1.74467,1.00,2.06
2018.05.03 20:02:24.411,1.7443,1.74467,1.50,2.06
2018.05.03 20:02:24.513,1.74431,1.74462,1.00,1.00
2018.05.03 20:02:25.537,1.74431,1.74467,1.00,1.25
2018.05.03 20:02:25.665,1.74432,1.74461,1.00,1.00
2018.05.03 20:02:31.141,1.7443,1.74468,1.00,3.00
2018.05.03 20:02:31.736,1.74431,1.74462,1.00,1.25
2018.05.03 20:02:34.534,1.74433,1.74462,1.00,1.00
2018.05.03 20:02:34.999,1.74431,1.74462,2.25,1.00
2018.05.03 20:02:35.881,1.7443,1.74465,1.50,1.56
2018.05.03 20:02:36.491,1.74431,1.74467,1.00,1.75
2018.05.03 20:02:37.091,1.74431,1.74466,1.00,1.56
2018.05.03 20:02:38.816,1.74431,1.74465,1.00,1.31
2018.05.03 20:02:39.152,1.74428,1.74462,1.00,1.50
2018.05.03 20:02:39.254,1.74426,1.74462,3.00,1.00
2018.05.03 20:02:39.503,1.74428,1.74462,1.00,1.00
2018.05.03 20:02:40.044,1.74429,1.74461,1.00,1.00
2018.05.03 20:02:41.527,1.74428,1.74461,1.00,1.00
2018.05.03 20:02:41.818,1.74429,1.74465,1.00,1.31
2018.05.03 20:02:42.338,1.74428,1.74466,1.00,2.06
2018.05.03 20:02:42.874,1.74429,1.74465,1.00,1.25
2018.05.03 20:02:42.925,1.7443,1.74461,1.00,1.00
2018.05.03 20:02:42.976,1.74428,1.74466,1.50,1.31
2018.05.03 20:02:43.027,1.74429,1.74462,1.00,1.00
2018.05.03 20:02:43.128,1.74428,1.74466,1.50,1.31
2018.05.03 20:02:43.178,1.7443,1.74461,1.00,1.00
2018.05.03 20:02:43.229,1.74428,1.74466,1.50,1.31
2018.05.03 20:02:43.331,1.74429,1.74462,1.50,1.00
2018.05.03 20:02:43.382,1.74429,1.74465,1.00,1.25
2018.05.03 20:02:44.007,1.74428,1.74466,1.50,2.06
2018.05.03 20:02:44.802,1.74428,1.74466,1.50,2.81
2018.05.03 20:02:45.164,1.74429,1.74462,1.00,1.00
2018.05.03 20:02:45.266,1.74428,1.74466,2.25,2.81
2018.05.03 20:02:45.317,1.74432,1.74461,1.00,1.00
2018.05.03 20:02:45.368,1.74429,1.74465,1.00,1.31
2018.05.03 20:02:45.521,1.74431,1.74466,1.00,2.06
2018.05.03 20:02:46.009,1.74428,1.74466,2.25,2.06
2018.05.03 20:02:46.510,1.74429,1.74465,1.50,1.31
2018.05.03 20:02:49.530,1.74429,1.74466,1.00,1.69
2018.05.03 20:02:50.077,1.74433,1.74463,1.00,1.00
2018.05.03 20:02:50.320,1.74429,1.74466,1.00,2.06
2018.05.03 20:02:50.371,1.7443,1.74462,1.00,1.00
2018.05.03 20:02:50.422,1.74429,1.74466,1.00,2.06
2018.05.03 20:02:50.473,1.74432,1.74461,1.00,1.00
2018.05.03 20:02:50.598,1.74428,1.74466,1.00,2.06
2018.05.03 20:02:50.649,1.74432,1.74462,1.00,1.00
2018.05.03 20:02:50.938,1.74428,1.74466,1.00,2.06
2018.05.03 20:02:51.673,1.74429,1.74465,1.00,1.69
2018.05.03 20:02:51.774,1.74432,1.74463,1.00,1.00
2018.05.03 20:02:51.825,1.74428,1.74465,1.50,1.25
2018.05.03 20:02:52.186,1.74432,1.74463,1.00,1.00
2018.05.03 20:02:52.237,1.74429,1.74465,1.00,1.25
2018.05.03 20:02:52.534,1.74431,1.74465,1.00,1.00
2018.05.03 20:02:52.856,1.7444,1.74471,1.00,1.00
2018.05.03 20:02:52.906,1.7444,1.74474,1.00,1.00
2018.05.03 20:02:53.439,1.7444,1.74474,1.00,1.31
2018.05.03 20:02:53.983,1.7444,1.74472,1.00,1.00
2018.05.03 20:02:55.538,1.7444,1.74476,1.00,2.06
2018.05.03 20:02:56.822,1.7444,1.74476,1.00,1.31
2018.05.03 20:02:57.362,1.7444,1.74476,1.00,2.06
2018.05.03 20:02:57.413,1.74439,1.74477,1.00,1.50
2018.05.03 20:02:57.942,1.74439,1.74477,1.00,2.25
2018.05.03 20:02:58.754,1.74439,1.74477,1.00,1.50
2018.05.03 20:03:00.178,1.74439,1.74477,1.00,2.25
2018.05.03 20:03:00.851,1.74439,1.74472,1.50,1.00
2018.05.03 20:03:01.082,1.74436,1.7447,1.00,1.00
2018.05.03 20:03:02.921,1.74437,1.7447,1.00,1.50
2018.05.03 20:03:02.972,1.74439,1.7447,1.00,1.00
2018.05.03 20:03:03.491,1.7444,1.7447,1.00,1.00
2018.05.03 20:03:03.824,1.74436,1.7447,1.00,1.00
2018.05.03 20:03:07.074,1.74439,1.7447,1.00,1.00
2018.05.03 20:03:08.554,1.7444,1.74473,1.00,1.56
2018.05.03 20:03:08.892,1.74434,1.74467,1.00,1.31
2018.05.03 20:03:10.483,1.74434,1.74467,1.00,2.06
2018.05.03 20:03:10.791,1.74437,1.74468,1.00,2.06
2018.05.03 20:03:10.945,1.74433,1.74468,1.50,2.06
2018.05.03 20:03:11.544,1.74433,1.74467,1.50,1.56
2018.05.03 20:03:11.646,1.74437,1.74468,1.00,2.06
2018.05.03 20:03:11.853,1.74434,1.74467,1.00,1.31
2018.05.03 20:03:12.367,1.74434,1.74466,1.00,1.69
2018.05.03 20:03:12.874,1.74434,1.74467,1.50,1.31
2018.05.03 20:03:13.175,1.74434,1.74463,1.00,1.56
2018.05.03 20:03:13.549,1.74433,1.74463,1.00,1.00
2018.05.03 20:03:13.600,1.7443,1.74464,1.50,1.31
2018.05.03 20:03:14.201,1.7443,1.74463,1.00,1.25
2018.05.03 20:03:14.534,1.7443,1.7446,1.00,1.62
2018.05.03 20:03:14.586,1.74423,1.74454,1.00,1.25
2018.05.03 20:03:14.737,1.74423,1.74454,1.00,1.56
2018.05.03 20:03:15.266,1.74422,1.74454,1.50,1.31
2018.05.03 20:03:15.897,1.74422,1.74454,1.00,2.06
2018.05.03 20:03:16.564,1.74422,1.74454,1.50,2.06
2018.05.03 20:03:17.383,1.74422,1.74454,1.50,1.00
2018.05.03 20:03:17.978,1.74422,1.74454,1.50,2.06
2018.05.03 20:03:18.853,1.74422,1.74454,1.00,1.56
2018.05.03 20:03:19.363,1.74422,1.74454,1.00,2.06
2018.05.03 20:03:19.866,1.74422,1.74454,1.00,1.56
2018.05.03 20:03:20.485,1.74422,1.74454,1.50,2.06
2018.05.03 20:03:20.789,1.74422,1.74454,1.00,1.00
2018.05.03 20:03:21.377,1.74422,1.74454,1.00,1.31
2018.05.03 20:03:21.907,1.74422,1.74453,1.00,1.31
2018.05.03 20:03:23.503,1.74422,1.74454,1.00,2.06
2018.05.03 20:03:24.134,1.74421,1.74454,1.00,2.06
2018.05.03 20:03:24.185,1.74419,1.74454,1.00,2.81
2018.05.03 20:03:24.607,1.74417,1.74454,1.00,2.06
2018.05.03 20:03:25.350,1.74418,1.74454,1.00,2.81
2018.05.03 20:03:25.910,1.74417,1.74453,1.00,2.06
2018.05.03 20:03:26.076,1.7442,1.74452,1.00,1.00
2018.05.03 20:03:26.522,1.74417,1.74454,1.00,1.19
2018.05.03 20:03:27.025,1.74417,1.74455,1.00,2.44
2018.05.03 20:03:27.575,1.74417,1.74455,1.00,1.31
2018.05.03 20:03:28.093,1.74417,1.74455,1.00,2.06
2018.05.03 20:03:28.144,1.7442,1.74453,1.00,1.25
2018.05.03 20:03:28.245,1.74418,1.74454,1.00,1.19
2018.05.03 20:03:29.422,1.74418,1.74454,1.00,1.31
2018.05.03 20:03:29.930,1.74419,1.74453,1.00,1.25
2018.05.03 20:03:30.782,1.74423,1.74454,1.00,1.00
2018.05.03 20:03:30.884,1.74424,1.74461,2.44,1.00
2018.05.03 20:03:30.935,1.74428,1.74464,1.00,1.25
2018.05.03 20:03:31.248,1.74428,1.74462,1.00,1.00
2018.05.03 20:03:31.801,1.74429,1.74462,1.50,1.00
2018.05.03 20:03:33.528,1.74429,1.74465,1.00,1.12
2018.05.03 20:03:33.630,1.74429,1.74461,1.00,1.00
2018.05.03 20:03:34.544,1.74429,1.74464,1.00,1.50
2018.05.03 20:03:35.050,1.7443,1.7446,1.00,1.00
2018.05.03 20:03:35.380,1.74432,1.74467,1.00,2.44
2018.05.03 20:03:35.907,1.74431,1.74465,1.00,1.19
2018.05.03 20:03:36.221,1.74431,1.74464,1.00,1.56
2018.05.03 20:03:36.442,1.74431,1.74466,1.00,1.56
2018.05.03 20:03:36.730,1.74431,1.74465,1.00,1.56
2018.05.03 20:03:36.970,1.74431,1.74466,1.00,1.56
2018.05.03 20:03:37.329,1.74431,1.74465,1.00,1.56
2018.05.03 20:03:37.514,1.74431,1.74466,1.00,1.56
2018.05.03 20:03:37.733,1.74431,1.74465,1.00,1.56
2018.05.03 20:03:37.903,1.74431,1.74466,1.00,1.56
2018.05.03 20:03:38.271,1.74431,1.74463,1.00,1.19
2018.05.03 20:03:38.809,1.74432,1.74464,1.00,1.63
2018.05.03 20:03:39.115,1.74431,1.7446,1.50,1.00
2018.05.03 20:03:41.584,1.74431,1.7446,1.50,1.37
2018.05.03 20:03:42.136,1.74432,1.7446,1.00,1.00
2018.05.03 20:03:42.715,1.74431,1.7446,1.50,1.00
2018.05.03 20:03:43.595,1.74432,1.7446,1.00,1.00
2018.05.03 20:03:44.108,1.74431,1.7446,1.50,1.00
2018.05.03 20:03:44.611,1.74432,1.7446,1.00,1.00
2018.05.03 20:03:45.149,1.74431,1.7446,1.50,1.00
2018.05.03 20:03:46.023,1.74431,1.74468,1.00,2.81
2018.05.03 20:03:46.395,1.74432,1.74463,1.00,1.37
2018.05.03 20:03:46.989,1.74432,1.74463,1.50,1.12
2018.05.03 20:03:47.687,1.74432,1.74466,1.00,1.94
2018.05.03 20:03:48.201,1.74431,1.74461,1.00,1.00
2018.05.03 20:03:48.544,1.74432,1.74466,1.00,1.94
2018.05.03 20:03:48.703,1.74432,1.74468,1.00,1.00
2018.05.03 20:03:48.754,1.74438,1.7447,1.12,1.00
2018.05.03 20:03:48.805,1.74438,1.74475,1.50,1.25
2018.05.03 20:03:48.856,1.74442,1.74477,1.00,1.56
2018.05.03 20:03:49.240,1.74445,1.7448,1.00,1.87
2018.05.03 20:03:49.785,1.74446,1.7448,1.00,1.00
2018.05.03 20:03:49.988,1.74446,1.74476,1.00,1.31
2018.05.03 20:03:50.091,1.74441,1.74472,1.00,1.25
2018.05.03 20:03:50.192,1.74441,1.74472,1.00,1.56
2018.05.03 20:03:50.357,1.74441,1.74472,1.00,1.31
2018.05.03 20:03:51.273,1.74441,1.74472,1.00,1.25
2018.05.03 20:03:52.762,1.74441,1.74472,1.00,2.06
2018.05.03 20:03:53.167,1.74441,1.7447,1.00,1.56
2018.05.03 20:03:53.732,1.74441,1.74471,1.00,1.56
2018.05.03 20:03:54.277,1.74441,1.74469,1.00,1.56
2018.05.03 20:03:54.782,1.74441,1.74471,1.00,1.56
2018.05.03 20:03:55.304,1.74441,1.74471,1.00,1.56
2018.05.03 20:03:55.457,1.74438,1.74469,1.00,1.25
2018.05.03 20:03:56.031,1.74435,1.74471,1.00,1.81
2018.05.03 20:03:56.554,1.74435,1.74471,1.00,2.06
2018.05.03 20:03:57.136,1.74438,1.74467,1.00,1.00
2018.05.03 20:03:57.614,1.74434,1.74468,1.00,2.06
2018.05.03 20:03:57.665,1.74431,1.74468,1.00,1.31
2018.05.03 20:03:57.969,1.74434,1.74468,1.00,2.81
2018.05.03 20:03:58.635,1.74434,1.74468,1.00,2.06
2018.05.03 20:03:59.176,1.74434,1.74467,1.00,1.00
2018.05.03 20:03:59.314,1.74431,1.74467,1.00,1.00
2018.05.03 20:03:59.645,1.74433,1.74467,1.00,1.00
2018.05.03 20:04:00.166,1.74431,1.74467,1.00,1.00
2018.05.03 20:04:00.722,1.7443,1.74468,1.00,1.25
2018.05.03 20:04:00.945,1.74433,1.74466,1.00,1.00
2018.05.03 20:04:01.274,1.74435,1.74465,1.00,1.00
2018.05.03 20:04:01.823,1.74431,1.74467,2.25,1.50
2018.05.03 20:04:02.536,1.74431,1.74468,1.00,1.31
2018.05.03 20:04:02.775,1.74434,1.74467,1.00,1.50
2018.05.03 20:04:04.051,1.74432,1.74467,1.50,1.31
2018.05.03 20:04:04.672,1.74431,1.74468,1.00,1.25
2018.05.03 20:04:05.049,1.74435,1.74466,1.00,1.00
2018.05.03 20:04:06.179,1.74432,1.74468,1.00,1.25
2018.05.03 20:04:06.698,1.74431,1.74467,1.00,1.12
2018.05.03 20:04:06.750,1.74434,1.74466,1.00,1.25
2018.05.03 20:04:07.884,1.74432,1.74466,1.00,2.44
2018.05.03 20:04:08.443,1.74431,1.74467,1.00,1.31
2018.05.03 20:04:09.051,1.74432,1.74466,1.00,1.69
2018.05.03 20:04:09.624,1.74431,1.74467,1.00,1.69
2018.05.03 20:04:10.318,1.7443,1.74463,1.00,1.56
2018.05.03 20:04:10.995,1.74431,1.74464,1.00,1.56
2018.05.03 20:04:11.049,1.7443,1.74467,1.00,1.56
2018.05.03 20:04:11.674,1.7443,1.74467,1.00,1.31
2018.05.03 20:04:13.197,1.74432,1.74461,1.00,1.00
2018.05.03 20:04:14.785,1.74431,1.74465,1.50,1.00
2018.05.03 20:04:17.128,1.74433,1.74468,1.00,2.06
2018.05.03 20:04:17.535,1.74431,1.74468,1.00,1.00
2018.05.03 20:04:19.467,1.74432,1.74468,1.00,1.25
2018.05.03 20:04:20.879,1.74431,1.74468,1.00,1.00
2018.05.03 20:04:21.539,1.74432,1.74468,1.00,1.25
2018.05.03 20:04:22.258,1.74431,1.74468,1.00,1.00
2018.05.03 20:04:23.204,1.74434,1.74468,1.00,1.50
2018.05.03 20:04:23.907,1.74434,1.74467,1.00,1.00
2018.05.03 20:04:25.048,1.74434,1.74468,1.00,1.50
2018.05.03 20:04:25.507,1.74431,1.74468,1.00,1.00
2018.05.03 20:04:25.604,1.74435,1.74465,1.00,1.00
2018.05.03 20:04:27.324,1.74431,1.74467,1.50,1.00
2018.05.03 20:04:27.999,1.74432,1.74467,1.00,1.00
2018.05.03 20:04:28.504,1.74435,1.74468,1.00,1.00
2018.05.03 20:04:28.809,1.74437,1.74474,1.50,1.56
2018.05.03 20:04:28.861,1.7444,1.74472,1.00,1.56
2018.05.03 20:04:29.396,1.7444,1.74472,1.00,1.56
2018.05.03 20:04:29.902,1.7444,1.74473,1.00,1.56
2018.05.03 20:04:30.652,1.7444,1.74473,1.00,1.31
2018.05.03 20:04:31.299,1.7444,1.74473,1.00,1.25
2018.05.03 20:04:31.656,1.7444,1.74471,1.00,1.00
2018.05.03 20:04:31.980,1.74438,1.74469,1.00,1.00
2018.05.03 20:04:32.030,1.74439,1.74472,1.00,1.31
2018.05.03 20:04:32.418,1.74439,1.74469,1.00,1.00
2018.05.03 20:04:32.587,1.7444,1.74472,1.00,2.06
2018.05.03 20:04:32.638,1.74437,1.74473,1.00,1.56
2018.05.03 20:04:32.790,1.74439,1.74472,1.00,1.31
2018.05.03 20:04:33.312,1.74438,1.74473,1.00,1.81
2018.05.03 20:04:33.675,1.74438,1.74469,1.00,1.00
2018.05.03 20:04:35.244,1.74438,1.74468,1.00,1.00
2018.05.03 20:04:35.295,1.74437,1.74472,1.00,1.25
2018.05.03 20:04:35.451,1.74435,1.74473,1.50,1.00
2018.05.03 20:04:35.754,1.74439,1.74471,1.00,1.00
2018.05.03 20:04:35.956,1.74437,1.74472,1.00,1.00
2018.05.03 20:04:36.581,1.74437,1.74473,1.00,1.00
2018.05.03 20:04:37.268,1.74436,1.74473,1.00,1.31
2018.05.03 20:04:37.746,1.74439,1.74476,1.00,1.56
2018.05.03 20:04:38.093,1.74443,1.74474,1.00,1.00
2018.05.03 20:04:38.454,1.74445,1.74477,1.00,1.00
2018.05.03 20:04:38.557,1.74445,1.74482,1.00,2.06
2018.05.03 20:04:38.659,1.74445,1.74482,1.00,1.00
2018.05.03 20:04:38.711,1.74452,1.74486,1.00,1.56
2018.05.03 20:04:39.113,1.74452,1.74489,1.00,1.50
2018.05.03 20:04:39.532,1.74453,1.74484,1.50,1.00
2018.05.03 20:04:40.791,1.74451,1.74486,1.00,2.62
2018.05.03 20:04:40.843,1.74448,1.74484,1.00,1.00
2018.05.03 20:04:41.497,1.74448,1.74483,1.50,1.00
2018.05.03 20:04:43.792,1.74448,1.74483,1.50,1.31
2018.05.03 20:04:44.393,1.74448,1.74482,1.00,1.56
2018.05.03 20:04:46.605,1.74448,1.74481,1.00,1.56
2018.05.03 20:04:47.144,1.74449,1.7448,1.00,1.25
2018.05.03 20:04:47.555,1.74444,1.7448,1.00,1.25
2018.05.03 20:04:48.747,1.74444,1.7448,1.50,1.19
2018.05.03 20:04:48.800,1.74444,1.74482,1.00,2.44
2018.05.03 20:04:49.522,1.74444,1.7448,1.50,1.25
2018.05.03 20:04:50.144,1.74444,1.74481,1.00,1.56
2018.05.03 20:04:50.565,1.74444,1.74482,1.00,1.69
2018.05.03 20:04:50.616,1.74444,1.74479,1.50,1.19
2018.05.03 20:04:51.145,1.74445,1.74479,1.00,1.25
2018.05.03 20:04:52.702,1.74445,1.74478,1.00,1.00
2018.05.03 20:04:52.754,1.74441,1.74477,1.00,1.56
2018.05.03 20:04:52.920,1.74445,1.74477,1.00,1.69
2018.05.03 20:04:56.027,1.74446,1.74479,1.00,1.00
2018.05.03 20:04:57.994,1.74445,1.74482,1.69,1.00
2018.05.03 20:04:58.097,1.74448,1.74483,1.31,1.00
2018.05.03 20:04:58.148,1.74448,1.74486,2.06,1.00
2018.05.03 20:04:58.199,1.74451,1.74486,1.00,2.06
2018.05.03 20:04:58.466,1.74448,1.74486,2.44,1.31
2018.05.03 20:04:59.078,1.74449,1.74485,1.00,1.00
2018.05.03 20:05:01.191,1.74448,1.74486,1.50,1.31
2018.05.03 20:05:01.242,1.74455,1.74486,1.00,1.00
2018.05.03 20:05:01.344,1.74466,1.74502,1.50,1.25
2018.05.03 20:05:01.395,1.74472,1.74506,1.00,1.25
2018.05.03 20:05:01.699,1.74477,1.74509,1.00,1.00
2018.05.03 20:05:02.498,1.74476,1.7451,1.00,1.69
2018.05.03 20:05:03.044,1.74475,1.7451,1.00,1.69
2018.05.03 20:05:03.670,1.74474,1.74504,1.00,1.00
2018.05.03 20:05:04.729,1.74471,1.74508,1.00,2.44
2018.05.03 20:05:05.815,1.74471,1.74508,1.00,1.69
2018.05.03 20:05:06.705,1.74471,1.74506,1.00,1.00
2018.05.03 20:05:07.842,1.74471,1.74506,1.00,1.63
2018.05.03 20:05:08.402,1.74471,1.74506,1.00,1.00
2018.05.03 20:05:58.128,1.74469,1.74507,1.00,1.00
2018.05.03 20:05:59.870,1.74469,1.74504,1.50,1.00
2018.05.03 20:06:01.348,1.7447,1.74504,1.00,1.00
2018.05.03 20:06:01.860,1.74474,1.74503,1.00,1.00
2018.05.03 20:06:01.911,1.74474,1.74507,1.00,1.00
2018.05.03 20:06:02.436,1.7447,1.74507,1.50,1.00
2018.05.03 20:06:04.742,1.74471,1.74505,1.00,1.00
2018.05.03 20:06:13.559,1.74469,1.74507,1.25,1.25
2018.05.03 20:06:13.610,1.7447,1.74504,1.00,1.00
2018.05.03 20:06:28.503,1.74471,1.74504,1.00,1.00
2018.05.03 20:06:29.458,1.7447,1.74504,1.50,1.00
2018.05.03 20:06:29.789,1.74474,1.74506,1.50,1.00
2018.05.03 20:06:33.566,1.74475,1.74508,1.00,1.25
2018.05.03 20:06:35.937,1.74475,1.74508,1.00,1.19
2018.05.03 20:06:38.185,1.74475,1.74512,1.00,2.06
2018.05.03 20:06:41.399,1.74475,1.74511,1.00,1.31
2018.05.03 20:06:41.914,1.74475,1.74511,1.00,1.19
2018.05.03 20:06:45.445,1.74474,1.74512,1.00,2.06
2018.05.03 20:06:47.744,1.74475,1.74511,1.00,1.19
2018.05.03 20:06:49.913,1.74475,1.74511,1.00,2.06
2018.05.03 20:06:51.253,1.74474,1.74511,1.00,1.19
2018.05.03 20:06:51.881,1.74474,1.74508,1.00,1.19
2018.05.03 20:06:53.145,1.74475,1.74506,1.00,1.00
2018.05.03 20:06:54.053,1.74475,1.74506,1.00,1.69
2018.05.03 20:06:54.660,1.74475,1.74506,1.00,1.00
2018.05.03 20:06:56.811,1.74475,1.74506,1.00,1.69
2018.05.03 20:06:57.371,1.74475,1.74506,1.00,1.25
2018.05.03 20:07:00.138,1.74472,1.74507,1.00,1.63
2018.05.03 20:07:00.189,1.74471,1.74503,1.00,1.37
2018.05.03 20:07:00.718,1.74471,1.74504,1.00,2.81
2018.05.03 20:07:01.066,1.74471,1.74504,1.00,2.06
2018.05.03 20:07:01.117,1.74467,1.74501,1.00,1.00
2018.05.03 20:07:08.991,1.74467,1.74501,1.50,1.31
2018.05.03 20:07:09.640,1.74467,1.74501,1.00,1.25
2018.05.03 20:07:10.843,1.74467,1.74501,1.50,1.56
2018.05.03 20:07:10.945,1.74466,1.74503,1.00,1.31
2018.05.03 20:07:11.449,1.74467,1.74502,1.00,1.00
2018.05.03 20:07:11.987,1.74466,1.74503,1.00,1.31
2018.05.03 20:07:12.218,1.74466,1.74501,1.00,1.00
2018.05.03 20:07:14.231,1.74467,1.74501,1.00,1.00
2018.05.03 20:07:14.767,1.74471,1.74506,1.63,1.00
2018.05.03 20:07:15.027,1.74478,1.74512,1.00,1.00
2018.05.03 20:07:15.130,1.74472,1.74509,1.12,1.00
2018.05.03 20:07:15.181,1.74472,1.74507,1.12,1.00
2018.05.03 20:07:15.689,1.74472,1.74508,1.00,1.00
2018.05.03 20:07:16.045,1.74476,1.74511,1.00,1.50
2018.05.03 20:07:16.389,1.74476,1.74509,1.50,1.00
2018.05.03 20:07:17.190,1.74476,1.74512,1.00,2.06
2018.05.03 20:07:17.512,1.74473,1.74507,1.00,1.00
2018.05.03 20:07:25.725,1.74473,1.74506,1.00,1.25
2018.05.03 20:07:27.065,1.74473,1.74507,1.00,2.06
2018.05.03 20:07:27.789,1.74473,1.74506,1.00,1.31
2018.05.03 20:07:28.664,1.74473,1.74507,1.00,2.06
2018.05.03 20:07:29.148,1.74473,1.74507,1.00,2.81
2018.05.03 20:07:29.836,1.74473,1.74507,1.00,3.56
2018.05.03 20:07:30.939,1.7447,1.74508,1.37,1.31
2018.05.03 20:07:31.145,1.7447,1.74508,1.00,1.00
2018.05.03 20:07:31.197,1.74471,1.74506,1.00,1.00
2018.05.03 20:07:31.520,1.74475,1.74506,1.00,1.00
2018.05.03 20:07:32.197,1.74474,1.74506,1.00,1.00
2018.05.03 20:07:32.249,1.74471,1.74506,1.00,1.56
2018.05.03 20:07:32.300,1.7447,1.74502,1.00,1.00
2018.05.03 20:07:32.452,1.74466,1.74502,1.87,1.00
2018.05.03 20:07:32.554,1.74466,1.74499,1.50,1.00
2018.05.03 20:07:33.620,1.74467,1.74499,1.00,1.00
2018.05.03 20:07:34.085,1.74467,1.74502,1.87,1.00
2018.05.03 20:07:34.617,1.74467,1.74502,1.87,1.00
2018.05.03 20:07:36.819,1.74467,1.74502,1.87,1.00
2018.05.03 20:07:40.917,1.74467,1.74502,1.50,1.00
2018.05.03 20:07:41.527,1.74468,1.74502,1.00,1.00
2018.05.03 20:07:42.317,1.74469,1.74501,1.00,1.00
2018.05.03 20:07:42.520,1.74467,1.74502,1.50,1.00
2018.05.03 20:07:43.090,1.74467,1.745,1.00,1.69
2018.05.03 20:07:47.259,1.74467,1.74501,1.00,1.25
2018.05.03 20:07:48.503,1.74464,1.74501,1.37,1.69
2018.05.03 20:07:49.457,1.74464,1.745,1.87,1.00
2018.05.03 20:07:49.986,1.74464,1.745,1.87,1.00
2018.05.03 20:07:50.510,1.74464,1.745,1.87,1.00
2018.05.03 20:07:52.967,1.74464,1.74501,1.00,1.50
2018.05.03 20:07:55.558,1.74464,1.74501,2.06,1.50
2018.05.03 20:07:56.089,1.74464,1.745,2.81,1.00
2018.05.03 20:07:58.108,1.74464,1.745,1.87,1.00
2018.05.03 20:08:00.598,1.74464,1.745,2.06,1.00
2018.05.03 20:08:04.956,1.74465,1.745,1.19,1.00
2018.05.03 20:08:05.488,1.74464,1.745,2.44,1.00
2018.05.03 20:08:05.996,1.74464,1.74501,1.69,1.50
2018.05.03 20:08:06.443,1.74463,1.74499,1.12,1.00
2018.05.03 20:08:06.820,1.74464,1.74497,1.00,1.00
2018.05.03 20:08:21.151,1.74462,1.74497,1.00,1.00
2018.05.03 20:08:26.582,1.74462,1.74496,1.69,1.00
2018.05.03 20:08:28.503,1.74461,1.74494,1.19,1.00
2018.05.03 20:08:34.115,1.74461,1.74494,1.25,1.00
2018.05.03 20:08:35.232,1.7446,1.7449,1.00,1.00
2018.05.03 20:08:35.538,1.74456,1.74486,1.00,1.00
2018.05.03 20:08:35.836,1.74453,1.74486,1.00,1.50
2018.05.03 20:08:35.938,1.74451,1.74483,1.00,1.00
2018.05.03 20:08:42.419,1.74451,1.74481,1.00,1.00
2018.05.03 20:08:43.252,1.74451,1.74482,1.00,1.00
2018.05.03 20:08:43.799,1.74451,1.74481,1.00,1.00
2018.05.03 20:08:47.820,1.74451,1.74482,1.00,1.00
2018.05.03 20:08:53.178,1.74451,1.74481,1.00,1.00
2018.05.03 20:08:54.129,1.74451,1.74482,1.00,1.00
2018.05.03 20:08:55.508,1.74451,1.74481,1.00,1.00
2018.05.03 20:08:56.039,1.74451,1.74482,1.00,1.00
2018.05.03 20:08:58.857,1.74451,1.74481,1.00,1.00
2018.05.03 20:09:04.999,1.74446,1.74482,1.94,1.00
2018.05.03 20:09:05.710,1.74451,1.74482,1.00,1.50
2018.05.03 20:09:08.348,1.74448,1.74482,1.12,1.00
2018.05.03 20:09:09.010,1.74448,1.74483,1.63,1.00
2018.05.03 20:09:09.646,1.74448,1.74483,1.63,1.00
2018.05.03 20:09:10.711,1.74448,1.74483,1.37,1.00
2018.05.03 20:09:12.294,1.74449,1.74483,1.12,1.00
2018.05.03 20:09:13.177,1.7445,1.74483,1.00,1.00
2018.05.03 20:09:13.733,1.74449,1.74483,1.37,1.00
2018.05.03 20:09:13.868,1.74449,1.74483,1.12,1.00
2018.05.03 20:09:14.393,1.74446,1.74483,1.31,1.00
2018.05.03 20:09:15.067,1.74447,1.74483,1.56,1.00
2018.05.03 20:09:15.602,1.74446,1.74483,1.31,1.00
2018.05.03 20:09:16.158,1.74447,1.74483,2.00,1.00
2018.05.03 20:09:16.581,1.74447,1.74482,1.31,1.00
2018.05.03 20:09:16.632,1.7445,1.74482,1.00,1.00
2018.05.03 20:09:20.195,1.7445,1.74483,1.00,1.50
2018.05.03 20:09:21.210,1.74447,1.74483,2.06,1.00
2018.05.03 20:09:25.506,1.74446,1.74482,1.69,1.00
2018.05.03 20:09:25.736,1.74453,1.74482,1.00,1.00
2018.05.03 20:09:25.838,1.74459,1.7449,1.00,1.50
2018.05.03 20:09:25.939,1.7446,1.74494,1.00,1.00
2018.05.03 20:09:26.118,1.74458,1.74494,1.00,1.00
2018.05.03 20:09:26.367,1.7446,1.74493,1.00,1.50
2018.05.03 20:09:48.978,1.7446,1.74492,1.00,1.00
2018.05.03 20:09:49.509,1.7446,1.74493,1.00,1.50
2018.05.03 20:09:53.898,1.7446,1.74492,1.00,1.00
2018.05.03 20:09:56.495,1.7446,1.74491,1.00,1.00
2018.05.03 20:09:57.357,1.7446,1.74492,1.00,1.00
2018.05.03 20:09:58.285,1.7446,1.74491,1.00,1.00
2018.05.03 20:09:58.957,1.7446,1.74492,1.00,1.00
2018.05.03 20:09:59.280,1.74457,1.74491,1.00,1.00
2018.05.03 20:10:01.097,1.74455,1.74492,1.19,1.00
2018.05.03 20:10:01.729,1.74457,1.74491,1.25,1.00
2018.05.03 20:10:02.515,1.74457,1.74492,1.00,1.50
2018.05.03 20:10:11.059,1.74455,1.74493,1.19,1.12
2018.05.03 20:10:11.631,1.74457,1.74492,1.25,2.06
2018.05.03 20:10:18.638,1.74457,1.74492,1.00,2.81
2018.05.03 20:10:19.543,1.74456,1.74489,1.00,1.00
2018.05.03 20:10:19.921,1.74453,1.74488,1.00,1.00
2018.05.03 20:10:20.023,1.74451,1.74489,1.00,1.69
2018.05.03 20:10:20.161,1.74453,1.74486,1.00,1.00
2018.05.03 20:10:20.263,1.74451,1.74489,1.00,2.06
2018.05.03 20:10:20.586,1.74452,1.74487,1.00,1.19
2018.05.03 20:10:20.890,1.7445,1.74482,1.00,1.00
2018.05.03 20:10:22.129,1.74447,1.74482,1.00,1.00
2018.05.03 20:10:23.442,1.74451,1.74482,1.00,1.50
2018.05.03 20:10:26.974,1.74455,1.74484,1.00,1.00
2018.05.03 20:10:27.126,1.74456,1.74489,1.50,1.00
2018.05.03 20:10:28.245,1.74457,1.74489,1.00,1.00
2018.05.03 20:10:28.425,1.7446,1.74494,1.00,1.00
2018.05.03 20:10:28.476,1.7446,1.74497,1.00,1.25
2018.05.03 20:10:32.001,1.74467,1.74503,1.00,1.00
2018.05.03 20:10:32.306,1.74472,1.74507,1.69,1.00
2018.05.03 20:10:32.464,1.74481,1.74514,1.00,1.25
2018.05.03 20:10:32.667,1.74479,1.74515,1.00,1.25
2018.05.03 20:10:33.523,1.74479,1.74515,1.00,1.75
2018.05.03 20:10:33.574,1.74479,1.74515,1.00,1.31
2018.05.03 20:10:34.106,1.74478,1.74509,1.00,1.00
2018.05.03 20:10:37.824,1.74474,1.74509,1.50,1.00
2018.05.03 20:10:38.600,1.74475,1.74509,1.00,1.00
2018.05.03 20:10:43.087,1.74475,1.74509,1.00,1.31
2018.05.03 20:10:43.282,1.74473,1.74505,1.00,1.00
2018.05.03 20:10:44.010,1.74472,1.74504,1.00,1.00
2018.05.03 20:10:53.301,1.74472,1.74504,1.00,1.31
2018.05.03 20:10:54.486,1.74469,1.74502,1.50,1.75
2018.05.03 20:10:54.689,1.74465,1.745,1.00,1.50
2018.05.03 20:11:01.745,1.74463,1.74494,1.00,1.56
2018.05.03 20:11:01.848,1.74458,1.74492,1.50,1.25
2018.05.03 20:11:02.512,1.74459,1.74492,1.00,1.25
2018.05.03 20:11:03.035,1.74458,1.74492,1.50,1.00
2018.05.03 20:11:05.508,1.74458,1.74492,1.87,1.00
2018.05.03 20:11:06.688,1.74461,1.74493,1.00,1.00
2018.05.03 20:11:06.917,1.74461,1.74496,1.00,1.50
2018.05.03 20:11:07.628,1.74461,1.74495,1.00,1.00
2018.05.03 20:11:08.141,1.74461,1.74496,1.00,1.50
2018.05.03 20:11:08.469,1.74459,1.74496,1.87,1.00
2018.05.03 20:11:09.063,1.74463,1.74492,1.00,1.00
2018.05.03 20:11:09.115,1.74459,1.74496,1.00,1.31
2018.05.03 20:11:09.217,1.74459,1.74496,1.00,1.75
2018.05.03 20:11:10.129,1.74459,1.74495,1.00,1.56
2018.05.03 20:11:12.971,1.74459,1.74496,1.00,1.88
2018.05.03 20:11:13.684,1.7446,1.74491,1.00,1.00
2018.05.03 20:11:15.013,1.74459,1.74489,1.00,1.00
2018.05.03 20:11:18.154,1.74455,1.7449,1.00,1.00
2018.05.03 20:11:18.898,1.74454,1.74491,1.00,1.00
2018.05.03 20:11:19.726,1.74458,1.74488,1.00,1.00
2018.05.03 20:11:20.491,1.74458,1.74486,1.00,1.00
2018.05.03 20:11:20.643,1.74452,1.74486,1.00,1.00
2018.05.03 20:11:20.694,1.74454,1.74483,1.00,1.00
2018.05.03 20:11:21.614,1.74454,1.74482,1.00,1.25
2018.05.03 20:11:21.665,1.74451,1.74481,1.00,1.00
2018.05.03 20:11:21.717,1.74447,1.74483,1.00,3.75
2018.05.03 20:11:21.767,1.74446,1.74478,1.50,1.00
2018.05.03 20:11:22.801,1.74447,1.74478,1.00,1.00
2018.05.03 20:11:24.349,1.74446,1.74478,1.50,1.25
2018.05.03 20:11:24.783,1.74446,1.7448,1.00,1.31
2018.05.03 20:11:25.036,1.74447,1.74477,1.00,1.00
2018.05.03 20:11:25.565,1.74446,1.74477,1.00,1.00
2018.05.03 20:11:26.463,1.74445,1.74477,1.00,1.00
2018.05.03 20:11:26.514,1.74441,1.74477,1.50,1.00
2018.05.03 20:11:26.669,1.74441,1.74477,1.12,2.06
2018.05.03 20:11:27.130,1.74441,1.74477,1.00,1.25
2018.05.03 20:11:27.695,1.7444,1.74478,1.50,1.31
2018.05.03 20:11:28.343,1.7444,1.74478,1.00,1.25
2018.05.03 20:11:28.921,1.7444,1.74478,1.00,1.31
2018.05.03 20:11:29.910,1.7444,1.74478,1.00,1.25
2018.05.03 20:11:30.011,1.74444,1.74476,1.00,1.00
2018.05.03 20:11:30.532,1.74442,1.74477,1.00,1.00
2018.05.03 20:11:31.070,1.74444,1.74476,1.00,1.00
2018.05.03 20:11:31.121,1.74441,1.74478,1.00,1.00
2018.05.03 20:11:31.172,1.74443,1.74477,1.00,1.00
2018.05.03 20:11:31.273,1.74441,1.74478,1.00,1.00
2018.05.03 20:11:31.324,1.74443,1.74477,1.00,1.50
2018.05.03 20:11:31.375,1.74441,1.74478,1.00,1.00
2018.05.03 20:11:31.476,1.74443,1.74477,1.00,1.00
2018.05.03 20:11:31.526,1.74441,1.74478,1.00,1.00
2018.05.03 20:11:31.577,1.74443,1.74477,1.00,1.00
2018.05.03 20:11:32.222,1.74442,1.74477,1.00,1.00
2018.05.03 20:11:33.022,1.74441,1.74477,1.50,1.00
2018.05.03 20:11:33.542,1.74442,1.74478,1.00,1.00
2018.05.03 20:11:35.145,1.74441,1.74478,1.00,1.00
2018.05.03 20:11:35.917,1.74442,1.74478,1.00,1.00
2018.05.03 20:11:36.421,1.74441,1.74478,1.00,1.00
2018.05.03 20:11:37.043,1.74442,1.74478,1.00,1.00
2018.05.03 20:11:37.551,1.74441,1.74478,1.00,1.25
2018.05.03 20:11:40.789,1.74442,1.74478,1.00,1.31
2018.05.03 20:11:41.465,1.74441,1.74478,1.00,1.25
2018.05.03 20:11:42.010,1.74442,1.74474,1.00,1.00
2018.05.03 20:11:48.689,1.74441,1.74471,1.50,1.00
2018.05.03 20:12:02.377,1.74439,1.74471,1.87,1.00
2018.05.03 20:12:03.684,1.7444,1.74471,1.00,1.00
2018.05.03 20:12:08.363,1.74439,1.74471,1.50,1.00
2018.05.03 20:12:08.424,1.74439,1.74476,1.00,1.25
2018.05.03 20:12:08.526,1.74439,1.74472,1.00,1.00
2018.05.03 20:12:08.830,1.74448,1.74472,1.56,1.00
2018.05.03 20:12:08.881,1.74452,1.74477,1.00,1.00
2018.05.03 20:12:08.932,1.74452,1.74489,1.00,1.25
2018.05.03 20:12:09.034,1.74452,1.74486,1.50,1.00
2018.05.03 20:12:09.733,1.74451,1.74487,1.50,1.56
2018.05.03 20:12:09.784,1.74451,1.74488,1.50,1.69
2018.05.03 20:12:10.521,1.74452,1.74488,1.00,2.44
2018.05.03 20:12:11.068,1.74451,1.74488,1.50,1.69
2018.05.03 20:12:12.490,1.74451,1.74487,1.50,2.81
2018.05.03 20:12:13.013,1.74451,1.74488,1.50,1.56
2018.05.03 20:12:13.115,1.74451,1.74489,1.50,1.69
2018.05.03 20:12:13.250,1.74452,1.74484,1.00,1.00
2018.05.03 20:12:13.765,1.74451,1.74487,1.50,1.00
2018.05.03 20:12:14.051,1.74452,1.74483,1.00,1.00
2018.05.03 20:12:14.102,1.74451,1.74487,1.50,1.25
2018.05.03 20:12:14.683,1.74452,1.74487,1.00,1.31
2018.05.03 20:12:14.734,1.74453,1.74482,1.00,1.00
2018.05.03 20:12:20.559,1.74452,1.74488,1.00,1.69
2018.05.03 20:12:20.992,1.74452,1.74487,1.00,1.31
2018.05.03 20:12:21.094,1.74448,1.74484,2.25,1.00
2018.05.03 20:12:21.624,1.74448,1.74483,1.00,1.00
2018.05.03 20:12:22.203,1.74447,1.74483,2.25,1.00
2018.05.03 20:12:22.991,1.74448,1.74483,1.00,1.00
2018.05.03 20:12:23.729,1.74448,1.74484,1.00,1.00
2018.05.03 20:12:24.604,1.74447,1.74481,1.00,1.56
2018.05.03 20:12:24.935,1.74444,1.74475,1.00,1.00
2018.05.03 20:12:29.064,1.74448,1.74475,1.00,1.00
2018.05.03 20:12:32.623,1.74449,1.74475,1.00,1.00
2018.05.03 20:12:33.181,1.74448,1.74475,1.00,1.00
2018.05.03 20:12:33.568,1.74448,1.74479,1.50,1.00
2018.05.03 20:12:37.921,1.74449,1.74479,1.00,1.00
2018.05.03 20:12:38.226,1.74448,1.74484,1.00,1.31
2018.05.03 20:12:38.920,1.74448,1.74483,1.00,1.69
2018.05.03 20:12:39.958,1.74449,1.74483,1.00,1.69
2018.05.03 20:12:40.490,1.74449,1.74484,1.00,1.69
2018.05.03 20:12:42.428,1.74449,1.74485,1.00,1.69
2018.05.03 20:12:42.479,1.74448,1.74478,1.50,1.00
2018.05.03 20:12:44.235,1.74447,1.74483,1.00,1.12
2018.05.03 20:12:44.287,1.74448,1.74478,1.00,1.00
2018.05.03 20:12:44.678,1.74444,1.74479,1.00,1.00
2018.05.03 20:12:45.331,1.74443,1.74475,1.50,1.00
2018.05.03 20:12:49.894,1.74448,1.74475,1.00,1.00
2018.05.03 20:12:50.554,1.74447,1.74475,1.00,1.00
2018.05.03 20:12:51.216,1.74447,1.74484,1.00,1.56
2018.05.03 20:12:51.267,1.74446,1.74477,1.00,1.00
2018.05.03 20:12:51.318,1.74444,1.74477,1.00,1.00
2018.05.03 20:12:51.420,1.74443,1.74473,1.00,1.00
2018.05.03 20:12:51.471,1.74443,1.74476,1.12,1.00
2018.05.03 20:12:52.012,1.74444,1.74476,1.25,1.00
2018.05.03 20:12:52.521,1.74443,1.74476,1.25,1.00
2018.05.03 20:12:53.128,1.74444,1.74476,1.31,1.00
2018.05.03 20:12:53.179,1.74447,1.74476,1.00,1.00
2018.05.03 20:12:54.757,1.74446,1.74476,1.00,1.00
2018.05.03 20:13:00.296,1.74448,1.74476,1.00,1.00
2018.05.03 20:13:00.777,1.74447,1.74483,1.50,1.00
2018.05.03 20:13:01.318,1.74449,1.74483,1.00,1.00
2018.05.03 20:13:01.826,1.74448,1.74483,1.00,1.50
2018.05.03 20:13:02.641,1.74448,1.74482,1.00,1.00
2018.05.03 20:13:03.176,1.74448,1.74483,1.00,1.50
2018.05.03 20:13:09.599,1.74452,1.74488,1.00,1.50
2018.05.03 20:13:09.831,1.74456,1.74491,1.00,1.31
2018.05.03 20:13:10.393,1.74457,1.74488,1.00,1.00
2018.05.03 20:13:11.982,1.74457,1.74492,1.00,1.00
2018.05.03 20:13:12.033,1.7446,1.74491,1.00,1.00
2018.05.03 20:13:12.582,1.74461,1.74491,1.00,1.00
2018.05.03 20:13:13.652,1.7446,1.74491,1.00,1.00
2018.05.03 20:13:15.767,1.7446,1.74491,1.00,1.31
2018.05.03 20:13:15.819,1.74458,1.74491,1.50,1.31
2018.05.03 20:13:15.870,1.74457,1.74488,1.00,1.00
2018.05.03 20:13:18.779,1.74455,1.74491,1.00,1.25
2018.05.03 20:13:19.389,1.74455,1.74492,1.00,1.56
2018.05.03 20:13:20.049,1.74455,1.74491,1.00,1.56
2018.05.03 20:13:20.144,1.74455,1.74492,1.00,1.31
2018.05.03 20:13:22.149,1.74456,1.74485,1.00,1.00
2018.05.03 20:13:22.251,1.74449,1.74485,3.56,1.00
2018.05.03 20:13:22.611,1.74451,1.74481,1.00,1.00
2018.05.03 20:13:22.663,1.74448,1.7448,1.00,1.00
2018.05.03 20:13:22.714,1.74446,1.7448,1.00,1.00
2018.05.03 20:13:23.385,1.74446,1.74481,1.25,1.00
2018.05.03 20:13:23.679,1.74448,1.74484,1.00,1.00
2018.05.03 20:13:24.374,1.74448,1.74485,1.00,1.00
2018.05.03 20:13:24.887,1.74449,1.74484,1.00,1.00
2018.05.03 20:13:25.978,1.74447,1.74485,2.06,1.00
2018.05.03 20:13:26.029,1.74452,1.74487,1.00,1.00
2018.05.03 20:13:26.080,1.74452,1.7449,1.00,2.25
2018.05.03 20:13:26.205,1.74452,1.74485,1.00,1.00
2018.05.03 20:13:26.359,1.74448,1.74486,1.50,2.06
2018.05.03 20:13:26.512,1.74449,1.74486,1.00,1.00
2018.05.03 20:13:26.664,1.74453,1.74488,1.00,1.00
2018.05.03 20:13:28.740,1.74454,1.74489,1.31,1.00
2018.05.03 20:13:29.045,1.74458,1.74491,1.50,1.00
2018.05.03 20:13:29.833,1.74459,1.74491,1.00,1.00
2018.05.03 20:13:30.389,1.74458,1.74491,1.50,1.00
2018.05.03 20:13:33.741,1.74459,1.74495,1.00,1.25
2018.05.03 20:13:34.353,1.7446,1.74494,1.00,1.00
2018.05.03 20:13:35.169,1.74458,1.74496,1.00,1.69
2018.05.03 20:13:35.296,1.74459,1.74493,1.00,1.00
2018.05.03 20:13:36.135,1.74458,1.74493,1.50,1.25
2018.05.03 20:13:39.882,1.74458,1.74496,1.00,1.31
2018.05.03 20:13:40.405,1.74463,1.74496,1.00,1.50
2018.05.03 20:13:40.553,1.74463,1.745,1.00,1.00
2018.05.03 20:13:40.604,1.74464,1.74497,1.00,1.00
2018.05.03 20:13:41.878,1.74462,1.74499,1.00,1.69
2018.05.03 20:13:42.420,1.74462,1.74498,1.00,1.69
2018.05.03 20:13:42.561,1.74462,1.74495,1.50,1.00
2018.05.03 20:13:45.037,1.74463,1.74495,1.00,1.00
2018.05.03 20:13:45.639,1.74462,1.74495,1.50,1.00
2018.05.03 20:13:46.246,1.74463,1.74495,1.00,1.00
2018.05.03 20:13:46.864,1.74462,1.74495,1.50,1.00
2018.05.03 20:13:51.678,1.74462,1.74497,1.00,1.19
2018.05.03 20:13:52.569,1.74463,1.74496,1.00,1.00
2018.05.03 20:13:52.873,1.74468,1.74497,1.00,1.00
2018.05.03 20:13:53.063,1.74466,1.74503,1.00,1.38
2018.05.03 20:13:53.114,1.74467,1.74499,1.00,1.00
2018.05.03 20:13:53.623,1.74466,1.74498,1.00,1.00
2018.05.03 20:13:54.880,1.74467,1.74498,1.00,1.50
2018.05.03 20:13:55.061,1.74462,1.745,1.00,1.00
2018.05.03 20:13:55.112,1.74464,1.74499,1.00,1.69
2018.05.03 20:13:55.163,1.74462,1.745,1.00,2.44
2018.05.03 20:13:55.292,1.74462,1.74495,1.50,1.00
2018.05.03 20:13:55.794,1.74463,1.74495,1.00,1.00
2018.05.03 20:13:56.449,1.74462,1.74495,1.50,1.00
2018.05.03 20:13:56.984,1.74463,1.74495,1.00,1.00
2018.05.03 20:14:02.851,1.74462,1.74495,1.50,1.00
2018.05.03 20:14:03.378,1.74462,1.74495,1.50,1.31
2018.05.03 20:14:03.959,1.74462,1.74495,1.50,1.25
2018.05.03 20:14:04.760,1.74463,1.74495,1.00,1.25
2018.05.03 20:14:06.277,1.74463,1.74495,1.00,1.31
2018.05.03 20:14:08.605,1.74463,1.74495,1.00,1.25
2018.05.03 20:14:09.138,1.74462,1.74495,1.50,1.25
2018.05.03 20:14:10.943,1.74465,1.74496,1.00,1.00
2018.05.03 20:14:11.000,1.74466,1.74498,1.50,1.00
2018.05.03 20:14:14.714,1.74467,1.74498,1.00,1.56
2018.05.03 20:14:15.228,1.74466,1.74498,1.00,1.56
2018.05.03 20:14:15.744,1.74466,1.74498,1.00,1.31
2018.05.03 20:14:16.361,1.74466,1.74498,1.00,1.56
2018.05.03 20:14:17.210,1.74466,1.74498,1.00,1.31
2018.05.03 20:14:19.347,1.74466,1.74498,1.00,1.69
2018.05.03 20:14:19.881,1.74466,1.74498,1.00,1.69
2018.05.03 20:14:22.851,1.74466,1.74498,1.50,1.00
2018.05.03 20:14:27.697,1.74467,1.74498,1.00,1.00
2018.05.03 20:14:28.210,1.74468,1.74498,1.00,1.00
2018.05.03 20:14:28.464,1.74467,1.74503,1.00,2.06
2018.05.03 20:14:28.874,1.74469,1.74501,1.00,1.00
2018.05.03 20:14:29.181,1.74469,1.74501,1.00,2.06
2018.05.03 20:14:29.671,1.74469,1.74501,1.00,1.25
2018.05.03 20:14:31.045,1.74471,1.74501,1.00,1.00
2018.05.03 20:14:31.760,1.74472,1.74501,1.00,1.00
2018.05.03 20:14:32.368,1.74471,1.74501,1.00,1.00
2018.05.03 20:14:33.079,1.74472,1.74501,1.00,1.00
2018.05.03 20:14:33.648,1.74471,1.74501,1.00,1.25
2018.05.03 20:14:34.254,1.74472,1.74501,1.00,1.00
2018.05.03 20:14:34.809,1.74471,1.74501,1.00,1.00
2018.05.03 20:14:37.015,1.74473,1.74502,1.00,1.00
2018.05.03 20:14:37.400,1.74476,1.74502,1.50,1.00
2018.05.03 20:14:40.214,1.74477,1.74502,1.00,1.25
2018.05.03 20:14:40.835,1.74476,1.74502,1.00,1.25
2018.05.03 20:14:42.115,1.74477,1.74502,1.00,1.25
2018.05.03 20:14:42.669,1.74476,1.74502,1.00,1.25
2018.05.03 20:14:43.242,1.74477,1.74502,1.00,1.25
2018.05.03 20:14:43.344,1.74476,1.74506,1.00,1.56
2018.05.03 20:14:43.395,1.74476,1.74506,1.00,1.25
2018.05.03 20:14:44.038,1.74476,1.74507,1.50,1.25
2018.05.03 20:14:44.193,1.7448,1.74509,1.00,1.25
2018.05.03 20:14:44.992,1.74481,1.74509,1.00,1.00
2018.05.03 20:14:45.093,1.74481,1.74511,1.00,1.25
2018.05.03 20:14:45.701,1.7448,1.74511,1.50,1.25
2018.05.03 20:14:46.312,1.74481,1.74511,1.00,1.00
2018.05.03 20:14:47.277,1.7448,1.74509,1.50,1.00
2018.05.03 20:14:47.590,1.7448,1.74512,1.50,2.06
2018.05.03 20:14:48.151,1.74481,1.74512,1.00,2.06
2018.05.03 20:14:48.670,1.7448,1.74511,2.25,1.00
2018.05.03 20:14:52.684,1.74482,1.74511,1.00,1.00
2018.05.03 20:14:52.988,1.74487,1.74516,1.00,1.00
2018.05.03 20:15:00.144,1.74487,1.74516,1.00,1.56
2018.05.03 20:15:00.513,1.74486,1.74511,1.00,1.00
2018.05.03 20:15:01.272,1.74487,1.74511,1.00,1.00
2018.05.03 20:15:02.228,1.74486,1.74511,1.00,1.00
2018.05.03 20:15:03.229,1.74487,1.74511,1.00,1.00
2018.05.03 20:15:03.869,1.74486,1.74511,1.00,1.00
2018.05.03 20:15:05.878,1.74487,1.74511,1.00,1.00
2018.05.03 20:15:06.388,1.74486,1.74511,1.00,1.00
2018.05.03 20:15:07.549,1.74487,1.74511,1.00,1.00
2018.05.03 20:15:08.505,1.74483,1.74513,1.00,2.06
2018.05.03 20:15:09.737,1.74484,1.74513,1.00,2.06
2018.05.03 20:15:11.255,1.74483,1.74513,1.00,2.06
2018.05.03 20:15:13.181,1.74484,1.74513,1.00,2.06
2018.05.03 20:15:13.845,1.74483,1.74513,1.00,2.06
2018.05.03 20:15:21.160,1.74484,1.74513,1.00,2.06
2018.05.03 20:15:21.768,1.74483,1.74513,1.00,2.06
2018.05.03 20:15:22.483,1.74484,1.74513,1.00,2.06
2018.05.03 20:15:27.720,1.74483,1.74513,1.00,2.06
2018.05.03 20:15:28.489,1.74483,1.74513,1.00,1.31
2018.05.03 20:15:29.102,1.74482,1.74513,1.50,1.31
2018.05.03 20:15:30.059,1.74483,1.74513,1.00,1.31
2018.05.03 20:15:33.316,1.74483,1.74509,1.00,1.00
2018.05.03 20:15:33.519,1.74476,1.74505,1.00,1.69
2018.05.03 20:15:33.675,1.74471,1.74505,1.50,1.56
2018.05.03 20:15:34.327,1.74472,1.74506,1.00,1.75
2018.05.03 20:15:34.853,1.74471,1.74504,1.00,1.00
2018.05.03 20:15:35.191,1.74471,1.74506,1.00,1.25
2018.05.03 20:15:35.769,1.74472,1.74505,1.00,1.00
2018.05.03 20:15:44.460,1.74472,1.74505,2.25,1.31
2018.05.03 20:15:44.975,1.74472,1.74506,1.00,1.31
2018.05.03 20:15:45.512,1.74471,1.74506,1.50,1.31
2018.05.03 20:15:46.049,1.74471,1.74506,1.50,1.00
2018.05.03 20:15:46.903,1.74472,1.74506,1.00,1.25
2018.05.03 20:15:46.955,1.74472,1.74506,1.00,1.56
2018.05.03 20:15:47.163,1.74472,1.74506,1.50,1.25
2018.05.03 20:15:47.248,1.74472,1.74506,1.50,2.06
2018.05.03 20:15:47.552,1.74472,1.74506,1.00,1.25
2018.05.03 20:15:48.072,1.74473,1.74504,1.00,1.00
2018.05.03 20:15:48.456,1.74471,1.74505,1.50,1.00
2018.05.03 20:15:48.507,1.74473,1.74505,1.00,1.00
2018.05.03 20:15:49.145,1.74473,1.74503,1.00,1.00
2018.05.03 20:15:49.738,1.74473,1.74504,1.00,1.00
2018.05.03 20:15:50.617,1.74474,1.74506,1.00,1.75
2018.05.03 20:15:50.971,1.74465,1.74494,1.00,1.44
2018.05.03 20:15:51.362,1.74463,1.74494,1.00,1.44
2018.05.03 20:15:53.238,1.74463,1.74492,1.00,1.00
2018.05.03 20:16:00.669,1.74463,1.74492,1.00,1.31
2018.05.03 20:16:00.727,1.74461,1.74492,1.00,1.88
2018.05.03 20:16:00.779,1.74458,1.74488,1.00,1.00
2018.05.03 20:16:01.199,1.74463,1.74491,1.00,1.25
2018.05.03 20:16:03.291,1.74462,1.74491,1.50,1.00
2018.05.03 20:16:06.100,1.74463,1.74491,1.00,1.00
2018.05.03 20:16:06.814,1.74462,1.74491,1.50,1.00
2018.05.03 20:16:08.938,1.74463,1.74491,1.00,1.00
2018.05.03 20:16:09.451,1.74462,1.74491,1.50,1.00
2018.05.03 20:16:10.112,1.74462,1.74492,1.00,1.25
2018.05.03 20:16:12.143,1.74463,1.74492,1.00,1.00
2018.05.03 20:16:12.875,1.74462,1.74492,1.00,1.31
2018.05.03 20:16:13.384,1.74462,1.74491,1.00,1.00
2018.05.03 20:16:14.071,1.74462,1.74493,1.00,1.50
2018.05.03 20:16:14.708,1.74462,1.74493,1.00,1.25
2018.05.03 20:16:15.457,1.74463,1.74493,1.00,1.69
2018.05.03 20:16:16.123,1.74463,1.74491,1.00,1.00
2018.05.03 20:16:18.485,1.74462,1.74491,1.50,1.00
2018.05.03 20:16:19.031,1.74462,1.74493,1.50,1.25
2018.05.03 20:16:19.082,1.74463,1.74496,1.00,2.06
2018.05.03 20:16:19.133,1.74464,1.74493,1.00,1.00
2018.05.03 20:16:19.715,1.74463,1.74493,1.00,1.00
2018.05.03 20:16:20.465,1.74464,1.74493,1.00,1.00
2018.05.03 20:16:22.882,1.74463,1.74492,1.00,1.25
2018.05.03 20:16:22.933,1.74459,1.74494,1.00,1.31
2018.05.03 20:16:23.435,1.7446,1.74494,1.00,1.25
2018.05.03 20:16:24.047,1.74459,1.74494,1.00,1.25
2018.05.03 20:16:24.704,1.7446,1.74494,1.00,1.25
2018.05.03 20:16:25.507,1.74459,1.74494,1.00,1.25
2018.05.03 20:16:26.024,1.7446,1.74494,1.00,1.25
2018.05.03 20:16:26.597,1.74459,1.74494,1.00,1.25
2018.05.03 20:16:28.779,1.7446,1.74494,1.00,1.25
2018.05.03 20:16:29.313,1.74459,1.74494,1.00,1.31
2018.05.03 20:16:29.719,1.74459,1.74492,1.00,1.69
2018.05.03 20:16:30.025,1.74449,1.74484,2.25,2.06
2018.05.03 20:16:30.646,1.7445,1.74483,1.00,1.56
2018.05.03 20:16:31.686,1.74449,1.74483,1.50,1.25
2018.05.03 20:16:32.308,1.74451,1.74481,1.00,1.00
2018.05.03 20:16:39.608,1.74454,1.74488,1.94,1.00
2018.05.03 20:16:39.936,1.74466,1.74496,1.00,1.00
2018.05.03 20:16:40.487,1.74467,1.74496,1.50,1.00
2018.05.03 20:16:41.240,1.74468,1.74496,1.00,1.00
2018.05.03 20:16:41.341,1.74468,1.74501,1.00,1.69
2018.05.03 20:16:41.632,1.74472,1.74504,1.00,1.00
2018.05.03 20:16:41.683,1.74477,1.74504,1.00,1.00
2018.05.03 20:16:41.734,1.74478,1.74507,1.50,1.00
2018.05.03 20:16:45.561,1.74478,1.74508,1.00,1.00
2018.05.03 20:16:46.251,1.74478,1.74511,1.00,2.06
2018.05.03 20:16:47.538,1.74477,1.74511,1.00,2.06
2018.05.03 20:16:48.163,1.74478,1.74509,1.00,1.31
2018.05.03 20:16:54.993,1.7448,1.74511,1.00,1.00
2018.05.03 20:16:55.297,1.74488,1.74518,1.00,1.00
2018.05.03 20:16:55.815,1.74487,1.74518,1.00,1.00
2018.05.03 20:16:56.290,1.74487,1.74518,1.00,2.06
2018.05.03 20:16:56.455,1.74487,1.74518,1.00,1.25
2018.05.03 20:16:57.258,1.74488,1.74518,1.00,1.25
2018.05.03 20:16:57.936,1.74487,1.74518,1.00,1.25
2018.05.03 20:16:58.050,1.74484,1.74515,1.00,1.00
2018.05.03 20:17:10.915,1.74489,1.74518,1.00,1.00
2018.05.03 20:17:11.017,1.74497,1.74527,1.00,1.00
2018.05.03 20:17:11.120,1.74499,1.74526,1.00,1.00
2018.05.03 20:17:11.171,1.74501,1.74529,1.00,1.00
2018.05.03 20:17:11.323,1.74501,1.74531,1.00,1.12
2018.05.03 20:17:11.933,1.74502,1.74531,1.00,1.00
2018.05.03 20:17:12.612,1.74501,1.74531,1.00,1.00
2018.05.03 20:17:13.855,1.74502,1.74531,1.00,1.00
2018.05.03 20:17:14.483,1.74501,1.7453,1.00,1.00
2018.05.03 20:17:15.043,1.74502,1.7453,1.00,1.00
2018.05.03 20:17:15.144,1.74501,1.74534,1.00,1.31
2018.05.03 20:17:15.246,1.74496,1.74533,1.00,2.25
2018.05.03 20:17:15.297,1.74499,1.7453,1.00,1.00
2018.05.03 20:17:18.672,1.74499,1.74529,1.00,1.00
2018.05.03 20:17:18.978,1.74508,1.74533,1.00,1.12
2018.05.03 20:17:19.131,1.745,1.7453,1.00,1.37
2018.05.03 20:17:19.659,1.74501,1.7453,1.00,2.44
2018.05.03 20:17:20.186,1.74501,1.7453,1.00,1.63
2018.05.03 20:17:20.761,1.745,1.7453,1.00,1.63
2018.05.03 20:17:20.914,1.74501,1.74533,1.00,1.37
2018.05.03 20:17:21.426,1.74502,1.74534,1.00,1.56
2018.05.03 20:17:21.477,1.74498,1.74534,1.50,2.06
2018.05.03 20:17:22.019,1.74497,1.74532,1.00,1.37
2018.05.03 20:17:22.681,1.74498,1.74531,1.00,2.06
2018.05.03 20:17:23.054,1.74494,1.7453,1.00,1.31
2018.05.03 20:17:23.106,1.74496,1.7453,1.00,2.06
2018.05.03 20:17:23.530,1.74493,1.74531,2.25,2.06
2018.05.03 20:17:23.709,1.74497,1.74529,1.00,1.00
2018.05.03 20:17:24.021,1.74494,1.7453,1.00,1.31
2018.05.03 20:17:24.123,1.74496,1.7453,1.00,1.63
2018.05.03 20:17:26.204,1.74496,1.7453,1.00,2.06
2018.05.03 20:17:26.764,1.74496,1.7453,1.00,1.87
2018.05.03 20:17:27.030,1.74494,1.7453,1.50,2.06
2018.05.03 20:17:27.779,1.74494,1.7453,1.50,2.06
2018.05.03 20:17:27.905,1.74494,1.7453,1.00,1.31
2018.05.03 20:17:28.447,1.74493,1.74531,1.50,1.87
2018.05.03 20:17:29.084,1.74493,1.74531,1.00,1.56
2018.05.03 20:17:29.616,1.74493,1.74531,1.50,2.06
2018.05.03 20:17:30.165,1.74494,1.7453,1.00,1.31
2018.05.03 20:17:34.814,1.74494,1.7453,1.00,1.12
2018.05.03 20:17:38.682,1.74493,1.74531,1.00,2.62
2018.05.03 20:17:40.262,1.74493,1.7453,1.00,1.37
2018.05.03 20:17:45.692,1.74493,1.74531,1.00,1.87
2018.05.03 20:17:50.144,1.74493,1.74531,1.00,2.62
2018.05.03 20:17:51.188,1.74493,1.74531,1.00,2.62
2018.05.03 20:17:51.239,1.74493,1.74531,1.00,3.00
2018.05.03 20:17:56.704,1.74493,1.74531,1.00,2.62
2018.05.03 20:18:00.749,1.74493,1.7453,1.00,1.37
2018.05.03 20:18:02.695,1.74493,1.74531,1.00,2.62
2018.05.03 20:18:03.733,1.74493,1.74529,1.00,1.12
2018.05.03 20:18:04.013,1.74494,1.74527,1.00,1.00
2018.05.03 20:18:13.063,1.74495,1.74527,1.00,1.00
2018.05.03 20:18:13.114,1.74497,1.7453,1.50,1.00
2018.05.03 20:18:13.215,1.74497,1.74534,1.50,1.00
2018.05.03 20:18:13.266,1.74503,1.74532,1.00,1.00
2018.05.03 20:18:13.628,1.74509,1.74536,1.00,1.00
2018.05.03 20:18:13.680,1.74511,1.74547,1.00,1.50
2018.05.03 20:18:14.077,1.74512,1.74545,1.00,1.00
2018.05.03 20:18:14.392,1.74499,1.7453,1.00,1.00
2018.05.03 20:18:23.863,1.74499,1.74529,1.00,1.00
2018.05.03 20:18:24.396,1.74498,1.74529,1.00,1.00
2018.05.03 20:18:25.810,1.74495,1.74526,1.00,1.50
2018.05.03 20:18:25.903,1.74492,1.74526,1.50,1.00
2018.05.03 20:18:26.005,1.74494,1.74525,1.00,1.00
2018.05.03 20:18:26.056,1.74492,1.74526,1.00,1.12
2018.05.03 20:18:26.747,1.74493,1.74526,1.00,1.87
2018.05.03 20:18:26.798,1.74493,1.74516,1.00,1.00
2018.05.03 20:18:26.849,1.74491,1.74519,1.00,1.00
2018.05.03 20:18:26.900,1.74486,1.7452,1.50,1.00
2018.05.03 20:18:26.951,1.74488,1.7452,1.00,1.00
2018.05.03 20:18:27.280,1.74485,1.74519,1.00,1.87
2018.05.03 20:18:27.796,1.74486,1.74521,1.00,1.37
2018.05.03 20:18:27.846,1.74486,1.74516,1.00,1.37
2018.05.03 20:18:27.897,1.74478,1.74515,1.00,1.37
2018.05.03 20:18:27.948,1.74479,1.74511,1.00,1.00
2018.05.03 20:18:28.851,1.74477,1.74504,1.00,1.87
2018.05.03 20:18:28.902,1.74475,1.74502,1.00,1.00
2018.05.03 20:18:28.953,1.74469,1.745,1.50,1.00
2018.05.03 20:18:35.628,1.7447,1.745,1.00,1.00
2018.05.03 20:18:36.439,1.74469,1.745,1.50,1.00
2018.05.03 20:18:40.782,1.7447,1.745,1.00,1.00
2018.05.03 20:18:48.507,1.74469,1.745,1.00,1.00
2018.05.03 20:18:58.185,1.74467,1.745,1.00,1.00
2018.05.03 20:18:58.742,1.74466,1.745,1.00,1.00
2018.05.03 20:19:02.131,1.74463,1.74497,1.00,1.00
2018.05.03 20:19:02.747,1.74464,1.74497,1.00,1.00
2018.05.03 20:19:03.279,1.74462,1.74497,1.50,1.00
2018.05.03 20:19:04.147,1.74463,1.74497,1.00,1.00
2018.05.03 20:19:04.727,1.74462,1.74497,1.50,1.37
2018.05.03 20:19:05.200,1.74462,1.74494,1.00,1.00
2018.05.03 20:19:05.339,1.74458,1.74492,1.50,1.00
2018.05.03 20:19:05.442,1.74458,1.74489,1.00,1.12
2018.05.03 20:19:05.594,1.74455,1.74487,1.00,1.00
2018.05.03 20:19:06.473,1.74454,1.74487,1.00,1.00
2018.05.03 20:19:06.525,1.74457,1.7449,1.00,1.00
2018.05.03 20:19:07.037,1.7446,1.74492,1.00,1.00
2018.05.03 20:19:17.284,1.7446,1.7449,1.00,1.12
2018.05.03 20:19:17.335,1.74458,1.7449,1.00,1.87
2018.05.03 20:19:18.003,1.74458,1.7449,1.00,1.00
2018.05.03 20:19:25.140,1.74459,1.74491,1.00,1.00
2018.05.03 20:19:27.350,1.74459,1.74495,1.00,1.00
2018.05.03 20:19:27.950,1.74458,1.74496,1.50,1.00
2018.05.03 20:19:30.089,1.74459,1.74494,1.00,1.00
2018.05.03 20:19:30.414,1.74459,1.74496,1.00,1.00
2018.05.03 20:19:30.820,1.7446,1.74494,1.00,1.00
2018.05.03 20:19:31.576,1.74459,1.74495,1.50,1.00
2018.05.03 20:19:32.948,1.74459,1.74496,1.00,1.00
2018.05.03 20:19:42.115,1.74461,1.74495,1.00,1.00
2018.05.03 20:19:43.180,1.7446,1.74493,1.00,1.00
2018.05.03 20:20:31.360,1.7446,1.74491,1.00,1.12
2018.05.03 20:20:31.411,1.7446,1.74493,1.00,1.50
2018.05.03 20:20:31.462,1.74456,1.74492,1.00,1.00
2018.05.03 20:20:32.173,1.74455,1.74492,1.00,1.87
2018.05.03 20:20:32.785,1.74456,1.74492,1.00,1.00
2018.05.03 20:20:33.445,1.74455,1.74492,1.00,1.00
2018.05.03 20:20:33.703,1.74457,1.74492,1.00,1.50
2018.05.03 20:20:37.991,1.74456,1.74492,1.00,1.00
2018.05.03 20:20:39.992,1.74456,1.74493,1.00,1.50
2018.05.03 20:20:44.453,1.74456,1.74492,1.50,1.00
2018.05.03 20:20:44.981,1.74456,1.7449,1.00,1.00
2018.05.03 20:20:45.380,1.74455,1.74492,1.00,2.25
2018.05.03 20:20:45.890,1.74457,1.7449,1.00,1.00
2018.05.03 20:20:46.405,1.74458,1.7449,1.00,1.00
2018.05.03 20:20:47.343,1.74455,1.74491,1.50,2.25
2018.05.03 20:20:47.394,1.74457,1.74489,1.00,1.00
2018.05.03 20:20:50.650,1.74454,1.7449,1.00,1.37
2018.05.03 20:20:50.751,1.74456,1.74487,1.00,1.00
2018.05.03 20:20:54.231,1.74453,1.74489,1.00,1.12
2018.05.03 20:20:54.283,1.74456,1.74486,1.00,1.00
2018.05.03 20:20:54.646,1.74451,1.74485,1.00,1.00
2018.05.03 20:20:55.736,1.74451,1.74484,1.12,1.00
2018.05.03 20:20:55.787,1.74454,1.74486,1.00,1.00
2018.05.03 20:20:55.939,1.74455,1.7449,1.00,1.50
2018.05.03 20:20:55.990,1.74458,1.74489,1.00,1.00
2018.05.03 20:20:56.041,1.74454,1.74491,1.50,1.00
2018.05.03 20:20:56.676,1.74458,1.7449,1.00,1.00
2018.05.03 20:20:57.288,1.74457,1.7449,1.00,1.00
2018.05.03 20:20:58.200,1.74457,1.74489,1.00,1.00
2018.05.03 20:20:58.748,1.74458,1.7449,1.00,1.00
2018.05.03 20:20:58.971,1.74459,1.74494,1.00,1.50
2018.05.03 20:20:59.022,1.74461,1.7449,1.00,1.00
2018.05.03 20:20:59.073,1.74458,1.74495,1.50,1.00
2018.05.03 20:20:59.124,1.74461,1.74496,1.00,1.00
2018.05.03 20:20:59.556,1.74461,1.74494,1.50,1.00
2018.05.03 20:21:19.958,1.74461,1.74494,1.00,1.37
2018.05.03 20:21:20.231,1.74457,1.74488,1.00,1.00
2018.05.03 20:21:20.333,1.74457,1.74488,1.00,2.62
2018.05.03 20:21:20.384,1.74454,1.74485,1.00,1.00
2018.05.03 20:21:20.435,1.74452,1.74484,1.00,1.00
2018.05.03 20:21:20.486,1.7445,1.74484,1.00,1.00
2018.05.03 20:21:23.040,1.7445,1.74483,1.00,1.00
2018.05.03 20:21:24.976,1.74449,1.74484,1.50,1.00
2018.05.03 20:21:27.489,1.7445,1.74483,1.00,1.00
2018.05.03 20:21:28.206,1.74449,1.74484,1.50,1.00
2018.05.03 20:21:29.121,1.74449,1.74484,1.50,1.87
2018.05.03 20:21:29.658,1.7445,1.74484,1.00,1.87
2018.05.03 20:21:29.986,1.7445,1.74479,1.50,1.00
2018.05.03 20:21:36.012,1.7445,1.74481,1.00,1.00
2018.05.03 20:21:36.114,1.74449,1.74484,1.00,1.00
2018.05.03 20:21:36.809,1.74451,1.74481,1.00,1.00
2018.05.03 20:21:38.173,1.74452,1.74481,1.00,1.00
2018.05.03 20:21:38.957,1.74451,1.74481,1.00,1.00
2018.05.03 20:21:41.623,1.74451,1.74483,1.00,1.00
2018.05.03 20:21:44.512,1.74447,1.74479,1.00,2.25
2018.05.03 20:21:44.563,1.74445,1.74476,2.25,1.00
2018.05.03 20:21:44.715,1.74447,1.74475,1.00,1.00
2018.05.03 20:21:45.648,1.74446,1.74475,1.50,1.00
2018.05.03 20:21:46.155,1.74447,1.74475,1.00,1.00
2018.05.03 20:21:48.260,1.74446,1.74475,1.50,1.00
2018.05.03 20:21:51.038,1.74447,1.74475,1.00,1.00
2018.05.03 20:21:51.546,1.74451,1.74482,1.00,1.00
2018.05.03 20:21:51.934,1.74455,1.74484,1.00,1.00
2018.05.03 20:21:59.151,1.74451,1.7448,1.00,2.25
2018.05.03 20:21:59.202,1.74447,1.74479,1.00,1.12
2018.05.03 20:21:59.253,1.74447,1.74476,1.00,1.00
2018.05.03 20:22:12.463,1.74447,1.74475,1.00,1.50
2018.05.03 20:22:12.514,1.74443,1.74474,1.00,1.00
2018.05.03 20:22:12.566,1.74439,1.74475,1.50,1.00
2018.05.03 20:22:13.295,1.7444,1.74475,1.00,1.12
2018.05.03 20:22:13.460,1.74444,1.74479,1.00,1.37
2018.05.03 20:22:13.953,1.74445,1.74475,1.00,1.00
2018.05.03 20:22:17.750,1.74445,1.7448,1.00,1.12
2018.05.03 20:22:17.801,1.74444,1.74478,1.50,1.00
2018.05.03 20:22:19.864,1.74449,1.74484,1.00,2.62
2018.05.03 20:22:20.067,1.74444,1.74482,1.50,1.12
2018.05.03 20:22:20.119,1.74445,1.74481,1.00,1.87
2018.05.03 20:22:20.806,1.74444,1.7448,1.50,1.12
2018.05.03 20:22:21.575,1.74444,1.74477,1.00,1.37
2018.05.03 20:22:21.626,1.74442,1.74477,1.00,1.87
2018.05.03 20:22:22.194,1.74441,1.74477,1.50,1.87
2018.05.03 20:22:23.055,1.74441,1.74477,1.00,1.37
2018.05.03 20:22:23.855,1.74441,1.74477,1.00,1.00
2018.05.03 20:22:30.636,1.74446,1.74476,1.00,1.00
2018.05.03 20:22:34.261,1.74446,1.7448,1.00,1.00
2018.05.03 20:22:34.312,1.74444,1.74482,2.25,1.00
2018.05.03 20:22:34.363,1.74451,1.74481,1.00,1.00
2018.05.03 20:22:35.309,1.7445,1.74481,1.00,1.00
2018.05.03 20:22:38.382,1.74447,1.74481,1.00,1.00
2018.05.03 20:22:38.681,1.74449,1.74481,1.00,1.00
2018.05.03 20:22:39.226,1.74448,1.74481,1.00,1.00
2018.05.03 20:22:39.685,1.74448,1.74485,1.50,1.50
2018.05.03 20:22:39.736,1.74448,1.74481,2.25,1.00
2018.05.03 20:22:40.500,1.74449,1.74481,1.00,2.25
2018.05.03 20:22:40.602,1.74443,1.7448,1.50,1.12
2018.05.03 20:22:40.789,1.74444,1.74477,1.00,1.00
2018.05.03 20:22:46.312,1.74444,1.74477,1.50,2.25
2018.05.03 20:22:46.617,1.74443,1.74474,1.00,1.00
2018.05.03 20:22:48.171,1.74441,1.74476,1.50,1.00
2018.05.03 20:22:48.273,1.74443,1.7448,1.50,1.50
2018.05.03 20:22:48.324,1.74445,1.74477,1.00,1.00
2018.05.03 20:22:48.375,1.74444,1.74481,1.50,1.00
2018.05.03 20:22:49.072,1.74445,1.74481,1.00,1.00
2018.05.03 20:22:49.511,1.74449,1.74478,1.00,1.00
2018.05.03 20:22:56.299,1.74445,1.74476,1.00,1.00
2018.05.03 20:22:56.916,1.74445,1.74475,1.00,1.50
2018.05.03 20:22:56.968,1.74441,1.74473,1.00,1.00
2018.05.03 20:23:00.291,1.74448,1.74474,1.00,1.00
2018.05.03 20:23:00.342,1.7445,1.74478,1.00,1.00
2018.05.03 20:23:00.394,1.7445,1.74484,1.00,1.00
2018.05.03 20:23:00.445,1.7445,1.74479,1.50,1.00
2018.05.03 20:23:00.988,1.74451,1.74479,1.00,1.00
2018.05.03 20:23:04.411,1.7445,1.74479,1.50,1.00
2018.05.03 20:23:05.443,1.74451,1.74479,1.00,1.00
2018.05.03 20:23:06.243,1.7445,1.74479,1.50,1.00
2018.05.03 20:23:08.248,1.74451,1.74479,1.00,1.00
2018.05.03 20:23:11.947,1.7445,1.74479,1.50,1.00
2018.05.03 20:23:12.495,1.74453,1.74484,1.00,1.00
2018.05.03 20:23:16.008,1.74454,1.74484,1.00,1.00
2018.05.03 20:23:18.168,1.74453,1.74484,1.50,1.00
2018.05.03 20:23:19.130,1.74454,1.74484,1.00,1.00
2018.05.03 20:23:20.028,1.74453,1.74484,1.00,1.00
2018.05.03 20:23:21.354,1.74453,1.74483,1.00,1.00
2018.05.03 20:23:21.406,1.74451,1.7448,1.00,1.00
2018.05.03 20:23:31.798,1.74449,1.74483,1.00,1.00
2018.05.03 20:23:35.427,1.74453,1.74484,1.00,1.00
2018.05.03 20:23:35.478,1.74453,1.74487,1.00,1.00
2018.05.03 20:23:35.970,1.74457,1.74487,1.00,1.00
2018.05.03 20:23:36.708,1.74457,1.74486,1.00,1.00
2018.05.03 20:23:37.364,1.74457,1.74487,1.00,1.00
2018.05.03 20:23:37.636,1.74455,1.74486,1.00,1.50
2018.05.03 20:23:38.451,1.74454,1.74487,1.00,1.00
2018.05.03 20:23:49.873,1.74454,1.74486,1.50,1.00
2018.05.03 20:23:50.379,1.74454,1.74487,1.50,1.50
2018.05.03 20:23:51.046,1.74454,1.74486,1.50,1.00
2018.05.03 20:23:52.750,1.74453,1.74485,1.00,1.00
2018.05.03 20:23:52.901,1.74458,1.74485,1.00,1.00
2018.05.03 20:23:53.444,1.74453,1.74486,1.00,1.00
2018.05.03 20:23:53.787,1.74459,1.74487,1.00,1.50
2018.05.03 20:23:54.053,1.74453,1.74487,1.00,1.50
2018.05.03 20:23:54.675,1.74454,1.74487,1.00,1.50
2018.05.03 20:23:55.183,1.74455,1.74486,1.00,1.00
2018.05.03 20:23:55.286,1.74453,1.74487,1.00,1.50
2018.05.03 20:23:56.255,1.74454,1.74485,1.00,1.00
2018.05.03 20:23:58.754,1.74463,1.74485,1.00,1.00
2018.05.03 20:24:04.478,1.74459,1.74485,1.00,1.00
2018.05.03 20:24:05.724,1.74458,1.74485,1.00,1.00
2018.05.03 20:24:05.978,1.74454,1.74486,1.00,1.00
2018.05.03 20:24:06.181,1.74454,1.74483,1.50,1.00
2018.05.03 20:24:07.109,1.74454,1.74484,1.00,1.00
2018.05.03 20:24:07.212,1.74454,1.74487,1.00,1.00
2018.05.03 20:24:07.263,1.74454,1.74484,1.00,1.00
2018.05.03 20:24:10.757,1.74453,1.74484,1.00,1.00
2018.05.03 20:24:17.795,1.74454,1.74484,1.00,1.00
2018.05.03 20:24:19.492,1.74452,1.74484,1.00,1.00
2018.05.03 20:24:21.546,1.74454,1.74484,1.00,1.00
2018.05.03 20:24:21.817,1.74451,1.74482,1.00,1.00
2018.05.03 20:24:24.748,1.74453,1.74482,1.00,1.00
2018.05.03 20:24:39.714,1.74453,1.74483,1.00,1.00
2018.05.03 20:24:41.263,1.74452,1.74483,1.00,1.00
2018.05.03 20:24:43.182,1.74453,1.74483,1.00,1.00
2018.05.03 20:24:51.177,1.74458,1.74483,1.00,1.00
2018.05.03 20:24:51.511,1.74453,1.74483,1.00,1.00
2018.05.03 20:24:55.631,1.74453,1.74488,1.00,1.12
2018.05.03 20:24:55.685,1.74453,1.74485,1.00,1.00
2018.05.03 20:24:56.034,1.74453,1.74483,1.00,1.00
2018.05.03 20:24:58.972,1.74454,1.74483,1.00,1.00
2018.05.03 20:24:59.308,1.74454,1.74486,1.00,1.00
2018.05.03 20:24:59.455,1.74452,1.74484,1.00,1.00
2018.05.03 20:24:59.674,1.7445,1.74485,1.00,1.00
2018.05.03 20:25:00.341,1.74451,1.74485,1.00,1.00
2018.05.03 20:25:01.380,1.7445,1.74485,1.00,1.00
2018.05.03 20:25:01.481,1.74452,1.74483,1.00,1.00
2018.05.03 20:25:06.167,1.7445,1.74484,1.50,1.00
2018.05.03 20:25:06.598,1.7445,1.74479,1.00,1.00
2018.05.03 20:25:06.904,1.74448,1.74475,1.00,1.50
2018.05.03 20:25:07.430,1.74446,1.74474,1.00,1.50
2018.05.03 20:25:07.482,1.7444,1.74473,1.00,1.00
2018.05.03 20:25:08.825,1.7444,1.74473,1.00,1.37
2018.05.03 20:25:09.604,1.7444,1.74471,1.00,1.00
2018.05.03 20:25:10.266,1.7444,1.7447,1.00,1.00
2018.05.03 20:25:10.926,1.7444,1.74471,1.00,1.00
2018.05.03 20:25:11.940,1.74435,1.74471,1.00,1.00
2018.05.03 20:25:12.574,1.74434,1.7447,1.50,1.00
2018.05.03 20:25:13.168,1.74436,1.74471,1.00,1.50
2018.05.03 20:25:15.266,1.74438,1.74469,1.00,1.00
2018.05.03 20:25:15.573,1.74443,1.74474,1.00,1.00
2018.05.03 20:25:15.926,1.74441,1.74479,1.00,1.00
2018.05.03 20:25:16.426,1.74443,1.74475,1.00,1.00
2018.05.03 20:25:24.552,1.74446,1.74477,1.00,1.00
2018.05.03 20:25:25.283,1.74444,1.74479,2.25,1.00
2018.05.03 20:25:25.409,1.74447,1.74478,1.00,1.50
2018.05.03 20:25:30.031,1.7445,1.74483,1.00,1.00
2018.05.03 20:25:30.969,1.74447,1.74484,1.12,1.00
2018.05.03 20:25:31.020,1.74449,1.74484,1.00,1.00
2018.05.03 20:25:31.968,1.74449,1.74483,1.00,1.00
2018.05.03 20:25:32.490,1.74449,1.74484,1.00,1.00
2018.05.03 20:25:33.029,1.74449,1.74483,1.00,1.00
2018.05.03 20:25:33.527,1.74446,1.74484,1.87,1.00
2018.05.03 20:25:33.578,1.74449,1.74484,1.00,1.50
2018.05.03 20:25:34.838,1.74449,1.74483,1.00,1.00
2018.05.03 20:25:35.182,1.74452,1.74483,1.00,1.50
2018.05.03 20:25:35.452,1.74447,1.74484,1.12,1.00
2018.05.03 20:25:35.605,1.74451,1.74483,1.00,1.50
2018.05.03 20:25:36.644,1.74453,1.74483,1.00,1.00
2018.05.03 20:25:36.747,1.74458,1.74489,1.00,1.00
2018.05.03 20:25:37.537,1.74459,1.74489,1.00,1.00
2018.05.03 20:25:38.102,1.74458,1.74489,1.00,1.00
2018.05.03 20:25:51.067,1.74457,1.74492,1.50,1.00
2018.05.03 20:25:51.177,1.74461,1.7449,1.00,1.00
2018.05.03 20:25:55.943,1.7446,1.74493,1.00,1.00
2018.05.03 20:25:56.687,1.74461,1.74492,1.00,1.00
2018.05.03 20:26:00.293,1.74459,1.7449,1.00,1.00
2018.05.03 20:26:07.862,1.74464,1.7449,1.00,1.00
2018.05.03 20:26:08.793,1.74459,1.7449,1.00,1.00
2018.05.03 20:26:15.271,1.74464,1.7449,1.00,1.00
2018.05.03 20:26:15.382,1.74459,1.7449,1.00,1.00
2018.05.03 20:26:17.737,1.74464,1.7449,1.00,1.00
2018.05.03 20:26:17.880,1.74464,1.74492,1.00,1.00
2018.05.03 20:26:20.938,1.74463,1.74492,1.00,1.00
2018.05.03 20:26:21.119,1.74461,1.74496,1.00,1.50
2018.05.03 20:26:22.033,1.74463,1.74496,1.00,1.50
2018.05.03 20:26:22.643,1.74465,1.74496,1.00,1.50
2018.05.03 20:26:22.899,1.74462,1.74496,1.00,1.12
2018.05.03 20:26:23.908,1.74462,1.74495,1.00,1.00
2018.05.03 20:26:25.042,1.74463,1.74494,1.00,1.00
2018.05.03 20:26:26.550,1.74459,1.74495,1.00,1.00
2018.05.03 20:26:27.069,1.74459,1.74496,1.00,1.12
2018.05.03 20:26:27.610,1.74461,1.74493,1.00,1.00
2018.05.03 20:26:27.819,1.74459,1.74496,1.00,1.87
2018.05.03 20:26:28.456,1.74459,1.74492,1.00,1.00
2018.05.03 20:26:30.553,1.74459,1.74491,1.00,1.00
2018.05.03 20:26:31.089,1.74459,1.74492,1.00,2.62
2018.05.03 20:26:31.570,1.74459,1.74492,1.00,2.25
2018.05.03 20:26:32.729,1.74459,1.74491,1.00,1.00
2018.05.03 20:26:33.264,1.74459,1.74492,1.00,1.50
2018.05.03 20:26:33.367,1.74461,1.74492,1.00,1.50
2018.05.03 20:26:33.930,1.74461,1.74491,1.00,1.00
2018.05.03 20:26:35.601,1.74457,1.74489,1.00,1.00
2018.05.03 20:26:35.704,1.74453,1.74488,1.00,1.00
2018.05.03 20:26:35.934,1.74451,1.74488,1.00,1.00
2018.05.03 20:26:36.087,1.74453,1.74487,1.00,1.00
2018.05.03 20:26:36.620,1.74452,1.74488,1.50,1.00
2018.05.03 20:26:37.360,1.74453,1.74489,1.00,1.00
2018.05.03 20:26:38.019,1.74453,1.74488,1.00,1.00
2018.05.03 20:26:38.681,1.74452,1.74489,1.00,1.50
2018.05.03 20:26:38.988,1.74455,1.74491,1.00,1.00
2018.05.03 20:26:39.291,1.74456,1.74488,1.00,1.00
2018.05.03 20:26:40.075,1.74455,1.74491,1.00,1.00
2018.05.03 20:26:40.541,1.74457,1.74488,1.00,1.00
2018.05.03 20:26:55.764,1.74458,1.74489,1.00,1.00
2018.05.03 20:26:56.266,1.74459,1.74489,1.00,1.00
2018.05.03 20:26:56.806,1.74458,1.74489,1.50,1.00
2018.05.03 20:27:11.901,1.74454,1.74489,1.00,1.12
2018.05.03 20:27:11.952,1.74457,1.74485,1.00,1.00
2018.05.03 20:27:12.004,1.74454,1.74483,1.50,1.00
2018.05.03 20:27:12.055,1.74454,1.74485,1.00,1.50
2018.05.03 20:27:12.106,1.74449,1.74485,1.00,1.50
2018.05.03 20:27:12.609,1.74452,1.74485,1.00,1.00
2018.05.03 20:27:12.711,1.74452,1.74488,1.00,1.00
2018.05.03 20:27:12.821,1.74452,1.74486,1.00,1.00
2018.05.03 20:27:16.139,1.74451,1.74486,1.00,1.00
2018.05.03 20:27:23.260,1.74453,1.74482,1.00,1.00
2018.05.03 20:27:23.312,1.74445,1.74475,1.00,1.00
2018.05.03 20:27:23.516,1.74439,1.74475,1.00,1.00
2018.05.03 20:27:23.567,1.74443,1.74474,1.00,1.00
2018.05.03 20:27:28.720,1.74443,1.74475,1.00,1.50
2018.05.03 20:27:29.448,1.74443,1.74476,1.00,1.50
2018.05.03 20:27:29.777,1.74445,1.74476,1.00,1.00
2018.05.03 20:27:30.437,1.74445,1.74475,1.00,1.00
2018.05.03 20:27:30.939,1.74445,1.74476,1.00,1.00
2018.05.03 20:27:31.143,1.74447,1.74481,1.00,1.50
2018.05.03 20:27:32.137,1.74448,1.74481,1.00,1.00
2018.05.03 20:27:32.766,1.74448,1.7448,1.00,1.00
2018.05.03 20:27:36.124,1.74447,1.74481,1.00,1.00
2018.05.03 20:27:36.225,1.74449,1.74479,1.00,1.00
2018.05.03 20:27:36.950,1.74446,1.74477,1.00,1.50
2018.05.03 20:27:37.103,1.74444,1.74473,1.00,1.00
2018.05.03 20:27:37.387,1.74446,1.74477,1.00,1.00
2018.05.03 20:27:39.118,1.74446,1.74476,1.00,1.00
2018.05.03 20:27:42.391,1.74446,1.74477,1.00,1.00
2018.05.03 20:27:43.313,1.74446,1.74476,1.00,1.00
2018.05.03 20:27:52.122,1.74446,1.74478,1.00,1.00
2018.05.03 20:28:00.102,1.7445,1.74479,1.00,1.00
2018.05.03 20:28:00.936,1.74447,1.74481,1.00,1.00
2018.05.03 20:28:01.052,1.74449,1.7448,1.00,1.00
2018.05.03 20:28:05.361,1.74449,1.74476,1.00,1.00
2018.05.03 20:28:05.412,1.74445,1.74476,1.00,1.00
2018.05.03 20:28:06.959,1.74445,1.74478,1.50,1.00
2018.05.03 20:28:07.063,1.74445,1.7448,1.00,1.00
2018.05.03 20:28:11.163,1.74448,1.7448,1.00,2.25
2018.05.03 20:28:11.469,1.74451,1.74482,1.00,1.00
2018.05.03 20:28:12.178,1.7445,1.74481,1.00,1.00
2018.05.03 20:28:12.488,1.74446,1.74481,1.00,1.00
2018.05.03 20:28:12.539,1.74448,1.7448,1.00,1.00
2018.05.03 20:28:20.414,1.74448,1.74479,1.00,1.00
2018.05.03 20:28:21.431,1.74448,1.7448,1.00,1.00
2018.05.03 20:28:24.008,1.74448,1.74477,1.00,1.00
2018.05.03 20:28:24.059,1.74448,1.74479,1.00,2.25
2018.05.03 20:28:24.110,1.74447,1.74477,1.00,1.00
2018.05.03 20:28:24.639,1.74447,1.74476,1.00,1.00
2018.05.03 20:28:25.938,1.74441,1.74474,1.37,1.00
2018.05.03 20:28:25.990,1.74441,1.74476,1.75,1.00
2018.05.03 20:28:26.109,1.74446,1.74477,1.00,1.00
2018.05.03 20:28:28.034,1.74447,1.74481,1.00,2.25
2018.05.03 20:28:28.136,1.74447,1.74478,1.00,1.00
2018.05.03 20:28:36.329,1.74444,1.74479,1.00,1.00
2018.05.03 20:28:37.472,1.74444,1.74482,1.00,1.50
2018.05.03 20:28:37.523,1.74444,1.74481,1.37,1.00
2018.05.03 20:28:37.850,1.74447,1.74478,1.00,1.00
2018.05.03 20:28:53.726,1.74447,1.7448,1.12,1.00
2018.05.03 20:28:55.624,1.74447,1.74481,1.00,1.50
2018.05.03 20:28:58.236,1.74447,1.7448,1.00,1.00
2018.05.03 20:28:58.976,1.74447,1.74481,1.00,1.50
2018.05.03 20:29:01.130,1.7445,1.74479,1.00,1.00
2018.05.03 20:29:18.520,1.74451,1.74482,1.00,1.00
2018.05.03 20:29:18.571,1.74451,1.74484,1.00,1.50
2018.05.03 20:29:19.094,1.74451,1.74483,1.50,1.00
2018.05.03 20:29:21.687,1.74451,1.74482,1.00,1.00
2018.05.03 20:29:22.637,1.74451,1.74483,1.00,1.50
2018.05.03 20:29:23.521,1.74451,1.74482,1.00,1.00
2018.05.03 20:29:24.485,1.74451,1.74483,1.00,1.50
2018.05.03 20:29:31.639,1.74451,1.74482,1.00,1.00
2018.05.03 20:29:32.637,1.74451,1.74483,1.00,1.50
2018.05.03 20:29:32.689,1.74454,1.74485,1.00,1.00
2018.05.03 20:29:32.991,1.74459,1.74489,1.00,1.00
2018.05.03 20:29:33.042,1.74456,1.74493,1.00,1.00
2018.05.03 20:29:33.818,1.74456,1.74492,1.50,1.00
2018.05.03 20:29:34.339,1.74456,1.74493,1.00,1.00
2018.05.03 20:29:35.000,1.74456,1.74492,1.50,1.00
2018.05.03 20:29:35.058,1.74456,1.74489,1.00,1.00
2018.05.03 20:29:40.759,1.74456,1.74487,1.00,1.00
2018.05.03 20:29:49.298,1.74456,1.74488,1.00,1.00
2018.05.03 20:29:51.418,1.74451,1.74487,2.62,1.00
2018.05.03 20:29:52.079,1.74456,1.74486,1.00,1.00
2018.05.03 20:29:52.130,1.7445,1.74488,1.00,1.00
2018.05.03 20:29:52.181,1.74455,1.74488,1.00,1.50
2018.05.03 20:29:54.050,1.7445,1.74486,1.50,1.00
2018.05.03 20:29:54.458,1.74452,1.74484,1.00,1.00
2018.05.03 20:30:00.178,1.74448,1.74494,1.50,1.00
2018.05.03 20:30:00.430,1.74449,1.74494,1.37,1.37
2018.05.03 20:30:03.237,1.74449,1.74493,1.37,1.75
2018.05.03 20:30:03.289,1.74447,1.74492,1.37,1.00
2018.05.03 20:30:04.204,1.74446,1.74492,1.37,1.50
2018.05.03 20:30:04.644,1.74444,1.74488,1.37,1.75
2018.05.03 20:30:05.197,1.74443,1.74485,1.37,1.00
2018.05.03 20:30:05.747,1.74443,1.74487,1.37,1.37
2018.05.03 20:30:09.902,1.74445,1.74487,1.37,1.37
2018.05.03 20:30:11.502,1.74445,1.74486,1.37,1.37
2018.05.03 20:30:25.098,1.74446,1.74491,1.37,1.37
2018.05.03 20:30:25.620,1.74448,1.74492,1.12,1.37
2018.05.03 20:30:26.128,1.74447,1.74491,2.25,1.37
2018.05.03 20:30:32.645,1.74448,1.74492,1.12,1.37
2018.05.03 20:30:38.968,1.7444,1.7448,1.37,1.50
2018.05.03 20:30:39.020,1.74436,1.7448,1.87,1.00
2018.05.03 20:30:39.842,1.74437,1.7448,1.37,1.50
2018.05.03 20:30:40.799,1.74436,1.7448,1.37,1.00
2018.05.03 20:30:52.105,1.74436,1.74479,1.00,1.75
2018.05.03 20:30:52.410,1.74431,1.74474,1.37,1.50
2018.05.03 20:30:53.062,1.74431,1.74476,1.50,1.00
2018.05.03 20:30:53.706,1.74433,1.74477,1.00,1.87
2018.05.03 20:30:54.480,1.74429,1.74472,1.94,1.12
2018.05.03 20:30:54.538,1.74432,1.74475,1.37,1.37
2018.05.03 20:30:54.640,1.74432,1.74476,1.00,1.00
2018.05.03 20:30:54.692,1.74431,1.74474,1.00,1.00
2018.05.03 20:30:55.540,1.7443,1.74474,1.12,1.50
2018.05.03 20:30:56.069,1.74427,1.74473,1.75,1.50
2018.05.03 20:31:01.206,1.74429,1.74474,1.00,1.50
2018.05.03 20:31:02.544,1.74428,1.74474,1.00,1.50
2018.05.03 20:31:03.270,1.74427,1.74474,1.50,1.50
2018.05.03 20:31:11.722,1.74425,1.74465,1.00,1.50
2018.05.03 20:31:11.774,1.74423,1.74469,1.12,1.37
2018.05.03 20:31:11.825,1.74423,1.74472,1.75,3.00
2018.05.03 20:31:11.926,1.74426,1.74474,1.87,1.37
2018.05.03 20:31:11.978,1.74428,1.74475,1.12,1.00
2018.05.03 20:31:12.080,1.7443,1.74473,1.37,1.37
2018.05.03 20:31:17.647,1.74428,1.74475,2.25,1.37
2018.05.03 20:31:17.919,1.74435,1.74478,1.00,1.37
2018.05.03 20:31:19.019,1.74435,1.74479,1.00,1.37
2018.05.03 20:31:24.906,1.74435,1.7448,1.00,1.37
2018.05.03 20:31:25.411,1.74435,1.7448,1.00,1.37
2018.05.03 20:31:25.613,1.74429,1.74475,1.00,1.37
2018.05.03 20:31:25.664,1.74429,1.74472,1.50,1.00
2018.05.03 20:31:25.715,1.74432,1.7448,1.75,1.87
2018.05.03 20:31:26.400,1.74435,1.7448,1.00,1.37
2018.05.03 20:31:27.772,1.74429,1.74474,2.25,1.50
2018.05.03 20:31:27.823,1.74431,1.74475,1.00,1.12
2018.05.03 20:31:27.875,1.74431,1.74477,1.75,1.37
2018.05.03 20:31:27.926,1.74433,1.7448,1.00,1.87
2018.05.03 20:31:30.154,1.74432,1.7448,1.75,1.87
2018.05.03 20:31:33.299,1.74435,1.7448,1.00,1.37
2018.05.03 20:31:33.981,1.74435,1.74479,1.37,1.37
2018.05.03 20:31:35.144,1.74435,1.7448,1.12,1.37
2018.05.03 20:31:35.645,1.74435,1.74479,1.37,1.37
2018.05.03 20:31:37.345,1.74435,1.7448,1.37,1.37
2018.05.03 20:31:38.010,1.74433,1.74479,1.12,1.37
2018.05.03 20:31:40.656,1.74432,1.7448,1.12,1.37
2018.05.03 20:31:41.257,1.74433,1.7448,1.00,1.37
2018.05.03 20:31:43.288,1.74434,1.7448,1.00,1.37
2018.05.03 20:31:43.805,1.74434,1.74479,1.00,1.50
2018.05.03 20:31:47.648,1.74431,1.7448,1.75,1.50
2018.05.03 20:31:49.232,1.74429,1.74475,1.12,1.37
2018.05.03 20:31:49.536,1.74421,1.74469,1.75,1.50
2018.05.03 20:31:50.231,1.74423,1.74468,1.00,2.62
2018.05.03 20:31:51.998,1.74423,1.74468,1.00,1.00
2018.05.03 20:31:52.540,1.74423,1.74468,1.00,1.50
2018.05.03 20:31:53.060,1.74423,1.74467,1.12,1.50
2018.05.03 20:31:55.508,1.74423,1.74469,1.00,1.75
2018.05.03 20:31:56.297,1.74422,1.74469,1.00,1.50
2018.05.03 20:31:58.201,1.74424,1.74468,1.37,1.37
2018.05.03 20:31:59.190,1.74422,1.74469,1.12,1.37
2018.05.03 20:32:05.417,1.7442,1.74465,1.00,1.37
2018.05.03 20:32:05.704,1.7442,1.74468,1.37,1.37
2018.05.03 20:32:10.368,1.74422,1.74467,1.00,1.37
2018.05.03 20:32:11.371,1.74421,1.74468,1.50,1.37
2018.05.03 20:32:13.462,1.74421,1.74466,1.87,1.00
2018.05.03 20:32:15.327,1.7442,1.74467,1.50,1.00
2018.05.03 20:32:15.636,1.7442,1.74468,1.75,1.75
2018.05.03 20:32:15.686,1.74422,1.74468,1.00,1.00
2018.05.03 20:32:20.147,1.74419,1.74468,1.75,1.50
2018.05.03 20:32:32.644,1.7442,1.74468,2.25,1.75
2018.05.03 20:32:33.235,1.7442,1.74467,2.25,1.00
2018.05.03 20:32:33.286,1.74419,1.74464,1.37,1.00
2018.05.03 20:32:33.917,1.7442,1.74464,1.37,1.75
2018.05.03 20:32:34.336,1.74419,1.74465,1.12,1.75
2018.05.03 20:32:38.706,1.7442,1.74463,1.12,1.37
2018.05.03 20:32:39.939,1.7442,1.74466,1.50,1.87
2018.05.03 20:32:44.991,1.7442,1.74466,1.50,1.50
2018.05.03 20:32:46.182,1.74419,1.74467,1.50,1.50
2018.05.03 20:32:47.168,1.74421,1.74469,1.75,1.75
2018.05.03 20:32:47.360,1.74422,1.74469,1.00,1.75
2018.05.03 20:32:48.178,1.74421,1.7447,1.75,1.75
2018.05.03 20:32:49.551,1.74426,1.74469,1.00,1.00
2018.05.03 20:32:50.094,1.74424,1.7447,1.37,1.75
2018.05.03 20:32:50.753,1.74424,1.74471,1.12,1.75
2018.05.03 20:32:52.990,1.74423,1.7447,1.12,1.75
2018.05.03 20:32:53.295,1.7443,1.74475,1.00,1.50
2018.05.03 20:32:53.616,1.74427,1.74474,1.37,1.87
2018.05.03 20:32:53.674,1.74427,1.74474,1.50,1.50
2018.05.03 20:32:55.490,1.74428,1.74473,1.00,2.25
2018.05.03 20:32:57.214,1.74426,1.74473,1.50,1.00
2018.05.03 20:32:58.329,1.74425,1.74473,2.62,1.50
2018.05.03 20:32:59.520,1.74428,1.74473,1.00,1.50
2018.05.03 20:33:00.629,1.74428,1.74472,1.00,1.75
2018.05.03 20:33:03.212,1.74428,1.7447,1.00,1.75
2018.05.03 20:33:03.263,1.74424,1.7447,1.37,1.00
2018.05.03 20:33:04.270,1.74424,1.7447,1.87,1.00
2018.05.03 20:33:05.217,1.74424,1.74471,1.37,1.75
2018.05.03 20:33:05.938,1.74423,1.7447,2.25,1.00
2018.05.03 20:33:05.989,1.74424,1.74466,1.00,1.75
2018.05.03 20:33:06.041,1.74419,1.74462,1.00,1.87
2018.05.03 20:33:06.213,1.74419,1.74458,1.00,1.37
2018.05.03 20:33:06.581,1.74419,1.74459,1.00,1.37
2018.05.03 20:33:07.104,1.74418,1.74459,1.00,1.37
2018.05.03 20:33:07.994,1.74418,1.74459,1.00,1.00
2018.05.03 20:33:10.488,1.74418,1.74459,1.00,2.62
2018.05.03 20:33:12.108,1.74418,1.74459,1.00,1.75
2018.05.03 20:33:13.041,1.74418,1.7446,1.00,1.75
2018.05.03 20:33:15.110,1.74418,1.74457,1.00,1.00
2018.05.03 20:33:15.627,1.74418,1.74458,1.00,1.00
2018.05.03 20:33:19.456,1.74418,1.74459,1.00,1.94
2018.05.03 20:33:27.390,1.74418,1.74458,1.00,1.31
2018.05.03 20:33:27.941,1.74418,1.74459,1.00,1.87
2018.05.03 20:33:28.458,1.74418,1.74459,1.00,1.12
2018.05.03 20:33:36.913,1.74414,1.74457,1.50,1.50
2018.05.03 20:33:37.014,1.7441,1.74457,1.50,1.37
2018.05.03 20:33:37.746,1.74411,1.74456,1.50,1.37
2018.05.03 20:33:40.511,1.74412,1.74455,1.00,1.00
2018.05.03 20:33:41.433,1.74412,1.74454,1.00,1.00
2018.05.03 20:33:42.090,1.74412,1.74456,1.12,1.37
2018.05.03 20:33:42.242,1.74408,1.74449,1.00,1.87
2018.05.03 20:33:42.344,1.74403,1.74449,1.12,2.44
2018.05.03 20:33:49.788,1.74408,1.74447,1.00,1.00
2018.05.03 20:33:50.670,1.74402,1.74447,1.50,1.12
2018.05.03 20:33:53.223,1.744,1.74446,1.37,1.56
2018.05.03 20:33:53.564,1.74398,1.74447,1.50,3.19
2018.05.03 20:33:54.917,1.74399,1.74444,2.25,1.00
2018.05.03 20:33:55.940,1.74402,1.74443,1.00,1.00
2018.05.03 20:33:57.937,1.74402,1.74445,1.00,1.37
2018.05.03 20:34:00.959,1.74402,1.74445,1.00,1.50
2018.05.03 20:34:03.556,1.744,1.74445,1.50,1.50
2018.05.03 20:34:04.370,1.744,1.74447,2.62,3.19
2018.05.03 20:34:04.421,1.74402,1.74447,1.00,3.94
2018.05.03 20:34:05.145,1.74401,1.74445,1.75,1.00
2018.05.03 20:34:05.434,1.74401,1.74446,1.50,1.00
2018.05.03 20:34:06.149,1.74402,1.74446,1.00,1.37
2018.05.03 20:34:11.070,1.74402,1.74441,1.12,1.00
2018.05.03 20:34:13.182,1.74401,1.74446,1.00,1.37
2018.05.03 20:34:13.258,1.74401,1.74442,1.00,1.00
2018.05.03 20:34:13.310,1.74404,1.74446,1.00,1.50
2018.05.03 20:34:13.445,1.74404,1.74442,1.00,1.00
2018.05.03 20:34:13.547,1.74401,1.74446,1.50,1.37
2018.05.03 20:34:13.651,1.744,1.74442,1.75,1.00
2018.05.03 20:34:13.702,1.74399,1.74444,1.75,1.00
2018.05.03 20:34:23.184,1.744,1.74445,1.12,1.87
2018.05.03 20:34:23.743,1.744,1.74445,1.00,1.12
2018.05.03 20:34:25.926,1.74401,1.74444,1.00,1.37
2018.05.03 20:34:26.087,1.744,1.74445,1.00,1.50
2018.05.03 20:34:26.753,1.744,1.74445,1.50,1.00
2018.05.03 20:34:27.647,1.744,1.74445,1.00,1.00
2018.05.03 20:34:29.112,1.74401,1.74444,1.50,1.00
2018.05.03 20:34:32.966,1.744,1.74446,1.50,2.25
2018.05.03 20:34:34.443,1.74401,1.74445,1.37,1.69
2018.05.03 20:34:35.001,1.744,1.74446,1.37,1.56
2018.05.03 20:34:35.508,1.74401,1.74445,1.37,2.06
2018.05.03 20:34:37.202,1.744,1.74446,1.37,1.87
2018.05.03 20:34:37.918,1.744,1.74445,2.06,1.87
2018.05.03 20:34:38.478,1.744,1.74446,1.37,1.69
2018.05.03 20:34:40.964,1.74401,1.74445,1.37,1.94
2018.05.03 20:34:41.680,1.744,1.74443,1.50,1.00
2018.05.03 20:34:42.340,1.744,1.74444,1.50,1.12
2018.05.03 20:34:43.270,1.74402,1.74444,1.00,1.12
2018.05.03 20:34:44.042,1.74402,1.74445,1.00,1.25
2018.05.03 20:34:44.093,1.744,1.74445,1.00,1.25
2018.05.03 20:34:44.653,1.744,1.74445,1.37,1.00
2018.05.03 20:34:45.913,1.74402,1.74446,1.00,1.37
2018.05.03 20:34:45.964,1.74402,1.74449,1.37,1.37
2018.05.03 20:34:47.214,1.74402,1.7445,1.75,1.75
2018.05.03 20:34:49.542,1.74401,1.74448,1.00,3.37
2018.05.03 20:34:49.593,1.74402,1.74447,1.37,1.12
2018.05.03 20:34:51.601,1.74405,1.74444,1.00,1.37
2018.05.03 20:34:51.652,1.74402,1.74442,1.00,1.37
2018.05.03 20:34:51.754,1.74398,1.74441,1.75,1.37
2018.05.03 20:34:51.805,1.74398,1.74444,1.00,1.50
2018.05.03 20:34:52.137,1.74397,1.74441,1.37,1.37
2018.05.03 20:34:52.625,1.74396,1.74441,1.00,1.00
2018.05.03 20:34:52.676,1.74395,1.74442,2.25,2.25
2018.05.03 20:34:52.727,1.74396,1.74442,1.00,2.25
2018.05.03 20:34:53.512,1.74397,1.74441,1.87,1.00
2018.05.03 20:34:53.615,1.74399,1.74446,1.37,1.37
2018.05.03 20:34:54.223,1.744,1.74447,1.50,3.00
2018.05.03 20:34:54.568,1.74396,1.74444,1.75,1.50
2018.05.03 20:34:54.888,1.744,1.74445,1.37,1.37
2018.05.03 20:34:55.491,1.74399,1.74446,1.00,1.75
2018.05.03 20:34:56.018,1.744,1.74446,1.00,1.75
2018.05.03 20:34:59.878,1.74402,1.74447,1.00,2.62
2018.05.03 20:35:03.009,1.744,1.74447,1.50,2.62
2018.05.03 20:35:07.080,1.744,1.74445,1.00,1.75
2018.05.03 20:35:07.754,1.74398,1.74445,1.50,1.75
2018.05.03 20:35:08.440,1.74399,1.74444,2.25,1.37
2018.05.03 20:35:09.784,1.74398,1.74445,2.25,1.12
2018.05.03 20:35:10.396,1.744,1.74445,1.00,1.75
2018.05.03 20:35:11.058,1.74398,1.74445,2.25,1.75
2018.05.03 20:35:12.099,1.74399,1.74444,1.50,1.75
2018.05.03 20:35:15.086,1.74401,1.74446,1.37,1.37
2018.05.03 20:35:15.138,1.74402,1.74447,1.50,1.00
2018.05.03 20:35:15.188,1.74404,1.74449,1.00,1.87
2018.05.03 20:35:15.493,1.74405,1.7445,1.50,1.75
2018.05.03 20:35:17.966,1.74404,1.74451,1.12,1.75
2018.05.03 20:35:19.261,1.74404,1.74452,2.62,1.75
2018.05.03 20:35:21.238,1.74403,1.74448,1.37,1.37
2018.05.03 20:35:21.442,1.74402,1.74447,1.37,1.00
2018.05.03 20:35:22.421,1.74403,1.74448,1.37,1.37
2018.05.03 20:35:22.522,1.74401,1.74449,1.87,1.75
2018.05.03 20:35:23.281,1.74402,1.74446,1.12,1.00
2018.05.03 20:35:26.825,1.74403,1.74448,1.37,1.00
2018.05.03 20:35:27.359,1.74403,1.74449,1.37,1.00
2018.05.03 20:35:28.243,1.74402,1.7445,1.37,1.75
2018.05.03 20:35:32.652,1.74402,1.74448,2.62,1.50
2018.05.03 20:35:33.276,1.74402,1.74443,1.12,1.00
2018.05.03 20:35:33.844,1.74401,1.74444,1.12,1.50
2018.05.03 20:35:35.138,1.74397,1.74444,2.25,1.50
2018.05.03 20:35:36.647,1.74397,1.74444,2.25,1.50
2018.05.03 20:35:37.299,1.74398,1.74442,1.50,1.37
2018.05.03 20:35:37.350,1.74398,1.74444,1.75,1.37
2018.05.03 20:35:37.554,1.74399,1.74443,1.75,1.37
2018.05.03 20:35:39.629,1.74398,1.74445,1.75,1.87
2018.05.03 20:35:41.225,1.74399,1.74444,1.75,1.37
2018.05.03 20:35:41.387,1.74398,1.74445,1.75,1.87
2018.05.03 20:35:41.490,1.74398,1.74445,1.75,1.50
2018.05.03 20:35:41.541,1.74397,1.74443,1.87,1.37
2018.05.03 20:35:45.587,1.74398,1.74443,1.75,1.50
2018.05.03 20:35:46.128,1.74398,1.74444,1.37,1.50
2018.05.03 20:35:48.837,1.74399,1.74444,1.37,1.50
2018.05.03 20:35:50.147,1.74399,1.74444,1.87,1.50
2018.05.03 20:35:50.689,1.74399,1.74445,1.37,1.87
2018.05.03 20:35:51.241,1.74397,1.74445,1.75,1.87
2018.05.03 20:35:51.292,1.74397,1.74443,1.00,1.37
2018.05.03 20:35:51.553,1.74397,1.74442,1.12,1.37
2018.05.03 20:35:53.038,1.74396,1.74443,1.00,1.37
2018.05.03 20:35:54.794,1.74397,1.74444,1.50,1.37
2018.05.03 20:35:55.333,1.74398,1.74444,1.37,1.37
2018.05.03 20:35:55.960,1.74396,1.74443,1.75,1.37
2018.05.03 20:36:02.646,1.74397,1.74443,1.75,1.37
2018.05.03 20:36:03.279,1.74396,1.74444,1.75,1.37
2018.05.03 20:36:07.990,1.74397,1.74443,1.75,1.37
2018.05.03 20:36:12.015,1.74396,1.74444,1.75,1.37
2018.05.03 20:36:13.371,1.74398,1.74443,1.00,1.37
2018.05.03 20:36:14.188,1.74397,1.74444,1.00,1.50
2018.05.03 20:36:14.764,1.74401,1.74446,1.87,2.25
2018.05.03 20:36:15.181,1.74402,1.74446,1.37,1.12
2018.05.03 20:36:16.868,1.74402,1.74446,1.12,1.00
2018.05.03 20:36:17.648,1.74402,1.74445,1.87,1.00
2018.05.03 20:36:18.153,1.74402,1.74446,1.12,1.00
2018.05.03 20:36:23.990,1.74402,1.74447,1.87,1.87
2018.05.03 20:36:24.109,1.74403,1.74447,1.00,1.50
2018.05.03 20:36:24.861,1.74405,1.74447,1.00,1.50
2018.05.03 20:36:24.913,1.74402,1.74447,1.37,1.50
2018.05.03 20:36:30.759,1.74402,1.74446,1.37,1.00
2018.05.03 20:36:31.602,1.74405,1.74446,1.00,1.00
2018.05.03 20:36:34.950,1.74402,1.74446,1.37,1.00
2018.05.03 20:36:37.681,1.74404,1.74447,1.00,1.50
2018.05.03 20:36:38.287,1.74404,1.74446,1.12,1.00
2018.05.03 20:36:41.313,1.74401,1.74436,1.00,1.37
2018.05.03 20:36:41.415,1.7439,1.74435,1.75,1.50
2018.05.03 20:36:41.466,1.74389,1.74432,1.00,1.22
2018.05.03 20:36:41.516,1.7439,1.74426,1.00,1.35
2018.05.03 20:36:41.668,1.74373,1.74416,1.75,1.00
2018.05.03 20:36:41.871,1.74376,1.7442,1.00,1.00
2018.05.03 20:36:42.033,1.74377,1.74422,1.87,1.00
2018.05.03 20:36:43.885,1.74377,1.74423,1.50,1.00
2018.05.03 20:36:44.200,1.74383,1.74426,1.87,1.00
2018.05.03 20:36:45.058,1.74383,1.74428,2.25,1.00
2018.05.03 20:36:45.864,1.7439,1.74434,1.00,1.50
2018.05.03 20:36:46.396,1.74388,1.74433,1.37,1.00
2018.05.03 20:36:47.965,1.74387,1.74434,1.12,1.00
2018.05.03 20:36:50.148,1.74387,1.74435,1.50,1.12
2018.05.03 20:36:52.248,1.74387,1.74434,1.00,1.00
2018.05.03 20:36:56.485,1.74387,1.74433,1.37,1.12
2018.05.03 20:36:57.140,1.74386,1.74434,1.87,1.50
2018.05.03 20:37:02.696,1.74386,1.74434,1.37,1.50
2018.05.03 20:37:05.198,1.74386,1.74434,1.00,1.50
2018.05.03 20:37:09.189,1.74385,1.74434,2.25,1.37
2018.05.03 20:37:09.461,1.74385,1.74433,2.25,1.25
2018.05.03 20:37:10.539,1.74385,1.74433,2.62,1.50
2018.05.03 20:37:11.179,1.74386,1.74433,1.00,1.50
2018.05.03 20:37:11.688,1.74386,1.74433,1.00,1.75
2018.05.03 20:37:12.536,1.74387,1.74433,1.00,1.75
2018.05.03 20:37:13.994,1.74388,1.74433,1.00,1.75
2018.05.03 20:37:18.001,1.74386,1.74434,1.00,3.00
2018.05.03 20:37:18.052,1.74384,1.74431,2.62,1.56
2018.05.03 20:37:18.356,1.74384,1.74426,1.00,1.12
2018.05.03 20:37:18.940,1.74384,1.74425,1.00,1.00
2018.05.03 20:37:21.705,1.74384,1.74427,1.00,1.50
2018.05.03 20:37:21.757,1.74382,1.74425,1.00,1.00
2018.05.03 20:37:22.130,1.74384,1.74426,1.00,1.87
2018.05.03 20:37:25.011,1.74384,1.74426,1.00,1.37
2018.05.03 20:37:25.925,1.74384,1.74426,1.00,1.87
2018.05.03 20:37:29.846,1.74381,1.74427,1.50,3.75
2018.05.03 20:37:29.898,1.74382,1.74427,1.00,3.00
2018.05.03 20:37:29.953,1.74384,1.74427,1.00,2.25
2018.05.03 20:37:30.236,1.74382,1.74427,1.00,3.56
2018.05.03 20:37:30.816,1.74383,1.74427,1.50,2.81
2018.05.03 20:37:32.209,1.74383,1.74427,2.25,2.81
2018.05.03 20:37:33.004,1.74384,1.74427,1.00,2.44
2018.05.03 20:37:33.208,1.74383,1.74426,1.00,2.44
2018.05.03 20:37:34.333,1.74383,1.74426,1.00,1.56
2018.05.03 20:37:35.099,1.74383,1.74426,1.00,1.87
2018.05.03 20:37:36.935,1.74383,1.74426,1.00,2.06
2018.05.03 20:37:37.037,1.74383,1.74426,1.00,1.25
2018.05.03 20:37:37.580,1.74383,1.74425,1.00,1.00
2018.05.03 20:37:38.385,1.74383,1.74426,1.12,1.12
2018.05.03 20:37:38.931,1.74386,1.74427,1.00,1.12
2018.05.03 20:37:39.376,1.74385,1.7443,1.00,1.87
2018.05.03 20:37:39.427,1.74388,1.7443,1.00,1.69
2018.05.03 20:37:39.715,1.74384,1.7443,1.12,1.69
2018.05.03 20:37:40.251,1.74385,1.7443,1.00,1.69
2018.05.03 20:37:40.354,1.74385,1.74429,1.50,1.69
2018.05.03 20:37:40.405,1.74384,1.74429,1.00,1.50
2018.05.03 20:37:40.708,1.74384,1.74427,1.00,1.00
2018.05.03 20:37:41.217,1.74387,1.74427,1.00,1.00
2018.05.03 20:37:41.765,1.74387,1.74426,1.00,1.87
2018.05.03 20:37:42.237,1.74384,1.74426,2.25,1.00
2018.05.03 20:37:43.219,1.74387,1.74426,1.00,1.50
2018.05.03 20:37:46.295,1.74385,1.74426,1.00,1.00
2018.05.03 20:37:46.397,1.74385,1.74425,1.00,1.50
2018.05.03 20:37:49.186,1.74386,1.74425,1.00,1.50
2018.05.03 20:37:50.138,1.74385,1.74426,1.00,1.50
2018.05.03 20:37:52.032,1.74386,1.74427,1.00,1.87
2018.05.03 20:37:52.589,1.74385,1.74427,1.00,1.87
2018.05.03 20:37:53.449,1.74384,1.74427,1.00,1.87
2018.05.03 20:37:56.639,1.74384,1.74426,1.00,1.00
2018.05.03 20:37:56.690,1.74385,1.74428,1.00,1.00
2018.05.03 20:37:56.741,1.74386,1.7443,2.25,1.12
2018.05.03 20:37:56.843,1.74388,1.74432,1.00,1.00
2018.05.03 20:37:57.363,1.74387,1.74432,2.62,1.00
2018.05.03 20:37:57.899,1.74388,1.74432,1.12,1.12
2018.05.03 20:37:58.499,1.74392,1.74432,1.00,1.00
2018.05.03 20:37:59.142,1.74392,1.74431,1.00,1.00
2018.05.03 20:38:02.482,1.74388,1.74432,1.00,1.00
2018.05.03 20:38:02.911,1.74383,1.7443,1.50,1.50
2018.05.03 20:38:03.450,1.74385,1.7443,1.00,1.50
2018.05.03 20:38:05.906,1.74383,1.7443,1.12,1.37
2018.05.03 20:38:06.348,1.74383,1.7443,2.25,1.37
2018.05.03 20:38:12.499,1.74386,1.7443,1.50,1.37
2018.05.03 20:38:12.953,1.74389,1.74429,1.50,1.37
2018.05.03 20:38:13.544,1.74389,1.7443,1.50,1.37
2018.05.03 20:38:21.413,1.74389,1.74434,2.25,1.37
2018.05.03 20:38:21.464,1.74389,1.74434,2.25,1.12
2018.05.03 20:38:21.592,1.74393,1.74434,1.00,1.12
2018.05.03 20:38:22.093,1.74389,1.74435,1.50,1.37
2018.05.03 20:38:22.684,1.74389,1.74435,3.00,2.25
2018.05.03 20:38:26.122,1.74389,1.74435,1.50,1.37
2018.05.03 20:38:26.655,1.7439,1.74436,1.00,2.25
2018.05.03 20:38:34.295,1.74389,1.74435,1.00,1.37
2018.05.03 20:38:35.145,1.74389,1.74435,2.25,2.25
2018.05.03 20:38:39.448,1.74388,1.74435,1.12,1.37
2018.05.03 20:38:39.929,1.74392,1.74435,1.00,1.87
2018.05.03 20:38:40.292,1.7439,1.74436,1.00,1.87
2018.05.03 20:38:40.732,1.74392,1.74435,1.00,1.50
2018.05.03 20:38:41.235,1.7439,1.74436,1.00,2.25
2018.05.03 20:38:41.753,1.74389,1.74436,1.00,2.44
2018.05.03 20:38:41.805,1.74389,1.74435,1.12,2.06
2018.05.03 20:38:44.199,1.74388,1.74436,2.25,1.69
2018.05.03 20:38:44.711,1.74393,1.74435,1.00,1.69
2018.05.03 20:38:45.240,1.74395,1.74435,1.00,1.69
2018.05.03 20:38:45.743,1.74395,1.74436,1.00,1.69
2018.05.03 20:38:46.340,1.74396,1.74435,1.00,1.56
2018.05.03 20:38:46.511,1.74392,1.74436,1.00,1.56
2018.05.03 20:38:47.123,1.74392,1.74435,1.00,1.56
2018.05.03 20:38:47.780,1.74392,1.74436,1.00,2.06
2018.05.03 20:38:48.940,1.74393,1.74436,1.00,1.56
2018.05.03 20:38:49.465,1.74394,1.74436,1.00,2.62
2018.05.03 20:38:50.347,1.74393,1.74436,1.00,1.56
2018.05.03 20:38:50.619,1.74397,1.74435,1.00,1.56
2018.05.03 20:38:50.876,1.74393,1.74436,1.00,1.56
2018.05.03 20:38:55.020,1.74398,1.74436,1.00,1.62
2018.05.03 20:38:55.705,1.74397,1.74436,1.00,1.62
2018.05.03 20:39:00.376,1.74398,1.74436,1.00,2.06
2018.05.03 20:39:00.905,1.744,1.74436,1.00,1.62
2018.05.03 20:39:02.290,1.744,1.74435,1.00,1.62
2018.05.03 20:39:02.402,1.74397,1.74435,1.00,1.62
2018.05.03 20:39:03.291,1.74397,1.74436,1.00,1.56
2018.05.03 20:39:05.252,1.74398,1.74436,1.00,1.62
2018.05.03 20:39:06.478,1.74399,1.74436,1.00,1.62
2018.05.03 20:39:07.578,1.744,1.74436,1.00,1.62
2018.05.03 20:39:10.245,1.744,1.74435,1.00,1.62
2018.05.03 20:39:10.296,1.74398,1.74436,1.00,1.62
2018.05.03 20:39:13.076,1.74398,1.74435,1.00,1.62
2018.05.03 20:39:13.610,1.74398,1.74436,1.00,1.87
2018.05.03 20:39:14.391,1.74399,1.74437,1.00,2.06
2018.05.03 20:39:14.780,1.74397,1.74437,1.00,2.06
2018.05.03 20:39:15.456,1.74397,1.74437,1.00,1.62
2018.05.03 20:39:16.479,1.74399,1.74437,1.00,1.37
2018.05.03 20:39:16.948,1.74396,1.74437,1.00,3.19
2018.05.03 20:39:17.608,1.74396,1.74436,1.00,1.12
2018.05.03 20:39:19.740,1.74394,1.74436,1.00,1.12
2018.05.03 20:39:20.182,1.74391,1.74437,1.12,1.62
2018.05.03 20:39:20.233,1.74396,1.74437,1.00,1.62
2018.05.03 20:39:26.963,1.74396,1.74437,1.00,2.25
2018.05.03 20:39:27.510,1.74396,1.74437,1.00,1.37
2018.05.03 20:39:33.367,1.74396,1.74437,1.00,2.25
2018.05.03 20:39:35.146,1.74396,1.74437,1.00,1.37
2018.05.03 20:39:37.921,1.74395,1.74437,1.00,1.75
2018.05.03 20:39:39.176,1.74394,1.74437,1.00,1.87
2018.05.03 20:39:39.836,1.74395,1.74436,1.00,1.12
2018.05.03 20:39:41.014,1.74394,1.74436,1.50,1.00
2018.05.03 20:39:42.004,1.74396,1.74437,1.50,2.25
2018.05.03 20:39:42.481,1.74401,1.74436,1.00,1.50
2018.05.03 20:39:42.957,1.74394,1.74436,1.00,1.12
2018.05.03 20:39:43.191,1.74396,1.74437,1.00,1.50
2018.05.03 20:39:43.749,1.74396,1.74437,1.00,1.50
2018.05.03 20:39:45.172,1.74398,1.74437,1.00,1.69
2018.05.03 20:39:46.542,1.744,1.74437,1.00,1.50
2018.05.03 20:39:47.104,1.744,1.74437,1.00,1.69
2018.05.03 20:39:47.410,1.74402,1.74437,1.00,1.69
2018.05.03 20:39:47.632,1.74399,1.74437,1.00,1.69
2018.05.03 20:39:48.179,1.74401,1.74437,1.00,1.69
2018.05.03 20:39:48.655,1.74399,1.74436,1.00,1.25
2018.05.03 20:39:49.655,1.74395,1.74436,1.00,1.00
2018.05.03 20:39:49.877,1.74395,1.74438,1.00,1.00
2018.05.03 20:39:49.979,1.74395,1.7444,1.00,1.50
2018.05.03 20:39:50.284,1.74398,1.74438,1.50,1.75
2018.05.03 20:39:50.656,1.74401,1.74439,1.00,1.75
2018.05.03 20:39:51.184,1.74398,1.7444,1.00,2.44
2018.05.03 20:39:51.936,1.74398,1.74439,1.00,1.94
2018.05.03 20:39:55.714,1.74399,1.74432,1.00,1.00
2018.05.03 20:39:55.816,1.74393,1.7443,1.50,1.00
2018.05.03 20:39:55.868,1.74393,1.74434,1.50,1.50
2018.05.03 20:39:56.252,1.74395,1.74434,1.00,1.75
2018.05.03 20:39:56.354,1.74398,1.74436,1.00,1.50
2018.05.03 20:39:56.405,1.74397,1.74438,1.00,1.50
2018.05.03 20:39:56.456,1.74398,1.74439,1.00,1.00
2018.05.03 20:39:56.608,1.74401,1.74441,1.00,1.50
2018.05.03 20:39:57.191,1.74395,1.74442,1.12,2.25
2018.05.03 20:39:57.838,1.74396,1.7444,1.00,1.75
2018.05.03 20:40:00.192,1.74397,1.74441,1.50,1.75
2018.05.03 20:40:01.064,1.74396,1.74439,1.50,1.12
2018.05.03 20:40:01.643,1.74397,1.74439,1.50,1.12
2018.05.03 20:40:03.128,1.74396,1.74439,2.25,1.12
2018.05.03 20:40:03.756,1.74396,1.74438,2.25,1.12
2018.05.03 20:40:04.448,1.74396,1.74439,2.25,1.12
2018.05.03 20:40:10.504,1.74396,1.74438,1.00,1.12
2018.05.03 20:40:11.008,1.74396,1.74439,1.00,1.12
2018.05.03 20:40:11.649,1.74396,1.74442,2.25,1.00
2018.05.03 20:40:11.959,1.74406,1.74447,1.00,1.75
2018.05.03 20:40:12.291,1.74402,1.74447,1.87,1.37
2018.05.03 20:40:12.392,1.74402,1.74445,1.00,1.37
2018.05.03 20:40:12.443,1.74398,1.74445,1.00,1.75
2018.05.03 20:40:12.952,1.74399,1.74444,1.00,1.50
2018.05.03 20:40:15.471,1.74402,1.7445,3.00,1.12
2018.05.03 20:40:15.922,1.74405,1.74447,1.00,1.75
2018.05.03 20:40:16.024,1.74403,1.74448,1.12,1.87
2018.05.03 20:40:22.872,1.74396,1.74439,1.00,1.75
2018.05.03 20:40:23.130,1.74393,1.74439,1.00,1.87
2018.05.03 20:40:23.555,1.7439,1.74436,1.37,1.75
2018.05.03 20:40:24.096,1.74391,1.74437,1.00,1.87
2018.05.03 20:40:25.064,1.74392,1.74436,1.00,1.50
2018.05.03 20:40:25.596,1.74392,1.74437,1.00,1.50
2018.05.03 20:40:27.437,1.74392,1.74437,1.00,1.50
2018.05.03 20:40:28.149,1.74393,1.74437,1.00,1.50
2018.05.03 20:40:28.837,1.74395,1.74439,1.00,1.75
2018.05.03 20:40:29.360,1.74395,1.74438,1.00,1.75
2018.05.03 20:40:29.851,1.74393,1.74439,1.12,1.75
2018.05.03 20:40:30.337,1.74395,1.74439,1.00,1.75
2018.05.03 20:40:30.848,1.74393,1.74439,1.12,1.75
2018.05.03 20:40:34.861,1.74393,1.74438,1.87,1.75
2018.05.03 20:40:35.384,1.74393,1.74439,1.87,1.75
2018.05.03 20:40:40.714,1.74392,1.74432,1.00,1.75
2018.05.03 20:40:40.767,1.7439,1.7443,1.00,1.37
2018.05.03 20:40:40.943,1.7439,1.74436,1.00,1.87
2018.05.03 20:40:41.515,1.74388,1.74437,2.25,1.75
2018.05.03 20:40:45.167,1.74389,1.74437,1.37,1.75
2018.05.03 20:40:46.979,1.74391,1.74437,1.00,1.75
2018.05.03 20:40:50.147,1.74391,1.74436,1.37,1.75
2018.05.03 20:40:51.798,1.74391,1.74433,1.00,1.00
2018.05.03 20:40:51.950,1.74387,1.74435,1.87,1.37
2018.05.03 20:40:52.163,1.7439,1.74433,1.00,1.75
2018.05.03 20:40:52.214,1.74387,1.74431,1.00,1.87
2018.05.03 20:40:52.612,1.74382,1.74431,2.25,1.87
2018.05.03 20:40:52.996,1.74384,1.7443,1.12,1.75
2018.05.03 20:40:54.507,1.74381,1.74428,2.25,1.00
2018.05.03 20:40:55.507,1.74385,1.74427,1.00,1.00
2018.05.03 20:40:56.808,1.74405,1.74442,1.00,1.00
2018.05.03 20:40:57.113,1.7441,1.74442,1.00,1.00
2018.05.03 20:40:57.266,1.7441,1.74455,1.00,1.12
2018.05.03 20:40:57.317,1.74407,1.74454,1.50,1.37
2018.05.03 20:40:58.908,1.74408,1.74455,1.00,1.12
2018.05.03 20:40:59.447,1.74408,1.74455,1.00,1.12
2018.05.03 20:41:00.173,1.74406,1.74455,1.37,1.12
2018.05.03 20:41:00.495,1.74405,1.74454,3.37,1.75
2018.05.03 20:41:01.044,1.74405,1.74452,1.37,1.12
2018.05.03 20:41:01.889,1.74404,1.74453,1.37,1.12
2018.05.03 20:41:03.564,1.74405,1.74453,1.37,1.75
2018.05.03 20:41:04.140,1.74404,1.74454,1.37,1.87
2018.05.03 20:41:05.178,1.74405,1.74453,1.37,1.75
2018.05.03 20:41:05.791,1.74407,1.74454,1.00,1.75
2018.05.03 20:41:06.068,1.74406,1.74454,1.37,1.50
2018.05.03 20:41:07.159,1.74406,1.74454,1.37,1.50
2018.05.03 20:41:07.719,1.74398,1.74447,1.87,1.37
2018.05.03 20:41:08.032,1.74404,1.74445,1.00,1.75
2018.05.03 20:41:08.482,1.74402,1.74445,1.00,1.75
2018.05.03 20:41:09.384,1.74402,1.74444,1.00,1.00
2018.05.03 20:41:10.992,1.74403,1.74443,1.00,1.00
2018.05.03 20:41:11.543,1.74403,1.74444,1.00,1.00
2018.05.03 20:41:14.568,1.74403,1.74445,1.00,1.00
2018.05.03 20:41:14.912,1.74405,1.74445,1.00,1.00
2018.05.03 20:41:16.957,1.74399,1.74438,1.50,1.75
2018.05.03 20:41:17.110,1.7439,1.74437,1.00,1.75
2018.05.03 20:41:17.959,1.74391,1.74435,1.00,1.50
2018.05.03 20:41:18.405,1.74389,1.74432,1.37,1.37
2018.05.03 20:41:18.507,1.74388,1.74432,1.00,1.75
2018.05.03 20:41:19.009,1.74387,1.74433,1.00,1.12
2018.05.03 20:41:19.495,1.74389,1.74434,1.00,1.75
2018.05.03 20:41:19.876,1.74391,1.74438,1.00,1.12
2018.05.03 20:41:22.647,1.74397,1.74437,1.00,1.75
2018.05.03 20:41:23.153,1.74392,1.74438,1.00,1.75
2018.05.03 20:41:23.680,1.74391,1.74438,1.50,1.75
2018.05.03 20:41:24.549,1.74391,1.74438,1.50,1.75
2018.05.03 20:41:25.516,1.74391,1.74437,1.50,1.75
2018.05.03 20:41:25.567,1.74387,1.7443,1.00,1.37
2018.05.03 20:41:25.820,1.74385,1.74429,1.00,1.75
2018.05.03 20:41:26.024,1.74383,1.74429,1.87,1.37
2018.05.03 20:41:27.212,1.74384,1.74429,1.00,1.37
2018.05.03 20:41:27.941,1.74385,1.74429,1.00,1.37
2018.05.03 20:41:28.486,1.74384,1.74428,1.12,1.37
2018.05.03 20:41:31.996,1.74382,1.74429,1.50,1.37
2018.05.03 20:41:32.616,1.74384,1.74428,1.00,1.37
2018.05.03 20:41:33.225,1.74383,1.74429,1.00,1.37
2018.05.03 20:41:35.936,1.74385,1.74429,1.00,1.37
2018.05.03 20:41:36.422,1.7438,1.74428,1.37,1.12
2018.05.03 20:41:36.840,1.7438,1.74426,1.87,1.12
2018.05.03 20:41:37.372,1.74382,1.74426,1.00,1.12
2018.05.03 20:41:37.992,1.74382,1.74427,1.00,1.75
2018.05.03 20:41:38.420,1.74383,1.74426,1.00,1.75
2018.05.03 20:41:40.439,1.74382,1.74427,1.00,1.75
2018.05.03 20:41:43.224,1.7438,1.74427,1.12,1.87
2018.05.03 20:41:43.595,1.74383,1.74429,1.00,2.25
2018.05.03 20:41:43.900,1.74389,1.7443,1.00,1.75
2018.05.03 20:41:44.445,1.74388,1.7443,1.00,1.12
2018.05.03 20:41:45.874,1.7439,1.7443,1.00,1.37
2018.05.03 20:41:46.608,1.7439,1.74429,1.00,1.37
2018.05.03 20:41:47.012,1.7439,1.74429,1.00,1.37
2018.05.03 20:41:47.423,1.74383,1.74426,1.00,2.25
2018.05.03 20:41:47.765,1.74389,1.74428,1.00,1.75
2018.05.03 20:41:47.970,1.74384,1.74428,1.00,1.12
2018.05.03 20:41:48.076,1.74385,1.74427,1.00,1.37
2018.05.03 20:41:48.378,1.74388,1.74426,1.00,1.00
2018.05.03 20:41:50.722,1.74384,1.74425,1.00,1.50
2018.05.03 20:41:50.773,1.74386,1.74426,1.00,1.37
2018.05.03 20:41:50.825,1.74385,1.74428,1.00,1.50
2018.05.03 20:41:50.876,1.74383,1.74431,1.50,1.87
2018.05.03 20:41:50.928,1.74383,1.74431,1.12,1.37
2018.05.03 20:41:50.979,1.74389,1.74432,1.00,1.12
2018.05.03 20:41:51.035,1.74383,1.74433,1.75,2.25
2018.05.03 20:41:51.086,1.74382,1.74428,1.37,1.12
2018.05.03 20:41:51.434,1.74382,1.74427,1.37,1.87
2018.05.03 20:41:52.016,1.74379,1.74428,1.50,1.87
2018.05.03 20:41:52.702,1.74381,1.74427,1.37,1.87
2018.05.03 20:41:54.432,1.74383,1.74428,1.37,1.87
2018.05.03 20:41:54.534,1.74382,1.74429,1.50,1.00
2018.05.03 20:41:54.585,1.74385,1.7443,1.12,1.00
2018.05.03 20:41:54.929,1.74384,1.74429,1.12,1.37
2018.05.03 20:41:55.457,1.74384,1.74429,1.12,1.12
2018.05.03 20:41:58.438,1.74384,1.74431,1.37,1.37
2018.05.03 20:41:58.863,1.74388,1.74431,1.00,1.00
2018.05.03 20:41:59.313,1.74388,1.74432,1.00,1.75
2018.05.03 20:41:59.870,1.74388,1.74433,1.00,1.87
2018.05.03 20:42:00.502,1.74388,1.74431,1.12,1.50
2018.05.03 20:42:00.763,1.74384,1.74429,1.37,1.50
2018.05.03 20:42:01.313,1.74387,1.74429,1.00,1.50
2018.05.03 20:42:02.026,1.74386,1.74429,1.00,1.50
2018.05.03 20:42:03.105,1.74383,1.74428,1.37,1.50
2018.05.03 20:42:03.895,1.74393,1.74439,1.37,1.37
2018.05.03 20:42:03.997,1.74394,1.74442,1.87,1.50
2018.05.03 20:42:04.459,1.74398,1.74442,1.00,1.87
2018.05.03 20:42:05.145,1.74398,1.74441,1.00,1.87
2018.05.03 20:42:05.655,1.74397,1.74441,1.00,1.87
2018.05.03 20:42:08.263,1.74392,1.74433,1.00,1.37
2018.05.03 20:42:08.314,1.74393,1.74437,1.50,1.00
2018.05.03 20:42:08.416,1.74395,1.74442,1.87,1.75
2018.05.03 20:42:08.619,1.74395,1.74443,1.37,1.75
2018.05.03 20:42:08.721,1.74396,1.74442,1.75,1.50
2018.05.03 20:42:09.462,1.744,1.74442,1.00,1.50
2018.05.03 20:42:09.990,1.74398,1.74443,1.00,1.50
2018.05.03 20:42:10.615,1.74398,1.74442,1.12,1.50
2018.05.03 20:42:18.412,1.74395,1.74443,1.37,1.75
2018.05.03 20:42:18.463,1.74395,1.7444,1.50,1.87
2018.05.03 20:42:18.891,1.74387,1.74432,1.87,1.00
2018.05.03 20:42:19.111,1.74386,1.74433,2.25,1.00
2018.05.03 20:42:19.264,1.74388,1.74438,2.25,1.12
2018.05.03 20:42:19.803,1.7439,1.74439,1.87,1.75
2018.05.03 20:42:20.150,1.74392,1.74439,1.87,1.50
2018.05.03 20:42:20.891,1.74394,1.74439,1.00,1.87
2018.05.03 20:42:21.104,1.74392,1.74439,1.12,1.50
2018.05.03 20:42:21.531,1.74395,1.74438,1.00,1.75
2018.05.03 20:42:22.031,1.74392,1.74439,1.87,1.75
2018.05.03 20:42:22.594,1.74393,1.74439,1.87,1.75
2018.05.03 20:42:22.867,1.74393,1.74438,1.37,1.75
2018.05.03 20:42:22.918,1.74392,1.74438,1.87,1.75
2018.05.03 20:42:23.355,1.74394,1.74438,1.12,1.37
2018.05.03 20:42:23.778,1.74392,1.74439,1.12,1.87
2018.05.03 20:42:23.880,1.7439,1.74436,1.00,1.12
2018.05.03 20:42:23.931,1.7439,1.74434,1.00,1.37
2018.05.03 20:42:24.518,1.74388,1.74435,2.25,1.12
2018.05.03 20:42:24.841,1.74388,1.74434,2.62,1.00
2018.05.03 20:42:24.892,1.74391,1.74434,1.00,1.00
2018.05.03 20:42:25.119,1.74382,1.7443,2.25,2.62
2018.05.03 20:42:25.271,1.74386,1.74431,1.00,1.87
2018.05.03 20:42:25.739,1.74388,1.74431,1.00,1.12
2018.05.03 20:42:26.259,1.74389,1.7443,1.00,1.00
2018.05.03 20:42:27.331,1.74388,1.74435,1.87,1.12
2018.05.03 20:42:27.857,1.7439,1.74436,1.00,1.12
2018.05.03 20:42:28.369,1.74388,1.74435,1.37,1.50
2018.05.03 20:42:28.887,1.74388,1.74436,1.37,1.12
2018.05.03 20:42:29.040,1.74391,1.74435,1.00,1.50
2018.05.03 20:42:29.264,1.74389,1.74434,1.00,1.12
2018.05.03 20:42:29.317,1.74387,1.74435,1.50,1.12
2018.05.03 20:42:31.840,1.74388,1.74434,1.37,1.12
2018.05.03 20:42:32.406,1.74391,1.74434,1.00,1.00
2018.05.03 20:42:32.855,1.74386,1.74432,1.50,1.37
2018.05.03 20:42:32.906,1.74384,1.74431,1.00,1.75
2018.05.03 20:42:33.410,1.74384,1.74432,1.87,1.12
2018.05.03 20:42:33.891,1.74385,1.7443,1.12,1.75
2018.05.03 20:42:34.418,1.74384,1.7443,1.00,1.37
2018.05.03 20:42:35.135,1.74385,1.74428,1.00,1.00
2018.05.03 20:42:35.469,1.74387,1.7443,1.00,1.37
2018.05.03 20:42:35.993,1.74387,1.7443,1.00,1.00
2018.05.03 20:42:36.365,1.74393,1.74433,1.00,1.00
2018.05.03 20:42:36.741,1.74394,1.74433,1.00,1.37
2018.05.03 20:42:37.322,1.74394,1.74434,1.00,1.37
2018.05.03 20:42:37.558,1.74388,1.74433,1.00,1.12
2018.05.03 20:42:37.985,1.7439,1.74433,1.00,1.12
2018.05.03 20:42:38.036,1.7439,1.74434,1.00,1.12
2018.05.03 20:42:38.240,1.7439,1.74435,1.00,1.75
2018.05.03 20:42:38.587,1.74394,1.74432,1.00,1.00
2018.05.03 20:42:39.055,1.74394,1.74434,1.00,1.75
2018.05.03 20:42:39.299,1.74387,1.74434,1.00,1.12
2018.05.03 20:42:39.553,1.74393,1.74433,1.00,1.12
2018.05.03 20:42:40.088,1.7439,1.74433,1.00,1.12
2018.05.03 20:42:40.601,1.74392,1.74435,1.00,1.75
2018.05.03 20:42:40.855,1.74386,1.74427,1.00,1.00
2018.05.03 20:42:40.906,1.74378,1.74425,2.25,1.37
2018.05.03 20:42:41.078,1.74379,1.74424,2.25,1.75
2018.05.03 20:42:41.383,1.74382,1.74422,1.00,1.37
2018.05.03 20:42:41.893,1.74379,1.74423,1.00,1.37
2018.05.03 20:42:42.216,1.74374,1.74419,1.00,1.12
2018.05.03 20:42:42.662,1.74374,1.74415,1.00,1.37
2018.05.03 20:42:43.166,1.74372,1.74415,1.00,1.50
2018.05.03 20:42:44.142,1.74372,1.74415,1.00,1.12
2018.05.03 20:42:44.294,1.74371,1.74415,1.00,1.50
2018.05.03 20:42:44.666,1.74375,1.74415,1.00,1.75
2018.05.03 20:42:45.125,1.74379,1.7442,1.00,1.50
2018.05.03 20:42:45.599,1.74377,1.74421,1.00,1.50
2018.05.03 20:42:46.330,1.74376,1.74421,1.00,1.50
2018.05.03 20:42:46.789,1.74378,1.74421,1.00,1.75
2018.05.03 20:42:46.840,1.74378,1.74421,1.00,1.75
2018.05.03 20:42:47.660,1.74377,1.74422,1.00,2.25
2018.05.03 20:42:48.302,1.74382,1.74422,1.00,2.25
2018.05.03 20:42:49.182,1.74378,1.74422,1.00,2.25
2018.05.03 20:42:50.196,1.74379,1.74423,1.00,1.37
2018.05.03 20:42:50.298,1.74383,1.74424,1.00,1.37
2018.05.03 20:42:51.292,1.74383,1.74424,1.00,1.50
2018.05.03 20:42:52.364,1.74383,1.74424,1.00,1.00
2018.05.03 20:42:52.415,1.74388,1.74425,1.00,1.87
2018.05.03 20:42:52.863,1.74383,1.74425,1.00,1.87
2018.05.03 20:42:53.324,1.7438,1.74425,1.00,1.37
2018.05.03 20:42:54.315,1.7438,1.74425,1.00,1.12
2018.05.03 20:42:54.370,1.74378,1.74423,1.00,1.00
2018.05.03 20:42:54.645,1.74379,1.74423,1.00,1.12
2018.05.03 20:42:55.247,1.74379,1.74423,1.00,1.87
2018.05.03 20:42:55.914,1.7438,1.74423,1.00,1.87
2018.05.03 20:42:57.608,1.74375,1.74424,1.87,1.37
2018.05.03 20:42:57.817,1.7438,1.74426,1.50,2.62
2018.05.03 20:42:57.868,1.74379,1.74427,1.50,1.87
2018.05.03 20:42:58.231,1.74374,1.74421,2.25,1.75
2018.05.03 20:42:58.333,1.74373,1.7442,1.12,1.37
2018.05.03 20:42:59.281,1.74375,1.74423,1.00,1.75
2018.05.03 20:42:59.585,1.74375,1.74423,1.12,1.75
2018.05.03 20:43:00.232,1.74376,1.74423,1.12,1.75
2018.05.03 20:43:00.892,1.74377,1.74423,1.00,1.75
2018.05.03 20:43:01.702,1.74375,1.74425,1.37,1.12
2018.05.03 20:43:03.638,1.74375,1.74423,1.37,1.87
2018.05.03 20:43:04.629,1.74374,1.74423,1.87,1.12
2018.05.03 20:43:04.680,1.74378,1.74421,1.00,1.37
2018.05.03 20:43:05.203,1.74379,1.74421,1.00,1.37
2018.05.03 20:43:05.746,1.74379,1.74423,1.00,1.50
2018.05.03 20:43:05.880,1.74381,1.74426,1.00,1.75
2018.05.03 20:43:06.144,1.74381,1.74427,1.00,1.00
2018.05.03 20:43:06.713,1.74382,1.74429,1.00,1.75
2018.05.03 20:43:07.091,1.74371,1.74418,2.25,1.00
2018.05.03 20:43:07.142,1.74371,1.74415,1.00,1.00
2018.05.03 20:43:07.823,1.7437,1.74415,1.00,1.00
2018.05.03 20:43:09.346,1.74369,1.74416,1.00,1.12
2018.05.03 20:43:09.397,1.74367,1.74415,1.12,1.75
2018.05.03 20:43:10.138,1.74368,1.74414,1.00,1.75
2018.05.03 20:43:10.794,1.74368,1.74415,1.00,1.75
2018.05.03 20:43:12.902,1.74368,1.74415,1.00,1.75
2018.05.03 20:43:19.108,1.74368,1.74416,1.37,1.50
2018.05.03 20:43:19.425,1.74355,1.74398,1.00,1.75
2018.05.03 20:43:19.578,1.74351,1.74398,1.50,2.62
2018.05.03 20:43:20.149,1.74351,1.74398,1.50,2.62
2018.05.03 20:43:20.941,1.74352,1.74397,1.50,1.50
2018.05.03 20:43:22.177,1.74352,1.74398,1.00,1.87
2018.05.03 20:43:22.993,1.74352,1.74398,1.00,1.87
2018.05.03 20:43:23.980,1.74357,1.74403,1.37,1.50
2018.05.03 20:43:24.698,1.74358,1.74406,1.12,1.12
2018.05.03 20:43:25.249,1.74356,1.74398,1.00,1.87
2018.05.03 20:43:25.300,1.74353,1.74398,2.25,1.87
2018.05.03 20:43:25.911,1.74352,1.74398,2.25,1.37
2018.05.03 20:43:29.243,1.74353,1.74397,1.37,1.50
2018.05.03 20:43:30.078,1.74352,1.74399,1.37,2.25
2018.05.03 20:43:31.349,1.74354,1.744,1.37,1.50
2018.05.03 20:43:31.654,1.74356,1.74405,1.37,1.87
2018.05.03 20:43:32.171,1.74357,1.74404,2.62,1.87
2018.05.03 20:43:32.768,1.74358,1.74405,1.37,1.87
2018.05.03 20:43:35.314,1.74359,1.74406,1.12,1.00
2018.05.03 20:43:35.819,1.7436,1.74408,1.50,1.75
2018.05.03 20:43:35.870,1.74361,1.74409,1.00,1.87
2018.05.03 20:43:36.176,1.74362,1.74409,1.50,1.37
2018.05.03 20:43:36.756,1.74361,1.74408,1.12,1.75
2018.05.03 20:43:36.959,1.74358,1.74404,1.00,1.50
2018.05.03 20:43:37.573,1.74358,1.74402,1.00,1.37
2018.05.03 20:43:38.394,1.74358,1.74403,1.50,1.00
2018.05.03 20:43:38.453,1.7436,1.74407,1.00,1.75
2018.05.03 20:43:38.760,1.74366,1.74408,1.00,1.00
2018.05.03 20:43:38.896,1.74363,1.74408,1.00,1.75
2018.05.03 20:43:39.385,1.74365,1.74408,1.00,1.12
2018.05.03 20:43:39.922,1.74364,1.74409,1.50,1.12
2018.05.03 20:43:40.412,1.74364,1.74407,1.50,1.12
2018.05.03 20:43:40.948,1.74364,1.74407,1.00,1.87
2018.05.03 20:43:41.837,1.74364,1.74409,1.00,1.12
2018.05.03 20:43:42.103,1.74368,1.74412,1.00,2.25
2018.05.03 20:43:42.904,1.74369,1.74411,1.00,1.75
2018.05.03 20:43:43.410,1.74371,1.74412,1.00,1.37
2018.05.03 20:43:43.461,1.74369,1.74411,1.50,2.25
2018.05.03 20:43:43.562,1.74363,1.7441,1.50,1.75
2018.05.03 20:43:43.664,1.74364,1.74409,1.12,1.87
2018.05.03 20:43:44.006,1.74366,1.74409,1.00,1.87
2018.05.03 20:43:44.166,1.74366,1.74409,1.00,1.50
2018.05.03 20:43:44.600,1.74365,1.74414,1.87,2.25
2018.05.03 20:43:44.651,1.74372,1.74414,1.00,1.75
2018.05.03 20:43:44.958,1.74372,1.74411,1.00,1.37
2018.05.03 20:43:45.009,1.74367,1.74411,1.12,1.75
2018.05.03 20:43:45.200,1.74371,1.74413,1.00,1.75
2018.05.03 20:43:45.408,1.74365,1.74406,1.00,1.75
2018.05.03 20:43:45.875,1.74363,1.74405,2.62,1.75
2018.05.03 20:43:46.080,1.74363,1.74407,2.25,1.75
2018.05.03 20:43:46.814,1.74364,1.74407,1.00,1.75
2018.05.03 20:43:50.044,1.74365,1.74407,1.00,1.75
2018.05.03 20:43:51.561,1.74368,1.74409,1.00,1.37
2018.05.03 20:43:51.884,1.7437,1.74415,1.00,1.50
2018.05.03 20:43:52.365,1.74372,1.74412,1.00,1.75
2018.05.03 20:43:52.416,1.74369,1.74407,1.00,1.00
2018.05.03 20:43:52.468,1.7437,1.74408,1.00,1.75
2018.05.03 20:43:52.670,1.74369,1.74409,1.00,1.75
2018.05.03 20:43:52.721,1.74367,1.74409,1.00,1.75
2018.05.03 20:43:53.186,1.74369,1.74414,1.00,1.75
2018.05.03 20:43:53.403,1.74371,1.74414,1.00,1.75
2018.05.03 20:43:53.910,1.74372,1.74414,1.00,1.75
2018.05.03 20:43:54.737,1.74371,1.74414,1.50,1.75
2018.05.03 20:43:55.069,1.74373,1.74414,1.00,1.75
2018.05.03 20:43:55.837,1.74369,1.74413,1.00,1.12
2018.05.03 20:43:56.378,1.74369,1.74414,1.00,1.75
2018.05.03 20:43:57.797,1.7437,1.74414,1.00,1.75
2018.05.03 20:43:57.878,1.74368,1.74412,1.00,1.75
2018.05.03 20:43:58.224,1.74378,1.74414,1.00,1.75
2018.05.03 20:43:58.427,1.74377,1.74417,1.00,1.75
2018.05.03 20:43:59.901,1.74376,1.74413,1.00,1.00
2018.05.03 20:43:59.952,1.74376,1.7441,1.00,1.00
2018.05.03 20:44:00.105,1.74374,1.7441,1.00,1.00
2018.05.03 20:44:00.252,1.74371,1.7441,1.00,1.00
2018.05.03 20:44:00.613,1.74373,1.74412,1.00,1.12
2018.05.03 20:44:01.514,1.74374,1.74413,1.00,1.12
2018.05.03 20:44:02.514,1.74375,1.74413,1.00,1.12
2018.05.03 20:44:03.138,1.74374,1.74413,1.00,1.12
2018.05.03 20:44:03.648,1.74375,1.74412,1.00,1.50
2018.05.03 20:44:04.266,1.74375,1.74413,1.00,1.50
2018.05.03 20:44:05.175,1.74373,1.7441,1.00,1.50
2018.05.03 20:44:05.226,1.74369,1.7441,1.00,1.87
2018.05.03 20:44:05.733,1.74368,1.7441,1.50,1.00
2018.05.03 20:44:05.911,1.74368,1.7441,1.50,1.87
2018.05.03 20:44:06.290,1.7437,1.74408,1.00,1.37
2018.05.03 20:44:06.645,1.74369,1.7441,1.00,1.37
2018.05.03 20:44:07.191,1.7437,1.7441,1.00,1.87
2018.05.03 20:44:07.940,1.7437,1.7441,1.00,3.37
2018.05.03 20:44:09.047,1.74369,1.7441,1.00,3.37
2018.05.03 20:44:09.232,1.74371,1.7441,1.00,3.37
2018.05.03 20:44:09.731,1.74368,1.7441,1.50,1.87
2018.05.03 20:44:10.254,1.74369,1.7441,1.00,3.37
2018.05.03 20:44:10.545,1.74373,1.7441,1.00,3.37
2018.05.03 20:44:11.045,1.74368,1.7441,2.25,1.87
2018.05.03 20:44:11.924,1.74368,1.74402,1.00,1.00
2018.05.03 20:44:12.025,1.74368,1.74406,1.00,1.37
2018.05.03 20:44:12.537,1.74367,1.7441,1.00,2.62
2018.05.03 20:44:14.069,1.74368,1.74409,1.00,1.87
2018.05.03 20:44:14.171,1.74371,1.7441,1.00,3.37
2018.05.03 20:44:14.323,1.74371,1.74411,1.00,1.00
2018.05.03 20:44:14.374,1.74375,1.74412,1.00,1.50
2018.05.03 20:44:14.880,1.74374,1.74412,1.00,1.75
2018.05.03 20:44:18.090,1.7437,1.74409,1.00,1.50
2018.05.03 20:44:18.789,1.74369,1.7441,1.00,1.37
2018.05.03 20:44:19.715,1.74368,1.74409,1.50,1.12
2018.05.03 20:44:20.125,1.74373,1.7441,1.00,1.00
2018.05.03 20:44:20.278,1.74373,1.74413,1.87,1.00
2018.05.03 20:44:20.329,1.74373,1.74416,1.87,1.12
2018.05.03 20:44:20.636,1.74376,1.74417,1.00,1.00
2018.05.03 20:44:20.788,1.74377,1.74421,1.00,1.75
2018.05.03 20:44:21.476,1.74376,1.7442,1.87,1.37
2018.05.03 20:44:21.527,1.74373,1.74416,1.00,1.00
2018.05.03 20:44:21.629,1.74373,1.74418,1.00,1.12
2018.05.03 20:44:21.782,1.74377,1.74419,1.00,1.37
2018.05.03 20:44:23.676,1.74377,1.74418,1.00,1.37
2018.05.03 20:44:24.446,1.74378,1.74419,1.00,1.37
2018.05.03 20:44:25.841,1.74378,1.74417,1.00,1.00
2018.05.03 20:44:26.253,1.74374,1.74418,1.50,1.00
2018.05.03 20:44:26.715,1.74377,1.74417,1.00,1.00
2018.05.03 20:44:27.194,1.74371,1.74417,1.87,1.00
2018.05.03 20:44:27.801,1.74371,1.74418,1.12,1.00
2018.05.03 20:44:29.303,1.74375,1.74419,1.00,1.75
2018.05.03 20:44:29.961,1.74374,1.74419,1.00,1.75
2018.05.03 20:44:30.961,1.74375,1.74419,1.00,1.75
2018.05.03 20:44:31.962,1.74375,1.74419,1.00,1.75
2018.05.03 20:44:32.396,1.74366,1.7441,1.50,1.12
2018.05.03 20:44:32.849,1.74366,1.74408,1.00,1.50
2018.05.03 20:44:33.352,1.74365,1.74408,1.50,1.50
2018.05.03 20:44:34.407,1.74365,1.74409,1.00,1.50
2018.05.03 20:44:34.459,1.74363,1.74409,1.00,1.50
2018.05.03 20:44:34.981,1.74367,1.74409,1.00,2.25
2018.05.03 20:44:36.763,1.74372,1.74417,2.25,1.50
2018.05.03 20:44:37.068,1.74379,1.74424,1.00,1.37
2018.05.03 20:44:37.287,1.74377,1.74425,1.00,1.87
2018.05.03 20:44:37.770,1.74374,1.74425,1.87,1.87
2018.05.03 20:44:38.865,1.74374,1.74424,1.87,1.75
2018.05.03 20:44:39.367,1.74375,1.74423,1.00,1.12
2018.05.03 20:44:39.678,1.74375,1.74422,1.00,1.12
2018.05.03 20:44:39.864,1.74375,1.7442,1.00,1.00
2018.05.03 20:44:40.178,1.74373,1.74415,1.00,1.00
2018.05.03 20:44:40.229,1.74367,1.74414,1.00,1.50
2018.05.03 20:44:40.281,1.74367,1.74414,1.00,2.25
2018.05.03 20:44:40.586,1.74373,1.74421,1.00,1.75
2018.05.03 20:44:40.637,1.74373,1.74421,1.87,1.75
2018.05.03 20:44:40.738,1.74373,1.74421,2.25,1.75
2018.05.03 20:44:41.299,1.74373,1.74422,2.25,2.25
2018.05.03 20:44:41.955,1.74373,1.7442,1.50,1.00
2018.05.03 20:44:45.873,1.74371,1.7442,1.87,1.00
2018.05.03 20:44:47.401,1.74372,1.74422,1.75,1.75
2018.05.03 20:44:48.108,1.74374,1.74421,1.50,1.75
2018.05.03 20:44:49.991,1.74369,1.74414,1.00,1.12
2018.05.03 20:44:50.092,1.74369,1.74413,1.00,1.50
2018.05.03 20:44:50.875,1.74365,1.74413,1.75,2.25
2018.05.03 20:44:51.253,1.74365,1.74413,1.50,2.62
2018.05.03 20:44:51.355,1.74364,1.7441,1.00,1.00
2018.05.03 20:44:51.457,1.74364,1.74409,1.12,1.37
2018.05.03 20:44:51.762,1.74374,1.74414,1.00,1.50
2018.05.03 20:44:52.523,1.74375,1.74413,1.00,1.50
2018.05.03 20:44:53.569,1.74374,1.74413,1.00,1.50
2018.05.03 20:44:54.172,1.74376,1.74413,1.00,1.50
2018.05.03 20:44:54.831,1.74376,1.74414,1.00,1.50
2018.05.03 20:44:54.882,1.74374,1.74414,1.00,1.50
2018.05.03 20:44:55.564,1.74375,1.74415,1.50,1.75
2018.05.03 20:44:56.003,1.74373,1.74415,1.50,1.75
2018.05.03 20:44:56.519,1.74376,1.74413,1.00,1.50
2018.05.03 20:44:57.856,1.74377,1.74408,1.00,1.75
2018.05.03 20:44:57.907,1.74364,1.74406,1.00,1.37
2018.05.03 20:44:58.212,1.7437,1.74406,1.00,1.37
2018.05.03 20:44:58.364,1.74371,1.74406,1.00,1.12
2018.05.03 20:44:58.466,1.7437,1.74412,1.00,1.00
2018.05.03 20:44:58.751,1.74365,1.7441,1.00,1.37
2018.05.03 20:44:59.212,1.74369,1.74409,1.00,1.12
2018.05.03 20:45:00.025,1.74369,1.74409,1.00,1.50
2018.05.03 20:45:00.587,1.74368,1.7441,1.00,2.25
2018.05.03 20:45:00.890,1.74369,1.74413,1.87,1.10
2018.05.03 20:45:01.248,1.74373,1.74413,1.00,1.10
2018.05.03 20:45:01.796,1.74373,1.74414,1.00,1.10
2018.05.03 20:45:02.262,1.74375,1.74416,1.00,1.47
2018.05.03 20:45:02.775,1.74379,1.74415,1.00,1.47
2018.05.03 20:45:03.278,1.74379,1.74416,1.00,1.47
2018.05.03 20:45:04.023,1.74379,1.74415,1.00,1.47
2018.05.03 20:45:04.571,1.74379,1.74416,1.00,1.47
2018.05.03 20:45:05.165,1.7438,1.74416,1.00,1.47
2018.05.03 20:45:05.680,1.74379,1.74416,1.00,1.47
2018.05.03 20:45:07.780,1.74379,1.74415,1.00,1.47
2018.05.03 20:45:08.508,1.74379,1.74416,1.00,1.47
2018.05.03 20:45:08.812,1.74383,1.74416,1.00,1.47
2018.05.03 20:45:10.073,1.74383,1.74415,1.00,1.47
2018.05.03 20:45:10.677,1.74383,1.74419,1.00,1.72
2018.05.03 20:45:10.982,1.7438,1.74416,1.00,1.72
2018.05.03 20:45:11.364,1.74378,1.74419,1.00,1.85
2018.05.03 20:45:12.001,1.74379,1.74419,1.00,1.85
2018.05.03 20:45:12.666,1.74376,1.7441,1.00,1.85
2018.05.03 20:45:13.040,1.74368,1.7441,1.00,2.97
2018.05.03 20:45:13.580,1.74368,1.7441,1.00,1.85
2018.05.03 20:45:14.313,1.74368,1.7441,1.00,2.97
2018.05.03 20:45:17.837,1.74368,1.74414,1.87,2.22
2018.05.03 20:45:17.892,1.74369,1.74413,1.50,1.47
2018.05.03 20:45:18.198,1.74374,1.74413,1.00,1.47
2018.05.03 20:45:19.146,1.7437,1.74407,1.00,1.47
2018.05.03 20:45:19.509,1.74363,1.74407,1.50,1.85
2018.05.03 20:45:19.610,1.74364,1.74408,1.00,1.72
2018.05.03 20:45:19.662,1.74365,1.74409,1.50,1.37
2018.05.03 20:45:19.967,1.74373,1.74413,1.00,1.47
2018.05.03 20:45:20.283,1.74375,1.74412,1.00,1.47
2018.05.03 20:45:20.845,1.74375,1.74413,1.00,1.50
2018.05.03 20:45:21.190,1.7437,1.74413,1.00,1.50
2018.05.03 20:45:21.934,1.7437,1.74414,1.12,1.75
2018.05.03 20:45:23.072,1.7437,1.74415,1.00,1.75
2018.05.03 20:45:26.278,1.74369,1.74415,1.00,1.75
2018.05.03 20:45:26.758,1.74372,1.74414,1.00,1.75
2018.05.03 20:45:27.549,1.74372,1.74415,1.00,1.75
2018.05.03 20:45:28.733,1.74372,1.74414,1.00,1.75
2018.05.03 20:45:29.288,1.74372,1.74415,1.00,1.75
2018.05.03 20:45:30.355,1.74372,1.74414,1.00,1.75
2018.05.03 20:45:30.905,1.74372,1.74415,1.00,1.75
2018.05.03 20:45:31.447,1.74373,1.74415,1.00,1.75
2018.05.03 20:45:31.992,1.74373,1.74414,1.00,1.75
2018.05.03 20:45:32.552,1.74373,1.74415,1.00,1.75
2018.05.03 20:45:32.918,1.74375,1.74415,1.00,1.75
2018.05.03 20:45:33.128,1.74375,1.74414,1.00,1.00
2018.05.03 20:45:33.179,1.74377,1.74413,1.00,1.00
2018.05.03 20:45:33.651,1.74368,1.7441,1.75,1.00
2018.05.03 20:45:33.702,1.74367,1.7441,1.00,2.25
2018.05.03 20:45:34.208,1.74368,1.7441,1.00,1.87
2018.05.03 20:45:34.974,1.74368,1.74408,1.00,1.37
2018.05.03 20:45:36.079,1.74368,1.74411,1.00,1.50
2018.05.03 20:45:36.443,1.74368,1.74412,1.00,1.00
2018.05.03 20:45:36.545,1.74371,1.74411,1.00,1.00
2018.05.03 20:45:36.637,1.74371,1.74414,1.12,1.37
2018.05.03 20:45:36.689,1.74373,1.7442,1.37,1.75
2018.05.03 20:45:36.996,1.74383,1.74421,1.00,1.87
2018.05.03 20:45:37.778,1.74383,1.74421,1.00,1.12
2018.05.03 20:45:39.658,1.74384,1.7442,1.00,1.00
2018.05.03 20:45:40.716,1.74384,1.74421,1.00,1.00
2018.05.03 20:45:42.190,1.74383,1.74423,1.00,1.12
2018.05.03 20:45:42.730,1.74384,1.74424,1.00,1.37
2018.05.03 20:45:46.354,1.74387,1.74424,1.00,1.37
2018.05.03 20:45:47.022,1.74386,1.74424,1.00,1.37
2018.05.03 20:45:47.497,1.7439,1.74425,1.00,1.37
2018.05.03 20:45:48.009,1.74388,1.74413,1.00,1.00
2018.05.03 20:45:48.127,1.74372,1.74416,1.00,1.87
2018.05.03 20:45:48.398,1.74371,1.74416,1.00,1.49
2018.05.03 20:45:48.450,1.74371,1.74416,1.00,1.49
2018.05.03 20:45:50.146,1.74371,1.74415,1.00,1.74
2018.05.03 20:45:50.197,1.74368,1.74415,1.50,1.74
2018.05.03 20:45:50.907,1.74377,1.74418,1.00,1.74
2018.05.03 20:45:50.958,1.74377,1.74425,1.87,1.49
2018.05.03 20:45:51.060,1.74378,1.74427,1.50,2.24
2018.05.03 20:45:51.263,1.74375,1.74426,2.25,2.24
2018.05.03 20:45:51.636,1.74377,1.74423,1.12,1.49
2018.05.03 20:45:52.116,1.74384,1.74422,1.00,2.24
2018.05.03 20:45:52.638,1.74384,1.74422,1.00,1.37
2018.05.03 20:45:53.713,1.74384,1.74422,1.00,2.24
2018.05.03 20:45:53.982,1.74377,1.74417,1.37,1.74
2018.05.03 20:45:54.033,1.74376,1.74421,1.00,1.00
2018.05.03 20:45:54.420,1.74384,1.74421,1.00,1.12
2018.05.03 20:45:55.020,1.74384,1.74421,1.00,2.25
2018.05.03 20:45:55.737,1.74384,1.74421,1.00,1.50
2018.05.03 20:46:00.613,1.74379,1.74419,1.00,1.75
2018.05.03 20:46:00.864,1.74371,1.74416,1.00,1.74
2018.05.03 20:46:00.915,1.74373,1.7442,1.00,2.24
2018.05.03 20:46:01.418,1.74374,1.74418,1.00,1.00
2018.05.03 20:46:01.820,1.74374,1.74418,1.00,1.74
2018.05.03 20:46:02.212,1.74378,1.74419,1.00,1.75
2018.05.03 20:46:02.873,1.74378,1.74418,1.00,1.75
2018.05.03 20:46:05.871,1.74379,1.74416,1.00,1.00
2018.05.03 20:46:06.268,1.74381,1.74419,1.00,1.00
2018.05.03 20:46:06.420,1.74385,1.74422,1.00,1.75
2018.05.03 20:46:06.809,1.74379,1.74422,1.00,1.50
2018.05.03 20:46:09.919,1.74381,1.74423,1.00,1.37
2018.05.03 20:46:10.494,1.74381,1.74424,1.00,1.37
2018.05.03 20:46:11.858,1.7438,1.74423,1.00,1.75
2018.05.03 20:46:15.837,1.74378,1.74426,1.50,1.50
2018.05.03 20:46:16.331,1.7438,1.74425,1.00,1.50
2018.05.03 20:46:17.961,1.74379,1.74425,1.50,1.50
2018.05.03 20:46:19.416,1.74379,1.74425,1.50,1.87
2018.05.03 20:46:19.518,1.74382,1.74428,1.00,1.12
2018.05.03 20:46:21.188,1.74377,1.74421,1.00,1.37
2018.05.03 20:46:21.545,1.74377,1.74417,1.00,1.00
2018.05.03 20:46:21.597,1.74371,1.74416,1.50,1.00
2018.05.03 20:46:21.706,1.74374,1.74421,1.00,1.50
2018.05.03 20:46:21.963,1.74377,1.74421,1.00,1.75
2018.05.03 20:46:22.463,1.74375,1.74421,1.00,1.75
2018.05.03 20:46:23.597,1.74366,1.74411,1.00,1.87
2018.05.03 20:46:23.903,1.7437,1.74411,1.00,1.12
2018.05.03 20:46:24.299,1.74364,1.74411,1.87,1.75
2018.05.03 20:46:25.695,1.74365,1.74412,1.00,1.75
2018.05.03 20:46:26.360,1.74366,1.74411,1.00,1.75
2018.05.03 20:46:26.649,1.74363,1.74406,1.00,1.75
2018.05.03 20:46:26.802,1.74364,1.74412,1.00,1.87
2018.05.03 20:46:27.056,1.74364,1.7441,1.12,1.37
2018.05.03 20:46:27.360,1.74368,1.74412,1.00,1.75
2018.05.03 20:46:27.902,1.74368,1.74409,1.00,1.37
2018.05.03 20:46:28.106,1.74364,1.74409,1.50,1.37
2018.05.03 20:46:29.125,1.74364,1.74409,1.50,1.37
2018.05.03 20:46:30.189,1.74361,1.7441,1.87,1.12
2018.05.03 20:46:30.699,1.74361,1.74411,1.37,1.12
2018.05.03 20:46:31.252,1.74363,1.7441,1.00,1.12
2018.05.03 20:46:31.405,1.74374,1.74425,1.50,1.50
2018.05.03 20:46:31.699,1.74376,1.74425,1.12,2.62
2018.05.03 20:46:32.040,1.74379,1.74425,1.00,2.62
2018.05.03 20:46:32.630,1.7438,1.74425,1.00,1.75
2018.05.03 20:46:33.262,1.74379,1.74424,1.00,2.62
2018.05.03 20:46:34.044,1.74376,1.74424,1.87,2.62
2018.05.03 20:46:34.614,1.74376,1.74424,1.12,1.37
2018.05.03 20:46:34.716,1.7438,1.74424,1.00,1.37
2018.05.03 20:46:35.294,1.7438,1.74424,1.00,2.62
2018.05.03 20:46:36.286,1.7438,1.74424,1.00,1.37
2018.05.03 20:46:37.079,1.74377,1.74425,1.00,2.62
2018.05.03 20:46:39.473,1.74376,1.74423,1.12,1.37
2018.05.03 20:46:40.131,1.74377,1.74422,1.00,1.50
2018.05.03 20:46:41.517,1.74376,1.74422,1.00,1.87
2018.05.03 20:46:42.562,1.74376,1.74421,1.12,1.50
2018.05.03 20:46:43.291,1.74377,1.74421,1.00,1.50
2018.05.03 20:46:43.949,1.74377,1.74422,1.00,1.50
2018.05.03 20:46:48.241,1.74377,1.74422,1.00,1.87
2018.05.03 20:46:48.845,1.74373,1.74417,1.00,1.00
2018.05.03 20:46:49.048,1.74369,1.74417,1.50,1.87
2018.05.03 20:46:49.149,1.74369,1.74417,1.12,1.87
2018.05.03 20:46:49.454,1.74367,1.74415,1.12,1.12
2018.05.03 20:46:52.119,1.74368,1.74417,1.75,2.62
2018.05.03 20:46:52.322,1.74375,1.74422,1.50,1.00
2018.05.03 20:46:53.151,1.74376,1.74421,2.25,1.00
2018.05.03 20:46:53.496,1.74371,1.74416,1.00,1.50
2018.05.03 20:46:53.814,1.74368,1.74417,1.12,1.75
2018.05.03 20:46:55.160,1.7437,1.74421,1.75,1.87
2018.05.03 20:46:55.262,1.74374,1.74422,2.25,1.50
2018.05.03 20:46:55.822,1.74375,1.74421,1.00,1.75
2018.05.03 20:46:56.127,1.74377,1.74418,1.00,1.87
2018.05.03 20:46:56.603,1.74372,1.74419,1.12,1.87
2018.05.03 20:46:56.914,1.74377,1.74419,1.00,1.37
2018.05.03 20:46:57.306,1.74375,1.7442,1.00,1.87
2018.05.03 20:46:58.100,1.74376,1.7442,1.00,1.87
2018.05.03 20:47:02.938,1.74376,1.74419,1.00,1.75
2018.05.03 20:47:03.874,1.74373,1.74412,1.00,1.37
2018.05.03 20:47:04.342,1.74369,1.74409,1.00,1.00
2018.05.03 20:47:04.831,1.74371,1.7441,1.00,1.00
2018.05.03 20:47:05.226,1.74372,1.74412,1.00,1.00
2018.05.03 20:47:05.277,1.74372,1.74417,1.50,1.12
2018.05.03 20:47:05.328,1.74381,1.74425,1.00,2.25
2018.05.03 20:47:05.734,1.7439,1.74425,1.00,2.25
2018.05.03 20:47:06.584,1.7439,1.74431,1.00,1.12
2018.05.03 20:47:06.731,1.74392,1.74431,1.00,1.37
2018.05.03 20:47:07.217,1.74389,1.7443,1.00,1.00
2018.05.03 20:47:07.745,1.74393,1.74431,1.00,1.00
2018.05.03 20:47:08.332,1.74394,1.7443,1.00,1.00
2018.05.03 20:47:08.990,1.74394,1.74431,1.00,1.00
2018.05.03 20:47:09.542,1.74381,1.74421,1.00,1.00
2018.05.03 20:47:09.710,1.74382,1.74423,1.00,1.00
2018.05.03 20:47:09.761,1.74379,1.74423,1.00,1.00
2018.05.03 20:47:10.214,1.7438,1.74424,1.37,1.00
2018.05.03 20:47:10.265,1.74384,1.7443,1.75,1.12
2018.05.03 20:47:10.982,1.74385,1.74432,1.50,1.37
2018.05.03 20:47:11.034,1.74379,1.74426,1.37,1.87
2018.05.03 20:47:11.136,1.74374,1.7442,1.12,1.50
2018.05.03 20:47:11.187,1.74374,1.7442,1.00,1.12
2018.05.03 20:47:12.837,1.74374,1.74419,1.00,1.50
2018.05.03 20:47:12.990,1.74374,1.7442,1.00,1.12
2018.05.03 20:47:13.623,1.74375,1.74421,1.00,1.87
2018.05.03 20:47:14.175,1.74375,1.74422,1.50,2.62
2018.05.03 20:47:14.226,1.74376,1.74422,1.75,1.00
2018.05.03 20:47:14.278,1.74381,1.7443,2.62,1.12
2018.05.03 20:47:14.359,1.74385,1.74429,1.00,1.37
2018.05.03 20:47:14.782,1.74387,1.7443,1.00,1.37
2018.05.03 20:47:15.115,1.74386,1.7443,1.00,1.00
2018.05.03 20:47:15.322,1.74388,1.7443,1.00,1.00
2018.05.03 20:47:15.650,1.74388,1.7443,1.00,1.37
2018.05.03 20:47:16.261,1.74388,1.7443,1.50,1.37
2018.05.03 20:47:16.953,1.74394,1.74437,1.00,1.75
2018.05.03 20:47:17.005,1.74394,1.74443,1.00,1.12
2018.05.03 20:47:17.056,1.74394,1.74442,1.12,1.00
2018.05.03 20:47:17.159,1.744,1.74442,1.00,1.00
2018.05.03 20:47:17.705,1.74395,1.74442,1.50,1.00
2018.05.03 20:47:18.265,1.74395,1.74441,3.00,1.00
2018.05.03 20:47:18.318,1.74382,1.74422,1.50,1.00
2018.05.03 20:47:18.522,1.74376,1.7442,1.00,1.75
2018.05.03 20:47:18.877,1.74373,1.74418,1.12,1.37
2018.05.03 20:47:19.303,1.74375,1.74417,1.00,1.12
2018.05.03 20:47:19.915,1.74374,1.74418,1.00,1.00
2018.05.03 20:47:20.577,1.74373,1.74418,1.12,1.00
2018.05.03 20:47:21.200,1.74374,1.74417,1.12,1.00
2018.05.03 20:47:21.895,1.74373,1.74417,1.12,1.00
2018.05.03 20:47:22.671,1.74376,1.74424,1.37,1.50
2018.05.03 20:47:23.080,1.74383,1.74428,1.37,1.37
2018.05.03 20:47:23.583,1.7438,1.74429,1.50,1.75
2018.05.03 20:47:25.277,1.74383,1.74429,1.12,1.75
2018.05.03 20:47:32.704,1.74385,1.74433,2.25,1.50
2018.05.03 20:47:33.175,1.7439,1.74433,1.00,1.50
2018.05.03 20:47:36.722,1.74389,1.74432,1.00,1.12
2018.05.03 20:47:36.777,1.7439,1.74432,1.00,1.12
2018.05.03 20:47:37.082,1.74386,1.74434,1.87,2.62
2018.05.03 20:47:37.747,1.74389,1.74434,1.00,2.25
2018.05.03 20:47:38.619,1.74389,1.74434,1.37,1.37
2018.05.03 20:47:44.735,1.74389,1.74431,1.00,1.87
2018.05.03 20:47:44.904,1.74386,1.7443,1.00,1.50
2018.05.03 20:47:45.294,1.74387,1.74429,1.00,1.12
2018.05.03 20:47:45.345,1.7438,1.74429,3.37,1.12
2018.05.03 20:47:45.952,1.74382,1.74429,1.37,2.62
2018.05.03 20:47:46.104,1.74386,1.74432,1.50,1.37
2018.05.03 20:47:46.442,1.74388,1.74434,1.00,1.75
2018.05.03 20:47:46.939,1.74388,1.74433,1.12,1.00
2018.05.03 20:47:47.646,1.74388,1.74432,1.50,1.00
2018.05.03 20:47:48.933,1.74388,1.74436,1.00,1.75
2018.05.03 20:47:49.036,1.74387,1.74433,1.00,1.75
2018.05.03 20:47:49.342,1.74382,1.7443,1.00,1.00
2018.05.03 20:47:50.136,1.74383,1.74429,1.00,1.00
2018.05.03 20:47:50.668,1.74381,1.7443,1.75,1.87
2018.05.03 20:47:52.282,1.74386,1.7443,1.00,1.12
2018.05.03 20:47:52.871,1.74385,1.74431,1.00,1.00
2018.05.03 20:47:53.553,1.74385,1.74433,1.00,1.87
2018.05.03 20:47:53.857,1.74385,1.74432,1.37,1.75
2018.05.03 20:47:55.787,1.74384,1.74433,1.75,3.00
2018.05.03 20:47:55.838,1.74386,1.74432,1.75,1.00
2018.05.03 20:47:57.749,1.74388,1.74432,1.37,1.87
2018.05.03 20:47:57.851,1.74392,1.74437,1.12,2.25
2018.05.03 20:47:58.563,1.74392,1.74434,1.12,1.00
2018.05.03 20:47:58.614,1.74391,1.74441,1.75,1.12
2018.05.03 20:47:59.221,1.74394,1.74442,1.37,1.87
2018.05.03 20:47:59.886,1.74394,1.74442,1.50,3.00
2018.05.03 20:48:05.149,1.74394,1.74442,1.37,1.87
2018.05.03 20:48:06.133,1.74394,1.74442,1.50,2.62
2018.05.03 20:48:06.816,1.74399,1.74442,1.12,1.87
2018.05.03 20:48:09.008,1.744,1.74445,1.87,1.37
2018.05.03 20:48:09.524,1.74401,1.74442,1.12,1.00
2018.05.03 20:48:09.850,1.74401,1.74444,1.37,1.37
2018.05.03 20:48:10.407,1.74402,1.74442,1.00,1.37
2018.05.03 20:48:10.458,1.74394,1.7444,1.37,1.37
2018.05.03 20:48:11.042,1.74393,1.7444,2.62,1.50
2018.05.03 20:48:12.176,1.74393,1.74437,1.87,1.37
2018.05.03 20:48:12.528,1.74393,1.74438,1.50,1.37
2018.05.03 20:48:13.453,1.74393,1.74438,1.87,1.37
2018.05.03 20:48:13.504,1.744,1.74444,1.00,1.75
2018.05.03 20:48:14.097,1.74399,1.74443,1.00,1.75
2018.05.03 20:48:18.287,1.74396,1.74434,1.00,1.75
2018.05.03 20:48:18.389,1.74395,1.74436,1.00,1.50
2018.05.03 20:48:18.491,1.74396,1.74438,1.00,1.37
2018.05.03 20:48:18.744,1.74394,1.74438,1.00,1.37
2018.05.03 20:48:20.404,1.74396,1.74438,1.00,1.37
2018.05.03 20:48:21.025,1.74396,1.74437,1.00,1.37
2018.05.03 20:48:25.188,1.74396,1.74437,1.00,1.12
2018.05.03 20:48:25.689,1.74395,1.7444,1.00,1.75
2018.05.03 20:48:28.864,1.74394,1.7444,1.12,1.75
2018.05.03 20:48:30.576,1.74405,1.74446,1.00,1.50
2018.05.03 20:48:31.080,1.74402,1.74448,1.00,2.25
2018.05.03 20:48:34.048,1.74401,1.74448,2.62,2.25
2018.05.03 20:48:35.147,1.74402,1.74447,2.25,2.25
2018.05.03 20:48:35.863,1.74402,1.74448,1.00,2.25
2018.05.03 20:48:36.367,1.74403,1.74448,1.00,2.25
2018.05.03 20:48:36.869,1.74401,1.74448,3.00,2.25
2018.05.03 20:48:38.609,1.74402,1.74448,1.00,2.25
2018.05.03 20:48:39.696,1.74403,1.74448,1.00,2.25
2018.05.03 20:48:40.182,1.74405,1.74448,1.00,3.00
2018.05.03 20:48:46.000,1.74405,1.74447,1.50,2.25
2018.05.03 20:48:46.551,1.74407,1.74447,1.00,2.25
2018.05.03 20:48:47.173,1.74408,1.74447,1.00,2.25
2018.05.03 20:48:47.834,1.74408,1.74448,1.00,2.25
2018.05.03 20:48:50.599,1.74407,1.74448,1.00,2.25
2018.05.03 20:48:51.141,1.74408,1.74448,1.00,2.25
2018.05.03 20:48:51.798,1.74407,1.74448,1.00,2.25
2018.05.03 20:48:54.100,1.74408,1.74448,1.00,2.25
2018.05.03 20:48:55.491,1.74408,1.74448,1.00,1.37
2018.05.03 20:48:55.542,1.74408,1.74448,1.00,2.25
2018.05.03 20:48:55.592,1.74408,1.74448,1.00,1.87
2018.05.03 20:48:55.913,1.74403,1.74448,1.50,1.37
2018.05.03 20:48:57.090,1.74402,1.74448,1.00,1.75
2018.05.03 20:49:00.432,1.744,1.74439,1.00,1.00
2018.05.03 20:49:00.737,1.744,1.74432,1.00,1.12
2018.05.03 20:49:00.909,1.74395,1.74434,1.00,1.50
2018.05.03 20:49:02.592,1.74395,1.74435,1.00,1.50
2018.05.03 20:49:04.652,1.74399,1.74442,1.50,1.37
2018.05.03 20:49:05.154,1.744,1.74441,1.00,1.50
2018.05.03 20:49:06.156,1.74404,1.74441,1.00,1.50
2018.05.03 20:49:06.800,1.74403,1.74442,1.00,1.12
2018.05.03 20:49:07.610,1.74401,1.74444,1.00,1.37
2018.05.03 20:49:08.156,1.744,1.74443,1.50,1.37
2018.05.03 20:49:08.785,1.744,1.74444,1.00,1.37
2018.05.03 20:49:09.113,1.74402,1.74444,1.00,1.37
2018.05.03 20:49:09.774,1.74402,1.74443,1.00,1.37
2018.05.03 20:49:10.300,1.74402,1.74444,1.00,1.37
2018.05.03 20:49:16.382,1.74402,1.74443,1.00,1.37
2018.05.03 20:49:17.039,1.74402,1.74444,1.00,1.37
2018.05.03 20:49:17.469,1.744,1.74444,1.00,1.37
2018.05.03 20:49:18.608,1.74401,1.74443,1.00,1.37
2018.05.03 20:49:19.159,1.744,1.74443,1.00,1.37
2018.05.03 20:49:21.278,1.74402,1.74443,1.00,1.37
2018.05.03 20:49:21.693,1.74399,1.74443,1.12,1.37
2018.05.03 20:49:38.940,1.74398,1.74444,1.12,1.37
2018.05.03 20:49:39.520,1.74401,1.74443,1.00,1.37
2018.05.03 20:49:40.037,1.744,1.74444,1.50,1.87
2018.05.03 20:49:40.573,1.74401,1.74444,1.00,1.50
2018.05.03 20:49:41.686,1.74401,1.74443,1.00,1.50
2018.05.03 20:49:42.691,1.74401,1.74444,1.00,1.50
2018.05.03 20:49:43.396,1.74401,1.74443,1.00,1.50
2018.05.03 20:49:44.059,1.74401,1.74444,1.00,1.50
2018.05.03 20:49:47.230,1.74401,1.74443,1.00,1.50
2018.05.03 20:49:49.638,1.74401,1.74446,1.00,1.00
2018.05.03 20:49:49.689,1.74402,1.74445,1.00,1.37
2018.05.03 20:49:50.157,1.74398,1.74445,1.37,1.37
2018.05.03 20:49:50.495,1.74404,1.74447,1.50,1.00
2018.05.03 20:49:50.546,1.74407,1.74451,1.12,1.50
2018.05.03 20:49:50.700,1.74407,1.74449,1.12,1.37
2018.05.03 20:49:51.838,1.74402,1.74451,2.25,1.37
2018.05.03 20:49:51.893,1.74405,1.74448,1.37,1.37
2018.05.03 20:49:52.877,1.74405,1.74449,1.00,1.37
2018.05.03 20:49:53.280,1.744,1.74449,2.62,1.37
2018.05.03 20:49:53.960,1.74404,1.74449,1.00,1.37
2018.05.03 20:49:56.610,1.74402,1.74449,1.37,1.37
2018.05.03 20:49:56.851,1.74401,1.74446,1.00,1.37
2018.05.03 20:49:57.646,1.74401,1.74447,1.00,1.37
2018.05.03 20:49:57.969,1.74402,1.74441,1.00,1.37
2018.05.03 20:49:58.121,1.74395,1.7444,1.75,1.37
2018.05.03 20:49:59.141,1.74397,1.74442,1.12,1.50
2018.05.03 20:49:59.658,1.74398,1.74443,1.00,1.50
2018.05.03 20:50:00.183,1.74394,1.74439,1.50,1.12
2018.05.03 20:50:00.386,1.74393,1.74438,2.25,1.37
2018.05.03 20:50:00.640,1.74393,1.74439,1.00,1.50
2018.05.03 20:50:01.159,1.74391,1.74439,1.87,1.50
2018.05.03 20:50:02.096,1.74391,1.74441,1.37,1.12
2018.05.03 20:50:02.693,1.74395,1.74442,1.00,1.75
2018.05.03 20:50:04.069,1.74395,1.74438,1.00,1.00
2018.05.03 20:50:04.576,1.74393,1.74441,1.00,1.75
2018.05.03 20:50:05.181,1.74393,1.7444,1.00,1.00
2018.05.03 20:50:05.708,1.74394,1.7444,1.00,1.00
2018.05.03 20:50:06.329,1.74393,1.74441,1.00,1.37
2018.05.03 20:50:07.413,1.74393,1.74441,1.00,1.87
2018.05.03 20:50:07.993,1.74393,1.7444,1.00,1.12
2018.05.03 20:50:08.572,1.74393,1.74439,1.00,1.00
2018.05.03 20:50:09.231,1.74394,1.74439,1.00,1.00
2018.05.03 20:50:10.721,1.74394,1.74438,1.00,1.00
2018.05.03 20:50:11.612,1.74394,1.74442,1.00,1.87
2018.05.03 20:50:12.201,1.74395,1.74439,1.00,1.00
2018.05.03 20:50:12.862,1.74394,1.74442,1.00,1.75
2018.05.03 20:50:13.724,1.7439,1.74439,1.50,1.00
2018.05.03 20:50:14.241,1.74391,1.7444,1.50,1.12
2018.05.03 20:50:14.846,1.74391,1.74441,1.50,1.12
2018.05.03 20:50:20.099,1.744,1.74448,1.00,1.87
2018.05.03 20:50:20.196,1.744,1.74448,1.00,1.00
2018.05.03 20:50:20.247,1.74405,1.7445,1.00,1.75
2018.05.03 20:50:20.632,1.744,1.74449,1.00,1.37
2018.05.03 20:50:21.072,1.74402,1.74449,1.00,1.37
2018.05.03 20:50:21.743,1.74402,1.74449,1.00,1.12
2018.05.03 20:50:23.256,1.74399,1.7445,1.50,1.75
2018.05.03 20:50:23.307,1.74401,1.7445,1.00,1.75
2018.05.03 20:50:23.808,1.744,1.7445,1.00,1.75
2018.05.03 20:50:24.410,1.74402,1.74449,1.00,1.37
2018.05.03 20:50:26.719,1.74403,1.74449,1.00,1.37
2018.05.03 20:50:27.111,1.74403,1.74449,1.00,1.12
2018.05.03 20:50:27.420,1.74388,1.74432,1.00,1.37
2018.05.03 20:50:27.471,1.74388,1.74434,1.00,1.00
2018.05.03 20:50:27.522,1.74392,1.74434,1.00,1.00
2018.05.03 20:50:28.027,1.74396,1.74437,1.00,1.12
2018.05.03 20:50:28.253,1.7439,1.74434,1.00,1.00
2018.05.03 20:50:28.957,1.74394,1.74437,1.00,1.12
2018.05.03 20:50:30.766,1.74384,1.74433,1.37,3.00
2018.05.03 20:50:30.999,1.74379,1.7443,2.25,1.37
2018.05.03 20:50:33.023,1.74383,1.7443,1.50,1.75
2018.05.03 20:50:34.134,1.74384,1.74429,1.00,1.50
2018.05.03 20:50:34.267,1.74387,1.74429,1.00,2.25
2018.05.03 20:50:34.777,1.74386,1.74429,1.00,1.50
2018.05.03 20:50:35.241,1.74391,1.74435,1.00,1.50
2018.05.03 20:50:35.739,1.74393,1.74438,1.00,1.75
2018.05.03 20:50:37.263,1.74392,1.74439,1.00,1.12
2018.05.03 20:50:37.367,1.74392,1.7444,1.00,1.75
2018.05.03 20:50:37.581,1.74398,1.74439,1.00,1.75
2018.05.03 20:50:39.045,1.74397,1.7444,1.00,1.75
2018.05.03 20:50:39.096,1.74398,1.74443,1.00,1.75
2018.05.03 20:50:39.147,1.74406,1.74451,1.00,1.12
2018.05.03 20:50:39.349,1.74405,1.74452,1.00,1.75
2018.05.03 20:50:39.451,1.74405,1.74447,1.00,1.12
2018.05.03 20:50:39.502,1.74396,1.74446,1.00,1.87
2018.05.03 20:50:39.676,1.74392,1.74441,1.37,1.50
2018.05.03 20:50:40.188,1.74388,1.74442,1.87,2.25
2018.05.03 20:50:42.186,1.74388,1.74442,1.37,2.25
2018.05.03 20:50:43.388,1.74388,1.74442,1.50,2.25
2018.05.03 20:50:43.692,1.7439,1.74442,1.12,1.87
2018.05.03 20:50:44.390,1.7439,1.74441,1.87,1.37
2018.05.03 20:50:44.667,1.7439,1.74442,1.12,1.37
2018.05.03 20:50:44.790,1.7439,1.74441,1.87,1.37
2018.05.03 20:50:45.212,1.7439,1.74442,1.12,1.37
2018.05.03 20:50:45.600,1.7439,1.74442,1.12,1.37
2018.05.03 20:50:46.186,1.74389,1.74442,1.75,1.87
2018.05.03 20:50:46.703,1.7439,1.74441,1.12,1.37
2018.05.03 20:50:46.855,1.7439,1.74441,1.75,1.87
2018.05.03 20:50:47.028,1.7439,1.74441,1.12,1.37
2018.05.03 20:50:47.173,1.7439,1.74441,1.75,1.87
2018.05.03 20:50:47.557,1.7439,1.74441,1.12,1.37
2018.05.03 20:50:48.104,1.74389,1.74441,1.87,1.37
2018.05.03 20:50:48.664,1.7439,1.74441,1.12,1.37
2018.05.03 20:50:48.990,1.7439,1.74441,1.12,1.37
2018.05.03 20:50:50.198,1.74391,1.74441,1.12,1.12
2018.05.03 20:50:50.611,1.7439,1.74441,1.87,1.37
2018.05.03 20:50:50.765,1.74391,1.74441,1.12,1.12
2018.05.03 20:50:51.290,1.74389,1.74441,1.87,1.37
2018.05.03 20:50:51.806,1.74391,1.74441,1.12,1.12
2018.05.03 20:50:52.024,1.74391,1.74441,1.75,1.37
2018.05.03 20:50:52.075,1.74391,1.74441,1.12,1.12
2018.05.03 20:50:52.264,1.7439,1.74441,1.87,1.37
2018.05.03 20:50:52.396,1.74391,1.74441,1.12,1.12
2018.05.03 20:50:52.791,1.74401,1.74451,1.12,1.00
2018.05.03 20:50:52.943,1.74402,1.74457,1.87,1.87
2018.05.03 20:51:00.538,1.74403,1.74454,1.12,1.00
2018.05.03 20:51:02.665,1.74403,1.74457,1.12,1.37
2018.05.03 20:51:04.901,1.74404,1.74456,1.37,1.50
2018.05.03 20:51:05.457,1.74403,1.74457,1.12,1.37
2018.05.03 20:51:12.164,1.74403,1.74457,1.12,1.37
2018.05.03 20:51:12.278,1.74408,1.74457,2.25,1.87
2018.05.03 20:51:12.785,1.74407,1.74457,3.00,1.37
2018.05.03 20:51:13.433,1.74407,1.74458,3.00,1.87
2018.05.03 20:51:15.258,1.74407,1.74457,3.00,1.37
2018.05.03 20:51:15.581,1.74409,1.74457,1.50,1.37
2018.05.03 20:51:15.687,1.74406,1.74453,1.75,1.37
2018.05.03 20:51:15.738,1.74404,1.74451,1.37,1.37
2018.05.03 20:51:15.789,1.74406,1.74457,1.75,1.37
2018.05.03 20:51:15.842,1.74409,1.74462,1.50,1.37
2018.05.03 20:51:16.017,1.74413,1.74462,1.75,1.00
2018.05.03 20:51:16.119,1.74412,1.74465,1.75,1.37
2018.05.03 20:51:16.322,1.74413,1.74465,1.75,1.75
2018.05.03 20:51:16.373,1.74412,1.74466,1.75,2.25
2018.05.03 20:51:17.692,1.74415,1.74464,1.00,1.12
2018.05.03 20:51:18.415,1.74416,1.74467,1.00,1.87
2018.05.03 20:51:18.566,1.74414,1.74467,1.00,1.87
2018.05.03 20:51:19.436,1.74417,1.7447,1.50,1.37
2018.05.03 20:51:19.756,1.74414,1.74466,1.37,1.37
2018.05.03 20:51:20.267,1.74419,1.74466,1.00,1.37
2018.05.03 20:51:22.497,1.74418,1.74466,1.00,1.37
2018.05.03 20:51:23.045,1.74419,1.74466,1.00,1.37
2018.05.03 20:51:23.702,1.7442,1.74463,1.00,1.00
2018.05.03 20:51:23.840,1.74417,1.74464,1.00,1.00
2018.05.03 20:51:24.794,1.74412,1.74464,1.75,1.00
2018.05.03 20:51:25.309,1.74411,1.74465,1.75,1.12
2018.05.03 20:51:25.361,1.74408,1.74462,1.12,1.75
2018.05.03 20:51:25.672,1.74408,1.74459,1.12,1.37
2018.05.03 20:51:26.068,1.7441,1.74462,1.12,1.50
2018.05.03 20:51:26.119,1.7441,1.74462,1.12,1.37
2018.05.03 20:51:26.235,1.74412,1.74462,1.75,1.12
2018.05.03 20:51:26.388,1.74411,1.74463,1.75,1.37
2018.05.03 20:51:26.490,1.7441,1.74464,1.12,1.37
2018.05.03 20:51:26.541,1.74412,1.74466,1.37,1.37
2018.05.03 20:51:28.277,1.74408,1.74458,2.62,1.12
2018.05.03 20:51:28.429,1.74409,1.74458,1.75,1.00
2018.05.03 20:51:28.480,1.74409,1.74461,1.50,1.37
2018.05.03 20:51:28.582,1.74409,1.74457,1.87,1.00
2018.05.03 20:51:29.351,1.74409,1.74458,1.12,1.00
2018.05.03 20:51:29.900,1.74417,1.74469,1.12,1.87
2018.05.03 20:51:30.586,1.74418,1.74469,1.75,1.37
2018.05.03 20:51:31.325,1.74417,1.7447,1.37,1.87
2018.05.03 20:51:32.699,1.74418,1.74469,1.37,1.37
2018.05.03 20:51:33.301,1.74419,1.7447,1.37,1.37
2018.05.03 20:51:33.964,1.7442,1.7447,1.12,1.12
2018.05.03 20:51:35.183,1.74421,1.7447,1.37,1.12
2018.05.03 20:51:35.286,1.74418,1.74469,1.12,1.12
2018.05.03 20:51:35.388,1.74423,1.74471,1.12,1.00
2018.05.03 20:51:35.937,1.74426,1.74471,1.50,1.00
2018.05.03 20:51:36.551,1.74426,1.74471,1.50,1.00
2018.05.03 20:51:37.454,1.74426,1.74475,1.50,1.37
2018.05.03 20:51:37.977,1.74426,1.74472,1.50,1.12
2018.05.03 20:51:38.898,1.74426,1.74472,1.50,1.00
2018.05.03 20:51:39.477,1.74426,1.74471,1.50,1.00
2018.05.03 20:51:40.300,1.74423,1.74471,2.62,1.12
2018.05.03 20:51:40.402,1.74423,1.7447,1.37,1.00
2018.05.03 20:51:40.995,1.7442,1.74469,1.87,1.00
2018.05.03 20:51:41.617,1.74425,1.74469,1.37,1.12
2018.05.03 20:51:42.250,1.74423,1.7447,1.87,1.12
2018.05.03 20:51:44.419,1.74425,1.74469,1.12,1.00
2018.05.03 20:51:56.428,1.7443,1.7447,1.00,1.37
2018.05.03 20:51:58.518,1.74433,1.7447,1.00,1.37
2018.05.03 20:51:59.082,1.74429,1.7447,1.00,1.37
2018.05.03 20:52:05.410,1.74431,1.74469,1.00,1.37
2018.05.03 20:52:05.924,1.7443,1.74469,1.00,1.12
2018.05.03 20:52:15.815,1.74428,1.74469,1.12,1.12
2018.05.03 20:52:16.366,1.74427,1.7447,1.00,1.37
2018.05.03 20:52:20.675,1.74428,1.74469,1.00,1.12
2018.05.03 20:52:21.710,1.74427,1.74469,1.00,1.12
2018.05.03 20:52:22.233,1.74427,1.7447,1.00,1.37
2018.05.03 20:52:22.734,1.74426,1.7447,1.12,1.37
2018.05.03 20:52:24.348,1.74425,1.74469,1.12,1.12
2018.05.03 20:52:25.062,1.74426,1.74469,1.12,1.37
2018.05.03 20:52:25.608,1.74424,1.74469,1.37,1.37
2018.05.03 20:52:31.824,1.74424,1.7447,1.37,1.87
2018.05.03 20:52:33.575,1.74422,1.7447,1.87,1.87
2018.05.03 20:52:36.475,1.74424,1.74469,1.37,1.37
2018.05.03 20:52:36.576,1.74423,1.7447,1.12,1.87
2018.05.03 20:52:43.509,1.74424,1.74469,1.00,1.37
2018.05.03 20:52:45.694,1.74424,1.74469,1.12,1.37
2018.05.03 20:52:46.388,1.74422,1.7447,1.37,1.37
2018.05.03 20:52:47.368,1.74423,1.7447,1.37,1.37
2018.05.03 20:52:47.900,1.74421,1.7447,1.12,1.12
2018.05.03 20:52:48.173,1.74421,1.74469,1.12,1.37
2018.05.03 20:52:48.782,1.74421,1.7447,2.25,1.87
2018.05.03 20:52:49.325,1.74421,1.7447,1.50,1.37
2018.05.03 20:52:49.564,1.74421,1.74472,1.12,2.25
2018.05.03 20:52:49.839,1.74422,1.74474,1.87,1.75
2018.05.03 20:52:49.890,1.74424,1.74475,1.37,1.75
2018.05.03 20:52:52.826,1.74424,1.74473,1.75,1.12
2018.05.03 20:52:53.429,1.74424,1.74474,1.12,1.87
2018.05.03 20:52:54.091,1.74423,1.74474,2.25,1.37
2018.05.03 20:52:54.996,1.74423,1.74474,2.62,1.37
2018.05.03 20:52:55.743,1.74425,1.74474,1.12,1.37
2018.05.03 20:52:56.403,1.74424,1.74474,1.12,1.37
2018.05.03 20:53:02.649,1.74425,1.74473,1.12,1.37
2018.05.03 20:53:05.291,1.74422,1.74473,1.75,1.37
2018.05.03 20:53:05.866,1.74423,1.74471,1.12,1.37
2018.05.03 20:53:06.506,1.74424,1.7447,3.00,1.37
2018.05.03 20:53:06.557,1.74423,1.7447,1.12,1.37
2018.05.03 20:53:10.491,1.74422,1.74472,1.75,1.37
2018.05.03 20:53:11.276,1.74423,1.74471,1.37,1.37
2018.05.03 20:53:17.647,1.74423,1.74471,1.12,1.37
2018.05.03 20:53:20.147,1.74423,1.74471,1.12,1.37
2018.05.03 20:53:27.464,1.74423,1.74472,1.75,1.37
2018.05.03 20:53:27.566,1.74423,1.74473,1.75,1.37
2018.05.03 20:53:27.970,1.74425,1.74475,1.12,1.37
2018.05.03 20:53:28.428,1.74424,1.74473,1.75,1.37
2018.05.03 20:53:32.646,1.74424,1.74472,1.75,1.37
2018.05.03 20:53:34.083,1.74423,1.74471,1.37,1.37
2018.05.03 20:53:34.134,1.74422,1.7447,1.37,1.87
2018.05.03 20:53:34.185,1.74423,1.74469,1.37,1.37
2018.05.03 20:53:35.526,1.74422,1.74466,1.37,1.00
2018.05.03 20:53:40.002,1.74423,1.74468,1.37,1.37
2018.05.03 20:53:40.054,1.74423,1.74476,1.12,1.37
2018.05.03 20:53:40.192,1.7443,1.74474,1.00,1.37
2018.05.03 20:53:40.243,1.74429,1.74477,1.00,1.50
2018.05.03 20:53:40.650,1.74431,1.74476,1.00,1.50
2018.05.03 20:53:40.701,1.7443,1.74479,1.00,1.75
2018.05.03 20:53:41.383,1.74431,1.74479,1.00,1.75
2018.05.03 20:53:44.463,1.74431,1.74481,1.12,3.00
2018.05.03 20:53:45.022,1.74431,1.74481,1.12,2.62
2018.05.03 20:53:45.535,1.74433,1.7448,1.00,1.75
2018.05.03 20:53:46.033,1.74431,1.7448,1.12,1.50
2018.05.03 20:53:47.697,1.74432,1.74479,1.12,1.50
2018.05.03 20:53:48.576,1.74432,1.7448,1.00,1.50
2018.05.03 20:53:50.197,1.74432,1.74481,1.00,2.25
2018.05.03 20:53:51.515,1.74431,1.74481,1.12,2.25
2018.05.03 20:53:52.055,1.74432,1.7448,1.12,1.75
2018.05.03 20:53:52.995,1.74431,1.74481,1.12,2.25
2018.05.03 20:53:53.355,1.7443,1.74476,1.00,1.37
2018.05.03 20:53:53.407,1.74429,1.74479,1.12,1.87
2018.05.03 20:53:53.995,1.74429,1.7448,1.50,1.75
2018.05.03 20:53:55.138,1.74427,1.74475,1.12,1.00
2018.05.03 20:53:55.587,1.74428,1.74472,1.00,1.00
2018.05.03 20:53:55.639,1.74426,1.74472,1.12,1.00
2018.05.03 20:53:59.387,1.74425,1.74472,2.25,1.00
2018.05.03 20:53:59.438,1.74426,1.74478,1.75,1.37
2018.05.03 20:53:59.974,1.74431,1.7448,1.37,1.75
2018.05.03 20:54:04.773,1.74431,1.74479,1.37,1.50
2018.05.03 20:54:05.333,1.74431,1.7448,1.50,1.75
2018.05.03 20:54:05.493,1.74431,1.74477,1.00,1.87
2018.05.03 20:54:05.544,1.74429,1.74477,1.37,1.87
2018.05.03 20:54:05.848,1.7443,1.74479,1.37,1.37
2018.05.03 20:54:07.421,1.74434,1.74478,1.37,1.37
2018.05.03 20:54:07.994,1.74434,1.74479,1.12,1.37
2018.05.03 20:54:08.246,1.74434,1.7448,1.12,1.37
2018.05.03 20:54:08.771,1.7443,1.74479,1.50,1.37
2018.05.03 20:54:11.385,1.74431,1.74477,1.00,1.87
2018.05.03 20:54:11.436,1.74429,1.74476,1.87,1.75
2018.05.03 20:54:12.131,1.74427,1.74477,2.25,2.25
2018.05.03 20:54:16.840,1.74429,1.74477,1.00,1.75
2018.05.03 20:54:17.618,1.74426,1.7447,1.00,1.37
2018.05.03 20:54:18.069,1.74423,1.74469,1.37,1.37
2018.05.03 20:54:18.122,1.74423,1.74469,1.37,1.00
2018.05.03 20:54:18.311,1.74423,1.74466,1.37,1.00
2018.05.03 20:54:19.090,1.74423,1.74465,1.37,1.00
2018.05.03 20:54:20.383,1.74423,1.74466,1.37,1.00
2018.05.03 20:54:23.573,1.74423,1.74465,1.37,1.00
2018.05.03 20:54:26.073,1.74423,1.74472,1.00,1.50
2018.05.03 20:54:26.739,1.74425,1.74472,1.00,1.87
2018.05.03 20:54:29.782,1.74427,1.74472,1.00,1.50
2018.05.03 20:54:31.821,1.74427,1.74461,1.50,1.00
2018.05.03 20:54:31.872,1.74428,1.74474,1.37,1.00
2018.05.03 20:54:32.025,1.74428,1.74477,1.75,1.37
2018.05.03 20:54:32.279,1.74428,1.74476,1.87,1.50
2018.05.03 20:54:32.696,1.74425,1.74468,1.00,1.00
2018.05.03 20:54:32.848,1.74423,1.74472,1.87,1.37
2018.05.03 20:54:32.950,1.74428,1.74471,1.00,1.12
2018.05.03 20:54:33.052,1.74428,1.74473,1.00,1.12
2018.05.03 20:54:33.185,1.74428,1.74474,1.00,1.75
2018.05.03 20:54:43.043,1.74428,1.74474,1.00,1.37
2018.05.03 20:54:43.094,1.74424,1.74471,1.37,1.00
2018.05.03 20:54:46.668,1.74423,1.74472,1.87,1.12
2018.05.03 20:54:47.170,1.74428,1.74474,1.12,1.87
2018.05.03 20:54:47.841,1.74424,1.74471,1.37,1.00
2018.05.03 20:54:52.334,1.74424,1.74471,1.50,1.12
2018.05.03 20:54:53.131,1.74424,1.74471,1.37,1.00
2018.05.03 20:54:53.617,1.74424,1.74471,1.50,1.12
2018.05.03 20:54:53.719,1.74424,1.74474,1.12,1.75
2018.05.03 20:54:55.493,1.74425,1.74472,1.00,1.00
2018.05.03 20:54:58.953,1.74424,1.74474,1.87,1.75
2018.05.03 20:54:59.941,1.74424,1.74473,1.87,1.87
2018.05.03 20:55:00.474,1.74424,1.74473,1.87,1.87
2018.05.03 20:55:01.870,1.74428,1.74476,1.00,1.12
2018.05.03 20:55:02.226,1.74427,1.74478,1.37,1.12
2018.05.03 20:55:02.388,1.74428,1.7448,1.50,1.75
2018.05.03 20:55:02.439,1.74426,1.74477,1.12,1.75
2018.05.03 20:55:03.214,1.74425,1.74472,1.50,1.00
2018.05.03 20:55:03.390,1.74425,1.74474,1.50,1.00
2018.05.03 20:55:03.442,1.74425,1.74475,1.75,1.37
2018.05.03 20:55:03.544,1.74427,1.74477,1.75,1.37
2018.05.03 20:55:03.829,1.74426,1.74475,1.75,1.50
2018.05.03 20:55:04.163,1.74426,1.74475,1.75,1.37
2018.05.03 20:55:05.170,1.74427,1.74477,1.75,1.50
2018.05.03 20:55:05.779,1.74428,1.74478,1.75,1.50
2018.05.03 20:55:07.662,1.74424,1.74473,1.75,1.12
2018.05.03 20:55:10.038,1.74424,1.74473,1.75,1.12
2018.05.03 20:55:11.460,1.74425,1.74474,1.87,1.37
2018.05.03 20:55:11.797,1.74427,1.74474,1.12,1.00
2018.05.03 20:55:11.899,1.74425,1.74473,1.12,1.50
2018.05.03 20:55:12.520,1.74425,1.74472,1.75,1.12
2018.05.03 20:55:12.623,1.74424,1.74473,1.75,1.87
2018.05.03 20:55:16.482,1.74427,1.74472,1.12,1.00
2018.05.03 20:55:16.534,1.74433,1.74484,1.37,1.50
2018.05.03 20:55:17.071,1.74436,1.74484,1.37,1.50
2018.05.03 20:55:17.668,1.74435,1.74485,1.50,1.00
2018.05.03 20:55:18.190,1.74433,1.74484,1.37,1.12
2018.05.03 20:55:18.713,1.74433,1.74482,1.00,1.75
2018.05.03 20:55:18.815,1.74425,1.7448,1.37,1.37
2018.05.03 20:55:18.867,1.74422,1.7448,2.25,1.12
2018.05.03 20:55:18.969,1.74416,1.74477,1.37,1.00
2018.05.03 20:55:19.020,1.74417,1.74475,1.75,1.37
2018.05.03 20:55:19.532,1.74417,1.74472,2.62,1.12
2018.05.03 20:55:20.123,1.74416,1.74472,3.37,1.00
2018.05.03 20:55:20.647,1.74418,1.74472,1.75,1.87
2018.05.03 20:55:21.924,1.74419,1.74472,1.75,1.37
2018.05.03 20:55:22.628,1.74417,1.74472,1.75,1.12
2018.05.03 20:55:23.192,1.74419,1.74472,1.75,1.37
2018.05.03 20:55:28.044,1.74419,1.74471,1.75,1.50
2018.05.03 20:55:28.962,1.74418,1.74472,1.75,2.62
2018.05.03 20:55:30.533,1.74418,1.74469,1.75,1.50
2018.05.03 20:55:30.892,1.74419,1.74469,1.37,1.37
2018.05.03 20:55:38.810,1.74418,1.74469,1.75,1.50
2018.05.03 20:55:40.213,1.74419,1.74468,1.75,1.50
2018.05.03 20:55:40.791,1.74421,1.74469,1.00,1.75
2018.05.03 20:55:43.335,1.74419,1.7447,1.50,1.75
2018.05.03 20:55:47.442,1.7442,1.7447,1.00,2.25
2018.05.03 20:55:48.053,1.74419,1.7447,1.50,1.75
2018.05.03 20:55:48.713,1.7442,1.7447,1.00,2.25
2018.05.03 20:55:48.764,1.74418,1.74467,1.75,1.37
2018.05.03 20:55:55.306,1.74416,1.74471,1.12,2.62
2018.05.03 20:55:57.576,1.74417,1.74467,1.00,1.75
2018.05.03 20:55:57.627,1.74415,1.74467,1.00,1.87
2018.05.03 20:55:57.786,1.74412,1.74466,1.12,1.12
2018.05.03 20:55:58.324,1.74412,1.74466,1.12,1.12
2018.05.03 20:56:01.326,1.74416,1.74469,1.75,1.75
2018.05.03 20:56:01.946,1.74415,1.74472,1.12,2.62
2018.05.03 20:56:01.998,1.74415,1.74473,1.12,2.25
2018.05.03 20:56:02.306,1.74417,1.74476,1.37,1.37
2018.05.03 20:56:03.560,1.74416,1.74475,1.37,1.37
2018.05.03 20:56:04.477,1.74416,1.74475,1.37,1.37
2018.05.03 20:56:05.197,1.74416,1.74475,1.37,1.50
2018.05.03 20:56:06.461,1.74416,1.74475,1.37,1.75
2018.05.03 20:56:07.275,1.74416,1.74473,1.37,1.37
2018.05.03 20:56:07.994,1.74417,1.74473,1.37,1.37
2018.05.03 20:56:08.592,1.74417,1.74475,1.37,1.37
2018.05.03 20:56:09.986,1.74417,1.74476,1.37,2.25
2018.05.03 20:56:10.525,1.74412,1.74469,1.12,1.75
2018.05.03 20:56:11.054,1.74411,1.74469,1.87,1.75
2018.05.03 20:56:12.626,1.74411,1.74472,1.75,1.75
2018.05.03 20:56:14.722,1.74413,1.74474,1.12,1.75
2018.05.03 20:56:15.457,1.74413,1.74474,1.87,1.87
2018.05.03 20:56:17.659,1.74413,1.74475,2.62,1.50
2018.05.03 20:56:19.541,1.74413,1.74473,1.37,1.12
2018.05.03 20:56:20.196,1.74413,1.74469,1.37,1.37
2018.05.03 20:56:23.402,1.74413,1.74471,1.37,1.37
2018.05.03 20:56:23.503,1.74413,1.74468,1.75,1.00
2018.05.03 20:56:24.069,1.74413,1.74474,1.37,2.25
2018.05.03 20:56:25.863,1.74413,1.74473,1.37,1.37
2018.05.03 20:56:26.365,1.74413,1.74473,1.37,1.37
2018.05.03 20:56:28.843,1.74413,1.74474,1.37,1.37
2018.05.03 20:56:29.423,1.74413,1.74473,1.37,1.37
2018.05.03 20:56:32.700,1.74413,1.74472,1.37,1.37
2018.05.03 20:56:33.471,1.74413,1.74472,1.87,1.37
2018.05.03 20:56:35.147,1.74413,1.74472,1.37,1.37
2018.05.03 20:56:37.991,1.74413,1.74472,1.37,2.25
2018.05.03 20:56:38.338,1.74413,1.74472,1.87,3.00
2018.05.03 20:56:38.440,1.74412,1.74466,1.37,1.37
2018.05.03 20:56:39.022,1.74412,1.74466,1.37,1.37
2018.05.03 20:56:40.392,1.74412,1.74466,1.37,1.37
2018.05.03 20:56:40.876,1.74408,1.74466,1.37,1.50
2018.05.03 20:56:42.373,1.74407,1.74465,3.37,1.37
2018.05.03 20:56:44.905,1.74408,1.74466,1.37,1.37
2018.05.03 20:56:46.916,1.74407,1.74466,2.62,1.37
2018.05.03 20:56:47.278,1.74412,1.74463,1.00,1.12
2018.05.03 20:56:48.318,1.74413,1.74461,1.00,1.75
2018.05.03 20:56:49.828,1.74412,1.74461,1.00,1.50
2018.05.03 20:56:50.438,1.74408,1.74461,1.75,1.50
2018.05.03 20:56:50.954,1.74412,1.74462,1.00,1.75
2018.05.03 20:56:51.273,1.74403,1.7446,1.75,1.75
2018.05.03 20:56:51.426,1.74403,1.74451,1.37,1.00
2018.05.03 20:56:51.732,1.74396,1.74446,2.62,1.00
2018.05.03 20:56:51.782,1.74394,1.74446,1.75,1.00
2018.05.03 20:56:52.507,1.74397,1.74449,1.12,1.37
2018.05.03 20:56:53.029,1.74395,1.74449,1.12,1.87
2018.05.03 20:56:54.028,1.74394,1.74446,1.12,1.00
2018.05.03 20:56:54.557,1.74394,1.74447,1.12,1.00
2018.05.03 20:56:55.339,1.74394,1.74452,1.12,2.62
2018.05.03 20:56:55.742,1.74395,1.74446,1.12,1.37
2018.05.03 20:56:55.793,1.74392,1.74447,1.12,1.37
2018.05.03 20:56:57.912,1.74392,1.74445,1.12,1.37
2018.05.03 20:56:58.220,1.74394,1.74446,1.12,1.00
2018.05.03 20:56:58.830,1.74395,1.74444,1.12,1.00
2018.05.03 20:56:59.510,1.74394,1.74445,1.12,1.00
2018.05.03 20:56:59.962,1.74395,1.74449,1.37,2.25
2018.05.03 20:57:00.479,1.74394,1.74449,1.12,1.50
2018.05.03 20:57:02.196,1.74394,1.74449,1.12,1.50
2018.05.03 20:57:03.712,1.74405,1.74455,1.12,1.00
2018.05.03 20:57:03.763,1.74405,1.74459,1.12,1.12
2018.05.03 20:57:03.865,1.74406,1.74457,1.75,1.00
2018.05.03 20:57:03.963,1.74403,1.74459,1.75,1.12
2018.05.03 20:57:04.015,1.74414,1.74462,1.37,1.00
2018.05.03 20:57:04.222,1.7441,1.74462,1.50,1.37
2018.05.03 20:57:04.275,1.74406,1.74459,1.37,1.12
2018.05.03 20:57:04.576,1.74401,1.74451,1.37,1.00
2018.05.03 20:57:05.085,1.74401,1.74454,1.37,1.37
2018.05.03 20:57:05.663,1.74399,1.74454,1.12,1.37
2018.05.03 20:57:05.816,1.74403,1.74457,1.75,1.37
2018.05.03 20:57:08.864,1.74404,1.74461,1.12,1.12
2018.05.03 20:57:10.106,1.74407,1.74462,1.00,2.62
2018.05.03 20:57:10.633,1.74405,1.7446,1.12,1.12
2018.05.03 20:57:10.963,1.74408,1.74462,1.12,1.50
2018.05.03 20:57:11.111,1.74408,1.7446,1.12,1.00
2018.05.03 20:57:11.314,1.74408,1.74457,1.12,1.00
2018.05.03 20:57:12.350,1.74408,1.74461,1.12,1.50
2018.05.03 20:57:14.312,1.74412,1.74461,1.00,1.50
2018.05.03 20:57:14.836,1.74408,1.74462,1.12,2.25
2018.05.03 20:57:15.716,1.74408,1.74462,1.12,2.25
2018.05.03 20:57:16.326,1.7441,1.7446,1.12,1.00
2018.05.03 20:57:16.853,1.74406,1.74461,1.87,1.87
2018.05.03 20:57:17.383,1.74406,1.74461,1.87,1.87
2018.05.03 20:57:19.159,1.74406,1.74459,1.87,1.00
2018.05.03 20:57:19.739,1.7441,1.74463,1.37,1.12
2018.05.03 20:57:25.116,1.74409,1.74464,1.12,1.12
2018.05.03 20:57:30.979,1.74407,1.74461,1.37,1.12
2018.05.03 20:57:31.997,1.74406,1.74457,1.12,1.50
2018.05.03 20:57:32.187,1.74408,1.74457,1.37,1.50
2018.05.03 20:57:35.558,1.74408,1.74457,1.00,1.75
2018.05.03 20:57:35.609,1.74403,1.74457,1.00,1.75
2018.05.03 20:57:35.661,1.744,1.74457,1.50,2.25
2018.05.03 20:57:36.337,1.74401,1.74452,1.00,1.75
2018.05.03 20:57:37.145,1.744,1.74452,1.00,1.50
2018.05.03 20:57:38.791,1.74396,1.74452,1.12,1.37
2018.05.03 20:57:43.212,1.74398,1.74452,1.12,1.50
2018.05.03 20:57:44.460,1.74396,1.74452,1.12,1.75
2018.05.03 20:57:45.689,1.74396,1.74452,1.12,1.75
2018.05.03 20:57:46.198,1.74393,1.74444,1.75,1.12
2018.05.03 20:57:46.249,1.74393,1.74445,1.37,1.12
2018.05.03 20:57:46.301,1.74399,1.74444,1.00,1.12
2018.05.03 20:57:46.432,1.74395,1.74442,1.00,1.12
2018.05.03 20:57:46.946,1.74393,1.74442,1.75,1.37
2018.05.03 20:57:46.998,1.74398,1.74445,1.00,1.12
2018.05.03 20:57:47.143,1.74394,1.74441,1.50,1.12
2018.05.03 20:57:47.649,1.74394,1.74441,1.75,1.37
2018.05.03 20:57:50.149,1.74394,1.74441,1.75,1.12
2018.05.03 20:57:56.705,1.74395,1.74441,1.00,1.12
2018.05.03 20:57:56.812,1.7439,1.74443,1.75,1.12
2018.05.03 20:57:56.863,1.74391,1.74445,1.12,1.12
2018.05.03 20:57:56.913,1.74391,1.74444,1.12,1.12
2018.05.03 20:57:57.339,1.7439,1.74441,1.00,1.75
2018.05.03 20:57:59.563,1.7439,1.74441,1.37,1.50
2018.05.03 20:58:02.093,1.7439,1.74441,1.12,1.87
2018.05.03 20:58:02.649,1.74389,1.74441,1.12,1.87
2018.05.03 20:58:03.227,1.74387,1.74442,1.12,1.12
2018.05.03 20:58:04.014,1.74387,1.74442,1.12,1.12
2018.05.03 20:58:04.127,1.74389,1.74441,1.00,1.12
2018.05.03 20:58:05.126,1.74387,1.74442,1.12,1.12
2018.05.03 20:58:05.456,1.74387,1.74441,1.12,1.37
2018.05.03 20:58:07.418,1.74384,1.74441,1.12,1.87
2018.05.03 20:58:07.744,1.74386,1.74441,1.12,1.75
2018.05.03 20:58:08.470,1.74387,1.74441,1.12,1.87
2018.05.03 20:58:09.820,1.74387,1.74441,1.12,1.87
2018.05.03 20:58:10.995,1.74387,1.74441,1.12,1.37
2018.05.03 20:58:16.862,1.74386,1.74436,1.37,1.00
2018.05.03 20:58:17.046,1.74387,1.74436,1.00,1.12
2018.05.03 20:58:17.964,1.74386,1.74436,1.00,1.37
2018.05.03 20:58:20.641,1.74386,1.74431,1.00,1.00
2018.05.03 20:58:21.330,1.74387,1.74431,1.00,1.00
2018.05.03 20:58:21.841,1.74386,1.74431,1.00,1.00
2018.05.03 20:58:22.387,1.7438,1.74436,1.87,1.12
2018.05.03 20:58:22.692,1.74376,1.74433,2.62,1.75
2018.05.03 20:58:22.743,1.74384,1.74434,1.75,1.37
2018.05.03 20:58:22.795,1.7438,1.74436,1.12,1.12
2018.05.03 20:58:22.846,1.74379,1.74436,1.75,1.12
2018.05.03 20:58:22.947,1.74381,1.74438,1.12,1.12
2018.05.03 20:58:22.998,1.74386,1.74438,1.00,1.12
2018.05.03 20:58:23.151,1.74384,1.74441,2.25,1.12
2018.05.03 20:58:23.252,1.74386,1.74443,1.12,1.75
2018.05.03 20:58:23.303,1.74386,1.74445,1.12,1.87
2018.05.03 20:58:23.457,1.74386,1.74444,1.12,1.75
2018.05.03 20:58:27.409,1.7439,1.74443,1.12,1.37
2018.05.03 20:58:27.912,1.74386,1.74441,1.87,1.87
2018.05.03 20:58:28.443,1.74386,1.74441,1.37,1.75
2018.05.03 20:58:28.843,1.74387,1.74438,1.00,1.12
2018.05.03 20:58:28.895,1.74378,1.74432,1.75,1.37
2018.05.03 20:58:29.186,1.7438,1.74432,1.12,1.12
2018.05.03 20:58:30.963,1.7438,1.74435,1.12,1.12
2018.05.03 20:58:31.064,1.74371,1.74421,1.75,1.00
2018.05.03 20:58:31.541,1.74373,1.74421,1.00,1.00
2018.05.03 20:58:37.389,1.74369,1.74422,1.12,1.37
2018.05.03 20:58:38.155,1.7437,1.74422,1.12,1.12
2018.05.03 20:58:38.880,1.7437,1.74421,1.12,1.00
2018.05.03 20:58:39.405,1.7437,1.74421,1.12,1.12
2018.05.03 20:58:39.685,1.74373,1.74424,1.75,1.12
2018.05.03 20:58:40.542,1.74373,1.74426,1.50,1.12
2018.05.03 20:58:40.730,1.74374,1.74426,1.00,1.87
2018.05.03 20:58:41.381,1.74373,1.74422,1.00,1.50
2018.05.03 20:58:41.917,1.74374,1.74422,1.00,1.00
2018.05.03 20:58:44.017,1.74373,1.74422,1.50,1.00
2018.05.03 20:58:49.167,1.74374,1.74422,1.00,1.00
2018.05.03 20:58:49.772,1.74374,1.74426,1.00,2.25
2018.05.03 20:58:50.691,1.74374,1.74422,1.00,1.00
2018.05.03 20:58:51.147,1.74374,1.7442,1.50,1.00
2018.05.03 20:58:51.198,1.74374,1.74422,1.00,1.00
2018.05.03 20:58:51.840,1.74373,1.74422,1.50,1.00
2018.05.03 20:58:53.799,1.74375,1.7443,1.12,1.75
2018.05.03 20:58:53.850,1.74374,1.74431,2.25,1.50
2018.05.03 20:58:53.952,1.74375,1.74429,1.00,1.75
2018.05.03 20:58:54.602,1.74373,1.74425,1.50,1.37
2018.05.03 20:58:56.851,1.74373,1.74422,1.00,1.12
2018.05.03 20:58:58.613,1.74374,1.74422,1.00,1.75
2018.05.03 20:58:59.120,1.74373,1.74422,1.00,1.50
2018.05.03 20:58:59.552,1.74369,1.74422,1.12,2.25
2018.05.03 20:59:00.072,1.7437,1.74421,1.12,1.12
2018.05.03 20:59:00.621,1.74369,1.74413,1.37,1.00
2018.05.03 20:59:00.862,1.74364,1.74414,1.37,1.50
2018.05.03 20:59:00.913,1.74364,1.74414,1.00,1.50
2018.05.03 20:59:01.531,1.74363,1.74414,1.00,1.00
2018.05.03 20:59:05.134,1.74355,1.74414,1.12,0.75
2018.05.03 20:59:05.185,1.74344,1.74414,0.75,0.75
2018.05.03 20:59:05.338,1.74342,1.74414,1.12,0.75
2018.05.03 20:59:08.003,1.74343,1.74414,0.37,0.75
2018.05.03 20:59:08.104,1.74338,1.74416,0.37,0.75
2018.05.03 20:59:08.206,1.74338,1.74414,0.37,0.75
2018.05.03 20:59:08.813,1.74339,1.74413,0.37,0.75
2018.05.03 20:59:09.279,1.74342,1.74413,0.37,0.75
2018.05.03 20:59:10.058,1.7434,1.74413,0.37,0.75
2018.05.03 20:59:10.813,1.74339,1.74413,0.37,0.75
2018.05.03 20:59:10.919,1.74336,1.74409,0.37,0.75
2018.05.03 20:59:11.358,1.74338,1.7441,0.37,0.75
2018.05.03 20:59:12.889,1.74337,1.7441,0.37,0.75
2018.05.03 20:59:13.519,1.74339,1.74413,0.37,0.75
2018.05.03 20:59:15.166,1.74341,1.74414,0.37,0.75
2018.05.03 20:59:15.699,1.74342,1.74414,0.37,0.75
2018.05.03 20:59:16.576,1.74343,1.74414,0.37,0.75
2018.05.03 20:59:17.125,1.74342,1.74414,0.37,0.75
2018.05.03 20:59:17.512,1.74345,1.74414,0.37,0.75
2018.05.03 20:59:21.535,1.74344,1.74414,0.37,0.75
2018.05.03 20:59:22.283,1.74345,1.74414,0.37,0.75
2018.05.03 20:59:30.149,1.74344,1.74414,0.37,0.75
2018.05.03 20:59:32.041,1.74341,1.74414,0.37,0.75
2018.05.03 20:59:32.091,1.74341,1.7441,0.37,0.75
2018.05.03 20:59:35.147,1.7434,1.7441,0.37,0.75
2018.05.03 20:59:40.375,1.74334,1.7441,1.50,0.75
2018.05.03 20:59:41.781,1.74334,1.74414,0.75,0.75
2018.05.03 20:59:41.832,1.74334,1.7441,1.50,0.75
2018.05.03 20:59:42.198,1.74335,1.74413,0.75,0.75
2018.05.03 20:59:42.708,1.74333,1.74417,0.75,0.75
2018.05.03 20:59:42.759,1.74334,1.74414,0.75,0.75
2018.05.03 20:59:45.097,1.74337,1.74428,0.37,0.37
2018.05.03 20:59:45.299,1.74337,1.74426,0.37,0.75
2018.05.03 20:59:48.876,1.74335,1.74426,0.75,0.75
2018.05.03 20:59:50.373,1.74336,1.74426,0.75,0.75
2018.05.03 20:59:54.198,1.74335,1.74426,0.75,0.75
2018.05.03 20:59:56.122,1.74334,1.74426,2.25,0.75
2018.05.03 20:59:56.173,1.74319,1.74441,0.75,0.75
2018.05.03 20:59:56.274,1.74324,1.74441,0.75,0.75
2018.05.03 20:59:56.732,1.74321,1.74441,0.75,0.75
2018.05.03 20:59:58.122,1.74323,1.74447,0.75,0.75
2018.05.03 20:59:59.088,1.74319,1.74442,0.75,0.75
2018.05.03 20:59:59.930,1.74324,1.74446,0.75,0.75
