2010.09.07 04:00:01.659,1.5933,1.5938,1.00,1.00
2010.09.07 04:00:03.330,1.59325,1.5938,1.00,1.00
2010.09.07 04:00:08.996,1.59325,1.59385,1.00,1.00
2010.09.07 04:00:09.685,1.59335,1.59385,1.00,1.00
2010.09.07 04:00:09.793,1.5933,1.59385,1.00,1.00
2010.09.07 04:00:10.620,1.5933,1.59395,1.00,1.00
2010.09.07 04:00:10.959,1.5933,1.59395,1.70,1.00
2010.09.07 04:00:12.482,1.59335,1.59395,1.00,1.00
2010.09.07 04:00:13.261,1.5934,1.59395,1.00,1.00
2010.09.07 04:00:18.750,1.59345,1.59395,1.00,1.00
2010.09.07 04:00:18.862,1.5934,1.59395,1.00,1.00
2010.09.07 04:00:18.929,1.5934,1.5938,1.00,1.00
2010.09.07 04:00:18.999,1.5933,1.5938,1.60,1.00
2010.09.07 04:00:19.069,1.5933,1.5938,1.00,1.00
2010.09.07 04:00:21.467,1.5933,1.5938,1.00,1.00
2010.09.07 04:00:41.541,1.59335,1.5938,1.00,1.00
2010.09.07 04:00:43.110,1.5934,1.5938,1.00,1.00
2010.09.07 04:01:13.150,1.5933,1.5938,1.00,1.00
2010.09.07 04:01:13.393,1.59335,1.5938,1.00,1.00
2010.09.07 04:01:14.275,1.5934,1.5938,1.00,1.00
2010.09.07 04:01:15.790,1.59335,1.59395,1.00,1.80
2010.09.07 04:01:15.985,1.5933,1.59395,1.00,1.00
2010.09.07 04:01:16.491,1.5933,1.59395,1.00,1.00
2010.09.07 04:01:18.416,1.59335,1.59395,1.00,1.00
2010.09.07 04:01:19.428,1.5933,1.59395,1.00,1.00
2010.09.07 04:01:19.669,1.5933,1.59395,1.70,1.00
2010.09.07 04:01:20.451,1.59335,1.59395,1.00,1.00
2010.09.07 04:01:20.675,1.5934,1.59395,1.00,1.00
2010.09.07 04:01:23.481,1.59345,1.59395,1.00,1.00
2010.09.07 04:01:27.862,1.5935,1.59395,1.00,1.00
2010.09.07 04:01:29.442,1.59355,1.59395,1.00,1.00
2010.09.07 04:01:30.489,1.5935,1.59395,1.00,1.00
2010.09.07 04:01:49.455,1.59355,1.59395,1.00,1.00
2010.09.07 04:01:57.281,1.59355,1.59405,1.00,1.00
2010.09.07 04:02:00.772,1.5935,1.59405,1.00,1.00
2010.09.07 04:02:01.890,1.5935,1.59405,1.00,1.00
2010.09.07 04:02:04.530,1.59355,1.59405,1.00,1.00
2010.09.07 04:02:12.880,1.5935,1.59405,1.00,1.00
2010.09.07 04:02:14.308,1.59355,1.59405,1.00,1.00
2010.09.07 04:02:22.480,1.5935,1.59405,1.00,1.00
2010.09.07 04:02:49.071,1.59355,1.59405,1.00,1.00
2010.09.07 04:02:49.152,1.59345,1.59405,1.00,1.00
2010.09.07 04:02:49.743,1.5935,1.59405,1.00,1.00
2010.09.07 04:02:50.101,1.5936,1.59405,1.00,1.00
2010.09.07 04:02:50.534,1.5936,1.59415,1.00,1.00
2010.09.07 04:02:52.453,1.59365,1.59415,1.00,1.00
2010.09.07 04:02:52.648,1.59365,1.59425,1.00,1.00
2010.09.07 04:02:54.151,1.5936,1.59425,1.00,1.00
2010.09.07 04:02:54.250,1.59355,1.59425,1.00,1.00
2010.09.07 04:02:54.410,1.5936,1.59425,1.00,1.00
2010.09.07 04:02:54.869,1.59365,1.59425,1.00,1.00
2010.09.07 04:02:57.444,1.5937,1.59425,1.00,1.00
2010.09.07 04:03:01.173,1.59375,1.59425,1.00,1.00
2010.09.07 04:03:01.583,1.59365,1.59425,1.00,1.00
2010.09.07 04:03:01.820,1.5937,1.59425,1.00,1.00
2010.09.07 04:03:02.831,1.59365,1.59425,1.00,1.00
2010.09.07 04:03:03.431,1.5937,1.59425,1.00,1.00
2010.09.07 04:03:03.581,1.59365,1.59425,1.00,1.00
2010.09.07 04:03:06.762,1.5937,1.59425,1.00,1.00
2010.09.07 04:03:07.041,1.5937,1.59425,1.00,1.00
2010.09.07 04:03:07.270,1.5937,1.5943,1.00,1.00
2010.09.07 04:03:07.390,1.59365,1.5943,1.00,1.00
2010.09.07 04:03:07.822,1.5937,1.5943,1.00,1.00
2010.09.07 04:03:10.422,1.59375,1.5943,1.00,1.00
2010.09.07 04:03:13.985,1.5938,1.5943,1.00,1.00
2010.09.07 04:03:15.431,1.5938,1.5943,1.00,1.00
2010.09.07 04:03:15.972,1.59375,1.5943,1.00,1.00
2010.09.07 04:03:17.750,1.5938,1.5943,1.00,1.00
2010.09.07 04:03:17.874,1.59385,1.5943,1.00,1.00
2010.09.07 04:03:19.983,1.5938,1.5943,1.00,1.00
2010.09.07 04:03:21.382,1.59385,1.5943,1.00,1.00
2010.09.07 04:03:21.517,1.59385,1.5943,1.00,1.00
2010.09.07 04:03:21.680,1.5938,1.5943,1.00,1.00
2010.09.07 04:03:21.841,1.5938,1.5943,1.00,1.00
2010.09.07 04:03:22.491,1.5938,1.5944,1.00,1.00
2010.09.07 04:03:22.841,1.59385,1.5944,1.00,1.00
2010.09.07 04:03:23.605,1.59385,1.5944,1.00,1.00
2010.09.07 04:03:24.874,1.5939,1.5944,1.00,1.00
2010.09.07 04:03:25.124,1.59385,1.5944,1.00,1.00
2010.09.07 04:03:25.481,1.5938,1.5944,1.00,1.00
2010.09.07 04:03:26.221,1.59375,1.5944,1.00,1.80
2010.09.07 04:03:26.560,1.59375,1.59435,1.00,1.00
2010.09.07 04:03:27.437,1.59375,1.5944,1.00,1.80
2010.09.07 04:03:28.536,1.59375,1.5944,1.00,1.90
2010.09.07 04:03:28.889,1.5937,1.59435,1.00,1.00
2010.09.07 04:03:28.980,1.5937,1.5944,1.00,1.80
2010.09.07 04:03:29.521,1.5937,1.59435,1.00,1.00
2010.09.07 04:03:29.626,1.59375,1.59435,1.00,1.00
2010.09.07 04:03:29.720,1.5937,1.5943,1.00,1.00
2010.09.07 04:03:31.521,1.59375,1.5943,1.00,1.00
2010.09.07 04:03:33.490,1.59375,1.5943,1.00,1.00
2010.09.07 04:03:36.205,1.5938,1.5943,1.00,1.00
2010.09.07 04:03:37.080,1.5938,1.5943,1.00,1.00
2010.09.07 04:03:37.290,1.5938,1.5942,1.00,1.00
2010.09.07 04:03:38.107,1.5937,1.5942,1.00,1.00
2010.09.07 04:03:39.373,1.59375,1.5942,1.00,1.00
2010.09.07 04:03:39.650,1.59375,1.59435,1.00,1.00
2010.09.07 04:03:39.794,1.59375,1.59435,1.00,1.00
2010.09.07 04:03:39.942,1.5938,1.59435,1.00,1.00
2010.09.07 04:03:40.549,1.59385,1.59435,1.00,1.00
2010.09.07 04:03:42.651,1.5938,1.59435,1.00,1.00
2010.09.07 04:03:42.762,1.5939,1.59435,1.00,1.00
2010.09.07 04:03:46.529,1.59395,1.59435,1.00,1.00
2010.09.07 04:03:46.931,1.5939,1.59435,1.00,1.00
2010.09.07 04:03:48.200,1.59395,1.59435,1.00,1.00
2010.09.07 04:03:48.310,1.5939,1.59435,1.00,1.00
2010.09.07 04:03:49.433,1.59385,1.59435,1.00,1.00
2010.09.07 04:03:51.011,1.59385,1.5943,1.00,1.00
2010.09.07 04:03:53.598,1.59385,1.59445,1.00,1.70
2010.09.07 04:03:54.227,1.59385,1.59445,1.00,1.60
2010.09.07 04:03:54.322,1.59385,1.5945,1.00,1.90
2010.09.07 04:03:54.593,1.5939,1.5945,1.00,1.80
2010.09.07 04:03:55.000,1.59385,1.5945,1.00,1.90
2010.09.07 04:03:55.619,1.59385,1.59445,1.00,1.60
2010.09.07 04:03:56.630,1.5939,1.59445,1.00,1.60
2010.09.07 04:03:57.509,1.5939,1.59445,1.00,1.60
2010.09.07 04:03:58.083,1.59395,1.59445,1.00,1.60
2010.09.07 04:03:58.251,1.5938,1.59445,1.00,1.60
2010.09.07 04:03:58.423,1.5939,1.59445,1.00,1.60
2010.09.07 04:04:04.810,1.59385,1.59445,1.00,1.60
2010.09.07 04:04:05.170,1.59385,1.59445,1.00,1.70
2010.09.07 04:04:05.319,1.5939,1.59445,1.00,1.60
2010.09.07 04:04:05.528,1.5938,1.59445,1.00,1.70
2010.09.07 04:04:05.830,1.5939,1.59445,1.00,1.60
2010.09.07 04:04:06.561,1.59385,1.59445,1.00,1.70
2010.09.07 04:04:06.900,1.5939,1.59445,1.00,1.60
2010.09.07 04:04:07.241,1.59385,1.59445,1.00,1.60
2010.09.07 04:04:07.410,1.5939,1.59445,1.00,1.60
2010.09.07 04:04:08.007,1.59385,1.59445,1.00,1.70
2010.09.07 04:04:09.446,1.5939,1.5945,1.00,1.90
2010.09.07 04:04:09.577,1.59395,1.5945,1.00,1.80
2010.09.07 04:04:09.692,1.5939,1.59445,1.00,1.00
2010.09.07 04:04:09.803,1.594,1.5945,1.00,1.60
2010.09.07 04:04:10.192,1.5939,1.5945,1.00,1.60
2010.09.07 04:04:10.300,1.59395,1.5945,1.00,1.60
2010.09.07 04:04:10.412,1.59395,1.5945,1.00,1.60
2010.09.07 04:04:10.861,1.59395,1.5945,1.00,1.60
2010.09.07 04:04:11.410,1.5939,1.5945,1.00,1.00
2010.09.07 04:04:11.761,1.5939,1.59455,1.00,1.80
2010.09.07 04:04:12.835,1.59395,1.59455,1.00,1.90
2010.09.07 04:04:13.462,1.59395,1.59455,1.00,1.80
2010.09.07 04:04:14.692,1.59395,1.59455,1.00,1.80
2010.09.07 04:04:15.410,1.5939,1.59455,1.00,1.90
2010.09.07 04:04:15.510,1.5939,1.5945,1.00,1.60
2010.09.07 04:04:15.911,1.59395,1.5945,1.00,1.60
2010.09.07 04:04:18.149,1.59395,1.5945,1.00,1.60
2010.09.07 04:04:18.310,1.59395,1.5945,1.00,1.60
2010.09.07 04:04:20.479,1.5939,1.5945,1.00,1.70
2010.09.07 04:04:24.401,1.59395,1.5945,1.00,1.60
2010.09.07 04:04:24.853,1.59385,1.59445,1.00,1.00
2010.09.07 04:04:25.297,1.5939,1.59445,1.00,1.00
2010.09.07 04:04:27.493,1.5939,1.5945,1.00,1.60
2010.09.07 04:04:27.921,1.5939,1.5945,1.00,1.70
2010.09.07 04:04:45.150,1.59385,1.59445,1.00,1.00
2010.09.07 04:04:45.420,1.59385,1.5945,1.00,1.70
2010.09.07 04:04:46.473,1.5939,1.5945,1.00,1.70
2010.09.07 04:04:51.119,1.59385,1.59445,1.00,1.00
2010.09.07 04:04:51.706,1.59395,1.5945,1.00,1.60
2010.09.07 04:04:53.781,1.59385,1.59445,1.00,1.00
2010.09.07 04:04:55.731,1.59395,1.5945,1.00,1.60
2010.09.07 04:04:56.487,1.5939,1.59445,1.00,1.00
2010.09.07 04:04:56.502,1.5939,1.5945,1.00,1.70
2010.09.07 04:04:57.071,1.59385,1.59445,1.00,1.00
2010.09.07 04:04:59.302,1.59395,1.5945,1.00,1.60
2010.09.07 04:05:07.520,1.594,1.5945,1.00,1.60
2010.09.07 04:05:09.505,1.5939,1.5945,1.00,1.70
2010.09.07 04:05:10.068,1.59395,1.5945,1.00,1.60
2010.09.07 04:05:10.255,1.59395,1.59455,1.00,1.00
2010.09.07 04:05:11.250,1.59395,1.5945,1.00,1.60
2010.09.07 04:05:12.602,1.5939,1.5945,1.00,1.70
2010.09.07 04:05:14.381,1.59395,1.59455,1.00,1.70
2010.09.07 04:05:14.519,1.59395,1.59455,1.00,1.00
2010.09.07 04:05:14.910,1.59395,1.5946,1.00,1.70
2010.09.07 04:05:15.030,1.594,1.5946,1.00,1.60
2010.09.07 04:05:15.151,1.59395,1.59455,1.00,1.00
2010.09.07 04:05:15.566,1.59395,1.59455,1.00,1.60
2010.09.07 04:05:15.682,1.59395,1.59455,1.00,1.60
2010.09.07 04:05:16.751,1.59395,1.5945,1.00,1.00
2010.09.07 04:05:17.611,1.5939,1.59455,1.00,1.60
2010.09.07 04:05:17.908,1.5939,1.5946,1.00,1.60
2010.09.07 04:05:18.092,1.5939,1.59455,1.00,1.00
2010.09.07 04:05:19.005,1.5939,1.5945,1.00,1.00
2010.09.07 04:05:20.754,1.59385,1.5945,1.00,1.00
2010.09.07 04:05:21.240,1.5939,1.5945,1.00,1.00
2010.09.07 04:05:22.372,1.5939,1.59455,1.00,1.00
2010.09.07 04:05:23.412,1.59395,1.59455,1.00,1.00
2010.09.07 04:05:33.870,1.5939,1.5945,1.00,1.00
2010.09.07 04:05:34.041,1.5939,1.5945,1.00,1.00
2010.09.07 04:05:34.621,1.59385,1.5945,1.00,1.60
2010.09.07 04:05:35.472,1.59385,1.59445,1.00,1.00
2010.09.07 04:05:36.572,1.59385,1.5944,1.00,1.00
2010.09.07 04:05:41.708,1.5938,1.5944,1.00,1.00
2010.09.07 04:05:42.631,1.59385,1.59445,1.00,1.00
2010.09.07 04:05:43.389,1.5938,1.5944,1.00,1.00
2010.09.07 04:05:44.720,1.5938,1.5944,1.00,1.00
2010.09.07 04:05:45.712,1.59375,1.59435,1.00,1.00
2010.09.07 04:05:46.811,1.5938,1.5944,1.00,1.00
2010.09.07 04:05:47.190,1.5938,1.59445,1.00,1.00
2010.09.07 04:05:47.882,1.59375,1.5944,1.00,1.00
2010.09.07 04:05:48.021,1.59375,1.5944,1.00,1.00
2010.09.07 04:05:49.535,1.59375,1.5944,1.00,1.00
2010.09.07 04:05:49.901,1.5938,1.59435,1.00,1.00
2010.09.07 04:05:50.540,1.59375,1.59435,1.00,1.00
2010.09.07 04:05:50.880,1.5938,1.59435,1.00,1.00
2010.09.07 04:05:51.370,1.5938,1.59435,1.00,1.00
2010.09.07 04:05:51.681,1.5938,1.59445,1.00,1.00
2010.09.07 04:05:51.993,1.59385,1.59445,1.00,1.00
2010.09.07 04:05:52.301,1.5939,1.5945,1.00,1.00
2010.09.07 04:05:53.311,1.5939,1.59455,1.00,1.00
2010.09.07 04:05:53.601,1.59395,1.5945,1.00,1.00
2010.09.07 04:05:56.469,1.59395,1.59455,1.00,1.00
2010.09.07 04:05:58.975,1.5939,1.59455,1.00,1.00
2010.09.07 04:05:59.461,1.5939,1.5945,1.00,1.00
2010.09.07 04:05:59.720,1.5939,1.5945,1.00,1.70
2010.09.07 04:06:01.101,1.5939,1.5945,1.00,1.00
2010.09.07 04:06:01.232,1.59385,1.59445,1.00,1.00
2010.09.07 04:06:01.461,1.5939,1.5945,1.00,1.00
2010.09.07 04:06:01.888,1.59385,1.59445,1.00,1.00
2010.09.07 04:06:03.781,1.5939,1.5945,1.00,1.00
2010.09.07 04:06:04.006,1.59385,1.59445,1.00,1.00
2010.09.07 04:06:04.782,1.5939,1.5945,1.00,1.00
2010.09.07 04:06:06.250,1.5939,1.5945,1.00,1.70
2010.09.07 04:06:07.545,1.59385,1.59445,1.00,1.00
2010.09.07 04:06:08.282,1.5939,1.5945,1.00,1.70
2010.09.07 04:06:08.460,1.59385,1.59445,1.00,1.00
2010.09.07 04:06:09.227,1.5939,1.5945,1.00,1.70
2010.09.07 04:06:09.426,1.5938,1.59445,1.00,1.00
2010.09.07 04:06:09.679,1.59385,1.59445,1.00,1.00
2010.09.07 04:06:10.941,1.5939,1.59445,1.00,1.00
2010.09.07 04:06:11.312,1.59385,1.5945,1.00,1.70
2010.09.07 04:06:11.649,1.5939,1.59445,1.00,1.00
2010.09.07 04:06:11.869,1.59385,1.59445,1.00,1.00
2010.09.07 04:06:12.753,1.59385,1.59445,1.00,1.60
2010.09.07 04:06:13.358,1.59385,1.5944,1.00,1.00
2010.09.07 04:06:13.491,1.5938,1.5944,1.00,1.00
2010.09.07 04:06:14.302,1.59385,1.59445,1.00,1.70
2010.09.07 04:06:14.481,1.59385,1.59445,1.00,1.60
2010.09.07 04:06:14.930,1.59385,1.59445,1.00,1.00
2010.09.07 04:06:16.463,1.5939,1.59445,1.00,1.00
2010.09.07 04:06:17.441,1.5939,1.5945,1.00,1.70
2010.09.07 04:06:17.659,1.59385,1.59445,1.00,1.00
2010.09.07 04:06:26.786,1.5939,1.5945,1.00,1.70
2010.09.07 04:06:27.236,1.59385,1.59445,1.00,1.00
2010.09.07 04:06:31.724,1.5939,1.5945,1.00,1.70
2010.09.07 04:06:31.882,1.59385,1.59445,1.00,1.00
2010.09.07 04:06:40.132,1.59385,1.5944,1.00,1.00
2010.09.07 04:06:45.044,1.5939,1.5944,1.00,1.00
2010.09.07 04:06:45.065,1.59385,1.5944,1.00,1.00
2010.09.07 04:06:53.888,1.59385,1.59445,1.00,1.00
2010.09.07 04:06:54.040,1.5939,1.5945,1.00,1.90
2010.09.07 04:06:54.190,1.5939,1.5945,1.00,1.00
2010.09.07 04:06:54.340,1.5939,1.5945,1.00,1.00
2010.09.07 04:06:55.526,1.5939,1.5945,1.00,1.00
2010.09.07 04:06:56.492,1.59395,1.5945,1.00,1.00
2010.09.07 04:06:58.982,1.5939,1.5945,1.00,1.00
2010.09.07 04:06:59.229,1.5939,1.5945,1.00,1.00
2010.09.07 04:06:59.410,1.5939,1.59435,1.00,1.00
2010.09.07 04:06:59.531,1.5938,1.59435,2.10,1.00
2010.09.07 04:06:59.660,1.5938,1.59435,1.70,1.00
2010.09.07 04:06:59.720,1.5938,1.59435,1.00,1.00
2010.09.07 04:07:00.011,1.59385,1.59435,1.00,1.00
2010.09.07 04:07:00.462,1.59385,1.59435,1.00,1.00
2010.09.07 04:07:01.504,1.5939,1.59435,1.00,1.00
2010.09.07 04:07:04.241,1.59395,1.59435,1.00,1.00
2010.09.07 04:07:04.322,1.59395,1.59435,1.00,1.00
2010.09.07 04:07:09.278,1.594,1.59435,1.00,1.00
2010.09.07 04:07:09.450,1.59395,1.59435,1.00,1.00
2010.09.07 04:07:09.792,1.594,1.59435,1.00,1.00
2010.09.07 04:07:10.383,1.59395,1.59435,1.00,1.00
2010.09.07 04:07:11.700,1.59385,1.59435,1.00,1.00
2010.09.07 04:07:11.829,1.59385,1.5943,1.00,1.00
2010.09.07 04:07:12.121,1.59385,1.5944,1.00,1.80
2010.09.07 04:07:12.280,1.5939,1.5944,1.00,1.00
2010.09.07 04:07:14.350,1.59395,1.5944,1.00,1.00
2010.09.07 04:07:17.716,1.59385,1.5944,1.00,1.00
2010.09.07 04:07:17.914,1.59395,1.5944,1.00,1.00
2010.09.07 04:07:18.301,1.594,1.5944,1.00,1.00
2010.09.07 04:07:19.492,1.59395,1.5944,1.00,1.00
2010.09.07 04:07:20.757,1.59395,1.59445,1.00,1.00
2010.09.07 04:07:27.273,1.594,1.59445,1.00,1.00
2010.09.07 04:07:27.480,1.59395,1.59445,1.00,1.00
2010.09.07 04:07:35.155,1.59385,1.59445,1.00,1.00
2010.09.07 04:07:35.321,1.5939,1.59445,1.00,1.00
2010.09.07 04:07:35.922,1.5938,1.59445,1.00,1.00
2010.09.07 04:07:36.582,1.5939,1.59445,1.00,1.00
2010.09.07 04:07:39.451,1.59395,1.59445,1.00,1.00
2010.09.07 04:07:44.990,1.5939,1.59445,1.00,1.00
2010.09.07 04:07:47.433,1.59395,1.59445,1.00,1.00
2010.09.07 04:07:48.545,1.5939,1.59445,1.00,1.00
2010.09.07 04:07:48.771,1.5939,1.59445,1.00,1.00
2010.09.07 04:07:51.456,1.59395,1.59445,1.00,1.00
2010.09.07 04:07:58.261,1.594,1.59445,1.00,1.00
2010.09.07 04:07:58.373,1.59395,1.59445,1.00,1.00
2010.09.07 04:08:02.854,1.594,1.59445,1.00,1.00
2010.09.07 04:08:03.663,1.5939,1.59445,1.00,1.00
2010.09.07 04:08:04.471,1.59385,1.59445,1.00,1.00
2010.09.07 04:08:04.669,1.5939,1.59445,1.00,1.00
2010.09.07 04:08:04.923,1.59385,1.59445,1.00,1.00
2010.09.07 04:08:07.793,1.5939,1.59445,1.00,1.00
2010.09.07 04:08:07.969,1.59385,1.59445,1.00,1.00
2010.09.07 04:08:09.272,1.5939,1.59445,1.00,1.00
2010.09.07 04:08:09.792,1.59385,1.59445,1.00,1.00
2010.09.07 04:08:11.400,1.5939,1.59445,1.00,1.00
2010.09.07 04:08:15.332,1.59385,1.59445,1.00,1.00
2010.09.07 04:08:15.862,1.59385,1.59445,1.00,1.00
2010.09.07 04:08:17.392,1.59385,1.5944,1.00,1.00
2010.09.07 04:08:17.589,1.59385,1.59445,1.00,1.00
2010.09.07 04:08:20.112,1.5939,1.59445,1.00,1.00
2010.09.07 04:08:20.855,1.5939,1.59445,1.00,1.00
2010.09.07 04:08:25.174,1.5938,1.59435,1.00,1.00
2010.09.07 04:08:25.414,1.59375,1.5944,1.00,1.00
2010.09.07 04:08:25.651,1.5938,1.59445,1.00,1.00
2010.09.07 04:08:26.145,1.5938,1.59445,2.00,1.00
2010.09.07 04:08:26.383,1.5938,1.59445,1.00,1.00
2010.09.07 04:08:26.664,1.5938,1.59445,1.00,1.00
2010.09.07 04:08:27.211,1.5939,1.5945,1.00,1.60
2010.09.07 04:08:27.494,1.5939,1.5945,1.00,1.70
2010.09.07 04:08:28.711,1.59385,1.59445,1.00,1.00
2010.09.07 04:08:29.111,1.5939,1.5945,1.00,1.70
2010.09.07 04:08:29.283,1.59385,1.5945,1.00,1.70
2010.09.07 04:08:29.781,1.5939,1.5945,1.00,1.70
2010.09.07 04:08:30.040,1.59385,1.5945,1.00,1.70
2010.09.07 04:08:30.326,1.59395,1.5945,1.00,1.60
2010.09.07 04:08:30.850,1.5939,1.59445,1.00,1.00
2010.09.07 04:08:31.531,1.59395,1.5945,1.00,1.60
2010.09.07 04:08:32.495,1.5939,1.59445,1.00,1.00
2010.09.07 04:08:32.700,1.59395,1.5945,1.00,1.60
2010.09.07 04:08:45.872,1.5939,1.59445,1.00,1.00
2010.09.07 04:08:45.946,1.59385,1.5944,1.00,1.00
2010.09.07 04:08:46.037,1.5938,1.59445,1.00,1.00
2010.09.07 04:08:46.172,1.59395,1.5945,1.00,1.60
2010.09.07 04:08:47.092,1.5939,1.5945,1.00,1.70
2010.09.07 04:08:48.651,1.59395,1.5945,1.00,1.60
2010.09.07 04:08:48.900,1.5939,1.5945,1.00,1.60
2010.09.07 04:08:49.140,1.59395,1.5945,1.00,1.60
2010.09.07 04:08:50.519,1.5939,1.5945,1.00,1.70
2010.09.07 04:08:52.186,1.5939,1.5945,1.00,1.60
2010.09.07 04:08:52.307,1.59395,1.5945,1.00,1.60
2010.09.07 04:08:52.772,1.5939,1.5945,1.00,1.70
2010.09.07 04:08:52.910,1.59395,1.5945,1.00,1.60
2010.09.07 04:08:58.261,1.59395,1.5945,1.00,1.00
2010.09.07 04:08:58.712,1.59395,1.5945,1.00,1.00
2010.09.07 04:08:59.132,1.59395,1.5944,1.00,1.00
2010.09.07 04:08:59.830,1.5939,1.5944,1.00,1.00
2010.09.07 04:09:00.031,1.59395,1.5944,1.00,1.00
2010.09.07 04:09:01.522,1.5939,1.5944,1.00,1.00
2010.09.07 04:09:01.714,1.5939,1.5944,1.00,1.00
2010.09.07 04:09:01.880,1.59395,1.5944,1.00,1.00
2010.09.07 04:09:02.540,1.5939,1.5944,1.00,1.00
2010.09.07 04:09:03.519,1.59385,1.5944,1.00,1.00
2010.09.07 04:09:04.325,1.5939,1.5944,1.00,1.00
2010.09.07 04:09:06.204,1.59385,1.5944,1.00,1.00
2010.09.07 04:09:06.772,1.59385,1.5944,1.00,1.00
2010.09.07 04:09:07.430,1.59385,1.5944,1.00,1.00
2010.09.07 04:09:08.395,1.59385,1.5945,1.00,1.90
2010.09.07 04:09:08.772,1.59385,1.59445,1.00,1.00
2010.09.07 04:09:09.109,1.59385,1.59445,3.60,1.00
2010.09.07 04:09:09.432,1.59385,1.5945,3.60,1.00
2010.09.07 04:09:09.640,1.59385,1.5945,1.70,1.00
2010.09.07 04:09:09.840,1.59385,1.5945,1.00,1.00
2010.09.07 04:09:10.496,1.5939,1.5945,1.00,1.00
2010.09.07 04:09:12.354,1.59395,1.5945,1.00,1.00
2010.09.07 04:09:13.457,1.5939,1.59445,1.00,1.00
2010.09.07 04:09:14.572,1.59395,1.5945,1.00,1.00
2010.09.07 04:09:17.039,1.5939,1.59445,1.00,1.00
2010.09.07 04:09:17.149,1.5939,1.59445,1.00,1.00
2010.09.07 04:09:17.369,1.5939,1.5945,1.00,1.00
2010.09.07 04:09:18.000,1.5939,1.5945,1.00,1.00
2010.09.07 04:09:19.468,1.59395,1.5945,1.00,1.00
2010.09.07 04:09:22.690,1.5939,1.59445,1.00,1.00
2010.09.07 04:09:22.800,1.5939,1.59445,1.50,1.00
2010.09.07 04:09:23.149,1.59385,1.59445,1.00,1.00
2010.09.07 04:09:24.454,1.5939,1.59445,1.00,1.00
2010.09.07 04:09:26.633,1.59385,1.59445,1.00,1.00
2010.09.07 04:09:27.862,1.59385,1.59445,1.00,1.00
2010.09.07 04:09:28.790,1.59385,1.5945,1.00,1.00
2010.09.07 04:09:29.451,1.59385,1.5945,3.60,1.00
2010.09.07 04:09:30.471,1.5939,1.5945,1.00,1.00
2010.09.07 04:09:31.550,1.5939,1.59445,1.00,1.00
2010.09.07 04:09:33.560,1.59395,1.5945,1.00,1.00
2010.09.07 04:09:34.230,1.5939,1.5945,3.60,1.00
2010.09.07 04:09:35.492,1.59395,1.5945,1.00,1.00
2010.09.07 04:09:40.082,1.5939,1.59455,3.60,1.00
2010.09.07 04:09:41.611,1.5939,1.5945,3.60,1.00
2010.09.07 04:09:42.391,1.59395,1.5945,1.00,1.00
2010.09.07 04:09:43.785,1.59395,1.5945,1.00,1.00
2010.09.07 04:09:43.822,1.59395,1.5945,2.00,1.00
2010.09.07 04:09:43.891,1.594,1.5945,1.00,1.00
2010.09.07 04:09:43.932,1.594,1.59465,1.00,1.00
2010.09.07 04:09:44.051,1.594,1.59465,3.50,1.00
2010.09.07 04:09:44.531,1.594,1.5946,3.70,1.00
2010.09.07 04:09:44.861,1.59405,1.59465,1.90,1.00
2010.09.07 04:09:45.190,1.59405,1.59465,3.50,1.00
2010.09.07 04:09:46.551,1.59405,1.59465,3.60,1.00
2010.09.07 04:09:47.425,1.59405,1.5946,3.60,1.00
2010.09.07 04:09:50.731,1.5941,1.59465,1.00,1.00
2010.09.07 04:09:51.179,1.59415,1.5947,1.00,1.00
2010.09.07 04:09:55.781,1.5941,1.59475,1.00,1.00
2010.09.07 04:10:07.481,1.5942,1.5948,1.00,1.00
2010.09.07 04:10:07.810,1.5941,1.59475,1.00,1.00
2010.09.07 04:10:34.172,1.59405,1.5947,1.00,1.00
2010.09.07 04:10:34.265,1.59405,1.59465,1.00,1.00
2010.09.07 04:10:34.354,1.5941,1.5947,1.00,1.00
2010.09.07 04:10:35.780,1.59405,1.5947,1.00,1.00
2010.09.07 04:10:51.231,1.59415,1.59475,1.00,1.00
2010.09.07 04:10:52.811,1.59415,1.5947,1.00,1.00
2010.09.07 04:11:02.941,1.59415,1.5947,1.00,1.00
2010.09.07 04:11:04.202,1.5941,1.5947,1.00,1.00
2010.09.07 04:11:05.525,1.5941,1.5947,1.00,1.00
2010.09.07 04:11:06.182,1.59415,1.5947,1.00,1.00
2010.09.07 04:11:06.750,1.59405,1.59465,2.20,1.00
2010.09.07 04:11:07.164,1.59405,1.59465,1.70,1.00
2010.09.07 04:11:07.211,1.59415,1.5947,1.00,1.00
2010.09.07 04:11:08.475,1.5941,1.5947,1.00,1.00
2010.09.07 04:11:10.544,1.59415,1.5947,1.00,1.00
2010.09.07 04:11:10.748,1.5941,1.5947,1.00,1.00
2010.09.07 04:11:10.952,1.59415,1.5947,1.00,1.00
2010.09.07 04:11:11.282,1.59405,1.5947,1.00,1.00
2010.09.07 04:11:11.880,1.5941,1.5947,1.00,1.00
2010.09.07 04:11:20.775,1.5941,1.5947,1.00,1.00
2010.09.07 04:11:20.807,1.5941,1.5947,1.00,1.00
2010.09.07 04:11:21.099,1.59405,1.59465,1.00,1.00
2010.09.07 04:11:22.393,1.594,1.59465,3.60,1.00
2010.09.07 04:11:26.512,1.5941,1.5947,1.00,1.00
2010.09.07 04:11:26.574,1.5941,1.5947,1.00,1.00
2010.09.07 04:11:30.482,1.5941,1.5947,1.00,1.00
2010.09.07 04:11:34.520,1.59415,1.5948,1.00,1.00
2010.09.07 04:11:37.512,1.5942,1.5948,1.00,1.00
2010.09.07 04:11:38.444,1.59415,1.5948,1.00,1.00
2010.09.07 04:11:44.442,1.59415,1.59475,1.00,1.00
2010.09.07 04:11:49.478,1.5941,1.59475,2.20,1.00
2010.09.07 04:11:50.473,1.59415,1.5948,1.00,1.00
2010.09.07 04:11:55.132,1.5941,1.59475,2.20,1.00
2010.09.07 04:11:55.685,1.59415,1.5948,1.00,1.00
2010.09.07 04:12:05.357,1.59415,1.5948,1.00,1.00
2010.09.07 04:12:06.500,1.59415,1.59475,1.00,1.00
2010.09.07 04:12:11.824,1.5941,1.59475,2.20,1.00
2010.09.07 04:12:13.288,1.59415,1.5948,1.00,1.00
2010.09.07 04:12:14.033,1.59415,1.59475,1.00,1.00
2010.09.07 04:12:15.461,1.5941,1.59475,2.20,1.00
2010.09.07 04:12:16.146,1.59415,1.59475,1.00,1.00
2010.09.07 04:12:16.614,1.59415,1.59475,1.00,1.00
2010.09.07 04:12:17.352,1.5941,1.59475,2.20,1.00
2010.09.07 04:12:24.659,1.5942,1.5948,1.00,1.00
2010.09.07 04:12:24.693,1.5942,1.59485,1.00,1.70
2010.09.07 04:12:26.851,1.5941,1.59475,2.20,1.00
2010.09.07 04:12:30.051,1.5942,1.5948,1.00,1.00
2010.09.07 04:12:36.305,1.59425,1.59485,1.00,1.60
2010.09.07 04:12:44.050,1.5942,1.5948,1.00,1.00
2010.09.07 04:12:44.172,1.59425,1.59485,1.00,1.60
2010.09.07 04:12:48.028,1.59425,1.59485,1.00,1.70
2010.09.07 04:12:49.012,1.5942,1.59485,1.00,1.70
2010.09.07 04:13:03.209,1.5942,1.59485,1.00,1.60
2010.09.07 04:13:03.288,1.59425,1.59485,1.00,1.70
2010.09.07 04:13:06.483,1.59425,1.59485,1.00,1.60
2010.09.07 04:13:08.282,1.59425,1.59485,1.00,1.70
2010.09.07 04:13:10.503,1.5942,1.59485,1.00,1.70
2010.09.07 04:13:12.452,1.59425,1.59485,1.00,1.70
2010.09.07 04:13:13.482,1.59425,1.59485,1.00,1.60
2010.09.07 04:13:15.427,1.59415,1.5948,1.00,1.00
2010.09.07 04:13:17.854,1.59415,1.59475,1.00,1.00
2010.09.07 04:13:18.418,1.5942,1.5948,1.00,1.00
2010.09.07 04:13:18.652,1.5942,1.5948,1.00,1.00
2010.09.07 04:13:18.985,1.59415,1.59475,1.00,1.00
2010.09.07 04:13:19.150,1.5942,1.5948,1.00,1.00
2010.09.07 04:13:19.347,1.59415,1.5948,1.00,1.00
2010.09.07 04:13:19.510,1.59415,1.59475,1.00,1.00
2010.09.07 04:13:20.580,1.59415,1.5948,1.00,1.00
2010.09.07 04:13:21.950,1.59415,1.59475,1.00,1.00
2010.09.07 04:13:23.462,1.5941,1.59475,2.20,1.00
2010.09.07 04:13:23.720,1.5941,1.59475,2.20,1.00
2010.09.07 04:13:23.853,1.5941,1.59475,2.20,1.00
2010.09.07 04:13:28.603,1.59415,1.5948,1.00,1.00
2010.09.07 04:13:30.807,1.5941,1.5947,1.80,1.00
2010.09.07 04:13:31.228,1.5941,1.5947,3.30,1.00
2010.09.07 04:13:31.282,1.5941,1.5947,3.50,1.00
2010.09.07 04:13:32.290,1.59415,1.5947,1.60,1.00
2010.09.07 04:13:32.631,1.59415,1.5947,2.10,1.00
2010.09.07 04:13:33.656,1.59415,1.5947,2.00,1.00
2010.09.07 04:13:41.364,1.5942,1.59475,1.00,1.00
2010.09.07 04:13:42.707,1.59415,1.5947,2.00,1.00
2010.09.07 04:13:42.930,1.5942,1.5948,1.00,1.00
2010.09.07 04:13:43.279,1.59415,1.5947,2.00,1.00
2010.09.07 04:13:44.496,1.5942,1.5948,1.00,1.00
2010.09.07 04:14:32.442,1.59425,1.5948,1.00,1.00
2010.09.07 04:15:13.642,1.59425,1.59485,1.00,1.00
2010.09.07 04:15:13.721,1.59425,1.59485,1.00,1.00
2010.09.07 04:15:14.882,1.5942,1.5948,1.00,1.00
2010.09.07 04:15:15.531,1.5942,1.5948,1.00,1.00
2010.09.07 04:15:16.051,1.5942,1.5948,1.00,1.00
2010.09.07 04:15:17.533,1.59415,1.5948,1.00,1.00
2010.09.07 04:15:19.811,1.59415,1.59475,1.00,1.00
2010.09.07 04:15:19.924,1.5942,1.5948,1.00,1.00
2010.09.07 04:15:20.848,1.5942,1.5948,1.00,1.00
2010.09.07 04:15:27.045,1.59415,1.59475,1.00,1.00
2010.09.07 04:15:27.176,1.5942,1.5948,1.00,1.00
2010.09.07 04:15:27.824,1.59415,1.5948,2.20,1.00
2010.09.07 04:15:28.414,1.5942,1.5948,1.00,1.00
2010.09.07 04:15:30.492,1.5942,1.5948,1.00,1.00
2010.09.07 04:15:34.022,1.5942,1.59475,1.00,1.00
2010.09.07 04:15:35.389,1.59425,1.5948,1.00,1.00
2010.09.07 04:15:36.381,1.59425,1.5948,1.00,1.00
2010.09.07 04:15:39.563,1.59415,1.5947,1.00,1.00
2010.09.07 04:15:44.733,1.5942,1.59475,1.00,1.00
2010.09.07 04:15:47.213,1.59425,1.5948,1.00,1.00
2010.09.07 04:15:47.237,1.5942,1.5948,1.00,1.00
2010.09.07 04:15:50.746,1.59415,1.5947,1.00,1.00
2010.09.07 04:15:51.038,1.59415,1.59475,1.00,1.00
2010.09.07 04:16:00.603,1.59415,1.5948,1.00,1.00
2010.09.07 04:16:01.020,1.5942,1.5948,1.00,1.00
2010.09.07 04:16:01.343,1.59415,1.59475,1.00,1.00
2010.09.07 04:16:02.531,1.5942,1.5948,1.00,1.00
2010.09.07 04:16:13.594,1.5942,1.5948,1.00,1.00
2010.09.07 04:16:13.770,1.59425,1.59485,1.00,1.80
2010.09.07 04:16:13.821,1.59425,1.59485,1.00,1.80
2010.09.07 04:16:14.162,1.59425,1.59485,1.00,1.80
2010.09.07 04:16:14.350,1.5942,1.59485,1.00,1.90
2010.09.07 04:16:18.454,1.59425,1.59485,1.00,1.80
2010.09.07 04:16:18.813,1.5942,1.59485,1.00,1.90
2010.09.07 04:16:25.398,1.59425,1.59485,1.00,1.80
2010.09.07 04:16:26.062,1.5942,1.59485,1.00,1.90
2010.09.07 04:16:26.176,1.59425,1.59485,1.00,1.80
2010.09.07 04:16:29.531,1.5942,1.59485,1.00,1.90
2010.09.07 04:16:36.846,1.59425,1.59485,1.00,1.80
2010.09.07 04:16:37.847,1.5942,1.59485,1.00,1.90
2010.09.07 04:16:37.962,1.59425,1.59485,1.00,1.80
2010.09.07 04:16:39.482,1.5942,1.59485,1.00,1.90
2010.09.07 04:16:41.789,1.59425,1.59485,1.00,1.80
2010.09.07 04:16:42.509,1.5942,1.59485,1.00,1.90
2010.09.07 04:16:43.378,1.59425,1.59485,1.00,1.80
2010.09.07 04:16:43.941,1.59425,1.59485,1.00,1.00
2010.09.07 04:16:45.062,1.59425,1.59485,1.00,1.00
2010.09.07 04:16:45.296,1.5943,1.59485,1.00,1.00
2010.09.07 04:16:45.861,1.59425,1.59485,1.00,1.00
2010.09.07 04:16:45.963,1.5943,1.59485,1.00,1.00
2010.09.07 04:16:46.851,1.59425,1.59485,1.00,1.00
2010.09.07 04:16:47.060,1.5943,1.59485,1.00,1.00
2010.09.07 04:16:47.351,1.59425,1.59485,1.00,1.00
2010.09.07 04:16:47.430,1.5943,1.59485,1.00,1.00
2010.09.07 04:16:51.343,1.59425,1.59485,1.00,1.00
2010.09.07 04:16:51.823,1.5943,1.59485,1.00,1.00
2010.09.07 04:16:53.368,1.59425,1.59485,1.00,1.00
2010.09.07 04:16:53.483,1.5943,1.59485,1.00,1.00
2010.09.07 04:16:54.559,1.5943,1.59485,1.00,1.80
2010.09.07 04:16:54.834,1.59425,1.59485,1.00,1.90
2010.09.07 04:16:55.813,1.5942,1.59485,1.00,1.90
2010.09.07 04:16:56.407,1.59425,1.59485,1.00,1.90
2010.09.07 04:16:57.362,1.5943,1.59485,1.00,1.80
2010.09.07 04:17:00.268,1.5943,1.59475,1.00,1.00
2010.09.07 04:17:00.361,1.59415,1.59475,1.00,1.00
2010.09.07 04:17:00.431,1.59415,1.59475,1.00,1.00
2010.09.07 04:17:00.740,1.59415,1.59475,1.00,1.80
2010.09.07 04:17:00.774,1.59415,1.59475,1.00,1.80
2010.09.07 04:17:00.872,1.5941,1.59475,1.00,1.80
2010.09.07 04:17:01.272,1.59405,1.5946,1.00,1.00
2010.09.07 04:17:01.951,1.59405,1.59465,1.00,1.80
2010.09.07 04:17:02.543,1.5941,1.59465,1.00,1.80
2010.09.07 04:17:03.406,1.59405,1.59465,1.00,1.80
2010.09.07 04:17:03.631,1.59405,1.59465,1.00,1.80
2010.09.07 04:17:04.216,1.59405,1.59465,1.00,1.90
2010.09.07 04:17:04.661,1.59405,1.59465,1.00,1.80
2010.09.07 04:17:06.432,1.59415,1.5947,1.00,1.60
2010.09.07 04:17:06.712,1.59415,1.59485,1.00,1.60
2010.09.07 04:17:06.810,1.59415,1.5949,1.60,1.00
2010.09.07 04:17:07.171,1.5942,1.59495,1.00,1.90
2010.09.07 04:17:07.961,1.5942,1.59485,1.00,1.60
2010.09.07 04:17:08.743,1.59425,1.59485,1.00,1.60
2010.09.07 04:17:08.940,1.59425,1.59485,1.00,1.60
2010.09.07 04:17:09.852,1.59425,1.59485,1.00,1.60
2010.09.07 04:17:10.832,1.5942,1.59485,1.00,1.70
2010.09.07 04:17:19.371,1.59415,1.59485,1.00,1.60
2010.09.07 04:17:19.422,1.59415,1.59485,1.00,1.80
2010.09.07 04:17:20.050,1.59415,1.59475,1.00,1.60
2010.09.07 04:17:21.512,1.59415,1.5947,1.00,1.00
2010.09.07 04:17:21.633,1.59405,1.5947,1.00,1.00
2010.09.07 04:17:21.752,1.59405,1.59465,1.00,1.60
2010.09.07 04:17:22.561,1.59405,1.59465,1.00,1.70
2010.09.07 04:17:23.368,1.59405,1.59455,1.00,1.00
2010.09.07 04:17:23.581,1.59395,1.59455,1.00,1.00
2010.09.07 04:17:23.941,1.59395,1.59455,1.00,1.80
2010.09.07 04:17:24.093,1.59395,1.59445,1.00,1.00
2010.09.07 04:17:29.859,1.5939,1.59445,1.00,1.00
2010.09.07 04:17:33.861,1.59395,1.59445,1.00,1.00
2010.09.07 04:17:34.002,1.59395,1.5946,1.00,1.80
2010.09.07 04:17:34.151,1.59395,1.5947,1.00,1.80
2010.09.07 04:17:34.571,1.59405,1.5947,1.00,1.80
2010.09.07 04:17:34.711,1.59405,1.5947,1.00,1.00
2010.09.07 04:17:35.353,1.5941,1.5947,1.00,1.00
2010.09.07 04:17:35.582,1.59415,1.5947,1.00,1.00
2010.09.07 04:17:35.812,1.5941,1.5947,1.00,1.00
2010.09.07 04:17:36.154,1.5941,1.59485,1.70,1.00
2010.09.07 04:17:36.495,1.59415,1.59485,1.00,1.00
2010.09.07 04:17:36.832,1.5941,1.5948,1.60,1.00
2010.09.07 04:17:37.173,1.5941,1.59485,1.00,1.80
2010.09.07 04:17:37.512,1.5941,1.59485,1.70,1.00
2010.09.07 04:17:37.851,1.5941,1.5948,1.70,1.00
2010.09.07 04:17:38.173,1.5941,1.59475,1.60,1.00
2010.09.07 04:17:38.505,1.5941,1.59485,1.70,1.00
2010.09.07 04:17:39.164,1.5942,1.5949,1.60,1.00
2010.09.07 04:17:39.332,1.5942,1.59495,1.70,1.00
2010.09.07 04:17:39.502,1.59425,1.59495,1.60,1.00
2010.09.07 04:17:39.671,1.59425,1.5949,1.60,1.00
2010.09.07 04:17:39.831,1.5942,1.5949,1.60,1.00
2010.09.07 04:17:41.054,1.59425,1.59495,1.00,1.00
2010.09.07 04:17:41.571,1.5942,1.5949,1.70,1.00
2010.09.07 04:17:41.751,1.5942,1.5949,1.00,1.70
2010.09.07 04:17:42.070,1.5942,1.5949,1.00,1.00
2010.09.07 04:17:42.161,1.5942,1.5949,1.00,1.70
2010.09.07 04:17:42.541,1.59425,1.5949,1.00,1.60
2010.09.07 04:17:42.921,1.59425,1.5949,1.00,1.00
2010.09.07 04:17:43.549,1.59425,1.5949,1.00,1.60
2010.09.07 04:17:43.896,1.59425,1.5949,1.00,1.00
2010.09.07 04:17:44.802,1.59425,1.5949,1.00,1.60
2010.09.07 04:17:44.992,1.5942,1.5949,1.00,1.70
2010.09.07 04:17:45.183,1.59425,1.5949,1.00,1.00
2010.09.07 04:17:45.372,1.5942,1.5949,1.00,1.70
2010.09.07 04:17:45.791,1.5943,1.5949,1.00,1.00
2010.09.07 04:17:45.931,1.5943,1.5949,1.00,1.60
2010.09.07 04:17:46.211,1.5943,1.5949,1.00,1.00
2010.09.07 04:17:46.351,1.5943,1.5949,1.00,1.70
2010.09.07 04:17:46.642,1.59425,1.59485,1.00,1.00
2010.09.07 04:17:46.802,1.5943,1.5949,1.00,1.00
2010.09.07 04:17:47.462,1.5943,1.5949,1.00,1.70
2010.09.07 04:17:47.725,1.59425,1.5949,1.00,1.00
2010.09.07 04:17:47.983,1.59425,1.5949,1.00,1.70
2010.09.07 04:17:48.244,1.5942,1.5948,1.00,1.00
2010.09.07 04:17:48.833,1.5942,1.59485,1.60,1.00
2010.09.07 04:17:49.142,1.5942,1.5949,1.60,1.00
2010.09.07 04:17:49.453,1.59425,1.5949,1.70,1.00
2010.09.07 04:17:49.764,1.5942,1.5949,1.60,1.00
2010.09.07 04:17:51.453,1.5942,1.59485,1.70,1.00
2010.09.07 04:17:52.114,1.5942,1.5948,1.60,1.00
2010.09.07 04:17:52.441,1.5942,1.5948,1.00,1.00
2010.09.07 04:17:52.661,1.5942,1.5948,1.60,1.00
2010.09.07 04:17:52.992,1.59425,1.5949,1.00,1.00
2010.09.07 04:17:53.462,1.59425,1.5949,1.60,1.00
2010.09.07 04:17:56.420,1.5943,1.59495,1.00,1.00
2010.09.07 04:17:56.532,1.59425,1.5949,1.70,1.00
2010.09.07 04:17:56.653,1.59425,1.59485,1.60,1.00
2010.09.07 04:17:57.058,1.5942,1.59485,1.00,1.00
2010.09.07 04:17:58.884,1.5943,1.5949,1.00,1.00
2010.09.07 04:18:00.051,1.5942,1.59485,1.00,1.00
2010.09.07 04:18:00.941,1.5941,1.5948,2.20,1.00
2010.09.07 04:18:01.033,1.5941,1.5948,1.70,1.00
2010.09.07 04:18:01.722,1.5941,1.59475,1.60,1.00
2010.09.07 04:18:02.316,1.5941,1.59475,1.60,1.00
2010.09.07 04:18:02.942,1.594,1.59475,1.00,1.00
2010.09.07 04:18:03.314,1.594,1.5947,1.00,1.00
2010.09.07 04:18:03.962,1.59395,1.5947,1.00,1.00
2010.09.07 04:18:04.172,1.59395,1.59465,1.00,1.60
2010.09.07 04:18:04.652,1.59395,1.5947,1.00,2.10
2010.09.07 04:18:04.861,1.59405,1.5947,1.00,2.00
2010.09.07 04:18:05.080,1.59395,1.5947,1.00,2.20
2010.09.07 04:18:06.491,1.59395,1.59465,1.00,1.00
2010.09.07 04:18:07.353,1.59395,1.5946,1.00,1.00
2010.09.07 04:18:08.361,1.59405,1.5947,1.00,2.20
2010.09.07 04:18:08.581,1.59395,1.5946,1.00,1.00
2010.09.07 04:18:10.152,1.59395,1.59455,1.00,1.00
2010.09.07 04:18:11.472,1.59395,1.5946,1.00,1.00
2010.09.07 04:18:17.578,1.594,1.5946,1.00,1.00
2010.09.07 04:18:18.403,1.59395,1.59455,1.00,1.00
2010.09.07 04:18:25.443,1.594,1.5946,1.00,1.00
2010.09.07 04:18:25.681,1.59405,1.5947,1.00,2.20
2010.09.07 04:18:26.746,1.594,1.59465,1.00,1.00
2010.09.07 04:18:27.306,1.594,1.59465,1.00,1.00
2010.09.07 04:18:29.819,1.59395,1.5946,1.00,1.00
2010.09.07 04:18:30.272,1.5939,1.59455,1.00,1.00
2010.09.07 04:18:34.215,1.59395,1.59465,1.00,1.00
2010.09.07 04:18:36.453,1.5939,1.5946,1.70,1.00
2010.09.07 04:18:36.600,1.59395,1.59465,1.00,1.00
2010.09.07 04:18:36.774,1.5939,1.5946,1.60,1.00
2010.09.07 04:18:36.860,1.5939,1.5946,1.00,1.00
2010.09.07 04:18:37.542,1.594,1.5947,1.00,2.00
2010.09.07 04:18:39.531,1.59405,1.5947,1.00,2.10
2010.09.07 04:18:40.411,1.59405,1.59465,1.00,1.00
2010.09.07 04:18:41.311,1.594,1.59465,1.00,1.00
2010.09.07 04:18:48.334,1.594,1.5946,1.00,1.00
2010.09.07 04:18:49.095,1.59395,1.5946,1.00,1.00
2010.09.07 04:18:50.992,1.5939,1.59455,1.00,1.00
2010.09.07 04:18:51.101,1.5939,1.59455,1.00,1.00
2010.09.07 04:19:07.681,1.59385,1.5945,1.00,1.00
2010.09.07 04:19:08.415,1.5938,1.59445,1.00,1.00
2010.09.07 04:19:09.232,1.5938,1.59445,1.00,1.00
2010.09.07 04:19:10.365,1.59385,1.5945,1.00,1.00
2010.09.07 04:19:12.388,1.5938,1.59445,1.00,1.00
2010.09.07 04:19:13.587,1.59385,1.59445,1.00,1.00
2010.09.07 04:19:13.695,1.59395,1.5947,1.00,1.00
2010.09.07 04:19:13.803,1.59395,1.5947,1.00,1.00
2010.09.07 04:19:14.411,1.5939,1.59465,3.60,1.00
2010.09.07 04:19:14.711,1.59395,1.5947,1.00,1.00
2010.09.07 04:19:15.551,1.59395,1.59465,1.00,1.00
2010.09.07 04:19:15.892,1.59395,1.5946,1.00,1.00
2010.09.07 04:19:16.651,1.59395,1.5946,1.00,1.00
2010.09.07 04:19:17.464,1.59395,1.59455,1.00,1.00
2010.09.07 04:19:19.111,1.59395,1.5945,1.00,1.00
2010.09.07 04:19:20.102,1.5939,1.5945,1.00,1.00
2010.09.07 04:19:20.407,1.59395,1.5945,1.00,1.00
2010.09.07 04:19:29.435,1.594,1.59455,1.00,1.00
2010.09.07 04:19:32.462,1.5939,1.5945,1.00,1.00
2010.09.07 04:19:33.259,1.594,1.59455,1.00,1.00
2010.09.07 04:19:36.553,1.5939,1.5945,1.00,1.00
2010.09.07 04:19:39.203,1.594,1.59455,1.00,1.00
2010.09.07 04:19:45.016,1.5939,1.5945,1.00,1.00
2010.09.07 04:19:46.333,1.59395,1.5946,1.00,1.00
2010.09.07 04:19:46.655,1.59395,1.59465,1.00,1.00
2010.09.07 04:19:48.748,1.594,1.5947,1.00,1.00
2010.09.07 04:19:49.554,1.59395,1.59465,1.00,1.00
2010.09.07 04:19:49.892,1.5939,1.59465,1.00,1.00
2010.09.07 04:19:50.232,1.594,1.59465,1.00,1.00
2010.09.07 04:19:50.574,1.59405,1.59465,1.00,1.00
2010.09.07 04:19:52.408,1.5941,1.59465,1.00,1.00
2010.09.07 04:19:52.663,1.59405,1.59465,1.00,1.00
2010.09.07 04:19:58.293,1.59405,1.5947,1.00,1.00
2010.09.07 04:19:58.595,1.594,1.59465,1.00,1.00
2010.09.07 04:19:59.349,1.594,1.5947,1.00,1.00
2010.09.07 04:19:59.948,1.594,1.5947,1.60,1.00
2010.09.07 04:20:00.217,1.59405,1.5947,1.00,1.00
2010.09.07 04:20:00.744,1.5941,1.5947,1.00,1.00
2010.09.07 04:20:01.282,1.59405,1.5947,1.00,1.00
2010.09.07 04:20:01.591,1.59405,1.5947,1.70,1.00
2010.09.07 04:20:04.415,1.5941,1.5947,1.00,1.00
2010.09.07 04:20:06.448,1.59415,1.5947,1.00,1.00
2010.09.07 04:20:10.850,1.5941,1.59465,1.00,1.00
2010.09.07 04:20:23.266,1.59415,1.5947,1.00,1.00
2010.09.07 04:20:27.025,1.5941,1.59465,1.00,1.00
2010.09.07 04:20:40.897,1.59415,1.5947,1.00,1.00
2010.09.07 04:20:41.864,1.594,1.5947,1.60,1.60
2010.09.07 04:20:42.205,1.5941,1.59475,1.50,1.00
2010.09.07 04:20:43.601,1.5941,1.59475,1.60,1.00
2010.09.07 04:20:45.235,1.5941,1.5947,1.50,1.00
2010.09.07 04:20:45.315,1.594,1.5947,1.00,1.00
2010.09.07 04:20:45.405,1.594,1.5947,1.00,1.00
2010.09.07 04:20:45.821,1.59395,1.5947,1.00,1.00
2010.09.07 04:20:46.161,1.59395,1.59465,1.00,1.00
2010.09.07 04:20:46.502,1.59395,1.59465,1.00,1.00
2010.09.07 04:20:47.046,1.59395,1.59465,1.00,1.00
2010.09.07 04:20:47.131,1.59385,1.59455,1.00,1.00
2010.09.07 04:20:47.213,1.5939,1.5946,1.00,1.80
2010.09.07 04:20:48.042,1.5939,1.5946,1.00,1.60
2010.09.07 04:20:48.382,1.5938,1.5945,1.00,1.00
2010.09.07 04:20:49.337,1.59375,1.59445,3.60,1.00
2010.09.07 04:20:49.647,1.59385,1.59455,1.00,1.00
2010.09.07 04:20:53.481,1.59385,1.5945,1.00,1.00
2010.09.07 04:20:58.685,1.59385,1.59455,1.00,1.00
2010.09.07 04:20:59.474,1.59385,1.5945,1.00,1.00
2010.09.07 04:21:00.024,1.5938,1.59445,1.00,1.00
2010.09.07 04:21:00.581,1.5938,1.5945,1.00,1.00
2010.09.07 04:21:00.926,1.5938,1.5945,1.00,1.00
2010.09.07 04:21:01.637,1.5938,1.59445,1.00,1.00
2010.09.07 04:21:01.781,1.59375,1.5944,3.60,1.00
2010.09.07 04:21:02.052,1.59375,1.5944,1.00,1.00
2010.09.07 04:21:02.151,1.59375,1.5944,1.70,1.00
2010.09.07 04:21:02.242,1.59375,1.5944,3.60,1.00
2010.09.07 04:21:02.341,1.5938,1.5945,1.00,1.00
2010.09.07 04:21:02.432,1.5938,1.5945,1.00,1.00
2010.09.07 04:21:04.502,1.59385,1.5945,1.00,1.00
2010.09.07 04:21:16.638,1.5939,1.59455,1.00,1.00
2010.09.07 04:21:17.320,1.59395,1.59455,1.00,1.00
2010.09.07 04:21:19.027,1.5939,1.59455,1.00,1.00
2010.09.07 04:21:20.635,1.5939,1.59455,1.00,1.00
2010.09.07 04:21:22.263,1.5939,1.59455,1.00,1.00
2010.09.07 04:21:22.652,1.59395,1.5946,1.70,1.00
2010.09.07 04:21:22.771,1.594,1.5946,1.60,1.00
2010.09.07 04:21:23.175,1.594,1.5946,1.70,1.00
2010.09.07 04:21:23.836,1.594,1.5946,1.60,1.00
2010.09.07 04:21:25.457,1.594,1.5946,1.70,1.00
2010.09.07 04:21:32.703,1.594,1.5946,1.60,1.00
2010.09.07 04:21:32.922,1.59395,1.5946,1.50,1.00
2010.09.07 04:21:32.993,1.5939,1.5946,1.00,1.00
2010.09.07 04:21:33.070,1.594,1.5946,1.60,1.00
2010.09.07 04:21:35.505,1.594,1.5946,1.60,1.00
2010.09.07 04:21:36.484,1.594,1.5946,1.60,1.00
2010.09.07 04:21:41.090,1.594,1.5946,1.70,1.00
2010.09.07 04:21:42.511,1.594,1.5946,1.70,1.00
2010.09.07 04:21:47.673,1.594,1.59465,1.70,1.00
2010.09.07 04:22:00.993,1.594,1.59465,1.90,1.00
2010.09.07 04:22:01.015,1.59405,1.59465,1.60,1.00
2010.09.07 04:22:02.474,1.59405,1.59465,1.60,1.00
2010.09.07 04:22:03.149,1.59405,1.59465,1.70,1.00
2010.09.07 04:22:12.831,1.59405,1.59465,1.60,1.00
2010.09.07 04:22:13.093,1.594,1.59455,1.60,1.00
2010.09.07 04:22:18.038,1.59405,1.59465,1.00,1.00
2010.09.07 04:22:26.124,1.594,1.5946,1.60,1.00
2010.09.07 04:22:27.761,1.594,1.59455,1.60,1.00
2010.09.07 04:22:27.836,1.594,1.5946,1.70,1.00
2010.09.07 04:22:30.858,1.594,1.5945,1.60,1.00
2010.09.07 04:22:32.002,1.594,1.59455,1.60,1.00
2010.09.07 04:22:37.681,1.59405,1.59465,1.00,1.00
2010.09.07 04:22:37.794,1.5941,1.59465,1.00,1.00
2010.09.07 04:22:38.582,1.59405,1.5946,1.00,1.00
2010.09.07 04:22:40.464,1.5941,1.59465,1.00,1.00
2010.09.07 04:22:45.454,1.59405,1.5946,1.00,1.00
2010.09.07 04:22:45.898,1.5941,1.59465,1.00,1.00
2010.09.07 04:22:46.012,1.594,1.59465,1.70,1.00
2010.09.07 04:23:05.583,1.594,1.5946,1.70,1.00
2010.09.07 04:23:06.042,1.594,1.59465,1.70,1.00
2010.09.07 04:23:18.864,1.594,1.5946,1.60,1.00
2010.09.07 04:23:21.613,1.594,1.5946,1.60,1.00
2010.09.07 04:23:21.652,1.59395,1.5946,3.40,1.00
2010.09.07 04:23:21.744,1.59395,1.5946,3.20,1.00
2010.09.07 04:23:21.781,1.59395,1.5946,1.60,1.00
2010.09.07 04:23:22.113,1.59405,1.5947,1.00,1.60
2010.09.07 04:23:25.472,1.59405,1.59465,1.00,1.00
2010.09.07 04:23:25.852,1.594,1.59465,1.00,1.00
2010.09.07 04:23:32.863,1.594,1.5946,1.00,1.00
2010.09.07 04:23:53.097,1.594,1.59465,1.00,1.00
2010.09.07 04:23:55.628,1.59405,1.5947,1.00,1.70
2010.09.07 04:23:59.872,1.59405,1.59465,1.00,1.00
2010.09.07 04:24:00.684,1.5941,1.59465,1.00,1.00
2010.09.07 04:24:01.807,1.594,1.59465,1.00,1.00
2010.09.07 04:24:01.932,1.59405,1.5947,1.00,1.70
2010.09.07 04:24:02.360,1.59405,1.59465,1.00,1.00
2010.09.07 04:24:02.843,1.59405,1.5947,1.00,1.70
2010.09.07 04:24:09.222,1.59395,1.59455,1.70,1.00
2010.09.07 04:24:09.357,1.59395,1.5946,1.60,1.00
2010.09.07 04:24:09.754,1.59395,1.59455,1.60,1.00
2010.09.07 04:24:10.941,1.594,1.59455,1.00,1.00
2010.09.07 04:24:23.106,1.5941,1.59465,1.00,1.00
2010.09.07 04:24:32.094,1.5941,1.5947,1.00,1.70
2010.09.07 04:24:33.791,1.59405,1.59465,1.00,1.00
2010.09.07 04:24:34.502,1.5941,1.5947,1.00,1.60
2010.09.07 04:24:34.976,1.59405,1.59465,1.00,1.60
2010.09.07 04:24:35.225,1.5939,1.59455,1.00,1.60
2010.09.07 04:24:35.534,1.59395,1.59455,1.00,1.60
2010.09.07 04:24:35.786,1.59395,1.5946,1.00,2.10
2010.09.07 04:24:36.103,1.59395,1.5946,1.00,1.60
2010.09.07 04:24:37.426,1.594,1.5946,1.00,1.60
2010.09.07 04:24:38.463,1.594,1.5946,1.00,1.60
2010.09.07 04:24:39.404,1.59395,1.5946,1.00,1.70
2010.09.07 04:24:45.407,1.59405,1.5946,1.00,1.60
2010.09.07 04:24:45.494,1.59405,1.5946,1.00,1.60
2010.09.07 04:24:49.464,1.59395,1.5946,1.00,1.70
2010.09.07 04:24:49.722,1.594,1.5946,1.00,1.60
2010.09.07 04:24:50.229,1.59405,1.5946,1.00,1.60
2010.09.07 04:24:51.324,1.594,1.59465,1.00,1.60
2010.09.07 04:24:51.792,1.59395,1.5946,1.60,1.00
2010.09.07 04:24:51.982,1.59395,1.5946,1.60,1.00
2010.09.07 04:24:52.842,1.59395,1.5946,1.70,1.00
2010.09.07 04:24:53.245,1.59395,1.59455,1.60,1.00
2010.09.07 04:24:53.587,1.594,1.5946,1.00,1.00
2010.09.07 04:24:53.792,1.594,1.5946,1.00,1.00
2010.09.07 04:24:54.772,1.594,1.59465,1.00,1.00
2010.09.07 04:24:57.272,1.594,1.59465,1.00,1.70
2010.09.07 04:24:57.412,1.594,1.59465,1.00,1.00
2010.09.07 04:25:17.554,1.59405,1.59465,1.00,1.00
2010.09.07 04:25:17.684,1.594,1.5946,1.00,1.00
2010.09.07 04:25:18.313,1.59395,1.59465,1.00,1.60
2010.09.07 04:25:18.652,1.59395,1.5946,1.00,1.00
2010.09.07 04:25:22.313,1.59395,1.5946,1.60,1.00
2010.09.07 04:25:24.546,1.594,1.59465,1.00,1.00
2010.09.07 04:25:26.862,1.5941,1.5947,1.00,1.60
2010.09.07 04:25:29.764,1.594,1.5946,1.00,1.00
2010.09.07 04:25:29.842,1.594,1.59465,1.00,1.00
2010.09.07 04:25:32.562,1.5941,1.5947,1.00,1.60
2010.09.07 04:25:32.953,1.594,1.59465,1.00,1.00
2010.09.07 04:25:33.081,1.59395,1.5946,1.60,1.00
2010.09.07 04:25:33.321,1.59395,1.5946,1.00,1.00
2010.09.07 04:25:33.562,1.59395,1.5946,1.60,1.00
2010.09.07 04:25:34.582,1.594,1.5946,1.00,1.00
2010.09.07 04:25:35.388,1.594,1.59465,1.00,1.00
2010.09.07 04:25:37.135,1.59405,1.5947,1.00,1.00
2010.09.07 04:25:37.292,1.5941,1.59475,1.00,1.00
2010.09.07 04:25:37.412,1.5941,1.59475,1.00,1.00
2010.09.07 04:25:38.230,1.59405,1.59475,1.00,1.00
2010.09.07 04:25:38.592,1.5941,1.59475,1.60,1.00
2010.09.07 04:25:39.374,1.5941,1.5947,1.60,1.00
2010.09.07 04:25:40.356,1.5941,1.59475,1.70,1.00
2010.09.07 04:25:42.348,1.5941,1.59465,1.60,1.00
2010.09.07 04:25:43.713,1.5941,1.59465,1.60,1.00
2010.09.07 04:25:44.476,1.5941,1.5947,1.60,1.00
2010.09.07 04:25:53.485,1.5941,1.5947,1.60,1.00
2010.09.07 04:25:54.501,1.5941,1.5947,1.60,1.00
2010.09.07 04:26:10.961,1.5941,1.59475,1.70,1.00
2010.09.07 04:26:12.718,1.5941,1.5947,1.60,1.00
2010.09.07 04:26:24.320,1.5941,1.59465,1.60,1.00
2010.09.07 04:26:30.554,1.5941,1.5947,1.60,1.00
2010.09.07 04:26:32.664,1.5941,1.59465,1.60,1.00
2010.09.07 04:26:40.261,1.5941,1.59475,3.10,1.00
2010.09.07 04:26:40.382,1.59415,1.5948,1.00,1.00
2010.09.07 04:26:40.621,1.59415,1.5948,1.00,1.00
2010.09.07 04:26:41.222,1.5941,1.59475,1.70,1.00
2010.09.07 04:26:41.603,1.59415,1.59475,1.60,1.00
2010.09.07 04:26:41.783,1.59415,1.5948,1.00,1.00
2010.09.07 04:26:42.201,1.5941,1.59475,1.60,1.00
2010.09.07 04:26:42.412,1.59415,1.5948,1.60,1.00
2010.09.07 04:26:42.622,1.59415,1.5948,2.10,1.00
2010.09.07 04:26:42.832,1.59415,1.5948,1.00,1.00
2010.09.07 04:26:43.241,1.5941,1.59475,1.60,1.00
2010.09.07 04:26:43.392,1.59415,1.59475,2.00,1.00
2010.09.07 04:26:44.263,1.59415,1.59485,1.00,1.70
2010.09.07 04:26:44.462,1.59415,1.5948,1.00,1.00
2010.09.07 04:26:45.072,1.5941,1.59475,3.20,1.00
2010.09.07 04:26:45.182,1.59415,1.5948,2.20,1.00
2010.09.07 04:26:45.401,1.59415,1.5948,1.00,1.00
2010.09.07 04:26:45.921,1.5941,1.59475,1.70,1.00
2010.09.07 04:26:46.343,1.59415,1.5948,1.00,1.00
2010.09.07 04:26:46.875,1.5941,1.59475,1.60,1.00
2010.09.07 04:26:47.001,1.59415,1.59475,1.60,1.00
2010.09.07 04:26:47.121,1.59415,1.5948,2.10,1.00
2010.09.07 04:26:47.242,1.59415,1.5948,1.00,1.00
2010.09.07 04:26:47.510,1.59415,1.5948,1.00,1.00
2010.09.07 04:26:48.195,1.59415,1.5948,2.00,1.00
2010.09.07 04:26:48.532,1.59415,1.5947,1.00,1.00
2010.09.07 04:26:48.862,1.5941,1.5947,1.60,1.00
2010.09.07 04:26:51.495,1.5941,1.59465,1.60,1.00
2010.09.07 04:26:52.108,1.5941,1.59465,1.60,1.00
2010.09.07 04:26:52.846,1.5941,1.5947,1.60,1.00
2010.09.07 04:26:53.523,1.5941,1.5947,1.60,1.00
2010.09.07 04:26:54.142,1.5941,1.59465,1.60,1.00
2010.09.07 04:26:55.105,1.5941,1.5946,1.60,1.00
2010.09.07 04:26:55.984,1.5941,1.59465,1.60,1.00
2010.09.07 04:26:56.669,1.5941,1.5946,1.60,1.00
2010.09.07 04:26:57.913,1.5941,1.5947,1.60,1.00
2010.09.07 04:26:58.151,1.5941,1.5947,1.70,1.00
2010.09.07 04:26:58.682,1.5941,1.5947,1.00,1.00
2010.09.07 04:26:59.212,1.59415,1.59475,1.00,1.00
2010.09.07 04:27:01.571,1.59415,1.5947,1.00,1.00
2010.09.07 04:27:03.100,1.59415,1.59475,1.00,1.00
2010.09.07 04:27:03.622,1.59415,1.59475,1.00,1.60
2010.09.07 04:27:04.287,1.59415,1.59475,1.00,1.00
2010.09.07 04:27:04.623,1.5941,1.5947,1.00,1.00
2010.09.07 04:27:06.474,1.59415,1.59475,1.00,1.00
2010.09.07 04:27:11.140,1.5941,1.59475,1.00,1.00
2010.09.07 04:27:11.188,1.5941,1.59475,1.00,1.00
2010.09.07 04:27:11.688,1.5941,1.5947,1.00,1.00
2010.09.07 04:27:12.402,1.5941,1.59475,1.00,1.00
2010.09.07 04:27:14.222,1.5941,1.5947,1.00,1.00
2010.09.07 04:27:15.983,1.594,1.5946,1.60,1.00
2010.09.07 04:27:16.852,1.59405,1.59465,1.00,1.00
2010.09.07 04:27:17.385,1.594,1.5946,1.60,1.00
2010.09.07 04:27:19.235,1.5941,1.5947,1.00,1.00
2010.09.07 04:27:19.456,1.5942,1.5948,1.00,1.70
2010.09.07 04:27:20.229,1.59415,1.59475,1.00,1.00
2010.09.07 04:27:20.472,1.5941,1.5947,1.60,1.00
2010.09.07 04:27:21.470,1.5941,1.59475,1.70,1.00
2010.09.07 04:27:22.453,1.59415,1.5947,1.00,1.00
2010.09.07 04:27:23.745,1.5941,1.5947,1.60,1.00
2010.09.07 04:27:24.035,1.59415,1.59475,1.00,1.00
2010.09.07 04:27:26.252,1.5941,1.59465,1.60,1.00
2010.09.07 04:27:27.660,1.5941,1.59465,1.60,1.00
2010.09.07 04:27:31.512,1.59405,1.59465,1.60,1.00
2010.09.07 04:27:43.721,1.59405,1.59465,2.00,1.00
2010.09.07 04:27:43.802,1.5941,1.5947,1.00,1.00
2010.09.07 04:27:43.883,1.5941,1.5947,1.70,1.00
2010.09.07 04:27:44.053,1.5941,1.5947,1.00,1.00
2010.09.07 04:27:44.244,1.5941,1.5947,1.70,1.00
2010.09.07 04:27:45.484,1.5941,1.5947,1.60,1.00
2010.09.07 04:27:46.304,1.5941,1.59465,1.60,1.00
2010.09.07 04:27:46.706,1.5941,1.59465,1.60,1.00
2010.09.07 04:27:47.338,1.5941,1.5947,1.70,1.00
2010.09.07 04:27:48.487,1.5941,1.5947,1.60,1.00
2010.09.07 04:27:50.390,1.5941,1.59465,1.60,1.00
2010.09.07 04:27:51.262,1.5941,1.5947,1.70,1.00
2010.09.07 04:27:57.374,1.5941,1.59465,1.60,1.00
2010.09.07 04:27:58.474,1.5941,1.5947,1.60,1.00
2010.09.07 04:28:06.183,1.5941,1.59465,1.60,1.00
2010.09.07 04:28:07.824,1.5941,1.5947,1.60,1.00
2010.09.07 04:28:08.347,1.5941,1.59465,1.60,1.00
2010.09.07 04:28:08.386,1.5941,1.5947,1.70,1.00
2010.09.07 04:28:08.753,1.5941,1.59475,1.70,1.00
2010.09.07 04:28:08.861,1.5941,1.59475,2.20,1.00
2010.09.07 04:28:08.922,1.59415,1.59475,1.60,1.00
2010.09.07 04:28:10.143,1.59415,1.59475,1.60,1.00
2010.09.07 04:28:12.429,1.59415,1.59475,1.70,1.00
2010.09.07 04:28:18.408,1.59415,1.59475,1.60,1.00
2010.09.07 04:28:27.920,1.5942,1.59475,1.00,1.00
2010.09.07 04:28:29.424,1.59415,1.59475,1.60,1.00
2010.09.07 04:28:30.440,1.5942,1.59475,1.00,1.00
2010.09.07 04:28:32.454,1.59415,1.59475,1.60,1.00
2010.09.07 04:28:35.023,1.59415,1.59475,1.60,1.00
2010.09.07 04:28:35.112,1.59415,1.59475,1.60,1.00
2010.09.07 04:28:35.192,1.5941,1.59475,1.00,1.00
2010.09.07 04:28:36.493,1.5941,1.5947,1.00,1.00
2010.09.07 04:28:36.776,1.5941,1.59475,1.00,1.00
2010.09.07 04:28:37.140,1.59415,1.59475,1.00,1.00
2010.09.07 04:28:38.046,1.5942,1.59485,1.00,1.70
2010.09.07 04:28:38.354,1.5942,1.5948,1.00,1.00
2010.09.07 04:28:38.697,1.5942,1.59475,1.00,1.00
2010.09.07 04:28:38.823,1.59415,1.5948,1.00,1.00
2010.09.07 04:28:40.563,1.5942,1.5948,1.00,1.00
2010.09.07 04:28:41.460,1.59415,1.59475,1.00,1.00
2010.09.07 04:28:43.264,1.59415,1.59475,1.00,1.00
2010.09.07 04:28:43.441,1.5942,1.59475,1.00,1.00
2010.09.07 04:28:45.596,1.5941,1.59465,1.00,1.00
2010.09.07 04:28:46.474,1.5941,1.5947,1.00,1.00
2010.09.07 04:28:54.835,1.5941,1.59465,1.00,1.00
2010.09.07 04:28:56.484,1.59405,1.5946,1.00,1.00
2010.09.07 04:28:58.137,1.5941,1.5947,1.00,1.00
2010.09.07 04:28:58.217,1.5941,1.5947,1.00,1.00
2010.09.07 04:28:59.507,1.5941,1.59475,1.00,1.00
2010.09.07 04:29:00.531,1.59415,1.59475,1.00,1.00
2010.09.07 04:29:02.165,1.5941,1.59465,1.00,1.00
2010.09.07 04:29:03.493,1.5941,1.59465,1.00,1.00
2010.09.07 04:29:06.398,1.5941,1.5947,1.00,1.00
2010.09.07 04:29:08.183,1.5941,1.5947,1.00,1.00
2010.09.07 04:29:09.396,1.5941,1.59475,1.00,1.00
2010.09.07 04:29:11.474,1.5941,1.5947,1.00,1.00
2010.09.07 04:29:12.491,1.59415,1.59475,1.00,1.00
2010.09.07 04:29:13.241,1.5941,1.5947,1.00,1.00
2010.09.07 04:29:13.422,1.59405,1.5947,2.20,1.00
2010.09.07 04:29:13.852,1.59405,1.5947,2.10,1.00
2010.09.07 04:29:14.505,1.5941,1.5947,1.00,1.00
2010.09.07 04:29:15.507,1.5941,1.59465,1.00,1.00
2010.09.07 04:29:18.613,1.59415,1.5947,1.00,1.00
2010.09.07 04:29:20.686,1.59415,1.5948,1.00,1.00
2010.09.07 04:29:20.912,1.59415,1.59475,1.00,1.60
2010.09.07 04:29:22.505,1.59415,1.59475,1.00,1.70
2010.09.07 04:29:24.690,1.59415,1.59475,1.00,1.60
2010.09.07 04:29:25.357,1.59415,1.5947,1.00,1.00
2010.09.07 04:29:27.292,1.5941,1.5947,1.00,1.00
2010.09.07 04:29:28.494,1.59415,1.5947,1.00,1.00
2010.09.07 04:29:28.715,1.59405,1.59465,2.10,1.00
2010.09.07 04:29:29.012,1.59405,1.59465,1.60,1.00
2010.09.07 04:29:29.252,1.59405,1.59465,1.00,1.00
2010.09.07 04:29:29.831,1.59405,1.59465,1.60,1.00
2010.09.07 04:29:31.322,1.5941,1.59465,1.00,1.00
2010.09.07 04:29:32.982,1.59415,1.59475,1.00,1.00
2010.09.07 04:29:34.363,1.5941,1.5948,1.00,1.00
2010.09.07 04:29:34.552,1.59415,1.59485,1.00,1.00
2010.09.07 04:29:35.406,1.59415,1.5948,1.00,1.00
2010.09.07 04:29:36.042,1.59415,1.5949,1.00,2.40
2010.09.07 04:29:36.232,1.59415,1.5949,1.00,1.00
2010.09.07 04:29:36.422,1.59415,1.5949,1.00,1.00
2010.09.07 04:29:36.612,1.59415,1.5949,1.00,1.00
2010.09.07 04:29:36.801,1.5941,1.59485,1.00,1.00
2010.09.07 04:29:37.854,1.5941,1.59475,1.00,1.00
2010.09.07 04:29:38.474,1.59415,1.59475,1.00,1.00
2010.09.07 04:29:39.717,1.5941,1.5947,1.00,1.00
2010.09.07 04:29:42.006,1.59415,1.5947,1.00,1.00
2010.09.07 04:29:44.789,1.59405,1.5946,1.60,1.00
2010.09.07 04:29:55.904,1.59415,1.5947,1.00,1.00
2010.09.07 04:30:03.938,1.59405,1.5946,1.70,1.00
2010.09.07 04:30:04.056,1.59405,1.59455,1.60,1.00
2010.09.07 04:30:04.280,1.594,1.59455,3.20,1.00
2010.09.07 04:30:04.305,1.594,1.59455,1.60,1.00
2010.09.07 04:30:04.385,1.59415,1.59475,1.00,1.70
2010.09.07 04:30:05.634,1.59415,1.59475,1.00,1.60
2010.09.07 04:30:05.953,1.5942,1.5949,1.00,1.70
2010.09.07 04:30:06.495,1.5942,1.5949,1.00,1.00
2010.09.07 04:30:06.637,1.5941,1.5948,1.00,1.00
2010.09.07 04:30:07.076,1.59415,1.5948,1.00,1.00
2010.09.07 04:30:07.638,1.5941,1.59475,1.00,1.00
2010.09.07 04:30:08.710,1.59415,1.5948,1.00,1.00
2010.09.07 04:30:10.527,1.5942,1.59475,1.00,1.00
2010.09.07 04:30:13.428,1.5942,1.5948,1.00,1.00
2010.09.07 04:30:19.645,1.5941,1.5947,1.00,1.00
2010.09.07 04:30:19.729,1.5941,1.5947,1.00,1.00
2010.09.07 04:30:22.380,1.5942,1.5948,1.00,1.00
2010.09.07 04:30:25.608,1.59415,1.59475,1.00,1.00
2010.09.07 04:30:25.937,1.5941,1.5947,1.00,1.00
2010.09.07 04:30:26.160,1.59415,1.59475,1.00,1.00
2010.09.07 04:30:26.382,1.5941,1.5947,1.00,1.00
2010.09.07 04:30:26.963,1.59415,1.59475,1.00,1.00
2010.09.07 04:30:33.752,1.5942,1.5948,1.00,1.00
2010.09.07 04:30:34.379,1.5941,1.5947,1.00,1.00
2010.09.07 04:30:35.104,1.59415,1.59475,1.00,1.00
2010.09.07 04:30:35.856,1.5942,1.5948,1.00,1.00
2010.09.07 04:30:37.974,1.5942,1.59475,1.00,1.00
2010.09.07 04:30:38.195,1.5941,1.5947,1.00,1.00
2010.09.07 04:30:38.507,1.5942,1.5948,1.00,1.00
2010.09.07 04:30:39.393,1.5942,1.5948,1.00,1.00
2010.09.07 04:30:42.741,1.59425,1.59485,1.00,1.00
2010.09.07 04:30:43.014,1.5942,1.5948,1.00,1.00
2010.09.07 04:30:44.322,1.5942,1.59475,1.00,1.00
2010.09.07 04:30:46.456,1.5942,1.5948,1.00,1.00
2010.09.07 04:30:47.723,1.59425,1.59485,1.00,1.00
2010.09.07 04:30:48.593,1.5943,1.59485,1.00,1.00
2010.09.07 04:30:50.318,1.5943,1.5949,1.00,1.00
2010.09.07 04:30:50.682,1.59425,1.59485,1.00,1.00
2010.09.07 04:30:52.097,1.59435,1.5949,1.00,1.00
2010.09.07 04:30:53.126,1.59435,1.59495,1.00,1.00
2010.09.07 04:30:54.758,1.5944,1.595,1.00,2.30
2010.09.07 04:30:55.443,1.5944,1.595,1.00,1.90
2010.09.07 04:30:56.042,1.5943,1.595,1.00,1.80
2010.09.07 04:30:56.252,1.5943,1.595,1.00,1.70
2010.09.07 04:30:56.462,1.5943,1.595,1.00,1.00
2010.09.07 04:30:57.519,1.59435,1.595,1.00,1.00
2010.09.07 04:30:57.952,1.5944,1.59505,1.00,1.60
2010.09.07 04:30:58.053,1.59435,1.59505,1.00,1.60
2010.09.07 04:30:58.713,1.5944,1.59505,1.00,1.60
2010.09.07 04:30:59.460,1.59445,1.59505,1.00,1.70
2010.09.07 04:31:00.107,1.5945,1.59505,1.00,1.60
2010.09.07 04:31:00.415,1.59455,1.5951,1.00,1.60
2010.09.07 04:31:01.313,1.59445,1.5951,1.00,1.70
2010.09.07 04:31:01.873,1.5945,1.5951,1.00,1.60
2010.09.07 04:31:02.212,1.5945,1.59505,1.00,1.60
2010.09.07 04:31:02.488,1.59455,1.595,1.00,1.60
2010.09.07 04:31:02.765,1.59445,1.59485,1.00,1.00
2010.09.07 04:31:03.096,1.5944,1.59485,1.00,1.00
2010.09.07 04:31:03.744,1.59435,1.59485,1.00,1.00
2010.09.07 04:31:04.080,1.5944,1.59485,1.00,1.00
2010.09.07 04:31:04.662,1.59435,1.59485,1.00,1.00
2010.09.07 04:31:05.016,1.59435,1.59485,1.00,1.00
2010.09.07 04:31:06.545,1.59445,1.5949,1.00,1.60
2010.09.07 04:31:06.850,1.59435,1.5949,1.00,1.60
2010.09.07 04:31:07.103,1.5943,1.5951,1.70,1.90
2010.09.07 04:31:07.446,1.59435,1.5951,1.00,1.80
2010.09.07 04:31:08.632,1.5944,1.5951,1.00,1.80
2010.09.07 04:31:09.413,1.5944,1.5951,1.00,1.80
2010.09.07 04:31:09.694,1.59435,1.5951,1.00,1.90
2010.09.07 04:31:09.983,1.5944,1.5951,1.00,1.80
2010.09.07 04:31:10.586,1.5944,1.5951,1.00,1.80
2010.09.07 04:31:10.860,1.5944,1.59495,1.00,1.00
2010.09.07 04:31:11.129,1.5944,1.59515,1.60,1.00
2010.09.07 04:31:11.738,1.59445,1.5953,1.60,1.00
2010.09.07 04:31:12.065,1.5945,1.59525,1.60,1.60
2010.09.07 04:31:12.397,1.59455,1.5953,2.00,1.00
2010.09.07 04:31:12.726,1.59455,1.5953,1.00,1.00
2010.09.07 04:31:13.063,1.59455,1.5953,1.00,1.00
2010.09.07 04:31:14.083,1.59455,1.5953,1.00,1.00
2010.09.07 04:31:14.411,1.59455,1.59525,1.00,1.00
2010.09.07 04:31:15.080,1.59455,1.5952,1.00,1.00
2010.09.07 04:31:15.382,1.59455,1.59525,1.00,1.00
2010.09.07 04:31:15.685,1.5946,1.59535,1.00,1.00
2010.09.07 04:31:15.964,1.5947,1.59545,1.00,1.00
2010.09.07 04:31:16.263,1.59475,1.59545,1.00,1.00
2010.09.07 04:31:16.546,1.5947,1.59545,1.00,1.00
2010.09.07 04:31:17.150,1.59475,1.59545,1.00,1.00
2010.09.07 04:31:17.434,1.5947,1.59545,1.00,1.00
2010.09.07 04:31:18.075,1.5946,1.5954,1.00,1.00
2010.09.07 04:31:18.244,1.59465,1.59545,1.00,1.00
2010.09.07 04:31:18.414,1.59475,1.59545,1.00,1.00
2010.09.07 04:31:19.433,1.59475,1.59545,1.00,1.00
2010.09.07 04:31:19.853,1.59475,1.59545,1.00,1.00
2010.09.07 04:31:20.340,1.59475,1.5954,1.00,1.00
2010.09.07 04:31:20.665,1.59475,1.59545,1.00,1.00
2010.09.07 04:31:20.983,1.5948,1.59545,1.00,1.00
2010.09.07 04:31:21.622,1.5948,1.59545,1.00,1.00
2010.09.07 04:31:21.822,1.59485,1.59545,1.00,1.00
2010.09.07 04:31:22.136,1.59475,1.5954,1.00,1.00
2010.09.07 04:31:22.333,1.59475,1.5954,1.00,1.00
2010.09.07 04:31:23.106,1.59475,1.5954,1.00,1.00
2010.09.07 04:31:23.305,1.59485,1.59555,1.60,1.00
2010.09.07 04:31:23.792,1.5948,1.59555,1.00,1.00
2010.09.07 04:31:24.192,1.5949,1.59555,1.00,1.00
2010.09.07 04:31:25.886,1.5949,1.5955,1.00,1.00
2010.09.07 04:31:27.227,1.59485,1.5955,1.00,1.00
2010.09.07 04:31:28.466,1.59495,1.59565,1.00,1.00
2010.09.07 04:31:28.643,1.59495,1.59565,1.00,1.00
2010.09.07 04:31:28.823,1.5951,1.5957,1.00,1.00
2010.09.07 04:31:29.094,1.5951,1.59575,1.00,1.00
2010.09.07 04:31:29.491,1.59495,1.5957,1.00,1.00
2010.09.07 04:31:29.754,1.595,1.59575,1.00,1.00
2010.09.07 04:31:30.043,1.5949,1.5956,1.00,1.00
2010.09.07 04:31:30.333,1.595,1.5957,1.00,1.00
2010.09.07 04:31:30.624,1.5949,1.5956,1.00,1.00
2010.09.07 04:31:31.206,1.595,1.5957,1.00,1.00
2010.09.07 04:31:31.476,1.595,1.59565,1.00,1.00
2010.09.07 04:31:32.915,1.5949,1.5955,1.00,1.00
2010.09.07 04:31:33.382,1.59495,1.5956,1.00,1.00
2010.09.07 04:31:33.865,1.5949,1.5955,1.00,1.00
2010.09.07 04:31:34.693,1.5949,1.59545,1.00,1.00
2010.09.07 04:31:34.946,1.5948,1.59545,1.00,1.00
2010.09.07 04:31:35.248,1.5948,1.59545,1.00,1.00
2010.09.07 04:31:35.537,1.5947,1.59545,1.00,1.00
2010.09.07 04:31:36.468,1.5947,1.5954,1.00,1.00
2010.09.07 04:31:36.815,1.5948,1.59545,1.00,1.00
2010.09.07 04:31:37.408,1.5948,1.5954,1.00,1.00
2010.09.07 04:31:38.155,1.5947,1.59535,1.00,1.00
2010.09.07 04:31:39.429,1.5947,1.5953,1.00,1.00
2010.09.07 04:31:39.863,1.5948,1.59535,1.00,1.00
2010.09.07 04:31:40.693,1.5947,1.5953,1.00,1.00
2010.09.07 04:31:41.034,1.59465,1.5952,1.00,1.00
2010.09.07 04:31:41.783,1.59475,1.5953,1.00,1.00
2010.09.07 04:31:42.695,1.59465,1.59525,1.00,1.00
2010.09.07 04:31:43.441,1.59465,1.59525,1.70,1.00
2010.09.07 04:31:44.313,1.59475,1.5953,1.00,1.00
2010.09.07 04:31:45.444,1.5947,1.5953,1.00,1.00
2010.09.07 04:31:45.892,1.59475,1.5953,1.00,1.00
2010.09.07 04:31:46.456,1.5947,1.59525,1.00,1.00
2010.09.07 04:31:46.794,1.59475,1.5953,1.00,1.00
2010.09.07 04:31:47.164,1.5947,1.59525,1.00,1.00
2010.09.07 04:31:48.268,1.5947,1.5953,1.00,1.00
2010.09.07 04:31:48.582,1.5947,1.59525,1.00,1.00
2010.09.07 04:31:49.024,1.5947,1.5953,1.00,1.00
2010.09.07 04:31:49.699,1.59475,1.59535,1.00,1.00
2010.09.07 04:31:50.733,1.5948,1.59535,1.00,1.00
2010.09.07 04:31:52.291,1.59475,1.59535,1.00,1.00
2010.09.07 04:31:52.346,1.5948,1.59535,1.00,1.00
2010.09.07 04:31:52.493,1.59475,1.5953,1.00,1.00
2010.09.07 04:31:52.753,1.5948,1.5954,1.00,1.70
2010.09.07 04:31:53.156,1.59475,1.59535,1.60,1.00
2010.09.07 04:31:53.488,1.59475,1.59535,1.00,1.00
2010.09.07 04:31:53.824,1.5947,1.59535,1.70,1.00
2010.09.07 04:31:54.399,1.5947,1.59535,1.00,1.00
2010.09.07 04:31:54.884,1.59475,1.59535,1.60,1.00
2010.09.07 04:31:55.155,1.59475,1.5953,1.60,1.00
2010.09.07 04:31:55.428,1.59475,1.59535,1.70,1.00
2010.09.07 04:31:55.773,1.59475,1.59535,1.00,1.00
2010.09.07 04:31:56.033,1.5948,1.59535,1.00,1.00
2010.09.07 04:31:56.783,1.5948,1.59535,1.00,1.00
2010.09.07 04:31:58.475,1.5948,1.59535,1.00,1.00
2010.09.07 04:32:00.672,1.5947,1.5953,1.00,1.00
2010.09.07 04:32:00.863,1.5946,1.5951,1.00,1.00
2010.09.07 04:32:01.444,1.59445,1.5951,1.00,1.00
2010.09.07 04:32:01.672,1.59445,1.5951,1.00,1.00
2010.09.07 04:32:03.282,1.59435,1.5951,1.00,1.00
2010.09.07 04:32:03.656,1.59445,1.5951,1.00,1.00
2010.09.07 04:32:03.805,1.59435,1.5951,1.00,1.00
2010.09.07 04:32:04.092,1.5943,1.59505,1.00,1.00
2010.09.07 04:32:04.733,1.5943,1.59505,1.00,1.00
2010.09.07 04:32:05.364,1.5943,1.595,1.00,1.00
2010.09.07 04:32:06.781,1.59435,1.5951,1.00,1.00
2010.09.07 04:32:08.438,1.59435,1.59505,1.00,1.00
2010.09.07 04:32:11.633,1.59435,1.5951,1.00,1.00
2010.09.07 04:32:11.773,1.5943,1.59495,1.00,1.00
2010.09.07 04:32:12.215,1.59435,1.59505,1.00,1.00
2010.09.07 04:32:13.406,1.59435,1.59495,1.00,1.00
2010.09.07 04:32:13.744,1.5943,1.59495,1.00,1.00
2010.09.07 04:32:14.344,1.5943,1.59495,1.00,1.00
2010.09.07 04:32:15.418,1.5943,1.5949,1.00,1.00
2010.09.07 04:32:16.521,1.59435,1.59495,1.00,1.00
2010.09.07 04:32:16.637,1.5943,1.5949,1.00,1.00
2010.09.07 04:32:18.883,1.5943,1.5949,1.00,1.00
2010.09.07 04:32:19.209,1.5943,1.59485,1.00,1.00
2010.09.07 04:32:20.818,1.59435,1.5949,1.00,1.00
2010.09.07 04:32:26.506,1.5943,1.5949,1.00,1.00
2010.09.07 04:32:28.756,1.59435,1.5949,1.00,1.00
2010.09.07 04:32:31.780,1.5943,1.5949,1.00,1.00
2010.09.07 04:32:31.963,1.5944,1.59495,1.00,1.00
2010.09.07 04:32:33.713,1.59435,1.59495,1.00,1.00
2010.09.07 04:32:34.335,1.5944,1.59495,1.00,1.00
2010.09.07 04:32:34.773,1.59435,1.59495,1.00,1.00
2010.09.07 04:32:35.116,1.5944,1.59495,1.00,1.00
2010.09.07 04:32:37.404,1.59445,1.59495,1.00,1.00
2010.09.07 04:32:37.632,1.59435,1.59495,1.00,1.00
2010.09.07 04:32:41.480,1.5944,1.59495,1.00,1.00
2010.09.07 04:32:42.114,1.5944,1.5951,1.00,1.00
2010.09.07 04:32:42.233,1.5944,1.5951,1.70,1.00
2010.09.07 04:32:43.470,1.59445,1.5951,1.00,1.00
2010.09.07 04:32:44.013,1.5945,1.5951,1.00,1.00
2010.09.07 04:32:44.777,1.59455,1.5951,1.00,1.00
2010.09.07 04:32:45.744,1.59455,1.5951,1.00,1.00
2010.09.07 04:32:46.638,1.5945,1.5951,1.00,1.00
2010.09.07 04:32:47.382,1.59455,1.5952,1.60,1.00
2010.09.07 04:32:47.822,1.59455,1.59525,1.60,1.00
2010.09.07 04:32:48.724,1.59455,1.59525,1.60,1.00
2010.09.07 04:32:49.168,1.5946,1.59525,1.00,1.00
2010.09.07 04:32:49.284,1.5946,1.59525,1.00,1.00
2010.09.07 04:32:49.533,1.59455,1.59525,1.60,1.00
2010.09.07 04:32:49.665,1.59455,1.59525,3.20,1.00
2010.09.07 04:32:49.793,1.5946,1.59525,1.00,1.00
2010.09.07 04:32:51.246,1.5946,1.59525,1.00,1.00
2010.09.07 04:32:51.385,1.5946,1.5953,1.00,1.00
2010.09.07 04:32:51.524,1.5946,1.59525,1.00,1.00
2010.09.07 04:32:51.663,1.59455,1.59525,1.60,1.00
2010.09.07 04:32:51.804,1.59455,1.5952,1.60,1.00
2010.09.07 04:32:52.323,1.5945,1.5952,1.00,1.00
2010.09.07 04:32:52.832,1.5945,1.5952,1.00,1.00
2010.09.07 04:32:54.148,1.5945,1.5952,1.00,1.00
2010.09.07 04:32:54.321,1.59445,1.5952,1.70,1.00
2010.09.07 04:32:54.483,1.59455,1.5953,1.00,1.00
2010.09.07 04:32:54.655,1.5945,1.5953,1.00,1.00
2010.09.07 04:32:55.133,1.5945,1.5953,1.00,1.00
2010.09.07 04:32:55.813,1.59455,1.5953,1.00,1.00
2010.09.07 04:32:56.274,1.5945,1.59525,1.00,1.00
2010.09.07 04:32:56.573,1.5946,1.59535,1.00,1.00
2010.09.07 04:32:57.784,1.59465,1.59535,1.00,1.00
2010.09.07 04:32:58.043,1.5946,1.59535,1.00,1.00
2010.09.07 04:32:58.303,1.59465,1.59535,1.00,1.00
2010.09.07 04:32:58.945,1.5946,1.59525,1.00,1.00
2010.09.07 04:32:59.540,1.5946,1.59525,1.00,1.00
2010.09.07 04:32:59.863,1.59465,1.59525,1.00,1.00
2010.09.07 04:33:00.203,1.5947,1.59525,1.00,1.00
2010.09.07 04:33:01.184,1.59465,1.59525,1.00,1.00
2010.09.07 04:33:02.663,1.59465,1.59525,1.00,1.00
2010.09.07 04:33:05.072,1.5946,1.59525,1.00,1.00
2010.09.07 04:33:05.214,1.5947,1.59525,1.00,1.00
2010.09.07 04:33:05.757,1.59465,1.59525,1.00,1.00
2010.09.07 04:33:05.979,1.5947,1.59525,1.00,1.00
2010.09.07 04:33:06.578,1.5947,1.59535,1.00,1.00
2010.09.07 04:33:06.925,1.5946,1.5952,1.00,1.00
2010.09.07 04:33:08.335,1.59465,1.5952,1.00,1.00
2010.09.07 04:33:08.556,1.5946,1.5952,1.00,1.00
2010.09.07 04:33:08.894,1.59455,1.5952,1.00,1.80
2010.09.07 04:33:09.062,1.59455,1.5952,1.00,1.00
2010.09.07 04:33:10.366,1.5946,1.5952,1.00,1.00
2010.09.07 04:33:10.717,1.5946,1.59515,1.00,1.00
2010.09.07 04:33:10.878,1.59455,1.59515,1.00,1.00
2010.09.07 04:33:11.295,1.59455,1.59515,1.00,1.00
2010.09.07 04:33:11.576,1.5946,1.59515,1.00,1.00
2010.09.07 04:33:13.555,1.5946,1.59515,1.00,1.00
2010.09.07 04:33:15.474,1.59465,1.59515,1.00,1.00
2010.09.07 04:33:15.783,1.5946,1.59515,1.00,1.00
2010.09.07 04:33:15.943,1.59465,1.59515,1.00,1.00
2010.09.07 04:33:16.599,1.59465,1.59505,1.00,1.00
2010.09.07 04:33:19.752,1.59465,1.59515,1.00,1.00
2010.09.07 04:33:19.903,1.59465,1.59515,1.00,1.00
2010.09.07 04:33:21.043,1.59465,1.59515,1.00,1.00
2010.09.07 04:33:21.493,1.5946,1.59515,1.00,1.00
2010.09.07 04:33:22.019,1.59465,1.59515,1.00,1.00
2010.09.07 04:33:22.265,1.59465,1.59515,1.00,1.00
2010.09.07 04:33:22.515,1.59475,1.59515,1.00,1.00
2010.09.07 04:33:23.681,1.59475,1.59515,1.00,1.00
2010.09.07 04:33:24.414,1.5947,1.59515,1.00,1.00
2010.09.07 04:33:24.483,1.59475,1.59515,1.00,1.00
2010.09.07 04:33:24.595,1.59465,1.59515,1.00,1.00
2010.09.07 04:33:24.704,1.59465,1.59515,1.00,1.00
2010.09.07 04:33:24.816,1.5947,1.59515,1.00,1.00
2010.09.07 04:33:25.174,1.59475,1.59515,1.00,1.00
2010.09.07 04:33:25.688,1.59465,1.59515,1.00,1.00
2010.09.07 04:33:32.113,1.5947,1.59515,1.00,1.00
2010.09.07 04:33:33.453,1.59465,1.59515,1.00,1.00
2010.09.07 04:33:33.852,1.5946,1.59515,1.00,1.00
2010.09.07 04:33:34.372,1.59465,1.59515,1.00,1.00
2010.09.07 04:33:35.874,1.59465,1.59515,1.00,1.00
2010.09.07 04:33:46.454,1.59455,1.59515,1.00,1.00
2010.09.07 04:33:49.463,1.5946,1.59515,1.00,1.00
2010.09.07 04:33:50.244,1.59455,1.59515,1.00,1.00
2010.09.07 04:33:51.433,1.5946,1.59515,1.00,1.00
2010.09.07 04:33:51.602,1.5946,1.5952,1.00,1.00
2010.09.07 04:33:52.985,1.59465,1.59525,1.00,1.00
2010.09.07 04:33:53.074,1.59465,1.5953,1.00,1.00
2010.09.07 04:33:53.163,1.59465,1.5953,1.00,1.00
2010.09.07 04:33:54.523,1.5947,1.5953,1.00,1.00
2010.09.07 04:33:57.371,1.59465,1.59525,1.00,1.00
2010.09.07 04:33:57.991,1.59465,1.59525,1.00,1.00
2010.09.07 04:33:58.161,1.59465,1.5953,1.00,1.00
2010.09.07 04:33:58.586,1.59465,1.59525,1.00,1.00
2010.09.07 04:33:59.159,1.59465,1.59525,1.00,1.00
2010.09.07 04:33:59.493,1.59465,1.5953,1.00,1.00
2010.09.07 04:33:59.986,1.5947,1.59525,1.00,1.00
2010.09.07 04:34:00.272,1.59465,1.5953,1.00,1.00
2010.09.07 04:34:00.503,1.5947,1.59525,1.00,1.00
2010.09.07 04:34:01.755,1.59475,1.59535,1.00,1.00
2010.09.07 04:34:03.374,1.59475,1.59535,1.00,1.00
2010.09.07 04:34:04.334,1.5947,1.5954,1.00,1.00
2010.09.07 04:34:04.400,1.5947,1.59525,1.00,1.60
2010.09.07 04:34:04.514,1.59465,1.59525,1.00,1.60
2010.09.07 04:34:04.544,1.5946,1.59525,1.00,1.60
2010.09.07 04:34:05.324,1.5946,1.5952,1.00,1.60
2010.09.07 04:34:07.505,1.5946,1.5952,1.00,1.60
2010.09.07 04:34:08.485,1.5946,1.5952,1.00,1.70
2010.09.07 04:34:08.818,1.5946,1.5952,1.00,1.60
2010.09.07 04:34:09.348,1.5946,1.5952,1.00,1.70
2010.09.07 04:34:09.888,1.5946,1.5952,1.00,1.60
2010.09.07 04:34:10.223,1.5945,1.5951,1.00,1.00
2010.09.07 04:34:10.562,1.59455,1.5952,1.00,1.70
2010.09.07 04:34:12.475,1.59455,1.59515,1.00,1.00
2010.09.07 04:34:12.992,1.59455,1.5952,1.00,1.70
2010.09.07 04:34:14.713,1.5945,1.59515,1.00,1.00
2010.09.07 04:34:14.834,1.59455,1.5952,1.00,1.60
2010.09.07 04:34:15.374,1.5945,1.5951,1.00,1.60
2010.09.07 04:34:16.182,1.5945,1.5951,1.00,1.60
2010.09.07 04:34:17.416,1.59455,1.5951,1.00,1.60
2010.09.07 04:34:18.869,1.5945,1.59505,1.00,1.00
2010.09.07 04:34:19.243,1.59455,1.5951,1.00,1.60
2010.09.07 04:34:19.353,1.5945,1.59505,1.00,1.00
2010.09.07 04:34:21.452,1.5945,1.5951,1.00,1.60
2010.09.07 04:34:23.419,1.59455,1.5951,1.00,1.60
2010.09.07 04:34:24.442,1.5945,1.5951,1.00,1.60
2010.09.07 04:34:28.279,1.59455,1.5951,1.00,1.60
2010.09.07 04:34:29.765,1.59455,1.5951,1.00,1.70
2010.09.07 04:34:31.134,1.5945,1.5951,1.00,1.70
2010.09.07 04:34:33.176,1.5945,1.5951,1.00,1.60
2010.09.07 04:34:33.403,1.59455,1.5951,1.00,1.60
2010.09.07 04:34:33.523,1.59455,1.59505,1.00,1.60
2010.09.07 04:34:33.713,1.5945,1.59505,1.00,1.60
2010.09.07 04:34:35.449,1.59455,1.59505,1.00,1.60
2010.09.07 04:34:36.413,1.5945,1.59505,1.00,1.60
2010.09.07 04:34:37.676,1.5945,1.59505,1.00,1.60
2010.09.07 04:34:38.244,1.59455,1.59505,1.00,1.60
2010.09.07 04:34:38.919,1.59445,1.595,1.00,1.00
2010.09.07 04:34:39.674,1.59455,1.59505,1.00,1.60
2010.09.07 04:34:46.036,1.59455,1.595,1.00,1.00
2010.09.07 04:34:46.373,1.59455,1.59515,1.00,1.60
2010.09.07 04:34:46.694,1.5945,1.59515,1.00,1.70
2010.09.07 04:34:47.484,1.5945,1.5951,1.00,1.00
2010.09.07 04:34:48.435,1.5945,1.59515,1.00,1.60
2010.09.07 04:34:48.513,1.5945,1.59515,1.60,1.00
2010.09.07 04:34:48.593,1.59455,1.59515,1.00,1.00
2010.09.07 04:34:48.953,1.59455,1.59515,1.00,1.00
2010.09.07 04:34:49.493,1.5946,1.5952,1.00,1.00
2010.09.07 04:34:49.683,1.5946,1.5952,1.00,1.00
2010.09.07 04:34:50.563,1.59465,1.5952,1.00,1.00
2010.09.07 04:34:51.245,1.5947,1.5953,1.00,1.70
2010.09.07 04:34:52.452,1.59475,1.5953,1.00,1.70
2010.09.07 04:34:53.659,1.59475,1.59515,1.00,1.00
2010.09.07 04:34:53.904,1.59485,1.59515,1.00,1.00
2010.09.07 04:34:54.461,1.59475,1.59515,1.00,1.00
2010.09.07 04:34:54.944,1.5948,1.59515,1.00,1.00
2010.09.07 04:34:55.629,1.59475,1.59515,1.00,1.00
2010.09.07 04:34:55.963,1.5947,1.59515,1.00,1.00
2010.09.07 04:34:56.466,1.59475,1.59515,1.00,1.00
2010.09.07 04:34:57.507,1.5947,1.59515,1.00,1.00
2010.09.07 04:34:58.172,1.59475,1.59515,1.00,1.00
2010.09.07 04:34:58.335,1.59475,1.5953,1.00,1.00
2010.09.07 04:34:58.836,1.5947,1.5953,1.00,1.00
2010.09.07 04:34:59.365,1.59485,1.59535,1.00,1.00
2010.09.07 04:34:59.558,1.59485,1.59545,1.00,1.00
2010.09.07 04:35:00.843,1.59485,1.59545,1.00,1.00
2010.09.07 04:35:01.528,1.59485,1.59545,1.00,1.00
2010.09.07 04:35:01.693,1.59485,1.59545,1.00,1.00
2010.09.07 04:35:01.863,1.59485,1.5955,1.00,1.00
2010.09.07 04:35:02.155,1.59485,1.5955,1.00,1.00
2010.09.07 04:35:02.326,1.59485,1.5955,1.00,1.00
2010.09.07 04:35:02.495,1.5949,1.59555,1.00,1.00
2010.09.07 04:35:03.555,1.59485,1.5955,1.00,1.00
2010.09.07 04:35:04.333,1.5949,1.5955,1.00,1.00
2010.09.07 04:35:05.124,1.59485,1.59545,1.00,1.00
2010.09.07 04:35:05.937,1.5949,1.5955,1.00,1.00
2010.09.07 04:35:06.314,1.5949,1.5955,1.00,1.00
2010.09.07 04:35:06.613,1.5949,1.5955,1.00,1.00
2010.09.07 04:35:06.922,1.5949,1.59555,1.00,1.00
2010.09.07 04:35:07.558,1.5949,1.5955,1.00,1.00
2010.09.07 04:35:07.753,1.59485,1.5955,1.70,1.00
2010.09.07 04:35:08.334,1.59495,1.5956,1.00,1.00
2010.09.07 04:35:08.645,1.595,1.5956,1.00,1.00
2010.09.07 04:35:09.497,1.59485,1.5955,1.00,1.00
2010.09.07 04:35:09.834,1.595,1.59555,1.00,1.60
2010.09.07 04:35:10.513,1.595,1.5956,1.00,1.00
2010.09.07 04:35:10.853,1.59495,1.5956,1.00,1.00
2010.09.07 04:35:11.446,1.5949,1.5955,1.00,1.00
2010.09.07 04:35:12.184,1.59485,1.59545,1.00,1.00
2010.09.07 04:35:12.383,1.5948,1.5954,1.00,1.00
2010.09.07 04:35:12.573,1.5948,1.5954,1.00,1.00
2010.09.07 04:35:12.842,1.59485,1.5954,1.00,1.00
2010.09.07 04:35:13.206,1.5949,1.59545,1.00,1.00
2010.09.07 04:35:13.933,1.5949,1.59545,1.00,1.00
2010.09.07 04:35:15.445,1.5949,1.5954,1.00,1.00
2010.09.07 04:35:21.625,1.5949,1.59545,1.00,1.00
2010.09.07 04:35:21.786,1.59495,1.5955,1.00,1.60
2010.09.07 04:35:22.539,1.5949,1.5955,1.00,1.60
2010.09.07 04:35:23.165,1.5949,1.59525,1.00,1.00
2010.09.07 04:35:23.508,1.5947,1.5952,1.00,1.60
2010.09.07 04:35:23.875,1.59465,1.5952,1.00,1.60
2010.09.07 04:35:24.266,1.5946,1.5952,1.00,1.00
2010.09.07 04:35:24.459,1.5946,1.59515,1.00,1.60
2010.09.07 04:35:25.213,1.5946,1.59515,1.00,1.70
2010.09.07 04:35:26.345,1.59465,1.5952,1.00,1.60
2010.09.07 04:35:26.873,1.5947,1.59525,1.00,1.00
2010.09.07 04:35:27.123,1.5947,1.59525,1.00,1.00
2010.09.07 04:35:29.083,1.59465,1.59525,1.00,1.00
2010.09.07 04:35:29.634,1.5946,1.5952,1.00,1.00
2010.09.07 04:35:30.161,1.59465,1.59525,1.00,1.00
2010.09.07 04:35:30.507,1.5947,1.59525,1.00,1.00
2010.09.07 04:35:33.547,1.5947,1.59525,1.00,1.00
2010.09.07 04:35:33.803,1.5947,1.59515,1.00,1.00
2010.09.07 04:35:34.443,1.59465,1.59515,1.00,1.60
2010.09.07 04:35:34.737,1.5946,1.59535,2.40,1.70
2010.09.07 04:35:35.036,1.59465,1.59535,1.00,1.70
2010.09.07 04:35:35.495,1.59465,1.59535,1.00,1.00
2010.09.07 04:35:35.834,1.59465,1.59535,1.00,1.00
2010.09.07 04:35:36.173,1.5947,1.5954,1.00,1.80
2010.09.07 04:35:37.093,1.5946,1.59525,1.00,1.00
2010.09.07 04:35:37.354,1.5947,1.5953,1.00,1.00
2010.09.07 04:35:38.328,1.59475,1.59535,1.00,1.00
2010.09.07 04:35:39.368,1.5947,1.59525,1.00,1.00
2010.09.07 04:35:39.723,1.5948,1.59535,1.00,1.00
2010.09.07 04:35:41.225,1.5947,1.59525,1.00,1.00
2010.09.07 04:35:42.624,1.5947,1.59525,1.00,1.00
2010.09.07 04:35:42.833,1.5947,1.59525,1.00,1.80
2010.09.07 04:35:44.321,1.59465,1.59525,1.00,1.90
2010.09.07 04:35:45.243,1.5947,1.59525,1.00,1.80
2010.09.07 04:35:45.506,1.59465,1.5952,1.00,1.00
2010.09.07 04:35:45.901,1.5947,1.59525,1.00,1.80
2010.09.07 04:35:46.482,1.5947,1.59525,1.00,1.90
2010.09.07 04:35:47.912,1.5947,1.5952,1.00,1.00
2010.09.07 04:35:48.095,1.5947,1.59515,1.00,1.00
2010.09.07 04:35:49.103,1.5945,1.5951,1.00,1.00
2010.09.07 04:35:49.448,1.5946,1.59515,1.00,1.00
2010.09.07 04:35:51.377,1.59455,1.59515,1.00,1.00
2010.09.07 04:35:52.396,1.5946,1.59515,1.00,1.00
2010.09.07 04:35:53.074,1.59465,1.59515,1.00,1.00
2010.09.07 04:35:53.929,1.59455,1.59515,1.00,1.00
2010.09.07 04:35:54.223,1.5946,1.59515,1.00,1.00
2010.09.07 04:35:54.510,1.59455,1.59515,1.00,1.80
2010.09.07 04:35:54.858,1.5947,1.59515,1.00,1.80
2010.09.07 04:35:55.201,1.59475,1.59515,1.00,1.00
2010.09.07 04:35:55.544,1.5947,1.59515,1.00,1.00
2010.09.07 04:35:56.240,1.59465,1.59515,1.00,1.00
2010.09.07 04:35:56.585,1.5947,1.59515,1.00,1.00
2010.09.07 04:35:56.794,1.5947,1.59525,1.00,1.60
2010.09.07 04:35:57.297,1.5947,1.59525,1.00,1.00
2010.09.07 04:35:57.509,1.5947,1.5953,1.00,1.00
2010.09.07 04:35:57.813,1.59475,1.5953,1.00,1.00
2010.09.07 04:36:00.056,1.59475,1.5953,1.00,1.00
2010.09.07 04:36:00.393,1.5948,1.5953,1.00,1.00
2010.09.07 04:36:02.040,1.5948,1.5953,1.00,1.00
2010.09.07 04:36:02.715,1.59485,1.5953,1.00,1.00
2010.09.07 04:36:04.104,1.59485,1.5954,1.00,1.90
2010.09.07 04:36:04.678,1.59485,1.5954,1.00,1.00
2010.09.07 04:36:06.361,1.5949,1.5954,1.00,1.00
2010.09.07 04:36:06.966,1.5949,1.5954,1.00,1.00
2010.09.07 04:36:07.295,1.5949,1.5954,1.00,1.00
2010.09.07 04:36:07.430,1.59485,1.59535,1.00,1.00
2010.09.07 04:36:07.904,1.5949,1.5954,1.00,1.00
2010.09.07 04:36:14.584,1.59485,1.5954,1.00,1.00
2010.09.07 04:36:16.473,1.5949,1.5954,1.00,1.00
2010.09.07 04:36:16.923,1.59495,1.59555,1.00,1.00
2010.09.07 04:36:17.663,1.59495,1.5956,1.00,1.00
2010.09.07 04:36:18.100,1.595,1.5956,1.00,1.00
2010.09.07 04:36:18.477,1.595,1.5956,1.00,1.00
2010.09.07 04:36:19.035,1.5949,1.5955,1.00,1.00
2010.09.07 04:36:19.664,1.5949,1.5955,1.00,1.00
2010.09.07 04:36:20.236,1.59505,1.5956,1.00,1.00
2010.09.07 04:36:22.053,1.595,1.59555,1.00,1.00
2010.09.07 04:36:22.373,1.595,1.5956,1.00,1.00
2010.09.07 04:36:23.095,1.59505,1.5956,1.00,1.00
2010.09.07 04:36:23.373,1.595,1.5956,1.00,1.00
2010.09.07 04:36:24.530,1.595,1.59555,1.00,1.00
2010.09.07 04:36:24.854,1.595,1.59555,1.00,1.00
2010.09.07 04:36:27.767,1.595,1.5955,1.00,1.00
2010.09.07 04:36:27.894,1.59495,1.5955,1.00,1.00
2010.09.07 04:36:28.851,1.595,1.59555,1.00,1.00
2010.09.07 04:36:29.401,1.595,1.5955,1.00,1.00
2010.09.07 04:36:37.002,1.59495,1.5955,1.00,1.00
2010.09.07 04:36:39.926,1.59495,1.59555,1.00,1.00
2010.09.07 04:36:40.205,1.595,1.5955,1.00,1.00
2010.09.07 04:36:48.187,1.59495,1.5955,1.00,1.00
2010.09.07 04:36:49.827,1.59495,1.59555,1.00,1.00
2010.09.07 04:36:49.994,1.59495,1.59555,1.00,1.00
2010.09.07 04:36:50.154,1.59495,1.59555,1.00,1.00
2010.09.07 04:36:50.557,1.595,1.59555,1.00,1.00
2010.09.07 04:36:50.634,1.59495,1.5955,1.00,1.00
2010.09.07 04:36:50.973,1.595,1.5955,1.00,1.00
2010.09.07 04:36:52.879,1.5951,1.5956,1.00,1.00
2010.09.07 04:36:53.000,1.595,1.5955,1.00,1.00
2010.09.07 04:36:57.974,1.595,1.59555,1.00,1.00
2010.09.07 04:37:00.446,1.595,1.5955,1.00,1.00
2010.09.07 04:37:01.524,1.5951,1.5957,1.00,1.00
2010.09.07 04:37:01.643,1.5951,1.59565,1.00,1.00
2010.09.07 04:37:01.763,1.5951,1.59565,1.00,1.80
2010.09.07 04:37:01.983,1.595,1.5956,1.00,1.00
2010.09.07 04:37:02.094,1.595,1.5956,1.00,1.00
2010.09.07 04:37:03.285,1.595,1.5956,1.00,1.00
2010.09.07 04:37:03.588,1.595,1.59565,1.00,1.00
2010.09.07 04:37:04.091,1.595,1.59555,1.00,1.00
2010.09.07 04:37:05.034,1.59495,1.59555,1.00,1.00
2010.09.07 04:37:05.716,1.59495,1.5955,1.00,1.00
2010.09.07 04:37:07.278,1.59495,1.59555,1.00,1.00
2010.09.07 04:37:07.717,1.595,1.59555,1.00,1.00
2010.09.07 04:37:09.724,1.59505,1.59555,1.00,1.00
2010.09.07 04:37:10.334,1.59495,1.5955,1.00,1.00
2010.09.07 04:37:10.574,1.595,1.5955,1.00,1.00
2010.09.07 04:37:10.802,1.59495,1.5955,1.00,1.00
2010.09.07 04:37:12.150,1.595,1.59555,1.00,1.00
2010.09.07 04:37:12.392,1.595,1.59555,1.00,1.00
2010.09.07 04:37:12.634,1.595,1.5956,1.00,1.00
2010.09.07 04:37:12.724,1.595,1.5956,1.00,1.00
2010.09.07 04:37:12.814,1.59505,1.5956,1.00,1.00
2010.09.07 04:37:13.176,1.59505,1.59565,1.00,1.00
2010.09.07 04:37:13.444,1.5951,1.59565,1.00,1.00
2010.09.07 04:37:14.253,1.5951,1.59565,1.00,1.00
2010.09.07 04:37:15.104,1.5951,1.5956,1.00,1.00
2010.09.07 04:37:15.310,1.5951,1.59565,1.00,1.00
2010.09.07 04:37:15.556,1.5951,1.59565,1.00,1.80
2010.09.07 04:37:15.796,1.595,1.59565,1.00,1.80
2010.09.07 04:37:16.509,1.59505,1.59565,1.00,1.90
2010.09.07 04:37:17.066,1.59505,1.59565,1.00,1.80
2010.09.07 04:37:17.325,1.595,1.5956,1.00,1.00
2010.09.07 04:37:17.587,1.5949,1.59555,1.00,1.00
2010.09.07 04:37:17.716,1.5948,1.59535,1.60,1.00
2010.09.07 04:37:18.194,1.5948,1.59535,1.00,1.00
2010.09.07 04:37:19.728,1.5948,1.59535,1.00,1.00
2010.09.07 04:37:19.855,1.59475,1.59535,1.00,1.00
2010.09.07 04:37:21.845,1.59475,1.59535,1.00,1.00
2010.09.07 04:37:22.147,1.59475,1.59535,1.00,1.00
2010.09.07 04:37:22.599,1.59475,1.59535,1.00,1.00
2010.09.07 04:37:22.939,1.5947,1.59535,1.00,1.00
2010.09.07 04:37:23.384,1.59465,1.59535,2.30,1.00
2010.09.07 04:37:23.646,1.59475,1.59535,1.00,1.00
2010.09.07 04:37:24.733,1.5948,1.59535,1.00,1.00
2010.09.07 04:37:25.632,1.59485,1.59535,1.00,1.00
2010.09.07 04:37:26.630,1.59485,1.59535,1.00,1.00
2010.09.07 04:37:28.701,1.59475,1.59535,1.00,1.00
2010.09.07 04:37:28.903,1.5947,1.59535,3.20,1.00
2010.09.07 04:37:29.034,1.5947,1.5953,1.60,1.60
2010.09.07 04:37:29.175,1.5947,1.59525,1.00,1.00
2010.09.07 04:37:29.689,1.5947,1.59525,1.00,1.80
2010.09.07 04:37:29.829,1.59465,1.5952,1.00,1.60
2010.09.07 04:37:30.124,1.5947,1.5952,1.00,1.60
2010.09.07 04:37:30.854,1.5947,1.5952,1.00,1.60
2010.09.07 04:37:31.105,1.59465,1.5952,1.00,1.60
2010.09.07 04:37:31.668,1.5947,1.59525,1.00,1.00
2010.09.07 04:37:32.201,1.5947,1.59515,1.00,1.00
2010.09.07 04:37:33.042,1.59455,1.59515,1.00,1.00
2010.09.07 04:37:33.196,1.59455,1.59515,1.00,1.00
2010.09.07 04:37:33.355,1.59455,1.59515,1.00,1.00
2010.09.07 04:37:33.813,1.59455,1.59515,1.00,1.00
2010.09.07 04:37:34.496,1.59455,1.5952,1.00,1.00
2010.09.07 04:37:34.834,1.5946,1.59525,1.00,1.00
2010.09.07 04:37:34.995,1.59465,1.59525,1.00,1.00
2010.09.07 04:37:36.813,1.5947,1.59525,1.00,1.00
2010.09.07 04:37:38.547,1.5947,1.5953,1.00,1.00
2010.09.07 04:37:39.205,1.5947,1.5953,1.00,1.80
2010.09.07 04:37:39.376,1.5947,1.59525,1.00,1.00
2010.09.07 04:37:40.014,1.5947,1.5953,1.00,1.80
2010.09.07 04:37:40.304,1.5947,1.59525,1.00,1.00
2010.09.07 04:37:41.326,1.5947,1.5953,1.00,1.80
2010.09.07 04:37:42.424,1.59465,1.59525,1.00,1.00
2010.09.07 04:37:42.543,1.59465,1.5952,1.00,1.00
2010.09.07 04:37:42.665,1.5946,1.5952,1.00,1.80
2010.09.07 04:37:43.077,1.59455,1.59515,1.00,1.60
2010.09.07 04:37:43.194,1.5946,1.59515,1.00,1.60
2010.09.07 04:37:43.433,1.5946,1.5952,1.00,1.00
2010.09.07 04:37:44.693,1.5946,1.5951,1.00,1.00
2010.09.07 04:37:44.853,1.59455,1.5951,1.00,1.80
2010.09.07 04:37:45.305,1.59435,1.59495,1.00,1.00
2010.09.07 04:37:45.634,1.5944,1.59495,1.00,1.00
2010.09.07 04:37:46.124,1.59435,1.59495,1.00,1.00
2010.09.07 04:37:46.465,1.5944,1.5951,1.00,1.00
2010.09.07 04:37:47.476,1.5944,1.5951,1.00,1.00
2010.09.07 04:37:47.925,1.5944,1.5951,1.00,1.00
2010.09.07 04:37:48.139,1.5945,1.59515,1.00,1.00
2010.09.07 04:37:49.129,1.59455,1.59515,1.00,1.00
2010.09.07 04:37:49.435,1.5945,1.59515,1.00,1.00
2010.09.07 04:37:49.744,1.5945,1.5951,1.00,1.60
2010.09.07 04:37:50.629,1.59445,1.5951,1.00,1.70
2010.09.07 04:37:51.404,1.59455,1.5951,1.00,1.60
2010.09.07 04:37:52.244,1.5946,1.5951,1.00,1.60
2010.09.07 04:37:52.395,1.5946,1.59515,1.00,1.80
2010.09.07 04:37:52.674,1.5946,1.59515,1.00,1.00
2010.09.07 04:37:52.813,1.59465,1.59515,1.00,1.00
2010.09.07 04:37:53.077,1.5946,1.59515,1.00,1.00
2010.09.07 04:37:53.774,1.59455,1.59515,1.00,1.00
2010.09.07 04:37:54.113,1.59455,1.5951,1.00,1.60
2010.09.07 04:37:54.733,1.5945,1.5951,1.00,1.60
2010.09.07 04:37:55.675,1.59455,1.5951,1.00,1.60
2010.09.07 04:37:55.820,1.5945,1.59505,1.00,1.00
2010.09.07 04:37:55.913,1.5945,1.59505,1.00,1.00
2010.09.07 04:37:56.053,1.59445,1.59505,1.00,1.00
2010.09.07 04:37:56.194,1.5946,1.59505,1.00,1.00
2010.09.07 04:37:56.624,1.5946,1.5951,1.00,1.60
2010.09.07 04:37:56.775,1.5945,1.59515,1.00,1.00
2010.09.07 04:37:57.234,1.5946,1.5952,1.00,1.00
2010.09.07 04:37:57.495,1.5946,1.5952,1.00,1.80
2010.09.07 04:37:58.015,1.5946,1.5951,1.00,1.00
2010.09.07 04:37:58.555,1.59445,1.595,1.00,1.00
2010.09.07 04:37:58.824,1.59445,1.595,1.00,1.80
2010.09.07 04:37:59.093,1.59445,1.595,1.00,1.00
2010.09.07 04:38:00.054,1.59445,1.595,1.00,1.00
2010.09.07 04:38:00.386,1.5945,1.595,1.00,1.00
2010.09.07 04:38:00.716,1.59455,1.5951,1.00,1.80
2010.09.07 04:38:01.405,1.5945,1.5951,1.00,1.00
2010.09.07 04:38:02.479,1.5946,1.5951,1.00,1.00
2010.09.07 04:38:03.722,1.5946,1.595,1.00,1.00
2010.09.07 04:38:03.934,1.59445,1.595,1.00,1.00
2010.09.07 04:38:03.994,1.59445,1.595,1.00,1.00
2010.09.07 04:38:04.454,1.5944,1.595,1.00,1.00
2010.09.07 04:38:04.514,1.5944,1.59495,1.00,1.60
2010.09.07 04:38:04.785,1.5944,1.595,1.00,1.00
2010.09.07 04:38:05.116,1.5945,1.5951,1.00,1.90
2010.09.07 04:38:05.384,1.59445,1.5951,1.00,1.00
2010.09.07 04:38:06.011,1.5945,1.5951,1.00,1.00
2010.09.07 04:38:06.696,1.59455,1.5951,1.00,1.00
2010.09.07 04:38:07.703,1.59455,1.5952,1.00,1.00
2010.09.07 04:38:07.985,1.5945,1.59505,1.00,1.00
2010.09.07 04:38:08.265,1.59445,1.59505,1.00,1.00
2010.09.07 04:38:08.695,1.5945,1.59505,1.00,1.00
2010.09.07 04:38:09.035,1.59445,1.59495,1.00,1.00
2010.09.07 04:38:09.545,1.59445,1.59495,1.00,1.00
2010.09.07 04:38:10.224,1.59435,1.59495,1.00,1.00
2010.09.07 04:38:10.466,1.59435,1.5948,1.00,1.80
2010.09.07 04:38:10.705,1.59435,1.59475,1.00,1.60
2010.09.07 04:38:11.334,1.5943,1.59475,1.00,1.60
2010.09.07 04:38:12.074,1.59425,1.59475,1.00,1.60
2010.09.07 04:38:12.655,1.5943,1.59475,1.00,1.60
2010.09.07 04:38:12.944,1.59425,1.59475,1.00,1.60
2010.09.07 04:38:13.233,1.59425,1.59475,1.00,1.60
2010.09.07 04:38:13.686,1.59425,1.59475,1.00,1.60
2010.09.07 04:38:14.416,1.59425,1.59475,1.00,1.60
2010.09.07 04:38:15.133,1.59435,1.5948,1.00,1.80
2010.09.07 04:38:15.344,1.59435,1.59485,1.00,1.60
2010.09.07 04:38:16.392,1.5944,1.59485,1.00,1.60
2010.09.07 04:38:16.974,1.59445,1.59485,1.00,1.60
2010.09.07 04:38:18.837,1.5944,1.5948,1.00,1.60
2010.09.07 04:38:18.994,1.59435,1.5948,1.00,1.60
2010.09.07 04:38:19.203,1.5943,1.5948,1.00,1.80
2010.09.07 04:38:19.403,1.59425,1.5948,1.00,1.80
2010.09.07 04:38:19.603,1.59425,1.59475,1.00,1.60
2010.09.07 04:38:19.912,1.59425,1.59475,1.00,1.60
2010.09.07 04:38:21.922,1.5943,1.59475,1.00,1.60
2010.09.07 04:38:22.224,1.5943,1.5948,1.00,1.80
2010.09.07 04:38:22.847,1.59425,1.5948,1.00,1.80
2010.09.07 04:38:22.985,1.59425,1.59475,1.00,1.60
2010.09.07 04:38:24.424,1.5942,1.59465,1.00,1.60
2010.09.07 04:38:25.158,1.59415,1.59465,1.00,1.60
2010.09.07 04:38:25.339,1.5942,1.59465,1.00,1.60
2010.09.07 04:38:28.006,1.59425,1.59465,1.00,1.60
2010.09.07 04:38:28.864,1.59425,1.59465,1.00,1.60
2010.09.07 04:38:29.023,1.59425,1.5947,1.00,1.00
2010.09.07 04:38:29.344,1.59425,1.5947,1.00,1.80
2010.09.07 04:38:29.817,1.5942,1.5946,1.00,1.60
2010.09.07 04:38:30.441,1.5942,1.5946,1.00,1.60
2010.09.07 04:38:30.634,1.59425,1.5946,1.00,1.60
2010.09.07 04:38:30.833,1.59425,1.59465,1.00,1.60
2010.09.07 04:38:32.423,1.59425,1.59465,1.00,1.60
2010.09.07 04:38:33.777,1.59425,1.59465,1.00,1.60
2010.09.07 04:38:33.957,1.5942,1.59465,1.00,1.60
2010.09.07 04:38:34.214,1.5942,1.59475,1.00,1.60
2010.09.07 04:38:34.607,1.5942,1.5948,1.00,1.60
2010.09.07 04:38:34.793,1.5942,1.5948,1.00,1.00
2010.09.07 04:38:35.259,1.59425,1.59485,1.00,1.90
2010.09.07 04:38:36.249,1.5943,1.59485,1.00,1.90
2010.09.07 04:38:39.643,1.5943,1.5948,1.00,1.00
2010.09.07 04:38:41.782,1.59435,1.59485,1.00,1.90
2010.09.07 04:38:44.807,1.5943,1.59485,1.00,1.80
2010.09.07 04:38:45.103,1.59435,1.59485,1.00,1.80
2010.09.07 04:38:46.433,1.5944,1.59485,1.00,1.80
2010.09.07 04:38:46.773,1.59445,1.59485,1.00,1.80
2010.09.07 04:38:47.835,1.59435,1.59485,1.00,1.80
2010.09.07 04:38:48.337,1.5944,1.59485,1.00,1.80
2010.09.07 04:38:48.645,1.5944,1.5949,1.00,1.60
2010.09.07 04:38:48.958,1.5944,1.59495,1.00,1.00
2010.09.07 04:38:49.267,1.59445,1.59495,1.00,1.00
2010.09.07 04:38:50.963,1.59445,1.59495,1.00,1.80
2010.09.07 04:38:51.203,1.59445,1.5949,1.00,1.60
2010.09.07 04:38:57.033,1.59445,1.59485,1.00,1.60
2010.09.07 04:39:00.393,1.59445,1.5946,1.00,1.00
2010.09.07 04:39:01.546,1.59445,1.5948,1.00,1.00
2010.09.07 04:39:02.584,1.5945,1.5948,1.00,1.00
2010.09.07 04:39:03.525,1.5945,1.59495,1.00,1.00
2010.09.07 04:39:03.715,1.59455,1.59495,1.00,1.00
2010.09.07 04:39:05.815,1.5944,1.5948,1.00,1.80
2010.09.07 04:39:06.376,1.59445,1.5948,1.00,1.80
2010.09.07 04:39:06.824,1.59435,1.5948,1.00,1.80
2010.09.07 04:39:07.546,1.5944,1.5948,1.00,1.80
2010.09.07 04:39:11.715,1.5945,1.5948,1.00,1.80
2010.09.07 04:39:11.889,1.5945,1.5948,1.00,1.60
2010.09.07 04:39:11.994,1.59455,1.5948,1.00,1.60
2010.09.07 04:39:12.307,1.59455,1.59475,1.00,1.00
2010.09.07 04:39:12.416,1.59455,1.5949,1.00,1.80
2010.09.07 04:39:12.800,1.5945,1.5949,1.00,1.00
2010.09.07 04:39:12.913,1.59445,1.59485,1.00,1.60
2010.09.07 04:39:13.258,1.59455,1.5949,1.00,1.80
2010.09.07 04:39:13.594,1.59455,1.5949,1.00,1.00
2010.09.07 04:39:14.542,1.5946,1.5949,1.00,1.00
2010.09.07 04:39:15.487,1.59465,1.5949,1.00,1.00
2010.09.07 04:39:16.735,1.5946,1.5949,1.00,1.00
2010.09.07 04:39:16.863,1.5946,1.5949,1.00,1.00
2010.09.07 04:39:16.993,1.5946,1.5949,1.00,1.80
2010.09.07 04:39:19.444,1.5945,1.59505,1.00,1.60
2010.09.07 04:39:20.012,1.59455,1.5949,1.00,1.80
2010.09.07 04:39:20.196,1.5945,1.5949,1.00,1.80
2010.09.07 04:39:20.743,1.5945,1.5949,1.00,1.00
2010.09.07 04:39:21.771,1.59455,1.5949,1.00,1.00
2010.09.07 04:39:24.314,1.59455,1.595,1.00,1.60
2010.09.07 04:39:24.394,1.59455,1.59505,1.00,1.80
2010.09.07 04:39:24.796,1.59445,1.59505,1.00,1.80
2010.09.07 04:39:24.953,1.59445,1.595,1.00,1.60
2010.09.07 04:39:25.374,1.59455,1.595,1.00,1.60
2010.09.07 04:39:26.266,1.59455,1.59505,1.00,1.80
2010.09.07 04:39:26.835,1.5945,1.59505,1.00,1.80
2010.09.07 04:39:27.127,1.5945,1.595,1.00,1.60
2010.09.07 04:39:27.375,1.59455,1.595,1.00,1.60
2010.09.07 04:39:27.624,1.59445,1.59495,1.00,1.60
2010.09.07 04:39:27.874,1.5944,1.5949,1.00,1.00
2010.09.07 04:39:28.434,1.5945,1.5949,1.00,1.80
2010.09.07 04:39:29.214,1.59445,1.5949,1.00,1.80
2010.09.07 04:39:29.435,1.5945,1.59495,1.00,1.60
2010.09.07 04:39:29.864,1.59445,1.595,1.00,1.60
2010.09.07 04:39:30.356,1.5944,1.59495,1.00,1.00
2010.09.07 04:39:30.573,1.59445,1.595,1.00,1.70
2010.09.07 04:39:30.823,1.59435,1.59495,1.00,1.00
2010.09.07 04:39:31.074,1.5944,1.59485,1.00,1.60
2010.09.07 04:39:31.895,1.59435,1.59485,1.00,1.60
2010.09.07 04:39:32.114,1.5943,1.59485,1.00,1.60
2010.09.07 04:39:32.533,1.59435,1.59485,1.00,1.60
2010.09.07 04:39:33.041,1.59445,1.5949,1.00,1.60
2010.09.07 04:39:33.347,1.59445,1.59495,1.00,1.60
2010.09.07 04:39:34.525,1.5945,1.59495,1.00,1.60
2010.09.07 04:39:35.074,1.5944,1.59495,1.00,1.70
2010.09.07 04:39:35.294,1.59455,1.59495,1.00,1.60
2010.09.07 04:39:35.365,1.59455,1.59495,1.00,1.60
2010.09.07 04:39:35.537,1.59445,1.59495,1.00,1.60
2010.09.07 04:39:36.284,1.59455,1.59495,1.00,1.60
2010.09.07 04:39:36.623,1.59445,1.59495,1.00,1.70
2010.09.07 04:39:42.083,1.5945,1.59495,1.00,1.60
2010.09.07 04:39:42.306,1.5945,1.59505,1.00,1.60
2010.09.07 04:39:43.194,1.5945,1.5951,1.00,1.00
2010.09.07 04:39:43.523,1.59445,1.59505,1.00,1.00
2010.09.07 04:39:44.216,1.59445,1.59505,1.00,1.00
2010.09.07 04:39:44.555,1.59455,1.59515,1.00,1.80
2010.09.07 04:39:45.527,1.5946,1.59515,1.00,1.90
2010.09.07 04:39:46.454,1.59465,1.59515,1.00,1.90
2010.09.07 04:39:46.906,1.59455,1.59505,1.00,1.00
2010.09.07 04:39:48.757,1.59455,1.59515,1.00,1.90
2010.09.07 04:39:49.375,1.59455,1.5951,1.00,1.00
2010.09.07 04:39:49.857,1.5945,1.59505,1.00,1.00
2010.09.07 04:39:53.045,1.59445,1.59505,1.00,1.00
2010.09.07 04:39:53.324,1.5945,1.59505,1.00,1.00
2010.09.07 04:39:53.864,1.5945,1.59505,1.00,1.00
2010.09.07 04:39:54.029,1.59445,1.595,1.00,1.60
2010.09.07 04:39:54.344,1.5945,1.59505,1.00,1.80
2010.09.07 04:39:54.504,1.5945,1.59505,1.00,1.80
2010.09.07 04:39:54.965,1.59445,1.595,1.00,1.00
2010.09.07 04:39:56.313,1.5945,1.59505,1.00,1.90
2010.09.07 04:39:56.845,1.59445,1.595,1.00,1.70
2010.09.07 04:39:58.294,1.59445,1.59495,1.00,1.00
2010.09.07 04:39:58.443,1.59445,1.59495,1.00,1.60
2010.09.07 04:40:00.827,1.59455,1.59495,1.00,1.60
2010.09.07 04:40:01.636,1.5945,1.59495,1.00,1.60
2010.09.07 04:40:01.967,1.59455,1.59495,1.00,1.60
2010.09.07 04:40:08.626,1.5945,1.59495,1.00,1.60
2010.09.07 04:40:17.710,1.5945,1.595,1.00,1.70
2010.09.07 04:40:21.218,1.59455,1.595,1.00,1.60
2010.09.07 04:40:21.586,1.59445,1.595,1.00,1.60
2010.09.07 04:40:22.275,1.5944,1.59495,1.00,1.00
2010.09.07 04:40:23.905,1.5944,1.59495,1.00,1.60
2010.09.07 04:40:24.643,1.59435,1.59495,1.00,1.70
2010.09.07 04:40:25.455,1.5944,1.59495,1.00,1.70
2010.09.07 04:40:26.594,1.5943,1.5949,1.00,1.00
2010.09.07 04:40:28.385,1.5943,1.59485,1.00,1.00
2010.09.07 04:40:29.044,1.5943,1.59485,1.00,1.90
2010.09.07 04:40:29.702,1.59435,1.59485,1.00,1.80
2010.09.07 04:40:31.195,1.5943,1.59485,1.00,1.00
2010.09.07 04:40:36.379,1.59435,1.59485,1.00,1.00
2010.09.07 04:40:36.707,1.5943,1.59485,1.00,1.00
2010.09.07 04:40:37.331,1.59425,1.59485,1.00,1.00
2010.09.07 04:40:37.657,1.5943,1.59485,1.00,1.00
2010.09.07 04:40:38.093,1.5943,1.59485,1.00,1.00
2010.09.07 04:40:38.283,1.5943,1.59485,1.00,1.00
2010.09.07 04:40:38.473,1.5943,1.59485,1.00,1.00
2010.09.07 04:40:39.057,1.5943,1.59485,1.00,1.00
2010.09.07 04:40:40.663,1.59425,1.5948,1.00,1.00
2010.09.07 04:40:40.934,1.5943,1.59485,1.00,1.00
2010.09.07 04:40:41.845,1.59435,1.59485,1.00,1.00
2010.09.07 04:40:44.994,1.59425,1.59485,1.00,1.00
2010.09.07 04:40:47.516,1.5943,1.59485,1.00,1.00
2010.09.07 04:40:48.394,1.59435,1.59485,1.00,1.00
2010.09.07 04:40:49.862,1.5943,1.59485,1.00,1.00
2010.09.07 04:40:50.428,1.59425,1.59485,1.00,1.00
2010.09.07 04:40:52.575,1.5943,1.59485,1.00,1.00
2010.09.07 04:40:53.410,1.59435,1.59485,1.00,1.00
2010.09.07 04:40:54.134,1.59435,1.59485,1.00,1.00
2010.09.07 04:40:54.328,1.59425,1.59485,1.00,1.00
2010.09.07 04:40:54.858,1.5943,1.59485,1.00,1.00
2010.09.07 04:40:55.393,1.59425,1.5948,1.00,1.00
2010.09.07 04:40:55.544,1.5943,1.59485,1.00,1.00
2010.09.07 04:40:55.814,1.59425,1.59485,1.00,1.00
2010.09.07 04:40:56.065,1.5943,1.59485,1.00,1.00
2010.09.07 04:40:56.324,1.5943,1.5949,1.00,1.70
2010.09.07 04:40:56.867,1.59425,1.59485,1.00,1.00
2010.09.07 04:40:57.104,1.5943,1.59485,1.00,1.00
2010.09.07 04:40:57.399,1.59425,1.59485,1.00,1.00
2010.09.07 04:40:58.305,1.59415,1.5949,1.70,1.70
2010.09.07 04:40:58.544,1.59415,1.59475,1.00,1.00
2010.09.07 04:40:58.784,1.5941,1.59475,1.00,2.20
2010.09.07 04:41:00.146,1.5941,1.5946,1.00,1.00
2010.09.07 04:41:01.017,1.5941,1.59475,1.00,1.60
2010.09.07 04:41:01.324,1.5941,1.59475,1.60,1.60
2010.09.07 04:41:01.604,1.5941,1.5948,1.60,1.00
2010.09.07 04:41:02.007,1.5941,1.59475,1.60,1.00
2010.09.07 04:41:03.527,1.59415,1.59475,1.00,1.00
2010.09.07 04:41:03.664,1.59415,1.59475,1.00,1.00
2010.09.07 04:41:04.526,1.59415,1.5948,1.00,1.00
2010.09.07 04:41:05.125,1.59415,1.59475,1.00,1.00
2010.09.07 04:41:05.631,1.5941,1.59475,1.70,1.00
2010.09.07 04:41:05.790,1.59415,1.5948,1.00,1.00
2010.09.07 04:41:05.934,1.5942,1.59475,1.00,1.00
2010.09.07 04:41:06.724,1.59415,1.59475,1.00,1.00
2010.09.07 04:41:07.063,1.59415,1.59475,1.00,1.00
2010.09.07 04:41:07.404,1.59415,1.5947,1.00,1.00
2010.09.07 04:41:07.971,1.59415,1.59475,2.00,1.00
2010.09.07 04:41:08.211,1.59415,1.59475,1.00,1.00
2010.09.07 04:41:09.586,1.5942,1.5947,1.00,1.00
2010.09.07 04:41:09.884,1.59415,1.5947,1.00,1.00
2010.09.07 04:41:10.741,1.5942,1.59475,1.00,1.00
2010.09.07 04:41:11.903,1.59425,1.59485,1.00,1.00
2010.09.07 04:41:12.136,1.59425,1.5948,1.00,1.00
2010.09.07 04:41:12.375,1.59425,1.59485,1.00,1.00
2010.09.07 04:41:13.584,1.5942,1.5948,1.00,1.00
2010.09.07 04:41:14.324,1.5942,1.5948,1.00,1.00
2010.09.07 04:41:14.614,1.5942,1.59475,1.00,1.00
2010.09.07 04:41:16.723,1.5942,1.5948,1.00,1.00
2010.09.07 04:41:16.915,1.59425,1.59485,1.00,1.00
2010.09.07 04:41:18.124,1.59425,1.5948,1.00,1.00
2010.09.07 04:41:18.567,1.59425,1.59485,1.00,1.00
2010.09.07 04:41:18.835,1.5942,1.5948,1.00,1.00
2010.09.07 04:41:19.104,1.59425,1.5948,1.00,1.00
2010.09.07 04:41:19.364,1.59415,1.59475,1.00,1.00
2010.09.07 04:41:19.697,1.59415,1.5947,1.00,1.00
2010.09.07 04:41:20.717,1.5942,1.5947,1.00,1.00
2010.09.07 04:41:21.595,1.5942,1.59475,1.00,1.00
2010.09.07 04:41:22.276,1.59425,1.59475,1.00,1.00
2010.09.07 04:41:24.091,1.5942,1.5947,1.00,1.00
2010.09.07 04:41:24.694,1.5942,1.59475,1.00,1.00
2010.09.07 04:41:25.923,1.5942,1.5947,1.00,1.00
2010.09.07 04:41:27.573,1.59415,1.5947,1.00,1.00
2010.09.07 04:41:29.467,1.59415,1.59465,1.00,1.00
2010.09.07 04:41:31.580,1.5942,1.59475,1.00,1.00
2010.09.07 04:41:31.861,1.59415,1.59475,1.00,1.00
2010.09.07 04:41:32.123,1.59415,1.59475,1.00,1.00
2010.09.07 04:41:33.500,1.5942,1.59475,1.00,1.00
2010.09.07 04:41:36.596,1.5942,1.5948,1.00,1.00
2010.09.07 04:41:36.935,1.5942,1.5948,1.00,1.00
2010.09.07 04:41:37.274,1.59425,1.5948,1.00,1.00
2010.09.07 04:41:39.044,1.59425,1.59485,1.00,1.00
2010.09.07 04:41:40.674,1.5943,1.59485,1.00,1.00
2010.09.07 04:41:41.014,1.59425,1.59485,1.00,1.00
2010.09.07 04:41:41.821,1.5942,1.5948,1.00,1.00
2010.09.07 04:41:42.539,1.5942,1.59475,1.00,1.00
2010.09.07 04:41:42.743,1.5942,1.5948,1.00,1.00
2010.09.07 04:41:43.114,1.5942,1.5948,1.00,1.00
2010.09.07 04:41:44.197,1.5942,1.59475,1.00,1.00
2010.09.07 04:41:45.855,1.5942,1.59485,1.00,1.00
2010.09.07 04:41:46.177,1.5942,1.5948,1.00,1.00
2010.09.07 04:41:46.517,1.5942,1.59475,1.00,1.00
2010.09.07 04:41:46.854,1.5942,1.5948,1.00,1.00
2010.09.07 04:41:47.194,1.59415,1.59475,1.00,1.00
2010.09.07 04:41:47.806,1.59415,1.59475,1.00,1.00
2010.09.07 04:41:48.484,1.59415,1.5947,1.00,1.00
2010.09.07 04:41:50.545,1.5942,1.59475,1.00,1.00
2010.09.07 04:41:51.363,1.5942,1.59475,1.00,1.00
2010.09.07 04:41:52.164,1.5941,1.59465,1.00,1.00
2010.09.07 04:41:52.354,1.5942,1.59475,1.00,1.00
2010.09.07 04:41:52.786,1.59415,1.59475,1.00,1.00
2010.09.07 04:41:52.995,1.5942,1.59475,1.00,1.00
2010.09.07 04:41:58.467,1.5941,1.59465,1.00,1.00
2010.09.07 04:41:58.576,1.5942,1.59475,1.00,1.00
2010.09.07 04:41:58.883,1.5941,1.59465,1.00,1.00
2010.09.07 04:41:59.009,1.5942,1.59475,1.00,1.00
2010.09.07 04:41:59.543,1.5941,1.59465,1.00,1.00
2010.09.07 04:42:00.095,1.5942,1.59475,1.00,1.00
2010.09.07 04:42:09.897,1.59415,1.5947,1.00,1.00
2010.09.07 04:42:11.448,1.5942,1.59475,1.00,1.00
2010.09.07 04:42:42.056,1.59415,1.5947,1.00,1.00
2010.09.07 04:42:42.564,1.5942,1.59475,1.00,1.00
2010.09.07 04:42:44.374,1.5942,1.5948,1.00,1.00
2010.09.07 04:42:45.907,1.5942,1.5948,1.00,1.00
2010.09.07 04:42:47.514,1.59425,1.5948,1.00,1.00
2010.09.07 04:42:55.888,1.5942,1.59475,1.00,1.00
2010.09.07 04:42:56.669,1.59425,1.5948,1.00,1.00
2010.09.07 04:43:01.642,1.5942,1.59475,1.00,1.00
2010.09.07 04:43:01.780,1.59425,1.5948,1.00,1.00
2010.09.07 04:43:02.514,1.5942,1.59475,1.00,1.00
2010.09.07 04:43:03.505,1.59425,1.5948,1.00,1.00
2010.09.07 04:43:15.961,1.59415,1.59475,1.00,1.00
2010.09.07 04:43:16.627,1.5942,1.5948,1.00,1.00
2010.09.07 04:43:17.465,1.59425,1.5948,1.00,1.00
2010.09.07 04:43:18.397,1.5942,1.5948,1.00,1.00
2010.09.07 04:43:18.637,1.59425,1.59485,1.00,1.00
2010.09.07 04:43:19.504,1.59425,1.5948,1.00,1.00
2010.09.07 04:43:20.166,1.59425,1.59485,1.00,1.00
2010.09.07 04:43:20.375,1.59425,1.5948,1.00,1.00
2010.09.07 04:43:23.707,1.59425,1.59475,1.00,1.00
2010.09.07 04:43:25.726,1.59425,1.5948,1.00,1.00
2010.09.07 04:43:29.716,1.5942,1.59475,1.00,1.00
2010.09.07 04:43:31.044,1.59415,1.5947,1.00,1.00
2010.09.07 04:43:31.817,1.5942,1.59475,1.00,1.00
2010.09.07 04:43:34.212,1.59425,1.5948,1.00,1.00
2010.09.07 04:43:35.752,1.59405,1.5948,1.00,1.00
2010.09.07 04:43:35.934,1.59405,1.59465,1.00,1.60
2010.09.07 04:43:36.115,1.59395,1.59445,1.00,1.60
2010.09.07 04:43:36.547,1.5939,1.5945,1.00,1.00
2010.09.07 04:43:36.770,1.59365,1.59435,1.00,1.00
2010.09.07 04:43:37.195,1.59365,1.5944,1.00,1.00
2010.09.07 04:43:37.425,1.5937,1.5944,1.00,1.00
2010.09.07 04:43:38.164,1.5937,1.59445,1.00,2.00
2010.09.07 04:43:38.605,1.5937,1.59445,1.00,2.10
2010.09.07 04:43:39.462,1.59375,1.59445,1.00,2.00
2010.09.07 04:43:40.673,1.59375,1.5944,1.00,1.00
2010.09.07 04:43:41.503,1.59375,1.59435,1.00,1.00
2010.09.07 04:43:41.782,1.5937,1.59435,1.00,1.00
2010.09.07 04:43:42.294,1.59375,1.59435,1.00,1.00
2010.09.07 04:43:42.913,1.59375,1.59435,1.00,1.00
2010.09.07 04:43:43.123,1.5937,1.59435,1.00,1.00
2010.09.07 04:43:43.923,1.5938,1.5944,1.00,1.00
2010.09.07 04:43:44.123,1.59375,1.5944,1.00,1.00
2010.09.07 04:43:44.324,1.59375,1.5943,1.00,1.60
2010.09.07 04:43:44.524,1.59375,1.5944,1.00,1.00
2010.09.07 04:43:45.527,1.5937,1.59435,1.00,1.00
2010.09.07 04:43:45.774,1.5937,1.5943,1.00,1.00
2010.09.07 04:43:46.579,1.5936,1.59425,1.00,1.00
2010.09.07 04:43:46.916,1.5936,1.59425,1.00,1.00
2010.09.07 04:43:47.364,1.5937,1.5943,1.00,1.60
2010.09.07 04:43:47.987,1.59355,1.5943,1.00,1.70
2010.09.07 04:43:49.206,1.5936,1.59425,1.00,1.00
2010.09.07 04:43:50.569,1.59365,1.59425,1.00,1.00
2010.09.07 04:43:50.805,1.5937,1.5943,1.00,1.60
2010.09.07 04:43:51.062,1.5937,1.59415,1.00,1.60
2010.09.07 04:43:51.272,1.5937,1.5943,1.00,1.60
2010.09.07 04:43:51.393,1.5936,1.5942,1.00,1.00
2010.09.07 04:43:51.697,1.59375,1.5943,1.00,1.60
2010.09.07 04:43:53.446,1.5937,1.5943,1.00,1.60
2010.09.07 04:43:54.570,1.59375,1.5943,1.00,1.70
2010.09.07 04:43:54.666,1.5937,1.59425,1.00,1.00
2010.09.07 04:43:55.294,1.59365,1.5942,1.00,1.00
2010.09.07 04:43:55.729,1.59365,1.59425,1.00,1.00
2010.09.07 04:43:56.944,1.59365,1.5942,1.00,1.00
2010.09.07 04:44:00.598,1.5937,1.5943,1.00,1.60
2010.09.07 04:44:00.961,1.59365,1.5943,1.00,1.70
2010.09.07 04:44:01.215,1.59355,1.5942,1.00,1.00
2010.09.07 04:44:03.285,1.59355,1.59415,1.00,1.00
2010.09.07 04:44:03.597,1.59355,1.5942,1.70,1.00
2010.09.07 04:44:04.564,1.5936,1.5942,1.00,1.00
2010.09.07 04:44:04.744,1.59365,1.5943,1.00,1.60
2010.09.07 04:44:05.215,1.5936,1.59425,1.00,1.00
2010.09.07 04:44:06.345,1.5937,1.5944,1.60,1.00
2010.09.07 04:44:07.425,1.5937,1.59435,1.60,1.00
2010.09.07 04:44:07.684,1.5937,1.59435,1.60,1.00
2010.09.07 04:44:08.359,1.5937,1.5944,1.70,1.00
2010.09.07 04:44:08.564,1.5937,1.5944,3.30,1.00
2010.09.07 04:44:09.104,1.5938,1.59445,1.00,1.60
2010.09.07 04:44:09.384,1.5938,1.59445,1.00,1.00
2010.09.07 04:44:10.195,1.5938,1.5945,1.00,1.00
2010.09.07 04:44:10.574,1.59385,1.5945,1.00,1.00
2010.09.07 04:44:10.813,1.59375,1.59435,1.00,1.00
2010.09.07 04:44:11.514,1.5938,1.5944,1.00,1.00
2010.09.07 04:44:12.521,1.59385,1.5944,1.00,1.00
2010.09.07 04:44:13.047,1.5938,1.59435,1.00,1.00
2010.09.07 04:44:13.435,1.59385,1.59445,1.00,1.70
2010.09.07 04:44:13.634,1.59375,1.5944,1.00,1.00
2010.09.07 04:44:14.994,1.5938,1.5944,1.00,1.00
2010.09.07 04:44:15.335,1.5938,1.59435,1.00,1.00
2010.09.07 04:44:16.478,1.5938,1.5944,1.00,1.00
2010.09.07 04:44:17.514,1.59385,1.5944,1.00,1.00
2010.09.07 04:44:17.955,1.59385,1.59445,1.00,1.00
2010.09.07 04:44:18.363,1.59385,1.59445,1.00,1.70
2010.09.07 04:44:18.678,1.5938,1.5944,1.00,1.00
2010.09.07 04:44:18.996,1.59385,1.5944,1.00,1.00
2010.09.07 04:44:19.315,1.59385,1.5944,1.60,1.00
2010.09.07 04:44:19.637,1.59385,1.5944,1.60,1.00
2010.09.07 04:44:19.976,1.59385,1.5944,1.60,1.00
2010.09.07 04:44:20.314,1.59385,1.59445,1.60,1.00
2010.09.07 04:44:20.894,1.59385,1.5944,1.60,1.00
2010.09.07 04:44:21.167,1.59375,1.5944,1.70,1.00
2010.09.07 04:44:22.657,1.59385,1.5944,1.00,1.00
2010.09.07 04:44:23.376,1.5938,1.5944,1.00,1.00
2010.09.07 04:44:24.293,1.5938,1.59435,1.00,1.00
2010.09.07 04:44:24.617,1.5938,1.59435,1.00,1.00
2010.09.07 04:44:26.196,1.59375,1.5943,3.20,1.00
2010.09.07 04:44:26.856,1.59375,1.5943,2.20,1.00
2010.09.07 04:44:27.536,1.59375,1.59435,2.30,1.00
2010.09.07 04:44:28.220,1.59375,1.5944,1.00,1.00
2010.09.07 04:44:29.055,1.5937,1.59435,1.00,1.00
2010.09.07 04:44:29.196,1.5938,1.5944,1.00,1.00
2010.09.07 04:44:29.705,1.5937,1.5943,1.00,1.00
2010.09.07 04:44:30.537,1.5937,1.59435,1.00,1.00
2010.09.07 04:44:31.196,1.59365,1.5942,1.00,1.00
2010.09.07 04:44:32.385,1.5936,1.5942,1.00,1.00
2010.09.07 04:44:33.311,1.59365,1.59425,1.00,1.00
2010.09.07 04:44:33.616,1.5936,1.5942,1.60,1.00
2010.09.07 04:44:34.193,1.59365,1.5943,1.00,1.00
2010.09.07 04:44:34.497,1.5936,1.5942,1.00,1.00
2010.09.07 04:44:35.494,1.59365,1.59425,1.00,1.00
2010.09.07 04:44:35.777,1.5936,1.5942,1.60,1.00
2010.09.07 04:44:36.048,1.59365,1.59425,1.00,1.00
2010.09.07 04:44:36.634,1.5936,1.5942,1.60,1.00
2010.09.07 04:44:36.977,1.59365,1.5942,1.00,1.00
2010.09.07 04:44:40.206,1.59365,1.59425,1.00,1.00
2010.09.07 04:44:41.411,1.5936,1.59425,1.00,1.00
2010.09.07 04:44:42.228,1.59365,1.5942,1.00,1.00
2010.09.07 04:44:43.506,1.5936,1.5942,1.00,1.00
2010.09.07 04:44:44.305,1.59355,1.59415,1.00,1.00
2010.09.07 04:44:44.494,1.59355,1.59415,1.00,1.70
2010.09.07 04:44:44.595,1.59345,1.59405,1.00,1.00
2010.09.07 04:44:45.015,1.59355,1.59415,1.00,1.00
2010.09.07 04:44:45.594,1.5935,1.59415,1.00,1.00
2010.09.07 04:44:46.189,1.59365,1.5942,1.60,1.00
2010.09.07 04:44:46.408,1.5937,1.59425,1.00,1.00
2010.09.07 04:44:47.294,1.5936,1.59425,3.20,1.00
2010.09.07 04:44:47.795,1.5936,1.5942,3.20,1.00
2010.09.07 04:44:48.108,1.59365,1.5943,1.00,1.00
2010.09.07 04:44:49.508,1.5937,1.5943,1.00,1.00
2010.09.07 04:44:50.735,1.59365,1.59425,1.00,1.00
2010.09.07 04:44:51.299,1.5936,1.59425,1.00,1.00
2010.09.07 04:44:52.764,1.5936,1.5942,1.60,1.00
2010.09.07 04:44:52.946,1.59365,1.5943,1.00,1.00
2010.09.07 04:44:53.725,1.59375,1.59435,1.00,1.00
2010.09.07 04:44:54.634,1.59375,1.59435,1.00,1.00
2010.09.07 04:44:55.476,1.59375,1.5944,1.00,1.00
2010.09.07 04:44:56.298,1.5938,1.59435,1.00,1.00
2010.09.07 04:44:57.180,1.59375,1.59435,1.00,1.00
2010.09.07 04:44:58.470,1.5938,1.59435,1.00,1.00
2010.09.07 04:44:59.495,1.5938,1.59435,1.00,1.00
2010.09.07 04:44:59.574,1.59375,1.59425,1.00,1.00
2010.09.07 04:44:59.796,1.5937,1.5943,1.00,1.00
2010.09.07 04:44:59.904,1.5937,1.5943,1.00,1.70
2010.09.07 04:45:00.014,1.5937,1.59425,1.00,1.60
2010.09.07 04:45:00.234,1.59365,1.59425,1.00,1.60
2010.09.07 04:45:01.604,1.59365,1.5942,1.00,1.00
2010.09.07 04:45:01.925,1.5936,1.5941,1.00,1.00
2010.09.07 04:45:02.109,1.59365,1.59415,1.00,1.00
2010.09.07 04:45:07.097,1.5936,1.5941,1.00,1.00
2010.09.07 04:45:07.849,1.59365,1.59415,1.00,1.00
2010.09.07 04:45:08.944,1.5936,1.59415,1.00,1.00
2010.09.07 04:45:09.175,1.5935,1.59405,1.00,1.00
2010.09.07 04:45:11.702,1.5936,1.59415,1.00,1.00
2010.09.07 04:45:12.127,1.5936,1.5942,1.00,1.70
2010.09.07 04:45:12.354,1.5936,1.5942,1.00,1.00
2010.09.07 04:45:13.127,1.5937,1.59425,1.00,1.70
2010.09.07 04:45:13.445,1.59365,1.59425,1.00,1.60
2010.09.07 04:45:14.095,1.5936,1.59425,1.00,1.00
2010.09.07 04:45:14.435,1.5937,1.5943,1.00,1.00
2010.09.07 04:45:15.115,1.59365,1.59425,1.00,1.60
2010.09.07 04:45:16.117,1.59365,1.5942,1.00,1.00
2010.09.07 04:45:16.405,1.59365,1.59425,1.00,1.00
2010.09.07 04:45:16.695,1.5936,1.5942,1.00,1.00
2010.09.07 04:45:17.103,1.5936,1.5942,1.00,1.00
2010.09.07 04:45:17.224,1.5937,1.59425,1.00,1.60
2010.09.07 04:45:17.617,1.59365,1.59425,1.00,1.00
2010.09.07 04:45:17.864,1.5937,1.5943,1.00,1.00
2010.09.07 04:45:18.184,1.5937,1.5943,1.00,1.00
2010.09.07 04:45:18.898,1.5937,1.5943,1.00,1.00
2010.09.07 04:45:19.729,1.5937,1.5943,1.00,1.00
2010.09.07 04:45:20.488,1.5937,1.5943,1.00,1.00
2010.09.07 04:45:20.755,1.5937,1.59425,1.00,1.00
2010.09.07 04:45:23.589,1.5937,1.5943,1.00,1.00
2010.09.07 04:45:23.794,1.5937,1.5943,1.00,1.00
2010.09.07 04:45:24.309,1.59385,1.5944,1.00,1.60
2010.09.07 04:45:25.700,1.59375,1.5943,1.00,1.00
2010.09.07 04:45:26.200,1.59385,1.5944,1.00,1.70
2010.09.07 04:45:27.411,1.5938,1.5943,1.00,1.00
2010.09.07 04:45:28.668,1.5939,1.5944,1.00,1.60
2010.09.07 04:45:29.417,1.5938,1.5944,1.00,1.60
2010.09.07 04:45:29.644,1.5938,1.59435,1.00,1.60
2010.09.07 04:45:30.227,1.5937,1.5943,1.00,1.00
2010.09.07 04:45:30.445,1.5937,1.59425,1.00,1.00
2010.09.07 04:45:32.116,1.59375,1.5943,1.00,1.00
2010.09.07 04:45:33.812,1.5938,1.59435,1.00,1.00
2010.09.07 04:45:34.019,1.59375,1.59435,1.00,1.00
2010.09.07 04:45:34.738,1.5938,1.59435,1.00,1.00
2010.09.07 04:45:36.590,1.59385,1.59435,1.00,1.00
2010.09.07 04:45:43.276,1.5938,1.5943,1.00,1.00
2010.09.07 04:45:45.363,1.59385,1.59435,1.00,1.00
2010.09.07 04:45:55.206,1.59385,1.59435,1.00,1.00
2010.09.07 04:45:57.910,1.5938,1.5943,1.00,1.00
2010.09.07 04:45:59.825,1.59375,1.59425,1.00,1.00
2010.09.07 04:46:05.073,1.59375,1.59425,1.00,1.00
2010.09.07 04:46:06.154,1.59365,1.5942,1.70,1.00
2010.09.07 04:46:06.304,1.5936,1.5942,1.00,1.00
2010.09.07 04:46:06.823,1.59355,1.59425,1.00,1.80
2010.09.07 04:46:07.166,1.59355,1.59425,1.00,1.80
2010.09.07 04:46:07.507,1.5936,1.59425,1.00,1.90
2010.09.07 04:46:07.844,1.5936,1.59425,1.00,1.70
2010.09.07 04:46:08.184,1.5936,1.59425,1.00,1.00
2010.09.07 04:46:08.707,1.59355,1.59415,2.20,1.00
2010.09.07 04:46:08.915,1.5936,1.5942,1.00,1.00
2010.09.07 04:46:09.125,1.5935,1.59415,1.00,1.00
2010.09.07 04:46:09.344,1.5935,1.59415,1.00,1.00
2010.09.07 04:46:09.554,1.5935,1.59415,1.00,1.60
2010.09.07 04:46:09.764,1.5935,1.59415,1.00,1.60
2010.09.07 04:46:10.675,1.59355,1.5941,1.00,1.60
2010.09.07 04:46:11.034,1.59345,1.5941,1.00,1.70
2010.09.07 04:46:11.425,1.5933,1.594,1.00,1.70
2010.09.07 04:46:11.634,1.5933,1.594,1.00,1.60
2010.09.07 04:46:12.472,1.5933,1.59395,1.00,1.00
2010.09.07 04:46:12.604,1.59335,1.59395,1.00,1.00
2010.09.07 04:46:13.554,1.59335,1.59395,1.00,1.00
2010.09.07 04:46:13.664,1.59335,1.59395,1.00,1.00
2010.09.07 04:46:13.774,1.5934,1.59395,1.00,1.00
2010.09.07 04:46:14.614,1.59335,1.594,1.00,1.00
2010.09.07 04:46:14.945,1.59335,1.5942,1.70,1.00
2010.09.07 04:46:15.274,1.59345,1.5942,1.00,1.00
2010.09.07 04:46:15.670,1.59345,1.5942,1.00,1.00
2010.09.07 04:46:15.884,1.5934,1.5942,1.60,1.00
2010.09.07 04:46:16.459,1.59345,1.5941,1.00,1.00
2010.09.07 04:46:16.704,1.59345,1.59415,1.00,1.00
2010.09.07 04:46:16.954,1.5935,1.59425,1.00,1.00
2010.09.07 04:46:17.412,1.5935,1.59425,1.00,1.00
2010.09.07 04:46:17.642,1.5935,1.5942,1.00,1.00
2010.09.07 04:46:17.865,1.5935,1.5942,1.00,1.00
2010.09.07 04:46:18.915,1.5935,1.59415,1.00,1.00
2010.09.07 04:46:19.534,1.59355,1.5942,1.00,1.00
2010.09.07 04:46:20.556,1.59355,1.59415,1.00,1.00
2010.09.07 04:46:21.107,1.59355,1.59425,1.00,1.70
2010.09.07 04:46:21.329,1.59355,1.59425,1.00,1.00
2010.09.07 04:46:23.514,1.5936,1.59425,1.00,1.00
2010.09.07 04:46:26.034,1.5936,1.59425,1.00,1.70
2010.09.07 04:46:26.475,1.59355,1.5942,1.00,1.00
2010.09.07 04:46:27.275,1.5936,1.5942,1.00,1.00
2010.09.07 04:46:29.664,1.5936,1.5942,1.00,1.00
2010.09.07 04:46:30.795,1.5936,1.59415,1.00,1.00
2010.09.07 04:46:35.451,1.59355,1.5941,1.00,1.00
2010.09.07 04:46:36.427,1.5936,1.5941,1.00,1.00
2010.09.07 04:46:38.635,1.5936,1.59415,1.00,1.00
2010.09.07 04:46:40.204,1.59365,1.5942,1.00,1.00
2010.09.07 04:46:40.624,1.5936,1.5942,1.00,1.00
2010.09.07 04:46:41.165,1.5937,1.59425,1.00,1.00
2010.09.07 04:46:41.745,1.5937,1.5943,1.00,1.60
2010.09.07 04:46:43.546,1.5937,1.59425,1.00,1.00
2010.09.07 04:46:45.455,1.59375,1.59425,1.00,1.00
2010.09.07 04:46:47.855,1.59365,1.59415,1.00,1.00
2010.09.07 04:46:48.257,1.59365,1.59415,1.00,1.00
2010.09.07 04:46:48.375,1.5936,1.5942,1.00,1.00
2010.09.07 04:46:49.532,1.59355,1.59415,1.00,1.00
2010.09.07 04:46:50.076,1.5936,1.59415,1.00,1.00
2010.09.07 04:46:50.190,1.5935,1.59415,1.00,1.00
2010.09.07 04:46:50.527,1.5936,1.59415,1.60,1.00
2010.09.07 04:46:50.635,1.59365,1.59415,1.00,1.00
2010.09.07 04:46:50.854,1.59365,1.5942,1.00,1.00
2010.09.07 04:46:50.964,1.5937,1.5943,1.00,1.60
2010.09.07 04:46:52.174,1.59365,1.5943,1.00,1.70
2010.09.07 04:46:52.501,1.59365,1.5943,1.00,1.00
2010.09.07 04:46:52.600,1.5937,1.5943,1.00,1.00
2010.09.07 04:46:53.269,1.5937,1.5943,1.00,1.00
2010.09.07 04:46:54.216,1.5937,1.59425,1.00,1.00
2010.09.07 04:46:54.855,1.59365,1.5942,1.00,1.00
2010.09.07 04:46:55.746,1.5937,1.59425,1.00,1.00
2010.09.07 04:47:00.899,1.59365,1.59425,1.00,1.00
2010.09.07 04:47:01.115,1.5936,1.59425,1.00,1.00
2010.09.07 04:47:01.375,1.5936,1.59425,1.00,1.00
2010.09.07 04:47:02.518,1.59365,1.59425,1.00,1.00
2010.09.07 04:47:03.520,1.5937,1.59425,1.00,1.00
2010.09.07 04:47:04.472,1.59375,1.59435,1.00,1.00
2010.09.07 04:47:04.808,1.59375,1.5943,1.00,1.00
2010.09.07 04:47:05.118,1.59365,1.59425,1.00,1.00
2010.09.07 04:47:05.276,1.5937,1.5944,1.00,1.00
2010.09.07 04:47:05.599,1.5938,1.5944,1.00,1.00
2010.09.07 04:47:05.917,1.5938,1.5944,1.00,1.00
2010.09.07 04:47:06.244,1.59385,1.5945,1.00,1.00
2010.09.07 04:47:07.497,1.5939,1.5945,1.00,1.00
2010.09.07 04:47:09.093,1.5938,1.5944,1.00,1.00
2010.09.07 04:47:09.237,1.59385,1.59445,1.00,1.00
2010.09.07 04:47:10.449,1.5939,1.5945,1.00,1.00
2010.09.07 04:47:11.416,1.594,1.59455,1.00,1.60
2010.09.07 04:47:11.626,1.594,1.5946,1.00,1.00
2010.09.07 04:47:12.255,1.5941,1.59475,1.00,1.00
2010.09.07 04:47:12.575,1.5941,1.59475,1.00,1.00
2010.09.07 04:47:12.895,1.5941,1.5947,1.00,1.00
2010.09.07 04:47:13.465,1.59415,1.59475,1.00,1.00
2010.09.07 04:47:14.224,1.59415,1.5947,1.00,1.00
2010.09.07 04:47:14.495,1.59415,1.5947,1.00,1.00
2010.09.07 04:47:18.994,1.5941,1.5947,1.00,1.00
2010.09.07 04:47:19.165,1.5941,1.59465,1.00,1.60
2010.09.07 04:47:19.785,1.5941,1.59465,1.00,1.60
2010.09.07 04:47:20.034,1.5941,1.59465,1.00,1.60
2010.09.07 04:47:20.273,1.5941,1.5947,1.00,1.00
2010.09.07 04:47:22.703,1.5941,1.59465,1.00,1.00
2010.09.07 04:47:23.265,1.5941,1.5947,1.00,1.00
2010.09.07 04:47:23.705,1.5941,1.59465,1.00,1.00
2010.09.07 04:47:24.247,1.5941,1.5947,1.00,1.00
2010.09.07 04:47:24.829,1.5941,1.59465,1.00,1.00
2010.09.07 04:47:25.025,1.5941,1.5947,1.00,1.00
2010.09.07 04:47:25.935,1.59405,1.5946,1.00,1.00
2010.09.07 04:47:32.766,1.5941,1.59465,1.00,1.00
2010.09.07 04:47:40.715,1.594,1.59455,1.00,1.00
2010.09.07 04:47:42.459,1.59405,1.5946,1.00,1.00
2010.09.07 04:47:43.060,1.594,1.59455,1.00,1.00
2010.09.07 04:48:01.296,1.5941,1.59465,1.00,1.00
2010.09.07 04:48:25.096,1.59405,1.5946,1.00,1.00
2010.09.07 04:48:26.445,1.59405,1.59465,1.00,1.00
2010.09.07 04:48:26.734,1.59405,1.59465,1.00,1.00
2010.09.07 04:48:27.154,1.59405,1.59465,1.00,1.00
2010.09.07 04:48:27.628,1.59405,1.5946,1.00,1.00
2010.09.07 04:48:27.845,1.59405,1.59455,2.20,1.00
2010.09.07 04:48:28.065,1.59405,1.59465,1.00,1.00
2010.09.07 04:48:28.508,1.59415,1.59475,1.00,1.00
2010.09.07 04:48:29.372,1.5941,1.59475,1.00,1.00
2010.09.07 04:48:30.506,1.59415,1.59475,1.00,1.00
2010.09.07 04:48:31.470,1.59415,1.59475,1.00,1.00
2010.09.07 04:48:32.605,1.5941,1.5947,1.00,1.00
2010.09.07 04:48:33.040,1.59415,1.59475,1.00,1.00
2010.09.07 04:48:34.442,1.5942,1.59475,1.00,1.00
2010.09.07 04:48:52.746,1.59415,1.59475,1.00,1.00
2010.09.07 04:48:54.635,1.59415,1.5947,1.00,1.00
2010.09.07 04:48:55.295,1.594,1.5946,1.00,1.00
2010.09.07 04:48:55.466,1.59395,1.5946,1.00,1.00
2010.09.07 04:48:55.637,1.59395,1.5945,1.00,1.60
2010.09.07 04:48:56.085,1.59395,1.59445,1.00,1.60
2010.09.07 04:48:56.309,1.5939,1.59445,1.00,1.60
2010.09.07 04:48:57.056,1.5939,1.59445,1.00,1.60
2010.09.07 04:48:57.926,1.5939,1.59445,1.00,1.70
2010.09.07 04:48:59.030,1.59395,1.59445,1.00,1.60
2010.09.07 04:49:15.458,1.5939,1.59445,1.00,1.60
2010.09.07 04:49:15.594,1.5939,1.5943,1.00,1.00
2010.09.07 04:49:16.866,1.5939,1.5943,1.00,1.00
2010.09.07 04:49:27.037,1.5938,1.5943,1.00,1.00
2010.09.07 04:49:31.574,1.5938,1.5943,1.00,1.00
2010.09.07 04:49:32.509,1.59385,1.59435,1.00,1.00
2010.09.07 04:49:34.185,1.5938,1.5943,1.00,1.00
2010.09.07 04:49:35.546,1.59375,1.59425,1.00,1.00
2010.09.07 04:49:38.065,1.59375,1.59425,1.00,1.00
2010.09.07 04:49:38.275,1.59375,1.59425,1.00,1.00
2010.09.07 04:49:38.475,1.59365,1.59425,1.00,1.00
2010.09.07 04:49:39.348,1.59375,1.5943,1.00,1.00
2010.09.07 04:49:39.528,1.5937,1.5943,1.00,1.00
2010.09.07 04:49:40.565,1.59375,1.59425,1.00,1.00
2010.09.07 04:49:42.078,1.59375,1.59415,1.00,1.00
2010.09.07 04:49:42.336,1.59375,1.59425,1.00,1.00
2010.09.07 04:49:42.600,1.59375,1.5943,1.00,1.00
2010.09.07 04:49:43.149,1.59375,1.59425,1.00,1.00
2010.09.07 04:49:43.485,1.59375,1.59425,1.00,1.00
2010.09.07 04:49:44.605,1.59375,1.59415,1.00,1.00
2010.09.07 04:49:45.036,1.59365,1.59425,2.00,1.00
2010.09.07 04:49:45.787,1.59365,1.5942,1.00,1.00
2010.09.07 04:49:46.598,1.59365,1.59415,1.00,1.00
2010.09.07 04:49:47.143,1.59355,1.59415,2.20,1.00
2010.09.07 04:49:47.387,1.5935,1.59415,1.00,1.00
2010.09.07 04:49:48.769,1.5935,1.5941,1.00,1.00
2010.09.07 04:49:50.408,1.59345,1.5941,1.00,1.00
2010.09.07 04:49:50.536,1.5935,1.5941,1.00,1.00
2010.09.07 04:49:50.777,1.5935,1.59415,1.00,1.00
2010.09.07 04:49:51.018,1.5935,1.5941,1.00,1.00
2010.09.07 04:49:51.313,1.5935,1.5941,1.00,1.00
2010.09.07 04:49:51.564,1.59345,1.59395,1.00,1.00
2010.09.07 04:49:51.910,1.59345,1.59405,1.00,1.00
2010.09.07 04:49:52.260,1.5935,1.59405,1.00,1.00
2010.09.07 04:49:52.609,1.5935,1.59405,1.00,1.00
2010.09.07 04:49:54.105,1.5935,1.59405,1.00,1.00
2010.09.07 04:49:56.737,1.59345,1.59405,1.00,1.00
2010.09.07 04:49:57.355,1.5934,1.59405,2.10,1.00
2010.09.07 04:49:58.156,1.5935,1.59405,1.00,1.00
2010.09.07 04:49:58.727,1.5935,1.59405,1.00,1.00
2010.09.07 04:49:59.585,1.5935,1.59405,1.00,1.00
2010.09.07 04:50:02.497,1.5935,1.594,1.00,1.00
2010.09.07 04:50:03.579,1.59345,1.59395,1.00,1.00
2010.09.07 04:50:05.375,1.5935,1.594,1.00,1.00
2010.09.07 04:50:06.270,1.59345,1.59395,1.00,1.00
2010.09.07 04:50:07.996,1.5934,1.59395,1.60,1.00
2010.09.07 04:50:08.335,1.5934,1.59395,1.00,1.00
2010.09.07 04:50:08.937,1.59335,1.59395,1.00,1.00
2010.09.07 04:50:09.298,1.59335,1.5939,1.00,1.00
2010.09.07 04:50:11.005,1.5933,1.5938,1.60,1.00
2010.09.07 04:50:11.185,1.5933,1.59385,1.70,1.00
2010.09.07 04:50:12.756,1.5933,1.5938,1.60,1.00
2010.09.07 04:50:16.304,1.5933,1.59385,1.60,1.00
2010.09.07 04:50:16.849,1.59315,1.5938,1.00,1.00
2010.09.07 04:50:17.074,1.59315,1.5938,1.00,1.00
2010.09.07 04:50:17.418,1.5932,1.5938,1.00,1.00
2010.09.07 04:50:18.039,1.5932,1.5938,1.00,1.00
2010.09.07 04:50:21.088,1.5932,1.59365,1.00,1.00
2010.09.07 04:50:21.406,1.5931,1.59365,1.00,1.00
2010.09.07 04:50:21.855,1.5931,1.59365,1.70,1.00
2010.09.07 04:50:22.085,1.5931,1.59365,1.00,1.00
2010.09.07 04:50:22.314,1.5931,1.59365,1.70,1.00
2010.09.07 04:50:22.851,1.5931,1.59365,1.00,1.00
2010.09.07 04:50:23.404,1.5931,1.59365,1.70,1.00
2010.09.07 04:50:23.565,1.59315,1.59365,1.00,1.00
2010.09.07 04:50:24.434,1.59315,1.59365,1.00,1.00
2010.09.07 04:50:24.999,1.59325,1.59365,1.00,1.00
2010.09.07 04:50:25.128,1.5932,1.59365,1.00,1.00
2010.09.07 04:50:25.247,1.5932,1.5938,1.00,1.00
2010.09.07 04:50:25.366,1.59325,1.5938,1.00,1.00
2010.09.07 04:50:25.485,1.59325,1.5938,1.00,1.00
2010.09.07 04:50:26.817,1.5933,1.5938,1.00,1.00
2010.09.07 04:50:29.260,1.59325,1.5938,1.00,1.00
2010.09.07 04:50:30.984,1.5933,1.5938,1.00,1.00
2010.09.07 04:50:31.294,1.5933,1.5938,1.00,1.00
2010.09.07 04:50:31.835,1.5932,1.5938,1.00,1.00
2010.09.07 04:50:36.416,1.5931,1.5937,1.60,1.00
2010.09.07 04:50:36.685,1.5931,1.5937,1.00,1.00
2010.09.07 04:50:36.836,1.5932,1.5937,1.00,1.00
2010.09.07 04:50:37.624,1.59315,1.5937,1.00,1.00
2010.09.07 04:50:37.775,1.59315,1.5937,1.70,1.00
2010.09.07 04:50:38.006,1.59315,1.59375,1.70,1.00
2010.09.07 04:50:39.464,1.5932,1.59375,1.00,1.00
2010.09.07 04:50:47.938,1.5932,1.5938,1.00,1.00
2010.09.07 04:50:48.337,1.5933,1.5939,1.00,1.00
2010.09.07 04:50:52.075,1.5933,1.594,1.00,1.70
2010.09.07 04:50:52.195,1.5933,1.594,1.00,1.00
2010.09.07 04:50:53.054,1.59335,1.594,1.00,1.00
2010.09.07 04:50:53.544,1.5933,1.594,1.00,1.00
2010.09.07 04:50:53.686,1.59335,1.594,1.00,1.00
2010.09.07 04:51:03.105,1.59325,1.59395,1.00,1.00
2010.09.07 04:51:03.284,1.5933,1.59395,1.60,1.00
2010.09.07 04:51:04.250,1.5933,1.594,1.00,1.00
2010.09.07 04:51:04.456,1.59335,1.59405,1.00,1.00
2010.09.07 04:51:04.665,1.5933,1.594,1.00,1.00
2010.09.07 04:51:05.565,1.59335,1.594,1.00,1.00
2010.09.07 04:51:08.057,1.5934,1.59405,1.00,1.00
2010.09.07 04:51:08.401,1.5934,1.5941,1.00,1.00
2010.09.07 04:51:09.508,1.5934,1.59405,1.00,1.00
2010.09.07 04:51:14.261,1.5934,1.59385,1.00,1.00
2010.09.07 04:51:14.385,1.5934,1.59395,1.00,1.00
2010.09.07 04:51:21.505,1.59335,1.59395,1.00,1.00
2010.09.07 04:51:22.458,1.5933,1.5939,1.00,1.00
2010.09.07 04:51:22.895,1.59335,1.59395,1.00,1.00
2010.09.07 04:51:23.167,1.5933,1.59395,3.30,1.00
2010.09.07 04:51:23.494,1.5933,1.59395,1.70,1.00
2010.09.07 04:51:23.765,1.5933,1.59395,1.00,1.00
2010.09.07 04:51:26.836,1.5933,1.59395,1.00,1.00
2010.09.07 04:51:27.017,1.5933,1.59405,1.00,1.00
2010.09.07 04:51:27.461,1.5933,1.59405,1.60,1.00
2010.09.07 04:51:27.637,1.59345,1.59405,1.60,1.00
2010.09.07 04:51:27.819,1.59345,1.594,1.60,1.00
2010.09.07 04:51:28.375,1.5934,1.594,1.60,1.00
2010.09.07 04:51:28.718,1.59335,1.594,1.60,1.00
2010.09.07 04:51:29.056,1.59335,1.594,1.70,1.00
2010.09.07 04:51:30.162,1.5934,1.59405,1.00,1.00
2010.09.07 04:51:30.611,1.59345,1.594,1.00,1.00
2010.09.07 04:51:30.841,1.59345,1.59405,1.00,1.00
2010.09.07 04:51:30.964,1.5934,1.594,1.00,1.00
2010.09.07 04:51:31.757,1.59335,1.59395,1.00,1.00
2010.09.07 04:51:32.097,1.5933,1.59395,1.00,1.60
2010.09.07 04:51:32.417,1.5933,1.5939,1.00,1.60
2010.09.07 04:51:32.735,1.5933,1.5939,1.00,1.70
2010.09.07 04:51:33.585,1.59325,1.59385,1.00,1.00
2010.09.07 04:51:33.855,1.59325,1.59375,1.00,1.00
2010.09.07 04:51:34.225,1.5933,1.59375,1.00,1.00
2010.09.07 04:51:34.805,1.59335,1.59375,1.00,1.00
2010.09.07 04:51:36.066,1.59335,1.5938,1.00,1.00
2010.09.07 04:51:37.459,1.5934,1.5938,1.00,1.00
2010.09.07 04:51:38.216,1.59335,1.5938,1.00,1.00
2010.09.07 04:51:39.198,1.5934,1.5938,1.00,1.00
2010.09.07 04:51:39.534,1.5934,1.5937,1.00,1.00
2010.09.07 04:51:39.988,1.5933,1.59385,1.00,1.00
2010.09.07 04:51:40.325,1.5934,1.594,1.00,1.00
2010.09.07 04:51:41.335,1.5934,1.594,1.00,1.00
2010.09.07 04:51:41.665,1.5934,1.59395,1.00,1.00
2010.09.07 04:51:41.995,1.59345,1.594,1.00,1.00
2010.09.07 04:51:43.075,1.5934,1.594,1.00,1.00
2010.09.07 04:51:44.185,1.59345,1.59405,1.00,1.00
2010.09.07 04:51:44.785,1.59345,1.59405,1.00,1.00
2010.09.07 04:51:45.608,1.5934,1.594,1.70,1.00
2010.09.07 04:51:46.268,1.59345,1.594,1.00,1.00
2010.09.07 04:51:46.478,1.5935,1.5941,1.00,1.00
2010.09.07 04:51:47.314,1.59345,1.59395,1.00,1.00
2010.09.07 04:51:47.920,1.5935,1.59405,1.00,1.00
2010.09.07 04:51:48.495,1.59345,1.59405,2.30,1.00
2010.09.07 04:51:48.765,1.59355,1.59405,1.00,1.00
2010.09.07 04:51:48.985,1.59355,1.59415,1.00,1.00
2010.09.07 04:51:49.215,1.59355,1.59415,1.00,1.00
2010.09.07 04:51:50.441,1.59355,1.59415,1.00,1.00
2010.09.07 04:51:50.747,1.5936,1.59415,1.00,1.00
2010.09.07 04:51:53.436,1.59355,1.59405,1.00,1.00
2010.09.07 04:51:56.486,1.59355,1.5941,1.00,1.00
2010.09.07 04:51:57.292,1.59355,1.59415,1.00,1.00
2010.09.07 04:52:00.788,1.59365,1.59425,1.00,1.00
2010.09.07 04:52:01.504,1.59355,1.59415,1.00,1.00
2010.09.07 04:52:01.824,1.59355,1.59415,1.00,1.00
2010.09.07 04:52:02.448,1.59355,1.5941,1.00,1.00
2010.09.07 04:52:22.996,1.59355,1.59405,1.00,1.00
2010.09.07 04:52:23.186,1.5936,1.59415,1.00,1.00
2010.09.07 04:52:24.352,1.59355,1.59415,1.00,1.00
2010.09.07 04:52:24.805,1.59355,1.59415,1.00,1.00
2010.09.07 04:52:27.985,1.59355,1.59405,1.00,1.00
2010.09.07 04:52:28.537,1.59355,1.5941,1.00,1.00
2010.09.07 04:52:28.756,1.5936,1.59415,1.00,1.00
2010.09.07 04:52:29.074,1.59355,1.5941,1.00,1.00
2010.09.07 04:52:33.314,1.59355,1.59415,1.00,1.00
2010.09.07 04:52:33.836,1.59355,1.5941,1.00,1.00
2010.09.07 04:52:35.661,1.59355,1.59415,1.00,1.00
2010.09.07 04:52:47.986,1.59355,1.5941,1.00,1.00
2010.09.07 04:52:48.406,1.59355,1.59415,1.00,1.00
2010.09.07 04:52:49.427,1.5936,1.59415,1.00,1.00
2010.09.07 04:52:50.055,1.59355,1.5941,1.00,1.00
2010.09.07 04:52:50.394,1.5936,1.59415,1.00,1.00
2010.09.07 04:52:52.166,1.59355,1.5941,1.00,1.00
2010.09.07 04:52:52.595,1.59355,1.5942,1.00,1.00
2010.09.07 04:52:52.805,1.59355,1.59415,1.00,1.00
2010.09.07 04:52:53.015,1.59355,1.59415,1.00,1.00
2010.09.07 04:52:54.467,1.59355,1.59415,1.00,1.00
2010.09.07 04:52:55.125,1.5936,1.59415,1.00,1.00
2010.09.07 04:52:55.715,1.59355,1.59415,1.00,1.00
2010.09.07 04:52:56.376,1.59355,1.59415,1.00,1.00
2010.09.07 04:52:56.505,1.5936,1.59415,1.00,1.00
2010.09.07 04:52:56.635,1.59355,1.59415,1.00,1.00
2010.09.07 04:52:57.415,1.59355,1.59415,1.00,1.00
2010.09.07 04:53:04.526,1.5936,1.59415,1.00,1.00
2010.09.07 04:53:04.875,1.59355,1.59415,1.00,1.00
2010.09.07 04:53:06.817,1.59355,1.5941,1.00,1.00
2010.09.07 04:53:07.016,1.59355,1.59415,1.00,1.00
2010.09.07 04:53:08.819,1.5936,1.59415,1.00,1.00
2010.09.07 04:53:09.229,1.59355,1.59415,1.00,1.00
2010.09.07 04:53:09.697,1.59355,1.5941,1.00,1.00
2010.09.07 04:53:10.197,1.5936,1.59415,1.00,1.00
2010.09.07 04:53:10.435,1.5936,1.5942,1.00,1.00
2010.09.07 04:53:11.965,1.59355,1.59415,1.00,1.00
2010.09.07 04:53:12.617,1.59355,1.5942,1.00,1.00
2010.09.07 04:53:14.067,1.59355,1.5941,1.00,1.00
2010.09.07 04:53:14.326,1.59355,1.5942,1.00,1.00
2010.09.07 04:53:14.805,1.5936,1.59415,1.00,1.00
2010.09.07 04:53:15.198,1.59355,1.59415,1.00,1.00
2010.09.07 04:53:15.346,1.59355,1.5941,1.00,1.00
2010.09.07 04:53:15.645,1.59355,1.59415,1.00,1.00
2010.09.07 04:53:15.985,1.59355,1.5941,1.00,1.00
2010.09.07 04:53:16.500,1.59355,1.59415,1.00,1.00
2010.09.07 04:53:16.834,1.59355,1.5941,1.00,1.00
2010.09.07 04:53:20.260,1.5936,1.59415,1.00,1.00
2010.09.07 04:53:21.495,1.59365,1.5942,1.00,1.00
2010.09.07 04:53:22.017,1.5936,1.59415,1.00,1.00
2010.09.07 04:53:22.208,1.59355,1.5941,1.00,1.00
2010.09.07 04:53:26.325,1.59365,1.5942,1.00,1.00
2010.09.07 04:53:26.709,1.5936,1.59415,1.00,1.00
2010.09.07 04:53:26.800,1.59355,1.5941,1.00,1.00
2010.09.07 04:53:29.324,1.59365,1.5942,1.00,1.00
2010.09.07 04:53:30.871,1.5936,1.59415,1.00,1.00
2010.09.07 04:53:31.328,1.59365,1.5942,1.00,1.00
2010.09.07 04:53:31.554,1.5936,1.59415,1.00,1.00
2010.09.07 04:53:31.894,1.59365,1.5942,1.00,1.00
2010.09.07 04:53:32.187,1.5936,1.59415,1.00,1.00
2010.09.07 04:53:33.041,1.59365,1.5942,1.00,1.00
2010.09.07 04:53:33.256,1.5936,1.5942,1.00,1.00
2010.09.07 04:53:33.475,1.59365,1.5942,1.00,1.00
2010.09.07 04:53:34.146,1.5936,1.5942,1.00,1.00
2010.09.07 04:53:34.366,1.59365,1.5942,1.00,1.00
2010.09.07 04:53:34.585,1.5936,1.59415,1.00,1.00
2010.09.07 04:53:35.015,1.59355,1.5941,1.00,1.00
2010.09.07 04:53:35.524,1.59355,1.5941,1.00,1.00
2010.09.07 04:53:35.730,1.59355,1.59405,1.00,1.00
2010.09.07 04:53:36.126,1.5934,1.59405,1.00,1.00
2010.09.07 04:53:37.028,1.59345,1.59405,1.00,1.00
2010.09.07 04:53:37.415,1.59345,1.594,1.00,1.00
2010.09.07 04:53:39.569,1.59345,1.594,1.00,1.00
2010.09.07 04:53:40.255,1.59345,1.594,1.00,1.00
2010.09.07 04:53:40.719,1.5936,1.594,2.20,1.00
2010.09.07 04:53:41.476,1.5936,1.59405,2.20,1.00
2010.09.07 04:53:41.585,1.5936,1.594,2.20,1.00
2010.09.07 04:53:41.696,1.5936,1.59405,1.60,1.00
2010.09.07 04:53:41.805,1.59345,1.5941,1.00,1.00
2010.09.07 04:53:41.955,1.59355,1.5941,1.00,1.00
2010.09.07 04:53:43.445,1.59355,1.5941,1.00,1.00
2010.09.07 04:53:44.167,1.59355,1.59405,1.00,1.00
2010.09.07 04:53:44.485,1.59355,1.5941,1.00,1.00
2010.09.07 04:53:44.816,1.59355,1.59405,1.00,1.00
2010.09.07 04:53:44.935,1.59355,1.59405,1.00,1.00
2010.09.07 04:53:45.054,1.5935,1.59405,1.60,1.00
2010.09.07 04:53:45.164,1.59345,1.59405,1.00,1.00
2010.09.07 04:53:46.256,1.59345,1.594,1.00,1.00
2010.09.07 04:53:46.515,1.59345,1.594,1.00,1.00
2010.09.07 04:53:46.627,1.59345,1.5941,1.00,1.00
2010.09.07 04:53:46.747,1.59345,1.59405,1.00,1.00
2010.09.07 04:53:46.869,1.59345,1.59405,1.00,1.00
2010.09.07 04:53:47.331,1.59345,1.5941,1.00,1.00
2010.09.07 04:53:47.667,1.5934,1.594,1.00,1.00
2010.09.07 04:53:49.442,1.5934,1.59395,1.00,1.00
2010.09.07 04:53:49.559,1.5934,1.594,1.00,1.00
2010.09.07 04:53:49.673,1.5934,1.594,1.50,1.00
2010.09.07 04:53:49.874,1.5935,1.594,1.60,1.00
2010.09.07 04:53:49.975,1.5936,1.594,1.60,1.00
2010.09.07 04:53:50.718,1.5936,1.59405,1.60,1.00
2010.09.07 04:53:51.169,1.5935,1.5941,1.00,1.00
2010.09.07 04:53:51.337,1.5935,1.5941,2.40,1.00
2010.09.07 04:53:52.475,1.5935,1.5941,2.30,1.00
2010.09.07 04:53:52.925,1.5935,1.59405,2.30,1.00
2010.09.07 04:53:55.499,1.59355,1.59405,1.00,1.00
2010.09.07 04:53:57.175,1.59355,1.5941,1.00,1.00
2010.09.07 04:53:57.354,1.59355,1.5941,1.00,1.00
2010.09.07 04:54:00.516,1.5936,1.5941,1.00,1.00
2010.09.07 04:54:05.608,1.59355,1.59405,2.00,1.00
2010.09.07 04:54:05.744,1.5936,1.59405,1.00,1.00
2010.09.07 04:54:05.886,1.5936,1.59415,1.00,1.00
2010.09.07 04:54:06.066,1.5936,1.59405,1.00,1.00
2010.09.07 04:54:06.434,1.5936,1.5941,1.00,1.00
2010.09.07 04:54:06.621,1.59355,1.5941,1.00,1.00
2010.09.07 04:54:07.165,1.59355,1.5941,1.00,1.00
2010.09.07 04:54:08.476,1.59355,1.59405,1.00,1.00
2010.09.07 04:54:09.206,1.59355,1.5941,1.00,1.00
2010.09.07 04:54:09.322,1.5936,1.59415,1.00,1.00
2010.09.07 04:54:09.455,1.59355,1.5941,1.00,1.00
2010.09.07 04:54:10.438,1.59355,1.59405,1.00,1.00
2010.09.07 04:54:11.345,1.59355,1.5941,1.00,1.00
2010.09.07 04:54:12.438,1.59355,1.59405,1.00,1.00
2010.09.07 04:54:18.971,1.5936,1.5941,1.00,1.00
2010.09.07 04:54:19.100,1.5936,1.59415,1.00,1.00
2010.09.07 04:54:21.420,1.5936,1.5941,1.00,1.00
2010.09.07 04:54:27.298,1.59355,1.5941,1.00,1.00
2010.09.07 04:54:27.386,1.5936,1.59415,1.00,1.00
2010.09.07 04:54:27.837,1.59355,1.5941,1.00,1.00
2010.09.07 04:54:28.153,1.5936,1.59415,1.00,1.00
2010.09.07 04:54:28.815,1.59355,1.5941,1.00,1.00
2010.09.07 04:54:29.139,1.5936,1.59415,1.00,1.00
2010.09.07 04:54:29.846,1.59355,1.5941,1.00,1.00
2010.09.07 04:54:30.466,1.59355,1.59405,1.00,1.00
2010.09.07 04:54:30.848,1.59355,1.59405,1.00,1.00
2010.09.07 04:54:30.935,1.59355,1.5941,1.00,1.00
2010.09.07 04:54:31.296,1.5935,1.5941,2.40,1.00
2010.09.07 04:54:31.386,1.5935,1.5941,2.30,1.00
2010.09.07 04:54:32.026,1.59355,1.5941,1.00,1.00
2010.09.07 04:54:32.527,1.5935,1.5941,2.30,1.00
2010.09.07 04:54:33.385,1.5935,1.59405,2.40,1.00
2010.09.07 04:54:34.284,1.5935,1.5941,2.40,1.00
2010.09.07 04:54:34.435,1.5935,1.59405,2.40,1.00
2010.09.07 04:54:37.597,1.5935,1.594,2.20,1.00
2010.09.07 04:54:41.993,1.5935,1.59405,2.40,1.00
2010.09.07 04:54:43.796,1.59355,1.59405,1.00,1.00
2010.09.07 04:54:44.136,1.59355,1.5941,1.00,1.00
2010.09.07 04:54:44.938,1.5936,1.59415,1.00,1.00
2010.09.07 04:54:45.045,1.59355,1.5941,1.00,1.00
2010.09.07 04:54:45.386,1.5936,1.59415,2.30,1.00
2010.09.07 04:54:46.415,1.5936,1.59415,2.20,1.00
2010.09.07 04:54:48.456,1.5936,1.59415,2.30,1.00
2010.09.07 04:55:14.106,1.5936,1.5942,2.40,1.00
2010.09.07 04:55:14.560,1.59365,1.5942,1.00,1.00
2010.09.07 04:55:14.747,1.5936,1.59425,2.30,1.00
2010.09.07 04:55:15.026,1.5936,1.59425,1.60,1.00
2010.09.07 04:55:15.766,1.5936,1.5942,1.60,1.00
2010.09.07 04:55:16.446,1.5936,1.59415,1.60,1.00
2010.09.07 04:55:16.831,1.5936,1.59415,1.60,1.00
2010.09.07 04:55:17.383,1.5936,1.5941,1.60,1.00
2010.09.07 04:55:18.252,1.59355,1.5941,1.00,1.00
2010.09.07 04:55:18.685,1.59355,1.5941,1.00,1.00
2010.09.07 04:55:19.480,1.59355,1.59405,1.00,1.00
2010.09.07 04:55:19.785,1.59355,1.5941,1.00,1.00
2010.09.07 04:55:20.094,1.59355,1.5941,1.00,1.00
2010.09.07 04:55:20.397,1.59355,1.59415,1.00,1.00
2010.09.07 04:55:22.314,1.59355,1.5941,1.00,1.00
2010.09.07 04:55:22.606,1.59355,1.59415,1.00,1.00
2010.09.07 04:55:22.776,1.59355,1.59415,1.00,1.00
2010.09.07 04:55:23.433,1.59355,1.5941,1.00,1.00
2010.09.07 04:55:23.778,1.59355,1.59415,1.00,1.00
2010.09.07 04:55:24.116,1.59355,1.5941,1.00,1.00
2010.09.07 04:55:24.796,1.59355,1.5941,1.00,1.00
2010.09.07 04:55:25.243,1.59355,1.5941,1.00,1.00
2010.09.07 04:55:25.418,1.59355,1.5941,1.00,1.00
2010.09.07 04:55:28.895,1.59355,1.5941,1.00,1.00
2010.09.07 04:55:29.236,1.5935,1.59405,2.10,1.00
2010.09.07 04:55:29.407,1.5935,1.5941,2.10,1.00
2010.09.07 04:55:29.577,1.59355,1.5941,1.00,1.00
2010.09.07 04:55:31.902,1.5935,1.5941,2.10,1.00
2010.09.07 04:55:32.558,1.5935,1.59405,2.00,1.00
2010.09.07 04:55:34.965,1.59355,1.5941,1.00,1.00
2010.09.07 04:55:41.365,1.5936,1.59415,1.00,1.00
2010.09.07 04:55:41.537,1.59355,1.5941,1.00,1.00
2010.09.07 04:55:46.088,1.59355,1.59405,1.00,1.00
2010.09.07 04:55:51.587,1.5936,1.59415,1.00,1.00
2010.09.07 04:55:51.909,1.5936,1.59415,1.00,1.00
2010.09.07 04:56:00.405,1.59365,1.5942,1.00,1.00
2010.09.07 04:56:00.759,1.5937,1.5942,1.00,1.00
2010.09.07 04:56:00.917,1.5937,1.59425,1.00,1.00
2010.09.07 04:56:01.236,1.5937,1.5942,1.00,1.00
2010.09.07 04:56:02.798,1.5937,1.5942,1.00,1.00
2010.09.07 04:56:03.005,1.5937,1.5942,1.00,1.00
2010.09.07 04:56:04.192,1.5937,1.59415,1.00,1.00
2010.09.07 04:56:04.448,1.5937,1.5942,1.00,1.00
2010.09.07 04:56:04.911,1.5937,1.59415,1.00,1.00
2010.09.07 04:56:05.225,1.5937,1.59415,1.00,1.00
2010.09.07 04:56:05.546,1.5937,1.5942,1.00,1.00
2010.09.07 04:56:06.438,1.59365,1.5942,2.40,1.00
2010.09.07 04:56:06.728,1.59365,1.5942,2.20,1.00
2010.09.07 04:56:07.018,1.59365,1.5942,2.30,1.00
2010.09.07 04:56:08.535,1.59365,1.59415,2.40,1.00
2010.09.07 04:56:10.668,1.59365,1.59415,2.20,1.00
2010.09.07 04:56:10.873,1.59365,1.59415,1.60,1.00
2010.09.07 04:56:12.459,1.59365,1.5941,1.60,1.00
2010.09.07 04:56:14.111,1.59365,1.5941,1.60,1.00
2010.09.07 04:56:14.197,1.5936,1.5941,1.00,1.00
2010.09.07 04:56:14.288,1.5936,1.59405,1.00,1.00
2010.09.07 04:56:14.377,1.5936,1.5941,1.00,1.00
2010.09.07 04:56:14.747,1.59355,1.594,1.00,1.00
2010.09.07 04:56:14.926,1.59355,1.59405,1.00,1.00
2010.09.07 04:56:15.016,1.59345,1.59405,2.30,1.00
2010.09.07 04:56:15.358,1.59345,1.594,2.30,1.00
2010.09.07 04:56:16.446,1.5935,1.594,1.00,1.00
2010.09.07 04:56:16.835,1.59345,1.594,2.30,1.00
2010.09.07 04:56:17.460,1.59355,1.59405,1.00,1.00
2010.09.07 04:56:17.746,1.5935,1.59405,1.00,1.00
2010.09.07 04:56:18.035,1.5935,1.59405,1.00,1.00
2010.09.07 04:56:18.432,1.5935,1.594,1.00,1.00
2010.09.07 04:56:19.076,1.5935,1.59405,1.00,1.00
2010.09.07 04:56:19.398,1.5935,1.594,1.00,1.00
2010.09.07 04:56:20.876,1.5935,1.59405,1.00,1.00
2010.09.07 04:56:21.065,1.5935,1.594,1.00,1.00
2010.09.07 04:56:21.820,1.59355,1.59405,1.00,1.00
2010.09.07 04:56:22.086,1.5935,1.594,1.00,1.00
2010.09.07 04:56:22.905,1.59355,1.59405,1.00,1.00
2010.09.07 04:56:23.398,1.5935,1.594,1.00,1.00
2010.09.07 04:56:24.644,1.59355,1.59405,1.00,1.00
2010.09.07 04:56:25.440,1.5935,1.594,1.00,1.00
2010.09.07 04:56:26.164,1.5935,1.594,1.00,1.00
2010.09.07 04:56:30.598,1.59345,1.594,1.70,1.00
2010.09.07 04:56:30.917,1.59345,1.594,1.00,1.00
2010.09.07 04:56:31.070,1.5935,1.594,1.00,1.00
2010.09.07 04:56:31.369,1.59345,1.594,1.60,1.00
2010.09.07 04:56:31.815,1.5934,1.594,1.60,1.00
2010.09.07 04:56:32.755,1.59345,1.594,1.00,1.00
2010.09.07 04:56:33.439,1.5934,1.5939,1.60,1.00
2010.09.07 04:56:34.387,1.5934,1.59395,1.00,1.00
2010.09.07 04:56:36.450,1.59345,1.59395,1.00,1.00
2010.09.07 04:56:43.748,1.5933,1.59395,1.00,1.00
2010.09.07 04:56:44.210,1.59345,1.59405,1.00,1.90
2010.09.07 04:56:44.887,1.59335,1.5939,1.00,1.00
2010.09.07 04:56:45.227,1.59355,1.59415,2.20,1.00
2010.09.07 04:56:45.684,1.59355,1.5941,2.20,1.00
2010.09.07 04:56:46.028,1.59355,1.5941,3.60,1.00
2010.09.07 04:56:46.366,1.59355,1.5941,2.00,1.00
2010.09.07 04:56:46.708,1.59355,1.59415,2.00,1.00
2010.09.07 04:56:47.047,1.59355,1.5942,2.00,1.00
2010.09.07 04:56:47.762,1.59355,1.59415,2.10,1.00
2010.09.07 04:56:48.849,1.59355,1.5942,1.60,1.00
2010.09.07 04:56:48.853,1.5936,1.5942,1.00,1.00
2010.09.07 04:56:49.091,1.59365,1.5943,1.00,1.70
2010.09.07 04:56:49.556,1.5936,1.59425,1.00,1.00
2010.09.07 04:56:49.867,1.59365,1.5943,1.00,1.00
2010.09.07 04:56:50.107,1.59365,1.5943,1.00,1.00
2010.09.07 04:56:50.447,1.5937,1.5943,1.00,1.00
2010.09.07 04:56:51.429,1.59375,1.5943,1.00,1.00
2010.09.07 04:56:51.752,1.59375,1.59435,1.00,1.00
2010.09.07 04:56:53.620,1.59375,1.5943,1.00,1.00
2010.09.07 04:56:53.805,1.59375,1.5943,1.00,1.00
2010.09.07 04:56:55.611,1.5937,1.5943,1.00,1.00
2010.09.07 04:56:55.799,1.5937,1.5943,1.00,1.00
2010.09.07 04:56:56.360,1.5937,1.59425,1.00,1.00
2010.09.07 04:56:56.714,1.5937,1.5943,1.00,1.00
2010.09.07 04:56:56.865,1.5937,1.59425,1.00,1.00
2010.09.07 04:56:58.348,1.5937,1.59425,1.00,1.00
2010.09.07 04:56:58.936,1.59375,1.5943,1.00,1.00
2010.09.07 04:56:59.226,1.5937,1.5942,1.00,1.00
2010.09.07 04:57:00.037,1.5937,1.5942,1.00,1.00
2010.09.07 04:57:00.670,1.5937,1.59425,1.00,1.00
2010.09.07 04:57:01.876,1.5938,1.5943,1.00,1.00
2010.09.07 04:57:03.728,1.59375,1.59425,1.00,1.00
2010.09.07 04:57:04.687,1.5937,1.59435,1.00,1.00
2010.09.07 04:57:05.003,1.5937,1.5943,1.00,1.00
2010.09.07 04:57:05.498,1.59375,1.59435,1.00,1.00
2010.09.07 04:57:05.750,1.5937,1.5943,1.00,1.00
2010.09.07 04:57:05.998,1.59375,1.59435,1.00,1.00
2010.09.07 04:57:06.638,1.59375,1.5943,1.00,1.00
2010.09.07 04:57:06.958,1.5937,1.5943,1.00,1.00
2010.09.07 04:57:07.344,1.5937,1.5943,1.00,1.00
2010.09.07 04:57:07.916,1.5937,1.5943,1.00,1.00
2010.09.07 04:57:08.256,1.5937,1.59425,1.00,1.00
2010.09.07 04:57:08.566,1.5937,1.5942,1.00,1.00
2010.09.07 04:57:08.875,1.5937,1.59425,1.00,1.00
2010.09.07 04:57:09.216,1.59375,1.5943,1.00,1.00
2010.09.07 04:57:11.616,1.5938,1.5943,1.00,1.00
2010.09.07 04:57:13.400,1.59375,1.5943,1.70,1.00
2010.09.07 04:57:13.599,1.5937,1.5943,1.00,1.00
2010.09.07 04:57:14.146,1.59365,1.59425,2.30,1.00
2010.09.07 04:57:14.486,1.5937,1.5943,1.00,1.00
2010.09.07 04:57:14.826,1.5937,1.59425,1.00,1.00
2010.09.07 04:57:15.170,1.5937,1.59425,1.00,1.00
2010.09.07 04:57:15.508,1.5937,1.59425,1.70,1.00
2010.09.07 04:57:16.718,1.5937,1.5943,1.70,1.00
2010.09.07 04:57:17.209,1.59385,1.5944,1.00,1.00
2010.09.07 04:57:17.520,1.59375,1.5943,1.00,1.00
2010.09.07 04:57:18.142,1.59375,1.59435,1.00,1.00
2010.09.07 04:57:18.489,1.5938,1.59435,1.00,1.00
2010.09.07 04:57:19.367,1.59385,1.59435,1.00,1.00
2010.09.07 04:57:20.303,1.5938,1.5943,1.00,1.00
2010.09.07 04:57:20.986,1.5939,1.59445,1.00,1.00
2010.09.07 04:57:21.901,1.59385,1.59445,1.00,1.00
2010.09.07 04:57:23.466,1.5939,1.59445,1.00,1.00
2010.09.07 04:57:25.225,1.5939,1.5945,1.00,1.70
2010.09.07 04:57:25.857,1.5939,1.59445,1.00,1.00
2010.09.07 04:57:26.195,1.5939,1.5945,1.00,1.60
2010.09.07 04:57:26.536,1.5939,1.59445,1.00,1.00
2010.09.07 04:57:27.667,1.59385,1.5944,1.00,1.00
2010.09.07 04:57:28.896,1.5939,1.59445,1.00,1.00
2010.09.07 04:57:37.569,1.5939,1.5945,1.00,1.60
2010.09.07 04:57:38.338,1.59395,1.5945,1.00,1.60
2010.09.07 04:57:39.441,1.594,1.5945,1.00,1.60
2010.09.07 04:57:41.771,1.59395,1.59445,1.00,1.00
2010.09.07 04:57:41.893,1.5939,1.59445,1.00,1.00
2010.09.07 04:57:42.096,1.59395,1.5945,1.00,1.60
2010.09.07 04:57:42.416,1.5939,1.59445,1.00,1.00
2010.09.07 04:57:42.926,1.59395,1.5945,1.00,1.60
2010.09.07 04:57:43.202,1.59405,1.5945,1.00,1.60
2010.09.07 04:57:43.368,1.5941,1.59455,1.00,1.60
2010.09.07 04:57:43.759,1.5941,1.5947,1.00,2.00
2010.09.07 04:57:44.100,1.5941,1.5947,1.00,1.60
2010.09.07 04:57:44.437,1.59415,1.5947,1.00,1.60
2010.09.07 04:57:44.818,1.5942,1.5947,1.00,1.60
2010.09.07 04:57:46.607,1.59415,1.5947,1.00,1.60
2010.09.07 04:57:47.306,1.5941,1.5947,1.00,1.60
2010.09.07 04:57:47.648,1.59405,1.59465,1.00,1.00
2010.09.07 04:57:47.990,1.59405,1.59465,1.00,1.00
2010.09.07 04:57:49.627,1.5941,1.59465,1.00,1.00
2010.09.07 04:57:49.894,1.59415,1.5947,1.00,1.60
2010.09.07 04:57:50.061,1.59415,1.5947,1.00,1.70
2010.09.07 04:57:50.616,1.5942,1.5947,1.00,1.60
2010.09.07 04:57:50.777,1.59415,1.5947,1.00,1.60
2010.09.07 04:57:51.991,1.5942,1.5947,1.00,1.60
2010.09.07 04:57:53.884,1.59415,1.59465,1.00,1.00
2010.09.07 04:57:54.226,1.59415,1.5947,1.00,1.60
2010.09.07 04:57:54.416,1.5941,1.59465,1.00,1.00
2010.09.07 04:57:54.965,1.59415,1.59465,1.00,1.00
2010.09.07 04:57:55.347,1.59415,1.5947,1.00,1.60
2010.09.07 04:57:56.453,1.59415,1.59465,1.00,1.00
2010.09.07 04:57:56.877,1.59405,1.5945,1.00,1.60
2010.09.07 04:57:57.077,1.59405,1.59465,1.00,1.00
2010.09.07 04:57:57.138,1.59405,1.59465,1.00,1.00
2010.09.07 04:57:57.788,1.5941,1.5946,1.00,1.60
2010.09.07 04:57:58.806,1.59415,1.5946,1.00,1.60
2010.09.07 04:58:06.817,1.5942,1.5947,1.00,1.70
2010.09.07 04:58:07.456,1.59415,1.5946,1.00,1.60
2010.09.07 04:58:07.666,1.59415,1.59485,1.00,1.70
2010.09.07 04:58:08.216,1.5943,1.59485,1.00,1.60
2010.09.07 04:58:08.426,1.5942,1.59485,1.00,1.80
2010.09.07 04:58:08.696,1.5942,1.5948,1.60,1.60
2010.09.07 04:58:09.220,1.5942,1.5949,1.70,1.00
2010.09.07 04:58:09.492,1.59425,1.5949,1.00,1.00
2010.09.07 04:58:10.107,1.59425,1.59495,1.00,1.90
2010.09.07 04:58:10.436,1.59435,1.5949,1.60,1.00
2010.09.07 04:58:10.912,1.5943,1.59485,1.00,1.60
2010.09.07 04:58:11.098,1.5943,1.59495,1.00,1.60
2010.09.07 04:58:11.257,1.5943,1.59495,1.00,1.60
2010.09.07 04:58:11.651,1.59425,1.59495,1.00,1.60
2010.09.07 04:58:11.987,1.5943,1.59495,1.00,1.60
2010.09.07 04:58:12.331,1.5943,1.59495,1.00,1.70
2010.09.07 04:58:12.667,1.59435,1.595,1.00,1.00
2010.09.07 04:58:13.007,1.5944,1.5951,1.60,1.00
2010.09.07 04:58:14.481,1.5945,1.5951,1.00,1.00
2010.09.07 04:58:15.355,1.59455,1.5951,1.00,1.00
2010.09.07 04:58:16.653,1.5945,1.5951,1.00,1.00
2010.09.07 04:58:17.092,1.59455,1.5951,1.00,1.00
2010.09.07 04:58:18.469,1.5945,1.5951,1.00,1.00
2010.09.07 04:58:18.848,1.59435,1.59495,1.00,1.00
2010.09.07 04:58:19.008,1.59445,1.59495,1.00,1.80
2010.09.07 04:58:19.167,1.5944,1.59495,1.00,1.80
2010.09.07 04:58:19.247,1.59435,1.59495,1.00,1.80
2010.09.07 04:58:19.675,1.5944,1.59495,1.00,1.00
2010.09.07 04:58:20.478,1.59445,1.59495,1.00,1.00
2010.09.07 04:58:21.019,1.5944,1.59505,1.00,1.00
2010.09.07 04:58:21.279,1.59455,1.5951,1.00,1.00
2010.09.07 04:58:21.536,1.5945,1.5951,1.00,1.00
2010.09.07 04:58:21.795,1.5945,1.5951,1.00,1.00
2010.09.07 04:58:22.975,1.59455,1.5951,1.00,1.00
2010.09.07 04:58:23.165,1.5945,1.59505,1.60,1.00
2010.09.07 04:58:23.345,1.5945,1.59505,1.60,1.00
2010.09.07 04:58:24.529,1.5945,1.59505,1.70,1.00
2010.09.07 04:58:27.215,1.59455,1.59505,1.00,1.00
2010.09.07 04:58:29.030,1.59455,1.5951,1.00,1.00
2010.09.07 04:58:29.559,1.5946,1.59525,1.00,1.00
2010.09.07 04:58:29.848,1.59465,1.5952,1.60,1.00
2010.09.07 04:58:30.136,1.5946,1.5952,3.30,1.00
2010.09.07 04:58:31.312,1.59465,1.59525,3.20,1.00
2010.09.07 04:58:32.636,1.5947,1.59525,1.00,1.00
2010.09.07 04:58:42.590,1.5947,1.59525,1.70,1.00
2010.09.07 04:58:42.930,1.5947,1.59535,1.00,1.00
2010.09.07 04:58:43.606,1.59475,1.59535,1.00,1.00
2010.09.07 04:58:43.908,1.59475,1.5953,1.00,1.00
2010.09.07 04:58:45.472,1.5947,1.5953,1.00,1.00
2010.09.07 04:58:46.706,1.5947,1.59535,1.00,1.00
2010.09.07 04:58:46.979,1.5947,1.5953,1.60,1.00
2010.09.07 04:58:47.246,1.5947,1.5953,1.00,1.00
2010.09.07 04:58:47.875,1.5947,1.5953,1.00,1.00
2010.09.07 04:58:49.370,1.5947,1.5953,1.00,1.00
2010.09.07 04:58:51.302,1.5947,1.59525,1.00,1.00
2010.09.07 04:58:51.558,1.5947,1.59535,1.00,1.00
2010.09.07 04:58:52.027,1.5947,1.5953,1.60,1.00
2010.09.07 04:58:52.635,1.5947,1.5953,1.60,1.00
2010.09.07 04:58:52.996,1.59475,1.5953,1.00,1.00
2010.09.07 04:58:53.495,1.5947,1.5953,1.60,1.00
2010.09.07 04:58:53.767,1.5947,1.5953,2.10,1.00
2010.09.07 04:58:54.037,1.59465,1.5953,1.70,1.00
2010.09.07 04:58:54.308,1.59465,1.59525,1.60,1.00
2010.09.07 04:58:54.648,1.5947,1.59525,1.00,1.00
2010.09.07 04:58:56.495,1.59465,1.59525,1.60,1.00
2010.09.07 04:58:57.395,1.5947,1.59525,1.00,1.00
2010.09.07 04:59:00.937,1.59475,1.5953,1.00,1.00
2010.09.07 04:59:01.236,1.5947,1.5953,1.00,1.00
2010.09.07 04:59:03.516,1.59475,1.59525,1.00,1.00
2010.09.07 04:59:04.890,1.59465,1.5952,1.00,1.00
2010.09.07 04:59:05.276,1.5947,1.5952,1.00,1.00
2010.09.07 04:59:05.406,1.59465,1.5952,1.00,1.00
2010.09.07 04:59:05.996,1.5947,1.59525,1.00,1.00
2010.09.07 04:59:07.847,1.59475,1.5953,1.00,1.70
2010.09.07 04:59:07.997,1.59475,1.59535,1.00,1.70
2010.09.07 04:59:08.216,1.5947,1.5953,1.00,1.00
2010.09.07 04:59:08.437,1.5947,1.5953,1.00,1.00
2010.09.07 04:59:08.656,1.5947,1.5953,1.00,1.60
2010.09.07 04:59:09.489,1.5947,1.59525,1.00,1.00
2010.09.07 04:59:10.557,1.5947,1.5952,1.00,1.00
2010.09.07 04:59:10.776,1.5947,1.59525,1.00,1.00
2010.09.07 04:59:10.895,1.5947,1.5952,1.00,1.00
2010.09.07 04:59:11.600,1.59475,1.59525,1.00,1.00
2010.09.07 04:59:11.789,1.5947,1.5952,1.00,1.00
2010.09.07 04:59:11.917,1.59475,1.59525,1.00,1.00
2010.09.07 04:59:13.768,1.5947,1.5952,1.00,1.00
2010.09.07 04:59:13.955,1.59475,1.59525,1.00,1.00
2010.09.07 04:59:16.333,1.5947,1.5952,1.00,1.00
2010.09.07 04:59:16.732,1.59475,1.59525,1.00,1.00
2010.09.07 04:59:17.978,1.59455,1.5952,1.60,1.00
2010.09.07 04:59:18.306,1.5945,1.5952,2.20,1.00
2010.09.07 04:59:18.430,1.5945,1.59515,2.20,1.00
2010.09.07 04:59:19.190,1.5946,1.59525,1.00,1.00
2010.09.07 04:59:19.697,1.5946,1.5952,1.00,1.00
2010.09.07 04:59:20.615,1.5946,1.59515,1.00,1.00
2010.09.07 04:59:21.908,1.5946,1.59515,1.00,1.00
2010.09.07 04:59:21.996,1.5946,1.5953,1.00,1.60
2010.09.07 04:59:22.367,1.5948,1.5953,1.00,1.60
2010.09.07 04:59:22.469,1.5948,1.59545,1.60,1.00
2010.09.07 04:59:22.556,1.59465,1.5954,1.00,1.00
2010.09.07 04:59:22.740,1.5948,1.59545,2.10,1.00
2010.09.07 04:59:22.919,1.5948,1.59535,1.00,1.00
2010.09.07 04:59:23.257,1.59475,1.59535,1.60,1.00
2010.09.07 04:59:23.598,1.5948,1.5954,1.00,1.00
2010.09.07 04:59:24.544,1.5948,1.5954,1.00,1.00
2010.09.07 04:59:25.974,1.5948,1.5955,1.00,1.00
2010.09.07 04:59:26.496,1.5948,1.5955,1.70,1.00
2010.09.07 04:59:27.512,1.59485,1.5955,1.00,1.00
2010.09.07 04:59:27.807,1.5949,1.5955,1.00,1.00
2010.09.07 04:59:28.319,1.59495,1.5955,1.00,1.00
2010.09.07 04:59:30.498,1.595,1.5955,1.00,1.00
2010.09.07 04:59:33.452,1.595,1.59555,1.00,1.00
2010.09.07 04:59:33.836,1.595,1.59555,1.00,1.70
2010.09.07 04:59:37.459,1.595,1.5955,1.00,1.00
2010.09.07 04:59:40.910,1.59495,1.5955,1.00,1.00
2010.09.07 04:59:41.067,1.595,1.5955,1.00,1.00
2010.09.07 04:59:46.546,1.595,1.59555,1.00,1.60
2010.09.07 04:59:46.817,1.59505,1.5956,1.00,1.00
2010.09.07 04:59:47.339,1.59505,1.59555,1.00,1.60
2010.09.07 04:59:47.480,1.595,1.59555,1.00,1.60
2010.09.07 04:59:48.505,1.595,1.59555,1.00,1.70
2010.09.07 04:59:49.629,1.595,1.5955,1.00,1.00
2010.09.07 04:59:54.764,1.5949,1.59555,1.00,1.70
2010.09.07 04:59:54.919,1.595,1.59555,1.00,1.00
2010.09.07 04:59:57.393,1.59505,1.5956,1.00,1.00
2010.09.07 04:59:57.604,1.595,1.59555,1.00,1.00
2010.09.07 04:59:58.389,1.59495,1.59555,1.00,1.00
