2010.09.23 04:00:00.213,1.6113,1.6117,1.00,1.00
2010.09.23 04:00:00.559,1.6114,1.6119,1.60,1.00
2010.09.23 04:00:01.398,1.61145,1.612,1.60,1.00
2010.09.23 04:00:02.305,1.6115,1.612,1.00,1.00
2010.09.23 04:00:02.851,1.6115,1.612,1.00,1.00
2010.09.23 04:00:03.117,1.6115,1.612,1.00,1.00
2010.09.23 04:00:03.377,1.61155,1.612,1.00,1.00
2010.09.23 04:00:03.637,1.6115,1.612,1.00,1.00
2010.09.23 04:00:03.897,1.61145,1.612,1.60,1.00
2010.09.23 04:00:04.944,1.6115,1.612,1.00,1.00
2010.09.23 04:00:05.319,1.61155,1.612,1.00,1.00
2010.09.23 04:00:05.938,1.6115,1.612,1.00,1.00
2010.09.23 04:00:08.005,1.61155,1.612,1.00,1.00
2010.09.23 04:00:08.403,1.6116,1.612,1.00,1.00
2010.09.23 04:00:08.530,1.6116,1.612,1.00,1.00
2010.09.23 04:00:08.638,1.61155,1.612,1.00,1.00
2010.09.23 04:00:09.499,1.6116,1.612,1.00,1.20
2010.09.23 04:00:09.816,1.6116,1.612,1.00,1.20
2010.09.23 04:00:10.296,1.6116,1.612,1.00,1.20
2010.09.23 04:00:11.024,1.6116,1.612,1.00,1.20
2010.09.23 04:00:12.682,1.6115,1.612,1.00,1.20
2010.09.23 04:00:12.927,1.6115,1.6119,1.00,1.00
2010.09.23 04:00:14.946,1.6115,1.6119,1.00,1.00
2010.09.23 04:00:16.494,1.61155,1.6119,1.00,1.00
2010.09.23 04:00:19.562,1.6116,1.6119,1.00,1.00
2010.09.23 04:00:22.238,1.61155,1.6119,1.00,1.00
2010.09.23 04:00:24.178,1.6116,1.6119,1.00,1.00
2010.09.23 04:00:24.266,1.6116,1.612,1.00,1.00
2010.09.23 04:00:34.427,1.61155,1.612,1.00,1.00
2010.09.23 04:00:34.840,1.6115,1.61195,1.00,1.00
2010.09.23 04:00:35.791,1.61155,1.61195,1.00,1.00
2010.09.23 04:00:36.558,1.61155,1.61195,1.00,1.00
2010.09.23 04:00:37.256,1.61165,1.61195,1.00,1.00
2010.09.23 04:00:38.269,1.6116,1.61195,1.00,1.00
2010.09.23 04:00:38.857,1.6116,1.61195,1.00,1.00
2010.09.23 04:00:40.485,1.6115,1.61195,1.00,1.00
2010.09.23 04:00:46.335,1.61145,1.61195,1.60,1.00
2010.09.23 04:00:46.418,1.61145,1.61195,1.00,1.00
2010.09.23 04:00:49.435,1.61145,1.61195,1.00,1.00
2010.09.23 04:01:01.979,1.6114,1.61195,1.00,1.00
2010.09.23 04:01:02.046,1.6114,1.61195,1.00,1.00
2010.09.23 04:01:03.037,1.6114,1.61195,1.00,1.00
2010.09.23 04:01:03.375,1.6114,1.6119,1.00,1.60
2010.09.23 04:01:03.716,1.61135,1.6119,1.00,1.60
2010.09.23 04:01:05.447,1.61135,1.6119,1.00,1.70
2010.09.23 04:01:05.678,1.6114,1.6119,1.00,1.70
2010.09.23 04:01:06.835,1.6114,1.61185,1.00,1.00
2010.09.23 04:01:07.094,1.6114,1.61185,1.00,1.20
2010.09.23 04:01:07.355,1.61145,1.61185,1.00,1.20
2010.09.23 04:01:08.058,1.61145,1.61185,1.00,1.00
2010.09.23 04:01:22.058,1.6114,1.61185,1.00,2.80
2010.09.23 04:01:22.246,1.61145,1.61185,1.00,2.80
2010.09.23 04:01:22.437,1.6114,1.6118,1.00,1.00
2010.09.23 04:01:23.206,1.61145,1.6118,1.00,1.00
2010.09.23 04:01:24.750,1.6114,1.6118,1.00,1.00
2010.09.23 04:01:26.477,1.61145,1.6118,1.00,1.00
2010.09.23 04:01:27.301,1.6114,1.6118,1.00,1.00
2010.09.23 04:01:27.595,1.6114,1.6118,1.00,1.00
2010.09.23 04:01:38.350,1.61135,1.6118,1.00,1.00
2010.09.23 04:01:41.556,1.6114,1.6118,1.00,1.00
2010.09.23 04:01:41.816,1.61135,1.6118,1.00,1.00
2010.09.23 04:01:42.566,1.6114,1.6118,1.00,1.00
2010.09.23 04:01:42.808,1.61135,1.6118,1.00,1.00
2010.09.23 04:01:45.520,1.6114,1.6118,1.00,1.00
2010.09.23 04:01:47.661,1.61135,1.6118,1.00,1.00
2010.09.23 04:02:01.448,1.6113,1.6118,1.00,1.00
2010.09.23 04:02:01.616,1.61135,1.6118,1.00,1.00
2010.09.23 04:02:02.297,1.6114,1.6118,1.00,1.00
2010.09.23 04:02:02.637,1.61135,1.6118,1.00,1.00
2010.09.23 04:02:03.592,1.6114,1.6118,1.00,1.00
2010.09.23 04:02:11.507,1.6114,1.6118,1.00,1.00
2010.09.23 04:02:11.623,1.6113,1.61175,1.00,1.00
2010.09.23 04:02:12.863,1.61135,1.61175,1.00,1.00
2010.09.23 04:02:13.976,1.61135,1.61175,1.00,1.00
2010.09.23 04:02:14.806,1.6113,1.61175,1.00,1.00
2010.09.23 04:02:14.986,1.61135,1.61175,1.00,1.00
2010.09.23 04:02:22.285,1.61135,1.6118,1.00,1.00
2010.09.23 04:02:36.037,1.61125,1.6118,1.00,1.00
2010.09.23 04:02:36.898,1.61135,1.6118,1.00,1.00
2010.09.23 04:02:39.683,1.6114,1.6118,1.00,1.00
2010.09.23 04:02:40.326,1.61135,1.6118,1.00,1.00
2010.09.23 04:02:40.858,1.61135,1.6118,1.00,1.00
2010.09.23 04:02:41.318,1.6114,1.6118,1.00,1.00
2010.09.23 04:02:44.591,1.61145,1.6118,1.00,1.00
2010.09.23 04:02:51.086,1.61145,1.61195,1.00,1.00
2010.09.23 04:02:51.659,1.6115,1.61195,1.00,1.00
2010.09.23 04:02:52.197,1.61145,1.61195,1.00,1.00
2010.09.23 04:02:52.378,1.61145,1.61195,1.00,1.00
2010.09.23 04:02:52.557,1.6115,1.61195,1.00,1.00
2010.09.23 04:02:53.006,1.6115,1.61195,1.00,1.00
2010.09.23 04:02:54.527,1.61155,1.61195,1.00,1.00
2010.09.23 04:02:58.827,1.6115,1.61195,1.00,1.00
2010.09.23 04:03:03.135,1.6115,1.61205,1.00,1.00
2010.09.23 04:03:11.647,1.61155,1.61205,1.00,1.00
2010.09.23 04:03:11.765,1.61155,1.61205,1.00,1.00
2010.09.23 04:03:12.390,1.61155,1.6121,1.00,1.00
2010.09.23 04:03:45.137,1.6115,1.612,1.00,1.00
2010.09.23 04:03:45.235,1.6115,1.612,1.00,1.00
2010.09.23 04:03:46.165,1.6115,1.612,1.00,1.00
2010.09.23 04:03:46.976,1.61155,1.612,1.00,1.00
2010.09.23 04:03:48.577,1.61155,1.612,1.00,1.00
2010.09.23 04:03:53.427,1.61155,1.612,1.00,1.00
2010.09.23 04:03:54.127,1.6115,1.612,1.00,1.00
2010.09.23 04:03:54.286,1.61145,1.612,1.00,2.00
2010.09.23 04:03:54.375,1.61145,1.612,1.00,2.80
2010.09.23 04:03:54.465,1.61145,1.612,1.00,2.80
2010.09.23 04:03:54.590,1.6115,1.612,1.00,2.80
2010.09.23 04:03:54.856,1.6115,1.612,1.00,1.20
2010.09.23 04:03:54.967,1.6115,1.612,1.00,1.20
2010.09.23 04:03:56.619,1.61155,1.612,1.00,1.20
2010.09.23 04:04:02.251,1.61155,1.6119,1.00,1.00
2010.09.23 04:04:19.496,1.6115,1.6119,1.00,1.00
2010.09.23 04:04:21.150,1.61155,1.6119,1.00,1.00
2010.09.23 04:04:22.542,1.61155,1.612,1.00,1.00
2010.09.23 04:04:23.266,1.61145,1.612,1.00,1.00
2010.09.23 04:04:27.766,1.6114,1.612,1.00,1.00
2010.09.23 04:04:28.307,1.6114,1.612,1.00,1.20
2010.09.23 04:04:28.436,1.6114,1.612,1.00,2.80
2010.09.23 04:04:29.561,1.6114,1.61195,1.00,1.00
2010.09.23 04:04:35.177,1.6114,1.6119,1.00,1.00
2010.09.23 04:04:36.336,1.61145,1.61195,1.00,1.00
2010.09.23 04:04:37.475,1.6114,1.6119,1.00,1.00
2010.09.23 04:04:39.497,1.6114,1.61195,1.00,1.00
2010.09.23 04:04:39.665,1.6114,1.6119,1.00,1.00
2010.09.23 04:04:40.506,1.61145,1.6119,1.00,1.00
2010.09.23 04:04:53.837,1.6114,1.6119,1.00,1.00
2010.09.23 04:04:54.127,1.61145,1.6119,1.00,1.00
2010.09.23 04:04:54.835,1.6114,1.6119,2.00,1.00
2010.09.23 04:04:55.116,1.61145,1.6119,1.00,1.00
2010.09.23 04:04:56.585,1.6114,1.6119,1.00,1.00
2010.09.23 04:04:56.638,1.6114,1.6119,1.00,1.00
2010.09.23 04:04:56.787,1.6114,1.6119,1.50,1.00
2010.09.23 04:04:56.885,1.61135,1.6119,1.00,1.00
2010.09.23 04:04:57.346,1.61135,1.6119,2.00,1.00
2010.09.23 04:04:58.507,1.61135,1.6119,2.10,1.00
2010.09.23 04:04:59.466,1.6114,1.6119,1.00,1.00
2010.09.23 04:04:59.701,1.61145,1.6119,1.00,1.00
2010.09.23 04:05:00.309,1.61145,1.6119,1.00,1.00
2010.09.23 04:05:00.737,1.6115,1.6119,1.00,1.00
2010.09.23 04:05:01.512,1.61155,1.612,1.00,1.00
2010.09.23 04:05:01.781,1.6116,1.612,1.00,1.00
2010.09.23 04:05:02.045,1.6116,1.6122,1.00,1.00
2010.09.23 04:05:03.110,1.6116,1.6122,1.00,1.00
2010.09.23 04:05:03.397,1.61165,1.6122,1.00,1.00
2010.09.23 04:05:05.327,1.6116,1.6122,1.00,1.00
2010.09.23 04:05:05.457,1.61155,1.6122,1.00,2.90
2010.09.23 04:05:05.845,1.61155,1.6122,1.00,4.50
2010.09.23 04:05:05.976,1.61155,1.61215,1.00,1.00
2010.09.23 04:05:06.105,1.61155,1.61205,1.00,1.00
2010.09.23 04:05:06.966,1.61155,1.61205,1.00,1.00
2010.09.23 04:05:07.247,1.6116,1.61205,1.00,1.00
2010.09.23 04:05:12.610,1.6116,1.61215,1.00,1.00
2010.09.23 04:05:19.862,1.61165,1.61215,1.00,1.00
2010.09.23 04:05:19.969,1.6116,1.61215,1.00,1.00
2010.09.23 04:05:20.171,1.61165,1.61215,1.00,1.00
2010.09.23 04:05:30.268,1.6115,1.61205,1.00,2.00
2010.09.23 04:05:30.546,1.61145,1.61205,1.00,2.00
2010.09.23 04:05:31.381,1.6115,1.61205,1.00,2.00
2010.09.23 04:05:31.716,1.61145,1.61205,1.00,2.80
2010.09.23 04:05:34.526,1.61145,1.61205,1.00,2.90
2010.09.23 04:05:37.966,1.61145,1.61205,1.00,2.80
2010.09.23 04:05:38.756,1.61145,1.61195,1.00,1.00
2010.09.23 04:05:39.540,1.6115,1.61195,1.00,1.00
2010.09.23 04:05:40.478,1.6115,1.61195,1.00,1.00
2010.09.23 04:05:41.175,1.6115,1.61205,1.00,1.60
2010.09.23 04:05:53.649,1.61155,1.61205,1.00,1.60
2010.09.23 04:05:58.100,1.61155,1.612,1.00,1.00
2010.09.23 04:06:11.648,1.6115,1.612,1.00,1.00
2010.09.23 04:06:11.681,1.61155,1.612,1.00,1.00
2010.09.23 04:06:11.714,1.61155,1.612,1.00,1.00
2010.09.23 04:06:11.738,1.61145,1.612,1.00,1.00
2010.09.23 04:06:11.812,1.61145,1.612,1.00,1.00
2010.09.23 04:06:12.375,1.6115,1.612,1.00,1.00
2010.09.23 04:06:12.585,1.61145,1.612,1.00,1.00
2010.09.23 04:06:14.763,1.6115,1.612,1.00,1.00
2010.09.23 04:06:20.803,1.61145,1.612,1.00,1.00
2010.09.23 04:06:22.270,1.61145,1.612,1.00,1.00
2010.09.23 04:06:23.517,1.6115,1.612,1.00,1.00
2010.09.23 04:06:24.453,1.61145,1.612,1.00,1.00
2010.09.23 04:06:25.490,1.6114,1.612,1.00,1.00
2010.09.23 04:06:26.112,1.61145,1.612,1.00,1.00
2010.09.23 04:06:26.217,1.6115,1.612,1.00,1.00
2010.09.23 04:06:27.546,1.6115,1.612,1.00,1.00
2010.09.23 04:06:33.620,1.61155,1.612,1.00,1.00
2010.09.23 04:06:39.304,1.6115,1.612,1.00,1.00
2010.09.23 04:06:39.421,1.6115,1.612,1.00,1.00
2010.09.23 04:07:12.473,1.6115,1.61205,1.00,2.00
2010.09.23 04:07:23.937,1.61145,1.61205,1.00,2.00
2010.09.23 04:07:24.927,1.6115,1.61205,1.00,2.00
2010.09.23 04:07:38.457,1.61145,1.61205,1.00,2.00
2010.09.23 04:07:44.126,1.61145,1.61205,1.00,2.10
2010.09.23 04:07:45.111,1.6115,1.61205,1.00,2.00
2010.09.23 04:07:50.876,1.6114,1.612,1.00,1.00
2010.09.23 04:08:20.168,1.6115,1.61205,1.00,2.00
2010.09.23 04:08:21.981,1.6115,1.61205,1.00,2.00
2010.09.23 04:08:25.437,1.6114,1.612,1.00,1.00
2010.09.23 04:08:26.654,1.6115,1.61205,1.00,2.00
2010.09.23 04:08:31.796,1.6114,1.61205,1.00,2.10
2010.09.23 04:08:32.527,1.6115,1.61205,1.00,1.00
2010.09.23 04:08:35.547,1.61155,1.61205,1.00,1.00
2010.09.23 04:08:43.441,1.61145,1.61205,1.00,1.00
2010.09.23 04:09:00.719,1.61145,1.61205,1.00,1.00
2010.09.23 04:09:00.767,1.61145,1.61205,1.00,1.00
2010.09.23 04:09:01.828,1.61145,1.612,1.00,1.00
2010.09.23 04:09:03.331,1.61145,1.612,1.00,1.00
2010.09.23 04:09:12.685,1.61145,1.612,1.00,1.00
2010.09.23 04:09:13.216,1.6114,1.612,1.00,1.00
2010.09.23 04:09:13.960,1.6114,1.612,1.00,1.00
2010.09.23 04:09:15.490,1.61145,1.612,1.00,1.00
2010.09.23 04:09:17.529,1.6114,1.612,1.00,1.00
2010.09.23 04:09:22.467,1.6114,1.612,1.00,1.00
2010.09.23 04:09:22.526,1.61135,1.612,1.60,1.00
2010.09.23 04:09:24.592,1.61135,1.61195,1.60,1.00
2010.09.23 04:09:24.777,1.6114,1.612,1.00,1.00
2010.09.23 04:09:26.193,1.61135,1.61195,1.60,1.00
2010.09.23 04:09:26.635,1.6114,1.612,1.00,1.00
2010.09.23 04:09:28.538,1.61135,1.61195,1.60,1.00
2010.09.23 04:09:30.960,1.6114,1.612,1.00,1.00
2010.09.23 04:09:30.983,1.6114,1.612,1.00,1.00
2010.09.23 04:09:31.059,1.61135,1.612,1.60,1.00
2010.09.23 04:09:31.619,1.6114,1.612,1.00,1.00
2010.09.23 04:09:32.447,1.61135,1.61195,1.60,1.00
2010.09.23 04:09:33.462,1.61135,1.61195,1.60,1.00
2010.09.23 04:09:37.652,1.61135,1.61195,1.60,1.00
2010.09.23 04:09:45.735,1.61135,1.61195,1.60,1.00
2010.09.23 04:09:48.321,1.6114,1.61195,1.00,1.00
2010.09.23 04:09:48.588,1.61135,1.61195,1.60,1.00
2010.09.23 04:09:48.819,1.61135,1.61195,1.60,1.00
2010.09.23 04:09:50.448,1.6114,1.61195,1.00,1.00
2010.09.23 04:09:51.806,1.61135,1.61195,1.60,1.00
2010.09.23 04:09:52.392,1.61135,1.61195,1.60,1.00
2010.09.23 04:09:52.613,1.6114,1.61195,1.00,1.00
2010.09.23 04:09:53.507,1.61135,1.61195,1.60,1.00
2010.09.23 04:10:01.937,1.61135,1.61195,2.00,1.00
2010.09.23 04:10:02.126,1.61135,1.61195,1.00,1.00
2010.09.23 04:10:02.791,1.61135,1.61195,1.60,1.00
2010.09.23 04:10:02.816,1.6114,1.61195,1.00,1.00
2010.09.23 04:10:03.159,1.61135,1.61195,1.60,1.00
2010.09.23 04:10:03.669,1.61135,1.61195,1.60,1.00
2010.09.23 04:10:03.916,1.61135,1.61195,1.00,1.00
2010.09.23 04:10:04.157,1.61135,1.61195,1.00,1.00
2010.09.23 04:10:04.659,1.61135,1.61195,1.00,1.00
2010.09.23 04:10:04.859,1.61135,1.61195,1.00,1.00
2010.09.23 04:10:05.507,1.61135,1.61195,1.00,1.00
2010.09.23 04:10:09.808,1.61135,1.6119,1.00,1.00
2010.09.23 04:10:09.959,1.61135,1.6119,1.00,1.00
2010.09.23 04:10:10.086,1.61135,1.6119,1.90,1.00
2010.09.23 04:10:10.663,1.61135,1.6119,1.50,1.00
2010.09.23 04:10:10.992,1.61135,1.61195,1.60,1.00
2010.09.23 04:10:11.266,1.61135,1.6119,1.50,1.00
2010.09.23 04:10:14.716,1.61135,1.612,1.60,1.00
2010.09.23 04:10:15.387,1.61125,1.6119,2.00,1.00
2010.09.23 04:10:16.460,1.6113,1.6119,1.00,1.00
2010.09.23 04:10:16.873,1.61125,1.6119,2.00,1.00
2010.09.23 04:10:18.206,1.61125,1.61185,2.00,1.00
2010.09.23 04:10:19.456,1.61125,1.61185,2.00,1.00
2010.09.23 04:10:20.365,1.6113,1.6119,1.00,1.00
2010.09.23 04:10:21.526,1.61135,1.6119,1.00,1.00
2010.09.23 04:10:22.416,1.61125,1.6119,2.00,1.00
2010.09.23 04:10:22.558,1.6113,1.61185,1.00,1.00
2010.09.23 04:10:23.913,1.6113,1.6118,1.00,1.00
2010.09.23 04:10:25.301,1.6113,1.6118,1.00,1.00
2010.09.23 04:10:25.556,1.61125,1.6118,1.00,1.00
2010.09.23 04:10:26.548,1.61125,1.61175,1.00,1.00
2010.09.23 04:10:30.154,1.61125,1.61175,1.00,1.00
2010.09.23 04:10:30.998,1.6112,1.6117,1.00,1.00
2010.09.23 04:10:32.239,1.6111,1.6117,2.00,1.00
2010.09.23 04:10:32.427,1.6111,1.61165,1.90,1.00
2010.09.23 04:10:33.102,1.6111,1.61165,1.00,1.00
2010.09.23 04:10:33.200,1.6111,1.6116,1.00,1.00
2010.09.23 04:10:33.978,1.6111,1.6116,1.00,1.00
2010.09.23 04:10:35.228,1.61115,1.61165,1.00,1.00
2010.09.23 04:10:35.387,1.6111,1.6117,1.90,1.00
2010.09.23 04:10:35.867,1.6111,1.6117,2.00,1.00
2010.09.23 04:10:36.404,1.6111,1.6117,1.90,1.00
2010.09.23 04:10:37.539,1.6111,1.6117,2.00,1.00
2010.09.23 04:10:38.531,1.6111,1.6117,2.00,1.00
2010.09.23 04:10:42.695,1.6111,1.6117,1.60,1.00
2010.09.23 04:11:06.138,1.6111,1.6117,1.50,1.00
2010.09.23 04:11:06.237,1.6111,1.6117,1.50,1.00
2010.09.23 04:11:06.426,1.61105,1.6117,1.60,1.00
2010.09.23 04:11:06.946,1.61105,1.6116,1.60,1.00
2010.09.23 04:11:07.117,1.61105,1.6116,1.00,1.00
2010.09.23 04:11:10.488,1.61105,1.6116,1.00,1.00
2010.09.23 04:11:11.588,1.611,1.6116,1.60,1.00
2010.09.23 04:11:11.894,1.611,1.6116,1.60,1.00
2010.09.23 04:11:12.117,1.61105,1.6116,1.00,1.00
2010.09.23 04:11:13.769,1.6111,1.6116,1.00,1.00
2010.09.23 04:11:15.288,1.61105,1.6116,1.00,1.00
2010.09.23 04:11:18.079,1.611,1.6116,1.60,1.00
2010.09.23 04:11:27.331,1.61105,1.6116,1.00,1.00
2010.09.23 04:11:29.931,1.611,1.6116,1.60,1.00
2010.09.23 04:11:31.033,1.61105,1.6116,1.00,1.00
2010.09.23 04:11:33.408,1.611,1.6116,1.60,1.00
2010.09.23 04:11:34.237,1.61105,1.6116,1.00,1.00
2010.09.23 04:11:36.479,1.611,1.6116,1.60,1.00
2010.09.23 04:12:03.093,1.611,1.6116,1.60,1.00
2010.09.23 04:12:04.529,1.61105,1.6116,1.00,1.00
2010.09.23 04:12:07.112,1.611,1.61155,1.00,1.00
2010.09.23 04:12:07.518,1.61105,1.61155,1.00,1.00
2010.09.23 04:12:07.621,1.611,1.61155,1.00,1.00
2010.09.23 04:12:11.726,1.611,1.61155,1.00,1.00
2010.09.23 04:12:11.757,1.61105,1.61155,1.00,1.00
2010.09.23 04:12:13.610,1.611,1.61155,1.00,1.00
2010.09.23 04:12:14.607,1.61105,1.61155,1.00,1.00
2010.09.23 04:12:15.220,1.61105,1.61155,1.00,1.00
2010.09.23 04:12:16.300,1.61105,1.61155,1.00,1.00
2010.09.23 04:12:16.447,1.611,1.61155,1.00,1.00
2010.09.23 04:12:16.586,1.611,1.61155,1.60,1.00
2010.09.23 04:12:16.866,1.611,1.6116,1.60,1.00
2010.09.23 04:12:17.007,1.61105,1.6116,1.00,1.00
2010.09.23 04:12:30.269,1.6111,1.6116,1.00,1.00
2010.09.23 04:12:32.500,1.611,1.6116,1.00,2.00
2010.09.23 04:12:32.597,1.611,1.6116,1.00,4.40
2010.09.23 04:12:33.147,1.611,1.6115,1.00,1.00
2010.09.23 04:12:33.549,1.611,1.6115,1.00,1.00
2010.09.23 04:12:33.822,1.611,1.6115,1.00,1.00
2010.09.23 04:12:50.000,1.6109,1.6115,1.00,1.00
2010.09.23 04:12:50.537,1.6109,1.6115,1.60,1.00
2010.09.23 04:12:50.616,1.61095,1.6115,1.00,1.00
2010.09.23 04:12:50.690,1.61095,1.6115,1.00,1.00
2010.09.23 04:12:51.877,1.61095,1.6115,1.00,1.00
2010.09.23 04:12:52.579,1.61095,1.6115,1.00,1.00
2010.09.23 04:12:54.647,1.61095,1.61155,1.00,1.00
2010.09.23 04:12:54.767,1.61105,1.61155,1.00,1.00
2010.09.23 04:12:55.127,1.611,1.61155,1.60,1.00
2010.09.23 04:12:55.357,1.61095,1.61155,1.00,1.00
2010.09.23 04:12:56.520,1.61095,1.61145,1.00,1.00
2010.09.23 04:12:57.616,1.61095,1.6115,1.00,1.00
2010.09.23 04:12:59.830,1.61095,1.61155,1.00,1.00
2010.09.23 04:13:00.007,1.61095,1.61155,1.00,1.00
2010.09.23 04:13:00.177,1.6109,1.61155,1.60,1.00
2010.09.23 04:13:00.346,1.6109,1.61155,1.00,1.00
2010.09.23 04:13:03.616,1.6109,1.6115,1.00,1.00
2010.09.23 04:13:04.556,1.6109,1.6115,1.00,1.00
2010.09.23 04:13:17.776,1.6109,1.6115,1.00,1.60
2010.09.23 04:13:18.717,1.6109,1.61145,1.00,1.00
2010.09.23 04:13:18.968,1.61085,1.61145,1.00,1.00
2010.09.23 04:13:19.710,1.61085,1.61145,1.00,1.00
2010.09.23 04:13:20.974,1.61085,1.61145,1.00,1.00
2010.09.23 04:13:22.807,1.61085,1.6115,1.00,1.00
2010.09.23 04:13:23.005,1.61095,1.6115,1.00,1.00
2010.09.23 04:13:23.528,1.61095,1.61145,1.00,1.00
2010.09.23 04:13:24.463,1.61095,1.6115,1.00,1.00
2010.09.23 04:13:25.166,1.61095,1.6115,1.00,1.00
2010.09.23 04:13:25.337,1.6109,1.6115,1.00,1.00
2010.09.23 04:13:26.156,1.61095,1.61155,1.60,1.00
2010.09.23 04:13:26.440,1.6109,1.61155,2.00,1.00
2010.09.23 04:13:27.190,1.6109,1.61145,3.50,1.00
2010.09.23 04:13:27.478,1.61095,1.6114,1.00,1.00
2010.09.23 04:13:27.767,1.6109,1.6114,1.00,1.00
2010.09.23 04:13:29.058,1.6109,1.61145,1.00,1.00
2010.09.23 04:13:29.578,1.6109,1.61135,1.00,1.00
2010.09.23 04:13:29.968,1.6109,1.6114,1.00,1.00
2010.09.23 04:13:31.058,1.6109,1.61145,1.00,1.00
2010.09.23 04:13:31.643,1.6109,1.61135,1.00,1.00
2010.09.23 04:13:32.598,1.6108,1.6114,1.00,1.00
2010.09.23 04:13:33.500,1.6108,1.6113,1.00,1.00
2010.09.23 04:13:34.727,1.6108,1.61135,1.00,1.00
2010.09.23 04:13:34.832,1.6108,1.61135,1.00,1.00
2010.09.23 04:13:35.625,1.6108,1.6114,1.00,1.00
2010.09.23 04:13:35.712,1.6108,1.6114,1.00,1.00
2010.09.23 04:13:36.496,1.6108,1.6114,1.00,1.00
2010.09.23 04:13:39.247,1.6108,1.6114,1.00,1.00
2010.09.23 04:13:39.449,1.61065,1.61135,1.00,1.60
2010.09.23 04:13:39.657,1.61065,1.61135,1.00,1.60
2010.09.23 04:13:39.939,1.61055,1.61125,1.00,1.00
2010.09.23 04:13:40.744,1.6105,1.6112,1.00,1.60
2010.09.23 04:13:42.150,1.6105,1.6112,1.00,1.60
2010.09.23 04:13:42.776,1.6105,1.61125,1.00,1.00
2010.09.23 04:13:43.419,1.61055,1.61125,1.00,1.00
2010.09.23 04:13:44.529,1.61055,1.6112,1.00,1.00
2010.09.23 04:13:45.239,1.6105,1.61115,1.00,1.00
2010.09.23 04:13:45.457,1.6105,1.61115,1.00,1.00
2010.09.23 04:13:45.678,1.61055,1.6112,1.00,1.00
2010.09.23 04:13:46.530,1.6105,1.6112,1.00,1.00
2010.09.23 04:13:47.087,1.6106,1.61115,1.00,1.00
2010.09.23 04:13:49.407,1.61055,1.61115,1.00,1.00
2010.09.23 04:13:55.708,1.61055,1.6111,1.00,1.00
2010.09.23 04:13:55.998,1.61045,1.61105,1.00,1.00
2010.09.23 04:13:56.685,1.6105,1.61115,1.00,1.00
2010.09.23 04:13:56.949,1.6106,1.6112,1.00,1.00
2010.09.23 04:13:58.008,1.61055,1.6112,1.00,1.00
2010.09.23 04:14:00.121,1.61055,1.61115,1.00,1.00
2010.09.23 04:14:00.447,1.61055,1.61115,1.00,1.00
2010.09.23 04:14:01.490,1.6106,1.6112,1.00,1.00
2010.09.23 04:14:02.577,1.6106,1.61115,1.00,1.00
2010.09.23 04:14:03.230,1.6106,1.6112,1.00,1.00
2010.09.23 04:14:03.400,1.6106,1.61115,1.00,1.00
2010.09.23 04:14:04.808,1.6106,1.6112,1.00,1.00
2010.09.23 04:14:05.710,1.6106,1.61115,1.00,1.00
2010.09.23 04:14:10.866,1.6106,1.61115,1.00,1.00
2010.09.23 04:14:26.311,1.61065,1.61125,1.00,1.00
2010.09.23 04:14:27.568,1.6106,1.61125,1.00,1.00
2010.09.23 04:14:27.817,1.61065,1.61125,1.00,1.00
2010.09.23 04:14:28.323,1.61065,1.61125,1.00,1.00
2010.09.23 04:14:32.534,1.6106,1.6112,1.00,1.00
2010.09.23 04:14:32.676,1.6106,1.6112,1.00,1.00
2010.09.23 04:14:34.401,1.6106,1.61115,1.00,1.00
2010.09.23 04:14:34.737,1.6106,1.61115,1.00,1.00
2010.09.23 04:14:35.558,1.6106,1.61115,1.00,1.00
2010.09.23 04:14:44.697,1.6106,1.6112,1.00,1.00
2010.09.23 04:14:51.388,1.6106,1.61115,1.00,1.00
2010.09.23 04:14:54.032,1.6106,1.6112,1.00,1.00
2010.09.23 04:14:56.119,1.6106,1.61115,1.00,1.00
2010.09.23 04:15:00.427,1.6106,1.6112,1.00,1.00
2010.09.23 04:15:00.819,1.6106,1.6112,1.00,1.00
2010.09.23 04:15:01.499,1.61065,1.6113,1.00,1.00
2010.09.23 04:15:02.558,1.6107,1.6113,1.00,1.00
2010.09.23 04:15:04.177,1.6107,1.6113,1.00,1.00
2010.09.23 04:15:06.529,1.6107,1.6113,1.00,1.00
2010.09.23 04:15:07.376,1.61075,1.6113,1.00,1.00
2010.09.23 04:15:09.509,1.6107,1.6113,1.00,1.00
2010.09.23 04:15:12.128,1.6107,1.6113,1.00,1.00
2010.09.23 04:15:13.127,1.61065,1.61125,1.00,1.00
2010.09.23 04:15:13.247,1.61065,1.61125,1.00,1.00
2010.09.23 04:15:13.468,1.6107,1.6113,1.00,1.00
2010.09.23 04:15:16.660,1.61065,1.6113,1.00,1.00
2010.09.23 04:15:17.618,1.61065,1.6112,1.00,1.00
2010.09.23 04:15:17.957,1.61065,1.61125,1.00,1.00
2010.09.23 04:15:18.296,1.61065,1.61125,1.00,1.00
2010.09.23 04:15:21.337,1.6106,1.61115,1.00,1.00
2010.09.23 04:15:21.776,1.6106,1.6112,1.00,1.00
2010.09.23 04:15:38.710,1.6106,1.61115,1.00,1.00
2010.09.23 04:15:39.479,1.61065,1.61125,1.00,1.00
2010.09.23 04:15:40.155,1.61065,1.6112,1.00,1.00
2010.09.23 04:16:02.479,1.6106,1.6112,1.00,1.00
2010.09.23 04:16:03.608,1.6106,1.61115,1.00,1.00
2010.09.23 04:16:06.875,1.6106,1.6111,1.00,1.00
2010.09.23 04:16:06.898,1.6106,1.6111,1.00,1.00
2010.09.23 04:16:06.975,1.6106,1.61115,1.00,1.00
2010.09.23 04:16:07.111,1.6106,1.61115,1.00,1.00
2010.09.23 04:16:09.510,1.6106,1.6113,1.00,1.00
2010.09.23 04:16:09.587,1.6106,1.6113,1.20,1.00
2010.09.23 04:16:10.173,1.61065,1.61135,1.00,1.00
2010.09.23 04:16:11.484,1.61065,1.6113,1.00,1.00
2010.09.23 04:16:14.748,1.61065,1.61125,1.00,1.00
2010.09.23 04:16:15.057,1.61065,1.6113,1.00,1.00
2010.09.23 04:16:30.457,1.61065,1.61125,1.00,1.00
2010.09.23 04:16:32.546,1.61065,1.6113,1.00,1.00
2010.09.23 04:16:37.597,1.61065,1.61135,1.00,1.00
2010.09.23 04:16:37.767,1.6106,1.61135,1.20,1.00
2010.09.23 04:16:38.334,1.6106,1.6113,1.20,1.00
2010.09.23 04:16:38.674,1.61065,1.61135,1.00,1.00
2010.09.23 04:16:39.017,1.61065,1.6114,1.00,2.00
2010.09.23 04:16:39.356,1.6107,1.61135,1.00,1.00
2010.09.23 04:16:39.697,1.61065,1.61135,1.00,1.00
2010.09.23 04:16:40.995,1.61065,1.6113,1.00,1.00
2010.09.23 04:16:41.081,1.6107,1.6113,1.00,1.00
2010.09.23 04:16:41.248,1.6107,1.6113,1.00,1.00
2010.09.23 04:16:42.617,1.6107,1.61135,1.00,1.00
2010.09.23 04:16:44.527,1.6107,1.6113,1.00,1.00
2010.09.23 04:16:44.667,1.61075,1.6114,1.00,2.10
2010.09.23 04:16:44.947,1.6108,1.6114,1.00,1.00
2010.09.23 04:16:45.507,1.6108,1.61135,1.00,1.00
2010.09.23 04:16:45.651,1.61065,1.61135,1.00,1.00
2010.09.23 04:16:45.778,1.6107,1.61135,1.00,1.00
2010.09.23 04:16:46.026,1.6107,1.61135,1.00,1.00
2010.09.23 04:16:46.146,1.61075,1.61135,1.00,1.00
2010.09.23 04:16:47.510,1.61075,1.6113,1.00,1.00
2010.09.23 04:16:48.258,1.61075,1.61135,1.00,1.00
2010.09.23 04:16:48.967,1.61075,1.6113,1.00,1.00
2010.09.23 04:16:51.169,1.61075,1.61135,1.00,1.00
2010.09.23 04:16:52.578,1.61075,1.6113,1.00,1.00
2010.09.23 04:16:55.259,1.61075,1.61135,1.00,1.00
2010.09.23 04:16:57.004,1.61075,1.6113,1.00,1.00
2010.09.23 04:17:00.836,1.61075,1.61135,1.00,1.00
2010.09.23 04:17:02.352,1.61075,1.6113,1.00,1.00
2010.09.23 04:17:02.547,1.61075,1.61135,1.00,1.00
2010.09.23 04:17:04.131,1.61075,1.6113,1.00,1.00
2010.09.23 04:17:04.277,1.61075,1.61135,1.00,1.00
2010.09.23 04:17:05.688,1.61075,1.6113,1.00,1.00
2010.09.23 04:17:06.762,1.61075,1.61135,1.00,1.00
2010.09.23 04:17:07.453,1.61075,1.6113,1.00,1.00
2010.09.23 04:17:07.658,1.61075,1.61135,1.00,1.00
2010.09.23 04:17:08.518,1.61075,1.6113,1.00,1.00
2010.09.23 04:17:11.146,1.61075,1.61135,1.00,1.00
2010.09.23 04:17:11.565,1.61075,1.6113,1.00,1.00
2010.09.23 04:17:12.125,1.61075,1.61135,1.00,1.00
2010.09.23 04:17:13.575,1.61075,1.6113,1.00,1.00
2010.09.23 04:17:15.393,1.61075,1.61135,1.00,1.00
2010.09.23 04:17:17.080,1.61075,1.6113,1.00,1.00
2010.09.23 04:17:17.734,1.6107,1.6113,1.30,1.00
2010.09.23 04:17:18.036,1.6107,1.6113,1.00,1.00
2010.09.23 04:17:18.650,1.6107,1.6113,1.00,1.00
2010.09.23 04:17:18.816,1.6107,1.61135,1.00,1.00
2010.09.23 04:17:20.487,1.6107,1.6113,1.00,1.00
2010.09.23 04:17:21.216,1.6107,1.61135,1.00,1.00
2010.09.23 04:17:21.846,1.6107,1.61135,1.00,1.00
2010.09.23 04:17:24.041,1.6107,1.6113,1.00,1.00
2010.09.23 04:17:26.806,1.6107,1.61135,1.00,1.00
2010.09.23 04:17:28.458,1.6107,1.6113,1.00,1.00
2010.09.23 04:17:31.059,1.6107,1.61135,1.00,1.00
2010.09.23 04:17:31.227,1.6106,1.61125,1.00,1.00
2010.09.23 04:17:31.399,1.6106,1.6112,1.00,1.00
2010.09.23 04:17:31.657,1.6107,1.6113,1.00,1.00
2010.09.23 04:17:32.497,1.6107,1.6113,1.00,1.00
2010.09.23 04:17:32.936,1.6107,1.61135,1.00,1.00
2010.09.23 04:17:33.087,1.6107,1.61135,1.00,1.00
2010.09.23 04:17:33.237,1.61075,1.61135,1.00,1.00
2010.09.23 04:17:34.502,1.6108,1.61135,1.00,1.00
2010.09.23 04:17:35.622,1.6108,1.61135,1.00,1.00
2010.09.23 04:17:36.247,1.61085,1.6114,1.00,1.00
2010.09.23 04:17:37.521,1.61085,1.61135,1.00,1.00
2010.09.23 04:17:38.398,1.61075,1.61135,1.00,1.00
2010.09.23 04:17:38.558,1.61075,1.61135,1.00,1.70
2010.09.23 04:17:38.719,1.61075,1.6113,1.00,1.00
2010.09.23 04:17:38.971,1.6107,1.61125,1.00,1.00
2010.09.23 04:17:39.098,1.61065,1.61125,1.00,1.00
2010.09.23 04:17:39.722,1.6106,1.61125,1.00,1.00
2010.09.23 04:17:40.397,1.6106,1.61125,1.00,1.00
2010.09.23 04:17:40.739,1.6106,1.6113,1.00,1.00
2010.09.23 04:17:41.537,1.6106,1.61125,1.00,1.00
2010.09.23 04:17:42.594,1.6106,1.6113,1.00,1.00
2010.09.23 04:17:43.308,1.61065,1.6112,1.00,1.00
2010.09.23 04:17:43.427,1.61065,1.6112,1.00,1.00
2010.09.23 04:17:43.582,1.61065,1.61125,1.00,1.00
2010.09.23 04:17:44.526,1.61065,1.6112,1.00,1.00
2010.09.23 04:17:44.647,1.61065,1.6113,1.00,1.00
2010.09.23 04:17:44.767,1.61065,1.6113,2.10,1.00
2010.09.23 04:17:45.283,1.61075,1.6113,1.00,1.00
2010.09.23 04:17:45.599,1.61065,1.6113,1.00,1.00
2010.09.23 04:17:45.918,1.61065,1.61125,1.00,1.00
2010.09.23 04:17:46.626,1.6107,1.61125,1.00,1.00
2010.09.23 04:17:47.425,1.6107,1.6112,1.00,1.00
2010.09.23 04:18:13.089,1.61065,1.61115,1.00,1.00
2010.09.23 04:18:13.249,1.6107,1.6112,1.00,1.00
2010.09.23 04:18:16.802,1.61065,1.6112,1.00,1.00
2010.09.23 04:18:17.511,1.61065,1.61115,1.00,1.00
2010.09.23 04:18:18.672,1.61065,1.61115,1.00,1.00
2010.09.23 04:18:18.780,1.6107,1.6112,1.00,1.00
2010.09.23 04:18:23.420,1.61065,1.6111,1.00,1.00
2010.09.23 04:18:25.958,1.6107,1.6112,1.00,1.00
2010.09.23 04:18:39.909,1.61065,1.6111,1.00,1.00
2010.09.23 04:18:39.990,1.61065,1.6111,1.00,1.00
2010.09.23 04:18:50.370,1.61065,1.6111,1.00,1.00
2010.09.23 04:18:50.540,1.61055,1.6111,1.20,1.00
2010.09.23 04:18:50.709,1.61055,1.6111,1.00,1.00
2010.09.23 04:18:50.928,1.61055,1.61105,1.00,1.00
2010.09.23 04:18:51.148,1.61045,1.61105,1.00,1.00
2010.09.23 04:18:52.577,1.61045,1.61105,1.00,1.00
2010.09.23 04:18:53.001,1.61045,1.611,1.00,1.00
2010.09.23 04:18:56.264,1.61045,1.611,1.00,1.00
2010.09.23 04:18:56.396,1.61045,1.611,1.00,1.00
2010.09.23 04:18:57.349,1.61045,1.611,1.00,1.00
2010.09.23 04:19:00.618,1.61045,1.61105,1.00,1.00
2010.09.23 04:19:02.081,1.6105,1.6111,1.00,1.00
2010.09.23 04:19:02.237,1.61045,1.61105,1.00,1.00
2010.09.23 04:19:03.414,1.61045,1.611,1.00,1.00
2010.09.23 04:19:07.682,1.61045,1.611,1.00,1.00
2010.09.23 04:19:13.126,1.6104,1.611,1.00,1.00
2010.09.23 04:19:28.896,1.61035,1.611,1.00,1.00
2010.09.23 04:19:29.638,1.61045,1.6111,1.00,1.00
2010.09.23 04:19:29.951,1.6104,1.611,1.00,1.00
2010.09.23 04:19:31.154,1.6104,1.61095,1.00,1.00
2010.09.23 04:19:32.529,1.6104,1.61095,1.00,1.00
2010.09.23 04:19:33.463,1.6104,1.611,1.00,1.00
2010.09.23 04:19:45.619,1.6105,1.6111,1.00,1.00
2010.09.23 04:19:45.836,1.6105,1.6111,1.00,1.00
2010.09.23 04:19:52.643,1.6105,1.61105,1.00,1.00
2010.09.23 04:19:58.410,1.6104,1.611,1.00,1.00
2010.09.23 04:20:19.250,1.6104,1.61105,1.00,1.00
2010.09.23 04:20:19.365,1.6104,1.61105,2.00,1.00
2010.09.23 04:20:19.388,1.61045,1.61105,1.00,1.00
2010.09.23 04:20:19.594,1.61045,1.61105,1.00,1.00
2010.09.23 04:20:20.512,1.61045,1.61105,1.00,1.00
2010.09.23 04:20:21.048,1.61045,1.6111,1.00,1.00
2010.09.23 04:20:21.589,1.61045,1.611,1.00,1.00
2010.09.23 04:20:22.528,1.61045,1.61105,1.00,1.00
2010.09.23 04:20:23.551,1.61045,1.61105,1.00,1.00
2010.09.23 04:20:24.292,1.61045,1.61105,1.00,1.00
2010.09.23 04:20:24.879,1.61045,1.61105,1.00,1.00
2010.09.23 04:20:25.479,1.61045,1.61105,1.00,1.00
2010.09.23 04:20:37.497,1.61045,1.6111,1.00,1.00
2010.09.23 04:20:38.089,1.61045,1.61105,1.00,1.00
2010.09.23 04:20:41.528,1.61045,1.611,1.00,1.00
2010.09.23 04:20:42.874,1.61045,1.611,1.00,1.00
2010.09.23 04:20:42.912,1.6104,1.61105,1.00,1.00
2010.09.23 04:20:44.828,1.6104,1.61095,1.00,1.00
2010.09.23 04:20:45.502,1.6104,1.611,1.00,1.00
2010.09.23 04:20:48.929,1.6104,1.611,1.00,1.00
2010.09.23 04:20:49.298,1.61045,1.61105,1.00,1.00
2010.09.23 04:20:50.540,1.61045,1.611,1.00,1.00
2010.09.23 04:20:50.821,1.61045,1.611,1.00,1.60
2010.09.23 04:20:51.594,1.61045,1.61105,1.00,1.00
2010.09.23 04:20:51.921,1.61045,1.611,1.00,1.60
2010.09.23 04:20:53.581,1.61045,1.61095,1.00,1.00
2010.09.23 04:20:56.078,1.6104,1.611,1.00,1.60
2010.09.23 04:20:56.378,1.6104,1.611,1.00,1.00
2010.09.23 04:20:57.549,1.61045,1.611,1.00,1.00
2010.09.23 04:20:58.257,1.61045,1.61105,1.00,1.00
2010.09.23 04:20:58.407,1.61045,1.611,1.00,1.60
2010.09.23 04:20:59.777,1.61045,1.611,1.00,1.70
2010.09.23 04:21:00.479,1.61045,1.61095,1.00,1.00
2010.09.23 04:21:11.820,1.61045,1.611,1.00,1.60
2010.09.23 04:21:12.059,1.61045,1.611,1.00,1.60
2010.09.23 04:21:12.189,1.61045,1.611,1.00,1.00
2010.09.23 04:21:15.019,1.61045,1.61105,1.00,1.00
2010.09.23 04:21:15.137,1.61045,1.611,1.00,1.60
2010.09.23 04:21:15.247,1.61045,1.611,1.00,1.60
2010.09.23 04:21:16.446,1.61045,1.61095,1.00,1.00
2010.09.23 04:21:21.727,1.6104,1.611,1.00,1.70
2010.09.23 04:21:21.788,1.6104,1.611,1.00,1.00
2010.09.23 04:21:23.087,1.61035,1.611,1.00,1.00
2010.09.23 04:21:23.408,1.6104,1.61105,1.00,1.00
2010.09.23 04:21:24.647,1.6104,1.611,1.00,1.00
2010.09.23 04:21:25.500,1.61045,1.611,1.00,1.00
2010.09.23 04:21:26.839,1.61035,1.611,1.60,1.00
2010.09.23 04:21:26.978,1.6104,1.611,1.00,1.00
2010.09.23 04:21:27.248,1.61045,1.61105,1.00,1.00
2010.09.23 04:21:28.739,1.61045,1.61105,1.00,1.00
2010.09.23 04:21:29.519,1.61045,1.61105,1.00,1.00
2010.09.23 04:21:29.641,1.6104,1.611,1.00,1.00
2010.09.23 04:21:29.948,1.6104,1.611,1.00,1.00
2010.09.23 04:21:30.248,1.61045,1.61105,1.00,1.00
2010.09.23 04:21:31.200,1.61045,1.611,1.00,1.00
2010.09.23 04:21:32.555,1.61045,1.611,1.00,1.00
2010.09.23 04:21:36.108,1.6104,1.61095,1.00,1.00
2010.09.23 04:21:36.819,1.61045,1.611,1.00,1.00
2010.09.23 04:21:41.389,1.61035,1.61095,1.00,1.00
2010.09.23 04:21:41.466,1.61035,1.61095,1.00,1.00
2010.09.23 04:21:41.618,1.61035,1.61095,1.00,1.00
2010.09.23 04:21:42.237,1.61035,1.611,1.00,1.00
2010.09.23 04:21:43.108,1.6104,1.611,1.00,1.00
2010.09.23 04:21:44.180,1.6104,1.61095,1.00,1.00
2010.09.23 04:21:45.536,1.6104,1.611,1.00,1.00
2010.09.23 04:21:46.522,1.6104,1.611,1.00,1.00
2010.09.23 04:21:47.229,1.61045,1.6111,1.70,1.00
2010.09.23 04:21:47.348,1.61045,1.6111,3.20,1.00
2010.09.23 04:21:47.468,1.6105,1.6111,1.00,1.00
2010.09.23 04:21:47.577,1.6105,1.61115,1.00,1.00
2010.09.23 04:21:48.389,1.6105,1.6111,1.00,1.00
2010.09.23 04:21:48.518,1.6105,1.61105,1.00,1.00
2010.09.23 04:21:49.568,1.6105,1.61105,1.00,1.00
2010.09.23 04:21:50.018,1.61055,1.61115,1.00,1.00
2010.09.23 04:21:50.406,1.61055,1.61115,2.80,1.00
2010.09.23 04:21:50.537,1.61065,1.61115,1.00,1.00
2010.09.23 04:21:51.914,1.61065,1.61115,1.00,1.00
2010.09.23 04:21:53.825,1.61065,1.61115,1.00,1.00
2010.09.23 04:21:54.819,1.61065,1.6112,1.00,1.00
2010.09.23 04:21:54.948,1.61065,1.6112,1.00,1.00
2010.09.23 04:21:56.533,1.61065,1.6112,1.00,1.00
2010.09.23 04:21:57.520,1.6107,1.6112,1.00,1.00
2010.09.23 04:21:58.400,1.6107,1.6113,1.00,1.00
2010.09.23 04:21:58.608,1.61085,1.6113,1.00,1.00
2010.09.23 04:21:59.217,1.61085,1.6113,1.00,1.60
2010.09.23 04:21:59.390,1.61075,1.61125,1.00,1.00
2010.09.23 04:22:00.079,1.61075,1.61125,1.00,1.00
2010.09.23 04:22:01.660,1.61075,1.6112,1.00,1.00
2010.09.23 04:22:04.909,1.61075,1.61115,1.00,1.00
2010.09.23 04:22:05.031,1.61075,1.61115,1.00,1.00
2010.09.23 04:22:12.957,1.61065,1.61115,1.00,1.00
2010.09.23 04:22:29.220,1.6106,1.6112,1.00,1.00
2010.09.23 04:22:30.588,1.6106,1.6112,1.00,1.00
2010.09.23 04:22:32.003,1.61065,1.61125,1.00,1.70
2010.09.23 04:22:33.489,1.61065,1.6112,1.00,1.00
2010.09.23 04:22:39.257,1.6106,1.6112,1.00,1.00
2010.09.23 04:22:39.497,1.61065,1.6112,1.00,1.00
2010.09.23 04:22:40.512,1.61065,1.6112,1.00,1.00
2010.09.23 04:22:43.058,1.61065,1.6113,1.00,1.00
2010.09.23 04:22:44.007,1.61065,1.61125,1.00,1.00
2010.09.23 04:22:44.470,1.6107,1.6113,1.00,1.00
2010.09.23 04:22:44.818,1.61075,1.61135,1.00,1.00
2010.09.23 04:22:45.458,1.6107,1.61135,1.00,1.00
2010.09.23 04:22:46.391,1.61075,1.61135,1.00,1.00
2010.09.23 04:22:47.550,1.61075,1.61135,1.00,1.00
2010.09.23 04:22:49.946,1.6108,1.61135,1.00,1.00
2010.09.23 04:23:11.997,1.61075,1.61135,2.00,1.00
2010.09.23 04:23:12.593,1.6108,1.61135,1.00,1.00
2010.09.23 04:23:12.658,1.61085,1.61145,1.00,1.00
2010.09.23 04:23:13.470,1.61085,1.61145,1.00,1.00
2010.09.23 04:23:14.018,1.6108,1.6114,1.00,1.00
2010.09.23 04:23:14.117,1.6108,1.6114,3.60,1.00
2010.09.23 04:23:14.218,1.6109,1.6115,1.00,1.00
2010.09.23 04:23:14.375,1.6109,1.6115,1.00,1.00
2010.09.23 04:23:15.527,1.6109,1.6115,1.00,1.00
2010.09.23 04:23:15.829,1.6109,1.6115,1.00,1.00
2010.09.23 04:23:16.058,1.61095,1.6115,1.00,1.00
2010.09.23 04:23:16.548,1.6109,1.6115,1.00,1.00
2010.09.23 04:23:19.667,1.61095,1.6115,1.00,1.00
2010.09.23 04:23:21.191,1.611,1.6116,1.00,1.00
2010.09.23 04:23:21.291,1.61105,1.61165,1.00,1.00
2010.09.23 04:23:22.314,1.61105,1.61165,1.00,1.00
2010.09.23 04:23:22.899,1.61105,1.6117,1.00,1.00
2010.09.23 04:23:23.788,1.61105,1.6117,1.30,1.00
2010.09.23 04:23:23.937,1.6111,1.6117,1.00,1.00
2010.09.23 04:23:25.539,1.61105,1.61165,1.30,1.00
2010.09.23 04:23:27.519,1.6111,1.61165,1.00,1.00
2010.09.23 04:23:32.726,1.61105,1.6116,1.00,1.00
2010.09.23 04:23:33.425,1.6111,1.61165,1.00,1.00
2010.09.23 04:23:53.969,1.61105,1.61165,1.00,1.00
2010.09.23 04:23:55.509,1.61105,1.6116,1.00,1.00
2010.09.23 04:23:56.389,1.61105,1.61165,1.00,1.00
2010.09.23 04:23:56.627,1.61115,1.6117,1.00,1.00
2010.09.23 04:23:56.687,1.61115,1.6117,1.00,1.00
2010.09.23 04:23:57.311,1.61105,1.61175,1.00,1.00
2010.09.23 04:23:57.790,1.61105,1.6117,1.00,1.00
2010.09.23 04:23:58.468,1.6111,1.6117,1.00,1.00
2010.09.23 04:23:58.827,1.6111,1.6117,1.00,1.00
2010.09.23 04:24:00.570,1.6111,1.6117,1.00,1.00
2010.09.23 04:24:01.597,1.61105,1.61165,4.00,1.00
2010.09.23 04:24:02.178,1.6111,1.61165,1.60,1.00
2010.09.23 04:24:02.328,1.61115,1.61165,1.00,1.00
2010.09.23 04:24:02.530,1.61115,1.61165,1.00,1.00
2010.09.23 04:24:05.985,1.61115,1.61165,1.00,1.00
2010.09.23 04:24:08.360,1.61115,1.6117,1.00,1.00
2010.09.23 04:24:11.539,1.61115,1.61165,1.00,1.00
2010.09.23 04:24:20.107,1.6111,1.61165,1.00,1.00
2010.09.23 04:24:29.641,1.61115,1.6117,1.00,1.00
2010.09.23 04:24:31.465,1.61105,1.6116,1.00,1.00
2010.09.23 04:24:32.707,1.6111,1.61165,1.00,1.00
2010.09.23 04:24:36.068,1.61105,1.6116,1.00,1.00
2010.09.23 04:24:36.510,1.6111,1.61165,1.00,1.00
2010.09.23 04:24:37.455,1.6111,1.61165,1.00,1.00
2010.09.23 04:24:38.351,1.61105,1.6116,1.00,1.00
2010.09.23 04:24:38.533,1.6111,1.61165,1.00,1.00
2010.09.23 04:24:38.618,1.61105,1.6116,1.00,1.00
2010.09.23 04:24:38.811,1.6111,1.61165,1.00,1.00
2010.09.23 04:24:39.429,1.61105,1.6116,1.00,1.00
2010.09.23 04:24:39.767,1.6111,1.61165,1.00,1.00
2010.09.23 04:24:42.984,1.6111,1.61165,1.00,1.00
2010.09.23 04:24:43.139,1.6111,1.6116,1.00,1.00
2010.09.23 04:24:44.468,1.6111,1.61155,1.00,1.00
2010.09.23 04:24:45.018,1.6111,1.6116,1.00,1.00
2010.09.23 04:24:45.660,1.6111,1.61155,1.00,1.00
2010.09.23 04:24:48.953,1.6111,1.61165,1.00,1.00
2010.09.23 04:24:49.129,1.6112,1.61165,1.00,1.00
2010.09.23 04:24:49.218,1.6112,1.6117,1.00,1.00
2010.09.23 04:24:49.398,1.6112,1.61165,1.00,1.00
2010.09.23 04:24:49.487,1.6112,1.6117,1.00,1.00
2010.09.23 04:24:49.988,1.6112,1.61165,1.00,1.00
2010.09.23 04:24:50.707,1.61105,1.61165,1.00,1.00
2010.09.23 04:24:51.468,1.61105,1.61165,1.00,1.00
2010.09.23 04:24:52.088,1.61105,1.6116,1.00,1.00
2010.09.23 04:24:54.190,1.61105,1.61155,1.00,1.00
2010.09.23 04:24:54.852,1.61105,1.6115,1.00,1.00
2010.09.23 04:24:55.477,1.61105,1.61155,1.00,1.00
2010.09.23 04:24:58.958,1.6111,1.61165,1.00,1.00
2010.09.23 04:25:16.100,1.6111,1.6116,1.00,1.00
2010.09.23 04:25:16.214,1.6111,1.61165,1.00,1.00
2010.09.23 04:25:16.461,1.6111,1.6116,1.00,1.00
2010.09.23 04:25:16.753,1.6111,1.61165,1.00,1.00
2010.09.23 04:25:17.580,1.6111,1.6116,1.00,1.00
2010.09.23 04:25:17.908,1.6111,1.61155,1.00,1.00
2010.09.23 04:25:19.118,1.6111,1.61165,1.00,1.00
2010.09.23 04:25:20.203,1.6111,1.61155,1.00,1.00
2010.09.23 04:25:22.520,1.6111,1.61155,1.00,1.00
2010.09.23 04:25:24.332,1.6111,1.6116,1.00,1.00
2010.09.23 04:25:31.374,1.6111,1.61155,1.00,1.00
2010.09.23 04:25:56.997,1.6111,1.61165,1.00,1.00
2010.09.23 04:26:21.712,1.6111,1.6116,1.00,1.00
2010.09.23 04:26:21.859,1.6111,1.61165,1.00,1.00
2010.09.23 04:26:23.217,1.61105,1.61165,1.00,1.00
2010.09.23 04:26:23.551,1.61105,1.6116,1.00,1.00
2010.09.23 04:26:24.540,1.61105,1.61155,1.00,1.00
2010.09.23 04:26:36.268,1.6111,1.6116,1.00,1.00
2010.09.23 04:26:39.837,1.61105,1.61155,1.00,1.00
2010.09.23 04:27:09.414,1.61105,1.6116,1.00,1.00
2010.09.23 04:27:09.606,1.61115,1.6116,1.00,1.00
2010.09.23 04:27:10.148,1.6112,1.6116,1.00,1.00
2010.09.23 04:27:10.609,1.6112,1.6116,1.00,1.00
2010.09.23 04:27:11.609,1.6112,1.6116,1.00,1.00
2010.09.23 04:27:20.269,1.6112,1.6116,1.00,1.00
2010.09.23 04:27:20.329,1.6111,1.6116,1.20,1.00
2010.09.23 04:27:20.388,1.6111,1.6116,1.00,1.00
2010.09.23 04:27:21.365,1.6111,1.61155,1.00,1.00
2010.09.23 04:27:21.716,1.61095,1.6115,1.00,1.00
2010.09.23 04:27:22.548,1.61095,1.6115,1.00,1.00
2010.09.23 04:27:23.488,1.61095,1.61145,1.00,1.00
2010.09.23 04:27:24.390,1.61095,1.6115,1.00,1.00
2010.09.23 04:27:24.548,1.61095,1.6115,1.00,1.00
2010.09.23 04:27:24.709,1.61095,1.61145,1.00,1.00
2010.09.23 04:27:25.038,1.61095,1.6115,1.00,1.00
2010.09.23 04:27:25.737,1.61095,1.61145,3.50,1.00
2010.09.23 04:27:26.159,1.611,1.6115,3.10,1.00
2010.09.23 04:27:31.288,1.61105,1.6115,1.00,1.00
2010.09.23 04:27:37.617,1.61105,1.61155,1.00,1.00
2010.09.23 04:27:38.962,1.61105,1.61165,1.00,1.00
2010.09.23 04:27:39.567,1.61105,1.6116,1.00,1.00
2010.09.23 04:27:39.757,1.6111,1.61165,1.00,1.00
2010.09.23 04:27:45.780,1.6111,1.61165,1.00,1.00
2010.09.23 04:27:50.108,1.6111,1.6116,1.00,1.00
2010.09.23 04:27:51.109,1.6111,1.61165,1.00,1.00
2010.09.23 04:27:54.070,1.6111,1.6116,1.00,1.00
2010.09.23 04:27:55.698,1.6111,1.61165,1.00,1.00
2010.09.23 04:27:56.533,1.6111,1.6116,1.00,1.00
2010.09.23 04:27:57.514,1.6111,1.61165,1.00,1.00
2010.09.23 04:27:57.722,1.61115,1.6117,1.00,1.00
2010.09.23 04:27:58.739,1.6111,1.61165,1.00,1.00
2010.09.23 04:28:03.269,1.61115,1.6117,1.00,1.00
2010.09.23 04:28:04.182,1.6111,1.6117,1.00,1.00
2010.09.23 04:28:04.458,1.6111,1.6117,1.00,1.00
2010.09.23 04:28:05.003,1.6111,1.6117,1.00,1.60
2010.09.23 04:28:05.139,1.611,1.61165,1.00,1.00
2010.09.23 04:28:05.439,1.611,1.6116,1.00,1.00
2010.09.23 04:28:05.579,1.61095,1.6116,1.00,1.00
2010.09.23 04:28:06.529,1.61095,1.61155,1.00,1.00
2010.09.23 04:28:07.480,1.61095,1.61155,1.00,1.00
2010.09.23 04:28:08.168,1.61095,1.6116,1.00,1.00
2010.09.23 04:28:08.298,1.61095,1.6116,1.00,1.00
2010.09.23 04:28:09.847,1.611,1.61155,1.00,1.00
2010.09.23 04:28:10.347,1.61095,1.61155,1.00,1.00
2010.09.23 04:28:10.677,1.611,1.6116,1.00,1.00
2010.09.23 04:28:12.539,1.61095,1.6115,1.00,1.00
2010.09.23 04:28:12.666,1.61095,1.61155,1.00,1.00
2010.09.23 04:28:14.531,1.611,1.61155,1.00,1.00
2010.09.23 04:28:20.160,1.6111,1.6116,1.00,1.00
2010.09.23 04:28:20.299,1.6111,1.6117,1.00,1.00
2010.09.23 04:28:20.438,1.6111,1.6117,1.00,1.00
2010.09.23 04:28:21.974,1.6111,1.6117,1.00,1.00
2010.09.23 04:28:22.490,1.6111,1.6117,1.00,1.00
2010.09.23 04:28:22.939,1.6111,1.61165,1.00,1.00
2010.09.23 04:28:23.158,1.6111,1.61175,1.00,1.70
2010.09.23 04:28:23.298,1.6111,1.6117,1.00,1.60
2010.09.23 04:28:23.952,1.61105,1.61165,1.00,1.00
2010.09.23 04:28:24.121,1.61105,1.6116,1.00,1.00
2010.09.23 04:28:25.799,1.61105,1.61155,1.00,1.00
2010.09.23 04:28:26.207,1.61105,1.6116,1.00,1.00
2010.09.23 04:28:26.377,1.61105,1.6116,1.00,1.60
2010.09.23 04:28:26.547,1.611,1.6116,1.00,2.00
2010.09.23 04:28:26.717,1.61095,1.61155,1.00,1.00
2010.09.23 04:28:28.504,1.6109,1.6115,1.00,1.00
2010.09.23 04:28:29.611,1.61095,1.61155,1.00,1.00
2010.09.23 04:28:32.198,1.61095,1.6115,1.00,1.00
2010.09.23 04:28:38.470,1.6109,1.6115,1.00,1.00
2010.09.23 04:28:39.519,1.61095,1.61145,1.00,1.00
2010.09.23 04:28:44.647,1.61095,1.6115,1.00,1.00
2010.09.23 04:28:46.619,1.61095,1.61155,1.00,1.00
2010.09.23 04:28:48.919,1.611,1.6116,1.00,1.00
2010.09.23 04:28:49.529,1.611,1.61155,1.00,1.00
2010.09.23 04:28:50.182,1.61105,1.61155,1.00,1.00
2010.09.23 04:28:54.421,1.61105,1.6116,1.00,1.00
2010.09.23 04:28:55.138,1.61105,1.6116,1.00,1.00
2010.09.23 04:28:55.597,1.6111,1.6116,1.00,1.00
2010.09.23 04:28:56.512,1.61105,1.6116,1.00,1.00
2010.09.23 04:28:56.859,1.61105,1.61155,1.00,1.00
2010.09.23 04:29:01.509,1.61105,1.6116,2.00,1.00
2010.09.23 04:29:01.658,1.611,1.6116,1.00,1.00
2010.09.23 04:29:01.937,1.611,1.61155,1.00,1.00
2010.09.23 04:29:03.540,1.611,1.6116,1.00,1.00
2010.09.23 04:29:05.485,1.611,1.61155,1.00,1.00
2010.09.23 04:29:06.125,1.61105,1.61155,1.00,1.00
2010.09.23 04:30:08.921,1.61105,1.6116,1.00,1.00
2010.09.23 04:30:09.127,1.61105,1.6116,1.00,1.00
2010.09.23 04:30:09.828,1.61115,1.6116,1.00,1.00
2010.09.23 04:30:09.869,1.61115,1.6117,1.00,1.00
2010.09.23 04:30:10.080,1.61115,1.61175,3.50,1.00
2010.09.23 04:30:10.289,1.6112,1.61175,1.00,1.00
2010.09.23 04:30:10.500,1.61115,1.61175,1.00,1.00
2010.09.23 04:30:11.510,1.61115,1.6117,1.00,1.00
2010.09.23 04:30:42.422,1.6112,1.6117,1.00,1.00
2010.09.23 04:30:48.699,1.6112,1.6117,1.00,1.00
2010.09.23 04:30:49.009,1.6111,1.6117,1.00,1.00
2010.09.23 04:30:49.609,1.6111,1.6117,1.00,1.00
2010.09.23 04:30:50.199,1.6111,1.61165,1.00,1.00
2010.09.23 04:30:50.299,1.61105,1.6116,5.50,1.00
2010.09.23 04:30:50.399,1.61105,1.6116,1.60,2.10
2010.09.23 04:30:51.062,1.61105,1.6116,1.60,1.00
2010.09.23 04:30:51.401,1.61095,1.6116,1.00,1.00
2010.09.23 04:30:51.742,1.61095,1.6115,1.00,1.00
2010.09.23 04:30:51.900,1.6109,1.6115,1.00,1.00
2010.09.23 04:30:52.916,1.6109,1.61155,1.00,1.00
2010.09.23 04:30:53.144,1.61095,1.61155,1.00,1.00
2010.09.23 04:30:53.370,1.61095,1.61155,1.00,1.00
2010.09.23 04:30:53.590,1.61095,1.6115,1.00,1.00
2010.09.23 04:30:54.631,1.61095,1.6115,1.00,1.00
2010.09.23 04:30:55.289,1.61095,1.6115,1.00,1.00
2010.09.23 04:30:56.491,1.61095,1.6115,1.00,1.00
2010.09.23 04:30:58.510,1.61095,1.61145,1.00,1.00
2010.09.23 04:31:02.949,1.61095,1.6115,1.00,1.00
2010.09.23 04:31:04.059,1.61095,1.6115,1.00,1.60
2010.09.23 04:31:05.473,1.61085,1.61145,1.00,1.00
2010.09.23 04:31:06.036,1.61085,1.61145,1.00,1.00
2010.09.23 04:31:06.383,1.61075,1.6113,1.00,2.00
2010.09.23 04:31:08.231,1.61075,1.61125,1.00,1.60
2010.09.23 04:31:08.553,1.61075,1.61125,1.00,1.60
2010.09.23 04:31:15.247,1.61075,1.61125,1.00,1.60
2010.09.23 04:31:15.803,1.61075,1.61125,1.00,1.60
2010.09.23 04:31:16.002,1.6108,1.6113,1.00,1.00
2010.09.23 04:31:18.049,1.61085,1.6113,1.00,1.00
2010.09.23 04:31:18.148,1.61085,1.6115,1.00,4.50
2010.09.23 04:31:18.408,1.61085,1.6115,1.00,3.70
2010.09.23 04:31:18.840,1.6109,1.61145,1.00,1.00
2010.09.23 04:31:20.503,1.61085,1.61145,1.00,1.00
2010.09.23 04:31:22.194,1.61085,1.6114,1.00,1.00
2010.09.23 04:31:33.841,1.6108,1.61135,1.00,1.60
2010.09.23 04:31:34.534,1.61075,1.61135,1.00,1.60
2010.09.23 04:31:37.898,1.61075,1.6113,1.00,1.00
2010.09.23 04:31:41.600,1.6108,1.6113,1.00,1.00
2010.09.23 04:31:44.602,1.61075,1.6113,1.00,1.00
2010.09.23 04:31:44.924,1.61085,1.61135,1.00,1.60
2010.09.23 04:31:44.996,1.61085,1.61135,1.00,1.60
2010.09.23 04:31:45.534,1.61075,1.6113,1.00,1.00
2010.09.23 04:31:47.188,1.61085,1.61135,1.00,1.60
2010.09.23 04:31:47.888,1.61075,1.6113,1.00,1.00
2010.09.23 04:31:48.011,1.61085,1.61135,1.00,1.60
2010.09.23 04:31:50.450,1.61085,1.61135,1.00,1.60
2010.09.23 04:31:50.661,1.6108,1.61135,1.00,1.60
2010.09.23 04:31:51.648,1.61085,1.61135,1.00,1.60
2010.09.23 04:31:54.934,1.6108,1.61135,1.00,1.70
2010.09.23 04:31:56.792,1.61075,1.6113,1.00,1.00
2010.09.23 04:32:00.586,1.6108,1.6113,1.00,1.00
2010.09.23 04:32:04.622,1.6109,1.6114,1.00,1.00
2010.09.23 04:32:10.152,1.6109,1.6114,1.00,1.00
2010.09.23 04:32:11.159,1.6108,1.6113,1.00,1.00
2010.09.23 04:32:11.897,1.6109,1.6114,1.00,1.00
2010.09.23 04:32:12.162,1.6108,1.6113,1.00,1.00
2010.09.23 04:32:16.622,1.6109,1.6114,1.00,1.00
2010.09.23 04:32:23.691,1.61085,1.61135,1.00,1.00
2010.09.23 04:32:24.584,1.6109,1.6114,1.00,1.00
2010.09.23 04:32:34.669,1.61085,1.61135,1.00,1.00
2010.09.23 04:32:35.005,1.6109,1.6114,1.00,1.00
2010.09.23 04:32:45.479,1.6108,1.6113,1.00,1.00
2010.09.23 04:32:46.184,1.6109,1.6114,1.00,1.00
2010.09.23 04:32:55.491,1.6108,1.6113,1.00,1.00
2010.09.23 04:33:02.141,1.6107,1.61125,1.00,1.00
2010.09.23 04:33:03.051,1.6108,1.61135,1.00,2.10
2010.09.23 04:33:06.550,1.6108,1.6113,1.00,1.00
2010.09.23 04:33:12.931,1.61075,1.61125,1.00,1.00
2010.09.23 04:33:33.129,1.61075,1.61135,1.00,2.00
2010.09.23 04:33:33.179,1.61075,1.61135,1.60,1.00
2010.09.23 04:33:33.689,1.6108,1.61135,1.00,1.00
2010.09.23 04:33:33.715,1.6108,1.61135,1.00,1.00
2010.09.23 04:33:34.629,1.6108,1.61135,1.00,1.00
2010.09.23 04:33:35.399,1.6108,1.6114,1.00,1.00
2010.09.23 04:33:35.578,1.6108,1.61135,1.00,1.00
2010.09.23 04:33:36.840,1.6108,1.61135,1.00,1.00
2010.09.23 04:33:38.550,1.61085,1.61135,1.00,1.00
2010.09.23 04:33:59.172,1.61095,1.61145,1.00,1.00
2010.09.23 04:34:17.651,1.61085,1.61135,1.00,1.00
2010.09.23 04:34:21.620,1.61095,1.61145,1.00,1.00
2010.09.23 04:34:27.417,1.61085,1.61135,1.00,1.00
2010.09.23 04:34:33.665,1.6109,1.6114,1.00,1.00
2010.09.23 04:34:35.710,1.61085,1.61135,1.00,1.00
2010.09.23 04:34:51.719,1.6109,1.6114,1.00,1.00
2010.09.23 04:34:52.718,1.61095,1.61145,1.00,1.00
2010.09.23 04:34:53.112,1.61085,1.61135,1.00,1.00
2010.09.23 04:34:53.873,1.6109,1.6114,1.00,1.00
2010.09.23 04:34:55.853,1.61095,1.6115,1.00,1.00
2010.09.23 04:34:58.604,1.61105,1.61155,1.00,1.00
2010.09.23 04:34:58.924,1.6111,1.61155,1.00,1.00
2010.09.23 04:34:59.242,1.61105,1.61155,1.00,1.00
2010.09.23 04:35:00.122,1.6109,1.61155,1.00,1.00
2010.09.23 04:35:00.473,1.61095,1.61155,1.00,1.00
2010.09.23 04:35:01.680,1.6109,1.61155,1.00,1.00
2010.09.23 04:35:02.523,1.6109,1.6115,1.00,1.00
2010.09.23 04:35:03.202,1.6109,1.6115,1.00,1.00
2010.09.23 04:35:03.589,1.61095,1.61145,1.00,1.00
2010.09.23 04:35:03.908,1.61105,1.61155,1.00,1.00
2010.09.23 04:35:04.930,1.61105,1.6116,1.00,2.10
2010.09.23 04:35:06.229,1.61105,1.6116,1.00,2.00
2010.09.23 04:35:06.538,1.61095,1.6115,1.00,1.00
2010.09.23 04:35:06.848,1.61105,1.61155,1.00,1.00
2010.09.23 04:35:07.751,1.611,1.6115,1.00,1.00
2010.09.23 04:35:23.535,1.6111,1.61155,1.00,1.00
2010.09.23 04:35:26.073,1.611,1.6115,1.00,1.00
2010.09.23 04:35:29.369,1.61105,1.61155,1.00,1.00
2010.09.23 04:35:31.780,1.611,1.6115,1.00,1.00
2010.09.23 04:35:45.902,1.6109,1.61145,1.00,1.00
2010.09.23 04:35:47.011,1.61095,1.6115,1.00,1.60
2010.09.23 04:35:49.530,1.61095,1.61145,1.00,1.00
2010.09.23 04:35:51.479,1.611,1.6115,1.00,1.70
2010.09.23 04:35:52.293,1.61105,1.6115,1.00,1.60
2010.09.23 04:35:53.268,1.61105,1.6115,1.00,2.00
2010.09.23 04:35:53.957,1.61105,1.6115,1.00,2.00
2010.09.23 04:35:55.766,1.611,1.6115,1.00,2.00
2010.09.23 04:35:55.905,1.611,1.6115,1.00,2.10
2010.09.23 04:36:08.040,1.61105,1.6115,1.00,2.00
2010.09.23 04:36:08.172,1.61105,1.6115,1.00,2.00
2010.09.23 04:36:13.132,1.611,1.6115,1.00,2.00
2010.09.23 04:36:16.800,1.61105,1.6115,1.00,2.00
2010.09.23 04:36:17.060,1.61095,1.61145,1.00,1.00
2010.09.23 04:36:23.289,1.611,1.6115,1.00,2.10
2010.09.23 04:36:24.331,1.61095,1.61145,1.00,1.00
2010.09.23 04:36:45.581,1.61095,1.6115,1.00,2.00
2010.09.23 04:36:46.210,1.6111,1.61175,1.00,1.00
2010.09.23 04:36:46.319,1.61115,1.61175,1.00,1.00
2010.09.23 04:36:46.419,1.61115,1.6118,1.00,1.00
2010.09.23 04:36:46.529,1.6112,1.61185,1.00,1.00
2010.09.23 04:36:47.392,1.6112,1.61185,1.00,1.00
2010.09.23 04:36:47.885,1.6112,1.61185,1.00,1.00
2010.09.23 04:36:48.129,1.6112,1.61185,1.00,1.00
2010.09.23 04:36:48.980,1.61125,1.61185,1.00,1.00
2010.09.23 04:36:48.996,1.6112,1.61185,1.00,1.00
2010.09.23 04:36:49.041,1.6112,1.61175,1.00,1.00
2010.09.23 04:36:50.528,1.6112,1.6118,1.00,1.00
2010.09.23 04:36:51.539,1.61125,1.6118,1.00,1.00
2010.09.23 04:36:54.339,1.61125,1.61175,1.00,1.00
2010.09.23 04:37:06.489,1.6113,1.6118,1.00,1.00
2010.09.23 04:37:08.621,1.6113,1.61185,1.00,1.00
2010.09.23 04:37:11.903,1.61135,1.61185,1.00,1.00
2010.09.23 04:37:16.500,1.6113,1.61185,1.00,1.00
2010.09.23 04:37:17.101,1.61135,1.61185,1.00,1.00
2010.09.23 04:37:20.795,1.6113,1.6118,1.00,1.00
2010.09.23 04:37:32.075,1.61135,1.61185,1.00,1.00
2010.09.23 04:37:38.475,1.6113,1.6118,1.00,1.00
2010.09.23 04:37:40.693,1.6114,1.6119,1.00,1.00
2010.09.23 04:37:47.079,1.61135,1.6119,1.00,1.00
2010.09.23 04:37:47.119,1.61145,1.61195,1.00,2.00
2010.09.23 04:37:47.159,1.61145,1.61195,1.00,1.00
2010.09.23 04:37:47.199,1.61145,1.612,1.00,1.00
2010.09.23 04:37:48.541,1.6114,1.61195,1.00,1.00
2010.09.23 04:37:49.963,1.6114,1.61195,1.00,1.00
2010.09.23 04:37:50.464,1.61145,1.61195,1.00,1.00
2010.09.23 04:37:52.869,1.61135,1.61195,1.00,1.00
2010.09.23 04:37:53.457,1.6114,1.61195,1.00,1.00
2010.09.23 04:37:54.521,1.6114,1.61195,1.00,1.00
2010.09.23 04:37:57.490,1.61145,1.61195,1.00,1.00
2010.09.23 04:37:59.772,1.6115,1.612,1.00,1.00
2010.09.23 04:38:00.566,1.61145,1.61195,1.00,1.00
2010.09.23 04:38:32.850,1.6115,1.612,1.00,1.00
2010.09.23 04:38:33.421,1.6115,1.612,1.00,1.00
2010.09.23 04:38:35.844,1.6115,1.61205,1.00,1.00
2010.09.23 04:38:36.110,1.61145,1.612,1.00,1.00
2010.09.23 04:38:36.860,1.61145,1.61195,1.00,1.00
2010.09.23 04:38:50.737,1.6114,1.61195,1.00,1.00
2010.09.23 04:38:54.481,1.6114,1.6119,1.00,1.00
2010.09.23 04:38:58.819,1.61135,1.6119,1.00,1.00
2010.09.23 04:38:59.500,1.6114,1.61195,1.00,1.00
2010.09.23 04:38:59.631,1.61145,1.61195,1.00,1.00
2010.09.23 04:38:59.893,1.6114,1.6119,1.00,1.00
2010.09.23 04:39:18.822,1.61145,1.612,1.00,1.00
2010.09.23 04:39:20.490,1.61145,1.61195,1.00,1.00
2010.09.23 04:39:36.327,1.6114,1.6119,1.00,1.00
2010.09.23 04:39:37.133,1.61135,1.61185,1.00,1.00
2010.09.23 04:39:37.160,1.6114,1.6119,1.00,1.00
2010.09.23 04:40:18.404,1.6114,1.61195,1.00,1.00
2010.09.23 04:40:18.668,1.6114,1.61195,1.00,2.10
2010.09.23 04:40:22.453,1.6114,1.6119,1.00,1.00
2010.09.23 04:40:25.647,1.61135,1.61185,1.00,1.00
2010.09.23 04:40:27.051,1.6113,1.6118,1.00,1.00
2010.09.23 04:40:27.210,1.61135,1.61185,1.00,1.00
2010.09.23 04:40:27.369,1.61135,1.61185,1.00,1.00
2010.09.23 04:40:27.689,1.6114,1.6119,1.00,1.00
2010.09.23 04:40:43.930,1.61145,1.61195,1.00,2.10
2010.09.23 04:40:43.960,1.61145,1.61195,1.00,2.00
2010.09.23 04:41:05.669,1.61145,1.61195,1.00,2.10
2010.09.23 04:41:11.500,1.61135,1.61185,1.00,1.00
2010.09.23 04:41:11.615,1.61145,1.61195,1.00,2.00
2010.09.23 04:41:26.711,1.6114,1.6119,1.00,1.00
2010.09.23 04:41:26.932,1.61145,1.61195,1.00,2.00
2010.09.23 04:41:27.116,1.61145,1.61195,1.00,1.00
2010.09.23 04:41:28.589,1.6115,1.61195,1.00,1.00
2010.09.23 04:41:33.040,1.6115,1.612,1.00,1.60
2010.09.23 04:41:42.478,1.61155,1.612,1.00,1.60
2010.09.23 04:41:42.771,1.6115,1.612,1.00,1.60
2010.09.23 04:42:08.819,1.61145,1.612,1.00,1.60
2010.09.23 04:42:08.849,1.61145,1.61205,1.00,2.00
2010.09.23 04:42:08.951,1.61145,1.61205,1.00,1.70
2010.09.23 04:42:09.049,1.6115,1.61205,1.00,1.00
2010.09.23 04:42:53.278,1.6115,1.61205,1.00,1.00
2010.09.23 04:43:00.946,1.61155,1.61205,1.00,1.00
2010.09.23 04:43:15.233,1.61145,1.612,1.00,1.00
2010.09.23 04:43:21.907,1.61155,1.61205,1.00,1.00
2010.09.23 04:43:27.504,1.6115,1.61205,1.00,1.00
2010.09.23 04:43:47.894,1.61145,1.61205,1.00,1.00
2010.09.23 04:43:48.030,1.6115,1.61205,1.00,1.00
2010.09.23 04:43:48.744,1.61145,1.612,1.00,1.60
2010.09.23 04:43:49.508,1.61145,1.612,1.00,1.70
2010.09.23 04:43:59.379,1.6115,1.612,1.00,1.60
2010.09.23 04:43:59.515,1.6115,1.612,1.00,1.60
2010.09.23 04:43:59.692,1.61145,1.612,1.00,1.70
2010.09.23 04:44:00.941,1.61145,1.612,1.00,1.60
2010.09.23 04:44:01.281,1.61145,1.612,1.00,1.70
2010.09.23 04:44:02.308,1.6115,1.612,1.00,1.60
2010.09.23 04:44:02.430,1.6115,1.612,1.00,1.60
2010.09.23 04:44:04.550,1.61145,1.612,1.00,1.70
2010.09.23 04:44:04.686,1.61145,1.612,1.00,1.60
2010.09.23 04:44:04.804,1.6115,1.612,1.00,1.60
2010.09.23 04:44:06.879,1.61145,1.612,1.00,1.70
2010.09.23 04:44:12.133,1.6114,1.61195,1.00,1.00
2010.09.23 04:44:12.714,1.61145,1.612,1.00,1.70
2010.09.23 04:44:13.996,1.6114,1.61195,1.00,1.00
2010.09.23 04:44:14.171,1.61145,1.612,1.00,1.70
2010.09.23 04:44:14.889,1.6114,1.61195,1.00,1.00
2010.09.23 04:44:16.195,1.6115,1.612,1.00,1.60
2010.09.23 04:44:16.962,1.61145,1.61195,1.00,1.00
2010.09.23 04:44:18.042,1.6114,1.6119,1.00,1.00
2010.09.23 04:44:20.260,1.61145,1.61195,1.00,1.00
2010.09.23 04:44:22.943,1.6115,1.612,1.00,1.60
2010.09.23 04:44:25.491,1.6115,1.61205,1.00,1.00
2010.09.23 04:44:25.629,1.61155,1.61205,1.00,1.00
2010.09.23 04:44:32.972,1.61145,1.612,1.00,1.00
2010.09.23 04:44:36.062,1.6114,1.61195,1.00,1.00
2010.09.23 04:44:37.390,1.61145,1.61195,1.00,1.00
2010.09.23 04:44:42.962,1.6115,1.612,1.00,1.00
2010.09.23 04:44:43.220,1.6115,1.61205,1.00,1.00
2010.09.23 04:44:43.470,1.6115,1.61205,1.00,1.00
2010.09.23 04:44:52.480,1.61155,1.61205,1.00,1.00
2010.09.23 04:44:53.910,1.6115,1.612,1.00,1.00
2010.09.23 04:44:55.785,1.61155,1.61205,1.00,1.00
2010.09.23 04:44:56.446,1.6115,1.612,1.00,1.00
2010.09.23 04:44:56.584,1.61155,1.61205,1.00,1.00
2010.09.23 04:44:58.088,1.6115,1.612,1.00,1.00
2010.09.23 04:44:58.223,1.61155,1.61205,1.00,1.00
2010.09.23 04:45:00.276,1.61145,1.61195,1.00,1.00
2010.09.23 04:45:01.131,1.61155,1.61205,1.00,1.00
2010.09.23 04:45:01.252,1.61155,1.61205,1.00,1.00
2010.09.23 04:45:02.226,1.6115,1.612,1.00,1.00
2010.09.23 04:45:04.881,1.61155,1.61205,1.00,1.00
2010.09.23 04:45:06.710,1.6115,1.612,1.00,1.00
2010.09.23 04:45:07.052,1.61155,1.61205,1.00,1.00
2010.09.23 04:45:07.901,1.6115,1.61205,1.00,1.00
2010.09.23 04:45:08.159,1.61155,1.61205,1.00,1.00
2010.09.23 04:45:08.750,1.6114,1.61195,1.00,1.00
2010.09.23 04:45:08.941,1.61155,1.61205,1.00,1.00
2010.09.23 04:45:11.152,1.61145,1.61195,1.00,1.00
2010.09.23 04:45:16.860,1.6114,1.61195,1.00,1.00
2010.09.23 04:45:17.510,1.61145,1.61195,1.00,1.00
2010.09.23 04:45:19.372,1.61155,1.61205,1.00,1.00
2010.09.23 04:45:23.670,1.61155,1.61205,1.00,1.00
2010.09.23 04:45:27.341,1.61155,1.6121,1.00,2.00
2010.09.23 04:45:27.539,1.6115,1.61205,1.00,1.00
2010.09.23 04:45:27.739,1.6116,1.6121,1.00,2.00
2010.09.23 04:45:28.290,1.6116,1.6121,1.00,2.10
2010.09.23 04:45:28.490,1.61155,1.61205,1.00,1.00
2010.09.23 04:45:29.529,1.6116,1.6121,1.00,2.00
2010.09.23 04:45:36.185,1.61165,1.6121,1.00,2.00
2010.09.23 04:45:42.373,1.6116,1.6121,1.00,2.00
2010.09.23 04:45:48.571,1.6115,1.6121,1.00,2.00
2010.09.23 04:45:48.764,1.61145,1.6119,1.00,1.00
2010.09.23 04:45:48.951,1.6115,1.6119,1.00,1.00
2010.09.23 04:45:49.141,1.6115,1.61205,1.00,1.00
2010.09.23 04:45:49.958,1.61155,1.61205,1.00,1.00
2010.09.23 04:45:50.520,1.61155,1.61205,1.00,1.00
2010.09.23 04:45:52.287,1.61155,1.61205,1.00,1.00
2010.09.23 04:45:52.649,1.6116,1.61205,1.00,1.00
2010.09.23 04:45:57.550,1.61165,1.61205,1.00,1.00
2010.09.23 04:45:57.920,1.61155,1.61205,1.00,1.00
2010.09.23 04:46:05.627,1.61155,1.61205,1.00,1.00
2010.09.23 04:46:07.660,1.61155,1.61205,1.00,1.00
2010.09.23 04:46:09.682,1.6115,1.612,1.00,1.00
2010.09.23 04:46:09.916,1.6116,1.61205,1.00,1.00
2010.09.23 04:46:10.646,1.6115,1.612,1.00,1.00
2010.09.23 04:46:25.511,1.61145,1.612,1.00,1.00
2010.09.23 04:46:25.716,1.61145,1.612,1.00,1.00
2010.09.23 04:46:26.303,1.6115,1.61205,1.00,1.00
2010.09.23 04:46:26.352,1.61145,1.612,1.00,1.00
2010.09.23 04:46:27.317,1.61155,1.61205,1.00,1.00
2010.09.23 04:46:27.662,1.6116,1.61205,1.00,1.00
2010.09.23 04:46:31.782,1.6115,1.612,1.00,1.00
2010.09.23 04:46:42.066,1.61145,1.612,1.00,1.00
2010.09.23 04:46:42.241,1.61145,1.612,1.00,1.00
2010.09.23 04:46:42.399,1.61145,1.612,1.00,1.70
2010.09.23 04:46:43.013,1.61145,1.61195,1.00,1.00
2010.09.23 04:46:46.192,1.6114,1.61195,1.00,1.00
2010.09.23 04:46:46.417,1.6114,1.61195,1.00,1.70
2010.09.23 04:46:47.495,1.6114,1.6119,1.00,1.00
2010.09.23 04:46:47.650,1.6114,1.61195,1.00,1.60
2010.09.23 04:46:47.970,1.6114,1.612,1.00,1.00
2010.09.23 04:46:48.790,1.61145,1.612,1.00,1.00
2010.09.23 04:46:49.371,1.6115,1.612,1.00,1.00
2010.09.23 04:46:53.722,1.6115,1.61205,1.00,1.00
2010.09.23 04:46:54.720,1.61155,1.61205,1.00,1.00
2010.09.23 04:46:55.567,1.6116,1.61205,1.00,1.00
2010.09.23 04:46:58.240,1.61145,1.61205,1.00,1.00
2010.09.23 04:46:58.521,1.61145,1.61195,1.00,1.60
2010.09.23 04:46:59.160,1.61145,1.61205,1.00,1.00
2010.09.23 04:46:59.308,1.6114,1.612,1.00,1.00
2010.09.23 04:47:00.660,1.6114,1.612,1.00,1.00
2010.09.23 04:47:01.473,1.6114,1.61195,1.00,1.00
2010.09.23 04:47:05.233,1.61145,1.61205,1.00,1.00
2010.09.23 04:47:06.681,1.6115,1.61205,1.00,1.00
2010.09.23 04:47:07.504,1.61155,1.61205,1.00,1.00
2010.09.23 04:47:08.171,1.6116,1.61205,1.00,1.00
2010.09.23 04:47:10.731,1.6116,1.6121,1.00,1.00
2010.09.23 04:47:11.403,1.6116,1.6122,1.00,1.00
2010.09.23 04:47:11.731,1.6116,1.6122,1.00,1.00
2010.09.23 04:47:11.821,1.6116,1.61225,2.00,1.00
2010.09.23 04:47:12.322,1.6117,1.61225,1.00,1.00
2010.09.23 04:47:12.662,1.6117,1.61225,1.00,1.00
2010.09.23 04:47:13.002,1.61175,1.61235,1.00,1.00
2010.09.23 04:47:13.851,1.6118,1.6124,1.00,1.00
2010.09.23 04:47:14.171,1.61175,1.6124,1.00,1.60
2010.09.23 04:47:14.491,1.6117,1.6123,1.00,1.00
2010.09.23 04:47:15.334,1.6117,1.6122,1.00,1.00
2010.09.23 04:47:15.604,1.6117,1.6122,1.00,1.00
2010.09.23 04:47:23.379,1.61165,1.6122,1.00,1.00
2010.09.23 04:47:24.163,1.6117,1.61225,1.00,1.00
2010.09.23 04:47:26.670,1.61175,1.6123,1.00,1.00
2010.09.23 04:47:26.701,1.61175,1.6123,1.00,1.00
2010.09.23 04:47:29.345,1.61165,1.6122,1.00,1.00
2010.09.23 04:47:29.946,1.61165,1.6122,1.00,1.00
2010.09.23 04:47:32.582,1.6117,1.6122,1.00,1.00
2010.09.23 04:47:50.472,1.61165,1.61215,1.00,1.00
2010.09.23 04:47:56.387,1.61175,1.61225,1.00,1.00
2010.09.23 04:47:56.948,1.61165,1.61215,1.00,1.00
2010.09.23 04:47:57.045,1.61175,1.61225,1.00,1.00
2010.09.23 04:48:05.664,1.6117,1.61225,1.00,1.00
2010.09.23 04:48:07.434,1.61165,1.61225,1.00,1.00
2010.09.23 04:48:08.572,1.61165,1.6122,1.00,1.00
2010.09.23 04:48:12.652,1.6117,1.61225,1.00,1.00
2010.09.23 04:48:13.059,1.61165,1.6122,1.00,1.00
2010.09.23 04:48:16.588,1.6117,1.61225,1.00,1.00
2010.09.23 04:48:16.722,1.61165,1.61225,1.00,1.00
2010.09.23 04:48:18.453,1.6117,1.61225,1.00,1.00
2010.09.23 04:48:21.753,1.6118,1.61235,1.00,1.00
2010.09.23 04:48:26.782,1.6117,1.61225,1.00,1.00
2010.09.23 04:48:26.841,1.6118,1.61235,1.00,1.00
2010.09.23 04:48:29.635,1.6117,1.61225,1.00,1.00
2010.09.23 04:48:42.574,1.61175,1.61225,1.00,1.00
2010.09.23 04:49:32.942,1.61185,1.61235,1.00,1.00
2010.09.23 04:49:34.172,1.6118,1.61235,1.00,1.00
2010.09.23 04:49:37.521,1.6118,1.6124,1.00,2.00
2010.09.23 04:49:40.122,1.61185,1.6124,1.00,2.10
2010.09.23 04:49:50.452,1.6119,1.6124,1.00,2.10
2010.09.23 04:50:03.690,1.6119,1.61235,1.00,1.00
2010.09.23 04:50:08.011,1.61185,1.61235,1.00,1.00
2010.09.23 04:50:09.291,1.61185,1.61235,1.00,1.00
2010.09.23 04:50:10.669,1.6119,1.61235,1.00,1.00
2010.09.23 04:50:13.680,1.6119,1.6124,1.00,1.00
2010.09.23 04:50:17.123,1.61175,1.61235,1.00,1.60
2010.09.23 04:50:17.154,1.6118,1.61235,1.00,1.60
2010.09.23 04:50:17.427,1.6118,1.6124,1.00,1.00
2010.09.23 04:50:18.533,1.61185,1.6124,1.00,1.00
2010.09.23 04:50:19.523,1.6119,1.6124,1.00,1.00
2010.09.23 04:50:27.090,1.6118,1.61235,1.00,1.00
2010.09.23 04:50:28.037,1.6117,1.6123,1.00,1.00
2010.09.23 04:50:28.133,1.6117,1.6123,1.00,1.00
2010.09.23 04:50:29.551,1.61175,1.6123,1.00,1.00
2010.09.23 04:50:30.162,1.6117,1.61225,1.00,1.00
2010.09.23 04:50:30.432,1.6117,1.61235,1.00,1.00
2010.09.23 04:50:31.784,1.6117,1.6123,1.00,1.00
2010.09.23 04:50:34.767,1.6117,1.6123,1.00,1.00
2010.09.23 04:50:35.471,1.6117,1.61235,1.00,1.00
2010.09.23 04:50:38.476,1.61175,1.61235,1.00,1.00
2010.09.23 04:50:39.551,1.61175,1.61235,1.00,1.00
2010.09.23 04:50:43.390,1.61175,1.61235,1.00,1.00
2010.09.23 04:50:47.433,1.6117,1.6123,1.00,1.00
2010.09.23 04:50:47.957,1.6117,1.6123,1.00,1.70
2010.09.23 04:50:48.023,1.6117,1.6123,1.00,1.60
2010.09.23 04:50:48.440,1.61165,1.6123,1.00,1.70
2010.09.23 04:50:48.721,1.61165,1.61225,1.00,1.60
2010.09.23 04:50:50.552,1.61165,1.61225,1.00,1.70
2010.09.23 04:50:52.471,1.61165,1.61225,1.00,1.60
2010.09.23 04:50:53.366,1.61165,1.61225,1.00,1.60
2010.09.23 04:50:53.521,1.6116,1.61225,1.00,1.70
2010.09.23 04:50:55.986,1.6116,1.6122,1.00,1.00
2010.09.23 04:50:56.721,1.61165,1.6122,1.00,1.00
2010.09.23 04:50:56.853,1.61165,1.61225,1.00,1.70
2010.09.23 04:50:57.332,1.61165,1.61225,1.00,1.60
2010.09.23 04:51:12.131,1.6116,1.6122,1.00,1.00
2010.09.23 04:51:13.513,1.6116,1.61215,1.00,1.00
2010.09.23 04:51:14.697,1.61165,1.61215,1.00,1.60
2010.09.23 04:51:39.410,1.61155,1.6121,1.00,1.00
2010.09.23 04:51:41.878,1.6116,1.61215,1.00,1.70
2010.09.23 04:52:11.891,1.61155,1.6121,1.00,1.00
2010.09.23 04:52:12.254,1.6116,1.61215,1.00,1.60
2010.09.23 04:52:50.253,1.6115,1.61205,1.00,1.00
2010.09.23 04:52:50.500,1.6116,1.61215,1.00,1.70
2010.09.23 04:52:54.522,1.61155,1.6121,1.00,1.00
2010.09.23 04:52:54.689,1.61155,1.6121,1.00,1.00
2010.09.23 04:53:00.564,1.6116,1.61215,1.00,1.70
2010.09.23 04:53:01.750,1.61165,1.61215,1.00,1.60
2010.09.23 04:53:02.386,1.61155,1.6121,1.00,1.00
2010.09.23 04:53:04.310,1.6116,1.61215,1.00,1.70
2010.09.23 04:53:16.158,1.61155,1.6121,1.00,1.00
2010.09.23 04:53:16.289,1.61155,1.6121,1.00,1.00
2010.09.23 04:53:17.720,1.61155,1.61215,1.00,1.00
2010.09.23 04:53:19.419,1.6116,1.61215,1.00,1.00
2010.09.23 04:53:31.915,1.6116,1.6122,1.00,1.00
2010.09.23 04:53:32.107,1.6116,1.61215,1.00,1.60
2010.09.23 04:53:35.370,1.6116,1.61215,1.00,1.70
2010.09.23 04:53:36.652,1.6116,1.61215,1.00,1.60
2010.09.23 04:53:36.880,1.6116,1.61215,1.00,1.60
2010.09.23 04:53:55.793,1.61155,1.61215,1.00,1.70
2010.09.23 04:53:55.920,1.6116,1.61215,1.00,1.60
2010.09.23 04:53:56.502,1.6116,1.6122,1.00,1.00
2010.09.23 04:53:56.826,1.6116,1.61225,1.00,1.60
2010.09.23 04:53:57.653,1.6117,1.61225,1.00,1.60
2010.09.23 04:53:58.331,1.61175,1.61225,1.00,1.60
2010.09.23 04:53:59.603,1.6118,1.61225,1.00,1.60
2010.09.23 04:54:00.286,1.61175,1.61225,1.00,1.60
2010.09.23 04:54:00.423,1.6118,1.61225,1.00,1.60
2010.09.23 04:54:04.860,1.6118,1.6123,1.00,1.00
2010.09.23 04:54:05.912,1.61185,1.6123,1.00,1.00
2010.09.23 04:54:06.500,1.6118,1.6123,1.00,1.00
2010.09.23 04:54:07.280,1.6118,1.6123,1.00,1.00
2010.09.23 04:54:07.551,1.61185,1.6123,1.00,1.00
2010.09.23 04:54:08.936,1.61175,1.6123,1.00,1.00
2010.09.23 04:54:12.604,1.61175,1.6123,1.00,1.00
2010.09.23 04:54:16.261,1.61165,1.6122,1.00,1.00
2010.09.23 04:54:16.633,1.6117,1.61225,1.00,1.00
2010.09.23 04:54:17.290,1.6117,1.61235,1.00,1.00
2010.09.23 04:54:17.869,1.61175,1.61235,1.00,1.00
2010.09.23 04:54:18.162,1.61175,1.61235,1.00,1.00
2010.09.23 04:54:20.334,1.6117,1.6123,1.00,1.00
2010.09.23 04:54:20.542,1.61165,1.6123,1.00,1.00
2010.09.23 04:54:20.702,1.6117,1.6123,1.00,1.00
2010.09.23 04:54:22.212,1.6117,1.6123,1.00,1.00
2010.09.23 04:54:22.685,1.61175,1.6123,1.00,1.00
2010.09.23 04:54:23.881,1.6118,1.61235,1.00,1.00
2010.09.23 04:54:25.622,1.61185,1.6124,1.00,1.00
2010.09.23 04:54:27.033,1.61185,1.6125,1.00,1.00
2010.09.23 04:54:27.285,1.6119,1.61255,1.00,1.60
2010.09.23 04:54:27.781,1.61185,1.6125,1.00,1.00
2010.09.23 04:54:28.801,1.6119,1.6125,1.00,1.00
2010.09.23 04:54:29.293,1.61185,1.6125,1.00,1.00
2010.09.23 04:54:29.571,1.61185,1.6125,1.00,1.70
2010.09.23 04:54:29.967,1.61185,1.61245,1.00,1.00
2010.09.23 04:54:31.152,1.61185,1.61245,1.00,1.00
2010.09.23 04:54:31.361,1.6119,1.61245,1.00,1.00
2010.09.23 04:54:32.182,1.6119,1.6124,1.00,1.00
2010.09.23 04:54:33.182,1.61185,1.6124,1.00,1.00
2010.09.23 04:54:34.774,1.61185,1.61245,1.00,1.00
2010.09.23 04:54:35.923,1.6119,1.6125,1.00,1.00
2010.09.23 04:54:36.190,1.6119,1.6125,2.10,1.00
2010.09.23 04:54:36.791,1.6119,1.6125,1.00,1.00
2010.09.23 04:54:37.395,1.6119,1.6125,1.00,1.00
2010.09.23 04:54:37.564,1.6118,1.6124,2.00,1.00
2010.09.23 04:54:37.676,1.6118,1.6124,3.60,1.00
2010.09.23 04:54:38.512,1.61185,1.6124,1.00,1.00
2010.09.23 04:54:40.636,1.6119,1.6124,1.00,1.00
2010.09.23 04:54:42.425,1.612,1.6125,1.00,1.00
2010.09.23 04:54:42.752,1.61195,1.6125,1.00,1.00
2010.09.23 04:54:43.670,1.61195,1.6125,1.00,1.00
2010.09.23 04:54:44.203,1.61185,1.61245,2.00,1.00
2010.09.23 04:54:44.972,1.6119,1.6125,1.00,1.00
2010.09.23 04:54:45.839,1.61195,1.6125,1.00,1.00
2010.09.23 04:54:47.331,1.61185,1.6125,1.70,1.00
2010.09.23 04:54:47.363,1.61185,1.6125,2.10,1.00
2010.09.23 04:54:47.513,1.61185,1.6125,1.00,1.00
2010.09.23 04:54:48.132,1.61185,1.6125,1.00,1.00
2010.09.23 04:54:48.175,1.6119,1.6125,1.00,1.00
2010.09.23 04:54:48.742,1.61195,1.6125,1.00,1.00
2010.09.23 04:54:50.611,1.612,1.6125,1.00,1.00
2010.09.23 04:54:50.631,1.612,1.6125,1.00,1.00
2010.09.23 04:54:55.303,1.61185,1.61245,1.00,1.00
2010.09.23 04:54:55.694,1.6119,1.61245,1.00,1.00
2010.09.23 04:54:56.519,1.6119,1.6124,1.00,1.00
2010.09.23 04:54:59.692,1.61185,1.61235,1.00,1.00
2010.09.23 04:55:00.361,1.61185,1.61235,1.00,1.00
2010.09.23 04:55:00.820,1.6118,1.61235,1.00,1.00
2010.09.23 04:55:02.504,1.61185,1.6124,1.00,1.00
2010.09.23 04:55:02.710,1.6118,1.61235,1.00,1.00
2010.09.23 04:55:04.652,1.6118,1.6123,1.00,1.00
2010.09.23 04:55:10.540,1.61175,1.6123,1.00,1.00
2010.09.23 04:55:10.581,1.61175,1.6123,2.10,1.00
2010.09.23 04:55:12.501,1.61175,1.61235,2.00,1.00
2010.09.23 04:55:12.611,1.61175,1.61235,1.00,1.70
2010.09.23 04:55:12.721,1.61175,1.6123,1.00,1.00
2010.09.23 04:55:14.611,1.61175,1.6123,1.00,1.00
2010.09.23 04:55:15.701,1.61175,1.61225,1.00,1.00
2010.09.23 04:55:17.484,1.61175,1.61225,1.00,1.00
2010.09.23 04:55:19.944,1.6118,1.61235,1.00,1.00
2010.09.23 04:55:20.812,1.6118,1.61235,1.00,1.00
2010.09.23 04:55:21.915,1.6118,1.61225,1.00,1.00
2010.09.23 04:55:22.074,1.61185,1.61245,1.00,1.00
2010.09.23 04:55:22.414,1.61195,1.61255,1.50,1.00
2010.09.23 04:55:22.950,1.61195,1.6126,1.50,1.00
2010.09.23 04:55:23.293,1.61195,1.6126,1.00,1.00
2010.09.23 04:55:23.634,1.61195,1.6125,1.00,1.00
2010.09.23 04:55:23.972,1.61195,1.6125,1.00,1.00
2010.09.23 04:55:24.822,1.61195,1.6125,1.00,1.00
2010.09.23 04:55:25.151,1.61195,1.6125,1.00,1.00
2010.09.23 04:55:26.724,1.6119,1.6125,1.00,1.00
2010.09.23 04:55:27.553,1.6119,1.6125,1.00,1.00
2010.09.23 04:55:28.731,1.6119,1.61245,1.00,1.00
2010.09.23 04:55:30.463,1.6119,1.6124,1.00,1.00
2010.09.23 04:55:30.628,1.6119,1.61235,1.00,1.00
2010.09.23 04:55:30.991,1.6119,1.61235,1.00,1.00
2010.09.23 04:55:31.070,1.61185,1.61235,2.10,1.00
2010.09.23 04:55:31.142,1.61185,1.61235,1.00,1.00
2010.09.23 04:55:31.872,1.6119,1.6124,1.00,1.00
2010.09.23 04:55:32.112,1.61185,1.6124,1.00,1.00
2010.09.23 04:55:32.250,1.61185,1.6124,1.00,1.00
2010.09.23 04:55:32.971,1.61185,1.61245,1.00,1.00
2010.09.23 04:55:33.091,1.6119,1.61245,1.00,1.00
2010.09.23 04:55:33.210,1.6119,1.61245,1.00,1.00
2010.09.23 04:55:34.560,1.6119,1.6125,1.00,1.00
2010.09.23 04:55:37.971,1.61185,1.61245,2.10,1.00
2010.09.23 04:55:38.130,1.61185,1.61245,1.00,1.00
2010.09.23 04:55:38.210,1.61185,1.61245,1.00,1.00
2010.09.23 04:55:39.554,1.61185,1.6124,1.00,1.00
2010.09.23 04:55:40.676,1.61185,1.61235,1.00,1.00
2010.09.23 04:55:42.413,1.61195,1.61245,1.00,1.00
2010.09.23 04:55:42.646,1.6119,1.6124,1.00,1.00
2010.09.23 04:55:45.490,1.6119,1.6124,1.00,1.00
2010.09.23 04:55:47.590,1.6119,1.6125,1.00,1.00
2010.09.23 04:55:47.751,1.61195,1.6125,1.00,1.00
2010.09.23 04:55:47.911,1.612,1.6125,1.60,1.00
2010.09.23 04:55:48.071,1.61205,1.6125,1.00,1.00
2010.09.23 04:55:48.231,1.61205,1.6126,1.00,1.00
2010.09.23 04:55:48.866,1.6121,1.6126,1.00,1.00
2010.09.23 04:55:49.148,1.61205,1.61265,1.00,1.00
2010.09.23 04:55:49.673,1.61205,1.6126,1.00,1.00
2010.09.23 04:55:49.925,1.61205,1.6126,1.00,1.00
2010.09.23 04:55:50.661,1.61205,1.61255,1.00,1.00
2010.09.23 04:55:51.001,1.61205,1.6126,1.00,1.00
2010.09.23 04:55:51.171,1.61195,1.6126,1.00,1.00
2010.09.23 04:55:52.261,1.6119,1.61255,1.00,1.00
2010.09.23 04:55:52.601,1.61195,1.61255,2.00,1.00
2010.09.23 04:55:53.768,1.612,1.61255,1.00,1.00
2010.09.23 04:55:54.184,1.612,1.6125,1.00,1.00
2010.09.23 04:55:57.492,1.612,1.61245,1.00,1.00
2010.09.23 04:55:58.146,1.612,1.61255,1.00,1.00
2010.09.23 04:55:59.222,1.612,1.61255,1.00,1.00
2010.09.23 04:56:00.272,1.612,1.6125,1.00,1.00
2010.09.23 04:56:02.290,1.612,1.6125,1.00,1.00
2010.09.23 04:56:02.622,1.612,1.6126,1.00,1.00
2010.09.23 04:56:03.598,1.61195,1.6126,1.00,1.00
2010.09.23 04:56:03.920,1.61195,1.6126,1.00,1.00
2010.09.23 04:56:04.437,1.61195,1.61265,1.00,1.70
2010.09.23 04:56:05.541,1.612,1.61255,1.00,1.00
2010.09.23 04:56:07.220,1.61195,1.6126,1.00,1.00
2010.09.23 04:56:07.474,1.612,1.61255,1.00,1.00
2010.09.23 04:56:08.288,1.61195,1.61255,1.00,1.00
2010.09.23 04:56:09.993,1.612,1.6126,1.00,1.00
2010.09.23 04:56:12.961,1.61195,1.61255,1.00,1.00
2010.09.23 04:56:13.600,1.61195,1.61255,1.00,1.00
2010.09.23 04:56:14.594,1.612,1.6126,1.00,1.00
2010.09.23 04:56:15.061,1.61195,1.61255,2.00,1.00
2010.09.23 04:56:16.212,1.61195,1.6125,2.00,1.00
2010.09.23 04:56:18.362,1.61195,1.6125,2.00,1.00
2010.09.23 04:56:18.483,1.61195,1.61255,2.10,1.00
2010.09.23 04:56:19.407,1.61195,1.61255,2.00,1.00
2010.09.23 04:56:22.423,1.61195,1.61255,2.10,1.00
2010.09.23 04:56:23.394,1.61195,1.61255,2.00,1.00
2010.09.23 04:56:24.505,1.612,1.61255,1.00,1.00
2010.09.23 04:56:27.001,1.612,1.6126,1.00,1.00
2010.09.23 04:56:27.241,1.612,1.6126,1.00,1.00
2010.09.23 04:56:27.481,1.612,1.61265,1.00,1.70
2010.09.23 04:56:28.647,1.61195,1.6126,1.00,1.00
2010.09.23 04:56:30.720,1.612,1.61255,1.00,1.00
2010.09.23 04:56:31.488,1.61195,1.61255,1.00,1.00
2010.09.23 04:56:33.181,1.612,1.61255,1.00,1.00
2010.09.23 04:56:33.400,1.612,1.6126,1.00,1.00
2010.09.23 04:56:34.529,1.61205,1.6126,1.00,1.00
2010.09.23 04:56:35.299,1.612,1.61255,1.00,1.00
2010.09.23 04:56:36.517,1.612,1.6126,1.00,1.00
2010.09.23 04:56:38.643,1.61195,1.6125,1.00,1.00
2010.09.23 04:56:42.464,1.612,1.6126,1.00,1.00
2010.09.23 04:56:49.194,1.61195,1.61255,1.00,1.00
2010.09.23 04:56:52.833,1.612,1.6126,1.00,1.00
2010.09.23 04:56:55.482,1.61205,1.6126,1.00,1.00
2010.09.23 04:56:56.831,1.612,1.6126,1.00,1.00
2010.09.23 04:56:58.902,1.61195,1.61255,1.00,1.00
2010.09.23 04:56:59.071,1.61195,1.6125,1.00,1.00
2010.09.23 04:56:59.522,1.61195,1.61255,1.00,1.00
2010.09.23 04:56:59.822,1.6119,1.6125,1.00,1.00
2010.09.23 04:57:01.061,1.6119,1.6125,1.00,1.00
2010.09.23 04:57:01.361,1.6119,1.6125,1.00,1.00
2010.09.23 04:57:01.491,1.6119,1.61245,1.00,1.60
2010.09.23 04:57:01.751,1.61185,1.6124,1.00,1.00
2010.09.23 04:57:03.447,1.6119,1.61245,1.00,1.70
2010.09.23 04:57:04.531,1.6119,1.6124,1.00,1.00
2010.09.23 04:57:10.881,1.6119,1.61245,1.00,1.70
2010.09.23 04:57:11.493,1.61185,1.6124,1.00,1.00
2010.09.23 04:57:12.711,1.6119,1.6124,1.00,1.00
2010.09.23 04:57:29.563,1.6119,1.61245,1.00,1.00
2010.09.23 04:57:30.437,1.6119,1.6125,1.00,1.00
2010.09.23 04:57:30.722,1.6119,1.6125,1.00,1.00
2010.09.23 04:57:31.570,1.61195,1.6125,1.00,1.00
2010.09.23 04:57:34.481,1.61195,1.61255,1.00,1.00
2010.09.23 04:57:34.752,1.612,1.6126,1.00,1.00
2010.09.23 04:57:35.652,1.6121,1.61265,1.00,1.00
2010.09.23 04:57:35.992,1.61205,1.61265,1.00,1.00
2010.09.23 04:57:36.368,1.61205,1.61265,1.00,1.00
2010.09.23 04:57:37.562,1.61205,1.61265,1.00,1.00
2010.09.23 04:57:38.543,1.6121,1.61265,1.00,1.00
2010.09.23 04:57:42.336,1.6121,1.61275,1.00,1.00
2010.09.23 04:57:42.472,1.61215,1.61275,1.00,1.00
2010.09.23 04:57:42.772,1.61215,1.61275,1.00,1.00
2010.09.23 04:57:43.512,1.6121,1.6127,1.00,1.00
2010.09.23 04:57:43.991,1.6121,1.61265,1.00,1.00
2010.09.23 04:57:45.635,1.612,1.6126,1.00,1.00
2010.09.23 04:57:45.800,1.61195,1.61255,1.00,1.00
2010.09.23 04:57:46.469,1.61195,1.61255,1.00,1.00
2010.09.23 04:57:47.221,1.61195,1.61255,1.00,2.00
2010.09.23 04:57:47.414,1.6119,1.61255,1.00,2.30
2010.09.23 04:57:47.601,1.6119,1.6125,1.00,1.60
2010.09.23 04:57:47.792,1.61195,1.61255,1.00,2.20
2010.09.23 04:57:48.560,1.61195,1.6125,1.00,1.00
2010.09.23 04:57:49.306,1.61195,1.61255,1.00,2.20
2010.09.23 04:57:49.571,1.6119,1.61255,1.00,2.30
2010.09.23 04:57:49.701,1.6119,1.61255,1.00,1.00
2010.09.23 04:57:49.961,1.61185,1.6125,1.00,1.60
2010.09.23 04:57:50.362,1.61185,1.61245,1.00,1.60
2010.09.23 04:57:50.978,1.6118,1.61245,1.00,1.70
2010.09.23 04:57:51.253,1.61175,1.6124,1.00,1.00
2010.09.23 04:57:52.479,1.6118,1.61235,1.00,1.00
2010.09.23 04:57:57.750,1.61175,1.61235,1.00,1.00
2010.09.23 04:57:57.911,1.61175,1.6123,1.00,1.00
2010.09.23 04:57:58.024,1.61175,1.6123,1.00,1.00
2010.09.23 04:57:58.470,1.61165,1.6123,1.00,1.00
2010.09.23 04:57:59.539,1.61165,1.61225,1.00,1.00
2010.09.23 04:58:00.066,1.6117,1.61225,1.00,1.00
2010.09.23 04:58:00.673,1.61165,1.6122,1.00,1.00
2010.09.23 04:58:01.805,1.6117,1.61225,1.00,1.00
2010.09.23 04:58:02.542,1.6117,1.6122,1.00,1.00
2010.09.23 04:58:03.255,1.61165,1.61215,1.00,1.00
2010.09.23 04:58:03.409,1.61165,1.6122,1.00,1.00
2010.09.23 04:58:03.772,1.61175,1.61225,1.00,1.00
2010.09.23 04:58:04.467,1.61175,1.61215,1.00,2.00
2010.09.23 04:58:04.783,1.6117,1.61215,1.00,2.00
2010.09.23 04:58:05.120,1.61175,1.61215,1.00,2.00
2010.09.23 04:58:06.902,1.61165,1.61215,1.00,2.00
2010.09.23 04:58:07.111,1.61165,1.61215,1.00,2.10
2010.09.23 04:58:08.663,1.61165,1.61215,1.00,2.00
2010.09.23 04:58:08.881,1.61165,1.61215,1.00,1.00
2010.09.23 04:58:08.991,1.61165,1.6122,1.00,1.00
2010.09.23 04:58:10.533,1.6117,1.6122,1.00,1.00
2010.09.23 04:58:15.681,1.61175,1.6122,1.00,1.00
2010.09.23 04:58:17.984,1.6117,1.6122,1.00,1.00
2010.09.23 04:58:18.705,1.61175,1.6122,1.00,1.00
2010.09.23 04:58:20.720,1.6118,1.6122,1.00,1.00
2010.09.23 04:58:21.465,1.61175,1.6122,1.00,1.00
2010.09.23 04:58:23.659,1.61175,1.61225,1.00,1.00
2010.09.23 04:58:28.573,1.61175,1.61235,1.00,1.00
2010.09.23 04:58:29.503,1.6118,1.61235,1.00,1.00
2010.09.23 04:58:31.795,1.6118,1.6123,1.00,1.00
2010.09.23 04:58:31.880,1.6117,1.6123,1.00,1.00
2010.09.23 04:58:32.121,1.61165,1.6122,1.00,1.00
2010.09.23 04:58:32.201,1.6117,1.6122,1.00,1.00
2010.09.23 04:58:32.483,1.61175,1.6122,1.00,1.00
2010.09.23 04:58:33.133,1.61175,1.61235,1.00,2.00
2010.09.23 04:58:33.891,1.61175,1.6123,1.00,1.00
2010.09.23 04:58:35.598,1.61175,1.61225,1.00,1.00
2010.09.23 04:58:36.721,1.61165,1.61225,1.00,1.00
2010.09.23 04:58:36.821,1.61165,1.6122,1.00,1.00
2010.09.23 04:58:36.925,1.6117,1.6122,1.00,1.00
2010.09.23 04:58:37.801,1.61175,1.6122,1.00,1.00
2010.09.23 04:58:38.352,1.61175,1.6123,1.00,1.60
2010.09.23 04:58:38.420,1.61175,1.61235,1.00,1.00
2010.09.23 04:58:40.275,1.6118,1.61235,1.00,1.00
2010.09.23 04:58:40.461,1.6118,1.61235,1.00,1.00
2010.09.23 04:58:52.023,1.61175,1.61235,1.00,1.00
2010.09.23 04:58:52.661,1.6118,1.61235,1.00,1.00
2010.09.23 04:58:59.910,1.61175,1.6123,1.00,1.00
2010.09.23 04:59:00.739,1.6117,1.61225,1.00,1.00
2010.09.23 04:59:02.471,1.61175,1.6123,1.00,1.00
2010.09.23 04:59:02.583,1.6117,1.61225,1.00,1.00
2010.09.23 04:59:02.682,1.61175,1.6123,1.00,1.00
2010.09.23 04:59:03.851,1.6117,1.61225,1.00,1.00
2010.09.23 04:59:04.446,1.6118,1.61235,1.00,1.00
2010.09.23 04:59:05.571,1.61185,1.61235,1.00,1.00
2010.09.23 04:59:06.085,1.6118,1.61235,1.00,1.00
2010.09.23 04:59:07.426,1.61185,1.61235,1.00,1.00
2010.09.23 04:59:09.302,1.61175,1.61225,1.00,1.00
2010.09.23 04:59:09.923,1.61175,1.61235,1.70,1.00
2010.09.23 04:59:11.512,1.6118,1.61235,1.00,1.00
2010.09.23 04:59:12.178,1.61175,1.61235,1.70,1.00
2010.09.23 04:59:13.915,1.61175,1.61235,2.10,1.00
2010.09.23 04:59:15.706,1.6118,1.61235,1.00,1.00
2010.09.23 04:59:25.748,1.61175,1.61235,2.10,1.00
2010.09.23 04:59:26.207,1.61185,1.61245,1.00,1.00
