2010.09.06 14:00:00.049,1.59095,1.5914,1.00,1.00
2010.09.06 14:00:01.040,1.5908,1.5913,1.60,1.00
2010.09.06 14:00:01.718,1.5908,1.59135,2.40,1.00
2010.09.06 14:00:02.057,1.59085,1.59135,1.00,1.00
2010.09.06 14:00:02.397,1.5909,1.5913,1.00,1.00
2010.09.06 14:00:02.848,1.5909,1.59135,1.00,1.00
2010.09.06 14:00:03.767,1.5909,1.5913,1.00,1.00
2010.09.06 14:00:04.567,1.5909,1.59135,1.00,1.00
2010.09.06 14:00:04.837,1.5909,1.59135,1.00,1.00
2010.09.06 14:00:05.217,1.5909,1.5913,1.00,1.00
2010.09.06 14:00:05.486,1.5909,1.59135,1.00,1.00
2010.09.06 14:00:06.458,1.59095,1.59135,1.00,1.00
2010.09.06 14:00:07.217,1.59095,1.5914,1.00,1.00
2010.09.06 14:00:07.436,1.5909,1.5914,1.20,1.00
2010.09.06 14:00:07.747,1.5909,1.5914,1.70,1.00
2010.09.06 14:00:08.216,1.59095,1.5914,1.00,1.00
2010.09.06 14:00:09.207,1.5909,1.5914,1.00,1.00
2010.09.06 14:00:09.417,1.5909,1.5914,2.10,1.00
2010.09.06 14:00:09.627,1.5909,1.59135,2.00,1.00
2010.09.06 14:00:10.178,1.5909,1.5913,2.00,1.00
2010.09.06 14:00:10.414,1.59075,1.59125,1.00,1.00
2010.09.06 14:00:10.758,1.59065,1.5912,1.00,1.00
2010.09.06 14:00:11.098,1.59065,1.5912,1.00,1.00
2010.09.06 14:00:11.437,1.59065,1.5912,1.00,1.00
2010.09.06 14:00:12.116,1.59065,1.59115,1.00,1.00
2010.09.06 14:00:12.238,1.59065,1.59115,1.00,1.00
2010.09.06 14:00:12.368,1.59065,1.5912,1.00,1.00
2010.09.06 14:00:12.708,1.59065,1.59115,1.00,1.00
2010.09.06 14:00:14.439,1.59065,1.59115,1.00,1.00
2010.09.06 14:00:14.577,1.5907,1.5912,1.00,1.00
2010.09.06 14:00:14.708,1.5908,1.5912,1.00,1.00
2010.09.06 14:00:15.191,1.59065,1.59115,1.00,1.00
2010.09.06 14:00:15.429,1.59065,1.59115,1.00,1.00
2010.09.06 14:00:16.421,1.59065,1.5911,1.00,1.00
2010.09.06 14:00:16.759,1.5906,1.5911,1.60,1.00
2010.09.06 14:00:17.098,1.5906,1.5911,2.10,1.00
2010.09.06 14:00:17.607,1.5906,1.59105,2.10,1.00
2010.09.06 14:00:18.298,1.5906,1.5911,2.90,1.00
2010.09.06 14:00:18.690,1.59065,1.5911,1.00,1.00
2010.09.06 14:00:19.693,1.59065,1.59115,1.00,1.00
2010.09.06 14:00:21.364,1.59065,1.5911,1.00,1.00
2010.09.06 14:00:21.686,1.59065,1.59115,1.00,1.00
2010.09.06 14:00:21.947,1.59065,1.59115,1.00,1.00
2010.09.06 14:00:22.260,1.59065,1.59115,1.00,1.00
2010.09.06 14:00:22.399,1.59065,1.5911,1.00,1.00
2010.09.06 14:00:22.889,1.59075,1.59115,1.00,1.00
2010.09.06 14:00:24.540,1.59075,1.5911,1.00,1.00
2010.09.06 14:00:24.768,1.59075,1.59115,1.00,1.00
2010.09.06 14:00:25.888,1.59075,1.5911,1.00,1.00
2010.09.06 14:00:26.197,1.5906,1.5911,1.00,1.00
2010.09.06 14:00:26.897,1.5906,1.5911,1.00,1.00
2010.09.06 14:00:27.115,1.59055,1.5911,2.00,1.00
2010.09.06 14:00:27.238,1.59055,1.5911,1.00,1.00
2010.09.06 14:00:29.047,1.59055,1.59105,1.00,1.00
2010.09.06 14:00:29.237,1.5906,1.5911,1.00,1.00
2010.09.06 14:00:29.484,1.59055,1.59105,1.00,1.00
2010.09.06 14:00:29.681,1.59055,1.59105,1.00,1.00
2010.09.06 14:00:30.816,1.59055,1.59105,1.00,1.00
2010.09.06 14:00:31.157,1.59055,1.59105,1.00,1.00
2010.09.06 14:00:31.837,1.59055,1.59105,1.00,1.00
2010.09.06 14:00:31.947,1.59055,1.59105,1.80,1.00
2010.09.06 14:00:33.520,1.5906,1.59105,1.00,1.00
2010.09.06 14:00:36.147,1.59055,1.591,1.90,1.00
2010.09.06 14:00:36.281,1.5906,1.59105,1.00,1.00
2010.09.06 14:00:41.382,1.59055,1.59105,1.90,1.00
2010.09.06 14:00:45.508,1.59055,1.59105,1.00,1.00
2010.09.06 14:00:45.597,1.59055,1.59105,1.00,1.00
2010.09.06 14:00:46.638,1.59055,1.591,1.00,1.00
2010.09.06 14:00:49.579,1.59055,1.591,1.00,1.00
2010.09.06 14:00:50.916,1.5905,1.591,1.50,1.00
2010.09.06 14:00:52.629,1.59055,1.591,1.00,1.00
2010.09.06 14:00:54.499,1.5905,1.591,1.50,1.00
2010.09.06 14:00:56.167,1.5905,1.591,1.00,1.00
2010.09.06 14:00:56.510,1.5905,1.591,1.00,1.00
2010.09.06 14:00:57.188,1.5905,1.59095,1.00,1.00
2010.09.06 14:01:01.561,1.5905,1.591,1.00,1.00
2010.09.06 14:01:01.889,1.5905,1.59095,1.00,1.00
2010.09.06 14:01:04.967,1.5905,1.59095,1.00,1.00
2010.09.06 14:01:07.307,1.5905,1.59095,1.00,1.00
2010.09.06 14:01:07.426,1.5905,1.59095,1.00,1.00
2010.09.06 14:01:10.949,1.59055,1.59095,1.00,1.00
2010.09.06 14:01:12.459,1.59055,1.59095,1.00,1.00
2010.09.06 14:01:20.447,1.59045,1.59095,1.00,1.00
2010.09.06 14:01:20.807,1.5905,1.59095,1.00,1.00
2010.09.06 14:01:21.280,1.59045,1.59095,1.00,1.00
2010.09.06 14:01:25.246,1.5905,1.59095,1.00,1.00
2010.09.06 14:01:25.407,1.59045,1.59095,1.00,1.00
2010.09.06 14:01:25.486,1.59045,1.5909,1.00,1.00
2010.09.06 14:01:27.247,1.5905,1.5909,1.00,1.00
2010.09.06 14:01:27.362,1.59045,1.5909,1.00,1.00
2010.09.06 14:01:27.703,1.5905,1.5909,1.00,1.00
2010.09.06 14:01:27.998,1.59045,1.5909,1.00,1.00
2010.09.06 14:01:28.797,1.59045,1.5909,1.00,1.00
2010.09.06 14:01:31.038,1.5905,1.5909,1.00,1.00
2010.09.06 14:01:31.312,1.59045,1.5909,1.00,1.00
2010.09.06 14:01:32.193,1.5905,1.5909,1.00,1.00
2010.09.06 14:01:35.548,1.59055,1.5909,1.00,1.00
2010.09.06 14:01:35.729,1.5905,1.5909,1.00,1.00
2010.09.06 14:01:35.840,1.59055,1.5909,1.00,1.00
2010.09.06 14:01:38.258,1.5905,1.5909,1.00,1.00
2010.09.06 14:01:38.371,1.59055,1.5909,1.00,1.00
2010.09.06 14:01:38.850,1.5905,1.5909,1.00,1.00
2010.09.06 14:01:43.299,1.59055,1.5909,1.00,1.00
2010.09.06 14:01:43.630,1.5905,1.5909,1.00,1.00
2010.09.06 14:01:44.250,1.59055,1.5909,1.00,1.00
2010.09.06 14:01:44.369,1.5906,1.591,1.00,1.60
2010.09.06 14:01:44.558,1.5906,1.59115,1.00,1.00
2010.09.06 14:01:45.709,1.59065,1.59115,1.00,1.00
2010.09.06 14:01:46.044,1.59065,1.5912,1.00,1.00
2010.09.06 14:01:46.170,1.5906,1.5912,1.20,1.00
2010.09.06 14:01:46.838,1.5906,1.5912,1.00,1.00
2010.09.06 14:01:47.017,1.59065,1.5912,1.00,1.00
2010.09.06 14:01:47.187,1.59065,1.5912,1.00,1.00
2010.09.06 14:01:47.547,1.5907,1.5912,1.00,1.00
2010.09.06 14:01:47.717,1.5907,1.5912,1.00,1.00
2010.09.06 14:01:49.808,1.59065,1.5912,1.00,1.00
2010.09.06 14:01:50.107,1.5907,1.5912,1.00,1.00
2010.09.06 14:01:50.707,1.59075,1.5912,1.00,1.00
2010.09.06 14:01:51.007,1.5907,1.5912,1.00,1.00
2010.09.06 14:01:51.287,1.59075,1.5912,1.00,1.00
2010.09.06 14:01:52.248,1.5907,1.5912,1.00,1.00
2010.09.06 14:01:52.450,1.59075,1.5913,1.00,2.00
2010.09.06 14:01:52.648,1.59075,1.5912,1.00,1.00
2010.09.06 14:01:52.848,1.5907,1.5912,1.00,1.00
2010.09.06 14:01:53.364,1.5907,1.5912,1.00,1.00
2010.09.06 14:01:53.757,1.59075,1.5912,1.00,1.00
2010.09.06 14:01:53.908,1.5907,1.5912,1.00,1.00
2010.09.06 14:01:54.587,1.59075,1.5912,1.00,1.00
2010.09.06 14:01:56.457,1.5907,1.5912,1.00,1.00
2010.09.06 14:01:56.682,1.5907,1.5912,1.00,1.00
2010.09.06 14:01:56.827,1.5907,1.5912,1.00,1.00
2010.09.06 14:01:57.263,1.5907,1.5912,1.00,1.00
2010.09.06 14:01:58.291,1.5907,1.5912,1.00,1.00
2010.09.06 14:02:01.014,1.5907,1.59115,1.00,1.00
2010.09.06 14:02:01.067,1.59065,1.59115,1.00,1.00
2010.09.06 14:02:01.420,1.5907,1.59115,1.00,1.00
2010.09.06 14:02:01.968,1.59065,1.59115,1.00,1.00
2010.09.06 14:02:02.810,1.5907,1.59115,1.00,1.00
2010.09.06 14:02:03.519,1.5907,1.59115,1.00,1.00
2010.09.06 14:02:04.528,1.59065,1.59115,1.00,1.00
2010.09.06 14:02:04.888,1.59065,1.5912,1.00,1.00
2010.09.06 14:02:05.542,1.5907,1.5912,1.00,1.00
2010.09.06 14:02:06.982,1.59075,1.5912,1.00,1.00
2010.09.06 14:02:07.829,1.5907,1.5912,1.00,1.00
2010.09.06 14:02:08.469,1.5907,1.59115,1.00,1.00
2010.09.06 14:02:08.640,1.59065,1.59115,1.00,1.00
2010.09.06 14:02:08.778,1.5907,1.59115,1.00,1.60
2010.09.06 14:02:08.917,1.59065,1.59115,1.00,1.60
2010.09.06 14:02:09.590,1.5907,1.59115,1.00,1.60
2010.09.06 14:02:10.668,1.5907,1.59115,1.00,1.60
2010.09.06 14:02:10.871,1.5907,1.59115,1.00,1.60
2010.09.06 14:02:11.996,1.5907,1.59115,1.00,1.20
2010.09.06 14:02:12.289,1.5907,1.59115,1.00,1.60
2010.09.06 14:02:13.555,1.5907,1.59115,1.00,1.60
2010.09.06 14:02:13.737,1.5907,1.59115,1.00,1.60
2010.09.06 14:02:14.787,1.5907,1.59115,1.00,1.20
2010.09.06 14:02:14.987,1.59065,1.59115,1.00,1.30
2010.09.06 14:02:15.235,1.59065,1.59115,1.00,1.20
2010.09.06 14:02:15.600,1.5907,1.59115,1.00,1.20
2010.09.06 14:02:15.997,1.59065,1.59115,1.00,1.20
2010.09.06 14:02:17.618,1.5906,1.591,1.00,1.00
2010.09.06 14:02:18.498,1.59065,1.591,1.00,1.00
2010.09.06 14:02:18.928,1.59065,1.5911,1.00,1.00
2010.09.06 14:02:20.380,1.5907,1.5911,1.00,1.00
2010.09.06 14:02:21.334,1.5907,1.5911,1.00,1.00
2010.09.06 14:02:22.699,1.5907,1.5911,1.00,1.00
2010.09.06 14:02:24.569,1.59075,1.5911,1.00,1.00
2010.09.06 14:02:24.678,1.5907,1.5911,1.00,1.00
2010.09.06 14:02:24.798,1.59075,1.5911,1.00,1.00
2010.09.06 14:02:25.169,1.59075,1.5911,1.00,1.00
2010.09.06 14:02:31.312,1.5907,1.5911,1.00,1.00
2010.09.06 14:02:31.448,1.59075,1.5911,1.00,1.00
2010.09.06 14:02:32.390,1.5907,1.5911,1.00,1.00
2010.09.06 14:02:32.897,1.5907,1.5911,1.00,1.00
2010.09.06 14:02:33.651,1.59075,1.5911,1.00,1.00
2010.09.06 14:02:33.794,1.59075,1.5911,1.00,1.00
2010.09.06 14:02:34.015,1.5907,1.5911,1.00,1.00
2010.09.06 14:02:34.236,1.59075,1.5911,1.00,1.00
2010.09.06 14:02:34.377,1.5907,1.5911,1.00,1.00
2010.09.06 14:02:35.131,1.59075,1.5911,1.00,1.00
2010.09.06 14:02:35.523,1.5908,1.59115,1.00,1.00
2010.09.06 14:02:35.689,1.59085,1.59115,1.00,1.00
2010.09.06 14:02:35.858,1.5908,1.5912,1.00,1.00
2010.09.06 14:02:36.029,1.59085,1.5913,1.00,1.20
2010.09.06 14:02:36.246,1.59085,1.5913,1.00,1.00
2010.09.06 14:02:37.268,1.59085,1.5913,1.00,1.00
2010.09.06 14:02:37.650,1.59085,1.5913,1.00,1.00
2010.09.06 14:02:37.984,1.59085,1.5913,1.00,1.00
2010.09.06 14:02:40.939,1.5909,1.5913,1.00,1.00
2010.09.06 14:02:44.677,1.5908,1.5913,1.00,1.00
2010.09.06 14:02:44.777,1.5908,1.5913,1.00,1.00
2010.09.06 14:02:44.977,1.5908,1.5913,1.00,1.00
2010.09.06 14:02:45.194,1.5908,1.5913,1.00,1.00
2010.09.06 14:02:45.305,1.59075,1.5913,1.50,1.00
2010.09.06 14:02:45.670,1.59085,1.5913,1.00,1.00
2010.09.06 14:02:49.619,1.59085,1.5913,1.00,1.00
2010.09.06 14:02:49.697,1.59085,1.5913,1.00,1.00
2010.09.06 14:02:49.811,1.59085,1.5913,1.00,1.00
2010.09.06 14:02:50.252,1.5909,1.5913,1.00,1.00
2010.09.06 14:02:50.588,1.5909,1.5913,1.30,1.00
2010.09.06 14:02:50.759,1.5909,1.5913,1.50,1.00
2010.09.06 14:02:51.097,1.5909,1.5913,1.30,1.00
2010.09.06 14:02:51.358,1.59085,1.5913,1.00,1.00
2010.09.06 14:02:51.778,1.59085,1.5913,1.00,1.00
2010.09.06 14:02:54.798,1.5909,1.5913,1.00,1.00
2010.09.06 14:02:55.252,1.59085,1.5913,1.00,1.00
2010.09.06 14:02:55.377,1.59085,1.59135,1.00,1.00
2010.09.06 14:02:56.248,1.5909,1.59135,1.00,1.00
2010.09.06 14:02:56.487,1.59085,1.59135,1.00,1.00
2010.09.06 14:02:56.950,1.59085,1.59135,1.00,1.00
2010.09.06 14:02:57.261,1.59085,1.59135,1.00,1.00
2010.09.06 14:02:57.697,1.5909,1.59135,1.00,1.00
2010.09.06 14:02:57.888,1.59085,1.59135,1.00,1.00
2010.09.06 14:02:58.189,1.5909,1.59135,1.00,1.00
2010.09.06 14:02:58.482,1.59085,1.59135,1.00,1.00
2010.09.06 14:03:00.700,1.5909,1.59135,1.00,1.00
2010.09.06 14:03:07.320,1.59095,1.59135,1.00,1.00
2010.09.06 14:03:07.743,1.5909,1.59135,1.00,1.00
2010.09.06 14:03:10.228,1.59095,1.59135,1.00,1.00
2010.09.06 14:03:10.297,1.5909,1.59135,1.00,1.00
2010.09.06 14:03:10.607,1.5909,1.59135,1.00,1.00
2010.09.06 14:03:11.296,1.59095,1.59135,1.00,1.00
2010.09.06 14:03:11.413,1.5909,1.59135,1.00,1.00
2010.09.06 14:03:13.418,1.59095,1.59135,1.00,1.00
2010.09.06 14:03:15.444,1.59095,1.5914,1.00,1.00
2010.09.06 14:03:16.649,1.591,1.5914,1.00,1.00
2010.09.06 14:03:24.467,1.591,1.5914,1.00,1.00
2010.09.06 14:03:27.681,1.59095,1.5914,1.00,1.00
2010.09.06 14:03:28.660,1.591,1.5914,1.00,1.00
2010.09.06 14:03:28.999,1.5909,1.5914,1.00,1.00
2010.09.06 14:03:29.338,1.5909,1.5914,1.00,1.20
2010.09.06 14:03:29.679,1.5909,1.5914,1.00,1.20
2010.09.06 14:03:30.968,1.59095,1.5914,1.00,1.20
2010.09.06 14:03:32.108,1.59095,1.5914,1.00,1.20
2010.09.06 14:03:32.258,1.59095,1.5914,1.00,1.20
2010.09.06 14:03:32.409,1.59095,1.5914,1.00,1.00
2010.09.06 14:03:32.830,1.59095,1.5914,1.00,1.00
2010.09.06 14:03:32.977,1.59095,1.5914,1.00,1.00
2010.09.06 14:03:33.458,1.59095,1.5914,1.00,1.00
2010.09.06 14:03:37.539,1.59095,1.5914,1.00,1.00
2010.09.06 14:03:38.087,1.591,1.5914,1.00,1.00
2010.09.06 14:03:38.246,1.591,1.5914,1.30,1.00
2010.09.06 14:03:38.862,1.591,1.5914,1.50,1.00
2010.09.06 14:03:40.019,1.591,1.5914,1.40,1.00
2010.09.06 14:03:40.410,1.59105,1.5914,1.00,1.00
2010.09.06 14:03:40.667,1.591,1.5915,1.50,2.50
2010.09.06 14:03:40.917,1.591,1.5915,1.50,1.00
2010.09.06 14:03:41.310,1.59105,1.59155,1.00,1.20
2010.09.06 14:03:44.099,1.591,1.59155,1.50,1.30
2010.09.06 14:03:45.239,1.591,1.5915,1.50,1.00
2010.09.06 14:03:45.658,1.59105,1.5915,1.00,1.00
2010.09.06 14:03:47.182,1.5911,1.5915,1.00,1.00
2010.09.06 14:03:47.691,1.591,1.5915,1.70,1.00
2010.09.06 14:03:47.850,1.591,1.5915,1.00,1.00
2010.09.06 14:03:48.678,1.59095,1.5915,1.00,1.00
2010.09.06 14:03:48.987,1.59095,1.5915,1.00,2.90
2010.09.06 14:03:49.218,1.5909,1.5914,1.00,1.00
2010.09.06 14:03:50.250,1.59095,1.5914,1.00,1.00
2010.09.06 14:03:50.596,1.59095,1.5914,1.00,1.00
2010.09.06 14:03:50.731,1.591,1.5914,1.00,1.00
2010.09.06 14:03:50.997,1.591,1.5914,1.30,1.00
2010.09.06 14:03:52.237,1.591,1.5914,1.50,1.00
2010.09.06 14:03:52.332,1.59105,1.5914,1.00,1.00
2010.09.06 14:03:52.620,1.591,1.5914,3.00,1.00
2010.09.06 14:03:52.710,1.591,1.5914,2.30,1.00
2010.09.06 14:03:52.797,1.591,1.5914,1.00,1.00
2010.09.06 14:03:52.957,1.591,1.5914,1.00,1.00
2010.09.06 14:03:53.037,1.591,1.59155,1.50,1.20
2010.09.06 14:03:53.117,1.591,1.59155,1.30,1.20
2010.09.06 14:03:53.276,1.591,1.59155,1.30,1.00
2010.09.06 14:03:53.588,1.591,1.59155,1.40,1.00
2010.09.06 14:03:55.842,1.59105,1.59155,1.00,1.00
2010.09.06 14:03:57.501,1.5911,1.59155,1.00,1.00
2010.09.06 14:03:57.707,1.59105,1.59155,1.00,1.00
2010.09.06 14:04:00.798,1.5911,1.59155,1.00,1.00
2010.09.06 14:04:02.192,1.59115,1.59155,1.00,1.00
2010.09.06 14:04:03.610,1.5912,1.59155,1.00,1.00
2010.09.06 14:04:03.717,1.59115,1.59155,1.00,1.00
2010.09.06 14:04:05.579,1.59125,1.59155,1.00,1.00
2010.09.06 14:04:05.665,1.59125,1.59165,1.00,1.00
2010.09.06 14:04:05.709,1.59125,1.59165,1.00,1.00
2010.09.06 14:04:07.276,1.5913,1.59165,1.00,1.00
2010.09.06 14:04:07.617,1.5913,1.59165,1.00,1.00
2010.09.06 14:04:08.351,1.5913,1.59165,1.00,1.00
2010.09.06 14:04:08.968,1.59125,1.59165,1.00,1.00
2010.09.06 14:04:09.606,1.59125,1.59165,1.00,1.00
2010.09.06 14:04:10.069,1.59115,1.59165,1.00,1.00
2010.09.06 14:04:10.577,1.59115,1.59165,1.00,1.20
2010.09.06 14:04:11.379,1.5912,1.59165,1.00,1.20
2010.09.06 14:04:13.849,1.59125,1.59165,1.00,1.20
2010.09.06 14:04:14.396,1.59125,1.59165,1.00,1.00
2010.09.06 14:04:14.558,1.59125,1.59165,1.00,1.20
2010.09.06 14:04:16.148,1.59125,1.59165,1.00,1.20
2010.09.06 14:04:19.259,1.59125,1.59165,1.00,1.20
2010.09.06 14:04:19.575,1.59125,1.59165,1.00,1.20
2010.09.06 14:04:19.960,1.59125,1.59165,1.00,1.00
2010.09.06 14:04:22.644,1.5913,1.59165,1.00,1.00
2010.09.06 14:04:24.658,1.5913,1.59165,1.00,1.00
2010.09.06 14:04:40.689,1.5913,1.59165,1.00,1.00
2010.09.06 14:04:41.751,1.59135,1.59165,1.00,1.00
2010.09.06 14:04:44.801,1.59135,1.59165,1.00,1.00
2010.09.06 14:04:45.249,1.5914,1.59165,1.00,1.00
2010.09.06 14:04:45.739,1.59135,1.59175,1.00,1.00
2010.09.06 14:04:46.135,1.59135,1.5918,1.00,1.00
2010.09.06 14:04:46.718,1.59135,1.5918,1.00,1.00
2010.09.06 14:04:48.789,1.59135,1.5918,1.00,1.00
2010.09.06 14:04:49.628,1.59135,1.5918,1.00,1.00
2010.09.06 14:04:49.907,1.59135,1.5918,1.00,1.00
2010.09.06 14:04:53.109,1.59135,1.5918,1.00,1.00
2010.09.06 14:04:56.267,1.5913,1.5918,1.00,1.00
2010.09.06 14:04:56.356,1.5913,1.5918,1.00,1.00
2010.09.06 14:04:56.747,1.5913,1.5918,1.00,1.00
2010.09.06 14:04:56.918,1.5913,1.5918,1.00,1.00
2010.09.06 14:04:57.220,1.5913,1.59175,1.00,1.00
2010.09.06 14:04:57.439,1.5913,1.5918,1.00,1.20
2010.09.06 14:04:59.526,1.5913,1.5918,1.00,1.20
2010.09.06 14:05:01.616,1.5913,1.59175,1.00,1.00
2010.09.06 14:05:03.917,1.5913,1.59175,1.00,1.00
2010.09.06 14:05:03.978,1.59135,1.59175,1.00,1.00
2010.09.06 14:05:04.833,1.5913,1.59175,1.40,1.00
2010.09.06 14:05:05.172,1.5913,1.59175,1.30,1.00
2010.09.06 14:05:05.508,1.59125,1.59175,1.00,1.00
2010.09.06 14:05:06.188,1.5913,1.59175,1.00,1.00
2010.09.06 14:05:08.358,1.59125,1.59175,1.00,1.00
2010.09.06 14:05:08.889,1.59125,1.59175,1.00,1.00
2010.09.06 14:05:09.049,1.5913,1.59175,1.50,1.00
2010.09.06 14:05:10.560,1.5913,1.59175,1.00,1.00
2010.09.06 14:05:10.839,1.5913,1.59175,1.00,1.00
2010.09.06 14:05:11.118,1.5913,1.59175,1.00,1.00
2010.09.06 14:05:11.399,1.59125,1.59175,1.00,1.00
2010.09.06 14:05:12.650,1.59125,1.59175,1.00,1.00
2010.09.06 14:05:13.576,1.5913,1.59175,1.00,1.00
2010.09.06 14:05:14.016,1.59125,1.59175,1.00,1.00
2010.09.06 14:05:14.187,1.59125,1.59175,1.00,1.00
2010.09.06 14:05:15.768,1.5913,1.59175,1.00,1.00
2010.09.06 14:05:16.169,1.5913,1.59175,1.00,1.00
2010.09.06 14:05:17.254,1.59125,1.59175,1.00,1.00
2010.09.06 14:05:17.618,1.59125,1.59175,1.00,1.00
2010.09.06 14:05:17.798,1.5912,1.59175,1.20,1.00
2010.09.06 14:05:19.487,1.59125,1.59175,1.00,1.00
2010.09.06 14:05:21.217,1.5913,1.59175,1.00,1.00
2010.09.06 14:05:21.408,1.59125,1.59175,1.00,1.00
2010.09.06 14:05:21.639,1.5913,1.59175,1.00,1.00
2010.09.06 14:05:22.188,1.5913,1.59185,1.00,1.00
2010.09.06 14:05:22.619,1.5913,1.59185,1.00,1.00
2010.09.06 14:05:22.845,1.5913,1.59185,1.20,1.00
2010.09.06 14:05:23.264,1.5913,1.59185,1.60,1.00
2010.09.06 14:05:23.530,1.59135,1.59185,1.00,1.00
2010.09.06 14:05:23.657,1.59135,1.59185,1.00,1.00
2010.09.06 14:05:24.363,1.59135,1.59185,1.00,1.00
2010.09.06 14:05:24.492,1.5917,1.59195,1.00,2.40
2010.09.06 14:05:24.578,1.5917,1.59195,1.00,1.00
2010.09.06 14:05:24.668,1.5917,1.59215,1.00,1.00
2010.09.06 14:05:27.192,1.59165,1.59215,1.00,1.00
2010.09.06 14:05:27.332,1.5917,1.5922,1.00,1.00
2010.09.06 14:05:28.727,1.5917,1.5922,1.00,1.00
2010.09.06 14:05:29.718,1.5917,1.59215,1.00,1.00
2010.09.06 14:05:30.109,1.59165,1.59215,1.00,1.00
2010.09.06 14:05:30.821,1.5917,1.59215,1.00,1.00
2010.09.06 14:05:32.039,1.5916,1.59215,1.00,1.00
2010.09.06 14:05:32.359,1.59165,1.59215,1.00,1.00
2010.09.06 14:05:32.519,1.5917,1.5922,1.00,1.20
2010.09.06 14:05:33.068,1.5917,1.59225,1.00,1.20
2010.09.06 14:05:33.267,1.5917,1.59225,1.00,1.00
2010.09.06 14:05:33.458,1.5917,1.59225,1.00,1.00
2010.09.06 14:05:33.647,1.5917,1.59225,1.00,1.00
2010.09.06 14:05:33.948,1.5917,1.59225,1.00,1.00
2010.09.06 14:05:36.604,1.5918,1.59225,1.00,1.00
2010.09.06 14:05:37.692,1.59185,1.59225,1.00,1.00
2010.09.06 14:05:37.952,1.5919,1.59225,1.00,1.00
2010.09.06 14:05:38.109,1.59185,1.59225,1.00,1.00
2010.09.06 14:05:38.168,1.59185,1.59225,1.00,1.00
2010.09.06 14:05:38.278,1.5918,1.59225,1.00,1.00
2010.09.06 14:05:38.520,1.5918,1.59225,1.00,1.00
2010.09.06 14:05:38.759,1.59175,1.59225,1.00,1.00
2010.09.06 14:05:39.378,1.59175,1.59225,1.00,1.30
2010.09.06 14:05:41.256,1.59175,1.59225,1.00,1.00
2010.09.06 14:05:41.350,1.5918,1.59235,1.00,3.10
2010.09.06 14:05:41.439,1.59175,1.59235,1.30,2.30
2010.09.06 14:05:41.529,1.59185,1.59235,1.00,1.00
2010.09.06 14:05:41.869,1.59185,1.5924,1.00,1.00
2010.09.06 14:05:42.209,1.59185,1.59235,1.00,1.00
2010.09.06 14:05:42.549,1.5918,1.59235,1.00,2.20
2010.09.06 14:05:42.707,1.5918,1.5923,1.00,1.00
2010.09.06 14:05:43.429,1.5918,1.5923,1.00,1.00
2010.09.06 14:05:44.211,1.5918,1.5923,1.00,1.00
2010.09.06 14:05:45.488,1.5918,1.59235,1.00,1.00
2010.09.06 14:05:46.204,1.5918,1.59235,1.00,1.00
2010.09.06 14:05:47.568,1.59185,1.59235,1.00,1.00
2010.09.06 14:05:48.475,1.59175,1.59235,1.20,1.00
2010.09.06 14:05:48.658,1.59175,1.59235,1.00,1.00
2010.09.06 14:05:48.747,1.5917,1.59235,2.90,1.00
2010.09.06 14:05:48.838,1.5917,1.5923,1.20,1.00
2010.09.06 14:05:49.159,1.59175,1.5923,1.00,1.00
2010.09.06 14:05:49.478,1.59175,1.5924,2.50,1.00
2010.09.06 14:05:49.797,1.59175,1.59235,2.40,1.00
2010.09.06 14:05:50.117,1.5918,1.5924,1.00,1.00
2010.09.06 14:05:50.621,1.59185,1.5924,1.00,1.00
2010.09.06 14:05:50.828,1.59175,1.5924,2.50,1.00
2010.09.06 14:05:51.092,1.59175,1.5922,1.70,1.00
2010.09.06 14:05:51.209,1.5917,1.5922,1.00,1.00
2010.09.06 14:05:51.547,1.5917,1.5922,1.00,1.00
2010.09.06 14:05:53.069,1.59165,1.5922,1.00,1.00
2010.09.06 14:05:53.456,1.5917,1.5922,1.00,1.00
2010.09.06 14:05:53.587,1.59165,1.5922,1.00,1.00
2010.09.06 14:05:53.798,1.5917,1.59225,1.00,1.00
2010.09.06 14:05:54.159,1.59175,1.5923,1.00,1.00
2010.09.06 14:05:54.739,1.59175,1.59235,1.20,1.00
2010.09.06 14:05:55.181,1.5919,1.59235,1.00,1.00
2010.09.06 14:05:55.359,1.5919,1.59235,1.00,1.00
2010.09.06 14:05:55.540,1.5919,1.59235,1.00,1.00
2010.09.06 14:05:55.720,1.59185,1.59245,1.00,3.60
2010.09.06 14:05:55.898,1.59185,1.59245,1.00,1.00
2010.09.06 14:05:56.078,1.59185,1.59245,1.20,1.00
2010.09.06 14:05:56.310,1.59185,1.59245,1.20,1.00
2010.09.06 14:05:57.710,1.59185,1.59245,1.20,1.00
2010.09.06 14:05:58.691,1.59185,1.5924,1.30,1.00
2010.09.06 14:05:58.750,1.5919,1.59245,1.00,1.00
2010.09.06 14:05:58.911,1.5919,1.59245,1.00,1.00
2010.09.06 14:05:59.917,1.5919,1.59245,1.00,1.00
2010.09.06 14:06:00.207,1.59185,1.59245,1.00,1.00
2010.09.06 14:06:00.498,1.5919,1.59245,1.00,1.00
2010.09.06 14:06:01.779,1.5919,1.5924,1.00,1.00
2010.09.06 14:06:02.007,1.59195,1.59245,1.00,1.00
2010.09.06 14:06:02.228,1.5919,1.59245,1.00,1.00
2010.09.06 14:06:02.997,1.5919,1.59245,1.00,1.00
2010.09.06 14:06:05.689,1.59195,1.59245,1.00,1.00
2010.09.06 14:06:06.718,1.592,1.59245,1.00,1.00
2010.09.06 14:06:09.757,1.59195,1.59245,1.00,1.00
2010.09.06 14:06:10.459,1.59185,1.59245,2.00,1.00
2010.09.06 14:06:10.667,1.59185,1.59235,1.00,1.00
2010.09.06 14:06:11.568,1.59185,1.59235,1.00,1.00
2010.09.06 14:06:14.516,1.59185,1.59235,1.00,1.00
2010.09.06 14:06:14.629,1.59185,1.59235,1.00,1.00
2010.09.06 14:06:15.287,1.5919,1.59235,1.00,1.00
2010.09.06 14:06:15.937,1.5919,1.5924,1.00,1.00
2010.09.06 14:06:16.626,1.5919,1.5924,1.00,1.00
2010.09.06 14:06:19.958,1.59185,1.5924,1.00,1.00
2010.09.06 14:06:22.621,1.59185,1.59235,1.00,1.00
2010.09.06 14:06:23.497,1.59185,1.5924,1.00,1.00
2010.09.06 14:06:23.587,1.59185,1.5924,1.00,1.00
2010.09.06 14:06:23.677,1.59185,1.59235,1.00,1.00
2010.09.06 14:06:23.970,1.5918,1.5924,1.00,2.90
2010.09.06 14:06:24.451,1.5918,1.5923,1.00,1.00
2010.09.06 14:06:24.738,1.5918,1.5923,1.00,1.00
2010.09.06 14:06:28.627,1.5918,1.5923,1.00,1.00
2010.09.06 14:06:32.516,1.5918,1.5923,1.00,1.00
2010.09.06 14:06:35.562,1.5918,1.5923,1.00,1.00
2010.09.06 14:06:37.468,1.5918,1.59235,1.30,1.00
2010.09.06 14:06:38.570,1.59185,1.59235,1.00,1.00
2010.09.06 14:06:40.578,1.5919,1.5924,1.00,1.00
2010.09.06 14:06:41.790,1.59185,1.59235,1.00,1.00
2010.09.06 14:06:45.470,1.59185,1.59235,1.00,1.00
2010.09.06 14:06:47.007,1.59185,1.5924,1.00,1.00
2010.09.06 14:06:47.108,1.59185,1.5924,1.20,1.00
2010.09.06 14:06:47.208,1.5919,1.5924,1.00,1.00
2010.09.06 14:06:47.608,1.5919,1.59235,1.00,1.00
2010.09.06 14:06:48.048,1.59185,1.59235,1.00,1.00
2010.09.06 14:06:49.434,1.5919,1.5924,1.00,1.00
2010.09.06 14:07:07.059,1.59195,1.5924,1.00,1.00
2010.09.06 14:07:07.108,1.59195,1.5924,1.00,1.00
2010.09.06 14:07:07.538,1.59195,1.5925,1.00,1.00
2010.09.06 14:07:07.829,1.59195,1.5925,2.40,1.00
2010.09.06 14:07:08.090,1.59205,1.59245,1.00,1.00
2010.09.06 14:07:08.350,1.59205,1.5925,1.00,1.00
2010.09.06 14:07:08.960,1.59205,1.59245,1.00,1.00
2010.09.06 14:07:09.661,1.59205,1.5925,1.00,1.00
2010.09.06 14:07:11.630,1.59205,1.59245,1.00,1.00
2010.09.06 14:07:12.858,1.59205,1.59255,1.00,1.00
2010.09.06 14:07:12.998,1.59205,1.59255,1.00,1.00
2010.09.06 14:07:13.394,1.5919,1.59245,1.00,1.00
2010.09.06 14:07:13.528,1.5919,1.59245,1.00,1.00
2010.09.06 14:07:14.009,1.59205,1.59245,1.00,1.00
2010.09.06 14:07:14.449,1.59205,1.59255,1.00,1.00
2010.09.06 14:07:15.576,1.59205,1.5926,1.00,1.00
2010.09.06 14:07:16.599,1.59205,1.5926,1.00,1.00
2010.09.06 14:07:17.708,1.59195,1.5925,1.00,1.00
2010.09.06 14:07:18.700,1.592,1.5925,1.00,1.00
2010.09.06 14:07:19.799,1.592,1.59255,1.00,1.00
2010.09.06 14:07:20.199,1.59195,1.5925,1.00,1.00
2010.09.06 14:07:20.318,1.59195,1.59245,1.00,1.00
2010.09.06 14:07:20.378,1.592,1.59245,1.00,1.00
2010.09.06 14:07:20.746,1.592,1.5926,1.00,1.00
2010.09.06 14:07:21.092,1.59215,1.59265,1.00,1.00
2010.09.06 14:07:22.109,1.59215,1.5927,1.00,1.00
2010.09.06 14:07:22.798,1.59215,1.5927,1.00,1.00
2010.09.06 14:07:23.687,1.59215,1.5927,1.00,1.00
2010.09.06 14:07:23.928,1.5921,1.59265,1.00,1.00
2010.09.06 14:07:24.347,1.5921,1.59265,1.00,1.00
2010.09.06 14:07:25.415,1.59215,1.59265,1.00,1.00
2010.09.06 14:07:26.808,1.59215,1.59265,1.00,1.00
2010.09.06 14:07:29.531,1.59215,1.59265,1.00,1.00
2010.09.06 14:07:29.598,1.59215,1.59265,1.00,2.00
2010.09.06 14:07:29.669,1.59205,1.5926,1.60,1.00
2010.09.06 14:07:29.808,1.59205,1.5926,1.00,1.00
2010.09.06 14:07:29.878,1.59205,1.5926,1.00,1.00
2010.09.06 14:07:33.389,1.59205,1.59255,1.00,1.00
2010.09.06 14:07:35.645,1.5921,1.5926,1.00,1.00
2010.09.06 14:07:36.041,1.59205,1.59255,1.00,1.00
2010.09.06 14:07:36.693,1.5921,1.5926,1.00,1.00
2010.09.06 14:07:36.931,1.59205,1.5926,1.00,1.00
2010.09.06 14:07:37.268,1.5921,1.5926,1.00,1.00
2010.09.06 14:07:37.947,1.5921,1.59265,1.00,1.00
2010.09.06 14:07:38.628,1.5921,1.59265,1.00,1.00
2010.09.06 14:07:39.153,1.5921,1.59265,1.00,1.00
2010.09.06 14:07:39.299,1.59215,1.59265,1.00,1.00
2010.09.06 14:07:39.378,1.59215,1.5927,1.00,1.00
2010.09.06 14:07:39.517,1.59215,1.5927,1.00,1.00
2010.09.06 14:07:39.587,1.59215,1.59275,1.00,1.00
2010.09.06 14:07:39.958,1.5922,1.59275,1.00,1.00
2010.09.06 14:07:40.163,1.5922,1.5928,1.00,1.00
2010.09.06 14:07:40.358,1.59215,1.59275,1.00,1.00
2010.09.06 14:07:40.558,1.59215,1.59275,1.00,1.00
2010.09.06 14:07:40.759,1.59225,1.59275,1.00,1.00
2010.09.06 14:07:40.976,1.5922,1.59275,1.00,1.00
2010.09.06 14:07:41.335,1.5922,1.59275,1.00,1.00
2010.09.06 14:07:41.682,1.5922,1.59275,1.00,1.00
2010.09.06 14:07:42.057,1.59225,1.59285,1.00,1.00
2010.09.06 14:07:42.400,1.59225,1.59285,1.00,1.00
2010.09.06 14:07:42.738,1.59225,1.59285,1.00,1.00
2010.09.06 14:07:43.418,1.5923,1.59285,1.00,1.00
2010.09.06 14:07:46.558,1.59235,1.59285,1.00,1.00
2010.09.06 14:07:49.657,1.5923,1.59285,1.00,1.00
2010.09.06 14:07:50.540,1.59235,1.59285,1.00,1.00
2010.09.06 14:07:50.827,1.59235,1.59285,1.00,1.00
2010.09.06 14:07:52.501,1.5923,1.59285,1.00,1.00
2010.09.06 14:07:53.601,1.59235,1.59285,1.00,1.00
2010.09.06 14:07:55.578,1.59235,1.59285,1.00,1.00
2010.09.06 14:07:57.141,1.59235,1.59285,1.00,1.00
2010.09.06 14:08:02.297,1.59235,1.59285,1.00,1.00
2010.09.06 14:08:03.871,1.59245,1.59295,1.00,1.60
2010.09.06 14:08:04.118,1.59245,1.593,1.00,1.00
2010.09.06 14:08:05.538,1.59245,1.593,1.00,1.00
2010.09.06 14:08:05.739,1.5925,1.593,1.00,1.00
2010.09.06 14:08:05.947,1.5925,1.59305,1.00,1.00
2010.09.06 14:08:07.318,1.5926,1.5931,1.00,1.00
2010.09.06 14:08:07.838,1.5926,1.5931,1.00,1.00
2010.09.06 14:08:08.099,1.5927,1.5931,1.00,1.00
2010.09.06 14:08:08.198,1.5927,1.59315,1.00,1.00
2010.09.06 14:08:09.044,1.5927,1.59315,1.00,1.00
2010.09.06 14:08:10.168,1.5927,1.59315,1.30,1.00
2010.09.06 14:08:10.584,1.5927,1.59315,1.30,1.00
2010.09.06 14:08:10.827,1.5927,1.59315,1.40,1.00
2010.09.06 14:08:11.067,1.59275,1.59315,1.60,1.00
2010.09.06 14:08:11.148,1.5928,1.59315,1.00,1.00
2010.09.06 14:08:12.460,1.59275,1.59315,1.00,1.00
2010.09.06 14:08:13.309,1.5927,1.59315,1.00,1.00
2010.09.06 14:08:13.528,1.5927,1.59315,1.00,1.00
2010.09.06 14:08:14.528,1.5927,1.59315,1.00,1.00
2010.09.06 14:08:14.629,1.5927,1.59315,1.00,1.00
2010.09.06 14:08:14.929,1.5927,1.59315,1.00,1.00
2010.09.06 14:08:16.218,1.5927,1.59315,1.00,1.00
2010.09.06 14:08:18.650,1.5927,1.59315,1.00,1.00
2010.09.06 14:08:19.166,1.5927,1.59315,1.00,1.00
2010.09.06 14:08:20.938,1.59275,1.59315,1.00,1.00
2010.09.06 14:08:21.617,1.5927,1.59315,1.00,1.00
2010.09.06 14:08:22.129,1.59275,1.59315,1.00,1.00
2010.09.06 14:08:29.897,1.5927,1.59315,1.00,1.00
2010.09.06 14:08:30.519,1.59275,1.59315,1.00,1.00
2010.09.06 14:08:36.368,1.59275,1.59315,1.00,1.00
2010.09.06 14:08:36.538,1.59275,1.59315,1.00,1.00
2010.09.06 14:08:36.708,1.59275,1.59315,1.00,1.00
2010.09.06 14:08:38.189,1.59275,1.59315,1.00,1.00
2010.09.06 14:08:38.398,1.59275,1.59315,1.00,1.00
2010.09.06 14:08:45.693,1.59275,1.59315,1.00,1.00
2010.09.06 14:08:46.718,1.59275,1.59315,1.00,1.00
2010.09.06 14:08:49.854,1.5927,1.5931,1.60,1.00
2010.09.06 14:08:49.999,1.5925,1.5931,1.00,1.00
2010.09.06 14:08:50.148,1.59255,1.5931,1.00,1.00
2010.09.06 14:08:50.288,1.5926,1.59315,1.00,1.20
2010.09.06 14:08:50.428,1.59255,1.5931,1.00,1.00
2010.09.06 14:08:50.985,1.59255,1.5931,1.00,1.00
2010.09.06 14:08:53.219,1.59255,1.5931,1.00,1.00
2010.09.06 14:08:53.378,1.59255,1.59315,1.00,2.50
2010.09.06 14:08:53.655,1.59255,1.59315,1.00,1.00
2010.09.06 14:08:53.809,1.59255,1.5931,1.00,1.00
2010.09.06 14:08:54.268,1.59255,1.5931,1.00,1.00
2010.09.06 14:08:54.538,1.59255,1.59305,1.00,1.00
2010.09.06 14:08:55.078,1.59255,1.5931,1.00,1.00
2010.09.06 14:08:55.350,1.59255,1.5931,1.00,1.00
2010.09.06 14:08:55.710,1.59255,1.5931,1.00,1.00
2010.09.06 14:08:57.932,1.5926,1.5931,1.00,1.00
2010.09.06 14:08:58.047,1.5926,1.59315,1.00,1.00
2010.09.06 14:08:58.378,1.5926,1.59315,1.00,1.00
2010.09.06 14:08:59.240,1.5926,1.59315,1.20,1.00
2010.09.06 14:08:59.458,1.5926,1.59315,1.20,1.00
2010.09.06 14:08:59.798,1.59265,1.59315,1.00,1.00
2010.09.06 14:08:59.869,1.59265,1.59315,1.00,1.00
2010.09.06 14:09:01.808,1.59265,1.5931,1.00,1.00
2010.09.06 14:09:02.568,1.59265,1.59315,1.00,1.00
2010.09.06 14:09:04.659,1.59265,1.5931,1.00,1.00
2010.09.06 14:09:05.081,1.59265,1.59315,1.00,1.00
2010.09.06 14:09:06.840,1.59265,1.59315,1.00,1.00
2010.09.06 14:09:07.017,1.5926,1.59315,1.00,1.30
2010.09.06 14:09:08.651,1.5926,1.5931,1.00,1.00
2010.09.06 14:09:10.370,1.5926,1.5931,1.00,1.00
2010.09.06 14:09:10.909,1.59255,1.59305,1.00,1.00
2010.09.06 14:09:11.129,1.59255,1.59305,1.00,1.00
2010.09.06 14:09:11.817,1.59255,1.59305,1.00,1.00
2010.09.06 14:09:14.809,1.59255,1.593,1.00,1.00
2010.09.06 14:09:14.973,1.59255,1.593,1.00,1.00
2010.09.06 14:09:15.129,1.5925,1.59295,1.60,1.00
2010.09.06 14:09:15.208,1.5924,1.59295,1.00,1.00
2010.09.06 14:09:15.585,1.5924,1.59295,1.00,1.00
2010.09.06 14:09:16.269,1.5924,1.59295,1.00,1.00
2010.09.06 14:09:17.618,1.5924,1.5929,1.00,1.00
2010.09.06 14:09:17.891,1.5924,1.5929,1.70,1.00
2010.09.06 14:09:18.101,1.59245,1.59295,1.00,1.00
2010.09.06 14:09:18.219,1.59245,1.593,1.00,1.00
2010.09.06 14:09:21.119,1.59255,1.5931,1.00,2.10
2010.09.06 14:09:21.447,1.59255,1.5931,1.00,1.00
2010.09.06 14:09:22.809,1.59255,1.5931,1.00,1.00
2010.09.06 14:09:25.590,1.5926,1.5931,1.00,1.00
2010.09.06 14:09:26.009,1.59255,1.5931,1.00,1.00
2010.09.06 14:09:26.298,1.59255,1.59305,1.00,1.00
2010.09.06 14:09:26.858,1.59255,1.59305,1.00,1.00
2010.09.06 14:09:28.419,1.59255,1.59305,1.00,1.00
2010.09.06 14:09:28.789,1.59255,1.593,1.00,1.00
2010.09.06 14:09:29.325,1.59255,1.59305,1.00,1.00
2010.09.06 14:09:30.140,1.59255,1.59305,1.00,1.00
2010.09.06 14:09:31.152,1.59255,1.593,1.00,1.00
2010.09.06 14:09:32.947,1.59255,1.59305,1.00,1.00
2010.09.06 14:09:33.217,1.59255,1.59305,1.00,1.00
2010.09.06 14:09:33.541,1.59255,1.59305,1.00,1.00
2010.09.06 14:09:39.171,1.59255,1.593,1.00,1.00
2010.09.06 14:09:39.978,1.5925,1.593,1.00,1.00
2010.09.06 14:09:42.180,1.5925,1.593,1.00,1.00
2010.09.06 14:09:42.255,1.59245,1.593,1.00,1.00
2010.09.06 14:09:43.169,1.5925,1.593,1.00,1.00
2010.09.06 14:09:44.673,1.5925,1.593,1.00,1.00
2010.09.06 14:09:44.878,1.5925,1.59305,1.00,1.00
2010.09.06 14:09:46.552,1.5925,1.593,1.00,1.00
2010.09.06 14:09:55.564,1.5925,1.593,1.00,1.00
2010.09.06 14:09:58.507,1.5925,1.59305,1.00,1.00
2010.09.06 14:09:58.779,1.59255,1.59305,1.00,1.00
2010.09.06 14:09:59.240,1.5925,1.59305,1.00,1.00
2010.09.06 14:09:59.971,1.5925,1.593,1.00,1.00
2010.09.06 14:10:00.258,1.5925,1.59305,1.00,1.00
2010.09.06 14:10:00.548,1.5925,1.59305,1.60,1.00
2010.09.06 14:10:00.838,1.59255,1.59305,1.00,1.00
2010.09.06 14:10:01.283,1.59255,1.59305,1.00,1.00
2010.09.06 14:10:05.446,1.59255,1.59305,1.00,1.00
2010.09.06 14:10:18.392,1.59255,1.593,1.00,1.00
2010.09.06 14:10:20.878,1.59255,1.593,1.00,1.00
2010.09.06 14:10:21.188,1.59245,1.593,1.00,1.00
2010.09.06 14:10:22.729,1.59245,1.59295,1.00,1.00
2010.09.06 14:10:26.200,1.5925,1.593,1.00,1.00
2010.09.06 14:10:29.198,1.59245,1.593,1.00,1.00
2010.09.06 14:10:30.152,1.59245,1.59295,1.00,1.00
2010.09.06 14:10:30.448,1.59245,1.59295,1.00,1.00
2010.09.06 14:10:35.136,1.59245,1.593,1.00,1.00
2010.09.06 14:10:35.668,1.5925,1.593,1.00,1.00
2010.09.06 14:10:36.778,1.5925,1.593,1.00,1.00
2010.09.06 14:10:37.018,1.5925,1.59305,1.00,1.00
2010.09.06 14:10:37.258,1.59255,1.59305,1.00,1.00
2010.09.06 14:10:38.099,1.59255,1.59305,1.00,1.00
2010.09.06 14:10:39.320,1.5926,1.59305,1.00,1.00
2010.09.06 14:10:39.818,1.5926,1.59305,1.00,1.00
2010.09.06 14:10:40.261,1.59265,1.59305,1.00,1.00
2010.09.06 14:10:41.008,1.59255,1.59305,1.00,1.00
2010.09.06 14:10:41.419,1.59255,1.59305,1.00,1.20
2010.09.06 14:10:41.818,1.59255,1.59305,1.00,1.00
2010.09.06 14:10:42.341,1.5925,1.593,1.00,1.00
2010.09.06 14:10:42.680,1.5925,1.5931,1.30,1.70
2010.09.06 14:10:43.019,1.5926,1.59315,1.00,1.00
2010.09.06 14:10:43.310,1.5926,1.59315,1.00,1.00
2010.09.06 14:10:44.384,1.5926,1.59315,1.00,1.00
2010.09.06 14:10:44.520,1.59265,1.59315,1.00,1.00
2010.09.06 14:10:46.029,1.59265,1.5931,1.00,1.00
2010.09.06 14:10:46.341,1.59265,1.5931,1.00,1.00
2010.09.06 14:10:46.468,1.59265,1.5931,1.00,1.00
2010.09.06 14:10:46.868,1.59265,1.5931,1.00,1.00
2010.09.06 14:10:47.220,1.59265,1.5931,1.00,1.00
2010.09.06 14:10:48.854,1.59265,1.5931,1.00,1.00
2010.09.06 14:10:49.452,1.59265,1.59305,1.00,1.00
2010.09.06 14:10:49.579,1.5926,1.59305,1.60,1.00
2010.09.06 14:10:49.920,1.5925,1.59305,1.00,1.00
2010.09.06 14:10:51.459,1.5925,1.593,1.00,1.00
2010.09.06 14:10:54.196,1.5925,1.59295,1.00,1.00
2010.09.06 14:10:54.439,1.5925,1.59295,1.00,1.00
2010.09.06 14:10:54.901,1.59245,1.59295,1.60,1.00
2010.09.06 14:10:55.113,1.59235,1.5929,3.30,1.00
2010.09.06 14:10:55.319,1.59235,1.5929,1.00,1.00
2010.09.06 14:10:55.919,1.5923,1.5929,1.30,1.00
2010.09.06 14:10:57.448,1.5923,1.5929,1.20,1.00
2010.09.06 14:10:57.748,1.5923,1.59285,1.20,1.00
2010.09.06 14:10:58.048,1.59235,1.5929,1.00,1.00
2010.09.06 14:10:58.348,1.59235,1.5929,1.00,1.00
2010.09.06 14:10:58.697,1.59235,1.59295,1.20,1.00
2010.09.06 14:10:58.827,1.59235,1.593,1.20,1.00
2010.09.06 14:10:59.628,1.5924,1.593,1.00,1.00
2010.09.06 14:10:59.878,1.59245,1.593,1.00,1.00
2010.09.06 14:11:00.129,1.59245,1.59285,1.00,1.00
2010.09.06 14:11:00.552,1.5922,1.59275,1.60,1.00
2010.09.06 14:11:00.673,1.59215,1.59275,1.00,1.00
2010.09.06 14:11:00.789,1.59215,1.5927,1.00,1.00
2010.09.06 14:11:01.318,1.59215,1.5927,1.00,1.00
2010.09.06 14:11:01.958,1.59215,1.59265,1.00,1.00
2010.09.06 14:11:02.598,1.59215,1.5927,1.00,1.00
2010.09.06 14:11:03.035,1.59215,1.59265,1.00,1.00
2010.09.06 14:11:03.249,1.59215,1.5927,1.00,1.00
2010.09.06 14:11:04.418,1.59215,1.5927,1.20,1.00
2010.09.06 14:11:04.709,1.59215,1.5927,1.00,1.00
2010.09.06 14:11:04.888,1.59215,1.5927,1.00,1.00
2010.09.06 14:11:05.199,1.59215,1.5927,1.20,1.00
2010.09.06 14:11:05.368,1.59215,1.5927,1.20,1.00
2010.09.06 14:11:05.538,1.59215,1.59275,1.20,1.00
2010.09.06 14:11:06.178,1.5922,1.59275,1.30,1.00
2010.09.06 14:11:07.577,1.59225,1.59275,1.00,1.00
2010.09.06 14:11:08.345,1.5922,1.59275,1.30,1.00
2010.09.06 14:11:08.461,1.59225,1.59275,1.00,1.00
2010.09.06 14:11:10.549,1.59225,1.5928,1.00,1.00
2010.09.06 14:11:10.648,1.5923,1.5928,1.00,1.00
2010.09.06 14:11:10.998,1.5923,1.5928,1.20,1.00
2010.09.06 14:11:11.620,1.5923,1.5928,1.30,1.00
2010.09.06 14:11:12.019,1.5923,1.59285,1.30,1.00
2010.09.06 14:11:12.109,1.5923,1.59285,1.00,1.00
2010.09.06 14:11:12.376,1.5923,1.5929,1.00,1.00
2010.09.06 14:11:12.475,1.59225,1.59285,1.00,1.00
2010.09.06 14:11:12.570,1.5923,1.5929,1.00,1.00
2010.09.06 14:11:13.439,1.59235,1.5929,1.00,1.00
2010.09.06 14:11:13.972,1.5923,1.59285,1.00,1.00
2010.09.06 14:11:15.013,1.5923,1.59285,1.00,1.00
2010.09.06 14:11:15.068,1.59225,1.59285,2.10,1.00
2010.09.06 14:11:15.299,1.59225,1.59275,2.10,1.00
2010.09.06 14:11:15.358,1.59225,1.59275,1.00,1.00
2010.09.06 14:11:15.408,1.59225,1.59275,1.00,1.00
2010.09.06 14:11:15.621,1.59225,1.59285,1.00,2.10
2010.09.06 14:11:15.683,1.5923,1.59285,1.00,1.00
2010.09.06 14:11:18.515,1.5923,1.5928,1.00,1.00
2010.09.06 14:11:19.495,1.5923,1.59285,1.00,1.00
2010.09.06 14:11:19.680,1.5923,1.5928,1.00,1.00
2010.09.06 14:11:21.806,1.5923,1.59285,1.00,1.00
2010.09.06 14:11:21.999,1.59225,1.59285,1.00,1.00
2010.09.06 14:11:22.343,1.59225,1.5928,1.00,1.00
2010.09.06 14:11:22.748,1.59225,1.59285,1.00,2.00
2010.09.06 14:11:23.090,1.59225,1.59285,1.00,1.00
2010.09.06 14:11:23.979,1.59225,1.5928,1.00,1.00
2010.09.06 14:11:24.173,1.59225,1.59285,1.00,1.00
2010.09.06 14:11:24.360,1.5923,1.59285,1.00,1.00
2010.09.06 14:11:24.733,1.5923,1.5929,1.20,2.00
2010.09.06 14:11:24.922,1.5923,1.5929,1.20,1.00
2010.09.06 14:11:25.450,1.5923,1.59285,1.20,1.00
2010.09.06 14:11:28.609,1.59235,1.59285,1.00,1.00
2010.09.06 14:11:34.409,1.5923,1.5928,1.00,1.00
2010.09.06 14:11:34.638,1.59225,1.5928,1.00,1.00
2010.09.06 14:11:35.819,1.5924,1.5929,1.00,1.60
2010.09.06 14:11:35.968,1.5924,1.59295,1.00,1.00
2010.09.06 14:11:36.118,1.5924,1.5929,1.00,1.00
2010.09.06 14:11:36.269,1.59235,1.5929,1.60,1.00
2010.09.06 14:11:36.580,1.59225,1.5929,1.00,2.50
2010.09.06 14:11:36.730,1.59225,1.5929,1.40,1.00
2010.09.06 14:11:37.018,1.59225,1.5929,1.00,1.00
2010.09.06 14:11:37.512,1.5923,1.5929,1.00,1.00
2010.09.06 14:11:38.633,1.5923,1.59285,1.00,1.00
2010.09.06 14:11:38.969,1.59235,1.5929,1.00,1.00
2010.09.06 14:11:39.282,1.5923,1.5929,1.00,1.20
2010.09.06 14:11:39.372,1.59225,1.59285,1.00,1.00
2010.09.06 14:11:39.421,1.59225,1.59285,1.00,1.00
2010.09.06 14:11:39.679,1.59225,1.5928,1.00,1.00
2010.09.06 14:11:41.140,1.59225,1.5928,1.00,1.00
2010.09.06 14:11:45.300,1.59225,1.5928,1.00,1.00
2010.09.06 14:11:45.699,1.59225,1.5928,1.00,1.00
2010.09.06 14:11:45.931,1.5923,1.5928,1.00,1.00
2010.09.06 14:11:46.215,1.59235,1.5929,1.00,1.60
2010.09.06 14:11:46.640,1.5924,1.593,1.00,1.20
2010.09.06 14:11:47.322,1.59245,1.593,1.00,1.00
2010.09.06 14:11:47.659,1.59245,1.593,1.00,1.00
2010.09.06 14:11:48.768,1.59255,1.593,1.00,1.00
2010.09.06 14:11:49.010,1.59245,1.593,1.00,1.20
2010.09.06 14:11:49.259,1.59245,1.59295,1.00,1.00
2010.09.06 14:11:49.675,1.5925,1.59295,1.00,1.00
2010.09.06 14:11:49.923,1.59245,1.593,1.00,1.00
2010.09.06 14:11:50.841,1.59245,1.593,1.00,2.00
2010.09.06 14:11:51.186,1.5924,1.593,1.00,2.10
2010.09.06 14:11:51.531,1.5924,1.59295,1.00,1.00
2010.09.06 14:11:52.288,1.5924,1.59295,1.00,1.00
2010.09.06 14:11:52.738,1.59235,1.59295,1.00,1.00
2010.09.06 14:11:53.079,1.59235,1.5929,2.00,1.00
2010.09.06 14:11:53.414,1.59235,1.5929,1.00,1.00
2010.09.06 14:11:53.694,1.59235,1.5929,1.00,1.00
2010.09.06 14:11:53.969,1.5924,1.5929,1.00,1.00
2010.09.06 14:11:54.371,1.59235,1.5929,1.00,1.00
2010.09.06 14:11:54.702,1.5924,1.5929,1.00,1.00
2010.09.06 14:11:55.031,1.5924,1.593,1.00,2.00
2010.09.06 14:11:55.369,1.5924,1.593,1.00,2.10
2010.09.06 14:11:55.690,1.5924,1.593,1.70,1.00
2010.09.06 14:11:56.018,1.59245,1.593,1.00,1.00
2010.09.06 14:11:56.689,1.59245,1.593,1.00,1.00
2010.09.06 14:11:57.028,1.59245,1.593,1.00,1.00
2010.09.06 14:11:57.358,1.5925,1.59305,1.00,1.00
2010.09.06 14:11:57.840,1.59245,1.593,1.00,1.00
2010.09.06 14:11:58.088,1.59245,1.593,1.00,1.00
2010.09.06 14:11:58.448,1.5925,1.593,1.00,1.00
2010.09.06 14:11:59.640,1.59255,1.593,1.00,1.00
2010.09.06 14:12:00.350,1.59245,1.593,1.00,1.00
2010.09.06 14:12:00.470,1.59245,1.593,1.00,1.00
2010.09.06 14:12:02.356,1.59245,1.59295,1.00,1.00
2010.09.06 14:12:02.531,1.5925,1.593,1.00,1.00
2010.09.06 14:12:02.799,1.59245,1.59295,1.00,1.00
2010.09.06 14:12:03.489,1.5924,1.59295,1.00,1.00
2010.09.06 14:12:03.898,1.5924,1.593,1.00,1.00
2010.09.06 14:12:04.941,1.59245,1.593,1.00,1.00
2010.09.06 14:12:05.049,1.59245,1.593,1.00,1.00
2010.09.06 14:12:05.213,1.5924,1.59295,1.00,1.00
2010.09.06 14:12:07.498,1.59245,1.593,1.00,1.00
2010.09.06 14:12:07.677,1.59245,1.593,1.00,1.00
2010.09.06 14:12:08.178,1.59245,1.593,1.00,1.00
2010.09.06 14:12:09.352,1.5925,1.593,1.00,1.00
2010.09.06 14:12:09.958,1.59245,1.59295,1.00,1.00
2010.09.06 14:12:15.839,1.5924,1.59295,1.00,1.00
2010.09.06 14:12:15.917,1.5924,1.59295,1.00,1.00
2010.09.06 14:12:18.021,1.5924,1.5929,1.00,1.00
2010.09.06 14:12:18.332,1.5924,1.59295,1.00,1.00
2010.09.06 14:12:18.933,1.59235,1.59295,1.00,2.40
2010.09.06 14:12:19.101,1.5924,1.59295,1.00,1.00
2010.09.06 14:12:19.430,1.5924,1.593,1.60,1.00
2010.09.06 14:12:20.092,1.59235,1.59295,1.00,1.00
2010.09.06 14:12:20.320,1.59235,1.59295,1.00,1.00
2010.09.06 14:12:20.796,1.5924,1.59295,1.00,1.00
2010.09.06 14:12:21.031,1.5924,1.59295,1.00,1.00
2010.09.06 14:12:21.719,1.5924,1.59295,1.00,1.00
2010.09.06 14:12:22.328,1.5924,1.5929,1.00,1.00
2010.09.06 14:12:24.672,1.59245,1.59295,1.00,1.00
2010.09.06 14:12:24.870,1.59235,1.59295,1.60,1.00
2010.09.06 14:12:25.190,1.5924,1.59295,1.00,1.00
2010.09.06 14:12:25.388,1.5924,1.59285,1.00,1.00
2010.09.06 14:12:25.967,1.59245,1.59285,1.00,1.00
2010.09.06 14:12:26.310,1.59245,1.59285,1.00,1.00
2010.09.06 14:12:27.418,1.5925,1.59285,1.00,1.00
2010.09.06 14:12:28.811,1.59245,1.59285,1.00,1.00
2010.09.06 14:12:30.689,1.59245,1.59285,1.00,1.00
2010.09.06 14:12:30.888,1.59245,1.59285,1.00,1.00
2010.09.06 14:12:31.664,1.5925,1.59285,1.00,1.00
2010.09.06 14:12:31.800,1.59245,1.59285,1.00,1.00
2010.09.06 14:12:32.259,1.5924,1.59285,1.00,1.00
2010.09.06 14:12:32.420,1.59245,1.59285,1.00,1.00
2010.09.06 14:12:32.580,1.59245,1.59285,1.00,1.00
2010.09.06 14:12:33.531,1.5925,1.59285,1.00,1.00
2010.09.06 14:12:34.451,1.5926,1.59295,1.00,1.60
2010.09.06 14:12:34.673,1.59265,1.59315,1.00,1.00
2010.09.06 14:12:34.890,1.5926,1.59315,2.40,1.00
2010.09.06 14:12:35.159,1.5926,1.59315,1.00,1.00
2010.09.06 14:12:36.118,1.5926,1.59315,1.00,1.00
2010.09.06 14:12:37.310,1.59255,1.59315,2.80,1.00
2010.09.06 14:12:37.468,1.59255,1.59315,2.00,1.30
2010.09.06 14:12:37.802,1.59255,1.59305,2.10,1.00
2010.09.06 14:12:37.962,1.59255,1.59305,1.00,1.00
2010.09.06 14:12:40.088,1.59255,1.5931,1.00,1.00
2010.09.06 14:12:40.479,1.59255,1.5931,1.00,1.00
2010.09.06 14:12:40.717,1.59255,1.59315,1.00,1.90
2010.09.06 14:12:40.900,1.59265,1.59315,1.00,1.90
2010.09.06 14:12:41.669,1.59265,1.59315,1.00,1.00
2010.09.06 14:12:42.741,1.5926,1.5931,1.60,1.00
2010.09.06 14:12:43.119,1.5926,1.59315,1.00,1.90
2010.09.06 14:12:44.250,1.59265,1.59315,1.00,1.90
2010.09.06 14:12:44.536,1.5927,1.59315,1.00,1.90
2010.09.06 14:12:45.485,1.59265,1.59315,1.00,2.00
2010.09.06 14:12:45.847,1.59265,1.59315,1.00,1.00
2010.09.06 14:12:46.888,1.5927,1.59315,1.00,1.00
2010.09.06 14:12:47.364,1.59265,1.59315,1.00,1.00
2010.09.06 14:12:47.798,1.5927,1.59315,1.00,1.00
2010.09.06 14:12:50.870,1.59265,1.59315,1.00,1.00
2010.09.06 14:12:51.348,1.59265,1.59315,1.00,1.00
2010.09.06 14:12:52.856,1.59265,1.59315,1.00,1.00
2010.09.06 14:12:53.259,1.5927,1.59315,1.00,1.00
2010.09.06 14:12:53.460,1.59265,1.59315,1.00,1.00
2010.09.06 14:12:53.660,1.59265,1.59315,1.00,1.00
2010.09.06 14:12:55.499,1.59265,1.59315,1.00,1.00
2010.09.06 14:12:56.927,1.59265,1.59315,1.00,1.00
2010.09.06 14:12:57.640,1.5927,1.59315,1.00,1.00
2010.09.06 14:13:00.691,1.59265,1.59315,1.00,1.00
2010.09.06 14:13:00.929,1.59265,1.59315,1.00,1.00
2010.09.06 14:13:01.198,1.5927,1.59315,1.00,1.00
2010.09.06 14:13:01.610,1.59265,1.59315,1.00,1.00
2010.09.06 14:13:02.450,1.5927,1.59315,1.00,1.00
2010.09.06 14:13:14.820,1.59275,1.59315,1.00,1.00
2010.09.06 14:13:20.869,1.5927,1.59315,1.00,1.00
2010.09.06 14:13:21.860,1.5927,1.59315,1.00,1.00
2010.09.06 14:13:22.461,1.59275,1.59315,1.00,1.00
2010.09.06 14:13:22.966,1.5928,1.59315,1.00,1.00
2010.09.06 14:13:23.269,1.5928,1.59315,1.00,1.00
2010.09.06 14:13:25.247,1.5928,1.59315,1.00,1.00
2010.09.06 14:13:25.430,1.5928,1.59315,1.00,1.00
2010.09.06 14:13:25.620,1.5928,1.59315,1.00,1.00
2010.09.06 14:13:29.118,1.5928,1.59315,1.00,1.00
2010.09.06 14:13:29.358,1.5928,1.59315,1.00,1.00
2010.09.06 14:13:29.628,1.5928,1.59315,1.00,1.00
2010.09.06 14:13:33.338,1.5928,1.59315,1.00,1.00
2010.09.06 14:13:33.502,1.5928,1.59315,1.00,1.00
2010.09.06 14:13:33.910,1.59285,1.59315,1.00,1.00
2010.09.06 14:13:36.784,1.5928,1.59315,1.00,1.00
2010.09.06 14:13:38.579,1.59285,1.59315,1.00,1.00
2010.09.06 14:13:39.678,1.59285,1.59315,1.00,1.00
2010.09.06 14:13:50.031,1.5929,1.59315,1.00,1.00
2010.09.06 14:13:50.158,1.59285,1.59315,1.00,1.00
2010.09.06 14:13:50.398,1.59285,1.59315,1.00,1.00
2010.09.06 14:13:51.630,1.59285,1.59315,1.00,1.00
2010.09.06 14:13:52.110,1.59285,1.59315,1.00,1.00
2010.09.06 14:13:52.148,1.59285,1.59315,1.00,1.00
2010.09.06 14:13:53.610,1.5929,1.59315,1.00,1.00
2010.09.06 14:13:53.888,1.5929,1.59315,1.00,1.00
2010.09.06 14:13:57.899,1.59285,1.59315,1.00,1.00
2010.09.06 14:13:59.330,1.59285,1.59315,1.00,1.00
2010.09.06 14:14:00.602,1.59285,1.59315,1.00,1.00
2010.09.06 14:14:04.859,1.5928,1.59315,1.60,1.00
2010.09.06 14:14:04.950,1.59275,1.59315,1.00,1.00
2010.09.06 14:14:06.058,1.5927,1.59315,1.00,1.00
2010.09.06 14:14:07.270,1.5927,1.59315,1.00,1.00
2010.09.06 14:14:10.484,1.59275,1.59315,1.00,1.00
2010.09.06 14:14:10.688,1.5927,1.59315,1.00,1.00
2010.09.06 14:14:15.249,1.59275,1.59315,1.00,1.00
2010.09.06 14:14:15.799,1.59275,1.59315,1.00,1.00
2010.09.06 14:14:16.079,1.59275,1.59315,1.00,1.00
2010.09.06 14:14:16.448,1.59275,1.59315,1.00,1.00
2010.09.06 14:14:19.619,1.59275,1.59315,1.00,1.00
2010.09.06 14:14:20.449,1.59275,1.59315,1.00,1.00
2010.09.06 14:14:28.842,1.59275,1.59315,1.00,1.00
2010.09.06 14:14:33.380,1.59275,1.59315,1.00,1.00
2010.09.06 14:14:35.559,1.5927,1.59315,1.60,1.20
2010.09.06 14:14:35.818,1.5926,1.59315,1.00,1.20
2010.09.06 14:14:36.078,1.5927,1.59315,1.00,1.20
2010.09.06 14:14:36.338,1.5927,1.59315,1.00,1.00
2010.09.06 14:14:39.560,1.5927,1.59315,1.00,1.00
2010.09.06 14:14:40.662,1.59275,1.59315,1.00,1.00
2010.09.06 14:14:41.320,1.59275,1.59315,1.00,1.00
2010.09.06 14:14:43.588,1.59275,1.59315,1.00,1.00
2010.09.06 14:14:44.850,1.5928,1.59315,1.00,1.00
2010.09.06 14:14:47.562,1.59275,1.59315,1.00,1.00
2010.09.06 14:14:47.919,1.59275,1.59315,1.00,1.00
2010.09.06 14:14:48.890,1.5928,1.59315,1.00,1.00
2010.09.06 14:14:50.269,1.5928,1.59315,1.00,1.00
2010.09.06 14:14:50.926,1.5928,1.59315,1.00,1.00
2010.09.06 14:15:06.853,1.5928,1.59315,1.00,1.00
2010.09.06 14:15:07.817,1.59285,1.59315,1.00,1.00
2010.09.06 14:15:08.088,1.59285,1.59315,1.00,1.00
2010.09.06 14:15:08.358,1.5928,1.59315,1.00,1.00
2010.09.06 14:15:10.631,1.59285,1.59315,1.00,1.00
2010.09.06 14:15:23.940,1.5928,1.59315,1.00,1.00
2010.09.06 14:15:27.579,1.59285,1.59315,1.00,1.00
2010.09.06 14:15:34.219,1.5928,1.59315,1.00,1.00
2010.09.06 14:15:34.338,1.5928,1.59315,1.00,1.00
2010.09.06 14:15:34.820,1.5928,1.59315,1.00,1.00
2010.09.06 14:15:35.431,1.5928,1.59315,1.00,1.00
2010.09.06 14:15:36.673,1.5928,1.59315,1.00,1.00
2010.09.06 14:15:36.769,1.59285,1.59315,1.00,1.00
2010.09.06 14:15:36.869,1.59285,1.59315,1.00,1.00
2010.09.06 14:15:37.158,1.59285,1.59315,1.00,1.00
2010.09.06 14:15:46.128,1.5928,1.59315,1.00,1.00
2010.09.06 14:15:47.460,1.5928,1.59315,1.00,1.00
2010.09.06 14:15:48.130,1.59275,1.59315,1.00,1.00
2010.09.06 14:15:48.279,1.5928,1.59315,1.00,1.00
2010.09.06 14:15:49.609,1.5928,1.59315,1.00,1.00
2010.09.06 14:15:50.889,1.59275,1.59315,1.00,1.00
2010.09.06 14:15:51.394,1.5927,1.59315,1.00,1.00
2010.09.06 14:15:53.181,1.5927,1.59315,1.00,1.00
2010.09.06 14:15:56.645,1.59265,1.59315,1.00,1.00
2010.09.06 14:15:56.800,1.5926,1.59315,1.30,1.00
2010.09.06 14:15:56.959,1.59265,1.59315,1.00,1.00
2010.09.06 14:15:57.293,1.59265,1.59315,1.00,1.00
2010.09.06 14:15:57.452,1.5926,1.59315,1.00,1.00
2010.09.06 14:15:57.610,1.5926,1.59315,1.00,1.00
2010.09.06 14:15:58.111,1.5926,1.5931,1.00,1.00
2010.09.06 14:15:58.789,1.5926,1.5931,1.00,1.00
2010.09.06 14:15:59.637,1.5926,1.5931,1.00,1.00
2010.09.06 14:16:00.249,1.5926,1.593,1.00,1.00
2010.09.06 14:16:00.389,1.5926,1.59305,1.00,1.00
2010.09.06 14:16:00.538,1.59245,1.593,1.00,1.00
2010.09.06 14:16:00.923,1.59245,1.59295,1.00,1.00
2010.09.06 14:16:01.749,1.5923,1.59285,1.00,1.00
2010.09.06 14:16:02.089,1.5923,1.59285,1.00,1.00
2010.09.06 14:16:02.428,1.5923,1.59285,1.00,1.00
2010.09.06 14:16:02.816,1.59235,1.59285,1.00,1.00
2010.09.06 14:16:03.685,1.5923,1.59285,1.00,1.00
2010.09.06 14:16:04.640,1.59235,1.59285,1.00,1.00
2010.09.06 14:16:07.819,1.5923,1.59285,1.00,1.00
2010.09.06 14:16:09.987,1.5923,1.5928,1.00,1.00
2010.09.06 14:16:15.080,1.59235,1.59285,1.00,1.00
2010.09.06 14:16:15.251,1.59235,1.5929,2.00,1.00
2010.09.06 14:16:15.421,1.59235,1.5929,1.00,1.00
2010.09.06 14:16:15.832,1.5923,1.5929,1.00,1.00
2010.09.06 14:16:16.149,1.5923,1.5929,1.00,1.00
2010.09.06 14:16:16.469,1.59235,1.5929,1.00,1.00
2010.09.06 14:16:16.789,1.59235,1.5929,1.00,1.00
2010.09.06 14:16:17.109,1.5923,1.5929,1.00,1.20
2010.09.06 14:16:17.429,1.5923,1.5928,1.00,1.00
2010.09.06 14:16:19.664,1.5923,1.5928,1.00,1.00
2010.09.06 14:16:22.694,1.5923,1.5928,1.00,1.00
2010.09.06 14:16:23.317,1.59225,1.59275,1.00,1.00
2010.09.06 14:16:23.619,1.59225,1.59275,1.00,1.00
2010.09.06 14:16:24.488,1.59225,1.5928,1.00,1.00
2010.09.06 14:16:24.829,1.59225,1.59275,1.00,1.00
2010.09.06 14:16:24.941,1.5922,1.59275,1.00,1.00
2010.09.06 14:16:26.725,1.5922,1.59275,1.00,1.00
2010.09.06 14:16:27.056,1.5922,1.5927,1.00,1.00
2010.09.06 14:16:30.691,1.5922,1.59265,1.00,1.00
2010.09.06 14:16:31.709,1.59225,1.5927,1.00,1.00
2010.09.06 14:16:33.386,1.5922,1.59265,1.00,1.00
2010.09.06 14:16:33.568,1.59225,1.5927,1.00,1.00
2010.09.06 14:16:33.648,1.59225,1.5927,1.00,1.00
2010.09.06 14:16:36.834,1.5922,1.5927,1.00,1.00
2010.09.06 14:16:36.970,1.5922,1.5927,1.00,1.00
2010.09.06 14:16:38.598,1.59225,1.5927,1.00,1.00
2010.09.06 14:16:46.966,1.59225,1.59275,1.00,1.00
2010.09.06 14:16:47.515,1.59225,1.59275,1.00,1.00
2010.09.06 14:16:49.368,1.5923,1.59275,1.00,1.00
2010.09.06 14:16:49.552,1.5923,1.59275,1.00,1.00
2010.09.06 14:16:49.739,1.5923,1.59275,1.00,1.00
2010.09.06 14:16:50.125,1.5923,1.59275,1.00,1.00
2010.09.06 14:16:51.829,1.59235,1.59275,1.00,1.00
2010.09.06 14:16:53.663,1.5923,1.59275,1.00,1.00
2010.09.06 14:16:55.210,1.59235,1.59275,1.00,1.00
2010.09.06 14:16:56.200,1.5923,1.59275,1.00,1.00
2010.09.06 14:16:58.109,1.59235,1.59275,1.00,1.00
2010.09.06 14:16:59.300,1.5923,1.59275,1.00,1.00
2010.09.06 14:17:01.579,1.5923,1.59275,1.00,1.00
2010.09.06 14:17:02.558,1.5923,1.59275,1.00,1.00
2010.09.06 14:17:03.461,1.59235,1.59275,1.00,1.00
2010.09.06 14:17:06.069,1.5923,1.5928,1.00,1.00
2010.09.06 14:17:08.623,1.5923,1.5928,1.00,1.00
2010.09.06 14:17:11.156,1.5923,1.5928,1.00,1.00
2010.09.06 14:17:19.448,1.5923,1.5928,1.00,2.00
2010.09.06 14:17:19.640,1.5923,1.59275,1.00,1.00
2010.09.06 14:17:19.829,1.5923,1.59275,1.00,1.00
2010.09.06 14:17:22.179,1.59225,1.59275,1.00,1.00
2010.09.06 14:17:23.660,1.59225,1.59275,1.00,1.00
2010.09.06 14:17:31.041,1.59225,1.59275,1.00,1.00
2010.09.06 14:17:31.200,1.5923,1.59275,1.00,1.00
2010.09.06 14:17:31.469,1.5922,1.5927,1.00,1.00
2010.09.06 14:17:32.069,1.5922,1.5927,1.00,1.00
2010.09.06 14:17:32.690,1.5922,1.5927,1.00,1.00
2010.09.06 14:17:33.653,1.5922,1.5927,1.00,1.00
2010.09.06 14:17:36.591,1.5922,1.59265,1.00,1.00
2010.09.06 14:17:36.824,1.5922,1.5927,1.00,1.00
2010.09.06 14:17:36.898,1.5922,1.5927,1.00,1.00
2010.09.06 14:17:36.969,1.59225,1.5927,1.00,1.00
2010.09.06 14:17:37.999,1.59225,1.5927,1.00,1.00
2010.09.06 14:17:38.248,1.5923,1.5927,1.00,1.00
2010.09.06 14:17:38.499,1.5923,1.5927,1.00,1.00
2010.09.06 14:17:40.640,1.59235,1.5927,1.00,1.00
2010.09.06 14:17:41.699,1.59235,1.59275,1.00,1.00
2010.09.06 14:17:41.799,1.5924,1.59275,1.00,1.00
2010.09.06 14:17:42.190,1.5924,1.5928,1.00,1.60
2010.09.06 14:17:44.300,1.59235,1.5928,1.00,1.60
2010.09.06 14:17:52.434,1.5924,1.5928,1.00,1.60
2010.09.06 14:17:53.059,1.59235,1.59285,1.00,1.00
2010.09.06 14:17:53.419,1.5924,1.59285,1.00,1.00
2010.09.06 14:17:53.711,1.5924,1.59285,1.00,1.00
2010.09.06 14:17:53.975,1.5924,1.59285,1.00,1.00
2010.09.06 14:17:54.239,1.5923,1.5928,2.00,1.00
2010.09.06 14:17:54.369,1.5923,1.5928,1.00,1.00
2010.09.06 14:17:54.721,1.59225,1.5928,1.00,1.00
2010.09.06 14:17:55.128,1.59225,1.5928,1.00,1.00
2010.09.06 14:17:55.690,1.59225,1.5928,1.00,1.00
2010.09.06 14:17:56.342,1.59225,1.59275,1.00,1.00
2010.09.06 14:18:05.052,1.59225,1.59275,1.00,1.00
2010.09.06 14:18:08.511,1.59225,1.59275,1.00,1.00
2010.09.06 14:18:10.635,1.5922,1.5927,1.00,1.00
2010.09.06 14:18:12.686,1.59225,1.59275,1.00,1.00
2010.09.06 14:18:25.367,1.5922,1.59275,1.00,1.00
2010.09.06 14:18:25.579,1.5922,1.59265,1.00,1.00
2010.09.06 14:18:26.020,1.5922,1.59265,1.00,1.00
2010.09.06 14:18:26.139,1.59225,1.59265,1.00,1.00
2010.09.06 14:18:26.659,1.59225,1.5927,1.00,1.00
2010.09.06 14:18:27.138,1.59225,1.59275,1.00,2.00
2010.09.06 14:18:33.000,1.59225,1.59275,1.00,2.00
2010.09.06 14:18:33.230,1.59225,1.59275,1.00,2.00
2010.09.06 14:18:34.734,1.5923,1.59275,1.00,2.00
2010.09.06 14:18:35.633,1.5923,1.59275,1.00,1.00
2010.09.06 14:18:36.470,1.5923,1.59275,1.00,1.00
2010.09.06 14:18:38.331,1.5923,1.59275,1.00,1.00
2010.09.06 14:18:38.511,1.5923,1.59275,1.00,1.00
2010.09.06 14:18:39.424,1.5923,1.5928,1.00,1.00
2010.09.06 14:18:46.039,1.5923,1.5928,1.00,2.00
2010.09.06 14:18:52.845,1.5923,1.59275,1.00,1.00
2010.09.06 14:18:56.297,1.5923,1.59275,1.00,1.00
2010.09.06 14:18:57.592,1.59225,1.59275,1.00,1.00
2010.09.06 14:18:57.761,1.5922,1.59275,1.00,1.00
2010.09.06 14:18:57.844,1.5922,1.59275,1.00,1.00
2010.09.06 14:18:57.921,1.5924,1.5928,1.60,1.60
2010.09.06 14:18:58.240,1.5923,1.5928,2.30,1.60
2010.09.06 14:18:58.320,1.5923,1.5928,1.00,1.60
2010.09.06 14:18:58.400,1.59235,1.59285,1.60,1.00
2010.09.06 14:18:58.722,1.59245,1.5929,1.00,1.00
2010.09.06 14:18:59.062,1.59245,1.59295,1.00,1.60
2010.09.06 14:18:59.400,1.59245,1.593,1.00,1.00
2010.09.06 14:19:00.613,1.59245,1.593,1.00,1.00
2010.09.06 14:19:01.159,1.59245,1.593,1.20,1.00
2010.09.06 14:19:01.382,1.59245,1.593,1.00,1.00
2010.09.06 14:19:03.141,1.5924,1.593,1.40,1.00
2010.09.06 14:19:03.279,1.5924,1.593,1.30,1.00
2010.09.06 14:19:03.411,1.5924,1.59295,1.00,1.00
2010.09.06 14:19:04.662,1.5924,1.59295,1.00,1.00
2010.09.06 14:19:07.408,1.5924,1.5929,1.00,1.00
2010.09.06 14:19:07.509,1.5924,1.59295,1.00,1.00
2010.09.06 14:19:07.638,1.5924,1.593,1.00,1.00
2010.09.06 14:19:08.148,1.5924,1.593,1.00,1.00
2010.09.06 14:19:08.812,1.5924,1.593,1.00,1.00
2010.09.06 14:19:09.099,1.5923,1.59295,1.20,1.00
2010.09.06 14:19:09.380,1.5923,1.5929,1.00,1.00
2010.09.06 14:19:10.610,1.5923,1.5929,1.00,1.00
2010.09.06 14:19:12.199,1.59235,1.5929,1.00,1.00
2010.09.06 14:19:12.308,1.59235,1.593,1.00,2.80
2010.09.06 14:19:12.540,1.59235,1.593,1.00,1.30
2010.09.06 14:19:12.651,1.5924,1.593,1.00,1.30
2010.09.06 14:19:14.684,1.59245,1.59295,1.00,1.00
2010.09.06 14:19:24.820,1.5924,1.59295,1.00,1.00
2010.09.06 14:19:24.910,1.59235,1.5929,1.00,1.00
2010.09.06 14:19:25.089,1.59235,1.5929,1.00,1.00
2010.09.06 14:19:25.179,1.59235,1.59285,1.00,1.00
2010.09.06 14:19:25.270,1.5923,1.59285,1.00,1.00
2010.09.06 14:19:25.360,1.5923,1.59285,1.00,1.20
2010.09.06 14:19:26.871,1.5923,1.59285,1.00,1.00
2010.09.06 14:19:27.330,1.5923,1.59285,1.00,1.00
2010.09.06 14:19:27.489,1.5923,1.5928,1.00,1.00
2010.09.06 14:19:27.639,1.59235,1.59285,1.00,1.00
2010.09.06 14:19:28.360,1.59235,1.5929,1.00,1.00
2010.09.06 14:19:28.569,1.59235,1.59295,1.00,1.00
2010.09.06 14:19:28.780,1.5924,1.59295,1.20,1.00
2010.09.06 14:19:29.059,1.5924,1.59295,1.00,1.00
2010.09.06 14:19:29.329,1.5924,1.59295,1.00,1.00
2010.09.06 14:19:30.260,1.59245,1.59295,1.00,1.00
2010.09.06 14:19:30.529,1.59245,1.593,1.40,1.00
2010.09.06 14:19:30.658,1.59245,1.59295,1.20,1.00
2010.09.06 14:19:30.788,1.59245,1.59295,1.00,1.00
2010.09.06 14:19:30.919,1.5924,1.59295,2.00,1.00
2010.09.06 14:19:31.049,1.5924,1.5929,1.00,1.50
2010.09.06 14:19:31.189,1.5924,1.5928,1.50,1.00
2010.09.06 14:19:31.320,1.59235,1.59285,1.00,1.00
2010.09.06 14:19:31.702,1.5924,1.59285,1.00,1.00
2010.09.06 14:19:31.839,1.5924,1.59285,1.00,1.00
2010.09.06 14:19:33.460,1.5925,1.59285,1.00,1.00
2010.09.06 14:19:33.808,1.59255,1.59285,1.00,1.00
2010.09.06 14:19:33.932,1.5926,1.59285,1.00,1.00
2010.09.06 14:19:34.042,1.59265,1.59315,1.00,1.70
2010.09.06 14:19:34.150,1.59265,1.59315,1.00,1.00
2010.09.06 14:19:34.513,1.59265,1.5931,1.00,1.00
2010.09.06 14:19:34.961,1.59255,1.59305,1.00,1.00
2010.09.06 14:19:35.946,1.59255,1.59305,1.00,1.00
2010.09.06 14:19:36.716,1.59255,1.593,1.00,1.00
2010.09.06 14:19:36.919,1.59255,1.59305,1.00,1.00
2010.09.06 14:19:38.651,1.59255,1.593,1.00,1.00
2010.09.06 14:19:38.992,1.59255,1.59295,1.00,1.00
2010.09.06 14:19:39.339,1.59265,1.5931,1.00,1.00
2010.09.06 14:19:39.681,1.59265,1.59315,1.00,1.00
2010.09.06 14:19:40.550,1.59265,1.5931,1.00,1.00
2010.09.06 14:19:40.890,1.59265,1.59315,1.00,1.00
2010.09.06 14:19:41.764,1.59265,1.59315,1.00,1.00
2010.09.06 14:19:41.971,1.59265,1.59315,1.00,1.00
2010.09.06 14:19:42.431,1.59265,1.59315,1.00,1.00
2010.09.06 14:19:43.599,1.59265,1.59315,1.00,1.00
2010.09.06 14:19:43.909,1.59265,1.59315,1.00,1.00
2010.09.06 14:19:44.219,1.59265,1.59315,1.00,1.00
2010.09.06 14:19:45.853,1.59265,1.59315,1.00,1.00
2010.09.06 14:19:46.190,1.59295,1.59315,1.00,1.00
2010.09.06 14:19:46.533,1.59315,1.5936,1.00,1.60
2010.09.06 14:19:46.843,1.59315,1.5936,1.00,1.00
2010.09.06 14:19:47.340,1.5931,1.5937,1.00,1.00
2010.09.06 14:19:47.684,1.593,1.5936,2.40,1.00
2010.09.06 14:19:48.023,1.593,1.5936,1.00,1.00
2010.09.06 14:19:48.729,1.593,1.5935,1.00,1.00
2010.09.06 14:19:49.070,1.5929,1.59345,1.00,1.00
2010.09.06 14:19:49.410,1.5929,1.59345,1.00,1.00
2010.09.06 14:19:49.750,1.5929,1.5934,1.00,1.00
2010.09.06 14:19:50.089,1.5929,1.5934,1.00,1.00
2010.09.06 14:19:50.429,1.5929,1.59335,1.00,1.00
2010.09.06 14:19:52.549,1.5929,1.5933,1.00,1.00
2010.09.06 14:19:52.759,1.5929,1.5933,1.00,1.00
2010.09.06 14:19:55.849,1.5929,1.59335,1.00,1.00
2010.09.06 14:19:56.523,1.5929,1.5933,1.00,1.00
2010.09.06 14:19:56.741,1.5929,1.5933,1.00,1.00
2010.09.06 14:19:57.620,1.5929,1.59335,1.00,1.00
2010.09.06 14:19:57.749,1.5929,1.5933,1.00,1.00
2010.09.06 14:19:57.879,1.59285,1.5933,2.00,1.00
2010.09.06 14:19:58.136,1.59285,1.59335,2.00,1.00
2010.09.06 14:19:58.426,1.59285,1.59335,1.00,1.00
2010.09.06 14:19:58.989,1.5928,1.59335,1.30,1.00
2010.09.06 14:19:59.540,1.59285,1.59335,1.00,1.00
2010.09.06 14:20:02.408,1.59285,1.5934,1.00,1.00
2010.09.06 14:20:03.827,1.59285,1.59335,1.00,1.00
2010.09.06 14:20:08.566,1.59285,1.59335,1.00,1.00
2010.09.06 14:20:10.631,1.59285,1.5933,1.00,1.00
2010.09.06 14:20:10.849,1.59285,1.59335,1.00,1.00
2010.09.06 14:20:11.756,1.59285,1.5933,1.00,1.00
2010.09.06 14:20:12.014,1.59285,1.5933,1.00,1.00
2010.09.06 14:20:12.839,1.59285,1.59325,1.00,1.00
2010.09.06 14:20:15.216,1.59285,1.5933,1.00,1.00
2010.09.06 14:20:19.939,1.5928,1.5933,2.50,1.00
2010.09.06 14:20:20.189,1.5928,1.5933,1.00,1.00
2010.09.06 14:20:21.864,1.5928,1.5933,1.00,1.00
2010.09.06 14:20:21.921,1.5928,1.5933,1.00,1.00
2010.09.06 14:20:22.051,1.5928,1.59325,1.00,1.00
2010.09.06 14:20:22.079,1.59275,1.59325,1.60,1.00
2010.09.06 14:20:22.172,1.59275,1.5932,1.60,1.00
2010.09.06 14:20:22.198,1.59265,1.5932,1.00,1.00
2010.09.06 14:20:22.487,1.5926,1.5932,1.20,1.00
2010.09.06 14:20:22.519,1.59265,1.59325,1.00,1.00
2010.09.06 14:20:22.662,1.59265,1.59325,1.00,1.00
2010.09.06 14:20:22.681,1.59265,1.59325,1.20,1.00
2010.09.06 14:20:22.705,1.5927,1.59325,1.00,1.00
2010.09.06 14:20:23.243,1.5927,1.5932,1.00,1.00
2010.09.06 14:20:23.579,1.5927,1.59325,1.00,1.00
2010.09.06 14:20:24.130,1.59265,1.59315,1.00,1.00
2010.09.06 14:20:24.473,1.5926,1.5932,1.00,1.00
2010.09.06 14:20:26.608,1.59265,1.59325,1.00,1.20
2010.09.06 14:20:26.749,1.5927,1.59325,1.00,1.00
2010.09.06 14:20:27.013,1.5927,1.59325,1.20,1.00
2010.09.06 14:20:27.163,1.5927,1.59325,1.00,1.00
2010.09.06 14:20:27.310,1.59275,1.59325,1.00,1.00
2010.09.06 14:20:27.652,1.59265,1.59325,1.00,1.00
2010.09.06 14:20:27.990,1.59265,1.59325,1.00,1.30
2010.09.06 14:20:28.331,1.59265,1.5932,1.00,1.00
2010.09.06 14:20:29.146,1.59265,1.59315,1.00,1.00
2010.09.06 14:20:29.564,1.59265,1.5932,1.00,1.00
2010.09.06 14:20:29.679,1.5927,1.5932,1.00,1.00
2010.09.06 14:20:29.791,1.59275,1.5932,1.00,1.00
2010.09.06 14:20:30.470,1.5926,1.5932,1.20,1.00
2010.09.06 14:20:30.648,1.59265,1.5932,1.00,1.00
2010.09.06 14:20:31.189,1.59265,1.5932,1.30,1.00
2010.09.06 14:20:31.368,1.59265,1.5932,1.20,1.00
2010.09.06 14:20:31.880,1.59265,1.5932,1.00,1.00
2010.09.06 14:20:32.099,1.59265,1.59325,1.00,1.00
2010.09.06 14:20:33.370,1.5927,1.59325,1.00,1.00
2010.09.06 14:20:33.731,1.59265,1.59325,1.00,1.00
2010.09.06 14:20:34.021,1.5927,1.5932,1.00,1.00
2010.09.06 14:20:34.795,1.59265,1.5932,1.00,1.00
2010.09.06 14:20:34.929,1.5927,1.5932,1.00,1.00
2010.09.06 14:20:36.677,1.59275,1.5932,1.00,1.00
2010.09.06 14:20:37.571,1.59275,1.5932,1.00,1.00
2010.09.06 14:20:37.879,1.5927,1.5932,1.00,1.00
2010.09.06 14:20:38.116,1.5927,1.5932,1.00,1.00
2010.09.06 14:20:38.321,1.59275,1.5933,1.00,1.00
2010.09.06 14:20:39.502,1.59275,1.5933,1.00,1.00
2010.09.06 14:20:41.988,1.59275,1.5933,1.20,1.00
2010.09.06 14:20:42.049,1.59275,1.59335,1.30,1.00
2010.09.06 14:20:42.109,1.59275,1.59335,1.30,1.00
2010.09.06 14:20:42.169,1.59285,1.59335,1.00,1.00
2010.09.06 14:20:42.419,1.59285,1.59335,1.00,1.00
2010.09.06 14:20:42.551,1.59285,1.59335,1.00,1.00
2010.09.06 14:20:43.058,1.59285,1.59335,1.00,1.00
2010.09.06 14:20:43.294,1.59275,1.5933,1.00,1.00
2010.09.06 14:20:43.521,1.59275,1.5933,1.00,1.00
2010.09.06 14:20:44.574,1.59275,1.5932,1.00,1.00
2010.09.06 14:20:44.901,1.5927,1.5933,1.00,1.00
2010.09.06 14:20:45.091,1.5927,1.5933,1.00,1.00
2010.09.06 14:20:45.280,1.5927,1.5933,2.80,1.00
2010.09.06 14:20:45.670,1.59275,1.5933,1.00,1.00
2010.09.06 14:20:45.860,1.59275,1.5933,1.00,1.00
2010.09.06 14:20:46.255,1.5928,1.5933,1.00,1.00
2010.09.06 14:20:46.462,1.59275,1.5933,1.00,1.00
2010.09.06 14:20:48.099,1.5928,1.5933,1.00,1.00
2010.09.06 14:20:48.451,1.5928,1.5933,1.00,1.00
2010.09.06 14:20:48.631,1.5928,1.5933,1.60,1.00
2010.09.06 14:20:49.166,1.5928,1.59335,1.60,1.60
2010.09.06 14:20:49.477,1.5928,1.5934,1.60,1.00
2010.09.06 14:20:49.749,1.59285,1.5934,1.00,1.00
2010.09.06 14:20:51.902,1.5929,1.59345,1.00,1.00
2010.09.06 14:20:52.126,1.5929,1.59345,1.60,1.00
2010.09.06 14:20:53.632,1.59295,1.59345,1.00,1.00
2010.09.06 14:20:55.856,1.59295,1.5935,1.00,1.60
2010.09.06 14:20:56.082,1.59295,1.5935,1.00,1.00
2010.09.06 14:20:56.601,1.593,1.5935,1.00,1.00
2010.09.06 14:20:58.830,1.593,1.5935,1.00,1.00
2010.09.06 14:20:58.933,1.5929,1.59345,1.60,1.00
2010.09.06 14:20:59.152,1.5929,1.59345,1.00,1.00
2010.09.06 14:21:01.965,1.5929,1.5934,1.00,1.00
2010.09.06 14:21:02.737,1.59295,1.59345,1.00,1.00
2010.09.06 14:21:03.760,1.59295,1.5935,1.00,1.00
2010.09.06 14:21:04.096,1.59295,1.5935,1.00,1.00
2010.09.06 14:21:04.363,1.5929,1.59345,1.00,1.00
2010.09.06 14:21:04.911,1.5929,1.5935,1.00,1.00
2010.09.06 14:21:05.179,1.5929,1.5935,1.00,1.00
2010.09.06 14:21:05.308,1.5929,1.5935,1.60,1.00
2010.09.06 14:21:05.750,1.59295,1.5935,1.00,1.00
2010.09.06 14:21:05.978,1.59295,1.5935,1.00,1.30
2010.09.06 14:21:06.081,1.5929,1.5935,1.60,1.00
2010.09.06 14:21:06.281,1.5929,1.5935,1.00,1.00
2010.09.06 14:21:06.380,1.5929,1.59345,1.50,1.00
2010.09.06 14:21:06.480,1.59285,1.59345,1.00,1.00
2010.09.06 14:21:06.580,1.5929,1.59345,1.00,1.00
2010.09.06 14:21:06.920,1.5929,1.59345,1.00,1.00
2010.09.06 14:21:07.260,1.5928,1.59345,1.00,1.20
2010.09.06 14:21:07.600,1.5928,1.5934,1.00,1.00
2010.09.06 14:21:07.779,1.5928,1.59335,1.00,1.00
2010.09.06 14:21:10.291,1.5928,1.59335,1.00,1.00
2010.09.06 14:21:11.062,1.5928,1.59335,1.00,1.00
2010.09.06 14:21:12.054,1.5928,1.5934,1.00,1.00
2010.09.06 14:21:12.219,1.5928,1.5934,2.80,1.00
2010.09.06 14:21:12.379,1.5929,1.5934,1.00,1.00
2010.09.06 14:21:13.556,1.5929,1.5934,1.00,1.00
2010.09.06 14:21:18.419,1.5929,1.5934,1.00,1.00
2010.09.06 14:21:20.120,1.5929,1.5935,1.00,1.00
2010.09.06 14:21:20.324,1.59295,1.5935,1.50,1.00
2010.09.06 14:21:20.371,1.593,1.5935,1.00,1.00
2010.09.06 14:21:22.644,1.593,1.59345,1.00,1.00
2010.09.06 14:21:24.347,1.593,1.5935,1.00,1.00
2010.09.06 14:21:24.785,1.593,1.59345,1.00,1.00
2010.09.06 14:21:27.646,1.593,1.5935,1.00,1.00
2010.09.06 14:21:27.864,1.593,1.59345,1.00,1.00
2010.09.06 14:21:28.459,1.593,1.59345,1.00,1.00
2010.09.06 14:21:28.723,1.5929,1.59345,1.00,1.00
2010.09.06 14:21:28.983,1.59295,1.59345,1.00,1.00
2010.09.06 14:21:29.240,1.59295,1.5935,1.00,1.00
2010.09.06 14:21:30.099,1.5929,1.59345,2.10,1.00
2010.09.06 14:21:30.414,1.5929,1.59345,1.00,1.00
2010.09.06 14:21:30.599,1.59295,1.59345,1.00,1.00
2010.09.06 14:21:31.414,1.59295,1.59345,1.00,1.00
2010.09.06 14:21:33.365,1.593,1.5935,1.00,1.00
2010.09.06 14:21:33.520,1.593,1.5935,1.00,1.00
2010.09.06 14:21:35.970,1.593,1.5935,1.00,1.00
2010.09.06 14:21:36.799,1.593,1.59355,1.00,1.00
2010.09.06 14:21:37.286,1.593,1.59355,1.00,1.00
2010.09.06 14:21:37.600,1.5931,1.59355,1.00,1.00
2010.09.06 14:21:37.920,1.59305,1.5936,1.00,1.00
2010.09.06 14:21:38.241,1.59305,1.5936,1.00,1.00
2010.09.06 14:21:38.580,1.59305,1.5936,1.00,1.00
2010.09.06 14:21:38.919,1.5931,1.5936,1.00,1.00
2010.09.06 14:21:39.973,1.5931,1.5936,1.00,1.00
2010.09.06 14:21:45.780,1.5931,1.5936,1.00,1.00
2010.09.06 14:21:46.819,1.59305,1.5936,1.00,1.00
2010.09.06 14:21:48.270,1.5931,1.5936,1.00,1.00
2010.09.06 14:21:49.144,1.59305,1.5936,1.00,1.00
2010.09.06 14:21:49.481,1.593,1.59355,1.00,1.00
2010.09.06 14:21:49.820,1.593,1.59355,1.00,1.00
2010.09.06 14:21:50.050,1.593,1.5936,1.00,1.00
2010.09.06 14:21:50.525,1.59305,1.59365,1.00,1.00
2010.09.06 14:21:50.760,1.59305,1.5936,1.00,1.00
2010.09.06 14:21:50.990,1.593,1.5936,1.00,1.00
2010.09.06 14:21:51.320,1.59305,1.5936,1.00,1.00
2010.09.06 14:21:51.830,1.5931,1.59365,1.00,1.00
2010.09.06 14:21:52.622,1.5931,1.5936,1.00,1.00
2010.09.06 14:22:03.449,1.5931,1.59365,1.00,1.00
2010.09.06 14:22:04.040,1.59315,1.59365,1.00,1.00
2010.09.06 14:22:04.382,1.5931,1.59365,1.00,1.00
2010.09.06 14:22:04.722,1.5931,1.5936,1.00,1.00
2010.09.06 14:22:05.061,1.5931,1.59365,1.00,1.00
2010.09.06 14:22:05.404,1.59315,1.59365,1.50,1.00
2010.09.06 14:22:05.742,1.5931,1.59365,1.00,1.00
2010.09.06 14:22:06.800,1.59315,1.5937,1.00,1.00
2010.09.06 14:22:07.399,1.59315,1.5937,1.00,1.00
2010.09.06 14:22:08.052,1.5932,1.5937,1.00,1.00
2010.09.06 14:22:08.390,1.5931,1.59365,1.60,1.00
2010.09.06 14:22:08.732,1.5931,1.59365,1.00,1.00
2010.09.06 14:22:08.931,1.59315,1.59365,1.00,1.00
2010.09.06 14:22:10.820,1.5931,1.59365,1.00,1.00
2010.09.06 14:22:12.247,1.59315,1.59365,1.00,1.00
2010.09.06 14:22:15.813,1.5931,1.59365,1.00,1.00
2010.09.06 14:22:17.028,1.5931,1.5936,1.00,1.00
2010.09.06 14:22:19.878,1.59315,1.59365,1.00,1.00
2010.09.06 14:22:20.940,1.5931,1.5936,1.00,1.00
2010.09.06 14:22:21.111,1.5931,1.5936,1.00,1.00
2010.09.06 14:22:25.500,1.59305,1.59355,1.00,1.00
2010.09.06 14:22:26.479,1.593,1.5936,1.00,1.00
2010.09.06 14:22:26.785,1.59295,1.59355,1.60,1.00
2010.09.06 14:22:27.007,1.59295,1.5935,1.00,1.00
2010.09.06 14:22:27.609,1.59295,1.59355,1.00,1.00
2010.09.06 14:22:27.951,1.593,1.5936,1.00,1.00
2010.09.06 14:22:28.289,1.593,1.5936,1.00,1.00
2010.09.06 14:22:34.311,1.59295,1.59355,1.30,1.00
2010.09.06 14:22:34.651,1.5931,1.59365,2.30,1.00
2010.09.06 14:22:34.993,1.5931,1.59365,1.00,1.00
2010.09.06 14:22:35.210,1.59315,1.59365,1.00,1.00
2010.09.06 14:22:36.623,1.59315,1.59365,1.00,1.00
2010.09.06 14:22:37.061,1.59315,1.5937,1.00,1.00
2010.09.06 14:22:37.611,1.59315,1.5937,1.00,1.00
2010.09.06 14:22:40.661,1.59315,1.59365,1.00,1.00
2010.09.06 14:22:40.870,1.59315,1.5937,1.00,1.00
2010.09.06 14:22:42.781,1.59315,1.5937,1.00,1.00
2010.09.06 14:22:43.233,1.59315,1.5937,1.00,1.00
2010.09.06 14:22:43.319,1.5932,1.5937,1.00,1.00
2010.09.06 14:22:43.500,1.5932,1.5937,1.00,1.00
2010.09.06 14:22:45.803,1.5932,1.5937,1.00,1.00
2010.09.06 14:22:49.135,1.5932,1.5937,1.00,1.00
2010.09.06 14:22:50.330,1.5932,1.5937,1.00,1.00
2010.09.06 14:22:50.480,1.5932,1.5937,1.00,1.00
2010.09.06 14:22:50.816,1.59325,1.59365,1.00,1.00
2010.09.06 14:22:51.162,1.59325,1.5936,1.00,1.00
2010.09.06 14:22:51.381,1.59325,1.59365,1.00,1.00
2010.09.06 14:22:51.870,1.59325,1.5936,1.00,1.00
2010.09.06 14:22:52.119,1.5931,1.5936,1.00,1.00
2010.09.06 14:22:52.659,1.5931,1.59365,1.00,1.30
2010.09.06 14:22:52.849,1.5931,1.59365,1.00,1.00
2010.09.06 14:22:53.330,1.5931,1.59365,1.00,1.00
2010.09.06 14:22:53.840,1.59315,1.59365,1.00,1.00
2010.09.06 14:22:54.099,1.59315,1.5937,1.00,1.00
2010.09.06 14:22:54.478,1.59315,1.59365,1.00,1.00
2010.09.06 14:22:54.614,1.59315,1.5937,1.00,1.00
2010.09.06 14:22:54.739,1.59315,1.5937,1.20,1.00
2010.09.06 14:22:54.869,1.59315,1.5937,2.70,1.00
2010.09.06 14:22:55.000,1.59315,1.59365,2.70,1.00
2010.09.06 14:22:55.130,1.59315,1.59365,1.20,1.00
2010.09.06 14:22:55.260,1.59315,1.59355,1.00,1.00
2010.09.06 14:22:55.389,1.59305,1.59355,2.00,1.00
2010.09.06 14:22:55.840,1.59305,1.59355,1.00,1.00
2010.09.06 14:22:56.429,1.59305,1.59355,1.00,1.00
2010.09.06 14:22:57.871,1.59305,1.5936,1.00,2.00
2010.09.06 14:22:58.080,1.59305,1.59355,1.00,1.00
2010.09.06 14:22:58.733,1.59305,1.5936,1.00,1.00
2010.09.06 14:22:59.072,1.59305,1.5936,1.00,1.00
2010.09.06 14:22:59.411,1.5932,1.5938,1.00,1.30
2010.09.06 14:23:00.160,1.5932,1.59375,1.00,1.00
2010.09.06 14:23:00.933,1.5932,1.5937,1.00,1.00
2010.09.06 14:23:01.730,1.5932,1.5937,1.00,1.00
2010.09.06 14:23:02.971,1.5932,1.59365,1.00,1.00
2010.09.06 14:23:03.840,1.5932,1.59365,1.00,1.00
2010.09.06 14:23:03.972,1.5932,1.5936,1.00,1.00
2010.09.06 14:23:05.751,1.5932,1.5936,1.00,1.00
2010.09.06 14:23:06.955,1.5932,1.5936,1.00,1.00
2010.09.06 14:23:07.687,1.5932,1.5936,1.00,1.00
2010.09.06 14:23:08.010,1.5932,1.59355,1.00,1.00
2010.09.06 14:23:08.170,1.5932,1.59355,1.00,1.00
2010.09.06 14:23:10.255,1.5932,1.5936,1.00,1.00
2010.09.06 14:23:10.389,1.5932,1.5936,1.00,1.00
2010.09.06 14:23:10.530,1.5932,1.5936,1.00,1.60
2010.09.06 14:23:10.669,1.5932,1.5936,1.00,1.00
2010.09.06 14:23:11.010,1.593,1.59355,1.00,1.00
2010.09.06 14:23:14.129,1.593,1.5935,1.00,1.00
2010.09.06 14:23:17.341,1.593,1.59355,1.00,1.00
2010.09.06 14:23:17.831,1.59305,1.59355,1.00,1.00
2010.09.06 14:23:19.777,1.59305,1.5936,1.00,1.00
2010.09.06 14:23:20.530,1.59305,1.59355,1.00,1.00
2010.09.06 14:23:21.240,1.59305,1.5936,1.00,1.00
2010.09.06 14:23:21.582,1.5931,1.5936,1.00,1.00
2010.09.06 14:23:21.880,1.5931,1.59365,1.00,1.20
2010.09.06 14:23:22.222,1.5931,1.59365,1.00,1.00
2010.09.06 14:23:22.662,1.5931,1.59365,1.00,1.00
2010.09.06 14:23:22.999,1.59315,1.59365,1.00,1.00
2010.09.06 14:23:25.156,1.5931,1.59365,1.00,1.00
2010.09.06 14:23:25.609,1.5931,1.5936,1.00,1.00
2010.09.06 14:23:28.942,1.5931,1.59365,1.00,1.00
2010.09.06 14:23:29.380,1.59315,1.59365,1.00,1.00
2010.09.06 14:23:29.683,1.59315,1.59365,1.00,1.00
2010.09.06 14:23:33.359,1.59315,1.59365,1.00,1.00
2010.09.06 14:23:34.109,1.5931,1.5936,1.00,1.00
2010.09.06 14:23:34.250,1.59315,1.5937,1.00,1.00
2010.09.06 14:23:34.929,1.59315,1.59365,1.00,1.00
2010.09.06 14:23:35.340,1.5931,1.59365,1.00,1.00
2010.09.06 14:23:35.600,1.59315,1.59365,1.00,1.00
2010.09.06 14:23:35.860,1.5931,1.59365,1.00,1.00
2010.09.06 14:23:36.120,1.5931,1.59365,1.00,1.00
2010.09.06 14:23:36.379,1.59315,1.5937,1.00,1.00
2010.09.06 14:23:36.579,1.59315,1.5937,1.00,1.60
2010.09.06 14:23:36.780,1.59315,1.59365,1.00,1.00
2010.09.06 14:23:40.163,1.5931,1.5936,1.00,1.00
2010.09.06 14:23:45.238,1.59305,1.5936,1.00,1.00
2010.09.06 14:23:45.638,1.59305,1.5936,1.00,1.00
2010.09.06 14:23:45.722,1.59305,1.5936,1.00,1.00
2010.09.06 14:23:46.064,1.59305,1.5936,1.00,1.00
2010.09.06 14:23:46.401,1.59305,1.59355,1.00,1.00
2010.09.06 14:23:47.054,1.59305,1.5935,1.00,1.00
2010.09.06 14:23:47.882,1.59305,1.59355,1.00,1.00
2010.09.06 14:23:48.150,1.59305,1.5936,1.00,1.00
2010.09.06 14:23:48.420,1.59295,1.5936,3.60,1.00
2010.09.06 14:23:48.788,1.59295,1.5936,2.00,1.00
2010.09.06 14:23:49.131,1.59295,1.59355,1.00,1.00
2010.09.06 14:23:50.150,1.59295,1.5935,1.00,1.00
2010.09.06 14:23:52.223,1.59295,1.59345,1.00,1.00
2010.09.06 14:23:53.339,1.59295,1.59345,1.00,1.00
2010.09.06 14:23:53.540,1.59295,1.59345,1.20,1.00
2010.09.06 14:23:53.852,1.5931,1.59355,1.00,1.00
2010.09.06 14:23:54.067,1.5931,1.59355,1.00,1.00
2010.09.06 14:23:54.750,1.5931,1.5935,1.00,1.00
2010.09.06 14:23:55.090,1.5931,1.59355,1.00,1.00
2010.09.06 14:23:55.782,1.5931,1.5936,1.00,1.00
2010.09.06 14:23:56.809,1.5931,1.5936,1.00,1.00
2010.09.06 14:23:57.600,1.5931,1.5936,1.00,1.00
2010.09.06 14:23:57.940,1.5931,1.59355,1.00,1.00
2010.09.06 14:23:59.494,1.5931,1.5936,1.00,1.00
2010.09.06 14:23:59.829,1.5931,1.5936,1.00,1.00
2010.09.06 14:23:59.999,1.5931,1.5936,1.00,1.00
2010.09.06 14:24:00.263,1.5931,1.5937,1.00,1.60
2010.09.06 14:24:00.630,1.5931,1.5937,1.00,1.00
2010.09.06 14:24:01.361,1.5931,1.5937,1.00,1.00
2010.09.06 14:24:01.559,1.59315,1.5937,1.00,1.00
2010.09.06 14:24:03.703,1.5932,1.5937,1.00,1.00
2010.09.06 14:24:05.140,1.5932,1.5937,1.00,1.00
2010.09.06 14:24:05.250,1.5932,1.59375,1.00,1.00
2010.09.06 14:24:05.362,1.5933,1.59375,1.00,1.00
2010.09.06 14:24:05.480,1.5933,1.5938,1.00,1.00
2010.09.06 14:24:05.861,1.5932,1.59375,1.00,1.00
2010.09.06 14:24:06.161,1.5932,1.59375,1.00,1.00
2010.09.06 14:24:06.957,1.5932,1.5937,1.00,1.00
2010.09.06 14:24:07.210,1.5932,1.59375,1.00,1.00
2010.09.06 14:24:07.711,1.5932,1.5937,1.00,1.00
2010.09.06 14:24:09.060,1.59315,1.5937,1.00,1.00
2010.09.06 14:24:12.211,1.59315,1.59365,1.00,1.00
2010.09.06 14:24:12.872,1.59315,1.5937,1.00,1.00
2010.09.06 14:24:13.212,1.59315,1.59365,1.00,1.00
2010.09.06 14:24:17.431,1.5931,1.5936,1.00,1.00
2010.09.06 14:24:17.659,1.59315,1.59365,1.00,1.00
2010.09.06 14:24:18.699,1.5931,1.59365,1.00,1.00
2010.09.06 14:24:19.176,1.59315,1.5937,1.00,1.00
2010.09.06 14:24:19.510,1.5932,1.59375,1.00,1.00
2010.09.06 14:24:19.850,1.5932,1.59375,1.00,1.00
2010.09.06 14:24:20.124,1.5932,1.59375,1.00,1.20
2010.09.06 14:24:21.466,1.5932,1.5937,1.00,1.00
2010.09.06 14:24:21.761,1.59325,1.59375,1.00,1.00
2010.09.06 14:24:22.343,1.5932,1.5937,1.00,1.00
2010.09.06 14:24:22.730,1.59325,1.59375,1.00,1.00
2010.09.06 14:24:23.163,1.59325,1.59375,1.00,1.00
2010.09.06 14:24:24.374,1.5931,1.5937,1.00,1.00
2010.09.06 14:24:24.710,1.59305,1.59365,1.00,1.00
2010.09.06 14:24:25.050,1.5931,1.59365,1.00,1.00
2010.09.06 14:24:26.763,1.59305,1.59365,1.00,1.00
2010.09.06 14:24:27.277,1.593,1.5936,1.00,1.00
2010.09.06 14:24:27.385,1.593,1.5936,1.00,1.00
2010.09.06 14:24:27.960,1.593,1.59365,1.30,1.00
2010.09.06 14:24:28.305,1.59305,1.5936,1.00,1.00
2010.09.06 14:24:28.652,1.59305,1.59365,1.00,1.00
2010.09.06 14:24:28.992,1.5931,1.59365,1.00,1.00
2010.09.06 14:24:29.330,1.59305,1.59365,1.00,1.00
2010.09.06 14:24:31.152,1.5931,1.59365,1.00,1.00
2010.09.06 14:24:32.288,1.5931,1.5937,1.00,1.00
2010.09.06 14:24:32.853,1.5931,1.5937,1.60,1.00
2010.09.06 14:24:33.278,1.59315,1.59375,1.00,1.00
2010.09.06 14:24:33.502,1.59315,1.59375,1.60,1.00
2010.09.06 14:24:33.720,1.5932,1.59375,1.00,1.00
2010.09.06 14:24:35.553,1.59325,1.59375,1.00,1.00
2010.09.06 14:24:35.784,1.5932,1.59375,1.00,1.00
2010.09.06 14:24:36.122,1.59325,1.5938,1.00,1.00
2010.09.06 14:24:37.079,1.59325,1.59375,1.00,1.00
2010.09.06 14:24:40.263,1.5933,1.5938,1.00,1.00
2010.09.06 14:24:40.513,1.59325,1.59375,1.00,1.00
2010.09.06 14:24:40.890,1.59325,1.59375,1.00,1.00
2010.09.06 14:24:42.150,1.5932,1.59375,1.00,1.00
2010.09.06 14:24:42.710,1.5932,1.59375,1.00,1.00
2010.09.06 14:24:43.182,1.59325,1.59375,1.00,1.00
2010.09.06 14:24:53.063,1.5931,1.5937,1.00,1.00
2010.09.06 14:24:53.144,1.5931,1.5937,1.00,1.20
2010.09.06 14:24:53.632,1.5931,1.59365,1.00,1.00
2010.09.06 14:24:53.905,1.5931,1.5937,1.00,1.30
2010.09.06 14:24:54.513,1.59315,1.5937,1.00,1.20
2010.09.06 14:24:55.120,1.59315,1.59365,1.00,1.00
2010.09.06 14:24:57.511,1.5931,1.59365,1.00,1.00
2010.09.06 14:24:57.806,1.5931,1.5936,1.00,1.00
2010.09.06 14:24:58.100,1.59315,1.59365,1.00,1.00
2010.09.06 14:24:58.390,1.59315,1.5937,1.00,1.20
2010.09.06 14:24:58.730,1.5931,1.5937,1.00,1.20
2010.09.06 14:24:59.693,1.59315,1.5937,1.00,1.20
2010.09.06 14:25:01.033,1.59315,1.59365,1.00,1.00
2010.09.06 14:25:01.253,1.59315,1.5937,1.00,1.30
2010.09.06 14:25:01.683,1.59315,1.59365,1.00,1.00
2010.09.06 14:25:01.950,1.5931,1.59365,1.00,1.00
2010.09.06 14:25:02.530,1.5931,1.5937,1.00,1.20
2010.09.06 14:25:02.799,1.59315,1.5937,1.00,1.20
2010.09.06 14:25:04.030,1.59305,1.59365,1.60,1.00
2010.09.06 14:25:04.319,1.59305,1.59365,1.00,1.00
2010.09.06 14:25:05.229,1.5931,1.5936,1.00,1.00
2010.09.06 14:25:06.103,1.5931,1.5936,1.60,1.00
2010.09.06 14:25:06.280,1.5931,1.5936,1.50,1.00
2010.09.06 14:25:06.549,1.59305,1.5936,1.00,1.00
2010.09.06 14:25:07.661,1.593,1.5936,1.00,1.00
2010.09.06 14:25:07.980,1.59295,1.5935,1.00,1.00
2010.09.06 14:25:09.340,1.59295,1.5935,1.00,1.00
2010.09.06 14:25:09.880,1.59295,1.59345,1.00,1.00
2010.09.06 14:25:13.224,1.59295,1.59345,1.60,1.00
2010.09.06 14:25:13.549,1.593,1.5935,1.00,1.00
2010.09.06 14:25:13.891,1.593,1.5935,1.00,1.00
2010.09.06 14:25:14.571,1.59295,1.59345,1.60,1.00
2010.09.06 14:25:17.271,1.59295,1.59345,1.60,1.00
2010.09.06 14:25:17.371,1.59295,1.59345,1.50,1.00
2010.09.06 14:25:17.741,1.59295,1.5934,1.00,1.00
2010.09.06 14:25:17.830,1.59295,1.5934,1.00,1.00
2010.09.06 14:25:17.910,1.59285,1.5934,1.00,1.00
2010.09.06 14:25:18.069,1.59285,1.5934,1.00,1.00
2010.09.06 14:25:19.641,1.59285,1.59335,1.00,1.00
2010.09.06 14:25:21.263,1.59285,1.59335,1.00,1.00
2010.09.06 14:25:21.380,1.5928,1.59335,1.50,1.00
2010.09.06 14:25:21.499,1.59275,1.59335,2.00,1.00
2010.09.06 14:25:21.871,1.59275,1.59335,1.60,1.00
2010.09.06 14:25:22.150,1.59275,1.5933,1.60,1.00
2010.09.06 14:25:22.431,1.5927,1.5933,1.60,1.00
2010.09.06 14:25:22.990,1.5927,1.59325,1.60,1.00
2010.09.06 14:25:23.925,1.5927,1.5932,1.60,1.00
2010.09.06 14:25:25.653,1.5927,1.59325,1.60,1.00
2010.09.06 14:25:25.821,1.5927,1.59325,1.00,1.00
2010.09.06 14:25:26.020,1.5927,1.59325,1.60,1.00
2010.09.06 14:25:26.184,1.5927,1.59325,1.00,1.00
2010.09.06 14:25:27.229,1.5927,1.5932,1.00,1.00
2010.09.06 14:25:27.811,1.59265,1.59315,1.50,1.00
2010.09.06 14:25:28.040,1.5926,1.59315,1.60,1.00
2010.09.06 14:25:28.270,1.59265,1.5932,1.00,1.00
2010.09.06 14:25:28.684,1.59265,1.5932,1.00,1.00
2010.09.06 14:25:29.003,1.59265,1.59315,1.00,1.00
2010.09.06 14:25:31.359,1.5926,1.5931,1.00,1.00
2010.09.06 14:25:34.105,1.59255,1.59315,2.00,1.00
2010.09.06 14:25:34.362,1.5926,1.59315,1.50,1.00
2010.09.06 14:25:34.763,1.59255,1.5931,1.50,1.00
2010.09.06 14:25:35.687,1.59255,1.5931,1.60,1.00
2010.09.06 14:25:36.032,1.59255,1.59305,1.50,1.00
2010.09.06 14:25:36.372,1.5925,1.59305,1.60,1.00
2010.09.06 14:25:36.871,1.5925,1.593,1.60,1.00
2010.09.06 14:25:37.053,1.59255,1.59305,1.00,1.00
2010.09.06 14:25:38.170,1.5925,1.59305,1.60,1.00
2010.09.06 14:25:38.732,1.59255,1.59305,1.00,1.00
2010.09.06 14:25:39.252,1.59245,1.59305,1.30,1.00
2010.09.06 14:25:39.550,1.59245,1.59305,1.00,1.00
2010.09.06 14:25:40.680,1.59245,1.593,1.00,1.00
2010.09.06 14:25:41.817,1.5925,1.593,1.00,1.00
2010.09.06 14:25:42.182,1.59245,1.593,1.00,1.00
2010.09.06 14:25:42.659,1.59255,1.59305,1.00,1.00
2010.09.06 14:25:43.098,1.59255,1.59305,1.00,1.00
2010.09.06 14:25:45.390,1.5925,1.593,1.60,1.00
2010.09.06 14:25:45.527,1.5925,1.59305,1.50,1.00
2010.09.06 14:25:45.661,1.59245,1.59305,2.00,1.00
2010.09.06 14:25:45.951,1.59245,1.59305,1.00,1.00
2010.09.06 14:25:46.241,1.59255,1.59305,1.00,1.00
2010.09.06 14:25:46.530,1.59255,1.593,1.00,1.00
2010.09.06 14:25:51.430,1.5925,1.593,1.00,1.00
2010.09.06 14:25:52.191,1.59255,1.5931,1.00,1.00
2010.09.06 14:25:53.901,1.5925,1.59305,1.60,1.00
2010.09.06 14:25:55.553,1.59255,1.59305,1.00,1.00
2010.09.06 14:25:55.678,1.5925,1.59305,1.60,1.00
2010.09.06 14:25:57.665,1.59255,1.59305,1.00,1.00
2010.09.06 14:25:58.492,1.5926,1.59315,1.00,1.00
2010.09.06 14:25:58.802,1.5926,1.59315,1.60,1.00
2010.09.06 14:26:00.112,1.5926,1.5931,1.50,1.00
2010.09.06 14:26:00.450,1.5926,1.5931,1.50,1.00
2010.09.06 14:26:00.791,1.5926,1.59305,1.60,1.00
2010.09.06 14:26:01.549,1.5926,1.59305,1.50,1.00
2010.09.06 14:26:01.751,1.59265,1.59305,1.50,1.00
2010.09.06 14:26:04.149,1.59255,1.59305,1.60,1.00
2010.09.06 14:26:04.393,1.5926,1.59305,1.00,1.00
2010.09.06 14:26:04.805,1.59265,1.59305,1.50,1.00
2010.09.06 14:26:08.705,1.59265,1.59305,1.60,1.00
2010.09.06 14:26:14.622,1.59265,1.59305,1.50,1.00
2010.09.06 14:26:14.916,1.5926,1.59305,1.00,1.20
2010.09.06 14:26:15.142,1.5926,1.59305,1.00,1.20
2010.09.06 14:26:15.372,1.59265,1.59305,1.50,1.00
2010.09.06 14:26:15.921,1.59265,1.59305,1.60,1.00
2010.09.06 14:26:16.432,1.59265,1.593,1.60,1.00
2010.09.06 14:26:16.752,1.59265,1.593,1.50,1.00
2010.09.06 14:26:18.554,1.5926,1.593,1.60,1.00
2010.09.06 14:26:18.761,1.59265,1.593,1.00,1.00
2010.09.06 14:26:25.909,1.59265,1.59305,1.00,1.00
2010.09.06 14:26:26.191,1.59265,1.59305,1.00,1.00
2010.09.06 14:26:26.850,1.5927,1.59305,1.00,1.00
2010.09.06 14:26:27.736,1.59265,1.59305,1.60,1.00
2010.09.06 14:26:27.929,1.59265,1.59305,1.00,1.00
2010.09.06 14:26:29.173,1.59265,1.59305,1.00,1.00
2010.09.06 14:26:34.062,1.59265,1.59305,1.00,1.00
2010.09.06 14:26:34.161,1.59265,1.59305,1.60,1.00
2010.09.06 14:26:34.986,1.5927,1.59305,1.00,1.00
2010.09.06 14:26:35.333,1.5927,1.59305,1.00,1.00
2010.09.06 14:26:36.349,1.5927,1.593,1.00,1.00
2010.09.06 14:26:37.121,1.59265,1.593,1.00,1.00
2010.09.06 14:26:39.501,1.5926,1.5929,1.00,1.00
2010.09.06 14:26:39.681,1.59265,1.5929,1.00,1.00
2010.09.06 14:26:42.067,1.5926,1.5929,1.00,1.00
2010.09.06 14:26:42.270,1.59265,1.5929,1.00,1.00
2010.09.06 14:26:46.000,1.5926,1.5929,1.00,1.00
2010.09.06 14:26:46.255,1.59265,1.5929,1.00,1.00
2010.09.06 14:26:46.394,1.59265,1.5929,1.00,1.00
2010.09.06 14:26:46.700,1.59265,1.59305,1.00,1.00
2010.09.06 14:26:47.940,1.59265,1.59305,1.00,1.00
2010.09.06 14:26:48.084,1.59265,1.59305,1.00,1.00
2010.09.06 14:26:48.235,1.5926,1.59305,1.00,1.00
2010.09.06 14:26:48.382,1.59265,1.59305,1.00,1.00
2010.09.06 14:26:49.028,1.59265,1.59305,1.60,1.00
2010.09.06 14:26:50.743,1.5927,1.59305,1.00,1.00
2010.09.06 14:26:52.602,1.59275,1.59305,1.00,1.00
2010.09.06 14:26:54.031,1.5927,1.59305,1.60,1.00
2010.09.06 14:26:54.114,1.59275,1.59305,1.00,1.00
2010.09.06 14:27:05.732,1.59275,1.5931,1.00,1.00
2010.09.06 14:27:11.162,1.59275,1.5932,1.00,1.00
2010.09.06 14:27:11.279,1.59275,1.59325,1.00,1.00
2010.09.06 14:27:15.309,1.5927,1.5932,1.60,1.00
2010.09.06 14:27:15.449,1.5927,1.5932,1.00,1.00
2010.09.06 14:27:15.590,1.59275,1.59325,1.00,1.00
2010.09.06 14:27:15.731,1.59265,1.59315,1.50,1.00
2010.09.06 14:27:15.981,1.5926,1.59315,1.00,1.00
2010.09.06 14:27:16.133,1.5926,1.59315,1.60,1.00
2010.09.06 14:27:16.286,1.59265,1.5932,1.00,1.00
2010.09.06 14:27:16.630,1.5927,1.59325,1.00,1.00
2010.09.06 14:27:17.722,1.5927,1.5932,1.00,1.00
2010.09.06 14:27:20.692,1.5927,1.5932,1.00,1.00
2010.09.06 14:27:43.001,1.5927,1.5932,1.00,1.00
2010.09.06 14:27:46.320,1.59265,1.59315,1.50,1.00
2010.09.06 14:27:46.850,1.5926,1.59315,1.60,1.00
2010.09.06 14:27:47.170,1.59265,1.5932,1.00,1.00
2010.09.06 14:27:47.320,1.5926,1.5932,1.60,1.00
2010.09.06 14:27:47.652,1.59265,1.5932,1.50,1.00
2010.09.06 14:27:47.992,1.59275,1.59325,1.00,1.00
2010.09.06 14:27:48.332,1.5928,1.59335,1.00,1.00
2010.09.06 14:27:48.720,1.59285,1.59335,1.00,1.00
2010.09.06 14:27:49.371,1.59285,1.5934,1.00,1.00
2010.09.06 14:27:49.870,1.59285,1.5934,1.00,1.00
2010.09.06 14:27:50.213,1.5929,1.5934,1.00,1.00
2010.09.06 14:27:50.555,1.59285,1.59335,1.00,1.00
2010.09.06 14:27:50.941,1.59285,1.59335,1.00,1.00
2010.09.06 14:27:53.040,1.59275,1.59335,2.00,1.00
2010.09.06 14:27:53.149,1.59275,1.59335,1.00,1.00
2010.09.06 14:27:53.700,1.59275,1.5934,1.30,1.00
2010.09.06 14:27:53.984,1.59285,1.5934,1.00,1.00
2010.09.06 14:27:54.085,1.59285,1.59335,1.00,1.00
2010.09.06 14:27:57.587,1.59285,1.59335,1.00,1.00
2010.09.06 14:28:08.431,1.59285,1.59335,1.00,1.00
2010.09.06 14:28:09.171,1.59275,1.59335,1.00,1.00
2010.09.06 14:28:09.270,1.5928,1.59335,1.00,1.00
2010.09.06 14:28:09.370,1.59285,1.59335,1.00,1.00
2010.09.06 14:28:09.471,1.59285,1.59335,1.00,1.00
2010.09.06 14:28:10.596,1.59275,1.59335,1.00,1.00
2010.09.06 14:28:11.600,1.59275,1.5933,1.00,1.00
2010.09.06 14:28:12.156,1.5928,1.59335,1.00,1.00
2010.09.06 14:28:12.710,1.59275,1.59335,1.00,1.00
2010.09.06 14:28:13.851,1.5928,1.59345,2.40,1.00
2010.09.06 14:28:14.760,1.59285,1.59345,1.00,1.00
2010.09.06 14:28:15.351,1.5928,1.59345,2.40,1.00
2010.09.06 14:28:15.701,1.5928,1.59345,2.40,1.00
2010.09.06 14:28:15.781,1.5928,1.5934,2.30,1.00
2010.09.06 14:28:15.860,1.5928,1.59345,2.40,1.00
2010.09.06 14:28:16.000,1.5928,1.59345,2.40,1.00
2010.09.06 14:28:16.334,1.5928,1.5934,2.30,1.00
2010.09.06 14:28:16.669,1.5928,1.5934,2.40,1.00
2010.09.06 14:28:17.272,1.5928,1.59335,2.40,1.00
2010.09.06 14:28:17.609,1.5928,1.5934,2.40,1.00
2010.09.06 14:28:19.039,1.59285,1.5934,1.00,1.00
2010.09.06 14:28:20.609,1.59285,1.5934,1.00,1.00
2010.09.06 14:28:20.739,1.5928,1.5934,2.40,1.00
2010.09.06 14:28:21.459,1.59285,1.5934,1.00,1.00
2010.09.06 14:28:22.750,1.5928,1.5934,1.00,1.00
2010.09.06 14:28:23.092,1.5929,1.59345,1.50,1.00
2010.09.06 14:28:23.232,1.5929,1.5935,1.50,1.00
2010.09.06 14:28:23.372,1.5929,1.59345,1.50,1.00
2010.09.06 14:28:23.515,1.5929,1.59345,1.50,1.00
2010.09.06 14:28:25.862,1.5929,1.5935,1.60,1.00
2010.09.06 14:28:27.443,1.59295,1.5935,1.00,1.00
2010.09.06 14:28:27.614,1.593,1.5936,1.00,1.50
2010.09.06 14:28:27.787,1.593,1.59355,1.50,1.00
2010.09.06 14:28:28.032,1.59295,1.59355,1.50,1.00
2010.09.06 14:28:28.493,1.59295,1.5935,1.50,1.00
2010.09.06 14:28:28.744,1.59305,1.5937,1.50,1.00
2010.09.06 14:28:28.994,1.59305,1.59365,1.50,1.00
2010.09.06 14:28:29.333,1.5931,1.5937,1.00,1.00
2010.09.06 14:28:29.673,1.59315,1.5937,1.00,1.00
2010.09.06 14:28:30.013,1.59315,1.59365,1.00,1.00
2010.09.06 14:28:30.533,1.59315,1.5937,1.00,1.00
2010.09.06 14:28:30.861,1.59315,1.59365,1.00,1.00
2010.09.06 14:28:31.590,1.59315,1.59365,1.00,1.00
2010.09.06 14:28:32.240,1.59305,1.59365,1.60,1.00
2010.09.06 14:28:36.200,1.5931,1.5937,1.00,1.00
2010.09.06 14:28:36.680,1.59305,1.59365,1.60,1.00
2010.09.06 14:28:37.600,1.5931,1.59365,1.00,1.00
2010.09.06 14:28:40.812,1.59315,1.5937,1.00,1.00
2010.09.06 14:28:55.580,1.59315,1.59375,1.00,1.20
2010.09.06 14:28:55.630,1.59315,1.59375,1.00,1.00
2010.09.06 14:28:55.839,1.59315,1.5938,1.00,1.00
2010.09.06 14:28:56.823,1.5932,1.5938,1.00,1.00
2010.09.06 14:28:57.030,1.59315,1.59375,1.00,1.00
2010.09.06 14:28:57.240,1.59315,1.59375,1.00,1.30
2010.09.06 14:28:57.870,1.5931,1.59375,1.00,1.20
2010.09.06 14:28:59.659,1.59315,1.59375,1.00,1.20
2010.09.06 14:29:02.152,1.59315,1.5937,1.00,1.00
2010.09.06 14:29:07.873,1.59315,1.59355,1.00,1.00
2010.09.06 14:29:07.930,1.59305,1.59355,1.50,1.00
2010.09.06 14:29:08.161,1.593,1.59355,1.00,1.00
2010.09.06 14:29:08.709,1.593,1.59355,1.00,1.00
2010.09.06 14:29:09.645,1.593,1.59355,1.00,1.00
2010.09.06 14:29:10.644,1.593,1.59355,1.00,1.00
2010.09.06 14:29:11.622,1.593,1.59355,1.00,1.00
2010.09.06 14:29:15.541,1.593,1.5935,1.00,1.00
2010.09.06 14:29:21.343,1.59295,1.59345,1.00,1.00
2010.09.06 14:29:21.825,1.593,1.5935,1.00,1.00
2010.09.06 14:29:21.972,1.593,1.5935,1.00,1.00
2010.09.06 14:29:22.561,1.593,1.5935,1.00,1.00
2010.09.06 14:29:23.771,1.593,1.5935,1.00,1.00
2010.09.06 14:29:24.880,1.59295,1.5935,1.00,1.00
2010.09.06 14:29:25.138,1.5929,1.59345,1.50,1.00
2010.09.06 14:29:25.393,1.5928,1.59345,1.00,1.00
2010.09.06 14:29:25.835,1.59275,1.59335,1.00,1.00
2010.09.06 14:29:26.080,1.59275,1.59335,1.00,1.00
2010.09.06 14:29:27.770,1.59275,1.5933,1.00,1.00
2010.09.06 14:29:28.012,1.5927,1.5933,1.00,1.00
2010.09.06 14:29:28.280,1.5927,1.5933,1.00,1.00
2010.09.06 14:29:29.592,1.59275,1.59325,1.00,1.00
2010.09.06 14:29:37.290,1.5927,1.59325,1.00,1.00
2010.09.06 14:29:38.390,1.59275,1.59325,1.00,1.00
2010.09.06 14:29:39.570,1.59275,1.5933,1.00,1.00
2010.09.06 14:29:42.593,1.5928,1.5933,1.00,1.00
2010.09.06 14:29:45.450,1.5928,1.5933,1.00,1.00
2010.09.06 14:29:49.283,1.5928,1.5933,1.00,1.00
2010.09.06 14:29:49.353,1.59275,1.5933,2.00,1.00
2010.09.06 14:29:49.566,1.59275,1.5933,1.00,1.00
2010.09.06 14:29:49.782,1.59275,1.5933,1.30,1.00
2010.09.06 14:29:49.864,1.5928,1.5933,1.00,1.00
2010.09.06 14:29:52.607,1.5928,1.5933,1.00,1.00
2010.09.06 14:29:56.731,1.5928,1.5933,1.00,1.00
2010.09.06 14:29:56.896,1.5928,1.59335,1.60,1.00
2010.09.06 14:29:57.280,1.5928,1.59335,2.20,1.00
2010.09.06 14:29:57.440,1.59285,1.59335,1.00,1.00
2010.09.06 14:29:59.849,1.5928,1.5933,1.60,1.00
2010.09.06 14:30:00.082,1.5928,1.5933,2.30,1.00
2010.09.06 14:30:00.210,1.5928,1.5933,1.60,1.00
2010.09.06 14:30:00.471,1.59285,1.59335,1.00,1.00
2010.09.06 14:30:05.043,1.5928,1.5933,1.60,1.00
2010.09.06 14:30:05.210,1.5928,1.5933,1.00,1.00
2010.09.06 14:30:05.380,1.5928,1.5933,1.60,1.00
2010.09.06 14:30:05.552,1.59285,1.59335,1.00,1.00
2010.09.06 14:30:14.144,1.5928,1.5933,1.60,1.00
2010.09.06 14:30:14.281,1.5928,1.5934,1.60,1.00
2010.09.06 14:30:14.624,1.5929,1.5935,1.00,1.00
2010.09.06 14:30:14.692,1.5929,1.5935,1.00,1.00
2010.09.06 14:30:14.892,1.5929,1.5935,1.00,1.00
2010.09.06 14:30:16.037,1.5929,1.5935,1.00,1.00
2010.09.06 14:30:16.609,1.5929,1.59345,1.00,1.00
2010.09.06 14:30:17.042,1.59295,1.59345,1.00,1.00
2010.09.06 14:30:17.436,1.5929,1.59345,1.00,1.00
2010.09.06 14:30:17.651,1.5929,1.5934,1.00,1.00
2010.09.06 14:30:17.872,1.5929,1.59345,1.00,1.00
2010.09.06 14:30:18.675,1.59285,1.5934,1.00,1.00
2010.09.06 14:30:18.901,1.59285,1.59335,1.00,1.00
2010.09.06 14:30:19.644,1.5929,1.5934,1.00,1.00
2010.09.06 14:30:20.830,1.59275,1.59335,1.00,1.00
2010.09.06 14:30:21.133,1.59285,1.59335,1.00,1.00
2010.09.06 14:30:21.632,1.59285,1.59345,1.00,1.20
2010.09.06 14:30:21.880,1.593,1.59345,1.00,1.00
2010.09.06 14:30:22.050,1.593,1.59345,1.00,1.00
2010.09.06 14:30:22.220,1.5929,1.59345,1.00,1.00
2010.09.06 14:30:22.488,1.5929,1.59345,1.00,1.00
2010.09.06 14:30:22.692,1.5929,1.5935,1.60,1.00
2010.09.06 14:30:23.741,1.59295,1.5935,1.00,1.00
2010.09.06 14:30:24.711,1.593,1.5935,1.00,1.00
2010.09.06 14:30:26.706,1.59295,1.59345,1.00,1.00
2010.09.06 14:30:27.211,1.5929,1.5935,1.00,1.00
2010.09.06 14:30:27.511,1.5929,1.59345,1.00,1.00
2010.09.06 14:30:27.741,1.5929,1.59345,1.00,1.00
2010.09.06 14:30:27.857,1.5929,1.59345,1.00,1.00
2010.09.06 14:30:28.203,1.5929,1.5935,1.00,1.00
2010.09.06 14:30:28.881,1.59295,1.5935,1.00,1.00
2010.09.06 14:30:29.414,1.59295,1.5935,1.00,1.00
2010.09.06 14:30:31.239,1.593,1.5935,1.00,1.00
2010.09.06 14:30:35.902,1.593,1.59355,1.00,1.00
2010.09.06 14:30:36.081,1.593,1.59355,1.00,1.00
2010.09.06 14:30:37.187,1.59305,1.59355,1.00,1.00
2010.09.06 14:30:37.994,1.593,1.5935,1.00,1.00
2010.09.06 14:30:46.771,1.59295,1.5935,1.00,1.00
2010.09.06 14:30:46.930,1.59295,1.5935,1.00,1.00
2010.09.06 14:30:47.586,1.59295,1.59345,1.00,1.00
2010.09.06 14:30:48.597,1.59295,1.5935,1.00,1.00
2010.09.06 14:30:48.760,1.59295,1.59345,1.00,1.00
2010.09.06 14:30:49.083,1.59295,1.5935,1.00,1.00
2010.09.06 14:30:49.313,1.59305,1.59355,1.00,1.30
2010.09.06 14:30:49.772,1.59305,1.5935,1.00,1.00
2010.09.06 14:30:50.198,1.59305,1.5935,1.00,1.00
2010.09.06 14:30:50.548,1.59305,1.59355,1.00,1.00
2010.09.06 14:30:50.894,1.593,1.5936,1.00,1.00
2010.09.06 14:30:51.042,1.593,1.59355,1.00,1.00
2010.09.06 14:30:51.672,1.59295,1.59355,1.60,1.00
2010.09.06 14:30:51.820,1.59295,1.59355,1.60,1.00
2010.09.06 14:30:52.155,1.59295,1.59355,1.60,1.00
2010.09.06 14:30:52.315,1.59305,1.5936,1.00,1.00
2010.09.06 14:30:52.770,1.593,1.5936,1.00,1.00
2010.09.06 14:30:53.260,1.59305,1.5936,1.00,1.00
2010.09.06 14:30:53.940,1.59305,1.5936,1.00,1.00
2010.09.06 14:30:54.960,1.59305,1.5936,1.00,1.00
2010.09.06 14:30:56.234,1.59315,1.5937,1.50,1.00
2010.09.06 14:30:56.521,1.59315,1.5937,1.50,1.00
2010.09.06 14:30:56.811,1.59315,1.59375,1.50,1.00
2010.09.06 14:30:57.277,1.59315,1.5937,1.50,1.00
2010.09.06 14:30:57.504,1.59315,1.5937,1.50,1.00
2010.09.06 14:30:58.641,1.59315,1.59365,1.60,1.00
2010.09.06 14:30:58.751,1.59315,1.59365,1.00,1.00
2010.09.06 14:30:59.001,1.59315,1.5937,1.00,1.00
2010.09.06 14:30:59.129,1.59305,1.59365,1.60,1.00
2010.09.06 14:30:59.350,1.5931,1.59365,1.50,1.00
2010.09.06 14:30:59.691,1.59305,1.59365,1.00,1.00
2010.09.06 14:31:00.031,1.59305,1.59365,1.00,1.00
2010.09.06 14:31:01.473,1.5931,1.59365,1.00,1.00
2010.09.06 14:31:01.875,1.59305,1.5936,1.00,1.00
2010.09.06 14:31:01.912,1.59305,1.59365,1.00,1.00
2010.09.06 14:31:02.630,1.5931,1.5936,1.00,1.00
2010.09.06 14:31:03.163,1.59305,1.5936,1.00,1.00
2010.09.06 14:31:03.742,1.5931,1.5936,1.00,1.00
2010.09.06 14:31:04.336,1.59305,1.5936,1.00,1.00
2010.09.06 14:31:04.501,1.59305,1.59365,1.00,1.30
2010.09.06 14:31:04.670,1.59305,1.5936,1.00,1.00
2010.09.06 14:31:05.512,1.59305,1.59355,1.00,1.00
2010.09.06 14:31:05.938,1.593,1.59355,1.00,1.00
2010.09.06 14:31:06.853,1.59305,1.59355,1.00,1.00
2010.09.06 14:31:08.245,1.59305,1.5936,1.00,1.00
2010.09.06 14:31:08.492,1.59305,1.59365,1.00,1.00
2010.09.06 14:31:08.889,1.593,1.5936,2.40,1.00
2010.09.06 14:31:09.411,1.59305,1.59365,1.00,1.00
2010.09.06 14:31:09.751,1.593,1.5936,2.40,1.00
2010.09.06 14:31:10.092,1.59325,1.5938,1.50,1.00
2010.09.06 14:31:10.261,1.59325,1.5938,1.50,1.00
2010.09.06 14:31:10.770,1.59325,1.59375,1.50,1.00
2010.09.06 14:31:10.940,1.59325,1.5938,1.50,1.00
2010.09.06 14:31:11.580,1.59325,1.5938,1.50,1.00
2010.09.06 14:31:11.808,1.59325,1.5938,1.50,1.00
2010.09.06 14:31:13.541,1.59325,1.59375,1.60,1.00
2010.09.06 14:31:14.524,1.59325,1.59375,1.50,1.00
2010.09.06 14:31:15.338,1.59325,1.5938,1.60,1.00
2010.09.06 14:31:17.271,1.59325,1.59375,1.60,1.00
2010.09.06 14:31:17.610,1.59325,1.5938,1.60,1.00
2010.09.06 14:31:17.680,1.5933,1.5938,1.00,1.00
2010.09.06 14:31:17.870,1.59325,1.5938,1.60,1.00
2010.09.06 14:31:18.257,1.59325,1.5938,1.00,1.00
2010.09.06 14:31:18.334,1.59315,1.59375,2.80,1.00
2010.09.06 14:31:18.481,1.59315,1.5938,2.00,1.00
2010.09.06 14:31:18.550,1.5931,1.5937,3.10,1.00
2010.09.06 14:31:19.053,1.593,1.5937,2.80,1.00
2010.09.06 14:31:19.392,1.59305,1.5937,1.00,1.00
2010.09.06 14:31:19.731,1.59305,1.59365,1.00,1.00
2010.09.06 14:31:20.061,1.5932,1.5937,1.00,1.00
2010.09.06 14:31:20.391,1.5932,1.59375,1.00,1.00
2010.09.06 14:31:20.920,1.5932,1.5937,1.00,1.00
2010.09.06 14:31:22.721,1.5932,1.5937,1.00,1.00
2010.09.06 14:31:23.093,1.5932,1.59375,1.00,1.00
2010.09.06 14:31:23.667,1.5932,1.5937,1.00,1.00
2010.09.06 14:31:25.770,1.5932,1.59375,1.20,1.00
2010.09.06 14:31:25.860,1.5933,1.59375,1.00,1.00
2010.09.06 14:31:26.130,1.5933,1.59375,1.00,1.00
2010.09.06 14:31:26.474,1.59325,1.59375,1.00,1.00
2010.09.06 14:31:26.682,1.5932,1.59375,1.00,1.00
2010.09.06 14:31:26.773,1.5932,1.59375,1.00,1.00
2010.09.06 14:31:27.432,1.5932,1.5937,1.00,1.00
2010.09.06 14:31:28.313,1.5932,1.59375,1.00,1.00
2010.09.06 14:31:29.361,1.5932,1.5937,1.00,1.00
2010.09.06 14:31:29.550,1.5932,1.5937,1.00,1.00
2010.09.06 14:31:30.707,1.5932,1.5937,1.00,1.00
2010.09.06 14:31:31.642,1.59325,1.5937,1.00,1.00
2010.09.06 14:31:32.572,1.5932,1.5937,1.00,1.00
2010.09.06 14:31:32.730,1.59325,1.5937,1.00,1.00
2010.09.06 14:31:32.801,1.5932,1.5937,1.00,1.00
2010.09.06 14:31:33.230,1.59325,1.5937,1.00,1.00
2010.09.06 14:31:33.897,1.5932,1.5937,1.00,1.00
2010.09.06 14:31:34.780,1.5932,1.59365,1.00,1.00
2010.09.06 14:31:34.961,1.59315,1.59365,1.00,1.00
2010.09.06 14:31:37.700,1.59315,1.59365,1.00,1.00
2010.09.06 14:31:38.000,1.59315,1.59365,1.00,1.00
2010.09.06 14:31:41.441,1.59315,1.5937,1.00,1.00
2010.09.06 14:31:41.780,1.5932,1.5937,1.00,1.00
2010.09.06 14:31:42.626,1.5932,1.59375,1.00,1.00
2010.09.06 14:31:42.760,1.5932,1.5937,1.00,1.00
2010.09.06 14:31:43.091,1.5932,1.59375,1.00,1.00
2010.09.06 14:31:44.654,1.5932,1.5937,1.00,1.00
2010.09.06 14:31:46.141,1.5932,1.5937,1.00,1.00
2010.09.06 14:31:46.519,1.59315,1.5937,1.00,1.00
2010.09.06 14:31:47.580,1.5932,1.5937,1.00,1.00
2010.09.06 14:31:47.740,1.5932,1.5937,1.00,1.00
2010.09.06 14:31:49.330,1.59325,1.5937,1.00,1.00
2010.09.06 14:31:58.973,1.5933,1.59375,1.00,1.00
2010.09.06 14:32:00.673,1.59325,1.5937,1.00,1.00
2010.09.06 14:32:01.211,1.59325,1.59375,1.00,1.00
2010.09.06 14:32:01.690,1.59325,1.5937,1.00,1.00
2010.09.06 14:32:01.963,1.59325,1.59375,1.00,1.00
2010.09.06 14:32:02.243,1.59325,1.5937,1.00,1.00
2010.09.06 14:32:06.609,1.59325,1.59375,1.00,1.00
2010.09.06 14:32:07.427,1.59325,1.5937,1.00,1.00
2010.09.06 14:32:13.277,1.59325,1.59375,1.00,1.00
2010.09.06 14:32:13.826,1.59325,1.5937,1.00,1.00
2010.09.06 14:32:14.744,1.59325,1.59375,1.00,1.00
2010.09.06 14:32:15.083,1.59325,1.5937,1.00,1.00
2010.09.06 14:32:15.951,1.59325,1.5937,1.00,1.00
2010.09.06 14:32:20.241,1.5932,1.5937,1.00,1.00
2010.09.06 14:32:20.906,1.59315,1.59365,1.00,1.00
2010.09.06 14:32:25.947,1.59315,1.59365,1.00,1.00
2010.09.06 14:32:28.304,1.5931,1.59365,1.00,1.00
2010.09.06 14:32:28.657,1.59305,1.59365,2.00,1.00
2010.09.06 14:32:28.701,1.59305,1.59365,1.30,1.00
2010.09.06 14:32:28.820,1.59305,1.59365,2.80,1.00
2010.09.06 14:32:28.860,1.5931,1.59365,1.00,1.00
2010.09.06 14:32:29.663,1.59315,1.59365,1.00,1.00
2010.09.06 14:32:30.003,1.5931,1.59365,1.00,1.00
2010.09.06 14:32:31.752,1.5931,1.5936,1.00,1.00
2010.09.06 14:32:31.980,1.5931,1.5936,1.00,1.00
2010.09.06 14:32:33.134,1.5931,1.5936,1.00,1.00
2010.09.06 14:32:33.450,1.59305,1.5936,1.00,1.00
2010.09.06 14:32:33.932,1.59305,1.59355,1.00,1.00
2010.09.06 14:32:34.091,1.593,1.59355,2.00,1.00
2010.09.06 14:32:34.474,1.593,1.59355,1.00,1.00
2010.09.06 14:32:35.491,1.59305,1.59355,1.00,1.00
2010.09.06 14:32:37.670,1.59305,1.59355,1.00,1.00
2010.09.06 14:32:39.943,1.59295,1.59355,1.60,1.00
2010.09.06 14:32:40.139,1.59295,1.59355,2.00,1.00
2010.09.06 14:32:40.300,1.59295,1.59355,1.00,1.00
2010.09.06 14:32:40.460,1.59295,1.59355,1.60,1.00
2010.09.06 14:32:41.089,1.59295,1.59355,1.60,1.00
2010.09.06 14:32:41.171,1.593,1.59355,1.00,1.00
2010.09.06 14:32:41.904,1.59305,1.59355,1.00,1.00
2010.09.06 14:32:43.481,1.593,1.5935,1.00,1.00
2010.09.06 14:32:43.651,1.593,1.59355,1.00,1.00
2010.09.06 14:32:44.241,1.59305,1.59355,1.00,1.00
2010.09.06 14:32:46.202,1.59295,1.5935,1.00,1.00
2010.09.06 14:32:46.385,1.593,1.59355,1.00,1.00
2010.09.06 14:32:48.702,1.593,1.5935,1.00,1.00
2010.09.06 14:32:51.314,1.593,1.59355,1.00,1.00
2010.09.06 14:32:51.435,1.59295,1.5935,1.00,1.00
2010.09.06 14:32:52.011,1.59295,1.5935,1.00,1.00
2010.09.06 14:32:52.261,1.5929,1.59345,1.00,1.00
2010.09.06 14:32:53.388,1.59295,1.5935,1.00,1.00
2010.09.06 14:32:55.597,1.593,1.5935,1.00,1.00
2010.09.06 14:32:55.729,1.59295,1.59345,1.00,1.00
2010.09.06 14:32:58.180,1.593,1.59355,1.00,1.00
2010.09.06 14:32:59.062,1.593,1.5935,1.00,1.00
2010.09.06 14:32:59.246,1.593,1.59355,1.00,1.00
2010.09.06 14:32:59.780,1.59305,1.59355,1.00,1.00
2010.09.06 14:33:01.453,1.593,1.59355,1.00,1.00
2010.09.06 14:33:01.730,1.59305,1.5936,1.00,1.00
2010.09.06 14:33:01.870,1.59305,1.59355,1.00,1.00
2010.09.06 14:33:01.982,1.59305,1.59355,1.00,1.00
2010.09.06 14:33:02.090,1.59305,1.59355,1.00,1.00
2010.09.06 14:33:02.304,1.593,1.59355,1.20,1.00
2010.09.06 14:33:02.412,1.593,1.59355,2.80,1.00
2010.09.06 14:33:02.521,1.59305,1.5936,1.00,1.00
2010.09.06 14:33:02.742,1.5931,1.5936,1.00,1.00
2010.09.06 14:33:04.188,1.5931,1.5936,1.00,1.00
2010.09.06 14:33:08.341,1.5931,1.5936,1.00,1.00
2010.09.06 14:33:08.662,1.5931,1.5937,1.00,1.00
2010.09.06 14:33:09.003,1.5931,1.5937,1.00,1.00
2010.09.06 14:33:09.444,1.5931,1.59365,1.00,1.00
2010.09.06 14:33:09.781,1.59305,1.59365,1.30,1.00
2010.09.06 14:33:10.121,1.5931,1.59365,1.00,1.00
2010.09.06 14:33:10.821,1.5931,1.5936,1.00,1.00
2010.09.06 14:33:11.602,1.5931,1.5936,1.00,1.00
2010.09.06 14:33:11.882,1.5931,1.5936,1.00,1.00
2010.09.06 14:33:12.391,1.5931,1.5936,1.00,1.00
2010.09.06 14:33:12.731,1.59305,1.5936,1.00,1.00
2010.09.06 14:33:12.899,1.5931,1.5936,1.00,1.00
2010.09.06 14:33:13.668,1.59305,1.59355,1.00,1.00
2010.09.06 14:33:14.510,1.5931,1.5936,1.00,1.00
2010.09.06 14:33:14.640,1.59305,1.59355,1.00,1.00
2010.09.06 14:33:15.830,1.59305,1.5936,1.00,1.00
2010.09.06 14:33:16.369,1.5931,1.5936,1.00,1.00
2010.09.06 14:33:16.605,1.59305,1.5936,1.00,1.00
2010.09.06 14:33:17.731,1.59305,1.5936,1.00,1.00
2010.09.06 14:33:18.070,1.593,1.59355,1.60,1.00
2010.09.06 14:33:18.290,1.593,1.59355,1.00,1.00
2010.09.06 14:33:19.641,1.59295,1.5935,1.60,1.00
2010.09.06 14:33:19.890,1.59295,1.5935,1.00,1.00
2010.09.06 14:33:21.588,1.59295,1.59345,1.00,1.00
2010.09.06 14:33:25.910,1.5929,1.59345,1.60,1.00
2010.09.06 14:33:26.350,1.5929,1.59345,1.00,1.00
2010.09.06 14:33:27.001,1.5929,1.5934,1.00,1.00
2010.09.06 14:33:32.340,1.5929,1.5934,1.00,1.00
2010.09.06 14:33:32.420,1.5929,1.59345,1.00,1.00
2010.09.06 14:33:32.501,1.5929,1.59345,1.00,1.00
2010.09.06 14:33:32.581,1.5929,1.59345,1.00,1.00
2010.09.06 14:33:32.710,1.5929,1.59345,1.60,1.00
2010.09.06 14:33:34.561,1.59295,1.59345,1.00,1.00
2010.09.06 14:33:34.842,1.59295,1.5935,1.00,1.00
2010.09.06 14:33:35.091,1.5929,1.59345,1.00,1.00
2010.09.06 14:33:36.761,1.5929,1.5934,1.00,1.00
2010.09.06 14:33:43.061,1.5929,1.59345,1.00,1.00
2010.09.06 14:33:43.183,1.5929,1.5935,1.00,1.00
2010.09.06 14:33:43.512,1.5929,1.5935,1.60,1.00
2010.09.06 14:33:44.399,1.59295,1.5935,1.00,1.00
2010.09.06 14:33:45.607,1.593,1.5935,1.00,1.00
2010.09.06 14:33:47.000,1.59295,1.5935,1.00,1.00
2010.09.06 14:33:47.732,1.59295,1.5935,1.00,1.00
2010.09.06 14:33:49.674,1.593,1.5935,1.00,1.00
2010.09.06 14:34:00.179,1.593,1.5935,1.00,1.00
2010.09.06 14:34:00.354,1.5929,1.5935,1.00,1.00
2010.09.06 14:34:00.491,1.5929,1.5934,1.00,1.00
2010.09.06 14:34:01.066,1.59295,1.5935,1.00,1.00
2010.09.06 14:34:01.961,1.593,1.5935,1.00,1.00
2010.09.06 14:34:05.776,1.59295,1.5935,1.00,1.00
2010.09.06 14:34:05.891,1.593,1.5935,1.00,1.00
2010.09.06 14:34:06.712,1.59295,1.59345,1.00,1.00
2010.09.06 14:34:08.473,1.5929,1.59345,1.60,1.00
2010.09.06 14:34:08.621,1.5929,1.59345,1.00,1.00
2010.09.06 14:34:08.920,1.59295,1.59355,1.00,1.00
2010.09.06 14:34:09.140,1.59295,1.59355,1.60,1.00
2010.09.06 14:34:09.361,1.59295,1.5935,1.60,1.00
2010.09.06 14:34:09.581,1.59295,1.5935,1.00,1.00
2010.09.06 14:34:10.643,1.59295,1.59345,1.00,1.00
2010.09.06 14:34:11.241,1.593,1.5935,1.00,1.00
2010.09.06 14:34:14.999,1.593,1.59355,1.00,1.00
2010.09.06 14:34:15.100,1.593,1.59355,1.00,1.00
2010.09.06 14:34:16.132,1.59305,1.59355,1.00,1.00
2010.09.06 14:34:16.474,1.593,1.5935,1.00,1.00
2010.09.06 14:34:16.695,1.59295,1.5935,1.00,1.00
2010.09.06 14:34:17.181,1.59285,1.59345,1.00,1.00
2010.09.06 14:34:17.671,1.5929,1.5935,1.00,1.00
2010.09.06 14:34:19.070,1.5929,1.59345,1.00,1.00
2010.09.06 14:34:21.634,1.59295,1.59345,1.00,1.00
2010.09.06 14:34:28.311,1.59285,1.59345,1.00,1.00
2010.09.06 14:34:28.363,1.59285,1.59345,1.00,1.00
2010.09.06 14:34:28.729,1.59285,1.5934,1.00,1.00
2010.09.06 14:34:28.900,1.59285,1.5934,1.00,1.00
2010.09.06 14:34:33.459,1.59285,1.59335,1.00,1.00
2010.09.06 14:34:34.406,1.5929,1.5935,1.00,1.00
2010.09.06 14:34:34.834,1.59285,1.5935,1.00,1.00
2010.09.06 14:34:35.122,1.5929,1.5935,1.00,1.00
2010.09.06 14:34:35.201,1.59295,1.59355,1.00,1.00
2010.09.06 14:34:36.929,1.59295,1.5936,2.40,1.00
2010.09.06 14:34:37.595,1.593,1.59355,1.00,1.00
2010.09.06 14:34:38.534,1.59305,1.5936,1.00,1.00
2010.09.06 14:34:39.677,1.593,1.59355,1.00,1.00
2010.09.06 14:34:40.775,1.59305,1.59355,1.00,1.00
2010.09.06 14:34:42.590,1.5931,1.59355,1.00,1.00
2010.09.06 14:34:42.857,1.59305,1.59355,1.00,1.00
2010.09.06 14:34:43.134,1.593,1.59355,1.00,1.00
2010.09.06 14:34:43.394,1.593,1.59355,1.00,1.00
2010.09.06 14:34:44.252,1.593,1.5935,1.00,1.00
2010.09.06 14:34:44.895,1.59295,1.5935,1.00,1.00
2010.09.06 14:34:45.213,1.59295,1.5935,1.00,1.20
2010.09.06 14:34:46.420,1.59295,1.59345,1.00,1.00
2010.09.06 14:34:46.711,1.59295,1.59345,1.00,1.00
2010.09.06 14:34:48.632,1.59295,1.59345,1.00,1.00
2010.09.06 14:34:53.281,1.59295,1.59345,1.00,1.00
2010.09.06 14:34:53.632,1.59295,1.59345,1.00,1.00
2010.09.06 14:34:53.753,1.59295,1.59345,1.00,1.00
2010.09.06 14:34:53.983,1.59295,1.59345,1.00,1.00
2010.09.06 14:34:54.012,1.59295,1.59345,1.00,1.00
2010.09.06 14:34:54.284,1.59295,1.59355,1.00,1.00
2010.09.06 14:34:54.464,1.59295,1.59355,2.40,1.00
2010.09.06 14:34:54.744,1.593,1.59355,1.00,1.00
2010.09.06 14:34:55.736,1.593,1.59355,1.60,1.00
2010.09.06 14:34:55.964,1.59305,1.59355,1.00,1.00
2010.09.06 14:34:56.563,1.5931,1.59355,1.00,1.00
2010.09.06 14:34:56.781,1.5931,1.5936,1.00,1.00
2010.09.06 14:34:58.081,1.59315,1.5936,1.00,1.00
2010.09.06 14:35:00.411,1.5932,1.5936,1.00,1.00
2010.09.06 14:35:02.119,1.59315,1.5936,1.00,1.00
2010.09.06 14:35:02.230,1.59315,1.5936,1.00,1.20
2010.09.06 14:35:02.340,1.5931,1.5936,1.00,1.20
2010.09.06 14:35:02.410,1.5931,1.5935,1.00,1.00
2010.09.06 14:35:02.753,1.59315,1.5935,1.00,1.00
2010.09.06 14:35:02.827,1.59315,1.5936,1.00,1.00
2010.09.06 14:35:04.541,1.59315,1.5936,1.00,1.00
2010.09.06 14:35:05.211,1.5931,1.5936,1.00,1.00
2010.09.06 14:35:05.390,1.5931,1.5936,1.00,1.00
2010.09.06 14:35:05.571,1.59315,1.5936,1.00,1.00
2010.09.06 14:35:05.962,1.5932,1.5936,1.00,1.00
2010.09.06 14:35:07.192,1.5931,1.5936,1.00,1.00
2010.09.06 14:35:07.361,1.5931,1.5936,1.00,1.00
2010.09.06 14:35:07.732,1.5931,1.59365,1.00,1.00
2010.09.06 14:35:08.241,1.5931,1.59365,1.00,1.20
2010.09.06 14:35:08.461,1.5931,1.59365,1.00,1.00
2010.09.06 14:35:08.940,1.59315,1.59365,1.00,1.00
2010.09.06 14:35:09.152,1.59315,1.59365,1.00,1.00
2010.09.06 14:35:12.596,1.5932,1.59365,1.00,1.00
2010.09.06 14:35:15.976,1.59315,1.59365,1.00,1.00
2010.09.06 14:35:16.252,1.5932,1.59365,1.00,1.00
2010.09.06 14:35:19.781,1.5932,1.59365,1.00,1.00
2010.09.06 14:35:23.627,1.5932,1.5936,1.00,1.00
2010.09.06 14:35:24.082,1.59305,1.5936,1.00,1.00
2010.09.06 14:35:24.250,1.59305,1.5936,1.00,1.00
2010.09.06 14:35:25.645,1.5931,1.5936,1.00,1.00
2010.09.06 14:35:26.644,1.5931,1.5936,1.00,1.00
2010.09.06 14:35:30.421,1.5931,1.5936,1.00,1.00
2010.09.06 14:35:30.782,1.59315,1.5936,1.00,1.00
2010.09.06 14:35:30.961,1.59315,1.5937,1.00,1.00
2010.09.06 14:35:31.731,1.59315,1.5937,1.00,1.00
2010.09.06 14:35:32.047,1.59315,1.59375,1.00,1.00
2010.09.06 14:35:32.721,1.59315,1.5937,1.00,1.00
2010.09.06 14:35:33.651,1.59305,1.5936,1.00,1.00
2010.09.06 14:35:34.862,1.5933,1.5936,1.00,1.00
2010.09.06 14:35:35.263,1.59335,1.59375,1.00,2.40
2010.09.06 14:35:35.462,1.59325,1.59375,1.20,1.00
2010.09.06 14:35:35.660,1.59325,1.5939,1.20,1.00
2010.09.06 14:35:36.674,1.59325,1.59385,1.20,1.00
2010.09.06 14:35:37.360,1.5933,1.59385,1.00,1.00
2010.09.06 14:35:37.638,1.59335,1.59385,1.00,1.00
2010.09.06 14:35:37.882,1.5933,1.59385,1.00,1.00
2010.09.06 14:35:39.234,1.5933,1.5938,1.00,1.00
2010.09.06 14:35:40.209,1.59325,1.59375,1.00,1.00
2010.09.06 14:35:41.421,1.59335,1.5939,1.00,1.00
2010.09.06 14:35:42.605,1.59335,1.5939,1.00,1.00
2010.09.06 14:35:43.403,1.59335,1.5939,1.00,1.00
2010.09.06 14:35:43.585,1.5933,1.5938,1.00,1.00
2010.09.06 14:35:44.592,1.59345,1.59395,1.00,2.40
2010.09.06 14:35:44.882,1.59345,1.594,1.00,1.00
2010.09.06 14:35:45.270,1.59345,1.594,1.00,1.00
2010.09.06 14:35:45.530,1.59345,1.594,1.00,1.00
2010.09.06 14:35:45.966,1.59345,1.594,1.00,1.00
2010.09.06 14:35:46.491,1.5934,1.594,1.00,1.00
2010.09.06 14:35:46.750,1.59345,1.594,1.00,1.00
2010.09.06 14:35:47.270,1.59345,1.594,1.00,1.00
2010.09.06 14:35:49.372,1.5935,1.594,1.00,1.00
2010.09.06 14:35:49.872,1.59345,1.59395,1.00,1.00
2010.09.06 14:35:50.091,1.59335,1.59395,1.60,1.00
2010.09.06 14:35:50.200,1.59335,1.59395,1.00,1.00
2010.09.06 14:35:50.801,1.5933,1.5939,1.00,1.00
2010.09.06 14:35:51.180,1.5933,1.5939,1.00,1.00
2010.09.06 14:35:51.651,1.5933,1.5939,1.00,1.00
2010.09.06 14:35:51.791,1.5933,1.59385,1.00,1.00
2010.09.06 14:35:52.191,1.5933,1.59385,1.00,1.00
2010.09.06 14:35:53.962,1.5933,1.5938,1.00,1.00
2010.09.06 14:35:54.343,1.59325,1.5938,1.00,1.00
2010.09.06 14:35:56.420,1.5934,1.59395,1.00,1.00
2010.09.06 14:35:56.672,1.59345,1.594,1.00,1.00
2010.09.06 14:35:57.540,1.59345,1.594,1.00,1.00
2010.09.06 14:35:57.661,1.59345,1.594,1.00,1.00
2010.09.06 14:35:58.109,1.59335,1.59395,1.00,1.00
2010.09.06 14:35:59.239,1.5934,1.59395,1.00,1.00
2010.09.06 14:35:59.581,1.59335,1.5939,1.00,1.00
2010.09.06 14:35:59.924,1.59345,1.594,1.00,1.00
2010.09.06 14:36:00.403,1.5934,1.594,1.00,1.00
2010.09.06 14:36:02.360,1.59345,1.594,1.00,1.00
2010.09.06 14:36:02.852,1.59345,1.594,1.00,1.00
2010.09.06 14:36:05.163,1.5935,1.594,1.00,1.00
2010.09.06 14:36:05.421,1.5935,1.59405,1.00,1.00
2010.09.06 14:36:07.131,1.5935,1.59405,1.00,1.00
2010.09.06 14:36:09.818,1.59345,1.594,1.00,1.00
2010.09.06 14:36:10.401,1.5935,1.594,1.00,1.00
2010.09.06 14:36:11.494,1.59345,1.594,1.00,1.00
2010.09.06 14:36:12.279,1.59345,1.59395,1.00,1.00
2010.09.06 14:36:13.805,1.5935,1.594,1.00,1.00
2010.09.06 14:36:13.901,1.59345,1.594,1.00,1.00
2010.09.06 14:36:14.342,1.5935,1.594,1.00,1.00
2010.09.06 14:36:23.457,1.59345,1.594,1.00,1.00
2010.09.06 14:36:24.230,1.59345,1.59395,1.00,1.00
2010.09.06 14:36:29.880,1.59345,1.594,1.00,1.00
2010.09.06 14:36:30.313,1.5935,1.594,1.00,1.00
2010.09.06 14:36:38.122,1.59345,1.59395,1.00,1.00
2010.09.06 14:36:38.304,1.59345,1.59395,1.00,1.00
2010.09.06 14:36:39.099,1.5934,1.59395,1.30,1.00
2010.09.06 14:36:39.486,1.5934,1.59395,1.00,1.00
2010.09.06 14:36:39.883,1.59345,1.59395,1.00,1.00
2010.09.06 14:36:40.391,1.5935,1.59395,1.00,1.00
2010.09.06 14:36:40.641,1.5935,1.59395,1.00,1.00
2010.09.06 14:36:41.651,1.5935,1.594,1.00,1.00
2010.09.06 14:36:42.543,1.5935,1.594,1.00,1.00
2010.09.06 14:36:44.500,1.5935,1.594,1.00,1.00
2010.09.06 14:36:44.650,1.59345,1.594,1.00,1.00
2010.09.06 14:36:44.951,1.59345,1.59395,1.00,1.00
2010.09.06 14:36:46.854,1.5935,1.594,1.00,1.00
2010.09.06 14:36:47.602,1.5935,1.594,1.00,1.00
2010.09.06 14:36:48.645,1.5935,1.59395,1.00,1.00
2010.09.06 14:36:52.537,1.5935,1.594,1.00,1.00
2010.09.06 14:36:55.454,1.59355,1.59415,1.00,1.00
2010.09.06 14:36:55.883,1.5936,1.59415,1.00,1.00
2010.09.06 14:36:56.331,1.59365,1.59415,1.00,1.00
2010.09.06 14:36:57.599,1.5937,1.59415,1.00,1.00
2010.09.06 14:36:57.841,1.5937,1.59415,1.00,1.00
2010.09.06 14:36:58.653,1.59365,1.5941,1.00,1.00
2010.09.06 14:36:58.973,1.59365,1.59415,1.00,1.00
2010.09.06 14:36:59.754,1.59365,1.5941,1.00,1.00
2010.09.06 14:37:02.611,1.59365,1.59415,1.00,1.00
2010.09.06 14:37:04.223,1.59365,1.59415,1.00,1.30
2010.09.06 14:37:04.433,1.59365,1.59415,1.00,1.00
2010.09.06 14:37:04.470,1.59365,1.5941,1.00,1.00
2010.09.06 14:37:05.259,1.59365,1.5941,1.00,1.00
2010.09.06 14:37:05.722,1.5937,1.5941,1.00,1.00
2010.09.06 14:37:06.576,1.5937,1.594,1.00,1.00
2010.09.06 14:37:06.740,1.5936,1.594,1.00,1.00
2010.09.06 14:37:07.354,1.5935,1.5941,1.00,1.00
2010.09.06 14:37:07.562,1.5935,1.59405,1.00,1.00
2010.09.06 14:37:08.244,1.59355,1.59405,1.00,1.00
2010.09.06 14:37:08.650,1.59355,1.594,1.00,1.00
2010.09.06 14:37:12.166,1.59355,1.59405,1.00,1.00
2010.09.06 14:37:13.195,1.5935,1.59395,1.00,1.00
2010.09.06 14:37:13.571,1.59345,1.59395,1.00,1.00
2010.09.06 14:37:13.732,1.5934,1.59395,1.30,1.00
2010.09.06 14:37:13.810,1.5934,1.59395,1.00,1.00
2010.09.06 14:37:14.231,1.5934,1.59395,1.00,1.00
2010.09.06 14:37:18.578,1.5934,1.5939,1.00,1.00
2010.09.06 14:37:34.003,1.5934,1.5939,1.00,1.00
2010.09.06 14:37:34.512,1.5934,1.59395,1.40,1.00
2010.09.06 14:37:36.582,1.59345,1.59395,1.00,1.00
2010.09.06 14:37:38.782,1.59345,1.594,1.00,1.00
2010.09.06 14:37:39.170,1.59345,1.59395,1.00,1.00
2010.09.06 14:37:39.308,1.5934,1.59395,1.30,1.00
2010.09.06 14:37:39.402,1.5934,1.59395,1.00,1.00
2010.09.06 14:37:39.624,1.5934,1.59395,1.00,1.00
2010.09.06 14:37:42.450,1.5934,1.59395,1.00,1.00
2010.09.06 14:37:43.020,1.5934,1.59395,1.20,1.00
2010.09.06 14:37:45.599,1.59345,1.59395,1.00,1.00
2010.09.06 14:37:46.628,1.5934,1.5939,1.30,1.00
2010.09.06 14:37:52.274,1.5934,1.5939,1.00,1.00
2010.09.06 14:37:52.416,1.5934,1.59395,1.00,1.00
2010.09.06 14:37:52.814,1.5934,1.59395,1.30,1.00
2010.09.06 14:37:52.954,1.5934,1.5939,1.30,1.00
2010.09.06 14:38:04.702,1.59345,1.594,1.00,1.00
2010.09.06 14:38:05.702,1.5935,1.59405,1.00,1.00
2010.09.06 14:38:05.913,1.59345,1.594,1.00,1.00
2010.09.06 14:38:07.622,1.59345,1.59395,1.00,1.00
2010.09.06 14:38:11.357,1.5934,1.59395,1.00,1.00
2010.09.06 14:38:11.533,1.5934,1.59395,1.00,1.00
2010.09.06 14:38:11.621,1.5934,1.59395,1.20,1.00
2010.09.06 14:38:12.382,1.5934,1.59395,1.20,1.00
2010.09.06 14:38:13.704,1.5934,1.5939,1.30,1.00
2010.09.06 14:38:13.955,1.5934,1.5939,1.20,1.00
2010.09.06 14:38:14.180,1.5934,1.5939,1.20,1.00
2010.09.06 14:38:16.652,1.5934,1.59395,1.20,1.00
2010.09.06 14:38:17.187,1.5934,1.59395,1.00,1.00
2010.09.06 14:38:17.325,1.59345,1.59395,1.00,1.00
2010.09.06 14:38:50.510,1.59345,1.594,1.00,1.00
2010.09.06 14:38:50.741,1.5935,1.594,1.00,1.00
2010.09.06 14:38:56.470,1.5934,1.594,1.00,1.00
2010.09.06 14:38:57.093,1.5934,1.59395,1.00,1.00
2010.09.06 14:38:57.392,1.5934,1.59395,1.00,1.00
2010.09.06 14:38:58.395,1.5934,1.5939,1.00,1.00
2010.09.06 14:38:58.581,1.5934,1.5939,1.00,1.00
2010.09.06 14:39:01.613,1.59335,1.59385,1.00,1.00
2010.09.06 14:39:09.343,1.59325,1.59385,1.00,1.00
2010.09.06 14:39:09.482,1.5933,1.59385,1.00,1.00
2010.09.06 14:39:09.611,1.59335,1.59385,1.00,1.00
2010.09.06 14:39:09.743,1.59335,1.59385,1.00,1.00
2010.09.06 14:39:14.320,1.5934,1.5939,1.00,1.00
2010.09.06 14:39:14.503,1.5934,1.59395,1.00,1.00
2010.09.06 14:39:17.014,1.59345,1.59395,1.00,1.00
2010.09.06 14:39:17.165,1.5934,1.5939,1.00,1.00
2010.09.06 14:39:19.351,1.59345,1.59395,1.00,1.00
2010.09.06 14:39:19.879,1.5934,1.5939,1.00,1.00
2010.09.06 14:39:35.482,1.59335,1.5939,1.20,1.00
2010.09.06 14:39:35.553,1.59335,1.5939,1.00,1.00
2010.09.06 14:39:35.711,1.59335,1.5939,1.00,1.00
2010.09.06 14:39:36.541,1.59335,1.59385,1.00,1.00
2010.09.06 14:39:37.337,1.5934,1.5939,1.00,1.00
2010.09.06 14:39:37.757,1.59335,1.59385,1.00,1.00
2010.09.06 14:39:39.306,1.5934,1.5939,1.00,1.00
2010.09.06 14:39:39.895,1.59335,1.59385,1.00,1.00
2010.09.06 14:39:43.626,1.5934,1.5939,1.00,1.00
2010.09.06 14:39:43.787,1.59335,1.59385,1.00,1.00
2010.09.06 14:39:43.933,1.5934,1.5939,1.00,1.00
2010.09.06 14:39:46.154,1.59335,1.59385,1.00,1.00
2010.09.06 14:40:02.646,1.5933,1.59385,1.00,1.00
2010.09.06 14:40:02.863,1.5933,1.59385,1.00,1.00
2010.09.06 14:40:02.891,1.59325,1.59385,1.00,1.00
2010.09.06 14:40:03.025,1.59325,1.5938,1.00,1.00
2010.09.06 14:40:05.577,1.59325,1.59375,1.00,1.00
2010.09.06 14:40:25.104,1.5933,1.5938,1.00,1.00
2010.09.06 14:40:30.052,1.59335,1.59385,1.00,1.00
2010.09.06 14:40:30.149,1.5933,1.59385,1.00,1.00
2010.09.06 14:40:30.393,1.59325,1.5938,1.00,1.00
2010.09.06 14:40:31.001,1.59325,1.5938,1.00,1.00
2010.09.06 14:40:32.622,1.5933,1.5938,1.00,1.00
2010.09.06 14:40:48.032,1.59325,1.5938,1.00,1.00
2010.09.06 14:40:48.374,1.5933,1.5938,1.00,1.00
2010.09.06 14:40:48.581,1.59325,1.5938,1.00,1.00
2010.09.06 14:40:49.621,1.5933,1.5938,1.00,1.00
2010.09.06 14:41:15.156,1.5933,1.5938,1.00,1.00
2010.09.06 14:41:15.627,1.5933,1.5938,1.00,1.00
2010.09.06 14:41:15.753,1.5933,1.5938,1.00,1.00
2010.09.06 14:41:15.813,1.5933,1.5938,1.00,1.00
2010.09.06 14:41:16.036,1.59325,1.5938,1.00,1.00
2010.09.06 14:41:16.782,1.5933,1.5938,1.00,1.00
2010.09.06 14:41:17.432,1.59325,1.59375,1.00,1.00
2010.09.06 14:41:18.473,1.59325,1.5938,1.00,1.00
2010.09.06 14:41:20.642,1.59325,1.59375,1.00,1.00
2010.09.06 14:41:21.894,1.59325,1.5938,1.00,1.00
2010.09.06 14:41:22.454,1.59325,1.5938,1.00,1.00
2010.09.06 14:41:22.503,1.59325,1.5938,1.00,1.00
2010.09.06 14:41:22.552,1.59325,1.5938,1.00,1.00
2010.09.06 14:41:22.825,1.59325,1.5938,1.00,1.00
2010.09.06 14:41:22.944,1.59325,1.5938,1.00,1.00
2010.09.06 14:41:23.815,1.59325,1.59375,1.00,1.00
2010.09.06 14:41:24.563,1.59325,1.5937,1.00,1.00
2010.09.06 14:41:24.703,1.5932,1.5937,1.30,1.00
2010.09.06 14:41:25.711,1.59325,1.59375,1.00,1.00
2010.09.06 14:41:26.221,1.5932,1.5937,1.00,1.00
2010.09.06 14:41:26.545,1.5931,1.59365,1.00,1.00
2010.09.06 14:41:27.365,1.59305,1.5936,1.50,1.00
2010.09.06 14:41:27.692,1.5931,1.59365,1.00,1.00
2010.09.06 14:41:28.443,1.5931,1.5936,1.00,1.00
2010.09.06 14:41:34.166,1.59305,1.59355,1.00,1.00
2010.09.06 14:41:34.231,1.59305,1.59355,1.00,1.00
2010.09.06 14:41:34.306,1.59305,1.5936,1.00,1.00
2010.09.06 14:41:34.443,1.59305,1.59355,1.00,1.00
2010.09.06 14:41:34.906,1.59305,1.59355,1.20,1.00
2010.09.06 14:41:35.494,1.5931,1.59355,1.00,1.00
2010.09.06 14:41:35.783,1.59305,1.59355,1.20,1.00
2010.09.06 14:41:36.073,1.5931,1.59355,1.00,1.00
2010.09.06 14:41:36.364,1.5931,1.59355,1.00,1.00
2010.09.06 14:41:36.814,1.59305,1.59355,1.20,1.00
2010.09.06 14:41:37.063,1.5931,1.59355,1.00,1.00
2010.09.06 14:41:37.723,1.5931,1.59355,1.00,1.00
2010.09.06 14:41:45.227,1.5931,1.59355,1.00,1.00
2010.09.06 14:41:46.454,1.5931,1.5936,1.00,1.00
2010.09.06 14:41:47.304,1.59315,1.5936,1.00,1.00
2010.09.06 14:41:47.545,1.5931,1.5936,1.00,1.00
2010.09.06 14:41:47.783,1.59315,1.5936,1.00,1.00
2010.09.06 14:41:48.448,1.5931,1.5936,1.00,1.00
2010.09.06 14:41:48.665,1.59315,1.5936,1.00,1.00
2010.09.06 14:41:49.094,1.5931,1.5936,1.00,1.00
2010.09.06 14:41:50.219,1.59315,1.5936,1.00,1.00
2010.09.06 14:41:50.332,1.5931,1.5936,1.00,1.00
2010.09.06 14:41:50.645,1.59315,1.5936,1.00,1.00
2010.09.06 14:41:50.765,1.5931,1.5936,1.00,1.00
2010.09.06 14:41:51.246,1.59315,1.5936,1.00,1.00
2010.09.06 14:41:51.356,1.5931,1.5936,1.00,1.00
2010.09.06 14:41:51.775,1.5931,1.5936,1.00,1.00
2010.09.06 14:41:59.786,1.59305,1.5936,1.20,1.00
2010.09.06 14:41:59.912,1.59305,1.5936,1.20,1.20
2010.09.06 14:41:59.984,1.59305,1.59355,1.20,1.60
2010.09.06 14:42:00.263,1.59305,1.5936,1.20,1.20
2010.09.06 14:42:00.580,1.5931,1.5936,1.00,1.00
2010.09.06 14:42:09.108,1.59305,1.5936,1.20,1.00
2010.09.06 14:42:09.417,1.59305,1.5936,1.00,1.00
2010.09.06 14:42:09.606,1.59305,1.5936,1.00,1.00
2010.09.06 14:42:09.824,1.59305,1.5936,1.00,1.00
2010.09.06 14:42:10.701,1.59305,1.59355,1.00,1.00
2010.09.06 14:42:15.224,1.59305,1.5936,1.00,1.00
2010.09.06 14:42:15.434,1.59305,1.5936,1.20,1.00
2010.09.06 14:42:15.854,1.59305,1.5936,1.00,1.00
2010.09.06 14:42:17.095,1.59305,1.59355,1.00,1.00
2010.09.06 14:42:27.555,1.59305,1.5936,1.00,1.00
2010.09.06 14:42:27.754,1.59305,1.5936,1.20,1.00
2010.09.06 14:42:29.307,1.59305,1.5936,1.00,1.00
2010.09.06 14:42:29.597,1.59305,1.5936,1.00,1.00
2010.09.06 14:42:29.957,1.5931,1.5936,1.00,1.00
2010.09.06 14:42:32.754,1.59305,1.59355,1.00,1.00
2010.09.06 14:42:34.627,1.5931,1.5937,1.00,1.30
2010.09.06 14:42:35.644,1.59315,1.5937,1.00,1.20
2010.09.06 14:42:36.400,1.59315,1.59365,1.00,1.00
2010.09.06 14:42:37.084,1.5932,1.59365,1.00,1.00
2010.09.06 14:42:37.665,1.59315,1.59365,1.00,1.00
2010.09.06 14:42:39.646,1.59315,1.59365,1.00,1.00
2010.09.06 14:42:40.747,1.593,1.5936,2.40,1.00
2010.09.06 14:42:41.065,1.593,1.5936,2.80,1.00
2010.09.06 14:42:41.296,1.593,1.5936,1.00,1.00
2010.09.06 14:42:41.594,1.59295,1.59355,1.20,1.00
2010.09.06 14:42:43.626,1.593,1.59355,1.00,1.00
2010.09.06 14:42:44.367,1.59295,1.59345,1.20,1.00
2010.09.06 14:42:44.944,1.59295,1.59355,1.20,1.00
2010.09.06 14:42:45.074,1.593,1.59355,1.00,1.00
2010.09.06 14:42:45.697,1.59305,1.59365,1.00,1.00
2010.09.06 14:42:46.486,1.59305,1.5936,1.00,1.00
2010.09.06 14:42:47.616,1.5931,1.5936,1.00,1.00
2010.09.06 14:42:48.571,1.59315,1.5936,1.00,1.00
2010.09.06 14:42:49.606,1.5932,1.5936,1.00,1.00
2010.09.06 14:42:49.915,1.59315,1.5936,1.00,1.00
2010.09.06 14:42:54.136,1.59315,1.5936,1.00,1.00
2010.09.06 14:42:56.454,1.5932,1.5937,1.00,1.00
2010.09.06 14:42:56.917,1.59315,1.59365,1.00,1.00
2010.09.06 14:42:57.195,1.5932,1.5937,1.00,1.00
2010.09.06 14:42:57.324,1.59315,1.59365,1.00,1.00
2010.09.06 14:42:58.314,1.59315,1.5937,1.00,1.00
2010.09.06 14:42:58.800,1.59315,1.5937,1.00,1.00
2010.09.06 14:43:01.843,1.59315,1.59365,1.00,1.00
2010.09.06 14:43:08.874,1.59315,1.5937,1.00,1.00
2010.09.06 14:43:10.755,1.5932,1.5937,1.00,1.00
2010.09.06 14:43:15.818,1.59315,1.59365,1.00,1.00
2010.09.06 14:43:21.318,1.5931,1.5937,1.00,1.00
2010.09.06 14:43:22.334,1.5931,1.59365,1.00,1.00
2010.09.06 14:43:22.696,1.59315,1.59365,1.00,1.00
2010.09.06 14:43:22.804,1.5931,1.59365,1.00,1.00
2010.09.06 14:43:23.338,1.593,1.59355,2.30,1.00
2010.09.06 14:43:23.444,1.593,1.59355,1.50,1.00
2010.09.06 14:43:23.715,1.59295,1.5935,1.00,1.00
2010.09.06 14:43:26.449,1.59295,1.59355,1.00,1.00
2010.09.06 14:43:26.675,1.59295,1.5935,1.00,1.00
2010.09.06 14:43:29.650,1.59295,1.59345,1.00,1.00
2010.09.06 14:43:39.377,1.5929,1.59345,1.00,1.00
2010.09.06 14:43:39.524,1.5929,1.59345,1.00,1.00
2010.09.06 14:43:40.868,1.59285,1.5934,1.00,1.00
2010.09.06 14:43:44.625,1.59285,1.59335,1.00,1.00
2010.09.06 14:43:50.314,1.59285,1.59335,1.00,1.00
2010.09.06 14:43:56.584,1.59285,1.59335,1.20,1.00
2010.09.06 14:43:59.625,1.59285,1.5933,1.20,1.00
2010.09.06 14:43:59.853,1.59285,1.59335,1.20,1.00
2010.09.06 14:44:01.617,1.59285,1.5933,1.20,1.00
2010.09.06 14:44:06.644,1.59285,1.5933,1.00,1.00
2010.09.06 14:44:07.005,1.59275,1.5933,1.40,1.00
2010.09.06 14:44:07.054,1.59275,1.5933,1.40,1.00
2010.09.06 14:44:07.297,1.59275,1.5933,1.00,1.00
2010.09.06 14:44:07.344,1.59275,1.59325,1.00,1.00
2010.09.06 14:44:07.618,1.59275,1.59325,1.00,1.00
2010.09.06 14:44:08.235,1.59275,1.5932,1.00,1.00
2010.09.06 14:44:08.806,1.59275,1.59325,1.00,1.00
2010.09.06 14:44:09.627,1.59275,1.5932,1.00,1.00
2010.09.06 14:44:11.595,1.59275,1.59325,1.00,1.00
2010.09.06 14:44:12.136,1.59275,1.5932,1.00,1.00
2010.09.06 14:44:12.615,1.59275,1.59315,1.00,1.00
2010.09.06 14:44:13.615,1.59275,1.5932,1.00,1.00
2010.09.06 14:44:13.838,1.59275,1.59315,1.00,1.00
2010.09.06 14:44:14.055,1.5926,1.59315,1.00,1.00
2010.09.06 14:44:14.274,1.59265,1.59315,1.20,1.00
2010.09.06 14:44:14.994,1.59265,1.59315,1.20,1.00
2010.09.06 14:44:17.596,1.59265,1.59315,1.30,1.00
2010.09.06 14:44:25.155,1.59265,1.59315,1.00,1.00
2010.09.06 14:44:25.293,1.59265,1.59315,1.00,1.00
2010.09.06 14:44:26.751,1.59265,1.59315,1.00,1.00
2010.09.06 14:44:26.975,1.5926,1.59315,1.00,1.00
2010.09.06 14:44:28.285,1.5926,1.5931,1.00,1.00
2010.09.06 14:44:30.876,1.59255,1.59305,1.00,1.00
2010.09.06 14:44:32.165,1.5925,1.59305,3.00,1.00
2010.09.06 14:44:32.413,1.59255,1.59305,1.00,1.00
2010.09.06 14:44:33.598,1.59255,1.593,1.00,1.00
2010.09.06 14:44:36.694,1.59255,1.59305,1.00,1.00
2010.09.06 14:44:38.315,1.59255,1.593,1.00,1.00
2010.09.06 14:44:41.574,1.59255,1.59305,1.00,1.00
2010.09.06 14:44:41.784,1.59255,1.593,1.00,1.00
2010.09.06 14:44:48.654,1.59255,1.593,1.00,1.00
2010.09.06 14:44:49.334,1.59255,1.59305,1.00,1.00
2010.09.06 14:44:49.642,1.59255,1.593,1.00,1.00
2010.09.06 14:44:49.871,1.59255,1.593,1.00,1.00
2010.09.06 14:45:00.135,1.5925,1.593,1.00,1.00
2010.09.06 14:45:00.254,1.5925,1.593,1.00,1.00
2010.09.06 14:45:00.343,1.59255,1.593,1.00,1.00
2010.09.06 14:45:03.746,1.59255,1.593,1.00,1.00
2010.09.06 14:45:06.380,1.59255,1.593,1.00,1.00
2010.09.06 14:45:06.928,1.59255,1.59305,1.00,1.00
2010.09.06 14:45:07.262,1.59255,1.593,1.00,1.00
2010.09.06 14:45:07.544,1.59255,1.59305,1.00,1.00
2010.09.06 14:45:09.726,1.59255,1.593,1.00,1.00
2010.09.06 14:45:10.015,1.59255,1.59305,1.00,1.00
2010.09.06 14:45:10.145,1.59255,1.59305,1.20,1.00
2010.09.06 14:45:10.274,1.59255,1.593,1.20,1.00
2010.09.06 14:45:10.635,1.5926,1.593,1.00,1.00
2010.09.06 14:45:11.239,1.5926,1.593,1.00,1.00
2010.09.06 14:45:12.806,1.5926,1.59305,1.00,1.00
2010.09.06 14:45:14.467,1.5926,1.59305,1.00,1.00
2010.09.06 14:45:14.979,1.5926,1.59305,1.00,1.00
2010.09.06 14:45:19.082,1.5925,1.59305,2.90,1.00
2010.09.06 14:45:19.416,1.5925,1.59305,1.40,1.00
2010.09.06 14:45:19.454,1.5925,1.593,1.40,1.00
2010.09.06 14:45:23.657,1.5925,1.59295,1.40,1.00
2010.09.06 14:45:26.316,1.5925,1.59295,1.20,1.00
2010.09.06 14:45:32.874,1.5925,1.59305,1.20,1.00
2010.09.06 14:45:32.953,1.59255,1.59305,1.00,1.00
2010.09.06 14:45:33.124,1.5926,1.59305,1.00,1.00
2010.09.06 14:45:37.225,1.5926,1.59305,1.00,1.00
2010.09.06 14:45:37.454,1.5926,1.593,1.00,1.00
2010.09.06 14:45:37.574,1.5925,1.593,1.50,1.00
2010.09.06 14:45:37.603,1.5925,1.593,1.50,1.00
2010.09.06 14:45:37.635,1.59235,1.593,2.80,1.00
2010.09.06 14:45:37.665,1.5924,1.593,1.00,1.00
2010.09.06 14:45:37.856,1.5924,1.593,1.00,1.00
2010.09.06 14:45:37.915,1.59245,1.593,1.00,1.00
2010.09.06 14:45:37.975,1.59245,1.59295,1.00,1.00
2010.09.06 14:45:38.206,1.5924,1.59295,1.00,1.00
2010.09.06 14:45:38.315,1.59245,1.59295,1.00,1.00
2010.09.06 14:45:38.655,1.59245,1.59295,1.00,1.00
2010.09.06 14:45:38.996,1.5925,1.59295,1.00,1.00
2010.09.06 14:45:39.335,1.5925,1.59295,1.00,1.00
2010.09.06 14:45:39.464,1.59245,1.59295,1.00,1.00
2010.09.06 14:45:39.584,1.59245,1.5929,1.00,1.00
2010.09.06 14:45:40.035,1.5923,1.59285,1.90,1.00
2010.09.06 14:45:40.165,1.5923,1.59285,1.00,1.00
2010.09.06 14:45:40.294,1.59225,1.59285,1.00,1.00
2010.09.06 14:45:40.414,1.59225,1.59285,1.20,1.00
2010.09.06 14:45:40.834,1.59225,1.5928,1.20,1.00
2010.09.06 14:45:41.599,1.59225,1.5928,1.20,1.00
2010.09.06 14:45:42.040,1.59225,1.5928,1.20,1.00
2010.09.06 14:45:42.917,1.59225,1.59275,1.20,1.00
2010.09.06 14:45:44.067,1.59225,1.59275,1.20,1.00
2010.09.06 14:45:46.206,1.59225,1.5927,1.20,1.00
2010.09.06 14:45:46.877,1.59225,1.5927,1.00,1.00
2010.09.06 14:45:47.236,1.59225,1.5927,1.00,1.00
2010.09.06 14:45:47.354,1.59225,1.5927,1.20,1.00
2010.09.06 14:45:52.586,1.59225,1.59275,1.30,1.00
2010.09.06 14:45:53.566,1.59225,1.5927,1.20,1.00
2010.09.06 14:45:53.985,1.59225,1.59275,1.20,1.00
2010.09.06 14:45:55.239,1.59225,1.59275,1.30,1.00
2010.09.06 14:46:15.789,1.59225,1.59275,1.20,1.00
2010.09.06 14:46:15.865,1.59225,1.59275,1.00,1.00
2010.09.06 14:46:16.025,1.59225,1.59275,1.00,1.00
2010.09.06 14:46:16.365,1.59225,1.59275,1.20,1.00
2010.09.06 14:46:19.575,1.59225,1.59275,1.20,1.00
2010.09.06 14:46:19.745,1.5922,1.59275,1.20,1.00
2010.09.06 14:46:20.265,1.5922,1.5927,1.20,1.00
2010.09.06 14:46:23.397,1.5922,1.59265,1.20,1.00
2010.09.06 14:46:28.474,1.5922,1.59265,1.00,1.00
2010.09.06 14:46:28.615,1.5921,1.59265,1.00,1.00
2010.09.06 14:46:28.823,1.5921,1.59265,1.00,1.00
2010.09.06 14:46:28.966,1.5922,1.59265,1.00,1.00
2010.09.06 14:46:29.155,1.5922,1.59265,1.20,1.00
2010.09.06 14:46:32.934,1.5922,1.5926,1.20,1.00
2010.09.06 14:46:32.994,1.5922,1.5926,1.00,1.00
2010.09.06 14:46:33.116,1.5919,1.5926,2.00,1.30
2010.09.06 14:46:33.444,1.5919,1.5926,1.00,1.30
2010.09.06 14:46:34.154,1.59195,1.5925,1.00,1.00
2010.09.06 14:46:34.405,1.592,1.59255,1.00,1.00
2010.09.06 14:46:34.655,1.59205,1.59255,1.00,1.00
2010.09.06 14:46:37.608,1.59205,1.59255,1.00,1.00
2010.09.06 14:46:47.857,1.59205,1.5926,1.00,1.00
2010.09.06 14:46:47.934,1.5921,1.5926,1.00,1.00
2010.09.06 14:46:48.123,1.5921,1.5926,1.20,1.00
2010.09.06 14:46:49.177,1.5921,1.59255,1.20,1.00
2010.09.06 14:46:50.286,1.5921,1.59255,1.20,1.00
2010.09.06 14:46:51.705,1.5921,1.5926,1.30,1.00
2010.09.06 14:46:53.689,1.5921,1.59265,1.20,1.00
2010.09.06 14:46:53.916,1.59205,1.59255,1.00,1.00
2010.09.06 14:46:53.963,1.592,1.59255,1.00,1.00
2010.09.06 14:46:54.007,1.59195,1.59255,1.50,1.00
2010.09.06 14:46:54.087,1.5919,1.59255,2.10,1.00
2010.09.06 14:46:54.200,1.5919,1.59255,2.20,1.00
2010.09.06 14:46:54.626,1.59185,1.5925,1.00,1.30
2010.09.06 14:46:54.964,1.59185,1.5925,1.00,1.30
2010.09.06 14:46:55.304,1.5918,1.59245,1.00,1.00
2010.09.06 14:46:55.644,1.5918,1.5924,1.00,1.00
2010.09.06 14:46:55.764,1.59175,1.59235,1.20,1.00
2010.09.06 14:46:55.886,1.5918,1.5924,1.00,1.00
2010.09.06 14:46:57.075,1.5918,1.59235,1.00,1.00
2010.09.06 14:46:58.636,1.5918,1.5923,1.00,1.00
2010.09.06 14:47:00.190,1.59185,1.5923,1.00,1.00
2010.09.06 14:47:00.306,1.5919,1.5923,1.00,1.00
2010.09.06 14:47:00.355,1.5919,1.5923,1.20,1.00
2010.09.06 14:47:00.456,1.5919,1.59245,1.30,1.00
2010.09.06 14:47:01.207,1.592,1.59255,1.00,1.00
2010.09.06 14:47:01.491,1.59205,1.59255,1.00,1.00
2010.09.06 14:47:01.772,1.59215,1.59265,1.00,1.00
2010.09.06 14:47:02.068,1.59215,1.5926,1.00,1.00
2010.09.06 14:47:02.997,1.5921,1.5926,1.00,1.00
2010.09.06 14:47:03.335,1.59215,1.59255,1.00,1.00
2010.09.06 14:47:03.676,1.59215,1.59255,1.00,1.00
2010.09.06 14:47:03.796,1.59195,1.59255,1.00,1.00
2010.09.06 14:47:04.635,1.59195,1.5925,1.00,1.00
2010.09.06 14:47:05.121,1.59195,1.59245,1.00,1.00
2010.09.06 14:47:05.530,1.59195,1.5925,1.00,1.00
2010.09.06 14:47:05.739,1.5919,1.59245,1.20,1.00
2010.09.06 14:47:05.899,1.592,1.59255,1.00,1.00
2010.09.06 14:47:06.058,1.592,1.5925,1.00,1.00
2010.09.06 14:47:06.786,1.592,1.59255,1.00,1.00
2010.09.06 14:47:07.658,1.592,1.59255,1.00,1.00
2010.09.06 14:47:08.446,1.592,1.5925,1.00,1.00
2010.09.06 14:47:09.106,1.592,1.5925,1.00,1.00
2010.09.06 14:47:09.655,1.592,1.59255,1.00,1.00
2010.09.06 14:47:10.615,1.592,1.5925,1.00,1.00
2010.09.06 14:47:11.808,1.592,1.5925,1.00,1.00
2010.09.06 14:47:19.184,1.592,1.5925,1.00,1.00
2010.09.06 14:47:19.624,1.5919,1.5925,1.00,1.00
2010.09.06 14:47:20.626,1.5919,1.59245,1.00,1.00
2010.09.06 14:47:20.815,1.5919,1.5924,1.00,1.00
2010.09.06 14:47:21.287,1.5919,1.59245,1.30,1.00
2010.09.06 14:47:21.365,1.5919,1.59245,1.00,1.00
2010.09.06 14:47:21.445,1.5919,1.59245,1.30,1.00
2010.09.06 14:47:21.845,1.5919,1.59245,1.00,1.00
2010.09.06 14:47:22.836,1.592,1.5925,1.00,1.00
2010.09.06 14:47:23.175,1.59195,1.5925,1.40,1.00
2010.09.06 14:47:23.385,1.592,1.59255,1.20,1.00
2010.09.06 14:47:23.968,1.59205,1.59255,1.00,1.00
2010.09.06 14:47:24.196,1.59205,1.5926,1.20,1.00
2010.09.06 14:47:25.600,1.59205,1.59255,1.20,1.00
2010.09.06 14:47:26.665,1.59205,1.59255,1.20,1.00
2010.09.06 14:47:27.488,1.59205,1.59255,1.20,1.00
2010.09.06 14:47:27.665,1.59205,1.59255,1.00,1.00
2010.09.06 14:47:27.975,1.592,1.59255,1.00,1.00
2010.09.06 14:47:30.606,1.592,1.5925,1.00,1.00
2010.09.06 14:47:31.986,1.59195,1.59255,1.50,1.00
2010.09.06 14:47:32.114,1.59205,1.59255,1.00,1.00
2010.09.06 14:47:32.243,1.59205,1.59255,1.20,1.00
2010.09.06 14:47:34.317,1.59205,1.59255,1.00,1.00
2010.09.06 14:47:34.376,1.59205,1.5925,1.00,1.00
2010.09.06 14:47:34.659,1.59205,1.5925,1.20,1.00
2010.09.06 14:47:35.305,1.59205,1.5925,1.20,1.00
2010.09.06 14:47:37.591,1.59205,1.5925,1.40,1.00
2010.09.06 14:47:46.904,1.59205,1.5925,1.00,1.00
2010.09.06 14:47:46.944,1.59205,1.5925,1.00,1.00
2010.09.06 14:47:47.248,1.592,1.5925,1.20,1.00
2010.09.06 14:47:47.426,1.592,1.59245,1.20,1.00
2010.09.06 14:47:47.604,1.592,1.59245,1.00,1.00
2010.09.06 14:47:47.774,1.592,1.59245,1.20,1.00
2010.09.06 14:47:47.944,1.592,1.59245,1.00,1.00
2010.09.06 14:47:48.285,1.59195,1.59245,1.50,1.00
2010.09.06 14:47:48.817,1.592,1.59245,1.00,1.00
2010.09.06 14:47:49.537,1.59195,1.59245,1.50,1.00
2010.09.06 14:47:49.795,1.592,1.59245,1.00,1.00
2010.09.06 14:47:50.615,1.59195,1.59245,1.50,1.00
2010.09.06 14:47:50.966,1.592,1.59245,1.00,1.00
2010.09.06 14:47:51.084,1.592,1.5925,1.00,1.00
2010.09.06 14:47:51.144,1.592,1.5925,1.40,1.00
2010.09.06 14:47:51.204,1.592,1.5925,1.30,1.00
2010.09.06 14:47:51.424,1.592,1.59245,1.20,1.00
2010.09.06 14:47:51.486,1.59205,1.59245,1.00,1.00
2010.09.06 14:47:51.767,1.59205,1.59245,1.20,1.00
2010.09.06 14:47:54.635,1.59205,1.5925,1.30,1.00
2010.09.06 14:47:55.522,1.59205,1.5925,1.20,1.00
2010.09.06 14:47:57.566,1.59205,1.59245,1.20,1.00
2010.09.06 14:47:59.097,1.59205,1.59245,1.20,1.00
2010.09.06 14:47:59.599,1.59205,1.59245,1.20,1.00
2010.09.06 14:47:59.880,1.59205,1.5925,1.30,1.00
2010.09.06 14:48:00.156,1.59205,1.5925,1.40,1.00
2010.09.06 14:48:00.434,1.59205,1.59245,1.20,1.00
2010.09.06 14:48:03.616,1.59205,1.5925,1.20,1.00
2010.09.06 14:48:04.796,1.59205,1.59245,1.20,1.00
2010.09.06 14:48:04.920,1.59205,1.5925,1.30,1.00
2010.09.06 14:48:06.674,1.59205,1.5925,1.20,1.00
2010.09.06 14:48:07.777,1.59205,1.5925,1.20,1.00
2010.09.06 14:48:08.345,1.59205,1.59245,1.20,1.00
2010.09.06 14:48:08.495,1.59205,1.5925,1.20,1.00
2010.09.06 14:48:08.720,1.59205,1.59245,1.20,1.00
2010.09.06 14:48:11.367,1.59205,1.5925,1.20,1.00
2010.09.06 14:48:11.705,1.59205,1.59245,1.20,1.00
2010.09.06 14:48:11.734,1.59205,1.59245,1.00,1.00
2010.09.06 14:48:12.051,1.592,1.59245,1.00,1.00
2010.09.06 14:48:12.184,1.59195,1.59245,3.00,1.00
2010.09.06 14:48:12.524,1.592,1.59245,1.00,1.00
2010.09.06 14:48:14.268,1.592,1.5925,1.00,1.00
2010.09.06 14:48:14.594,1.59195,1.5925,1.40,1.00
2010.09.06 14:48:15.014,1.59195,1.5925,1.50,1.00
2010.09.06 14:48:16.127,1.59195,1.5925,1.30,1.00
2010.09.06 14:48:16.236,1.59195,1.5925,1.00,1.00
2010.09.06 14:48:16.335,1.59195,1.59245,1.00,1.00
2010.09.06 14:48:16.536,1.5919,1.59245,1.30,1.00
2010.09.06 14:48:17.465,1.5919,1.5924,1.20,1.00
2010.09.06 14:48:20.585,1.5919,1.59245,1.20,1.00
2010.09.06 14:48:22.861,1.5919,1.5924,1.20,1.00
2010.09.06 14:48:25.530,1.5919,1.59235,1.30,1.00
2010.09.06 14:48:25.734,1.5919,1.59235,1.20,1.00
2010.09.06 14:48:28.314,1.5919,1.5924,1.30,1.00
2010.09.06 14:48:28.516,1.592,1.5924,1.00,1.00
2010.09.06 14:48:28.606,1.592,1.5925,1.00,1.00
2010.09.06 14:48:28.724,1.592,1.5925,1.20,1.00
2010.09.06 14:48:29.128,1.59195,1.59245,1.20,1.00
2010.09.06 14:48:30.325,1.592,1.59245,1.00,1.00
2010.09.06 14:48:33.297,1.59195,1.59245,1.20,1.00
2010.09.06 14:48:33.544,1.59195,1.59245,1.00,1.00
2010.09.06 14:48:33.897,1.5919,1.5924,1.20,1.00
2010.09.06 14:48:34.268,1.5919,1.5924,1.00,1.00
2010.09.06 14:48:35.666,1.5919,1.59235,1.00,1.00
2010.09.06 14:48:36.664,1.5919,1.5923,1.00,1.00
2010.09.06 14:48:38.565,1.5919,1.59235,1.00,1.00
2010.09.06 14:48:38.753,1.5919,1.59235,1.00,1.00
2010.09.06 14:48:38.875,1.5919,1.59235,1.00,1.00
2010.09.06 14:48:40.603,1.5919,1.5923,1.00,1.00
2010.09.06 14:48:41.588,1.5919,1.59235,1.00,1.00
2010.09.06 14:48:43.464,1.5919,1.59235,1.00,1.00
2010.09.06 14:48:44.615,1.5919,1.59235,1.00,1.00
2010.09.06 14:48:45.294,1.5919,1.5923,1.00,1.00
2010.09.06 14:48:45.608,1.5919,1.5925,1.00,1.00
2010.09.06 14:48:45.695,1.59215,1.5925,1.00,1.00
2010.09.06 14:48:45.875,1.5921,1.5925,1.00,1.00
2010.09.06 14:48:46.525,1.59205,1.5925,1.00,1.00
2010.09.06 14:48:47.456,1.5921,1.59255,1.00,1.00
2010.09.06 14:48:47.806,1.59205,1.59255,1.00,1.00
2010.09.06 14:48:48.216,1.5921,1.59255,1.00,1.00
2010.09.06 14:48:50.035,1.592,1.5925,1.50,1.00
2010.09.06 14:48:50.284,1.59195,1.5925,1.00,1.00
2010.09.06 14:48:51.129,1.59195,1.59255,1.00,1.00
2010.09.06 14:48:51.316,1.5922,1.59255,1.00,1.00
2010.09.06 14:48:53.361,1.5922,1.59255,1.00,1.00
2010.09.06 14:48:53.766,1.5922,1.5925,1.00,1.00
2010.09.06 14:48:54.582,1.5922,1.59255,1.00,1.00
2010.09.06 14:48:55.715,1.59215,1.59255,1.20,1.00
2010.09.06 14:48:55.955,1.5921,1.59255,1.20,1.00
2010.09.06 14:48:56.195,1.5921,1.59255,1.00,1.00
2010.09.06 14:48:56.467,1.5921,1.59255,1.20,1.00
2010.09.06 14:48:56.590,1.59215,1.59255,1.00,1.00
2010.09.06 14:48:56.926,1.5921,1.59255,1.00,1.00
2010.09.06 14:48:57.946,1.59215,1.59255,1.00,1.00
2010.09.06 14:48:58.723,1.59215,1.59265,1.00,1.00
2010.09.06 14:48:58.887,1.59215,1.5927,1.00,1.00
2010.09.06 14:48:59.058,1.5921,1.59265,1.90,1.00
2010.09.06 14:48:59.229,1.5921,1.59265,1.00,1.00
2010.09.06 14:48:59.757,1.59205,1.59265,2.70,1.00
2010.09.06 14:49:00.095,1.59205,1.5926,1.00,1.00
2010.09.06 14:49:00.434,1.59205,1.59265,2.40,1.00
2010.09.06 14:49:01.114,1.5921,1.5926,1.00,1.00
2010.09.06 14:49:02.677,1.5921,1.5926,1.00,1.00
2010.09.06 14:49:02.917,1.5921,1.5926,1.00,1.00
2010.09.06 14:49:03.781,1.5921,1.5926,1.00,1.00
2010.09.06 14:49:03.978,1.5921,1.5926,1.20,1.00
2010.09.06 14:49:05.285,1.59205,1.5926,2.80,1.00
2010.09.06 14:49:05.815,1.59205,1.5926,1.30,1.00
2010.09.06 14:49:06.560,1.59205,1.59255,1.40,1.00
2010.09.06 14:49:08.444,1.59205,1.59255,1.20,1.00
2010.09.06 14:49:08.755,1.59205,1.59255,1.00,1.00
2010.09.06 14:49:09.325,1.592,1.5925,1.20,1.00
2010.09.06 14:49:09.954,1.592,1.5925,1.20,1.00
2010.09.06 14:49:10.125,1.592,1.5925,1.20,1.00
2010.09.06 14:49:10.295,1.59195,1.5925,1.20,1.00
2010.09.06 14:49:10.635,1.592,1.5925,1.00,1.00
2010.09.06 14:49:10.876,1.5921,1.59255,1.00,1.00
2010.09.06 14:49:11.107,1.59205,1.59255,1.00,1.00
2010.09.06 14:49:11.338,1.59205,1.59255,1.20,1.00
2010.09.06 14:49:11.794,1.59205,1.5925,1.20,1.00
2010.09.06 14:49:12.518,1.59205,1.59255,1.20,1.00
2010.09.06 14:49:12.795,1.59205,1.59255,1.20,1.00
2010.09.06 14:49:13.216,1.59205,1.59255,1.20,1.00
2010.09.06 14:49:13.873,1.59205,1.5925,1.20,1.00
2010.09.06 14:49:15.640,1.5921,1.5926,1.00,1.00
2010.09.06 14:49:15.999,1.5921,1.5926,1.00,1.00
2010.09.06 14:49:16.336,1.5921,1.5926,1.30,1.00
2010.09.06 14:49:18.926,1.5921,1.5926,1.20,1.00
2010.09.06 14:49:20.658,1.5921,1.5926,1.20,1.00
2010.09.06 14:49:20.765,1.5921,1.5926,1.00,1.00
2010.09.06 14:49:20.966,1.59205,1.5926,1.40,1.00
2010.09.06 14:49:21.075,1.5921,1.5926,1.00,1.00
2010.09.06 14:49:21.175,1.5921,1.5926,1.20,1.00
2010.09.06 14:49:21.758,1.5921,1.5926,1.30,1.00
2010.09.06 14:49:23.337,1.59205,1.5926,1.90,1.00
2010.09.06 14:49:23.504,1.59205,1.5926,1.50,1.00
2010.09.06 14:49:24.530,1.59205,1.59255,1.40,1.00
2010.09.06 14:49:30.095,1.5921,1.59255,1.00,1.00
2010.09.06 14:49:30.166,1.5921,1.5926,1.00,1.00
2010.09.06 14:49:30.186,1.5921,1.5926,1.20,1.00
2010.09.06 14:49:31.760,1.5921,1.5926,1.30,1.00
2010.09.06 14:49:36.203,1.5921,1.5926,1.20,1.00
2010.09.06 14:49:36.349,1.5921,1.5926,1.20,1.00
2010.09.06 14:49:36.988,1.5921,1.59255,1.20,1.00
2010.09.06 14:49:37.666,1.5921,1.5926,1.20,1.00
2010.09.06 14:49:38.006,1.5922,1.5926,1.00,1.00
2010.09.06 14:49:38.166,1.5922,1.59265,1.00,1.00
2010.09.06 14:49:38.490,1.5921,1.5926,1.30,1.00
2010.09.06 14:49:41.338,1.59215,1.5926,1.00,1.00
2010.09.06 14:49:41.584,1.5921,1.59265,1.20,1.00
2010.09.06 14:49:41.636,1.59215,1.5926,1.00,1.00
2010.09.06 14:49:41.794,1.5921,1.5926,1.20,1.00
2010.09.06 14:49:42.786,1.5921,1.59255,1.20,1.00
2010.09.06 14:49:43.808,1.5921,1.5926,1.20,1.00
2010.09.06 14:49:44.355,1.5921,1.5926,1.20,1.00
2010.09.06 14:49:45.219,1.59215,1.59265,1.00,1.00
2010.09.06 14:49:45.639,1.59215,1.59265,1.00,1.00
2010.09.06 14:49:45.687,1.5921,1.5926,1.20,1.00
2010.09.06 14:49:55.289,1.5921,1.5926,1.20,1.00
2010.09.06 14:49:55.494,1.5921,1.5926,1.30,1.00
2010.09.06 14:49:55.597,1.5921,1.59265,1.30,1.00
2010.09.06 14:49:56.000,1.5921,1.5926,1.20,1.00
2010.09.06 14:49:57.660,1.5921,1.59265,1.20,1.00
2010.09.06 14:49:58.120,1.5921,1.59265,1.20,1.00
2010.09.06 14:49:58.244,1.5921,1.59265,1.30,1.00
2010.09.06 14:49:59.295,1.5922,1.59265,1.00,1.00
2010.09.06 14:49:59.514,1.5922,1.59265,1.20,1.00
2010.09.06 14:50:00.824,1.5922,1.59265,1.20,1.00
2010.09.06 14:50:02.023,1.5922,1.59265,1.20,1.00
2010.09.06 14:50:05.678,1.5922,1.59265,1.40,1.00
2010.09.06 14:50:09.554,1.5922,1.59265,1.40,1.00
2010.09.06 14:50:11.636,1.5922,1.59265,1.20,1.00
2010.09.06 14:50:11.958,1.5922,1.59265,1.20,1.00
2010.09.06 14:50:12.334,1.5922,1.59265,1.00,1.00
2010.09.06 14:50:12.466,1.59215,1.59265,1.20,1.00
2010.09.06 14:50:12.671,1.59215,1.59265,1.30,1.00
2010.09.06 14:50:13.137,1.59215,1.5926,1.40,1.00
2010.09.06 14:50:13.287,1.59215,1.5926,1.30,1.00
2010.09.06 14:50:15.578,1.59215,1.59265,1.40,1.00
2010.09.06 14:50:16.741,1.59215,1.5926,1.40,1.00
2010.09.06 14:50:17.264,1.5922,1.5926,1.00,1.00
2010.09.06 14:50:18.286,1.59215,1.59255,1.00,1.00
2010.09.06 14:50:18.425,1.59215,1.59265,1.00,1.00
2010.09.06 14:50:19.073,1.5922,1.59265,1.00,1.00
2010.09.06 14:50:19.205,1.5922,1.59265,1.00,1.00
2010.09.06 14:50:19.509,1.5922,1.5926,1.00,1.00
2010.09.06 14:50:20.257,1.5922,1.5926,1.00,1.00
2010.09.06 14:50:20.417,1.5922,1.5926,1.00,1.00
2010.09.06 14:50:22.923,1.5922,1.59265,1.00,1.00
2010.09.06 14:50:23.575,1.5922,1.59255,1.00,1.00
2010.09.06 14:50:23.649,1.5922,1.5926,1.00,1.00
2010.09.06 14:50:24.625,1.5922,1.5926,1.00,1.00
2010.09.06 14:50:34.758,1.5922,1.5927,1.60,1.00
2010.09.06 14:50:34.986,1.59225,1.5927,1.00,1.00
2010.09.06 14:50:35.687,1.59225,1.59275,1.00,1.00
2010.09.06 14:50:36.196,1.5922,1.5927,1.00,1.00
2010.09.06 14:50:36.627,1.59225,1.5927,1.00,1.00
2010.09.06 14:50:42.215,1.5922,1.5927,1.00,1.00
2010.09.06 14:50:42.418,1.5922,1.5927,2.90,1.00
2010.09.06 14:50:42.916,1.59225,1.5927,1.00,1.00
2010.09.06 14:50:44.563,1.59225,1.5927,1.00,1.00
2010.09.06 14:50:45.611,1.59225,1.5927,1.00,1.00
2010.09.06 14:50:49.323,1.59225,1.5928,1.00,1.00
2010.09.06 14:50:50.556,1.59225,1.5928,1.40,1.00
2010.09.06 14:50:50.855,1.59225,1.5928,2.80,1.00
2010.09.06 14:50:51.687,1.5923,1.5928,1.00,1.00
2010.09.06 14:50:51.855,1.59225,1.5928,1.60,1.00
2010.09.06 14:50:52.015,1.59225,1.5928,1.00,1.00
2010.09.06 14:50:52.711,1.5922,1.5928,2.10,1.00
2010.09.06 14:50:52.885,1.5922,1.59275,2.10,1.00
2010.09.06 14:50:55.655,1.5922,1.5927,2.00,1.00
2010.09.06 14:50:56.091,1.59225,1.5927,1.00,1.00
2010.09.06 14:50:57.858,1.59225,1.59275,1.00,1.00
2010.09.06 14:50:58.194,1.59235,1.59275,1.00,1.00
2010.09.06 14:51:00.916,1.59225,1.59275,2.00,1.00
2010.09.06 14:51:01.454,1.59225,1.59275,1.00,1.00
2010.09.06 14:51:03.655,1.59225,1.59275,1.00,1.00
2010.09.06 14:51:03.984,1.59225,1.59275,1.00,1.00
2010.09.06 14:51:04.314,1.59225,1.5927,1.00,1.00
2010.09.06 14:51:06.476,1.5923,1.5927,1.00,1.00
2010.09.06 14:51:26.695,1.59225,1.5927,2.00,1.00
2010.09.06 14:51:27.073,1.59225,1.5927,1.00,1.00
2010.09.06 14:51:39.325,1.5922,1.5927,2.00,1.00
2010.09.06 14:51:40.283,1.5922,1.5927,1.90,1.00
2010.09.06 14:51:40.545,1.5922,1.5927,1.90,1.00
2010.09.06 14:51:42.228,1.5922,1.5927,1.00,1.00
2010.09.06 14:51:46.622,1.5922,1.5927,1.00,1.00
2010.09.06 14:51:50.033,1.5924,1.5927,1.50,1.00
2010.09.06 14:51:50.145,1.5924,1.5928,1.50,1.00
2010.09.06 14:51:50.255,1.5924,1.59285,1.50,1.00
2010.09.06 14:51:50.488,1.5924,1.5928,1.50,1.00
2010.09.06 14:51:50.597,1.5923,1.59285,1.60,1.00
2010.09.06 14:51:50.705,1.5923,1.59285,3.10,1.00
2010.09.06 14:51:50.816,1.59235,1.59285,1.00,1.00
2010.09.06 14:51:51.036,1.5924,1.59285,1.50,1.00
2010.09.06 14:51:51.305,1.5924,1.5929,1.50,1.00
2010.09.06 14:51:51.612,1.5924,1.593,1.50,1.00
2010.09.06 14:51:51.887,1.5925,1.59295,1.50,1.00
2010.09.06 14:51:52.231,1.5925,1.59295,1.00,1.00
2010.09.06 14:51:52.557,1.59245,1.5929,1.00,1.00
2010.09.06 14:51:52.961,1.59245,1.59295,1.00,1.00
2010.09.06 14:51:53.288,1.59245,1.5929,1.00,1.00
2010.09.06 14:51:53.536,1.59235,1.5929,1.00,1.00
2010.09.06 14:51:54.025,1.59245,1.593,1.50,1.20
2010.09.06 14:51:54.266,1.5925,1.593,1.00,1.00
2010.09.06 14:51:54.666,1.5925,1.5929,1.00,1.00
2010.09.06 14:51:54.865,1.59245,1.5928,1.50,1.00
2010.09.06 14:51:55.078,1.59235,1.5928,2.00,1.00
2010.09.06 14:51:55.287,1.59235,1.5928,1.50,1.00
2010.09.06 14:51:55.487,1.59235,1.5928,1.60,1.00
2010.09.06 14:51:55.688,1.59235,1.5928,1.50,1.00
2010.09.06 14:51:55.885,1.5923,1.5928,1.60,1.00
2010.09.06 14:51:56.107,1.5923,1.5928,1.00,1.00
2010.09.06 14:51:56.620,1.5923,1.5928,1.00,1.00
2010.09.06 14:51:56.928,1.59225,1.5928,1.00,1.20
2010.09.06 14:51:57.238,1.59225,1.5928,1.00,2.00
2010.09.06 14:51:58.416,1.59225,1.5928,1.50,2.10
2010.09.06 14:51:58.696,1.59215,1.59275,1.00,1.00
2010.09.06 14:51:58.835,1.59215,1.5927,1.00,1.00
2010.09.06 14:51:59.204,1.5921,1.5927,1.60,1.00
2010.09.06 14:51:59.567,1.59215,1.5927,1.00,1.00
2010.09.06 14:51:59.787,1.59215,1.5927,1.00,1.00
2010.09.06 14:52:00.005,1.59215,1.59265,1.00,1.00
2010.09.06 14:52:00.308,1.59215,1.59275,1.00,1.00
2010.09.06 14:52:00.587,1.5922,1.59275,1.50,1.00
2010.09.06 14:52:01.265,1.5922,1.59265,1.50,1.00
2010.09.06 14:52:01.604,1.59215,1.59265,1.00,1.00
2010.09.06 14:52:02.806,1.59215,1.59265,1.00,1.00
2010.09.06 14:52:03.322,1.59215,1.5926,1.00,1.00
2010.09.06 14:52:03.554,1.59215,1.59265,1.00,1.00
2010.09.06 14:52:03.784,1.59215,1.5926,1.00,1.00
2010.09.06 14:52:03.967,1.59215,1.5927,1.00,1.00
2010.09.06 14:52:04.359,1.5922,1.5927,1.50,1.00
2010.09.06 14:52:05.175,1.5922,1.59275,2.40,1.00
2010.09.06 14:52:05.355,1.59225,1.59275,1.50,1.00
2010.09.06 14:52:05.714,1.5922,1.59275,3.60,1.00
2010.09.06 14:52:06.074,1.5922,1.59275,2.00,1.00
2010.09.06 14:52:06.967,1.5922,1.5927,2.00,1.00
2010.09.06 14:52:09.811,1.5922,1.59265,1.60,1.00
2010.09.06 14:52:10.556,1.5922,1.59265,1.50,1.00
2010.09.06 14:52:10.765,1.5922,1.59265,1.50,1.00
2010.09.06 14:52:10.865,1.59225,1.59265,1.00,1.00
2010.09.06 14:52:11.035,1.59225,1.59265,1.00,1.00
2010.09.06 14:52:11.229,1.59225,1.59275,1.50,1.30
2010.09.06 14:52:11.405,1.59225,1.59275,1.50,1.00
2010.09.06 14:52:13.587,1.59225,1.59275,1.60,1.00
2010.09.06 14:52:14.585,1.59225,1.59275,1.50,1.00
2010.09.06 14:52:14.892,1.5922,1.59275,1.00,1.00
2010.09.06 14:52:14.969,1.59225,1.5927,1.50,1.00
2010.09.06 14:52:15.414,1.5922,1.5927,1.00,1.00
2010.09.06 14:52:20.205,1.59225,1.5927,1.00,1.00
2010.09.06 14:52:23.659,1.59225,1.59275,1.00,1.00
2010.09.06 14:52:23.784,1.59225,1.59275,1.40,1.00
2010.09.06 14:52:24.025,1.59235,1.59275,1.00,1.00
2010.09.06 14:52:24.345,1.59235,1.5927,1.00,1.00
2010.09.06 14:52:24.505,1.59225,1.5927,1.00,1.00
2010.09.06 14:52:32.237,1.59225,1.59275,1.00,1.00
2010.09.06 14:52:32.339,1.59225,1.5927,1.00,1.00
2010.09.06 14:52:32.636,1.59225,1.59275,1.00,1.00
2010.09.06 14:52:32.968,1.59225,1.5927,1.00,1.00
2010.09.06 14:52:33.645,1.5922,1.59265,1.00,1.00
2010.09.06 14:52:33.985,1.5922,1.59265,2.00,1.00
2010.09.06 14:52:34.325,1.59225,1.59265,1.00,1.00
2010.09.06 14:53:06.625,1.59225,1.5927,1.00,1.00
2010.09.06 14:53:07.148,1.59225,1.5927,1.00,1.00
2010.09.06 14:53:07.406,1.59225,1.59265,1.00,1.00
2010.09.06 14:53:10.123,1.59225,1.5927,1.00,1.00
2010.09.06 14:53:12.900,1.59225,1.59265,1.00,1.00
2010.09.06 14:53:18.117,1.59225,1.5927,1.00,1.00
2010.09.06 14:53:21.049,1.59225,1.59265,1.00,1.00
2010.09.06 14:53:22.068,1.59225,1.5927,1.00,1.00
2010.09.06 14:53:23.395,1.5923,1.5927,1.00,1.00
2010.09.06 14:53:23.575,1.59225,1.5927,1.00,1.00
2010.09.06 14:53:23.755,1.59225,1.5927,2.00,1.00
2010.09.06 14:53:23.846,1.5923,1.5927,1.00,1.00
2010.09.06 14:53:24.617,1.5924,1.59275,2.70,1.00
2010.09.06 14:53:24.856,1.5924,1.59285,1.00,1.60
2010.09.06 14:53:25.097,1.5924,1.5929,1.20,1.00
2010.09.06 14:53:25.599,1.59245,1.59295,1.50,1.00
2010.09.06 14:53:25.778,1.5925,1.59295,1.90,1.00
2010.09.06 14:53:25.956,1.59255,1.593,1.00,1.00
2010.09.06 14:53:26.675,1.59255,1.59295,1.00,1.00
2010.09.06 14:53:27.246,1.5925,1.59295,1.00,1.00
2010.09.06 14:53:27.576,1.5925,1.593,1.00,1.00
2010.09.06 14:53:27.948,1.5925,1.59295,1.00,1.00
2010.09.06 14:53:28.305,1.59245,1.59295,1.00,1.00
2010.09.06 14:53:29.638,1.59245,1.5929,1.00,1.00
2010.09.06 14:53:37.325,1.59245,1.59295,1.00,1.00
2010.09.06 14:53:37.466,1.5925,1.59295,1.00,1.00
2010.09.06 14:53:37.615,1.59245,1.59295,1.00,1.00
2010.09.06 14:53:38.148,1.5925,1.59295,1.00,1.00
2010.09.06 14:53:38.666,1.5925,1.593,1.20,1.00
2010.09.06 14:53:38.896,1.5926,1.593,2.00,1.00
2010.09.06 14:53:39.126,1.59265,1.59305,1.00,1.00
2010.09.06 14:53:39.355,1.59265,1.59305,1.00,1.00
2010.09.06 14:53:40.525,1.59265,1.5931,1.00,1.00
2010.09.06 14:53:40.634,1.59265,1.5931,1.00,1.00
2010.09.06 14:53:41.656,1.59265,1.5931,1.00,1.00
2010.09.06 14:53:42.293,1.59265,1.59305,1.00,1.00
2010.09.06 14:53:44.648,1.59265,1.59305,1.00,1.00
2010.09.06 14:53:49.605,1.59265,1.5931,2.10,1.00
2010.09.06 14:53:49.633,1.59275,1.5931,1.00,1.00
2010.09.06 14:53:50.027,1.59275,1.5931,1.00,1.00
2010.09.06 14:53:52.875,1.59275,1.5931,1.00,1.00
2010.09.06 14:53:52.985,1.59265,1.5931,1.00,1.00
2010.09.06 14:53:54.515,1.59265,1.59305,1.00,1.00
2010.09.06 14:53:54.626,1.59265,1.59305,1.00,1.00
2010.09.06 14:53:56.589,1.59265,1.5931,1.00,1.00
2010.09.06 14:53:56.655,1.59265,1.5931,1.00,1.00
2010.09.06 14:53:57.999,1.59265,1.59305,1.00,1.00
2010.09.06 14:53:59.656,1.5927,1.59315,1.00,1.00
2010.09.06 14:53:59.847,1.5928,1.59315,1.00,1.00
2010.09.06 14:54:01.079,1.5928,1.5932,1.00,1.00
2010.09.06 14:54:01.245,1.5928,1.5932,2.90,1.00
2010.09.06 14:54:01.416,1.5928,1.5932,2.10,1.00
2010.09.06 14:54:01.587,1.5928,1.5932,1.00,1.00
2010.09.06 14:54:01.926,1.5928,1.59315,1.00,1.00
2010.09.06 14:54:02.377,1.5927,1.5931,1.00,1.00
2010.09.06 14:54:04.736,1.5927,1.59305,1.00,1.00
2010.09.06 14:54:05.578,1.5927,1.5931,1.00,1.00
2010.09.06 14:54:08.256,1.5927,1.59305,1.00,1.00
2010.09.06 14:54:08.535,1.59265,1.59305,1.00,1.00
2010.09.06 14:54:08.675,1.5926,1.59305,1.00,1.00
2010.09.06 14:54:08.815,1.5926,1.593,1.00,1.00
2010.09.06 14:54:09.035,1.5926,1.593,1.40,1.00
2010.09.06 14:54:10.136,1.5926,1.59295,1.40,1.00
2010.09.06 14:54:10.455,1.59255,1.59295,1.00,1.00
2010.09.06 14:54:10.615,1.5925,1.59295,2.90,1.00
2010.09.06 14:54:10.775,1.59255,1.59295,1.00,1.00
2010.09.06 14:54:12.075,1.59255,1.593,1.00,1.00
2010.09.06 14:54:12.245,1.5926,1.593,1.00,1.00
2010.09.06 14:54:12.788,1.59255,1.59305,2.10,1.00
2010.09.06 14:54:12.965,1.5926,1.59305,1.00,1.00
2010.09.06 14:54:13.629,1.5926,1.59305,1.00,1.00
2010.09.06 14:54:14.781,1.5927,1.59315,1.00,1.00
2010.09.06 14:54:14.996,1.5927,1.5932,1.00,1.00
2010.09.06 14:54:15.076,1.5928,1.5932,1.00,1.00
2010.09.06 14:54:17.618,1.5928,1.5932,1.00,1.00
2010.09.06 14:54:17.785,1.5928,1.5932,1.00,1.00
2010.09.06 14:54:26.566,1.5928,1.59325,1.00,1.00
2010.09.06 14:54:26.695,1.59285,1.59325,1.00,1.00
2010.09.06 14:54:28.126,1.59275,1.5932,1.00,1.00
2010.09.06 14:54:28.406,1.5928,1.59325,1.00,1.00
2010.09.06 14:54:29.846,1.59285,1.59325,1.00,1.00
2010.09.06 14:54:30.600,1.59285,1.5932,1.00,1.00
2010.09.06 14:54:33.655,1.59285,1.59325,1.00,1.00
2010.09.06 14:54:35.094,1.59285,1.59325,1.00,1.00
2010.09.06 14:54:35.222,1.59285,1.59325,1.00,1.00
2010.09.06 14:54:40.248,1.59285,1.59325,1.00,1.00
2010.09.06 14:54:40.536,1.5928,1.59325,2.30,1.00
2010.09.06 14:54:40.696,1.59285,1.59325,1.00,1.00
2010.09.06 14:54:41.346,1.59285,1.5933,1.40,1.00
2010.09.06 14:54:41.515,1.5929,1.5933,1.00,1.00
2010.09.06 14:54:41.896,1.5929,1.5934,1.00,1.00
2010.09.06 14:54:42.085,1.59295,1.5934,1.50,1.00
2010.09.06 14:54:42.275,1.593,1.59335,1.00,1.00
2010.09.06 14:54:43.346,1.5929,1.59335,1.20,1.00
2010.09.06 14:54:43.526,1.593,1.59335,1.00,1.00
2010.09.06 14:54:44.372,1.593,1.5934,1.00,1.00
2010.09.06 14:54:45.615,1.593,1.5934,1.00,1.00
2010.09.06 14:54:46.279,1.593,1.59335,1.00,1.00
2010.09.06 14:54:46.495,1.593,1.5933,1.00,1.00
2010.09.06 14:54:46.715,1.5929,1.5933,1.00,1.00
2010.09.06 14:54:46.935,1.5929,1.59335,1.00,1.00
2010.09.06 14:54:47.236,1.5929,1.5933,1.00,1.00
2010.09.06 14:54:48.236,1.5929,1.59335,1.00,1.00
2010.09.06 14:54:48.452,1.59295,1.59335,1.00,1.00
2010.09.06 14:54:49.342,1.59295,1.59335,1.00,1.00
2010.09.06 14:54:52.816,1.5929,1.59335,1.00,1.00
2010.09.06 14:54:53.165,1.59295,1.59335,1.00,1.00
2010.09.06 14:54:53.335,1.59295,1.5934,1.00,1.00
2010.09.06 14:54:54.865,1.59295,1.59335,1.00,1.00
2010.09.06 14:54:55.195,1.59295,1.59335,1.00,1.00
2010.09.06 14:54:56.048,1.59295,1.5933,1.00,1.00
2010.09.06 14:54:56.284,1.59295,1.59335,1.00,1.00
2010.09.06 14:54:56.514,1.59295,1.59335,1.20,1.00
2010.09.06 14:54:56.746,1.59305,1.5934,1.00,1.00
2010.09.06 14:54:57.267,1.59305,1.59335,1.00,1.00
2010.09.06 14:54:57.485,1.59295,1.59335,2.90,1.00
2010.09.06 14:54:57.705,1.59295,1.5934,1.40,1.00
2010.09.06 14:54:58.045,1.59305,1.5934,1.00,1.00
2010.09.06 14:54:59.734,1.59305,1.5934,1.00,1.00
2010.09.06 14:55:05.512,1.59305,1.5934,1.00,1.00
2010.09.06 14:55:05.687,1.59295,1.59335,1.40,1.00
2010.09.06 14:55:05.867,1.59295,1.5934,2.90,1.00
2010.09.06 14:55:06.046,1.59305,1.5934,1.00,1.00
2010.09.06 14:55:06.746,1.59305,1.59335,1.00,1.00
2010.09.06 14:55:07.087,1.59295,1.59335,1.00,1.00
2010.09.06 14:55:09.457,1.59295,1.59335,1.00,1.00
2010.09.06 14:55:12.436,1.5929,1.59335,3.50,1.00
2010.09.06 14:55:12.708,1.59295,1.59335,1.00,1.00
2010.09.06 14:55:13.626,1.59295,1.59335,1.00,1.00
2010.09.06 14:55:14.838,1.59295,1.59335,1.00,1.00
2010.09.06 14:55:17.215,1.593,1.59335,1.00,1.00
2010.09.06 14:55:18.937,1.593,1.5934,1.00,1.00
2010.09.06 14:55:23.079,1.59295,1.5934,1.00,1.00
2010.09.06 14:55:24.011,1.593,1.5934,1.00,1.00
2010.09.06 14:55:29.965,1.593,1.59335,1.00,1.00
2010.09.06 14:55:32.627,1.593,1.5934,1.00,1.00
2010.09.06 14:55:43.610,1.59295,1.5934,1.00,1.00
2010.09.06 14:55:46.406,1.59295,1.59325,1.00,1.00
2010.09.06 14:55:46.497,1.5929,1.5934,1.00,1.00
2010.09.06 14:55:46.786,1.5928,1.59335,1.40,1.00
2010.09.06 14:55:47.076,1.5929,1.59335,1.00,1.00
2010.09.06 14:55:47.325,1.5929,1.59335,1.00,1.00
2010.09.06 14:55:50.115,1.59285,1.59335,1.00,1.00
2010.09.06 14:55:51.625,1.59285,1.5933,1.00,1.00
2010.09.06 14:55:55.372,1.59285,1.59335,1.00,1.00
2010.09.06 14:55:55.387,1.5929,1.59335,1.00,1.00
2010.09.06 14:55:59.817,1.5928,1.5933,1.00,1.00
2010.09.06 14:56:00.257,1.5928,1.59325,1.00,1.00
2010.09.06 14:56:00.496,1.59275,1.59325,1.40,1.00
2010.09.06 14:56:00.736,1.59275,1.59325,1.00,1.00
2010.09.06 14:56:00.977,1.59275,1.59325,1.20,1.00
2010.09.06 14:56:01.878,1.59275,1.5932,1.20,1.00
2010.09.06 14:56:02.075,1.5928,1.5932,1.00,1.00
2010.09.06 14:56:03.605,1.5928,1.59325,1.00,1.00
2010.09.06 14:56:03.821,1.5928,1.59325,1.00,1.00
2010.09.06 14:56:06.316,1.59275,1.59325,1.40,1.00
2010.09.06 14:56:07.629,1.59275,1.5932,1.40,1.00
2010.09.06 14:56:10.538,1.5928,1.5932,1.00,1.00
2010.09.06 14:56:10.586,1.5928,1.59325,1.00,1.00
2010.09.06 14:56:10.615,1.59275,1.59325,1.40,1.00
2010.09.06 14:56:10.678,1.5928,1.59325,1.00,1.00
2010.09.06 14:56:10.825,1.59285,1.59325,1.00,1.00
2010.09.06 14:56:12.552,1.59285,1.59325,1.00,1.00
2010.09.06 14:56:16.184,1.5929,1.59325,1.00,1.00
2010.09.06 14:56:17.162,1.5929,1.59325,1.00,1.00
2010.09.06 14:56:18.546,1.5929,1.5934,1.00,1.00
2010.09.06 14:56:19.650,1.5929,1.59335,1.00,1.00
2010.09.06 14:56:21.176,1.5929,1.5933,1.00,1.00
2010.09.06 14:56:23.634,1.5929,1.59325,1.00,1.00
2010.09.06 14:56:27.717,1.5929,1.5933,1.00,1.00
2010.09.06 14:56:27.756,1.59285,1.5933,2.20,1.00
2010.09.06 14:56:28.081,1.59285,1.5933,1.00,1.00
2010.09.06 14:56:28.111,1.59285,1.59325,1.00,1.00
2010.09.06 14:56:28.212,1.5929,1.59325,1.00,1.00
2010.09.06 14:56:30.161,1.5928,1.59325,1.00,1.00
2010.09.06 14:56:30.375,1.5928,1.59325,1.00,1.00
2010.09.06 14:56:30.486,1.5928,1.5932,1.00,1.00
2010.09.06 14:56:30.595,1.5928,1.5932,1.00,1.00
2010.09.06 14:56:30.725,1.59275,1.5932,3.00,1.00
2010.09.06 14:56:30.856,1.59275,1.5932,1.50,1.00
2010.09.06 14:56:31.096,1.5927,1.5932,1.90,1.00
2010.09.06 14:56:31.238,1.59275,1.5932,1.00,1.00
2010.09.06 14:56:31.376,1.59265,1.5932,1.00,1.00
2010.09.06 14:56:31.846,1.59265,1.59315,1.00,1.00
2010.09.06 14:56:33.591,1.59265,1.5931,1.00,1.00
2010.09.06 14:56:36.147,1.5927,1.5931,1.00,1.00
2010.09.06 14:56:36.207,1.5927,1.59315,1.50,1.00
2010.09.06 14:56:36.315,1.5927,1.59315,3.00,1.00
2010.09.06 14:56:39.516,1.5927,1.59315,3.00,1.00
2010.09.06 14:56:41.656,1.5927,1.59315,3.20,1.00
2010.09.06 14:56:46.649,1.5927,1.59315,4.80,1.00
2010.09.06 14:56:46.985,1.5927,1.59315,5.20,1.00
2010.09.06 14:56:47.595,1.59275,1.59315,1.00,1.00
2010.09.06 14:56:47.668,1.59285,1.59315,1.00,1.00
2010.09.06 14:56:51.593,1.59285,1.5932,1.00,1.00
2010.09.06 14:56:52.397,1.59285,1.59315,1.00,1.00
2010.09.06 14:56:53.253,1.59275,1.59315,1.00,1.00
2010.09.06 14:56:53.566,1.59275,1.5932,1.00,1.00
2010.09.06 14:56:53.886,1.5928,1.5932,1.00,1.00
2010.09.06 14:56:54.856,1.59275,1.5932,1.50,1.00
2010.09.06 14:56:54.965,1.5927,1.5932,2.80,1.00
2010.09.06 14:56:55.318,1.59275,1.59325,1.50,1.00
2010.09.06 14:56:55.426,1.5928,1.59325,1.00,1.00
2010.09.06 14:56:55.976,1.5928,1.59325,1.00,1.00
2010.09.06 14:56:56.915,1.5928,1.59325,1.00,1.00
2010.09.06 14:56:57.067,1.5928,1.59325,1.00,1.00
2010.09.06 14:56:57.408,1.5928,1.59325,1.00,1.00
2010.09.06 14:56:57.626,1.5928,1.59325,1.00,1.00
2010.09.06 14:56:58.427,1.5928,1.59325,1.00,1.00
2010.09.06 14:56:58.783,1.59285,1.59325,1.00,1.00
2010.09.06 14:56:59.127,1.5929,1.59325,1.00,1.00
2010.09.06 14:57:06.775,1.5929,1.5934,1.00,1.00
2010.09.06 14:57:08.562,1.5929,1.59335,1.00,1.00
2010.09.06 14:57:08.713,1.5929,1.59335,1.00,1.00
2010.09.06 14:57:10.483,1.5929,1.5934,1.00,1.00
2010.09.06 14:57:11.608,1.5929,1.59335,1.00,1.00
2010.09.06 14:57:18.878,1.5929,1.5934,1.00,1.00
2010.09.06 14:57:19.303,1.5929,1.59335,1.00,1.00
2010.09.06 14:57:20.006,1.59295,1.5934,1.00,1.00
2010.09.06 14:57:21.336,1.59295,1.59335,1.00,1.00
2010.09.06 14:57:21.737,1.59295,1.5934,1.00,1.00
2010.09.06 14:57:21.974,1.59305,1.59345,1.00,1.00
2010.09.06 14:57:22.547,1.59305,1.59345,1.00,1.00
2010.09.06 14:57:27.801,1.59305,1.5934,1.00,1.00
2010.09.06 14:57:28.244,1.59295,1.5934,1.00,1.00
2010.09.06 14:57:28.445,1.59295,1.59345,2.00,1.00
2010.09.06 14:57:28.714,1.59305,1.59345,1.00,1.00
2010.09.06 14:57:29.116,1.59305,1.5934,1.00,1.00
2010.09.06 14:57:29.317,1.59295,1.5934,1.00,1.00
2010.09.06 14:57:30.305,1.593,1.5934,1.00,1.00
2010.09.06 14:57:31.607,1.593,1.59345,1.00,1.00
2010.09.06 14:57:31.829,1.593,1.59335,1.00,1.00
2010.09.06 14:57:32.425,1.593,1.5934,1.00,1.00
2010.09.06 14:57:33.586,1.593,1.59335,1.00,1.00
2010.09.06 14:57:34.905,1.59295,1.59335,1.00,1.00
2010.09.06 14:57:39.606,1.593,1.59335,1.00,1.00
2010.09.06 14:57:43.476,1.59305,1.59345,1.00,1.00
2010.09.06 14:57:43.950,1.59305,1.5934,1.00,1.00
2010.09.06 14:57:46.636,1.59305,1.5934,1.00,1.00
2010.09.06 14:57:50.079,1.593,1.5934,1.00,1.00
2010.09.06 14:57:50.152,1.593,1.59345,1.00,1.00
2010.09.06 14:57:50.305,1.59305,1.59345,1.00,1.00
2010.09.06 14:57:51.348,1.59305,1.5934,1.00,1.00
2010.09.06 14:57:52.346,1.593,1.5934,2.00,1.00
2010.09.06 14:57:52.418,1.593,1.5934,1.00,1.00
2010.09.06 14:57:52.611,1.593,1.59345,1.00,1.00
2010.09.06 14:57:52.967,1.593,1.59345,2.00,1.00
2010.09.06 14:57:52.995,1.59305,1.59345,1.00,1.00
2010.09.06 14:57:54.316,1.59305,1.5934,1.00,1.00
2010.09.06 14:57:56.748,1.59305,1.5935,1.00,1.00
2010.09.06 14:57:56.815,1.59305,1.5935,2.00,1.00
2010.09.06 14:57:57.098,1.59305,1.59345,2.00,1.00
2010.09.06 14:57:57.140,1.59305,1.59345,1.00,1.00
2010.09.06 14:57:57.932,1.59305,1.59345,1.00,1.00
2010.09.06 14:57:58.558,1.59305,1.5934,1.00,1.00
2010.09.06 14:57:58.856,1.593,1.5934,2.00,1.00
2010.09.06 14:57:58.916,1.593,1.5934,1.00,1.00
2010.09.06 14:58:02.017,1.593,1.59335,1.00,1.00
2010.09.06 14:58:02.642,1.593,1.5934,1.00,1.00
2010.09.06 14:58:04.341,1.593,1.5934,1.00,1.00
2010.09.06 14:58:20.398,1.593,1.5934,1.00,1.00
2010.09.06 14:58:20.475,1.593,1.5934,2.00,1.00
2010.09.06 14:58:20.557,1.59305,1.5934,1.00,1.00
2010.09.06 14:58:21.119,1.59305,1.59345,1.00,1.00
2010.09.06 14:58:22.661,1.59305,1.59345,1.00,1.00
2010.09.06 14:58:23.157,1.59315,1.59345,1.00,1.00
2010.09.06 14:58:23.337,1.5933,1.59355,1.00,1.60
2010.09.06 14:58:23.426,1.5933,1.5936,1.00,1.00
2010.09.06 14:58:23.701,1.59325,1.5936,1.50,1.00
2010.09.06 14:58:23.790,1.59325,1.5936,1.50,1.00
2010.09.06 14:58:27.638,1.59325,1.5936,1.50,1.00
2010.09.06 14:58:29.291,1.59325,1.59355,1.50,1.00
2010.09.06 14:58:29.505,1.5932,1.59355,2.10,1.00
2010.09.06 14:58:29.668,1.5932,1.59355,1.60,1.00
2010.09.06 14:58:32.946,1.59325,1.59355,1.00,1.00
2010.09.06 14:58:33.557,1.5933,1.5936,1.00,1.00
2010.09.06 14:58:33.797,1.59325,1.59355,1.00,1.00
2010.09.06 14:58:34.886,1.59325,1.59365,1.00,1.00
2010.09.06 14:58:35.405,1.5933,1.59365,1.00,1.00
2010.09.06 14:58:36.926,1.59335,1.59365,1.00,1.00
2010.09.06 14:58:37.573,1.59345,1.59365,1.00,1.00
2010.09.06 14:58:37.783,1.59345,1.5938,1.00,1.00
2010.09.06 14:58:37.990,1.5935,1.5939,1.50,1.00
2010.09.06 14:58:38.189,1.5935,1.594,1.50,1.00
2010.09.06 14:58:38.429,1.59355,1.594,1.50,1.00
2010.09.06 14:58:38.970,1.5935,1.594,1.50,1.00
2010.09.06 14:58:39.515,1.59355,1.594,1.50,1.00
2010.09.06 14:58:39.860,1.59355,1.594,1.50,1.00
2010.09.06 14:58:40.198,1.5936,1.594,1.00,1.00
2010.09.06 14:58:40.954,1.5936,1.59395,1.00,1.00
2010.09.06 14:58:41.242,1.59355,1.59395,1.00,1.00
2010.09.06 14:58:41.531,1.59375,1.5941,1.00,1.00
2010.09.06 14:58:41.808,1.59375,1.59425,1.90,1.00
2010.09.06 14:58:42.068,1.5938,1.59425,1.00,1.00
2010.09.06 14:58:42.587,1.5938,1.59425,1.00,1.00
2010.09.06 14:58:42.848,1.5938,1.5942,1.00,1.00
2010.09.06 14:58:43.187,1.5938,1.59425,1.00,1.00
2010.09.06 14:58:43.867,1.5938,1.59425,1.00,1.00
2010.09.06 14:58:44.305,1.5938,1.5943,1.00,1.00
2010.09.06 14:58:44.649,1.59395,1.5944,1.00,1.60
2010.09.06 14:58:44.988,1.594,1.59445,1.00,1.00
2010.09.06 14:58:45.264,1.594,1.59445,1.30,1.00
2010.09.06 14:58:45.509,1.594,1.59445,1.00,1.00
2010.09.06 14:58:45.750,1.594,1.5944,1.00,1.00
2010.09.06 14:58:45.987,1.594,1.5944,1.20,1.00
2010.09.06 14:58:46.326,1.594,1.5944,1.30,1.00
2010.09.06 14:58:46.666,1.59415,1.59455,1.00,1.00
2010.09.06 14:58:47.007,1.59415,1.5946,1.00,1.00
2010.09.06 14:58:47.576,1.59415,1.59465,1.00,1.00
2010.09.06 14:58:47.867,1.59415,1.5946,1.00,1.00
2010.09.06 14:58:49.004,1.59415,1.59455,1.00,1.00
2010.09.06 14:58:52.137,1.59405,1.59455,1.00,1.00
2010.09.06 14:58:52.478,1.59405,1.5945,1.00,1.00
2010.09.06 14:58:53.251,1.59405,1.59455,1.00,1.00
2010.09.06 14:58:53.604,1.59405,1.5945,1.00,1.00
2010.09.06 14:58:54.360,1.59405,1.59455,1.00,1.00
2010.09.06 14:58:56.112,1.59405,1.5945,1.00,1.00
2010.09.06 14:58:56.415,1.59405,1.59455,1.00,1.00
2010.09.06 14:58:56.717,1.59405,1.5945,1.00,1.00
2010.09.06 14:58:56.925,1.594,1.5945,2.00,1.00
2010.09.06 14:58:57.088,1.594,1.5945,1.00,1.00
2010.09.06 14:58:57.246,1.594,1.5945,2.00,1.00
2010.09.06 14:58:57.407,1.59405,1.5945,1.00,1.00
2010.09.06 14:58:59.148,1.59405,1.59455,1.00,1.00
2010.09.06 14:58:59.256,1.59405,1.59455,1.00,1.00
2010.09.06 14:58:59.374,1.59415,1.59455,1.00,1.00
2010.09.06 14:59:05.778,1.59415,1.59465,1.00,1.00
2010.09.06 14:59:05.919,1.5942,1.59465,1.00,1.00
2010.09.06 14:59:06.406,1.5942,1.5946,1.00,1.00
2010.09.06 14:59:06.828,1.5941,1.59455,1.00,1.00
2010.09.06 14:59:07.038,1.59405,1.59455,1.00,1.00
2010.09.06 14:59:07.364,1.594,1.59455,1.00,1.00
2010.09.06 14:59:07.538,1.594,1.59445,1.00,1.00
2010.09.06 14:59:07.877,1.59395,1.5944,1.00,1.00
2010.09.06 14:59:09.046,1.59405,1.5944,1.00,1.00
2010.09.06 14:59:09.388,1.59415,1.59445,1.00,1.00
2010.09.06 14:59:10.526,1.59405,1.5945,1.00,1.00
2010.09.06 14:59:10.888,1.5941,1.5946,1.00,1.60
2010.09.06 14:59:11.068,1.5942,1.5947,1.00,1.00
2010.09.06 14:59:11.248,1.5942,1.59465,1.00,1.00
2010.09.06 14:59:11.621,1.59425,1.5946,1.00,1.00
2010.09.06 14:59:11.696,1.59425,1.59465,1.00,1.00
2010.09.06 14:59:11.957,1.59425,1.5946,1.00,1.00
2010.09.06 14:59:12.229,1.59415,1.59455,1.00,1.00
2010.09.06 14:59:13.881,1.59415,1.5946,1.00,1.00
2010.09.06 14:59:14.146,1.59415,1.5946,1.00,1.00
2010.09.06 14:59:14.279,1.59415,1.59455,1.00,1.00
2010.09.06 14:59:15.238,1.59415,1.59455,1.00,1.00
2010.09.06 14:59:15.387,1.59415,1.59455,1.00,1.00
2010.09.06 14:59:15.538,1.59405,1.5945,3.50,1.00
2010.09.06 14:59:15.686,1.59405,1.5945,2.00,1.00
2010.09.06 14:59:16.256,1.59415,1.59455,1.00,1.00
2010.09.06 14:59:16.876,1.59415,1.5945,1.00,1.00
2010.09.06 14:59:17.470,1.59415,1.5945,1.90,1.00
2010.09.06 14:59:17.809,1.59425,1.5946,1.00,1.00
2010.09.06 14:59:18.629,1.59425,1.59455,1.00,1.00
2010.09.06 14:59:19.554,1.59415,1.59455,1.90,1.00
2010.09.06 14:59:19.737,1.59415,1.59465,1.90,1.00
2010.09.06 14:59:19.917,1.59425,1.59465,1.00,1.00
2010.09.06 14:59:20.737,1.59425,1.59455,1.00,1.00
2010.09.06 14:59:21.076,1.59425,1.59465,1.00,1.00
2010.09.06 14:59:22.236,1.59425,1.5946,1.00,1.00
2010.09.06 14:59:22.347,1.59425,1.5946,1.00,1.00
2010.09.06 14:59:22.816,1.59425,1.5946,1.00,1.00
2010.09.06 14:59:23.457,1.5942,1.5946,1.50,1.00
2010.09.06 14:59:23.715,1.59425,1.5947,1.00,1.00
2010.09.06 14:59:23.950,1.59435,1.5948,1.50,1.00
2010.09.06 14:59:24.260,1.59435,1.59475,1.00,1.00
2010.09.06 14:59:24.567,1.59435,1.5947,1.00,1.00
2010.09.06 14:59:25.178,1.5943,1.59465,1.00,1.00
2010.09.06 14:59:25.518,1.5943,1.5947,1.00,1.00
2010.09.06 14:59:25.858,1.59425,1.5947,1.00,1.00
2010.09.06 14:59:26.198,1.59425,1.59465,1.00,1.00
2010.09.06 14:59:26.527,1.59425,1.5947,1.00,1.00
2010.09.06 14:59:26.856,1.59425,1.59465,1.00,1.00
2010.09.06 14:59:27.496,1.59425,1.59465,1.00,1.00
2010.09.06 14:59:27.695,1.5942,1.59465,2.00,1.00
2010.09.06 14:59:27.896,1.5942,1.5946,4.30,1.00
2010.09.06 14:59:28.096,1.59425,1.5946,1.00,1.00
2010.09.06 14:59:28.765,1.59425,1.5947,1.00,1.00
2010.09.06 14:59:29.070,1.59435,1.5947,2.00,1.00
2010.09.06 14:59:29.599,1.59435,1.5948,2.00,1.00
2010.09.06 14:59:30.119,1.59445,1.59485,1.00,1.00
2010.09.06 14:59:30.904,1.59455,1.59485,1.00,1.00
2010.09.06 14:59:31.237,1.59445,1.5949,2.00,1.00
2010.09.06 14:59:31.576,1.5945,1.5949,1.00,1.00
2010.09.06 14:59:31.917,1.5945,1.59485,1.00,1.00
2010.09.06 14:59:32.257,1.59455,1.59495,1.50,1.00
2010.09.06 14:59:32.779,1.5945,1.59495,1.00,1.00
2010.09.06 14:59:33.100,1.59445,1.59495,1.00,1.00
2010.09.06 14:59:33.420,1.59445,1.59485,1.00,1.00
2010.09.06 14:59:33.738,1.5945,1.5949,1.00,1.00
2010.09.06 14:59:34.078,1.5946,1.59495,1.00,1.00
2010.09.06 14:59:34.417,1.5946,1.595,1.00,1.00
2010.09.06 14:59:34.758,1.5946,1.595,2.00,1.00
2010.09.06 14:59:35.100,1.59465,1.595,1.00,1.00
2010.09.06 14:59:35.440,1.59465,1.595,1.00,1.00
2010.09.06 14:59:37.247,1.5948,1.5951,1.00,1.00
2010.09.06 14:59:37.634,1.59485,1.5952,1.00,1.00
2010.09.06 14:59:37.917,1.59505,1.5954,1.00,1.00
2010.09.06 14:59:38.200,1.59505,1.59545,1.00,1.70
2010.09.06 14:59:38.736,1.59505,1.5954,1.00,1.00
2010.09.06 14:59:39.078,1.59505,1.59545,1.00,1.00
2010.09.06 14:59:39.418,1.5951,1.5955,1.90,1.00
2010.09.06 14:59:39.757,1.5951,1.59555,1.90,1.00
2010.09.06 14:59:40.096,1.59515,1.59555,1.50,1.00
2010.09.06 14:59:40.437,1.5953,1.59565,1.00,1.00
2010.09.06 14:59:40.776,1.5953,1.5957,1.00,1.00
2010.09.06 14:59:41.415,1.59535,1.5957,1.00,1.00
2010.09.06 14:59:41.717,1.5954,1.59575,1.00,1.00
2010.09.06 14:59:43.099,1.59545,1.5958,1.00,1.00
2010.09.06 14:59:43.630,1.5954,1.5958,1.50,1.00
2010.09.06 14:59:43.967,1.59535,1.5957,1.00,1.00
2010.09.06 14:59:44.307,1.5953,1.5957,1.00,1.00
2010.09.06 14:59:44.578,1.59525,1.5957,1.00,1.70
2010.09.06 14:59:44.888,1.59525,1.59565,1.00,1.00
2010.09.06 14:59:45.173,1.59535,1.5957,1.00,1.00
2010.09.06 14:59:45.467,1.5953,1.5957,1.00,1.00
2010.09.06 14:59:46.087,1.5953,1.59565,1.00,1.00
2010.09.06 14:59:47.090,1.5953,1.5957,1.00,1.00
2010.09.06 14:59:47.718,1.5952,1.59565,1.00,1.00
2010.09.06 14:59:48.276,1.5952,1.59565,1.30,1.00
2010.09.06 14:59:48.447,1.5953,1.5957,1.00,1.00
2010.09.06 14:59:48.949,1.5953,1.59565,1.00,1.00
2010.09.06 14:59:49.270,1.59525,1.59565,1.00,1.00
2010.09.06 14:59:49.846,1.5952,1.59565,1.50,1.00
2010.09.06 14:59:50.108,1.59515,1.5956,1.00,1.00
2010.09.06 14:59:50.367,1.5951,1.5956,1.90,1.00
2010.09.06 14:59:50.708,1.5951,1.5956,1.00,1.00
2010.09.06 14:59:51.047,1.59515,1.5956,2.00,1.00
2010.09.06 14:59:51.388,1.59515,1.5955,2.00,1.00
2010.09.06 14:59:51.727,1.59515,1.5955,1.00,1.00
2010.09.06 14:59:52.264,1.59515,1.5955,1.00,1.00
2010.09.06 14:59:52.618,1.5951,1.5955,1.00,1.00
2010.09.06 14:59:52.880,1.59515,1.59545,1.00,1.00
2010.09.06 14:59:53.138,1.59525,1.59545,1.00,1.00
2010.09.06 14:59:53.398,1.59515,1.5955,2.20,1.00
2010.09.06 14:59:53.738,1.59515,1.5955,1.00,1.00
2010.09.06 14:59:54.079,1.59505,1.5955,1.60,1.00
2010.09.06 14:59:54.540,1.5951,1.5955,1.00,1.00
2010.09.06 14:59:54.819,1.59505,1.59545,1.50,1.00
2010.09.06 14:59:55.096,1.595,1.59545,2.00,1.00
2010.09.06 14:59:55.368,1.59505,1.59545,1.00,1.00
2010.09.06 14:59:55.977,1.59505,1.5955,1.50,1.00
2010.09.06 14:59:56.287,1.5951,1.59555,1.00,1.00
2010.09.06 14:59:56.597,1.59515,1.5956,1.00,1.00
2010.09.06 14:59:56.906,1.5952,1.5955,1.00,1.00
2010.09.06 14:59:57.187,1.5951,1.5955,1.00,1.00
2010.09.06 14:59:57.478,1.5951,1.5955,1.00,1.00
2010.09.06 14:59:57.769,1.595,1.59555,2.00,1.00
2010.09.06 14:59:58.060,1.5952,1.59555,1.00,1.00
2010.09.06 14:59:58.587,1.59525,1.59555,1.00,1.00
2010.09.06 14:59:58.955,1.59515,1.59555,1.00,1.00
2010.09.06 14:59:59.300,1.595,1.5955,1.00,1.00
2010.09.06 14:59:59.976,1.595,1.59545,1.00,1.00
