2013.10.04 17:00:00.127,1.65283,1.65312,1.13,1.50
2013.10.04 17:00:00.308,1.65281,1.65314,1.13,1.88
2013.10.04 17:00:00.428,1.65283,1.65314,1.13,1.88
2013.10.04 17:00:01.117,1.65285,1.65315,2.25,1.84
2013.10.04 17:00:01.237,1.65287,1.65317,1.50,2.25
2013.10.04 17:00:01.730,1.65291,1.65319,1.13,1.13
2013.10.04 17:00:02.278,1.65291,1.65319,1.50,1.13
2013.10.04 17:00:03.118,1.65291,1.65321,1.88,1.13
2013.10.04 17:00:03.298,1.6529,1.65318,1.50,1.13
2013.10.04 17:00:03.360,1.65288,1.65317,2.25,1.13
2013.10.04 17:00:03.598,1.65285,1.65306,1.50,1.13
2013.10.04 17:00:03.659,1.65281,1.65308,2.25,1.88
2013.10.04 17:00:03.780,1.6528,1.65303,1.50,1.50
2013.10.04 17:00:04.137,1.65277,1.65303,1.50,2.25
2013.10.04 17:00:04.578,1.65277,1.65303,1.50,1.50
2013.10.04 17:00:05.099,1.65277,1.65303,1.50,1.50
2013.10.04 17:00:06.618,1.65277,1.65303,1.50,1.50
2013.10.04 17:00:06.798,1.65278,1.65302,2.25,1.13
2013.10.04 17:00:06.928,1.65277,1.65303,1.50,1.88
2013.10.04 17:00:07.408,1.65275,1.65303,1.50,1.88
2013.10.04 17:00:09.697,1.65275,1.65302,1.50,1.50
2013.10.04 17:00:10.807,1.65275,1.65305,1.50,2.25
2013.10.04 17:00:12.467,1.65275,1.65304,1.50,1.50
2013.10.04 17:00:13.487,1.65275,1.65304,1.50,1.50
2013.10.04 17:00:15.437,1.65275,1.65305,1.50,1.50
2013.10.04 17:00:18.369,1.65272,1.65303,2.25,1.50
2013.10.04 17:00:20.137,1.65275,1.65304,1.50,1.50
2013.10.04 17:00:21.889,1.65273,1.65303,1.13,1.50
2013.10.04 17:00:22.248,1.65272,1.653,1.50,1.13
2013.10.04 17:00:22.308,1.65274,1.653,1.50,1.50
2013.10.04 17:00:22.548,1.65276,1.65307,2.25,2.07
2013.10.04 17:00:23.620,1.65276,1.65297,1.50,1.50
2013.10.04 17:00:23.978,1.65271,1.65296,1.50,1.13
2013.10.04 17:00:24.037,1.65266,1.65297,1.13,1.13
2013.10.04 17:00:24.097,1.65271,1.65297,1.50,1.13
2013.10.04 17:00:24.218,1.65271,1.65299,1.50,1.50
2013.10.04 17:00:25.267,1.65271,1.65299,1.50,2.25
2013.10.04 17:00:26.879,1.65271,1.653,1.69,3.00
2013.10.04 17:00:27.417,1.65274,1.65301,1.69,1.50
2013.10.04 17:00:33.448,1.65274,1.65304,1.69,1.50
2013.10.04 17:00:34.048,1.65274,1.65304,1.69,2.25
2013.10.04 17:00:34.668,1.65272,1.653,2.82,1.50
2013.10.04 17:00:42.688,1.65274,1.65303,1.69,2.25
2013.10.04 17:00:43.558,1.65272,1.653,2.07,1.50
2013.10.04 17:00:46.207,1.65272,1.653,2.07,1.50
2013.10.04 17:00:57.877,1.65274,1.65303,1.69,1.88
2013.10.04 17:01:11.879,1.65273,1.653,1.69,1.50
2013.10.04 17:01:13.598,1.65274,1.653,2.07,1.50
2013.10.04 17:01:13.898,1.65277,1.65303,3.00,1.13
2013.10.04 17:01:14.018,1.65278,1.65304,1.32,1.50
2013.10.04 17:01:14.138,1.65281,1.65307,1.50,1.50
2013.10.04 17:01:15.387,1.65281,1.65306,1.50,1.50
2013.10.04 17:01:15.808,1.65281,1.65307,1.50,1.50
2013.10.04 17:01:16.455,1.6528,1.65308,1.69,3.00
2013.10.04 17:01:19.188,1.65281,1.6531,1.69,1.13
2013.10.04 17:01:19.367,1.65285,1.65314,1.50,3.00
2013.10.04 17:01:19.695,1.65285,1.65314,1.50,3.00
2013.10.04 17:01:20.488,1.65285,1.65309,1.50,1.50
2013.10.04 17:01:22.263,1.65284,1.6531,2.25,3.00
2013.10.04 17:01:22.788,1.65284,1.6531,3.00,3.00
2013.10.04 17:01:23.108,1.65284,1.6531,3.75,2.25
2013.10.04 17:01:32.178,1.65284,1.6531,2.25,3.00
2013.10.04 17:01:43.639,1.65284,1.6531,3.00,2.25
2013.10.04 17:01:44.178,1.65286,1.6531,2.25,3.38
2013.10.04 17:01:44.737,1.65286,1.6531,3.00,1.13
2013.10.04 17:01:45.298,1.65288,1.65318,2.25,2.63
2013.10.04 17:01:45.418,1.65288,1.65313,1.50,1.50
2013.10.04 17:01:46.408,1.65287,1.65313,2.25,3.38
2013.10.04 17:01:46.528,1.65287,1.65313,3.00,1.50
2013.10.04 17:01:47.378,1.65287,1.65314,2.25,3.75
2013.10.04 17:01:47.702,1.65287,1.65313,2.25,1.50
2013.10.04 17:01:53.263,1.65287,1.65313,2.25,2.63
2013.10.04 17:01:55.449,1.65287,1.65314,1.50,1.50
2013.10.04 17:01:55.950,1.65286,1.65314,2.25,1.50
2013.10.04 17:01:56.214,1.65286,1.65314,1.50,2.25
2013.10.04 17:02:11.261,1.65286,1.65313,1.50,1.50
2013.10.04 17:02:15.268,1.65287,1.6532,2.25,2.25
2013.10.04 17:02:15.328,1.65287,1.6532,2.25,2.25
2013.10.04 17:02:15.687,1.65291,1.65314,1.50,1.50
2013.10.04 17:02:22.378,1.65293,1.65317,2.25,1.13
2013.10.04 17:02:22.558,1.65294,1.65323,1.50,2.63
2013.10.04 17:02:22.677,1.653,1.65323,1.50,1.50
2013.10.04 17:02:24.698,1.65298,1.65326,2.25,1.50
2013.10.04 17:02:25.058,1.65295,1.65314,2.25,1.50
2013.10.04 17:02:26.638,1.65292,1.65318,2.25,1.50
2013.10.04 17:02:27.638,1.65293,1.65318,1.50,1.50
2013.10.04 17:02:31.298,1.65292,1.65318,1.50,1.50
2013.10.04 17:02:31.418,1.65292,1.65318,2.25,1.50
2013.10.04 17:02:34.459,1.65292,1.65313,1.50,1.50
2013.10.04 17:02:34.699,1.65292,1.65319,1.50,1.88
2013.10.04 17:02:35.220,1.65292,1.65319,2.25,2.25
2013.10.04 17:02:35.668,1.65287,1.65313,1.50,1.50
2013.10.04 17:02:35.727,1.65284,1.6531,1.50,1.50
2013.10.04 17:02:36.228,1.65284,1.65311,1.50,1.50
2013.10.04 17:02:38.128,1.65285,1.6531,1.50,2.25
2013.10.04 17:02:38.367,1.65282,1.65307,1.50,1.50
2013.10.04 17:02:38.548,1.65281,1.65309,1.50,1.50
2013.10.04 17:02:38.938,1.65282,1.6531,1.50,1.50
2013.10.04 17:02:38.998,1.65283,1.65311,1.50,1.50
2013.10.04 17:02:39.428,1.65284,1.65307,1.50,1.13
2013.10.04 17:02:39.488,1.65282,1.65307,2.25,1.13
2013.10.04 17:02:39.668,1.65282,1.65308,1.50,2.25
2013.10.04 17:02:39.728,1.65284,1.6531,1.50,1.50
2013.10.04 17:02:39.788,1.65284,1.65311,1.50,1.50
2013.10.04 17:02:40.457,1.65284,1.6531,1.50,1.50
2013.10.04 17:02:41.547,1.65282,1.6531,3.75,1.50
2013.10.04 17:02:42.739,1.65283,1.6531,1.50,2.25
2013.10.04 17:02:47.988,1.65285,1.65312,2.25,1.50
2013.10.04 17:02:49.355,1.65285,1.65312,1.50,1.50
2013.10.04 17:02:49.959,1.65285,1.65311,1.50,1.50
2013.10.04 17:02:56.719,1.65286,1.65313,1.50,1.50
2013.10.04 17:03:01.260,1.65286,1.65313,1.50,1.50
2013.10.04 17:03:01.498,1.65288,1.65319,1.50,1.50
2013.10.04 17:03:01.558,1.65289,1.65323,1.13,4.13
2013.10.04 17:03:01.679,1.65292,1.65322,1.50,2.25
2013.10.04 17:03:02.279,1.65293,1.65322,1.50,2.25
2013.10.04 17:03:02.458,1.65291,1.65322,2.25,1.13
2013.10.04 17:03:02.988,1.65292,1.65319,1.50,1.50
2013.10.04 17:03:05.658,1.6529,1.65319,1.50,1.88
2013.10.04 17:03:05.957,1.65289,1.65319,2.25,2.63
2013.10.04 17:03:06.438,1.65287,1.65317,1.50,1.50
2013.10.04 17:03:20.388,1.65288,1.65311,1.50,1.50
2013.10.04 17:03:20.568,1.65285,1.65311,2.25,2.25
2013.10.04 17:03:21.543,1.65282,1.65309,1.50,1.50
2013.10.04 17:03:23.258,1.65281,1.65312,1.50,1.50
2013.10.04 17:03:30.549,1.65281,1.65309,3.00,1.50
2013.10.04 17:03:30.798,1.65282,1.65312,1.50,1.50
2013.10.04 17:03:31.248,1.65282,1.65312,1.50,1.50
2013.10.04 17:03:33.558,1.65282,1.65311,1.50,1.50
2013.10.04 17:03:34.363,1.65282,1.65309,1.50,1.50
2013.10.04 17:03:42.828,1.65282,1.65313,1.50,1.50
2013.10.04 17:03:43.658,1.65282,1.65313,1.50,1.50
2013.10.04 17:03:53.889,1.65285,1.65312,1.50,1.13
2013.10.04 17:03:54.878,1.65285,1.65312,1.50,1.13
2013.10.04 17:03:56.878,1.6529,1.65312,1.50,1.13
2013.10.04 17:03:57.058,1.65292,1.65317,1.50,1.47
2013.10.04 17:03:57.118,1.65292,1.65317,1.50,1.13
2013.10.04 17:03:57.178,1.65292,1.65317,1.50,1.88
2013.10.04 17:03:57.486,1.65293,1.65322,1.50,1.13
2013.10.04 17:03:57.552,1.65296,1.65325,1.50,1.50
2013.10.04 17:03:57.608,1.65296,1.65326,1.50,1.13
2013.10.04 17:03:58.208,1.65296,1.65325,1.50,1.50
2013.10.04 17:03:59.087,1.65296,1.65324,2.25,1.50
2013.10.04 17:04:05.068,1.65298,1.65324,3.00,1.50
2013.10.04 17:04:05.388,1.65298,1.65325,3.75,1.50
2013.10.04 17:04:09.938,1.65298,1.65323,3.00,1.50
2013.10.04 17:04:18.218,1.65298,1.65323,1.50,1.50
2013.10.04 17:04:26.749,1.65299,1.65325,1.50,1.50
2013.10.04 17:04:27.059,1.65296,1.65323,1.50,1.13
2013.10.04 17:04:27.429,1.65291,1.6532,2.25,1.50
2013.10.04 17:04:27.979,1.6529,1.65317,1.50,1.50
2013.10.04 17:04:28.518,1.65293,1.65319,1.50,1.50
2013.10.04 17:04:28.638,1.65293,1.65321,4.50,2.25
2013.10.04 17:04:28.698,1.65293,1.65321,4.50,1.13
2013.10.04 17:04:31.438,1.65297,1.65322,1.13,1.50
2013.10.04 17:04:31.618,1.65296,1.65322,2.63,1.88
2013.10.04 17:04:31.798,1.65304,1.6533,1.50,1.50
2013.10.04 17:04:32.298,1.65303,1.65333,2.25,1.13
2013.10.04 17:04:33.113,1.65306,1.65333,3.75,1.88
2013.10.04 17:04:33.758,1.65306,1.6533,2.25,1.50
2013.10.04 17:04:34.305,1.65303,1.6533,3.00,1.50
2013.10.04 17:04:35.153,1.65303,1.6533,3.00,1.50
2013.10.04 17:04:35.450,1.65302,1.65329,1.50,1.50
2013.10.04 17:04:35.748,1.65301,1.65329,2.25,1.50
2013.10.04 17:04:35.928,1.65302,1.65329,2.25,1.50
2013.10.04 17:04:36.358,1.65301,1.65329,1.50,1.50
2013.10.04 17:04:37.970,1.65301,1.65329,3.00,1.50
2013.10.04 17:04:39.061,1.65301,1.65329,3.19,1.50
2013.10.04 17:04:39.179,1.65302,1.65332,1.50,1.50
2013.10.04 17:04:42.618,1.65302,1.65326,3.00,1.50
2013.10.04 17:04:42.798,1.65299,1.65325,1.50,1.50
2013.10.04 17:04:57.199,1.653,1.65326,1.50,1.50
2013.10.04 17:04:57.728,1.653,1.65327,1.50,1.50
2013.10.04 17:05:01.578,1.65296,1.65326,1.50,1.50
2013.10.04 17:05:12.598,1.65296,1.65324,1.69,1.50
2013.10.04 17:05:12.658,1.65295,1.65324,1.69,2.25
2013.10.04 17:05:12.839,1.65294,1.65324,1.69,1.50
2013.10.04 17:05:14.586,1.65292,1.6532,1.69,1.50
2013.10.04 17:05:15.078,1.65289,1.6532,1.69,1.50
2013.10.04 17:05:15.598,1.65287,1.65318,1.69,2.25
2013.10.04 17:05:16.233,1.65287,1.65317,1.69,1.50
2013.10.04 17:05:16.780,1.65286,1.65314,1.69,1.50
2013.10.04 17:05:18.388,1.65286,1.65314,1.69,1.50
2013.10.04 17:05:18.698,1.65286,1.65314,2.44,1.50
2013.10.04 17:05:18.999,1.65289,1.65316,1.69,1.50
2013.10.04 17:05:30.609,1.65291,1.65319,1.50,1.50
2013.10.04 17:05:31.198,1.6529,1.65317,2.03,1.50
2013.10.04 17:05:31.635,1.65286,1.65317,1.69,1.50
2013.10.04 17:05:45.806,1.65286,1.65314,1.69,1.50
2013.10.04 17:05:50.418,1.6529,1.65318,1.50,1.88
2013.10.04 17:05:54.293,1.6529,1.65319,1.50,2.63
2013.10.04 17:06:03.328,1.65291,1.6532,1.50,2.25
2013.10.04 17:06:03.448,1.65291,1.65319,1.50,1.50
2013.10.04 17:06:10.278,1.65291,1.65319,2.44,1.50
2013.10.04 17:06:10.458,1.65295,1.65324,1.50,1.50
2013.10.04 17:06:10.579,1.65296,1.65325,1.50,1.50
2013.10.04 17:06:11.908,1.65298,1.65325,2.25,1.50
2013.10.04 17:06:13.189,1.65299,1.65325,1.50,1.50
2013.10.04 17:06:13.740,1.65301,1.65328,1.50,1.50
2013.10.04 17:06:22.368,1.65301,1.65329,2.25,1.50
2013.10.04 17:06:22.428,1.65301,1.65332,3.19,1.50
2013.10.04 17:06:23.189,1.65301,1.65329,3.19,1.50
2013.10.04 17:06:29.119,1.65301,1.65329,2.25,1.50
2013.10.04 17:06:35.131,1.65301,1.65329,2.25,1.50
2013.10.04 17:06:38.378,1.65301,1.65332,1.50,1.13
2013.10.04 17:06:38.558,1.65304,1.65332,1.50,2.25
2013.10.04 17:06:39.333,1.65304,1.65332,1.50,1.50
2013.10.04 17:06:42.363,1.65301,1.65332,2.25,1.50
2013.10.04 17:06:45.829,1.65301,1.65329,2.25,1.50
2013.10.04 17:06:45.912,1.65301,1.65327,1.50,1.50
2013.10.04 17:06:46.089,1.65301,1.65329,2.25,1.50
2013.10.04 17:06:47.998,1.65297,1.65327,1.50,1.50
2013.10.04 17:06:49.938,1.65301,1.65329,2.25,1.50
2013.10.04 17:06:57.478,1.65302,1.65332,2.25,1.13
2013.10.04 17:06:59.208,1.65302,1.65329,1.50,1.50
2013.10.04 17:06:59.449,1.65297,1.65323,1.50,1.88
2013.10.04 17:06:59.508,1.65292,1.65323,1.50,1.88
2013.10.04 17:07:00.938,1.65295,1.65323,1.50,1.50
2013.10.04 17:07:01.448,1.65297,1.65326,1.50,1.50
2013.10.04 17:07:15.874,1.65298,1.65329,1.50,2.25
2013.10.04 17:07:18.899,1.65296,1.65325,1.50,1.13
2013.10.04 17:07:19.318,1.65297,1.65326,1.65,1.88
2013.10.04 17:07:19.691,1.65296,1.65324,2.40,1.50
2013.10.04 17:07:19.928,1.6529,1.65318,1.50,1.50
2013.10.04 17:07:20.348,1.65288,1.65318,1.50,1.50
2013.10.04 17:07:20.890,1.65287,1.65318,3.75,1.50
2013.10.04 17:07:21.088,1.65288,1.65318,1.50,2.25
2013.10.04 17:07:21.850,1.65288,1.65317,1.50,1.50
2013.10.04 17:07:22.029,1.65286,1.65316,1.84,3.75
2013.10.04 17:07:22.088,1.65286,1.65315,1.09,1.13
2013.10.04 17:07:22.269,1.65281,1.65313,1.13,1.88
2013.10.04 17:07:23.768,1.6528,1.65312,1.47,1.50
2013.10.04 17:07:24.079,1.65282,1.65312,1.50,2.25
2013.10.04 17:07:25.939,1.65282,1.65311,1.50,1.50
2013.10.04 17:07:26.321,1.65282,1.6531,1.50,1.50
2013.10.04 17:07:28.119,1.65282,1.65311,1.50,1.50
2013.10.04 17:07:33.461,1.65282,1.6531,1.50,1.50
2013.10.04 17:07:36.619,1.65282,1.6531,1.50,1.13
2013.10.04 17:07:43.822,1.65282,1.6531,1.50,1.50
2013.10.04 17:07:46.569,1.65282,1.6531,1.50,1.13
2013.10.04 17:07:47.314,1.65282,1.65311,1.50,1.13
2013.10.04 17:07:50.859,1.65281,1.6531,1.50,1.88
2013.10.04 17:07:56.529,1.65282,1.65312,1.50,1.13
2013.10.04 17:08:00.378,1.65281,1.6531,1.50,1.50
2013.10.04 17:08:04.220,1.6528,1.6531,1.50,1.50
2013.10.04 17:08:23.781,1.65277,1.65313,1.65,4.13
2013.10.04 17:08:30.789,1.65277,1.65312,1.65,3.38
2013.10.04 17:08:30.969,1.65279,1.65312,2.25,2.25
2013.10.04 17:08:31.749,1.65281,1.65313,1.88,2.25
2013.10.04 17:08:32.368,1.65282,1.65315,3.38,1.50
2013.10.04 17:08:32.639,1.65283,1.65315,1.13,1.50
2013.10.04 17:08:32.979,1.65283,1.65315,1.13,1.50
2013.10.04 17:08:33.319,1.65283,1.65315,1.13,2.25
2013.10.04 17:08:35.068,1.65282,1.6531,2.25,1.50
2013.10.04 17:08:38.888,1.65283,1.65309,1.50,1.50
2013.10.04 17:08:40.438,1.65283,1.65309,1.50,1.50
2013.10.04 17:08:51.140,1.65283,1.65309,1.50,1.50
2013.10.04 17:08:53.150,1.65285,1.65313,1.50,2.25
2013.10.04 17:08:53.210,1.65286,1.65313,1.50,1.50
2013.10.04 17:08:53.628,1.65287,1.65313,1.50,1.13
2013.10.04 17:08:59.980,1.65289,1.65318,1.50,1.13
2013.10.04 17:09:00.099,1.65289,1.65318,1.50,1.50
2013.10.04 17:09:01.428,1.65287,1.65317,1.50,1.88
2013.10.04 17:09:01.730,1.65285,1.65314,1.50,1.50
2013.10.04 17:09:03.759,1.65285,1.65314,1.50,1.50
2013.10.04 17:09:08.239,1.65282,1.65312,2.25,2.25
2013.10.04 17:09:08.658,1.65278,1.6531,1.88,1.13
2013.10.04 17:09:09.159,1.6528,1.6531,1.50,1.13
2013.10.04 17:09:09.399,1.6528,1.6531,1.50,1.88
2013.10.04 17:09:10.469,1.65282,1.65309,1.50,1.13
2013.10.04 17:09:23.230,1.65282,1.65308,1.50,1.13
2013.10.04 17:09:23.646,1.65282,1.65308,1.50,1.13
2013.10.04 17:09:23.710,1.6528,1.65306,1.50,2.25
2013.10.04 17:09:23.770,1.65277,1.65304,1.09,1.13
2013.10.04 17:09:23.891,1.65274,1.65299,1.13,1.50
2013.10.04 17:09:23.950,1.65273,1.65299,1.50,1.50
2013.10.04 17:09:24.012,1.65273,1.65298,1.50,1.88
2013.10.04 17:09:24.368,1.65265,1.65294,3.75,1.13
2013.10.04 17:09:24.428,1.65265,1.65294,3.75,1.13
2013.10.04 17:09:24.559,1.65266,1.65299,1.50,1.88
2013.10.04 17:09:24.620,1.65265,1.65299,3.75,1.88
2013.10.04 17:09:25.178,1.65266,1.65299,3.75,1.88
2013.10.04 17:09:25.841,1.65266,1.65299,3.75,2.63
2013.10.04 17:09:26.448,1.65265,1.65295,2.25,1.13
2013.10.04 17:09:26.509,1.65265,1.65294,1.50,1.13
2013.10.04 17:09:26.688,1.65265,1.65298,1.50,1.13
2013.10.04 17:09:26.748,1.65266,1.65298,1.50,1.88
2013.10.04 17:09:26.870,1.65266,1.65298,1.50,1.88
2013.10.04 17:09:29.458,1.65266,1.65298,1.50,2.25
2013.10.04 17:09:30.368,1.65266,1.65298,1.50,1.88
2013.10.04 17:09:32.553,1.6527,1.65298,1.50,2.25
2013.10.04 17:09:37.999,1.65267,1.65298,1.50,3.00
2013.10.04 17:09:39.808,1.65267,1.65298,1.50,3.00
2013.10.04 17:09:40.119,1.6527,1.65297,1.13,1.50
2013.10.04 17:09:40.298,1.6527,1.65294,1.13,1.13
2013.10.04 17:09:42.572,1.6527,1.65297,1.88,1.50
2013.10.04 17:09:44.539,1.65271,1.65298,1.13,2.25
2013.10.04 17:09:44.718,1.65271,1.65298,1.13,2.25
2013.10.04 17:09:45.913,1.65271,1.65298,1.13,2.63
2013.10.04 17:09:52.194,1.6527,1.65297,1.13,1.13
2013.10.04 17:09:52.700,1.6527,1.65297,1.13,1.13
2013.10.04 17:09:53.229,1.65266,1.65294,1.69,1.50
2013.10.04 17:09:58.160,1.65266,1.65294,1.50,1.88
2013.10.04 17:09:58.398,1.65262,1.65289,1.50,2.25
2013.10.04 17:09:58.938,1.65261,1.65289,1.50,2.25
2013.10.04 17:09:59.178,1.65257,1.65289,1.69,2.25
2013.10.04 17:09:59.438,1.65259,1.6529,1.13,2.25
2013.10.04 17:10:00.829,1.65264,1.65289,1.13,1.50
2013.10.04 17:10:05.399,1.65261,1.65289,1.50,2.25
2013.10.04 17:10:11.769,1.65265,1.65292,1.50,3.75
2013.10.04 17:10:12.129,1.65265,1.65292,1.50,3.75
2013.10.04 17:10:12.759,1.65267,1.65296,1.13,2.63
2013.10.04 17:10:15.990,1.65267,1.65294,1.50,1.13
2013.10.04 17:10:16.800,1.65267,1.65292,1.50,3.00
2013.10.04 17:10:19.918,1.65266,1.65292,1.50,3.00
2013.10.04 17:10:24.329,1.65264,1.65291,1.09,1.50
2013.10.04 17:10:24.627,1.65267,1.65292,1.50,1.50
2013.10.04 17:10:25.168,1.65267,1.65292,1.50,1.50
2013.10.04 17:10:26.659,1.65267,1.65292,1.50,3.00
2013.10.04 17:10:30.465,1.65264,1.65291,1.47,1.50
2013.10.04 17:10:30.648,1.65266,1.65292,1.50,3.00
2013.10.04 17:10:37.223,1.65266,1.65292,1.50,3.00
2013.10.04 17:10:37.339,1.65266,1.65291,1.50,1.50
2013.10.04 17:10:37.519,1.65266,1.65292,1.50,1.50
2013.10.04 17:10:37.639,1.65259,1.65289,1.50,1.50
2013.10.04 17:10:37.999,1.65262,1.65289,1.13,1.50
2013.10.04 17:10:38.179,1.65267,1.65293,1.84,1.13
2013.10.04 17:10:38.299,1.65267,1.65295,2.22,1.50
2013.10.04 17:10:47.999,1.6527,1.65298,1.84,1.13
2013.10.04 17:10:49.410,1.6527,1.65298,1.09,1.88
2013.10.04 17:10:49.708,1.6527,1.65298,1.47,3.38
2013.10.04 17:10:52.581,1.65273,1.65298,1.84,1.88
2013.10.04 17:10:52.940,1.65277,1.65303,1.09,1.13
2013.10.04 17:10:53.120,1.65276,1.65304,1.09,1.88
2013.10.04 17:10:53.668,1.65276,1.65305,1.47,2.25
2013.10.04 17:10:54.628,1.65277,1.65305,1.47,2.25
2013.10.04 17:10:57.498,1.65277,1.65306,1.09,2.25
2013.10.04 17:10:57.799,1.65271,1.65301,1.88,1.13
2013.10.04 17:11:01.049,1.6527,1.65301,1.84,1.88
2013.10.04 17:11:01.169,1.65269,1.65301,1.47,2.63
2013.10.04 17:11:01.548,1.6527,1.653,1.47,1.50
2013.10.04 17:11:13.660,1.6527,1.65296,1.09,1.13
2013.10.04 17:11:18.099,1.65267,1.65297,1.50,1.13
2013.10.04 17:11:22.089,1.65267,1.65298,2.63,1.13
2013.10.04 17:11:22.209,1.65267,1.65299,2.63,1.88
2013.10.04 17:11:34.521,1.65271,1.65299,1.88,1.13
2013.10.04 17:11:34.880,1.65275,1.65301,2.59,1.50
2013.10.04 17:11:34.939,1.65275,1.65301,2.59,1.50
2013.10.04 17:11:35.499,1.65275,1.65304,1.47,1.50
2013.10.04 17:11:36.098,1.65275,1.65304,2.22,1.50
2013.10.04 17:11:36.407,1.65275,1.65305,1.47,1.50
2013.10.04 17:11:36.469,1.65275,1.65305,1.47,1.50
2013.10.04 17:11:36.528,1.65275,1.65304,1.47,1.50
2013.10.04 17:12:00.928,1.65276,1.65302,1.50,2.25
2013.10.04 17:12:05.119,1.65276,1.65301,1.88,1.13
2013.10.04 17:12:17.179,1.65276,1.65304,1.50,1.50
2013.10.04 17:12:17.805,1.65274,1.653,2.44,1.13
2013.10.04 17:12:35.219,1.65274,1.653,2.44,1.13
2013.10.04 17:12:36.735,1.65274,1.653,1.69,1.13
2013.10.04 17:12:37.659,1.65274,1.653,1.69,1.13
2013.10.04 17:12:38.210,1.65274,1.653,1.69,1.13
2013.10.04 17:12:45.189,1.65275,1.65305,1.13,1.13
2013.10.04 17:12:45.758,1.65276,1.65305,1.50,1.13
2013.10.04 17:12:56.730,1.65276,1.65305,1.50,1.13
2013.10.04 17:13:13.318,1.65275,1.65308,1.13,1.13
2013.10.04 17:13:25.628,1.65275,1.65308,1.13,1.13
2013.10.04 17:13:25.748,1.65275,1.65308,1.13,1.13
2013.10.04 17:13:31.690,1.65275,1.65308,4.32,1.13
2013.10.04 17:13:34.239,1.65282,1.65308,3.00,1.13
2013.10.04 17:13:37.499,1.65283,1.65308,1.50,1.13
2013.10.04 17:13:45.869,1.65286,1.6531,1.50,1.50
2013.10.04 17:13:52.180,1.6528,1.65303,1.88,1.13
2013.10.04 17:13:53.440,1.65279,1.65302,2.63,1.13
2013.10.04 17:13:55.419,1.65277,1.65299,1.88,1.50
2013.10.04 17:13:55.659,1.65274,1.65299,1.50,4.13
2013.10.04 17:13:56.939,1.65277,1.65298,1.13,1.13
2013.10.04 17:13:57.059,1.65274,1.65298,1.13,1.13
2013.10.04 17:13:57.560,1.65277,1.65303,1.88,3.75
2013.10.04 17:14:08.289,1.65277,1.65303,1.50,2.25
2013.10.04 17:14:20.750,1.65277,1.65296,1.50,1.13
2013.10.04 17:14:21.055,1.65241,1.65268,1.50,1.50
2013.10.04 17:14:21.179,1.65234,1.65267,1.50,1.88
2013.10.04 17:14:21.379,1.65234,1.65264,1.50,1.13
2013.10.04 17:14:24.318,1.65236,1.65267,1.50,2.25
2013.10.04 17:14:24.668,1.65236,1.65267,1.50,2.25
2013.10.04 17:14:35.340,1.65237,1.65268,1.13,1.88
2013.10.04 17:14:35.581,1.65232,1.65256,1.09,1.13
2013.10.04 17:14:35.819,1.65229,1.65258,1.50,2.25
2013.10.04 17:14:35.940,1.65224,1.65257,1.50,2.25
2013.10.04 17:14:36.419,1.65226,1.65257,1.50,2.25
2013.10.04 17:14:37.059,1.65227,1.65255,1.50,1.50
2013.10.04 17:14:37.299,1.65227,1.65256,1.50,1.88
2013.10.04 17:14:39.452,1.65225,1.65256,1.88,1.13
2013.10.04 17:14:39.869,1.65227,1.65254,1.50,1.13
2013.10.04 17:14:40.349,1.65232,1.65258,1.50,1.13
2013.10.04 17:14:41.730,1.65232,1.65258,1.50,1.13
2013.10.04 17:14:43.702,1.65232,1.65258,1.50,1.13
2013.10.04 17:14:44.659,1.65232,1.65258,1.50,2.25
2013.10.04 17:14:45.268,1.65232,1.65258,1.50,1.13
2013.10.04 17:14:48.299,1.65232,1.65258,1.50,1.50
2013.10.04 17:14:48.639,1.65232,1.65258,1.50,1.50
2013.10.04 17:14:49.041,1.65232,1.65258,1.50,2.25
2013.10.04 17:14:49.907,1.65232,1.65258,1.50,2.25
2013.10.04 17:14:50.494,1.65232,1.65258,1.50,1.88
2013.10.04 17:14:51.029,1.65232,1.65258,1.50,1.13
2013.10.04 17:14:51.219,1.65232,1.65258,1.50,2.25
2013.10.04 17:14:51.700,1.65232,1.65258,1.50,1.50
2013.10.04 17:14:53.052,1.65227,1.65253,1.50,1.13
2013.10.04 17:14:53.949,1.65226,1.65254,1.50,1.50
2013.10.04 17:14:54.429,1.65226,1.65259,2.25,2.63
2013.10.04 17:14:54.489,1.65229,1.65259,1.13,2.25
2013.10.04 17:14:54.610,1.6523,1.65259,1.13,3.00
2013.10.04 17:14:56.209,1.6523,1.65259,1.50,1.13
2013.10.04 17:14:56.509,1.65232,1.65259,1.88,1.50
2013.10.04 17:14:57.039,1.65232,1.65262,2.63,2.25
2013.10.04 17:14:57.340,1.65232,1.6526,1.88,1.50
2013.10.04 17:15:01.614,1.65232,1.65262,1.13,2.25
2013.10.04 17:15:01.682,1.65232,1.65263,1.13,3.00
2013.10.04 17:15:02.229,1.65237,1.65266,1.50,1.13
2013.10.04 17:15:02.469,1.65237,1.65266,1.50,1.50
2013.10.04 17:15:02.769,1.65237,1.65266,1.88,1.13
2013.10.04 17:15:07.810,1.65237,1.65268,1.88,1.88
2013.10.04 17:15:16.500,1.65238,1.65268,1.88,2.25
2013.10.04 17:15:31.069,1.65241,1.6527,1.88,1.50
2013.10.04 17:15:32.619,1.65241,1.6527,1.88,1.50
2013.10.04 17:15:34.459,1.65243,1.65272,1.50,1.88
2013.10.04 17:15:34.519,1.65244,1.65273,1.50,1.50
2013.10.04 17:15:34.879,1.65244,1.65276,2.25,1.13
2013.10.04 17:15:35.259,1.65244,1.65276,1.50,1.88
2013.10.04 17:15:35.759,1.65245,1.65276,1.50,1.88
2013.10.04 17:15:52.919,1.6525,1.6528,1.50,1.88
2013.10.04 17:16:02.159,1.65255,1.65281,1.50,1.13
2013.10.04 17:16:02.280,1.65256,1.65285,1.13,1.50
2013.10.04 17:16:02.579,1.6526,1.65292,1.50,1.50
2013.10.04 17:16:02.639,1.65257,1.65287,1.13,1.50
2013.10.04 17:16:02.939,1.6526,1.65292,1.50,1.50
2013.10.04 17:16:03.059,1.65257,1.65292,3.38,1.50
2013.10.04 17:16:03.707,1.65257,1.65294,3.57,1.50
2013.10.04 17:16:03.769,1.65261,1.65292,1.50,1.50
2013.10.04 17:16:04.770,1.65257,1.6529,2.82,1.50
2013.10.04 17:16:06.130,1.65262,1.65292,1.50,1.50
2013.10.04 17:16:06.489,1.65262,1.65293,1.50,1.88
2013.10.04 17:16:08.240,1.65259,1.65292,2.82,1.13
2013.10.04 17:16:08.627,1.65262,1.65293,1.50,1.88
2013.10.04 17:16:09.300,1.65262,1.65293,1.50,1.13
2013.10.04 17:16:09.420,1.65262,1.65293,1.88,1.13
2013.10.04 17:16:09.590,1.65262,1.65293,1.88,1.13
2013.10.04 17:16:11.209,1.65262,1.65292,1.88,1.13
2013.10.04 17:16:11.329,1.65265,1.65293,2.25,1.13
2013.10.04 17:16:13.159,1.65268,1.65297,1.50,2.25
2013.10.04 17:16:13.699,1.65266,1.65297,1.50,1.88
2013.10.04 17:16:13.969,1.65265,1.65294,1.50,1.13
2013.10.04 17:16:14.211,1.65266,1.65297,2.25,3.00
2013.10.04 17:16:14.401,1.65266,1.65295,1.50,1.13
2013.10.04 17:16:14.520,1.65269,1.65295,1.50,1.13
2013.10.04 17:16:23.402,1.65269,1.65296,2.25,1.13
2013.10.04 17:16:24.217,1.6527,1.65299,1.50,1.88
2013.10.04 17:16:26.419,1.6527,1.653,2.25,1.13
2013.10.04 17:16:26.480,1.65271,1.653,1.50,1.88
2013.10.04 17:16:27.339,1.65273,1.65299,1.50,1.50
2013.10.04 17:16:28.340,1.65272,1.65299,1.50,1.50
2013.10.04 17:16:28.759,1.65269,1.65298,1.50,1.13
2013.10.04 17:16:29.019,1.65267,1.65297,1.50,1.13
2013.10.04 17:16:29.569,1.65266,1.65296,1.50,1.13
2013.10.04 17:16:29.739,1.65266,1.65296,2.25,1.88
2013.10.04 17:16:35.441,1.65268,1.65296,1.50,1.50
2013.10.04 17:16:35.679,1.6527,1.65299,1.50,1.50
2013.10.04 17:16:36.400,1.65272,1.65301,1.50,1.13
2013.10.04 17:16:36.799,1.65273,1.65301,1.50,1.13
2013.10.04 17:16:44.419,1.65274,1.65298,1.50,1.13
2013.10.04 17:16:44.599,1.65267,1.65293,2.25,1.13
2013.10.04 17:16:44.659,1.65267,1.65297,1.88,1.50
2013.10.04 17:16:44.719,1.65271,1.653,1.13,1.88
2013.10.04 17:16:44.779,1.65271,1.65299,1.13,1.13
2013.10.04 17:16:45.239,1.65271,1.65299,1.13,1.13
2013.10.04 17:16:48.749,1.65271,1.65296,1.13,1.50
2013.10.04 17:16:49.029,1.65262,1.65292,3.00,1.13
2013.10.04 17:16:49.579,1.65261,1.65291,3.00,1.13
2013.10.04 17:16:50.103,1.65262,1.65291,1.50,1.88
2013.10.04 17:17:18.870,1.65263,1.65292,1.50,1.50
2013.10.04 17:17:19.049,1.65267,1.65296,1.50,1.13
2013.10.04 17:17:19.767,1.65267,1.65299,1.50,1.50
2013.10.04 17:17:20.429,1.65267,1.65299,1.50,2.25
2013.10.04 17:17:24.999,1.65264,1.65297,2.63,1.13
2013.10.04 17:17:25.549,1.65267,1.65294,1.50,1.50
2013.10.04 17:17:25.969,1.65268,1.65296,1.50,1.50
2013.10.04 17:17:26.032,1.65267,1.65296,1.50,1.50
2013.10.04 17:17:26.149,1.65267,1.65294,1.50,1.50
2013.10.04 17:17:32.780,1.65264,1.65294,1.88,1.50
2013.10.04 17:17:47.360,1.65266,1.65294,1.50,1.50
2013.10.04 17:17:48.929,1.65262,1.65292,1.50,1.88
2013.10.04 17:17:52.170,1.65261,1.65289,1.50,2.25
2013.10.04 17:17:52.229,1.6526,1.65287,1.50,1.50
2013.10.04 17:17:52.829,1.65258,1.65285,1.09,1.13
2013.10.04 17:17:53.369,1.65258,1.65286,1.09,1.88
2013.10.04 17:17:53.549,1.65259,1.65286,1.50,1.50
2013.10.04 17:18:08.429,1.65261,1.65288,2.25,1.88
2013.10.04 17:18:08.609,1.65264,1.65289,1.50,1.13
2013.10.04 17:18:09.210,1.65261,1.65287,1.50,1.50
2013.10.04 17:18:09.449,1.65262,1.65288,1.50,1.13
2013.10.04 17:18:10.709,1.65259,1.65288,1.50,1.13
2013.10.04 17:18:15.869,1.65262,1.6529,1.13,1.50
2013.10.04 17:18:16.172,1.65264,1.65293,1.50,1.13
2013.10.04 17:18:23.120,1.65262,1.65292,1.84,1.50
2013.10.04 17:18:23.360,1.65264,1.65293,1.50,1.50
2013.10.04 17:18:23.480,1.65264,1.65292,1.50,1.13
2013.10.04 17:18:23.900,1.65256,1.65284,1.13,1.13
2013.10.04 17:18:23.960,1.65255,1.65284,1.50,1.13
2013.10.04 17:18:24.379,1.65256,1.65284,1.50,1.13
2013.10.04 17:18:26.059,1.65255,1.65284,1.50,1.13
2013.10.04 17:18:26.300,1.65256,1.65284,1.50,1.13
2013.10.04 17:18:40.729,1.65254,1.65285,1.88,1.50
2013.10.04 17:18:54.212,1.65254,1.65283,1.13,1.50
2013.10.04 17:18:54.571,1.65251,1.65275,2.25,1.13
2013.10.04 17:18:54.810,1.65247,1.65275,2.25,1.13
2013.10.04 17:18:54.972,1.65247,1.65275,2.25,1.13
2013.10.04 17:18:55.439,1.65248,1.65275,1.50,1.13
2013.10.04 17:18:55.859,1.65249,1.65275,1.50,1.13
2013.10.04 17:18:56.961,1.65248,1.65275,2.25,1.13
2013.10.04 17:18:57.021,1.65246,1.65275,2.25,1.13
2013.10.04 17:18:57.081,1.65246,1.65275,1.50,2.25
2013.10.04 17:18:57.500,1.65241,1.65274,1.88,1.50
2013.10.04 17:18:58.850,1.65245,1.65274,1.50,1.50
2013.10.04 17:18:59.030,1.65245,1.65275,2.25,1.13
2013.10.04 17:18:59.681,1.65247,1.65283,1.50,3.38
2013.10.04 17:19:00.689,1.65251,1.65278,1.50,1.13
2013.10.04 17:19:02.260,1.65245,1.65275,3.00,1.13
2013.10.04 17:19:02.619,1.65239,1.65271,1.50,2.25
2013.10.04 17:19:02.800,1.65238,1.65271,1.69,1.50
2013.10.04 17:19:03.980,1.65237,1.65272,2.63,1.88
2013.10.04 17:19:04.043,1.65237,1.65269,2.63,1.50
2013.10.04 17:19:06.430,1.65237,1.65262,1.50,1.50
2013.10.04 17:19:06.490,1.65234,1.65256,1.50,1.13
2013.10.04 17:19:06.610,1.65234,1.65258,1.50,1.13
2013.10.04 17:19:06.671,1.65232,1.65262,3.00,1.50
2013.10.04 17:19:06.730,1.65232,1.65262,1.50,1.50
2013.10.04 17:19:06.969,1.65233,1.65259,1.50,1.13
2013.10.04 17:19:07.510,1.65232,1.65259,1.50,1.13
2013.10.04 17:19:08.010,1.65233,1.65259,1.50,1.13
2013.10.04 17:19:08.970,1.65233,1.65257,1.50,1.13
2013.10.04 17:19:09.030,1.65227,1.65257,1.50,1.13
2013.10.04 17:19:09.090,1.65226,1.65257,1.50,1.13
2013.10.04 17:19:09.210,1.65226,1.65257,2.25,1.13
2013.10.04 17:19:09.389,1.65226,1.65258,3.00,1.13
2013.10.04 17:19:10.351,1.65226,1.65257,1.50,1.88
2013.10.04 17:19:13.889,1.65225,1.65257,1.50,1.88
2013.10.04 17:19:14.070,1.65223,1.65249,2.25,1.50
2013.10.04 17:19:14.130,1.65222,1.65248,1.50,1.13
2013.10.04 17:19:14.190,1.65221,1.65248,5.59,1.13
2013.10.04 17:19:14.250,1.65221,1.65245,3.75,1.13
2013.10.04 17:19:14.669,1.65221,1.65249,1.50,1.88
2013.10.04 17:19:14.790,1.65221,1.65249,3.00,1.50
2013.10.04 17:19:14.910,1.65221,1.6525,2.25,1.50
2013.10.04 17:19:15.621,1.65219,1.6525,1.13,1.50
2013.10.04 17:19:16.889,1.65217,1.65243,1.88,1.13
2013.10.04 17:19:19.150,1.65217,1.65248,1.88,1.13
2013.10.04 17:19:19.329,1.65226,1.65251,1.50,1.13
2013.10.04 17:19:19.690,1.65227,1.65254,1.50,1.13
2013.10.04 17:19:20.229,1.65228,1.65254,1.50,1.13
2013.10.04 17:19:20.699,1.65227,1.65254,1.50,1.13
2013.10.04 17:19:21.239,1.65228,1.65254,1.50,1.13
2013.10.04 17:19:23.920,1.65231,1.65258,1.13,1.13
2013.10.04 17:19:27.931,1.65231,1.65263,1.88,1.50
2013.10.04 17:19:28.504,1.65231,1.65259,1.13,1.50
2013.10.04 17:19:28.769,1.65231,1.65263,1.13,2.25
2013.10.04 17:19:28.949,1.65231,1.65263,2.63,1.50
2013.10.04 17:19:29.850,1.65235,1.65266,1.88,1.13
2013.10.04 17:19:29.969,1.65236,1.65266,1.13,1.88
2013.10.04 17:19:37.239,1.65236,1.65266,1.50,1.13
2013.10.04 17:19:38.152,1.65232,1.65263,1.50,1.50
2013.10.04 17:19:38.340,1.65231,1.65263,1.13,2.25
2013.10.04 17:19:38.400,1.65231,1.65263,1.13,1.50
2013.10.04 17:19:39.239,1.65235,1.65268,1.50,1.50
2013.10.04 17:19:39.629,1.65237,1.65268,1.50,1.50
2013.10.04 17:19:42.020,1.65237,1.65266,1.50,1.88
2013.10.04 17:19:42.200,1.65227,1.65258,1.13,1.13
2013.10.04 17:19:42.563,1.65223,1.65257,1.88,1.88
2013.10.04 17:19:42.800,1.65223,1.65253,1.50,1.50
2013.10.04 17:19:42.981,1.65223,1.65253,1.50,1.50
2013.10.04 17:19:43.279,1.6522,1.65248,1.50,1.13
2013.10.04 17:19:43.579,1.6522,1.65248,1.50,1.13
2013.10.04 17:19:43.706,1.6522,1.65248,1.50,1.13
2013.10.04 17:19:44.170,1.65224,1.65248,1.09,1.13
2013.10.04 17:19:46.269,1.6522,1.65248,2.40,1.50
2013.10.04 17:19:46.451,1.65219,1.65247,2.07,1.13
2013.10.04 17:19:46.510,1.65217,1.65247,1.50,1.13
2013.10.04 17:19:46.689,1.65216,1.65247,1.47,1.13
2013.10.04 17:19:47.170,1.65211,1.65239,1.88,1.13
2013.10.04 17:19:47.230,1.6521,1.65239,1.88,1.13
2013.10.04 17:19:48.710,1.65211,1.65239,1.13,1.13
2013.10.04 17:19:49.668,1.65207,1.65237,2.63,1.50
2013.10.04 17:19:49.790,1.65206,1.65237,1.88,1.50
2013.10.04 17:19:49.910,1.65205,1.65237,2.22,1.50
2013.10.04 17:19:50.149,1.65208,1.65238,2.25,1.50
2013.10.04 17:19:52.680,1.65208,1.65236,1.50,1.13
2013.10.04 17:19:52.739,1.65204,1.65223,1.50,1.13
2013.10.04 17:19:52.799,1.65199,1.65223,1.13,1.13
2013.10.04 17:19:52.920,1.65198,1.65223,1.88,1.13
2013.10.04 17:19:52.981,1.65201,1.65223,1.13,1.13
2013.10.04 17:19:53.441,1.65203,1.65223,1.50,1.13
2013.10.04 17:19:54.350,1.65203,1.65226,1.50,1.13
2013.10.04 17:19:54.409,1.65203,1.65231,1.50,1.13
2013.10.04 17:19:54.597,1.65205,1.65233,1.50,1.88
2013.10.04 17:19:57.960,1.65207,1.65233,1.13,1.88
2013.10.04 17:19:58.270,1.65208,1.65233,1.13,1.13
2013.10.04 17:19:59.400,1.65207,1.65233,1.50,1.88
2013.10.04 17:19:59.761,1.65205,1.65232,1.88,1.50
2013.10.04 17:20:05.841,1.6521,1.65233,3.00,1.50
2013.10.04 17:20:06.081,1.65212,1.65238,1.13,1.50
2013.10.04 17:20:06.142,1.65217,1.65246,1.13,1.50
2013.10.04 17:20:06.261,1.65217,1.65246,1.13,1.50
2013.10.04 17:20:06.501,1.65217,1.65249,1.88,2.25
2013.10.04 17:20:06.680,1.65216,1.65251,1.84,1.50
2013.10.04 17:20:07.199,1.65214,1.65252,3.00,1.88
2013.10.04 17:20:08.192,1.65218,1.65247,1.13,1.50
2013.10.04 17:20:09.421,1.65217,1.65249,1.13,1.50
2013.10.04 17:20:09.670,1.65217,1.65247,1.13,1.50
2013.10.04 17:20:11.430,1.65217,1.65243,1.13,1.50
2013.10.04 17:20:11.930,1.65217,1.65247,1.13,1.50
2013.10.04 17:20:14.659,1.65217,1.65244,1.13,1.50
2013.10.04 17:20:15.020,1.65217,1.65242,1.13,1.50
2013.10.04 17:20:15.709,1.6521,1.65237,1.13,1.50
2013.10.04 17:20:15.950,1.65209,1.65241,1.50,1.13
2013.10.04 17:20:16.161,1.65208,1.65241,2.25,1.13
2013.10.04 17:20:16.656,1.65208,1.65237,2.25,1.50
2013.10.04 17:20:25.649,1.65212,1.65239,1.50,1.50
2013.10.04 17:20:33.021,1.65212,1.65239,1.13,1.50
2013.10.04 17:20:34.079,1.65213,1.65239,1.13,1.50
2013.10.04 17:20:39.659,1.65212,1.65239,1.88,1.50
2013.10.04 17:20:40.750,1.65213,1.65243,1.09,1.50
2013.10.04 17:20:52.310,1.65216,1.65244,1.50,1.88
2013.10.04 17:20:52.489,1.65216,1.65244,1.50,3.00
2013.10.04 17:20:52.849,1.6521,1.65239,1.50,1.13
2013.10.04 17:20:53.030,1.65209,1.65238,1.09,2.63
2013.10.04 17:20:53.949,1.65209,1.65237,1.09,1.88
2013.10.04 17:20:54.552,1.65209,1.65233,1.09,1.13
2013.10.04 17:20:55.720,1.65207,1.65234,1.84,1.50
2013.10.04 17:20:56.700,1.65207,1.65233,1.13,1.50
2013.10.04 17:21:00.099,1.65206,1.65233,1.50,1.50
2013.10.04 17:21:00.381,1.65202,1.65232,1.13,1.50
2013.10.04 17:21:06.630,1.65201,1.65229,1.88,1.50
2013.10.04 17:21:07.203,1.65201,1.6523,1.50,1.88
2013.10.04 17:21:08.289,1.65201,1.6523,1.50,1.88
2013.10.04 17:21:09.660,1.65203,1.65233,1.50,2.25
2013.10.04 17:21:10.260,1.65202,1.65233,2.63,3.00
2013.10.04 17:21:10.469,1.65202,1.65233,2.63,2.25
2013.10.04 17:21:11.970,1.65206,1.65234,2.63,2.63
2013.10.04 17:21:12.330,1.6521,1.65241,1.13,1.50
2013.10.04 17:21:12.950,1.65211,1.65239,1.50,1.50
2013.10.04 17:21:13.620,1.6521,1.65241,2.63,1.50
2013.10.04 17:21:14.182,1.65215,1.65243,1.13,2.25
2013.10.04 17:21:15.960,1.65212,1.6524,1.88,1.50
2013.10.04 17:21:16.080,1.65212,1.6524,1.50,1.50
2013.10.04 17:21:19.890,1.6521,1.65238,1.13,1.50
2013.10.04 17:21:20.130,1.65206,1.65236,1.50,3.00
2013.10.04 17:21:21.609,1.65206,1.65234,1.13,1.50
2013.10.04 17:21:25.700,1.65206,1.65237,3.00,1.50
2013.10.04 17:21:25.940,1.65208,1.65234,1.50,1.50
2013.10.04 17:21:26.399,1.6521,1.65242,1.13,1.50
2013.10.04 17:21:26.987,1.65211,1.65244,1.13,3.75
2013.10.04 17:21:27.470,1.65212,1.65243,1.50,1.50
2013.10.04 17:21:27.981,1.65211,1.65244,1.13,3.00
2013.10.04 17:21:28.100,1.65211,1.65244,1.88,3.00
2013.10.04 17:21:29.959,1.65211,1.6524,1.13,2.25
2013.10.04 17:21:36.729,1.65208,1.65237,1.13,1.50
2013.10.04 17:21:36.790,1.65206,1.65238,1.50,1.50
2013.10.04 17:21:37.549,1.65207,1.65234,1.50,1.50
2013.10.04 17:21:40.463,1.65207,1.65234,2.25,1.50
2013.10.04 17:21:40.762,1.65208,1.65234,1.13,1.50
2013.10.04 17:21:41.537,1.65208,1.65233,1.13,1.13
2013.10.04 17:21:44.769,1.65207,1.65233,1.88,1.13
2013.10.04 17:21:45.827,1.65207,1.65233,2.63,1.13
2013.10.04 17:21:58.051,1.65211,1.65237,1.13,1.13
2013.10.04 17:21:58.110,1.65211,1.65239,2.59,1.50
2013.10.04 17:21:58.172,1.65217,1.65243,1.13,1.50
2013.10.04 17:21:58.351,1.65217,1.65246,1.88,1.50
2013.10.04 17:21:58.410,1.65214,1.65246,3.00,1.50
2013.10.04 17:21:58.531,1.65213,1.65246,1.88,1.50
2013.10.04 17:21:58.591,1.65213,1.65246,1.88,1.50
2013.10.04 17:21:58.951,1.65214,1.65246,1.88,1.50
2013.10.04 17:21:59.011,1.65215,1.65246,3.75,1.50
2013.10.04 17:21:59.538,1.65217,1.65248,1.13,1.13
2013.10.04 17:21:59.797,1.65215,1.65248,1.13,1.13
2013.10.04 17:21:59.980,1.65215,1.65248,2.63,1.13
2013.10.04 17:22:00.100,1.65215,1.65248,1.13,1.13
2013.10.04 17:22:00.160,1.65218,1.65244,1.13,1.50
2013.10.04 17:22:00.460,1.65218,1.65244,1.13,1.50
2013.10.04 17:22:05.070,1.65218,1.65244,1.13,1.50
2013.10.04 17:22:07.823,1.65218,1.65244,2.63,1.50
2013.10.04 17:22:07.883,1.65219,1.65244,1.13,1.50
2013.10.04 17:22:08.430,1.65222,1.65248,1.88,1.13
2013.10.04 17:22:08.980,1.65223,1.65248,1.50,1.13
2013.10.04 17:22:14.371,1.65222,1.65248,1.13,1.13
2013.10.04 17:22:16.960,1.6522,1.65248,1.13,1.13
2013.10.04 17:22:22.624,1.65225,1.65252,1.13,1.50
2013.10.04 17:22:22.692,1.65226,1.65253,1.13,1.88
2013.10.04 17:22:22.750,1.65226,1.65257,1.13,1.88
2013.10.04 17:22:23.139,1.65229,1.65258,1.13,1.50
2013.10.04 17:22:23.450,1.65224,1.65253,1.50,1.13
2013.10.04 17:22:23.830,1.65226,1.65253,1.50,1.13
2013.10.04 17:22:24.620,1.65226,1.65253,1.50,1.88
2013.10.04 17:22:25.355,1.65224,1.65252,1.50,1.50
2013.10.04 17:22:34.690,1.65226,1.65252,1.50,1.50
2013.10.04 17:22:51.400,1.65226,1.65253,2.25,1.50
2013.10.04 17:22:51.580,1.65228,1.65258,1.09,4.13
2013.10.04 17:22:51.700,1.65225,1.65256,3.34,1.13
2013.10.04 17:22:53.713,1.65227,1.65254,1.09,1.50
2013.10.04 17:22:54.219,1.65226,1.65254,1.69,1.50
2013.10.04 17:22:54.470,1.65226,1.65254,1.69,1.50
2013.10.04 17:22:58.240,1.65226,1.65254,2.25,1.50
2013.10.04 17:23:01.850,1.65226,1.65254,1.69,1.50
2013.10.04 17:23:09.020,1.65226,1.65254,1.69,1.50
2013.10.04 17:23:09.551,1.65226,1.65252,1.50,1.50
2013.10.04 17:23:10.215,1.65226,1.65253,1.50,1.50
2013.10.04 17:23:13.740,1.65227,1.65253,1.50,1.50
2013.10.04 17:23:22.860,1.65226,1.65253,1.50,1.50
2013.10.04 17:23:36.030,1.65226,1.65253,2.63,1.50
2013.10.04 17:23:42.350,1.65224,1.6525,3.38,1.13
2013.10.04 17:23:42.470,1.6522,1.6525,1.13,1.13
2013.10.04 17:23:42.590,1.65218,1.6525,2.25,1.13
2013.10.04 17:23:42.900,1.65217,1.6525,2.63,1.13
2013.10.04 17:23:43.150,1.65219,1.65249,1.50,1.50
2013.10.04 17:23:48.935,1.65216,1.65249,1.13,1.50
2013.10.04 17:23:56.793,1.65222,1.65249,1.50,1.50
2013.10.04 17:23:57.091,1.65219,1.65245,1.13,1.50
2013.10.04 17:24:03.880,1.6522,1.65249,1.13,1.50
2013.10.04 17:24:04.439,1.65219,1.65245,1.88,1.50
2013.10.04 17:24:09.233,1.65219,1.65245,1.88,1.50
2013.10.04 17:24:10.011,1.65219,1.65249,1.88,1.50
2013.10.04 17:24:10.320,1.65219,1.65254,1.88,3.00
2013.10.04 17:24:10.380,1.65219,1.65252,1.88,1.50
2013.10.04 17:24:18.391,1.65217,1.65248,1.50,1.50
2013.10.04 17:24:19.470,1.65217,1.65245,1.50,1.50
2013.10.04 17:24:25.141,1.65219,1.65248,1.13,1.50
2013.10.04 17:24:25.968,1.65219,1.65248,1.13,1.50
2013.10.04 17:24:26.160,1.6522,1.65251,1.13,1.13
2013.10.04 17:24:26.700,1.65222,1.65251,1.13,1.13
2013.10.04 17:24:55.300,1.65223,1.65253,1.13,1.13
2013.10.04 17:24:55.421,1.65221,1.65253,1.47,1.13
2013.10.04 17:24:55.491,1.65227,1.65253,1.13,1.88
2013.10.04 17:24:55.550,1.65227,1.65253,1.13,1.13
2013.10.04 17:24:55.670,1.65231,1.65255,1.13,1.88
2013.10.04 17:24:55.730,1.65231,1.65255,1.13,1.50
2013.10.04 17:24:55.792,1.65231,1.65262,1.13,3.00
2013.10.04 17:24:56.251,1.65228,1.65261,1.50,1.50
2013.10.04 17:24:56.852,1.65228,1.65258,2.25,1.50
2013.10.04 17:25:00.671,1.65232,1.65258,1.13,1.50
2013.10.04 17:25:03.400,1.65234,1.65263,1.13,3.38
2013.10.04 17:25:13.260,1.65235,1.65262,1.13,1.50
2013.10.04 17:25:21.470,1.65232,1.65259,1.50,1.50
2013.10.04 17:25:36.971,1.65233,1.65264,1.50,2.25
2013.10.04 17:25:40.380,1.65233,1.65262,1.50,1.50
2013.10.04 17:25:45.925,1.65236,1.65265,1.50,2.25
2013.10.04 17:26:00.522,1.65236,1.65264,1.50,1.50
2013.10.04 17:26:08.077,1.65236,1.65264,1.50,2.25
2013.10.04 17:26:08.620,1.65236,1.65264,1.50,3.00
2013.10.04 17:26:20.023,1.65234,1.65264,1.13,3.00
2013.10.04 17:26:48.800,1.65236,1.65264,1.13,2.25
2013.10.04 17:26:53.570,1.65237,1.65264,1.13,1.50
2013.10.04 17:26:56.138,1.65236,1.65263,1.13,1.50
2013.10.04 17:26:56.878,1.65235,1.65263,1.13,1.50
2013.10.04 17:27:08.340,1.65236,1.65263,1.13,1.50
2013.10.04 17:27:08.911,1.65235,1.65263,1.13,1.50
2013.10.04 17:27:15.151,1.65236,1.65263,1.13,1.50
2013.10.04 17:27:15.713,1.65236,1.65263,1.13,1.50
2013.10.04 17:27:20.187,1.65236,1.65265,1.13,1.50
2013.10.04 17:27:22.010,1.65236,1.65266,1.13,1.88
2013.10.04 17:27:23.740,1.65235,1.65266,1.13,1.50
2013.10.04 17:27:29.390,1.65235,1.65266,1.32,2.25
2013.10.04 17:27:29.822,1.65236,1.65266,1.50,3.38
2013.10.04 17:28:13.440,1.65236,1.65266,1.50,1.13
2013.10.04 17:28:22.101,1.65239,1.65267,1.13,1.13
2013.10.04 17:28:29.886,1.65239,1.65269,1.13,1.13
2013.10.04 17:28:30.409,1.65239,1.65269,1.13,1.13
2013.10.04 17:28:34.990,1.65237,1.65271,1.13,1.50
2013.10.04 17:28:40.191,1.65237,1.65271,1.13,1.50
2013.10.04 17:28:42.260,1.65237,1.65271,1.13,1.50
2013.10.04 17:28:45.981,1.65238,1.65272,1.69,1.50
2013.10.04 17:28:46.040,1.65238,1.65273,1.69,2.25
2013.10.04 17:28:46.101,1.65239,1.65272,1.69,1.13
2013.10.04 17:28:46.169,1.65242,1.65273,1.69,1.13
2013.10.04 17:28:46.234,1.65242,1.65274,1.69,1.50
2013.10.04 17:28:52.682,1.65246,1.65274,1.50,1.13
2013.10.04 17:28:56.145,1.65246,1.65274,1.50,1.50
2013.10.04 17:28:56.797,1.65247,1.65275,1.13,1.13
2013.10.04 17:28:56.921,1.65247,1.65275,1.13,1.13
2013.10.04 17:29:02.340,1.65247,1.65275,1.13,1.13
2013.10.04 17:29:06.050,1.65247,1.65275,1.13,1.13
2013.10.04 17:29:16.881,1.65247,1.65277,1.32,1.13
2013.10.04 17:29:31.402,1.65247,1.65277,1.32,1.13
2013.10.04 17:29:35.251,1.65248,1.65278,1.69,1.88
2013.10.04 17:29:36.294,1.65247,1.65274,2.07,1.50
2013.10.04 17:29:36.851,1.65247,1.65274,1.13,1.50
2013.10.04 17:30:36.300,1.65241,1.65278,2.25,1.88
2013.10.04 17:30:44.830,1.65243,1.6528,1.88,4.13
2013.10.04 17:30:44.891,1.65244,1.6528,1.50,1.13
2013.10.04 17:30:45.216,1.65249,1.65283,1.13,1.50
2013.10.04 17:30:45.570,1.6525,1.65284,1.50,3.38
2013.10.04 17:30:45.941,1.65249,1.65283,1.13,2.25
2013.10.04 17:30:46.140,1.65251,1.65279,1.50,1.50
2013.10.04 17:30:47.581,1.65249,1.65279,1.13,2.63
2013.10.04 17:30:53.101,1.65248,1.65274,1.13,1.50
2013.10.04 17:30:53.951,1.65247,1.65273,1.13,1.50
2013.10.04 17:30:54.564,1.65247,1.65274,1.13,1.13
2013.10.04 17:30:54.691,1.65247,1.65273,1.13,1.50
2013.10.04 17:30:59.921,1.65243,1.65269,1.13,1.50
2013.10.04 17:31:02.263,1.65241,1.65269,1.13,1.13
2013.10.04 17:31:02.501,1.65241,1.65268,1.88,1.13
2013.10.04 17:31:02.800,1.65231,1.65261,1.50,1.50
2013.10.04 17:31:04.810,1.65228,1.65258,1.50,1.50
2013.10.04 17:31:27.308,1.65228,1.65256,1.13,1.50
2013.10.04 17:31:27.552,1.65222,1.65255,2.25,1.84
2013.10.04 17:31:27.793,1.65217,1.65243,1.13,1.50
2013.10.04 17:31:27.853,1.65216,1.65243,1.50,1.88
2013.10.04 17:31:28.211,1.65199,1.65229,1.50,1.13
2013.10.04 17:31:28.331,1.65197,1.65229,1.50,1.50
2013.10.04 17:31:29.292,1.65196,1.65228,1.50,1.13
2013.10.04 17:31:29.771,1.65196,1.65227,2.25,1.88
2013.10.04 17:31:30.330,1.65196,1.65227,1.50,1.13
2013.10.04 17:31:30.851,1.65197,1.65227,1.50,1.13
2013.10.04 17:31:31.492,1.65196,1.65225,3.00,1.13
2013.10.04 17:31:38.410,1.65197,1.65227,1.50,1.13
2013.10.04 17:31:40.464,1.65196,1.65227,3.00,1.88
2013.10.04 17:31:48.231,1.65196,1.65227,3.00,1.88
2013.10.04 17:31:48.752,1.65196,1.65226,2.25,1.13
2013.10.04 17:31:52.287,1.65196,1.65226,2.25,1.13
2013.10.04 17:32:02.182,1.65196,1.65226,2.25,1.13
2013.10.04 17:32:09.592,1.65196,1.65226,2.25,1.13
2013.10.04 17:32:09.651,1.65196,1.65226,2.25,1.13
2013.10.04 17:32:09.952,1.65196,1.65223,1.50,3.38
2013.10.04 17:32:10.011,1.6519,1.65222,1.50,1.13
2013.10.04 17:32:10.071,1.65191,1.65219,1.50,1.13
2013.10.04 17:32:10.131,1.65191,1.65219,1.50,1.13
2013.10.04 17:32:10.252,1.65185,1.65219,2.25,2.63
2013.10.04 17:32:10.790,1.65186,1.65219,1.50,1.88
2013.10.04 17:32:12.295,1.65187,1.65218,2.25,1.13
2013.10.04 17:32:12.510,1.65187,1.65215,2.25,1.50
2013.10.04 17:32:12.751,1.65191,1.65217,1.69,1.13
2013.10.04 17:32:12.931,1.65198,1.65227,2.07,1.50
2013.10.04 17:32:13.051,1.65198,1.65231,2.07,2.25
2013.10.04 17:32:13.171,1.65198,1.65232,1.13,2.25
2013.10.04 17:32:13.660,1.65199,1.65235,1.69,1.50
2013.10.04 17:32:14.256,1.65201,1.65236,1.50,1.88
2013.10.04 17:32:15.262,1.65206,1.65235,1.50,1.50
2013.10.04 17:32:39.480,1.65206,1.65234,1.50,1.50
2013.10.04 17:32:41.191,1.65206,1.65234,1.50,1.50
2013.10.04 17:32:53.520,1.65206,1.65234,1.50,1.13
2013.10.04 17:32:59.641,1.65206,1.65234,1.50,1.50
2013.10.04 17:33:04.191,1.65202,1.65233,1.69,1.88
2013.10.04 17:33:04.751,1.65202,1.65232,1.50,1.13
2013.10.04 17:33:06.311,1.65196,1.65231,3.19,1.13
2013.10.04 17:33:08.182,1.65202,1.65233,1.50,1.50
2013.10.04 17:33:08.622,1.65197,1.65232,1.69,1.50
2013.10.04 17:33:15.321,1.65197,1.65233,2.82,1.50
2013.10.04 17:33:22.155,1.65197,1.65234,2.82,1.88
2013.10.04 17:33:45.637,1.65197,1.65233,1.50,1.50
2013.10.04 17:33:45.961,1.65198,1.65233,1.13,1.50
2013.10.04 17:33:47.735,1.65196,1.65233,2.25,1.50
2013.10.04 17:33:51.521,1.65196,1.65231,1.69,1.50
2013.10.04 17:34:04.342,1.65196,1.65231,2.82,1.50
2013.10.04 17:34:04.468,1.65198,1.65232,1.13,1.50
2013.10.04 17:34:04.652,1.65203,1.65232,1.50,1.50
2013.10.04 17:34:06.991,1.65207,1.65233,1.50,2.25
2013.10.04 17:34:09.221,1.65207,1.65233,1.50,2.25
2013.10.04 17:34:12.131,1.65207,1.65234,1.50,3.75
2013.10.04 17:34:20.081,1.65201,1.65233,1.50,2.63
2013.10.04 17:34:20.381,1.65202,1.65233,1.50,2.63
2013.10.04 17:34:20.936,1.65202,1.65233,1.50,2.63
2013.10.04 17:34:21.556,1.65202,1.65233,1.50,2.63
2013.10.04 17:34:29.361,1.65202,1.65233,1.50,3.75
2013.10.04 17:34:29.781,1.65202,1.65232,1.50,3.00
2013.10.04 17:34:31.645,1.65197,1.65228,1.50,1.13
2013.10.04 17:34:41.243,1.65197,1.65228,2.25,1.50
2013.10.04 17:34:45.461,1.65207,1.6523,1.50,1.50
2013.10.04 17:34:45.821,1.65207,1.6523,1.50,1.50
2013.10.04 17:34:46.492,1.65206,1.65231,1.50,1.50
2013.10.04 17:34:48.241,1.65206,1.65232,1.50,3.00
2013.10.04 17:34:51.581,1.65202,1.65231,1.50,1.50
2013.10.04 17:35:01.423,1.65202,1.65231,1.50,2.25
2013.10.04 17:35:05.059,1.652,1.6523,1.50,2.25
2013.10.04 17:35:10.201,1.65197,1.65229,1.13,1.50
2013.10.04 17:35:22.733,1.652,1.65229,1.50,2.25
2013.10.04 17:35:32.741,1.652,1.6523,1.50,1.50
2013.10.04 17:35:32.922,1.652,1.6523,1.50,1.50
2013.10.04 17:35:40.191,1.652,1.65228,1.13,1.50
2013.10.04 17:35:40.981,1.652,1.65232,1.88,1.13
2013.10.04 17:35:43.361,1.652,1.65232,1.88,1.50
2013.10.04 17:36:05.362,1.65198,1.65231,1.13,1.13
2013.10.04 17:36:05.882,1.65196,1.65231,1.13,2.25
2013.10.04 17:36:07.562,1.65196,1.65231,1.50,1.88
2013.10.04 17:36:12.641,1.65196,1.65231,1.50,1.88
2013.10.04 17:36:12.942,1.65198,1.65232,1.13,2.63
2013.10.04 17:36:15.061,1.65197,1.65232,1.50,2.25
2013.10.04 17:36:15.301,1.65197,1.65232,1.50,2.25
2013.10.04 17:36:15.912,1.65197,1.65232,1.50,2.25
2013.10.04 17:36:19.682,1.65209,1.65232,1.13,2.25
2013.10.04 17:36:20.144,1.65207,1.65233,1.13,1.88
2013.10.04 17:36:21.018,1.65207,1.65233,1.13,1.88
2013.10.04 17:36:21.835,1.65209,1.65234,1.13,3.00
2013.10.04 17:36:22.013,1.65209,1.65239,1.13,1.50
2013.10.04 17:36:22.193,1.65209,1.6524,1.13,1.50
2013.10.04 17:36:22.681,1.65209,1.6524,1.13,1.50
2013.10.04 17:36:23.475,1.65212,1.65241,1.50,1.50
2013.10.04 17:36:23.921,1.6521,1.65243,1.50,1.50
2013.10.04 17:36:24.486,1.65213,1.65241,1.50,1.50
2013.10.04 17:37:01.373,1.65213,1.65243,1.88,1.50
2013.10.04 17:37:02.492,1.65213,1.65243,1.88,2.25
2013.10.04 17:37:06.653,1.65211,1.65241,1.88,1.50
2013.10.04 17:37:07.701,1.65211,1.65239,1.88,1.13
2013.10.04 17:37:07.941,1.65211,1.65238,1.13,1.13
2013.10.04 17:37:08.001,1.65211,1.65237,1.13,2.25
2013.10.04 17:37:08.361,1.65207,1.65234,1.13,1.13
2013.10.04 17:37:09.161,1.65207,1.65233,1.13,4.50
2013.10.04 17:37:09.758,1.65207,1.65232,1.13,1.50
2013.10.04 17:37:20.403,1.65205,1.65233,1.50,3.75
2013.10.04 17:37:25.591,1.65205,1.65233,1.50,1.50
2013.10.04 17:37:25.712,1.65205,1.65238,1.50,2.25
2013.10.04 17:37:26.031,1.65206,1.6524,1.50,1.13
2013.10.04 17:37:26.291,1.6521,1.65239,1.50,1.50
2013.10.04 17:37:27.301,1.65209,1.65239,1.50,1.13
2013.10.04 17:37:27.481,1.65209,1.65241,1.50,2.25
2013.10.04 17:37:28.147,1.65212,1.65239,1.50,1.13
2013.10.04 17:37:32.191,1.65212,1.65239,1.50,1.13
2013.10.04 17:37:36.361,1.65211,1.65239,1.88,1.50
2013.10.04 17:37:39.278,1.65207,1.65238,1.50,2.25
2013.10.04 17:37:39.955,1.65205,1.65238,1.50,4.50
2013.10.04 17:37:40.023,1.65205,1.65235,1.50,1.13
2013.10.04 17:37:40.383,1.65196,1.65229,1.88,1.13
2013.10.04 17:37:41.632,1.65196,1.65229,1.50,1.13
2013.10.04 17:37:41.811,1.65196,1.65229,1.88,1.13
2013.10.04 17:37:42.171,1.65202,1.65233,1.50,2.25
2013.10.04 17:37:49.143,1.65205,1.65233,1.50,1.50
2013.10.04 17:37:49.383,1.65205,1.65233,1.50,1.13
2013.10.04 17:37:49.504,1.65205,1.65235,1.50,1.50
2013.10.04 17:37:49.982,1.65205,1.65235,1.50,1.13
2013.10.04 17:37:52.141,1.65205,1.65237,1.50,1.13
2013.10.04 17:37:57.651,1.65205,1.65237,1.50,1.13
2013.10.04 17:37:57.951,1.65205,1.65236,1.50,1.13
2013.10.04 17:38:06.532,1.65205,1.65235,1.50,1.13
2013.10.04 17:38:07.023,1.65205,1.65235,1.50,1.13
2013.10.04 17:38:08.112,1.65206,1.65239,1.50,2.25
2013.10.04 17:38:08.231,1.65209,1.65238,1.50,1.13
2013.10.04 17:38:20.952,1.65209,1.65239,1.50,1.50
2013.10.04 17:38:26.152,1.65209,1.65239,1.50,1.13
2013.10.04 17:38:27.731,1.65209,1.65239,1.50,1.13
2013.10.04 17:38:38.696,1.65213,1.65242,1.13,1.88
2013.10.04 17:38:38.881,1.65213,1.65242,1.13,2.25
2013.10.04 17:38:42.754,1.65213,1.65242,1.13,1.88
2013.10.04 17:38:45.511,1.65209,1.6524,1.50,1.13
2013.10.04 17:38:48.354,1.65209,1.6524,1.50,1.13
2013.10.04 17:38:48.683,1.65209,1.6524,1.50,1.13
2013.10.04 17:38:53.036,1.65209,1.6524,1.50,1.13
2013.10.04 17:39:04.036,1.65209,1.65239,1.50,1.13
2013.10.04 17:39:04.402,1.65209,1.65236,1.50,1.13
2013.10.04 17:39:04.461,1.65206,1.65234,1.50,1.13
2013.10.04 17:39:05.082,1.65208,1.65236,1.13,1.13
2013.10.04 17:39:05.202,1.65209,1.65237,1.50,1.50
2013.10.04 17:39:07.402,1.65209,1.65237,1.50,1.50
2013.10.04 17:39:08.169,1.65209,1.65237,1.50,1.50
2013.10.04 17:39:08.452,1.65208,1.65241,1.32,1.13
2013.10.04 17:39:09.631,1.65208,1.65242,1.32,2.25
2013.10.04 17:39:11.992,1.65208,1.65242,1.13,1.50
2013.10.04 17:39:12.172,1.65211,1.65239,1.50,1.13
2013.10.04 17:39:16.613,1.65211,1.65239,1.50,1.50
2013.10.04 17:39:20.165,1.65211,1.65239,1.50,4.50
2013.10.04 17:39:25.163,1.65211,1.65238,1.50,3.75
2013.10.04 17:39:36.611,1.65211,1.65238,1.50,3.75
2013.10.04 17:39:37.092,1.65206,1.65237,1.50,1.50
2013.10.04 17:39:37.400,1.65205,1.65236,1.13,1.50
2013.10.04 17:39:37.522,1.65212,1.65237,1.50,1.50
2013.10.04 17:39:37.642,1.65212,1.65236,1.50,1.13
2013.10.04 17:39:38.002,1.65206,1.6523,1.50,1.50
2013.10.04 17:39:38.503,1.65202,1.65233,1.50,1.88
2013.10.04 17:39:38.562,1.65202,1.65233,1.50,1.13
2013.10.04 17:39:38.682,1.65202,1.65233,1.50,1.13
2013.10.04 17:39:38.743,1.65202,1.65233,1.50,1.13
2013.10.04 17:39:39.391,1.65202,1.65233,1.50,1.13
2013.10.04 17:39:39.633,1.65202,1.65233,1.50,1.50
2013.10.04 17:39:40.137,1.65206,1.65233,1.50,1.13
2013.10.04 17:39:40.852,1.65206,1.65233,1.50,1.13
2013.10.04 17:39:41.753,1.65206,1.65234,1.50,1.88
2013.10.04 17:39:42.183,1.65209,1.65237,1.50,1.50
2013.10.04 17:39:42.243,1.65209,1.65242,1.50,1.50
2013.10.04 17:39:42.302,1.65209,1.65243,1.50,1.88
2013.10.04 17:39:42.836,1.6521,1.65243,1.50,1.50
2013.10.04 17:39:43.811,1.65212,1.65243,1.50,1.50
2013.10.04 17:39:45.117,1.65216,1.65244,1.88,1.88
2013.10.04 17:39:45.496,1.65218,1.65244,1.13,2.25
2013.10.04 17:39:49.488,1.65218,1.65244,1.13,2.25
2013.10.04 17:39:49.674,1.65213,1.65239,1.13,1.13
2013.10.04 17:39:49.734,1.65213,1.65237,1.13,1.13
2013.10.04 17:39:49.912,1.65209,1.65236,1.50,1.50
2013.10.04 17:39:50.442,1.65208,1.65236,1.13,1.13
2013.10.04 17:39:50.501,1.65208,1.65235,1.13,1.13
2013.10.04 17:39:51.032,1.65208,1.65235,1.13,3.38
2013.10.04 17:39:52.834,1.65209,1.65235,1.50,4.13
2013.10.04 17:39:53.902,1.65209,1.65235,1.50,4.13
2013.10.04 17:39:55.476,1.65209,1.65235,1.50,4.13
2013.10.04 17:39:57.361,1.65209,1.65235,1.50,4.13
2013.10.04 17:40:06.202,1.65206,1.65234,1.50,1.88
2013.10.04 17:40:06.720,1.65206,1.65234,1.50,2.25
2013.10.04 17:40:07.521,1.65206,1.65234,1.50,2.25
2013.10.04 17:40:11.011,1.65206,1.65234,1.50,1.13
2013.10.04 17:40:11.071,1.65206,1.65234,1.50,1.13
2013.10.04 17:40:11.131,1.65207,1.65235,1.50,1.50
2013.10.04 17:40:11.192,1.65207,1.65237,1.50,1.13
2013.10.04 17:40:11.311,1.65207,1.6524,1.50,1.13
2013.10.04 17:40:19.953,1.65212,1.6524,1.50,1.50
2013.10.04 17:40:20.622,1.65212,1.65241,1.50,1.13
2013.10.04 17:40:33.873,1.65212,1.65242,1.50,1.50
2013.10.04 17:40:34.566,1.65217,1.65244,1.50,1.50
2013.10.04 17:40:36.091,1.65217,1.65245,1.88,2.63
2013.10.04 17:40:36.342,1.65217,1.65245,1.88,2.63
2013.10.04 17:40:36.952,1.65217,1.65245,1.88,1.13
2013.10.04 17:40:37.481,1.65217,1.65245,1.88,1.13
2013.10.04 17:40:39.292,1.65217,1.65245,1.88,1.13
2013.10.04 17:40:39.815,1.65217,1.65245,1.88,1.13
2013.10.04 17:40:42.241,1.65218,1.65248,1.50,1.13
2013.10.04 17:40:43.466,1.65219,1.65247,1.50,1.13
2013.10.04 17:40:58.673,1.65224,1.65247,1.13,1.13
2013.10.04 17:40:59.450,1.65224,1.65247,1.13,1.13
2013.10.04 17:41:00.072,1.65224,1.65247,1.13,1.13
2013.10.04 17:41:00.313,1.65224,1.65247,1.13,1.13
2013.10.04 17:41:02.901,1.65224,1.65248,1.13,1.50
2013.10.04 17:41:08.121,1.65219,1.65247,1.50,1.13
2013.10.04 17:41:08.181,1.65219,1.65248,1.50,1.13
2013.10.04 17:41:08.302,1.65234,1.65252,1.13,1.13
2013.10.04 17:41:08.361,1.65239,1.65254,1.13,1.13
2013.10.04 17:41:08.422,1.6524,1.6526,1.13,1.13
2013.10.04 17:41:08.482,1.6524,1.65262,1.13,1.50
2013.10.04 17:41:08.542,1.6524,1.65263,1.13,3.38
2013.10.04 17:41:09.202,1.6524,1.6526,1.13,2.25
2013.10.04 17:41:09.262,1.6524,1.6526,1.13,2.25
2013.10.04 17:41:09.904,1.6524,1.6526,1.13,2.25
2013.10.04 17:41:10.652,1.6524,1.65259,1.13,2.25
2013.10.04 17:41:13.038,1.6524,1.65259,1.13,2.25
2013.10.04 17:41:13.563,1.6524,1.65259,1.13,3.00
2013.10.04 17:41:13.692,1.6524,1.65259,1.13,3.00
2013.10.04 17:41:14.217,1.6524,1.65259,1.13,3.00
2013.10.04 17:41:19.478,1.6524,1.65258,1.13,3.38
2013.10.04 17:41:27.022,1.65235,1.65258,1.13,2.63
2013.10.04 17:41:27.606,1.65235,1.65256,1.13,1.13
2013.10.04 17:41:32.608,1.65235,1.65256,1.13,1.13
2013.10.04 17:41:32.939,1.65235,1.65256,1.13,1.13
2013.10.04 17:41:49.622,1.65235,1.65257,1.13,1.13
2013.10.04 17:41:49.942,1.65235,1.65257,1.13,1.13
2013.10.04 17:41:57.212,1.65229,1.65256,1.13,1.13
2013.10.04 17:42:09.822,1.65229,1.65256,1.13,1.13
2013.10.04 17:42:17.741,1.65227,1.65256,1.50,1.50
2013.10.04 17:42:22.882,1.65236,1.65259,1.13,1.50
2013.10.04 17:42:23.122,1.65238,1.65268,1.13,1.88
2013.10.04 17:42:23.423,1.65237,1.6527,1.13,1.13
2013.10.04 17:42:23.602,1.65237,1.65267,1.13,2.97
2013.10.04 17:42:23.662,1.65237,1.65267,1.13,3.34
2013.10.04 17:42:24.250,1.65234,1.6526,1.50,1.47
2013.10.04 17:42:26.032,1.65234,1.65259,1.50,1.50
2013.10.04 17:42:26.212,1.65228,1.65257,1.50,1.09
2013.10.04 17:42:26.783,1.65226,1.65255,1.13,1.09
2013.10.04 17:42:47.474,1.65228,1.65258,1.09,1.13
2013.10.04 17:42:47.593,1.65231,1.65259,1.13,1.13
2013.10.04 17:42:47.653,1.65232,1.65265,1.13,2.25
2013.10.04 17:42:47.715,1.65232,1.65265,1.13,1.88
2013.10.04 17:42:47.832,1.65232,1.65266,1.13,1.13
2013.10.04 17:42:49.262,1.65234,1.65266,1.50,1.13
2013.10.04 17:42:49.627,1.65234,1.65268,1.50,1.50
2013.10.04 17:42:55.913,1.65234,1.65268,2.25,2.25
2013.10.04 17:42:56.094,1.65242,1.65268,1.13,1.88
2013.10.04 17:42:56.155,1.65243,1.65271,1.13,1.50
2013.10.04 17:42:56.274,1.65243,1.65272,1.13,1.50
2013.10.04 17:42:56.394,1.65243,1.65276,1.13,1.13
2013.10.04 17:42:56.513,1.65243,1.65276,1.13,1.13
2013.10.04 17:42:57.682,1.65243,1.65276,1.88,1.13
2013.10.04 17:43:00.301,1.65243,1.65278,1.13,3.00
2013.10.04 17:43:00.373,1.65245,1.65277,1.50,1.13
2013.10.04 17:43:34.003,1.65245,1.65274,1.50,1.50
2013.10.04 17:43:34.362,1.65245,1.65275,1.50,1.13
2013.10.04 17:43:47.402,1.65245,1.65275,1.50,2.25
2013.10.04 17:44:00.409,1.65244,1.65276,1.50,1.50
2013.10.04 17:44:02.554,1.65244,1.65276,1.50,1.50
2013.10.04 17:44:02.902,1.65244,1.65276,1.50,2.25
2013.10.04 17:44:06.958,1.65243,1.65274,1.13,1.88
2013.10.04 17:44:08.682,1.65243,1.65274,1.13,1.50
2013.10.04 17:44:13.232,1.65242,1.65275,1.50,1.13
2013.10.04 17:44:23.323,1.65242,1.65274,1.88,1.13
2013.10.04 17:44:28.437,1.65245,1.65276,1.50,1.13
2013.10.04 17:44:33.534,1.65246,1.65276,2.25,1.88
2013.10.04 17:44:43.343,1.65248,1.65277,1.50,1.50
2013.10.04 17:44:57.662,1.65251,1.65276,1.13,1.13
2013.10.04 17:44:59.822,1.65251,1.65284,1.13,1.50
2013.10.04 17:45:00.342,1.65254,1.65287,1.13,1.50
2013.10.04 17:45:01.254,1.65256,1.65284,1.50,1.50
2013.10.04 17:45:01.972,1.65258,1.65288,1.50,2.22
2013.10.04 17:45:02.032,1.65257,1.65289,1.13,1.47
2013.10.04 17:45:02.432,1.65258,1.65292,1.13,3.75
2013.10.04 17:45:04.362,1.65262,1.65288,1.50,1.13
2013.10.04 17:45:04.903,1.65262,1.65288,1.50,1.50
2013.10.04 17:45:20.342,1.65262,1.65288,1.50,1.50
2013.10.04 17:45:21.492,1.65262,1.6528,1.50,1.13
2013.10.04 17:45:21.732,1.65252,1.6528,2.63,1.88
2013.10.04 17:45:22.032,1.65251,1.65282,1.13,1.13
2013.10.04 17:45:22.392,1.65247,1.65279,1.13,1.50
2013.10.04 17:45:22.812,1.65242,1.65278,4.50,1.13
2013.10.04 17:45:24.342,1.6525,1.65277,1.50,1.50
2013.10.04 17:45:24.643,1.65252,1.65284,1.50,1.50
2013.10.04 17:45:24.703,1.65253,1.65287,1.50,1.50
2013.10.04 17:45:25.492,1.65258,1.65286,1.50,1.13
2013.10.04 17:45:27.214,1.65258,1.65284,1.50,1.13
2013.10.04 17:45:28.758,1.65258,1.65286,1.50,2.25
2013.10.04 17:45:48.572,1.65257,1.65284,1.50,1.50
2013.10.04 17:45:53.023,1.65256,1.65284,1.50,1.50
2013.10.04 17:45:53.083,1.65258,1.65284,1.13,1.50
2013.10.04 17:45:53.384,1.65262,1.65293,1.13,1.50
2013.10.04 17:45:53.444,1.65262,1.65291,1.13,1.88
2013.10.04 17:45:53.563,1.65262,1.65295,1.13,3.75
2013.10.04 17:45:54.604,1.65264,1.65293,1.50,1.50
2013.10.04 17:46:18.502,1.65262,1.65291,1.88,1.13
2013.10.04 17:46:18.812,1.65264,1.65293,1.50,1.50
2013.10.04 17:46:54.583,1.65263,1.65297,1.50,1.13
2013.10.04 17:47:12.923,1.65263,1.65296,1.13,1.13
2013.10.04 17:47:20.183,1.65263,1.65296,1.88,1.88
2013.10.04 17:47:28.392,1.65266,1.65295,1.13,1.13
2013.10.04 17:47:28.743,1.6527,1.65297,1.88,1.50
2013.10.04 17:47:32.972,1.6527,1.65296,1.13,1.50
2013.10.04 17:47:55.902,1.6527,1.65296,1.50,1.88
2013.10.04 17:47:56.422,1.6527,1.65297,1.50,3.00
2013.10.04 17:47:59.294,1.6527,1.65296,1.88,1.50
2013.10.04 17:48:09.142,1.6527,1.65298,1.88,3.75
2013.10.04 17:48:09.262,1.6527,1.65298,1.13,2.25
2013.10.04 17:48:09.382,1.6527,1.65302,1.13,1.50
2013.10.04 17:48:09.442,1.6527,1.65303,1.88,1.88
2013.10.04 17:48:09.623,1.65272,1.65305,1.50,2.25
2013.10.04 17:48:09.742,1.65271,1.65305,1.50,1.50
2013.10.04 17:48:09.862,1.65271,1.65305,1.50,1.50
2013.10.04 17:48:10.903,1.65273,1.65305,1.50,1.50
2013.10.04 17:48:11.554,1.65278,1.65305,1.50,1.50
2013.10.04 17:48:15.415,1.65277,1.65304,1.50,1.88
2013.10.04 17:48:16.402,1.65278,1.65304,1.50,1.13
2013.10.04 17:48:20.303,1.65277,1.65304,1.50,1.88
2013.10.04 17:48:23.384,1.65278,1.65304,1.50,1.13
2013.10.04 17:48:27.172,1.65277,1.65304,1.50,1.88
2013.10.04 17:48:31.323,1.65278,1.65304,1.50,1.50
2013.10.04 17:48:32.242,1.65278,1.65304,2.25,1.50
2013.10.04 17:48:32.563,1.65279,1.65304,1.50,1.50
2013.10.04 17:48:40.374,1.65281,1.65306,1.50,1.88
2013.10.04 17:48:41.313,1.65279,1.65304,1.50,2.25
2013.10.04 17:48:41.373,1.65278,1.653,2.25,1.13
2013.10.04 17:48:41.433,1.65276,1.653,1.50,2.25
2013.10.04 17:48:41.553,1.65274,1.65299,1.88,1.50
2013.10.04 17:48:42.152,1.65274,1.65297,1.13,1.50
2013.10.04 17:48:42.692,1.65274,1.65297,1.13,2.25
2013.10.04 17:48:48.732,1.65273,1.65301,1.50,1.50
2013.10.04 17:48:48.792,1.65273,1.65302,1.50,3.00
2013.10.04 17:48:49.162,1.65273,1.65302,1.50,3.75
2013.10.04 17:48:49.702,1.65274,1.65305,1.50,3.00
2013.10.04 17:48:56.173,1.65277,1.65305,1.50,4.50
2013.10.04 17:48:59.623,1.65276,1.65306,2.25,2.25
2013.10.04 17:49:00.163,1.65276,1.65306,2.25,2.25
2013.10.04 17:49:00.562,1.65276,1.65306,3.00,3.00
2013.10.04 17:49:04.665,1.65277,1.65306,1.50,1.88
2013.10.04 17:49:04.733,1.65278,1.65306,2.25,1.50
2013.10.04 17:49:10.992,1.65278,1.65307,1.50,1.13
2013.10.04 17:49:27.254,1.65278,1.65306,1.50,1.13
2013.10.04 17:49:30.964,1.65278,1.65306,1.50,1.13
2013.10.04 17:49:31.514,1.65278,1.65306,1.50,1.13
2013.10.04 17:49:40.652,1.65278,1.65306,1.50,1.13
2013.10.04 17:49:40.712,1.65277,1.65303,1.50,1.13
2013.10.04 17:49:49.413,1.65272,1.653,1.50,1.13
2013.10.04 17:49:49.953,1.65272,1.65298,1.50,1.88
2013.10.04 17:49:50.013,1.65269,1.65298,1.50,3.00
2013.10.04 17:49:50.133,1.65267,1.65297,1.50,3.00
2013.10.04 17:49:50.192,1.65265,1.65297,1.50,3.75
2013.10.04 17:49:50.669,1.65264,1.65295,1.50,2.63
2013.10.04 17:49:50.792,1.65264,1.65297,1.50,2.63
2013.10.04 17:49:50.972,1.65263,1.65294,2.63,1.13
2013.10.04 17:49:52.421,1.65263,1.65292,2.63,1.13
2013.10.04 17:49:56.266,1.65261,1.65291,2.25,1.13
2013.10.04 17:49:56.324,1.65261,1.65291,1.50,1.88
2013.10.04 17:49:56.623,1.65263,1.65294,1.50,1.13
2013.10.04 17:49:56.743,1.65266,1.65293,1.50,1.13
2013.10.04 17:50:02.608,1.65262,1.65291,2.25,1.13
2013.10.04 17:50:23.341,1.65263,1.65283,1.50,1.13
2013.10.04 17:50:23.585,1.65263,1.65283,1.50,1.13
2013.10.04 17:50:38.985,1.65263,1.65291,3.00,1.13
2013.10.04 17:50:39.103,1.65263,1.65291,3.00,1.13
2013.10.04 17:50:40.382,1.65262,1.65289,2.25,1.13
2013.10.04 17:50:41.790,1.65262,1.65288,1.50,1.69
2013.10.04 17:50:42.094,1.65247,1.65273,1.13,1.88
2013.10.04 17:50:42.453,1.65242,1.65269,1.13,1.13
2013.10.04 17:50:42.513,1.65241,1.65269,1.50,1.13
2013.10.04 17:50:42.632,1.65239,1.65268,1.50,1.13
2013.10.04 17:50:43.172,1.65239,1.65268,1.50,1.88
2013.10.04 17:50:49.359,1.65239,1.65268,1.50,1.13
2013.10.04 17:50:49.972,1.65239,1.65266,1.50,1.50
2013.10.04 17:50:50.715,1.65238,1.65266,1.50,1.50
2013.10.04 17:50:52.163,1.65238,1.65266,1.50,2.25
2013.10.04 17:50:55.833,1.65238,1.65266,1.50,1.50
2013.10.04 17:50:57.793,1.65238,1.65266,3.75,1.50
2013.10.04 17:50:58.152,1.65239,1.65268,2.25,3.00
2013.10.04 17:50:59.943,1.65238,1.65267,1.50,1.50
2013.10.04 17:51:01.826,1.65238,1.65265,2.25,1.13
2013.10.04 17:51:02.630,1.65238,1.65264,1.50,1.50
2013.10.04 17:51:03.132,1.65238,1.65264,2.25,1.50
2013.10.04 17:51:03.433,1.65238,1.65265,2.25,1.88
2013.10.04 17:51:05.193,1.65238,1.65266,1.50,1.50
2013.10.04 17:51:05.742,1.65238,1.65266,2.25,1.50
2013.10.04 17:51:05.931,1.65238,1.65266,2.25,1.50
2013.10.04 17:51:09.412,1.65238,1.65265,1.50,1.50
2013.10.04 17:51:10.582,1.65238,1.65266,2.25,4.50
2013.10.04 17:51:32.665,1.65238,1.65265,2.25,1.13
2013.10.04 17:51:32.784,1.6524,1.65266,1.50,3.00
2013.10.04 17:51:32.904,1.6524,1.65268,1.50,1.13
2013.10.04 17:51:33.083,1.65242,1.65271,1.50,1.13
2013.10.04 17:51:33.144,1.65241,1.65267,1.50,2.25
2013.10.04 17:51:34.113,1.65238,1.65264,1.50,1.50
2013.10.04 17:51:34.693,1.65238,1.65266,3.00,1.88
2013.10.04 17:51:34.933,1.65238,1.65264,1.50,1.50
2013.10.04 17:51:35.493,1.65238,1.65265,2.25,1.88
2013.10.04 17:51:35.673,1.65238,1.65264,1.50,1.50
2013.10.04 17:51:36.244,1.65237,1.65264,1.50,1.13
2013.10.04 17:51:36.782,1.65237,1.65265,1.50,1.13
2013.10.04 17:51:37.473,1.65237,1.65264,1.50,1.50
2013.10.04 17:51:38.290,1.65237,1.65264,1.50,2.25
2013.10.04 17:51:40.363,1.65237,1.65264,1.50,2.25
2013.10.04 17:51:56.742,1.65236,1.65264,2.25,1.88
2013.10.04 17:52:05.622,1.65238,1.65265,1.50,1.13
2013.10.04 17:52:33.144,1.65237,1.65267,2.25,1.13
2013.10.04 17:52:45.612,1.65237,1.65268,2.25,1.88
2013.10.04 17:52:54.712,1.65237,1.65267,1.50,1.50
2013.10.04 17:52:55.673,1.65236,1.65267,2.25,1.50
2013.10.04 17:52:56.240,1.65236,1.65267,1.50,1.50
2013.10.04 17:52:58.913,1.65236,1.65267,1.50,1.88
2013.10.04 17:53:04.134,1.65236,1.65267,1.50,1.88
2013.10.04 17:53:18.434,1.65236,1.65267,1.50,1.50
2013.10.04 17:53:20.793,1.65235,1.65267,3.75,2.25
2013.10.04 17:53:24.663,1.65236,1.65263,2.25,1.50
2013.10.04 17:53:24.903,1.65227,1.65259,2.25,2.63
2013.10.04 17:53:25.143,1.65227,1.65258,2.25,1.13
2013.10.04 17:53:25.764,1.65226,1.65257,1.50,1.50
2013.10.04 17:53:35.393,1.65228,1.65256,1.50,2.63
2013.10.04 17:53:35.904,1.65228,1.65257,1.50,2.25
2013.10.04 17:53:36.213,1.6523,1.65257,1.50,2.25
2013.10.04 17:53:38.885,1.6523,1.65256,1.50,2.25
2013.10.04 17:53:39.126,1.65227,1.65256,1.50,2.25
2013.10.04 17:53:39.184,1.65227,1.65253,1.50,1.13
2013.10.04 17:53:39.693,1.65223,1.65251,1.13,1.13
2013.10.04 17:53:41.082,1.65223,1.65248,1.13,1.13
2013.10.04 17:53:44.603,1.65217,1.65248,1.88,1.88
2013.10.04 17:53:44.963,1.6522,1.65248,1.50,1.88
2013.10.04 17:53:58.424,1.6522,1.65246,1.50,3.75
2013.10.04 17:54:01.267,1.6522,1.65246,1.50,3.75
2013.10.04 17:54:01.694,1.6522,1.65246,1.50,3.75
2013.10.04 17:54:05.444,1.6522,1.65246,1.50,3.75
2013.10.04 17:54:10.118,1.65221,1.65246,1.50,1.50
2013.10.04 17:54:14.654,1.65221,1.65246,1.50,2.25
2013.10.04 17:54:15.166,1.65218,1.65246,1.88,3.75
2013.10.04 17:54:15.723,1.65218,1.65246,1.88,2.25
2013.10.04 17:54:17.854,1.65218,1.65246,1.88,3.75
2013.10.04 17:54:28.914,1.65218,1.65246,1.88,3.75
2013.10.04 17:54:33.776,1.65218,1.65246,1.50,3.75
2013.10.04 17:54:36.485,1.65218,1.65246,1.50,4.13
2013.10.04 17:54:40.483,1.65221,1.65245,1.50,3.00
2013.10.04 17:54:51.215,1.65221,1.65246,1.50,3.00
2013.10.04 17:54:54.003,1.65221,1.65246,1.50,3.00
2013.10.04 17:54:55.404,1.65221,1.65246,1.50,3.00
2013.10.04 17:55:14.814,1.65221,1.65248,1.50,4.13
2013.10.04 17:55:15.683,1.65221,1.65247,1.50,2.25
2013.10.04 17:55:16.219,1.65221,1.65248,1.50,2.63
2013.10.04 17:55:17.018,1.65221,1.65248,1.50,1.88
2013.10.04 17:55:17.163,1.65221,1.65248,1.50,2.25
2013.10.04 17:55:19.104,1.65221,1.65248,1.50,2.25
2013.10.04 17:55:21.933,1.65221,1.65247,1.50,1.50
2013.10.04 17:55:25.073,1.65221,1.65247,1.50,2.25
2013.10.04 17:55:37.165,1.65221,1.65247,1.50,2.25
2013.10.04 17:55:39.633,1.65215,1.65248,1.50,2.63
2013.10.04 17:55:39.873,1.65218,1.65249,1.50,1.13
2013.10.04 17:55:39.994,1.65226,1.65256,1.13,2.63
2013.10.04 17:55:40.636,1.65226,1.65257,1.13,1.50
2013.10.04 17:55:40.873,1.65226,1.65259,1.13,2.25
2013.10.04 17:55:41.006,1.65226,1.65259,1.13,2.25
2013.10.04 17:55:41.423,1.65229,1.65257,1.50,2.25
2013.10.04 17:55:41.666,1.65229,1.65254,1.50,1.13
2013.10.04 17:55:43.154,1.65227,1.65253,1.50,1.13
2013.10.04 17:55:43.274,1.65227,1.65252,1.50,1.50
2013.10.04 17:55:43.466,1.65227,1.65252,1.50,1.88
2013.10.04 17:55:45.563,1.65227,1.65253,1.50,1.50
2013.10.04 17:55:46.884,1.65227,1.65253,1.50,1.88
2013.10.04 17:55:46.943,1.65221,1.65249,1.50,1.47
2013.10.04 17:55:47.123,1.65218,1.65249,1.50,1.84
2013.10.04 17:55:47.663,1.65217,1.65249,1.13,2.59
2013.10.04 17:55:48.363,1.6522,1.65247,1.50,1.13
2013.10.04 17:55:48.663,1.6522,1.65246,1.50,1.13
2013.10.04 17:55:49.234,1.6522,1.65245,1.50,1.50
2013.10.04 17:55:52.663,1.65217,1.65243,1.50,1.13
2013.10.04 17:55:53.048,1.65217,1.65242,1.50,1.13
2013.10.04 17:55:54.396,1.6522,1.65243,1.50,1.50
2013.10.04 17:56:03.375,1.6522,1.65246,1.50,1.88
2013.10.04 17:56:06.363,1.6522,1.65246,1.50,1.50
2013.10.04 17:56:07.553,1.6522,1.65246,1.50,1.50
2013.10.04 17:56:09.863,1.6522,1.65246,1.50,1.50
2013.10.04 17:56:14.267,1.6522,1.65246,1.50,1.50
2013.10.04 17:56:14.687,1.65216,1.65244,1.50,1.50
2013.10.04 17:56:15.124,1.65211,1.65243,1.50,1.13
2013.10.04 17:56:15.574,1.6522,1.65245,1.50,1.13
2013.10.04 17:56:15.634,1.6522,1.65246,1.50,2.25
2013.10.04 17:56:24.974,1.6522,1.65246,1.50,1.13
2013.10.04 17:56:26.516,1.6522,1.65247,1.50,1.13
2013.10.04 17:56:26.575,1.6522,1.65247,1.50,1.13
2013.10.04 17:56:26.694,1.6522,1.65245,1.50,1.13
2013.10.04 17:56:28.854,1.6522,1.65245,1.50,1.50
2013.10.04 17:56:30.428,1.65217,1.65243,1.50,1.50
2013.10.04 17:56:38.313,1.6522,1.65244,1.50,1.13
2013.10.04 17:56:39.057,1.6522,1.65244,1.50,1.13
2013.10.04 17:56:41.613,1.6522,1.65244,1.50,1.13
2013.10.04 17:56:42.803,1.6522,1.65244,1.50,1.13
2013.10.04 17:57:03.585,1.65212,1.65244,1.50,1.50
2013.10.04 17:57:04.283,1.65212,1.65244,1.50,1.50
2013.10.04 17:57:04.946,1.65212,1.65244,1.50,1.50
2013.10.04 17:57:12.404,1.65212,1.65245,1.50,1.13
2013.10.04 17:57:12.923,1.65213,1.65248,1.50,3.00
2013.10.04 17:57:19.523,1.65213,1.65248,1.13,3.75
2013.10.04 17:57:20.565,1.65213,1.65248,1.13,3.75
2013.10.04 17:57:28.193,1.65213,1.65249,2.63,1.50
2013.10.04 17:57:38.107,1.65213,1.65248,1.13,2.25
2013.10.04 17:57:38.225,1.65213,1.65245,1.13,1.13
2013.10.04 17:57:38.285,1.65213,1.65243,1.13,1.13
2013.10.04 17:57:38.984,1.65213,1.65243,1.88,1.84
2013.10.04 17:57:39.493,1.65213,1.65243,1.88,1.84
2013.10.04 17:57:41.144,1.65214,1.65243,1.50,1.09
2013.10.04 17:57:41.684,1.65213,1.65246,2.63,1.50
2013.10.04 17:57:42.343,1.65213,1.65246,1.88,1.88
2013.10.04 17:57:45.604,1.65213,1.65244,1.88,1.13
2013.10.04 17:57:50.197,1.65213,1.65244,1.50,1.50
2013.10.04 17:57:50.254,1.65213,1.65246,1.50,2.25
2013.10.04 17:57:57.173,1.65214,1.65247,1.50,1.69
2013.10.04 17:57:57.744,1.65214,1.65247,1.50,2.25
2013.10.04 17:58:10.757,1.65214,1.65247,1.50,1.50
2013.10.04 17:58:10.884,1.65214,1.65248,1.50,2.40
2013.10.04 17:58:11.423,1.65212,1.65246,1.88,2.25
2013.10.04 17:58:11.933,1.65212,1.65246,2.07,2.25
2013.10.04 17:58:13.323,1.65212,1.65246,2.07,1.50
2013.10.04 17:58:13.683,1.65222,1.65247,1.50,2.25
2013.10.04 17:58:13.925,1.65225,1.65252,1.50,1.50
2013.10.04 17:58:14.173,1.65225,1.65254,1.88,1.13
2013.10.04 17:58:14.234,1.65227,1.65258,1.50,1.50
2013.10.04 17:58:14.474,1.65227,1.65259,1.50,1.50
2013.10.04 17:58:15.003,1.65227,1.65261,2.25,2.25
2013.10.04 17:58:29.151,1.65233,1.65261,1.50,1.88
2013.10.04 17:58:30.255,1.65233,1.65261,1.50,1.88
2013.10.04 17:58:30.673,1.65232,1.6526,1.50,1.50
2013.10.04 17:58:32.156,1.65227,1.65253,3.38,1.13
2013.10.04 17:58:50.464,1.65226,1.65253,1.50,1.84
2013.10.04 17:58:50.643,1.65224,1.65253,1.50,2.22
2013.10.04 17:58:51.264,1.65219,1.65253,1.50,2.22
2013.10.04 17:58:53.724,1.65224,1.65251,1.50,1.13
2013.10.04 17:58:53.783,1.65224,1.65251,1.50,1.13
2013.10.04 17:58:55.814,1.65221,1.65249,1.50,1.13
2013.10.04 17:59:00.294,1.65221,1.65249,1.50,1.50
2013.10.04 17:59:03.475,1.65224,1.65247,1.50,1.13
2013.10.04 17:59:03.593,1.65227,1.6525,1.50,1.13
2013.10.04 17:59:03.654,1.65226,1.65253,1.50,1.88
2013.10.04 17:59:03.713,1.65227,1.65253,1.50,1.13
2013.10.04 17:59:04.193,1.65227,1.65253,2.25,1.13
2013.10.04 17:59:04.863,1.65227,1.65253,1.50,1.13
2013.10.04 17:59:05.287,1.65227,1.65253,1.50,1.13
2013.10.04 17:59:05.814,1.65231,1.65256,1.50,1.50
2013.10.04 17:59:06.053,1.65232,1.65258,1.50,1.88
2013.10.04 17:59:10.253,1.65235,1.65257,1.50,1.13
2013.10.04 17:59:10.613,1.65228,1.65252,1.50,1.13
2013.10.04 17:59:11.184,1.65223,1.65252,1.13,1.13
2013.10.04 17:59:13.733,1.65225,1.65253,1.50,1.88
2013.10.04 17:59:15.313,1.65225,1.65252,1.50,1.13
2013.10.04 17:59:16.122,1.65221,1.65252,1.50,1.50
2013.10.04 17:59:20.344,1.65222,1.6525,1.50,1.09
2013.10.04 17:59:20.635,1.65225,1.6525,1.50,1.47
2013.10.04 17:59:21.229,1.65225,1.65249,1.50,1.13
2013.10.04 17:59:21.889,1.65225,1.65249,1.50,1.88
2013.10.04 17:59:22.423,1.65225,1.65249,1.50,1.88
2013.10.04 17:59:28.284,1.65225,1.65249,1.50,1.13
2013.10.04 17:59:30.423,1.65225,1.6525,1.50,1.13
2013.10.04 17:59:30.483,1.65222,1.65248,1.50,1.88
2013.10.04 17:59:31.003,1.65225,1.65248,1.50,1.13
2013.10.04 17:59:36.394,1.65217,1.65245,3.00,1.13
2013.10.04 17:59:36.634,1.65221,1.65245,1.50,1.13
2013.10.04 17:59:37.943,1.65217,1.65245,1.50,1.88
2013.10.04 17:59:40.214,1.65221,1.65245,1.50,1.13
2013.10.04 17:59:40.753,1.65222,1.65248,1.50,1.50
2013.10.04 17:59:40.815,1.65222,1.65249,1.50,1.50
2013.10.04 17:59:42.413,1.65221,1.65248,1.50,1.50
2013.10.04 17:59:46.854,1.65222,1.65248,1.50,1.50
2013.10.04 17:59:51.945,1.65222,1.65248,1.50,1.50
2013.10.04 17:59:54.484,1.65219,1.65244,1.13,1.13
2013.10.04 17:59:55.051,1.65219,1.65246,1.13,1.13
2013.10.04 17:59:55.293,1.65216,1.6524,1.50,1.13
2013.10.04 17:59:55.353,1.65214,1.65242,1.50,1.13
2013.10.04 17:59:55.473,1.6522,1.65246,1.50,1.50
2013.10.04 17:59:56.568,1.6522,1.65246,1.50,1.50
2013.10.04 17:59:56.683,1.6522,1.65246,1.50,1.13
2013.10.04 17:59:56.803,1.6522,1.65249,1.50,2.63
