2010.11.11 06:00:00.569,1.61373,1.61455,1.70,1.70
2010.11.11 06:00:02.653,1.61377,1.6146,4.60,4.80
2010.11.11 06:00:04.781,1.61378,1.6146,1.30,1.90
2010.11.11 06:00:06.843,1.61377,1.61453,1.70,1.10
2010.11.11 06:00:07.554,1.61377,1.61454,1.70,5.40
2010.11.11 06:00:07.668,1.61377,1.61454,1.70,5.50
2010.11.11 06:00:09.767,1.61377,1.61454,1.80,5.40
2010.11.11 06:00:12.824,1.61377,1.61454,1.80,5.40
2010.11.11 06:00:14.495,1.61377,1.6146,2.10,1.40
2010.11.11 06:00:15.025,1.61377,1.61464,4.30,1.90
2010.11.11 06:00:16.133,1.61377,1.61459,2.10,1.20
2010.11.11 06:00:18.497,1.61377,1.6146,4.50,1.10
2010.11.11 06:00:20.033,1.61377,1.61463,2.20,1.10
2010.11.11 06:00:20.554,1.61377,1.61459,2.00,1.20
2010.11.11 06:00:21.697,1.61387,1.61463,1.50,1.10
2010.11.11 06:00:22.938,1.61387,1.61464,1.70,1.50
2010.11.11 06:00:25.126,1.61387,1.61463,1.70,1.10
2010.11.11 06:00:25.232,1.61387,1.61462,1.80,1.10
2010.11.11 06:00:27.321,1.61387,1.61464,1.70,1.80
2010.11.11 06:00:27.729,1.61387,1.61464,1.80,1.50
2010.11.11 06:00:28.701,1.61387,1.61464,1.70,1.80
2010.11.11 06:00:30.742,1.61387,1.61464,1.70,1.80
2010.11.11 06:00:33.636,1.61387,1.61459,1.70,1.40
2010.11.11 06:00:35.761,1.61387,1.61459,1.60,1.40
2010.11.11 06:00:37.865,1.61384,1.61458,2.00,2.30
2010.11.11 06:00:38.895,1.61387,1.61458,1.50,1.20
2010.11.11 06:00:40.841,1.61387,1.61458,1.50,1.20
2010.11.11 06:00:43.855,1.61384,1.61458,2.10,2.40
2010.11.11 06:00:46.646,1.61384,1.61458,2.10,2.30
2010.11.11 06:00:49.123,1.61387,1.61467,4.50,2.30
2010.11.11 06:00:51.452,1.61387,1.61467,4.30,1.90
2010.11.11 06:00:53.889,1.61388,1.61467,1.10,2.30
2010.11.11 06:00:54.955,1.61389,1.61468,2.70,2.50
2010.11.11 06:00:57.913,1.61388,1.6147,3.00,1.80
2010.11.11 06:01:00.451,1.61388,1.6147,3.00,1.80
2010.11.11 06:01:02.784,1.61388,1.61469,1.70,1.40
2010.11.11 06:01:07.455,1.61388,1.61468,1.50,1.20
2010.11.11 06:01:10.667,1.61388,1.61463,1.50,1.40
2010.11.11 06:01:13.957,1.61388,1.61463,1.50,1.40
2010.11.11 06:01:15.943,1.61388,1.61464,1.50,4.70
2010.11.11 06:01:18.214,1.61388,1.61464,1.50,4.70
2010.11.11 06:01:18.765,1.61388,1.61462,1.50,1.40
2010.11.11 06:01:20.900,1.61388,1.61462,1.50,1.40
2010.11.11 06:01:22.805,1.61397,1.6147,1.50,1.80
2010.11.11 06:01:23.024,1.61397,1.61472,1.50,1.30
2010.11.11 06:01:23.243,1.61383,1.6147,1.50,1.60
2010.11.11 06:01:25.748,1.61388,1.61474,1.50,4.40
2010.11.11 06:01:28.088,1.61388,1.61474,2.70,5.00
2010.11.11 06:01:30.896,1.61389,1.6147,1.50,1.40
2010.11.11 06:01:31.222,1.61375,1.61448,1.70,1.50
2010.11.11 06:01:31.763,1.61397,1.61458,1.50,2.40
2010.11.11 06:01:31.876,1.61397,1.61474,1.90,2.30
2010.11.11 06:01:33.992,1.61397,1.61474,2.00,2.30
2010.11.11 06:01:37.783,1.61397,1.61474,4.50,5.00
2010.11.11 06:01:40.725,1.61397,1.61474,4.50,5.00
2010.11.11 06:01:43.997,1.61397,1.61474,2.20,2.40
2010.11.11 06:01:46.309,1.61397,1.61474,2.20,2.40
2010.11.11 06:01:48.323,1.61397,1.61474,2.20,2.40
2010.11.11 06:01:50.656,1.61397,1.61474,2.10,2.20
2010.11.11 06:01:52.867,1.61397,1.61484,4.50,1.80
2010.11.11 06:01:54.775,1.614,1.61484,1.20,1.50
2010.11.11 06:01:59.038,1.61397,1.61484,4.50,1.80
2010.11.11 06:02:00.167,1.61397,1.61479,4.50,1.50
2010.11.11 06:02:04.060,1.61397,1.61479,4.50,1.50
2010.11.11 06:02:06.700,1.61397,1.61479,4.50,1.50
2010.11.11 06:02:08.745,1.61397,1.61479,4.50,1.50
2010.11.11 06:02:10.811,1.61397,1.61479,4.50,1.50
2010.11.11 06:02:13.728,1.61397,1.61479,4.50,1.50
2010.11.11 06:02:15.815,1.61397,1.61484,4.50,1.80
2010.11.11 06:02:18.055,1.61397,1.61484,4.50,1.80
2010.11.11 06:02:20.186,1.61397,1.61484,4.50,1.80
2010.11.11 06:02:23.033,1.61397,1.61484,4.50,1.80
2010.11.11 06:02:26.114,1.61397,1.61479,4.50,1.50
2010.11.11 06:02:28.204,1.61397,1.61479,4.50,1.50
2010.11.11 06:02:30.270,1.61398,1.61483,3.20,1.80
2010.11.11 06:02:32.405,1.61398,1.61485,2.80,1.40
2010.11.11 06:02:32.513,1.61417,1.61488,1.50,2.20
2010.11.11 06:02:34.024,1.61417,1.61491,1.50,6.00
2010.11.11 06:02:35.349,1.61417,1.61486,1.70,1.70
2010.11.11 06:02:36.597,1.61417,1.61486,1.50,1.50
2010.11.11 06:02:38.825,1.61417,1.6149,1.60,2.90
2010.11.11 06:02:41.073,1.61417,1.61486,1.50,1.90
2010.11.11 06:02:41.317,1.61417,1.61473,1.50,1.10
2010.11.11 06:02:41.994,1.61407,1.61473,1.50,1.10
2010.11.11 06:02:44.123,1.614,1.61473,4.60,1.10
2010.11.11 06:02:46.163,1.61401,1.61473,1.70,2.40
2010.11.11 06:02:48.210,1.61401,1.61473,1.50,2.50
2010.11.11 06:02:50.641,1.614,1.61473,4.70,2.80
2010.11.11 06:02:52.736,1.614,1.61473,4.70,2.80
2010.11.11 06:02:55.186,1.614,1.61473,4.70,2.80
2010.11.11 06:02:59.137,1.61401,1.61473,1.70,2.40
2010.11.11 06:03:02.161,1.61403,1.61473,1.30,2.40
2010.11.11 06:03:02.603,1.61409,1.61478,1.90,1.30
2010.11.11 06:03:03.134,1.61417,1.61486,1.50,2.40
2010.11.11 06:03:03.634,1.61417,1.61486,1.50,2.80
2010.11.11 06:03:05.177,1.61417,1.61486,1.50,2.30
2010.11.11 06:03:08.467,1.61417,1.61488,1.50,1.10
2010.11.11 06:03:10.563,1.61417,1.61493,2.40,1.40
2010.11.11 06:03:14.168,1.61417,1.61493,2.40,1.40
2010.11.11 06:03:16.242,1.61418,1.61495,1.90,1.60
2010.11.11 06:03:18.804,1.61427,1.61497,2.00,2.50
2010.11.11 06:03:22.883,1.61427,1.61497,2.00,2.50
2010.11.11 06:03:29.152,1.61427,1.61497,2.00,2.50
2010.11.11 06:03:31.281,1.61427,1.61497,2.00,2.50
2010.11.11 06:03:34.208,1.61427,1.61497,2.00,2.50
2010.11.11 06:03:37.104,1.61427,1.61497,2.00,2.50
2010.11.11 06:03:39.225,1.61427,1.61497,2.00,2.50
2010.11.11 06:03:41.283,1.61427,1.61497,2.10,2.80
2010.11.11 06:03:41.557,1.61427,1.61498,2.40,1.10
2010.11.11 06:03:43.169,1.61427,1.61501,4.70,2.00
2010.11.11 06:03:43.284,1.61439,1.61511,1.90,2.50
2010.11.11 06:03:44.006,1.6143,1.61504,1.90,2.50
2010.11.11 06:03:46.064,1.6143,1.615,2.00,1.10
2010.11.11 06:03:48.143,1.61423,1.61498,1.20,1.10
2010.11.11 06:03:48.592,1.61423,1.61497,1.20,1.10
2010.11.11 06:03:50.203,1.61412,1.61488,1.10,1.10
2010.11.11 06:03:52.776,1.61411,1.61488,4.70,2.50
2010.11.11 06:03:55.075,1.61413,1.61488,1.30,2.40
2010.11.11 06:03:57.152,1.61416,1.61488,1.70,1.30
2010.11.11 06:03:59.224,1.61417,1.61492,1.50,1.10
2010.11.11 06:04:01.695,1.61413,1.61488,1.20,2.40
2010.11.11 06:04:04.254,1.61413,1.61488,1.20,2.40
2010.11.11 06:04:07.674,1.61413,1.61488,1.20,2.40
2010.11.11 06:04:10.020,1.61413,1.61488,1.20,2.40
2010.11.11 06:04:12.243,1.61414,1.61488,1.50,1.10
2010.11.11 06:04:14.294,1.61414,1.61488,1.70,1.10
2010.11.11 06:04:16.753,1.61414,1.61488,1.70,2.40
2010.11.11 06:04:19.296,1.61414,1.61488,1.70,2.40
2010.11.11 06:04:20.705,1.61414,1.61494,1.50,4.10
2010.11.11 06:04:21.143,1.61417,1.61494,2.30,4.30
2010.11.11 06:04:21.824,1.61423,1.615,1.50,2.50
2010.11.11 06:04:24.318,1.61423,1.615,1.50,2.80
2010.11.11 06:04:26.661,1.61423,1.615,1.50,2.50
2010.11.11 06:04:28.660,1.61423,1.615,2.70,2.30
2010.11.11 06:04:28.994,1.61428,1.6151,2.00,2.40
2010.11.11 06:04:29.545,1.61434,1.61508,2.30,1.90
2010.11.11 06:04:29.652,1.61434,1.61508,1.50,2.60
2010.11.11 06:04:31.978,1.61421,1.61503,4.60,1.40
2010.11.11 06:04:32.482,1.61422,1.61504,1.10,2.40
2010.11.11 06:04:33.455,1.61423,1.61503,1.30,1.90
2010.11.11 06:04:34.253,1.61419,1.61492,1.20,1.10
2010.11.11 06:04:36.434,1.61414,1.61492,1.50,1.40
2010.11.11 06:04:37.247,1.61418,1.61492,1.10,1.50
2010.11.11 06:04:39.371,1.61414,1.61493,1.50,1.20
2010.11.11 06:04:41.380,1.61418,1.61499,1.10,1.50
2010.11.11 06:04:41.494,1.61417,1.61499,1.10,1.70
2010.11.11 06:04:41.742,1.61414,1.61488,1.50,1.10
2010.11.11 06:04:41.853,1.61408,1.61478,2.30,1.70
2010.11.11 06:04:42.073,1.61399,1.61478,4.60,1.50
2010.11.11 06:04:42.921,1.61411,1.61493,1.90,1.90
2010.11.11 06:04:45.114,1.61421,1.61502,2.00,2.60
2010.11.11 06:04:46.233,1.61421,1.61502,4.40,2.80
2010.11.11 06:04:47.883,1.6142,1.61493,4.30,1.10
2010.11.11 06:04:49.889,1.6142,1.61493,1.60,1.20
2010.11.11 06:04:50.778,1.6142,1.61493,1.70,1.30
2010.11.11 06:04:50.992,1.6142,1.61494,4.20,2.30
2010.11.11 06:04:52.503,1.61425,1.61499,5.00,2.20
2010.11.11 06:04:54.210,1.61435,1.61509,4.50,2.30
2010.11.11 06:04:54.327,1.6145,1.61518,1.50,1.30
2010.11.11 06:04:56.314,1.61445,1.61509,1.50,1.10
2010.11.11 06:04:57.673,1.61426,1.61508,1.40,1.10
2010.11.11 06:04:58.943,1.61424,1.61508,4.20,2.00
2010.11.11 06:04:59.439,1.6144,1.61508,1.50,1.70
2010.11.11 06:05:01.504,1.61431,1.61505,4.30,1.40
2010.11.11 06:05:03.783,1.61431,1.61505,2.00,1.80
2010.11.11 06:05:06.129,1.61431,1.61505,2.00,1.80
2010.11.11 06:05:09.113,1.61431,1.61505,2.00,1.80
2010.11.11 06:05:12.839,1.61431,1.61512,4.60,4.00
2010.11.11 06:05:16.866,1.61431,1.61512,4.60,4.00
2010.11.11 06:05:17.606,1.61432,1.61512,1.10,3.50
2010.11.11 06:05:19.495,1.61431,1.61511,4.40,1.90
2010.11.11 06:05:23.636,1.61431,1.61506,2.10,2.00
2010.11.11 06:05:25.298,1.61432,1.61508,1.10,1.10
2010.11.11 06:05:27.284,1.61431,1.61503,1.90,1.10
2010.11.11 06:05:27.393,1.61427,1.6148,1.50,1.40
2010.11.11 06:05:29.404,1.61405,1.6148,1.20,1.40
2010.11.11 06:05:31.615,1.61399,1.6148,4.20,2.90
2010.11.11 06:05:33.674,1.61399,1.61474,1.70,1.10
2010.11.11 06:05:36.118,1.61399,1.61474,4.00,1.10
2010.11.11 06:05:38.202,1.61398,1.61472,1.80,1.90
2010.11.11 06:05:38.793,1.61398,1.6147,1.80,1.40
2010.11.11 06:05:41.135,1.61398,1.6147,4.00,2.60
2010.11.11 06:05:41.243,1.61398,1.6147,1.70,2.80
2010.11.11 06:05:41.824,1.61398,1.6147,4.20,1.40
2010.11.11 06:05:43.014,1.61399,1.6147,1.70,1.40
2010.11.11 06:05:45.344,1.61403,1.6147,1.70,1.40
2010.11.11 06:05:47.832,1.61408,1.61469,1.20,2.10
2010.11.11 06:05:47.960,1.61402,1.61469,1.20,2.10
2010.11.11 06:05:48.494,1.61396,1.61469,1.70,2.10
2010.11.11 06:05:48.613,1.614,1.61474,1.80,2.50
2010.11.11 06:05:50.886,1.614,1.61472,1.80,1.10
2010.11.11 06:05:53.388,1.614,1.61472,1.80,1.10
2010.11.11 06:05:55.405,1.614,1.61472,1.70,1.30
2010.11.11 06:05:57.507,1.61395,1.61469,4.50,2.20
2010.11.11 06:05:59.858,1.61395,1.61469,4.50,2.20
2010.11.11 06:06:03.419,1.61395,1.61469,2.00,2.00
2010.11.11 06:06:03.532,1.61395,1.61463,2.00,1.40
2010.11.11 06:06:04.283,1.61395,1.61468,1.60,1.10
2010.11.11 06:06:04.826,1.61395,1.61467,1.70,1.10
2010.11.11 06:06:06.214,1.614,1.61474,4.50,2.30
2010.11.11 06:06:08.304,1.614,1.61472,1.80,1.10
2010.11.11 06:06:11.603,1.61395,1.61469,4.50,4.70
2010.11.11 06:06:13.826,1.61395,1.61468,4.50,1.10
2010.11.11 06:06:16.244,1.61395,1.61468,1.80,1.10
2010.11.11 06:06:18.312,1.61395,1.61468,1.80,1.10
2010.11.11 06:06:20.577,1.61395,1.61468,1.80,1.10
2010.11.11 06:06:23.484,1.61395,1.61469,4.50,4.30
2010.11.11 06:06:26.554,1.61395,1.61469,2.00,4.50
2010.11.11 06:06:28.026,1.61401,1.61474,1.50,4.10
2010.11.11 06:06:30.805,1.61401,1.61474,1.70,4.30
2010.11.11 06:06:31.835,1.61403,1.61474,1.10,1.90
2010.11.11 06:06:33.937,1.61403,1.61474,1.10,1.90
2010.11.11 06:06:36.024,1.614,1.61473,2.10,1.90
2010.11.11 06:06:38.377,1.614,1.61472,1.90,1.40
2010.11.11 06:06:40.641,1.614,1.61472,1.90,1.40
2010.11.11 06:06:44.609,1.614,1.61472,1.90,1.40
2010.11.11 06:06:47.656,1.614,1.61473,2.00,1.50
2010.11.11 06:06:47.763,1.614,1.61463,2.00,1.10
2010.11.11 06:06:50.761,1.61392,1.61463,4.50,1.10
2010.11.11 06:06:52.837,1.61392,1.61461,2.10,2.40
2010.11.11 06:06:55.149,1.61392,1.61461,2.10,2.40
2010.11.11 06:06:57.290,1.61392,1.61461,4.50,1.10
2010.11.11 06:06:59.387,1.61392,1.61461,4.50,1.10
2010.11.11 06:07:02.050,1.61392,1.61461,4.50,1.10
2010.11.11 06:07:03.234,1.61392,1.61457,2.00,1.10
2010.11.11 06:07:06.153,1.61384,1.61454,2.20,1.10
2010.11.11 06:07:08.738,1.61384,1.61454,2.20,1.10
2010.11.11 06:07:12.535,1.61384,1.61454,2.20,1.10
2010.11.11 06:07:14.657,1.61384,1.61454,1.70,2.30
2010.11.11 06:07:16.215,1.61382,1.61453,1.70,2.50
2010.11.11 06:07:17.815,1.61374,1.61449,1.70,2.10
2010.11.11 06:07:17.923,1.61377,1.61449,1.20,2.10
2010.11.11 06:07:18.293,1.61374,1.61449,1.20,2.10
2010.11.11 06:07:21.093,1.61377,1.61451,1.70,2.20
2010.11.11 06:07:24.665,1.61377,1.61451,4.00,2.20
2010.11.11 06:07:25.323,1.61378,1.61451,1.10,1.50
2010.11.11 06:07:27.804,1.61382,1.61456,4.60,2.10
2010.11.11 06:07:30.433,1.61382,1.61456,4.20,2.10
2010.11.11 06:07:35.154,1.61382,1.61456,4.20,2.10
2010.11.11 06:07:39.741,1.61382,1.61456,4.20,2.10
2010.11.11 06:07:41.759,1.61382,1.61456,4.20,2.10
2010.11.11 06:07:43.812,1.61382,1.61456,4.20,2.10
2010.11.11 06:07:46.961,1.61382,1.61456,4.20,2.10
2010.11.11 06:07:49.486,1.61382,1.61456,4.20,2.10
2010.11.11 06:07:51.700,1.61374,1.61449,1.70,1.90
2010.11.11 06:07:52.383,1.61374,1.61449,1.20,1.90
2010.11.11 06:07:52.995,1.61389,1.61463,4.00,4.70
2010.11.11 06:07:55.054,1.61384,1.61459,1.80,1.50
2010.11.11 06:07:56.945,1.61399,1.6147,4.00,2.90
2010.11.11 06:07:58.314,1.61397,1.61468,1.10,1.90
2010.11.11 06:07:58.423,1.61397,1.61468,1.10,2.60
2010.11.11 06:07:58.754,1.61399,1.6147,4.00,2.90
2010.11.11 06:07:59.679,1.61399,1.61468,1.20,2.50
2010.11.11 06:08:02.928,1.6139,1.61463,1.80,2.90
2010.11.11 06:08:04.858,1.6139,1.61463,1.50,3.00
2010.11.11 06:08:06.896,1.6139,1.61458,1.20,1.80
2010.11.11 06:08:07.882,1.6139,1.61458,1.50,1.90
2010.11.11 06:08:08.432,1.61387,1.61458,1.10,1.90
2010.11.11 06:08:10.974,1.61384,1.61458,4.60,2.10
2010.11.11 06:08:14.803,1.61384,1.61458,4.60,2.10
2010.11.11 06:08:17.183,1.61384,1.61458,4.60,2.10
2010.11.11 06:08:19.221,1.61384,1.61458,4.60,4.50
2010.11.11 06:08:21.570,1.61384,1.61458,4.20,4.50
2010.11.11 06:08:21.682,1.61384,1.61456,4.20,1.40
2010.11.11 06:08:22.474,1.61377,1.61449,1.60,2.50
2010.11.11 06:08:24.576,1.61373,1.61443,1.70,1.70
2010.11.11 06:08:24.684,1.61373,1.61443,1.80,1.70
2010.11.11 06:08:26.893,1.61373,1.61443,2.20,1.70
2010.11.11 06:08:29.075,1.61373,1.61443,2.20,1.70
2010.11.11 06:08:32.092,1.61373,1.61443,2.20,1.70
2010.11.11 06:08:34.096,1.61388,1.61461,1.50,2.60
2010.11.11 06:08:34.426,1.61379,1.61461,2.40,2.50
2010.11.11 06:08:36.485,1.61379,1.61458,2.40,1.10
2010.11.11 06:08:38.050,1.61388,1.61461,1.40,2.50
2010.11.11 06:08:38.163,1.61383,1.61461,1.70,2.50
2010.11.11 06:08:38.273,1.61383,1.61461,1.70,1.70
2010.11.11 06:08:40.395,1.61383,1.61455,1.50,1.50
2010.11.11 06:08:40.504,1.61386,1.61459,1.20,1.90
2010.11.11 06:08:41.164,1.61387,1.61459,1.70,1.70
2010.11.11 06:08:43.197,1.61387,1.61459,1.50,1.80
2010.11.11 06:08:45.195,1.6139,1.61462,2.00,1.10
2010.11.11 06:08:46.273,1.6139,1.61464,4.50,2.30
2010.11.11 06:08:47.493,1.61389,1.61468,4.60,1.50
2010.11.11 06:08:49.956,1.6139,1.61468,1.70,1.50
2010.11.11 06:08:52.663,1.61396,1.61471,1.50,6.40
2010.11.11 06:08:54.423,1.61391,1.61468,1.50,1.50
2010.11.11 06:08:57.124,1.61391,1.61468,1.70,1.90
2010.11.11 06:08:59.174,1.61391,1.61468,1.70,1.90
2010.11.11 06:09:01.854,1.61398,1.61471,1.70,2.80
2010.11.11 06:09:03.964,1.61398,1.6147,1.70,2.60
2010.11.11 06:09:05.998,1.61398,1.6147,1.70,3.20
2010.11.11 06:09:09.899,1.61398,1.6147,1.70,3.20
2010.11.11 06:09:11.944,1.61398,1.6147,1.80,1.40
2010.11.11 06:09:15.223,1.61398,1.6147,4.20,1.40
2010.11.11 06:09:17.352,1.61398,1.6147,1.80,1.50
2010.11.11 06:09:19.715,1.61398,1.6147,1.70,3.20
2010.11.11 06:09:20.145,1.61398,1.6147,4.20,1.40
2010.11.11 06:09:22.043,1.61399,1.6147,1.50,1.10
2010.11.11 06:09:22.805,1.61399,1.61472,1.80,2.60
2010.11.11 06:09:23.509,1.61399,1.6147,1.70,1.10
2010.11.11 06:09:25.207,1.61399,1.6147,1.80,1.10
2010.11.11 06:09:27.325,1.61398,1.6147,4.60,2.30
2010.11.11 06:09:29.496,1.61398,1.6147,2.10,2.30
2010.11.11 06:09:33.990,1.61398,1.6147,2.10,2.30
2010.11.11 06:09:37.783,1.61398,1.6147,2.10,2.30
2010.11.11 06:09:39.984,1.61398,1.6147,4.50,1.10
2010.11.11 06:09:42.130,1.61398,1.6147,4.80,1.10
2010.11.11 06:09:42.243,1.61398,1.6147,2.10,2.40
2010.11.11 06:09:44.406,1.61401,1.61472,1.50,3.00
2010.11.11 06:09:46.683,1.61398,1.6147,4.50,1.10
2010.11.11 06:09:48.853,1.61401,1.61472,1.50,3.00
2010.11.11 06:09:50.898,1.61401,1.6147,1.20,1.10
2010.11.11 06:09:53.932,1.61401,1.6147,1.20,1.10
2010.11.11 06:09:57.185,1.61401,1.6147,1.20,1.10
2010.11.11 06:09:59.996,1.61401,1.6147,1.20,1.10
2010.11.11 06:10:02.055,1.614,1.6147,1.70,1.10
2010.11.11 06:10:02.384,1.61398,1.6147,2.10,2.40
2010.11.11 06:10:04.424,1.61398,1.61472,2.10,4.50
2010.11.11 06:10:04.979,1.61395,1.61469,1.50,4.30
2010.11.11 06:10:05.193,1.61398,1.61472,2.30,1.70
2010.11.11 06:10:06.422,1.61398,1.61472,2.40,1.80
2010.11.11 06:10:07.363,1.61398,1.61472,4.60,1.70
2010.11.11 06:10:08.530,1.61398,1.61472,2.40,4.60
2010.11.11 06:10:10.564,1.61398,1.61472,2.40,4.60
2010.11.11 06:10:13.066,1.61398,1.61472,2.30,4.60
2010.11.11 06:10:16.289,1.61398,1.61472,2.40,4.00
2010.11.11 06:10:18.152,1.61398,1.61468,1.50,1.20
2010.11.11 06:10:21.712,1.6139,1.61464,2.40,5.10
2010.11.11 06:10:23.941,1.61392,1.61459,1.80,1.10
2010.11.11 06:10:25.265,1.6139,1.61464,2.40,7.10
2010.11.11 06:10:27.609,1.61393,1.61464,1.10,1.80
2010.11.11 06:10:29.165,1.61395,1.61464,1.50,2.30
2010.11.11 06:10:31.264,1.6139,1.61464,2.40,5.30
2010.11.11 06:10:31.485,1.61379,1.61449,2.90,1.50
2010.11.11 06:10:35.086,1.61374,1.61445,1.70,2.00
2010.11.11 06:10:38.632,1.61374,1.61445,1.80,2.00
2010.11.11 06:10:40.692,1.61374,1.61445,1.50,2.00
2010.11.11 06:10:42.984,1.61369,1.61445,6.60,2.30
2010.11.11 06:10:45.113,1.61374,1.61445,1.50,2.00
2010.11.11 06:10:47.522,1.61372,1.61445,1.10,2.10
2010.11.11 06:10:50.395,1.61369,1.61445,4.30,2.00
2010.11.11 06:10:53.283,1.61369,1.61445,4.30,2.00
2010.11.11 06:10:55.046,1.61369,1.61458,1.70,1.10
2010.11.11 06:10:57.114,1.61375,1.61458,2.10,1.70
2010.11.11 06:10:57.555,1.61382,1.61467,1.10,1.50
2010.11.11 06:10:58.113,1.61383,1.61468,1.50,1.40
2010.11.11 06:11:00.404,1.61383,1.61475,1.50,4.50
2010.11.11 06:11:00.513,1.61383,1.61478,3.00,4.60
2010.11.11 06:11:02.765,1.61391,1.61477,2.20,1.70
2010.11.11 06:11:04.866,1.61391,1.61477,2.10,1.70
2010.11.11 06:11:06.105,1.61391,1.61478,5.00,4.80
2010.11.11 06:11:08.326,1.61391,1.61478,5.00,4.80
2010.11.11 06:11:08.433,1.61386,1.61477,1.80,1.50
2010.11.11 06:11:10.611,1.61391,1.61478,1.80,4.80
2010.11.11 06:11:12.704,1.61391,1.61478,1.80,4.50
2010.11.11 06:11:12.814,1.61391,1.61473,1.50,1.40
2010.11.11 06:11:14.664,1.61385,1.61466,1.60,1.20
2010.11.11 06:11:16.758,1.61387,1.61475,1.10,4.40
2010.11.11 06:11:19.710,1.61385,1.61475,4.80,4.20
2010.11.11 06:11:20.705,1.61392,1.61475,1.50,4.40
2010.11.11 06:11:22.837,1.61392,1.61475,1.50,4.40
2010.11.11 06:11:22.943,1.61385,1.61475,4.80,4.50
2010.11.11 06:11:26.286,1.61383,1.61474,1.20,4.30
2010.11.11 06:11:27.669,1.61392,1.61475,1.20,4.20
2010.11.11 06:11:30.213,1.61394,1.61475,2.70,4.50
2010.11.11 06:11:32.580,1.61393,1.61475,2.70,4.50
2010.11.11 06:11:33.643,1.61391,1.61469,1.30,1.60
2010.11.11 06:11:34.553,1.61379,1.61469,2.10,4.50
2010.11.11 06:11:36.662,1.61377,1.61467,1.10,2.80
2010.11.11 06:11:39.722,1.61375,1.61459,1.80,4.20
2010.11.11 06:11:41.846,1.61375,1.61457,1.70,1.20
2010.11.11 06:11:43.699,1.61375,1.61459,1.80,4.20
2010.11.11 06:11:46.678,1.61374,1.6146,1.80,5.30
2010.11.11 06:11:48.143,1.61379,1.6146,2.00,1.80
2010.11.11 06:11:50.559,1.61378,1.61455,1.30,2.10
2010.11.11 06:11:53.115,1.61378,1.61455,1.30,4.50
2010.11.11 06:11:55.760,1.61374,1.61451,2.80,1.60
2010.11.11 06:11:58.290,1.61378,1.61455,1.10,4.60
2010.11.11 06:12:00.110,1.61378,1.61455,1.10,2.10
2010.11.11 06:12:01.420,1.61389,1.61467,1.90,1.70
2010.11.11 06:12:03.466,1.61389,1.61468,2.10,1.30
2010.11.11 06:12:05.765,1.61389,1.61467,2.10,1.20
2010.11.11 06:12:07.365,1.61389,1.61467,2.00,1.50
2010.11.11 06:12:10.068,1.61376,1.61449,1.20,2.00
2010.11.11 06:12:12.838,1.61375,1.61449,5.00,2.20
2010.11.11 06:12:14.940,1.61373,1.61445,1.10,1.70
2010.11.11 06:12:18.155,1.61373,1.61445,1.10,1.70
2010.11.11 06:12:20.693,1.61373,1.61445,1.10,1.70
2010.11.11 06:12:22.347,1.61375,1.61449,1.80,5.40
2010.11.11 06:12:23.890,1.61375,1.61449,1.60,5.30
2010.11.11 06:12:26.399,1.61375,1.61449,4.00,2.40
2010.11.11 06:12:27.347,1.61373,1.61447,2.00,3.40
2010.11.11 06:12:28.057,1.61381,1.61455,1.90,1.80
2010.11.11 06:12:28.169,1.61375,1.61446,2.30,1.50
2010.11.11 06:12:28.385,1.61363,1.61437,6.30,1.90
2010.11.11 06:12:29.238,1.61355,1.61442,2.70,1.40
2010.11.11 06:12:29.453,1.6135,1.61422,1.50,1.50
2010.11.11 06:12:30.957,1.61348,1.61422,1.50,2.20
2010.11.11 06:12:31.069,1.61349,1.61417,1.50,1.50
2010.11.11 06:12:34.179,1.61345,1.61419,1.80,2.00
2010.11.11 06:12:34.683,1.61345,1.61419,1.70,2.10
2010.11.11 06:12:34.903,1.61353,1.61427,1.50,1.80
2010.11.11 06:12:35.602,1.61345,1.61419,1.90,1.70
2010.11.11 06:12:35.716,1.61345,1.61419,4.50,1.50
2010.11.11 06:12:36.336,1.61345,1.61419,2.00,1.70
2010.11.11 06:12:38.670,1.61345,1.61419,4.50,1.60
2010.11.11 06:12:41.152,1.61345,1.61419,4.80,2.10
2010.11.11 06:12:43.268,1.61353,1.61425,1.70,4.40
2010.11.11 06:12:45.385,1.61345,1.61419,5.10,2.00
2010.11.11 06:12:47.461,1.61347,1.61419,1.10,1.70
2010.11.11 06:12:49.523,1.61355,1.61429,2.40,1.70
2010.11.11 06:12:52.146,1.61355,1.61429,2.40,1.60
2010.11.11 06:12:54.670,1.6136,1.61434,2.00,4.00
2010.11.11 06:12:55.225,1.6136,1.61434,4.50,1.80
2010.11.11 06:12:57.189,1.61369,1.61445,2.10,2.10
2010.11.11 06:12:57.513,1.61365,1.61439,2.30,2.30
2010.11.11 06:12:59.594,1.61359,1.61435,6.50,1.70
2010.11.11 06:13:02.209,1.61362,1.61435,1.10,1.60
2010.11.11 06:13:02.785,1.61359,1.61435,6.60,1.80
2010.11.11 06:13:05.407,1.61365,1.61439,2.40,1.70
2010.11.11 06:13:06.185,1.61359,1.61435,2.00,4.30
2010.11.11 06:13:08.769,1.61353,1.61424,1.10,1.50
2010.11.11 06:13:12.251,1.61352,1.61424,1.10,1.70
2010.11.11 06:13:14.159,1.61378,1.61462,1.50,1.50
2010.11.11 06:13:16.775,1.61379,1.61462,1.50,1.80
2010.11.11 06:13:18.366,1.61378,1.61465,2.70,4.20
2010.11.11 06:13:20.186,1.61391,1.61471,2.00,1.80
2010.11.11 06:13:20.403,1.61385,1.61459,1.50,2.00
2010.11.11 06:13:20.514,1.61386,1.61459,4.60,1.60
2010.11.11 06:13:22.591,1.61391,1.61467,2.10,1.10
2010.11.11 06:13:24.635,1.61391,1.61464,2.40,1.20
2010.11.11 06:13:27.457,1.61391,1.61471,1.90,1.20
2010.11.11 06:13:27.564,1.61391,1.61469,1.90,1.80
2010.11.11 06:13:27.684,1.61384,1.61458,1.70,1.90
2010.11.11 06:13:29.816,1.61384,1.61458,1.60,2.10
2010.11.11 06:13:31.863,1.61384,1.61458,1.90,1.80
2010.11.11 06:13:33.904,1.61384,1.61458,1.90,4.20
2010.11.11 06:13:35.106,1.61369,1.61451,2.60,2.30
2010.11.11 06:13:37.867,1.6137,1.61452,1.40,3.00
2010.11.11 06:13:40.243,1.61369,1.61457,4.40,1.20
2010.11.11 06:13:40.529,1.61369,1.61453,4.50,1.10
2010.11.11 06:13:42.756,1.61369,1.61457,4.30,2.20
2010.11.11 06:13:44.765,1.61369,1.61451,2.20,4.20
2010.11.11 06:13:47.125,1.61369,1.61451,2.20,4.20
2010.11.11 06:13:50.026,1.61369,1.61451,5.40,4.20
2010.11.11 06:13:52.094,1.61369,1.61451,5.40,4.20
2010.11.11 06:13:54.510,1.61369,1.61451,5.40,4.20
2010.11.11 06:13:57.116,1.61369,1.61451,5.40,4.20
2010.11.11 06:14:01.395,1.61369,1.61451,5.40,4.20
2010.11.11 06:14:02.753,1.61369,1.61451,5.40,1.70
2010.11.11 06:14:05.585,1.61374,1.61458,1.50,1.80
2010.11.11 06:14:09.473,1.61374,1.61458,1.50,1.80
2010.11.11 06:14:12.134,1.61374,1.61458,1.50,1.80
2010.11.11 06:14:15.289,1.61374,1.61458,1.50,1.80
2010.11.11 06:14:19.265,1.61374,1.61458,1.50,1.80
2010.11.11 06:14:22.187,1.61378,1.61457,1.10,1.10
2010.11.11 06:14:24.018,1.61385,1.61468,1.50,4.80
2010.11.11 06:14:24.125,1.61385,1.61468,2.30,4.20
2010.11.11 06:14:24.454,1.61383,1.61468,1.50,2.40
2010.11.11 06:14:26.284,1.61387,1.61468,1.20,1.70
2010.11.11 06:14:27.175,1.61394,1.61478,1.60,2.20
2010.11.11 06:14:27.283,1.61393,1.61473,1.50,1.60
2010.11.11 06:14:29.754,1.61394,1.61473,1.50,2.00
2010.11.11 06:14:32.146,1.61394,1.61478,1.60,4.70
2010.11.11 06:14:36.399,1.61394,1.61478,1.60,4.70
2010.11.11 06:14:38.152,1.61387,1.61468,1.10,1.70
2010.11.11 06:14:39.066,1.61388,1.61468,1.30,4.20
2010.11.11 06:14:39.633,1.61385,1.61468,4.60,1.70
2010.11.11 06:14:42.634,1.61391,1.61477,2.60,1.70
2010.11.11 06:14:44.633,1.61391,1.61477,5.90,1.20
2010.11.11 06:14:45.944,1.61391,1.61473,5.20,1.10
2010.11.11 06:14:48.955,1.61392,1.61473,1.40,1.50
2010.11.11 06:14:51.001,1.61393,1.61483,3.60,1.40
2010.11.11 06:14:57.055,1.61392,1.61479,1.60,1.50
2010.11.11 06:14:59.816,1.61408,1.61492,1.20,3.20
2010.11.11 06:15:00.395,1.61424,1.61492,1.50,1.20
2010.11.11 06:15:00.505,1.61415,1.61489,1.90,1.70
2010.11.11 06:15:00.614,1.61415,1.61489,1.50,2.10
2010.11.11 06:15:01.914,1.6141,1.61484,2.00,4.10
2010.11.11 06:15:02.455,1.61405,1.61479,1.90,4.50
2010.11.11 06:15:03.204,1.61395,1.61468,2.00,1.10
2010.11.11 06:15:03.868,1.6139,1.61464,1.90,6.30
2010.11.11 06:15:07.011,1.6139,1.61459,1.60,1.40
2010.11.11 06:15:10.208,1.6139,1.61459,1.60,1.40
2010.11.11 06:15:11.145,1.61395,1.61469,1.90,4.50
2010.11.11 06:15:13.223,1.6139,1.61461,4.30,1.10
2010.11.11 06:15:13.614,1.61381,1.61431,1.50,1.70
2010.11.11 06:15:13.834,1.61365,1.61439,5.30,2.50
2010.11.11 06:15:15.897,1.61365,1.61431,1.50,1.70
2010.11.11 06:15:17.964,1.61365,1.61431,1.50,1.70
2010.11.11 06:15:18.295,1.61367,1.61438,1.30,1.70
2010.11.11 06:15:20.813,1.61368,1.61448,1.80,1.10
2010.11.11 06:15:21.275,1.61373,1.61454,1.10,7.70
2010.11.11 06:15:21.824,1.61377,1.61461,2.30,2.40
2010.11.11 06:15:22.454,1.61371,1.61454,1.70,1.90
2010.11.11 06:15:24.544,1.61373,1.61454,1.10,4.60
2010.11.11 06:15:26.194,1.61373,1.61451,1.10,1.40
2010.11.11 06:15:26.926,1.61361,1.61438,4.00,2.20
2010.11.11 06:15:29.115,1.61358,1.61438,1.10,3.80
2010.11.11 06:15:30.166,1.61359,1.61438,1.50,3.60
2010.11.11 06:15:30.804,1.61361,1.61438,1.70,1.80
2010.11.11 06:15:31.134,1.61361,1.61438,4.00,1.80
2010.11.11 06:15:33.718,1.61361,1.61438,4.20,1.90
2010.11.11 06:15:36.679,1.61361,1.61438,4.00,4.10
2010.11.11 06:15:38.850,1.61359,1.61445,3.60,1.60
2010.11.11 06:15:40.174,1.61364,1.61445,1.80,1.60
2010.11.11 06:15:40.613,1.61364,1.61447,1.80,1.20
2010.11.11 06:15:43.154,1.61357,1.61443,1.80,2.80
2010.11.11 06:15:45.703,1.61354,1.61443,3.30,2.80
2010.11.11 06:15:46.787,1.61354,1.61428,1.80,1.50
2010.11.11 06:15:47.383,1.61357,1.61431,2.10,1.90
2010.11.11 06:15:51.834,1.61377,1.61447,1.80,1.90
2010.11.11 06:15:55.283,1.61377,1.6145,4.00,1.70
2010.11.11 06:15:57.355,1.61377,1.61451,4.40,2.20
2010.11.11 06:15:59.364,1.61387,1.61456,1.80,1.40
2010.11.11 06:16:00.395,1.61387,1.61461,4.50,1.70
2010.11.11 06:16:00.771,1.61389,1.61461,1.50,1.70
2010.11.11 06:16:02.454,1.61387,1.61461,4.50,2.50
2010.11.11 06:16:02.567,1.61387,1.61461,4.50,1.70
2010.11.11 06:16:05.547,1.61389,1.61461,1.20,1.70
2010.11.11 06:16:06.570,1.61407,1.61478,1.50,2.70
2010.11.11 06:16:06.686,1.61407,1.61474,1.50,1.50
2010.11.11 06:16:07.334,1.614,1.61474,1.50,6.60
2010.11.11 06:16:07.554,1.61393,1.6147,1.90,4.70
2010.11.11 06:16:08.654,1.61405,1.61479,1.50,4.70
2010.11.11 06:16:09.390,1.61396,1.6147,2.20,1.50
2010.11.11 06:16:09.714,1.61389,1.6147,1.20,1.70
2010.11.11 06:16:10.044,1.61384,1.61475,1.60,2.80
2010.11.11 06:16:12.353,1.61384,1.61473,1.50,1.10
2010.11.11 06:16:13.984,1.61384,1.61477,1.70,2.00
2010.11.11 06:16:14.095,1.6139,1.61475,4.50,1.70
2010.11.11 06:16:15.085,1.61403,1.61483,1.90,1.20
2010.11.11 06:16:15.194,1.61403,1.61479,1.90,1.50
2010.11.11 06:16:16.283,1.61403,1.61483,2.30,1.20
2010.11.11 06:16:16.494,1.61423,1.61488,1.50,1.20
2010.11.11 06:16:18.573,1.61424,1.61507,2.10,2.80
2010.11.11 06:16:18.685,1.61424,1.61507,1.90,3.10
2010.11.11 06:16:20.722,1.61424,1.61507,2.00,2.70
2010.11.11 06:16:23.226,1.61424,1.61502,2.10,1.30
2010.11.11 06:16:25.357,1.61424,1.61498,1.90,1.10
2010.11.11 06:16:26.794,1.61423,1.6149,1.50,3.30
2010.11.11 06:16:29.269,1.61423,1.6149,1.80,2.60
2010.11.11 06:16:32.422,1.61423,1.6149,1.80,2.60
2010.11.11 06:16:35.052,1.61423,1.6149,1.80,2.60
2010.11.11 06:16:37.053,1.61423,1.6149,2.10,1.10
2010.11.11 06:16:37.765,1.61423,1.61497,2.10,1.90
2010.11.11 06:16:38.327,1.61424,1.61506,4.70,6.50
2010.11.11 06:16:41.125,1.61427,1.61506,1.10,6.20
2010.11.11 06:16:42.084,1.61423,1.61494,1.30,1.60
2010.11.11 06:16:44.040,1.61434,1.6151,2.30,4.50
2010.11.11 06:16:45.304,1.61434,1.61509,1.90,1.60
2010.11.11 06:16:45.413,1.61434,1.61509,1.90,1.60
2010.11.11 06:16:46.075,1.6142,1.61505,1.50,5.10
2010.11.11 06:16:46.624,1.61427,1.6151,1.70,4.70
2010.11.11 06:16:47.294,1.6142,1.61494,2.00,1.70
2010.11.11 06:16:47.734,1.6142,1.61494,1.50,4.70
2010.11.11 06:16:49.904,1.6142,1.61493,1.60,1.10
2010.11.11 06:16:50.569,1.6142,1.61488,1.50,1.90
2010.11.11 06:16:50.683,1.61396,1.61468,1.60,1.40
2010.11.11 06:16:52.205,1.61396,1.6147,1.60,2.10
2010.11.11 06:16:54.542,1.61404,1.61476,1.90,3.20
2010.11.11 06:16:57.350,1.61404,1.61476,1.90,3.50
2010.11.11 06:17:01.492,1.61404,1.61476,2.10,3.40
2010.11.11 06:17:02.111,1.61404,1.61476,1.90,3.80
2010.11.11 06:17:06.925,1.61404,1.61474,1.50,1.90
2010.11.11 06:17:09.432,1.61404,1.61474,1.50,1.90
2010.11.11 06:17:09.942,1.61404,1.61478,4.70,4.70
2010.11.11 06:17:12.151,1.61406,1.61478,1.50,4.40
2010.11.11 06:17:14.196,1.614,1.61473,1.50,1.80
2010.11.11 06:17:16.753,1.61397,1.61468,1.30,2.00
2010.11.11 06:17:17.444,1.61394,1.61468,6.60,4.70
2010.11.11 06:17:20.591,1.61398,1.61468,1.30,4.30
2010.11.11 06:17:22.857,1.6141,1.61476,1.50,1.70
2010.11.11 06:17:23.454,1.6141,1.6148,1.50,1.50
2010.11.11 06:17:24.167,1.61386,1.6146,5.50,1.70
2010.11.11 06:17:26.637,1.61386,1.6146,1.80,2.10
2010.11.11 06:17:27.727,1.61386,1.6146,4.20,2.10
2010.11.11 06:17:28.935,1.61391,1.61465,1.70,4.80
2010.11.11 06:17:29.044,1.61391,1.61465,4.20,2.10
2010.11.11 06:17:29.941,1.6139,1.61455,1.50,1.50
2010.11.11 06:17:32.532,1.61391,1.61465,4.20,2.30
2010.11.11 06:17:33.792,1.61391,1.61462,4.20,1.50
2010.11.11 06:17:34.587,1.61386,1.6146,4.50,2.60
2010.11.11 06:17:37.798,1.61383,1.61455,1.10,1.90
2010.11.11 06:17:42.572,1.61383,1.61455,1.10,1.90
2010.11.11 06:17:44.572,1.61381,1.6145,1.50,1.70
2010.11.11 06:17:48.045,1.61378,1.6145,1.10,1.90
2010.11.11 06:17:49.991,1.61378,1.6145,1.10,1.90
2010.11.11 06:17:51.666,1.61378,1.6145,1.10,1.90
2010.11.11 06:17:53.845,1.61381,1.61453,2.10,1.10
2010.11.11 06:17:53.955,1.61381,1.61455,2.40,1.80
2010.11.11 06:17:56.925,1.61383,1.61455,1.10,1.90
2010.11.11 06:17:59.259,1.61387,1.61455,1.20,1.70
2010.11.11 06:18:01.417,1.61385,1.61463,4.30,1.10
2010.11.11 06:18:05.149,1.61381,1.61455,4.80,1.60
2010.11.11 06:18:07.606,1.61381,1.61455,2.00,4.00
2010.11.11 06:18:10.784,1.61381,1.61455,2.00,4.00
2010.11.11 06:18:11.172,1.61381,1.61455,4.30,1.70
2010.11.11 06:18:12.297,1.61381,1.61455,2.00,4.00
2010.11.11 06:18:15.564,1.61381,1.61455,2.10,1.70
2010.11.11 06:18:16.604,1.61381,1.61455,5.30,1.70
2010.11.11 06:18:19.360,1.61381,1.61455,5.30,1.70
2010.11.11 06:18:21.517,1.61381,1.61455,5.50,1.60
2010.11.11 06:18:21.937,1.61381,1.61455,5.30,1.70
2010.11.11 06:18:24.706,1.61381,1.61455,5.30,1.70
2010.11.11 06:18:26.765,1.61381,1.61455,5.30,1.70
2010.11.11 06:18:28.005,1.61371,1.61445,4.30,2.00
2010.11.11 06:18:30.684,1.61371,1.61445,2.10,5.30
2010.11.11 06:18:32.723,1.61375,1.61449,1.60,1.10
2010.11.11 06:18:34.605,1.61375,1.61461,4.80,2.30
2010.11.11 06:18:36.306,1.61371,1.61445,4.50,1.50
2010.11.11 06:18:37.091,1.61371,1.61445,4.50,1.70
2010.11.11 06:18:39.452,1.61371,1.61445,4.50,1.70
2010.11.11 06:18:40.004,1.61375,1.61451,2.40,1.80
2010.11.11 06:18:42.013,1.61374,1.61448,1.90,2.30
2010.11.11 06:18:44.051,1.61374,1.61448,1.90,2.20
2010.11.11 06:18:46.766,1.61379,1.61452,2.10,1.50
2010.11.11 06:18:47.254,1.61379,1.61453,2.10,2.30
2010.11.11 06:18:47.901,1.61389,1.61462,1.90,2.60
2010.11.11 06:18:48.854,1.61384,1.61458,2.30,1.90
2010.11.11 06:18:50.865,1.61384,1.61458,2.30,4.70
2010.11.11 06:18:53.559,1.61384,1.61458,2.30,4.70
2010.11.11 06:18:55.673,1.61384,1.61458,4.60,4.40
2010.11.11 06:18:57.723,1.61384,1.61458,4.70,4.70
2010.11.11 06:19:00.245,1.61384,1.61458,2.30,4.80
2010.11.11 06:19:02.353,1.61379,1.61453,2.00,1.80
2010.11.11 06:19:04.841,1.61379,1.61453,2.00,4.40
2010.11.11 06:19:07.741,1.61379,1.61453,2.00,4.60
2010.11.11 06:19:08.116,1.61379,1.61453,1.90,4.30
2010.11.11 06:19:08.654,1.61395,1.61456,1.50,3.40
2010.11.11 06:19:11.193,1.61395,1.61463,1.90,1.40
2010.11.11 06:19:14.188,1.61395,1.61468,1.90,1.20
2010.11.11 06:19:16.254,1.61395,1.61469,1.90,5.20
2010.11.11 06:19:18.284,1.61395,1.61462,1.90,1.40
2010.11.11 06:19:20.582,1.61395,1.61462,1.50,1.20
2010.11.11 06:19:20.695,1.61395,1.6146,1.50,1.20
2010.11.11 06:19:22.416,1.61397,1.61467,1.90,1.20
2010.11.11 06:19:24.434,1.61397,1.6147,1.90,1.20
2010.11.11 06:19:26.447,1.61397,1.61472,2.00,1.40
2010.11.11 06:19:28.626,1.61397,1.61472,2.00,1.40
2010.11.11 06:19:28.954,1.6139,1.61462,1.50,2.20
2010.11.11 06:19:29.175,1.61397,1.61467,1.50,1.50
2010.11.11 06:19:31.930,1.61397,1.61472,1.60,1.80
2010.11.11 06:19:33.545,1.61389,1.61468,1.50,4.50
2010.11.11 06:19:35.135,1.61387,1.61458,1.50,4.50
2010.11.11 06:19:35.905,1.61379,1.61458,1.50,4.10
2010.11.11 06:19:37.365,1.61377,1.61451,1.70,4.60
2010.11.11 06:19:37.694,1.61377,1.61451,1.70,2.30
2010.11.11 06:19:38.266,1.61385,1.61453,1.50,1.50
2010.11.11 06:19:39.825,1.61382,1.61454,1.50,1.60
2010.11.11 06:19:40.914,1.61393,1.61468,1.50,1.90
2010.11.11 06:19:43.265,1.61387,1.61468,2.00,1.90
2010.11.11 06:19:44.375,1.61387,1.61464,2.10,3.10
2010.11.11 06:19:46.700,1.61387,1.61466,4.60,1.20
2010.11.11 06:19:46.805,1.61387,1.61467,2.40,1.10
2010.11.11 06:19:46.915,1.61387,1.61466,4.70,1.50
2010.11.11 06:19:48.984,1.61382,1.61456,2.70,1.70
2010.11.11 06:19:51.009,1.61387,1.61461,5.10,1.90
2010.11.11 06:19:51.676,1.61387,1.61466,5.00,1.70
2010.11.11 06:19:52.456,1.61388,1.61467,1.30,1.40
2010.11.11 06:19:53.984,1.61384,1.61459,1.30,1.20
2010.11.11 06:19:54.205,1.61382,1.61468,1.80,4.60
2010.11.11 06:19:56.578,1.61389,1.61473,3.40,4.30
2010.11.11 06:19:57.124,1.61389,1.6147,3.40,4.80
2010.11.11 06:19:59.226,1.61389,1.6147,1.80,4.00
2010.11.11 06:20:01.293,1.61389,1.6147,1.80,4.10
2010.11.11 06:20:02.485,1.61388,1.61458,3.20,1.90
2010.11.11 06:20:04.676,1.61386,1.61458,1.50,1.80
2010.11.11 06:20:06.704,1.61386,1.61458,1.50,4.10
2010.11.11 06:20:09.680,1.61384,1.61458,4.70,4.70
2010.11.11 06:20:12.852,1.61384,1.61458,4.70,4.70
2010.11.11 06:20:15.854,1.61384,1.61458,4.70,4.70
2010.11.11 06:20:17.929,1.61384,1.61458,4.60,4.80
2010.11.11 06:20:18.035,1.61384,1.61458,4.70,2.20
2010.11.11 06:20:20.093,1.61386,1.61458,1.50,4.10
2010.11.11 06:20:20.425,1.61384,1.61457,2.00,4.40
2010.11.11 06:20:21.194,1.61377,1.61453,1.70,2.20
2010.11.11 06:20:23.046,1.61377,1.61453,1.70,1.40
2010.11.11 06:20:23.595,1.61374,1.61448,1.90,5.20
2010.11.11 06:20:25.684,1.61374,1.61443,1.60,1.10
2010.11.11 06:20:27.692,1.61374,1.61448,2.10,8.60
2010.11.11 06:20:29.796,1.61363,1.61437,2.20,1.90
2010.11.11 06:20:31.075,1.61363,1.61437,1.60,8.10
2010.11.11 06:20:33.076,1.61363,1.61437,2.70,2.00
2010.11.11 06:20:35.151,1.61368,1.61439,2.20,1.90
2010.11.11 06:20:35.614,1.61368,1.61439,2.10,1.50
2010.11.11 06:20:37.694,1.61363,1.61437,5.30,4.30
2010.11.11 06:20:37.805,1.61363,1.61434,2.10,1.10
2010.11.11 06:20:39.035,1.61362,1.61432,1.10,2.00
2010.11.11 06:20:40.130,1.61364,1.61431,2.80,1.10
2010.11.11 06:20:42.224,1.6137,1.6144,2.30,1.10
2010.11.11 06:20:44.411,1.6137,1.61442,2.30,2.50
2010.11.11 06:20:46.843,1.6137,1.6144,2.30,1.10
2010.11.11 06:20:48.049,1.6137,1.6144,2.30,1.10
2010.11.11 06:20:48.595,1.61373,1.61443,2.30,1.10
2010.11.11 06:20:50.704,1.6137,1.61441,2.30,1.20
2010.11.11 06:20:52.857,1.61373,1.61444,1.90,4.40
2010.11.11 06:20:53.497,1.61379,1.61448,1.50,1.40
2010.11.11 06:20:55.557,1.61378,1.61449,1.50,4.40
2010.11.11 06:20:56.097,1.6139,1.6146,2.30,4.50
2010.11.11 06:20:58.298,1.6139,1.61457,2.30,1.20
2010.11.11 06:20:58.553,1.6139,1.61457,1.50,1.20
2010.11.11 06:20:59.519,1.6139,1.6146,1.50,4.20
2010.11.11 06:21:00.555,1.61393,1.6146,2.30,1.10
2010.11.11 06:21:02.625,1.61393,1.61462,2.30,1.10
2010.11.11 06:21:02.954,1.61393,1.61466,2.30,3.40
2010.11.11 06:21:04.024,1.61394,1.61473,1.50,4.60
2010.11.11 06:21:04.134,1.61394,1.61473,1.50,4.00
2010.11.11 06:21:07.984,1.61406,1.61477,2.30,1.20
2010.11.11 06:21:10.320,1.614,1.61474,2.50,1.10
2010.11.11 06:21:10.431,1.614,1.61472,1.90,4.60
2010.11.11 06:21:11.394,1.61393,1.61468,1.20,4.50
2010.11.11 06:21:11.614,1.6139,1.61462,2.30,1.90
2010.11.11 06:21:13.826,1.6139,1.61462,2.30,4.60
2010.11.11 06:21:15.903,1.6139,1.61466,2.30,1.10
2010.11.11 06:21:17.923,1.6139,1.61467,2.30,4.60
2010.11.11 06:21:18.766,1.6139,1.61466,2.30,1.20
2010.11.11 06:21:19.703,1.6139,1.61471,2.40,1.80
2010.11.11 06:21:20.934,1.6139,1.61466,2.30,4.00
2010.11.11 06:21:23.033,1.6139,1.61466,2.30,4.00
2010.11.11 06:21:28.280,1.6139,1.61466,2.30,4.60
2010.11.11 06:21:28.859,1.6139,1.61462,2.30,1.20
2010.11.11 06:21:30.997,1.6139,1.61463,2.30,1.20
2010.11.11 06:21:33.029,1.6139,1.61462,2.30,1.20
2010.11.11 06:21:35.140,1.6139,1.61462,2.30,1.20
2010.11.11 06:21:37.301,1.61384,1.61455,1.50,4.80
2010.11.11 06:21:39.349,1.61384,1.61455,1.50,4.80
2010.11.11 06:21:39.675,1.6139,1.6146,2.30,1.40
2010.11.11 06:21:41.784,1.6139,1.61462,2.30,1.20
2010.11.11 06:21:44.095,1.6139,1.61458,2.30,1.20
2010.11.11 06:21:46.379,1.6139,1.61457,2.30,1.20
2010.11.11 06:21:46.814,1.61389,1.61455,1.20,4.20
2010.11.11 06:21:47.615,1.61393,1.61457,1.50,1.20
2010.11.11 06:21:49.345,1.61394,1.61466,1.20,4.50
2010.11.11 06:21:49.934,1.61386,1.6146,2.30,4.50
2010.11.11 06:21:51.814,1.61386,1.6146,2.30,4.60
2010.11.11 06:21:55.864,1.61386,1.6146,2.30,4.60
2010.11.11 06:21:58.082,1.61386,1.6146,2.30,4.60
2010.11.11 06:21:59.352,1.61386,1.6146,4.60,1.70
2010.11.11 06:21:59.468,1.61406,1.6148,2.30,4.20
2010.11.11 06:21:59.685,1.61421,1.61484,1.50,1.50
2010.11.11 06:22:01.784,1.61421,1.61493,1.90,1.40
2010.11.11 06:22:03.296,1.61421,1.61495,2.00,4.80
2010.11.11 06:22:05.860,1.61421,1.61495,2.00,4.80
2010.11.11 06:22:07.194,1.61421,1.61495,2.00,4.80
2010.11.11 06:22:08.616,1.61429,1.61498,2.30,2.80
2010.11.11 06:22:11.078,1.61429,1.61498,2.20,2.50
2010.11.11 06:22:12.781,1.61425,1.61499,2.20,2.60
2010.11.11 06:22:14.877,1.61434,1.61499,1.60,1.10
2010.11.11 06:22:15.755,1.61429,1.61499,2.30,2.40
2010.11.11 06:22:15.996,1.61429,1.61498,2.20,1.10
2010.11.11 06:22:18.403,1.61429,1.61498,2.20,1.50
2010.11.11 06:22:20.424,1.61419,1.61488,2.30,1.10
2010.11.11 06:22:22.766,1.61419,1.61488,2.40,2.80
2010.11.11 06:22:24.848,1.61419,1.61488,2.40,1.30
2010.11.11 06:22:27.380,1.61419,1.61488,2.20,2.60
2010.11.11 06:22:31.827,1.61419,1.61488,2.20,2.60
2010.11.11 06:22:33.876,1.61419,1.61488,2.20,2.60
2010.11.11 06:22:36.426,1.61419,1.61488,2.20,2.60
2010.11.11 06:22:38.170,1.61419,1.61488,2.20,2.60
2010.11.11 06:22:41.076,1.61419,1.61488,2.20,2.60
2010.11.11 06:22:43.196,1.61419,1.61488,2.20,2.60
2010.11.11 06:22:44.735,1.61421,1.61492,2.10,2.30
2010.11.11 06:22:47.088,1.61421,1.61497,2.20,2.00
2010.11.11 06:22:52.966,1.61421,1.61499,2.30,3.70
2010.11.11 06:22:58.221,1.61421,1.61499,4.50,2.70
2010.11.11 06:23:01.881,1.61422,1.61499,1.10,2.50
2010.11.11 06:23:04.345,1.61422,1.61499,1.10,2.50
2010.11.11 06:23:08.224,1.61425,1.61499,1.50,1.10
2010.11.11 06:23:11.342,1.61425,1.61499,1.50,1.10
2010.11.11 06:23:14.355,1.61425,1.61499,1.50,1.10
2010.11.11 06:23:16.433,1.61428,1.61499,1.10,1.10
2010.11.11 06:23:18.786,1.61431,1.61502,1.80,2.60
2010.11.11 06:23:21.391,1.61431,1.61499,1.70,1.10
2010.11.11 06:23:24.291,1.61431,1.61499,1.70,1.10
2010.11.11 06:23:25.560,1.61432,1.61502,1.10,2.50
2010.11.11 06:23:25.775,1.61432,1.61499,1.90,1.10
2010.11.11 06:23:28.461,1.61432,1.61502,2.40,1.40
2010.11.11 06:23:30.525,1.61432,1.61499,2.50,1.10
2010.11.11 06:23:32.962,1.61432,1.61499,2.50,1.10
2010.11.11 06:23:35.045,1.61432,1.61499,2.50,1.10
2010.11.11 06:23:37.234,1.61432,1.61499,2.40,1.10
2010.11.11 06:23:37.457,1.61432,1.61506,2.40,4.40
2010.11.11 06:23:38.116,1.61448,1.61522,2.40,4.90
2010.11.11 06:23:40.206,1.61448,1.61522,2.60,4.40
2010.11.11 06:23:41.883,1.61438,1.61518,4.60,5.10
2010.11.11 06:23:44.314,1.61438,1.61502,1.80,1.50
2010.11.11 06:23:47.225,1.61434,1.61506,1.20,2.10
2010.11.11 06:23:48.181,1.61432,1.61506,4.50,2.10
2010.11.11 06:23:48.296,1.61434,1.61506,1.20,2.10
2010.11.11 06:23:50.921,1.61434,1.61506,1.20,2.10
2010.11.11 06:23:53.332,1.61433,1.61506,1.10,4.50
2010.11.11 06:23:56.482,1.61433,1.61506,1.10,4.50
2010.11.11 06:23:59.841,1.61433,1.61506,1.10,4.50
2010.11.11 06:24:02.605,1.61432,1.61506,5.90,2.10
2010.11.11 06:24:04.367,1.61428,1.61502,1.40,1.50
2010.11.11 06:24:05.955,1.61429,1.61507,1.80,1.10
2010.11.11 06:24:06.979,1.61429,1.61503,1.70,1.10
2010.11.11 06:24:09.322,1.61432,1.61503,1.10,1.10
2010.11.11 06:24:12.195,1.61429,1.61503,1.80,1.10
2010.11.11 06:24:14.554,1.61429,1.61503,1.80,1.10
2010.11.11 06:24:15.926,1.61428,1.61506,1.80,1.40
2010.11.11 06:24:18.365,1.61427,1.61506,4.60,3.20
2010.11.11 06:24:20.912,1.61428,1.61506,1.80,1.40
2010.11.11 06:24:22.974,1.61435,1.61506,5.30,1.10
2010.11.11 06:24:25.054,1.61433,1.61501,1.10,1.70
2010.11.11 06:24:27.033,1.61433,1.61501,1.10,2.50
2010.11.11 06:24:28.688,1.61429,1.61498,1.70,1.10
2010.11.11 06:24:28.986,1.61427,1.61497,2.40,1.10
2010.11.11 06:24:30.006,1.61434,1.61503,1.50,2.80
2010.11.11 06:24:31.219,1.6144,1.61525,8.20,1.40
2010.11.11 06:24:33.415,1.61442,1.61528,1.10,2.90
2010.11.11 06:24:35.360,1.61444,1.61522,1.70,4.70
2010.11.11 06:24:37.775,1.61444,1.61522,1.70,4.70
2010.11.11 06:24:40.127,1.61444,1.61522,1.70,4.70
2010.11.11 06:24:43.361,1.61444,1.61522,1.70,4.70
2010.11.11 06:24:48.104,1.61444,1.61522,1.70,4.70
2010.11.11 06:24:51.682,1.61444,1.61522,1.70,4.70
2010.11.11 06:24:55.036,1.61444,1.61522,1.70,4.70
2010.11.11 06:24:57.296,1.61448,1.61522,1.10,2.00
2010.11.11 06:24:59.324,1.61448,1.61522,1.10,2.00
2010.11.11 06:25:01.416,1.61449,1.61522,1.20,1.80
2010.11.11 06:25:03.235,1.61444,1.61522,1.70,1.70
2010.11.11 06:25:03.346,1.6144,1.61511,5.20,1.40
2010.11.11 06:25:06.085,1.61443,1.61518,1.50,1.10
2010.11.11 06:25:08.452,1.61443,1.61518,1.80,1.10
2010.11.11 06:25:09.627,1.61441,1.61512,2.40,1.10
2010.11.11 06:25:13.123,1.61436,1.6151,4.50,2.50
2010.11.11 06:25:15.899,1.61438,1.6151,1.10,2.60
2010.11.11 06:25:16.684,1.61436,1.6151,4.50,6.20
2010.11.11 06:25:19.181,1.61436,1.6151,4.50,6.20
2010.11.11 06:25:22.419,1.61436,1.6151,2.30,6.60
2010.11.11 06:25:25.386,1.61444,1.6151,1.10,1.10
2010.11.11 06:25:28.126,1.61444,1.6151,1.20,1.10
2010.11.11 06:25:30.797,1.61437,1.6151,1.10,2.60
2010.11.11 06:25:33.859,1.61438,1.6151,1.30,2.80
2010.11.11 06:25:36.374,1.61438,1.6151,1.30,2.80
2010.11.11 06:25:38.512,1.61438,1.6151,1.30,2.80
2010.11.11 06:25:40.528,1.61438,1.6151,1.30,2.80
2010.11.11 06:25:43.270,1.61438,1.6151,1.30,2.80
2010.11.11 06:25:46.534,1.61438,1.6151,1.30,2.80
2010.11.11 06:25:53.564,1.61438,1.6151,1.30,2.80
2010.11.11 06:25:57.109,1.61438,1.6151,1.30,2.80
2010.11.11 06:26:00.170,1.61438,1.6151,1.30,2.80
2010.11.11 06:26:03.545,1.61438,1.6151,1.30,1.80
2010.11.11 06:26:05.707,1.61436,1.6151,4.60,4.00
2010.11.11 06:26:07.834,1.61438,1.6151,1.30,1.80
2010.11.11 06:26:10.985,1.61438,1.6151,1.30,1.80
2010.11.11 06:26:13.579,1.61436,1.6151,4.30,1.70
2010.11.11 06:26:15.653,1.61436,1.6151,4.30,1.70
2010.11.11 06:26:18.604,1.61436,1.6151,4.30,1.70
2010.11.11 06:26:20.867,1.61436,1.6151,4.30,1.70
2010.11.11 06:26:23.599,1.61436,1.6151,4.30,1.70
2010.11.11 06:26:25.731,1.61436,1.6151,4.30,1.70
2010.11.11 06:26:28.630,1.61436,1.6151,4.30,1.70
2010.11.11 06:26:31.365,1.61436,1.6151,4.30,1.70
2010.11.11 06:26:33.662,1.61436,1.6151,4.30,1.70
2010.11.11 06:26:36.062,1.61436,1.6151,4.30,1.70
2010.11.11 06:26:38.431,1.61436,1.6151,4.30,1.70
2010.11.11 06:26:41.704,1.61436,1.6151,4.30,1.70
2010.11.11 06:26:45.178,1.61436,1.61509,2.70,1.50
2010.11.11 06:26:48.670,1.61436,1.61509,2.70,1.50
2010.11.11 06:26:49.988,1.6144,1.61509,2.20,1.50
2010.11.11 06:26:53.391,1.61436,1.615,2.10,1.60
2010.11.11 06:26:53.716,1.61418,1.6149,2.20,2.00
2010.11.11 06:26:53.825,1.61421,1.61488,2.20,1.40
2010.11.11 06:26:54.996,1.61416,1.61481,1.50,1.40
2010.11.11 06:26:56.998,1.61416,1.61485,2.30,1.70
2010.11.11 06:26:59.651,1.61416,1.61485,2.40,1.10
2010.11.11 06:27:02.689,1.61416,1.61485,2.30,1.40
2010.11.11 06:27:04.732,1.61416,1.61485,2.20,1.60
2010.11.11 06:27:06.842,1.61416,1.61485,2.20,1.60
2010.11.11 06:27:08.876,1.61408,1.61482,2.30,4.30
2010.11.11 06:27:11.537,1.61408,1.61482,1.50,4.70
2010.11.11 06:27:13.643,1.61408,1.6148,1.50,1.70
2010.11.11 06:27:17.161,1.61408,1.6148,1.50,1.70
2010.11.11 06:27:18.898,1.61408,1.61482,1.50,4.50
2010.11.11 06:27:19.225,1.61416,1.61485,1.50,2.00
2010.11.11 06:27:19.444,1.61408,1.61482,1.50,4.50
2010.11.11 06:27:22.761,1.61408,1.6148,1.70,1.10
2010.11.11 06:27:24.807,1.61408,1.61478,1.60,1.80
2010.11.11 06:27:26.834,1.61408,1.6148,1.60,1.10
2010.11.11 06:27:29.210,1.61408,1.61478,1.80,1.70
2010.11.11 06:27:31.322,1.61408,1.61478,1.60,1.50
2010.11.11 06:27:32.865,1.61408,1.6148,1.50,1.10
2010.11.11 06:27:34.744,1.61408,1.61477,1.70,1.10
2010.11.11 06:27:37.189,1.61408,1.61466,1.50,1.50
2010.11.11 06:27:39.978,1.61408,1.61466,1.60,1.50
2010.11.11 06:27:42.336,1.61408,1.61466,1.60,1.50
2010.11.11 06:27:46.031,1.61408,1.61462,1.60,1.50
2010.11.11 06:27:48.066,1.61408,1.61462,1.60,1.50
2010.11.11 06:27:50.918,1.61408,1.61462,1.50,1.50
2010.11.11 06:27:52.983,1.61408,1.61462,1.50,1.50
2010.11.11 06:27:56.985,1.61408,1.61462,1.50,1.50
2010.11.11 06:27:57.848,1.614,1.61461,1.50,1.50
2010.11.11 06:27:59.973,1.61392,1.61452,1.70,1.50
2010.11.11 06:28:00.305,1.614,1.61452,1.50,1.50
2010.11.11 06:28:01.774,1.61405,1.61456,1.50,1.50
2010.11.11 06:28:03.802,1.61405,1.61457,1.50,1.50
2010.11.11 06:28:05.826,1.61405,1.61457,1.70,1.50
2010.11.11 06:28:07.846,1.61405,1.61457,1.50,1.50
2010.11.11 06:28:12.651,1.61397,1.61457,2.10,1.50
2010.11.11 06:28:17.875,1.61397,1.61457,2.10,1.50
2010.11.11 06:28:19.877,1.61397,1.61456,2.10,1.50
2010.11.11 06:28:23.336,1.61397,1.61456,2.10,1.20
2010.11.11 06:28:25.844,1.61397,1.61456,2.10,1.20
2010.11.11 06:28:28.295,1.61389,1.61457,5.00,1.50
2010.11.11 06:28:31.089,1.61392,1.61457,1.40,1.60
2010.11.11 06:28:33.881,1.61392,1.61456,1.40,1.20
2010.11.11 06:28:36.220,1.61392,1.61456,1.40,1.20
2010.11.11 06:28:37.696,1.61389,1.61456,2.30,1.30
2010.11.11 06:28:41.155,1.61389,1.61451,2.30,1.20
2010.11.11 06:28:43.619,1.61389,1.61451,2.30,1.20
2010.11.11 06:28:47.147,1.61389,1.61451,2.30,1.20
2010.11.11 06:28:47.856,1.61405,1.61452,1.50,1.20
2010.11.11 06:28:49.872,1.61405,1.61457,1.50,1.50
2010.11.11 06:28:52.324,1.61405,1.61457,1.60,1.50
2010.11.11 06:28:55.595,1.61405,1.61457,1.70,1.50
2010.11.11 06:28:58.220,1.61405,1.61456,1.70,1.20
2010.11.11 06:29:00.324,1.61405,1.61457,1.60,1.20
2010.11.11 06:29:02.605,1.61405,1.61456,1.70,1.20
2010.11.11 06:29:03.846,1.61405,1.61456,1.70,1.20
2010.11.11 06:29:08.104,1.61405,1.61456,1.70,1.20
2010.11.11 06:29:10.114,1.61397,1.61456,4.00,1.20
2010.11.11 06:29:11.156,1.61397,1.61457,1.80,1.20
2010.11.11 06:29:14.159,1.61397,1.61457,1.80,1.20
2010.11.11 06:29:17.518,1.61397,1.61457,4.00,1.20
2010.11.11 06:29:20.566,1.61397,1.61456,4.00,1.20
2010.11.11 06:29:22.594,1.61397,1.61457,1.80,1.50
2010.11.11 06:29:24.766,1.61397,1.61456,2.00,1.20
2010.11.11 06:29:28.849,1.61397,1.61456,2.30,1.20
2010.11.11 06:29:31.821,1.61405,1.61457,1.50,1.50
2010.11.11 06:29:33.996,1.61405,1.61457,1.70,1.50
2010.11.11 06:29:38.307,1.61405,1.61457,1.70,1.50
2010.11.11 06:29:44.027,1.61405,1.61457,1.70,1.50
2010.11.11 06:29:46.828,1.61405,1.61457,1.70,1.50
2010.11.11 06:29:49.036,1.61405,1.61457,1.70,1.50
2010.11.11 06:29:51.551,1.61397,1.61456,1.80,1.20
2010.11.11 06:29:53.970,1.61405,1.61457,1.60,1.20
2010.11.11 06:29:55.746,1.61405,1.61456,1.80,1.20
2010.11.11 06:29:58.556,1.61405,1.61456,1.70,1.20
2010.11.11 06:29:58.670,1.61402,1.61458,1.50,1.20
2010.11.11 06:30:00.786,1.61402,1.61462,2.00,1.20
2010.11.11 06:30:02.175,1.61402,1.61472,4.50,1.80
2010.11.11 06:30:02.395,1.61402,1.61472,4.60,1.60
2010.11.11 06:30:03.073,1.61402,1.61461,1.80,1.20
2010.11.11 06:30:04.526,1.61397,1.61462,1.60,1.20
2010.11.11 06:30:04.636,1.61397,1.61462,1.70,1.20
2010.11.11 06:30:04.747,1.61397,1.61462,1.50,1.20
2010.11.11 06:30:04.857,1.61394,1.61461,1.50,1.50
2010.11.11 06:30:05.518,1.61414,1.61471,1.50,1.20
2010.11.11 06:30:08.014,1.61414,1.61482,1.70,1.70
2010.11.11 06:30:10.094,1.61414,1.61482,1.60,1.70
2010.11.11 06:30:12.514,1.61419,1.61481,1.60,1.50
2010.11.11 06:30:13.016,1.61419,1.61481,1.70,1.50
2010.11.11 06:30:14.244,1.61427,1.61492,1.50,2.00
2010.11.11 06:30:16.427,1.61427,1.61495,1.60,1.90
2010.11.11 06:30:16.535,1.61427,1.61489,1.60,1.10
2010.11.11 06:30:18.994,1.61419,1.61481,4.00,1.70
2010.11.11 06:30:19.975,1.61434,1.61492,1.70,1.50
2010.11.11 06:30:21.931,1.61439,1.61496,4.20,1.20
2010.11.11 06:30:23.966,1.61429,1.61492,1.50,1.70
2010.11.11 06:30:24.186,1.61424,1.61492,1.70,2.90
2010.11.11 06:30:26.429,1.61424,1.61487,1.80,1.50
2010.11.11 06:30:27.095,1.61424,1.61487,1.70,2.90
2010.11.11 06:30:30.469,1.61419,1.61482,1.80,2.90
2010.11.11 06:30:31.015,1.61419,1.61482,1.70,2.90
2010.11.11 06:30:31.125,1.61419,1.61482,4.00,2.90
2010.11.11 06:30:31.237,1.61424,1.61489,2.00,1.40
2010.11.11 06:30:31.979,1.61427,1.61497,2.10,2.90
2010.11.11 06:30:33.656,1.61427,1.61497,5.40,2.90
2010.11.11 06:30:34.975,1.6144,1.61497,1.70,1.20
2010.11.11 06:30:37.052,1.61444,1.61501,1.60,1.50
2010.11.11 06:30:39.860,1.61444,1.61502,1.60,1.50
2010.11.11 06:30:42.423,1.61453,1.61506,1.70,1.20
2010.11.11 06:30:44.129,1.61453,1.61506,1.80,1.20
2010.11.11 06:30:45.957,1.61453,1.61506,1.60,1.20
2010.11.11 06:30:46.331,1.61453,1.61506,2.00,1.20
2010.11.11 06:30:48.637,1.61453,1.61506,2.00,1.20
2010.11.11 06:30:48.744,1.61453,1.61522,2.00,1.70
2010.11.11 06:30:51.076,1.61453,1.61522,1.80,3.20
2010.11.11 06:30:53.210,1.61453,1.61518,1.80,3.60
2010.11.11 06:30:55.262,1.61453,1.61518,1.80,3.20
2010.11.11 06:30:58.142,1.61453,1.61518,1.70,3.20
2010.11.11 06:31:00.979,1.61453,1.61518,1.80,2.90
2010.11.11 06:31:02.408,1.61443,1.61517,5.10,2.50
2010.11.11 06:31:02.517,1.61443,1.61517,4.60,4.70
2010.11.11 06:31:03.527,1.61435,1.61507,4.60,2.90
2010.11.11 06:31:04.294,1.61443,1.61513,1.70,1.70
2010.11.11 06:31:06.578,1.61443,1.61513,1.80,1.90
2010.11.11 06:31:09.175,1.61443,1.61513,2.00,1.70
2010.11.11 06:31:10.036,1.61434,1.61512,4.00,1.20
2010.11.11 06:31:10.255,1.61434,1.61504,4.00,1.40
2010.11.11 06:31:11.275,1.61419,1.61503,5.00,1.10
2010.11.11 06:31:11.495,1.61415,1.61496,1.70,4.70
2010.11.11 06:31:13.544,1.61415,1.61495,1.70,1.40
2010.11.11 06:31:13.765,1.61421,1.61496,1.50,2.10
2010.11.11 06:31:14.401,1.61449,1.61502,1.50,2.20
2010.11.11 06:31:14.513,1.61436,1.61507,1.50,4.70
2010.11.11 06:31:16.558,1.61429,1.61507,4.10,2.90
2010.11.11 06:31:19.479,1.61429,1.61507,4.10,1.50
2010.11.11 06:31:20.327,1.61431,1.61507,1.50,1.20
2010.11.11 06:31:20.938,1.61424,1.61513,4.70,1.30
2010.11.11 06:31:22.125,1.61417,1.61506,1.30,4.70
2010.11.11 06:31:22.345,1.61416,1.615,1.80,2.20
2010.11.11 06:31:24.436,1.61416,1.61496,1.80,4.70
2010.11.11 06:31:27.524,1.61417,1.61496,1.20,2.30
2010.11.11 06:31:29.395,1.61416,1.61502,1.80,1.90
2010.11.11 06:31:31.356,1.61424,1.61506,1.80,2.40
2010.11.11 06:31:33.692,1.61424,1.61503,4.70,1.40
2010.11.11 06:31:35.786,1.61437,1.61518,1.20,1.90
2010.11.11 06:31:36.787,1.61434,1.61514,4.00,1.40
2010.11.11 06:31:38.896,1.61428,1.61511,1.80,1.70
2010.11.11 06:31:41.368,1.61428,1.61511,1.80,1.70
2010.11.11 06:31:42.435,1.61427,1.615,1.10,1.50
2010.11.11 06:31:44.548,1.61424,1.61507,4.40,1.10
2010.11.11 06:31:45.862,1.61428,1.61507,1.40,1.10
2010.11.11 06:31:46.185,1.61424,1.615,2.20,1.70
2010.11.11 06:31:48.194,1.61424,1.615,2.10,2.20
2010.11.11 06:31:50.465,1.6143,1.61503,1.70,1.90
2010.11.11 06:31:50.835,1.61433,1.61512,1.20,2.00
2010.11.11 06:31:52.947,1.6144,1.61514,2.10,2.40
2010.11.11 06:31:53.769,1.6144,1.61513,2.20,1.50
2010.11.11 06:31:56.002,1.6144,1.61513,2.20,1.50
2010.11.11 06:31:58.527,1.6144,1.61513,2.00,1.60
2010.11.11 06:32:01.626,1.6144,1.61513,2.10,1.40
2010.11.11 06:32:01.736,1.6144,1.61514,2.00,4.60
2010.11.11 06:32:04.298,1.6144,1.61514,2.00,4.40
2010.11.11 06:32:07.954,1.6144,1.61514,2.10,4.30
2010.11.11 06:32:08.090,1.6144,1.61514,2.10,4.60
2010.11.11 06:32:10.157,1.6144,1.61514,2.20,1.70
2010.11.11 06:32:12.287,1.6144,1.61514,2.30,1.80
2010.11.11 06:32:14.310,1.6144,1.61514,2.20,4.00
2010.11.11 06:32:17.324,1.6144,1.61514,2.20,4.00
2010.11.11 06:32:19.436,1.61445,1.61519,1.60,4.50
2010.11.11 06:32:19.778,1.61445,1.61519,1.70,4.50
2010.11.11 06:32:22.419,1.61445,1.61519,1.70,6.60
2010.11.11 06:32:24.692,1.61445,1.61515,1.60,1.40
2010.11.11 06:32:27.128,1.61445,1.61515,1.50,1.40
2010.11.11 06:32:29.334,1.61447,1.61521,2.10,4.30
2010.11.11 06:32:30.692,1.61447,1.61521,2.00,4.80
2010.11.11 06:32:31.868,1.61452,1.61523,2.00,2.50
2010.11.11 06:32:34.369,1.61455,1.61526,1.50,1.50
2010.11.11 06:32:36.650,1.61447,1.61521,2.00,2.30
2010.11.11 06:32:36.759,1.61444,1.61518,2.30,1.70
2010.11.11 06:32:36.976,1.61444,1.61518,1.90,1.70
2010.11.11 06:32:37.620,1.61457,1.61531,2.10,1.50
2010.11.11 06:32:37.947,1.61457,1.61536,4.70,1.90
2010.11.11 06:32:39.284,1.61465,1.61539,1.90,4.70
2010.11.11 06:32:40.482,1.61465,1.61539,2.10,2.00
2010.11.11 06:32:42.627,1.6147,1.61544,1.60,4.60
2010.11.11 06:32:45.055,1.61463,1.6154,1.10,1.70
2010.11.11 06:32:46.760,1.61467,1.61541,2.20,1.90
2010.11.11 06:32:49.381,1.61468,1.61541,1.10,1.90
2010.11.11 06:32:50.518,1.61467,1.61534,1.60,1.10
2010.11.11 06:32:52.660,1.61457,1.61538,1.30,1.30
2010.11.11 06:32:54.446,1.61468,1.6154,1.10,1.80
2010.11.11 06:32:55.790,1.61468,1.61541,1.10,1.70
2010.11.11 06:32:57.807,1.61467,1.61541,5.50,1.70
2010.11.11 06:33:00.712,1.61467,1.61541,5.50,1.70
2010.11.11 06:33:02.495,1.61467,1.61541,2.50,1.50
2010.11.11 06:33:04.720,1.61477,1.6155,1.60,1.50
2010.11.11 06:33:04.827,1.61477,1.61551,2.40,1.50
2010.11.11 06:33:05.459,1.61478,1.61551,1.10,1.70
2010.11.11 06:33:07.581,1.61478,1.61551,1.10,1.70
2010.11.11 06:33:08.177,1.61472,1.61557,1.50,2.00
2010.11.11 06:33:10.316,1.61467,1.61553,6.00,1.30
2010.11.11 06:33:12.740,1.61475,1.61549,1.50,2.30
2010.11.11 06:33:14.605,1.61477,1.61551,1.70,3.00
2010.11.11 06:33:17.014,1.61477,1.61551,1.80,2.10
2010.11.11 06:33:17.675,1.61478,1.61551,1.20,1.90
2010.11.11 06:33:19.141,1.61478,1.61551,1.70,1.50
2010.11.11 06:33:20.679,1.61483,1.6156,1.40,4.60
2010.11.11 06:33:22.725,1.61478,1.61551,2.20,1.50
2010.11.11 06:33:25.180,1.61487,1.61557,1.50,1.50
2010.11.11 06:33:25.290,1.6147,1.61549,1.50,1.10
2010.11.11 06:33:27.586,1.61472,1.6155,1.10,2.30
2010.11.11 06:33:29.476,1.61477,1.61551,4.50,1.70
2010.11.11 06:33:29.696,1.61482,1.61554,1.70,2.60
2010.11.11 06:33:31.799,1.61482,1.61556,4.80,1.70
2010.11.11 06:33:31.906,1.61483,1.61556,1.50,1.60
2010.11.11 06:33:32.426,1.61487,1.61559,2.00,1.70
2010.11.11 06:33:34.776,1.61487,1.61559,2.10,1.90
2010.11.11 06:33:37.400,1.61479,1.61559,1.50,1.70
2010.11.11 06:33:37.507,1.61478,1.61559,2.90,1.30
2010.11.11 06:33:39.197,1.61468,1.61549,1.30,1.50
2010.11.11 06:33:39.819,1.61471,1.61554,1.50,1.80
2010.11.11 06:33:40.868,1.61473,1.61554,1.10,1.70
2010.11.11 06:33:43.217,1.61477,1.61555,5.30,1.20
2010.11.11 06:33:45.443,1.61477,1.6156,5.50,5.50
2010.11.11 06:33:45.699,1.61477,1.61555,5.30,1.20
2010.11.11 06:33:46.736,1.61477,1.6156,2.80,5.40
2010.11.11 06:33:46.846,1.61482,1.6156,1.40,1.80
2010.11.11 06:33:49.236,1.61478,1.61559,1.50,1.50
2010.11.11 06:33:49.675,1.61487,1.61561,2.10,5.20
2010.11.11 06:33:51.970,1.61487,1.61561,1.90,5.60
2010.11.11 06:33:52.186,1.61483,1.6156,1.70,1.80
2010.11.11 06:33:54.207,1.61488,1.61561,1.20,2.00
2010.11.11 06:33:55.867,1.61487,1.61561,2.20,2.20
2010.11.11 06:33:58.838,1.61488,1.61561,1.20,2.00
2010.11.11 06:34:01.156,1.61488,1.61561,1.20,2.00
2010.11.11 06:34:01.267,1.61491,1.61558,1.20,1.10
2010.11.11 06:34:01.375,1.61487,1.61557,4.30,1.10
2010.11.11 06:34:03.698,1.61484,1.61557,1.50,1.40
2010.11.11 06:34:05.156,1.61478,1.61556,1.10,1.10
2010.11.11 06:34:07.069,1.61477,1.61556,5.40,2.60
2010.11.11 06:34:09.114,1.61477,1.6156,8.20,2.40
2010.11.11 06:34:11.226,1.61477,1.61558,4.80,1.10
2010.11.11 06:34:12.674,1.61481,1.61557,1.80,1.10
2010.11.11 06:34:13.653,1.61491,1.61561,1.20,1.50
2010.11.11 06:34:15.736,1.61491,1.61561,1.50,1.50
2010.11.11 06:34:16.837,1.61491,1.61561,1.20,1.60
2010.11.11 06:34:18.903,1.61491,1.61561,1.20,1.60
2010.11.11 06:34:20.981,1.61491,1.61561,1.20,1.60
2010.11.11 06:34:23.316,1.61491,1.61559,1.20,1.10
2010.11.11 06:34:24.635,1.61489,1.61561,1.80,2.10
2010.11.11 06:34:24.745,1.61489,1.61561,1.80,2.10
2010.11.11 06:34:26.797,1.61494,1.61566,1.20,4.40
2010.11.11 06:34:28.385,1.61498,1.61571,1.50,2.10
2010.11.11 06:34:29.559,1.61501,1.6158,1.50,2.10
2010.11.11 06:34:31.545,1.61507,1.61581,2.00,4.50
2010.11.11 06:34:31.659,1.61509,1.61581,1.50,2.30
2010.11.11 06:34:33.777,1.61502,1.61578,1.10,1.10
2010.11.11 06:34:35.766,1.61503,1.6158,1.80,1.50
2010.11.11 06:34:37.037,1.61505,1.61596,1.20,1.70
2010.11.11 06:34:38.339,1.61506,1.61598,1.50,1.20
2010.11.11 06:34:39.116,1.61506,1.61599,1.50,4.40
2010.11.11 06:34:40.738,1.61517,1.616,1.80,1.50
2010.11.11 06:34:42.929,1.61522,1.616,1.80,1.50
2010.11.11 06:34:44.366,1.61517,1.6159,1.80,1.50
2010.11.11 06:34:46.876,1.61518,1.6159,1.70,1.50
2010.11.11 06:34:48.888,1.61518,1.616,1.80,2.20
2010.11.11 06:34:48.997,1.61517,1.616,1.10,4.50
2010.11.11 06:34:49.955,1.61514,1.616,2.90,1.90
2010.11.11 06:34:50.527,1.61525,1.616,1.80,1.50
2010.11.11 06:34:51.256,1.61525,1.616,1.50,3.20
2010.11.11 06:34:52.538,1.61512,1.616,1.20,5.40
2010.11.11 06:34:54.357,1.61518,1.616,3.10,2.00
2010.11.11 06:34:57.424,1.61529,1.616,1.70,1.50
2010.11.11 06:34:59.217,1.61534,1.6161,1.50,2.10
2010.11.11 06:35:02.417,1.61529,1.6161,1.50,4.40
2010.11.11 06:35:04.458,1.61519,1.616,1.80,1.50
2010.11.11 06:35:06.887,1.61519,1.6161,1.80,5.40
2010.11.11 06:35:08.916,1.61519,1.616,3.60,1.50
2010.11.11 06:35:11.188,1.61524,1.6161,1.20,3.90
2010.11.11 06:35:13.819,1.61521,1.616,1.80,2.00
2010.11.11 06:35:15.916,1.61513,1.616,1.20,2.30
2010.11.11 06:35:16.246,1.61513,1.6158,1.20,1.50
2010.11.11 06:35:16.465,1.61513,1.616,1.20,8.30
2010.11.11 06:35:16.696,1.61508,1.616,2.60,8.30
2010.11.11 06:35:17.790,1.61518,1.616,1.40,2.10
2010.11.11 06:35:19.885,1.61523,1.616,1.80,2.10
2010.11.11 06:35:22.418,1.6153,1.61601,1.20,1.50
2010.11.11 06:35:23.757,1.61536,1.6161,1.50,1.80
2010.11.11 06:35:26.317,1.61536,1.6161,1.50,1.80
2010.11.11 06:35:28.797,1.61532,1.61601,1.10,1.50
2010.11.11 06:35:32.807,1.61532,1.61601,1.10,1.50
2010.11.11 06:35:35.257,1.61534,1.6161,1.20,4.40
2010.11.11 06:35:36.042,1.61534,1.6161,1.50,2.10
2010.11.11 06:35:39.133,1.61534,1.6161,1.20,4.40
2010.11.11 06:35:41.644,1.61534,1.6161,1.20,4.40
2010.11.11 06:35:44.716,1.61534,1.6161,1.20,4.40
2010.11.11 06:35:46.829,1.61536,1.6161,1.50,2.10
2010.11.11 06:35:49.755,1.61536,1.6161,1.20,4.40
2010.11.11 06:35:52.678,1.61536,1.6161,1.20,4.40
2010.11.11 06:35:54.738,1.61536,1.6161,1.20,4.40
2010.11.11 06:35:58.077,1.61536,1.6161,1.20,4.40
2010.11.11 06:36:00.115,1.61536,1.6161,1.20,4.40
2010.11.11 06:36:02.416,1.6154,1.61611,1.50,1.70
2010.11.11 06:36:03.156,1.61537,1.61611,4.50,1.80
2010.11.11 06:36:03.376,1.61537,1.61611,4.50,1.90
2010.11.11 06:36:04.178,1.61537,1.61611,4.80,2.00
2010.11.11 06:36:04.787,1.6154,1.61611,1.50,1.70
2010.11.11 06:36:06.057,1.61545,1.6162,1.80,1.80
2010.11.11 06:36:08.155,1.61544,1.6162,1.80,1.80
2010.11.11 06:36:08.926,1.61547,1.61621,2.10,1.80
2010.11.11 06:36:10.746,1.61547,1.61621,4.50,4.10
2010.11.11 06:36:12.180,1.61548,1.61621,1.10,1.70
2010.11.11 06:36:12.507,1.61562,1.61634,1.60,4.20
2010.11.11 06:36:13.760,1.61567,1.61641,4.00,4.40
2010.11.11 06:36:15.786,1.61568,1.61641,1.10,1.90
2010.11.11 06:36:16.785,1.61571,1.61641,1.50,1.50
2010.11.11 06:36:17.717,1.61571,1.6165,1.80,5.10
2010.11.11 06:36:18.027,1.61568,1.61644,1.10,1.50
2010.11.11 06:36:18.816,1.61569,1.61641,1.70,1.50
2010.11.11 06:36:21.260,1.61572,1.61648,1.10,1.10
2010.11.11 06:36:23.398,1.61572,1.61648,1.10,1.10
2010.11.11 06:36:27.966,1.61567,1.61643,2.80,1.10
2010.11.11 06:36:29.099,1.61542,1.61613,1.20,1.90
2010.11.11 06:36:29.316,1.61539,1.61613,2.20,1.90
2010.11.11 06:36:29.917,1.61539,1.61613,5.20,1.90
2010.11.11 06:36:32.020,1.61539,1.61613,2.20,1.90
2010.11.11 06:36:34.375,1.61539,1.61613,2.10,2.00
2010.11.11 06:36:34.696,1.61539,1.61613,1.90,2.20
2010.11.11 06:36:35.802,1.61531,1.61605,5.20,1.90
2010.11.11 06:36:37.919,1.61526,1.61601,1.80,1.90
2010.11.11 06:36:40.086,1.61526,1.61601,1.20,1.90
2010.11.11 06:36:42.524,1.61526,1.61601,1.50,2.10
2010.11.11 06:36:44.883,1.61526,1.61601,1.50,2.10
2010.11.11 06:36:45.226,1.61521,1.61601,1.70,2.10
2010.11.11 06:36:47.829,1.61513,1.61598,1.50,1.90
2010.11.11 06:36:48.367,1.61513,1.61598,2.20,1.10
2010.11.11 06:36:50.186,1.61528,1.61602,2.00,2.30
2010.11.11 06:36:50.518,1.61538,1.61612,1.80,2.30
2010.11.11 06:36:51.046,1.61538,1.61612,4.50,1.50
2010.11.11 06:36:53.769,1.61543,1.61612,1.50,1.50
2010.11.11 06:36:55.899,1.61537,1.61611,1.50,1.90
2010.11.11 06:36:59.117,1.61537,1.61611,1.40,1.90
2010.11.11 06:36:59.226,1.61532,1.61591,1.50,1.50
2010.11.11 06:36:59.555,1.61529,1.61601,1.70,2.60
2010.11.11 06:36:59.890,1.61532,1.61611,1.50,2.00
2010.11.11 06:37:01.905,1.61532,1.61611,1.50,2.00
2010.11.11 06:37:03.977,1.61532,1.6161,1.80,1.40
2010.11.11 06:37:06.486,1.61529,1.61597,1.50,1.50
2010.11.11 06:37:07.312,1.61523,1.61601,1.30,2.10
2010.11.11 06:37:09.700,1.61516,1.61601,1.80,2.30
2010.11.11 06:37:12.089,1.61517,1.61601,1.10,2.10
2010.11.11 06:37:13.307,1.61526,1.61601,1.50,1.50
2010.11.11 06:37:13.528,1.61557,1.61621,1.50,1.50
2010.11.11 06:37:13.642,1.6155,1.61624,2.00,2.40
2010.11.11 06:37:14.077,1.61557,1.61634,1.50,4.70
2010.11.11 06:37:14.839,1.61532,1.6162,4.50,2.30
2010.11.11 06:37:17.266,1.61525,1.61611,4.60,1.50
2010.11.11 06:37:18.817,1.61525,1.61607,4.00,1.50
2010.11.11 06:37:21.397,1.61525,1.61607,1.70,1.50
2010.11.11 06:37:21.507,1.61525,1.61607,1.50,1.50
2010.11.11 06:37:21.836,1.61515,1.61607,4.50,1.50
2010.11.11 06:37:23.845,1.61517,1.61601,1.10,1.50
2010.11.11 06:37:24.978,1.61519,1.61604,1.70,1.40
2010.11.11 06:37:25.306,1.61517,1.61612,1.10,2.80
2010.11.11 06:37:28.267,1.61513,1.61606,1.10,2.80
2010.11.11 06:37:30.366,1.61513,1.61606,1.10,2.80
2010.11.11 06:37:30.477,1.61514,1.61616,3.90,2.70
2010.11.11 06:37:33.842,1.61519,1.61616,1.20,1.50
2010.11.11 06:37:34.757,1.61514,1.61614,1.20,2.10
2010.11.11 06:37:34.976,1.61514,1.61616,2.70,1.30
2010.11.11 06:37:35.305,1.61514,1.61616,2.70,2.70
2010.11.11 06:37:37.836,1.61515,1.61616,1.50,1.50
2010.11.11 06:37:39.967,1.61515,1.61616,1.50,2.70
2010.11.11 06:37:42.492,1.61515,1.61614,1.70,1.70
2010.11.11 06:37:44.965,1.61515,1.61614,1.70,1.70
2010.11.11 06:37:49.946,1.61515,1.61614,1.70,1.70
2010.11.11 06:37:51.546,1.61508,1.6161,1.60,2.40
2010.11.11 06:37:54.146,1.61504,1.61611,1.70,1.30
2010.11.11 06:37:56.397,1.61504,1.61611,1.70,1.30
2010.11.11 06:37:58.606,1.61503,1.61611,1.70,2.00
2010.11.11 06:37:59.469,1.61507,1.6161,1.20,1.20
2010.11.11 06:38:02.627,1.61507,1.61611,1.20,3.00
2010.11.11 06:38:04.636,1.61511,1.61607,4.50,1.50
2010.11.11 06:38:08.003,1.61511,1.61607,4.50,1.50
2010.11.11 06:38:10.036,1.61508,1.61606,1.30,1.20
2010.11.11 06:38:12.947,1.61512,1.61606,1.20,1.30
2010.11.11 06:38:13.056,1.61524,1.61612,1.50,1.70
2010.11.11 06:38:15.501,1.61524,1.61612,2.70,1.50
2010.11.11 06:38:17.563,1.61521,1.61612,4.50,3.20
2010.11.11 06:38:19.817,1.61527,1.61617,1.10,1.60
2010.11.11 06:38:22.491,1.61527,1.61613,1.30,1.10
2010.11.11 06:38:24.576,1.61527,1.61613,1.30,1.10
2010.11.11 06:38:25.476,1.61533,1.61624,3.20,1.70
2010.11.11 06:38:25.697,1.61533,1.61622,1.30,1.30
2010.11.11 06:38:26.136,1.61528,1.61618,1.70,1.30
2010.11.11 06:38:26.798,1.61521,1.61612,1.50,3.00
2010.11.11 06:38:26.906,1.61527,1.61612,1.10,1.20
2010.11.11 06:38:27.346,1.61523,1.61612,1.30,4.60
2010.11.11 06:38:30.046,1.61513,1.61612,3.10,6.50
2010.11.11 06:38:33.349,1.61518,1.61608,1.50,1.10
2010.11.11 06:38:35.125,1.61518,1.61612,1.10,6.30
2010.11.11 06:38:37.145,1.61523,1.61608,1.70,2.60
2010.11.11 06:38:37.505,1.61526,1.61613,1.50,1.70
2010.11.11 06:38:38.127,1.61526,1.61612,1.80,1.20
2010.11.11 06:38:38.445,1.61526,1.61608,1.50,1.10
2010.11.11 06:38:39.871,1.61524,1.61609,1.80,4.60
2010.11.11 06:38:41.757,1.61524,1.61607,1.70,1.10
2010.11.11 06:38:42.661,1.61519,1.61608,2.80,1.30
2010.11.11 06:38:42.766,1.61519,1.61602,1.30,1.40
2010.11.11 06:38:43.106,1.61517,1.61604,1.30,1.90
2010.11.11 06:38:43.776,1.61517,1.61608,1.10,1.30
2010.11.11 06:38:45.845,1.61513,1.61606,3.20,1.70
2010.11.11 06:38:47.346,1.61517,1.61608,1.10,1.10
2010.11.11 06:38:49.700,1.61524,1.61608,1.50,1.10
2010.11.11 06:38:51.311,1.61523,1.61615,2.80,2.00
2010.11.11 06:38:53.993,1.61523,1.61615,2.80,1.90
2010.11.11 06:38:55.859,1.61523,1.61615,2.80,1.50
2010.11.11 06:38:56.317,1.61523,1.6161,1.20,4.50
2010.11.11 06:38:56.645,1.61518,1.61611,1.30,1.70
2010.11.11 06:38:58.747,1.61528,1.61617,2.80,1.70
2010.11.11 06:39:00.858,1.61537,1.61622,1.10,1.50
2010.11.11 06:39:02.967,1.61538,1.61622,1.30,1.10
2010.11.11 06:39:05.045,1.61533,1.61616,1.10,1.70
2010.11.11 06:39:07.807,1.61528,1.61611,1.30,1.40
2010.11.11 06:39:10.147,1.61523,1.61608,2.80,1.10
2010.11.11 06:39:12.166,1.61523,1.61608,2.80,1.10
2010.11.11 06:39:15.123,1.61523,1.61607,1.50,1.20
2010.11.11 06:39:16.656,1.61514,1.61603,2.80,1.10
2010.11.11 06:39:18.722,1.61513,1.616,2.70,1.20
2010.11.11 06:39:19.277,1.61513,1.61604,3.00,1.10
2010.11.11 06:39:20.409,1.61523,1.61604,1.50,1.40
2010.11.11 06:39:23.707,1.61523,1.61609,1.50,3.00
2010.11.11 06:39:26.673,1.61523,1.61612,1.70,1.20
2010.11.11 06:39:28.806,1.61523,1.61612,1.70,1.20
2010.11.11 06:39:30.888,1.61523,1.61614,2.80,2.00
2010.11.11 06:39:32.656,1.61523,1.61617,2.70,3.10
2010.11.11 06:39:35.043,1.61533,1.61617,1.50,1.40
2010.11.11 06:39:35.268,1.61524,1.61612,2.70,2.10
2010.11.11 06:39:35.485,1.61534,1.61618,1.50,2.50
2010.11.11 06:39:37.316,1.61522,1.61606,1.20,1.70
2010.11.11 06:39:39.355,1.61517,1.61607,1.50,1.10
2010.11.11 06:39:41.959,1.61513,1.61606,1.60,1.80
2010.11.11 06:39:44.658,1.61513,1.61601,1.60,1.50
2010.11.11 06:39:44.766,1.61513,1.61593,1.20,1.10
2010.11.11 06:39:47.544,1.61508,1.61597,2.70,1.80
2010.11.11 06:39:50.021,1.61508,1.6159,1.10,4.50
2010.11.11 06:39:50.835,1.61497,1.61583,1.10,1.10
2010.11.11 06:39:52.627,1.61498,1.6158,1.10,1.20
2010.11.11 06:39:55.083,1.61494,1.61585,2.80,1.80
2010.11.11 06:39:55.636,1.61489,1.61577,2.80,1.20
2010.11.11 06:39:57.828,1.61492,1.61577,1.10,1.80
2010.11.11 06:40:00.150,1.61489,1.61572,1.50,1.90
2010.11.11 06:40:00.260,1.61478,1.61569,1.60,1.80
2010.11.11 06:40:00.366,1.61478,1.61565,1.60,1.50
2010.11.11 06:40:00.806,1.61478,1.61567,1.30,1.10
2010.11.11 06:40:02.016,1.61479,1.61565,1.30,1.70
2010.11.11 06:40:04.470,1.61478,1.61572,1.10,2.70
2010.11.11 06:40:04.579,1.61474,1.61565,1.60,1.50
2010.11.11 06:40:07.786,1.61477,1.61565,1.30,1.70
2010.11.11 06:40:10.267,1.61477,1.61565,1.30,1.70
2010.11.11 06:40:13.068,1.61477,1.61565,1.30,1.70
2010.11.11 06:40:13.396,1.61478,1.61572,1.30,3.20
2010.11.11 06:40:13.616,1.61483,1.61564,1.30,2.30
2010.11.11 06:40:14.296,1.61474,1.61571,1.40,2.80
2010.11.11 06:40:14.406,1.61474,1.61571,2.80,1.80
2010.11.11 06:40:15.766,1.61484,1.61569,1.50,2.40
2010.11.11 06:40:17.778,1.61484,1.61569,1.50,1.20
2010.11.11 06:40:19.726,1.61484,1.61568,1.50,2.40
2010.11.11 06:40:22.387,1.61484,1.61568,1.50,2.40
2010.11.11 06:40:23.553,1.61484,1.61573,1.50,1.50
2010.11.11 06:40:23.926,1.61484,1.61572,1.50,1.10
2010.11.11 06:40:24.146,1.61475,1.61564,4.70,4.50
2010.11.11 06:40:25.657,1.61484,1.6157,1.50,1.50
2010.11.11 06:40:28.045,1.61484,1.6157,2.70,1.20
2010.11.11 06:40:28.159,1.61484,1.61564,1.20,4.30
2010.11.11 06:40:30.189,1.61482,1.61564,1.50,4.30
2010.11.11 06:40:32.576,1.61478,1.61562,1.30,1.10
2010.11.11 06:40:33.007,1.61478,1.61558,1.70,1.40
2010.11.11 06:40:33.797,1.61478,1.6156,2.70,1.40
2010.11.11 06:40:35.836,1.61482,1.6156,1.30,1.70
2010.11.11 06:40:37.855,1.61478,1.6156,3.00,1.80
2010.11.11 06:40:37.966,1.61477,1.61557,1.50,1.20
2010.11.11 06:40:40.066,1.61468,1.61549,1.10,1.90
2010.11.11 06:40:42.266,1.61472,1.61549,1.10,1.80
2010.11.11 06:40:45.630,1.61468,1.61549,1.30,1.70
2010.11.11 06:40:48.781,1.61468,1.61549,1.30,1.70
2010.11.11 06:40:48.918,1.61463,1.61554,2.90,8.20
2010.11.11 06:40:49.335,1.61468,1.61554,1.10,3.10
2010.11.11 06:40:50.825,1.61474,1.61562,1.30,1.20
2010.11.11 06:40:53.757,1.61467,1.61554,1.10,4.50
2010.11.11 06:40:55.027,1.61468,1.61554,1.30,1.80
2010.11.11 06:40:56.456,1.61474,1.61559,1.50,1.20
2010.11.11 06:40:56.896,1.61468,1.61554,1.10,4.20
2010.11.11 06:40:59.322,1.61464,1.61554,2.90,7.90
2010.11.11 06:40:59.877,1.61472,1.61554,1.50,8.10
2010.11.11 06:41:02.054,1.61472,1.61552,1.70,1.10
2010.11.11 06:41:04.447,1.61472,1.6155,1.70,1.50
2010.11.11 06:41:06.870,1.61463,1.61538,1.30,1.80
2010.11.11 06:41:06.977,1.61464,1.61538,1.70,1.70
2010.11.11 06:41:08.169,1.61463,1.61538,1.30,1.80
2010.11.11 06:41:11.177,1.61463,1.61538,1.10,4.00
2010.11.11 06:41:11.616,1.61455,1.61533,2.50,1.50
2010.11.11 06:41:12.560,1.61451,1.61525,4.30,1.60
2010.11.11 06:41:14.317,1.61444,1.61529,2.60,1.70
2010.11.11 06:41:16.057,1.61439,1.61529,4.80,1.80
2010.11.11 06:41:16.717,1.61449,1.61531,4.70,2.10
2010.11.11 06:41:17.379,1.61451,1.61538,1.80,1.10
2010.11.11 06:41:17.706,1.61453,1.61531,1.10,1.90
2010.11.11 06:41:19.744,1.61451,1.61537,1.70,1.30
2010.11.11 06:41:22.947,1.61452,1.61538,1.10,1.30
2010.11.11 06:41:25.265,1.61452,1.61538,1.20,1.30
2010.11.11 06:41:26.727,1.61451,1.61531,1.50,4.40
2010.11.11 06:41:27.246,1.61451,1.61531,1.20,2.00
2010.11.11 06:41:30.418,1.61451,1.61536,1.20,1.70
2010.11.11 06:41:32.971,1.61451,1.61533,1.20,2.40
2010.11.11 06:41:33.079,1.61451,1.61531,1.50,1.90
2010.11.11 06:41:35.133,1.61451,1.61546,1.70,1.50
2010.11.11 06:41:37.341,1.61451,1.61546,1.70,1.50
2010.11.11 06:41:38.276,1.61453,1.61546,1.10,1.30
2010.11.11 06:41:38.496,1.61451,1.61546,1.50,1.30
2010.11.11 06:41:38.606,1.61452,1.61538,1.10,2.00
2010.11.11 06:41:40.691,1.61454,1.61546,1.60,4.30
2010.11.11 06:41:43.875,1.61454,1.61546,1.60,4.30
2010.11.11 06:41:46.365,1.61454,1.61546,1.60,4.30
2010.11.11 06:41:48.448,1.61454,1.61546,1.60,4.30
2010.11.11 06:41:50.683,1.61454,1.61546,1.60,4.30
2010.11.11 06:41:53.967,1.61454,1.61546,1.60,4.30
2010.11.11 06:41:56.937,1.61454,1.61546,1.60,4.30
2010.11.11 06:41:59.350,1.61453,1.61546,1.70,4.30
2010.11.11 06:42:01.445,1.61454,1.61547,2.70,1.10
2010.11.11 06:42:02.715,1.61457,1.6155,1.10,1.90
2010.11.11 06:42:05.498,1.61457,1.6155,1.10,1.70
2010.11.11 06:42:07.938,1.61457,1.6155,1.10,1.70
2010.11.11 06:42:10.494,1.61453,1.6155,1.70,1.80
2010.11.11 06:42:15.152,1.61457,1.6155,1.10,1.70
2010.11.11 06:42:17.360,1.61452,1.6155,1.10,1.70
2010.11.11 06:42:19.781,1.61455,1.61549,8.00,1.80
2010.11.11 06:42:20.771,1.61455,1.61549,8.20,1.50
2010.11.11 06:42:24.665,1.61461,1.61549,1.40,1.50
2010.11.11 06:42:27.537,1.61461,1.61549,1.60,1.50
2010.11.11 06:42:28.398,1.61459,1.61548,3.60,1.10
2010.11.11 06:42:28.789,1.61464,1.61551,1.20,3.80
2010.11.11 06:42:31.154,1.61464,1.61551,1.20,3.80
2010.11.11 06:42:35.535,1.61464,1.61551,1.20,3.80
2010.11.11 06:42:35.916,1.61459,1.61547,3.40,1.10
2010.11.11 06:42:36.357,1.61462,1.61548,1.10,2.30
2010.11.11 06:42:36.979,1.61459,1.61547,1.80,1.10
2010.11.11 06:42:39.177,1.61463,1.61551,3.20,1.50
2010.11.11 06:42:43.936,1.61464,1.61551,1.70,1.50
2010.11.11 06:42:45.951,1.61464,1.61551,1.80,1.40
2010.11.11 06:42:47.282,1.61464,1.61551,1.50,1.60
2010.11.11 06:42:48.396,1.61467,1.61553,1.10,1.30
2010.11.11 06:42:50.473,1.61471,1.61553,1.70,1.20
2010.11.11 06:42:52.831,1.61471,1.61552,1.80,1.30
2010.11.11 06:42:54.971,1.61471,1.61547,1.70,1.10
2010.11.11 06:42:57.002,1.61471,1.61548,1.70,2.10
2010.11.11 06:42:59.723,1.61471,1.61548,1.80,4.90
2010.11.11 06:43:03.312,1.61471,1.61548,4.50,2.40
2010.11.11 06:43:05.239,1.61471,1.61542,1.90,1.10
2010.11.11 06:43:05.458,1.61449,1.61522,1.80,1.50
2010.11.11 06:43:06.336,1.61456,1.61545,1.70,4.60
2010.11.11 06:43:10.642,1.61456,1.61545,1.70,4.60
2010.11.11 06:43:13.188,1.61456,1.61545,1.70,4.60
2010.11.11 06:43:15.759,1.61456,1.61545,1.70,4.60
2010.11.11 06:43:18.643,1.61456,1.61545,1.70,4.60
2010.11.11 06:43:20.808,1.61456,1.61545,1.70,4.60
2010.11.11 06:43:23.167,1.61457,1.61545,1.10,6.20
2010.11.11 06:43:23.727,1.61457,1.61545,1.80,2.50
2010.11.11 06:43:25.746,1.61465,1.61546,1.50,1.50
2010.11.11 06:43:27.961,1.61465,1.61548,1.50,4.70
2010.11.11 06:43:30.675,1.61465,1.61548,1.80,4.70
2010.11.11 06:43:32.999,1.61464,1.61546,2.70,1.60
2010.11.11 06:43:35.671,1.61465,1.61547,1.70,1.40
2010.11.11 06:43:39.540,1.61465,1.61547,1.70,1.40
2010.11.11 06:43:41.184,1.61465,1.61547,1.70,1.40
2010.11.11 06:43:44.681,1.61465,1.61547,1.70,1.40
2010.11.11 06:43:47.282,1.61465,1.61548,5.30,4.50
2010.11.11 06:43:48.166,1.61467,1.61548,1.10,4.80
2010.11.11 06:43:50.752,1.61465,1.61548,5.50,4.50
2010.11.11 06:43:53.058,1.61465,1.61548,5.50,4.50
2010.11.11 06:43:55.402,1.6147,1.61548,1.20,4.30
2010.11.11 06:43:59.892,1.61468,1.61548,1.80,1.70
2010.11.11 06:44:00.106,1.61468,1.61538,1.50,1.70
2010.11.11 06:44:05.995,1.6147,1.61538,1.20,1.80
2010.11.11 06:44:07.880,1.61464,1.61538,2.30,2.00
2010.11.11 06:44:07.988,1.61464,1.61532,2.30,1.10
2010.11.11 06:44:09.437,1.61454,1.61528,1.50,1.70
2010.11.11 06:44:13.456,1.61454,1.61535,1.80,1.70
2010.11.11 06:44:13.677,1.61453,1.61529,1.10,1.10
2010.11.11 06:44:14.147,1.61448,1.61513,1.20,1.50
2010.11.11 06:44:14.799,1.61442,1.61513,1.20,1.50
2010.11.11 06:44:15.848,1.61447,1.61513,1.50,1.50
2010.11.11 06:44:16.708,1.61434,1.61508,2.10,1.80
2010.11.11 06:44:19.809,1.61423,1.61507,1.20,1.10
2010.11.11 06:44:20.122,1.61423,1.61507,2.20,1.10
2010.11.11 06:44:21.826,1.61426,1.61508,1.80,1.50
2010.11.11 06:44:24.123,1.61426,1.61513,1.50,1.20
2010.11.11 06:44:27.449,1.61428,1.61517,3.00,1.10
2010.11.11 06:44:28.726,1.61429,1.6152,1.80,4.40
2010.11.11 06:44:29.197,1.61428,1.6152,2.70,2.00
2010.11.11 06:44:29.638,1.61431,1.61522,2.30,1.40
2010.11.11 06:44:30.700,1.61436,1.61525,1.20,4.20
2010.11.11 06:44:32.917,1.61428,1.6152,3.00,4.20
2010.11.11 06:44:35.774,1.61428,1.6152,3.00,4.20
2010.11.11 06:44:40.809,1.61428,1.6152,2.80,4.50
2010.11.11 06:44:45.140,1.61428,1.6152,2.80,4.50
2010.11.11 06:44:47.520,1.61433,1.61522,1.70,1.30
2010.11.11 06:44:48.590,1.61454,1.61528,1.90,4.20
2010.11.11 06:44:50.276,1.61448,1.61533,1.10,1.30
2010.11.11 06:44:52.356,1.61442,1.61534,2.10,1.50
2010.11.11 06:44:53.669,1.61434,1.61534,4.30,1.80
2010.11.11 06:44:56.065,1.61438,1.61532,1.20,1.10
2010.11.11 06:44:58.248,1.61438,1.61532,1.20,1.10
2010.11.11 06:44:58.669,1.61434,1.61529,2.20,1.50
2010.11.11 06:45:00.832,1.61434,1.61529,2.20,1.50
2010.11.11 06:45:03.173,1.61434,1.61529,2.20,1.50
2010.11.11 06:45:05.956,1.61434,1.61532,4.50,3.60
2010.11.11 06:45:06.450,1.61434,1.61532,4.40,4.10
2010.11.11 06:45:09.978,1.61434,1.61532,4.40,4.10
2010.11.11 06:45:11.208,1.61431,1.61523,1.10,1.10
2010.11.11 06:45:13.236,1.61422,1.61513,1.40,1.20
2010.11.11 06:45:14.237,1.61425,1.61516,3.50,1.80
2010.11.11 06:45:16.599,1.61425,1.61516,8.00,1.50
2010.11.11 06:45:17.693,1.61425,1.61516,8.10,1.50
2010.11.11 06:45:20.297,1.61425,1.61516,8.10,1.50
2010.11.11 06:45:23.439,1.61432,1.61517,1.10,2.10
2010.11.11 06:45:23.876,1.61425,1.61518,8.10,1.20
2010.11.11 06:45:26.772,1.61425,1.61518,8.10,1.20
2010.11.11 06:45:28.823,1.61428,1.61516,1.20,1.70
2010.11.11 06:45:29.709,1.61435,1.61524,3.50,4.80
2010.11.11 06:45:31.757,1.61435,1.61515,2.30,1.70
2010.11.11 06:45:34.754,1.61435,1.61521,4.80,1.30
2010.11.11 06:45:37.345,1.61435,1.61515,2.10,1.70
2010.11.11 06:45:39.815,1.61435,1.61513,2.10,1.10
2010.11.11 06:45:43.307,1.61435,1.61513,2.10,1.10
2010.11.11 06:45:46.088,1.61435,1.61513,2.10,1.10
2010.11.11 06:45:49.824,1.61435,1.61513,2.10,1.10
2010.11.11 06:45:49.937,1.61435,1.61512,2.10,1.20
2010.11.11 06:45:52.303,1.6145,1.61519,1.50,1.60
2010.11.11 06:45:53.008,1.6145,1.61519,1.60,1.40
2010.11.11 06:45:55.240,1.6145,1.61519,1.50,1.60
2010.11.11 06:45:58.161,1.6145,1.61523,4.00,2.80
2010.11.11 06:45:59.384,1.6145,1.61519,1.70,1.40
2010.11.11 06:46:05.152,1.6145,1.61519,1.70,1.40
2010.11.11 06:46:08.424,1.6145,1.61519,1.70,1.40
2010.11.11 06:46:10.135,1.6145,1.61524,5.00,1.50
2010.11.11 06:46:10.687,1.61451,1.61536,4.40,1.60
2010.11.11 06:46:13.559,1.61451,1.61536,4.50,1.90
2010.11.11 06:46:15.978,1.61451,1.61536,4.50,1.90
2010.11.11 06:46:18.298,1.61451,1.61536,4.50,1.90
2010.11.11 06:46:20.373,1.61451,1.61536,4.50,1.90
2010.11.11 06:46:22.124,1.61451,1.61532,2.10,1.40
2010.11.11 06:46:24.928,1.61451,1.61532,2.10,1.40
2010.11.11 06:46:26.976,1.61451,1.61532,2.40,1.40
2010.11.11 06:46:27.086,1.61451,1.61538,2.40,1.90
2010.11.11 06:46:27.898,1.61461,1.61539,2.00,1.50
2010.11.11 06:46:29.983,1.61461,1.61548,2.00,1.20
2010.11.11 06:46:33.433,1.61461,1.61548,2.00,1.20
2010.11.11 06:46:36.053,1.61461,1.61548,2.00,1.20
2010.11.11 06:46:38.017,1.61461,1.61547,4.50,1.10
2010.11.11 06:46:41.079,1.61461,1.61547,4.50,1.10
2010.11.11 06:46:43.877,1.61461,1.61546,2.40,1.60
2010.11.11 06:46:46.056,1.61461,1.61546,2.40,1.60
2010.11.11 06:46:48.219,1.61461,1.61546,2.40,1.60
2010.11.11 06:46:50.922,1.61461,1.61546,2.40,1.60
2010.11.11 06:46:55.144,1.61461,1.61546,2.40,1.60
2010.11.11 06:46:57.614,1.61461,1.61546,2.40,1.60
2010.11.11 06:46:58.147,1.61463,1.61547,1.10,1.30
2010.11.11 06:47:00.857,1.61471,1.61548,1.80,1.10
2010.11.11 06:47:02.201,1.61471,1.61547,1.60,1.40
2010.11.11 06:47:05.452,1.61471,1.61547,1.60,1.40
2010.11.11 06:47:06.287,1.61471,1.61547,1.70,1.50
2010.11.11 06:47:08.603,1.61471,1.61549,2.10,2.30
2010.11.11 06:47:11.086,1.61471,1.61549,2.10,2.30
2010.11.11 06:47:15.507,1.61471,1.61549,2.10,2.30
2010.11.11 06:47:19.357,1.61471,1.61549,2.10,2.30
2010.11.11 06:47:21.471,1.61471,1.6155,4.30,1.80
2010.11.11 06:47:22.247,1.61481,1.61555,1.60,3.80
2010.11.11 06:47:24.529,1.61481,1.61554,1.80,1.70
2010.11.11 06:47:28.792,1.61481,1.61554,1.80,1.70
2010.11.11 06:47:30.806,1.61481,1.61554,1.60,1.80
2010.11.11 06:47:32.878,1.61481,1.61555,1.60,1.30
2010.11.11 06:47:35.768,1.61481,1.61555,1.60,1.30
2010.11.11 06:47:37.746,1.6148,1.6155,1.50,1.20
2010.11.11 06:47:39.192,1.61465,1.61541,2.00,1.40
2010.11.11 06:47:40.746,1.61459,1.61541,1.50,1.60
2010.11.11 06:47:41.279,1.61459,1.61546,3.10,1.70
2010.11.11 06:47:42.616,1.61475,1.61547,1.50,1.10
2010.11.11 06:47:45.127,1.61475,1.61552,2.00,1.20
2010.11.11 06:47:46.776,1.61466,1.61549,2.00,1.80
2010.11.11 06:47:48.850,1.61459,1.61531,1.30,1.70
2010.11.11 06:47:48.957,1.61451,1.61531,1.80,2.10
2010.11.11 06:47:50.982,1.61451,1.61531,1.50,2.10
2010.11.11 06:47:51.757,1.61451,1.61531,1.80,2.20
2010.11.11 06:47:53.972,1.61451,1.61531,1.70,2.40
2010.11.11 06:47:56.190,1.61451,1.61531,1.70,2.40
2010.11.11 06:47:57.101,1.61451,1.61531,1.50,4.70
2010.11.11 06:47:58.174,1.61449,1.61527,4.60,1.90
2010.11.11 06:47:58.837,1.61449,1.61527,1.90,1.40
2010.11.11 06:47:59.210,1.61449,1.61528,2.10,1.50
2010.11.11 06:48:02.754,1.61449,1.61528,2.20,1.90
2010.11.11 06:48:04.738,1.61452,1.61531,1.30,6.50
2010.11.11 06:48:07.049,1.61452,1.61531,1.30,6.50
2010.11.11 06:48:09.299,1.61455,1.61531,1.70,6.20
2010.11.11 06:48:11.574,1.61452,1.61531,1.10,6.50
2010.11.11 06:48:13.590,1.61452,1.61531,1.10,6.50
2010.11.11 06:48:16.217,1.61452,1.61528,1.10,1.10
2010.11.11 06:48:16.326,1.61451,1.61527,1.70,1.90
2010.11.11 06:48:18.626,1.61451,1.61527,1.50,1.50
2010.11.11 06:48:20.903,1.61451,1.61527,1.50,1.50
2010.11.11 06:48:21.007,1.61451,1.61531,1.80,6.50
2010.11.11 06:48:24.264,1.61453,1.61531,1.50,7.00
2010.11.11 06:48:27.379,1.61453,1.61531,1.50,7.00
2010.11.11 06:48:30.386,1.61453,1.61531,1.50,7.00
2010.11.11 06:48:32.480,1.6145,1.61531,2.40,7.20
2010.11.11 06:48:33.319,1.61457,1.61541,1.10,7.60
2010.11.11 06:48:36.278,1.61458,1.61541,1.10,5.30
2010.11.11 06:48:38.985,1.61458,1.61541,1.10,5.30
2010.11.11 06:48:41.264,1.61458,1.61541,1.10,5.30
2010.11.11 06:48:41.923,1.61453,1.61531,1.50,4.20
2010.11.11 06:48:44.511,1.61453,1.61531,1.30,4.80
2010.11.11 06:48:46.580,1.61454,1.61531,1.10,4.80
2010.11.11 06:48:47.350,1.6145,1.61524,1.50,1.80
2010.11.11 06:48:49.132,1.6145,1.61528,2.10,1.30
2010.11.11 06:48:51.299,1.6145,1.61525,2.20,1.40
2010.11.11 06:48:53.417,1.6145,1.61529,2.20,1.60
2010.11.11 06:48:56.093,1.61452,1.6153,1.10,2.60
2010.11.11 06:48:58.588,1.61451,1.6153,1.80,1.50
2010.11.11 06:48:59.184,1.61451,1.6153,1.50,3.50
2010.11.11 06:49:00.197,1.61451,1.6153,1.80,1.50
2010.11.11 06:49:02.525,1.61454,1.6153,1.20,2.80
2010.11.11 06:49:06.553,1.6145,1.61523,4.50,2.00
2010.11.11 06:49:08.108,1.6145,1.61526,2.30,1.80
2010.11.11 06:49:10.492,1.61461,1.61523,1.50,2.20
2010.11.11 06:49:12.741,1.61461,1.6153,2.20,1.70
2010.11.11 06:49:13.045,1.61461,1.6153,2.60,2.80
2010.11.11 06:49:15.705,1.61461,1.6153,2.60,2.30
2010.11.11 06:49:18.678,1.61461,1.6153,2.60,2.90
2010.11.11 06:49:19.295,1.61461,1.6153,2.60,2.60
2010.11.11 06:49:21.780,1.61461,1.6153,2.60,2.60
2010.11.11 06:49:23.838,1.61461,1.61528,2.20,2.00
2010.11.11 06:49:25.959,1.61461,1.61528,2.20,2.00
2010.11.11 06:49:28.123,1.61461,1.61528,2.60,1.10
2010.11.11 06:49:30.760,1.61461,1.61528,2.60,1.10
2010.11.11 06:49:31.742,1.6145,1.61511,1.50,1.90
2010.11.11 06:49:31.956,1.61437,1.61511,2.10,2.10
2010.11.11 06:49:33.629,1.61445,1.61515,1.90,1.10
2010.11.11 06:49:33.848,1.61445,1.61519,4.70,1.70
2010.11.11 06:49:35.760,1.61451,1.6153,2.00,2.80
2010.11.11 06:49:36.627,1.61451,1.6153,4.50,2.30
2010.11.11 06:49:38.784,1.61451,1.6153,4.50,2.80
2010.11.11 06:49:41.087,1.61456,1.6153,1.50,2.30
2010.11.11 06:49:42.825,1.61449,1.6151,2.30,1.50
2010.11.11 06:49:42.930,1.61423,1.61495,1.10,1.70
2010.11.11 06:49:44.082,1.61416,1.6149,4.50,2.90
2010.11.11 06:49:44.850,1.61416,1.6149,4.30,2.10
2010.11.11 06:49:46.928,1.61417,1.6149,1.30,1.70
2010.11.11 06:49:50.086,1.61419,1.6149,1.50,1.70
2010.11.11 06:49:53.145,1.61419,1.6149,1.50,1.70
2010.11.11 06:49:56.177,1.61419,1.6149,1.50,1.70
2010.11.11 06:49:58.908,1.61424,1.61495,1.50,1.80
2010.11.11 06:50:00.497,1.61427,1.61495,1.10,1.50
2010.11.11 06:50:01.383,1.61446,1.61518,1.10,1.10
2010.11.11 06:50:01.487,1.61446,1.6152,1.10,1.10
2010.11.11 06:50:05.090,1.61439,1.6152,2.20,1.10
2010.11.11 06:50:07.098,1.61439,1.6152,4.50,1.10
2010.11.11 06:50:08.185,1.61429,1.61503,4.50,1.70
2010.11.11 06:50:10.638,1.61429,1.61503,2.10,1.80
2010.11.11 06:50:12.200,1.61429,1.61503,2.00,1.90
2010.11.11 06:50:15.100,1.61429,1.61503,4.50,1.90
2010.11.11 06:50:16.921,1.61429,1.61503,2.20,2.00
2010.11.11 06:50:18.877,1.61429,1.61503,4.50,2.00
2010.11.11 06:50:21.503,1.61429,1.61503,5.40,2.00
2010.11.11 06:50:23.579,1.61429,1.61503,5.40,2.00
2010.11.11 06:50:26.161,1.61429,1.61503,5.40,2.00
2010.11.11 06:50:26.797,1.61429,1.61503,5.30,1.60
2010.11.11 06:50:29.025,1.61434,1.61512,6.40,2.80
2010.11.11 06:50:31.517,1.61435,1.61512,1.70,2.80
2010.11.11 06:50:36.022,1.61435,1.61512,1.80,1.10
2010.11.11 06:50:38.610,1.61434,1.61512,4.30,2.40
2010.11.11 06:50:39.307,1.61437,1.61512,2.00,1.10
2010.11.11 06:50:41.966,1.61437,1.61512,2.00,1.10
2010.11.11 06:50:42.903,1.61434,1.61512,2.30,2.30
2010.11.11 06:50:45.608,1.61434,1.61512,2.30,2.30
2010.11.11 06:50:47.039,1.61445,1.61513,2.00,1.10
2010.11.11 06:50:48.089,1.61442,1.61512,1.50,1.10
2010.11.11 06:50:50.218,1.61439,1.61513,2.00,2.60
2010.11.11 06:50:50.574,1.61439,1.61512,2.20,1.10
2010.11.11 06:50:51.445,1.61439,1.61512,2.00,1.10
2010.11.11 06:50:53.605,1.61431,1.61507,1.80,1.40
2010.11.11 06:50:54.769,1.61436,1.6151,2.50,4.70
2010.11.11 06:50:55.510,1.61426,1.61494,1.20,2.50
2010.11.11 06:50:57.793,1.6142,1.61491,1.70,1.40
2010.11.11 06:50:59.337,1.61417,1.61491,4.50,2.50
2010.11.11 06:51:00.131,1.61417,1.61491,2.00,2.60
2010.11.11 06:51:00.238,1.61417,1.61488,2.00,1.10
2010.11.11 06:51:02.450,1.61408,1.61479,1.40,2.10
2010.11.11 06:51:03.521,1.61405,1.61479,4.60,2.90
2010.11.11 06:51:05.827,1.61408,1.61479,1.70,2.90
2010.11.11 06:51:06.769,1.61414,1.61484,1.50,2.50
2010.11.11 06:51:07.953,1.6141,1.61477,4.50,1.10
2010.11.11 06:51:09.229,1.61414,1.61484,1.50,2.50
2010.11.11 06:51:09.818,1.61413,1.61482,1.10,1.10
2010.11.11 06:51:13.312,1.61414,1.61484,1.20,1.80
2010.11.11 06:51:15.574,1.61418,1.61487,1.10,1.10
2010.11.11 06:51:16.020,1.61417,1.61489,1.10,1.70
2010.11.11 06:51:18.308,1.61423,1.61492,1.20,1.10
2010.11.11 06:51:20.363,1.61422,1.61491,1.40,1.70
2010.11.11 06:51:20.687,1.6142,1.61493,8.40,1.10
2010.11.11 06:51:21.399,1.61425,1.61494,4.40,2.50
2010.11.11 06:51:21.508,1.61428,1.61501,1.10,2.10
2010.11.11 06:51:21.727,1.6143,1.61504,2.30,4.50
2010.11.11 06:51:22.852,1.61422,1.61494,1.10,1.70
2010.11.11 06:51:23.289,1.61424,1.61494,1.50,1.70
2010.11.11 06:51:24.227,1.61424,1.61491,3.50,1.70
2010.11.11 06:51:26.158,1.61432,1.61494,2.20,1.70
2010.11.11 06:51:26.529,1.61427,1.61494,2.60,1.70
2010.11.11 06:51:27.629,1.61432,1.61494,2.20,1.70
2010.11.11 06:51:29.879,1.61423,1.61491,3.50,1.70
2010.11.11 06:51:32.024,1.61423,1.61491,3.10,1.70
2010.11.11 06:51:32.947,1.61422,1.61484,1.10,1.50
2010.11.11 06:51:35.062,1.61423,1.61491,2.60,1.70
2010.11.11 06:51:37.245,1.61423,1.61491,2.20,1.70
2010.11.11 06:51:39.259,1.61423,1.61494,2.20,2.10
2010.11.11 06:51:41.683,1.61423,1.61491,2.20,1.70
2010.11.11 06:51:43.940,1.61427,1.61494,1.50,1.70
2010.11.11 06:51:46.032,1.61423,1.61491,2.40,1.70
2010.11.11 06:51:48.108,1.61432,1.61491,2.00,1.70
2010.11.11 06:51:49.158,1.61428,1.61498,2.30,2.60
2010.11.11 06:51:51.324,1.61428,1.61498,4.50,1.60
2010.11.11 06:51:53.389,1.61431,1.61503,2.20,4.40
2010.11.11 06:51:53.497,1.61431,1.61503,2.20,2.30
2010.11.11 06:51:53.608,1.61431,1.61498,2.20,1.70
2010.11.11 06:51:55.584,1.61431,1.61498,2.20,1.70
2010.11.11 06:51:57.815,1.61431,1.61498,2.20,1.70
2010.11.11 06:51:59.906,1.61431,1.61498,2.20,1.70
2010.11.11 06:52:00.366,1.61428,1.61498,4.50,1.70
2010.11.11 06:52:02.457,1.6142,1.61491,1.50,2.50
2010.11.11 06:52:04.992,1.61422,1.61496,6.00,2.50
2010.11.11 06:52:05.318,1.61421,1.61491,1.20,2.50
2010.11.11 06:52:06.222,1.61416,1.61489,1.10,1.40
2010.11.11 06:52:08.881,1.61412,1.61474,1.20,1.70
2010.11.11 06:52:10.961,1.61408,1.61474,1.20,1.70
2010.11.11 06:52:13.017,1.61408,1.61474,1.20,1.70
2010.11.11 06:52:15.922,1.61408,1.61474,1.20,1.70
2010.11.11 06:52:18.488,1.61408,1.61474,1.20,1.70
2010.11.11 06:52:19.287,1.61408,1.61474,1.20,1.50
2010.11.11 06:52:21.721,1.61408,1.61478,1.20,1.70
2010.11.11 06:52:23.798,1.61408,1.61478,2.20,1.70
2010.11.11 06:52:26.426,1.61408,1.61478,2.20,1.70
2010.11.11 06:52:26.537,1.61405,1.61478,1.90,2.50
2010.11.11 06:52:28.810,1.61383,1.61454,1.20,1.90
2010.11.11 06:52:31.863,1.6138,1.61454,8.10,1.90
2010.11.11 06:52:34.267,1.61382,1.61454,1.70,1.50
2010.11.11 06:52:34.380,1.61393,1.61466,1.80,1.40
2010.11.11 06:52:36.772,1.61388,1.61474,1.80,4.60
2010.11.11 06:52:38.247,1.61382,1.61458,1.80,1.90
2010.11.11 06:52:38.734,1.61377,1.61458,1.20,2.30
2010.11.11 06:52:40.896,1.61373,1.61446,1.70,1.90
2010.11.11 06:52:42.956,1.61378,1.61446,1.20,1.90
2010.11.11 06:52:43.069,1.61373,1.61446,1.40,1.90
2010.11.11 06:52:43.397,1.61396,1.61465,1.50,2.70
2010.11.11 06:52:44.040,1.61391,1.61465,3.30,2.10
2010.11.11 06:52:44.151,1.61385,1.61455,1.90,1.50
2010.11.11 06:52:44.817,1.61386,1.6146,6.90,1.90
2010.11.11 06:52:46.409,1.61386,1.6146,6.90,1.90
2010.11.11 06:52:46.737,1.61386,1.61452,1.50,1.50
2010.11.11 06:52:47.407,1.61387,1.61464,1.20,1.90
2010.11.11 06:52:47.738,1.61388,1.61464,1.10,1.50
2010.11.11 06:52:49.759,1.61394,1.61475,1.70,1.70
2010.11.11 06:52:50.338,1.61384,1.61452,4.10,1.50
2010.11.11 06:52:51.237,1.61382,1.61452,1.70,1.50
2010.11.11 06:52:53.297,1.61382,1.61452,2.20,1.50
2010.11.11 06:52:53.847,1.61384,1.61458,1.80,1.90
2010.11.11 06:52:55.917,1.61389,1.61458,2.00,1.90
2010.11.11 06:52:57.941,1.61386,1.61458,2.60,1.90
2010.11.11 06:53:00.511,1.61385,1.61458,1.80,1.90
2010.11.11 06:53:00.624,1.6139,1.61471,1.50,3.60
2010.11.11 06:53:01.768,1.61395,1.61472,1.20,1.10
2010.11.11 06:53:04.781,1.61395,1.61472,1.50,1.30
2010.11.11 06:53:06.527,1.61395,1.61477,4.20,1.20
2010.11.11 06:53:07.231,1.61382,1.61455,1.80,1.50
2010.11.11 06:53:08.278,1.61383,1.61448,1.20,1.90
2010.11.11 06:53:10.685,1.61382,1.61448,1.20,1.50
2010.11.11 06:53:12.398,1.61374,1.61432,1.50,1.50
2010.11.11 06:53:14.528,1.61366,1.61437,1.70,1.90
2010.11.11 06:53:16.812,1.61366,1.61437,1.50,1.90
2010.11.11 06:53:18.969,1.61366,1.61437,1.70,1.90
2010.11.11 06:53:20.982,1.61366,1.61437,1.70,1.90
2010.11.11 06:53:23.381,1.61363,1.61432,1.20,1.50
2010.11.11 06:53:25.383,1.61363,1.61432,1.50,1.50
2010.11.11 06:53:27.479,1.61363,1.61444,1.50,2.30
2010.11.11 06:53:27.699,1.61367,1.61444,4.10,1.90
2010.11.11 06:53:27.807,1.61378,1.61455,2.00,2.20
2010.11.11 06:53:27.918,1.61378,1.61461,5.10,1.90
2010.11.11 06:53:28.569,1.61369,1.61461,6.50,2.40
2010.11.11 06:53:30.661,1.61369,1.61457,6.50,1.40
2010.11.11 06:53:32.761,1.61375,1.61444,1.20,1.50
2010.11.11 06:53:35.237,1.6137,1.61444,1.50,1.60
2010.11.11 06:53:38.870,1.61373,1.61444,1.10,1.70
2010.11.11 06:53:40.818,1.61378,1.61455,1.10,1.80
2010.11.11 06:53:41.369,1.61399,1.61461,1.20,1.70
2010.11.11 06:53:41.589,1.6142,1.61489,2.30,1.50
2010.11.11 06:53:41.699,1.61428,1.61496,2.30,1.50
2010.11.11 06:53:41.809,1.61428,1.61502,3.00,4.20
2010.11.11 06:53:42.559,1.61437,1.61502,1.20,4.00
2010.11.11 06:53:42.668,1.61443,1.61502,1.50,1.60
2010.11.11 06:53:44.756,1.61448,1.6151,1.50,1.80
2010.11.11 06:53:45.268,1.61442,1.61503,1.20,1.10
2010.11.11 06:53:45.953,1.61438,1.61494,1.20,1.50
2010.11.11 06:53:46.063,1.61422,1.61486,1.30,1.70
2010.11.11 06:53:47.823,1.61412,1.61486,4.80,2.10
2010.11.11 06:53:49.299,1.61413,1.61486,1.50,2.10
2010.11.11 06:53:51.648,1.61413,1.61486,1.50,2.10
2010.11.11 06:53:54.035,1.61413,1.61486,1.20,2.20
2010.11.11 06:53:56.507,1.61412,1.61486,4.60,2.30
2010.11.11 06:53:58.587,1.61415,1.61486,1.50,1.70
2010.11.11 06:54:01.789,1.61415,1.61486,1.50,1.70
2010.11.11 06:54:04.162,1.61415,1.61486,1.50,1.70
2010.11.11 06:54:05.419,1.61412,1.61486,4.80,1.90
2010.11.11 06:54:07.579,1.6141,1.61481,1.80,1.60
2010.11.11 06:54:07.925,1.61415,1.61481,1.50,1.50
2010.11.11 06:54:10.269,1.61408,1.61481,2.30,1.90
2010.11.11 06:54:10.378,1.61407,1.61481,5.00,2.10
2010.11.11 06:54:10.509,1.61408,1.61481,2.30,1.90
2010.11.11 06:54:11.237,1.61415,1.61489,4.30,2.20
2010.11.11 06:54:13.445,1.61415,1.61489,2.20,5.30
2010.11.11 06:54:14.381,1.61403,1.61473,1.10,1.70
2010.11.11 06:54:15.148,1.61415,1.61489,2.00,3.10
2010.11.11 06:54:17.632,1.61415,1.61489,1.90,4.20
2010.11.11 06:54:20.235,1.61415,1.61489,1.90,4.20
2010.11.11 06:54:20.770,1.61415,1.61489,4.50,4.20
2010.11.11 06:54:22.000,1.6141,1.61483,5.10,1.20
2010.11.11 06:54:24.664,1.6141,1.61484,5.10,2.10
2010.11.11 06:54:25.938,1.61413,1.61487,4.60,1.90
2010.11.11 06:54:26.157,1.61417,1.61497,4.00,1.80
2010.11.11 06:54:27.089,1.61418,1.61497,1.10,1.20
2010.11.11 06:54:27.967,1.61417,1.61479,2.50,1.50
2010.11.11 06:54:29.997,1.61408,1.61479,2.30,1.50
2010.11.11 06:54:30.327,1.61421,1.61495,2.10,2.10
2010.11.11 06:54:32.824,1.61429,1.61503,2.70,2.40
2010.11.11 06:54:32.941,1.61429,1.61503,2.70,2.20
2010.11.11 06:54:36.979,1.61429,1.61503,2.90,2.40
2010.11.11 06:54:39.298,1.61429,1.61503,2.90,2.40
2010.11.11 06:54:40.708,1.61429,1.61503,2.60,5.00
2010.11.11 06:54:41.888,1.6143,1.61503,1.20,4.80
2010.11.11 06:54:42.901,1.61429,1.61503,1.90,5.00
2010.11.11 06:54:44.910,1.61419,1.61493,4.60,2.40
2010.11.11 06:54:46.918,1.61418,1.61488,1.40,2.10
2010.11.11 06:54:47.630,1.61414,1.6149,2.10,2.00
2010.11.11 06:54:48.959,1.61417,1.61496,2.30,1.70
2010.11.11 06:54:49.635,1.61417,1.61481,2.30,1.50
2010.11.11 06:54:51.039,1.61413,1.61501,2.20,2.90
2010.11.11 06:54:52.188,1.61402,1.61489,1.20,1.70
2010.11.11 06:54:52.407,1.61399,1.6147,1.60,1.50
2010.11.11 06:54:54.479,1.61398,1.6147,1.10,1.50
2010.11.11 06:54:55.187,1.61398,1.6147,1.80,1.50
2010.11.11 06:54:57.354,1.61392,1.61465,1.90,1.60
2010.11.11 06:54:59.930,1.61392,1.61465,1.90,1.70
2010.11.11 06:55:01.509,1.61397,1.61474,5.00,1.10
2010.11.11 06:55:03.518,1.6139,1.61469,1.20,1.70
2010.11.11 06:55:03.629,1.61388,1.61479,3.60,1.70
2010.11.11 06:55:03.958,1.61396,1.61479,2.00,1.70
2010.11.11 06:55:06.037,1.61397,1.61479,2.00,4.30
2010.11.11 06:55:10.647,1.61397,1.61479,2.00,4.30
2010.11.11 06:55:12.804,1.61397,1.61479,2.60,4.50
2010.11.11 06:55:15.268,1.61397,1.61479,2.60,4.50
2010.11.11 06:55:16.995,1.61396,1.61477,2.60,2.20
2010.11.11 06:55:19.330,1.61398,1.61477,1.20,2.10
2010.11.11 06:55:20.172,1.61396,1.61477,2.20,3.70
2010.11.11 06:55:22.647,1.61396,1.61477,2.20,3.70
2010.11.11 06:55:26.248,1.61396,1.61476,2.20,1.60
2010.11.11 06:55:28.258,1.61403,1.61479,4.80,2.00
2010.11.11 06:55:29.003,1.61399,1.61477,1.50,1.30
2010.11.11 06:55:29.109,1.61388,1.61453,1.20,1.50
2010.11.11 06:55:29.608,1.61384,1.61453,2.60,1.50
2010.11.11 06:55:29.720,1.61388,1.61459,4.30,1.50
2010.11.11 06:55:30.828,1.61389,1.61463,4.20,1.90
2010.11.11 06:55:31.727,1.61393,1.61463,1.20,1.90
2010.11.11 06:55:33.822,1.61393,1.61463,1.20,1.90
2010.11.11 06:55:37.092,1.61393,1.61463,1.20,1.90
2010.11.11 06:55:40.264,1.61393,1.61463,1.20,1.90
2010.11.11 06:55:43.226,1.61393,1.61463,1.20,1.50
2010.11.11 06:55:43.929,1.61391,1.6147,1.50,1.20
2010.11.11 06:55:44.148,1.61396,1.61475,4.80,2.00
2010.11.11 06:55:46.935,1.61396,1.61475,5.00,2.10
2010.11.11 06:55:47.497,1.61397,1.61475,1.20,1.90
2010.11.11 06:55:50.009,1.61397,1.61475,1.20,1.90
2010.11.11 06:55:51.707,1.61396,1.61466,1.70,1.50
2010.11.11 06:55:53.799,1.61392,1.61466,8.10,1.90
2010.11.11 06:55:56.577,1.61394,1.61466,1.20,1.90
2010.11.11 06:56:02.142,1.61398,1.61466,2.40,1.90
2010.11.11 06:56:04.898,1.61402,1.61466,1.50,1.50
2010.11.11 06:56:05.508,1.61402,1.61475,1.80,2.10
2010.11.11 06:56:07.438,1.61402,1.61483,5.20,1.20
2010.11.11 06:56:07.548,1.61411,1.61485,1.50,2.30
2010.11.11 06:56:09.759,1.61411,1.61485,1.70,2.30
2010.11.11 06:56:12.193,1.61411,1.61485,1.70,2.30
2010.11.11 06:56:12.361,1.61411,1.61485,1.50,4.70
2010.11.11 06:56:14.391,1.61413,1.61485,1.10,1.50
2010.11.11 06:56:16.178,1.61405,1.61479,4.20,1.90
2010.11.11 06:56:17.782,1.61403,1.61475,1.10,1.50
2010.11.11 06:56:22.222,1.614,1.61475,1.80,1.60
2010.11.11 06:56:24.110,1.61385,1.61459,4.50,1.50
2010.11.11 06:56:26.380,1.61389,1.61459,1.20,1.50
2010.11.11 06:56:28.427,1.61399,1.61475,1.70,4.60
2010.11.11 06:56:30.230,1.614,1.61475,2.00,2.30
2010.11.11 06:56:32.858,1.61399,1.61475,4.40,1.50
2010.11.11 06:56:35.506,1.61399,1.61475,2.20,1.50
2010.11.11 06:56:37.567,1.61403,1.61475,5.40,1.50
2010.11.11 06:56:39.630,1.61403,1.61475,4.50,1.90
2010.11.11 06:56:41.908,1.61403,1.61475,5.00,1.50
2010.11.11 06:56:43.670,1.61403,1.61475,1.70,1.90
2010.11.11 06:56:44.591,1.61389,1.61474,5.60,1.20
2010.11.11 06:56:44.810,1.61399,1.61475,4.80,2.10
2010.11.11 06:56:46.731,1.614,1.61475,2.20,1.90
2010.11.11 06:56:48.472,1.61399,1.61475,2.40,2.10
2010.11.11 06:56:50.921,1.61399,1.61475,2.30,4.30
2010.11.11 06:56:53.801,1.61399,1.61475,4.80,2.10
2010.11.11 06:56:55.837,1.6139,1.61472,1.20,1.10
2010.11.11 06:56:57.907,1.61399,1.61475,1.90,4.20
2010.11.11 06:56:58.811,1.61399,1.61475,4.30,1.60
2010.11.11 06:56:59.377,1.61399,1.61475,2.10,1.60
2010.11.11 06:57:00.236,1.61402,1.61475,1.50,1.50
2010.11.11 06:57:00.618,1.61399,1.61475,4.30,1.50
2010.11.11 06:57:03.459,1.61402,1.61475,1.20,1.50
2010.11.11 06:57:05.731,1.61402,1.61475,1.20,1.50
2010.11.11 06:57:10.383,1.61402,1.61475,1.20,1.50
2010.11.11 06:57:14.535,1.61402,1.61475,1.20,1.50
2010.11.11 06:57:15.458,1.61402,1.61469,1.20,1.50
2010.11.11 06:57:17.711,1.61395,1.61469,6.90,1.90
2010.11.11 06:57:20.298,1.61395,1.61469,6.90,1.90
2010.11.11 06:57:22.301,1.61395,1.61469,7.40,1.90
2010.11.11 06:57:24.727,1.61397,1.61469,1.30,1.70
2010.11.11 06:57:26.723,1.61399,1.61469,1.90,1.50
2010.11.11 06:57:27.182,1.61399,1.61469,1.90,1.50
2010.11.11 06:57:31.659,1.61399,1.61469,1.90,1.50
2010.11.11 06:57:35.574,1.61401,1.61475,2.20,1.90
2010.11.11 06:57:38.391,1.61401,1.61475,2.20,1.90
2010.11.11 06:57:42.544,1.61401,1.61475,2.00,1.90
2010.11.11 06:57:45.187,1.614,1.61469,1.20,1.50
2010.11.11 06:57:46.968,1.61395,1.61465,1.70,1.50
2010.11.11 06:57:48.559,1.61391,1.61465,1.50,1.50
2010.11.11 06:57:50.975,1.61391,1.61465,1.50,1.50
2010.11.11 06:57:55.780,1.61391,1.61465,1.80,1.50
2010.11.11 06:57:56.558,1.61391,1.61465,1.20,1.60
2010.11.11 06:57:56.947,1.61391,1.61465,1.20,1.90
2010.11.11 06:57:57.060,1.61383,1.61448,1.90,1.50
2010.11.11 06:57:57.723,1.61381,1.61453,1.50,1.50
2010.11.11 06:57:57.938,1.61381,1.61459,1.50,1.90
2010.11.11 06:57:58.411,1.61383,1.61459,1.60,2.30
2010.11.11 06:57:58.516,1.6138,1.61461,2.00,1.20
2010.11.11 06:57:59.320,1.61402,1.61472,1.50,1.50
2010.11.11 06:57:59.538,1.61401,1.61472,2.10,1.20
2010.11.11 06:58:01.740,1.61398,1.61476,5.10,1.50
2010.11.11 06:58:01.852,1.61402,1.61479,2.20,2.70
2010.11.11 06:58:01.958,1.61398,1.61478,2.50,1.30
2010.11.11 06:58:04.433,1.61397,1.61477,1.10,2.10
2010.11.11 06:58:05.179,1.61397,1.61477,3.30,1.10
2010.11.11 06:58:07.258,1.61397,1.61478,3.20,1.10
2010.11.11 06:58:12.355,1.61397,1.61478,3.20,1.10
2010.11.11 06:58:14.770,1.61392,1.61469,1.80,1.50
2010.11.11 06:58:15.538,1.6139,1.61469,1.90,1.70
2010.11.11 06:58:17.749,1.61395,1.61475,1.50,1.10
2010.11.11 06:58:19.846,1.61395,1.61478,4.50,1.20
2010.11.11 06:58:21.856,1.61401,1.61479,2.00,2.40
2010.11.11 06:58:26.177,1.61395,1.61478,4.50,1.30
2010.11.11 06:58:28.180,1.61395,1.61478,4.50,1.30
2010.11.11 06:58:30.050,1.61418,1.61481,1.50,2.80
2010.11.11 06:58:30.600,1.61411,1.61489,2.10,1.70
2010.11.11 06:58:30.709,1.61411,1.61489,4.20,1.70
2010.11.11 06:58:32.792,1.61416,1.61488,4.20,1.30
2010.11.11 06:58:35.268,1.61413,1.61489,1.10,4.70
2010.11.11 06:58:37.663,1.61411,1.61489,4.50,4.70
2010.11.11 06:58:39.701,1.61405,1.61477,1.50,1.50
2010.11.11 06:58:41.142,1.61411,1.61489,4.50,1.60
2010.11.11 06:58:41.579,1.61417,1.61499,5.00,4.40
2010.11.11 06:58:42.101,1.61408,1.61489,7.10,4.50
2010.11.11 06:58:44.153,1.61403,1.61486,1.10,1.50
2010.11.11 06:58:46.203,1.61411,1.61489,1.80,5.60
2010.11.11 06:58:47.341,1.61407,1.61489,5.30,2.40
2010.11.11 06:58:50.100,1.61407,1.61489,1.50,5.40
2010.11.11 06:58:52.497,1.61408,1.61489,1.10,2.60
2010.11.11 06:58:55.967,1.61408,1.61489,1.10,2.60
2010.11.11 06:58:58.066,1.61406,1.61487,4.10,2.00
2010.11.11 06:58:58.629,1.61406,1.61487,3.90,1.80
2010.11.11 06:59:00.674,1.61406,1.61487,4.10,2.30
2010.11.11 06:59:02.784,1.61406,1.61485,4.10,1.50
2010.11.11 06:59:05.210,1.61406,1.61487,4.10,2.00
2010.11.11 06:59:05.323,1.61406,1.61487,2.20,1.90
2010.11.11 06:59:07.673,1.61406,1.61487,2.20,1.90
2010.11.11 06:59:09.730,1.61406,1.61487,2.20,1.90
2010.11.11 06:59:11.812,1.61406,1.61487,2.00,2.00
2010.11.11 06:59:12.280,1.61402,1.61485,1.50,1.30
2010.11.11 06:59:12.389,1.61406,1.61485,2.00,1.80
2010.11.11 06:59:13.740,1.614,1.61482,2.10,1.90
2010.11.11 06:59:14.911,1.614,1.61473,1.50,1.50
2010.11.11 06:59:17.533,1.614,1.61473,1.50,1.50
2010.11.11 06:59:20.774,1.61398,1.61473,4.20,1.60
2010.11.11 06:59:22.859,1.61403,1.61477,4.60,2.00
2010.11.11 06:59:22.973,1.61407,1.61483,4.80,2.00
2010.11.11 06:59:23.519,1.61407,1.61477,1.10,1.50
2010.11.11 06:59:23.741,1.61407,1.61483,1.80,2.00
2010.11.11 06:59:24.374,1.61407,1.61483,1.70,2.10
2010.11.11 06:59:25.680,1.61389,1.61456,1.80,1.50
2010.11.11 06:59:27.740,1.61392,1.61466,2.70,1.90
2010.11.11 06:59:28.653,1.61387,1.61461,2.10,1.50
2010.11.11 06:59:29.631,1.61394,1.61467,1.10,1.50
2010.11.11 06:59:32.602,1.61395,1.61467,1.50,1.50
2010.11.11 06:59:34.620,1.61391,1.61467,2.60,1.90
2010.11.11 06:59:36.677,1.61391,1.61467,2.20,1.90
2010.11.11 06:59:38.120,1.61395,1.61478,1.20,1.10
2010.11.11 06:59:39.299,1.61393,1.61473,1.10,5.00
2010.11.11 06:59:39.409,1.61392,1.61473,2.50,2.10
2010.11.11 06:59:41.560,1.61387,1.61461,4.50,1.50
2010.11.11 06:59:41.922,1.6139,1.61461,1.20,1.50
2010.11.11 06:59:43.873,1.61387,1.61461,4.20,2.30
2010.11.11 06:59:46.701,1.61387,1.61459,1.80,1.70
2010.11.11 06:59:49.332,1.61387,1.61458,1.70,1.10
2010.11.11 06:59:49.673,1.61387,1.61458,1.70,1.10
2010.11.11 06:59:50.020,1.61387,1.61459,1.80,1.70
2010.11.11 06:59:50.131,1.61383,1.61457,1.80,4.50
2010.11.11 06:59:51.750,1.61383,1.61457,1.90,4.50
2010.11.11 06:59:53.120,1.61387,1.61459,1.80,1.70
2010.11.11 06:59:55.530,1.61387,1.61459,1.80,1.50
2010.11.11 06:59:56.809,1.61395,1.61469,1.90,4.20
2010.11.11 06:59:57.692,1.61387,1.61461,2.00,2.00
2010.11.11 06:59:58.270,1.61387,1.61461,2.20,2.00
