2011.06.22 13:00:00.959,1.56966,1.57016,1.47,1.47
2011.06.22 13:00:01.068,1.5697,1.57022,1.84,1.50
2011.06.22 13:00:01.178,1.5697,1.57021,2.22,1.13
2011.06.22 13:00:01.728,1.5697,1.57024,1.84,1.79
2011.06.22 13:00:01.948,1.56966,1.5702,1.47,2.22
2011.06.22 13:00:03.209,1.56966,1.57016,1.09,1.09
2011.06.22 13:00:03.866,1.56966,1.5702,1.47,2.22
2011.06.22 13:00:04.078,1.56966,1.57022,1.47,1.45
2011.06.22 13:00:06.339,1.56965,1.57022,1.09,1.08
2011.06.22 13:00:06.449,1.56963,1.57018,1.13,1.41
2011.06.22 13:00:06.559,1.56959,1.5701,1.09,1.80
2011.06.22 13:00:06.668,1.56959,1.5701,1.09,1.80
2011.06.22 13:00:07.219,1.56959,1.57006,1.47,1.08
2011.06.22 13:00:07.813,1.56959,1.57007,1.47,1.08
2011.06.22 13:00:08.929,1.56959,1.57009,1.47,1.75
2011.06.22 13:00:09.038,1.56959,1.57009,1.13,3.59
2011.06.22 13:00:09.259,1.56958,1.57009,2.97,1.43
2011.06.22 13:00:10.489,1.56963,1.57013,1.09,1.77
2011.06.22 13:00:10.821,1.56964,1.57012,1.09,1.09
2011.06.22 13:00:11.149,1.56954,1.57004,1.09,2.52
2011.06.22 13:00:11.478,1.56946,1.57001,1.09,2.22
2011.06.22 13:00:12.193,1.56944,1.56994,2.89,1.09
2011.06.22 13:00:12.312,1.56942,1.56996,1.09,2.54
2011.06.22 13:00:13.095,1.56943,1.56995,1.09,2.14
2011.06.22 13:00:13.214,1.56945,1.56996,1.09,1.43
2011.06.22 13:00:13.961,1.56945,1.56997,1.84,2.58
2011.06.22 13:00:14.510,1.56954,1.57006,1.50,2.16
2011.06.22 13:00:15.080,1.56954,1.57006,1.50,1.84
2011.06.22 13:00:15.193,1.56957,1.57007,1.80,4.04
2011.06.22 13:00:15.752,1.56957,1.57007,1.80,2.54
2011.06.22 13:00:15.969,1.56957,1.5701,2.18,1.84
2011.06.22 13:00:16.189,1.56961,1.57014,2.14,1.41
2011.06.22 13:00:16.410,1.56963,1.57014,1.09,1.04
2011.06.22 13:00:16.740,1.56964,1.57016,1.13,5.54
2011.06.22 13:00:16.960,1.56963,1.57012,1.47,1.04
2011.06.22 13:00:17.070,1.56963,1.57011,1.47,2.46
2011.06.22 13:00:17.400,1.56957,1.57004,1.47,1.43
2011.06.22 13:00:17.728,1.56957,1.57004,1.13,1.77
2011.06.22 13:00:20.498,1.56957,1.57002,1.13,1.09
2011.06.22 13:00:20.720,1.56954,1.57006,1.84,5.52
2011.06.22 13:00:20.939,1.56953,1.57006,1.47,3.96
2011.06.22 13:00:22.699,1.56948,1.56997,1.13,1.09
2011.06.22 13:00:27.438,1.56943,1.56995,1.47,1.09
2011.06.22 13:00:29.319,1.56941,1.56992,1.50,2.22
2011.06.22 13:00:30.770,1.56942,1.56992,1.09,1.08
2011.06.22 13:00:32.809,1.56946,1.56993,1.47,1.43
2011.06.22 13:00:32.920,1.56946,1.56996,1.47,1.79
2011.06.22 13:00:33.908,1.56952,1.56996,1.50,1.79
2011.06.22 13:00:34.240,1.56948,1.56995,1.47,1.04
2011.06.22 13:00:34.350,1.56948,1.56992,1.47,1.08
2011.06.22 13:00:35.068,1.56943,1.56992,3.72,1.08
2011.06.22 13:00:35.400,1.56946,1.56997,1.47,1.47
2011.06.22 13:00:37.218,1.56947,1.56999,1.47,2.14
2011.06.22 13:00:37.329,1.56947,1.56991,1.47,1.08
2011.06.22 13:00:38.538,1.56946,1.56997,1.47,1.47
2011.06.22 13:00:38.869,1.56953,1.57,1.88,1.47
2011.06.22 13:00:41.620,1.56952,1.57,1.43,1.79
2011.06.22 13:00:41.730,1.56944,1.57,2.59,1.79
2011.06.22 13:00:41.950,1.56947,1.56997,1.09,1.47
2011.06.22 13:00:42.059,1.56947,1.57,1.47,1.79
2011.06.22 13:00:42.639,1.56951,1.56997,1.13,1.77
2011.06.22 13:00:43.908,1.56951,1.57001,1.13,5.84
2011.06.22 13:00:44.459,1.56948,1.57001,1.09,5.46
2011.06.22 13:00:45.528,1.56952,1.57001,1.09,1.08
2011.06.22 13:00:46.199,1.56952,1.57001,1.84,2.20
2011.06.22 13:00:46.749,1.56957,1.57005,1.09,1.04
2011.06.22 13:00:47.628,1.56959,1.5701,1.50,2.97
2011.06.22 13:00:47.738,1.56956,1.5701,3.27,3.29
2011.06.22 13:00:48.179,1.56962,1.5701,1.84,3.63
2011.06.22 13:00:48.400,1.56968,1.57012,1.84,1.08
2011.06.22 13:00:48.959,1.56968,1.57012,1.84,1.08
2011.06.22 13:00:49.069,1.56968,1.57017,1.84,1.41
2011.06.22 13:00:49.178,1.56977,1.57017,1.84,1.41
2011.06.22 13:00:51.028,1.56977,1.5702,1.84,1.09
2011.06.22 13:00:53.358,1.56977,1.57019,1.84,2.14
2011.06.22 13:00:54.351,1.56977,1.57017,1.84,1.04
2011.06.22 13:00:54.460,1.56977,1.5702,1.84,2.46
2011.06.22 13:00:55.999,1.56988,1.57029,1.84,1.84
2011.06.22 13:01:00.961,1.56988,1.57026,1.84,1.47
2011.06.22 13:01:01.291,1.56988,1.57017,1.84,1.08
2011.06.22 13:01:02.021,1.56988,1.57025,1.84,2.14
2011.06.22 13:01:02.251,1.56983,1.57021,1.50,2.22
2011.06.22 13:01:02.471,1.56981,1.57021,1.09,1.84
2011.06.22 13:01:02.691,1.56985,1.57026,1.84,1.04
2011.06.22 13:01:03.239,1.57,1.57027,1.84,1.45
2011.06.22 13:01:03.462,1.56986,1.57026,1.84,1.77
2011.06.22 13:01:03.679,1.56994,1.57031,1.84,1.41
2011.06.22 13:01:04.893,1.56976,1.57027,1.84,1.43
2011.06.22 13:01:05.231,1.56971,1.57017,1.09,1.08
2011.06.22 13:01:05.560,1.5698,1.57016,1.84,1.08
2011.06.22 13:01:06.221,1.56992,1.57016,1.84,1.08
2011.06.22 13:01:06.440,1.56992,1.57027,1.84,1.08
2011.06.22 13:01:06.768,1.56992,1.57034,1.84,2.14
2011.06.22 13:01:07.751,1.56992,1.57032,1.84,1.09
2011.06.22 13:01:08.298,1.56992,1.57026,1.84,1.08
2011.06.22 13:01:08.821,1.56992,1.57027,1.84,1.45
2011.06.22 13:01:09.359,1.56992,1.57027,1.84,1.45
2011.06.22 13:01:10.679,1.56992,1.57027,1.84,1.08
2011.06.22 13:01:11.228,1.56992,1.57027,1.84,1.08
2011.06.22 13:01:12.426,1.56976,1.57027,1.47,1.08
2011.06.22 13:01:12.979,1.56974,1.57026,3.34,1.08
2011.06.22 13:01:13.198,1.56978,1.57027,1.09,1.08
2011.06.22 13:01:13.899,1.56978,1.57027,1.84,1.08
2011.06.22 13:01:14.498,1.56979,1.57026,1.47,1.08
2011.06.22 13:01:15.468,1.56978,1.57027,1.84,1.08
2011.06.22 13:01:16.263,1.5698,1.57027,1.09,1.08
2011.06.22 13:01:16.489,1.56981,1.57035,2.14,1.09
2011.06.22 13:01:16.931,1.56976,1.57027,1.09,1.08
2011.06.22 13:01:18.241,1.56981,1.57027,1.09,1.08
2011.06.22 13:01:18.458,1.56981,1.57036,1.09,3.27
2011.06.22 13:01:18.790,1.56978,1.5703,1.47,2.14
2011.06.22 13:01:19.010,1.5698,1.57032,1.09,1.77
2011.06.22 13:01:23.639,1.56978,1.57029,1.09,1.09
2011.06.22 13:01:23.969,1.56965,1.57023,1.09,1.09
2011.06.22 13:01:24.080,1.56965,1.5702,1.09,2.18
2011.06.22 13:01:24.189,1.56965,1.57013,1.09,1.43
2011.06.22 13:01:24.408,1.56967,1.57016,1.13,1.08
2011.06.22 13:01:25.289,1.56963,1.57017,2.97,1.45
2011.06.22 13:01:25.981,1.5697,1.57017,1.09,1.08
2011.06.22 13:01:26.093,1.5697,1.57023,1.09,1.80
2011.06.22 13:01:26.401,1.5697,1.57022,1.09,1.75
2011.06.22 13:01:27.059,1.5697,1.57017,1.09,1.08
2011.06.22 13:01:28.269,1.56975,1.57024,2.22,1.43
2011.06.22 13:01:28.380,1.56975,1.57027,2.22,1.08
2011.06.22 13:01:28.708,1.56975,1.57027,2.22,1.45
2011.06.22 13:01:30.289,1.56972,1.57024,1.47,2.14
2011.06.22 13:01:31.138,1.56978,1.57024,1.84,1.80
2011.06.22 13:01:31.359,1.56978,1.57027,2.22,1.08
2011.06.22 13:01:32.019,1.56978,1.57026,2.22,1.08
2011.06.22 13:01:32.818,1.56978,1.57027,2.22,1.08
2011.06.22 13:01:33.479,1.56982,1.57027,1.09,1.08
2011.06.22 13:01:34.903,1.56983,1.57027,1.47,1.08
2011.06.22 13:01:35.523,1.56984,1.57026,1.09,1.08
2011.06.22 13:01:35.740,1.56984,1.57026,2.22,1.08
2011.06.22 13:01:36.427,1.5699,1.57033,1.09,1.75
2011.06.22 13:01:36.532,1.5699,1.57037,1.09,1.08
2011.06.22 13:01:39.608,1.5699,1.5704,1.09,1.13
2011.06.22 13:01:39.827,1.5699,1.57042,1.09,1.80
2011.06.22 13:01:44.178,1.5699,1.57039,1.09,1.43
2011.06.22 13:01:44.287,1.5699,1.57042,1.09,2.13
2011.06.22 13:01:45.058,1.56991,1.5704,1.47,1.43
2011.06.22 13:01:45.389,1.56984,1.57033,2.22,1.43
2011.06.22 13:01:45.719,1.56984,1.57027,2.97,1.08
2011.06.22 13:01:46.160,1.56981,1.57027,2.59,1.08
2011.06.22 13:01:46.380,1.56977,1.57023,2.22,1.84
2011.06.22 13:01:47.102,1.56987,1.57023,2.68,1.84
2011.06.22 13:01:47.432,1.56996,1.57035,2.22,1.09
2011.06.22 13:01:47.543,1.56996,1.57036,1.84,1.09
2011.06.22 13:01:48.091,1.56996,1.57037,2.22,1.09
2011.06.22 13:01:48.419,1.56996,1.57029,1.84,1.43
2011.06.22 13:01:48.530,1.56987,1.57032,1.84,2.22
2011.06.22 13:01:49.410,1.56982,1.57023,1.50,1.09
2011.06.22 13:01:49.630,1.56974,1.57023,1.09,1.09
2011.06.22 13:01:49.849,1.56976,1.57017,1.47,1.08
2011.06.22 13:01:51.192,1.56979,1.57026,2.22,1.45
2011.06.22 13:01:52.569,1.56974,1.57026,1.84,1.84
2011.06.22 13:01:52.900,1.56974,1.57014,2.63,1.84
2011.06.22 13:01:53.120,1.56969,1.57014,2.14,1.84
2011.06.22 13:01:53.562,1.56967,1.57012,1.84,1.09
2011.06.22 13:01:54.104,1.56963,1.57011,1.50,1.13
2011.06.22 13:01:54.244,1.56958,1.57017,1.50,1.80
2011.06.22 13:01:56.781,1.56959,1.57016,1.84,1.45
2011.06.22 13:01:57.462,1.56972,1.57016,2.22,1.09
2011.06.22 13:01:58.338,1.56975,1.57022,1.84,2.93
2011.06.22 13:01:58.559,1.56975,1.57018,1.84,1.80
2011.06.22 13:02:00.350,1.56975,1.57026,2.22,1.41
2011.06.22 13:02:00.463,1.56978,1.57022,1.47,1.83
2011.06.22 13:02:00.799,1.56975,1.57021,2.22,1.83
2011.06.22 13:02:00.910,1.56975,1.57022,2.22,1.13
2011.06.22 13:02:01.242,1.56976,1.57023,1.47,1.43
2011.06.22 13:02:01.349,1.56976,1.57027,2.59,1.41
2011.06.22 13:02:02.228,1.56977,1.5703,1.47,1.09
2011.06.22 13:02:02.450,1.56981,1.57027,2.22,2.50
2011.06.22 13:02:02.888,1.56981,1.57031,2.22,1.80
2011.06.22 13:02:04.021,1.56984,1.57031,1.09,1.43
2011.06.22 13:02:04.130,1.56984,1.57036,1.47,1.47
2011.06.22 13:02:04.242,1.56983,1.5703,1.09,1.80
2011.06.22 13:02:04.788,1.56977,1.57035,1.09,2.52
2011.06.22 13:02:05.448,1.56979,1.57035,1.09,2.14
2011.06.22 13:02:08.268,1.56982,1.57037,1.09,1.45
2011.06.22 13:02:08.382,1.56982,1.57037,1.09,1.08
2011.06.22 13:02:08.708,1.56984,1.5704,2.25,1.41
2011.06.22 13:02:10.481,1.56983,1.57035,4.88,1.84
2011.06.22 13:02:10.591,1.56984,1.57035,3.00,2.59
2011.06.22 13:02:10.701,1.56994,1.57035,1.13,1.84
2011.06.22 13:02:10.810,1.56994,1.57036,1.09,1.50
2011.06.22 13:02:10.919,1.56987,1.57037,2.22,1.50
2011.06.22 13:02:11.139,1.56994,1.57043,1.47,1.77
2011.06.22 13:02:11.909,1.56994,1.57047,2.22,2.20
2011.06.22 13:02:12.912,1.56994,1.57046,2.97,1.83
2011.06.22 13:02:13.020,1.56993,1.57045,1.13,1.04
2011.06.22 13:02:13.942,1.56992,1.57042,1.09,1.09
2011.06.22 13:02:14.401,1.56985,1.57037,1.09,1.83
2011.06.22 13:02:15.188,1.56985,1.57037,1.09,1.83
2011.06.22 13:02:16.428,1.56989,1.57036,1.09,1.50
2011.06.22 13:02:17.309,1.57002,1.57044,1.84,1.08
2011.06.22 13:02:18.332,1.57002,1.57046,2.59,1.84
2011.06.22 13:02:18.551,1.57003,1.57048,1.47,2.14
2011.06.22 13:02:18.660,1.56995,1.57035,1.09,1.84
2011.06.22 13:02:18.769,1.5699,1.57035,1.84,1.84
2011.06.22 13:02:19.540,1.56998,1.57036,1.84,1.04
2011.06.22 13:02:20.571,1.56998,1.57036,1.84,1.04
2011.06.22 13:02:20.679,1.56989,1.57032,2.22,1.84
2011.06.22 13:02:20.791,1.56993,1.57032,1.09,1.84
2011.06.22 13:02:21.012,1.56997,1.57037,1.84,1.41
2011.06.22 13:02:26.740,1.56998,1.57047,1.09,1.41
2011.06.22 13:02:27.288,1.56998,1.57048,1.84,1.04
2011.06.22 13:02:30.010,1.56999,1.57048,1.09,1.04
2011.06.22 13:02:30.560,1.56995,1.57047,2.22,1.79
2011.06.22 13:02:30.780,1.56993,1.57046,1.47,1.04
2011.06.22 13:02:31.328,1.56991,1.57046,1.47,1.04
2011.06.22 13:02:35.061,1.56989,1.57042,1.09,1.09
2011.06.22 13:02:35.389,1.56988,1.57036,2.22,1.13
2011.06.22 13:02:35.828,1.5699,1.57036,1.09,1.08
2011.06.22 13:02:36.379,1.5699,1.57037,1.09,1.08
2011.06.22 13:02:37.809,1.5699,1.57036,1.09,1.08
2011.06.22 13:02:38.358,1.5699,1.57041,1.09,1.04
2011.06.22 13:02:38.468,1.57002,1.57043,1.84,1.41
2011.06.22 13:02:39.132,1.57002,1.57044,2.22,1.04
2011.06.22 13:02:40.658,1.57002,1.57045,1.84,1.04
2011.06.22 13:02:40.989,1.57002,1.57042,1.84,1.08
2011.06.22 13:02:41.318,1.57002,1.57037,1.84,1.08
2011.06.22 13:02:41.648,1.57002,1.57036,1.84,1.45
2011.06.22 13:02:41.759,1.56992,1.57037,2.22,1.41
2011.06.22 13:02:42.550,1.56992,1.57032,1.84,1.08
2011.06.22 13:02:42.769,1.56992,1.57036,1.84,1.04
2011.06.22 13:02:42.880,1.56992,1.57036,1.84,1.09
2011.06.22 13:02:43.983,1.56977,1.5702,1.84,1.09
2011.06.22 13:02:44.530,1.56977,1.57017,1.84,1.47
2011.06.22 13:02:44.750,1.56969,1.57012,1.84,1.84
2011.06.22 13:02:45.299,1.56969,1.57007,1.84,1.41
2011.06.22 13:02:46.392,1.56969,1.57007,1.84,1.41
2011.06.22 13:02:47.159,1.56975,1.57007,1.84,1.08
2011.06.22 13:02:47.378,1.56975,1.57016,1.84,1.09
2011.06.22 13:02:47.708,1.56975,1.57016,1.84,1.79
2011.06.22 13:02:48.403,1.56975,1.57007,1.84,1.08
2011.06.22 13:02:48.741,1.56975,1.57016,1.84,1.04
2011.06.22 13:02:48.961,1.56975,1.57017,1.84,3.59
2011.06.22 13:02:49.178,1.56975,1.57016,1.84,1.41
2011.06.22 13:02:51.589,1.56975,1.57015,1.84,1.04
2011.06.22 13:02:51.811,1.56961,1.5701,1.47,2.14
2011.06.22 13:02:52.030,1.56962,1.57012,1.47,1.09
2011.06.22 13:02:52.659,1.56962,1.57014,1.47,1.79
2011.06.22 13:02:52.770,1.56973,1.5701,1.50,1.09
2011.06.22 13:02:53.099,1.56977,1.57021,1.47,1.84
2011.06.22 13:02:56.459,1.56977,1.57018,1.09,1.09
2011.06.22 13:02:56.678,1.56976,1.57018,1.84,1.77
2011.06.22 13:02:56.789,1.56964,1.57018,1.09,1.77
2011.06.22 13:02:57.449,1.56963,1.57016,2.59,1.09
2011.06.22 13:02:58.000,1.56965,1.57015,1.09,1.77
2011.06.22 13:02:59.939,1.56964,1.57016,1.09,1.04
2011.06.22 13:03:00.273,1.56969,1.5701,1.84,1.84
2011.06.22 13:03:03.090,1.56969,1.5701,2.59,1.84
2011.06.22 13:03:03.420,1.56968,1.57017,2.22,2.20
2011.06.22 13:03:04.060,1.56968,1.57017,2.22,1.08
2011.06.22 13:03:04.170,1.56964,1.57015,1.84,1.84
2011.06.22 13:03:04.499,1.56958,1.57005,1.84,1.08
2011.06.22 13:03:04.719,1.56958,1.57006,1.84,2.20
2011.06.22 13:03:04.829,1.56958,1.57007,2.22,2.20
2011.06.22 13:03:05.469,1.56961,1.57006,1.09,1.83
2011.06.22 13:03:06.019,1.56962,1.57006,1.09,2.20
2011.06.22 13:03:06.349,1.56958,1.57007,2.22,1.08
2011.06.22 13:03:06.459,1.56972,1.57007,1.84,1.08
2011.06.22 13:03:06.569,1.56972,1.57017,1.84,1.79
2011.06.22 13:03:07.118,1.56972,1.57019,1.84,1.47
2011.06.22 13:03:07.228,1.56963,1.57009,3.72,1.84
2011.06.22 13:03:10.084,1.56967,1.57016,1.47,1.41
2011.06.22 13:03:12.368,1.56967,1.57008,1.47,1.13
2011.06.22 13:03:12.480,1.56964,1.57003,2.59,1.08
2011.06.22 13:03:13.002,1.56956,1.57001,1.47,1.84
2011.06.22 13:03:13.330,1.56963,1.57004,1.84,1.41
2011.06.22 13:03:13.659,1.56965,1.57008,1.09,1.84
2011.06.22 13:03:13.769,1.56964,1.57008,1.09,1.84
2011.06.22 13:03:13.878,1.56963,1.56999,2.25,1.84
2011.06.22 13:03:14.100,1.56956,1.56999,2.97,1.84
2011.06.22 13:03:14.209,1.56962,1.57004,2.22,1.41
2011.06.22 13:03:17.539,1.56966,1.57006,1.47,1.41
2011.06.22 13:03:25.680,1.56966,1.57017,1.47,1.79
2011.06.22 13:03:25.789,1.56966,1.5701,1.47,1.08
2011.06.22 13:03:26.230,1.56966,1.57015,1.47,1.77
2011.06.22 13:03:29.384,1.56964,1.5701,1.50,1.84
2011.06.22 13:03:29.490,1.56963,1.5701,1.13,1.84
2011.06.22 13:03:29.709,1.56959,1.5701,1.47,2.22
2011.06.22 13:03:29.929,1.56959,1.5701,1.47,2.22
2011.06.22 13:03:30.259,1.56959,1.57006,1.84,1.09
2011.06.22 13:03:31.940,1.56961,1.57007,1.84,1.08
2011.06.22 13:03:32.159,1.56961,1.57017,1.84,3.29
2011.06.22 13:03:32.271,1.56964,1.57016,1.47,1.09
2011.06.22 13:03:36.581,1.56968,1.57017,1.13,1.41
2011.06.22 13:03:37.843,1.56967,1.57017,1.13,1.41
2011.06.22 13:03:40.018,1.56967,1.5701,1.13,1.84
2011.06.22 13:03:42.499,1.56963,1.5701,1.13,1.84
2011.06.22 13:03:43.268,1.56961,1.5701,1.50,1.84
2011.06.22 13:03:43.489,1.56962,1.5701,1.50,2.59
2011.06.22 13:03:43.600,1.56964,1.57011,1.09,1.09
2011.06.22 13:03:43.709,1.56964,1.57012,1.09,1.77
2011.06.22 13:03:44.352,1.56963,1.57017,1.84,2.91
2011.06.22 13:03:48.458,1.56966,1.57017,1.09,2.91
2011.06.22 13:03:48.787,1.56969,1.57017,1.50,1.84
2011.06.22 13:03:55.151,1.56981,1.57022,1.84,1.04
2011.06.22 13:03:55.700,1.56981,1.57024,2.22,1.84
2011.06.22 13:03:56.801,1.56984,1.57026,1.47,1.08
2011.06.22 13:03:57.272,1.56987,1.57027,1.47,1.08
2011.06.22 13:03:57.394,1.56988,1.57033,1.09,1.28
2011.06.22 13:03:57.512,1.56984,1.57026,1.09,1.84
2011.06.22 13:03:59.251,1.56984,1.57026,1.47,1.84
2011.06.22 13:04:00.020,1.56983,1.57026,1.09,1.84
2011.06.22 13:04:01.951,1.56986,1.57026,1.09,1.84
2011.06.22 13:04:02.061,1.56988,1.57035,1.09,1.08
2011.06.22 13:04:02.609,1.56988,1.57035,1.84,1.08
2011.06.22 13:04:02.940,1.56986,1.57037,1.09,2.16
2011.06.22 13:04:03.160,1.56991,1.57037,1.09,1.41
2011.06.22 13:04:03.708,1.56994,1.57044,1.13,2.22
2011.06.22 13:04:03.929,1.56993,1.57044,1.50,2.59
2011.06.22 13:04:04.148,1.56986,1.57037,1.09,1.41
2011.06.22 13:04:04.370,1.56986,1.57035,1.09,1.08
2011.06.22 13:04:04.920,1.56988,1.57036,1.09,1.50
2011.06.22 13:04:05.249,1.57001,1.57042,1.84,1.84
2011.06.22 13:04:19.799,1.56999,1.5705,2.22,1.80
2011.06.22 13:04:21.020,1.56999,1.57045,3.72,1.43
2011.06.22 13:04:21.130,1.56999,1.57047,2.22,1.50
2011.06.22 13:04:21.241,1.57006,1.57047,2.22,1.08
2011.06.22 13:04:21.888,1.57006,1.57063,2.22,2.14
2011.06.22 13:04:22.673,1.57009,1.57064,1.09,2.14
2011.06.22 13:04:28.281,1.5701,1.5706,1.77,2.16
2011.06.22 13:04:28.719,1.57006,1.57057,1.84,1.08
2011.06.22 13:04:28.831,1.56999,1.57052,1.47,1.09
2011.06.22 13:04:31.178,1.57003,1.57047,1.84,1.08
2011.06.22 13:04:31.400,1.57003,1.5705,1.84,1.08
2011.06.22 13:04:32.608,1.57001,1.57052,1.09,1.47
2011.06.22 13:04:35.470,1.57002,1.57049,1.09,1.09
2011.06.22 13:04:35.909,1.56995,1.57036,1.09,1.08
2011.06.22 13:04:36.376,1.56995,1.57036,1.09,1.08
2011.06.22 13:04:36.711,1.56991,1.57037,1.09,1.45
2011.06.22 13:04:37.939,1.56988,1.57036,1.84,1.08
2011.06.22 13:04:38.158,1.56985,1.57034,1.47,1.09
2011.06.22 13:04:38.269,1.56985,1.57034,1.47,1.09
2011.06.22 13:04:38.379,1.56985,1.57032,1.09,1.04
2011.06.22 13:04:38.980,1.56983,1.57027,1.47,1.08
2011.06.22 13:04:39.869,1.56985,1.57026,1.09,1.08
2011.06.22 13:04:40.419,1.56985,1.57026,1.09,1.08
2011.06.22 13:04:41.230,1.56985,1.57027,1.09,1.08
2011.06.22 13:04:41.827,1.56985,1.57027,1.09,1.08
2011.06.22 13:04:42.488,1.56985,1.57027,1.09,1.08
2011.06.22 13:04:43.040,1.56982,1.57036,1.47,1.04
2011.06.22 13:04:43.259,1.56978,1.57029,2.59,1.50
2011.06.22 13:04:43.369,1.56973,1.57019,1.09,1.80
2011.06.22 13:04:44.069,1.56972,1.57017,1.09,1.45
2011.06.22 13:04:45.960,1.56968,1.57016,3.72,1.45
2011.06.22 13:04:50.861,1.56964,1.57016,1.47,1.47
2011.06.22 13:04:51.189,1.56963,1.57017,1.09,3.66
2011.06.22 13:04:51.520,1.56962,1.57011,1.09,1.09
2011.06.22 13:04:52.511,1.56963,1.57007,1.09,1.08
2011.06.22 13:04:52.622,1.56962,1.57007,1.84,1.08
2011.06.22 13:04:52.733,1.56963,1.5701,1.47,1.43
2011.06.22 13:04:52.841,1.56963,1.57,1.47,1.43
2011.06.22 13:04:53.389,1.56957,1.57007,2.22,1.80
2011.06.22 13:04:53.504,1.56973,1.5701,2.22,1.43
2011.06.22 13:04:53.620,1.56973,1.57026,2.22,1.13
2011.06.22 13:04:54.059,1.56973,1.57022,2.22,1.13
2011.06.22 13:04:54.171,1.56969,1.57023,1.47,2.22
2011.06.22 13:04:54.283,1.56969,1.57019,1.09,1.09
2011.06.22 13:04:54.501,1.56965,1.57015,1.84,1.09
2011.06.22 13:04:54.721,1.56965,1.57016,2.22,2.46
2011.06.22 13:04:55.938,1.56964,1.57014,1.88,1.84
2011.06.22 13:04:56.685,1.56954,1.57007,2.59,1.13
2011.06.22 13:04:56.802,1.56961,1.57014,1.09,1.84
2011.06.22 13:04:57.351,1.56963,1.57021,2.22,1.47
2011.06.22 13:04:57.571,1.56964,1.57021,1.50,2.54
2011.06.22 13:04:58.120,1.56963,1.57023,3.34,1.47
2011.06.22 13:04:58.451,1.56964,1.57021,1.13,1.47
2011.06.22 13:05:00.243,1.56966,1.57022,1.09,1.50
2011.06.22 13:05:00.690,1.56972,1.57025,1.09,1.08
2011.06.22 13:05:02.457,1.56973,1.57025,2.22,1.08
2011.06.22 13:05:03.012,1.56974,1.57025,1.13,1.08
2011.06.22 13:05:03.340,1.56988,1.57027,1.84,1.08
2011.06.22 13:05:03.669,1.56982,1.57024,2.22,1.84
2011.06.22 13:05:14.152,1.56981,1.57032,1.09,1.43
2011.06.22 13:05:14.919,1.56981,1.57034,1.09,1.43
2011.06.22 13:05:15.030,1.56984,1.57036,1.84,1.08
2011.06.22 13:05:15.578,1.56984,1.5704,2.59,1.08
2011.06.22 13:05:16.159,1.56984,1.57037,1.84,1.45
2011.06.22 13:05:17.259,1.56986,1.57037,1.50,1.45
2011.06.22 13:05:18.044,1.56986,1.57036,1.50,1.08
2011.06.22 13:05:18.591,1.56984,1.57037,1.09,1.08
2011.06.22 13:05:19.399,1.56986,1.5704,1.50,1.08
2011.06.22 13:05:19.954,1.56984,1.5704,1.84,1.08
2011.06.22 13:05:20.784,1.56984,1.57036,1.84,1.08
2011.06.22 13:05:21.568,1.56984,1.57037,1.09,1.08
2011.06.22 13:05:22.927,1.56984,1.57037,1.09,1.08
2011.06.22 13:05:24.900,1.56984,1.57037,1.47,1.08
2011.06.22 13:05:25.229,1.56979,1.57035,1.84,3.64
2011.06.22 13:05:25.558,1.56979,1.57026,1.84,1.08
2011.06.22 13:05:26.108,1.56982,1.57027,1.47,1.08
2011.06.22 13:05:27.218,1.56979,1.57027,1.84,1.08
2011.06.22 13:05:27.770,1.56984,1.57027,1.09,1.08
2011.06.22 13:05:27.991,1.56984,1.57031,1.09,1.41
2011.06.22 13:05:28.526,1.56982,1.57027,1.09,1.45
2011.06.22 13:05:28.634,1.56984,1.57031,2.22,1.43
2011.06.22 13:05:29.300,1.56986,1.57037,1.47,1.79
2011.06.22 13:05:29.850,1.56987,1.57036,1.09,1.09
2011.06.22 13:05:31.429,1.56991,1.5704,1.09,1.84
2011.06.22 13:05:31.538,1.56999,1.57047,1.09,2.54
2011.06.22 13:05:31.869,1.57003,1.57053,1.13,3.29
2011.06.22 13:05:34.529,1.56994,1.57041,1.50,1.09
2011.06.22 13:05:34.640,1.56989,1.57041,1.47,1.09
2011.06.22 13:05:35.191,1.56986,1.57036,1.47,1.09
2011.06.22 13:05:35.520,1.56985,1.57027,1.50,3.27
2011.06.22 13:05:35.741,1.56985,1.57027,1.50,2.18
2011.06.22 13:05:36.179,1.56986,1.57035,1.50,2.52
2011.06.22 13:05:36.729,1.56986,1.57026,1.50,1.08
2011.06.22 13:05:37.388,1.56985,1.57027,1.50,1.08
2011.06.22 13:05:37.829,1.56985,1.57032,1.50,1.09
2011.06.22 13:05:38.364,1.56986,1.57033,1.50,1.04
2011.06.22 13:05:40.928,1.56985,1.57035,1.50,1.47
2011.06.22 13:05:43.619,1.56985,1.57033,1.50,1.47
2011.06.22 13:05:44.803,1.56985,1.57033,1.50,1.47
2011.06.22 13:05:45.210,1.56986,1.57035,2.22,1.43
2011.06.22 13:05:45.538,1.56985,1.57037,4.09,1.41
2011.06.22 13:05:46.150,1.5699,1.57037,1.09,1.41
2011.06.22 13:05:47.359,1.5699,1.57037,1.09,1.41
2011.06.22 13:05:47.690,1.56995,1.57045,1.13,2.22
2011.06.22 13:05:47.798,1.5699,1.57045,1.09,2.22
2011.06.22 13:05:48.357,1.5699,1.57037,1.09,1.41
2011.06.22 13:05:49.040,1.5699,1.57037,1.09,1.41
2011.06.22 13:05:49.562,1.5699,1.57037,1.09,1.41
2011.06.22 13:05:51.249,1.5699,1.57037,1.09,1.41
2011.06.22 13:05:51.798,1.5699,1.57037,1.09,1.41
2011.06.22 13:05:52.779,1.56988,1.57037,1.84,1.41
2011.06.22 13:05:53.342,1.56989,1.57036,1.47,1.08
2011.06.22 13:05:55.810,1.56988,1.57037,1.84,1.41
2011.06.22 13:05:57.658,1.56989,1.57037,1.47,1.41
2011.06.22 13:05:59.839,1.56988,1.57037,1.84,1.41
2011.06.22 13:06:00.379,1.56991,1.57037,1.09,1.41
2011.06.22 13:06:00.939,1.56993,1.57043,3.00,1.09
2011.06.22 13:06:01.049,1.56994,1.57043,1.13,1.47
2011.06.22 13:06:01.713,1.56989,1.57041,2.22,1.09
2011.06.22 13:06:01.823,1.56987,1.57036,1.09,2.20
2011.06.22 13:06:05.339,1.56987,1.57037,1.09,1.04
2011.06.22 13:06:05.448,1.56987,1.57036,1.47,1.08
2011.06.22 13:06:07.309,1.56987,1.57039,1.09,1.04
2011.06.22 13:06:08.358,1.56988,1.57039,3.64,1.83
2011.06.22 13:06:08.473,1.56994,1.57047,1.09,1.45
2011.06.22 13:06:09.377,1.56994,1.57047,1.47,1.45
2011.06.22 13:06:09.710,1.56997,1.57046,1.09,1.08
2011.06.22 13:06:10.039,1.56999,1.57047,1.50,1.08
2011.06.22 13:06:10.151,1.57004,1.57054,1.13,1.09
2011.06.22 13:06:10.261,1.57014,1.57056,1.84,1.41
2011.06.22 13:06:24.312,1.57014,1.57052,1.84,1.09
2011.06.22 13:06:24.420,1.57005,1.57052,1.09,1.41
2011.06.22 13:06:24.639,1.57003,1.57051,2.59,1.09
2011.06.22 13:06:24.969,1.56991,1.57046,2.22,1.04
2011.06.22 13:06:25.563,1.56988,1.57037,1.84,1.09
2011.06.22 13:06:25.889,1.56991,1.57036,2.22,1.08
2011.06.22 13:06:26.548,1.56991,1.57043,2.22,1.41
2011.06.22 13:06:26.950,1.56998,1.57046,1.09,2.16
2011.06.22 13:06:27.170,1.56998,1.57046,1.09,1.79
2011.06.22 13:06:27.728,1.56991,1.57046,2.22,2.54
2011.06.22 13:06:27.949,1.56998,1.57046,1.09,1.84
2011.06.22 13:06:28.280,1.56999,1.57041,1.13,1.13
2011.06.22 13:06:28.501,1.56998,1.57033,1.09,1.08
2011.06.22 13:06:29.492,1.56988,1.57033,1.50,1.08
2011.06.22 13:06:30.338,1.56988,1.57033,1.50,1.08
2011.06.22 13:06:30.893,1.56999,1.57046,1.47,1.83
2011.06.22 13:06:31.000,1.56999,1.57044,1.13,1.04
2011.06.22 13:06:38.438,1.56999,1.57045,1.50,1.04
2011.06.22 13:06:38.549,1.57003,1.57047,1.09,1.08
2011.06.22 13:06:38.659,1.57003,1.57047,1.09,1.08
2011.06.22 13:06:39.209,1.56998,1.57047,1.13,1.08
2011.06.22 13:06:39.749,1.56999,1.57046,1.13,1.08
2011.06.22 13:06:40.299,1.56998,1.57047,1.13,1.08
2011.06.22 13:06:41.011,1.57003,1.57047,1.84,1.08
2011.06.22 13:06:41.340,1.57003,1.57049,1.84,1.08
2011.06.22 13:06:41.999,1.57004,1.57058,1.50,1.45
2011.06.22 13:06:42.109,1.57008,1.57057,2.22,1.43
2011.06.22 13:06:42.219,1.57008,1.57057,2.22,2.18
2011.06.22 13:06:42.328,1.57008,1.57057,2.22,1.75
2011.06.22 13:06:42.439,1.57008,1.57056,2.22,1.08
2011.06.22 13:06:42.970,1.57006,1.57054,1.09,1.09
2011.06.22 13:06:44.279,1.57006,1.57054,1.09,1.09
2011.06.22 13:06:47.579,1.57006,1.57054,1.09,1.09
2011.06.22 13:06:48.901,1.57006,1.57054,1.09,1.09
2011.06.22 13:06:49.009,1.57004,1.57054,1.84,1.47
2011.06.22 13:06:49.339,1.57001,1.57047,2.97,1.08
2011.06.22 13:06:49.671,1.57007,1.57057,2.22,1.08
2011.06.22 13:06:50.613,1.57008,1.57049,1.84,1.84
2011.06.22 13:06:51.979,1.57016,1.57056,2.22,1.41
2011.06.22 13:06:53.309,1.57011,1.57049,1.09,1.84
2011.06.22 13:06:53.419,1.57007,1.57049,1.84,1.84
2011.06.22 13:07:18.749,1.57019,1.57057,1.84,1.41
2011.06.22 13:07:22.790,1.57023,1.57062,1.09,1.84
2011.06.22 13:07:22.900,1.57024,1.57062,1.13,1.84
2011.06.22 13:07:23.012,1.57027,1.57069,1.84,1.09
2011.06.22 13:07:23.230,1.57012,1.57053,2.22,1.84
2011.06.22 13:07:24.303,1.57014,1.57053,2.22,1.84
2011.06.22 13:07:24.414,1.57029,1.5707,1.84,1.04
2011.06.22 13:07:25.069,1.57029,1.57067,1.84,1.09
2011.06.22 13:07:25.510,1.5702,1.57061,1.84,1.84
2011.06.22 13:07:28.404,1.57026,1.57074,1.84,2.54
2011.06.22 13:07:29.810,1.57026,1.5707,1.84,1.09
2011.06.22 13:07:32.218,1.57026,1.57066,1.84,1.08
2011.06.22 13:07:33.320,1.57009,1.57061,1.47,1.09
2011.06.22 13:07:33.429,1.57013,1.57058,1.13,1.09
2011.06.22 13:07:33.758,1.5701,1.57057,2.22,1.83
2011.06.22 13:07:35.289,1.57013,1.57054,1.09,1.84
2011.06.22 13:07:37.350,1.57009,1.5705,2.22,1.04
2011.06.22 13:07:37.899,1.57012,1.57054,1.09,1.84
2011.06.22 13:07:38.229,1.5702,1.57061,1.84,1.84
2011.06.22 13:07:40.627,1.5702,1.57061,2.59,1.84
2011.06.22 13:07:40.740,1.5702,1.57066,1.09,1.08
2011.06.22 13:07:40.852,1.5702,1.57072,1.09,1.09
2011.06.22 13:07:43.638,1.57018,1.57066,1.09,1.04
2011.06.22 13:07:43.750,1.5702,1.57067,1.09,1.08
2011.06.22 13:07:44.620,1.57023,1.57067,2.22,1.08
2011.06.22 13:07:45.181,1.57024,1.57067,1.47,1.08
2011.06.22 13:07:46.159,1.57035,1.57067,1.84,1.83
2011.06.22 13:07:48.249,1.57037,1.5708,1.09,2.16
2011.06.22 13:07:48.468,1.57035,1.5708,2.22,1.84
2011.06.22 13:07:48.689,1.57036,1.5708,1.09,1.84
2011.06.22 13:07:49.419,1.57035,1.5708,2.22,1.84
2011.06.22 13:07:50.349,1.57037,1.5708,1.09,1.84
2011.06.22 13:07:50.897,1.57042,1.5708,1.13,1.84
2011.06.22 13:07:52.760,1.57044,1.57087,1.84,1.84
2011.06.22 13:07:54.171,1.57045,1.57087,1.09,1.84
2011.06.22 13:07:55.269,1.57048,1.57087,1.09,1.84
2011.06.22 13:07:56.778,1.57049,1.57096,1.47,1.79
2011.06.22 13:07:57.000,1.57043,1.57092,1.50,1.47
2011.06.22 13:07:57.109,1.57041,1.57085,1.77,1.08
2011.06.22 13:07:57.219,1.57041,1.57088,1.77,1.09
2011.06.22 13:07:57.880,1.57034,1.57086,2.22,1.83
2011.06.22 13:07:58.608,1.57034,1.57085,2.22,1.08
2011.06.22 13:07:59.159,1.57037,1.57087,1.09,1.08
2011.06.22 13:07:59.748,1.57037,1.57087,1.09,1.08
2011.06.22 13:08:00.338,1.57036,1.57088,1.09,1.04
2011.06.22 13:08:00.961,1.57034,1.57086,3.72,1.45
2011.06.22 13:08:01.079,1.57041,1.57094,1.09,2.16
2011.06.22 13:08:01.190,1.57043,1.57094,1.13,2.54
2011.06.22 13:08:01.742,1.57043,1.57092,1.50,1.09
2011.06.22 13:08:01.959,1.57034,1.57087,2.59,1.45
2011.06.22 13:08:02.508,1.57034,1.57087,4.09,1.45
2011.06.22 13:08:03.288,1.57034,1.57087,2.59,1.45
2011.06.22 13:08:03.750,1.57034,1.57087,2.97,2.58
2011.06.22 13:08:04.082,1.57033,1.57071,1.84,1.84
2011.06.22 13:08:04.830,1.57029,1.57071,1.47,1.84
2011.06.22 13:08:04.945,1.57036,1.57077,1.84,1.79
2011.06.22 13:08:05.481,1.57036,1.57077,1.84,1.79
2011.06.22 13:08:06.039,1.57036,1.57077,1.84,1.79
2011.06.22 13:08:06.590,1.57036,1.57082,1.84,1.84
2011.06.22 13:08:09.010,1.57046,1.57086,1.84,1.04
2011.06.22 13:08:09.558,1.57037,1.5708,2.22,1.84
2011.06.22 13:08:10.912,1.5703,1.57073,2.22,1.84
2011.06.22 13:08:11.679,1.57038,1.57076,1.84,1.09
2011.06.22 13:08:13.731,1.57028,1.5707,1.09,2.22
2011.06.22 13:08:31.118,1.57024,1.5707,2.59,1.84
2011.06.22 13:08:31.449,1.57025,1.57076,2.97,2.20
2011.06.22 13:08:31.560,1.57025,1.57076,2.22,2.25
2011.06.22 13:08:31.669,1.57025,1.57079,2.22,2.14
2011.06.22 13:08:31.889,1.57025,1.57073,2.22,1.43
2011.06.22 13:08:32.404,1.57025,1.57074,2.22,1.43
2011.06.22 13:08:32.522,1.57025,1.57077,2.22,2.14
2011.06.22 13:08:36.959,1.57026,1.57077,1.47,1.09
2011.06.22 13:08:37.288,1.57025,1.57072,1.84,2.93
2011.06.22 13:08:37.832,1.57025,1.57066,1.84,1.08
2011.06.22 13:08:41.097,1.57025,1.57067,1.84,2.88
2011.06.22 13:08:41.718,1.57025,1.57067,1.84,2.88
2011.06.22 13:08:42.489,1.57026,1.57067,1.84,4.71
2011.06.22 13:08:43.519,1.57026,1.57059,1.84,1.80
2011.06.22 13:08:43.848,1.57026,1.57057,1.84,1.43
2011.06.22 13:08:44.967,1.57026,1.57059,1.84,1.80
2011.06.22 13:08:45.803,1.57026,1.57052,1.84,1.43
2011.06.22 13:08:45.914,1.57014,1.57052,1.09,1.43
2011.06.22 13:08:46.030,1.57017,1.57064,2.22,1.43
2011.06.22 13:08:46.139,1.57019,1.57067,1.09,1.08
2011.06.22 13:08:46.360,1.5702,1.57068,1.09,1.43
2011.06.22 13:08:46.470,1.57023,1.57068,1.09,1.43
2011.06.22 13:08:46.801,1.57027,1.57077,1.84,1.45
2011.06.22 13:08:47.021,1.57024,1.57071,1.47,1.45
2011.06.22 13:08:47.132,1.57021,1.5707,2.22,1.08
2011.06.22 13:08:47.679,1.57021,1.57068,2.22,1.80
2011.06.22 13:08:48.279,1.57021,1.57067,2.22,1.75
2011.06.22 13:08:48.939,1.57021,1.57069,1.84,1.08
2011.06.22 13:08:50.401,1.57021,1.57067,1.84,1.08
2011.06.22 13:08:50.732,1.57014,1.57061,1.47,1.80
2011.06.22 13:08:51.280,1.57014,1.57056,2.22,1.45
2011.06.22 13:08:51.721,1.57013,1.57057,2.22,1.08
2011.06.22 13:08:51.831,1.57014,1.57057,1.47,1.45
2011.06.22 13:08:52.779,1.57014,1.57066,1.47,1.47
2011.06.22 13:08:52.889,1.57014,1.57066,1.47,1.09
2011.06.22 13:08:52.999,1.57027,1.57068,1.84,1.41
2011.06.22 13:08:54.338,1.5702,1.57061,1.84,1.84
2011.06.22 13:08:54.669,1.57028,1.57068,1.84,1.41
2011.06.22 13:09:00.120,1.5703,1.57078,1.84,1.45
2011.06.22 13:09:00.448,1.5703,1.57078,3.27,1.50
2011.06.22 13:09:00.560,1.5703,1.57068,1.43,2.97
2011.06.22 13:09:00.671,1.57023,1.57061,1.84,1.43
2011.06.22 13:09:00.780,1.57023,1.57067,1.84,1.41
2011.06.22 13:09:09.673,1.57032,1.57083,1.09,2.52
2011.06.22 13:09:09.780,1.57034,1.57083,2.22,2.50
2011.06.22 13:09:10.439,1.57032,1.57084,1.09,1.41
2011.06.22 13:09:10.768,1.57027,1.57077,1.84,2.18
2011.06.22 13:09:11.318,1.5702,1.5707,1.09,1.80
2011.06.22 13:09:13.897,1.57018,1.57068,1.84,1.80
2011.06.22 13:09:14.610,1.5702,1.57066,1.09,1.08
2011.06.22 13:09:15.303,1.57018,1.57069,2.22,1.80
2011.06.22 13:09:15.420,1.57018,1.57069,1.84,2.18
2011.06.22 13:09:16.450,1.57018,1.57066,1.84,4.00
2011.06.22 13:09:18.400,1.57018,1.57066,1.84,2.20
2011.06.22 13:09:18.729,1.57018,1.57061,2.22,1.43
2011.06.22 13:09:18.950,1.57019,1.57067,1.47,2.50
2011.06.22 13:09:19.611,1.57019,1.57062,1.47,1.43
2011.06.22 13:09:19.938,1.57032,1.57081,2.22,1.43
2011.06.22 13:09:20.048,1.57032,1.57076,2.22,1.43
2011.06.22 13:09:20.525,1.57032,1.57084,2.22,1.79
2011.06.22 13:09:20.635,1.5704,1.57084,2.22,1.45
2011.06.22 13:09:21.188,1.5704,1.57087,2.22,1.83
2011.06.22 13:09:21.738,1.5704,1.57087,2.22,1.83
2011.06.22 13:09:22.265,1.5704,1.57086,2.22,1.45
2011.06.22 13:09:22.819,1.57041,1.5709,1.09,1.80
2011.06.22 13:09:22.930,1.57044,1.57094,2.89,1.09
2011.06.22 13:09:23.039,1.57044,1.57089,1.77,1.13
2011.06.22 13:09:24.901,1.57042,1.57091,1.09,1.43
2011.06.22 13:09:25.229,1.57044,1.57094,2.14,1.09
2011.06.22 13:09:27.718,1.57044,1.57093,3.27,1.09
2011.06.22 13:09:29.739,1.5704,1.57091,2.22,1.80
2011.06.22 13:09:36.623,1.57042,1.57086,1.09,1.08
2011.06.22 13:09:37.819,1.57042,1.57091,1.09,1.80
2011.06.22 13:09:37.929,1.57042,1.57087,1.09,1.08
2011.06.22 13:09:38.560,1.57042,1.57086,1.09,1.08
2011.06.22 13:09:39.356,1.57042,1.57087,1.09,1.08
2011.06.22 13:09:39.908,1.57042,1.57085,1.09,1.08
2011.06.22 13:09:40.239,1.57036,1.57083,1.09,1.80
2011.06.22 13:09:40.459,1.57034,1.57083,2.59,2.18
2011.06.22 13:09:41.009,1.57027,1.57076,1.09,1.04
2011.06.22 13:09:41.120,1.57026,1.57068,1.09,1.43
2011.06.22 13:09:41.928,1.57026,1.57071,1.47,1.08
2011.06.22 13:09:42.042,1.57026,1.57076,1.47,1.04
2011.06.22 13:09:43.608,1.57027,1.57072,1.47,1.08
2011.06.22 13:09:44.068,1.57031,1.57072,1.84,1.08
2011.06.22 13:09:45.119,1.57031,1.5708,1.84,2.55
2011.06.22 13:09:45.450,1.57031,1.5708,2.22,2.50
2011.06.22 13:09:45.998,1.57031,1.57081,2.22,1.08
2011.06.22 13:09:47.927,1.57031,1.57083,2.22,1.77
2011.06.22 13:09:48.035,1.57046,1.57088,1.84,1.75
2011.06.22 13:09:48.149,1.57046,1.57088,1.84,1.43
2011.06.22 13:09:48.370,1.57046,1.57093,1.84,1.80
2011.06.22 13:09:48.589,1.57046,1.57089,1.84,1.43
2011.06.22 13:09:50.391,1.57049,1.57096,1.09,1.13
2011.06.22 13:09:51.890,1.57046,1.57095,2.22,1.43
2011.06.22 13:09:52.218,1.57046,1.57097,2.22,2.84
2011.06.22 13:09:54.362,1.57046,1.57098,2.22,2.14
2011.06.22 13:09:54.757,1.57046,1.57096,2.22,1.13
2011.06.22 13:09:55.090,1.57053,1.57099,1.84,1.83
2011.06.22 13:09:55.199,1.57053,1.57099,1.84,1.13
2011.06.22 13:09:56.340,1.57047,1.57099,2.22,3.64
2011.06.22 13:09:56.448,1.57047,1.57099,1.84,3.27
2011.06.22 13:09:56.920,1.57047,1.57091,1.84,2.18
2011.06.22 13:09:57.250,1.57039,1.5709,1.84,2.18
2011.06.22 13:09:57.471,1.57039,1.57084,1.84,1.80
2011.06.22 13:09:57.800,1.57039,1.57086,2.22,2.18
2011.06.22 13:09:58.020,1.5705,1.57087,1.84,1.08
2011.06.22 13:09:58.238,1.5705,1.57101,1.84,2.89
2011.06.22 13:09:58.880,1.5705,1.57097,1.84,1.09
2011.06.22 13:09:59.209,1.5705,1.57085,1.84,1.43
2011.06.22 13:10:00.378,1.5705,1.57089,1.84,1.80
2011.06.22 13:10:00.928,1.57034,1.57089,4.77,1.80
2011.06.22 13:10:01.039,1.57034,1.57089,4.39,2.18
2011.06.22 13:10:02.149,1.57034,1.57084,2.97,1.80
2011.06.22 13:10:05.531,1.57034,1.57084,1.84,2.88
2011.06.22 13:10:05.750,1.57033,1.5708,1.84,1.80
2011.06.22 13:10:10.590,1.57033,1.57077,1.84,1.08
2011.06.22 13:10:11.110,1.57025,1.57078,1.09,1.47
2011.06.22 13:10:12.749,1.57025,1.57075,1.09,1.09
2011.06.22 13:10:14.099,1.57025,1.57078,1.09,1.84
2011.06.22 13:10:14.538,1.57025,1.57075,1.09,1.09
2011.06.22 13:10:15.469,1.57025,1.57078,1.09,1.47
2011.06.22 13:10:19.769,1.57027,1.57075,1.47,1.04
2011.06.22 13:10:20.319,1.57027,1.57079,1.47,2.14
2011.06.22 13:10:23.139,1.57031,1.57079,1.84,1.80
2011.06.22 13:10:23.471,1.57031,1.57076,1.84,1.08
2011.06.22 13:10:23.946,1.57023,1.57075,2.22,2.13
2011.06.22 13:10:24.063,1.57017,1.57066,1.09,1.45
2011.06.22 13:10:27.410,1.57016,1.57066,2.22,1.08
2011.06.22 13:10:27.631,1.57016,1.57066,1.84,1.45
2011.06.22 13:10:31.999,1.57017,1.57063,1.47,1.43
2011.06.22 13:10:32.111,1.57017,1.57067,1.47,1.43
2011.06.22 13:10:35.170,1.57017,1.57063,1.47,1.43
2011.06.22 13:10:38.890,1.57017,1.57067,2.14,1.08
2011.06.22 13:10:39.439,1.57017,1.57067,2.14,1.08
2011.06.22 13:10:40.339,1.57017,1.57067,2.14,1.08
2011.06.22 13:10:40.669,1.57022,1.57067,1.09,1.08
2011.06.22 13:10:40.999,1.57033,1.57074,1.84,1.84
2011.06.22 13:10:51.060,1.57024,1.57074,1.13,1.04
2011.06.22 13:10:51.679,1.57022,1.57072,1.09,1.09
2011.06.22 13:10:51.790,1.57022,1.5706,1.09,1.80
2011.06.22 13:10:52.119,1.57016,1.57067,2.22,2.50
2011.06.22 13:10:52.230,1.57017,1.57062,1.09,2.22
2011.06.22 13:10:54.252,1.5702,1.57059,1.09,1.77
2011.06.22 13:10:54.910,1.57016,1.57059,1.09,1.77
2011.06.22 13:10:55.241,1.57016,1.57059,2.97,1.43
2011.06.22 13:10:55.352,1.57016,1.57065,2.97,1.80
2011.06.22 13:10:58.879,1.57021,1.57065,1.09,1.43
2011.06.22 13:10:59.209,1.57017,1.57061,1.47,1.43
2011.06.22 13:10:59.540,1.57017,1.57066,1.47,1.08
2011.06.22 13:10:59.979,1.57016,1.57069,2.97,1.80
2011.06.22 13:11:01.129,1.57022,1.57069,1.84,1.80
2011.06.22 13:11:01.350,1.57022,1.57074,2.22,1.80
2011.06.22 13:11:01.459,1.57022,1.57074,1.84,2.18
2011.06.22 13:11:03.421,1.57022,1.57067,1.84,1.43
2011.06.22 13:11:03.528,1.57022,1.57069,1.84,1.80
2011.06.22 13:11:06.549,1.57022,1.57061,1.84,1.43
2011.06.22 13:11:06.775,1.57035,1.57082,1.84,1.13
2011.06.22 13:11:07.111,1.5704,1.57087,1.77,1.13
2011.06.22 13:11:07.222,1.5704,1.57092,2.14,1.47
2011.06.22 13:11:07.330,1.57043,1.57093,1.84,1.80
2011.06.22 13:11:08.431,1.57045,1.57093,1.47,1.43
2011.06.22 13:11:08.649,1.57045,1.57096,2.52,1.84
2011.06.22 13:11:09.199,1.57044,1.57095,2.89,1.09
2011.06.22 13:11:09.753,1.57044,1.57092,2.55,1.84
2011.06.22 13:11:10.091,1.57048,1.57092,1.43,1.84
2011.06.22 13:11:10.420,1.57047,1.57092,1.80,1.84
2011.06.22 13:11:10.641,1.57039,1.57084,1.09,1.80
2011.06.22 13:11:11.739,1.57043,1.57083,1.09,1.08
2011.06.22 13:11:12.179,1.57043,1.57085,1.09,1.80
2011.06.22 13:11:12.529,1.57043,1.57085,1.09,1.80
2011.06.22 13:11:12.862,1.57049,1.57084,1.47,1.43
2011.06.22 13:11:12.971,1.57047,1.57097,1.47,1.41
2011.06.22 13:11:13.081,1.57049,1.57096,1.47,1.04
2011.06.22 13:11:13.191,1.57048,1.57096,2.14,1.04
2011.06.22 13:11:14.175,1.5705,1.571,2.18,1.41
2011.06.22 13:11:14.621,1.57051,1.57099,2.18,1.09
2011.06.22 13:11:14.732,1.57057,1.57102,1.09,1.45
2011.06.22 13:11:15.169,1.5706,1.57102,1.43,1.08
2011.06.22 13:11:15.280,1.5706,1.5711,1.43,2.22
2011.06.22 13:11:16.338,1.57058,1.57104,1.13,1.04
2011.06.22 13:11:16.669,1.57058,1.57101,1.13,1.08
2011.06.22 13:11:17.219,1.57057,1.57104,1.09,1.09
2011.06.22 13:11:18.077,1.57057,1.57104,1.09,1.09
2011.06.22 13:11:18.410,1.57058,1.57105,1.13,1.77
2011.06.22 13:11:18.522,1.57058,1.57106,1.13,2.22
2011.06.22 13:11:19.070,1.57056,1.5711,1.47,2.22
2011.06.22 13:11:25.224,1.57052,1.57106,1.47,1.47
2011.06.22 13:11:27.939,1.5705,1.57104,1.84,1.09
2011.06.22 13:11:31.120,1.57045,1.57096,1.13,1.13
2011.06.22 13:11:32.081,1.57046,1.57096,1.43,1.45
2011.06.22 13:11:33.348,1.57042,1.57096,1.13,1.13
2011.06.22 13:11:34.010,1.57045,1.57097,1.13,2.88
2011.06.22 13:11:35.440,1.5704,1.57096,2.25,1.08
2011.06.22 13:11:35.948,1.5704,1.57088,2.25,1.43
2011.06.22 13:11:36.169,1.5704,1.57088,2.25,1.43
2011.06.22 13:11:36.718,1.5704,1.57091,1.13,1.80
2011.06.22 13:11:37.228,1.5704,1.57091,1.13,1.80
2011.06.22 13:11:37.899,1.5704,1.57091,1.50,1.80
2011.06.22 13:11:38.009,1.5704,1.57091,1.50,1.80
2011.06.22 13:11:38.920,1.5705,1.57098,1.13,1.13
2011.06.22 13:11:39.360,1.57053,1.57105,1.84,1.09
2011.06.22 13:11:39.470,1.57057,1.57106,1.47,1.77
2011.06.22 13:11:39.800,1.57059,1.5711,2.22,2.14
2011.06.22 13:11:41.500,1.57059,1.57106,2.22,1.43
2011.06.22 13:11:41.720,1.57054,1.57103,3.34,1.09
2011.06.22 13:11:43.950,1.57056,1.571,1.13,1.43
2011.06.22 13:11:44.169,1.57047,1.57107,2.59,3.34
2011.06.22 13:11:46.230,1.57054,1.57106,1.09,1.09
2011.06.22 13:11:46.338,1.57054,1.57107,1.09,1.13
2011.06.22 13:11:46.449,1.57058,1.57112,1.80,1.09
2011.06.22 13:11:46.890,1.57058,1.57112,1.80,1.09
2011.06.22 13:11:51.109,1.57066,1.57115,1.43,2.22
2011.06.22 13:11:51.330,1.57066,1.57115,1.43,1.50
2011.06.22 13:11:51.890,1.5706,1.57114,1.80,1.80
2011.06.22 13:11:52.000,1.5706,1.57114,1.80,1.80
2011.06.22 13:11:52.111,1.5706,1.57114,1.80,1.80
2011.06.22 13:11:52.220,1.57058,1.57115,1.13,2.93
2011.06.22 13:11:52.439,1.5706,1.57114,1.80,1.80
2011.06.22 13:11:52.769,1.57059,1.57115,1.50,2.93
2011.06.22 13:11:53.099,1.57058,1.57114,2.18,1.80
2011.06.22 13:11:53.971,1.57058,1.57114,1.80,1.80
2011.06.22 13:11:54.188,1.57061,1.57114,1.13,1.43
2011.06.22 13:11:54.860,1.57061,1.57115,1.13,1.80
2011.06.22 13:11:55.301,1.57062,1.57115,1.50,1.80
2011.06.22 13:11:56.114,1.57065,1.57116,1.80,1.08
2011.06.22 13:11:56.233,1.57062,1.57114,1.13,1.80
2011.06.22 13:11:56.449,1.57062,1.57114,1.13,1.80
2011.06.22 13:11:56.999,1.57062,1.57115,1.13,2.50
2011.06.22 13:11:57.110,1.57062,1.57109,1.13,1.43
2011.06.22 13:11:57.331,1.57062,1.57115,1.13,2.88
2011.06.22 13:11:57.882,1.57072,1.57115,1.84,1.80
2011.06.22 13:11:58.322,1.57072,1.57117,1.84,1.08
2011.06.22 13:11:58.869,1.57072,1.57112,1.84,1.08
2011.06.22 13:11:59.419,1.57072,1.57112,1.84,1.08
2011.06.22 13:11:59.638,1.57067,1.57111,1.47,1.08
2011.06.22 13:12:03.309,1.57065,1.57115,1.47,1.80
2011.06.22 13:12:03.419,1.57068,1.57115,1.09,2.18
2011.06.22 13:12:03.749,1.57074,1.57117,1.84,1.08
2011.06.22 13:12:04.188,1.57074,1.57121,1.84,1.08
2011.06.22 13:12:05.798,1.57074,1.57121,2.59,1.08
2011.06.22 13:12:06.428,1.57074,1.57121,1.84,1.08
2011.06.22 13:12:07.017,1.57074,1.57121,4.47,1.08
2011.06.22 13:12:07.120,1.57074,1.57121,3.72,1.08
2011.06.22 13:12:09.270,1.57073,1.57112,1.09,1.84
2011.06.22 13:12:11.510,1.57071,1.57111,1.84,1.09
2011.06.22 13:12:13.000,1.57071,1.57109,1.84,1.04
2011.06.22 13:12:16.261,1.57064,1.57103,1.09,1.84
2011.06.22 13:12:17.909,1.5707,1.57112,1.84,1.84
2011.06.22 13:12:21.020,1.5708,1.57112,1.80,1.84
2011.06.22 13:12:21.129,1.5708,1.57122,2.14,1.08
2011.06.22 13:12:21.460,1.57083,1.57125,1.84,1.08
2011.06.22 13:12:22.009,1.57084,1.57125,1.84,1.08
2011.06.22 13:12:22.450,1.57079,1.57124,1.84,1.45
2011.06.22 13:12:23.000,1.57079,1.57121,1.84,1.45
2011.06.22 13:12:23.551,1.57079,1.57116,1.84,1.08
2011.06.22 13:12:23.769,1.57079,1.57124,1.84,1.08
2011.06.22 13:12:23.880,1.57079,1.57125,1.84,1.08
2011.06.22 13:12:24.431,1.57084,1.57121,1.50,1.84
2011.06.22 13:12:24.544,1.57079,1.57121,1.77,1.84
2011.06.22 13:12:24.660,1.57079,1.57114,1.77,1.13
2011.06.22 13:12:24.990,1.57082,1.5711,1.43,1.04
2011.06.22 13:12:25.320,1.57064,1.57112,3.72,2.54
2011.06.22 13:12:26.751,1.57064,1.57109,1.84,1.41
2011.06.22 13:12:27.338,1.57064,1.57111,1.84,1.41
2011.06.22 13:12:29.001,1.57067,1.57112,1.84,1.45
2011.06.22 13:12:29.110,1.57063,1.57112,2.14,1.79
2011.06.22 13:12:30.422,1.57063,1.57112,2.22,1.41
2011.06.22 13:12:30.979,1.57064,1.57111,1.47,1.08
2011.06.22 13:12:31.669,1.57064,1.57116,2.22,2.54
2011.06.22 13:12:31.781,1.57068,1.57117,1.84,1.45
2011.06.22 13:12:31.999,1.57068,1.57119,2.22,1.09
2011.06.22 13:12:32.220,1.57068,1.57119,2.22,1.47
2011.06.22 13:12:32.551,1.57076,1.57117,1.84,1.09
2011.06.22 13:12:32.771,1.5707,1.57113,1.84,2.22
2011.06.22 13:12:32.989,1.5707,1.57108,1.84,1.09
2011.06.22 13:12:35.799,1.5707,1.57107,1.84,1.08
2011.06.22 13:12:36.350,1.57071,1.57107,1.09,1.08
2011.06.22 13:12:36.683,1.5707,1.57107,1.84,1.45
2011.06.22 13:12:37.011,1.57047,1.57088,1.09,2.59
2011.06.22 13:12:37.340,1.57047,1.57085,1.09,1.09
2011.06.22 13:12:37.449,1.57047,1.57087,1.09,1.09
2011.06.22 13:12:38.066,1.57047,1.57088,1.84,1.84
2011.06.22 13:12:38.719,1.57047,1.57088,1.84,1.84
2011.06.22 13:12:40.322,1.57047,1.57088,2.22,1.84
2011.06.22 13:12:40.441,1.57048,1.57097,1.84,3.68
2011.06.22 13:12:41.319,1.57049,1.57097,1.09,2.58
2011.06.22 13:12:41.539,1.57054,1.57096,1.09,2.25
2011.06.22 13:12:41.650,1.57054,1.57096,1.09,2.20
2011.06.22 13:12:42.229,1.57054,1.57099,2.59,1.09
2011.06.22 13:12:42.450,1.57054,1.57102,1.84,1.47
2011.06.22 13:12:42.561,1.57057,1.57104,1.13,1.09
2011.06.22 13:12:42.888,1.57059,1.57104,1.88,1.09
2011.06.22 13:12:44.219,1.57054,1.57104,1.09,1.09
2011.06.22 13:12:45.639,1.57054,1.57104,2.59,1.09
2011.06.22 13:12:46.161,1.57053,1.571,1.09,1.09
2011.06.22 13:12:50.000,1.57051,1.57104,1.47,1.09
2011.06.22 13:12:50.221,1.57068,1.57106,1.84,1.09
2011.06.22 13:12:50.331,1.57068,1.57106,1.84,1.47
2011.06.22 13:12:51.245,1.5706,1.57103,1.84,2.22
2011.06.22 13:12:53.230,1.57063,1.57103,2.22,1.84
2011.06.22 13:12:53.342,1.57065,1.57113,2.22,1.13
2011.06.22 13:12:54.221,1.57065,1.57113,1.84,1.83
2011.06.22 13:12:54.331,1.57063,1.57113,1.84,1.04
2011.06.22 13:12:54.879,1.57062,1.57113,1.47,1.04
2011.06.22 13:12:55.629,1.57066,1.57114,2.59,1.45
2011.06.22 13:12:55.739,1.57066,1.57114,2.97,1.08
2011.06.22 13:12:56.390,1.57066,1.57114,2.97,1.08
2011.06.22 13:12:56.506,1.57066,1.57113,2.59,1.50
2011.06.22 13:12:56.623,1.57066,1.57118,1.84,1.09
2011.06.22 13:12:56.733,1.57067,1.57116,1.09,1.09
2011.06.22 13:12:57.501,1.57078,1.57116,1.84,1.50
2011.06.22 13:12:57.611,1.57078,1.57116,1.84,1.13
2011.06.22 13:12:57.719,1.57071,1.5712,1.13,1.09
2011.06.22 13:12:57.829,1.57068,1.57119,1.09,1.09
2011.06.22 13:12:57.941,1.57066,1.57119,1.09,1.41
2011.06.22 13:12:58.269,1.57063,1.57117,2.52,1.50
2011.06.22 13:12:58.819,1.57062,1.57111,1.84,1.50
2011.06.22 13:12:59.700,1.57063,1.57112,1.09,1.13
2011.06.22 13:13:00.447,1.57067,1.57116,1.09,1.83
2011.06.22 13:13:00.564,1.5707,1.57127,2.22,2.91
2011.06.22 13:13:00.671,1.5707,1.57127,2.59,2.54
2011.06.22 13:13:01.220,1.57073,1.57126,1.47,1.08
2011.06.22 13:13:03.310,1.57072,1.57126,1.09,2.58
2011.06.22 13:13:03.530,1.57066,1.57118,1.09,1.09
2011.06.22 13:13:03.970,1.57072,1.57116,1.09,2.20
2011.06.22 13:13:04.080,1.57072,1.57116,1.09,1.88
2011.06.22 13:13:04.410,1.57076,1.57122,1.09,1.50
2011.06.22 13:13:04.521,1.57076,1.57122,1.09,1.13
2011.06.22 13:13:05.071,1.57075,1.57127,1.09,2.16
2011.06.22 13:13:05.622,1.57083,1.57133,1.50,2.22
2011.06.22 13:13:06.719,1.57083,1.57126,1.50,1.09
2011.06.22 13:13:06.941,1.57075,1.5712,1.09,1.09
2011.06.22 13:13:07.269,1.57075,1.5712,1.09,1.09
2011.06.22 13:13:08.061,1.57075,1.5712,1.09,1.09
2011.06.22 13:13:08.281,1.57075,1.57122,1.09,2.97
2011.06.22 13:13:08.939,1.57074,1.57122,1.09,2.22
2011.06.22 13:13:09.710,1.5707,1.57115,1.84,1.09
2011.06.22 13:13:10.260,1.57061,1.57111,1.09,1.47
2011.06.22 13:13:10.883,1.57068,1.57126,1.47,1.09
2011.06.22 13:13:11.430,1.57077,1.57126,1.09,2.20
2011.06.22 13:13:11.980,1.57081,1.57131,1.09,1.47
2011.06.22 13:13:12.199,1.57076,1.57131,2.22,1.84
2011.06.22 13:13:13.749,1.57076,1.57127,1.84,1.50
2011.06.22 13:13:15.025,1.57076,1.57127,2.59,1.50
2011.06.22 13:13:15.580,1.5708,1.57136,1.09,2.59
2011.06.22 13:13:15.691,1.57083,1.57136,1.13,2.59
2011.06.22 13:13:16.509,1.57083,1.57136,1.13,2.59
2011.06.22 13:13:17.170,1.57084,1.57136,1.13,2.97
2011.06.22 13:13:17.279,1.57084,1.5714,2.59,1.09
2011.06.22 13:13:18.010,1.57084,1.57134,2.25,2.59
2011.06.22 13:13:18.339,1.57084,1.57136,1.47,1.45
2011.06.22 13:13:20.636,1.57095,1.57143,1.84,2.54
2011.06.22 13:13:20.755,1.57088,1.57137,1.09,1.09
2011.06.22 13:13:20.981,1.57085,1.57135,1.09,1.09
2011.06.22 13:13:25.670,1.57085,1.57137,1.09,2.16
2011.06.22 13:13:27.514,1.57084,1.57134,1.84,1.09
2011.06.22 13:13:27.849,1.57084,1.57127,1.84,1.08
2011.06.22 13:13:28.292,1.57078,1.57125,1.09,1.09
2011.06.22 13:13:30.689,1.57085,1.57126,1.84,2.91
2011.06.22 13:13:30.800,1.57085,1.57126,1.84,1.84
2011.06.22 13:13:31.021,1.57086,1.57132,2.22,1.43
2011.06.22 13:13:31.129,1.57086,1.57137,2.22,1.08
2011.06.22 13:13:31.241,1.57093,1.57139,2.14,1.09
2011.06.22 13:13:31.569,1.571,1.57143,1.84,1.04
2011.06.22 13:13:32.470,1.57104,1.57144,1.84,1.04
2011.06.22 13:13:32.909,1.571,1.57143,1.84,1.09
2011.06.22 13:13:33.239,1.571,1.57141,1.84,1.13
2011.06.22 13:13:33.938,1.571,1.57143,1.84,1.09
2011.06.22 13:13:34.050,1.57088,1.57137,1.84,2.59
2011.06.22 13:13:35.700,1.57088,1.57136,1.84,1.47
2011.06.22 13:13:40.739,1.57095,1.5714,1.84,1.09
2011.06.22 13:13:40.960,1.57095,1.57141,1.84,1.09
2011.06.22 13:13:43.069,1.57095,1.57142,1.84,1.84
2011.06.22 13:13:43.620,1.57095,1.5714,1.84,1.09
2011.06.22 13:13:44.279,1.57095,1.57142,1.84,1.47
2011.06.22 13:13:45.082,1.57095,1.57144,1.84,2.22
2011.06.22 13:13:45.194,1.57092,1.57132,1.09,1.84
2011.06.22 13:13:48.549,1.57095,1.57132,1.09,1.84
2011.06.22 13:13:49.057,1.57091,1.57132,2.59,1.84
2011.06.22 13:13:49.760,1.57095,1.57132,1.09,1.84
2011.06.22 13:13:50.338,1.57091,1.57132,2.59,1.84
2011.06.22 13:13:50.669,1.57095,1.57132,1.09,1.84
2011.06.22 13:13:53.269,1.57097,1.57142,1.84,1.09
2011.06.22 13:14:20.521,1.57097,1.5714,1.84,1.09
2011.06.22 13:14:22.019,1.57097,1.57141,2.59,1.47
2011.06.22 13:14:22.789,1.57098,1.57146,1.84,1.50
2011.06.22 13:14:23.229,1.57098,1.57147,1.84,1.13
2011.06.22 13:14:23.450,1.57098,1.57148,3.27,1.50
2011.06.22 13:14:26.678,1.57092,1.57145,1.47,2.52
2011.06.22 13:14:26.791,1.57092,1.57141,1.09,1.47
2011.06.22 13:14:27.230,1.57089,1.57136,1.84,1.50
2011.06.22 13:14:30.490,1.57092,1.57137,1.09,1.13
2011.06.22 13:14:30.710,1.57092,1.57141,1.09,1.84
2011.06.22 13:14:31.261,1.57095,1.57137,1.09,1.50
2011.06.22 13:14:31.479,1.57095,1.57136,1.09,1.13
2011.06.22 13:14:33.489,1.57091,1.57141,1.09,1.84
2011.06.22 13:14:35.551,1.57095,1.57141,1.09,1.09
2011.06.22 13:14:36.559,1.57091,1.57141,1.09,1.09
2011.06.22 13:14:39.018,1.57095,1.57141,1.09,1.09
2011.06.22 13:14:40.159,1.57088,1.57139,2.52,2.22
2011.06.22 13:14:40.837,1.57088,1.57135,1.09,1.09
2011.06.22 13:14:40.952,1.57088,1.57139,1.09,2.22
2011.06.22 13:14:41.171,1.57088,1.57139,1.09,2.22
2011.06.22 13:14:41.390,1.57091,1.57139,1.50,2.22
2011.06.22 13:14:41.501,1.57091,1.57139,2.25,2.22
2011.06.22 13:14:41.612,1.57094,1.57139,1.13,1.84
2011.06.22 13:14:41.722,1.57096,1.57142,1.09,1.13
2011.06.22 13:14:41.940,1.57096,1.57147,1.47,1.47
2011.06.22 13:14:42.051,1.57096,1.57146,1.09,1.84
2011.06.22 13:14:46.159,1.57093,1.57146,1.09,2.91
2011.06.22 13:14:46.271,1.57091,1.57141,1.09,1.09
2011.06.22 13:14:46.490,1.57091,1.57139,1.09,1.09
2011.06.22 13:14:47.731,1.57091,1.57138,1.09,1.13
2011.06.22 13:14:48.282,1.57093,1.57143,1.84,1.79
2011.06.22 13:14:48.389,1.57093,1.57139,1.84,1.09
2011.06.22 13:14:49.049,1.57093,1.57143,1.84,1.09
2011.06.22 13:14:49.600,1.57093,1.57144,1.84,1.79
2011.06.22 13:14:50.149,1.57094,1.57143,1.50,1.04
2011.06.22 13:14:50.999,1.57093,1.57139,1.84,1.09
2011.06.22 13:14:51.521,1.57086,1.57139,2.89,2.59
2011.06.22 13:14:52.401,1.57088,1.57136,1.13,1.47
2011.06.22 13:14:52.731,1.57086,1.57131,1.47,1.50
2011.06.22 13:14:52.840,1.57086,1.57131,1.09,1.50
2011.06.22 13:14:52.949,1.57086,1.57131,1.09,1.13
2011.06.22 13:14:53.500,1.57083,1.57133,1.09,1.09
2011.06.22 13:14:54.691,1.57082,1.57132,1.09,1.50
2011.06.22 13:14:55.239,1.57086,1.57132,1.09,1.13
2011.06.22 13:14:55.788,1.57081,1.57136,1.47,2.52
2011.06.22 13:14:57.292,1.57081,1.57125,1.09,1.09
2011.06.22 13:14:57.731,1.57076,1.5712,1.84,1.09
2011.06.22 13:14:58.391,1.57076,1.57115,1.84,1.80
2011.06.22 13:14:59.270,1.57067,1.57115,1.84,2.14
2011.06.22 13:14:59.490,1.57079,1.57125,1.84,1.09
2011.06.22 13:14:59.711,1.57079,1.57124,1.84,1.77
2011.06.22 13:15:01.791,1.5708,1.57126,1.84,1.13
2011.06.22 13:15:02.979,1.57082,1.57132,1.47,1.13
2011.06.22 13:15:10.460,1.57087,1.57136,1.84,2.18
2011.06.22 13:15:12.470,1.57082,1.5713,2.22,1.08
2011.06.22 13:15:13.349,1.57082,1.5713,2.22,1.08
2011.06.22 13:15:13.899,1.57082,1.57135,2.22,1.09
2011.06.22 13:15:15.209,1.57082,1.57132,2.22,1.08
2011.06.22 13:15:15.760,1.57086,1.57131,2.14,1.08
2011.06.22 13:15:15.981,1.57086,1.5713,1.77,1.08
2011.06.22 13:15:18.958,1.57089,1.57137,1.84,2.58
2011.06.22 13:15:23.419,1.57084,1.57133,1.09,1.47
2011.06.22 13:15:25.889,1.57088,1.57133,1.09,1.47
2011.06.22 13:15:25.999,1.57086,1.57133,1.09,1.47
2011.06.22 13:15:26.550,1.57086,1.57132,1.09,1.13
2011.06.22 13:15:29.511,1.57087,1.57133,1.09,1.79
2011.06.22 13:15:33.799,1.57088,1.57133,1.09,1.09
2011.06.22 13:15:34.130,1.57086,1.57133,1.09,1.09
2011.06.22 13:15:34.240,1.57086,1.57136,1.09,1.47
2011.06.22 13:15:34.680,1.57087,1.57131,1.47,1.08
2011.06.22 13:15:35.009,1.57084,1.57133,1.09,1.04
2011.06.22 13:15:35.341,1.57077,1.57121,1.09,2.22
2011.06.22 13:15:36.203,1.57083,1.57128,1.84,1.84
2011.06.22 13:15:39.481,1.57084,1.57133,1.09,1.13
2011.06.22 13:15:40.833,1.57083,1.57132,1.84,1.50
2011.06.22 13:15:42.040,1.57081,1.57131,1.09,1.84
2011.06.22 13:15:42.588,1.57081,1.57134,1.47,2.91
2011.06.22 13:15:43.029,1.57082,1.57134,2.22,1.08
2011.06.22 13:15:43.470,1.57082,1.57136,2.59,2.54
2011.06.22 13:15:44.680,1.57087,1.57141,1.09,1.47
2011.06.22 13:15:45.234,1.57094,1.57143,1.84,1.04
2011.06.22 13:15:47.230,1.57091,1.57143,1.84,3.59
2011.06.22 13:15:48.882,1.57086,1.57137,1.47,1.79
2011.06.22 13:15:49.005,1.57087,1.57128,1.09,1.08
2011.06.22 13:15:49.231,1.57087,1.57131,1.09,1.45
2011.06.22 13:15:49.780,1.57091,1.57132,1.09,1.08
2011.06.22 13:15:50.219,1.57087,1.57133,1.09,1.13
2011.06.22 13:15:50.990,1.57087,1.57134,1.09,1.08
2011.06.22 13:15:51.099,1.57087,1.57133,1.09,1.13
2011.06.22 13:15:51.609,1.57087,1.57131,1.09,1.08
2011.06.22 13:15:51.829,1.57084,1.57133,2.59,1.13
2011.06.22 13:15:51.940,1.57084,1.57132,2.59,1.83
2011.06.22 13:15:52.489,1.57084,1.57127,2.59,1.45
2011.06.22 13:15:53.150,1.57084,1.57131,2.59,1.13
2011.06.22 13:15:54.240,1.57084,1.57132,2.59,1.88
2011.06.22 13:15:57.521,1.57084,1.57131,3.34,2.20
2011.06.22 13:15:58.410,1.57084,1.5713,2.59,1.08
2011.06.22 13:15:58.741,1.57074,1.57121,1.50,1.09
2011.06.22 13:15:58.850,1.57072,1.57121,1.09,2.52
2011.06.22 13:15:58.961,1.57072,1.57121,1.47,1.77
2011.06.22 13:15:59.292,1.5707,1.57122,1.77,1.09
2011.06.22 13:16:00.063,1.57067,1.57117,1.47,1.04
2011.06.22 13:16:00.668,1.57067,1.57117,1.47,1.79
2011.06.22 13:16:00.901,1.5707,1.57117,1.09,1.41
2011.06.22 13:16:01.449,1.57074,1.57123,1.88,1.84
2011.06.22 13:16:01.999,1.57074,1.57121,2.93,1.04
2011.06.22 13:16:02.331,1.5708,1.57122,1.84,1.84
2011.06.22 13:16:02.839,1.5708,1.57122,1.84,1.04
2011.06.22 13:16:04.873,1.5708,1.57121,1.84,1.84
2011.06.22 13:16:05.750,1.5708,1.57124,1.84,3.59
2011.06.22 13:16:06.192,1.57068,1.5711,1.09,1.09
2011.06.22 13:16:06.521,1.57062,1.57102,1.09,1.84
2011.06.22 13:16:07.893,1.57057,1.5709,1.13,1.84
2011.06.22 13:16:08.110,1.57053,1.5709,1.47,1.84
2011.06.22 13:16:08.222,1.57056,1.57098,1.84,2.22
2011.06.22 13:16:08.894,1.57061,1.57104,2.22,1.84
2011.06.22 13:16:09.229,1.57063,1.57115,1.84,2.52
2011.06.22 13:16:11.452,1.57063,1.57112,1.84,1.09
2011.06.22 13:16:11.562,1.57058,1.57112,1.09,1.09
2011.06.22 13:16:13.561,1.57062,1.57112,1.09,1.84
2011.06.22 13:16:14.216,1.57062,1.57109,1.09,2.14
2011.06.22 13:16:14.443,1.57056,1.57106,1.09,2.25
2011.06.22 13:16:14.989,1.57055,1.57104,1.84,1.80
2011.06.22 13:16:15.319,1.57055,1.57096,1.84,1.08
2011.06.22 13:16:15.650,1.57055,1.57104,1.84,1.80
2011.06.22 13:16:17.172,1.57055,1.57104,1.84,2.18
2011.06.22 13:16:19.210,1.57055,1.57096,1.84,1.08
2011.06.22 13:16:19.540,1.57046,1.57097,2.22,1.45
2011.06.22 13:16:20.370,1.57052,1.57097,1.84,1.13
2011.06.22 13:16:21.277,1.57051,1.57096,1.09,1.45
2011.06.22 13:16:23.491,1.57051,1.57097,1.09,1.08
2011.06.22 13:16:23.820,1.57054,1.57098,1.80,1.09
2011.06.22 13:16:23.931,1.57052,1.57102,1.09,1.47
2011.06.22 13:16:24.040,1.57057,1.57102,1.13,1.09
2011.06.22 13:16:24.370,1.57064,1.57108,1.84,2.22
2011.06.22 13:16:25.731,1.57059,1.57104,1.13,1.84
2011.06.22 13:16:25.839,1.57064,1.57113,1.47,1.04
2011.06.22 13:16:26.061,1.57063,1.57102,1.50,1.84
2011.06.22 13:16:26.171,1.57049,1.571,1.09,1.09
2011.06.22 13:16:26.500,1.57054,1.57104,2.22,1.04
2011.06.22 13:16:26.719,1.57057,1.57106,1.09,1.41
2011.06.22 13:16:27.049,1.57061,1.57111,2.22,1.08
2011.06.22 13:16:27.600,1.57064,1.57112,1.09,1.45
2011.06.22 13:16:28.040,1.57069,1.57117,2.22,1.08
2011.06.22 13:16:28.369,1.57069,1.57122,2.97,1.47
2011.06.22 13:16:29.029,1.57069,1.57121,1.84,2.54
2011.06.22 13:16:29.358,1.5706,1.57113,2.97,1.09
2011.06.22 13:16:30.332,1.5706,1.57107,2.22,1.08
2011.06.22 13:16:30.929,1.5706,1.57107,2.22,1.08
2011.06.22 13:16:31.480,1.57061,1.57107,1.09,1.08
2011.06.22 13:16:32.145,1.57063,1.57111,1.84,1.09
2011.06.22 13:16:33.033,1.5706,1.57113,3.64,1.04
2011.06.22 13:16:33.360,1.57063,1.57117,1.09,1.47
2011.06.22 13:16:34.089,1.57063,1.57115,2.89,1.41
2011.06.22 13:16:34.205,1.57063,1.57103,1.77,1.84
2011.06.22 13:16:34.542,1.57063,1.57097,1.43,1.84
2011.06.22 13:16:34.762,1.57056,1.57097,1.77,1.84
2011.06.22 13:16:34.873,1.57056,1.57097,2.14,1.84
2011.06.22 13:16:35.422,1.57064,1.57103,1.84,1.04
2011.06.22 13:16:35.969,1.57064,1.57107,1.84,2.22
2011.06.22 13:16:36.478,1.57064,1.57103,1.84,1.09
2011.06.22 13:16:36.605,1.57064,1.57107,1.84,2.22
2011.06.22 13:16:37.051,1.57072,1.57106,1.84,1.08
2011.06.22 13:16:37.163,1.57064,1.57111,1.09,2.59
2011.06.22 13:16:37.270,1.57063,1.57106,2.59,1.47
2011.06.22 13:16:37.492,1.57053,1.57092,2.59,1.84
2011.06.22 13:16:37.710,1.57043,1.57081,2.59,1.84
2011.06.22 13:16:38.259,1.57039,1.57081,1.84,1.84
2011.06.22 13:16:41.450,1.57038,1.5708,1.84,1.09
2011.06.22 13:16:42.001,1.57048,1.57084,1.84,1.83
2011.06.22 13:16:42.110,1.57048,1.57087,1.84,1.83
2011.06.22 13:16:42.221,1.57041,1.57081,1.77,2.22
2011.06.22 13:16:45.649,1.57034,1.57077,1.09,1.84
2011.06.22 13:16:46.762,1.57033,1.57068,1.50,1.84
2011.06.22 13:16:46.981,1.57024,1.57067,1.50,1.09
2011.06.22 13:16:47.201,1.57014,1.57067,1.47,1.41
2011.06.22 13:16:47.423,1.5702,1.57067,1.84,1.45
2011.06.22 13:16:48.116,1.5702,1.57075,2.22,2.84
2011.06.22 13:16:48.242,1.57023,1.57074,1.09,1.09
2011.06.22 13:16:49.781,1.57023,1.57077,1.09,1.79
2011.06.22 13:16:49.891,1.57029,1.57076,1.84,1.13
2011.06.22 13:16:50.330,1.57034,1.5708,1.47,1.13
2011.06.22 13:16:50.441,1.57036,1.5708,1.09,1.45
2011.06.22 13:16:50.769,1.57033,1.57081,2.97,1.08
2011.06.22 13:16:51.498,1.57034,1.57084,1.47,1.04
2011.06.22 13:16:51.617,1.57041,1.57091,1.09,1.41
2011.06.22 13:16:51.732,1.57041,1.57092,1.09,1.77
2011.06.22 13:16:51.843,1.57047,1.57101,1.84,1.41
2011.06.22 13:16:52.720,1.57047,1.57102,2.22,1.47
2011.06.22 13:16:52.940,1.57047,1.57101,2.22,1.09
2011.06.22 13:16:53.489,1.57042,1.57098,1.09,2.22
2011.06.22 13:16:56.420,1.57046,1.57098,1.09,1.84
2011.06.22 13:16:56.530,1.57049,1.57101,1.09,1.47
2011.06.22 13:16:56.749,1.57051,1.57106,1.09,1.47
2011.06.22 13:17:00.024,1.57054,1.57107,1.88,2.22
2011.06.22 13:17:00.143,1.57058,1.5711,1.09,1.41
2011.06.22 13:17:01.251,1.57057,1.57111,1.47,2.16
2011.06.22 13:17:01.579,1.57063,1.57111,1.13,1.41
2011.06.22 13:17:02.022,1.57078,1.57111,1.84,1.08
2011.06.22 13:17:02.242,1.57078,1.57121,1.84,1.04
2011.06.22 13:17:02.570,1.57074,1.57116,1.09,1.84
2011.06.22 13:17:04.332,1.57068,1.57108,1.09,2.22
2011.06.22 13:17:04.441,1.57064,1.57108,1.84,1.84
2011.06.22 13:17:04.553,1.57075,1.57115,1.84,1.04
2011.06.22 13:17:04.660,1.57075,1.57118,1.84,1.84
2011.06.22 13:17:05.761,1.57063,1.57115,1.84,1.09
2011.06.22 13:17:07.561,1.57064,1.57119,1.09,2.54
2011.06.22 13:17:07.783,1.57071,1.57116,1.09,1.83
2011.06.22 13:17:07.891,1.57069,1.57116,1.09,1.45
2011.06.22 13:17:08.001,1.57065,1.57118,2.14,1.04
2011.06.22 13:17:08.114,1.57071,1.5712,1.09,1.09
2011.06.22 13:17:08.441,1.57064,1.5712,2.97,1.09
2011.06.22 13:17:08.880,1.57067,1.57118,2.14,1.41
2011.06.22 13:17:08.990,1.57067,1.57117,2.14,1.08
2011.06.22 13:17:09.100,1.57073,1.57117,1.50,1.08
2011.06.22 13:17:09.649,1.57073,1.57114,1.50,1.08
2011.06.22 13:17:09.981,1.57065,1.57106,1.84,1.84
2011.06.22 13:17:10.199,1.57072,1.57115,1.84,1.84
2011.06.22 13:17:11.461,1.57063,1.57116,1.80,1.09
2011.06.22 13:17:11.681,1.57065,1.57117,1.09,2.25
2011.06.22 13:17:11.791,1.57063,1.57119,1.84,1.13
2011.06.22 13:17:11.900,1.57087,1.57119,1.84,1.13
2011.06.22 13:17:12.121,1.57087,1.57122,1.84,1.13
2011.06.22 13:17:12.587,1.57087,1.57121,1.84,1.08
2011.06.22 13:17:12.695,1.57074,1.57117,1.84,1.47
2011.06.22 13:17:12.811,1.57067,1.57116,1.84,1.47
2011.06.22 13:17:13.625,1.57067,1.57115,2.59,1.09
2011.06.22 13:17:15.201,1.57071,1.57116,1.09,1.84
2011.06.22 13:17:15.531,1.57071,1.57116,1.84,1.15
2011.06.22 13:17:15.752,1.57065,1.57116,1.09,1.41
2011.06.22 13:17:16.191,1.57073,1.57117,1.50,1.09
2011.06.22 13:17:16.850,1.57074,1.57116,1.47,1.04
2011.06.22 13:17:17.679,1.57073,1.57116,1.50,1.04
2011.06.22 13:17:18.901,1.57073,1.57117,1.50,1.04
2011.06.22 13:17:19.230,1.57074,1.57125,1.09,1.09
2011.06.22 13:17:19.560,1.57073,1.57121,1.50,2.22
2011.06.22 13:17:21.019,1.57074,1.57121,1.13,1.84
2011.06.22 13:17:21.689,1.57074,1.57126,1.47,1.04
2011.06.22 13:17:22.131,1.57073,1.57123,1.84,1.09
2011.06.22 13:17:22.352,1.57074,1.57121,1.84,1.47
2011.06.22 13:17:22.680,1.57073,1.57116,1.50,1.04
2011.06.22 13:17:23.010,1.57073,1.57117,1.88,1.41
2011.06.22 13:17:23.591,1.57083,1.57116,1.50,1.04
2011.06.22 13:17:25.099,1.57074,1.57111,1.50,1.84
2011.06.22 13:17:25.540,1.57066,1.57111,2.22,1.84
2011.06.22 13:17:29.240,1.5707,1.57111,1.09,1.84
2011.06.22 13:17:29.881,1.57068,1.57111,1.47,1.84
2011.06.22 13:17:30.210,1.5707,1.57111,1.09,1.84
2011.06.22 13:17:34.843,1.57066,1.57111,1.84,1.84
2011.06.22 13:17:39.191,1.57072,1.5711,2.22,1.09
2011.06.22 13:17:39.411,1.57072,1.57113,2.22,1.04
2011.06.22 13:17:42.261,1.57065,1.57105,1.09,1.84
2011.06.22 13:17:42.919,1.57069,1.57107,2.22,1.41
2011.06.22 13:17:43.249,1.57076,1.57114,1.84,1.04
2011.06.22 13:17:43.470,1.57077,1.57118,1.09,1.84
2011.06.22 13:17:43.580,1.57081,1.57118,1.09,1.84
2011.06.22 13:17:43.800,1.57083,1.57126,1.84,1.84
2011.06.22 13:17:44.020,1.57074,1.57117,2.97,1.84
2011.06.22 13:17:44.240,1.57077,1.57117,1.09,1.84
2011.06.22 13:17:44.459,1.57074,1.57117,2.97,1.84
2011.06.22 13:17:44.790,1.57076,1.57117,1.09,1.84
2011.06.22 13:17:45.451,1.57074,1.57117,2.97,1.84
2011.06.22 13:17:46.222,1.57075,1.57117,1.09,1.84
2011.06.22 13:17:46.770,1.57074,1.57117,1.84,1.84
2011.06.22 13:17:48.040,1.57079,1.57117,1.09,1.84
2011.06.22 13:17:48.260,1.57081,1.57134,1.09,4.34
2011.06.22 13:17:48.481,1.57077,1.57132,1.09,1.47
2011.06.22 13:17:49.033,1.57079,1.57133,1.84,2.14
2011.06.22 13:17:49.360,1.57081,1.57134,1.84,1.84
2011.06.22 13:17:49.893,1.57081,1.57131,1.47,1.09
2011.06.22 13:17:50.112,1.57081,1.57133,1.09,1.09
2011.06.22 13:17:50.220,1.57081,1.57134,1.47,2.22
2011.06.22 13:17:50.660,1.57081,1.57134,1.84,1.84
2011.06.22 13:17:50.990,1.57083,1.57134,1.13,1.84
2011.06.22 13:17:51.210,1.57087,1.57139,1.09,1.09
2011.06.22 13:17:53.440,1.57092,1.57143,1.09,1.84
2011.06.22 13:17:53.990,1.57096,1.57143,1.13,1.84
2011.06.22 13:17:54.101,1.57103,1.57144,1.84,1.84
2011.06.22 13:17:55.770,1.57093,1.57141,1.50,1.84
2011.06.22 13:17:58.691,1.57097,1.57141,1.13,1.84
2011.06.22 13:17:59.050,1.57097,1.57143,1.13,1.04
2011.06.22 13:17:59.610,1.57097,1.57143,1.13,1.04
2011.06.22 13:18:00.952,1.57097,1.57143,1.13,1.04
2011.06.22 13:18:01.170,1.57097,1.57143,1.50,1.04
2011.06.22 13:18:01.972,1.57098,1.57143,1.50,1.04
2011.06.22 13:18:02.521,1.57103,1.57143,1.13,1.04
2011.06.22 13:18:03.030,1.57104,1.57143,1.13,1.04
2011.06.22 13:18:03.360,1.57097,1.57143,1.13,1.04
2011.06.22 13:18:03.800,1.57097,1.57133,1.13,1.84
2011.06.22 13:18:05.431,1.57097,1.57133,1.13,1.84
2011.06.22 13:18:06.772,1.57088,1.57119,1.13,1.84
2011.06.22 13:18:06.990,1.57098,1.57141,1.84,2.16
2011.06.22 13:18:07.099,1.57098,1.57141,1.84,1.84
2011.06.22 13:18:07.211,1.57094,1.57134,1.47,1.84
2011.06.22 13:18:07.540,1.57092,1.57134,1.47,1.84
2011.06.22 13:18:07.761,1.57093,1.57134,1.09,1.84
2011.06.22 13:18:08.472,1.57094,1.57134,1.09,1.84
2011.06.22 13:18:09.680,1.57093,1.57141,1.84,1.08
2011.06.22 13:18:10.229,1.57094,1.57145,1.47,1.04
2011.06.22 13:18:10.450,1.57094,1.57146,1.47,1.04
2011.06.22 13:18:10.998,1.57093,1.57142,1.84,1.08
2011.06.22 13:18:11.549,1.57096,1.57142,1.09,1.08
2011.06.22 13:18:11.769,1.57091,1.57136,2.97,1.84
2011.06.22 13:18:12.341,1.57096,1.57136,1.09,1.84
2011.06.22 13:18:12.782,1.57094,1.57146,2.22,1.47
2011.06.22 13:18:14.085,1.57094,1.57147,2.97,1.47
2011.06.22 13:18:14.205,1.57094,1.57141,1.13,1.84
2011.06.22 13:18:16.301,1.57102,1.57145,1.84,1.84
2011.06.22 13:18:20.803,1.57094,1.57135,1.09,2.22
2011.06.22 13:18:20.915,1.57089,1.57135,1.84,2.22
2011.06.22 13:18:21.363,1.57082,1.57123,2.97,1.84
2011.06.22 13:18:21.691,1.57089,1.57129,1.84,1.09
2011.06.22 13:18:22.020,1.57089,1.57131,1.84,1.47
2011.06.22 13:18:22.351,1.57082,1.57121,1.47,1.84
2011.06.22 13:18:22.680,1.57083,1.57121,1.09,1.84
2011.06.22 13:18:22.790,1.5709,1.57127,1.09,1.84
2011.06.22 13:18:23.012,1.57086,1.57127,2.59,1.84
2011.06.22 13:18:25.360,1.5709,1.57127,1.09,1.84
2011.06.22 13:18:25.799,1.57091,1.57127,1.50,1.84
2011.06.22 13:18:25.912,1.5709,1.57127,1.09,1.84
2011.06.22 13:18:26.241,1.57091,1.57127,1.50,1.84
2011.06.22 13:18:26.679,1.5709,1.57127,1.09,1.84
2011.06.22 13:18:26.789,1.5709,1.57127,1.09,1.84
2011.06.22 13:18:27.009,1.5709,1.57127,1.09,1.84
2011.06.22 13:18:27.450,1.57087,1.57127,1.09,1.84
2011.06.22 13:18:30.290,1.5709,1.57127,1.09,1.84
2011.06.22 13:18:30.401,1.57086,1.57127,2.59,1.84
2011.06.22 13:18:33.720,1.5709,1.57127,1.09,1.84
2011.06.22 13:18:33.829,1.57086,1.57127,2.97,1.84
2011.06.22 13:18:34.831,1.57094,1.57127,1.50,1.84
2011.06.22 13:18:35.471,1.57093,1.57127,1.50,1.84
2011.06.22 13:18:36.669,1.57093,1.57127,1.50,1.84
2011.06.22 13:18:37.220,1.57093,1.57125,1.50,1.84
2011.06.22 13:18:37.441,1.57069,1.57116,1.13,1.84
2011.06.22 13:18:37.659,1.57062,1.57112,1.84,1.09
2011.06.22 13:18:37.771,1.57061,1.57107,1.13,1.84
2011.06.22 13:18:38.099,1.57056,1.57101,1.50,1.84
2011.06.22 13:18:39.819,1.57054,1.57101,1.88,1.84
2011.06.22 13:18:40.979,1.57053,1.57101,1.50,1.84
2011.06.22 13:18:43.149,1.57049,1.57101,1.13,3.34
2011.06.22 13:18:43.479,1.57047,1.57101,1.47,3.34
2011.06.22 13:18:44.030,1.57048,1.57091,1.13,1.84
2011.06.22 13:18:44.249,1.57046,1.57091,1.13,2.22
2011.06.22 13:18:44.831,1.57042,1.57091,1.13,2.91
2011.06.22 13:18:45.381,1.57042,1.57091,1.13,2.22
2011.06.22 13:18:45.492,1.57036,1.57073,1.88,1.84
2011.06.22 13:18:45.600,1.57034,1.57073,1.09,1.84
2011.06.22 13:18:45.710,1.57031,1.57073,1.09,1.84
2011.06.22 13:18:47.461,1.57032,1.57073,1.84,1.84
2011.06.22 13:18:47.569,1.57037,1.57079,2.97,1.84
2011.06.22 13:18:51.590,1.57032,1.57079,1.13,1.84
2011.06.22 13:18:52.031,1.57033,1.57079,1.13,1.84
2011.06.22 13:18:52.250,1.57031,1.57079,1.13,1.84
2011.06.22 13:18:52.909,1.57031,1.57079,1.13,1.84
2011.06.22 13:18:53.869,1.57029,1.57079,1.13,1.84
2011.06.22 13:18:53.980,1.57031,1.57079,1.13,1.84
2011.06.22 13:18:54.388,1.57031,1.57088,1.47,2.22
2011.06.22 13:18:54.940,1.57035,1.57088,1.09,2.22
2011.06.22 13:18:56.059,1.57035,1.57086,1.09,1.09
2011.06.22 13:18:56.599,1.57035,1.57088,1.47,2.59
2011.06.22 13:18:58.019,1.57032,1.57088,1.47,2.59
2011.06.22 13:18:58.238,1.57035,1.57088,1.47,2.59
2011.06.22 13:18:58.570,1.57032,1.57082,1.09,1.47
2011.06.22 13:18:59.113,1.57031,1.57079,1.13,2.22
2011.06.22 13:18:59.440,1.57037,1.57086,1.09,1.09
2011.06.22 13:19:01.460,1.57036,1.57085,1.09,1.09
2011.06.22 13:19:02.768,1.57032,1.57086,1.09,1.84
2011.06.22 13:19:03.213,1.57037,1.57083,1.09,1.09
2011.06.22 13:19:03.652,1.57037,1.57085,1.09,1.09
2011.06.22 13:19:04.202,1.57031,1.57081,1.09,1.09
2011.06.22 13:19:04.533,1.57027,1.57066,1.09,1.13
2011.06.22 13:19:05.299,1.57027,1.57066,1.09,1.13
2011.06.22 13:19:06.120,1.57027,1.57071,1.09,2.58
2011.06.22 13:19:06.645,1.57027,1.57072,1.09,1.45
2011.06.22 13:19:07.709,1.57029,1.57072,1.13,1.45
2011.06.22 13:19:07.820,1.57029,1.57072,1.13,1.45
2011.06.22 13:19:08.039,1.57029,1.57071,1.88,1.08
2011.06.22 13:19:08.479,1.57029,1.57072,1.50,1.08
2011.06.22 13:19:08.700,1.5703,1.5708,1.88,2.22
2011.06.22 13:19:08.921,1.57027,1.57073,1.09,1.47
2011.06.22 13:19:09.250,1.57027,1.57071,1.09,1.83
2011.06.22 13:19:09.359,1.57027,1.57071,1.09,3.33
2011.06.22 13:19:11.081,1.57021,1.57071,1.13,3.29
2011.06.22 13:19:12.622,1.57028,1.57076,1.09,1.09
2011.06.22 13:19:13.170,1.57028,1.57077,1.09,1.84
2011.06.22 13:19:13.389,1.57028,1.57076,1.09,1.47
2011.06.22 13:19:14.479,1.57025,1.5707,1.13,1.84
2011.06.22 13:19:15.471,1.57025,1.5707,1.13,1.84
2011.06.22 13:19:21.093,1.57025,1.57077,1.09,1.09
2011.06.22 13:19:23.339,1.57025,1.57078,1.09,2.54
2011.06.22 13:19:23.449,1.57025,1.57078,1.09,2.16
2011.06.22 13:19:23.561,1.57025,1.57074,1.09,1.09
2011.06.22 13:19:23.889,1.57021,1.5707,1.88,2.22
2011.06.22 13:19:24.220,1.57019,1.57066,1.09,1.09
2011.06.22 13:19:24.331,1.57019,1.57066,1.09,1.09
2011.06.22 13:19:26.854,1.57019,1.57066,1.09,1.09
2011.06.22 13:19:26.972,1.57017,1.57067,1.47,1.09
2011.06.22 13:19:28.181,1.5702,1.57067,1.13,1.41
2011.06.22 13:19:28.950,1.5702,1.57066,1.13,1.04
2011.06.22 13:19:29.279,1.57035,1.57076,1.84,3.34
2011.06.22 13:19:29.499,1.57021,1.57063,1.47,1.84
2011.06.22 13:19:32.977,1.57024,1.57063,1.09,1.84
2011.06.22 13:19:34.060,1.5702,1.57072,1.09,1.50
2011.06.22 13:19:34.170,1.5702,1.57072,1.09,1.50
2011.06.22 13:19:34.280,1.57022,1.57072,1.13,1.13
2011.06.22 13:19:34.500,1.57022,1.57077,1.84,2.95
2011.06.22 13:19:35.700,1.57026,1.57077,1.47,1.83
2011.06.22 13:19:36.031,1.57041,1.57092,2.22,1.45
2011.06.22 13:19:36.361,1.57041,1.5709,2.22,2.04
2011.06.22 13:19:36.800,1.57041,1.57095,2.22,1.09
2011.06.22 13:19:37.020,1.5706,1.57097,1.84,1.09
2011.06.22 13:19:38.011,1.57044,1.57098,1.84,1.09
2011.06.22 13:19:38.120,1.57044,1.57096,1.84,1.09
2011.06.22 13:19:38.230,1.57045,1.57096,1.09,1.09
2011.06.22 13:19:38.340,1.57049,1.57104,2.22,1.09
2011.06.22 13:19:39.002,1.57049,1.57099,2.22,1.45
2011.06.22 13:19:39.331,1.57049,1.57097,1.84,1.50
2011.06.22 13:19:41.089,1.57042,1.57096,1.47,1.47
2011.06.22 13:19:41.420,1.57041,1.57094,1.09,1.09
2011.06.22 13:19:41.641,1.57039,1.57082,2.59,1.08
2011.06.22 13:19:41.750,1.57039,1.57079,1.84,1.13
2011.06.22 13:19:42.082,1.5703,1.57081,1.13,1.47
2011.06.22 13:19:42.753,1.5703,1.57081,1.13,1.47
2011.06.22 13:19:43.079,1.5703,1.57076,1.13,1.84
2011.06.22 13:19:44.559,1.57025,1.57076,1.09,2.22
2011.06.22 13:19:44.890,1.57025,1.57076,1.09,1.84
2011.06.22 13:19:45.660,1.57027,1.57076,1.13,1.84
2011.06.22 13:19:46.099,1.57027,1.57076,1.13,1.84
2011.06.22 13:19:46.209,1.57027,1.57076,1.13,1.84
2011.06.22 13:19:46.321,1.57027,1.57076,1.13,1.84
2011.06.22 13:19:46.982,1.57027,1.57076,1.13,1.84
2011.06.22 13:19:48.171,1.57031,1.57077,1.09,1.13
2011.06.22 13:19:48.391,1.57036,1.57077,1.84,1.13
2011.06.22 13:19:48.500,1.57036,1.57088,2.22,1.13
2011.06.22 13:19:48.610,1.57037,1.57093,1.47,1.47
2011.06.22 13:19:49.270,1.57037,1.57091,1.47,1.41
2011.06.22 13:19:51.509,1.57037,1.57089,2.22,1.08
2011.06.22 13:19:53.520,1.57042,1.57089,1.09,1.08
2011.06.22 13:19:54.630,1.57043,1.5709,1.09,1.04
2011.06.22 13:19:54.739,1.57042,1.57092,1.09,1.84
2011.06.22 13:19:55.290,1.57042,1.57092,1.47,1.47
2011.06.22 13:19:55.729,1.57049,1.57096,1.13,3.34
2011.06.22 13:19:56.280,1.57051,1.57096,1.09,1.09
2011.06.22 13:19:57.159,1.57042,1.57095,1.47,2.22
2011.06.22 13:19:57.270,1.57044,1.57092,1.09,1.09
2011.06.22 13:19:59.209,1.57044,1.57094,1.09,1.09
2011.06.22 13:20:00.270,1.57044,1.57095,1.09,2.22
2011.06.22 13:20:00.380,1.57044,1.57091,1.09,1.09
2011.06.22 13:20:00.711,1.57047,1.57092,1.09,1.50
2011.06.22 13:20:00.820,1.57049,1.57102,1.09,1.13
2011.06.22 13:20:00.931,1.57049,1.57096,1.84,1.08
2011.06.22 13:20:01.261,1.57042,1.57096,1.47,1.45
2011.06.22 13:20:02.690,1.57048,1.57103,1.09,1.13
2011.06.22 13:20:02.911,1.57049,1.57106,1.47,1.13
2011.06.22 13:20:03.021,1.57049,1.57103,1.13,2.97
2011.06.22 13:20:03.552,1.57043,1.57096,1.50,1.04
2011.06.22 13:20:04.100,1.57044,1.57095,1.50,1.04
2011.06.22 13:20:04.209,1.57042,1.57095,1.09,1.04
2011.06.22 13:20:04.320,1.57048,1.57103,1.50,2.16
2011.06.22 13:20:04.833,1.57048,1.57095,1.50,1.04
2011.06.22 13:20:05.159,1.57053,1.57101,1.13,1.09
2011.06.22 13:20:05.272,1.57051,1.571,1.13,1.04
2011.06.22 13:20:05.930,1.57053,1.57096,1.13,1.04
2011.06.22 13:20:07.669,1.57056,1.57102,1.13,1.41
2011.06.22 13:20:07.783,1.57051,1.57102,1.09,1.79
2011.06.22 13:20:08.110,1.57048,1.57101,1.13,1.47
2011.06.22 13:20:08.770,1.57051,1.57102,1.13,3.29
2011.06.22 13:20:08.989,1.57051,1.57102,1.13,3.29
2011.06.22 13:20:09.760,1.57045,1.57095,1.47,1.41
2011.06.22 13:20:10.090,1.5705,1.57095,1.13,1.04
2011.06.22 13:20:10.421,1.57045,1.57095,1.47,1.41
2011.06.22 13:20:10.971,1.57045,1.57095,1.09,1.04
2011.06.22 13:20:11.082,1.57045,1.57095,1.09,1.09
2011.06.22 13:20:11.191,1.57045,1.57094,1.09,1.08
2011.06.22 13:20:11.630,1.57045,1.57093,1.09,1.45
2011.06.22 13:20:12.212,1.57045,1.57091,1.09,1.13
2011.06.22 13:20:12.541,1.57045,1.57092,1.09,1.13
2011.06.22 13:20:12.760,1.57045,1.57094,1.09,1.13
2011.06.22 13:20:12.980,1.57045,1.57094,1.09,1.13
2011.06.22 13:20:13.419,1.57045,1.57094,1.09,1.45
2011.06.22 13:20:13.850,1.57045,1.57095,1.09,1.41
2011.06.22 13:20:13.960,1.57049,1.57097,1.13,1.84
2011.06.22 13:20:14.070,1.57049,1.57089,1.13,1.84
2011.06.22 13:20:14.290,1.57051,1.57098,1.13,1.09
2011.06.22 13:20:14.401,1.57052,1.57098,1.13,1.04
2011.06.22 13:20:14.511,1.57056,1.57099,1.09,1.08
2011.06.22 13:20:15.060,1.57056,1.571,1.09,1.04
2011.06.22 13:20:15.609,1.57056,1.57104,1.09,1.09
2011.06.22 13:20:16.326,1.57056,1.57101,1.09,1.09
2011.06.22 13:20:16.444,1.57056,1.57098,1.09,1.08
2011.06.22 13:20:16.870,1.57056,1.57099,1.09,1.08
2011.06.22 13:20:17.091,1.57056,1.571,1.09,1.04
2011.06.22 13:20:17.200,1.57056,1.57105,1.47,1.09
2011.06.22 13:20:17.420,1.57056,1.57106,2.22,2.59
2011.06.22 13:20:17.750,1.57057,1.57106,1.50,2.22
2011.06.22 13:20:18.079,1.57061,1.57107,1.09,1.50
2011.06.22 13:20:18.299,1.57061,1.57107,1.09,1.13
2011.06.22 13:20:18.632,1.57065,1.57112,1.13,2.22
2011.06.22 13:20:19.071,1.57063,1.57112,1.09,1.09
2011.06.22 13:20:19.183,1.57061,1.57112,1.09,1.47
2011.06.22 13:20:19.292,1.57057,1.5711,1.50,1.09
2011.06.22 13:20:19.400,1.57055,1.5711,1.47,1.09
2011.06.22 13:20:19.511,1.57051,1.5711,1.09,1.09
2011.06.22 13:20:20.250,1.57055,1.57102,1.09,1.45
2011.06.22 13:20:20.799,1.57048,1.57102,1.13,1.13
2011.06.22 13:20:21.460,1.57048,1.57101,1.13,1.13
2011.06.22 13:20:22.180,1.57045,1.57102,1.13,1.50
2011.06.22 13:20:22.730,1.57062,1.57111,2.22,1.45
2011.06.22 13:20:22.951,1.57062,1.57115,2.22,1.09
2011.06.22 13:20:23.281,1.57062,1.57115,2.22,1.09
2011.06.22 13:20:23.391,1.57062,1.57117,2.22,1.09
2011.06.22 13:20:23.530,1.57062,1.57115,2.22,1.09
2011.06.22 13:20:23.749,1.57062,1.57114,2.22,1.04
2011.06.22 13:20:24.451,1.57062,1.57114,2.97,1.41
2011.06.22 13:20:25.219,1.57062,1.57114,2.97,1.04
2011.06.22 13:20:26.059,1.57069,1.57114,1.09,1.04
2011.06.22 13:20:26.608,1.57069,1.57117,1.09,1.79
2011.06.22 13:20:28.551,1.57069,1.57117,1.09,1.79
2011.06.22 13:20:30.820,1.57069,1.57118,1.47,1.41
2011.06.22 13:20:31.836,1.57069,1.57118,1.09,1.79
2011.06.22 13:20:31.952,1.57069,1.57114,1.09,1.09
2011.06.22 13:20:32.284,1.57061,1.57101,1.09,1.09
2011.06.22 13:20:33.490,1.57061,1.57102,1.09,1.09
2011.06.22 13:20:37.110,1.57061,1.57102,1.47,1.09
2011.06.22 13:20:37.220,1.57061,1.57111,1.47,1.09
2011.06.22 13:20:37.330,1.57061,1.57115,1.47,1.09
2011.06.22 13:20:38.549,1.57062,1.57117,1.09,2.54
2011.06.22 13:20:39.132,1.57062,1.57111,1.09,1.79
2011.06.22 13:20:39.462,1.57062,1.57106,1.50,1.84
2011.06.22 13:20:39.571,1.57062,1.57108,1.50,1.09
2011.06.22 13:20:39.682,1.57063,1.57115,2.63,1.84
2011.06.22 13:20:40.011,1.57068,1.57115,1.13,1.84
2011.06.22 13:20:40.231,1.57071,1.5712,1.09,1.09
2011.06.22 13:20:42.254,1.57056,1.57109,1.47,2.22
2011.06.22 13:20:42.362,1.57056,1.57109,1.47,2.54
2011.06.22 13:20:42.690,1.57053,1.57103,1.13,1.09
2011.06.22 13:20:42.800,1.57054,1.57109,1.13,1.41
2011.06.22 13:20:43.640,1.57054,1.57104,1.13,1.41
2011.06.22 13:20:43.751,1.57049,1.57091,1.50,1.13
2011.06.22 13:20:44.081,1.57043,1.57091,1.13,1.50
2011.06.22 13:20:44.190,1.5704,1.57092,1.50,1.50
2011.06.22 13:20:44.411,1.57042,1.57092,1.13,2.63
2011.06.22 13:20:44.959,1.57043,1.57091,1.13,1.47
2011.06.22 13:20:45.291,1.57034,1.57083,1.50,1.83
2011.06.22 13:20:45.821,1.57033,1.57083,1.13,1.50
2011.06.22 13:20:45.935,1.57057,1.57102,1.09,1.45
2011.06.22 13:20:46.051,1.57055,1.57102,1.09,1.08
2011.06.22 13:20:46.161,1.57055,1.57104,1.09,1.41
2011.06.22 13:20:46.379,1.57055,1.57104,1.09,1.41
2011.06.22 13:20:46.710,1.57055,1.57101,1.09,1.08
2011.06.22 13:20:46.929,1.57055,1.57102,1.09,1.45
2011.06.22 13:20:47.040,1.57055,1.57101,1.09,1.13
2011.06.22 13:20:47.259,1.57055,1.57102,1.09,1.45
2011.06.22 13:20:47.560,1.57055,1.57102,1.09,1.45
2011.06.22 13:20:48.770,1.57062,1.57111,1.13,2.97
2011.06.22 13:20:50.421,1.57061,1.57111,1.50,2.22
2011.06.22 13:20:50.806,1.57061,1.57111,1.50,2.22
2011.06.22 13:20:51.581,1.57062,1.57113,1.13,1.45
2011.06.22 13:20:52.780,1.57063,1.57113,1.13,1.45
2011.06.22 13:20:52.891,1.57058,1.57113,1.13,1.50
2011.06.22 13:20:53.220,1.57057,1.5711,1.13,2.22
2011.06.22 13:20:53.661,1.57053,1.571,1.09,1.45
2011.06.22 13:20:53.990,1.5704,1.57086,1.09,2.20
2011.06.22 13:20:54.210,1.5704,1.57087,1.09,1.45
2011.06.22 13:20:54.321,1.5704,1.57092,1.09,1.09
2011.06.22 13:20:54.430,1.5704,1.57092,1.09,1.09
2011.06.22 13:20:54.761,1.5704,1.57086,1.09,1.50
2011.06.22 13:20:54.869,1.5704,1.57086,1.09,1.13
2011.06.22 13:20:54.981,1.5704,1.57091,1.09,1.09
2011.06.22 13:20:55.310,1.57038,1.57085,1.13,1.84
2011.06.22 13:20:56.093,1.57031,1.57076,1.13,1.84
2011.06.22 13:20:56.981,1.57031,1.57076,1.13,1.84
2011.06.22 13:20:57.310,1.57038,1.57088,1.13,2.22
2011.06.22 13:20:57.421,1.57038,1.57088,1.13,2.22
2011.06.22 13:20:57.641,1.57038,1.57088,1.13,2.22
2011.06.22 13:20:58.191,1.57043,1.57088,1.13,1.84
2011.06.22 13:20:58.521,1.57042,1.57088,1.13,1.84
2011.06.22 13:20:58.851,1.57037,1.57087,1.13,2.22
2011.06.22 13:20:59.510,1.57037,1.57087,1.13,3.29
2011.06.22 13:21:00.060,1.57035,1.57089,1.13,1.09
2011.06.22 13:21:00.169,1.57034,1.57083,1.09,1.09
2011.06.22 13:21:00.279,1.57034,1.57083,1.09,1.09
2011.06.22 13:21:01.242,1.57057,1.57089,1.84,1.08
2011.06.22 13:21:01.461,1.57059,1.57096,1.47,1.08
2011.06.22 13:21:01.681,1.57059,1.571,1.13,1.84
2011.06.22 13:21:02.012,1.57053,1.571,3.34,2.22
2011.06.22 13:21:02.780,1.57058,1.571,1.47,1.84
2011.06.22 13:21:03.440,1.57058,1.571,1.47,2.54
2011.06.22 13:21:03.880,1.57064,1.57102,1.84,1.08
2011.06.22 13:21:03.990,1.57064,1.57103,1.84,1.04
2011.06.22 13:21:04.100,1.57064,1.57107,1.84,2.22
2011.06.22 13:21:05.330,1.57064,1.57102,2.22,1.13
2011.06.22 13:21:05.922,1.57055,1.57098,1.84,1.04
2011.06.22 13:21:06.033,1.57046,1.57092,1.43,1.84
2011.06.22 13:21:06.254,1.57038,1.57077,1.09,1.84
2011.06.22 13:21:07.023,1.57028,1.5708,1.09,1.84
2011.06.22 13:21:07.351,1.57029,1.5708,1.88,2.22
2011.06.22 13:21:09.003,1.57036,1.5708,1.50,1.84
2011.06.22 13:21:09.330,1.57038,1.5708,1.13,1.84
2011.06.22 13:21:09.770,1.57036,1.5708,1.13,1.84
2011.06.22 13:21:09.991,1.57037,1.5708,1.13,1.84
2011.06.22 13:21:10.321,1.57037,1.5708,1.13,1.84
2011.06.22 13:21:11.010,1.57036,1.5708,1.13,1.84
2011.06.22 13:21:11.621,1.57038,1.5708,1.13,1.84
2011.06.22 13:21:11.731,1.5704,1.57089,1.13,2.22
2011.06.22 13:21:11.950,1.57042,1.57089,1.88,2.22
2011.06.22 13:21:12.610,1.57044,1.57089,1.50,2.22
2011.06.22 13:21:12.940,1.57044,1.57095,2.63,2.22
2011.06.22 13:21:13.450,1.57045,1.57095,1.13,1.84
2011.06.22 13:21:14.701,1.57041,1.57094,1.09,1.09
2011.06.22 13:21:14.920,1.57035,1.57091,2.22,1.41
2011.06.22 13:21:15.250,1.57034,1.57085,1.09,1.84
2011.06.22 13:21:16.811,1.57036,1.57085,1.09,1.84
2011.06.22 13:21:16.919,1.57043,1.57092,1.50,1.04
2011.06.22 13:21:17.519,1.57044,1.57093,1.13,1.41
2011.06.22 13:21:18.684,1.57044,1.57092,2.25,1.04
2011.06.22 13:21:18.791,1.57061,1.571,1.09,2.13
2011.06.22 13:21:18.901,1.57061,1.57105,1.09,1.45
2011.06.22 13:21:19.011,1.57062,1.57107,1.09,1.08
2011.06.22 13:21:20.221,1.57069,1.57117,2.22,1.08
2011.06.22 13:21:20.770,1.57069,1.57117,2.22,1.08
2011.06.22 13:21:21.320,1.57069,1.57121,2.59,1.08
2011.06.22 13:21:21.431,1.57071,1.57123,1.09,1.47
2011.06.22 13:21:21.980,1.57068,1.57108,1.09,2.22
2011.06.22 13:21:23.980,1.57073,1.57117,1.84,2.22
2011.06.22 13:21:34.991,1.57073,1.57127,3.34,1.08
2011.06.22 13:21:35.099,1.57079,1.57126,1.47,1.08
2011.06.22 13:21:35.695,1.57079,1.57125,1.09,1.08
2011.06.22 13:21:35.812,1.5707,1.57125,1.13,1.41
2011.06.22 13:21:35.921,1.57069,1.57111,1.50,1.84
2011.06.22 13:21:36.031,1.57067,1.57111,1.43,2.22
2011.06.22 13:21:36.144,1.57062,1.57111,1.13,2.22
2011.06.22 13:21:36.255,1.57067,1.57115,1.09,1.09
2011.06.22 13:21:36.592,1.57058,1.57102,1.09,1.13
2011.06.22 13:21:36.921,1.57057,1.57081,1.43,1.09
2011.06.22 13:21:37.032,1.57053,1.57077,1.43,2.22
2011.06.22 13:21:37.140,1.57036,1.57077,1.43,1.84
2011.06.22 13:21:37.470,1.57029,1.57077,2.59,1.84
2011.06.22 13:21:38.523,1.57028,1.57077,1.09,2.22
2011.06.22 13:21:38.741,1.57052,1.57085,1.84,2.18
2011.06.22 13:21:38.962,1.57052,1.57096,1.84,1.84
2011.06.22 13:21:39.293,1.57063,1.57104,1.84,1.84
2011.06.22 13:21:40.612,1.57055,1.571,2.22,2.16
2011.06.22 13:21:42.692,1.57042,1.57095,1.50,2.59
2011.06.22 13:21:43.312,1.57037,1.57095,1.47,2.59
2011.06.22 13:21:43.533,1.57046,1.57097,1.47,1.47
2011.06.22 13:21:43.863,1.57041,1.57092,1.09,1.09
2011.06.22 13:21:44.191,1.57035,1.57087,2.59,1.09
2011.06.22 13:21:44.302,1.57031,1.57083,1.47,1.09
2011.06.22 13:21:44.411,1.57031,1.57081,1.09,1.47
2011.06.22 13:21:47.450,1.57032,1.57081,1.09,1.09
2011.06.22 13:21:47.561,1.57048,1.57083,1.47,1.43
2011.06.22 13:21:47.671,1.57049,1.57098,1.47,1.09
2011.06.22 13:21:48.440,1.57049,1.571,1.09,1.84
2011.06.22 13:21:49.127,1.57048,1.571,1.47,2.54
2011.06.22 13:21:49.465,1.57048,1.57094,1.09,1.09
2011.06.22 13:21:49.800,1.57037,1.57087,2.22,1.09
2011.06.22 13:21:50.021,1.57037,1.57085,1.84,1.09
2011.06.22 13:21:52.479,1.57032,1.57085,1.13,1.09
2011.06.22 13:21:54.241,1.57032,1.57087,1.50,1.09
2011.06.22 13:21:56.120,1.57038,1.57092,1.13,2.22
2011.06.22 13:21:56.342,1.57059,1.57111,1.47,1.09
2011.06.22 13:21:56.451,1.57059,1.57114,1.47,1.47
2011.06.22 13:21:56.781,1.57064,1.57117,1.09,1.09
2011.06.22 13:21:58.753,1.57067,1.57117,1.13,1.84
2011.06.22 13:21:59.084,1.57059,1.57106,1.50,1.84
2011.06.22 13:21:59.520,1.57057,1.57106,1.50,2.22
2011.06.22 13:21:59.739,1.57057,1.57106,1.50,1.84
2011.06.22 13:22:00.295,1.57064,1.57113,2.18,1.84
2011.06.22 13:22:03.061,1.57074,1.57113,1.50,1.84
2011.06.22 13:22:03.390,1.57074,1.57113,1.50,1.84
2011.06.22 13:22:03.501,1.57073,1.57113,1.88,1.84
2011.06.22 13:22:03.611,1.57073,1.57113,1.13,1.84
2011.06.22 13:22:03.720,1.57067,1.57113,1.13,1.84
2011.06.22 13:22:05.200,1.57066,1.57113,1.13,1.84
2011.06.22 13:22:05.529,1.57067,1.57113,1.13,1.84
2011.06.22 13:22:05.859,1.57066,1.57113,1.13,1.84
2011.06.22 13:22:06.650,1.57064,1.57108,1.50,2.22
2011.06.22 13:22:06.761,1.57049,1.57101,1.13,1.47
2011.06.22 13:22:06.871,1.57049,1.57101,1.13,1.47
2011.06.22 13:22:07.310,1.57046,1.57102,2.93,1.84
2011.06.22 13:22:07.421,1.57051,1.57102,1.13,1.84
2011.06.22 13:22:07.752,1.57051,1.57105,1.50,1.09
2011.06.22 13:22:08.081,1.57052,1.57106,1.50,1.84
2011.06.22 13:22:09.733,1.57052,1.57106,1.09,1.47
2011.06.22 13:22:10.061,1.57058,1.57108,1.13,1.84
2011.06.22 13:22:10.391,1.57059,1.57108,1.13,1.84
2011.06.22 13:22:10.720,1.57064,1.57111,1.09,1.08
2011.06.22 13:22:11.290,1.57055,1.57102,2.22,2.22
2011.06.22 13:22:13.428,1.57063,1.57106,1.84,1.47
2011.06.22 13:22:13.981,1.57068,1.57109,1.09,1.84
2011.06.22 13:22:14.202,1.57071,1.57127,1.09,3.29
2011.06.22 13:22:14.751,1.57079,1.57132,1.09,2.09
2011.06.22 13:22:15.321,1.57084,1.57134,1.13,2.16
2011.06.22 13:22:17.152,1.5709,1.57133,1.84,1.09
2011.06.22 13:22:17.263,1.57083,1.57129,1.84,2.22
2011.06.22 13:22:17.810,1.57077,1.57127,2.22,1.79
2011.06.22 13:22:18.782,1.57093,1.57131,1.84,1.50
2011.06.22 13:22:18.891,1.57093,1.57137,1.84,2.18
2011.06.22 13:22:19.001,1.57089,1.57131,1.09,2.22
2011.06.22 13:22:19.440,1.57088,1.57126,1.84,1.08
2011.06.22 13:22:19.901,1.57088,1.57131,1.84,1.84
2011.06.22 13:22:20.231,1.57081,1.57128,1.13,1.09
2011.06.22 13:22:20.452,1.57076,1.5713,1.09,2.14
2011.06.22 13:22:20.670,1.57081,1.57128,1.13,1.04
2011.06.22 13:22:21.414,1.57082,1.57126,1.13,1.09
2011.06.22 13:22:21.751,1.57084,1.57126,2.97,1.08
2011.06.22 13:22:21.981,1.57087,1.57136,1.47,1.13
2011.06.22 13:22:22.910,1.57088,1.57137,1.09,1.79
2011.06.22 13:22:23.022,1.57091,1.57141,1.09,1.41
2011.06.22 13:22:23.352,1.57103,1.57148,2.22,1.84
2011.06.22 13:22:24.311,1.57099,1.57147,1.13,2.22
2011.06.22 13:22:24.752,1.57093,1.57147,1.84,2.22
2011.06.22 13:22:24.861,1.57089,1.57143,2.22,1.09
2011.06.22 13:22:27.641,1.57089,1.57146,2.59,2.14
2011.06.22 13:22:27.970,1.57089,1.57144,2.22,1.09
2011.06.22 13:22:29.950,1.57089,1.57144,2.59,1.47
2011.06.22 13:22:30.390,1.57094,1.57146,1.84,1.41
2011.06.22 13:22:31.971,1.57099,1.57155,1.47,1.47
2011.06.22 13:22:32.080,1.57108,1.57156,1.13,1.84
2011.06.22 13:22:32.194,1.57111,1.57157,1.47,1.08
2011.06.22 13:22:32.520,1.57144,1.5717,3.75,1.47
2011.06.22 13:22:34.422,1.57143,1.57168,5.25,1.09
2011.06.22 13:22:34.972,1.57143,1.57172,5.25,1.84
2011.06.22 13:22:35.519,1.57143,1.57171,5.25,1.13
2011.06.22 13:22:36.034,1.57143,1.57173,5.25,1.09
2011.06.22 13:22:36.144,1.57144,1.57181,5.25,3.29
2011.06.22 13:22:36.693,1.57144,1.57168,5.25,1.84
2011.06.22 13:22:37.240,1.57143,1.57165,5.25,1.04
2011.06.22 13:22:38.121,1.57144,1.57165,5.25,1.09
2011.06.22 13:22:40.370,1.57143,1.57168,5.25,2.22
2011.06.22 13:22:41.296,1.57134,1.57147,10.29,1.09
2011.06.22 13:22:41.522,1.57098,1.57148,1.50,1.84
2011.06.22 13:22:41.960,1.57099,1.57146,1.50,1.41
2011.06.22 13:22:42.511,1.57106,1.57156,1.13,2.59
2011.06.22 13:22:42.622,1.57106,1.57146,1.13,1.84
2011.06.22 13:22:42.730,1.57099,1.57146,1.50,1.84
2011.06.22 13:22:42.840,1.57113,1.57146,1.50,1.84
2011.06.22 13:22:43.501,1.57113,1.57146,1.50,1.84
2011.06.22 13:22:44.140,1.57113,1.57146,1.50,1.84
2011.06.22 13:22:45.240,1.57113,1.57146,1.50,1.84
2011.06.22 13:22:45.571,1.57114,1.57152,1.13,1.84
2011.06.22 13:22:46.560,1.57113,1.57151,1.88,1.84
2011.06.22 13:22:49.070,1.57114,1.57151,2.25,1.84
2011.06.22 13:22:49.181,1.57113,1.57151,3.00,1.84
2011.06.22 13:22:49.732,1.57114,1.57151,1.13,1.84
2011.06.22 13:22:49.840,1.57113,1.5715,1.88,1.09
2011.06.22 13:22:49.951,1.57114,1.57151,1.88,3.66
2011.06.22 13:22:50.280,1.57113,1.57151,3.00,1.08
2011.06.22 13:22:50.722,1.57113,1.57152,2.25,1.08
2011.06.22 13:22:50.940,1.57106,1.57157,1.09,1.41
2011.06.22 13:22:51.161,1.57117,1.57167,1.09,2.16
2011.06.22 13:22:51.271,1.57128,1.57167,2.18,1.79
2011.06.22 13:22:51.600,1.57144,1.57182,1.84,1.09
2011.06.22 13:22:51.710,1.57144,1.57186,1.84,1.79
2011.06.22 13:22:54.583,1.57134,1.57179,2.22,1.84
2011.06.22 13:22:55.023,1.57124,1.57171,2.97,1.84
2011.06.22 13:22:55.461,1.57128,1.57171,1.09,1.84
2011.06.22 13:22:55.570,1.57131,1.57179,2.22,1.84
2011.06.22 13:22:57.010,1.57124,1.57174,1.88,2.22
2011.06.22 13:22:57.230,1.57123,1.57174,2.22,2.22
2011.06.22 13:23:00.710,1.57124,1.57174,2.25,1.84
2011.06.22 13:23:02.574,1.5713,1.57174,1.13,1.84
2011.06.22 13:23:03.520,1.57126,1.57174,1.13,1.84
2011.06.22 13:23:04.660,1.57131,1.57175,2.59,1.84
2011.06.22 13:23:09.391,1.57136,1.57175,1.09,1.84
2011.06.22 13:23:09.500,1.57146,1.57186,1.84,2.20
2011.06.22 13:23:09.721,1.57146,1.57187,1.84,2.16
2011.06.22 13:23:10.491,1.57146,1.57187,1.84,2.16
2011.06.22 13:23:11.091,1.57146,1.57186,1.84,1.08
2011.06.22 13:23:13.831,1.57133,1.57176,2.22,1.84
2011.06.22 13:23:14.160,1.57133,1.57172,1.84,1.08
2011.06.22 13:23:15.441,1.57133,1.57176,1.84,2.16
2011.06.22 13:23:16.244,1.57133,1.57176,1.84,3.29
2011.06.22 13:23:16.460,1.57125,1.57167,1.09,1.84
2011.06.22 13:23:16.571,1.57123,1.57167,1.09,1.84
2011.06.22 13:23:16.903,1.57128,1.57167,1.84,1.08
2011.06.22 13:23:17.452,1.57128,1.57174,1.84,1.84
2011.06.22 13:23:19.030,1.57129,1.57174,1.09,1.84
2011.06.22 13:23:19.472,1.57129,1.57174,1.09,1.84
2011.06.22 13:23:20.701,1.57124,1.57162,2.25,1.84
2011.06.22 13:23:20.810,1.57119,1.57162,1.47,1.84
2011.06.22 13:23:20.921,1.57119,1.57157,1.09,1.09
2011.06.22 13:23:21.252,1.57096,1.57143,1.84,1.84
2011.06.22 13:23:21.801,1.57101,1.57143,1.13,1.84
2011.06.22 13:23:22.021,1.57097,1.57143,1.09,1.84
2011.06.22 13:23:22.459,1.57099,1.57143,1.09,1.84
2011.06.22 13:23:23.650,1.57097,1.57143,1.09,1.84
2011.06.22 13:23:24.596,1.57099,1.57143,1.09,1.84
2011.06.22 13:23:25.571,1.57096,1.57143,1.47,1.84
2011.06.22 13:23:26.592,1.57093,1.57131,1.47,1.84
2011.06.22 13:23:26.701,1.57092,1.57131,1.09,1.84
2011.06.22 13:23:27.473,1.57093,1.57131,1.09,1.84
2011.06.22 13:23:27.582,1.5711,1.57136,2.22,1.08
2011.06.22 13:23:27.801,1.5711,1.57151,2.22,1.84
2011.06.22 13:23:28.461,1.57114,1.57151,1.09,1.84
2011.06.22 13:23:28.571,1.57116,1.57157,2.22,1.09
2011.06.22 13:23:29.450,1.57107,1.57157,1.09,1.84
2011.06.22 13:23:30.387,1.57115,1.57161,1.09,1.09
2011.06.22 13:23:31.111,1.57114,1.57155,1.13,1.09
2011.06.22 13:23:31.221,1.57108,1.57158,1.13,1.09
2011.06.22 13:23:31.441,1.57104,1.57152,1.47,1.08
2011.06.22 13:23:34.702,1.57106,1.57162,1.09,4.09
2011.06.22 13:23:35.255,1.57108,1.57155,1.13,1.04
2011.06.22 13:23:35.810,1.57104,1.57152,2.22,1.08
2011.06.22 13:23:36.690,1.57103,1.57152,1.84,1.08
2011.06.22 13:23:37.248,1.57104,1.57152,1.47,1.08
2011.06.22 13:23:38.263,1.57104,1.57151,1.13,2.97
2011.06.22 13:23:39.210,1.57099,1.5715,1.88,1.41
2011.06.22 13:23:39.431,1.57094,1.57145,2.59,1.09
2011.06.22 13:23:39.761,1.57097,1.57147,1.09,2.16
2011.06.22 13:23:42.442,1.57094,1.57146,1.50,1.84
2011.06.22 13:23:42.771,1.57103,1.57147,2.22,1.09
2011.06.22 13:23:43.841,1.57099,1.57142,2.22,1.84
2011.06.22 13:23:45.820,1.57092,1.57145,1.13,1.09
2011.06.22 13:23:57.652,1.57092,1.57141,1.88,1.47
2011.06.22 13:23:58.094,1.57089,1.5714,1.13,1.09
2011.06.22 13:24:01.070,1.57092,1.57141,1.13,1.04
2011.06.22 13:24:01.179,1.57094,1.57146,1.50,2.91
2011.06.22 13:24:01.701,1.57093,1.57146,1.50,1.09
2011.06.22 13:24:02.742,1.57093,1.57146,1.50,2.59
2011.06.22 13:24:03.932,1.57093,1.57146,1.50,1.47
2011.06.22 13:24:04.323,1.57093,1.57146,2.25,1.47
2011.06.22 13:24:06.224,1.57094,1.57137,2.25,1.08
2011.06.22 13:24:06.777,1.57094,1.57136,1.88,1.08
2011.06.22 13:24:07.004,1.57088,1.57137,2.93,1.08
2011.06.22 13:24:08.323,1.57088,1.57143,1.50,1.09
2011.06.22 13:24:08.433,1.57088,1.57138,1.13,1.13
2011.06.22 13:24:08.544,1.57083,1.5713,1.84,2.22
2011.06.22 13:24:08.872,1.57081,1.57126,1.13,1.84
2011.06.22 13:24:09.712,1.57078,1.57126,1.50,2.22
2011.06.22 13:24:09.823,1.57077,1.57126,1.88,2.22
2011.06.22 13:24:10.442,1.57077,1.57126,1.13,2.54
2011.06.22 13:24:12.555,1.57077,1.5712,1.50,1.09
2011.06.22 13:24:12.663,1.57078,1.57124,1.50,1.04
2011.06.22 13:24:13.324,1.57079,1.57127,1.84,1.41
2011.06.22 13:24:15.585,1.57079,1.57133,1.84,2.91
2011.06.22 13:24:16.023,1.57082,1.57133,1.09,2.16
2011.06.22 13:24:16.742,1.57091,1.57133,1.13,1.84
2011.06.22 13:24:18.524,1.57088,1.57131,1.13,1.09
2011.06.22 13:24:18.634,1.57084,1.57127,1.13,1.41
2011.06.22 13:24:19.203,1.57083,1.57127,1.50,1.41
2011.06.22 13:24:19.765,1.57084,1.57127,1.88,1.41
2011.06.22 13:24:20.092,1.57083,1.57125,1.13,1.84
2011.06.22 13:24:20.805,1.57083,1.57125,1.13,1.84
2011.06.22 13:24:20.916,1.57078,1.57125,1.13,1.84
2011.06.22 13:24:21.134,1.57073,1.57117,1.84,1.41
2011.06.22 13:24:22.682,1.57074,1.57117,1.50,1.41
2011.06.22 13:24:23.013,1.57081,1.57126,1.09,2.16
2011.06.22 13:24:28.524,1.57076,1.57125,1.80,1.04
2011.06.22 13:24:32.953,1.57073,1.57126,2.97,2.97
2011.06.22 13:24:33.065,1.57073,1.57126,2.59,2.59
2011.06.22 13:24:33.613,1.57081,1.57126,1.13,2.91
2011.06.22 13:24:33.833,1.57074,1.57126,3.68,4.47
2011.06.22 13:24:34.054,1.57081,1.57126,1.13,2.59
2011.06.22 13:24:34.384,1.57074,1.57121,1.13,1.09
2011.06.22 13:24:34.494,1.57073,1.57117,1.84,1.45
2011.06.22 13:24:34.932,1.57083,1.57116,1.50,1.50
2011.06.22 13:24:35.692,1.57083,1.57117,1.50,1.83
2011.06.22 13:24:36.244,1.57083,1.57116,1.50,1.50
2011.06.22 13:24:36.354,1.5707,1.57116,1.09,1.83
2011.06.22 13:24:36.903,1.57072,1.57126,1.09,2.16
2011.06.22 13:24:37.234,1.57094,1.57132,1.84,1.41
2011.06.22 13:24:37.343,1.57086,1.57129,2.59,1.84
2011.06.22 13:24:37.893,1.57086,1.57129,2.22,1.84
2011.06.22 13:24:38.224,1.5709,1.57129,1.09,1.84
2011.06.22 13:24:38.444,1.57088,1.57129,1.47,1.84
2011.06.22 13:24:39.763,1.57085,1.57119,1.50,1.84
2011.06.22 13:24:40.647,1.57086,1.57119,1.13,1.84
2011.06.22 13:24:40.767,1.57084,1.57119,1.50,1.84
2011.06.22 13:24:40.985,1.57086,1.57119,1.13,1.84
2011.06.22 13:24:41.206,1.57086,1.57126,1.84,1.84
2011.06.22 13:24:41.426,1.5709,1.57126,1.09,1.84
2011.06.22 13:24:41.538,1.57097,1.57136,1.84,1.41
2011.06.22 13:24:41.766,1.5709,1.57131,2.22,1.84
2011.06.22 13:24:48.373,1.57084,1.57134,2.25,2.59
2011.06.22 13:24:48.484,1.57081,1.57134,1.47,2.59
2011.06.22 13:24:49.043,1.57077,1.57134,1.47,2.59
2011.06.22 13:24:52.163,1.57074,1.57116,1.50,2.22
2011.06.22 13:24:52.272,1.57074,1.57116,2.25,2.22
2011.06.22 13:24:54.475,1.57067,1.571,1.88,1.84
2011.06.22 13:24:54.803,1.57072,1.5711,2.18,1.84
2011.06.22 13:24:54.913,1.57077,1.57118,2.22,2.22
2011.06.22 13:24:55.645,1.57074,1.57112,1.88,1.84
2011.06.22 13:24:55.754,1.57074,1.57112,2.25,1.84
2011.06.22 13:24:55.975,1.57074,1.57112,1.88,1.84
2011.06.22 13:24:56.416,1.57077,1.57119,1.84,1.84
2011.06.22 13:24:56.527,1.57078,1.57119,1.09,1.84
2011.06.22 13:24:57.513,1.57073,1.57118,1.13,1.84
2011.06.22 13:24:57.734,1.57083,1.57125,1.09,1.43
2011.06.22 13:24:57.953,1.57084,1.57132,1.13,2.22
2011.06.22 13:24:58.064,1.57079,1.57119,1.50,1.84
2011.06.22 13:24:58.698,1.57078,1.57119,1.09,1.84
2011.06.22 13:24:59.255,1.57074,1.57119,2.22,1.84
2011.06.22 13:24:59.475,1.5708,1.57119,1.13,1.84
2011.06.22 13:25:00.134,1.57078,1.57119,1.09,1.84
2011.06.22 13:25:00.572,1.57064,1.57116,3.00,1.84
2011.06.22 13:25:03.854,1.57066,1.57116,1.50,1.84
2011.06.22 13:25:05.444,1.57071,1.57123,1.50,1.84
2011.06.22 13:25:05.773,1.57072,1.57126,2.97,1.47
2011.06.22 13:25:09.953,1.57076,1.57128,1.09,1.41
2011.06.22 13:25:11.603,1.57079,1.5713,1.47,1.08
2011.06.22 13:25:26.857,1.57085,1.57136,1.84,1.50
2011.06.22 13:25:27.073,1.57085,1.57137,2.22,1.79
2011.06.22 13:25:31.013,1.57091,1.57144,1.09,2.14
2011.06.22 13:25:31.234,1.57088,1.57141,1.09,1.09
2011.06.22 13:25:34.627,1.57087,1.57145,1.84,2.59
2011.06.22 13:25:36.272,1.57087,1.57138,1.13,1.84
2011.06.22 13:25:37.484,1.57092,1.57146,1.84,2.22
2011.06.22 13:25:37.925,1.57097,1.5715,1.09,2.22
2011.06.22 13:25:38.035,1.57093,1.57149,1.47,1.47
2011.06.22 13:25:38.256,1.57091,1.57145,1.47,1.09
2011.06.22 13:25:39.134,1.5709,1.57146,2.22,1.41
2011.06.22 13:25:45.744,1.57089,1.57135,1.88,2.22
2011.06.22 13:25:46.074,1.57086,1.57135,1.84,1.83
2011.06.22 13:25:48.403,1.57082,1.57134,1.47,1.41
2011.06.22 13:25:49.802,1.57082,1.57134,1.09,1.04
2011.06.22 13:25:49.913,1.57084,1.57134,1.47,1.41
2011.06.22 13:25:51.972,1.57083,1.57134,2.22,1.04
2011.06.22 13:25:54.639,1.57086,1.57137,1.47,1.47
2011.06.22 13:25:54.758,1.57086,1.57136,1.09,1.09
2011.06.22 13:25:54.873,1.57079,1.57136,3.72,1.09
2011.06.22 13:25:54.986,1.57086,1.57137,1.09,2.16
2011.06.22 13:25:55.203,1.57084,1.57136,1.47,1.09
2011.06.22 13:25:58.243,1.57079,1.57135,3.34,1.84
2011.06.22 13:25:59.012,1.57081,1.57135,1.47,1.47
2011.06.22 13:26:01.733,1.57099,1.57137,1.84,1.45
2011.06.22 13:26:01.956,1.571,1.5715,2.18,1.09
2011.06.22 13:26:02.065,1.57106,1.5715,1.88,1.09
2011.06.22 13:26:02.393,1.571,1.57153,1.13,2.22
2011.06.22 13:26:02.502,1.57108,1.57151,1.84,2.22
2011.06.22 13:26:04.411,1.57114,1.57161,1.13,1.08
2011.06.22 13:26:04.743,1.57113,1.57163,3.00,1.13
2011.06.22 13:26:04.854,1.57114,1.57167,1.88,1.09
2011.06.22 13:26:04.965,1.57114,1.57171,3.00,2.59
2011.06.22 13:26:05.074,1.57115,1.57169,2.22,1.13
2011.06.22 13:26:05.403,1.57122,1.57171,1.09,1.84
2011.06.22 13:26:05.516,1.57122,1.57175,1.09,1.04
2011.06.22 13:26:05.952,1.5712,1.57172,1.77,2.16
2011.06.22 13:26:07.494,1.57122,1.57171,1.09,1.79
2011.06.22 13:26:09.081,1.57118,1.57161,1.80,1.08
2011.06.22 13:26:10.294,1.57114,1.57159,1.13,1.08
2011.06.22 13:26:10.846,1.57114,1.57159,1.88,1.08
2011.06.22 13:26:11.503,1.57114,1.57159,1.13,1.08
2011.06.22 13:26:12.163,1.57114,1.57159,1.88,1.08
2011.06.22 13:26:12.743,1.57114,1.57164,2.97,1.09
2011.06.22 13:26:12.965,1.57115,1.57167,1.09,1.09
2011.06.22 13:26:13.184,1.57124,1.57168,1.13,1.84
2011.06.22 13:26:13.728,1.57119,1.57168,1.09,1.08
2011.06.22 13:26:14.923,1.57119,1.57168,1.47,1.13
2011.06.22 13:26:15.365,1.57119,1.57168,1.50,1.41
2011.06.22 13:26:16.353,1.57118,1.57168,2.93,1.41
2011.06.22 13:26:17.013,1.57123,1.57169,3.64,1.08
2011.06.22 13:26:17.673,1.5712,1.57169,1.09,1.08
2011.06.22 13:26:18.222,1.5712,1.57169,1.09,1.08
2011.06.22 13:26:19.194,1.57122,1.57169,1.09,1.08
2011.06.22 13:26:19.743,1.57124,1.57169,1.47,1.08
2011.06.22 13:26:20.463,1.57123,1.57168,1.13,2.59
2011.06.22 13:26:20.795,1.57118,1.57159,1.13,1.08
2011.06.22 13:26:21.013,1.57114,1.57158,2.97,1.08
2011.06.22 13:26:21.454,1.57117,1.57168,1.09,2.16
2011.06.22 13:26:24.434,1.57119,1.57166,1.13,1.04
2011.06.22 13:26:27.994,1.57117,1.57168,1.09,2.16
2011.06.22 13:26:35.175,1.57119,1.57164,1.13,1.41
2011.06.22 13:26:35.504,1.57114,1.57164,2.97,1.41
2011.06.22 13:26:35.729,1.57113,1.57162,2.22,1.09
2011.06.22 13:26:36.284,1.57112,1.5716,1.09,1.08
2011.06.22 13:26:36.732,1.57116,1.5716,1.09,1.08
2011.06.22 13:26:36.953,1.57116,1.57162,1.09,1.09
2011.06.22 13:26:37.282,1.57117,1.57168,1.09,2.91
2011.06.22 13:26:38.183,1.57118,1.57168,1.13,2.59
2011.06.22 13:26:45.982,1.57114,1.57168,2.22,2.97
2011.06.22 13:26:46.535,1.57111,1.57161,1.09,1.08
2011.06.22 13:26:46.863,1.5711,1.57158,1.09,1.41
2011.06.22 13:26:47.413,1.57103,1.57149,2.25,1.04
2011.06.22 13:26:47.634,1.57105,1.57148,1.43,1.41
2011.06.22 13:26:48.183,1.57099,1.57149,1.84,1.04
2011.06.22 13:26:50.524,1.57105,1.57154,1.09,1.47
2011.06.22 13:26:50.634,1.57106,1.57157,1.09,1.79
2011.06.22 13:26:50.964,1.5712,1.57166,1.09,1.09
2011.06.22 13:26:51.075,1.57121,1.57165,2.97,1.13
2011.06.22 13:26:51.294,1.57118,1.57169,1.47,1.79
2011.06.22 13:26:51.404,1.57123,1.57166,1.50,1.04
2011.06.22 13:26:51.733,1.57109,1.57157,2.18,1.45
2011.06.22 13:26:51.844,1.57104,1.57155,1.13,1.08
2011.06.22 13:26:52.174,1.571,1.57154,3.38,1.83
2011.06.22 13:26:52.503,1.57099,1.5715,1.88,1.45
2011.06.22 13:26:53.045,1.57099,1.57149,3.38,1.45
2011.06.22 13:26:53.814,1.57099,1.57152,1.50,1.13
2011.06.22 13:26:53.924,1.57098,1.57145,1.50,2.59
2011.06.22 13:26:54.144,1.57094,1.57143,1.13,1.13
2011.06.22 13:26:54.254,1.57093,1.57145,2.25,1.09
2011.06.22 13:26:54.993,1.57094,1.57146,2.25,1.47
2011.06.22 13:26:55.765,1.57093,1.57144,1.50,1.13
2011.06.22 13:26:56.093,1.57096,1.5714,1.13,1.04
2011.06.22 13:26:56.205,1.57088,1.5714,1.50,1.04
2011.06.22 13:26:57.084,1.57088,1.57139,1.50,1.04
2011.06.22 13:26:57.609,1.57089,1.57139,1.50,1.04
2011.06.22 13:26:58.163,1.57091,1.5714,1.09,1.04
2011.06.22 13:26:59.044,1.57091,1.57138,1.09,1.09
2011.06.22 13:27:01.094,1.57091,1.57132,1.09,1.08
2011.06.22 13:27:01.422,1.57088,1.57136,1.50,1.84
2011.06.22 13:27:03.514,1.57089,1.5713,1.13,1.04
2011.06.22 13:27:03.734,1.57084,1.57129,2.22,1.04
2011.06.22 13:27:04.063,1.57083,1.57129,1.88,1.04
2011.06.22 13:27:04.283,1.57083,1.57129,1.50,1.41
2011.06.22 13:27:04.393,1.57077,1.57128,1.09,1.04
2011.06.22 13:27:05.307,1.57078,1.57126,1.47,1.09
2011.06.22 13:27:05.963,1.57075,1.57126,1.09,1.47
2011.06.22 13:27:07.695,1.5707,1.57114,1.84,1.84
2011.06.22 13:27:12.886,1.57077,1.57123,1.84,2.97
2011.06.22 13:27:19.514,1.57073,1.57111,2.97,1.84
2011.06.22 13:27:19.954,1.57073,1.57111,1.09,1.84
2011.06.22 13:27:20.974,1.57083,1.57125,1.09,2.54
2011.06.22 13:27:21.205,1.57087,1.57125,1.09,1.84
2011.06.22 13:27:21.533,1.57094,1.57133,1.84,1.84
2011.06.22 13:27:23.254,1.57093,1.57133,1.47,1.84
2011.06.22 13:27:23.473,1.57089,1.57134,1.50,2.59
2011.06.22 13:27:23.583,1.57084,1.57134,1.13,2.97
2011.06.22 13:27:25.243,1.57098,1.57137,1.84,1.83
2011.06.22 13:27:25.464,1.57089,1.57133,2.97,1.04
2011.06.22 13:27:26.743,1.57092,1.57133,1.09,1.04
2011.06.22 13:27:29.555,1.57089,1.57134,1.13,2.54
2011.06.22 13:27:29.773,1.57085,1.57134,1.50,2.54
2011.06.22 13:27:30.432,1.57089,1.57135,1.84,1.04
2011.06.22 13:27:31.033,1.57089,1.57135,1.47,1.04
2011.06.22 13:27:32.432,1.57088,1.57135,1.84,1.04
2011.06.22 13:27:32.672,1.57088,1.57134,1.09,1.08
2011.06.22 13:27:33.223,1.57081,1.57127,1.47,1.08
2011.06.22 13:27:34.222,1.57081,1.57127,1.47,1.08
2011.06.22 13:27:34.743,1.57081,1.57126,1.47,1.08
2011.06.22 13:27:35.653,1.57081,1.57127,1.47,1.08
2011.06.22 13:27:35.988,1.5709,1.57127,1.09,1.08
2011.06.22 13:27:36.205,1.57095,1.57137,1.43,1.79
2011.06.22 13:27:36.313,1.5709,1.57137,1.47,1.79
2011.06.22 13:27:36.423,1.57085,1.57137,1.84,1.79
2011.06.22 13:27:37.285,1.57094,1.57142,1.13,2.16
2011.06.22 13:27:37.740,1.57094,1.57143,1.47,1.09
2011.06.22 13:27:40.874,1.57094,1.57139,1.09,1.08
2011.06.22 13:27:41.207,1.57092,1.57139,1.84,1.45
2011.06.22 13:27:41.426,1.57091,1.57137,2.22,1.08
2011.06.22 13:27:41.535,1.57098,1.57137,1.09,1.08
2011.06.22 13:27:41.644,1.57099,1.57146,1.47,1.45
2011.06.22 13:27:42.466,1.57098,1.57147,1.84,1.83
2011.06.22 13:27:43.049,1.57099,1.57146,1.47,1.13
2011.06.22 13:27:44.465,1.57098,1.57147,1.84,1.08
2011.06.22 13:27:45.122,1.57098,1.57147,1.84,1.08
2011.06.22 13:27:45.665,1.57098,1.57147,2.59,1.83
2011.06.22 13:27:45.993,1.57116,1.57147,1.84,1.08
2011.06.22 13:27:46.544,1.57116,1.57147,1.84,1.08
2011.06.22 13:27:46.768,1.57108,1.57146,1.84,1.04
2011.06.22 13:27:47.515,1.57108,1.57146,1.84,1.41
2011.06.22 13:27:47.736,1.57112,1.57147,1.09,1.41
2011.06.22 13:27:48.064,1.57126,1.57166,1.09,2.16
2011.06.22 13:27:48.724,1.57125,1.57166,2.22,1.84
2011.06.22 13:27:49.054,1.57114,1.57165,1.09,2.59
2011.06.22 13:27:49.382,1.57109,1.57157,2.22,1.08
2011.06.22 13:27:49.962,1.57109,1.57157,2.22,1.08
2011.06.22 13:27:50.513,1.57111,1.57152,1.47,1.84
2011.06.22 13:27:51.392,1.571,1.57148,2.22,2.22
2011.06.22 13:27:52.164,1.571,1.57143,2.22,1.09
2011.06.22 13:27:53.116,1.57085,1.57132,2.22,1.13
2011.06.22 13:27:53.223,1.57085,1.57132,2.22,1.83
2011.06.22 13:27:53.333,1.57082,1.5713,1.13,1.04
2011.06.22 13:27:54.462,1.57078,1.57095,1.88,1.84
2011.06.22 13:27:54.575,1.57073,1.57095,1.13,1.84
2011.06.22 13:27:54.684,1.57057,1.57101,1.84,3.27
2011.06.22 13:27:56.453,1.57063,1.57114,1.13,1.04
2011.06.22 13:27:56.783,1.57063,1.57114,1.88,1.41
2011.06.22 13:27:56.893,1.5706,1.57113,1.13,1.13
2011.06.22 13:27:57.004,1.5706,1.57114,1.50,1.41
2011.06.22 13:27:57.942,1.57058,1.57114,1.09,1.79
2011.06.22 13:27:58.273,1.5705,1.57099,1.13,1.84
2011.06.22 13:27:58.863,1.57049,1.57104,1.09,1.09
2011.06.22 13:27:59.413,1.57055,1.57106,1.09,1.08
2011.06.22 13:27:59.525,1.57055,1.57106,1.09,1.08
2011.06.22 13:27:59.634,1.57052,1.57102,1.47,1.37
2011.06.22 13:28:00.185,1.57044,1.57089,2.22,1.04
2011.06.22 13:28:00.737,1.57041,1.57085,1.09,2.22
2011.06.22 13:28:01.065,1.57052,1.57091,2.22,1.09
2011.06.22 13:28:01.283,1.57052,1.57091,1.84,1.09
2011.06.22 13:28:01.504,1.57044,1.57088,4.02,2.59
2011.06.22 13:28:01.724,1.57053,1.57091,1.84,1.84
2011.06.22 13:28:02.477,1.57054,1.57105,2.97,1.09
2011.06.22 13:28:02.588,1.57055,1.57106,1.09,2.16
2011.06.22 13:28:03.913,1.57063,1.57106,1.84,1.08
2011.06.22 13:28:06.633,1.57063,1.57113,2.22,1.47
2011.06.22 13:28:11.523,1.57069,1.57116,2.22,1.50
2011.06.22 13:28:12.072,1.57069,1.57117,1.84,1.08
2011.06.22 13:28:12.659,1.57069,1.57116,1.84,1.08
2011.06.22 13:28:14.383,1.57069,1.57117,1.84,1.08
2011.06.22 13:28:15.074,1.57069,1.57117,1.84,1.08
2011.06.22 13:28:15.182,1.57064,1.57116,1.47,1.09
2011.06.22 13:28:18.473,1.57066,1.57117,2.22,1.08
2011.06.22 13:28:19.042,1.57066,1.57116,2.22,1.08
2011.06.22 13:28:20.103,1.57066,1.57117,2.22,1.08
2011.06.22 13:28:21.094,1.57066,1.57117,2.22,1.08
2011.06.22 13:28:21.993,1.57066,1.57116,1.84,2.58
2011.06.22 13:28:22.323,1.57065,1.57107,1.84,1.09
2011.06.22 13:28:22.432,1.57059,1.57102,2.59,1.84
2011.06.22 13:28:27.044,1.57061,1.57097,1.09,1.09
2011.06.22 13:28:27.593,1.57059,1.57102,1.84,2.22
2011.06.22 13:28:35.034,1.57059,1.57099,1.50,2.59
2011.06.22 13:28:35.254,1.57047,1.57096,2.25,1.41
2011.06.22 13:28:36.134,1.57049,1.57101,1.47,1.41
2011.06.22 13:28:36.574,1.57055,1.57106,1.09,1.84
2011.06.22 13:28:39.354,1.57055,1.57114,1.09,2.20
2011.06.22 13:28:40.125,1.57054,1.57111,1.09,1.50
2011.06.22 13:28:40.456,1.57049,1.57106,1.47,1.83
2011.06.22 13:28:40.566,1.57053,1.57107,1.13,1.88
2011.06.22 13:28:40.893,1.57056,1.57106,1.50,1.13
2011.06.22 13:28:41.004,1.57054,1.57108,1.13,1.45
2011.06.22 13:28:41.225,1.57056,1.57107,1.50,1.08
2011.06.22 13:28:41.663,1.57059,1.57106,1.13,1.83
2011.06.22 13:28:42.434,1.57058,1.57102,1.13,1.08
2011.06.22 13:28:42.654,1.57059,1.57106,1.13,1.08
2011.06.22 13:28:42.765,1.57057,1.57104,1.13,1.08
2011.06.22 13:28:43.295,1.57054,1.57097,2.63,1.08
2011.06.22 13:28:43.404,1.57049,1.57095,1.47,1.08
2011.06.22 13:28:44.842,1.57049,1.57095,1.47,1.08
2011.06.22 13:28:45.284,1.57049,1.57105,1.47,1.45
2011.06.22 13:28:45.394,1.5705,1.57103,1.09,1.08
2011.06.22 13:28:45.723,1.57053,1.57103,1.50,1.45
2011.06.22 13:28:46.052,1.57058,1.57102,1.13,1.08
2011.06.22 13:28:46.273,1.57049,1.57101,1.47,1.41
2011.06.22 13:28:47.063,1.57049,1.57096,1.47,1.79
2011.06.22 13:28:47.734,1.57048,1.57095,1.09,1.45
2011.06.22 13:28:48.173,1.57045,1.57087,1.09,1.08
2011.06.22 13:28:48.837,1.57045,1.57087,1.09,1.41
2011.06.22 13:28:53.972,1.57055,1.57087,1.84,1.08
2011.06.22 13:28:54.531,1.57055,1.57087,1.84,1.08
2011.06.22 13:28:55.033,1.57055,1.57087,1.84,1.08
2011.06.22 13:28:55.580,1.57055,1.57087,1.84,1.08
2011.06.22 13:28:56.225,1.57055,1.57086,1.84,1.08
2011.06.22 13:28:58.804,1.57042,1.57077,1.13,1.84
2011.06.22 13:28:58.913,1.57036,1.57077,1.09,1.84
2011.06.22 13:28:59.024,1.57038,1.57077,1.09,1.84
2011.06.22 13:28:59.244,1.57043,1.57086,2.22,1.84
2011.06.22 13:29:00.533,1.57045,1.57086,1.09,1.84
2011.06.22 13:29:00.973,1.57048,1.57096,1.47,1.04
2011.06.22 13:29:01.523,1.57045,1.57095,1.09,1.09
2011.06.22 13:29:02.533,1.57045,1.57095,1.09,1.09
2011.06.22 13:29:04.283,1.57044,1.57095,1.47,2.16
2011.06.22 13:29:04.614,1.57044,1.57093,1.47,1.13
2011.06.22 13:29:07.134,1.57043,1.57087,2.22,1.08
2011.06.22 13:29:07.684,1.57043,1.57096,1.84,2.91
2011.06.22 13:29:07.794,1.57043,1.57096,2.22,3.96
2011.06.22 13:29:08.344,1.57046,1.57096,1.09,1.41
2011.06.22 13:29:09.723,1.5705,1.57101,1.09,1.84
2011.06.22 13:29:10.466,1.57054,1.57104,2.22,1.47
2011.06.22 13:29:11.455,1.57054,1.57104,1.84,1.09
2011.06.22 13:29:11.564,1.57049,1.57102,1.09,1.84
2011.06.22 13:29:11.786,1.57051,1.57102,1.09,1.09
2011.06.22 13:29:12.004,1.57054,1.57107,2.22,1.79
2011.06.22 13:29:13.475,1.5706,1.57106,1.09,1.41
2011.06.22 13:29:13.584,1.5706,1.5711,2.59,1.43
2011.06.22 13:29:13.694,1.5706,1.57116,2.59,1.47
2011.06.22 13:29:21.375,1.57067,1.57115,1.09,1.09
2011.06.22 13:29:21.703,1.57069,1.5712,1.47,2.13
2011.06.22 13:29:21.923,1.57069,1.57121,1.84,1.41
2011.06.22 13:29:22.034,1.57069,1.57122,1.84,1.09
2011.06.22 13:29:22.474,1.57075,1.57126,1.09,2.16
2011.06.22 13:29:23.786,1.57074,1.57126,1.09,1.09
2011.06.22 13:29:30.415,1.57075,1.57123,1.47,1.09
2011.06.22 13:29:31.505,1.57076,1.57128,1.13,2.22
2011.06.22 13:29:32.055,1.57079,1.57127,1.13,1.41
2011.06.22 13:29:33.835,1.57082,1.57136,1.13,2.20
2011.06.22 13:29:34.053,1.57084,1.57137,1.50,1.45
2011.06.22 13:29:34.383,1.57083,1.57137,2.25,3.25
2011.06.22 13:29:34.713,1.57088,1.57137,1.13,1.08
2011.06.22 13:29:37.233,1.57088,1.57137,1.13,1.08
2011.06.22 13:29:37.783,1.57089,1.57137,1.13,1.08
2011.06.22 13:29:38.332,1.57097,1.57136,1.84,1.41
2011.06.22 13:29:39.009,1.57091,1.57133,2.22,1.84
2011.06.22 13:29:44.953,1.57095,1.57133,1.09,1.84
2011.06.22 13:29:45.064,1.57098,1.57142,2.22,1.84
2011.06.22 13:30:00.385,1.57089,1.57129,1.09,1.84
2011.06.22 13:30:00.607,1.57088,1.57129,1.47,1.84
2011.06.22 13:30:03.024,1.57089,1.57129,1.09,1.84
2011.06.22 13:30:03.551,1.57089,1.57136,1.50,1.08
2011.06.22 13:30:03.669,1.57086,1.57127,1.09,1.08
2011.06.22 13:30:03.787,1.57083,1.57127,1.88,1.08
2011.06.22 13:30:04.292,1.57079,1.57126,1.47,1.45
2011.06.22 13:30:04.857,1.57079,1.57126,1.47,1.45
2011.06.22 13:30:05.423,1.57078,1.57127,1.84,1.08
2011.06.22 13:30:05.644,1.57079,1.57131,1.47,1.41
2011.06.22 13:30:06.215,1.57075,1.5713,2.22,1.13
2011.06.22 13:30:06.324,1.57077,1.57126,1.47,1.45
2011.06.22 13:30:06.873,1.57082,1.57131,1.47,1.04
2011.06.22 13:30:06.984,1.57089,1.57131,2.22,1.08
2011.06.22 13:30:07.094,1.57089,1.57135,2.97,2.13
2011.06.22 13:30:07.315,1.57094,1.57141,1.47,1.79
2011.06.22 13:30:09.024,1.57093,1.57141,1.84,1.04
2011.06.22 13:30:09.607,1.57094,1.57141,1.47,1.79
2011.06.22 13:30:10.214,1.57093,1.57147,1.84,1.41
2011.06.22 13:30:10.324,1.57094,1.57141,1.50,1.84
2011.06.22 13:30:10.434,1.57093,1.57147,2.97,1.41
2011.06.22 13:30:10.657,1.57096,1.57146,1.09,1.09
2011.06.22 13:30:10.986,1.57098,1.57143,2.25,1.04
2011.06.22 13:30:11.426,1.571,1.57152,2.59,1.09
2011.06.22 13:30:12.724,1.57101,1.5715,1.09,1.04
2011.06.22 13:30:12.834,1.57101,1.57147,1.09,1.08
2011.06.22 13:30:13.973,1.57099,1.57145,1.13,1.04
2011.06.22 13:30:14.963,1.57097,1.57148,1.47,1.04
2011.06.22 13:30:15.623,1.57103,1.5715,1.50,1.84
2011.06.22 13:30:15.842,1.57105,1.57158,2.59,2.14
2011.06.22 13:30:16.612,1.57103,1.57156,1.50,1.84
2011.06.22 13:30:19.154,1.57102,1.57153,1.47,3.21
2011.06.22 13:30:19.263,1.57099,1.5715,1.47,1.09
2011.06.22 13:30:19.485,1.57096,1.57144,1.13,2.14
2011.06.22 13:30:19.595,1.57094,1.57136,1.09,1.43
2011.06.22 13:30:19.704,1.5709,1.57136,1.09,1.43
2011.06.22 13:30:20.365,1.57089,1.57136,1.47,1.80
2011.06.22 13:30:20.697,1.57098,1.57136,2.22,1.50
2011.06.22 13:30:20.915,1.57104,1.57146,1.84,1.08
2011.06.22 13:30:21.243,1.57104,1.57146,2.22,1.45
2011.06.22 13:30:21.792,1.57104,1.57146,2.22,1.45
2011.06.22 13:30:22.154,1.57104,1.57152,2.97,1.77
2011.06.22 13:30:22.374,1.57104,1.57152,2.97,1.77
2011.06.22 13:30:22.484,1.57104,1.57151,1.09,1.50
2011.06.22 13:30:22.993,1.57103,1.57142,1.09,1.09
2011.06.22 13:30:23.108,1.57098,1.57143,2.97,1.77
2011.06.22 13:30:24.774,1.57094,1.57135,1.50,1.09
2011.06.22 13:30:24.886,1.57093,1.57135,1.13,1.09
2011.06.22 13:30:24.999,1.57074,1.57111,1.50,1.09
2011.06.22 13:30:25.114,1.57067,1.57112,1.13,2.91
2011.06.22 13:30:25.226,1.57061,1.57106,1.50,1.84
2011.06.22 13:30:25.335,1.57055,1.57105,1.09,1.77
2011.06.22 13:30:26.764,1.57056,1.57103,2.25,1.77
2011.06.22 13:30:27.182,1.57056,1.57103,1.88,1.77
2011.06.22 13:30:29.324,1.57059,1.57099,2.63,1.43
2011.06.22 13:30:29.545,1.5706,1.57099,1.13,1.43
2011.06.22 13:30:29.873,1.57063,1.57101,3.34,1.43
2011.06.22 13:30:30.203,1.57077,1.57116,2.22,1.41
2011.06.22 13:30:31.195,1.57079,1.57118,1.09,1.84
2011.06.22 13:30:31.728,1.57071,1.57128,1.50,3.21
2011.06.22 13:30:33.283,1.57064,1.5712,1.47,1.13
2011.06.22 13:30:33.613,1.57063,1.57115,2.22,1.43
2011.06.22 13:30:33.944,1.57063,1.57115,2.22,1.77
2011.06.22 13:30:35.046,1.57064,1.57117,1.13,3.21
2011.06.22 13:30:35.701,1.57059,1.5711,1.13,2.22
2011.06.22 13:30:36.034,1.57059,1.57108,1.50,1.04
2011.06.22 13:30:36.474,1.57062,1.57115,1.09,1.47
2011.06.22 13:30:37.034,1.57061,1.57113,2.22,1.13
2011.06.22 13:30:37.254,1.57058,1.57111,1.09,1.09
2011.06.22 13:30:40.606,1.57062,1.57111,1.09,2.52
2011.06.22 13:30:41.124,1.57062,1.57105,1.09,1.43
2011.06.22 13:30:41.566,1.57049,1.57097,1.50,1.77
2011.06.22 13:30:41.675,1.57054,1.57097,1.13,1.77
2011.06.22 13:30:41.784,1.57052,1.57097,1.50,1.77
2011.06.22 13:30:41.896,1.57048,1.57097,1.09,1.77
2011.06.22 13:30:42.005,1.57051,1.57097,1.50,3.59
2011.06.22 13:30:42.335,1.57059,1.57101,1.13,1.43
2011.06.22 13:30:42.554,1.57062,1.57108,1.50,1.84
2011.06.22 13:30:42.773,1.57064,1.57115,1.13,2.54
2011.06.22 13:30:44.653,1.57063,1.57112,1.88,2.14
2011.06.22 13:30:45.138,1.57063,1.57104,1.13,1.43
2011.06.22 13:30:45.464,1.57063,1.57113,1.88,1.77
2011.06.22 13:30:47.893,1.57063,1.57108,1.88,1.04
2011.06.22 13:30:48.472,1.57063,1.57112,2.22,1.45
2011.06.22 13:30:49.133,1.57064,1.57113,1.47,1.80
2011.06.22 13:30:49.243,1.57068,1.57113,1.47,1.43
2011.06.22 13:30:49.353,1.57068,1.57116,1.47,1.77
2011.06.22 13:30:51.283,1.57069,1.57117,1.09,2.46
2011.06.22 13:30:51.860,1.57073,1.57118,1.13,1.04
2011.06.22 13:30:54.964,1.57069,1.57116,1.13,1.77
2011.06.22 13:30:55.295,1.57058,1.57114,1.50,1.47
2011.06.22 13:30:55.404,1.57056,1.57107,1.88,1.43
2011.06.22 13:30:55.514,1.57058,1.57107,1.13,1.43
2011.06.22 13:30:55.623,1.57058,1.57112,1.50,1.43
2011.06.22 13:30:56.454,1.57069,1.57112,1.09,1.43
2011.06.22 13:30:56.785,1.57069,1.57116,1.84,1.08
2011.06.22 13:30:57.348,1.57065,1.57114,2.22,1.43
2011.06.22 13:30:58.454,1.57072,1.57114,1.09,1.43
2011.06.22 13:30:58.673,1.57074,1.57118,1.13,1.04
2011.06.22 13:31:00.474,1.57072,1.57117,1.47,1.04
2011.06.22 13:31:00.694,1.57069,1.57113,1.13,1.04
2011.06.22 13:31:00.916,1.57064,1.57112,1.13,1.04
2011.06.22 13:31:01.025,1.57074,1.57113,1.13,2.46
2011.06.22 13:31:01.679,1.57071,1.57113,1.09,1.77
2011.06.22 13:31:03.225,1.57081,1.57116,1.84,1.43
2011.06.22 13:31:03.557,1.57081,1.57123,1.84,1.77
2011.06.22 13:31:03.885,1.57072,1.5712,1.09,1.77
2011.06.22 13:31:03.994,1.5707,1.57115,1.09,1.43
2011.06.22 13:31:05.496,1.57068,1.57115,1.09,1.43
2011.06.22 13:31:05.605,1.57068,1.57113,1.84,1.43
2011.06.22 13:31:05.715,1.57068,1.57117,1.47,1.79
2011.06.22 13:31:05.824,1.57066,1.57113,1.09,1.43
2011.06.22 13:31:06.154,1.57068,1.5712,1.84,1.77
2011.06.22 13:31:06.266,1.57082,1.57122,1.84,1.77
2011.06.22 13:31:06.593,1.57073,1.57114,2.59,1.84
2011.06.22 13:31:17.255,1.57073,1.57112,1.84,2.14
2011.06.22 13:31:17.475,1.57064,1.57104,2.22,1.77
2011.06.22 13:31:31.495,1.57067,1.57105,1.09,1.84
2011.06.22 13:31:32.044,1.57069,1.57105,1.09,1.84
2011.06.22 13:31:34.847,1.57063,1.57112,2.97,1.43
2011.06.22 13:31:35.394,1.57063,1.57111,2.22,1.80
2011.06.22 13:31:37.554,1.57059,1.57111,1.84,2.14
2011.06.22 13:31:38.233,1.57064,1.57111,1.09,1.77
2011.06.22 13:31:38.457,1.57064,1.57113,1.47,1.41
2011.06.22 13:31:38.783,1.57059,1.57101,1.09,1.84
2011.06.22 13:31:40.533,1.57064,1.57101,1.13,1.84
2011.06.22 13:31:41.854,1.57065,1.57108,2.22,1.84
2011.06.22 13:31:46.153,1.57065,1.57103,1.84,1.43
2011.06.22 13:31:46.595,1.57059,1.57101,2.25,1.77
2011.06.22 13:31:46.705,1.5706,1.57099,1.13,1.43
2011.06.22 13:31:47.034,1.57064,1.5711,2.59,1.43
2011.06.22 13:31:47.254,1.57069,1.57115,1.13,1.77
2011.06.22 13:31:47.364,1.57065,1.57115,1.09,1.77
2011.06.22 13:31:47.584,1.57062,1.57115,1.09,1.77
2011.06.22 13:31:52.167,1.57061,1.5711,1.09,1.43
2011.06.22 13:31:52.606,1.57064,1.5711,1.09,1.43
2011.06.22 13:31:52.715,1.57064,1.57115,1.09,1.77
2011.06.22 13:31:53.784,1.57061,1.57103,1.09,1.84
2011.06.22 13:32:01.433,1.57068,1.57109,1.84,1.84
2011.06.22 13:32:05.833,1.57075,1.57111,1.84,1.43
2011.06.22 13:32:06.635,1.57075,1.57118,2.22,2.16
2011.06.22 13:32:07.294,1.57075,1.57111,1.84,1.43
2011.06.22 13:32:09.724,1.57066,1.57109,2.22,1.84
2011.06.22 13:32:10.243,1.57063,1.571,1.50,1.84
2011.06.22 13:32:10.464,1.57056,1.571,2.22,1.84
2011.06.22 13:32:10.575,1.57054,1.57091,1.50,1.84
2011.06.22 13:32:11.127,1.57046,1.57091,2.22,1.84
2011.06.22 13:32:11.345,1.57044,1.5709,1.13,1.84
2011.06.22 13:32:11.454,1.57041,1.5709,1.13,2.22
2011.06.22 13:32:11.674,1.57036,1.5709,1.09,2.54
2011.06.22 13:32:12.274,1.57041,1.57086,2.22,1.08
2011.06.22 13:32:12.875,1.57043,1.57092,2.22,1.41
2011.06.22 13:32:13.093,1.57043,1.57089,1.09,1.75
2011.06.22 13:32:14.478,1.57041,1.57086,1.84,1.08
2011.06.22 13:32:15.474,1.57041,1.57087,1.84,1.08
2011.06.22 13:32:16.344,1.57041,1.57087,1.84,1.08
2011.06.22 13:32:16.955,1.57041,1.57087,2.22,1.08
2011.06.22 13:32:17.284,1.57046,1.5709,1.09,1.04
2011.06.22 13:32:17.616,1.57046,1.5709,1.09,1.09
2011.06.22 13:32:17.944,1.57041,1.5709,2.97,2.14
2011.06.22 13:32:18.053,1.57046,1.57096,1.09,1.09
2011.06.22 13:32:19.044,1.57041,1.57091,2.22,2.14
2011.06.22 13:32:19.374,1.57041,1.5709,2.22,1.41
2011.06.22 13:32:19.624,1.57041,1.57091,2.22,2.52
2011.06.22 13:32:21.435,1.57055,1.57097,1.84,1.41
2011.06.22 13:32:22.093,1.57046,1.57098,2.59,2.54
2011.06.22 13:32:26.534,1.57044,1.57092,2.97,2.14
2011.06.22 13:32:27.084,1.57044,1.57089,1.47,1.43
2011.06.22 13:32:27.415,1.57044,1.57085,1.47,1.43
2011.06.22 13:32:27.744,1.57035,1.5708,2.22,1.84
2011.06.22 13:32:28.896,1.57037,1.57077,1.09,1.09
2011.06.22 13:32:29.005,1.57035,1.5708,1.84,1.84
2011.06.22 13:32:29.225,1.57038,1.5708,1.09,1.84
2011.06.22 13:32:30.774,1.57038,1.5708,1.47,1.84
2011.06.22 13:32:30.994,1.57029,1.57075,1.13,1.84
2011.06.22 13:32:31.106,1.57026,1.57075,1.09,1.84
2011.06.22 13:32:31.216,1.57025,1.57075,1.47,2.22
2011.06.22 13:32:31.324,1.57026,1.57075,1.47,2.22
2011.06.22 13:32:31.437,1.57022,1.57074,1.47,2.14
2011.06.22 13:32:32.765,1.57027,1.57074,1.50,1.77
2011.06.22 13:32:32.875,1.57029,1.57079,1.09,1.09
2011.06.22 13:32:32.983,1.57029,1.57083,1.09,2.14
2011.06.22 13:32:33.754,1.57035,1.57083,1.84,2.50
2011.06.22 13:32:34.084,1.57044,1.57086,1.13,1.77
2011.06.22 13:32:34.305,1.57044,1.5709,1.50,1.04
2011.06.22 13:32:34.853,1.57043,1.57092,1.88,2.52
2011.06.22 13:32:35.927,1.57043,1.57088,1.50,1.47
2011.06.22 13:32:36.047,1.57028,1.57069,2.22,1.84
2011.06.22 13:32:36.593,1.57024,1.57061,1.47,1.84
2011.06.22 13:32:36.705,1.57024,1.57061,1.09,1.84
2011.06.22 13:32:41.110,1.57023,1.57061,1.09,1.84
2011.06.22 13:32:41.229,1.5702,1.57061,2.22,1.84
2011.06.22 13:32:43.794,1.57013,1.57058,1.13,2.14
2011.06.22 13:32:44.236,1.57013,1.57051,1.13,1.43
2011.06.22 13:32:44.346,1.57012,1.57056,1.47,1.04
2011.06.22 13:32:44.456,1.57015,1.57057,1.47,1.08
2011.06.22 13:32:45.079,1.57015,1.5706,1.47,1.43
2011.06.22 13:32:45.195,1.57016,1.57066,1.09,1.79
2011.06.22 13:32:46.295,1.57011,1.57066,2.97,2.16
2011.06.22 13:32:46.626,1.5702,1.5707,1.13,2.46
2011.06.22 13:32:46.735,1.5702,1.57067,2.22,1.08
2011.06.22 13:32:47.395,1.57022,1.57067,1.13,1.08
2011.06.22 13:32:47.504,1.57033,1.5707,1.84,1.75
2011.06.22 13:32:47.723,1.57033,1.57077,1.84,2.84
2011.06.22 13:32:53.488,1.57033,1.5707,1.84,1.43
2011.06.22 13:32:53.924,1.57033,1.57076,1.84,1.41
2011.06.22 13:33:01.024,1.57034,1.5707,1.09,1.43
2011.06.22 13:33:01.355,1.57033,1.57077,1.84,1.04
2011.06.22 13:33:02.673,1.57033,1.57076,4.09,1.09
2011.06.22 13:33:03.003,1.57033,1.57069,1.84,1.43
2011.06.22 13:33:03.334,1.57033,1.57067,1.84,1.08
2011.06.22 13:33:04.631,1.57024,1.57063,2.22,1.84
2011.06.22 13:33:04.748,1.5702,1.57063,1.84,3.27
2011.06.22 13:33:05.196,1.57013,1.57062,1.50,1.84
2011.06.22 13:33:08.207,1.5702,1.57063,1.84,1.84
2011.06.22 13:33:10.363,1.57023,1.57063,1.09,1.84
2011.06.22 13:33:10.805,1.57024,1.57063,1.09,1.84
2011.06.22 13:33:11.354,1.5702,1.57063,2.59,1.84
2011.06.22 13:33:11.904,1.5702,1.57063,1.84,1.84
2011.06.22 13:33:16.186,1.5702,1.57063,2.59,1.84
2011.06.22 13:33:16.734,1.5702,1.57063,2.22,1.84
2011.06.22 13:33:19.264,1.57008,1.57059,1.09,4.39
2011.06.22 13:33:19.485,1.5701,1.57059,1.09,1.77
2011.06.22 13:33:22.466,1.57013,1.57066,1.09,2.54
2011.06.22 13:33:24.006,1.57014,1.5706,2.59,1.43
2011.06.22 13:33:24.114,1.57014,1.57066,3.34,1.13
2011.06.22 13:33:24.224,1.57014,1.57067,2.59,1.45
2011.06.22 13:33:24.334,1.57014,1.57067,2.59,1.83
2011.06.22 13:33:24.885,1.57009,1.57066,1.84,3.72
2011.06.22 13:33:25.984,1.57015,1.57062,1.09,1.04
2011.06.22 13:33:26.423,1.57015,1.57062,2.59,1.08
2011.06.22 13:33:26.643,1.57015,1.57067,2.59,2.54
2011.06.22 13:33:26.865,1.57019,1.57066,1.09,2.20
2011.06.22 13:33:27.196,1.57022,1.57069,1.09,1.04
2011.06.22 13:33:27.305,1.57024,1.57068,1.13,1.09
2011.06.22 13:33:27.526,1.57015,1.5706,1.84,1.80
2011.06.22 13:33:27.747,1.57015,1.57056,1.84,1.08
2011.06.22 13:33:28.423,1.57017,1.57057,1.09,1.08
2011.06.22 13:33:28.528,1.57024,1.57069,1.50,1.04
2011.06.22 13:33:28.974,1.57034,1.57071,1.84,1.04
2011.06.22 13:33:29.193,1.57034,1.57075,2.97,2.16
2011.06.22 13:33:30.003,1.57034,1.57071,1.84,1.41
2011.06.22 13:33:31.373,1.57034,1.57071,1.84,1.41
2011.06.22 13:33:32.035,1.57034,1.57071,1.84,1.04
2011.06.22 13:33:32.583,1.57034,1.57071,1.84,1.41
2011.06.22 13:33:33.646,1.57018,1.57069,2.22,1.43
2011.06.22 13:33:36.703,1.57018,1.57067,2.22,1.08
2011.06.22 13:33:37.323,1.57018,1.57067,2.22,1.08
2011.06.22 13:33:37.654,1.57026,1.57069,2.22,1.43
2011.06.22 13:33:37.763,1.57026,1.57077,2.22,3.59
2011.06.22 13:33:38.534,1.57026,1.57076,3.72,1.08
2011.06.22 13:33:39.307,1.57026,1.57077,2.22,2.84
2011.06.22 13:33:39.853,1.57026,1.57077,2.22,2.84
2011.06.22 13:33:39.965,1.57023,1.57076,1.09,3.66
2011.06.22 13:33:40.184,1.57023,1.57069,1.09,1.43
2011.06.22 13:33:40.797,1.57024,1.57076,1.50,4.34
2011.06.22 13:33:45.427,1.57024,1.5707,1.50,2.54
2011.06.22 13:33:45.534,1.5702,1.5707,1.50,2.97
2011.06.22 13:33:45.644,1.57013,1.57056,1.47,1.43
2011.06.22 13:33:45.867,1.57012,1.57059,1.09,1.43
2011.06.22 13:33:45.976,1.57012,1.57065,1.09,2.46
2011.06.22 13:33:46.199,1.57017,1.57064,1.09,2.46
2011.06.22 13:33:46.534,1.57017,1.57062,1.09,1.43
2011.06.22 13:33:46.864,1.57017,1.57062,1.09,2.18
2011.06.22 13:33:47.416,1.57017,1.57057,1.09,1.08
2011.06.22 13:33:47.525,1.57013,1.57057,1.47,1.08
2011.06.22 13:33:48.485,1.57011,1.57057,1.09,1.08
2011.06.22 13:33:49.036,1.57017,1.57056,1.09,1.08
2011.06.22 13:33:50.333,1.57017,1.57057,1.09,1.08
2011.06.22 13:33:50.883,1.57017,1.57057,1.09,1.08
2011.06.22 13:33:51.274,1.57014,1.57056,1.47,1.08
2011.06.22 13:33:51.495,1.57011,1.57053,2.22,1.84
2011.06.22 13:33:53.995,1.57011,1.57053,2.59,1.84
2011.06.22 13:33:54.957,1.57011,1.57053,2.22,1.84
2011.06.22 13:33:55.186,1.5702,1.57063,1.84,1.84
2011.06.22 13:33:56.198,1.57014,1.57056,2.59,1.84
2011.06.22 13:33:56.967,1.57008,1.57047,1.84,1.84
2011.06.22 13:33:57.075,1.57004,1.57047,1.84,1.84
2011.06.22 13:33:58.175,1.57,1.57039,1.09,1.84
2011.06.22 13:34:02.374,1.57006,1.57047,1.84,1.41
2011.06.22 13:34:06.435,1.57,1.57037,1.09,1.84
2011.06.22 13:34:06.543,1.56996,1.57037,2.22,1.84
2011.06.22 13:34:07.244,1.56993,1.57029,1.09,1.84
2011.06.22 13:34:07.794,1.56988,1.57029,2.22,1.84
2011.06.22 13:34:10.765,1.56996,1.57036,1.84,1.41
2011.06.22 13:34:19.233,1.5699,1.57031,2.22,1.84
2011.06.22 13:34:26.200,1.56996,1.57036,1.84,1.41
2011.06.22 13:34:32.175,1.56998,1.57037,1.09,1.84
2011.06.22 13:34:32.287,1.56996,1.57037,1.84,1.84
2011.06.22 13:34:32.506,1.56989,1.57039,1.13,1.04
2011.06.22 13:34:34.486,1.56987,1.57037,1.09,2.16
2011.06.22 13:34:34.924,1.56982,1.57027,1.47,1.08
2011.06.22 13:34:35.694,1.56987,1.57026,1.09,1.08
2011.06.22 13:34:35.803,1.56988,1.57035,1.13,1.77
2011.06.22 13:34:36.023,1.56995,1.57037,1.84,1.41
2011.06.22 13:34:37.015,1.56987,1.57033,1.13,1.84
2011.06.22 13:34:37.124,1.56987,1.57033,1.13,1.84
2011.06.22 13:34:37.645,1.56986,1.57036,1.09,1.04
2011.06.22 13:34:38.524,1.56991,1.57035,1.09,1.04
2011.06.22 13:34:40.184,1.56989,1.57035,1.09,1.04
2011.06.22 13:34:40.294,1.56985,1.57025,1.47,1.84
2011.06.22 13:34:41.944,1.56973,1.5701,2.25,1.84
2011.06.22 13:34:42.054,1.56971,1.5701,1.13,1.84
2011.06.22 13:34:43.103,1.56975,1.57017,2.59,1.41
2011.06.22 13:34:43.545,1.56964,1.57004,1.09,1.84
2011.06.22 13:34:47.265,1.56954,1.57006,1.50,3.72
2011.06.22 13:34:47.374,1.5695,1.57006,1.09,2.54
2011.06.22 13:34:47.596,1.56953,1.57006,1.50,2.22
2011.06.22 13:34:47.923,1.56955,1.57006,1.88,1.84
2011.06.22 13:34:52.483,1.5696,1.57007,1.09,1.08
2011.06.22 13:34:53.033,1.56963,1.5701,2.22,1.13
2011.06.22 13:34:53.585,1.56964,1.5701,1.47,1.83
2011.06.22 13:34:55.076,1.56964,1.57014,2.22,1.09
2011.06.22 13:34:55.514,1.56966,1.57016,1.09,1.41
2011.06.22 13:34:55.955,1.5697,1.57019,1.84,1.13
2011.06.22 13:34:56.285,1.5697,1.57017,1.84,1.08
2011.06.22 13:34:56.613,1.56969,1.57012,1.84,1.84
2011.06.22 13:34:56.835,1.56975,1.57016,1.84,1.09
2011.06.22 13:34:58.425,1.56975,1.5702,1.84,2.59
2011.06.22 13:35:00.084,1.56967,1.57015,1.47,1.09
2011.06.22 13:35:00.416,1.56973,1.57016,1.84,2.16
2011.06.22 13:35:00.964,1.56973,1.57013,1.84,1.09
2011.06.22 13:35:01.513,1.56973,1.57016,1.84,2.91
2011.06.22 13:35:03.424,1.5697,1.57016,2.25,1.41
2011.06.22 13:35:07.404,1.5697,1.57016,2.59,1.08
2011.06.22 13:35:07.966,1.56966,1.57015,2.25,1.84
2011.06.22 13:35:08.075,1.56964,1.5701,2.97,1.09
2011.06.22 13:35:08.186,1.56968,1.57011,1.09,2.18
2011.06.22 13:35:08.624,1.56968,1.57011,1.09,1.80
2011.06.22 13:35:08.955,1.56966,1.57014,1.09,1.04
2011.06.22 13:35:09.874,1.56966,1.57016,2.22,3.64
2011.06.22 13:35:10.204,1.56971,1.57016,1.50,1.09
2011.06.22 13:35:10.315,1.56973,1.57025,1.09,1.41
2011.06.22 13:35:10.425,1.56974,1.57025,1.47,1.41
2011.06.22 13:35:11.454,1.56974,1.57025,1.09,1.79
2011.06.22 13:35:11.783,1.56971,1.57021,2.22,1.41
2011.06.22 13:35:12.004,1.56969,1.57016,1.13,1.04
2011.06.22 13:35:12.114,1.5697,1.57015,1.13,1.04
2011.06.22 13:35:12.334,1.56966,1.57014,1.09,1.04
2011.06.22 13:35:12.883,1.56966,1.57014,1.09,1.09
2011.06.22 13:35:13.466,1.56969,1.57016,1.88,1.84
2011.06.22 13:35:15.474,1.56962,1.57017,2.97,2.91
2011.06.22 13:35:17.194,1.56967,1.57017,1.47,2.16
2011.06.22 13:35:17.526,1.56971,1.57017,1.84,1.08
2011.06.22 13:35:18.184,1.56971,1.57016,1.84,1.83
2011.06.22 13:35:18.784,1.56969,1.57015,1.13,1.04
2011.06.22 13:35:19.334,1.56971,1.57017,1.09,1.83
2011.06.22 13:35:20.114,1.56971,1.57016,1.09,1.83
2011.06.22 13:35:20.228,1.56975,1.57017,1.09,1.08
2011.06.22 13:35:20.805,1.56975,1.57017,1.09,1.08
2011.06.22 13:35:21.025,1.56974,1.5701,1.09,1.84
2011.06.22 13:35:21.134,1.56971,1.5701,1.09,1.84
2011.06.22 13:35:21.246,1.5698,1.57017,1.84,1.41
2011.06.22 13:35:22.127,1.56972,1.5701,1.09,1.84
2011.06.22 13:35:22.235,1.56974,1.5701,1.09,1.84
2011.06.22 13:35:22.346,1.56984,1.57018,2.22,2.18
2011.06.22 13:35:22.455,1.56984,1.57026,2.22,3.34
2011.06.22 13:35:22.676,1.5698,1.5702,1.09,1.84
2011.06.22 13:35:22.784,1.56976,1.5702,1.84,1.84
2011.06.22 13:35:25.504,1.56977,1.57022,1.47,1.43
2011.06.22 13:35:27.283,1.56977,1.57023,1.47,1.43
2011.06.22 13:35:28.167,1.56981,1.57027,1.09,1.45
2011.06.22 13:35:28.385,1.5698,1.57021,1.09,1.43
2011.06.22 13:35:28.497,1.5698,1.57027,1.47,1.13
2011.06.22 13:35:28.714,1.5698,1.57031,1.84,1.77
2011.06.22 13:35:29.257,1.56981,1.57031,1.09,1.09
2011.06.22 13:35:29.585,1.56983,1.57036,2.97,1.04
2011.06.22 13:35:30.354,1.56986,1.57036,1.09,1.41
2011.06.22 13:35:31.016,1.5699,1.57036,1.09,1.09
2011.06.22 13:35:31.236,1.56994,1.57041,1.47,1.08
2011.06.22 13:35:31.455,1.56994,1.57033,1.47,1.84
2011.06.22 13:35:32.446,1.56985,1.57025,1.84,1.84
2011.06.22 13:35:33.048,1.56989,1.5703,2.22,1.84
2011.06.22 13:35:33.496,1.56989,1.57028,1.84,1.09
2011.06.22 13:35:34.264,1.56983,1.57019,1.13,1.84
2011.06.22 13:35:34.975,1.56978,1.57019,1.84,1.84
2011.06.22 13:35:38.815,1.56971,1.57022,1.50,2.22
2011.06.22 13:35:40.904,1.56971,1.57022,1.50,2.22
2011.06.22 13:35:41.788,1.56979,1.57026,1.09,1.41
2011.06.22 13:35:42.006,1.56984,1.57026,1.13,1.79
2011.06.22 13:35:42.537,1.56984,1.57026,1.13,1.09
2011.06.22 13:35:42.755,1.56984,1.57032,1.50,1.84
2011.06.22 13:35:42.974,1.56985,1.57037,1.47,1.41
2011.06.22 13:35:44.404,1.56985,1.57032,1.47,1.43
2011.06.22 13:35:44.734,1.56984,1.57036,3.34,1.84
2011.06.22 13:35:45.614,1.56982,1.57034,1.84,1.09
2011.06.22 13:35:45.835,1.56977,1.57027,1.50,2.13
2011.06.22 13:35:45.944,1.56975,1.57026,1.88,1.13
2011.06.22 13:35:46.644,1.56975,1.57027,1.13,2.88
2011.06.22 13:35:48.534,1.56976,1.57027,1.50,2.50
2011.06.22 13:35:49.193,1.56978,1.57027,1.50,1.08
2011.06.22 13:35:49.743,1.56978,1.57027,1.50,1.08
2011.06.22 13:35:49.966,1.56977,1.57027,1.50,1.45
2011.06.22 13:35:50.296,1.56976,1.57026,1.50,1.88
2011.06.22 13:35:50.404,1.56971,1.57016,1.09,1.08
2011.06.22 13:35:51.867,1.56973,1.57027,1.47,1.83
2011.06.22 13:35:52.416,1.56975,1.57027,1.50,1.45
2011.06.22 13:35:52.744,1.56988,1.57031,1.84,2.16
2011.06.22 13:35:53.406,1.56985,1.57037,2.22,2.20
2011.06.22 13:35:53.515,1.56993,1.57037,1.09,1.08
2011.06.22 13:35:53.625,1.56994,1.57038,1.09,1.08
2011.06.22 13:35:53.735,1.56989,1.57041,1.13,1.09
2011.06.22 13:35:53.844,1.56979,1.57037,2.25,1.84
2011.06.22 13:35:53.956,1.56981,1.57033,1.13,1.09
2011.06.22 13:35:54.175,1.56976,1.57031,1.50,2.16
2011.06.22 13:35:54.395,1.56973,1.5703,1.50,3.21
2011.06.22 13:35:54.724,1.56972,1.57024,1.13,2.22
2011.06.22 13:35:55.435,1.56963,1.57014,2.22,1.13
2011.06.22 13:35:55.548,1.56965,1.57017,1.09,1.41
2011.06.22 13:35:56.204,1.56967,1.57017,1.47,1.41
2011.06.22 13:35:56.973,1.5697,1.57017,1.47,1.41
2011.06.22 13:35:58.043,1.5697,1.57017,1.47,1.41
2011.06.22 13:35:58.505,1.5697,1.57017,1.47,1.41
2011.06.22 13:35:58.626,1.5697,1.57017,1.47,1.41
2011.06.22 13:35:59.204,1.5697,1.57016,1.47,1.08
2011.06.22 13:35:59.814,1.5697,1.57016,1.47,1.08
2011.06.22 13:36:00.036,1.5697,1.57017,1.47,1.79
2011.06.22 13:36:00.254,1.56981,1.57017,1.84,1.45
2011.06.22 13:36:00.694,1.56981,1.57025,1.84,2.22
2011.06.22 13:36:03.504,1.56982,1.57026,1.09,1.13
2011.06.22 13:36:05.436,1.56972,1.57009,2.18,2.59
2011.06.22 13:36:05.545,1.56972,1.57008,1.43,1.09
2011.06.22 13:36:05.765,1.56957,1.57007,1.47,1.09
2011.06.22 13:36:06.314,1.56959,1.57007,1.09,1.41
2011.06.22 13:36:06.975,1.56959,1.57007,1.09,1.41
2011.06.22 13:36:07.856,1.56959,1.57007,1.47,1.41
2011.06.22 13:36:08.482,1.56966,1.57006,1.84,1.79
2011.06.22 13:36:08.985,1.56966,1.57017,2.22,1.41
2011.06.22 13:36:10.054,1.56966,1.57017,2.22,1.41
2011.06.22 13:36:10.604,1.56966,1.57016,2.22,1.08
2011.06.22 13:36:10.715,1.56966,1.57016,1.84,1.45
2011.06.22 13:36:11.045,1.56967,1.57017,1.09,2.16
2011.06.22 13:36:11.154,1.56968,1.57017,1.09,1.41
2011.06.22 13:36:11.861,1.56968,1.57016,1.09,1.50
2011.06.22 13:36:12.405,1.5697,1.57024,1.47,2.22
2011.06.22 13:36:17.605,1.56973,1.57024,1.13,2.22
2011.06.22 13:36:18.249,1.56976,1.57026,1.47,2.54
2011.06.22 13:36:18.696,1.56974,1.57025,1.09,1.09
2011.06.22 13:36:19.025,1.56972,1.57015,1.09,1.04
2011.06.22 13:36:19.468,1.56982,1.57017,1.84,1.45
2011.06.22 13:36:19.575,1.56982,1.57021,1.84,1.43
2011.06.22 13:36:20.123,1.56982,1.57026,1.84,1.79
2011.06.22 13:36:20.564,1.56977,1.57026,1.13,2.22
2011.06.22 13:36:21.115,1.56974,1.57026,1.09,4.41
2011.06.22 13:36:23.005,1.56974,1.57019,1.09,1.41
2011.06.22 13:36:23.115,1.56972,1.57021,1.09,1.47
2011.06.22 13:36:24.093,1.56973,1.57019,1.47,1.09
2011.06.22 13:36:24.755,1.56974,1.57017,1.09,1.08
2011.06.22 13:36:25.288,1.56973,1.57017,1.47,1.08
2011.06.22 13:36:25.834,1.56969,1.57016,1.09,1.08
2011.06.22 13:36:26.384,1.56968,1.57017,1.84,1.45
2011.06.22 13:36:26.714,1.56968,1.57016,2.22,3.68
2011.06.22 13:36:26.824,1.56964,1.57011,1.47,1.13
2011.06.22 13:36:28.054,1.56966,1.57007,1.09,1.08
2011.06.22 13:36:29.304,1.56962,1.57007,1.09,1.08
2011.06.22 13:36:29.854,1.56964,1.57006,1.47,1.08
2011.06.22 13:36:32.234,1.56961,1.57007,1.84,1.08
2011.06.22 13:36:32.673,1.56961,1.57015,1.47,2.54
2011.06.22 13:36:33.024,1.56961,1.57007,1.09,1.13
2011.06.22 13:36:35.725,1.56959,1.57007,2.22,1.08
2011.06.22 13:36:36.275,1.56962,1.57015,1.47,1.84
2011.06.22 13:36:38.205,1.56961,1.57015,1.47,1.47
2011.06.22 13:36:39.011,1.56959,1.57016,2.22,3.27
2011.06.22 13:36:39.128,1.56961,1.57011,1.47,1.83
2011.06.22 13:36:39.835,1.56961,1.57007,1.84,1.08
2011.06.22 13:36:40.383,1.56962,1.57007,1.47,1.08
2011.06.22 13:36:41.524,1.56966,1.57007,1.47,1.08
2011.06.22 13:36:42.593,1.56966,1.57007,1.47,1.08
2011.06.22 13:36:42.974,1.56961,1.57004,1.09,1.84
2011.06.22 13:36:43.509,1.56959,1.57004,1.84,2.16
2011.06.22 13:36:44.473,1.56959,1.56997,1.84,1.08
2011.06.22 13:36:45.027,1.56968,1.56997,1.84,1.08
2011.06.22 13:36:45.135,1.56968,1.57006,1.84,1.08
2011.06.22 13:36:45.465,1.56968,1.57013,1.84,2.22
2011.06.22 13:36:45.685,1.56975,1.57016,1.84,1.43
2011.06.22 13:36:46.345,1.56977,1.57022,1.09,1.09
2011.06.22 13:36:46.454,1.56977,1.57026,1.09,1.09
2011.06.22 13:36:47.156,1.56975,1.57021,1.84,1.13
2011.06.22 13:36:47.487,1.56967,1.57006,1.09,1.41
2011.06.22 13:36:47.705,1.56964,1.57007,1.84,1.84
2011.06.22 13:36:47.817,1.56963,1.56999,1.88,1.84
2011.06.22 13:36:48.145,1.56966,1.57006,1.09,1.84
2011.06.22 13:36:48.706,1.56965,1.57006,1.84,1.84
2011.06.22 13:36:50.027,1.56966,1.57006,1.09,2.16
2011.06.22 13:36:50.455,1.56967,1.57007,2.22,1.08
2011.06.22 13:36:50.578,1.56963,1.57014,2.25,1.84
2011.06.22 13:36:54.404,1.56966,1.57016,1.09,1.09
2011.06.22 13:36:55.078,1.5697,1.57016,1.09,1.09
2011.06.22 13:36:55.405,1.5697,1.57021,1.09,1.84
2011.06.22 13:36:55.956,1.56971,1.57021,1.13,2.54
2011.06.22 13:36:56.064,1.56967,1.57021,2.14,3.29
2011.06.22 13:36:56.396,1.56964,1.57015,2.25,1.84
2011.06.22 13:36:56.614,1.56962,1.57014,1.84,1.47
2011.06.22 13:36:56.835,1.5696,1.57007,1.09,1.09
2011.06.22 13:36:57.934,1.56963,1.57006,1.09,1.08
2011.06.22 13:36:58.506,1.56964,1.5701,3.00,1.04
2011.06.22 13:37:01.684,1.56964,1.57015,1.50,1.84
2011.06.22 13:37:02.014,1.56972,1.57014,2.22,1.84
2011.06.22 13:37:03.077,1.56959,1.57003,3.27,1.84
2011.06.22 13:37:03.199,1.5696,1.57003,1.09,1.84
2011.06.22 13:37:04.717,1.56959,1.57003,2.97,1.84
2011.06.22 13:37:05.264,1.5695,1.56998,1.50,1.84
2011.06.22 13:37:05.485,1.56948,1.56998,1.13,1.84
2011.06.22 13:37:06.144,1.56945,1.56995,1.84,1.09
2011.06.22 13:37:06.696,1.56943,1.56986,1.09,1.08
2011.06.22 13:37:07.701,1.56943,1.56987,1.09,1.08
2011.06.22 13:37:08.015,1.56958,1.56997,1.84,1.08
2011.06.22 13:37:08.456,1.5696,1.57004,1.47,1.84
2011.06.22 13:37:09.004,1.56963,1.57004,1.84,1.84
2011.06.22 13:37:09.116,1.56965,1.57015,1.09,1.04
2011.06.22 13:37:09.450,1.56964,1.57011,1.88,1.84
2011.06.22 13:37:09.785,1.56963,1.57011,2.59,1.83
2011.06.22 13:37:10.336,1.56963,1.57011,2.22,1.83
2011.06.22 13:37:10.801,1.56959,1.57008,1.50,1.04
2011.06.22 13:37:10.926,1.5696,1.57015,1.09,1.84
2011.06.22 13:37:11.046,1.56964,1.57015,1.09,1.79
2011.06.22 13:37:12.896,1.56958,1.57014,2.22,1.04
2011.06.22 13:37:13.865,1.56964,1.57015,1.09,3.21
2011.06.22 13:37:15.846,1.56959,1.5701,2.89,1.41
2011.06.22 13:37:18.424,1.56959,1.57002,2.59,1.84
2011.06.22 13:37:20.514,1.56959,1.57002,2.59,1.84
2011.06.22 13:37:21.725,1.56964,1.57015,2.97,1.08
2011.06.22 13:37:22.273,1.56964,1.57015,3.72,1.08
2011.06.22 13:37:22.716,1.56964,1.57004,1.47,1.84
2011.06.22 13:37:22.935,1.56969,1.57015,2.22,2.54
2011.06.22 13:37:23.375,1.56964,1.57011,1.50,1.47
2011.06.22 13:37:24.686,1.56963,1.57011,1.13,1.41
2011.06.22 13:37:25.455,1.56963,1.57013,1.50,1.04
2011.06.22 13:37:25.676,1.56965,1.57015,2.22,1.04
2011.06.22 13:37:26.223,1.56965,1.57015,2.22,1.04
2011.06.22 13:37:26.816,1.56965,1.57015,2.22,1.79
2011.06.22 13:37:29.694,1.56965,1.57015,2.22,1.04
2011.06.22 13:37:29.916,1.56965,1.57015,2.22,1.41
2011.06.22 13:37:30.248,1.56967,1.57016,1.50,1.47
2011.06.22 13:37:30.469,1.56968,1.57017,1.13,1.04
2011.06.22 13:37:30.698,1.56967,1.57015,1.47,1.77
2011.06.22 13:37:30.806,1.56967,1.57015,1.84,1.77
2011.06.22 13:37:31.491,1.5697,1.57017,1.84,2.58
2011.06.22 13:37:32.484,1.5697,1.57017,2.59,2.20
2011.06.22 13:37:32.925,1.56971,1.57026,2.22,2.58
2011.06.22 13:37:33.256,1.56974,1.57028,1.50,1.09
2011.06.22 13:37:33.365,1.56973,1.57021,1.13,1.50
2011.06.22 13:37:33.695,1.56978,1.57027,1.50,1.41
2011.06.22 13:37:34.348,1.56979,1.57034,1.13,1.08
2011.06.22 13:37:35.133,1.56979,1.57034,1.13,1.41
2011.06.22 13:37:37.734,1.56979,1.57036,1.13,2.59
2011.06.22 13:37:39.404,1.56985,1.57033,1.50,1.79
2011.06.22 13:37:39.519,1.56987,1.57038,1.13,1.09
2011.06.22 13:37:39.635,1.56982,1.57034,1.13,1.09
2011.06.22 13:37:39.745,1.56977,1.57034,1.09,1.09
2011.06.22 13:37:39.855,1.56979,1.57034,1.13,1.09
2011.06.22 13:37:40.296,1.56977,1.57034,1.09,1.09
2011.06.22 13:37:40.624,1.56979,1.57034,1.13,1.09
2011.06.22 13:37:40.954,1.56977,1.57034,1.09,1.09
2011.06.22 13:37:41.177,1.5698,1.57037,1.13,1.09
2011.06.22 13:37:41.505,1.56988,1.57037,1.50,1.41
2011.06.22 13:37:41.724,1.56984,1.57042,2.25,2.54
2011.06.22 13:37:41.835,1.56985,1.57043,1.09,1.08
2011.06.22 13:37:41.944,1.56984,1.57036,3.75,1.84
2011.06.22 13:37:42.054,1.56984,1.57036,2.25,2.59
2011.06.22 13:37:42.810,1.5698,1.57036,1.84,2.91
2011.06.22 13:37:45.243,1.56982,1.57036,1.09,1.84
2011.06.22 13:37:45.794,1.56983,1.57047,1.50,4.38
2011.06.22 13:37:46.235,1.56987,1.57045,2.93,1.08
2011.06.22 13:37:46.345,1.56988,1.57035,1.13,1.80
2011.06.22 13:37:46.566,1.56987,1.57038,1.13,1.80
2011.06.22 13:37:46.786,1.56983,1.57037,1.88,1.45
2011.06.22 13:37:47.005,1.56988,1.57037,1.13,1.45
2011.06.22 13:37:47.603,1.56988,1.57037,1.13,1.45
2011.06.22 13:37:47.915,1.56995,1.57046,1.09,1.41
2011.06.22 13:37:48.354,1.56989,1.57044,2.97,2.22
2011.06.22 13:37:49.455,1.56989,1.57043,1.47,1.09
2011.06.22 13:37:49.674,1.56985,1.57035,1.50,2.22
2011.06.22 13:37:50.005,1.56985,1.57036,1.47,1.04
2011.06.22 13:37:50.225,1.56987,1.57037,1.09,2.84
2011.06.22 13:37:50.445,1.56987,1.57036,1.09,1.47
2011.06.22 13:37:51.033,1.56984,1.57036,1.84,1.47
2011.06.22 13:37:51.153,1.5699,1.57036,1.13,2.52
2011.06.22 13:37:51.267,1.56991,1.57036,1.13,2.09
2011.06.22 13:37:52.476,1.56991,1.57044,1.84,1.77
2011.06.22 13:37:53.134,1.56991,1.57048,1.90,1.09
2011.06.22 13:37:53.246,1.56996,1.57047,1.09,1.09
2011.06.22 13:37:54.355,1.56996,1.5705,1.47,2.22
2011.06.22 13:37:55.494,1.56994,1.57046,2.59,1.47
2011.06.22 13:37:56.133,1.56994,1.57046,1.47,2.22
2011.06.22 13:37:56.684,1.56994,1.57046,2.22,1.79
2011.06.22 13:37:58.227,1.56996,1.57044,2.22,1.09
2011.06.22 13:37:58.556,1.57005,1.57047,1.84,2.16
2011.06.22 13:37:58.994,1.57006,1.57051,1.09,1.84
2011.06.22 13:37:59.214,1.57005,1.57051,3.27,1.84
2011.06.22 13:38:00.655,1.57005,1.57045,1.84,1.09
2011.06.22 13:38:00.875,1.57005,1.57047,1.84,1.09
2011.06.22 13:38:00.986,1.56992,1.57042,1.47,1.47
2011.06.22 13:38:01.205,1.56996,1.57046,1.13,2.54
2011.06.22 13:38:01.534,1.57,1.57046,1.13,2.22
2011.06.22 13:38:01.645,1.57,1.57047,1.50,1.79
2011.06.22 13:38:01.754,1.57,1.57047,1.84,1.45
2011.06.22 13:38:04.175,1.57,1.57044,1.13,1.09
2011.06.22 13:38:04.506,1.57,1.57047,1.50,1.47
2011.06.22 13:38:04.946,1.57001,1.57043,1.13,1.09
2011.06.22 13:38:05.606,1.56997,1.57043,1.13,1.09
2011.06.22 13:38:05.717,1.56994,1.57043,1.09,1.09
2011.06.22 13:38:05.934,1.56994,1.57041,1.84,1.09
2011.06.22 13:38:06.155,1.5699,1.57038,1.09,1.09
2011.06.22 13:38:06.265,1.56988,1.57038,1.09,1.09
2011.06.22 13:38:06.816,1.56984,1.57025,1.50,1.84
2011.06.22 13:38:06.924,1.56982,1.57025,1.09,1.84
2011.06.22 13:38:11.547,1.56982,1.57025,1.09,2.59
2011.06.22 13:38:11.876,1.56987,1.57027,1.84,1.13
2011.06.22 13:38:11.987,1.56977,1.57028,2.14,1.09
2011.06.22 13:38:12.318,1.56978,1.57028,1.09,1.09
2011.06.22 13:38:12.536,1.56981,1.57038,1.47,1.04
2011.06.22 13:38:13.079,1.56981,1.57034,1.13,2.22
2011.06.22 13:38:13.188,1.5698,1.57031,1.13,1.09
2011.06.22 13:38:13.735,1.56982,1.57036,1.47,1.47
2011.06.22 13:38:14.064,1.56982,1.57031,1.09,2.58
2011.06.22 13:38:14.284,1.56975,1.57028,1.47,2.22
2011.06.22 13:38:14.504,1.56968,1.57017,2.63,1.84
2011.06.22 13:38:14.724,1.56976,1.57029,1.50,2.22
2011.06.22 13:38:14.945,1.5698,1.57032,1.84,1.50
2011.06.22 13:38:16.145,1.56983,1.57032,1.47,1.13
2011.06.22 13:38:17.445,1.56983,1.57034,1.09,1.09
2011.06.22 13:38:17.885,1.56978,1.5703,1.47,1.09
2011.06.22 13:38:19.256,1.56982,1.57032,1.84,1.50
2011.06.22 13:38:19.476,1.56982,1.57031,2.22,1.13
2011.06.22 13:38:19.804,1.5699,1.57036,1.84,2.25
2011.06.22 13:38:20.026,1.5699,1.57037,1.84,1.45
2011.06.22 13:38:20.629,1.5699,1.57041,1.84,1.13
2011.06.22 13:38:21.446,1.57,1.57046,1.84,1.83
2011.06.22 13:38:21.554,1.57,1.57047,1.84,1.45
2011.06.22 13:38:22.104,1.57,1.57052,1.84,1.84
2011.06.22 13:38:22.326,1.56999,1.57049,1.47,2.22
2011.06.22 13:38:22.920,1.56998,1.57049,1.47,2.22
2011.06.22 13:38:23.475,1.56995,1.57048,2.14,1.09
2011.06.22 13:38:23.805,1.56994,1.57044,1.47,1.09
2011.06.22 13:38:24.448,1.56994,1.57041,2.59,1.13
2011.06.22 13:38:24.556,1.56994,1.57041,1.84,1.13
2011.06.22 13:38:24.663,1.56994,1.57041,1.84,1.45
2011.06.22 13:38:24.993,1.57001,1.57052,1.47,2.22
2011.06.22 13:38:26.503,1.57001,1.57055,4.09,1.79
2011.06.22 13:38:27.285,1.57004,1.57056,1.09,2.16
2011.06.22 13:38:27.725,1.5701,1.57061,1.50,2.59
2011.06.22 13:38:27.945,1.57011,1.57066,1.84,1.50
2011.06.22 13:38:29.036,1.5701,1.5706,1.09,1.13
2011.06.22 13:38:29.365,1.57003,1.57057,1.84,1.83
2011.06.22 13:38:29.474,1.57003,1.57057,1.84,1.50
2011.06.22 13:38:33.519,1.57013,1.57059,2.22,1.75
2011.06.22 13:38:33.735,1.57031,1.57066,1.13,1.08
2011.06.22 13:38:33.847,1.57031,1.57077,1.13,1.08
2011.06.22 13:38:34.175,1.57029,1.5708,1.09,1.08
2011.06.22 13:38:34.506,1.57023,1.57076,2.59,1.09
2011.06.22 13:38:34.945,1.57023,1.57076,2.22,1.47
2011.06.22 13:38:35.606,1.57029,1.57081,1.47,2.97
2011.06.22 13:38:35.717,1.57048,1.57087,1.09,2.20
2011.06.22 13:38:35.937,1.57047,1.57092,1.84,1.43
2011.06.22 13:38:36.155,1.57056,1.571,1.84,2.18
2011.06.22 13:38:36.597,1.57056,1.571,1.84,1.43
2011.06.22 13:38:36.709,1.57051,1.57102,1.47,1.47
2011.06.22 13:38:37.445,1.57052,1.571,1.09,1.84
2011.06.22 13:38:37.555,1.57048,1.57098,1.09,1.09
2011.06.22 13:38:38.144,1.57044,1.57096,1.47,1.84
2011.06.22 13:38:39.465,1.57048,1.57097,1.09,1.41
2011.06.22 13:38:39.794,1.57054,1.57101,1.84,1.08
2011.06.22 13:38:41.089,1.57054,1.57107,1.84,2.91
2011.06.22 13:38:41.644,1.57054,1.57102,2.59,1.45
2011.06.22 13:38:42.173,1.57054,1.57107,2.59,2.91
2011.06.22 13:38:42.724,1.57054,1.57102,3.34,1.45
2011.06.22 13:38:43.174,1.57054,1.57096,1.84,1.84
2011.06.22 13:38:43.726,1.5704,1.57081,3.27,1.09
2011.06.22 13:38:45.044,1.5704,1.57081,1.84,1.09
2011.06.22 13:38:46.006,1.57044,1.57096,1.09,1.88
2011.06.22 13:38:46.556,1.57043,1.57097,1.47,1.45
2011.06.22 13:38:47.106,1.57041,1.57096,1.09,1.45
2011.06.22 13:38:47.655,1.57044,1.57091,1.13,1.45
2011.06.22 13:38:48.095,1.57045,1.57094,1.13,1.09
2011.06.22 13:38:48.425,1.57049,1.57097,1.09,1.08
2011.06.22 13:38:48.982,1.57054,1.57106,1.47,1.79
2011.06.22 13:38:49.086,1.57054,1.57106,1.47,1.41
2011.06.22 13:38:49.966,1.57053,1.57102,1.09,1.09
2011.06.22 13:38:50.296,1.57047,1.57092,1.84,2.22
2011.06.22 13:38:50.625,1.57056,1.57091,1.84,1.08
2011.06.22 13:38:50.736,1.57037,1.57085,2.22,1.84
2011.06.22 13:38:53.914,1.57031,1.57081,1.50,1.77
2011.06.22 13:38:55.784,1.57027,1.57082,2.89,2.97
2011.06.22 13:38:56.005,1.5703,1.57082,1.50,2.59
2011.06.22 13:38:56.560,1.57039,1.57087,1.13,1.09
2011.06.22 13:38:56.675,1.57037,1.57087,1.13,1.47
2011.06.22 13:38:56.786,1.57036,1.57086,1.09,1.09
2011.06.22 13:38:57.115,1.57041,1.57097,1.09,1.47
2011.06.22 13:38:57.224,1.57038,1.57093,2.97,1.47
2011.06.22 13:38:57.554,1.57041,1.57095,1.09,1.41
2011.06.22 13:38:58.104,1.57038,1.57093,2.22,1.47
2011.06.22 13:38:58.434,1.57038,1.57087,2.22,1.08
2011.06.22 13:38:58.764,1.57052,1.57097,2.22,1.41
2011.06.22 13:39:02.119,1.57043,1.57092,2.25,1.09
2011.06.22 13:39:02.225,1.57042,1.57091,1.09,2.89
2011.06.22 13:39:02.337,1.57041,1.57092,1.09,1.47
2011.06.22 13:39:02.445,1.57037,1.57089,1.47,2.52
2011.06.22 13:39:02.555,1.57033,1.57086,1.47,2.22
2011.06.22 13:39:02.665,1.57028,1.5708,2.97,1.84
2011.06.22 13:39:02.995,1.57028,1.57078,2.59,1.43
2011.06.22 13:39:03.105,1.57029,1.57085,1.47,1.79
2011.06.22 13:39:03.754,1.57029,1.5708,2.22,1.09
2011.06.22 13:39:04.084,1.57044,1.57093,2.59,2.22
2011.06.22 13:39:04.416,1.57041,1.57087,1.09,1.84
2011.06.22 13:39:04.745,1.57044,1.57086,1.84,1.08
2011.06.22 13:39:05.185,1.57051,1.57096,1.09,1.41
2011.06.22 13:39:05.625,1.57059,1.57106,1.09,2.22
2011.06.22 13:39:05.845,1.57059,1.57103,1.13,1.84
2011.06.22 13:39:05.956,1.57051,1.57098,1.13,1.04
2011.06.22 13:39:06.174,1.57046,1.57099,1.09,1.47
2011.06.22 13:39:06.697,1.57051,1.57103,1.13,2.22
2011.06.22 13:39:06.809,1.57046,1.57103,1.09,2.22
2011.06.22 13:39:07.127,1.57046,1.57096,1.09,2.16
2011.06.22 13:39:07.346,1.57042,1.57094,1.47,1.08
2011.06.22 13:39:08.335,1.57042,1.57088,1.47,1.43
2011.06.22 13:39:08.446,1.57042,1.57087,1.47,1.08
2011.06.22 13:39:08.775,1.57034,1.57081,1.88,1.80
2011.06.22 13:39:11.216,1.57029,1.57084,1.09,1.79
2011.06.22 13:39:11.434,1.57029,1.57075,1.50,1.84
2011.06.22 13:39:11.658,1.57025,1.57078,2.22,2.14
2011.06.22 13:39:11.768,1.57029,1.57078,1.09,2.14
2011.06.22 13:39:11.877,1.57027,1.57081,1.47,1.47
2011.06.22 13:39:12.207,1.57033,1.57083,1.13,2.22
2011.06.22 13:39:12.426,1.57032,1.57085,2.22,1.47
2011.06.22 13:39:12.536,1.57037,1.57087,1.09,3.59
2011.06.22 13:39:15.925,1.57038,1.57086,1.09,1.79
2011.06.22 13:39:16.035,1.57038,1.57084,1.09,1.04
2011.06.22 13:39:16.585,1.57035,1.57082,1.09,1.08
2011.06.22 13:39:17.354,1.57035,1.57081,1.09,1.08
2011.06.22 13:39:17.905,1.57035,1.57084,1.09,1.04
2011.06.22 13:39:19.072,1.57035,1.57084,1.09,1.04
2011.06.22 13:39:19.190,1.57036,1.57084,1.09,1.41
2011.06.22 13:39:19.634,1.57036,1.57084,1.09,1.41
2011.06.22 13:39:19.964,1.57038,1.57084,1.47,1.04
2011.06.22 13:39:22.036,1.57038,1.57085,1.47,1.04
2011.06.22 13:39:22.585,1.57034,1.57083,1.47,1.08
2011.06.22 13:39:22.804,1.57034,1.57076,1.47,1.84
2011.06.22 13:39:27.366,1.57037,1.57081,1.84,1.04
2011.06.22 13:39:31.920,1.57049,1.57087,1.84,1.13
2011.06.22 13:39:32.139,1.57036,1.57085,1.84,1.13
2011.06.22 13:39:32.247,1.57036,1.57083,1.84,1.83
2011.06.22 13:39:32.468,1.57031,1.57083,2.14,1.79
2011.06.22 13:39:34.505,1.57025,1.57083,1.50,3.59
2011.06.22 13:39:37.286,1.57027,1.57078,1.84,1.43
2011.06.22 13:39:37.616,1.57027,1.57077,1.84,2.18
2011.06.22 13:39:38.056,1.57026,1.57076,1.09,1.04
2011.06.22 13:39:38.165,1.57024,1.57071,1.47,1.04
2011.06.22 13:39:39.424,1.57026,1.57076,1.09,1.77
2011.06.22 13:39:39.754,1.57032,1.5708,1.84,2.22
2011.06.22 13:39:40.085,1.57023,1.5707,2.22,1.84
2011.06.22 13:39:40.745,1.57026,1.5707,1.09,2.16
2011.06.22 13:39:40.967,1.57032,1.57078,1.84,2.22
2011.06.22 13:39:41.185,1.57046,1.57076,1.84,1.80
2011.06.22 13:39:41.515,1.57046,1.57089,2.59,1.84
2011.06.22 13:39:45.028,1.57056,1.57098,1.84,1.09
2011.06.22 13:39:45.146,1.57056,1.57098,2.22,1.04
2011.06.22 13:39:45.257,1.57056,1.57098,1.84,1.41
2011.06.22 13:39:46.005,1.57056,1.57098,1.84,1.47
2011.06.22 13:39:46.337,1.57056,1.57099,1.84,1.09
2011.06.22 13:39:46.666,1.57052,1.57093,1.84,1.84
2011.06.22 13:39:47.104,1.57052,1.57091,1.84,1.79
2011.06.22 13:39:47.496,1.57052,1.57093,1.84,2.22
2011.06.22 13:39:48.196,1.57043,1.57082,3.00,1.84
2011.06.22 13:39:48.307,1.57043,1.57082,1.50,2.59
2011.06.22 13:39:48.416,1.57041,1.57081,1.43,1.47
2011.06.22 13:39:48.966,1.57035,1.57081,2.59,1.79
2011.06.22 13:39:49.186,1.57048,1.57089,1.84,1.04
2011.06.22 13:39:54.926,1.57048,1.5709,2.59,1.84
2011.06.22 13:39:55.786,1.57053,1.5709,1.88,1.84
2011.06.22 13:39:56.236,1.57053,1.57099,2.22,1.41
2011.06.22 13:39:57.456,1.57053,1.57099,1.84,1.79
2011.06.22 13:39:58.004,1.57049,1.57099,1.84,1.41
2011.06.22 13:39:58.556,1.57054,1.57097,1.13,1.09
2011.06.22 13:39:58.996,1.57045,1.57093,1.47,1.09
2011.06.22 13:39:59.215,1.57038,1.57089,2.59,1.47
2011.06.22 13:39:59.546,1.57041,1.5709,1.09,1.77
2011.06.22 13:40:00.248,1.57038,1.57086,1.84,1.13
2011.06.22 13:40:02.455,1.57038,1.57083,1.84,1.45
2011.06.22 13:40:02.785,1.57029,1.57083,1.47,3.68
2011.06.22 13:40:10.293,1.57027,1.57082,1.47,1.84
2011.06.22 13:40:14.245,1.57025,1.57077,1.09,1.04
2011.06.22 13:40:14.467,1.57024,1.57073,2.63,1.09
2011.06.22 13:40:14.686,1.57024,1.57074,2.25,1.04
2011.06.22 13:40:15.015,1.57024,1.57074,1.50,1.79
2011.06.22 13:40:15.564,1.57024,1.57074,4.09,1.45
2011.06.22 13:40:15.894,1.57025,1.57074,1.09,2.58
2011.06.22 13:40:16.765,1.57026,1.57065,1.09,1.84
2011.06.22 13:40:18.528,1.57025,1.57065,1.47,1.84
2011.06.22 13:40:19.267,1.57039,1.57076,1.47,1.08
2011.06.22 13:40:19.375,1.57039,1.57083,1.47,1.83
2011.06.22 13:40:19.485,1.57031,1.57077,1.50,1.84
2011.06.22 13:40:19.595,1.57024,1.57077,4.09,1.84
2011.06.22 13:40:19.816,1.57026,1.57073,1.09,1.04
2011.06.22 13:40:19.925,1.57026,1.57074,1.09,1.04
2011.06.22 13:40:21.025,1.57035,1.57074,1.84,1.04
2011.06.22 13:40:21.725,1.57029,1.5707,1.84,1.84
2011.06.22 13:40:23.405,1.57034,1.5707,1.79,1.84
2011.06.22 13:40:24.296,1.57033,1.5707,2.25,1.84
2011.06.22 13:40:25.956,1.57042,1.57076,1.13,1.09
2011.06.22 13:40:26.598,1.57043,1.57081,1.13,2.16
2011.06.22 13:40:27.145,1.57041,1.57081,1.09,1.84
2011.06.22 13:40:27.694,1.57041,1.57081,1.09,1.84
2011.06.22 13:40:29.596,1.57041,1.57081,1.09,1.84
2011.06.22 13:40:30.207,1.57039,1.57082,1.13,2.54
2011.06.22 13:40:30.974,1.57033,1.57078,2.40,1.09
2011.06.22 13:40:31.304,1.57033,1.57076,2.48,1.09
2011.06.22 13:40:33.554,1.57043,1.57082,1.09,1.13
2011.06.22 13:40:33.664,1.57043,1.57085,1.09,2.88
2011.06.22 13:40:33.774,1.57043,1.57085,1.09,1.75
2011.06.22 13:40:33.997,1.5704,1.57087,1.13,3.66
2011.06.22 13:40:34.698,1.5704,1.57087,1.13,1.84
2011.06.22 13:40:35.024,1.57043,1.57087,1.13,1.84
2011.06.22 13:40:35.244,1.57038,1.57086,1.50,1.79
2011.06.22 13:40:35.354,1.57043,1.57087,1.13,1.84
2011.06.22 13:40:36.476,1.57034,1.57085,3.57,1.47
2011.06.22 13:40:36.806,1.57033,1.57081,2.85,2.22
2011.06.22 13:40:37.431,1.57034,1.57081,2.18,2.22
2011.06.22 13:40:37.985,1.57043,1.57077,1.13,1.08
2011.06.22 13:40:38.096,1.57043,1.57088,1.13,2.59
2011.06.22 13:40:40.895,1.57035,1.57088,1.47,2.59
2011.06.22 13:40:42.025,1.57035,1.57088,1.47,2.59
2011.06.22 13:40:42.574,1.57035,1.57088,1.47,2.59
2011.06.22 13:40:43.175,1.57035,1.57088,1.47,2.59
2011.06.22 13:40:44.006,1.57034,1.57079,2.10,1.47
2011.06.22 13:40:44.447,1.57033,1.57068,1.80,1.84
2011.06.22 13:40:45.241,1.57023,1.57068,1.84,2.22
2011.06.22 13:40:45.454,1.57018,1.57065,1.13,2.22
2011.06.22 13:40:45.685,1.57016,1.57065,1.13,2.22
2011.06.22 13:40:47.675,1.57017,1.57065,1.13,2.59
2011.06.22 13:40:47.786,1.57015,1.57067,2.22,2.20
2011.06.22 13:40:48.336,1.57016,1.57066,1.47,1.45
2011.06.22 13:40:48.445,1.57016,1.57063,1.13,1.84
2011.06.22 13:40:49.225,1.57009,1.57063,1.47,2.22
2011.06.22 13:40:49.554,1.57008,1.57055,1.13,1.84
2011.06.22 13:40:50.104,1.57006,1.57055,1.13,1.84
2011.06.22 13:40:50.875,1.57004,1.57046,1.13,1.08
2011.06.22 13:40:50.985,1.56998,1.57049,1.84,1.04
2011.06.22 13:40:51.095,1.56998,1.5705,1.84,1.47
2011.06.22 13:40:51.207,1.56999,1.57049,1.47,1.04
2011.06.22 13:40:51.536,1.56998,1.57041,1.13,1.04
2011.06.22 13:40:51.865,1.56993,1.57041,2.59,1.04
2011.06.22 13:40:52.624,1.56993,1.57041,1.84,1.04
2011.06.22 13:40:54.014,1.56993,1.57041,1.84,1.04
2011.06.22 13:40:54.635,1.56993,1.57037,1.84,1.08
2011.06.22 13:40:58.115,1.56993,1.57039,1.84,1.08
2011.06.22 13:40:58.227,1.56992,1.57038,1.50,2.22
2011.06.22 13:40:58.336,1.56986,1.57036,1.47,1.04
2011.06.22 13:40:58.447,1.56994,1.57036,1.84,1.04
2011.06.22 13:41:00.606,1.56998,1.57037,1.47,1.84
2011.06.22 13:41:00.718,1.57002,1.5705,1.09,1.09
2011.06.22 13:41:01.046,1.57003,1.5705,1.13,1.09
2011.06.22 13:41:01.155,1.57004,1.57042,1.13,1.84
2011.06.22 13:41:01.373,1.56994,1.57041,2.25,1.09
2011.06.22 13:41:01.485,1.56994,1.57038,1.50,1.04
2011.06.22 13:41:01.705,1.56991,1.5704,1.09,1.41
2011.06.22 13:41:02.036,1.56983,1.57033,1.84,1.47
2011.06.22 13:41:02.146,1.56983,1.57033,1.09,1.47
2011.06.22 13:41:02.721,1.56985,1.57033,1.13,1.47
2011.06.22 13:41:02.829,1.56984,1.57033,1.50,1.47
2011.06.22 13:41:04.066,1.56992,1.57037,1.84,1.08
2011.06.22 13:41:05.054,1.56992,1.57037,1.84,1.08
2011.06.22 13:41:05.605,1.56992,1.57036,2.22,1.08
2011.06.22 13:41:07.139,1.56995,1.57038,1.09,1.08
2011.06.22 13:41:07.694,1.56994,1.57038,1.09,1.41
2011.06.22 13:41:09.694,1.56994,1.57038,1.09,1.41
2011.06.22 13:41:10.684,1.56993,1.57044,1.09,2.54
2011.06.22 13:41:11.454,1.57006,1.57046,2.22,2.91
2011.06.22 13:41:11.675,1.57006,1.57046,2.22,1.79
2011.06.22 13:41:13.215,1.57006,1.57047,1.84,1.09
2011.06.22 13:41:13.324,1.57006,1.57046,1.84,1.47
2011.06.22 13:41:13.545,1.56993,1.57046,1.88,1.13
2011.06.22 13:41:13.654,1.56993,1.57046,2.25,1.13
2011.06.22 13:41:13.764,1.56994,1.57038,1.50,1.41
2011.06.22 13:41:14.377,1.56992,1.57038,1.47,1.08
2011.06.22 13:41:14.934,1.56989,1.57037,2.22,1.50
2011.06.22 13:41:15.816,1.56994,1.57044,1.09,1.47
2011.06.22 13:41:16.367,1.56993,1.57042,1.84,1.79
2011.06.22 13:41:16.913,1.56994,1.57042,1.47,1.41
2011.06.22 13:41:17.134,1.56994,1.57041,1.09,1.08
2011.06.22 13:41:17.244,1.56994,1.57041,1.09,1.08
2011.06.22 13:41:17.901,1.56992,1.57041,1.47,1.13
2011.06.22 13:41:18.335,1.56994,1.57044,1.47,1.41
2011.06.22 13:41:18.885,1.56993,1.57046,3.34,1.79
2011.06.22 13:41:19.214,1.56994,1.57032,1.09,1.84
2011.06.22 13:41:20.915,1.5699,1.57038,2.22,1.08
2011.06.22 13:41:21.463,1.5699,1.57036,2.22,1.83
2011.06.22 13:41:21.793,1.56995,1.57038,1.09,1.08
2011.06.22 13:41:22.453,1.56995,1.57046,1.09,3.72
2011.06.22 13:41:22.785,1.56983,1.57036,2.97,1.47
2011.06.22 13:41:23.223,1.56986,1.57036,1.09,1.09
2011.06.22 13:41:23.767,1.56988,1.57037,1.09,1.41
2011.06.22 13:41:23.877,1.56983,1.57037,3.72,1.79
2011.06.22 13:41:24.203,1.5699,1.57036,2.22,1.08
2011.06.22 13:41:24.752,1.5699,1.57037,2.22,1.08
2011.06.22 13:41:25.083,1.5699,1.57037,1.84,2.20
2011.06.22 13:41:25.194,1.56981,1.57029,1.50,1.47
2011.06.22 13:41:27.097,1.56977,1.57028,1.47,1.47
2011.06.22 13:41:27.644,1.56981,1.57028,1.13,1.47
2011.06.22 13:41:27.753,1.56976,1.5703,2.22,1.84
2011.06.22 13:41:28.194,1.56988,1.57026,1.84,1.41
2011.06.22 13:41:28.634,1.56988,1.57023,2.22,1.45
2011.06.22 13:41:28.962,1.56988,1.57017,1.84,1.45
2011.06.22 13:41:29.293,1.56978,1.57017,2.22,1.45
2011.06.22 13:41:29.623,1.5699,1.57016,1.84,1.45
2011.06.22 13:41:29.844,1.5699,1.57021,1.84,1.08
2011.06.22 13:41:30.419,1.5699,1.57022,1.84,1.08
2011.06.22 13:41:30.535,1.56984,1.57021,1.47,1.04
2011.06.22 13:41:31.353,1.56982,1.57024,1.84,1.04
2011.06.22 13:41:32.234,1.56983,1.57021,1.09,1.04
2011.06.22 13:41:33.004,1.56984,1.57021,1.09,1.04
2011.06.22 13:41:40.164,1.56982,1.57021,2.22,1.09
2011.06.22 13:41:40.386,1.56982,1.57031,1.84,1.08
2011.06.22 13:41:40.605,1.56982,1.57024,1.84,1.08
2011.06.22 13:41:40.934,1.56979,1.57026,1.13,2.54
2011.06.22 13:41:41.828,1.56981,1.57027,1.09,1.41
2011.06.22 13:41:44.705,1.56981,1.57025,1.09,1.09
2011.06.22 13:41:45.033,1.56975,1.57025,2.22,1.41
2011.06.22 13:41:45.364,1.56981,1.57025,1.09,1.41
2011.06.22 13:41:45.898,1.56982,1.57025,1.13,1.09
2011.06.22 13:41:46.014,1.56978,1.57025,1.47,1.09
2011.06.22 13:41:49.404,1.56978,1.57025,1.09,1.84
2011.06.22 13:41:50.077,1.56976,1.57025,1.09,1.41
2011.06.22 13:42:01.434,1.56977,1.57025,1.09,1.09
2011.06.22 13:42:01.983,1.56975,1.57026,2.22,1.79
2011.06.22 13:42:02.914,1.56979,1.57026,1.09,1.41
2011.06.22 13:42:03.444,1.56979,1.57026,1.09,2.54
2011.06.22 13:42:04.889,1.56975,1.57025,1.84,1.09
2011.06.22 13:42:05.006,1.56973,1.57022,2.25,1.04
2011.06.22 13:42:05.116,1.56973,1.57022,1.50,1.09
2011.06.22 13:42:05.226,1.56967,1.5702,1.47,1.13
2011.06.22 13:42:05.335,1.56967,1.57019,1.47,1.08
2011.06.22 13:42:05.664,1.56967,1.57023,1.47,1.79
2011.06.22 13:42:05.994,1.56967,1.57017,1.09,1.13
2011.06.22 13:42:06.323,1.56966,1.57012,1.47,1.08
2011.06.22 13:42:06.949,1.56966,1.57012,1.47,1.08
2011.06.22 13:42:07.948,1.56966,1.57012,1.47,1.45
2011.06.22 13:42:09.764,1.56967,1.57011,1.09,1.08
2011.06.22 13:42:10.314,1.56967,1.57012,1.09,1.08
2011.06.22 13:42:10.873,1.56967,1.57012,1.09,1.45
2011.06.22 13:42:11.424,1.56969,1.57012,1.09,1.45
2011.06.22 13:42:11.969,1.56966,1.57011,1.47,1.08
2011.06.22 13:42:12.087,1.56965,1.57014,1.84,1.84
2011.06.22 13:42:12.196,1.56965,1.57015,1.84,1.04
2011.06.22 13:42:12.307,1.56965,1.57013,1.84,1.13
2011.06.22 13:42:12.687,1.56969,1.57016,1.84,1.04
2011.06.22 13:42:13.344,1.56982,1.57025,1.09,1.45
2011.06.22 13:42:13.674,1.56979,1.57025,1.13,1.79
2011.06.22 13:42:13.784,1.56974,1.57024,1.09,2.16
2011.06.22 13:42:17.195,1.56976,1.5702,1.09,1.09
2011.06.22 13:42:17.525,1.56976,1.57017,1.84,1.08
2011.06.22 13:42:17.964,1.56976,1.57026,2.97,1.08
2011.06.22 13:42:18.183,1.56978,1.57027,2.22,1.08
2011.06.22 13:42:18.806,1.56979,1.57026,1.47,1.08
2011.06.22 13:42:19.794,1.56979,1.57027,1.47,1.08
2011.06.22 13:42:20.345,1.56984,1.57027,2.22,1.08
2011.06.22 13:42:20.674,1.56977,1.57027,1.13,2.54
2011.06.22 13:42:20.784,1.56974,1.57022,1.13,1.09
2011.06.22 13:42:20.895,1.56979,1.57024,1.09,1.13
2011.06.22 13:42:21.004,1.56979,1.5703,1.47,1.83
2011.06.22 13:42:21.114,1.5698,1.5703,1.13,1.08
2011.06.22 13:42:21.778,1.56979,1.5703,1.47,1.45
2011.06.22 13:42:21.994,1.5698,1.57026,1.13,1.08
2011.06.22 13:42:22.762,1.56978,1.57026,1.09,1.08
2011.06.22 13:42:22.874,1.56979,1.57027,1.09,1.08
2011.06.22 13:42:23.644,1.56979,1.57027,1.09,1.08
2011.06.22 13:42:24.193,1.56979,1.57026,1.09,1.08
2011.06.22 13:42:24.415,1.5698,1.57026,1.50,1.04
2011.06.22 13:42:24.525,1.56975,1.57027,1.47,3.29
2011.06.22 13:42:24.633,1.56975,1.57024,1.47,1.09
2011.06.22 13:42:25.142,1.56973,1.5702,1.13,1.04
2011.06.22 13:42:25.268,1.56967,1.5702,1.13,1.41
2011.06.22 13:42:25.486,1.56968,1.57021,1.50,2.54
2011.06.22 13:42:25.594,1.56964,1.57018,1.09,1.47
2011.06.22 13:42:25.704,1.5697,1.5702,1.13,1.41
2011.06.22 13:42:26.367,1.56976,1.57017,1.84,1.41
2011.06.22 13:42:27.136,1.56966,1.57017,1.50,2.22
2011.06.22 13:42:27.354,1.56964,1.57014,1.50,1.09
2011.06.22 13:42:27.466,1.56965,1.57016,1.13,1.04
2011.06.22 13:42:28.109,1.56971,1.57016,1.13,1.41
2011.06.22 13:42:28.224,1.56969,1.57016,3.34,1.09
2011.06.22 13:42:30.134,1.56971,1.57017,1.88,1.41
2011.06.22 13:42:31.453,1.56971,1.57017,2.25,1.41
2011.06.22 13:42:31.914,1.56974,1.57026,1.84,1.09
2011.06.22 13:42:32.028,1.56977,1.57022,1.09,1.45
2011.06.22 13:42:32.254,1.5697,1.57018,1.09,1.47
2011.06.22 13:42:32.695,1.56974,1.57017,1.47,1.08
2011.06.22 13:42:33.023,1.5698,1.57017,1.84,1.08
2011.06.22 13:42:33.244,1.5698,1.57033,1.84,1.84
2011.06.22 13:42:33.354,1.5698,1.57036,1.84,3.29
2011.06.22 13:42:34.234,1.56984,1.57035,1.09,1.41
2011.06.22 13:42:34.563,1.56988,1.57035,2.25,1.79
2011.06.22 13:42:34.894,1.56985,1.57036,1.09,1.41
2011.06.22 13:42:35.005,1.56983,1.57034,2.22,1.08
2011.06.22 13:42:36.334,1.56982,1.57028,1.47,1.08
2011.06.22 13:42:36.884,1.56982,1.57028,1.13,1.04
2011.06.22 13:42:36.995,1.56986,1.57036,1.09,1.04
2011.06.22 13:42:37.104,1.56989,1.57036,1.50,1.47
2011.06.22 13:42:37.433,1.56995,1.5704,1.09,1.04
2011.06.22 13:42:37.874,1.56994,1.57046,1.47,3.34
2011.06.22 13:42:38.718,1.5699,1.57036,1.09,1.08
2011.06.22 13:42:39.276,1.56987,1.5704,1.09,2.59
2011.06.22 13:42:39.495,1.56982,1.57033,1.09,1.09
2011.06.22 13:42:39.606,1.5698,1.57033,1.84,1.84
2011.06.22 13:42:39.716,1.56974,1.57031,4.09,1.47
2011.06.22 13:42:40.157,1.56979,1.57026,1.50,1.08
2011.06.22 13:42:40.486,1.56976,1.57027,1.47,1.45
2011.06.22 13:42:41.034,1.56978,1.57027,1.47,2.20
2011.06.22 13:42:41.605,1.56971,1.57023,1.47,1.13
2011.06.22 13:42:41.714,1.56971,1.57023,1.09,1.50
2011.06.22 13:42:41.825,1.56971,1.57023,1.09,1.84
2011.06.22 13:42:42.044,1.56971,1.57019,1.84,1.04
2011.06.22 13:42:42.264,1.56975,1.57026,1.47,1.09
2011.06.22 13:42:43.394,1.56979,1.57026,1.09,1.41
2011.06.22 13:42:45.666,1.5698,1.57033,1.09,1.84
2011.06.22 13:42:45.773,1.56988,1.57036,2.22,2.58
2011.06.22 13:42:46.215,1.56994,1.57046,1.09,2.22
2011.06.22 13:42:46.545,1.56993,1.57046,1.47,1.04
2011.06.22 13:42:46.764,1.56989,1.57042,1.09,2.22
2011.06.22 13:42:47.094,1.56989,1.57042,1.84,1.84
2011.06.22 13:42:47.423,1.56987,1.57042,1.47,2.97
2011.06.22 13:42:47.943,1.56989,1.57037,1.09,1.41
2011.06.22 13:42:48.747,1.56987,1.57041,1.47,1.47
2011.06.22 13:42:49.474,1.56984,1.57035,3.34,1.09
2011.06.22 13:42:49.694,1.56982,1.57032,1.09,2.22
2011.06.22 13:42:50.023,1.56981,1.57027,1.47,1.41
2011.06.22 13:42:50.244,1.56981,1.57026,1.09,2.16
2011.06.22 13:42:50.464,1.5698,1.57026,1.47,2.16
2011.06.22 13:42:53.684,1.56982,1.57027,1.09,2.16
2011.06.22 13:42:55.113,1.56976,1.57022,2.59,1.13
2011.06.22 13:42:55.223,1.56976,1.57026,2.59,2.22
2011.06.22 13:42:55.675,1.56976,1.57026,2.97,2.16
2011.06.22 13:42:56.336,1.56979,1.57026,1.09,1.41
2011.06.22 13:42:56.444,1.56978,1.57027,1.47,1.41
2011.06.22 13:43:00.763,1.56979,1.57026,1.09,1.41
2011.06.22 13:43:01.096,1.56981,1.57026,1.09,1.41
2011.06.22 13:43:01.753,1.56981,1.57026,1.47,1.09
2011.06.22 13:43:01.869,1.56984,1.57036,1.47,1.47
2011.06.22 13:43:02.094,1.56987,1.57034,1.09,1.04
2011.06.22 13:43:02.644,1.5698,1.57027,2.22,1.08
2011.06.22 13:43:02.976,1.56984,1.57027,1.09,1.08
2011.06.22 13:43:03.196,1.56984,1.5703,1.84,1.08
2011.06.22 13:43:03.525,1.56992,1.57031,1.84,2.20
2011.06.22 13:43:04.075,1.56997,1.57031,1.84,1.83
2011.06.22 13:43:04.627,1.56997,1.57032,1.84,1.83
2011.06.22 13:43:05.301,1.56997,1.57032,1.84,1.08
2011.06.22 13:43:05.429,1.56988,1.57031,2.22,2.16
2011.06.22 13:43:07.674,1.56992,1.57031,1.09,1.41
2011.06.22 13:43:08.004,1.56994,1.57031,2.97,1.08
2011.06.22 13:43:09.215,1.56986,1.57031,2.14,2.20
2011.06.22 13:43:09.716,1.56986,1.5703,1.80,1.09
2011.06.22 13:43:09.828,1.56983,1.57029,1.50,1.09
2011.06.22 13:43:10.604,1.56984,1.57028,1.50,1.09
2011.06.22 13:43:10.825,1.56981,1.57026,1.09,1.50
2011.06.22 13:43:10.935,1.56974,1.57026,3.34,1.50
2011.06.22 13:43:11.594,1.56974,1.57026,1.09,2.91
2011.06.22 13:43:12.255,1.56974,1.5702,1.09,1.09
2011.06.22 13:43:12.587,1.56972,1.57012,1.09,1.08
2011.06.22 13:43:12.694,1.56969,1.57012,2.89,1.08
2011.06.22 13:43:12.916,1.56973,1.57012,2.59,1.45
2011.06.22 13:43:13.669,1.56976,1.57026,1.09,1.08
2011.06.22 13:43:14.004,1.5698,1.57026,1.09,1.08
2011.06.22 13:43:14.796,1.5698,1.57033,1.09,1.84
2011.06.22 13:43:14.905,1.56978,1.57031,1.09,1.09
2011.06.22 13:43:15.235,1.56971,1.57022,1.09,1.09
2011.06.22 13:43:15.345,1.56964,1.57021,5.59,1.47
2011.06.22 13:43:15.564,1.56969,1.57026,1.47,2.22
2011.06.22 13:43:16.783,1.56972,1.57021,1.13,1.09
2011.06.22 13:43:16.893,1.56972,1.5702,1.13,2.22
2011.06.22 13:43:17.752,1.56965,1.57013,1.09,1.09
2011.06.22 13:43:17.865,1.56958,1.57011,1.13,1.09
2011.06.22 13:43:18.526,1.5696,1.57006,1.50,1.79
2011.06.22 13:43:18.745,1.5696,1.57007,2.25,1.41
2011.06.22 13:43:18.854,1.5696,1.57007,2.25,1.08
2011.06.22 13:43:18.965,1.56961,1.57014,1.13,1.09
2011.06.22 13:43:19.294,1.56964,1.57016,1.13,1.50
2011.06.22 13:43:19.405,1.56964,1.57022,1.13,1.47
2011.06.22 13:43:19.734,1.56967,1.57022,1.50,1.47
2011.06.22 13:43:22.466,1.56969,1.57026,1.13,2.91
2011.06.22 13:43:22.795,1.56976,1.57027,1.09,1.83
2011.06.22 13:43:23.135,1.56984,1.57034,1.13,1.08
2011.06.22 13:43:23.683,1.56984,1.57035,1.13,2.16
2011.06.22 13:43:23.794,1.56982,1.57029,1.13,1.84
2011.06.22 13:43:24.014,1.56974,1.57028,1.47,1.09
2011.06.22 13:43:24.673,1.56974,1.5702,2.59,1.08
2011.06.22 13:43:24.790,1.56974,1.57021,2.22,1.84
2011.06.22 13:43:25.566,1.56974,1.57017,1.84,1.09
2011.06.22 13:43:26.226,1.56974,1.57021,2.97,1.84
2011.06.22 13:43:33.903,1.56968,1.57021,1.84,1.04
2011.06.22 13:43:36.235,1.56969,1.57019,1.84,1.09
2011.06.22 13:43:36.345,1.56967,1.57016,1.09,1.47
2011.06.22 13:43:36.455,1.56967,1.57016,2.52,2.16
2011.06.22 13:43:36.784,1.56955,1.57011,1.47,1.50
2011.06.22 13:43:37.664,1.56957,1.57007,1.50,1.45
2011.06.22 13:43:38.104,1.56955,1.57007,1.09,1.45
2011.06.22 13:43:38.325,1.56958,1.57006,1.09,1.13
2011.06.22 13:43:38.985,1.56957,1.57007,1.09,1.83
2011.06.22 13:43:39.095,1.56956,1.57006,1.50,1.88
2011.06.22 13:43:39.424,1.56957,1.57006,1.13,1.50
2011.06.22 13:43:39.973,1.56958,1.57011,1.13,1.47
2011.06.22 13:43:40.084,1.56957,1.57012,1.50,1.84
2011.06.22 13:43:40.414,1.5696,1.57015,1.09,1.13
2011.06.22 13:43:40.635,1.56962,1.57016,1.47,1.45
2011.06.22 13:43:43.073,1.56963,1.57017,2.22,1.45
2011.06.22 13:43:45.883,1.56962,1.57015,1.47,1.13
2011.06.22 13:43:46.213,1.56962,1.57014,1.09,1.50
2011.06.22 13:43:46.603,1.56962,1.57007,1.09,1.08
2011.06.22 13:43:47.387,1.56962,1.57006,1.09,1.08
2011.06.22 13:43:47.497,1.56962,1.57006,1.09,1.08
2011.06.22 13:43:48.004,1.56961,1.57007,1.47,1.08
2011.06.22 13:43:48.553,1.56961,1.57007,1.47,1.08
2011.06.22 13:43:50.019,1.56961,1.57007,1.47,1.08
2011.06.22 13:43:50.794,1.56961,1.57007,1.47,1.08
2011.06.22 13:43:50.903,1.56961,1.57016,1.47,1.47
2011.06.22 13:43:51.233,1.56961,1.57014,1.47,1.50
2011.06.22 13:43:51.764,1.56961,1.57006,1.47,1.08
2011.06.22 13:43:52.423,1.56961,1.57007,1.47,1.08
2011.06.22 13:43:52.973,1.56961,1.57007,1.47,1.08
2011.06.22 13:43:54.313,1.56961,1.57007,1.47,1.08
2011.06.22 13:43:54.969,1.56961,1.57006,1.47,1.08
2011.06.22 13:43:55.964,1.56961,1.57007,1.47,1.08
2011.06.22 13:43:56.513,1.56961,1.57006,1.47,1.08
2011.06.22 13:43:58.033,1.56961,1.57007,1.47,1.08
2011.06.22 13:43:58.473,1.56962,1.57007,1.09,1.08
2011.06.22 13:43:58.693,1.56962,1.57007,1.09,1.08
2011.06.22 13:43:59.026,1.56962,1.57007,1.09,1.08
2011.06.22 13:43:59.134,1.56961,1.57007,1.13,1.41
2011.06.22 13:43:59.685,1.5696,1.57006,1.09,1.09
2011.06.22 13:43:59.794,1.56957,1.57006,1.84,1.47
2011.06.22 13:44:00.124,1.56967,1.57012,1.84,1.09
2011.06.22 13:44:00.455,1.56977,1.57016,1.84,1.47
2011.06.22 13:44:01.724,1.56986,1.57026,1.84,1.08
2011.06.22 13:44:04.204,1.56986,1.57027,1.84,1.09
2011.06.22 13:44:04.533,1.56978,1.57029,1.80,2.22
2011.06.22 13:44:05.714,1.56976,1.57031,1.47,1.50
2011.06.22 13:44:07.613,1.56979,1.57031,1.13,1.50
2011.06.22 13:44:08.973,1.56976,1.57031,1.47,1.50
2011.06.22 13:44:09.085,1.56979,1.57031,1.13,1.50
2011.06.22 13:44:09.303,1.56977,1.57032,1.09,1.13
2011.06.22 13:44:09.415,1.56979,1.57032,1.13,1.13
2011.06.22 13:44:10.616,1.56979,1.57032,1.13,1.45
2011.06.22 13:44:11.352,1.56979,1.57033,1.13,1.08
2011.06.22 13:44:11.863,1.56979,1.57035,1.13,1.09
2011.06.22 13:44:11.974,1.56979,1.57035,1.13,1.09
2011.06.22 13:44:12.084,1.56979,1.57029,1.13,2.22
2011.06.22 13:44:15.194,1.56979,1.57027,1.13,1.45
2011.06.22 13:44:15.745,1.56977,1.57026,1.09,2.20
2011.06.22 13:44:16.075,1.56983,1.57037,2.25,1.08
2011.06.22 13:44:16.294,1.56984,1.57036,1.88,1.45
2011.06.22 13:44:16.404,1.56981,1.57036,2.25,1.08
2011.06.22 13:44:16.516,1.56981,1.57034,1.50,1.09
2011.06.22 13:44:16.844,1.5698,1.57031,1.13,1.88
2011.06.22 13:44:17.296,1.56974,1.57027,1.47,1.08
2011.06.22 13:44:18.264,1.56973,1.57027,1.84,1.45
2011.06.22 13:44:19.304,1.56973,1.57027,2.59,1.45
2011.06.22 13:44:19.916,1.56974,1.57026,1.47,1.08
2011.06.22 13:44:20.526,1.56974,1.57026,1.09,1.50
2011.06.22 13:44:21.074,1.56974,1.57031,1.84,1.50
2011.06.22 13:44:21.788,1.56974,1.57026,1.84,2.20
2011.06.22 13:44:22.344,1.56979,1.57026,1.50,1.08
2011.06.22 13:44:22.675,1.56989,1.57036,1.13,1.83
2011.06.22 13:44:22.785,1.56988,1.57036,1.09,2.20
2011.06.22 13:44:23.004,1.56982,1.57036,1.09,1.08
2011.06.22 13:44:23.335,1.56983,1.57033,1.13,1.83
2011.06.22 13:44:23.555,1.56979,1.5703,1.47,1.13
2011.06.22 13:44:23.885,1.56983,1.5703,1.50,1.08
2011.06.22 13:44:24.435,1.56983,1.57031,1.13,1.41
2011.06.22 13:44:24.956,1.56978,1.57031,1.13,1.04
2011.06.22 13:44:25.065,1.56978,1.57027,1.13,1.08
2011.06.22 13:44:25.175,1.56977,1.57026,1.13,1.08
2011.06.22 13:44:25.944,1.56976,1.57027,1.13,1.08
2011.06.22 13:44:26.695,1.56976,1.57027,1.13,1.08
2011.06.22 13:44:27.463,1.56982,1.57027,1.84,1.08
2011.06.22 13:44:28.283,1.56982,1.57027,1.84,1.08
2011.06.22 13:44:29.104,1.56982,1.57027,1.84,1.08
2011.06.22 13:44:29.434,1.56974,1.57026,2.22,1.41
2011.06.22 13:44:29.967,1.56981,1.5703,1.09,1.13
2011.06.22 13:44:30.293,1.56981,1.57019,1.09,1.84
2011.06.22 13:44:30.515,1.56986,1.57027,2.22,1.41
2011.06.22 13:44:31.956,1.56979,1.57022,1.09,2.22
2011.06.22 13:44:33.725,1.56979,1.57022,1.09,1.84
2011.06.22 13:44:34.275,1.5698,1.57022,1.09,1.84
2011.06.22 13:44:42.474,1.56987,1.57031,1.84,1.09
2011.06.22 13:44:43.857,1.56976,1.57029,2.22,2.22
2011.06.22 13:44:43.965,1.56984,1.57037,1.47,1.79
2011.06.22 13:44:44.434,1.56984,1.57034,1.09,1.09
2011.06.22 13:44:44.769,1.56981,1.57026,2.22,2.22
2011.06.22 13:44:45.435,1.56984,1.57026,1.47,1.84
2011.06.22 13:44:45.546,1.56984,1.57033,1.47,1.04
2011.06.22 13:44:46.094,1.56983,1.57034,2.97,1.04
2011.06.22 13:44:49.096,1.56983,1.5703,2.97,1.24
2011.06.22 13:44:49.206,1.56979,1.57021,1.13,1.08
2011.06.22 13:44:49.316,1.56977,1.57021,2.93,1.45
2011.06.22 13:44:49.425,1.56978,1.57021,2.18,1.45
2011.06.22 13:44:49.646,1.56974,1.57023,1.50,1.08
2011.06.22 13:44:49.755,1.56975,1.57031,1.50,1.09
2011.06.22 13:44:50.323,1.56976,1.57026,1.13,1.13
2011.06.22 13:44:50.976,1.56976,1.57026,1.13,1.13
2011.06.22 13:44:51.194,1.56975,1.57026,2.63,1.08
2011.06.22 13:44:51.524,1.56975,1.57027,1.50,1.83
2011.06.22 13:44:51.964,1.5698,1.57034,1.09,1.47
2011.06.22 13:44:53.174,1.56982,1.57036,1.09,1.84
2011.06.22 13:44:53.834,1.5698,1.57036,1.47,4.09
2011.06.22 13:44:54.399,1.56982,1.57036,1.84,3.34
2011.06.22 13:44:57.651,1.56984,1.57032,1.09,1.09
2011.06.22 13:44:58.184,1.5698,1.57031,1.47,1.09
2011.06.22 13:44:58.295,1.56981,1.57027,1.09,1.13
2011.06.22 13:44:59.455,1.5698,1.57026,1.84,1.88
2011.06.22 13:45:00.007,1.56974,1.57013,1.50,2.22
2011.06.22 13:45:00.227,1.56971,1.57017,1.09,1.13
2011.06.22 13:45:00.444,1.56973,1.57017,1.50,1.13
2011.06.22 13:45:01.028,1.56974,1.57017,1.50,1.45
2011.06.22 13:45:01.796,1.56966,1.57016,2.59,1.13
2011.06.22 13:45:02.016,1.56966,1.57017,1.84,1.83
2011.06.22 13:45:02.235,1.56965,1.57011,1.13,1.09
2011.06.22 13:45:02.783,1.56964,1.57007,1.13,1.45
2011.06.22 13:45:03.665,1.56964,1.57006,1.13,1.45
2011.06.22 13:45:04.104,1.56963,1.57016,1.09,2.91
2011.06.22 13:45:04.214,1.56961,1.57016,1.09,2.91
2011.06.22 13:45:04.763,1.56963,1.57016,1.47,2.59
2011.06.22 13:45:04.874,1.56963,1.57016,1.84,1.09
2011.06.22 13:45:05.400,1.56962,1.57016,1.47,1.41
2011.06.22 13:45:06.398,1.56962,1.57015,1.09,1.04
2011.06.22 13:45:06.507,1.56961,1.57013,1.09,1.09
2011.06.22 13:45:07.054,1.56958,1.57007,1.47,1.08
2011.06.22 13:45:07.824,1.56961,1.57007,1.09,1.08
2011.06.22 13:45:08.373,1.56961,1.57007,1.09,1.08
2011.06.22 13:45:09.893,1.56957,1.57007,2.22,1.45
2011.06.22 13:45:10.445,1.56957,1.57007,2.59,1.45
2011.06.22 13:45:10.774,1.56958,1.57001,1.84,1.84
2011.06.22 13:45:11.765,1.5696,1.57006,1.84,1.08
2011.06.22 13:45:12.314,1.5696,1.5701,1.84,1.09
2011.06.22 13:45:12.534,1.5696,1.57007,1.84,1.45
2011.06.22 13:45:13.414,1.56961,1.57006,1.09,1.08
2011.06.22 13:45:14.683,1.5696,1.57006,2.22,1.08
2011.06.22 13:45:15.784,1.56964,1.57016,1.47,2.54
2011.06.22 13:45:16.114,1.56963,1.57007,1.09,1.08
2011.06.22 13:45:16.850,1.56963,1.57016,2.59,2.16
2011.06.22 13:45:18.494,1.56964,1.57014,1.09,1.09
2011.06.22 13:45:18.824,1.5696,1.57009,1.84,1.13
2011.06.22 13:45:19.483,1.5696,1.57007,2.22,1.08
2011.06.22 13:45:20.584,1.5696,1.57007,1.84,1.45
2011.06.22 13:45:23.485,1.56958,1.57006,1.13,1.79
2011.06.22 13:45:24.203,1.56957,1.57006,1.50,1.47
2011.06.22 13:45:25.603,1.56956,1.57007,1.47,2.54
2011.06.22 13:45:25.933,1.56956,1.57006,1.47,1.04
2011.06.22 13:45:26.383,1.56956,1.57006,1.47,1.79
2011.06.22 13:45:27.266,1.56956,1.57007,1.47,1.41
2011.06.22 13:45:27.595,1.56961,1.57006,1.47,1.08
2011.06.22 13:45:28.131,1.56961,1.57006,1.09,1.13
2011.06.22 13:45:28.466,1.56959,1.57002,1.84,2.22
2011.06.22 13:45:31.633,1.56967,1.57007,1.84,2.54
2011.06.22 13:45:35.976,1.56959,1.57004,1.84,2.22
2011.06.22 13:45:36.195,1.56952,1.57004,1.13,2.22
2011.06.22 13:45:36.305,1.56952,1.56998,1.13,1.09
2011.06.22 13:45:36.414,1.56951,1.56996,1.09,1.13
2011.06.22 13:45:36.525,1.5695,1.56997,1.09,1.08
2011.06.22 13:45:36.634,1.5695,1.57001,1.09,1.09
2011.06.22 13:45:37.265,1.56956,1.56997,1.50,1.45
2011.06.22 13:45:37.824,1.56953,1.56997,1.13,1.08
2011.06.22 13:45:38.485,1.56953,1.56997,1.13,1.08
2011.06.22 13:45:39.145,1.56953,1.56997,1.13,1.08
2011.06.22 13:45:39.365,1.56951,1.56997,1.47,1.08
2011.06.22 13:45:39.584,1.56951,1.56997,1.47,1.08
2011.06.22 13:45:40.024,1.56951,1.56997,1.47,1.08
2011.06.22 13:45:40.616,1.56945,1.56988,1.84,2.22
2011.06.22 13:45:40.835,1.56951,1.56997,1.84,1.79
2011.06.22 13:45:41.606,1.56961,1.56997,1.84,1.08
2011.06.22 13:45:41.825,1.56954,1.56995,1.84,1.84
2011.06.22 13:45:44.194,1.56961,1.56997,1.84,1.08
2011.06.22 13:45:44.827,1.56954,1.56996,1.84,1.84
2011.06.22 13:45:49.213,1.56944,1.56996,1.09,1.04
2011.06.22 13:45:51.534,1.56946,1.56996,1.84,1.88
2011.06.22 13:45:52.277,1.56939,1.56989,1.84,1.09
2011.06.22 13:45:52.604,1.56937,1.56986,1.47,1.45
2011.06.22 13:45:53.297,1.56938,1.56977,1.09,1.08
2011.06.22 13:45:53.625,1.5695,1.56987,1.84,1.08
2011.06.22 13:45:53.735,1.5695,1.56987,1.84,1.08
2011.06.22 13:45:54.073,1.5695,1.56996,1.84,2.22
2011.06.22 13:45:56.754,1.56941,1.56995,1.09,2.22
2011.06.22 13:45:57.082,1.56939,1.56989,1.09,1.04
2011.06.22 13:45:57.949,1.56938,1.56987,1.09,1.08
2011.06.22 13:45:58.283,1.56932,1.56977,1.28,1.08
2011.06.22 13:45:58.954,1.56932,1.56977,1.28,1.08
2011.06.22 13:45:59.503,1.56932,1.56977,1.24,1.08
2011.06.22 13:46:00.052,1.56932,1.56977,1.13,1.08
2011.06.22 13:46:02.006,1.56934,1.56977,1.02,1.45
2011.06.22 13:46:03.124,1.56932,1.56976,1.32,1.45
2011.06.22 13:46:03.643,1.56934,1.56976,1.02,1.13
2011.06.22 13:46:04.976,1.56933,1.56977,1.24,1.45
2011.06.22 13:46:05.194,1.56933,1.56977,1.24,1.08
2011.06.22 13:46:05.305,1.56925,1.56976,2.59,1.08
2011.06.22 13:46:05.964,1.56927,1.56976,1.09,1.13
2011.06.22 13:46:07.045,1.5693,1.56977,1.09,1.08
2011.06.22 13:46:07.263,1.56931,1.56977,1.47,1.08
2011.06.22 13:46:08.056,1.56932,1.56977,1.09,1.08
2011.06.22 13:46:08.274,1.56932,1.56977,1.09,1.08
2011.06.22 13:46:08.605,1.56924,1.56957,1.50,1.84
2011.06.22 13:46:09.155,1.56929,1.56966,1.47,1.08
2011.06.22 13:46:09.266,1.56928,1.56977,1.47,1.83
2011.06.22 13:46:09.483,1.56928,1.56978,1.47,1.09
2011.06.22 13:46:10.256,1.56921,1.56968,1.09,1.09
2011.06.22 13:46:10.473,1.56921,1.56968,1.47,1.09
2011.06.22 13:46:10.584,1.56921,1.56974,1.47,2.22
2011.06.22 13:46:13.256,1.56925,1.56974,1.13,1.84
2011.06.22 13:46:13.583,1.56925,1.56976,2.97,2.22
2011.06.22 13:46:14.133,1.56927,1.5698,1.09,1.41
2011.06.22 13:46:15.344,1.56925,1.56977,2.22,1.09
2011.06.22 13:46:15.966,1.56925,1.56976,2.22,1.09
2011.06.22 13:46:16.294,1.56925,1.56976,2.22,2.16
2011.06.22 13:46:16.514,1.56925,1.56976,2.22,1.47
2011.06.22 13:46:17.063,1.56925,1.56978,2.22,1.47
2011.06.22 13:46:17.175,1.56925,1.56976,1.84,1.09
2011.06.22 13:46:17.284,1.56922,1.56966,1.09,1.09
2011.06.22 13:46:17.394,1.56926,1.56967,1.43,1.09
2011.06.22 13:46:17.504,1.56926,1.56967,1.77,1.50
2011.06.22 13:46:17.616,1.56923,1.56975,1.09,1.47
2011.06.22 13:46:17.724,1.56926,1.56974,1.09,1.09
2011.06.22 13:46:18.438,1.56921,1.56974,2.59,1.09
2011.06.22 13:46:19.781,1.56917,1.56974,1.47,1.09
2011.06.22 13:46:19.896,1.56927,1.5698,2.22,1.13
2011.06.22 13:46:20.003,1.56927,1.56984,2.97,1.84
2011.06.22 13:46:22.094,1.56933,1.56984,1.09,1.47
2011.06.22 13:46:22.643,1.56927,1.56985,4.39,1.84
2011.06.22 13:46:23.405,1.56934,1.56985,1.09,1.84
2011.06.22 13:46:23.735,1.56938,1.56985,1.13,1.09
2011.06.22 13:46:24.844,1.56934,1.56985,1.84,1.84
2011.06.22 13:46:25.395,1.56936,1.56986,1.13,1.79
2011.06.22 13:46:25.504,1.56937,1.56986,1.09,1.79
2011.06.22 13:46:25.724,1.56937,1.56987,1.47,1.41
2011.06.22 13:46:26.056,1.56937,1.56988,1.09,1.09
2011.06.22 13:46:26.274,1.56941,1.56992,1.47,2.59
2011.06.22 13:46:26.824,1.56937,1.56992,1.47,1.79
2011.06.22 13:46:28.483,1.56941,1.56992,1.47,1.47
2011.06.22 13:46:28.926,1.56945,1.56993,1.50,1.84
2011.06.22 13:46:29.035,1.56953,1.57002,1.09,2.09
2011.06.22 13:46:29.144,1.56954,1.57006,1.09,1.04
2011.06.22 13:46:29.697,1.5696,1.57007,1.84,1.45
2011.06.22 13:46:29.805,1.5696,1.57006,2.22,1.08
2011.06.22 13:46:29.913,1.5696,1.5701,2.22,1.08
2011.06.22 13:46:30.585,1.56958,1.57013,2.22,1.84
2011.06.22 13:46:31.134,1.5696,1.57016,1.09,2.97
2011.06.22 13:46:32.455,1.56965,1.57014,1.09,1.04
2011.06.22 13:46:32.785,1.56971,1.57023,1.09,1.09
2011.06.22 13:46:33.677,1.56973,1.5702,1.50,1.04
2011.06.22 13:46:33.785,1.56967,1.57016,1.47,1.08
2011.06.22 13:46:34.256,1.56967,1.5702,1.47,1.04
2011.06.22 13:46:34.697,1.56966,1.57022,2.14,1.09
2011.06.22 13:46:35.028,1.56971,1.57023,1.09,1.04
2011.06.22 13:46:35.246,1.5697,1.57012,1.43,1.09
2011.06.22 13:46:35.686,1.56959,1.57007,1.47,1.08
2011.06.22 13:46:36.370,1.56964,1.57007,1.50,1.08
2011.06.22 13:46:36.926,1.56959,1.57011,1.09,1.04
2011.06.22 13:46:37.035,1.56969,1.57016,1.13,3.29
2011.06.22 13:46:37.806,1.56968,1.57014,1.13,1.04
2011.06.22 13:46:38.135,1.56964,1.57013,2.25,1.04
2011.06.22 13:46:38.355,1.56969,1.57016,1.47,1.08
2011.06.22 13:46:38.684,1.56963,1.57014,3.34,1.04
2011.06.22 13:46:39.209,1.56963,1.57013,2.97,1.09
2011.06.22 13:46:39.296,1.56963,1.5701,1.84,1.09
2011.06.22 13:46:39.513,1.56962,1.57011,1.09,2.22
2011.06.22 13:46:39.733,1.56963,1.5701,1.09,1.09
2011.06.22 13:46:40.283,1.56961,1.5701,1.09,1.84
2011.06.22 13:46:40.394,1.56961,1.5701,1.09,1.47
2011.06.22 13:46:40.724,1.56964,1.5701,1.50,1.09
2011.06.22 13:46:40.945,1.5696,1.57011,1.09,2.89
2011.06.22 13:46:41.164,1.5696,1.57016,1.09,2.97
2011.06.22 13:46:41.706,1.56962,1.57015,1.09,1.09
2011.06.22 13:46:43.553,1.56964,1.57015,2.22,1.08
2011.06.22 13:46:43.994,1.56964,1.57016,2.22,1.04
2011.06.22 13:46:44.434,1.56962,1.57015,1.09,1.41
2011.06.22 13:46:46.096,1.56963,1.57017,2.22,1.79
2011.06.22 13:46:46.205,1.56963,1.57014,1.84,1.13
2011.06.22 13:46:46.316,1.56949,1.56997,1.09,2.89
2011.06.22 13:46:46.426,1.56951,1.56997,1.09,2.93
2011.06.22 13:46:46.536,1.56951,1.56997,1.47,1.43
2011.06.22 13:46:46.865,1.56951,1.57004,1.84,1.09
2011.06.22 13:46:47.965,1.56951,1.57002,1.47,1.04
2011.06.22 13:46:48.404,1.56951,1.56997,1.47,1.45
2011.06.22 13:46:48.734,1.56949,1.56997,1.84,2.20
2011.06.22 13:46:48.845,1.56941,1.56981,1.50,1.47
2011.06.22 13:46:49.399,1.56943,1.56985,1.84,1.09
2011.06.22 13:46:49.514,1.56945,1.56985,1.09,1.09
2011.06.22 13:46:50.505,1.56946,1.56997,2.22,1.41
2011.06.22 13:46:50.614,1.56946,1.56995,2.22,1.08
2011.06.22 13:46:51.164,1.56942,1.56988,1.50,1.84
2011.06.22 13:46:51.713,1.56942,1.56988,1.13,1.84
2011.06.22 13:46:52.154,1.56942,1.56988,1.13,1.84
2011.06.22 13:46:52.265,1.56943,1.56988,2.22,1.09
2011.06.22 13:46:52.797,1.56946,1.56994,1.13,2.59
2011.06.22 13:46:53.125,1.5695,1.56994,1.84,1.47
2011.06.22 13:46:53.784,1.56949,1.56992,2.25,1.84
2011.06.22 13:46:54.445,1.56947,1.56992,1.13,1.84
2011.06.22 13:46:54.555,1.56944,1.56992,2.25,1.84
2011.06.22 13:46:54.775,1.56949,1.56992,1.13,1.84
2011.06.22 13:46:59.214,1.56944,1.56979,2.25,1.84
2011.06.22 13:46:59.434,1.56939,1.56979,1.09,1.84
2011.06.22 13:46:59.543,1.56934,1.56979,3.72,1.84
2011.06.22 13:47:02.715,1.56934,1.5697,1.50,1.84
2011.06.22 13:47:03.047,1.56928,1.56961,1.13,1.84
2011.06.22 13:47:03.154,1.56925,1.56968,2.59,1.84
2011.06.22 13:47:03.483,1.56923,1.56961,1.84,1.84
2011.06.22 13:47:04.167,1.56923,1.56961,1.09,1.84
2011.06.22 13:47:04.277,1.56923,1.56961,1.09,1.84
2011.06.22 13:47:05.486,1.56924,1.56961,1.13,1.84
2011.06.22 13:47:05.926,1.56929,1.56961,1.50,1.84
2011.06.22 13:47:06.254,1.56932,1.56974,1.09,1.47
2011.06.22 13:47:08.055,1.56931,1.56971,1.13,1.84
2011.06.22 13:47:08.607,1.5693,1.56971,1.13,1.84
2011.06.22 13:47:08.717,1.56937,1.56978,1.09,1.13
2011.06.22 13:47:08.826,1.56937,1.56978,1.09,1.13
2011.06.22 13:47:09.044,1.5693,1.56981,2.59,1.09
2011.06.22 13:47:09.155,1.56937,1.56981,1.09,1.09
2011.06.22 13:47:09.264,1.5693,1.56981,2.59,1.09
2011.06.22 13:47:09.814,1.5693,1.56981,1.13,1.84
2011.06.22 13:47:09.926,1.56929,1.56978,1.13,1.09
2011.06.22 13:47:10.034,1.56927,1.56973,1.09,1.47
2011.06.22 13:47:10.255,1.56922,1.56973,1.50,1.47
2011.06.22 13:47:10.839,1.56925,1.56972,1.13,1.09
2011.06.22 13:47:11.395,1.56929,1.56973,1.13,1.47
2011.06.22 13:47:12.165,1.5692,1.56968,1.09,1.47
2011.06.22 13:47:12.677,1.5692,1.56966,1.09,1.47
2011.06.22 13:47:13.504,1.5692,1.56966,1.09,1.41
2011.06.22 13:47:14.053,1.56924,1.56973,1.50,1.09
2011.06.22 13:47:14.604,1.56924,1.56973,1.13,1.09
2011.06.22 13:47:15.285,1.56929,1.56969,1.84,1.47
2011.06.22 13:47:15.807,1.56916,1.56966,1.47,1.04
2011.06.22 13:47:16.025,1.56916,1.56964,1.13,1.84
2011.06.22 13:47:16.574,1.56914,1.56964,1.88,2.59
2011.06.22 13:47:17.704,1.56914,1.56947,2.63,1.84
2011.06.22 13:47:18.255,1.56913,1.56947,1.13,1.84
2011.06.22 13:47:18.796,1.56913,1.56947,1.13,1.84
2011.06.22 13:47:20.627,1.56914,1.56955,1.09,1.84
2011.06.22 13:47:21.173,1.56915,1.56955,1.09,1.84
2011.06.22 13:47:22.205,1.56915,1.56955,1.09,1.84
2011.06.22 13:47:25.904,1.56911,1.56953,1.84,1.09
2011.06.22 13:47:29.464,1.56911,1.56955,1.84,1.84
2011.06.22 13:47:30.344,1.56911,1.56955,2.22,1.84
2011.06.22 13:47:30.454,1.56914,1.56955,1.09,1.84
2011.06.22 13:47:31.224,1.56914,1.56961,1.09,1.45
2011.06.22 13:47:31.335,1.56916,1.56962,1.09,1.08
2011.06.22 13:47:31.555,1.56922,1.56966,1.09,1.08
2011.06.22 13:47:32.668,1.56922,1.56967,1.09,1.08
2011.06.22 13:47:32.884,1.56916,1.56971,2.59,1.13
2011.06.22 13:47:35.444,1.56916,1.56971,2.22,1.50
2011.06.22 13:47:35.555,1.56915,1.56968,1.09,2.97
2011.06.22 13:47:35.667,1.56918,1.56964,1.13,1.09
2011.06.22 13:47:36.104,1.56918,1.56964,1.13,1.09
2011.06.22 13:47:36.653,1.56919,1.56964,1.88,1.09
2011.06.22 13:47:37.383,1.56919,1.56964,1.50,1.09
2011.06.22 13:47:37.825,1.56917,1.56964,1.09,1.09
2011.06.22 13:47:37.935,1.56917,1.56966,1.09,2.22
2011.06.22 13:47:39.609,1.56917,1.56966,1.09,1.47
2011.06.22 13:47:40.167,1.56916,1.56966,1.09,1.04
2011.06.22 13:47:40.384,1.56918,1.56966,1.13,1.04
2011.06.22 13:47:40.827,1.56918,1.56962,1.13,1.09
2011.06.22 13:47:41.776,1.5691,1.56956,1.84,1.45
2011.06.22 13:47:41.995,1.56907,1.56956,3.34,1.04
2011.06.22 13:47:42.435,1.56907,1.56956,1.84,1.09
2011.06.22 13:47:42.655,1.56907,1.56956,2.59,2.16
2011.06.22 13:47:42.984,1.56914,1.5696,1.84,2.22
2011.06.22 13:47:44.034,1.56907,1.56948,1.84,2.59
2011.06.22 13:47:45.325,1.56903,1.56947,2.22,1.79
2011.06.22 13:47:45.875,1.56913,1.56948,1.13,1.84
2011.06.22 13:47:45.983,1.56918,1.56959,1.84,1.84
2011.06.22 13:47:48.225,1.56918,1.56959,2.22,1.84
2011.06.22 13:47:48.336,1.56933,1.56969,1.84,1.09
2011.06.22 13:47:48.553,1.56933,1.56974,1.84,2.97
2011.06.22 13:47:49.145,1.56926,1.56969,1.09,1.84
2011.06.22 13:47:49.694,1.56941,1.56972,1.84,1.13
2011.06.22 13:47:49.806,1.56941,1.56981,1.84,2.14
2011.06.22 13:47:49.916,1.56941,1.56979,1.84,1.79
2011.06.22 13:47:50.245,1.56941,1.56979,1.84,1.09
2011.06.22 13:47:50.356,1.56941,1.5698,1.84,1.47
2011.06.22 13:47:50.464,1.56933,1.56977,1.84,1.84
2011.06.22 13:47:53.185,1.56923,1.56974,1.88,1.84
2011.06.22 13:47:53.295,1.56924,1.56974,1.88,1.84
2011.06.22 13:47:53.406,1.56934,1.56974,1.50,1.84
2011.06.22 13:47:53.516,1.56937,1.56979,1.84,1.43
2011.06.22 13:47:53.737,1.5694,1.56991,2.22,1.13
2011.06.22 13:47:53.955,1.5694,1.5699,2.22,1.43
2011.06.22 13:47:54.065,1.56938,1.5699,1.50,2.18
2011.06.22 13:47:54.176,1.56932,1.56987,1.13,1.13
2011.06.22 13:47:56.045,1.56934,1.56986,1.13,1.45
2011.06.22 13:47:56.926,1.56933,1.56986,1.13,1.83
2011.06.22 13:47:57.254,1.56939,1.56986,1.13,1.08
2011.06.22 13:47:57.805,1.56943,1.56987,1.13,1.08
2011.06.22 13:47:58.393,1.56943,1.56992,1.13,1.13
2011.06.22 13:47:59.098,1.56947,1.56991,1.09,1.13
2011.06.22 13:47:59.754,1.56944,1.56992,1.09,1.84
2011.06.22 13:48:00.384,1.5694,1.56992,1.09,1.84
2011.06.22 13:48:00.715,1.56942,1.56991,1.09,1.09
2011.06.22 13:48:01.045,1.56944,1.56995,1.09,1.84
2011.06.22 13:48:01.266,1.56955,1.57002,1.09,1.09
2011.06.22 13:48:01.374,1.56955,1.57003,1.09,1.09
2011.06.22 13:48:01.485,1.56953,1.57001,1.13,2.22
2011.06.22 13:48:02.255,1.56947,1.56998,1.09,1.84
2011.06.22 13:48:02.806,1.56941,1.56996,2.97,1.04
2011.06.22 13:48:07.073,1.56947,1.56996,1.09,1.04
2011.06.22 13:48:07.624,1.56947,1.56996,1.09,1.47
2011.06.22 13:48:08.178,1.56947,1.56996,1.09,1.79
2011.06.22 13:48:08.534,1.56961,1.56996,1.13,1.13
2011.06.22 13:48:08.644,1.56961,1.57006,1.50,1.13
2011.06.22 13:48:09.219,1.56957,1.57007,1.09,1.50
2011.06.22 13:48:09.329,1.56956,1.57008,1.09,1.13
2011.06.22 13:48:10.104,1.56953,1.57013,3.00,1.09
2011.06.22 13:48:10.215,1.56953,1.57005,1.88,1.09
2011.06.22 13:48:10.436,1.56953,1.57003,1.88,1.13
2011.06.22 13:48:10.983,1.56948,1.57006,1.50,1.04
2011.06.22 13:48:11.424,1.56948,1.57005,1.13,1.09
2011.06.22 13:48:11.986,1.56949,1.57006,1.50,2.14
2011.06.22 13:48:13.194,1.56953,1.57006,1.50,1.09
2011.06.22 13:48:13.636,1.56953,1.57005,1.50,1.09
2011.06.22 13:48:14.292,1.56954,1.57001,1.13,1.13
2011.06.22 13:48:14.408,1.56949,1.57001,1.50,1.83
2011.06.22 13:48:14.634,1.56946,1.57001,1.09,2.20
2011.06.22 13:48:14.853,1.56952,1.57001,1.13,2.20
2011.06.22 13:48:15.735,1.56953,1.56993,1.50,1.09
2011.06.22 13:48:15.956,1.56939,1.56992,1.84,1.50
2011.06.22 13:48:19.374,1.56941,1.56984,1.09,1.13
2011.06.22 13:48:19.926,1.56939,1.5699,1.84,1.50
2011.06.22 13:48:20.606,1.56939,1.56994,2.22,1.41
2011.06.22 13:48:20.934,1.56939,1.56993,1.84,1.09
2011.06.22 13:48:25.755,1.56934,1.5697,1.13,1.84
2011.06.22 13:48:26.087,1.56937,1.56976,1.84,1.08
2011.06.22 13:48:27.184,1.56937,1.56977,1.84,1.41
2011.06.22 13:48:27.733,1.56937,1.56976,1.84,1.08
2011.06.22 13:48:28.415,1.56937,1.5698,1.84,2.22
2011.06.22 13:48:28.965,1.56937,1.56977,1.84,1.09
2011.06.22 13:48:29.075,1.56923,1.56974,1.84,1.09
2011.06.22 13:48:29.606,1.56924,1.56966,1.09,1.08
2011.06.22 13:48:30.424,1.56924,1.56967,1.09,1.08
2011.06.22 13:48:30.972,1.56924,1.56967,1.09,1.08
2011.06.22 13:48:32.496,1.56938,1.56967,1.84,1.08
2011.06.22 13:48:32.716,1.56946,1.56977,1.84,1.08
2011.06.22 13:48:33.269,1.56946,1.56986,2.22,1.09
2011.06.22 13:48:33.388,1.56946,1.56989,2.22,1.84
2011.06.22 13:48:35.695,1.56946,1.56989,1.84,2.59
2011.06.22 13:48:37.485,1.56946,1.56986,1.84,1.09
2011.06.22 13:48:38.129,1.56946,1.56989,1.84,2.54
2011.06.22 13:48:42.517,1.56941,1.56982,1.84,1.84
2011.06.22 13:48:42.957,1.56929,1.56968,1.09,1.84
2011.06.22 13:48:44.935,1.56925,1.56965,1.84,1.09
2011.06.22 13:48:45.637,1.56925,1.56966,1.84,1.41
2011.06.22 13:48:45.746,1.56924,1.56966,2.22,1.08
2011.06.22 13:48:45.856,1.56931,1.56976,1.09,2.54
2011.06.22 13:48:46.404,1.56929,1.56977,1.09,1.79
2011.06.22 13:48:50.505,1.56924,1.56976,4.47,1.84
2011.06.22 13:48:50.946,1.56924,1.56971,1.84,1.50
2011.06.22 13:48:51.055,1.56919,1.56964,1.09,2.59
2011.06.22 13:48:55.129,1.56922,1.56966,2.22,1.83
2011.06.22 13:48:55.250,1.56925,1.56971,1.13,2.22
2011.06.22 13:48:55.475,1.5692,1.56971,1.47,1.84
2011.06.22 13:48:56.024,1.56925,1.56971,1.13,1.84
2011.06.22 13:48:56.355,1.56919,1.56966,1.84,1.41
2011.06.22 13:48:56.467,1.56919,1.56966,1.09,1.41
2011.06.22 13:48:57.015,1.56917,1.56971,2.97,2.22
2011.06.22 13:48:57.564,1.56921,1.56971,1.13,2.22
2011.06.22 13:48:58.004,1.56922,1.56975,2.59,1.47
2011.06.22 13:48:58.885,1.56922,1.56976,2.59,1.04
2011.06.22 13:48:58.995,1.56922,1.56975,2.22,1.84
2011.06.22 13:49:00.246,1.56932,1.56976,2.22,1.83
2011.06.22 13:49:00.578,1.56932,1.56977,2.22,1.08
2011.06.22 13:49:00.686,1.56932,1.56986,2.22,1.79
2011.06.22 13:49:03.215,1.56932,1.56982,1.84,1.09
2011.06.22 13:49:03.435,1.56922,1.56975,1.47,1.47
2011.06.22 13:49:03.985,1.56927,1.56976,1.09,1.41
2011.06.22 13:49:05.414,1.56928,1.56977,1.13,1.41
2011.06.22 13:49:05.744,1.5693,1.56976,1.13,1.09
2011.06.22 13:49:06.294,1.5693,1.56977,1.13,1.41
2011.06.22 13:49:06.844,1.56925,1.56977,1.09,1.41
2011.06.22 13:49:07.487,1.5693,1.56977,1.13,1.41
2011.06.22 13:49:07.816,1.56932,1.56976,2.63,1.08
2011.06.22 13:49:08.144,1.56934,1.56977,3.00,1.08
2011.06.22 13:49:08.254,1.56939,1.56986,1.13,1.08
2011.06.22 13:49:08.693,1.56938,1.56987,1.09,1.45
2011.06.22 13:49:09.024,1.56934,1.56977,2.22,1.84
2011.06.22 13:49:09.684,1.56938,1.56977,1.09,2.91
2011.06.22 13:49:10.014,1.56939,1.56986,1.47,1.08
2011.06.22 13:49:10.847,1.56944,1.56983,1.09,1.84
2011.06.22 13:49:10.971,1.56939,1.56983,2.59,1.84
2011.06.22 13:49:11.745,1.56942,1.56983,1.09,1.84
2011.06.22 13:49:14.446,1.56953,1.56996,1.84,2.91
2011.06.22 13:49:14.893,1.56953,1.56996,1.84,2.91
2011.06.22 13:49:15.116,1.56941,1.56986,1.47,1.84
2011.06.22 13:49:15.335,1.56941,1.56986,1.47,1.84
2011.06.22 13:49:16.326,1.5694,1.56986,2.22,2.91
2011.06.22 13:49:26.727,1.56934,1.56982,1.13,1.84
2011.06.22 13:49:27.471,1.5693,1.56982,1.50,1.84
2011.06.22 13:49:28.214,1.56929,1.56981,2.22,1.09
2011.06.22 13:49:28.434,1.56927,1.56975,1.47,1.43
2011.06.22 13:49:28.994,1.56927,1.56976,1.09,3.21
2011.06.22 13:49:30.425,1.56927,1.56974,1.47,1.43
2011.06.22 13:49:30.904,1.56926,1.56976,1.47,2.46
2011.06.22 13:49:31.424,1.56926,1.56975,1.47,1.43
2011.06.22 13:49:33.154,1.56927,1.56975,1.09,1.43
2011.06.22 13:49:33.704,1.56929,1.56977,1.47,1.08
2011.06.22 13:49:34.316,1.56929,1.56977,1.09,1.08
2011.06.22 13:49:34.755,1.56934,1.56978,1.50,1.75
2011.06.22 13:49:34.868,1.56934,1.56985,2.25,1.80
2011.06.22 13:49:34.976,1.56937,1.56985,1.09,1.43
2011.06.22 13:49:35.685,1.56935,1.56983,1.09,1.84
2011.06.22 13:49:37.296,1.56935,1.56983,1.09,1.84
2011.06.22 13:49:37.736,1.56944,1.56983,1.50,1.84
2011.06.22 13:49:37.844,1.56935,1.56983,1.09,1.84
2011.06.22 13:49:40.362,1.56935,1.56976,1.09,1.43
2011.06.22 13:49:40.697,1.56938,1.56985,1.13,1.77
2011.06.22 13:49:42.109,1.56938,1.56979,1.88,1.09
2011.06.22 13:49:42.776,1.56938,1.56977,1.13,1.08
2011.06.22 13:49:42.994,1.56938,1.56982,1.50,1.77
2011.06.22 13:49:43.105,1.56934,1.56982,1.09,1.77
2011.06.22 13:49:44.214,1.56935,1.56982,1.09,1.77
2011.06.22 13:49:45.756,1.56933,1.56978,1.47,1.43
2011.06.22 13:49:46.497,1.56932,1.56977,1.84,1.08
2011.06.22 13:49:46.936,1.56929,1.56976,1.88,1.09
2011.06.22 13:49:54.204,1.56936,1.56977,2.59,1.41
2011.06.22 13:50:00.435,1.56934,1.56981,1.50,1.84
2011.06.22 13:50:01.174,1.56932,1.56981,1.50,2.22
2011.06.22 13:50:01.504,1.56929,1.56979,1.13,2.14
2011.06.22 13:50:03.417,1.56927,1.56967,1.13,1.84
2011.06.22 13:50:03.748,1.56924,1.56967,2.59,1.84
2011.06.22 13:50:03.856,1.56923,1.56967,1.47,1.84
2011.06.22 13:50:04.955,1.56923,1.56967,1.09,1.84
2011.06.22 13:50:05.903,1.56924,1.56967,1.09,1.84
2011.06.22 13:50:06.234,1.56923,1.56967,1.47,1.84
2011.06.22 13:50:06.906,1.56923,1.56967,2.89,2.22
2011.06.22 13:50:07.344,1.56924,1.56967,1.47,1.84
2011.06.22 13:50:08.004,1.56924,1.56967,1.09,2.22
2011.06.22 13:50:10.444,1.56919,1.56958,2.22,1.43
2011.06.22 13:50:10.970,1.56919,1.5696,2.22,1.43
2011.06.22 13:50:11.837,1.56919,1.56959,2.22,1.43
2011.06.22 13:50:11.946,1.56919,1.56966,2.22,1.77
2011.06.22 13:50:13.077,1.56914,1.56943,1.13,1.84
2011.06.22 13:50:13.296,1.56899,1.56936,1.13,1.84
2011.06.22 13:50:13.845,1.56902,1.56943,2.59,1.77
2011.06.22 13:50:15.618,1.56903,1.56945,1.09,1.84
2011.06.22 13:50:15.945,1.56904,1.56945,1.77,1.84
2011.06.22 13:50:18.897,1.56905,1.56945,1.09,1.84
2011.06.22 13:50:19.005,1.56903,1.56944,3.06,1.84
2011.06.22 13:50:19.225,1.56902,1.56953,3.06,2.14
2011.06.22 13:50:19.968,1.56903,1.56947,1.50,1.41
2011.06.22 13:50:20.664,1.56902,1.56947,2.68,1.41
2011.06.22 13:50:21.213,1.56903,1.56947,2.68,1.41
2011.06.22 13:50:21.984,1.56903,1.56947,3.06,1.41
2011.06.22 13:50:22.315,1.56903,1.56954,1.50,1.84
2011.06.22 13:50:22.755,1.56904,1.56954,1.43,2.22
2011.06.22 13:50:22.865,1.56897,1.5695,2.14,1.77
2011.06.22 13:50:23.635,1.56901,1.5695,1.47,1.77
2011.06.22 13:50:23.964,1.56902,1.5695,3.43,1.77
2011.06.22 13:50:25.398,1.56904,1.56954,2.18,2.22
2011.06.22 13:50:25.506,1.56902,1.5695,3.43,1.77
2011.06.22 13:50:25.987,1.56903,1.5695,3.06,1.77
2011.06.22 13:50:26.317,1.56904,1.56947,1.13,1.41
2011.06.22 13:50:26.536,1.56907,1.56956,2.59,1.09
2011.06.22 13:50:26.646,1.56913,1.56957,1.47,1.79
2011.06.22 13:50:27.354,1.56913,1.56957,1.47,1.79
2011.06.22 13:50:27.464,1.56912,1.56957,1.09,1.79
2011.06.22 13:50:27.684,1.56912,1.56956,1.09,1.41
2011.06.22 13:50:27.794,1.56909,1.56951,1.13,1.84
2011.06.22 13:50:28.014,1.56904,1.56951,1.13,1.84
2011.06.22 13:50:28.454,1.56904,1.56951,1.13,1.84
2011.06.22 13:50:30.768,1.5691,1.56953,1.09,1.43
2011.06.22 13:50:31.096,1.56913,1.5696,1.50,1.77
2011.06.22 13:50:31.428,1.56905,1.56954,1.13,2.22
2011.06.22 13:50:31.535,1.56904,1.56947,1.88,1.84
2011.06.22 13:50:31.755,1.569,1.56947,1.13,1.84
2011.06.22 13:50:32.304,1.56893,1.56947,3.30,4.34
2011.06.22 13:50:32.415,1.56894,1.56946,1.50,1.09
2011.06.22 13:50:35.077,1.56895,1.5694,1.80,1.84
2011.06.22 13:50:35.296,1.56896,1.56942,1.47,1.77
2011.06.22 13:50:35.516,1.56893,1.56941,1.13,1.84
2011.06.22 13:50:40.925,1.56892,1.56935,1.13,1.84
2011.06.22 13:50:41.036,1.56888,1.56935,1.80,2.22
2011.06.22 13:50:43.925,1.56884,1.56933,3.00,1.09
2011.06.22 13:50:44.475,1.56882,1.56935,1.47,3.64
2011.06.22 13:50:44.697,1.56884,1.56931,2.55,1.09
2011.06.22 13:50:47.525,1.56906,1.56945,2.22,1.43
2011.06.22 13:50:47.855,1.569,1.56941,1.77,1.84
2011.06.22 13:50:47.965,1.56906,1.56949,2.22,1.04
2011.06.22 13:50:48.075,1.56912,1.56952,1.80,1.09
2011.06.22 13:50:48.185,1.56912,1.56951,1.43,1.09
2011.06.22 13:50:48.405,1.56907,1.56947,1.80,1.84
2011.06.22 13:50:49.506,1.56917,1.56957,1.84,1.13
2011.06.22 13:50:49.617,1.56917,1.5696,1.84,1.09
2011.06.22 13:50:49.726,1.56911,1.56954,1.84,1.84
2011.06.22 13:50:50.477,1.56903,1.56947,1.77,1.84
2011.06.22 13:50:50.918,1.56903,1.56944,1.43,2.22
2011.06.22 13:50:51.465,1.56902,1.56944,1.43,1.84
2011.06.22 13:50:51.577,1.56902,1.56951,1.77,1.47
2011.06.22 13:50:51.904,1.56895,1.56943,2.59,1.43
2011.06.22 13:50:54.037,1.56894,1.56943,2.25,1.84
2011.06.22 13:50:54.153,1.56892,1.56934,1.47,1.43
2011.06.22 13:50:54.594,1.56888,1.5693,1.84,1.43
2011.06.22 13:50:55.365,1.56888,1.56933,1.84,1.43
2011.06.22 13:50:57.194,1.56889,1.56936,1.47,1.08
2011.06.22 13:50:58.375,1.56892,1.56937,1.09,1.41
2011.06.22 13:50:58.925,1.56893,1.56936,1.13,1.08
2011.06.22 13:51:00.384,1.56892,1.56937,1.09,1.41
2011.06.22 13:51:00.825,1.56899,1.56937,1.84,1.41
2011.06.22 13:51:01.613,1.56899,1.56937,1.84,1.41
2011.06.22 13:51:02.274,1.56899,1.56937,1.84,1.41
2011.06.22 13:51:03.074,1.56891,1.56934,2.22,1.84
2011.06.22 13:51:07.064,1.56891,1.56929,1.84,1.04
2011.06.22 13:51:07.613,1.56891,1.56927,1.84,1.08
2011.06.22 13:51:08.335,1.56891,1.56927,1.84,1.08
2011.06.22 13:51:10.074,1.56891,1.56927,1.84,1.08
2011.06.22 13:51:10.635,1.56891,1.56934,1.84,2.54
2011.06.22 13:51:10.746,1.56891,1.56934,1.84,1.84
2011.06.22 13:51:12.285,1.56877,1.56928,1.09,1.09
2011.06.22 13:51:12.394,1.56873,1.56924,2.22,2.14
2011.06.22 13:51:12.504,1.56877,1.56927,2.52,1.09
2011.06.22 13:51:14.695,1.56883,1.56931,1.84,1.80
2011.06.22 13:51:15.029,1.56879,1.56926,1.77,2.25
2011.06.22 13:51:15.577,1.56873,1.56925,2.22,1.80
2011.06.22 13:51:15.686,1.56873,1.56925,1.84,2.18
2011.06.22 13:51:16.125,1.56873,1.56917,1.84,1.43
2011.06.22 13:51:16.675,1.56873,1.56923,1.84,1.80
2011.06.22 13:51:16.895,1.56873,1.56916,1.84,1.43
2011.06.22 13:51:17.006,1.56873,1.56922,1.84,1.80
2011.06.22 13:51:18.175,1.56875,1.56922,1.09,1.43
2011.06.22 13:51:18.506,1.56875,1.56926,2.52,1.50
2011.06.22 13:51:18.615,1.56873,1.56922,1.84,1.80
2011.06.22 13:51:18.724,1.56873,1.56922,2.22,1.43
2011.06.22 13:51:18.835,1.56873,1.5692,2.22,2.18
2011.06.22 13:51:19.384,1.56873,1.56916,1.84,2.18
2011.06.22 13:51:19.935,1.56873,1.56924,2.59,1.43
2011.06.22 13:51:20.488,1.56874,1.56923,3.00,1.80
2011.06.22 13:51:20.814,1.56877,1.56923,1.13,1.43
2011.06.22 13:51:21.147,1.56874,1.56923,3.34,1.80
2011.06.22 13:51:21.255,1.56874,1.56925,2.22,2.18
2011.06.22 13:51:21.477,1.56867,1.56916,1.47,1.43
2011.06.22 13:51:22.924,1.56868,1.56919,1.47,1.43
2011.06.22 13:51:23.677,1.56868,1.5692,1.47,1.80
2011.06.22 13:51:24.005,1.56868,1.56916,1.47,1.08
2011.06.22 13:51:24.554,1.56868,1.56917,1.47,1.08
2011.06.22 13:51:25.365,1.56869,1.56917,1.09,1.08
2011.06.22 13:51:25.806,1.5687,1.56917,1.09,1.08
2011.06.22 13:51:26.358,1.56873,1.56916,1.47,1.75
2011.06.22 13:51:26.960,1.56886,1.56932,1.09,1.43
2011.06.22 13:51:27.078,1.56886,1.56937,1.09,1.83
2011.06.22 13:51:27.735,1.56897,1.56937,2.22,1.08
2011.06.22 13:51:27.845,1.56897,1.56946,2.22,2.91
2011.06.22 13:51:32.664,1.56897,1.56941,1.84,1.09
2011.06.22 13:51:32.774,1.56893,1.56941,1.50,1.09
2011.06.22 13:51:32.884,1.56893,1.56934,1.50,1.43
2011.06.22 13:51:33.104,1.56884,1.56934,2.22,1.43
2011.06.22 13:51:33.324,1.56884,1.56932,1.84,1.80
2011.06.22 13:51:33.435,1.56879,1.56932,1.84,2.14
2011.06.22 13:51:41.986,1.56881,1.56936,1.09,4.04
2011.06.22 13:51:42.205,1.56879,1.56936,2.89,3.66
2011.06.22 13:51:51.245,1.56887,1.56935,2.22,1.43
2011.06.22 13:51:51.355,1.56888,1.56937,2.14,1.41
2011.06.22 13:51:52.505,1.56888,1.56937,2.14,1.41
2011.06.22 13:51:53.298,1.56888,1.56937,2.14,1.41
2011.06.22 13:51:53.536,1.56893,1.56936,1.09,1.08
2011.06.22 13:51:54.153,1.56895,1.5694,1.80,1.41
2011.06.22 13:51:54.484,1.56895,1.5694,1.43,1.79
2011.06.22 13:51:55.127,1.56893,1.5694,1.84,1.79
2011.06.22 13:51:55.234,1.56894,1.5693,1.50,1.84
2011.06.22 13:51:55.344,1.56889,1.5693,1.77,1.84
2011.06.22 13:51:56.334,1.56891,1.5693,1.09,1.84
2011.06.22 13:51:56.776,1.56893,1.56937,1.09,1.41
2011.06.22 13:51:56.995,1.56898,1.56941,2.22,1.04
2011.06.22 13:51:57.546,1.56898,1.56941,2.22,1.41
2011.06.22 13:52:05.144,1.56898,1.56941,2.22,1.04
2011.06.22 13:52:05.256,1.56898,1.56941,2.22,1.04
2011.06.22 13:52:05.805,1.56898,1.56941,2.22,1.41
2011.06.22 13:52:15.676,1.56894,1.5694,1.50,1.41
2011.06.22 13:52:17.965,1.56894,1.56941,1.13,2.16
2011.06.22 13:52:21.854,1.56895,1.56941,2.22,1.83
2011.06.22 13:52:22.435,1.56895,1.56942,2.22,1.08
2011.06.22 13:52:22.984,1.56895,1.56947,2.22,1.79
2011.06.22 13:52:24.024,1.56895,1.56945,2.22,1.09
2011.06.22 13:52:24.725,1.56894,1.5694,1.13,1.41
2011.06.22 13:52:26.755,1.56893,1.5694,1.88,1.04
2011.06.22 13:52:27.395,1.56893,1.56937,1.13,1.41
2011.06.22 13:52:28.086,1.56892,1.56937,1.88,1.04
2011.06.22 13:52:28.635,1.56892,1.56937,1.88,1.41
2011.06.22 13:52:29.185,1.56893,1.56939,1.50,1.04
2011.06.22 13:52:29.734,1.56893,1.56941,1.09,1.08
2011.06.22 13:52:30.174,1.56892,1.56937,1.50,1.45
2011.06.22 13:52:31.373,1.56892,1.56937,1.50,1.45
2011.06.22 13:52:31.964,1.56893,1.56938,1.13,1.04
2011.06.22 13:52:32.074,1.56893,1.56937,1.47,1.08
2011.06.22 13:52:32.404,1.56894,1.56941,1.47,1.83
2011.06.22 13:52:32.953,1.56893,1.56941,1.84,1.08
2011.06.22 13:52:33.992,1.56896,1.56942,2.14,1.08
2011.06.22 13:52:34.119,1.56902,1.5695,1.43,2.22
2011.06.22 13:52:34.226,1.56898,1.5695,2.14,2.22
2011.06.22 13:52:34.445,1.569,1.5695,1.43,2.54
2011.06.22 13:52:34.775,1.56896,1.5695,2.14,2.22
2011.06.22 13:52:35.324,1.56897,1.56944,2.14,1.04
2011.06.22 13:52:35.875,1.569,1.56946,1.43,1.04
2011.06.22 13:52:36.314,1.56894,1.56946,3.64,2.16
2011.06.22 13:52:37.096,1.56895,1.56946,1.09,1.04
2011.06.22 13:52:37.988,1.56906,1.56947,2.22,1.45
2011.06.22 13:52:38.206,1.56896,1.56948,1.09,2.09
2011.06.22 13:52:38.755,1.56897,1.5694,1.43,1.09
2011.06.22 13:52:38.865,1.56888,1.56934,2.59,1.80
2011.06.22 13:52:39.085,1.56889,1.56941,1.09,1.41
2011.06.22 13:52:39.195,1.56895,1.56937,1.09,1.08
2011.06.22 13:52:39.524,1.56904,1.56947,1.84,2.59
2011.06.22 13:52:44.467,1.56908,1.56951,1.84,1.77
2011.06.22 13:52:47.785,1.56911,1.56961,2.22,1.80
2011.06.22 13:52:48.336,1.56911,1.56957,1.84,1.45
2011.06.22 13:52:49.495,1.56911,1.56957,2.22,1.08
2011.06.22 13:52:49.934,1.56911,1.5696,2.22,1.80
2011.06.22 13:52:55.465,1.5692,1.5696,1.84,1.80
2011.06.22 13:52:55.686,1.5692,1.56966,2.22,1.08
2011.06.22 13:52:55.906,1.56925,1.5697,1.09,1.75
2011.06.22 13:52:56.125,1.56929,1.56976,2.22,1.43
2011.06.22 13:52:56.455,1.56933,1.56977,1.09,1.08
2011.06.22 13:52:56.564,1.56933,1.56982,1.84,1.45
2011.06.22 13:52:58.414,1.56938,1.56983,1.13,1.04
2011.06.22 13:52:58.745,1.56947,1.56986,1.09,1.43
2011.06.22 13:52:59.295,1.56947,1.56987,1.09,1.45
2011.06.22 13:52:59.902,1.56947,1.56987,1.09,1.13
2011.06.22 13:53:00.234,1.56947,1.56986,1.47,1.08
2011.06.22 13:53:00.345,1.56947,1.56992,1.47,1.77
2011.06.22 13:53:00.454,1.56947,1.56997,2.97,1.08
2011.06.22 13:53:00.676,1.56954,1.56997,1.09,1.08
2011.06.22 13:53:01.225,1.56953,1.56996,1.09,1.08
2011.06.22 13:53:01.557,1.56934,1.56973,1.09,1.84
2011.06.22 13:53:01.665,1.56932,1.56973,1.47,1.84
2011.06.22 13:53:03.644,1.56932,1.56979,2.22,1.43
2011.06.22 13:53:05.884,1.56938,1.56979,1.09,1.43
2011.06.22 13:53:06.105,1.56949,1.56992,3.64,1.08
2011.06.22 13:53:06.216,1.56949,1.56992,1.80,1.04
2011.06.22 13:53:06.326,1.56948,1.56988,1.13,1.43
2011.06.22 13:53:06.434,1.56944,1.56988,1.09,1.43
2011.06.22 13:53:06.655,1.56942,1.56987,1.47,1.08
2011.06.22 13:53:06.766,1.56944,1.5699,1.09,1.04
2011.06.22 13:53:06.877,1.56944,1.56992,1.09,1.79
2011.06.22 13:53:06.985,1.56946,1.56996,2.22,2.46
2011.06.22 13:53:07.095,1.56946,1.56992,2.22,1.08
2011.06.22 13:53:12.264,1.56946,1.56996,2.22,1.04
2011.06.22 13:53:13.266,1.56946,1.56992,2.22,1.08
2011.06.22 13:53:14.105,1.56944,1.56992,1.43,1.47
2011.06.22 13:53:14.219,1.56935,1.56981,1.09,1.77
2011.06.22 13:53:15.394,1.5694,1.56981,1.09,1.43
2011.06.22 13:53:15.724,1.56941,1.56984,1.09,1.43
2011.06.22 13:53:16.765,1.56941,1.56984,1.47,1.43
2011.06.22 13:53:17.267,1.56943,1.56984,1.13,1.43
2011.06.22 13:53:19.344,1.56944,1.56984,1.13,1.43
2011.06.22 13:53:21.074,1.56943,1.56984,1.13,1.43
2011.06.22 13:53:24.596,1.56943,1.56986,1.13,1.75
2011.06.22 13:53:25.164,1.56943,1.56984,1.13,1.43
2011.06.22 13:53:25.525,1.56943,1.56984,1.13,2.14
2011.06.22 13:53:26.915,1.56944,1.5698,1.13,2.14
2011.06.22 13:53:27.358,1.56944,1.56984,1.13,1.77
2011.06.22 13:53:28.259,1.56943,1.56984,1.13,1.77
2011.06.22 13:53:28.368,1.56937,1.56978,1.09,1.84
2011.06.22 13:53:28.694,1.56943,1.56978,1.13,1.84
2011.06.22 13:53:28.806,1.56937,1.56978,1.09,1.84
2011.06.22 13:53:31.654,1.56934,1.56978,1.09,1.84
2011.06.22 13:53:32.206,1.56929,1.56977,1.13,1.84
2011.06.22 13:53:32.315,1.56928,1.56977,1.88,1.84
2011.06.22 13:53:32.536,1.56934,1.5698,1.47,1.77
2011.06.22 13:53:32.645,1.56934,1.5698,1.09,1.77
2011.06.22 13:53:33.220,1.56934,1.5698,1.47,1.77
2011.06.22 13:53:33.337,1.56934,1.5698,1.09,1.77
2011.06.22 13:53:33.885,1.56939,1.5698,1.13,1.77
2011.06.22 13:53:34.767,1.56943,1.5698,1.09,1.43
2011.06.22 13:53:34.874,1.56943,1.56993,1.84,1.79
2011.06.22 13:53:35.427,1.5695,1.56994,1.13,1.84
2011.06.22 13:53:35.648,1.56943,1.56992,1.09,1.47
2011.06.22 13:53:35.755,1.56945,1.56986,1.13,1.43
2011.06.22 13:53:35.976,1.5695,1.56999,1.09,1.41
2011.06.22 13:53:36.854,1.5695,1.56999,1.09,1.41
2011.06.22 13:53:37.434,1.5695,1.56999,1.09,1.04
2011.06.22 13:53:37.766,1.56948,1.56986,2.55,1.09
2011.06.22 13:53:38.358,1.56937,1.56986,1.47,2.84
2011.06.22 13:53:38.698,1.56941,1.56986,1.84,2.50
2011.06.22 13:53:39.025,1.56941,1.56995,2.22,2.14
2011.06.22 13:53:41.225,1.56945,1.56995,1.09,1.04
2011.06.22 13:53:41.555,1.56941,1.56993,1.47,1.84
2011.06.22 13:53:46.876,1.56943,1.56996,2.14,2.55
2011.06.22 13:53:46.987,1.56944,1.56996,1.09,3.25
2011.06.22 13:53:48.247,1.56945,1.56996,1.09,1.75
2011.06.22 13:53:48.578,1.56952,1.5699,1.43,1.84
2011.06.22 13:53:48.685,1.56941,1.56985,1.84,1.43
2011.06.22 13:53:49.015,1.56944,1.56994,2.18,2.16
2011.06.22 13:53:50.449,1.56948,1.56997,2.22,2.84
2011.06.22 13:53:50.775,1.56948,1.57001,3.77,2.16
2011.06.22 13:53:51.105,1.56958,1.57007,1.09,1.84
2011.06.22 13:53:51.748,1.56953,1.56992,2.25,1.43
2011.06.22 13:53:51.855,1.56947,1.56992,1.84,1.43
2011.06.22 13:53:52.075,1.56947,1.56992,1.09,2.93
2011.06.22 13:53:52.406,1.56918,1.56962,1.13,1.84
2011.06.22 13:53:52.625,1.56911,1.56962,1.09,2.59
2011.06.22 13:53:52.735,1.56912,1.56953,1.09,1.43
2011.06.22 13:53:52.846,1.56912,1.56958,1.84,1.77
2011.06.22 13:53:52.956,1.56912,1.56958,1.09,1.77
2011.06.22 13:53:53.396,1.56914,1.56949,1.13,1.43
2011.06.22 13:53:53.615,1.56913,1.5695,1.13,1.77
2011.06.22 13:53:53.836,1.56911,1.56957,1.13,1.41
2011.06.22 13:53:53.945,1.56911,1.56957,1.13,1.41
2011.06.22 13:53:54.055,1.56909,1.56957,1.47,1.41
2011.06.22 13:53:54.165,1.56911,1.56957,1.13,1.41
2011.06.22 13:53:54.276,1.5691,1.56957,1.09,1.41
2011.06.22 13:53:54.722,1.56908,1.56957,4.09,1.41
2011.06.22 13:53:54.828,1.56914,1.56956,1.13,1.41
2011.06.22 13:53:55.155,1.56911,1.56957,1.88,1.41
2011.06.22 13:53:55.486,1.5691,1.56955,1.09,1.09
2011.06.22 13:53:55.814,1.56909,1.56944,1.13,1.84
2011.06.22 13:53:56.364,1.56899,1.56942,1.13,1.77
2011.06.22 13:53:56.475,1.56903,1.56942,1.13,1.77
2011.06.22 13:53:56.806,1.56904,1.56942,1.13,1.43
2011.06.22 13:53:56.915,1.56903,1.56947,1.13,2.84
2011.06.22 13:53:57.466,1.56914,1.56947,1.50,1.43
2011.06.22 13:53:57.577,1.56914,1.56957,1.50,1.41
2011.06.22 13:53:57.795,1.56914,1.56962,3.38,1.84
2011.06.22 13:53:57.906,1.56917,1.56959,2.22,1.43
2011.06.22 13:53:58.014,1.56924,1.56973,1.09,1.09
2011.06.22 13:53:58.236,1.56924,1.56976,2.40,1.47
2011.06.22 13:53:58.565,1.56934,1.56974,1.47,1.77
2011.06.22 13:53:59.525,1.56934,1.56969,1.50,1.84
2011.06.22 13:54:00.518,1.56933,1.56965,1.50,1.84
2011.06.22 13:54:00.628,1.56921,1.56962,1.13,1.77
2011.06.22 13:54:00.845,1.56916,1.56962,1.09,1.77
2011.06.22 13:54:01.397,1.56918,1.5696,1.13,1.77
2011.06.22 13:54:02.277,1.56924,1.56966,3.72,1.08
2011.06.22 13:54:02.715,1.56919,1.56973,1.84,1.84
2011.06.22 13:54:02.826,1.56914,1.56967,4.15,2.22
2011.06.22 13:54:08.224,1.56913,1.56966,5.27,2.14
2011.06.22 13:54:08.556,1.5692,1.56966,1.43,1.04
2011.06.22 13:54:08.665,1.56914,1.56966,5.14,2.22
2011.06.22 13:54:12.296,1.56914,1.56957,2.22,1.08
2011.06.22 13:54:12.625,1.56907,1.5695,2.22,1.84
2011.06.22 13:54:15.494,1.56911,1.5695,1.09,1.84
2011.06.22 13:54:16.026,1.56907,1.5695,2.22,1.84
2011.06.22 13:54:16.354,1.5692,1.56961,1.52,1.84
2011.06.22 13:54:18.057,1.5692,1.56967,1.47,1.45
2011.06.22 13:54:18.714,1.5692,1.56966,1.47,1.50
2011.06.22 13:54:19.046,1.56915,1.56958,1.84,1.84
2011.06.22 13:54:19.265,1.56922,1.56966,1.84,1.09
2011.06.22 13:54:20.648,1.56915,1.56958,1.09,1.84
2011.06.22 13:54:20.758,1.56923,1.56966,1.84,1.84
2011.06.22 13:54:21.306,1.56926,1.56966,1.09,2.59
2011.06.22 13:54:21.527,1.56934,1.56967,1.88,1.08
2011.06.22 13:54:21.636,1.56935,1.56977,2.31,2.91
2011.06.22 13:54:23.336,1.56934,1.56976,1.88,2.20
2011.06.22 13:54:23.557,1.56922,1.56966,1.84,2.97
2011.06.22 13:54:24.589,1.56907,1.56954,1.09,1.09
2011.06.22 13:54:24.705,1.56907,1.56956,1.09,2.14
2011.06.22 13:54:25.915,1.56908,1.56956,1.47,1.79
2011.06.22 13:54:26.244,1.56918,1.56957,1.88,1.41
2011.06.22 13:54:26.794,1.5692,1.56956,1.56,1.41
2011.06.22 13:54:27.665,1.5692,1.56956,2.25,1.41
2011.06.22 13:54:28.214,1.56923,1.56957,1.50,1.41
2011.06.22 13:54:28.736,1.56924,1.56956,1.13,1.09
2011.06.22 13:54:29.175,1.56921,1.5696,1.13,1.84
2011.06.22 13:54:29.964,1.56921,1.56961,1.09,1.84
2011.06.22 13:54:30.079,1.56928,1.56961,1.50,1.84
2011.06.22 13:54:30.637,1.56923,1.56961,1.50,1.84
2011.06.22 13:54:30.747,1.56928,1.56971,1.84,2.22
2011.06.22 13:54:30.967,1.56928,1.56967,1.84,1.13
2011.06.22 13:54:31.076,1.56929,1.56971,1.09,1.84
2011.06.22 13:54:31.683,1.56933,1.56971,1.47,1.84
2011.06.22 13:54:32.235,1.56924,1.56963,2.97,1.84
2011.06.22 13:54:32.674,1.56923,1.56972,1.84,1.47
2011.06.22 13:54:33.258,1.56924,1.56976,1.84,2.22
2011.06.22 13:54:34.026,1.56927,1.56976,1.09,1.84
2011.06.22 13:54:34.244,1.56928,1.56983,2.97,1.47
2011.06.22 13:54:34.465,1.56935,1.56986,1.09,1.84
2011.06.22 13:54:34.796,1.56939,1.56988,1.50,2.22
2011.06.22 13:54:35.015,1.5694,1.56992,2.22,2.14
2011.06.22 13:54:35.455,1.5694,1.56991,1.84,1.50
2011.06.22 13:54:36.245,1.56939,1.56986,1.47,1.47
2011.06.22 13:54:36.465,1.56939,1.56985,1.09,1.09
2011.06.22 13:54:37.285,1.56933,1.56977,1.84,1.13
2011.06.22 13:54:37.885,1.56933,1.56977,1.84,1.08
2011.06.22 13:54:37.997,1.56933,1.56985,1.84,1.09
2011.06.22 13:54:39.675,1.56933,1.56985,1.84,1.09
2011.06.22 13:54:39.784,1.5693,1.5698,1.84,1.09
2011.06.22 13:54:40.447,1.56929,1.56976,2.59,1.08
2011.06.22 13:54:40.777,1.56928,1.56975,1.13,1.84
2011.06.22 13:54:41.704,1.56928,1.56973,1.13,1.09
2011.06.22 13:54:42.294,1.56928,1.56973,1.13,1.09
2011.06.22 13:54:42.934,1.56928,1.56973,1.13,1.09
2011.06.22 13:54:43.155,1.56926,1.56976,1.50,2.97
2011.06.22 13:54:43.485,1.56938,1.56976,1.13,1.84
2011.06.22 13:54:46.855,1.56938,1.56976,1.13,1.84
2011.06.22 13:54:47.184,1.56929,1.56976,1.13,1.84
2011.06.22 13:54:47.625,1.56929,1.56976,1.13,2.16
2011.06.22 13:54:47.954,1.56929,1.5697,1.13,1.84
2011.06.22 13:54:48.285,1.56926,1.5697,1.13,1.84
2011.06.22 13:54:49.124,1.56929,1.5697,1.13,1.84
2011.06.22 13:54:49.237,1.56924,1.56967,1.88,1.41
2011.06.22 13:54:51.404,1.56924,1.56966,3.06,1.41
2011.06.22 13:54:51.735,1.56924,1.56966,3.00,1.09
2011.06.22 13:54:51.957,1.56924,1.56955,3.00,1.84
2011.06.22 13:54:52.615,1.56924,1.56962,3.81,1.84
2011.06.22 13:54:53.274,1.56923,1.56962,4.15,1.84
2011.06.22 13:54:53.824,1.56924,1.56962,2.68,1.84
2011.06.22 13:54:57.576,1.56923,1.56962,4.15,1.84
2011.06.22 13:54:58.146,1.56924,1.56962,1.50,1.84
2011.06.22 13:54:58.695,1.56924,1.56966,1.50,1.83
2011.06.22 13:54:58.805,1.56913,1.56965,1.13,1.13
2011.06.22 13:54:58.916,1.56913,1.56964,3.00,1.13
2011.06.22 13:54:59.245,1.56906,1.56953,1.13,1.09
2011.06.22 13:54:59.575,1.56908,1.56953,1.13,1.09
2011.06.22 13:55:00.342,1.56898,1.56939,1.13,1.09
2011.06.22 13:55:00.899,1.56899,1.56937,1.13,2.20
2011.06.22 13:55:01.007,1.56902,1.56936,1.09,1.50
2011.06.22 13:55:01.116,1.56902,1.56946,1.09,2.22
2011.06.22 13:55:01.227,1.56898,1.56942,1.13,1.09
2011.06.22 13:55:01.774,1.56899,1.56941,1.88,1.47
2011.06.22 13:55:02.654,1.569,1.56941,1.50,1.47
2011.06.22 13:55:04.654,1.56899,1.56942,2.25,1.84
2011.06.22 13:55:05.335,1.56908,1.56942,1.13,1.13
2011.06.22 13:55:05.450,1.56909,1.56956,1.84,1.13
2011.06.22 13:55:06.448,1.56909,1.5695,1.84,1.13
2011.06.22 13:55:06.775,1.56904,1.56952,1.50,1.47
2011.06.22 13:55:07.106,1.56916,1.56947,1.13,1.41
2011.06.22 13:55:07.328,1.56923,1.56957,1.13,1.79
2011.06.22 13:55:07.980,1.56923,1.56956,1.13,1.04
2011.06.22 13:55:08.533,1.56923,1.56957,1.13,1.79
2011.06.22 13:55:08.976,1.56909,1.56953,1.09,1.09
2011.06.22 13:55:09.088,1.56908,1.56953,1.84,1.09
2011.06.22 13:55:09.745,1.56908,1.56953,1.84,1.47
2011.06.22 13:55:10.187,1.56909,1.56953,3.34,1.09
2011.06.22 13:55:11.616,1.56909,1.56945,2.63,1.84
2011.06.22 13:55:12.717,1.56908,1.56945,1.13,1.84
2011.06.22 13:55:14.575,1.56908,1.56945,1.13,1.84
2011.06.22 13:55:14.795,1.56908,1.56944,1.84,1.84
2011.06.22 13:55:15.235,1.56908,1.56937,1.50,1.84
2011.06.22 13:55:15.675,1.56909,1.56937,1.24,1.84
2011.06.22 13:55:15.787,1.56908,1.56947,1.09,1.08
2011.06.22 13:55:16.006,1.56922,1.56947,1.13,1.08
2011.06.22 13:55:16.666,1.56922,1.56957,1.50,3.29
2011.06.22 13:55:17.756,1.56923,1.56956,1.50,1.04
2011.06.22 13:55:19.468,1.56919,1.56956,1.13,1.47
2011.06.22 13:55:20.016,1.56919,1.56956,1.88,1.79
2011.06.22 13:55:21.005,1.56918,1.56957,1.13,3.29
2011.06.22 13:55:21.675,1.56918,1.56956,1.13,1.04
2011.06.22 13:55:23.476,1.5692,1.56955,1.13,1.09
2011.06.22 13:55:23.805,1.56918,1.5695,1.50,1.13
2011.06.22 13:55:24.354,1.56919,1.56947,1.13,1.08
2011.06.22 13:55:24.955,1.56918,1.56947,1.13,1.08
2011.06.22 13:55:25.175,1.56919,1.56956,1.13,1.47
2011.06.22 13:55:25.825,1.56919,1.56956,1.13,1.04
2011.06.22 13:55:26.418,1.56922,1.56956,1.50,1.08
2011.06.22 13:55:26.528,1.56922,1.5696,1.50,1.47
2011.06.22 13:55:28.205,1.56922,1.56963,1.50,1.47
2011.06.22 13:55:28.645,1.56922,1.5696,1.50,1.09
2011.06.22 13:55:28.975,1.56922,1.56957,1.50,2.22
2011.06.22 13:55:29.304,1.56922,1.56947,1.50,1.08
2011.06.22 13:55:30.075,1.56922,1.56947,1.50,1.08
2011.06.22 13:55:30.625,1.5692,1.56946,1.13,1.08
2011.06.22 13:55:31.346,1.56908,1.56947,1.13,1.08
2011.06.22 13:55:31.854,1.56908,1.56947,1.13,1.08
2011.06.22 13:55:32.216,1.56907,1.56946,1.50,1.08
2011.06.22 13:55:32.325,1.56907,1.56947,1.50,1.08
2011.06.22 13:55:32.855,1.56906,1.56947,2.22,1.08
2011.06.22 13:55:32.965,1.56906,1.56935,1.13,1.84
2011.06.22 13:55:33.515,1.56907,1.56935,1.13,1.84
2011.06.22 13:55:34.064,1.56906,1.56935,1.50,1.84
2011.06.22 13:55:35.635,1.56897,1.56935,1.09,2.22
2011.06.22 13:55:37.010,1.56903,1.56935,1.13,1.84
2011.06.22 13:55:37.895,1.56899,1.56935,1.47,1.84
2011.06.22 13:55:38.006,1.56903,1.56935,3.38,1.84
2011.06.22 13:55:38.116,1.56903,1.56947,3.72,2.58
2011.06.22 13:55:38.334,1.56903,1.56947,3.77,1.83
2011.06.22 13:55:38.445,1.56904,1.56951,1.84,1.47
2011.06.22 13:55:40.345,1.56904,1.56955,1.09,1.09
2011.06.22 13:55:41.028,1.5692,1.56961,1.50,1.47
2011.06.22 13:55:41.356,1.56916,1.56956,1.09,2.22
2011.06.22 13:55:43.164,1.56916,1.56956,1.09,2.22
2011.06.22 13:55:44.704,1.56916,1.56956,1.09,2.22
2011.06.22 13:55:45.254,1.56916,1.56956,1.09,1.84
2011.06.22 13:55:45.804,1.56916,1.56956,1.09,1.84
2011.06.22 13:55:45.914,1.56917,1.56967,1.09,1.84
2011.06.22 13:55:46.025,1.56916,1.56965,1.09,1.09
2011.06.22 13:55:47.195,1.56918,1.56953,1.13,2.22
2011.06.22 13:55:47.638,1.56914,1.56956,1.88,2.91
2011.06.22 13:55:47.856,1.56916,1.56956,1.50,2.54
2011.06.22 13:55:49.323,1.56915,1.5696,1.13,1.09
2011.06.22 13:55:50.075,1.56916,1.5696,1.13,1.09
2011.06.22 13:55:50.624,1.56915,1.5696,1.13,1.09
2011.06.22 13:55:51.262,1.56911,1.56959,1.09,1.09
2011.06.22 13:55:51.377,1.56905,1.56949,1.84,1.50
2011.06.22 13:55:52.286,1.56905,1.56949,1.84,1.50
2011.06.22 13:55:52.616,1.56905,1.56932,1.84,1.50
2011.06.22 13:55:53.825,1.56905,1.56932,1.84,1.13
2011.06.22 13:55:54.045,1.56905,1.56938,1.84,2.18
2011.06.22 13:55:54.376,1.56905,1.56946,1.84,1.83
2011.06.22 13:55:54.837,1.56905,1.56946,1.84,1.83
2011.06.22 13:55:54.950,1.56898,1.56942,1.50,1.09
2011.06.22 13:55:55.068,1.56904,1.56955,1.13,2.22
2011.06.22 13:55:55.394,1.56901,1.56955,2.89,1.84
2011.06.22 13:55:55.506,1.56904,1.56961,4.09,2.16
2011.06.22 13:55:56.496,1.56904,1.56956,2.59,1.09
2011.06.22 13:55:56.714,1.56903,1.56955,3.34,2.22
2011.06.22 13:55:56.826,1.56904,1.56949,1.09,1.09
2011.06.22 13:56:01.477,1.56903,1.56947,1.09,1.08
2011.06.22 13:56:01.805,1.56903,1.56955,1.09,2.22
2011.06.22 13:56:03.234,1.5691,1.56955,1.84,2.22
2011.06.22 13:56:04.444,1.5691,1.56951,1.84,1.09
2011.06.22 13:56:04.559,1.5691,1.56952,1.84,2.22
2011.06.22 13:56:12.645,1.56918,1.56957,1.84,1.79
2011.06.22 13:56:13.304,1.56918,1.56957,1.84,1.41
2011.06.22 13:56:13.854,1.56918,1.56957,1.84,1.41
2011.06.22 13:56:14.505,1.56918,1.56956,1.84,1.08
2011.06.22 13:56:15.054,1.56918,1.56957,1.84,1.41
2011.06.22 13:56:15.606,1.56918,1.56957,1.84,1.41
2011.06.22 13:56:16.154,1.56918,1.56957,1.84,1.41
2011.06.22 13:56:18.927,1.56914,1.56953,1.84,1.84
2011.06.22 13:56:19.541,1.56897,1.56943,1.13,2.59
2011.06.22 13:56:19.879,1.56896,1.56943,1.13,1.84
2011.06.22 13:56:19.987,1.56896,1.5695,1.09,1.84
2011.06.22 13:56:20.205,1.56899,1.5695,1.84,1.84
2011.06.22 13:56:22.176,1.56899,1.5695,1.47,2.22
2011.06.22 13:56:23.514,1.56893,1.5695,5.14,2.22
2011.06.22 13:56:23.736,1.56897,1.56947,1.09,1.09
2011.06.22 13:56:24.258,1.56894,1.56942,2.25,2.22
2011.06.22 13:56:24.814,1.56894,1.56942,1.50,2.22
2011.06.22 13:56:25.485,1.56893,1.56942,2.25,2.22
2011.06.22 13:56:25.706,1.56894,1.56946,1.84,2.20
2011.06.22 13:56:25.817,1.56897,1.56946,1.09,3.00
2011.06.22 13:56:26.145,1.56892,1.56933,2.59,1.84
2011.06.22 13:56:28.806,1.56889,1.56931,1.13,1.84
2011.06.22 13:56:29.406,1.56887,1.56931,1.13,1.84
2011.06.22 13:56:29.735,1.56889,1.56931,1.13,1.84
2011.06.22 13:56:31.880,1.56889,1.56942,1.13,2.97
2011.06.22 13:56:32.325,1.56887,1.56938,1.09,1.09
2011.06.22 13:56:32.765,1.56885,1.56933,1.13,2.22
2011.06.22 13:56:34.464,1.56887,1.56935,1.09,1.47
2011.06.22 13:56:35.835,1.5689,1.56935,1.09,1.47
2011.06.22 13:56:36.054,1.56885,1.56935,1.13,2.97
2011.06.22 13:56:38.365,1.56887,1.56935,1.13,2.97
2011.06.22 13:56:38.586,1.56889,1.56936,1.09,1.04
2011.06.22 13:56:38.697,1.56889,1.56934,1.47,1.50
2011.06.22 13:56:40.987,1.56883,1.56936,2.22,2.22
2011.06.22 13:56:41.684,1.56885,1.56936,1.09,1.09
2011.06.22 13:56:42.235,1.5689,1.56941,1.47,2.22
2011.06.22 13:56:43.226,1.56887,1.56939,1.47,1.09
2011.06.22 13:56:44.734,1.56888,1.56941,1.84,2.91
2011.06.22 13:56:54.206,1.56894,1.56942,1.84,1.13
2011.06.22 13:56:54.318,1.56896,1.56944,1.09,1.09
2011.06.22 13:56:54.536,1.56904,1.56949,1.09,1.45
2011.06.22 13:56:54.647,1.56904,1.56949,1.84,1.08
2011.06.22 13:56:54.756,1.56904,1.5695,1.09,1.08
2011.06.22 13:56:54.976,1.56907,1.56951,1.09,2.20
2011.06.22 13:56:55.196,1.56911,1.56951,1.43,1.45
2011.06.22 13:56:55.306,1.56903,1.56952,1.84,1.41
2011.06.22 13:56:55.526,1.56904,1.56952,2.22,1.41
2011.06.22 13:56:55.966,1.56904,1.56939,1.13,1.84
2011.06.22 13:56:56.186,1.569,1.56939,1.09,1.84
2011.06.22 13:56:56.295,1.56896,1.56939,1.84,1.84
2011.06.22 13:56:58.136,1.56892,1.56933,1.47,1.84
2011.06.22 13:57:00.590,1.56891,1.56944,1.47,1.47
2011.06.22 13:57:01.830,1.56896,1.56947,1.09,2.91
2011.06.22 13:57:02.164,1.56906,1.56949,1.84,1.09
2011.06.22 13:57:03.644,1.56906,1.56947,1.84,2.54
2011.06.22 13:57:05.765,1.56906,1.56947,1.84,2.54
2011.06.22 13:57:06.315,1.56906,1.56947,1.84,2.54
2011.06.22 13:57:07.818,1.56906,1.56947,1.84,1.79
2011.06.22 13:57:08.506,1.56906,1.56947,1.84,1.79
2011.06.22 13:57:09.056,1.56906,1.56948,1.84,1.47
2011.06.22 13:57:10.005,1.56906,1.56947,1.84,1.79
2011.06.22 13:57:10.725,1.56906,1.56952,1.84,2.16
2011.06.22 13:57:11.274,1.56901,1.56946,2.18,1.84
2011.06.22 13:57:11.384,1.56897,1.56946,1.13,2.59
2011.06.22 13:57:11.940,1.56898,1.56945,1.13,1.09
2011.06.22 13:57:12.567,1.56898,1.56945,1.13,1.09
2011.06.22 13:57:13.115,1.56896,1.56946,1.47,2.16
2011.06.22 13:57:13.494,1.56905,1.56946,2.22,1.41
2011.06.22 13:57:13.717,1.569,1.56957,2.52,1.08
2011.06.22 13:57:13.936,1.56907,1.56959,2.93,1.08
2011.06.22 13:57:14.155,1.56906,1.56957,1.13,1.13
2011.06.22 13:57:14.265,1.56906,1.56955,1.88,2.22
2011.06.22 13:57:14.816,1.56903,1.56955,1.84,2.22
2011.06.22 13:57:20.624,1.56906,1.56955,1.13,2.22
2011.06.22 13:57:21.775,1.56905,1.56955,1.80,2.22
2011.06.22 13:57:22.216,1.56904,1.56955,2.52,1.84
2011.06.22 13:57:22.325,1.56912,1.5696,2.14,1.09
2011.06.22 13:57:22.436,1.56912,1.56958,1.77,1.09
2011.06.22 13:57:22.656,1.56902,1.56951,1.09,1.09
2011.06.22 13:57:22.766,1.56899,1.56947,1.77,1.09
2011.06.22 13:57:22.985,1.56895,1.56944,1.09,1.84
2011.06.22 13:57:23.358,1.56896,1.56944,2.59,1.50
2011.06.22 13:57:23.465,1.56896,1.56947,2.22,2.20
2011.06.22 13:57:23.797,1.56896,1.56944,2.59,1.50
2011.06.22 13:57:23.906,1.56895,1.56943,1.09,1.09
2011.06.22 13:57:24.494,1.56895,1.56943,1.09,1.84
2011.06.22 13:57:25.485,1.56895,1.56943,1.09,1.84
2011.06.22 13:57:28.835,1.56895,1.56943,1.09,1.09
2011.06.22 13:57:29.057,1.56896,1.56944,2.18,1.47
2011.06.22 13:57:29.605,1.56895,1.56946,1.47,1.47
2011.06.22 13:57:29.827,1.56897,1.56947,1.80,1.47
2011.06.22 13:57:30.045,1.56901,1.56952,2.22,1.47
2011.06.22 13:57:31.116,1.56902,1.56952,1.09,1.09
2011.06.22 13:57:35.975,1.56902,1.5695,1.77,1.50
2011.06.22 13:57:36.084,1.56902,1.56948,1.43,1.09
2011.06.22 13:57:36.609,1.56907,1.56962,2.89,1.47
2011.06.22 13:57:36.936,1.56907,1.56958,1.77,1.13
2011.06.22 13:57:37.046,1.56904,1.56952,1.50,1.09
2011.06.22 13:57:37.595,1.56902,1.56953,1.47,1.47
2011.06.22 13:57:39.174,1.56902,1.56955,1.84,1.84
2011.06.22 13:57:39.507,1.56903,1.56953,2.97,1.04
2011.06.22 13:57:39.726,1.56903,1.56947,1.84,1.04
2011.06.22 13:57:40.055,1.56897,1.56944,1.13,1.04
2011.06.22 13:57:40.165,1.56896,1.56944,1.13,1.41
2011.06.22 13:57:40.716,1.56897,1.56944,1.13,1.41
2011.06.22 13:57:41.485,1.56895,1.56945,1.09,1.09
2011.06.22 13:57:41.829,1.56897,1.56945,1.50,1.41
2011.06.22 13:57:41.936,1.56897,1.56945,1.50,1.41
2011.06.22 13:57:42.157,1.56898,1.56944,1.13,1.41
2011.06.22 13:57:42.714,1.56901,1.56945,1.13,1.04
2011.06.22 13:57:43.815,1.56901,1.56953,1.47,1.47
2011.06.22 13:57:43.926,1.56905,1.56953,1.09,1.09
2011.06.22 13:57:44.365,1.56905,1.56952,1.09,1.47
2011.06.22 13:57:44.474,1.56904,1.56952,1.84,1.47
2011.06.22 13:57:47.027,1.56904,1.56953,1.09,1.47
2011.06.22 13:57:48.454,1.56902,1.56953,1.84,1.47
2011.06.22 13:57:48.985,1.56908,1.56952,1.13,1.47
2011.06.22 13:57:49.316,1.56907,1.56953,1.50,1.47
2011.06.22 13:57:49.865,1.56909,1.56954,1.13,1.47
2011.06.22 13:57:50.924,1.56908,1.56956,1.50,2.22
2011.06.22 13:57:51.623,1.56912,1.56956,1.50,2.97
2011.06.22 13:57:52.506,1.56911,1.56959,1.09,1.04
2011.06.22 13:57:52.725,1.56913,1.5696,1.88,1.47
2011.06.22 13:57:53.314,1.56913,1.5696,2.25,1.47
2011.06.22 13:57:54.915,1.56913,1.5696,1.50,1.47
2011.06.22 13:57:55.573,1.56913,1.5696,1.88,1.47
2011.06.22 13:57:56.125,1.56913,1.5696,1.88,1.47
2011.06.22 13:57:56.674,1.56913,1.5696,1.50,1.47
2011.06.22 13:57:58.398,1.56914,1.5696,1.50,1.47
2011.06.22 13:57:58.616,1.56913,1.5696,2.25,1.47
2011.06.22 13:57:59.165,1.56914,1.56961,2.25,1.79
2011.06.22 13:57:59.935,1.56914,1.56961,1.50,1.04
2011.06.22 13:58:01.034,1.56913,1.56959,1.88,1.09
2011.06.22 13:58:01.475,1.56914,1.56959,2.25,1.41
2011.06.22 13:58:01.847,1.56913,1.56959,1.88,1.09
2011.06.22 13:58:02.835,1.56914,1.56959,1.50,1.41
2011.06.22 13:58:04.944,1.56917,1.56959,1.13,1.04
2011.06.22 13:58:05.274,1.56926,1.56964,1.09,1.84
2011.06.22 13:58:05.824,1.56927,1.56964,1.09,1.84
2011.06.22 13:58:06.634,1.56927,1.56964,1.09,1.84
2011.06.22 13:58:07.956,1.56916,1.56958,1.84,1.84
2011.06.22 13:58:09.727,1.5692,1.56958,1.09,1.84
2011.06.22 13:58:10.274,1.5692,1.56958,1.09,1.84
2011.06.22 13:58:11.043,1.56922,1.56966,1.09,1.50
2011.06.22 13:58:11.154,1.56933,1.56967,1.13,1.08
2011.06.22 13:58:11.482,1.56933,1.56977,1.13,1.45
2011.06.22 13:58:12.792,1.56933,1.56982,1.13,2.25
2011.06.22 13:58:13.341,1.56933,1.56981,1.13,1.50
2011.06.22 13:58:14.723,1.56933,1.56982,1.13,1.13
2011.06.22 13:58:14.941,1.56933,1.56985,1.13,1.84
2011.06.22 13:58:15.272,1.56933,1.5698,1.13,1.50
2011.06.22 13:58:17.414,1.56934,1.56979,1.13,2.59
2011.06.22 13:58:19.401,1.56934,1.56979,1.13,2.59
2011.06.22 13:58:20.612,1.56933,1.56979,1.13,3.34
2011.06.22 13:58:22.792,1.56933,1.56979,1.13,1.09
2011.06.22 13:58:23.812,1.56933,1.56981,1.13,1.84
2011.06.22 13:58:24.633,1.56933,1.56982,1.13,1.47
2011.06.22 13:58:25.072,1.56934,1.56985,1.13,2.97
2011.06.22 13:58:26.141,1.56933,1.56984,1.13,1.04
2011.06.22 13:58:26.961,1.56934,1.56984,1.50,1.09
2011.06.22 13:58:27.403,1.56933,1.56985,1.13,2.97
2011.06.22 13:58:27.734,1.56938,1.56985,2.25,1.13
2011.06.22 13:58:28.791,1.56938,1.56987,2.25,2.58
2011.06.22 13:58:29.572,1.56939,1.56986,1.50,2.58
2011.06.22 13:58:29.683,1.56939,1.56986,1.88,1.83
2011.06.22 13:58:30.235,1.56934,1.56991,2.25,1.50
2011.06.22 13:58:30.342,1.56938,1.56991,1.50,1.50
2011.06.22 13:58:30.893,1.56939,1.56992,1.50,1.50
2011.06.22 13:58:32.101,1.56938,1.56992,3.00,1.50
2011.06.22 13:58:32.953,1.56938,1.56992,2.63,1.50
2011.06.22 13:58:34.691,1.56939,1.56991,1.13,1.50
2011.06.22 13:58:35.132,1.56933,1.56987,1.13,4.00
2011.06.22 13:58:35.243,1.56936,1.56987,1.50,1.83
2011.06.22 13:58:35.353,1.56942,1.56993,1.13,1.13
2011.06.22 13:58:35.573,1.56938,1.56993,1.13,1.13
2011.06.22 13:58:35.793,1.56942,1.56995,1.50,1.13
2011.06.22 13:58:36.342,1.56944,1.56996,1.50,3.00
2011.06.22 13:58:36.453,1.56939,1.56996,1.13,3.00
2011.06.22 13:58:36.672,1.56934,1.56991,3.38,1.88
2011.06.22 13:58:36.892,1.56934,1.56987,1.13,1.45
2011.06.22 13:58:37.454,1.56939,1.56987,1.13,1.45
2011.06.22 13:58:37.563,1.56934,1.56987,3.75,1.45
2011.06.22 13:58:37.983,1.56939,1.56987,1.13,1.45
2011.06.22 13:58:38.922,1.56934,1.56986,1.88,2.20
2011.06.22 13:58:39.047,1.56926,1.56978,1.13,1.13
2011.06.22 13:58:40.332,1.56924,1.56976,1.88,1.08
2011.06.22 13:58:41.212,1.56922,1.56976,1.13,1.13
2011.06.22 13:58:41.653,1.56922,1.56977,1.13,2.20
2011.06.22 13:58:42.246,1.56926,1.56977,1.13,2.20
2011.06.22 13:58:42.882,1.56926,1.56976,1.13,1.83
2011.06.22 13:58:44.905,1.56921,1.56976,1.13,1.50
2011.06.22 13:58:45.234,1.56924,1.56971,1.13,1.50
2011.06.22 13:58:46.172,1.56923,1.56972,3.75,1.08
2011.06.22 13:58:46.772,1.56924,1.56972,1.88,1.45
2011.06.22 13:58:47.320,1.56924,1.56976,2.63,2.20
2011.06.22 13:58:47.872,1.56924,1.56972,1.50,1.45
2011.06.22 13:58:48.861,1.56923,1.56972,3.00,1.08
2011.06.22 13:58:48.973,1.56924,1.56977,2.25,1.83
2011.06.22 13:58:49.194,1.56931,1.56982,1.88,1.13
2011.06.22 13:58:49.302,1.56926,1.56982,1.50,1.13
2011.06.22 13:58:49.412,1.56924,1.56982,1.50,1.50
2011.06.22 13:58:49.634,1.56923,1.56976,2.63,1.08
2011.06.22 13:58:49.742,1.56924,1.56977,1.13,1.45
2011.06.22 13:58:49.962,1.56924,1.56976,1.13,1.50
2011.06.22 13:58:50.182,1.56922,1.56975,1.50,1.80
2011.06.22 13:58:50.667,1.56921,1.56975,1.50,2.88
2011.06.22 13:58:50.789,1.56922,1.56976,1.13,1.83
2011.06.22 13:58:50.893,1.56921,1.56976,1.50,2.58
2011.06.22 13:58:51.113,1.56917,1.56971,1.50,1.50
2011.06.22 13:58:51.222,1.56922,1.56971,1.13,1.13
2011.06.22 13:58:51.551,1.56922,1.56976,1.13,1.88
2011.06.22 13:58:53.862,1.56925,1.56976,1.13,1.45
2011.06.22 13:58:54.486,1.56926,1.56977,1.13,1.45
2011.06.22 13:58:55.062,1.56926,1.56977,1.13,1.45
2011.06.22 13:58:55.173,1.56927,1.56977,1.50,1.08
2011.06.22 13:58:55.391,1.56929,1.56984,1.50,1.08
2011.06.22 13:58:56.304,1.56933,1.56979,1.50,1.13
2011.06.22 13:58:56.414,1.56924,1.56979,1.13,1.13
2011.06.22 13:58:56.525,1.5693,1.56981,1.13,1.13
2011.06.22 13:58:57.072,1.56927,1.56981,1.50,1.13
2011.06.22 13:58:58.405,1.56931,1.56983,1.13,1.13
2011.06.22 13:58:59.164,1.56931,1.56983,1.13,1.13
2011.06.22 13:59:00.652,1.56927,1.56983,1.13,1.88
2011.06.22 13:59:01.192,1.56931,1.56983,1.13,1.13
2011.06.22 13:59:05.594,1.56932,1.56985,1.13,1.13
2011.06.22 13:59:05.814,1.56926,1.56976,1.13,1.13
2011.06.22 13:59:06.252,1.56918,1.56973,1.50,1.13
2011.06.22 13:59:06.363,1.56914,1.56957,1.43,1.50
2011.06.22 13:59:06.474,1.569,1.56953,1.13,1.50
2011.06.22 13:59:06.584,1.569,1.56949,1.13,1.13
2011.06.22 13:59:07.345,1.56902,1.56947,1.13,1.08
2011.06.22 13:59:08.001,1.56902,1.56947,1.13,1.08
2011.06.22 13:59:08.222,1.56902,1.56946,1.13,1.08
2011.06.22 13:59:08.863,1.56901,1.56947,1.13,1.08
2011.06.22 13:59:09.411,1.56902,1.56947,1.13,1.08
2011.06.22 13:59:09.891,1.56898,1.56947,1.13,1.45
2011.06.22 13:59:10.111,1.56899,1.56946,1.50,1.45
2011.06.22 13:59:10.441,1.56892,1.56946,1.13,1.50
2011.06.22 13:59:11.084,1.56901,1.56947,1.13,1.83
2011.06.22 13:59:11.192,1.56901,1.56947,1.13,1.83
2011.06.22 13:59:11.442,1.56901,1.56957,1.13,3.33
2011.06.22 13:59:11.663,1.56901,1.56956,1.13,1.88
2011.06.22 13:59:11.772,1.56903,1.56957,1.50,2.20
2011.06.22 13:59:12.353,1.56907,1.56957,1.13,1.45
2011.06.22 13:59:12.792,1.56909,1.56957,1.50,1.08
2011.06.22 13:59:13.121,1.56913,1.56957,1.50,1.08
2011.06.22 13:59:13.452,1.56914,1.56967,2.25,1.45
2011.06.22 13:59:14.443,1.56913,1.56967,3.00,1.45
2011.06.22 13:59:14.957,1.56914,1.56966,3.00,1.08
2011.06.22 13:59:15.611,1.56913,1.56967,3.00,1.45
2011.06.22 13:59:16.272,1.56914,1.56967,1.50,1.45
2011.06.22 13:59:17.513,1.56914,1.56967,1.50,1.45
2011.06.22 13:59:18.077,1.56914,1.56967,2.25,1.45
2011.06.22 13:59:18.934,1.56911,1.56957,1.13,1.08
2011.06.22 13:59:19.643,1.56914,1.56965,1.13,1.13
2011.06.22 13:59:20.251,1.56914,1.56967,1.50,2.20
2011.06.22 13:59:20.361,1.56914,1.56966,3.00,1.83
2011.06.22 13:59:20.701,1.56913,1.56967,3.00,2.20
2011.06.22 13:59:20.840,1.56913,1.56966,2.25,1.50
2011.06.22 13:59:21.063,1.56901,1.56957,1.13,2.25
2011.06.22 13:59:21.282,1.56902,1.5696,1.50,2.55
2011.06.22 13:59:21.611,1.56904,1.56962,2.25,1.13
2011.06.22 13:59:22.214,1.5691,1.56964,1.13,1.13
2011.06.22 13:59:22.761,1.56906,1.56964,1.88,1.13
2011.06.22 13:59:28.144,1.5691,1.56965,1.13,1.50
2011.06.22 13:59:28.471,1.5691,1.56966,1.50,1.50
2011.06.22 13:59:28.802,1.56914,1.56971,1.50,1.50
2011.06.22 13:59:29.374,1.56911,1.56966,1.13,2.58
2011.06.22 13:59:29.921,1.56906,1.56964,2.25,1.50
2011.06.22 13:59:30.482,1.56906,1.56966,1.50,1.50
2011.06.22 13:59:30.702,1.5691,1.56968,1.44,2.18
2011.06.22 13:59:31.922,1.5691,1.56976,2.19,2.18
2011.06.22 13:59:32.812,1.5691,1.56969,1.44,1.50
2011.06.22 13:59:33.372,1.5691,1.56972,1.44,1.50
2011.06.22 13:59:33.792,1.56912,1.56973,1.50,1.50
2011.06.22 13:59:34.013,1.56915,1.56976,1.50,2.18
2011.06.22 13:59:35.292,1.56912,1.56973,1.50,1.50
2011.06.22 13:59:35.842,1.56915,1.56976,1.50,2.18
2011.06.22 13:59:36.803,1.56915,1.56973,1.50,1.50
2011.06.22 13:59:37.479,1.56915,1.56976,1.50,2.18
2011.06.22 13:59:37.812,1.56912,1.56973,1.50,1.50
2011.06.22 13:59:38.582,1.5691,1.56968,1.50,2.18
2011.06.22 13:59:39.158,1.56906,1.56968,1.50,2.18
2011.06.22 13:59:39.492,1.56906,1.56968,1.50,1.43
2011.06.22 13:59:39.602,1.56906,1.56975,2.93,2.18
2011.06.22 13:59:40.662,1.56906,1.56974,2.93,1.50
2011.06.22 13:59:41.101,1.56911,1.56974,1.50,1.50
2011.06.22 13:59:41.431,1.56904,1.56973,2.18,2.18
2011.06.22 13:59:41.541,1.56906,1.56973,1.50,1.43
2011.06.22 13:59:41.652,1.56904,1.56973,2.18,2.18
2011.06.22 13:59:43.131,1.56906,1.56971,1.50,1.50
2011.06.22 13:59:44.886,1.56906,1.56969,1.50,1.50
2011.06.22 13:59:45.908,1.56909,1.56971,1.50,2.18
2011.06.22 13:59:46.242,1.56911,1.56971,1.50,1.43
2011.06.22 13:59:46.572,1.56909,1.5697,1.43,1.13
2011.06.22 13:59:46.682,1.56899,1.56957,1.50,1.43
2011.06.22 13:59:46.791,1.56899,1.56959,1.50,2.18
2011.06.22 13:59:47.160,1.56902,1.56963,1.50,2.18
2011.06.22 13:59:47.490,1.56906,1.56969,1.50,1.50
2011.06.22 13:59:48.045,1.56906,1.56969,1.50,1.50
2011.06.22 13:59:48.150,1.56906,1.56971,1.50,2.18
2011.06.22 13:59:48.370,1.56911,1.56971,1.50,1.43
2011.06.22 13:59:48.480,1.56911,1.56975,1.50,1.13
2011.06.22 13:59:49.360,1.56911,1.56977,1.50,2.18
2011.06.22 13:59:50.133,1.56911,1.56977,1.50,2.18
2011.06.22 13:59:50.802,1.56911,1.56968,1.50,1.43
2011.06.22 13:59:50.911,1.56911,1.56968,1.50,1.43
2011.06.22 13:59:51.770,1.56909,1.56968,1.50,1.43
2011.06.22 13:59:51.879,1.56909,1.56968,1.50,1.43
2011.06.22 13:59:52.461,1.56909,1.56969,1.50,2.18
2011.06.22 13:59:53.021,1.56905,1.56968,1.50,2.18
2011.06.22 13:59:53.503,1.56908,1.56968,1.50,2.18
2011.06.22 13:59:53.618,1.56905,1.56968,1.50,2.18
2011.06.22 13:59:54.169,1.56905,1.56968,1.50,2.18
2011.06.22 13:59:54.500,1.5691,1.56968,1.50,1.43
2011.06.22 13:59:55.110,1.56908,1.56968,1.50,2.18
2011.06.22 13:59:55.549,1.56908,1.56964,1.50,1.43
2011.06.22 13:59:55.879,1.56908,1.56968,1.50,2.18
2011.06.22 13:59:56.210,1.56907,1.56966,1.50,1.43
2011.06.22 13:59:56.891,1.56909,1.56968,1.50,1.43
2011.06.22 13:59:57.000,1.56912,1.56968,1.50,1.43
2011.06.22 13:59:57.109,1.56914,1.56983,2.18,2.18
2011.06.22 13:59:57.979,1.56916,1.56983,1.50,1.43
2011.06.22 13:59:58.090,1.56924,1.56992,2.18,2.18
2011.06.22 13:59:58.419,1.56922,1.56986,1.50,1.43
2011.06.22 13:59:58.530,1.56923,1.56991,2.18,2.18
