2013.06.03 02:00:03.250,1.57733,1.57774,1.69,1.69
2013.06.03 02:00:03.768,1.57736,1.57774,1.13,1.69
2013.06.03 02:00:05.018,1.57736,1.57774,1.13,1.69
2013.06.03 02:00:15.108,1.57736,1.57777,1.13,1.92
2013.06.03 02:00:17.546,1.57736,1.57778,1.13,1.92
2013.06.03 02:00:19.047,1.57738,1.57778,1.13,1.92
2013.06.03 02:00:20.236,1.57736,1.57778,1.69,1.92
2013.06.03 02:00:28.016,1.57739,1.57779,1.13,2.63
2013.06.03 02:00:28.737,1.57739,1.57779,1.13,2.63
2013.06.03 02:00:31.798,1.57739,1.57779,1.13,1.13
2013.06.03 02:00:32.687,1.57739,1.57778,1.13,1.17
2013.06.03 02:00:37.978,1.57739,1.57778,1.13,1.17
2013.06.03 02:00:40.375,1.57739,1.57778,1.13,1.35
2013.06.03 02:00:45.627,1.57739,1.57778,1.13,1.35
2013.06.03 02:00:48.236,1.57739,1.57778,1.13,1.35
2013.06.03 02:00:52.016,1.57738,1.57778,1.13,1.35
2013.06.03 02:00:55.267,1.57738,1.57778,1.13,1.35
2013.06.03 02:01:02.926,1.57735,1.57779,1.32,1.69
2013.06.03 02:01:06.935,1.57737,1.57781,1.50,1.69
2013.06.03 02:01:08.940,1.57737,1.5778,1.13,1.17
2013.06.03 02:01:09.057,1.57736,1.57776,1.69,1.17
2013.06.03 02:01:10.796,1.57736,1.5778,1.13,2.44
2013.06.03 02:01:10.977,1.57742,1.57786,1.13,2.44
2013.06.03 02:01:11.217,1.57741,1.57783,1.13,1.17
2013.06.03 02:01:11.397,1.57738,1.57778,1.69,1.17
2013.06.03 02:01:11.576,1.57734,1.57777,1.13,2.07
2013.06.03 02:01:11.637,1.57733,1.57776,1.13,1.69
2013.06.03 02:01:12.006,1.57736,1.57779,1.32,1.69
2013.06.03 02:01:12.066,1.57736,1.57781,1.69,2.82
2013.06.03 02:01:12.606,1.5774,1.5778,1.50,1.32
2013.06.03 02:01:14.826,1.5774,1.5778,1.69,1.32
2013.06.03 02:01:14.946,1.57741,1.5778,1.69,1.32
2013.06.03 02:01:20.376,1.57741,1.5778,1.69,1.32
2013.06.03 02:01:21.986,1.57742,1.57782,1.69,1.13
2013.06.03 02:01:22.887,1.57742,1.57781,1.69,1.02
2013.06.03 02:01:23.786,1.57742,1.5778,1.69,1.02
2013.06.03 02:01:24.219,1.57746,1.57784,1.69,1.32
2013.06.03 02:01:24.278,1.57746,1.57786,1.69,2.07
2013.06.03 02:01:24.458,1.57749,1.57789,1.69,1.69
2013.06.03 02:01:24.517,1.57752,1.57793,1.13,1.69
2013.06.03 02:01:24.637,1.57758,1.57801,1.13,1.69
2013.06.03 02:01:24.756,1.57763,1.57803,1.13,1.69
2013.06.03 02:01:26.436,1.57762,1.57805,1.32,2.44
2013.06.03 02:01:27.157,1.57762,1.57804,1.32,2.44
2013.06.03 02:01:27.940,1.57762,1.57803,1.32,1.32
2013.06.03 02:01:28.936,1.57758,1.57803,1.32,1.32
2013.06.03 02:01:32.931,1.57761,1.57802,1.13,1.32
2013.06.03 02:01:33.773,1.5776,1.57803,2.07,1.32
2013.06.03 02:01:34.398,1.57761,1.57802,1.13,1.32
2013.06.03 02:01:35.127,1.57761,1.57803,1.32,1.32
2013.06.03 02:01:40.327,1.5776,1.578,1.32,1.32
2013.06.03 02:01:45.758,1.5776,1.578,1.13,1.32
2013.06.03 02:01:46.866,1.5776,1.578,1.32,1.32
2013.06.03 02:01:49.969,1.5776,1.578,1.32,1.32
2013.06.03 02:01:53.828,1.57757,1.57798,2.07,1.02
2013.06.03 02:01:54.898,1.57756,1.57795,2.82,1.13
2013.06.03 02:01:55.368,1.57756,1.57795,2.07,1.32
2013.06.03 02:01:57.561,1.57754,1.57795,1.32,1.32
2013.06.03 02:01:57.746,1.5776,1.57802,1.13,1.69
2013.06.03 02:01:58.558,1.5776,1.57802,1.13,1.69
2013.06.03 02:01:58.737,1.57759,1.57802,1.32,1.69
2013.06.03 02:02:00.553,1.57756,1.57802,1.50,2.44
2013.06.03 02:02:01.876,1.5776,1.57801,1.39,1.32
2013.06.03 02:02:02.177,1.57762,1.57801,1.13,1.32
2013.06.03 02:02:02.497,1.57765,1.57804,2.63,1.32
2013.06.03 02:02:02.616,1.57766,1.57809,1.32,1.69
2013.06.03 02:02:02.736,1.57771,1.57811,1.50,1.32
2013.06.03 02:02:02.856,1.57771,1.57814,1.69,1.69
2013.06.03 02:02:04.686,1.57771,1.57814,2.44,1.69
2013.06.03 02:02:06.407,1.57773,1.57814,1.88,2.07
2013.06.03 02:02:06.708,1.57779,1.57814,1.50,1.32
2013.06.03 02:02:07.089,1.57779,1.57819,1.88,1.69
2013.06.03 02:02:07.268,1.57775,1.57816,1.13,1.69
2013.06.03 02:02:08.076,1.57775,1.57817,1.50,1.69
2013.06.03 02:02:08.237,1.57775,1.57818,1.50,2.44
2013.06.03 02:02:11.956,1.57769,1.57818,1.50,2.44
2013.06.03 02:02:12.497,1.5777,1.57817,1.50,1.69
2013.06.03 02:02:14.396,1.5777,1.57814,1.50,1.17
2013.06.03 02:02:14.462,1.57771,1.57811,1.32,1.17
2013.06.03 02:02:14.527,1.57771,1.57811,1.32,1.17
2013.06.03 02:02:14.586,1.57771,1.57809,1.13,1.17
2013.06.03 02:02:14.827,1.57763,1.5781,1.69,2.07
2013.06.03 02:02:14.947,1.57762,1.57805,1.69,1.13
2013.06.03 02:02:15.293,1.5776,1.57805,2.44,1.88
2013.06.03 02:02:17.157,1.5776,1.57805,1.69,1.88
2013.06.03 02:02:17.656,1.57755,1.57802,2.07,1.69
2013.06.03 02:02:19.116,1.57753,1.57798,1.69,1.69
2013.06.03 02:02:20.147,1.5776,1.57802,1.13,1.69
2013.06.03 02:02:23.479,1.57757,1.57803,3.15,1.69
2013.06.03 02:02:23.708,1.57759,1.57799,1.50,1.69
2013.06.03 02:02:24.127,1.57757,1.57798,1.13,2.44
2013.06.03 02:02:24.247,1.57752,1.57798,1.69,1.69
2013.06.03 02:02:24.418,1.57749,1.57793,1.13,1.02
2013.06.03 02:02:24.697,1.57748,1.57793,1.13,1.77
2013.06.03 02:02:24.757,1.57744,1.57787,1.32,1.69
2013.06.03 02:02:24.947,1.57744,1.57788,1.32,1.69
2013.06.03 02:02:25.486,1.57744,1.57788,1.13,1.69
2013.06.03 02:02:28.036,1.57742,1.57788,1.13,1.69
2013.06.03 02:02:28.787,1.5774,1.57783,1.50,1.69
2013.06.03 02:02:29.167,1.57735,1.57776,1.13,1.69
2013.06.03 02:02:30.288,1.57735,1.57777,1.69,1.69
2013.06.03 02:02:30.417,1.57733,1.57777,2.82,1.69
2013.06.03 02:02:35.217,1.57731,1.57774,1.69,1.92
2013.06.03 02:02:35.277,1.57728,1.57772,1.13,1.17
2013.06.03 02:02:35.397,1.57728,1.57772,1.50,1.69
2013.06.03 02:02:35.698,1.57727,1.57768,2.63,1.50
2013.06.03 02:02:42.326,1.57728,1.57771,1.13,1.32
2013.06.03 02:02:44.120,1.57728,1.57771,1.13,1.32
2013.06.03 02:02:47.858,1.57728,1.57773,1.88,1.32
2013.06.03 02:02:50.466,1.5773,1.57773,1.69,1.32
2013.06.03 02:02:51.537,1.57732,1.57774,1.13,1.32
2013.06.03 02:02:53.437,1.5773,1.57771,1.32,1.69
2013.06.03 02:02:53.976,1.57729,1.57774,2.63,1.32
2013.06.03 02:02:54.617,1.5773,1.57776,1.69,2.07
2013.06.03 02:02:55.047,1.57738,1.57776,1.13,2.44
2013.06.03 02:03:02.469,1.57737,1.57776,1.32,1.02
2013.06.03 02:03:02.526,1.57737,1.57778,1.32,1.77
2013.06.03 02:03:03.046,1.57738,1.57782,1.69,1.28
2013.06.03 02:03:03.777,1.5774,1.57782,1.13,2.03
2013.06.03 02:03:04.386,1.57743,1.57782,1.32,1.28
2013.06.03 02:03:04.506,1.57744,1.57782,1.13,1.28
2013.06.03 02:03:04.846,1.57747,1.57782,1.13,1.28
2013.06.03 02:03:10.617,1.57748,1.57782,1.13,2.22
2013.06.03 02:03:11.616,1.57748,1.57782,1.13,1.47
2013.06.03 02:03:13.676,1.57748,1.57779,1.13,1.13
2013.06.03 02:03:14.807,1.57748,1.57782,1.13,1.47
2013.06.03 02:03:15.186,1.5775,1.57785,1.13,1.69
2013.06.03 02:03:15.486,1.57749,1.57788,1.13,3.19
2013.06.03 02:03:15.620,1.57749,1.57788,1.13,3.19
2013.06.03 02:03:20.434,1.57753,1.57789,1.13,1.69
2013.06.03 02:03:22.128,1.57753,1.57788,1.13,1.69
2013.06.03 02:03:22.877,1.57749,1.57788,1.13,1.02
2013.06.03 02:03:23.177,1.57744,1.57788,1.13,2.52
2013.06.03 02:03:23.699,1.57746,1.57788,1.32,1.02
2013.06.03 02:03:28.320,1.57747,1.57788,1.13,2.52
2013.06.03 02:03:28.499,1.57747,1.57788,1.13,1.02
2013.06.03 02:03:28.558,1.57749,1.57788,1.13,1.69
2013.06.03 02:03:28.798,1.57746,1.57791,2.25,1.69
2013.06.03 02:03:28.917,1.57747,1.57793,2.07,1.69
2013.06.03 02:03:29.467,1.57752,1.57796,1.58,1.02
2013.06.03 02:03:29.947,1.57757,1.578,1.13,1.69
2013.06.03 02:03:30.266,1.57759,1.57803,1.69,1.69
2013.06.03 02:03:30.824,1.5776,1.578,1.32,1.13
2013.06.03 02:03:31.566,1.57763,1.57801,1.32,1.13
2013.06.03 02:03:32.174,1.57767,1.57801,1.13,1.13
2013.06.03 02:03:33.132,1.57767,1.57801,1.13,1.13
2013.06.03 02:03:41.677,1.57768,1.57801,1.13,1.13
2013.06.03 02:03:44.668,1.57768,1.57806,1.13,1.13
2013.06.03 02:03:44.790,1.57768,1.57809,1.32,1.13
2013.06.03 02:03:45.067,1.57769,1.57809,1.13,1.13
2013.06.03 02:03:45.658,1.57773,1.57806,1.13,1.13
2013.06.03 02:03:48.218,1.57773,1.57817,1.32,1.69
2013.06.03 02:03:48.976,1.57776,1.57814,1.32,1.69
2013.06.03 02:03:49.289,1.57779,1.57814,1.13,1.69
2013.06.03 02:03:49.347,1.57777,1.57814,1.13,1.69
2013.06.03 02:03:49.407,1.57776,1.57814,1.32,1.69
2013.06.03 02:03:49.467,1.57776,1.57814,1.32,1.69
2013.06.03 02:03:50.547,1.57781,1.57814,1.13,1.69
2013.06.03 02:03:52.811,1.57781,1.57814,1.13,1.69
2013.06.03 02:03:53.057,1.57784,1.57818,1.13,1.69
2013.06.03 02:03:53.416,1.57777,1.57818,1.32,1.69
2013.06.03 02:03:54.727,1.57777,1.5782,1.32,1.69
2013.06.03 02:03:59.333,1.57777,1.5782,1.32,2.44
2013.06.03 02:04:00.467,1.57777,1.57816,1.32,1.69
2013.06.03 02:04:03.367,1.57772,1.57812,1.32,1.88
2013.06.03 02:04:03.486,1.5777,1.57812,1.32,2.63
2013.06.03 02:04:03.957,1.57766,1.57808,1.32,1.34
2013.06.03 02:04:04.517,1.57766,1.57806,1.32,1.13
2013.06.03 02:04:05.688,1.57766,1.57806,1.32,1.13
2013.06.03 02:04:06.539,1.57757,1.57799,1.32,1.88
2013.06.03 02:04:06.896,1.57756,1.57798,1.32,2.10
2013.06.03 02:04:07.017,1.57752,1.57796,3.19,1.13
2013.06.03 02:04:08.009,1.57757,1.57796,1.32,1.13
2013.06.03 02:04:08.337,1.57761,1.57796,1.13,1.13
2013.06.03 02:04:09.137,1.57761,1.57796,1.13,1.13
2013.06.03 02:04:10.518,1.57761,1.57796,1.13,1.13
2013.06.03 02:04:14.586,1.5776,1.57798,1.13,1.13
2013.06.03 02:04:14.709,1.57762,1.57798,1.13,1.13
2013.06.03 02:04:16.052,1.57766,1.57798,1.13,1.13
2013.06.03 02:04:17.448,1.57766,1.578,1.13,1.88
2013.06.03 02:04:20.457,1.57766,1.578,1.13,1.13
2013.06.03 02:04:26.412,1.57766,1.578,1.13,1.13
2013.06.03 02:04:27.797,1.57767,1.578,1.13,1.13
2013.06.03 02:04:28.346,1.57768,1.57801,1.13,1.13
2013.06.03 02:04:30.027,1.57768,1.57801,1.13,1.88
2013.06.03 02:04:32.052,1.57766,1.578,1.13,1.13
2013.06.03 02:04:32.117,1.57764,1.578,1.13,1.13
2013.06.03 02:04:36.158,1.57764,1.57801,1.13,1.13
2013.06.03 02:04:36.698,1.57759,1.57798,1.32,1.69
2013.06.03 02:04:36.817,1.57759,1.57798,1.32,1.69
2013.06.03 02:04:37.367,1.5776,1.57798,1.32,1.50
2013.06.03 02:04:37.428,1.57763,1.57804,1.32,1.69
2013.06.03 02:04:37.668,1.57766,1.57804,1.13,1.69
2013.06.03 02:04:37.969,1.57758,1.578,1.13,1.09
2013.06.03 02:04:38.541,1.57761,1.578,1.32,1.69
2013.06.03 02:04:40.511,1.57761,1.578,1.13,1.69
2013.06.03 02:04:40.957,1.57765,1.578,1.13,1.69
2013.06.03 02:04:41.199,1.57761,1.57801,1.13,1.69
2013.06.03 02:04:41.378,1.57762,1.57801,1.13,1.69
2013.06.03 02:04:41.699,1.57766,1.57801,1.13,1.69
2013.06.03 02:04:42.027,1.57763,1.57801,1.13,1.69
2013.06.03 02:04:42.206,1.57765,1.57801,1.13,1.69
2013.06.03 02:04:42.507,1.57767,1.57803,1.13,1.69
2013.06.03 02:04:43.156,1.57767,1.57804,1.13,1.69
2013.06.03 02:04:46.649,1.57767,1.57805,1.13,1.69
2013.06.03 02:04:46.777,1.57759,1.57802,1.32,1.69
2013.06.03 02:04:46.837,1.57759,1.57802,1.32,1.69
2013.06.03 02:04:48.024,1.57754,1.57797,2.07,1.69
2013.06.03 02:04:48.347,1.57762,1.57797,1.13,1.69
2013.06.03 02:04:50.462,1.57762,1.57797,1.13,1.69
2013.06.03 02:04:52.006,1.57763,1.57799,1.13,1.69
2013.06.03 02:04:52.517,1.57762,1.57802,2.25,1.13
2013.06.03 02:04:52.758,1.57767,1.57811,1.69,1.69
2013.06.03 02:04:52.959,1.57771,1.57812,1.50,1.13
2013.06.03 02:04:53.077,1.57771,1.57817,1.69,1.13
2013.06.03 02:04:54.387,1.57776,1.57819,1.69,1.13
2013.06.03 02:04:54.697,1.5778,1.57819,1.50,1.13
2013.06.03 02:04:54.956,1.5778,1.57824,1.69,1.13
2013.06.03 02:04:56.548,1.57781,1.57824,2.07,1.13
2013.06.03 02:04:57.258,1.57788,1.57824,1.13,1.88
2013.06.03 02:04:59.379,1.57786,1.57824,1.13,1.69
2013.06.03 02:05:00.036,1.57788,1.57824,1.13,1.69
2013.06.03 02:05:00.396,1.57792,1.57824,1.13,1.69
2013.06.03 02:05:00.985,1.57792,1.57825,1.13,1.69
2013.06.03 02:05:07.988,1.57789,1.57827,1.13,2.44
2013.06.03 02:05:08.467,1.57788,1.57825,1.13,1.69
2013.06.03 02:05:08.680,1.57788,1.5782,1.13,1.50
2013.06.03 02:05:09.076,1.57782,1.5782,1.13,2.44
2013.06.03 02:05:09.140,1.57773,1.57814,1.69,1.02
2013.06.03 02:05:09.207,1.57768,1.57811,1.32,1.69
2013.06.03 02:05:09.687,1.57762,1.57806,1.69,1.69
2013.06.03 02:05:09.747,1.5776,1.57806,1.69,1.69
2013.06.03 02:05:10.107,1.57755,1.57801,1.69,1.69
2013.06.03 02:05:11.308,1.57756,1.57801,1.32,1.69
2013.06.03 02:05:12.048,1.57762,1.57801,1.13,2.44
2013.06.03 02:05:12.496,1.57767,1.57801,1.13,1.69
2013.06.03 02:05:20.015,1.57767,1.57801,1.13,1.69
2013.06.03 02:05:22.237,1.57767,1.57801,1.13,1.69
2013.06.03 02:05:26.587,1.57767,1.57797,1.13,1.69
2013.06.03 02:05:28.067,1.57767,1.57798,1.13,1.69
2013.06.03 02:05:29.196,1.57767,1.578,1.13,1.69
2013.06.03 02:05:29.706,1.57766,1.57804,1.13,1.88
2013.06.03 02:05:30.164,1.57767,1.57812,2.07,1.69
2013.06.03 02:05:30.407,1.57769,1.57814,2.67,1.69
2013.06.03 02:05:30.647,1.57773,1.57817,1.69,2.44
2013.06.03 02:05:30.710,1.57777,1.5782,1.50,2.44
2013.06.03 02:05:30.947,1.57777,1.5782,1.69,1.69
2013.06.03 02:05:32.718,1.57782,1.57825,1.32,1.69
2013.06.03 02:05:33.396,1.57783,1.57825,1.13,1.69
2013.06.03 02:05:33.776,1.57786,1.57825,1.13,1.69
2013.06.03 02:05:34.418,1.57789,1.57826,1.13,1.69
2013.06.03 02:05:34.479,1.57786,1.57827,1.32,1.69
2013.06.03 02:05:34.957,1.57781,1.57822,2.07,1.69
2013.06.03 02:05:35.469,1.57786,1.57823,1.32,1.69
2013.06.03 02:05:35.797,1.57786,1.57823,1.13,2.44
2013.06.03 02:05:37.877,1.57786,1.57823,1.13,1.69
2013.06.03 02:05:38.988,1.57785,1.57819,1.13,1.69
2013.06.03 02:05:39.287,1.57779,1.57818,1.69,1.69
2013.06.03 02:05:39.467,1.57779,1.57818,1.13,1.69
2013.06.03 02:05:39.527,1.57775,1.57819,1.69,1.69
2013.06.03 02:05:40.269,1.57777,1.57818,1.32,1.69
2013.06.03 02:05:40.567,1.57782,1.57818,1.13,1.69
2013.06.03 02:05:43.488,1.57783,1.57818,1.13,1.69
2013.06.03 02:05:44.018,1.57784,1.57819,1.13,1.69
2013.06.03 02:05:49.427,1.57781,1.57818,1.32,1.02
2013.06.03 02:05:56.346,1.57778,1.57818,1.13,1.02
2013.06.03 02:05:58.332,1.57778,1.57818,1.13,1.77
2013.06.03 02:05:58.867,1.57778,1.57814,1.13,1.69
2013.06.03 02:05:58.987,1.5777,1.57814,1.32,1.69
2013.06.03 02:05:59.527,1.57776,1.57812,1.13,1.13
2013.06.03 02:05:59.828,1.57768,1.57808,1.32,1.50
2013.06.03 02:05:59.887,1.57767,1.57808,2.07,1.69
2013.06.03 02:06:00.007,1.57767,1.57807,1.32,1.50
2013.06.03 02:06:00.541,1.57773,1.57807,1.32,1.50
2013.06.03 02:06:05.410,1.57767,1.57805,1.32,1.50
2013.06.03 02:06:05.527,1.57761,1.57796,1.69,1.13
2013.06.03 02:06:05.948,1.57759,1.57798,1.69,1.13
2013.06.03 02:06:06.188,1.57756,1.578,1.69,2.07
2013.06.03 02:06:06.488,1.57757,1.57794,2.44,1.13
2013.06.03 02:06:06.788,1.57751,1.57795,1.13,2.07
2013.06.03 02:06:07.328,1.57749,1.57792,1.69,1.69
2013.06.03 02:06:07.508,1.57743,1.5779,2.63,1.69
2013.06.03 02:06:07.687,1.57743,1.57785,1.88,1.69
2013.06.03 02:06:07.991,1.5773,1.57778,1.88,1.50
2013.06.03 02:06:08.807,1.57733,1.57778,1.69,2.44
2013.06.03 02:06:09.308,1.57733,1.57777,1.69,1.69
2013.06.03 02:06:10.188,1.57733,1.57771,1.69,1.13
2013.06.03 02:06:10.552,1.57734,1.57767,1.69,1.13
2013.06.03 02:06:13.899,1.57738,1.57767,1.69,1.13
2013.06.03 02:06:14.317,1.57738,1.57774,1.69,1.13
2013.06.03 02:06:14.447,1.57738,1.57773,1.69,1.13
2013.06.03 02:06:15.007,1.57738,1.5777,1.69,1.13
2013.06.03 02:06:16.217,1.57738,1.57769,1.69,1.13
2013.06.03 02:06:16.457,1.57731,1.57767,1.69,1.13
2013.06.03 02:06:16.717,1.57728,1.5777,1.69,1.50
2013.06.03 02:06:17.687,1.57728,1.57764,1.69,1.50
2013.06.03 02:06:18.317,1.57729,1.57762,1.69,1.13
2013.06.03 02:06:18.935,1.57729,1.57757,1.69,1.13
2013.06.03 02:06:20.137,1.57723,1.57767,2.44,1.61
2013.06.03 02:06:20.317,1.57718,1.57764,1.69,1.50
2013.06.03 02:06:20.437,1.57724,1.57764,1.50,1.50
2013.06.03 02:06:20.798,1.5773,1.57767,1.50,1.32
2013.06.03 02:06:20.857,1.57732,1.57767,1.50,1.69
2013.06.03 02:06:21.037,1.57732,1.57771,1.50,1.32
2013.06.03 02:06:21.237,1.57727,1.57772,1.69,2.07
2013.06.03 02:06:22.527,1.57727,1.57769,1.69,1.32
2013.06.03 02:06:23.027,1.57727,1.57765,1.69,1.13
2013.06.03 02:06:23.777,1.57727,1.57765,1.69,1.13
2013.06.03 02:06:26.692,1.57727,1.57765,2.44,1.13
2013.06.03 02:06:27.157,1.57729,1.57774,2.34,1.32
2013.06.03 02:06:27.277,1.57733,1.57774,1.88,1.32
2013.06.03 02:06:27.337,1.57734,1.57776,1.13,1.32
2013.06.03 02:06:27.637,1.57737,1.57778,1.13,1.32
2013.06.03 02:06:28.179,1.57733,1.5777,1.13,1.13
2013.06.03 02:06:29.176,1.57733,1.57769,1.13,1.13
2013.06.03 02:06:30.557,1.57734,1.57769,1.13,1.13
2013.06.03 02:06:31.858,1.57735,1.57769,1.13,1.13
2013.06.03 02:06:32.407,1.57736,1.57769,1.13,1.13
2013.06.03 02:06:40.574,1.57736,1.57769,1.88,1.13
2013.06.03 02:06:42.937,1.57736,1.57769,1.13,1.13
2013.06.03 02:06:42.998,1.57735,1.57773,1.13,1.13
2013.06.03 02:06:43.607,1.57735,1.57769,1.13,1.13
2013.06.03 02:06:44.058,1.57736,1.57771,1.13,1.13
2013.06.03 02:06:44.418,1.57738,1.57778,1.69,1.13
2013.06.03 02:06:44.538,1.57738,1.57777,1.69,1.13
2013.06.03 02:06:44.857,1.57737,1.57774,1.69,1.13
2013.06.03 02:06:45.178,1.57741,1.57782,1.88,1.32
2013.06.03 02:06:45.237,1.57743,1.57782,1.13,1.69
2013.06.03 02:06:45.418,1.57746,1.57782,1.13,1.50
2013.06.03 02:06:45.478,1.57748,1.57793,1.13,2.44
2013.06.03 02:06:45.717,1.57755,1.57798,1.13,1.32
2013.06.03 02:06:45.967,1.57754,1.57798,1.13,1.69
2013.06.03 02:06:46.498,1.57755,1.57792,1.13,1.13
2013.06.03 02:06:46.857,1.57756,1.57796,1.50,1.13
2013.06.03 02:06:46.917,1.57756,1.57796,1.50,1.13
2013.06.03 02:06:46.977,1.57759,1.57796,1.13,1.13
2013.06.03 02:06:47.277,1.57758,1.57797,1.13,2.07
2013.06.03 02:06:47.457,1.57756,1.57796,2.44,2.24
2013.06.03 02:06:47.817,1.57759,1.57797,1.69,1.69
2013.06.03 02:06:47.877,1.57759,1.57797,1.69,1.32
2013.06.03 02:06:47.937,1.57759,1.57804,1.69,2.82
2013.06.03 02:06:47.997,1.57759,1.57804,1.69,2.07
2013.06.03 02:06:48.177,1.57759,1.57806,1.69,1.32
2013.06.03 02:06:48.893,1.57764,1.57803,1.69,1.32
2013.06.03 02:06:49.197,1.57763,1.57799,1.69,1.13
2013.06.03 02:06:49.589,1.57763,1.57793,1.69,1.13
2013.06.03 02:06:52.898,1.57763,1.57797,1.69,1.13
2013.06.03 02:06:53.257,1.57765,1.57805,1.13,1.32
2013.06.03 02:06:53.378,1.57766,1.57799,1.13,1.13
2013.06.03 02:06:53.736,1.57768,1.57804,1.13,1.32
2013.06.03 02:06:53.927,1.57768,1.57803,1.13,1.32
2013.06.03 02:06:54.399,1.57768,1.578,1.13,1.13
2013.06.03 02:06:57.237,1.57769,1.578,1.13,1.13
2013.06.03 02:06:58.017,1.57765,1.578,1.13,1.13
2013.06.03 02:06:59.098,1.57767,1.578,1.13,1.13
2013.06.03 02:06:59.606,1.57767,1.57799,1.13,1.13
2013.06.03 02:07:11.977,1.57765,1.578,1.13,1.13
2013.06.03 02:07:12.157,1.57764,1.578,1.13,1.13
2013.06.03 02:07:12.217,1.57764,1.578,1.13,1.13
2013.06.03 02:07:12.708,1.57755,1.578,1.13,2.44
2013.06.03 02:07:13.008,1.57751,1.57797,1.13,1.69
2013.06.03 02:07:13.127,1.57745,1.5779,1.32,1.69
2013.06.03 02:07:13.307,1.57743,1.57788,1.69,1.69
2013.06.03 02:07:13.747,1.57741,1.57788,1.13,1.69
2013.06.03 02:07:14.397,1.57742,1.57782,1.13,1.50
2013.06.03 02:07:16.006,1.57742,1.5778,1.13,1.13
2013.06.03 02:07:16.346,1.57742,1.57776,1.13,1.13
2013.06.03 02:07:19.125,1.57739,1.57772,1.13,1.13
2013.06.03 02:07:22.887,1.57738,1.57772,1.88,1.13
2013.06.03 02:07:28.267,1.57738,1.5777,1.13,1.13
2013.06.03 02:07:28.508,1.57731,1.57771,1.13,1.13
2013.06.03 02:07:28.627,1.57732,1.57771,1.13,1.88
2013.06.03 02:07:28.947,1.57732,1.57769,1.13,1.50
2013.06.03 02:07:29.297,1.57727,1.57764,1.13,1.50
2013.06.03 02:07:29.777,1.57722,1.57765,1.50,2.44
2013.06.03 02:07:30.026,1.57722,1.57765,1.13,2.07
2013.06.03 02:07:30.837,1.57722,1.57761,1.13,1.13
2013.06.03 02:07:31.428,1.57721,1.57758,1.69,1.13
2013.06.03 02:07:31.548,1.57715,1.57758,1.88,1.32
2013.06.03 02:07:31.668,1.57715,1.57756,1.13,1.32
2013.06.03 02:07:32.387,1.57711,1.57753,2.44,1.32
2013.06.03 02:07:32.927,1.57716,1.57753,1.13,1.32
2013.06.03 02:07:33.228,1.57722,1.57759,1.13,1.50
2013.06.03 02:07:33.287,1.57722,1.57761,1.13,1.50
2013.06.03 02:07:33.859,1.57725,1.5776,1.69,1.13
2013.06.03 02:07:34.357,1.57725,1.57757,1.69,1.13
2013.06.03 02:07:37.835,1.57725,1.57757,1.69,1.13
2013.06.03 02:07:39.467,1.57725,1.57757,1.69,1.13
2013.06.03 02:07:48.147,1.57723,1.57757,1.88,1.13
2013.06.03 02:07:48.628,1.5772,1.57757,1.69,1.13
2013.06.03 02:07:48.688,1.57721,1.57757,1.69,1.13
2013.06.03 02:07:48.927,1.57717,1.57754,1.69,1.13
2013.06.03 02:07:49.347,1.57719,1.57754,1.69,1.13
2013.06.03 02:07:49.797,1.5772,1.57754,1.69,1.13
2013.06.03 02:07:49.857,1.5772,1.57758,1.69,1.13
2013.06.03 02:07:49.917,1.5772,1.57759,2.44,1.13
2013.06.03 02:07:51.710,1.57721,1.57759,1.69,1.13
2013.06.03 02:07:55.278,1.5772,1.57759,1.69,1.13
2013.06.03 02:07:55.398,1.5772,1.57758,1.69,1.13
2013.06.03 02:07:56.014,1.57718,1.57757,1.69,1.13
2013.06.03 02:07:56.875,1.57717,1.57757,1.69,1.13
2013.06.03 02:07:58.197,1.57715,1.57757,1.69,1.32
2013.06.03 02:07:58.788,1.57713,1.57755,1.69,1.02
2013.06.03 02:07:58.848,1.57707,1.57754,2.44,1.77
2013.06.03 02:08:00.207,1.57706,1.57746,1.69,1.13
2013.06.03 02:08:00.328,1.57703,1.57746,1.69,2.07
2013.06.03 02:08:00.877,1.57699,1.57743,1.69,1.32
2013.06.03 02:08:02.299,1.57697,1.57741,1.69,1.88
2013.06.03 02:08:02.659,1.57703,1.57748,2.44,1.32
2013.06.03 02:08:02.843,1.57703,1.57745,1.02,1.50
2013.06.03 02:08:03.227,1.57705,1.57749,1.69,1.50
2013.06.03 02:08:03.557,1.57703,1.57745,2.52,1.50
2013.06.03 02:08:04.409,1.57703,1.57745,2.44,1.50
2013.06.03 02:08:04.482,1.57702,1.57745,1.69,1.50
2013.06.03 02:08:04.947,1.57699,1.57745,1.69,1.50
2013.06.03 02:08:05.067,1.57702,1.57747,1.69,1.69
2013.06.03 02:08:06.237,1.57702,1.57747,1.69,1.69
2013.06.03 02:08:11.098,1.57699,1.57742,1.69,1.50
2013.06.03 02:08:12.139,1.57699,1.57742,1.69,1.50
2013.06.03 02:08:12.317,1.57703,1.57746,1.69,1.13
2013.06.03 02:08:19.908,1.57703,1.57749,1.69,1.13
2013.06.03 02:08:26.627,1.57703,1.57749,1.69,1.13
2013.06.03 02:08:26.749,1.577,1.57749,1.02,1.13
2013.06.03 02:08:26.867,1.57698,1.57745,1.20,2.44
2013.06.03 02:08:26.928,1.57698,1.57732,1.02,1.50
2013.06.03 02:08:27.047,1.5769,1.57729,1.02,1.50
2013.06.03 02:08:27.227,1.57686,1.57729,1.02,1.69
2013.06.03 02:08:27.287,1.57687,1.57725,1.13,1.50
2013.06.03 02:08:27.588,1.57687,1.57721,1.13,1.50
2013.06.03 02:08:27.647,1.57687,1.57721,1.13,1.50
2013.06.03 02:08:27.769,1.57679,1.57718,1.88,1.50
2013.06.03 02:08:29.221,1.57679,1.57716,1.69,1.50
2013.06.03 02:08:29.524,1.57669,1.57713,1.13,1.50
2013.06.03 02:08:29.591,1.57668,1.57713,2.63,1.50
2013.06.03 02:08:29.650,1.57667,1.57713,1.13,1.69
2013.06.03 02:08:30.211,1.57666,1.57711,1.39,1.13
2013.06.03 02:08:30.283,1.57664,1.57708,1.69,1.69
2013.06.03 02:08:30.351,1.57663,1.5771,1.69,1.13
2013.06.03 02:08:31.687,1.57669,1.57712,1.02,1.13
2013.06.03 02:08:32.238,1.57673,1.57716,1.24,1.50
2013.06.03 02:08:32.727,1.57672,1.57719,1.24,1.88
2013.06.03 02:08:33.198,1.57672,1.57719,1.62,1.88
2013.06.03 02:08:33.537,1.57672,1.57718,1.62,1.69
2013.06.03 02:08:33.899,1.57669,1.57712,2.44,1.50
2013.06.03 02:08:33.957,1.57666,1.57712,2.07,1.50
2013.06.03 02:08:34.137,1.57667,1.57713,2.07,1.69
2013.06.03 02:08:34.317,1.57667,1.57713,1.88,1.13
2013.06.03 02:08:34.497,1.57668,1.57716,2.67,1.13
2013.06.03 02:08:34.558,1.57671,1.57717,1.02,1.13
2013.06.03 02:08:34.918,1.5768,1.57728,1.92,1.69
2013.06.03 02:08:38.635,1.57684,1.57731,1.13,1.69
2013.06.03 02:08:40.641,1.57687,1.57731,1.13,1.69
2013.06.03 02:08:41.517,1.57687,1.57731,1.13,1.69
2013.06.03 02:08:41.958,1.57686,1.57732,1.13,1.69
2013.06.03 02:08:45.007,1.57689,1.57732,1.13,1.69
2013.06.03 02:08:45.357,1.57689,1.57727,1.13,1.50
2013.06.03 02:08:45.678,1.57689,1.57727,1.13,1.50
2013.06.03 02:08:45.738,1.57684,1.57727,1.32,1.69
2013.06.03 02:08:46.188,1.57683,1.57728,1.13,1.69
2013.06.03 02:08:46.429,1.57683,1.5773,1.13,1.69
2013.06.03 02:08:48.720,1.57684,1.57731,1.13,1.69
2013.06.03 02:08:50.489,1.57692,1.57735,1.02,1.69
2013.06.03 02:08:50.907,1.57701,1.57741,1.17,1.69
2013.06.03 02:08:50.967,1.57701,1.5774,1.17,1.39
2013.06.03 02:08:51.147,1.57695,1.57737,1.13,1.50
2013.06.03 02:08:51.628,1.57696,1.57735,1.88,1.50
2013.06.03 02:08:51.927,1.57696,1.57743,2.48,1.69
2013.06.03 02:08:51.988,1.57696,1.57742,1.73,1.69
2013.06.03 02:08:52.587,1.57692,1.57743,2.07,2.82
2013.06.03 02:08:53.067,1.57692,1.57742,2.07,1.50
2013.06.03 02:08:53.418,1.57693,1.57737,1.32,1.13
2013.06.03 02:08:55.235,1.57693,1.57735,1.32,1.13
2013.06.03 02:08:55.478,1.57694,1.57736,1.69,1.32
2013.06.03 02:08:55.598,1.57692,1.57737,1.50,1.32
2013.06.03 02:08:56.017,1.57693,1.57734,1.02,1.13
2013.06.03 02:08:56.377,1.57693,1.57732,1.02,1.13
2013.06.03 02:08:56.817,1.57687,1.57732,1.92,1.13
2013.06.03 02:08:57.169,1.57687,1.57732,1.92,1.13
2013.06.03 02:08:57.859,1.57687,1.57729,1.92,1.13
2013.06.03 02:08:58.838,1.57687,1.57729,1.92,1.13
2013.06.03 02:09:01.877,1.57688,1.57729,1.69,1.32
2013.06.03 02:09:02.977,1.57688,1.57729,1.92,1.32
2013.06.03 02:09:05.177,1.57686,1.57729,2.44,1.32
2013.06.03 02:09:06.219,1.5769,1.57729,1.20,1.13
2013.06.03 02:09:06.457,1.5769,1.57737,1.13,1.69
2013.06.03 02:09:10.300,1.57695,1.57737,1.13,1.32
2013.06.03 02:09:11.948,1.57694,1.57739,1.50,1.32
2013.06.03 02:09:14.738,1.57697,1.57739,1.50,1.32
2013.06.03 02:09:15.157,1.57705,1.5775,1.20,1.69
2013.06.03 02:09:15.518,1.5771,1.5775,1.13,1.50
2013.06.03 02:09:15.708,1.5771,1.57753,1.13,1.69
2013.06.03 02:09:16.128,1.5771,1.57751,1.13,1.69
2013.06.03 02:09:16.248,1.57705,1.57749,1.50,1.69
2013.06.03 02:09:16.668,1.57713,1.5776,1.13,1.69
2013.06.03 02:09:16.727,1.57716,1.5776,1.35,1.69
2013.06.03 02:09:17.277,1.57718,1.57763,1.69,1.69
2013.06.03 02:09:17.398,1.57722,1.57765,1.13,1.69
2013.06.03 02:09:17.757,1.57726,1.5777,1.02,1.69
2013.06.03 02:09:17.817,1.57725,1.5777,1.13,1.69
2013.06.03 02:09:18.168,1.57725,1.57769,1.13,1.69
2013.06.03 02:09:18.351,1.57721,1.57766,1.58,1.69
2013.06.03 02:09:18.410,1.57719,1.57768,1.95,1.69
2013.06.03 02:09:18.469,1.57725,1.57772,1.20,1.69
2013.06.03 02:09:18.529,1.57732,1.57772,1.13,1.50
2013.06.03 02:09:18.767,1.57732,1.57777,1.13,1.69
2013.06.03 02:09:18.947,1.57726,1.57777,1.02,1.69
2013.06.03 02:09:19.847,1.57727,1.57773,1.20,1.69
2013.06.03 02:09:20.387,1.57728,1.57771,1.32,1.69
2013.06.03 02:09:20.638,1.57731,1.57773,1.39,1.69
2013.06.03 02:09:21.187,1.57727,1.57776,1.20,1.69
2013.06.03 02:09:21.487,1.57733,1.57782,1.32,1.13
2013.06.03 02:09:21.877,1.57733,1.57781,1.32,1.32
2013.06.03 02:09:22.445,1.57737,1.57781,1.13,1.32
2013.06.03 02:09:26.489,1.57726,1.57773,1.32,1.69
2013.06.03 02:09:26.847,1.57719,1.57765,1.20,1.69
2013.06.03 02:09:27.778,1.57719,1.57763,1.32,1.69
2013.06.03 02:09:27.897,1.57716,1.57759,1.32,1.69
2013.06.03 02:09:28.199,1.57709,1.57754,1.39,1.69
2013.06.03 02:09:28.259,1.57699,1.57744,1.13,1.02
2013.06.03 02:09:28.317,1.57695,1.57737,1.20,1.50
2013.06.03 02:09:28.558,1.57687,1.5773,1.02,1.69
2013.06.03 02:09:28.677,1.57679,1.57729,1.02,2.44
2013.06.03 02:09:28.858,1.57676,1.57725,1.88,1.69
2013.06.03 02:09:29.608,1.57672,1.57723,2.44,1.13
2013.06.03 02:09:30.640,1.57674,1.57723,2.07,1.13
2013.06.03 02:09:31.231,1.57677,1.57722,1.32,1.13
2013.06.03 02:09:31.738,1.57682,1.57722,1.32,1.13
2013.06.03 02:09:32.267,1.57687,1.57723,1.13,1.13
2013.06.03 02:09:37.627,1.57685,1.57722,1.13,1.13
2013.06.03 02:09:37.688,1.57682,1.57722,1.32,1.13
2013.06.03 02:09:38.208,1.57681,1.57723,1.69,1.13
2013.06.03 02:09:38.507,1.57681,1.57723,1.32,1.13
2013.06.03 02:09:38.898,1.57682,1.57723,1.32,1.13
2013.06.03 02:09:39.357,1.57685,1.57722,1.13,1.13
2013.06.03 02:09:39.847,1.57688,1.57723,1.13,1.13
2013.06.03 02:09:40.327,1.57686,1.57723,1.32,1.50
2013.06.03 02:09:40.858,1.57688,1.57727,1.13,1.69
2013.06.03 02:09:45.892,1.57693,1.57727,1.13,1.69
2013.06.03 02:09:50.198,1.57692,1.57726,1.13,1.69
2013.06.03 02:09:50.795,1.57692,1.57723,1.13,1.50
2013.06.03 02:09:51.120,1.57687,1.57723,1.13,1.69
2013.06.03 02:09:51.538,1.57688,1.57731,2.07,1.69
2013.06.03 02:09:51.597,1.57688,1.57731,1.69,1.69
2013.06.03 02:09:51.957,1.57692,1.57735,2.07,1.69
2013.06.03 02:09:52.317,1.577,1.57748,1.77,1.69
2013.06.03 02:09:52.377,1.57701,1.57748,1.69,1.13
2013.06.03 02:09:53.407,1.57706,1.57749,1.32,1.88
2013.06.03 02:09:53.987,1.57706,1.57749,1.32,2.44
2013.06.03 02:09:54.437,1.5771,1.57749,1.13,2.44
2013.06.03 02:09:54.767,1.57715,1.57749,1.13,2.44
2013.06.03 02:09:58.498,1.57715,1.57749,1.13,1.69
2013.06.03 02:10:11.039,1.57717,1.5775,1.13,1.69
2013.06.03 02:10:11.100,1.57719,1.5775,1.13,1.69
2013.06.03 02:10:11.219,1.57719,1.5775,1.13,2.44
2013.06.03 02:10:11.339,1.57711,1.57755,1.32,2.44
2013.06.03 02:10:11.925,1.57719,1.57757,1.13,1.69
2013.06.03 02:10:12.537,1.57718,1.57753,1.13,1.69
2013.06.03 02:10:13.407,1.57714,1.57753,1.32,1.69
2013.06.03 02:10:13.527,1.57714,1.57753,1.13,2.44
2013.06.03 02:10:13.708,1.57709,1.57748,1.32,1.69
2013.06.03 02:10:13.968,1.57705,1.57746,1.32,1.50
2013.06.03 02:10:14.328,1.57712,1.57744,1.32,1.50
2013.06.03 02:10:15.409,1.57712,1.57747,1.32,1.69
2013.06.03 02:10:15.737,1.57712,1.57747,1.13,1.69
2013.06.03 02:10:16.039,1.57714,1.57747,1.13,1.69
2013.06.03 02:10:16.229,1.57708,1.57747,1.13,1.69
2013.06.03 02:10:16.407,1.57709,1.57747,1.13,1.69
2013.06.03 02:10:16.587,1.57714,1.57748,1.13,1.69
2013.06.03 02:10:17.430,1.57714,1.57748,1.13,1.69
2013.06.03 02:10:18.849,1.57719,1.5775,1.13,1.69
2013.06.03 02:10:21.959,1.5771,1.57752,1.13,1.69
2013.06.03 02:10:22.138,1.57711,1.57752,1.13,1.69
2013.06.03 02:10:22.765,1.57718,1.57751,1.13,1.69
2013.06.03 02:10:23.023,1.57711,1.57752,1.13,1.69
2013.06.03 02:10:23.607,1.57711,1.57752,1.13,1.69
2013.06.03 02:10:23.956,1.57715,1.57751,1.13,1.69
2013.06.03 02:10:24.377,1.57717,1.5775,1.13,1.69
2013.06.03 02:10:26.827,1.57718,1.5775,1.13,1.69
2013.06.03 02:10:28.717,1.57718,1.57752,1.13,2.44
2013.06.03 02:10:29.757,1.57718,1.57745,1.13,1.50
2013.06.03 02:10:30.118,1.57708,1.57746,1.69,1.69
2013.06.03 02:10:30.178,1.57708,1.57746,1.50,1.69
2013.06.03 02:10:30.238,1.57703,1.57746,1.32,1.69
2013.06.03 02:10:30.417,1.57703,1.57746,1.32,1.69
2013.06.03 02:10:30.867,1.57703,1.57746,1.32,1.69
2013.06.03 02:10:31.248,1.57709,1.57746,1.88,1.69
2013.06.03 02:10:31.599,1.57711,1.57748,1.13,1.69
2013.06.03 02:10:32.827,1.57711,1.57748,1.13,1.69
2013.06.03 02:10:34.537,1.577,1.57745,1.32,1.13
2013.06.03 02:10:34.598,1.577,1.57745,1.69,1.13
2013.06.03 02:10:34.658,1.577,1.57745,1.32,1.13
2013.06.03 02:10:36.391,1.57709,1.57746,1.13,1.13
2013.06.03 02:10:36.508,1.57708,1.57749,1.13,1.13
2013.06.03 02:10:36.808,1.57708,1.57749,1.13,1.13
2013.06.03 02:10:37.128,1.57713,1.5775,1.13,1.47
2013.06.03 02:10:37.299,1.57713,1.5775,1.13,1.47
2013.06.03 02:10:37.431,1.57711,1.5775,1.13,1.47
2013.06.03 02:10:37.608,1.57712,1.5775,1.13,1.13
2013.06.03 02:10:37.969,1.5771,1.57743,1.13,1.13
2013.06.03 02:10:38.028,1.5771,1.57743,1.13,1.13
2013.06.03 02:10:38.149,1.57699,1.57743,1.69,1.50
2013.06.03 02:10:38.209,1.57699,1.57743,1.69,1.88
2013.06.03 02:10:38.448,1.57701,1.57743,1.69,1.13
2013.06.03 02:10:38.509,1.57701,1.57744,2.07,1.13
2013.06.03 02:10:39.178,1.57705,1.57748,1.69,1.88
2013.06.03 02:10:40.757,1.57709,1.57746,1.13,1.13
2013.06.03 02:10:41.588,1.57713,1.57747,1.13,1.13
2013.06.03 02:10:42.618,1.5771,1.57747,1.13,1.69
2013.06.03 02:10:45.497,1.57712,1.57747,1.13,1.69
2013.06.03 02:10:46.047,1.57714,1.57747,1.13,1.88
2013.06.03 02:10:48.501,1.57714,1.57747,1.13,1.13
2013.06.03 02:10:50.606,1.57714,1.57747,1.13,1.88
2013.06.03 02:10:53.220,1.57714,1.57747,1.13,1.13
2013.06.03 02:10:53.707,1.5771,1.57752,1.13,1.69
2013.06.03 02:10:53.959,1.57711,1.57754,1.32,1.69
2013.06.03 02:10:54.138,1.57715,1.57761,1.50,3.94
2013.06.03 02:10:54.696,1.57715,1.5776,1.50,1.69
2013.06.03 02:10:55.028,1.57718,1.5776,1.20,1.69
2013.06.03 02:10:55.447,1.57718,1.5776,1.13,1.69
2013.06.03 02:10:55.848,1.5772,1.5776,1.13,1.69
2013.06.03 02:10:56.405,1.57724,1.5776,1.13,1.69
2013.06.03 02:10:58.127,1.57724,1.57762,1.13,1.69
2013.06.03 02:10:59.808,1.57725,1.57763,1.13,1.13
2013.06.03 02:11:01.507,1.57725,1.57764,1.13,1.13
2013.06.03 02:11:01.591,1.57726,1.57764,1.13,1.13
2013.06.03 02:11:01.898,1.57729,1.57764,1.13,1.88
2013.06.03 02:11:07.717,1.57726,1.57762,1.13,1.69
2013.06.03 02:11:10.757,1.57718,1.57758,1.69,1.13
2013.06.03 02:11:11.405,1.57717,1.57758,1.32,1.13
2013.06.03 02:11:11.907,1.57715,1.57758,2.07,1.88
2013.06.03 02:11:11.968,1.57715,1.57756,1.32,1.13
2013.06.03 02:11:12.482,1.57718,1.57756,1.32,1.13
2013.06.03 02:11:13.048,1.57718,1.57756,1.13,1.13
2013.06.03 02:11:14.390,1.57718,1.57756,1.13,1.88
2013.06.03 02:11:19.447,1.57718,1.57756,1.13,1.20
2013.06.03 02:11:19.748,1.57711,1.57752,1.50,1.88
2013.06.03 02:11:20.048,1.57706,1.57751,1.69,1.13
2013.06.03 02:11:20.618,1.57706,1.57751,1.69,1.13
2013.06.03 02:11:21.175,1.57711,1.57752,1.32,1.13
2013.06.03 02:11:33.352,1.57711,1.57752,1.32,1.88
2013.06.03 02:11:35.678,1.57703,1.57747,1.32,1.13
2013.06.03 02:11:35.797,1.57697,1.57742,2.44,1.13
2013.06.03 02:11:35.977,1.57705,1.57742,1.50,1.13
2013.06.03 02:11:36.301,1.57707,1.57744,1.13,1.69
2013.06.03 02:11:36.637,1.57709,1.57744,1.13,1.69
2013.06.03 02:11:36.758,1.57697,1.57742,1.69,1.88
2013.06.03 02:11:37.208,1.57691,1.57731,1.32,1.73
2013.06.03 02:11:37.268,1.57688,1.57732,1.69,1.92
2013.06.03 02:11:37.448,1.57688,1.57729,1.69,1.73
2013.06.03 02:11:37.508,1.57684,1.57726,1.13,1.17
2013.06.03 02:11:38.068,1.57683,1.57725,1.69,1.92
2013.06.03 02:11:39.797,1.57691,1.57725,1.13,1.92
2013.06.03 02:11:42.019,1.5769,1.57725,1.13,1.92
2013.06.03 02:11:42.654,1.57691,1.57725,1.13,1.17
2013.06.03 02:11:46.347,1.57691,1.57725,1.13,1.17
2013.06.03 02:11:50.247,1.57683,1.57725,1.69,1.17
2013.06.03 02:11:50.392,1.57684,1.57725,1.69,1.17
2013.06.03 02:11:50.788,1.57689,1.57725,1.13,1.17
2013.06.03 02:11:57.058,1.57689,1.57725,1.13,1.92
2013.06.03 02:12:00.338,1.57689,1.57725,1.13,1.92
2013.06.03 02:12:02.769,1.57689,1.57725,1.13,2.67
2013.06.03 02:12:04.488,1.57688,1.57725,1.13,2.67
2013.06.03 02:12:04.637,1.57689,1.57725,1.13,2.67
2013.06.03 02:12:05.249,1.57692,1.57725,1.13,2.67
2013.06.03 02:12:14.384,1.57683,1.57725,1.32,1.92
2013.06.03 02:12:14.450,1.57683,1.57725,1.32,1.92
2013.06.03 02:12:14.697,1.57685,1.57725,2.07,1.92
2013.06.03 02:12:15.077,1.57688,1.57725,1.13,1.92
2013.06.03 02:12:16.008,1.57688,1.57725,1.13,1.92
2013.06.03 02:12:18.490,1.57688,1.57724,1.13,1.69
2013.06.03 02:12:20.729,1.57688,1.57725,1.13,2.67
2013.06.03 02:12:27.401,1.5769,1.57725,1.13,2.67
2013.06.03 02:12:28.000,1.57691,1.57725,1.13,2.67
2013.06.03 02:12:33.379,1.57691,1.57725,1.13,1.92
2013.06.03 02:12:37.141,1.57684,1.57725,1.13,2.67
2013.06.03 02:12:37.317,1.57684,1.57725,1.13,2.67
2013.06.03 02:12:37.389,1.57687,1.57725,1.13,2.67
2013.06.03 02:12:39.898,1.57687,1.57725,1.13,2.67
2013.06.03 02:12:43.397,1.57687,1.57725,1.13,1.92
2013.06.03 02:12:49.362,1.57687,1.57725,1.13,1.92
2013.06.03 02:12:50.948,1.5769,1.57725,1.13,2.10
2013.06.03 02:12:51.487,1.57691,1.57725,1.13,2.10
2013.06.03 02:12:53.907,1.57689,1.57725,1.13,1.92
2013.06.03 02:12:54.159,1.57691,1.57725,1.13,2.10
2013.06.03 02:12:54.748,1.57695,1.57725,1.13,2.10
2013.06.03 02:12:56.837,1.57695,1.57725,1.13,1.35
2013.06.03 02:13:00.715,1.57695,1.57725,1.13,1.35
2013.06.03 02:13:03.609,1.57695,1.57725,1.13,1.35
2013.06.03 02:13:04.225,1.57695,1.57725,1.13,2.10
2013.06.03 02:13:05.226,1.57695,1.57725,1.13,1.35
2013.06.03 02:13:08.797,1.5769,1.57721,1.13,1.69
2013.06.03 02:13:08.918,1.57679,1.5772,1.32,1.13
2013.06.03 02:13:08.978,1.57679,1.57725,1.69,1.73
2013.06.03 02:13:09.039,1.57678,1.57718,1.50,1.50
2013.06.03 02:13:09.097,1.57678,1.57718,1.13,1.50
2013.06.03 02:13:09.398,1.57672,1.57712,1.13,1.17
2013.06.03 02:13:09.818,1.57674,1.57711,1.13,2.10
2013.06.03 02:13:10.148,1.57676,1.5771,1.13,1.13
2013.06.03 02:13:10.537,1.57683,1.57711,1.13,1.35
2013.06.03 02:13:10.880,1.57678,1.57711,1.13,1.35
2013.06.03 02:13:11.118,1.57679,1.57711,1.13,1.35
2013.06.03 02:13:11.668,1.57682,1.57711,1.13,1.35
2013.06.03 02:13:15.032,1.57682,1.57711,1.13,1.17
2013.06.03 02:13:15.349,1.57683,1.57709,1.13,1.17
2013.06.03 02:13:15.709,1.57678,1.57708,1.50,1.54
2013.06.03 02:13:15.771,1.57676,1.57708,1.50,1.73
2013.06.03 02:13:16.019,1.57669,1.5771,1.69,1.20
2013.06.03 02:13:16.199,1.57671,1.57711,1.50,2.25
2013.06.03 02:13:16.259,1.57671,1.57713,1.69,1.10
2013.06.03 02:13:16.573,1.57681,1.57713,1.13,1.18
2013.06.03 02:13:16.908,1.5768,1.57713,1.13,1.93
2013.06.03 02:13:17.450,1.57681,1.57712,1.13,1.40
2013.06.03 02:13:17.728,1.5768,1.57715,1.13,1.50
2013.06.03 02:13:18.302,1.5768,1.57713,1.13,1.20
2013.06.03 02:13:18.888,1.5768,1.57709,1.13,1.50
2013.06.03 02:13:19.068,1.57668,1.5771,1.32,1.50
2013.06.03 02:13:19.189,1.57668,1.5771,1.32,1.13
2013.06.03 02:13:19.398,1.57679,1.5771,1.13,1.13
2013.06.03 02:13:19.979,1.57679,1.57713,1.13,1.13
2013.06.03 02:13:20.648,1.57678,1.57713,1.13,1.69
2013.06.03 02:13:20.708,1.5767,1.57711,1.69,1.32
2013.06.03 02:13:20.828,1.57671,1.57711,1.13,1.32
2013.06.03 02:13:21.237,1.57675,1.5771,1.13,1.54
2013.06.03 02:13:21.987,1.57675,1.57709,1.13,1.32
2013.06.03 02:13:25.736,1.57675,1.57707,1.13,1.32
2013.06.03 02:13:27.488,1.57675,1.5771,1.13,2.29
2013.06.03 02:13:47.254,1.57675,1.57709,1.13,1.32
2013.06.03 02:14:02.488,1.57668,1.5771,1.50,2.48
2013.06.03 02:14:10.698,1.57668,1.5771,1.50,2.48
2013.06.03 02:14:11.472,1.57674,1.5771,1.13,1.50
2013.06.03 02:14:11.779,1.5769,1.5772,1.28,1.16
2013.06.03 02:14:11.898,1.57691,1.57732,1.58,1.69
2013.06.03 02:14:11.958,1.57692,1.57733,1.50,1.69
2013.06.03 02:14:12.138,1.57699,1.57743,1.69,1.69
2013.06.03 02:14:12.258,1.57703,1.57745,1.50,1.32
2013.06.03 02:14:12.378,1.577,1.57745,1.69,1.69
2013.06.03 02:14:12.438,1.57701,1.57743,1.50,1.13
2013.06.03 02:14:12.689,1.57702,1.57749,1.69,1.88
2013.06.03 02:14:12.749,1.57702,1.57748,1.69,1.13
2013.06.03 02:14:13.297,1.57707,1.57751,1.69,1.20
2013.06.03 02:14:14.128,1.57707,1.57749,1.69,1.13
2013.06.03 02:14:14.489,1.57709,1.57751,1.69,1.13
2013.06.03 02:14:16.387,1.57713,1.57755,1.32,1.88
2013.06.03 02:14:17.089,1.5772,1.57754,1.13,1.13
2013.06.03 02:14:22.479,1.5772,1.57751,1.13,1.13
2013.06.03 02:14:22.659,1.5772,1.57751,1.13,1.69
2013.06.03 02:14:22.960,1.5771,1.57755,1.69,1.13
2013.06.03 02:14:23.242,1.5771,1.57754,1.32,1.13
2013.06.03 02:14:23.816,1.57719,1.57754,1.13,1.13
2013.06.03 02:14:28.277,1.57714,1.57754,1.13,1.13
2013.06.03 02:14:28.398,1.57715,1.57754,1.13,1.13
2013.06.03 02:14:29.177,1.5772,1.57754,1.13,1.13
2013.06.03 02:14:33.430,1.57715,1.57754,1.50,1.13
2013.06.03 02:14:33.708,1.57713,1.57754,1.13,1.13
2013.06.03 02:14:34.068,1.57714,1.57754,1.32,1.13
2013.06.03 02:14:34.488,1.57713,1.57754,1.32,1.13
2013.06.03 02:14:36.832,1.57712,1.57751,1.32,1.13
2013.06.03 02:14:36.899,1.57711,1.57755,1.69,1.69
2013.06.03 02:14:37.018,1.57712,1.57755,1.69,1.69
2013.06.03 02:14:37.079,1.57712,1.5776,1.69,2.63
2013.06.03 02:14:37.618,1.57715,1.57759,1.69,1.13
2013.06.03 02:14:40.766,1.57714,1.57758,1.69,1.13
2013.06.03 02:14:53.079,1.57713,1.57758,1.69,1.13
2013.06.03 02:14:57.939,1.57717,1.57761,1.50,1.69
2013.06.03 02:14:58.240,1.57716,1.57759,1.13,2.07
2013.06.03 02:14:58.730,1.57717,1.57762,1.50,1.69
2013.06.03 02:14:59.088,1.57722,1.57759,1.50,1.13
2013.06.03 02:14:59.268,1.57716,1.57762,1.69,1.69
2013.06.03 02:15:00.188,1.57718,1.57759,1.50,1.13
2013.06.03 02:15:00.592,1.5772,1.57759,1.50,1.13
2013.06.03 02:15:00.729,1.5772,1.57762,1.50,1.13
2013.06.03 02:15:03.680,1.57716,1.57761,1.69,1.13
2013.06.03 02:15:04.048,1.57717,1.57763,1.69,1.69
2013.06.03 02:15:04.719,1.57721,1.57764,1.69,1.13
2013.06.03 02:15:06.690,1.57731,1.57774,1.69,1.13
2013.06.03 02:15:06.869,1.57736,1.57783,1.69,1.69
2013.06.03 02:15:06.929,1.57739,1.57783,1.69,1.32
2013.06.03 02:15:07.168,1.5774,1.57789,2.44,2.44
2013.06.03 02:15:08.408,1.57743,1.57787,2.44,1.13
2013.06.03 02:15:08.768,1.57743,1.57784,2.44,1.08
2013.06.03 02:15:08.827,1.57743,1.57783,1.69,1.08
2013.06.03 02:15:09.118,1.57737,1.57783,2.44,1.46
2013.06.03 02:15:12.495,1.5774,1.57783,1.69,1.46
2013.06.03 02:15:20.319,1.57737,1.57783,1.69,2.21
2013.06.03 02:15:21.778,1.57737,1.57783,1.69,1.50
2013.06.03 02:15:22.208,1.57737,1.57783,1.69,1.50
2013.06.03 02:15:22.739,1.57742,1.57787,1.69,1.88
2013.06.03 02:15:23.278,1.57739,1.57785,1.69,1.13
2013.06.03 02:15:23.803,1.57738,1.57782,1.69,1.13
2013.06.03 02:15:24.344,1.57741,1.57785,1.69,1.50
2013.06.03 02:15:27.408,1.57747,1.57787,1.28,1.69
2013.06.03 02:15:27.588,1.57749,1.57794,2.44,1.69
2013.06.03 02:15:27.649,1.57751,1.57794,1.13,1.69
2013.06.03 02:15:27.960,1.57754,1.57796,1.69,1.50
2013.06.03 02:15:28.417,1.57754,1.57799,3.60,1.69
2013.06.03 02:15:28.718,1.57754,1.57798,1.69,2.04
2013.06.03 02:15:29.269,1.57753,1.57798,2.44,2.04
2013.06.03 02:15:30.809,1.57749,1.57795,3.19,1.13
2013.06.03 02:15:32.531,1.57751,1.57795,1.69,1.13
2013.06.03 02:15:33.568,1.57753,1.57798,1.69,2.75
2013.06.03 02:15:33.631,1.57755,1.57798,1.69,1.13
2013.06.03 02:15:34.175,1.57755,1.57798,1.77,1.13
2013.06.03 02:15:34.719,1.57755,1.57798,1.69,1.13
2013.06.03 02:15:36.319,1.57755,1.57798,1.69,1.13
2013.06.03 02:15:48.118,1.57752,1.57797,1.69,1.13
2013.06.03 02:15:50.929,1.57749,1.57794,1.69,1.88
2013.06.03 02:15:51.468,1.57747,1.57794,1.69,2.07
2013.06.03 02:15:51.648,1.57747,1.57793,1.69,1.13
2013.06.03 02:15:51.949,1.57751,1.57793,1.02,1.13
2013.06.03 02:15:54.348,1.57748,1.57795,1.69,1.95
2013.06.03 02:15:57.479,1.57749,1.57792,1.69,1.13
2013.06.03 02:15:58.039,1.57754,1.57796,1.69,1.69
2013.06.03 02:15:58.578,1.57754,1.578,1.69,1.69
2013.06.03 02:15:59.241,1.57752,1.57795,1.69,1.13
2013.06.03 02:16:00.698,1.57747,1.57791,1.69,1.69
2013.06.03 02:16:00.758,1.57747,1.57791,1.69,1.69
2013.06.03 02:16:04.028,1.57744,1.57791,1.69,1.69
2013.06.03 02:16:06.020,1.57742,1.57787,1.88,1.50
2013.06.03 02:16:06.879,1.57744,1.57785,1.92,1.50
2013.06.03 02:16:06.999,1.57742,1.57785,1.88,1.17
2013.06.03 02:16:07.239,1.57738,1.57782,2.07,1.69
2013.06.03 02:16:07.358,1.57734,1.5778,2.67,1.69
2013.06.03 02:16:08.741,1.57734,1.5778,1.69,1.69
2013.06.03 02:16:10.618,1.57743,1.57786,1.87,1.69
2013.06.03 02:16:10.798,1.57751,1.57794,1.69,1.69
2013.06.03 02:16:10.858,1.57753,1.57794,1.69,1.50
2013.06.03 02:16:11.038,1.57756,1.578,1.69,1.69
2013.06.03 02:16:11.960,1.57755,1.578,2.44,1.69
2013.06.03 02:16:12.268,1.57745,1.57787,1.17,1.50
2013.06.03 02:16:12.448,1.57743,1.57787,1.88,1.69
2013.06.03 02:16:12.870,1.57741,1.57787,2.82,1.69
2013.06.03 02:16:13.419,1.57741,1.57787,2.07,1.69
2013.06.03 02:16:13.948,1.57744,1.57787,1.32,1.69
2013.06.03 02:16:14.188,1.57747,1.57794,1.69,1.69
2013.06.03 02:16:14.248,1.57748,1.57794,1.02,1.69
2013.06.03 02:16:14.428,1.5775,1.57794,1.32,1.69
2013.06.03 02:16:14.988,1.57755,1.57795,1.13,1.69
2013.06.03 02:16:15.227,1.57748,1.57793,1.69,1.69
2013.06.03 02:16:15.839,1.5775,1.5779,1.32,1.69
2013.06.03 02:16:16.020,1.57746,1.57788,1.32,1.69
2013.06.03 02:16:16.378,1.57745,1.57785,1.32,1.13
2013.06.03 02:16:16.679,1.57751,1.57791,1.13,1.69
2013.06.03 02:16:16.799,1.57751,1.57792,2.07,1.50
2013.06.03 02:16:16.919,1.57751,1.57791,1.32,1.69
2013.06.03 02:16:17.279,1.57747,1.57788,1.69,1.69
2013.06.03 02:16:17.638,1.57749,1.57784,1.32,1.50
2013.06.03 02:16:17.698,1.57749,1.57784,1.13,1.69
2013.06.03 02:16:18.827,1.57749,1.57784,1.13,1.69
2013.06.03 02:16:19.188,1.57751,1.57795,1.32,3.19
2013.06.03 02:16:19.248,1.57754,1.57795,1.32,1.69
2013.06.03 02:16:20.888,1.57756,1.57798,2.07,1.02
2013.06.03 02:16:21.208,1.57762,1.57799,1.32,1.02
2013.06.03 02:16:21.388,1.57759,1.57798,1.32,1.02
2013.06.03 02:16:21.889,1.57762,1.57798,1.32,1.02
2013.06.03 02:16:22.410,1.57762,1.57803,1.13,1.77
2013.06.03 02:16:22.828,1.57763,1.57803,1.13,1.77
2013.06.03 02:16:23.139,1.57754,1.57798,1.69,1.02
2013.06.03 02:16:23.258,1.57753,1.57798,1.69,1.02
2013.06.03 02:16:24.958,1.5776,1.57799,1.13,1.69
2013.06.03 02:16:25.199,1.57758,1.57798,1.32,1.69
2013.06.03 02:16:25.438,1.57758,1.57798,1.32,1.69
2013.06.03 02:16:26.448,1.57758,1.57797,1.13,1.13
2013.06.03 02:16:26.508,1.57757,1.57797,1.32,1.13
2013.06.03 02:16:28.134,1.57758,1.57798,1.13,1.69
2013.06.03 02:16:28.636,1.57762,1.57798,1.13,1.69
2013.06.03 02:16:29.178,1.57759,1.578,1.13,1.69
2013.06.03 02:16:29.418,1.57762,1.578,1.13,1.69
2013.06.03 02:16:29.957,1.57762,1.57801,1.13,2.44
2013.06.03 02:16:30.480,1.57761,1.57804,1.13,1.13
2013.06.03 02:16:30.838,1.57764,1.57807,1.32,1.69
2013.06.03 02:16:31.139,1.57763,1.57805,1.13,1.69
2013.06.03 02:16:31.439,1.57751,1.57797,1.69,2.52
2013.06.03 02:16:31.989,1.57754,1.57799,1.32,1.69
2013.06.03 02:16:32.229,1.57758,1.57797,1.13,2.44
2013.06.03 02:16:33.005,1.57758,1.57797,1.13,1.69
2013.06.03 02:16:34.188,1.57755,1.57797,2.07,1.69
2013.06.03 02:16:34.538,1.57756,1.57801,1.32,1.69
2013.06.03 02:16:34.871,1.57756,1.57801,2.07,1.69
2013.06.03 02:16:35.367,1.57757,1.578,1.13,1.69
2013.06.03 02:16:35.428,1.57759,1.578,1.13,1.69
2013.06.03 02:16:35.947,1.57763,1.57801,1.13,1.69
2013.06.03 02:16:36.438,1.57759,1.57797,1.13,1.69
2013.06.03 02:16:36.558,1.57748,1.57794,1.69,1.02
2013.06.03 02:16:36.738,1.57753,1.57795,1.69,1.02
2013.06.03 02:16:37.048,1.57747,1.57793,1.32,1.69
2013.06.03 02:16:37.168,1.57749,1.57791,1.09,1.02
2013.06.03 02:16:37.228,1.57749,1.57791,1.84,1.02
2013.06.03 02:16:37.290,1.57752,1.57798,1.32,1.69
2013.06.03 02:16:37.588,1.57756,1.57797,1.50,1.32
2013.06.03 02:16:38.298,1.57756,1.57797,1.50,1.32
2013.06.03 02:16:38.677,1.57756,1.57798,1.69,2.07
2013.06.03 02:16:39.719,1.57756,1.57799,1.69,1.32
2013.06.03 02:16:40.329,1.57758,1.578,1.32,1.69
2013.06.03 02:16:40.738,1.57755,1.57801,1.69,1.69
2013.06.03 02:16:40.918,1.57757,1.57801,1.13,1.69
2013.06.03 02:16:41.817,1.5776,1.57805,1.50,1.69
2013.06.03 02:16:42.329,1.57763,1.57803,1.13,1.69
2013.06.03 02:16:43.248,1.57763,1.57803,1.13,1.69
2013.06.03 02:16:44.089,1.5776,1.57804,1.32,1.69
2013.06.03 02:16:44.208,1.5776,1.57805,1.50,1.69
2013.06.03 02:16:44.458,1.57764,1.57799,1.32,1.69
2013.06.03 02:16:44.949,1.57763,1.57799,1.32,1.69
2013.06.03 02:16:45.450,1.57751,1.57794,1.50,1.69
2013.06.03 02:16:45.509,1.57751,1.57794,1.50,1.69
2013.06.03 02:16:46.072,1.57751,1.57794,2.25,1.69
2013.06.03 02:16:46.978,1.5776,1.57794,1.50,1.50
2013.06.03 02:16:47.158,1.57762,1.57793,1.13,1.50
2013.06.03 02:16:47.701,1.57765,1.57793,1.13,1.50
2013.06.03 02:16:49.149,1.57756,1.57794,1.32,1.50
2013.06.03 02:16:51.619,1.57759,1.57799,1.32,1.69
2013.06.03 02:16:51.684,1.57763,1.57802,1.13,2.44
2013.06.03 02:16:52.198,1.57763,1.57797,1.13,1.69
2013.06.03 02:16:53.778,1.57754,1.57796,1.32,1.69
2013.06.03 02:16:54.048,1.57757,1.57793,1.32,1.50
2013.06.03 02:16:54.550,1.5776,1.57793,1.13,1.50
2013.06.03 02:16:54.788,1.57758,1.57793,1.32,1.50
2013.06.03 02:17:00.288,1.57748,1.57792,2.82,1.50
2013.06.03 02:17:00.974,1.57759,1.57793,1.32,1.50
2013.06.03 02:17:01.548,1.57762,1.57793,1.13,1.50
2013.06.03 02:17:04.618,1.57761,1.57793,1.13,1.69
2013.06.03 02:17:04.738,1.5776,1.57792,1.13,1.69
2013.06.03 02:17:04.858,1.57752,1.57793,1.50,1.69
2013.06.03 02:17:05.040,1.57753,1.57793,1.32,1.69
2013.06.03 02:17:05.342,1.57761,1.57799,1.13,2.44
2013.06.03 02:17:05.649,1.5776,1.57803,1.32,1.69
2013.06.03 02:17:06.658,1.57762,1.57803,1.32,1.69
2013.06.03 02:17:07.138,1.57768,1.57803,1.13,1.69
2013.06.03 02:17:10.179,1.57768,1.57803,1.13,1.69
2013.06.03 02:17:10.959,1.57761,1.57797,1.32,1.69
2013.06.03 02:17:11.078,1.57761,1.57797,1.32,1.88
2013.06.03 02:17:11.668,1.57758,1.57797,1.32,1.88
2013.06.03 02:17:12.089,1.57763,1.57798,1.13,1.88
2013.06.03 02:17:13.419,1.57763,1.57798,1.13,1.88
2013.06.03 02:17:14.821,1.57763,1.57798,1.13,1.88
2013.06.03 02:17:16.308,1.57763,1.57804,1.13,1.69
2013.06.03 02:17:16.488,1.57756,1.57804,1.50,1.69
2013.06.03 02:17:17.118,1.57756,1.57804,1.50,1.69
2013.06.03 02:17:17.678,1.57766,1.57804,1.13,1.69
2013.06.03 02:17:18.038,1.57771,1.578,1.13,1.69
2013.06.03 02:17:18.278,1.57758,1.578,1.13,1.69
2013.06.03 02:17:18.398,1.5776,1.57804,1.13,1.69
2013.06.03 02:17:18.518,1.57765,1.57804,1.13,1.69
2013.06.03 02:17:18.869,1.57771,1.57803,1.13,1.69
2013.06.03 02:17:19.818,1.57769,1.57803,1.13,1.69
2013.06.03 02:17:19.878,1.57769,1.57803,1.13,1.69
2013.06.03 02:17:20.098,1.57769,1.57804,1.13,1.69
2013.06.03 02:17:20.839,1.57772,1.57804,1.13,1.69
2013.06.03 02:17:22.113,1.5777,1.57803,1.13,1.69
2013.06.03 02:17:22.968,1.57759,1.57802,1.69,1.20
2013.06.03 02:17:23.148,1.57758,1.57793,2.07,1.50
2013.06.03 02:17:23.209,1.57758,1.57793,1.32,1.50
2013.06.03 02:17:23.894,1.57749,1.57794,1.54,1.69
2013.06.03 02:17:25.708,1.57758,1.57799,1.73,1.69
2013.06.03 02:17:25.829,1.5776,1.57803,1.17,1.69
2013.06.03 02:17:25.948,1.57761,1.57805,1.17,1.69
2013.06.03 02:17:26.668,1.57763,1.57803,1.17,1.69
2013.06.03 02:17:26.728,1.57763,1.57799,1.13,1.69
2013.06.03 02:17:26.848,1.57755,1.57796,1.69,1.50
2013.06.03 02:17:27.088,1.57755,1.57795,2.07,1.50
2013.06.03 02:17:27.410,1.57763,1.57795,1.13,1.50
2013.06.03 02:17:34.730,1.57763,1.57795,1.13,1.69
2013.06.03 02:17:35.091,1.57763,1.57795,1.13,1.69
2013.06.03 02:17:35.538,1.57761,1.57794,1.13,1.13
2013.06.03 02:17:35.659,1.57761,1.57794,1.13,1.69
2013.06.03 02:17:35.969,1.5776,1.57799,1.13,1.69
2013.06.03 02:17:38.318,1.5776,1.57798,1.13,1.69
2013.06.03 02:17:38.498,1.57761,1.57799,1.32,1.69
2013.06.03 02:17:38.679,1.57764,1.57799,1.13,1.69
2013.06.03 02:17:39.438,1.57765,1.57798,1.13,1.13
2013.06.03 02:17:40.548,1.57761,1.57802,1.50,1.02
2013.06.03 02:17:40.608,1.57761,1.57805,2.25,1.02
2013.06.03 02:17:40.788,1.57766,1.57808,1.13,1.02
2013.06.03 02:17:40.908,1.57767,1.5781,1.13,1.50
2013.06.03 02:17:41.328,1.57772,1.57815,1.13,1.69
2013.06.03 02:17:43.130,1.57776,1.57814,1.32,1.69
2013.06.03 02:17:43.428,1.57776,1.57815,1.32,1.69
2013.06.03 02:17:43.670,1.57778,1.57814,1.32,1.69
2013.06.03 02:17:44.255,1.5778,1.57814,1.13,1.69
2013.06.03 02:17:50.709,1.57781,1.57815,1.13,1.69
2013.06.03 02:17:51.090,1.57783,1.57815,1.13,1.69
2013.06.03 02:17:51.208,1.57784,1.57817,1.13,1.69
2013.06.03 02:17:53.508,1.57781,1.57817,1.13,1.69
2013.06.03 02:17:54.338,1.57773,1.57816,1.50,1.69
2013.06.03 02:17:54.404,1.57775,1.57813,1.13,1.50
2013.06.03 02:17:54.708,1.57771,1.57808,1.50,1.50
2013.06.03 02:17:55.242,1.57768,1.57809,1.32,1.50
2013.06.03 02:17:55.778,1.57774,1.57808,1.32,1.50
2013.06.03 02:18:04.870,1.57774,1.57808,1.32,1.50
2013.06.03 02:18:09.972,1.57774,1.57808,1.13,1.69
2013.06.03 02:18:14.673,1.57774,1.57808,1.13,1.69
2013.06.03 02:18:35.188,1.57774,1.57804,1.13,1.50
2013.06.03 02:18:35.598,1.57768,1.57804,1.69,1.50
2013.06.03 02:18:35.658,1.57768,1.578,1.69,1.50
2013.06.03 02:18:35.719,1.5777,1.578,1.32,1.50
2013.06.03 02:18:35.958,1.57763,1.578,1.32,1.50
2013.06.03 02:18:36.660,1.57763,1.578,1.32,1.50
2013.06.03 02:18:36.898,1.57761,1.578,1.69,1.50
2013.06.03 02:18:37.018,1.57753,1.57793,1.13,1.50
2013.06.03 02:18:37.888,1.57749,1.57791,1.69,1.50
2013.06.03 02:18:38.129,1.57748,1.5779,1.69,1.50
2013.06.03 02:18:38.509,1.57748,1.5779,1.69,1.50
2013.06.03 02:18:39.088,1.57757,1.57789,1.13,1.50
2013.06.03 02:18:42.193,1.5775,1.57789,2.44,1.50
2013.06.03 02:18:42.718,1.57754,1.5779,1.32,1.50
2013.06.03 02:18:45.640,1.57754,1.5779,1.32,1.69
2013.06.03 02:18:46.619,1.57754,1.5779,1.32,1.50
2013.06.03 02:18:48.808,1.57755,1.57789,1.32,1.50
2013.06.03 02:18:49.457,1.57758,1.57789,1.13,1.50
2013.06.03 02:18:54.677,1.57751,1.57789,1.69,1.50
2013.06.03 02:18:54.860,1.57748,1.57788,1.69,1.69
2013.06.03 02:18:55.039,1.57751,1.57784,1.13,1.50
2013.06.03 02:18:55.340,1.57755,1.57784,1.13,1.50
2013.06.03 02:18:55.970,1.5775,1.57784,1.32,1.50
2013.06.03 02:18:56.268,1.57752,1.57784,1.13,1.50
2013.06.03 02:18:57.129,1.57753,1.57784,1.13,1.50
2013.06.03 02:18:57.489,1.57755,1.57783,1.13,1.50
2013.06.03 02:18:57.849,1.57758,1.57783,1.13,1.50
2013.06.03 02:18:58.518,1.57758,1.57785,1.13,1.50
2013.06.03 02:18:58.578,1.57758,1.57787,1.13,1.50
2013.06.03 02:19:02.849,1.57755,1.57788,1.13,1.69
2013.06.03 02:19:06.249,1.57756,1.57788,1.13,1.50
2013.06.03 02:19:06.799,1.57758,1.57791,1.13,1.69
2013.06.03 02:19:06.858,1.57761,1.57791,1.13,1.69
2013.06.03 02:19:08.329,1.57761,1.57789,1.13,1.69
2013.06.03 02:19:08.449,1.57757,1.57786,1.13,1.50
2013.06.03 02:19:08.808,1.57753,1.57785,1.32,1.50
2013.06.03 02:19:13.668,1.57752,1.57786,1.32,1.50
2013.06.03 02:19:14.429,1.57752,1.57788,1.32,1.50
2013.06.03 02:19:14.489,1.57755,1.57795,1.13,1.69
2013.06.03 02:19:14.609,1.57756,1.57795,1.32,1.69
2013.06.03 02:19:15.258,1.57756,1.57795,1.50,1.69
2013.06.03 02:19:19.110,1.57756,1.57795,1.50,1.69
2013.06.03 02:19:20.814,1.57756,1.57795,1.50,1.69
2013.06.03 02:19:23.978,1.57753,1.57795,1.50,1.69
2013.06.03 02:19:24.038,1.57755,1.57791,1.32,1.50
2013.06.03 02:19:28.839,1.57753,1.5779,1.32,1.50
2013.06.03 02:19:30.844,1.57753,1.5779,1.32,1.50
2013.06.03 02:19:32.961,1.57753,1.57793,1.32,1.50
2013.06.03 02:19:33.019,1.57752,1.57794,2.07,1.69
2013.06.03 02:19:33.078,1.57751,1.57793,1.32,1.50
2013.06.03 02:19:33.199,1.57754,1.57792,1.13,1.69
2013.06.03 02:19:40.872,1.57754,1.57792,1.32,1.69
2013.06.03 02:19:42.300,1.57747,1.57793,1.69,1.69
2013.06.03 02:19:42.819,1.57751,1.57793,1.32,1.69
2013.06.03 02:19:44.779,1.57753,1.57793,1.13,1.69
2013.06.03 02:19:45.179,1.57755,1.57797,1.50,1.69
2013.06.03 02:19:46.228,1.57755,1.57794,1.50,1.17
2013.06.03 02:19:46.349,1.57755,1.57792,1.32,1.69
2013.06.03 02:19:47.218,1.57749,1.57789,1.69,1.50
2013.06.03 02:19:47.338,1.57745,1.57789,2.25,1.69
2013.06.03 02:19:47.519,1.57747,1.57788,1.32,1.69
2013.06.03 02:19:48.037,1.57753,1.57788,1.13,1.69
2013.06.03 02:19:49.118,1.57753,1.57787,1.13,1.69
2013.06.03 02:19:49.238,1.57751,1.57782,1.13,1.69
2013.06.03 02:19:49.538,1.57742,1.57782,1.13,1.69
2013.06.03 02:19:50.018,1.57748,1.57787,1.13,2.44
2013.06.03 02:19:50.810,1.57748,1.57786,1.13,1.69
2013.06.03 02:19:52.229,1.57748,1.57787,1.32,1.69
2013.06.03 02:19:57.749,1.57748,1.57787,1.13,1.69
2013.06.03 02:19:57.809,1.57753,1.57786,1.13,1.69
2013.06.03 02:19:58.240,1.57743,1.57789,1.69,1.69
2013.06.03 02:19:58.419,1.57742,1.57789,1.02,2.44
2013.06.03 02:19:58.780,1.57748,1.57795,2.52,2.44
2013.06.03 02:19:59.909,1.57754,1.57797,1.32,1.13
2013.06.03 02:19:59.970,1.57754,1.57799,2.07,1.69
2013.06.03 02:20:00.299,1.57761,1.57803,1.50,1.13
2013.06.03 02:20:00.659,1.57769,1.5781,1.50,1.13
2013.06.03 02:20:00.719,1.57769,1.57815,1.69,2.07
2013.06.03 02:20:01.858,1.57765,1.57809,1.69,1.88
2013.06.03 02:20:01.978,1.57765,1.57809,1.32,1.88
2013.06.03 02:20:02.159,1.57764,1.57805,2.07,1.13
2013.06.03 02:20:02.218,1.57764,1.57804,1.32,1.13
2013.06.03 02:20:03.089,1.57761,1.57803,1.32,1.13
2013.06.03 02:20:03.989,1.57761,1.57804,1.32,1.13
2013.06.03 02:20:04.270,1.57762,1.57805,1.32,1.69
2013.06.03 02:20:04.630,1.57763,1.57805,1.32,1.69
2013.06.03 02:20:04.868,1.57763,1.57805,2.07,2.44
2013.06.03 02:20:04.929,1.57766,1.57805,1.13,2.44
2013.06.03 02:20:05.669,1.57768,1.57805,1.13,2.44
2013.06.03 02:20:06.468,1.57768,1.57805,1.13,1.69
2013.06.03 02:20:07.328,1.5776,1.57804,1.69,1.13
2013.06.03 02:20:07.649,1.5776,1.57804,1.69,1.88
2013.06.03 02:20:07.968,1.57763,1.57803,1.32,1.13
2013.06.03 02:20:10.178,1.57763,1.57806,1.69,2.07
2013.06.03 02:20:10.719,1.57766,1.57807,1.13,1.69
2013.06.03 02:20:14.508,1.57766,1.57803,1.13,1.13
2013.06.03 02:20:16.798,1.57767,1.57803,1.13,1.69
2013.06.03 02:20:17.390,1.57767,1.57801,1.13,1.69
2013.06.03 02:20:20.168,1.57763,1.57805,1.32,1.69
2013.06.03 02:20:24.421,1.57762,1.57804,1.32,1.13
2013.06.03 02:20:29.339,1.57762,1.578,1.13,1.69
2013.06.03 02:20:34.909,1.57762,1.57801,1.13,2.44
2013.06.03 02:20:36.465,1.57762,1.57799,1.13,1.69
2013.06.03 02:20:36.831,1.57756,1.57799,1.39,1.69
2013.06.03 02:20:36.890,1.57756,1.57799,2.14,1.69
2013.06.03 02:20:37.010,1.57756,1.57801,2.14,1.69
2013.06.03 02:20:37.069,1.57755,1.57801,1.32,1.69
2013.06.03 02:20:37.129,1.57756,1.57801,1.69,1.69
2013.06.03 02:20:37.704,1.5776,1.57801,1.32,1.69
2013.06.03 02:20:38.109,1.57755,1.578,2.07,1.69
2013.06.03 02:20:38.169,1.57757,1.578,1.24,1.69
2013.06.03 02:20:43.439,1.57764,1.57804,1.50,1.69
2013.06.03 02:20:43.558,1.57769,1.57814,1.69,1.69
2013.06.03 02:20:44.619,1.57771,1.57818,1.69,2.44
2013.06.03 02:20:44.918,1.57768,1.57813,2.07,1.69
2013.06.03 02:20:45.119,1.5777,1.57809,1.32,1.69
2013.06.03 02:20:47.419,1.5777,1.57809,1.32,1.69
2013.06.03 02:20:48.759,1.5777,1.57809,1.13,1.69
2013.06.03 02:20:50.259,1.57765,1.5781,1.32,2.44
2013.06.03 02:20:54.198,1.57765,1.5781,1.32,1.69
2013.06.03 02:20:57.686,1.57765,1.5781,1.32,1.69
2013.06.03 02:20:59.392,1.57765,1.5781,1.32,1.69
2013.06.03 02:21:05.029,1.57765,1.5781,1.32,1.69
2013.06.03 02:21:10.924,1.57766,1.57808,1.32,1.69
2013.06.03 02:21:12.208,1.57763,1.57804,2.07,1.13
2013.06.03 02:21:12.488,1.57756,1.57801,2.44,1.13
2013.06.03 02:21:13.347,1.57752,1.57798,1.69,1.88
2013.06.03 02:21:13.660,1.57765,1.5781,1.69,1.32
2013.06.03 02:21:13.719,1.57765,1.5781,1.69,1.69
2013.06.03 02:21:14.169,1.57765,1.57808,1.88,1.69
2013.06.03 02:21:14.529,1.57754,1.57799,2.63,1.50
2013.06.03 02:21:14.589,1.57754,1.57799,1.88,1.69
2013.06.03 02:21:15.149,1.57757,1.57801,1.69,1.69
2013.06.03 02:21:15.509,1.57764,1.57803,1.32,2.25
2013.06.03 02:21:15.628,1.57765,1.57807,1.13,1.69
2013.06.03 02:21:15.689,1.57765,1.57807,1.13,1.69
2013.06.03 02:21:16.228,1.57765,1.57804,1.50,1.50
2013.06.03 02:21:16.588,1.57766,1.57809,1.32,1.69
2013.06.03 02:21:16.828,1.57768,1.57809,1.35,1.69
2013.06.03 02:21:17.519,1.57767,1.57808,2.07,1.69
2013.06.03 02:21:17.878,1.57767,1.57803,1.13,1.69
2013.06.03 02:21:19.019,1.5776,1.578,1.32,1.50
2013.06.03 02:21:19.318,1.57758,1.578,1.88,1.50
2013.06.03 02:21:19.988,1.57759,1.57799,1.13,1.50
2013.06.03 02:21:20.229,1.57765,1.57804,1.32,1.69
2013.06.03 02:21:20.349,1.57763,1.57805,1.50,1.69
2013.06.03 02:21:21.009,1.57765,1.57809,1.13,1.69
2013.06.03 02:21:21.448,1.57766,1.57814,1.50,1.69
2013.06.03 02:21:21.958,1.57772,1.57813,1.50,1.69
2013.06.03 02:21:22.480,1.5777,1.57813,1.50,1.69
2013.06.03 02:21:23.009,1.57771,1.57814,1.32,1.69
2013.06.03 02:21:23.068,1.57773,1.57814,1.13,1.69
2013.06.03 02:21:24.022,1.57773,1.57814,1.32,2.44
2013.06.03 02:21:24.289,1.5777,1.57809,1.32,1.69
2013.06.03 02:21:26.058,1.57771,1.57808,1.32,1.69
2013.06.03 02:21:31.703,1.5777,1.57807,1.32,1.69
2013.06.03 02:21:31.878,1.57768,1.57805,1.32,1.50
2013.06.03 02:21:32.280,1.57768,1.57805,1.32,1.50
2013.06.03 02:21:39.009,1.57768,1.57805,1.32,1.50
2013.06.03 02:21:40.419,1.57768,1.57805,1.32,1.69
2013.06.03 02:21:40.939,1.57765,1.57805,1.32,1.69
2013.06.03 02:21:41.000,1.57768,1.57798,1.32,1.50
2013.06.03 02:21:41.219,1.57755,1.57794,1.69,1.50
2013.06.03 02:21:41.339,1.57751,1.57795,1.13,1.69
2013.06.03 02:21:42.188,1.5776,1.57795,1.69,1.50
2013.06.03 02:21:42.430,1.5777,1.57813,1.99,1.69
2013.06.03 02:21:42.490,1.57774,1.57813,1.24,1.50
2013.06.03 02:21:42.548,1.57774,1.57815,1.24,1.50
2013.06.03 02:21:42.669,1.57777,1.57816,1.69,1.50
2013.06.03 02:21:43.189,1.5778,1.57818,1.13,1.50
2013.06.03 02:21:44.199,1.57777,1.57818,2.07,1.69
2013.06.03 02:21:44.259,1.57778,1.57814,1.32,1.50
2013.06.03 02:21:44.378,1.57778,1.57814,1.13,1.69
2013.06.03 02:21:44.500,1.57771,1.5781,1.32,1.50
2013.06.03 02:21:45.103,1.57775,1.57809,1.32,1.50
2013.06.03 02:21:46.849,1.57775,1.57809,1.32,1.50
2013.06.03 02:21:47.371,1.57771,1.57809,1.69,1.50
2013.06.03 02:21:49.249,1.57773,1.57809,1.69,1.50
2013.06.03 02:21:49.839,1.57773,1.57809,2.07,1.50
2013.06.03 02:21:50.170,1.57778,1.57814,1.70,1.50
2013.06.03 02:21:50.409,1.57777,1.57815,1.32,1.50
2013.06.03 02:21:51.128,1.57776,1.57815,1.50,1.50
2013.06.03 02:21:51.797,1.57781,1.57815,1.32,1.50
2013.06.03 02:21:52.019,1.57779,1.57811,1.32,1.50
2013.06.03 02:21:52.378,1.57772,1.57807,1.13,1.50
2013.06.03 02:21:52.909,1.57767,1.57807,2.07,1.50
2013.06.03 02:21:53.029,1.57762,1.57803,2.25,1.50
2013.06.03 02:21:53.568,1.57763,1.57802,1.13,1.50
2013.06.03 02:21:54.827,1.57767,1.57803,1.32,1.50
2013.06.03 02:21:56.599,1.57762,1.57802,2.07,1.50
2013.06.03 02:21:57.158,1.57764,1.57803,1.32,1.50
2013.06.03 02:21:58.118,1.57763,1.57803,1.32,1.50
2013.06.03 02:21:58.179,1.57763,1.57805,1.32,1.50
2013.06.03 02:21:58.238,1.57763,1.57806,3.36,1.69
2013.06.03 02:21:59.031,1.57763,1.57806,3.36,1.69
2013.06.03 02:21:59.559,1.57771,1.57806,1.13,1.50
2013.06.03 02:21:59.738,1.57765,1.57807,1.32,1.69
2013.06.03 02:22:00.010,1.57764,1.57805,2.07,1.50
2013.06.03 02:22:00.580,1.57764,1.57803,2.07,1.50
2013.06.03 02:22:04.719,1.57766,1.57804,1.32,1.50
2013.06.03 02:22:04.778,1.57765,1.57806,1.50,1.69
2013.06.03 02:22:05.490,1.57771,1.57807,1.13,1.69
2013.06.03 02:22:06.030,1.57765,1.57811,1.50,1.69
2013.06.03 02:22:06.172,1.57769,1.57811,1.50,1.50
2013.06.03 02:22:06.790,1.57774,1.57811,1.32,1.50
2013.06.03 02:22:16.158,1.57776,1.57811,1.32,1.50
2013.06.03 02:22:16.399,1.57776,1.57819,1.50,1.69
2013.06.03 02:22:16.638,1.57776,1.57819,1.50,1.69
2013.06.03 02:22:17.170,1.57776,1.57819,1.50,1.69
2013.06.03 02:22:17.690,1.57776,1.57818,1.50,1.50
2013.06.03 02:22:17.999,1.57776,1.57815,1.50,1.50
2013.06.03 02:22:18.751,1.57779,1.57814,1.69,1.50
2013.06.03 02:22:19.298,1.57779,1.57814,1.69,1.50
2013.06.03 02:22:20.951,1.57779,1.57814,1.69,1.50
2013.06.03 02:22:25.409,1.57775,1.57815,1.32,1.69
2013.06.03 02:22:25.669,1.57778,1.5782,1.13,1.69
2013.06.03 02:22:25.729,1.57778,1.5782,1.13,1.69
2013.06.03 02:22:34.429,1.57777,1.57819,1.26,1.69
2013.06.03 02:22:36.029,1.57779,1.57819,1.50,1.50
2013.06.03 02:22:36.411,1.57784,1.57827,1.50,1.69
2013.06.03 02:22:36.709,1.57784,1.57824,1.13,1.50
2013.06.03 02:22:37.249,1.57783,1.57828,2.44,1.69
2013.06.03 02:22:37.309,1.57783,1.57826,1.69,1.69
2013.06.03 02:22:37.709,1.5778,1.5782,1.32,1.50
2013.06.03 02:22:38.009,1.57774,1.57819,1.13,1.69
2013.06.03 02:22:38.249,1.57773,1.57815,1.13,1.50
2013.06.03 02:22:39.729,1.57774,1.57815,1.32,1.50
2013.06.03 02:22:40.968,1.57773,1.57814,1.32,1.69
2013.06.03 02:22:43.939,1.57773,1.57814,1.32,1.69
2013.06.03 02:22:49.194,1.57773,1.57814,1.32,1.69
2013.06.03 02:22:49.939,1.57771,1.57813,1.32,1.69
2013.06.03 02:22:50.598,1.57766,1.57811,2.03,1.50
2013.06.03 02:22:50.945,1.57769,1.57812,1.32,1.69
2013.06.03 02:22:53.279,1.57769,1.57812,1.32,1.69
2013.06.03 02:22:53.810,1.57771,1.57815,1.32,1.69
2013.06.03 02:22:54.620,1.57771,1.57814,1.32,1.69
2013.06.03 02:22:54.859,1.57772,1.57811,1.13,1.69
2013.06.03 02:22:55.498,1.57773,1.57815,1.88,2.07
2013.06.03 02:22:56.162,1.57774,1.57816,1.13,1.69
2013.06.03 02:22:56.589,1.57774,1.57818,1.32,2.44
2013.06.03 02:23:00.883,1.57774,1.57818,1.32,2.44
2013.06.03 02:23:04.409,1.57775,1.57819,1.77,1.69
2013.06.03 02:23:04.709,1.57779,1.57824,1.69,1.69
2013.06.03 02:23:04.949,1.57782,1.57827,1.88,1.69
2013.06.03 02:23:10.300,1.57786,1.57825,1.32,1.69
2013.06.03 02:23:10.669,1.5778,1.57823,1.50,1.69
2013.06.03 02:23:14.968,1.57781,1.57823,1.50,1.69
2013.06.03 02:23:17.222,1.57779,1.57823,1.50,1.69
2013.06.03 02:23:19.813,1.57782,1.57822,1.32,1.69
2013.06.03 02:23:20.359,1.57787,1.57822,1.13,1.69
2013.06.03 02:23:20.919,1.57787,1.57822,1.13,1.69
2013.06.03 02:23:23.391,1.57781,1.57822,1.69,1.69
2013.06.03 02:23:23.509,1.57778,1.57819,1.69,1.69
2013.06.03 02:23:24.059,1.57775,1.5782,1.32,1.69
2013.06.03 02:23:24.731,1.57775,1.57819,2.82,1.69
2013.06.03 02:23:25.149,1.57781,1.57822,1.32,1.69
2013.06.03 02:23:25.389,1.57783,1.57823,1.32,1.69
2013.06.03 02:23:26.470,1.57782,1.57827,2.07,1.69
2013.06.03 02:23:28.880,1.57782,1.57826,1.50,1.69
2013.06.03 02:23:28.939,1.57786,1.57826,1.50,1.50
2013.06.03 02:23:29.239,1.57787,1.5783,1.13,1.69
2013.06.03 02:23:29.779,1.5779,1.57832,1.32,1.69
2013.06.03 02:23:31.051,1.5779,1.57832,1.32,1.69
2013.06.03 02:23:32.904,1.5779,1.57832,1.32,1.02
2013.06.03 02:23:33.149,1.57787,1.57825,1.32,1.58
2013.06.03 02:23:33.209,1.57782,1.5782,1.69,1.50
2013.06.03 02:23:33.768,1.57784,1.5782,1.69,1.50
2013.06.03 02:23:35.359,1.57786,1.5782,1.32,1.50
2013.06.03 02:23:41.879,1.57781,1.5782,1.13,1.50
2013.06.03 02:23:42.660,1.57782,1.5782,1.32,1.69
2013.06.03 02:23:43.300,1.57781,1.57823,1.32,1.02
2013.06.03 02:23:45.135,1.57781,1.57823,1.32,1.02
2013.06.03 02:23:46.740,1.57782,1.57823,1.32,1.02
2013.06.03 02:23:47.099,1.57779,1.57821,1.32,1.50
2013.06.03 02:23:47.389,1.57777,1.57821,1.69,1.69
2013.06.03 02:23:49.863,1.57777,1.57821,1.32,2.44
2013.06.03 02:23:50.279,1.57773,1.57815,1.50,1.69
2013.06.03 02:23:50.639,1.57764,1.57809,1.69,1.02
2013.06.03 02:23:50.760,1.57758,1.57804,3.19,1.02
2013.06.03 02:23:50.880,1.57759,1.57803,1.92,1.69
2013.06.03 02:23:50.939,1.57759,1.57802,1.17,1.69
2013.06.03 02:23:51.059,1.5776,1.57806,1.69,1.69
2013.06.03 02:23:51.179,1.57762,1.57806,1.69,1.69
2013.06.03 02:23:53.190,1.57761,1.57807,1.69,1.69
2013.06.03 02:23:54.199,1.57763,1.57806,1.32,1.69
2013.06.03 02:23:55.340,1.57766,1.57807,1.69,1.32
2013.06.03 02:23:55.859,1.57766,1.57809,2.07,1.69
2013.06.03 02:24:00.239,1.57775,1.57813,1.13,1.69
2013.06.03 02:24:00.299,1.57775,1.57815,1.32,1.69
2013.06.03 02:24:01.209,1.57775,1.57818,1.32,1.50
2013.06.03 02:24:01.569,1.57779,1.57823,1.88,1.69
2013.06.03 02:24:02.319,1.57782,1.57825,1.13,1.69
2013.06.03 02:24:02.951,1.57779,1.57823,1.32,1.69
2013.06.03 02:24:03.150,1.57775,1.57823,1.69,1.69
2013.06.03 02:24:03.509,1.57776,1.57816,1.32,1.69
2013.06.03 02:24:03.689,1.57772,1.57814,1.50,1.69
2013.06.03 02:24:04.830,1.57775,1.57813,1.50,1.69
2013.06.03 02:24:04.889,1.57771,1.57813,1.50,1.69
2013.06.03 02:24:05.650,1.57771,1.57813,1.50,1.69
2013.06.03 02:24:06.651,1.57777,1.57814,1.50,1.69
2013.06.03 02:24:08.299,1.57769,1.57813,2.07,1.13
2013.06.03 02:24:08.849,1.57769,1.57813,1.69,1.13
2013.06.03 02:24:09.309,1.57772,1.57813,1.32,1.13
2013.06.03 02:24:11.979,1.57774,1.57814,1.13,1.50
2013.06.03 02:24:12.490,1.57774,1.57814,1.50,1.50
2013.06.03 02:24:13.291,1.57774,1.57814,1.50,1.50
2013.06.03 02:24:16.589,1.57773,1.57814,1.50,1.69
2013.06.03 02:24:16.911,1.57767,1.5781,1.32,1.69
2013.06.03 02:24:17.089,1.57766,1.5781,1.32,1.69
2013.06.03 02:24:17.569,1.57769,1.57809,1.32,1.69
2013.06.03 02:24:17.994,1.57766,1.5781,1.13,1.69
2013.06.03 02:24:18.430,1.57769,1.5781,1.69,1.69
2013.06.03 02:24:18.549,1.57775,1.57816,1.69,1.32
2013.06.03 02:24:18.669,1.57774,1.57813,1.69,1.69
2013.06.03 02:24:19.209,1.57775,1.57813,1.32,1.69
2013.06.03 02:24:19.531,1.57772,1.57808,1.50,1.50
2013.06.03 02:24:21.130,1.5777,1.57809,2.25,1.50
2013.06.03 02:24:21.878,1.5777,1.57811,2.25,1.50
2013.06.03 02:24:21.939,1.5777,1.57814,2.25,1.69
2013.06.03 02:24:22.950,1.57774,1.57816,1.50,1.32
2013.06.03 02:24:23.730,1.57771,1.57815,2.48,1.69
2013.06.03 02:24:23.929,1.57773,1.57814,1.32,1.69
2013.06.03 02:24:24.701,1.57779,1.57814,1.13,1.69
2013.06.03 02:24:25.179,1.57777,1.57819,1.13,1.02
2013.06.03 02:24:25.700,1.57779,1.57819,1.32,1.02
2013.06.03 02:24:26.309,1.57779,1.57821,1.02,1.69
2013.06.03 02:24:26.891,1.57779,1.57821,1.17,1.69
2013.06.03 02:24:27.419,1.5778,1.57822,1.09,1.69
2013.06.03 02:24:27.659,1.57785,1.57822,1.32,1.69
2013.06.03 02:24:28.259,1.57782,1.57821,1.32,1.69
2013.06.03 02:24:33.599,1.57781,1.57822,1.09,1.69
2013.06.03 02:24:33.930,1.5778,1.57821,1.50,1.50
2013.06.03 02:24:34.469,1.57782,1.57821,1.32,1.50
2013.06.03 02:24:37.040,1.57782,1.57821,1.32,1.50
2013.06.03 02:24:39.969,1.57781,1.57821,1.02,1.50
2013.06.03 02:24:40.089,1.57781,1.57825,1.02,1.69
2013.06.03 02:24:40.328,1.57785,1.57826,1.32,1.69
2013.06.03 02:24:41.601,1.57784,1.57829,1.28,2.44
2013.06.03 02:24:42.139,1.57785,1.57829,1.92,1.69
2013.06.03 02:24:42.497,1.57788,1.57829,1.13,1.69
2013.06.03 02:24:42.749,1.57788,1.5783,1.50,1.69
2013.06.03 02:24:42.809,1.57787,1.57833,2.44,1.69
2013.06.03 02:24:45.406,1.57791,1.57832,1.50,1.69
2013.06.03 02:24:47.200,1.57791,1.57832,1.50,2.44
2013.06.03 02:24:47.899,1.57791,1.57831,1.50,1.69
2013.06.03 02:24:48.149,1.57782,1.57824,1.80,1.69
2013.06.03 02:24:48.639,1.57775,1.57819,1.50,2.44
2013.06.03 02:24:48.970,1.57772,1.57814,1.69,1.32
2013.06.03 02:24:55.280,1.57769,1.57814,1.69,1.32
2013.06.03 02:24:58.598,1.57769,1.5781,1.69,1.32
2013.06.03 02:24:59.969,1.57767,1.57808,2.44,1.13
2013.06.03 02:25:00.539,1.57769,1.57809,1.69,1.32
2013.06.03 02:25:01.240,1.5777,1.57813,1.69,1.32
2013.06.03 02:25:01.359,1.57771,1.57814,1.69,1.69
2013.06.03 02:25:01.480,1.5777,1.57811,1.69,1.32
2013.06.03 02:25:01.781,1.57769,1.57816,2.44,1.69
2013.06.03 02:25:06.959,1.57769,1.57812,2.44,1.32
2013.06.03 02:25:10.260,1.5777,1.57813,2.44,1.32
2013.06.03 02:25:10.579,1.57773,1.57818,2.44,1.32
2013.06.03 02:25:11.170,1.57774,1.5782,1.69,1.69
2013.06.03 02:25:13.260,1.57773,1.57819,1.32,1.69
2013.06.03 02:25:15.559,1.57772,1.57814,1.88,1.32
2013.06.03 02:25:16.523,1.57773,1.57816,1.50,1.69
2013.06.03 02:25:16.880,1.57772,1.57812,1.50,1.69
2013.06.03 02:25:22.248,1.5777,1.57812,1.50,1.69
2013.06.03 02:25:22.839,1.57774,1.57812,1.32,1.69
2013.06.03 02:25:27.886,1.57774,1.57812,1.32,1.50
2013.06.03 02:25:29.419,1.57775,1.57816,1.32,1.69
2013.06.03 02:25:29.539,1.57775,1.57816,1.32,1.69
2013.06.03 02:25:31.651,1.57769,1.57816,1.50,1.69
2013.06.03 02:25:31.962,1.57777,1.57816,1.13,1.50
2013.06.03 02:25:32.899,1.57778,1.57817,1.32,1.69
2013.06.03 02:25:34.469,1.57774,1.57816,1.50,1.69
2013.06.03 02:25:35.354,1.57776,1.57816,1.50,1.50
2013.06.03 02:25:43.820,1.57775,1.57817,1.32,1.69
2013.06.03 02:25:47.503,1.57775,1.57819,1.32,1.69
2013.06.03 02:25:47.629,1.57775,1.57819,1.69,1.69
2013.06.03 02:25:49.397,1.57779,1.57824,1.32,1.69
2013.06.03 02:25:49.939,1.57777,1.57819,1.32,1.13
2013.06.03 02:25:51.003,1.57775,1.57822,1.32,1.50
2013.06.03 02:25:57.329,1.57775,1.57818,1.32,1.32
2013.06.03 02:25:57.389,1.57775,1.57815,1.32,1.50
2013.06.03 02:25:57.869,1.5777,1.57814,1.13,1.69
2013.06.03 02:25:58.929,1.57772,1.57814,1.32,1.69
2013.06.03 02:25:59.439,1.5777,1.57813,1.13,1.69
2013.06.03 02:26:00.339,1.57774,1.57817,1.32,1.69
2013.06.03 02:26:00.671,1.57777,1.57817,1.50,1.32
2013.06.03 02:26:09.595,1.57777,1.5782,2.44,1.50
2013.06.03 02:26:11.619,1.57778,1.57822,1.69,1.32
2013.06.03 02:26:15.620,1.57775,1.57821,1.32,2.07
2013.06.03 02:26:15.680,1.57774,1.57819,1.32,1.50
2013.06.03 02:26:16.069,1.57773,1.57819,1.69,1.69
2013.06.03 02:26:22.330,1.5777,1.57813,2.07,1.69
2013.06.03 02:26:22.837,1.57769,1.57813,1.32,2.63
2013.06.03 02:26:25.359,1.57769,1.57812,2.07,1.69
2013.06.03 02:26:27.603,1.57769,1.57812,2.82,1.50
2013.06.03 02:26:28.709,1.57769,1.57812,2.07,1.69
2013.06.03 02:26:31.729,1.57769,1.57811,1.69,1.32
2013.06.03 02:26:32.979,1.57767,1.57809,1.32,1.69
2013.06.03 02:26:34.979,1.57768,1.57809,1.32,1.69
2013.06.03 02:26:35.519,1.57765,1.57808,1.13,1.69
2013.06.03 02:26:35.639,1.57763,1.57807,1.50,1.69
2013.06.03 02:26:35.940,1.5776,1.57804,1.02,1.32
2013.06.03 02:26:35.999,1.57759,1.57804,1.69,1.32
2013.06.03 02:26:36.439,1.57764,1.57807,1.69,1.32
2013.06.03 02:26:36.499,1.57764,1.57807,1.69,1.69
2013.06.03 02:26:37.062,1.57764,1.57809,2.44,1.69
2013.06.03 02:26:37.597,1.57765,1.57808,1.69,1.32
2013.06.03 02:26:40.720,1.57766,1.57809,1.88,1.32
2013.06.03 02:26:41.739,1.57762,1.57808,1.69,1.13
2013.06.03 02:26:42.101,1.57766,1.57808,1.13,1.13
2013.06.03 02:26:42.366,1.5776,1.57803,1.69,1.69
2013.06.03 02:26:42.442,1.57759,1.57802,2.07,1.69
2013.06.03 02:26:42.502,1.57759,1.57801,1.13,1.69
2013.06.03 02:26:43.960,1.57758,1.57803,1.32,2.07
2013.06.03 02:26:44.020,1.57759,1.57803,1.13,2.07
2013.06.03 02:26:44.140,1.57759,1.57801,1.32,1.69
2013.06.03 02:26:44.809,1.57761,1.578,1.32,1.50
2013.06.03 02:26:46.089,1.57764,1.57801,1.32,1.69
2013.06.03 02:26:47.501,1.57762,1.578,1.32,1.50
2013.06.03 02:26:47.559,1.57762,1.578,1.32,1.69
2013.06.03 02:26:49.139,1.57762,1.57799,1.13,1.69
2013.06.03 02:26:49.199,1.57752,1.57797,1.69,1.69
2013.06.03 02:26:49.439,1.5775,1.57795,3.19,1.69
2013.06.03 02:26:49.667,1.5775,1.57795,1.69,1.69
2013.06.03 02:26:49.733,1.57753,1.57798,1.50,1.88
2013.06.03 02:26:50.040,1.57759,1.57797,1.13,1.13
2013.06.03 02:26:50.411,1.57754,1.57797,1.50,1.13
2013.06.03 02:26:50.530,1.57755,1.57798,1.50,1.88
2013.06.03 02:26:51.080,1.57755,1.57798,1.13,1.13
2013.06.03 02:26:54.051,1.57756,1.57795,1.13,2.44
2013.06.03 02:26:54.858,1.57753,1.57795,1.13,2.44
2013.06.03 02:26:55.559,1.57753,1.57795,1.50,1.69
2013.06.03 02:26:55.681,1.57755,1.57798,1.69,1.50
2013.06.03 02:26:55.799,1.57755,1.57798,1.69,1.13
2013.06.03 02:26:56.100,1.57763,1.57807,1.69,1.69
2013.06.03 02:26:56.219,1.57766,1.57812,1.69,1.69
2013.06.03 02:26:56.400,1.57769,1.57814,1.69,1.69
2013.06.03 02:26:56.520,1.57773,1.57819,1.69,1.69
2013.06.03 02:26:57.461,1.57775,1.5782,1.69,1.13
2013.06.03 02:26:59.349,1.57779,1.5782,1.13,1.13
2013.06.03 02:26:59.689,1.57782,1.5782,1.50,1.13
2013.06.03 02:26:59.749,1.57782,1.57826,1.69,1.69
2013.06.03 02:27:00.670,1.57783,1.57826,1.50,1.69
2013.06.03 02:27:01.267,1.57785,1.57826,1.13,1.69
2013.06.03 02:27:07.229,1.57782,1.57826,1.69,1.69
2013.06.03 02:27:07.749,1.57781,1.57822,1.32,1.69
2013.06.03 02:27:08.868,1.57782,1.5782,1.32,1.69
2013.06.03 02:27:09.199,1.57773,1.57817,1.32,1.69
2013.06.03 02:27:09.378,1.57772,1.57816,1.13,1.69
2013.06.03 02:27:09.720,1.57773,1.57816,1.69,1.69
2013.06.03 02:27:09.901,1.57778,1.5782,1.32,2.63
2013.06.03 02:27:10.200,1.57781,1.5782,1.13,2.63
2013.06.03 02:27:10.819,1.57781,1.5782,1.13,2.63
2013.06.03 02:27:18.310,1.5778,1.57818,1.13,1.69
2013.06.03 02:27:18.959,1.57778,1.57817,1.13,1.69
2013.06.03 02:27:19.739,1.57778,1.57817,1.13,1.69
2013.06.03 02:27:20.910,1.57778,1.57816,1.13,1.69
2013.06.03 02:27:21.859,1.57781,1.57816,1.13,1.69
2013.06.03 02:27:22.399,1.5778,1.57819,1.13,1.69
2013.06.03 02:27:23.040,1.57777,1.57816,1.13,1.69
2013.06.03 02:27:23.979,1.57777,1.57817,1.32,1.69
2013.06.03 02:27:24.551,1.57778,1.57822,1.50,2.44
2013.06.03 02:27:25.159,1.57775,1.57824,1.50,1.69
2013.06.03 02:27:25.679,1.57781,1.57824,2.07,1.69
2013.06.03 02:27:25.919,1.57781,1.57824,2.07,1.69
2013.06.03 02:27:27.781,1.57786,1.57825,1.13,2.44
2013.06.03 02:27:28.420,1.57786,1.57825,2.01,2.44
2013.06.03 02:27:28.539,1.57786,1.57825,2.19,1.50
2013.06.03 02:27:28.781,1.57783,1.57826,1.50,1.69
2013.06.03 02:27:29.598,1.57783,1.5783,1.50,1.69
2013.06.03 02:27:31.040,1.57787,1.57829,1.32,1.69
2013.06.03 02:27:32.829,1.57787,1.57829,1.32,1.69
2013.06.03 02:27:40.799,1.57785,1.57827,1.50,1.32
2013.06.03 02:27:41.841,1.57785,1.57827,1.50,1.32
2013.06.03 02:27:48.469,1.57784,1.57829,1.13,2.44
2013.06.03 02:27:52.830,1.57782,1.57826,1.69,1.50
2013.06.03 02:27:59.690,1.57782,1.57824,1.69,1.32
2013.06.03 02:28:00.049,1.57782,1.57822,1.69,1.13
2013.06.03 02:28:02.259,1.57782,1.57822,1.69,1.32
2013.06.03 02:28:03.720,1.57782,1.57822,1.69,1.13
2013.06.03 02:28:04.160,1.57781,1.57827,1.69,1.13
2013.06.03 02:28:10.549,1.57781,1.57824,1.69,1.32
2013.06.03 02:28:13.439,1.57783,1.57828,1.69,1.88
2013.06.03 02:28:15.319,1.57783,1.57824,1.69,1.32
2013.06.03 02:28:16.680,1.57783,1.57824,1.69,1.32
2013.06.03 02:28:17.990,1.57783,1.57821,1.69,1.32
2013.06.03 02:28:19.378,1.57783,1.57823,1.69,1.32
2013.06.03 02:28:21.161,1.57783,1.57823,1.69,1.32
2013.06.03 02:28:23.989,1.57783,1.57823,1.69,1.32
2013.06.03 02:28:26.076,1.57783,1.57823,1.69,1.32
2013.06.03 02:28:27.899,1.57783,1.57823,3.19,1.13
2013.06.03 02:28:28.229,1.57789,1.5783,1.13,2.44
2013.06.03 02:28:28.819,1.57789,1.57827,1.13,1.32
2013.06.03 02:28:32.719,1.57785,1.57827,1.13,1.32
2013.06.03 02:28:38.407,1.57785,1.57827,1.13,1.32
2013.06.03 02:28:42.321,1.57785,1.57827,1.13,2.07
2013.06.03 02:28:44.679,1.57785,1.57827,1.13,1.32
2013.06.03 02:28:45.603,1.57788,1.57827,1.69,1.32
2013.06.03 02:28:48.260,1.57786,1.57827,1.13,1.32
2013.06.03 02:28:55.449,1.57786,1.57826,1.13,1.32
2013.06.03 02:28:59.924,1.57785,1.57825,1.13,1.32
2013.06.03 02:29:11.199,1.57785,1.57827,1.13,1.69
2013.06.03 02:29:14.249,1.57781,1.57825,1.69,1.69
2013.06.03 02:29:19.669,1.57777,1.57824,2.44,1.50
2013.06.03 02:29:19.790,1.57773,1.57819,1.69,1.69
2013.06.03 02:29:19.969,1.57771,1.57814,2.44,1.69
2013.06.03 02:29:21.899,1.57771,1.57812,2.44,1.32
2013.06.03 02:29:23.420,1.57771,1.57814,1.77,1.69
2013.06.03 02:29:23.740,1.5777,1.57813,1.02,1.95
2013.06.03 02:29:23.801,1.57768,1.57811,1.13,1.02
2013.06.03 02:29:23.921,1.57764,1.57806,1.69,1.13
2013.06.03 02:29:24.409,1.5776,1.57803,1.58,1.69
2013.06.03 02:29:24.470,1.57758,1.57801,1.50,1.69
2013.06.03 02:29:25.040,1.57756,1.57799,1.84,1.13
2013.06.03 02:29:25.400,1.57758,1.57799,1.50,1.13
2013.06.03 02:29:25.699,1.57758,1.57795,1.13,1.28
2013.06.03 02:29:25.820,1.57752,1.57796,1.88,1.13
2013.06.03 02:29:26.259,1.57749,1.57793,1.69,1.13
2013.06.03 02:29:26.380,1.57747,1.57789,1.69,1.13
2013.06.03 02:29:27.039,1.57749,1.57791,1.47,1.69
2013.06.03 02:29:27.692,1.57748,1.57791,1.69,1.69
2013.06.03 02:29:27.999,1.57757,1.57796,1.13,1.69
2013.06.03 02:29:28.060,1.57757,1.57795,1.13,1.69
2013.06.03 02:29:28.301,1.57757,1.57795,1.13,1.69
2013.06.03 02:29:28.361,1.57757,1.57796,1.32,1.69
2013.06.03 02:29:28.959,1.57757,1.57796,1.32,1.69
2013.06.03 02:29:31.536,1.57757,1.57797,1.02,1.69
2013.06.03 02:29:35.309,1.57758,1.57801,1.20,1.88
2013.06.03 02:29:35.370,1.57758,1.578,1.13,1.69
2013.06.03 02:29:35.500,1.57761,1.578,1.32,1.13
2013.06.03 02:29:36.180,1.57762,1.57805,1.50,1.32
2013.06.03 02:29:36.499,1.57767,1.57807,1.50,1.13
2013.06.03 02:29:36.620,1.57767,1.57807,1.50,1.13
2013.06.03 02:29:36.679,1.57767,1.5781,1.69,1.13
2013.06.03 02:29:36.740,1.57772,1.57816,1.50,1.88
2013.06.03 02:29:37.099,1.5778,1.57819,1.50,2.44
2013.06.03 02:29:37.220,1.5778,1.57822,1.50,1.13
2013.06.03 02:29:38.959,1.5778,1.57822,1.50,1.13
2013.06.03 02:29:39.089,1.57779,1.57821,1.32,1.69
2013.06.03 02:29:39.677,1.57778,1.5782,1.32,1.69
2013.06.03 02:29:40.480,1.57778,1.57818,1.13,1.69
2013.06.03 02:29:40.660,1.5778,1.57824,1.13,2.44
2013.06.03 02:29:41.020,1.57781,1.57828,1.02,1.69
2013.06.03 02:29:41.199,1.57784,1.57829,1.50,1.77
2013.06.03 02:29:41.740,1.57781,1.57826,1.13,2.44
2013.06.03 02:29:41.979,1.57773,1.57821,2.07,1.69
2013.06.03 02:29:42.710,1.57773,1.57821,2.07,1.69
2013.06.03 02:29:42.829,1.57772,1.57817,1.50,1.69
2013.06.03 02:29:43.579,1.57772,1.57816,1.13,1.69
2013.06.03 02:29:43.879,1.57768,1.57813,1.69,1.69
2013.06.03 02:29:44.550,1.57773,1.57815,1.13,1.13
2013.06.03 02:29:44.670,1.57773,1.57817,1.32,1.13
2013.06.03 02:29:45.220,1.57779,1.57825,1.69,1.69
2013.06.03 02:29:48.481,1.5778,1.57823,1.50,1.69
2013.06.03 02:29:49.000,1.57781,1.57821,1.50,1.69
2013.06.03 02:29:49.600,1.57781,1.57821,1.32,2.44
2013.06.03 02:29:51.049,1.5778,1.5782,1.13,1.69
2013.06.03 02:29:53.990,1.57778,1.57818,1.13,1.13
2013.06.03 02:29:54.111,1.57778,1.57818,1.13,1.13
2013.06.03 02:29:54.171,1.57779,1.57821,1.32,1.69
2013.06.03 02:29:54.230,1.5778,1.57823,1.69,1.32
2013.06.03 02:29:54.710,1.57784,1.57824,1.13,1.69
2013.06.03 02:29:58.220,1.57776,1.57821,1.50,1.69
2013.06.03 02:29:58.280,1.57776,1.57823,2.25,2.44
2013.06.03 02:30:04.129,1.57783,1.57825,1.50,1.69
2013.06.03 02:30:04.683,1.57776,1.57824,1.50,2.44
2013.06.03 02:30:10.799,1.57783,1.57822,1.13,1.69
2013.06.03 02:30:13.792,1.57777,1.57822,1.69,1.50
2013.06.03 02:30:13.851,1.57773,1.57822,2.44,1.50
2013.06.03 02:30:14.209,1.57772,1.57815,1.69,1.13
2013.06.03 02:30:14.511,1.57775,1.57815,1.50,1.13
2013.06.03 02:30:14.951,1.57778,1.57815,1.13,1.13
2013.06.03 02:30:25.590,1.57772,1.57815,1.69,1.13
2013.06.03 02:30:31.076,1.57773,1.57814,2.25,1.13
2013.06.03 02:30:45.332,1.57774,1.57814,1.50,1.13
2013.06.03 02:30:45.750,1.57778,1.57819,1.50,1.32
2013.06.03 02:30:48.160,1.5778,1.57819,1.13,1.32
2013.06.03 02:30:51.083,1.5778,1.57819,1.13,1.32
2013.06.03 02:30:55.501,1.5778,1.57818,1.13,1.69
2013.06.03 02:30:57.517,1.5778,1.57818,1.13,1.69
2013.06.03 02:31:08.443,1.57781,1.57819,1.13,2.07
2013.06.03 02:31:11.103,1.57781,1.57818,1.13,1.69
2013.06.03 02:31:12.450,1.57779,1.57818,1.50,1.69
2013.06.03 02:31:13.914,1.5778,1.57821,1.13,1.69
2013.06.03 02:31:14.380,1.57779,1.57821,1.32,1.88
2013.06.03 02:31:23.099,1.57779,1.5782,1.17,2.07
2013.06.03 02:31:23.401,1.57778,1.57815,1.13,1.69
2013.06.03 02:31:23.581,1.57771,1.57813,1.13,1.69
2013.06.03 02:31:23.640,1.57771,1.57813,1.13,1.69
2013.06.03 02:31:23.760,1.57765,1.57806,1.69,1.69
2013.06.03 02:31:25.600,1.57766,1.57805,1.32,1.69
2013.06.03 02:31:31.043,1.57766,1.57804,1.13,1.69
2013.06.03 02:31:32.931,1.57766,1.57804,1.13,1.69
2013.06.03 02:31:34.871,1.57766,1.57804,1.13,1.69
2013.06.03 02:31:35.289,1.5776,1.57799,1.69,1.50
2013.06.03 02:31:35.530,1.57755,1.57799,1.69,1.88
2013.06.03 02:31:35.800,1.57754,1.57798,1.69,1.13
2013.06.03 02:31:36.589,1.57756,1.57798,1.69,1.13
2013.06.03 02:31:37.255,1.57752,1.57797,2.44,1.69
2013.06.03 02:31:37.320,1.57753,1.57796,1.32,1.69
2013.06.03 02:31:37.381,1.57753,1.57793,1.13,1.13
2013.06.03 02:31:37.680,1.57748,1.57791,1.32,1.13
2013.06.03 02:31:37.800,1.57748,1.57788,1.13,1.69
2013.06.03 02:31:37.861,1.57744,1.57786,1.13,1.69
2013.06.03 02:31:37.920,1.57743,1.57786,1.50,1.92
2013.06.03 02:31:38.099,1.57737,1.57782,2.44,1.69
2013.06.03 02:31:39.469,1.57737,1.57784,1.77,1.88
2013.06.03 02:31:39.829,1.57743,1.57783,1.02,1.69
2013.06.03 02:31:40.070,1.57744,1.57788,1.39,1.69
2013.06.03 02:31:40.250,1.57744,1.57785,1.32,1.69
2013.06.03 02:31:40.370,1.57744,1.57782,1.13,1.69
2013.06.03 02:31:41.042,1.57744,1.57783,1.13,1.69
2013.06.03 02:31:43.699,1.57745,1.57783,1.13,1.69
2013.06.03 02:31:45.340,1.57741,1.57785,2.07,2.85
2013.06.03 02:31:45.917,1.57743,1.57783,1.32,1.73
2013.06.03 02:31:46.619,1.57742,1.57782,1.32,1.13
2013.06.03 02:31:49.491,1.5774,1.57781,1.32,1.13
2013.06.03 02:31:54.082,1.57743,1.57782,1.32,1.13
2013.06.03 02:31:54.622,1.57741,1.57783,1.32,1.58
2013.06.03 02:31:54.980,1.57739,1.5778,1.32,1.35
2013.06.03 02:31:55.099,1.57739,1.5778,1.32,1.35
2013.06.03 02:31:55.340,1.57733,1.57775,1.13,1.69
2013.06.03 02:31:58.180,1.57732,1.57774,2.25,2.67
2013.06.03 02:31:59.360,1.57732,1.57773,2.25,1.69
2013.06.03 02:32:04.900,1.57732,1.57773,1.20,1.69
2013.06.03 02:32:04.960,1.57732,1.57773,2.25,1.69
2013.06.03 02:32:05.200,1.57732,1.57774,1.20,1.69
2013.06.03 02:32:06.081,1.57735,1.57773,1.32,1.69
2013.06.03 02:32:06.251,1.57736,1.57775,1.32,2.67
2013.06.03 02:32:08.420,1.57735,1.57774,1.32,1.92
2013.06.03 02:32:14.093,1.57733,1.57775,1.50,3.42
2013.06.03 02:32:15.301,1.57734,1.57774,1.13,1.69
2013.06.03 02:32:16.789,1.57735,1.57774,1.32,1.69
2013.06.03 02:32:18.161,1.57732,1.57773,1.50,1.69
2013.06.03 02:32:21.210,1.57732,1.57773,1.32,2.67
2013.06.03 02:32:24.860,1.57733,1.57773,1.32,2.67
2013.06.03 02:32:24.920,1.57736,1.57773,1.13,1.92
2013.06.03 02:32:25.820,1.57736,1.57775,2.07,2.67
2013.06.03 02:32:26.680,1.57736,1.57775,1.50,2.67
2013.06.03 02:32:30.299,1.57737,1.57775,1.32,3.42
2013.06.03 02:32:34.729,1.57736,1.57775,1.50,2.67
2013.06.03 02:32:38.829,1.57736,1.57775,1.32,2.67
2013.06.03 02:32:40.640,1.57736,1.57775,1.32,2.67
2013.06.03 02:32:44.149,1.57736,1.57775,1.32,2.67
2013.06.03 02:32:46.920,1.57736,1.57775,1.32,2.67
2013.06.03 02:32:49.701,1.57734,1.57775,1.13,1.92
2013.06.03 02:32:52.515,1.57737,1.57775,1.32,1.92
2013.06.03 02:32:58.280,1.57737,1.57775,1.32,1.92
2013.06.03 02:32:58.800,1.57737,1.57776,1.13,3.04
2013.06.03 02:32:59.551,1.57736,1.57774,1.13,1.17
2013.06.03 02:33:00.542,1.57734,1.57774,1.13,1.92
2013.06.03 02:33:02.410,1.57734,1.57775,1.13,1.92
2013.06.03 02:33:02.470,1.57735,1.57775,1.13,1.17
2013.06.03 02:33:12.211,1.57735,1.57775,1.13,1.92
2013.06.03 02:33:16.930,1.57736,1.57775,1.13,1.69
2013.06.03 02:33:17.130,1.57736,1.57775,1.13,1.69
2013.06.03 02:33:17.370,1.57736,1.57775,1.13,2.67
2013.06.03 02:33:17.491,1.57732,1.57773,1.13,1.88
2013.06.03 02:33:17.671,1.5773,1.57773,1.69,1.32
2013.06.03 02:33:17.792,1.5773,1.57769,2.44,1.32
2013.06.03 02:33:17.911,1.5773,1.57769,2.44,1.32
2013.06.03 02:33:18.473,1.57729,1.57769,1.32,1.32
2013.06.03 02:33:18.760,1.57729,1.57771,1.32,2.07
2013.06.03 02:33:20.090,1.57729,1.57771,1.32,2.44
2013.06.03 02:33:20.520,1.57729,1.57766,1.32,1.13
2013.06.03 02:33:21.210,1.57729,1.57765,1.88,1.13
2013.06.03 02:33:23.090,1.57731,1.57764,1.13,1.13
2013.06.03 02:33:23.711,1.57734,1.57765,1.13,1.13
2013.06.03 02:33:25.060,1.57734,1.57765,1.13,1.13
2013.06.03 02:33:26.331,1.57734,1.57765,1.13,1.13
2013.06.03 02:33:27.077,1.57734,1.57769,1.13,1.88
2013.06.03 02:33:28.460,1.57736,1.57773,1.13,1.69
2013.06.03 02:33:28.580,1.57737,1.57778,1.69,1.13
2013.06.03 02:33:29.160,1.57739,1.57782,1.13,1.88
2013.06.03 02:33:29.417,1.5774,1.57782,1.13,1.88
2013.06.03 02:33:29.754,1.57744,1.57781,1.13,1.88
2013.06.03 02:33:33.571,1.57744,1.57782,1.13,1.88
2013.06.03 02:33:35.073,1.57744,1.57781,1.13,2.63
2013.06.03 02:33:35.800,1.57745,1.57778,1.13,2.44
2013.06.03 02:33:37.191,1.57741,1.57778,1.13,1.69
2013.06.03 02:33:37.377,1.57741,1.57776,1.13,1.69
2013.06.03 02:33:37.980,1.57733,1.57776,1.32,2.44
2013.06.03 02:33:38.040,1.57732,1.57775,1.32,1.69
2013.06.03 02:33:38.190,1.57738,1.57776,1.13,2.44
2013.06.03 02:33:39.191,1.5774,1.57774,1.13,1.69
2013.06.03 02:33:39.868,1.5774,1.57776,1.13,1.13
2013.06.03 02:33:43.272,1.5774,1.57776,1.13,1.13
2013.06.03 02:33:45.160,1.5774,1.57776,1.13,1.13
2013.06.03 02:33:45.791,1.57734,1.57774,1.32,1.69
2013.06.03 02:33:46.031,1.57737,1.57774,1.69,1.69
2013.06.03 02:33:46.370,1.57739,1.57777,1.13,1.69
2013.06.03 02:33:46.960,1.57743,1.57777,1.13,1.69
2013.06.03 02:33:47.891,1.57743,1.57775,1.13,1.69
2013.06.03 02:33:49.580,1.57743,1.57776,1.13,1.69
2013.06.03 02:33:51.175,1.57743,1.57774,1.13,1.13
2013.06.03 02:33:52.882,1.57742,1.57777,1.13,1.69
2013.06.03 02:33:55.188,1.57742,1.57778,1.13,1.88
2013.06.03 02:33:57.420,1.57742,1.57778,1.13,2.63
2013.06.03 02:34:00.770,1.5774,1.57777,1.13,1.92
2013.06.03 02:34:06.271,1.57741,1.57776,1.13,1.69
2013.06.03 02:34:07.175,1.57742,1.57776,1.13,1.69
2013.06.03 02:34:11.190,1.57742,1.57776,1.13,1.69
2013.06.03 02:34:14.895,1.57742,1.57776,1.13,2.44
2013.06.03 02:34:16.240,1.57742,1.57775,1.13,1.69
2013.06.03 02:34:22.870,1.57743,1.57775,1.13,1.69
2013.06.03 02:34:23.050,1.57743,1.57776,1.13,1.69
2013.06.03 02:34:23.110,1.57745,1.57776,1.13,1.69
2013.06.03 02:34:23.229,1.57741,1.57777,1.13,2.44
2013.06.03 02:34:29.176,1.57741,1.57777,1.13,1.69
2013.06.03 02:34:36.140,1.57741,1.57775,1.13,1.69
2013.06.03 02:34:36.320,1.5774,1.57775,1.13,1.69
2013.06.03 02:34:38.240,1.5774,1.57776,1.13,1.69
2013.06.03 02:34:38.420,1.5774,1.57776,1.13,1.69
2013.06.03 02:34:39.192,1.57741,1.57776,1.13,1.69
2013.06.03 02:34:40.330,1.57739,1.57777,1.13,1.69
2013.06.03 02:34:40.450,1.57741,1.57776,1.13,1.88
2013.06.03 02:34:45.600,1.57742,1.57778,1.13,1.69
2013.06.03 02:34:45.660,1.57739,1.57778,1.13,1.69
2013.06.03 02:34:45.900,1.57741,1.57776,1.13,1.54
2013.06.03 02:34:46.259,1.57743,1.57778,1.13,1.32
2013.06.03 02:34:49.310,1.57743,1.57776,1.13,1.32
2013.06.03 02:34:57.150,1.57744,1.57775,1.13,1.13
2013.06.03 02:35:00.180,1.57741,1.57776,1.13,1.13
2013.06.03 02:35:00.571,1.57744,1.57776,1.13,1.13
2013.06.03 02:35:07.285,1.57736,1.57774,1.69,1.13
2013.06.03 02:35:07.801,1.57734,1.57776,1.32,1.73
2013.06.03 02:35:07.860,1.57734,1.57776,1.32,1.73
2013.06.03 02:35:07.921,1.57734,1.57776,2.07,1.73
2013.06.03 02:35:08.578,1.57739,1.57776,1.13,1.73
2013.06.03 02:35:13.760,1.57738,1.57775,1.13,1.13
2013.06.03 02:35:15.134,1.57738,1.57775,1.32,1.13
2013.06.03 02:35:17.569,1.57739,1.57774,1.32,1.88
2013.06.03 02:35:18.454,1.57738,1.57774,1.32,1.13
2013.06.03 02:35:19.710,1.57739,1.57774,1.13,1.88
2013.06.03 02:35:20.394,1.57742,1.57784,1.32,1.88
2013.06.03 02:35:20.464,1.57743,1.57784,1.32,1.69
2013.06.03 02:35:20.712,1.57745,1.57788,1.13,1.32
2013.06.03 02:35:20.892,1.57745,1.57788,1.50,1.69
2013.06.03 02:35:21.252,1.57748,1.57784,1.13,1.69
2013.06.03 02:35:21.610,1.57751,1.57786,1.13,1.13
2013.06.03 02:35:21.670,1.57747,1.57786,2.25,1.13
2013.06.03 02:35:22.350,1.57748,1.57786,1.50,1.13
2013.06.03 02:35:22.527,1.57749,1.57786,1.13,1.13
2013.06.03 02:35:22.836,1.57754,1.57788,1.13,1.13
2013.06.03 02:35:23.880,1.5775,1.57788,1.13,1.13
2013.06.03 02:35:24.001,1.57751,1.57791,2.44,1.69
2013.06.03 02:35:24.181,1.57753,1.57796,1.32,2.44
2013.06.03 02:35:25.164,1.57753,1.57796,2.07,1.69
2013.06.03 02:35:25.340,1.57757,1.57796,1.13,1.69
2013.06.03 02:35:25.775,1.57759,1.57796,1.13,2.44
2013.06.03 02:35:29.202,1.57764,1.57796,1.13,1.32
2013.06.03 02:35:29.381,1.57764,1.57797,1.13,1.32
2013.06.03 02:35:30.210,1.57762,1.57797,1.13,1.32
2013.06.03 02:35:30.283,1.5776,1.57797,1.13,1.32
2013.06.03 02:35:30.770,1.57766,1.57797,1.13,1.32
2013.06.03 02:35:30.954,1.57764,1.57797,1.13,1.32
2013.06.03 02:35:31.180,1.57764,1.57797,1.13,1.32
2013.06.03 02:35:31.461,1.57764,1.57797,1.13,1.32
2013.06.03 02:35:32.291,1.57764,1.57798,1.13,1.50
2013.06.03 02:35:34.220,1.57763,1.57796,1.13,1.32
2013.06.03 02:35:34.734,1.57763,1.57796,1.13,2.44
2013.06.03 02:35:35.210,1.57765,1.57795,1.13,1.69
2013.06.03 02:35:35.551,1.57768,1.57795,1.13,1.69
2013.06.03 02:35:36.230,1.57764,1.57795,1.13,1.69
2013.06.03 02:35:36.473,1.57764,1.57795,1.13,1.69
2013.06.03 02:35:41.160,1.57768,1.57795,1.13,1.69
2013.06.03 02:35:45.202,1.57763,1.57796,1.13,1.69
2013.06.03 02:35:45.341,1.57764,1.57796,1.13,1.69
2013.06.03 02:35:45.978,1.57767,1.57796,1.13,1.69
2013.06.03 02:35:51.670,1.57765,1.57795,1.13,1.50
2013.06.03 02:35:52.264,1.57765,1.57794,1.13,1.32
2013.06.03 02:35:52.570,1.57769,1.57799,1.13,1.69
2013.06.03 02:35:52.690,1.57766,1.57803,1.13,1.69
2013.06.03 02:35:53.243,1.57768,1.57804,1.13,1.32
2013.06.03 02:35:53.301,1.57768,1.57811,2.07,1.69
2013.06.03 02:35:54.079,1.57772,1.57811,1.88,1.69
2013.06.03 02:35:54.851,1.57775,1.57811,1.13,1.69
2013.06.03 02:35:55.200,1.57777,1.57811,1.13,1.69
2013.06.03 02:35:55.768,1.5778,1.57811,1.13,1.69
2013.06.03 02:36:02.253,1.57778,1.5781,1.13,1.69
2013.06.03 02:36:02.310,1.57776,1.5781,1.13,1.69
2013.06.03 02:36:02.491,1.57781,1.57805,1.13,1.13
2013.06.03 02:36:02.730,1.57771,1.57804,1.50,1.50
2013.06.03 02:36:02.790,1.57771,1.57804,1.13,1.50
2013.06.03 02:36:03.030,1.57772,1.57805,1.13,1.50
2013.06.03 02:36:03.348,1.57775,1.57805,1.13,1.50
2013.06.03 02:36:22.252,1.57777,1.57807,1.13,1.32
2013.06.03 02:36:22.310,1.57779,1.57811,1.13,1.69
2013.06.03 02:36:22.611,1.57775,1.5781,1.13,1.69
2013.06.03 02:36:23.010,1.57777,1.57813,1.13,1.13
2013.06.03 02:36:23.520,1.57781,1.57813,1.13,1.13
2013.06.03 02:36:23.890,1.57778,1.57814,1.13,1.13
2013.06.03 02:36:23.951,1.57778,1.57814,1.13,1.13
2013.06.03 02:36:24.382,1.57781,1.57815,1.13,1.13
2013.06.03 02:36:30.608,1.57781,1.57815,1.13,1.13
2013.06.03 02:36:30.981,1.57776,1.57812,1.50,1.69
2013.06.03 02:36:31.102,1.57774,1.57812,1.13,1.69
2013.06.03 02:36:31.160,1.57774,1.57812,1.13,1.69
2013.06.03 02:36:31.520,1.57772,1.57814,1.69,1.88
2013.06.03 02:36:31.700,1.57776,1.57814,1.13,1.88
2013.06.03 02:36:32.060,1.5778,1.57809,1.13,1.69
2013.06.03 02:36:32.420,1.57773,1.5781,1.13,2.44
2013.06.03 02:36:32.481,1.57773,1.5781,1.88,2.44
2013.06.03 02:36:32.792,1.57777,1.5781,1.13,2.44
2013.06.03 02:36:33.310,1.57777,1.5781,1.13,1.69
2013.06.03 02:36:34.390,1.57781,1.57814,1.13,1.13
2013.06.03 02:36:35.000,1.57778,1.57812,1.13,1.69
2013.06.03 02:36:35.180,1.57778,1.57812,1.13,1.69
2013.06.03 02:36:38.700,1.57783,1.57816,1.13,2.44
2013.06.03 02:36:39.256,1.57781,1.57818,1.13,1.13
2013.06.03 02:36:39.670,1.57782,1.57819,1.13,1.88
2013.06.03 02:36:40.261,1.57785,1.57819,1.13,1.13
2013.06.03 02:36:41.196,1.57785,1.57819,1.13,1.13
2013.06.03 02:36:44.706,1.57785,1.5782,1.13,1.69
2013.06.03 02:36:46.281,1.57786,1.57823,1.13,1.13
2013.06.03 02:36:52.960,1.57779,1.57819,1.50,1.69
2013.06.03 02:36:53.020,1.57779,1.57816,1.13,1.32
2013.06.03 02:36:53.321,1.57774,1.57814,1.13,1.13
2013.06.03 02:36:53.440,1.57782,1.57814,1.13,1.13
2013.06.03 02:36:54.192,1.57782,1.57814,1.13,1.13
2013.06.03 02:36:55.620,1.57777,1.57813,1.13,1.13
2013.06.03 02:36:55.740,1.57777,1.57813,1.13,1.13
2013.06.03 02:36:56.300,1.5778,1.57814,1.13,1.13
2013.06.03 02:36:56.753,1.57781,1.57816,1.13,1.69
2013.06.03 02:36:56.930,1.57785,1.57821,1.13,1.69
2013.06.03 02:36:57.170,1.57783,1.57821,1.88,1.69
2013.06.03 02:36:57.712,1.57784,1.57825,1.50,1.69
2013.06.03 02:36:58.010,1.57786,1.57825,1.13,1.69
2013.06.03 02:36:58.462,1.57784,1.57828,1.32,2.44
2013.06.03 02:37:00.790,1.57789,1.57822,1.13,1.69
2013.06.03 02:37:01.277,1.57789,1.57824,1.13,2.44
2013.06.03 02:37:03.271,1.57789,1.5782,1.13,1.69
2013.06.03 02:37:08.000,1.57789,1.5782,1.13,1.69
2013.06.03 02:37:13.640,1.57789,1.57819,1.13,1.69
2013.06.03 02:37:16.072,1.57791,1.5782,1.13,2.44
2013.06.03 02:37:18.250,1.57791,1.5782,1.13,1.69
2013.06.03 02:37:20.772,1.57789,1.57821,1.13,1.69
2013.06.03 02:37:20.961,1.57791,1.57821,1.88,1.69
2013.06.03 02:37:21.610,1.5779,1.57821,1.13,1.69
2013.06.03 02:37:21.790,1.57792,1.5782,1.13,1.69
2013.06.03 02:37:22.252,1.57787,1.57821,1.13,1.69
2013.06.03 02:37:22.560,1.57787,1.5782,1.13,1.69
2013.06.03 02:37:32.611,1.57788,1.57823,1.13,1.50
2013.06.03 02:37:32.991,1.5778,1.57814,1.32,1.13
2013.06.03 02:37:33.051,1.5778,1.57816,1.32,1.69
2013.06.03 02:37:33.531,1.57776,1.57812,1.32,1.32
2013.06.03 02:37:34.491,1.57777,1.57812,1.13,1.32
2013.06.03 02:37:35.027,1.57781,1.57812,1.13,1.32
2013.06.03 02:37:50.126,1.57781,1.57811,1.13,1.32
2013.06.03 02:37:55.847,1.57781,1.57813,1.13,2.07
2013.06.03 02:38:00.302,1.57777,1.57813,1.13,2.07
2013.06.03 02:38:00.480,1.57777,1.57813,1.13,2.07
2013.06.03 02:38:01.051,1.5778,1.57812,1.13,1.32
2013.06.03 02:38:11.280,1.5778,1.57813,1.13,2.07
2013.06.03 02:38:21.211,1.57783,1.57812,1.13,1.32
2013.06.03 02:38:32.811,1.57778,1.57811,1.50,1.32
2013.06.03 02:38:32.930,1.57775,1.57811,1.50,1.32
2013.06.03 02:38:33.050,1.57778,1.57811,1.50,1.32
2013.06.03 02:38:33.498,1.57783,1.57811,1.13,1.32
2013.06.03 02:38:38.059,1.57783,1.57813,1.13,2.07
2013.06.03 02:38:38.420,1.57778,1.57813,1.13,2.07
2013.06.03 02:38:38.481,1.57777,1.57813,1.13,2.07
2013.06.03 02:38:38.660,1.57778,1.57813,1.13,2.07
2013.06.03 02:38:39.177,1.57782,1.57813,1.13,2.07
2013.06.03 02:38:46.996,1.57782,1.57813,1.13,2.07
2013.06.03 02:38:49.830,1.57782,1.57811,1.13,1.32
2013.06.03 02:38:50.490,1.57781,1.57811,1.13,1.32
2013.06.03 02:38:50.730,1.57781,1.57813,1.13,1.32
2013.06.03 02:38:51.030,1.57773,1.57813,1.69,1.32
2013.06.03 02:38:51.270,1.57769,1.57809,1.32,1.32
2013.06.03 02:38:51.392,1.57769,1.57804,1.32,1.32
2013.06.03 02:38:51.860,1.5777,1.57804,1.32,1.32
2013.06.03 02:38:52.212,1.57775,1.57804,1.13,1.32
2013.06.03 02:38:52.811,1.57768,1.57804,1.32,1.32
2013.06.03 02:38:53.438,1.57765,1.57804,1.32,1.32
2013.06.03 02:38:53.782,1.57772,1.57804,1.13,1.32
2013.06.03 02:38:57.560,1.57771,1.57807,1.13,1.69
2013.06.03 02:38:58.074,1.57775,1.57808,1.13,1.69
2013.06.03 02:39:00.810,1.57775,1.57808,1.13,1.69
2013.06.03 02:39:01.340,1.57772,1.57808,1.13,1.69
2013.06.03 02:39:07.131,1.57774,1.57808,1.13,1.69
2013.06.03 02:39:07.689,1.57775,1.57808,1.13,1.69
2013.06.03 02:39:08.571,1.57775,1.57808,1.13,1.69
2013.06.03 02:39:09.510,1.57774,1.57807,1.13,1.69
2013.06.03 02:39:09.860,1.57777,1.57807,1.13,1.69
2013.06.03 02:39:10.460,1.57775,1.57807,1.13,1.69
2013.06.03 02:39:17.490,1.57775,1.57806,1.13,2.44
2013.06.03 02:39:17.961,1.57768,1.57805,1.13,1.50
2013.06.03 02:39:19.710,1.57772,1.57804,1.13,1.50
2013.06.03 02:39:28.850,1.57772,1.57804,1.13,1.50
2013.06.03 02:39:29.325,1.57775,1.57804,1.13,1.50
2013.06.03 02:39:29.497,1.57775,1.57806,1.13,1.50
2013.06.03 02:39:37.852,1.57776,1.57803,1.13,1.32
2013.06.03 02:39:40.701,1.57776,1.57806,1.13,2.07
2013.06.03 02:39:41.651,1.57771,1.57806,1.50,2.07
2013.06.03 02:39:41.711,1.57767,1.57804,1.50,1.50
2013.06.03 02:39:42.080,1.57772,1.57804,1.13,1.50
2013.06.03 02:39:46.140,1.57772,1.57802,1.13,1.50
2013.06.03 02:39:47.224,1.57772,1.57806,1.13,1.50
2013.06.03 02:39:48.512,1.57775,1.57806,1.13,1.50
2013.06.03 02:40:01.248,1.57775,1.57809,1.13,2.25
2013.06.03 02:40:03.873,1.57775,1.57806,1.13,1.32
2013.06.03 02:40:12.393,1.57772,1.57803,1.13,1.50
2013.06.03 02:40:12.511,1.57772,1.57807,1.13,1.50
2013.06.03 02:40:17.866,1.57772,1.57804,1.13,1.50
2013.06.03 02:40:24.170,1.57768,1.57803,1.50,1.50
2013.06.03 02:40:24.230,1.5776,1.57803,1.88,1.50
2013.06.03 02:40:24.591,1.57768,1.57801,1.13,1.13
2013.06.03 02:40:24.951,1.57771,1.57803,1.13,1.13
2013.06.03 02:40:25.391,1.57771,1.57807,1.13,1.50
2013.06.03 02:40:25.751,1.57775,1.57807,1.13,1.50
2013.06.03 02:40:26.412,1.57775,1.57803,1.13,1.13
2013.06.03 02:40:26.730,1.5777,1.57803,1.13,1.13
2013.06.03 02:40:26.790,1.5777,1.57803,1.13,1.13
2013.06.03 02:40:27.092,1.5777,1.57805,1.13,1.50
2013.06.03 02:40:30.791,1.5777,1.57805,1.13,1.50
2013.06.03 02:40:31.302,1.5777,1.57803,1.13,1.50
2013.06.03 02:40:35.591,1.5777,1.57806,1.13,1.50
2013.06.03 02:40:36.981,1.5777,1.57799,1.13,1.13
2013.06.03 02:40:39.354,1.5777,1.57799,1.13,1.13
2013.06.03 02:40:46.432,1.57771,1.57801,1.13,1.50
2013.06.03 02:40:48.070,1.57771,1.57802,1.13,1.13
2013.06.03 02:40:50.213,1.57771,1.57803,1.13,1.13
2013.06.03 02:41:00.321,1.57771,1.57803,1.13,1.13
2013.06.03 02:41:04.285,1.57771,1.57802,1.13,1.13
2013.06.03 02:41:06.810,1.57771,1.57804,1.13,1.13
2013.06.03 02:41:07.322,1.57765,1.578,1.50,1.50
2013.06.03 02:41:07.381,1.57765,1.57799,1.50,1.13
2013.06.03 02:41:07.801,1.57767,1.57801,1.13,1.13
2013.06.03 02:41:08.383,1.57771,1.57801,1.13,1.13
2013.06.03 02:41:10.841,1.57771,1.57802,1.13,1.88
2013.06.03 02:41:11.254,1.57771,1.57802,1.13,1.88
2013.06.03 02:41:11.791,1.57767,1.57803,1.13,1.88
2013.06.03 02:41:12.732,1.57767,1.578,1.13,1.32
2013.06.03 02:41:13.092,1.57767,1.57798,1.13,1.13
2013.06.03 02:41:13.156,1.57759,1.57801,1.50,1.50
2013.06.03 02:41:13.581,1.57764,1.57801,1.13,1.50
2013.06.03 02:41:14.191,1.57767,1.57798,1.13,1.13
2013.06.03 02:41:15.731,1.57767,1.578,1.32,1.50
2013.06.03 02:41:16.811,1.57768,1.57799,1.13,1.50
2013.06.03 02:41:17.051,1.57767,1.57794,1.13,1.50
2013.06.03 02:41:17.501,1.57767,1.57801,1.13,1.69
2013.06.03 02:41:17.951,1.57769,1.57798,1.13,1.13
2013.06.03 02:41:18.193,1.57771,1.57804,1.13,1.32
2013.06.03 02:41:18.372,1.57767,1.57804,1.13,1.69
2013.06.03 02:41:18.491,1.57768,1.57804,1.13,1.69
2013.06.03 02:41:18.730,1.57772,1.57804,1.13,1.69
2013.06.03 02:41:19.091,1.57772,1.57804,1.13,1.69
2013.06.03 02:41:20.901,1.57769,1.57803,1.32,1.50
2013.06.03 02:41:20.961,1.57769,1.57803,1.32,1.50
2013.06.03 02:41:21.261,1.5777,1.57803,1.32,1.50
2013.06.03 02:41:21.511,1.57771,1.57803,1.13,1.50
2013.06.03 02:41:21.854,1.57775,1.57803,1.13,1.50
2013.06.03 02:41:22.432,1.57774,1.57806,1.32,1.69
2013.06.03 02:41:22.491,1.57774,1.57806,1.32,1.69
2013.06.03 02:41:22.791,1.57777,1.57807,1.13,1.69
2013.06.03 02:41:23.221,1.57764,1.57802,3.14,1.50
2013.06.03 02:41:23.553,1.57777,1.57802,1.13,1.50
2013.06.03 02:41:24.401,1.57774,1.57802,1.32,1.50
2013.06.03 02:41:34.101,1.57772,1.57802,1.32,1.50
2013.06.03 02:41:34.281,1.57772,1.57803,1.32,1.50
2013.06.03 02:41:34.728,1.57774,1.57803,1.13,1.50
2013.06.03 02:41:35.220,1.57773,1.57802,1.13,1.50
2013.06.03 02:41:35.530,1.57775,1.57803,1.13,1.50
2013.06.03 02:41:40.772,1.57773,1.57803,1.13,1.50
2013.06.03 02:41:40.951,1.57772,1.57802,1.13,1.50
2013.06.03 02:41:41.261,1.57774,1.57806,1.13,1.69
2013.06.03 02:41:42.795,1.57774,1.57806,1.13,1.69
2013.06.03 02:41:43.640,1.57777,1.57806,1.13,1.69
2013.06.03 02:41:44.291,1.57773,1.57807,1.13,1.69
2013.06.03 02:41:48.721,1.57766,1.5781,1.66,1.69
2013.06.03 02:41:49.441,1.57766,1.5781,1.66,1.69
2013.06.03 02:41:55.793,1.57777,1.57811,1.13,1.69
2013.06.03 02:41:58.790,1.57777,1.57808,1.13,1.13
2013.06.03 02:42:00.520,1.57774,1.57808,1.13,1.13
2013.06.03 02:42:01.390,1.57774,1.57809,1.13,1.13
2013.06.03 02:42:05.180,1.57774,1.5781,1.13,1.13
2013.06.03 02:42:06.855,1.57774,1.5781,1.13,1.13
2013.06.03 02:42:08.331,1.57774,1.57809,1.13,1.13
2013.06.03 02:42:08.860,1.57774,1.57809,1.13,1.32
2013.06.03 02:42:11.371,1.57774,1.57809,1.13,1.32
2013.06.03 02:42:12.242,1.57776,1.57809,1.13,1.32
2013.06.03 02:42:12.541,1.57775,1.57807,1.13,1.69
2013.06.03 02:42:12.781,1.57772,1.57806,1.13,1.50
2013.06.03 02:42:12.971,1.57774,1.57807,1.13,1.69
2013.06.03 02:42:13.202,1.57775,1.57809,1.13,1.32
2013.06.03 02:42:13.870,1.57775,1.57808,1.13,1.13
2013.06.03 02:42:14.360,1.5777,1.57808,1.32,1.88
2013.06.03 02:42:22.090,1.57773,1.57808,1.13,1.88
2013.06.03 02:42:22.291,1.57771,1.57807,1.13,1.88
2013.06.03 02:42:27.000,1.57771,1.57807,1.13,1.88
2013.06.03 02:42:27.900,1.57769,1.57808,1.13,1.88
2013.06.03 02:42:28.151,1.57771,1.57808,1.13,1.88
2013.06.03 02:42:28.741,1.5777,1.57807,1.13,1.88
2013.06.03 02:42:31.380,1.57772,1.57808,1.13,1.88
2013.06.03 02:42:31.780,1.57773,1.57808,1.13,1.88
2013.06.03 02:42:33.902,1.57773,1.57808,1.13,2.63
2013.06.03 02:42:35.602,1.57773,1.57807,1.13,1.69
2013.06.03 02:42:41.661,1.5777,1.57807,1.13,2.63
2013.06.03 02:42:41.961,1.57773,1.57807,1.13,1.69
2013.06.03 02:42:43.146,1.57771,1.57807,1.13,1.69
2013.06.03 02:42:43.200,1.57769,1.57807,1.13,1.69
2013.06.03 02:42:43.420,1.57771,1.57807,1.13,1.69
2013.06.03 02:42:43.751,1.57769,1.57807,1.13,1.69
2013.06.03 02:42:43.870,1.57769,1.57807,1.13,1.69
2013.06.03 02:42:45.170,1.57769,1.57808,1.13,1.88
2013.06.03 02:42:45.480,1.57773,1.57808,1.13,1.88
2013.06.03 02:42:45.721,1.57769,1.57808,1.13,1.88
2013.06.03 02:42:46.013,1.57771,1.57807,1.13,1.88
2013.06.03 02:42:47.320,1.57769,1.57808,1.13,1.88
2013.06.03 02:42:51.402,1.57769,1.57808,1.32,2.85
2013.06.03 02:42:54.501,1.5777,1.57805,1.32,1.69
2013.06.03 02:43:05.826,1.5777,1.57805,1.32,1.69
2013.06.03 02:43:08.093,1.5777,1.57806,1.13,1.69
2013.06.03 02:43:08.212,1.57766,1.57808,1.50,1.69
2013.06.03 02:43:08.452,1.57771,1.57808,1.32,2.67
2013.06.03 02:43:08.850,1.57768,1.57813,1.50,2.63
2013.06.03 02:43:09.519,1.57768,1.57813,1.50,2.63
2013.06.03 02:43:09.642,1.57774,1.57813,1.13,2.63
2013.06.03 02:43:09.967,1.57775,1.57813,1.13,2.63
2013.06.03 02:43:10.131,1.57777,1.57813,1.13,2.63
2013.06.03 02:43:10.490,1.57776,1.57813,1.13,2.63
2013.06.03 02:43:10.636,1.57777,1.57812,1.13,1.88
2013.06.03 02:43:11.188,1.5778,1.57812,1.13,1.69
2013.06.03 02:43:11.520,1.57774,1.5781,1.50,1.13
2013.06.03 02:43:11.582,1.57771,1.57808,1.13,1.69
2013.06.03 02:43:12.182,1.57766,1.57808,1.80,1.69
2013.06.03 02:43:12.901,1.57773,1.57807,1.32,1.50
2013.06.03 02:43:15.212,1.57773,1.57807,1.13,1.69
2013.06.03 02:43:18.240,1.57773,1.57807,1.13,1.69
2013.06.03 02:43:21.441,1.57763,1.57807,1.50,1.69
2013.06.03 02:43:21.989,1.57769,1.57808,1.50,1.69
2013.06.03 02:43:28.111,1.57769,1.57808,1.50,1.69
2013.06.03 02:43:29.493,1.57769,1.57808,1.50,1.69
2013.06.03 02:43:29.671,1.5777,1.57807,1.32,1.69
2013.06.03 02:43:30.068,1.57772,1.57808,1.13,1.69
2013.06.03 02:43:30.374,1.57769,1.57803,1.13,1.69
2013.06.03 02:43:30.621,1.57757,1.578,1.32,1.50
2013.06.03 02:43:30.743,1.57754,1.57795,1.13,1.54
2013.06.03 02:43:30.982,1.57748,1.5779,1.69,1.17
2013.06.03 02:43:31.602,1.57743,1.57787,1.88,1.92
2013.06.03 02:43:31.723,1.57742,1.57781,1.13,1.32
2013.06.03 02:43:31.962,1.57742,1.57778,1.50,1.54
2013.06.03 02:43:33.062,1.57737,1.57783,2.44,2.07
2013.06.03 02:43:33.632,1.57737,1.57782,2.44,2.07
2013.06.03 02:43:34.351,1.5774,1.57782,1.50,2.07
2013.06.03 02:43:43.732,1.57747,1.5778,1.13,1.69
2013.06.03 02:43:44.281,1.57749,1.5778,1.13,1.69
2013.06.03 02:43:45.271,1.57746,1.5778,1.13,1.69
2013.06.03 02:43:49.231,1.57746,1.5778,1.13,1.69
2013.06.03 02:43:55.482,1.57746,1.57782,1.13,1.69
2013.06.03 02:43:55.792,1.57749,1.57782,1.13,1.69
2013.06.03 02:44:00.736,1.57749,1.57783,1.13,2.44
2013.06.03 02:44:04.680,1.57749,1.57783,1.13,1.69
2013.06.03 02:44:06.211,1.57748,1.57784,1.13,1.92
2013.06.03 02:44:07.240,1.57749,1.57782,1.13,1.69
2013.06.03 02:44:10.851,1.5775,1.57782,1.13,1.69
2013.06.03 02:44:11.033,1.5775,1.57784,1.13,1.69
2013.06.03 02:44:11.671,1.57751,1.57784,1.13,1.69
2013.06.03 02:44:14.024,1.57751,1.57784,1.13,1.69
2013.06.03 02:44:26.561,1.57751,1.57784,1.13,1.69
2013.06.03 02:44:26.921,1.57736,1.5778,1.32,2.44
2013.06.03 02:44:26.981,1.57736,1.5778,1.69,2.44
2013.06.03 02:44:27.161,1.57733,1.57774,2.82,1.73
2013.06.03 02:44:28.441,1.5774,1.57775,1.32,1.92
2013.06.03 02:44:31.378,1.5774,1.57773,1.13,1.17
2013.06.03 02:44:34.661,1.5774,1.57773,1.13,1.92
2013.06.03 02:44:34.781,1.57733,1.57771,1.50,1.69
2013.06.03 02:44:35.261,1.57729,1.57768,1.32,1.69
2013.06.03 02:44:35.441,1.57736,1.57769,1.13,2.67
2013.06.03 02:44:35.968,1.57737,1.5777,1.13,1.69
2013.06.03 02:44:36.492,1.57737,1.57771,1.13,1.69
2013.06.03 02:44:43.461,1.57737,1.57769,1.13,2.67
2013.06.03 02:44:43.821,1.57726,1.57762,1.13,1.69
2013.06.03 02:44:43.881,1.5772,1.57762,1.32,1.69
2013.06.03 02:44:44.592,1.57718,1.57761,2.25,1.69
2013.06.03 02:44:45.581,1.57724,1.57761,1.50,1.69
2013.06.03 02:44:46.133,1.57725,1.57761,1.13,1.69
2013.06.03 02:44:47.353,1.57725,1.57761,1.13,2.44
2013.06.03 02:44:53.501,1.57725,1.57758,1.13,1.69
2013.06.03 02:44:53.621,1.57714,1.57757,1.32,1.69
2013.06.03 02:44:53.741,1.5772,1.57753,1.13,1.17
2013.06.03 02:44:54.102,1.57708,1.57749,2.44,1.69
2013.06.03 02:44:54.281,1.57703,1.57745,1.69,1.69
2013.06.03 02:44:54.401,1.57703,1.57745,1.69,1.69
2013.06.03 02:44:55.381,1.57699,1.57742,2.25,1.69
2013.06.03 02:44:55.621,1.57699,1.57742,1.32,3.42
2013.06.03 02:44:55.801,1.57694,1.57735,1.69,1.92
2013.06.03 02:44:56.041,1.57692,1.57731,1.69,1.17
2013.06.03 02:44:56.164,1.5769,1.57731,1.09,1.92
2013.06.03 02:44:56.341,1.57691,1.57731,1.69,1.17
2013.06.03 02:44:56.642,1.57698,1.57737,1.13,1.13
2013.06.03 02:44:56.952,1.57706,1.57738,1.13,1.13
2013.06.03 02:44:57.702,1.57706,1.57738,1.13,1.50
2013.06.03 02:44:57.821,1.57697,1.57733,1.32,1.13
2013.06.03 02:44:58.186,1.57699,1.57733,1.13,1.54
2013.06.03 02:44:58.491,1.57707,1.5774,1.88,1.50
2013.06.03 02:44:58.671,1.57706,1.5774,1.32,1.13
2013.06.03 02:44:58.971,1.57709,1.57747,1.50,1.69
2013.06.03 02:44:59.211,1.57709,1.57752,1.69,1.32
2013.06.03 02:44:59.392,1.57711,1.57753,1.69,1.13
2013.06.03 02:44:59.881,1.57716,1.57753,1.50,1.13
2013.06.03 02:45:00.181,1.5772,1.57757,1.69,1.13
2013.06.03 02:45:00.681,1.57722,1.5776,1.50,1.32
2013.06.03 02:45:00.741,1.57725,1.57762,1.50,1.69
2013.06.03 02:45:01.501,1.57725,1.57762,1.69,1.92
2013.06.03 02:45:02.913,1.57727,1.57762,1.13,1.92
2013.06.03 02:45:06.590,1.57727,1.57764,1.50,1.92
2013.06.03 02:45:07.012,1.5773,1.57762,1.50,1.17
2013.06.03 02:45:07.154,1.5773,1.57769,1.69,1.32
2013.06.03 02:45:07.221,1.5773,1.57772,2.07,1.32
2013.06.03 02:45:07.342,1.57731,1.57773,1.50,1.69
2013.06.03 02:45:07.652,1.57731,1.57771,1.50,1.92
2013.06.03 02:45:07.953,1.57735,1.57771,1.13,1.92
2013.06.03 02:45:10.679,1.57734,1.5777,1.13,1.69
2013.06.03 02:45:13.441,1.57733,1.57773,2.07,2.52
2013.06.03 02:45:13.681,1.57728,1.57767,1.32,1.92
2013.06.03 02:45:13.921,1.57728,1.57765,1.50,1.13
2013.06.03 02:45:14.161,1.5773,1.57767,1.13,1.69
2013.06.03 02:45:14.708,1.57729,1.57766,1.13,1.69
2013.06.03 02:45:15.178,1.57729,1.57768,1.13,1.69
2013.06.03 02:45:17.231,1.5773,1.5777,1.32,2.07
2013.06.03 02:45:17.291,1.5773,1.5777,1.69,1.69
2013.06.03 02:45:17.412,1.5773,1.57774,1.69,2.29
2013.06.03 02:45:18.621,1.57733,1.57774,1.69,1.92
2013.06.03 02:45:19.072,1.57737,1.57774,1.13,1.92
2013.06.03 02:45:19.781,1.57734,1.57774,1.32,1.92
2013.06.03 02:45:19.960,1.57736,1.57774,1.13,1.92
2013.06.03 02:45:20.751,1.57734,1.57772,1.32,2.67
2013.06.03 02:45:21.051,1.57728,1.57769,1.32,2.29
2013.06.03 02:45:21.592,1.57722,1.57766,2.44,2.67
2013.06.03 02:45:21.991,1.57722,1.57764,1.69,2.10
2013.06.03 02:45:22.301,1.57718,1.57761,1.69,1.69
2013.06.03 02:45:22.361,1.57718,1.57761,1.69,1.69
2013.06.03 02:45:23.421,1.57713,1.57758,2.44,1.69
2013.06.03 02:45:25.231,1.57716,1.57757,1.13,2.67
2013.06.03 02:45:25.642,1.57717,1.57757,1.13,2.67
2013.06.03 02:45:25.941,1.57724,1.57767,1.88,1.88
2013.06.03 02:45:26.182,1.57726,1.57767,1.88,1.13
2013.06.03 02:45:26.361,1.57734,1.57776,1.69,2.44
2013.06.03 02:45:26.482,1.57735,1.57775,1.69,1.69
2013.06.03 02:45:26.992,1.57735,1.57777,1.69,1.69
2013.06.03 02:45:27.748,1.57736,1.57777,1.50,1.69
2013.06.03 02:45:28.614,1.57736,1.57777,1.50,1.69
2013.06.03 02:45:28.733,1.57739,1.57777,1.50,1.69
2013.06.03 02:45:29.152,1.57739,1.57782,3.38,1.13
2013.06.03 02:45:29.391,1.57745,1.57786,1.69,1.69
2013.06.03 02:45:29.751,1.57748,1.57788,1.50,1.13
2013.06.03 02:45:30.292,1.57748,1.5779,1.50,1.69
2013.06.03 02:45:30.954,1.57748,1.57791,1.50,1.69
2013.06.03 02:45:31.471,1.5775,1.57791,1.13,1.69
2013.06.03 02:45:31.551,1.5775,1.57791,1.13,1.69
2013.06.03 02:45:31.610,1.5775,1.57791,1.88,1.69
2013.06.03 02:45:32.111,1.57753,1.57791,1.13,1.69
2013.06.03 02:45:32.914,1.57753,1.57792,1.32,1.69
2013.06.03 02:45:32.971,1.57753,1.57792,2.44,1.69
2013.06.03 02:45:33.212,1.5775,1.57792,2.07,1.69
2013.06.03 02:45:33.272,1.5775,1.57788,1.88,1.69
2013.06.03 02:45:33.391,1.5775,1.57788,1.13,1.69
2013.06.03 02:45:35.701,1.57754,1.57786,1.50,1.69
2013.06.03 02:45:35.821,1.57754,1.57792,1.50,1.88
2013.06.03 02:45:36.801,1.57756,1.57797,1.69,1.69
2013.06.03 02:45:36.861,1.57757,1.57798,1.69,1.69
2013.06.03 02:45:42.142,1.57759,1.57798,1.13,1.69
2013.06.03 02:45:42.442,1.57759,1.57801,1.13,1.69
2013.06.03 02:45:42.501,1.57759,1.57796,1.13,1.69
2013.06.03 02:45:42.861,1.57756,1.57796,1.32,2.82
2013.06.03 02:45:43.511,1.57754,1.57791,1.13,2.07
2013.06.03 02:45:43.753,1.57745,1.5779,1.69,1.88
2013.06.03 02:45:46.521,1.57753,1.57789,1.13,1.69
2013.06.03 02:45:46.641,1.57753,1.57791,1.32,1.69
2013.06.03 02:45:47.191,1.57754,1.57794,1.32,2.63
2013.06.03 02:45:47.432,1.57751,1.57794,1.32,2.63
2013.06.03 02:45:48.291,1.57755,1.57794,1.32,1.69
2013.06.03 02:45:51.499,1.57755,1.57794,1.13,1.69
2013.06.03 02:45:52.001,1.57755,1.57794,1.13,1.69
2013.06.03 02:45:52.061,1.57752,1.57794,1.32,2.63
2013.06.03 02:45:52.361,1.57753,1.57794,1.13,2.63
2013.06.03 02:45:52.694,1.57755,1.57794,1.13,1.69
2013.06.03 02:45:53.901,1.57755,1.57794,1.13,1.69
2013.06.03 02:45:54.421,1.57755,1.57791,1.13,1.69
2013.06.03 02:45:55.038,1.57755,1.57791,1.13,1.69
2013.06.03 02:45:57.462,1.57755,1.57788,1.13,2.59
2013.06.03 02:45:57.761,1.57749,1.57784,1.13,1.69
2013.06.03 02:45:58.671,1.5775,1.57788,1.13,1.69
2013.06.03 02:46:01.991,1.5775,1.57792,1.13,3.94
2013.06.03 02:46:02.068,1.57749,1.57792,2.25,2.44
2013.06.03 02:46:02.305,1.57752,1.57792,1.50,1.69
2013.06.03 02:46:02.911,1.57753,1.57791,1.50,1.69
2013.06.03 02:46:03.441,1.57755,1.57791,1.13,1.69
2013.06.03 02:46:03.891,1.57752,1.57794,1.50,2.07
2013.06.03 02:46:04.971,1.57754,1.57791,1.13,1.69
2013.06.03 02:46:06.341,1.57752,1.57791,1.50,1.69
2013.06.03 02:46:06.651,1.57752,1.57793,1.69,1.88
2013.06.03 02:46:07.201,1.57754,1.57794,1.69,1.69
2013.06.03 02:46:07.931,1.57755,1.57794,1.13,1.69
2013.06.03 02:46:08.463,1.57751,1.57794,2.44,1.69
2013.06.03 02:46:13.982,1.57751,1.57794,2.25,1.69
2013.06.03 02:46:17.051,1.57753,1.57794,1.50,1.69
2013.06.03 02:46:17.531,1.57754,1.57794,1.13,1.88
2013.06.03 02:46:21.501,1.57754,1.57794,1.13,1.13
2013.06.03 02:46:22.622,1.57751,1.57794,1.69,1.32
2013.06.03 02:46:25.309,1.57751,1.57794,1.50,1.32
2013.06.03 02:46:30.531,1.57751,1.57795,1.50,2.82
2013.06.03 02:46:36.402,1.57751,1.57793,1.50,1.69
2013.06.03 02:46:37.768,1.57755,1.57791,1.50,1.69
2013.06.03 02:46:38.281,1.57753,1.57795,1.69,1.88
2013.06.03 02:46:39.215,1.57753,1.57796,1.88,2.07
2013.06.03 02:46:40.811,1.57753,1.57796,1.88,2.07
2013.06.03 02:46:51.571,1.57753,1.57796,1.88,2.07
2013.06.03 02:47:06.156,1.57755,1.57795,1.50,1.32
2013.06.03 02:47:18.210,1.5775,1.57793,1.69,1.69
2013.06.03 02:47:18.331,1.5775,1.57791,1.50,1.69
2013.06.03 02:47:23.561,1.5775,1.5779,1.69,1.69
2013.06.03 02:47:33.954,1.5775,1.57791,1.50,1.69
2013.06.03 02:47:37.782,1.5775,1.57791,1.50,1.69
2013.06.03 02:47:41.301,1.5775,1.57791,1.69,1.69
2013.06.03 02:47:42.121,1.5775,1.57791,1.69,1.69
2013.06.03 02:47:43.112,1.5775,1.5779,1.50,1.69
2013.06.03 02:47:43.231,1.57745,1.57785,1.50,1.69
2013.06.03 02:47:46.851,1.57745,1.57783,1.50,1.69
2013.06.03 02:47:47.381,1.57745,1.57784,1.50,1.88
2013.06.03 02:47:48.302,1.57745,1.57784,1.50,1.88
2013.06.03 02:47:49.052,1.57743,1.57783,1.13,1.88
2013.06.03 02:47:52.761,1.57743,1.57783,1.13,1.88
2013.06.03 02:47:53.273,1.57741,1.57783,1.50,1.32
2013.06.03 02:47:55.972,1.57741,1.57783,1.69,1.32
2013.06.03 02:47:58.421,1.57741,1.57784,1.50,2.07
2013.06.03 02:48:04.194,1.57741,1.57781,1.13,1.69
2013.06.03 02:48:05.303,1.57741,1.57782,1.32,1.69
2013.06.03 02:48:06.581,1.57741,1.57781,1.13,1.69
2013.06.03 02:48:09.011,1.57741,1.57781,1.13,1.69
2013.06.03 02:48:11.782,1.57739,1.57781,1.69,1.69
2013.06.03 02:48:16.335,1.57739,1.57782,1.32,1.69
2013.06.03 02:48:21.247,1.57739,1.57781,1.32,1.69
2013.06.03 02:48:22.281,1.57741,1.57781,1.50,1.69
2013.06.03 02:48:22.401,1.57742,1.5778,1.13,1.69
2013.06.03 02:48:25.821,1.57741,1.57777,1.50,1.69
2013.06.03 02:48:25.942,1.57739,1.57777,1.13,1.69
2013.06.03 02:48:26.001,1.57733,1.57777,1.69,2.44
2013.06.03 02:48:26.541,1.57737,1.57773,2.07,1.69
2013.06.03 02:48:31.112,1.57737,1.5777,1.13,1.50
2013.06.03 02:48:31.351,1.5773,1.57771,1.69,2.44
2013.06.03 02:48:31.471,1.57721,1.57763,3.49,1.69
2013.06.03 02:48:31.652,1.57726,1.5777,1.69,2.44
2013.06.03 02:48:35.781,1.57727,1.57765,1.13,1.69
2013.06.03 02:48:36.485,1.57717,1.5775,1.13,1.69
2013.06.03 02:48:36.792,1.57702,1.57743,2.07,1.69
2013.06.03 02:48:36.852,1.57702,1.57743,2.07,1.69
2013.06.03 02:48:37.091,1.57701,1.57744,1.69,1.69
2013.06.03 02:48:37.152,1.577,1.57742,1.69,1.69
2013.06.03 02:48:38.284,1.57701,1.57744,1.69,1.69
2013.06.03 02:48:38.761,1.57709,1.57743,1.13,1.69
2013.06.03 02:48:39.162,1.57708,1.57743,1.13,1.69
2013.06.03 02:48:40.591,1.57709,1.57743,1.13,1.69
2013.06.03 02:48:41.153,1.57708,1.57751,1.69,1.69
2013.06.03 02:48:41.211,1.57711,1.57751,1.50,1.69
2013.06.03 02:48:41.771,1.57713,1.57751,1.13,1.69
2013.06.03 02:48:42.892,1.57714,1.57754,1.32,1.69
2013.06.03 02:48:43.193,1.57716,1.57756,1.69,2.44
2013.06.03 02:48:43.552,1.57721,1.57761,1.50,1.69
2013.06.03 02:48:43.731,1.57721,1.57762,1.50,1.69
2013.06.03 02:48:46.612,1.57721,1.57762,1.13,1.69
2013.06.03 02:48:53.102,1.57722,1.57763,1.32,1.28
2013.06.03 02:48:53.162,1.57722,1.57763,1.32,1.28
2013.06.03 02:48:57.798,1.57722,1.57763,1.32,1.28
2013.06.03 02:48:59.013,1.57722,1.57762,1.32,1.69
2013.06.03 02:49:03.944,1.57722,1.57762,1.32,1.69
2013.06.03 02:49:08.138,1.57722,1.57763,1.32,2.03
2013.06.03 02:49:09.446,1.57722,1.57763,1.32,1.28
2013.06.03 02:49:11.311,1.57722,1.57763,1.32,2.03
2013.06.03 02:49:13.862,1.57722,1.57764,1.32,2.44
2013.06.03 02:49:14.543,1.57725,1.57764,1.13,2.44
2013.06.03 02:49:15.761,1.57725,1.57764,1.32,1.69
2013.06.03 02:49:19.091,1.57725,1.57764,1.13,1.69
2013.06.03 02:49:23.281,1.57725,1.57764,1.13,1.69
2013.06.03 02:49:27.861,1.57723,1.57764,1.32,1.69
2013.06.03 02:49:31.192,1.57723,1.57766,1.69,2.44
2013.06.03 02:49:31.501,1.57728,1.57774,1.69,1.50
2013.06.03 02:49:32.061,1.57731,1.57775,1.69,2.44
2013.06.03 02:49:33.126,1.57731,1.57774,1.32,1.69
2013.06.03 02:49:34.054,1.57733,1.57775,1.32,1.69
2013.06.03 02:49:38.042,1.57737,1.57775,1.32,1.69
2013.06.03 02:49:39.973,1.57737,1.57775,1.13,1.69
2013.06.03 02:49:51.591,1.57738,1.57777,1.13,1.69
2013.06.03 02:49:51.771,1.57734,1.57778,1.69,1.69
2013.06.03 02:49:55.575,1.57736,1.57777,1.32,1.69
2013.06.03 02:49:59.888,1.57736,1.57777,1.32,1.69
2013.06.03 02:50:01.232,1.57736,1.57777,1.32,1.69
2013.06.03 02:50:02.211,1.57734,1.57775,1.13,2.44
2013.06.03 02:50:02.331,1.57728,1.57772,1.32,1.32
2013.06.03 02:50:02.392,1.57728,1.57771,1.69,1.32
2013.06.03 02:50:02.691,1.57733,1.57771,1.32,1.32
2013.06.03 02:50:07.614,1.57733,1.5777,1.13,1.69
2013.06.03 02:50:11.081,1.57733,1.57771,1.13,1.32
2013.06.03 02:50:14.682,1.57732,1.57771,1.32,1.32
2013.06.03 02:50:14.802,1.57732,1.57772,1.32,2.44
2013.06.03 02:50:15.318,1.57732,1.57772,1.32,2.07
2013.06.03 02:50:16.143,1.57732,1.5777,1.13,1.69
2013.06.03 02:50:19.951,1.57732,1.5777,1.13,1.69
2013.06.03 02:50:22.181,1.5773,1.5777,1.32,1.69
2013.06.03 02:50:26.243,1.5773,1.57767,1.13,1.69
2013.06.03 02:50:28.201,1.57731,1.57767,1.13,1.69
2013.06.03 02:50:28.931,1.5773,1.57767,1.13,1.69
2013.06.03 02:50:29.811,1.57731,1.57767,1.13,1.69
2013.06.03 02:50:30.331,1.5773,1.57767,1.13,1.69
2013.06.03 02:50:30.801,1.57724,1.57767,1.69,1.69
2013.06.03 02:50:33.061,1.57726,1.57764,1.13,1.69
2013.06.03 02:50:42.223,1.57725,1.57763,1.50,1.69
2013.06.03 02:50:42.282,1.57725,1.57767,1.69,1.69
2013.06.03 02:50:42.811,1.57725,1.57762,1.32,1.92
2013.06.03 02:50:43.413,1.5772,1.57762,1.32,1.92
2013.06.03 02:50:43.671,1.57719,1.57762,1.69,1.92
2013.06.03 02:50:43.972,1.57716,1.57757,1.69,1.13
2013.06.03 02:50:44.382,1.57713,1.57755,1.69,2.44
2013.06.03 02:50:44.783,1.57714,1.57755,1.24,3.42
2013.06.03 02:50:45.022,1.5772,1.57756,1.13,1.39
2013.06.03 02:50:45.082,1.57715,1.57756,1.32,1.32
2013.06.03 02:50:45.262,1.57715,1.57757,1.69,1.92
2013.06.03 02:50:46.642,1.5771,1.57752,1.69,1.92
2013.06.03 02:50:46.701,1.5771,1.57752,1.69,2.29
2013.06.03 02:50:46.762,1.5771,1.57751,1.50,1.32
2013.06.03 02:50:46.822,1.57709,1.57749,1.69,1.32
2013.06.03 02:50:46.942,1.5771,1.57749,1.50,1.32
2013.06.03 02:50:47.003,1.57715,1.57751,1.13,1.69
2013.06.03 02:50:47.363,1.57719,1.57751,1.13,1.69
2013.06.03 02:50:47.545,1.57719,1.57756,1.13,3.04
2013.06.03 02:50:47.732,1.57719,1.57757,1.13,1.32
2013.06.03 02:50:47.932,1.57719,1.57762,2.07,3.42
2013.06.03 02:50:48.811,1.57723,1.57762,1.13,3.42
2013.06.03 02:50:49.072,1.57718,1.57756,1.13,1.69
2013.06.03 02:50:50.351,1.5772,1.57757,1.13,1.69
2013.06.03 02:50:51.552,1.57721,1.57761,1.13,1.69
2013.06.03 02:50:57.891,1.57721,1.5776,1.13,1.69
2013.06.03 02:50:59.322,1.57718,1.57753,1.13,1.69
2013.06.03 02:50:59.442,1.57709,1.57747,1.50,1.69
2013.06.03 02:50:59.562,1.57703,1.57747,1.69,2.44
2013.06.03 02:51:00.103,1.57704,1.57748,1.69,2.44
2013.06.03 02:51:00.282,1.57704,1.57748,1.69,1.69
2013.06.03 02:51:01.092,1.57709,1.57751,1.50,3.42
2013.06.03 02:51:01.151,1.57711,1.57751,1.13,3.42
2013.06.03 02:51:01.392,1.57715,1.57752,1.88,1.92
2013.06.03 02:51:01.871,1.57715,1.57756,1.50,1.69
2013.06.03 02:51:02.242,1.57714,1.57756,2.25,1.69
2013.06.03 02:51:02.432,1.57716,1.57756,1.50,1.69
2013.06.03 02:51:02.832,1.57716,1.57754,1.13,1.69
2013.06.03 02:51:02.893,1.57716,1.57754,1.32,1.69
2013.06.03 02:51:04.282,1.57716,1.57754,1.32,1.69
2013.06.03 02:51:04.461,1.57716,1.57754,1.13,1.69
2013.06.03 02:51:04.762,1.57719,1.57754,1.13,1.69
2013.06.03 02:51:07.761,1.57719,1.57754,1.13,1.69
2013.06.03 02:51:08.181,1.57719,1.57755,1.13,2.44
2013.06.03 02:51:08.783,1.57723,1.57757,1.13,1.69
2013.06.03 02:51:10.463,1.57717,1.57757,1.32,1.69
2013.06.03 02:51:10.523,1.57717,1.57761,1.69,1.69
2013.06.03 02:51:10.643,1.57717,1.57763,1.69,2.44
2013.06.03 02:51:10.763,1.57722,1.57765,1.69,1.69
2013.06.03 02:51:11.362,1.57724,1.57765,1.32,1.69
2013.06.03 02:51:11.901,1.57724,1.57765,1.32,1.69
2013.06.03 02:51:12.358,1.57724,1.57765,1.32,1.69
2013.06.03 02:51:12.482,1.57721,1.5776,1.69,1.50
2013.06.03 02:51:12.601,1.57716,1.5776,3.19,1.69
2013.06.03 02:51:12.662,1.57716,1.57757,1.50,1.69
2013.06.03 02:51:13.065,1.57713,1.57752,1.50,1.32
2013.06.03 02:51:13.788,1.57713,1.57752,1.50,1.32
2013.06.03 02:51:14.151,1.57714,1.57752,1.50,1.32
2013.06.03 02:51:14.729,1.57716,1.57753,1.13,1.69
2013.06.03 02:51:16.773,1.57716,1.57753,1.13,1.69
2013.06.03 02:51:20.310,1.57716,1.57754,1.13,2.07
2013.06.03 02:51:21.504,1.57716,1.57752,1.13,1.69
2013.06.03 02:51:21.942,1.57719,1.57756,1.13,1.69
2013.06.03 02:51:22.002,1.57719,1.57759,1.32,1.69
2013.06.03 02:51:22.652,1.5772,1.57761,1.50,1.69
2013.06.03 02:51:23.212,1.57722,1.57761,1.13,1.69
2013.06.03 02:51:24.361,1.57723,1.57764,1.32,3.19
2013.06.03 02:51:24.483,1.57722,1.57761,2.07,1.69
2013.06.03 02:51:24.661,1.57722,1.57762,1.32,1.47
2013.06.03 02:51:25.504,1.57725,1.57765,1.69,1.69
2013.06.03 02:51:26.304,1.57727,1.57765,1.13,1.69
2013.06.03 02:51:27.256,1.57727,1.57767,1.13,2.44
2013.06.03 02:51:34.574,1.57727,1.57767,1.13,2.07
2013.06.03 02:51:40.702,1.57726,1.57764,1.13,1.69
2013.06.03 02:51:41.643,1.57726,1.57764,1.13,1.69
2013.06.03 02:51:44.505,1.57726,1.57763,1.13,1.69
2013.06.03 02:51:46.961,1.57726,1.57764,1.32,1.69
2013.06.03 02:51:53.877,1.57726,1.57764,1.13,1.69
2013.06.03 02:51:54.061,1.57721,1.57765,2.25,2.44
2013.06.03 02:51:54.481,1.57727,1.57765,1.13,1.69
2013.06.03 02:51:54.991,1.57728,1.57771,1.50,1.69
2013.06.03 02:51:55.831,1.57733,1.57771,1.13,1.69
2013.06.03 02:51:56.251,1.5773,1.57771,1.13,1.69
2013.06.03 02:51:56.612,1.57731,1.57771,1.13,1.69
2013.06.03 02:51:56.792,1.57735,1.57772,1.13,2.44
2013.06.03 02:51:58.834,1.57735,1.57771,1.13,1.69
2013.06.03 02:52:05.568,1.57735,1.57767,1.13,1.32
2013.06.03 02:52:06.370,1.57735,1.57771,1.13,1.69
2013.06.03 02:52:13.882,1.57736,1.57771,1.13,1.69
2013.06.03 02:52:21.313,1.57739,1.57771,1.13,1.69
2013.06.03 02:52:23.162,1.57739,1.57774,1.13,1.32
2013.06.03 02:52:23.361,1.5774,1.57773,1.13,1.32
2013.06.03 02:52:24.543,1.5774,1.57778,1.13,1.69
2013.06.03 02:52:25.023,1.57741,1.57778,1.13,1.69
2013.06.03 02:52:29.132,1.57745,1.57779,1.13,2.44
2013.06.03 02:52:35.892,1.57744,1.57781,1.13,1.69
2013.06.03 02:52:36.012,1.57744,1.57783,1.32,1.69
2013.06.03 02:52:37.662,1.57744,1.57783,1.32,1.69
2013.06.03 02:52:38.103,1.57744,1.57781,1.32,1.69
2013.06.03 02:52:43.522,1.57744,1.57781,1.13,1.69
2013.06.03 02:52:47.486,1.57744,1.57781,1.13,1.69
2013.06.03 02:52:53.206,1.57745,1.57781,1.13,1.69
2013.06.03 02:52:53.754,1.57745,1.57781,1.13,1.69
2013.06.03 02:52:53.872,1.57745,1.57782,1.13,1.32
2013.06.03 02:52:54.293,1.57745,1.57778,1.13,1.69
2013.06.03 02:52:54.593,1.57734,1.57768,1.13,1.13
2013.06.03 02:52:54.654,1.57735,1.57776,1.13,2.07
2013.06.03 02:52:54.714,1.57743,1.57777,1.13,1.69
2013.06.03 02:52:55.073,1.57745,1.5778,1.13,2.44
2013.06.03 02:52:55.589,1.57747,1.5778,1.13,2.44
2013.06.03 02:52:59.411,1.57738,1.5778,1.32,3.19
2013.06.03 02:52:59.472,1.57739,1.57779,1.32,1.69
2013.06.03 02:53:00.022,1.57746,1.57779,1.13,1.69
2013.06.03 02:53:01.592,1.5774,1.57779,1.69,1.69
2013.06.03 02:53:01.653,1.57736,1.57779,3.19,1.69
2013.06.03 02:53:01.773,1.57736,1.57779,2.07,2.44
2013.06.03 02:53:01.922,1.57736,1.57779,2.07,2.44
2013.06.03 02:53:05.174,1.57743,1.5778,1.13,3.19
2013.06.03 02:53:09.586,1.57743,1.57777,1.13,1.69
2013.06.03 02:53:11.872,1.57743,1.57776,1.13,1.69
2013.06.03 02:53:12.302,1.57741,1.57776,1.13,2.44
2013.06.03 02:53:14.563,1.57741,1.57775,1.13,1.69
2013.06.03 02:53:17.244,1.57741,1.57776,1.13,1.69
2013.06.03 02:53:20.240,1.57741,1.57776,1.13,1.69
2013.06.03 02:53:21.132,1.5774,1.57773,1.13,1.69
2013.06.03 02:53:23.042,1.57732,1.57773,1.50,1.69
2013.06.03 02:53:23.282,1.57729,1.57773,1.13,2.44
2013.06.03 02:53:23.642,1.57725,1.57763,1.69,1.50
2013.06.03 02:53:24.233,1.57725,1.57763,1.69,1.50
2013.06.03 02:53:24.742,1.57726,1.57764,1.32,1.50
2013.06.03 02:53:25.061,1.57729,1.57763,1.69,1.50
2013.06.03 02:53:25.362,1.57733,1.57768,1.13,1.32
2013.06.03 02:53:28.222,1.57733,1.57768,1.13,2.07
2013.06.03 02:53:28.283,1.57723,1.57763,1.69,1.32
2013.06.03 02:53:28.403,1.57721,1.5776,1.50,1.50
2013.06.03 02:53:28.463,1.57716,1.5776,1.50,2.44
2013.06.03 02:53:29.004,1.57723,1.5776,1.50,1.32
2013.06.03 02:53:29.363,1.57731,1.57769,1.88,1.32
2013.06.03 02:53:29.483,1.57731,1.57768,2.07,1.13
2013.06.03 02:53:29.542,1.5773,1.57775,1.69,2.29
2013.06.03 02:53:29.663,1.57731,1.57775,1.69,2.67
2013.06.03 02:53:30.442,1.57735,1.57778,1.69,1.32
2013.06.03 02:53:30.802,1.57739,1.57783,1.50,1.69
2013.06.03 02:53:31.102,1.57739,1.57785,1.69,1.69
2013.06.03 02:53:32.632,1.57747,1.57785,1.13,1.69
2013.06.03 02:53:33.602,1.57747,1.57786,1.13,2.89
2013.06.03 02:53:33.722,1.5775,1.57789,1.50,1.32
2013.06.03 02:53:33.903,1.57753,1.5779,1.50,1.32
2013.06.03 02:53:34.217,1.57757,1.57793,1.50,1.32
2013.06.03 02:53:34.463,1.57758,1.57799,1.50,1.02
2013.06.03 02:53:34.822,1.57759,1.57802,1.50,1.77
2013.06.03 02:53:35.426,1.57758,1.57799,1.50,1.32
2013.06.03 02:53:35.971,1.57761,1.57795,1.13,1.32
2013.06.03 02:53:36.332,1.57762,1.57799,1.50,1.02
2013.06.03 02:53:36.453,1.57762,1.57801,1.50,1.02
2013.06.03 02:53:36.512,1.5776,1.57801,1.69,1.02
2013.06.03 02:53:36.633,1.5776,1.57801,2.44,1.02
2013.06.03 02:53:36.943,1.57758,1.57796,1.13,1.69
2013.06.03 02:53:37.007,1.57758,1.57796,1.13,1.69
2013.06.03 02:53:37.362,1.5776,1.57798,1.13,1.77
2013.06.03 02:53:37.662,1.57758,1.57798,1.32,1.02
2013.06.03 02:53:38.912,1.57758,1.57795,1.13,1.69
2013.06.03 02:53:39.214,1.57751,1.57787,1.32,1.50
2013.06.03 02:53:39.702,1.57751,1.57787,1.32,1.50
2013.06.03 02:53:41.932,1.57755,1.57793,1.13,1.02
2013.06.03 02:53:42.492,1.57755,1.57792,1.13,1.02
2013.06.03 02:53:44.182,1.57755,1.57793,1.13,1.02
2013.06.03 02:53:45.652,1.57759,1.57793,1.13,1.32
2013.06.03 02:53:46.802,1.57758,1.57793,1.13,1.32
2013.06.03 02:53:47.344,1.57758,1.57793,1.13,1.32
2013.06.03 02:53:49.162,1.57758,1.57793,1.13,1.32
2013.06.03 02:53:50.233,1.57759,1.57793,1.13,1.32
2013.06.03 02:53:52.333,1.57759,1.57793,1.13,1.32
2013.06.03 02:53:52.393,1.57759,1.57793,1.13,2.07
2013.06.03 02:53:52.513,1.57749,1.57785,1.69,1.13
2013.06.03 02:53:52.752,1.57749,1.57785,1.69,1.13
2013.06.03 02:53:52.992,1.57751,1.57785,1.69,1.13
2013.06.03 02:53:56.623,1.57754,1.57784,1.13,1.13
2013.06.03 02:53:56.742,1.57749,1.57784,1.69,1.13
2013.06.03 02:53:56.922,1.57749,1.57783,1.50,1.99
2013.06.03 02:53:57.163,1.5775,1.57786,1.13,1.69
2013.06.03 02:53:57.282,1.5775,1.57788,1.13,2.07
2013.06.03 02:53:57.342,1.5775,1.57788,1.32,1.32
2013.06.03 02:53:57.522,1.57751,1.57792,1.32,1.69
2013.06.03 02:53:58.013,1.57751,1.57792,2.07,1.69
2013.06.03 02:53:58.543,1.57759,1.57792,1.13,1.69
2013.06.03 02:54:01.592,1.57759,1.57794,1.13,1.69
2013.06.03 02:54:03.783,1.57762,1.57794,1.13,1.69
2013.06.03 02:54:04.345,1.57762,1.57796,1.13,1.32
2013.06.03 02:54:05.374,1.5776,1.57791,1.13,1.69
2013.06.03 02:54:05.552,1.57753,1.57786,1.50,1.32
2013.06.03 02:54:05.612,1.57753,1.57787,1.50,1.32
2013.06.03 02:54:05.732,1.57744,1.57788,1.50,1.69
2013.06.03 02:54:05.856,1.57745,1.57785,1.32,1.69
2013.06.03 02:54:06.172,1.57742,1.57784,1.13,2.44
2013.06.03 02:54:06.294,1.57742,1.57782,1.32,1.69
2013.06.03 02:54:06.803,1.57738,1.57781,1.69,1.69
2013.06.03 02:54:07.812,1.57737,1.57782,2.07,1.69
2013.06.03 02:54:08.124,1.57747,1.57777,1.13,1.13
2013.06.03 02:54:08.576,1.57746,1.57775,1.13,1.13
2013.06.03 02:54:09.692,1.57748,1.57771,1.13,1.13
2013.06.03 02:54:09.993,1.57735,1.57767,1.32,1.13
2013.06.03 02:54:10.053,1.57735,1.57772,1.69,1.13
2013.06.03 02:54:10.112,1.57735,1.57772,1.69,1.13
2013.06.03 02:54:10.173,1.57746,1.57773,1.13,1.32
2013.06.03 02:54:10.292,1.57747,1.57776,1.13,1.13
2013.06.03 02:54:10.792,1.57745,1.57782,1.13,1.32
2013.06.03 02:54:10.922,1.57745,1.57782,1.13,1.32
2013.06.03 02:54:11.624,1.57746,1.57777,1.13,1.13
2013.06.03 02:54:12.402,1.5775,1.57777,1.13,1.13
2013.06.03 02:54:12.902,1.57747,1.57782,1.32,1.13
2013.06.03 02:54:13.142,1.57747,1.57775,1.32,2.78
2013.06.03 02:54:13.442,1.57733,1.57767,1.32,1.50
2013.06.03 02:54:13.502,1.57733,1.57772,1.32,1.69
2013.06.03 02:54:13.682,1.57736,1.57772,1.50,1.69
2013.06.03 02:54:13.983,1.57748,1.57779,1.13,1.69
2013.06.03 02:54:14.892,1.57744,1.57779,1.13,1.69
2013.06.03 02:54:16.072,1.57747,1.5778,1.13,1.69
2013.06.03 02:54:17.694,1.57744,1.57779,1.13,1.69
2013.06.03 02:54:18.623,1.57745,1.57782,1.13,1.69
2013.06.03 02:54:18.983,1.57746,1.57787,1.69,1.77
2013.06.03 02:54:19.614,1.57746,1.57787,1.32,1.69
2013.06.03 02:54:19.983,1.57749,1.57786,1.13,1.69
2013.06.03 02:54:20.612,1.57749,1.57786,1.13,1.69
2013.06.03 02:54:20.915,1.5775,1.57786,1.13,1.69
2013.06.03 02:54:21.255,1.57753,1.57785,1.13,1.69
2013.06.03 02:54:22.992,1.57748,1.57781,1.13,1.69
2013.06.03 02:54:23.292,1.57744,1.57781,1.32,1.69
2013.06.03 02:54:23.353,1.57744,1.57779,1.32,1.13
2013.06.03 02:54:23.902,1.57738,1.57774,1.32,1.50
2013.06.03 02:54:24.022,1.57735,1.57774,1.32,1.50
2013.06.03 02:54:24.321,1.5773,1.57772,1.32,1.50
2013.06.03 02:54:24.942,1.57732,1.57771,2.07,1.50
2013.06.03 02:54:25.712,1.57738,1.57772,1.32,1.50
2013.06.03 02:54:28.653,1.57739,1.57774,1.13,1.69
2013.06.03 02:54:31.152,1.57739,1.57774,1.13,2.44
2013.06.03 02:54:31.212,1.57739,1.57771,1.13,1.50
2013.06.03 02:54:31.333,1.57732,1.57766,1.32,1.13
2013.06.03 02:54:31.452,1.57734,1.57766,1.13,1.13
2013.06.03 02:54:32.141,1.57737,1.57766,1.13,1.13
2013.06.03 02:54:33.642,1.57738,1.57766,1.13,1.13
2013.06.03 02:54:39.045,1.57739,1.57769,1.13,2.07
2013.06.03 02:54:40.733,1.57739,1.57769,1.13,2.07
2013.06.03 02:54:43.612,1.5773,1.57769,1.50,2.07
2013.06.03 02:54:43.771,1.5773,1.5777,1.13,2.07
2013.06.03 02:54:43.834,1.5773,1.5777,1.13,2.07
2013.06.03 02:54:44.211,1.57727,1.57769,1.69,2.07
2013.06.03 02:54:44.733,1.5773,1.57769,1.50,2.07
2013.06.03 02:54:45.180,1.57732,1.57769,1.13,2.07
2013.06.03 02:54:46.212,1.57732,1.57766,1.13,1.69
2013.06.03 02:54:46.522,1.57732,1.57765,1.13,1.69
2013.06.03 02:54:52.303,1.5773,1.57766,1.13,1.69
2013.06.03 02:54:52.373,1.5773,1.57767,1.13,1.50
2013.06.03 02:54:52.563,1.57722,1.57759,1.69,2.25
2013.06.03 02:54:52.623,1.57722,1.57758,1.13,1.69
2013.06.03 02:54:52.983,1.57712,1.57754,1.17,1.69
2013.06.03 02:54:53.523,1.57715,1.57757,1.69,1.32
2013.06.03 02:54:53.672,1.57717,1.57756,1.32,1.32
2013.06.03 02:54:54.153,1.57722,1.57756,1.13,1.32
2013.06.03 02:54:59.983,1.57722,1.57757,1.13,1.32
2013.06.03 02:55:00.223,1.57721,1.57757,1.32,1.13
2013.06.03 02:55:01.562,1.57725,1.57762,1.32,1.32
2013.06.03 02:55:02.104,1.5773,1.57762,1.13,1.32
2013.06.03 02:55:04.184,1.57722,1.57761,1.32,1.58
2013.06.03 02:55:04.244,1.57722,1.57756,1.69,1.13
2013.06.03 02:55:04.422,1.57721,1.57758,1.32,1.13
2013.06.03 02:55:04.603,1.57721,1.57764,2.44,1.32
2013.06.03 02:55:04.662,1.57723,1.57764,1.69,1.32
2013.06.03 02:55:04.842,1.57723,1.57766,1.69,1.69
2013.06.03 02:55:04.902,1.57729,1.5777,1.69,1.69
2013.06.03 02:55:05.202,1.57733,1.57777,1.69,1.32
2013.06.03 02:55:05.564,1.57735,1.57778,2.63,1.69
2013.06.03 02:55:06.922,1.57741,1.57778,1.32,1.69
2013.06.03 02:55:07.542,1.57743,1.57778,1.13,1.69
2013.06.03 02:55:08.073,1.57748,1.57778,1.13,1.69
2013.06.03 02:55:08.582,1.57748,1.57778,1.13,1.69
2013.06.03 02:55:09.782,1.57743,1.57778,1.50,1.69
2013.06.03 02:55:09.842,1.5774,1.57778,1.50,1.69
2013.06.03 02:55:09.902,1.5774,1.57778,1.13,1.69
2013.06.03 02:55:09.963,1.57739,1.57772,1.13,1.32
2013.06.03 02:55:10.402,1.57735,1.57772,1.13,1.32
2013.06.03 02:55:10.968,1.57734,1.57772,1.32,1.32
2013.06.03 02:55:16.732,1.5774,1.57773,1.13,2.07
2013.06.03 02:55:16.793,1.5774,1.57773,1.13,2.07
2013.06.03 02:55:19.832,1.57738,1.57773,1.13,2.07
2013.06.03 02:55:20.963,1.57727,1.57771,2.44,1.69
2013.06.03 02:55:21.023,1.57727,1.57771,2.44,1.69
2013.06.03 02:55:21.382,1.57734,1.57771,1.13,1.69
2013.06.03 02:55:21.622,1.57728,1.57766,1.32,1.50
2013.06.03 02:55:21.682,1.57728,1.57766,1.32,1.50
2013.06.03 02:55:22.202,1.57733,1.57766,1.32,1.50
2013.06.03 02:55:22.668,1.57735,1.57766,1.13,1.50
2013.06.03 02:55:40.863,1.57735,1.5777,1.13,1.69
2013.06.03 02:55:42.662,1.57735,1.5777,2.07,1.50
2013.06.03 02:55:42.782,1.57735,1.57781,1.69,1.69
2013.06.03 02:55:43.332,1.57735,1.57776,2.07,1.50
2013.06.03 02:55:43.692,1.57737,1.57772,1.13,1.13
2013.06.03 02:55:44.432,1.57735,1.57772,1.32,1.88
2013.06.03 02:55:48.736,1.57735,1.57772,1.13,1.88
2013.06.03 02:56:01.699,1.57735,1.57771,1.13,1.13
2013.06.03 02:56:03.862,1.57735,1.57773,1.13,1.13
2013.06.03 02:56:05.208,1.57735,1.57773,1.13,1.13
2013.06.03 02:56:08.017,1.57735,1.57773,1.13,1.13
2013.06.03 02:56:14.472,1.57735,1.57773,1.32,1.13
2013.06.03 02:56:15.740,1.57735,1.57773,1.32,1.13
2013.06.03 02:56:19.382,1.57735,1.57773,1.13,1.13
2013.06.03 02:56:21.659,1.57735,1.57773,1.13,1.88
2013.06.03 02:56:23.678,1.57735,1.57773,1.13,1.13
2013.06.03 02:56:27.403,1.57731,1.57773,1.50,1.13
2013.06.03 02:56:29.633,1.57731,1.57775,1.69,1.88
2013.06.03 02:56:35.783,1.57731,1.57775,1.69,1.88
2013.06.03 02:56:39.154,1.57731,1.57775,1.69,2.63
2013.06.03 02:56:41.445,1.57731,1.57775,1.69,2.63
2013.06.03 02:56:59.072,1.57735,1.57771,1.50,1.13
2013.06.03 02:56:59.640,1.57735,1.57771,2.25,1.13
2013.06.03 02:57:00.727,1.57735,1.57771,2.25,1.13
2013.06.03 02:57:04.682,1.57736,1.5777,1.50,1.13
2013.06.03 02:57:10.452,1.5774,1.57766,1.13,1.06
2013.06.03 02:57:10.663,1.57729,1.57768,3.21,1.43
2013.06.03 02:57:10.723,1.57737,1.57759,1.13,1.11
2013.06.03 02:57:10.842,1.57737,1.57759,1.13,1.86
2013.06.03 02:57:10.962,1.57717,1.57754,1.32,1.58
2013.06.03 02:57:11.083,1.57717,1.57754,1.69,1.58
2013.06.03 02:57:11.142,1.57718,1.57754,1.69,1.28
2013.06.03 02:57:12.572,1.57723,1.57754,1.32,1.17
2013.06.03 02:57:13.118,1.57723,1.57754,1.50,1.17
2013.06.03 02:57:16.983,1.57724,1.57754,1.13,1.17
2013.06.03 02:57:17.283,1.57724,1.57754,1.13,1.24
2013.06.03 02:57:22.977,1.57723,1.57754,1.32,1.24
2013.06.03 02:57:30.843,1.57723,1.57755,1.32,1.37
2013.06.03 02:57:33.916,1.57724,1.57758,1.32,1.43
2013.06.03 02:57:34.521,1.57724,1.57756,1.13,1.13
2013.06.03 02:57:37.773,1.57724,1.57756,1.13,1.13
2013.06.03 02:57:41.703,1.57724,1.57756,1.13,1.13
2013.06.03 02:57:57.772,1.57721,1.57759,1.50,1.13
2013.06.03 02:58:00.282,1.57723,1.57757,1.50,1.13
2013.06.03 02:58:01.522,1.57723,1.57757,1.50,1.13
2013.06.03 02:58:03.661,1.57723,1.57757,1.13,1.13
2013.06.03 02:58:03.972,1.57727,1.57757,1.13,1.39
2013.06.03 02:58:04.280,1.57727,1.57757,1.13,1.13
2013.06.03 02:58:06.802,1.57726,1.5776,1.13,1.13
2013.06.03 02:58:06.982,1.57725,1.57767,2.44,1.32
2013.06.03 02:58:07.043,1.57727,1.57767,1.50,1.32
2013.06.03 02:58:07.383,1.57729,1.57767,1.50,1.32
2013.06.03 02:58:08.222,1.5773,1.57767,2.44,1.32
2013.06.03 02:58:08.782,1.5773,1.57767,2.44,1.32
2013.06.03 02:58:09.083,1.57738,1.57767,1.13,1.32
2013.06.03 02:58:10.552,1.57737,1.5777,1.13,1.13
2013.06.03 02:58:18.662,1.57737,1.5777,1.13,1.13
2013.06.03 02:58:27.210,1.57737,1.57775,1.13,1.69
2013.06.03 02:58:28.977,1.57738,1.57775,1.13,1.69
2013.06.03 02:58:29.525,1.57737,1.57775,1.13,1.69
2013.06.03 02:58:31.803,1.57737,1.57777,1.13,2.63
2013.06.03 02:58:33.734,1.57737,1.57776,1.13,1.69
2013.06.03 02:58:44.846,1.57737,1.57775,1.13,1.69
2013.06.03 02:58:49.644,1.57735,1.57775,1.50,1.69
2013.06.03 02:58:49.823,1.57735,1.57775,1.50,1.69
2013.06.03 02:58:49.883,1.5774,1.57776,1.50,1.13
2013.06.03 02:58:50.303,1.5774,1.57784,1.32,2.25
2013.06.03 02:58:51.202,1.57744,1.57783,1.32,1.69
2013.06.03 02:58:52.052,1.57741,1.57784,1.32,1.69
2013.06.03 02:58:52.112,1.57741,1.57784,2.07,1.88
2013.06.03 02:58:52.851,1.57747,1.57783,1.13,1.69
2013.06.03 02:58:54.944,1.57747,1.57783,1.13,1.69
2013.06.03 02:58:59.244,1.57747,1.57783,1.13,1.69
2013.06.03 02:59:03.856,1.57747,1.57784,1.13,1.13
2013.06.03 02:59:04.392,1.57743,1.57785,2.44,1.13
2013.06.03 02:59:06.784,1.57745,1.57787,1.88,2.44
2013.06.03 02:59:07.092,1.57746,1.57787,1.50,1.69
2013.06.03 02:59:07.614,1.57749,1.57787,1.13,1.69
2013.06.03 02:59:09.794,1.57746,1.57785,2.07,1.13
2013.06.03 02:59:10.520,1.57748,1.57784,1.13,1.13
2013.06.03 02:59:13.972,1.57748,1.57784,1.88,1.13
2013.06.03 02:59:14.092,1.57748,1.57784,1.88,1.13
2013.06.03 02:59:20.393,1.5775,1.57785,1.13,1.13
2013.06.03 02:59:20.824,1.57748,1.57785,1.13,1.13
2013.06.03 02:59:27.562,1.57748,1.57785,1.32,1.13
2013.06.03 02:59:30.653,1.57748,1.57785,1.13,1.13
2013.06.03 02:59:40.583,1.57749,1.57785,1.13,1.13
2013.06.03 02:59:40.642,1.5775,1.57785,1.50,1.13
2013.06.03 02:59:41.462,1.57752,1.57785,1.13,1.13
2013.06.03 02:59:51.813,1.57752,1.57783,1.13,1.13
2013.06.03 02:59:58.273,1.57752,1.57783,1.13,1.13
