2013.07.16 08:00:00.096,1.57431,1.57464,1.69,1.69
2013.07.16 08:00:00.459,1.57432,1.57465,2.07,1.69
2013.07.16 08:00:00.829,1.57438,1.57471,1.32,2.07
2013.07.16 08:00:00.886,1.57438,1.57471,1.32,2.07
2013.07.16 08:00:01.006,1.57443,1.57473,1.32,1.69
2013.07.16 08:00:01.645,1.57443,1.57477,1.69,1.69
2013.07.16 08:00:01.946,1.5744,1.57474,1.32,1.69
2013.07.16 08:00:03.686,1.57441,1.57473,1.69,3.57
2013.07.16 08:00:04.128,1.57441,1.57471,1.69,1.69
2013.07.16 08:00:04.184,1.57438,1.57471,1.69,1.69
2013.07.16 08:00:04.426,1.57438,1.57471,1.69,1.69
2013.07.16 08:00:04.786,1.57447,1.57478,1.69,1.69
2013.07.16 08:00:04.846,1.57448,1.57478,1.69,1.69
2013.07.16 08:00:04.906,1.57443,1.57477,1.69,1.69
2013.07.16 08:00:05.177,1.57443,1.57477,1.69,1.69
2013.07.16 08:00:07.416,1.5744,1.57475,1.69,1.69
2013.07.16 08:00:07.475,1.5744,1.57474,1.69,2.44
2013.07.16 08:00:07.595,1.57436,1.57471,1.69,1.69
2013.07.16 08:00:07.654,1.57434,1.57471,1.32,1.69
2013.07.16 08:00:07.895,1.57442,1.5747,1.13,1.69
2013.07.16 08:00:07.955,1.57442,1.57471,1.13,1.69
2013.07.16 08:00:08.015,1.57442,1.57472,1.13,1.32
2013.07.16 08:00:08.134,1.57441,1.57471,1.32,1.69
2013.07.16 08:00:08.195,1.57441,1.57475,1.32,2.07
2013.07.16 08:00:08.315,1.57441,1.57475,1.32,2.07
2013.07.16 08:00:08.495,1.57436,1.57471,2.67,1.69
2013.07.16 08:00:08.675,1.57439,1.57471,1.92,1.69
2013.07.16 08:00:09.215,1.57441,1.57474,1.69,1.69
2013.07.16 08:00:09.335,1.57441,1.57474,1.69,1.69
2013.07.16 08:00:10.175,1.57438,1.57467,1.69,1.88
2013.07.16 08:00:10.235,1.57436,1.57467,1.69,2.82
2013.07.16 08:00:10.476,1.57435,1.57467,2.07,1.69
2013.07.16 08:00:10.594,1.57436,1.57469,2.07,1.69
2013.07.16 08:00:10.714,1.5744,1.57472,1.32,1.32
2013.07.16 08:00:10.835,1.5744,1.57474,1.32,2.82
2013.07.16 08:00:11.894,1.57439,1.57473,1.69,2.07
2013.07.16 08:00:12.095,1.57436,1.5747,2.44,1.69
2013.07.16 08:00:12.155,1.57436,1.5747,1.69,1.69
2013.07.16 08:00:12.465,1.57436,1.57466,1.92,1.69
2013.07.16 08:00:12.766,1.5744,1.57473,1.13,1.69
2013.07.16 08:00:12.885,1.57441,1.57473,1.32,1.69
2013.07.16 08:00:13.245,1.57439,1.57472,1.69,2.07
2013.07.16 08:00:13.785,1.57435,1.57469,1.69,1.69
2013.07.16 08:00:16.565,1.57434,1.57466,1.69,1.69
2013.07.16 08:00:16.925,1.57432,1.57466,2.07,1.32
2013.07.16 08:00:17.984,1.57436,1.57466,1.32,1.69
2013.07.16 08:00:18.285,1.57436,1.57466,1.32,1.69
2013.07.16 08:00:18.796,1.57436,1.57468,1.32,3.57
2013.07.16 08:00:19.087,1.57436,1.57467,1.32,2.07
2013.07.16 08:00:20.547,1.57435,1.57466,1.32,1.32
2013.07.16 08:00:21.617,1.57435,1.57467,1.32,3.57
2013.07.16 08:00:23.437,1.57436,1.5746,1.13,1.32
2013.07.16 08:00:23.737,1.57429,1.57461,1.69,2.07
2013.07.16 08:00:24.057,1.57443,1.57463,1.84,1.69
2013.07.16 08:00:24.356,1.57449,1.57479,1.13,3.19
2013.07.16 08:00:24.856,1.57446,1.57475,1.47,1.69
2013.07.16 08:00:25.450,1.5744,1.57475,2.44,1.69
2013.07.16 08:00:29.186,1.57444,1.57476,1.69,1.69
2013.07.16 08:00:33.705,1.57438,1.57464,1.69,1.13
2013.07.16 08:00:34.005,1.57434,1.57467,1.69,1.32
2013.07.16 08:00:34.124,1.57434,1.57467,1.69,1.32
2013.07.16 08:00:34.306,1.57434,1.5746,1.69,1.32
2013.07.16 08:00:34.705,1.57432,1.57459,1.69,1.69
2013.07.16 08:00:34.946,1.57429,1.57459,1.69,1.69
2013.07.16 08:00:35.067,1.57426,1.57459,1.69,1.69
2013.07.16 08:00:35.125,1.5743,1.57461,1.69,2.07
2013.07.16 08:00:35.305,1.57427,1.57456,2.44,1.32
2013.07.16 08:00:36.481,1.57424,1.57456,2.44,1.32
2013.07.16 08:00:36.559,1.57424,1.57456,2.44,1.32
2013.07.16 08:00:36.746,1.57424,1.57455,1.32,2.07
2013.07.16 08:00:36.808,1.57424,1.57455,2.07,2.07
2013.07.16 08:00:37.055,1.57421,1.5745,1.69,1.32
2013.07.16 08:00:37.296,1.5742,1.57446,1.69,1.32
2013.07.16 08:00:37.355,1.5742,1.57449,1.69,1.32
2013.07.16 08:00:37.715,1.57418,1.57445,1.69,1.13
2013.07.16 08:00:38.206,1.57421,1.57445,1.69,1.13
2013.07.16 08:00:38.386,1.5742,1.57445,1.69,1.13
2013.07.16 08:00:38.446,1.57417,1.57445,2.44,1.13
2013.07.16 08:00:38.747,1.57427,1.57456,1.32,1.32
2013.07.16 08:00:38.868,1.57428,1.57453,2.82,1.32
2013.07.16 08:00:39.371,1.5743,1.57459,1.32,1.69
2013.07.16 08:00:39.815,1.57431,1.5746,2.07,1.32
2013.07.16 08:00:39.879,1.57431,1.5746,2.07,1.32
2013.07.16 08:00:40.244,1.57431,1.5746,2.07,1.32
2013.07.16 08:00:40.725,1.57431,1.57458,1.32,1.69
2013.07.16 08:00:40.906,1.57427,1.57454,1.32,1.32
2013.07.16 08:00:41.026,1.57423,1.57454,1.69,1.32
2013.07.16 08:00:42.666,1.57422,1.57455,2.44,2.07
2013.07.16 08:00:43.386,1.57421,1.5745,1.69,1.32
2013.07.16 08:00:43.507,1.5742,1.57451,1.69,1.32
2013.07.16 08:00:43.625,1.5742,1.5745,2.44,1.32
2013.07.16 08:00:43.686,1.57418,1.5745,3.19,1.32
2013.07.16 08:00:43.805,1.57418,1.57448,1.69,1.32
2013.07.16 08:00:44.227,1.57425,1.5745,1.69,1.32
2013.07.16 08:00:46.995,1.57425,1.57454,1.69,1.69
2013.07.16 08:00:47.418,1.57424,1.57454,2.44,1.69
2013.07.16 08:00:48.544,1.57426,1.57459,1.69,1.69
2013.07.16 08:00:48.845,1.57432,1.57465,1.32,1.69
2013.07.16 08:00:49.145,1.57432,1.57458,1.32,1.13
2013.07.16 08:00:49.445,1.57436,1.57468,1.69,1.32
2013.07.16 08:00:49.505,1.57436,1.57468,1.69,1.32
2013.07.16 08:00:49.865,1.57436,1.57469,1.69,1.69
2013.07.16 08:00:50.166,1.57437,1.57472,1.69,2.44
2013.07.16 08:00:51.065,1.57439,1.57472,1.69,2.44
2013.07.16 08:00:52.135,1.57438,1.57471,1.69,1.69
2013.07.16 08:00:52.258,1.57437,1.57471,1.69,1.69
2013.07.16 08:00:53.246,1.57438,1.57469,1.69,1.32
2013.07.16 08:00:53.365,1.57439,1.57469,2.44,1.32
2013.07.16 08:00:53.544,1.57439,1.57471,1.69,1.69
2013.07.16 08:00:53.845,1.57439,1.57472,3.94,1.69
2013.07.16 08:00:53.966,1.57439,1.57472,4.69,1.69
2013.07.16 08:00:54.027,1.57439,1.57473,3.19,2.07
2013.07.16 08:00:54.388,1.57444,1.5747,2.25,1.32
2013.07.16 08:00:54.506,1.57441,1.57469,6.19,1.32
2013.07.16 08:00:54.625,1.57441,1.57469,5.44,1.32
2013.07.16 08:00:55.277,1.57437,1.5747,5.44,2.44
2013.07.16 08:00:55.515,1.57438,1.5747,4.69,2.44
2013.07.16 08:00:56.066,1.57436,1.5747,2.44,1.69
2013.07.16 08:00:56.685,1.57436,1.5747,3.19,1.69
2013.07.16 08:00:56.925,1.57436,1.5747,3.94,1.69
2013.07.16 08:00:57.165,1.57436,1.5747,3.94,1.69
2013.07.16 08:00:57.225,1.57436,1.5747,3.94,1.69
2013.07.16 08:00:57.926,1.57437,1.5747,3.94,1.69
2013.07.16 08:00:58.606,1.57437,1.57469,3.94,1.69
2013.07.16 08:00:58.965,1.57437,1.57467,1.32,1.32
2013.07.16 08:00:59.025,1.57437,1.57468,1.32,1.69
2013.07.16 08:00:59.145,1.57437,1.5747,1.32,1.69
2013.07.16 08:00:59.205,1.57438,1.57467,1.69,1.32
2013.07.16 08:00:59.445,1.57438,1.57469,3.19,1.32
2013.07.16 08:00:59.746,1.57443,1.57474,1.69,1.69
2013.07.16 08:01:00.047,1.57444,1.57477,3.19,1.69
2013.07.16 08:01:00.422,1.57453,1.57483,1.69,1.32
2013.07.16 08:01:00.605,1.57456,1.57491,1.69,1.69
2013.07.16 08:01:01.215,1.57456,1.57491,1.69,1.69
2013.07.16 08:01:01.337,1.57456,1.57489,1.69,1.69
2013.07.16 08:01:01.875,1.57453,1.57485,1.32,2.07
2013.07.16 08:01:02.249,1.57455,1.5749,1.69,1.69
2013.07.16 08:01:02.317,1.57455,1.5749,1.69,1.69
2013.07.16 08:01:02.437,1.57457,1.5749,1.32,1.69
2013.07.16 08:01:02.557,1.5746,1.57494,1.69,2.44
2013.07.16 08:01:02.677,1.57469,1.57496,1.32,1.69
2013.07.16 08:01:04.605,1.57465,1.57499,2.82,1.32
2013.07.16 08:01:04.665,1.57469,1.57499,1.69,1.32
2013.07.16 08:01:05.205,1.57474,1.57506,1.69,1.69
2013.07.16 08:01:05.446,1.57479,1.57506,2.25,1.69
2013.07.16 08:01:05.986,1.57477,1.57506,1.32,1.69
2013.07.16 08:01:06.816,1.57477,1.57505,1.32,1.32
2013.07.16 08:01:07.486,1.57475,1.57506,2.44,2.07
2013.07.16 08:01:08.445,1.57479,1.57507,1.69,1.32
2013.07.16 08:01:08.626,1.57481,1.57512,1.69,1.32
2013.07.16 08:01:08.746,1.57485,1.57513,1.32,1.32
2013.07.16 08:01:08.865,1.57487,1.57514,3.19,1.69
2013.07.16 08:01:09.046,1.57491,1.57522,1.69,1.32
2013.07.16 08:01:09.165,1.57491,1.57522,1.69,2.44
2013.07.16 08:01:09.406,1.57489,1.57511,2.44,1.09
2013.07.16 08:01:09.586,1.57486,1.57508,1.50,1.50
2013.07.16 08:01:09.645,1.57486,1.57508,1.50,1.50
2013.07.16 08:01:09.705,1.57488,1.57515,3.19,1.69
2013.07.16 08:01:10.051,1.57492,1.5752,2.44,1.50
2013.07.16 08:01:11.028,1.57494,1.5752,1.69,1.50
2013.07.16 08:01:11.386,1.57498,1.57525,1.69,1.32
2013.07.16 08:01:11.566,1.57497,1.57522,1.69,1.50
2013.07.16 08:01:12.206,1.57497,1.57522,1.69,1.50
2013.07.16 08:01:12.745,1.57497,1.57522,2.44,1.50
2013.07.16 08:01:12.865,1.57497,1.57522,1.69,1.50
2013.07.16 08:01:13.165,1.57497,1.57519,1.69,1.13
2013.07.16 08:01:13.225,1.57497,1.57527,1.69,1.69
2013.07.16 08:01:14.255,1.57498,1.57531,2.07,1.69
2013.07.16 08:01:17.385,1.57496,1.57528,2.07,1.69
2013.07.16 08:01:19.215,1.57496,1.57529,2.07,1.69
2013.07.16 08:01:22.415,1.57497,1.5753,1.32,2.07
2013.07.16 08:01:22.475,1.575,1.5753,1.69,1.32
2013.07.16 08:01:22.655,1.575,1.57533,1.69,1.32
2013.07.16 08:01:23.876,1.575,1.57534,1.69,1.69
2013.07.16 08:01:23.935,1.57513,1.57536,1.13,1.69
2013.07.16 08:01:24.115,1.57506,1.57531,1.32,1.32
2013.07.16 08:01:24.235,1.57504,1.5753,1.32,1.32
2013.07.16 08:01:26.236,1.57499,1.57532,1.32,1.32
2013.07.16 08:01:27.127,1.575,1.57534,1.69,1.69
2013.07.16 08:01:30.495,1.57504,1.57538,1.69,2.07
2013.07.16 08:01:30.796,1.57508,1.57541,1.69,1.69
2013.07.16 08:01:31.787,1.57508,1.57541,1.69,1.69
2013.07.16 08:01:31.906,1.57509,1.57541,1.69,1.69
2013.07.16 08:01:32.085,1.57508,1.57539,1.32,1.69
2013.07.16 08:01:32.445,1.57506,1.57538,1.69,1.32
2013.07.16 08:01:33.099,1.57508,1.57541,1.69,1.32
2013.07.16 08:01:34.116,1.57508,1.57539,1.69,1.69
2013.07.16 08:01:34.355,1.57511,1.57539,1.69,1.32
2013.07.16 08:01:34.415,1.57511,1.57538,1.69,1.32
2013.07.16 08:01:34.475,1.57509,1.57542,1.32,2.07
2013.07.16 08:01:35.026,1.57507,1.57534,1.69,1.13
2013.07.16 08:01:35.486,1.57507,1.57538,1.69,1.32
2013.07.16 08:01:36.432,1.57508,1.57539,1.69,1.32
2013.07.16 08:01:39.775,1.5751,1.5754,1.69,2.07
2013.07.16 08:01:40.505,1.57508,1.5754,1.69,1.69
2013.07.16 08:01:40.565,1.57504,1.57539,2.82,1.69
2013.07.16 08:01:42.346,1.57504,1.57539,1.69,1.69
2013.07.16 08:01:43.017,1.57506,1.57533,2.44,1.13
2013.07.16 08:01:43.406,1.57511,1.5754,1.69,1.69
2013.07.16 08:01:43.825,1.57511,1.57542,1.32,1.69
2013.07.16 08:01:44.244,1.57511,1.57542,1.32,1.69
2013.07.16 08:01:45.685,1.57512,1.57545,1.69,2.07
2013.07.16 08:01:45.925,1.5752,1.57552,1.69,2.40
2013.07.16 08:01:46.152,1.57522,1.57554,1.32,1.69
2013.07.16 08:01:46.221,1.5752,1.57549,1.32,1.69
2013.07.16 08:01:46.645,1.57516,1.57545,1.69,1.69
2013.07.16 08:01:46.945,1.57515,1.57546,1.32,1.32
2013.07.16 08:01:47.745,1.57512,1.57536,1.69,1.50
2013.07.16 08:01:48.105,1.57486,1.57524,2.07,1.88
2013.07.16 08:01:48.226,1.57488,1.57515,1.69,1.13
2013.07.16 08:01:48.287,1.57488,1.57519,2.44,1.32
2013.07.16 08:01:48.475,1.57487,1.57515,1.69,1.32
2013.07.16 08:01:48.716,1.57484,1.57514,1.32,2.07
2013.07.16 08:01:48.895,1.57483,1.57518,1.69,1.69
2013.07.16 08:01:48.955,1.57484,1.57519,1.69,1.69
2013.07.16 08:01:49.016,1.57484,1.57518,1.69,1.69
2013.07.16 08:01:49.136,1.57485,1.57512,1.50,1.13
2013.07.16 08:01:49.255,1.57481,1.57513,1.69,1.32
2013.07.16 08:01:49.315,1.57478,1.57508,1.69,1.69
2013.07.16 08:01:49.796,1.57477,1.5751,2.44,2.44
2013.07.16 08:01:50.097,1.57489,1.57522,2.44,1.32
2013.07.16 08:01:50.157,1.57489,1.57522,1.69,1.32
2013.07.16 08:01:50.279,1.57486,1.5751,2.44,1.13
2013.07.16 08:01:50.336,1.57486,1.5751,1.69,1.32
2013.07.16 08:01:50.396,1.57484,1.57515,1.69,1.69
2013.07.16 08:01:50.997,1.57485,1.57517,2.44,1.69
2013.07.16 08:01:52.878,1.57485,1.57517,2.44,1.69
2013.07.16 08:01:54.303,1.57487,1.57517,2.82,1.32
2013.07.16 08:01:54.855,1.57485,1.57512,1.69,1.32
2013.07.16 08:01:55.905,1.57482,1.57512,1.69,1.32
2013.07.16 08:01:56.839,1.57482,1.57513,1.69,1.32
2013.07.16 08:01:56.967,1.57482,1.57512,1.69,1.32
2013.07.16 08:02:02.600,1.57485,1.5751,1.69,1.13
2013.07.16 08:02:04.976,1.57484,1.57514,1.69,1.32
2013.07.16 08:02:05.155,1.57484,1.57514,1.69,1.32
2013.07.16 08:02:07.131,1.57482,1.57513,1.69,1.32
2013.07.16 08:02:08.747,1.5748,1.57512,1.32,1.69
2013.07.16 08:02:09.175,1.57474,1.57507,2.44,1.69
2013.07.16 08:02:11.365,1.57474,1.57507,1.69,1.65
2013.07.16 08:02:11.605,1.57475,1.57506,1.69,1.32
2013.07.16 08:02:12.086,1.57473,1.57506,1.32,1.69
2013.07.16 08:02:14.656,1.57474,1.57506,1.69,1.69
2013.07.16 08:02:14.715,1.57475,1.57508,1.69,2.82
2013.07.16 08:02:15.016,1.57479,1.57511,1.69,2.44
2013.07.16 08:02:15.195,1.57484,1.57519,1.69,2.44
2013.07.16 08:02:15.316,1.57487,1.57519,2.44,1.69
2013.07.16 08:02:15.435,1.57487,1.57519,1.69,2.44
2013.07.16 08:02:15.975,1.57484,1.57519,2.44,2.44
2013.07.16 08:02:16.514,1.57484,1.57519,2.07,1.69
2013.07.16 08:02:16.815,1.57484,1.57519,1.69,1.69
2013.07.16 08:02:22.915,1.57486,1.5752,1.32,1.69
2013.07.16 08:02:23.226,1.57482,1.57517,2.07,1.69
2013.07.16 08:02:23.405,1.57484,1.57518,1.13,1.69
2013.07.16 08:02:23.525,1.57485,1.57519,1.13,1.13
2013.07.16 08:02:23.645,1.57487,1.57521,1.32,1.69
2013.07.16 08:02:23.945,1.57489,1.57521,1.69,1.50
2013.07.16 08:02:24.005,1.57487,1.57521,1.32,1.69
2013.07.16 08:02:24.125,1.57487,1.57513,1.32,1.50
2013.07.16 08:02:24.484,1.5748,1.57509,1.69,1.13
2013.07.16 08:02:25.035,1.5748,1.57508,1.69,1.50
2013.07.16 08:02:25.157,1.57478,1.57507,1.32,1.50
2013.07.16 08:02:28.465,1.57473,1.57511,2.07,1.69
2013.07.16 08:02:29.304,1.57475,1.57509,1.69,1.32
2013.07.16 08:02:30.445,1.57478,1.57509,1.32,1.32
2013.07.16 08:02:32.785,1.57475,1.57508,1.32,1.13
2013.07.16 08:02:32.965,1.57472,1.57503,2.07,1.50
2013.07.16 08:02:33.025,1.57472,1.57494,1.69,1.13
2013.07.16 08:02:33.145,1.57467,1.57493,1.32,1.13
2013.07.16 08:02:33.266,1.57467,1.57503,1.32,1.32
2013.07.16 08:02:33.327,1.57466,1.57503,1.69,1.32
2013.07.16 08:02:33.446,1.57469,1.57504,1.69,1.32
2013.07.16 08:02:34.046,1.57471,1.57504,1.32,1.32
2013.07.16 08:02:36.175,1.57475,1.57504,1.32,1.32
2013.07.16 08:02:36.535,1.57477,1.57514,1.69,2.07
2013.07.16 08:02:37.308,1.57481,1.57514,2.44,1.32
2013.07.16 08:02:37.665,1.57493,1.57525,1.13,1.13
2013.07.16 08:02:41.489,1.57493,1.57525,2.07,1.13
2013.07.16 08:02:41.557,1.57493,1.57525,1.32,1.32
2013.07.16 08:02:42.968,1.57493,1.57525,1.32,1.32
2013.07.16 08:02:43.985,1.57494,1.57524,1.32,1.32
2013.07.16 08:02:44.227,1.57493,1.57526,1.32,1.32
2013.07.16 08:02:44.405,1.57491,1.57522,1.32,1.32
2013.07.16 08:02:44.525,1.5749,1.57514,1.32,1.13
2013.07.16 08:02:46.926,1.57487,1.57515,1.32,1.32
2013.07.16 08:02:47.936,1.5749,1.57524,1.32,1.69
2013.07.16 08:02:48.237,1.57494,1.57524,1.69,1.32
2013.07.16 08:02:48.655,1.57497,1.5753,1.32,1.69
2013.07.16 08:02:49.755,1.57497,1.57531,1.69,1.69
2013.07.16 08:02:50.747,1.57498,1.57529,1.32,1.69
2013.07.16 08:02:50.988,1.57497,1.57524,1.32,1.13
2013.07.16 08:02:51.106,1.57497,1.57529,1.32,1.88
2013.07.16 08:02:51.166,1.57498,1.57529,1.69,1.32
2013.07.16 08:02:51.407,1.57494,1.57527,1.32,1.69
2013.07.16 08:02:51.667,1.57492,1.57519,1.32,1.32
2013.07.16 08:02:51.727,1.57492,1.57517,1.13,1.69
2013.07.16 08:02:51.789,1.57492,1.57517,1.50,1.69
2013.07.16 08:02:51.846,1.57492,1.57519,1.50,1.32
2013.07.16 08:02:51.967,1.57491,1.57524,1.32,1.69
2013.07.16 08:02:52.146,1.57491,1.57525,1.32,1.69
2013.07.16 08:02:52.325,1.5749,1.57525,2.07,1.69
2013.07.16 08:02:52.386,1.5749,1.57525,1.69,1.69
2013.07.16 08:02:52.746,1.57493,1.57523,1.69,1.69
2013.07.16 08:02:53.085,1.57493,1.57529,1.69,2.07
2013.07.16 08:02:53.265,1.57493,1.57523,1.69,1.69
2013.07.16 08:02:53.566,1.57492,1.57524,2.44,1.69
2013.07.16 08:02:53.627,1.57492,1.57524,2.44,1.69
2013.07.16 08:02:53.806,1.57492,1.57524,1.32,1.69
2013.07.16 08:02:54.165,1.57492,1.57524,1.32,1.69
2013.07.16 08:02:54.405,1.57493,1.57524,1.32,1.69
2013.07.16 08:02:54.587,1.57493,1.57526,1.32,1.69
2013.07.16 08:02:55.005,1.57495,1.5753,1.69,2.78
2013.07.16 08:02:55.365,1.57495,1.57533,2.44,1.69
2013.07.16 08:02:55.447,1.57495,1.5753,2.44,1.69
2013.07.16 08:02:55.567,1.57495,1.5753,1.69,1.69
2013.07.16 08:02:55.806,1.57492,1.57521,2.07,1.32
2013.07.16 08:02:55.927,1.57495,1.57521,1.13,1.32
2013.07.16 08:02:56.169,1.57488,1.57523,2.44,1.69
2013.07.16 08:02:56.236,1.57488,1.57521,2.44,1.69
2013.07.16 08:02:56.356,1.57488,1.57524,1.69,1.69
2013.07.16 08:02:56.536,1.57489,1.57524,1.32,1.69
2013.07.16 08:02:56.596,1.57488,1.57521,1.32,1.69
2013.07.16 08:02:57.146,1.57486,1.57521,2.44,1.69
2013.07.16 08:02:57.717,1.57486,1.5752,2.82,1.69
2013.07.16 08:02:58.507,1.57485,1.57518,1.69,1.69
2013.07.16 08:02:59.478,1.57488,1.57517,1.32,1.69
2013.07.16 08:02:59.836,1.57488,1.57519,1.32,1.69
2013.07.16 08:02:59.896,1.57488,1.57519,1.32,1.69
2013.07.16 08:03:01.196,1.57487,1.57519,1.32,1.69
2013.07.16 08:03:01.558,1.57487,1.57525,1.32,1.69
2013.07.16 08:03:01.617,1.57488,1.57527,1.69,2.44
2013.07.16 08:03:01.915,1.57493,1.57524,1.69,1.69
2013.07.16 08:03:02.105,1.57491,1.57523,1.69,1.69
2013.07.16 08:03:02.165,1.57493,1.57523,1.69,1.69
2013.07.16 08:03:02.405,1.57491,1.57523,1.69,1.69
2013.07.16 08:03:02.525,1.57489,1.57523,1.69,1.69
2013.07.16 08:03:02.645,1.57491,1.57523,1.69,1.69
2013.07.16 08:03:04.617,1.57486,1.57523,2.07,1.69
2013.07.16 08:03:05.155,1.57487,1.5752,1.32,1.69
2013.07.16 08:03:06.435,1.57486,1.5752,1.32,1.69
2013.07.16 08:03:11.836,1.57487,1.5752,1.32,1.69
2013.07.16 08:03:12.435,1.57482,1.57514,1.32,1.69
2013.07.16 08:03:13.237,1.5748,1.57514,1.69,1.69
2013.07.16 08:03:14.805,1.5748,1.57511,1.32,1.69
2013.07.16 08:03:14.985,1.5748,1.57513,1.32,1.69
2013.07.16 08:03:15.376,1.5748,1.57514,1.32,1.69
2013.07.16 08:03:19.335,1.57481,1.57513,1.32,1.69
2013.07.16 08:03:19.705,1.57481,1.57512,1.32,1.69
2013.07.16 08:03:20.735,1.5748,1.57513,1.32,1.69
2013.07.16 08:03:21.955,1.57485,1.57514,1.32,1.69
2013.07.16 08:03:23.294,1.57484,1.57514,1.32,1.69
2013.07.16 08:03:24.684,1.5748,1.57514,1.32,1.69
2013.07.16 08:03:24.865,1.57481,1.57514,1.32,1.69
2013.07.16 08:03:25.385,1.57481,1.57515,1.32,1.69
2013.07.16 08:03:25.527,1.57481,1.57513,1.32,1.69
2013.07.16 08:03:25.775,1.57481,1.57517,1.32,1.69
2013.07.16 08:03:26.865,1.5748,1.57514,2.82,1.69
2013.07.16 08:03:31.646,1.57481,1.57515,1.32,1.69
2013.07.16 08:03:31.765,1.57484,1.57516,1.69,1.69
2013.07.16 08:03:31.976,1.57486,1.57516,1.69,1.69
2013.07.16 08:03:33.115,1.57486,1.5752,1.32,1.69
2013.07.16 08:03:33.506,1.57485,1.57515,1.32,1.69
2013.07.16 08:03:34.556,1.57485,1.57515,1.32,1.69
2013.07.16 08:03:36.955,1.57483,1.57516,2.07,1.69
2013.07.16 08:03:38.386,1.57487,1.5752,1.69,1.69
2013.07.16 08:03:38.565,1.57494,1.57529,1.69,1.69
2013.07.16 08:03:38.925,1.57501,1.57531,1.69,1.69
2013.07.16 08:03:39.105,1.57502,1.57534,1.32,2.44
2013.07.16 08:03:39.165,1.57501,1.57534,2.82,1.69
2013.07.16 08:03:39.405,1.57496,1.57531,1.69,2.44
2013.07.16 08:03:39.765,1.57492,1.57526,1.69,2.44
2013.07.16 08:03:39.825,1.57491,1.57525,1.69,1.69
2013.07.16 08:03:41.636,1.57492,1.57523,1.69,1.69
2013.07.16 08:03:41.757,1.57492,1.57525,1.69,2.44
2013.07.16 08:03:41.816,1.57492,1.57525,1.69,2.44
2013.07.16 08:03:42.057,1.57492,1.57525,1.69,1.69
2013.07.16 08:03:42.176,1.57492,1.57525,1.69,2.44
2013.07.16 08:03:43.155,1.57493,1.57521,1.50,1.69
2013.07.16 08:03:43.456,1.57479,1.57509,2.44,1.32
2013.07.16 08:03:43.577,1.57478,1.57509,2.44,1.32
2013.07.16 08:03:43.995,1.57475,1.57509,1.69,2.07
2013.07.16 08:03:44.715,1.57475,1.57508,1.69,1.69
2013.07.16 08:03:45.075,1.57471,1.57504,1.69,1.69
2013.07.16 08:03:49.937,1.57472,1.57505,2.07,1.69
2013.07.16 08:03:53.986,1.57472,1.57507,2.07,1.69
2013.07.16 08:03:54.045,1.57473,1.57507,2.07,1.69
2013.07.16 08:03:55.046,1.57471,1.57506,2.07,1.69
2013.07.16 08:03:56.625,1.57471,1.57506,1.69,1.69
2013.07.16 08:03:56.685,1.5747,1.57501,1.32,1.32
2013.07.16 08:03:56.985,1.57469,1.57504,2.67,1.69
2013.07.16 08:03:58.707,1.57472,1.57503,1.32,1.69
2013.07.16 08:03:58.885,1.57466,1.57501,2.44,1.69
2013.07.16 08:03:58.945,1.57466,1.57502,2.44,1.32
2013.07.16 08:03:59.485,1.5747,1.57501,1.69,1.69
2013.07.16 08:03:59.625,1.5747,1.57496,1.50,1.69
2013.07.16 08:04:00.309,1.57464,1.57498,1.69,1.69
2013.07.16 08:04:00.448,1.57464,1.57496,1.69,1.69
2013.07.16 08:04:01.416,1.57462,1.57496,1.69,1.69
2013.07.16 08:04:01.475,1.57462,1.57492,1.69,1.28
2013.07.16 08:04:01.539,1.57462,1.57486,1.50,1.69
2013.07.16 08:04:01.896,1.57455,1.57483,1.69,1.69
2013.07.16 08:04:02.813,1.57455,1.57482,1.32,1.69
2013.07.16 08:04:03.486,1.57453,1.57483,1.69,1.69
2013.07.16 08:04:03.607,1.57453,1.57483,2.82,1.69
2013.07.16 08:04:04.386,1.5745,1.57479,2.44,1.69
2013.07.16 08:04:04.807,1.5745,1.57479,1.69,1.69
2013.07.16 08:04:04.986,1.5745,1.57473,1.50,1.69
2013.07.16 08:04:06.835,1.57442,1.57472,1.69,1.69
2013.07.16 08:04:07.195,1.57448,1.57478,1.13,1.69
2013.07.16 08:04:07.255,1.57448,1.57474,1.13,1.69
2013.07.16 08:04:07.375,1.57444,1.57474,1.32,2.44
2013.07.16 08:04:09.886,1.57441,1.57472,1.69,1.69
2013.07.16 08:04:10.366,1.57441,1.57477,4.17,2.44
2013.07.16 08:04:10.425,1.57444,1.57477,1.69,2.44
2013.07.16 08:04:11.027,1.57451,1.57483,1.69,1.69
2013.07.16 08:04:11.665,1.57449,1.57486,2.44,2.44
2013.07.16 08:04:11.966,1.57461,1.57486,1.50,2.07
2013.07.16 08:04:12.087,1.57461,1.57489,1.69,2.82
2013.07.16 08:04:12.207,1.57461,1.57489,1.69,3.57
2013.07.16 08:04:12.266,1.57455,1.57488,2.82,1.69
2013.07.16 08:04:12.326,1.57461,1.57488,1.32,1.69
2013.07.16 08:04:12.634,1.57456,1.57482,1.13,1.69
2013.07.16 08:04:12.938,1.57446,1.57477,2.07,1.69
2013.07.16 08:04:13.118,1.57449,1.57475,1.13,1.69
2013.07.16 08:04:13.187,1.57446,1.57475,2.82,1.69
2013.07.16 08:04:13.731,1.57436,1.57473,1.69,2.44
2013.07.16 08:04:13.807,1.57436,1.57468,1.69,1.69
2013.07.16 08:04:14.296,1.57433,1.57464,1.69,1.69
2013.07.16 08:04:14.358,1.57435,1.5747,1.69,1.69
2013.07.16 08:04:14.416,1.57439,1.5747,1.32,1.69
2013.07.16 08:04:14.718,1.57443,1.57479,2.07,1.69
2013.07.16 08:04:14.776,1.57445,1.5748,1.69,1.69
2013.07.16 08:04:16.005,1.57448,1.57482,1.32,1.69
2013.07.16 08:04:16.387,1.57448,1.57479,1.32,1.69
2013.07.16 08:04:16.926,1.57446,1.57478,1.69,1.69
2013.07.16 08:04:17.855,1.57447,1.57483,1.32,1.69
2013.07.16 08:04:18.157,1.57451,1.57487,1.69,1.69
2013.07.16 08:04:18.216,1.57453,1.57487,1.69,1.69
2013.07.16 08:04:18.337,1.57457,1.57489,1.69,1.69
2013.07.16 08:04:19.595,1.57459,1.57494,1.69,1.69
2013.07.16 08:04:22.186,1.5746,1.57491,1.32,1.69
2013.07.16 08:04:23.296,1.57461,1.57491,1.32,1.69
2013.07.16 08:04:23.415,1.57461,1.57493,1.32,1.69
2013.07.16 08:04:24.279,1.57461,1.57494,2.07,1.69
2013.07.16 08:04:24.706,1.57464,1.57499,1.69,1.69
2013.07.16 08:04:28.346,1.57466,1.57501,1.69,1.69
2013.07.16 08:04:29.187,1.57464,1.57497,2.82,1.69
2013.07.16 08:04:29.907,1.57472,1.57498,1.13,1.69
2013.07.16 08:04:30.146,1.57473,1.575,1.13,1.69
2013.07.16 08:04:30.205,1.57467,1.575,1.65,1.69
2013.07.16 08:04:30.265,1.57465,1.57499,1.69,2.07
2013.07.16 08:04:31.246,1.57461,1.57494,2.07,2.44
2013.07.16 08:04:31.785,1.57466,1.57489,1.13,1.69
2013.07.16 08:04:32.745,1.57458,1.57491,1.69,1.69
2013.07.16 08:04:33.345,1.5746,1.57494,1.69,1.32
2013.07.16 08:04:35.145,1.57463,1.57498,1.69,2.44
2013.07.16 08:04:35.265,1.57463,1.57498,2.44,2.44
2013.07.16 08:04:37.105,1.57463,1.57498,1.69,2.44
2013.07.16 08:04:37.428,1.57459,1.57492,1.69,1.69
2013.07.16 08:04:37.820,1.57459,1.57493,1.69,1.69
2013.07.16 08:04:37.946,1.57459,1.57492,1.69,1.69
2013.07.16 08:04:38.496,1.57457,1.57492,2.07,2.44
2013.07.16 08:04:38.556,1.57457,1.57489,1.69,1.69
2013.07.16 08:04:38.615,1.57457,1.57486,1.69,1.69
2013.07.16 08:04:39.835,1.5745,1.57485,1.69,1.69
2013.07.16 08:04:41.165,1.57455,1.57486,1.69,1.69
2013.07.16 08:04:42.385,1.57457,1.57489,1.13,1.69
2013.07.16 08:04:42.506,1.5746,1.57491,1.69,1.69
2013.07.16 08:04:42.685,1.57456,1.57491,3.57,1.69
2013.07.16 08:04:43.415,1.57453,1.57486,2.44,1.69
2013.07.16 08:04:45.488,1.57453,1.57484,1.69,1.69
2013.07.16 08:04:47.465,1.57451,1.57484,1.69,2.07
2013.07.16 08:04:47.825,1.57449,1.57482,1.69,3.57
2013.07.16 08:04:48.546,1.57451,1.57482,1.69,1.69
2013.07.16 08:04:48.906,1.57455,1.57483,1.50,1.69
2013.07.16 08:04:49.086,1.57455,1.57484,1.69,1.32
2013.07.16 08:04:50.226,1.5745,1.57482,1.69,1.32
2013.07.16 08:04:51.310,1.5745,1.5748,1.69,1.69
2013.07.16 08:04:54.636,1.5745,1.57479,1.50,1.69
2013.07.16 08:04:57.345,1.5745,1.57482,1.69,2.82
2013.07.16 08:04:57.717,1.5745,1.57482,1.69,2.07
2013.07.16 08:04:58.077,1.57455,1.57484,1.69,1.69
2013.07.16 08:04:58.137,1.57455,1.57488,1.69,1.69
2013.07.16 08:04:58.255,1.57459,1.57488,1.69,1.69
2013.07.16 08:05:00.058,1.57458,1.57489,1.69,1.69
2013.07.16 08:05:03.355,1.57462,1.57489,1.69,1.69
2013.07.16 08:05:03.777,1.57459,1.57492,2.44,1.69
2013.07.16 08:05:05.655,1.57459,1.57492,1.69,1.69
2013.07.16 08:05:05.776,1.5746,1.57492,1.69,1.69
2013.07.16 08:05:08.929,1.5746,1.57493,1.69,1.69
2013.07.16 08:05:13.067,1.57457,1.5749,2.44,1.69
2013.07.16 08:05:13.187,1.57457,1.57487,1.69,1.69
2013.07.16 08:05:13.247,1.57452,1.57487,2.82,1.69
2013.07.16 08:05:13.366,1.57448,1.57483,1.69,1.69
2013.07.16 08:05:16.535,1.57446,1.57478,1.69,1.32
2013.07.16 08:05:19.557,1.57446,1.57479,2.44,1.69
2013.07.16 08:05:19.866,1.57443,1.57478,1.69,1.69
2013.07.16 08:05:20.495,1.57446,1.57478,1.69,2.07
2013.07.16 08:05:21.605,1.57443,1.57478,1.69,1.69
2013.07.16 08:05:24.887,1.57441,1.57471,1.69,1.69
2013.07.16 08:05:25.245,1.5744,1.57471,1.69,1.69
2013.07.16 08:05:25.548,1.57441,1.57471,1.69,1.69
2013.07.16 08:05:25.666,1.5744,1.57471,1.69,1.69
2013.07.16 08:05:26.225,1.57441,1.57471,1.69,1.69
2013.07.16 08:05:26.777,1.57441,1.57472,1.69,1.69
2013.07.16 08:05:27.445,1.57441,1.57471,1.69,1.69
2013.07.16 08:05:27.505,1.57441,1.57471,1.69,1.69
2013.07.16 08:05:28.915,1.57441,1.57471,1.69,1.69
2013.07.16 08:05:29.275,1.5744,1.57471,1.69,1.69
2013.07.16 08:05:29.578,1.57441,1.57471,1.69,1.69
2013.07.16 08:05:30.006,1.57442,1.57472,1.69,1.69
2013.07.16 08:05:30.315,1.57444,1.57473,1.69,1.69
2013.07.16 08:05:30.617,1.57452,1.57481,1.69,1.69
2013.07.16 08:05:30.737,1.57452,1.5748,1.69,1.69
2013.07.16 08:05:30.797,1.57452,1.5748,1.69,1.69
2013.07.16 08:05:33.466,1.57447,1.5748,1.69,1.32
2013.07.16 08:05:33.525,1.57446,1.5748,2.44,1.32
2013.07.16 08:05:34.728,1.57446,1.57479,1.69,1.69
2013.07.16 08:05:35.406,1.57445,1.57468,1.69,1.13
2013.07.16 08:05:35.466,1.5744,1.57468,1.69,1.32
2013.07.16 08:05:35.657,1.57441,1.57468,1.69,1.32
2013.07.16 08:05:40.025,1.5744,1.57471,1.69,2.07
2013.07.16 08:05:40.145,1.57436,1.57469,2.44,1.32
2013.07.16 08:05:40.916,1.57433,1.57468,1.69,1.69
2013.07.16 08:05:43.347,1.57434,1.57469,1.69,2.82
2013.07.16 08:05:43.465,1.57438,1.57471,1.69,3.19
2013.07.16 08:05:43.828,1.57438,1.57471,1.69,1.69
2013.07.16 08:05:44.067,1.57442,1.57475,2.07,1.69
2013.07.16 08:05:44.487,1.57445,1.57478,1.69,1.69
2013.07.16 08:05:44.548,1.57446,1.57482,1.69,1.69
2013.07.16 08:05:45.697,1.57454,1.57488,1.50,2.44
2013.07.16 08:05:45.756,1.57454,1.57488,1.69,2.44
2013.07.16 08:05:48.535,1.57454,1.57488,1.69,2.07
2013.07.16 08:05:51.357,1.57454,1.5749,1.69,1.69
2013.07.16 08:05:51.477,1.57454,1.57489,1.69,1.69
2013.07.16 08:05:51.926,1.57454,1.57485,1.69,1.69
2013.07.16 08:05:51.986,1.57449,1.57479,1.32,1.69
2013.07.16 08:05:52.111,1.57442,1.57477,3.15,1.69
2013.07.16 08:05:52.418,1.5744,1.57474,1.69,2.44
2013.07.16 08:05:54.336,1.5744,1.57472,1.69,1.69
2013.07.16 08:05:54.397,1.5744,1.5747,1.69,1.69
2013.07.16 08:05:54.755,1.57439,1.57473,1.69,3.19
2013.07.16 08:05:55.436,1.57439,1.57473,1.69,3.19
2013.07.16 08:05:57.957,1.57439,1.57473,1.69,1.69
2013.07.16 08:05:59.026,1.57439,1.57471,1.69,1.69
2013.07.16 08:05:59.088,1.5744,1.57474,1.69,1.69
2013.07.16 08:05:59.206,1.5744,1.57477,1.69,2.07
2013.07.16 08:05:59.648,1.57445,1.5748,1.69,1.69
2013.07.16 08:06:01.796,1.57445,1.57482,1.69,1.69
2013.07.16 08:06:04.996,1.57445,1.57482,1.69,1.69
2013.07.16 08:06:05.715,1.57452,1.57485,1.69,1.69
2013.07.16 08:06:07.316,1.57452,1.57483,1.69,1.69
2013.07.16 08:06:07.617,1.57452,1.57485,1.69,1.69
2013.07.16 08:06:09.385,1.57449,1.57484,1.32,1.69
2013.07.16 08:06:09.506,1.57449,1.57483,1.32,2.07
2013.07.16 08:06:09.566,1.5745,1.57478,1.32,1.69
2013.07.16 08:06:09.746,1.5745,1.57474,1.13,1.69
2013.07.16 08:06:13.646,1.57441,1.57474,2.44,1.69
2013.07.16 08:06:17.096,1.57441,1.57478,2.44,2.07
2013.07.16 08:06:17.597,1.57445,1.57483,2.44,1.69
2013.07.16 08:06:17.658,1.57446,1.57483,1.69,1.69
2013.07.16 08:06:23.585,1.57446,1.57483,1.32,1.69
2013.07.16 08:06:25.856,1.57446,1.57478,1.32,1.69
2013.07.16 08:06:25.977,1.57446,1.57474,1.32,1.69
2013.07.16 08:06:26.336,1.57444,1.57478,2.07,1.69
2013.07.16 08:06:27.357,1.57444,1.57482,2.07,1.69
2013.07.16 08:06:27.416,1.57444,1.57482,2.82,1.69
2013.07.16 08:06:27.728,1.57447,1.57482,1.32,1.69
2013.07.16 08:06:27.967,1.57449,1.57486,1.69,3.19
2013.07.16 08:06:30.177,1.57452,1.57485,2.44,1.69
2013.07.16 08:06:31.345,1.57452,1.57485,1.69,1.69
2013.07.16 08:06:33.665,1.57452,1.57488,1.69,1.69
2013.07.16 08:06:35.786,1.57452,1.57489,2.07,3.19
2013.07.16 08:06:37.347,1.57452,1.57484,1.69,1.69
2013.07.16 08:06:38.878,1.57452,1.57483,1.69,1.69
2013.07.16 08:06:41.899,1.57452,1.57488,1.69,1.69
2013.07.16 08:06:42.075,1.57454,1.57488,1.69,1.69
2013.07.16 08:06:42.256,1.57454,1.57492,1.69,1.32
2013.07.16 08:06:42.315,1.57457,1.57492,1.69,1.32
2013.07.16 08:06:42.676,1.57461,1.57498,2.82,2.44
2013.07.16 08:06:42.736,1.57462,1.57498,1.69,1.69
2013.07.16 08:06:42.796,1.57465,1.575,1.69,2.44
2013.07.16 08:06:43.275,1.57461,1.57496,1.69,1.32
2013.07.16 08:06:43.695,1.57465,1.57501,1.69,1.69
2013.07.16 08:06:44.366,1.57463,1.57501,1.32,1.69
2013.07.16 08:06:44.426,1.57463,1.57501,1.32,2.44
2013.07.16 08:06:44.485,1.57464,1.57502,1.32,1.69
2013.07.16 08:06:44.665,1.57462,1.57503,3.19,3.19
2013.07.16 08:06:44.786,1.57462,1.57502,3.19,2.44
2013.07.16 08:06:45.146,1.57466,1.57502,1.32,1.69
2013.07.16 08:06:45.326,1.57466,1.57501,1.32,1.69
2013.07.16 08:06:45.386,1.57466,1.57495,1.32,1.69
2013.07.16 08:06:45.506,1.57461,1.57495,1.69,1.69
2013.07.16 08:06:45.566,1.5746,1.57492,1.32,1.69
2013.07.16 08:06:47.847,1.57455,1.57489,1.69,1.69
2013.07.16 08:06:49.006,1.57453,1.57488,2.07,1.69
2013.07.16 08:06:49.185,1.57456,1.57488,1.32,1.69
2013.07.16 08:06:49.665,1.57458,1.5749,1.32,1.32
2013.07.16 08:06:49.786,1.57461,1.57494,1.69,1.69
2013.07.16 08:06:49.965,1.57465,1.57498,1.69,1.69
2013.07.16 08:06:51.329,1.57465,1.57498,1.69,1.69
2013.07.16 08:06:51.387,1.57465,1.57495,1.32,1.69
2013.07.16 08:06:54.709,1.57464,1.57498,2.07,1.32
2013.07.16 08:06:55.175,1.57464,1.57498,2.82,1.32
2013.07.16 08:06:55.236,1.57467,1.57503,1.69,2.07
2013.07.16 08:06:56.167,1.57467,1.57494,1.69,3.19
2013.07.16 08:06:56.226,1.57467,1.57491,1.69,1.13
2013.07.16 08:06:56.543,1.57454,1.57488,3.94,1.32
2013.07.16 08:06:56.845,1.5746,1.57492,1.69,1.32
2013.07.16 08:06:56.906,1.57462,1.57495,2.07,1.32
2013.07.16 08:06:57.368,1.57462,1.57493,2.07,1.32
2013.07.16 08:06:58.016,1.57462,1.57493,1.32,1.32
2013.07.16 08:06:58.416,1.5746,1.57493,1.69,1.32
2013.07.16 08:07:00.166,1.5746,1.57492,1.69,1.69
2013.07.16 08:07:06.625,1.5746,1.5749,2.44,1.32
2013.07.16 08:07:07.139,1.57463,1.5749,2.07,1.32
2013.07.16 08:07:08.126,1.57462,1.57491,1.69,1.32
2013.07.16 08:07:08.876,1.57462,1.57493,1.69,1.32
2013.07.16 08:07:09.177,1.57466,1.57497,1.28,1.32
2013.07.16 08:07:10.335,1.57469,1.57498,1.32,1.32
2013.07.16 08:07:10.396,1.57473,1.57501,1.13,1.32
2013.07.16 08:07:10.575,1.57474,1.57507,3.57,1.32
2013.07.16 08:07:11.375,1.57474,1.57507,3.57,1.32
2013.07.16 08:07:16.887,1.5748,1.57508,1.69,1.32
2013.07.16 08:07:17.067,1.57482,1.57508,1.69,1.32
2013.07.16 08:07:17.128,1.57482,1.57514,1.69,1.32
2013.07.16 08:07:17.365,1.57486,1.57519,1.69,2.82
2013.07.16 08:07:19.127,1.57486,1.57518,1.32,1.32
2013.07.16 08:07:19.246,1.57486,1.57515,1.32,1.69
2013.07.16 08:07:19.426,1.57482,1.57508,1.32,1.32
2013.07.16 08:07:21.306,1.57479,1.57508,1.32,1.13
2013.07.16 08:07:21.725,1.57481,1.57514,1.32,2.07
2013.07.16 08:07:22.085,1.57483,1.57514,2.44,1.32
2013.07.16 08:07:26.725,1.57486,1.57514,2.07,1.32
2013.07.16 08:07:26.865,1.57486,1.57519,2.82,1.32
2013.07.16 08:07:27.225,1.57486,1.57519,2.82,1.69
2013.07.16 08:07:29.429,1.57486,1.57514,2.07,1.32
2013.07.16 08:07:37.377,1.57486,1.57514,1.32,1.32
2013.07.16 08:07:38.846,1.57486,1.57516,1.32,1.32
2013.07.16 08:07:39.416,1.57487,1.57519,1.69,2.07
2013.07.16 08:07:40.826,1.57487,1.57519,2.44,1.32
2013.07.16 08:07:40.945,1.57487,1.57522,2.44,1.32
2013.07.16 08:07:41.826,1.57491,1.57525,1.69,2.07
2013.07.16 08:07:44.276,1.57491,1.57527,2.44,1.32
2013.07.16 08:07:44.815,1.57493,1.57528,1.69,1.69
2013.07.16 08:07:45.118,1.57502,1.57533,1.69,2.03
2013.07.16 08:07:45.297,1.57502,1.57531,1.69,1.69
2013.07.16 08:07:45.417,1.57501,1.57525,1.69,1.32
2013.07.16 08:07:45.889,1.57498,1.57529,1.32,1.32
2013.07.16 08:07:46.228,1.57495,1.57525,1.32,1.32
2013.07.16 08:07:46.926,1.57493,1.57524,1.69,1.32
2013.07.16 08:07:47.166,1.57494,1.57526,1.50,1.32
2013.07.16 08:07:47.405,1.57496,1.57528,1.32,1.32
2013.07.16 08:07:49.665,1.57494,1.57525,1.32,2.82
2013.07.16 08:07:49.845,1.57493,1.57514,2.07,1.13
2013.07.16 08:07:49.905,1.57493,1.57523,2.82,1.32
2013.07.16 08:07:50.026,1.57492,1.57525,1.69,1.32
2013.07.16 08:07:50.415,1.57493,1.57526,1.69,1.32
2013.07.16 08:07:50.475,1.57498,1.5753,1.69,2.07
2013.07.16 08:07:52.175,1.57499,1.5753,1.32,1.32
2013.07.16 08:07:56.078,1.57499,1.57531,1.69,1.32
2013.07.16 08:07:57.606,1.57498,1.57531,2.07,1.32
2013.07.16 08:07:57.968,1.57498,1.5753,1.69,1.32
2013.07.16 08:07:58.936,1.57496,1.57525,1.69,1.13
2013.07.16 08:07:59.196,1.57499,1.57528,1.50,1.32
2013.07.16 08:07:59.315,1.57499,1.5753,1.50,1.32
2013.07.16 08:07:59.946,1.57499,1.5753,1.69,1.32
2013.07.16 08:08:03.165,1.57499,1.57529,1.69,1.69
2013.07.16 08:08:07.377,1.575,1.57531,1.69,1.88
2013.07.16 08:08:15.056,1.57497,1.57532,3.19,1.32
2013.07.16 08:08:15.176,1.57497,1.57531,3.19,1.69
2013.07.16 08:08:18.215,1.57505,1.57533,1.50,1.69
2013.07.16 08:08:18.276,1.57505,1.57534,2.44,1.69
2013.07.16 08:08:18.456,1.57511,1.57542,1.32,1.32
2013.07.16 08:08:18.995,1.57511,1.57544,3.19,1.69
2013.07.16 08:08:19.828,1.57513,1.57546,1.69,2.82
2013.07.16 08:08:23.696,1.57514,1.5754,1.69,1.32
2013.07.16 08:08:23.935,1.5751,1.57543,1.32,2.07
2013.07.16 08:08:25.095,1.57512,1.57545,1.69,1.69
2013.07.16 08:08:30.216,1.57513,1.57546,2.44,1.69
2013.07.16 08:08:32.446,1.57513,1.57547,2.44,2.07
2013.07.16 08:08:34.047,1.57516,1.57547,1.69,1.32
2013.07.16 08:08:35.278,1.57519,1.57548,2.44,1.32
2013.07.16 08:08:35.466,1.57519,1.57546,2.44,1.32
2013.07.16 08:08:39.796,1.57519,1.57546,1.69,1.32
2013.07.16 08:08:42.536,1.57513,1.57547,2.44,1.88
2013.07.16 08:08:43.665,1.57513,1.57546,1.69,1.69
2013.07.16 08:08:45.665,1.57511,1.57546,3.19,1.88
2013.07.16 08:08:45.965,1.57515,1.57546,1.69,2.07
2013.07.16 08:08:52.016,1.57513,1.57544,1.69,1.69
2013.07.16 08:08:52.436,1.57512,1.57544,1.69,2.44
2013.07.16 08:08:52.795,1.57509,1.57541,1.69,2.07
2013.07.16 08:09:06.646,1.5751,1.57541,1.13,1.13
2013.07.16 08:09:06.766,1.57511,1.57543,2.07,1.69
2013.07.16 08:09:07.065,1.57512,1.57545,1.69,1.69
2013.07.16 08:09:11.948,1.57515,1.57549,1.69,2.07
2013.07.16 08:09:12.125,1.57519,1.5755,1.32,2.07
2013.07.16 08:09:12.186,1.57517,1.57545,1.69,1.32
2013.07.16 08:09:12.245,1.57517,1.57545,1.69,2.07
2013.07.16 08:09:13.685,1.57512,1.57545,1.69,2.25
2013.07.16 08:09:13.805,1.57514,1.57547,1.32,1.69
2013.07.16 08:09:16.686,1.57514,1.57548,1.32,1.69
2013.07.16 08:09:16.745,1.57518,1.57549,1.32,2.07
2013.07.16 08:09:16.866,1.57517,1.57549,1.32,2.07
2013.07.16 08:09:17.406,1.57516,1.57549,1.69,1.69
2013.07.16 08:09:19.645,1.57514,1.57548,1.32,1.69
2013.07.16 08:09:20.019,1.57514,1.57548,1.32,1.69
2013.07.16 08:09:20.719,1.57514,1.57548,2.44,1.69
2013.07.16 08:09:23.935,1.57513,1.57548,3.19,1.69
2013.07.16 08:09:24.176,1.57512,1.57543,1.69,1.32
2013.07.16 08:09:24.356,1.57513,1.57544,1.69,1.32
2013.07.16 08:09:25.635,1.57512,1.57544,2.07,1.69
2013.07.16 08:09:27.020,1.57511,1.57544,1.32,1.69
2013.07.16 08:09:32.746,1.57513,1.57542,1.13,1.32
2013.07.16 08:09:33.982,1.57513,1.57542,1.32,1.32
2013.07.16 08:09:34.437,1.57514,1.57542,1.13,1.69
2013.07.16 08:09:34.797,1.57508,1.57539,2.82,1.32
2013.07.16 08:09:34.917,1.57508,1.57533,1.32,1.32
2013.07.16 08:09:35.036,1.57502,1.57532,2.44,1.32
2013.07.16 08:09:35.096,1.57502,1.57533,2.44,2.07
2013.07.16 08:09:35.338,1.57506,1.57534,1.69,1.32
2013.07.16 08:09:35.399,1.57506,1.57535,1.69,1.32
2013.07.16 08:09:35.456,1.57506,1.57537,1.69,1.32
2013.07.16 08:09:36.848,1.57507,1.5754,1.69,1.69
2013.07.16 08:09:37.976,1.57511,1.57544,2.07,1.69
2013.07.16 08:09:38.487,1.57508,1.57542,1.32,1.69
2013.07.16 08:09:38.666,1.57503,1.57538,2.07,2.44
2013.07.16 08:09:38.786,1.57502,1.57533,1.32,1.69
2013.07.16 08:09:40.835,1.57502,1.57532,1.32,1.69
2013.07.16 08:09:41.838,1.57502,1.57533,1.32,1.69
2013.07.16 08:09:44.146,1.57506,1.57537,2.07,1.32
2013.07.16 08:09:44.266,1.57504,1.57537,1.69,1.69
2013.07.16 08:09:47.456,1.57507,1.57539,1.69,1.69
2013.07.16 08:09:49.517,1.5751,1.57543,1.69,1.69
2013.07.16 08:09:50.852,1.57507,1.57542,1.69,1.69
2013.07.16 08:09:51.877,1.5751,1.57542,1.69,1.69
2013.07.16 08:09:56.126,1.57512,1.57544,1.32,1.69
2013.07.16 08:09:57.785,1.57511,1.57543,2.82,1.69
2013.07.16 08:10:01.457,1.57512,1.57544,1.32,1.69
2013.07.16 08:10:02.619,1.57512,1.57544,1.32,1.69
2013.07.16 08:10:02.797,1.5751,1.57539,1.69,1.32
2013.07.16 08:10:02.920,1.5751,1.57539,1.69,1.32
2013.07.16 08:10:03.036,1.57514,1.57543,2.44,1.32
2013.07.16 08:10:03.158,1.57516,1.57546,1.69,1.32
2013.07.16 08:10:03.278,1.57518,1.57549,1.32,1.69
2013.07.16 08:10:03.426,1.57519,1.57552,1.69,1.69
2013.07.16 08:10:03.845,1.57517,1.5755,2.44,1.32
2013.07.16 08:10:04.025,1.57517,1.57551,1.69,1.69
2013.07.16 08:10:04.418,1.57515,1.57551,1.69,2.07
2013.07.16 08:10:05.296,1.57516,1.57551,2.07,1.69
2013.07.16 08:10:05.476,1.57517,1.57552,1.69,2.07
2013.07.16 08:10:05.596,1.57517,1.57552,3.19,2.82
2013.07.16 08:10:06.645,1.57516,1.57551,2.07,1.69
2013.07.16 08:10:08.534,1.57514,1.57543,1.69,1.32
2013.07.16 08:10:09.346,1.57514,1.57544,2.07,1.32
2013.07.16 08:10:09.587,1.57514,1.57549,1.69,1.69
2013.07.16 08:10:10.126,1.57513,1.57546,1.69,1.69
2013.07.16 08:10:10.686,1.57513,1.57545,1.69,2.44
2013.07.16 08:10:11.046,1.57509,1.57543,2.07,2.07
2013.07.16 08:10:11.347,1.57509,1.57542,1.32,2.07
2013.07.16 08:10:11.405,1.57509,1.57539,1.32,1.69
2013.07.16 08:10:12.146,1.57504,1.57536,1.32,1.32
2013.07.16 08:10:12.206,1.57502,1.57529,1.65,1.69
2013.07.16 08:10:12.385,1.57496,1.57528,2.07,1.32
2013.07.16 08:10:12.686,1.57496,1.57529,2.07,1.32
2013.07.16 08:10:13.235,1.57494,1.57528,1.69,1.32
2013.07.16 08:10:13.835,1.57495,1.57528,1.69,2.07
2013.07.16 08:10:16.690,1.57495,1.57525,1.69,1.32
2013.07.16 08:10:18.698,1.57494,1.57528,2.07,1.69
2013.07.16 08:10:20.135,1.57494,1.57528,2.82,1.69
2013.07.16 08:10:21.766,1.57496,1.5753,1.32,1.69
2013.07.16 08:10:26.306,1.57496,1.57531,1.69,1.69
2013.07.16 08:10:26.705,1.575,1.57533,1.32,1.69
2013.07.16 08:10:27.006,1.57509,1.57544,1.32,2.44
2013.07.16 08:10:27.065,1.5751,1.57544,2.07,1.69
2013.07.16 08:10:28.517,1.5751,1.57544,1.32,2.07
2013.07.16 08:10:30.136,1.57509,1.57542,1.69,1.32
2013.07.16 08:10:30.447,1.57509,1.5754,1.69,1.32
2013.07.16 08:10:30.960,1.57509,1.5754,1.69,1.32
2013.07.16 08:10:31.034,1.57505,1.57539,1.32,1.69
2013.07.16 08:10:33.959,1.57506,1.57539,2.44,1.69
2013.07.16 08:10:34.076,1.57509,1.57542,1.32,1.69
2013.07.16 08:10:36.277,1.57509,1.57541,1.32,1.69
2013.07.16 08:10:36.456,1.57505,1.57532,1.69,1.32
2013.07.16 08:10:36.576,1.57505,1.57532,1.69,1.32
2013.07.16 08:10:36.936,1.57501,1.57534,2.44,2.82
2013.07.16 08:10:38.867,1.57502,1.57534,2.07,1.69
2013.07.16 08:10:39.106,1.57497,1.57531,1.69,1.69
2013.07.16 08:10:39.519,1.575,1.57532,1.69,1.69
2013.07.16 08:10:39.676,1.575,1.57531,1.69,1.69
2013.07.16 08:10:40.096,1.575,1.57532,1.69,1.69
2013.07.16 08:10:42.026,1.57501,1.57532,1.69,1.69
2013.07.16 08:10:43.388,1.575,1.5753,2.07,1.69
2013.07.16 08:10:45.851,1.57499,1.5753,2.07,1.69
2013.07.16 08:10:46.166,1.575,1.5753,1.69,1.69
2013.07.16 08:10:46.467,1.57504,1.57535,1.32,2.44
2013.07.16 08:10:49.716,1.57503,1.57534,1.32,1.69
2013.07.16 08:10:52.218,1.57497,1.57528,1.32,1.32
2013.07.16 08:10:52.276,1.57496,1.57523,2.07,1.50
2013.07.16 08:10:52.336,1.57496,1.57523,1.32,1.69
2013.07.16 08:10:52.896,1.57496,1.57526,2.07,1.69
2013.07.16 08:10:52.960,1.57497,1.5753,1.69,1.32
2013.07.16 08:10:53.758,1.57501,1.57534,1.69,1.69
2013.07.16 08:10:54.446,1.57501,1.57532,1.69,1.69
2013.07.16 08:10:56.477,1.575,1.57532,2.07,1.69
2013.07.16 08:10:56.656,1.57497,1.57531,1.32,1.69
2013.07.16 08:11:03.367,1.57498,1.57532,1.32,2.44
2013.07.16 08:11:07.436,1.57498,1.5753,1.32,1.69
2013.07.16 08:11:07.737,1.57501,1.57534,1.32,1.69
2013.07.16 08:11:07.857,1.57502,1.57535,2.07,1.69
2013.07.16 08:11:07.916,1.57502,1.57535,1.32,1.69
2013.07.16 08:11:08.466,1.57499,1.5753,1.32,1.69
2013.07.16 08:11:09.558,1.57499,1.57529,1.32,1.69
2013.07.16 08:11:16.936,1.57496,1.57527,1.13,1.69
2013.07.16 08:11:18.296,1.57491,1.57527,1.32,1.69
2013.07.16 08:11:18.436,1.57494,1.57527,1.69,1.69
2013.07.16 08:11:23.145,1.57498,1.57534,2.82,2.44
2013.07.16 08:11:26.376,1.57498,1.57533,2.82,1.69
2013.07.16 08:11:29.706,1.57499,1.57533,2.82,1.69
2013.07.16 08:11:31.156,1.57495,1.57529,1.32,1.69
2013.07.16 08:11:32.513,1.57495,1.57528,1.32,1.32
2013.07.16 08:11:32.916,1.57492,1.57524,1.69,1.13
2013.07.16 08:11:33.290,1.5749,1.57521,1.69,1.32
2013.07.16 08:11:35.389,1.57487,1.57523,1.69,1.69
2013.07.16 08:11:35.458,1.57486,1.57517,1.69,1.88
2013.07.16 08:11:36.696,1.57484,1.57517,1.69,1.69
2013.07.16 08:11:40.247,1.57484,1.57519,1.69,2.07
2013.07.16 08:11:40.846,1.57484,1.57519,1.69,1.32
2013.07.16 08:11:41.206,1.5749,1.57523,1.69,1.69
2013.07.16 08:11:43.645,1.57487,1.57523,1.32,1.69
2013.07.16 08:11:44.196,1.57487,1.57521,1.69,1.69
2013.07.16 08:11:44.626,1.57487,1.57521,1.69,1.69
2013.07.16 08:11:44.745,1.57488,1.57521,1.69,1.69
2013.07.16 08:11:45.146,1.57488,1.57521,1.69,1.69
2013.07.16 08:11:46.187,1.57487,1.57519,1.32,1.69
2013.07.16 08:11:46.447,1.57486,1.57518,1.69,1.69
2013.07.16 08:11:46.506,1.57485,1.57516,1.32,1.69
2013.07.16 08:11:47.216,1.57487,1.57518,1.32,1.69
2013.07.16 08:11:47.276,1.57487,1.57518,1.32,1.69
2013.07.16 08:11:47.396,1.57489,1.57523,1.32,1.69
2013.07.16 08:11:47.516,1.57489,1.57524,2.44,1.69
2013.07.16 08:11:48.945,1.57489,1.57525,2.44,1.32
2013.07.16 08:11:53.916,1.5749,1.57526,1.32,2.07
2013.07.16 08:11:55.886,1.57501,1.57526,1.13,2.07
2013.07.16 08:11:55.946,1.57501,1.57527,1.13,2.07
2013.07.16 08:11:56.066,1.57501,1.5753,1.13,1.69
2013.07.16 08:11:56.187,1.57495,1.57524,1.32,1.32
2013.07.16 08:11:56.246,1.57493,1.57524,1.69,2.07
2013.07.16 08:11:56.811,1.57489,1.57524,1.32,2.07
2013.07.16 08:11:57.609,1.5749,1.5752,1.32,1.32
2013.07.16 08:12:00.217,1.57489,1.57521,1.32,1.32
2013.07.16 08:12:00.356,1.57489,1.57522,2.07,1.32
2013.07.16 08:12:01.466,1.57492,1.57523,2.03,1.32
2013.07.16 08:12:02.198,1.57492,1.57521,1.28,1.32
2013.07.16 08:12:02.319,1.57491,1.57524,1.69,1.32
2013.07.16 08:12:02.676,1.57501,1.5753,1.32,2.07
2013.07.16 08:12:02.798,1.57501,1.57534,2.07,1.69
2013.07.16 08:12:02.916,1.57501,1.57531,1.32,2.44
2013.07.16 08:12:03.035,1.57494,1.57525,1.69,1.32
2013.07.16 08:12:03.336,1.57498,1.5753,1.69,2.07
2013.07.16 08:12:03.396,1.57498,1.5753,1.69,1.32
2013.07.16 08:12:04.897,1.57499,1.57538,1.69,1.32
2013.07.16 08:12:05.186,1.57506,1.57538,2.07,1.32
2013.07.16 08:12:05.487,1.5751,1.57546,1.32,1.69
2013.07.16 08:12:05.606,1.5751,1.57548,1.69,3.19
2013.07.16 08:12:06.797,1.57511,1.57544,1.69,1.69
2013.07.16 08:12:07.157,1.5751,1.57542,1.32,1.32
2013.07.16 08:12:07.457,1.57508,1.5754,1.32,1.69
2013.07.16 08:12:10.746,1.57506,1.57541,1.32,1.32
2013.07.16 08:12:11.046,1.57513,1.57546,1.32,1.32
2013.07.16 08:12:12.386,1.57516,1.57548,1.32,1.69
2013.07.16 08:12:12.569,1.57519,1.5755,2.25,2.44
2013.07.16 08:12:12.626,1.57527,1.5755,1.09,1.69
2013.07.16 08:12:13.117,1.5753,1.57553,1.13,1.69
2013.07.16 08:12:13.183,1.57531,1.57557,1.13,1.69
2013.07.16 08:12:13.427,1.57531,1.57558,1.13,1.69
2013.07.16 08:12:13.666,1.57526,1.57559,2.07,1.69
2013.07.16 08:12:14.086,1.57523,1.57555,1.32,1.69
2013.07.16 08:12:14.746,1.57523,1.57554,1.32,1.69
2013.07.16 08:12:14.806,1.57523,1.5755,1.13,3.19
2013.07.16 08:12:15.166,1.57515,1.57544,1.32,1.69
2013.07.16 08:12:15.466,1.57515,1.57544,1.32,1.69
2013.07.16 08:12:15.886,1.57511,1.57544,1.69,1.69
2013.07.16 08:12:16.006,1.57514,1.57546,1.32,1.69
2013.07.16 08:12:18.926,1.57518,1.57549,1.69,1.32
2013.07.16 08:12:18.985,1.57518,1.57549,1.69,1.32
2013.07.16 08:12:23.646,1.57518,1.57551,1.88,1.69
2013.07.16 08:12:23.886,1.57515,1.57546,1.32,1.69
2013.07.16 08:12:24.009,1.57512,1.57546,1.69,1.69
2013.07.16 08:12:24.206,1.57512,1.57546,2.44,1.69
2013.07.16 08:12:25.006,1.57513,1.57546,1.69,1.69
2013.07.16 08:12:28.247,1.57516,1.57547,1.69,1.69
2013.07.16 08:12:28.636,1.57516,1.57549,1.69,2.44
2013.07.16 08:12:28.878,1.57523,1.57556,1.69,1.69
2013.07.16 08:12:28.937,1.57528,1.57559,1.32,1.32
2013.07.16 08:12:29.356,1.57521,1.57555,1.69,1.69
2013.07.16 08:12:29.716,1.57518,1.57555,2.44,2.82
2013.07.16 08:12:30.027,1.5752,1.57555,1.69,2.82
2013.07.16 08:12:30.836,1.57519,1.57552,1.69,1.69
2013.07.16 08:12:31.388,1.57519,1.57552,1.69,1.69
2013.07.16 08:12:31.449,1.57519,1.57552,2.44,1.69
2013.07.16 08:12:33.567,1.57521,1.57555,1.69,1.69
2013.07.16 08:12:34.087,1.57519,1.57552,1.69,1.69
2013.07.16 08:12:34.447,1.57517,1.57546,1.69,1.50
2013.07.16 08:12:34.506,1.57515,1.57546,2.07,1.69
2013.07.16 08:12:34.747,1.57514,1.57546,1.69,1.69
2013.07.16 08:12:35.047,1.57514,1.57546,1.69,1.69
2013.07.16 08:12:35.806,1.57513,1.57548,1.69,2.07
2013.07.16 08:12:35.927,1.57513,1.57546,1.69,1.69
2013.07.16 08:12:35.986,1.57517,1.57548,1.32,1.69
2013.07.16 08:12:36.226,1.57514,1.57545,1.69,1.32
2013.07.16 08:12:36.346,1.57511,1.57544,1.69,1.69
2013.07.16 08:12:36.766,1.57511,1.57544,1.69,2.07
2013.07.16 08:12:36.829,1.57511,1.57544,1.69,2.07
2013.07.16 08:12:38.020,1.57509,1.57542,2.44,1.69
2013.07.16 08:12:38.718,1.57509,1.57543,2.44,2.44
2013.07.16 08:12:38.896,1.5751,1.57542,3.94,1.69
2013.07.16 08:12:39.016,1.57519,1.57546,1.32,1.13
2013.07.16 08:12:39.136,1.57519,1.57552,1.69,1.32
2013.07.16 08:12:39.196,1.57522,1.57556,1.69,2.03
2013.07.16 08:12:39.317,1.57526,1.57558,1.69,2.44
2013.07.16 08:12:39.377,1.57527,1.57559,1.69,1.69
2013.07.16 08:12:39.736,1.57516,1.5755,1.69,1.69
2013.07.16 08:12:40.407,1.57516,1.5755,1.69,1.69
2013.07.16 08:12:41.917,1.57515,1.57551,2.44,2.07
2013.07.16 08:12:43.548,1.57514,1.57549,1.69,2.07
2013.07.16 08:12:46.476,1.57515,1.57549,1.69,2.07
2013.07.16 08:12:47.457,1.57512,1.57548,1.69,1.69
2013.07.16 08:12:47.857,1.57508,1.57543,1.69,2.44
2013.07.16 08:12:47.977,1.57507,1.5754,1.32,1.69
2013.07.16 08:12:48.217,1.57507,1.5754,1.32,1.69
2013.07.16 08:12:48.337,1.57506,1.5754,1.32,1.69
2013.07.16 08:12:48.457,1.57505,1.57539,1.69,1.69
2013.07.16 08:12:48.639,1.57502,1.57535,1.69,1.69
2013.07.16 08:12:48.756,1.57502,1.57535,1.69,1.69
2013.07.16 08:12:49.116,1.57502,1.57535,1.69,1.69
2013.07.16 08:12:50.538,1.57502,1.57535,1.69,2.07
2013.07.16 08:12:50.956,1.57507,1.57537,1.69,1.69
2013.07.16 08:12:51.016,1.57507,1.57539,2.44,2.07
2013.07.16 08:12:51.077,1.57507,1.57543,2.44,1.32
2013.07.16 08:12:51.256,1.57513,1.57546,2.44,1.69
2013.07.16 08:12:51.768,1.57517,1.5755,1.69,2.44
2013.07.16 08:12:53.187,1.57516,1.5755,1.69,1.69
2013.07.16 08:12:53.246,1.57512,1.57547,2.44,1.69
2013.07.16 08:12:55.357,1.57512,1.57546,1.69,1.32
2013.07.16 08:12:57.419,1.57527,1.57547,1.13,1.32
2013.07.16 08:12:57.479,1.57527,1.57551,1.13,2.44
2013.07.16 08:12:57.537,1.57527,1.57551,1.13,1.50
2013.07.16 08:12:57.659,1.57526,1.57553,3.15,1.88
2013.07.16 08:12:57.958,1.57521,1.57552,1.69,1.32
2013.07.16 08:12:58.077,1.57524,1.57552,1.69,1.13
2013.07.16 08:12:58.616,1.57524,1.57558,2.44,1.32
2013.07.16 08:12:59.507,1.57528,1.57561,1.69,1.69
2013.07.16 08:13:00.318,1.57527,1.57557,1.69,1.32
2013.07.16 08:13:00.439,1.57526,1.57555,1.32,1.69
2013.07.16 08:13:00.887,1.57526,1.57555,1.32,1.32
2013.07.16 08:13:01.068,1.57531,1.57557,1.50,1.69
2013.07.16 08:13:01.187,1.57531,1.57564,1.69,1.32
2013.07.16 08:13:01.246,1.57537,1.57565,1.69,1.69
2013.07.16 08:13:01.726,1.57533,1.57563,1.69,1.32
2013.07.16 08:13:01.906,1.57536,1.57568,1.69,1.32
2013.07.16 08:13:02.896,1.57537,1.57565,1.69,1.32
2013.07.16 08:13:03.197,1.57531,1.57564,2.44,1.69
2013.07.16 08:13:03.257,1.57531,1.57558,1.69,1.32
2013.07.16 08:13:05.158,1.57537,1.57558,1.13,1.32
2013.07.16 08:13:05.457,1.57537,1.57568,1.32,1.69
2013.07.16 08:13:05.636,1.57532,1.57566,2.44,2.07
2013.07.16 08:13:10.346,1.57532,1.57559,1.69,1.32
2013.07.16 08:13:10.896,1.5753,1.57559,1.69,1.69
2013.07.16 08:13:10.957,1.57522,1.57551,1.32,1.13
2013.07.16 08:13:11.256,1.57521,1.57553,3.94,2.07
2013.07.16 08:13:11.436,1.57517,1.57547,1.69,2.07
2013.07.16 08:13:11.496,1.57515,1.57538,1.32,1.13
2013.07.16 08:13:11.796,1.57513,1.57548,1.69,1.69
2013.07.16 08:13:12.401,1.57517,1.5755,1.69,2.07
2013.07.16 08:13:13.346,1.57517,1.5755,1.69,2.07
2013.07.16 08:13:13.718,1.57519,1.57552,1.69,2.07
2013.07.16 08:13:14.616,1.57523,1.57556,1.69,1.69
2013.07.16 08:13:14.736,1.57525,1.5756,1.69,1.69
2013.07.16 08:13:14.916,1.57525,1.5756,1.69,1.69
2013.07.16 08:13:15.036,1.57529,1.57564,1.69,2.44
2013.07.16 08:13:17.218,1.57532,1.57563,1.32,1.32
2013.07.16 08:13:17.280,1.57534,1.57568,1.69,2.07
2013.07.16 08:13:18.576,1.57537,1.5757,1.69,1.69
2013.07.16 08:13:21.297,1.57535,1.57569,2.44,2.07
2013.07.16 08:13:21.417,1.57535,1.57569,2.44,1.32
2013.07.16 08:13:22.916,1.57535,1.5757,1.69,2.07
2013.07.16 08:13:23.888,1.57537,1.57569,1.69,1.32
2013.07.16 08:13:24.127,1.57539,1.57572,2.07,2.44
2013.07.16 08:13:24.187,1.57539,1.57572,1.69,1.32
2013.07.16 08:13:24.247,1.57541,1.57574,1.69,1.32
2013.07.16 08:13:24.426,1.57544,1.57574,1.69,1.32
2013.07.16 08:13:24.487,1.57544,1.57576,1.69,1.69
2013.07.16 08:13:24.726,1.57544,1.57578,1.69,1.69
2013.07.16 08:13:26.136,1.57543,1.57577,1.69,1.32
2013.07.16 08:13:26.603,1.57541,1.57573,1.69,1.69
2013.07.16 08:13:29.898,1.57538,1.57571,1.69,1.69
2013.07.16 08:13:29.957,1.57538,1.57571,1.69,1.69
2013.07.16 08:13:30.148,1.57534,1.57568,2.07,1.69
2013.07.16 08:13:32.616,1.57533,1.57568,1.32,1.69
2013.07.16 08:13:34.716,1.57533,1.57568,1.32,1.69
2013.07.16 08:13:34.896,1.57533,1.57567,1.32,1.69
2013.07.16 08:13:35.196,1.57531,1.57562,1.32,1.69
2013.07.16 08:13:37.684,1.57531,1.57566,2.07,2.44
2013.07.16 08:13:38.046,1.57534,1.57563,1.13,1.69
2013.07.16 08:13:38.367,1.57527,1.5756,1.69,1.69
2013.07.16 08:13:38.426,1.57526,1.57555,1.69,1.69
2013.07.16 08:13:40.117,1.57522,1.57553,1.32,1.69
2013.07.16 08:13:40.736,1.5752,1.57553,1.32,1.69
2013.07.16 08:13:42.336,1.57519,1.57554,1.32,2.44
2013.07.16 08:13:42.837,1.5752,1.57554,1.32,1.69
2013.07.16 08:13:45.886,1.57521,1.57556,1.69,1.69
2013.07.16 08:13:47.426,1.57522,1.57555,1.69,1.69
2013.07.16 08:13:48.887,1.57521,1.57556,1.69,1.69
2013.07.16 08:13:50.196,1.57521,1.57556,1.69,2.44
2013.07.16 08:13:53.916,1.57522,1.57554,1.69,1.69
2013.07.16 08:13:55.926,1.5752,1.57547,1.32,1.50
2013.07.16 08:13:56.046,1.57516,1.57543,2.07,1.13
2013.07.16 08:14:00.186,1.57516,1.5754,1.32,1.50
2013.07.16 08:14:00.307,1.57512,1.57536,1.32,1.13
2013.07.16 08:14:00.928,1.57507,1.57536,1.69,1.32
2013.07.16 08:14:01.526,1.57506,1.57536,1.69,1.32
2013.07.16 08:14:01.898,1.57506,1.57536,1.69,1.32
2013.07.16 08:14:07.217,1.57506,1.57536,1.32,1.32
2013.07.16 08:14:10.886,1.57508,1.57535,1.69,1.13
2013.07.16 08:14:10.946,1.57508,1.57539,1.69,1.32
2013.07.16 08:14:11.327,1.57511,1.57546,1.69,1.69
2013.07.16 08:14:11.506,1.57515,1.5755,1.69,3.57
2013.07.16 08:14:11.587,1.57511,1.5755,1.69,3.57
2013.07.16 08:14:11.709,1.57511,1.57546,1.69,1.69
2013.07.16 08:14:11.947,1.57511,1.57547,2.07,1.69
2013.07.16 08:14:12.126,1.57517,1.57549,1.69,1.32
2013.07.16 08:14:12.677,1.57517,1.5755,1.69,2.07
2013.07.16 08:14:13.291,1.57517,1.57549,1.69,1.32
2013.07.16 08:14:13.666,1.5752,1.57549,1.69,1.32
2013.07.16 08:14:13.967,1.57524,1.57556,1.69,1.32
2013.07.16 08:14:15.366,1.57521,1.57549,1.32,1.50
2013.07.16 08:14:15.426,1.57519,1.57539,1.32,1.13
2013.07.16 08:14:15.667,1.57507,1.57536,1.69,1.50
2013.07.16 08:14:15.727,1.57504,1.57528,1.32,1.13
2013.07.16 08:14:15.907,1.5751,1.57536,1.32,1.32
2013.07.16 08:14:15.967,1.57508,1.57537,1.69,1.32
2013.07.16 08:14:16.147,1.57507,1.57538,1.69,1.32
2013.07.16 08:14:16.267,1.57506,1.57539,1.69,1.69
2013.07.16 08:14:16.328,1.57505,1.57538,1.32,1.69
2013.07.16 08:14:16.387,1.57503,1.57533,1.32,1.32
2013.07.16 08:14:16.927,1.57502,1.57533,1.69,1.32
2013.07.16 08:14:17.456,1.57502,1.57533,2.07,1.32
2013.07.16 08:14:17.957,1.57503,1.57533,2.07,1.32
2013.07.16 08:14:18.587,1.57503,1.57533,1.32,1.32
2013.07.16 08:14:19.160,1.57501,1.57533,1.69,1.32
2013.07.16 08:14:19.517,1.57497,1.57521,1.69,1.13
2013.07.16 08:14:19.887,1.57497,1.57524,1.32,1.13
2013.07.16 08:14:23.336,1.57498,1.5753,1.32,1.69
2013.07.16 08:14:24.130,1.57498,1.5753,1.32,1.69
2013.07.16 08:14:24.696,1.57499,1.5753,1.32,1.69
2013.07.16 08:14:24.876,1.57504,1.57532,1.32,1.69
2013.07.16 08:14:24.937,1.57504,1.57534,2.07,1.69
2013.07.16 08:14:25.116,1.57506,1.57535,1.69,1.32
2013.07.16 08:14:25.296,1.57506,1.57538,1.69,1.32
2013.07.16 08:14:26.548,1.57508,1.57535,1.32,1.13
2013.07.16 08:14:26.756,1.57507,1.57534,1.32,1.13
2013.07.16 08:14:28.248,1.57507,1.57534,1.32,1.13
2013.07.16 08:14:29.019,1.57506,1.57534,2.07,1.13
2013.07.16 08:14:29.377,1.57504,1.5753,1.32,1.13
2013.07.16 08:14:29.678,1.57504,1.57533,1.32,1.13
2013.07.16 08:14:29.856,1.57504,1.57533,1.32,1.13
2013.07.16 08:14:30.877,1.57507,1.57538,1.32,1.69
2013.07.16 08:14:32.086,1.57506,1.57537,1.32,1.69
2013.07.16 08:14:32.327,1.57502,1.57534,1.32,1.69
2013.07.16 08:14:32.746,1.57502,1.57529,1.69,1.32
2013.07.16 08:14:33.346,1.57498,1.57523,2.07,1.13
2013.07.16 08:14:33.896,1.57498,1.57523,2.44,1.13
2013.07.16 08:14:34.436,1.57498,1.57523,1.32,1.13
2013.07.16 08:14:34.866,1.57497,1.57523,2.82,1.13
2013.07.16 08:14:36.618,1.57497,1.57526,2.82,1.13
2013.07.16 08:14:37.478,1.57497,1.57526,1.32,1.13
2013.07.16 08:14:37.597,1.57497,1.57525,1.32,1.13
2013.07.16 08:14:37.896,1.57496,1.57525,2.07,1.13
2013.07.16 08:14:38.257,1.57488,1.57522,1.69,1.13
2013.07.16 08:14:38.496,1.57486,1.57519,2.82,2.07
2013.07.16 08:14:39.939,1.57484,1.57514,1.32,1.32
2013.07.16 08:14:40.498,1.57485,1.57514,1.32,1.32
2013.07.16 08:14:41.068,1.57483,1.57514,2.07,1.32
2013.07.16 08:14:41.307,1.57485,1.57518,1.69,2.07
2013.07.16 08:14:41.427,1.57485,1.57514,2.82,1.32
2013.07.16 08:14:41.546,1.57486,1.57514,2.07,1.13
2013.07.16 08:14:41.857,1.57489,1.57518,1.32,1.13
2013.07.16 08:14:41.918,1.5749,1.57524,1.32,1.32
2013.07.16 08:14:42.158,1.57494,1.57528,1.69,1.69
2013.07.16 08:14:43.776,1.575,1.57533,1.69,2.07
2013.07.16 08:14:44.296,1.575,1.57533,1.69,2.07
2013.07.16 08:14:44.816,1.575,1.57533,1.32,2.07
2013.07.16 08:14:44.936,1.575,1.57533,1.32,2.07
2013.07.16 08:14:45.176,1.57506,1.57534,1.50,1.69
2013.07.16 08:14:45.496,1.57508,1.57538,1.69,1.32
2013.07.16 08:14:47.397,1.57506,1.57537,1.32,1.13
2013.07.16 08:14:48.929,1.57507,1.57537,1.32,1.13
2013.07.16 08:14:49.112,1.57509,1.57537,1.32,1.13
2013.07.16 08:14:49.178,1.57509,1.57537,1.32,1.13
2013.07.16 08:14:49.238,1.57509,1.5754,1.32,1.69
2013.07.16 08:14:49.357,1.57509,1.57544,2.07,2.44
2013.07.16 08:14:49.776,1.57507,1.57535,1.32,1.13
2013.07.16 08:14:50.017,1.57509,1.57533,1.32,1.32
2013.07.16 08:14:50.576,1.57507,1.57532,1.32,1.32
2013.07.16 08:14:51.477,1.57503,1.57529,2.44,1.13
2013.07.16 08:14:51.836,1.57505,1.5753,1.32,1.13
2013.07.16 08:14:52.766,1.57505,1.5753,1.32,1.32
2013.07.16 08:14:54.906,1.57505,1.5753,2.07,1.13
2013.07.16 08:14:55.456,1.57511,1.57538,1.69,1.69
2013.07.16 08:14:55.516,1.57511,1.57543,1.69,1.69
2013.07.16 08:14:56.057,1.57511,1.57543,1.69,1.69
2013.07.16 08:14:56.306,1.57513,1.57547,1.69,1.69
2013.07.16 08:14:57.392,1.57515,1.57547,1.32,1.69
2013.07.16 08:14:57.519,1.57512,1.57546,1.32,1.32
2013.07.16 08:14:57.577,1.57512,1.57547,2.07,2.82
2013.07.16 08:14:57.638,1.57516,1.57547,1.32,2.82
2013.07.16 08:14:58.336,1.57516,1.57547,1.32,1.69
2013.07.16 08:15:00.126,1.5752,1.57553,1.69,2.07
2013.07.16 08:15:00.486,1.57518,1.57553,2.07,1.69
2013.07.16 08:15:00.856,1.57518,1.57553,2.07,1.69
2013.07.16 08:15:00.917,1.57518,1.57553,2.07,1.69
2013.07.16 08:15:01.337,1.57517,1.5755,1.69,1.69
2013.07.16 08:15:02.396,1.57517,1.5755,1.69,1.69
2013.07.16 08:15:02.696,1.57522,1.57555,1.69,1.69
2013.07.16 08:15:03.766,1.57522,1.57555,2.07,1.69
2013.07.16 08:15:04.017,1.57522,1.57555,2.07,1.69
2013.07.16 08:15:05.236,1.57523,1.57558,1.69,2.44
2013.07.16 08:15:06.068,1.57522,1.57556,1.32,1.69
2013.07.16 08:15:12.344,1.57525,1.57557,1.32,1.69
2013.07.16 08:15:16.863,1.57524,1.57557,1.32,1.69
2013.07.16 08:15:18.159,1.57525,1.57557,2.07,1.69
2013.07.16 08:15:18.703,1.57525,1.57558,2.07,1.69
2013.07.16 08:15:19.588,1.57525,1.57557,2.07,1.69
2013.07.16 08:15:22.988,1.57528,1.5756,1.69,2.07
2013.07.16 08:15:23.046,1.5753,1.5756,2.44,2.07
2013.07.16 08:15:23.106,1.5753,1.5756,2.44,1.32
2013.07.16 08:15:23.286,1.57538,1.57565,1.69,1.13
2013.07.16 08:15:25.186,1.57538,1.57571,1.69,1.69
2013.07.16 08:15:26.786,1.57538,1.5757,1.32,1.69
2013.07.16 08:15:30.666,1.57537,1.5757,1.32,1.69
2013.07.16 08:15:32.946,1.57534,1.57566,1.69,1.69
2013.07.16 08:15:39.436,1.57531,1.57564,2.07,1.69
2013.07.16 08:15:40.488,1.57528,1.57563,2.44,1.69
2013.07.16 08:15:40.916,1.57528,1.57559,1.69,2.07
2013.07.16 08:15:41.096,1.57526,1.57557,1.69,1.32
2013.07.16 08:15:43.797,1.57526,1.57554,2.07,1.69
2013.07.16 08:15:43.917,1.57526,1.57554,1.32,4.32
2013.07.16 08:15:44.356,1.57521,1.57554,3.15,2.44
2013.07.16 08:15:44.419,1.57521,1.5755,2.07,1.69
2013.07.16 08:15:45.016,1.57514,1.57548,1.69,1.69
2013.07.16 08:15:47.706,1.57514,1.57545,1.69,1.69
2013.07.16 08:15:48.117,1.57514,1.57548,1.69,1.69
2013.07.16 08:15:48.358,1.57517,1.57549,1.69,1.69
2013.07.16 08:15:48.417,1.57517,1.57548,1.69,1.32
2013.07.16 08:15:49.816,1.57517,1.57546,2.07,1.32
2013.07.16 08:15:53.507,1.57517,1.5755,1.69,1.32
2013.07.16 08:15:53.864,1.57517,1.5755,1.69,1.32
2013.07.16 08:15:54.186,1.57517,1.5755,1.69,1.32
2013.07.16 08:15:56.147,1.57516,1.57549,2.07,1.69
2013.07.16 08:15:57.318,1.57516,1.57549,2.07,1.69
2013.07.16 08:15:57.616,1.57519,1.57552,1.69,1.69
2013.07.16 08:16:01.787,1.57522,1.57554,1.32,1.32
2013.07.16 08:16:01.967,1.5753,1.57562,1.69,1.32
2013.07.16 08:16:02.146,1.5753,1.57564,1.69,1.69
2013.07.16 08:16:02.266,1.57531,1.57567,1.69,1.69
2013.07.16 08:16:07.306,1.57534,1.57569,1.69,2.07
2013.07.16 08:16:08.987,1.57532,1.57567,1.69,1.69
2013.07.16 08:16:09.946,1.57532,1.57566,1.69,1.69
2013.07.16 08:16:10.219,1.57532,1.57566,1.69,1.69
2013.07.16 08:16:10.778,1.57531,1.57563,1.69,1.69
2013.07.16 08:16:13.217,1.57531,1.57563,1.69,1.69
2013.07.16 08:16:15.646,1.5753,1.57563,1.32,2.44
2013.07.16 08:16:15.946,1.5753,1.57561,1.32,1.69
2013.07.16 08:16:16.126,1.57525,1.57558,1.32,1.69
2013.07.16 08:16:17.466,1.57525,1.57559,1.69,1.69
2013.07.16 08:16:17.587,1.57525,1.57559,1.32,2.44
2013.07.16 08:16:18.218,1.57527,1.57559,1.32,1.69
2013.07.16 08:16:18.526,1.57521,1.57554,1.69,2.82
2013.07.16 08:16:23.566,1.57521,1.57554,1.69,1.69
2013.07.16 08:16:23.876,1.57533,1.57566,1.69,1.69
2013.07.16 08:16:26.846,1.57532,1.57565,1.69,1.69
2013.07.16 08:16:33.907,1.57532,1.57565,1.69,1.69
2013.07.16 08:16:34.087,1.57531,1.57563,1.32,2.07
2013.07.16 08:16:34.147,1.57531,1.57558,1.32,1.32
2013.07.16 08:16:34.507,1.57527,1.57558,1.69,1.32
2013.07.16 08:16:34.808,1.57524,1.57559,1.69,2.07
2013.07.16 08:16:35.467,1.57524,1.57555,1.69,1.32
2013.07.16 08:16:36.446,1.57522,1.57555,1.69,2.07
2013.07.16 08:16:37.157,1.57522,1.57555,1.69,1.32
2013.07.16 08:16:40.922,1.57522,1.57553,1.69,1.13
2013.07.16 08:16:41.600,1.57522,1.57553,1.69,2.07
2013.07.16 08:16:41.719,1.57522,1.57553,2.44,2.07
2013.07.16 08:16:41.840,1.57522,1.57548,2.44,1.13
2013.07.16 08:16:42.557,1.57522,1.57548,1.32,1.13
2013.07.16 08:16:43.276,1.57522,1.57548,1.32,1.13
2013.07.16 08:16:44.457,1.57519,1.57536,1.32,1.13
2013.07.16 08:16:44.697,1.57517,1.57543,1.32,1.32
2013.07.16 08:16:44.756,1.57514,1.57544,1.69,1.32
2013.07.16 08:16:44.818,1.57517,1.57549,1.69,1.32
2013.07.16 08:16:45.357,1.57517,1.57549,1.69,1.32
2013.07.16 08:16:46.560,1.5752,1.57545,1.69,1.50
2013.07.16 08:16:49.627,1.57517,1.57551,1.69,1.32
2013.07.16 08:16:49.928,1.57523,1.5755,1.32,1.32
2013.07.16 08:16:49.988,1.57525,1.57554,1.32,1.32
2013.07.16 08:16:56.267,1.57526,1.57555,1.32,1.32
2013.07.16 08:16:56.386,1.5753,1.57555,1.32,1.13
2013.07.16 08:16:56.687,1.57534,1.57565,1.69,1.32
2013.07.16 08:16:57.047,1.57536,1.57565,1.69,1.32
2013.07.16 08:16:58.708,1.5753,1.57566,1.69,1.32
2013.07.16 08:16:58.828,1.57533,1.57566,1.69,1.32
2013.07.16 08:16:58.951,1.57531,1.57566,1.69,1.32
2013.07.16 08:17:00.237,1.57526,1.5756,1.69,1.32
2013.07.16 08:17:00.416,1.57527,1.57559,1.69,1.32
2013.07.16 08:17:00.476,1.57527,1.57559,1.69,1.32
2013.07.16 08:17:00.657,1.57518,1.57556,2.07,1.32
2013.07.16 08:17:00.776,1.57517,1.5755,1.69,1.69
2013.07.16 08:17:01.147,1.57516,1.57549,1.69,1.32
2013.07.16 08:17:01.697,1.57506,1.57538,1.69,1.13
2013.07.16 08:17:02.240,1.57505,1.57538,1.69,1.32
2013.07.16 08:17:02.667,1.57511,1.57539,1.69,1.32
2013.07.16 08:17:03.497,1.57507,1.57539,2.44,2.07
2013.07.16 08:17:03.796,1.57507,1.57538,1.69,1.32
2013.07.16 08:17:04.024,1.57507,1.57539,2.44,2.07
2013.07.16 08:17:04.953,1.57507,1.57539,1.69,2.07
2013.07.16 08:17:05.506,1.57504,1.57537,1.69,1.32
2013.07.16 08:17:07.166,1.57501,1.57534,1.69,1.69
2013.07.16 08:17:07.586,1.57498,1.5753,1.69,1.32
2013.07.16 08:17:07.707,1.57497,1.57527,1.69,1.69
2013.07.16 08:17:08.656,1.57494,1.57526,2.07,1.32
2013.07.16 08:17:09.211,1.57494,1.57519,2.07,1.13
2013.07.16 08:17:09.488,1.57497,1.57527,1.69,1.32
2013.07.16 08:17:10.116,1.57497,1.57527,1.69,1.32
2013.07.16 08:17:11.228,1.57497,1.5753,2.44,1.32
2013.07.16 08:17:11.907,1.575,1.57531,1.69,1.32
2013.07.16 08:17:12.206,1.57502,1.57534,1.69,2.44
2013.07.16 08:17:12.327,1.57508,1.57534,1.69,1.32
2013.07.16 08:17:12.839,1.57512,1.57539,1.69,1.32
2013.07.16 08:17:13.147,1.57506,1.57534,1.69,1.69
2013.07.16 08:17:13.386,1.57502,1.57534,1.69,2.44
2013.07.16 08:17:13.690,1.57502,1.57533,1.69,1.69
2013.07.16 08:17:16.709,1.57507,1.57536,1.69,1.69
2013.07.16 08:17:17.067,1.5751,1.57541,1.69,1.69
2013.07.16 08:17:17.127,1.57506,1.57541,1.69,1.69
2013.07.16 08:17:17.308,1.57506,1.57536,1.69,1.69
2013.07.16 08:17:18.197,1.575,1.57529,1.69,1.50
2013.07.16 08:17:18.316,1.57498,1.57529,1.69,1.69
2013.07.16 08:17:18.378,1.57496,1.57529,1.69,1.69
2013.07.16 08:17:18.438,1.57496,1.57529,1.69,1.69
2013.07.16 08:17:18.498,1.57493,1.57529,1.69,2.07
2013.07.16 08:17:18.619,1.57493,1.57528,1.69,1.69
2013.07.16 08:17:18.738,1.57492,1.57524,1.69,1.32
2013.07.16 08:17:18.858,1.5749,1.57523,1.69,1.69
2013.07.16 08:17:19.617,1.57493,1.57524,1.69,2.07
2013.07.16 08:17:19.677,1.57498,1.57524,1.69,1.32
2013.07.16 08:17:19.797,1.57503,1.57529,1.69,1.32
2013.07.16 08:17:19.857,1.57503,1.57535,1.69,3.19
2013.07.16 08:17:21.136,1.57505,1.57536,1.69,1.69
2013.07.16 08:17:21.447,1.57501,1.57532,1.69,2.07
2013.07.16 08:17:21.628,1.57497,1.57528,1.69,1.69
2013.07.16 08:17:21.747,1.57499,1.57528,1.69,1.69
2013.07.16 08:17:21.807,1.57492,1.57529,3.19,1.69
2013.07.16 08:17:21.999,1.57496,1.57529,1.69,2.44
2013.07.16 08:17:22.539,1.57492,1.57525,1.69,1.69
2013.07.16 08:17:23.426,1.57488,1.57522,2.44,1.69
2013.07.16 08:17:24.562,1.57488,1.57522,2.44,1.69
2013.07.16 08:17:24.878,1.57488,1.57517,1.69,1.32
2013.07.16 08:17:24.936,1.57488,1.57517,1.69,1.32
2013.07.16 08:17:25.357,1.57486,1.57516,1.69,1.69
2013.07.16 08:17:25.416,1.57486,1.57514,1.69,1.50
2013.07.16 08:17:25.656,1.57486,1.57514,1.69,1.69
2013.07.16 08:17:26.017,1.57486,1.57512,1.50,1.69
2013.07.16 08:17:26.537,1.57475,1.57512,1.69,2.44
2013.07.16 08:17:26.898,1.57475,1.57511,1.69,1.69
2013.07.16 08:17:27.209,1.57472,1.57508,1.69,1.69
2013.07.16 08:17:27.448,1.57473,1.57509,2.44,2.44
2013.07.16 08:17:27.752,1.57473,1.57509,2.44,1.69
2013.07.16 08:17:28.946,1.57475,1.57512,1.69,2.07
2013.07.16 08:17:29.401,1.57475,1.57512,1.69,2.44
2013.07.16 08:17:29.697,1.57475,1.57512,1.69,1.69
2013.07.16 08:17:31.056,1.57474,1.57512,2.82,1.69
2013.07.16 08:17:31.598,1.57474,1.57506,1.69,1.69
2013.07.16 08:17:31.719,1.57471,1.57504,2.07,1.69
2013.07.16 08:17:31.839,1.57476,1.57503,1.13,1.69
2013.07.16 08:17:31.958,1.57472,1.575,1.32,2.44
2013.07.16 08:17:32.259,1.57455,1.5749,1.32,1.69
2013.07.16 08:17:32.378,1.57455,1.57488,1.32,1.69
2013.07.16 08:17:32.677,1.57455,1.57486,1.32,1.69
2013.07.16 08:17:32.736,1.57455,1.57483,1.32,1.69
2013.07.16 08:17:33.607,1.57452,1.57484,1.32,1.69
2013.07.16 08:17:33.908,1.57451,1.57486,1.32,1.69
2013.07.16 08:17:34.829,1.57452,1.5748,1.13,1.69
2013.07.16 08:17:34.888,1.57449,1.57474,1.13,1.50
2013.07.16 08:17:35.008,1.57446,1.57473,1.13,1.69
2013.07.16 08:17:35.067,1.57436,1.57473,1.32,1.69
2013.07.16 08:17:35.940,1.57435,1.57472,2.07,2.44
2013.07.16 08:17:36.003,1.57435,1.5747,2.07,1.69
2013.07.16 08:17:36.317,1.5744,1.57469,1.32,1.69
2013.07.16 08:17:36.378,1.57437,1.5747,1.32,2.44
2013.07.16 08:17:36.499,1.57434,1.57467,1.69,1.69
2013.07.16 08:17:36.559,1.57433,1.57469,1.88,2.44
2013.07.16 08:17:36.798,1.57439,1.5747,1.32,2.44
2013.07.16 08:17:37.637,1.57439,1.5747,1.32,2.44
2013.07.16 08:17:38.266,1.57434,1.57465,1.69,1.69
2013.07.16 08:17:39.036,1.57432,1.57465,1.69,1.69
2013.07.16 08:17:40.189,1.57431,1.57465,1.50,1.69
2013.07.16 08:17:40.496,1.57444,1.57469,1.13,2.07
2013.07.16 08:17:41.226,1.57444,1.57473,1.13,2.44
2013.07.16 08:17:44.589,1.57444,1.57473,1.13,1.69
2013.07.16 08:17:44.886,1.57444,1.5747,1.13,2.07
2013.07.16 08:17:44.947,1.57444,1.57466,1.13,1.32
2013.07.16 08:17:46.738,1.57434,1.57464,1.32,1.69
2013.07.16 08:17:51.707,1.57434,1.57464,1.69,1.69
2013.07.16 08:17:52.667,1.57434,1.57466,1.69,1.69
2013.07.16 08:17:53.251,1.57438,1.57467,1.32,1.69
2013.07.16 08:17:54.309,1.57434,1.57468,1.69,2.07
2013.07.16 08:17:54.788,1.57434,1.57467,1.69,1.32
2013.07.16 08:17:58.506,1.57438,1.57464,1.32,1.32
2013.07.16 08:17:59.247,1.57433,1.5746,1.69,1.50
2013.07.16 08:18:00.319,1.57433,1.57463,1.69,1.69
2013.07.16 08:18:06.997,1.57433,1.5746,1.69,1.50
2013.07.16 08:18:07.057,1.5743,1.5746,2.44,1.69
2013.07.16 08:18:07.178,1.57429,1.57458,1.32,2.44
2013.07.16 08:18:07.538,1.5742,1.57453,1.69,2.44
2013.07.16 08:18:09.287,1.57417,1.5745,1.69,1.69
2013.07.16 08:18:09.406,1.57417,1.57449,1.69,1.69
2013.07.16 08:18:10.397,1.57417,1.57449,1.69,1.69
2013.07.16 08:18:10.578,1.57415,1.57444,1.69,1.32
2013.07.16 08:18:11.059,1.57415,1.57444,1.69,1.69
2013.07.16 08:18:11.306,1.57415,1.57446,1.69,3.19
2013.07.16 08:18:11.967,1.57415,1.57445,1.69,1.69
2013.07.16 08:18:12.328,1.57414,1.57435,1.32,1.09
2013.07.16 08:18:12.628,1.574,1.57428,1.54,1.69
2013.07.16 08:18:13.177,1.574,1.57428,1.32,1.69
2013.07.16 08:18:13.742,1.57396,1.57421,1.69,1.13
2013.07.16 08:18:14.347,1.57396,1.57423,1.69,1.32
2013.07.16 08:18:14.947,1.57396,1.57427,1.69,1.69
2013.07.16 08:18:15.187,1.57396,1.57429,1.69,2.44
2013.07.16 08:18:15.306,1.57396,1.57429,1.69,1.32
2013.07.16 08:18:15.847,1.57395,1.57428,1.69,2.82
2013.07.16 08:18:16.850,1.57395,1.57426,1.69,1.32
2013.07.16 08:18:18.187,1.57396,1.57423,1.32,1.32
2013.07.16 08:18:18.427,1.57391,1.57422,1.32,1.32
2013.07.16 08:18:20.366,1.57392,1.5742,1.32,2.44
2013.07.16 08:18:20.427,1.5739,1.57419,1.32,2.07
2013.07.16 08:18:21.607,1.57383,1.57418,1.69,1.69
2013.07.16 08:18:21.966,1.57384,1.57414,1.69,1.69
2013.07.16 08:18:22.207,1.57387,1.57418,1.32,1.69
2013.07.16 08:18:22.326,1.57391,1.57424,1.69,2.07
2013.07.16 08:18:22.807,1.57391,1.57426,3.19,1.69
2013.07.16 08:18:22.927,1.57395,1.57424,1.69,1.69
2013.07.16 08:18:23.108,1.57395,1.57428,1.69,1.69
2013.07.16 08:18:23.229,1.57395,1.57424,2.07,1.69
2013.07.16 08:18:23.349,1.57395,1.57428,1.69,3.19
2013.07.16 08:18:23.468,1.57395,1.57424,1.69,1.69
2013.07.16 08:18:23.528,1.57395,1.57423,1.69,1.69
2013.07.16 08:18:23.906,1.57393,1.57423,1.32,1.69
2013.07.16 08:18:25.356,1.57392,1.57421,1.32,1.69
2013.07.16 08:18:25.888,1.57392,1.57423,1.32,1.32
2013.07.16 08:18:26.028,1.57392,1.57421,1.32,1.69
2013.07.16 08:18:26.209,1.57392,1.57422,1.32,1.32
2013.07.16 08:18:26.857,1.57391,1.57419,1.32,1.50
2013.07.16 08:18:27.096,1.57388,1.57414,1.32,1.50
2013.07.16 08:18:27.826,1.57387,1.57414,1.32,1.69
2013.07.16 08:18:32.886,1.57388,1.57414,1.32,2.07
2013.07.16 08:18:33.368,1.57388,1.57414,1.13,1.69
2013.07.16 08:18:33.910,1.57388,1.57411,1.13,1.32
2013.07.16 08:18:34.229,1.57381,1.57404,1.32,1.50
2013.07.16 08:18:34.349,1.57376,1.57404,2.07,1.50
2013.07.16 08:18:35.536,1.57376,1.57408,1.32,2.82
2013.07.16 08:18:38.267,1.57376,1.57402,2.07,1.50
2013.07.16 08:18:38.326,1.57376,1.57402,1.32,1.50
2013.07.16 08:18:38.388,1.57369,1.574,1.32,1.32
2013.07.16 08:18:38.627,1.57366,1.57393,1.32,1.50
2013.07.16 08:18:38.687,1.57365,1.57393,1.69,1.50
2013.07.16 08:18:38.747,1.57358,1.57392,1.32,1.69
2013.07.16 08:18:38.807,1.57358,1.57392,1.32,1.69
2013.07.16 08:18:39.108,1.57368,1.57401,1.32,1.69
2013.07.16 08:18:39.167,1.57368,1.57402,1.32,1.69
2013.07.16 08:18:39.348,1.57368,1.57394,1.32,1.50
2013.07.16 08:18:39.586,1.57365,1.57389,1.69,1.13
2013.07.16 08:18:40.225,1.57364,1.57389,1.69,1.88
2013.07.16 08:18:40.469,1.57364,1.57389,2.44,1.88
2013.07.16 08:18:40.956,1.57364,1.57389,1.69,1.88
2013.07.16 08:18:41.077,1.57364,1.57389,1.69,1.13
2013.07.16 08:18:41.317,1.57373,1.57404,1.13,1.50
2013.07.16 08:18:41.436,1.57373,1.57404,1.32,1.50
2013.07.16 08:18:41.976,1.5737,1.57404,1.32,1.50
2013.07.16 08:18:42.477,1.57371,1.57404,1.32,4.50
2013.07.16 08:18:43.406,1.5737,1.57401,1.32,1.69
2013.07.16 08:18:43.467,1.57371,1.57399,1.13,2.25
2013.07.16 08:18:45.328,1.57366,1.5738,1.32,1.50
2013.07.16 08:18:45.388,1.57352,1.57373,4.50,1.50
2013.07.16 08:18:45.448,1.57352,1.57368,1.50,1.50
2013.07.16 08:18:45.919,1.57351,1.57366,1.13,2.25
2013.07.16 08:18:45.993,1.57343,1.57365,2.10,1.50
2013.07.16 08:18:46.180,1.57337,1.57362,2.10,1.50
2013.07.16 08:18:46.297,1.57337,1.57362,1.69,1.50
2013.07.16 08:18:46.597,1.57341,1.57363,1.32,1.50
2013.07.16 08:18:47.136,1.57341,1.57363,1.32,1.50
2013.07.16 08:18:47.407,1.57342,1.57363,1.32,1.50
2013.07.16 08:18:48.006,1.57342,1.57363,1.32,1.50
2013.07.16 08:18:48.247,1.57345,1.57368,1.50,1.50
2013.07.16 08:18:48.547,1.57339,1.57365,1.69,1.50
2013.07.16 08:18:48.606,1.57336,1.57364,1.69,1.50
2013.07.16 08:18:49.146,1.57332,1.57359,2.07,1.50
2013.07.16 08:18:49.326,1.57335,1.57368,1.32,1.50
2013.07.16 08:18:49.386,1.57334,1.57363,1.32,1.50
2013.07.16 08:18:49.896,1.57337,1.57363,1.32,1.50
2013.07.16 08:18:50.197,1.57344,1.57368,1.13,1.50
2013.07.16 08:18:50.256,1.57344,1.57368,1.13,1.50
2013.07.16 08:18:52.632,1.57341,1.57364,2.82,1.50
2013.07.16 08:18:53.397,1.57346,1.57368,1.32,1.50
2013.07.16 08:18:53.516,1.57347,1.57368,1.13,1.50
2013.07.16 08:18:53.968,1.57345,1.57368,1.32,1.50
2013.07.16 08:18:54.087,1.57347,1.57368,1.13,1.50
2013.07.16 08:18:54.678,1.57345,1.57368,1.32,1.50
2013.07.16 08:18:55.186,1.57345,1.57368,1.32,1.50
2013.07.16 08:18:56.206,1.57345,1.57368,1.32,1.50
2013.07.16 08:18:56.868,1.57345,1.57377,1.32,1.69
2013.07.16 08:18:57.167,1.57351,1.57374,1.13,1.50
2013.07.16 08:18:57.226,1.57349,1.57374,1.13,1.50
2013.07.16 08:18:57.486,1.57351,1.57374,1.32,1.50
2013.07.16 08:18:57.998,1.57351,1.57374,1.13,1.50
2013.07.16 08:18:58.396,1.57351,1.57374,1.13,1.50
2013.07.16 08:18:58.587,1.57351,1.57374,1.32,1.50
2013.07.16 08:18:58.948,1.57353,1.57378,1.32,1.50
2013.07.16 08:19:00.408,1.57352,1.57373,1.50,1.50
2013.07.16 08:19:00.947,1.57352,1.57373,1.32,1.50
2013.07.16 08:19:01.546,1.57352,1.57379,1.69,1.50
2013.07.16 08:19:02.656,1.57352,1.57383,1.69,1.69
2013.07.16 08:19:03.017,1.57354,1.57383,1.69,1.69
2013.07.16 08:19:03.686,1.57354,1.57385,1.69,1.69
2013.07.16 08:19:04.356,1.57354,1.57385,1.69,1.69
2013.07.16 08:19:06.068,1.57353,1.57385,2.07,1.69
2013.07.16 08:19:06.435,1.57367,1.57397,1.32,1.69
2013.07.16 08:19:06.616,1.57364,1.57395,1.69,1.69
2013.07.16 08:19:06.676,1.57366,1.57395,1.32,1.69
2013.07.16 08:19:06.917,1.57366,1.57399,2.07,1.69
2013.07.16 08:19:07.156,1.57365,1.57394,2.44,1.50
2013.07.16 08:19:07.337,1.57369,1.57399,1.69,1.69
2013.07.16 08:19:07.720,1.5737,1.57399,1.69,1.69
2013.07.16 08:19:07.956,1.5737,1.57399,1.69,1.69
2013.07.16 08:19:08.136,1.57373,1.57399,1.69,1.50
2013.07.16 08:19:08.436,1.57377,1.57407,1.69,2.07
2013.07.16 08:19:10.106,1.57376,1.57406,1.32,1.69
2013.07.16 08:19:10.857,1.57376,1.57403,1.32,1.69
2013.07.16 08:19:10.917,1.5737,1.57402,1.69,1.69
2013.07.16 08:19:10.976,1.57369,1.57398,1.69,2.44
2013.07.16 08:19:12.606,1.57367,1.57398,1.69,1.69
2013.07.16 08:19:13.187,1.57367,1.57399,1.69,2.44
2013.07.16 08:19:13.306,1.57367,1.57401,2.07,1.69
2013.07.16 08:19:13.486,1.5737,1.57404,2.44,1.69
2013.07.16 08:19:13.607,1.5737,1.57404,1.69,1.69
2013.07.16 08:19:14.146,1.57374,1.57407,1.69,1.69
2013.07.16 08:19:14.210,1.57376,1.5741,1.69,1.69
2013.07.16 08:19:15.146,1.57376,1.5741,2.07,2.44
2013.07.16 08:19:15.267,1.57376,1.57405,1.32,2.44
2013.07.16 08:19:15.678,1.57372,1.57405,1.32,2.44
2013.07.16 08:19:16.156,1.57375,1.57405,1.32,2.07
2013.07.16 08:19:17.727,1.57372,1.57405,1.32,3.19
2013.07.16 08:19:20.036,1.57377,1.57405,1.13,2.44
2013.07.16 08:19:20.096,1.57377,1.57406,2.07,1.69
2013.07.16 08:19:20.277,1.57379,1.57407,1.32,1.32
2013.07.16 08:19:20.337,1.5739,1.57414,1.13,1.69
2013.07.16 08:19:20.516,1.57383,1.57413,1.13,1.69
2013.07.16 08:19:20.696,1.57379,1.57411,1.69,1.32
2013.07.16 08:19:20.817,1.57376,1.57411,2.07,1.32
2013.07.16 08:19:21.117,1.5738,1.57411,1.69,1.32
2013.07.16 08:19:21.236,1.57382,1.57414,1.69,1.69
2013.07.16 08:19:21.416,1.57386,1.57416,1.69,2.44
2013.07.16 08:19:21.477,1.57386,1.57416,2.44,1.69
2013.07.16 08:19:22.938,1.57388,1.5742,1.69,1.69
2013.07.16 08:19:23.406,1.57393,1.57421,1.32,1.69
2013.07.16 08:19:23.466,1.57393,1.57424,1.32,1.69
2013.07.16 08:19:23.767,1.57401,1.57427,1.32,1.69
2013.07.16 08:19:23.946,1.57396,1.57424,2.07,1.69
2013.07.16 08:19:24.307,1.57396,1.57424,1.32,2.07
2013.07.16 08:19:24.426,1.57392,1.57424,2.07,2.07
2013.07.16 08:19:24.486,1.57394,1.57423,1.32,1.69
2013.07.16 08:19:24.797,1.57392,1.5742,1.32,1.50
2013.07.16 08:19:25.688,1.57391,1.5742,1.32,1.69
2013.07.16 08:19:27.908,1.57388,1.57423,2.07,2.44
2013.07.16 08:19:27.969,1.574,1.57425,1.13,2.82
2013.07.16 08:19:28.088,1.574,1.57428,1.32,3.53
2013.07.16 08:19:28.267,1.57405,1.5743,1.13,1.69
2013.07.16 08:19:28.388,1.57402,1.57429,1.32,2.07
2013.07.16 08:19:28.687,1.57393,1.57424,1.32,1.69
2013.07.16 08:19:28.926,1.57393,1.57424,1.32,1.69
2013.07.16 08:19:28.987,1.57389,1.57424,1.32,3.19
2013.07.16 08:19:29.342,1.57388,1.57421,1.32,2.07
2013.07.16 08:19:29.856,1.57384,1.57417,1.69,1.69
2013.07.16 08:19:30.325,1.57382,1.57415,1.69,1.69
2013.07.16 08:19:31.287,1.57384,1.57417,1.69,1.69
2013.07.16 08:19:32.427,1.57384,1.57419,2.07,1.69
2013.07.16 08:19:33.017,1.57387,1.5742,1.69,1.69
2013.07.16 08:19:34.147,1.57387,1.5742,1.69,1.69
2013.07.16 08:19:34.267,1.57386,1.57418,1.32,1.69
2013.07.16 08:19:34.567,1.57391,1.57424,1.69,3.57
2013.07.16 08:19:34.688,1.57392,1.57424,1.69,2.82
2013.07.16 08:19:34.928,1.57392,1.57426,1.69,1.69
2013.07.16 08:19:34.987,1.57401,1.57431,1.32,1.32
2013.07.16 08:19:35.407,1.57401,1.57431,1.32,1.69
2013.07.16 08:19:35.587,1.57401,1.57433,1.32,1.69
2013.07.16 08:19:36.657,1.574,1.57434,1.32,2.44
2013.07.16 08:19:37.367,1.57406,1.57435,1.32,1.69
2013.07.16 08:19:37.727,1.57407,1.5744,1.32,1.69
2013.07.16 08:19:38.146,1.57411,1.57442,1.32,1.69
2013.07.16 08:19:38.327,1.57406,1.5744,1.32,1.69
2013.07.16 08:19:38.986,1.57406,1.5744,1.69,1.69
2013.07.16 08:19:39.288,1.57406,1.5744,1.32,1.69
2013.07.16 08:19:39.407,1.5741,1.57442,1.32,1.69
2013.07.16 08:19:39.708,1.57405,1.57438,1.32,1.69
2013.07.16 08:19:39.827,1.57406,1.57438,1.32,1.69
2013.07.16 08:19:39.887,1.57405,1.57438,1.32,1.69
2013.07.16 08:19:40.127,1.57406,1.57438,1.32,1.69
2013.07.16 08:19:43.087,1.57406,1.57436,1.32,1.69
2013.07.16 08:19:44.257,1.57406,1.57435,1.32,1.69
2013.07.16 08:19:47.776,1.57406,1.57438,1.32,1.69
2013.07.16 08:19:49.897,1.57406,1.57437,1.32,1.69
2013.07.16 08:19:50.257,1.57404,1.57434,1.69,1.69
2013.07.16 08:19:53.610,1.57402,1.57434,1.32,2.44
2013.07.16 08:19:53.729,1.57402,1.57431,1.32,1.69
2013.07.16 08:20:01.797,1.57399,1.57431,2.07,1.69
2013.07.16 08:20:03.497,1.57396,1.5743,1.32,1.69
2013.07.16 08:20:05.219,1.57396,1.57431,2.44,3.19
2013.07.16 08:20:06.457,1.574,1.57426,1.32,2.44
2013.07.16 08:20:06.816,1.57387,1.57419,1.32,1.69
2013.07.16 08:20:06.877,1.57387,1.57419,1.32,1.69
2013.07.16 08:20:06.937,1.57387,1.57419,1.32,1.69
2013.07.16 08:20:07.177,1.57387,1.57414,1.32,1.69
2013.07.16 08:20:07.718,1.57383,1.57415,1.69,1.69
2013.07.16 08:20:07.897,1.57383,1.57409,1.69,1.69
2013.07.16 08:20:08.017,1.57378,1.57409,2.44,1.69
2013.07.16 08:20:08.136,1.57378,1.57413,2.44,2.44
2013.07.16 08:20:08.437,1.57378,1.57409,1.69,1.69
2013.07.16 08:20:08.676,1.57374,1.57409,1.69,2.44
2013.07.16 08:20:09.288,1.57371,1.57408,1.69,3.19
2013.07.16 08:20:09.647,1.57368,1.574,2.07,2.07
2013.07.16 08:20:09.947,1.57368,1.57396,1.69,1.69
2013.07.16 08:20:10.007,1.57366,1.57396,1.32,1.69
2013.07.16 08:20:10.486,1.57371,1.57397,1.32,1.69
2013.07.16 08:20:10.727,1.57366,1.57397,1.32,1.69
2013.07.16 08:20:11.087,1.57366,1.57399,1.32,2.03
2013.07.16 08:20:11.147,1.57367,1.57399,1.69,2.03
2013.07.16 08:20:13.137,1.5737,1.57402,1.32,2.07
2013.07.16 08:20:13.257,1.57384,1.57408,1.13,1.69
2013.07.16 08:20:13.317,1.57385,1.57408,1.13,1.69
2013.07.16 08:20:13.676,1.57382,1.57414,1.32,1.69
2013.07.16 08:20:13.917,1.57378,1.5741,2.07,1.69
2013.07.16 08:20:14.456,1.5738,1.57407,1.32,1.69
2013.07.16 08:20:14.757,1.57378,1.57407,1.32,1.69
2013.07.16 08:20:16.476,1.57373,1.57404,1.69,1.69
2013.07.16 08:20:16.776,1.57371,1.57403,1.32,1.69
2013.07.16 08:20:18.237,1.5737,1.574,2.07,1.69
2013.07.16 08:20:18.598,1.5737,1.57401,1.32,1.69
2013.07.16 08:20:18.957,1.57376,1.57404,1.69,1.69
2013.07.16 08:20:19.017,1.57376,1.57408,1.69,1.69
2013.07.16 08:20:19.380,1.57378,1.57408,1.32,1.69
2013.07.16 08:20:19.677,1.57376,1.57404,1.32,1.69
2013.07.16 08:20:20.177,1.57371,1.57394,1.69,1.13
2013.07.16 08:20:20.237,1.57365,1.57388,1.69,1.50
2013.07.16 08:20:20.417,1.57365,1.57395,1.69,1.13
2013.07.16 08:20:21.396,1.57373,1.57399,1.69,1.50
2013.07.16 08:20:21.456,1.57373,1.57399,1.69,1.50
2013.07.16 08:20:21.576,1.57371,1.57399,1.32,1.69
2013.07.16 08:20:23.458,1.57371,1.57394,1.32,1.50
2013.07.16 08:20:29.957,1.57366,1.57394,1.69,1.50
2013.07.16 08:20:30.197,1.57362,1.57393,2.07,1.69
2013.07.16 08:20:30.379,1.5736,1.57391,1.69,1.69
2013.07.16 08:20:30.737,1.57364,1.57394,1.32,1.69
2013.07.16 08:20:30.797,1.57364,1.57394,1.32,1.69
2013.07.16 08:20:33.417,1.57379,1.57399,1.13,1.69
2013.07.16 08:20:33.477,1.57379,1.57399,1.13,1.69
2013.07.16 08:20:33.596,1.57379,1.57402,1.13,2.44
2013.07.16 08:20:33.657,1.57369,1.57394,1.32,1.13
2013.07.16 08:20:33.776,1.57364,1.57395,1.32,1.69
2013.07.16 08:20:33.896,1.57364,1.57395,1.32,1.69
2013.07.16 08:20:33.957,1.57371,1.57397,1.13,2.44
2013.07.16 08:20:35.257,1.57372,1.57398,1.13,2.44
2013.07.16 08:20:36.678,1.57371,1.57399,1.32,2.44
2013.07.16 08:20:39.727,1.57371,1.57399,1.69,1.69
2013.07.16 08:20:40.936,1.57373,1.57399,1.32,1.69
2013.07.16 08:20:42.448,1.57374,1.57399,1.69,1.69
2013.07.16 08:20:43.477,1.57367,1.57399,1.69,1.69
2013.07.16 08:20:43.537,1.57367,1.57393,1.69,1.50
2013.07.16 08:20:43.598,1.57366,1.57393,1.69,1.69
2013.07.16 08:20:44.257,1.57365,1.57399,1.32,1.69
2013.07.16 08:20:44.557,1.57372,1.57399,1.32,1.69
2013.07.16 08:20:44.677,1.57372,1.57398,1.32,1.50
2013.07.16 08:20:45.187,1.57372,1.57393,1.32,1.50
2013.07.16 08:20:45.761,1.57372,1.57393,1.32,1.50
2013.07.16 08:20:50.240,1.57375,1.57399,1.32,1.69
2013.07.16 08:20:51.117,1.57375,1.57404,1.32,1.69
2013.07.16 08:20:51.237,1.57377,1.57408,1.32,2.44
2013.07.16 08:20:51.946,1.57377,1.57404,2.07,1.69
2013.07.16 08:20:52.548,1.57378,1.57404,1.32,1.69
2013.07.16 08:20:53.638,1.57374,1.57396,1.32,1.50
2013.07.16 08:20:53.759,1.57372,1.57396,1.32,1.50
2013.07.16 08:20:53.948,1.57375,1.57399,1.69,1.50
2013.07.16 08:20:56.748,1.57376,1.57399,1.32,1.50
2013.07.16 08:20:58.157,1.57372,1.57396,1.32,1.50
2013.07.16 08:20:58.336,1.57372,1.57393,1.32,1.50
2013.07.16 08:20:58.396,1.57369,1.57398,1.69,1.69
2013.07.16 08:20:58.516,1.57373,1.57398,1.32,1.69
2013.07.16 08:20:59.347,1.57375,1.57404,1.69,3.19
2013.07.16 08:21:00.098,1.57375,1.57398,1.69,1.69
2013.07.16 08:21:00.156,1.57375,1.57398,1.69,1.69
2013.07.16 08:21:02.256,1.57374,1.57398,1.32,1.69
2013.07.16 08:21:03.909,1.57368,1.57395,1.69,1.69
2013.07.16 08:21:03.967,1.57363,1.5739,1.69,1.50
2013.07.16 08:21:04.027,1.57361,1.5739,1.69,1.50
2013.07.16 08:21:04.148,1.57357,1.57389,1.69,1.69
2013.07.16 08:21:04.208,1.57357,1.57386,1.69,1.69
2013.07.16 08:21:04.567,1.57352,1.57384,1.69,1.69
2013.07.16 08:21:05.150,1.57352,1.57378,1.69,1.50
2013.07.16 08:21:05.699,1.57354,1.57378,1.69,1.50
2013.07.16 08:21:07.436,1.57358,1.57383,1.32,1.69
2013.07.16 08:21:07.497,1.57358,1.57383,1.32,1.69
2013.07.16 08:21:07.919,1.57362,1.57389,1.13,2.44
2013.07.16 08:21:08.281,1.57361,1.57389,1.69,1.69
2013.07.16 08:21:08.398,1.57362,1.57394,2.44,2.44
2013.07.16 08:21:08.456,1.57363,1.57394,1.69,2.44
2013.07.16 08:21:08.696,1.57369,1.57394,1.69,1.50
2013.07.16 08:21:09.056,1.57376,1.57399,1.69,1.69
2013.07.16 08:21:09.117,1.57376,1.57399,1.69,1.50
2013.07.16 08:21:09.656,1.57377,1.57403,1.69,1.69
2013.07.16 08:21:10.016,1.57375,1.57398,1.69,1.50
2013.07.16 08:21:10.557,1.57377,1.57407,1.69,1.32
2013.07.16 08:21:10.917,1.57377,1.57407,1.69,1.32
2013.07.16 08:21:12.927,1.57381,1.57404,1.32,1.50
2013.07.16 08:21:12.987,1.57381,1.57404,1.32,1.50
2013.07.16 08:21:13.107,1.57381,1.57404,1.32,1.50
2013.07.16 08:21:13.817,1.57387,1.57408,1.13,1.50
2013.07.16 08:21:14.577,1.57387,1.57408,1.32,1.50
2013.07.16 08:21:15.576,1.57387,1.57408,1.32,1.50
2013.07.16 08:21:22.347,1.57387,1.57408,1.32,1.50
2013.07.16 08:21:22.708,1.57382,1.57407,1.32,1.50
2013.07.16 08:21:23.068,1.57381,1.57403,2.44,1.50
2013.07.16 08:21:23.649,1.57382,1.57403,2.07,1.50
2013.07.16 08:21:23.767,1.57386,1.57409,1.32,1.50
2013.07.16 08:21:24.007,1.57386,1.57409,1.32,1.50
2013.07.16 08:21:24.478,1.57386,1.57409,1.32,1.50
2013.07.16 08:21:24.539,1.57389,1.57416,1.13,1.32
2013.07.16 08:21:24.659,1.57389,1.57413,1.32,1.50
2013.07.16 08:21:24.780,1.57392,1.57413,1.32,1.50
2013.07.16 08:21:25.370,1.57392,1.57413,1.69,1.50
2013.07.16 08:21:26.107,1.57392,1.57418,1.13,1.69
2013.07.16 08:21:26.467,1.57387,1.57415,1.32,1.32
2013.07.16 08:21:26.527,1.57387,1.57413,1.32,1.69
2013.07.16 08:21:26.832,1.57384,1.57413,1.32,1.69
2013.07.16 08:21:28.217,1.57382,1.57406,1.32,1.50
2013.07.16 08:21:28.776,1.57382,1.57406,1.32,1.50
2013.07.16 08:21:29.877,1.57379,1.57406,1.32,1.50
2013.07.16 08:21:30.118,1.57376,1.57402,1.32,1.69
2013.07.16 08:21:30.236,1.57376,1.57401,2.07,1.69
2013.07.16 08:21:30.356,1.57374,1.57401,1.32,1.69
2013.07.16 08:21:30.417,1.57371,1.57401,2.07,1.69
2013.07.16 08:21:31.727,1.57373,1.57399,1.32,1.69
2013.07.16 08:21:32.027,1.57375,1.57401,1.69,1.69
2013.07.16 08:21:32.449,1.57375,1.57401,2.44,1.50
2013.07.16 08:21:32.748,1.5739,1.57413,1.13,1.69
2013.07.16 08:21:32.927,1.57386,1.57412,1.32,1.69
2013.07.16 08:21:36.388,1.57385,1.57414,2.07,1.69
2013.07.16 08:21:39.187,1.57388,1.57414,2.07,1.50
2013.07.16 08:21:39.647,1.57388,1.57411,1.32,1.50
2013.07.16 08:21:40.007,1.57388,1.57416,1.13,1.69
2013.07.16 08:21:40.487,1.5739,1.57419,2.07,1.69
2013.07.16 08:21:41.227,1.57389,1.57414,1.69,1.50
2013.07.16 08:21:41.346,1.57389,1.57414,1.69,1.50
2013.07.16 08:21:41.407,1.57387,1.57414,2.07,1.69
2013.07.16 08:21:41.467,1.57387,1.57414,2.07,1.69
2013.07.16 08:21:41.589,1.57387,1.57414,2.07,1.69
2013.07.16 08:21:41.947,1.57399,1.57427,1.13,1.69
2013.07.16 08:21:42.007,1.574,1.57429,1.13,1.69
2013.07.16 08:21:42.192,1.574,1.57433,1.32,2.44
2013.07.16 08:21:42.437,1.57407,1.57433,1.32,1.69
2013.07.16 08:21:43.380,1.57407,1.57438,1.32,2.07
2013.07.16 08:21:43.677,1.5741,1.57433,1.32,1.69
2013.07.16 08:21:44.207,1.57409,1.57433,1.32,1.69
2013.07.16 08:21:47.667,1.57407,1.57433,2.07,1.50
2013.07.16 08:21:52.539,1.57408,1.57437,1.32,1.32
2013.07.16 08:21:52.599,1.57421,1.5744,1.13,1.13
2013.07.16 08:21:52.777,1.57421,1.57444,1.13,1.69
2013.07.16 08:21:52.978,1.57421,1.57446,1.13,1.69
2013.07.16 08:21:55.605,1.5742,1.57448,1.32,1.69
2013.07.16 08:21:55.727,1.57417,1.57443,2.82,1.50
2013.07.16 08:21:56.287,1.57416,1.57443,1.32,1.69
2013.07.16 08:22:01.917,1.57414,1.57444,2.07,1.32
2013.07.16 08:22:01.978,1.57424,1.57447,1.13,1.69
2013.07.16 08:22:02.038,1.57424,1.57447,1.13,1.69
2013.07.16 08:22:02.218,1.57424,1.57447,1.47,1.69
2013.07.16 08:22:02.338,1.57431,1.57461,1.69,1.32
2013.07.16 08:22:02.397,1.57431,1.57461,1.69,1.69
2013.07.16 08:22:02.458,1.57434,1.57461,1.69,1.69
2013.07.16 08:22:02.757,1.57444,1.57473,2.44,2.07
2013.07.16 08:22:02.819,1.57445,1.57477,1.69,1.69
2013.07.16 08:22:03.178,1.5745,1.57473,1.32,1.69
2013.07.16 08:22:03.298,1.57449,1.57473,1.32,1.69
2013.07.16 08:22:03.357,1.57445,1.57479,1.32,2.44
2013.07.16 08:22:03.478,1.57445,1.57479,1.32,2.44
2013.07.16 08:22:03.747,1.57448,1.57479,1.69,1.69
2013.07.16 08:22:04.048,1.57446,1.57469,1.32,1.50
2013.07.16 08:22:04.586,1.57445,1.57469,1.69,1.50
2013.07.16 08:22:05.247,1.57442,1.57468,1.32,1.69
2013.07.16 08:22:05.437,1.57437,1.57467,1.32,1.69
2013.07.16 08:22:05.557,1.57442,1.57469,1.69,1.69
2013.07.16 08:22:05.617,1.57443,1.57469,1.32,1.69
2013.07.16 08:22:05.737,1.57444,1.57473,2.07,1.69
2013.07.16 08:22:05.918,1.57455,1.57482,1.13,1.32
2013.07.16 08:22:05.978,1.57455,1.57485,1.13,2.67
2013.07.16 08:22:06.038,1.57465,1.57485,1.13,1.17
2013.07.16 08:22:06.157,1.57457,1.5749,1.32,2.03
2013.07.16 08:22:06.276,1.57455,1.57482,2.07,1.50
2013.07.16 08:22:07.267,1.57457,1.5748,1.13,1.69
2013.07.16 08:22:07.587,1.57457,1.57478,1.13,1.13
2013.07.16 08:22:08.978,1.57457,1.57478,1.13,1.13
2013.07.16 08:22:10.528,1.57457,1.57479,1.13,1.32
2013.07.16 08:22:13.558,1.57453,1.57479,1.13,1.32
2013.07.16 08:22:13.919,1.57443,1.5746,1.32,1.09
2013.07.16 08:22:14.157,1.57433,1.57463,1.32,1.50
2013.07.16 08:22:14.217,1.57429,1.57463,1.69,1.50
2013.07.16 08:22:14.277,1.57439,1.57464,1.13,1.69
2013.07.16 08:22:14.457,1.57439,1.57468,1.32,1.69
2013.07.16 08:22:15.637,1.57438,1.57468,1.32,1.32
2013.07.16 08:22:15.879,1.57447,1.57473,1.13,2.07
2013.07.16 08:22:15.939,1.57446,1.57469,1.13,1.50
2013.07.16 08:22:16.057,1.57445,1.57469,1.69,1.50
2013.07.16 08:22:16.245,1.57445,1.5747,1.69,1.50
2013.07.16 08:22:16.947,1.57445,1.57473,1.69,1.50
2013.07.16 08:22:17.007,1.57445,1.57473,1.69,1.50
2013.07.16 08:22:17.958,1.57445,1.57473,1.32,1.69
2013.07.16 08:22:18.418,1.57445,1.57472,1.32,1.69
2013.07.16 08:22:18.598,1.57444,1.57472,1.32,1.69
2013.07.16 08:22:19.717,1.57454,1.57474,1.13,1.69
2013.07.16 08:22:19.777,1.57454,1.57478,1.13,2.07
2013.07.16 08:22:19.897,1.57446,1.57478,1.32,2.07
2013.07.16 08:22:20.017,1.57444,1.57472,2.07,1.50
2013.07.16 08:22:21.059,1.57444,1.57472,1.32,1.69
2013.07.16 08:22:22.177,1.57446,1.57472,1.69,1.50
2013.07.16 08:22:22.858,1.57448,1.57477,1.69,1.32
2013.07.16 08:22:23.097,1.57455,1.57479,1.13,1.69
2013.07.16 08:22:23.537,1.57454,1.57479,1.32,1.69
2013.07.16 08:22:25.660,1.57444,1.57476,1.32,1.69
2013.07.16 08:22:25.836,1.5744,1.57467,2.44,1.50
2013.07.16 08:22:25.957,1.57437,1.57467,1.69,1.50
2013.07.16 08:22:26.017,1.57437,1.57463,1.69,1.50
2013.07.16 08:22:26.438,1.57437,1.57458,1.69,1.50
2013.07.16 08:22:26.557,1.57432,1.57458,2.44,1.50
2013.07.16 08:22:26.797,1.57431,1.57458,1.69,1.50
2013.07.16 08:22:27.157,1.57431,1.57459,1.69,1.69
2013.07.16 08:22:27.217,1.57431,1.57458,1.69,1.50
2013.07.16 08:22:27.827,1.57431,1.57458,1.69,1.50
2013.07.16 08:22:28.357,1.57429,1.57458,1.69,1.69
2013.07.16 08:22:31.638,1.57429,1.5746,1.69,1.32
2013.07.16 08:22:31.948,1.57429,1.57458,1.69,1.69
2013.07.16 08:22:33.286,1.57434,1.57458,1.69,1.50
2013.07.16 08:22:36.448,1.57432,1.57461,1.69,1.32
2013.07.16 08:22:38.037,1.5743,1.57463,1.69,1.69
2013.07.16 08:22:38.290,1.5743,1.57459,1.69,1.69
2013.07.16 08:22:40.347,1.5743,1.57459,1.32,1.69
2013.07.16 08:22:42.918,1.5743,1.57462,2.07,1.69
2013.07.16 08:22:42.978,1.57431,1.57463,1.69,1.32
2013.07.16 08:22:43.617,1.57431,1.57464,2.82,2.44
2013.07.16 08:22:44.907,1.57433,1.57466,2.44,1.69
2013.07.16 08:22:45.267,1.5744,1.57469,1.69,1.69
2013.07.16 08:22:45.447,1.5744,1.57473,2.44,1.69
2013.07.16 08:22:46.227,1.57444,1.57473,1.69,1.69
2013.07.16 08:22:46.346,1.57444,1.57473,1.69,1.69
2013.07.16 08:22:48.217,1.57442,1.5747,2.07,1.69
2013.07.16 08:22:48.337,1.57442,1.57469,1.69,1.69
2013.07.16 08:22:48.517,1.57442,1.57471,2.07,1.32
2013.07.16 08:22:48.937,1.57442,1.57471,2.07,1.32
2013.07.16 08:22:49.296,1.57441,1.57474,1.32,1.69
2013.07.16 08:22:50.087,1.5744,1.57469,1.69,1.69
2013.07.16 08:22:50.386,1.5744,1.57473,1.69,2.07
2013.07.16 08:22:50.447,1.5744,1.57473,1.69,2.44
2013.07.16 08:22:50.746,1.57443,1.57473,1.69,2.07
2013.07.16 08:22:51.177,1.57448,1.57473,1.69,1.32
2013.07.16 08:22:51.297,1.57451,1.57479,1.32,2.44
2013.07.16 08:22:51.689,1.57447,1.57474,1.32,1.69
2013.07.16 08:22:51.749,1.57447,1.57473,1.32,1.69
2013.07.16 08:22:52.287,1.57444,1.57473,1.69,2.07
2013.07.16 08:22:53.147,1.57442,1.57469,1.32,1.50
2013.07.16 08:22:53.207,1.57441,1.57469,1.69,1.69
2013.07.16 08:22:53.756,1.57441,1.57464,1.69,1.50
2013.07.16 08:22:54.037,1.57446,1.57473,1.32,1.32
2013.07.16 08:22:54.157,1.57446,1.57473,1.32,1.32
2013.07.16 08:22:54.669,1.57446,1.57474,2.07,1.50
2013.07.16 08:22:55.487,1.57447,1.57474,2.07,1.50
2013.07.16 08:22:55.788,1.57446,1.57469,1.32,1.69
2013.07.16 08:22:56.178,1.57447,1.57476,1.69,1.69
2013.07.16 08:22:56.249,1.57451,1.57474,1.32,1.50
2013.07.16 08:22:56.617,1.57446,1.57474,1.69,1.50
2013.07.16 08:22:57.717,1.57447,1.57474,1.69,1.50
2013.07.16 08:22:58.647,1.57447,1.57474,1.69,1.50
2013.07.16 08:22:58.957,1.57447,1.5747,1.69,1.50
2013.07.16 08:22:59.088,1.57443,1.57468,1.69,1.50
2013.07.16 08:22:59.207,1.57443,1.57473,1.69,1.69
2013.07.16 08:22:59.853,1.57447,1.57473,2.82,1.50
2013.07.16 08:22:59.979,1.57447,1.57476,2.82,1.32
2013.07.16 08:23:00.339,1.57466,1.575,1.35,1.69
2013.07.16 08:23:00.399,1.57467,1.575,1.84,1.69
2013.07.16 08:23:00.458,1.57473,1.57496,1.13,1.50
2013.07.16 08:23:00.638,1.57475,1.57506,1.13,2.44
2013.07.16 08:23:00.756,1.57475,1.57506,1.13,1.69
2013.07.16 08:23:00.877,1.57475,1.57507,1.13,1.69
2013.07.16 08:23:01.236,1.57473,1.57496,1.32,1.50
2013.07.16 08:23:04.386,1.57474,1.57498,1.32,1.50
2013.07.16 08:23:04.868,1.57478,1.57502,1.32,1.32
2013.07.16 08:23:05.227,1.57487,1.57508,1.13,1.69
2013.07.16 08:23:05.407,1.57488,1.57508,1.47,1.50
2013.07.16 08:23:05.527,1.57491,1.57514,1.88,1.50
2013.07.16 08:23:05.708,1.57494,1.57516,1.32,1.50
2013.07.16 08:23:07.306,1.57494,1.57518,1.32,1.69
2013.07.16 08:23:08.407,1.57504,1.57529,1.13,3.19
2013.07.16 08:23:08.589,1.57506,1.57529,1.13,1.69
2013.07.16 08:23:08.649,1.57502,1.57524,1.32,1.50
2013.07.16 08:23:08.708,1.57501,1.57524,1.69,1.50
2013.07.16 08:23:08.767,1.57498,1.57524,2.07,1.50
2013.07.16 08:23:08.828,1.57498,1.57524,1.32,1.69
2013.07.16 08:23:09.151,1.57498,1.57524,1.69,2.07
2013.07.16 08:23:09.457,1.57493,1.57514,1.32,1.50
2013.07.16 08:23:09.817,1.57482,1.57503,1.69,1.50
2013.07.16 08:23:10.467,1.57482,1.57507,1.69,1.50
2013.07.16 08:23:11.068,1.57481,1.57507,1.69,1.50
2013.07.16 08:23:11.989,1.57478,1.57507,2.07,1.69
2013.07.16 08:23:12.107,1.57478,1.5751,2.07,1.69
2013.07.16 08:23:12.887,1.57483,1.57509,1.32,1.32
2013.07.16 08:23:12.947,1.57483,1.57514,1.32,2.44
2013.07.16 08:23:13.070,1.57491,1.57514,1.32,1.32
2013.07.16 08:23:13.128,1.5749,1.57518,1.32,2.07
2013.07.16 08:23:13.189,1.57486,1.57518,1.69,2.07
2013.07.16 08:23:14.389,1.57485,1.57518,2.07,2.82
2013.07.16 08:23:14.927,1.5749,1.57519,1.32,1.69
2013.07.16 08:23:15.397,1.5749,1.57519,1.32,1.32
2013.07.16 08:23:15.457,1.57485,1.57519,1.69,1.32
2013.07.16 08:23:15.637,1.5748,1.57513,2.07,1.69
2013.07.16 08:23:17.247,1.57484,1.57516,1.69,1.32
2013.07.16 08:23:17.310,1.57485,1.57518,1.69,1.32
2013.07.16 08:23:18.150,1.5749,1.57518,1.69,1.32
2013.07.16 08:23:18.207,1.57491,1.57519,1.69,1.32
2013.07.16 08:23:18.627,1.57484,1.57512,1.69,1.13
2013.07.16 08:23:18.747,1.57479,1.57509,1.32,1.32
2013.07.16 08:23:18.807,1.57477,1.57509,1.69,1.32
2013.07.16 08:23:19.228,1.57482,1.5751,1.50,1.32
2013.07.16 08:23:19.348,1.57483,1.57513,1.69,1.32
2013.07.16 08:23:19.408,1.57492,1.57515,1.50,1.32
2013.07.16 08:23:19.467,1.57492,1.57517,1.50,1.32
2013.07.16 08:23:20.067,1.57491,1.57518,1.69,1.32
2013.07.16 08:23:20.427,1.5749,1.57521,1.32,2.03
2013.07.16 08:23:20.547,1.57484,1.57515,1.69,2.07
2013.07.16 08:23:22.727,1.57484,1.57515,1.69,1.32
2013.07.16 08:23:25.378,1.57488,1.5752,1.50,2.07
2013.07.16 08:23:25.437,1.57499,1.5752,1.13,1.69
2013.07.16 08:23:25.748,1.575,1.57529,1.13,1.69
2013.07.16 08:23:26.046,1.57499,1.57531,1.32,1.69
2013.07.16 08:23:27.627,1.575,1.5753,1.32,1.32
2013.07.16 08:23:28.867,1.57501,1.57533,1.32,1.69
2013.07.16 08:23:30.327,1.57504,1.57536,1.69,1.69
2013.07.16 08:23:30.387,1.57504,1.57538,1.69,1.69
2013.07.16 08:23:30.567,1.57509,1.57541,1.69,2.44
2013.07.16 08:23:30.747,1.57512,1.57546,2.07,2.44
2013.07.16 08:23:31.188,1.57512,1.57544,2.44,1.69
2013.07.16 08:23:31.298,1.57514,1.57548,1.32,1.69
2013.07.16 08:23:31.738,1.57514,1.57544,1.32,2.07
2013.07.16 08:23:31.927,1.57512,1.5754,2.07,1.69
2013.07.16 08:23:31.987,1.57509,1.5754,1.69,1.69
2013.07.16 08:23:32.287,1.57505,1.57534,1.69,1.69
2013.07.16 08:23:33.067,1.57502,1.57533,1.69,1.69
2013.07.16 08:23:34.917,1.57501,1.57534,1.69,1.69
2013.07.16 08:23:35.217,1.57507,1.57538,1.69,2.07
2013.07.16 08:23:37.237,1.57509,1.57537,1.69,1.32
2013.07.16 08:23:37.657,1.57508,1.57539,1.88,1.32
2013.07.16 08:23:39.157,1.57516,1.57538,1.50,1.13
2013.07.16 08:23:39.217,1.57517,1.57547,1.69,2.07
2013.07.16 08:23:39.339,1.57517,1.57546,1.69,2.07
2013.07.16 08:23:39.458,1.57517,1.57545,1.69,1.69
2013.07.16 08:23:39.818,1.57512,1.57545,1.69,1.32
2013.07.16 08:23:40.067,1.5751,1.57541,1.32,1.69
2013.07.16 08:23:40.248,1.57507,1.57538,1.69,1.32
2013.07.16 08:23:40.308,1.57507,1.57537,1.69,1.32
2013.07.16 08:23:41.027,1.57509,1.57539,1.32,2.82
2013.07.16 08:23:41.435,1.57509,1.57538,1.13,2.44
2013.07.16 08:23:41.505,1.57501,1.57533,1.32,1.69
2013.07.16 08:23:43.887,1.57501,1.57533,1.32,1.32
2013.07.16 08:23:44.559,1.5751,1.57535,1.13,1.32
2013.07.16 08:23:44.619,1.5751,1.57535,1.13,1.32
2013.07.16 08:23:44.739,1.57509,1.57539,1.32,1.69
2013.07.16 08:23:44.858,1.5751,1.57542,1.32,1.69
2013.07.16 08:23:45.277,1.5751,1.57539,1.32,1.69
2013.07.16 08:23:48.586,1.5751,1.57537,1.32,1.32
2013.07.16 08:23:49.787,1.5751,1.57539,1.32,2.07
2013.07.16 08:23:50.747,1.5751,1.57537,1.13,1.32
2013.07.16 08:23:52.347,1.5751,1.57537,1.13,1.32
2013.07.16 08:23:52.647,1.57512,1.57537,1.13,1.32
2013.07.16 08:23:52.947,1.57509,1.57538,1.32,2.07
2013.07.16 08:23:55.417,1.57509,1.57538,1.32,1.32
2013.07.16 08:23:55.967,1.57506,1.57537,1.69,1.32
2013.07.16 08:23:56.857,1.57506,1.57538,1.32,1.32
2013.07.16 08:23:57.461,1.57506,1.57539,1.32,2.07
2013.07.16 08:23:57.519,1.57506,1.57539,1.32,1.32
2013.07.16 08:23:57.637,1.57507,1.57537,1.32,1.32
2013.07.16 08:23:57.697,1.5751,1.57539,1.32,1.32
2013.07.16 08:23:58.028,1.5751,1.57539,1.32,1.32
2013.07.16 08:23:58.147,1.5751,1.57541,1.32,1.32
2013.07.16 08:23:58.957,1.57516,1.57546,1.32,2.82
2013.07.16 08:23:59.267,1.57514,1.57544,1.32,1.32
2013.07.16 08:23:59.827,1.57514,1.57542,1.13,1.32
2013.07.16 08:24:00.302,1.57513,1.57542,1.32,1.32
2013.07.16 08:24:01.887,1.57513,1.57539,1.13,1.32
2013.07.16 08:24:05.146,1.57514,1.57546,1.13,2.82
2013.07.16 08:24:05.207,1.57521,1.57546,1.13,2.07
2013.07.16 08:24:05.447,1.57513,1.57542,2.07,1.50
2013.07.16 08:24:05.627,1.57512,1.57542,1.32,2.44
2013.07.16 08:24:08.290,1.57512,1.57538,1.32,1.32
2013.07.16 08:24:08.469,1.57506,1.57535,1.69,2.44
2013.07.16 08:24:08.648,1.57497,1.5753,2.07,1.69
2013.07.16 08:24:09.867,1.57497,1.5753,1.32,1.69
2013.07.16 08:24:09.987,1.57497,1.57528,1.32,1.69
2013.07.16 08:24:11.417,1.57497,1.57528,2.07,1.32
2013.07.16 08:24:11.658,1.57501,1.57528,2.07,1.13
2013.07.16 08:24:11.718,1.57507,1.57528,1.13,1.13
2013.07.16 08:24:11.899,1.57499,1.57534,2.07,1.69
2013.07.16 08:24:12.617,1.57501,1.57533,1.32,1.69
2013.07.16 08:24:13.057,1.57498,1.57531,1.69,1.69
2013.07.16 08:24:15.428,1.57499,1.57531,3.19,1.32
2013.07.16 08:24:15.727,1.57502,1.57531,1.32,1.32
2013.07.16 08:24:16.668,1.57503,1.57531,1.69,1.32
2013.07.16 08:24:17.027,1.57513,1.5754,1.13,1.69
2013.07.16 08:24:17.087,1.57513,1.57541,1.13,1.50
2013.07.16 08:24:18.057,1.57511,1.57544,1.32,2.07
2013.07.16 08:24:18.117,1.57511,1.57544,1.32,2.07
2013.07.16 08:24:18.177,1.57511,1.57539,1.32,1.13
2013.07.16 08:24:18.916,1.57513,1.57544,1.32,1.50
2013.07.16 08:24:19.217,1.57521,1.57554,1.13,1.69
2013.07.16 08:24:19.697,1.57523,1.57557,1.32,1.13
2013.07.16 08:24:19.974,1.57523,1.57557,1.32,1.13
2013.07.16 08:24:20.284,1.57518,1.57552,1.69,1.50
2013.07.16 08:24:21.227,1.57518,1.57549,1.69,1.13
2013.07.16 08:24:22.467,1.57518,1.57548,1.69,1.13
2013.07.16 08:24:23.127,1.57517,1.57548,1.69,1.13
2013.07.16 08:24:25.228,1.57515,1.57551,1.32,1.69
2013.07.16 08:24:27.058,1.57517,1.5755,1.69,1.13
2013.07.16 08:24:27.120,1.57517,1.5755,1.69,1.13
2013.07.16 08:24:27.483,1.57525,1.57552,1.69,1.13
2013.07.16 08:24:28.260,1.57522,1.57554,1.69,1.13
2013.07.16 08:24:34.569,1.57521,1.57556,2.07,1.32
2013.07.16 08:24:36.887,1.57521,1.57556,2.07,1.32
2013.07.16 08:24:37.247,1.57521,1.57556,2.07,1.32
2013.07.16 08:24:40.637,1.57522,1.57554,1.32,1.32
2013.07.16 08:24:41.117,1.57526,1.5755,1.32,1.50
2013.07.16 08:24:41.606,1.57523,1.57552,1.69,1.28
2013.07.16 08:24:41.907,1.57522,1.57545,1.13,1.09
2013.07.16 08:24:41.968,1.57518,1.57543,2.44,1.13
2013.07.16 08:24:42.897,1.57516,1.57543,1.32,1.13
2013.07.16 08:24:42.959,1.57511,1.57544,1.69,1.32
2013.07.16 08:24:43.839,1.57511,1.57543,1.69,1.69
2013.07.16 08:24:44.348,1.57513,1.57545,1.32,2.44
2013.07.16 08:24:45.057,1.57513,1.57544,1.32,1.69
2013.07.16 08:24:45.367,1.57513,1.57545,1.32,1.69
2013.07.16 08:24:45.427,1.57518,1.57548,1.32,1.69
2013.07.16 08:24:45.547,1.57517,1.57549,2.07,1.69
2013.07.16 08:24:46.670,1.57518,1.57549,1.32,1.69
2013.07.16 08:24:46.847,1.57518,1.57551,1.69,1.69
2013.07.16 08:24:49.908,1.57518,1.57553,2.07,2.44
2013.07.16 08:24:51.117,1.57523,1.57553,1.13,1.69
2013.07.16 08:24:51.929,1.57517,1.57549,1.32,1.69
2013.07.16 08:24:52.169,1.57517,1.57549,1.32,1.69
2013.07.16 08:24:52.287,1.57517,1.57548,1.32,1.69
2013.07.16 08:24:52.589,1.57518,1.57548,1.32,1.69
2013.07.16 08:24:53.527,1.57517,1.57544,1.13,2.44
2013.07.16 08:24:55.526,1.57518,1.57542,1.13,1.32
2013.07.16 08:24:56.438,1.57516,1.57544,1.13,1.69
2013.07.16 08:24:56.677,1.57511,1.57544,1.32,2.44
2013.07.16 08:24:58.299,1.57512,1.57542,1.13,1.32
2013.07.16 08:24:58.357,1.57511,1.57539,1.32,1.69
2013.07.16 08:24:59.767,1.57505,1.57538,1.69,1.69
2013.07.16 08:25:01.407,1.57504,1.57538,1.32,1.69
2013.07.16 08:25:02.657,1.57507,1.57543,1.32,1.69
2013.07.16 08:25:02.717,1.57507,1.57539,1.32,1.69
2013.07.16 08:25:02.777,1.57509,1.57544,2.44,2.82
2013.07.16 08:25:03.198,1.57515,1.5755,2.44,1.69
2013.07.16 08:25:03.618,1.57519,1.5755,1.13,1.69
2013.07.16 08:25:03.878,1.57515,1.57545,1.32,1.69
2013.07.16 08:25:04.658,1.57515,1.57546,1.32,1.69
2013.07.16 08:25:04.977,1.5751,1.57543,1.69,1.69
2013.07.16 08:25:05.348,1.5751,1.57544,2.82,1.69
2013.07.16 08:25:05.467,1.57521,1.57548,1.13,1.69
2013.07.16 08:25:05.527,1.57521,1.57549,1.13,1.69
2013.07.16 08:25:05.888,1.57518,1.57551,1.32,1.69
2013.07.16 08:25:06.285,1.57516,1.57552,1.69,1.69
2013.07.16 08:25:06.588,1.57526,1.57558,1.32,1.69
2013.07.16 08:25:06.768,1.57526,1.57554,1.32,1.69
2013.07.16 08:25:07.187,1.57518,1.57549,1.32,1.69
2013.07.16 08:25:07.547,1.57519,1.57548,1.13,4.69
2013.07.16 08:25:09.967,1.57515,1.57547,1.32,1.69
2013.07.16 08:25:10.548,1.57515,1.57547,1.32,1.69
2013.07.16 08:25:10.837,1.57515,1.57547,1.32,1.69
2013.07.16 08:25:11.497,1.57515,1.57546,1.32,1.69
2013.07.16 08:25:11.857,1.57516,1.57546,1.32,4.32
2013.07.16 08:25:13.407,1.57515,1.57547,1.32,3.19
2013.07.16 08:25:14.438,1.57515,1.57546,1.32,1.69
2013.07.16 08:25:14.797,1.57514,1.57541,1.13,1.69
2013.07.16 08:25:15.157,1.57511,1.57541,1.32,1.69
2013.07.16 08:25:15.218,1.57507,1.57539,1.69,1.69
2013.07.16 08:25:16.147,1.57507,1.5754,1.32,1.69
2013.07.16 08:25:17.237,1.57507,1.57542,1.32,1.69
2013.07.16 08:25:17.947,1.57514,1.57543,1.13,2.82
2013.07.16 08:25:19.598,1.57513,1.57543,1.13,1.69
2013.07.16 08:25:19.657,1.57514,1.57544,1.32,2.44
2013.07.16 08:25:21.978,1.57517,1.57546,1.13,1.69
2013.07.16 08:25:22.220,1.57517,1.57548,1.32,1.69
2013.07.16 08:25:23.337,1.5752,1.57551,1.32,1.69
2013.07.16 08:25:23.827,1.5752,1.57553,1.32,2.44
2013.07.16 08:25:25.207,1.5752,1.57553,1.13,3.19
2013.07.16 08:25:26.582,1.5752,1.57553,1.32,2.44
2013.07.16 08:25:26.707,1.57514,1.57553,1.69,2.44
2013.07.16 08:25:32.198,1.57516,1.57548,1.32,1.69
2013.07.16 08:25:32.439,1.57515,1.57548,1.32,1.69
2013.07.16 08:25:32.618,1.57514,1.57545,1.32,1.69
2013.07.16 08:25:32.857,1.57511,1.57539,2.07,2.07
2013.07.16 08:25:33.217,1.57506,1.57535,1.13,1.69
2013.07.16 08:25:33.518,1.57506,1.57534,1.13,1.69
2013.07.16 08:25:33.577,1.57506,1.57535,1.32,1.69
2013.07.16 08:25:33.638,1.57506,1.57537,1.32,1.69
2013.07.16 08:25:33.697,1.57506,1.57536,1.32,1.69
2013.07.16 08:25:33.937,1.57503,1.57536,1.32,1.69
2013.07.16 08:25:33.997,1.57509,1.57539,1.13,1.69
2013.07.16 08:25:34.238,1.5751,1.57542,2.44,1.32
2013.07.16 08:25:34.478,1.57514,1.57544,1.32,1.69
2013.07.16 08:25:34.597,1.57512,1.57542,1.32,1.69
2013.07.16 08:25:34.718,1.57509,1.57541,1.32,2.07
2013.07.16 08:25:35.937,1.57509,1.57542,1.32,1.32
2013.07.16 08:25:36.450,1.57514,1.57541,1.13,1.32
2013.07.16 08:25:37.307,1.57514,1.57541,1.13,1.32
2013.07.16 08:25:37.547,1.57506,1.5754,1.32,1.69
2013.07.16 08:25:37.787,1.5751,1.57534,1.32,2.82
2013.07.16 08:25:37.907,1.57501,1.57531,1.32,1.32
2013.07.16 08:25:38.027,1.57501,1.57531,1.13,2.07
2013.07.16 08:25:38.207,1.57499,1.5753,1.32,1.69
2013.07.16 08:25:38.267,1.57499,1.57529,1.32,1.69
2013.07.16 08:25:38.569,1.57506,1.57532,1.13,1.69
2013.07.16 08:25:38.627,1.57506,1.57532,1.13,1.69
2013.07.16 08:25:39.667,1.57505,1.57533,1.13,1.32
2013.07.16 08:25:39.728,1.57505,1.57533,1.13,1.32
2013.07.16 08:25:46.708,1.575,1.57533,1.69,1.32
2013.07.16 08:25:50.239,1.57499,1.57533,1.69,1.32
2013.07.16 08:25:51.558,1.57498,1.57528,1.69,1.69
2013.07.16 08:25:51.618,1.57498,1.57524,1.69,3.38
2013.07.16 08:25:51.678,1.57494,1.57523,1.69,1.69
2013.07.16 08:25:52.157,1.57491,1.57521,1.32,2.07
2013.07.16 08:25:53.427,1.57491,1.57522,1.32,1.69
2013.07.16 08:25:53.607,1.57492,1.57521,1.32,1.69
2013.07.16 08:25:53.727,1.57492,1.57523,1.69,1.69
2013.07.16 08:25:54.204,1.57487,1.5752,1.69,1.69
2013.07.16 08:25:55.527,1.57486,1.5752,2.07,1.32
2013.07.16 08:25:58.021,1.57486,1.57518,1.32,1.69
2013.07.16 08:25:59.288,1.57487,1.5752,1.69,1.69
2013.07.16 08:25:59.348,1.57487,1.5752,1.69,1.69
2013.07.16 08:25:59.469,1.5749,1.5752,1.69,1.32
2013.07.16 08:25:59.947,1.5749,1.57524,1.69,1.69
2013.07.16 08:26:00.478,1.57495,1.57525,1.32,1.92
2013.07.16 08:26:00.538,1.57495,1.57503,1.32,1.50
2013.07.16 08:26:00.658,1.57483,1.57502,1.88,1.13
2013.07.16 08:26:00.717,1.57477,1.57498,1.69,2.10
2013.07.16 08:26:00.778,1.57472,1.57489,1.88,1.13
2013.07.16 08:26:00.898,1.57462,1.57486,1.47,1.88
2013.07.16 08:26:00.958,1.57451,1.57484,1.50,1.50
2013.07.16 08:26:01.138,1.57446,1.57476,1.69,1.13
2013.07.16 08:26:01.678,1.57445,1.57473,1.69,1.13
2013.07.16 08:26:01.737,1.57445,1.57479,1.69,1.32
2013.07.16 08:26:01.917,1.57445,1.57479,1.69,1.32
2013.07.16 08:26:02.098,1.57442,1.57478,1.69,2.07
2013.07.16 08:26:02.157,1.57442,1.57478,1.69,2.07
2013.07.16 08:26:02.697,1.57439,1.57473,1.69,1.32
2013.07.16 08:26:03.118,1.57439,1.57475,1.69,2.07
2013.07.16 08:26:05.977,1.57441,1.57479,1.69,3.57
2013.07.16 08:26:07.787,1.57441,1.57479,1.69,1.69
2013.07.16 08:26:08.088,1.57442,1.57479,1.69,1.69
2013.07.16 08:26:10.668,1.57442,1.57478,2.44,1.69
2013.07.16 08:26:25.097,1.5744,1.57473,2.44,1.32
2013.07.16 08:26:28.418,1.57441,1.57476,1.69,1.32
2013.07.16 08:26:28.907,1.57441,1.57477,1.69,1.32
2013.07.16 08:26:29.028,1.57441,1.57477,2.44,1.32
2013.07.16 08:26:29.148,1.57446,1.57478,1.69,1.32
2013.07.16 08:26:30.359,1.57448,1.57482,1.69,2.82
2013.07.16 08:26:30.660,1.57448,1.57482,1.69,2.07
2013.07.16 08:26:30.789,1.57448,1.57482,1.69,1.69
2013.07.16 08:26:30.848,1.57448,1.57482,1.69,1.69
2013.07.16 08:26:31.917,1.5745,1.57483,1.69,1.69
2013.07.16 08:26:33.229,1.57445,1.57478,2.82,1.69
2013.07.16 08:26:33.468,1.57444,1.57477,1.50,1.69
2013.07.16 08:26:33.948,1.57442,1.57474,1.69,1.69
2013.07.16 08:26:34.368,1.57438,1.57472,1.32,1.69
2013.07.16 08:26:34.757,1.57437,1.57471,1.69,1.50
2013.07.16 08:26:35.567,1.57438,1.57471,1.32,1.69
2013.07.16 08:26:35.938,1.57438,1.5747,1.32,1.69
2013.07.16 08:26:36.347,1.57439,1.57469,1.32,1.69
2013.07.16 08:26:36.407,1.57438,1.57466,1.32,1.69
2013.07.16 08:26:36.767,1.57437,1.57465,1.13,3.19
2013.07.16 08:26:37.680,1.57426,1.57459,1.69,1.69
2013.07.16 08:26:37.799,1.57425,1.57455,1.69,1.50
2013.07.16 08:26:38.116,1.57418,1.57454,1.69,1.69
2013.07.16 08:26:39.237,1.57417,1.57453,2.07,1.69
2013.07.16 08:26:40.240,1.57429,1.57458,1.50,1.69
2013.07.16 08:26:40.297,1.57429,1.57459,1.50,1.69
2013.07.16 08:26:40.357,1.57429,1.57461,1.69,2.44
2013.07.16 08:26:41.432,1.57429,1.57461,1.69,1.69
2013.07.16 08:26:43.767,1.57429,1.57463,1.69,2.44
2013.07.16 08:26:46.497,1.57429,1.57463,1.32,1.69
2013.07.16 08:26:46.917,1.57429,1.57468,2.44,2.44
2013.07.16 08:26:46.977,1.57437,1.57471,1.32,1.69
2013.07.16 08:26:47.977,1.57437,1.57469,1.32,1.69
2013.07.16 08:26:48.098,1.57433,1.57468,2.82,1.69
2013.07.16 08:26:51.627,1.57433,1.57471,1.69,1.69
2013.07.16 08:26:51.687,1.57435,1.57471,1.69,1.69
2013.07.16 08:26:53.767,1.57439,1.57474,1.32,1.69
2013.07.16 08:26:54.988,1.57446,1.57474,1.13,1.69
2013.07.16 08:26:55.497,1.57446,1.57474,1.13,1.69
2013.07.16 08:26:57.597,1.57446,1.57474,1.13,1.69
2013.07.16 08:27:00.418,1.57446,1.57473,1.13,1.69
2013.07.16 08:27:00.539,1.57444,1.57471,1.13,1.69
2013.07.16 08:27:02.258,1.57444,1.57473,1.32,1.69
2013.07.16 08:27:02.557,1.5744,1.57473,3.19,1.69
2013.07.16 08:27:02.678,1.57444,1.57477,1.69,1.69
2013.07.16 08:27:02.798,1.57444,1.57477,1.69,1.69
2013.07.16 08:27:02.978,1.57452,1.57482,1.32,2.44
2013.07.16 08:27:04.437,1.57451,1.57482,1.32,2.44
2013.07.16 08:27:05.507,1.5745,1.57482,1.32,2.44
2013.07.16 08:27:06.297,1.5745,1.57482,1.32,2.44
2013.07.16 08:27:06.418,1.57447,1.57482,2.07,2.44
2013.07.16 08:27:08.458,1.57447,1.57474,1.69,1.50
2013.07.16 08:27:09.753,1.57444,1.57475,2.07,1.69
2013.07.16 08:27:11.157,1.57446,1.57475,1.69,1.69
2013.07.16 08:27:11.857,1.57444,1.57475,1.32,1.69
2013.07.16 08:27:11.918,1.5744,1.57475,1.69,2.44
2013.07.16 08:27:11.978,1.57438,1.57471,1.69,1.69
2013.07.16 08:27:12.701,1.57437,1.57468,1.32,1.69
2013.07.16 08:27:13.177,1.57435,1.57466,2.07,1.69
2013.07.16 08:27:13.297,1.57434,1.57463,1.32,1.69
2013.07.16 08:27:16.139,1.57436,1.57464,1.13,1.69
2013.07.16 08:27:16.199,1.57436,1.57465,1.13,1.69
2013.07.16 08:27:16.559,1.57436,1.57465,1.13,3.19
2013.07.16 08:27:17.077,1.57436,1.57464,1.13,1.69
2013.07.16 08:27:17.437,1.57436,1.57464,1.13,3.19
2013.07.16 08:27:17.497,1.5743,1.5746,1.32,1.69
2013.07.16 08:27:19.457,1.57429,1.57462,1.32,2.44
2013.07.16 08:27:19.517,1.57437,1.57463,1.13,1.69
2013.07.16 08:27:19.578,1.57437,1.57466,1.13,2.44
2013.07.16 08:27:19.947,1.57436,1.57464,1.13,1.69
2013.07.16 08:27:20.437,1.57437,1.57466,1.13,1.69
2013.07.16 08:27:22.599,1.57438,1.57468,1.32,2.44
2013.07.16 08:27:23.908,1.57439,1.57468,1.69,1.69
2013.07.16 08:27:25.596,1.57444,1.57474,1.13,2.44
2013.07.16 08:27:28.687,1.57444,1.57474,1.32,2.44
2013.07.16 08:27:29.368,1.57444,1.57474,1.13,3.19
2013.07.16 08:27:31.478,1.57441,1.5747,1.13,1.69
2013.07.16 08:27:31.598,1.57436,1.57467,1.32,2.44
2013.07.16 08:27:31.779,1.57429,1.57461,1.32,1.69
2013.07.16 08:27:32.438,1.5743,1.57459,1.32,2.07
2013.07.16 08:27:32.679,1.57436,1.57459,1.13,1.69
2013.07.16 08:27:33.220,1.57429,1.57459,1.32,1.69
2013.07.16 08:27:33.397,1.57429,1.57461,1.32,2.82
2013.07.16 08:27:33.518,1.57439,1.57463,1.13,1.32
2013.07.16 08:27:33.938,1.57438,1.57468,1.32,1.69
2013.07.16 08:27:34.000,1.57444,1.57472,1.13,3.19
2013.07.16 08:27:34.748,1.57444,1.57474,1.32,3.94
2013.07.16 08:27:37.957,1.57454,1.57475,1.13,1.69
2013.07.16 08:27:38.078,1.57453,1.57477,1.13,1.69
2013.07.16 08:27:39.097,1.57454,1.57477,1.13,1.69
2013.07.16 08:27:44.317,1.5745,1.57478,1.13,2.07
2013.07.16 08:27:50.187,1.57449,1.57478,1.13,2.44
2013.07.16 08:27:53.717,1.5745,1.57478,1.13,2.07
2013.07.16 08:27:54.037,1.57449,1.57479,1.32,1.69
2013.07.16 08:27:54.218,1.57449,1.57475,1.13,1.69
2013.07.16 08:27:54.278,1.57442,1.57473,1.32,1.69
2013.07.16 08:27:54.343,1.57438,1.57473,2.07,2.44
2013.07.16 08:27:54.528,1.57435,1.57468,1.69,1.69
2013.07.16 08:27:56.397,1.57436,1.57472,1.32,2.07
2013.07.16 08:27:56.517,1.57444,1.57474,1.13,1.69
2013.07.16 08:27:59.867,1.57445,1.57475,1.32,1.69
2013.07.16 08:28:00.668,1.57445,1.57475,1.32,1.69
2013.07.16 08:28:03.049,1.57442,1.57475,1.69,1.69
2013.07.16 08:28:03.170,1.57442,1.57477,1.69,2.44
2013.07.16 08:28:03.362,1.57442,1.57475,1.69,1.69
2013.07.16 08:28:08.687,1.5744,1.57473,1.32,1.69
2013.07.16 08:28:10.493,1.5744,1.57473,1.32,2.44
2013.07.16 08:28:11.950,1.5744,1.57473,1.32,1.69
2013.07.16 08:28:12.897,1.57443,1.57473,1.32,2.44
2013.07.16 08:28:13.398,1.57441,1.57473,1.32,2.44
2013.07.16 08:28:17.047,1.5744,1.57473,1.32,1.69
2013.07.16 08:28:20.377,1.57443,1.57475,1.13,1.69
2013.07.16 08:28:23.849,1.57444,1.57476,1.13,1.69
2013.07.16 08:28:27.647,1.57442,1.57473,1.13,1.69
2013.07.16 08:28:28.197,1.57436,1.57473,1.69,2.44
2013.07.16 08:28:28.437,1.57434,1.57472,2.07,1.69
2013.07.16 08:28:30.427,1.57436,1.57472,1.32,1.69
2013.07.16 08:28:32.148,1.57433,1.57471,1.32,2.44
2013.07.16 08:28:32.388,1.57434,1.57469,1.32,1.69
2013.07.16 08:28:32.448,1.57434,1.57467,1.32,1.69
2013.07.16 08:28:33.108,1.5743,1.57464,2.44,1.69
2013.07.16 08:28:33.289,1.57431,1.57464,1.32,1.69
2013.07.16 08:28:33.528,1.57428,1.57464,2.07,1.69
2013.07.16 08:28:33.649,1.57429,1.57464,1.32,1.69
2013.07.16 08:28:34.139,1.57432,1.57464,1.32,1.69
2013.07.16 08:28:34.198,1.57432,1.57464,1.32,1.69
2013.07.16 08:28:34.559,1.57437,1.57468,1.69,1.32
2013.07.16 08:28:34.621,1.57438,1.5747,1.69,1.32
2013.07.16 08:28:34.748,1.57441,1.57476,2.44,1.69
2013.07.16 08:28:35.858,1.57441,1.57476,1.69,1.69
2013.07.16 08:28:36.397,1.57441,1.57475,2.82,1.69
2013.07.16 08:28:38.867,1.5744,1.57476,1.32,1.69
2013.07.16 08:28:40.758,1.57438,1.5747,1.69,1.69
2013.07.16 08:28:40.818,1.57438,1.57473,1.32,1.69
2013.07.16 08:28:41.337,1.57439,1.57474,1.32,3.19
2013.07.16 08:28:45.449,1.57445,1.57474,1.13,2.44
2013.07.16 08:28:46.070,1.57445,1.57475,1.13,1.69
2013.07.16 08:28:46.432,1.57442,1.57475,1.32,1.69
2013.07.16 08:28:46.678,1.57446,1.57479,1.32,2.44
2013.07.16 08:28:47.992,1.57449,1.57479,1.13,1.69
2013.07.16 08:28:48.257,1.57449,1.57481,1.69,1.69
2013.07.16 08:28:50.418,1.57467,1.57485,1.13,1.69
2013.07.16 08:28:50.537,1.57467,1.57493,1.13,2.44
2013.07.16 08:28:50.657,1.57456,1.57487,1.32,1.50
2013.07.16 08:28:50.778,1.57453,1.57485,1.32,1.69
2013.07.16 08:28:50.838,1.57453,1.57485,1.32,1.69
2013.07.16 08:28:50.897,1.57452,1.57485,1.32,1.69
2013.07.16 08:28:51.977,1.57452,1.57484,1.32,1.69
2013.07.16 08:28:52.097,1.57452,1.57484,1.32,1.69
2013.07.16 08:28:52.398,1.57451,1.57484,2.07,1.69
2013.07.16 08:28:52.519,1.57451,1.57484,2.07,1.69
2013.07.16 08:28:53.657,1.57451,1.57484,2.07,1.69
2013.07.16 08:28:53.837,1.57451,1.57484,1.32,1.69
2013.07.16 08:28:54.397,1.5746,1.57488,1.13,1.69
2013.07.16 08:28:54.638,1.57466,1.57496,1.13,1.69
2013.07.16 08:28:54.698,1.57462,1.57495,1.13,1.69
2013.07.16 08:28:55.221,1.5746,1.57495,1.32,1.69
2013.07.16 08:28:56.358,1.5746,1.57493,1.69,2.44
2013.07.16 08:28:57.899,1.5746,1.57495,1.69,1.69
2013.07.16 08:28:58.257,1.57466,1.57495,1.13,1.69
2013.07.16 08:29:00.617,1.57466,1.57495,1.13,1.69
2013.07.16 08:29:01.437,1.57466,1.57495,1.13,1.69
2013.07.16 08:29:02.177,1.57472,1.57497,1.13,1.69
2013.07.16 08:29:02.717,1.57467,1.57496,1.13,1.69
2013.07.16 08:29:03.787,1.57462,1.57495,2.07,1.69
2013.07.16 08:29:04.397,1.57461,1.57495,1.32,1.69
2013.07.16 08:29:04.927,1.57466,1.57498,1.32,1.69
2013.07.16 08:29:06.447,1.57466,1.57498,1.32,1.69
2013.07.16 08:29:06.783,1.57466,1.57496,1.32,1.69
2013.07.16 08:29:09.553,1.57466,1.57496,1.13,1.69
2013.07.16 08:29:10.098,1.57466,1.57498,1.13,1.69
2013.07.16 08:29:13.037,1.5746,1.57495,2.82,1.69
2013.07.16 08:29:13.219,1.5746,1.57495,2.07,1.69
2013.07.16 08:29:13.399,1.57456,1.57493,2.44,2.44
2013.07.16 08:29:13.457,1.5746,1.57493,1.50,1.69
2013.07.16 08:29:14.137,1.5746,1.57495,1.50,1.69
2013.07.16 08:29:14.197,1.57462,1.57498,1.13,2.44
2013.07.16 08:29:14.319,1.57462,1.57502,1.69,2.07
2013.07.16 08:29:14.439,1.57458,1.57499,1.69,1.69
2013.07.16 08:29:15.193,1.57462,1.57499,1.69,1.69
2013.07.16 08:29:15.263,1.57462,1.57499,1.69,1.69
2013.07.16 08:29:15.328,1.57465,1.57499,1.50,1.69
2013.07.16 08:29:15.568,1.57468,1.57504,1.50,1.69
2013.07.16 08:29:17.408,1.57462,1.57503,2.07,1.69
2013.07.16 08:29:17.767,1.57461,1.57498,1.69,1.69
2013.07.16 08:29:18.207,1.57461,1.57499,2.44,1.69
2013.07.16 08:29:22.798,1.57461,1.57498,1.32,1.69
2013.07.16 08:29:23.529,1.57465,1.57503,1.32,1.32
2013.07.16 08:29:24.397,1.57464,1.57503,1.32,2.07
2013.07.16 08:29:24.777,1.57465,1.57503,1.69,2.44
2013.07.16 08:29:25.318,1.57472,1.57503,1.13,1.69
2013.07.16 08:29:25.628,1.57475,1.57505,1.13,1.69
2013.07.16 08:29:25.689,1.57471,1.57504,1.32,1.69
2013.07.16 08:29:25.841,1.57475,1.57506,1.13,2.44
2013.07.16 08:29:25.899,1.57475,1.57506,1.32,1.69
2013.07.16 08:29:26.019,1.5748,1.57507,1.13,1.69
2013.07.16 08:29:26.438,1.57479,1.57513,1.13,1.69
2013.07.16 08:29:26.501,1.57479,1.57515,1.13,2.07
2013.07.16 08:29:26.858,1.5749,1.57515,1.50,2.07
2013.07.16 08:29:27.159,1.57491,1.57522,1.13,1.32
2013.07.16 08:29:28.107,1.57491,1.57522,1.13,1.69
2013.07.16 08:29:28.911,1.57491,1.57524,1.13,3.19
2013.07.16 08:29:30.177,1.57492,1.57522,1.13,1.69
2013.07.16 08:29:30.297,1.57492,1.57522,1.50,1.69
2013.07.16 08:29:30.807,1.57491,1.57524,2.25,3.57
2013.07.16 08:29:30.868,1.57502,1.57524,1.50,2.44
2013.07.16 08:29:30.928,1.57502,1.57524,1.50,1.50
2013.07.16 08:29:30.988,1.57502,1.57525,1.50,1.69
2013.07.16 08:29:31.347,1.57508,1.57536,1.50,1.50
2013.07.16 08:29:31.529,1.57509,1.57548,3.12,1.50
2013.07.16 08:29:31.648,1.57508,1.57548,1.69,1.50
2013.07.16 08:29:31.768,1.57517,1.5755,1.69,1.50
2013.07.16 08:29:32.067,1.57521,1.57558,2.07,1.50
2013.07.16 08:29:32.128,1.57521,1.57561,1.69,1.13
2013.07.16 08:29:32.247,1.57523,1.57561,1.69,1.88
2013.07.16 08:29:32.910,1.57522,1.57565,1.69,1.69
2013.07.16 08:29:33.449,1.57536,1.57572,1.69,1.32
2013.07.16 08:29:33.629,1.57537,1.57576,1.50,1.69
2013.07.16 08:29:33.930,1.57527,1.57563,2.82,1.58
2013.07.16 08:29:33.989,1.57527,1.57553,2.25,1.50
2013.07.16 08:29:34.347,1.57522,1.57553,1.50,1.69
2013.07.16 08:29:34.408,1.57521,1.57558,1.50,1.50
2013.07.16 08:29:34.468,1.57528,1.57558,1.50,1.50
2013.07.16 08:29:34.528,1.57528,1.5756,1.50,1.13
2013.07.16 08:29:34.768,1.57528,1.57562,1.50,1.13
2013.07.16 08:29:34.889,1.57528,1.57563,1.50,1.13
2013.07.16 08:29:35.008,1.57528,1.57563,1.50,1.13
2013.07.16 08:29:35.761,1.57528,1.57563,1.50,1.13
2013.07.16 08:29:35.882,1.57528,1.57567,1.69,1.50
2013.07.16 08:29:36.128,1.57529,1.57577,2.44,1.50
2013.07.16 08:29:36.429,1.5755,1.57586,1.50,1.69
2013.07.16 08:29:36.488,1.5755,1.57591,1.50,1.13
2013.07.16 08:29:36.547,1.5755,1.57604,1.50,1.32
2013.07.16 08:29:36.668,1.57554,1.57604,1.50,1.69
2013.07.16 08:29:36.788,1.57554,1.576,1.69,1.50
2013.07.16 08:29:37.030,1.57553,1.57611,2.25,3.94
2013.07.16 08:29:37.148,1.57553,1.57611,2.25,3.94
2013.07.16 08:29:37.209,1.5756,1.5761,1.50,1.69
2013.07.16 08:29:37.449,1.57567,1.57624,1.32,1.13
2013.07.16 08:29:37.509,1.5757,1.57625,1.32,1.50
2013.07.16 08:29:37.569,1.57575,1.57629,1.50,1.50
2013.07.16 08:29:37.629,1.57578,1.57629,2.44,1.50
2013.07.16 08:29:37.989,1.57582,1.57642,1.69,1.50
2013.07.16 08:29:38.529,1.57583,1.57643,1.69,1.50
2013.07.16 08:29:38.648,1.57583,1.57643,1.69,1.50
2013.07.16 08:29:38.767,1.57586,1.57647,1.69,1.50
2013.07.16 08:29:39.128,1.57586,1.57643,1.69,1.50
2013.07.16 08:29:39.505,1.57581,1.57643,2.44,1.50
2013.07.16 08:29:39.628,1.57582,1.57648,1.32,1.69
2013.07.16 08:29:39.687,1.57587,1.57648,1.69,1.69
2013.07.16 08:29:39.867,1.57588,1.57648,1.69,1.69
2013.07.16 08:29:39.988,1.57587,1.57641,1.69,1.50
2013.07.16 08:29:40.048,1.5759,1.57641,1.50,1.50
2013.07.16 08:29:40.168,1.57587,1.57638,1.50,1.13
2013.07.16 08:29:40.468,1.57591,1.57644,2.25,1.88
2013.07.16 08:29:40.769,1.57599,1.57654,1.69,1.50
2013.07.16 08:29:40.947,1.57602,1.57655,1.69,1.50
2013.07.16 08:29:41.250,1.57599,1.5765,1.69,1.50
2013.07.16 08:29:41.858,1.57592,1.57649,2.07,1.50
2013.07.16 08:29:42.337,1.57592,1.57652,2.07,1.69
2013.07.16 08:29:42.397,1.57596,1.57652,1.32,1.69
2013.07.16 08:29:42.698,1.57596,1.57652,1.32,1.69
2013.07.16 08:29:43.058,1.57588,1.57636,1.69,1.65
2013.07.16 08:29:43.118,1.57611,1.57636,1.50,1.05
2013.07.16 08:29:43.237,1.57611,1.57659,1.50,1.65
2013.07.16 08:29:43.417,1.57607,1.57676,1.50,1.13
2013.07.16 08:29:43.538,1.57607,1.57676,1.09,1.50
2013.07.16 08:29:43.777,1.57642,1.57707,1.84,1.50
2013.07.16 08:29:43.837,1.57642,1.57702,1.84,1.50
2013.07.16 08:29:44.139,1.57667,1.57732,1.50,1.69
2013.07.16 08:29:44.198,1.57694,1.57732,1.50,1.69
2013.07.16 08:29:44.378,1.57701,1.57743,1.50,1.50
2013.07.16 08:29:44.618,1.57699,1.57743,1.69,1.50
2013.07.16 08:29:44.799,1.57699,1.57751,1.50,1.09
2013.07.16 08:29:44.917,1.57702,1.57754,1.50,1.09
2013.07.16 08:29:45.487,1.57702,1.57754,1.50,1.05
2013.07.16 08:29:45.608,1.57695,1.57771,1.69,1.72
2013.07.16 08:29:45.668,1.57695,1.57771,1.69,1.72
2013.07.16 08:29:45.969,1.57737,1.57778,1.50,1.09
2013.07.16 08:29:46.328,1.57725,1.5779,1.69,1.09
2013.07.16 08:29:46.388,1.57725,1.5779,1.50,1.09
2013.07.16 08:29:46.447,1.57732,1.5779,1.50,1.09
2013.07.16 08:29:46.509,1.57734,1.5779,1.50,1.09
2013.07.16 08:29:46.628,1.57732,1.57786,1.50,1.09
2013.07.16 08:29:46.930,1.57742,1.5779,1.50,1.09
2013.07.16 08:29:47.004,1.57742,1.5779,1.50,1.09
2013.07.16 08:29:47.490,1.57731,1.57793,1.50,1.69
2013.07.16 08:29:47.558,1.57731,1.57782,1.50,1.50
2013.07.16 08:29:47.677,1.57727,1.57782,1.50,1.50
2013.07.16 08:29:48.182,1.57735,1.57795,1.50,1.69
2013.07.16 08:29:48.308,1.57737,1.57796,1.50,1.69
2013.07.16 08:29:48.617,1.57713,1.57756,1.50,1.50
2013.07.16 08:29:48.857,1.57708,1.57756,1.50,1.69
2013.07.16 08:29:49.157,1.57706,1.57759,1.50,1.69
2013.07.16 08:29:49.218,1.57706,1.57766,1.50,1.69
2013.07.16 08:29:49.277,1.57705,1.57753,1.50,2.10
2013.07.16 08:29:49.337,1.57705,1.57748,1.50,1.69
2013.07.16 08:29:49.518,1.57705,1.5774,1.50,1.50
2013.07.16 08:29:49.758,1.57702,1.57747,1.50,1.69
2013.07.16 08:29:49.818,1.57701,1.57744,1.50,1.50
2013.07.16 08:29:49.939,1.57692,1.57745,1.50,1.50
2013.07.16 08:29:50.178,1.57686,1.57744,1.50,1.69
2013.07.16 08:29:50.238,1.57686,1.57743,1.50,1.69
2013.07.16 08:29:50.357,1.57698,1.57754,1.50,1.50
2013.07.16 08:29:50.477,1.57698,1.57759,1.50,1.69
2013.07.16 08:29:50.728,1.57702,1.57765,1.50,1.50
2013.07.16 08:29:51.027,1.57702,1.57758,1.50,1.50
2013.07.16 08:29:51.387,1.57686,1.57742,1.50,1.50
2013.07.16 08:29:51.927,1.57686,1.57752,1.50,2.25
2013.07.16 08:29:53.169,1.57692,1.57738,1.50,1.50
2013.07.16 08:29:53.527,1.57691,1.57736,1.50,1.50
2013.07.16 08:29:53.927,1.57677,1.57727,1.50,1.50
2013.07.16 08:29:54.227,1.57627,1.57725,1.50,1.50
2013.07.16 08:29:54.346,1.57615,1.57714,1.50,1.50
2013.07.16 08:29:54.406,1.57622,1.57719,1.50,2.25
2013.07.16 08:29:54.708,1.57611,1.57678,1.50,1.50
2013.07.16 08:29:55.067,1.57596,1.57678,1.50,1.50
2013.07.16 08:29:55.187,1.57577,1.57678,1.50,1.50
2013.07.16 08:29:55.309,1.57567,1.57633,1.50,1.73
2013.07.16 08:29:55.427,1.576,1.57694,1.50,1.50
2013.07.16 08:29:55.487,1.57601,1.57693,1.50,1.50
2013.07.16 08:29:55.547,1.57621,1.57688,1.50,1.50
2013.07.16 08:29:55.797,1.57601,1.57697,1.50,1.50
2013.07.16 08:29:56.097,1.57597,1.57688,1.50,1.50
2013.07.16 08:29:56.157,1.57554,1.57685,1.50,1.50
2013.07.16 08:29:56.458,1.57544,1.57674,1.50,1.50
2013.07.16 08:29:56.697,1.57516,1.57633,1.50,2.55
2013.07.16 08:29:56.756,1.57516,1.57611,1.50,1.80
2013.07.16 08:29:56.997,1.57441,1.57592,1.50,1.50
2013.07.16 08:29:57.117,1.57441,1.57551,1.50,1.50
2013.07.16 08:29:57.178,1.57441,1.57522,1.50,1.95
2013.07.16 08:29:57.297,1.57428,1.57516,1.50,1.50
2013.07.16 08:29:57.418,1.57441,1.57504,1.50,1.13
2013.07.16 08:29:57.478,1.57441,1.57512,1.50,1.50
2013.07.16 08:29:57.537,1.57445,1.57512,1.50,1.50
2013.07.16 08:29:57.657,1.57437,1.57503,0.75,2.25
2013.07.16 08:29:57.716,1.57441,1.57503,0.75,1.50
2013.07.16 08:29:57.837,1.57386,1.57516,1.50,0.75
2013.07.16 08:29:57.957,1.57433,1.57516,2.03,0.75
2013.07.16 08:29:58.369,1.57449,1.57572,1.50,0.75
2013.07.16 08:29:58.469,1.57463,1.57558,1.50,0.75
2013.07.16 08:29:58.539,1.57451,1.57577,2.25,0.75
2013.07.16 08:29:58.778,1.57456,1.57595,1.50,0.75
2013.07.16 08:29:58.898,1.57457,1.57658,1.50,1.50
2013.07.16 08:29:59.077,1.57533,1.57621,0.75,1.50
2013.07.16 08:29:59.197,1.57551,1.57669,0.75,1.50
2013.07.16 08:29:59.317,1.57475,1.57669,1.50,1.50
2013.07.16 08:29:59.617,1.57478,1.57666,1.50,1.50
2013.07.16 08:29:59.681,1.57479,1.57666,1.50,1.50
2013.07.16 08:29:59.987,1.57636,1.57699,0.75,1.50
2013.07.16 08:30:00.168,1.57535,1.57674,1.50,1.50
2013.07.16 08:30:00.347,1.57527,1.57674,1.50,1.50
2013.07.16 08:30:00.467,1.57517,1.57563,1.50,1.50
2013.07.16 08:30:00.527,1.57472,1.57563,1.50,1.50
2013.07.16 08:30:00.707,1.57408,1.57506,1.50,2.93
2013.07.16 08:30:00.947,1.57265,1.57369,1.88,0.75
2013.07.16 08:30:01.007,1.57336,1.57384,0.75,0.75
2013.07.16 08:30:01.128,1.57305,1.57357,0.75,1.50
2013.07.16 08:30:01.187,1.57278,1.57345,7.50,1.50
2013.07.16 08:30:01.306,1.57278,1.57345,7.50,1.50
2013.07.16 08:30:01.607,1.57266,1.57341,0.75,1.50
2013.07.16 08:30:01.667,1.57266,1.57341,0.75,1.50
2013.07.16 08:30:01.728,1.57265,1.57337,1.50,1.50
2013.07.16 08:30:01.968,1.57281,1.57378,1.50,1.50
2013.07.16 08:30:02.088,1.57281,1.57374,1.50,1.50
2013.07.16 08:30:02.148,1.57281,1.57347,1.50,1.50
2013.07.16 08:30:02.270,1.57281,1.57324,0.75,2.85
2013.07.16 08:30:02.397,1.57287,1.57348,0.75,1.50
2013.07.16 08:30:02.696,1.57208,1.57352,1.50,1.50
2013.07.16 08:30:02.757,1.57313,1.57353,0.75,1.50
2013.07.16 08:30:02.878,1.57279,1.57354,1.50,1.50
2013.07.16 08:30:02.996,1.57291,1.57354,0.75,1.50
2013.07.16 08:30:03.188,1.57281,1.57341,0.75,1.50
2013.07.16 08:30:03.309,1.57277,1.57353,0.75,1.50
2013.07.16 08:30:03.369,1.57229,1.57337,1.50,2.93
2013.07.16 08:30:03.428,1.57229,1.57355,1.50,1.50
2013.07.16 08:30:03.489,1.5722,1.57353,1.50,1.50
2013.07.16 08:30:03.847,1.57233,1.57345,1.50,1.50
2013.07.16 08:30:04.089,1.57228,1.57345,1.50,1.50
2013.07.16 08:30:04.147,1.57212,1.57345,1.50,1.50
2013.07.16 08:30:04.268,1.5721,1.57341,1.50,1.50
2013.07.16 08:30:04.389,1.57212,1.5734,1.50,1.25
2013.07.16 08:30:04.628,1.57222,1.57317,1.13,1.50
2013.07.16 08:30:04.688,1.57222,1.57317,1.13,1.50
2013.07.16 08:30:04.747,1.57221,1.57339,1.13,1.25
2013.07.16 08:30:04.868,1.57208,1.5734,1.50,1.25
2013.07.16 08:30:04.998,1.57208,1.5734,1.50,1.25
2013.07.16 08:30:05.060,1.57208,1.5734,1.50,1.50
2013.07.16 08:30:05.120,1.57217,1.57334,1.50,1.50
2013.07.16 08:30:05.237,1.57202,1.57334,3.00,1.50
2013.07.16 08:30:05.571,1.57203,1.57286,1.50,1.25
2013.07.16 08:30:05.877,1.57197,1.57231,1.50,0.75
2013.07.16 08:30:05.938,1.57191,1.57231,1.50,0.75
2013.07.16 08:30:06.002,1.57191,1.57259,1.50,1.73
2013.07.16 08:30:06.069,1.57191,1.57259,1.50,1.73
2013.07.16 08:30:06.188,1.57181,1.5724,2.40,1.73
2013.07.16 08:30:06.248,1.57179,1.57218,1.50,1.50
2013.07.16 08:30:06.310,1.57179,1.57213,1.50,1.50
2013.07.16 08:30:06.488,1.57124,1.57221,2.25,1.50
2013.07.16 08:30:06.549,1.57124,1.57221,2.25,1.50
2013.07.16 08:30:06.669,1.57125,1.57221,1.50,1.50
2013.07.16 08:30:07.232,1.57127,1.5724,1.50,1.50
2013.07.16 08:30:07.470,1.57191,1.57244,1.50,1.50
2013.07.16 08:30:07.769,1.57201,1.57249,1.50,1.50
2013.07.16 08:30:07.888,1.5719,1.57264,1.69,1.69
2013.07.16 08:30:07.949,1.57189,1.57264,1.69,1.69
2013.07.16 08:30:08.008,1.57187,1.57246,1.69,1.50
2013.07.16 08:30:08.128,1.57179,1.57242,1.69,1.50
2013.07.16 08:30:08.189,1.57189,1.57246,1.50,1.50
2013.07.16 08:30:08.248,1.57191,1.57249,1.50,1.50
2013.07.16 08:30:08.309,1.57196,1.57249,1.69,1.50
2013.07.16 08:30:08.429,1.57201,1.57292,1.69,1.69
2013.07.16 08:30:08.489,1.57201,1.57292,1.69,1.69
2013.07.16 08:30:08.834,1.57216,1.57296,1.69,1.50
2013.07.16 08:30:08.912,1.57203,1.57289,1.69,1.69
2013.07.16 08:30:08.982,1.57204,1.57276,1.69,1.69
2013.07.16 08:30:09.289,1.57212,1.57291,1.69,1.69
2013.07.16 08:30:09.348,1.57211,1.57291,1.69,1.69
2013.07.16 08:30:09.409,1.57203,1.57289,1.69,1.69
2013.07.16 08:30:09.650,1.57202,1.57274,1.69,1.69
2013.07.16 08:30:09.710,1.57205,1.57279,1.69,1.69
2013.07.16 08:30:09.770,1.57215,1.57279,1.50,1.69
2013.07.16 08:30:09.830,1.57215,1.57293,2.44,1.69
2013.07.16 08:30:09.888,1.57219,1.57299,1.69,1.69
2013.07.16 08:30:10.008,1.57229,1.57311,1.69,1.69
2013.07.16 08:30:10.128,1.57239,1.57313,1.69,1.69
2013.07.16 08:30:10.488,1.57237,1.5731,1.69,1.50
2013.07.16 08:30:10.848,1.57235,1.57308,1.69,2.25
2013.07.16 08:30:10.910,1.57235,1.57311,1.69,1.69
2013.07.16 08:30:11.030,1.57235,1.57311,1.69,1.69
2013.07.16 08:30:11.099,1.57243,1.57304,1.50,1.69
2013.07.16 08:30:11.219,1.57231,1.57304,1.69,1.69
2013.07.16 08:30:11.277,1.57227,1.57298,2.44,1.69
2013.07.16 08:30:11.338,1.57227,1.57298,2.44,1.69
2013.07.16 08:30:11.820,1.57237,1.57289,1.69,1.50
2013.07.16 08:30:12.120,1.57254,1.57288,3.19,1.50
2013.07.16 08:30:12.238,1.57257,1.57329,3.94,1.50
2013.07.16 08:30:12.358,1.57267,1.57329,1.69,1.50
2013.07.16 08:30:12.420,1.57282,1.5734,1.69,1.50
2013.07.16 08:30:12.478,1.57276,1.5734,2.44,1.50
2013.07.16 08:30:12.838,1.57262,1.57327,2.44,1.69
2013.07.16 08:30:13.238,1.57253,1.5732,2.44,1.69
2013.07.16 08:30:13.358,1.57253,1.5732,2.44,1.69
2013.07.16 08:30:13.718,1.57281,1.57338,1.50,1.69
2013.07.16 08:30:13.840,1.57282,1.57339,1.50,1.69
2013.07.16 08:30:13.901,1.57283,1.57337,1.50,1.69
2013.07.16 08:30:14.258,1.57272,1.57329,1.50,1.69
2013.07.16 08:30:14.378,1.57268,1.57322,1.50,1.69
2013.07.16 08:30:14.618,1.57268,1.57319,1.50,1.69
2013.07.16 08:30:14.678,1.57262,1.57317,1.50,1.69
2013.07.16 08:30:14.800,1.57256,1.5731,1.50,1.69
2013.07.16 08:30:14.858,1.57263,1.57321,1.50,1.32
2013.07.16 08:30:15.218,1.57305,1.57353,1.25,1.50
2013.07.16 08:30:15.458,1.57304,1.57365,2.00,1.69
2013.07.16 08:30:15.578,1.57309,1.57368,1.50,1.32
2013.07.16 08:30:15.638,1.57309,1.57376,1.69,1.69
2013.07.16 08:30:15.760,1.57309,1.57379,2.44,1.69
2013.07.16 08:30:15.819,1.57309,1.57379,2.44,1.69
2013.07.16 08:30:15.879,1.57308,1.57376,1.69,1.69
2013.07.16 08:30:15.939,1.57308,1.5737,1.50,1.69
2013.07.16 08:30:16.298,1.57321,1.57378,1.69,1.69
2013.07.16 08:30:16.358,1.57321,1.57378,1.69,1.50
2013.07.16 08:30:16.719,1.57355,1.57409,1.50,1.50
2013.07.16 08:30:16.901,1.57368,1.57409,1.50,1.50
2013.07.16 08:30:16.959,1.57367,1.57409,1.69,1.50
2013.07.16 08:30:17.140,1.57367,1.57436,1.69,1.69
2013.07.16 08:30:17.199,1.57371,1.57436,1.69,1.69
2013.07.16 08:30:17.500,1.57362,1.57426,1.69,1.50
2013.07.16 08:30:17.559,1.57359,1.57421,1.69,1.50
2013.07.16 08:30:17.618,1.57367,1.57421,1.50,1.50
2013.07.16 08:30:17.979,1.57373,1.57421,1.50,1.69
2013.07.16 08:30:18.157,1.57363,1.57419,1.77,1.50
2013.07.16 08:30:18.219,1.57363,1.5742,1.58,1.69
2013.07.16 08:30:18.700,1.57363,1.57403,1.58,1.69
2013.07.16 08:30:18.818,1.57363,1.57403,1.58,1.69
2013.07.16 08:30:18.938,1.57363,1.57403,1.58,1.69
2013.07.16 08:30:19.240,1.57362,1.57379,1.58,1.69
2013.07.16 08:30:19.309,1.57358,1.57379,1.58,1.69
2013.07.16 08:30:19.370,1.57357,1.57378,1.58,1.69
2013.07.16 08:30:20.160,1.57363,1.57379,1.73,1.69
2013.07.16 08:30:20.221,1.57357,1.57379,2.55,1.69
2013.07.16 08:30:20.338,1.57349,1.57379,1.50,1.69
2013.07.16 08:30:20.398,1.57344,1.57379,1.50,1.69
2013.07.16 08:30:20.459,1.57344,1.57379,1.50,1.69
2013.07.16 08:30:20.579,1.57324,1.57379,1.50,1.69
2013.07.16 08:30:20.699,1.57325,1.57379,1.50,1.69
2013.07.16 08:30:21.000,1.5732,1.5738,1.50,1.69
2013.07.16 08:30:21.060,1.5732,1.57378,1.50,1.69
2013.07.16 08:30:21.120,1.57314,1.57379,1.69,1.69
2013.07.16 08:30:21.182,1.57316,1.57379,1.69,1.69
2013.07.16 08:30:21.488,1.57322,1.57381,1.50,1.69
2013.07.16 08:30:21.848,1.5732,1.57362,1.25,1.50
2013.07.16 08:30:22.176,1.57322,1.57368,1.50,1.69
2013.07.16 08:30:22.246,1.57315,1.57378,3.19,1.69
2013.07.16 08:30:22.678,1.57327,1.57381,1.50,1.69
2013.07.16 08:30:23.038,1.57327,1.57381,1.50,1.69
2013.07.16 08:30:23.879,1.57321,1.57379,1.50,1.69
2013.07.16 08:30:23.939,1.57317,1.5738,1.69,1.69
2013.07.16 08:30:24.179,1.57316,1.57372,1.50,1.32
2013.07.16 08:30:24.537,1.57323,1.57366,1.13,1.69
2013.07.16 08:30:24.657,1.57323,1.57368,1.13,1.50
2013.07.16 08:30:24.717,1.57323,1.57367,1.13,1.50
2013.07.16 08:30:24.958,1.57307,1.57354,1.09,1.69
2013.07.16 08:30:25.078,1.57305,1.57353,1.69,1.69
2013.07.16 08:30:25.138,1.57305,1.57352,1.69,1.50
2013.07.16 08:30:25.498,1.57297,1.57346,1.63,1.50
2013.07.16 08:30:25.858,1.57295,1.57355,1.50,1.69
2013.07.16 08:30:25.918,1.57303,1.57348,1.65,1.69
2013.07.16 08:30:25.978,1.57301,1.57336,1.13,1.13
2013.07.16 08:30:26.098,1.57301,1.57331,1.13,1.50
2013.07.16 08:30:26.399,1.57283,1.5733,1.50,1.13
2013.07.16 08:30:26.519,1.57301,1.57326,1.50,1.13
2013.07.16 08:30:26.578,1.57298,1.57327,1.50,1.13
2013.07.16 08:30:26.697,1.57296,1.57346,1.50,1.09
2013.07.16 08:30:26.879,1.57294,1.57343,1.50,1.69
2013.07.16 08:30:27.182,1.57296,1.57347,1.50,1.47
2013.07.16 08:30:27.309,1.57295,1.57351,1.50,1.69
2013.07.16 08:30:27.430,1.57299,1.57354,1.88,2.44
2013.07.16 08:30:27.919,1.57289,1.57342,1.69,1.50
2013.07.16 08:30:28.039,1.57289,1.57343,1.50,1.69
2013.07.16 08:30:28.098,1.57284,1.57342,1.69,1.50
2013.07.16 08:30:28.158,1.57284,1.57342,1.69,1.50
2013.07.16 08:30:28.517,1.57288,1.5733,1.13,1.69
2013.07.16 08:30:28.638,1.57285,1.57329,1.13,1.69
2013.07.16 08:30:28.757,1.5728,1.57333,1.13,1.69
2013.07.16 08:30:28.877,1.57277,1.57333,1.13,1.69
2013.07.16 08:30:28.938,1.57274,1.57336,1.32,1.69
2013.07.16 08:30:29.117,1.57277,1.57333,1.13,1.69
2013.07.16 08:30:29.418,1.57292,1.57348,2.44,1.69
2013.07.16 08:30:29.478,1.57293,1.57348,1.50,1.69
2013.07.16 08:30:29.597,1.57293,1.57343,1.50,1.69
2013.07.16 08:30:29.657,1.57287,1.57343,1.50,1.69
2013.07.16 08:30:29.777,1.57287,1.57343,1.50,1.69
2013.07.16 08:30:30.078,1.57287,1.5734,1.50,1.69
2013.07.16 08:30:30.198,1.57279,1.5734,1.50,1.69
2013.07.16 08:30:30.257,1.57279,1.57339,1.50,1.69
2013.07.16 08:30:30.318,1.57279,1.57337,1.50,1.69
2013.07.16 08:30:30.439,1.57276,1.57338,2.44,1.32
2013.07.16 08:30:30.558,1.57276,1.57336,1.50,1.32
2013.07.16 08:30:30.678,1.57276,1.57331,1.13,1.69
2013.07.16 08:30:30.987,1.57274,1.57323,1.13,1.69
2013.07.16 08:30:31.288,1.57286,1.57336,1.50,1.13
2013.07.16 08:30:31.468,1.57278,1.57326,1.50,1.69
2013.07.16 08:30:31.528,1.57272,1.57326,1.50,1.69
2013.07.16 08:30:31.588,1.57266,1.57324,1.50,2.44
2013.07.16 08:30:31.648,1.57266,1.57323,1.25,1.69
2013.07.16 08:30:31.888,1.57266,1.57328,1.44,1.69
2013.07.16 08:30:31.949,1.57266,1.57326,1.32,1.69
2013.07.16 08:30:32.251,1.57266,1.57326,1.13,2.44
2013.07.16 08:30:32.558,1.57278,1.57328,1.50,1.69
2013.07.16 08:30:32.737,1.57273,1.5733,2.44,1.69
2013.07.16 08:30:32.858,1.57278,1.57333,1.69,1.69
2013.07.16 08:30:33.038,1.57278,1.57334,1.50,1.69
2013.07.16 08:30:33.278,1.57282,1.57333,1.32,1.69
2013.07.16 08:30:33.397,1.57282,1.5733,1.32,1.69
2013.07.16 08:30:33.458,1.57282,1.5733,1.32,1.69
2013.07.16 08:30:33.578,1.57286,1.57334,1.32,3.19
2013.07.16 08:30:33.759,1.57287,1.57336,1.32,1.69
2013.07.16 08:30:34.117,1.57285,1.57334,2.07,1.69
2013.07.16 08:30:34.178,1.57285,1.57334,2.07,2.44
2013.07.16 08:30:34.237,1.57285,1.57334,1.69,2.44
2013.07.16 08:30:34.598,1.57285,1.57336,1.32,1.69
2013.07.16 08:30:34.719,1.57282,1.57328,1.32,1.69
2013.07.16 08:30:34.778,1.57282,1.57327,1.13,1.69
2013.07.16 08:30:34.898,1.57273,1.57327,2.07,1.69
2013.07.16 08:30:35.079,1.5727,1.57321,1.32,1.69
2013.07.16 08:30:35.139,1.57268,1.57312,1.32,1.69
2013.07.16 08:30:35.199,1.57267,1.57308,1.32,2.44
2013.07.16 08:30:35.318,1.57257,1.57303,1.32,1.69
2013.07.16 08:30:35.377,1.57257,1.57303,1.32,1.69
2013.07.16 08:30:35.739,1.57259,1.57305,1.13,1.69
2013.07.16 08:30:36.039,1.57264,1.57314,1.69,1.69
2013.07.16 08:30:36.159,1.57276,1.57316,1.69,1.69
2013.07.16 08:30:36.279,1.57273,1.57317,1.32,1.69
2013.07.16 08:30:36.580,1.57264,1.57314,1.32,1.69
2013.07.16 08:30:36.941,1.57258,1.57308,1.32,1.32
2013.07.16 08:30:37.299,1.57244,1.57299,1.32,1.13
2013.07.16 08:30:37.419,1.57238,1.57294,2.44,1.69
2013.07.16 08:30:37.478,1.57241,1.57288,1.69,1.69
2013.07.16 08:30:37.778,1.57248,1.57297,1.32,2.07
2013.07.16 08:30:37.898,1.57248,1.57293,1.69,1.50
2013.07.16 08:30:38.019,1.57247,1.57293,1.32,1.50
2013.07.16 08:30:38.078,1.57243,1.57292,1.32,1.69
2013.07.16 08:30:38.137,1.57246,1.57293,1.32,1.69
2013.07.16 08:30:38.320,1.57242,1.57297,1.69,1.69
2013.07.16 08:30:38.680,1.57245,1.57297,1.32,1.69
2013.07.16 08:30:38.740,1.57243,1.57292,1.32,1.69
2013.07.16 08:30:38.799,1.57243,1.57292,1.32,1.69
2013.07.16 08:30:39.038,1.57247,1.57298,1.69,1.69
2013.07.16 08:30:39.339,1.57252,1.57297,1.13,1.69
2013.07.16 08:30:39.458,1.57264,1.57306,1.50,1.69
2013.07.16 08:30:39.578,1.57266,1.57309,1.32,1.69
2013.07.16 08:30:39.758,1.57262,1.57314,1.32,1.69
2013.07.16 08:30:39.998,1.57258,1.57313,1.32,1.69
2013.07.16 08:30:40.318,1.57259,1.57311,1.32,1.69
2013.07.16 08:30:40.678,1.5726,1.57299,1.32,1.50
2013.07.16 08:30:41.109,1.5726,1.57299,1.32,1.50
2013.07.16 08:30:41.185,1.57259,1.57296,1.32,1.50
2013.07.16 08:30:41.368,1.57255,1.57298,1.69,1.50
2013.07.16 08:30:41.488,1.57256,1.57298,1.32,1.50
2013.07.16 08:30:41.787,1.57257,1.57298,1.32,1.50
2013.07.16 08:30:42.268,1.57257,1.57299,1.32,1.69
2013.07.16 08:30:42.447,1.57256,1.57298,1.32,2.44
2013.07.16 08:30:43.158,1.57249,1.57298,1.32,1.69
2013.07.16 08:30:43.398,1.57251,1.57299,1.69,1.69
2013.07.16 08:30:43.458,1.57251,1.57299,1.69,1.69
2013.07.16 08:30:44.117,1.57251,1.57297,1.69,1.69
2013.07.16 08:30:44.657,1.57254,1.57299,1.69,1.69
2013.07.16 08:30:45.017,1.57256,1.573,1.69,1.69
2013.07.16 08:30:45.377,1.57251,1.57299,1.69,2.44
2013.07.16 08:30:45.743,1.57247,1.57294,1.69,1.69
2013.07.16 08:30:45.928,1.57247,1.57293,1.69,1.69
2013.07.16 08:30:46.048,1.57247,1.57285,1.69,1.69
2013.07.16 08:30:46.108,1.57243,1.57285,1.32,1.69
2013.07.16 08:30:46.349,1.57236,1.5728,1.69,1.69
2013.07.16 08:30:46.588,1.57238,1.57277,1.32,1.69
2013.07.16 08:30:46.648,1.57234,1.57277,1.69,2.44
2013.07.16 08:30:46.708,1.57229,1.57264,1.69,1.50
2013.07.16 08:30:46.829,1.57218,1.57264,1.39,1.69
2013.07.16 08:30:46.948,1.57214,1.57262,1.69,1.69
2013.07.16 08:30:47.067,1.57206,1.57261,1.69,1.32
2013.07.16 08:30:47.369,1.57206,1.57256,1.69,1.69
2013.07.16 08:30:47.429,1.57206,1.57256,1.69,1.69
2013.07.16 08:30:47.789,1.57202,1.57253,1.69,1.69
2013.07.16 08:30:47.849,1.57195,1.57245,1.69,1.69
2013.07.16 08:30:47.968,1.5719,1.57238,1.50,1.69
2013.07.16 08:30:48.508,1.57197,1.57233,1.69,1.50
2013.07.16 08:30:48.629,1.57173,1.57227,3.79,1.69
2013.07.16 08:30:48.814,1.57173,1.57227,3.04,1.69
2013.07.16 08:30:48.899,1.57171,1.57215,1.32,1.69
2013.07.16 08:30:48.969,1.57171,1.57218,1.32,1.69
2013.07.16 08:30:49.029,1.57176,1.57223,1.69,1.32
2013.07.16 08:30:49.149,1.57173,1.57224,1.69,2.07
2013.07.16 08:30:49.268,1.57175,1.57224,1.69,1.32
2013.07.16 08:30:49.328,1.57172,1.5723,2.44,1.69
2013.07.16 08:30:49.448,1.57173,1.57227,1.69,1.69
2013.07.16 08:30:49.868,1.5717,1.57227,1.69,1.69
2013.07.16 08:30:49.989,1.57168,1.5722,2.07,1.69
2013.07.16 08:30:50.049,1.57167,1.57213,1.69,1.69
2013.07.16 08:30:50.108,1.5717,1.57214,1.69,1.69
2013.07.16 08:30:50.168,1.5717,1.57214,1.69,1.69
2013.07.16 08:30:50.469,1.57162,1.57217,3.94,1.69
2013.07.16 08:30:50.791,1.57162,1.57207,1.69,1.69
2013.07.16 08:30:51.308,1.5716,1.57205,1.69,1.69
2013.07.16 08:30:51.548,1.57165,1.57209,1.69,1.69
2013.07.16 08:30:51.608,1.57166,1.57211,1.69,1.69
2013.07.16 08:30:52.127,1.57162,1.57215,1.69,1.69
2013.07.16 08:30:52.308,1.57177,1.57225,1.32,1.69
2013.07.16 08:30:52.488,1.57177,1.57219,1.32,1.69
2013.07.16 08:30:52.849,1.57181,1.57228,1.69,1.69
2013.07.16 08:30:52.968,1.57172,1.57226,1.32,1.69
2013.07.16 08:30:53.151,1.57171,1.57224,1.69,1.69
2013.07.16 08:30:53.278,1.57175,1.57231,1.32,2.44
2013.07.16 08:30:53.459,1.57177,1.57223,1.32,1.50
2013.07.16 08:30:53.818,1.57168,1.57205,1.39,1.13
2013.07.16 08:30:53.879,1.57177,1.57211,1.13,1.32
2013.07.16 08:30:54.058,1.57177,1.57222,1.32,1.09
2013.07.16 08:30:54.178,1.57187,1.57228,1.50,1.32
2013.07.16 08:30:54.497,1.57182,1.57225,1.13,2.44
2013.07.16 08:30:54.559,1.57182,1.57221,1.50,1.69
2013.07.16 08:30:54.800,1.57177,1.57221,2.07,1.69
2013.07.16 08:30:55.108,1.5718,1.5722,1.69,1.69
2013.07.16 08:30:55.347,1.57178,1.57219,1.32,1.50
2013.07.16 08:30:55.408,1.57182,1.57219,1.32,1.50
2013.07.16 08:30:55.528,1.57186,1.57231,1.69,1.50
2013.07.16 08:30:55.588,1.57188,1.57231,1.32,1.50
2013.07.16 08:30:55.950,1.57188,1.57234,1.69,2.07
2013.07.16 08:30:56.069,1.57191,1.57234,1.69,1.88
2013.07.16 08:30:56.429,1.57191,1.57241,1.69,1.32
2013.07.16 08:30:56.489,1.57191,1.57241,1.69,1.13
2013.07.16 08:30:56.549,1.57197,1.57251,1.69,2.44
2013.07.16 08:30:56.607,1.57197,1.57251,1.69,2.44
2013.07.16 08:30:56.667,1.57202,1.57242,1.32,1.50
2013.07.16 08:30:56.968,1.57191,1.57237,1.69,1.69
2013.07.16 08:30:57.088,1.5719,1.57231,1.69,1.69
2013.07.16 08:30:57.207,1.57187,1.57231,1.32,1.69
2013.07.16 08:30:57.647,1.57192,1.57238,1.32,1.69
2013.07.16 08:30:57.708,1.57202,1.57239,1.50,1.69
2013.07.16 08:30:57.828,1.57204,1.57241,1.32,2.44
2013.07.16 08:30:58.138,1.57188,1.57232,1.32,1.69
2013.07.16 08:30:58.198,1.57191,1.57233,1.32,1.69
2013.07.16 08:30:58.318,1.57192,1.57237,1.32,1.69
2013.07.16 08:30:58.377,1.57192,1.57237,1.32,1.69
2013.07.16 08:30:58.918,1.5719,1.57236,1.32,1.69
2013.07.16 08:30:59.407,1.57199,1.57242,1.32,2.07
2013.07.16 08:30:59.528,1.57201,1.57241,1.32,1.32
2013.07.16 08:30:59.948,1.57202,1.57245,1.32,1.69
2013.07.16 08:31:00.310,1.57203,1.57248,1.32,2.07
2013.07.16 08:31:00.369,1.57202,1.57248,1.32,1.32
2013.07.16 08:31:00.489,1.57198,1.57244,1.32,1.69
2013.07.16 08:31:00.668,1.57201,1.5723,1.32,1.50
2013.07.16 08:31:01.001,1.572,1.5723,1.32,1.50
2013.07.16 08:31:01.128,1.57191,1.57226,1.32,1.50
2013.07.16 08:31:01.188,1.57192,1.57226,1.32,1.50
2013.07.16 08:31:01.728,1.57189,1.57226,1.32,2.25
2013.07.16 08:31:01.848,1.57188,1.5723,1.32,1.69
2013.07.16 08:31:02.147,1.57196,1.57229,1.32,1.50
2013.07.16 08:31:02.328,1.57196,1.57229,1.32,1.50
2013.07.16 08:31:02.688,1.57192,1.57222,1.32,1.50
2013.07.16 08:31:03.199,1.57192,1.57222,1.32,1.50
2013.07.16 08:31:03.319,1.57192,1.57219,1.32,1.50
2013.07.16 08:31:03.439,1.5719,1.57219,1.32,1.50
2013.07.16 08:31:03.677,1.5719,1.57222,1.32,1.50
2013.07.16 08:31:04.108,1.5719,1.57216,1.32,1.50
2013.07.16 08:31:04.288,1.57177,1.57216,2.07,2.44
2013.07.16 08:31:04.657,1.57177,1.57217,1.32,3.19
2013.07.16 08:31:04.778,1.57183,1.57217,1.32,1.50
2013.07.16 08:31:04.897,1.57181,1.57219,2.07,1.69
2013.07.16 08:31:05.017,1.57181,1.57219,2.07,1.69
2013.07.16 08:31:05.077,1.57181,1.57219,2.07,1.69
2013.07.16 08:31:05.137,1.57181,1.57219,1.32,1.69
2013.07.16 08:31:05.317,1.57181,1.57217,1.32,1.69
2013.07.16 08:31:05.378,1.57179,1.57217,1.32,1.69
2013.07.16 08:31:05.558,1.57186,1.57222,1.69,1.50
2013.07.16 08:31:05.738,1.5719,1.57222,1.13,1.50
2013.07.16 08:31:05.918,1.57192,1.5723,1.32,1.69
2013.07.16 08:31:06.100,1.57196,1.57237,2.07,1.69
2013.07.16 08:31:06.457,1.57185,1.57222,1.32,1.69
2013.07.16 08:31:06.928,1.57177,1.57222,1.32,1.50
2013.07.16 08:31:07.541,1.57177,1.57222,1.32,1.69
2013.07.16 08:31:07.659,1.57181,1.57222,1.13,1.69
2013.07.16 08:31:07.717,1.57182,1.57222,1.13,1.69
2013.07.16 08:31:08.078,1.57182,1.57222,1.13,1.69
2013.07.16 08:31:08.317,1.57176,1.57222,1.32,3.19
2013.07.16 08:31:08.438,1.57172,1.5722,1.32,1.69
2013.07.16 08:31:08.617,1.57172,1.5722,1.32,3.19
2013.07.16 08:31:08.737,1.57172,1.57216,1.32,1.69
2013.07.16 08:31:09.071,1.57177,1.57219,1.13,1.69
2013.07.16 08:31:09.657,1.57177,1.57219,1.13,1.69
2013.07.16 08:31:09.777,1.57169,1.57214,1.69,1.69
2013.07.16 08:31:09.897,1.57177,1.57214,1.13,1.69
2013.07.16 08:31:10.199,1.57181,1.57219,1.13,1.69
2013.07.16 08:31:10.378,1.57176,1.57215,1.13,1.69
2013.07.16 08:31:10.860,1.57177,1.57215,1.13,2.44
2013.07.16 08:31:11.039,1.57169,1.57215,1.32,1.69
2013.07.16 08:31:11.099,1.57172,1.57215,1.13,1.69
2013.07.16 08:31:11.219,1.57167,1.57215,1.32,1.69
2013.07.16 08:31:11.638,1.5717,1.57214,1.13,1.69
2013.07.16 08:31:12.014,1.57176,1.57214,1.13,1.69
2013.07.16 08:31:12.093,1.57176,1.57221,1.32,1.69
2013.07.16 08:31:12.217,1.57178,1.57222,1.32,1.69
2013.07.16 08:31:12.697,1.57176,1.57222,1.32,1.69
2013.07.16 08:31:12.938,1.57179,1.57222,1.32,1.69
2013.07.16 08:31:13.367,1.57179,1.57222,1.32,1.69
2013.07.16 08:31:13.668,1.57179,1.57222,1.32,1.69
2013.07.16 08:31:14.042,1.57179,1.5723,1.32,1.69
2013.07.16 08:31:14.357,1.57179,1.57231,2.07,1.69
2013.07.16 08:31:14.658,1.57173,1.57226,2.07,1.69
2013.07.16 08:31:14.718,1.57173,1.57222,1.32,1.69
2013.07.16 08:31:14.778,1.57173,1.57222,1.32,1.69
2013.07.16 08:31:14.838,1.57169,1.57222,1.32,1.69
2013.07.16 08:31:14.898,1.57172,1.57222,1.69,1.69
2013.07.16 08:31:15.018,1.57173,1.5722,1.32,1.69
2013.07.16 08:31:15.137,1.57171,1.5722,2.07,1.69
2013.07.16 08:31:15.437,1.57177,1.57223,1.32,1.69
2013.07.16 08:31:15.558,1.5718,1.57228,1.13,1.69
2013.07.16 08:31:15.928,1.57177,1.57231,1.32,1.69
2013.07.16 08:31:16.287,1.57177,1.57228,1.32,1.69
2013.07.16 08:31:16.649,1.57184,1.57234,1.32,2.07
2013.07.16 08:31:16.768,1.57194,1.57235,1.50,1.13
2013.07.16 08:31:16.888,1.57201,1.57244,1.13,1.13
2013.07.16 08:31:16.949,1.57205,1.57251,1.69,1.13
2013.07.16 08:31:17.308,1.57227,1.57264,1.32,1.50
2013.07.16 08:31:17.668,1.57227,1.57273,1.32,1.50
2013.07.16 08:31:18.327,1.57221,1.57276,1.32,2.44
2013.07.16 08:31:18.447,1.57221,1.57267,1.32,1.50
2013.07.16 08:31:18.567,1.57219,1.57266,1.32,1.50
2013.07.16 08:31:18.627,1.57212,1.57266,1.32,1.69
2013.07.16 08:31:18.867,1.57211,1.57265,1.32,1.69
2013.07.16 08:31:18.987,1.57212,1.57265,1.32,1.69
2013.07.16 08:31:19.298,1.57212,1.57267,1.32,2.44
2013.07.16 08:31:19.598,1.57219,1.57266,1.50,1.69
2013.07.16 08:31:19.777,1.57218,1.57267,1.32,2.44
2013.07.16 08:31:19.898,1.57213,1.57267,1.32,2.44
2013.07.16 08:31:20.078,1.57213,1.57263,1.69,1.69
2013.07.16 08:31:20.199,1.57217,1.57263,2.25,1.69
2013.07.16 08:31:20.558,1.57212,1.57257,1.32,1.69
2013.07.16 08:31:20.798,1.57207,1.57257,2.07,1.69
2013.07.16 08:31:21.098,1.57207,1.57257,2.07,1.69
2013.07.16 08:31:21.217,1.57212,1.57257,1.32,1.69
2013.07.16 08:31:21.278,1.57209,1.57257,1.32,1.69
2013.07.16 08:31:21.338,1.57206,1.57257,1.32,1.69
2013.07.16 08:31:22.089,1.57206,1.57258,1.69,1.69
2013.07.16 08:31:22.150,1.57211,1.57258,1.50,1.69
2013.07.16 08:31:22.389,1.57211,1.57258,1.13,1.69
2013.07.16 08:31:22.700,1.57212,1.57261,1.32,1.69
2013.07.16 08:31:22.759,1.57211,1.57266,1.32,2.07
2013.07.16 08:31:22.938,1.57212,1.57266,1.69,1.69
2013.07.16 08:31:23.217,1.57212,1.57266,1.32,1.69
2013.07.16 08:31:23.738,1.57217,1.57264,1.32,1.69
2013.07.16 08:31:23.797,1.57214,1.57261,1.32,1.69
2013.07.16 08:31:24.098,1.57207,1.57256,1.32,1.69
2013.07.16 08:31:24.157,1.57207,1.57256,1.32,1.69
2013.07.16 08:31:24.710,1.57206,1.57256,2.07,1.69
2013.07.16 08:31:24.947,1.5721,1.57256,1.13,1.69
2013.07.16 08:31:25.008,1.57206,1.57252,1.32,1.32
2013.07.16 08:31:25.127,1.57206,1.5725,1.32,1.69
2013.07.16 08:31:26.681,1.57201,1.57242,1.32,1.69
2013.07.16 08:31:27.907,1.57206,1.57244,1.13,1.69
2013.07.16 08:31:28.208,1.57196,1.57243,1.32,1.69
2013.07.16 08:31:28.748,1.57196,1.57236,1.32,1.69
2013.07.16 08:31:28.938,1.57196,1.57236,1.32,1.69
2013.07.16 08:31:29.058,1.57196,1.57234,1.13,1.69
2013.07.16 08:31:29.238,1.57191,1.57229,1.32,1.69
2013.07.16 08:31:29.358,1.57191,1.57229,1.13,1.69
2013.07.16 08:31:29.479,1.57182,1.57228,1.32,1.69
2013.07.16 08:31:29.780,1.57185,1.57231,1.32,1.32
2013.07.16 08:31:30.138,1.57202,1.57233,1.13,1.69
2013.07.16 08:31:30.318,1.57187,1.57233,1.69,1.69
2013.07.16 08:31:30.378,1.57191,1.57233,1.69,1.69
2013.07.16 08:31:30.498,1.57191,1.57235,2.44,1.69
2013.07.16 08:31:30.800,1.57188,1.57235,2.07,1.69
2013.07.16 08:31:30.919,1.57184,1.57231,2.07,1.69
2013.07.16 08:31:30.979,1.57184,1.57231,2.07,1.69
2013.07.16 08:31:31.518,1.57192,1.57226,1.13,1.69
2013.07.16 08:31:31.878,1.57186,1.57223,1.32,1.69
2013.07.16 08:31:31.937,1.57184,1.57223,1.32,1.69
2013.07.16 08:31:32.887,1.57176,1.57224,2.44,1.69
2013.07.16 08:31:33.588,1.57179,1.57223,1.69,1.69
2013.07.16 08:31:33.648,1.57171,1.57217,1.32,1.69
2013.07.16 08:31:33.888,1.5717,1.57211,1.69,1.69
2013.07.16 08:31:33.948,1.5717,1.57213,1.69,1.69
2013.07.16 08:31:34.068,1.57177,1.57213,1.32,1.69
2013.07.16 08:31:34.187,1.57181,1.57219,1.13,1.69
2013.07.16 08:31:34.488,1.57181,1.57219,1.13,1.69
2013.07.16 08:31:34.548,1.57176,1.57219,1.32,1.69
2013.07.16 08:31:34.670,1.57171,1.57219,1.32,1.69
2013.07.16 08:31:35.155,1.57175,1.5722,1.32,2.07
2013.07.16 08:31:35.220,1.57166,1.57217,1.32,1.69
2013.07.16 08:31:35.348,1.57166,1.57217,2.07,1.69
2013.07.16 08:31:35.409,1.57166,1.57211,1.32,1.69
2013.07.16 08:31:35.470,1.57165,1.57211,1.32,1.69
2013.07.16 08:31:35.898,1.57162,1.57204,2.07,1.69
2013.07.16 08:31:35.958,1.57161,1.57198,1.69,1.69
2013.07.16 08:31:36.137,1.57152,1.57198,2.82,1.69
2013.07.16 08:31:36.317,1.57153,1.57198,1.32,1.69
2013.07.16 08:31:36.497,1.57152,1.57195,1.69,1.69
2013.07.16 08:31:36.858,1.5715,1.57195,1.32,2.44
2013.07.16 08:31:37.039,1.57142,1.57189,2.07,1.69
2013.07.16 08:31:37.099,1.57142,1.57189,2.07,1.69
2013.07.16 08:31:37.218,1.57141,1.57185,2.07,1.69
2013.07.16 08:31:37.698,1.5714,1.57185,1.32,1.69
2013.07.16 08:31:38.058,1.57139,1.57185,1.32,1.69
2013.07.16 08:31:38.238,1.57139,1.57186,1.32,1.69
2013.07.16 08:31:39.079,1.57136,1.57181,1.32,1.69
2013.07.16 08:31:39.379,1.57137,1.57183,1.69,1.69
2013.07.16 08:31:39.678,1.57143,1.57185,1.69,1.69
2013.07.16 08:31:40.038,1.5713,1.57181,1.32,1.69
2013.07.16 08:31:40.098,1.57127,1.57174,1.32,1.69
2013.07.16 08:31:40.218,1.57128,1.57174,1.32,1.69
2013.07.16 08:31:40.278,1.57131,1.57177,1.69,1.69
2013.07.16 08:31:40.638,1.57121,1.57173,2.07,1.69
2013.07.16 08:31:41.117,1.57126,1.57181,1.69,1.69
2013.07.16 08:31:41.239,1.57132,1.57183,1.69,1.84
2013.07.16 08:31:41.478,1.57132,1.57179,1.69,1.69
2013.07.16 08:31:42.178,1.57128,1.57178,1.13,1.69
2013.07.16 08:31:42.238,1.57128,1.57178,1.13,1.69
2013.07.16 08:31:42.357,1.57125,1.57173,1.32,1.69
2013.07.16 08:31:42.897,1.57121,1.57176,1.69,2.44
2013.07.16 08:31:43.018,1.57121,1.57172,1.69,1.32
2013.07.16 08:31:43.378,1.57122,1.5717,1.69,1.69
2013.07.16 08:31:44.168,1.57123,1.57173,1.32,2.44
2013.07.16 08:31:44.348,1.57123,1.57171,1.69,2.44
2013.07.16 08:31:44.468,1.57121,1.57171,1.69,2.44
2013.07.16 08:31:44.958,1.57122,1.57171,1.69,2.44
2013.07.16 08:31:45.077,1.57122,1.57174,2.44,2.82
2013.07.16 08:31:46.268,1.57123,1.57174,1.32,1.69
2013.07.16 08:31:46.688,1.57129,1.57176,1.69,1.32
2013.07.16 08:31:46.748,1.57131,1.57177,2.44,1.69
2013.07.16 08:31:46.808,1.57131,1.57179,3.19,1.69
2013.07.16 08:31:47.168,1.57131,1.57184,1.69,1.69
2013.07.16 08:31:47.349,1.57135,1.57181,1.69,1.13
2013.07.16 08:31:47.468,1.57135,1.57181,1.69,1.13
2013.07.16 08:31:47.947,1.57141,1.57187,1.69,1.32
2013.07.16 08:31:48.398,1.5714,1.57186,1.69,1.69
2013.07.16 08:31:48.458,1.57145,1.57186,1.69,1.69
2013.07.16 08:31:48.698,1.57142,1.57184,1.69,1.69
2013.07.16 08:31:48.758,1.57142,1.57184,1.69,1.69
2013.07.16 08:31:48.878,1.57149,1.57186,1.69,1.13
2013.07.16 08:31:48.937,1.57162,1.57191,1.73,1.13
2013.07.16 08:31:48.998,1.57162,1.57198,1.73,1.69
2013.07.16 08:31:49.118,1.5716,1.57193,1.35,1.50
2013.07.16 08:31:49.178,1.57164,1.57193,1.32,1.50
2013.07.16 08:31:49.238,1.57164,1.57205,1.69,1.13
2013.07.16 08:31:49.298,1.57158,1.57205,1.69,2.07
2013.07.16 08:31:49.418,1.57157,1.57196,1.69,1.50
2013.07.16 08:31:49.478,1.57149,1.57196,1.50,1.50
2013.07.16 08:31:49.598,1.57146,1.57182,1.13,1.13
2013.07.16 08:31:49.660,1.57139,1.57182,1.32,1.13
2013.07.16 08:31:49.720,1.57141,1.57182,1.32,1.32
2013.07.16 08:31:49.839,1.57139,1.57188,1.69,1.69
2013.07.16 08:31:49.898,1.57143,1.57188,1.69,1.50
2013.07.16 08:31:49.959,1.57148,1.57191,1.32,1.69
2013.07.16 08:31:50.318,1.57149,1.57196,1.32,1.69
2013.07.16 08:31:50.738,1.57142,1.57194,2.07,2.44
2013.07.16 08:31:50.798,1.57142,1.57189,1.32,1.69
2013.07.16 08:31:50.857,1.57142,1.57189,1.32,1.69
2013.07.16 08:31:50.917,1.57138,1.57189,1.69,1.69
2013.07.16 08:31:51.162,1.57137,1.57188,1.69,1.69
2013.07.16 08:31:51.338,1.57137,1.57189,1.69,1.69
2013.07.16 08:31:51.398,1.57136,1.5718,1.69,1.69
2013.07.16 08:31:51.457,1.57135,1.5718,1.69,1.69
2013.07.16 08:31:51.977,1.57132,1.57168,1.69,1.50
2013.07.16 08:31:52.039,1.57128,1.57167,1.32,1.69
2013.07.16 08:31:52.160,1.57123,1.57166,1.50,2.44
2013.07.16 08:31:52.218,1.57125,1.5716,1.13,1.69
2013.07.16 08:31:52.278,1.57121,1.5716,2.44,1.69
2013.07.16 08:31:52.338,1.57121,1.57158,1.50,1.69
2013.07.16 08:31:52.698,1.57119,1.57166,1.69,1.69
2013.07.16 08:31:53.058,1.57113,1.57166,1.69,1.69
2013.07.16 08:31:53.179,1.57113,1.57162,1.69,1.69
2013.07.16 08:31:53.657,1.57117,1.57168,2.07,2.07
2013.07.16 08:31:54.618,1.57119,1.57168,1.32,2.07
2013.07.16 08:31:54.678,1.57119,1.57168,2.07,2.07
2013.07.16 08:31:55.038,1.57122,1.57169,1.32,1.69
2013.07.16 08:31:55.218,1.57131,1.57169,1.13,1.69
2013.07.16 08:31:55.278,1.57131,1.5717,1.13,1.69
2013.07.16 08:31:55.398,1.57125,1.57171,2.44,1.32
2013.07.16 08:31:55.578,1.57125,1.5717,1.69,1.69
2013.07.16 08:31:55.638,1.57131,1.5717,1.13,3.19
2013.07.16 08:31:55.818,1.57128,1.57171,1.32,1.32
2013.07.16 08:31:55.938,1.57127,1.57171,1.32,1.32
2013.07.16 08:31:55.998,1.57119,1.57168,1.32,1.69
2013.07.16 08:31:56.058,1.57119,1.57168,2.44,1.69
2013.07.16 08:31:56.179,1.57119,1.57166,2.44,1.69
2013.07.16 08:31:56.238,1.57117,1.57163,1.69,1.69
2013.07.16 08:31:56.298,1.57118,1.57164,1.69,1.32
2013.07.16 08:31:56.418,1.57119,1.57164,1.69,1.32
2013.07.16 08:31:56.538,1.57123,1.57169,1.69,1.09
2013.07.16 08:31:56.598,1.57123,1.57169,1.69,1.09
2013.07.16 08:31:56.658,1.57123,1.5717,1.32,1.32
2013.07.16 08:31:57.199,1.57123,1.5717,3.19,1.69
2013.07.16 08:31:57.258,1.57127,1.5717,2.44,1.69
2013.07.16 08:31:57.324,1.57131,1.57176,1.69,1.69
2013.07.16 08:31:57.831,1.57133,1.57182,1.32,1.69
2013.07.16 08:31:57.948,1.57133,1.57179,1.32,1.69
2013.07.16 08:31:58.068,1.57134,1.57176,1.32,1.32
2013.07.16 08:31:58.188,1.5713,1.57177,1.32,1.69
2013.07.16 08:31:58.489,1.57129,1.57175,2.07,1.69
2013.07.16 08:31:58.608,1.57131,1.57174,1.32,1.32
2013.07.16 08:31:59.698,1.57132,1.57176,1.32,1.32
2013.07.16 08:31:59.759,1.57129,1.57176,1.32,1.32
2013.07.16 08:31:59.879,1.57121,1.57171,1.32,2.44
2013.07.16 08:31:59.938,1.57121,1.57171,1.32,2.44
2013.07.16 08:32:00.118,1.57122,1.57171,2.07,2.44
2013.07.16 08:32:00.238,1.57125,1.57166,1.32,1.69
2013.07.16 08:32:00.358,1.57125,1.57166,1.32,2.44
2013.07.16 08:32:01.018,1.57119,1.57166,1.32,1.69
2013.07.16 08:32:01.078,1.57119,1.57162,1.69,1.69
2013.07.16 08:32:01.442,1.57117,1.57162,1.32,1.69
2013.07.16 08:32:01.918,1.57111,1.57151,1.13,1.28
2013.07.16 08:32:02.039,1.57101,1.57142,1.69,1.50
2013.07.16 08:32:02.098,1.57101,1.57142,2.44,1.69
2013.07.16 08:32:02.338,1.57099,1.57137,1.32,1.69
2013.07.16 08:32:02.578,1.57089,1.57131,1.69,1.69
2013.07.16 08:32:02.698,1.57089,1.57133,1.69,1.69
2013.07.16 08:32:02.939,1.57092,1.57133,1.69,1.69
2013.07.16 08:32:03.000,1.57092,1.57136,3.57,2.44
2013.07.16 08:32:03.299,1.57097,1.57141,1.32,1.69
2013.07.16 08:32:03.359,1.57099,1.57145,1.69,1.69
2013.07.16 08:32:03.539,1.57097,1.57131,1.32,1.69
2013.07.16 08:32:03.658,1.57091,1.57131,1.32,2.07
2013.07.16 08:32:03.719,1.57091,1.57131,1.32,2.07
2013.07.16 08:32:03.839,1.57095,1.57133,1.32,1.69
2013.07.16 08:32:04.018,1.57091,1.57133,2.44,1.69
2013.07.16 08:32:04.078,1.57086,1.57131,1.69,1.69
2013.07.16 08:32:04.738,1.57091,1.57131,2.07,1.32
2013.07.16 08:32:05.049,1.571,1.5713,2.07,1.32
2013.07.16 08:32:05.410,1.57113,1.57148,1.69,1.13
2013.07.16 08:32:05.469,1.57113,1.57152,1.69,1.32
2013.07.16 08:32:05.530,1.57119,1.57152,1.69,1.13
2013.07.16 08:32:05.710,1.57111,1.57156,1.32,1.32
2013.07.16 08:32:05.828,1.57107,1.57144,1.69,1.09
2013.07.16 08:32:05.888,1.57105,1.57144,1.13,1.28
2013.07.16 08:32:06.008,1.57098,1.57135,1.69,1.13
2013.07.16 08:32:06.368,1.57096,1.57132,1.69,1.13
2013.07.16 08:32:06.428,1.57097,1.57132,1.32,1.13
2013.07.16 08:32:06.549,1.57098,1.57142,1.32,1.69
2013.07.16 08:32:06.668,1.57103,1.57147,1.69,1.32
2013.07.16 08:32:06.848,1.5711,1.57149,1.69,1.32
2013.07.16 08:32:07.388,1.57108,1.57146,1.32,1.32
2013.07.16 08:32:07.448,1.57102,1.57139,1.69,1.69
2013.07.16 08:32:07.688,1.57102,1.57136,1.32,1.69
2013.07.16 08:32:07.748,1.57102,1.57136,1.32,1.69
2013.07.16 08:32:07.988,1.57099,1.57142,1.69,1.69
2013.07.16 08:32:08.109,1.57101,1.57143,1.69,1.69
2013.07.16 08:32:08.172,1.57101,1.57143,1.69,1.69
2013.07.16 08:32:08.299,1.57105,1.57143,1.32,1.32
2013.07.16 08:32:08.418,1.57103,1.57144,1.69,1.69
2013.07.16 08:32:09.189,1.57107,1.57146,1.69,1.69
2013.07.16 08:32:09.979,1.57107,1.57154,1.69,1.69
2013.07.16 08:32:10.339,1.57117,1.5716,2.40,1.32
2013.07.16 08:32:10.399,1.57127,1.57169,2.25,1.69
2013.07.16 08:32:10.458,1.57127,1.57169,1.50,1.69
2013.07.16 08:32:10.520,1.57131,1.57169,1.69,1.32
2013.07.16 08:32:10.578,1.57134,1.57169,1.69,1.32
2013.07.16 08:32:10.699,1.57135,1.57173,1.69,1.32
2013.07.16 08:32:10.818,1.5713,1.57163,1.69,1.13
2013.07.16 08:32:10.879,1.57127,1.57163,1.69,1.13
2013.07.16 08:32:11.240,1.57111,1.57151,1.69,1.69
2013.07.16 08:32:11.599,1.57104,1.57143,1.69,2.82
2013.07.16 08:32:11.660,1.571,1.57138,1.69,1.69
2013.07.16 08:32:11.779,1.57097,1.57135,2.44,1.69
2013.07.16 08:32:11.898,1.57101,1.57139,1.69,1.69
2013.07.16 08:32:12.200,1.57104,1.57138,1.69,1.32
2013.07.16 08:32:12.501,1.5711,1.57147,1.32,1.69
2013.07.16 08:32:12.680,1.57106,1.57143,1.32,1.69
2013.07.16 08:32:12.800,1.57103,1.57143,2.07,1.69
2013.07.16 08:32:12.919,1.57108,1.57145,1.32,1.69
2013.07.16 08:32:13.100,1.57101,1.57144,2.07,1.69
2013.07.16 08:32:13.458,1.57105,1.57138,1.32,1.69
2013.07.16 08:32:14.417,1.57099,1.57137,2.07,1.69
2013.07.16 08:32:14.899,1.57101,1.57141,1.69,1.69
2013.07.16 08:32:15.868,1.571,1.57141,1.32,1.69
2013.07.16 08:32:16.108,1.57093,1.57131,1.32,1.69
2013.07.16 08:32:16.371,1.57092,1.57128,1.32,1.69
2013.07.16 08:32:16.428,1.57087,1.57123,2.07,1.69
2013.07.16 08:32:16.758,1.57096,1.57123,1.50,1.69
2013.07.16 08:32:16.938,1.57093,1.5713,1.32,1.69
2013.07.16 08:32:17.179,1.57092,1.5713,1.32,1.69
2013.07.16 08:32:17.718,1.57097,1.57128,1.32,1.69
2013.07.16 08:32:18.298,1.57097,1.5713,1.32,1.69
2013.07.16 08:32:18.798,1.57102,1.57134,1.69,1.69
2013.07.16 08:32:18.978,1.57109,1.57145,1.32,1.69
2013.07.16 08:32:19.339,1.57116,1.57156,1.32,1.69
2013.07.16 08:32:19.399,1.57117,1.57156,1.69,1.69
2013.07.16 08:32:19.518,1.5712,1.57162,1.32,1.69
2013.07.16 08:32:19.965,1.5712,1.57157,1.32,1.69
2013.07.16 08:32:20.448,1.57117,1.57157,1.32,1.69
2013.07.16 08:32:20.988,1.57114,1.57156,1.32,1.69
2013.07.16 08:32:21.758,1.57116,1.57152,1.32,1.69
2013.07.16 08:32:21.817,1.57117,1.57152,1.32,1.69
2013.07.16 08:32:22.298,1.5712,1.57156,2.07,1.69
2013.07.16 08:32:22.601,1.57123,1.57161,1.69,1.69
2013.07.16 08:32:22.839,1.57127,1.57165,1.69,1.69
2013.07.16 08:32:22.900,1.57128,1.57165,1.69,1.69
2013.07.16 08:32:23.198,1.57127,1.57166,2.44,1.69
2013.07.16 08:32:23.799,1.57127,1.57167,2.44,1.69
2013.07.16 08:32:23.978,1.57127,1.57164,1.69,1.69
2013.07.16 08:32:24.099,1.57127,1.5716,1.69,1.69
2013.07.16 08:32:24.218,1.57121,1.57157,1.69,1.32
2013.07.16 08:32:24.398,1.57119,1.57157,1.32,1.32
2013.07.16 08:32:24.698,1.57115,1.57156,1.32,1.69
2013.07.16 08:32:24.819,1.57114,1.57153,1.32,2.07
2013.07.16 08:32:25.178,1.57113,1.57153,1.32,2.07
2013.07.16 08:32:25.478,1.57116,1.57153,1.32,1.69
2013.07.16 08:32:25.798,1.57116,1.57153,1.32,1.69
2013.07.16 08:32:26.098,1.57116,1.57157,1.32,2.07
2013.07.16 08:32:26.728,1.57114,1.57157,1.32,2.07
2013.07.16 08:32:26.908,1.57117,1.57153,1.32,1.32
2013.07.16 08:32:27.028,1.57117,1.57153,2.44,1.32
2013.07.16 08:32:27.388,1.57111,1.57144,1.32,1.13
2013.07.16 08:32:27.690,1.57111,1.57149,1.32,1.32
2013.07.16 08:32:27.750,1.57112,1.57154,1.32,1.69
2013.07.16 08:32:28.257,1.57112,1.57155,1.32,2.44
2013.07.16 08:32:28.438,1.57112,1.57155,1.32,1.69
2013.07.16 08:32:28.677,1.57112,1.57155,1.32,1.69
2013.07.16 08:32:28.738,1.57108,1.57151,1.32,2.44
2013.07.16 08:32:29.288,1.57108,1.57145,1.69,1.69
2013.07.16 08:32:30.257,1.57105,1.57143,1.69,1.69
2013.07.16 08:32:30.559,1.57105,1.57142,1.54,1.32
2013.07.16 08:32:30.678,1.57106,1.57142,1.32,1.32
2013.07.16 08:32:31.647,1.5711,1.57145,1.32,1.69
2013.07.16 08:32:32.129,1.5711,1.57152,1.32,1.69
2013.07.16 08:32:32.459,1.57111,1.57152,1.69,1.69
2013.07.16 08:32:32.638,1.57112,1.57153,1.69,2.44
2013.07.16 08:32:32.699,1.57114,1.57153,1.69,2.44
2013.07.16 08:32:32.818,1.57112,1.57153,3.19,2.44
2013.07.16 08:32:33.120,1.57116,1.57153,2.44,2.44
2013.07.16 08:32:33.299,1.57122,1.57153,1.69,1.50
2013.07.16 08:32:33.609,1.57121,1.57159,1.50,1.13
2013.07.16 08:32:33.788,1.57114,1.57155,2.07,1.69
2013.07.16 08:32:33.908,1.57118,1.57156,1.32,1.13
2013.07.16 08:32:34.350,1.57116,1.57153,1.32,1.69
2013.07.16 08:32:34.468,1.57118,1.57153,1.32,1.69
2013.07.16 08:32:34.828,1.57121,1.57153,1.50,1.32
2013.07.16 08:32:35.189,1.57133,1.57163,1.69,1.50
2013.07.16 08:32:35.248,1.57133,1.57165,1.69,1.69
2013.07.16 08:32:35.369,1.57132,1.57165,1.69,1.69
2013.07.16 08:32:35.728,1.57133,1.57169,1.69,1.69
2013.07.16 08:32:36.168,1.57133,1.57169,1.13,1.88
2013.07.16 08:32:36.291,1.57129,1.57165,1.13,1.69
2013.07.16 08:32:37.159,1.5713,1.57165,1.32,1.69
2013.07.16 08:32:37.398,1.5713,1.57166,1.32,1.13
2013.07.16 08:32:38.060,1.57136,1.57172,1.32,1.32
2013.07.16 08:32:38.299,1.57132,1.57168,1.32,1.69
2013.07.16 08:32:38.478,1.57132,1.57168,1.69,1.69
2013.07.16 08:32:38.539,1.57132,1.57168,1.69,1.69
2013.07.16 08:32:38.658,1.57132,1.5717,2.44,1.69
2013.07.16 08:32:38.778,1.57132,1.5717,2.44,1.69
2013.07.16 08:32:39.118,1.57135,1.57173,2.07,1.32
2013.07.16 08:32:39.300,1.57145,1.57182,1.32,1.69
2013.07.16 08:32:39.480,1.57141,1.57181,1.32,1.32
2013.07.16 08:32:39.539,1.57141,1.57179,1.32,2.07
2013.07.16 08:32:39.659,1.57142,1.57174,1.32,1.32
2013.07.16 08:32:40.078,1.57142,1.57179,2.07,1.69
2013.07.16 08:32:40.259,1.57141,1.57175,1.32,1.32
2013.07.16 08:32:40.540,1.57141,1.57175,1.32,1.32
2013.07.16 08:32:41.758,1.57142,1.57175,1.32,1.32
2013.07.16 08:32:42.619,1.57145,1.57175,2.03,1.69
2013.07.16 08:32:42.679,1.57157,1.57186,1.13,1.69
2013.07.16 08:32:42.919,1.57149,1.57188,1.32,1.32
2013.07.16 08:32:42.978,1.57146,1.57185,1.69,1.69
2013.07.16 08:32:43.279,1.57151,1.57186,1.69,1.69
2013.07.16 08:32:43.458,1.57156,1.57189,1.69,1.69
2013.07.16 08:32:43.518,1.57156,1.57191,1.69,1.32
2013.07.16 08:32:43.578,1.57156,1.57191,2.07,1.32
2013.07.16 08:32:43.878,1.57156,1.57193,1.69,1.69
2013.07.16 08:32:44.239,1.57151,1.57187,2.07,1.69
2013.07.16 08:32:44.598,1.57159,1.57199,1.69,2.44
2013.07.16 08:32:44.899,1.57154,1.57192,1.69,1.69
2013.07.16 08:32:45.079,1.5715,1.57185,1.32,1.69
2013.07.16 08:32:45.139,1.57145,1.57183,1.32,1.69
2013.07.16 08:32:45.258,1.57141,1.5718,2.07,1.69
2013.07.16 08:32:45.749,1.57138,1.57169,1.69,1.69
2013.07.16 08:32:45.868,1.57135,1.57173,1.50,1.69
2013.07.16 08:32:46.172,1.57128,1.57155,1.69,1.50
2013.07.16 08:32:46.245,1.57115,1.57155,1.69,1.69
2013.07.16 08:32:46.309,1.57116,1.57155,1.69,2.44
2013.07.16 08:32:46.850,1.5712,1.57159,1.69,1.69
2013.07.16 08:32:46.914,1.5712,1.57159,1.69,1.69
2013.07.16 08:32:47.038,1.57117,1.5716,1.69,1.69
2013.07.16 08:32:47.098,1.57117,1.57156,1.69,1.69
2013.07.16 08:32:47.161,1.57116,1.57156,1.69,1.69
2013.07.16 08:32:47.278,1.57115,1.57153,1.32,1.69
2013.07.16 08:32:47.818,1.57116,1.57154,1.69,1.69
2013.07.16 08:32:47.938,1.57116,1.57153,1.69,1.69
2013.07.16 08:32:47.997,1.57116,1.57153,1.69,1.69
2013.07.16 08:32:48.358,1.57116,1.57156,1.69,1.69
2013.07.16 08:32:48.598,1.57127,1.57162,1.69,2.07
2013.07.16 08:32:48.718,1.57127,1.57162,1.69,2.07
2013.07.16 08:32:48.958,1.57132,1.57172,1.69,1.69
2013.07.16 08:32:49.138,1.57132,1.57171,1.69,2.44
2013.07.16 08:32:49.468,1.57131,1.57165,1.69,1.32
2013.07.16 08:32:49.708,1.57131,1.57165,1.69,1.32
2013.07.16 08:32:49.948,1.57135,1.57173,1.69,2.07
2013.07.16 08:32:50.748,1.57134,1.57168,1.69,1.32
2013.07.16 08:32:50.929,1.57134,1.57171,1.69,1.69
2013.07.16 08:32:50.990,1.57138,1.57172,1.32,1.69
2013.07.16 08:32:51.168,1.57136,1.57168,1.69,1.69
2013.07.16 08:32:51.408,1.57132,1.57168,1.69,1.32
2013.07.16 08:32:51.888,1.57137,1.57168,1.69,2.07
2013.07.16 08:32:52.943,1.57142,1.57167,1.69,1.32
2013.07.16 08:32:53.189,1.57137,1.57168,1.69,1.32
2013.07.16 08:32:53.428,1.57136,1.57164,1.69,1.32
2013.07.16 08:32:53.608,1.57142,1.5717,1.69,1.32
2013.07.16 08:32:53.848,1.57148,1.5718,1.69,1.69
2013.07.16 08:32:55.619,1.57148,1.57178,1.69,1.32
2013.07.16 08:32:56.861,1.5715,1.57178,1.69,1.32
2013.07.16 08:32:57.748,1.5715,1.57179,1.69,1.32
2013.07.16 08:32:58.288,1.57154,1.5718,1.69,1.32
2013.07.16 08:32:59.728,1.57157,1.57188,1.69,1.69
2013.07.16 08:33:00.388,1.57153,1.57187,1.69,1.69
2013.07.16 08:33:01.338,1.57156,1.57191,1.69,1.69
2013.07.16 08:33:01.628,1.5716,1.57193,1.69,2.07
2013.07.16 08:33:01.688,1.57163,1.57193,1.69,2.07
2013.07.16 08:33:02.831,1.57161,1.57195,2.44,1.69
2013.07.16 08:33:04.068,1.57163,1.57192,1.69,1.69
2013.07.16 08:33:04.189,1.57162,1.57192,1.69,1.69
2013.07.16 08:33:04.550,1.57163,1.57192,1.69,1.69
2013.07.16 08:33:05.568,1.57162,1.57192,1.69,1.69
2013.07.16 08:33:05.988,1.57158,1.57188,1.69,1.69
2013.07.16 08:33:06.530,1.57156,1.57186,1.69,1.69
2013.07.16 08:33:06.890,1.57157,1.57188,2.44,2.07
2013.07.16 08:33:06.948,1.57162,1.57188,1.69,2.07
2013.07.16 08:33:07.188,1.57161,1.57193,1.69,2.07
2013.07.16 08:33:08.237,1.57161,1.57189,1.69,1.32
2013.07.16 08:33:08.538,1.57157,1.5719,1.69,1.32
2013.07.16 08:33:08.838,1.57151,1.57186,3.19,1.69
2013.07.16 08:33:09.439,1.57155,1.5718,1.69,1.50
2013.07.16 08:33:09.679,1.57141,1.57179,2.44,2.07
2013.07.16 08:33:09.798,1.57141,1.57179,1.69,2.07
2013.07.16 08:33:10.168,1.5714,1.57174,1.69,1.69
2013.07.16 08:33:10.348,1.57137,1.57176,1.69,3.57
2013.07.16 08:33:10.471,1.57137,1.57172,1.69,2.44
2013.07.16 08:33:11.679,1.57131,1.57166,1.69,1.69
2013.07.16 08:33:12.898,1.57134,1.57168,1.69,1.32
2013.07.16 08:33:13.896,1.57132,1.57168,1.69,1.32
2013.07.16 08:33:14.208,1.57134,1.57166,1.69,2.07
2013.07.16 08:33:14.328,1.57136,1.57166,1.69,1.13
2013.07.16 08:33:14.688,1.57135,1.57169,1.69,1.69
2013.07.16 08:33:15.441,1.57131,1.57169,1.69,2.44
2013.07.16 08:33:15.498,1.5713,1.57167,1.69,1.69
2013.07.16 08:33:16.697,1.57131,1.57164,1.69,1.32
2013.07.16 08:33:17.239,1.57132,1.57164,1.69,1.32
2013.07.16 08:33:17.600,1.57131,1.57165,1.69,1.69
2013.07.16 08:33:18.939,1.57125,1.5716,1.69,1.69
2013.07.16 08:33:19.920,1.57129,1.57159,1.69,1.32
2013.07.16 08:33:20.458,1.57126,1.57158,1.69,1.32
2013.07.16 08:33:21.638,1.57119,1.57154,1.69,2.07
2013.07.16 08:33:21.758,1.57122,1.57157,1.69,1.32
2013.07.16 08:33:22.899,1.57124,1.57154,1.69,1.32
2013.07.16 08:33:23.818,1.57124,1.57153,1.69,1.32
2013.07.16 08:33:23.939,1.57124,1.57153,1.69,1.32
2013.07.16 08:33:24.178,1.57121,1.57157,1.69,1.32
2013.07.16 08:33:24.599,1.57125,1.57158,1.69,2.07
2013.07.16 08:33:25.139,1.57122,1.57155,1.69,2.44
2013.07.16 08:33:25.618,1.57117,1.57148,1.69,1.32
2013.07.16 08:33:26.399,1.57115,1.57144,1.69,1.13
2013.07.16 08:33:26.638,1.57111,1.57137,1.69,1.88
2013.07.16 08:33:26.759,1.57111,1.57142,1.69,2.82
2013.07.16 08:33:27.180,1.57108,1.57142,1.69,1.50
2013.07.16 08:33:27.266,1.5711,1.57143,2.07,1.32
2013.07.16 08:33:27.391,1.5711,1.57145,3.19,1.32
2013.07.16 08:33:27.458,1.57112,1.57147,1.69,1.32
2013.07.16 08:33:27.639,1.57112,1.57147,1.69,1.69
2013.07.16 08:33:27.819,1.57112,1.57144,1.69,1.69
2013.07.16 08:33:28.180,1.57111,1.57138,1.32,1.50
2013.07.16 08:33:28.359,1.57108,1.57138,1.32,1.69
2013.07.16 08:33:28.858,1.57105,1.57139,2.03,1.32
2013.07.16 08:33:29.848,1.57105,1.57133,1.69,1.32
2013.07.16 08:33:30.149,1.57103,1.57134,1.69,1.32
2013.07.16 08:33:30.391,1.57099,1.57134,2.07,1.32
2013.07.16 08:33:31.398,1.57099,1.57134,1.32,2.07
2013.07.16 08:33:34.278,1.57102,1.57135,1.69,2.07
2013.07.16 08:33:35.348,1.57102,1.57134,1.69,1.32
2013.07.16 08:33:35.888,1.57102,1.57134,1.69,1.32
2013.07.16 08:33:36.308,1.57106,1.57135,1.69,1.13
2013.07.16 08:33:37.020,1.57103,1.57132,1.69,1.50
2013.07.16 08:33:37.558,1.57099,1.57132,1.69,1.69
2013.07.16 08:33:37.678,1.57101,1.57124,1.32,1.13
2013.07.16 08:33:37.798,1.571,1.57124,1.32,1.13
2013.07.16 08:33:37.918,1.57101,1.57128,1.32,1.13
2013.07.16 08:33:38.098,1.57105,1.57128,1.69,1.13
2013.07.16 08:33:38.278,1.57107,1.57133,1.69,1.13
2013.07.16 08:33:38.465,1.57108,1.57138,1.69,1.69
2013.07.16 08:33:38.528,1.57112,1.57141,1.69,1.88
2013.07.16 08:33:38.888,1.57112,1.57141,1.69,1.88
2013.07.16 08:33:39.369,1.57121,1.57149,1.69,1.88
2013.07.16 08:33:39.428,1.57121,1.57149,1.69,1.13
2013.07.16 08:33:39.488,1.57127,1.57153,1.69,1.50
2013.07.16 08:33:39.609,1.57127,1.57154,1.69,1.13
2013.07.16 08:33:39.789,1.57141,1.57164,1.50,1.50
2013.07.16 08:33:39.910,1.57141,1.57164,2.44,1.50
2013.07.16 08:33:40.268,1.57163,1.57183,1.69,1.53
2013.07.16 08:33:40.328,1.57164,1.57188,1.69,1.28
2013.07.16 08:33:40.388,1.57161,1.57192,1.69,2.03
2013.07.16 08:33:40.448,1.57161,1.57192,1.69,1.88
2013.07.16 08:33:40.629,1.57162,1.57192,1.69,1.13
2013.07.16 08:33:40.688,1.57161,1.57194,1.69,1.32
2013.07.16 08:33:40.989,1.57158,1.57195,1.69,1.69
2013.07.16 08:33:42.437,1.57156,1.57193,1.69,1.32
2013.07.16 08:33:42.678,1.57151,1.57187,1.32,1.32
2013.07.16 08:33:42.738,1.57151,1.57187,1.32,1.32
2013.07.16 08:33:43.098,1.57141,1.57169,1.50,1.69
2013.07.16 08:33:43.218,1.57132,1.57169,1.69,1.69
2013.07.16 08:33:43.339,1.57131,1.57166,2.07,1.69
2013.07.16 08:33:43.459,1.57131,1.57163,1.32,1.69
2013.07.16 08:33:43.818,1.57113,1.5715,2.44,1.50
2013.07.16 08:33:43.939,1.57112,1.57146,1.50,1.69
2013.07.16 08:33:44.000,1.57107,1.57146,2.07,1.69
2013.07.16 08:33:44.119,1.57108,1.57146,1.32,1.69
2013.07.16 08:33:44.362,1.57113,1.57144,1.32,1.69
2013.07.16 08:33:44.781,1.57113,1.57147,1.69,1.69
2013.07.16 08:33:46.398,1.57111,1.5714,1.69,1.13
2013.07.16 08:33:46.518,1.57109,1.5714,1.69,1.32
2013.07.16 08:33:46.818,1.57114,1.5714,1.32,1.69
2013.07.16 08:33:46.998,1.57114,1.57139,1.32,1.69
2013.07.16 08:33:47.969,1.57113,1.57139,1.32,1.69
2013.07.16 08:33:49.668,1.57113,1.57144,1.32,1.69
2013.07.16 08:33:49.848,1.57117,1.57144,1.32,1.69
2013.07.16 08:33:50.398,1.57118,1.57144,1.32,1.69
2013.07.16 08:33:50.938,1.57118,1.57144,1.32,1.50
2013.07.16 08:33:51.629,1.57118,1.57144,1.32,1.50
2013.07.16 08:33:52.028,1.57117,1.57146,1.32,1.69
2013.07.16 08:33:52.269,1.57114,1.57146,1.69,1.32
2013.07.16 08:33:52.389,1.57119,1.57148,1.32,1.69
2013.07.16 08:33:52.838,1.57116,1.57146,1.69,1.69
2013.07.16 08:33:54.448,1.57114,1.57148,2.07,2.44
2013.07.16 08:33:54.688,1.57119,1.57148,2.44,1.69
2013.07.16 08:33:55.192,1.57119,1.57148,1.69,1.69
2013.07.16 08:33:55.368,1.57118,1.57148,1.32,1.69
2013.07.16 08:33:55.429,1.57116,1.57146,2.07,1.69
2013.07.16 08:33:55.489,1.57116,1.57146,1.32,1.69
2013.07.16 08:33:56.041,1.57114,1.57141,1.69,1.50
2013.07.16 08:33:56.101,1.57112,1.57141,2.44,1.50
2013.07.16 08:33:56.340,1.57112,1.57139,1.69,1.50
2013.07.16 08:33:56.579,1.57114,1.5714,1.69,1.50
2013.07.16 08:33:56.818,1.57119,1.57148,1.32,1.69
2013.07.16 08:33:57.238,1.57118,1.57148,1.32,1.69
2013.07.16 08:33:57.298,1.57117,1.57148,2.07,1.69
2013.07.16 08:33:57.819,1.57118,1.57148,1.32,1.69
2013.07.16 08:33:59.629,1.57124,1.57149,3.62,1.69
2013.07.16 08:33:59.809,1.57147,1.57168,1.13,1.50
2013.07.16 08:33:59.928,1.57145,1.57177,1.32,1.69
2013.07.16 08:34:00.169,1.57145,1.57177,1.69,1.69
2013.07.16 08:34:00.348,1.57149,1.57177,1.32,1.50
2013.07.16 08:34:00.528,1.57147,1.57177,1.32,1.69
2013.07.16 08:34:00.828,1.57149,1.57177,1.32,1.50
2013.07.16 08:34:01.438,1.57148,1.57177,1.32,1.69
2013.07.16 08:34:01.558,1.57147,1.5718,1.32,2.44
2013.07.16 08:34:02.908,1.57151,1.5718,1.32,1.69
2013.07.16 08:34:03.147,1.57151,1.57181,1.32,1.69
2013.07.16 08:34:03.968,1.57147,1.57181,1.32,2.07
2013.07.16 08:34:04.448,1.57138,1.57173,1.32,1.32
2013.07.16 08:34:04.568,1.57137,1.5717,1.32,1.69
2013.07.16 08:34:04.628,1.57145,1.57173,1.13,2.07
2013.07.16 08:34:04.748,1.57152,1.57182,1.13,1.32
2013.07.16 08:34:04.988,1.57157,1.57182,1.13,1.32
2013.07.16 08:34:06.268,1.57161,1.57186,1.13,1.69
2013.07.16 08:34:06.328,1.57161,1.57189,1.13,1.69
2013.07.16 08:34:06.388,1.57157,1.57189,1.32,1.69
2013.07.16 08:34:06.508,1.57156,1.57187,1.32,1.32
2013.07.16 08:34:06.569,1.57156,1.57189,1.32,2.07
2013.07.16 08:34:06.748,1.57171,1.57194,1.13,1.69
2013.07.16 08:34:06.808,1.57171,1.57196,1.13,1.69
2013.07.16 08:34:06.928,1.57171,1.57194,1.13,1.69
2013.07.16 08:34:07.048,1.57158,1.57194,1.32,2.44
2013.07.16 08:34:07.108,1.57157,1.5719,1.32,1.69
2013.07.16 08:34:07.408,1.5716,1.57194,1.32,2.44
2013.07.16 08:34:07.709,1.57157,1.57192,1.32,1.69
2013.07.16 08:34:08.248,1.57157,1.57188,1.32,1.69
2013.07.16 08:34:08.779,1.57157,1.57188,1.32,1.69
2013.07.16 08:34:09.288,1.57157,1.57191,2.07,1.69
2013.07.16 08:34:09.408,1.57157,1.57191,2.07,1.69
2013.07.16 08:34:09.528,1.57156,1.57188,1.32,1.32
2013.07.16 08:34:09.888,1.57156,1.57184,1.13,1.69
2013.07.16 08:34:10.369,1.57152,1.57186,2.07,1.69
2013.07.16 08:34:10.548,1.57152,1.57183,1.32,1.69
2013.07.16 08:34:12.698,1.57156,1.57183,1.13,1.69
2013.07.16 08:34:12.818,1.57156,1.57185,1.32,1.69
2013.07.16 08:34:12.938,1.57151,1.57185,2.07,1.69
2013.07.16 08:34:13.058,1.57151,1.57182,1.32,1.69
2013.07.16 08:34:13.118,1.57149,1.57182,1.32,1.69
2013.07.16 08:34:13.238,1.57148,1.5718,1.69,1.32
2013.07.16 08:34:13.803,1.57147,1.57181,1.32,1.32
2013.07.16 08:34:14.268,1.57146,1.57179,1.32,1.69
2013.07.16 08:34:14.628,1.57145,1.57179,2.07,1.69
2013.07.16 08:34:14.749,1.57152,1.57179,1.13,1.69
2013.07.16 08:34:15.289,1.57152,1.57179,1.13,1.69
2013.07.16 08:34:15.708,1.57145,1.57179,1.32,1.69
2013.07.16 08:34:15.769,1.57145,1.57179,1.32,1.69
2013.07.16 08:34:15.949,1.57142,1.57175,1.32,1.69
2013.07.16 08:34:16.488,1.57142,1.57175,1.32,1.69
2013.07.16 08:34:16.850,1.57144,1.57176,1.69,1.69
2013.07.16 08:34:16.909,1.57146,1.57178,1.32,2.82
2013.07.16 08:34:16.968,1.57147,1.57178,1.69,1.69
2013.07.16 08:34:17.090,1.5715,1.57178,1.69,1.13
2013.07.16 08:34:17.149,1.5715,1.57183,1.69,1.32
2013.07.16 08:34:17.609,1.57158,1.57183,1.69,1.13
2013.07.16 08:34:18.428,1.57151,1.57188,2.07,1.69
2013.07.16 08:34:18.548,1.57152,1.57186,1.69,1.69
2013.07.16 08:34:18.728,1.57152,1.57188,1.69,1.69
2013.07.16 08:34:19.028,1.57155,1.57188,1.69,1.69
2013.07.16 08:34:19.268,1.57154,1.57189,1.32,1.69
2013.07.16 08:34:19.328,1.57155,1.57189,1.69,1.69
2013.07.16 08:34:19.508,1.57155,1.57189,2.44,1.69
2013.07.16 08:34:19.928,1.57155,1.57189,1.69,1.69
2013.07.16 08:34:21.369,1.57159,1.57192,1.69,1.69
2013.07.16 08:34:21.788,1.57162,1.57194,1.32,1.69
2013.07.16 08:34:21.938,1.57161,1.57194,1.32,1.69
2013.07.16 08:34:23.939,1.57163,1.57194,1.32,1.69
2013.07.16 08:34:25.278,1.57158,1.57191,1.32,1.69
2013.07.16 08:34:25.338,1.57158,1.57191,1.32,1.69
2013.07.16 08:34:25.869,1.57156,1.57191,1.69,1.69
2013.07.16 08:34:25.931,1.57156,1.57191,1.69,1.69
2013.07.16 08:34:26.051,1.57154,1.57191,1.32,1.69
2013.07.16 08:34:26.289,1.57161,1.57197,1.69,1.69
2013.07.16 08:34:26.409,1.57159,1.57197,1.32,1.69
2013.07.16 08:34:27.019,1.57156,1.57193,1.69,1.69
2013.07.16 08:34:28.234,1.57155,1.57191,1.32,1.69
2013.07.16 08:34:28.418,1.57155,1.57191,1.69,1.69
2013.07.16 08:34:30.228,1.57156,1.57192,2.44,1.69
2013.07.16 08:34:34.475,1.57156,1.5719,2.82,1.69
2013.07.16 08:34:36.418,1.5716,1.57194,1.32,1.69
2013.07.16 08:34:36.478,1.5716,1.57194,2.07,1.69
2013.07.16 08:34:37.001,1.57163,1.57194,1.69,1.69
2013.07.16 08:34:37.131,1.57161,1.57194,1.32,1.69
2013.07.16 08:34:37.310,1.57161,1.57192,1.32,1.69
2013.07.16 08:34:37.369,1.5716,1.57189,1.32,1.69
2013.07.16 08:34:37.730,1.57153,1.57187,1.69,1.69
2013.07.16 08:34:37.790,1.57152,1.57187,3.19,1.69
2013.07.16 08:34:37.969,1.57154,1.57187,1.69,1.69
2013.07.16 08:34:38.149,1.57154,1.57187,1.69,1.69
2013.07.16 08:34:38.269,1.57156,1.57187,1.32,1.69
2013.07.16 08:34:38.570,1.57153,1.57187,1.32,1.69
2013.07.16 08:34:38.629,1.57153,1.57187,1.32,1.69
2013.07.16 08:34:39.158,1.57152,1.57186,2.07,1.69
2013.07.16 08:34:39.638,1.57152,1.57186,1.32,1.69
2013.07.16 08:34:40.119,1.57152,1.57186,2.07,1.69
2013.07.16 08:34:43.708,1.57151,1.57186,1.69,1.69
2013.07.16 08:34:44.478,1.57153,1.57189,1.69,1.69
2013.07.16 08:34:45.678,1.57154,1.57189,1.69,1.69
2013.07.16 08:34:45.798,1.57156,1.57195,1.69,1.69
2013.07.16 08:34:46.038,1.57159,1.57195,1.69,1.69
2013.07.16 08:34:46.390,1.57156,1.57195,2.44,1.69
2013.07.16 08:34:47.528,1.57159,1.57193,1.32,1.69
2013.07.16 08:34:49.459,1.57161,1.57195,1.32,2.44
2013.07.16 08:34:51.448,1.57165,1.57195,1.32,1.69
2013.07.16 08:34:51.928,1.57163,1.57198,1.32,2.44
2013.07.16 08:34:52.168,1.57166,1.57198,1.32,1.69
2013.07.16 08:34:52.408,1.57166,1.57202,3.94,1.69
2013.07.16 08:34:52.718,1.57172,1.57207,1.69,1.69
2013.07.16 08:34:53.408,1.57174,1.5721,1.69,2.82
2013.07.16 08:34:54.518,1.57177,1.57212,1.69,1.69
2013.07.16 08:34:55.108,1.57178,1.57212,1.69,1.69
2013.07.16 08:34:55.409,1.57181,1.57215,1.69,1.69
2013.07.16 08:34:56.008,1.57179,1.57211,1.32,2.07
2013.07.16 08:34:56.249,1.57182,1.57211,1.32,1.32
2013.07.16 08:34:56.431,1.57182,1.57214,1.32,1.69
2013.07.16 08:34:57.268,1.57185,1.57218,2.07,1.69
2013.07.16 08:34:58.373,1.57187,1.57224,1.32,1.69
2013.07.16 08:34:58.501,1.57192,1.57225,1.69,3.19
2013.07.16 08:34:58.561,1.57194,1.57225,1.69,1.50
2013.07.16 08:34:58.680,1.57195,1.57232,1.32,1.69
2013.07.16 08:34:59.121,1.57199,1.57233,1.69,1.69
2013.07.16 08:34:59.449,1.57201,1.57236,2.44,1.69
2013.07.16 08:34:59.868,1.57201,1.57236,2.44,1.69
2013.07.16 08:35:01.169,1.57201,1.57236,1.32,1.69
2013.07.16 08:35:01.349,1.572,1.57234,2.07,2.44
2013.07.16 08:35:01.409,1.57201,1.5723,1.32,1.69
2013.07.16 08:35:01.949,1.57196,1.5723,1.69,1.69
2013.07.16 08:35:03.179,1.57198,1.57229,2.07,1.69
2013.07.16 08:35:03.481,1.57199,1.57229,1.32,1.69
2013.07.16 08:35:04.053,1.57198,1.57226,1.32,1.69
2013.07.16 08:35:04.129,1.57197,1.57226,1.32,1.69
2013.07.16 08:35:04.378,1.57192,1.57226,1.32,1.69
2013.07.16 08:35:04.740,1.57191,1.57226,3.19,1.69
2013.07.16 08:35:04.860,1.57191,1.57226,3.19,1.69
2013.07.16 08:35:04.980,1.5719,1.57226,1.69,1.69
2013.07.16 08:35:05.099,1.5719,1.57223,1.69,1.69
2013.07.16 08:35:05.698,1.57186,1.5722,1.69,1.69
2013.07.16 08:35:05.759,1.57185,1.5722,1.69,2.44
2013.07.16 08:35:05.999,1.57183,1.57216,1.69,1.69
2013.07.16 08:35:06.059,1.57181,1.57216,1.69,1.69
2013.07.16 08:35:06.118,1.57181,1.57216,1.69,1.69
2013.07.16 08:35:06.239,1.57178,1.57214,2.07,1.69
2013.07.16 08:35:06.418,1.57177,1.57214,1.69,1.69
2013.07.16 08:35:06.719,1.57181,1.57216,1.69,1.69
2013.07.16 08:35:07.023,1.5719,1.57217,1.88,1.69
2013.07.16 08:35:07.092,1.57191,1.57225,1.69,1.69
2013.07.16 08:35:07.340,1.57192,1.57229,1.69,1.69
2013.07.16 08:35:07.400,1.57197,1.57233,1.69,1.69
2013.07.16 08:35:10.570,1.57203,1.57233,1.13,1.69
2013.07.16 08:35:10.689,1.572,1.57231,1.32,1.69
2013.07.16 08:35:11.078,1.57195,1.57233,2.44,1.69
2013.07.16 08:35:11.438,1.57198,1.57231,1.32,1.69
2013.07.16 08:35:12.438,1.57195,1.57231,2.44,2.44
2013.07.16 08:35:12.501,1.57195,1.57226,1.69,1.69
2013.07.16 08:35:13.038,1.5719,1.57223,1.69,1.69
2013.07.16 08:35:14.968,1.57186,1.57217,1.69,1.69
2013.07.16 08:35:15.530,1.5718,1.57215,1.69,1.69
2013.07.16 08:35:16.870,1.57181,1.57215,1.32,1.69
2013.07.16 08:35:16.990,1.57181,1.57215,1.32,1.69
2013.07.16 08:35:19.616,1.5718,1.57215,1.69,1.69
2013.07.16 08:35:20.148,1.57175,1.57207,2.07,1.32
2013.07.16 08:35:20.389,1.57172,1.57203,1.69,1.32
2013.07.16 08:35:20.448,1.57172,1.57203,1.69,1.32
2013.07.16 08:35:22.102,1.57168,1.57201,2.07,1.32
2013.07.16 08:35:22.279,1.57168,1.57201,1.69,1.32
2013.07.16 08:35:22.948,1.57167,1.57197,2.07,1.69
2013.07.16 08:35:23.310,1.57163,1.57194,1.69,1.32
2013.07.16 08:35:23.669,1.57159,1.57189,1.32,1.32
2013.07.16 08:35:24.209,1.57155,1.57189,1.69,1.32
2013.07.16 08:35:24.629,1.57155,1.5719,1.69,1.32
2013.07.16 08:35:24.688,1.57155,1.57193,2.44,1.32
2013.07.16 08:35:24.808,1.57158,1.57193,1.69,2.07
2013.07.16 08:35:24.929,1.57156,1.57193,2.44,2.07
2013.07.16 08:35:25.108,1.57154,1.57186,1.32,1.32
2013.07.16 08:35:25.168,1.57154,1.57188,1.32,1.32
2013.07.16 08:35:25.229,1.57164,1.57197,1.13,1.32
2013.07.16 08:35:25.349,1.57165,1.57197,1.13,1.69
2013.07.16 08:35:25.408,1.57162,1.57197,1.88,2.07
2013.07.16 08:35:25.528,1.57161,1.57193,2.44,1.32
2013.07.16 08:35:25.588,1.57161,1.57193,1.69,2.07
2013.07.16 08:35:25.648,1.57161,1.57193,1.69,2.07
2013.07.16 08:35:27.568,1.5716,1.57193,1.69,1.32
2013.07.16 08:35:27.629,1.57162,1.57194,1.69,1.32
2013.07.16 08:35:27.988,1.57162,1.57193,1.69,1.32
2013.07.16 08:35:28.316,1.5716,1.57193,1.69,1.32
2013.07.16 08:35:28.440,1.57158,1.57193,2.44,1.32
2013.07.16 08:35:28.500,1.57158,1.57191,1.69,1.69
2013.07.16 08:35:28.560,1.57153,1.57173,1.69,1.13
2013.07.16 08:35:28.620,1.57154,1.57178,1.69,1.47
2013.07.16 08:35:28.681,1.5715,1.57169,1.69,1.50
2013.07.16 08:35:28.740,1.57142,1.57169,1.69,1.50
2013.07.16 08:35:28.859,1.57141,1.57166,1.50,1.13
2013.07.16 08:35:28.982,1.57134,1.5717,1.69,1.32
2013.07.16 08:35:29.053,1.57133,1.57169,2.44,1.69
2013.07.16 08:35:29.119,1.57136,1.57171,2.44,1.69
2013.07.16 08:35:29.180,1.57136,1.57171,2.44,1.69
2013.07.16 08:35:29.360,1.57136,1.57171,2.44,1.32
2013.07.16 08:35:29.479,1.57136,1.57171,1.69,2.07
2013.07.16 08:35:29.899,1.57134,1.57167,1.69,1.69
2013.07.16 08:35:30.258,1.57132,1.57164,1.32,2.07
2013.07.16 08:35:30.439,1.57129,1.57159,1.32,1.32
2013.07.16 08:35:30.499,1.57127,1.57159,1.32,1.32
2013.07.16 08:35:30.618,1.57126,1.57158,1.69,1.32
2013.07.16 08:35:30.860,1.57124,1.57158,1.32,1.69
2013.07.16 08:35:31.099,1.5712,1.57154,1.32,1.69
2013.07.16 08:35:31.220,1.57117,1.57148,1.69,1.13
2013.07.16 08:35:31.280,1.57116,1.57146,1.32,1.13
2013.07.16 08:35:31.400,1.57114,1.57145,1.69,1.69
2013.07.16 08:35:31.759,1.57106,1.5714,1.69,1.13
2013.07.16 08:35:31.818,1.57106,1.5714,1.69,1.13
2013.07.16 08:35:31.939,1.57111,1.57142,1.69,1.32
2013.07.16 08:35:32.611,1.57112,1.57147,1.69,1.32
2013.07.16 08:35:32.851,1.57118,1.57144,1.69,1.13
2013.07.16 08:35:32.912,1.57121,1.5715,1.69,1.13
2013.07.16 08:35:32.969,1.57123,1.5715,1.69,1.13
2013.07.16 08:35:33.030,1.57127,1.5715,1.69,1.13
2013.07.16 08:35:33.422,1.57127,1.57159,1.69,1.32
2013.07.16 08:35:33.495,1.57131,1.57165,1.69,2.07
2013.07.16 08:35:33.621,1.57131,1.57165,1.69,1.88
2013.07.16 08:35:33.680,1.57132,1.57165,1.69,1.88
2013.07.16 08:35:33.860,1.57132,1.57169,1.32,1.32
2013.07.16 08:35:33.979,1.57131,1.57159,2.07,1.13
2013.07.16 08:35:34.159,1.57133,1.57164,1.32,1.32
2013.07.16 08:35:34.279,1.57133,1.57167,1.32,2.07
2013.07.16 08:35:34.700,1.57133,1.57158,1.32,1.13
2013.07.16 08:35:34.962,1.57133,1.57166,1.32,1.69
2013.07.16 08:35:35.689,1.57129,1.57156,1.32,1.13
2013.07.16 08:35:35.808,1.57126,1.57156,1.69,1.13
2013.07.16 08:35:35.868,1.57126,1.57156,2.07,1.13
2013.07.16 08:35:36.228,1.57125,1.57156,1.32,1.50
2013.07.16 08:35:36.349,1.57128,1.57159,1.69,1.69
2013.07.16 08:35:36.692,1.57125,1.57159,2.07,1.32
2013.07.16 08:35:37.048,1.57123,1.57152,1.69,1.13
2013.07.16 08:35:37.229,1.57123,1.57153,2.44,1.13
2013.07.16 08:35:37.409,1.57127,1.57156,1.69,1.13
2013.07.16 08:35:37.529,1.57124,1.57151,1.69,1.13
2013.07.16 08:35:38.269,1.57124,1.57154,1.69,1.32
2013.07.16 08:35:38.388,1.57128,1.57155,1.28,1.32
2013.07.16 08:35:38.449,1.5713,1.57165,3.27,1.13
2013.07.16 08:35:38.629,1.57131,1.57164,1.69,1.28
2013.07.16 08:35:38.749,1.57131,1.57154,1.69,1.13
2013.07.16 08:35:39.049,1.57131,1.57158,1.69,1.13
2013.07.16 08:35:39.109,1.57131,1.5716,1.69,1.13
2013.07.16 08:35:39.229,1.57131,1.5716,1.69,1.69
2013.07.16 08:35:39.349,1.57131,1.57158,1.69,1.13
2013.07.16 08:35:39.469,1.57132,1.57158,1.69,1.13
2013.07.16 08:35:40.479,1.5713,1.5716,1.69,1.13
2013.07.16 08:35:41.031,1.5713,1.5716,2.44,1.13
2013.07.16 08:35:41.688,1.57132,1.57161,1.69,1.13
2013.07.16 08:35:41.928,1.57131,1.57155,1.69,1.13
2013.07.16 08:35:42.229,1.57135,1.57164,1.69,1.32
2013.07.16 08:35:42.409,1.57132,1.57161,1.69,1.13
2013.07.16 08:35:42.888,1.57131,1.57155,1.69,1.13
2013.07.16 08:35:43.918,1.57129,1.57155,1.69,1.13
2013.07.16 08:35:44.219,1.57131,1.57154,1.69,1.13
2013.07.16 08:35:45.729,1.57129,1.57154,1.69,1.13
2013.07.16 08:35:46.209,1.57128,1.57149,1.69,1.13
2013.07.16 08:35:47.050,1.57121,1.57149,2.44,1.13
2013.07.16 08:35:47.230,1.57121,1.57149,1.32,1.13
2013.07.16 08:35:47.709,1.57117,1.57149,1.69,1.32
2013.07.16 08:35:48.249,1.57116,1.57151,1.69,2.82
2013.07.16 08:35:49.888,1.57117,1.57152,1.69,1.32
2013.07.16 08:35:50.368,1.57117,1.57148,1.69,1.32
2013.07.16 08:35:50.939,1.57122,1.57154,1.69,1.13
2013.07.16 08:35:51.059,1.57126,1.57157,1.50,1.32
2013.07.16 08:35:51.120,1.57126,1.57157,2.44,1.13
2013.07.16 08:35:51.479,1.57116,1.57147,1.69,1.13
2013.07.16 08:35:51.919,1.57117,1.57143,1.69,1.13
2013.07.16 08:35:52.051,1.57117,1.57146,1.69,1.13
2013.07.16 08:35:54.506,1.57117,1.57148,2.44,1.32
2013.07.16 08:35:55.828,1.57121,1.57154,1.69,1.69
2013.07.16 08:35:55.948,1.57126,1.57157,1.69,2.07
2013.07.16 08:35:56.189,1.57123,1.57153,1.69,1.32
2013.07.16 08:35:56.249,1.57121,1.57153,1.69,1.32
2013.07.16 08:35:56.369,1.57118,1.57151,2.82,1.69
2013.07.16 08:35:56.550,1.57119,1.57153,1.69,1.32
2013.07.16 08:35:57.740,1.57119,1.57154,1.69,1.32
2013.07.16 08:35:58.174,1.57122,1.57153,1.69,1.32
2013.07.16 08:35:59.529,1.57122,1.57154,2.07,1.32
2013.07.16 08:36:00.082,1.57126,1.57157,1.69,1.32
2013.07.16 08:36:00.319,1.57124,1.57157,1.32,1.32
2013.07.16 08:36:01.761,1.57122,1.57154,1.32,1.32
2013.07.16 08:36:01.938,1.57124,1.57154,1.69,1.32
2013.07.16 08:36:02.118,1.57126,1.57159,1.69,1.69
2013.07.16 08:36:02.469,1.57122,1.57158,2.44,1.32
2013.07.16 08:36:02.734,1.57126,1.57158,1.69,1.32
2013.07.16 08:36:02.860,1.57128,1.57161,1.69,1.69
2013.07.16 08:36:03.854,1.57128,1.57161,1.69,1.69
2013.07.16 08:36:04.177,1.57128,1.57161,1.69,1.69
2013.07.16 08:36:04.299,1.57127,1.57161,2.07,1.69
2013.07.16 08:36:04.838,1.57126,1.57162,1.69,2.44
2013.07.16 08:36:05.199,1.57129,1.57162,1.69,2.44
2013.07.16 08:36:06.748,1.57129,1.57164,1.69,2.07
2013.07.16 08:36:06.869,1.57129,1.57164,1.69,1.69
2013.07.16 08:36:07.430,1.57122,1.57156,1.69,1.50
2013.07.16 08:36:07.548,1.57116,1.57152,3.19,1.13
2013.07.16 08:36:07.669,1.57119,1.57152,1.69,1.32
2013.07.16 08:36:07.908,1.57116,1.57153,1.69,1.69
2013.07.16 08:36:07.968,1.57116,1.57151,1.69,1.69
2013.07.16 08:36:08.029,1.57116,1.57151,1.69,2.07
2013.07.16 08:36:08.151,1.57116,1.57151,1.69,1.69
2013.07.16 08:36:08.388,1.57116,1.57151,2.44,1.69
2013.07.16 08:36:09.389,1.57112,1.57148,2.44,1.32
2013.07.16 08:36:09.689,1.57116,1.57147,1.69,1.32
2013.07.16 08:36:10.418,1.57119,1.5715,1.69,1.32
2013.07.16 08:36:12.838,1.5712,1.57151,1.69,1.32
2013.07.16 08:36:13.196,1.57116,1.57151,1.69,2.07
2013.07.16 08:36:13.266,1.57109,1.57147,1.92,1.69
2013.07.16 08:36:13.449,1.57112,1.57144,1.69,1.32
2013.07.16 08:36:13.527,1.57112,1.57144,1.69,1.32
2013.07.16 08:36:13.650,1.57108,1.57143,1.69,1.69
2013.07.16 08:36:15.340,1.57106,1.5714,1.69,2.07
2013.07.16 08:36:15.399,1.57104,1.5714,1.69,1.32
2013.07.16 08:36:15.579,1.57101,1.57134,1.69,1.69
2013.07.16 08:36:15.640,1.57096,1.57129,1.92,1.69
2013.07.16 08:36:16.000,1.57082,1.57105,1.13,1.50
2013.07.16 08:36:16.120,1.57082,1.57103,1.50,1.13
2013.07.16 08:36:16.179,1.57077,1.57104,1.13,1.50
2013.07.16 08:36:16.728,1.57082,1.57112,1.69,1.32
2013.07.16 08:36:17.929,1.57077,1.57105,1.69,1.13
2013.07.16 08:36:19.829,1.57077,1.57105,2.07,1.13
2013.07.16 08:36:20.068,1.57076,1.57106,1.69,1.32
2013.07.16 08:36:22.139,1.57075,1.57105,1.32,1.32
2013.07.16 08:36:22.199,1.57074,1.57105,1.32,1.32
2013.07.16 08:36:22.560,1.57071,1.57102,1.69,1.32
2013.07.16 08:36:22.681,1.57071,1.57102,1.69,1.32
2013.07.16 08:36:23.419,1.57071,1.57104,2.07,1.69
2013.07.16 08:36:26.148,1.57072,1.57101,1.32,1.32
2013.07.16 08:36:27.159,1.57074,1.57108,1.32,1.69
2013.07.16 08:36:27.219,1.57076,1.57108,1.32,1.69
2013.07.16 08:36:27.461,1.57075,1.57108,1.32,1.69
2013.07.16 08:36:29.130,1.57076,1.57109,1.69,1.69
2013.07.16 08:36:30.354,1.57073,1.57108,1.32,1.69
2013.07.16 08:36:30.519,1.57073,1.57108,1.32,2.44
2013.07.16 08:36:30.690,1.57073,1.57108,2.07,2.44
2013.07.16 08:36:30.810,1.57073,1.57108,1.32,2.44
2013.07.16 08:36:31.221,1.57073,1.57108,2.07,1.69
2013.07.16 08:36:31.683,1.57073,1.57108,1.32,1.69
2013.07.16 08:36:36.589,1.57077,1.57111,1.69,1.69
2013.07.16 08:36:36.649,1.57077,1.57111,1.69,1.69
2013.07.16 08:36:36.770,1.57082,1.57115,1.69,2.44
2013.07.16 08:36:36.950,1.57077,1.57115,1.32,1.69
2013.07.16 08:36:37.129,1.57079,1.57112,1.69,2.07
2013.07.16 08:36:37.309,1.57084,1.57119,1.69,1.69
2013.07.16 08:36:38.118,1.57082,1.57119,1.69,1.69
2013.07.16 08:36:38.605,1.57084,1.57119,1.69,2.82
2013.07.16 08:36:38.729,1.57082,1.57119,1.69,2.44
2013.07.16 08:36:39.669,1.57079,1.57117,1.32,1.69
2013.07.16 08:36:39.869,1.57081,1.57117,1.69,1.69
2013.07.16 08:36:40.115,1.57081,1.57117,1.69,1.69
2013.07.16 08:36:42.423,1.57081,1.57117,1.69,1.69
2013.07.16 08:36:43.399,1.57082,1.57117,1.69,2.07
2013.07.16 08:36:44.069,1.57084,1.57119,1.69,1.69
2013.07.16 08:36:45.080,1.57087,1.5712,1.69,2.07
2013.07.16 08:36:46.068,1.57087,1.57124,1.69,1.69
2013.07.16 08:36:46.428,1.57091,1.57124,2.07,1.69
2013.07.16 08:36:46.488,1.57092,1.57127,1.32,1.69
2013.07.16 08:36:46.789,1.57095,1.57128,1.69,1.69
2013.07.16 08:36:47.329,1.57095,1.57131,1.69,1.69
2013.07.16 08:36:47.390,1.57102,1.57134,1.69,1.69
2013.07.16 08:36:47.511,1.57106,1.57134,1.69,1.32
2013.07.16 08:36:47.809,1.57111,1.57146,1.69,1.69
2013.07.16 08:36:47.929,1.57116,1.57146,1.69,1.69
2013.07.16 08:36:48.289,1.57116,1.5715,1.69,1.69
2013.07.16 08:36:49.499,1.57122,1.57155,1.69,1.69
2013.07.16 08:36:49.680,1.57122,1.57155,1.69,1.69
2013.07.16 08:36:51.852,1.57122,1.57157,1.69,1.69
2013.07.16 08:36:52.449,1.57126,1.57157,1.69,1.69
2013.07.16 08:36:52.510,1.57129,1.57157,1.69,1.69
2013.07.16 08:36:52.868,1.57126,1.57157,1.69,1.69
2013.07.16 08:36:52.928,1.57121,1.57157,1.69,1.69
2013.07.16 08:36:53.171,1.57124,1.57158,1.32,1.69
2013.07.16 08:36:53.289,1.57127,1.57159,1.69,1.69
2013.07.16 08:36:53.409,1.57126,1.5716,1.69,1.69
2013.07.16 08:36:57.818,1.57124,1.57158,2.07,1.69
2013.07.16 08:36:59.889,1.57123,1.57158,1.69,1.69
2013.07.16 08:37:00.168,1.57124,1.57158,1.69,1.69
2013.07.16 08:37:00.439,1.57124,1.57158,1.69,1.69
2013.07.16 08:37:01.159,1.57123,1.57154,1.69,1.69
2013.07.16 08:37:02.801,1.57121,1.57154,2.07,1.69
2013.07.16 08:37:03.430,1.57123,1.57154,1.32,1.69
2013.07.16 08:37:04.130,1.57122,1.57154,1.32,1.69
2013.07.16 08:37:05.891,1.57122,1.57154,1.32,1.69
2013.07.16 08:37:06.128,1.57127,1.5716,1.69,1.69
2013.07.16 08:37:06.190,1.57123,1.5716,1.32,1.69
2013.07.16 08:37:06.309,1.57122,1.57157,2.07,1.69
2013.07.16 08:37:06.608,1.57123,1.57157,1.32,1.69
2013.07.16 08:37:10.615,1.57122,1.57157,2.07,1.69
2013.07.16 08:37:10.730,1.57123,1.57157,1.32,1.69
2013.07.16 08:37:10.919,1.57122,1.57157,1.32,1.69
2013.07.16 08:37:10.979,1.57123,1.57157,1.32,1.69
2013.07.16 08:37:11.129,1.57122,1.57157,2.07,1.69
2013.07.16 08:37:11.190,1.57123,1.57157,1.32,1.69
2013.07.16 08:37:15.631,1.57121,1.57155,1.32,1.69
2013.07.16 08:37:18.449,1.57121,1.57155,1.32,1.69
2013.07.16 08:37:19.170,1.57121,1.57155,1.32,1.69
2013.07.16 08:37:20.419,1.57119,1.5715,1.69,1.69
2013.07.16 08:37:23.939,1.57116,1.57145,1.50,1.69
2013.07.16 08:37:24.000,1.57112,1.57145,2.07,1.69
2013.07.16 08:37:24.119,1.57116,1.57141,1.50,1.69
2013.07.16 08:37:24.239,1.57107,1.57137,1.69,1.69
2013.07.16 08:37:24.542,1.57107,1.57137,1.69,1.69
2013.07.16 08:37:25.079,1.57104,1.57137,1.69,1.69
2013.07.16 08:37:25.379,1.57104,1.57139,1.69,1.69
2013.07.16 08:37:26.499,1.57103,1.57134,1.69,1.69
2013.07.16 08:37:28.519,1.57105,1.57138,1.69,1.69
2013.07.16 08:37:31.020,1.57106,1.57143,1.69,1.69
2013.07.16 08:37:32.439,1.57109,1.57143,1.32,1.69
2013.07.16 08:37:33.159,1.57112,1.57143,1.32,1.69
2013.07.16 08:37:33.639,1.57114,1.57147,1.69,1.69
2013.07.16 08:37:33.880,1.57112,1.57146,1.69,2.44
2013.07.16 08:37:33.940,1.57111,1.57142,1.69,1.69
2013.07.16 08:37:34.002,1.57111,1.57142,1.32,1.69
2013.07.16 08:37:35.839,1.57106,1.57138,1.69,1.69
2013.07.16 08:37:36.198,1.57105,1.57137,1.69,1.69
2013.07.16 08:37:36.728,1.57105,1.57137,1.69,2.44
2013.07.16 08:37:37.878,1.57105,1.57137,1.69,1.69
2013.07.16 08:37:39.539,1.57105,1.57139,2.44,1.69
2013.07.16 08:37:40.314,1.57106,1.57139,1.32,1.69
2013.07.16 08:37:40.569,1.57106,1.57139,1.32,1.69
2013.07.16 08:37:43.053,1.57108,1.57142,1.69,1.69
2013.07.16 08:37:43.240,1.57111,1.57145,1.69,1.69
2013.07.16 08:37:43.300,1.57115,1.57148,1.69,1.69
2013.07.16 08:37:43.481,1.57114,1.57149,2.44,1.69
2013.07.16 08:37:43.660,1.57114,1.57147,1.69,1.69
2013.07.16 08:37:43.779,1.57112,1.57143,1.13,1.69
2013.07.16 08:37:44.080,1.57097,1.57132,1.69,1.69
2013.07.16 08:37:44.440,1.57094,1.57127,1.69,1.69
2013.07.16 08:37:44.799,1.57097,1.57131,1.69,1.69
2013.07.16 08:37:45.679,1.57099,1.57128,1.32,1.69
2013.07.16 08:37:46.017,1.57097,1.57128,1.32,1.69
2013.07.16 08:37:46.080,1.57099,1.57128,1.32,1.69
2013.07.16 08:37:47.688,1.57097,1.57128,1.32,1.69
2013.07.16 08:37:47.988,1.57099,1.57128,1.32,1.69
2013.07.16 08:37:48.048,1.571,1.57128,1.69,1.69
2013.07.16 08:37:48.229,1.571,1.57129,1.69,1.69
2013.07.16 08:37:48.349,1.57102,1.57136,1.32,1.69
2013.07.16 08:37:48.469,1.57107,1.57139,1.69,1.69
2013.07.16 08:37:48.960,1.57111,1.57145,1.69,1.69
2013.07.16 08:37:49.379,1.57111,1.57145,2.44,1.69
2013.07.16 08:37:49.499,1.57112,1.57143,1.69,1.69
2013.07.16 08:37:49.559,1.57112,1.57142,1.69,1.69
2013.07.16 08:37:49.619,1.57108,1.57142,2.07,2.07
2013.07.16 08:37:49.920,1.57107,1.5714,1.69,1.69
2013.07.16 08:37:49.980,1.5711,1.57141,1.69,1.32
2013.07.16 08:37:50.101,1.5711,1.57146,1.69,1.69
2013.07.16 08:37:50.159,1.57114,1.57149,1.69,1.69
2013.07.16 08:37:51.342,1.57114,1.5715,1.69,2.07
2013.07.16 08:37:51.671,1.57114,1.5715,1.69,2.07
2013.07.16 08:37:52.628,1.57118,1.5715,1.69,1.69
2013.07.16 08:37:54.088,1.57119,1.57152,1.69,2.07
2013.07.16 08:37:57.191,1.57122,1.57152,1.69,1.69
2013.07.16 08:37:57.718,1.57124,1.57152,1.69,1.69
2013.07.16 08:37:57.899,1.57121,1.57152,1.69,1.69
2013.07.16 08:37:58.261,1.57119,1.57152,2.07,1.69
2013.07.16 08:37:58.840,1.57119,1.57149,1.32,1.69
2013.07.16 08:38:00.069,1.57119,1.57149,1.32,1.32
2013.07.16 08:38:00.129,1.57119,1.57149,1.32,1.32
2013.07.16 08:38:00.189,1.5712,1.57149,1.69,1.32
2013.07.16 08:38:00.549,1.57122,1.57148,1.69,1.32
2013.07.16 08:38:00.681,1.57122,1.57152,1.32,1.32
2013.07.16 08:38:01.399,1.57122,1.57152,1.69,1.32
2013.07.16 08:38:05.212,1.57121,1.57151,2.82,1.69
2013.07.16 08:38:05.569,1.57126,1.57151,1.50,1.69
2013.07.16 08:38:05.809,1.57132,1.57162,1.13,2.94
2013.07.16 08:38:05.928,1.57132,1.57162,1.32,1.44
2013.07.16 08:38:08.318,1.57132,1.57164,1.69,1.69
2013.07.16 08:38:08.868,1.57132,1.57164,2.07,1.69
2013.07.16 08:38:09.349,1.57132,1.57162,1.32,1.69
2013.07.16 08:38:09.589,1.57129,1.57157,1.50,1.69
2013.07.16 08:38:09.709,1.5713,1.57159,1.13,3.19
2013.07.16 08:38:09.768,1.5713,1.57159,1.32,1.69
2013.07.16 08:38:10.941,1.57134,1.57163,1.13,1.69
2013.07.16 08:38:11.002,1.57134,1.57165,1.50,1.69
2013.07.16 08:38:11.179,1.57131,1.57164,1.69,1.69
2013.07.16 08:38:11.419,1.57127,1.57158,1.69,1.69
2013.07.16 08:38:11.479,1.57124,1.57156,1.69,1.69
2013.07.16 08:38:12.209,1.57117,1.5715,2.07,1.69
2013.07.16 08:38:13.069,1.57117,1.57147,1.69,1.69
2013.07.16 08:38:13.408,1.57106,1.57131,1.69,1.50
2013.07.16 08:38:13.473,1.57102,1.57131,1.69,1.69
2013.07.16 08:38:13.780,1.57098,1.57137,3.94,1.69
2013.07.16 08:38:14.139,1.57102,1.57141,1.69,1.69
2013.07.16 08:38:14.402,1.57107,1.57141,1.69,1.69
2013.07.16 08:38:14.578,1.57111,1.57144,1.69,1.69
2013.07.16 08:38:14.999,1.57111,1.57145,1.69,1.32
2013.07.16 08:38:17.350,1.57115,1.57139,1.69,1.50
2013.07.16 08:38:17.589,1.57118,1.57143,1.50,1.69
2013.07.16 08:38:17.650,1.57121,1.57143,1.69,1.50
2013.07.16 08:38:17.769,1.57121,1.57146,1.69,1.50
2013.07.16 08:38:17.829,1.57117,1.57143,2.44,1.50
2013.07.16 08:38:17.979,1.57117,1.57143,2.07,1.50
2013.07.16 08:38:18.400,1.57109,1.57136,2.07,1.69
2013.07.16 08:38:18.580,1.57108,1.57133,1.69,1.69
2013.07.16 08:38:18.954,1.57108,1.57133,1.69,1.69
2013.07.16 08:38:19.679,1.57108,1.57131,1.32,1.69
2013.07.16 08:38:20.039,1.57101,1.57124,1.69,1.50
2013.07.16 08:38:20.400,1.57119,1.57133,1.50,1.50
2013.07.16 08:38:20.579,1.57111,1.57138,1.69,2.25
2013.07.16 08:38:20.639,1.57111,1.57138,1.69,1.50
2013.07.16 08:38:20.819,1.57111,1.57135,1.69,1.69
2013.07.16 08:38:20.999,1.571,1.57132,2.07,1.69
2013.07.16 08:38:21.178,1.571,1.57129,1.69,1.69
2013.07.16 08:38:21.599,1.57097,1.57129,1.69,1.69
2013.07.16 08:38:22.201,1.57096,1.57129,2.44,1.69
2013.07.16 08:38:22.439,1.57097,1.57126,1.32,1.69
2013.07.16 08:38:22.681,1.57094,1.57109,1.69,1.13
2013.07.16 08:38:22.920,1.57078,1.571,1.69,1.50
2013.07.16 08:38:23.041,1.57068,1.571,1.69,1.50
2013.07.16 08:38:23.232,1.57075,1.57093,1.88,3.00
2013.07.16 08:38:23.409,1.5706,1.57085,2.07,1.50
2013.07.16 08:38:23.469,1.57056,1.57085,1.32,1.50
2013.07.16 08:38:23.649,1.57059,1.57085,1.69,1.69
2013.07.16 08:38:23.709,1.57062,1.57088,1.32,2.44
2013.07.16 08:38:23.888,1.57059,1.57088,2.07,2.44
2013.07.16 08:38:25.379,1.57062,1.57088,1.69,1.69
2013.07.16 08:38:26.149,1.57063,1.5709,1.69,1.69
2013.07.16 08:38:26.509,1.57069,1.57099,1.69,1.69
2013.07.16 08:38:27.399,1.5707,1.571,1.69,1.69
2013.07.16 08:38:27.458,1.57069,1.571,1.69,1.69
2013.07.16 08:38:27.909,1.5707,1.571,1.69,1.69
2013.07.16 08:38:28.269,1.57066,1.57099,1.69,1.69
2013.07.16 08:38:28.329,1.57066,1.57096,2.44,1.32
2013.07.16 08:38:29.108,1.57067,1.57101,1.69,2.44
2013.07.16 08:38:29.228,1.57071,1.57101,1.69,1.69
2013.07.16 08:38:30.179,1.57074,1.57102,1.69,3.19
2013.07.16 08:38:30.840,1.57077,1.57106,1.69,1.69
2013.07.16 08:38:30.899,1.57079,1.57109,1.69,1.69
2013.07.16 08:38:31.019,1.57081,1.57109,1.69,1.50
2013.07.16 08:38:31.139,1.57077,1.57114,1.69,1.69
2013.07.16 08:38:32.480,1.57081,1.57115,1.69,2.44
2013.07.16 08:38:33.019,1.57081,1.57116,1.69,2.07
2013.07.16 08:38:33.139,1.57076,1.57107,1.69,1.09
2013.07.16 08:38:33.199,1.57076,1.57107,1.69,1.09
2013.07.16 08:38:33.259,1.57075,1.57104,1.32,1.13
2013.07.16 08:38:33.381,1.57074,1.57104,1.69,1.88
2013.07.16 08:38:33.639,1.57073,1.57104,1.69,2.07
2013.07.16 08:38:34.719,1.57076,1.57111,1.69,1.69
2013.07.16 08:38:35.138,1.57082,1.57113,1.32,1.69
2013.07.16 08:38:35.198,1.57084,1.57117,1.32,1.69
2013.07.16 08:38:35.319,1.57087,1.57117,1.69,1.50
2013.07.16 08:38:35.499,1.57091,1.57119,1.69,1.50
2013.07.16 08:38:35.559,1.57091,1.57125,1.69,1.69
2013.07.16 08:38:35.679,1.57091,1.57129,1.69,2.44
2013.07.16 08:38:36.222,1.57092,1.57127,1.69,2.82
2013.07.16 08:38:36.520,1.5709,1.5712,1.69,1.69
2013.07.16 08:38:36.819,1.57088,1.57119,1.69,1.69
2013.07.16 08:38:37.178,1.57086,1.57119,1.69,2.07
2013.07.16 08:38:37.298,1.57085,1.57119,1.69,2.82
2013.07.16 08:38:42.190,1.57085,1.57116,1.69,1.32
2013.07.16 08:38:42.369,1.57089,1.57119,1.69,2.07
2013.07.16 08:38:42.490,1.57093,1.57119,1.69,1.32
2013.07.16 08:38:43.000,1.57092,1.5712,1.69,1.32
2013.07.16 08:38:44.177,1.57093,1.5712,1.69,1.32
2013.07.16 08:38:45.209,1.57093,1.57119,2.44,1.13
2013.07.16 08:38:46.221,1.57103,1.57128,2.44,1.47
2013.07.16 08:38:46.281,1.57104,1.57129,1.69,1.32
2013.07.16 08:38:46.342,1.57106,1.57129,1.69,1.13
2013.07.16 08:38:46.699,1.57108,1.57138,1.69,1.32
2013.07.16 08:38:48.648,1.57111,1.57138,1.69,1.32
2013.07.16 08:38:48.949,1.57116,1.57143,1.32,1.13
2013.07.16 08:38:49.008,1.57116,1.57151,3.19,1.32
2013.07.16 08:38:49.248,1.57122,1.57153,2.07,1.32
2013.07.16 08:38:49.308,1.57126,1.57158,1.69,1.32
2013.07.16 08:38:49.370,1.57122,1.57158,2.07,1.32
2013.07.16 08:38:49.490,1.57123,1.57156,1.69,1.32
2013.07.16 08:38:49.610,1.57124,1.57156,1.69,1.13
2013.07.16 08:38:50.629,1.57128,1.57158,1.69,1.13
2013.07.16 08:38:50.809,1.5713,1.57162,1.69,1.69
2013.07.16 08:38:50.929,1.57131,1.57166,2.44,1.69
2013.07.16 08:38:51.831,1.57135,1.57163,1.69,1.32
2013.07.16 08:38:52.344,1.5714,1.57172,1.69,2.07
2013.07.16 08:38:53.329,1.57141,1.57171,1.69,1.32
2013.07.16 08:38:53.690,1.57146,1.5718,1.69,1.69
2013.07.16 08:38:54.048,1.57148,1.5718,1.69,1.69
2013.07.16 08:38:55.050,1.57149,1.57177,1.69,1.32
2013.07.16 08:38:55.639,1.57149,1.57177,1.69,1.13
2013.07.16 08:38:55.699,1.57156,1.57184,1.69,1.13
2013.07.16 08:38:55.759,1.57156,1.57189,1.69,1.32
2013.07.16 08:38:55.819,1.57161,1.57189,1.69,1.32
2013.07.16 08:38:56.179,1.57155,1.57187,1.69,2.44
2013.07.16 08:38:57.121,1.5715,1.57187,1.32,1.69
2013.07.16 08:38:57.659,1.5715,1.57181,1.32,1.69
2013.07.16 08:38:58.879,1.5715,1.57181,1.32,1.69
2013.07.16 08:39:00.430,1.57147,1.57181,1.69,1.69
2013.07.16 08:39:00.669,1.57147,1.57182,1.69,2.07
2013.07.16 08:39:01.678,1.57148,1.57183,2.07,1.69
2013.07.16 08:39:01.738,1.5715,1.57184,1.69,1.69
2013.07.16 08:39:02.828,1.57156,1.57187,1.69,1.13
2013.07.16 08:39:03.008,1.57157,1.57188,1.69,1.32
2013.07.16 08:39:03.489,1.57157,1.57189,1.69,1.69
2013.07.16 08:39:03.609,1.5716,1.57189,1.69,1.69
2013.07.16 08:39:03.730,1.57164,1.57192,1.69,1.69
2013.07.16 08:39:03.969,1.57159,1.57194,1.69,1.32
2013.07.16 08:39:04.030,1.57162,1.57194,1.69,1.32
2013.07.16 08:39:04.150,1.57167,1.57194,1.69,1.69
2013.07.16 08:39:04.330,1.57162,1.57195,1.69,1.69
2013.07.16 08:39:04.690,1.57167,1.57203,1.69,1.69
2013.07.16 08:39:04.929,1.57176,1.5721,1.69,2.44
2013.07.16 08:39:04.990,1.57176,1.5721,1.69,1.69
2013.07.16 08:39:05.109,1.57171,1.57212,1.69,1.69
2013.07.16 08:39:05.469,1.57167,1.57211,3.19,1.32
2013.07.16 08:39:05.649,1.57168,1.5721,2.44,1.69
2013.07.16 08:39:05.709,1.57172,1.5721,2.44,1.69
2013.07.16 08:39:05.889,1.57176,1.5721,2.44,1.69
2013.07.16 08:39:06.128,1.57176,1.57212,1.69,1.69
2013.07.16 08:39:06.473,1.57176,1.57214,1.69,1.69
2013.07.16 08:39:07.729,1.57176,1.57214,1.69,1.32
2013.07.16 08:39:08.289,1.57172,1.57214,2.82,1.32
2013.07.16 08:39:08.409,1.57173,1.57209,1.32,1.50
2013.07.16 08:39:08.710,1.57179,1.57212,1.69,1.69
2013.07.16 08:39:08.768,1.5718,1.57212,1.69,1.69
2013.07.16 08:39:09.071,1.57171,1.57205,1.69,1.13
2013.07.16 08:39:09.131,1.57175,1.57205,1.69,1.13
2013.07.16 08:39:09.550,1.57172,1.57211,2.07,1.69
2013.07.16 08:39:09.850,1.57174,1.57203,1.69,1.13
2013.07.16 08:39:09.970,1.57177,1.57207,1.69,2.03
2013.07.16 08:39:10.489,1.57177,1.5721,1.69,1.69
2013.07.16 08:39:11.909,1.57181,1.57214,1.69,1.69
2013.07.16 08:39:12.209,1.57179,1.57212,1.69,2.07
2013.07.16 08:39:13.129,1.57176,1.57212,1.69,2.07
2013.07.16 08:39:14.280,1.57179,1.57211,1.69,1.32
2013.07.16 08:39:14.404,1.57175,1.57206,1.32,1.09
2013.07.16 08:39:14.530,1.57165,1.572,2.44,1.50
2013.07.16 08:39:14.649,1.57165,1.572,2.44,1.50
2013.07.16 08:39:14.829,1.57162,1.572,1.69,1.88
2013.07.16 08:39:14.949,1.57162,1.57197,1.69,2.44
2013.07.16 08:39:15.009,1.57161,1.57192,1.69,1.69
2013.07.16 08:39:15.309,1.57153,1.57186,1.69,1.32
2013.07.16 08:39:15.370,1.57151,1.57186,4.50,1.32
2013.07.16 08:39:15.429,1.57151,1.57179,4.50,1.69
2013.07.16 08:39:15.549,1.57144,1.57182,1.69,1.69
2013.07.16 08:39:15.731,1.57144,1.57179,1.69,1.69
2013.07.16 08:39:15.969,1.57144,1.57179,1.69,1.69
2013.07.16 08:39:16.030,1.57147,1.57185,1.69,1.69
2013.07.16 08:39:16.389,1.57152,1.57187,1.69,1.69
2013.07.16 08:39:17.049,1.57148,1.57185,1.69,1.69
2013.07.16 08:39:17.169,1.57148,1.57185,1.69,1.69
2013.07.16 08:39:17.229,1.57148,1.57185,1.69,1.69
2013.07.16 08:39:17.350,1.57151,1.57185,1.69,1.69
2013.07.16 08:39:17.470,1.57143,1.57179,1.69,1.32
2013.07.16 08:39:17.649,1.57143,1.57179,1.69,1.32
2013.07.16 08:39:18.729,1.57145,1.57179,1.69,1.69
2013.07.16 08:39:19.209,1.57145,1.57183,2.07,1.69
2013.07.16 08:39:19.510,1.57146,1.57181,1.69,1.69
2013.07.16 08:39:19.630,1.57142,1.57177,2.44,1.69
2013.07.16 08:39:19.749,1.57142,1.57177,1.69,1.69
2013.07.16 08:39:20.109,1.57142,1.57177,2.44,1.69
2013.07.16 08:39:20.700,1.57143,1.57175,1.32,1.69
2013.07.16 08:39:22.099,1.57143,1.57175,1.32,1.69
2013.07.16 08:39:22.219,1.57136,1.57173,2.25,1.69
2013.07.16 08:39:22.459,1.5714,1.57176,1.50,1.69
2013.07.16 08:39:22.699,1.57139,1.5718,1.32,1.69
2013.07.16 08:39:23.059,1.57137,1.57176,1.50,1.69
2013.07.16 08:39:23.180,1.57134,1.57176,1.32,1.69
2013.07.16 08:39:23.481,1.57138,1.57176,1.50,1.69
2013.07.16 08:39:23.599,1.57132,1.57176,1.69,1.69
2013.07.16 08:39:24.019,1.57137,1.57176,1.88,1.69
2013.07.16 08:39:24.149,1.57137,1.57176,1.13,1.69
2013.07.16 08:39:24.829,1.57136,1.57176,2.07,1.69
2013.07.16 08:39:25.349,1.57136,1.57176,1.32,1.69
2013.07.16 08:39:26.339,1.57136,1.57176,1.32,1.69
2013.07.16 08:39:26.519,1.57131,1.57172,1.69,1.69
2013.07.16 08:39:26.709,1.57137,1.57172,1.13,1.69
2013.07.16 08:39:26.890,1.57137,1.57172,1.13,1.69
2013.07.16 08:39:27.259,1.57137,1.57172,1.13,1.69
2013.07.16 08:39:27.499,1.57136,1.57172,1.13,1.69
2013.07.16 08:39:28.812,1.57136,1.57171,1.13,1.69
2013.07.16 08:39:28.990,1.57132,1.57168,1.50,1.69
2013.07.16 08:39:29.112,1.57131,1.57168,1.50,1.69
2013.07.16 08:39:29.230,1.57134,1.57168,1.13,1.69
2013.07.16 08:39:29.410,1.57129,1.57167,3.00,1.69
2013.07.16 08:39:29.530,1.57129,1.57169,1.50,2.82
2013.07.16 08:39:31.090,1.57131,1.57167,1.13,1.69
2013.07.16 08:39:31.555,1.57131,1.57164,1.13,1.69
2013.07.16 08:39:31.622,1.5713,1.57164,1.50,1.69
2013.07.16 08:39:32.728,1.57128,1.57161,1.13,1.32
2013.07.16 08:39:33.369,1.57127,1.57161,1.13,1.32
2013.07.16 08:39:33.429,1.57122,1.57161,2.44,1.32
2013.07.16 08:39:33.489,1.57124,1.57159,1.50,1.69
2013.07.16 08:39:33.669,1.5713,1.57162,1.13,2.82
2013.07.16 08:39:34.419,1.5713,1.57162,1.13,2.07
2013.07.16 08:39:35.199,1.57133,1.57169,1.50,2.40
2013.07.16 08:39:37.231,1.57131,1.57169,2.07,1.69
2013.07.16 08:39:39.079,1.57136,1.57172,1.13,2.07
2013.07.16 08:39:39.709,1.57136,1.57172,1.13,2.07
2013.07.16 08:39:40.230,1.57136,1.57162,1.13,1.13
2013.07.16 08:39:40.768,1.57132,1.57162,2.07,1.13
2013.07.16 08:39:42.499,1.57132,1.57162,1.88,1.32
2013.07.16 08:39:42.860,1.57129,1.57163,2.07,1.32
2013.07.16 08:39:43.631,1.57133,1.57163,1.13,1.69
2013.07.16 08:39:43.749,1.5713,1.57161,1.13,1.32
2013.07.16 08:39:43.928,1.5713,1.57161,1.13,1.32
2013.07.16 08:39:44.735,1.57129,1.57164,1.32,2.07
2013.07.16 08:39:46.928,1.57129,1.57163,1.32,1.69
2013.07.16 08:39:47.650,1.5713,1.57163,2.07,1.32
2013.07.16 08:39:49.705,1.5713,1.57163,2.82,2.07
2013.07.16 08:39:50.019,1.57132,1.57163,1.69,1.32
2013.07.16 08:39:50.259,1.57132,1.57167,2.82,2.40
2013.07.16 08:39:50.420,1.57132,1.57164,2.82,1.32
2013.07.16 08:39:52.879,1.57134,1.57166,1.69,1.69
2013.07.16 08:39:54.320,1.57132,1.57166,1.32,1.69
2013.07.16 08:39:54.379,1.57132,1.57165,1.32,1.50
2013.07.16 08:39:54.439,1.57133,1.57165,1.32,1.69
2013.07.16 08:40:00.168,1.57128,1.57163,2.07,1.69
2013.07.16 08:40:00.769,1.57131,1.57163,1.32,2.07
2013.07.16 08:40:01.070,1.57132,1.57163,1.32,2.07
2013.07.16 08:40:01.411,1.57131,1.57163,1.32,2.07
2013.07.16 08:40:02.918,1.57128,1.57162,2.07,1.69
2013.07.16 08:40:03.902,1.57125,1.57149,1.32,1.13
2013.07.16 08:40:03.959,1.57123,1.57149,2.07,1.13
2013.07.16 08:40:04.139,1.57123,1.57154,1.69,2.40
2013.07.16 08:40:04.199,1.57123,1.57154,1.32,1.28
2013.07.16 08:40:04.747,1.57128,1.57158,1.32,1.69
2013.07.16 08:40:04.809,1.57128,1.57161,1.32,2.44
2013.07.16 08:40:05.050,1.57132,1.57161,1.69,1.69
2013.07.16 08:40:05.589,1.57136,1.57164,1.69,1.32
2013.07.16 08:40:06.189,1.57136,1.57166,1.69,1.32
2013.07.16 08:40:06.429,1.57137,1.57172,2.44,2.44
2013.07.16 08:40:06.490,1.57137,1.57172,1.69,2.44
2013.07.16 08:40:06.610,1.57137,1.57169,1.69,1.69
2013.07.16 08:40:07.209,1.57143,1.57168,1.69,1.09
2013.07.16 08:40:07.569,1.5715,1.57176,1.69,1.47
2013.07.16 08:40:07.810,1.57167,1.57193,2.44,1.50
2013.07.16 08:40:07.931,1.57163,1.57196,1.69,1.69
2013.07.16 08:40:07.990,1.57163,1.57199,1.69,2.44
2013.07.16 08:40:08.049,1.57165,1.57199,1.69,1.69
2013.07.16 08:40:08.409,1.57162,1.57196,1.69,1.69
2013.07.16 08:40:08.469,1.57162,1.57196,1.69,1.50
2013.07.16 08:40:09.028,1.57162,1.57197,1.69,1.32
2013.07.16 08:40:09.548,1.57162,1.57196,1.69,1.69
2013.07.16 08:40:13.360,1.57162,1.57196,1.32,1.69
2013.07.16 08:40:13.600,1.57166,1.57198,2.44,1.69
2013.07.16 08:40:13.660,1.57166,1.57198,2.44,2.44
2013.07.16 08:40:14.079,1.57167,1.57197,1.69,1.69
2013.07.16 08:40:16.100,1.57167,1.57199,1.69,1.69
2013.07.16 08:40:16.639,1.57166,1.57198,1.32,1.69
2013.07.16 08:40:16.699,1.57164,1.57197,1.69,1.69
2013.07.16 08:40:16.879,1.57164,1.57198,1.69,1.32
2013.07.16 08:40:16.939,1.57164,1.57197,1.69,1.69
2013.07.16 08:40:17.064,1.57164,1.57199,1.69,2.07
2013.07.16 08:40:17.179,1.57167,1.57197,1.32,1.69
2013.07.16 08:40:17.299,1.57166,1.57197,1.32,1.69
2013.07.16 08:40:17.658,1.57164,1.57197,2.44,1.69
2013.07.16 08:40:19.028,1.57161,1.57194,1.69,1.69
2013.07.16 08:40:19.331,1.57158,1.57194,2.44,1.69
2013.07.16 08:40:20.259,1.57157,1.57192,3.19,1.69
2013.07.16 08:40:20.860,1.57157,1.57189,1.69,2.44
2013.07.16 08:40:20.981,1.57153,1.57185,1.69,1.69
2013.07.16 08:40:21.100,1.57149,1.57182,1.69,1.69
2013.07.16 08:40:21.222,1.57145,1.5718,1.69,1.69
2013.07.16 08:40:21.280,1.57143,1.57178,1.69,1.69
2013.07.16 08:40:21.340,1.57143,1.57177,1.69,1.69
2013.07.16 08:40:21.462,1.57139,1.57174,1.69,1.69
2013.07.16 08:40:21.521,1.57139,1.5717,1.69,1.69
2013.07.16 08:40:22.120,1.57135,1.57168,1.69,1.69
2013.07.16 08:40:22.430,1.57135,1.57168,1.69,1.69
2013.07.16 08:40:22.489,1.57135,1.57169,1.69,2.44
2013.07.16 08:40:23.109,1.57134,1.57169,1.69,1.69
2013.07.16 08:40:23.899,1.57133,1.57167,2.44,1.69
2013.07.16 08:40:24.380,1.5713,1.57158,1.50,1.69
2013.07.16 08:40:24.560,1.57126,1.57158,1.69,1.69
2013.07.16 08:40:26.350,1.57131,1.57158,1.13,1.69
2013.07.16 08:40:28.372,1.57128,1.57164,2.07,1.69
2013.07.16 08:40:29.309,1.57128,1.57157,1.32,1.69
2013.07.16 08:40:29.369,1.57128,1.57163,1.32,1.69
2013.07.16 08:40:29.429,1.57125,1.57164,1.69,1.69
2013.07.16 08:40:30.779,1.57125,1.57164,2.07,1.69
2013.07.16 08:40:31.860,1.57128,1.57158,1.32,1.69
2013.07.16 08:40:32.799,1.57126,1.57156,2.07,1.69
2013.07.16 08:40:33.383,1.57126,1.57155,1.32,1.69
2013.07.16 08:40:34.051,1.57125,1.57151,1.13,1.69
2013.07.16 08:40:34.989,1.57122,1.57154,1.32,1.69
2013.07.16 08:40:35.291,1.57125,1.57155,1.69,1.69
2013.07.16 08:40:36.070,1.57125,1.57155,1.69,1.69
2013.07.16 08:40:36.349,1.57121,1.57155,1.69,1.69
2013.07.16 08:40:36.588,1.57121,1.57151,1.69,1.69
2013.07.16 08:40:40.020,1.57121,1.57149,1.50,1.69
2013.07.16 08:40:40.528,1.57121,1.57149,1.50,1.69
2013.07.16 08:40:41.630,1.57121,1.57152,1.69,1.69
2013.07.16 08:40:42.929,1.57123,1.57156,2.07,1.69
2013.07.16 08:40:43.110,1.57127,1.5716,1.69,1.69
2013.07.16 08:40:43.409,1.57127,1.5716,1.69,1.69
2013.07.16 08:40:43.470,1.57131,1.57163,1.69,1.69
2013.07.16 08:40:43.650,1.57131,1.57164,3.19,1.69
2013.07.16 08:40:44.619,1.57132,1.57164,2.44,1.69
2013.07.16 08:40:44.679,1.57136,1.5717,1.69,1.69
2013.07.16 08:40:48.622,1.57137,1.57164,2.07,1.32
2013.07.16 08:40:49.419,1.57139,1.57174,1.69,1.69
2013.07.16 08:40:49.478,1.57141,1.57174,2.44,1.69
2013.07.16 08:40:49.539,1.57142,1.57176,2.44,1.69
2013.07.16 08:40:49.659,1.57146,1.57179,2.07,1.69
2013.07.16 08:40:49.719,1.57149,1.57182,1.69,2.44
2013.07.16 08:40:50.031,1.57144,1.57176,1.69,1.13
2013.07.16 08:40:50.211,1.57145,1.57176,2.44,1.32
2013.07.16 08:40:50.269,1.57142,1.57177,1.69,1.69
2013.07.16 08:40:50.450,1.5714,1.57175,1.69,2.44
2013.07.16 08:40:51.398,1.5714,1.57175,2.07,2.44
2013.07.16 08:40:52.779,1.57139,1.57166,1.13,1.69
2013.07.16 08:40:52.839,1.57139,1.57164,1.13,2.07
2013.07.16 08:40:52.958,1.57136,1.57165,1.69,2.07
2013.07.16 08:40:53.079,1.57136,1.57167,1.69,2.44
2013.07.16 08:40:53.139,1.57137,1.57167,1.32,1.69
2013.07.16 08:40:53.439,1.5714,1.57174,2.44,1.69
2013.07.16 08:40:53.499,1.57143,1.57178,1.69,1.69
2013.07.16 08:40:53.860,1.57142,1.57179,1.69,1.69
2013.07.16 08:40:54.389,1.57141,1.57175,1.69,1.69
2013.07.16 08:40:54.508,1.57137,1.57172,3.57,1.69
2013.07.16 08:40:54.629,1.5714,1.57172,1.69,1.69
2013.07.16 08:40:54.689,1.57145,1.57176,1.69,1.69
2013.07.16 08:40:54.809,1.57145,1.57175,2.44,1.69
2013.07.16 08:40:55.049,1.57147,1.5718,1.69,1.69
2013.07.16 08:40:57.409,1.57146,1.57178,1.32,1.69
2013.07.16 08:40:58.586,1.57145,1.5718,2.82,1.69
2013.07.16 08:40:58.898,1.57145,1.5718,2.07,1.69
2013.07.16 08:40:59.708,1.57145,1.57177,1.32,1.69
2013.07.16 08:41:00.540,1.57145,1.57177,1.32,1.69
2013.07.16 08:41:02.459,1.57146,1.57179,1.69,1.69
2013.07.16 08:41:03.941,1.57146,1.57179,2.07,2.44
2013.07.16 08:41:04.180,1.57145,1.57176,1.32,1.69
2013.07.16 08:41:04.959,1.57141,1.57173,3.19,1.69
2013.07.16 08:41:06.009,1.57143,1.57176,1.69,1.69
2013.07.16 08:41:06.383,1.57142,1.57176,1.69,1.69
2013.07.16 08:41:06.590,1.57143,1.57176,1.69,1.69
2013.07.16 08:41:07.019,1.57141,1.57176,2.44,1.69
2013.07.16 08:41:07.272,1.57143,1.57176,1.69,1.69
2013.07.16 08:41:09.139,1.57145,1.5718,1.69,2.44
2013.07.16 08:41:15.589,1.57145,1.57174,2.07,1.69
2013.07.16 08:41:16.179,1.57142,1.57174,1.69,1.69
2013.07.16 08:41:16.419,1.57142,1.57174,1.69,1.69
2013.07.16 08:41:16.842,1.57143,1.57176,1.69,1.69
2013.07.16 08:41:18.728,1.57141,1.57174,2.07,1.69
2013.07.16 08:41:19.150,1.57141,1.57174,2.07,1.69
2013.07.16 08:41:19.269,1.57144,1.57177,1.69,2.07
2013.07.16 08:41:21.710,1.57144,1.57177,1.69,2.07
2013.07.16 08:41:21.949,1.57143,1.57177,1.69,2.44
2013.07.16 08:41:22.380,1.57143,1.57175,1.69,1.69
2013.07.16 08:41:22.439,1.57143,1.57175,1.69,1.69
2013.07.16 08:41:24.974,1.57142,1.57174,1.69,1.69
2013.07.16 08:41:25.041,1.57142,1.57173,1.69,1.69
2013.07.16 08:41:29.238,1.57146,1.57176,1.32,1.69
2013.07.16 08:41:29.359,1.57142,1.57176,1.32,1.69
2013.07.16 08:41:29.479,1.57146,1.57176,1.32,1.69
2013.07.16 08:41:29.539,1.57146,1.57177,1.32,1.32
2013.07.16 08:41:29.960,1.57145,1.57177,2.07,1.32
2013.07.16 08:41:31.419,1.57147,1.57182,1.69,2.44
2013.07.16 08:41:32.559,1.57148,1.57183,1.69,2.44
2013.07.16 08:41:32.760,1.57148,1.57183,2.44,2.44
2013.07.16 08:41:33.679,1.57151,1.57183,1.69,1.69
2013.07.16 08:41:34.379,1.57153,1.57187,1.69,1.69
2013.07.16 08:41:38.189,1.57157,1.57187,1.32,2.07
2013.07.16 08:41:38.249,1.57153,1.57175,1.32,1.13
2013.07.16 08:41:38.309,1.57152,1.57175,1.32,1.13
2013.07.16 08:41:38.369,1.57152,1.57175,1.32,1.13
2013.07.16 08:41:38.429,1.57149,1.57173,1.69,1.13
2013.07.16 08:41:38.610,1.57142,1.57172,2.19,1.32
2013.07.16 08:41:38.850,1.57141,1.57172,1.69,1.69
2013.07.16 08:41:38.910,1.57141,1.57172,1.69,2.44
2013.07.16 08:41:39.450,1.57137,1.57171,2.44,1.32
2013.07.16 08:41:39.932,1.5714,1.5717,1.69,1.32
2013.07.16 08:41:40.051,1.57143,1.57175,1.32,2.07
2013.07.16 08:41:40.169,1.57144,1.57178,1.69,1.69
2013.07.16 08:41:40.230,1.57144,1.57178,2.44,1.69
2013.07.16 08:41:40.769,1.57149,1.57178,1.69,1.69
2013.07.16 08:41:41.010,1.57147,1.57181,1.69,1.69
2013.07.16 08:41:41.489,1.5715,1.57185,1.69,2.44
2013.07.16 08:41:41.609,1.57153,1.57185,1.69,2.82
2013.07.16 08:41:41.729,1.57156,1.57185,1.69,1.32
2013.07.16 08:41:41.789,1.57159,1.57191,1.69,1.69
2013.07.16 08:41:42.099,1.57159,1.57191,2.44,1.69
2013.07.16 08:41:42.919,1.57156,1.5719,1.69,2.07
2013.07.16 08:41:43.739,1.57159,1.57188,1.13,1.69
2013.07.16 08:41:44.682,1.57155,1.57188,1.69,1.32
2013.07.16 08:41:44.801,1.57155,1.57188,1.69,1.69
2013.07.16 08:41:45.339,1.57155,1.57188,1.32,1.69
2013.07.16 08:41:45.459,1.57155,1.57188,2.07,1.69
2013.07.16 08:41:45.765,1.57155,1.57188,1.69,1.69
2013.07.16 08:41:47.079,1.57157,1.57189,1.32,1.69
2013.07.16 08:41:47.139,1.57156,1.57188,2.07,1.69
2013.07.16 08:41:47.621,1.57156,1.57184,1.32,1.69
2013.07.16 08:41:47.870,1.57151,1.57184,1.69,1.69
2013.07.16 08:41:48.589,1.57155,1.57184,1.32,1.69
2013.07.16 08:41:50.772,1.57155,1.57183,1.13,1.69
2013.07.16 08:41:52.011,1.57152,1.57185,1.69,1.69
2013.07.16 08:41:52.132,1.57152,1.57185,1.69,1.69
2013.07.16 08:41:52.310,1.57154,1.57187,2.07,1.69
2013.07.16 08:41:52.370,1.57154,1.57187,2.07,2.07
2013.07.16 08:41:52.669,1.57152,1.57183,1.69,2.44
2013.07.16 08:41:52.912,1.57149,1.57179,1.32,1.32
2013.07.16 08:41:53.630,1.57146,1.57179,2.44,1.69
2013.07.16 08:41:53.931,1.57145,1.57174,1.69,1.69
2013.07.16 08:41:54.234,1.57152,1.57178,1.50,1.69
2013.07.16 08:41:54.422,1.57152,1.57184,1.69,1.69
2013.07.16 08:41:54.600,1.57153,1.57186,2.44,1.69
2013.07.16 08:41:54.901,1.57156,1.57188,1.69,1.69
2013.07.16 08:41:55.083,1.57156,1.57186,1.69,1.69
2013.07.16 08:41:55.790,1.57154,1.57186,2.82,1.69
2013.07.16 08:41:56.091,1.57155,1.57188,1.32,1.69
2013.07.16 08:41:56.272,1.57155,1.57188,1.32,1.69
2013.07.16 08:41:56.619,1.57155,1.5719,1.69,1.69
2013.07.16 08:41:56.942,1.57154,1.57188,1.32,1.69
2013.07.16 08:41:57.300,1.57149,1.57185,1.32,1.69
2013.07.16 08:41:58.760,1.57148,1.57182,1.32,1.32
2013.07.16 08:42:00.380,1.57147,1.57183,1.69,2.07
2013.07.16 08:42:01.170,1.57143,1.57177,2.44,1.69
2013.07.16 08:42:01.229,1.57143,1.57176,1.32,1.69
2013.07.16 08:42:01.350,1.57141,1.57171,1.69,1.69
2013.07.16 08:42:01.891,1.57135,1.57168,1.69,1.32
2013.07.16 08:42:02.199,1.57133,1.57169,1.69,2.07
2013.07.16 08:42:02.701,1.57137,1.57169,1.69,1.32
2013.07.16 08:42:02.819,1.5714,1.57169,1.69,1.13
2013.07.16 08:42:02.940,1.57146,1.57169,1.69,1.13
2013.07.16 08:42:03.059,1.57146,1.57178,1.69,1.69
2013.07.16 08:42:03.299,1.57141,1.57177,2.44,1.69
2013.07.16 08:42:03.539,1.57142,1.57174,1.32,1.69
2013.07.16 08:42:04.280,1.57141,1.57169,1.32,1.69
2013.07.16 08:42:04.699,1.57141,1.57164,1.32,1.32
2013.07.16 08:42:05.019,1.57141,1.57169,1.69,1.32
2013.07.16 08:42:05.199,1.57145,1.57174,1.69,1.69
2013.07.16 08:42:05.259,1.57147,1.57175,1.69,1.13
2013.07.16 08:42:05.559,1.57146,1.57174,1.69,1.32
2013.07.16 08:42:06.339,1.57146,1.57173,2.44,1.28
2013.07.16 08:42:06.460,1.57143,1.57173,2.44,1.28
2013.07.16 08:42:06.520,1.57143,1.57172,1.69,1.69
2013.07.16 08:42:06.879,1.57134,1.57163,1.69,1.32
2013.07.16 08:42:08.420,1.57137,1.5716,1.69,1.13
2013.07.16 08:42:08.782,1.5714,1.57173,1.69,1.69
2013.07.16 08:42:08.839,1.57145,1.57174,1.69,1.32
2013.07.16 08:42:10.462,1.57142,1.57172,1.69,1.32
2013.07.16 08:42:10.534,1.57141,1.57172,1.69,1.32
2013.07.16 08:42:10.782,1.57139,1.57172,1.32,1.32
2013.07.16 08:42:12.669,1.57138,1.57167,1.69,1.69
2013.07.16 08:42:13.029,1.57134,1.5716,1.69,1.13
2013.07.16 08:42:14.349,1.57132,1.5716,1.69,1.32
2013.07.16 08:42:18.049,1.57131,1.57159,1.69,1.32
2013.07.16 08:42:20.638,1.57133,1.57159,1.32,1.13
2013.07.16 08:42:21.859,1.57134,1.57159,1.69,1.13
2013.07.16 08:42:23.545,1.57133,1.57159,2.07,1.13
2013.07.16 08:42:24.679,1.57135,1.57159,1.69,1.13
2013.07.16 08:42:26.289,1.57138,1.57171,1.69,1.32
2013.07.16 08:42:26.409,1.57139,1.57171,1.69,1.32
2013.07.16 08:42:27.730,1.57138,1.57171,2.07,1.32
2013.07.16 08:42:30.916,1.57138,1.57167,1.32,1.32
2013.07.16 08:42:31.431,1.57136,1.57166,1.69,1.32
2013.07.16 08:42:32.189,1.57136,1.57164,1.69,1.69
2013.07.16 08:42:32.430,1.57132,1.57164,1.69,1.69
2013.07.16 08:42:33.001,1.57132,1.57164,1.69,2.07
2013.07.16 08:42:34.041,1.57132,1.57163,1.69,1.69
2013.07.16 08:42:35.639,1.57128,1.57163,1.32,1.69
2013.07.16 08:42:35.699,1.57126,1.57161,2.82,1.69
2013.07.16 08:42:36.420,1.57134,1.57161,1.50,1.32
2013.07.16 08:42:36.479,1.57134,1.57162,1.69,1.32
2013.07.16 08:42:36.539,1.57134,1.57163,1.69,1.69
2013.07.16 08:42:36.659,1.57134,1.57164,1.69,2.07
2013.07.16 08:42:37.139,1.57132,1.57158,1.32,1.13
2013.07.16 08:42:39.512,1.57131,1.57158,1.32,1.32
2013.07.16 08:42:39.816,1.57128,1.5715,1.32,1.13
2013.07.16 08:42:40.189,1.57131,1.57161,1.32,2.07
2013.07.16 08:42:40.309,1.57131,1.57161,2.07,2.07
2013.07.16 08:42:40.680,1.57131,1.57162,1.69,1.13
2013.07.16 08:42:41.039,1.57131,1.57159,1.32,1.13
2013.07.16 08:42:41.459,1.57133,1.5716,1.32,1.13
2013.07.16 08:42:42.020,1.57135,1.57164,1.32,1.13
2013.07.16 08:42:42.160,1.57137,1.57167,1.32,1.13
2013.07.16 08:42:44.599,1.57137,1.57167,1.32,1.32
2013.07.16 08:42:46.299,1.57138,1.5717,1.69,1.69
2013.07.16 08:42:47.132,1.57138,1.57165,1.69,1.69
2013.07.16 08:42:47.370,1.5713,1.57162,2.44,1.69
2013.07.16 08:42:49.119,1.5713,1.57162,2.44,1.69
2013.07.16 08:42:49.719,1.57136,1.57163,1.32,1.32
2013.07.16 08:42:50.359,1.57136,1.57169,2.07,2.44
2013.07.16 08:42:50.419,1.57133,1.57165,2.07,1.69
2013.07.16 08:42:50.779,1.57129,1.5716,2.07,1.69
2013.07.16 08:42:52.219,1.57126,1.57153,1.32,1.50
2013.07.16 08:42:52.279,1.57126,1.5715,1.32,1.50
2013.07.16 08:42:52.339,1.57126,1.57149,1.13,1.69
2013.07.16 08:42:52.460,1.5712,1.57149,1.69,2.44
2013.07.16 08:42:52.639,1.57117,1.57147,1.69,1.69
2013.07.16 08:42:52.759,1.57116,1.57144,1.50,1.69
2013.07.16 08:42:53.095,1.57114,1.57139,1.13,1.69
2013.07.16 08:42:53.164,1.57112,1.57139,1.13,1.69
2013.07.16 08:42:53.399,1.57105,1.57136,1.32,1.32
2013.07.16 08:42:54.250,1.57106,1.5714,1.69,1.32
2013.07.16 08:42:54.429,1.57106,1.5714,1.69,1.32
2013.07.16 08:42:55.269,1.57107,1.57138,1.69,1.69
2013.07.16 08:42:55.629,1.57112,1.57139,1.69,1.50
2013.07.16 08:42:55.749,1.57112,1.57139,1.69,1.13
2013.07.16 08:42:56.599,1.57114,1.57144,1.69,2.44
2013.07.16 08:42:56.659,1.57112,1.57139,1.69,1.13
2013.07.16 08:42:56.779,1.5711,1.57138,1.69,1.13
2013.07.16 08:42:57.909,1.57106,1.57135,1.69,1.13
2013.07.16 08:42:58.209,1.57108,1.57136,1.69,2.07
2013.07.16 08:42:59.398,1.57109,1.57135,1.69,1.13
2013.07.16 08:43:00.800,1.57105,1.57136,1.69,1.32
2013.07.16 08:43:00.919,1.57105,1.57136,1.69,1.32
2013.07.16 08:43:03.919,1.57107,1.57135,1.69,2.82
2013.07.16 08:43:04.539,1.57105,1.57128,1.69,1.13
2013.07.16 08:43:04.659,1.57101,1.57126,1.69,1.13
2013.07.16 08:43:04.843,1.57097,1.57124,1.69,1.13
2013.07.16 08:43:05.259,1.57094,1.5712,1.69,1.13
2013.07.16 08:43:10.219,1.57094,1.57122,1.69,1.13
2013.07.16 08:43:10.700,1.57092,1.57122,1.69,1.13
2013.07.16 08:43:11.200,1.57093,1.57119,1.69,1.13
2013.07.16 08:43:11.470,1.57093,1.57123,1.69,1.32
2013.07.16 08:43:11.831,1.57106,1.57133,1.69,1.13
2013.07.16 08:43:11.890,1.57107,1.57133,1.69,1.13
2013.07.16 08:43:11.950,1.57107,1.57137,1.69,1.69
2013.07.16 08:43:12.310,1.57117,1.57145,1.69,1.32
2013.07.16 08:43:12.372,1.57117,1.57146,1.69,1.32
2013.07.16 08:43:12.431,1.57117,1.57146,1.69,1.32
2013.07.16 08:43:12.849,1.57121,1.57149,1.69,1.32
2013.07.16 08:43:13.389,1.57121,1.57149,1.69,1.32
2013.07.16 08:43:13.949,1.57119,1.5715,1.69,1.69
2013.07.16 08:43:15.679,1.57119,1.5715,1.13,2.44
2013.07.16 08:43:20.779,1.57118,1.5715,2.07,2.63
2013.07.16 08:43:25.075,1.57119,1.5715,2.07,1.88
2013.07.16 08:43:25.139,1.57119,1.5715,2.07,1.88
2013.07.16 08:43:25.200,1.57119,1.5715,2.07,1.88
2013.07.16 08:43:27.690,1.57119,1.5715,2.07,2.63
2013.07.16 08:43:27.980,1.57121,1.5715,1.69,2.44
2013.07.16 08:43:28.039,1.57121,1.5715,1.69,1.69
2013.07.16 08:43:28.629,1.57123,1.57154,2.07,1.32
2013.07.16 08:43:28.810,1.57127,1.57157,1.69,1.69
2013.07.16 08:43:28.989,1.57126,1.57157,1.69,2.07
2013.07.16 08:43:29.050,1.57121,1.57156,1.69,1.69
2013.07.16 08:43:29.290,1.57124,1.57156,1.32,1.32
2013.07.16 08:43:29.791,1.57125,1.57154,1.32,1.32
2013.07.16 08:43:30.329,1.57126,1.57158,2.07,1.69
2013.07.16 08:43:30.450,1.57128,1.57161,1.69,2.44
2013.07.16 08:43:32.610,1.57127,1.57159,1.69,1.69
2013.07.16 08:43:33.059,1.57127,1.5716,1.69,1.69
2013.07.16 08:43:33.421,1.57127,1.5716,1.69,1.69
2013.07.16 08:43:33.480,1.57126,1.5716,1.69,1.69
2013.07.16 08:43:33.660,1.57127,1.57156,1.69,1.32
2013.07.16 08:43:35.219,1.57127,1.57159,1.69,1.69
2013.07.16 08:43:35.280,1.57125,1.57159,2.44,1.69
2013.07.16 08:43:40.300,1.57125,1.5716,2.44,1.69
2013.07.16 08:43:40.780,1.57124,1.57153,2.07,1.32
2013.07.16 08:43:42.859,1.57125,1.57153,1.69,1.13
2013.07.16 08:43:42.981,1.57125,1.57158,2.44,1.32
2013.07.16 08:43:43.102,1.57132,1.57165,1.69,1.32
2013.07.16 08:43:43.173,1.57132,1.57166,1.69,2.07
2013.07.16 08:43:43.600,1.57135,1.57163,1.69,1.32
2013.07.16 08:43:43.661,1.57134,1.57163,1.32,1.32
2013.07.16 08:43:43.961,1.57123,1.57158,1.32,1.69
2013.07.16 08:43:44.160,1.57126,1.57151,1.13,1.69
2013.07.16 08:43:44.219,1.57119,1.57146,1.69,1.50
2013.07.16 08:43:44.280,1.57118,1.57146,1.69,1.50
2013.07.16 08:43:44.340,1.57115,1.57146,1.69,2.44
2013.07.16 08:43:44.402,1.57119,1.57146,1.69,1.69
2013.07.16 08:43:44.640,1.57127,1.57152,1.13,1.50
2013.07.16 08:43:44.820,1.57122,1.57149,1.69,1.13
2013.07.16 08:43:44.941,1.57122,1.57149,2.44,1.13
2013.07.16 08:43:45.300,1.57127,1.57158,1.69,1.32
2013.07.16 08:43:45.599,1.5713,1.57158,1.69,1.13
2013.07.16 08:43:46.030,1.5713,1.57164,1.69,1.32
2013.07.16 08:43:46.150,1.5713,1.57158,1.69,1.13
2013.07.16 08:43:46.651,1.57131,1.57158,1.69,1.13
2013.07.16 08:43:46.709,1.57131,1.57167,1.69,2.07
2013.07.16 08:43:46.834,1.57128,1.57159,2.44,1.32
2013.07.16 08:43:46.969,1.57128,1.57164,2.82,2.07
2013.07.16 08:43:47.270,1.57131,1.57162,1.69,1.32
2013.07.16 08:43:47.390,1.57128,1.57162,2.07,1.32
2013.07.16 08:43:47.931,1.57132,1.57164,1.69,2.44
2013.07.16 08:43:47.990,1.57132,1.57164,1.69,2.07
2013.07.16 08:43:48.960,1.57128,1.57163,2.44,1.32
2013.07.16 08:43:49.139,1.57128,1.57159,2.44,1.32
2013.07.16 08:43:49.559,1.57128,1.57164,2.44,2.07
2013.07.16 08:43:49.680,1.57128,1.57164,2.44,2.44
2013.07.16 08:43:51.740,1.57128,1.57159,1.69,1.32
2013.07.16 08:43:51.921,1.57129,1.57163,1.28,2.07
2013.07.16 08:43:52.400,1.57129,1.57158,1.65,1.32
2013.07.16 08:43:53.440,1.57132,1.57163,1.69,2.07
2013.07.16 08:43:54.049,1.57132,1.57163,1.69,1.32
2013.07.16 08:43:54.411,1.57134,1.57166,1.32,1.32
2013.07.16 08:43:55.331,1.57135,1.57169,2.07,2.07
2013.07.16 08:43:55.392,1.57138,1.57172,1.69,1.32
2013.07.16 08:43:55.632,1.57142,1.57173,1.69,1.32
2013.07.16 08:43:55.979,1.57148,1.57174,1.69,1.13
2013.07.16 08:43:56.670,1.57143,1.57174,1.32,1.13
2013.07.16 08:43:56.731,1.57142,1.57168,1.69,1.13
2013.07.16 08:43:57.031,1.57139,1.57168,1.69,1.13
2013.07.16 08:43:57.269,1.57139,1.57168,1.69,1.88
2013.07.16 08:43:57.570,1.57131,1.57164,1.69,1.13
2013.07.16 08:43:57.749,1.57131,1.57164,1.69,2.07
2013.07.16 08:43:57.930,1.57131,1.57163,1.69,1.32
2013.07.16 08:43:58.410,1.57136,1.57167,1.69,1.69
2013.07.16 08:43:59.120,1.57133,1.57168,1.69,2.82
2013.07.16 08:43:59.422,1.5713,1.57163,1.69,2.07
2013.07.16 08:43:59.481,1.57126,1.57155,1.69,1.13
2013.07.16 08:43:59.602,1.57126,1.57163,1.69,1.32
2013.07.16 08:43:59.721,1.57126,1.57159,1.69,1.32
2013.07.16 08:43:59.902,1.57121,1.57156,1.69,2.82
2013.07.16 08:44:00.262,1.5712,1.57149,1.69,1.13
2013.07.16 08:44:00.679,1.5712,1.57149,1.69,1.13
2013.07.16 08:44:00.920,1.57117,1.57145,1.69,1.13
2013.07.16 08:44:01.099,1.57117,1.57144,1.69,1.13
2013.07.16 08:44:01.640,1.57117,1.57144,1.69,1.13
2013.07.16 08:44:02.233,1.57116,1.57144,1.69,1.13
2013.07.16 08:44:02.769,1.57116,1.57144,1.69,1.13
2013.07.16 08:44:06.800,1.57116,1.57144,1.69,1.13
2013.07.16 08:44:08.777,1.57119,1.57147,1.69,1.32
2013.07.16 08:44:08.843,1.57119,1.57149,1.69,1.32
2013.07.16 08:44:08.901,1.57119,1.57153,2.44,1.32
2013.07.16 08:44:09.020,1.57129,1.57159,1.69,1.32
2013.07.16 08:44:09.080,1.57129,1.57159,1.69,1.32
2013.07.16 08:44:09.260,1.57132,1.57166,1.69,1.32
2013.07.16 08:44:09.322,1.57128,1.57167,1.69,1.69
2013.07.16 08:44:09.559,1.57124,1.57153,1.69,1.13
2013.07.16 08:44:09.741,1.57122,1.57148,1.32,1.13
2013.07.16 08:44:10.251,1.5712,1.57143,1.69,1.13
2013.07.16 08:44:10.430,1.5712,1.57152,1.69,1.32
2013.07.16 08:44:10.851,1.57119,1.57148,2.07,1.32
2013.07.16 08:44:11.031,1.57122,1.57148,1.69,1.13
2013.07.16 08:44:11.210,1.57122,1.57151,1.69,1.88
2013.07.16 08:44:11.759,1.57122,1.57151,1.69,1.88
2013.07.16 08:44:12.700,1.57122,1.57151,1.69,1.13
2013.07.16 08:44:12.842,1.57123,1.57156,1.69,1.32
2013.07.16 08:44:13.449,1.5712,1.57154,1.69,1.32
2013.07.16 08:44:13.810,1.5712,1.57148,2.07,1.32
2013.07.16 08:44:14.164,1.5712,1.57152,2.07,1.32
2013.07.16 08:44:14.599,1.5712,1.57154,2.07,2.07
2013.07.16 08:44:14.780,1.5712,1.57154,2.07,2.07
2013.07.16 08:44:15.670,1.57119,1.57151,1.32,1.69
2013.07.16 08:44:16.400,1.5712,1.57148,1.69,1.13
2013.07.16 08:44:16.523,1.5712,1.57151,2.07,1.32
2013.07.16 08:44:17.020,1.57122,1.5715,1.69,1.13
2013.07.16 08:44:17.940,1.57122,1.57153,1.69,1.32
2013.07.16 08:44:18.609,1.57119,1.57152,1.32,1.32
2013.07.16 08:44:18.730,1.57114,1.57134,1.32,1.13
2013.07.16 08:44:18.851,1.57112,1.57133,1.32,1.13
2013.07.16 08:44:18.970,1.57109,1.57133,1.69,1.13
2013.07.16 08:44:19.030,1.57105,1.57133,1.69,1.13
2013.07.16 08:44:19.450,1.57103,1.57137,2.44,1.32
2013.07.16 08:44:19.630,1.57109,1.57138,1.69,1.88
2013.07.16 08:44:22.429,1.57109,1.57136,1.32,1.13
2013.07.16 08:44:22.782,1.57109,1.57129,1.32,1.13
2013.07.16 08:44:22.959,1.57111,1.57138,1.32,1.32
2013.07.16 08:44:23.641,1.57106,1.57136,1.32,1.32
2013.07.16 08:44:23.819,1.57101,1.57124,1.13,1.13
2013.07.16 08:44:23.939,1.57096,1.57124,1.69,1.13
2013.07.16 08:44:23.999,1.5709,1.57124,2.44,1.32
2013.07.16 08:44:24.359,1.57089,1.57113,1.69,1.13
2013.07.16 08:44:24.719,1.57092,1.57118,1.69,1.32
2013.07.16 08:44:25.079,1.57092,1.57127,2.44,1.32
2013.07.16 08:44:25.139,1.57092,1.57127,1.69,1.32
2013.07.16 08:44:25.199,1.57092,1.57124,1.69,1.32
2013.07.16 08:44:25.379,1.57092,1.57124,1.69,1.32
2013.07.16 08:44:25.439,1.57099,1.57129,1.69,1.32
2013.07.16 08:44:25.559,1.57097,1.57129,2.07,1.69
2013.07.16 08:44:25.859,1.57092,1.57123,1.69,1.69
2013.07.16 08:44:25.919,1.57089,1.57123,1.32,1.69
2013.07.16 08:44:26.280,1.57093,1.57125,2.07,1.32
2013.07.16 08:44:26.759,1.5709,1.57123,1.69,1.32
2013.07.16 08:44:27.179,1.57087,1.57123,1.69,2.44
2013.07.16 08:44:27.539,1.57076,1.57109,1.69,1.32
2013.07.16 08:44:27.600,1.57076,1.57108,1.69,1.13
2013.07.16 08:44:27.720,1.57071,1.57106,1.69,1.32
2013.07.16 08:44:27.839,1.57071,1.571,1.69,1.32
2013.07.16 08:44:28.019,1.57068,1.57099,1.69,1.32
2013.07.16 08:44:28.322,1.57061,1.57094,1.69,2.07
2013.07.16 08:44:28.440,1.57059,1.57088,1.69,1.32
2013.07.16 08:44:28.679,1.57059,1.57092,1.69,1.32
2013.07.16 08:44:28.739,1.57066,1.57097,1.69,1.32
2013.07.16 08:44:29.160,1.57066,1.57097,1.69,1.32
2013.07.16 08:44:29.400,1.57062,1.57097,1.69,1.32
2013.07.16 08:44:29.519,1.57062,1.57097,1.69,1.32
2013.07.16 08:44:29.580,1.57062,1.57097,1.69,1.32
2013.07.16 08:44:30.132,1.57062,1.57097,1.69,1.32
2013.07.16 08:44:30.669,1.57062,1.57093,1.69,1.32
2013.07.16 08:44:32.501,1.57062,1.57096,1.69,1.32
2013.07.16 08:44:32.561,1.5706,1.57087,2.07,1.13
2013.07.16 08:44:32.681,1.57062,1.57094,1.69,1.32
2013.07.16 08:44:32.741,1.57066,1.57094,1.50,1.32
2013.07.16 08:44:32.860,1.57061,1.57089,2.07,1.13
2013.07.16 08:44:32.919,1.57061,1.57089,1.32,1.13
2013.07.16 08:44:33.340,1.57056,1.57084,1.69,1.13
2013.07.16 08:44:33.459,1.57053,1.57084,2.44,1.32
2013.07.16 08:44:33.579,1.57058,1.57084,1.32,1.32
2013.07.16 08:44:33.760,1.57057,1.57084,1.32,1.13
2013.07.16 08:44:34.419,1.57057,1.57084,2.07,1.32
2013.07.16 08:44:34.479,1.57057,1.57083,1.32,1.32
2013.07.16 08:44:38.620,1.57058,1.57084,1.32,1.32
2013.07.16 08:44:38.741,1.57057,1.57085,1.32,1.32
2013.07.16 08:44:39.249,1.57056,1.57084,1.32,1.32
2013.07.16 08:44:40.052,1.57056,1.57084,1.32,1.32
2013.07.16 08:44:40.412,1.57057,1.57084,1.69,1.13
2013.07.16 08:44:41.299,1.57062,1.57084,1.32,1.13
2013.07.16 08:44:41.480,1.5706,1.57088,1.32,1.32
2013.07.16 08:44:42.830,1.57057,1.57084,1.32,1.32
2013.07.16 08:44:42.969,1.57056,1.57083,1.69,1.13
2013.07.16 08:44:43.029,1.57056,1.57083,1.69,1.32
2013.07.16 08:44:43.149,1.5705,1.57083,1.69,2.07
2013.07.16 08:44:43.510,1.57046,1.57079,1.69,1.32
2013.07.16 08:44:43.569,1.57049,1.57081,1.69,1.32
2013.07.16 08:44:44.050,1.57052,1.57081,1.69,1.32
2013.07.16 08:44:44.771,1.57053,1.57083,1.32,2.07
2013.07.16 08:44:48.659,1.57053,1.57082,1.69,1.32
2013.07.16 08:44:48.719,1.57053,1.57085,1.69,1.32
2013.07.16 08:44:48.899,1.57053,1.57083,1.69,1.69
2013.07.16 08:44:49.142,1.57055,1.57087,1.32,1.32
2013.07.16 08:44:49.499,1.57063,1.57096,1.28,2.44
2013.07.16 08:44:49.559,1.57065,1.57098,1.69,2.07
2013.07.16 08:44:49.799,1.57069,1.57098,1.32,1.32
2013.07.16 08:44:50.160,1.57069,1.57095,1.32,1.32
2013.07.16 08:44:50.219,1.57068,1.57095,1.69,1.13
2013.07.16 08:44:50.459,1.57063,1.57093,1.69,1.32
2013.07.16 08:44:53.010,1.57063,1.57091,2.44,1.13
2013.07.16 08:44:53.232,1.57063,1.57094,2.44,1.32
2013.07.16 08:44:54.399,1.57063,1.57091,2.44,1.13
2013.07.16 08:44:54.711,1.57063,1.57093,1.32,1.32
2013.07.16 08:44:54.770,1.57062,1.57093,1.32,1.13
2013.07.16 08:44:55.380,1.57063,1.57096,1.32,1.32
2013.07.16 08:44:55.501,1.57063,1.57094,1.32,1.32
2013.07.16 08:44:56.144,1.57063,1.57094,1.32,1.32
2013.07.16 08:44:57.709,1.57061,1.57094,1.69,1.32
2013.07.16 08:44:57.769,1.57057,1.57092,1.69,2.07
2013.07.16 08:44:58.190,1.57057,1.57087,1.32,1.32
2013.07.16 08:44:58.789,1.57058,1.57088,1.32,1.32
2013.07.16 08:44:58.910,1.57059,1.57089,1.69,1.32
2013.07.16 08:44:59.089,1.57063,1.57094,1.69,1.32
2013.07.16 08:44:59.649,1.57064,1.57094,1.69,2.07
2013.07.16 08:45:00.090,1.57067,1.57091,1.32,1.13
2013.07.16 08:45:00.649,1.57062,1.57091,1.69,1.32
2013.07.16 08:45:00.889,1.57058,1.57089,1.69,1.69
2013.07.16 08:45:00.950,1.57058,1.57089,1.69,1.69
2013.07.16 08:45:01.489,1.57055,1.57084,1.69,1.50
2013.07.16 08:45:01.610,1.57052,1.57084,2.07,1.69
2013.07.16 08:45:01.969,1.5706,1.57088,1.32,2.44
2013.07.16 08:45:02.389,1.5706,1.57088,1.32,1.69
2013.07.16 08:45:02.449,1.5706,1.57088,1.32,1.69
2013.07.16 08:45:03.859,1.57056,1.57088,1.69,2.07
2013.07.16 08:45:04.219,1.57053,1.57082,2.07,1.32
2013.07.16 08:45:04.520,1.57053,1.57082,2.82,1.32
2013.07.16 08:45:05.228,1.57054,1.57078,1.32,1.13
2013.07.16 08:45:05.349,1.57054,1.57079,2.07,1.13
2013.07.16 08:45:05.869,1.57053,1.57079,1.69,1.13
2013.07.16 08:45:06.931,1.57062,1.57079,1.17,1.13
2013.07.16 08:45:07.050,1.57063,1.57094,1.92,2.07
2013.07.16 08:45:07.110,1.57064,1.57094,1.69,2.07
2013.07.16 08:45:07.410,1.57066,1.57098,1.69,1.69
2013.07.16 08:45:07.469,1.57069,1.57098,2.44,1.69
2013.07.16 08:45:07.922,1.57074,1.57106,1.28,1.32
2013.07.16 08:45:08.161,1.5708,1.5711,1.69,1.32
2013.07.16 08:45:08.280,1.57077,1.57109,1.69,1.69
2013.07.16 08:45:10.880,1.57079,1.57109,1.32,1.69
2013.07.16 08:45:12.679,1.57079,1.57111,1.69,1.32
2013.07.16 08:45:12.799,1.5708,1.57113,1.69,1.69
2013.07.16 08:45:12.920,1.57083,1.57114,1.32,1.69
2013.07.16 08:45:13.280,1.5708,1.5711,1.32,1.32
2013.07.16 08:45:13.879,1.57077,1.5711,1.32,1.32
2013.07.16 08:45:14.880,1.5708,1.5711,1.32,1.32
2013.07.16 08:45:17.062,1.57079,1.57111,1.32,2.07
2013.07.16 08:45:18.617,1.57076,1.5711,1.32,1.69
2013.07.16 08:45:18.680,1.57077,1.5711,1.32,1.69
2013.07.16 08:45:18.919,1.57077,1.57104,1.69,1.32
2013.07.16 08:45:19.529,1.57077,1.57106,1.32,1.69
2013.07.16 08:45:20.087,1.57079,1.57106,1.13,1.69
2013.07.16 08:45:20.389,1.57079,1.57109,1.32,1.69
2013.07.16 08:45:21.449,1.57076,1.57109,1.32,2.44
2013.07.16 08:45:21.929,1.57076,1.57105,2.07,1.69
2013.07.16 08:45:22.649,1.5708,1.57111,1.32,1.69
2013.07.16 08:45:23.432,1.57078,1.57111,1.69,1.69
2013.07.16 08:45:23.490,1.57077,1.57111,1.69,1.69
2013.07.16 08:45:24.181,1.57073,1.57102,1.69,1.13
2013.07.16 08:45:24.241,1.57066,1.57098,1.69,1.50
2013.07.16 08:45:24.361,1.5706,1.57094,1.69,1.50
2013.07.16 08:45:24.423,1.57065,1.57093,1.50,1.50
2013.07.16 08:45:24.600,1.57058,1.57088,1.32,1.69
2013.07.16 08:45:25.140,1.57051,1.57084,1.69,1.69
2013.07.16 08:45:26.839,1.5705,1.57085,1.69,1.69
2013.07.16 08:45:27.149,1.57051,1.57082,1.32,1.69
2013.07.16 08:45:27.730,1.57052,1.57087,1.69,1.32
2013.07.16 08:45:27.850,1.57057,1.5709,1.32,1.69
2013.07.16 08:45:27.910,1.57058,1.5709,1.32,1.69
2013.07.16 08:45:28.749,1.57058,1.57092,1.69,1.69
2013.07.16 08:45:29.169,1.57063,1.57094,1.69,1.69
2013.07.16 08:45:29.290,1.57067,1.571,1.32,2.44
2013.07.16 08:45:30.930,1.57065,1.571,1.32,3.19
2013.07.16 08:45:30.990,1.57061,1.57097,2.44,1.69
2013.07.16 08:45:31.111,1.57061,1.57093,2.07,1.69
2013.07.16 08:45:31.231,1.5706,1.57093,2.44,1.69
2013.07.16 08:45:31.291,1.5706,1.57093,1.69,1.69
2013.07.16 08:45:31.351,1.5706,1.57092,1.69,1.69
2013.07.16 08:45:31.471,1.5706,1.57092,2.44,1.69
2013.07.16 08:45:31.830,1.57059,1.57092,1.32,1.69
2013.07.16 08:45:32.728,1.57061,1.57092,1.32,1.69
2013.07.16 08:45:33.440,1.57061,1.57089,1.32,1.69
2013.07.16 08:45:33.741,1.57049,1.57081,2.44,1.50
2013.07.16 08:45:33.861,1.57047,1.57081,1.69,1.69
2013.07.16 08:45:34.520,1.57044,1.57081,1.32,1.69
2013.07.16 08:45:34.643,1.57046,1.57081,1.69,1.69
2013.07.16 08:45:34.821,1.57051,1.57081,1.69,1.69
2013.07.16 08:45:35.180,1.57047,1.57081,1.69,1.69
2013.07.16 08:45:35.361,1.57044,1.57077,1.69,1.69
2013.07.16 08:45:35.779,1.57042,1.57073,1.69,1.69
2013.07.16 08:45:36.620,1.57041,1.57073,1.32,1.69
2013.07.16 08:45:37.180,1.57042,1.57073,1.32,2.44
2013.07.16 08:45:37.712,1.5704,1.57073,1.69,2.44
2013.07.16 08:45:37.788,1.57033,1.57066,1.32,1.69
2013.07.16 08:45:37.856,1.57028,1.57061,1.32,1.69
2013.07.16 08:45:37.944,1.57031,1.57062,1.69,1.69
2013.07.16 08:45:38.072,1.57031,1.57062,1.69,2.44
2013.07.16 08:45:38.191,1.57032,1.57064,1.32,1.69
2013.07.16 08:45:38.252,1.57034,1.57067,1.69,1.69
2013.07.16 08:45:38.491,1.57036,1.57064,1.13,1.69
2013.07.16 08:45:38.550,1.57036,1.57065,1.32,1.69
2013.07.16 08:45:38.610,1.57036,1.57065,1.32,1.69
2013.07.16 08:45:38.669,1.57032,1.57065,1.32,1.69
2013.07.16 08:45:39.160,1.5703,1.57058,1.69,2.44
2013.07.16 08:45:39.280,1.57031,1.5706,1.69,1.69
2013.07.16 08:45:39.640,1.57031,1.5706,1.32,1.69
2013.07.16 08:45:39.999,1.57027,1.57056,1.32,1.69
2013.07.16 08:45:41.140,1.57023,1.57053,1.32,1.69
2013.07.16 08:45:41.500,1.57025,1.5705,1.32,1.50
2013.07.16 08:45:41.831,1.57031,1.57059,1.32,1.69
2013.07.16 08:45:42.071,1.57021,1.57058,1.69,1.69
2013.07.16 08:45:42.251,1.57028,1.57053,1.13,1.69
2013.07.16 08:45:42.490,1.57022,1.57049,1.13,1.69
2013.07.16 08:45:42.611,1.57017,1.57049,1.69,1.69
2013.07.16 08:45:42.871,1.5702,1.57049,1.69,1.69
2013.07.16 08:45:44.200,1.57016,1.57049,1.69,1.69
2013.07.16 08:45:45.079,1.57014,1.57045,1.69,1.69
2013.07.16 08:45:45.379,1.57014,1.57049,1.69,2.44
2013.07.16 08:45:45.679,1.5702,1.57053,2.44,2.07
2013.07.16 08:45:46.219,1.57024,1.57055,1.69,1.69
2013.07.16 08:45:46.929,1.57023,1.5705,1.32,1.50
2013.07.16 08:45:47.800,1.57019,1.57048,1.69,2.44
2013.07.16 08:45:47.980,1.57009,1.57034,1.32,1.13
2013.07.16 08:45:48.372,1.57004,1.57037,1.32,1.69
2013.07.16 08:45:49.189,1.57006,1.5704,1.69,2.44
2013.07.16 08:45:49.489,1.57005,1.57036,1.13,1.32
2013.07.16 08:45:49.791,1.57014,1.57039,1.32,1.69
2013.07.16 08:45:49.852,1.57015,1.57048,1.69,2.44
2013.07.16 08:45:49.972,1.57021,1.57048,1.32,1.32
2013.07.16 08:45:50.089,1.57024,1.57053,1.69,1.32
2013.07.16 08:45:50.150,1.57027,1.57057,1.32,1.69
2013.07.16 08:45:50.389,1.57026,1.57057,1.32,1.69
2013.07.16 08:45:50.749,1.57022,1.57057,1.69,2.44
2013.07.16 08:45:51.180,1.57022,1.57055,1.69,1.69
2013.07.16 08:45:51.480,1.57023,1.57055,2.07,2.44
2013.07.16 08:45:51.722,1.57024,1.57059,1.32,1.69
2013.07.16 08:45:51.840,1.57026,1.57059,1.69,1.69
2013.07.16 08:45:52.650,1.57026,1.57059,1.69,1.69
2013.07.16 08:45:52.950,1.57024,1.57056,2.44,1.69
2013.07.16 08:45:53.190,1.57024,1.57056,2.07,1.69
2013.07.16 08:45:54.279,1.57024,1.57059,2.07,1.69
2013.07.16 08:45:54.639,1.57024,1.57059,2.07,1.69
2013.07.16 08:45:54.819,1.57034,1.57062,1.13,1.69
2013.07.16 08:45:54.880,1.57035,1.57063,1.13,2.44
2013.07.16 08:45:55.299,1.57028,1.57062,1.69,1.69
2013.07.16 08:45:55.362,1.57026,1.57053,3.19,1.50
2013.07.16 08:45:55.482,1.57025,1.57053,1.69,1.69
2013.07.16 08:45:55.544,1.57022,1.57052,1.69,1.69
2013.07.16 08:45:55.672,1.57019,1.57049,1.69,2.44
2013.07.16 08:45:55.973,1.57017,1.57049,1.69,1.69
2013.07.16 08:45:56.271,1.57024,1.57059,2.07,2.44
2013.07.16 08:45:56.631,1.57029,1.57063,1.69,1.69
2013.07.16 08:45:56.691,1.57031,1.57064,1.69,1.69
2013.07.16 08:45:56.990,1.57031,1.57064,2.44,1.69
2013.07.16 08:45:57.289,1.57031,1.57064,1.69,2.44
2013.07.16 08:45:57.529,1.57025,1.57056,1.69,1.69
2013.07.16 08:45:58.169,1.57022,1.57053,1.32,1.69
2013.07.16 08:45:58.230,1.57025,1.57053,1.13,1.32
2013.07.16 08:45:58.469,1.57019,1.57047,1.69,1.50
2013.07.16 08:45:59.540,1.57013,1.57045,2.44,1.50
2013.07.16 08:46:02.170,1.57009,1.5704,1.32,1.69
2013.07.16 08:46:02.229,1.57011,1.5704,1.69,1.69
2013.07.16 08:46:02.410,1.57008,1.5704,2.07,1.69
2013.07.16 08:46:02.469,1.57011,1.5704,1.69,1.69
2013.07.16 08:46:02.889,1.57009,1.57042,1.32,2.44
2013.07.16 08:46:03.010,1.57009,1.57039,1.69,1.69
2013.07.16 08:46:03.659,1.57007,1.5704,1.69,2.44
2013.07.16 08:46:04.139,1.57008,1.5704,1.32,1.69
2013.07.16 08:46:04.680,1.57004,1.57034,1.69,1.69
2013.07.16 08:46:04.920,1.57006,1.57034,1.69,1.69
2013.07.16 08:46:05.921,1.57005,1.57036,1.32,1.69
2013.07.16 08:46:06.221,1.57005,1.57035,1.32,1.69
2013.07.16 08:46:07.489,1.57003,1.57034,1.69,1.69
2013.07.16 08:46:07.790,1.57002,1.57035,2.07,1.69
2013.07.16 08:46:08.439,1.57002,1.57033,2.07,1.69
2013.07.16 08:46:08.620,1.57002,1.57031,2.44,1.32
2013.07.16 08:46:09.039,1.57002,1.57034,1.69,1.69
2013.07.16 08:46:09.171,1.57002,1.57034,2.44,1.69
2013.07.16 08:46:10.179,1.57002,1.57033,2.44,1.69
2013.07.16 08:46:10.359,1.57002,1.57033,2.44,1.69
2013.07.16 08:46:10.420,1.57006,1.57033,1.50,1.69
2013.07.16 08:46:10.482,1.57006,1.57035,1.69,1.69
2013.07.16 08:46:10.811,1.57006,1.57038,1.69,2.44
2013.07.16 08:46:11.900,1.57007,1.57038,3.19,1.69
2013.07.16 08:46:11.962,1.57015,1.57044,1.88,1.69
2013.07.16 08:46:12.080,1.57015,1.57047,1.32,1.69
2013.07.16 08:46:13.230,1.57019,1.57049,1.69,1.69
2013.07.16 08:46:13.879,1.57017,1.57049,1.32,1.69
2013.07.16 08:46:14.060,1.57011,1.57047,1.32,2.44
2013.07.16 08:46:14.611,1.57011,1.57042,1.32,1.69
2013.07.16 08:46:15.920,1.57011,1.5704,1.32,1.69
2013.07.16 08:46:16.590,1.57011,1.5704,1.32,1.69
2013.07.16 08:46:16.649,1.57011,1.57042,2.07,1.69
2013.07.16 08:46:17.079,1.57014,1.57042,1.32,1.69
2013.07.16 08:46:17.440,1.57015,1.57048,1.69,2.07
2013.07.16 08:46:17.560,1.57019,1.57048,1.69,1.32
2013.07.16 08:46:17.620,1.57022,1.57054,1.32,1.69
2013.07.16 08:46:17.981,1.57023,1.57057,1.32,2.44
2013.07.16 08:46:18.680,1.57024,1.57057,1.32,1.69
2013.07.16 08:46:19.181,1.57026,1.57057,1.69,1.69
2013.07.16 08:46:19.240,1.57031,1.57058,1.50,1.69
2013.07.16 08:46:19.300,1.57031,1.57058,2.25,1.69
2013.07.16 08:46:19.539,1.57036,1.57068,1.13,1.69
2013.07.16 08:46:19.660,1.57038,1.57068,1.50,1.69
2013.07.16 08:46:19.959,1.57038,1.5707,1.69,1.69
2013.07.16 08:46:20.531,1.57041,1.5707,1.50,1.69
2013.07.16 08:46:21.072,1.57041,1.57073,1.69,2.44
2013.07.16 08:46:21.429,1.57043,1.57073,2.07,1.69
2013.07.16 08:46:23.380,1.57041,1.57073,1.32,1.69
2013.07.16 08:46:23.619,1.57042,1.57071,1.32,1.69
2013.07.16 08:46:27.240,1.57047,1.57076,1.32,1.69
2013.07.16 08:46:28.559,1.57046,1.57077,1.69,1.69
2013.07.16 08:46:29.150,1.57046,1.57079,2.07,1.69
2013.07.16 08:46:30.569,1.57046,1.57078,1.32,1.69
2013.07.16 08:46:31.860,1.57046,1.57078,1.32,2.82
2013.07.16 08:46:32.165,1.57054,1.57081,1.32,1.69
2013.07.16 08:46:32.480,1.57053,1.57086,1.69,1.69
2013.07.16 08:46:32.719,1.57057,1.57088,1.32,1.69
2013.07.16 08:46:34.070,1.57057,1.57091,1.32,2.44
2013.07.16 08:46:34.660,1.5706,1.57091,1.32,2.44
2013.07.16 08:46:35.941,1.57059,1.5709,1.32,2.44
2013.07.16 08:46:36.299,1.57066,1.57093,1.13,3.19
2013.07.16 08:46:41.149,1.57061,1.57091,1.32,1.69
2013.07.16 08:46:41.450,1.57059,1.57091,1.32,1.69
2013.07.16 08:46:41.809,1.57057,1.57089,2.07,1.69
2013.07.16 08:46:41.990,1.57057,1.57081,1.69,1.50
2013.07.16 08:46:42.111,1.57047,1.57081,2.07,1.69
2013.07.16 08:46:42.357,1.57048,1.57078,1.32,1.50
2013.07.16 08:46:42.869,1.57048,1.57078,1.32,2.44
2013.07.16 08:46:43.472,1.57047,1.57082,1.69,2.44
2013.07.16 08:46:43.532,1.57056,1.57082,1.13,1.69
2013.07.16 08:46:45.420,1.57056,1.57082,1.13,1.69
2013.07.16 08:46:47.089,1.57056,1.57084,1.13,1.69
2013.07.16 08:46:47.478,1.57062,1.5709,1.13,1.69
2013.07.16 08:46:48.019,1.57062,1.57088,1.13,1.69
2013.07.16 08:46:48.748,1.57062,1.5709,1.32,1.69
2013.07.16 08:46:49.290,1.57062,1.57087,1.13,1.69
2013.07.16 08:46:52.349,1.57062,1.57088,1.13,1.69
2013.07.16 08:46:52.876,1.57062,1.5709,1.13,1.69
2013.07.16 08:46:55.929,1.57062,1.57088,1.13,1.69
2013.07.16 08:46:56.829,1.57062,1.57088,1.13,2.44
2013.07.16 08:46:57.379,1.57062,1.57088,1.32,1.69
2013.07.16 08:46:57.967,1.57062,1.57091,1.32,2.44
2013.07.16 08:47:00.431,1.57062,1.57091,1.32,2.44
2013.07.16 08:47:01.549,1.57062,1.57085,1.32,1.69
2013.07.16 08:47:01.789,1.57062,1.57083,1.13,2.44
2013.07.16 08:47:02.149,1.57055,1.57081,1.32,1.69
2013.07.16 08:47:02.329,1.57052,1.57082,1.32,2.44
2013.07.16 08:47:05.761,1.57047,1.57078,2.07,1.69
2013.07.16 08:47:05.820,1.57047,1.57078,1.32,2.44
2013.07.16 08:47:06.089,1.57047,1.57078,1.32,2.44
2013.07.16 08:47:06.209,1.57047,1.57074,1.32,1.69
2013.07.16 08:47:08.010,1.57047,1.57073,1.13,1.69
2013.07.16 08:47:08.531,1.57043,1.57071,1.32,1.69
2013.07.16 08:47:10.160,1.57041,1.57072,1.32,2.44
2013.07.16 08:47:11.331,1.57034,1.57068,1.69,1.69
2013.07.16 08:47:11.509,1.57036,1.57068,1.69,1.69
2013.07.16 08:47:14.940,1.57039,1.57069,1.69,1.69
2013.07.16 08:47:17.915,1.57039,1.5707,1.69,1.69
2013.07.16 08:47:18.280,1.57046,1.5707,1.13,1.69
2013.07.16 08:47:18.460,1.57051,1.57077,1.13,1.69
2013.07.16 08:47:19.990,1.57051,1.57079,1.13,1.69
2013.07.16 08:47:20.819,1.57051,1.57079,1.13,1.69
2013.07.16 08:47:20.880,1.57051,1.5708,1.32,1.69
2013.07.16 08:47:22.830,1.57052,1.57081,1.32,1.69
2013.07.16 08:47:23.599,1.57052,1.57083,1.32,1.69
2013.07.16 08:47:23.841,1.57058,1.57084,1.13,1.69
2013.07.16 08:47:24.710,1.57057,1.57084,1.13,1.69
2013.07.16 08:47:28.845,1.57058,1.57086,1.13,1.69
2013.07.16 08:47:32.860,1.57056,1.57085,1.13,1.69
2013.07.16 08:47:33.510,1.57051,1.57083,1.69,1.69
2013.07.16 08:47:33.630,1.57047,1.5708,2.07,1.69
2013.07.16 08:47:33.690,1.57047,1.57076,2.07,1.69
2013.07.16 08:47:35.120,1.57043,1.57072,1.32,1.69
2013.07.16 08:47:36.969,1.57047,1.57073,1.13,1.69
2013.07.16 08:47:37.030,1.57047,1.57075,1.32,1.69
2013.07.16 08:47:38.100,1.57048,1.57075,1.32,1.69
2013.07.16 08:47:38.160,1.57051,1.57081,1.32,2.44
2013.07.16 08:47:41.189,1.57054,1.57081,1.13,2.44
2013.07.16 08:47:42.083,1.57054,1.57082,1.32,1.69
2013.07.16 08:47:43.170,1.57057,1.57082,1.13,1.69
2013.07.16 08:47:43.229,1.57056,1.57089,1.32,1.69
2013.07.16 08:47:43.349,1.57058,1.5709,1.32,2.44
2013.07.16 08:47:44.451,1.57065,1.57091,1.50,1.69
2013.07.16 08:47:44.513,1.57065,1.57094,1.69,1.69
2013.07.16 08:47:46.373,1.57065,1.57093,1.88,1.69
2013.07.16 08:47:47.515,1.57065,1.57095,2.07,1.69
2013.07.16 08:47:50.075,1.57063,1.57095,1.32,1.69
2013.07.16 08:47:50.140,1.57063,1.57094,1.32,1.69
2013.07.16 08:47:56.580,1.57062,1.57092,2.44,1.69
2013.07.16 08:47:57.401,1.57065,1.57092,1.69,1.69
2013.07.16 08:47:57.701,1.57065,1.57094,1.69,1.69
2013.07.16 08:47:59.839,1.57066,1.57094,1.50,1.69
2013.07.16 08:47:59.980,1.57068,1.57097,1.32,2.82
2013.07.16 08:48:00.529,1.57068,1.57097,1.32,1.69
2013.07.16 08:48:00.865,1.57068,1.57099,1.32,1.69
2013.07.16 08:48:01.920,1.57069,1.57094,1.32,1.32
2013.07.16 08:48:02.901,1.57069,1.57096,1.32,1.32
2013.07.16 08:48:03.405,1.57068,1.57094,1.32,1.32
2013.07.16 08:48:04.469,1.57068,1.57096,1.32,1.32
2013.07.16 08:48:08.179,1.57068,1.57096,1.32,1.32
2013.07.16 08:48:10.892,1.57069,1.57094,1.13,2.44
2013.07.16 08:48:11.082,1.57066,1.57094,1.50,2.44
2013.07.16 08:48:13.900,1.57068,1.57098,1.69,1.69
2013.07.16 08:48:14.019,1.57078,1.57104,1.13,2.44
2013.07.16 08:48:14.080,1.57078,1.57104,1.13,1.69
2013.07.16 08:48:14.200,1.57078,1.57107,1.50,1.69
2013.07.16 08:48:14.441,1.57084,1.57108,1.88,1.69
2013.07.16 08:48:14.740,1.57084,1.57109,1.88,1.69
2013.07.16 08:48:14.860,1.57085,1.57116,1.13,2.07
2013.07.16 08:48:15.460,1.57087,1.57116,1.50,1.32
2013.07.16 08:48:15.641,1.57087,1.57116,1.69,1.32
2013.07.16 08:48:16.690,1.57088,1.57116,1.69,1.32
2013.07.16 08:48:17.190,1.57091,1.57124,2.07,1.69
2013.07.16 08:48:17.370,1.57095,1.57126,1.32,1.69
2013.07.16 08:48:17.430,1.57095,1.57128,1.32,1.69
2013.07.16 08:48:19.039,1.571,1.57129,2.07,1.69
2013.07.16 08:48:19.559,1.571,1.5713,2.07,1.69
2013.07.16 08:48:20.161,1.571,1.5713,2.07,1.69
2013.07.16 08:48:20.555,1.571,1.57129,2.07,1.69
2013.07.16 08:48:25.538,1.57101,1.57128,1.13,3.19
2013.07.16 08:48:28.161,1.57107,1.57128,1.50,1.69
2013.07.16 08:48:28.223,1.57107,1.57131,1.50,1.69
2013.07.16 08:48:28.281,1.57108,1.57131,1.13,1.69
2013.07.16 08:48:28.400,1.5711,1.57134,1.13,1.69
2013.07.16 08:48:28.580,1.57102,1.57134,1.32,1.69
2013.07.16 08:48:28.700,1.57098,1.57124,1.88,1.69
2013.07.16 08:48:30.000,1.57095,1.57123,1.88,1.69
2013.07.16 08:48:30.990,1.57095,1.57123,1.50,1.69
2013.07.16 08:48:33.340,1.57095,1.57123,1.50,1.69
2013.07.16 08:48:35.630,1.57095,1.57117,1.50,1.32
2013.07.16 08:48:35.690,1.57094,1.57116,1.13,2.07
2013.07.16 08:48:35.870,1.57079,1.57113,1.50,1.69
2013.07.16 08:48:35.990,1.57078,1.57106,1.88,1.69
2013.07.16 08:48:36.110,1.57077,1.57103,1.13,1.69
2013.07.16 08:48:36.171,1.57068,1.57101,1.69,1.32
2013.07.16 08:48:36.291,1.57061,1.57092,2.07,1.69
2013.07.16 08:48:36.411,1.57061,1.57092,2.07,1.69
2013.07.16 08:48:36.591,1.57059,1.5709,1.32,2.44
2013.07.16 08:48:36.651,1.57059,1.5709,1.32,2.44
2013.07.16 08:48:36.771,1.57059,1.5709,1.32,2.44
2013.07.16 08:48:36.890,1.57056,1.57088,2.07,1.69
2013.07.16 08:48:36.951,1.57054,1.57084,1.13,1.69
2013.07.16 08:48:37.131,1.57047,1.57084,2.82,1.69
2013.07.16 08:48:37.861,1.57052,1.57086,1.69,1.69
2013.07.16 08:48:38.042,1.57051,1.57085,1.69,1.69
2013.07.16 08:48:38.101,1.57054,1.57085,1.69,1.69
2013.07.16 08:48:38.162,1.57054,1.57089,2.44,1.13
2013.07.16 08:48:38.282,1.5706,1.5709,1.69,1.32
2013.07.16 08:48:38.740,1.57062,1.57094,1.69,1.32
2013.07.16 08:48:39.468,1.5706,1.57095,2.44,1.69
2013.07.16 08:48:40.430,1.5706,1.57095,1.69,1.69
2013.07.16 08:48:40.910,1.57059,1.57093,1.69,1.69
2013.07.16 08:48:40.970,1.57059,1.57093,2.44,1.69
2013.07.16 08:48:41.150,1.57063,1.57095,1.69,1.69
2013.07.16 08:48:41.451,1.57058,1.57092,1.69,1.69
2013.07.16 08:48:41.511,1.57057,1.5709,1.69,1.69
2013.07.16 08:48:41.931,1.57059,1.57093,1.69,1.69
2013.07.16 08:48:41.990,1.57062,1.57094,1.69,1.69
2013.07.16 08:48:42.889,1.57062,1.57096,1.69,2.44
2013.07.16 08:48:46.190,1.57063,1.57096,1.69,2.44
2013.07.16 08:48:46.850,1.57065,1.57094,1.32,1.69
2013.07.16 08:48:47.710,1.57066,1.57096,2.07,1.69
2013.07.16 08:48:47.830,1.57071,1.57099,1.50,1.69
2013.07.16 08:48:48.010,1.57071,1.57103,1.69,2.44
2013.07.16 08:48:48.071,1.57071,1.57103,2.44,1.69
2013.07.16 08:48:48.590,1.57071,1.57106,2.44,2.44
2013.07.16 08:48:48.711,1.57071,1.57105,2.44,1.69
2013.07.16 08:48:49.400,1.57072,1.57105,1.69,1.69
2013.07.16 08:48:49.940,1.57076,1.57109,1.69,1.69
2013.07.16 08:48:50.906,1.57077,1.57111,2.07,2.44
2013.07.16 08:48:52.281,1.57076,1.57109,2.07,1.69
2013.07.16 08:48:53.989,1.57076,1.57104,1.69,1.69
2013.07.16 08:48:54.290,1.5707,1.57102,1.32,1.69
2013.07.16 08:48:57.160,1.5707,1.57101,1.32,1.69
2013.07.16 08:48:59.170,1.57069,1.57099,1.32,2.44
2013.07.16 08:48:59.230,1.57066,1.57097,1.32,1.69
2013.07.16 08:48:59.710,1.57061,1.57092,1.32,2.82
2013.07.16 08:48:59.770,1.57059,1.57092,2.82,1.69
2013.07.16 08:48:59.892,1.57059,1.57092,2.82,1.69
2013.07.16 08:48:59.950,1.57059,1.57092,2.82,1.69
2013.07.16 08:49:00.270,1.57059,1.5709,2.07,1.69
2013.07.16 08:49:00.391,1.5706,1.57088,1.32,2.44
2013.07.16 08:49:01.116,1.57061,1.57085,1.13,1.69
2013.07.16 08:49:01.841,1.57059,1.57085,1.32,1.69
2013.07.16 08:49:02.450,1.57052,1.5708,1.13,1.69
2013.07.16 08:49:02.569,1.57052,1.57081,1.88,1.69
2013.07.16 08:49:02.930,1.57058,1.57084,1.69,1.32
2013.07.16 08:49:02.990,1.57059,1.57087,1.50,2.07
2013.07.16 08:49:03.110,1.57059,1.57088,2.82,1.69
2013.07.16 08:49:03.530,1.57062,1.57089,1.50,1.69
2013.07.16 08:49:03.591,1.57063,1.57089,2.25,1.69
2013.07.16 08:49:04.983,1.57066,1.57093,1.50,1.69
2013.07.16 08:49:05.161,1.57067,1.57095,1.50,1.69
2013.07.16 08:49:05.520,1.57084,1.57107,1.13,1.69
2013.07.16 08:49:05.760,1.57074,1.57104,1.69,1.69
2013.07.16 08:49:06.150,1.57073,1.57105,1.69,1.32
2013.07.16 08:49:06.209,1.57085,1.57107,1.13,1.32
2013.07.16 08:49:06.389,1.57085,1.5711,1.13,2.82
2013.07.16 08:49:06.630,1.57088,1.57113,1.13,2.44
2013.07.16 08:49:07.119,1.57087,1.57115,1.88,1.69
2013.07.16 08:49:08.539,1.57091,1.57116,1.13,1.69
2013.07.16 08:49:09.710,1.57092,1.57117,1.13,1.32
2013.07.16 08:49:09.770,1.57096,1.5712,1.13,1.69
2013.07.16 08:49:10.369,1.57097,1.57123,1.13,2.07
2013.07.16 08:49:10.490,1.57089,1.57122,2.07,1.32
2013.07.16 08:49:10.610,1.57087,1.57115,1.32,1.69
2013.07.16 08:49:10.910,1.57083,1.57115,2.07,1.69
2013.07.16 08:49:11.531,1.57082,1.57114,1.32,1.69
2013.07.16 08:49:11.591,1.57077,1.57108,1.32,1.69
2013.07.16 08:49:11.831,1.57078,1.57101,1.13,1.69
2013.07.16 08:49:11.892,1.57076,1.57101,1.50,1.69
2013.07.16 08:49:12.011,1.57068,1.57099,2.44,1.69
2013.07.16 08:49:12.131,1.57064,1.57094,3.57,1.69
2013.07.16 08:49:12.491,1.57061,1.57086,1.69,1.69
2013.07.16 08:49:12.550,1.57057,1.57085,1.13,1.69
2013.07.16 08:49:12.730,1.57057,1.57085,1.13,1.69
2013.07.16 08:49:13.089,1.57058,1.57083,1.13,2.44
2013.07.16 08:49:15.550,1.57057,1.57086,1.32,1.69
2013.07.16 08:49:18.140,1.57059,1.5709,1.69,1.69
2013.07.16 08:49:18.959,1.57059,1.5709,1.32,1.69
2013.07.16 08:49:19.320,1.57059,1.57093,1.32,1.69
2013.07.16 08:49:19.440,1.57059,1.57092,1.32,1.69
2013.07.16 08:49:19.950,1.57057,1.57092,1.32,2.44
2013.07.16 08:49:20.142,1.57055,1.57088,2.07,1.69
2013.07.16 08:49:20.769,1.57052,1.57084,2.07,1.69
2013.07.16 08:49:21.862,1.57052,1.57086,2.07,1.69
2013.07.16 08:49:25.120,1.57055,1.57088,1.69,1.69
2013.07.16 08:49:25.241,1.57055,1.57088,1.69,1.69
2013.07.16 08:49:25.301,1.57053,1.57084,1.32,1.69
2013.07.16 08:49:25.540,1.57052,1.57084,1.32,2.44
2013.07.16 08:49:25.783,1.57047,1.57079,2.44,1.69
2013.07.16 08:49:25.960,1.57041,1.57075,3.57,2.44
2013.07.16 08:49:26.020,1.57041,1.57074,3.57,1.69
2013.07.16 08:49:26.200,1.57039,1.5707,2.44,1.69
2013.07.16 08:49:26.900,1.5704,1.57072,1.69,1.32
2013.07.16 08:49:26.960,1.5704,1.57072,1.69,1.32
2013.07.16 08:49:27.020,1.57041,1.57075,1.69,1.69
2013.07.16 08:49:27.379,1.57044,1.57079,3.19,1.69
2013.07.16 08:49:28.011,1.57047,1.57082,2.07,1.69
2013.07.16 08:49:30.040,1.57047,1.5708,1.32,1.69
2013.07.16 08:49:34.690,1.57046,1.57078,2.07,1.69
2013.07.16 08:49:34.810,1.57046,1.57075,1.69,1.69
2013.07.16 08:49:35.110,1.57041,1.57071,1.69,1.69
2013.07.16 08:49:36.231,1.57037,1.57069,1.69,1.69
2013.07.16 08:49:36.470,1.57038,1.57071,1.69,1.69
2013.07.16 08:49:36.840,1.57041,1.57074,1.69,1.69
2013.07.16 08:49:36.900,1.57041,1.57076,1.69,1.32
2013.07.16 08:49:37.020,1.57047,1.57079,1.32,1.69
2013.07.16 08:49:37.380,1.57054,1.57083,2.07,1.69
2013.07.16 08:49:37.440,1.57054,1.57087,2.82,1.69
2013.07.16 08:49:37.841,1.57054,1.57083,2.07,1.69
2013.07.16 08:49:38.021,1.57047,1.57082,2.44,1.69
2013.07.16 08:49:38.380,1.57052,1.57081,1.32,1.32
2013.07.16 08:49:40.351,1.57049,1.5708,2.07,1.69
2013.07.16 08:49:40.710,1.57045,1.57076,2.44,1.69
2013.07.16 08:49:40.890,1.57039,1.57069,1.32,1.69
2013.07.16 08:49:41.070,1.57037,1.57067,1.69,1.69
2013.07.16 08:49:41.430,1.57038,1.57068,1.69,2.44
2013.07.16 08:49:41.730,1.57035,1.57068,2.07,1.69
2013.07.16 08:49:43.550,1.57037,1.57069,1.32,1.69
2013.07.16 08:49:45.997,1.57037,1.57071,1.32,1.69
2013.07.16 08:49:46.060,1.57039,1.57071,1.32,1.69
2013.07.16 08:49:48.650,1.57039,1.5707,1.32,1.69
2013.07.16 08:49:49.940,1.57037,1.5707,2.07,1.69
2013.07.16 08:49:50.180,1.57039,1.5707,1.32,1.69
2013.07.16 08:49:50.421,1.57037,1.5707,1.69,1.69
2013.07.16 08:49:50.660,1.57038,1.5707,1.32,1.69
2013.07.16 08:49:51.080,1.5704,1.57072,1.32,1.69
2013.07.16 08:49:52.980,1.57037,1.57072,1.32,1.69
2013.07.16 08:49:53.652,1.57036,1.57069,1.69,1.69
2013.07.16 08:49:54.745,1.57035,1.57065,1.32,1.69
2013.07.16 08:49:55.650,1.57036,1.57068,1.32,1.69
2013.07.16 08:49:55.711,1.57037,1.57069,1.32,1.69
2013.07.16 08:49:55.769,1.5704,1.57072,1.69,1.32
2013.07.16 08:49:55.890,1.5704,1.57076,2.44,1.32
2013.07.16 08:49:56.010,1.57044,1.5708,1.69,2.07
2013.07.16 08:49:57.560,1.57052,1.57078,1.13,1.69
2013.07.16 08:50:01.161,1.57051,1.57083,1.32,1.69
2013.07.16 08:50:01.670,1.57052,1.57083,1.32,1.69
2013.07.16 08:50:02.256,1.57052,1.57085,2.07,1.69
2013.07.16 08:50:02.900,1.57056,1.57087,1.32,1.69
2013.07.16 08:50:03.020,1.57056,1.57087,1.32,1.69
2013.07.16 08:50:03.760,1.57062,1.57088,1.13,1.69
2013.07.16 08:50:03.820,1.57062,1.57093,1.32,1.32
2013.07.16 08:50:03.879,1.57062,1.57093,2.07,1.32
2013.07.16 08:50:03.940,1.57064,1.57099,1.69,2.44
2013.07.16 08:50:04.120,1.57071,1.57105,1.32,1.69
2013.07.16 08:50:05.409,1.57073,1.57105,1.32,1.69
2013.07.16 08:50:05.798,1.57076,1.57105,1.13,1.69
2013.07.16 08:50:06.119,1.57076,1.57103,1.32,1.69
2013.07.16 08:50:06.881,1.57076,1.57103,1.32,1.69
2013.07.16 08:50:07.390,1.57076,1.57103,1.32,1.69
2013.07.16 08:50:07.701,1.57078,1.57106,1.13,1.32
2013.07.16 08:50:07.789,1.5708,1.57113,2.07,1.69
2013.07.16 08:50:08.359,1.57082,1.57113,1.32,1.69
2013.07.16 08:50:08.781,1.57081,1.5711,1.32,1.50
2013.07.16 08:50:08.901,1.57084,1.5711,1.13,1.50
2013.07.16 08:50:08.963,1.57091,1.57114,1.13,2.44
2013.07.16 08:50:09.322,1.5709,1.5712,1.13,2.44
2013.07.16 08:50:09.501,1.57097,1.57121,1.13,1.69
2013.07.16 08:50:09.742,1.57101,1.5712,1.13,1.69
2013.07.16 08:50:10.164,1.57101,1.5712,1.13,1.32
2013.07.16 08:50:10.291,1.57096,1.5712,1.13,1.69
2013.07.16 08:50:10.470,1.57097,1.57118,1.13,1.69
2013.07.16 08:50:10.591,1.57097,1.57121,1.13,2.07
2013.07.16 08:50:10.780,1.57098,1.57121,1.13,1.32
2013.07.16 08:50:12.880,1.57096,1.57121,1.13,1.69
2013.07.16 08:50:14.930,1.57096,1.57121,1.13,1.69
2013.07.16 08:50:14.992,1.57091,1.57119,1.32,1.69
2013.07.16 08:50:15.052,1.57091,1.57119,1.32,1.69
2013.07.16 08:50:15.351,1.57094,1.5712,1.13,1.69
2013.07.16 08:50:15.471,1.57093,1.57119,1.13,1.69
2013.07.16 08:50:15.590,1.57096,1.57119,1.13,1.69
2013.07.16 08:50:16.010,1.57096,1.57123,1.13,1.69
2013.07.16 08:50:16.551,1.57096,1.57123,1.13,1.69
2013.07.16 08:50:17.133,1.57096,1.57123,1.13,2.44
2013.07.16 08:50:17.642,1.57096,1.57123,1.13,1.69
2013.07.16 08:50:17.718,1.57098,1.57123,1.13,1.69
2013.07.16 08:50:17.902,1.57088,1.57118,1.69,1.69
2013.07.16 08:50:18.022,1.57087,1.57119,1.69,1.69
2013.07.16 08:50:19.811,1.57086,1.57116,1.32,1.69
2013.07.16 08:50:19.870,1.57083,1.57108,1.32,1.13
2013.07.16 08:50:19.930,1.57081,1.57108,1.69,1.88
2013.07.16 08:50:20.230,1.57073,1.57104,1.69,1.32
2013.07.16 08:50:22.830,1.57075,1.57104,1.32,1.69
2013.07.16 08:50:23.551,1.57075,1.57107,1.69,1.69
2013.07.16 08:50:24.962,1.57076,1.57107,1.69,1.69
2013.07.16 08:50:25.020,1.57075,1.57107,1.32,1.69
2013.07.16 08:50:25.580,1.57077,1.57103,1.13,1.69
2013.07.16 08:50:26.180,1.57075,1.57103,1.69,1.69
2013.07.16 08:50:26.930,1.57071,1.57102,1.69,1.32
2013.07.16 08:50:27.050,1.57069,1.571,1.69,1.69
2013.07.16 08:50:27.350,1.57067,1.57102,2.07,2.44
2013.07.16 08:50:27.410,1.5707,1.57102,1.13,2.07
2013.07.16 08:50:27.650,1.57073,1.57101,1.69,1.69
2013.07.16 08:50:28.010,1.57071,1.57101,1.32,1.69
2013.07.16 08:50:28.740,1.57071,1.57098,1.32,1.69
2013.07.16 08:50:30.462,1.57067,1.571,1.69,1.69
2013.07.16 08:50:32.150,1.57065,1.571,2.07,1.69
2013.07.16 08:50:32.210,1.57065,1.57099,2.07,1.32
2013.07.16 08:50:33.901,1.57061,1.57096,1.69,1.69
2013.07.16 08:50:33.960,1.57061,1.57096,1.69,1.69
2013.07.16 08:50:35.479,1.5706,1.57093,1.69,1.32
2013.07.16 08:50:35.821,1.57058,1.57089,1.32,1.69
2013.07.16 08:50:36.181,1.57051,1.57084,2.82,1.69
2013.07.16 08:50:36.990,1.57051,1.57084,2.07,1.69
2013.07.16 08:50:37.170,1.57051,1.57084,2.07,1.69
2013.07.16 08:50:37.605,1.57051,1.57083,1.13,1.69
2013.07.16 08:50:37.720,1.57049,1.57079,1.69,1.69
2013.07.16 08:50:39.171,1.57044,1.57078,1.69,1.69
2013.07.16 08:50:39.230,1.5705,1.57078,1.69,1.69
2013.07.16 08:50:39.830,1.57055,1.5708,1.69,1.88
2013.07.16 08:50:40.841,1.57055,1.57082,1.69,1.32
2013.07.16 08:50:41.640,1.57055,1.57083,1.69,1.32
2013.07.16 08:50:42.171,1.57057,1.57086,1.69,2.44
2013.07.16 08:50:44.391,1.57054,1.57087,2.44,2.82
2013.07.16 08:50:44.450,1.57052,1.57078,2.07,1.13
2013.07.16 08:50:45.170,1.57051,1.57079,1.69,1.92
2013.07.16 08:50:45.760,1.57048,1.57079,3.19,2.67
2013.07.16 08:50:45.820,1.57048,1.57079,2.44,2.67
2013.07.16 08:50:45.940,1.57048,1.57078,2.44,1.92
2013.07.16 08:50:46.407,1.57046,1.57073,1.69,1.69
2013.07.16 08:50:46.487,1.57047,1.57075,2.44,1.50
2013.07.16 08:50:46.790,1.57064,1.57091,1.13,1.28
2013.07.16 08:50:46.851,1.57066,1.57098,1.13,2.40
2013.07.16 08:50:46.971,1.57064,1.57101,1.69,1.69
2013.07.16 08:50:47.210,1.57064,1.57097,1.32,1.69
2013.07.16 08:50:47.570,1.5707,1.57101,1.50,1.69
2013.07.16 08:50:48.210,1.57071,1.57101,1.69,1.69
2013.07.16 08:50:50.150,1.57075,1.57101,1.69,1.69
2013.07.16 08:50:50.390,1.57071,1.57104,1.69,2.07
2013.07.16 08:50:50.570,1.57071,1.57098,1.69,1.69
2013.07.16 08:50:51.350,1.57073,1.57098,1.69,1.69
2013.07.16 08:50:51.470,1.57076,1.57101,1.69,1.32
2013.07.16 08:50:51.590,1.57077,1.57105,1.69,1.69
2013.07.16 08:50:51.891,1.57076,1.57105,2.44,1.69
2013.07.16 08:50:51.950,1.57076,1.57105,2.44,1.69
2013.07.16 08:50:52.190,1.57082,1.57108,1.69,1.50
2013.07.16 08:50:52.250,1.57083,1.57113,2.44,1.69
2013.07.16 08:50:52.491,1.57076,1.57107,1.69,1.69
2013.07.16 08:50:52.670,1.5708,1.57107,2.44,1.69
2013.07.16 08:50:53.030,1.57083,1.57114,1.69,1.69
2013.07.16 08:50:53.510,1.57083,1.57114,1.69,1.69
2013.07.16 08:50:55.002,1.57084,1.57114,2.44,1.50
2013.07.16 08:50:55.241,1.57091,1.57121,1.69,1.69
2013.07.16 08:50:55.420,1.57088,1.57115,1.69,1.50
2013.07.16 08:50:55.780,1.57091,1.57119,1.69,1.69
2013.07.16 08:50:56.402,1.57091,1.57119,1.69,1.69
2013.07.16 08:50:57.799,1.57089,1.57119,1.69,2.44
2013.07.16 08:50:59.000,1.57086,1.57115,1.69,1.69
2013.07.16 08:50:59.301,1.57086,1.57108,1.69,2.25
2013.07.16 08:50:59.420,1.57081,1.57107,1.69,1.69
2013.07.16 08:50:59.945,1.5708,1.57107,1.69,1.69
2013.07.16 08:51:02.950,1.57078,1.57106,1.69,1.69
2013.07.16 08:51:06.851,1.57074,1.57105,3.19,1.69
2013.07.16 08:51:11.681,1.57078,1.57105,1.69,2.82
2013.07.16 08:51:15.510,1.57081,1.57106,1.69,1.50
2013.07.16 08:51:16.939,1.57081,1.57108,1.69,1.69
2013.07.16 08:51:18.930,1.57079,1.57105,2.44,1.88
2013.07.16 08:51:18.990,1.57077,1.57105,2.44,2.07
2013.07.16 08:51:19.171,1.5708,1.5711,1.69,2.44
2013.07.16 08:51:19.351,1.57082,1.57108,3.94,1.50
2013.07.16 08:51:19.411,1.57082,1.57112,3.57,1.13
2013.07.16 08:51:19.470,1.57085,1.57112,2.44,1.13
2013.07.16 08:51:19.590,1.57082,1.57112,1.69,1.32
2013.07.16 08:51:19.650,1.57084,1.57112,1.69,1.32
2013.07.16 08:51:19.710,1.57084,1.57113,1.69,2.07
2013.07.16 08:51:19.770,1.57087,1.57113,1.69,1.88
2013.07.16 08:51:20.131,1.57087,1.5712,3.94,2.44
2013.07.16 08:51:20.191,1.57091,1.5712,1.69,2.44
2013.07.16 08:51:20.250,1.57092,1.57121,1.69,1.32
2013.07.16 08:51:20.370,1.57092,1.57121,1.69,1.32
2013.07.16 08:51:20.490,1.57091,1.57121,1.69,1.32
2013.07.16 08:51:20.610,1.57092,1.57121,2.44,1.13
2013.07.16 08:51:28.109,1.57094,1.57121,3.19,1.13
2013.07.16 08:51:29.030,1.57094,1.57121,3.19,1.13
2013.07.16 08:51:29.211,1.57092,1.57121,2.44,1.13
2013.07.16 08:51:29.791,1.57092,1.57121,2.44,1.13
2013.07.16 08:51:32.150,1.57091,1.57121,2.44,1.32
2013.07.16 08:51:32.214,1.57091,1.57121,2.44,1.32
2013.07.16 08:51:32.330,1.57091,1.5712,2.44,1.69
2013.07.16 08:51:33.930,1.57091,1.57121,1.69,1.32
2013.07.16 08:51:39.000,1.57091,1.57124,3.19,1.69
2013.07.16 08:51:41.506,1.57096,1.57124,1.69,1.69
2013.07.16 08:51:41.810,1.57098,1.57127,1.69,1.69
2013.07.16 08:51:42.210,1.571,1.57127,1.69,1.69
2013.07.16 08:51:43.141,1.57099,1.57127,1.69,1.69
2013.07.16 08:51:47.562,1.57101,1.57127,1.69,1.69
2013.07.16 08:51:48.490,1.57101,1.57124,1.69,1.50
2013.07.16 08:51:50.891,1.57092,1.57121,1.69,1.32
2013.07.16 08:51:51.010,1.57088,1.57116,1.32,1.50
2013.07.16 08:51:51.130,1.57087,1.57116,1.32,2.44
2013.07.16 08:51:51.192,1.57087,1.57116,1.69,2.44
2013.07.16 08:51:51.430,1.57092,1.57119,1.69,1.69
2013.07.16 08:51:52.500,1.57094,1.57122,1.69,1.69
2013.07.16 08:51:54.934,1.57091,1.57119,1.69,1.69
2013.07.16 08:51:55.243,1.57091,1.57119,1.69,1.69
2013.07.16 08:51:55.301,1.57091,1.57119,1.69,1.69
2013.07.16 08:51:55.421,1.57091,1.57121,1.69,1.69
2013.07.16 08:51:59.840,1.57091,1.57124,1.69,1.69
2013.07.16 08:52:09.071,1.57095,1.57127,2.44,2.44
2013.07.16 08:52:09.690,1.57097,1.57129,1.69,2.07
2013.07.16 08:52:09.870,1.571,1.57129,1.69,2.07
2013.07.16 08:52:11.041,1.57102,1.57129,1.69,1.32
2013.07.16 08:52:15.552,1.57102,1.57129,3.19,1.13
2013.07.16 08:52:17.972,1.57102,1.57135,2.44,1.69
2013.07.16 08:52:18.161,1.57102,1.57135,3.19,1.69
2013.07.16 08:52:18.301,1.57102,1.57135,1.69,1.69
2013.07.16 08:52:21.010,1.57102,1.57134,3.19,2.44
2013.07.16 08:52:22.421,1.57106,1.57131,1.69,1.69
2013.07.16 08:52:22.676,1.57103,1.5713,1.69,1.69
2013.07.16 08:52:26.890,1.57102,1.57128,1.69,1.50
2013.07.16 08:52:26.951,1.57101,1.57129,2.07,1.50
2013.07.16 08:52:27.190,1.57099,1.57124,2.07,1.69
2013.07.16 08:52:32.100,1.57102,1.5713,1.69,2.07
2013.07.16 08:52:35.991,1.57102,1.57133,1.69,1.32
2013.07.16 08:52:36.352,1.57105,1.57135,1.69,2.07
2013.07.16 08:52:41.896,1.57105,1.57134,1.69,1.69
2013.07.16 08:52:44.482,1.57104,1.57134,1.69,1.69
2013.07.16 08:52:44.542,1.57104,1.57134,1.69,1.69
2013.07.16 08:52:44.602,1.57104,1.57134,1.69,1.69
2013.07.16 08:52:44.843,1.57101,1.5713,1.88,1.50
2013.07.16 08:52:44.903,1.57101,1.5713,1.88,1.69
2013.07.16 08:52:44.963,1.571,1.57129,1.69,1.32
2013.07.16 08:52:45.202,1.57102,1.57132,2.44,2.07
2013.07.16 08:52:47.031,1.57102,1.57132,2.44,1.32
2013.07.16 08:52:47.332,1.57105,1.57135,1.69,1.69
2013.07.16 08:52:47.393,1.57112,1.57138,1.69,2.07
2013.07.16 08:52:47.513,1.57112,1.57138,1.69,1.50
2013.07.16 08:52:47.572,1.57112,1.5714,1.69,1.69
2013.07.16 08:52:47.752,1.57112,1.5714,1.69,1.50
2013.07.16 08:52:48.951,1.57109,1.5714,1.69,1.50
2013.07.16 08:52:49.011,1.57109,1.5714,1.69,2.25
2013.07.16 08:52:49.191,1.57107,1.5714,2.82,2.25
2013.07.16 08:52:49.251,1.57107,1.5714,1.32,2.44
2013.07.16 08:52:49.432,1.57107,1.5714,1.32,2.44
2013.07.16 08:52:50.203,1.57107,1.5714,1.32,2.44
2013.07.16 08:52:50.381,1.57108,1.5714,1.32,3.19
2013.07.16 08:52:51.596,1.57103,1.57137,1.69,2.44
2013.07.16 08:52:53.104,1.57103,1.57137,1.69,2.44
2013.07.16 08:52:54.821,1.57102,1.57137,2.07,2.44
2013.07.16 08:52:55.754,1.57102,1.57136,1.69,1.69
2013.07.16 08:52:58.201,1.57101,1.57136,1.69,2.44
2013.07.16 08:52:58.321,1.57099,1.57131,1.69,1.69
2013.07.16 08:52:58.501,1.571,1.57132,1.69,1.69
2013.07.16 08:53:00.911,1.57096,1.57126,1.32,1.32
2013.07.16 08:53:00.971,1.57095,1.57126,1.32,1.32
2013.07.16 08:53:01.092,1.57093,1.57125,1.69,1.69
2013.07.16 08:53:01.271,1.57091,1.57128,1.69,2.44
2013.07.16 08:53:01.331,1.57093,1.57128,1.69,2.44
2013.07.16 08:53:03.887,1.57092,1.57124,1.69,1.69
2013.07.16 08:53:03.952,1.57094,1.57127,1.69,1.69
2013.07.16 08:53:04.491,1.57096,1.57127,1.69,1.69
2013.07.16 08:53:07.644,1.57097,1.57126,1.32,2.44
2013.07.16 08:53:07.702,1.57093,1.57126,3.19,2.44
2013.07.16 08:53:09.203,1.57094,1.57124,1.69,1.69
2013.07.16 08:53:10.402,1.5709,1.57123,1.32,1.32
2013.07.16 08:53:10.462,1.57087,1.57122,2.07,1.69
2013.07.16 08:53:10.641,1.57083,1.57117,1.69,1.69
2013.07.16 08:53:11.613,1.57088,1.57119,1.69,1.69
2013.07.16 08:53:11.971,1.57088,1.57119,1.69,1.69
2013.07.16 08:53:12.681,1.5709,1.57119,1.69,1.69
2013.07.16 08:53:15.394,1.5709,1.57119,1.69,1.69
2013.07.16 08:53:17.483,1.57092,1.57121,2.44,1.69
2013.07.16 08:53:18.991,1.57092,1.5712,2.44,1.69
2013.07.16 08:53:23.223,1.57092,1.5712,1.69,1.69
2013.07.16 08:53:24.091,1.57095,1.57124,1.69,2.07
2013.07.16 08:53:24.272,1.57095,1.5712,1.69,1.69
2013.07.16 08:53:26.343,1.57095,1.57119,1.69,1.09
2013.07.16 08:53:26.704,1.57086,1.5711,1.88,1.88
2013.07.16 08:53:26.882,1.57091,1.57124,2.82,1.32
2013.07.16 08:53:26.943,1.57091,1.57126,1.69,1.28
2013.07.16 08:53:27.002,1.57094,1.57124,1.69,1.69
2013.07.16 08:53:28.722,1.57094,1.57124,1.69,1.69
2013.07.16 08:53:31.154,1.57095,1.57124,1.69,1.69
2013.07.16 08:53:32.332,1.57093,1.5712,1.69,1.50
2013.07.16 08:53:32.393,1.57092,1.57118,1.32,1.32
2013.07.16 08:53:33.414,1.57092,1.57113,1.32,1.50
2013.07.16 08:53:34.151,1.57095,1.57118,1.69,1.50
2013.07.16 08:53:34.274,1.57097,1.57121,1.69,1.50
2013.07.16 08:53:34.333,1.57094,1.57121,1.69,1.50
2013.07.16 08:53:34.962,1.57099,1.57119,1.69,1.50
2013.07.16 08:53:35.022,1.57099,1.57126,1.69,1.50
2013.07.16 08:53:35.381,1.57099,1.57126,1.69,1.50
2013.07.16 08:53:38.763,1.57099,1.57126,1.69,1.50
2013.07.16 08:53:39.192,1.57093,1.57117,2.44,1.13
2013.07.16 08:53:39.672,1.57095,1.57123,1.69,1.32
2013.07.16 08:53:42.242,1.57092,1.57126,1.69,1.32
2013.07.16 08:53:43.704,1.57091,1.57122,1.69,1.32
2013.07.16 08:53:43.763,1.57087,1.57122,1.69,1.32
2013.07.16 08:53:47.151,1.57098,1.57123,1.50,1.32
2013.07.16 08:53:47.212,1.57103,1.57129,1.50,1.88
2013.07.16 08:53:47.333,1.5711,1.57133,1.13,1.13
2013.07.16 08:53:47.392,1.57109,1.57136,1.13,2.25
2013.07.16 08:53:47.453,1.57109,1.57139,1.13,1.69
2013.07.16 08:53:47.632,1.57109,1.57141,1.13,1.28
2013.07.16 08:53:47.754,1.57113,1.57139,1.13,1.69
2013.07.16 08:53:48.131,1.57112,1.57139,1.32,1.69
2013.07.16 08:53:49.336,1.57108,1.5714,1.69,1.32
2013.07.16 08:53:49.901,1.57107,1.5714,1.69,1.32
2013.07.16 08:53:49.961,1.57105,1.5714,2.82,1.32
2013.07.16 08:53:50.690,1.57104,1.57136,1.69,1.32
2013.07.16 08:53:50.932,1.57102,1.57135,2.82,2.07
2013.07.16 08:53:57.873,1.57104,1.57134,1.69,2.07
2013.07.16 08:53:57.932,1.57103,1.57134,1.69,1.88
2013.07.16 08:53:58.348,1.57104,1.57138,1.69,2.44
2013.07.16 08:53:58.712,1.57102,1.57134,1.69,2.07
2013.07.16 08:53:59.301,1.57102,1.57134,1.69,2.07
2013.07.16 08:54:00.562,1.571,1.57131,1.69,1.69
2013.07.16 08:54:00.733,1.571,1.57133,1.69,2.44
2013.07.16 08:54:01.473,1.57102,1.57133,1.32,1.69
2013.07.16 08:54:01.714,1.57109,1.57139,1.32,3.19
2013.07.16 08:54:02.072,1.57108,1.57141,1.69,1.69
2013.07.16 08:54:02.252,1.57108,1.57142,1.69,1.69
2013.07.16 08:54:02.493,1.5711,1.57145,2.44,1.69
2013.07.16 08:54:04.962,1.57111,1.57146,1.32,2.07
2013.07.16 08:54:05.859,1.57111,1.57146,1.32,1.32
2013.07.16 08:54:07.232,1.5711,1.57146,1.32,1.32
2013.07.16 08:54:07.741,1.57115,1.57148,1.32,2.44
2013.07.16 08:54:07.823,1.57115,1.57148,1.32,2.44
2013.07.16 08:54:08.181,1.57114,1.57149,2.07,2.44
2013.07.16 08:54:09.292,1.57114,1.57147,2.07,1.69
2013.07.16 08:54:12.402,1.57114,1.57147,2.07,1.69
2013.07.16 08:54:12.952,1.5712,1.57149,1.32,1.69
2013.07.16 08:54:13.311,1.57123,1.57152,1.13,1.69
2013.07.16 08:54:13.993,1.57123,1.57152,1.13,1.69
2013.07.16 08:54:15.561,1.57123,1.57152,1.13,1.69
2013.07.16 08:54:16.736,1.57123,1.57154,1.32,1.69
2013.07.16 08:54:16.791,1.57123,1.57155,1.32,1.69
2013.07.16 08:54:17.092,1.57126,1.57158,1.69,1.69
2013.07.16 08:54:17.672,1.57124,1.57157,1.32,1.69
2013.07.16 08:54:27.122,1.57129,1.57158,1.69,1.69
2013.07.16 08:54:27.242,1.57129,1.5716,1.69,1.69
2013.07.16 08:54:27.362,1.57134,1.57161,1.69,1.69
2013.07.16 08:54:27.423,1.57134,1.57159,1.69,1.69
2013.07.16 08:54:27.662,1.57129,1.57159,1.69,1.69
2013.07.16 08:54:28.732,1.57131,1.57161,1.69,1.69
2013.07.16 08:54:29.035,1.57131,1.57164,1.69,1.69
2013.07.16 08:54:29.093,1.57131,1.57164,1.69,1.69
2013.07.16 08:54:29.273,1.57135,1.57166,1.69,1.32
2013.07.16 08:54:30.592,1.57137,1.57167,1.69,1.32
2013.07.16 08:54:30.831,1.57142,1.57174,1.69,2.44
2013.07.16 08:54:31.403,1.57142,1.57174,1.69,1.69
2013.07.16 08:54:31.522,1.57146,1.57177,1.69,1.69
2013.07.16 08:54:31.643,1.57146,1.57179,1.69,2.82
2013.07.16 08:54:31.703,1.57148,1.57179,1.69,1.69
2013.07.16 08:54:32.124,1.57148,1.57179,1.69,1.69
2013.07.16 08:54:32.932,1.57145,1.57178,1.69,2.44
2013.07.16 08:54:33.173,1.57145,1.57173,1.69,1.32
2013.07.16 08:54:33.352,1.57138,1.57172,1.69,1.69
2013.07.16 08:54:33.413,1.57138,1.57172,1.69,1.69
2013.07.16 08:54:33.473,1.57137,1.57168,1.32,1.69
2013.07.16 08:54:33.533,1.57132,1.57164,1.32,1.69
2013.07.16 08:54:33.652,1.57131,1.57164,1.32,1.69
2013.07.16 08:54:33.773,1.57131,1.57163,1.32,1.69
2013.07.16 08:54:35.157,1.57128,1.57164,1.69,3.57
2013.07.16 08:54:35.781,1.57131,1.57164,1.69,2.07
2013.07.16 08:54:36.141,1.57136,1.57164,3.57,1.13
2013.07.16 08:54:36.322,1.57138,1.57164,1.13,2.07
2013.07.16 08:54:36.442,1.57134,1.57169,1.69,3.19
2013.07.16 08:54:36.621,1.57136,1.57171,1.69,1.69
2013.07.16 08:54:37.691,1.57139,1.57173,1.69,1.69
2013.07.16 08:54:38.602,1.57139,1.57174,1.69,1.69
2013.07.16 08:54:39.125,1.57141,1.57174,1.69,1.69
2013.07.16 08:54:40.421,1.57141,1.57173,1.69,1.69
2013.07.16 08:54:40.781,1.5714,1.57172,1.69,1.69
2013.07.16 08:54:41.142,1.57143,1.57176,1.69,2.07
2013.07.16 08:54:41.202,1.57141,1.57174,1.32,2.07
2013.07.16 08:54:43.535,1.57138,1.57169,1.69,1.69
2013.07.16 08:54:43.774,1.57138,1.57168,1.69,2.07
2013.07.16 08:54:44.371,1.57138,1.5717,1.69,1.69
2013.07.16 08:54:44.552,1.57139,1.5717,1.69,1.69
2013.07.16 08:54:47.971,1.57138,1.5717,1.69,1.69
2013.07.16 08:54:48.711,1.57137,1.5717,1.69,1.69
2013.07.16 08:54:49.452,1.57137,1.57169,2.07,1.69
2013.07.16 08:54:49.512,1.57141,1.57174,2.07,2.44
2013.07.16 08:54:49.632,1.57141,1.57174,2.07,1.69
2013.07.16 08:54:50.232,1.57138,1.57172,1.69,1.69
2013.07.16 08:54:51.466,1.57138,1.57172,1.69,1.69
2013.07.16 08:54:51.535,1.5714,1.57173,1.69,1.69
2013.07.16 08:54:51.594,1.5714,1.57172,1.69,1.69
2013.07.16 08:54:51.654,1.57141,1.57172,1.69,2.44
2013.07.16 08:54:51.714,1.5714,1.57172,1.69,2.25
2013.07.16 08:54:51.834,1.57139,1.57171,1.50,1.13
2013.07.16 08:54:52.382,1.57144,1.57171,1.69,1.69
2013.07.16 08:54:53.231,1.57146,1.57176,1.69,1.32
2013.07.16 08:54:54.592,1.57146,1.57176,1.69,1.32
2013.07.16 08:54:54.991,1.57141,1.57174,1.69,1.69
2013.07.16 08:54:55.291,1.57136,1.57167,1.32,2.44
2013.07.16 08:54:55.352,1.57137,1.57163,1.13,1.69
2013.07.16 08:54:55.592,1.57137,1.57163,1.13,1.69
2013.07.16 08:54:55.652,1.57137,1.57161,1.13,1.69
2013.07.16 08:54:56.004,1.57134,1.57161,1.13,1.69
2013.07.16 08:54:56.362,1.57133,1.57161,1.69,1.69
2013.07.16 08:54:56.901,1.57127,1.57159,1.69,1.69
2013.07.16 08:54:57.877,1.57127,1.57159,1.69,2.44
2013.07.16 08:54:59.103,1.57127,1.57159,1.69,1.69
2013.07.16 08:54:59.342,1.57127,1.57159,1.69,1.69
2013.07.16 08:54:59.462,1.57127,1.57159,1.69,1.69
2013.07.16 08:55:00.159,1.57125,1.57158,1.69,2.44
2013.07.16 08:55:01.242,1.57125,1.57157,2.07,1.69
2013.07.16 08:55:02.512,1.57122,1.57154,1.69,2.29
2013.07.16 08:55:02.632,1.57125,1.57154,1.69,1.32
2013.07.16 08:55:03.712,1.57121,1.57154,1.69,2.07
2013.07.16 08:55:06.803,1.57121,1.57155,1.69,2.07
2013.07.16 08:55:07.002,1.57123,1.57159,1.69,3.57
2013.07.16 08:55:07.271,1.57123,1.57158,1.69,1.69
2013.07.16 08:55:07.542,1.57123,1.57158,1.69,2.44
2013.07.16 08:55:07.602,1.57123,1.57158,1.69,2.44
2013.07.16 08:55:08.973,1.57121,1.57154,1.69,1.69
2013.07.16 08:55:09.202,1.57121,1.5715,1.69,1.32
2013.07.16 08:55:10.302,1.57118,1.5715,1.69,1.32
2013.07.16 08:55:11.805,1.5712,1.5715,1.69,1.32
2013.07.16 08:55:13.133,1.57117,1.5715,2.07,2.82
2013.07.16 08:55:15.511,1.57116,1.57149,1.69,1.69
2013.07.16 08:55:22.151,1.57115,1.5715,1.69,1.69
2013.07.16 08:55:22.212,1.57117,1.57152,1.69,1.32
2013.07.16 08:55:22.392,1.57121,1.57154,1.69,2.44
2013.07.16 08:55:23.635,1.5712,1.57154,1.32,1.32
2013.07.16 08:55:23.752,1.57121,1.57153,1.32,1.32
2013.07.16 08:55:23.934,1.57122,1.57153,2.44,1.32
2013.07.16 08:55:24.173,1.57124,1.57157,1.69,2.07
2013.07.16 08:55:27.093,1.57123,1.57157,1.69,1.69
2013.07.16 08:55:27.211,1.57123,1.57154,1.69,1.69
2013.07.16 08:55:29.811,1.57119,1.57154,1.32,1.69
2013.07.16 08:55:31.131,1.57119,1.57154,1.32,2.44
2013.07.16 08:55:37.425,1.57117,1.5715,1.69,1.32
2013.07.16 08:55:37.641,1.5712,1.57152,1.69,1.69
2013.07.16 08:55:38.863,1.5712,1.5715,1.69,2.07
2013.07.16 08:55:39.002,1.5712,1.5715,1.69,1.32
2013.07.16 08:55:39.912,1.57119,1.5715,1.69,2.07
2013.07.16 08:55:40.457,1.57119,1.57149,1.69,1.69
2013.07.16 08:55:44.022,1.57112,1.57141,1.69,3.00
2013.07.16 08:55:44.082,1.57108,1.57138,1.69,1.32
2013.07.16 08:55:44.202,1.57107,1.57137,1.32,1.32
2013.07.16 08:55:44.743,1.57102,1.57135,1.69,2.07
2013.07.16 08:55:45.872,1.57102,1.57134,1.69,1.32
2013.07.16 08:55:46.384,1.57102,1.57134,1.69,3.19
2013.07.16 08:55:49.032,1.57104,1.57134,1.69,1.32
2013.07.16 08:55:49.973,1.57104,1.57136,1.69,3.19
2013.07.16 08:55:50.032,1.57105,1.57136,1.69,3.19
2013.07.16 08:55:50.475,1.57105,1.57139,1.69,1.69
2013.07.16 08:55:50.722,1.57105,1.57138,1.69,1.69
2013.07.16 08:55:51.424,1.57109,1.57138,1.69,1.69
2013.07.16 08:55:52.273,1.57109,1.57138,1.69,1.32
2013.07.16 08:55:52.822,1.57109,1.57138,1.69,1.69
2013.07.16 08:55:53.126,1.57106,1.57129,1.69,1.13
2013.07.16 08:55:53.243,1.57105,1.57129,1.69,1.13
2013.07.16 08:55:53.424,1.57103,1.57129,1.69,1.32
2013.07.16 08:55:53.734,1.57106,1.57135,1.69,2.44
2013.07.16 08:55:56.422,1.57105,1.57135,1.69,1.69
2013.07.16 08:55:59.982,1.57102,1.57133,1.69,1.69
2013.07.16 08:56:00.702,1.57102,1.57129,1.69,1.32
2013.07.16 08:56:01.191,1.57104,1.57129,1.69,1.32
2013.07.16 08:56:07.512,1.57102,1.57129,1.69,1.32
2013.07.16 08:56:11.423,1.57101,1.57128,1.69,1.32
2013.07.16 08:56:11.782,1.57102,1.57128,1.69,1.32
2013.07.16 08:56:16.801,1.57104,1.57128,1.69,1.32
2013.07.16 08:56:20.163,1.57105,1.57132,1.69,1.13
2013.07.16 08:56:20.286,1.57105,1.57138,1.69,1.69
2013.07.16 08:56:20.403,1.57105,1.57139,2.44,1.32
2013.07.16 08:56:20.463,1.57111,1.57139,1.50,1.32
2013.07.16 08:56:20.897,1.57106,1.57139,3.19,1.32
2013.07.16 08:56:21.222,1.57106,1.57129,3.19,1.13
2013.07.16 08:56:26.146,1.57106,1.57129,1.69,1.13
2013.07.16 08:56:27.154,1.57109,1.57132,1.69,1.50
2013.07.16 08:56:27.212,1.57109,1.57139,1.69,1.32
2013.07.16 08:56:27.272,1.57111,1.57139,1.69,1.13
2013.07.16 08:56:27.452,1.57111,1.57138,1.69,1.50
2013.07.16 08:56:27.811,1.57107,1.57128,1.69,1.13
2013.07.16 08:56:30.482,1.57105,1.57128,1.69,1.13
2013.07.16 08:56:30.662,1.57102,1.57128,1.69,1.13
2013.07.16 08:56:31.642,1.57105,1.57129,1.69,1.13
2013.07.16 08:56:32.332,1.57105,1.57129,1.69,1.32
2013.07.16 08:56:35.182,1.57103,1.57129,1.69,1.32
2013.07.16 08:56:37.611,1.57101,1.57128,1.69,1.32
2013.07.16 08:56:38.265,1.57101,1.57128,1.69,1.32
2013.07.16 08:56:38.891,1.57101,1.57128,1.69,1.32
2013.07.16 08:56:40.855,1.57101,1.5713,1.69,1.32
2013.07.16 08:56:40.915,1.57101,1.57129,1.69,1.32
2013.07.16 08:56:40.984,1.57105,1.57129,1.69,1.32
2013.07.16 08:56:41.723,1.57107,1.57133,1.69,1.69
2013.07.16 08:56:41.965,1.57106,1.57134,1.69,1.32
2013.07.16 08:56:42.024,1.57108,1.57138,1.69,1.69
2013.07.16 08:56:42.502,1.57114,1.57141,1.69,1.32
2013.07.16 08:56:42.623,1.57114,1.57146,1.69,1.69
2013.07.16 08:56:42.802,1.57118,1.57147,1.69,1.69
2013.07.16 08:56:45.032,1.57117,1.57151,1.69,1.69
2013.07.16 08:56:48.048,1.57116,1.5715,1.69,1.69
2013.07.16 08:56:49.212,1.57117,1.57151,1.69,1.69
2013.07.16 08:56:51.642,1.5712,1.57153,1.69,1.69
2013.07.16 08:56:51.822,1.57124,1.57154,1.69,1.69
2013.07.16 08:56:52.132,1.57124,1.57157,1.69,1.69
2013.07.16 08:56:52.372,1.57124,1.57158,1.69,1.69
2013.07.16 08:56:54.332,1.57125,1.57159,1.69,2.44
2013.07.16 08:56:54.823,1.57123,1.57157,1.13,1.69
2013.07.16 08:56:55.412,1.57122,1.57155,1.88,1.69
2013.07.16 08:56:55.532,1.57118,1.57154,1.69,1.69
2013.07.16 08:56:59.703,1.57116,1.57147,1.69,1.32
2013.07.16 08:57:00.241,1.57111,1.57142,1.69,2.07
2013.07.16 08:57:00.742,1.57111,1.57139,1.69,1.69
2013.07.16 08:57:01.442,1.57107,1.57139,1.32,1.69
2013.07.16 08:57:01.902,1.57113,1.57141,1.13,1.69
2013.07.16 08:57:02.022,1.57114,1.57144,1.32,1.69
2013.07.16 08:57:02.203,1.57111,1.57137,1.32,1.32
2013.07.16 08:57:02.322,1.57107,1.57134,1.32,1.69
2013.07.16 08:57:02.882,1.57106,1.57138,2.07,1.32
2013.07.16 08:57:03.332,1.57106,1.57138,1.32,2.07
2013.07.16 08:57:04.052,1.57106,1.57138,1.32,1.32
2013.07.16 08:57:05.912,1.57105,1.57138,2.07,1.32
2013.07.16 08:57:05.972,1.57107,1.57143,2.44,1.69
2013.07.16 08:57:06.521,1.57108,1.57148,1.69,3.19
2013.07.16 08:57:06.933,1.57113,1.57148,1.69,3.19
2013.07.16 08:57:08.292,1.57114,1.57148,1.32,2.44
2013.07.16 08:57:09.692,1.57114,1.57148,1.32,1.69
2013.07.16 08:57:10.232,1.57114,1.57152,1.69,2.44
2013.07.16 08:57:10.661,1.57114,1.57148,1.69,1.69
2013.07.16 08:57:10.722,1.57113,1.57144,1.32,1.69
2013.07.16 08:57:11.082,1.5711,1.57141,1.32,1.69
2013.07.16 08:57:11.712,1.57102,1.5714,1.69,1.69
2013.07.16 08:57:11.772,1.57102,1.57139,1.69,1.69
2013.07.16 08:57:12.193,1.57102,1.5714,1.69,2.44
2013.07.16 08:57:13.243,1.57107,1.57141,2.82,1.69
2013.07.16 08:57:13.422,1.57109,1.57136,1.69,1.13
2013.07.16 08:57:13.542,1.57105,1.57136,2.07,2.07
2013.07.16 08:57:14.159,1.57103,1.57134,1.32,1.69
2013.07.16 08:57:17.642,1.57103,1.57134,2.07,1.69
2013.07.16 08:57:18.793,1.57103,1.57136,2.07,1.32
2013.07.16 08:57:19.092,1.57103,1.57134,2.07,1.69
2013.07.16 08:57:20.392,1.57103,1.57134,1.32,1.69
2013.07.16 08:57:23.432,1.57103,1.57134,1.32,2.44
2013.07.16 08:57:25.411,1.57103,1.57134,1.32,2.44
2013.07.16 08:57:26.013,1.57103,1.57134,1.32,1.69
2013.07.16 08:57:26.722,1.57103,1.57134,1.32,1.69
2013.07.16 08:57:30.872,1.57103,1.57134,1.32,1.69
2013.07.16 08:57:32.302,1.57102,1.57134,2.07,1.69
2013.07.16 08:57:34.671,1.57102,1.57137,2.44,1.32
2013.07.16 08:57:35.152,1.57102,1.57137,1.69,2.07
2013.07.16 08:57:35.392,1.57099,1.57135,1.69,1.69
2013.07.16 08:57:40.762,1.57102,1.57137,1.32,2.07
2013.07.16 08:57:42.451,1.57101,1.57136,1.32,1.69
2013.07.16 08:57:48.222,1.57099,1.57133,1.32,1.69
2013.07.16 08:57:48.582,1.57095,1.5713,2.07,1.69
2013.07.16 08:57:48.768,1.57095,1.5713,2.07,2.44
2013.07.16 08:57:49.172,1.57096,1.57131,1.32,1.69
2013.07.16 08:57:51.023,1.57102,1.57134,1.32,1.69
2013.07.16 08:57:51.262,1.57106,1.5714,2.07,1.69
2013.07.16 08:57:52.463,1.57102,1.57139,2.07,1.69
2013.07.16 08:57:52.582,1.57102,1.57139,2.07,1.69
2013.07.16 08:57:52.642,1.57102,1.57139,1.32,1.69
2013.07.16 08:57:52.954,1.57095,1.57132,1.69,1.69
2013.07.16 08:57:53.865,1.57097,1.57132,1.13,2.07
2013.07.16 08:57:54.163,1.57093,1.57132,1.69,2.82
2013.07.16 08:57:54.483,1.57096,1.57131,1.32,1.69
2013.07.16 08:57:54.842,1.57094,1.57129,1.32,1.69
2013.07.16 08:57:54.963,1.57094,1.57131,1.32,2.07
2013.07.16 08:57:55.682,1.57094,1.57132,2.07,2.07
2013.07.16 08:57:57.002,1.57098,1.57132,1.32,1.32
2013.07.16 08:57:57.662,1.57095,1.5713,1.69,1.69
2013.07.16 08:57:57.722,1.57091,1.57129,1.69,1.69
2013.07.16 08:57:58.444,1.57094,1.57128,1.32,1.69
2013.07.16 08:57:59.182,1.57096,1.57129,1.32,1.69
2013.07.16 08:57:59.303,1.57096,1.57132,2.44,1.69
2013.07.16 08:57:59.422,1.57096,1.57131,1.69,1.69
2013.07.16 08:57:59.602,1.57096,1.5713,1.32,2.44
2013.07.16 08:57:59.842,1.57089,1.57128,3.19,1.69
2013.07.16 08:58:00.202,1.57085,1.57123,1.69,1.69
2013.07.16 08:58:00.382,1.57084,1.57121,1.32,1.69
2013.07.16 08:58:03.270,1.57082,1.57118,1.32,1.69
2013.07.16 08:58:03.392,1.57083,1.57118,1.69,1.69
2013.07.16 08:58:04.278,1.57082,1.5712,1.32,1.69
2013.07.16 08:58:04.387,1.57082,1.57121,1.32,2.07
2013.07.16 08:58:05.393,1.57082,1.57121,1.32,2.07
2013.07.16 08:58:05.904,1.57083,1.57121,1.32,2.82
2013.07.16 08:58:06.423,1.57083,1.57121,1.32,2.82
2013.07.16 08:58:06.813,1.57083,1.57121,1.32,2.82
2013.07.16 08:58:08.272,1.57083,1.57121,1.32,2.82
2013.07.16 08:58:09.141,1.57083,1.57121,1.69,2.44
2013.07.16 08:58:09.202,1.57083,1.57121,1.69,2.44
2013.07.16 08:58:09.456,1.57086,1.57123,1.32,2.44
2013.07.16 08:58:09.892,1.57086,1.57123,1.32,2.44
2013.07.16 08:58:10.302,1.57086,1.57122,1.32,1.69
2013.07.16 08:58:10.362,1.57086,1.57122,1.32,2.44
2013.07.16 08:58:10.612,1.57086,1.57122,1.32,1.69
2013.07.16 08:58:10.673,1.57086,1.57122,1.32,1.69
2013.07.16 08:58:11.762,1.57085,1.57119,1.32,1.69
2013.07.16 08:58:12.302,1.57085,1.57121,1.32,2.44
2013.07.16 08:58:16.582,1.57085,1.57121,1.13,2.44
2013.07.16 08:58:17.863,1.57086,1.5712,1.13,1.69
2013.07.16 08:58:18.222,1.57086,1.57124,1.32,2.44
2013.07.16 08:58:18.341,1.57084,1.57124,2.44,1.69
2013.07.16 08:58:18.882,1.57089,1.57127,1.50,1.69
2013.07.16 08:58:19.316,1.57088,1.57127,1.69,2.44
2013.07.16 08:58:19.922,1.57089,1.57127,1.69,1.50
2013.07.16 08:58:20.042,1.57093,1.57132,1.69,1.69
2013.07.16 08:58:20.102,1.57093,1.57132,2.44,1.50
2013.07.16 08:58:20.222,1.57093,1.57132,2.07,1.50
2013.07.16 08:58:20.402,1.57093,1.57132,2.07,1.50
2013.07.16 08:58:20.942,1.57095,1.57136,1.69,1.69
2013.07.16 08:58:21.477,1.57095,1.57136,1.69,1.69
2013.07.16 08:58:22.605,1.571,1.57136,1.13,2.44
2013.07.16 08:58:22.902,1.571,1.57134,1.13,1.69
2013.07.16 08:58:23.142,1.571,1.57136,1.13,2.44
2013.07.16 08:58:23.322,1.571,1.57136,1.13,2.44
2013.07.16 08:58:26.133,1.571,1.57135,1.32,1.69
2013.07.16 08:58:28.216,1.57097,1.57136,2.07,1.69
2013.07.16 08:58:28.454,1.57098,1.57139,2.82,2.44
2013.07.16 08:58:28.693,1.57108,1.57142,1.69,1.32
2013.07.16 08:58:28.813,1.57108,1.57142,1.69,1.32
2013.07.16 08:58:28.993,1.57108,1.57142,1.69,1.32
2013.07.16 08:58:29.962,1.57108,1.57148,2.44,2.44
2013.07.16 08:58:30.263,1.57111,1.5715,1.50,1.69
2013.07.16 08:58:30.562,1.57111,1.57147,1.50,1.69
2013.07.16 08:58:31.582,1.57113,1.57146,1.13,1.69
2013.07.16 08:58:31.702,1.57116,1.5715,1.50,1.69
2013.07.16 08:58:31.762,1.57116,1.5715,1.69,1.50
2013.07.16 08:58:31.942,1.57118,1.57152,1.69,1.13
2013.07.16 08:58:32.433,1.57117,1.57155,2.44,1.69
2013.07.16 08:58:32.673,1.57114,1.5715,1.69,1.69
2013.07.16 08:58:32.853,1.57112,1.57144,1.13,1.69
2013.07.16 08:58:32.914,1.5711,1.57141,1.50,1.32
2013.07.16 08:58:33.032,1.57106,1.57141,1.88,1.32
2013.07.16 08:58:33.212,1.57106,1.57144,1.88,1.32
2013.07.16 08:58:33.596,1.57106,1.57141,1.13,1.32
2013.07.16 08:58:34.020,1.5711,1.57149,1.32,2.44
2013.07.16 08:58:36.133,1.5711,1.5715,1.32,1.69
2013.07.16 08:58:36.252,1.57115,1.57152,1.13,1.32
2013.07.16 08:58:36.862,1.57114,1.57148,1.32,1.50
2013.07.16 08:58:37.113,1.57118,1.57152,1.32,1.32
2013.07.16 08:58:37.952,1.57119,1.57152,1.13,1.32
2013.07.16 08:58:38.456,1.57119,1.57152,1.13,1.32
2013.07.16 08:58:39.402,1.57116,1.57149,1.13,1.69
2013.07.16 08:58:39.703,1.57119,1.57152,1.13,1.32
2013.07.16 08:58:40.213,1.57119,1.57152,1.13,1.32
2013.07.16 08:58:41.683,1.57121,1.57156,1.50,1.69
2013.07.16 08:58:41.882,1.57122,1.57153,2.25,1.50
2013.07.16 08:58:42.002,1.57119,1.57154,1.69,1.50
2013.07.16 08:58:42.242,1.57121,1.5716,2.44,1.69
2013.07.16 08:58:42.362,1.57122,1.57153,1.50,1.13
2013.07.16 08:58:42.604,1.57118,1.57157,1.32,2.44
2013.07.16 08:58:42.962,1.57128,1.57158,1.13,1.69
2013.07.16 08:58:43.022,1.57128,1.57161,1.13,1.69
2013.07.16 08:58:43.143,1.57128,1.57165,1.32,1.69
2013.07.16 08:58:43.203,1.57128,1.57167,1.32,1.69
2013.07.16 08:58:43.442,1.57128,1.57166,1.69,1.69
2013.07.16 08:58:43.642,1.5713,1.57168,1.69,1.69
2013.07.16 08:58:43.822,1.5713,1.57162,1.69,1.50
2013.07.16 08:58:43.942,1.57131,1.57168,1.69,2.82
2013.07.16 08:58:44.662,1.57131,1.57166,1.50,2.44
2013.07.16 08:58:44.962,1.57129,1.57164,1.32,2.44
2013.07.16 08:58:45.204,1.57125,1.57158,1.13,1.69
2013.07.16 08:58:45.812,1.57116,1.57156,1.32,1.69
2013.07.16 08:58:46.192,1.57115,1.57149,1.69,1.50
2013.07.16 08:58:46.498,1.57115,1.5714,1.50,1.50
2013.07.16 08:58:48.102,1.57115,1.57143,1.50,1.69
2013.07.16 08:58:48.162,1.57115,1.57143,1.50,1.69
2013.07.16 08:58:48.703,1.57115,1.57151,1.50,1.32
2013.07.16 08:58:49.902,1.57127,1.5715,1.13,1.32
2013.07.16 08:58:49.962,1.57127,1.57155,1.13,1.13
2013.07.16 08:58:50.022,1.57127,1.57161,1.50,1.69
2013.07.16 08:58:50.082,1.57127,1.57163,1.69,2.44
2013.07.16 08:58:50.142,1.57127,1.57163,1.69,2.44
2013.07.16 08:58:50.262,1.57127,1.57163,1.50,2.44
2013.07.16 08:58:50.623,1.57127,1.57165,1.13,2.44
2013.07.16 08:58:51.442,1.57127,1.57166,1.32,2.44
2013.07.16 08:58:51.502,1.57127,1.57166,1.32,1.69
2013.07.16 08:58:51.682,1.57129,1.57163,1.50,1.69
2013.07.16 08:58:53.385,1.57127,1.57163,1.32,1.69
2013.07.16 08:58:53.505,1.57127,1.57163,1.32,1.69
2013.07.16 08:58:53.833,1.57127,1.57163,1.32,1.69
2013.07.16 08:58:53.962,1.57127,1.57163,1.69,1.69
2013.07.16 08:58:54.202,1.57128,1.57165,1.32,1.69
2013.07.16 08:58:55.672,1.57127,1.57164,1.32,1.69
2013.07.16 08:58:56.033,1.57129,1.57167,1.69,1.32
2013.07.16 08:59:03.392,1.57132,1.57167,1.13,1.69
2013.07.16 08:59:03.452,1.57133,1.57165,1.32,1.50
2013.07.16 08:59:03.812,1.57141,1.5717,1.13,1.69
2013.07.16 08:59:04.362,1.57137,1.57165,1.13,1.50
2013.07.16 08:59:04.688,1.57137,1.57165,1.13,1.50
2013.07.16 08:59:05.254,1.57138,1.57168,1.13,2.44
2013.07.16 08:59:06.055,1.57138,1.57168,1.13,1.69
2013.07.16 08:59:06.582,1.57137,1.57167,1.50,1.69
2013.07.16 08:59:06.702,1.57137,1.57166,1.50,1.50
2013.07.16 08:59:07.042,1.57137,1.57163,1.13,1.50
2013.07.16 08:59:07.814,1.57136,1.57163,1.50,1.50
2013.07.16 08:59:07.992,1.57137,1.57163,1.13,1.50
2013.07.16 08:59:08.315,1.57137,1.57164,1.50,2.07
2013.07.16 08:59:09.142,1.57137,1.57164,1.13,3.19
2013.07.16 08:59:09.474,1.57137,1.57162,1.50,1.50
2013.07.16 08:59:09.783,1.57152,1.57166,1.13,1.50
2013.07.16 08:59:10.023,1.57142,1.57169,1.13,2.25
2013.07.16 08:59:10.142,1.57142,1.57169,1.13,1.50
2013.07.16 08:59:10.322,1.57146,1.57171,1.13,2.25
2013.07.16 08:59:10.382,1.57145,1.57171,1.47,2.25
2013.07.16 08:59:10.502,1.57142,1.57171,1.13,1.32
2013.07.16 08:59:10.562,1.57138,1.5717,1.13,1.13
2013.07.16 08:59:10.622,1.57142,1.5717,1.13,1.13
2013.07.16 08:59:10.982,1.57139,1.5717,1.13,2.44
2013.07.16 08:59:11.102,1.57141,1.5717,1.50,1.69
2013.07.16 08:59:11.412,1.57154,1.5717,1.13,1.50
2013.07.16 08:59:12.242,1.57153,1.57174,1.13,2.82
2013.07.16 08:59:12.703,1.57154,1.57172,1.13,1.50
2013.07.16 08:59:13.093,1.57144,1.57172,1.88,1.50
2013.07.16 08:59:13.272,1.57143,1.57173,1.13,3.57
2013.07.16 08:59:13.393,1.57145,1.57173,1.13,1.69
2013.07.16 08:59:13.692,1.57145,1.57173,1.13,4.13
2013.07.16 08:59:13.753,1.57143,1.57173,1.88,4.32
2013.07.16 08:59:13.872,1.57141,1.57173,1.50,4.32
2013.07.16 08:59:13.932,1.57139,1.57172,1.13,1.69
2013.07.16 08:59:15.933,1.57148,1.57174,1.13,1.69
2013.07.16 08:59:15.992,1.57148,1.57179,1.50,3.19
2013.07.16 08:59:16.112,1.57149,1.57181,1.13,3.19
2013.07.16 08:59:16.593,1.57148,1.57181,1.13,3.19
2013.07.16 08:59:16.772,1.57152,1.57184,1.50,1.69
2013.07.16 08:59:16.992,1.57152,1.57184,1.50,1.69
2013.07.16 08:59:17.113,1.5715,1.57181,1.50,1.69
2013.07.16 08:59:17.412,1.57148,1.57177,1.32,1.50
2013.07.16 08:59:17.922,1.57148,1.57178,1.32,1.50
2013.07.16 08:59:17.981,1.57148,1.57178,1.32,1.50
2013.07.16 08:59:19.113,1.57148,1.57177,1.32,1.50
2013.07.16 08:59:19.672,1.57148,1.57177,1.32,1.50
2013.07.16 08:59:20.092,1.57149,1.57177,1.50,1.50
2013.07.16 08:59:20.151,1.57149,1.57177,1.50,1.50
2013.07.16 08:59:20.452,1.57148,1.57182,1.13,1.69
2013.07.16 08:59:20.692,1.57149,1.57182,1.50,1.69
2013.07.16 08:59:20.994,1.57148,1.57178,1.13,1.88
2013.07.16 08:59:21.344,1.5714,1.57179,1.69,1.32
2013.07.16 08:59:21.462,1.57149,1.57182,1.13,1.32
2013.07.16 08:59:21.642,1.57149,1.57182,1.13,2.44
2013.07.16 08:59:21.762,1.57149,1.57181,1.13,1.32
2013.07.16 08:59:23.223,1.57149,1.57181,1.13,2.07
2013.07.16 08:59:23.384,1.57149,1.57181,1.13,2.07
2013.07.16 08:59:23.442,1.57149,1.57181,1.32,2.07
2013.07.16 08:59:23.623,1.57152,1.57184,1.50,1.69
2013.07.16 08:59:24.422,1.57152,1.57183,1.50,1.69
2013.07.16 08:59:25.192,1.57152,1.57183,1.50,1.50
2013.07.16 08:59:25.373,1.57158,1.57183,1.50,1.13
2013.07.16 08:59:25.563,1.57158,1.57184,1.50,1.50
2013.07.16 08:59:25.622,1.57158,1.57184,1.50,1.50
2013.07.16 08:59:25.922,1.57154,1.57184,1.50,1.50
2013.07.16 08:59:26.042,1.57159,1.57184,1.50,1.50
2013.07.16 08:59:26.222,1.57159,1.57187,1.50,1.32
2013.07.16 08:59:28.178,1.57159,1.57186,1.50,1.69
2013.07.16 08:59:30.153,1.57159,1.57186,1.50,1.69
2013.07.16 08:59:30.266,1.57159,1.57186,1.50,1.69
2013.07.16 08:59:30.662,1.57159,1.57183,1.50,1.50
2013.07.16 08:59:30.782,1.57159,1.57187,1.50,1.69
2013.07.16 08:59:30.902,1.57151,1.57184,1.50,1.69
2013.07.16 08:59:31.022,1.57151,1.57183,1.50,1.69
2013.07.16 08:59:31.083,1.57146,1.57183,1.50,1.69
2013.07.16 08:59:31.262,1.57146,1.57183,1.50,1.69
2013.07.16 08:59:32.221,1.57148,1.5718,1.69,1.50
2013.07.16 08:59:32.342,1.57148,1.57185,1.69,1.13
2013.07.16 08:59:32.462,1.57148,1.57183,1.69,1.50
2013.07.16 08:59:32.963,1.57146,1.57183,1.69,1.13
2013.07.16 08:59:33.262,1.57146,1.5718,1.69,1.50
2013.07.16 08:59:33.787,1.57146,1.57179,1.69,1.13
2013.07.16 08:59:35.112,1.57145,1.57179,1.69,1.88
2013.07.16 08:59:35.172,1.57146,1.57182,1.69,2.07
2013.07.16 08:59:35.412,1.5715,1.57182,1.69,1.13
2013.07.16 08:59:35.472,1.57149,1.57178,1.69,1.50
2013.07.16 08:59:35.853,1.57144,1.57178,1.69,1.50
2013.07.16 08:59:36.913,1.5715,1.57181,1.50,2.25
2013.07.16 08:59:37.034,1.5715,1.57184,1.50,1.13
2013.07.16 08:59:37.153,1.57148,1.57183,1.13,2.25
2013.07.16 08:59:37.332,1.57144,1.57181,2.44,1.50
2013.07.16 08:59:37.692,1.57144,1.57178,2.44,1.50
2013.07.16 08:59:37.932,1.57144,1.57178,2.44,1.50
2013.07.16 08:59:38.174,1.57144,1.57178,2.44,1.50
2013.07.16 08:59:39.161,1.57144,1.57179,1.69,1.13
2013.07.16 08:59:39.593,1.57145,1.5718,1.32,1.50
2013.07.16 08:59:39.892,1.57146,1.57181,1.69,1.50
2013.07.16 08:59:39.952,1.57146,1.57179,1.69,1.50
2013.07.16 08:59:40.152,1.57148,1.57182,1.69,1.50
2013.07.16 08:59:40.473,1.57148,1.57182,1.69,1.88
2013.07.16 08:59:40.826,1.57148,1.5718,1.69,1.50
2013.07.16 08:59:42.202,1.57153,1.5718,1.69,1.50
2013.07.16 08:59:42.263,1.57153,1.57183,1.69,1.13
2013.07.16 08:59:42.444,1.57153,1.57183,1.69,1.13
2013.07.16 08:59:42.873,1.57156,1.57187,1.69,1.50
2013.07.16 08:59:42.992,1.57151,1.57187,1.32,1.50
2013.07.16 08:59:43.292,1.57146,1.57182,1.69,1.50
2013.07.16 08:59:43.863,1.57146,1.57182,1.69,1.50
2013.07.16 08:59:44.882,1.57149,1.5718,1.69,1.50
2013.07.16 08:59:45.182,1.57143,1.57184,2.07,1.13
2013.07.16 08:59:45.302,1.57143,1.57167,1.69,1.50
2013.07.16 08:59:45.602,1.5713,1.57157,1.50,2.25
2013.07.16 08:59:45.722,1.57117,1.57155,1.50,1.50
2013.07.16 08:59:46.142,1.57114,1.57155,1.69,1.50
2013.07.16 08:59:46.323,1.57111,1.57148,1.69,1.50
2013.07.16 08:59:46.443,1.57108,1.57148,1.69,1.50
2013.07.16 08:59:46.752,1.57106,1.57146,3.57,1.50
2013.07.16 08:59:46.932,1.57106,1.57146,2.82,1.50
2013.07.16 08:59:47.052,1.57106,1.57146,3.57,1.50
2013.07.16 08:59:47.524,1.57106,1.57145,1.69,1.50
2013.07.16 08:59:48.012,1.57107,1.57148,1.32,1.50
2013.07.16 08:59:48.563,1.57107,1.57148,1.32,1.50
2013.07.16 08:59:48.621,1.57111,1.57148,1.69,1.50
2013.07.16 08:59:48.802,1.57111,1.57149,2.07,1.13
2013.07.16 08:59:48.982,1.57111,1.57148,1.69,2.25
2013.07.16 08:59:49.302,1.57111,1.57145,1.69,1.13
2013.07.16 08:59:49.552,1.57107,1.57145,2.07,1.13
2013.07.16 08:59:50.124,1.57107,1.57145,2.07,1.13
2013.07.16 08:59:50.183,1.57107,1.57145,2.07,1.13
2013.07.16 08:59:50.745,1.57107,1.57145,1.69,2.63
2013.07.16 08:59:50.863,1.57106,1.57148,1.50,1.50
2013.07.16 08:59:51.163,1.57107,1.57148,1.50,1.13
2013.07.16 08:59:51.222,1.57107,1.57148,1.50,1.13
2013.07.16 08:59:53.161,1.57107,1.57151,1.50,1.13
2013.07.16 08:59:54.903,1.57115,1.57153,1.13,1.13
2013.07.16 08:59:55.023,1.57118,1.57157,1.88,1.88
2013.07.16 08:59:55.082,1.57119,1.57157,2.63,1.50
2013.07.16 08:59:55.203,1.57119,1.57163,2.63,1.50
2013.07.16 08:59:55.324,1.5712,1.57163,1.50,1.50
2013.07.16 08:59:55.444,1.57127,1.57163,1.13,1.50
2013.07.16 08:59:55.752,1.57127,1.57171,1.13,1.50
2013.07.16 08:59:56.315,1.57127,1.57158,1.13,1.50
2013.07.16 08:59:56.673,1.57107,1.57145,1.50,1.50
2013.07.16 08:59:56.731,1.57107,1.5715,1.50,1.50
2013.07.16 08:59:56.852,1.57104,1.57152,1.50,1.25
2013.07.16 08:59:57.212,1.57113,1.57158,1.13,1.13
2013.07.16 08:59:57.331,1.57113,1.57163,1.13,1.13
2013.07.16 08:59:58.343,1.57113,1.57168,1.13,1.13
2013.07.16 08:59:59.062,1.57109,1.57168,1.13,1.50
2013.07.16 08:59:59.183,1.57116,1.57173,1.50,1.50
2013.07.16 08:59:59.303,1.57117,1.57174,1.50,1.13
2013.07.16 08:59:59.422,1.57117,1.57173,1.50,1.50
2013.07.16 08:59:59.543,1.57117,1.57175,1.50,1.50
2013.07.16 08:59:59.605,1.57117,1.5718,1.50,1.50
