2018.03.21 13:00:00.043,1.82475,1.82499,1.00,1.00
2018.03.21 13:00:00.095,1.82474,1.82501,1.00,1.00
2018.03.21 13:00:00.316,1.82474,1.82499,1.50,1.00
2018.03.21 13:00:00.621,1.82474,1.82497,1.00,1.00
2018.03.21 13:00:00.672,1.82472,1.82497,1.00,1.00
2018.03.21 13:00:00.723,1.82469,1.82497,1.00,1.00
2018.03.21 13:00:00.774,1.82471,1.82498,1.00,1.00
2018.03.21 13:00:01.105,1.82466,1.82491,1.50,1.00
2018.03.21 13:00:01.410,1.8247,1.82493,1.00,1.00
2018.03.21 13:00:01.461,1.82472,1.82498,1.00,1.00
2018.03.21 13:00:01.562,1.8247,1.82498,1.50,1.00
2018.03.21 13:00:01.905,1.82472,1.82501,1.50,1.00
2018.03.21 13:00:02.550,1.8247,1.82498,1.50,1.00
2018.03.21 13:00:02.854,1.82466,1.82493,1.50,1.00
2018.03.21 13:00:03.317,1.82468,1.82494,1.00,1.00
2018.03.21 13:00:03.368,1.82466,1.82494,1.25,1.00
2018.03.21 13:00:03.919,1.82465,1.82494,1.00,1.00
2018.03.21 13:00:03.973,1.82461,1.82489,1.50,1.00
2018.03.21 13:00:04.177,1.82456,1.82485,1.69,1.00
2018.03.21 13:00:04.700,1.82455,1.82485,1.69,1.00
2018.03.21 13:00:04.971,1.82457,1.82485,1.00,1.00
2018.03.21 13:00:05.525,1.82456,1.82485,1.00,1.00
2018.03.21 13:00:05.967,1.82456,1.82481,1.00,1.00
2018.03.21 13:00:06.018,1.82458,1.82484,1.50,1.00
2018.03.21 13:00:06.169,1.8246,1.82484,1.00,1.00
2018.03.21 13:00:06.398,1.82459,1.82486,2.44,1.00
2018.03.21 13:00:06.499,1.8246,1.82488,1.00,1.00
2018.03.21 13:00:06.746,1.82462,1.82488,1.00,1.00
2018.03.21 13:00:06.796,1.82459,1.82487,1.00,1.00
2018.03.21 13:00:06.847,1.82462,1.82487,1.00,1.00
2018.03.21 13:00:07.050,1.82458,1.82487,2.25,1.00
2018.03.21 13:00:07.137,1.82458,1.82485,1.50,1.00
2018.03.21 13:00:08.773,1.82459,1.82486,1.00,1.00
2018.03.21 13:00:09.121,1.82455,1.8248,1.00,1.00
2018.03.21 13:00:09.651,1.82455,1.82478,1.50,1.00
2018.03.21 13:00:10.148,1.82455,1.82482,1.00,1.00
2018.03.21 13:00:10.899,1.82454,1.82482,1.00,1.00
2018.03.21 13:00:11.045,1.82456,1.82484,1.00,1.00
2018.03.21 13:00:12.147,1.82464,1.82482,1.00,1.00
2018.03.21 13:00:12.198,1.82461,1.82483,1.00,1.00
2018.03.21 13:00:12.249,1.82455,1.82483,1.50,1.00
2018.03.21 13:00:12.452,1.82459,1.82488,1.50,1.00
2018.03.21 13:00:12.553,1.82459,1.82486,1.50,1.00
2018.03.21 13:00:12.767,1.8246,1.82488,1.00,1.00
2018.03.21 13:00:13.220,1.82459,1.82486,1.50,1.00
2018.03.21 13:00:14.476,1.82461,1.82487,1.00,1.00
2018.03.21 13:00:14.579,1.82458,1.82487,1.00,1.00
2018.03.21 13:00:14.631,1.82457,1.82485,1.00,1.00
2018.03.21 13:00:14.964,1.82455,1.82482,1.50,1.00
2018.03.21 13:00:15.968,1.82457,1.82483,1.00,1.00
2018.03.21 13:00:16.311,1.82462,1.82485,1.00,1.00
2018.03.21 13:00:16.362,1.82462,1.82487,1.00,1.00
2018.03.21 13:00:16.567,1.82458,1.82487,1.00,1.00
2018.03.21 13:00:16.811,1.8246,1.82487,1.00,1.00
2018.03.21 13:00:16.862,1.82458,1.82487,1.00,1.00
2018.03.21 13:00:16.963,1.82457,1.82485,1.00,1.00
2018.03.21 13:00:17.271,1.82457,1.82483,1.00,1.00
2018.03.21 13:00:17.778,1.82455,1.82483,3.00,1.00
2018.03.21 13:00:18.227,1.82458,1.82486,1.50,1.00
2018.03.21 13:00:18.798,1.8246,1.82484,1.00,1.00
2018.03.21 13:00:18.850,1.82455,1.82482,1.00,1.00
2018.03.21 13:00:19.206,1.82453,1.82481,2.62,1.00
2018.03.21 13:00:19.714,1.82453,1.8248,1.00,1.00
2018.03.21 13:00:20.227,1.82452,1.8248,1.00,1.00
2018.03.21 13:00:20.806,1.82453,1.82481,1.00,1.00
2018.03.21 13:00:20.908,1.82451,1.82478,1.00,1.00
2018.03.21 13:00:20.959,1.82449,1.82477,1.00,1.00
2018.03.21 13:00:21.112,1.82449,1.82475,1.00,1.00
2018.03.21 13:00:21.163,1.82447,1.82474,1.00,1.00
2018.03.21 13:00:21.215,1.82447,1.82477,1.00,1.00
2018.03.21 13:00:21.266,1.82446,1.82472,1.00,1.00
2018.03.21 13:00:21.584,1.82444,1.8247,1.50,1.00
2018.03.21 13:00:21.905,1.82441,1.8247,1.00,1.00
2018.03.21 13:00:22.059,1.82444,1.82472,1.00,1.00
2018.03.21 13:00:22.363,1.82453,1.82481,1.00,1.00
2018.03.21 13:00:22.667,1.82455,1.82482,1.00,1.00
2018.03.21 13:00:23.422,1.82452,1.82479,1.00,1.00
2018.03.21 13:00:23.523,1.82449,1.82477,1.00,1.00
2018.03.21 13:00:24.058,1.8245,1.82478,1.00,1.00
2018.03.21 13:00:24.109,1.82452,1.82479,1.00,1.00
2018.03.21 13:00:24.421,1.82456,1.82484,1.50,1.00
2018.03.21 13:00:24.472,1.82458,1.82484,1.00,1.00
2018.03.21 13:00:24.624,1.82456,1.82484,1.00,1.00
2018.03.21 13:00:24.817,1.82457,1.82486,1.00,1.00
2018.03.21 13:00:25.733,1.82457,1.82484,1.00,1.00
2018.03.21 13:00:25.784,1.82451,1.82479,1.00,1.00
2018.03.21 13:00:25.836,1.8245,1.82477,1.00,1.00
2018.03.21 13:00:26.162,1.82447,1.82474,1.50,1.00
2018.03.21 13:00:26.214,1.82448,1.82476,1.00,1.69
2018.03.21 13:00:26.265,1.8244,1.82467,1.00,1.00
2018.03.21 13:00:26.567,1.82439,1.82465,1.50,1.00
2018.03.21 13:00:27.567,1.8244,1.82465,1.00,1.00
2018.03.21 13:00:27.709,1.82435,1.82462,1.00,1.00
2018.03.21 13:00:27.760,1.82436,1.8246,1.00,1.00
2018.03.21 13:00:28.291,1.82436,1.82459,1.00,1.00
2018.03.21 13:00:28.901,1.82435,1.82459,1.00,1.00
2018.03.21 13:00:30.151,1.82435,1.82461,1.00,1.00
2018.03.21 13:00:30.252,1.8244,1.82463,1.00,1.00
2018.03.21 13:00:30.423,1.82437,1.82465,1.00,1.00
2018.03.21 13:00:30.941,1.82439,1.82465,1.00,1.00
2018.03.21 13:00:31.460,1.82436,1.82462,1.00,1.00
2018.03.21 13:00:31.864,1.82434,1.82462,1.00,1.00
2018.03.21 13:00:32.456,1.82433,1.82462,2.25,1.00
2018.03.21 13:00:33.280,1.82435,1.82463,1.00,1.00
2018.03.21 13:00:34.801,1.82433,1.8246,1.00,1.00
2018.03.21 13:00:34.852,1.82431,1.82459,1.00,1.00
2018.03.21 13:00:34.907,1.82429,1.82458,1.00,1.00
2018.03.21 13:00:34.957,1.82428,1.82455,1.00,1.00
2018.03.21 13:00:35.493,1.82429,1.82455,1.00,1.00
2018.03.21 13:00:35.900,1.82427,1.82453,1.00,1.00
2018.03.21 13:00:36.126,1.82424,1.82451,1.00,1.00
2018.03.21 13:00:36.413,1.82421,1.82448,1.00,1.00
2018.03.21 13:00:36.757,1.8242,1.82446,1.69,1.00
2018.03.21 13:00:37.872,1.82421,1.82448,1.50,1.00
2018.03.21 13:00:38.064,1.82422,1.8245,1.50,1.00
2018.03.21 13:00:38.267,1.82426,1.82453,1.00,1.00
2018.03.21 13:00:38.470,1.82427,1.82455,1.00,1.00
2018.03.21 13:00:39.057,1.82424,1.82452,1.00,1.00
2018.03.21 13:00:39.263,1.82422,1.82451,1.00,1.00
2018.03.21 13:00:39.314,1.82421,1.82449,1.00,1.00
2018.03.21 13:00:39.880,1.82422,1.8245,1.00,1.00
2018.03.21 13:00:40.413,1.82421,1.82449,1.00,1.00
2018.03.21 13:00:41.208,1.82422,1.8245,1.00,1.00
2018.03.21 13:00:41.784,1.82421,1.82449,1.00,1.00
2018.03.21 13:00:42.533,1.82422,1.8245,1.00,1.00
2018.03.21 13:00:43.336,1.82426,1.82454,1.00,1.00
2018.03.21 13:00:43.540,1.82427,1.82456,1.00,1.00
2018.03.21 13:00:43.641,1.82429,1.82457,1.00,1.00
2018.03.21 13:00:43.998,1.82427,1.82456,1.00,1.00
2018.03.21 13:00:44.680,1.82431,1.82457,1.00,1.00
2018.03.21 13:00:44.782,1.82434,1.82462,1.00,1.00
2018.03.21 13:00:45.318,1.82433,1.82461,1.00,1.00
2018.03.21 13:00:45.370,1.82432,1.82459,1.00,1.00
2018.03.21 13:00:45.527,1.82434,1.82462,1.00,1.50
2018.03.21 13:00:45.578,1.82439,1.82464,1.00,1.00
2018.03.21 13:00:45.629,1.8244,1.82468,1.00,1.00
2018.03.21 13:00:46.136,1.82441,1.82469,1.00,1.00
2018.03.21 13:00:46.815,1.82441,1.82467,1.00,1.00
2018.03.21 13:00:47.338,1.8244,1.82468,1.00,1.00
2018.03.21 13:00:47.642,1.82442,1.82468,1.00,1.00
2018.03.21 13:00:47.962,1.82443,1.8247,1.00,1.00
2018.03.21 13:00:48.064,1.82444,1.82472,1.00,1.00
2018.03.21 13:00:48.313,1.82443,1.8247,1.00,1.00
2018.03.21 13:00:48.364,1.82438,1.82467,1.00,1.00
2018.03.21 13:00:48.689,1.82441,1.82467,1.00,1.00
2018.03.21 13:00:49.149,1.82435,1.8246,1.00,1.37
2018.03.21 13:00:49.404,1.82417,1.82445,1.00,1.00
2018.03.21 13:00:50.423,1.82414,1.82442,1.00,1.00
2018.03.21 13:00:50.728,1.82404,1.82433,1.00,1.00
2018.03.21 13:00:50.779,1.82404,1.8243,1.00,1.00
2018.03.21 13:00:51.482,1.82408,1.82434,1.00,1.00
2018.03.21 13:00:51.635,1.82409,1.82436,1.00,1.00
2018.03.21 13:00:51.737,1.82412,1.8244,1.00,1.00
2018.03.21 13:00:51.788,1.82415,1.82443,1.00,1.50
2018.03.21 13:00:52.093,1.82422,1.82449,1.00,1.00
2018.03.21 13:00:52.486,1.82424,1.8245,1.00,1.00
2018.03.21 13:00:53.071,1.82424,1.82448,1.00,1.00
2018.03.21 13:00:53.275,1.82424,1.8245,1.00,1.00
2018.03.21 13:00:53.326,1.82424,1.82452,1.00,1.00
2018.03.21 13:00:53.786,1.8242,1.82448,1.00,1.00
2018.03.21 13:00:54.090,1.82419,1.82445,1.00,1.00
2018.03.21 13:00:54.293,1.82416,1.82445,1.50,1.00
2018.03.21 13:00:54.344,1.82415,1.82443,1.00,1.00
2018.03.21 13:00:54.648,1.82411,1.82439,1.00,1.50
2018.03.21 13:00:55.290,1.82414,1.82438,1.00,1.00
2018.03.21 13:00:55.392,1.82417,1.82445,1.00,1.50
2018.03.21 13:00:55.899,1.82418,1.82446,1.00,1.00
2018.03.21 13:00:56.447,1.82417,1.82445,1.00,1.00
2018.03.21 13:00:56.498,1.82419,1.82445,1.00,1.00
2018.03.21 13:00:58.700,1.82419,1.82444,1.00,1.00
2018.03.21 13:00:58.803,1.82412,1.82441,1.00,1.00
2018.03.21 13:00:58.996,1.82412,1.82438,1.00,1.00
2018.03.21 13:00:59.350,1.82408,1.82436,1.00,1.00
2018.03.21 13:00:59.554,1.8241,1.82437,1.00,1.00
2018.03.21 13:00:59.655,1.82411,1.82439,1.00,1.00
2018.03.21 13:00:59.777,1.82415,1.82443,1.00,1.50
2018.03.21 13:01:00.334,1.82412,1.8244,1.00,1.00
2018.03.21 13:01:01.117,1.82415,1.82443,1.00,1.00
2018.03.21 13:01:01.219,1.82417,1.82446,1.00,1.00
2018.03.21 13:01:01.320,1.82413,1.82441,1.00,1.00
2018.03.21 13:01:01.424,1.8241,1.82439,1.00,1.00
2018.03.21 13:01:01.534,1.8241,1.82437,1.00,1.00
2018.03.21 13:01:01.585,1.82413,1.82441,1.00,1.00
2018.03.21 13:01:01.636,1.82416,1.82441,1.00,1.00
2018.03.21 13:01:01.788,1.82417,1.82447,1.00,3.00
2018.03.21 13:01:02.091,1.82419,1.82447,1.00,1.00
2018.03.21 13:01:02.344,1.82431,1.82461,1.00,1.50
2018.03.21 13:01:02.539,1.82434,1.82461,1.00,1.50
2018.03.21 13:01:02.641,1.82436,1.82465,1.00,2.25
2018.03.21 13:01:02.692,1.82438,1.82465,1.00,1.50
2018.03.21 13:01:03.127,1.82437,1.82467,1.00,1.00
2018.03.21 13:01:03.177,1.82441,1.82469,1.00,1.00
2018.03.21 13:01:03.329,1.82442,1.82472,1.00,1.00
2018.03.21 13:01:03.738,1.82444,1.82473,1.00,1.00
2018.03.21 13:01:04.260,1.82447,1.82475,1.00,1.50
2018.03.21 13:01:04.311,1.82444,1.82473,1.00,1.00
2018.03.21 13:01:04.362,1.82447,1.82473,1.00,1.00
2018.03.21 13:01:04.689,1.82436,1.82462,1.00,1.00
2018.03.21 13:01:04.995,1.82432,1.82458,1.00,1.00
2018.03.21 13:01:05.250,1.82429,1.82458,1.00,1.00
2018.03.21 13:01:05.683,1.82429,1.82453,1.00,1.00
2018.03.21 13:01:05.837,1.82427,1.82453,1.69,1.00
2018.03.21 13:01:05.888,1.82429,1.82456,1.00,1.00
2018.03.21 13:01:05.940,1.82433,1.82461,1.00,1.50
2018.03.21 13:01:05.991,1.82436,1.82462,1.00,2.25
2018.03.21 13:01:06.196,1.82432,1.8246,1.00,1.00
2018.03.21 13:01:06.247,1.82432,1.82457,1.00,1.00
2018.03.21 13:01:06.386,1.82434,1.8246,1.00,1.00
2018.03.21 13:01:06.589,1.82433,1.82462,1.00,1.50
2018.03.21 13:01:06.900,1.82431,1.82461,1.00,2.25
2018.03.21 13:01:07.002,1.82431,1.82458,1.00,1.00
2018.03.21 13:01:07.290,1.82439,1.82467,1.00,1.00
2018.03.21 13:01:07.758,1.82438,1.82464,1.00,1.00
2018.03.21 13:01:08.092,1.82436,1.8246,1.00,1.00
2018.03.21 13:01:08.143,1.82434,1.8246,1.00,1.00
2018.03.21 13:01:08.195,1.82436,1.8246,1.00,1.00
2018.03.21 13:01:08.601,1.82439,1.8246,1.00,1.00
2018.03.21 13:01:08.905,1.82437,1.82459,1.00,1.00
2018.03.21 13:01:09.316,1.82426,1.82454,1.00,1.50
2018.03.21 13:01:09.542,1.82426,1.82456,1.00,1.50
2018.03.21 13:01:09.593,1.82426,1.82453,1.00,1.00
2018.03.21 13:01:09.900,1.82424,1.8245,1.00,1.00
2018.03.21 13:01:10.052,1.82421,1.82449,1.00,1.00
2018.03.21 13:01:10.582,1.82421,1.8245,1.00,2.25
2018.03.21 13:01:11.131,1.8242,1.82449,1.00,1.00
2018.03.21 13:01:11.681,1.8242,1.82448,1.00,1.00
2018.03.21 13:01:12.155,1.82422,1.82447,1.00,1.00
2018.03.21 13:01:12.257,1.82422,1.8245,1.00,1.00
2018.03.21 13:01:13.378,1.82421,1.82449,1.00,1.00
2018.03.21 13:01:13.647,1.82423,1.82453,1.00,1.00
2018.03.21 13:01:13.699,1.82423,1.82451,1.00,1.00
2018.03.21 13:01:13.877,1.82417,1.82447,1.00,2.25
2018.03.21 13:01:13.928,1.82414,1.82443,1.00,1.00
2018.03.21 13:01:14.235,1.82417,1.82443,1.00,1.00
2018.03.21 13:01:14.286,1.82414,1.82443,1.00,1.00
2018.03.21 13:01:16.641,1.82417,1.82443,1.00,1.00
2018.03.21 13:01:16.844,1.82417,1.82445,1.00,1.50
2018.03.21 13:01:17.113,1.8241,1.82438,1.00,1.00
2018.03.21 13:01:17.418,1.82406,1.82434,1.00,1.00
2018.03.21 13:01:18.251,1.82406,1.82435,1.00,1.00
2018.03.21 13:01:19.569,1.82408,1.82436,1.00,1.00
2018.03.21 13:01:19.940,1.82402,1.8243,1.00,1.00
2018.03.21 13:01:20.244,1.82406,1.82431,1.00,1.00
2018.03.21 13:01:20.346,1.82406,1.82433,1.00,1.00
2018.03.21 13:01:20.688,1.82401,1.82429,1.00,1.00
2018.03.21 13:01:20.742,1.82397,1.82424,1.00,1.00
2018.03.21 13:01:20.794,1.82398,1.82427,1.00,1.00
2018.03.21 13:01:21.049,1.82397,1.82425,1.00,1.00
2018.03.21 13:01:21.368,1.82401,1.82429,1.00,1.50
2018.03.21 13:01:21.779,1.82403,1.82428,1.00,1.00
2018.03.21 13:01:21.881,1.82401,1.82431,1.00,1.00
2018.03.21 13:01:22.387,1.82402,1.82431,1.00,1.00
2018.03.21 13:01:23.070,1.82401,1.82429,1.00,1.00
2018.03.21 13:01:23.602,1.824,1.82429,1.00,1.00
2018.03.21 13:01:24.123,1.82401,1.82431,1.00,1.00
2018.03.21 13:01:24.717,1.82403,1.82431,1.00,1.00
2018.03.21 13:01:25.575,1.82405,1.82433,1.00,1.50
2018.03.21 13:01:25.626,1.82402,1.82433,1.00,1.00
2018.03.21 13:01:26.660,1.82407,1.82433,1.00,1.00
2018.03.21 13:01:26.711,1.82411,1.82439,1.00,1.00
2018.03.21 13:01:26.762,1.82412,1.82441,1.00,1.00
2018.03.21 13:01:26.813,1.82415,1.82441,1.00,1.00
2018.03.21 13:01:26.966,1.82415,1.82444,1.00,1.50
2018.03.21 13:01:27.283,1.82417,1.82445,1.00,1.00
2018.03.21 13:01:27.588,1.82427,1.82453,1.00,1.00
2018.03.21 13:01:27.638,1.82428,1.82455,1.00,1.00
2018.03.21 13:01:27.689,1.82433,1.82456,1.00,1.00
2018.03.21 13:01:27.791,1.82436,1.82461,1.00,1.00
2018.03.21 13:01:27.994,1.82438,1.82461,1.00,1.00
2018.03.21 13:01:28.045,1.82436,1.82461,1.00,1.00
2018.03.21 13:01:28.096,1.82433,1.8246,1.00,1.00
2018.03.21 13:01:28.671,1.82431,1.8246,1.00,1.50
2018.03.21 13:01:28.722,1.82431,1.82457,1.00,1.00
2018.03.21 13:01:28.773,1.82428,1.82455,1.00,1.00
2018.03.21 13:01:28.824,1.82426,1.82454,1.00,1.00
2018.03.21 13:01:28.926,1.82425,1.82452,1.00,1.00
2018.03.21 13:01:29.476,1.82424,1.82451,1.00,1.00
2018.03.21 13:01:29.783,1.82426,1.82452,1.00,1.00
2018.03.21 13:01:30.182,1.8243,1.82453,1.00,1.00
2018.03.21 13:01:30.233,1.8243,1.82455,1.00,1.00
2018.03.21 13:01:30.715,1.82428,1.82454,1.00,1.00
2018.03.21 13:01:31.721,1.82428,1.82455,1.00,1.00
2018.03.21 13:01:32.050,1.8242,1.82446,1.00,1.00
2018.03.21 13:01:32.101,1.82416,1.82444,1.00,1.00
2018.03.21 13:01:32.152,1.82414,1.82441,1.00,1.00
2018.03.21 13:01:32.751,1.82412,1.8244,1.00,1.00
2018.03.21 13:01:33.360,1.82411,1.82437,1.00,1.00
2018.03.21 13:01:33.726,1.82407,1.82436,1.00,1.00
2018.03.21 13:01:34.836,1.82408,1.82437,1.00,1.00
2018.03.21 13:01:34.937,1.8241,1.82438,1.00,1.00
2018.03.21 13:01:34.988,1.8241,1.8244,1.00,1.00
2018.03.21 13:01:35.375,1.82412,1.8244,1.00,1.00
2018.03.21 13:01:35.862,1.8241,1.82439,1.00,1.00
2018.03.21 13:01:36.066,1.82409,1.82437,1.00,1.00
2018.03.21 13:01:36.536,1.8241,1.82439,1.00,1.00
2018.03.21 13:01:36.952,1.82406,1.82434,1.00,1.00
2018.03.21 13:01:37.055,1.82403,1.82432,1.00,1.00
2018.03.21 13:01:37.107,1.82401,1.82428,1.00,1.00
2018.03.21 13:01:37.412,1.824,1.82426,1.00,1.00
2018.03.21 13:01:37.944,1.82396,1.82425,1.00,1.00
2018.03.21 13:01:38.879,1.82395,1.82423,1.00,1.00
2018.03.21 13:01:39.187,1.82397,1.82425,1.00,1.00
2018.03.21 13:01:39.513,1.82394,1.82422,1.00,1.00
2018.03.21 13:01:39.769,1.82391,1.8242,1.00,1.00
2018.03.21 13:01:40.165,1.82394,1.8242,1.00,1.00
2018.03.21 13:01:40.318,1.82394,1.82422,1.00,1.00
2018.03.21 13:01:42.200,1.82396,1.82423,1.00,1.00
2018.03.21 13:01:42.483,1.82394,1.82422,1.50,1.00
2018.03.21 13:01:44.460,1.82395,1.82424,1.00,1.00
2018.03.21 13:01:44.865,1.82394,1.82422,1.00,1.00
2018.03.21 13:01:45.171,1.82396,1.82422,1.00,1.00
2018.03.21 13:01:45.323,1.82397,1.82426,1.00,1.00
2018.03.21 13:01:45.374,1.824,1.82428,1.00,1.00
2018.03.21 13:01:50.470,1.82399,1.82427,1.00,1.00
2018.03.21 13:01:52.126,1.824,1.82428,1.00,1.00
2018.03.21 13:01:53.957,1.82401,1.8243,1.00,1.00
2018.03.21 13:01:54.059,1.82404,1.82431,1.00,1.00
2018.03.21 13:01:54.162,1.82408,1.82436,1.00,2.25
2018.03.21 13:01:54.213,1.82409,1.82438,1.00,1.00
2018.03.21 13:01:54.265,1.82411,1.82439,1.00,1.00
2018.03.21 13:01:54.316,1.82412,1.82441,1.00,1.50
2018.03.21 13:01:54.755,1.82415,1.82441,1.00,1.00
2018.03.21 13:01:54.908,1.82415,1.82443,1.00,1.00
2018.03.21 13:01:55.269,1.82419,1.82446,1.00,1.50
2018.03.21 13:01:55.790,1.8242,1.82446,1.00,1.00
2018.03.21 13:01:56.215,1.82417,1.82446,1.00,1.00
2018.03.21 13:01:56.533,1.82416,1.82444,1.00,1.00
2018.03.21 13:01:56.837,1.82421,1.82448,1.00,1.00
2018.03.21 13:01:56.887,1.82422,1.8245,1.00,1.00
2018.03.21 13:01:57.241,1.8242,1.82449,1.00,1.00
2018.03.21 13:01:57.292,1.82423,1.82449,1.00,1.00
2018.03.21 13:01:58.013,1.82423,1.82448,1.00,1.00
2018.03.21 13:01:58.115,1.82403,1.82429,1.00,1.00
2018.03.21 13:01:58.318,1.82406,1.82432,1.00,1.00
2018.03.21 13:01:58.674,1.82407,1.82434,1.00,1.00
2018.03.21 13:01:59.005,1.82405,1.82433,1.00,1.00
2018.03.21 13:01:59.428,1.82407,1.82434,1.00,1.00
2018.03.21 13:01:59.936,1.82407,1.82435,1.00,1.00
2018.03.21 13:02:00.330,1.82407,1.82428,1.00,1.00
2018.03.21 13:02:00.411,1.82405,1.82428,1.00,1.00
2018.03.21 13:02:00.463,1.82404,1.8243,1.00,1.00
2018.03.21 13:02:00.514,1.82402,1.8243,1.50,1.00
2018.03.21 13:02:00.926,1.82406,1.82432,1.00,1.00
2018.03.21 13:02:00.977,1.82406,1.82434,1.00,1.00
2018.03.21 13:02:01.526,1.82407,1.82435,1.00,1.00
2018.03.21 13:02:01.628,1.82408,1.82437,1.00,1.00
2018.03.21 13:02:01.679,1.82412,1.82438,1.00,1.00
2018.03.21 13:02:01.730,1.8241,1.82438,1.00,1.00
2018.03.21 13:02:01.964,1.82409,1.82436,1.00,1.00
2018.03.21 13:02:02.581,1.82407,1.82435,1.00,1.00
2018.03.21 13:02:02.733,1.82408,1.82437,1.00,1.00
2018.03.21 13:02:03.480,1.8241,1.82438,1.00,1.00
2018.03.21 13:02:03.999,1.82411,1.82439,1.00,1.00
2018.03.21 13:02:04.327,1.82413,1.8244,1.00,1.00
2018.03.21 13:02:04.887,1.82413,1.82439,1.00,1.50
2018.03.21 13:02:04.938,1.82409,1.82437,1.00,1.00
2018.03.21 13:02:05.335,1.82411,1.82439,1.00,1.00
2018.03.21 13:02:06.264,1.82412,1.82441,1.00,1.00
2018.03.21 13:02:06.750,1.82411,1.82439,1.00,1.00
2018.03.21 13:02:07.255,1.8241,1.82438,1.00,1.00
2018.03.21 13:02:07.305,1.82407,1.82436,1.00,1.00
2018.03.21 13:02:07.509,1.82411,1.82438,1.00,1.00
2018.03.21 13:02:07.560,1.82413,1.82441,1.00,1.50
2018.03.21 13:02:07.961,1.82413,1.82439,1.00,1.00
2018.03.21 13:02:08.640,1.82413,1.82442,1.50,1.00
2018.03.21 13:02:08.691,1.82416,1.82444,1.00,1.00
2018.03.21 13:02:09.031,1.82417,1.82446,1.00,1.00
2018.03.21 13:02:09.722,1.82417,1.82443,1.00,1.00
2018.03.21 13:02:10.546,1.82418,1.82443,1.00,1.00
2018.03.21 13:02:10.657,1.82417,1.82445,1.00,1.00
2018.03.21 13:02:10.760,1.82422,1.8245,1.00,1.00
2018.03.21 13:02:11.066,1.8242,1.82448,1.00,1.00
2018.03.21 13:02:11.447,1.82422,1.82448,1.00,1.00
2018.03.21 13:02:11.499,1.8242,1.82448,1.00,1.00
2018.03.21 13:02:11.550,1.82422,1.82449,1.00,1.00
2018.03.21 13:02:11.883,1.8242,1.82448,1.00,1.00
2018.03.21 13:02:12.484,1.82421,1.82448,1.00,1.00
2018.03.21 13:02:12.985,1.82417,1.82444,1.00,1.00
2018.03.21 13:02:13.188,1.82415,1.82444,1.00,1.00
2018.03.21 13:02:13.718,1.82414,1.8244,1.00,1.00
2018.03.21 13:02:13.847,1.82417,1.82445,1.00,1.00
2018.03.21 13:02:14.001,1.82419,1.82448,1.00,1.00
2018.03.21 13:02:14.206,1.82423,1.82449,1.00,1.00
2018.03.21 13:02:14.683,1.82421,1.82449,1.00,1.00
2018.03.21 13:02:14.812,1.82418,1.82446,1.00,1.00
2018.03.21 13:02:15.320,1.82417,1.82445,1.00,1.00
2018.03.21 13:02:16.992,1.82417,1.8244,1.00,1.00
2018.03.21 13:02:17.043,1.82417,1.82444,1.00,1.62
2018.03.21 13:02:17.095,1.82411,1.82435,1.00,1.00
2018.03.21 13:02:17.238,1.82407,1.82435,1.00,1.00
2018.03.21 13:02:17.888,1.82408,1.82436,1.00,1.00
2018.03.21 13:02:18.393,1.82408,1.82437,1.00,1.50
2018.03.21 13:02:18.617,1.82407,1.82435,1.00,1.00
2018.03.21 13:02:19.128,1.82404,1.82433,1.00,1.00
2018.03.21 13:02:19.179,1.82407,1.82433,1.00,1.00
2018.03.21 13:02:19.847,1.82402,1.8243,1.00,1.00
2018.03.21 13:02:19.899,1.82398,1.82424,1.00,1.00
2018.03.21 13:02:19.950,1.82396,1.82424,1.50,1.00
2018.03.21 13:02:20.154,1.82397,1.82426,1.50,1.00
2018.03.21 13:02:20.205,1.82402,1.8243,1.00,1.00
2018.03.21 13:02:20.531,1.82404,1.8243,1.00,1.00
2018.03.21 13:02:21.676,1.82403,1.82429,1.00,1.00
2018.03.21 13:02:22.243,1.82402,1.82429,1.00,1.00
2018.03.21 13:02:22.294,1.824,1.82429,1.00,1.00
2018.03.21 13:02:22.345,1.82403,1.82429,1.00,1.00
2018.03.21 13:02:22.496,1.82403,1.82431,1.00,1.00
2018.03.21 13:02:22.787,1.82403,1.82427,1.00,1.00
2018.03.21 13:02:22.838,1.82397,1.82423,1.00,1.00
2018.03.21 13:02:22.889,1.82395,1.82423,1.00,1.00
2018.03.21 13:02:24.686,1.82396,1.82423,1.00,1.00
2018.03.21 13:02:24.808,1.824,1.82429,1.00,1.00
2018.03.21 13:02:24.910,1.82402,1.8243,1.00,1.00
2018.03.21 13:02:25.216,1.82412,1.8244,1.00,1.00
2018.03.21 13:02:25.534,1.82415,1.82442,1.00,1.00
2018.03.21 13:02:25.585,1.82413,1.82441,1.50,1.00
2018.03.21 13:02:25.636,1.82414,1.82443,1.00,1.50
2018.03.21 13:02:26.946,1.82414,1.8244,1.00,1.00
2018.03.21 13:02:27.596,1.82413,1.82439,1.50,1.00
2018.03.21 13:02:28.005,1.8241,1.82438,1.00,1.00
2018.03.21 13:02:28.337,1.8241,1.82432,1.00,1.34
2018.03.21 13:02:28.440,1.82398,1.82421,1.00,1.00
2018.03.21 13:02:28.492,1.82394,1.82421,1.50,1.00
2018.03.21 13:02:29.035,1.82394,1.8242,1.00,1.00
2018.03.21 13:02:29.312,1.82394,1.82422,1.00,1.00
2018.03.21 13:02:29.363,1.82397,1.82423,1.00,1.00
2018.03.21 13:02:29.414,1.82398,1.82426,1.00,1.00
2018.03.21 13:02:29.567,1.824,1.82429,1.00,1.00
2018.03.21 13:02:29.690,1.82404,1.82431,1.00,1.50
2018.03.21 13:02:29.842,1.82405,1.82433,1.00,1.00
2018.03.21 13:02:29.944,1.82407,1.82435,1.00,1.00
2018.03.21 13:02:30.249,1.82411,1.82439,1.00,1.00
2018.03.21 13:02:30.553,1.82414,1.82442,1.00,1.00
2018.03.21 13:02:31.328,1.82413,1.82441,1.00,1.00
2018.03.21 13:02:31.640,1.82411,1.82437,1.00,1.00
2018.03.21 13:02:32.517,1.8241,1.82437,1.00,1.00
2018.03.21 13:02:32.619,1.82407,1.82435,1.00,1.00
2018.03.21 13:02:33.557,1.82407,1.82433,1.50,1.00
2018.03.21 13:02:33.659,1.82405,1.82432,1.50,1.00
2018.03.21 13:02:33.917,1.82406,1.82434,1.00,1.00
2018.03.21 13:02:34.018,1.82408,1.82434,1.00,1.00
2018.03.21 13:02:35.237,1.82408,1.82437,1.00,1.50
2018.03.21 13:02:35.338,1.82411,1.82439,1.00,1.50
2018.03.21 13:02:35.490,1.82409,1.82438,1.00,1.00
2018.03.21 13:02:35.666,1.82406,1.82434,1.00,1.00
2018.03.21 13:02:35.970,1.82402,1.82429,1.37,1.00
2018.03.21 13:02:36.020,1.82404,1.82429,1.50,1.00
2018.03.21 13:02:36.222,1.82404,1.82425,1.00,1.00
2018.03.21 13:02:36.374,1.82404,1.82428,1.00,1.00
2018.03.21 13:02:36.491,1.824,1.82428,1.00,1.00
2018.03.21 13:02:36.592,1.82399,1.82425,1.00,1.00
2018.03.21 13:02:36.896,1.82403,1.82431,1.00,1.00
2018.03.21 13:02:36.947,1.82408,1.82433,1.25,1.00
2018.03.21 13:02:36.997,1.82409,1.82436,1.00,1.00
2018.03.21 13:02:37.050,1.82409,1.82444,1.00,1.50
2018.03.21 13:02:37.101,1.82413,1.82444,1.00,1.00
2018.03.21 13:02:37.432,1.8242,1.82444,1.00,1.25
2018.03.21 13:02:37.634,1.82412,1.82445,1.00,1.50
2018.03.21 13:02:38.153,1.82414,1.82446,1.00,1.50
2018.03.21 13:02:38.478,1.82426,1.82448,1.00,1.12
2018.03.21 13:02:38.870,1.82427,1.82456,1.00,1.00
2018.03.21 13:02:39.243,1.82421,1.82451,1.00,1.69
2018.03.21 13:02:39.395,1.82418,1.8245,1.00,1.00
2018.03.21 13:02:39.599,1.82416,1.82446,1.37,1.00
2018.03.21 13:02:39.905,1.82412,1.82434,1.00,1.00
2018.03.21 13:02:40.028,1.82406,1.82434,1.50,1.00
2018.03.21 13:02:40.442,1.82407,1.82436,1.00,1.00
2018.03.21 13:02:40.545,1.82415,1.82439,1.00,1.00
2018.03.21 13:02:40.596,1.82415,1.82442,1.00,1.00
2018.03.21 13:02:41.108,1.82415,1.82443,1.00,2.25
2018.03.21 13:02:41.159,1.8242,1.82443,1.00,1.00
2018.03.21 13:02:41.311,1.8243,1.82455,1.00,1.00
2018.03.21 13:02:41.363,1.82432,1.82455,1.00,1.00
2018.03.21 13:02:41.414,1.82432,1.82457,1.00,1.00
2018.03.21 13:02:41.761,1.8243,1.82444,1.00,1.00
2018.03.21 13:02:41.813,1.82421,1.82444,1.00,1.00
2018.03.21 13:02:41.864,1.82417,1.82444,1.65,1.00
2018.03.21 13:02:41.967,1.8242,1.82445,1.00,1.00
2018.03.21 13:02:42.343,1.82419,1.82443,1.00,1.00
2018.03.21 13:02:42.495,1.82423,1.82448,1.00,1.00
2018.03.21 13:02:42.546,1.82424,1.82451,1.00,1.00
2018.03.21 13:02:42.698,1.82426,1.82451,1.00,1.00
2018.03.21 13:02:43.348,1.82422,1.82448,1.00,1.00
2018.03.21 13:02:43.399,1.82422,1.82446,1.00,1.00
2018.03.21 13:02:43.450,1.8242,1.82446,1.00,1.00
2018.03.21 13:02:43.888,1.82418,1.82445,1.00,1.00
2018.03.21 13:02:44.422,1.82419,1.82446,1.00,1.00
2018.03.21 13:02:44.491,1.82421,1.82445,1.00,1.00
2018.03.21 13:02:44.643,1.82419,1.82445,1.00,1.00
2018.03.21 13:02:44.694,1.82419,1.82441,1.00,1.00
2018.03.21 13:02:44.795,1.82417,1.82442,1.00,1.00
2018.03.21 13:02:45.057,1.8242,1.82442,1.00,1.00
2018.03.21 13:02:45.246,1.82424,1.82448,1.00,1.00
2018.03.21 13:02:45.297,1.82419,1.82446,1.00,1.00
2018.03.21 13:02:45.887,1.82417,1.82446,1.00,1.50
2018.03.21 13:02:48.008,1.82415,1.82439,1.00,1.69
2018.03.21 13:02:48.059,1.82409,1.82436,1.00,1.00
2018.03.21 13:02:48.110,1.82405,1.82433,2.62,1.00
2018.03.21 13:02:48.315,1.82408,1.82436,1.00,1.00
2018.03.21 13:02:48.627,1.82406,1.82434,1.00,1.00
2018.03.21 13:02:49.691,1.82407,1.82436,1.00,1.00
2018.03.21 13:02:50.543,1.82408,1.82435,1.00,1.00
2018.03.21 13:02:50.645,1.82406,1.82434,1.00,1.00
2018.03.21 13:02:50.696,1.82408,1.82434,1.87,1.00
2018.03.21 13:02:50.849,1.82406,1.82434,1.00,1.50
2018.03.21 13:02:50.901,1.82407,1.82436,1.00,1.50
2018.03.21 13:02:50.952,1.8241,1.82436,1.00,1.00
2018.03.21 13:02:51.154,1.8241,1.82438,1.00,1.50
2018.03.21 13:02:51.664,1.8241,1.82436,1.00,1.00
2018.03.21 13:02:52.073,1.8241,1.82438,1.00,1.00
2018.03.21 13:02:52.175,1.82413,1.8244,1.00,1.00
2018.03.21 13:02:52.431,1.82411,1.8244,1.00,1.50
2018.03.21 13:02:52.902,1.82411,1.82437,1.00,1.00
2018.03.21 13:02:53.664,1.82411,1.8244,1.00,1.00
2018.03.21 13:02:53.817,1.82414,1.8244,1.00,1.00
2018.03.21 13:02:54.160,1.82418,1.82444,1.00,1.00
2018.03.21 13:02:54.611,1.8242,1.82446,1.00,1.00
2018.03.21 13:02:54.712,1.82418,1.82446,1.00,1.50
2018.03.21 13:02:55.246,1.82419,1.82445,1.00,1.00
2018.03.21 13:02:55.660,1.82417,1.82445,1.00,1.00
2018.03.21 13:02:55.762,1.82417,1.82443,1.00,1.00
2018.03.21 13:02:55.915,1.82411,1.82439,1.00,1.50
2018.03.21 13:02:55.966,1.82408,1.82436,1.00,1.00
2018.03.21 13:02:56.271,1.82411,1.82436,1.00,1.00
2018.03.21 13:02:56.543,1.82414,1.82441,1.00,1.00
2018.03.21 13:02:56.896,1.82412,1.82438,1.00,1.00
2018.03.21 13:02:56.947,1.82409,1.82437,1.00,1.50
2018.03.21 13:02:56.998,1.82406,1.82435,1.00,1.00
2018.03.21 13:02:57.049,1.82409,1.82436,1.00,1.00
2018.03.21 13:02:58.040,1.82413,1.82438,1.00,1.00
2018.03.21 13:02:58.091,1.82413,1.82441,1.00,1.50
2018.03.21 13:02:58.560,1.82412,1.82438,1.00,1.00
2018.03.21 13:02:59.199,1.82412,1.82439,1.00,1.00
2018.03.21 13:02:59.624,1.82414,1.82439,1.00,1.00
2018.03.21 13:02:59.972,1.82416,1.8244,1.00,1.00
2018.03.21 13:03:00.023,1.8242,1.82446,1.00,1.00
2018.03.21 13:03:00.074,1.8242,1.82448,1.00,1.00
2018.03.21 13:03:00.124,1.82423,1.82448,1.00,1.00
2018.03.21 13:03:00.244,1.82425,1.82451,1.00,1.00
2018.03.21 13:03:00.346,1.82426,1.82446,1.00,1.00
2018.03.21 13:03:00.398,1.82423,1.82445,1.00,1.00
2018.03.21 13:03:00.449,1.82419,1.82445,1.00,1.00
2018.03.21 13:03:00.704,1.82418,1.82443,1.00,1.00
2018.03.21 13:03:00.755,1.82416,1.82443,1.00,1.00
2018.03.21 13:03:00.807,1.82413,1.82441,1.00,1.00
2018.03.21 13:03:00.909,1.82416,1.82442,1.00,1.00
2018.03.21 13:03:01.061,1.82422,1.82449,1.00,2.25
2018.03.21 13:03:01.191,1.8242,1.82448,1.00,1.00
2018.03.21 13:03:01.294,1.82425,1.8245,1.00,1.00
2018.03.21 13:03:01.344,1.82419,1.82447,1.00,1.00
2018.03.21 13:03:01.923,1.82418,1.82444,1.00,1.31
2018.03.21 13:03:02.077,1.82416,1.82444,1.00,1.31
2018.03.21 13:03:02.597,1.82416,1.82444,1.00,1.00
2018.03.21 13:03:03.272,1.82416,1.82445,1.00,1.25
2018.03.21 13:03:03.576,1.82418,1.82444,1.00,1.00
2018.03.21 13:03:04.115,1.82417,1.82444,1.00,1.00
2018.03.21 13:03:05.289,1.82415,1.82444,1.00,1.00
2018.03.21 13:03:05.340,1.82413,1.82443,1.00,1.00
2018.03.21 13:03:05.392,1.82415,1.82444,1.00,1.00
2018.03.21 13:03:05.697,1.82415,1.82442,1.00,1.00
2018.03.21 13:03:06.246,1.82414,1.82441,1.00,1.00
2018.03.21 13:03:06.500,1.82412,1.8244,1.00,1.00
2018.03.21 13:03:06.672,1.82414,1.8244,1.00,1.00
2018.03.21 13:03:07.095,1.82412,1.8244,1.00,1.00
2018.03.21 13:03:07.325,1.82414,1.8244,1.00,1.00
2018.03.21 13:03:07.563,1.82412,1.8244,1.00,1.00
2018.03.21 13:03:08.157,1.82413,1.82441,1.00,1.00
2018.03.21 13:03:08.746,1.82414,1.82442,1.00,1.00
2018.03.21 13:03:08.798,1.82414,1.8244,1.00,1.00
2018.03.21 13:03:09.509,1.82415,1.82442,1.00,1.50
2018.03.21 13:03:09.836,1.82413,1.82441,1.00,1.00
2018.03.21 13:03:10.831,1.82414,1.82442,1.00,1.00
2018.03.21 13:03:10.882,1.82416,1.82444,1.00,1.50
2018.03.21 13:03:11.187,1.82419,1.82442,1.00,1.00
2018.03.21 13:03:11.686,1.82417,1.82441,1.00,1.00
2018.03.21 13:03:11.891,1.82417,1.82443,1.00,1.00
2018.03.21 13:03:11.943,1.82421,1.82445,1.00,1.50
2018.03.21 13:03:11.995,1.8242,1.82449,1.00,1.50
2018.03.21 13:03:12.204,1.82422,1.82449,1.00,1.00
2018.03.21 13:03:12.556,1.82424,1.8245,1.00,1.00
2018.03.21 13:03:13.103,1.82423,1.82451,1.00,1.13
2018.03.21 13:03:13.507,1.82423,1.8245,1.00,1.31
2018.03.21 13:03:13.608,1.8242,1.82449,1.00,1.63
2018.03.21 13:03:14.206,1.82423,1.82448,1.00,1.00
2018.03.21 13:03:14.257,1.82424,1.8245,1.00,1.00
2018.03.21 13:03:14.411,1.82421,1.82448,1.00,1.00
2018.03.21 13:03:14.463,1.8242,1.82446,1.00,1.50
2018.03.21 13:03:14.565,1.82416,1.82445,1.00,1.50
2018.03.21 13:03:14.762,1.82415,1.82443,1.00,1.00
2018.03.21 13:03:15.302,1.82416,1.82444,1.00,1.00
2018.03.21 13:03:15.353,1.82413,1.82442,1.00,1.00
2018.03.21 13:03:15.687,1.82417,1.82445,1.00,1.50
2018.03.21 13:03:15.990,1.82419,1.82445,1.00,1.00
2018.03.21 13:03:16.041,1.82419,1.82448,1.00,1.00
2018.03.21 13:03:16.395,1.82421,1.82448,1.00,1.00
2018.03.21 13:03:17.379,1.82422,1.82448,1.00,1.00
2018.03.21 13:03:17.894,1.82421,1.82448,1.00,1.00
2018.03.21 13:03:18.253,1.82422,1.8245,1.00,1.00
2018.03.21 13:03:18.456,1.82424,1.82451,1.00,1.00
2018.03.21 13:03:18.704,1.82425,1.82453,1.00,1.50
2018.03.21 13:03:18.755,1.82425,1.8245,1.00,1.00
2018.03.21 13:03:19.191,1.82427,1.8245,1.00,1.00
2018.03.21 13:03:19.881,1.82428,1.8245,1.00,1.00
2018.03.21 13:03:19.933,1.82425,1.8245,1.00,1.00
2018.03.21 13:03:20.146,1.82423,1.8245,1.00,1.00
2018.03.21 13:03:20.197,1.82421,1.82449,1.00,1.00
2018.03.21 13:03:21.452,1.8242,1.82447,1.00,1.00
2018.03.21 13:03:24.150,1.82418,1.82446,1.00,1.00
2018.03.21 13:03:24.725,1.82417,1.82445,1.00,1.00
2018.03.21 13:03:25.344,1.82418,1.82446,1.00,1.00
2018.03.21 13:03:25.446,1.82421,1.82449,1.50,1.00
2018.03.21 13:03:25.707,1.82424,1.82453,1.00,1.50
2018.03.21 13:03:26.565,1.82424,1.8245,1.00,1.00
2018.03.21 13:03:26.920,1.82424,1.82453,1.00,1.00
2018.03.21 13:03:27.549,1.82423,1.82451,1.00,1.00
2018.03.21 13:03:28.652,1.82422,1.8245,1.00,1.00
2018.03.21 13:03:29.127,1.82419,1.82448,1.00,1.00
2018.03.21 13:03:31.122,1.82421,1.82449,1.00,1.00
2018.03.21 13:03:31.223,1.82424,1.82453,1.00,1.00
2018.03.21 13:03:31.274,1.82428,1.82454,1.00,1.50
2018.03.21 13:03:31.325,1.82428,1.82457,1.00,1.00
2018.03.21 13:03:31.376,1.82428,1.82454,1.00,1.00
2018.03.21 13:03:31.477,1.82424,1.82453,1.00,1.00
2018.03.21 13:03:31.571,1.82424,1.82451,1.00,1.00
2018.03.21 13:03:31.623,1.82424,1.82453,1.00,1.50
2018.03.21 13:03:31.724,1.82424,1.8245,1.00,1.00
2018.03.21 13:03:32.017,1.82422,1.8245,1.00,1.50
2018.03.21 13:03:32.222,1.82422,1.82448,1.00,1.00
2018.03.21 13:03:32.475,1.8242,1.82447,1.00,1.00
2018.03.21 13:03:34.563,1.82418,1.82446,1.00,1.00
2018.03.21 13:03:35.321,1.82418,1.82444,1.00,1.00
2018.03.21 13:03:36.212,1.82414,1.82442,1.00,1.00
2018.03.21 13:03:37.486,1.82413,1.82441,1.00,1.00
2018.03.21 13:03:37.538,1.82411,1.8244,1.00,1.00
2018.03.21 13:03:37.589,1.82409,1.82437,1.00,1.00
2018.03.21 13:03:38.095,1.82408,1.82436,1.50,1.00
2018.03.21 13:03:38.146,1.82406,1.82435,1.00,1.00
2018.03.21 13:03:38.237,1.82406,1.82432,1.00,1.00
2018.03.21 13:03:38.482,1.82406,1.82435,1.00,1.00
2018.03.21 13:03:38.635,1.8241,1.82436,1.00,1.00
2018.03.21 13:03:38.941,1.82423,1.82447,1.00,1.00
2018.03.21 13:03:39.145,1.82424,1.82452,1.00,1.00
2018.03.21 13:03:39.290,1.82419,1.82447,1.50,1.00
2018.03.21 13:03:39.549,1.82417,1.82446,1.00,1.00
2018.03.21 13:03:40.315,1.82416,1.82445,1.00,1.00
2018.03.21 13:03:40.518,1.82422,1.82449,1.00,1.00
2018.03.21 13:03:40.569,1.82423,1.82451,1.00,1.00
2018.03.21 13:03:40.620,1.8242,1.82448,1.00,1.00
2018.03.21 13:03:40.947,1.82423,1.82451,1.00,1.00
2018.03.21 13:03:41.582,1.82422,1.82449,1.00,1.00
2018.03.21 13:03:41.820,1.82423,1.82451,1.00,1.00
2018.03.21 13:03:42.348,1.82424,1.82452,1.00,1.00
2018.03.21 13:03:42.823,1.82425,1.82454,1.00,3.00
2018.03.21 13:03:43.029,1.82428,1.82454,1.00,2.25
2018.03.21 13:03:43.295,1.82425,1.82454,1.00,2.25
2018.03.21 13:03:43.821,1.82427,1.82454,1.00,1.50
2018.03.21 13:03:44.275,1.82428,1.82456,1.00,1.00
2018.03.21 13:03:44.840,1.82427,1.82455,1.00,1.00
2018.03.21 13:03:45.043,1.8243,1.82457,1.00,1.00
2018.03.21 13:03:45.197,1.82423,1.82451,1.00,1.00
2018.03.21 13:03:45.248,1.82422,1.82449,1.50,1.00
2018.03.21 13:03:45.408,1.82423,1.82451,1.00,1.00
2018.03.21 13:03:45.535,1.82429,1.82456,1.00,1.50
2018.03.21 13:03:45.789,1.82433,1.82462,1.00,1.00
2018.03.21 13:03:46.043,1.82435,1.82463,1.00,1.09
2018.03.21 13:03:46.383,1.82434,1.82461,1.00,1.00
2018.03.21 13:03:46.705,1.82439,1.82467,1.00,1.00
2018.03.21 13:03:46.756,1.82437,1.82465,1.00,2.25
2018.03.21 13:03:47.060,1.82443,1.82469,1.00,1.00
2018.03.21 13:03:47.707,1.82443,1.82471,1.00,1.00
2018.03.21 13:03:47.859,1.82442,1.82468,1.00,1.00
2018.03.21 13:03:48.579,1.82442,1.82469,1.00,1.00
2018.03.21 13:03:48.992,1.8244,1.82469,1.00,1.50
2018.03.21 13:03:49.094,1.82442,1.82469,1.00,1.00
2018.03.21 13:03:49.300,1.82453,1.82482,1.00,1.00
2018.03.21 13:03:49.469,1.82456,1.82482,1.00,1.00
2018.03.21 13:03:49.571,1.82453,1.82482,1.00,1.00
2018.03.21 13:03:50.129,1.82453,1.8248,1.00,1.00
2018.03.21 13:03:50.281,1.82451,1.82479,1.00,1.00
2018.03.21 13:03:50.438,1.82454,1.8248,1.00,1.00
2018.03.21 13:03:51.417,1.82454,1.82479,1.00,1.00
2018.03.21 13:03:52.347,1.82454,1.82476,1.00,1.00
2018.03.21 13:03:52.552,1.82434,1.82458,1.50,1.00
2018.03.21 13:03:52.654,1.8243,1.82458,1.50,1.00
2018.03.21 13:03:52.807,1.82427,1.82452,1.00,1.00
2018.03.21 13:03:52.942,1.82421,1.82449,1.00,1.00
2018.03.21 13:03:52.993,1.82417,1.82445,1.00,1.00
2018.03.21 13:03:54.764,1.82416,1.82444,1.50,1.00
2018.03.21 13:03:55.310,1.82416,1.82443,1.00,1.00
2018.03.21 13:03:55.616,1.82421,1.82447,1.00,1.00
2018.03.21 13:03:55.820,1.82421,1.82449,1.00,1.69
2018.03.21 13:03:56.496,1.82421,1.82448,1.00,1.00
2018.03.21 13:03:57.114,1.82422,1.82448,1.00,1.00
2018.03.21 13:03:57.520,1.82424,1.82452,1.00,2.25
2018.03.21 13:03:57.622,1.82428,1.82454,1.00,2.25
2018.03.21 13:03:58.018,1.82429,1.82458,1.00,2.44
2018.03.21 13:03:58.120,1.82429,1.82456,1.00,1.50
2018.03.21 13:03:58.379,1.82427,1.82455,1.00,1.00
2018.03.21 13:03:58.483,1.82428,1.82457,1.00,1.00
2018.03.21 13:03:58.742,1.82427,1.82455,1.00,1.00
2018.03.21 13:03:59.296,1.82428,1.82456,1.00,1.00
2018.03.21 13:03:59.601,1.8243,1.82457,1.00,1.00
2018.03.21 13:03:59.884,1.82428,1.82457,1.00,1.50
2018.03.21 13:04:00.449,1.8243,1.82457,1.00,1.00
2018.03.21 13:04:00.946,1.82428,1.82454,1.00,2.59
2018.03.21 13:04:01.071,1.8242,1.82448,1.00,1.50
2018.03.21 13:04:01.227,1.82422,1.82447,1.00,1.00
2018.03.21 13:04:01.737,1.82422,1.82448,1.00,1.00
2018.03.21 13:04:02.270,1.82422,1.82449,1.00,1.00
2018.03.21 13:04:02.868,1.82423,1.82451,1.00,1.00
2018.03.21 13:04:02.919,1.82426,1.82451,1.00,1.00
2018.03.21 13:04:02.970,1.82428,1.82455,1.00,1.00
2018.03.21 13:04:03.158,1.82429,1.82457,1.00,2.44
2018.03.21 13:04:03.726,1.82429,1.82456,1.00,1.00
2018.03.21 13:04:03.931,1.82431,1.82456,1.00,1.00
2018.03.21 13:04:03.982,1.82429,1.82457,1.00,1.50
2018.03.21 13:04:04.187,1.82432,1.8246,1.00,1.00
2018.03.21 13:04:04.512,1.8243,1.82456,1.00,1.00
2018.03.21 13:04:04.720,1.82428,1.82456,1.00,1.00
2018.03.21 13:04:06.351,1.82429,1.82458,1.00,1.00
2018.03.21 13:04:07.107,1.82428,1.82456,1.50,1.00
2018.03.21 13:04:08.290,1.82427,1.82455,1.00,1.00
2018.03.21 13:04:09.145,1.82425,1.82454,1.50,1.00
2018.03.21 13:04:09.494,1.82425,1.82452,1.00,1.00
2018.03.21 13:04:10.020,1.82426,1.82453,1.00,1.00
2018.03.21 13:04:10.455,1.82427,1.82455,1.00,1.00
2018.03.21 13:04:14.086,1.82428,1.82456,1.00,1.00
2018.03.21 13:04:14.197,1.82425,1.82453,1.00,1.00
2018.03.21 13:04:14.402,1.82426,1.82455,1.00,1.00
2018.03.21 13:04:14.453,1.8243,1.82456,1.00,1.00
2018.03.21 13:04:14.504,1.82429,1.82458,1.00,1.50
2018.03.21 13:04:15.096,1.82431,1.82459,1.00,1.00
2018.03.21 13:04:15.552,1.8243,1.82457,1.00,1.00
2018.03.21 13:04:15.835,1.82427,1.82455,1.00,1.00
2018.03.21 13:04:16.966,1.82428,1.82456,1.00,1.00
2018.03.21 13:04:17.355,1.82431,1.82459,1.00,1.50
2018.03.21 13:04:17.558,1.82429,1.82458,1.00,1.00
2018.03.21 13:04:18.418,1.8243,1.82458,1.00,1.00
2018.03.21 13:04:18.928,1.82431,1.82459,1.00,1.00
2018.03.21 13:04:18.979,1.82429,1.82458,1.00,1.00
2018.03.21 13:04:19.426,1.82431,1.82459,1.00,1.00
2018.03.21 13:04:19.781,1.82429,1.82458,1.00,1.00
2018.03.21 13:04:20.276,1.82431,1.82459,1.00,1.50
2018.03.21 13:04:21.340,1.82433,1.82459,1.00,1.00
2018.03.21 13:04:21.866,1.82432,1.82458,1.00,1.00
2018.03.21 13:04:22.138,1.82429,1.82458,1.00,1.00
2018.03.21 13:04:22.189,1.82427,1.82455,1.00,1.00
2018.03.21 13:04:22.240,1.82425,1.82454,1.00,1.00
2018.03.21 13:04:22.291,1.82427,1.82455,1.00,1.00
2018.03.21 13:04:22.832,1.82428,1.82456,1.00,1.00
2018.03.21 13:04:23.178,1.8243,1.82457,1.00,1.00
2018.03.21 13:04:23.519,1.82432,1.82458,1.00,1.00
2018.03.21 13:04:24.969,1.82436,1.82459,1.00,1.00
2018.03.21 13:04:25.723,1.82436,1.82461,1.00,1.00
2018.03.21 13:04:26.257,1.82436,1.82462,1.00,1.00
2018.03.21 13:04:26.811,1.82436,1.8246,1.00,1.00
2018.03.21 13:04:27.422,1.82442,1.82462,1.00,1.00
2018.03.21 13:04:27.473,1.82446,1.82471,1.00,1.09
2018.03.21 13:04:27.676,1.82448,1.82472,1.00,1.34
2018.03.21 13:04:30.544,1.82447,1.82473,1.00,1.84
2018.03.21 13:04:31.063,1.82446,1.82473,1.00,1.59
2018.03.21 13:04:31.679,1.82446,1.82472,1.00,1.90
2018.03.21 13:04:31.993,1.82446,1.82468,1.00,1.00
2018.03.21 13:04:32.609,1.82445,1.82468,1.00,1.00
2018.03.21 13:04:33.152,1.82444,1.82468,1.00,1.00
2018.03.21 13:04:34.742,1.82442,1.82468,1.00,1.00
2018.03.21 13:04:35.177,1.82441,1.82465,1.00,1.50
2018.03.21 13:04:35.745,1.82441,1.82464,1.00,1.09
2018.03.21 13:04:35.796,1.82434,1.8246,1.00,1.00
2018.03.21 13:04:36.149,1.82436,1.82461,1.00,1.00
2018.03.21 13:04:36.509,1.82434,1.8246,1.00,1.00
2018.03.21 13:04:36.560,1.82432,1.8246,1.00,1.50
2018.03.21 13:04:36.611,1.82431,1.82458,1.00,1.00
2018.03.21 13:04:36.971,1.82429,1.82455,1.00,1.00
2018.03.21 13:04:37.329,1.82428,1.82453,1.00,1.00
2018.03.21 13:04:37.533,1.82425,1.82453,1.00,1.00
2018.03.21 13:04:38.048,1.82427,1.82453,1.00,1.00
2018.03.21 13:04:38.762,1.82425,1.82453,1.00,1.00
2018.03.21 13:04:39.069,1.82428,1.82453,1.00,1.00
2018.03.21 13:04:39.666,1.82428,1.82452,1.00,1.00
2018.03.21 13:04:40.209,1.82429,1.82452,1.00,1.00
2018.03.21 13:04:40.852,1.82432,1.82457,1.00,1.00
2018.03.21 13:04:40.953,1.82433,1.82459,1.00,1.50
2018.03.21 13:04:41.055,1.82431,1.82457,1.00,1.00
2018.03.21 13:04:41.549,1.82428,1.82456,1.00,1.50
2018.03.21 13:04:41.650,1.8243,1.82456,1.00,1.00
2018.03.21 13:04:42.531,1.82428,1.82456,1.00,1.00
2018.03.21 13:04:42.807,1.8243,1.82459,1.00,1.50
2018.03.21 13:04:42.909,1.82433,1.82461,1.00,1.00
2018.03.21 13:04:43.423,1.82433,1.8246,1.00,1.00
2018.03.21 13:04:45.124,1.82435,1.8246,1.00,1.00
2018.03.21 13:04:45.819,1.82435,1.82463,1.00,1.50
2018.03.21 13:04:46.329,1.82437,1.82463,1.00,1.50
2018.03.21 13:04:47.823,1.82437,1.82465,1.00,1.00
2018.03.21 13:04:48.412,1.82437,1.82466,1.00,1.00
2018.03.21 13:04:52.113,1.82443,1.82469,1.00,1.00
2018.03.21 13:04:52.418,1.82447,1.82469,1.00,1.00
2018.03.21 13:04:52.520,1.82448,1.82474,1.00,1.88
2018.03.21 13:04:53.083,1.82448,1.82472,1.00,1.00
2018.03.21 13:04:55.083,1.82449,1.82472,1.00,1.00
2018.03.21 13:04:55.557,1.82446,1.82472,1.00,1.25
2018.03.21 13:04:55.710,1.82446,1.82467,1.00,1.00
2018.03.21 13:04:55.862,1.82444,1.82467,1.00,1.00
2018.03.21 13:04:56.582,1.82448,1.82471,1.00,1.00
2018.03.21 13:04:56.633,1.82452,1.82476,1.00,1.00
2018.03.21 13:04:56.736,1.82452,1.82478,1.00,1.00
2018.03.21 13:04:57.374,1.82451,1.82478,1.00,1.00
2018.03.21 13:05:00.121,1.82451,1.82476,1.00,1.00
2018.03.21 13:05:00.531,1.82453,1.82476,1.00,1.00
2018.03.21 13:05:01.277,1.82453,1.82474,1.00,1.00
2018.03.21 13:05:01.817,1.82453,1.82475,1.00,2.25
2018.03.21 13:05:02.223,1.82451,1.82475,1.00,1.00
2018.03.21 13:05:02.758,1.82451,1.82474,1.00,1.00
2018.03.21 13:05:02.859,1.82442,1.82469,1.00,1.00
2018.03.21 13:05:03.010,1.82443,1.82471,1.00,1.00
2018.03.21 13:05:03.061,1.82443,1.82468,1.00,1.00
2018.03.21 13:05:03.112,1.82441,1.82468,1.00,1.31
2018.03.21 13:05:03.214,1.82437,1.82465,1.00,1.00
2018.03.21 13:05:03.453,1.82435,1.82464,1.50,1.00
2018.03.21 13:05:03.605,1.82437,1.82465,1.00,1.00
2018.03.21 13:05:03.910,1.82441,1.82469,1.00,1.00
2018.03.21 13:05:04.215,1.82448,1.82474,1.00,1.00
2018.03.21 13:05:04.267,1.82448,1.82476,1.00,1.50
2018.03.21 13:05:05.066,1.8245,1.82477,1.00,1.50
2018.03.21 13:05:06.099,1.82448,1.82476,1.00,1.00
2018.03.21 13:05:06.301,1.82448,1.82474,1.00,1.00
2018.03.21 13:05:06.453,1.82441,1.82468,1.00,1.00
2018.03.21 13:05:06.504,1.82438,1.82464,1.00,1.00
2018.03.21 13:05:06.555,1.82435,1.82464,1.50,1.00
2018.03.21 13:05:06.686,1.82437,1.82465,1.00,1.00
2018.03.21 13:05:07.095,1.82436,1.82463,1.00,1.00
2018.03.21 13:05:07.611,1.82437,1.82465,1.00,1.00
2018.03.21 13:05:08.631,1.82439,1.82465,1.00,1.00
2018.03.21 13:05:09.249,1.8244,1.82467,1.00,1.00
2018.03.21 13:05:09.352,1.82441,1.82469,1.00,1.50
2018.03.21 13:05:09.508,1.82442,1.82471,1.00,1.00
2018.03.21 13:05:09.660,1.82444,1.82472,1.00,1.00
2018.03.21 13:05:09.967,1.82449,1.82475,1.00,1.50
2018.03.21 13:05:13.937,1.82443,1.8247,1.00,1.00
2018.03.21 13:05:14.040,1.8244,1.82468,1.00,1.00
2018.03.21 13:05:14.092,1.8244,1.82466,1.00,1.00
2018.03.21 13:05:14.340,1.82438,1.82465,1.00,1.00
2018.03.21 13:05:14.856,1.82438,1.82466,1.00,1.50
2018.03.21 13:05:15.362,1.82438,1.82466,1.00,2.06
2018.03.21 13:05:15.926,1.82437,1.82465,1.00,1.25
2018.03.21 13:05:16.329,1.82437,1.82462,1.00,1.00
2018.03.21 13:05:17.760,1.82435,1.82462,1.00,1.00
2018.03.21 13:05:19.069,1.82437,1.82462,1.00,1.00
2018.03.21 13:05:19.775,1.82435,1.82462,1.00,1.00
2018.03.21 13:05:22.244,1.82437,1.82462,1.00,1.00
2018.03.21 13:05:23.603,1.82438,1.82465,1.00,1.00
2018.03.21 13:05:23.807,1.82443,1.82469,1.00,1.50
2018.03.21 13:05:24.367,1.82441,1.82469,1.00,1.00
2018.03.21 13:05:25.087,1.82441,1.82468,1.00,1.56
2018.03.21 13:05:25.138,1.82438,1.82465,1.00,1.37
2018.03.21 13:05:25.189,1.82437,1.82462,1.00,2.44
2018.03.21 13:05:25.240,1.82432,1.82458,1.00,1.00
2018.03.21 13:05:25.292,1.82428,1.82456,1.00,1.50
2018.03.21 13:05:25.931,1.82427,1.82455,1.00,1.50
2018.03.21 13:05:26.190,1.82424,1.82452,1.00,1.00
2018.03.21 13:05:26.722,1.82425,1.82453,1.00,1.00
2018.03.21 13:05:27.296,1.82424,1.82452,1.00,1.00
2018.03.21 13:05:27.601,1.82418,1.82444,1.00,1.00
2018.03.21 13:05:27.957,1.82415,1.82444,1.00,1.00
2018.03.21 13:05:29.020,1.82414,1.82442,1.50,1.00
2018.03.21 13:05:29.332,1.82417,1.82443,1.00,1.00
2018.03.21 13:05:29.493,1.82417,1.82445,1.00,1.00
2018.03.21 13:05:29.725,1.82419,1.82445,1.00,1.00
2018.03.21 13:05:30.683,1.8242,1.82447,1.00,1.00
2018.03.21 13:05:30.734,1.82422,1.82451,1.00,1.00
2018.03.21 13:05:30.785,1.82427,1.82452,1.00,1.00
2018.03.21 13:05:30.937,1.82427,1.82455,1.00,1.50
2018.03.21 13:05:32.989,1.82426,1.82453,1.00,1.00
2018.03.21 13:05:34.994,1.82427,1.82455,1.00,2.25
2018.03.21 13:05:35.385,1.82429,1.82458,1.00,1.50
2018.03.21 13:05:35.436,1.82432,1.82458,1.00,1.00
2018.03.21 13:05:35.487,1.8243,1.82458,1.00,1.00
2018.03.21 13:05:35.589,1.82436,1.82463,1.00,1.00
2018.03.21 13:05:35.900,1.82438,1.82464,1.00,1.00
2018.03.21 13:05:36.635,1.82436,1.82463,1.00,1.00
2018.03.21 13:05:36.988,1.82437,1.82465,1.00,1.00
2018.03.21 13:05:38.151,1.82439,1.82465,1.00,1.00
2018.03.21 13:05:38.626,1.8244,1.82467,1.00,1.50
2018.03.21 13:05:39.148,1.82442,1.82468,1.00,1.00
2018.03.21 13:05:39.600,1.8244,1.82466,1.00,1.00
2018.03.21 13:05:40.106,1.82438,1.82466,1.00,1.00
2018.03.21 13:05:41.150,1.8244,1.82467,1.00,1.50
2018.03.21 13:05:41.692,1.82439,1.82467,1.00,1.50
2018.03.21 13:05:42.334,1.82441,1.82467,1.00,1.00
2018.03.21 13:05:42.699,1.82441,1.82469,1.00,1.00
2018.03.21 13:05:44.183,1.82439,1.82468,1.00,1.00
2018.03.21 13:05:46.462,1.82439,1.82463,1.00,1.00
2018.03.21 13:05:46.513,1.82433,1.82459,1.00,1.00
2018.03.21 13:05:46.564,1.82429,1.82456,1.00,1.00
2018.03.21 13:05:46.616,1.82429,1.82451,1.00,1.00
2018.03.21 13:05:46.667,1.82425,1.82451,1.00,1.00
2018.03.21 13:05:47.373,1.82423,1.8245,1.00,1.00
2018.03.21 13:05:48.439,1.82425,1.82451,1.00,1.00
2018.03.21 13:05:48.542,1.82417,1.82446,1.00,1.00
2018.03.21 13:05:48.648,1.82416,1.82442,1.00,1.00
2018.03.21 13:05:48.905,1.82418,1.82446,1.00,1.00
2018.03.21 13:05:48.956,1.8242,1.82446,1.00,1.00
2018.03.21 13:05:49.499,1.82423,1.82449,1.00,1.00
2018.03.21 13:05:49.748,1.82426,1.82453,1.00,1.00
2018.03.21 13:05:49.930,1.82428,1.82453,1.00,1.00
2018.03.21 13:05:51.206,1.82428,1.82455,1.00,1.00
2018.03.21 13:05:51.600,1.82426,1.82455,1.00,1.00
2018.03.21 13:05:51.702,1.82428,1.82456,1.00,1.00
2018.03.21 13:05:53.955,1.82427,1.82453,1.00,1.00
2018.03.21 13:05:54.058,1.82423,1.8245,1.00,1.00
2018.03.21 13:05:54.109,1.82421,1.82449,1.00,1.50
2018.03.21 13:05:54.211,1.8242,1.82443,1.00,1.00
2018.03.21 13:05:54.263,1.82417,1.82443,1.00,1.00
2018.03.21 13:05:54.364,1.82413,1.82442,1.00,1.00
2018.03.21 13:05:55.195,1.82413,1.82439,1.00,1.00
2018.03.21 13:05:55.740,1.82412,1.82438,1.00,1.00
2018.03.21 13:05:56.044,1.8241,1.82438,1.00,1.00
2018.03.21 13:05:56.243,1.82408,1.82437,1.00,1.00
2018.03.21 13:05:58.169,1.8241,1.82438,1.00,1.50
2018.03.21 13:05:58.967,1.82411,1.82439,1.00,1.50
2018.03.21 13:05:59.553,1.82412,1.82439,1.00,1.00
2018.03.21 13:06:00.108,1.82412,1.82438,1.00,1.00
2018.03.21 13:06:00.210,1.82409,1.82438,1.00,1.00
2018.03.21 13:06:00.270,1.82408,1.82435,1.00,1.87
2018.03.21 13:06:00.321,1.82406,1.82434,1.00,1.00
2018.03.21 13:06:00.813,1.82404,1.82432,1.00,1.00
2018.03.21 13:06:01.192,1.82403,1.8243,1.00,1.00
2018.03.21 13:06:01.870,1.82402,1.8243,1.00,1.00
2018.03.21 13:06:02.595,1.824,1.82429,1.00,1.00
2018.03.21 13:06:02.699,1.82402,1.8243,1.00,1.00
2018.03.21 13:06:02.851,1.82403,1.82432,1.00,1.00
2018.03.21 13:06:02.955,1.82402,1.8243,1.00,1.00
2018.03.21 13:06:03.056,1.824,1.82429,1.00,1.00
2018.03.21 13:06:03.384,1.82399,1.82429,1.00,1.00
2018.03.21 13:06:25.901,1.824,1.82429,1.00,1.00
2018.03.21 13:06:26.190,1.82403,1.82429,1.00,1.00
2018.03.21 13:06:26.945,1.82403,1.82431,1.00,1.00
2018.03.21 13:06:27.237,1.82406,1.82431,1.00,1.00
2018.03.21 13:06:28.087,1.82402,1.82429,1.00,1.50
2018.03.21 13:06:28.138,1.824,1.82426,1.00,1.00
2018.03.21 13:06:28.189,1.82395,1.82424,1.50,1.00
2018.03.21 13:06:28.467,1.82394,1.82422,1.00,1.00
2018.03.21 13:06:28.518,1.82395,1.82424,1.00,1.00
2018.03.21 13:06:28.569,1.82394,1.82422,1.00,1.00
2018.03.21 13:06:29.079,1.82393,1.82421,1.50,1.00
2018.03.21 13:06:29.445,1.82392,1.82419,2.25,1.00
2018.03.21 13:06:29.682,1.82393,1.82421,1.00,1.00
2018.03.21 13:06:30.202,1.82392,1.82419,1.50,1.00
2018.03.21 13:06:30.355,1.82393,1.82421,1.00,1.00
2018.03.21 13:06:30.983,1.82395,1.82424,1.00,1.87
2018.03.21 13:06:31.036,1.824,1.82427,1.00,1.00
2018.03.21 13:06:31.344,1.82399,1.82425,1.00,1.00
2018.03.21 13:06:31.395,1.82397,1.82425,2.25,1.00
2018.03.21 13:06:31.744,1.82397,1.82422,1.00,1.00
2018.03.21 13:06:32.215,1.82397,1.82424,1.50,1.00
2018.03.21 13:06:35.559,1.82398,1.82426,1.00,1.00
2018.03.21 13:06:36.073,1.82399,1.82427,1.00,1.00
2018.03.21 13:06:36.438,1.82405,1.82427,1.00,1.00
2018.03.21 13:06:36.490,1.82409,1.82435,1.00,1.00
2018.03.21 13:06:36.591,1.82411,1.82439,1.00,1.00
2018.03.21 13:06:37.096,1.82412,1.82438,1.00,1.00
2018.03.21 13:06:37.279,1.8241,1.82438,1.00,1.00
2018.03.21 13:06:37.332,1.8241,1.82436,1.00,1.00
2018.03.21 13:06:37.434,1.8241,1.82438,1.00,1.00
2018.03.21 13:06:38.035,1.82408,1.82436,1.00,1.00
2018.03.21 13:06:38.464,1.8241,1.82437,1.00,1.00
2018.03.21 13:06:42.060,1.82411,1.82439,1.00,1.00
2018.03.21 13:06:45.434,1.8241,1.82437,1.00,1.00
2018.03.21 13:06:45.822,1.82412,1.82438,1.00,1.00
2018.03.21 13:06:46.580,1.82412,1.8244,1.00,1.00
2018.03.21 13:06:46.783,1.82412,1.82438,1.00,1.00
2018.03.21 13:06:47.404,1.82409,1.82438,1.50,1.00
2018.03.21 13:06:54.163,1.82408,1.82436,1.50,1.00
2018.03.21 13:06:56.451,1.82409,1.82438,1.00,1.00
2018.03.21 13:06:57.178,1.82412,1.82438,1.00,1.00
2018.03.21 13:06:57.677,1.82409,1.82438,1.00,1.00
2018.03.21 13:06:57.828,1.82411,1.82439,1.00,1.00
2018.03.21 13:06:59.354,1.8241,1.82437,1.00,1.00
2018.03.21 13:06:59.550,1.82408,1.82436,1.00,1.00
2018.03.21 13:06:59.816,1.82412,1.82438,1.00,1.00
2018.03.21 13:06:59.969,1.82421,1.82449,1.00,1.00
2018.03.21 13:07:00.134,1.82422,1.82451,1.00,1.00
2018.03.21 13:07:01.089,1.82425,1.82451,1.00,1.00
2018.03.21 13:07:01.344,1.82423,1.8245,1.00,1.00
2018.03.21 13:07:01.567,1.82421,1.82449,1.00,1.00
2018.03.21 13:07:02.602,1.8242,1.82448,1.00,1.00
2018.03.21 13:07:03.185,1.82421,1.82449,1.00,1.00
2018.03.21 13:07:03.343,1.82418,1.82447,1.00,1.00
2018.03.21 13:07:03.394,1.82416,1.82444,1.00,1.00
2018.03.21 13:07:03.732,1.82412,1.8244,1.50,1.00
2018.03.21 13:07:04.806,1.82412,1.82439,1.00,1.00
2018.03.21 13:07:04.959,1.8241,1.82438,1.00,1.00
2018.03.21 13:07:05.062,1.82412,1.8244,1.00,1.00
2018.03.21 13:07:05.367,1.82415,1.82443,1.50,1.00
2018.03.21 13:07:06.132,1.82416,1.82443,1.00,1.00
2018.03.21 13:07:06.234,1.82416,1.82445,1.50,1.00
2018.03.21 13:07:06.285,1.82416,1.82442,1.50,1.00
2018.03.21 13:07:06.662,1.82412,1.82441,1.50,1.00
2018.03.21 13:07:06.713,1.82411,1.82439,1.50,1.00
2018.03.21 13:07:07.055,1.82409,1.82436,1.00,1.00
2018.03.21 13:07:09.236,1.82409,1.82438,1.50,1.09
2018.03.21 13:07:09.339,1.82411,1.82439,1.00,1.00
2018.03.21 13:07:09.390,1.82409,1.82438,1.50,1.00
2018.03.21 13:07:09.492,1.82412,1.82438,1.00,1.00
2018.03.21 13:07:09.833,1.82412,1.82435,1.00,1.00
2018.03.21 13:07:10.443,1.82408,1.82434,1.00,1.00
2018.03.21 13:07:10.957,1.82409,1.82435,1.00,1.00
2018.03.21 13:07:11.008,1.82407,1.82435,1.50,1.00
2018.03.21 13:07:11.235,1.82409,1.82435,1.00,1.00
2018.03.21 13:07:12.395,1.8241,1.82435,1.00,1.00
2018.03.21 13:07:12.496,1.8241,1.82438,1.00,1.00
2018.03.21 13:07:12.547,1.8241,1.82436,1.00,1.00
2018.03.21 13:07:13.175,1.8241,1.82437,1.50,1.00
2018.03.21 13:07:13.584,1.82411,1.82439,1.00,1.00
2018.03.21 13:07:14.132,1.8241,1.82438,1.00,1.00
2018.03.21 13:07:14.772,1.82414,1.82442,1.00,1.09
2018.03.21 13:07:15.320,1.82415,1.82443,1.00,1.34
2018.03.21 13:07:15.871,1.82415,1.82441,1.00,1.00
2018.03.21 13:07:16.779,1.82411,1.82437,1.00,1.00
2018.03.21 13:07:17.115,1.82409,1.82437,1.00,1.00
2018.03.21 13:07:17.276,1.82408,1.82434,1.00,1.00
2018.03.21 13:07:17.897,1.82409,1.82437,1.00,1.00
2018.03.21 13:07:18.026,1.82415,1.82442,1.00,1.50
2018.03.21 13:07:18.128,1.82413,1.82442,1.00,1.50
2018.03.21 13:07:18.229,1.82415,1.82442,1.00,1.00
2018.03.21 13:07:18.760,1.82415,1.82441,1.00,1.00
2018.03.21 13:07:19.284,1.82416,1.82441,1.00,1.00
2018.03.21 13:07:19.788,1.82416,1.82442,1.00,1.50
2018.03.21 13:07:20.344,1.82413,1.82442,1.00,1.00
2018.03.21 13:07:20.532,1.82415,1.82443,1.00,1.00
2018.03.21 13:07:21.322,1.82413,1.82442,1.00,1.00
2018.03.21 13:07:21.426,1.82415,1.82443,1.00,1.00
2018.03.21 13:07:22.846,1.82413,1.82442,1.00,1.00
2018.03.21 13:07:22.897,1.82416,1.82444,1.00,1.00
2018.03.21 13:07:23.252,1.82416,1.82442,1.00,1.00
2018.03.21 13:07:26.737,1.82413,1.82442,1.00,1.00
2018.03.21 13:07:28.049,1.82415,1.82443,1.00,1.00
2018.03.21 13:07:28.723,1.82416,1.82444,1.00,1.00
2018.03.21 13:07:28.876,1.82417,1.82446,1.00,1.50
2018.03.21 13:07:29.039,1.82419,1.82447,1.00,1.50
2018.03.21 13:07:29.378,1.82422,1.82447,1.00,1.00
2018.03.21 13:07:29.707,1.8242,1.82447,1.00,1.00
2018.03.21 13:07:30.754,1.82419,1.82447,1.00,1.50
2018.03.21 13:07:31.505,1.82421,1.82447,1.00,1.00
2018.03.21 13:07:33.471,1.82422,1.8245,1.00,1.00
2018.03.21 13:07:33.522,1.82425,1.8245,1.00,1.50
2018.03.21 13:07:33.683,1.82419,1.82448,1.00,1.00
2018.03.21 13:07:33.734,1.82419,1.82446,1.00,1.00
2018.03.21 13:07:33.938,1.82417,1.82445,1.00,1.00
2018.03.21 13:07:34.295,1.82414,1.82443,1.50,1.00
2018.03.21 13:07:34.790,1.82416,1.82444,1.00,1.00
2018.03.21 13:07:35.341,1.82417,1.82445,1.00,1.00
2018.03.21 13:07:35.654,1.82415,1.82442,1.00,1.00
2018.03.21 13:07:35.705,1.82415,1.82444,1.00,1.00
2018.03.21 13:07:35.756,1.82414,1.82442,1.00,1.00
2018.03.21 13:07:36.435,1.82413,1.8244,1.50,1.00
2018.03.21 13:07:37.003,1.82413,1.82439,1.00,1.00
2018.03.21 13:07:37.219,1.82411,1.82439,1.50,1.00
2018.03.21 13:07:38.723,1.8241,1.82438,1.00,1.00
2018.03.21 13:07:39.049,1.82409,1.82436,1.00,1.00
2018.03.21 13:07:39.381,1.82406,1.82433,1.00,1.00
2018.03.21 13:07:39.915,1.82405,1.82433,1.50,1.00
2018.03.21 13:07:40.465,1.82407,1.82433,1.00,1.00
2018.03.21 13:07:40.979,1.82409,1.82437,1.00,1.00
2018.03.21 13:07:41.301,1.82407,1.82436,1.00,1.00
2018.03.21 13:07:41.928,1.82409,1.82437,1.00,1.00
2018.03.21 13:07:43.383,1.82407,1.82436,1.00,1.00
2018.03.21 13:07:43.485,1.82406,1.82434,1.00,1.00
2018.03.21 13:07:43.792,1.82399,1.82427,1.00,1.00
2018.03.21 13:07:44.288,1.82404,1.82431,1.00,1.00
2018.03.21 13:07:44.390,1.82405,1.82434,1.00,1.00
2018.03.21 13:07:45.026,1.82408,1.82434,1.00,1.00
2018.03.21 13:07:45.509,1.82408,1.82436,1.00,1.00
2018.03.21 13:07:46.084,1.82409,1.82438,1.00,1.00
2018.03.21 13:07:46.135,1.82412,1.8244,1.00,1.00
2018.03.21 13:07:46.642,1.82411,1.82439,1.00,1.00
2018.03.21 13:07:47.015,1.82409,1.82435,1.00,1.00
2018.03.21 13:07:48.334,1.82408,1.82435,1.00,1.00
2018.03.21 13:07:48.537,1.82405,1.82434,1.00,1.00
2018.03.21 13:07:50.306,1.82405,1.82431,1.00,1.00
2018.03.21 13:07:50.896,1.82405,1.82434,1.00,1.00
2018.03.21 13:07:51.923,1.82405,1.82431,1.00,1.00
2018.03.21 13:07:53.810,1.82405,1.82434,1.00,1.00
2018.03.21 13:07:54.129,1.82407,1.82435,1.00,1.00
2018.03.21 13:07:54.549,1.82415,1.82441,1.00,1.00
2018.03.21 13:07:54.651,1.82418,1.82446,1.00,1.00
2018.03.21 13:07:54.857,1.82416,1.82441,1.00,1.00
2018.03.21 13:07:54.908,1.82413,1.82439,1.00,1.00
2018.03.21 13:07:54.959,1.82413,1.82441,1.50,1.00
2018.03.21 13:07:55.493,1.82418,1.82446,1.00,1.00
2018.03.21 13:07:56.004,1.82417,1.82445,1.00,1.00
2018.03.21 13:07:56.378,1.82419,1.82445,1.00,1.00
2018.03.21 13:07:56.438,1.82417,1.82445,1.00,1.00
2018.03.21 13:07:56.591,1.82415,1.82444,2.25,1.00
2018.03.21 13:07:56.692,1.82417,1.82445,1.00,1.00
2018.03.21 13:07:57.308,1.82415,1.82442,1.00,1.50
2018.03.21 13:07:57.359,1.82411,1.82439,1.50,1.00
2018.03.21 13:07:57.411,1.82416,1.82441,1.00,1.00
2018.03.21 13:07:57.462,1.82417,1.82445,1.00,1.00
2018.03.21 13:07:57.665,1.82414,1.82443,1.00,1.00
2018.03.21 13:07:57.717,1.82413,1.8244,1.00,1.00
2018.03.21 13:07:58.022,1.82415,1.82442,1.00,1.00
2018.03.21 13:07:58.196,1.82412,1.8244,1.00,1.00
2018.03.21 13:07:58.709,1.8241,1.82436,1.00,1.00
2018.03.21 13:07:58.912,1.82411,1.82439,1.00,1.00
2018.03.21 13:07:58.963,1.82413,1.82439,1.00,1.00
2018.03.21 13:07:59.910,1.82414,1.82441,1.00,1.00
2018.03.21 13:07:59.961,1.82417,1.82446,1.00,1.00
2018.03.21 13:08:00.012,1.82419,1.82447,1.00,1.00
2018.03.21 13:08:00.555,1.82419,1.82445,1.00,1.50
2018.03.21 13:08:00.861,1.82403,1.82431,1.00,1.00
2018.03.21 13:08:01.181,1.82406,1.82432,1.00,1.00
2018.03.21 13:08:01.335,1.82408,1.82436,1.50,1.00
2018.03.21 13:08:01.545,1.8241,1.82439,1.00,1.00
2018.03.21 13:08:01.650,1.82412,1.82439,1.00,1.00
2018.03.21 13:08:01.996,1.82414,1.8244,1.00,1.00
2018.03.21 13:08:02.200,1.82414,1.82443,1.00,1.00
2018.03.21 13:08:02.402,1.82414,1.8244,1.00,1.00
2018.03.21 13:08:02.632,1.82414,1.82443,1.00,1.00
2018.03.21 13:08:02.917,1.82416,1.82444,1.00,1.50
2018.03.21 13:08:03.429,1.82415,1.82442,1.00,1.00
2018.03.21 13:08:03.480,1.82409,1.82437,1.50,1.00
2018.03.21 13:08:04.005,1.82409,1.82434,1.00,1.00
2018.03.21 13:08:04.493,1.82406,1.82434,1.50,1.00
2018.03.21 13:08:04.595,1.82403,1.82429,1.00,1.00
2018.03.21 13:08:04.646,1.82401,1.82428,1.50,1.00
2018.03.21 13:08:04.697,1.824,1.82426,1.00,1.00
2018.03.21 13:08:04.748,1.82396,1.82424,1.00,1.00
2018.03.21 13:08:04.799,1.82394,1.82421,1.00,1.00
2018.03.21 13:08:05.152,1.82393,1.82419,1.00,1.00
2018.03.21 13:08:05.457,1.82389,1.82411,1.00,1.00
2018.03.21 13:08:05.509,1.82385,1.82409,1.00,1.00
2018.03.21 13:08:05.560,1.82383,1.82409,1.00,1.00
2018.03.21 13:08:06.171,1.82382,1.82408,1.00,1.00
2018.03.21 13:08:06.863,1.82381,1.82408,1.00,1.00
2018.03.21 13:08:07.065,1.82378,1.82406,2.25,1.00
2018.03.21 13:08:07.115,1.82378,1.82403,1.00,1.00
2018.03.21 13:08:07.166,1.82375,1.82403,1.00,1.00
2018.03.21 13:08:07.602,1.82375,1.82401,1.00,1.00
2018.03.21 13:08:08.331,1.82375,1.82403,1.00,1.00
2018.03.21 13:08:08.382,1.82375,1.82399,1.00,1.00
2018.03.21 13:08:08.485,1.82372,1.82398,1.00,1.34
2018.03.21 13:08:08.537,1.82369,1.82398,1.00,2.62
2018.03.21 13:08:08.703,1.82364,1.82392,1.00,1.00
2018.03.21 13:08:09.543,1.82366,1.82393,1.00,1.00
2018.03.21 13:08:09.645,1.82369,1.82397,1.00,1.00
2018.03.21 13:08:09.749,1.82366,1.82392,1.00,1.12
2018.03.21 13:08:10.005,1.82362,1.82391,1.00,1.00
2018.03.21 13:08:11.161,1.82364,1.82392,1.00,1.00
2018.03.21 13:08:11.550,1.82365,1.82394,1.00,1.00
2018.03.21 13:08:11.601,1.82372,1.82398,1.00,1.00
2018.03.21 13:08:11.949,1.82376,1.82402,1.00,1.00
2018.03.21 13:08:12.081,1.82376,1.82404,1.00,1.00
2018.03.21 13:08:12.283,1.82373,1.82401,1.00,1.00
2018.03.21 13:08:12.606,1.82371,1.82397,1.00,1.00
2018.03.21 13:08:12.914,1.82371,1.824,1.00,1.50
2018.03.21 13:08:13.286,1.8237,1.82398,1.00,1.00
2018.03.21 13:08:13.924,1.82371,1.824,1.00,1.50
2018.03.21 13:08:14.483,1.82373,1.82401,1.00,1.50
2018.03.21 13:08:14.534,1.82374,1.82403,1.00,1.00
2018.03.21 13:08:14.585,1.82376,1.82404,1.00,1.00
2018.03.21 13:08:14.904,1.82378,1.82407,1.00,1.50
2018.03.21 13:08:14.955,1.82377,1.82405,1.00,1.00
2018.03.21 13:08:15.283,1.82378,1.82407,1.00,2.25
2018.03.21 13:08:16.365,1.82377,1.82406,1.00,1.00
2018.03.21 13:08:16.997,1.82378,1.82407,1.00,2.25
2018.03.21 13:08:17.048,1.82377,1.82405,1.00,1.00
2018.03.21 13:08:18.262,1.82377,1.82398,1.00,1.00
2018.03.21 13:08:18.314,1.82375,1.82402,1.00,1.36
2018.03.21 13:08:18.416,1.82377,1.82403,1.00,1.00
2018.03.21 13:08:18.629,1.82377,1.82405,1.00,1.00
2018.03.21 13:08:19.061,1.82377,1.82402,1.00,1.00
2018.03.21 13:08:19.383,1.82374,1.82403,1.00,1.50
2018.03.21 13:08:20.437,1.82377,1.82403,1.00,1.50
2018.03.21 13:08:20.743,1.8237,1.82397,1.00,1.00
2018.03.21 13:08:20.946,1.82367,1.82396,1.00,1.00
2018.03.21 13:08:21.360,1.82369,1.82396,1.00,1.00
2018.03.21 13:08:21.412,1.82374,1.82402,1.00,1.00
2018.03.21 13:08:21.463,1.82376,1.82404,1.00,2.25
2018.03.21 13:08:21.768,1.82372,1.82399,1.00,1.00
2018.03.21 13:08:21.922,1.8237,1.82399,1.00,1.50
2018.03.21 13:08:22.033,1.82369,1.82397,1.00,1.00
2018.03.21 13:08:22.488,1.82367,1.82396,1.00,1.00
2018.03.21 13:08:22.590,1.8237,1.82396,1.00,1.00
2018.03.21 13:08:22.692,1.82366,1.82394,1.00,1.00
2018.03.21 13:08:23.989,1.82366,1.82392,1.00,1.00
2018.03.21 13:08:24.362,1.82358,1.82386,1.00,1.00
2018.03.21 13:08:24.414,1.8236,1.82386,1.00,1.00
2018.03.21 13:08:24.641,1.8236,1.82388,1.00,1.00
2018.03.21 13:08:25.162,1.82359,1.82387,1.00,1.00
2018.03.21 13:08:26.464,1.82358,1.82387,1.00,1.00
2018.03.21 13:08:27.124,1.8236,1.82387,1.00,1.00
2018.03.21 13:08:27.775,1.82358,1.82387,1.00,1.00
2018.03.21 13:08:28.312,1.8236,1.8239,1.00,1.00
2018.03.21 13:08:28.415,1.82362,1.82393,1.00,1.00
2018.03.21 13:08:28.468,1.82365,1.82394,1.00,1.00
2018.03.21 13:08:28.519,1.82366,1.82396,1.00,1.00
2018.03.21 13:08:29.042,1.82367,1.82397,1.00,1.00
2018.03.21 13:08:30.222,1.82368,1.82395,1.00,1.00
2018.03.21 13:08:30.619,1.82367,1.82397,1.00,1.00
2018.03.21 13:08:30.772,1.82369,1.82398,1.00,1.50
2018.03.21 13:08:31.236,1.82369,1.82401,1.00,1.50
2018.03.21 13:08:31.388,1.82373,1.82402,1.00,1.00
2018.03.21 13:08:31.760,1.82369,1.82398,1.00,1.00
2018.03.21 13:08:31.962,1.82362,1.82392,1.00,1.00
2018.03.21 13:08:32.013,1.82361,1.8239,1.00,1.00
2018.03.21 13:08:32.562,1.82361,1.82389,1.00,1.00
2018.03.21 13:08:32.853,1.82362,1.82391,1.00,1.00
2018.03.21 13:08:33.112,1.8236,1.8239,1.00,1.00
2018.03.21 13:08:33.546,1.82362,1.82391,1.00,1.00
2018.03.21 13:08:33.599,1.8236,1.8239,1.50,1.00
2018.03.21 13:08:33.756,1.82362,1.82391,1.00,1.00
2018.03.21 13:08:34.086,1.82364,1.8239,1.00,1.00
2018.03.21 13:08:36.718,1.82364,1.82393,1.50,1.00
2018.03.21 13:08:36.996,1.82368,1.82394,1.00,1.00
2018.03.21 13:08:37.317,1.8237,1.82396,1.00,1.00
2018.03.21 13:08:37.471,1.82371,1.824,1.00,1.00
2018.03.21 13:08:37.951,1.82374,1.824,1.00,1.00
2018.03.21 13:08:38.316,1.82374,1.82403,1.00,1.00
2018.03.21 13:08:39.395,1.82373,1.82401,1.00,1.00
2018.03.21 13:08:41.693,1.82374,1.82403,1.00,1.00
2018.03.21 13:08:42.045,1.82372,1.82399,1.00,1.00
2018.03.21 13:08:42.096,1.82369,1.82397,1.50,1.00
2018.03.21 13:08:42.365,1.82371,1.82398,1.00,1.00
2018.03.21 13:08:42.680,1.82368,1.82396,1.00,1.00
2018.03.21 13:08:42.832,1.82367,1.82394,1.00,1.00
2018.03.21 13:08:44.027,1.82368,1.82396,1.00,1.00
2018.03.21 13:08:47.245,1.82369,1.82397,1.00,1.00
2018.03.21 13:08:47.296,1.82373,1.82398,1.00,1.00
2018.03.21 13:08:47.348,1.82363,1.82392,2.25,1.00
2018.03.21 13:08:47.399,1.82366,1.82394,1.00,1.00
2018.03.21 13:08:47.705,1.82359,1.82387,1.00,1.00
2018.03.21 13:08:48.104,1.82355,1.82383,1.00,1.00
2018.03.21 13:08:48.409,1.82358,1.82386,1.00,1.00
2018.03.21 13:08:52.117,1.82356,1.82385,1.00,1.00
2018.03.21 13:08:52.421,1.82358,1.82386,1.00,1.00
2018.03.21 13:08:52.895,1.82361,1.82388,1.00,1.00
2018.03.21 13:08:53.875,1.82358,1.82386,1.00,1.00
2018.03.21 13:08:54.413,1.82359,1.82387,1.00,1.00
2018.03.21 13:08:55.273,1.82359,1.82385,1.00,1.00
2018.03.21 13:08:55.637,1.82356,1.82385,1.00,1.00
2018.03.21 13:08:55.829,1.82359,1.82385,1.00,1.00
2018.03.21 13:08:55.879,1.82361,1.82388,1.00,1.00
2018.03.21 13:08:55.932,1.82363,1.82391,1.00,1.00
2018.03.21 13:08:56.034,1.82365,1.82391,1.00,1.00
2018.03.21 13:08:56.236,1.82366,1.82393,1.00,1.00
2018.03.21 13:08:56.599,1.82364,1.82392,1.00,1.00
2018.03.21 13:08:58.373,1.82364,1.8239,1.00,1.00
2018.03.21 13:08:58.926,1.82365,1.82391,1.00,1.00
2018.03.21 13:08:59.093,1.82366,1.82393,1.00,1.00
2018.03.21 13:08:59.202,1.82365,1.82391,1.00,1.00
2018.03.21 13:08:59.304,1.82363,1.82391,1.00,1.00
2018.03.21 13:08:59.355,1.82363,1.82389,1.00,1.00
2018.03.21 13:08:59.457,1.8236,1.82389,1.00,1.00
2018.03.21 13:08:59.808,1.82363,1.82389,1.00,1.00
2018.03.21 13:09:00.027,1.8236,1.82389,1.00,1.00
2018.03.21 13:09:00.229,1.82358,1.82386,1.00,1.00
2018.03.21 13:09:01.551,1.82356,1.82382,1.50,1.00
2018.03.21 13:09:01.703,1.82357,1.82384,1.00,1.00
2018.03.21 13:09:01.754,1.82358,1.82386,1.00,1.00
2018.03.21 13:09:06.365,1.82359,1.82386,1.00,1.00
2018.03.21 13:09:06.701,1.82356,1.82386,1.50,1.00
2018.03.21 13:09:10.737,1.82358,1.82387,1.00,1.00
2018.03.21 13:09:12.205,1.82358,1.82388,1.00,1.00
2018.03.21 13:09:12.571,1.82359,1.8239,1.00,1.00
2018.03.21 13:09:15.013,1.82359,1.82387,1.00,1.00
2018.03.21 13:09:15.181,1.82359,1.8239,1.00,1.00
2018.03.21 13:09:15.233,1.82363,1.82392,1.00,1.50
2018.03.21 13:09:15.285,1.82366,1.82396,1.00,1.00
2018.03.21 13:09:15.336,1.82368,1.82397,1.00,1.00
2018.03.21 13:09:15.681,1.82362,1.82391,1.00,1.00
2018.03.21 13:09:15.734,1.82359,1.82391,1.00,1.00
2018.03.21 13:09:15.785,1.82361,1.82391,1.00,1.00
2018.03.21 13:09:16.092,1.82357,1.82389,1.00,1.00
2018.03.21 13:09:16.245,1.8236,1.8239,1.00,1.00
2018.03.21 13:09:16.347,1.82362,1.82393,1.00,1.00
2018.03.21 13:09:16.598,1.82362,1.82395,1.50,1.00
2018.03.21 13:09:17.328,1.82361,1.82392,1.00,1.00
2018.03.21 13:09:17.693,1.8236,1.8239,1.00,1.00
2018.03.21 13:09:18.100,1.82362,1.82394,1.00,1.00
2018.03.21 13:09:18.152,1.82365,1.82394,1.00,1.00
2018.03.21 13:09:18.370,1.82365,1.82396,1.00,1.00
2018.03.21 13:09:19.087,1.82366,1.82398,1.00,1.00
2018.03.21 13:09:19.138,1.82369,1.824,1.00,1.00
2018.03.21 13:09:19.443,1.82369,1.82398,1.00,1.00
2018.03.21 13:09:19.797,1.82367,1.82397,1.50,1.00
2018.03.21 13:09:20.467,1.82367,1.82395,1.00,1.00
2018.03.21 13:09:20.518,1.82364,1.82395,1.00,1.00
2018.03.21 13:09:20.569,1.82361,1.82393,1.00,1.00
2018.03.21 13:09:21.085,1.82362,1.82393,1.00,1.00
2018.03.21 13:09:21.616,1.82363,1.82393,1.00,1.00
2018.03.21 13:09:21.667,1.82364,1.82395,1.00,1.00
2018.03.21 13:09:21.750,1.82363,1.82393,1.00,1.00
2018.03.21 13:09:22.294,1.82362,1.82392,1.00,1.00
2018.03.21 13:09:24.110,1.82363,1.82392,1.00,1.00
2018.03.21 13:09:25.201,1.82364,1.82394,1.00,1.00
2018.03.21 13:09:25.303,1.82367,1.82395,1.00,1.00
2018.03.21 13:09:25.456,1.82371,1.824,1.00,1.00
2018.03.21 13:09:25.761,1.82373,1.82401,1.00,1.00
2018.03.21 13:09:26.586,1.82374,1.82401,1.00,1.50
2018.03.21 13:09:27.215,1.82373,1.82401,1.00,1.50
2018.03.21 13:09:28.450,1.8237,1.82401,1.00,1.50
2018.03.21 13:09:29.249,1.8237,1.82399,1.00,1.00
2018.03.21 13:09:34.494,1.82373,1.82402,1.00,1.00
2018.03.21 13:09:34.800,1.82376,1.82404,1.00,1.00
2018.03.21 13:09:35.091,1.82377,1.82406,1.00,1.00
2018.03.21 13:09:35.633,1.82377,1.82405,1.00,1.00
2018.03.21 13:09:35.989,1.82377,1.82407,1.00,1.00
2018.03.21 13:09:36.218,1.82377,1.82404,1.00,1.00
2018.03.21 13:09:37.893,1.82377,1.82407,1.00,1.00
2018.03.21 13:09:38.166,1.82379,1.82407,1.00,1.00
2018.03.21 13:09:38.290,1.82374,1.82403,1.50,1.12
2018.03.21 13:09:38.341,1.82375,1.824,1.00,1.00
2018.03.21 13:09:38.452,1.82381,1.82407,1.50,1.00
2018.03.21 13:09:38.503,1.82387,1.82413,1.00,1.00
2018.03.21 13:09:38.554,1.82387,1.82415,1.00,1.00
2018.03.21 13:09:40.864,1.82387,1.82411,1.00,1.00
2018.03.21 13:09:41.017,1.82379,1.82407,1.00,1.50
2018.03.21 13:09:41.068,1.82376,1.82404,1.00,1.00
2018.03.21 13:09:41.599,1.82375,1.82403,1.00,1.00
2018.03.21 13:09:42.065,1.82374,1.82401,1.00,1.00
2018.03.21 13:09:43.104,1.82375,1.82403,1.00,1.00
2018.03.21 13:09:44.316,1.82372,1.824,1.00,1.00
2018.03.21 13:09:45.290,1.82371,1.82399,1.00,1.00
2018.03.21 13:09:47.073,1.82371,1.82397,1.00,1.00
2018.03.21 13:09:47.126,1.82372,1.82399,1.00,1.00
2018.03.21 13:09:47.177,1.82374,1.82402,1.00,1.00
2018.03.21 13:09:47.411,1.82379,1.82407,1.00,1.50
2018.03.21 13:09:47.796,1.82381,1.82407,1.00,1.00
2018.03.21 13:09:47.949,1.82376,1.82405,1.00,1.00
2018.03.21 13:09:48.000,1.82372,1.82401,1.00,1.00
2018.03.21 13:09:48.362,1.82371,1.82399,1.00,2.25
2018.03.21 13:09:48.765,1.82369,1.82398,1.00,1.00
2018.03.21 13:09:50.137,1.82372,1.82398,1.00,1.00
2018.03.21 13:09:51.877,1.8237,1.82397,1.00,1.00
2018.03.21 13:09:52.132,1.82368,1.82396,1.00,1.00
2018.03.21 13:09:52.972,1.82369,1.82398,1.00,1.00
2018.03.21 13:09:53.176,1.82369,1.82395,1.00,1.00
2018.03.21 13:09:53.904,1.82369,1.82398,1.00,1.00
2018.03.21 13:09:54.159,1.82368,1.82396,1.00,1.00
2018.03.21 13:09:55.653,1.82368,1.82398,1.00,1.50
2018.03.21 13:09:55.755,1.8237,1.82399,1.00,1.50
2018.03.21 13:09:56.057,1.82372,1.82398,1.00,1.00
2018.03.21 13:09:56.564,1.82369,1.82398,1.00,1.00
2018.03.21 13:09:56.795,1.82371,1.82399,1.00,1.00
2018.03.21 13:09:57.053,1.82369,1.82398,1.00,1.00
2018.03.21 13:10:00.131,1.82371,1.82398,1.00,1.00
2018.03.21 13:10:00.233,1.82368,1.82396,1.00,1.50
2018.03.21 13:10:00.285,1.82364,1.82392,1.00,1.00
2018.03.21 13:10:00.336,1.82365,1.82394,1.00,1.00
2018.03.21 13:10:00.388,1.82365,1.82391,1.00,1.00
2018.03.21 13:10:00.565,1.82368,1.82396,1.00,1.00
2018.03.21 13:10:00.921,1.82369,1.82398,1.00,1.00
2018.03.21 13:10:01.226,1.82367,1.82396,1.00,1.00
2018.03.21 13:10:01.328,1.82365,1.82395,1.00,1.00
2018.03.21 13:10:01.671,1.82367,1.82396,1.00,1.00
2018.03.21 13:10:02.258,1.82368,1.82397,1.00,1.00
2018.03.21 13:10:02.562,1.82372,1.82401,1.00,1.00
2018.03.21 13:10:02.875,1.82366,1.82394,1.50,1.00
2018.03.21 13:10:03.029,1.82368,1.82397,1.00,1.00
2018.03.21 13:10:03.080,1.82371,1.82399,1.00,1.00
2018.03.21 13:10:03.387,1.82375,1.82402,1.00,1.00
2018.03.21 13:10:03.437,1.82377,1.82406,1.00,1.00
2018.03.21 13:10:03.601,1.82379,1.82407,1.00,1.00
2018.03.21 13:10:03.754,1.82377,1.82406,1.00,1.00
2018.03.21 13:10:03.805,1.82377,1.82403,1.00,1.00
2018.03.21 13:10:03.957,1.82377,1.82406,1.00,1.00
2018.03.21 13:10:04.059,1.82377,1.82403,1.00,1.00
2018.03.21 13:10:04.366,1.82378,1.82406,1.00,1.00
2018.03.21 13:10:04.949,1.82378,1.82407,1.00,1.50
2018.03.21 13:10:05.183,1.8238,1.82409,1.00,1.00
2018.03.21 13:10:05.692,1.8238,1.82408,1.00,1.00
2018.03.21 13:10:06.257,1.82381,1.82409,1.00,1.00
2018.03.21 13:10:06.688,1.82381,1.82411,1.00,1.00
2018.03.21 13:10:06.739,1.82385,1.82411,1.00,1.00
2018.03.21 13:10:07.030,1.82384,1.82413,1.00,1.00
2018.03.21 13:10:09.160,1.82385,1.82414,1.00,1.00
2018.03.21 13:10:09.211,1.82383,1.82411,1.00,1.00
2018.03.21 13:10:10.476,1.82383,1.82409,1.00,1.00
2018.03.21 13:10:10.527,1.82381,1.82411,1.50,1.00
2018.03.21 13:10:11.109,1.82381,1.82412,1.00,1.00
2018.03.21 13:10:11.521,1.82381,1.82409,1.50,1.00
2018.03.21 13:10:12.056,1.82377,1.82408,1.00,1.00
2018.03.21 13:10:12.924,1.82379,1.82409,1.00,1.00
2018.03.21 13:10:12.975,1.82381,1.82412,1.00,1.50
2018.03.21 13:10:13.026,1.82385,1.82412,1.00,1.00
2018.03.21 13:10:13.531,1.82385,1.82413,1.00,1.00
2018.03.21 13:10:14.062,1.82383,1.82413,1.00,1.00
2018.03.21 13:10:14.165,1.82381,1.82412,1.00,1.00
2018.03.21 13:10:14.216,1.8238,1.8241,1.50,1.00
2018.03.21 13:10:14.770,1.8238,1.82409,1.00,1.00
2018.03.21 13:10:16.122,1.82379,1.82409,1.00,1.00
2018.03.21 13:10:16.483,1.82381,1.82412,1.00,1.00
2018.03.21 13:10:16.534,1.82383,1.82412,1.00,1.00
2018.03.21 13:10:17.051,1.82383,1.82413,1.00,1.00
2018.03.21 13:10:18.279,1.82384,1.82412,1.00,1.00
2018.03.21 13:10:21.619,1.82385,1.82413,1.00,1.00
2018.03.21 13:10:22.116,1.82387,1.82414,1.00,1.00
2018.03.21 13:10:22.357,1.82385,1.82413,1.00,1.00
2018.03.21 13:10:22.594,1.82386,1.82415,1.00,1.00
2018.03.21 13:10:22.765,1.8238,1.82407,1.00,1.00
2018.03.21 13:10:22.816,1.82376,1.82405,1.00,1.00
2018.03.21 13:10:22.867,1.82375,1.82402,1.00,1.00
2018.03.21 13:10:23.069,1.82376,1.82405,1.00,1.00
2018.03.21 13:10:23.120,1.82381,1.82409,1.00,1.00
2018.03.21 13:10:23.491,1.82384,1.82412,1.00,1.00
2018.03.21 13:10:24.108,1.82385,1.82414,1.00,1.00
2018.03.21 13:10:24.464,1.82385,1.82411,1.00,1.00
2018.03.21 13:10:24.515,1.82386,1.82415,1.00,1.00
2018.03.21 13:10:24.566,1.82393,1.82421,1.00,1.87
2018.03.21 13:10:24.872,1.82398,1.82424,1.00,1.00
2018.03.21 13:10:25.075,1.82398,1.82426,1.00,1.00
2018.03.21 13:10:25.323,1.82399,1.82428,1.00,1.00
2018.03.21 13:10:26.527,1.82399,1.82425,1.00,1.00
2018.03.21 13:10:28.441,1.82399,1.82428,1.00,1.00
2018.03.21 13:10:28.671,1.82406,1.82434,1.00,1.00
2018.03.21 13:10:29.163,1.82404,1.82433,1.00,1.00
2018.03.21 13:10:29.649,1.82406,1.82434,1.00,1.00
2018.03.21 13:10:29.750,1.82408,1.82438,1.00,1.00
2018.03.21 13:10:30.004,1.82411,1.82438,1.00,1.00
2018.03.21 13:10:30.157,1.82407,1.82435,1.87,1.00
2018.03.21 13:10:30.208,1.82403,1.82431,1.50,1.00
2018.03.21 13:10:30.514,1.82402,1.82427,1.00,1.00
2018.03.21 13:10:30.716,1.824,1.82427,1.00,1.00
2018.03.21 13:10:30.766,1.82402,1.82427,1.00,1.00
2018.03.21 13:10:30.868,1.82398,1.82427,1.00,1.00
2018.03.21 13:10:31.189,1.82397,1.82425,1.00,1.00
2018.03.21 13:10:31.638,1.82396,1.82423,1.50,1.00
2018.03.21 13:10:31.790,1.82394,1.82422,1.00,1.00
2018.03.21 13:10:32.091,1.82396,1.82422,1.00,1.00
2018.03.21 13:10:32.395,1.824,1.82416,1.00,1.00
2018.03.21 13:10:32.698,1.82406,1.82416,1.00,1.00
2018.03.21 13:10:33.233,1.82407,1.82416,1.00,1.00
2018.03.21 13:10:33.774,1.82406,1.82416,1.00,1.00
2018.03.21 13:10:34.304,1.82405,1.82416,1.00,1.00
2018.03.21 13:10:34.668,1.82403,1.82416,1.00,1.00
2018.03.21 13:10:34.820,1.824,1.82416,1.00,1.00
2018.03.21 13:10:34.871,1.82398,1.82416,1.00,1.00
2018.03.21 13:10:35.529,1.82396,1.82416,1.00,1.00
2018.03.21 13:10:35.838,1.82393,1.82415,1.50,1.00
2018.03.21 13:10:36.769,1.82392,1.82415,1.00,1.00
2018.03.21 13:10:36.921,1.82394,1.82415,1.00,1.00
2018.03.21 13:10:37.698,1.82395,1.82415,1.00,1.00
2018.03.21 13:10:37.749,1.82393,1.82415,1.00,1.00
2018.03.21 13:10:38.516,1.82393,1.82416,1.00,1.00
2018.03.21 13:10:39.028,1.82391,1.82415,1.00,1.00
2018.03.21 13:10:40.011,1.8239,1.82415,1.00,1.00
2018.03.21 13:10:40.531,1.8239,1.82416,1.00,1.00
2018.03.21 13:10:40.831,1.82388,1.82416,1.25,1.00
2018.03.21 13:10:40.882,1.82386,1.82416,1.50,1.00
2018.03.21 13:10:42.636,1.82385,1.82416,1.00,1.00
2018.03.21 13:10:42.741,1.82383,1.82414,1.00,1.00
2018.03.21 13:10:43.114,1.82391,1.82416,1.00,1.00
2018.03.21 13:10:43.216,1.82388,1.82416,1.50,1.00
2018.03.21 13:10:43.724,1.82387,1.82415,1.00,1.00
2018.03.21 13:10:43.967,1.82384,1.82414,1.44,1.00
2018.03.21 13:10:44.407,1.82391,1.82416,1.50,1.00
2018.03.21 13:10:44.712,1.82395,1.82416,1.00,1.00
2018.03.21 13:10:45.170,1.82393,1.82416,2.25,1.00
2018.03.21 13:10:45.522,1.82401,1.82416,1.00,1.00
2018.03.21 13:10:45.828,1.8241,1.82416,1.00,1.00
2018.03.21 13:10:45.930,1.82407,1.82416,1.25,1.00
2018.03.21 13:10:46.032,1.82409,1.82417,1.00,1.00
2018.03.21 13:10:46.574,1.82409,1.82417,2.25,1.00
2018.03.21 13:10:46.875,1.82412,1.82418,1.00,1.00
2018.03.21 13:10:47.587,1.8241,1.82418,1.50,1.00
2018.03.21 13:10:47.689,1.8241,1.82429,1.00,1.00
2018.03.21 13:10:47.842,1.8241,1.8244,1.00,1.00
2018.03.21 13:10:49.022,1.82405,1.82436,1.00,1.00
2018.03.21 13:10:49.314,1.82403,1.82436,1.00,1.00
2018.03.21 13:10:50.596,1.82405,1.82436,1.00,1.00
2018.03.21 13:10:51.339,1.82406,1.82436,1.00,1.00
2018.03.21 13:10:51.881,1.82406,1.82437,1.00,1.00
2018.03.21 13:10:52.760,1.82406,1.82436,1.00,1.00
2018.03.21 13:10:52.876,1.82404,1.82435,1.00,1.00
2018.03.21 13:10:52.927,1.82404,1.82432,1.00,1.00
2018.03.21 13:10:52.979,1.824,1.82432,1.19,1.00
2018.03.21 13:10:53.030,1.82399,1.82429,1.69,1.00
2018.03.21 13:10:53.336,1.82402,1.82431,1.00,1.00
2018.03.21 13:10:53.503,1.82398,1.82425,1.19,1.00
2018.03.21 13:10:54.012,1.82396,1.82424,1.19,1.00
2018.03.21 13:10:54.513,1.82392,1.82423,1.69,1.00
2018.03.21 13:10:54.853,1.82394,1.82421,1.19,1.00
2018.03.21 13:10:54.955,1.82394,1.82421,1.00,1.00
2018.03.21 13:10:55.057,1.82392,1.8242,1.00,1.00
2018.03.21 13:10:55.159,1.82391,1.82416,1.00,1.00
2018.03.21 13:10:55.312,1.82388,1.82416,1.50,1.00
2018.03.21 13:10:56.616,1.82389,1.82416,1.00,1.00
2018.03.21 13:10:57.125,1.82388,1.82416,1.00,1.00
2018.03.21 13:10:57.627,1.82388,1.82415,1.00,1.00
2018.03.21 13:10:58.265,1.82388,1.82417,2.25,1.00
2018.03.21 13:10:58.316,1.82395,1.82417,1.00,1.00
2018.03.21 13:10:58.571,1.82394,1.82419,1.00,1.00
2018.03.21 13:10:58.672,1.82394,1.82421,1.00,1.00
2018.03.21 13:10:59.253,1.82394,1.82419,1.00,1.00
2018.03.21 13:10:59.305,1.82391,1.82418,1.00,1.00
2018.03.21 13:10:59.358,1.8239,1.8242,1.50,1.00
2018.03.21 13:10:59.512,1.8239,1.82418,1.00,1.00
2018.03.21 13:10:59.855,1.82387,1.82416,1.50,1.00
2018.03.21 13:11:00.158,1.82385,1.82416,2.25,1.00
2018.03.21 13:11:00.209,1.82388,1.82415,1.00,1.00
2018.03.21 13:11:00.310,1.82385,1.82415,1.50,1.00
2018.03.21 13:11:00.602,1.82388,1.82416,1.00,1.00
2018.03.21 13:11:00.909,1.8239,1.82416,1.00,1.00
2018.03.21 13:11:01.478,1.82387,1.82416,1.00,1.00
2018.03.21 13:11:01.814,1.82391,1.82417,1.00,1.00
2018.03.21 13:11:01.966,1.82396,1.82423,1.00,1.00
2018.03.21 13:11:02.017,1.82394,1.82421,1.00,1.00
2018.03.21 13:11:02.068,1.82395,1.82424,1.00,1.00
2018.03.21 13:11:02.169,1.82394,1.82422,1.50,1.00
2018.03.21 13:11:02.270,1.82395,1.82425,1.00,1.00
2018.03.21 13:11:02.472,1.82394,1.82423,1.50,1.00
2018.03.21 13:11:02.812,1.82394,1.8242,1.00,1.00
2018.03.21 13:11:03.117,1.82389,1.82419,1.50,1.00
2018.03.21 13:11:03.647,1.8239,1.8242,1.00,1.00
2018.03.21 13:11:03.698,1.8239,1.82417,1.00,1.00
2018.03.21 13:11:04.247,1.82388,1.82416,1.00,1.00
2018.03.21 13:11:04.298,1.82382,1.82413,2.25,1.00
2018.03.21 13:11:04.554,1.82379,1.82409,1.00,1.00
2018.03.21 13:11:05.055,1.82378,1.82406,1.00,1.00
2018.03.21 13:11:05.598,1.82377,1.82406,1.50,1.00
2018.03.21 13:11:05.649,1.82382,1.82413,1.00,1.50
2018.03.21 13:11:05.961,1.82383,1.82415,1.00,1.00
2018.03.21 13:11:06.738,1.82386,1.82415,1.00,1.00
2018.03.21 13:11:07.042,1.82386,1.82417,1.00,1.00
2018.03.21 13:11:07.093,1.82382,1.82412,1.00,1.00
2018.03.21 13:11:07.399,1.8238,1.82401,1.00,1.00
2018.03.21 13:11:07.703,1.82371,1.82398,1.00,1.00
2018.03.21 13:11:07.855,1.82371,1.82396,1.00,1.00
2018.03.21 13:11:08.357,1.82366,1.82392,1.00,1.00
2018.03.21 13:11:08.560,1.82361,1.82392,1.50,1.00
2018.03.21 13:11:08.713,1.82359,1.82392,1.50,1.00
2018.03.21 13:11:08.866,1.82358,1.8239,2.25,1.00
2018.03.21 13:11:09.175,1.82358,1.82387,1.50,1.00
2018.03.21 13:11:09.688,1.82358,1.82386,1.00,1.00
2018.03.21 13:11:10.242,1.82359,1.82386,1.00,1.00
2018.03.21 13:11:10.826,1.82355,1.82386,1.50,1.00
2018.03.21 13:11:10.878,1.82359,1.82386,1.00,1.00
2018.03.21 13:11:12.196,1.82358,1.8239,1.00,1.50
2018.03.21 13:11:12.319,1.8236,1.8239,1.50,1.00
2018.03.21 13:11:12.625,1.82362,1.8239,1.50,1.00
2018.03.21 13:11:12.829,1.82362,1.82393,1.00,1.00
2018.03.21 13:11:12.982,1.82362,1.82391,1.00,1.00
2018.03.21 13:11:13.211,1.82362,1.82393,1.00,1.00
2018.03.21 13:11:13.313,1.82365,1.82395,1.00,1.00
2018.03.21 13:11:13.414,1.82368,1.82399,1.00,1.00
2018.03.21 13:11:13.939,1.82367,1.82399,1.00,1.00
2018.03.21 13:11:14.041,1.82369,1.824,1.00,1.00
2018.03.21 13:11:14.381,1.82374,1.82402,1.00,1.00
2018.03.21 13:11:14.433,1.82374,1.82404,1.00,1.00
2018.03.21 13:11:14.687,1.82378,1.82404,1.00,1.00
2018.03.21 13:11:14.739,1.82375,1.82407,1.09,1.00
2018.03.21 13:11:14.958,1.8238,1.82409,1.00,3.00
2018.03.21 13:11:15.162,1.82377,1.82408,1.00,1.00
2018.03.21 13:11:15.215,1.82376,1.82404,1.00,1.00
2018.03.21 13:11:15.642,1.82376,1.82402,1.00,1.00
2018.03.21 13:11:16.148,1.82376,1.82401,1.00,1.00
2018.03.21 13:11:16.544,1.82372,1.824,1.00,1.00
2018.03.21 13:11:16.749,1.82372,1.82398,1.00,1.00
2018.03.21 13:11:17.279,1.82372,1.82399,1.00,1.00
2018.03.21 13:11:17.591,1.8237,1.82399,1.00,1.00
2018.03.21 13:11:18.532,1.82366,1.82398,1.50,1.00
2018.03.21 13:11:18.582,1.8237,1.82399,1.00,1.00
2018.03.21 13:11:18.786,1.82372,1.82402,1.00,1.50
2018.03.21 13:11:19.299,1.82373,1.82401,1.00,1.00
2018.03.21 13:11:19.502,1.82371,1.82401,1.00,1.00
2018.03.21 13:11:19.553,1.82375,1.82401,1.00,1.00
2018.03.21 13:11:19.605,1.82375,1.82405,1.00,1.00
2018.03.21 13:11:20.101,1.82375,1.82403,1.00,1.00
2018.03.21 13:11:20.613,1.82375,1.82402,1.00,1.00
2018.03.21 13:11:21.106,1.8237,1.82399,1.50,1.00
2018.03.21 13:11:21.157,1.82365,1.82399,1.50,1.00
2018.03.21 13:11:21.822,1.82365,1.82398,1.50,1.00
2018.03.21 13:11:22.285,1.82378,1.82403,1.50,1.00
2018.03.21 13:11:22.336,1.82379,1.82407,1.00,1.00
2018.03.21 13:11:22.388,1.82379,1.82412,1.00,1.37
2018.03.21 13:11:22.439,1.82379,1.82412,1.00,1.00
2018.03.21 13:11:22.680,1.82381,1.82412,1.00,1.00
2018.03.21 13:11:22.731,1.82379,1.82412,1.00,1.00
2018.03.21 13:11:22.936,1.82381,1.82412,1.00,1.00
2018.03.21 13:11:23.525,1.82379,1.82412,1.50,1.56
2018.03.21 13:11:23.576,1.82379,1.82412,1.00,1.25
2018.03.21 13:11:23.678,1.82378,1.82407,1.00,1.00
2018.03.21 13:11:23.729,1.82376,1.82407,1.00,1.00
2018.03.21 13:11:23.831,1.82378,1.8241,1.00,1.00
2018.03.21 13:11:24.036,1.82378,1.82408,1.00,1.00
2018.03.21 13:11:24.159,1.82376,1.82408,1.00,1.50
2018.03.21 13:11:24.398,1.82378,1.82408,1.00,1.00
2018.03.21 13:11:24.923,1.82379,1.82407,1.00,1.00
2018.03.21 13:11:25.178,1.82376,1.82407,1.00,1.00
2018.03.21 13:11:25.467,1.82378,1.82407,1.00,1.00
2018.03.21 13:11:27.655,1.82379,1.82408,1.00,1.00
2018.03.21 13:11:27.757,1.82376,1.82407,1.00,1.50
2018.03.21 13:11:27.808,1.82374,1.82406,1.00,1.00
2018.03.21 13:11:28.027,1.82377,1.82406,1.00,1.00
2018.03.21 13:11:28.079,1.82374,1.82406,1.00,1.00
2018.03.21 13:11:28.130,1.82377,1.82406,1.00,1.00
2018.03.21 13:11:28.459,1.82379,1.82408,1.00,1.00
2018.03.21 13:11:28.867,1.82381,1.82411,1.50,1.50
2018.03.21 13:11:29.257,1.82383,1.82413,1.00,1.50
2018.03.21 13:11:29.713,1.82386,1.82413,1.00,1.00
2018.03.21 13:11:31.186,1.82385,1.82413,1.00,1.00
2018.03.21 13:11:31.717,1.82384,1.82413,1.00,1.00
2018.03.21 13:11:31.819,1.82378,1.82408,1.00,1.00
2018.03.21 13:11:31.871,1.82376,1.82402,1.00,1.00
2018.03.21 13:11:32.198,1.82372,1.82398,1.00,1.00
2018.03.21 13:11:32.757,1.82372,1.82401,1.00,1.50
2018.03.21 13:11:33.442,1.82373,1.82401,1.00,1.50
2018.03.21 13:11:33.802,1.82375,1.82405,1.00,2.25
2018.03.21 13:11:34.144,1.82377,1.82404,1.00,1.00
2018.03.21 13:11:34.575,1.82376,1.82402,1.00,1.00
2018.03.21 13:11:34.678,1.82365,1.82392,1.00,1.50
2018.03.21 13:11:34.729,1.82363,1.82389,1.00,1.00
2018.03.21 13:11:34.831,1.8236,1.82388,1.00,1.00
2018.03.21 13:11:34.882,1.82354,1.82382,2.25,1.00
2018.03.21 13:11:35.177,1.82359,1.82388,1.00,1.00
2018.03.21 13:11:35.228,1.82358,1.82384,1.00,1.00
2018.03.21 13:11:35.481,1.82365,1.82393,1.00,1.00
2018.03.21 13:11:35.532,1.8237,1.82393,1.00,1.00
2018.03.21 13:11:35.583,1.8237,1.82396,2.25,2.62
2018.03.21 13:11:35.735,1.8237,1.82394,1.00,2.25
2018.03.21 13:11:35.785,1.82368,1.82394,1.00,2.25
2018.03.21 13:11:36.121,1.82366,1.82394,2.25,1.00
2018.03.21 13:11:36.403,1.82366,1.82391,2.25,1.00
2018.03.21 13:11:36.639,1.82366,1.82394,2.25,1.50
2018.03.21 13:11:38.553,1.82367,1.82395,1.00,1.00
2018.03.21 13:11:39.088,1.82366,1.82394,1.50,1.00
2018.03.21 13:11:39.912,1.82368,1.82397,1.00,1.00
2018.03.21 13:11:40.064,1.82371,1.82398,1.00,1.00
2018.03.21 13:11:40.587,1.82371,1.82399,1.50,1.00
2018.03.21 13:11:41.120,1.82371,1.82398,1.00,1.00
2018.03.21 13:11:41.911,1.82371,1.82399,1.00,1.00
2018.03.21 13:11:42.786,1.8237,1.82399,2.25,1.00
2018.03.21 13:11:43.136,1.8237,1.82396,1.00,1.00
2018.03.21 13:11:43.187,1.82367,1.82399,1.50,1.00
2018.03.21 13:11:45.522,1.82369,1.82399,1.00,1.00
2018.03.21 13:11:45.846,1.82369,1.82397,1.00,1.00
2018.03.21 13:11:46.380,1.82369,1.82396,1.00,1.00
2018.03.21 13:11:46.498,1.82369,1.824,1.00,1.00
2018.03.21 13:11:46.550,1.82371,1.824,1.00,1.00
2018.03.21 13:11:47.099,1.82373,1.824,1.00,1.00
2018.03.21 13:11:47.991,1.82373,1.82401,1.00,1.00
2018.03.21 13:11:48.963,1.82373,1.824,1.00,1.00
2018.03.21 13:11:54.805,1.82373,1.82399,1.00,1.00
2018.03.21 13:11:56.391,1.82365,1.82393,1.00,1.00
2018.03.21 13:11:56.443,1.82372,1.82393,1.00,1.00
2018.03.21 13:11:56.494,1.82371,1.82398,1.50,1.00
2018.03.21 13:11:56.545,1.82371,1.82401,1.50,1.00
2018.03.21 13:11:56.647,1.82371,1.82399,1.50,1.00
2018.03.21 13:11:56.974,1.82373,1.82399,1.00,1.00
2018.03.21 13:11:57.520,1.82373,1.82401,1.00,1.00
2018.03.21 13:11:58.050,1.82373,1.824,1.00,1.00
2018.03.21 13:11:58.244,1.82375,1.82404,1.00,1.00
2018.03.21 13:11:58.594,1.82373,1.824,1.00,1.00
2018.03.21 13:11:58.798,1.8237,1.82399,1.00,1.00
2018.03.21 13:11:58.849,1.8237,1.82396,1.50,1.00
2018.03.21 13:11:58.901,1.8237,1.82399,1.50,1.00
2018.03.21 13:12:00.326,1.8237,1.82398,1.50,1.00
2018.03.21 13:12:00.377,1.8237,1.82396,1.50,1.00
2018.03.21 13:12:00.479,1.82367,1.82396,1.69,1.00
2018.03.21 13:12:00.994,1.82367,1.82395,1.00,1.00
2018.03.21 13:12:05.793,1.82367,1.82396,1.25,1.00
2018.03.21 13:12:07.060,1.82367,1.82397,1.00,1.00
2018.03.21 13:12:08.873,1.82366,1.82397,3.19,1.00
2018.03.21 13:12:10.987,1.82369,1.82397,1.00,1.00
2018.03.21 13:12:11.292,1.82367,1.82393,1.00,1.00
2018.03.21 13:12:11.437,1.82367,1.82395,1.00,1.00
2018.03.21 13:12:13.638,1.82369,1.82395,1.00,1.00
2018.03.21 13:12:14.502,1.82369,1.82393,1.00,1.00
2018.03.21 13:12:15.509,1.82365,1.82393,1.00,1.00
2018.03.21 13:12:15.876,1.8236,1.82393,3.75,1.00
2018.03.21 13:12:15.928,1.8236,1.82389,1.00,1.00
2018.03.21 13:12:16.304,1.82361,1.82387,1.00,1.00
2018.03.21 13:12:16.806,1.82359,1.82386,1.19,1.00
2018.03.21 13:12:17.343,1.82361,1.8239,1.25,1.00
2018.03.21 13:12:17.395,1.82366,1.82393,1.00,1.00
2018.03.21 13:12:17.701,1.82367,1.82395,1.00,1.00
2018.03.21 13:12:17.752,1.82367,1.82391,1.00,1.00
2018.03.21 13:12:17.854,1.82367,1.82394,1.00,1.00
2018.03.21 13:12:18.274,1.82365,1.82396,1.00,1.00
2018.03.21 13:12:18.478,1.82365,1.82394,1.00,1.00
2018.03.21 13:12:21.553,1.82366,1.82394,1.00,1.00
2018.03.21 13:12:21.655,1.82365,1.82397,1.00,1.00
2018.03.21 13:12:22.211,1.82365,1.82398,1.00,1.00
2018.03.21 13:12:22.720,1.82369,1.82398,1.00,1.00
2018.03.21 13:12:23.264,1.82368,1.82399,1.00,1.00
2018.03.21 13:12:23.580,1.82371,1.824,1.00,1.00
2018.03.21 13:12:24.081,1.82371,1.82399,1.00,1.00
2018.03.21 13:12:24.583,1.82371,1.824,1.00,1.00
2018.03.21 13:12:24.793,1.82371,1.82403,1.00,1.00
2018.03.21 13:12:24.997,1.82371,1.82405,1.00,1.50
2018.03.21 13:12:25.049,1.82374,1.82406,1.00,1.00
2018.03.21 13:12:25.359,1.82379,1.82407,1.00,1.00
2018.03.21 13:12:25.774,1.82379,1.82409,1.00,1.00
2018.03.21 13:12:26.310,1.82384,1.8241,1.00,1.00
2018.03.21 13:12:26.361,1.82388,1.82418,1.00,1.00
2018.03.21 13:12:26.413,1.82392,1.82419,1.00,1.00
2018.03.21 13:12:27.019,1.82391,1.82419,1.00,1.00
2018.03.21 13:12:27.537,1.82392,1.82419,1.00,1.00
2018.03.21 13:12:27.589,1.82388,1.82419,1.00,1.00
2018.03.21 13:12:27.691,1.82385,1.82419,3.75,1.00
2018.03.21 13:12:27.795,1.82385,1.82416,3.00,1.00
2018.03.21 13:12:28.202,1.82387,1.82415,1.00,1.00
2018.03.21 13:12:28.550,1.8239,1.82416,1.00,1.00
2018.03.21 13:12:29.828,1.8239,1.82415,1.00,1.00
2018.03.21 13:12:31.675,1.82385,1.82407,1.50,1.00
2018.03.21 13:12:31.777,1.82381,1.82408,1.00,1.00
2018.03.21 13:12:31.828,1.82383,1.82408,1.00,1.00
2018.03.21 13:12:32.349,1.82382,1.82408,1.00,1.00
2018.03.21 13:12:32.865,1.82383,1.82408,1.00,1.00
2018.03.21 13:12:33.174,1.82385,1.82411,1.00,1.00
2018.03.21 13:12:33.225,1.82385,1.82414,1.00,1.00
2018.03.21 13:12:33.279,1.82383,1.82412,1.00,1.00
2018.03.21 13:12:33.584,1.82386,1.82414,2.25,1.00
2018.03.21 13:12:34.115,1.82389,1.82415,1.00,1.00
2018.03.21 13:12:34.622,1.8239,1.82415,1.00,1.00
2018.03.21 13:12:35.131,1.82391,1.82415,1.00,1.00
2018.03.21 13:12:36.046,1.8239,1.82415,1.50,1.00
2018.03.21 13:12:36.199,1.8239,1.82418,1.50,1.00
2018.03.21 13:12:36.250,1.82398,1.82418,1.50,1.00
2018.03.21 13:12:36.478,1.82398,1.82423,1.50,1.00
2018.03.21 13:12:38.112,1.82398,1.82424,1.00,1.00
2018.03.21 13:12:38.214,1.82398,1.82427,1.50,1.00
2018.03.21 13:12:38.505,1.82398,1.82425,1.00,1.00
2018.03.21 13:12:39.030,1.82401,1.82425,2.25,1.00
2018.03.21 13:12:39.132,1.82405,1.82431,1.00,1.00
2018.03.21 13:12:39.183,1.82405,1.82429,1.00,1.00
2018.03.21 13:12:39.234,1.82405,1.82431,1.00,1.00
2018.03.21 13:12:40.245,1.82406,1.82431,1.50,1.00
2018.03.21 13:12:40.296,1.82408,1.82434,1.25,1.00
2018.03.21 13:12:40.347,1.82412,1.82434,1.12,1.00
2018.03.21 13:12:40.458,1.82414,1.82441,1.00,1.00
2018.03.21 13:12:40.509,1.82418,1.82442,1.00,1.00
2018.03.21 13:12:40.560,1.82418,1.82444,1.00,1.00
2018.03.21 13:12:40.864,1.82416,1.82444,1.00,1.00
2018.03.21 13:12:41.383,1.82417,1.82445,1.00,1.00
2018.03.21 13:12:41.885,1.82416,1.82444,1.69,1.00
2018.03.21 13:12:42.303,1.82416,1.82441,1.00,1.00
2018.03.21 13:12:42.690,1.82416,1.82443,1.00,1.00
2018.03.21 13:12:44.186,1.82414,1.82443,1.00,1.00
2018.03.21 13:12:45.725,1.82414,1.8244,1.00,1.00
2018.03.21 13:12:46.958,1.82415,1.82442,1.00,1.00
2018.03.21 13:12:48.208,1.82413,1.82441,1.00,1.00
2018.03.21 13:12:48.716,1.82412,1.8244,1.00,1.00
2018.03.21 13:12:49.452,1.82412,1.82438,1.00,1.00
2018.03.21 13:12:56.673,1.82416,1.82439,1.00,1.00
2018.03.21 13:12:57.357,1.82416,1.82442,1.00,1.00
2018.03.21 13:12:57.925,1.82415,1.82442,1.00,1.00
2018.03.21 13:12:58.286,1.82416,1.82439,1.00,1.00
2018.03.21 13:12:58.722,1.82423,1.82439,1.00,1.00
2018.03.21 13:12:58.824,1.82423,1.82443,1.50,1.00
2018.03.21 13:12:58.875,1.82425,1.82451,1.00,1.00
2018.03.21 13:12:58.926,1.82423,1.82448,1.50,1.00
2018.03.21 13:12:59.079,1.82424,1.82452,1.00,1.00
2018.03.21 13:12:59.608,1.82434,1.82459,1.00,1.00
2018.03.21 13:12:59.658,1.82434,1.82463,1.50,1.00
2018.03.21 13:12:59.760,1.82436,1.82465,1.00,1.00
2018.03.21 13:13:00.080,1.82436,1.82462,1.00,1.00
2018.03.21 13:13:00.587,1.82435,1.82463,1.50,1.00
2018.03.21 13:13:00.892,1.82435,1.82461,1.50,1.00
2018.03.21 13:13:01.041,1.82438,1.82466,1.00,1.00
2018.03.21 13:13:01.194,1.8244,1.82466,1.00,1.00
2018.03.21 13:13:01.296,1.82442,1.82469,1.00,1.00
2018.03.21 13:13:01.518,1.82443,1.82471,1.00,1.00
2018.03.21 13:13:02.037,1.82442,1.82468,1.00,1.00
2018.03.21 13:13:02.207,1.82444,1.82472,1.00,1.00
2018.03.21 13:13:02.460,1.82447,1.82473,1.00,1.00
2018.03.21 13:13:02.965,1.82446,1.82473,1.00,1.00
2018.03.21 13:13:03.497,1.82447,1.82473,1.00,1.00
2018.03.21 13:13:04.111,1.82447,1.82471,1.00,1.00
2018.03.21 13:13:04.607,1.82445,1.82471,1.50,1.00
2018.03.21 13:13:05.215,1.82444,1.8247,1.00,1.00
2018.03.21 13:13:06.358,1.82449,1.8247,1.00,1.00
2018.03.21 13:13:06.409,1.8245,1.82472,1.00,1.00
2018.03.21 13:13:06.461,1.82452,1.8248,1.00,1.00
2018.03.21 13:13:06.902,1.82451,1.82477,1.50,1.00
2018.03.21 13:13:07.123,1.82438,1.82466,1.00,1.00
2018.03.21 13:13:07.225,1.8244,1.82466,1.00,1.00
2018.03.21 13:13:07.275,1.82441,1.82469,1.00,1.00
2018.03.21 13:13:07.821,1.8244,1.82468,1.00,1.00
2018.03.21 13:13:08.278,1.82442,1.8247,1.00,1.00
2018.03.21 13:13:08.827,1.82441,1.82469,1.50,1.00
2018.03.21 13:13:09.377,1.82442,1.8247,1.00,1.00
2018.03.21 13:13:10.074,1.82443,1.82472,1.00,1.00
2018.03.21 13:13:10.177,1.82445,1.82473,1.00,1.00
2018.03.21 13:13:10.526,1.82449,1.82477,1.00,1.00
2018.03.21 13:13:10.628,1.8245,1.82479,1.00,1.00
2018.03.21 13:13:10.729,1.82449,1.82477,1.00,1.00
2018.03.21 13:13:11.902,1.8244,1.82467,1.00,1.00
2018.03.21 13:13:12.004,1.82436,1.82465,1.00,1.00
2018.03.21 13:13:12.055,1.82434,1.82462,1.00,1.00
2018.03.21 13:13:12.377,1.82431,1.82459,1.50,1.00
2018.03.21 13:13:12.777,1.82436,1.82463,1.00,1.00
2018.03.21 13:13:13.104,1.82438,1.82464,1.00,1.00
2018.03.21 13:13:13.156,1.82438,1.82466,1.00,1.00
2018.03.21 13:13:13.258,1.82442,1.82468,1.00,1.00
2018.03.21 13:13:13.360,1.82444,1.82472,1.00,1.00
2018.03.21 13:13:13.555,1.82442,1.82471,1.00,1.00
2018.03.21 13:13:14.229,1.82441,1.82469,1.00,1.00
2018.03.21 13:13:14.595,1.82439,1.82467,1.00,1.00
2018.03.21 13:13:15.595,1.8244,1.82468,1.50,1.00
2018.03.21 13:13:15.697,1.82446,1.82475,1.00,1.00
2018.03.21 13:13:15.799,1.82448,1.82476,1.00,1.00
2018.03.21 13:13:17.491,1.82449,1.82478,1.00,1.00
2018.03.21 13:13:20.188,1.82451,1.82479,1.00,1.00
2018.03.21 13:13:20.495,1.82456,1.82484,1.00,1.00
2018.03.21 13:13:20.800,1.82458,1.82486,1.00,1.00
2018.03.21 13:13:21.204,1.82455,1.82484,1.00,1.00
2018.03.21 13:13:21.255,1.82453,1.82481,1.00,1.00
2018.03.21 13:13:21.592,1.82452,1.82479,1.00,1.00
2018.03.21 13:13:21.898,1.82448,1.82477,1.00,1.00
2018.03.21 13:13:22.052,1.8245,1.82478,1.00,1.00
2018.03.21 13:13:22.406,1.82449,1.82476,1.00,1.00
2018.03.21 13:13:22.732,1.82447,1.82473,1.00,1.00
2018.03.21 13:13:23.279,1.82446,1.82474,1.00,1.00
2018.03.21 13:13:23.600,1.8245,1.82478,1.50,1.00
2018.03.21 13:13:23.907,1.82455,1.82482,1.00,1.00
2018.03.21 13:13:23.958,1.82452,1.82483,1.00,1.00
2018.03.21 13:13:24.010,1.82451,1.82481,1.00,1.00
2018.03.21 13:13:25.368,1.8245,1.82481,2.25,1.00
2018.03.21 13:13:25.689,1.82455,1.82483,1.00,1.00
2018.03.21 13:13:25.842,1.82451,1.82482,2.25,1.00
2018.03.21 13:13:25.944,1.82453,1.82484,1.50,1.00
2018.03.21 13:13:26.124,1.82451,1.82483,1.00,1.00
2018.03.21 13:13:26.738,1.8245,1.8248,1.50,1.00
2018.03.21 13:13:26.891,1.82447,1.82478,1.00,1.00
2018.03.21 13:13:27.462,1.82446,1.82478,3.00,1.00
2018.03.21 13:13:28.422,1.82446,1.82473,1.50,1.00
2018.03.21 13:13:28.473,1.8244,1.8247,1.87,1.00
2018.03.21 13:13:28.524,1.8244,1.82468,1.50,1.00
2018.03.21 13:13:28.575,1.82437,1.82468,1.00,1.00
2018.03.21 13:13:28.836,1.82437,1.82466,1.00,1.00
2018.03.21 13:13:29.819,1.82438,1.82467,1.00,1.00
2018.03.21 13:13:29.921,1.82444,1.82475,1.00,1.00
2018.03.21 13:13:29.973,1.82445,1.82477,1.00,1.00
2018.03.21 13:13:30.024,1.82447,1.8248,1.00,2.25
2018.03.21 13:13:30.176,1.82447,1.82478,1.00,1.00
2018.03.21 13:13:30.762,1.82448,1.82477,1.00,1.00
2018.03.21 13:13:31.321,1.82447,1.82477,2.25,1.00
2018.03.21 13:13:32.178,1.82448,1.8247,1.00,1.00
2018.03.21 13:13:32.231,1.82439,1.82465,1.00,1.00
2018.03.21 13:13:32.333,1.82436,1.82465,1.00,1.00
2018.03.21 13:13:32.434,1.82434,1.82466,2.25,1.00
2018.03.21 13:13:32.485,1.82441,1.82467,1.00,1.00
2018.03.21 13:13:33.024,1.82441,1.82466,1.00,1.00
2018.03.21 13:13:33.171,1.82435,1.82466,1.00,1.00
2018.03.21 13:13:33.373,1.82434,1.82459,1.00,1.00
2018.03.21 13:13:33.476,1.8243,1.82457,1.00,1.00
2018.03.21 13:13:33.527,1.82424,1.82454,1.50,1.00
2018.03.21 13:13:34.043,1.82424,1.82452,1.00,1.00
2018.03.21 13:13:34.574,1.82424,1.82453,1.00,1.00
2018.03.21 13:13:35.075,1.82425,1.82453,1.00,1.00
2018.03.21 13:13:35.411,1.82424,1.82451,1.00,1.00
2018.03.21 13:13:35.620,1.82413,1.82442,1.50,1.00
2018.03.21 13:13:36.239,1.82413,1.82441,1.50,1.00
2018.03.21 13:13:36.340,1.82411,1.8244,1.00,1.00
2018.03.21 13:13:36.442,1.82412,1.82442,1.00,1.00
2018.03.21 13:13:36.626,1.82414,1.82443,1.00,1.00
2018.03.21 13:13:36.678,1.82417,1.82447,1.00,1.00
2018.03.21 13:13:36.989,1.82419,1.82448,1.00,1.00
2018.03.21 13:13:37.244,1.82422,1.82452,1.00,1.00
2018.03.21 13:13:37.859,1.82429,1.82456,1.00,2.25
2018.03.21 13:13:37.963,1.82433,1.82462,1.00,1.00
2018.03.21 13:13:38.432,1.8243,1.8246,1.50,1.00
2018.03.21 13:13:38.484,1.82429,1.82458,1.00,1.00
2018.03.21 13:13:38.690,1.82434,1.82464,1.00,1.00
2018.03.21 13:13:38.792,1.82434,1.82462,1.00,1.00
2018.03.21 13:13:38.931,1.82435,1.82464,1.00,1.00
2018.03.21 13:13:43.194,1.82436,1.82465,1.00,1.00
2018.03.21 13:13:43.302,1.82434,1.82464,1.00,1.00
2018.03.21 13:13:43.614,1.82432,1.82461,1.00,1.00
2018.03.21 13:13:43.716,1.8243,1.8246,1.00,1.00
2018.03.21 13:13:43.819,1.82433,1.8246,1.00,1.00
2018.03.21 13:13:44.022,1.82433,1.82462,1.00,1.00
2018.03.21 13:13:45.549,1.82434,1.82462,1.00,1.00
2018.03.21 13:13:45.600,1.82436,1.82462,1.00,1.00
2018.03.21 13:13:46.516,1.82437,1.82462,1.00,1.00
2018.03.21 13:13:46.800,1.82437,1.82466,1.00,1.00
2018.03.21 13:13:47.409,1.82436,1.82467,1.00,1.50
2018.03.21 13:13:48.370,1.82435,1.82466,1.00,1.00
2018.03.21 13:13:48.879,1.82436,1.82467,1.00,1.50
2018.03.21 13:13:48.930,1.82438,1.82467,1.00,1.00
2018.03.21 13:13:49.431,1.82438,1.82468,1.00,1.00
2018.03.21 13:13:50.050,1.82437,1.82467,1.00,1.00
2018.03.21 13:13:50.932,1.82441,1.82473,1.00,3.00
2018.03.21 13:13:50.983,1.82443,1.82473,1.00,1.00
2018.03.21 13:13:51.564,1.82443,1.82474,1.00,1.00
2018.03.21 13:13:52.158,1.82444,1.82473,1.00,1.00
2018.03.21 13:13:53.766,1.82445,1.82475,1.00,1.00
2018.03.21 13:13:53.817,1.82443,1.82474,1.00,1.00
2018.03.21 13:13:53.974,1.82442,1.82472,1.00,1.00
2018.03.21 13:13:54.229,1.8244,1.82473,2.25,1.00
2018.03.21 13:13:55.235,1.82443,1.82473,1.00,1.00
2018.03.21 13:13:55.419,1.82442,1.82475,1.00,1.00
2018.03.21 13:13:55.520,1.82441,1.82473,1.50,1.00
2018.03.21 13:13:56.970,1.82442,1.82475,1.00,1.00
2018.03.21 13:13:57.522,1.82442,1.82476,1.00,1.50
2018.03.21 13:13:57.579,1.82442,1.82472,1.00,1.00
2018.03.21 13:13:57.898,1.82438,1.82472,1.00,1.50
2018.03.21 13:13:58.050,1.8244,1.82472,1.00,1.00
2018.03.21 13:13:58.613,1.82441,1.82473,1.00,1.50
2018.03.21 13:13:58.918,1.82443,1.82472,1.00,1.00
2018.03.21 13:13:59.121,1.82445,1.82477,1.00,1.50
2018.03.21 13:13:59.635,1.82447,1.82479,1.50,1.00
2018.03.21 13:13:59.686,1.82449,1.82482,1.00,2.25
2018.03.21 13:13:59.889,1.82449,1.8248,1.50,1.00
2018.03.21 13:13:59.991,1.8245,1.82483,1.00,1.00
2018.03.21 13:14:00.558,1.8245,1.82482,1.00,1.00
2018.03.21 13:14:01.324,1.82452,1.82481,1.00,1.00
2018.03.21 13:14:01.844,1.82451,1.82479,1.00,1.00
2018.03.21 13:14:03.924,1.8245,1.82478,1.00,1.00
2018.03.21 13:14:04.258,1.82449,1.82476,1.00,1.00
2018.03.21 13:14:05.121,1.82446,1.82474,1.00,1.00
2018.03.21 13:14:05.223,1.82451,1.82477,1.00,1.00
2018.03.21 13:14:05.326,1.82452,1.82481,1.00,1.00
2018.03.21 13:14:05.377,1.82452,1.82477,1.50,1.00
2018.03.21 13:14:05.480,1.82444,1.8247,1.50,1.00
2018.03.21 13:14:05.786,1.82447,1.8247,1.00,1.00
2018.03.21 13:14:05.910,1.82444,1.8247,1.00,1.00
2018.03.21 13:14:06.425,1.82443,1.82469,1.00,1.00
2018.03.21 13:14:06.941,1.82444,1.8247,1.00,1.00
2018.03.21 13:14:07.691,1.82446,1.82474,1.00,1.00
2018.03.21 13:14:10.109,1.82449,1.82478,1.00,1.00
2018.03.21 13:14:10.414,1.82446,1.82474,1.00,1.00
2018.03.21 13:14:10.738,1.82444,1.82472,1.00,1.00
2018.03.21 13:14:11.052,1.82448,1.82476,1.00,1.00
2018.03.21 13:14:11.218,1.82449,1.82478,1.00,1.00
2018.03.21 13:14:12.541,1.82447,1.82475,1.00,1.00
2018.03.21 13:14:13.431,1.82446,1.82474,1.00,1.00
2018.03.21 13:14:13.829,1.82446,1.82472,1.00,1.00
2018.03.21 13:14:14.134,1.82446,1.82474,1.00,1.00
2018.03.21 13:14:14.663,1.82447,1.82474,1.00,1.00
2018.03.21 13:14:15.195,1.82446,1.82474,1.00,1.00
2018.03.21 13:14:15.703,1.82444,1.82472,1.00,1.00
2018.03.21 13:14:16.335,1.82442,1.82469,1.00,1.00
2018.03.21 13:14:17.264,1.8244,1.82468,1.00,1.00
2018.03.21 13:14:17.493,1.82441,1.8247,1.00,1.00
2018.03.21 13:14:18.409,1.82441,1.82467,1.00,1.00
2018.03.21 13:14:18.613,1.82438,1.82465,1.00,1.00
2018.03.21 13:14:18.715,1.82437,1.82463,1.00,1.00
2018.03.21 13:14:19.382,1.82436,1.82463,1.00,1.00
2018.03.21 13:14:19.653,1.8244,1.82468,1.00,1.00
2018.03.21 13:14:19.704,1.82438,1.82467,1.00,1.00
2018.03.21 13:14:19.755,1.82437,1.82465,1.00,1.00
2018.03.21 13:14:20.402,1.82438,1.82464,1.00,1.00
2018.03.21 13:14:20.707,1.82438,1.82462,1.00,1.50
2018.03.21 13:14:20.758,1.82434,1.82459,1.12,1.00
2018.03.21 13:14:21.272,1.82435,1.82461,1.00,1.00
2018.03.21 13:14:21.374,1.82435,1.82464,1.00,1.00
2018.03.21 13:14:21.476,1.82435,1.82461,1.00,1.00
2018.03.21 13:14:21.896,1.82438,1.82464,1.00,1.00
2018.03.21 13:14:22.240,1.82438,1.82467,1.00,1.00
2018.03.21 13:14:22.612,1.82437,1.82465,1.00,1.00
2018.03.21 13:14:24.866,1.82436,1.82464,1.00,1.00
2018.03.21 13:14:25.220,1.82438,1.82467,1.00,1.00
2018.03.21 13:14:25.519,1.8244,1.82468,1.00,1.00
2018.03.21 13:14:26.234,1.82438,1.82468,1.00,1.00
2018.03.21 13:14:26.456,1.82438,1.82466,1.00,1.50
2018.03.21 13:14:26.508,1.82433,1.82462,1.50,1.00
2018.03.21 13:14:26.560,1.82431,1.82462,1.50,1.00
2018.03.21 13:14:26.611,1.82433,1.82462,1.00,1.00
2018.03.21 13:14:26.931,1.82431,1.82462,1.50,1.00
2018.03.21 13:14:27.216,1.82433,1.82462,1.50,1.00
2018.03.21 13:14:27.560,1.82448,1.82475,1.00,1.00
2018.03.21 13:14:27.833,1.82446,1.82475,1.00,1.00
2018.03.21 13:14:28.904,1.82447,1.82474,1.00,1.00
2018.03.21 13:14:29.404,1.82447,1.82476,1.00,1.00
2018.03.21 13:14:29.812,1.82442,1.82469,1.50,1.00
2018.03.21 13:14:30.120,1.82439,1.82466,1.00,1.00
2018.03.21 13:14:30.171,1.82437,1.82465,1.00,1.00
2018.03.21 13:14:30.694,1.82436,1.82464,1.50,1.00
2018.03.21 13:14:31.468,1.82436,1.82462,1.00,1.00
2018.03.21 13:14:31.621,1.82436,1.82464,1.50,1.00
2018.03.21 13:14:31.944,1.82438,1.82467,1.00,1.00
2018.03.21 13:14:33.088,1.82434,1.82462,1.00,1.00
2018.03.21 13:14:33.813,1.82433,1.82462,1.00,1.00
2018.03.21 13:14:34.329,1.82434,1.82463,1.00,1.00
2018.03.21 13:14:34.644,1.82442,1.8247,1.00,1.00
2018.03.21 13:14:34.695,1.82443,1.82472,1.00,1.00
2018.03.21 13:14:34.951,1.82445,1.82474,1.00,1.00
2018.03.21 13:14:35.407,1.82443,1.82473,1.00,1.00
2018.03.21 13:14:35.458,1.82443,1.8247,1.00,1.00
2018.03.21 13:14:35.611,1.82444,1.82472,1.00,1.00
2018.03.21 13:14:35.904,1.82438,1.82466,1.50,1.00
2018.03.21 13:14:36.270,1.82438,1.82464,1.00,1.00
2018.03.21 13:14:36.569,1.82438,1.82466,1.00,1.00
2018.03.21 13:14:36.938,1.82438,1.82464,1.00,1.00
2018.03.21 13:14:37.241,1.82436,1.82464,1.00,1.00
2018.03.21 13:14:37.882,1.82436,1.8246,1.00,1.00
2018.03.21 13:14:38.187,1.82431,1.82454,1.00,1.00
2018.03.21 13:14:38.238,1.82429,1.82454,1.00,1.00
2018.03.21 13:14:38.340,1.82425,1.82453,1.50,1.00
2018.03.21 13:14:40.441,1.82423,1.82452,1.50,1.00
2018.03.21 13:14:43.288,1.82419,1.82447,1.00,1.00
2018.03.21 13:14:43.592,1.82422,1.82448,1.00,1.00
2018.03.21 13:14:43.821,1.82422,1.8245,1.00,1.00
2018.03.21 13:14:44.520,1.82422,1.82451,1.00,1.00
2018.03.21 13:14:44.673,1.82423,1.82453,1.50,1.00
2018.03.21 13:14:44.725,1.82425,1.82453,1.00,1.00
2018.03.21 13:14:45.051,1.82422,1.8245,1.50,1.00
2018.03.21 13:14:45.370,1.82418,1.82446,1.00,1.00
2018.03.21 13:14:45.905,1.82419,1.82447,1.00,1.00
2018.03.21 13:14:46.533,1.82416,1.82442,1.00,1.00
2018.03.21 13:14:46.583,1.82413,1.82441,1.00,1.00
2018.03.21 13:14:46.735,1.82417,1.82443,1.00,1.00
2018.03.21 13:14:46.837,1.8242,1.82448,1.00,1.00
2018.03.21 13:14:46.888,1.82422,1.82451,1.00,1.00
2018.03.21 13:14:47.348,1.82422,1.82447,1.00,1.00
2018.03.21 13:14:47.500,1.82406,1.82435,1.00,1.00
2018.03.21 13:14:47.752,1.82408,1.82438,1.00,1.00
2018.03.21 13:14:47.853,1.8241,1.82439,1.00,1.00
2018.03.21 13:14:48.159,1.82412,1.8244,1.00,1.00
2018.03.21 13:14:48.464,1.82415,1.82443,1.00,1.50
2018.03.21 13:14:48.515,1.82413,1.82442,1.00,1.00
2018.03.21 13:14:48.781,1.82416,1.82442,1.00,1.00
2018.03.21 13:14:50.419,1.82424,1.82447,1.00,1.50
2018.03.21 13:14:50.472,1.82432,1.8246,1.00,1.00
2018.03.21 13:14:50.776,1.8243,1.82459,1.00,1.00
2018.03.21 13:14:51.053,1.82432,1.82459,1.00,1.00
2018.03.21 13:14:51.204,1.82432,1.82461,1.00,1.00
2018.03.21 13:14:51.750,1.82433,1.82462,1.00,1.00
2018.03.21 13:14:52.521,1.82436,1.82465,1.00,1.50
2018.03.21 13:14:52.826,1.82443,1.82472,1.00,1.00
2018.03.21 13:14:53.210,1.82445,1.82472,1.00,1.00
2018.03.21 13:14:53.337,1.82449,1.82477,1.00,1.00
2018.03.21 13:14:53.439,1.82453,1.82478,1.00,1.00
2018.03.21 13:14:53.541,1.82453,1.82481,1.00,1.00
2018.03.21 13:14:53.897,1.82451,1.8248,1.00,1.00
2018.03.21 13:14:54.193,1.82454,1.8248,1.00,1.00
2018.03.21 13:14:54.507,1.82444,1.82471,1.00,1.00
2018.03.21 13:14:55.056,1.82444,1.8247,1.00,1.00
2018.03.21 13:14:55.612,1.82442,1.82471,1.00,1.50
2018.03.21 13:14:56.639,1.82442,1.82469,1.00,1.00
2018.03.21 13:14:56.690,1.8244,1.82468,1.00,1.00
2018.03.21 13:14:56.792,1.82437,1.82465,1.00,1.00
2018.03.21 13:14:57.128,1.82437,1.82463,1.00,1.00
2018.03.21 13:14:59.331,1.82434,1.82463,1.00,1.00
2018.03.21 13:14:59.959,1.82437,1.82463,1.00,1.00
2018.03.21 13:15:00.158,1.82435,1.82462,1.00,1.50
2018.03.21 13:15:00.210,1.82436,1.82464,1.00,1.00
2018.03.21 13:15:00.413,1.8244,1.82465,1.00,1.00
2018.03.21 13:15:00.516,1.82441,1.82469,1.00,1.87
2018.03.21 13:15:00.720,1.82439,1.82468,1.00,1.00
2018.03.21 13:15:01.164,1.82438,1.82466,1.00,1.00
2018.03.21 13:15:01.467,1.82435,1.82462,1.00,1.00
2018.03.21 13:15:01.518,1.82436,1.82464,1.00,1.00
2018.03.21 13:15:01.929,1.82435,1.82462,1.00,1.00
2018.03.21 13:15:02.135,1.82437,1.82465,1.00,1.00
2018.03.21 13:15:02.186,1.82443,1.82472,1.00,1.50
2018.03.21 13:15:02.287,1.82447,1.82473,1.00,1.00
2018.03.21 13:15:02.796,1.82446,1.82472,1.00,1.00
2018.03.21 13:15:03.300,1.82447,1.82473,1.00,1.00
2018.03.21 13:15:03.402,1.82445,1.82473,1.00,1.00
2018.03.21 13:15:04.691,1.82444,1.82472,1.00,1.50
2018.03.21 13:15:04.742,1.82443,1.8247,1.00,1.00
2018.03.21 13:15:04.844,1.82436,1.82464,3.00,1.00
2018.03.21 13:15:05.110,1.82435,1.82462,1.00,1.00
2018.03.21 13:15:06.165,1.82433,1.82461,1.00,1.00
2018.03.21 13:15:06.608,1.82434,1.82463,1.00,1.00
2018.03.21 13:15:10.083,1.82435,1.82463,1.00,1.00
2018.03.21 13:15:10.236,1.82433,1.82462,1.00,1.00
2018.03.21 13:15:10.745,1.82429,1.82458,1.00,1.00
2018.03.21 13:15:11.136,1.82431,1.82459,1.00,1.00
2018.03.21 13:15:11.441,1.82426,1.82454,1.00,1.00
2018.03.21 13:15:11.594,1.82424,1.82453,1.00,1.00
2018.03.21 13:15:11.646,1.82423,1.82451,1.00,1.00
2018.03.21 13:15:12.610,1.82422,1.8245,1.00,1.00
2018.03.21 13:15:12.941,1.8243,1.82456,1.00,1.00
2018.03.21 13:15:12.992,1.82428,1.82456,1.00,1.00
2018.03.21 13:15:13.255,1.8243,1.82456,1.00,1.00
2018.03.21 13:15:13.462,1.82427,1.82455,1.00,1.00
2018.03.21 13:15:14.061,1.82428,1.82456,1.00,1.00
2018.03.21 13:15:15.371,1.82427,1.82454,1.00,1.00
2018.03.21 13:15:15.421,1.82425,1.82454,1.00,1.50
2018.03.21 13:15:15.669,1.82425,1.82451,1.00,1.00
2018.03.21 13:15:16.441,1.82424,1.8245,1.00,1.00
2018.03.21 13:15:17.276,1.82421,1.82447,1.00,1.00
2018.03.21 13:15:18.163,1.82421,1.8245,1.00,1.50
2018.03.21 13:15:18.214,1.82424,1.8245,1.00,1.00
2018.03.21 13:15:18.642,1.82422,1.82451,1.00,1.50
2018.03.21 13:15:19.157,1.82423,1.82451,1.00,1.50
2018.03.21 13:15:21.622,1.82423,1.8245,1.00,1.00
2018.03.21 13:15:21.750,1.82426,1.82451,1.00,1.00
2018.03.21 13:15:21.953,1.82427,1.82454,1.00,1.00
2018.03.21 13:15:22.484,1.82428,1.82454,1.00,1.00
2018.03.21 13:15:22.987,1.82429,1.82454,1.00,1.00
2018.03.21 13:15:23.503,1.82428,1.82455,1.00,1.00
2018.03.21 13:15:24.092,1.82428,1.82454,1.00,1.00
2018.03.21 13:15:25.098,1.82426,1.82453,1.00,1.00
2018.03.21 13:15:25.199,1.82424,1.82452,1.00,1.00
2018.03.21 13:15:25.502,1.82425,1.8245,1.00,1.00
2018.03.21 13:15:26.011,1.82423,1.82451,1.00,1.00
2018.03.21 13:15:26.541,1.82424,1.82452,1.00,1.00
2018.03.21 13:15:27.438,1.82425,1.82454,1.00,1.00
2018.03.21 13:15:27.489,1.82424,1.8245,1.00,1.00
2018.03.21 13:15:28.217,1.82424,1.82452,1.00,1.00
2018.03.21 13:15:28.568,1.82426,1.82453,1.00,1.00
2018.03.21 13:15:28.619,1.82429,1.82458,1.00,3.75
2018.03.21 13:15:28.873,1.82428,1.82456,1.00,1.00
2018.03.21 13:15:29.358,1.8243,1.82457,1.00,1.00
2018.03.21 13:15:30.365,1.82433,1.82458,1.00,1.00
2018.03.21 13:15:30.415,1.82436,1.82463,1.00,2.25
2018.03.21 13:15:30.466,1.82434,1.82463,1.00,1.00
2018.03.21 13:15:30.517,1.82437,1.82463,1.00,1.00
2018.03.21 13:15:31.165,1.82441,1.82466,1.00,1.00
2018.03.21 13:15:31.267,1.82444,1.82471,1.00,1.00
2018.03.21 13:15:31.384,1.82444,1.82475,1.00,1.00
2018.03.21 13:15:32.093,1.82446,1.82475,1.00,1.00
2018.03.21 13:15:32.644,1.82446,1.82476,1.00,1.00
2018.03.21 13:15:33.463,1.82448,1.82478,1.00,1.00
2018.03.21 13:15:33.768,1.8245,1.82478,1.00,1.00
2018.03.21 13:15:34.440,1.82448,1.82477,1.00,1.00
2018.03.21 13:15:36.315,1.82448,1.82475,1.00,1.00
2018.03.21 13:15:36.468,1.82444,1.82473,1.00,1.00
2018.03.21 13:15:36.721,1.82446,1.82474,1.00,1.00
2018.03.21 13:15:37.051,1.82436,1.82461,1.00,1.00
2018.03.21 13:15:37.102,1.82434,1.82462,1.00,1.00
2018.03.21 13:15:37.203,1.82432,1.82462,1.50,1.00
2018.03.21 13:15:37.254,1.82436,1.82466,1.00,1.50
2018.03.21 13:15:37.558,1.82435,1.82463,1.00,1.00
2018.03.21 13:15:38.140,1.82433,1.82462,1.00,1.00
2018.03.21 13:15:38.641,1.82434,1.82463,1.00,1.00
2018.03.21 13:15:38.742,1.82437,1.82463,1.00,1.00
2018.03.21 13:15:38.996,1.82437,1.82465,1.00,1.50
2018.03.21 13:15:39.365,1.82436,1.82463,1.00,1.00
2018.03.21 13:15:39.854,1.82434,1.8246,1.00,1.00
2018.03.21 13:15:39.905,1.82425,1.82453,1.00,1.00
2018.03.21 13:15:39.957,1.82421,1.82449,2.25,1.00
2018.03.21 13:15:40.262,1.82419,1.82447,1.00,1.00
2018.03.21 13:15:40.789,1.8242,1.82448,1.00,1.00
2018.03.21 13:15:41.452,1.82421,1.82448,1.00,1.00
2018.03.21 13:15:42.032,1.8242,1.82448,1.00,1.50
2018.03.21 13:15:42.134,1.82418,1.82447,1.00,1.00
2018.03.21 13:15:42.236,1.8242,1.82448,1.00,1.00
2018.03.21 13:15:42.541,1.82417,1.82443,1.00,1.00
2018.03.21 13:15:42.697,1.82415,1.82442,1.00,1.00
2018.03.21 13:15:42.898,1.82417,1.82443,1.00,1.00
2018.03.21 13:15:42.999,1.82414,1.82442,1.00,1.00
2018.03.21 13:15:43.304,1.82414,1.8244,1.00,1.00
2018.03.21 13:15:44.799,1.8241,1.82439,1.00,1.00
2018.03.21 13:15:45.107,1.82409,1.82437,1.50,1.00
2018.03.21 13:15:45.461,1.82407,1.82434,1.00,1.00
2018.03.21 13:15:45.777,1.82404,1.82431,1.00,1.00
2018.03.21 13:15:45.828,1.82402,1.8243,1.00,1.00
2018.03.21 13:15:46.075,1.82401,1.82428,1.00,1.00
2018.03.21 13:15:46.583,1.82399,1.82427,1.00,1.00
2018.03.21 13:15:46.837,1.82399,1.82425,1.00,1.00
2018.03.21 13:15:46.940,1.824,1.82427,1.50,1.00
2018.03.21 13:15:47.042,1.82398,1.82426,1.00,1.00
2018.03.21 13:15:47.093,1.82396,1.82425,1.50,1.00
2018.03.21 13:15:47.290,1.82399,1.82428,1.00,1.00
2018.03.21 13:15:47.644,1.82401,1.82429,1.00,1.00
2018.03.21 13:15:47.947,1.82401,1.82426,1.00,1.00
2018.03.21 13:15:48.592,1.82401,1.82427,1.00,1.00
2018.03.21 13:15:48.709,1.82401,1.82429,1.00,1.00
2018.03.21 13:15:48.819,1.82401,1.82426,1.00,1.00
2018.03.21 13:15:49.124,1.824,1.82424,1.00,1.00
2018.03.21 13:15:49.175,1.824,1.82426,1.00,1.00
2018.03.21 13:15:49.581,1.82396,1.82424,1.00,1.00
2018.03.21 13:15:50.102,1.82395,1.82423,2.25,1.00
2018.03.21 13:15:50.464,1.82401,1.82427,1.00,1.00
2018.03.21 13:15:50.688,1.82401,1.8243,1.00,1.00
2018.03.21 13:15:51.516,1.824,1.82428,1.00,1.00
2018.03.21 13:15:51.869,1.82402,1.82429,1.00,1.00
2018.03.21 13:15:51.981,1.82403,1.82431,1.00,1.00
2018.03.21 13:15:52.706,1.82402,1.82429,1.00,1.00
2018.03.21 13:15:53.815,1.824,1.82428,1.00,1.00
2018.03.21 13:15:55.278,1.82402,1.82429,1.00,1.00
2018.03.21 13:15:55.398,1.82396,1.82424,1.00,1.00
2018.03.21 13:15:55.450,1.82398,1.82426,1.00,2.25
2018.03.21 13:15:55.552,1.82396,1.82425,1.00,1.50
2018.03.21 13:15:55.756,1.82402,1.82426,1.00,1.00
2018.03.21 13:15:55.807,1.82399,1.82425,1.00,1.00
2018.03.21 13:15:55.859,1.82396,1.82423,1.00,1.00
2018.03.21 13:15:55.910,1.82399,1.82426,1.00,1.00
2018.03.21 13:15:56.224,1.82392,1.8242,1.00,1.00
2018.03.21 13:15:56.359,1.82391,1.82418,1.00,1.00
2018.03.21 13:15:56.723,1.8239,1.82416,1.00,1.00
2018.03.21 13:15:57.238,1.82389,1.82415,1.00,1.00
2018.03.21 13:15:58.010,1.8239,1.82419,1.00,1.00
2018.03.21 13:15:58.061,1.82394,1.8242,1.00,1.00
2018.03.21 13:15:58.112,1.82396,1.82424,1.00,1.00
2018.03.21 13:15:58.163,1.82399,1.82425,1.00,1.00
2018.03.21 13:15:58.357,1.824,1.82427,1.00,1.00
2018.03.21 13:15:58.509,1.82398,1.82426,1.00,1.00
2018.03.21 13:15:58.820,1.82399,1.82428,1.00,1.00
2018.03.21 13:15:59.182,1.82402,1.82428,1.00,1.00
2018.03.21 13:16:00.580,1.82399,1.82428,1.00,1.00
2018.03.21 13:16:00.974,1.82399,1.82425,1.00,1.00
2018.03.21 13:16:01.971,1.824,1.82427,1.00,1.00
2018.03.21 13:16:02.559,1.82399,1.82427,1.00,1.00
2018.03.21 13:16:02.937,1.82396,1.82424,1.50,1.00
2018.03.21 13:16:03.244,1.82395,1.82421,1.00,1.00
2018.03.21 13:16:04.426,1.82395,1.82423,1.00,1.00
2018.03.21 13:16:04.529,1.82397,1.82423,1.00,1.00
2018.03.21 13:16:04.765,1.82395,1.82423,1.00,1.00
2018.03.21 13:16:05.287,1.82396,1.82424,1.00,1.00
2018.03.21 13:16:05.808,1.82391,1.82419,1.00,1.00
2018.03.21 13:16:06.131,1.82393,1.82419,1.00,1.00
2018.03.21 13:16:06.233,1.82393,1.82421,1.00,1.00
2018.03.21 13:16:06.335,1.82395,1.82421,1.00,1.00
2018.03.21 13:16:06.437,1.82395,1.82424,1.00,1.00
2018.03.21 13:16:07.763,1.82395,1.82421,1.00,1.00
2018.03.21 13:16:08.360,1.82393,1.82415,1.00,1.00
2018.03.21 13:16:08.461,1.82383,1.82411,1.00,1.00
2018.03.21 13:16:08.512,1.82381,1.8241,1.00,1.00
2018.03.21 13:16:09.301,1.8239,1.8241,1.00,1.00
2018.03.21 13:16:09.353,1.82391,1.8242,1.50,1.00
2018.03.21 13:16:09.404,1.82395,1.82421,1.00,1.00
2018.03.21 13:16:09.569,1.82398,1.82427,1.00,1.00
2018.03.21 13:16:09.671,1.824,1.82428,1.00,1.00
2018.03.21 13:16:10.062,1.82404,1.82429,1.00,1.00
2018.03.21 13:16:11.087,1.82404,1.8243,1.00,1.00
2018.03.21 13:16:11.372,1.82404,1.82432,1.00,1.00
2018.03.21 13:16:11.574,1.82406,1.82432,1.00,1.00
2018.03.21 13:16:12.085,1.82406,1.82426,1.00,1.00
2018.03.21 13:16:12.136,1.82406,1.8243,1.00,1.00
2018.03.21 13:16:12.206,1.82408,1.8243,1.00,1.00
2018.03.21 13:16:12.257,1.82394,1.82422,1.50,1.50
2018.03.21 13:16:12.894,1.82394,1.8242,1.00,1.00
2018.03.21 13:16:13.394,1.82394,1.82422,1.00,1.00
2018.03.21 13:16:14.440,1.82395,1.82424,1.00,1.00
2018.03.21 13:16:16.432,1.82395,1.82422,1.00,1.00
2018.03.21 13:16:16.953,1.82395,1.82421,1.00,1.50
2018.03.21 13:16:17.360,1.82391,1.82417,1.00,1.00
2018.03.21 13:16:17.461,1.82388,1.82417,1.00,1.00
2018.03.21 13:16:18.367,1.82387,1.82417,1.00,2.25
2018.03.21 13:16:18.468,1.82387,1.82415,1.00,1.00
2018.03.21 13:16:18.836,1.82387,1.82413,1.00,1.50
2018.03.21 13:16:18.938,1.82382,1.82409,1.00,2.25
2018.03.21 13:16:18.989,1.82378,1.82407,1.00,1.00
2018.03.21 13:16:19.142,1.8238,1.82407,1.00,1.00
2018.03.21 13:16:19.467,1.82381,1.82409,1.00,1.50
2018.03.21 13:16:19.765,1.82379,1.82408,1.00,1.00
2018.03.21 13:16:19.969,1.82381,1.82409,1.00,1.00
2018.03.21 13:16:20.273,1.82384,1.82411,1.00,1.00
2018.03.21 13:16:21.319,1.82382,1.8241,1.00,1.00
2018.03.21 13:16:22.910,1.82383,1.82412,1.00,1.50
2018.03.21 13:16:23.012,1.82387,1.82413,1.00,2.25
2018.03.21 13:16:23.316,1.82389,1.82415,1.00,1.00
2018.03.21 13:16:25.544,1.82389,1.82417,1.00,2.25
2018.03.21 13:16:26.049,1.8239,1.82417,1.00,1.00
2018.03.21 13:16:26.536,1.82388,1.82416,1.00,1.00
2018.03.21 13:16:27.082,1.82389,1.82417,1.00,1.50
2018.03.21 13:16:27.235,1.82392,1.82417,1.00,1.00
2018.03.21 13:16:27.286,1.82394,1.8242,1.00,1.50
2018.03.21 13:16:27.395,1.82395,1.82424,1.00,1.50
2018.03.21 13:16:27.648,1.82401,1.82426,1.00,1.00
2018.03.21 13:16:28.171,1.82402,1.82426,1.00,1.00
2018.03.21 13:16:28.489,1.824,1.82426,1.00,1.00
2018.03.21 13:16:28.540,1.82399,1.82421,1.00,1.00
2018.03.21 13:16:28.693,1.82397,1.82421,1.00,1.00
2018.03.21 13:16:29.194,1.82397,1.8242,1.00,1.00
2018.03.21 13:16:29.702,1.82396,1.8242,1.00,1.00
2018.03.21 13:16:30.242,1.82396,1.82421,1.00,1.50
2018.03.21 13:16:30.537,1.82396,1.82424,1.00,1.12
2018.03.21 13:16:30.589,1.82393,1.82421,1.00,1.00
2018.03.21 13:16:30.894,1.82389,1.82417,1.00,1.00
2018.03.21 13:16:31.405,1.8239,1.82418,1.00,1.00
2018.03.21 13:16:32.353,1.8239,1.82416,1.00,1.00
2018.03.21 13:16:32.483,1.82387,1.82414,1.00,1.25
2018.03.21 13:16:32.534,1.82386,1.82412,1.00,1.00
2018.03.21 13:16:34.159,1.82387,1.82412,1.00,1.00
2018.03.21 13:16:37.848,1.82386,1.82411,1.00,1.00
2018.03.21 13:16:38.179,1.82388,1.82411,1.00,1.00
2018.03.21 13:16:39.340,1.82388,1.82412,1.00,1.00
2018.03.21 13:16:39.391,1.82389,1.82414,1.00,1.00
2018.03.21 13:16:39.442,1.82394,1.8242,1.00,1.00
2018.03.21 13:16:39.588,1.82398,1.82424,1.00,1.00
2018.03.21 13:16:39.925,1.824,1.82424,1.00,1.00
2018.03.21 13:16:40.238,1.82385,1.82407,1.00,1.00
2018.03.21 13:16:40.442,1.8238,1.82408,1.00,2.25
2018.03.21 13:16:41.044,1.8238,1.82407,1.00,1.00
2018.03.21 13:16:41.145,1.82378,1.82407,1.00,1.50
2018.03.21 13:16:41.826,1.82378,1.82407,1.00,2.06
2018.03.21 13:16:42.532,1.82377,1.82405,1.00,1.00
2018.03.21 13:16:43.214,1.82378,1.82404,1.00,1.00
2018.03.21 13:16:43.896,1.82378,1.82405,1.00,1.00
2018.03.21 13:16:44.438,1.82378,1.82404,1.00,1.00
2018.03.21 13:16:45.924,1.82378,1.82405,1.00,1.00
2018.03.21 13:16:48.335,1.82378,1.82404,1.00,1.00
2018.03.21 13:16:48.848,1.82377,1.82405,1.00,2.25
2018.03.21 13:16:49.382,1.82376,1.82404,1.00,1.00
2018.03.21 13:16:50.876,1.82376,1.82403,1.00,1.50
2018.03.21 13:16:51.184,1.82374,1.824,1.00,1.00
2018.03.21 13:16:51.938,1.82374,1.82399,1.00,1.00
2018.03.21 13:16:51.989,1.82372,1.82399,1.00,1.00
2018.03.21 13:16:53.185,1.82371,1.82399,1.00,1.50
2018.03.21 13:16:53.236,1.82371,1.82396,1.00,1.00
2018.03.21 13:16:53.287,1.82369,1.82395,1.00,1.00
2018.03.21 13:16:53.389,1.82367,1.82395,1.00,1.00
2018.03.21 13:16:53.440,1.82373,1.82402,1.00,3.00
2018.03.21 13:16:53.648,1.82372,1.824,1.00,1.00
2018.03.21 13:16:54.642,1.82371,1.82398,1.00,1.00
2018.03.21 13:16:54.967,1.82374,1.82401,1.00,1.00
2018.03.21 13:16:55.304,1.82376,1.82402,1.00,1.50
2018.03.21 13:16:55.816,1.82379,1.82402,1.00,1.50
2018.03.21 13:16:55.968,1.82379,1.82405,1.00,1.00
2018.03.21 13:16:56.069,1.82382,1.82406,1.00,1.50
2018.03.21 13:16:56.707,1.82382,1.82405,1.00,1.00
2018.03.21 13:16:57.502,1.8238,1.82405,1.00,1.00
2018.03.21 13:16:58.087,1.82379,1.82405,1.00,1.00
2018.03.21 13:16:58.811,1.82378,1.82402,1.00,1.50
2018.03.21 13:16:58.953,1.82374,1.82401,1.00,1.00
2018.03.21 13:17:00.146,1.82374,1.82399,1.00,1.69
2018.03.21 13:17:00.197,1.82366,1.82392,1.00,1.31
2018.03.21 13:17:00.249,1.82362,1.82388,1.00,1.00
2018.03.21 13:17:00.300,1.82359,1.82385,1.00,1.50
2018.03.21 13:17:00.402,1.82361,1.82388,1.00,1.00
2018.03.21 13:17:00.454,1.82363,1.82391,1.00,1.50
2018.03.21 13:17:00.505,1.82366,1.82393,1.00,1.00
2018.03.21 13:17:00.779,1.82373,1.82402,1.50,1.31
2018.03.21 13:17:00.830,1.82375,1.82402,1.00,1.25
2018.03.21 13:17:01.347,1.82374,1.82402,1.00,1.31
2018.03.21 13:17:01.934,1.82375,1.82403,1.50,1.31
2018.03.21 13:17:02.409,1.82377,1.82403,1.00,1.25
2018.03.21 13:17:03.305,1.82377,1.82406,1.00,1.00
2018.03.21 13:17:03.356,1.8238,1.82406,1.00,1.00
2018.03.21 13:17:03.568,1.82387,1.82415,1.00,1.69
2018.03.21 13:17:03.870,1.82386,1.8241,1.00,1.09
2018.03.21 13:17:03.922,1.82385,1.82411,1.00,1.25
2018.03.21 13:17:03.973,1.82387,1.82413,1.00,1.12
2018.03.21 13:17:04.024,1.82383,1.82412,1.50,1.00
2018.03.21 13:17:04.447,1.82382,1.8241,1.50,1.00
2018.03.21 13:17:05.139,1.82383,1.8241,1.00,1.00
2018.03.21 13:17:05.516,1.82383,1.82412,1.00,1.25
2018.03.21 13:17:05.754,1.82386,1.82412,1.00,1.00
2018.03.21 13:17:08.181,1.82388,1.82412,1.00,1.00
2018.03.21 13:17:08.232,1.8239,1.82416,1.00,1.00
2018.03.21 13:17:08.334,1.82391,1.82419,1.50,1.81
2018.03.21 13:17:08.879,1.82394,1.82419,1.00,1.50
2018.03.21 13:17:09.139,1.82391,1.8242,1.50,1.38
2018.03.21 13:17:09.191,1.82394,1.8242,1.00,1.00
2018.03.21 13:17:09.354,1.824,1.82428,1.00,1.88
2018.03.21 13:17:09.508,1.82402,1.82429,1.50,1.50
2018.03.21 13:17:09.814,1.8241,1.82435,1.00,1.00
2018.03.21 13:17:09.916,1.82412,1.82439,1.00,1.25
2018.03.21 13:17:10.198,1.82416,1.82442,1.00,2.63
2018.03.21 13:17:10.505,1.82421,1.82445,1.00,1.31
2018.03.21 13:17:11.040,1.8242,1.82445,1.00,1.31
2018.03.21 13:17:11.350,1.82419,1.82436,1.00,1.87
2018.03.21 13:17:11.401,1.82419,1.82434,1.00,1.00
2018.03.21 13:17:11.452,1.82409,1.82425,1.00,1.00
2018.03.21 13:17:11.553,1.82402,1.82428,1.00,1.25
2018.03.21 13:17:11.605,1.82402,1.8243,1.00,1.25
2018.03.21 13:17:11.757,1.82405,1.82431,1.00,1.50
2018.03.21 13:17:12.172,1.82408,1.82433,1.00,1.81
2018.03.21 13:17:12.223,1.82406,1.82433,1.00,2.25
2018.03.21 13:17:12.518,1.82403,1.82431,1.00,1.00
2018.03.21 13:17:12.619,1.82403,1.82431,1.00,2.06
2018.03.21 13:17:12.771,1.82401,1.8243,2.25,1.31
2018.03.21 13:17:16.333,1.82402,1.8243,1.00,2.06
2018.03.21 13:17:16.874,1.82401,1.8243,2.25,1.56
2018.03.21 13:17:17.421,1.82404,1.8243,1.00,2.25
2018.03.21 13:17:17.523,1.82405,1.82431,1.00,1.00
2018.03.21 13:17:17.626,1.82408,1.82437,1.00,1.00
2018.03.21 13:17:17.677,1.8241,1.82437,1.00,1.69
2018.03.21 13:17:18.164,1.82414,1.82439,1.00,1.38
2018.03.21 13:17:18.495,1.82414,1.8244,1.00,1.88
2018.03.21 13:17:20.081,1.82414,1.8244,1.00,1.25
2018.03.21 13:17:20.495,1.82415,1.82443,1.50,2.25
2018.03.21 13:17:20.548,1.82421,1.82445,1.00,1.00
2018.03.21 13:17:20.852,1.82431,1.82454,1.00,1.00
2018.03.21 13:17:20.902,1.82431,1.82456,1.50,1.50
2018.03.21 13:17:21.422,1.82431,1.82457,1.00,1.13
2018.03.21 13:17:21.958,1.82431,1.82458,1.50,1.25
2018.03.21 13:17:22.009,1.82431,1.8246,1.00,2.25
2018.03.21 13:17:22.200,1.82441,1.82466,1.00,1.50
2018.03.21 13:17:22.506,1.82456,1.82479,1.00,1.00
2018.03.21 13:17:22.850,1.82467,1.82482,1.00,1.00
2018.03.21 13:17:23.103,1.82468,1.82486,1.50,1.00
2018.03.21 13:17:23.205,1.82468,1.82491,1.50,1.00
2018.03.21 13:17:23.356,1.82468,1.82496,2.25,1.69
2018.03.21 13:17:23.973,1.82468,1.82496,1.50,1.56
2018.03.21 13:17:24.294,1.82471,1.82498,1.00,1.94
2018.03.21 13:17:24.722,1.82469,1.82497,1.00,2.25
2018.03.21 13:17:25.030,1.82476,1.82504,1.00,3.00
2018.03.21 13:17:25.083,1.82474,1.82503,1.00,1.00
2018.03.21 13:17:25.134,1.82479,1.82505,1.00,1.37
2018.03.21 13:17:25.571,1.82483,1.82509,1.00,3.19
2018.03.21 13:17:26.068,1.82482,1.8251,1.00,1.50
2018.03.21 13:17:26.119,1.82485,1.82513,1.00,1.00
2018.03.21 13:17:26.170,1.82486,1.82515,1.00,1.00
2018.03.21 13:17:26.328,1.82491,1.82516,1.00,1.13
2018.03.21 13:17:26.379,1.82494,1.82523,1.00,1.69
2018.03.21 13:17:26.430,1.82496,1.82522,1.00,1.00
2018.03.21 13:17:27.043,1.82496,1.82523,1.00,1.25
2018.03.21 13:17:27.351,1.82494,1.8252,1.00,1.00
2018.03.21 13:17:27.401,1.82489,1.82516,1.00,1.00
2018.03.21 13:17:27.503,1.82484,1.82513,1.00,1.88
2018.03.21 13:17:27.604,1.82484,1.8251,1.00,1.00
2018.03.21 13:17:27.907,1.82483,1.82511,1.50,2.00
2018.03.21 13:17:28.120,1.82487,1.82517,1.00,1.12
2018.03.21 13:17:28.170,1.8249,1.82517,1.00,1.12
2018.03.21 13:17:28.473,1.82494,1.8252,1.00,1.87
2018.03.21 13:17:28.524,1.82492,1.82521,1.00,1.12
2018.03.21 13:17:28.744,1.82494,1.82524,1.00,2.77
2018.03.21 13:17:29.248,1.82489,1.82513,1.00,1.87
2018.03.21 13:17:29.351,1.82482,1.82512,1.00,1.94
2018.03.21 13:17:29.402,1.82484,1.82512,1.00,1.75
2018.03.21 13:17:29.657,1.82482,1.82512,1.00,2.44
2018.03.21 13:17:30.073,1.82484,1.82513,1.00,2.44
2018.03.21 13:17:30.611,1.82485,1.82512,1.00,2.44
2018.03.21 13:17:30.712,1.82485,1.82512,1.00,1.50
2018.03.21 13:17:30.864,1.82488,1.82515,1.00,1.25
2018.03.21 13:17:31.169,1.82492,1.8252,1.00,2.62
2018.03.21 13:17:31.423,1.82492,1.8252,1.00,1.31
2018.03.21 13:17:31.547,1.82494,1.82521,1.00,1.56
2018.03.21 13:17:31.598,1.82496,1.82524,1.00,1.88
2018.03.21 13:17:31.651,1.82494,1.82521,1.00,1.00
2018.03.21 13:17:31.804,1.82492,1.8252,1.00,1.12
2018.03.21 13:17:31.856,1.82491,1.82513,1.00,1.69
2018.03.21 13:17:31.907,1.82487,1.82513,1.00,1.37
2018.03.21 13:17:31.958,1.82484,1.8251,1.00,1.75
2018.03.21 13:17:32.111,1.82482,1.8251,2.25,1.69
2018.03.21 13:17:32.317,1.82483,1.82508,1.50,1.50
2018.03.21 13:17:32.630,1.82479,1.82507,1.50,1.69
2018.03.21 13:17:32.885,1.82477,1.82504,1.00,1.12
2018.03.21 13:17:33.086,1.82477,1.82501,1.00,1.00
2018.03.21 13:17:33.238,1.82471,1.82496,1.00,1.25
2018.03.21 13:17:33.289,1.82469,1.82497,1.00,1.56
2018.03.21 13:17:33.390,1.82469,1.82497,1.00,1.00
2018.03.21 13:17:34.110,1.82468,1.82496,1.50,1.00
2018.03.21 13:17:34.644,1.82469,1.82496,1.50,1.00
2018.03.21 13:17:35.072,1.82469,1.82498,1.00,1.00
2018.03.21 13:17:35.606,1.8247,1.82499,1.00,1.50
2018.03.21 13:17:37.043,1.82473,1.82499,1.00,1.50
2018.03.21 13:17:38.280,1.82473,1.82502,1.00,1.00
2018.03.21 13:17:38.331,1.82475,1.82502,1.00,1.00
2018.03.21 13:17:38.435,1.82478,1.82506,1.00,1.00
2018.03.21 13:17:38.537,1.82481,1.82508,1.00,1.25
2018.03.21 13:17:38.840,1.82484,1.82509,1.00,1.38
2018.03.21 13:17:39.484,1.82484,1.82511,1.00,1.31
2018.03.21 13:17:39.535,1.82486,1.82514,1.00,1.25
2018.03.21 13:17:39.636,1.82488,1.82515,1.00,1.25
2018.03.21 13:17:39.939,1.82486,1.82511,1.50,1.44
2018.03.21 13:17:40.062,1.82484,1.82511,1.00,1.81
2018.03.21 13:17:40.998,1.82484,1.82509,1.00,1.00
2018.03.21 13:17:41.049,1.82482,1.82509,1.00,1.50
2018.03.21 13:17:41.221,1.82479,1.82508,1.00,1.12
2018.03.21 13:17:41.707,1.82479,1.82508,1.50,2.06
2018.03.21 13:17:42.265,1.82479,1.82508,1.00,2.25
2018.03.21 13:17:42.680,1.82479,1.82505,1.00,1.00
2018.03.21 13:17:43.398,1.82478,1.82505,1.00,1.00
2018.03.21 13:17:44.107,1.82479,1.82505,1.00,1.25
2018.03.21 13:17:44.214,1.82476,1.82504,1.00,1.31
2018.03.21 13:17:44.650,1.82474,1.82502,1.50,1.25
2018.03.21 13:17:44.841,1.82476,1.82503,1.00,1.31
2018.03.21 13:17:45.383,1.82475,1.825,1.00,1.25
2018.03.21 13:17:45.535,1.82456,1.82482,1.00,1.00
2018.03.21 13:17:45.687,1.82456,1.8248,1.00,1.00
2018.03.21 13:17:46.232,1.82457,1.8248,1.00,1.00
2018.03.21 13:17:46.555,1.82456,1.82478,1.00,1.00
2018.03.21 13:17:46.606,1.82456,1.8248,1.00,1.00
2018.03.21 13:17:47.285,1.82456,1.82482,1.00,1.50
2018.03.21 13:17:48.420,1.82461,1.82486,1.00,1.00
2018.03.21 13:17:48.472,1.82464,1.82491,1.00,1.50
2018.03.21 13:17:48.523,1.82468,1.82492,1.00,1.00
2018.03.21 13:17:48.575,1.82468,1.82496,1.00,1.50
2018.03.21 13:17:49.112,1.82469,1.82496,1.00,1.00
2018.03.21 13:17:49.664,1.82468,1.82496,1.00,1.00
2018.03.21 13:17:49.867,1.8247,1.82497,1.00,2.62
2018.03.21 13:17:50.375,1.82471,1.82497,1.00,1.00
2018.03.21 13:17:50.478,1.82469,1.82497,1.50,1.00
2018.03.21 13:17:50.755,1.8247,1.82494,1.00,1.00
2018.03.21 13:17:50.857,1.82466,1.82494,2.25,1.69
2018.03.21 13:17:51.016,1.82469,1.82497,1.00,1.00
2018.03.21 13:17:51.328,1.82474,1.825,1.00,1.69
2018.03.21 13:17:51.830,1.82475,1.82499,1.00,1.25
2018.03.21 13:17:51.881,1.82474,1.82502,1.00,1.50
2018.03.21 13:17:52.336,1.82475,1.82504,1.00,1.50
2018.03.21 13:17:53.098,1.82477,1.82505,1.00,1.00
2018.03.21 13:17:53.697,1.82478,1.82506,1.00,1.63
2018.03.21 13:17:54.268,1.82478,1.82506,1.00,1.87
2018.03.21 13:17:55.108,1.82478,1.82506,1.00,1.37
2018.03.21 13:17:55.630,1.82478,1.82506,1.00,1.87
2018.03.21 13:17:56.181,1.82478,1.82506,1.00,1.37
2018.03.21 13:17:56.748,1.82478,1.82506,1.50,2.62
2018.03.21 13:17:56.901,1.82479,1.82508,1.00,1.31
2018.03.21 13:17:56.956,1.82481,1.82509,1.00,1.00
2018.03.21 13:17:57.261,1.82484,1.82511,1.00,1.69
2018.03.21 13:17:57.569,1.82477,1.82506,1.00,1.12
2018.03.21 13:17:57.723,1.82477,1.82503,1.00,1.00
2018.03.21 13:17:58.637,1.82476,1.82504,1.50,1.00
2018.03.21 13:17:58.988,1.82489,1.82513,1.00,1.37
2018.03.21 13:17:59.039,1.82491,1.82515,1.50,1.00
2018.03.21 13:17:59.090,1.82495,1.82517,1.00,1.00
2018.03.21 13:17:59.344,1.82494,1.82521,1.00,1.88
2018.03.21 13:17:59.548,1.82494,1.82522,3.00,1.31
2018.03.21 13:18:00.085,1.82494,1.82522,1.00,1.00
2018.03.21 13:18:00.136,1.82497,1.82523,1.00,1.00
2018.03.21 13:18:00.237,1.82498,1.82525,1.00,1.00
2018.03.21 13:18:00.773,1.82499,1.82527,1.00,2.25
2018.03.21 13:18:01.077,1.82499,1.82525,1.00,1.44
2018.03.21 13:18:01.127,1.82497,1.82524,1.00,1.44
2018.03.21 13:18:01.194,1.82497,1.82525,1.00,1.94
2018.03.21 13:18:01.746,1.82497,1.82523,1.00,1.56
2018.03.21 13:18:01.932,1.82495,1.82522,1.00,1.00
2018.03.21 13:18:02.512,1.82494,1.82522,2.25,1.31
2018.03.21 13:18:03.132,1.82494,1.82522,1.50,1.69
2018.03.21 13:18:03.785,1.82495,1.82522,1.00,1.69
2018.03.21 13:18:04.091,1.82489,1.82515,1.50,1.56
2018.03.21 13:18:04.622,1.82489,1.82515,1.50,1.31
2018.03.21 13:18:04.826,1.82486,1.82512,1.00,1.25
2018.03.21 13:18:04.877,1.82484,1.82509,1.00,1.00
2018.03.21 13:18:05.183,1.82493,1.82518,1.00,1.00
2018.03.21 13:18:05.487,1.82497,1.8252,1.00,1.00
2018.03.21 13:18:05.588,1.82497,1.82522,1.00,1.00
2018.03.21 13:18:06.641,1.82498,1.82522,1.00,1.00
2018.03.21 13:18:07.071,1.82497,1.82524,1.00,1.12
2018.03.21 13:18:07.296,1.825,1.82526,1.00,1.00
2018.03.21 13:18:07.602,1.82503,1.82529,1.00,1.69
2018.03.21 13:18:07.653,1.825,1.82527,1.00,1.00
2018.03.21 13:18:08.126,1.825,1.82525,1.00,1.00
2018.03.21 13:18:08.526,1.82505,1.8253,1.00,1.00
2018.03.21 13:18:08.577,1.82506,1.82532,1.00,1.00
2018.03.21 13:18:08.628,1.82511,1.82534,1.00,1.00
2018.03.21 13:18:08.729,1.82508,1.82533,1.00,1.25
2018.03.21 13:18:08.982,1.82508,1.82535,1.00,1.00
2018.03.21 13:18:09.437,1.82511,1.82537,1.00,1.25
2018.03.21 13:18:09.747,1.8251,1.82535,1.00,1.00
2018.03.21 13:18:10.125,1.82513,1.82537,1.00,1.00
2018.03.21 13:18:10.478,1.82513,1.82535,1.00,1.00
2018.03.21 13:18:10.992,1.82512,1.82536,1.00,1.00
2018.03.21 13:18:11.496,1.82513,1.82536,1.00,1.00
2018.03.21 13:18:11.924,1.82511,1.82536,1.00,1.00
2018.03.21 13:18:11.976,1.82506,1.82532,1.00,1.44
2018.03.21 13:18:12.027,1.82503,1.82529,1.50,1.00
2018.03.21 13:18:12.129,1.82503,1.82531,1.00,1.00
2018.03.21 13:18:12.607,1.82502,1.82528,1.00,1.25
2018.03.21 13:18:12.916,1.82502,1.82526,1.00,1.00
2018.03.21 13:18:13.425,1.82502,1.82525,1.50,1.00
2018.03.21 13:18:13.969,1.82502,1.82524,1.00,1.00
2018.03.21 13:18:14.222,1.82503,1.82528,1.00,1.00
2018.03.21 13:18:14.273,1.8251,1.82529,1.00,1.00
2018.03.21 13:18:14.324,1.82503,1.82529,1.00,1.00
2018.03.21 13:18:14.808,1.82507,1.82529,1.00,1.00
2018.03.21 13:18:14.860,1.82507,1.82531,1.00,1.00
2018.03.21 13:18:15.381,1.82506,1.8253,1.00,1.00
2018.03.21 13:18:15.433,1.82506,1.82533,1.00,1.25
2018.03.21 13:18:15.637,1.82504,1.8253,1.00,1.00
2018.03.21 13:18:15.689,1.82498,1.82525,1.00,1.00
2018.03.21 13:18:15.742,1.82499,1.82521,1.00,1.00
2018.03.21 13:18:15.967,1.82494,1.82521,1.50,1.00
2018.03.21 13:18:16.987,1.82495,1.82521,1.00,1.00
2018.03.21 13:18:17.820,1.82494,1.82521,1.00,1.00
2018.03.21 13:18:17.973,1.82495,1.82524,2.25,1.00
2018.03.21 13:18:18.024,1.82504,1.82525,1.00,1.00
2018.03.21 13:18:18.076,1.82504,1.82532,1.00,1.25
2018.03.21 13:18:18.127,1.82506,1.82532,1.00,1.00
2018.03.21 13:18:18.178,1.82508,1.82535,1.00,1.12
2018.03.21 13:18:18.229,1.82513,1.82539,1.00,1.00
2018.03.21 13:18:18.331,1.82516,1.82545,1.50,1.56
2018.03.21 13:18:18.433,1.82518,1.82544,1.00,1.31
2018.03.21 13:18:18.700,1.82518,1.82546,1.00,1.31
2018.03.21 13:18:18.751,1.82521,1.82548,1.00,1.44
2018.03.21 13:18:18.888,1.82522,1.82548,1.00,1.00
2018.03.21 13:18:19.193,1.82523,1.82552,1.00,1.88
2018.03.21 13:18:19.561,1.82523,1.8255,1.00,1.00
2018.03.21 13:18:19.743,1.82523,1.82552,1.00,1.88
2018.03.21 13:18:20.347,1.82523,1.82551,1.00,1.13
2018.03.21 13:18:20.517,1.82524,1.82552,1.00,2.44
2018.03.21 13:18:20.621,1.82523,1.82552,1.50,1.12
2018.03.21 13:18:20.889,1.82523,1.82551,2.25,1.75
2018.03.21 13:18:21.043,1.82509,1.82536,1.50,1.37
2018.03.21 13:18:21.197,1.82511,1.82539,1.00,1.87
2018.03.21 13:18:21.300,1.82515,1.82542,1.00,1.25
2018.03.21 13:18:21.482,1.82518,1.82546,1.00,1.50
2018.03.21 13:18:22.065,1.82519,1.82547,1.00,1.50
2018.03.21 13:18:23.024,1.82518,1.82546,1.00,1.25
2018.03.21 13:18:23.077,1.82518,1.82546,1.00,1.88
2018.03.21 13:18:23.181,1.82516,1.82544,1.00,1.69
2018.03.21 13:18:23.284,1.82516,1.82545,1.00,1.12
2018.03.21 13:18:23.386,1.82519,1.82546,1.00,1.12
2018.03.21 13:18:23.539,1.82523,1.82551,1.00,1.00
2018.03.21 13:18:23.591,1.82525,1.82553,1.00,1.00
2018.03.21 13:18:23.896,1.82522,1.82546,1.00,1.00
2018.03.21 13:18:23.947,1.82518,1.82546,3.00,1.00
2018.03.21 13:18:24.270,1.82521,1.82549,1.00,1.00
2018.03.21 13:18:24.575,1.8252,1.82544,1.00,1.25
2018.03.21 13:18:24.626,1.82516,1.82541,1.00,1.00
2018.03.21 13:18:24.678,1.82516,1.8254,1.00,1.37
2018.03.21 13:18:24.729,1.82513,1.8254,1.50,1.31
2018.03.21 13:18:25.267,1.82513,1.8254,1.00,1.69
2018.03.21 13:18:25.652,1.82515,1.8254,1.00,1.50
2018.03.21 13:18:25.819,1.82513,1.8254,1.00,1.50
2018.03.21 13:18:26.701,1.82515,1.82539,1.00,1.00
2018.03.21 13:18:27.229,1.82515,1.8254,1.00,1.00
2018.03.21 13:18:27.383,1.82513,1.8254,1.00,1.25
2018.03.21 13:18:27.624,1.82515,1.8254,1.00,1.00
2018.03.21 13:18:28.137,1.82514,1.8254,1.00,1.25
2018.03.21 13:18:28.687,1.82515,1.8254,1.00,1.00
2018.03.21 13:18:29.180,1.82519,1.82544,1.00,1.00
2018.03.21 13:18:29.383,1.82523,1.8255,1.00,1.50
2018.03.21 13:18:29.923,1.82523,1.82551,1.00,2.06
2018.03.21 13:18:30.024,1.82527,1.82554,1.00,1.69
2018.03.21 13:18:30.075,1.82527,1.82555,1.00,1.56
2018.03.21 13:18:30.188,1.82527,1.82556,1.00,2.81
2018.03.21 13:18:30.240,1.8253,1.82559,1.00,1.75
2018.03.21 13:18:30.341,1.82527,1.82556,1.00,3.19
2018.03.21 13:18:30.392,1.82527,1.82556,1.00,1.25
2018.03.21 13:18:30.443,1.8253,1.82558,1.00,1.56
2018.03.21 13:18:30.752,1.82533,1.82556,1.00,1.00
2018.03.21 13:18:30.963,1.82531,1.82556,1.00,1.12
2018.03.21 13:18:31.514,1.8253,1.82556,1.00,1.12
2018.03.21 13:18:32.100,1.8253,1.82555,1.00,1.00
2018.03.21 13:18:32.410,1.8253,1.82555,1.00,2.06
2018.03.21 13:18:32.513,1.82521,1.82547,1.00,1.87
2018.03.21 13:18:33.078,1.82522,1.8255,1.00,1.50
2018.03.21 13:18:33.532,1.82518,1.82539,1.00,1.25
2018.03.21 13:18:33.583,1.82515,1.82539,1.00,2.25
2018.03.21 13:18:33.634,1.82512,1.82538,1.00,1.25
2018.03.21 13:18:33.787,1.82514,1.82539,1.00,1.00
2018.03.21 13:18:33.945,1.82509,1.82538,2.25,1.00
2018.03.21 13:18:34.679,1.82511,1.82538,1.00,1.56
2018.03.21 13:18:34.892,1.82509,1.82538,1.00,1.56
2018.03.21 13:18:35.072,1.82504,1.82531,1.00,1.25
2018.03.21 13:18:35.576,1.82506,1.82531,1.00,1.00
2018.03.21 13:18:35.780,1.82504,1.82532,1.00,1.00
2018.03.21 13:18:35.831,1.82508,1.82535,1.00,1.12
2018.03.21 13:18:35.883,1.8251,1.82538,1.00,2.06
2018.03.21 13:18:36.297,1.82516,1.82542,1.00,1.00
2018.03.21 13:18:36.449,1.8252,1.82548,1.00,1.25
2018.03.21 13:18:36.499,1.82522,1.82549,1.00,1.31
2018.03.21 13:18:36.803,1.82524,1.82551,1.00,1.31
2018.03.21 13:18:37.106,1.82524,1.82551,1.00,2.06
2018.03.21 13:18:37.624,1.82523,1.82542,1.00,1.25
2018.03.21 13:18:37.675,1.82517,1.8254,1.00,1.31
2018.03.21 13:18:37.726,1.82515,1.82541,1.00,2.25
2018.03.21 13:18:38.274,1.82514,1.8254,1.00,1.31
2018.03.21 13:18:38.748,1.82514,1.82543,1.00,1.63
2018.03.21 13:18:39.002,1.82516,1.82542,1.00,1.31
2018.03.21 13:18:39.306,1.82514,1.8254,1.00,1.12
2018.03.21 13:18:39.612,1.82516,1.82541,1.00,1.00
2018.03.21 13:18:40.103,1.82514,1.82539,1.00,1.25
2018.03.21 13:18:40.460,1.82514,1.82542,1.00,1.31
2018.03.21 13:18:40.562,1.82514,1.82543,1.00,1.00
2018.03.21 13:18:40.613,1.82519,1.82544,1.00,1.00
2018.03.21 13:18:40.664,1.8252,1.82547,1.00,1.31
2018.03.21 13:18:41.216,1.82519,1.82546,1.00,1.25
2018.03.21 13:18:41.719,1.82519,1.82545,1.00,1.00
2018.03.21 13:18:41.771,1.82519,1.82544,1.00,1.94
2018.03.21 13:18:41.896,1.82513,1.8254,1.00,1.94
2018.03.21 13:18:41.998,1.82513,1.82539,1.00,1.94
2018.03.21 13:18:42.049,1.82513,1.82539,1.00,1.69
2018.03.21 13:18:42.202,1.82511,1.82538,1.00,1.31
2018.03.21 13:18:42.920,1.82511,1.82538,1.00,2.25
2018.03.21 13:18:43.265,1.82513,1.82539,1.00,3.00
2018.03.21 13:18:43.772,1.82514,1.82539,1.00,1.00
2018.03.21 13:18:44.378,1.82514,1.8254,1.00,1.12
2018.03.21 13:18:44.685,1.825,1.82526,1.00,1.12
2018.03.21 13:18:45.015,1.82508,1.82531,1.00,1.00
2018.03.21 13:18:45.517,1.82507,1.82532,1.00,1.25
2018.03.21 13:18:45.834,1.82509,1.82531,1.00,1.00
2018.03.21 13:18:46.392,1.82511,1.82531,1.00,1.00
2018.03.21 13:18:46.741,1.82508,1.82534,1.00,1.12
2018.03.21 13:18:46.792,1.82505,1.8253,1.00,2.06
2018.03.21 13:18:47.098,1.82505,1.82525,1.00,1.00
2018.03.21 13:18:47.262,1.82505,1.8253,1.00,2.06
2018.03.21 13:18:47.780,1.82505,1.8253,1.00,1.50
2018.03.21 13:18:48.176,1.82502,1.8253,1.00,2.62
2018.03.21 13:18:48.278,1.825,1.82529,1.00,1.00
2018.03.21 13:18:48.329,1.825,1.82527,1.00,1.00
2018.03.21 13:18:48.432,1.82497,1.82525,1.00,1.50
2018.03.21 13:18:48.483,1.82495,1.82524,1.00,1.00
2018.03.21 13:18:48.687,1.82494,1.82522,1.00,1.00
2018.03.21 13:18:48.839,1.82491,1.8252,1.00,1.00
2018.03.21 13:18:49.078,1.82489,1.82516,1.00,1.00
2018.03.21 13:18:49.129,1.82486,1.82514,1.00,1.00
2018.03.21 13:18:49.231,1.82486,1.82512,1.00,1.00
2018.03.21 13:18:49.451,1.82484,1.82512,1.00,1.00
2018.03.21 13:18:50.359,1.82482,1.82508,1.00,1.00
2018.03.21 13:18:50.528,1.82479,1.82506,1.00,1.00
2018.03.21 13:18:50.884,1.82474,1.825,1.50,1.00
2018.03.21 13:18:51.191,1.82481,1.82505,1.00,1.00
2018.03.21 13:18:51.467,1.82483,1.82509,1.00,1.00
2018.03.21 13:18:52.024,1.82482,1.82509,1.00,1.00
2018.03.21 13:18:52.540,1.82483,1.82509,1.00,1.00
2018.03.21 13:18:52.764,1.82486,1.8251,1.00,1.00
2018.03.21 13:18:52.885,1.82486,1.82514,1.00,1.00
2018.03.21 13:18:52.936,1.8249,1.82519,1.00,1.69
2018.03.21 13:18:52.987,1.82494,1.82518,1.00,1.00
2018.03.21 13:18:53.038,1.82492,1.82519,1.00,1.00
2018.03.21 13:18:53.310,1.82494,1.82518,1.00,1.00
2018.03.21 13:18:53.867,1.82494,1.82519,1.00,1.00
2018.03.21 13:18:54.752,1.82495,1.82519,1.00,1.00
2018.03.21 13:18:54.904,1.82495,1.82523,1.00,2.25
2018.03.21 13:18:55.409,1.82496,1.82522,1.00,1.00
2018.03.21 13:18:55.736,1.82498,1.82522,1.00,1.00
2018.03.21 13:18:55.892,1.82499,1.82526,1.00,1.00
2018.03.21 13:18:55.944,1.82501,1.82527,1.00,1.50
2018.03.21 13:18:56.248,1.82503,1.82526,1.00,1.00
2018.03.21 13:18:56.299,1.82495,1.82519,1.00,1.00
2018.03.21 13:18:56.418,1.825,1.82524,1.00,1.00
2018.03.21 13:18:56.926,1.82501,1.82527,1.00,1.00
2018.03.21 13:18:57.028,1.82504,1.82527,1.00,1.00
2018.03.21 13:18:57.448,1.82502,1.82528,1.00,1.50
2018.03.21 13:18:57.872,1.82506,1.82528,1.00,1.50
2018.03.21 13:18:57.974,1.82506,1.82532,1.00,1.69
2018.03.21 13:18:58.520,1.82507,1.82532,1.00,2.25
2018.03.21 13:18:58.895,1.82505,1.82531,1.00,1.50
2018.03.21 13:18:59.098,1.82504,1.82525,1.00,1.00
2018.03.21 13:18:59.149,1.82501,1.82524,1.00,1.00
2018.03.21 13:18:59.868,1.82501,1.82523,1.00,1.00
2018.03.21 13:18:59.919,1.82497,1.82524,1.00,1.00
2018.03.21 13:19:00.021,1.82499,1.82525,1.00,1.00
2018.03.21 13:19:00.562,1.825,1.82525,1.00,1.00
2018.03.21 13:19:01.408,1.82501,1.82525,1.00,1.00
2018.03.21 13:19:01.459,1.82503,1.82528,1.00,1.00
2018.03.21 13:19:01.511,1.82505,1.82529,1.00,1.00
2018.03.21 13:19:01.943,1.82503,1.82529,1.00,1.00
2018.03.21 13:19:01.994,1.82506,1.82529,1.00,1.00
2018.03.21 13:19:02.533,1.82505,1.82529,1.00,1.00
2018.03.21 13:19:03.060,1.82506,1.82529,1.00,1.00
2018.03.21 13:19:03.264,1.82508,1.82532,1.00,1.00
2018.03.21 13:19:03.367,1.82512,1.82533,1.00,1.12
2018.03.21 13:19:04.082,1.82513,1.82533,1.00,1.50
2018.03.21 13:19:04.550,1.82513,1.82536,1.00,1.00
2018.03.21 13:19:04.601,1.82511,1.82537,1.00,2.25
2018.03.21 13:19:05.106,1.82512,1.82536,1.00,1.00
2018.03.21 13:19:05.226,1.82512,1.82532,1.00,1.00
2018.03.21 13:19:05.329,1.82515,1.82542,1.00,1.81
2018.03.21 13:19:05.432,1.82518,1.82542,1.00,2.06
2018.03.21 13:19:05.939,1.82517,1.82543,1.00,1.37
2018.03.21 13:19:06.152,1.82518,1.82543,1.00,1.00
2018.03.21 13:19:06.607,1.82518,1.8254,1.00,1.00
2018.03.21 13:19:07.156,1.82519,1.8254,1.00,1.00
2018.03.21 13:19:07.288,1.82515,1.8254,1.00,1.00
2018.03.21 13:19:07.800,1.82514,1.8254,1.00,1.00
2018.03.21 13:19:08.389,1.82515,1.8254,1.00,1.00
2018.03.21 13:19:08.916,1.82515,1.82539,1.00,1.69
2018.03.21 13:19:09.019,1.82512,1.82539,1.00,2.06
2018.03.21 13:19:09.121,1.82509,1.82536,1.00,1.00
2018.03.21 13:19:09.325,1.82506,1.82534,1.00,1.00
2018.03.21 13:19:09.647,1.82509,1.82533,1.00,1.00
2018.03.21 13:19:10.063,1.82507,1.82531,1.00,1.00
2018.03.21 13:19:10.114,1.82505,1.82531,1.00,1.00
2018.03.21 13:19:10.659,1.82504,1.82531,1.00,1.00
2018.03.21 13:19:11.287,1.82505,1.82534,1.00,1.00
2018.03.21 13:19:11.338,1.82508,1.82536,1.00,1.50
2018.03.21 13:19:12.737,1.82511,1.82536,1.00,1.50
2018.03.21 13:19:12.839,1.82514,1.8254,1.00,1.00
2018.03.21 13:19:13.380,1.82515,1.82543,1.00,1.88
2018.03.21 13:19:13.902,1.82519,1.82546,1.00,1.00
2018.03.21 13:19:13.953,1.82519,1.82548,1.00,1.00
2018.03.21 13:19:14.005,1.82521,1.82548,1.00,1.00
2018.03.21 13:19:14.525,1.8252,1.82548,1.00,1.00
2018.03.21 13:19:14.836,1.82522,1.82549,1.00,1.00
2018.03.21 13:19:15.234,1.82525,1.8255,1.00,1.00
2018.03.21 13:19:15.335,1.82523,1.82553,1.00,1.50
2018.03.21 13:19:15.386,1.82525,1.82554,1.00,2.44
2018.03.21 13:19:15.708,1.82527,1.82553,1.00,1.00
2018.03.21 13:19:16.336,1.82526,1.82553,1.00,1.00
2018.03.21 13:19:16.645,1.8253,1.82554,1.00,1.25
2018.03.21 13:19:16.695,1.82527,1.82554,1.00,1.25
2018.03.21 13:19:17.244,1.82527,1.82553,1.00,1.00
2018.03.21 13:19:17.766,1.82525,1.82554,1.00,1.50
2018.03.21 13:19:18.482,1.82527,1.82554,1.00,1.00
2018.03.21 13:19:18.918,1.82529,1.82554,1.00,1.00
2018.03.21 13:19:18.969,1.82529,1.82559,1.00,1.00
2018.03.21 13:19:19.022,1.82532,1.82561,1.00,2.25
2018.03.21 13:19:19.225,1.82534,1.82564,1.00,2.06
2018.03.21 13:19:19.785,1.82535,1.82564,1.00,1.00
2018.03.21 13:19:20.312,1.82535,1.82565,1.00,1.31
2018.03.21 13:19:20.363,1.82538,1.82565,1.00,1.12
2018.03.21 13:19:20.989,1.82538,1.82566,1.00,1.00
2018.03.21 13:19:21.395,1.82538,1.82568,1.00,1.25
2018.03.21 13:19:22.049,1.82538,1.82569,1.00,1.00
2018.03.21 13:19:22.564,1.82541,1.82569,1.00,1.00
2018.03.21 13:19:22.616,1.82539,1.82571,1.00,1.69
2018.03.21 13:19:23.264,1.82538,1.8257,1.00,1.00
2018.03.21 13:19:24.203,1.82537,1.82568,1.00,1.00
2018.03.21 13:19:24.508,1.82539,1.82568,1.00,1.00
2018.03.21 13:19:25.098,1.82539,1.82567,1.00,1.88
2018.03.21 13:19:25.351,1.82536,1.82567,1.00,1.88
2018.03.21 13:19:25.857,1.82536,1.82567,1.00,1.00
2018.03.21 13:19:26.528,1.82536,1.82566,1.00,1.00
2018.03.21 13:19:26.579,1.82532,1.8256,1.00,1.00
2018.03.21 13:19:26.731,1.82529,1.82558,1.00,1.00
2018.03.21 13:19:27.257,1.8253,1.82558,1.00,1.00
2018.03.21 13:19:28.507,1.82532,1.82561,1.00,3.56
2018.03.21 13:19:29.053,1.82532,1.82561,1.00,2.25
2018.03.21 13:19:29.365,1.82531,1.82559,1.00,1.00
2018.03.21 13:19:30.592,1.82533,1.82559,1.00,1.00
2018.03.21 13:19:31.107,1.82535,1.82561,1.00,1.00
2018.03.21 13:19:31.462,1.82535,1.82563,1.00,1.00
2018.03.21 13:19:34.976,1.82531,1.82557,1.00,2.25
2018.03.21 13:19:35.128,1.82529,1.82556,1.00,1.00
2018.03.21 13:19:35.179,1.82532,1.82556,1.00,1.00
2018.03.21 13:19:35.281,1.82532,1.82558,1.00,1.00
2018.03.21 13:19:35.332,1.82534,1.8256,1.00,1.00
2018.03.21 13:19:35.858,1.82535,1.82559,1.00,1.00
2018.03.21 13:19:36.273,1.82535,1.82554,1.00,1.00
2018.03.21 13:19:36.358,1.82528,1.82554,1.00,1.00
2018.03.21 13:19:36.461,1.82525,1.82554,1.00,1.00
2018.03.21 13:19:36.662,1.82524,1.82552,1.00,1.00
2018.03.21 13:19:37.213,1.82525,1.82553,1.00,1.00
2018.03.21 13:19:38.177,1.82525,1.82551,1.00,1.00
2018.03.21 13:19:38.583,1.82519,1.82545,1.00,1.00
2018.03.21 13:19:39.084,1.82518,1.82545,1.00,1.00
2018.03.21 13:19:39.574,1.82518,1.82542,1.50,1.00
2018.03.21 13:19:39.625,1.82518,1.82545,1.50,1.00
2018.03.21 13:19:39.675,1.82518,1.82543,1.00,1.00
2018.03.21 13:19:39.931,1.82516,1.82543,1.00,1.00
2018.03.21 13:19:40.358,1.82514,1.82542,1.50,1.00
2018.03.21 13:19:40.878,1.82515,1.82541,1.00,1.00
2018.03.21 13:19:41.694,1.82515,1.82542,1.00,1.00
2018.03.21 13:19:41.970,1.82517,1.82543,1.00,1.00
2018.03.21 13:19:42.328,1.82515,1.82539,3.00,1.00
2018.03.21 13:19:42.532,1.82515,1.82541,1.00,1.00
2018.03.21 13:19:42.736,1.82515,1.82543,1.00,1.00
2018.03.21 13:19:43.256,1.82516,1.82544,1.00,1.00
2018.03.21 13:19:43.878,1.82515,1.82543,1.00,1.00
2018.03.21 13:19:43.980,1.82518,1.82546,1.00,1.00
2018.03.21 13:19:44.477,1.8252,1.82549,1.00,1.00
2018.03.21 13:19:44.987,1.82521,1.82549,1.00,1.00
2018.03.21 13:19:45.148,1.82511,1.82539,1.50,1.00
2018.03.21 13:19:45.452,1.82511,1.82535,1.00,1.00
2018.03.21 13:19:45.555,1.82511,1.82538,1.00,1.00
2018.03.21 13:19:46.376,1.82512,1.82538,1.00,1.00
2018.03.21 13:19:47.114,1.82509,1.82532,1.00,1.00
2018.03.21 13:19:47.165,1.82506,1.82532,1.00,1.00
2018.03.21 13:19:47.217,1.82506,1.82528,1.00,1.00
2018.03.21 13:19:47.268,1.82502,1.82528,1.00,1.00
2018.03.21 13:19:47.990,1.82504,1.82528,1.00,1.00
2018.03.21 13:19:48.146,1.82506,1.82533,1.00,1.00
2018.03.21 13:19:48.197,1.82506,1.82531,1.00,1.00
2018.03.21 13:19:48.248,1.82506,1.82533,1.00,1.00
2018.03.21 13:19:48.759,1.82505,1.82533,1.50,1.00
2018.03.21 13:19:49.453,1.82504,1.82532,1.00,1.00
2018.03.21 13:19:49.504,1.82503,1.82529,1.00,1.00
2018.03.21 13:19:49.866,1.82504,1.82527,1.00,1.00
2018.03.21 13:19:49.968,1.82499,1.82525,2.25,1.00
2018.03.21 13:19:50.070,1.82499,1.82528,1.50,1.00
2018.03.21 13:19:50.221,1.82501,1.82528,1.00,1.00
2018.03.21 13:19:50.272,1.82499,1.82528,1.50,1.00
2018.03.21 13:19:50.699,1.82501,1.82528,1.00,1.00
2018.03.21 13:19:51.216,1.82501,1.82529,1.50,1.00
2018.03.21 13:19:51.521,1.82503,1.82528,1.00,1.00
2018.03.21 13:19:52.053,1.82503,1.82529,2.25,1.00
2018.03.21 13:19:52.586,1.82504,1.82531,1.50,1.00
2018.03.21 13:19:52.637,1.82504,1.82522,1.00,1.00
2018.03.21 13:19:52.739,1.82501,1.82525,1.00,1.00
2018.03.21 13:19:52.790,1.825,1.82529,2.25,1.00
2018.03.21 13:19:55.089,1.82501,1.82529,1.00,1.00
2018.03.21 13:19:55.141,1.825,1.82527,1.00,1.00
2018.03.21 13:19:55.243,1.82493,1.82522,2.44,1.00
2018.03.21 13:19:55.294,1.82493,1.8252,1.25,1.00
2018.03.21 13:19:55.993,1.82493,1.82518,1.00,1.00
2018.03.21 13:19:56.504,1.82494,1.82519,1.00,1.00
2018.03.21 13:19:57.505,1.82493,1.82519,1.50,1.00
2018.03.21 13:19:58.018,1.82494,1.82519,1.00,1.00
2018.03.21 13:19:59.231,1.82493,1.82519,1.50,1.00
2018.03.21 13:19:59.811,1.82493,1.82518,1.00,1.00
2018.03.21 13:20:00.524,1.82493,1.82522,1.84,1.00
2018.03.21 13:20:00.818,1.82498,1.82522,1.25,1.00
2018.03.21 13:20:00.869,1.825,1.82527,1.69,1.00
2018.03.21 13:20:00.920,1.82502,1.82527,1.00,1.00
2018.03.21 13:20:00.971,1.82503,1.8253,1.00,1.00
2018.03.21 13:20:01.174,1.82504,1.82532,1.00,1.00
2018.03.21 13:20:01.682,1.82504,1.82531,1.00,1.00
2018.03.21 13:20:02.218,1.82503,1.82531,1.00,1.00
2018.03.21 13:20:02.894,1.82501,1.8253,1.50,1.00
2018.03.21 13:20:02.996,1.82503,1.8253,1.00,1.00
2018.03.21 13:20:03.302,1.82507,1.82534,1.00,1.00
2018.03.21 13:20:03.868,1.82507,1.82533,1.00,1.00
2018.03.21 13:20:04.216,1.82504,1.8253,1.50,1.00
2018.03.21 13:20:04.558,1.82501,1.82524,1.00,1.00
2018.03.21 13:20:05.019,1.825,1.82528,2.25,1.00
2018.03.21 13:20:05.233,1.825,1.82526,1.00,1.00
2018.03.21 13:20:05.336,1.82501,1.82528,1.25,1.00
2018.03.21 13:20:05.743,1.82502,1.8253,1.00,1.00
2018.03.21 13:20:05.896,1.82503,1.82527,1.00,1.00
2018.03.21 13:20:05.947,1.82501,1.82526,1.00,1.00
2018.03.21 13:20:05.999,1.82498,1.82526,1.50,1.00
2018.03.21 13:20:06.202,1.82498,1.82524,1.00,1.00
2018.03.21 13:20:06.524,1.82498,1.82526,1.31,1.00
2018.03.21 13:20:06.855,1.82498,1.82524,1.50,1.00
2018.03.21 13:20:07.893,1.82499,1.82525,1.00,1.00
2018.03.21 13:20:08.097,1.82492,1.82521,1.00,1.00
2018.03.21 13:20:08.148,1.82492,1.82518,1.00,1.00
2018.03.21 13:20:08.200,1.8249,1.82518,1.00,1.00
2018.03.21 13:20:08.834,1.82488,1.82517,1.46,1.00
2018.03.21 13:20:09.339,1.82488,1.82517,1.00,1.00
2018.03.21 13:20:09.817,1.82491,1.82516,1.44,1.00
2018.03.21 13:20:09.868,1.82495,1.82522,1.00,1.00
2018.03.21 13:20:10.029,1.82494,1.82519,1.00,1.00
2018.03.21 13:20:10.130,1.8249,1.82519,1.50,1.00
2018.03.21 13:20:10.231,1.8249,1.82516,1.00,1.00
2018.03.21 13:20:11.997,1.82491,1.82516,1.00,1.00
2018.03.21 13:20:12.459,1.82496,1.8252,1.00,1.00
2018.03.21 13:20:12.511,1.82496,1.82523,1.00,2.25
2018.03.21 13:20:13.061,1.82497,1.82523,1.00,1.00
2018.03.21 13:20:13.750,1.82496,1.82523,1.00,1.00
2018.03.21 13:20:14.071,1.82491,1.82518,1.00,1.00
2018.03.21 13:20:14.275,1.82486,1.82514,1.00,1.00
2018.03.21 13:20:14.833,1.82483,1.82513,1.50,1.00
2018.03.21 13:20:14.985,1.82485,1.82514,1.00,1.00
2018.03.21 13:20:15.288,1.82488,1.82517,1.00,1.00
2018.03.21 13:20:15.625,1.82485,1.82512,1.50,1.00
2018.03.21 13:20:15.941,1.82494,1.82511,1.00,1.00
2018.03.21 13:20:15.992,1.82482,1.82507,1.00,1.00
2018.03.21 13:20:16.043,1.82489,1.82506,1.00,1.00
2018.03.21 13:20:16.367,1.82488,1.82503,1.00,1.00
2018.03.21 13:20:16.468,1.82475,1.82502,1.87,1.00
2018.03.21 13:20:16.569,1.82489,1.82502,1.00,1.00
2018.03.21 13:20:16.671,1.82475,1.82502,1.50,1.00
2018.03.21 13:20:16.781,1.8247,1.82494,1.00,1.00
2018.03.21 13:20:16.832,1.82469,1.82497,1.00,1.25
2018.03.21 13:20:16.883,1.82465,1.82493,1.00,1.00
2018.03.21 13:20:17.203,1.82459,1.82487,1.00,1.00
2018.03.21 13:20:17.520,1.82459,1.82485,1.00,1.00
2018.03.21 13:20:19.121,1.82459,1.82487,1.00,1.00
2018.03.21 13:20:19.223,1.8246,1.82489,1.00,1.00
2018.03.21 13:20:19.536,1.82459,1.82487,1.00,1.00
2018.03.21 13:20:20.118,1.82461,1.82488,1.00,1.00
2018.03.21 13:20:20.320,1.82463,1.82491,1.00,1.00
2018.03.21 13:20:20.371,1.82465,1.82493,1.50,1.00
2018.03.21 13:20:20.692,1.82469,1.82495,1.00,1.00
2018.03.21 13:20:20.744,1.82469,1.82497,1.50,1.00
2018.03.21 13:20:20.846,1.8247,1.82499,1.00,1.00
2018.03.21 13:20:21.092,1.82473,1.82499,1.00,1.00
2018.03.21 13:20:21.193,1.82471,1.82498,1.00,1.00
2018.03.21 13:20:21.478,1.82474,1.82498,1.00,1.00
2018.03.21 13:20:21.579,1.82474,1.825,1.00,1.00
2018.03.21 13:20:22.398,1.82474,1.82503,1.00,1.00
2018.03.21 13:20:22.718,1.82476,1.82504,1.00,1.00
2018.03.21 13:20:23.433,1.82476,1.82502,1.00,1.00
2018.03.21 13:20:23.484,1.82474,1.82502,1.00,1.00
2018.03.21 13:20:23.738,1.82469,1.82497,1.00,1.00
2018.03.21 13:20:23.906,1.82464,1.82493,1.00,1.00
2018.03.21 13:20:24.161,1.82466,1.82494,1.00,1.00
2018.03.21 13:20:25.280,1.82469,1.82497,1.00,1.50
2018.03.21 13:20:25.607,1.82477,1.82505,1.00,1.50
2018.03.21 13:20:26.399,1.82479,1.82505,1.00,1.00
2018.03.21 13:20:26.691,1.82477,1.82505,1.00,1.50
2018.03.21 13:20:26.896,1.82474,1.82501,1.00,1.87
2018.03.21 13:20:27.228,1.82459,1.82487,1.00,2.25
2018.03.21 13:20:27.737,1.82458,1.82486,1.00,1.50
2018.03.21 13:20:28.267,1.82459,1.82487,1.00,1.00
2018.03.21 13:20:28.772,1.82458,1.82485,1.00,1.00
2018.03.21 13:20:28.925,1.82456,1.82484,1.00,1.00
2018.03.21 13:20:29.173,1.82454,1.82482,1.00,1.00
2018.03.21 13:20:29.492,1.82452,1.82478,1.00,1.00
2018.03.21 13:20:30.168,1.82453,1.8248,1.00,1.00
2018.03.21 13:20:30.324,1.82454,1.82482,1.00,1.50
2018.03.21 13:20:30.374,1.82456,1.82482,1.00,1.00
2018.03.21 13:20:30.425,1.82456,1.82484,1.00,1.00
2018.03.21 13:20:30.476,1.82462,1.82489,1.00,1.00
2018.03.21 13:20:30.527,1.82463,1.82491,1.00,1.00
2018.03.21 13:20:30.680,1.82465,1.82491,1.00,1.00
2018.03.21 13:20:30.731,1.82465,1.82494,1.00,1.50
2018.03.21 13:20:30.934,1.82468,1.82496,1.00,1.00
2018.03.21 13:20:31.239,1.82468,1.82494,1.00,1.00
2018.03.21 13:20:31.441,1.82465,1.82494,1.00,1.00
2018.03.21 13:20:31.871,1.82463,1.82491,1.00,1.00
2018.03.21 13:20:32.186,1.8246,1.82488,1.00,1.00
2018.03.21 13:20:32.388,1.82461,1.8249,1.00,1.00
2018.03.21 13:20:32.904,1.82461,1.82487,1.00,1.00
2018.03.21 13:20:32.955,1.82459,1.82486,1.00,1.00
2018.03.21 13:20:33.006,1.82453,1.82481,1.00,1.00
2018.03.21 13:20:34.279,1.82451,1.82478,1.00,1.00
2018.03.21 13:20:34.330,1.82449,1.82477,1.00,1.00
2018.03.21 13:20:34.788,1.82446,1.82475,1.00,1.00
2018.03.21 13:20:34.890,1.82445,1.82473,1.00,1.00
2018.03.21 13:20:34.993,1.82442,1.82471,1.00,1.00
2018.03.21 13:20:35.147,1.82441,1.82469,1.00,1.00
2018.03.21 13:20:35.659,1.8244,1.82468,1.00,1.00
2018.03.21 13:20:36.643,1.82441,1.8247,1.00,1.00
2018.03.21 13:20:37.437,1.82444,1.82472,1.00,1.00
2018.03.21 13:20:37.790,1.82445,1.82474,1.00,1.00
2018.03.21 13:20:37.841,1.82448,1.82474,1.00,1.00
2018.03.21 13:20:38.174,1.82448,1.82477,1.00,1.00
2018.03.21 13:20:39.336,1.82443,1.82469,1.00,1.00
2018.03.21 13:20:40.132,1.82443,1.82471,1.00,1.00
2018.03.21 13:20:40.439,1.8244,1.82469,1.00,1.00
2018.03.21 13:20:40.540,1.82446,1.82474,1.00,1.00
2018.03.21 13:20:41.084,1.82448,1.82475,1.00,1.00
2018.03.21 13:20:41.141,1.8245,1.82478,1.00,1.00
2018.03.21 13:20:41.649,1.82449,1.82476,1.00,1.00
2018.03.21 13:20:41.802,1.82447,1.82475,1.00,1.00
2018.03.21 13:20:41.904,1.82449,1.82476,1.00,1.00
2018.03.21 13:20:42.210,1.82451,1.82477,1.00,1.00
2018.03.21 13:20:42.515,1.82443,1.82468,1.00,1.50
2018.03.21 13:20:42.821,1.82441,1.82468,1.00,1.00
2018.03.21 13:20:43.354,1.82441,1.82467,1.00,1.00
2018.03.21 13:20:43.589,1.82441,1.8247,1.00,1.00
2018.03.21 13:20:43.641,1.82444,1.82472,1.00,1.50
2018.03.21 13:20:43.693,1.82449,1.82478,1.50,1.00
2018.03.21 13:20:43.745,1.82456,1.82482,1.00,1.00
2018.03.21 13:20:43.949,1.82459,1.82487,1.00,1.00
2018.03.21 13:20:44.000,1.82461,1.82487,1.00,1.00
2018.03.21 13:20:44.343,1.82458,1.82485,1.00,1.00
2018.03.21 13:20:44.546,1.82463,1.82489,1.00,1.00
2018.03.21 13:20:44.597,1.82465,1.82493,1.50,1.00
2018.03.21 13:20:44.647,1.82469,1.82497,1.00,1.00
2018.03.21 13:20:45.976,1.82473,1.82499,1.00,1.00
2018.03.21 13:20:46.128,1.82473,1.82501,1.00,2.25
2018.03.21 13:20:46.534,1.8247,1.82498,1.00,1.00
2018.03.21 13:20:46.840,1.82468,1.82495,1.00,1.00
2018.03.21 13:20:46.891,1.82469,1.82497,1.00,1.00
2018.03.21 13:20:47.239,1.82467,1.82496,1.00,1.00
2018.03.21 13:20:47.589,1.82469,1.82497,1.00,1.00
2018.03.21 13:20:47.939,1.82468,1.82494,1.00,1.00
2018.03.21 13:20:48.041,1.82469,1.82496,1.00,1.00
2018.03.21 13:20:48.142,1.82471,1.82499,1.00,1.00
2018.03.21 13:20:48.288,1.82472,1.82501,1.00,1.50
2018.03.21 13:20:48.389,1.82471,1.82499,1.00,1.00
2018.03.21 13:20:48.710,1.82474,1.825,1.00,1.00
2018.03.21 13:20:48.986,1.82471,1.825,1.00,1.00
2018.03.21 13:20:49.037,1.82469,1.82496,1.00,1.00
2018.03.21 13:20:49.088,1.82467,1.82496,1.00,1.00
2018.03.21 13:20:49.190,1.82467,1.82493,1.00,1.00
2018.03.21 13:20:49.548,1.82465,1.82493,1.00,1.00
2018.03.21 13:20:50.281,1.82471,1.82497,1.00,1.50
2018.03.21 13:20:50.332,1.82469,1.82497,1.00,1.50
2018.03.21 13:20:50.499,1.82467,1.82496,1.00,1.00
2018.03.21 13:20:51.415,1.82468,1.82497,1.00,1.00
2018.03.21 13:20:51.517,1.82466,1.82496,1.00,1.50
2018.03.21 13:20:51.568,1.82465,1.82493,1.00,1.00
2018.03.21 13:20:51.945,1.8246,1.82486,1.00,1.00
2018.03.21 13:20:52.249,1.82458,1.82484,1.00,1.00
2018.03.21 13:20:52.300,1.82456,1.82483,1.00,1.00
2018.03.21 13:20:52.452,1.82456,1.82485,1.00,1.00
2018.03.21 13:20:52.711,1.82454,1.82483,1.00,1.00
2018.03.21 13:20:53.014,1.82459,1.82488,1.00,1.00
2018.03.21 13:20:53.443,1.8246,1.82486,1.00,1.00
2018.03.21 13:20:54.027,1.82458,1.82487,1.00,1.00
2018.03.21 13:20:54.204,1.82461,1.82489,1.00,1.00
2018.03.21 13:20:54.676,1.82462,1.82491,1.00,1.00
2018.03.21 13:20:54.889,1.82465,1.82494,1.00,1.00
2018.03.21 13:20:55.396,1.82465,1.82493,1.00,1.00
2018.03.21 13:20:55.447,1.82466,1.82495,1.00,1.50
2018.03.21 13:20:55.708,1.82467,1.82493,1.00,1.00
2018.03.21 13:20:55.810,1.82467,1.82495,1.00,1.00
2018.03.21 13:20:56.204,1.8247,1.82495,1.00,1.00
2018.03.21 13:20:56.391,1.82468,1.82495,1.00,1.00
2018.03.21 13:20:56.696,1.82473,1.82497,1.00,1.00
2018.03.21 13:20:56.747,1.82474,1.82501,1.00,1.50
2018.03.21 13:20:57.047,1.82471,1.82498,1.00,1.00
2018.03.21 13:20:57.839,1.82471,1.825,1.00,1.00
2018.03.21 13:20:58.295,1.8247,1.82498,1.00,1.00
2018.03.21 13:20:58.737,1.82471,1.825,1.00,1.00
2018.03.21 13:20:58.839,1.82473,1.82501,1.00,1.00
2018.03.21 13:20:59.000,1.82471,1.825,1.00,1.00
2018.03.21 13:20:59.103,1.82471,1.82497,1.00,1.00
2018.03.21 13:20:59.306,1.82471,1.825,1.00,1.00
2018.03.21 13:20:59.358,1.82471,1.82497,1.00,1.00
2018.03.21 13:20:59.541,1.82472,1.82499,1.00,1.00
2018.03.21 13:20:59.596,1.82474,1.825,1.00,1.00
2018.03.21 13:20:59.647,1.82474,1.82502,1.00,1.00
2018.03.21 13:20:59.699,1.82478,1.82504,1.00,1.00
2018.03.21 13:20:59.903,1.82478,1.82506,1.00,1.00
2018.03.21 13:21:00.158,1.82479,1.82508,1.00,1.00
2018.03.21 13:21:00.311,1.82482,1.82508,1.00,1.00
2018.03.21 13:21:00.581,1.8248,1.82509,1.00,1.00
2018.03.21 13:21:01.378,1.82482,1.8251,1.00,1.00
2018.03.21 13:21:02.062,1.8248,1.82509,1.00,1.00
2018.03.21 13:21:02.822,1.82479,1.82507,1.00,1.00
2018.03.21 13:21:03.372,1.82476,1.82505,1.50,1.00
2018.03.21 13:21:03.563,1.82474,1.82502,1.00,1.00
2018.03.21 13:21:04.089,1.82473,1.82502,1.50,1.00
2018.03.21 13:21:04.469,1.82475,1.82503,1.00,1.00
2018.03.21 13:21:04.926,1.82478,1.82503,1.00,1.00
2018.03.21 13:21:05.125,1.82487,1.82513,1.50,1.50
2018.03.21 13:21:05.176,1.82487,1.82515,1.00,1.00
2018.03.21 13:21:05.565,1.82488,1.82517,1.00,2.44
2018.03.21 13:21:06.101,1.82494,1.82521,1.00,1.00
2018.03.21 13:21:06.152,1.82495,1.82523,1.00,1.00
2018.03.21 13:21:06.203,1.825,1.82523,1.00,1.00
2018.03.21 13:21:06.254,1.82502,1.82531,1.00,1.00
2018.03.21 13:21:06.305,1.82506,1.82535,1.00,1.87
2018.03.21 13:21:06.609,1.8252,1.82548,1.00,1.00
2018.03.21 13:21:07.137,1.82519,1.82547,1.00,1.00
2018.03.21 13:21:07.447,1.82518,1.82545,1.00,1.00
2018.03.21 13:21:07.699,1.82511,1.82539,1.00,1.00
2018.03.21 13:21:08.033,1.82512,1.82541,1.00,2.25
2018.03.21 13:21:08.084,1.8251,1.82537,1.00,1.00
2018.03.21 13:21:08.650,1.82516,1.82544,1.00,1.00
2018.03.21 13:21:08.701,1.82517,1.82546,1.00,1.00
2018.03.21 13:21:10.029,1.82517,1.82544,1.00,1.00
2018.03.21 13:21:10.198,1.82514,1.82543,1.00,1.00
2018.03.21 13:21:10.350,1.82515,1.82541,1.00,1.00
2018.03.21 13:21:10.634,1.82513,1.82541,1.00,1.00
2018.03.21 13:21:11.576,1.82517,1.82544,1.00,1.00
2018.03.21 13:21:11.628,1.82518,1.82547,1.00,1.00
2018.03.21 13:21:12.480,1.82517,1.82545,1.00,1.00
2018.03.21 13:21:12.545,1.82511,1.8254,1.00,1.00
2018.03.21 13:21:12.596,1.82511,1.82537,1.00,1.00
2018.03.21 13:21:12.953,1.82508,1.82537,1.00,1.00
2018.03.21 13:21:13.005,1.82507,1.82535,1.00,1.00
2018.03.21 13:21:14.628,1.82507,1.82533,1.00,1.00
2018.03.21 13:21:14.864,1.82507,1.82535,1.00,1.00
2018.03.21 13:21:15.891,1.82506,1.82534,1.00,1.00
2018.03.21 13:21:16.151,1.82508,1.82534,1.00,1.00
2018.03.21 13:21:16.429,1.82506,1.82534,1.00,1.00
2018.03.21 13:21:17.221,1.82507,1.82535,1.00,1.00
2018.03.21 13:21:17.272,1.82508,1.82537,1.00,1.00
2018.03.21 13:21:17.921,1.82508,1.82534,1.00,1.00
2018.03.21 13:21:18.059,1.82503,1.82531,1.00,1.00
2018.03.21 13:21:18.160,1.82503,1.82529,1.00,1.00
2018.03.21 13:21:19.376,1.82501,1.82529,2.44,1.00
2018.03.21 13:21:19.686,1.82503,1.82531,1.00,1.00
2018.03.21 13:21:19.838,1.82505,1.82526,1.00,1.00
2018.03.21 13:21:19.890,1.825,1.82526,1.00,1.00
2018.03.21 13:21:19.941,1.82499,1.82523,1.00,1.00
2018.03.21 13:21:19.993,1.82497,1.82523,1.00,1.00
2018.03.21 13:21:20.095,1.82497,1.82526,1.50,1.00
2018.03.21 13:21:20.146,1.825,1.82526,1.00,1.00
2018.03.21 13:21:20.226,1.82503,1.82531,1.00,1.00
2018.03.21 13:21:20.380,1.82501,1.82527,1.00,1.00
2018.03.21 13:21:20.431,1.82499,1.82527,1.00,1.00
2018.03.21 13:21:20.482,1.82497,1.82526,1.00,1.00
2018.03.21 13:21:20.533,1.82501,1.82527,1.50,1.00
2018.03.21 13:21:20.686,1.82504,1.82532,1.00,1.00
2018.03.21 13:21:21.493,1.82506,1.82533,1.00,1.00
2018.03.21 13:21:21.798,1.82506,1.8253,1.00,1.25
2018.03.21 13:21:22.140,1.82496,1.82517,1.00,1.00
2018.03.21 13:21:22.191,1.82493,1.82521,1.00,1.00
2018.03.21 13:21:22.242,1.82495,1.82523,1.00,1.00
2018.03.21 13:21:22.448,1.82498,1.82527,2.25,1.00
2018.03.21 13:21:22.651,1.825,1.82527,1.00,1.00
2018.03.21 13:21:22.755,1.82501,1.82529,1.00,1.12
2018.03.21 13:21:22.857,1.82501,1.82527,1.00,1.00
2018.03.21 13:21:22.973,1.82501,1.82529,1.00,1.00
2018.03.21 13:21:23.226,1.82503,1.8253,1.00,1.00
2018.03.21 13:21:23.378,1.82504,1.82532,1.00,1.00
2018.03.21 13:21:23.428,1.82502,1.82529,1.00,1.00
2018.03.21 13:21:23.732,1.82504,1.82532,1.00,1.00
2018.03.21 13:21:24.126,1.82506,1.82532,1.00,1.00
2018.03.21 13:21:24.429,1.82506,1.8253,1.00,1.00
2018.03.21 13:21:24.969,1.82506,1.82531,1.00,1.00
2018.03.21 13:21:25.253,1.82506,1.82533,1.00,1.00
2018.03.21 13:21:25.508,1.82507,1.82535,1.00,1.00
2018.03.21 13:21:25.610,1.82511,1.82537,1.00,1.00
2018.03.21 13:21:26.152,1.8251,1.82537,1.00,1.00
2018.03.21 13:21:26.603,1.82507,1.8253,1.00,1.00
2018.03.21 13:21:26.654,1.82501,1.82526,1.00,1.00
2018.03.21 13:21:27.059,1.82499,1.82526,1.00,1.00
2018.03.21 13:21:27.500,1.82501,1.82524,1.00,1.00
2018.03.21 13:21:27.552,1.82497,1.82522,1.00,1.00
2018.03.21 13:21:27.603,1.82498,1.82526,1.50,1.00
2018.03.21 13:21:28.160,1.82499,1.82527,1.50,1.00
2018.03.21 13:21:28.788,1.825,1.82529,1.00,1.00
2018.03.21 13:21:29.143,1.82502,1.8253,1.00,1.00
2018.03.21 13:21:29.810,1.82503,1.82531,1.00,1.00
2018.03.21 13:21:30.013,1.825,1.82529,1.00,1.00
2018.03.21 13:21:30.114,1.82503,1.82529,1.00,1.00
2018.03.21 13:21:30.665,1.82504,1.8253,1.00,1.00
2018.03.21 13:21:30.816,1.82505,1.82532,1.00,1.00
2018.03.21 13:21:31.182,1.82504,1.8253,1.00,1.00
2018.03.21 13:21:31.998,1.82504,1.82533,1.00,1.00
2018.03.21 13:21:32.203,1.82504,1.82531,1.00,1.50
2018.03.21 13:21:32.331,1.82502,1.82531,1.00,1.00
2018.03.21 13:21:32.382,1.82505,1.82533,1.00,1.00
2018.03.21 13:21:32.484,1.82502,1.82531,1.00,1.00
2018.03.21 13:21:32.738,1.82504,1.82532,1.00,1.00
2018.03.21 13:21:33.062,1.82493,1.82516,1.00,1.00
2018.03.21 13:21:33.370,1.82497,1.82515,1.00,1.00
2018.03.21 13:21:33.552,1.82495,1.82515,1.00,1.00
2018.03.21 13:21:33.857,1.82493,1.82514,1.00,1.00
2018.03.21 13:21:33.908,1.82493,1.82511,1.00,1.00
2018.03.21 13:21:34.264,1.82487,1.82511,1.00,1.00
2018.03.21 13:21:34.661,1.82487,1.82514,1.50,1.00
2018.03.21 13:21:34.813,1.82489,1.82517,1.00,1.00
2018.03.21 13:21:35.922,1.8249,1.82519,1.50,1.00
2018.03.21 13:21:36.253,1.82488,1.82516,1.00,1.00
2018.03.21 13:21:36.775,1.82489,1.82517,1.00,1.00
2018.03.21 13:21:37.105,1.82489,1.82515,1.00,1.00
2018.03.21 13:21:37.410,1.82489,1.82517,1.00,1.00
2018.03.21 13:21:38.051,1.82489,1.82515,1.00,1.00
2018.03.21 13:21:38.255,1.82489,1.82517,1.00,1.00
2018.03.21 13:21:38.459,1.8249,1.82519,1.00,1.00
2018.03.21 13:21:39.135,1.82491,1.82519,1.00,1.00
2018.03.21 13:21:39.237,1.82493,1.8252,1.00,1.00
2018.03.21 13:21:39.550,1.82497,1.82523,1.00,1.00
2018.03.21 13:21:39.601,1.82495,1.82522,1.50,1.00
2018.03.21 13:21:40.169,1.82499,1.82526,1.00,1.00
2018.03.21 13:21:40.271,1.825,1.82528,1.00,1.00
2018.03.21 13:21:40.562,1.825,1.82526,1.00,1.00
2018.03.21 13:21:40.878,1.82497,1.82523,1.00,1.00
2018.03.21 13:21:40.929,1.82494,1.82523,1.00,1.00
2018.03.21 13:21:40.980,1.82497,1.82523,1.00,1.00
2018.03.21 13:21:41.133,1.82495,1.82522,1.00,1.50
2018.03.21 13:21:41.184,1.82494,1.8252,1.00,1.00
2018.03.21 13:21:41.534,1.82492,1.82521,1.00,1.00
2018.03.21 13:21:41.783,1.82488,1.82517,1.19,1.00
2018.03.21 13:21:42.378,1.82489,1.82518,1.25,1.00
2018.03.21 13:21:43.049,1.82489,1.82517,1.00,1.00
2018.03.21 13:21:43.355,1.82486,1.82514,1.00,1.00
2018.03.21 13:21:43.697,1.82488,1.82516,1.00,1.00
2018.03.21 13:21:44.219,1.8249,1.82519,1.00,1.00
2018.03.21 13:21:44.270,1.82489,1.82517,1.00,1.00
2018.03.21 13:21:44.591,1.82489,1.82515,1.00,1.00
2018.03.21 13:21:44.869,1.82489,1.82517,1.00,1.00
2018.03.21 13:21:45.194,1.82489,1.82515,1.00,1.00
2018.03.21 13:21:45.974,1.82489,1.82514,1.00,1.50
2018.03.21 13:21:46.025,1.82485,1.82513,1.00,1.87
2018.03.21 13:21:46.131,1.82479,1.82507,2.62,1.00
2018.03.21 13:21:46.489,1.82478,1.82506,1.00,1.00
2018.03.21 13:21:48.116,1.82479,1.82507,1.00,1.00
2018.03.21 13:21:48.607,1.82481,1.82508,1.00,1.00
2018.03.21 13:21:48.862,1.82479,1.82507,1.00,1.00
2018.03.21 13:21:50.815,1.8248,1.82509,1.00,1.50
2018.03.21 13:21:51.118,1.82479,1.82507,1.00,1.00
2018.03.21 13:21:51.785,1.8248,1.82509,1.00,1.00
2018.03.21 13:21:52.539,1.82479,1.82507,1.00,1.00
2018.03.21 13:21:53.266,1.82478,1.82506,1.00,1.00
2018.03.21 13:21:53.317,1.82476,1.82505,1.09,1.00
2018.03.21 13:21:53.540,1.82479,1.82505,1.00,1.00
2018.03.21 13:21:55.841,1.82474,1.82502,1.00,1.00
2018.03.21 13:21:55.892,1.82473,1.825,1.00,1.00
2018.03.21 13:21:56.144,1.82469,1.82497,1.50,1.00
2018.03.21 13:21:56.397,1.82471,1.825,1.00,1.00
2018.03.21 13:21:56.615,1.82474,1.825,1.00,1.00
2018.03.21 13:21:56.871,1.82472,1.82499,1.00,1.00
2018.03.21 13:21:57.685,1.82473,1.82501,1.00,1.00
2018.03.21 13:21:57.737,1.82475,1.82501,1.00,1.00
2018.03.21 13:21:57.788,1.82476,1.82505,1.00,1.00
2018.03.21 13:21:57.906,1.82476,1.82502,1.00,1.00
2018.03.21 13:21:58.240,1.82476,1.82505,1.00,1.00
2018.03.21 13:21:58.782,1.82476,1.82502,1.00,1.00
2018.03.21 13:21:59.167,1.82477,1.82504,1.00,1.00
2018.03.21 13:21:59.885,1.8247,1.82498,2.25,1.00
2018.03.21 13:22:00.174,1.82469,1.82495,1.00,1.00
2018.03.21 13:22:00.529,1.82466,1.82495,1.00,1.00
2018.03.21 13:22:00.851,1.82466,1.82492,1.00,1.00
2018.03.21 13:22:01.367,1.82471,1.82495,1.00,1.00
2018.03.21 13:22:01.513,1.82461,1.82488,1.00,1.00
2018.03.21 13:22:01.564,1.82463,1.82491,1.00,1.50
2018.03.21 13:22:01.614,1.82467,1.82495,1.00,2.25
2018.03.21 13:22:02.399,1.82468,1.82496,1.00,1.50
2018.03.21 13:22:02.943,1.82469,1.82496,1.00,1.00
2018.03.21 13:22:03.251,1.82458,1.82484,1.00,1.50
2018.03.21 13:22:03.584,1.82462,1.82487,1.00,1.00
2018.03.21 13:22:03.635,1.82464,1.8249,1.00,3.00
2018.03.21 13:22:03.686,1.82464,1.82492,1.00,1.50
2018.03.21 13:22:04.236,1.82467,1.82495,1.00,1.00
2018.03.21 13:22:04.541,1.82465,1.82488,1.00,1.00
2018.03.21 13:22:04.695,1.82465,1.82492,1.00,1.00
2018.03.21 13:22:04.745,1.82467,1.82492,1.00,1.00
2018.03.21 13:22:05.062,1.82466,1.8249,1.00,1.00
2018.03.21 13:22:05.376,1.82459,1.82478,1.00,1.00
2018.03.21 13:22:05.702,1.82458,1.82476,1.00,1.00
2018.03.21 13:22:06.320,1.8246,1.82476,1.00,1.00
2018.03.21 13:22:06.371,1.8246,1.8248,1.00,1.00
2018.03.21 13:22:06.603,1.8246,1.82482,1.00,1.00
2018.03.21 13:22:06.654,1.82456,1.82484,1.87,1.00
2018.03.21 13:22:06.705,1.82461,1.82486,1.00,1.00
2018.03.21 13:22:06.756,1.82464,1.82492,1.00,1.50
2018.03.21 13:22:06.908,1.82465,1.82494,1.00,2.25
2018.03.21 13:22:06.958,1.82465,1.82494,1.00,1.87
2018.03.21 13:22:07.211,1.82462,1.82488,1.50,1.37
2018.03.21 13:22:07.262,1.82466,1.82488,1.00,1.37
2018.03.21 13:22:07.420,1.82463,1.82492,2.25,1.50
2018.03.21 13:22:07.624,1.82471,1.82497,1.00,1.37
2018.03.21 13:22:07.833,1.82475,1.82501,1.00,1.00
2018.03.21 13:22:07.985,1.82477,1.82505,1.00,1.00
2018.03.21 13:22:08.087,1.82475,1.82503,1.00,1.00
2018.03.21 13:22:08.366,1.82469,1.82498,1.00,1.00
2018.03.21 13:22:08.417,1.82471,1.82499,1.00,1.50
2018.03.21 13:22:08.722,1.82477,1.82503,1.00,1.00
2018.03.21 13:22:08.874,1.82475,1.82503,1.00,1.00
2018.03.21 13:22:09.386,1.82476,1.82502,1.00,1.00
2018.03.21 13:22:09.864,1.82477,1.82504,1.00,1.00
2018.03.21 13:22:09.915,1.82476,1.82502,1.00,1.00
2018.03.21 13:22:09.966,1.82472,1.825,1.00,1.00
2018.03.21 13:22:10.016,1.82469,1.82497,1.00,1.00
2018.03.21 13:22:10.563,1.82467,1.82493,1.00,1.00
2018.03.21 13:22:10.672,1.82468,1.82496,1.00,1.00
2018.03.21 13:22:10.825,1.8247,1.82496,1.00,1.00
2018.03.21 13:22:10.876,1.82471,1.82499,1.69,1.00
2018.03.21 13:22:10.989,1.82475,1.82503,1.34,2.25
2018.03.21 13:22:11.040,1.82478,1.82503,1.00,1.50
2018.03.21 13:22:11.094,1.82478,1.82506,1.00,1.00
2018.03.21 13:22:11.144,1.82481,1.82509,1.00,2.25
2018.03.21 13:22:11.451,1.82479,1.82505,1.00,1.00
2018.03.21 13:22:11.779,1.82479,1.82507,1.00,1.00
2018.03.21 13:22:12.285,1.82478,1.82507,1.50,1.00
2018.03.21 13:22:12.570,1.82482,1.82511,1.00,1.00
2018.03.21 13:22:13.289,1.82483,1.82509,1.00,1.00
2018.03.21 13:22:13.493,1.82477,1.82507,1.50,1.00
2018.03.21 13:22:13.545,1.82477,1.82504,1.00,1.00
2018.03.21 13:22:13.723,1.82478,1.82506,1.00,1.00
2018.03.21 13:22:13.824,1.8248,1.82507,1.00,1.00
2018.03.21 13:22:14.143,1.82478,1.82507,1.00,1.00
2018.03.21 13:22:14.244,1.8248,1.82507,1.00,1.00
2018.03.21 13:22:14.750,1.82479,1.82508,1.00,1.00
2018.03.21 13:22:15.054,1.82481,1.82507,1.00,1.00
2018.03.21 13:22:15.211,1.8248,1.8251,1.00,1.00
2018.03.21 13:22:15.517,1.8248,1.82508,1.00,1.00
2018.03.21 13:22:15.708,1.82487,1.82516,1.00,2.25
2018.03.21 13:22:15.815,1.82485,1.82512,1.00,1.00
2018.03.21 13:22:16.069,1.82486,1.82514,1.00,1.00
2018.03.21 13:22:16.242,1.82484,1.82513,1.00,1.00
2018.03.21 13:22:16.666,1.82483,1.82511,1.50,1.00
2018.03.21 13:22:17.039,1.82484,1.82514,1.00,1.00
2018.03.21 13:22:17.407,1.82484,1.82511,1.00,1.00
2018.03.21 13:22:17.610,1.82484,1.82514,1.00,1.00
2018.03.21 13:22:17.822,1.82487,1.82515,1.00,1.00
2018.03.21 13:22:17.873,1.8249,1.82519,1.00,1.00
2018.03.21 13:22:17.925,1.82495,1.82521,1.00,1.00
2018.03.21 13:22:18.098,1.82497,1.82525,1.00,1.50
2018.03.21 13:22:18.251,1.82492,1.82521,1.00,1.00
2018.03.21 13:22:18.302,1.82492,1.82518,1.00,1.00
2018.03.21 13:22:18.408,1.82493,1.8252,1.00,1.00
2018.03.21 13:22:18.510,1.82497,1.82522,1.00,1.00
2018.03.21 13:22:18.663,1.82498,1.82525,1.00,1.37
2018.03.21 13:22:18.763,1.82495,1.82518,1.00,2.25
2018.03.21 13:22:18.919,1.82496,1.82522,1.00,1.00
2018.03.21 13:22:19.075,1.82496,1.82525,1.00,1.00
2018.03.21 13:22:19.430,1.82498,1.82524,1.00,1.00
2018.03.21 13:22:19.653,1.82499,1.82526,1.00,1.00
2018.03.21 13:22:19.857,1.82505,1.8253,1.00,1.00
2018.03.21 13:22:20.061,1.82515,1.82542,1.00,1.50
2018.03.21 13:22:20.112,1.82526,1.82544,1.00,1.00
2018.03.21 13:22:20.424,1.82533,1.82545,1.00,1.00
2018.03.21 13:22:20.576,1.82532,1.82559,1.00,1.00
2018.03.21 13:22:20.677,1.82529,1.82555,1.00,1.00
2018.03.21 13:22:20.728,1.82523,1.82551,1.00,1.00
2018.03.21 13:22:20.879,1.82527,1.82556,1.00,1.50
2018.03.21 13:22:21.031,1.8253,1.82556,1.00,1.50
2018.03.21 13:22:21.153,1.8253,1.82559,1.00,1.00
2018.03.21 13:22:21.204,1.82532,1.8256,1.00,1.50
2018.03.21 13:22:21.513,1.82525,1.82554,1.00,1.50
2018.03.21 13:22:21.766,1.82528,1.82555,1.00,1.50
2018.03.21 13:22:22.271,1.82528,1.82556,1.00,1.69
2018.03.21 13:22:22.424,1.82518,1.82548,1.00,1.00
2018.03.21 13:22:22.476,1.82521,1.82548,1.00,1.00
2018.03.21 13:22:22.979,1.82522,1.82549,1.00,2.25
2018.03.21 13:22:23.283,1.82525,1.82552,1.00,1.19
2018.03.21 13:22:23.670,1.82525,1.82552,1.00,1.00
2018.03.21 13:22:23.721,1.82522,1.8255,1.00,1.00
2018.03.21 13:22:24.391,1.8252,1.82547,1.00,1.62
2018.03.21 13:22:24.493,1.82509,1.82535,1.00,1.50
2018.03.21 13:22:24.648,1.82507,1.82534,1.00,1.00
2018.03.21 13:22:24.852,1.82505,1.82535,1.00,1.50
2018.03.21 13:22:25.229,1.82507,1.82535,1.00,1.50
2018.03.21 13:22:25.771,1.82506,1.82534,1.00,1.00
2018.03.21 13:22:26.272,1.82504,1.82533,1.00,1.00
2018.03.21 13:22:26.323,1.82502,1.8253,1.00,1.50
2018.03.21 13:22:26.550,1.82503,1.82533,1.00,1.50
2018.03.21 13:22:26.777,1.82506,1.82533,1.00,1.50
2018.03.21 13:22:27.205,1.82504,1.82534,1.00,1.50
2018.03.21 13:22:27.397,1.82506,1.82533,1.00,1.00
2018.03.21 13:22:27.752,1.82504,1.82533,1.00,1.00
2018.03.21 13:22:28.104,1.82506,1.82533,1.00,1.50
2018.03.21 13:22:28.748,1.82506,1.82534,1.94,1.00
2018.03.21 13:22:29.057,1.82522,1.82551,1.00,1.37
2018.03.21 13:22:29.161,1.82522,1.82551,1.00,1.00
2018.03.21 13:22:29.264,1.8252,1.8255,1.00,1.00
2018.03.21 13:22:29.942,1.82523,1.8255,1.00,1.00
2018.03.21 13:22:30.333,1.82524,1.82541,1.00,1.00
2018.03.21 13:22:30.437,1.82508,1.82532,1.00,1.00
2018.03.21 13:22:30.488,1.82504,1.82531,1.00,2.06
2018.03.21 13:22:30.539,1.82501,1.8253,1.00,2.06
2018.03.21 13:22:30.642,1.825,1.82527,1.00,1.50
2018.03.21 13:22:30.693,1.82497,1.82526,1.00,1.00
2018.03.21 13:22:30.848,1.82496,1.82524,1.00,1.00
2018.03.21 13:22:31.324,1.82499,1.82525,1.00,1.00
2018.03.21 13:22:31.477,1.82499,1.82529,1.00,1.50
2018.03.21 13:22:31.529,1.82502,1.8253,1.00,3.00
2018.03.21 13:22:31.733,1.82496,1.82525,1.00,1.00
2018.03.21 13:22:31.833,1.82496,1.82522,1.00,1.00
2018.03.21 13:22:33.559,1.82494,1.82522,1.00,1.00
2018.03.21 13:22:34.080,1.82495,1.82523,1.00,1.00
2018.03.21 13:22:34.131,1.82496,1.82525,1.00,1.00
2018.03.21 13:22:34.500,1.82496,1.82523,1.00,1.50
2018.03.21 13:22:35.034,1.82495,1.82523,1.00,1.50
2018.03.21 13:22:36.786,1.82494,1.82522,1.00,1.00
2018.03.21 13:22:37.107,1.82502,1.8253,1.00,1.00
2018.03.21 13:22:37.641,1.82501,1.82529,1.00,1.00
2018.03.21 13:22:38.062,1.82499,1.82528,1.00,1.00
2018.03.21 13:22:39.327,1.82501,1.82529,1.00,1.00
2018.03.21 13:22:39.803,1.82503,1.82529,1.00,1.00
2018.03.21 13:22:40.152,1.82503,1.82532,1.00,1.50
2018.03.21 13:22:40.934,1.82505,1.82533,1.00,2.25
2018.03.21 13:22:41.472,1.82504,1.82531,1.00,1.00
2018.03.21 13:22:41.806,1.82506,1.82532,1.00,1.50
2018.03.21 13:22:42.305,1.82508,1.82533,1.00,1.00
2018.03.21 13:22:42.643,1.82505,1.82533,1.00,1.50
2018.03.21 13:22:43.000,1.82506,1.82535,1.00,1.25
2018.03.21 13:22:43.429,1.82504,1.82532,1.00,1.00
2018.03.21 13:22:44.298,1.82502,1.82531,1.00,1.00
2018.03.21 13:22:44.350,1.82498,1.82524,1.00,1.00
2018.03.21 13:22:44.452,1.82496,1.82524,1.00,1.00
2018.03.21 13:22:44.875,1.82496,1.82522,1.00,1.00
2018.03.21 13:22:45.028,1.82493,1.82521,1.00,1.00
2018.03.21 13:22:45.634,1.82493,1.82519,1.00,1.00
2018.03.21 13:22:45.966,1.82484,1.8251,1.00,1.00
2018.03.21 13:22:47.058,1.82483,1.82511,1.00,1.00
2018.03.21 13:22:47.560,1.82482,1.8251,1.00,1.00
2018.03.21 13:22:47.611,1.8248,1.82509,1.00,1.00
2018.03.21 13:22:47.662,1.8248,1.82506,1.00,1.00
2018.03.21 13:22:47.915,1.82478,1.82506,1.00,1.00
2018.03.21 13:22:47.967,1.82476,1.82505,1.00,1.00
2018.03.21 13:22:48.411,1.82473,1.82501,1.00,1.00
2018.03.21 13:22:48.716,1.82471,1.82498,1.00,1.00
2018.03.21 13:22:48.969,1.82469,1.82497,1.00,1.50
2018.03.21 13:22:49.020,1.82467,1.82496,1.50,1.00
2018.03.21 13:22:49.155,1.82469,1.82498,1.00,2.25
2018.03.21 13:22:49.458,1.82488,1.82512,1.00,1.00
2018.03.21 13:22:49.509,1.82488,1.82516,1.00,1.12
2018.03.21 13:22:49.560,1.82488,1.82514,1.00,1.00
2018.03.21 13:22:49.610,1.82488,1.82517,1.00,1.00
2018.03.21 13:22:49.661,1.82488,1.82513,1.00,1.00
2018.03.21 13:22:49.823,1.82488,1.82517,1.00,1.00
2018.03.21 13:22:50.269,1.82488,1.82515,1.00,1.00
2018.03.21 13:22:50.574,1.825,1.82527,1.00,1.00
2018.03.21 13:22:50.877,1.82502,1.82528,1.00,1.00
2018.03.21 13:22:51.413,1.82501,1.82527,1.00,1.00
2018.03.21 13:22:51.615,1.82497,1.82524,1.00,1.00
2018.03.21 13:22:51.666,1.82494,1.82524,1.00,1.00
2018.03.21 13:22:51.717,1.82493,1.82522,1.00,1.00
2018.03.21 13:22:51.923,1.82501,1.82532,1.00,1.87
2018.03.21 13:22:52.075,1.82509,1.82534,1.00,1.50
2018.03.21 13:22:52.176,1.8251,1.82536,1.00,1.00
2018.03.21 13:22:52.227,1.82515,1.82539,1.00,1.00
2018.03.21 13:22:52.329,1.82513,1.82542,1.00,1.00
2018.03.21 13:22:52.379,1.8252,1.82545,1.00,1.00
2018.03.21 13:22:52.481,1.82522,1.82551,1.00,1.00
2018.03.21 13:22:52.582,1.82524,1.82553,1.00,1.00
2018.03.21 13:22:52.834,1.82522,1.82553,1.00,1.00
2018.03.21 13:22:52.932,1.82519,1.82547,1.00,1.00
2018.03.21 13:22:52.983,1.82513,1.82545,1.00,2.25
2018.03.21 13:22:53.236,1.82516,1.82548,1.69,1.00
2018.03.21 13:22:53.539,1.82522,1.82551,1.00,1.00
2018.03.21 13:22:53.848,1.82525,1.82552,1.00,1.00
2018.03.21 13:22:54.544,1.82526,1.82552,1.00,1.00
2018.03.21 13:22:54.884,1.82524,1.82552,1.00,1.00
2018.03.21 13:22:56.787,1.82524,1.82551,1.00,1.00
2018.03.21 13:22:56.838,1.82522,1.82551,1.00,1.00
2018.03.21 13:22:56.939,1.82522,1.82554,1.00,1.00
2018.03.21 13:22:57.464,1.82523,1.82554,1.00,1.00
2018.03.21 13:22:57.757,1.82525,1.82556,1.00,1.50
2018.03.21 13:22:58.062,1.82527,1.82557,1.00,1.00
2018.03.21 13:22:58.598,1.82528,1.82557,1.00,1.00
2018.03.21 13:22:59.050,1.82525,1.82554,1.00,1.00
2018.03.21 13:22:59.357,1.82523,1.82552,1.00,1.00
2018.03.21 13:22:59.751,1.82526,1.82554,1.00,1.00
2018.03.21 13:22:59.893,1.82524,1.82553,1.00,1.00
2018.03.21 13:22:59.945,1.8252,1.82549,1.00,1.00
2018.03.21 13:23:00.159,1.82523,1.82553,1.00,1.00
2018.03.21 13:23:00.212,1.82526,1.82554,1.00,1.00
2018.03.21 13:23:00.468,1.82524,1.82553,1.00,1.00
2018.03.21 13:23:00.520,1.82521,1.82549,1.00,1.50
2018.03.21 13:23:00.777,1.82517,1.82546,1.00,1.00
2018.03.21 13:23:01.090,1.82519,1.82547,1.00,1.00
2018.03.21 13:23:01.192,1.82512,1.82541,1.00,1.50
2018.03.21 13:23:01.293,1.8251,1.8254,1.00,1.00
2018.03.21 13:23:01.344,1.82507,1.82533,1.00,1.00
2018.03.21 13:23:01.497,1.82505,1.82536,1.00,1.00
2018.03.21 13:23:01.598,1.82505,1.82533,1.00,1.00
2018.03.21 13:23:01.779,1.82503,1.82533,1.00,1.00
2018.03.21 13:23:01.830,1.82503,1.82531,1.00,1.00
2018.03.21 13:23:02.339,1.82505,1.82532,1.00,1.00
2018.03.21 13:23:02.391,1.82507,1.82536,1.00,1.50
2018.03.21 13:23:02.442,1.82509,1.82535,1.00,1.00
2018.03.21 13:23:02.493,1.8251,1.82537,1.00,1.00
2018.03.21 13:23:02.598,1.82512,1.82541,1.00,1.25
2018.03.21 13:23:03.053,1.82513,1.82534,1.00,1.00
2018.03.21 13:23:03.154,1.82504,1.82534,1.00,1.50
2018.03.21 13:23:03.205,1.82507,1.82534,1.00,1.50
2018.03.21 13:23:03.729,1.82507,1.82535,1.00,1.50
2018.03.21 13:23:03.831,1.82503,1.82532,1.00,1.00
2018.03.21 13:23:04.288,1.82503,1.82534,1.25,1.00
2018.03.21 13:23:04.339,1.82506,1.82535,1.00,1.00
2018.03.21 13:23:04.663,1.82508,1.82535,1.00,1.00
2018.03.21 13:23:05.194,1.82508,1.82534,1.00,1.00
2018.03.21 13:23:05.705,1.82508,1.82535,1.00,1.00
2018.03.21 13:23:05.756,1.82506,1.82535,1.00,1.50
2018.03.21 13:23:05.807,1.82505,1.82533,1.00,1.00
2018.03.21 13:23:06.543,1.82506,1.82534,1.00,1.50
2018.03.21 13:23:07.030,1.82512,1.82536,1.00,1.00
2018.03.21 13:23:07.081,1.82514,1.82541,1.00,1.00
2018.03.21 13:23:07.559,1.82515,1.82545,1.00,1.00
2018.03.21 13:23:07.818,1.82518,1.82545,1.00,1.50
2018.03.21 13:23:07.919,1.82513,1.82542,1.00,1.50
2018.03.21 13:23:07.970,1.82516,1.82544,1.00,1.50
2018.03.21 13:23:08.021,1.82514,1.82543,1.00,1.00
2018.03.21 13:23:08.122,1.82514,1.8254,1.00,1.50
2018.03.21 13:23:08.254,1.82505,1.82534,1.00,1.00
2018.03.21 13:23:09.024,1.82508,1.82535,1.00,1.00
2018.03.21 13:23:09.075,1.82509,1.82537,1.00,1.00
2018.03.21 13:23:09.126,1.82511,1.82539,1.00,1.00
2018.03.21 13:23:10.064,1.8251,1.82538,1.00,1.00
2018.03.21 13:23:10.565,1.82511,1.82539,1.00,1.00
2018.03.21 13:23:10.811,1.82512,1.82541,1.00,1.00
2018.03.21 13:23:10.862,1.8251,1.82538,1.00,1.00
2018.03.21 13:23:10.913,1.82508,1.82537,1.00,1.00
2018.03.21 13:23:11.116,1.82516,1.82542,1.00,1.50
2018.03.21 13:23:11.268,1.82516,1.82544,1.00,1.00
2018.03.21 13:23:11.319,1.82517,1.82546,1.00,1.00
2018.03.21 13:23:11.543,1.82519,1.82547,1.00,1.00
2018.03.21 13:23:12.038,1.82521,1.8255,1.00,1.00
2018.03.21 13:23:12.516,1.8252,1.82548,1.00,1.00
2018.03.21 13:23:12.745,1.82507,1.82536,1.00,1.00
2018.03.21 13:23:13.049,1.82507,1.82533,1.00,1.00
2018.03.21 13:23:13.100,1.82505,1.82534,1.00,1.00
2018.03.21 13:23:13.842,1.82504,1.82533,1.00,1.00
2018.03.21 13:23:14.398,1.82507,1.82536,1.00,1.00
2018.03.21 13:23:14.831,1.82498,1.82523,1.50,1.00
2018.03.21 13:23:15.033,1.82498,1.82526,1.50,1.25
2018.03.21 13:23:15.489,1.82497,1.82524,1.00,1.00
2018.03.21 13:23:15.883,1.82499,1.82527,1.00,1.00
2018.03.21 13:23:16.091,1.82495,1.82523,1.00,1.00
2018.03.21 13:23:16.193,1.82496,1.82525,1.00,1.00
2018.03.21 13:23:16.244,1.82499,1.82525,1.00,1.00
2018.03.21 13:23:16.346,1.82499,1.82527,1.00,1.00
2018.03.21 13:23:16.728,1.825,1.82529,1.00,1.00
2018.03.21 13:23:17.012,1.82503,1.82529,1.00,1.00
2018.03.21 13:23:17.165,1.82503,1.82532,1.00,1.00
2018.03.21 13:23:17.216,1.82503,1.82529,1.00,1.00
2018.03.21 13:23:17.468,1.82503,1.82532,1.00,1.00
2018.03.21 13:23:17.638,1.82501,1.82529,1.00,1.00
2018.03.21 13:23:18.117,1.82497,1.82525,1.00,1.00
2018.03.21 13:23:18.168,1.82498,1.82527,1.00,1.00
2018.03.21 13:23:18.219,1.82501,1.82529,1.00,1.00
2018.03.21 13:23:18.524,1.82505,1.82533,1.00,1.00
2018.03.21 13:23:18.861,1.82508,1.82534,1.00,1.00
2018.03.21 13:23:18.962,1.82506,1.82533,1.00,1.00
2018.03.21 13:23:19.063,1.82504,1.82532,1.00,1.00
2018.03.21 13:23:19.114,1.82507,1.82533,1.00,1.00
2018.03.21 13:23:19.266,1.82507,1.82535,1.00,1.00
2018.03.21 13:23:19.752,1.82507,1.82533,1.00,1.00
2018.03.21 13:23:19.803,1.82507,1.82535,1.00,1.00
2018.03.21 13:23:20.106,1.82503,1.82526,1.00,1.00
2018.03.21 13:23:20.157,1.82496,1.82522,1.12,1.00
2018.03.21 13:23:20.259,1.82491,1.82519,1.00,1.00
2018.03.21 13:23:20.310,1.82489,1.82513,1.00,1.00
2018.03.21 13:23:20.361,1.82484,1.8251,1.00,1.00
2018.03.21 13:23:20.549,1.82482,1.8251,1.00,1.00
2018.03.21 13:23:20.600,1.8248,1.82508,1.00,1.00
2018.03.21 13:23:21.124,1.82485,1.82514,1.00,1.00
2018.03.21 13:23:21.378,1.82487,1.82515,1.00,1.00
2018.03.21 13:23:22.320,1.82486,1.82513,1.00,1.00
2018.03.21 13:23:23.188,1.82481,1.8251,1.25,1.00
2018.03.21 13:23:23.342,1.8248,1.82506,1.19,1.00
2018.03.21 13:23:23.881,1.8248,1.82506,1.25,1.00
2018.03.21 13:23:24.212,1.82476,1.82505,1.00,1.00
2018.03.21 13:23:25.245,1.82478,1.82506,1.00,2.25
2018.03.21 13:23:25.550,1.82484,1.82511,1.00,1.00
2018.03.21 13:23:25.601,1.82484,1.82514,1.00,1.00
2018.03.21 13:23:25.703,1.82482,1.82513,1.00,1.00
2018.03.21 13:23:26.281,1.82484,1.82513,1.00,1.50
2018.03.21 13:23:26.938,1.82485,1.82513,1.00,1.00
2018.03.21 13:23:27.442,1.82486,1.82513,1.00,1.00
2018.03.21 13:23:28.812,1.82487,1.82513,1.25,1.00
2018.03.21 13:23:28.915,1.82494,1.82524,1.00,1.00
2018.03.21 13:23:28.966,1.82495,1.82524,1.63,1.00
2018.03.21 13:23:29.294,1.82509,1.82541,1.00,1.50
2018.03.21 13:23:29.952,1.82511,1.82541,1.00,1.50
2018.03.21 13:23:30.288,1.82509,1.82541,1.00,1.50
2018.03.21 13:23:31.660,1.82512,1.8254,1.00,1.00
2018.03.21 13:23:32.000,1.8251,1.82538,1.00,1.00
2018.03.21 13:23:33.154,1.82519,1.82548,1.00,1.00
2018.03.21 13:23:33.255,1.82518,1.82544,1.00,1.00
2018.03.21 13:23:33.305,1.82516,1.82543,1.00,1.00
2018.03.21 13:23:33.356,1.82512,1.82541,1.00,1.00
2018.03.21 13:23:34.039,1.82513,1.82539,1.00,1.00
2018.03.21 13:23:34.377,1.82512,1.82541,1.00,1.00
2018.03.21 13:23:34.428,1.82513,1.82543,1.00,1.50
2018.03.21 13:23:34.581,1.82516,1.82543,1.00,1.50
2018.03.21 13:23:35.096,1.82517,1.82543,1.00,1.00
2018.03.21 13:23:35.524,1.82521,1.82549,1.00,1.00
2018.03.21 13:23:35.576,1.82516,1.82544,1.00,1.00
2018.03.21 13:23:35.899,1.82514,1.82543,1.00,1.00
2018.03.21 13:23:36.704,1.82516,1.82544,1.00,1.00
2018.03.21 13:23:38.088,1.82514,1.82543,1.00,1.00
2018.03.21 13:23:38.494,1.82516,1.82544,1.00,1.00
2018.03.21 13:23:38.825,1.82515,1.82542,1.00,1.00
2018.03.21 13:23:39.380,1.82515,1.82543,1.00,1.00
2018.03.21 13:23:39.647,1.82508,1.82544,1.00,1.00
2018.03.21 13:23:40.050,1.82514,1.82549,1.00,1.00
2018.03.21 13:23:40.355,1.82523,1.82551,1.00,1.00
2018.03.21 13:23:40.959,1.82522,1.8255,1.00,1.00
2018.03.21 13:23:41.528,1.82523,1.82549,1.00,1.00
2018.03.21 13:23:41.731,1.82523,1.82551,1.00,1.00
2018.03.21 13:23:42.411,1.82523,1.8255,1.00,1.00
2018.03.21 13:23:42.512,1.82519,1.82549,1.00,1.00
2018.03.21 13:23:42.714,1.82519,1.82545,1.00,1.00
2018.03.21 13:23:42.909,1.82521,1.82548,1.00,1.00
2018.03.21 13:23:43.111,1.82519,1.82547,1.00,1.00
2018.03.21 13:23:43.572,1.82517,1.82546,1.00,1.00
2018.03.21 13:23:44.535,1.82519,1.82547,1.00,1.00
2018.03.21 13:23:44.915,1.82517,1.82543,1.00,1.00
2018.03.21 13:23:44.966,1.82515,1.82543,1.00,1.00
2018.03.21 13:23:45.068,1.82514,1.82541,1.00,1.00
2018.03.21 13:23:45.375,1.82513,1.82539,1.00,1.00
2018.03.21 13:23:45.617,1.82513,1.82541,1.00,1.00
2018.03.21 13:23:46.632,1.82514,1.82541,1.00,1.00
2018.03.21 13:23:46.741,1.82523,1.82547,1.00,1.00
2018.03.21 13:23:46.792,1.82524,1.82553,1.00,1.00
2018.03.21 13:23:46.946,1.82526,1.82554,1.00,1.00
2018.03.21 13:23:47.251,1.82529,1.82557,1.00,1.50
2018.03.21 13:23:47.556,1.82536,1.82564,1.00,1.25
2018.03.21 13:23:47.733,1.82537,1.82566,1.00,1.31
2018.03.21 13:23:48.103,1.82534,1.82564,1.00,1.00
2018.03.21 13:23:48.454,1.82533,1.82562,1.00,1.00
2018.03.21 13:23:48.969,1.82533,1.82561,1.00,1.00
2018.03.21 13:23:50.043,1.82534,1.82563,1.00,1.00
2018.03.21 13:23:50.188,1.82537,1.82563,1.00,1.00
2018.03.21 13:23:50.788,1.82537,1.82564,1.00,1.00
2018.03.21 13:23:51.313,1.82536,1.82564,1.00,2.25
2018.03.21 13:23:51.488,1.82534,1.82563,1.00,1.00
2018.03.21 13:23:51.714,1.82537,1.82561,1.00,1.00
2018.03.21 13:23:52.305,1.82538,1.82562,1.00,1.00
2018.03.21 13:23:52.488,1.82536,1.82562,1.00,1.00
2018.03.21 13:23:52.589,1.82537,1.82565,1.00,1.50
2018.03.21 13:23:52.698,1.82544,1.8257,1.00,1.50
2018.03.21 13:23:52.749,1.82542,1.82569,1.00,1.00
2018.03.21 13:23:53.361,1.82542,1.82568,1.00,1.00
2018.03.21 13:23:53.920,1.82541,1.82568,1.00,1.50
2018.03.21 13:23:55.419,1.82543,1.82569,1.00,1.50
2018.03.21 13:23:55.674,1.82551,1.82579,1.00,1.00
2018.03.21 13:23:56.009,1.8255,1.82577,1.00,1.00
2018.03.21 13:23:56.252,1.82551,1.82579,1.00,1.00
2018.03.21 13:23:56.719,1.8255,1.82576,1.00,1.00
2018.03.21 13:23:57.118,1.82547,1.82574,1.00,1.00
2018.03.21 13:23:57.395,1.82549,1.82575,1.00,1.00
2018.03.21 13:23:58.101,1.82546,1.82575,1.00,1.00
2018.03.21 13:23:58.977,1.82544,1.82572,1.00,1.00
2018.03.21 13:23:59.216,1.82542,1.82571,1.00,1.00
2018.03.21 13:23:59.530,1.82541,1.82569,1.00,1.00
2018.03.21 13:23:59.885,1.82544,1.82572,1.00,1.00
2018.03.21 13:24:00.192,1.82542,1.82569,1.00,1.50
2018.03.21 13:24:00.418,1.82539,1.82567,1.00,1.00
2018.03.21 13:24:01.407,1.82538,1.82566,1.00,1.00
2018.03.21 13:24:01.894,1.82536,1.82565,1.00,1.00
2018.03.21 13:24:02.192,1.82538,1.82566,1.00,1.00
2018.03.21 13:24:02.533,1.82536,1.82565,1.00,1.00
2018.03.21 13:24:04.018,1.82539,1.82567,1.00,1.00
2018.03.21 13:24:04.339,1.82541,1.82568,1.00,1.00
2018.03.21 13:24:04.847,1.82539,1.82567,1.00,1.00
2018.03.21 13:24:05.295,1.82542,1.8257,1.00,1.50
2018.03.21 13:24:05.529,1.8254,1.82569,1.00,1.00
2018.03.21 13:24:07.924,1.82539,1.82567,1.00,1.00
2018.03.21 13:24:08.025,1.8254,1.82569,1.00,1.00
2018.03.21 13:24:08.127,1.82543,1.82569,1.00,1.00
2018.03.21 13:24:08.641,1.8254,1.82569,1.00,1.00
2018.03.21 13:24:08.895,1.82539,1.82567,1.00,1.00
2018.03.21 13:24:10.219,1.82541,1.82568,1.00,1.00
2018.03.21 13:24:11.276,1.82542,1.8257,1.00,1.50
2018.03.21 13:24:11.529,1.8254,1.82569,1.00,1.50
2018.03.21 13:24:13.711,1.82542,1.82569,1.00,1.00
2018.03.21 13:24:14.309,1.82542,1.8257,1.00,1.50
2018.03.21 13:24:14.995,1.8254,1.82569,1.00,1.00
2018.03.21 13:24:15.275,1.82536,1.82565,1.00,1.00
2018.03.21 13:24:15.579,1.8254,1.82567,1.00,1.00
2018.03.21 13:24:15.899,1.82538,1.82564,1.00,1.00
2018.03.21 13:24:15.949,1.82539,1.82566,1.00,1.00
2018.03.21 13:24:16.321,1.82537,1.82565,1.00,1.00
2018.03.21 13:24:16.689,1.82539,1.82567,1.00,1.50
2018.03.21 13:24:17.991,1.82538,1.82564,1.00,1.00
2018.03.21 13:24:18.193,1.82538,1.82567,1.00,1.00
2018.03.21 13:24:18.334,1.82541,1.82567,1.00,1.50
2018.03.21 13:24:19.157,1.82537,1.82566,1.00,1.00
2018.03.21 13:24:19.387,1.82539,1.82567,1.00,1.00
2018.03.21 13:24:20.317,1.82539,1.82566,1.00,1.00
2018.03.21 13:24:21.261,1.82537,1.82565,1.50,1.00
2018.03.21 13:24:22.369,1.82538,1.82567,1.00,1.00
2018.03.21 13:24:22.672,1.82537,1.82565,1.00,1.00
2018.03.21 13:24:23.338,1.82537,1.82549,1.00,1.84
2018.03.21 13:24:23.440,1.82525,1.82541,1.00,1.87
2018.03.21 13:24:23.491,1.82515,1.82536,1.87,1.00
2018.03.21 13:24:23.592,1.82511,1.82538,1.00,1.00
2018.03.21 13:24:23.644,1.82513,1.82539,1.00,1.00
2018.03.21 13:24:23.950,1.82522,1.82547,1.00,1.00
2018.03.21 13:24:24.224,1.82529,1.82557,1.00,1.00
2018.03.21 13:24:24.679,1.82534,1.8256,1.00,1.00
2018.03.21 13:24:24.730,1.82532,1.82559,1.00,1.00
2018.03.21 13:24:25.689,1.82533,1.82561,1.00,1.00
2018.03.21 13:24:25.994,1.8253,1.82558,1.00,1.00
2018.03.21 13:24:26.045,1.82528,1.82557,1.50,1.00
2018.03.21 13:24:26.400,1.82529,1.82555,1.00,1.00
2018.03.21 13:24:26.927,1.82528,1.82555,1.00,1.00
2018.03.21 13:24:27.437,1.82529,1.82556,1.00,1.00
2018.03.21 13:24:27.740,1.82528,1.82554,1.00,1.00
2018.03.21 13:24:28.145,1.82528,1.82556,1.00,1.50
2018.03.21 13:24:28.501,1.82531,1.82557,1.00,1.00
2018.03.21 13:24:28.666,1.82531,1.82559,1.00,1.00
2018.03.21 13:24:29.125,1.8253,1.82557,1.00,1.00
2018.03.21 13:24:29.621,1.82528,1.82556,1.00,1.00
2018.03.21 13:24:29.785,1.8253,1.82558,1.00,1.00
2018.03.21 13:24:31.042,1.82528,1.82557,1.00,1.00
2018.03.21 13:24:31.247,1.82531,1.82557,1.00,1.00
2018.03.21 13:24:32.330,1.82528,1.82557,1.00,1.00
2018.03.21 13:24:32.432,1.82527,1.82555,1.00,1.00
2018.03.21 13:24:34.705,1.82526,1.82553,1.00,1.00
2018.03.21 13:24:35.283,1.82525,1.82551,1.00,1.00
2018.03.21 13:24:35.819,1.82524,1.82552,1.00,1.00
2018.03.21 13:24:36.122,1.82522,1.82549,1.00,1.00
2018.03.21 13:24:37.711,1.82524,1.8255,1.00,1.00
2018.03.21 13:24:38.021,1.82524,1.82552,1.00,1.00
2018.03.21 13:24:38.224,1.82527,1.82555,1.00,1.31
2018.03.21 13:24:38.748,1.82528,1.82557,1.00,1.56
2018.03.21 13:24:38.864,1.82528,1.82557,1.00,1.50
2018.03.21 13:24:38.915,1.82531,1.82557,1.00,1.50
2018.03.21 13:24:39.220,1.82533,1.82562,1.00,1.31
2018.03.21 13:24:39.444,1.82535,1.82563,1.00,2.06
2018.03.21 13:24:40.259,1.82535,1.82562,1.00,1.31
2018.03.21 13:24:40.615,1.82544,1.82566,1.00,1.00
2018.03.21 13:24:40.666,1.82544,1.8257,1.00,1.31
2018.03.21 13:24:40.767,1.8254,1.82568,1.00,1.00
2018.03.21 13:24:40.818,1.8254,1.82568,1.00,1.69
2018.03.21 13:24:40.868,1.8254,1.82568,1.00,1.25
2018.03.21 13:24:41.006,1.8254,1.82566,1.00,1.00
2018.03.21 13:24:41.677,1.8254,1.82568,1.00,1.00
2018.03.21 13:24:41.728,1.82542,1.82571,1.00,1.50
2018.03.21 13:24:41.779,1.82548,1.82571,1.00,1.00
2018.03.21 13:24:41.830,1.82548,1.82574,1.00,1.50
2018.03.21 13:24:42.033,1.82546,1.82574,1.00,1.50
2018.03.21 13:24:42.113,1.82544,1.82573,1.00,1.00
2018.03.21 13:24:42.563,1.82542,1.8257,1.00,1.00
2018.03.21 13:24:42.665,1.8254,1.82569,1.00,1.00
2018.03.21 13:24:43.075,1.8254,1.82567,1.00,1.00
2018.03.21 13:24:43.412,1.82537,1.82565,1.00,1.00
2018.03.21 13:24:43.970,1.82538,1.82565,1.00,1.00
2018.03.21 13:24:44.489,1.82539,1.82566,1.00,1.00
2018.03.21 13:24:44.642,1.82537,1.82565,1.00,1.00
2018.03.21 13:24:44.993,1.82539,1.82565,1.00,1.00
2018.03.21 13:24:46.021,1.82537,1.82565,1.00,1.50
2018.03.21 13:24:46.781,1.82535,1.82564,1.00,1.00
2018.03.21 13:24:46.886,1.82535,1.82561,1.00,1.00
2018.03.21 13:24:47.221,1.82535,1.82564,1.00,1.00
2018.03.21 13:24:47.273,1.82537,1.82564,1.00,1.00
2018.03.21 13:24:47.349,1.82538,1.82566,1.00,3.00
2018.03.21 13:24:48.002,1.82539,1.82565,1.00,1.00
2018.03.21 13:24:48.518,1.8254,1.82566,1.00,1.00
2018.03.21 13:24:49.154,1.82539,1.82566,1.00,1.00
2018.03.21 13:24:49.205,1.82541,1.82566,1.00,1.00
2018.03.21 13:24:49.307,1.82541,1.82568,1.00,1.00
2018.03.21 13:24:51.980,1.8254,1.82566,1.00,1.00
2018.03.21 13:24:52.032,1.82537,1.82565,1.00,1.00
2018.03.21 13:24:52.240,1.82539,1.82567,1.00,1.00
2018.03.21 13:24:52.694,1.82538,1.82565,1.00,1.00
2018.03.21 13:24:52.998,1.82544,1.8257,1.00,1.00
2018.03.21 13:24:53.152,1.82538,1.82566,1.00,1.00
2018.03.21 13:24:53.305,1.82535,1.82561,1.00,1.00
2018.03.21 13:24:53.681,1.82531,1.8256,1.00,1.00
2018.03.21 13:24:53.782,1.82531,1.82557,1.00,1.00
2018.03.21 13:24:53.984,1.82531,1.8256,1.00,1.00
2018.03.21 13:24:54.467,1.82534,1.8256,1.00,1.00
2018.03.21 13:24:54.706,1.82531,1.8256,1.00,1.00
2018.03.21 13:24:55.051,1.82534,1.8256,1.00,1.00
2018.03.21 13:24:55.310,1.82534,1.82562,1.00,1.00
2018.03.21 13:24:56.155,1.82533,1.82561,1.00,1.00
2018.03.21 13:24:57.755,1.82536,1.82563,1.00,1.00
2018.03.21 13:24:57.856,1.82538,1.82566,1.00,1.00
2018.03.21 13:24:57.907,1.82541,1.82568,1.00,1.50
2018.03.21 13:24:58.575,1.8254,1.82567,1.00,1.00
2018.03.21 13:24:59.579,1.8254,1.82569,1.00,3.00
2018.03.21 13:25:00.284,1.82533,1.82559,1.50,1.00
2018.03.21 13:25:00.335,1.82531,1.82559,1.50,1.00
2018.03.21 13:25:00.437,1.82533,1.82559,1.00,1.00
2018.03.21 13:25:00.645,1.82531,1.82559,1.00,1.00
2018.03.21 13:25:01.635,1.82529,1.82557,1.00,1.00
2018.03.21 13:25:01.787,1.82534,1.82563,1.00,1.00
2018.03.21 13:25:01.889,1.82537,1.82564,1.00,1.00
2018.03.21 13:25:02.042,1.82535,1.82563,1.00,1.00
2018.03.21 13:25:02.236,1.82533,1.82562,1.00,1.00
2018.03.21 13:25:02.491,1.82532,1.8256,1.00,1.00
2018.03.21 13:25:02.838,1.82534,1.82561,1.00,1.00
2018.03.21 13:25:02.889,1.82535,1.82563,1.00,3.19
2018.03.21 13:25:03.203,1.82533,1.82562,1.00,1.00
2018.03.21 13:25:04.110,1.82533,1.82559,1.00,1.87
2018.03.21 13:25:04.214,1.82529,1.82555,1.00,1.00
2018.03.21 13:25:04.264,1.82532,1.82555,1.00,1.00
2018.03.21 13:25:04.317,1.82532,1.82559,1.00,2.44
2018.03.21 13:25:04.470,1.8253,1.82558,1.00,1.00
2018.03.21 13:25:04.521,1.82527,1.82556,1.00,1.00
2018.03.21 13:25:05.373,1.8253,1.82558,1.00,1.50
2018.03.21 13:25:05.681,1.8253,1.82556,1.00,1.00
2018.03.21 13:25:05.732,1.82527,1.82556,1.00,1.00
2018.03.21 13:25:07.015,1.82527,1.82553,1.00,1.00
2018.03.21 13:25:07.387,1.82525,1.82553,1.00,1.00
2018.03.21 13:25:08.814,1.82526,1.82554,1.00,1.00
2018.03.21 13:25:09.268,1.82526,1.82552,1.00,1.00
2018.03.21 13:25:10.934,1.82527,1.82556,1.00,2.06
2018.03.21 13:25:10.986,1.82525,1.82553,1.00,1.00
2018.03.21 13:25:12.589,1.82526,1.82553,1.00,1.00
2018.03.21 13:25:12.741,1.82523,1.82551,1.00,1.00
2018.03.21 13:25:12.792,1.82526,1.82551,1.00,1.00
2018.03.21 13:25:12.843,1.82524,1.82551,1.00,1.00
2018.03.21 13:25:12.974,1.82525,1.82553,1.00,1.00
2018.03.21 13:25:13.228,1.82529,1.82557,1.00,2.25
2018.03.21 13:25:14.009,1.82526,1.8255,1.00,1.00
2018.03.21 13:25:14.111,1.82521,1.82548,1.00,1.00
2018.03.21 13:25:14.162,1.82519,1.82545,1.00,1.00
2018.03.21 13:25:14.214,1.8252,1.82547,1.00,1.00
2018.03.21 13:25:14.918,1.82518,1.82546,1.00,1.00
2018.03.21 13:25:15.382,1.82518,1.82544,1.00,1.00
2018.03.21 13:25:15.599,1.82518,1.82546,1.00,1.00
2018.03.21 13:25:15.944,1.82519,1.82548,1.00,1.00
2018.03.21 13:25:16.100,1.82518,1.82546,1.00,1.00
2018.03.21 13:25:16.634,1.82517,1.82545,1.00,1.00
2018.03.21 13:25:16.950,1.82519,1.82547,1.00,1.00
2018.03.21 13:25:17.272,1.82514,1.82541,1.50,1.00
2018.03.21 13:25:17.922,1.82515,1.82541,1.00,1.00
2018.03.21 13:25:17.972,1.82515,1.82544,1.00,1.00
2018.03.21 13:25:18.264,1.82514,1.82542,1.50,1.00
2018.03.21 13:25:18.968,1.82512,1.82541,1.00,1.00
2018.03.21 13:25:20.727,1.8251,1.82538,1.00,1.00
2018.03.21 13:25:20.829,1.82508,1.82537,1.00,1.00
2018.03.21 13:25:21.031,1.82505,1.82532,1.00,1.00
2018.03.21 13:25:21.336,1.82505,1.82534,1.00,1.50
2018.03.21 13:25:21.387,1.82501,1.8253,1.00,1.00
2018.03.21 13:25:22.108,1.82504,1.8253,1.00,1.00
2018.03.21 13:25:22.320,1.82501,1.8253,1.00,1.00
2018.03.21 13:25:22.557,1.82503,1.82531,1.00,1.00
2018.03.21 13:25:22.804,1.82501,1.8253,1.00,1.00
2018.03.21 13:25:23.077,1.82503,1.82531,1.00,1.00
2018.03.21 13:25:23.596,1.82501,1.82529,1.00,1.00
2018.03.21 13:25:23.943,1.82509,1.82537,1.00,1.00
2018.03.21 13:25:24.251,1.825,1.82528,1.00,1.00
2018.03.21 13:25:24.560,1.82496,1.82524,1.00,1.50
2018.03.21 13:25:24.972,1.82501,1.82527,1.00,1.00
2018.03.21 13:25:25.023,1.82502,1.82529,1.00,1.00
2018.03.21 13:25:25.685,1.82504,1.8253,1.00,1.00
2018.03.21 13:25:25.943,1.82501,1.8253,1.00,1.00
2018.03.21 13:25:25.994,1.82509,1.82534,1.00,1.00
2018.03.21 13:25:26.096,1.82507,1.82535,1.00,1.00
2018.03.21 13:25:26.147,1.8251,1.82536,1.00,1.00
2018.03.21 13:25:26.249,1.82504,1.82532,1.00,1.00
2018.03.21 13:25:26.300,1.82505,1.82534,1.00,1.00
2018.03.21 13:25:26.452,1.82507,1.82535,1.00,1.00
2018.03.21 13:25:26.504,1.82505,1.82534,1.00,1.00
2018.03.21 13:25:26.748,1.82504,1.82532,1.00,1.00
2018.03.21 13:25:29.703,1.82501,1.82527,1.00,1.00
2018.03.21 13:25:29.755,1.82499,1.82527,1.00,1.00
2018.03.21 13:25:30.272,1.82498,1.82526,1.00,1.50
2018.03.21 13:25:30.525,1.82496,1.82524,1.00,1.00
2018.03.21 13:25:30.881,1.82499,1.82525,1.00,2.25
2018.03.21 13:25:31.588,1.825,1.82525,1.00,1.50
2018.03.21 13:25:31.926,1.82493,1.82518,1.00,1.00
2018.03.21 13:25:32.833,1.82496,1.8252,1.00,1.00
2018.03.21 13:25:32.987,1.825,1.82525,1.00,1.50
2018.03.21 13:25:33.293,1.82505,1.82528,1.00,1.50
2018.03.21 13:25:33.344,1.82502,1.82528,1.00,1.00
2018.03.21 13:25:33.446,1.825,1.82529,1.00,1.50
2018.03.21 13:25:33.780,1.825,1.82526,1.00,1.00
2018.03.21 13:25:34.085,1.82501,1.82523,1.00,2.25
2018.03.21 13:25:34.424,1.82501,1.8252,1.00,1.00
2018.03.21 13:25:35.336,1.82497,1.8252,1.00,1.00
2018.03.21 13:25:35.589,1.82495,1.8252,1.00,1.00
2018.03.21 13:25:35.639,1.825,1.82519,1.00,1.00
2018.03.21 13:25:35.690,1.82503,1.82525,1.00,1.50
2018.03.21 13:25:35.792,1.82503,1.8253,1.00,2.25
2018.03.21 13:25:35.914,1.82505,1.8253,1.00,2.25
2018.03.21 13:25:36.217,1.82511,1.82532,1.00,1.00
2018.03.21 13:25:37.110,1.82511,1.82533,1.00,1.50
2018.03.21 13:25:37.161,1.82504,1.82528,1.00,1.00
2018.03.21 13:25:37.672,1.82505,1.82527,1.00,1.00
2018.03.21 13:25:38.181,1.82504,1.82527,1.00,1.00
2018.03.21 13:25:38.691,1.82504,1.82528,1.00,1.00
2018.03.21 13:25:39.098,1.82506,1.82531,1.00,1.00
2018.03.21 13:25:39.486,1.82508,1.82532,1.00,1.50
2018.03.21 13:25:39.790,1.82505,1.82529,1.00,1.00
2018.03.21 13:25:40.138,1.82505,1.82526,1.00,1.00
2018.03.21 13:25:40.304,1.82501,1.82526,1.00,1.00
2018.03.21 13:25:40.407,1.82508,1.82526,1.00,1.00
2018.03.21 13:25:40.458,1.82505,1.82526,1.00,1.00
2018.03.21 13:25:40.559,1.82504,1.82531,1.00,4.12
2018.03.21 13:25:41.234,1.82501,1.8253,1.00,3.00
2018.03.21 13:25:41.386,1.82501,1.82525,1.00,1.00
2018.03.21 13:25:41.630,1.82504,1.82529,1.00,1.00
2018.03.21 13:25:41.732,1.82504,1.82531,1.00,1.00
2018.03.21 13:25:42.333,1.825,1.82528,1.00,1.00
2018.03.21 13:25:42.384,1.825,1.82525,1.00,1.50
2018.03.21 13:25:42.902,1.825,1.82524,1.00,1.00
2018.03.21 13:25:43.259,1.82504,1.82525,1.00,1.00
2018.03.21 13:25:43.360,1.82505,1.82531,1.00,2.25
2018.03.21 13:25:43.462,1.82507,1.82531,1.00,1.00
2018.03.21 13:25:43.770,1.82509,1.82533,1.00,1.00
2018.03.21 13:25:43.821,1.82504,1.82532,1.00,1.00
2018.03.21 13:25:43.873,1.82504,1.8253,1.00,1.00
2018.03.21 13:25:44.524,1.82503,1.82531,1.00,1.50
2018.03.21 13:25:45.031,1.82503,1.8253,1.00,1.00
2018.03.21 13:25:45.082,1.82501,1.8253,1.00,1.00
2018.03.21 13:25:45.133,1.825,1.82526,1.00,1.00
2018.03.21 13:25:46.555,1.825,1.82525,1.00,1.00
2018.03.21 13:25:46.760,1.82494,1.82521,1.00,1.44
2018.03.21 13:25:46.868,1.8249,1.82515,1.00,1.50
2018.03.21 13:25:47.172,1.82487,1.82509,1.00,1.00
2018.03.21 13:25:47.496,1.82488,1.82515,1.00,1.50
2018.03.21 13:25:47.547,1.82491,1.82515,1.00,1.00
2018.03.21 13:25:47.598,1.82488,1.82515,1.00,1.00
2018.03.21 13:25:47.649,1.82485,1.82511,1.00,1.00
2018.03.21 13:25:47.956,1.82483,1.82509,1.00,1.00
2018.03.21 13:25:48.309,1.82482,1.82507,1.00,1.00
2018.03.21 13:25:48.649,1.82483,1.82505,1.00,1.00
2018.03.21 13:25:48.802,1.82479,1.82505,1.00,1.00
2018.03.21 13:25:48.954,1.82479,1.82502,1.00,1.00
2018.03.21 13:25:49.107,1.82477,1.82503,1.00,1.00
2018.03.21 13:25:49.158,1.8248,1.82503,1.00,1.00
2018.03.21 13:25:49.259,1.82476,1.825,1.00,1.00
2018.03.21 13:25:49.618,1.82482,1.82501,1.00,1.00
2018.03.21 13:25:49.669,1.82482,1.82506,1.00,1.00
2018.03.21 13:25:49.821,1.82484,1.82506,1.00,1.00
2018.03.21 13:25:50.349,1.82485,1.82507,1.00,1.00
2018.03.21 13:25:50.573,1.82486,1.82511,1.00,1.00
2018.03.21 13:25:51.273,1.82487,1.82511,1.00,1.00
2018.03.21 13:25:51.431,1.8249,1.82515,1.00,1.00
2018.03.21 13:25:51.554,1.82496,1.82517,1.00,1.00
2018.03.21 13:25:51.605,1.82496,1.82519,1.00,1.00
2018.03.21 13:25:52.529,1.82495,1.82519,1.00,1.00
2018.03.21 13:25:53.004,1.82491,1.82515,1.00,1.25
2018.03.21 13:25:53.055,1.82485,1.82513,1.00,2.25
2018.03.21 13:25:53.531,1.82484,1.82511,1.00,1.00
2018.03.21 13:25:54.136,1.82484,1.8251,1.00,1.00
2018.03.21 13:25:54.855,1.82484,1.82511,1.00,2.25
2018.03.21 13:25:55.553,1.82484,1.82509,1.00,1.50
2018.03.21 13:25:56.658,1.82487,1.82512,1.00,1.00
2018.03.21 13:25:57.006,1.82487,1.8251,1.00,1.00
2018.03.21 13:25:57.377,1.82487,1.82512,1.00,1.00
2018.03.21 13:25:57.888,1.82488,1.82511,1.00,1.00
2018.03.21 13:25:57.989,1.8249,1.82511,1.00,1.00
2018.03.21 13:25:58.091,1.8249,1.82513,1.00,1.00
2018.03.21 13:25:58.143,1.82492,1.82513,1.00,1.00
2018.03.21 13:25:58.449,1.82494,1.82512,1.00,1.00
2018.03.21 13:25:58.551,1.82489,1.82513,1.00,1.00
2018.03.21 13:25:59.115,1.8249,1.82512,1.00,1.00
2018.03.21 13:25:59.844,1.82489,1.82512,1.00,1.00
2018.03.21 13:26:00.288,1.82491,1.82512,1.00,1.00
2018.03.21 13:26:00.389,1.82494,1.82518,1.00,3.19
2018.03.21 13:26:00.530,1.82495,1.82522,1.00,2.44
2018.03.21 13:26:01.113,1.82495,1.82521,1.00,1.00
2018.03.21 13:26:01.164,1.82498,1.82521,1.00,1.00
2018.03.21 13:26:01.707,1.82501,1.82525,1.00,1.00
2018.03.21 13:26:01.759,1.82503,1.82526,1.00,1.00
2018.03.21 13:26:02.175,1.82501,1.82525,1.00,1.00
2018.03.21 13:26:03.300,1.82501,1.82526,1.00,1.00
2018.03.21 13:26:03.957,1.82499,1.82526,1.00,1.50
2018.03.21 13:26:05.100,1.82499,1.82526,1.00,2.63
2018.03.21 13:26:05.831,1.82499,1.82526,1.00,1.25
2018.03.21 13:26:06.558,1.82499,1.82526,1.00,3.00
2018.03.21 13:26:07.097,1.82502,1.82526,1.00,1.00
2018.03.21 13:26:07.486,1.82506,1.82531,1.00,1.37
2018.03.21 13:26:07.804,1.8251,1.82531,1.00,1.00
2018.03.21 13:26:08.423,1.82511,1.82531,1.00,1.00
2018.03.21 13:26:08.475,1.82511,1.82535,1.00,1.50
2018.03.21 13:26:09.049,1.82511,1.82534,1.00,1.50
2018.03.21 13:26:09.623,1.82507,1.82531,1.00,1.50
2018.03.21 13:26:09.725,1.82504,1.8253,1.00,2.25
2018.03.21 13:26:09.776,1.825,1.82525,1.00,1.00
2018.03.21 13:26:09.827,1.82496,1.82524,1.00,1.00
2018.03.21 13:26:09.878,1.82492,1.82521,1.00,1.50
2018.03.21 13:26:09.980,1.82497,1.82523,1.00,1.50
2018.03.21 13:26:10.285,1.82508,1.82529,1.00,1.00
2018.03.21 13:26:10.336,1.82515,1.8254,1.00,1.87
2018.03.21 13:26:10.386,1.82517,1.82539,1.00,1.37
2018.03.21 13:26:10.494,1.82514,1.82537,1.00,1.00
2018.03.21 13:26:10.546,1.82511,1.82537,1.00,1.00
2018.03.21 13:26:11.100,1.82511,1.82536,1.00,1.00
2018.03.21 13:26:11.621,1.82512,1.82536,1.00,1.00
2018.03.21 13:26:13.092,1.8251,1.82536,1.00,1.00
2018.03.21 13:26:13.803,1.82508,1.82532,1.00,1.00
2018.03.21 13:26:13.854,1.82505,1.8253,1.00,1.00
2018.03.21 13:26:14.079,1.82503,1.8253,1.00,3.00
2018.03.21 13:26:14.282,1.82503,1.82529,1.00,1.31
2018.03.21 13:26:14.757,1.82503,1.8253,1.00,1.69
2018.03.21 13:26:14.939,1.82507,1.82533,1.00,1.87
2018.03.21 13:26:14.991,1.82502,1.82528,1.00,1.69
2018.03.21 13:26:15.043,1.82499,1.82524,1.00,1.00
2018.03.21 13:26:15.247,1.82494,1.8252,1.00,1.00
2018.03.21 13:26:15.453,1.82492,1.82515,1.00,1.00
2018.03.21 13:26:15.795,1.82489,1.82515,1.00,1.00
2018.03.21 13:26:15.998,1.82486,1.82514,1.00,1.00
2018.03.21 13:26:16.567,1.8249,1.82514,1.00,1.00
2018.03.21 13:26:17.422,1.8249,1.82515,1.00,1.00
2018.03.21 13:26:17.727,1.82494,1.8252,1.00,1.25
2018.03.21 13:26:18.431,1.82494,1.82519,1.00,1.00
2018.03.21 13:26:18.671,1.8249,1.82515,1.00,1.44
2018.03.21 13:26:18.722,1.82488,1.82515,1.00,1.44
2018.03.21 13:26:18.824,1.82488,1.82511,1.00,1.00
2018.03.21 13:26:19.443,1.82488,1.82512,1.00,1.50
2018.03.21 13:26:19.546,1.82483,1.82508,1.00,1.50
2018.03.21 13:26:19.838,1.82485,1.82508,1.00,1.50
2018.03.21 13:26:20.354,1.82485,1.82507,1.00,1.00
2018.03.21 13:26:21.170,1.82481,1.82507,1.00,1.50
2018.03.21 13:26:21.643,1.82478,1.82507,2.59,1.00
2018.03.21 13:26:21.694,1.82489,1.82516,1.00,1.00
2018.03.21 13:26:21.745,1.8249,1.82518,1.00,1.00
2018.03.21 13:26:23.690,1.82489,1.82517,1.00,1.00
2018.03.21 13:26:24.120,1.82488,1.82515,1.00,1.00
2018.03.21 13:26:24.370,1.82489,1.82517,1.00,1.00
2018.03.21 13:26:24.843,1.82491,1.82517,1.00,1.00
2018.03.21 13:26:25.444,1.82487,1.82516,1.50,1.00
2018.03.21 13:26:25.546,1.82483,1.82509,1.00,1.00
2018.03.21 13:26:25.598,1.82479,1.82507,1.00,1.00
2018.03.21 13:26:25.750,1.82477,1.82506,1.00,1.00
2018.03.21 13:26:25.801,1.82479,1.82507,1.00,1.00
2018.03.21 13:26:26.439,1.82477,1.82506,1.00,1.00
2018.03.21 13:26:26.490,1.82474,1.825,1.00,1.00
2018.03.21 13:26:26.541,1.82474,1.82503,1.50,1.00
2018.03.21 13:26:26.592,1.82477,1.82506,1.00,1.00
2018.03.21 13:26:27.002,1.82479,1.82507,1.00,1.00
2018.03.21 13:26:27.906,1.82481,1.82507,1.00,1.00
2018.03.21 13:26:28.694,1.82479,1.82507,1.00,1.00
2018.03.21 13:26:29.362,1.82479,1.82508,1.00,1.00
2018.03.21 13:26:29.701,1.82477,1.82504,1.00,1.00
2018.03.21 13:26:29.752,1.82476,1.82507,1.00,1.00
2018.03.21 13:26:29.854,1.82479,1.82508,1.00,1.00
2018.03.21 13:26:30.122,1.8247,1.825,1.00,1.00
2018.03.21 13:26:30.224,1.82469,1.82498,1.00,1.00
2018.03.21 13:26:30.589,1.82471,1.82499,1.00,1.00
2018.03.21 13:26:30.925,1.82473,1.82499,1.00,1.00
2018.03.21 13:26:31.380,1.82475,1.82502,1.00,1.50
2018.03.21 13:26:31.481,1.82476,1.82504,1.00,1.00
2018.03.21 13:26:31.926,1.82477,1.82506,1.00,1.50
2018.03.21 13:26:31.977,1.82474,1.82503,1.00,1.00
2018.03.21 13:26:32.332,1.82472,1.825,1.00,1.00
2018.03.21 13:26:32.676,1.82479,1.82507,1.00,1.00
2018.03.21 13:26:33.186,1.82477,1.82506,1.00,1.37
2018.03.21 13:26:33.543,1.82482,1.82503,1.00,1.00
2018.03.21 13:26:33.674,1.82483,1.82508,1.00,1.00
2018.03.21 13:26:33.828,1.82483,1.8251,1.00,1.50
2018.03.21 13:26:34.339,1.82482,1.8251,1.00,1.00
2018.03.21 13:26:34.797,1.8248,1.82509,1.00,1.00
2018.03.21 13:26:38.053,1.82478,1.82506,1.00,1.00
2018.03.21 13:26:38.104,1.82476,1.82505,1.00,1.50
2018.03.21 13:26:38.457,1.82475,1.82503,1.00,1.00
2018.03.21 13:26:38.859,1.82471,1.82499,1.00,1.00
2018.03.21 13:26:39.194,1.82469,1.82497,1.00,1.00
2018.03.21 13:26:39.564,1.82471,1.82499,1.00,1.00
2018.03.21 13:26:40.591,1.82471,1.82498,1.00,1.00
2018.03.21 13:26:40.693,1.82468,1.82496,1.00,1.00
2018.03.21 13:26:40.795,1.82467,1.82494,1.00,1.00
2018.03.21 13:26:42.841,1.82464,1.82492,1.50,3.19
2018.03.21 13:26:42.893,1.8246,1.82488,1.50,1.00
2018.03.21 13:26:43.214,1.82458,1.82486,1.00,1.50
2018.03.21 13:26:43.317,1.82456,1.82485,1.00,1.00
2018.03.21 13:26:43.645,1.82455,1.82483,1.00,1.00
2018.03.21 13:26:43.982,1.82456,1.82485,1.00,1.00
2018.03.21 13:26:44.426,1.82454,1.82482,1.50,1.00
2018.03.21 13:26:44.731,1.82457,1.82483,1.00,1.00
2018.03.21 13:26:44.834,1.82453,1.82481,1.00,1.00
2018.03.21 13:26:45.655,1.82454,1.82482,1.00,1.00
2018.03.21 13:26:46.010,1.82451,1.8248,1.00,1.00
2018.03.21 13:26:46.112,1.8245,1.82478,1.00,1.00
2018.03.21 13:26:46.416,1.8245,1.82476,1.00,1.00
2018.03.21 13:26:46.913,1.8245,1.82479,1.00,1.00
2018.03.21 13:26:47.015,1.82448,1.82476,1.00,1.00
2018.03.21 13:26:47.468,1.8245,1.82479,1.00,1.00
2018.03.21 13:26:47.584,1.82452,1.8248,1.00,1.00
2018.03.21 13:26:48.100,1.82459,1.82485,1.00,1.00
2018.03.21 13:26:48.254,1.82456,1.82485,1.00,1.00
2018.03.21 13:26:48.305,1.82455,1.82483,1.00,1.00
2018.03.21 13:26:48.901,1.82454,1.82482,1.00,1.00
2018.03.21 13:26:49.349,1.82455,1.82484,1.00,1.00
2018.03.21 13:26:49.633,1.82454,1.82482,1.00,1.00
2018.03.21 13:26:49.938,1.82468,1.82496,1.00,1.00
2018.03.21 13:26:50.243,1.82471,1.82499,1.00,1.00
2018.03.21 13:26:50.574,1.8247,1.82497,1.00,1.00
2018.03.21 13:26:51.238,1.82469,1.82495,1.00,1.00
2018.03.21 13:26:51.687,1.82466,1.82495,1.00,1.00
2018.03.21 13:26:52.005,1.82465,1.82493,1.00,1.00
2018.03.21 13:26:52.056,1.82457,1.82486,1.50,1.00
2018.03.21 13:26:52.158,1.82457,1.82484,1.00,1.00
2018.03.21 13:26:52.210,1.82455,1.82483,1.00,1.00
2018.03.21 13:26:52.312,1.82453,1.82482,1.50,1.00
2018.03.21 13:26:52.413,1.82455,1.82483,1.00,1.00
2018.03.21 13:26:52.787,1.82453,1.82482,1.50,1.00
2018.03.21 13:26:53.192,1.82455,1.82483,1.00,1.00
2018.03.21 13:26:53.725,1.82453,1.82482,1.50,1.00
2018.03.21 13:26:54.088,1.82456,1.82485,1.00,1.50
2018.03.21 13:26:54.406,1.82459,1.82485,1.00,1.00
2018.03.21 13:26:54.924,1.82459,1.82484,1.00,1.00
2018.03.21 13:26:54.976,1.82464,1.8249,1.00,1.00
2018.03.21 13:26:55.027,1.82468,1.82495,1.50,1.00
2018.03.21 13:26:55.078,1.8247,1.82495,1.00,1.00
2018.03.21 13:26:55.128,1.82471,1.82499,1.00,1.00
2018.03.21 13:26:55.230,1.82475,1.82501,1.00,1.00
2018.03.21 13:26:55.331,1.82477,1.82505,1.00,1.00
2018.03.21 13:26:55.672,1.82479,1.82505,1.00,1.00
2018.03.21 13:26:55.788,1.82477,1.82505,1.00,1.00
2018.03.21 13:26:56.441,1.82475,1.82503,1.00,1.00
2018.03.21 13:26:56.747,1.82473,1.82501,1.00,1.00
2018.03.21 13:26:56.798,1.82471,1.825,1.00,1.00
2018.03.21 13:26:57.774,1.82468,1.82497,1.00,1.00
2018.03.21 13:26:58.081,1.8247,1.82498,1.00,1.00
2018.03.21 13:26:58.133,1.82471,1.825,1.00,1.00
2018.03.21 13:26:58.184,1.82471,1.82497,1.00,1.00
2018.03.21 13:26:58.338,1.82469,1.82497,1.50,1.00
2018.03.21 13:26:58.805,1.82473,1.825,1.00,1.00
2018.03.21 13:26:59.287,1.82475,1.82501,1.00,1.00
2018.03.21 13:27:00.175,1.82475,1.82504,1.00,1.00
2018.03.21 13:27:00.277,1.82478,1.82506,1.00,1.87
2018.03.21 13:27:00.581,1.82474,1.82502,1.00,1.00
2018.03.21 13:27:00.916,1.82474,1.825,1.00,1.00
2018.03.21 13:27:01.119,1.82471,1.825,1.00,1.00
2018.03.21 13:27:01.791,1.82471,1.82497,1.00,1.00
2018.03.21 13:27:02.226,1.82468,1.82496,1.00,1.00
2018.03.21 13:27:04.020,1.82468,1.82501,1.00,2.36
2018.03.21 13:27:04.334,1.82468,1.825,1.00,1.93
2018.03.21 13:27:04.808,1.82466,1.825,1.00,1.93
2018.03.21 13:27:05.340,1.82465,1.82499,1.00,2.11
2018.03.21 13:27:05.517,1.82465,1.82499,1.00,2.11
2018.03.21 13:27:06.334,1.82463,1.82495,1.00,1.67
2018.03.21 13:27:06.385,1.82461,1.82494,1.00,1.67
2018.03.21 13:27:06.733,1.82456,1.82491,1.50,1.67
2018.03.21 13:27:07.067,1.82461,1.82496,1.50,2.11
2018.03.21 13:27:07.933,1.82467,1.82493,1.00,2.11
2018.03.21 13:27:07.984,1.82459,1.82492,1.00,2.36
2018.03.21 13:27:08.035,1.82456,1.82491,1.50,1.67
2018.03.21 13:27:08.248,1.82458,1.82492,1.00,2.17
2018.03.21 13:27:08.300,1.82458,1.82492,1.00,1.67
2018.03.21 13:27:08.402,1.82459,1.82492,1.00,1.67
2018.03.21 13:27:10.117,1.8246,1.82497,1.00,3.11
2018.03.21 13:27:10.419,1.82462,1.82497,1.00,2.36
2018.03.21 13:27:12.844,1.82461,1.82497,1.00,2.36
2018.03.21 13:27:14.615,1.82463,1.82489,1.00,1.00
2018.03.21 13:27:15.886,1.82463,1.82486,1.00,1.00
2018.03.21 13:27:16.214,1.82459,1.82483,1.00,1.00
2018.03.21 13:27:16.369,1.82456,1.82483,2.25,1.00
2018.03.21 13:27:16.471,1.82456,1.82481,1.50,1.00
2018.03.21 13:27:20.248,1.8246,1.82481,1.00,1.00
2018.03.21 13:27:20.299,1.82457,1.8248,1.00,1.00
2018.03.21 13:27:20.400,1.82457,1.82482,1.00,1.00
2018.03.21 13:27:20.873,1.82454,1.82481,1.50,1.00
2018.03.21 13:27:21.303,1.82454,1.82479,1.00,1.00
2018.03.21 13:27:21.764,1.82452,1.82476,1.00,1.00
2018.03.21 13:27:22.082,1.82451,1.82469,1.00,1.00
2018.03.21 13:27:22.413,1.82447,1.82467,1.00,1.00
2018.03.21 13:27:22.669,1.82442,1.82467,1.50,1.00
2018.03.21 13:27:23.077,1.82442,1.82469,1.00,1.00
2018.03.21 13:27:23.179,1.8244,1.82466,1.00,1.00
2018.03.21 13:27:23.698,1.8244,1.82467,1.00,1.00
2018.03.21 13:27:23.902,1.82438,1.82466,1.69,1.00
2018.03.21 13:27:24.105,1.82435,1.82464,3.53,1.00
2018.03.21 13:27:24.624,1.82437,1.82465,1.25,1.00
2018.03.21 13:27:25.620,1.82435,1.82462,1.59,1.00
2018.03.21 13:27:25.920,1.82433,1.82461,1.69,1.00
2018.03.21 13:27:26.039,1.82432,1.82458,1.00,1.00
2018.03.21 13:27:26.141,1.82426,1.82454,2.06,1.00
2018.03.21 13:27:26.243,1.82423,1.82451,2.81,1.00
2018.03.21 13:27:27.080,1.82425,1.82452,1.25,1.00
2018.03.21 13:27:27.602,1.82425,1.82451,2.06,1.00
2018.03.21 13:27:27.701,1.82425,1.82454,2.06,1.00
2018.03.21 13:27:28.262,1.82425,1.82454,1.69,1.00
2018.03.21 13:27:28.397,1.8243,1.82454,1.56,1.00
2018.03.21 13:27:28.449,1.82431,1.82457,1.19,1.00
2018.03.21 13:27:28.558,1.82432,1.82459,1.00,1.00
2018.03.21 13:27:28.610,1.82434,1.8246,1.00,1.00
2018.03.21 13:27:28.711,1.82432,1.8246,1.00,1.00
2018.03.21 13:27:28.864,1.8243,1.82456,1.19,1.00
2018.03.21 13:27:29.406,1.82429,1.82455,1.19,1.00
2018.03.21 13:27:29.711,1.82426,1.82455,1.46,1.00
2018.03.21 13:27:30.262,1.82428,1.82456,1.25,1.00
2018.03.21 13:27:30.847,1.82429,1.82457,1.00,1.00
2018.03.21 13:27:31.399,1.82428,1.82456,1.00,1.00
2018.03.21 13:27:31.451,1.82427,1.82454,2.44,1.00
2018.03.21 13:27:31.504,1.82428,1.82456,1.00,1.00
2018.03.21 13:27:31.809,1.82427,1.82453,1.19,1.00
2018.03.21 13:27:32.458,1.82427,1.82453,1.25,1.00
2018.03.21 13:27:32.814,1.82424,1.82452,1.00,1.00
2018.03.21 13:27:32.865,1.82425,1.8245,1.00,1.00
2018.03.21 13:27:33.092,1.82421,1.82449,1.31,1.00
2018.03.21 13:27:34.170,1.82421,1.82449,1.56,1.00
2018.03.21 13:27:34.594,1.82421,1.82448,1.00,1.00
2018.03.21 13:27:34.782,1.82421,1.8245,1.50,1.00
2018.03.21 13:27:35.565,1.8242,1.82449,1.00,1.00
2018.03.21 13:27:35.745,1.82423,1.82444,1.00,1.00
2018.03.21 13:27:36.075,1.82425,1.82442,1.00,1.00
2018.03.21 13:27:36.634,1.82425,1.82441,1.00,1.00
2018.03.21 13:27:36.685,1.82417,1.82441,1.00,1.00
2018.03.21 13:27:37.264,1.82414,1.82441,2.06,1.00
2018.03.21 13:27:37.813,1.82414,1.82441,2.81,1.00
2018.03.21 13:27:38.418,1.82418,1.82443,1.00,1.00
2018.03.21 13:27:38.521,1.8242,1.82448,1.88,1.00
2018.03.21 13:27:38.572,1.82424,1.82448,1.00,1.00
2018.03.21 13:27:38.675,1.8242,1.82447,1.00,1.00
2018.03.21 13:27:38.726,1.82418,1.82442,1.00,1.00
2018.03.21 13:27:38.930,1.8242,1.82448,1.00,1.00
2018.03.21 13:27:39.118,1.82416,1.82444,3.94,1.00
2018.03.21 13:27:39.633,1.82416,1.82442,1.00,1.00
2018.03.21 13:27:39.814,1.82414,1.82441,1.00,1.00
2018.03.21 13:27:39.917,1.82411,1.82438,1.00,1.00
2018.03.21 13:27:40.115,1.82413,1.82441,1.00,1.00
2018.03.21 13:27:41.134,1.82424,1.82446,1.00,1.00
2018.03.21 13:27:41.185,1.82428,1.82452,1.00,1.12
2018.03.21 13:27:41.238,1.8243,1.82452,1.00,1.12
2018.03.21 13:27:41.289,1.8243,1.82458,1.00,1.00
2018.03.21 13:27:41.834,1.8243,1.82457,1.00,1.00
2018.03.21 13:27:41.885,1.8243,1.82455,1.00,1.00
2018.03.21 13:27:42.509,1.82427,1.82455,4.69,1.00
2018.03.21 13:27:43.080,1.82427,1.82453,1.50,1.00
2018.03.21 13:27:45.069,1.82426,1.82453,1.00,1.00
2018.03.21 13:27:45.170,1.82419,1.82447,1.50,1.00
2018.03.21 13:27:45.221,1.82419,1.82445,1.00,1.00
2018.03.21 13:27:45.473,1.82415,1.82443,1.50,1.00
2018.03.21 13:27:45.524,1.82415,1.82441,1.50,1.00
2018.03.21 13:27:45.843,1.82412,1.82438,1.50,1.00
2018.03.21 13:27:46.380,1.82411,1.82437,1.00,1.00
2018.03.21 13:27:46.922,1.8241,1.82437,1.00,1.00
2018.03.21 13:27:48.431,1.8241,1.82435,1.00,1.00
2018.03.21 13:27:48.598,1.82412,1.82439,1.00,1.00
2018.03.21 13:27:48.807,1.82411,1.82436,2.25,1.00
2018.03.21 13:27:48.858,1.82415,1.82441,1.50,1.00
2018.03.21 13:27:48.960,1.82414,1.82439,1.00,1.00
2018.03.21 13:27:49.116,1.82419,1.82445,1.00,1.00
2018.03.21 13:27:49.167,1.82419,1.82447,1.00,1.00
2018.03.21 13:27:49.362,1.82417,1.82445,1.50,1.00
2018.03.21 13:27:49.671,1.82412,1.8244,2.59,1.00
2018.03.21 13:27:49.977,1.82416,1.8244,1.00,1.00
2018.03.21 13:27:50.457,1.82412,1.8244,2.59,1.00
2018.03.21 13:27:50.563,1.82413,1.82442,1.09,1.00
2018.03.21 13:27:50.725,1.82416,1.82444,1.00,1.00
2018.03.21 13:27:51.084,1.82416,1.82442,1.00,1.00
2018.03.21 13:27:51.388,1.8241,1.82438,1.00,1.00
2018.03.21 13:27:51.938,1.82409,1.82438,1.50,1.00
2018.03.21 13:27:52.040,1.82409,1.82436,1.00,1.00
2018.03.21 13:27:52.243,1.82407,1.82435,1.00,1.00
2018.03.21 13:27:53.437,1.82406,1.82434,1.25,1.00
2018.03.21 13:27:54.016,1.82405,1.82434,1.69,1.00
2018.03.21 13:27:54.557,1.82406,1.82434,1.00,1.00
2018.03.21 13:27:54.886,1.82408,1.82434,1.00,1.00
2018.03.21 13:27:58.413,1.82405,1.82434,1.69,1.00
2018.03.21 13:27:58.464,1.82406,1.8243,1.00,1.00
2018.03.21 13:27:58.853,1.82402,1.82429,1.00,1.00
2018.03.21 13:27:58.955,1.82399,1.82426,1.50,1.00
2018.03.21 13:27:59.872,1.824,1.82426,1.50,1.00
2018.03.21 13:28:00.205,1.82403,1.82429,1.00,1.00
2018.03.21 13:28:00.256,1.82403,1.82431,1.50,1.00
2018.03.21 13:28:00.307,1.82403,1.82429,1.00,1.00
2018.03.21 13:28:00.612,1.82408,1.82434,1.00,1.00
2018.03.21 13:28:00.906,1.82413,1.8244,1.00,1.00
2018.03.21 13:28:00.959,1.82415,1.82443,1.00,1.00
2018.03.21 13:28:01.011,1.8242,1.82447,1.00,1.00
2018.03.21 13:28:01.062,1.82422,1.8245,1.00,1.00
2018.03.21 13:28:01.114,1.82424,1.82451,1.00,1.00
2018.03.21 13:28:01.267,1.82419,1.82447,1.00,1.00
2018.03.21 13:28:01.472,1.82415,1.82443,1.00,1.00
2018.03.21 13:28:01.788,1.8242,1.82446,1.00,1.00
2018.03.21 13:28:02.298,1.82421,1.82446,1.00,1.00
2018.03.21 13:28:02.578,1.82417,1.82445,2.25,1.00
2018.03.21 13:28:02.679,1.82418,1.82442,1.50,1.00
2018.03.21 13:28:02.730,1.82418,1.82445,1.50,1.00
2018.03.21 13:28:02.882,1.82423,1.8245,1.00,1.00
2018.03.21 13:28:03.305,1.82425,1.82451,1.00,1.00
2018.03.21 13:28:04.396,1.82423,1.8245,1.50,1.00
2018.03.21 13:28:04.498,1.82423,1.82447,1.00,1.00
2018.03.21 13:28:04.550,1.82419,1.82445,1.00,1.00
2018.03.21 13:28:05.059,1.82418,1.82445,1.00,1.00
2018.03.21 13:28:05.234,1.8242,1.82445,1.50,1.00
2018.03.21 13:28:05.336,1.82426,1.82454,2.25,1.00
2018.03.21 13:28:05.849,1.82427,1.82454,1.00,1.00
2018.03.21 13:28:06.355,1.82427,1.82455,2.25,1.00
2018.03.21 13:28:06.406,1.82427,1.82453,1.00,1.00
2018.03.21 13:28:07.842,1.82427,1.82452,2.25,1.00
2018.03.21 13:28:08.360,1.82429,1.82453,1.00,1.00
2018.03.21 13:28:08.679,1.82431,1.82455,1.00,1.00
2018.03.21 13:28:08.836,1.82427,1.82453,1.00,1.00
2018.03.21 13:28:09.146,1.82426,1.82451,1.50,1.00
2018.03.21 13:28:10.272,1.82427,1.82451,1.00,1.00
2018.03.21 13:28:10.786,1.82426,1.82451,1.50,1.00
2018.03.21 13:28:11.442,1.82426,1.8245,1.00,1.00
2018.03.21 13:28:14.395,1.82427,1.8245,1.00,1.00
2018.03.21 13:28:14.722,1.82423,1.82446,1.00,1.00
2018.03.21 13:28:14.774,1.82417,1.82443,1.00,1.00
2018.03.21 13:28:14.876,1.82417,1.82441,1.00,1.00
2018.03.21 13:28:15.217,1.82416,1.82439,1.50,1.00
2018.03.21 13:28:17.615,1.82415,1.82439,1.00,1.00
2018.03.21 13:28:19.702,1.82415,1.8244,1.00,1.00
2018.03.21 13:28:20.499,1.82415,1.82439,1.00,1.00
2018.03.21 13:28:21.004,1.82415,1.82438,1.00,1.00
2018.03.21 13:28:21.507,1.82415,1.82439,1.00,1.00
2018.03.21 13:28:23.845,1.82415,1.82441,1.69,1.00
2018.03.21 13:28:24.403,1.82416,1.8244,1.00,1.00
2018.03.21 13:28:25.028,1.82415,1.8244,1.69,1.00
2018.03.21 13:28:25.391,1.82415,1.82438,1.50,1.00
2018.03.21 13:28:25.858,1.82416,1.82436,1.00,1.00
2018.03.21 13:28:25.909,1.8241,1.82437,1.50,1.00
2018.03.21 13:28:25.960,1.82412,1.82433,1.00,1.00
2018.03.21 13:28:26.127,1.82411,1.82439,1.50,1.00
2018.03.21 13:28:26.229,1.82414,1.82439,1.50,1.00
2018.03.21 13:28:26.433,1.82411,1.82439,1.50,1.00
2018.03.21 13:28:26.484,1.82411,1.82437,1.00,1.00
2018.03.21 13:28:26.638,1.82411,1.82439,1.50,1.00
2018.03.21 13:28:28.684,1.8241,1.82438,1.00,1.00
2018.03.21 13:28:28.786,1.82415,1.82438,1.00,1.00
2018.03.21 13:28:28.836,1.82415,1.8244,1.00,1.00
2018.03.21 13:28:28.938,1.82413,1.82439,1.00,1.00
2018.03.21 13:28:29.264,1.82413,1.82441,1.50,1.00
2018.03.21 13:28:29.765,1.82414,1.82441,1.00,1.00
2018.03.21 13:28:30.305,1.82413,1.82441,1.00,1.00
2018.03.21 13:28:30.845,1.82412,1.8244,1.00,1.00
2018.03.21 13:28:31.686,1.82416,1.82444,1.00,1.00
2018.03.21 13:28:32.000,1.82414,1.82441,1.00,1.00
2018.03.21 13:28:32.361,1.82412,1.82439,1.00,1.00
2018.03.21 13:28:32.667,1.82409,1.82435,1.00,1.00
2018.03.21 13:28:33.127,1.82407,1.82435,1.50,1.00
2018.03.21 13:28:33.653,1.8241,1.82436,1.00,1.00
2018.03.21 13:28:33.704,1.8241,1.82439,1.00,1.00
2018.03.21 13:28:34.136,1.8241,1.82437,1.00,1.00
2018.03.21 13:28:34.238,1.82406,1.82436,1.00,1.00
2018.03.21 13:28:34.288,1.82405,1.82433,2.44,1.00
2018.03.21 13:28:34.807,1.82404,1.82432,3.00,1.00
2018.03.21 13:28:35.393,1.82405,1.82433,1.00,1.00
2018.03.21 13:28:35.931,1.82405,1.82432,1.00,1.00
2018.03.21 13:28:36.465,1.82405,1.82433,1.00,1.00
2018.03.21 13:28:36.771,1.82401,1.8243,1.50,1.00
2018.03.21 13:28:37.485,1.824,1.82429,2.25,1.00
2018.03.21 13:28:38.770,1.824,1.82427,2.25,1.00
2018.03.21 13:28:39.273,1.82401,1.82427,1.00,1.00
2018.03.21 13:28:39.922,1.824,1.82427,1.50,1.00
2018.03.21 13:28:40.432,1.82401,1.82427,1.00,1.00
2018.03.21 13:28:41.364,1.82393,1.82421,2.25,1.00
2018.03.21 13:28:41.897,1.82393,1.8242,1.00,1.00
2018.03.21 13:28:42.488,1.82393,1.82417,1.00,1.00
2018.03.21 13:28:42.590,1.82393,1.82419,1.50,1.00
2018.03.21 13:28:44.620,1.82393,1.82421,1.50,1.00
2018.03.21 13:28:45.084,1.82395,1.82421,1.00,1.00
2018.03.21 13:28:45.287,1.82395,1.82424,1.00,1.00
2018.03.21 13:28:45.339,1.82399,1.82425,1.50,1.00
2018.03.21 13:28:45.617,1.82401,1.82429,1.00,1.00
2018.03.21 13:28:46.143,1.82402,1.8243,1.00,1.00
2018.03.21 13:28:46.772,1.82402,1.8243,1.00,1.31
2018.03.21 13:28:47.273,1.82403,1.82429,1.00,1.00
2018.03.21 13:28:47.374,1.82404,1.82431,1.00,1.00
2018.03.21 13:28:47.725,1.82408,1.82436,1.00,2.06
2018.03.21 13:28:47.776,1.82409,1.82437,1.00,1.50
2018.03.21 13:28:48.162,1.82411,1.82438,1.00,1.31
2018.03.21 13:28:48.315,1.82413,1.82441,1.00,1.25
2018.03.21 13:28:48.893,1.82413,1.82441,1.00,1.50
2018.03.21 13:28:49.047,1.82413,1.82441,1.50,1.88
2018.03.21 13:28:49.554,1.82413,1.82441,1.00,1.56
2018.03.21 13:28:50.336,1.82413,1.82441,1.00,1.00
2018.03.21 13:28:50.387,1.82419,1.82446,1.00,1.00
2018.03.21 13:28:50.438,1.82421,1.82449,1.00,1.00
2018.03.21 13:28:50.490,1.82423,1.82451,1.00,1.25
2018.03.21 13:28:50.804,1.82427,1.82453,1.00,1.31
2018.03.21 13:28:51.324,1.82424,1.82451,1.00,1.12
2018.03.21 13:28:51.376,1.82422,1.8245,1.00,1.25
2018.03.21 13:28:51.478,1.82421,1.82448,1.00,1.00
2018.03.21 13:28:52.015,1.82422,1.8245,1.00,2.06
2018.03.21 13:28:52.592,1.82422,1.8245,1.00,1.31
2018.03.21 13:28:53.258,1.82421,1.82448,1.00,1.31
2018.03.21 13:28:53.564,1.82414,1.82441,1.00,1.00
2018.03.21 13:28:53.617,1.82418,1.82445,1.00,1.50
2018.03.21 13:28:53.770,1.8242,1.82449,1.00,1.65
2018.03.21 13:28:54.510,1.82419,1.82447,1.00,1.00
2018.03.21 13:28:56.502,1.82421,1.82435,1.00,1.00
2018.03.21 13:28:56.604,1.82407,1.82432,1.50,1.12
2018.03.21 13:28:56.655,1.82401,1.82429,1.50,1.94
2018.03.21 13:28:56.766,1.82398,1.82422,1.50,1.00
2018.03.21 13:28:56.817,1.82392,1.82421,1.00,1.00
2018.03.21 13:28:56.868,1.82391,1.82419,1.50,1.00
2018.03.21 13:28:57.388,1.82391,1.82418,1.00,1.00
2018.03.21 13:28:57.439,1.82392,1.82421,1.00,1.00
2018.03.21 13:28:58.000,1.82395,1.82423,1.00,1.69
2018.03.21 13:28:58.424,1.82394,1.8242,1.00,1.00
2018.03.21 13:28:58.475,1.82391,1.82418,1.00,1.25
2018.03.21 13:28:58.831,1.82392,1.82421,1.00,1.50
2018.03.21 13:28:58.978,1.82394,1.82422,1.00,1.50
2018.03.21 13:28:59.297,1.82398,1.82427,1.00,2.06
2018.03.21 13:28:59.449,1.82395,1.82424,1.00,1.69
2018.03.21 13:28:59.923,1.82395,1.82423,1.00,1.31
2018.03.21 13:29:00.238,1.82391,1.82418,1.00,1.56
2018.03.21 13:29:00.357,1.82391,1.82419,1.00,1.50
2018.03.21 13:29:00.459,1.82393,1.82422,1.00,1.00
2018.03.21 13:29:00.510,1.82397,1.82423,1.00,1.00
2018.03.21 13:29:00.561,1.82397,1.82427,1.00,1.25
2018.03.21 13:29:01.086,1.82396,1.82427,1.00,1.00
2018.03.21 13:29:01.187,1.82402,1.82428,1.00,1.13
2018.03.21 13:29:01.238,1.82398,1.82427,1.00,1.25
2018.03.21 13:29:01.289,1.82398,1.82425,1.00,1.00
2018.03.21 13:29:01.340,1.82395,1.82423,1.00,1.00
2018.03.21 13:29:01.441,1.82391,1.82423,1.50,1.00
2018.03.21 13:29:01.744,1.82391,1.82421,1.50,1.00
2018.03.21 13:29:02.469,1.82391,1.8242,1.50,1.00
2018.03.21 13:29:03.000,1.82391,1.82421,1.50,1.00
2018.03.21 13:29:03.305,1.82388,1.82416,1.00,1.63
2018.03.21 13:29:03.967,1.82388,1.82416,1.00,1.12
2018.03.21 13:29:04.272,1.82392,1.8242,1.00,1.56
2018.03.21 13:29:04.424,1.82394,1.82423,1.00,1.69
2018.03.21 13:29:04.476,1.82396,1.82422,1.00,1.00
2018.03.21 13:29:04.991,1.82397,1.82423,1.00,1.00
2018.03.21 13:29:05.520,1.82398,1.82422,1.00,1.00
2018.03.21 13:29:05.726,1.82399,1.82426,1.00,1.00
2018.03.21 13:29:05.777,1.824,1.82429,1.00,1.69
2018.03.21 13:29:06.307,1.824,1.82428,1.00,1.00
2018.03.21 13:29:08.049,1.82401,1.8243,1.00,2.06
2018.03.21 13:29:08.252,1.82401,1.8243,1.00,1.87
2018.03.21 13:29:08.404,1.824,1.82428,1.00,1.63
2018.03.21 13:29:08.943,1.824,1.82428,1.00,1.31
2018.03.21 13:29:09.541,1.82401,1.8243,1.00,1.87
2018.03.21 13:29:09.921,1.82404,1.82432,1.00,1.31
2018.03.21 13:29:10.160,1.82402,1.82431,1.00,1.31
2018.03.21 13:29:10.313,1.82404,1.82432,1.00,1.25
2018.03.21 13:29:11.969,1.82404,1.82431,1.00,1.13
2018.03.21 13:29:12.273,1.82403,1.82425,1.00,1.50
2018.03.21 13:29:12.374,1.82403,1.82429,1.00,1.00
2018.03.21 13:29:12.917,1.82403,1.82428,1.00,1.00
2018.03.21 13:29:12.968,1.82401,1.82428,1.00,1.00
2018.03.21 13:29:13.070,1.82401,1.82429,1.00,1.75
2018.03.21 13:29:13.121,1.82397,1.82425,1.00,1.00
2018.03.21 13:29:13.173,1.82399,1.82422,1.00,1.00
2018.03.21 13:29:13.626,1.82401,1.82422,1.00,1.00
2018.03.21 13:29:13.744,1.82401,1.82427,1.00,1.25
2018.03.21 13:29:14.214,1.82401,1.8243,1.00,2.25
2018.03.21 13:29:14.266,1.824,1.82428,1.00,1.00
2018.03.21 13:29:14.633,1.82402,1.82428,1.00,1.00
2018.03.21 13:29:14.995,1.824,1.82426,1.00,1.00
2018.03.21 13:29:15.301,1.82404,1.82428,1.00,1.00
2018.03.21 13:29:16.973,1.82404,1.82427,1.00,1.00
2018.03.21 13:29:17.199,1.82404,1.82429,1.00,1.25
2018.03.21 13:29:17.251,1.82408,1.82433,1.00,1.37
2018.03.21 13:29:17.302,1.82409,1.82436,1.00,1.00
2018.03.21 13:29:17.405,1.82412,1.82438,1.00,1.50
2018.03.21 13:29:17.956,1.82412,1.82437,1.00,1.00
2018.03.21 13:29:18.369,1.82409,1.82437,1.00,1.00
2018.03.21 13:29:19.131,1.82409,1.82436,1.00,1.00
2018.03.21 13:29:20.447,1.82411,1.82436,1.00,1.00
2018.03.21 13:29:21.314,1.82412,1.82436,1.00,1.00
2018.03.21 13:29:21.466,1.82413,1.82441,1.00,1.00
2018.03.21 13:29:21.517,1.82419,1.82443,1.00,1.37
2018.03.21 13:29:21.618,1.82421,1.82448,1.00,2.25
2018.03.21 13:29:22.123,1.82422,1.82448,1.00,1.00
2018.03.21 13:29:23.205,1.8242,1.82446,1.00,1.56
2018.03.21 13:29:23.552,1.8242,1.82446,1.00,1.25
2018.03.21 13:29:23.604,1.82422,1.82447,1.00,1.31
2018.03.21 13:29:23.922,1.82422,1.82448,1.00,1.25
2018.03.21 13:29:24.605,1.82424,1.8245,1.00,1.50
2018.03.21 13:29:24.910,1.82432,1.82458,1.00,1.00
2018.03.21 13:29:26.083,1.82427,1.82453,1.00,1.50
2018.03.21 13:29:26.431,1.8243,1.82457,1.00,2.25
2018.03.21 13:29:26.482,1.82432,1.82457,1.00,1.50
2018.03.21 13:29:26.819,1.8243,1.82455,1.00,1.00
2018.03.21 13:29:27.156,1.82432,1.82455,1.00,1.00
2018.03.21 13:29:27.311,1.82424,1.82453,1.00,1.31
2018.03.21 13:29:27.362,1.82422,1.82446,1.00,1.50
2018.03.21 13:29:27.687,1.82429,1.8245,1.00,1.00
2018.03.21 13:29:27.789,1.82429,1.82454,1.00,1.00
2018.03.21 13:29:28.300,1.8243,1.82454,1.00,1.00
2018.03.21 13:29:28.867,1.82429,1.82454,1.00,2.25
2018.03.21 13:29:29.872,1.82429,1.82451,1.00,1.00
2018.03.21 13:29:30.080,1.82425,1.82451,1.00,1.00
2018.03.21 13:29:30.751,1.82426,1.82451,1.00,1.50
2018.03.21 13:29:31.502,1.82425,1.82451,1.00,1.50
2018.03.21 13:29:32.162,1.82424,1.82451,1.00,1.50
2018.03.21 13:29:33.390,1.82423,1.82451,1.00,1.50
2018.03.21 13:29:34.117,1.82423,1.8245,1.00,1.00
2018.03.21 13:29:34.669,1.82425,1.8245,1.00,1.00
2018.03.21 13:29:35.202,1.82424,1.8245,1.00,1.00
2018.03.21 13:29:35.253,1.82421,1.82449,1.00,1.00
2018.03.21 13:29:35.881,1.82418,1.82447,1.00,1.00
2018.03.21 13:29:36.034,1.82416,1.82445,1.00,1.00
2018.03.21 13:29:36.432,1.82411,1.8244,1.00,1.00
2018.03.21 13:29:37.121,1.82411,1.82439,1.50,1.00
2018.03.21 13:29:38.227,1.8241,1.82439,1.50,1.00
2018.03.21 13:29:38.778,1.82411,1.82439,1.50,1.00
2018.03.21 13:29:39.240,1.82409,1.82438,1.00,1.00
2018.03.21 13:29:41.119,1.82408,1.82436,1.00,1.00
2018.03.21 13:29:41.425,1.82401,1.82422,1.50,1.00
2018.03.21 13:29:41.680,1.82401,1.82424,1.00,1.00
2018.03.21 13:29:41.835,1.82402,1.82426,1.00,1.00
2018.03.21 13:29:41.886,1.82398,1.82426,1.00,1.00
2018.03.21 13:29:42.441,1.82397,1.82426,1.00,1.00
2018.03.21 13:29:42.873,1.82396,1.82424,1.00,1.00
2018.03.21 13:29:43.411,1.82395,1.82424,1.00,1.00
2018.03.21 13:29:43.879,1.82394,1.82422,1.00,1.00
2018.03.21 13:29:44.626,1.82394,1.82407,1.00,2.59
2018.03.21 13:29:44.728,1.82391,1.82405,1.00,1.09
2018.03.21 13:29:44.779,1.82376,1.82393,1.12,1.00
2018.03.21 13:29:44.881,1.82367,1.82393,1.00,1.00
2018.03.21 13:29:45.413,1.82366,1.82394,1.00,1.00
2018.03.21 13:29:45.617,1.82368,1.82397,1.00,1.00
2018.03.21 13:29:45.668,1.8237,1.82398,1.00,1.00
2018.03.21 13:29:45.768,1.82371,1.82401,1.00,1.00
2018.03.21 13:29:45.920,1.82373,1.82402,1.00,1.00
2018.03.21 13:29:46.244,1.82375,1.82401,1.00,1.00
2018.03.21 13:29:46.967,1.82379,1.82406,1.00,1.00
2018.03.21 13:29:47.240,1.8238,1.82408,1.00,1.00
2018.03.21 13:29:47.549,1.82382,1.82408,1.00,1.00
2018.03.21 13:29:48.753,1.82382,1.8241,1.00,1.00
2018.03.21 13:29:50.285,1.82385,1.8241,1.00,1.00
2018.03.21 13:29:51.957,1.82382,1.8241,1.00,1.00
2018.03.21 13:29:52.676,1.82382,1.82411,1.00,1.00
2018.03.21 13:29:52.727,1.82389,1.82412,1.00,1.00
2018.03.21 13:29:52.779,1.82392,1.82416,1.00,1.00
2018.03.21 13:29:52.830,1.82396,1.82416,1.00,1.00
2018.03.21 13:29:52.882,1.82396,1.82422,1.00,1.50
2018.03.21 13:29:53.497,1.82395,1.82421,1.00,1.00
2018.03.21 13:29:53.746,1.82395,1.82423,1.50,1.00
2018.03.21 13:29:53.832,1.82401,1.82427,1.00,1.00
2018.03.21 13:29:54.138,1.82404,1.8243,1.00,1.00
2018.03.21 13:29:54.575,1.82405,1.82433,1.00,1.00
2018.03.21 13:29:55.221,1.82404,1.82432,1.00,1.00
2018.03.21 13:29:56.505,1.82407,1.82433,1.00,1.00
2018.03.21 13:29:56.556,1.82402,1.82429,1.00,1.00
2018.03.21 13:29:56.608,1.824,1.82426,1.00,1.00
2018.03.21 13:29:56.659,1.82398,1.82426,1.00,2.25
2018.03.21 13:29:57.374,1.82398,1.82425,1.00,1.00
2018.03.21 13:29:57.942,1.82398,1.82426,1.00,1.50
2018.03.21 13:29:59.247,1.82395,1.82423,1.00,1.25
2018.03.21 13:29:59.809,1.82394,1.82422,1.00,1.50
2018.03.21 13:30:00.327,1.82396,1.82424,1.00,1.00
2018.03.21 13:30:01.109,1.82397,1.82425,1.00,1.00
2018.03.21 13:30:01.420,1.82395,1.82422,1.00,1.00
2018.03.21 13:30:01.471,1.82392,1.8242,1.00,1.00
2018.03.21 13:30:01.523,1.82389,1.82418,1.00,1.00
2018.03.21 13:30:01.625,1.82391,1.82418,1.00,1.00
2018.03.21 13:30:01.728,1.82394,1.82423,1.00,1.00
2018.03.21 13:30:01.780,1.82391,1.82417,1.00,1.00
2018.03.21 13:30:02.029,1.82388,1.82415,1.00,1.00
2018.03.21 13:30:02.080,1.82386,1.82414,1.00,1.00
2018.03.21 13:30:02.435,1.82387,1.82416,1.00,1.00
2018.03.21 13:30:02.595,1.82389,1.82417,1.00,1.00
2018.03.21 13:30:02.923,1.82391,1.82417,1.00,1.00
2018.03.21 13:30:03.344,1.82391,1.8242,1.00,1.00
2018.03.21 13:30:03.632,1.8239,1.82418,1.00,1.00
2018.03.21 13:30:04.143,1.82391,1.8242,1.00,1.00
2018.03.21 13:30:04.296,1.82393,1.82421,1.00,1.00
2018.03.21 13:30:04.641,1.82402,1.8243,1.00,1.50
2018.03.21 13:30:04.944,1.824,1.82429,1.00,1.50
2018.03.21 13:30:05.146,1.82399,1.82427,1.00,1.00
2018.03.21 13:30:05.495,1.82403,1.8243,1.00,1.00
2018.03.21 13:30:05.546,1.82404,1.82432,1.00,1.50
2018.03.21 13:30:07.159,1.82403,1.82431,1.00,1.00
2018.03.21 13:30:07.823,1.82401,1.8243,1.00,1.00
2018.03.21 13:30:09.812,1.82403,1.8243,1.00,1.00
2018.03.21 13:30:12.060,1.82402,1.82429,1.00,1.00
2018.03.21 13:30:12.337,1.82392,1.82421,1.00,1.00
2018.03.21 13:30:12.440,1.82394,1.82422,1.00,1.00
2018.03.21 13:30:12.746,1.82395,1.82424,1.00,1.00
2018.03.21 13:30:12.848,1.82398,1.82424,1.00,1.00
2018.03.21 13:30:14.363,1.82395,1.82424,1.00,1.00
2018.03.21 13:30:14.414,1.82394,1.82422,1.00,1.00
2018.03.21 13:30:14.721,1.82391,1.82417,1.00,1.00
2018.03.21 13:30:14.841,1.82393,1.8242,1.00,1.00
2018.03.21 13:30:15.043,1.82393,1.82418,1.00,1.00
2018.03.21 13:30:15.096,1.82391,1.82418,1.00,1.00
2018.03.21 13:30:15.583,1.82392,1.8242,1.00,1.00
2018.03.21 13:30:16.098,1.82391,1.82419,1.00,1.00
2018.03.21 13:30:16.270,1.82389,1.82416,1.00,1.00
2018.03.21 13:30:16.806,1.82387,1.82415,1.19,1.00
2018.03.21 13:30:17.340,1.82391,1.82417,1.00,1.00
2018.03.21 13:30:17.974,1.82392,1.82418,1.00,1.00
2018.03.21 13:30:19.632,1.8239,1.82418,1.00,1.00
2018.03.21 13:30:20.180,1.82391,1.82419,1.00,1.00
2018.03.21 13:30:20.695,1.8239,1.82418,1.25,1.00
2018.03.21 13:30:21.356,1.8239,1.82418,1.88,1.00
2018.03.21 13:30:21.762,1.82391,1.8242,1.50,1.00
2018.03.21 13:30:22.656,1.82392,1.82418,1.00,1.00
2018.03.21 13:30:23.188,1.82391,1.82419,1.00,1.00
2018.03.21 13:30:23.524,1.82393,1.82421,1.00,1.00
2018.03.21 13:30:23.870,1.82395,1.82421,1.00,1.00
2018.03.21 13:30:23.921,1.82395,1.82424,1.00,1.00
2018.03.21 13:30:24.142,1.82397,1.82425,1.00,1.50
2018.03.21 13:30:24.453,1.82399,1.82425,1.00,1.00
2018.03.21 13:30:26.375,1.82398,1.82424,1.00,1.00
2018.03.21 13:30:26.661,1.824,1.82428,1.00,1.00
2018.03.21 13:30:26.813,1.82403,1.8243,1.00,1.00
2018.03.21 13:30:27.125,1.82405,1.82431,1.00,1.00
2018.03.21 13:30:28.401,1.82399,1.82427,1.00,1.00
2018.03.21 13:30:28.451,1.82401,1.82427,1.00,1.00
2018.03.21 13:30:28.755,1.82396,1.82425,1.50,1.00
2018.03.21 13:30:29.109,1.82398,1.82426,1.00,1.00
2018.03.21 13:30:29.631,1.82399,1.82427,1.00,1.00
2018.03.21 13:30:30.121,1.82398,1.82424,1.00,1.00
2018.03.21 13:30:30.224,1.82396,1.82424,1.00,2.25
2018.03.21 13:30:30.771,1.82398,1.82425,1.00,1.50
2018.03.21 13:30:31.105,1.82399,1.82427,1.00,1.00
2018.03.21 13:30:31.460,1.82397,1.82426,1.00,1.00
2018.03.21 13:30:32.050,1.82399,1.82427,1.00,1.00
2018.03.21 13:30:32.203,1.82401,1.8243,1.00,1.50
2018.03.21 13:30:33.077,1.82403,1.82429,1.00,1.00
2018.03.21 13:30:33.129,1.82401,1.82428,1.00,1.00
2018.03.21 13:30:33.232,1.82402,1.8243,1.00,1.00
2018.03.21 13:30:33.283,1.82399,1.82427,1.00,1.00
2018.03.21 13:30:33.795,1.824,1.82427,1.00,1.00
2018.03.21 13:30:34.134,1.82402,1.82427,1.00,1.00
2018.03.21 13:30:34.614,1.82404,1.82427,1.00,1.00
2018.03.21 13:30:35.132,1.82403,1.82427,1.00,1.00
2018.03.21 13:30:35.349,1.82403,1.82429,1.00,1.00
2018.03.21 13:30:35.555,1.82403,1.82431,1.00,1.50
2018.03.21 13:30:35.777,1.82405,1.82431,1.00,1.00
2018.03.21 13:30:35.983,1.82403,1.8243,1.00,1.00
2018.03.21 13:30:36.034,1.82406,1.8243,1.00,1.00
2018.03.21 13:30:36.277,1.82404,1.8243,1.00,1.00
2018.03.21 13:30:36.786,1.82404,1.82431,1.00,1.50
2018.03.21 13:30:36.888,1.82402,1.8243,1.00,1.00
2018.03.21 13:30:37.398,1.82401,1.82429,1.00,1.00
2018.03.21 13:30:37.501,1.82404,1.82431,1.00,1.00
2018.03.21 13:30:37.807,1.82407,1.82434,1.00,1.00
2018.03.21 13:30:38.662,1.82406,1.82432,1.00,1.00
2018.03.21 13:30:39.089,1.82407,1.82434,1.00,1.00
2018.03.21 13:30:39.213,1.82406,1.82432,1.00,1.00
2018.03.21 13:30:40.387,1.82406,1.82435,1.00,1.50
2018.03.21 13:30:40.936,1.82406,1.82434,1.00,1.00
2018.03.21 13:30:41.515,1.82406,1.82433,1.00,1.00
2018.03.21 13:30:41.938,1.82406,1.82435,1.00,2.25
2018.03.21 13:30:42.650,1.82409,1.82435,1.00,1.50
2018.03.21 13:30:44.015,1.82405,1.82432,1.00,1.00
2018.03.21 13:30:44.423,1.82408,1.82436,1.00,1.00
2018.03.21 13:30:44.679,1.82408,1.82432,1.00,1.00
2018.03.21 13:30:45.333,1.82408,1.82433,1.00,1.00
2018.03.21 13:30:45.769,1.82408,1.82436,1.00,1.00
2018.03.21 13:30:45.870,1.8241,1.82436,1.00,1.00
2018.03.21 13:30:46.396,1.8241,1.82437,1.00,1.50
2018.03.21 13:30:47.504,1.8241,1.82438,1.00,1.50
2018.03.21 13:30:48.296,1.8241,1.82437,1.00,1.00
2018.03.21 13:30:48.599,1.82407,1.82434,1.00,1.00
2018.03.21 13:30:49.150,1.82407,1.82433,1.00,1.00
2018.03.21 13:30:49.253,1.82409,1.82437,1.00,1.00
2018.03.21 13:30:49.776,1.82408,1.82436,1.00,1.00
2018.03.21 13:30:50.280,1.82409,1.82437,1.00,1.50
2018.03.21 13:30:50.792,1.82412,1.82438,1.00,1.00
2018.03.21 13:30:51.770,1.82412,1.8244,1.00,1.00
2018.03.21 13:30:51.928,1.8241,1.82439,1.00,1.50
2018.03.21 13:30:51.979,1.82409,1.82437,1.00,1.00
2018.03.21 13:30:52.528,1.82408,1.82435,1.00,1.00
2018.03.21 13:30:52.580,1.82404,1.82432,1.50,1.00
2018.03.21 13:30:52.630,1.82402,1.82428,1.00,1.00
2018.03.21 13:30:52.836,1.82402,1.8243,1.00,1.00
2018.03.21 13:30:53.042,1.82403,1.82432,1.00,1.00
2018.03.21 13:30:54.057,1.82402,1.8243,1.00,1.00
2018.03.21 13:30:54.364,1.82411,1.82437,1.00,1.00
2018.03.21 13:30:54.824,1.82411,1.82439,1.00,2.25
2018.03.21 13:30:55.486,1.82411,1.82438,1.00,1.00
2018.03.21 13:30:55.635,1.82411,1.82433,1.00,1.00
2018.03.21 13:30:55.888,1.82407,1.82433,1.00,1.00
2018.03.21 13:30:56.040,1.82405,1.82433,1.00,1.00
2018.03.21 13:30:56.587,1.82406,1.82434,1.00,1.00
2018.03.21 13:30:57.330,1.82405,1.82433,1.00,1.00
2018.03.21 13:30:57.694,1.82403,1.82432,1.00,1.00
2018.03.21 13:30:58.963,1.82402,1.8243,1.25,1.00
2018.03.21 13:30:59.313,1.82399,1.82425,1.00,1.00
2018.03.21 13:30:59.812,1.82401,1.82429,1.00,1.50
2018.03.21 13:31:00.222,1.82401,1.82426,1.00,1.00
2018.03.21 13:31:00.273,1.82396,1.82424,1.00,1.00
2018.03.21 13:31:00.419,1.82396,1.82421,1.00,1.50
2018.03.21 13:31:00.727,1.82395,1.82419,1.00,1.00
2018.03.21 13:31:00.879,1.82392,1.82418,1.00,1.50
2018.03.21 13:31:00.930,1.8239,1.82416,1.00,1.00
2018.03.21 13:31:01.269,1.82392,1.82416,1.00,1.00
2018.03.21 13:31:03.166,1.82392,1.82418,1.00,1.00
2018.03.21 13:31:03.431,1.82389,1.82415,1.00,1.00
2018.03.21 13:31:04.487,1.82387,1.82415,1.50,1.00
2018.03.21 13:31:05.036,1.82385,1.82414,1.00,1.00
2018.03.21 13:31:05.214,1.82383,1.82411,1.00,1.84
2018.03.21 13:31:05.266,1.82378,1.82407,1.00,1.00
2018.03.21 13:31:06.021,1.82377,1.82405,1.00,1.00
2018.03.21 13:31:07.308,1.82386,1.82408,1.00,1.00
2018.03.21 13:31:07.410,1.82388,1.82414,1.00,1.00
2018.03.21 13:31:09.296,1.82388,1.82417,1.00,1.50
2018.03.21 13:31:09.347,1.82391,1.82416,1.00,1.00
2018.03.21 13:31:09.683,1.82393,1.8242,1.00,1.00
2018.03.21 13:31:10.220,1.82393,1.82421,1.00,3.00
2018.03.21 13:31:10.583,1.8239,1.82418,1.00,1.00
2018.03.21 13:31:10.663,1.82388,1.82417,1.50,1.00
2018.03.21 13:31:10.975,1.8239,1.82416,1.00,1.00
2018.03.21 13:31:11.026,1.82385,1.82413,1.00,1.50
2018.03.21 13:31:11.182,1.82384,1.82411,1.00,1.00
2018.03.21 13:31:11.336,1.82382,1.8241,1.00,1.00
2018.03.21 13:31:11.437,1.82382,1.82408,1.00,1.00
2018.03.21 13:31:11.488,1.82378,1.82405,1.00,1.00
2018.03.21 13:31:12.017,1.82377,1.82405,1.00,1.00
2018.03.21 13:31:12.535,1.82382,1.8241,1.00,1.00
2018.03.21 13:31:13.189,1.82381,1.82409,1.00,1.00
2018.03.21 13:31:13.467,1.82379,1.82408,1.00,1.00
2018.03.21 13:31:14.285,1.82381,1.82409,1.00,1.00
2018.03.21 13:31:14.547,1.82379,1.82408,1.00,1.00
2018.03.21 13:31:14.674,1.82383,1.8241,1.00,1.00
2018.03.21 13:31:14.725,1.82385,1.82413,1.00,1.50
2018.03.21 13:31:16.091,1.82387,1.82415,1.00,1.00
2018.03.21 13:31:16.700,1.82388,1.82416,1.00,1.00
2018.03.21 13:31:17.057,1.8239,1.82417,1.00,1.00
2018.03.21 13:31:18.673,1.82389,1.82415,1.00,1.00
2018.03.21 13:31:21.101,1.82387,1.82415,1.00,1.00
2018.03.21 13:31:21.203,1.82391,1.82419,1.00,1.00
2018.03.21 13:31:21.781,1.82392,1.82419,1.00,1.00
2018.03.21 13:31:21.831,1.8239,1.82418,1.00,1.00
2018.03.21 13:31:22.137,1.82394,1.82422,1.00,1.00
2018.03.21 13:31:22.496,1.82396,1.82422,1.00,1.00
2018.03.21 13:31:22.650,1.82396,1.82425,1.00,1.00
2018.03.21 13:31:23.137,1.82398,1.82426,1.00,1.00
2018.03.21 13:31:23.641,1.82399,1.82427,1.00,1.00
2018.03.21 13:31:25.058,1.82399,1.82428,1.00,1.00
2018.03.21 13:31:25.607,1.82399,1.82429,1.00,1.00
2018.03.21 13:31:27.062,1.82401,1.82429,1.00,1.00
2018.03.21 13:31:27.969,1.82399,1.82428,1.00,1.50
2018.03.21 13:31:28.020,1.82398,1.82424,1.00,1.00
2018.03.21 13:31:28.071,1.82396,1.82423,1.00,1.00
2018.03.21 13:31:28.275,1.82394,1.82423,1.00,1.00
2018.03.21 13:31:28.326,1.82396,1.82423,1.00,1.00
2018.03.21 13:31:28.377,1.82397,1.82425,1.00,1.00
2018.03.21 13:31:28.694,1.82395,1.82424,1.00,1.00
2018.03.21 13:31:29.011,1.82398,1.82424,1.00,1.00
2018.03.21 13:31:31.205,1.82399,1.82428,1.00,1.50
2018.03.21 13:31:31.678,1.82401,1.82428,1.00,1.00
2018.03.21 13:31:32.189,1.82399,1.82425,1.00,1.00
2018.03.21 13:31:32.294,1.82395,1.82424,1.00,1.00
2018.03.21 13:31:32.350,1.82398,1.82426,1.00,1.00
2018.03.21 13:31:32.662,1.82402,1.82428,1.00,1.00
2018.03.21 13:31:33.460,1.82405,1.82429,1.00,1.00
2018.03.21 13:31:33.511,1.82404,1.82432,1.00,1.00
2018.03.21 13:31:33.613,1.82408,1.82435,1.00,1.50
2018.03.21 13:31:34.124,1.82408,1.82436,1.00,1.00
2018.03.21 13:31:34.993,1.82409,1.82438,1.00,1.00
2018.03.21 13:31:35.247,1.82408,1.82436,1.00,1.00
2018.03.21 13:31:35.554,1.82411,1.82439,1.00,1.00
2018.03.21 13:31:39.763,1.82407,1.82434,1.50,1.12
2018.03.21 13:31:39.866,1.82401,1.82429,1.00,1.00
2018.03.21 13:31:39.917,1.82399,1.82428,1.00,1.00
2018.03.21 13:31:40.276,1.82398,1.82426,1.50,1.00
2018.03.21 13:31:42.044,1.82399,1.82428,1.00,1.00
2018.03.21 13:31:44.886,1.82405,1.82432,1.00,1.00
2018.03.21 13:31:45.212,1.824,1.82428,1.00,1.00
2018.03.21 13:31:45.465,1.82401,1.8243,1.00,1.00
2018.03.21 13:31:45.746,1.82404,1.82431,1.00,1.00
2018.03.21 13:31:46.403,1.82403,1.82431,1.00,1.50
2018.03.21 13:31:46.660,1.82405,1.82434,1.00,1.00
2018.03.21 13:31:47.219,1.82407,1.82435,1.00,1.00
2018.03.21 13:31:47.528,1.82412,1.82438,1.00,1.00
2018.03.21 13:31:47.731,1.82412,1.8244,1.00,1.00
2018.03.21 13:31:48.627,1.82415,1.82441,1.00,1.00
2018.03.21 13:31:48.678,1.82415,1.82443,1.00,1.00
2018.03.21 13:31:49.049,1.82418,1.82444,1.00,1.00
2018.03.21 13:31:51.431,1.82416,1.82443,1.00,1.00
2018.03.21 13:31:52.116,1.82408,1.82437,1.50,1.00
2018.03.21 13:31:52.322,1.82411,1.82439,1.00,1.50
2018.03.21 13:31:52.426,1.82412,1.82441,1.00,1.00
2018.03.21 13:31:52.993,1.82411,1.82439,1.00,1.00
2018.03.21 13:31:53.298,1.82414,1.8244,1.00,1.00
2018.03.21 13:31:53.450,1.82412,1.8244,1.00,1.00
2018.03.21 13:31:53.653,1.8241,1.82438,1.00,1.00
2018.03.21 13:31:54.465,1.82408,1.82437,1.00,1.00
2018.03.21 13:31:54.618,1.82411,1.82439,1.00,2.25
2018.03.21 13:31:54.975,1.82409,1.82438,1.00,1.00
2018.03.21 13:31:55.320,1.82408,1.82436,1.00,1.00
2018.03.21 13:31:56.005,1.82407,1.82435,1.00,1.00
2018.03.21 13:31:57.691,1.82406,1.82433,1.00,1.00
2018.03.21 13:31:58.487,1.82407,1.82435,1.00,1.00
2018.03.21 13:31:58.765,1.82409,1.82435,1.00,1.00
2018.03.21 13:31:59.925,1.82412,1.82438,1.00,1.50
2018.03.21 13:31:59.977,1.82412,1.82441,1.00,1.50
2018.03.21 13:32:00.181,1.82411,1.82439,1.00,1.00
2018.03.21 13:32:01.560,1.82406,1.82434,1.00,1.00
2018.03.21 13:32:01.864,1.82403,1.8243,1.00,1.50
2018.03.21 13:32:02.209,1.8241,1.82436,1.00,1.00
2018.03.21 13:32:02.541,1.82409,1.82434,1.00,1.00
2018.03.21 13:32:02.696,1.82402,1.82429,1.00,2.25
2018.03.21 13:32:02.748,1.82399,1.82428,1.00,2.25
2018.03.21 13:32:02.802,1.82396,1.82424,1.00,1.00
2018.03.21 13:32:02.896,1.8239,1.82419,1.00,1.00
2018.03.21 13:32:02.947,1.8239,1.82416,1.00,1.00
2018.03.21 13:32:02.997,1.82388,1.82416,1.00,1.50
2018.03.21 13:32:03.200,1.82385,1.82413,1.00,1.00
2018.03.21 13:32:03.509,1.82382,1.82408,1.00,1.00
2018.03.21 13:32:04.054,1.82381,1.82407,1.00,1.00
2018.03.21 13:32:04.553,1.82378,1.82407,1.00,1.00
2018.03.21 13:32:04.715,1.82378,1.82404,1.00,1.00
2018.03.21 13:32:07.918,1.82381,1.82407,1.00,1.00
2018.03.21 13:32:07.969,1.82383,1.82411,1.00,1.00
2018.03.21 13:32:08.123,1.82389,1.82417,1.00,1.00
2018.03.21 13:32:08.503,1.82391,1.82418,1.00,1.50
2018.03.21 13:32:09.195,1.82394,1.82418,1.00,1.50
2018.03.21 13:32:10.840,1.82396,1.82418,1.00,1.00
2018.03.21 13:32:10.942,1.82398,1.82423,1.00,1.09
2018.03.21 13:32:11.549,1.82397,1.82423,1.00,1.00
2018.03.21 13:32:12.082,1.82397,1.82422,1.00,1.00
2018.03.21 13:32:13.015,1.82397,1.82421,1.00,1.00
2018.03.21 13:32:13.134,1.82399,1.82422,1.00,1.00
2018.03.21 13:32:13.185,1.82401,1.82425,1.00,1.00
2018.03.21 13:32:14.218,1.82404,1.82425,1.00,1.00
2018.03.21 13:32:14.271,1.82401,1.82426,1.00,1.00
2018.03.21 13:32:14.323,1.82403,1.82426,1.00,1.00
2018.03.21 13:32:14.869,1.82404,1.82426,1.00,1.00
2018.03.21 13:32:15.211,1.82401,1.82425,1.00,1.00
2018.03.21 13:32:15.262,1.82399,1.82424,1.00,1.00
2018.03.21 13:32:15.313,1.82397,1.8242,1.00,1.00
2018.03.21 13:32:15.363,1.82395,1.8242,1.00,1.00
2018.03.21 13:32:15.859,1.82391,1.82419,1.00,1.00
2018.03.21 13:32:16.571,1.82388,1.82417,1.00,1.00
2018.03.21 13:32:16.673,1.82386,1.82414,1.00,1.00
2018.03.21 13:32:16.937,1.82383,1.82412,1.00,1.00
2018.03.21 13:32:17.092,1.82381,1.82409,1.00,1.00
2018.03.21 13:32:17.513,1.82381,1.82407,1.00,1.00
2018.03.21 13:32:17.768,1.82381,1.82409,1.00,1.00
2018.03.21 13:32:17.921,1.82382,1.82411,1.00,1.50
2018.03.21 13:32:17.972,1.82384,1.82411,1.00,1.00
2018.03.21 13:32:18.235,1.82386,1.82415,1.00,1.00
2018.03.21 13:32:18.286,1.82389,1.82415,1.00,1.00
2018.03.21 13:32:18.591,1.82386,1.82414,1.00,1.00
2018.03.21 13:32:18.642,1.82384,1.82411,1.00,1.00
2018.03.21 13:32:18.693,1.82382,1.8241,1.00,1.00
2018.03.21 13:32:18.896,1.82383,1.82412,1.00,1.50
2018.03.21 13:32:18.947,1.82385,1.82412,1.00,1.00
2018.03.21 13:32:19.259,1.82384,1.8241,1.00,1.00
2018.03.21 13:32:19.413,1.82383,1.82412,1.00,1.00
2018.03.21 13:32:19.465,1.82386,1.82413,1.00,1.00
2018.03.21 13:32:19.567,1.82387,1.82415,1.00,1.00
2018.03.21 13:32:20.108,1.82386,1.82414,1.00,1.00
2018.03.21 13:32:21.431,1.82384,1.8241,1.00,1.00
2018.03.21 13:32:21.532,1.82382,1.8241,1.00,1.00
2018.03.21 13:32:21.821,1.82384,1.82413,1.00,1.00
2018.03.21 13:32:21.881,1.82387,1.82414,1.00,1.00
2018.03.21 13:32:22.083,1.82383,1.82411,1.00,1.00
2018.03.21 13:32:22.134,1.82381,1.82409,1.00,1.00
2018.03.21 13:32:22.286,1.82379,1.82408,1.00,1.00
2018.03.21 13:32:23.026,1.82381,1.82409,1.00,1.00
2018.03.21 13:32:24.046,1.82379,1.82408,1.00,1.00
2018.03.21 13:32:25.474,1.82382,1.8241,1.00,1.00
2018.03.21 13:32:25.778,1.82385,1.82411,1.00,1.00
2018.03.21 13:32:25.829,1.82385,1.82413,1.00,1.00
2018.03.21 13:32:27.455,1.82387,1.82414,1.00,1.00
2018.03.21 13:32:28.706,1.82385,1.82413,1.00,1.00
2018.03.21 13:32:29.234,1.82384,1.82412,1.00,1.00
2018.03.21 13:32:29.800,1.82382,1.8241,1.00,1.00
2018.03.21 13:32:30.113,1.82384,1.82412,1.00,1.00
2018.03.21 13:32:31.277,1.82387,1.82413,1.00,1.00
2018.03.21 13:32:31.537,1.82388,1.82416,1.00,1.50
2018.03.21 13:32:32.017,1.82393,1.82419,1.00,1.50
2018.03.21 13:32:32.270,1.82391,1.82418,1.00,1.00
2018.03.21 13:32:32.371,1.82389,1.82417,1.00,1.00
2018.03.21 13:32:32.578,1.82391,1.82419,1.00,1.00
2018.03.21 13:32:32.883,1.82393,1.82419,1.00,1.00
2018.03.21 13:32:32.985,1.82391,1.82418,1.00,1.50
2018.03.21 13:32:33.490,1.82391,1.82419,1.00,1.00
2018.03.21 13:32:34.504,1.82395,1.82423,1.00,1.50
2018.03.21 13:32:34.885,1.82398,1.82426,1.00,1.00
2018.03.21 13:32:35.229,1.82396,1.82422,1.00,1.50
2018.03.21 13:32:35.408,1.82396,1.82425,1.00,1.00
2018.03.21 13:32:35.631,1.82399,1.82425,1.00,1.00
2018.03.21 13:32:37.894,1.824,1.82426,1.00,1.00
2018.03.21 13:32:38.189,1.82401,1.82429,1.00,2.44
2018.03.21 13:32:38.348,1.82398,1.82427,1.00,1.00
2018.03.21 13:32:38.399,1.82401,1.82428,1.00,1.00
2018.03.21 13:32:38.603,1.82399,1.82428,1.00,1.50
2018.03.21 13:32:38.820,1.82398,1.82426,1.00,1.00
2018.03.21 13:32:38.872,1.82395,1.82424,1.00,1.00
2018.03.21 13:32:38.923,1.82397,1.82424,1.00,1.00
2018.03.21 13:32:39.279,1.82395,1.82424,1.00,1.00
2018.03.21 13:32:39.330,1.82398,1.82424,1.00,1.00
2018.03.21 13:32:39.586,1.82396,1.82423,1.00,1.00
2018.03.21 13:32:39.861,1.82397,1.82425,1.00,1.00
2018.03.21 13:32:40.657,1.82398,1.82426,1.00,1.00
2018.03.21 13:32:41.247,1.82397,1.82425,1.00,1.00
2018.03.21 13:32:42.091,1.82398,1.82426,1.00,1.00
2018.03.21 13:32:42.617,1.82397,1.82425,1.00,1.00
2018.03.21 13:32:42.719,1.82398,1.82427,1.00,1.00
2018.03.21 13:32:42.872,1.824,1.82428,1.00,1.00
2018.03.21 13:32:43.214,1.82402,1.82428,1.00,1.00
2018.03.21 13:32:43.373,1.824,1.82428,1.00,1.00
2018.03.21 13:32:43.874,1.82401,1.82429,1.00,1.50
2018.03.21 13:32:44.082,1.82405,1.8243,1.00,1.00
2018.03.21 13:32:44.134,1.82405,1.82433,1.00,1.00
2018.03.21 13:32:44.513,1.82403,1.82432,1.00,1.00
2018.03.21 13:32:44.666,1.82405,1.82433,1.00,1.00
2018.03.21 13:32:44.819,1.82407,1.82436,1.00,1.00
2018.03.21 13:32:44.871,1.8241,1.82438,1.00,1.00
2018.03.21 13:32:44.922,1.82408,1.82437,1.00,1.00
2018.03.21 13:32:45.076,1.8241,1.82438,1.00,2.25
2018.03.21 13:32:45.385,1.82408,1.82437,1.00,1.50
2018.03.21 13:32:45.640,1.8241,1.82438,1.00,2.25
2018.03.21 13:32:46.027,1.82412,1.82439,1.00,1.00
2018.03.21 13:32:46.128,1.82407,1.82435,2.25,1.00
2018.03.21 13:32:46.433,1.82405,1.8243,1.50,1.00
2018.03.21 13:32:46.781,1.82406,1.82433,1.50,1.00
2018.03.21 13:32:47.168,1.82404,1.82433,1.00,1.00
2018.03.21 13:32:47.504,1.82404,1.8243,1.00,1.00
2018.03.21 13:32:47.555,1.82402,1.8243,1.00,1.00
2018.03.21 13:32:48.983,1.82403,1.82431,1.00,1.00
2018.03.21 13:32:49.085,1.82405,1.82432,1.00,1.00
2018.03.21 13:32:50.711,1.82403,1.82431,1.00,1.00
2018.03.21 13:32:51.869,1.82402,1.82431,1.00,1.50
2018.03.21 13:32:51.920,1.82402,1.82428,1.00,1.69
2018.03.21 13:32:51.971,1.824,1.82427,1.00,1.00
2018.03.21 13:32:52.175,1.824,1.82429,1.00,1.00
2018.03.21 13:32:52.652,1.82402,1.8243,1.00,1.00
2018.03.21 13:32:52.855,1.824,1.82429,1.00,1.00
2018.03.21 13:32:53.057,1.82401,1.82431,1.00,1.00
2018.03.21 13:32:55.521,1.82402,1.82431,1.00,1.00
2018.03.21 13:32:56.087,1.82401,1.82431,1.00,1.00
2018.03.21 13:32:56.596,1.82404,1.82432,1.50,1.00
2018.03.21 13:32:56.902,1.82419,1.82447,1.00,1.00
2018.03.21 13:32:57.128,1.82424,1.82453,1.00,1.00
2018.03.21 13:32:57.589,1.82422,1.8245,1.00,1.00
2018.03.21 13:32:58.256,1.82422,1.82449,1.00,1.00
2018.03.21 13:32:58.410,1.82419,1.82447,1.00,1.00
2018.03.21 13:32:58.564,1.82418,1.82445,1.00,1.00
2018.03.21 13:32:58.667,1.82419,1.82447,1.00,1.00
2018.03.21 13:32:58.982,1.8242,1.82449,1.00,1.50
2018.03.21 13:32:59.035,1.82422,1.82449,1.00,1.00
2018.03.21 13:32:59.086,1.82425,1.82453,1.00,1.50
2018.03.21 13:32:59.137,1.82427,1.82453,1.00,1.50
2018.03.21 13:32:59.395,1.82428,1.82457,1.00,1.00
2018.03.21 13:32:59.447,1.82427,1.82455,1.00,1.00
2018.03.21 13:32:59.498,1.82428,1.82457,1.00,2.25
2018.03.21 13:32:59.549,1.82432,1.82458,1.00,1.50
2018.03.21 13:32:59.728,1.82427,1.82454,1.00,1.00
2018.03.21 13:32:59.779,1.82429,1.82455,1.00,1.00
2018.03.21 13:33:00.033,1.82427,1.82456,1.00,1.00
2018.03.21 13:33:00.185,1.82426,1.82454,1.00,1.00
2018.03.21 13:33:00.286,1.82431,1.8246,1.00,1.00
2018.03.21 13:33:00.453,1.82436,1.82462,1.00,1.00
2018.03.21 13:33:00.605,1.82439,1.82466,1.00,1.00
2018.03.21 13:33:01.181,1.82439,1.82467,1.00,1.00
2018.03.21 13:33:01.504,1.82436,1.8246,1.00,1.00
2018.03.21 13:33:01.555,1.82431,1.82458,1.00,1.00
2018.03.21 13:33:01.606,1.82429,1.82458,1.00,1.00
2018.03.21 13:33:01.656,1.82429,1.82455,1.00,1.00
2018.03.21 13:33:02.189,1.82429,1.82457,1.00,1.00
2018.03.21 13:33:03.286,1.82432,1.82458,1.00,1.00
2018.03.21 13:33:03.337,1.82435,1.82463,1.00,1.00
2018.03.21 13:33:03.541,1.82436,1.82465,1.00,1.00
2018.03.21 13:33:04.349,1.82435,1.82461,1.00,1.00
2018.03.21 13:33:04.400,1.82435,1.82463,1.00,1.00
2018.03.21 13:33:04.452,1.82435,1.82461,1.00,1.00
2018.03.21 13:33:04.503,1.82432,1.82459,1.50,1.00
2018.03.21 13:33:05.041,1.82433,1.82461,1.00,1.00
2018.03.21 13:33:05.532,1.82435,1.82464,1.00,1.00
2018.03.21 13:33:06.118,1.82438,1.82466,1.00,1.00
2018.03.21 13:33:06.666,1.82437,1.82465,1.00,1.00
2018.03.21 13:33:06.837,1.82435,1.82464,1.00,1.00
2018.03.21 13:33:06.889,1.82435,1.82461,1.00,1.00
2018.03.21 13:33:07.204,1.82432,1.82461,1.00,1.00
2018.03.21 13:33:07.745,1.82431,1.82459,1.00,1.00
2018.03.21 13:33:08.109,1.82434,1.82462,1.50,1.00
2018.03.21 13:33:08.454,1.82434,1.8246,1.00,1.00
2018.03.21 13:33:08.663,1.82434,1.82463,1.31,1.00
2018.03.21 13:33:08.715,1.82439,1.82466,1.00,1.00
2018.03.21 13:33:08.767,1.8244,1.82468,1.00,1.00
2018.03.21 13:33:09.924,1.82444,1.8247,1.00,1.00
2018.03.21 13:33:10.425,1.82444,1.82471,1.00,1.00
2018.03.21 13:33:10.973,1.82443,1.82471,1.00,1.50
2018.03.21 13:33:11.504,1.82441,1.8247,1.00,1.00
2018.03.21 13:33:12.735,1.82443,1.82471,1.00,1.50
2018.03.21 13:33:13.010,1.82435,1.82464,1.25,1.00
2018.03.21 13:33:13.164,1.82438,1.82466,1.00,1.50
2018.03.21 13:33:13.784,1.82439,1.82467,1.00,1.00
2018.03.21 13:33:14.615,1.82436,1.82469,1.00,1.00
2018.03.21 13:33:15.120,1.82434,1.82468,2.06,1.00
2018.03.21 13:33:15.651,1.82436,1.82465,1.00,1.00
2018.03.21 13:33:15.957,1.82429,1.82455,1.00,1.00
2018.03.21 13:33:16.159,1.82426,1.82453,1.00,1.00
2018.03.21 13:33:16.210,1.82423,1.82451,1.00,1.00
2018.03.21 13:33:16.504,1.82422,1.82449,1.00,1.00
2018.03.21 13:33:17.113,1.82423,1.82451,1.00,1.00
2018.03.21 13:33:17.623,1.82424,1.82451,1.00,1.00
2018.03.21 13:33:18.178,1.82424,1.82452,1.00,1.00
2018.03.21 13:33:18.775,1.82423,1.82451,1.00,1.00
2018.03.21 13:33:19.562,1.82423,1.82451,1.56,1.00
2018.03.21 13:33:20.132,1.82424,1.82452,1.25,1.00
2018.03.21 13:33:20.885,1.82427,1.82455,1.00,1.00
2018.03.21 13:33:21.199,1.8243,1.82458,1.00,1.00
2018.03.21 13:33:21.352,1.82431,1.8246,1.00,1.00
2018.03.21 13:33:22.147,1.82432,1.82459,1.00,1.00
2018.03.21 13:33:22.198,1.82433,1.82461,1.00,1.00
2018.03.21 13:33:22.764,1.82436,1.82465,1.00,1.50
2018.03.21 13:33:22.815,1.82439,1.82465,1.00,1.00
2018.03.21 13:33:22.977,1.8244,1.82468,1.00,1.00
2018.03.21 13:33:23.556,1.8244,1.82469,1.00,1.00
2018.03.21 13:33:24.226,1.82438,1.82462,1.00,1.00
2018.03.21 13:33:24.328,1.82433,1.82459,1.00,1.00
2018.03.21 13:33:24.379,1.82433,1.82457,1.00,1.00
2018.03.21 13:33:24.430,1.82429,1.82457,1.00,1.00
2018.03.21 13:33:24.911,1.8243,1.82459,1.00,1.50
2018.03.21 13:33:25.523,1.82429,1.82457,1.00,1.00
2018.03.21 13:33:25.864,1.82432,1.82459,1.00,1.00
2018.03.21 13:33:26.380,1.82432,1.8246,1.00,1.50
2018.03.21 13:33:26.697,1.82432,1.82458,1.00,1.00
2018.03.21 13:33:27.207,1.82434,1.8246,1.00,1.00
2018.03.21 13:33:27.563,1.82434,1.82462,1.00,1.00
2018.03.21 13:33:27.614,1.82436,1.82462,1.00,1.00
2018.03.21 13:33:27.985,1.82436,1.82465,1.00,1.00
2018.03.21 13:33:30.151,1.82435,1.82461,1.00,1.00
2018.03.21 13:33:30.404,1.82433,1.82461,1.00,1.00
2018.03.21 13:33:30.708,1.82436,1.82464,1.00,1.00
2018.03.21 13:33:31.012,1.82438,1.82464,1.00,1.00
2018.03.21 13:33:31.114,1.82434,1.82461,1.00,1.00
2018.03.21 13:33:31.656,1.82434,1.8246,1.00,1.00
2018.03.21 13:33:32.186,1.82432,1.8246,1.00,1.00
2018.03.21 13:33:32.709,1.82433,1.82461,1.00,1.00
2018.03.21 13:33:32.761,1.82435,1.82462,1.00,1.00
2018.03.21 13:33:32.863,1.82436,1.82464,1.00,1.00
2018.03.21 13:33:33.823,1.82434,1.82463,1.00,1.00
2018.03.21 13:33:33.925,1.82434,1.82461,1.00,1.00
2018.03.21 13:33:34.098,1.82434,1.82463,1.00,1.00
2018.03.21 13:33:34.150,1.82439,1.82464,1.00,1.00
2018.03.21 13:33:34.201,1.82436,1.82464,1.00,1.00
2018.03.21 13:33:34.303,1.82435,1.82462,1.00,1.00
2018.03.21 13:33:36.000,1.82433,1.82461,1.00,1.00
2018.03.21 13:33:36.804,1.82435,1.82463,1.00,1.00
2018.03.21 13:33:37.619,1.82436,1.82464,1.00,1.00
2018.03.21 13:33:38.414,1.82436,1.82463,1.00,1.00
2018.03.21 13:33:38.465,1.82434,1.82463,1.00,1.50
2018.03.21 13:33:38.832,1.82433,1.82461,1.50,1.00
2018.03.21 13:33:39.446,1.82434,1.82461,1.00,1.00
2018.03.21 13:33:39.973,1.82433,1.82461,1.50,1.00
2018.03.21 13:33:40.125,1.82434,1.82463,1.00,1.00
2018.03.21 13:33:40.379,1.82436,1.82464,1.00,1.50
2018.03.21 13:33:40.582,1.82434,1.82463,1.00,1.00
2018.03.21 13:33:40.814,1.82436,1.82464,1.00,1.50
2018.03.21 13:33:41.120,1.82433,1.82461,1.00,1.00
2018.03.21 13:33:43.505,1.82435,1.82462,1.00,1.00
2018.03.21 13:33:43.827,1.82436,1.82464,1.50,1.00
2018.03.21 13:33:43.930,1.82437,1.82466,1.00,1.00
2018.03.21 13:33:44.214,1.82439,1.82467,1.00,1.50
2018.03.21 13:33:44.557,1.82438,1.82465,1.00,1.00
2018.03.21 13:33:45.665,1.82437,1.82463,1.00,1.00
2018.03.21 13:33:46.019,1.82434,1.82463,1.00,1.00
2018.03.21 13:33:46.648,1.82436,1.82464,1.00,1.00
2018.03.21 13:33:46.802,1.82434,1.82463,1.00,1.00
2018.03.21 13:33:47.147,1.82434,1.8246,1.00,1.00
2018.03.21 13:33:49.700,1.82434,1.82463,1.00,1.50
2018.03.21 13:33:51.176,1.82436,1.82464,1.00,1.50
2018.03.21 13:33:51.634,1.82438,1.82464,1.00,1.00
2018.03.21 13:33:52.184,1.82437,1.82463,1.00,1.00
2018.03.21 13:33:52.601,1.82439,1.82466,1.00,1.00
2018.03.21 13:33:52.819,1.82439,1.82468,1.00,1.00
2018.03.21 13:33:53.037,1.82442,1.82468,1.00,1.00
2018.03.21 13:33:53.393,1.82442,1.82471,1.50,1.00
2018.03.21 13:33:53.684,1.82444,1.82472,1.00,1.00
2018.03.21 13:33:54.227,1.82444,1.82471,1.00,1.00
2018.03.21 13:33:54.279,1.82442,1.82471,1.00,1.00
2018.03.21 13:33:54.380,1.82446,1.82472,1.00,1.00
2018.03.21 13:33:54.873,1.82444,1.8247,1.00,1.00
2018.03.21 13:33:55.329,1.82446,1.82474,1.00,1.00
2018.03.21 13:33:56.513,1.82447,1.82475,1.00,1.00
2018.03.21 13:33:57.639,1.82448,1.82477,1.00,1.00
2018.03.21 13:33:57.690,1.8245,1.82478,1.00,1.00
2018.03.21 13:33:57.995,1.82454,1.82482,1.00,1.00
2018.03.21 13:33:58.314,1.82456,1.82484,1.00,1.00
2018.03.21 13:33:58.786,1.82458,1.82487,1.00,1.00
2018.03.21 13:33:58.887,1.82457,1.82485,1.00,1.00
2018.03.21 13:33:59.325,1.82455,1.82482,1.00,1.00
2018.03.21 13:33:59.478,1.82455,1.82484,1.00,1.00
2018.03.21 13:34:00.725,1.82454,1.82482,1.00,1.00
2018.03.21 13:34:01.493,1.82454,1.8248,1.00,1.00
2018.03.21 13:34:01.595,1.82451,1.8248,1.00,1.50
2018.03.21 13:34:01.646,1.82448,1.82474,1.50,1.00
2018.03.21 13:34:01.697,1.82446,1.82474,1.00,1.00
2018.03.21 13:34:02.300,1.82445,1.82473,1.00,1.00
2018.03.21 13:34:04.023,1.82444,1.82473,1.00,1.00
2018.03.21 13:34:10.600,1.82449,1.82478,1.00,1.50
2018.03.21 13:34:10.920,1.82451,1.82478,1.00,1.00
2018.03.21 13:34:11.259,1.82453,1.82479,1.00,1.00
2018.03.21 13:34:11.705,1.82451,1.82479,1.00,1.00
2018.03.21 13:34:12.543,1.82452,1.8248,1.00,1.00
2018.03.21 13:34:13.829,1.82454,1.82481,1.00,1.00
2018.03.21 13:34:14.158,1.82453,1.82479,1.00,1.00
2018.03.21 13:34:15.551,1.82453,1.8248,1.00,1.50
2018.03.21 13:34:15.703,1.8245,1.82478,1.00,1.00
2018.03.21 13:34:15.890,1.82455,1.82483,1.00,1.00
2018.03.21 13:34:16.446,1.8246,1.82486,1.00,1.00
2018.03.21 13:34:16.548,1.82462,1.8249,1.00,1.00
2018.03.21 13:34:16.599,1.82463,1.82492,1.00,1.00
2018.03.21 13:34:16.701,1.82467,1.82496,1.00,1.50
2018.03.21 13:34:17.007,1.82469,1.82497,1.00,1.50
2018.03.21 13:34:17.556,1.8247,1.82496,1.00,1.00
2018.03.21 13:34:18.019,1.82468,1.82496,1.00,1.00
2018.03.21 13:34:18.524,1.82468,1.82495,1.00,1.00
2018.03.21 13:34:19.068,1.82468,1.82496,1.00,1.50
2018.03.21 13:34:20.455,1.82466,1.82495,1.00,1.00
2018.03.21 13:34:20.705,1.82469,1.82495,1.00,1.00
2018.03.21 13:34:20.925,1.82466,1.82495,1.00,1.00
2018.03.21 13:34:21.777,1.82466,1.82494,1.00,1.00
2018.03.21 13:34:22.054,1.82465,1.82491,1.00,1.00
2018.03.21 13:34:22.105,1.82461,1.82489,1.00,1.00
2018.03.21 13:34:22.308,1.82463,1.82491,1.00,2.25
2018.03.21 13:34:22.616,1.82461,1.8249,1.00,1.00
2018.03.21 13:34:22.788,1.82459,1.82487,1.50,1.50
2018.03.21 13:34:23.382,1.82459,1.82486,1.00,1.00
2018.03.21 13:34:23.672,1.82457,1.82486,1.00,1.00
2018.03.21 13:34:24.247,1.82456,1.82484,1.50,1.00
2018.03.21 13:34:25.054,1.82461,1.82487,1.00,1.00
2018.03.21 13:34:25.111,1.82463,1.8249,1.00,1.00
2018.03.21 13:34:25.993,1.82461,1.82489,1.00,1.00
2018.03.21 13:34:26.170,1.82459,1.82487,1.00,1.00
2018.03.21 13:34:26.484,1.82457,1.82483,1.50,1.00
2018.03.21 13:34:27.615,1.82457,1.82486,1.50,1.00
2018.03.21 13:34:30.372,1.82456,1.82482,1.00,1.00
2018.03.21 13:34:30.500,1.8245,1.82477,1.00,1.00
2018.03.21 13:34:30.552,1.82448,1.82475,1.00,1.00
2018.03.21 13:34:30.828,1.82446,1.82474,1.50,1.00
2018.03.21 13:34:30.981,1.82447,1.82476,1.00,1.00
2018.03.21 13:34:31.033,1.82451,1.8248,1.00,1.50
2018.03.21 13:34:31.395,1.82455,1.82483,1.00,1.00
2018.03.21 13:34:31.701,1.8245,1.82477,1.00,1.00
2018.03.21 13:34:32.094,1.82446,1.82474,1.00,1.00
2018.03.21 13:34:32.450,1.82444,1.82473,1.00,1.50
2018.03.21 13:34:32.551,1.82448,1.82474,1.00,1.50
2018.03.21 13:34:32.887,1.82449,1.82476,1.00,1.00
2018.03.21 13:34:33.145,1.82447,1.82475,1.00,1.00
2018.03.21 13:34:33.664,1.82448,1.82476,1.00,1.00
2018.03.21 13:34:34.200,1.82443,1.82471,1.50,1.00
2018.03.21 13:34:36.088,1.82445,1.82472,1.00,1.00
2018.03.21 13:34:36.335,1.82443,1.82471,1.00,1.00
2018.03.21 13:34:36.570,1.82444,1.82473,1.00,1.00
2018.03.21 13:34:36.836,1.82443,1.82471,1.00,1.00
2018.03.21 13:34:37.060,1.82444,1.82473,1.00,1.50
2018.03.21 13:34:37.111,1.82449,1.82477,1.00,1.00
2018.03.21 13:34:37.263,1.8245,1.8248,1.00,1.00
2018.03.21 13:34:37.314,1.82449,1.82478,1.50,1.00
2018.03.21 13:34:37.684,1.82447,1.82474,1.00,1.00
2018.03.21 13:34:38.220,1.82449,1.82476,1.00,1.50
2018.03.21 13:34:38.545,1.82449,1.82478,1.00,1.00
2018.03.21 13:34:39.217,1.8245,1.82479,1.00,1.00
2018.03.21 13:34:42.134,1.82457,1.82479,1.00,1.00
2018.03.21 13:34:42.186,1.82457,1.82483,1.00,1.00
2018.03.21 13:34:42.289,1.82456,1.82485,1.00,1.00
2018.03.21 13:34:42.341,1.82457,1.82487,1.00,1.00
2018.03.21 13:34:42.543,1.82459,1.82488,1.00,1.00
2018.03.21 13:34:43.358,1.82457,1.82487,1.00,1.00
2018.03.21 13:34:44.103,1.82457,1.82485,1.00,1.00
2018.03.21 13:34:44.612,1.82456,1.82484,1.00,1.00
2018.03.21 13:34:44.917,1.82454,1.82484,1.00,1.00
2018.03.21 13:34:45.694,1.82453,1.8248,1.00,1.50
2018.03.21 13:34:45.797,1.82451,1.8248,1.00,2.25
2018.03.21 13:34:45.848,1.82449,1.82479,1.00,1.00
2018.03.21 13:34:46.052,1.82451,1.8248,1.00,1.50
2018.03.21 13:34:46.358,1.82448,1.82477,1.00,1.00
2018.03.21 13:34:46.707,1.8245,1.82477,1.00,1.00
2018.03.21 13:34:46.962,1.82448,1.82477,1.00,1.00
2018.03.21 13:34:47.271,1.82447,1.82475,1.50,1.00
2018.03.21 13:34:47.549,1.82448,1.82477,1.00,1.00
2018.03.21 13:34:47.752,1.8245,1.82477,1.00,1.00
2018.03.21 13:34:48.115,1.82447,1.82476,1.00,1.00
2018.03.21 13:34:48.166,1.82444,1.82472,1.00,1.00
2018.03.21 13:34:48.506,1.82441,1.82469,1.00,1.00
2018.03.21 13:34:48.844,1.8244,1.82466,2.25,1.00
2018.03.21 13:34:49.047,1.8244,1.82469,1.50,1.00
2018.03.21 13:34:49.426,1.82443,1.82471,1.00,1.00
2018.03.21 13:34:50.156,1.82442,1.82471,1.00,1.00
2018.03.21 13:34:50.704,1.8244,1.82469,1.00,1.00
2018.03.21 13:34:51.169,1.82442,1.82471,1.00,1.00
2018.03.21 13:34:51.668,1.8244,1.8247,1.00,1.00
2018.03.21 13:34:51.974,1.82442,1.82471,1.00,1.00
2018.03.21 13:34:52.025,1.8244,1.8247,1.00,1.00
2018.03.21 13:34:52.076,1.82442,1.8247,1.50,1.00
2018.03.21 13:34:52.590,1.82442,1.82471,1.50,1.00
2018.03.21 13:34:52.895,1.8245,1.82479,1.00,1.00
2018.03.21 13:34:53.375,1.82452,1.8248,1.00,1.00
2018.03.21 13:34:53.426,1.82453,1.82483,1.00,1.00
2018.03.21 13:34:53.479,1.82456,1.82485,1.00,1.69
2018.03.21 13:34:54.136,1.82457,1.82483,1.00,1.00
2018.03.21 13:34:54.443,1.82454,1.82483,1.00,1.00
2018.03.21 13:34:54.937,1.82453,1.82481,1.00,1.00
2018.03.21 13:34:55.279,1.82455,1.82482,1.00,1.00
2018.03.21 13:34:55.487,1.82453,1.82481,1.00,1.00
2018.03.21 13:34:56.345,1.82452,1.8248,1.00,1.00
2018.03.21 13:34:56.572,1.8245,1.82477,1.50,1.00
2018.03.21 13:34:56.887,1.8245,1.82475,1.00,1.00
2018.03.21 13:34:57.406,1.8245,1.82476,1.00,1.00
2018.03.21 13:34:57.625,1.8245,1.82478,1.50,1.00
2018.03.21 13:34:57.849,1.82448,1.82477,1.00,1.00
2018.03.21 13:34:58.379,1.82447,1.82476,2.25,1.00
2018.03.21 13:34:58.859,1.82443,1.8247,1.00,1.00
2018.03.21 13:34:58.910,1.82445,1.82474,1.00,1.00
2018.03.21 13:34:59.460,1.82446,1.82473,1.00,1.00
2018.03.21 13:34:59.612,1.82445,1.82475,1.00,1.00
2018.03.21 13:34:59.923,1.82448,1.82476,1.00,1.00
2018.03.21 13:35:00.174,1.82449,1.82479,1.00,1.00
2018.03.21 13:35:00.276,1.82449,1.82475,1.00,1.00
2018.03.21 13:35:00.326,1.82449,1.82477,1.00,1.00
2018.03.21 13:35:00.796,1.8245,1.82479,1.00,1.00
2018.03.21 13:35:00.847,1.82452,1.8248,1.00,1.00
2018.03.21 13:35:01.164,1.82456,1.82484,1.00,1.00
2018.03.21 13:35:01.486,1.82451,1.8248,1.00,1.00
2018.03.21 13:35:01.537,1.82448,1.82478,1.00,1.00
2018.03.21 13:35:01.588,1.82444,1.82474,1.00,1.00
2018.03.21 13:35:01.972,1.82448,1.82474,1.00,1.00
2018.03.21 13:35:02.023,1.82452,1.82479,1.00,1.00
2018.03.21 13:35:02.074,1.82454,1.82482,1.00,1.00
2018.03.21 13:35:02.228,1.82456,1.82483,1.00,1.00
2018.03.21 13:35:02.568,1.82452,1.82478,1.00,1.00
2018.03.21 13:35:02.620,1.8245,1.82478,1.00,1.00
2018.03.21 13:35:02.836,1.82446,1.82474,1.00,1.00
2018.03.21 13:35:03.291,1.82443,1.82471,1.00,1.00
2018.03.21 13:35:04.412,1.82444,1.82473,1.00,1.00
2018.03.21 13:35:04.698,1.82443,1.82471,1.00,1.00
2018.03.21 13:35:05.794,1.82442,1.8247,1.00,1.00
2018.03.21 13:35:06.192,1.82441,1.82468,1.50,1.00
2018.03.21 13:35:06.671,1.82443,1.82469,1.00,1.00
2018.03.21 13:35:07.318,1.82441,1.82469,1.00,1.00
2018.03.21 13:35:07.581,1.82443,1.82471,1.00,1.00
2018.03.21 13:35:08.659,1.82442,1.8247,1.00,1.00
2018.03.21 13:35:08.893,1.82443,1.82472,1.00,1.00
2018.03.21 13:35:09.197,1.82446,1.82472,1.00,1.00
2018.03.21 13:35:09.504,1.82446,1.82474,1.00,1.00
2018.03.21 13:35:09.938,1.82441,1.82469,1.00,1.00
2018.03.21 13:35:10.195,1.82436,1.82465,1.00,1.00
2018.03.21 13:35:10.247,1.82439,1.82467,1.00,1.00
2018.03.21 13:35:10.483,1.82436,1.82465,1.00,1.00
2018.03.21 13:35:10.634,1.82439,1.82467,1.00,1.00
2018.03.21 13:35:10.736,1.8244,1.82469,1.00,1.50
2018.03.21 13:35:10.989,1.82442,1.8247,1.00,1.50
2018.03.21 13:35:11.312,1.82447,1.82473,1.00,2.25
2018.03.21 13:35:11.616,1.82449,1.82475,1.00,1.50
2018.03.21 13:35:12.414,1.82449,1.82474,1.00,1.00
2018.03.21 13:35:14.158,1.8245,1.82478,1.00,1.00
2018.03.21 13:35:14.209,1.82455,1.82478,1.00,1.00
2018.03.21 13:35:14.486,1.82455,1.8248,1.00,1.00
2018.03.21 13:35:15.059,1.82455,1.82479,1.00,1.00
2018.03.21 13:35:15.578,1.82455,1.8248,1.00,1.50
2018.03.21 13:35:16.138,1.82454,1.8248,1.00,2.25
2018.03.21 13:35:18.029,1.82451,1.8248,1.00,1.50
2018.03.21 13:35:18.576,1.82454,1.8248,1.00,1.50
2018.03.21 13:35:19.706,1.82454,1.82479,1.00,1.44
2018.03.21 13:35:19.808,1.82448,1.82476,1.00,2.25
2018.03.21 13:35:20.036,1.82446,1.82475,1.00,1.00
2018.03.21 13:35:20.874,1.82446,1.82471,1.00,1.00
2018.03.21 13:35:20.977,1.82437,1.82463,1.50,1.00
2018.03.21 13:35:21.134,1.82439,1.82463,1.00,1.00
2018.03.21 13:35:21.185,1.82436,1.82464,1.00,1.50
2018.03.21 13:35:21.388,1.82434,1.82461,1.00,1.00
2018.03.21 13:35:21.918,1.82434,1.8246,1.00,1.00
2018.03.21 13:35:24.808,1.82439,1.82459,1.00,1.00
2018.03.21 13:35:24.859,1.82442,1.82467,1.00,1.50
2018.03.21 13:35:24.911,1.82446,1.82469,1.00,1.00
2018.03.21 13:35:24.962,1.82448,1.82474,1.00,1.50
2018.03.21 13:35:25.169,1.82451,1.82474,1.00,1.50
2018.03.21 13:35:25.277,1.82451,1.82476,1.00,1.69
2018.03.21 13:35:25.328,1.82451,1.82473,1.00,1.00
2018.03.21 13:35:25.429,1.82447,1.82472,1.00,1.00
2018.03.21 13:35:25.480,1.82449,1.82475,1.00,1.00
2018.03.21 13:35:25.632,1.82451,1.82476,1.00,1.00
2018.03.21 13:35:28.302,1.82451,1.82475,1.00,1.00
2018.03.21 13:35:28.531,1.82455,1.82481,1.00,1.00
2018.03.21 13:35:28.926,1.82453,1.82481,1.00,1.00
2018.03.21 13:35:29.213,1.82449,1.82477,1.00,2.25
2018.03.21 13:35:29.265,1.82446,1.82475,1.00,1.00
2018.03.21 13:35:29.418,1.82445,1.82471,1.00,1.00
2018.03.21 13:35:30.827,1.82438,1.82466,1.00,1.00
2018.03.21 13:35:30.878,1.82434,1.82462,1.00,1.00
2018.03.21 13:35:31.417,1.82435,1.82461,1.00,1.00
2018.03.21 13:35:34.526,1.82432,1.82461,1.00,1.00
2018.03.21 13:35:35.104,1.82439,1.82464,1.00,1.00
2018.03.21 13:35:35.273,1.8244,1.82466,1.00,1.00
2018.03.21 13:35:36.492,1.82436,1.82464,1.00,1.00
2018.03.21 13:35:36.886,1.82436,1.82462,1.00,1.00
2018.03.21 13:35:37.233,1.82432,1.8246,1.00,1.00
2018.03.21 13:35:37.284,1.82431,1.82458,1.00,1.00
2018.03.21 13:35:37.335,1.82428,1.82457,1.00,1.00
2018.03.21 13:35:38.216,1.8243,1.82458,1.00,1.00
2018.03.21 13:35:38.909,1.82429,1.82456,1.00,1.00
2018.03.21 13:35:39.188,1.8243,1.82458,1.00,1.00
2018.03.21 13:35:39.784,1.82431,1.82459,1.00,1.00
2018.03.21 13:35:40.290,1.82429,1.82456,1.00,1.00
2018.03.21 13:35:40.525,1.82431,1.82459,1.00,1.00
2018.03.21 13:35:41.210,1.8243,1.82458,1.00,1.00
2018.03.21 13:35:41.756,1.82431,1.82457,1.00,1.00
2018.03.21 13:35:42.027,1.82434,1.82462,1.00,1.00
2018.03.21 13:35:46.256,1.82432,1.82461,1.00,1.00
2018.03.21 13:35:46.727,1.82434,1.82462,1.00,1.50
2018.03.21 13:35:47.119,1.82432,1.82461,1.00,1.00
2018.03.21 13:35:48.666,1.82434,1.82461,1.00,1.00
2018.03.21 13:35:48.771,1.82435,1.82463,1.00,1.50
2018.03.21 13:35:50.480,1.82433,1.8246,1.00,1.00
2018.03.21 13:35:52.819,1.82435,1.82461,1.00,1.00
2018.03.21 13:35:53.272,1.82432,1.82461,1.00,1.00
2018.03.21 13:35:53.323,1.82431,1.82458,1.00,1.00
2018.03.21 13:35:55.891,1.82431,1.82459,1.50,1.00
2018.03.21 13:35:56.529,1.82431,1.82458,1.00,1.00
2018.03.21 13:35:57.336,1.82434,1.8246,1.00,1.00
2018.03.21 13:35:57.853,1.82435,1.82461,1.00,1.00
2018.03.21 13:35:57.905,1.82433,1.82461,1.00,1.00
2018.03.21 13:35:58.511,1.82434,1.82462,1.00,1.00
2018.03.21 13:35:59.167,1.82434,1.8246,1.00,1.00
2018.03.21 13:35:59.469,1.82439,1.82467,1.00,1.00
2018.03.21 13:35:59.586,1.8244,1.82469,1.00,1.00
2018.03.21 13:35:59.638,1.82438,1.82464,1.00,1.00
2018.03.21 13:35:59.947,1.82435,1.82461,1.00,1.00
2018.03.21 13:36:00.152,1.82434,1.82463,1.00,1.00
2018.03.21 13:36:00.329,1.82437,1.82463,1.00,1.00
2018.03.21 13:36:00.586,1.82446,1.82474,1.00,1.00
2018.03.21 13:36:02.041,1.82449,1.82476,1.00,1.09
2018.03.21 13:36:02.804,1.82447,1.82473,1.00,1.00
2018.03.21 13:36:03.047,1.82447,1.82476,1.00,2.06
2018.03.21 13:36:03.582,1.82447,1.82476,1.00,1.50
2018.03.21 13:36:04.260,1.82446,1.82474,1.00,1.00
2018.03.21 13:36:05.292,1.82449,1.82476,1.00,1.25
2018.03.21 13:36:05.593,1.82447,1.82474,1.00,2.25
2018.03.21 13:36:06.066,1.82447,1.82476,1.00,1.50
2018.03.21 13:36:06.117,1.82449,1.82476,1.00,1.00
2018.03.21 13:36:06.548,1.82451,1.82476,1.00,1.00
2018.03.21 13:36:07.355,1.82449,1.82476,1.00,1.00
2018.03.21 13:36:08.337,1.8245,1.82478,1.00,1.00
2018.03.21 13:36:08.440,1.82457,1.82484,1.00,1.12
2018.03.21 13:36:08.957,1.82456,1.82484,1.00,1.00
2018.03.21 13:36:09.505,1.82457,1.82485,1.00,1.50
2018.03.21 13:36:12.791,1.82457,1.82484,1.00,2.06
2018.03.21 13:36:12.843,1.82454,1.8248,1.00,1.00
2018.03.21 13:36:12.894,1.82451,1.82478,1.00,1.00
2018.03.21 13:36:13.149,1.82449,1.82477,1.00,1.00
2018.03.21 13:36:13.357,1.82458,1.82482,1.00,1.00
2018.03.21 13:36:13.670,1.82461,1.82485,1.00,1.00
2018.03.21 13:36:13.873,1.82457,1.82482,1.00,1.00
2018.03.21 13:36:13.924,1.82456,1.8248,1.00,1.00
2018.03.21 13:36:14.562,1.82455,1.82479,1.00,1.00
2018.03.21 13:36:14.663,1.82455,1.82483,1.00,1.00
2018.03.21 13:36:14.764,1.82456,1.8248,1.00,1.00
2018.03.21 13:36:14.944,1.82453,1.82479,1.00,1.00
2018.03.21 13:36:15.370,1.82451,1.82479,1.25,1.00
2018.03.21 13:36:15.557,1.82451,1.82476,1.00,1.00
2018.03.21 13:36:15.968,1.82445,1.82469,1.00,1.00
2018.03.21 13:36:16.482,1.82444,1.82469,1.00,1.00
2018.03.21 13:36:17.873,1.82442,1.82469,1.00,1.00
2018.03.21 13:36:17.925,1.82442,1.82466,1.00,1.00
2018.03.21 13:36:18.230,1.8244,1.82465,1.00,1.00
2018.03.21 13:36:18.825,1.8244,1.82464,1.00,1.00
2018.03.21 13:36:19.838,1.82441,1.82464,1.00,1.00
2018.03.21 13:36:20.356,1.8244,1.82464,1.00,1.00
2018.03.21 13:36:21.123,1.8244,1.82462,1.00,1.00
2018.03.21 13:36:21.883,1.8244,1.82465,1.00,1.00
2018.03.21 13:36:22.385,1.82441,1.82466,1.00,1.00
2018.03.21 13:36:22.440,1.82443,1.82471,1.00,1.00
2018.03.21 13:36:26.090,1.82442,1.8247,1.00,1.34
2018.03.21 13:36:26.347,1.82442,1.8247,1.00,1.00
2018.03.21 13:36:26.751,1.82441,1.82474,1.00,1.00
2018.03.21 13:36:26.802,1.82445,1.82473,1.00,1.00
2018.03.21 13:36:27.329,1.82446,1.82474,1.00,1.00
2018.03.21 13:36:27.727,1.82441,1.82469,1.00,1.00
2018.03.21 13:36:28.033,1.82435,1.82462,1.00,1.00
2018.03.21 13:36:28.185,1.82433,1.82461,1.50,1.00
2018.03.21 13:36:28.437,1.82433,1.82459,1.00,1.00
2018.03.21 13:36:29.782,1.82433,1.8246,1.00,1.00
2018.03.21 13:36:31.099,1.82432,1.8246,1.00,1.00
2018.03.21 13:36:32.197,1.82429,1.82457,1.25,1.00
2018.03.21 13:36:32.520,1.82434,1.8246,2.06,1.00
2018.03.21 13:36:32.571,1.82436,1.82462,1.00,1.00
2018.03.21 13:36:32.623,1.82438,1.82466,1.00,1.00
2018.03.21 13:36:32.936,1.8244,1.82469,1.00,1.00
2018.03.21 13:36:33.243,1.82442,1.8247,1.00,1.00
2018.03.21 13:36:35.170,1.82444,1.8247,1.00,1.00
2018.03.21 13:36:35.322,1.82445,1.82472,1.00,1.00
2018.03.21 13:36:36.960,1.8244,1.82468,1.00,1.00
2018.03.21 13:36:37.162,1.8243,1.82459,1.00,1.00
2018.03.21 13:36:37.214,1.82432,1.8246,1.00,1.00
2018.03.21 13:36:37.720,1.82433,1.82461,1.00,1.00
2018.03.21 13:36:38.028,1.82435,1.82462,1.00,1.50
2018.03.21 13:36:38.966,1.82433,1.82461,1.00,1.00
2018.03.21 13:36:39.387,1.82431,1.82458,1.00,1.00
2018.03.21 13:36:40.277,1.82431,1.82457,1.00,1.00
2018.03.21 13:36:40.329,1.82422,1.8245,1.00,1.00
2018.03.21 13:36:40.381,1.8242,1.82446,1.00,1.00
2018.03.21 13:36:40.432,1.8242,1.82449,1.00,1.00
2018.03.21 13:36:40.612,1.8242,1.82447,1.00,1.00
2018.03.21 13:36:41.147,1.8242,1.82448,1.00,1.00
2018.03.21 13:36:41.495,1.82418,1.82446,1.00,1.00
2018.03.21 13:36:43.800,1.82419,1.82448,1.00,1.00
2018.03.21 13:36:44.105,1.82421,1.82448,1.00,1.00
2018.03.21 13:36:44.439,1.82422,1.8245,1.00,1.50
2018.03.21 13:36:44.639,1.8242,1.82449,1.00,1.00
2018.03.21 13:36:44.841,1.82425,1.82449,1.00,1.00
2018.03.21 13:36:44.892,1.82427,1.82453,1.00,1.50
2018.03.21 13:36:45.161,1.82427,1.82456,1.00,1.00
2018.03.21 13:36:45.262,1.8243,1.82457,1.00,1.00
2018.03.21 13:36:45.574,1.82432,1.82457,1.00,1.00
2018.03.21 13:36:45.625,1.82434,1.8246,1.00,1.00
2018.03.21 13:36:45.676,1.82432,1.8246,1.00,1.00
2018.03.21 13:36:45.923,1.82431,1.82458,1.00,1.00
2018.03.21 13:36:49.734,1.82433,1.82459,1.00,1.00
2018.03.21 13:36:50.221,1.82433,1.82461,1.00,1.00
2018.03.21 13:36:50.765,1.8243,1.82458,1.00,1.50
2018.03.21 13:36:51.158,1.82427,1.82456,1.00,1.00
2018.03.21 13:36:51.912,1.82428,1.82453,1.00,1.50
2018.03.21 13:36:51.963,1.82423,1.82451,1.00,2.25
2018.03.21 13:36:52.065,1.8242,1.82448,1.00,1.00
2018.03.21 13:36:52.592,1.82419,1.82447,1.00,1.00
2018.03.21 13:36:52.936,1.82421,1.82447,1.00,1.00
2018.03.21 13:36:54.171,1.82419,1.82447,1.00,1.00
2018.03.21 13:36:55.110,1.82419,1.82445,1.00,1.00
2018.03.21 13:36:55.266,1.82411,1.82438,1.00,1.00
2018.03.21 13:36:55.470,1.82412,1.8244,1.00,2.25
2018.03.21 13:36:55.521,1.8242,1.8244,1.00,1.00
2018.03.21 13:36:55.573,1.82415,1.82442,1.00,1.00
2018.03.21 13:36:55.624,1.82421,1.82447,1.00,1.00
2018.03.21 13:36:55.955,1.82423,1.82447,1.00,1.00
2018.03.21 13:36:57.511,1.82423,1.82448,1.00,1.00
2018.03.21 13:36:58.269,1.82419,1.82447,1.00,1.00
2018.03.21 13:36:58.423,1.82417,1.82445,1.00,1.00
2018.03.21 13:36:59.397,1.82416,1.82444,1.00,1.00
2018.03.21 13:36:59.448,1.82418,1.82447,1.00,1.00
2018.03.21 13:36:59.740,1.82416,1.82444,1.00,1.00
2018.03.21 13:37:00.048,1.82415,1.82439,1.00,1.69
2018.03.21 13:37:00.099,1.8241,1.82438,1.00,1.84
2018.03.21 13:37:00.150,1.82407,1.82435,1.00,1.50
2018.03.21 13:37:00.459,1.82404,1.82432,1.00,1.00
2018.03.21 13:37:00.988,1.82404,1.82432,1.31,1.00
2018.03.21 13:37:01.039,1.82405,1.82434,1.00,1.00
2018.03.21 13:37:01.142,1.82414,1.8244,1.00,2.25
2018.03.21 13:37:01.303,1.82417,1.82444,1.00,1.00
2018.03.21 13:37:01.354,1.82419,1.82445,1.00,1.00
2018.03.21 13:37:01.406,1.8242,1.82447,1.00,1.00
2018.03.21 13:37:01.544,1.82418,1.82446,1.00,1.00
2018.03.21 13:37:01.595,1.82415,1.82444,1.00,1.00
2018.03.21 13:37:02.101,1.82416,1.82444,1.00,1.00
2018.03.21 13:37:02.273,1.82414,1.82443,1.00,1.00
2018.03.21 13:37:02.415,1.82413,1.82439,1.00,1.00
2018.03.21 13:37:03.187,1.82416,1.82441,1.00,1.00
2018.03.21 13:37:03.239,1.82418,1.82445,1.00,1.00
2018.03.21 13:37:03.290,1.82417,1.82443,1.00,1.00
2018.03.21 13:37:03.391,1.82413,1.82442,1.00,1.50
2018.03.21 13:37:03.442,1.82412,1.8244,1.00,1.00
2018.03.21 13:37:03.676,1.82413,1.82442,1.00,1.50
2018.03.21 13:37:03.970,1.82412,1.8244,1.00,1.00
2018.03.21 13:37:04.072,1.8241,1.82439,1.00,1.00
2018.03.21 13:37:05.004,1.82408,1.82432,1.00,1.00
2018.03.21 13:37:05.106,1.82403,1.82431,1.00,1.00
2018.03.21 13:37:05.158,1.82404,1.82433,1.00,1.00
2018.03.21 13:37:05.361,1.82406,1.82434,1.00,1.00
2018.03.21 13:37:05.898,1.82406,1.82432,1.00,1.00
2018.03.21 13:37:06.436,1.82407,1.82433,1.00,1.00
2018.03.21 13:37:06.537,1.82408,1.82437,1.00,1.50
2018.03.21 13:37:06.588,1.82411,1.82439,1.00,1.00
2018.03.21 13:37:06.913,1.82414,1.82442,1.00,1.00
2018.03.21 13:37:07.696,1.82412,1.82441,1.00,1.00
2018.03.21 13:37:08.347,1.82411,1.82439,1.00,1.00
2018.03.21 13:37:09.120,1.82411,1.82437,1.00,1.00
2018.03.21 13:37:12.673,1.82411,1.82439,1.00,1.00
2018.03.21 13:37:13.219,1.82412,1.8244,1.00,1.50
2018.03.21 13:37:15.968,1.82415,1.82443,1.00,1.00
2018.03.21 13:37:16.434,1.82413,1.82442,1.00,1.00
2018.03.21 13:37:18.570,1.82412,1.8244,1.00,1.00
2018.03.21 13:37:19.105,1.82411,1.82439,1.00,1.00
2018.03.21 13:37:19.624,1.82412,1.8244,1.00,1.00
2018.03.21 13:37:20.149,1.82411,1.82439,1.00,1.00
2018.03.21 13:37:20.534,1.82413,1.82439,1.00,1.00
2018.03.21 13:37:20.585,1.82418,1.82447,1.00,1.12
2018.03.21 13:37:21.061,1.82418,1.82445,1.00,1.00
2018.03.21 13:37:21.113,1.82416,1.82444,1.00,1.00
2018.03.21 13:37:21.484,1.82415,1.82442,1.00,1.50
2018.03.21 13:37:21.534,1.8241,1.82438,1.00,1.00
2018.03.21 13:37:21.636,1.82408,1.82437,1.00,1.00
2018.03.21 13:37:22.143,1.82407,1.82435,1.00,1.00
2018.03.21 13:37:22.555,1.82407,1.82433,1.00,1.00
2018.03.21 13:37:22.763,1.82404,1.82433,1.00,1.00
2018.03.21 13:37:25.462,1.82407,1.82433,1.00,1.00
2018.03.21 13:37:25.710,1.82407,1.82435,1.00,1.00
2018.03.21 13:37:25.812,1.82409,1.82435,1.00,1.50
2018.03.21 13:37:26.324,1.82409,1.82436,1.00,1.00
2018.03.21 13:37:26.527,1.8241,1.82438,1.00,1.00
2018.03.21 13:37:26.680,1.82409,1.82436,1.00,1.31
2018.03.21 13:37:26.731,1.82409,1.82437,1.00,2.25
2018.03.21 13:37:26.782,1.82409,1.82435,1.00,1.00
2018.03.21 13:37:26.986,1.82409,1.82437,1.00,1.00
2018.03.21 13:37:27.949,1.82409,1.82435,1.00,1.00
2018.03.21 13:37:28.689,1.8241,1.82439,1.00,1.00
2018.03.21 13:37:28.740,1.82416,1.82444,1.00,1.00
2018.03.21 13:37:28.971,1.82417,1.82446,1.00,1.00
2018.03.21 13:37:29.021,1.82419,1.82447,1.00,1.25
2018.03.21 13:37:29.906,1.82419,1.82447,1.00,2.06
2018.03.21 13:37:30.008,1.82417,1.82446,1.00,1.25
2018.03.21 13:37:30.059,1.8242,1.82446,1.00,1.00
2018.03.21 13:37:30.652,1.82417,1.82446,1.00,1.31
2018.03.21 13:37:31.161,1.82416,1.82444,1.00,1.00
2018.03.21 13:37:31.808,1.82416,1.82441,1.00,1.00
2018.03.21 13:37:32.317,1.82415,1.8244,1.00,1.00
2018.03.21 13:37:32.904,1.82415,1.82441,1.00,1.50
2018.03.21 13:37:33.516,1.82413,1.82441,1.00,1.00
2018.03.21 13:37:33.657,1.82414,1.82443,1.00,1.00
2018.03.21 13:37:33.709,1.82418,1.82447,1.00,1.00
2018.03.21 13:37:34.063,1.82421,1.82449,1.00,1.00
2018.03.21 13:37:35.908,1.82418,1.8245,1.50,1.00
2018.03.21 13:37:37.909,1.82419,1.82449,1.00,1.00
2018.03.21 13:37:37.960,1.82419,1.82452,1.00,1.00
2018.03.21 13:37:38.012,1.82424,1.82453,1.00,1.00
2018.03.21 13:37:38.314,1.82436,1.82464,1.00,1.00
2018.03.21 13:37:38.517,1.82438,1.82468,1.00,1.87
2018.03.21 13:37:38.618,1.82441,1.82472,1.00,2.62
2018.03.21 13:37:38.669,1.82444,1.82474,1.00,1.00
2018.03.21 13:37:38.916,1.82444,1.82476,1.00,1.00
2018.03.21 13:37:39.169,1.82442,1.82476,1.00,1.50
2018.03.21 13:37:39.551,1.82446,1.82476,1.00,1.00
2018.03.21 13:37:39.602,1.82441,1.82474,1.00,1.00
2018.03.21 13:37:39.894,1.8244,1.8247,1.00,1.00
2018.03.21 13:37:40.197,1.82437,1.8247,1.00,1.50
2018.03.21 13:37:40.626,1.82435,1.82466,1.19,1.00
2018.03.21 13:37:41.167,1.82435,1.82466,1.25,1.00
2018.03.21 13:37:41.777,1.82435,1.82466,1.19,1.00
2018.03.21 13:37:42.324,1.82435,1.82466,1.25,1.00
2018.03.21 13:37:42.584,1.82433,1.82466,1.00,1.00
2018.03.21 13:37:42.635,1.82431,1.82459,1.00,1.00
2018.03.21 13:37:42.686,1.82428,1.82458,1.00,1.50
2018.03.21 13:37:42.843,1.82425,1.82458,1.00,1.50
2018.03.21 13:37:43.640,1.82425,1.82458,1.00,1.88
2018.03.21 13:37:44.204,1.82425,1.82458,1.00,1.69
2018.03.21 13:37:44.764,1.82422,1.82454,1.50,1.00
2018.03.21 13:37:45.294,1.82423,1.82454,1.00,1.00
2018.03.21 13:37:45.963,1.82426,1.82456,1.00,1.50
2018.03.21 13:37:46.016,1.82429,1.8246,1.50,1.00
2018.03.21 13:37:46.118,1.82429,1.82462,1.50,1.50
2018.03.21 13:37:46.372,1.82431,1.82462,1.00,1.00
2018.03.21 13:37:47.188,1.82428,1.82461,1.50,1.31
2018.03.21 13:37:47.243,1.82427,1.82457,1.50,2.25
2018.03.21 13:37:47.860,1.82424,1.82456,1.00,1.50
2018.03.21 13:37:48.424,1.82423,1.82456,1.00,1.50
2018.03.21 13:37:48.686,1.82426,1.82456,1.00,1.00
2018.03.21 13:37:48.923,1.82421,1.82452,1.00,1.50
2018.03.21 13:37:48.977,1.82421,1.82454,1.50,1.50
2018.03.21 13:37:49.029,1.82424,1.82454,1.00,1.00
2018.03.21 13:37:49.080,1.82424,1.82456,1.00,1.00
2018.03.21 13:37:49.595,1.82423,1.82456,1.00,1.00
2018.03.21 13:37:50.173,1.82423,1.82455,1.00,1.00
2018.03.21 13:37:50.685,1.82422,1.82454,1.00,1.00
2018.03.21 13:37:50.867,1.82421,1.82452,1.00,1.00
2018.03.21 13:37:51.892,1.82421,1.82451,1.00,1.00
2018.03.21 13:37:55.265,1.82423,1.82452,1.00,1.00
2018.03.21 13:37:56.240,1.82422,1.82453,1.50,1.00
2018.03.21 13:37:57.064,1.82421,1.82451,1.00,1.00
2018.03.21 13:37:57.368,1.82427,1.82455,1.00,1.00
2018.03.21 13:37:57.869,1.82427,1.82458,1.00,1.50
2018.03.21 13:37:58.478,1.82427,1.82457,1.00,1.00
2018.03.21 13:37:58.630,1.82431,1.82459,1.00,1.00
2018.03.21 13:37:58.681,1.82433,1.82464,1.00,1.31
2018.03.21 13:37:58.833,1.82431,1.8246,1.00,1.00
2018.03.21 13:37:59.207,1.82434,1.8246,1.00,1.00
2018.03.21 13:37:59.673,1.82435,1.82464,1.00,1.00
2018.03.21 13:37:59.724,1.82438,1.82465,1.00,1.00
2018.03.21 13:37:59.826,1.82436,1.82466,1.00,1.00
2018.03.21 13:37:59.979,1.82433,1.82462,1.50,1.00
2018.03.21 13:38:00.656,1.82433,1.82461,1.00,1.00
2018.03.21 13:38:00.913,1.82431,1.82462,1.00,1.50
2018.03.21 13:38:01.260,1.82429,1.82461,1.00,1.00
2018.03.21 13:38:01.682,1.82428,1.82457,1.00,1.00
2018.03.21 13:38:01.784,1.82424,1.82455,1.50,1.00
2018.03.21 13:38:01.835,1.82424,1.82453,1.00,1.00
2018.03.21 13:38:02.385,1.82423,1.82452,1.00,1.00
2018.03.21 13:38:02.726,1.82423,1.8245,1.00,1.00
2018.03.21 13:38:03.382,1.82423,1.82451,1.00,1.00
2018.03.21 13:38:03.898,1.82424,1.82452,1.00,1.00
2018.03.21 13:38:03.949,1.82428,1.82457,1.00,1.00
2018.03.21 13:38:04.306,1.82425,1.82454,1.50,1.00
2018.03.21 13:38:04.869,1.82426,1.82454,1.00,1.00
2018.03.21 13:38:05.551,1.82425,1.82454,1.00,1.00
2018.03.21 13:38:05.655,1.82421,1.82452,2.44,1.00
2018.03.21 13:38:05.924,1.82423,1.82452,1.00,1.00
2018.03.21 13:38:06.228,1.82432,1.82461,1.50,1.00
2018.03.21 13:38:06.760,1.82432,1.82459,1.00,1.00
2018.03.21 13:38:07.270,1.82433,1.8246,1.00,1.00
2018.03.21 13:38:07.842,1.82432,1.82459,1.00,1.00
2018.03.21 13:38:07.893,1.8243,1.82458,1.50,1.00
2018.03.21 13:38:07.944,1.82428,1.82457,1.00,1.00
2018.03.21 13:38:08.357,1.8243,1.82458,1.00,1.00
2018.03.21 13:38:09.174,1.8243,1.82457,1.00,1.00
2018.03.21 13:38:09.530,1.82432,1.82458,1.00,1.00
2018.03.21 13:38:09.633,1.82434,1.82462,1.00,1.00
2018.03.21 13:38:10.172,1.82435,1.82462,1.00,1.00
2018.03.21 13:38:11.836,1.82434,1.82461,1.00,1.00
2018.03.21 13:38:13.395,1.82433,1.82463,1.00,1.00
2018.03.21 13:38:13.566,1.82435,1.82466,1.00,1.50
2018.03.21 13:38:13.769,1.82438,1.82466,1.00,1.00
2018.03.21 13:38:13.973,1.82443,1.82473,1.00,1.00
2018.03.21 13:38:14.126,1.82447,1.82474,1.00,1.00
2018.03.21 13:38:14.278,1.82445,1.82475,1.00,1.50
2018.03.21 13:38:14.475,1.82452,1.82482,1.00,1.00
2018.03.21 13:38:14.577,1.82453,1.82484,1.50,1.00
2018.03.21 13:38:14.628,1.82457,1.82485,1.00,1.50
2018.03.21 13:38:14.679,1.82458,1.82487,1.00,1.00
2018.03.21 13:38:14.840,1.8246,1.82488,1.00,1.00
2018.03.21 13:38:15.147,1.82467,1.82494,1.00,1.00
2018.03.21 13:38:15.672,1.82468,1.82494,1.00,1.25
2018.03.21 13:38:15.774,1.82468,1.82496,1.00,1.87
2018.03.21 13:38:16.024,1.82464,1.82492,1.00,1.00
2018.03.21 13:38:16.354,1.82459,1.82487,1.00,1.00
2018.03.21 13:38:16.838,1.82459,1.82485,1.00,1.00
2018.03.21 13:38:17.081,1.82457,1.82485,1.00,1.00
2018.03.21 13:38:17.132,1.82457,1.82487,1.00,1.50
2018.03.21 13:38:17.417,1.82459,1.82486,1.00,1.00
2018.03.21 13:38:17.927,1.82459,1.82487,1.00,1.00
2018.03.21 13:38:18.176,1.82457,1.82486,1.00,1.50
2018.03.21 13:38:18.903,1.82457,1.82487,1.00,2.25
2018.03.21 13:38:19.551,1.82458,1.82487,1.00,2.25
2018.03.21 13:38:20.632,1.82458,1.82486,1.00,1.00
2018.03.21 13:38:21.469,1.82457,1.82484,1.00,1.25
2018.03.21 13:38:21.673,1.82446,1.82475,1.25,1.00
2018.03.21 13:38:22.215,1.82447,1.82475,1.00,1.50
2018.03.21 13:38:22.746,1.82447,1.82474,1.00,1.00
2018.03.21 13:38:22.994,1.82446,1.8247,1.00,1.00
2018.03.21 13:38:23.536,1.82446,1.82471,1.00,1.00
2018.03.21 13:38:24.001,1.82443,1.82471,1.00,1.00
2018.03.21 13:38:24.052,1.82441,1.82469,1.00,1.00
2018.03.21 13:38:24.104,1.82438,1.82467,1.00,1.00
2018.03.21 13:38:24.308,1.8244,1.82468,1.00,1.50
2018.03.21 13:38:24.616,1.82446,1.82471,1.00,1.50
2018.03.21 13:38:25.135,1.82447,1.82471,1.00,1.00
2018.03.21 13:38:27.510,1.82447,1.8247,1.00,1.00
2018.03.21 13:38:27.840,1.82444,1.82471,1.00,1.00
2018.03.21 13:38:28.387,1.82443,1.8247,1.00,1.00
2018.03.21 13:38:28.438,1.82445,1.8247,1.00,1.00
2018.03.21 13:38:28.897,1.82442,1.82468,1.00,1.00
2018.03.21 13:38:28.948,1.8244,1.82468,1.00,1.00
2018.03.21 13:38:29.514,1.82441,1.82468,1.00,1.00
2018.03.21 13:38:30.115,1.82441,1.82469,1.00,2.25
2018.03.21 13:38:30.631,1.8244,1.82468,1.00,1.00
2018.03.21 13:38:32.126,1.82442,1.82468,1.00,1.00
2018.03.21 13:38:32.639,1.82441,1.82469,1.00,1.00
2018.03.21 13:38:33.388,1.82442,1.82471,1.00,2.25
2018.03.21 13:38:33.975,1.82445,1.82471,1.00,1.50
2018.03.21 13:38:34.028,1.82442,1.82471,1.00,1.50
2018.03.21 13:38:34.079,1.82445,1.82471,1.00,1.00
2018.03.21 13:38:34.635,1.82444,1.8247,1.00,1.00
2018.03.21 13:38:34.943,1.8244,1.82468,1.00,1.00
2018.03.21 13:38:35.233,1.82438,1.82467,1.00,1.00
2018.03.21 13:38:35.410,1.8244,1.82468,1.00,1.00
2018.03.21 13:38:35.770,1.82438,1.82467,1.00,1.00
2018.03.21 13:38:35.949,1.82438,1.82464,1.00,1.50
2018.03.21 13:38:36.202,1.82435,1.82462,1.00,1.00
2018.03.21 13:38:36.304,1.82436,1.82464,1.00,1.50
2018.03.21 13:38:36.770,1.82438,1.82464,1.00,1.00
2018.03.21 13:38:37.635,1.82437,1.82465,1.25,1.00
2018.03.21 13:38:37.950,1.82442,1.8247,1.00,1.00
2018.03.21 13:38:38.052,1.82443,1.82472,1.00,1.00
2018.03.21 13:38:38.104,1.82445,1.82473,1.00,1.00
2018.03.21 13:38:38.644,1.82446,1.82474,1.00,1.00
2018.03.21 13:38:39.242,1.82448,1.82474,1.00,1.00
2018.03.21 13:38:39.766,1.82447,1.82474,1.00,1.00
2018.03.21 13:38:40.120,1.8245,1.82474,1.00,1.00
2018.03.21 13:38:40.523,1.82448,1.82474,1.00,1.50
2018.03.21 13:38:43.046,1.82446,1.82474,1.00,2.44
2018.03.21 13:38:43.098,1.82437,1.82466,1.50,1.00
2018.03.21 13:38:43.421,1.82436,1.82464,1.00,1.00
2018.03.21 13:38:43.773,1.82434,1.82463,1.00,1.00
2018.03.21 13:38:45.211,1.82436,1.82464,1.00,1.00
2018.03.21 13:38:45.722,1.82436,1.82462,1.00,1.00
2018.03.21 13:38:45.940,1.82432,1.82459,1.00,1.00
2018.03.21 13:38:46.043,1.82429,1.82458,1.00,1.00
2018.03.21 13:38:46.094,1.82429,1.82455,1.00,1.00
2018.03.21 13:38:46.196,1.82427,1.82455,1.00,1.00
2018.03.21 13:38:46.298,1.82425,1.82454,1.00,1.00
2018.03.21 13:38:46.641,1.82423,1.82451,1.00,1.00
2018.03.21 13:38:47.916,1.82421,1.8245,1.00,1.00
2018.03.21 13:38:48.120,1.82424,1.8245,1.00,1.00
2018.03.21 13:38:48.374,1.82421,1.8245,1.00,1.00
2018.03.21 13:38:49.089,1.82424,1.8245,1.00,1.00
2018.03.21 13:38:49.264,1.82422,1.8245,1.00,1.00
2018.03.21 13:38:49.846,1.8242,1.82449,1.69,1.00
2018.03.21 13:38:49.948,1.8242,1.82447,1.25,1.00
2018.03.21 13:38:50.612,1.8242,1.82449,1.50,1.00
2018.03.21 13:38:51.082,1.82422,1.8245,1.00,1.00
2018.03.21 13:38:51.203,1.8242,1.82449,1.50,1.00
2018.03.21 13:38:51.254,1.8242,1.82447,1.00,1.00
2018.03.21 13:38:51.573,1.8242,1.82445,1.00,1.00
2018.03.21 13:38:51.718,1.8242,1.82447,1.00,1.00
2018.03.21 13:38:52.227,1.8242,1.82448,1.50,1.00
2018.03.21 13:38:52.917,1.8242,1.82446,1.50,1.00
2018.03.21 13:38:52.968,1.82417,1.82446,1.31,1.00
2018.03.21 13:38:53.069,1.82421,1.82447,1.00,1.00
2018.03.21 13:38:53.121,1.82421,1.82449,1.00,1.00
2018.03.21 13:38:53.172,1.82423,1.82449,1.37,1.00
2018.03.21 13:38:53.223,1.82427,1.82454,1.00,1.00
2018.03.21 13:38:53.275,1.82429,1.82457,1.00,1.00
2018.03.21 13:38:53.890,1.8243,1.82458,1.00,1.00
2018.03.21 13:38:54.984,1.82428,1.82456,1.00,1.00
2018.03.21 13:38:56.216,1.82425,1.82453,1.50,1.00
2018.03.21 13:38:56.532,1.82422,1.8245,1.00,1.00
2018.03.21 13:38:57.108,1.82423,1.82451,1.00,1.00
2018.03.21 13:38:58.021,1.82423,1.82449,1.00,1.00
2018.03.21 13:38:58.124,1.8242,1.82449,2.06,1.00
2018.03.21 13:38:58.176,1.8242,1.82446,1.00,1.00
2018.03.21 13:38:58.380,1.82413,1.82441,1.00,1.00
2018.03.21 13:38:58.431,1.82409,1.82432,2.92,1.00
2018.03.21 13:38:58.483,1.82405,1.82432,1.00,1.00
2018.03.21 13:38:58.535,1.82404,1.82429,1.00,1.00
2018.03.21 13:38:58.638,1.824,1.82429,1.50,1.00
2018.03.21 13:38:58.691,1.82399,1.82424,1.00,1.00
2018.03.21 13:38:58.791,1.82398,1.82426,1.50,1.00
2018.03.21 13:38:58.842,1.82401,1.82427,1.00,1.00
2018.03.21 13:38:58.894,1.82398,1.82426,1.69,1.00
2018.03.21 13:38:58.945,1.82401,1.82429,1.00,1.00
2018.03.21 13:38:58.996,1.82402,1.82431,1.00,1.00
2018.03.21 13:38:59.149,1.82404,1.82432,1.00,1.00
2018.03.21 13:38:59.678,1.82408,1.82432,1.00,1.00
2018.03.21 13:38:59.780,1.82411,1.82437,1.00,1.00
2018.03.21 13:38:59.830,1.82413,1.82437,1.00,1.00
2018.03.21 13:38:59.931,1.82413,1.82439,1.00,1.00
2018.03.21 13:39:00.033,1.82415,1.82442,1.00,1.00
2018.03.21 13:39:00.083,1.82417,1.82443,1.00,1.00
2018.03.21 13:39:00.134,1.82418,1.82446,1.50,1.00
2018.03.21 13:39:00.785,1.8242,1.82446,1.00,1.00
2018.03.21 13:39:00.937,1.8242,1.82449,1.00,1.00
2018.03.21 13:39:01.039,1.82419,1.82447,1.50,1.00
2018.03.21 13:39:01.581,1.82418,1.82446,1.50,1.00
2018.03.21 13:39:01.887,1.82421,1.82445,1.50,1.00
2018.03.21 13:39:01.989,1.82422,1.82449,1.00,1.00
2018.03.21 13:39:02.241,1.82424,1.82449,1.00,1.00
2018.03.21 13:39:03.217,1.82423,1.82449,1.00,1.00
2018.03.21 13:39:03.764,1.82422,1.82448,1.00,1.00
2018.03.21 13:39:04.739,1.82422,1.82447,1.50,1.00
2018.03.21 13:39:05.239,1.82422,1.82449,1.00,1.00
2018.03.21 13:39:05.688,1.82418,1.82445,1.00,1.00
2018.03.21 13:39:05.996,1.82414,1.8244,1.00,1.00
2018.03.21 13:39:06.335,1.82408,1.82435,2.25,1.00
2018.03.21 13:39:06.540,1.82417,1.8244,1.00,1.00
2018.03.21 13:39:06.591,1.82417,1.82443,1.00,1.00
2018.03.21 13:39:06.726,1.82417,1.82445,1.00,1.00
2018.03.21 13:39:06.779,1.82422,1.82445,1.00,1.00
2018.03.21 13:39:07.289,1.82421,1.82447,1.00,1.00
2018.03.21 13:39:07.774,1.82418,1.82446,2.25,1.00
2018.03.21 13:39:07.926,1.82418,1.82443,1.00,1.00
2018.03.21 13:39:07.977,1.82413,1.82441,1.00,1.00
2018.03.21 13:39:08.447,1.82415,1.82443,1.00,1.00
2018.03.21 13:39:08.541,1.82415,1.82446,1.00,1.00
2018.03.21 13:39:08.592,1.82418,1.82446,1.00,1.00
2018.03.21 13:39:08.847,1.82418,1.82448,3.00,1.00
2018.03.21 13:39:09.396,1.82418,1.82447,1.00,1.00
2018.03.21 13:39:09.573,1.82417,1.82444,1.00,1.00
2018.03.21 13:39:09.776,1.82418,1.82447,1.50,1.00
2018.03.21 13:39:09.826,1.82422,1.82449,1.00,1.00
2018.03.21 13:39:09.877,1.82424,1.82454,1.00,1.00
2018.03.21 13:39:09.928,1.82426,1.82457,1.00,1.00
2018.03.21 13:39:10.585,1.82426,1.82456,1.00,1.00
2018.03.21 13:39:10.636,1.82426,1.82454,1.00,1.00
2018.03.21 13:39:10.889,1.82426,1.82456,1.00,1.00
2018.03.21 13:39:11.420,1.82425,1.82456,2.25,1.00
2018.03.21 13:39:11.521,1.82428,1.82456,1.00,1.00
2018.03.21 13:39:11.723,1.82426,1.82455,1.50,1.00
2018.03.21 13:39:11.875,1.82424,1.82454,1.00,1.00
2018.03.21 13:39:11.976,1.82424,1.82449,1.00,1.00
2018.03.21 13:39:12.026,1.8242,1.82446,1.50,1.00
2018.03.21 13:39:12.077,1.82415,1.82443,1.50,1.00
2018.03.21 13:39:12.616,1.82414,1.82442,1.00,1.00
2018.03.21 13:39:13.341,1.82415,1.82442,1.00,1.00
2018.03.21 13:39:13.849,1.82414,1.82442,1.00,1.00
2018.03.21 13:39:14.508,1.82415,1.82442,1.00,1.00
2018.03.21 13:39:14.767,1.82414,1.8244,1.50,1.00
2018.03.21 13:39:14.818,1.82414,1.82443,1.00,1.00
2018.03.21 13:39:15.073,1.82416,1.82444,1.00,1.00
2018.03.21 13:39:15.376,1.82411,1.82439,1.00,1.00
2018.03.21 13:39:16.251,1.8241,1.82439,2.25,1.00
2018.03.21 13:39:16.779,1.82411,1.82439,1.00,1.00
2018.03.21 13:39:17.320,1.8241,1.82439,2.25,1.00
2018.03.21 13:39:18.060,1.82411,1.82439,1.00,1.00
2018.03.21 13:39:22.365,1.8241,1.82439,1.50,1.00
2018.03.21 13:39:23.105,1.82408,1.82439,1.00,1.00
2018.03.21 13:39:23.573,1.8241,1.82439,1.00,1.00
2018.03.21 13:39:23.941,1.82412,1.82439,1.00,1.50
2018.03.21 13:39:24.043,1.82405,1.82433,1.00,1.00
2018.03.21 13:39:24.144,1.82404,1.82431,1.00,1.00
2018.03.21 13:39:24.524,1.82404,1.82428,1.00,1.00
2018.03.21 13:39:24.676,1.824,1.82427,3.00,1.00
2018.03.21 13:39:24.979,1.824,1.82424,1.00,1.00
2018.03.21 13:39:25.153,1.82397,1.82424,1.00,1.00
2018.03.21 13:39:25.204,1.82395,1.82424,1.50,1.00
2018.03.21 13:39:25.420,1.82395,1.82422,1.00,1.00
2018.03.21 13:39:26.009,1.82395,1.82421,1.00,1.00
2018.03.21 13:39:26.737,1.82394,1.82421,2.25,1.00
2018.03.21 13:39:26.839,1.82395,1.82424,1.00,1.00
2018.03.21 13:39:26.992,1.82398,1.82425,1.00,1.00
2018.03.21 13:39:27.044,1.82401,1.8243,1.50,1.00
2018.03.21 13:39:27.147,1.82406,1.82433,1.00,1.00
2018.03.21 13:39:27.354,1.82408,1.82436,1.00,1.00
2018.03.21 13:39:27.890,1.82409,1.82436,1.00,1.00
2018.03.21 13:39:28.411,1.82409,1.82438,1.00,1.00
2018.03.21 13:39:29.804,1.8241,1.82438,1.00,1.00
2018.03.21 13:39:29.902,1.8241,1.82436,1.00,1.00
2018.03.21 13:39:30.124,1.82406,1.82436,1.50,1.00
2018.03.21 13:39:31.171,1.82404,1.82434,1.00,1.00
2018.03.21 13:39:31.222,1.82402,1.82433,2.25,1.00
2018.03.21 13:39:31.323,1.82405,1.82433,1.00,1.00
2018.03.21 13:39:31.475,1.82402,1.82431,1.00,1.00
2018.03.21 13:39:31.628,1.82405,1.82434,1.00,1.00
2018.03.21 13:39:32.168,1.82406,1.82435,1.00,1.00
2018.03.21 13:39:32.439,1.82404,1.82435,1.00,1.00
2018.03.21 13:39:32.933,1.82406,1.82438,1.00,1.00
2018.03.21 13:39:34.332,1.82407,1.82439,1.00,1.00
2018.03.21 13:39:34.845,1.82408,1.82439,1.00,1.00
2018.03.21 13:39:35.364,1.82408,1.8244,1.00,1.00
2018.03.21 13:39:35.518,1.82412,1.82441,1.00,1.00
2018.03.21 13:39:35.634,1.82414,1.82445,1.00,1.00
2018.03.21 13:39:35.736,1.82416,1.82447,1.00,1.50
2018.03.21 13:39:36.666,1.82417,1.82447,1.00,1.50
2018.03.21 13:39:36.717,1.82418,1.82449,1.00,1.00
2018.03.21 13:39:37.033,1.8242,1.82452,1.00,1.00
2018.03.21 13:39:37.134,1.82425,1.82453,1.00,1.00
2018.03.21 13:39:38.120,1.82427,1.82456,1.00,1.00
2018.03.21 13:39:38.224,1.82431,1.82459,1.00,1.00
2018.03.21 13:39:38.275,1.82432,1.82463,1.00,1.00
2018.03.21 13:39:38.327,1.82435,1.82465,1.00,1.00
2018.03.21 13:39:38.378,1.82437,1.82469,1.00,1.25
2018.03.21 13:39:38.736,1.82439,1.82471,1.00,1.00
2018.03.21 13:39:39.275,1.82439,1.8247,1.00,1.00
2018.03.21 13:39:39.782,1.82438,1.8247,1.50,1.50
2018.03.21 13:39:40.584,1.82438,1.82469,1.00,1.00
2018.03.21 13:39:40.635,1.82436,1.82469,1.00,1.00
2018.03.21 13:39:40.858,1.82439,1.8247,1.00,1.00
2018.03.21 13:39:41.116,1.82447,1.82481,1.50,1.00
2018.03.21 13:39:41.168,1.82447,1.82479,1.00,1.00
2018.03.21 13:39:41.712,1.82447,1.82476,1.50,1.00
2018.03.21 13:39:42.021,1.82447,1.82478,1.50,1.00
2018.03.21 13:39:42.335,1.82452,1.82481,1.25,1.00
2018.03.21 13:39:42.437,1.82454,1.82485,1.00,1.00
2018.03.21 13:39:42.488,1.82456,1.82486,1.00,1.00
2018.03.21 13:39:42.641,1.82458,1.82489,1.00,1.00
2018.03.21 13:39:42.744,1.82461,1.82491,1.00,1.00
2018.03.21 13:39:43.093,1.82464,1.82492,1.00,1.00
2018.03.21 13:39:43.559,1.82463,1.82495,1.00,1.00
2018.03.21 13:39:44.099,1.82463,1.82494,1.00,1.00
2018.03.21 13:39:44.723,1.82461,1.82494,1.00,1.00
2018.03.21 13:39:46.921,1.82463,1.82493,1.00,1.00
2018.03.21 13:39:47.452,1.82463,1.82492,1.00,1.00
2018.03.21 13:39:48.248,1.82463,1.82491,1.00,1.00
2018.03.21 13:39:48.604,1.82459,1.82491,1.00,1.00
2018.03.21 13:39:48.869,1.82457,1.82488,1.00,1.00
2018.03.21 13:39:48.920,1.82454,1.82487,1.00,2.25
2018.03.21 13:39:49.072,1.82454,1.82484,1.00,1.00
2018.03.21 13:39:49.325,1.82455,1.82486,1.00,1.00
2018.03.21 13:39:49.593,1.82454,1.82484,1.00,1.00
2018.03.21 13:39:51.139,1.82455,1.82483,1.00,1.00
2018.03.21 13:39:52.291,1.82456,1.82485,1.00,1.00
2018.03.21 13:39:54.080,1.8246,1.82488,1.50,1.50
2018.03.21 13:39:54.406,1.8247,1.82496,1.00,1.00
2018.03.21 13:39:54.775,1.8247,1.82499,1.00,1.00
2018.03.21 13:39:55.035,1.82473,1.82499,1.00,1.00
2018.03.21 13:39:55.585,1.82474,1.825,1.00,1.00
2018.03.21 13:39:56.394,1.82472,1.825,1.00,1.00
2018.03.21 13:39:56.495,1.82474,1.825,1.00,1.00
2018.03.21 13:39:57.426,1.82471,1.82498,1.00,1.00
2018.03.21 13:39:57.477,1.8247,1.82496,1.00,1.00
2018.03.21 13:39:58.004,1.82469,1.82497,1.00,1.00
2018.03.21 13:39:58.311,1.82474,1.825,1.00,1.00
2018.03.21 13:39:58.362,1.82475,1.82503,1.00,1.00
2018.03.21 13:39:58.414,1.82477,1.82504,1.00,1.00
2018.03.21 13:39:58.516,1.82478,1.82506,1.00,1.00
2018.03.21 13:39:58.567,1.8248,1.82506,1.00,1.00
2018.03.21 13:39:58.618,1.8248,1.82509,1.00,1.00
2018.03.21 13:39:58.901,1.82483,1.82509,1.00,1.00
2018.03.21 13:39:59.310,1.82477,1.82506,2.25,1.69
2018.03.21 13:39:59.361,1.82477,1.82502,1.00,1.00
2018.03.21 13:39:59.413,1.82469,1.82497,1.87,1.00
2018.03.21 13:39:59.464,1.82472,1.825,1.00,1.00
2018.03.21 13:39:59.996,1.82473,1.82499,1.00,1.00
2018.03.21 13:40:00.280,1.82471,1.825,1.00,1.00
2018.03.21 13:40:00.332,1.82474,1.825,1.00,1.00
2018.03.21 13:40:00.501,1.82478,1.82506,1.00,1.00
2018.03.21 13:40:00.560,1.8248,1.82508,1.00,1.00
2018.03.21 13:40:00.919,1.8248,1.82506,1.00,1.00
2018.03.21 13:40:01.022,1.82476,1.82503,1.00,1.00
2018.03.21 13:40:01.414,1.82472,1.825,1.00,1.00
2018.03.21 13:40:01.768,1.82471,1.82498,1.00,1.00
2018.03.21 13:40:02.575,1.8247,1.82498,1.00,1.00
2018.03.21 13:40:03.081,1.82471,1.82498,1.00,1.00
2018.03.21 13:40:03.536,1.82469,1.82498,1.00,1.00
2018.03.21 13:40:03.766,1.82468,1.82496,1.00,1.00
2018.03.21 13:40:03.971,1.82455,1.82484,1.50,1.00
2018.03.21 13:40:04.529,1.82453,1.82481,1.00,1.00
2018.03.21 13:40:05.309,1.82454,1.82482,1.00,1.00
2018.03.21 13:40:05.628,1.82454,1.8248,1.00,1.00
2018.03.21 13:40:06.705,1.82454,1.82482,1.00,1.00
2018.03.21 13:40:06.807,1.82455,1.82484,1.00,1.00
2018.03.21 13:40:06.858,1.82457,1.82485,1.87,1.00
2018.03.21 13:40:06.909,1.82463,1.82491,1.00,1.00
2018.03.21 13:40:06.960,1.82466,1.82494,1.00,1.00
2018.03.21 13:40:07.012,1.82468,1.82497,1.00,1.50
2018.03.21 13:40:07.395,1.82473,1.82502,1.00,1.00
2018.03.21 13:40:07.722,1.82477,1.82506,1.00,1.00
2018.03.21 13:40:08.023,1.82473,1.82502,1.00,1.00
2018.03.21 13:40:08.331,1.82473,1.825,1.00,1.00
2018.03.21 13:40:08.535,1.82471,1.82499,1.00,1.00
2018.03.21 13:40:08.819,1.82473,1.825,1.00,1.00
2018.03.21 13:40:09.520,1.82472,1.82498,1.00,1.00
2018.03.21 13:40:10.382,1.82471,1.82491,1.00,1.00
2018.03.21 13:40:10.506,1.82463,1.82488,1.50,1.00
2018.03.21 13:40:10.557,1.82459,1.82486,1.00,1.00
2018.03.21 13:40:11.862,1.82458,1.82484,1.00,1.00
2018.03.21 13:40:12.066,1.82458,1.82487,1.00,1.00
2018.03.21 13:40:12.117,1.82461,1.82489,1.00,1.00
2018.03.21 13:40:12.719,1.8246,1.82488,1.00,1.00
2018.03.21 13:40:13.305,1.82457,1.82485,1.00,1.00
2018.03.21 13:40:13.842,1.82457,1.82483,1.00,1.00
2018.03.21 13:40:13.893,1.82449,1.82478,2.25,1.00
2018.03.21 13:40:13.945,1.82451,1.82479,1.00,1.00
2018.03.21 13:40:14.251,1.82456,1.82484,1.00,1.00
2018.03.21 13:40:14.587,1.82458,1.82484,1.00,1.00
2018.03.21 13:40:14.742,1.82459,1.82486,1.00,1.00
2018.03.21 13:40:15.214,1.8246,1.82488,1.00,1.00
2018.03.21 13:40:16.441,1.82461,1.82489,1.00,1.00
2018.03.21 13:40:16.982,1.82462,1.82488,1.00,1.00
2018.03.21 13:40:17.516,1.82458,1.82484,1.50,1.00
2018.03.21 13:40:17.669,1.82456,1.82484,1.00,1.00
2018.03.21 13:40:18.173,1.82457,1.82485,1.00,1.00
2018.03.21 13:40:18.410,1.82465,1.82493,1.00,1.00
2018.03.21 13:40:18.616,1.82459,1.82488,1.00,1.00
2018.03.21 13:40:18.671,1.82459,1.82485,1.00,1.00
2018.03.21 13:40:18.722,1.8246,1.82487,1.00,1.00
2018.03.21 13:40:19.300,1.82467,1.82494,1.00,1.00
2018.03.21 13:40:19.403,1.82471,1.82499,1.00,1.00
2018.03.21 13:40:19.658,1.82472,1.82501,1.00,1.50
2018.03.21 13:40:20.940,1.82471,1.82499,1.00,1.00
2018.03.21 13:40:21.478,1.8247,1.82498,1.00,1.00
2018.03.21 13:40:21.946,1.82468,1.82494,1.00,1.00
2018.03.21 13:40:22.047,1.82464,1.82491,1.00,1.00
2018.03.21 13:40:22.098,1.82462,1.8249,1.00,1.00
2018.03.21 13:40:22.148,1.82462,1.82488,1.00,1.00
2018.03.21 13:40:22.476,1.82462,1.8249,1.00,1.00
2018.03.21 13:40:23.123,1.82462,1.82488,1.00,1.00
2018.03.21 13:40:24.042,1.82462,1.8249,1.00,1.00
2018.03.21 13:40:24.094,1.82466,1.82491,1.00,1.00
2018.03.21 13:40:24.145,1.82466,1.82494,1.00,1.50
2018.03.21 13:40:24.197,1.82469,1.82497,1.00,2.25
2018.03.21 13:40:24.502,1.82471,1.82497,1.00,2.25
2018.03.21 13:40:24.740,1.82469,1.82497,1.00,1.50
2018.03.21 13:40:24.943,1.82467,1.82496,1.00,1.50
2018.03.21 13:40:25.300,1.82472,1.82499,1.00,1.00
2018.03.21 13:40:25.812,1.82473,1.82501,1.00,1.00
2018.03.21 13:40:26.342,1.82472,1.82501,1.00,1.00
2018.03.21 13:40:27.448,1.82472,1.82498,1.00,1.00
2018.03.21 13:40:31.758,1.8247,1.82498,1.00,1.00
2018.03.21 13:40:31.926,1.8247,1.82496,1.00,1.00
2018.03.21 13:40:32.156,1.8247,1.82498,1.00,1.00
2018.03.21 13:40:32.689,1.82469,1.82497,1.00,1.00
2018.03.21 13:40:32.844,1.82471,1.82497,1.00,1.00
2018.03.21 13:40:32.946,1.82465,1.82493,1.00,1.00
2018.03.21 13:40:33.048,1.82469,1.82497,1.00,1.00
2018.03.21 13:40:33.453,1.82473,1.82502,1.00,1.00
2018.03.21 13:40:34.172,1.82474,1.82503,1.50,1.00
2018.03.21 13:40:34.809,1.82475,1.82504,1.50,1.00
2018.03.21 13:40:34.912,1.82476,1.82506,1.00,1.00
2018.03.21 13:40:35.014,1.82478,1.82507,1.00,1.00
2018.03.21 13:40:35.341,1.82475,1.82504,1.50,1.00
2018.03.21 13:40:35.659,1.82472,1.82499,1.50,1.00
2018.03.21 13:40:36.005,1.82475,1.82501,1.00,1.00
2018.03.21 13:40:36.157,1.82475,1.82503,1.00,1.00
2018.03.21 13:40:37.123,1.82475,1.82505,1.00,1.00
2018.03.21 13:40:37.173,1.82474,1.82503,1.00,1.00
2018.03.21 13:40:37.477,1.82474,1.82501,1.00,1.00
2018.03.21 13:40:37.730,1.82472,1.82501,1.00,1.00
2018.03.21 13:40:38.110,1.82474,1.82503,1.00,1.00
2018.03.21 13:40:40.230,1.82472,1.82502,1.00,1.00
2018.03.21 13:40:40.587,1.82471,1.825,1.00,1.00
2018.03.21 13:40:41.440,1.82472,1.82502,1.00,1.00
2018.03.21 13:40:41.491,1.82474,1.82503,1.00,1.00
2018.03.21 13:40:41.695,1.82478,1.82508,1.50,1.00
2018.03.21 13:40:41.746,1.82479,1.8251,1.00,1.00
2018.03.21 13:40:41.847,1.82484,1.82512,1.00,1.00
2018.03.21 13:40:42.102,1.82487,1.82517,1.00,1.00
2018.03.21 13:40:42.776,1.82491,1.82517,1.00,1.00
2018.03.21 13:40:42.896,1.82487,1.82516,1.00,1.00
2018.03.21 13:40:42.999,1.82483,1.82512,1.50,1.00
2018.03.21 13:40:43.556,1.82482,1.82513,1.00,1.00
2018.03.21 13:40:43.658,1.8248,1.82512,1.00,1.00
2018.03.21 13:40:44.035,1.82481,1.82514,1.00,1.50
2018.03.21 13:40:44.313,1.8248,1.82512,1.00,1.00
2018.03.21 13:40:44.894,1.82479,1.82511,1.00,1.00
2018.03.21 13:40:45.765,1.82478,1.82509,2.25,1.00
2018.03.21 13:40:45.998,1.82479,1.82511,1.00,1.00
2018.03.21 13:40:46.652,1.82479,1.82512,1.00,1.00
2018.03.21 13:40:46.808,1.82483,1.82513,1.00,1.00
2018.03.21 13:40:46.862,1.8248,1.82512,1.00,1.00
2018.03.21 13:40:47.066,1.8248,1.8251,1.00,1.00
2018.03.21 13:40:47.374,1.82478,1.82509,1.00,1.00
2018.03.21 13:40:47.859,1.82478,1.82511,1.00,1.00
2018.03.21 13:40:49.625,1.82479,1.82512,1.00,1.00
2018.03.21 13:40:50.400,1.82479,1.82512,1.00,1.37
2018.03.21 13:40:51.081,1.8248,1.82511,1.00,1.00
2018.03.21 13:40:51.948,1.82481,1.82513,1.00,1.00
2018.03.21 13:40:52.496,1.82482,1.82514,1.00,1.00
2018.03.21 13:40:52.915,1.8248,1.82514,1.50,1.00
2018.03.21 13:40:53.035,1.82477,1.82511,1.50,1.00
2018.03.21 13:40:53.189,1.82472,1.82507,1.50,1.50
2018.03.21 13:40:53.341,1.82472,1.82505,1.00,1.00
2018.03.21 13:40:53.908,1.82472,1.82503,1.00,1.00
2018.03.21 13:40:54.434,1.82471,1.82504,1.25,1.00
2018.03.21 13:40:54.759,1.82473,1.82504,1.00,1.00
2018.03.21 13:40:55.048,1.82474,1.82507,1.00,1.00
2018.03.21 13:40:55.316,1.82474,1.82505,1.00,1.00
2018.03.21 13:40:55.549,1.82474,1.82507,1.00,1.00
2018.03.21 13:40:55.601,1.82473,1.82505,1.00,1.00
2018.03.21 13:40:56.207,1.82473,1.82506,1.00,1.00
2018.03.21 13:40:56.513,1.82475,1.82507,1.00,1.00
2018.03.21 13:40:56.820,1.82479,1.8251,1.00,1.50
2018.03.21 13:40:57.158,1.82482,1.82514,1.00,1.87
2018.03.21 13:40:57.998,1.82482,1.82516,1.00,2.62
2018.03.21 13:41:00.329,1.82481,1.82509,1.00,1.12
2018.03.21 13:41:00.380,1.82478,1.8251,1.50,1.87
2018.03.21 13:41:00.431,1.82478,1.82507,1.00,1.75
2018.03.21 13:41:00.481,1.82472,1.82505,1.00,1.37
2018.03.21 13:41:00.785,1.8247,1.82505,1.00,3.00
2018.03.21 13:41:01.124,1.82469,1.82499,1.00,1.00
2018.03.21 13:41:01.228,1.82464,1.82496,1.00,1.37
2018.03.21 13:41:01.635,1.82462,1.82495,1.50,1.12
2018.03.21 13:41:01.992,1.82464,1.82498,1.00,4.12
2018.03.21 13:41:02.314,1.8247,1.82498,1.00,1.00
2018.03.21 13:41:02.365,1.8247,1.82502,1.00,1.25
2018.03.21 13:41:02.416,1.8247,1.82504,1.50,1.50
2018.03.21 13:41:02.518,1.82477,1.82506,1.00,1.50
2018.03.21 13:41:03.028,1.82477,1.82506,1.00,1.37
2018.03.21 13:41:03.131,1.82474,1.82507,1.00,2.25
2018.03.21 13:41:03.183,1.82477,1.82507,1.00,1.50
2018.03.21 13:41:03.235,1.82478,1.8251,1.00,1.50
2018.03.21 13:41:03.286,1.82482,1.82511,1.00,1.50
2018.03.21 13:41:03.490,1.82482,1.82514,1.00,2.62
2018.03.21 13:41:03.592,1.82484,1.82515,1.00,1.87
2018.03.21 13:41:04.122,1.82485,1.82517,1.00,2.25
2018.03.21 13:41:04.630,1.82486,1.82518,1.00,2.44
2018.03.21 13:41:04.783,1.82491,1.82523,1.00,1.12
2018.03.21 13:41:05.087,1.82492,1.82523,1.00,2.25
2018.03.21 13:41:05.138,1.82485,1.82515,1.00,1.00
2018.03.21 13:41:05.189,1.82488,1.82518,1.00,1.50
2018.03.21 13:41:05.316,1.82485,1.82516,1.00,1.00
2018.03.21 13:41:05.998,1.82486,1.82517,1.00,1.00
2018.03.21 13:41:07.115,1.82486,1.82515,1.00,1.00
2018.03.21 13:41:07.666,1.82487,1.82516,1.00,1.00
2018.03.21 13:41:08.236,1.82486,1.82515,1.00,1.00
2018.03.21 13:41:08.548,1.82488,1.82518,1.00,1.50
2018.03.21 13:41:08.599,1.82488,1.82516,1.00,1.00
2018.03.21 13:41:09.119,1.82488,1.82517,1.00,1.12
2018.03.21 13:41:09.305,1.82485,1.82515,1.00,1.00
2018.03.21 13:41:10.678,1.82486,1.82516,1.00,1.00
2018.03.21 13:41:11.219,1.82487,1.82517,1.00,1.50
2018.03.21 13:41:11.796,1.82486,1.82516,1.00,1.00
2018.03.21 13:41:12.414,1.82485,1.82514,1.00,1.00
2018.03.21 13:41:12.619,1.82475,1.82506,1.00,1.00
2018.03.21 13:41:13.315,1.82474,1.82504,1.00,1.00
2018.03.21 13:41:13.647,1.82473,1.82502,1.00,1.00
2018.03.21 13:41:13.799,1.82473,1.82504,1.00,1.00
2018.03.21 13:41:13.849,1.82475,1.82505,1.00,1.00
2018.03.21 13:41:15.157,1.82475,1.82503,1.00,1.00
2018.03.21 13:41:15.460,1.82474,1.82501,1.00,1.00
2018.03.21 13:41:15.972,1.82473,1.82502,1.00,1.00
2018.03.21 13:41:16.472,1.82474,1.82505,1.00,1.00
2018.03.21 13:41:16.523,1.82477,1.82505,1.00,1.00
2018.03.21 13:41:17.066,1.82478,1.82506,1.00,1.00
2018.03.21 13:41:17.191,1.82479,1.82509,1.00,1.00
2018.03.21 13:41:17.393,1.82483,1.82512,1.00,1.50
2018.03.21 13:41:17.798,1.82486,1.82514,1.00,1.00
2018.03.21 13:41:19.576,1.82484,1.82513,1.00,1.00
2018.03.21 13:41:20.046,1.82486,1.82513,1.00,1.00
2018.03.21 13:41:20.817,1.82488,1.82514,1.00,1.00
2018.03.21 13:41:20.957,1.82491,1.8252,1.00,1.50
2018.03.21 13:41:21.262,1.82492,1.82518,1.00,1.00
2018.03.21 13:41:21.616,1.82491,1.8252,1.00,1.00
2018.03.21 13:41:22.004,1.82493,1.82521,1.00,1.00
2018.03.21 13:41:22.537,1.82494,1.82521,1.00,1.00
2018.03.21 13:41:22.588,1.82492,1.82522,1.00,3.00
2018.03.21 13:41:22.690,1.82488,1.82516,1.00,1.00
2018.03.21 13:41:22.792,1.82485,1.82515,1.00,1.12
2018.03.21 13:41:23.060,1.82486,1.82517,1.00,1.50
2018.03.21 13:41:23.264,1.82488,1.82517,1.00,1.50
2018.03.21 13:41:23.906,1.82487,1.82515,1.00,1.00
2018.03.21 13:41:24.425,1.82484,1.82512,1.00,1.00
2018.03.21 13:41:24.743,1.82481,1.82508,1.00,1.00
2018.03.21 13:41:24.794,1.82477,1.82507,1.00,1.00
2018.03.21 13:41:24.954,1.82477,1.82504,1.00,2.62
2018.03.21 13:41:25.057,1.82479,1.82508,1.00,2.62
2018.03.21 13:41:25.571,1.82479,1.82507,1.00,1.00
2018.03.21 13:41:25.773,1.82482,1.82508,1.00,1.50
2018.03.21 13:41:26.275,1.82481,1.82508,1.00,1.50
2018.03.21 13:41:26.805,1.8248,1.8251,1.00,1.12
2018.03.21 13:41:27.022,1.82478,1.82507,1.00,1.00
2018.03.21 13:41:27.356,1.82475,1.82503,1.00,1.87
2018.03.21 13:41:27.906,1.82475,1.82503,1.00,1.50
2018.03.21 13:41:28.680,1.82475,1.82503,1.00,1.37
2018.03.21 13:41:29.231,1.82474,1.82504,1.00,1.87
2018.03.21 13:41:29.653,1.82468,1.82497,1.00,1.00
2018.03.21 13:41:29.961,1.82462,1.82488,1.00,1.00
2018.03.21 13:41:30.065,1.82459,1.82488,1.00,1.00
2018.03.21 13:41:30.167,1.82456,1.82485,1.00,1.00
2018.03.21 13:41:30.218,1.82452,1.82482,1.00,1.00
2018.03.21 13:41:30.636,1.82454,1.82483,1.00,1.00
2018.03.21 13:41:31.175,1.82452,1.82481,1.00,1.00
2018.03.21 13:41:31.385,1.82453,1.82483,1.00,1.50
2018.03.21 13:41:31.495,1.82457,1.82483,1.00,1.50
2018.03.21 13:41:31.546,1.82456,1.82487,1.00,1.00
2018.03.21 13:41:31.698,1.82458,1.82487,1.00,1.00
2018.03.21 13:41:31.852,1.82455,1.82487,1.00,1.50
2018.03.21 13:41:31.904,1.82462,1.82488,1.00,1.00
2018.03.21 13:41:31.955,1.82458,1.82488,1.00,1.50
2018.03.21 13:41:32.179,1.8246,1.82488,1.00,1.00
2018.03.21 13:41:32.945,1.8246,1.82487,1.00,1.00
2018.03.21 13:41:33.585,1.82459,1.82488,1.00,1.50
2018.03.21 13:41:34.081,1.82461,1.82489,1.00,1.00
2018.03.21 13:41:34.183,1.82461,1.82491,1.00,1.87
2018.03.21 13:41:34.744,1.82461,1.8249,1.00,1.12
2018.03.21 13:41:35.284,1.82461,1.82491,1.00,1.87
2018.03.21 13:41:35.801,1.82462,1.82491,1.00,1.00
2018.03.21 13:41:35.958,1.82463,1.82489,1.00,1.00
2018.03.21 13:41:37.599,1.82462,1.82491,1.00,1.00
2018.03.21 13:41:37.801,1.82462,1.82488,1.00,1.00
2018.03.21 13:41:38.328,1.82461,1.82487,1.00,1.00
2018.03.21 13:41:38.445,1.82461,1.82489,1.00,1.00
2018.03.21 13:41:39.033,1.82461,1.82488,1.00,1.00
2018.03.21 13:41:39.236,1.82462,1.82491,1.00,1.00
2018.03.21 13:41:39.389,1.82465,1.82493,1.00,1.50
2018.03.21 13:41:39.920,1.82464,1.82492,1.00,1.00
2018.03.21 13:41:40.453,1.82464,1.82493,1.00,1.00
2018.03.21 13:41:40.913,1.82465,1.82496,1.00,1.87
2018.03.21 13:41:41.419,1.82462,1.82494,1.00,1.37
2018.03.21 13:41:41.723,1.82461,1.82492,1.00,1.37
2018.03.21 13:41:42.748,1.82461,1.82491,1.00,1.37
2018.03.21 13:41:43.092,1.82457,1.82487,1.00,1.00
2018.03.21 13:41:43.296,1.82456,1.82485,1.00,1.00
2018.03.21 13:41:43.397,1.82453,1.82483,1.00,1.00
2018.03.21 13:41:44.381,1.82454,1.82485,1.00,1.00
2018.03.21 13:41:44.434,1.8245,1.82481,1.00,1.00
2018.03.21 13:41:44.763,1.82445,1.82475,1.00,1.00
2018.03.21 13:41:45.179,1.82444,1.82472,1.00,1.00
2018.03.21 13:41:45.331,1.82442,1.82472,1.00,1.00
2018.03.21 13:41:45.418,1.82441,1.8247,1.00,1.00
2018.03.21 13:41:45.722,1.82441,1.82468,1.00,1.00
2018.03.21 13:41:47.894,1.82441,1.8247,1.00,1.00
2018.03.21 13:41:49.940,1.82442,1.82471,1.00,1.00
2018.03.21 13:41:50.826,1.82444,1.82471,1.00,1.00
2018.03.21 13:41:52.003,1.8244,1.82469,1.00,1.00
2018.03.21 13:41:52.523,1.82441,1.8247,1.00,1.00
2018.03.21 13:41:54.920,1.8244,1.82468,1.00,1.00
2018.03.21 13:41:55.023,1.82437,1.82466,1.00,1.00
2018.03.21 13:41:55.079,1.82439,1.82467,1.00,1.00
2018.03.21 13:41:55.232,1.82441,1.8247,1.00,1.00
2018.03.21 13:41:55.385,1.82443,1.82472,1.00,1.00
2018.03.21 13:41:55.697,1.82452,1.82478,1.00,1.00
2018.03.21 13:41:55.749,1.82452,1.8248,1.00,1.00
2018.03.21 13:41:55.902,1.82454,1.8248,1.00,1.00
2018.03.21 13:41:55.953,1.82455,1.82483,1.00,1.50
2018.03.21 13:41:56.107,1.82457,1.82483,1.00,1.50
2018.03.21 13:41:56.295,1.82456,1.82485,1.00,1.00
2018.03.21 13:41:56.397,1.82458,1.82488,1.00,1.00
2018.03.21 13:41:56.558,1.8246,1.82489,1.00,1.50
2018.03.21 13:41:56.893,1.82463,1.82489,1.00,1.00
2018.03.21 13:41:57.049,1.82466,1.82493,1.00,1.50
2018.03.21 13:41:57.100,1.82467,1.82495,1.00,1.00
2018.03.21 13:41:57.151,1.82468,1.82497,1.00,1.50
2018.03.21 13:41:57.559,1.8247,1.82497,1.00,1.00
2018.03.21 13:41:57.688,1.82472,1.82501,1.00,1.00
2018.03.21 13:41:57.851,1.82471,1.82499,1.00,1.00
2018.03.21 13:41:57.902,1.82472,1.82501,1.00,1.00
2018.03.21 13:41:58.021,1.82472,1.82497,1.00,1.00
2018.03.21 13:41:58.463,1.82472,1.825,1.00,2.25
2018.03.21 13:41:58.565,1.82471,1.82497,1.00,1.00
2018.03.21 13:41:58.725,1.82468,1.82496,1.00,1.00
2018.03.21 13:41:59.271,1.82469,1.82496,1.00,1.00
2018.03.21 13:41:59.530,1.82467,1.82496,1.00,1.00
2018.03.21 13:41:59.736,1.82466,1.82494,1.00,1.00
2018.03.21 13:42:00.072,1.82468,1.82495,1.00,1.00
2018.03.21 13:42:00.376,1.82463,1.82491,1.00,1.00
2018.03.21 13:42:00.427,1.82461,1.82489,1.00,1.00
2018.03.21 13:42:00.528,1.82467,1.82496,1.00,1.00
2018.03.21 13:42:00.692,1.82469,1.82497,1.00,1.00
2018.03.21 13:42:01.198,1.82467,1.82493,1.00,1.00
2018.03.21 13:42:01.349,1.82469,1.82497,1.00,1.50
2018.03.21 13:42:01.400,1.82471,1.82497,1.00,1.00
2018.03.21 13:42:01.652,1.82468,1.82497,1.00,1.00
2018.03.21 13:42:01.806,1.82467,1.82495,1.00,1.00
2018.03.21 13:42:02.224,1.82468,1.82497,1.00,1.00
2018.03.21 13:42:02.906,1.82467,1.82496,1.00,1.00
2018.03.21 13:42:04.569,1.82467,1.82495,1.00,1.00
2018.03.21 13:42:07.783,1.82468,1.82497,1.00,1.00
2018.03.21 13:42:07.880,1.82467,1.82493,1.00,1.00
2018.03.21 13:42:07.932,1.82464,1.82493,1.50,1.00
2018.03.21 13:42:07.983,1.82466,1.82494,1.00,1.00
2018.03.21 13:42:08.468,1.82468,1.82497,1.00,1.50
2018.03.21 13:42:09.220,1.82466,1.82495,1.00,1.00
2018.03.21 13:42:10.627,1.82467,1.82496,1.00,1.00
2018.03.21 13:42:10.934,1.82476,1.82505,1.50,1.00
2018.03.21 13:42:11.240,1.82469,1.82497,1.50,1.00
2018.03.21 13:42:12.070,1.82467,1.82496,1.00,1.00
2018.03.21 13:42:12.432,1.82473,1.825,1.00,1.00
2018.03.21 13:42:12.483,1.8247,1.82498,1.00,1.00
2018.03.21 13:42:12.635,1.82469,1.82496,1.00,1.00
2018.03.21 13:42:12.953,1.82467,1.82497,1.00,1.50
2018.03.21 13:42:13.326,1.82468,1.82494,1.00,1.00
2018.03.21 13:42:13.984,1.82466,1.82494,1.00,1.00
2018.03.21 13:42:14.086,1.82469,1.82496,1.00,1.00
2018.03.21 13:42:14.250,1.8247,1.82498,1.00,1.00
2018.03.21 13:42:14.423,1.82468,1.82494,1.00,1.00
2018.03.21 13:42:14.795,1.82468,1.82497,1.00,1.00
2018.03.21 13:42:15.130,1.82467,1.82495,1.00,1.00
2018.03.21 13:42:15.450,1.82469,1.82497,1.00,1.00
2018.03.21 13:42:15.986,1.8247,1.82498,1.00,1.00
2018.03.21 13:42:16.293,1.82463,1.82492,1.00,1.00
2018.03.21 13:42:16.398,1.82461,1.82489,1.00,1.00
2018.03.21 13:42:16.704,1.8246,1.82487,1.00,1.00
2018.03.21 13:42:17.004,1.82461,1.82489,1.00,1.00
2018.03.21 13:42:17.106,1.82465,1.82493,1.00,1.50
2018.03.21 13:42:17.789,1.82465,1.82492,1.00,1.00
2018.03.21 13:42:17.891,1.82463,1.82491,1.00,1.00
2018.03.21 13:42:17.993,1.82466,1.82492,1.00,1.00
2018.03.21 13:42:18.146,1.82466,1.82495,1.00,1.00
2018.03.21 13:42:18.349,1.82468,1.82496,1.00,1.00
2018.03.21 13:42:18.673,1.8247,1.82497,1.00,1.00
2018.03.21 13:42:19.814,1.82472,1.825,1.12,1.50
2018.03.21 13:42:19.865,1.82476,1.82505,1.00,1.00
2018.03.21 13:42:20.121,1.82479,1.82505,1.00,1.00
2018.03.21 13:42:20.435,1.82476,1.82502,1.00,1.00
2018.03.21 13:42:20.638,1.82477,1.82505,1.00,1.00
2018.03.21 13:42:21.182,1.82475,1.82504,1.00,1.00
2018.03.21 13:42:21.498,1.82477,1.82505,1.00,1.00
2018.03.21 13:42:21.885,1.82479,1.82505,1.00,1.00
2018.03.21 13:42:22.862,1.82477,1.82506,1.00,1.00
2018.03.21 13:42:22.913,1.82475,1.82505,1.00,1.00
2018.03.21 13:42:24.057,1.82474,1.82504,1.00,1.00
2018.03.21 13:42:24.591,1.82475,1.82505,1.00,1.00
2018.03.21 13:42:24.642,1.82477,1.82506,1.00,1.00
2018.03.21 13:42:24.800,1.82474,1.82506,1.00,1.00
2018.03.21 13:42:25.026,1.82473,1.82504,1.50,1.00
2018.03.21 13:42:25.524,1.8247,1.82502,1.50,1.00
2018.03.21 13:42:25.849,1.82468,1.825,1.00,3.19
2018.03.21 13:42:26.159,1.82463,1.82495,1.50,1.00
2018.03.21 13:42:26.806,1.82463,1.82494,1.50,1.00
2018.03.21 13:42:27.404,1.82464,1.82494,1.00,1.00
2018.03.21 13:42:28.088,1.82464,1.82492,1.00,1.00
2018.03.21 13:42:28.342,1.82464,1.82494,1.00,1.00
2018.03.21 13:42:28.544,1.82463,1.82496,1.50,1.00
2018.03.21 13:42:28.594,1.82463,1.82494,1.50,1.00
2018.03.21 13:42:30.046,1.82464,1.82495,1.00,1.50
2018.03.21 13:42:30.560,1.82463,1.82494,1.00,1.00
2018.03.21 13:42:30.984,1.82461,1.82495,1.00,1.00
2018.03.21 13:42:31.875,1.82462,1.82495,1.00,1.00
2018.03.21 13:42:31.976,1.82462,1.82493,1.00,1.00
2018.03.21 13:42:32.077,1.82457,1.82489,1.00,1.00
2018.03.21 13:42:32.128,1.82457,1.82491,1.00,1.00
2018.03.21 13:42:32.281,1.8246,1.82492,1.00,1.50
2018.03.21 13:42:32.662,1.82461,1.82495,1.50,1.00
2018.03.21 13:42:33.180,1.8246,1.82494,1.50,1.00
2018.03.21 13:42:33.857,1.82461,1.82495,1.00,1.00
2018.03.21 13:42:34.306,1.82461,1.82493,1.00,1.00
2018.03.21 13:42:34.571,1.82459,1.82492,1.50,1.00
2018.03.21 13:42:34.673,1.82463,1.82496,1.00,1.50
2018.03.21 13:42:34.775,1.82461,1.82495,1.00,1.12
2018.03.21 13:42:35.254,1.82461,1.82493,1.50,1.00
2018.03.21 13:42:35.305,1.82461,1.82495,1.00,1.50
2018.03.21 13:42:35.817,1.82462,1.82495,1.00,1.00
2018.03.21 13:42:36.366,1.82461,1.82495,1.00,1.50
2018.03.21 13:42:36.552,1.82463,1.82495,1.00,1.00
2018.03.21 13:42:36.804,1.82461,1.82495,1.00,2.44
2018.03.21 13:42:37.057,1.82459,1.82494,2.25,1.00
2018.03.21 13:42:37.360,1.82459,1.82492,1.00,1.50
2018.03.21 13:42:38.759,1.82459,1.82488,1.00,1.00
2018.03.21 13:42:38.811,1.82455,1.82488,1.00,1.50
2018.03.21 13:42:38.863,1.82452,1.82484,1.00,1.00
2018.03.21 13:42:39.016,1.82449,1.82482,1.00,1.50
2018.03.21 13:42:39.075,1.82449,1.82477,1.00,1.00
2018.03.21 13:42:39.302,1.82444,1.82477,1.00,1.50
2018.03.21 13:42:39.404,1.82443,1.82475,1.00,1.00
2018.03.21 13:42:39.455,1.82444,1.82477,1.00,1.69
2018.03.21 13:42:39.609,1.82441,1.82474,1.50,1.00
2018.03.21 13:42:40.115,1.8244,1.82473,1.00,1.50
2018.03.21 13:42:40.623,1.8244,1.82472,1.00,1.00
2018.03.21 13:42:40.934,1.82442,1.82474,1.00,1.00
2018.03.21 13:42:41.457,1.82441,1.82473,1.00,1.00
2018.03.21 13:42:42.109,1.82442,1.82473,1.00,1.00
2018.03.21 13:42:43.055,1.82442,1.82472,1.00,1.00
2018.03.21 13:42:44.168,1.82443,1.82473,1.00,1.00
2018.03.21 13:42:44.878,1.82443,1.82474,1.00,1.50
2018.03.21 13:42:45.440,1.82443,1.82473,1.00,1.50
2018.03.21 13:42:45.776,1.82443,1.82471,1.00,1.00
2018.03.21 13:42:46.561,1.8244,1.82468,1.00,1.00
2018.03.21 13:42:46.866,1.82442,1.8247,1.00,1.00
2018.03.21 13:42:48.202,1.8244,1.82469,1.00,1.00
2018.03.21 13:42:48.304,1.82442,1.8247,1.00,1.00
2018.03.21 13:42:48.557,1.82443,1.82472,1.00,1.00
2018.03.21 13:42:48.608,1.82446,1.82472,1.00,1.00
2018.03.21 13:42:48.879,1.82443,1.82472,1.00,1.00
2018.03.21 13:42:49.088,1.82446,1.82472,1.00,1.00
2018.03.21 13:42:49.621,1.82447,1.82473,1.00,1.00
2018.03.21 13:42:49.958,1.82447,1.82476,1.00,2.25
2018.03.21 13:42:50.009,1.82446,1.82474,1.00,1.00
2018.03.21 13:42:50.316,1.82443,1.82471,1.00,1.00
2018.03.21 13:42:50.630,1.82443,1.82469,1.00,1.00
2018.03.21 13:42:51.066,1.8244,1.82469,1.00,1.00
2018.03.21 13:42:51.117,1.82439,1.82467,1.00,1.00
2018.03.21 13:42:51.432,1.82429,1.82457,1.00,1.00
2018.03.21 13:42:51.932,1.8243,1.82456,1.00,1.00
2018.03.21 13:42:51.996,1.82428,1.82455,1.00,1.00
2018.03.21 13:42:52.877,1.82429,1.82457,1.00,1.00
2018.03.21 13:42:53.232,1.82427,1.82456,1.00,1.00
2018.03.21 13:42:53.892,1.8243,1.82456,1.00,1.00
2018.03.21 13:42:56.881,1.8243,1.82458,1.00,1.00
2018.03.21 13:42:57.553,1.82432,1.8246,1.00,1.00
2018.03.21 13:42:57.759,1.82444,1.82473,1.00,1.00
2018.03.21 13:42:57.811,1.82448,1.82474,1.00,1.00
2018.03.21 13:42:57.865,1.82448,1.82477,1.00,1.00
2018.03.21 13:42:57.916,1.82452,1.82479,1.00,1.00
2018.03.21 13:42:57.967,1.82455,1.82483,1.00,1.50
2018.03.21 13:42:58.018,1.82457,1.82483,1.00,1.50
2018.03.21 13:42:58.255,1.82455,1.82483,1.00,1.00
2018.03.21 13:42:58.358,1.82457,1.82483,1.00,1.00
2018.03.21 13:42:58.409,1.82458,1.82485,1.00,1.00
2018.03.21 13:42:58.612,1.82456,1.82484,1.00,1.00
2018.03.21 13:42:58.967,1.82456,1.82482,1.00,1.00
2018.03.21 13:42:59.634,1.82456,1.82484,1.00,1.00
2018.03.21 13:42:59.788,1.82453,1.82482,1.00,1.00
2018.03.21 13:43:00.123,1.82453,1.82479,1.00,1.00
2018.03.21 13:43:00.645,1.82449,1.82475,1.00,1.00
2018.03.21 13:43:02.886,1.82449,1.82477,1.00,1.00
2018.03.21 13:43:04.888,1.82453,1.82479,1.00,1.00
2018.03.21 13:43:05.058,1.82455,1.82483,1.00,1.00
2018.03.21 13:43:05.313,1.82455,1.82481,1.00,1.00
2018.03.21 13:43:05.396,1.82452,1.8248,1.00,1.00
2018.03.21 13:43:05.740,1.82454,1.82482,1.00,1.50
2018.03.21 13:43:06.058,1.82473,1.82499,1.00,1.00
2018.03.21 13:43:06.109,1.8247,1.82499,1.00,1.00
2018.03.21 13:43:06.620,1.82472,1.825,1.00,1.50
2018.03.21 13:43:08.714,1.82473,1.82501,1.00,1.50
2018.03.21 13:43:09.016,1.82478,1.82505,1.00,1.00
2018.03.21 13:43:09.119,1.82472,1.825,1.00,1.00
2018.03.21 13:43:10.163,1.82475,1.82503,1.00,1.00
2018.03.21 13:43:10.526,1.82477,1.82505,1.00,1.00
2018.03.21 13:43:10.832,1.82474,1.82502,1.00,1.00
2018.03.21 13:43:11.372,1.82475,1.82504,1.00,1.00
2018.03.21 13:43:11.645,1.82472,1.82499,1.00,1.00
2018.03.21 13:43:11.985,1.82474,1.825,1.00,1.00
2018.03.21 13:43:12.137,1.82471,1.825,1.00,1.00
2018.03.21 13:43:12.630,1.82473,1.82501,1.12,1.00
2018.03.21 13:43:12.934,1.82481,1.82509,1.00,1.00
2018.03.21 13:43:13.235,1.82477,1.82505,1.00,1.00
2018.03.21 13:43:13.538,1.82473,1.82501,1.00,1.00
2018.03.21 13:43:13.863,1.82477,1.82505,1.00,2.25
2018.03.21 13:43:14.400,1.8248,1.82507,1.00,1.00
2018.03.21 13:43:14.451,1.82478,1.82506,1.00,1.00
2018.03.21 13:43:15.734,1.82477,1.82505,1.00,1.00
2018.03.21 13:43:16.245,1.82478,1.82506,1.00,1.50
2018.03.21 13:43:16.761,1.82477,1.82505,1.00,1.00
2018.03.21 13:43:17.436,1.82479,1.82505,1.00,1.00
2018.03.21 13:43:17.981,1.82484,1.82509,1.00,1.00
2018.03.21 13:43:18.244,1.82483,1.82511,1.00,1.00
2018.03.21 13:43:18.398,1.82481,1.8251,1.00,1.00
2018.03.21 13:43:18.550,1.8248,1.82508,1.00,1.00
2018.03.21 13:43:19.257,1.82482,1.82508,1.00,1.00
2018.03.21 13:43:19.630,1.8248,1.82508,1.00,1.00
2018.03.21 13:43:19.947,1.82477,1.82503,1.00,1.00
2018.03.21 13:43:20.149,1.82475,1.82503,1.00,1.00
2018.03.21 13:43:21.289,1.8247,1.82498,1.00,1.00
2018.03.21 13:43:21.596,1.82468,1.82494,1.00,1.00
2018.03.21 13:43:22.628,1.82469,1.82496,1.00,1.00
2018.03.21 13:43:24.731,1.82467,1.82495,1.00,1.00
2018.03.21 13:43:24.976,1.82467,1.82493,1.00,1.00
2018.03.21 13:43:25.079,1.82462,1.82489,1.00,1.00
2018.03.21 13:43:25.130,1.82458,1.82482,1.00,1.00
2018.03.21 13:43:25.182,1.82455,1.82483,1.00,1.00
2018.03.21 13:43:25.489,1.82458,1.82484,1.00,1.00
2018.03.21 13:43:25.824,1.82459,1.82486,1.00,1.00
2018.03.21 13:43:26.259,1.82456,1.82483,1.00,1.00
2018.03.21 13:43:26.310,1.8245,1.82478,1.00,1.00
2018.03.21 13:43:26.362,1.82451,1.8248,1.00,1.00
2018.03.21 13:43:26.555,1.82461,1.82488,1.00,1.00
2018.03.21 13:43:26.657,1.82459,1.82487,1.00,1.00
2018.03.21 13:43:27.160,1.8246,1.82486,1.00,1.00
2018.03.21 13:43:27.597,1.82461,1.82488,1.00,1.00
2018.03.21 13:43:29.241,1.82464,1.82492,1.00,1.00
2018.03.21 13:43:29.343,1.82471,1.82496,1.00,1.00
2018.03.21 13:43:29.394,1.82469,1.82495,1.00,1.00
2018.03.21 13:43:29.445,1.82473,1.82499,1.00,1.00
2018.03.21 13:43:29.642,1.82473,1.82502,1.00,1.00
2018.03.21 13:43:29.693,1.82473,1.82499,1.00,1.00
2018.03.21 13:43:29.847,1.82473,1.82501,1.00,1.00
2018.03.21 13:43:30.378,1.82472,1.825,1.00,1.00
2018.03.21 13:43:30.961,1.82471,1.82498,1.00,1.00
2018.03.21 13:43:31.013,1.82469,1.82497,1.00,1.00
2018.03.21 13:43:31.064,1.82469,1.82495,1.00,1.00
2018.03.21 13:43:31.166,1.82469,1.82498,1.00,1.00
2018.03.21 13:43:31.217,1.82472,1.82501,1.00,1.00
2018.03.21 13:43:31.541,1.82474,1.82502,1.00,1.00
2018.03.21 13:43:31.847,1.8248,1.82508,1.00,1.50
2018.03.21 13:43:31.898,1.82477,1.82506,1.00,1.00
2018.03.21 13:43:32.564,1.82479,1.82507,1.00,1.00
2018.03.21 13:43:33.096,1.8248,1.82508,1.00,1.00
2018.03.21 13:43:33.543,1.8248,1.82506,1.00,1.00
2018.03.21 13:43:33.645,1.82477,1.82504,1.00,1.00
2018.03.21 13:43:33.747,1.82475,1.82503,1.00,1.00
2018.03.21 13:43:33.849,1.82474,1.82501,1.00,1.00
2018.03.21 13:43:35.025,1.82474,1.82502,1.00,1.00
2018.03.21 13:43:35.366,1.8247,1.82498,1.00,1.00
2018.03.21 13:43:36.461,1.82469,1.82497,1.00,1.00
2018.03.21 13:43:36.791,1.82462,1.82488,1.00,1.00
2018.03.21 13:43:36.842,1.82462,1.82491,1.00,1.00
2018.03.21 13:43:36.893,1.82461,1.82489,1.00,1.00
2018.03.21 13:43:37.464,1.82461,1.82487,1.00,1.00
2018.03.21 13:43:39.286,1.82458,1.82487,1.00,1.00
2018.03.21 13:43:39.337,1.82457,1.82485,1.00,1.00
2018.03.21 13:43:40.510,1.82456,1.82484,1.00,1.00
2018.03.21 13:43:41.112,1.82457,1.82485,1.00,1.00
2018.03.21 13:43:41.164,1.82458,1.82487,1.00,1.00
2018.03.21 13:43:41.544,1.8246,1.82488,1.00,1.00
2018.03.21 13:43:42.582,1.8246,1.82489,1.00,1.50
2018.03.21 13:43:42.729,1.82457,1.82487,1.00,1.00
2018.03.21 13:43:42.781,1.82455,1.82484,1.00,1.00
2018.03.21 13:43:42.842,1.82456,1.82486,1.00,1.00
2018.03.21 13:43:42.893,1.82458,1.82487,1.00,1.00
2018.03.21 13:43:43.196,1.8246,1.82487,1.00,1.00
2018.03.21 13:43:43.951,1.82457,1.82488,1.00,1.00
2018.03.21 13:43:44.287,1.82454,1.82484,1.00,1.00
2018.03.21 13:43:44.791,1.82454,1.82483,1.00,1.00
2018.03.21 13:43:45.293,1.82454,1.82484,1.00,1.00
2018.03.21 13:43:46.435,1.82454,1.82482,1.00,1.00
2018.03.21 13:43:46.702,1.82455,1.82484,1.00,1.00
2018.03.21 13:43:46.861,1.82458,1.82485,1.00,1.00
2018.03.21 13:43:46.912,1.8246,1.82488,1.00,1.25
2018.03.21 13:43:46.963,1.82461,1.8249,1.00,1.50
2018.03.21 13:43:47.014,1.8246,1.82488,1.00,1.00
2018.03.21 13:43:47.219,1.8246,1.8249,1.00,1.50
2018.03.21 13:43:47.765,1.82461,1.82491,1.00,1.50
2018.03.21 13:43:48.174,1.8246,1.82489,1.00,1.00
2018.03.21 13:43:48.490,1.82461,1.82491,1.00,1.00
2018.03.21 13:43:48.643,1.82463,1.82489,1.00,1.00
2018.03.21 13:43:48.847,1.82461,1.82488,1.00,1.00
2018.03.21 13:43:48.898,1.8246,1.8249,1.00,1.00
2018.03.21 13:43:49.975,1.82461,1.82492,1.00,1.50
2018.03.21 13:43:50.128,1.82462,1.82489,1.00,1.00
2018.03.21 13:43:50.363,1.82447,1.82475,1.00,1.00
2018.03.21 13:43:50.414,1.82445,1.82474,1.00,1.50
2018.03.21 13:43:50.465,1.82444,1.82464,1.00,1.00
2018.03.21 13:43:50.517,1.82432,1.82461,2.25,1.00
2018.03.21 13:43:50.569,1.82435,1.82461,1.00,1.00
2018.03.21 13:43:50.620,1.82435,1.82463,1.00,1.00
2018.03.21 13:43:50.671,1.82433,1.82463,1.00,1.00
2018.03.21 13:43:50.988,1.82436,1.82463,1.00,1.00
2018.03.21 13:43:52.932,1.82437,1.82463,1.00,1.00
2018.03.21 13:43:53.310,1.82437,1.82465,1.00,1.00
2018.03.21 13:43:53.372,1.82435,1.82464,1.50,1.00
2018.03.21 13:43:53.648,1.82436,1.82466,1.00,1.00
2018.03.21 13:43:54.584,1.82439,1.82464,1.25,1.00
2018.03.21 13:43:54.635,1.82443,1.82473,1.00,1.37
2018.03.21 13:43:54.782,1.82447,1.82476,1.00,1.00
2018.03.21 13:43:55.367,1.82448,1.82477,1.00,1.50
2018.03.21 13:43:55.940,1.82449,1.82477,1.00,1.50
2018.03.21 13:43:58.859,1.82449,1.82476,1.00,1.00
2018.03.21 13:43:59.387,1.82449,1.82477,1.00,1.00
2018.03.21 13:43:59.641,1.82438,1.82467,1.00,1.50
2018.03.21 13:44:00.131,1.82441,1.82468,1.00,1.00
2018.03.21 13:44:00.708,1.82441,1.82467,1.00,1.50
2018.03.21 13:44:01.206,1.82438,1.82467,1.00,1.00
2018.03.21 13:44:01.358,1.82437,1.82465,1.00,1.00
2018.03.21 13:44:01.707,1.82437,1.82463,1.00,1.00
2018.03.21 13:44:02.197,1.82434,1.82463,1.25,1.00
2018.03.21 13:44:02.299,1.82437,1.82465,1.00,1.00
2018.03.21 13:44:03.398,1.82439,1.82466,1.00,1.00
2018.03.21 13:44:05.088,1.82437,1.82465,1.00,1.00
2018.03.21 13:44:05.309,1.82437,1.82463,1.00,1.00
2018.03.21 13:44:06.186,1.82438,1.82464,1.00,1.00
2018.03.21 13:44:07.681,1.82441,1.82467,1.00,1.00
2018.03.21 13:44:08.137,1.82441,1.82469,1.00,1.00
2018.03.21 13:44:08.921,1.82437,1.82465,1.00,1.00
2018.03.21 13:44:09.404,1.82438,1.82467,1.00,1.00
2018.03.21 13:44:09.951,1.82441,1.82467,1.00,1.00
2018.03.21 13:44:10.142,1.82441,1.82469,1.00,1.00
2018.03.21 13:44:10.509,1.8244,1.82466,1.00,1.00
2018.03.21 13:44:11.054,1.82441,1.82467,1.00,1.00
2018.03.21 13:44:11.268,1.82437,1.82466,1.00,2.25
2018.03.21 13:44:11.370,1.82437,1.82463,1.00,1.00
2018.03.21 13:44:11.522,1.82437,1.82466,1.00,1.00
2018.03.21 13:44:11.726,1.82439,1.82466,1.00,1.00
2018.03.21 13:44:13.002,1.82438,1.82465,1.00,1.00
2018.03.21 13:44:13.476,1.8244,1.82466,1.00,1.00
2018.03.21 13:44:14.399,1.82441,1.82467,1.00,1.00
2018.03.21 13:44:16.517,1.82443,1.82471,1.00,1.50
2018.03.21 13:44:16.568,1.82447,1.82472,1.00,1.00
2018.03.21 13:44:16.923,1.82447,1.82475,1.00,1.00
2018.03.21 13:44:17.518,1.82447,1.82473,1.00,1.00
2018.03.21 13:44:17.569,1.82446,1.82475,1.00,1.00
2018.03.21 13:44:17.621,1.82445,1.82473,1.00,1.00
2018.03.21 13:44:17.672,1.82443,1.82472,1.00,1.00
2018.03.21 13:44:17.723,1.82443,1.82469,1.00,1.00
2018.03.21 13:44:17.774,1.8244,1.82469,1.00,1.00
2018.03.21 13:44:17.952,1.82435,1.82464,1.00,1.00
2018.03.21 13:44:18.256,1.82438,1.82467,1.00,1.00
2018.03.21 13:44:18.825,1.82438,1.82466,1.00,1.00
2018.03.21 13:44:19.132,1.82437,1.82464,1.00,1.00
2018.03.21 13:44:19.234,1.82435,1.82464,1.00,1.00
2018.03.21 13:44:19.559,1.82437,1.82464,1.00,1.00
2018.03.21 13:44:19.661,1.82437,1.82466,1.00,1.00
2018.03.21 13:44:20.805,1.82439,1.82466,1.00,1.00
2018.03.21 13:44:21.535,1.82438,1.82465,1.00,1.00
2018.03.21 13:44:21.586,1.82435,1.82464,1.00,1.00
2018.03.21 13:44:22.152,1.82435,1.82463,1.00,1.00
2018.03.21 13:44:22.328,1.82436,1.82465,1.00,1.00
2018.03.21 13:44:22.826,1.82432,1.82461,1.50,1.00
2018.03.21 13:44:23.030,1.82425,1.82455,1.69,1.00
2018.03.21 13:44:23.133,1.82425,1.82452,1.00,1.00
2018.03.21 13:44:23.682,1.82425,1.82455,1.25,1.00
2018.03.21 13:44:24.214,1.82425,1.82455,2.81,1.00
2018.03.21 13:44:24.721,1.82425,1.82455,1.00,1.00
2018.03.21 13:44:24.771,1.82425,1.82452,1.00,1.00
2018.03.21 13:44:25.126,1.82422,1.8245,1.00,1.00
2018.03.21 13:44:25.228,1.82421,1.82448,1.00,1.00
2018.03.21 13:44:25.372,1.82423,1.82452,1.00,1.00
2018.03.21 13:44:25.888,1.82427,1.82455,1.25,1.00
2018.03.21 13:44:26.041,1.82431,1.8246,1.00,1.00
2018.03.21 13:44:26.212,1.82433,1.82462,1.00,1.00
2018.03.21 13:44:26.620,1.82432,1.8246,1.00,1.00
2018.03.21 13:44:26.722,1.8243,1.82459,1.00,1.00
2018.03.21 13:44:26.966,1.82431,1.82457,1.00,1.00
2018.03.21 13:44:27.376,1.82429,1.82458,1.50,1.00
2018.03.21 13:44:27.701,1.82428,1.82456,1.00,1.00
2018.03.21 13:44:27.826,1.82426,1.82455,1.00,1.00
2018.03.21 13:44:28.565,1.82425,1.82455,1.50,1.00
2018.03.21 13:44:28.675,1.82426,1.82457,1.00,1.00
2018.03.21 13:44:28.927,1.82425,1.82454,1.50,1.00
2018.03.21 13:44:29.534,1.82424,1.82453,1.50,1.00
2018.03.21 13:44:29.877,1.82426,1.82453,1.00,1.00
2018.03.21 13:44:29.928,1.82423,1.82453,1.00,1.00
2018.03.21 13:44:29.980,1.82422,1.82447,1.00,1.00
2018.03.21 13:44:30.081,1.82414,1.82441,2.62,1.00
2018.03.21 13:44:30.611,1.82414,1.82442,1.00,1.00
2018.03.21 13:44:30.662,1.82414,1.82439,1.00,1.00
2018.03.21 13:44:31.126,1.82414,1.82442,1.50,1.00
2018.03.21 13:44:31.430,1.82416,1.82443,1.00,1.00
2018.03.21 13:44:31.860,1.8242,1.82449,1.31,1.00
2018.03.21 13:44:31.912,1.82422,1.82452,1.00,1.00
2018.03.21 13:44:32.250,1.82421,1.82449,1.00,1.00
2018.03.21 13:44:32.454,1.82419,1.82448,2.25,1.00
2018.03.21 13:44:32.585,1.82421,1.82449,1.00,1.00
2018.03.21 13:44:32.891,1.82418,1.82442,1.00,1.00
2018.03.21 13:44:32.942,1.82418,1.82446,1.00,1.00
2018.03.21 13:44:33.392,1.82417,1.82444,1.00,1.00
2018.03.21 13:44:33.715,1.8242,1.82447,1.00,1.00
2018.03.21 13:44:34.073,1.82421,1.82449,1.00,1.00
2018.03.21 13:44:34.383,1.82422,1.82451,1.00,1.00
2018.03.21 13:44:35.977,1.82421,1.82449,1.00,1.00
2018.03.21 13:44:36.506,1.82421,1.82449,1.31,1.00
2018.03.21 13:44:36.712,1.82422,1.82451,1.00,1.00
2018.03.21 13:44:37.299,1.82424,1.82452,1.00,1.00
2018.03.21 13:44:37.603,1.82428,1.82456,1.00,1.00
2018.03.21 13:44:37.755,1.82426,1.82455,1.00,1.00
2018.03.21 13:44:38.245,1.82424,1.82449,1.00,1.00
2018.03.21 13:44:38.449,1.82417,1.82444,1.00,1.00
2018.03.21 13:44:38.501,1.82416,1.82439,1.50,1.00
2018.03.21 13:44:38.657,1.82404,1.82431,1.50,1.00
2018.03.21 13:44:38.890,1.82399,1.82425,1.50,1.00
2018.03.21 13:44:39.042,1.82398,1.82427,1.00,1.00
2018.03.21 13:44:39.725,1.82399,1.82426,1.00,1.00
2018.03.21 13:44:39.827,1.82395,1.82423,1.50,1.00
2018.03.21 13:44:39.929,1.82394,1.8242,1.50,1.00
2018.03.21 13:44:40.322,1.82398,1.82423,1.00,1.00
2018.03.21 13:44:40.474,1.82398,1.82425,1.50,1.00
2018.03.21 13:44:41.011,1.82396,1.82422,1.00,1.00
2018.03.21 13:44:41.323,1.82393,1.82419,1.00,1.00
2018.03.21 13:44:41.566,1.82391,1.82419,1.25,1.00
2018.03.21 13:44:41.878,1.82393,1.8242,1.00,1.00
2018.03.21 13:44:42.387,1.82393,1.82419,1.00,1.00
2018.03.21 13:44:42.691,1.82398,1.82423,1.00,1.00
2018.03.21 13:44:42.742,1.824,1.82428,1.00,1.00
2018.03.21 13:44:43.079,1.82402,1.82428,1.00,1.00
2018.03.21 13:44:43.130,1.82402,1.82431,1.00,1.00
2018.03.21 13:44:43.334,1.82404,1.82432,1.00,1.00
2018.03.21 13:44:44.973,1.82405,1.82433,1.00,1.00
2018.03.21 13:44:45.326,1.82405,1.82431,1.00,1.00
2018.03.21 13:44:45.442,1.82402,1.82431,1.00,1.00
2018.03.21 13:44:48.454,1.82401,1.82429,1.00,1.00
2018.03.21 13:44:48.505,1.82398,1.82427,1.00,1.00
2018.03.21 13:44:49.004,1.82401,1.82427,1.00,1.00
2018.03.21 13:44:49.256,1.82401,1.82429,1.50,1.00
2018.03.21 13:44:49.307,1.82405,1.82431,1.00,1.00
2018.03.21 13:44:49.519,1.82402,1.82431,1.50,1.00
2018.03.21 13:44:49.570,1.82404,1.82432,1.00,1.00
2018.03.21 13:44:49.723,1.82405,1.82434,2.25,1.00
2018.03.21 13:44:49.889,1.82405,1.82432,1.50,1.00
2018.03.21 13:44:50.586,1.82404,1.82432,1.50,1.00
2018.03.21 13:44:50.965,1.82406,1.82433,1.00,1.00
2018.03.21 13:44:52.532,1.82408,1.82433,1.00,1.00
2018.03.21 13:44:52.583,1.82408,1.82435,1.00,1.00
2018.03.21 13:44:53.108,1.82407,1.82435,1.00,1.00
2018.03.21 13:44:55.975,1.82408,1.82436,1.00,1.00
2018.03.21 13:44:56.200,1.824,1.82429,1.00,1.00
2018.03.21 13:44:56.474,1.82399,1.82427,1.00,1.00
2018.03.21 13:44:57.209,1.82398,1.82426,1.00,1.00
2018.03.21 13:44:58.660,1.82398,1.82426,2.06,1.00
2018.03.21 13:44:58.837,1.82404,1.82432,3.00,1.00
2018.03.21 13:44:58.889,1.82404,1.82428,1.00,2.06
2018.03.21 13:44:58.940,1.82401,1.82425,1.00,1.00
2018.03.21 13:44:58.991,1.82401,1.82421,1.00,1.00
2018.03.21 13:44:59.042,1.82401,1.82425,1.00,1.00
2018.03.21 13:44:59.143,1.82401,1.82423,1.00,1.00
2018.03.21 13:44:59.245,1.82397,1.82423,2.25,1.00
2018.03.21 13:44:59.418,1.82395,1.82423,1.00,1.50
2018.03.21 13:44:59.538,1.82396,1.82425,1.00,1.00
2018.03.21 13:44:59.590,1.82393,1.82422,1.00,1.00
2018.03.21 13:45:00.101,1.82394,1.82422,1.00,1.00
2018.03.21 13:45:00.411,1.82406,1.8243,1.00,1.00
2018.03.21 13:45:00.462,1.82403,1.82431,1.00,1.00
2018.03.21 13:45:00.821,1.82405,1.82431,1.00,1.00
2018.03.21 13:45:00.873,1.82406,1.82433,1.00,1.00
2018.03.21 13:45:01.017,1.82413,1.82439,1.00,1.00
2018.03.21 13:45:01.068,1.82415,1.82442,1.00,1.00
2018.03.21 13:45:01.119,1.82423,1.82443,1.00,1.00
2018.03.21 13:45:01.170,1.82417,1.82445,2.25,2.25
2018.03.21 13:45:01.473,1.82415,1.82443,1.50,1.00
2018.03.21 13:45:01.647,1.82412,1.82441,1.50,1.00
2018.03.21 13:45:01.770,1.8242,1.82441,1.00,1.00
2018.03.21 13:45:02.179,1.82415,1.82441,1.50,1.00
2018.03.21 13:45:02.440,1.82413,1.8244,1.50,1.00
2018.03.21 13:45:02.565,1.82413,1.82438,1.00,1.00
2018.03.21 13:45:02.618,1.8241,1.82438,1.00,1.00
2018.03.21 13:45:02.720,1.82412,1.82438,1.00,1.00
2018.03.21 13:45:03.025,1.82417,1.82443,1.00,1.00
2018.03.21 13:45:03.331,1.82417,1.82446,3.00,1.00
2018.03.21 13:45:03.586,1.82419,1.82447,1.00,1.25
2018.03.21 13:45:03.760,1.82422,1.82451,1.00,1.00
2018.03.21 13:45:03.811,1.82421,1.82449,1.00,1.00
2018.03.21 13:45:03.862,1.82422,1.82451,1.00,1.00
2018.03.21 13:45:03.914,1.82425,1.82453,1.00,1.00
2018.03.21 13:45:04.218,1.82423,1.8245,1.00,1.00
2018.03.21 13:45:05.252,1.82424,1.82452,1.00,1.50
2018.03.21 13:45:05.354,1.82421,1.8245,1.00,1.00
2018.03.21 13:45:05.508,1.82423,1.82451,1.00,1.00
2018.03.21 13:45:06.084,1.82424,1.82452,1.00,1.25
2018.03.21 13:45:06.620,1.82423,1.82451,1.00,1.00
2018.03.21 13:45:07.131,1.82424,1.82453,1.00,1.50
2018.03.21 13:45:07.181,1.8243,1.82457,1.00,1.00
2018.03.21 13:45:07.487,1.82427,1.82455,1.00,1.00
2018.03.21 13:45:07.707,1.82425,1.82454,1.00,1.00
2018.03.21 13:45:07.814,1.82424,1.82452,1.00,1.00
2018.03.21 13:45:08.658,1.82426,1.82453,1.00,1.00
2018.03.21 13:45:08.847,1.82424,1.82452,1.00,1.00
2018.03.21 13:45:09.347,1.82428,1.82454,1.00,1.00
2018.03.21 13:45:10.715,1.82425,1.82454,1.00,1.00
2018.03.21 13:45:10.817,1.82425,1.82451,1.00,1.00
2018.03.21 13:45:11.185,1.82423,1.8245,1.00,1.00
2018.03.21 13:45:12.493,1.82422,1.82448,1.00,1.00
2018.03.21 13:45:12.930,1.82424,1.82452,1.00,1.00
2018.03.21 13:45:12.981,1.82426,1.82453,1.00,1.00
2018.03.21 13:45:13.809,1.82424,1.82452,1.00,1.00
2018.03.21 13:45:14.198,1.82426,1.82453,1.00,1.00
2018.03.21 13:45:15.997,1.82427,1.82455,1.00,1.00
2018.03.21 13:45:18.067,1.82429,1.82455,1.00,1.00
2018.03.21 13:45:18.118,1.82429,1.82458,1.00,1.00
2018.03.21 13:45:18.434,1.82432,1.82458,1.00,1.00
2018.03.21 13:45:18.823,1.8243,1.82458,1.00,1.00
2018.03.21 13:45:21.830,1.82427,1.82453,1.00,1.00
2018.03.21 13:45:22.343,1.82429,1.82455,1.00,1.00
2018.03.21 13:45:22.548,1.82427,1.82455,1.00,1.00
2018.03.21 13:45:22.651,1.82429,1.82455,1.00,1.00
2018.03.21 13:45:23.016,1.82427,1.82455,1.00,1.00
2018.03.21 13:45:23.543,1.82425,1.82454,1.00,1.00
2018.03.21 13:45:23.645,1.82427,1.82455,1.00,1.00
2018.03.21 13:45:23.992,1.82423,1.82451,1.00,1.00
2018.03.21 13:45:24.196,1.82428,1.82457,1.00,1.50
2018.03.21 13:45:26.164,1.82431,1.82457,1.00,1.00
2018.03.21 13:45:26.457,1.82429,1.82456,1.00,1.00
2018.03.21 13:45:26.666,1.82427,1.82455,1.00,1.00
2018.03.21 13:45:27.081,1.82424,1.8245,1.00,1.00
2018.03.21 13:45:27.132,1.82421,1.8245,1.50,1.00
2018.03.21 13:45:27.182,1.82424,1.8245,1.00,1.00
2018.03.21 13:45:27.707,1.82425,1.82451,1.00,1.00
2018.03.21 13:45:28.250,1.82426,1.82453,1.00,1.00
2018.03.21 13:45:28.301,1.82424,1.8245,1.00,1.00
2018.03.21 13:45:29.179,1.82424,1.82452,1.00,1.00
2018.03.21 13:45:29.735,1.82425,1.82453,1.00,1.00
2018.03.21 13:45:29.980,1.82425,1.82451,1.00,1.00
2018.03.21 13:45:30.518,1.82425,1.82453,1.00,1.00
2018.03.21 13:45:31.509,1.82425,1.82451,1.00,1.00
2018.03.21 13:45:31.818,1.82422,1.82451,1.00,1.00
2018.03.21 13:45:32.807,1.82421,1.82449,1.00,1.00
2018.03.21 13:45:33.233,1.82421,1.82447,1.00,1.00
2018.03.21 13:45:34.687,1.82419,1.82447,1.50,1.00
2018.03.21 13:45:35.334,1.8242,1.82448,1.00,1.00
2018.03.21 13:45:37.504,1.82419,1.82447,1.00,1.00
2018.03.21 13:45:38.076,1.82421,1.82447,1.00,1.00
2018.03.21 13:45:41.940,1.82421,1.82449,1.00,1.50
2018.03.21 13:45:42.147,1.82423,1.82451,1.00,1.00
2018.03.21 13:45:42.454,1.82427,1.82452,1.00,1.00
2018.03.21 13:45:42.657,1.82426,1.82454,1.00,1.00
2018.03.21 13:45:42.756,1.82426,1.82452,1.00,1.00
2018.03.21 13:45:43.345,1.82426,1.82451,1.00,1.00
2018.03.21 13:45:43.654,1.82428,1.82451,1.00,1.00
2018.03.21 13:45:44.182,1.82428,1.82452,1.00,1.00
2018.03.21 13:45:44.843,1.82428,1.82451,1.00,1.00
2018.03.21 13:45:45.344,1.82427,1.82452,1.00,1.00
2018.03.21 13:45:46.614,1.82427,1.82455,1.00,1.00
2018.03.21 13:45:48.070,1.82426,1.82454,1.00,1.00
2018.03.21 13:45:49.076,1.82427,1.8245,1.00,1.00
2018.03.21 13:45:49.178,1.82423,1.82451,1.00,2.25
2018.03.21 13:45:49.331,1.82425,1.82451,1.00,2.25
2018.03.21 13:45:49.432,1.82423,1.8245,1.00,1.00
2018.03.21 13:45:50.400,1.82423,1.82451,1.00,1.50
2018.03.21 13:45:50.553,1.82425,1.82454,1.00,1.00
2018.03.21 13:45:50.662,1.82428,1.82454,1.00,1.00
2018.03.21 13:45:52.908,1.82423,1.82451,1.00,1.00
2018.03.21 13:45:52.959,1.82422,1.82448,1.00,1.00
2018.03.21 13:45:53.212,1.8241,1.82437,1.00,1.00
2018.03.21 13:45:53.717,1.82411,1.82437,1.00,1.00
2018.03.21 13:45:53.852,1.82409,1.82437,1.00,1.00
2018.03.21 13:45:54.396,1.82406,1.82434,1.00,1.00
2018.03.21 13:45:54.701,1.82404,1.8243,1.00,1.56
2018.03.21 13:45:54.768,1.82401,1.8243,1.00,1.56
2018.03.21 13:45:55.250,1.82399,1.82427,1.00,1.00
2018.03.21 13:45:55.353,1.82405,1.82431,1.00,1.00
2018.03.21 13:45:55.456,1.82403,1.82432,1.00,2.81
2018.03.21 13:45:55.599,1.824,1.82429,1.00,1.00
2018.03.21 13:45:55.650,1.82399,1.82427,1.00,1.00
2018.03.21 13:45:56.077,1.82397,1.82425,1.00,1.00
2018.03.21 13:45:56.599,1.82398,1.82426,1.00,1.00
2018.03.21 13:45:57.142,1.82399,1.82425,1.00,1.00
2018.03.21 13:45:57.225,1.82399,1.82427,1.00,1.00
2018.03.21 13:45:57.463,1.82401,1.82428,1.00,1.00
2018.03.21 13:45:57.564,1.82404,1.82432,1.00,1.50
2018.03.21 13:45:57.716,1.82402,1.8243,1.00,1.00
2018.03.21 13:45:58.191,1.824,1.82426,1.00,1.00
2018.03.21 13:45:59.093,1.82404,1.82432,1.50,1.00
2018.03.21 13:45:59.144,1.82408,1.82436,1.00,1.00
2018.03.21 13:45:59.466,1.82402,1.82429,1.50,1.00
2018.03.21 13:45:59.771,1.824,1.82428,1.00,1.00
2018.03.21 13:46:00.009,1.82402,1.82428,1.00,1.00
2018.03.21 13:46:00.061,1.82404,1.82432,1.50,1.00
2018.03.21 13:46:00.115,1.82406,1.82435,1.00,1.50
2018.03.21 13:46:00.267,1.82405,1.82433,2.25,1.00
2018.03.21 13:46:00.594,1.82401,1.82429,1.00,1.00
2018.03.21 13:46:00.899,1.82405,1.82431,1.00,1.00
2018.03.21 13:46:01.457,1.82402,1.82431,1.00,1.00
2018.03.21 13:46:01.560,1.82404,1.82431,1.00,1.00
2018.03.21 13:46:01.713,1.82407,1.82435,1.00,1.00
2018.03.21 13:46:01.815,1.8241,1.82438,1.00,1.50
2018.03.21 13:46:01.916,1.82412,1.82441,1.00,1.00
2018.03.21 13:46:01.967,1.82415,1.82441,1.00,1.00
2018.03.21 13:46:03.129,1.82416,1.82442,1.00,1.00
2018.03.21 13:46:03.231,1.82416,1.82445,1.00,1.00
2018.03.21 13:46:03.283,1.82419,1.82447,1.00,1.50
2018.03.21 13:46:03.614,1.82421,1.8245,1.00,1.00
2018.03.21 13:46:03.666,1.82421,1.82448,1.00,1.00
2018.03.21 13:46:03.972,1.8242,1.82446,1.00,1.00
2018.03.21 13:46:04.125,1.82422,1.8245,1.00,1.00
2018.03.21 13:46:04.277,1.8242,1.82449,1.00,1.00
2018.03.21 13:46:04.492,1.82418,1.82446,1.00,1.00
2018.03.21 13:46:04.644,1.82411,1.8244,1.00,1.00
2018.03.21 13:46:04.696,1.82417,1.82445,1.00,1.50
2018.03.21 13:46:05.271,1.82418,1.82446,1.00,1.00
2018.03.21 13:46:05.574,1.82419,1.82448,1.00,1.00
2018.03.21 13:46:05.625,1.8242,1.82445,1.00,1.00
2018.03.21 13:46:05.727,1.82421,1.82449,1.00,1.50
2018.03.21 13:46:06.248,1.8242,1.82448,1.00,1.00
2018.03.21 13:46:06.299,1.82418,1.82445,1.00,1.00
2018.03.21 13:46:06.653,1.8242,1.82445,1.00,1.00
2018.03.21 13:46:06.983,1.82417,1.82445,1.00,1.00
2018.03.21 13:46:07.084,1.82421,1.82449,1.00,1.00
2018.03.21 13:46:07.388,1.82425,1.82452,1.00,1.00
2018.03.21 13:46:07.929,1.82425,1.82451,1.00,1.00
2018.03.21 13:46:08.751,1.82425,1.82452,1.00,1.00
2018.03.21 13:46:09.774,1.82424,1.82452,1.00,1.50
2018.03.21 13:46:10.320,1.82424,1.82451,1.00,1.00
2018.03.21 13:46:10.638,1.82421,1.82447,1.00,1.00
2018.03.21 13:46:10.949,1.82423,1.82447,1.00,1.00
2018.03.21 13:46:11.321,1.82421,1.82448,1.00,2.25
2018.03.21 13:46:11.524,1.82422,1.82451,1.00,1.00
2018.03.21 13:46:11.575,1.82426,1.82452,1.00,1.00
2018.03.21 13:46:11.956,1.82424,1.82452,1.00,1.00
2018.03.21 13:46:12.462,1.82423,1.8245,1.00,1.00
2018.03.21 13:46:12.790,1.82421,1.82449,1.00,1.00
2018.03.21 13:46:13.073,1.82421,1.82447,1.00,1.00
2018.03.21 13:46:13.378,1.82418,1.82447,1.00,1.00
2018.03.21 13:46:13.619,1.82417,1.82445,1.00,1.00
2018.03.21 13:46:13.929,1.82406,1.82433,1.00,1.00
2018.03.21 13:46:14.285,1.82408,1.82434,1.00,1.00
2018.03.21 13:46:14.763,1.82409,1.82437,1.00,1.50
2018.03.21 13:46:15.127,1.82407,1.82435,1.00,1.00
2018.03.21 13:46:15.648,1.82408,1.82436,1.00,1.50
2018.03.21 13:46:16.853,1.82406,1.82433,1.00,1.00
2018.03.21 13:46:17.352,1.82405,1.82431,1.00,1.00
2018.03.21 13:46:17.555,1.82405,1.82434,1.00,2.25
2018.03.21 13:46:17.788,1.82404,1.82432,1.00,1.00
2018.03.21 13:46:19.294,1.82403,1.82431,1.00,1.00
2018.03.21 13:46:19.731,1.82405,1.82429,1.00,1.00
2018.03.21 13:46:19.783,1.82401,1.82429,1.00,1.50
2018.03.21 13:46:19.886,1.82406,1.82429,1.00,1.00
2018.03.21 13:46:19.937,1.82407,1.82434,1.00,1.50
2018.03.21 13:46:20.090,1.82408,1.82436,1.00,1.00
2018.03.21 13:46:20.192,1.82406,1.82435,1.00,1.00
2018.03.21 13:46:20.608,1.82405,1.82433,1.00,1.00
2018.03.21 13:46:20.914,1.82403,1.8243,1.00,1.00
2018.03.21 13:46:21.065,1.824,1.82428,1.00,2.25
2018.03.21 13:46:21.117,1.82403,1.82427,1.00,1.00
2018.03.21 13:46:21.219,1.82404,1.82432,1.00,1.50
2018.03.21 13:46:21.372,1.82406,1.82432,1.00,1.00
2018.03.21 13:46:21.985,1.82404,1.82432,1.00,1.00
2018.03.21 13:46:22.832,1.82404,1.82431,1.00,1.00
2018.03.21 13:46:22.933,1.82402,1.82431,1.00,2.25
2018.03.21 13:46:23.640,1.82402,1.82428,1.00,1.00
2018.03.21 13:46:24.433,1.82402,1.82431,1.00,1.50
2018.03.21 13:46:24.706,1.82404,1.82431,1.00,1.00
2018.03.21 13:46:25.247,1.82404,1.82424,1.00,1.00
2018.03.21 13:46:25.298,1.824,1.82425,1.00,1.00
2018.03.21 13:46:25.450,1.82402,1.82427,1.00,1.50
2018.03.21 13:46:25.502,1.82402,1.82429,1.00,1.00
2018.03.21 13:46:25.554,1.82402,1.82427,1.00,1.00
2018.03.21 13:46:25.839,1.824,1.82427,1.00,1.50
2018.03.21 13:46:28.208,1.82402,1.82428,1.00,1.00
2018.03.21 13:46:28.656,1.82399,1.82428,1.00,2.25
2018.03.21 13:46:28.794,1.82398,1.82417,1.00,1.00
2018.03.21 13:46:28.896,1.82382,1.82409,1.50,1.00
2018.03.21 13:46:29.028,1.82379,1.82406,1.00,1.00
2018.03.21 13:46:29.334,1.82381,1.82408,1.00,1.00
2018.03.21 13:46:29.719,1.82385,1.82408,1.00,1.00
2018.03.21 13:46:29.770,1.82385,1.8241,1.00,1.00
2018.03.21 13:46:30.177,1.82384,1.82408,1.00,1.00
2018.03.21 13:46:30.625,1.82381,1.82408,1.00,1.00
2018.03.21 13:46:30.979,1.82384,1.82408,1.00,1.00
2018.03.21 13:46:31.029,1.82382,1.82408,1.00,1.00
2018.03.21 13:46:31.553,1.82381,1.82408,1.00,1.00
2018.03.21 13:46:31.918,1.8238,1.82406,1.00,1.00
2018.03.21 13:46:31.968,1.82378,1.82406,1.00,1.00
2018.03.21 13:46:32.511,1.82377,1.82405,1.00,1.00
2018.03.21 13:46:33.883,1.82378,1.82406,1.00,1.50
2018.03.21 13:46:34.396,1.82377,1.82405,1.00,1.50
2018.03.21 13:46:34.903,1.82376,1.82404,1.00,1.00
2018.03.21 13:46:34.954,1.82376,1.82401,1.00,1.00
2018.03.21 13:46:35.458,1.82376,1.82402,1.00,1.00
2018.03.21 13:46:35.987,1.82377,1.82401,1.00,1.00
2018.03.21 13:46:36.312,1.82375,1.82401,1.00,1.00
2018.03.21 13:46:36.363,1.82378,1.82402,1.00,1.00
2018.03.21 13:46:36.414,1.82375,1.82402,1.00,1.00
2018.03.21 13:46:36.736,1.82378,1.82402,1.00,1.00
2018.03.21 13:46:36.970,1.82378,1.82404,1.00,1.00
2018.03.21 13:46:37.020,1.8238,1.82406,1.00,1.50
2018.03.21 13:46:37.172,1.82378,1.82406,1.00,1.00
2018.03.21 13:46:37.223,1.82376,1.82403,1.00,1.00
2018.03.21 13:46:37.274,1.82377,1.82405,1.00,1.00
2018.03.21 13:46:37.428,1.82379,1.82407,1.00,1.00
2018.03.21 13:46:37.961,1.82377,1.82405,1.00,1.00
2018.03.21 13:46:38.064,1.82375,1.82404,1.00,2.25
2018.03.21 13:46:38.370,1.82377,1.82404,1.00,1.50
2018.03.21 13:46:38.881,1.82377,1.82403,1.00,1.50
2018.03.21 13:46:39.187,1.82375,1.82401,1.00,1.00
2018.03.21 13:46:40.286,1.82376,1.82404,1.00,2.25
2018.03.21 13:46:40.338,1.82384,1.82405,1.00,1.00
2018.03.21 13:46:40.440,1.82384,1.82407,1.00,1.00
2018.03.21 13:46:40.592,1.82381,1.8241,1.00,1.50
2018.03.21 13:46:40.644,1.82381,1.82408,1.00,1.00
2018.03.21 13:46:41.168,1.82384,1.82408,1.00,1.00
2018.03.21 13:46:41.503,1.82388,1.82402,1.00,1.00
2018.03.21 13:46:41.554,1.82377,1.82405,1.00,1.00
2018.03.21 13:46:41.606,1.82376,1.824,1.00,1.00
2018.03.21 13:46:42.143,1.82375,1.824,1.00,1.50
2018.03.21 13:46:42.817,1.82374,1.82399,1.00,1.00
2018.03.21 13:46:43.707,1.82374,1.82402,1.00,1.00
2018.03.21 13:46:43.963,1.82377,1.82403,1.00,1.50
2018.03.21 13:46:44.471,1.82376,1.82403,1.00,1.00
2018.03.21 13:46:44.967,1.82374,1.82402,1.00,1.00
2018.03.21 13:46:45.018,1.82374,1.82398,1.00,1.00
2018.03.21 13:46:45.489,1.82368,1.82397,1.00,1.00
2018.03.21 13:46:45.541,1.82367,1.82394,1.00,1.50
2018.03.21 13:46:45.693,1.8237,1.82398,1.00,2.25
2018.03.21 13:46:45.903,1.82364,1.82393,1.00,1.00
2018.03.21 13:46:45.954,1.82366,1.82394,1.00,1.50
2018.03.21 13:46:46.474,1.82366,1.82393,1.00,1.00
2018.03.21 13:46:47.021,1.82366,1.82394,1.00,1.50
2018.03.21 13:46:47.776,1.82366,1.82393,1.00,1.00
2018.03.21 13:46:47.970,1.82364,1.82393,1.00,1.50
2018.03.21 13:46:48.491,1.82363,1.82391,1.00,1.00
2018.03.21 13:46:50.079,1.82363,1.8239,1.00,1.00
2018.03.21 13:46:50.968,1.82363,1.82389,1.00,1.00
2018.03.21 13:46:51.069,1.82361,1.82389,1.00,1.00
2018.03.21 13:46:51.616,1.82361,1.8239,1.00,2.25
2018.03.21 13:46:52.638,1.82363,1.82391,1.12,1.00
2018.03.21 13:46:52.941,1.82368,1.82395,1.00,1.50
2018.03.21 13:46:53.340,1.8237,1.82394,1.00,1.00
2018.03.21 13:46:53.390,1.82367,1.82395,1.00,1.00
2018.03.21 13:46:53.542,1.82367,1.82393,1.00,1.00
2018.03.21 13:46:53.861,1.82369,1.82395,1.00,1.00
2018.03.21 13:46:54.405,1.8237,1.82395,1.00,1.00
2018.03.21 13:46:54.659,1.82373,1.824,1.00,1.50
2018.03.21 13:46:54.812,1.82376,1.824,1.00,1.00
2018.03.21 13:46:54.864,1.82378,1.82404,1.00,1.50
2018.03.21 13:46:55.035,1.82377,1.82406,1.00,1.00
2018.03.21 13:46:55.137,1.82379,1.82407,1.00,1.00
2018.03.21 13:46:55.611,1.82382,1.82408,1.00,1.50
2018.03.21 13:46:56.002,1.82386,1.82408,1.00,1.00
2018.03.21 13:46:56.053,1.82386,1.82411,1.00,1.00
2018.03.21 13:46:56.104,1.82388,1.82411,1.00,1.00
2018.03.21 13:46:56.155,1.82386,1.82412,1.00,1.00
2018.03.21 13:46:56.308,1.82388,1.82412,1.00,1.00
2018.03.21 13:46:56.614,1.8239,1.82412,1.00,1.00
2018.03.21 13:46:56.665,1.8239,1.82416,1.00,1.19
2018.03.21 13:46:56.822,1.82392,1.82416,1.00,1.00
2018.03.21 13:46:56.873,1.82395,1.82421,1.00,1.00
2018.03.21 13:46:56.976,1.82397,1.82422,1.00,2.25
2018.03.21 13:46:57.575,1.82398,1.82422,1.00,1.50
2018.03.21 13:46:57.980,1.82396,1.82421,1.00,1.00
2018.03.21 13:46:58.183,1.82394,1.82422,1.00,1.50
2018.03.21 13:46:58.394,1.82394,1.8242,1.00,1.00
2018.03.21 13:46:58.928,1.82394,1.82421,1.00,1.50
2018.03.21 13:46:59.253,1.82396,1.8242,1.00,1.00
2018.03.21 13:46:59.800,1.82397,1.82421,1.00,1.50
2018.03.21 13:46:59.953,1.82391,1.82418,1.00,1.00
2018.03.21 13:47:00.004,1.82389,1.82415,1.00,1.00
2018.03.21 13:47:00.485,1.82391,1.82415,1.00,1.00
2018.03.21 13:47:00.792,1.82393,1.82416,1.00,1.00
2018.03.21 13:47:01.014,1.82393,1.82419,1.00,1.50
2018.03.21 13:47:01.218,1.82389,1.82418,1.00,1.00
2018.03.21 13:47:01.681,1.82389,1.82416,1.00,1.00
2018.03.21 13:47:02.209,1.82388,1.82414,1.00,1.00
2018.03.21 13:47:02.865,1.82387,1.82415,1.00,1.00
2018.03.21 13:47:03.370,1.82388,1.82414,1.00,1.00
2018.03.21 13:47:03.679,1.82393,1.82416,1.00,1.50
2018.03.21 13:47:03.781,1.82395,1.82421,1.00,1.50
2018.03.21 13:47:03.832,1.82397,1.82421,1.00,1.00
2018.03.21 13:47:04.136,1.82401,1.82425,1.00,1.50
2018.03.21 13:47:05.264,1.82397,1.82425,1.00,1.00
2018.03.21 13:47:09.287,1.82398,1.82424,1.00,1.00
2018.03.21 13:47:10.590,1.82391,1.82417,1.00,1.00
2018.03.21 13:47:11.009,1.82388,1.82417,1.00,1.00
2018.03.21 13:47:11.060,1.82386,1.82413,1.00,1.00
2018.03.21 13:47:11.111,1.82384,1.82412,1.00,1.00
2018.03.21 13:47:11.784,1.82385,1.82413,1.00,1.00
2018.03.21 13:47:12.515,1.82384,1.82412,1.00,1.50
2018.03.21 13:47:14.413,1.82378,1.82405,1.00,1.00
2018.03.21 13:47:14.464,1.82375,1.82404,1.00,1.50
2018.03.21 13:47:14.797,1.82375,1.82401,1.00,1.00
2018.03.21 13:47:15.336,1.82375,1.82403,1.00,1.00
2018.03.21 13:47:15.448,1.82375,1.82401,1.00,1.00
2018.03.21 13:47:15.604,1.82373,1.82401,1.00,1.00
2018.03.21 13:47:15.835,1.82372,1.82399,1.00,1.00
2018.03.21 13:47:16.354,1.82372,1.82398,1.00,1.00
2018.03.21 13:47:16.885,1.82375,1.82401,1.00,1.00
2018.03.21 13:47:17.090,1.82378,1.82406,1.00,1.00
2018.03.21 13:47:17.243,1.82382,1.82407,1.00,1.00
2018.03.21 13:47:17.345,1.8238,1.82408,1.00,1.00
2018.03.21 13:47:17.396,1.82378,1.82407,1.00,1.00
2018.03.21 13:47:17.539,1.82375,1.82402,1.00,1.00
2018.03.21 13:47:17.851,1.82377,1.82405,1.00,1.00
2018.03.21 13:47:18.053,1.82378,1.82407,1.00,1.00
2018.03.21 13:47:18.288,1.82378,1.82405,1.00,1.00
2018.03.21 13:47:18.557,1.82376,1.82404,1.00,1.50
2018.03.21 13:47:18.608,1.82374,1.82403,1.00,1.00
2018.03.21 13:47:18.710,1.82373,1.82401,1.00,1.50
2018.03.21 13:47:19.017,1.8237,1.82398,1.00,1.00
2018.03.21 13:47:19.330,1.82372,1.82399,1.00,1.00
2018.03.21 13:47:20.279,1.82374,1.824,1.00,1.50
2018.03.21 13:47:20.535,1.82371,1.824,1.00,2.25
2018.03.21 13:47:20.963,1.82374,1.824,1.00,2.25
2018.03.21 13:47:21.506,1.82371,1.824,1.00,2.25
2018.03.21 13:47:22.020,1.82374,1.82399,1.00,1.00
2018.03.21 13:47:22.651,1.82374,1.824,1.00,2.25
2018.03.21 13:47:23.828,1.82374,1.82399,1.00,1.00
2018.03.21 13:47:24.314,1.82369,1.82397,1.00,1.25
2018.03.21 13:47:24.368,1.82364,1.82393,1.00,1.00
2018.03.21 13:47:24.419,1.82363,1.82391,1.00,1.00
2018.03.21 13:47:24.730,1.82366,1.82394,1.00,1.00
2018.03.21 13:47:25.035,1.82363,1.82389,1.00,1.00
2018.03.21 13:47:26.385,1.82361,1.82388,1.00,1.00
2018.03.21 13:47:26.822,1.82363,1.8239,1.00,1.00
2018.03.21 13:47:26.923,1.82369,1.82397,1.00,1.00
2018.03.21 13:47:26.974,1.82371,1.82397,1.00,1.00
2018.03.21 13:47:27.075,1.82369,1.82397,1.00,1.00
2018.03.21 13:47:27.378,1.8237,1.82399,1.00,1.50
2018.03.21 13:47:29.596,1.82372,1.82399,1.00,1.00
2018.03.21 13:47:29.996,1.82374,1.82402,1.00,1.00
2018.03.21 13:47:30.724,1.82374,1.824,1.00,1.00
2018.03.21 13:47:30.929,1.82372,1.824,1.00,1.00
2018.03.21 13:47:32.692,1.8237,1.82399,1.00,1.00
2018.03.21 13:47:33.379,1.82373,1.82399,1.00,1.00
2018.03.21 13:47:33.635,1.82387,1.82414,1.00,1.00
2018.03.21 13:47:33.686,1.82389,1.82413,1.00,1.00
2018.03.21 13:47:33.839,1.82389,1.82417,1.00,1.00
2018.03.21 13:47:34.016,1.82388,1.82415,1.00,1.00
2018.03.21 13:47:34.321,1.82378,1.82404,1.00,2.25
2018.03.21 13:47:34.423,1.82376,1.82403,1.00,1.00
2018.03.21 13:47:34.731,1.82379,1.82404,1.00,1.50
2018.03.21 13:47:34.848,1.82376,1.82403,1.00,1.00
2018.03.21 13:47:35.352,1.82374,1.82401,1.00,1.00
2018.03.21 13:47:37.926,1.82373,1.82399,1.50,1.00
2018.03.21 13:47:38.984,1.82376,1.82401,1.00,1.00
2018.03.21 13:47:39.086,1.8238,1.82408,1.00,1.00
2018.03.21 13:47:39.608,1.82381,1.82409,1.00,1.00
2018.03.21 13:47:40.596,1.82397,1.82412,1.00,1.00
2018.03.21 13:47:40.698,1.82404,1.82427,1.00,1.00
2018.03.21 13:47:40.749,1.82412,1.82427,1.00,1.00
2018.03.21 13:47:40.850,1.82408,1.82429,1.00,1.00
2018.03.21 13:47:40.954,1.82403,1.82432,1.00,1.00
2018.03.21 13:47:41.005,1.82407,1.82435,1.00,1.00
2018.03.21 13:47:41.315,1.82415,1.82443,1.00,1.00
2018.03.21 13:47:41.621,1.82419,1.82447,1.00,1.00
2018.03.21 13:47:41.925,1.82415,1.82443,1.00,1.00
2018.03.21 13:47:42.562,1.82414,1.82442,1.00,1.00
2018.03.21 13:47:42.898,1.82413,1.8244,1.00,1.00
2018.03.21 13:47:43.147,1.82414,1.82442,1.00,1.00
2018.03.21 13:47:43.251,1.82417,1.82446,1.00,1.00
2018.03.21 13:47:43.303,1.8242,1.82448,1.00,1.00
2018.03.21 13:47:43.645,1.8241,1.82437,1.00,1.00
2018.03.21 13:47:43.697,1.82406,1.82435,1.00,1.00
2018.03.21 13:47:44.009,1.82405,1.82433,1.00,1.00
2018.03.21 13:47:44.061,1.82403,1.82432,1.00,1.00
2018.03.21 13:47:44.112,1.82403,1.82429,1.00,1.00
2018.03.21 13:47:44.460,1.8242,1.82446,1.00,1.00
2018.03.21 13:47:44.613,1.82418,1.82446,1.00,1.00
2018.03.21 13:47:44.664,1.82417,1.82444,1.00,1.00
2018.03.21 13:47:45.351,1.82415,1.82443,1.00,1.00
2018.03.21 13:47:45.506,1.82412,1.82441,1.00,1.00
2018.03.21 13:47:45.609,1.8241,1.82438,1.00,1.00
2018.03.21 13:47:46.824,1.82408,1.82437,1.00,1.00
2018.03.21 13:47:46.876,1.82406,1.82434,1.00,1.00
2018.03.21 13:47:47.772,1.82404,1.82433,1.00,1.00
2018.03.21 13:47:48.125,1.82406,1.82434,1.00,1.00
2018.03.21 13:47:48.430,1.82415,1.82441,1.00,1.00
2018.03.21 13:47:48.532,1.82419,1.82447,1.00,1.00
2018.03.21 13:47:49.072,1.8242,1.82448,1.00,1.50
2018.03.21 13:47:49.226,1.82416,1.82444,1.00,1.00
2018.03.21 13:47:49.565,1.82412,1.82441,1.00,1.00
2018.03.21 13:47:51.279,1.82411,1.82439,1.00,1.00
2018.03.21 13:47:51.616,1.82407,1.82434,1.00,1.00
2018.03.21 13:47:51.919,1.82411,1.82437,1.00,1.50
2018.03.21 13:47:54.788,1.82408,1.82437,1.00,1.00
2018.03.21 13:47:54.942,1.82407,1.82435,1.00,1.00
2018.03.21 13:47:56.010,1.82408,1.82437,1.00,1.00
2018.03.21 13:47:59.813,1.82408,1.82434,1.00,1.00
2018.03.21 13:48:00.335,1.82408,1.82437,1.00,1.00
2018.03.21 13:48:00.501,1.8241,1.82437,1.00,1.00
2018.03.21 13:48:00.756,1.82408,1.82437,1.00,1.00
2018.03.21 13:48:00.859,1.82407,1.82435,1.00,1.00
2018.03.21 13:48:01.375,1.82406,1.82434,1.00,1.00
2018.03.21 13:48:01.905,1.82407,1.82435,1.00,1.00
2018.03.21 13:48:02.426,1.82406,1.82434,1.00,1.00
2018.03.21 13:48:02.758,1.8241,1.82438,1.00,1.00
2018.03.21 13:48:03.063,1.82406,1.82434,4.50,1.00
2018.03.21 13:48:04.807,1.82405,1.82432,1.00,1.00
2018.03.21 13:48:05.118,1.82404,1.8243,1.00,1.00
2018.03.21 13:48:05.475,1.82402,1.8243,1.00,1.00
2018.03.21 13:48:05.526,1.824,1.82429,1.00,1.00
2018.03.21 13:48:05.628,1.82402,1.8243,1.00,1.00
2018.03.21 13:48:05.982,1.82399,1.82426,1.00,1.00
2018.03.21 13:48:06.033,1.82394,1.82422,1.00,1.00
2018.03.21 13:48:06.084,1.82394,1.8242,1.00,1.00
2018.03.21 13:48:06.216,1.82395,1.82424,1.00,1.00
2018.03.21 13:48:06.469,1.82397,1.82425,1.00,2.25
2018.03.21 13:48:07.196,1.82395,1.82424,1.00,1.00
2018.03.21 13:48:07.298,1.82394,1.82422,1.00,1.00
2018.03.21 13:48:07.804,1.82393,1.82421,1.00,1.00
2018.03.21 13:48:09.662,1.82395,1.82421,1.00,1.00
2018.03.21 13:48:10.172,1.82394,1.8242,1.00,1.00
2018.03.21 13:48:10.348,1.82392,1.82419,1.00,1.00
2018.03.21 13:48:10.755,1.82394,1.8242,1.00,1.00
2018.03.21 13:48:11.126,1.82391,1.8242,1.00,1.00
2018.03.21 13:48:11.227,1.82393,1.82421,1.00,1.00
2018.03.21 13:48:11.868,1.82388,1.82414,1.50,1.00
2018.03.21 13:48:12.020,1.82383,1.82411,1.00,1.00
2018.03.21 13:48:12.227,1.82381,1.82409,1.00,1.00
2018.03.21 13:48:12.595,1.82379,1.82406,1.00,1.00
2018.03.21 13:48:12.853,1.82375,1.82404,1.00,1.00
2018.03.21 13:48:12.955,1.82375,1.82401,1.00,1.00
2018.03.21 13:48:13.159,1.82376,1.82403,1.00,1.00
2018.03.21 13:48:15.186,1.82374,1.82402,1.00,1.00
2018.03.21 13:48:16.354,1.82375,1.82404,1.00,1.00
2018.03.21 13:48:18.020,1.82377,1.82405,1.00,1.00
2018.03.21 13:48:19.117,1.82378,1.82406,1.00,1.00
2018.03.21 13:48:19.401,1.82383,1.82412,1.00,2.25
2018.03.21 13:48:19.532,1.82385,1.82413,1.00,1.00
2018.03.21 13:48:19.635,1.82388,1.82417,1.00,1.00
2018.03.21 13:48:19.686,1.8239,1.82418,1.00,1.00
2018.03.21 13:48:19.993,1.82396,1.82424,1.00,1.00
2018.03.21 13:48:20.094,1.82397,1.82426,1.00,1.00
2018.03.21 13:48:20.975,1.82403,1.82431,1.00,1.50
2018.03.21 13:48:21.284,1.82405,1.82431,1.00,1.00
2018.03.21 13:48:21.336,1.82403,1.8243,1.00,1.00
2018.03.21 13:48:21.437,1.82404,1.82432,1.00,1.00
2018.03.21 13:48:21.589,1.82402,1.82431,1.00,1.00
2018.03.21 13:48:21.640,1.82405,1.82431,1.00,1.00
2018.03.21 13:48:22.136,1.82405,1.82433,1.00,1.00
2018.03.21 13:48:22.400,1.82407,1.82435,1.00,1.00
2018.03.21 13:48:22.551,1.82405,1.82434,1.00,1.50
2018.03.21 13:48:22.942,1.82403,1.82431,1.00,1.00
2018.03.21 13:48:23.509,1.82404,1.82432,1.00,1.00
2018.03.21 13:48:23.669,1.82401,1.8243,1.00,1.50
2018.03.21 13:48:27.144,1.82404,1.8243,1.00,1.00
2018.03.21 13:48:27.348,1.82404,1.82432,1.00,1.00
2018.03.21 13:48:27.571,1.82406,1.82433,1.00,1.50
2018.03.21 13:48:27.828,1.82409,1.82437,1.00,1.00
2018.03.21 13:48:27.879,1.82408,1.82435,1.00,1.00
2018.03.21 13:48:28.256,1.8241,1.82436,1.00,1.00
2018.03.21 13:48:28.509,1.82406,1.82434,1.00,1.00
2018.03.21 13:48:29.178,1.82407,1.82436,1.00,1.00
2018.03.21 13:48:29.824,1.8241,1.82438,1.00,1.00
2018.03.21 13:48:30.368,1.82409,1.82437,1.00,1.00
2018.03.21 13:48:31.489,1.8241,1.82439,1.00,1.00
2018.03.21 13:48:33.185,1.82409,1.82435,1.00,1.00
2018.03.21 13:48:33.287,1.82406,1.82434,1.00,1.00
2018.03.21 13:48:33.339,1.82406,1.82432,1.00,1.00
2018.03.21 13:48:33.642,1.82404,1.82431,1.00,1.00
2018.03.21 13:48:33.693,1.82407,1.82433,1.00,1.00
2018.03.21 13:48:33.744,1.82408,1.82437,1.00,1.00
2018.03.21 13:48:33.795,1.82408,1.82434,1.00,1.00
2018.03.21 13:48:34.394,1.82407,1.82434,1.00,1.00
2018.03.21 13:48:35.190,1.82407,1.82437,1.00,1.00
2018.03.21 13:48:35.736,1.82407,1.82436,1.00,1.00
2018.03.21 13:48:37.468,1.82408,1.82437,1.00,1.00
2018.03.21 13:48:39.556,1.82411,1.82437,1.00,1.00
2018.03.21 13:48:39.607,1.82411,1.8244,1.00,1.50
2018.03.21 13:48:39.811,1.8241,1.82438,1.00,1.00
2018.03.21 13:48:40.179,1.82408,1.82437,1.00,1.00
2018.03.21 13:48:40.336,1.82407,1.82433,1.00,1.00
2018.03.21 13:48:40.793,1.82405,1.82432,1.00,1.00
2018.03.21 13:48:41.229,1.82398,1.82426,1.00,1.00
2018.03.21 13:48:41.730,1.82399,1.82425,1.00,1.00
2018.03.21 13:48:41.882,1.82399,1.82427,1.00,1.00
2018.03.21 13:48:42.695,1.824,1.82427,1.00,1.00
2018.03.21 13:48:43.063,1.82402,1.8243,1.00,1.00
2018.03.21 13:48:43.807,1.82401,1.8243,1.00,1.00
2018.03.21 13:48:44.324,1.82401,1.82429,1.00,1.00
2018.03.21 13:48:44.667,1.82403,1.82429,1.00,1.00
2018.03.21 13:48:45.188,1.82399,1.82428,1.00,1.00
2018.03.21 13:48:45.526,1.82397,1.82425,1.00,1.00
2018.03.21 13:48:45.832,1.82395,1.82422,1.00,1.00
2018.03.21 13:48:46.338,1.82396,1.82423,1.00,1.00
2018.03.21 13:48:46.844,1.82396,1.82424,1.00,1.00
2018.03.21 13:48:47.860,1.82397,1.82425,1.00,1.00
2018.03.21 13:48:48.327,1.82392,1.8242,1.50,1.00
2018.03.21 13:48:48.704,1.82389,1.82417,1.50,1.00
2018.03.21 13:48:49.035,1.82394,1.8242,1.00,1.00
2018.03.21 13:48:49.087,1.82392,1.82419,1.00,1.00
2018.03.21 13:48:49.495,1.82391,1.82417,1.00,1.00
2018.03.21 13:48:49.600,1.82391,1.8242,1.50,1.00
2018.03.21 13:48:49.717,1.82396,1.82423,1.00,1.00
2018.03.21 13:48:49.922,1.82389,1.82423,2.25,1.00
2018.03.21 13:48:50.024,1.82392,1.82423,1.50,1.00
2018.03.21 13:48:50.536,1.8239,1.82423,2.25,1.00
2018.03.21 13:48:51.126,1.8239,1.82424,1.50,2.25
2018.03.21 13:48:52.700,1.82391,1.82424,1.00,1.00
2018.03.21 13:48:52.751,1.82391,1.8242,1.00,1.00
2018.03.21 13:48:52.802,1.82388,1.82418,1.00,1.00
2018.03.21 13:48:52.903,1.82388,1.82416,1.00,1.00
2018.03.21 13:48:53.107,1.82384,1.82416,1.00,1.00
2018.03.21 13:48:54.048,1.82383,1.82416,3.19,1.00
2018.03.21 13:48:54.419,1.82384,1.82417,2.44,1.00
2018.03.21 13:48:54.764,1.82384,1.82417,1.37,1.00
2018.03.21 13:48:55.790,1.82384,1.82419,1.87,1.50
2018.03.21 13:48:56.301,1.82384,1.82419,2.44,1.50
2018.03.21 13:48:56.403,1.82389,1.82419,1.00,1.00
2018.03.21 13:48:56.828,1.82389,1.82421,1.00,1.00
2018.03.21 13:48:58.318,1.8239,1.82421,1.00,1.00
2018.03.21 13:48:58.895,1.82396,1.82421,1.00,1.00
2018.03.21 13:48:58.946,1.82399,1.82425,1.00,1.00
2018.03.21 13:48:58.997,1.824,1.82427,1.00,1.50
2018.03.21 13:48:59.123,1.82404,1.82427,1.00,1.50
2018.03.21 13:48:59.383,1.82403,1.82431,1.00,1.00
2018.03.21 13:48:59.535,1.824,1.82431,1.00,1.00
2018.03.21 13:48:59.995,1.82402,1.82433,1.00,1.50
2018.03.21 13:49:00.672,1.82402,1.82432,1.00,1.00
2018.03.21 13:49:01.154,1.82405,1.82433,1.00,1.00
2018.03.21 13:49:01.205,1.82399,1.82432,1.87,1.00
2018.03.21 13:49:01.255,1.82403,1.82434,1.00,1.00
2018.03.21 13:49:01.357,1.82403,1.82436,1.87,1.00
2018.03.21 13:49:01.897,1.82403,1.82435,2.81,1.00
2018.03.21 13:49:02.023,1.82404,1.82435,1.69,1.00
2018.03.21 13:49:02.394,1.82403,1.82435,1.37,1.00
2018.03.21 13:49:02.445,1.82403,1.82433,1.00,1.00
2018.03.21 13:49:02.497,1.82401,1.82434,1.87,1.00
2018.03.21 13:49:02.548,1.82399,1.82431,1.37,1.00
2018.03.21 13:49:02.971,1.82399,1.82429,1.37,1.00
2018.03.21 13:49:04.416,1.824,1.82431,1.50,1.00
2018.03.21 13:49:04.818,1.824,1.82429,1.00,1.00
2018.03.21 13:49:05.336,1.82399,1.82429,1.50,1.00
2018.03.21 13:49:05.846,1.82398,1.8243,1.50,1.00
2018.03.21 13:49:06.717,1.82401,1.8243,1.00,1.00
2018.03.21 13:49:07.092,1.82399,1.8243,1.46,1.00
2018.03.21 13:49:07.200,1.82396,1.8242,1.87,1.00
2018.03.21 13:49:07.354,1.82383,1.82409,1.00,1.00
2018.03.21 13:49:07.406,1.8238,1.82406,1.00,1.00
2018.03.21 13:49:07.457,1.82377,1.82409,2.06,1.00
2018.03.21 13:49:07.606,1.8238,1.82411,1.69,1.00
2018.03.21 13:49:07.810,1.8238,1.82411,1.31,1.00
2018.03.21 13:49:08.343,1.8238,1.82411,1.56,1.00
2018.03.21 13:49:08.394,1.8238,1.82413,1.31,1.00
2018.03.21 13:49:08.695,1.82381,1.82413,1.56,1.00
2018.03.21 13:49:08.899,1.82394,1.82424,1.00,1.00
2018.03.21 13:49:09.406,1.82393,1.82423,1.00,1.00
2018.03.21 13:49:09.924,1.82394,1.82424,1.00,1.50
2018.03.21 13:49:10.230,1.82394,1.82426,1.00,1.00
2018.03.21 13:49:10.281,1.82396,1.82428,1.00,1.50
2018.03.21 13:49:10.604,1.82401,1.82427,1.00,1.00
2018.03.21 13:49:11.096,1.82401,1.82432,1.00,1.50
2018.03.21 13:49:11.634,1.824,1.82431,1.00,1.00
2018.03.21 13:49:11.685,1.824,1.82433,1.00,3.00
2018.03.21 13:49:11.889,1.82396,1.82429,2.25,1.00
2018.03.21 13:49:12.222,1.82392,1.82424,1.56,1.00
2018.03.21 13:49:12.424,1.82395,1.82427,1.63,1.00
2018.03.21 13:49:12.576,1.82395,1.82427,1.94,1.50
2018.03.21 13:49:12.965,1.82399,1.82427,1.56,1.00
2018.03.21 13:49:13.016,1.82399,1.82432,1.69,1.50
2018.03.21 13:49:13.283,1.82398,1.82428,1.00,1.00
2018.03.21 13:49:13.436,1.82396,1.82428,1.00,1.50
2018.03.21 13:49:13.689,1.82394,1.82427,1.00,1.00
2018.03.21 13:49:13.908,1.82393,1.82425,1.00,1.00
2018.03.21 13:49:14.163,1.82393,1.82427,1.00,1.00
2018.03.21 13:49:14.585,1.82391,1.82423,1.25,1.00
2018.03.21 13:49:14.890,1.8239,1.8242,1.31,1.00
2018.03.21 13:49:15.537,1.82389,1.82422,2.06,1.00
2018.03.21 13:49:16.082,1.82389,1.82421,1.31,1.00
2018.03.21 13:49:16.592,1.8239,1.82421,1.31,1.00
2018.03.21 13:49:16.643,1.82389,1.82424,1.56,1.50
2018.03.21 13:49:16.846,1.82388,1.82422,1.56,1.00
2018.03.21 13:49:17.375,1.82389,1.82423,1.00,1.00
2018.03.21 13:49:17.896,1.82388,1.82421,1.88,1.00
2018.03.21 13:49:18.673,1.82388,1.82421,1.88,1.00
2018.03.21 13:49:18.979,1.824,1.82432,1.00,1.00
2018.03.21 13:49:19.270,1.82402,1.82435,1.00,1.50
2018.03.21 13:49:19.544,1.82401,1.82433,1.00,1.00
2018.03.21 13:49:20.054,1.82401,1.82432,1.00,1.00
2018.03.21 13:49:22.739,1.82401,1.82433,1.00,1.00
2018.03.21 13:49:23.293,1.82399,1.82426,1.00,1.00
2018.03.21 13:49:23.345,1.82397,1.82426,1.00,1.00
2018.03.21 13:49:23.549,1.82396,1.82428,1.00,1.00
2018.03.21 13:49:23.652,1.82396,1.82429,2.06,1.00
2018.03.21 13:49:23.703,1.82396,1.82431,3.56,1.00
2018.03.21 13:49:24.213,1.82396,1.82421,1.50,1.50
2018.03.21 13:49:24.339,1.82396,1.82426,1.50,1.00
2018.03.21 13:49:24.390,1.82396,1.82428,1.00,1.00
2018.03.21 13:49:24.644,1.82397,1.82429,1.56,1.00
2018.03.21 13:49:24.695,1.82397,1.82431,1.56,1.50
2018.03.21 13:49:25.257,1.82397,1.82431,1.25,1.50
2018.03.21 13:49:25.308,1.82395,1.82429,2.44,1.00
2018.03.21 13:49:25.359,1.82395,1.82429,2.81,1.00
2018.03.21 13:49:25.511,1.82398,1.82429,1.25,1.00
2018.03.21 13:49:25.613,1.82396,1.8243,1.50,1.00
2018.03.21 13:49:25.664,1.82396,1.82427,1.50,1.00
2018.03.21 13:49:25.715,1.82392,1.82426,2.25,1.00
2018.03.21 13:49:25.766,1.8239,1.82421,1.00,1.00
2018.03.21 13:49:25.868,1.82386,1.82419,1.00,1.00
2018.03.21 13:49:26.007,1.82388,1.8242,1.00,1.50
2018.03.21 13:49:26.313,1.824,1.8243,1.00,3.19
2018.03.21 13:49:26.753,1.82401,1.82432,1.50,1.00
2018.03.21 13:49:26.804,1.82404,1.82432,1.00,1.00
2018.03.21 13:49:27.107,1.82407,1.82433,1.00,1.00
2018.03.21 13:49:27.158,1.82407,1.82439,1.00,1.00
2018.03.21 13:49:27.260,1.8241,1.8244,1.00,1.00
2018.03.21 13:49:27.876,1.82411,1.82442,1.00,1.00
2018.03.21 13:49:28.331,1.82407,1.82442,1.50,1.00
2018.03.21 13:49:29.029,1.82409,1.82442,1.00,1.25
2018.03.21 13:49:29.131,1.82407,1.82441,1.00,1.25
2018.03.21 13:49:29.181,1.82406,1.82439,1.00,1.56
2018.03.21 13:49:29.564,1.82406,1.82439,1.00,1.25
2018.03.21 13:49:30.085,1.82406,1.82439,1.00,1.31
2018.03.21 13:49:30.693,1.82406,1.82439,1.00,1.69
2018.03.21 13:49:30.831,1.82402,1.82437,1.00,1.00
2018.03.21 13:49:30.940,1.82406,1.82437,1.00,1.00
2018.03.21 13:49:31.469,1.82405,1.82437,1.00,1.25
2018.03.21 13:49:32.511,1.82405,1.82436,1.50,1.25
2018.03.21 13:49:33.216,1.82405,1.82438,1.00,2.44
2018.03.21 13:49:33.596,1.82401,1.82438,3.00,3.19
2018.03.21 13:49:34.125,1.82401,1.82437,3.00,1.25
2018.03.21 13:49:34.471,1.82403,1.82438,1.00,2.44
2018.03.21 13:49:34.853,1.82407,1.82438,1.50,1.69
2018.03.21 13:49:34.956,1.82405,1.82438,1.00,1.25
2018.03.21 13:49:35.007,1.82405,1.82438,1.00,2.06
2018.03.21 13:49:35.355,1.82403,1.82433,1.00,1.00
2018.03.21 13:49:35.529,1.82402,1.82435,1.00,2.06
2018.03.21 13:49:35.682,1.82404,1.82438,1.00,1.31
2018.03.21 13:49:35.734,1.82407,1.8244,1.00,1.00
2018.03.21 13:49:36.041,1.82418,1.82438,1.00,1.12
2018.03.21 13:49:36.092,1.82418,1.82446,1.00,1.00
2018.03.21 13:49:36.143,1.82412,1.82446,1.00,1.00
2018.03.21 13:49:36.194,1.82412,1.82445,1.00,1.44
2018.03.21 13:49:36.245,1.82412,1.82446,1.00,1.00
2018.03.21 13:49:36.593,1.82412,1.82443,1.00,1.69
2018.03.21 13:49:36.653,1.82412,1.82445,1.00,1.00
2018.03.21 13:49:36.730,1.82412,1.82447,1.00,1.09
2018.03.21 13:49:37.034,1.82414,1.82446,1.00,1.00
2018.03.21 13:49:37.233,1.82411,1.82444,1.00,1.00
2018.03.21 13:49:37.335,1.82409,1.82441,1.00,1.00
2018.03.21 13:49:38.572,1.82411,1.82441,1.00,1.00
2018.03.21 13:49:38.624,1.82411,1.82445,1.00,1.25
2018.03.21 13:49:38.675,1.82414,1.82445,1.00,1.19
2018.03.21 13:49:39.180,1.82415,1.82445,1.00,1.00
2018.03.21 13:49:39.285,1.82415,1.82447,1.00,1.50
2018.03.21 13:49:39.336,1.82415,1.8245,1.00,3.00
2018.03.21 13:49:39.388,1.82419,1.82449,1.00,1.00
2018.03.21 13:49:39.911,1.82421,1.82451,1.00,1.00
2018.03.21 13:49:39.962,1.82424,1.82455,1.00,2.25
2018.03.21 13:49:40.293,1.82426,1.82455,1.00,1.00
2018.03.21 13:49:40.757,1.82424,1.82455,1.00,1.00
2018.03.21 13:49:42.434,1.82424,1.82456,1.00,1.00
2018.03.21 13:49:42.486,1.82422,1.82456,1.00,1.50
2018.03.21 13:49:42.830,1.82424,1.82456,1.00,1.50
2018.03.21 13:49:43.423,1.82424,1.82455,1.00,1.00
2018.03.21 13:49:43.927,1.82422,1.82452,1.00,1.00
2018.03.21 13:49:44.450,1.82423,1.82452,1.00,1.00
2018.03.21 13:49:44.954,1.82422,1.82453,1.00,1.00
2018.03.21 13:49:45.548,1.82424,1.82456,1.00,1.00
2018.03.21 13:49:45.599,1.82425,1.82451,1.00,1.00
2018.03.21 13:49:45.851,1.82426,1.82455,1.00,1.50
2018.03.21 13:49:46.053,1.82419,1.82452,1.87,1.00
2018.03.21 13:49:46.278,1.82421,1.82453,1.00,1.00
2018.03.21 13:49:46.586,1.8242,1.82451,1.50,1.00
2018.03.21 13:49:47.057,1.8242,1.82453,1.50,1.00
2018.03.21 13:49:47.562,1.82421,1.82454,1.00,1.00
2018.03.21 13:49:47.946,1.8242,1.82451,1.00,1.00
2018.03.21 13:49:48.456,1.82419,1.82451,1.12,1.00
2018.03.21 13:49:48.797,1.82417,1.82449,2.06,1.00
2018.03.21 13:49:49.706,1.82417,1.82447,1.00,1.00
2018.03.21 13:49:50.298,1.82417,1.82448,1.00,1.00
2018.03.21 13:49:50.652,1.82415,1.82447,3.00,1.00
2018.03.21 13:49:50.907,1.82414,1.82445,1.00,1.00
2018.03.21 13:49:51.404,1.82416,1.82448,1.00,1.00
2018.03.21 13:49:51.455,1.82419,1.82452,1.50,1.00
2018.03.21 13:49:51.557,1.82422,1.82454,1.00,1.00
2018.03.21 13:49:51.868,1.82423,1.82452,1.00,1.00
2018.03.21 13:49:52.380,1.82423,1.82453,1.00,1.00
2018.03.21 13:49:52.689,1.82426,1.82455,1.00,1.00
2018.03.21 13:49:53.211,1.82426,1.82456,1.00,1.50
2018.03.21 13:49:53.637,1.82426,1.82454,1.00,1.00
2018.03.21 13:49:53.743,1.82423,1.82454,1.00,1.00
2018.03.21 13:49:53.845,1.82422,1.82451,1.00,1.00
2018.03.21 13:49:54.439,1.82421,1.82452,1.00,1.50
2018.03.21 13:49:54.619,1.82419,1.82451,1.00,1.00
2018.03.21 13:49:55.155,1.82419,1.8245,1.00,1.00
2018.03.21 13:49:55.612,1.82418,1.82448,1.00,1.00
2018.03.21 13:49:56.626,1.82419,1.82447,1.00,1.00
2018.03.21 13:49:58.046,1.82416,1.82448,1.00,1.00
2018.03.21 13:49:58.512,1.82418,1.82448,1.00,1.00
2018.03.21 13:49:58.883,1.82418,1.82446,1.00,1.00
2018.03.21 13:49:58.934,1.82414,1.82444,1.00,1.00
2018.03.21 13:49:58.986,1.82411,1.82443,1.00,2.25
2018.03.21 13:49:59.037,1.82408,1.82442,1.50,1.00
2018.03.21 13:49:59.623,1.8241,1.82442,1.00,1.00
2018.03.21 13:49:59.981,1.82416,1.82447,1.50,1.00
2018.03.21 13:50:00.489,1.82417,1.82448,1.00,1.00
2018.03.21 13:50:00.591,1.82415,1.82447,1.00,1.00
2018.03.21 13:50:00.794,1.82417,1.82447,1.00,1.00
2018.03.21 13:50:01.254,1.82418,1.82449,1.00,1.00
2018.03.21 13:50:01.564,1.8242,1.82451,1.00,1.00
2018.03.21 13:50:01.882,1.82422,1.82452,1.00,1.00
2018.03.21 13:50:02.208,1.82424,1.82452,1.00,1.00
2018.03.21 13:50:02.275,1.82427,1.82456,1.00,1.00
2018.03.21 13:50:02.326,1.8243,1.82457,1.00,1.00
2018.03.21 13:50:02.376,1.82427,1.82457,1.00,1.00
2018.03.21 13:50:02.529,1.8243,1.82456,1.00,1.00
2018.03.21 13:50:02.580,1.8243,1.82459,1.00,1.00
2018.03.21 13:50:02.631,1.82433,1.8246,1.00,1.00
2018.03.21 13:50:03.153,1.82432,1.82461,1.00,1.00
2018.03.21 13:50:03.205,1.8243,1.82461,1.00,1.50
2018.03.21 13:50:03.754,1.82431,1.82461,1.00,1.00
2018.03.21 13:50:04.572,1.82434,1.82461,1.00,1.00
2018.03.21 13:50:04.673,1.82435,1.82464,1.00,1.69
2018.03.21 13:50:05.219,1.82436,1.82465,1.00,2.44
2018.03.21 13:50:05.523,1.82429,1.82459,3.00,1.00
2018.03.21 13:50:06.199,1.82429,1.82458,1.00,1.00
2018.03.21 13:50:06.745,1.82431,1.82461,1.00,1.00
2018.03.21 13:50:07.248,1.8243,1.8246,1.00,1.00
2018.03.21 13:50:07.375,1.82428,1.82457,1.00,1.00
2018.03.21 13:50:07.426,1.82429,1.8246,1.00,1.00
2018.03.21 13:50:07.528,1.82432,1.82462,1.00,1.00
2018.03.21 13:50:08.190,1.82432,1.8246,1.00,1.00
2018.03.21 13:50:08.890,1.82433,1.82461,1.00,1.00
2018.03.21 13:50:08.941,1.82433,1.82463,1.00,1.50
2018.03.21 13:50:08.993,1.82435,1.82464,1.00,1.00
2018.03.21 13:50:09.297,1.82433,1.8246,1.00,1.00
2018.03.21 13:50:09.483,1.82433,1.82463,1.00,1.00
2018.03.21 13:50:10.017,1.82432,1.82462,1.00,1.00
2018.03.21 13:50:10.557,1.82426,1.82457,1.50,1.00
2018.03.21 13:50:11.117,1.82426,1.82458,1.50,1.50
2018.03.21 13:50:11.874,1.82425,1.82457,2.25,1.00
2018.03.21 13:50:11.975,1.82421,1.82451,3.00,1.00
2018.03.21 13:50:12.026,1.82418,1.8245,1.00,1.00
2018.03.21 13:50:12.127,1.8242,1.8245,1.00,1.00
2018.03.21 13:50:12.279,1.8242,1.82452,1.00,1.00
2018.03.21 13:50:12.638,1.82416,1.82448,3.19,1.00
2018.03.21 13:50:12.690,1.82416,1.82448,2.44,1.00
2018.03.21 13:50:13.222,1.82416,1.82447,1.50,1.00
2018.03.21 13:50:13.464,1.82416,1.82449,2.25,1.00
2018.03.21 13:50:14.508,1.82417,1.8245,2.44,1.00
2018.03.21 13:50:14.698,1.8242,1.82452,1.00,1.00
2018.03.21 13:50:15.003,1.82422,1.82453,1.12,1.00
2018.03.21 13:50:15.106,1.82423,1.82456,2.25,1.00
2018.03.21 13:50:15.157,1.82425,1.82458,1.00,1.00
2018.03.21 13:50:15.480,1.82426,1.82456,1.00,1.00
2018.03.21 13:50:15.583,1.82424,1.82456,1.00,1.00
2018.03.21 13:50:16.041,1.82426,1.82457,1.00,1.00
2018.03.21 13:50:16.160,1.8243,1.82462,1.00,1.00
2018.03.21 13:50:16.262,1.82431,1.82464,2.25,1.00
2018.03.21 13:50:16.364,1.82431,1.82461,1.00,1.00
2018.03.21 13:50:16.900,1.82431,1.82462,1.00,1.00
2018.03.21 13:50:17.158,1.82424,1.82456,1.50,1.00
2018.03.21 13:50:17.209,1.82427,1.82456,1.00,1.00
2018.03.21 13:50:17.259,1.82425,1.82458,1.50,1.00
2018.03.21 13:50:17.310,1.82424,1.82456,3.00,1.00
2018.03.21 13:50:17.696,1.82429,1.82461,1.00,1.00
2018.03.21 13:50:18.065,1.82431,1.82461,1.00,1.00
2018.03.21 13:50:18.275,1.82427,1.82459,1.00,1.00
2018.03.21 13:50:18.783,1.82426,1.82458,1.50,1.00
2018.03.21 13:50:19.304,1.82426,1.82457,1.00,1.00
2018.03.21 13:50:19.355,1.82425,1.82455,1.00,1.00
2018.03.21 13:50:19.856,1.82422,1.82454,1.00,1.00
2018.03.21 13:50:19.907,1.82421,1.82451,1.31,1.00
2018.03.21 13:50:20.413,1.82421,1.82452,1.00,1.00
2018.03.21 13:50:20.743,1.82421,1.8245,1.00,1.00
2018.03.21 13:50:21.273,1.82422,1.82453,1.00,1.00
2018.03.21 13:50:21.786,1.82422,1.82452,1.00,1.00
2018.03.21 13:50:22.395,1.82421,1.82451,1.50,1.00
2018.03.21 13:50:22.868,1.82419,1.8245,1.69,1.00
2018.03.21 13:50:22.919,1.82419,1.82447,1.00,1.00
2018.03.21 13:50:23.161,1.82417,1.82447,1.00,1.00
2018.03.21 13:50:23.671,1.82416,1.82446,1.00,1.00
2018.03.21 13:50:24.448,1.8242,1.82446,1.12,1.00
2018.03.21 13:50:24.499,1.8242,1.8245,1.25,1.00
2018.03.21 13:50:24.550,1.82421,1.82452,1.25,1.00
2018.03.21 13:50:24.785,1.82419,1.82453,1.00,1.50
2018.03.21 13:50:24.871,1.82418,1.82451,1.50,1.00
2018.03.21 13:50:25.228,1.82418,1.82448,1.00,1.00
2018.03.21 13:50:25.771,1.82418,1.82447,1.00,1.00
2018.03.21 13:50:26.226,1.82415,1.82449,1.50,1.00
2018.03.21 13:50:26.277,1.82418,1.8245,1.00,1.00
2018.03.21 13:50:27.829,1.82417,1.8245,1.00,1.00
2018.03.21 13:50:28.413,1.82418,1.8245,1.00,1.00
2018.03.21 13:50:28.743,1.82418,1.82447,1.00,1.00
2018.03.21 13:50:28.795,1.82414,1.82447,2.44,1.00
2018.03.21 13:50:28.846,1.82414,1.82444,2.44,1.00
2018.03.21 13:50:29.479,1.82414,1.82444,2.81,1.00
2018.03.21 13:50:30.002,1.82414,1.82444,1.69,1.00
2018.03.21 13:50:30.519,1.82414,1.82444,2.25,1.00
2018.03.21 13:50:31.728,1.82414,1.82443,1.50,1.00
2018.03.21 13:50:32.267,1.82415,1.82443,1.00,1.00
2018.03.21 13:50:33.065,1.82414,1.82443,1.00,1.00
2018.03.21 13:50:33.570,1.82414,1.82444,1.25,1.00
2018.03.21 13:50:33.625,1.82414,1.82447,1.50,1.00
2018.03.21 13:50:33.676,1.82415,1.82445,1.00,1.00
2018.03.21 13:50:34.187,1.82414,1.82446,2.25,1.00
2018.03.21 13:50:34.780,1.82416,1.82449,1.00,1.50
2018.03.21 13:50:35.293,1.82415,1.82449,1.50,1.50
2018.03.21 13:50:35.591,1.82415,1.82449,2.06,1.50
2018.03.21 13:50:36.215,1.82418,1.82448,1.00,1.00
2018.03.21 13:50:36.801,1.82418,1.82448,1.19,1.00
2018.03.21 13:50:37.384,1.82418,1.82448,1.25,1.00
2018.03.21 13:50:39.336,1.82418,1.82448,1.31,1.00
2018.03.21 13:50:39.706,1.82418,1.8245,1.69,1.00
2018.03.21 13:50:40.296,1.82418,1.8245,2.44,1.00
2018.03.21 13:50:40.833,1.82418,1.8245,2.44,1.00
2018.03.21 13:50:41.446,1.82418,1.8245,1.69,1.00
2018.03.21 13:50:42.010,1.82418,1.82451,1.69,1.00
2018.03.21 13:50:42.386,1.82418,1.82449,1.69,1.00
2018.03.21 13:50:43.576,1.82419,1.82449,1.25,1.00
2018.03.21 13:50:44.884,1.82418,1.82449,1.69,1.00
2018.03.21 13:50:45.412,1.82418,1.82449,1.69,1.00
2018.03.21 13:50:45.725,1.82418,1.82447,1.69,1.00
2018.03.21 13:50:46.389,1.82416,1.82447,1.65,1.00
2018.03.21 13:50:46.600,1.82416,1.82449,2.40,1.00
2018.03.21 13:50:47.671,1.82417,1.82449,1.19,1.00
2018.03.21 13:50:48.057,1.8242,1.8245,1.00,1.50
2018.03.21 13:50:48.414,1.82421,1.82453,1.50,1.00
2018.03.21 13:50:49.016,1.82419,1.82453,1.31,1.00
2018.03.21 13:50:50.916,1.82423,1.82453,1.25,1.00
2018.03.21 13:50:51.321,1.82423,1.82455,1.31,1.00
2018.03.21 13:50:51.878,1.82421,1.82455,3.00,1.00
2018.03.21 13:50:52.654,1.82423,1.82454,1.25,1.00
2018.03.21 13:50:52.805,1.82425,1.82455,1.00,1.00
2018.03.21 13:50:53.132,1.82425,1.82453,1.00,1.00
2018.03.21 13:50:53.673,1.82425,1.82454,1.00,1.00
2018.03.21 13:50:53.928,1.82426,1.82457,1.50,1.00
2018.03.21 13:50:54.120,1.82428,1.82459,1.00,1.00
2018.03.21 13:50:54.442,1.82424,1.82455,1.00,1.00
2018.03.21 13:50:55.871,1.82422,1.82447,1.00,1.00
2018.03.21 13:50:55.922,1.8242,1.82449,1.50,1.00
2018.03.21 13:50:55.974,1.8242,1.82447,1.00,1.00
2018.03.21 13:50:57.148,1.82416,1.82447,1.50,1.00
2018.03.21 13:50:57.199,1.82415,1.82445,1.00,1.00
2018.03.21 13:50:57.250,1.82416,1.82448,1.00,1.00
2018.03.21 13:50:57.779,1.82416,1.82447,1.69,1.00
2018.03.21 13:50:57.931,1.82417,1.8245,1.00,1.00
2018.03.21 13:50:57.982,1.82419,1.8245,1.31,1.00
2018.03.21 13:50:59.012,1.8242,1.8245,1.00,1.00
2018.03.21 13:50:59.202,1.8242,1.82452,1.00,2.06
2018.03.21 13:51:00.035,1.8242,1.82452,1.31,1.00
2018.03.21 13:51:01.043,1.82421,1.82453,1.25,1.12
2018.03.21 13:51:01.671,1.8242,1.82452,2.44,1.00
2018.03.21 13:51:02.543,1.82421,1.82452,1.00,1.00
2018.03.21 13:51:03.633,1.8242,1.82452,2.44,1.00
2018.03.21 13:51:04.310,1.82421,1.82452,1.25,1.00
2018.03.21 13:51:05.404,1.8242,1.82452,3.19,1.00
2018.03.21 13:51:05.670,1.82422,1.82452,1.00,1.00
2018.03.21 13:51:06.012,1.82422,1.8245,1.00,1.00
2018.03.21 13:51:07.424,1.82422,1.82452,1.00,1.00
2018.03.21 13:51:09.602,1.82427,1.82455,1.00,1.00
2018.03.21 13:51:09.708,1.82434,1.82465,1.00,1.00
2018.03.21 13:51:09.994,1.82436,1.82466,1.00,1.00
2018.03.21 13:51:10.371,1.82438,1.82468,1.00,1.50
2018.03.21 13:51:10.523,1.82441,1.82473,1.00,2.25
2018.03.21 13:51:10.574,1.82443,1.82473,1.00,1.50
2018.03.21 13:51:10.626,1.82441,1.82472,1.00,1.00
2018.03.21 13:51:10.770,1.82444,1.82474,1.00,1.00
2018.03.21 13:51:10.923,1.82442,1.82474,1.00,1.00
2018.03.21 13:51:11.285,1.82441,1.82472,1.00,1.00
2018.03.21 13:51:11.437,1.82438,1.82472,2.81,1.00
2018.03.21 13:51:11.487,1.82438,1.82469,2.06,1.00
2018.03.21 13:51:11.790,1.82438,1.82467,1.00,1.00
2018.03.21 13:51:12.327,1.82437,1.82467,1.31,1.00
2018.03.21 13:51:14.582,1.82436,1.82467,1.00,1.00
2018.03.21 13:51:14.896,1.82435,1.82465,1.00,1.00
2018.03.21 13:51:15.134,1.82429,1.82461,1.50,1.00
2018.03.21 13:51:15.238,1.82428,1.82459,1.50,1.00
2018.03.21 13:51:15.492,1.82422,1.82455,1.00,1.00
2018.03.21 13:51:15.647,1.82424,1.82457,1.00,1.00
2018.03.21 13:51:16.191,1.82425,1.82458,1.00,2.25
2018.03.21 13:51:17.844,1.82424,1.82457,1.50,1.00
2018.03.21 13:51:18.562,1.82427,1.82457,1.00,1.00
2018.03.21 13:51:18.705,1.82427,1.82459,1.00,1.00
2018.03.21 13:51:19.233,1.82428,1.82458,1.00,1.00
2018.03.21 13:51:19.784,1.82429,1.82458,1.00,1.00
2018.03.21 13:51:20.142,1.82429,1.8246,1.00,1.00
2018.03.21 13:51:20.245,1.82426,1.8246,2.25,1.00
2018.03.21 13:51:20.481,1.82426,1.82458,1.50,1.00
2018.03.21 13:51:21.716,1.82426,1.82457,1.50,1.00
2018.03.21 13:51:21.819,1.82426,1.8246,1.50,1.00
2018.03.21 13:51:23.719,1.82426,1.82458,1.00,1.00
2018.03.21 13:51:23.820,1.82427,1.8246,1.84,1.00
2018.03.21 13:51:24.556,1.82427,1.82459,1.09,1.00
2018.03.21 13:51:25.082,1.82427,1.8246,1.84,1.00
2018.03.21 13:51:25.213,1.8243,1.82461,1.00,1.00
2018.03.21 13:51:25.835,1.82429,1.82461,1.00,1.00
2018.03.21 13:51:26.539,1.82429,1.8246,1.00,1.00
2018.03.21 13:51:27.959,1.82429,1.82459,1.50,1.00
2018.03.21 13:51:28.273,1.82431,1.8246,1.00,1.00
2018.03.21 13:51:28.837,1.82429,1.82459,1.69,1.00
2018.03.21 13:51:29.140,1.82429,1.82463,1.50,1.00
2018.03.21 13:51:29.241,1.82431,1.82463,1.00,1.00
2018.03.21 13:51:29.561,1.82429,1.82458,1.50,1.00
2018.03.21 13:51:30.094,1.82429,1.82457,1.00,1.00
2018.03.21 13:51:30.572,1.82432,1.82457,1.00,1.00
2018.03.21 13:51:30.623,1.82429,1.82457,1.00,1.00
2018.03.21 13:51:30.827,1.8243,1.82462,1.00,1.00
2018.03.21 13:51:31.319,1.82431,1.82459,1.00,1.00
2018.03.21 13:51:31.505,1.82431,1.82462,1.00,1.00
2018.03.21 13:51:31.607,1.82436,1.82463,1.00,1.00
2018.03.21 13:51:31.658,1.82436,1.82465,1.00,1.00
2018.03.21 13:51:31.759,1.82437,1.82469,1.12,1.00
2018.03.21 13:51:31.916,1.82442,1.82471,1.00,1.00
2018.03.21 13:51:32.472,1.82443,1.82471,1.00,1.00
2018.03.21 13:51:32.870,1.82445,1.82474,1.00,1.00
2018.03.21 13:51:33.025,1.82445,1.82476,1.00,1.00
2018.03.21 13:51:33.510,1.82446,1.82476,2.06,1.00
2018.03.21 13:51:33.612,1.82449,1.82482,1.12,1.50
2018.03.21 13:51:33.868,1.82451,1.82482,1.00,1.50
2018.03.21 13:51:34.290,1.82451,1.82484,1.00,1.00
2018.03.21 13:51:34.620,1.82453,1.82484,2.78,1.00
2018.03.21 13:51:34.723,1.82457,1.82488,1.00,1.00
2018.03.21 13:51:34.774,1.82458,1.8249,2.25,1.00
2018.03.21 13:51:35.313,1.82456,1.8249,1.65,1.00
2018.03.21 13:51:36.015,1.82456,1.82488,1.37,1.00
2018.03.21 13:51:36.392,1.8246,1.82488,1.00,1.00
2018.03.21 13:51:36.751,1.82459,1.8249,1.50,1.00
2018.03.21 13:51:37.107,1.82461,1.8249,1.12,1.00
2018.03.21 13:51:37.158,1.8246,1.82493,2.81,1.50
2018.03.21 13:51:37.286,1.82467,1.82495,1.00,1.00
2018.03.21 13:51:37.338,1.82465,1.82495,1.50,1.00
2018.03.21 13:51:37.389,1.82465,1.82497,1.00,1.00
2018.03.21 13:51:37.594,1.82465,1.82495,1.00,1.00
2018.03.21 13:51:38.529,1.82465,1.82494,1.00,1.00
2018.03.21 13:51:38.985,1.8246,1.82492,1.50,1.00
2018.03.21 13:51:39.036,1.82456,1.82486,1.00,1.00
2018.03.21 13:51:39.629,1.82456,1.82485,1.00,1.00
2018.03.21 13:51:40.312,1.82455,1.82485,1.50,1.00
2018.03.21 13:51:40.442,1.82453,1.82484,1.00,1.00
2018.03.21 13:51:40.594,1.82453,1.82482,1.00,1.00
2018.03.21 13:51:41.121,1.82453,1.82481,1.00,1.00
2018.03.21 13:51:42.611,1.82455,1.82487,1.00,1.00
2018.03.21 13:51:43.211,1.82454,1.82486,1.00,1.50
2018.03.21 13:51:43.751,1.82454,1.82487,1.00,2.81
2018.03.21 13:51:44.050,1.82452,1.82486,1.00,1.00
2018.03.21 13:51:44.102,1.82454,1.82486,1.00,1.00
2018.03.21 13:51:44.407,1.82459,1.82488,1.00,1.00
2018.03.21 13:51:44.952,1.82459,1.82489,1.00,1.00
2018.03.21 13:51:45.469,1.82459,1.82488,1.00,1.88
2018.03.21 13:51:46.463,1.8246,1.82489,1.00,1.12
2018.03.21 13:51:46.990,1.82459,1.82489,1.00,1.00
2018.03.21 13:51:47.506,1.82458,1.82489,1.00,1.00
2018.03.21 13:51:48.133,1.82459,1.82489,1.00,1.00
2018.03.21 13:51:48.823,1.82459,1.82488,1.00,1.00
2018.03.21 13:51:49.132,1.82457,1.82485,1.00,1.50
2018.03.21 13:51:49.183,1.82455,1.82485,1.00,1.69
2018.03.21 13:51:49.437,1.82457,1.82485,1.00,1.00
2018.03.21 13:51:49.742,1.82459,1.82485,1.00,1.00
2018.03.21 13:51:50.092,1.82461,1.82487,1.00,1.69
2018.03.21 13:51:50.194,1.82459,1.82487,1.00,1.44
2018.03.21 13:51:50.701,1.82461,1.82486,1.00,1.00
2018.03.21 13:51:51.271,1.82461,1.82487,1.00,1.00
2018.03.21 13:51:51.483,1.82459,1.82487,1.00,1.50
2018.03.21 13:51:52.082,1.82459,1.82485,1.00,1.00
2018.03.21 13:51:52.234,1.82459,1.82487,1.00,1.69
2018.03.21 13:51:52.406,1.82459,1.82485,1.00,1.00
2018.03.21 13:51:52.960,1.82459,1.82486,1.00,1.13
2018.03.21 13:51:53.524,1.82459,1.82484,1.00,1.25
2018.03.21 13:51:53.721,1.82457,1.82485,1.00,1.50
2018.03.21 13:51:53.775,1.82457,1.82478,1.00,1.00
2018.03.21 13:51:54.312,1.82456,1.82479,1.00,1.50
2018.03.21 13:51:54.662,1.82453,1.82479,1.00,1.50
2018.03.21 13:51:54.815,1.8245,1.82479,1.00,2.06
2018.03.21 13:51:55.265,1.8245,1.82478,1.00,2.06
2018.03.21 13:51:55.576,1.82454,1.82477,1.00,1.00
2018.03.21 13:51:55.679,1.82452,1.82477,1.00,1.00
2018.03.21 13:51:55.813,1.8245,1.82477,1.00,1.00
2018.03.21 13:51:56.330,1.82453,1.82478,1.00,1.00
2018.03.21 13:51:57.141,1.82453,1.82475,1.00,2.44
2018.03.21 13:51:57.192,1.82449,1.82475,1.00,1.69
2018.03.21 13:51:57.294,1.82447,1.82466,1.00,1.00
2018.03.21 13:51:57.449,1.82437,1.82463,1.00,1.09
2018.03.21 13:51:57.500,1.82432,1.82462,1.00,1.00
2018.03.21 13:51:57.552,1.82435,1.82463,1.00,1.50
2018.03.21 13:51:57.986,1.82436,1.82465,1.00,1.50
2018.03.21 13:51:58.037,1.82441,1.82465,1.00,1.00
2018.03.21 13:51:58.088,1.82442,1.82467,1.00,1.00
2018.03.21 13:51:58.140,1.82448,1.82469,1.00,1.00
2018.03.21 13:51:58.191,1.8245,1.82475,1.00,1.50
2018.03.21 13:51:58.242,1.8245,1.82477,1.00,1.00
2018.03.21 13:51:58.294,1.82452,1.82477,1.00,1.00
2018.03.21 13:51:58.645,1.82454,1.82481,1.00,1.37
2018.03.21 13:51:59.085,1.82457,1.82481,1.00,1.00
2018.03.21 13:51:59.573,1.82459,1.82481,1.00,1.00
2018.03.21 13:51:59.625,1.82459,1.82483,1.00,1.00
2018.03.21 13:51:59.676,1.82459,1.82487,1.00,1.00
2018.03.21 13:52:00.033,1.82461,1.82487,1.00,1.25
2018.03.21 13:52:00.235,1.82458,1.82486,1.00,1.44
2018.03.21 13:52:00.538,1.82459,1.82487,1.00,1.00
2018.03.21 13:52:00.589,1.82462,1.82487,1.00,1.00
2018.03.21 13:52:00.711,1.82466,1.82492,1.00,1.00
2018.03.21 13:52:01.015,1.82467,1.82493,1.00,1.94
2018.03.21 13:52:01.066,1.82461,1.82488,1.00,2.25
2018.03.21 13:52:01.117,1.82458,1.82488,1.00,3.75
2018.03.21 13:52:01.168,1.82458,1.82484,1.00,1.19
2018.03.21 13:52:01.271,1.82453,1.82482,2.25,2.44
2018.03.21 13:52:01.322,1.82455,1.82482,1.00,1.00
2018.03.21 13:52:01.648,1.82459,1.82482,1.00,1.69
2018.03.21 13:52:02.465,1.82462,1.82485,1.00,3.00
2018.03.21 13:52:02.646,1.82461,1.82486,1.00,1.00
2018.03.21 13:52:03.438,1.82461,1.82485,1.00,1.44
2018.03.21 13:52:03.931,1.82461,1.82487,1.00,1.88
2018.03.21 13:52:04.183,1.82465,1.82486,1.00,1.00
2018.03.21 13:52:04.234,1.82465,1.82489,1.00,1.13
2018.03.21 13:52:04.335,1.82467,1.82491,1.00,1.00
2018.03.21 13:52:04.689,1.82465,1.82491,1.00,1.25
2018.03.21 13:52:04.790,1.82468,1.82494,1.00,1.50
2018.03.21 13:52:05.092,1.82462,1.82481,1.00,1.00
2018.03.21 13:52:05.193,1.82457,1.82478,1.00,1.00
2018.03.21 13:52:05.244,1.82449,1.82471,1.00,1.50
2018.03.21 13:52:05.295,1.82447,1.82472,1.00,1.00
2018.03.21 13:52:05.447,1.82448,1.82474,1.00,1.00
2018.03.21 13:52:05.497,1.82452,1.82477,1.00,1.37
2018.03.21 13:52:05.649,1.82453,1.82481,1.00,2.63
2018.03.21 13:52:05.775,1.82456,1.82481,1.00,2.25
2018.03.21 13:52:05.876,1.82456,1.82483,1.00,1.50
2018.03.21 13:52:06.392,1.82461,1.82489,1.00,1.62
2018.03.21 13:52:06.696,1.8247,1.82493,1.00,1.44
2018.03.21 13:52:07.007,1.82472,1.82495,1.00,1.00
2018.03.21 13:52:07.059,1.82475,1.82501,1.00,1.87
2018.03.21 13:52:07.110,1.82481,1.82501,1.00,1.37
2018.03.21 13:52:07.161,1.82481,1.82506,1.00,4.13
2018.03.21 13:52:07.212,1.82482,1.82506,1.00,2.44
2018.03.21 13:52:07.313,1.82484,1.82508,1.00,1.25
2018.03.21 13:52:07.753,1.82482,1.82508,1.00,2.06
2018.03.21 13:52:08.052,1.82487,1.82508,1.00,2.06
2018.03.21 13:52:08.103,1.82489,1.82513,1.00,1.00
2018.03.21 13:52:08.154,1.82489,1.82518,1.00,1.25
2018.03.21 13:52:08.575,1.82492,1.82519,1.00,1.50
2018.03.21 13:52:08.779,1.82484,1.82513,1.00,1.44
2018.03.21 13:52:08.881,1.82489,1.82515,1.00,1.69
2018.03.21 13:52:09.408,1.82489,1.82518,1.00,1.63
2018.03.21 13:52:09.949,1.8249,1.82518,1.00,2.25
2018.03.21 13:52:10.491,1.8249,1.82519,1.00,3.00
2018.03.21 13:52:11.436,1.82483,1.82509,1.00,1.25
2018.03.21 13:52:11.787,1.82481,1.82502,1.00,1.00
2018.03.21 13:52:12.318,1.82482,1.82503,1.00,1.00
2018.03.21 13:52:12.812,1.82478,1.82502,1.00,2.25
2018.03.21 13:52:12.863,1.82477,1.82497,1.00,1.50
2018.03.21 13:52:12.914,1.82479,1.82501,1.00,1.00
2018.03.21 13:52:13.015,1.82481,1.82501,1.00,1.50
2018.03.21 13:52:13.369,1.82483,1.82501,1.00,1.00
2018.03.21 13:52:13.572,1.82483,1.82505,1.00,1.00
2018.03.21 13:52:14.834,1.82483,1.82504,1.00,1.00
2018.03.21 13:52:15.525,1.82483,1.82505,1.00,1.00
2018.03.21 13:52:16.129,1.82483,1.82504,1.00,1.00
2018.03.21 13:52:16.752,1.82483,1.82505,1.00,1.00
2018.03.21 13:52:17.615,1.82483,1.82506,1.00,1.00
2018.03.21 13:52:18.171,1.82482,1.82506,1.00,1.50
2018.03.21 13:52:18.695,1.82481,1.82506,1.00,1.00
2018.03.21 13:52:19.221,1.82476,1.82501,1.00,1.00
2018.03.21 13:52:19.477,1.82481,1.82507,1.00,1.00
2018.03.21 13:52:19.799,1.82484,1.82507,1.00,1.00
2018.03.21 13:52:20.072,1.8248,1.82508,1.00,1.50
2018.03.21 13:52:20.621,1.8248,1.82507,1.00,1.00
2018.03.21 13:52:21.106,1.82477,1.82504,1.00,1.44
2018.03.21 13:52:21.410,1.82489,1.82512,1.00,1.00
2018.03.21 13:52:21.511,1.82492,1.8252,1.00,3.00
2018.03.21 13:52:21.663,1.82496,1.82522,1.00,1.00
2018.03.21 13:52:21.918,1.82497,1.82526,1.00,1.50
2018.03.21 13:52:21.968,1.82499,1.82527,1.00,1.50
2018.03.21 13:52:22.272,1.82498,1.82525,1.00,1.00
2018.03.21 13:52:22.677,1.82498,1.82527,1.00,2.44
2018.03.21 13:52:22.841,1.825,1.82527,1.00,1.00
2018.03.21 13:52:23.174,1.82502,1.82529,1.00,1.00
2018.03.21 13:52:23.351,1.82497,1.82529,1.00,1.00
2018.03.21 13:52:24.524,1.82497,1.82528,1.00,1.50
2018.03.21 13:52:25.124,1.82497,1.82529,1.00,1.00
2018.03.21 13:52:25.175,1.82494,1.82526,1.00,1.00
2018.03.21 13:52:25.709,1.82493,1.82527,1.00,1.00
2018.03.21 13:52:26.021,1.82493,1.82524,1.00,1.00
2018.03.21 13:52:26.539,1.82494,1.82524,1.00,1.00
2018.03.21 13:52:27.111,1.82494,1.82523,1.00,1.00
2018.03.21 13:52:27.536,1.82496,1.82524,1.00,1.00
2018.03.21 13:52:29.378,1.82494,1.82524,1.00,1.00
2018.03.21 13:52:30.515,1.82494,1.82523,1.00,1.00
2018.03.21 13:52:31.122,1.82494,1.82524,1.00,1.00
2018.03.21 13:52:31.631,1.82495,1.82524,1.00,1.00
2018.03.21 13:52:32.023,1.82495,1.82529,1.00,1.25
2018.03.21 13:52:32.074,1.82499,1.8253,1.00,3.75
2018.03.21 13:52:33.166,1.82499,1.82529,1.00,1.00
2018.03.21 13:52:33.472,1.82492,1.82521,1.00,1.00
2018.03.21 13:52:33.911,1.82494,1.82522,1.00,1.00
2018.03.21 13:52:34.165,1.82495,1.82525,1.00,2.44
2018.03.21 13:52:36.512,1.82495,1.82525,1.00,2.44
2018.03.21 13:52:36.714,1.82493,1.82524,1.00,1.25
2018.03.21 13:52:36.972,1.82495,1.82525,1.00,1.69
2018.03.21 13:52:37.175,1.82491,1.82523,1.00,1.00
2018.03.21 13:52:37.363,1.82491,1.8252,1.00,1.00
2018.03.21 13:52:38.368,1.82494,1.82521,1.00,1.69
2018.03.21 13:52:38.461,1.82491,1.82521,1.00,1.69
2018.03.21 13:52:39.401,1.82491,1.8252,1.00,1.25
2018.03.21 13:52:39.929,1.82492,1.8252,1.00,1.00
2018.03.21 13:52:41.004,1.82493,1.82521,1.00,1.50
2018.03.21 13:52:41.434,1.8249,1.8252,1.00,1.00
2018.03.21 13:52:41.938,1.8249,1.82521,1.00,1.50
2018.03.21 13:52:42.463,1.82491,1.82521,1.00,1.50
2018.03.21 13:52:42.693,1.82484,1.82511,1.00,1.00
2018.03.21 13:52:42.897,1.82482,1.82512,1.00,2.06
2018.03.21 13:52:43.000,1.82481,1.82508,1.00,1.00
2018.03.21 13:52:43.101,1.82484,1.82512,1.00,1.00
2018.03.21 13:52:43.153,1.82484,1.8251,1.00,1.00
2018.03.21 13:52:43.254,1.82481,1.8251,1.00,1.00
2018.03.21 13:52:43.773,1.82481,1.82511,1.00,1.00
2018.03.21 13:52:44.179,1.82481,1.82509,1.00,1.50
2018.03.21 13:52:44.709,1.8248,1.82509,1.00,1.25
2018.03.21 13:52:45.185,1.82477,1.8251,1.00,2.25
2018.03.21 13:52:45.517,1.82479,1.8251,1.00,1.50
2018.03.21 13:52:46.029,1.82479,1.82509,1.00,1.00
2018.03.21 13:52:46.330,1.82479,1.82506,1.00,1.00
2018.03.21 13:52:48.316,1.82479,1.82508,1.00,1.50
2018.03.21 13:52:49.101,1.8248,1.82508,1.00,1.00
2018.03.21 13:52:49.203,1.8248,1.82506,1.00,1.00
2018.03.21 13:52:49.448,1.82468,1.82497,1.50,1.00
2018.03.21 13:52:49.500,1.8247,1.82494,1.00,1.00
2018.03.21 13:52:49.551,1.82471,1.82497,1.00,1.00
2018.03.21 13:52:49.602,1.82471,1.82499,1.00,1.00
2018.03.21 13:52:49.653,1.82473,1.82498,1.00,1.00
2018.03.21 13:52:50.041,1.82464,1.82492,1.00,1.00
2018.03.21 13:52:50.647,1.82463,1.82492,1.00,1.00
2018.03.21 13:52:51.030,1.82467,1.82492,1.00,1.00
2018.03.21 13:52:51.081,1.82465,1.82497,1.00,1.00
2018.03.21 13:52:51.525,1.82467,1.82498,1.00,2.25
2018.03.21 13:52:51.922,1.8247,1.82498,1.00,1.50
2018.03.21 13:52:52.385,1.82468,1.82497,1.00,1.00
2018.03.21 13:52:53.062,1.82467,1.82497,1.00,1.00
2018.03.21 13:52:53.690,1.82468,1.82497,1.00,1.00
2018.03.21 13:52:54.147,1.82466,1.82493,1.00,1.00
2018.03.21 13:52:54.198,1.82465,1.82498,1.00,3.75
2018.03.21 13:52:54.250,1.82465,1.82494,1.00,2.25
2018.03.21 13:52:54.765,1.82466,1.82493,1.00,1.00
2018.03.21 13:52:55.069,1.82463,1.82494,1.00,2.25
2018.03.21 13:52:55.220,1.82466,1.82494,1.00,2.25
2018.03.21 13:52:55.547,1.82466,1.82492,1.00,1.00
2018.03.21 13:52:55.619,1.82466,1.82494,1.00,1.00
2018.03.21 13:52:56.285,1.82466,1.82493,1.00,1.00
2018.03.21 13:52:56.336,1.82462,1.82488,1.00,1.00
2018.03.21 13:52:56.388,1.82459,1.82488,1.00,1.00
2018.03.21 13:52:57.669,1.82459,1.82489,1.00,1.00
2018.03.21 13:52:57.721,1.82459,1.82485,1.00,1.00
2018.03.21 13:52:57.772,1.82459,1.82487,1.00,1.00
2018.03.21 13:52:58.275,1.82459,1.82488,1.00,1.00
2018.03.21 13:52:58.879,1.8246,1.82488,1.00,1.50
2018.03.21 13:52:58.930,1.82462,1.82489,1.00,1.00
2018.03.21 13:52:59.439,1.82462,1.82493,1.00,4.09
2018.03.21 13:52:59.743,1.82462,1.82488,1.00,1.00
2018.03.21 13:53:00.622,1.82462,1.82492,1.00,1.00
2018.03.21 13:53:01.052,1.82462,1.82488,1.00,1.00
2018.03.21 13:53:01.103,1.82459,1.82488,1.00,1.00
2018.03.21 13:53:01.357,1.82461,1.82488,1.00,1.00
2018.03.21 13:53:02.048,1.82461,1.82489,1.00,1.00
2018.03.21 13:53:03.004,1.82462,1.82493,1.00,2.03
2018.03.21 13:53:03.705,1.82465,1.82493,1.00,1.28
2018.03.21 13:53:04.209,1.82464,1.82493,1.00,1.00
2018.03.21 13:53:04.740,1.82465,1.82492,1.00,1.00
2018.03.21 13:53:05.248,1.82465,1.82493,1.00,1.00
2018.03.21 13:53:05.841,1.82465,1.82492,1.00,1.00
2018.03.21 13:53:06.314,1.82467,1.82493,1.00,1.00
2018.03.21 13:53:06.365,1.82468,1.82498,1.00,1.00
2018.03.21 13:53:06.419,1.82467,1.82494,1.00,1.00
2018.03.21 13:53:06.726,1.8247,1.82494,1.00,1.00
2018.03.21 13:53:06.828,1.82476,1.82501,1.00,2.25
2018.03.21 13:53:07.212,1.82477,1.82504,1.00,1.69
2018.03.21 13:53:07.263,1.82477,1.82502,1.00,1.00
2018.03.21 13:53:07.569,1.82453,1.8248,1.00,1.50
2018.03.21 13:53:07.620,1.82454,1.82476,1.00,1.00
2018.03.21 13:53:07.799,1.82454,1.82483,1.00,3.37
2018.03.21 13:53:07.900,1.82451,1.82483,1.00,3.56
2018.03.21 13:53:07.951,1.82451,1.82478,1.00,1.00
2018.03.21 13:53:08.254,1.8245,1.82476,1.00,1.00
2018.03.21 13:53:08.355,1.8245,1.82478,1.00,1.00
2018.03.21 13:53:08.741,1.8245,1.82476,1.00,1.00
2018.03.21 13:53:08.792,1.82447,1.82476,1.00,2.81
2018.03.21 13:53:09.098,1.82444,1.82471,1.00,1.00
2018.03.21 13:53:09.439,1.82444,1.82473,1.00,1.50
2018.03.21 13:53:09.977,1.82444,1.82472,1.00,1.00
2018.03.21 13:53:10.591,1.82443,1.82473,1.00,1.50
2018.03.21 13:53:11.131,1.82444,1.82473,1.00,1.00
2018.03.21 13:53:11.337,1.82443,1.82473,1.00,2.06
2018.03.21 13:53:11.440,1.82439,1.82469,1.00,1.00
2018.03.21 13:53:11.491,1.82439,1.82467,1.00,1.25
2018.03.21 13:53:11.820,1.82435,1.82463,1.00,1.00
2018.03.21 13:53:12.471,1.82436,1.82464,1.00,1.50
2018.03.21 13:53:13.669,1.82436,1.82465,1.00,1.00
2018.03.21 13:53:13.720,1.82436,1.82467,1.00,2.44
2018.03.21 13:53:13.897,1.82434,1.82467,1.00,3.94
2018.03.21 13:53:14.090,1.82437,1.82466,1.00,1.00
2018.03.21 13:53:14.314,1.82435,1.82467,1.00,2.44
2018.03.21 13:53:14.365,1.82434,1.82463,1.00,1.00
2018.03.21 13:53:14.522,1.82429,1.8246,1.00,2.44
2018.03.21 13:53:14.811,1.82431,1.82458,1.00,1.00
2018.03.21 13:53:15.702,1.8243,1.82458,1.00,1.00
2018.03.21 13:53:16.289,1.82429,1.82459,1.00,3.00
2018.03.21 13:53:16.625,1.82429,1.82457,1.00,1.00
2018.03.21 13:53:16.950,1.82429,1.82454,1.00,1.00
2018.03.21 13:53:17.447,1.82427,1.82455,1.00,1.00
2018.03.21 13:53:17.860,1.82427,1.82458,1.00,2.25
2018.03.21 13:53:18.339,1.82423,1.82451,1.00,1.00
2018.03.21 13:53:18.887,1.82424,1.82451,1.00,1.00
2018.03.21 13:53:19.361,1.82426,1.82451,1.00,1.00
2018.03.21 13:53:20.356,1.82425,1.82451,1.00,1.00
2018.03.21 13:53:22.653,1.82426,1.82451,1.00,1.00
2018.03.21 13:53:24.224,1.82428,1.82452,1.00,1.00
2018.03.21 13:53:24.275,1.82432,1.82459,1.00,1.00
2018.03.21 13:53:24.326,1.82435,1.82459,1.00,1.00
2018.03.21 13:53:24.377,1.82435,1.82461,1.00,1.00
2018.03.21 13:53:24.429,1.82433,1.82461,1.00,1.50
2018.03.21 13:53:24.536,1.82437,1.82461,1.00,1.50
2018.03.21 13:53:24.638,1.82438,1.82466,1.00,1.69
2018.03.21 13:53:24.846,1.82436,1.82465,1.00,1.00
2018.03.21 13:53:25.073,1.82438,1.82466,1.00,1.00
2018.03.21 13:53:25.424,1.82438,1.82468,1.00,1.25
2018.03.21 13:53:25.966,1.82438,1.82467,1.00,1.69
2018.03.21 13:53:27.127,1.82439,1.82467,1.00,2.44
2018.03.21 13:53:27.632,1.8244,1.82467,1.00,1.25
2018.03.21 13:53:28.163,1.82439,1.82467,1.00,1.88
2018.03.21 13:53:28.850,1.82439,1.82467,1.00,1.09
2018.03.21 13:53:30.128,1.82439,1.82468,1.00,1.00
2018.03.21 13:53:30.230,1.82441,1.82469,1.00,1.00
2018.03.21 13:53:31.180,1.8244,1.82468,1.00,1.50
2018.03.21 13:53:31.485,1.82439,1.82466,1.00,1.50
2018.03.21 13:53:32.224,1.82436,1.82465,1.00,1.00
2018.03.21 13:53:32.326,1.82435,1.82463,1.00,1.00
2018.03.21 13:53:32.556,1.82432,1.82463,1.00,1.50
2018.03.21 13:53:32.887,1.82434,1.82464,1.00,2.25
2018.03.21 13:53:33.202,1.82436,1.82465,1.00,1.00
2018.03.21 13:53:33.611,1.82438,1.82466,1.00,1.00
2018.03.21 13:53:33.743,1.82438,1.82468,1.00,1.00
2018.03.21 13:53:33.795,1.8244,1.8247,1.00,2.25
2018.03.21 13:53:34.343,1.8244,1.82469,1.00,1.00
2018.03.21 13:53:38.326,1.82441,1.8247,1.00,1.50
2018.03.21 13:53:38.650,1.82445,1.82475,1.00,1.50
2018.03.21 13:53:39.821,1.82445,1.82476,1.00,1.25
2018.03.21 13:53:40.543,1.82445,1.82476,1.00,2.63
2018.03.21 13:53:40.983,1.82439,1.82468,1.00,1.00
2018.03.21 13:53:41.898,1.82439,1.82467,1.00,1.00
2018.03.21 13:53:43.115,1.82437,1.82467,1.00,1.87
2018.03.21 13:53:43.166,1.82437,1.82465,1.00,1.00
2018.03.21 13:53:43.217,1.82434,1.82465,1.00,1.50
2018.03.21 13:53:43.668,1.82434,1.82463,1.00,1.00
2018.03.21 13:53:44.172,1.82433,1.82464,1.00,2.62
2018.03.21 13:53:44.476,1.82435,1.82464,1.00,3.19
2018.03.21 13:53:44.626,1.82433,1.82464,1.00,3.19
2018.03.21 13:53:44.750,1.82433,1.82458,1.00,1.00
2018.03.21 13:53:44.803,1.82431,1.82457,1.00,1.00
2018.03.21 13:53:44.939,1.82429,1.82457,1.00,1.00
2018.03.21 13:53:45.476,1.82428,1.82457,1.00,1.00
2018.03.21 13:53:46.108,1.8243,1.82457,1.00,1.00
2018.03.21 13:53:46.413,1.82433,1.82463,1.00,2.44
2018.03.21 13:53:46.464,1.82431,1.82461,1.00,1.19
2018.03.21 13:53:46.994,1.82431,1.82459,1.00,1.19
2018.03.21 13:53:47.196,1.82433,1.8246,1.00,1.50
2018.03.21 13:53:47.506,1.82437,1.82461,1.00,1.00
2018.03.21 13:53:47.672,1.82437,1.82464,1.00,1.00
2018.03.21 13:53:48.161,1.82437,1.82461,1.00,1.00
2018.03.21 13:53:48.262,1.82435,1.8246,1.00,1.00
2018.03.21 13:53:48.615,1.82435,1.82464,1.00,1.00
2018.03.21 13:53:49.187,1.82435,1.82466,1.00,4.46
2018.03.21 13:53:49.723,1.82436,1.82466,1.00,3.53
2018.03.21 13:53:49.774,1.82435,1.82462,1.00,1.00
2018.03.21 13:53:50.158,1.82437,1.82465,1.00,1.84
2018.03.21 13:53:52.085,1.82437,1.82467,1.00,2.25
2018.03.21 13:53:52.188,1.82436,1.82463,1.00,1.00
2018.03.21 13:53:52.334,1.82432,1.82461,1.00,1.00
2018.03.21 13:53:52.748,1.82434,1.82461,1.00,1.50
2018.03.21 13:53:53.057,1.82432,1.82461,1.00,1.50
2018.03.21 13:53:53.639,1.82432,1.82462,1.00,1.00
2018.03.21 13:53:53.690,1.8244,1.82462,1.00,1.00
2018.03.21 13:53:53.741,1.8244,1.8247,1.00,1.00
2018.03.21 13:53:53.845,1.82442,1.82462,1.00,1.00
2018.03.21 13:53:53.948,1.82443,1.82469,1.00,1.50
2018.03.21 13:53:53.999,1.82449,1.82469,1.00,1.50
2018.03.21 13:53:54.050,1.8245,1.82471,1.00,1.00
2018.03.21 13:53:54.204,1.82453,1.82471,1.00,1.00
2018.03.21 13:53:54.256,1.82453,1.82478,1.00,1.00
2018.03.21 13:53:54.771,1.82454,1.82478,1.00,1.50
2018.03.21 13:53:54.924,1.82454,1.8248,1.00,1.00
2018.03.21 13:53:55.026,1.82458,1.8248,1.00,1.50
2018.03.21 13:53:55.204,1.82459,1.82484,1.00,1.25
2018.03.21 13:53:55.723,1.82459,1.82485,1.00,3.19
2018.03.21 13:53:55.835,1.82457,1.8248,1.00,1.25
2018.03.21 13:53:56.344,1.82456,1.82479,1.00,1.50
2018.03.21 13:53:56.599,1.82454,1.82479,1.00,1.00
2018.03.21 13:53:56.796,1.82457,1.82479,1.00,1.00
2018.03.21 13:53:57.052,1.82455,1.8248,1.00,2.25
2018.03.21 13:53:57.104,1.82459,1.82481,1.00,1.00
2018.03.21 13:53:57.155,1.82459,1.82483,1.00,1.00
2018.03.21 13:53:57.689,1.82458,1.82482,1.00,1.00
2018.03.21 13:53:58.233,1.82459,1.82483,1.00,1.50
2018.03.21 13:53:58.465,1.82458,1.82486,1.00,2.44
2018.03.21 13:53:58.516,1.8246,1.82488,1.00,2.81
2018.03.21 13:53:58.721,1.82465,1.82495,1.00,1.65
2018.03.21 13:53:58.824,1.82471,1.82498,1.00,1.84
2018.03.21 13:53:59.140,1.82475,1.82501,1.00,1.00
2018.03.21 13:53:59.543,1.82479,1.82502,1.00,1.00
2018.03.21 13:54:00.051,1.82478,1.82502,1.00,1.00
2018.03.21 13:54:00.904,1.82476,1.82502,1.00,1.25
2018.03.21 13:54:02.277,1.82475,1.82502,1.00,2.25
2018.03.21 13:54:02.803,1.82476,1.82501,1.00,1.00
2018.03.21 13:54:03.139,1.82474,1.82501,1.00,1.00
2018.03.21 13:54:04.246,1.82483,1.82506,1.00,1.50
2018.03.21 13:54:04.297,1.82484,1.82509,1.00,1.25
2018.03.21 13:54:04.349,1.8248,1.82506,1.00,2.59
2018.03.21 13:54:04.403,1.82476,1.82503,1.00,1.50
2018.03.21 13:54:04.454,1.82473,1.82503,1.00,1.50
2018.03.21 13:54:04.506,1.82477,1.82503,1.00,1.00
2018.03.21 13:54:04.802,1.82475,1.82502,1.00,1.25
2018.03.21 13:54:05.163,1.82475,1.82504,1.00,1.25
2018.03.21 13:54:05.264,1.82477,1.82504,1.00,1.69
2018.03.21 13:54:05.805,1.82476,1.82504,1.00,1.88
2018.03.21 13:54:06.445,1.82476,1.82503,1.00,1.00
2018.03.21 13:54:07.049,1.82475,1.82503,1.00,1.00
2018.03.21 13:54:07.392,1.8248,1.82509,1.00,1.00
2018.03.21 13:54:07.443,1.82483,1.8251,1.00,1.00
2018.03.21 13:54:07.748,1.82486,1.82514,1.00,2.25
2018.03.21 13:54:09.196,1.82488,1.82514,1.00,1.63
2018.03.21 13:54:09.298,1.82489,1.82516,1.00,1.25
2018.03.21 13:54:09.748,1.82487,1.82516,1.00,1.00
2018.03.21 13:54:10.294,1.82486,1.82516,1.00,1.00
2018.03.21 13:54:10.860,1.82486,1.82515,1.00,1.00
2018.03.21 13:54:11.459,1.82487,1.82515,1.00,1.00
2018.03.21 13:54:12.004,1.82488,1.82515,1.00,1.00
2018.03.21 13:54:12.372,1.82483,1.82512,1.00,1.00
2018.03.21 13:54:12.541,1.82486,1.82515,1.00,1.25
2018.03.21 13:54:13.078,1.82487,1.82515,1.00,1.25
2018.03.21 13:54:13.600,1.82488,1.82515,1.00,1.00
2018.03.21 13:54:14.136,1.82482,1.8251,1.00,1.50
2018.03.21 13:54:14.491,1.82481,1.82509,1.00,1.56
2018.03.21 13:54:15.025,1.8248,1.82507,1.00,1.00
2018.03.21 13:54:15.126,1.82481,1.82509,1.00,1.25
2018.03.21 13:54:15.656,1.82482,1.82509,1.00,1.00
2018.03.21 13:54:16.176,1.82482,1.82508,1.00,1.00
2018.03.21 13:54:16.357,1.8248,1.82507,1.00,1.44
2018.03.21 13:54:16.407,1.82478,1.82507,1.00,1.31
2018.03.21 13:54:17.122,1.82477,1.82506,1.00,1.00
2018.03.21 13:54:17.614,1.82479,1.82507,1.00,1.25
2018.03.21 13:54:17.912,1.82474,1.82503,1.00,1.00
2018.03.21 13:54:18.183,1.82476,1.82503,1.00,1.50
2018.03.21 13:54:18.402,1.82476,1.82505,1.00,1.25
2018.03.21 13:54:19.356,1.82476,1.82505,1.00,1.50
2018.03.21 13:54:20.470,1.82476,1.82505,1.00,1.25
2018.03.21 13:54:20.890,1.82479,1.82506,1.00,1.00
2018.03.21 13:54:20.941,1.82479,1.82508,1.00,1.00
2018.03.21 13:54:21.489,1.82479,1.82509,1.00,1.50
2018.03.21 13:54:21.813,1.82477,1.82509,1.00,1.88
2018.03.21 13:54:22.415,1.82481,1.8251,1.00,1.69
2018.03.21 13:54:22.720,1.82485,1.82511,1.00,1.00
2018.03.21 13:54:23.269,1.82486,1.8251,1.00,1.00
2018.03.21 13:54:23.792,1.82486,1.82512,1.00,1.50
2018.03.21 13:54:23.946,1.82486,1.82515,1.00,1.00
2018.03.21 13:54:24.031,1.82489,1.82515,1.00,1.69
2018.03.21 13:54:24.581,1.82489,1.82514,1.00,1.00
2018.03.21 13:54:24.632,1.82486,1.82515,1.00,2.63
2018.03.21 13:54:24.734,1.82485,1.82511,1.00,1.25
2018.03.21 13:54:25.064,1.82489,1.82515,1.00,1.00
2018.03.21 13:54:25.569,1.8249,1.82515,1.00,1.50
2018.03.21 13:54:26.106,1.8249,1.82514,1.00,1.25
2018.03.21 13:54:26.409,1.82487,1.8251,1.00,1.00
2018.03.21 13:54:26.913,1.82485,1.8251,1.00,1.00
2018.03.21 13:54:27.066,1.82484,1.82506,1.00,1.00
2018.03.21 13:54:27.554,1.82486,1.82506,1.00,1.00
2018.03.21 13:54:27.681,1.82486,1.82508,1.00,1.00
2018.03.21 13:54:27.782,1.82486,1.8251,1.00,1.00
2018.03.21 13:54:28.270,1.82482,1.82503,1.00,1.00
2018.03.21 13:54:28.372,1.82479,1.82503,1.00,1.00
2018.03.21 13:54:28.676,1.82479,1.82505,1.00,1.28
2018.03.21 13:54:29.190,1.82478,1.82505,1.00,2.40
2018.03.21 13:54:29.616,1.82479,1.82506,1.00,1.69
2018.03.21 13:54:29.668,1.82481,1.82506,1.00,1.00
2018.03.21 13:54:30.020,1.82483,1.82505,1.00,1.00
2018.03.21 13:54:30.551,1.82483,1.82506,1.00,1.00
2018.03.21 13:54:31.482,1.8248,1.82506,1.00,1.50
2018.03.21 13:54:33.420,1.82479,1.82505,1.00,1.00
2018.03.21 13:54:34.260,1.82479,1.82506,1.00,2.25
2018.03.21 13:54:34.970,1.82479,1.82505,1.00,1.00
2018.03.21 13:54:35.490,1.82479,1.82506,1.00,3.00
2018.03.21 13:54:36.088,1.82479,1.82505,1.00,1.00
2018.03.21 13:54:36.637,1.82479,1.82506,1.00,3.00
2018.03.21 13:54:37.234,1.82479,1.82505,1.00,1.50
2018.03.21 13:54:37.285,1.82482,1.82506,1.00,3.00
2018.03.21 13:54:37.826,1.82481,1.82506,1.00,3.19
2018.03.21 13:54:38.299,1.82481,1.82502,1.00,1.50
2018.03.21 13:54:38.579,1.82478,1.82501,1.00,1.00
2018.03.21 13:54:39.084,1.82478,1.82502,1.00,1.50
2018.03.21 13:54:39.391,1.82476,1.82502,1.00,1.00
2018.03.21 13:54:39.945,1.82477,1.82502,1.00,1.50
2018.03.21 13:54:40.458,1.82476,1.82501,1.00,1.00
2018.03.21 13:54:40.907,1.82477,1.82503,1.00,1.25
2018.03.21 13:54:41.110,1.82477,1.825,1.00,1.00
2018.03.21 13:54:41.263,1.82479,1.82504,1.00,1.25
2018.03.21 13:54:41.826,1.82478,1.82503,1.00,1.00
2018.03.21 13:54:42.014,1.82478,1.82501,1.00,1.69
2018.03.21 13:54:42.543,1.82477,1.82501,1.00,1.00
2018.03.21 13:54:42.644,1.82475,1.82502,1.00,2.44
2018.03.21 13:54:42.746,1.82478,1.825,1.00,1.00
2018.03.21 13:54:43.005,1.82482,1.82505,1.00,1.50
2018.03.21 13:54:43.503,1.82484,1.82506,1.00,1.00
2018.03.21 13:54:43.554,1.82487,1.82512,1.00,3.34
2018.03.21 13:54:43.756,1.82485,1.82513,1.00,4.27
2018.03.21 13:54:43.858,1.82487,1.82512,1.00,1.09
2018.03.21 13:54:44.607,1.82488,1.82512,1.00,1.84
2018.03.21 13:54:46.268,1.82486,1.82511,1.00,1.44
2018.03.21 13:54:46.319,1.82483,1.8251,1.00,1.00
2018.03.21 13:54:46.423,1.82486,1.8251,1.00,1.00
2018.03.21 13:54:46.812,1.82488,1.8251,1.00,1.00
2018.03.21 13:54:47.073,1.82488,1.82512,1.00,1.00
2018.03.21 13:54:47.608,1.82488,1.82513,1.00,1.00
2018.03.21 13:54:48.364,1.82489,1.82513,1.00,1.00
2018.03.21 13:54:48.469,1.82491,1.82514,1.00,1.00
2018.03.21 13:54:48.570,1.82491,1.82517,1.00,2.25
2018.03.21 13:54:48.845,1.82493,1.82516,1.00,1.00
2018.03.21 13:54:49.380,1.82493,1.82517,1.00,1.50
2018.03.21 13:54:49.954,1.82492,1.82517,1.00,1.50
2018.03.21 13:54:50.286,1.82494,1.82517,1.00,1.50
2018.03.21 13:54:52.085,1.8249,1.82516,1.00,1.50
2018.03.21 13:54:52.136,1.8249,1.82519,1.00,1.87
2018.03.21 13:54:52.298,1.8249,1.82515,1.00,2.21
2018.03.21 13:54:52.640,1.82489,1.82511,1.00,1.00
2018.03.21 13:54:53.153,1.82488,1.82512,1.00,1.00
2018.03.21 13:54:53.553,1.82486,1.82512,1.00,1.69
2018.03.21 13:54:54.070,1.82487,1.82512,1.00,1.50
2018.03.21 13:54:54.745,1.82487,1.82511,1.00,1.00
2018.03.21 13:54:55.276,1.82486,1.82512,1.00,1.00
2018.03.21 13:54:56.044,1.82489,1.82512,1.00,1.50
2018.03.21 13:54:56.401,1.82491,1.82512,1.00,1.00
2018.03.21 13:54:56.557,1.82489,1.82512,1.00,1.50
2018.03.21 13:54:56.771,1.82487,1.82512,1.00,1.00
2018.03.21 13:54:57.546,1.82486,1.82511,1.00,1.00
2018.03.21 13:54:58.086,1.82485,1.82511,1.00,1.00
2018.03.21 13:54:58.604,1.82486,1.82511,1.00,1.00
2018.03.21 13:54:58.706,1.82489,1.82511,1.00,1.00
2018.03.21 13:54:58.860,1.82492,1.82517,1.00,1.25
2018.03.21 13:54:59.347,1.8249,1.82517,1.00,1.25
2018.03.21 13:55:00.156,1.8249,1.82514,1.00,1.00
2018.03.21 13:55:00.473,1.82488,1.82514,1.00,1.00
2018.03.21 13:55:01.030,1.82488,1.82515,1.00,1.00
2018.03.21 13:55:01.477,1.8249,1.82515,1.00,1.00
2018.03.21 13:55:01.631,1.82483,1.82511,1.00,1.25
2018.03.21 13:55:01.682,1.82485,1.82511,1.00,1.00
2018.03.21 13:55:01.988,1.82491,1.82516,1.00,1.28
2018.03.21 13:55:02.312,1.82495,1.82517,1.00,1.00
2018.03.21 13:55:02.363,1.82495,1.8252,1.00,1.50
2018.03.21 13:55:02.414,1.82497,1.8252,1.00,1.50
2018.03.21 13:55:02.670,1.82497,1.82523,1.00,1.00
2018.03.21 13:55:02.721,1.82497,1.82525,1.00,1.50
2018.03.21 13:55:02.823,1.825,1.82525,1.00,1.50
2018.03.21 13:55:03.555,1.825,1.82524,1.00,1.00
2018.03.21 13:55:04.168,1.82499,1.82524,1.00,1.00
2018.03.21 13:55:04.678,1.82501,1.82525,1.00,1.00
2018.03.21 13:55:05.434,1.82501,1.82522,1.00,1.63
2018.03.21 13:55:05.536,1.82498,1.82521,1.00,1.00
2018.03.21 13:55:05.587,1.825,1.82525,1.00,3.00
2018.03.21 13:55:05.981,1.82502,1.82526,1.00,1.00
2018.03.21 13:55:06.556,1.82502,1.82525,1.00,1.00
2018.03.21 13:55:07.399,1.82498,1.82525,1.00,1.50
2018.03.21 13:55:07.451,1.825,1.82528,1.00,1.69
2018.03.21 13:55:07.556,1.82504,1.82528,1.00,1.00
2018.03.21 13:55:07.886,1.82507,1.8253,1.00,3.75
2018.03.21 13:55:08.190,1.82513,1.8253,1.00,3.75
2018.03.21 13:55:08.709,1.82514,1.8253,1.00,3.75
2018.03.21 13:55:09.167,1.82512,1.8253,1.00,3.75
2018.03.21 13:55:09.354,1.82514,1.8253,1.00,3.75
2018.03.21 13:55:09.892,1.82514,1.82529,1.00,3.75
2018.03.21 13:55:10.261,1.82516,1.8253,1.00,3.75
2018.03.21 13:55:10.583,1.82519,1.8253,1.00,3.75
2018.03.21 13:55:11.196,1.82518,1.8253,1.00,3.75
2018.03.21 13:55:11.661,1.82515,1.8253,1.00,3.75
2018.03.21 13:55:11.712,1.82512,1.8253,1.00,3.75
2018.03.21 13:55:12.004,1.82515,1.82529,1.00,3.75
2018.03.21 13:55:12.106,1.82512,1.82529,1.00,3.75
2018.03.21 13:55:12.359,1.8251,1.8253,1.00,3.75
2018.03.21 13:55:13.023,1.8251,1.82529,1.00,3.75
2018.03.21 13:55:13.424,1.82515,1.8253,1.00,3.75
2018.03.21 13:55:13.734,1.82519,1.8253,1.00,3.75
2018.03.21 13:55:14.250,1.82516,1.8253,1.00,3.75
2018.03.21 13:55:14.771,1.82517,1.8253,1.00,3.75
2018.03.21 13:55:15.212,1.82514,1.8253,1.00,3.75
2018.03.21 13:55:15.410,1.82516,1.8253,1.00,3.75
2018.03.21 13:55:15.578,1.82513,1.8253,1.00,3.75
2018.03.21 13:55:15.989,1.82516,1.8253,1.00,3.75
2018.03.21 13:55:17.119,1.82515,1.82529,1.00,3.75
2018.03.21 13:55:17.528,1.82512,1.82529,1.00,3.75
2018.03.21 13:55:17.579,1.82514,1.82529,1.00,3.75
2018.03.21 13:55:17.893,1.82509,1.8253,1.00,3.75
2018.03.21 13:55:18.400,1.82508,1.8253,1.00,3.75
2018.03.21 13:55:18.553,1.82506,1.8253,1.00,3.75
2018.03.21 13:55:19.933,1.82508,1.8253,1.00,3.75
2018.03.21 13:55:20.452,1.82507,1.8253,1.00,3.75
2018.03.21 13:55:21.118,1.82505,1.8253,1.00,3.75
2018.03.21 13:55:21.498,1.82507,1.8253,1.00,3.75
2018.03.21 13:55:22.071,1.82508,1.8253,1.00,3.75
2018.03.21 13:55:22.328,1.82505,1.8253,1.00,3.75
2018.03.21 13:55:22.531,1.82507,1.82529,1.00,3.75
2018.03.21 13:55:22.582,1.82505,1.82529,1.00,3.75
2018.03.21 13:55:22.633,1.82507,1.8253,1.00,3.75
2018.03.21 13:55:22.944,1.82509,1.8253,1.00,3.75
2018.03.21 13:55:23.531,1.8251,1.8253,1.00,3.75
2018.03.21 13:55:24.048,1.82513,1.8253,1.00,3.75
2018.03.21 13:55:24.349,1.82517,1.8253,1.00,3.75
2018.03.21 13:55:24.816,1.82514,1.8253,1.00,3.75
2018.03.21 13:55:25.560,1.82516,1.8253,1.00,2.66
2018.03.21 13:55:25.864,1.82518,1.8253,1.00,2.12
2018.03.21 13:55:26.016,1.82515,1.82545,1.00,1.96
2018.03.21 13:55:26.117,1.82512,1.82537,1.00,1.62
2018.03.21 13:55:26.483,1.82509,1.8254,1.00,1.62
2018.03.21 13:55:26.635,1.82511,1.82541,1.00,3.62
2018.03.21 13:55:27.019,1.82509,1.8254,1.00,2.12
2018.03.21 13:55:27.120,1.82512,1.8254,1.00,1.88
2018.03.21 13:55:27.663,1.82512,1.82539,1.00,1.62
2018.03.21 13:55:28.034,1.82509,1.8254,1.00,2.12
2018.03.21 13:55:29.319,1.8251,1.8254,1.00,2.87
2018.03.21 13:55:30.234,1.8251,1.8254,1.00,2.12
2018.03.21 13:55:30.740,1.8251,1.82537,1.00,1.62
2018.03.21 13:55:31.018,1.82513,1.8254,1.00,2.12
2018.03.21 13:55:31.236,1.82517,1.82541,1.00,1.00
2018.03.21 13:55:31.288,1.8252,1.82541,1.00,1.00
2018.03.21 13:55:31.385,1.8252,1.82548,1.00,1.19
2018.03.21 13:55:31.470,1.8252,1.82544,1.00,1.00
2018.03.21 13:55:31.520,1.82517,1.82544,1.00,1.00
2018.03.21 13:55:31.622,1.82514,1.82544,1.00,1.00
2018.03.21 13:55:31.777,1.82514,1.82541,1.00,1.50
2018.03.21 13:55:32.033,1.82516,1.82545,1.00,2.25
2018.03.21 13:55:32.469,1.82516,1.82543,1.00,1.00
2018.03.21 13:55:32.571,1.82513,1.82543,1.00,1.00
2018.03.21 13:55:33.050,1.82512,1.82539,1.00,1.00
2018.03.21 13:55:33.717,1.82513,1.82539,1.00,1.00
2018.03.21 13:55:34.118,1.8251,1.82539,1.00,1.00
2018.03.21 13:55:34.226,1.82513,1.82539,1.00,1.00
2018.03.21 13:55:34.329,1.82506,1.82535,1.00,1.00
2018.03.21 13:55:34.532,1.82508,1.82535,1.00,1.00
2018.03.21 13:55:35.235,1.82507,1.82535,1.00,1.00
2018.03.21 13:55:35.388,1.82505,1.82534,1.00,1.00
2018.03.21 13:55:36.051,1.82504,1.82534,1.00,1.00
2018.03.21 13:55:36.352,1.82506,1.82534,1.00,1.00
2018.03.21 13:55:37.143,1.82506,1.82535,1.00,1.00
2018.03.21 13:55:37.194,1.82506,1.82537,1.00,1.50
2018.03.21 13:55:37.245,1.82508,1.82537,1.00,1.00
2018.03.21 13:55:37.748,1.82507,1.82538,1.00,1.50
2018.03.21 13:55:38.127,1.82509,1.82537,1.00,1.00
2018.03.21 13:55:38.657,1.82509,1.82538,1.00,1.50
2018.03.21 13:55:40.086,1.82508,1.82538,1.00,1.50
2018.03.21 13:55:40.591,1.82505,1.82535,1.00,1.00
2018.03.21 13:55:41.546,1.82505,1.82534,1.00,1.00
2018.03.21 13:55:42.996,1.82505,1.82535,1.00,3.53
2018.03.21 13:55:43.694,1.82505,1.82533,1.00,1.00
2018.03.21 13:55:44.219,1.82505,1.82534,1.00,1.69
2018.03.21 13:55:44.611,1.8251,1.82539,1.00,1.34
2018.03.21 13:55:45.085,1.8251,1.82539,1.00,1.00
2018.03.21 13:55:45.255,1.8251,1.82538,1.00,1.44
2018.03.21 13:55:46.069,1.82507,1.82537,1.00,1.25
2018.03.21 13:55:46.170,1.82504,1.82536,1.00,1.69
2018.03.21 13:55:46.299,1.82502,1.82533,1.00,1.00
2018.03.21 13:55:46.610,1.82493,1.8252,1.00,1.00
2018.03.21 13:55:46.814,1.82495,1.82525,1.00,1.69
2018.03.21 13:55:47.283,1.82497,1.82527,1.00,1.38
2018.03.21 13:55:47.334,1.82498,1.8253,1.00,1.50
2018.03.21 13:55:48.037,1.82498,1.82527,1.00,1.00
2018.03.21 13:55:48.193,1.82496,1.82527,1.00,1.50
2018.03.21 13:55:48.245,1.82494,1.82527,1.00,1.84
2018.03.21 13:55:48.409,1.82496,1.82527,1.00,1.84
2018.03.21 13:55:48.756,1.82492,1.82524,1.00,1.00
2018.03.21 13:55:49.277,1.82492,1.82523,1.00,1.00
2018.03.21 13:55:49.636,1.82492,1.82521,1.00,1.09
2018.03.21 13:55:49.687,1.82488,1.82518,1.00,1.00
2018.03.21 13:55:49.834,1.82489,1.82522,1.00,2.06
2018.03.21 13:55:49.884,1.82488,1.82518,1.00,1.00
2018.03.21 13:55:50.234,1.82485,1.82514,1.00,2.25
2018.03.21 13:55:50.796,1.82484,1.82513,1.00,1.00
2018.03.21 13:55:50.847,1.82482,1.82512,1.50,1.00
2018.03.21 13:55:50.898,1.82485,1.82513,1.00,1.00
2018.03.21 13:55:51.051,1.82487,1.82517,1.00,1.50
2018.03.21 13:55:51.602,1.82486,1.82516,1.00,1.00
2018.03.21 13:55:51.654,1.82489,1.82516,1.00,1.00
2018.03.21 13:55:53.216,1.82489,1.82517,1.00,1.50
2018.03.21 13:55:53.723,1.82488,1.82516,1.00,1.00
2018.03.21 13:55:53.875,1.82486,1.82515,1.00,1.00
2018.03.21 13:55:54.399,1.82485,1.82513,1.00,1.00
2018.03.21 13:55:54.451,1.82488,1.82518,1.00,1.00
2018.03.21 13:55:54.552,1.82484,1.82513,1.00,1.00
2018.03.21 13:55:54.859,1.82488,1.82517,1.00,1.50
2018.03.21 13:55:55.238,1.82486,1.82518,1.00,1.00
2018.03.21 13:55:55.289,1.82485,1.82514,1.00,1.00
2018.03.21 13:55:55.340,1.82483,1.82516,1.00,2.25
2018.03.21 13:55:55.391,1.82481,1.82513,1.00,1.00
2018.03.21 13:55:55.728,1.82478,1.82509,1.00,1.00
2018.03.21 13:55:56.042,1.8248,1.82511,1.00,1.50
2018.03.21 13:55:56.094,1.82478,1.82511,1.00,1.50
2018.03.21 13:55:56.145,1.82481,1.82511,1.00,2.44
2018.03.21 13:55:56.536,1.82486,1.82515,1.00,1.50
2018.03.21 13:55:56.643,1.82486,1.82518,1.00,1.31
2018.03.21 13:55:56.694,1.82486,1.82519,1.00,1.12
2018.03.21 13:55:56.836,1.8249,1.82522,1.00,1.84
2018.03.21 13:55:57.378,1.82489,1.82519,1.00,1.00
2018.03.21 13:55:57.687,1.82487,1.82517,1.00,1.00
2018.03.21 13:55:57.941,1.82485,1.82518,1.50,1.50
2018.03.21 13:55:58.492,1.82486,1.82518,1.00,1.31
2018.03.21 13:55:58.544,1.82485,1.82515,1.00,1.00
2018.03.21 13:55:58.595,1.82482,1.82514,1.00,1.00
2018.03.21 13:55:58.850,1.82484,1.82513,1.00,1.00
2018.03.21 13:55:59.023,1.82482,1.82513,1.00,1.00
2018.03.21 13:55:59.359,1.82484,1.82514,1.00,1.00
2018.03.21 13:55:59.511,1.82486,1.82518,1.00,1.69
2018.03.21 13:55:59.613,1.82484,1.82516,1.00,1.00
2018.03.21 13:55:59.665,1.82485,1.82518,1.00,2.81
2018.03.21 13:55:59.874,1.82484,1.82515,1.00,1.00
2018.03.21 13:56:00.381,1.82483,1.82514,1.00,1.00
2018.03.21 13:56:00.715,1.82485,1.82515,1.00,1.00
2018.03.21 13:56:01.090,1.82486,1.8252,1.00,1.28
2018.03.21 13:56:01.342,1.82486,1.82518,1.00,1.00
2018.03.21 13:56:01.668,1.82477,1.82507,1.00,1.00
2018.03.21 13:56:01.971,1.82475,1.82504,1.00,1.50
2018.03.21 13:56:02.510,1.82476,1.82504,1.00,1.00
2018.03.21 13:56:02.987,1.82474,1.82503,1.00,1.00
2018.03.21 13:56:03.367,1.82478,1.82506,1.00,1.00
2018.03.21 13:56:03.622,1.82478,1.82509,1.00,1.09
2018.03.21 13:56:03.673,1.82479,1.82503,1.00,1.00
2018.03.21 13:56:03.726,1.82474,1.82504,1.00,1.00
2018.03.21 13:56:03.777,1.82479,1.82504,1.00,1.00
2018.03.21 13:56:03.854,1.82477,1.82504,1.00,1.00
2018.03.21 13:56:03.905,1.82478,1.82508,1.00,1.50
2018.03.21 13:56:03.956,1.8248,1.82509,1.00,1.00
2018.03.21 13:56:04.158,1.82481,1.82511,1.00,1.50
2018.03.21 13:56:04.361,1.8248,1.82509,1.00,1.00
2018.03.21 13:56:04.462,1.82477,1.82508,1.50,1.00
2018.03.21 13:56:04.742,1.8248,1.82508,1.00,1.50
2018.03.21 13:56:04.945,1.82479,1.8251,1.00,1.00
2018.03.21 13:56:05.303,1.82482,1.82512,1.00,1.50
2018.03.21 13:56:05.845,1.82481,1.82513,1.00,2.25
2018.03.21 13:56:06.150,1.82489,1.82517,1.00,1.00
2018.03.21 13:56:06.297,1.82488,1.8252,1.00,1.50
2018.03.21 13:56:06.865,1.82486,1.82519,1.50,1.00
2018.03.21 13:56:07.068,1.82484,1.82517,1.00,1.00
2018.03.21 13:56:07.465,1.82485,1.82519,1.00,1.50
2018.03.21 13:56:07.516,1.82484,1.82517,1.00,1.00
2018.03.21 13:56:07.821,1.82484,1.82515,1.00,1.00
2018.03.21 13:56:08.024,1.82482,1.82514,1.00,1.00
2018.03.21 13:56:08.283,1.82484,1.82515,1.00,1.50
2018.03.21 13:56:08.435,1.82482,1.82515,1.00,1.50
2018.03.21 13:56:08.940,1.82485,1.82514,1.00,1.00
2018.03.21 13:56:09.452,1.82485,1.82515,1.00,1.25
2018.03.21 13:56:09.645,1.82482,1.82515,1.00,1.50
2018.03.21 13:56:09.696,1.82485,1.82514,1.00,1.00
2018.03.21 13:56:10.007,1.82487,1.82518,1.00,1.00
2018.03.21 13:56:10.472,1.82487,1.82516,1.00,1.00
2018.03.21 13:56:10.674,1.82489,1.8252,1.00,1.84
2018.03.21 13:56:10.725,1.82491,1.82521,1.00,1.34
2018.03.21 13:56:11.009,1.82492,1.82522,1.00,1.25
2018.03.21 13:56:11.060,1.82494,1.82523,1.00,1.69
2018.03.21 13:56:11.414,1.82494,1.82524,1.00,1.00
2018.03.21 13:56:11.465,1.82493,1.82521,1.00,1.00
2018.03.21 13:56:11.994,1.82492,1.8252,1.00,1.00
2018.03.21 13:56:12.499,1.82492,1.82521,1.00,2.25
2018.03.21 13:56:13.045,1.82494,1.82522,1.00,1.50
2018.03.21 13:56:13.146,1.82498,1.82527,1.00,1.00
2018.03.21 13:56:13.809,1.82498,1.82528,1.00,1.00
2018.03.21 13:56:14.242,1.82496,1.82528,1.00,1.50
2018.03.21 13:56:14.788,1.82496,1.82529,1.00,1.00
2018.03.21 13:56:14.943,1.82498,1.82528,1.00,1.00
2018.03.21 13:56:14.994,1.82498,1.8253,1.00,1.00
2018.03.21 13:56:15.501,1.82497,1.8253,1.12,1.00
2018.03.21 13:56:16.032,1.82499,1.82531,1.00,1.00
2018.03.21 13:56:16.537,1.82498,1.8253,1.00,1.00
2018.03.21 13:56:19.257,1.825,1.82531,1.00,1.50
2018.03.21 13:56:20.143,1.825,1.82531,1.00,1.88
2018.03.21 13:56:20.195,1.82497,1.82531,1.00,2.03
2018.03.21 13:56:20.247,1.82497,1.82529,1.00,1.00
2018.03.21 13:56:20.684,1.82499,1.82528,1.00,1.00
2018.03.21 13:56:21.006,1.82501,1.8253,1.00,1.00
2018.03.21 13:56:22.651,1.82499,1.8253,1.00,1.00
2018.03.21 13:56:23.182,1.82499,1.82529,1.00,1.00
2018.03.21 13:56:24.677,1.82498,1.82529,1.00,1.00
2018.03.21 13:56:24.998,1.82502,1.82531,1.00,1.00
2018.03.21 13:56:25.581,1.82502,1.82532,1.00,1.09
2018.03.21 13:56:25.683,1.825,1.82531,1.50,1.00
2018.03.21 13:56:25.784,1.82503,1.82533,1.00,2.03
2018.03.21 13:56:26.110,1.82505,1.82534,1.00,2.02
2018.03.21 13:56:26.621,1.82506,1.82534,1.00,1.59
2018.03.21 13:56:27.176,1.82505,1.82534,1.00,1.78
2018.03.21 13:56:28.965,1.82504,1.8253,1.00,1.00
2018.03.21 13:56:29.501,1.82504,1.82532,1.00,1.46
2018.03.21 13:56:30.019,1.82504,1.82533,1.00,3.53
2018.03.21 13:56:30.590,1.82502,1.8253,1.00,1.00
2018.03.21 13:56:30.641,1.82498,1.82527,1.00,1.00
2018.03.21 13:56:30.743,1.825,1.82526,1.00,1.00
2018.03.21 13:56:30.795,1.82501,1.82528,1.00,1.69
2018.03.21 13:56:31.078,1.82499,1.82528,1.00,1.00
2018.03.21 13:56:31.508,1.82501,1.8253,1.00,1.78
2018.03.21 13:56:32.077,1.82502,1.8253,1.00,2.21
2018.03.21 13:56:32.480,1.825,1.8253,1.00,2.21
2018.03.21 13:56:32.836,1.82499,1.82527,1.00,1.00
2018.03.21 13:56:32.887,1.82499,1.82529,1.00,1.50
2018.03.21 13:56:33.429,1.825,1.82526,1.00,1.00
2018.03.21 13:56:33.480,1.82493,1.82522,1.00,1.00
2018.03.21 13:56:33.869,1.82491,1.82521,1.00,1.00
2018.03.21 13:56:33.921,1.82496,1.82521,1.00,1.00
2018.03.21 13:56:34.267,1.82498,1.82522,1.00,1.00
2018.03.21 13:56:35.159,1.82496,1.82522,1.00,1.00
2018.03.21 13:56:35.260,1.82496,1.82521,1.00,3.37
2018.03.21 13:56:35.311,1.82492,1.82517,1.00,1.00
2018.03.21 13:56:35.864,1.82492,1.82516,1.00,1.00
2018.03.21 13:56:35.966,1.82489,1.82517,1.00,1.00
2018.03.21 13:56:36.507,1.8249,1.82516,1.00,1.00
2018.03.21 13:56:36.679,1.8249,1.82519,1.00,1.31
2018.03.21 13:56:36.793,1.82492,1.82519,1.00,1.31
2018.03.21 13:56:37.835,1.82494,1.8252,1.00,2.06
2018.03.21 13:56:39.139,1.82495,1.82523,1.00,1.84
2018.03.21 13:56:39.654,1.82497,1.82524,1.00,1.65
2018.03.21 13:56:39.806,1.82494,1.82522,1.00,1.28
2018.03.21 13:56:40.321,1.82495,1.82524,1.00,2.96
2018.03.21 13:56:41.542,1.82495,1.82522,1.00,1.28
2018.03.21 13:56:41.834,1.82493,1.82521,1.00,1.19
2018.03.21 13:56:42.098,1.82495,1.82521,1.00,1.19
2018.03.21 13:56:42.309,1.82493,1.82521,1.00,1.19
2018.03.21 13:56:42.818,1.82495,1.82522,1.00,1.28
2018.03.21 13:56:43.333,1.82495,1.82522,1.00,1.28
2018.03.21 13:56:43.841,1.82494,1.82521,1.00,1.19
2018.03.21 13:56:44.807,1.82494,1.82522,1.00,2.03
2018.03.21 13:56:45.313,1.82494,1.82521,1.00,1.19
2018.03.21 13:56:47.938,1.82493,1.82521,1.00,1.69
2018.03.21 13:56:48.281,1.82503,1.82528,1.00,1.00
2018.03.21 13:56:48.382,1.82504,1.82531,1.00,1.00
2018.03.21 13:56:48.433,1.82505,1.82533,1.00,2.25
2018.03.21 13:56:48.484,1.82508,1.82535,1.00,1.50
2018.03.21 13:56:48.789,1.8251,1.82535,1.00,1.00
2018.03.21 13:56:48.967,1.82507,1.82533,1.00,1.00
2018.03.21 13:56:49.018,1.82508,1.82535,1.00,1.00
2018.03.21 13:56:49.122,1.82511,1.82535,1.00,1.00
2018.03.21 13:56:49.427,1.82516,1.82536,1.00,1.00
2018.03.21 13:56:49.478,1.82513,1.82539,1.00,2.25
2018.03.21 13:56:49.666,1.82513,1.82541,1.00,1.00
2018.03.21 13:56:50.032,1.82513,1.82539,1.00,1.00
2018.03.21 13:56:50.318,1.82514,1.82541,1.00,2.25
2018.03.21 13:56:50.369,1.82516,1.82542,1.00,1.09
2018.03.21 13:56:50.584,1.82514,1.82542,1.00,1.84
2018.03.21 13:56:50.636,1.82519,1.82544,1.00,2.25
2018.03.21 13:56:51.230,1.82519,1.82545,1.00,1.12
2018.03.21 13:56:51.572,1.82522,1.82547,1.00,1.37
2018.03.21 13:56:51.925,1.82519,1.82546,1.00,1.00
2018.03.21 13:56:52.183,1.82519,1.82543,1.00,1.00
2018.03.21 13:56:52.337,1.82516,1.82543,1.00,1.50
2018.03.21 13:56:52.795,1.8251,1.82538,1.00,1.44
2018.03.21 13:56:52.896,1.82505,1.82534,1.00,1.00
2018.03.21 13:56:53.082,1.82504,1.82532,1.00,1.00
2018.03.21 13:56:53.440,1.82506,1.82533,1.00,1.00
2018.03.21 13:56:53.745,1.82509,1.82534,1.00,1.00
2018.03.21 13:56:54.056,1.82498,1.82524,1.00,1.00
2018.03.21 13:56:54.466,1.82496,1.82524,1.00,1.50
2018.03.21 13:56:54.680,1.82496,1.82521,1.00,1.00
2018.03.21 13:56:54.731,1.82494,1.82521,1.00,1.00
2018.03.21 13:56:55.536,1.82496,1.82521,1.00,1.50
2018.03.21 13:56:56.079,1.82496,1.8252,1.00,1.00
2018.03.21 13:56:56.231,1.82489,1.82517,1.00,1.00
2018.03.21 13:56:56.333,1.82485,1.82511,1.00,1.50
2018.03.21 13:56:56.874,1.82484,1.82512,1.00,1.00
2018.03.21 13:56:57.845,1.82484,1.8251,1.00,1.00
2018.03.21 13:56:58.372,1.82482,1.82511,1.00,1.00
2018.03.21 13:56:58.949,1.82483,1.82512,1.00,1.50
2018.03.21 13:56:59.454,1.82483,1.82511,1.00,1.00
2018.03.21 13:57:00.310,1.82484,1.82512,1.00,1.00
2018.03.21 13:57:00.820,1.82483,1.82512,1.00,2.25
2018.03.21 13:57:01.179,1.82485,1.82512,1.00,1.50
2018.03.21 13:57:01.483,1.82487,1.82512,1.00,1.00
2018.03.21 13:57:01.584,1.82484,1.8251,1.00,1.00
2018.03.21 13:57:01.635,1.82482,1.8251,1.00,1.00
2018.03.21 13:57:02.272,1.82482,1.82511,1.00,2.25
2018.03.21 13:57:02.833,1.82481,1.82506,1.00,1.12
2018.03.21 13:57:02.884,1.82473,1.825,1.00,1.00
2018.03.21 13:57:03.051,1.82469,1.82498,1.00,1.00
2018.03.21 13:57:03.152,1.8247,1.825,1.00,1.00
2018.03.21 13:57:03.253,1.82472,1.82501,1.00,1.50
2018.03.21 13:57:03.509,1.82473,1.82504,1.00,1.00
2018.03.21 13:57:03.560,1.82476,1.82505,1.00,2.25
2018.03.21 13:57:04.100,1.82476,1.82504,1.00,1.00
2018.03.21 13:57:04.688,1.82476,1.82505,1.00,1.00
2018.03.21 13:57:05.437,1.82476,1.82504,1.00,1.00
2018.03.21 13:57:06.050,1.82475,1.82504,1.00,1.00
2018.03.21 13:57:06.509,1.82478,1.82505,1.00,1.00
2018.03.21 13:57:06.811,1.8248,1.82505,1.00,1.00
2018.03.21 13:57:07.144,1.82482,1.82505,1.00,1.00
2018.03.21 13:57:08.098,1.82483,1.82509,1.00,1.00
2018.03.21 13:57:08.584,1.82479,1.82503,1.00,1.00
2018.03.21 13:57:09.132,1.82479,1.82504,1.00,1.50
2018.03.21 13:57:10.008,1.8248,1.82504,1.00,1.50
2018.03.21 13:57:10.408,1.82481,1.82509,1.00,1.00
2018.03.21 13:57:10.564,1.82479,1.82509,1.00,1.00
2018.03.21 13:57:10.757,1.82481,1.82509,1.00,1.00
2018.03.21 13:57:11.349,1.82481,1.82508,1.00,1.00
2018.03.21 13:57:13.214,1.82478,1.82503,1.00,1.00
2018.03.21 13:57:13.317,1.82475,1.82503,1.00,1.00
2018.03.21 13:57:13.368,1.82473,1.82503,1.00,1.00
2018.03.21 13:57:13.802,1.82474,1.82501,1.00,1.00
2018.03.21 13:57:13.933,1.82472,1.82501,1.00,1.00
2018.03.21 13:57:14.138,1.82474,1.82502,1.00,1.00
2018.03.21 13:57:14.341,1.82474,1.82504,1.00,1.50
2018.03.21 13:57:14.906,1.82475,1.82504,1.00,1.00
2018.03.21 13:57:14.959,1.82477,1.82508,1.00,1.50
2018.03.21 13:57:15.515,1.82478,1.82507,1.00,1.50
2018.03.21 13:57:16.028,1.82477,1.82508,1.00,1.00
2018.03.21 13:57:16.484,1.8248,1.82508,1.00,1.00
2018.03.21 13:57:17.171,1.8248,1.82507,1.00,1.00
2018.03.21 13:57:17.513,1.82486,1.82512,1.00,1.50
2018.03.21 13:57:17.819,1.82488,1.82512,1.00,1.00
2018.03.21 13:57:18.044,1.82486,1.82512,1.00,1.00
2018.03.21 13:57:18.594,1.82486,1.82513,1.00,1.50
2018.03.21 13:57:18.696,1.82488,1.82513,1.00,2.25
2018.03.21 13:57:19.728,1.82487,1.82513,1.00,1.00
2018.03.21 13:57:20.237,1.82489,1.82513,1.00,1.00
2018.03.21 13:57:20.772,1.82488,1.82512,1.00,1.00
2018.03.21 13:57:21.364,1.82487,1.82512,1.00,1.00
2018.03.21 13:57:21.619,1.82484,1.82513,1.00,1.50
2018.03.21 13:57:22.141,1.82485,1.82512,1.00,1.00
2018.03.21 13:57:22.242,1.82488,1.82513,1.00,1.50
2018.03.21 13:57:22.293,1.82484,1.82513,1.00,1.00
2018.03.21 13:57:22.596,1.82486,1.82513,1.00,2.25
2018.03.21 13:57:23.268,1.82487,1.82514,1.00,1.00
2018.03.21 13:57:23.319,1.8249,1.82519,1.00,2.25
2018.03.21 13:57:23.658,1.82492,1.82518,1.00,1.00
2018.03.21 13:57:23.993,1.82494,1.82518,1.00,1.00
2018.03.21 13:57:24.531,1.82495,1.82518,1.00,1.00
2018.03.21 13:57:25.063,1.82494,1.82518,1.00,1.00
2018.03.21 13:57:25.571,1.82494,1.82519,1.00,1.50
2018.03.21 13:57:25.876,1.82494,1.82515,1.00,1.00
2018.03.21 13:57:25.927,1.82492,1.82515,1.00,1.50
2018.03.21 13:57:26.232,1.82494,1.82515,1.00,1.50
2018.03.21 13:57:26.334,1.82494,1.82519,1.00,1.50
2018.03.21 13:57:27.144,1.82494,1.82518,1.00,1.00
2018.03.21 13:57:27.679,1.82495,1.82518,1.00,1.00
2018.03.21 13:57:28.100,1.82498,1.82518,1.00,1.00
2018.03.21 13:57:28.202,1.82495,1.82518,1.00,1.00
2018.03.21 13:57:28.709,1.82493,1.82518,1.00,1.50
2018.03.21 13:57:29.136,1.82491,1.82515,1.00,1.00
2018.03.21 13:57:29.483,1.82493,1.82515,1.00,1.00
2018.03.21 13:57:29.734,1.82491,1.82514,1.00,1.00
2018.03.21 13:57:30.142,1.82489,1.82514,1.00,1.00
2018.03.21 13:57:30.193,1.82491,1.82514,1.00,1.00
2018.03.21 13:57:30.712,1.82491,1.82515,1.00,1.00
2018.03.21 13:57:32.102,1.8249,1.82515,1.00,1.00
2018.03.21 13:57:32.837,1.8249,1.82514,1.00,1.00
2018.03.21 13:57:33.420,1.82491,1.82514,1.00,1.00
2018.03.21 13:57:33.527,1.82489,1.82514,1.00,1.00
2018.03.21 13:57:35.155,1.8249,1.82514,1.00,1.00
2018.03.21 13:57:35.379,1.82488,1.82515,1.00,1.00
2018.03.21 13:57:35.533,1.82491,1.82515,1.00,1.00
2018.03.21 13:57:36.121,1.82492,1.82514,1.00,1.00
2018.03.21 13:57:36.415,1.82492,1.82519,1.00,1.00
2018.03.21 13:57:36.711,1.82494,1.82519,1.00,1.00
2018.03.21 13:57:37.233,1.82492,1.8252,1.00,1.50
2018.03.21 13:57:37.478,1.82494,1.82519,1.00,1.00
2018.03.21 13:57:38.016,1.82493,1.82519,1.00,1.00
2018.03.21 13:57:38.321,1.82495,1.82521,1.00,1.50
2018.03.21 13:57:38.760,1.82498,1.82521,1.00,1.50
2018.03.21 13:57:39.460,1.82498,1.8252,1.00,1.00
2018.03.21 13:57:40.084,1.82501,1.8252,1.00,1.50
2018.03.21 13:57:40.289,1.82499,1.8252,1.00,1.50
2018.03.21 13:57:40.580,1.82496,1.82521,1.00,2.25
2018.03.21 13:57:41.086,1.82495,1.82521,1.00,1.50
2018.03.21 13:57:42.159,1.82495,1.8252,1.00,1.00
2018.03.21 13:57:42.817,1.82495,1.82521,1.00,2.25
2018.03.21 13:57:43.377,1.82495,1.8252,1.00,1.00
2018.03.21 13:57:44.158,1.82495,1.82517,1.00,1.00
2018.03.21 13:57:44.261,1.82492,1.82515,1.00,1.00
2018.03.21 13:57:44.892,1.82491,1.82515,1.00,1.00
2018.03.21 13:57:45.206,1.82492,1.82512,1.00,1.00
2018.03.21 13:57:46.477,1.82491,1.82512,1.00,1.00
2018.03.21 13:57:46.629,1.82489,1.82512,1.00,1.00
2018.03.21 13:57:47.009,1.82487,1.82511,1.00,1.00
2018.03.21 13:57:47.161,1.82481,1.82506,1.00,2.25
2018.03.21 13:57:47.212,1.82479,1.82506,1.00,1.50
2018.03.21 13:57:47.263,1.82477,1.82505,1.00,1.00
2018.03.21 13:57:47.392,1.82476,1.82502,1.00,1.00
2018.03.21 13:57:48.228,1.82476,1.82501,1.00,1.00
2018.03.21 13:57:48.923,1.82476,1.82502,1.00,1.50
2018.03.21 13:57:50.091,1.82476,1.82501,1.00,1.00
2018.03.21 13:57:51.749,1.82477,1.82501,1.00,1.00
2018.03.21 13:57:52.968,1.82479,1.82501,1.00,1.00
2018.03.21 13:57:53.020,1.82482,1.82505,1.00,1.00
2018.03.21 13:57:53.536,1.82482,1.82506,1.00,1.50
2018.03.21 13:57:54.050,1.82482,1.82505,1.00,1.00
2018.03.21 13:57:54.600,1.82481,1.82506,1.00,1.00
2018.03.21 13:57:55.110,1.8248,1.82505,1.00,1.00
2018.03.21 13:57:55.513,1.82482,1.82505,1.00,1.50
2018.03.21 13:57:56.029,1.82482,1.82506,1.00,1.00
2018.03.21 13:58:00.102,1.82481,1.82506,1.00,1.00
2018.03.21 13:58:00.203,1.82479,1.82505,1.00,1.00
2018.03.21 13:58:00.256,1.82479,1.82508,1.00,1.00
2018.03.21 13:58:00.307,1.82487,1.82511,1.00,1.00
2018.03.21 13:58:00.459,1.82488,1.82513,1.00,1.50
2018.03.21 13:58:00.560,1.8249,1.82512,1.00,1.00
2018.03.21 13:58:00.900,1.82492,1.82514,1.00,1.00
2018.03.21 13:58:01.002,1.82491,1.82516,1.00,1.00
2018.03.21 13:58:01.741,1.8249,1.82516,1.00,1.25
2018.03.21 13:58:02.456,1.8249,1.82515,1.00,1.00
2018.03.21 13:58:02.507,1.8249,1.82513,1.00,1.00
2018.03.21 13:58:03.058,1.82491,1.82513,1.00,1.00
2018.03.21 13:58:04.614,1.8249,1.82512,1.00,1.00
2018.03.21 13:58:04.705,1.82488,1.82512,1.00,1.00
2018.03.21 13:58:04.809,1.82488,1.82514,1.00,1.09
2018.03.21 13:58:05.248,1.8249,1.82514,1.00,1.09
2018.03.21 13:58:05.749,1.82489,1.82514,1.00,1.00
2018.03.21 13:58:06.126,1.82491,1.82515,1.00,1.00
2018.03.21 13:58:06.537,1.82486,1.82513,1.00,1.00
2018.03.21 13:58:06.587,1.82486,1.82509,1.00,1.00
2018.03.21 13:58:06.638,1.82487,1.82513,1.00,1.50
2018.03.21 13:58:07.148,1.82488,1.82513,1.00,1.25
2018.03.21 13:58:07.760,1.82491,1.82516,1.00,1.28
2018.03.21 13:58:08.331,1.82491,1.82516,1.00,2.96
2018.03.21 13:58:09.919,1.82491,1.82516,1.00,1.28
2018.03.21 13:58:10.704,1.82491,1.82515,1.00,1.00
2018.03.21 13:58:11.027,1.82492,1.82517,1.00,1.87
2018.03.21 13:58:11.788,1.82488,1.82517,1.00,1.87
2018.03.21 13:58:12.294,1.82487,1.82515,1.00,1.00
2018.03.21 13:58:12.922,1.82488,1.82517,1.00,1.37
2018.03.21 13:58:15.249,1.82491,1.82517,1.00,1.87
2018.03.21 13:58:15.751,1.82491,1.82518,1.00,1.37
2018.03.21 13:58:15.954,1.82491,1.82519,1.00,1.00
2018.03.21 13:58:16.006,1.82493,1.8252,1.00,1.87
2018.03.21 13:58:16.521,1.82494,1.8252,1.00,1.12
2018.03.21 13:58:17.028,1.82492,1.82521,1.00,3.37
2018.03.21 13:58:17.233,1.82495,1.8252,1.00,1.87
2018.03.21 13:58:18.104,1.82494,1.82521,1.00,2.62
2018.03.21 13:58:18.543,1.82492,1.82521,1.00,6.00
2018.03.21 13:58:19.216,1.82491,1.8252,1.00,1.00
2018.03.21 13:58:20.667,1.82492,1.82521,1.00,4.50
2018.03.21 13:58:21.419,1.82492,1.82518,1.00,1.00
2018.03.21 13:58:21.611,1.8249,1.82517,1.00,1.84
2018.03.21 13:58:21.662,1.82487,1.82516,1.00,1.50
2018.03.21 13:58:21.813,1.82486,1.82513,1.00,1.00
2018.03.21 13:58:21.864,1.82487,1.82515,1.00,1.00
2018.03.21 13:58:22.403,1.82487,1.82514,1.00,1.00
2018.03.21 13:58:22.910,1.82486,1.82514,1.00,3.19
2018.03.21 13:58:23.294,1.82486,1.82512,1.00,1.00
2018.03.21 13:58:23.749,1.82486,1.82514,1.00,3.00
2018.03.21 13:58:23.800,1.82486,1.82512,1.00,1.00
2018.03.21 13:58:24.158,1.82486,1.82509,1.00,1.00
2018.03.21 13:58:24.209,1.82481,1.82506,1.00,1.50
2018.03.21 13:58:24.338,1.82476,1.82504,1.00,1.69
2018.03.21 13:58:24.541,1.82474,1.82503,1.00,1.00
2018.03.21 13:58:24.643,1.82477,1.82505,1.00,1.34
2018.03.21 13:58:25.181,1.82477,1.82503,1.00,1.00
2018.03.21 13:58:25.846,1.82476,1.82502,1.00,1.00
2018.03.21 13:58:25.897,1.82474,1.82502,1.00,1.00
2018.03.21 13:58:26.413,1.82473,1.82501,1.00,1.00
2018.03.21 13:58:26.465,1.82476,1.82501,1.00,1.00
2018.03.21 13:58:26.993,1.82476,1.82502,1.00,1.00
2018.03.21 13:58:28.496,1.82477,1.82502,1.00,1.00
2018.03.21 13:58:29.135,1.82476,1.82502,1.00,1.00
2018.03.21 13:58:29.633,1.82473,1.82501,1.00,1.00
2018.03.21 13:58:29.735,1.82473,1.82499,1.00,1.00
2018.03.21 13:58:30.246,1.82473,1.825,1.00,1.00
2018.03.21 13:58:30.822,1.82472,1.825,1.00,1.50
2018.03.21 13:58:31.594,1.82473,1.82501,1.00,1.50
2018.03.21 13:58:32.196,1.82473,1.82499,1.00,1.25
2018.03.21 13:58:32.581,1.8247,1.825,1.25,1.00
2018.03.21 13:58:32.632,1.82474,1.82502,1.00,1.00
2018.03.21 13:58:32.936,1.82478,1.82505,1.00,1.00
2018.03.21 13:58:33.539,1.82477,1.82506,1.00,1.50
2018.03.21 13:58:33.846,1.8248,1.82506,1.00,1.50
2018.03.21 13:58:34.155,1.82478,1.82503,1.00,1.00
2018.03.21 13:58:34.659,1.82478,1.82502,1.00,1.00
2018.03.21 13:58:35.595,1.82477,1.82503,1.00,1.00
2018.03.21 13:58:35.929,1.82477,1.82501,1.00,1.00
2018.03.21 13:58:36.453,1.82478,1.82502,1.00,1.00
2018.03.21 13:58:36.713,1.82479,1.82505,1.00,1.50
2018.03.21 13:58:37.230,1.82484,1.82512,1.00,2.62
2018.03.21 13:58:37.535,1.82488,1.82511,1.00,1.00
2018.03.21 13:58:37.788,1.82488,1.82513,1.00,1.50
2018.03.21 13:58:38.593,1.82488,1.82511,1.00,1.00
2018.03.21 13:58:38.644,1.82486,1.82512,1.00,1.00
2018.03.21 13:58:38.846,1.82486,1.82508,1.00,1.00
2018.03.21 13:58:39.446,1.82486,1.82509,1.00,1.00
2018.03.21 13:58:40.310,1.82486,1.82513,1.00,1.50
2018.03.21 13:58:40.361,1.82483,1.82513,1.00,1.31
2018.03.21 13:58:40.412,1.82482,1.8251,1.00,1.44
2018.03.21 13:58:40.812,1.82482,1.82507,1.00,1.00
2018.03.21 13:58:40.863,1.8248,1.82507,1.00,1.00
2018.03.21 13:58:41.764,1.8248,1.82502,1.00,1.00
2018.03.21 13:58:41.986,1.82478,1.82502,1.00,1.00
2018.03.21 13:58:42.521,1.82478,1.82503,1.00,1.00
2018.03.21 13:58:42.572,1.82481,1.82503,1.00,1.00
2018.03.21 13:58:43.076,1.82478,1.82502,1.00,1.00
2018.03.21 13:58:43.229,1.82477,1.82498,1.00,1.00
2018.03.21 13:58:43.331,1.82477,1.82502,1.00,2.63
2018.03.21 13:58:44.285,1.82473,1.82501,1.00,1.88
2018.03.21 13:58:44.336,1.82472,1.82497,1.00,1.00
2018.03.21 13:58:44.899,1.82473,1.82497,1.00,1.00
2018.03.21 13:58:45.453,1.82474,1.82498,1.00,1.25
2018.03.21 13:58:46.658,1.82477,1.82497,1.00,1.00
2018.03.21 13:58:46.709,1.82474,1.82498,1.00,1.00
2018.03.21 13:58:46.812,1.82475,1.82503,1.00,2.25
2018.03.21 13:58:46.863,1.82477,1.82503,1.00,2.25
2018.03.21 13:58:47.197,1.82481,1.82503,1.00,1.00
2018.03.21 13:58:47.505,1.82483,1.82503,1.00,1.00
2018.03.21 13:58:48.672,1.82483,1.82502,1.00,1.00
2018.03.21 13:58:49.043,1.82483,1.82507,1.00,2.06
2018.03.21 13:58:49.372,1.8248,1.82506,1.00,1.31
2018.03.21 13:58:49.527,1.82482,1.82507,1.00,2.06
2018.03.21 13:58:49.847,1.82481,1.82502,1.00,1.00
2018.03.21 13:58:50.366,1.82482,1.82503,1.00,1.00
2018.03.21 13:58:50.615,1.82481,1.82506,1.00,2.44
2018.03.21 13:58:50.969,1.8248,1.82502,1.00,1.00
2018.03.21 13:58:51.019,1.82477,1.82501,1.00,1.25
2018.03.21 13:58:51.121,1.82477,1.82498,1.00,1.00
2018.03.21 13:58:51.273,1.8248,1.82502,1.00,1.50
2018.03.21 13:58:51.324,1.82482,1.82502,1.00,1.00
2018.03.21 13:58:51.632,1.82488,1.82506,1.00,1.00
2018.03.21 13:58:51.885,1.82489,1.8251,1.00,1.00
2018.03.21 13:58:52.422,1.82488,1.82512,1.00,1.00
2018.03.21 13:58:52.524,1.82486,1.82509,1.00,1.37
2018.03.21 13:58:52.575,1.82481,1.82505,1.00,1.00
2018.03.21 13:58:52.676,1.82478,1.82504,1.00,1.69
2018.03.21 13:58:52.727,1.82478,1.825,1.00,1.00
2018.03.21 13:58:52.828,1.82476,1.825,1.00,1.00
2018.03.21 13:58:53.440,1.82477,1.82501,1.00,1.00
2018.03.21 13:58:53.491,1.82486,1.82508,1.00,1.69
2018.03.21 13:58:56.063,1.82485,1.82509,1.00,1.19
2018.03.21 13:58:56.267,1.82483,1.82508,1.00,1.25
2018.03.21 13:58:56.711,1.82485,1.82508,1.00,1.00
2018.03.21 13:58:57.300,1.82486,1.82508,1.00,1.00
2018.03.21 13:58:57.624,1.82482,1.82505,1.00,1.00
2018.03.21 13:58:57.777,1.82485,1.82509,1.00,1.00
2018.03.21 13:58:57.894,1.82493,1.8251,1.00,1.50
2018.03.21 13:58:57.948,1.825,1.82521,1.00,1.37
2018.03.21 13:58:57.999,1.82505,1.82521,1.00,1.00
2018.03.21 13:58:58.050,1.82505,1.82527,1.00,1.00
2018.03.21 13:58:58.762,1.82505,1.82526,1.00,1.00
2018.03.21 13:58:58.813,1.82503,1.82526,1.00,1.50
2018.03.21 13:58:59.671,1.82503,1.82527,1.00,1.50
2018.03.21 13:59:00.122,1.82503,1.82525,1.00,1.00
2018.03.21 13:59:00.469,1.82504,1.82523,1.00,1.00
2018.03.21 13:59:00.949,1.82501,1.82523,1.00,1.50
2018.03.21 13:59:01.151,1.82503,1.82522,1.00,1.00
2018.03.21 13:59:01.462,1.82505,1.82523,1.00,1.50
2018.03.21 13:59:02.039,1.82505,1.82522,1.00,1.00
2018.03.21 13:59:03.054,1.82501,1.82523,1.00,1.00
2018.03.21 13:59:03.256,1.82499,1.82523,1.00,1.00
2018.03.21 13:59:03.357,1.82494,1.82521,1.00,1.00
2018.03.21 13:59:03.408,1.82494,1.82514,1.00,1.00
2018.03.21 13:59:03.581,1.82495,1.82517,1.00,1.00
2018.03.21 13:59:03.885,1.82493,1.82517,1.00,1.00
2018.03.21 13:59:03.936,1.82497,1.82517,1.00,1.00
2018.03.21 13:59:04.244,1.825,1.82521,1.00,1.00
2018.03.21 13:59:04.782,1.82501,1.82522,1.00,1.00
2018.03.21 13:59:05.113,1.82496,1.82518,1.00,1.00
2018.03.21 13:59:05.443,1.82494,1.82518,1.00,2.25
2018.03.21 13:59:05.967,1.82494,1.82517,1.00,1.00
2018.03.21 13:59:06.544,1.82494,1.82518,1.00,1.00
2018.03.21 13:59:07.833,1.82494,1.82517,1.00,1.00
2018.03.21 13:59:08.356,1.82494,1.82518,1.00,1.50
2018.03.21 13:59:09.049,1.82493,1.82513,1.00,1.00
2018.03.21 13:59:09.589,1.82491,1.82514,1.00,1.50
2018.03.21 13:59:10.101,1.8249,1.82513,1.00,1.00
2018.03.21 13:59:10.203,1.82487,1.82509,1.00,1.00
2018.03.21 13:59:10.458,1.82485,1.82509,1.00,1.00
2018.03.21 13:59:11.343,1.82485,1.8251,1.00,1.50
2018.03.21 13:59:11.890,1.82485,1.82509,1.00,1.00
2018.03.21 13:59:12.443,1.82484,1.82509,1.00,1.00
2018.03.21 13:59:12.997,1.82484,1.8251,1.00,1.50
2018.03.21 13:59:13.360,1.82486,1.8251,1.00,1.00
2018.03.21 13:59:13.901,1.82485,1.8251,1.00,1.00
2018.03.21 13:59:14.209,1.82487,1.82509,1.00,1.00
2018.03.21 13:59:14.732,1.82488,1.82509,1.00,1.00
2018.03.21 13:59:15.255,1.82488,1.8251,1.00,1.00
2018.03.21 13:59:15.979,1.82486,1.8251,1.00,1.00
2018.03.21 13:59:16.495,1.82485,1.8251,1.00,1.50
2018.03.21 13:59:16.808,1.82487,1.82509,1.00,1.00
2018.03.21 13:59:17.114,1.82492,1.82515,1.00,1.00
2018.03.21 13:59:17.657,1.82492,1.82516,1.00,1.00
2018.03.21 13:59:18.178,1.82492,1.82515,1.00,1.00
2018.03.21 13:59:18.782,1.82493,1.82515,1.00,1.00
2018.03.21 13:59:19.287,1.82493,1.82516,1.00,1.00
2018.03.21 13:59:19.808,1.82491,1.82516,1.00,1.50
2018.03.21 13:59:20.195,1.82487,1.82515,1.00,1.00
2018.03.21 13:59:20.297,1.82488,1.8251,1.00,1.00
2018.03.21 13:59:20.348,1.82482,1.82509,1.00,1.00
2018.03.21 13:59:20.670,1.82482,1.82504,1.00,1.00
2018.03.21 13:59:20.873,1.8248,1.82505,1.00,1.00
2018.03.21 13:59:21.423,1.82481,1.82505,1.00,1.00
2018.03.21 13:59:21.678,1.82486,1.82504,1.00,1.00
2018.03.21 13:59:22.096,1.82486,1.82508,1.00,1.00
2018.03.21 13:59:22.198,1.82489,1.82508,1.00,1.00
2018.03.21 13:59:22.507,1.82486,1.82505,1.00,1.00
2018.03.21 13:59:22.911,1.82481,1.82504,1.00,1.25
2018.03.21 13:59:22.961,1.82481,1.82501,1.00,1.00
2018.03.21 13:59:23.063,1.82477,1.825,1.00,1.00
2018.03.21 13:59:23.454,1.82479,1.82501,1.00,1.00
2018.03.21 13:59:23.979,1.82479,1.82499,1.00,1.00
2018.03.21 13:59:24.030,1.82479,1.82501,1.00,1.00
2018.03.21 13:59:24.336,1.82479,1.82504,1.00,1.00
2018.03.21 13:59:24.387,1.82482,1.82504,1.00,1.00
2018.03.21 13:59:24.629,1.82484,1.82508,1.00,2.06
2018.03.21 13:59:25.071,1.82485,1.82505,1.00,1.00
2018.03.21 13:59:25.245,1.82485,1.82508,1.00,2.81
2018.03.21 13:59:25.578,1.82485,1.82505,1.00,1.00
2018.03.21 13:59:25.808,1.82487,1.82508,1.00,1.69
2018.03.21 13:59:25.961,1.82486,1.82506,1.00,1.00
2018.03.21 13:59:26.187,1.82486,1.82508,1.00,1.00
2018.03.21 13:59:26.239,1.82488,1.82509,1.00,1.50
2018.03.21 13:59:26.746,1.82489,1.82509,1.00,1.00
2018.03.21 13:59:27.267,1.82489,1.8251,1.00,1.00
2018.03.21 13:59:27.418,1.82489,1.82513,1.00,1.50
2018.03.21 13:59:27.469,1.82491,1.82513,1.00,1.50
2018.03.21 13:59:27.773,1.82487,1.82508,1.00,1.50
2018.03.21 13:59:28.373,1.82488,1.82508,1.00,1.50
2018.03.21 13:59:28.619,1.82485,1.82507,1.00,1.00
2018.03.21 13:59:28.924,1.82482,1.82505,1.00,1.00
2018.03.21 13:59:29.131,1.82484,1.82508,1.00,1.00
2018.03.21 13:59:29.312,1.82482,1.82508,1.00,1.00
2018.03.21 13:59:29.467,1.82485,1.82508,1.00,1.00
2018.03.21 13:59:29.802,1.82484,1.82506,1.00,1.44
2018.03.21 13:59:29.853,1.82481,1.82507,1.00,1.44
2018.03.21 13:59:29.904,1.82481,1.82504,1.00,1.00
2018.03.21 13:59:30.252,1.82478,1.82502,1.00,1.00
2018.03.21 13:59:30.849,1.82482,1.82505,1.00,1.50
2018.03.21 13:59:30.900,1.82482,1.82508,1.00,1.56
2018.03.21 13:59:30.951,1.82482,1.82505,1.00,1.00
2018.03.21 13:59:31.204,1.82478,1.82502,1.00,1.25
2018.03.21 13:59:31.737,1.82477,1.82503,1.00,1.00
2018.03.21 13:59:32.051,1.82479,1.82503,1.00,1.00
2018.03.21 13:59:32.204,1.82479,1.82507,1.00,1.37
2018.03.21 13:59:32.255,1.82481,1.82507,1.00,1.37
2018.03.21 13:59:32.611,1.82481,1.82508,1.00,1.31
2018.03.21 13:59:32.941,1.8248,1.82502,1.00,1.00
2018.03.21 13:59:33.043,1.82477,1.82502,1.00,1.00
2018.03.21 13:59:33.337,1.82479,1.82502,1.00,1.00
2018.03.21 13:59:33.439,1.82477,1.82502,1.00,1.00
2018.03.21 13:59:33.569,1.82475,1.82502,1.00,1.00
2018.03.21 13:59:33.671,1.82472,1.82501,1.00,1.25
2018.03.21 13:59:33.722,1.82475,1.82499,1.00,1.00
2018.03.21 13:59:34.025,1.82477,1.825,1.00,1.00
2018.03.21 13:59:34.172,1.82479,1.82504,1.00,1.88
2018.03.21 13:59:34.274,1.82475,1.82504,1.00,1.50
2018.03.21 13:59:34.326,1.82479,1.82505,1.00,1.00
2018.03.21 13:59:34.631,1.82488,1.82505,1.00,1.00
2018.03.21 13:59:34.682,1.82486,1.82504,1.00,1.00
2018.03.21 13:59:34.836,1.82484,1.82505,1.00,1.00
2018.03.21 13:59:34.887,1.82483,1.8251,1.00,1.50
2018.03.21 13:59:35.140,1.82481,1.82513,1.00,1.37
2018.03.21 13:59:35.190,1.82483,1.82513,1.00,1.37
2018.03.21 13:59:35.709,1.82484,1.82511,1.00,1.50
2018.03.21 13:59:36.530,1.82484,1.82513,1.00,2.06
2018.03.21 13:59:37.389,1.82483,1.82513,1.00,1.37
2018.03.21 13:59:37.711,1.8247,1.82499,1.00,1.69
2018.03.21 13:59:38.021,1.8247,1.82499,1.00,2.44
2018.03.21 13:59:38.532,1.82468,1.82498,1.00,1.87
2018.03.21 13:59:38.964,1.82471,1.82498,1.00,1.19
2018.03.21 13:59:40.190,1.82471,1.82498,1.00,1.56
2018.03.21 13:59:40.765,1.8247,1.82499,1.00,2.06
2018.03.21 13:59:41.070,1.82468,1.82495,1.00,1.00
2018.03.21 13:59:41.174,1.82468,1.82499,1.00,1.88
2018.03.21 13:59:41.239,1.82468,1.82489,1.00,1.00
2018.03.21 13:59:41.367,1.82465,1.82497,1.00,1.88
2018.03.21 13:59:41.622,1.82467,1.82495,1.00,1.12
2018.03.21 13:59:42.421,1.82466,1.82495,1.00,1.25
2018.03.21 13:59:42.948,1.82467,1.82495,1.00,1.00
2018.03.21 13:59:43.613,1.82467,1.82494,1.00,1.00
2018.03.21 13:59:44.065,1.82464,1.82494,1.00,1.00
2018.03.21 13:59:44.840,1.82463,1.82494,1.00,1.00
2018.03.21 13:59:45.046,1.82466,1.82493,1.00,1.00
2018.03.21 13:59:45.401,1.82468,1.82494,1.00,1.00
2018.03.21 13:59:45.616,1.82468,1.82497,1.00,1.37
2018.03.21 13:59:45.670,1.8245,1.82497,1.56,1.37
2018.03.21 13:59:45.721,1.82469,1.82497,1.00,1.37
2018.03.21 13:59:46.082,1.82466,1.82497,1.00,2.06
2018.03.21 13:59:46.570,1.82466,1.8249,1.00,1.00
2018.03.21 13:59:46.882,1.82465,1.82488,1.00,1.69
2018.03.21 13:59:46.983,1.82462,1.82486,1.00,1.00
2018.03.21 13:59:47.034,1.82463,1.82488,1.00,1.12
2018.03.21 13:59:47.136,1.82466,1.82488,1.00,1.00
2018.03.21 13:59:48.072,1.82465,1.82488,1.00,1.00
2018.03.21 13:59:48.194,1.82466,1.82492,1.00,1.00
2018.03.21 13:59:48.398,1.82467,1.82494,1.00,1.69
2018.03.21 13:59:48.954,1.82468,1.82495,1.00,1.31
2018.03.21 13:59:49.527,1.82469,1.82495,1.00,1.25
2018.03.21 13:59:49.851,1.82471,1.82495,1.00,1.25
2018.03.21 13:59:50.161,1.82469,1.82495,1.00,1.88
2018.03.21 13:59:50.710,1.82469,1.82495,1.00,1.25
2018.03.21 13:59:50.844,1.82469,1.82497,1.00,1.00
2018.03.21 13:59:50.895,1.82476,1.82502,1.00,1.00
2018.03.21 13:59:50.945,1.82476,1.82506,1.00,1.00
2018.03.21 13:59:51.097,1.82479,1.82506,1.00,1.00
2018.03.21 13:59:51.684,1.8248,1.82505,1.00,1.00
2018.03.21 13:59:52.133,1.8248,1.82509,1.00,1.00
2018.03.21 13:59:52.286,1.82481,1.82511,1.00,1.50
2018.03.21 13:59:52.337,1.82484,1.82511,1.00,1.00
2018.03.21 13:59:52.793,1.82483,1.82509,1.00,1.12
2018.03.21 13:59:53.050,1.82478,1.82506,1.00,1.00
2018.03.21 13:59:53.152,1.82479,1.8251,1.00,1.00
2018.03.21 13:59:53.254,1.82481,1.8251,1.00,1.00
2018.03.21 13:59:53.789,1.82481,1.82511,1.00,1.00
2018.03.21 13:59:54.481,1.82482,1.82512,1.00,1.00
2018.03.21 13:59:54.809,1.82482,1.8251,1.00,1.00
2018.03.21 13:59:55.154,1.82482,1.82513,1.00,1.50
2018.03.21 13:59:55.312,1.82485,1.82513,1.00,1.00
2018.03.21 13:59:57.029,1.82486,1.82514,1.00,1.50
2018.03.21 13:59:57.457,1.82485,1.82516,1.00,1.00
2018.03.21 13:59:57.508,1.82487,1.82512,1.00,1.00
2018.03.21 13:59:57.685,1.82476,1.82503,1.00,1.00
2018.03.21 13:59:58.084,1.82476,1.82505,1.00,1.00
2018.03.21 13:59:58.467,1.82478,1.82506,1.00,1.00
2018.03.21 13:59:58.781,1.82478,1.82503,1.00,1.00
2018.03.21 13:59:59.080,1.82475,1.82503,1.00,1.00
2018.03.21 13:59:59.719,1.82473,1.82502,1.00,1.00
2018.03.21 13:59:59.871,1.82475,1.82503,1.00,1.00
