2011.07.25 20:00:00.080,1.54054,1.54113,1.50,1.84
2011.07.25 20:00:00.196,1.54051,1.54111,1.50,1.13
2011.07.25 20:00:00.724,1.54052,1.54113,1.50,2.22
2011.07.25 20:00:00.841,1.54049,1.54108,1.88,1.13
2011.07.25 20:00:01.389,1.54049,1.54108,1.50,1.50
2011.07.25 20:00:01.936,1.54049,1.54112,1.50,1.13
2011.07.25 20:00:02.050,1.54049,1.54109,1.50,1.50
2011.07.25 20:00:02.639,1.54051,1.54109,1.50,1.50
2011.07.25 20:00:02.970,1.54048,1.54102,1.09,1.13
2011.07.25 20:00:03.411,1.54046,1.54097,1.09,1.13
2011.07.25 20:00:03.628,1.54044,1.54106,1.84,1.53
2011.07.25 20:00:04.399,1.54048,1.54101,1.09,1.13
2011.07.25 20:00:05.710,1.54048,1.54098,1.09,1.13
2011.07.25 20:00:06.594,1.54048,1.54098,1.09,1.50
2011.07.25 20:00:07.149,1.54042,1.54099,2.85,1.09
2011.07.25 20:00:08.081,1.54042,1.54099,2.85,1.09
2011.07.25 20:00:08.842,1.54042,1.54098,2.85,1.50
2011.07.25 20:00:09.072,1.54046,1.54103,1.47,1.50
2011.07.25 20:00:09.657,1.54053,1.54099,1.09,1.13
2011.07.25 20:00:10.209,1.54053,1.54099,1.09,1.50
2011.07.25 20:00:10.798,1.54053,1.54106,1.09,1.09
2011.07.25 20:00:10.908,1.54053,1.54107,1.09,1.49
2011.07.25 20:00:11.023,1.54047,1.54106,1.50,1.12
2011.07.25 20:00:11.360,1.54047,1.54099,1.50,1.43
2011.07.25 20:00:11.929,1.54045,1.54092,1.09,1.13
2011.07.25 20:00:12.501,1.54048,1.54092,1.13,1.13
2011.07.25 20:00:12.829,1.5405,1.541,1.13,1.80
2011.07.25 20:00:12.941,1.5405,1.54096,1.13,1.13
2011.07.25 20:00:13.380,1.54045,1.54097,1.84,1.13
2011.07.25 20:00:13.720,1.54045,1.54097,1.84,1.13
2011.07.25 20:00:13.943,1.54045,1.54096,1.09,1.13
2011.07.25 20:00:14.278,1.54044,1.54101,1.09,1.09
2011.07.25 20:00:14.390,1.54044,1.54096,1.09,1.13
2011.07.25 20:00:14.732,1.54045,1.54097,1.09,1.13
2011.07.25 20:00:15.356,1.54045,1.54097,1.09,1.13
2011.07.25 20:00:15.827,1.54045,1.54103,1.09,1.47
2011.07.25 20:00:15.940,1.54045,1.54097,1.09,1.13
2011.07.25 20:00:16.538,1.54047,1.54096,1.50,1.13
2011.07.25 20:00:17.188,1.54047,1.54096,1.50,1.13
2011.07.25 20:00:17.916,1.54045,1.54096,1.09,1.13
2011.07.25 20:00:18.390,1.54053,1.54097,1.09,1.13
2011.07.25 20:00:18.497,1.54045,1.54102,1.09,1.13
2011.07.25 20:00:19.159,1.54054,1.54101,1.09,1.57
2011.07.25 20:00:20.050,1.54047,1.54096,1.50,1.13
2011.07.25 20:00:20.269,1.54044,1.54096,1.84,1.13
2011.07.25 20:00:21.022,1.54044,1.54101,1.84,1.45
2011.07.25 20:00:21.142,1.54044,1.54101,1.09,1.15
2011.07.25 20:00:21.699,1.54043,1.54101,1.09,1.53
2011.07.25 20:00:21.918,1.54044,1.54102,1.09,1.53
2011.07.25 20:00:22.250,1.5405,1.54105,1.47,1.13
2011.07.25 20:00:23.460,1.54054,1.54102,1.09,1.13
2011.07.25 20:00:24.969,1.54057,1.54101,1.09,1.13
2011.07.25 20:00:25.079,1.54057,1.54106,1.09,1.13
2011.07.25 20:00:25.631,1.54057,1.54102,1.09,1.13
2011.07.25 20:00:26.148,1.5405,1.54101,1.09,1.13
2011.07.25 20:00:26.260,1.54047,1.54101,2.07,1.13
2011.07.25 20:00:29.528,1.54047,1.54101,1.73,1.09
2011.07.25 20:00:29.642,1.54039,1.54099,1.50,1.09
2011.07.25 20:00:30.170,1.54037,1.54097,1.50,1.12
2011.07.25 20:00:30.961,1.54037,1.54097,2.25,1.12
2011.07.25 20:00:31.795,1.54037,1.54096,1.50,1.15
2011.07.25 20:00:32.330,1.54042,1.54097,1.50,1.12
2011.07.25 20:00:32.889,1.54044,1.54098,1.09,1.53
2011.07.25 20:00:33.611,1.54044,1.54096,1.09,1.15
2011.07.25 20:00:34.150,1.54044,1.54096,1.09,1.15
2011.07.25 20:00:35.140,1.54044,1.54098,1.09,1.53
2011.07.25 20:00:35.254,1.54038,1.54092,2.10,1.47
2011.07.25 20:00:35.369,1.54037,1.54091,1.09,1.35
2011.07.25 20:00:35.645,1.54036,1.54096,2.59,1.53
2011.07.25 20:00:35.981,1.54036,1.54096,1.84,1.53
2011.07.25 20:00:36.198,1.54036,1.54094,1.84,1.13
2011.07.25 20:00:36.310,1.54033,1.54093,1.84,1.09
2011.07.25 20:00:36.529,1.54033,1.54092,1.09,2.10
2011.07.25 20:00:36.857,1.54033,1.54093,1.84,1.09
2011.07.25 20:00:36.970,1.54036,1.54092,1.09,1.35
2011.07.25 20:00:37.190,1.54033,1.54092,1.84,2.10
2011.07.25 20:00:39.222,1.54037,1.54093,1.09,1.84
2011.07.25 20:00:39.769,1.54033,1.54093,1.44,1.47
2011.07.25 20:00:39.881,1.54036,1.54094,1.47,1.09
2011.07.25 20:00:43.850,1.54036,1.54094,1.09,1.47
2011.07.25 20:00:44.183,1.5403,1.54082,1.69,1.50
2011.07.25 20:00:44.520,1.5403,1.54085,2.07,1.13
2011.07.25 20:00:44.742,1.54024,1.54083,1.09,2.48
2011.07.25 20:00:44.860,1.54023,1.54083,1.09,2.48
2011.07.25 20:00:45.190,1.54023,1.54088,1.09,1.50
2011.07.25 20:00:45.408,1.54023,1.54087,1.09,1.50
2011.07.25 20:00:45.979,1.54023,1.54087,1.09,1.13
2011.07.25 20:00:46.811,1.54023,1.54089,1.09,1.50
2011.07.25 20:00:47.649,1.54023,1.54089,1.09,1.13
2011.07.25 20:00:47.800,1.54023,1.54088,1.84,1.13
2011.07.25 20:00:48.618,1.54023,1.54089,1.84,1.13
2011.07.25 20:00:49.188,1.54023,1.54088,1.84,1.13
2011.07.25 20:00:49.649,1.54026,1.54085,1.50,1.13
2011.07.25 20:00:50.629,1.54033,1.5409,1.50,1.50
2011.07.25 20:00:50.761,1.54033,1.5409,1.50,1.50
2011.07.25 20:00:51.621,1.54033,1.5409,1.50,1.50
2011.07.25 20:00:51.940,1.54033,1.5409,1.50,1.50
2011.07.25 20:00:52.491,1.54033,1.54093,1.84,1.50
2011.07.25 20:00:52.930,1.54035,1.54091,1.09,1.13
2011.07.25 20:00:55.982,1.54035,1.54091,1.09,1.13
2011.07.25 20:00:56.209,1.54035,1.54093,1.09,1.50
2011.07.25 20:00:57.749,1.54035,1.54094,1.09,1.13
2011.07.25 20:01:00.979,1.54038,1.54094,1.73,1.13
2011.07.25 20:01:01.420,1.54038,1.54094,2.48,1.13
2011.07.25 20:01:03.798,1.54038,1.54097,2.48,1.15
2011.07.25 20:01:04.462,1.54041,1.54094,1.50,1.50
2011.07.25 20:01:05.018,1.54043,1.54098,1.47,1.15
2011.07.25 20:01:05.349,1.54047,1.54098,1.69,1.50
2011.07.25 20:01:06.117,1.54053,1.54098,1.09,1.50
2011.07.25 20:01:06.669,1.54053,1.54096,1.09,1.13
2011.07.25 20:01:06.780,1.54053,1.54098,1.09,1.50
2011.07.25 20:01:07.309,1.54053,1.54096,1.09,1.13
2011.07.25 20:01:10.096,1.54052,1.54108,1.09,1.50
2011.07.25 20:01:10.209,1.54052,1.54096,1.09,1.13
2011.07.25 20:01:11.006,1.54052,1.54096,1.09,1.13
2011.07.25 20:01:11.890,1.54052,1.54098,1.09,1.50
2011.07.25 20:01:13.857,1.54052,1.54104,1.09,1.13
2011.07.25 20:01:13.967,1.54052,1.54104,1.09,1.50
2011.07.25 20:01:14.976,1.54052,1.54101,1.09,1.13
2011.07.25 20:01:15.728,1.54052,1.54104,1.09,1.50
2011.07.25 20:01:15.841,1.54043,1.54104,1.50,1.84
2011.07.25 20:01:16.070,1.54043,1.54097,1.50,1.15
2011.07.25 20:01:16.698,1.54043,1.54097,1.50,1.15
2011.07.25 20:01:18.587,1.54043,1.54096,1.50,1.15
2011.07.25 20:01:19.270,1.54042,1.54097,1.84,1.15
2011.07.25 20:01:19.493,1.54036,1.54089,1.09,1.09
2011.07.25 20:01:19.831,1.54033,1.54089,1.09,2.24
2011.07.25 20:01:20.159,1.54033,1.54087,1.09,1.90
2011.07.25 20:01:20.267,1.54031,1.54087,1.50,1.87
2011.07.25 20:01:20.829,1.54031,1.54082,1.50,1.47
2011.07.25 20:01:21.340,1.54031,1.54085,1.50,1.09
2011.07.25 20:01:21.560,1.54034,1.54087,1.09,1.15
2011.07.25 20:01:22.001,1.54041,1.54092,1.09,1.13
2011.07.25 20:01:22.330,1.54037,1.54093,1.09,1.50
2011.07.25 20:01:24.088,1.54037,1.54093,1.09,1.50
2011.07.25 20:01:24.639,1.54037,1.54091,1.09,1.13
2011.07.25 20:01:26.984,1.54037,1.54093,1.09,1.50
2011.07.25 20:01:27.321,1.54037,1.54092,1.09,1.13
2011.07.25 20:01:31.175,1.54037,1.54093,1.09,1.50
2011.07.25 20:01:31.819,1.54037,1.54092,1.09,1.13
2011.07.25 20:01:32.170,1.54033,1.5409,1.09,1.13
2011.07.25 20:01:32.399,1.54033,1.54092,1.84,1.13
2011.07.25 20:01:33.929,1.54033,1.54092,1.84,1.13
2011.07.25 20:01:39.149,1.54033,1.54092,1.84,1.13
2011.07.25 20:01:41.380,1.54033,1.54089,1.09,1.50
2011.07.25 20:01:41.490,1.54024,1.54077,1.13,1.09
2011.07.25 20:01:41.598,1.54017,1.54078,1.50,1.09
2011.07.25 20:01:41.710,1.54014,1.54078,2.25,1.49
2011.07.25 20:01:42.041,1.54004,1.54067,1.50,1.13
2011.07.25 20:01:42.150,1.54004,1.54061,1.50,1.13
2011.07.25 20:01:42.698,1.54005,1.54068,1.13,1.53
2011.07.25 20:01:42.810,1.54014,1.54066,1.13,1.15
2011.07.25 20:01:43.250,1.54011,1.54066,1.50,1.13
2011.07.25 20:01:43.468,1.54011,1.54068,1.13,2.88
2011.07.25 20:01:44.017,1.54011,1.54068,1.13,2.50
2011.07.25 20:01:44.239,1.54011,1.54068,1.50,2.88
2011.07.25 20:01:45.215,1.54011,1.54068,1.13,2.50
2011.07.25 20:01:45.490,1.54011,1.54068,1.50,2.88
2011.07.25 20:01:46.187,1.54011,1.54068,1.13,3.25
2011.07.25 20:01:47.606,1.54012,1.54068,1.13,3.25
2011.07.25 20:01:48.169,1.54012,1.54068,1.13,3.63
2011.07.25 20:01:48.969,1.54012,1.54068,1.50,3.63
2011.07.25 20:01:51.550,1.54012,1.54068,1.50,3.25
2011.07.25 20:01:52.099,1.54012,1.54072,1.13,1.12
2011.07.25 20:01:52.209,1.54012,1.54072,1.50,1.09
2011.07.25 20:01:52.429,1.54013,1.54074,1.13,1.13
2011.07.25 20:01:52.759,1.54011,1.54077,1.50,1.13
2011.07.25 20:01:53.196,1.54011,1.54079,1.13,1.50
2011.07.25 20:01:53.755,1.54011,1.54076,1.50,1.13
2011.07.25 20:01:53.868,1.54012,1.54078,1.13,1.50
2011.07.25 20:01:54.449,1.54013,1.54077,1.13,1.13
2011.07.25 20:01:54.781,1.54013,1.54077,1.13,1.13
2011.07.25 20:01:59.470,1.54013,1.54079,1.13,1.50
2011.07.25 20:01:59.599,1.54013,1.54078,1.13,1.50
2011.07.25 20:01:59.709,1.54013,1.54078,1.13,1.88
2011.07.25 20:02:00.358,1.54013,1.54075,1.13,1.13
2011.07.25 20:02:00.801,1.54021,1.54079,1.50,1.15
2011.07.25 20:02:01.128,1.5402,1.54084,1.13,1.47
2011.07.25 20:02:01.351,1.54023,1.54084,1.13,1.13
2011.07.25 20:02:02.393,1.54023,1.54084,1.88,1.13
2011.07.25 20:02:02.738,1.54035,1.54091,2.10,1.13
2011.07.25 20:02:02.851,1.54035,1.54091,1.35,1.50
2011.07.25 20:02:02.960,1.54023,1.54087,1.50,1.13
2011.07.25 20:02:03.071,1.54023,1.54081,1.50,1.13
2011.07.25 20:02:03.661,1.54022,1.54081,1.50,1.13
2011.07.25 20:02:03.771,1.54035,1.54081,1.35,1.13
2011.07.25 20:02:03.990,1.54035,1.54086,1.35,1.13
2011.07.25 20:02:04.100,1.54029,1.54089,1.13,1.13
2011.07.25 20:02:04.212,1.54024,1.54086,1.50,1.13
2011.07.25 20:02:04.439,1.54024,1.54089,1.50,1.15
2011.07.25 20:02:04.659,1.54022,1.54087,1.50,1.15
2011.07.25 20:02:04.771,1.54036,1.54087,1.35,1.15
2011.07.25 20:02:05.097,1.54031,1.54086,1.50,1.13
2011.07.25 20:02:05.870,1.54034,1.54084,1.13,1.50
2011.07.25 20:02:06.419,1.5403,1.54086,1.50,1.50
2011.07.25 20:02:06.970,1.54034,1.54087,1.13,1.13
2011.07.25 20:02:07.190,1.54035,1.54088,1.73,1.50
2011.07.25 20:02:07.637,1.54029,1.54087,1.09,1.13
2011.07.25 20:02:08.221,1.54034,1.54089,1.47,1.50
2011.07.25 20:02:08.548,1.54041,1.54089,1.09,1.50
2011.07.25 20:02:08.659,1.54041,1.54089,1.09,1.50
2011.07.25 20:02:10.379,1.54041,1.54088,1.09,1.13
2011.07.25 20:02:10.712,1.54041,1.54089,1.09,1.50
2011.07.25 20:02:10.833,1.54031,1.54084,1.50,1.50
2011.07.25 20:02:11.061,1.54028,1.54084,1.50,1.50
2011.07.25 20:02:11.389,1.54024,1.54087,1.13,1.35
2011.07.25 20:02:11.500,1.54024,1.54088,1.13,1.50
2011.07.25 20:02:11.608,1.54021,1.54084,1.09,1.13
2011.07.25 20:02:11.719,1.54015,1.54077,1.13,1.13
2011.07.25 20:02:12.388,1.54014,1.54075,1.86,1.50
2011.07.25 20:02:13.348,1.54013,1.54077,1.13,1.15
2011.07.25 20:02:14.166,1.54013,1.54076,1.13,1.15
2011.07.25 20:02:14.668,1.54007,1.54074,1.47,1.13
2011.07.25 20:02:14.777,1.54007,1.54074,1.47,1.13
2011.07.25 20:02:15.777,1.54007,1.54074,1.47,1.13
2011.07.25 20:02:22.178,1.54006,1.54073,2.59,1.13
2011.07.25 20:02:28.532,1.54006,1.54072,1.47,1.50
2011.07.25 20:02:29.328,1.54007,1.54072,1.09,1.13
2011.07.25 20:02:31.030,1.54006,1.54069,1.84,1.13
2011.07.25 20:02:31.842,1.54006,1.54069,1.84,1.50
2011.07.25 20:02:32.450,1.54006,1.54069,2.97,1.50
2011.07.25 20:02:33.978,1.54006,1.54069,2.97,1.13
2011.07.25 20:02:34.528,1.54006,1.54074,1.47,1.13
2011.07.25 20:02:35.389,1.54006,1.54069,1.47,1.13
2011.07.25 20:02:35.908,1.54006,1.54069,1.84,1.50
2011.07.25 20:02:39.998,1.54015,1.54073,1.13,1.13
2011.07.25 20:02:40.330,1.54017,1.54073,1.50,1.13
2011.07.25 20:02:40.870,1.54017,1.54073,1.50,1.13
2011.07.25 20:02:41.629,1.54017,1.54073,1.50,1.50
2011.07.25 20:02:42.253,1.54017,1.54072,1.50,1.13
2011.07.25 20:02:42.592,1.54011,1.54069,2.10,1.53
2011.07.25 20:02:43.039,1.54006,1.54069,1.84,1.50
2011.07.25 20:02:43.400,1.54007,1.54072,1.47,1.13
2011.07.25 20:02:43.951,1.54006,1.54069,1.84,1.50
2011.07.25 20:02:44.280,1.54006,1.54067,1.09,1.13
2011.07.25 20:02:44.498,1.54006,1.54069,1.09,1.13
2011.07.25 20:02:45.119,1.54006,1.54071,1.09,1.13
2011.07.25 20:02:45.227,1.54006,1.54069,1.09,1.50
2011.07.25 20:02:48.109,1.54006,1.54067,1.09,1.13
2011.07.25 20:02:49.309,1.54006,1.54069,1.09,1.50
2011.07.25 20:02:53.597,1.54006,1.54069,1.09,1.50
2011.07.25 20:02:53.958,1.54006,1.54067,1.09,1.13
2011.07.25 20:02:57.878,1.54006,1.54069,1.09,1.50
2011.07.25 20:02:58.440,1.54006,1.54069,1.09,1.50
2011.07.25 20:03:00.310,1.54006,1.54067,1.09,1.13
2011.07.25 20:03:00.749,1.54006,1.54066,1.09,1.13
2011.07.25 20:03:04.248,1.54006,1.54069,1.09,1.50
2011.07.25 20:03:04.360,1.54006,1.54066,1.09,1.13
2011.07.25 20:03:06.158,1.54006,1.54069,1.09,1.13
2011.07.25 20:03:06.476,1.54006,1.54067,1.09,1.13
2011.07.25 20:03:06.811,1.54006,1.54066,1.09,1.13
2011.07.25 20:03:09.459,1.54006,1.54066,1.09,1.13
2011.07.25 20:03:11.700,1.54005,1.54067,1.88,1.13
2011.07.25 20:03:11.806,1.54005,1.54073,1.88,2.10
2011.07.25 20:03:12.039,1.54005,1.54066,1.88,1.13
2011.07.25 20:03:13.177,1.54006,1.54074,1.13,2.10
2011.07.25 20:03:13.396,1.5401,1.54074,1.13,1.50
2011.07.25 20:03:13.735,1.5401,1.54072,1.13,1.13
2011.07.25 20:03:15.178,1.54014,1.54074,1.50,1.50
2011.07.25 20:03:15.288,1.54021,1.54082,1.13,2.48
2011.07.25 20:03:15.401,1.54021,1.54072,1.13,1.13
2011.07.25 20:03:15.990,1.54022,1.54072,1.13,1.13
2011.07.25 20:03:18.127,1.5402,1.54077,1.50,2.48
2011.07.25 20:03:19.458,1.5402,1.54074,1.50,1.50
2011.07.25 20:03:19.680,1.5402,1.54073,1.50,1.50
2011.07.25 20:03:20.821,1.5402,1.54074,1.50,1.50
2011.07.25 20:03:23.736,1.5402,1.54074,1.50,1.13
2011.07.25 20:03:24.410,1.5402,1.54077,1.50,2.10
2011.07.25 20:03:24.520,1.54014,1.54073,1.84,1.13
2011.07.25 20:03:24.632,1.54014,1.54069,1.09,1.73
2011.07.25 20:03:24.750,1.54013,1.54069,1.13,2.48
2011.07.25 20:03:24.969,1.54019,1.54076,1.09,1.15
2011.07.25 20:03:25.299,1.5402,1.54078,1.50,2.48
2011.07.25 20:03:25.838,1.5402,1.54078,1.50,2.85
2011.07.25 20:03:26.870,1.54021,1.54078,1.50,2.10
2011.07.25 20:03:26.981,1.54017,1.54078,1.50,2.85
2011.07.25 20:03:27.090,1.54011,1.54074,1.13,1.13
2011.07.25 20:03:27.638,1.54006,1.54073,1.50,2.10
2011.07.25 20:03:31.056,1.54011,1.54073,1.09,2.10
2011.07.25 20:03:31.499,1.5402,1.54074,1.09,1.13
2011.07.25 20:03:31.609,1.5402,1.54074,1.84,1.13
2011.07.25 20:03:32.809,1.5402,1.54076,1.84,1.88
2011.07.25 20:03:33.668,1.5402,1.54076,1.84,1.13
2011.07.25 20:03:36.843,1.5402,1.54077,1.84,2.10
2011.07.25 20:03:40.778,1.5402,1.54076,1.84,1.13
2011.07.25 20:03:41.537,1.5402,1.54077,1.84,2.10
2011.07.25 20:03:45.258,1.5402,1.54077,1.84,2.10
2011.07.25 20:03:48.450,1.5402,1.54077,1.84,2.10
2011.07.25 20:03:49.129,1.5402,1.54077,1.84,2.10
2011.07.25 20:03:49.684,1.5402,1.54077,1.84,2.10
2011.07.25 20:03:53.682,1.5402,1.54077,1.84,2.10
2011.07.25 20:03:54.199,1.5402,1.54077,1.84,2.10
2011.07.25 20:03:55.148,1.5402,1.54077,1.84,2.10
2011.07.25 20:03:55.759,1.5402,1.54077,1.84,2.10
2011.07.25 20:03:55.979,1.54022,1.54077,1.50,1.73
2011.07.25 20:03:57.079,1.54022,1.54077,1.50,1.35
2011.07.25 20:03:59.622,1.5402,1.54077,1.84,2.10
2011.07.25 20:04:00.258,1.5402,1.54077,1.84,2.10
2011.07.25 20:04:03.209,1.5402,1.54077,1.84,2.10
2011.07.25 20:04:03.759,1.5402,1.54077,1.84,2.10
2011.07.25 20:04:04.266,1.5402,1.54077,1.84,2.10
2011.07.25 20:04:05.009,1.5402,1.54077,1.84,2.10
2011.07.25 20:04:05.666,1.5402,1.54077,1.84,2.10
2011.07.25 20:04:06.585,1.5402,1.54077,1.84,2.10
2011.07.25 20:04:06.821,1.5402,1.54077,1.84,2.10
2011.07.25 20:04:07.639,1.5402,1.54077,1.84,2.10
2011.07.25 20:04:08.799,1.5402,1.54077,1.84,2.10
2011.07.25 20:04:10.099,1.5402,1.54077,1.84,2.10
2011.07.25 20:04:11.067,1.5402,1.54077,1.84,2.10
2011.07.25 20:04:11.742,1.54022,1.54077,1.13,1.35
2011.07.25 20:04:12.299,1.54022,1.54084,1.13,2.85
2011.07.25 20:04:12.846,1.54022,1.54084,1.13,2.48
2011.07.25 20:04:13.623,1.54022,1.54084,1.13,2.85
2011.07.25 20:04:14.612,1.54022,1.54084,1.13,2.48
2011.07.25 20:04:15.138,1.54022,1.54084,1.13,2.85
2011.07.25 20:04:16.259,1.54022,1.54084,1.13,2.48
2011.07.25 20:04:17.360,1.54022,1.54084,1.13,2.48
2011.07.25 20:04:17.468,1.54023,1.54084,1.50,2.48
2011.07.25 20:04:17.799,1.54031,1.54084,1.09,1.13
2011.07.25 20:04:19.499,1.54033,1.54085,1.50,1.13
2011.07.25 20:04:20.580,1.54033,1.54085,1.50,1.50
2011.07.25 20:04:21.616,1.54033,1.54085,1.50,1.13
2011.07.25 20:04:22.229,1.54026,1.54084,1.47,2.10
2011.07.25 20:04:23.138,1.54031,1.54086,1.09,1.50
2011.07.25 20:04:25.329,1.54033,1.54085,1.50,1.50
2011.07.25 20:04:29.190,1.54033,1.54085,1.50,1.13
2011.07.25 20:04:29.519,1.54037,1.54092,1.13,1.35
2011.07.25 20:04:29.850,1.54037,1.54097,1.88,1.84
2011.07.25 20:04:32.721,1.54037,1.54097,1.88,1.47
2011.07.25 20:04:33.377,1.54037,1.54099,1.88,1.09
2011.07.25 20:04:33.493,1.54044,1.54099,1.47,1.50
2011.07.25 20:04:33.939,1.5405,1.54099,1.09,1.13
2011.07.25 20:04:36.229,1.5405,1.54099,1.09,1.13
2011.07.25 20:04:36.339,1.54038,1.54099,1.47,1.13
2011.07.25 20:04:36.506,1.54038,1.54099,1.47,1.50
2011.07.25 20:04:36.840,1.5405,1.54099,1.09,1.13
2011.07.25 20:04:38.141,1.5405,1.54102,1.09,1.13
2011.07.25 20:04:38.692,1.5405,1.54102,1.09,1.13
2011.07.25 20:04:39.740,1.5405,1.54103,1.09,1.50
2011.07.25 20:04:40.248,1.5405,1.54103,1.09,1.50
2011.07.25 20:04:40.361,1.5405,1.54101,1.09,1.13
2011.07.25 20:04:41.089,1.5405,1.54102,1.09,1.13
2011.07.25 20:04:41.656,1.5405,1.54102,1.09,1.13
2011.07.25 20:04:43.070,1.5405,1.54103,1.09,1.50
2011.07.25 20:04:43.181,1.5405,1.54101,1.09,1.13
2011.07.25 20:04:43.710,1.5405,1.54098,1.09,1.13
2011.07.25 20:04:45.341,1.54042,1.54101,1.50,2.10
2011.07.25 20:04:45.560,1.54045,1.54099,1.13,1.50
2011.07.25 20:04:45.999,1.54049,1.54099,1.50,1.50
2011.07.25 20:04:46.600,1.54049,1.54099,1.50,1.13
2011.07.25 20:04:47.842,1.54053,1.54098,1.13,1.13
2011.07.25 20:04:48.399,1.54054,1.54101,1.13,1.13
2011.07.25 20:04:48.649,1.54054,1.54115,1.13,1.09
2011.07.25 20:04:49.344,1.54054,1.54107,1.13,1.50
2011.07.25 20:04:55.641,1.54053,1.54111,1.88,1.13
2011.07.25 20:04:55.747,1.54056,1.54114,1.09,1.88
2011.07.25 20:04:55.861,1.54061,1.54114,1.13,1.50
2011.07.25 20:04:56.278,1.54054,1.54115,1.88,1.13
2011.07.25 20:04:56.397,1.54054,1.54114,1.88,1.50
2011.07.25 20:04:58.129,1.54054,1.54112,1.13,1.13
2011.07.25 20:04:59.360,1.54054,1.54108,1.13,1.13
2011.07.25 20:04:59.928,1.5405,1.54104,1.09,1.13
2011.07.25 20:05:00.040,1.54046,1.541,1.50,1.35
2011.07.25 20:05:00.148,1.54037,1.541,2.23,1.35
2011.07.25 20:05:00.261,1.54044,1.54107,1.13,1.12
2011.07.25 20:05:00.370,1.54046,1.54107,1.13,1.12
2011.07.25 20:05:00.699,1.54048,1.54108,1.50,2.44
2011.07.25 20:05:01.280,1.54054,1.54104,1.50,1.13
2011.07.25 20:05:01.610,1.54051,1.54103,1.09,1.13
2011.07.25 20:05:02.267,1.54051,1.54108,1.11,2.44
2011.07.25 20:05:02.377,1.54052,1.54108,1.88,1.69
2011.07.25 20:05:02.599,1.54053,1.54116,1.09,2.10
2011.07.25 20:05:02.708,1.54058,1.5411,1.09,1.35
2011.07.25 20:05:02.932,1.54054,1.54127,3.19,2.10
2011.07.25 20:05:03.055,1.54058,1.54127,1.09,2.10
2011.07.25 20:05:03.507,1.54067,1.54127,1.09,2.10
2011.07.25 20:05:03.614,1.54067,1.54127,1.09,2.10
2011.07.25 20:05:03.732,1.5406,1.54113,1.09,1.35
2011.07.25 20:05:03.963,1.5405,1.54113,1.47,1.35
2011.07.25 20:05:05.291,1.54048,1.54113,1.13,1.35
2011.07.25 20:05:05.399,1.54047,1.54113,1.50,1.35
2011.07.25 20:05:05.509,1.54044,1.54112,2.25,1.35
2011.07.25 20:05:05.621,1.54043,1.54112,1.13,1.35
2011.07.25 20:05:05.838,1.54036,1.54112,1.47,2.10
2011.07.25 20:05:06.491,1.54039,1.54108,2.25,1.13
2011.07.25 20:05:06.932,1.54043,1.54107,1.13,1.13
2011.07.25 20:05:07.051,1.54044,1.54111,1.13,1.13
2011.07.25 20:05:07.269,1.5404,1.5411,1.13,1.13
2011.07.25 20:05:07.600,1.54038,1.54105,1.13,2.10
2011.07.25 20:05:08.702,1.5404,1.54105,1.13,1.35
2011.07.25 20:05:09.043,1.5404,1.54105,1.13,2.10
2011.07.25 20:05:09.959,1.54038,1.54105,1.13,2.10
2011.07.25 20:05:10.068,1.54038,1.54098,1.88,1.35
2011.07.25 20:05:10.184,1.54039,1.54105,2.25,1.35
2011.07.25 20:05:10.303,1.54044,1.54104,2.59,1.35
2011.07.25 20:05:10.642,1.54046,1.5411,1.13,1.75
2011.07.25 20:05:10.752,1.54046,1.5411,1.13,2.13
2011.07.25 20:05:10.873,1.54044,1.54106,1.09,1.15
2011.07.25 20:05:11.320,1.54046,1.54109,1.13,1.15
2011.07.25 20:05:11.760,1.54046,1.54107,1.13,1.15
2011.07.25 20:05:12.253,1.54046,1.5411,1.88,1.13
2011.07.25 20:05:12.378,1.54046,1.54109,1.88,2.10
2011.07.25 20:05:12.492,1.54046,1.54109,1.88,2.10
2011.07.25 20:05:12.941,1.5405,1.54116,1.13,1.15
2011.07.25 20:05:13.632,1.54051,1.54117,1.50,1.53
2011.07.25 20:05:13.750,1.54044,1.54111,1.09,1.35
2011.07.25 20:05:13.971,1.54046,1.54111,1.88,1.35
2011.07.25 20:05:14.080,1.54047,1.54117,1.13,1.15
2011.07.25 20:05:14.767,1.5405,1.54118,1.13,1.49
2011.07.25 20:05:14.886,1.5405,1.54117,1.13,1.15
2011.07.25 20:05:15.112,1.54047,1.54117,1.13,1.15
2011.07.25 20:05:15.232,1.54044,1.54118,1.84,1.87
2011.07.25 20:05:15.457,1.54044,1.54113,1.09,1.35
2011.07.25 20:05:16.236,1.54043,1.54113,1.13,2.10
2011.07.25 20:05:16.353,1.54034,1.54098,1.50,2.10
2011.07.25 20:05:16.475,1.54034,1.54098,1.50,2.10
2011.07.25 20:05:16.593,1.5403,1.54098,1.50,2.50
2011.07.25 20:05:17.450,1.54034,1.54098,1.50,2.50
2011.07.25 20:05:18.568,1.54042,1.54101,1.13,1.13
2011.07.25 20:05:18.681,1.54049,1.54107,1.09,1.15
2011.07.25 20:05:18.789,1.54049,1.54113,3.19,1.90
2011.07.25 20:05:18.898,1.54049,1.54113,2.44,1.50
2011.07.25 20:05:19.009,1.54041,1.54106,1.50,1.35
2011.07.25 20:05:19.340,1.54048,1.54115,1.13,1.09
2011.07.25 20:05:20.000,1.54048,1.54115,1.13,1.50
2011.07.25 20:05:20.220,1.54046,1.54115,1.50,1.13
2011.07.25 20:05:20.330,1.54046,1.54107,1.50,1.35
2011.07.25 20:05:21.103,1.54046,1.54107,1.50,1.75
2011.07.25 20:05:21.781,1.54047,1.54107,1.50,2.13
2011.07.25 20:05:22.440,1.54043,1.54107,1.50,2.88
2011.07.25 20:05:22.771,1.54042,1.54094,1.50,1.35
2011.07.25 20:05:22.880,1.54039,1.54101,1.50,1.75
2011.07.25 20:05:22.990,1.54039,1.54101,1.50,1.75
2011.07.25 20:05:23.319,1.54037,1.54096,1.50,1.75
2011.07.25 20:05:23.759,1.54033,1.54096,1.50,2.10
2011.07.25 20:05:23.980,1.54032,1.54096,1.50,2.88
2011.07.25 20:05:24.311,1.54034,1.54087,1.50,1.35
2011.07.25 20:05:24.860,1.54031,1.54095,1.50,1.12
2011.07.25 20:05:25.557,1.54031,1.54094,2.25,1.09
2011.07.25 20:05:25.668,1.54031,1.54095,2.25,1.09
2011.07.25 20:05:26.329,1.54031,1.54095,1.50,1.09
2011.07.25 20:05:26.663,1.54031,1.54095,2.25,1.09
2011.07.25 20:05:26.892,1.54031,1.54091,1.50,1.35
2011.07.25 20:05:27.381,1.54026,1.54087,1.09,1.75
2011.07.25 20:05:27.712,1.54026,1.5408,1.09,1.35
2011.07.25 20:05:28.039,1.54026,1.5408,1.09,1.75
2011.07.25 20:05:28.261,1.54026,1.5408,1.09,1.75
2011.07.25 20:05:28.480,1.54021,1.5408,1.50,2.13
2011.07.25 20:05:28.590,1.54021,1.54074,1.50,1.35
2011.07.25 20:05:28.920,1.54019,1.54074,1.50,1.75
2011.07.25 20:05:29.890,1.54021,1.54081,1.50,1.75
2011.07.25 20:05:30.110,1.54022,1.54081,1.50,1.75
2011.07.25 20:05:30.440,1.54024,1.54081,1.50,1.75
2011.07.25 20:05:31.131,1.54021,1.54081,2.25,1.75
2011.07.25 20:05:31.240,1.54023,1.54084,1.13,1.09
2011.07.25 20:05:31.461,1.54032,1.54086,1.09,1.15
2011.07.25 20:05:31.792,1.54026,1.54082,1.09,1.35
2011.07.25 20:05:32.129,1.54026,1.54082,1.09,1.75
2011.07.25 20:05:32.800,1.54026,1.54082,1.09,1.75
2011.07.25 20:05:33.210,1.54026,1.54082,1.47,1.35
2011.07.25 20:05:33.431,1.54029,1.54088,1.09,1.53
2011.07.25 20:05:33.757,1.54033,1.54094,1.09,1.13
2011.07.25 20:05:33.871,1.54033,1.54093,1.09,1.13
2011.07.25 20:05:34.860,1.54033,1.54094,1.09,1.50
2011.07.25 20:05:35.426,1.54033,1.54094,1.09,1.50
2011.07.25 20:05:37.359,1.54034,1.54094,1.50,1.50
2011.07.25 20:05:37.818,1.54033,1.54094,1.09,1.50
2011.07.25 20:05:38.590,1.54034,1.54094,1.50,1.50
2011.07.25 20:05:42.772,1.54033,1.54094,1.84,1.50
2011.07.25 20:05:42.894,1.54033,1.54094,1.84,1.88
2011.07.25 20:05:43.319,1.54034,1.54094,1.50,1.50
2011.07.25 20:05:43.821,1.54033,1.54094,1.09,1.90
2011.07.25 20:05:44.259,1.54034,1.54094,1.50,1.50
2011.07.25 20:05:45.940,1.54033,1.54094,1.09,1.50
2011.07.25 20:05:46.163,1.54027,1.54088,1.50,1.15
2011.07.25 20:05:46.684,1.54027,1.54088,1.50,1.15
2011.07.25 20:05:47.369,1.54027,1.54088,1.50,1.15
2011.07.25 20:05:47.813,1.54029,1.54093,1.50,2.50
2011.07.25 20:05:48.689,1.54029,1.54093,1.50,2.50
2011.07.25 20:05:49.237,1.54023,1.54093,1.84,2.50
2011.07.25 20:05:50.668,1.54024,1.54093,1.50,2.50
2011.07.25 20:05:51.111,1.54024,1.54088,1.50,1.15
2011.07.25 20:05:52.440,1.54023,1.54088,1.84,1.15
2011.07.25 20:05:52.658,1.54023,1.54093,1.84,1.75
2011.07.25 20:05:53.642,1.54024,1.54093,1.50,1.75
2011.07.25 20:05:54.199,1.54031,1.54095,2.25,1.09
2011.07.25 20:05:54.632,1.54033,1.54095,1.50,1.09
2011.07.25 20:05:54.968,1.54049,1.54108,1.09,1.53
2011.07.25 20:05:55.299,1.54048,1.54106,1.09,1.13
2011.07.25 20:05:55.840,1.54048,1.54106,1.09,1.90
2011.07.25 20:06:00.324,1.54047,1.54103,1.50,1.50
2011.07.25 20:06:00.662,1.54043,1.54101,1.50,1.50
2011.07.25 20:06:00.770,1.54041,1.54101,1.09,1.50
2011.07.25 20:06:02.307,1.54037,1.54098,2.59,1.15
2011.07.25 20:06:03.649,1.54037,1.54098,2.59,1.15
2011.07.25 20:06:04.466,1.54037,1.54098,2.59,1.15
2011.07.25 20:06:05.939,1.54037,1.54098,2.22,1.15
2011.07.25 20:06:11.901,1.54037,1.54098,2.22,1.15
2011.07.25 20:06:13.401,1.54037,1.54098,2.22,1.15
2011.07.25 20:06:13.949,1.54037,1.54098,2.22,1.15
2011.07.25 20:06:15.539,1.54041,1.54101,1.09,1.50
2011.07.25 20:06:16.724,1.54041,1.54102,1.84,1.13
2011.07.25 20:06:17.289,1.54041,1.54102,1.84,1.13
2011.07.25 20:06:19.598,1.54041,1.54104,1.84,1.50
2011.07.25 20:06:20.110,1.54041,1.54102,1.84,1.13
2011.07.25 20:06:20.881,1.54041,1.54102,1.84,1.13
2011.07.25 20:06:21.209,1.54041,1.541,1.09,1.13
2011.07.25 20:06:23.380,1.54042,1.54107,1.50,1.15
2011.07.25 20:06:23.492,1.54042,1.54103,1.50,1.50
2011.07.25 20:06:24.750,1.54042,1.54097,1.50,1.13
2011.07.25 20:06:25.504,1.54041,1.54097,1.09,1.15
2011.07.25 20:06:25.931,1.54042,1.54097,1.50,1.13
2011.07.25 20:06:27.604,1.54042,1.54103,1.50,1.50
2011.07.25 20:06:27.830,1.54042,1.54102,1.50,1.13
2011.07.25 20:06:29.086,1.54042,1.54102,1.50,1.13
2011.07.25 20:06:30.883,1.54041,1.54104,1.84,1.50
2011.07.25 20:06:31.439,1.54041,1.54102,1.84,1.13
2011.07.25 20:06:32.199,1.54041,1.54102,1.84,1.13
2011.07.25 20:06:32.767,1.54041,1.54104,1.84,1.50
2011.07.25 20:06:33.221,1.54042,1.541,1.50,1.13
2011.07.25 20:06:33.509,1.54041,1.54102,1.84,1.13
2011.07.25 20:06:33.837,1.54041,1.54104,1.84,1.13
2011.07.25 20:06:33.949,1.54041,1.54106,1.84,1.15
2011.07.25 20:06:35.790,1.54041,1.54107,1.84,1.53
2011.07.25 20:06:37.144,1.54041,1.54106,1.84,1.15
2011.07.25 20:06:38.479,1.54041,1.54107,1.84,1.53
2011.07.25 20:06:39.489,1.54043,1.54107,1.50,1.15
2011.07.25 20:06:39.602,1.54041,1.54106,1.84,1.53
2011.07.25 20:06:40.271,1.54041,1.54105,1.84,1.13
2011.07.25 20:06:43.975,1.54041,1.54106,1.84,1.90
2011.07.25 20:06:44.519,1.54041,1.54106,1.84,1.13
2011.07.25 20:06:47.319,1.54041,1.54106,1.84,1.53
2011.07.25 20:06:47.870,1.54041,1.54107,1.84,1.53
2011.07.25 20:06:51.779,1.54041,1.54106,1.84,1.15
2011.07.25 20:06:52.550,1.54044,1.54109,1.50,2.50
2011.07.25 20:06:52.892,1.54041,1.54109,1.84,2.50
2011.07.25 20:06:53.009,1.54041,1.541,1.50,1.09
2011.07.25 20:06:53.120,1.54037,1.541,1.50,2.09
2011.07.25 20:06:53.647,1.54037,1.541,1.50,2.47
2011.07.25 20:06:54.201,1.54041,1.541,1.47,1.73
2011.07.25 20:06:54.309,1.5404,1.54103,1.09,1.50
2011.07.25 20:06:54.751,1.54043,1.54104,1.09,1.13
2011.07.25 20:06:55.531,1.54038,1.54105,1.13,1.13
2011.07.25 20:06:55.750,1.54043,1.54104,1.13,1.13
2011.07.25 20:06:55.859,1.54048,1.54108,1.09,1.15
2011.07.25 20:06:56.190,1.54053,1.54116,1.50,1.15
2011.07.25 20:06:56.411,1.54047,1.54116,1.09,1.53
2011.07.25 20:06:56.940,1.54046,1.54114,1.09,1.15
2011.07.25 20:06:58.530,1.54046,1.54114,1.09,1.15
2011.07.25 20:06:59.888,1.54047,1.54113,1.09,1.15
2011.07.25 20:07:00.587,1.54046,1.54114,1.09,1.15
2011.07.25 20:07:01.679,1.54047,1.54108,1.09,1.15
2011.07.25 20:07:05.850,1.54047,1.54108,1.09,1.15
2011.07.25 20:07:06.811,1.54047,1.54108,1.09,1.15
2011.07.25 20:07:07.561,1.54048,1.54114,1.09,1.15
2011.07.25 20:07:11.810,1.54048,1.54114,1.09,1.15
2011.07.25 20:07:13.849,1.54048,1.54114,1.09,1.15
2011.07.25 20:07:14.481,1.54048,1.54114,1.09,1.15
2011.07.25 20:07:16.769,1.54048,1.54114,1.09,1.15
2011.07.25 20:07:17.539,1.54048,1.54114,1.09,1.15
2011.07.25 20:07:18.209,1.54046,1.54109,1.09,1.15
2011.07.25 20:07:19.189,1.54048,1.54113,1.09,1.15
2011.07.25 20:07:20.475,1.54048,1.54113,1.09,1.15
2011.07.25 20:07:21.221,1.54048,1.54113,1.09,1.15
2011.07.25 20:07:22.573,1.54048,1.54113,1.09,1.15
2011.07.25 20:07:23.231,1.54048,1.54113,1.09,1.15
2011.07.25 20:07:23.559,1.54043,1.54091,1.50,1.13
2011.07.25 20:07:23.672,1.54029,1.54093,1.88,1.73
2011.07.25 20:07:23.890,1.54029,1.54097,1.13,1.53
2011.07.25 20:07:23.999,1.54029,1.54098,1.88,1.90
2011.07.25 20:07:24.219,1.54029,1.54098,1.13,1.90
2011.07.25 20:07:24.548,1.54029,1.54098,1.13,1.15
2011.07.25 20:07:24.770,1.54029,1.54098,1.13,1.53
2011.07.25 20:07:24.991,1.54029,1.54098,1.13,1.15
2011.07.25 20:07:25.318,1.54044,1.54109,1.50,1.13
2011.07.25 20:07:25.428,1.54042,1.54106,1.50,1.13
2011.07.25 20:07:25.540,1.54042,1.54106,1.50,1.13
2011.07.25 20:07:25.869,1.54033,1.54106,1.50,1.53
2011.07.25 20:07:26.750,1.54033,1.54106,1.50,1.53
2011.07.25 20:07:27.252,1.54033,1.54106,1.50,1.53
2011.07.25 20:07:27.474,1.54033,1.54103,1.50,1.15
2011.07.25 20:07:27.938,1.54033,1.54106,1.50,1.53
2011.07.25 20:07:28.452,1.5403,1.54103,1.13,1.15
2011.07.25 20:07:29.281,1.5403,1.54103,1.13,1.15
2011.07.25 20:07:32.649,1.54041,1.54107,1.50,1.15
2011.07.25 20:07:32.758,1.54042,1.54113,1.88,1.53
2011.07.25 20:07:33.349,1.54043,1.54112,1.88,1.13
2011.07.25 20:07:33.790,1.54045,1.54109,1.13,1.50
2011.07.25 20:07:34.293,1.54045,1.54109,1.13,1.50
2011.07.25 20:07:34.859,1.54047,1.54111,1.50,1.13
2011.07.25 20:07:35.512,1.54051,1.54113,1.13,1.13
2011.07.25 20:07:35.622,1.54051,1.54112,1.13,1.13
2011.07.25 20:07:35.756,1.54051,1.54113,1.13,1.50
2011.07.25 20:07:35.982,1.54055,1.54113,1.13,1.50
2011.07.25 20:07:36.100,1.54055,1.54115,1.13,1.13
2011.07.25 20:07:39.051,1.54052,1.54117,1.50,1.15
2011.07.25 20:07:39.161,1.54049,1.54117,1.13,1.15
2011.07.25 20:07:39.850,1.54049,1.54117,1.13,1.15
2011.07.25 20:07:40.179,1.54049,1.54116,1.13,1.15
2011.07.25 20:07:40.290,1.54043,1.54112,1.88,1.13
2011.07.25 20:07:40.620,1.5405,1.54117,1.13,1.15
2011.07.25 20:07:41.460,1.5405,1.54114,1.13,1.50
2011.07.25 20:07:41.850,1.5405,1.54117,1.13,1.15
2011.07.25 20:07:42.842,1.5405,1.54114,1.13,1.50
2011.07.25 20:07:43.331,1.54043,1.54113,2.63,1.50
2011.07.25 20:07:43.548,1.5405,1.54119,1.13,1.53
2011.07.25 20:07:43.662,1.5405,1.54119,1.13,1.90
2011.07.25 20:07:44.250,1.5405,1.54117,1.13,1.15
2011.07.25 20:07:44.570,1.5405,1.54113,1.13,1.13
2011.07.25 20:07:45.311,1.5405,1.54116,1.13,1.15
2011.07.25 20:07:45.939,1.54044,1.54114,2.25,1.13
2011.07.25 20:07:46.051,1.54044,1.54111,1.50,1.35
2011.07.25 20:07:46.379,1.54042,1.54111,1.09,1.75
2011.07.25 20:07:47.547,1.54042,1.54111,1.09,1.75
2011.07.25 20:07:48.113,1.54042,1.54111,1.09,1.75
2011.07.25 20:07:48.637,1.54042,1.54111,1.09,2.13
2011.07.25 20:07:49.190,1.54042,1.54112,1.09,2.13
2011.07.25 20:07:49.820,1.54042,1.54112,1.09,2.13
2011.07.25 20:07:52.084,1.54042,1.54112,1.09,2.13
2011.07.25 20:07:55.950,1.54042,1.54112,1.09,2.13
2011.07.25 20:07:57.094,1.54042,1.54112,1.09,1.75
2011.07.25 20:08:00.839,1.54041,1.54112,1.09,2.47
2011.07.25 20:08:01.680,1.54041,1.54112,1.09,2.09
2011.07.25 20:08:02.263,1.54041,1.54103,1.09,1.15
2011.07.25 20:08:02.602,1.54041,1.54109,1.09,1.15
2011.07.25 20:08:03.242,1.54041,1.54108,1.09,1.15
2011.07.25 20:08:04.310,1.54046,1.54112,1.13,2.09
2011.07.25 20:08:04.529,1.54049,1.54116,1.13,1.49
2011.07.25 20:08:04.759,1.5406,1.54118,1.09,1.88
2011.07.25 20:08:05.090,1.54065,1.54126,1.13,1.15
2011.07.25 20:08:05.418,1.54063,1.54121,1.50,1.13
2011.07.25 20:08:05.531,1.54056,1.54119,1.88,1.13
2011.07.25 20:08:05.642,1.54056,1.54117,1.13,1.15
2011.07.25 20:08:05.760,1.54057,1.54121,1.50,1.12
2011.07.25 20:08:06.092,1.54056,1.54119,1.50,2.13
2011.07.25 20:08:06.420,1.54051,1.54116,1.50,1.13
2011.07.25 20:08:06.532,1.54059,1.54126,1.50,1.13
2011.07.25 20:08:06.650,1.54058,1.54127,1.50,1.15
2011.07.25 20:08:06.760,1.54064,1.54126,1.13,1.13
2011.07.25 20:08:06.979,1.54064,1.54126,1.88,1.15
2011.07.25 20:08:07.202,1.54064,1.54126,1.50,1.15
2011.07.25 20:08:07.539,1.54063,1.54119,1.13,1.15
2011.07.25 20:08:07.870,1.54064,1.54126,1.50,1.15
2011.07.25 20:08:08.090,1.54063,1.54127,1.88,1.15
2011.07.25 20:08:08.890,1.54063,1.54127,1.88,1.53
2011.07.25 20:08:10.614,1.54063,1.54127,1.88,1.53
2011.07.25 20:08:10.952,1.54066,1.54126,1.50,1.15
2011.07.25 20:08:11.059,1.54066,1.54126,1.50,1.15
2011.07.25 20:08:11.390,1.54066,1.54124,1.50,1.15
2011.07.25 20:08:11.732,1.54066,1.54124,1.50,1.15
2011.07.25 20:08:11.855,1.54066,1.54126,1.50,1.15
2011.07.25 20:08:11.972,1.54066,1.54126,1.50,1.15
2011.07.25 20:08:12.191,1.54066,1.54128,1.50,1.53
2011.07.25 20:08:12.789,1.54066,1.54128,1.50,1.53
2011.07.25 20:08:14.162,1.54066,1.54126,1.50,1.15
2011.07.25 20:08:14.626,1.54067,1.54127,1.50,1.53
2011.07.25 20:08:14.742,1.54066,1.54127,1.50,1.53
2011.07.25 20:08:15.064,1.54066,1.54123,1.50,1.15
2011.07.25 20:08:15.401,1.54064,1.54126,1.88,1.15
2011.07.25 20:08:15.733,1.54066,1.54127,1.50,1.53
2011.07.25 20:08:15.962,1.54066,1.54126,1.84,1.15
2011.07.25 20:08:16.752,1.54071,1.54128,1.09,1.53
2011.07.25 20:08:17.503,1.54071,1.54128,1.09,1.53
2011.07.25 20:08:18.103,1.54071,1.54128,1.09,1.53
2011.07.25 20:08:19.846,1.54071,1.54128,1.09,1.53
2011.07.25 20:08:19.962,1.54071,1.54128,1.09,1.53
2011.07.25 20:08:20.510,1.54071,1.54128,1.09,1.53
2011.07.25 20:08:20.620,1.54071,1.54128,1.09,1.53
2011.07.25 20:08:24.060,1.54071,1.54128,1.09,1.53
2011.07.25 20:08:24.798,1.54071,1.54128,1.09,1.53
2011.07.25 20:08:25.351,1.54069,1.54121,1.09,1.15
2011.07.25 20:08:25.680,1.54069,1.54111,1.09,1.13
2011.07.25 20:08:26.677,1.54067,1.54116,1.09,1.13
2011.07.25 20:08:28.223,1.54069,1.54111,1.09,1.13
2011.07.25 20:08:28.449,1.54063,1.54116,1.47,1.13
2011.07.25 20:08:28.562,1.54063,1.54111,1.47,1.13
2011.07.25 20:08:29.087,1.54064,1.54112,1.47,1.13
2011.07.25 20:08:31.290,1.54067,1.54111,1.09,1.13
2011.07.25 20:08:31.400,1.54067,1.54111,1.09,1.13
2011.07.25 20:08:36.571,1.54062,1.54116,1.09,1.13
2011.07.25 20:08:37.367,1.54062,1.54103,1.09,1.13
2011.07.25 20:08:37.488,1.54053,1.54098,1.09,1.13
2011.07.25 20:08:37.712,1.54045,1.54089,1.13,1.13
2011.07.25 20:08:38.042,1.54031,1.54085,1.50,1.13
2011.07.25 20:08:38.854,1.54028,1.54084,1.84,1.13
2011.07.25 20:08:39.552,1.54028,1.54089,1.84,1.13
2011.07.25 20:08:39.672,1.54028,1.54088,1.84,1.13
2011.07.25 20:08:40.312,1.54028,1.54086,1.84,1.13
2011.07.25 20:08:40.761,1.54028,1.54086,1.84,1.13
2011.07.25 20:08:40.981,1.54028,1.54086,1.84,1.13
2011.07.25 20:08:41.091,1.54028,1.54083,1.84,1.13
2011.07.25 20:08:43.710,1.54028,1.54083,1.84,1.13
2011.07.25 20:08:43.822,1.54028,1.54081,1.84,1.13
2011.07.25 20:08:47.432,1.54028,1.54081,1.84,1.13
2011.07.25 20:08:50.591,1.54028,1.54087,1.84,1.13
2011.07.25 20:08:51.030,1.54028,1.54084,1.84,1.13
2011.07.25 20:08:54.740,1.54029,1.54091,1.50,1.13
2011.07.25 20:08:54.849,1.54032,1.54091,1.50,1.50
2011.07.25 20:08:55.068,1.54029,1.54096,1.50,1.13
2011.07.25 20:08:55.629,1.54029,1.54088,1.50,1.13
2011.07.25 20:08:58.679,1.54028,1.54088,1.50,1.50
2011.07.25 20:09:03.208,1.54028,1.54088,1.50,1.50
2011.07.25 20:09:03.541,1.54028,1.54084,1.50,1.13
2011.07.25 20:09:05.031,1.54028,1.54081,1.50,1.13
2011.07.25 20:09:09.650,1.54029,1.54081,1.50,1.13
2011.07.25 20:09:09.981,1.54028,1.54079,1.50,1.13
2011.07.25 20:09:10.531,1.54029,1.5408,1.50,1.13
2011.07.25 20:09:13.760,1.54029,1.5408,1.50,1.13
2011.07.25 20:09:14.582,1.54028,1.5408,1.50,1.13
2011.07.25 20:09:14.768,1.54028,1.5408,1.50,1.13
2011.07.25 20:09:15.101,1.54028,1.54081,1.50,1.50
2011.07.25 20:09:15.431,1.54028,1.54081,1.50,1.13
2011.07.25 20:09:15.969,1.54028,1.54081,1.50,1.50
2011.07.25 20:09:16.180,1.54028,1.54081,1.50,1.50
2011.07.25 20:09:16.391,1.54028,1.54081,1.50,1.50
2011.07.25 20:09:17.400,1.54026,1.54078,1.50,1.13
2011.07.25 20:09:17.511,1.54026,1.54074,1.50,1.09
2011.07.25 20:09:17.622,1.54019,1.54074,1.13,1.09
2011.07.25 20:09:19.319,1.54013,1.54067,1.50,1.15
2011.07.25 20:09:19.436,1.54013,1.54067,1.50,1.15
2011.07.25 20:09:19.666,1.54006,1.54067,1.50,1.15
2011.07.25 20:09:19.892,1.54009,1.54063,1.13,1.15
2011.07.25 20:09:20.220,1.54013,1.54067,1.88,1.15
2011.07.25 20:09:21.731,1.54015,1.54066,1.13,1.15
2011.07.25 20:09:22.280,1.54013,1.54067,1.13,1.15
2011.07.25 20:09:22.830,1.54016,1.54066,1.13,1.15
2011.07.25 20:09:23.381,1.54015,1.54067,1.50,1.15
2011.07.25 20:09:24.681,1.54015,1.54066,1.13,1.15
2011.07.25 20:09:28.800,1.54011,1.54067,1.13,1.15
2011.07.25 20:09:29.350,1.54009,1.54063,1.88,1.15
2011.07.25 20:09:30.051,1.54009,1.54063,1.50,1.15
2011.07.25 20:09:31.021,1.54008,1.54062,1.50,1.15
2011.07.25 20:09:32.781,1.54008,1.54063,1.50,1.15
2011.07.25 20:09:34.371,1.54008,1.54063,1.50,1.15
2011.07.25 20:09:35.630,1.54008,1.54063,1.13,1.15
2011.07.25 20:09:35.850,1.54002,1.54056,1.13,1.15
2011.07.25 20:09:36.179,1.54002,1.54066,1.50,1.15
2011.07.25 20:09:36.509,1.54006,1.54056,1.13,1.15
2011.07.25 20:09:37.781,1.54006,1.54062,1.13,1.13
2011.07.25 20:09:38.520,1.54006,1.54063,1.50,1.13
2011.07.25 20:09:44.207,1.54006,1.54061,1.88,1.13
2011.07.25 20:09:44.880,1.54006,1.54061,1.50,1.50
2011.07.25 20:09:45.880,1.54004,1.54057,1.50,1.13
2011.07.25 20:09:45.991,1.54004,1.54056,1.50,1.13
2011.07.25 20:09:46.942,1.54006,1.54056,1.13,1.15
2011.07.25 20:09:50.329,1.54006,1.54056,1.13,1.50
2011.07.25 20:09:55.780,1.54001,1.54056,1.09,1.90
2011.07.25 20:09:56.330,1.54002,1.54056,1.50,1.13
2011.07.25 20:09:56.442,1.54003,1.54053,1.50,1.13
2011.07.25 20:10:03.892,1.54005,1.54056,1.50,1.13
2011.07.25 20:10:06.947,1.54006,1.54056,1.13,1.13
2011.07.25 20:10:07.822,1.54006,1.54056,1.13,1.13
2011.07.25 20:10:09.534,1.54006,1.54057,1.88,1.50
2011.07.25 20:10:09.871,1.54007,1.54059,1.50,1.13
2011.07.25 20:10:09.981,1.54007,1.54059,2.25,1.13
2011.07.25 20:10:10.092,1.54007,1.54058,1.50,1.13
2011.07.25 20:10:10.201,1.54007,1.54056,1.88,1.13
2011.07.25 20:10:10.531,1.54009,1.54056,1.13,1.13
2011.07.25 20:10:10.639,1.54007,1.54056,1.50,1.13
2011.07.25 20:10:11.190,1.54007,1.54057,1.50,1.53
2011.07.25 20:10:11.750,1.54008,1.54057,1.50,1.53
2011.07.25 20:10:12.316,1.54008,1.54056,1.50,1.15
2011.07.25 20:10:13.501,1.54008,1.54062,1.13,1.13
2011.07.25 20:10:14.783,1.5401,1.54062,1.13,1.13
2011.07.25 20:10:15.500,1.5401,1.54062,1.13,1.13
2011.07.25 20:10:20.778,1.54008,1.54063,1.13,1.13
2011.07.25 20:10:20.892,1.54004,1.54054,1.11,1.13
2011.07.25 20:10:21.010,1.53987,1.54051,1.50,1.50
2011.07.25 20:10:22.590,1.53981,1.54041,1.50,1.88
2011.07.25 20:10:22.742,1.53981,1.54035,1.13,1.15
2011.07.25 20:10:23.511,1.53986,1.54036,1.50,1.15
2011.07.25 20:10:23.840,1.53988,1.54042,1.09,1.53
2011.07.25 20:10:23.950,1.53995,1.54047,1.09,1.53
2011.07.25 20:10:24.059,1.53995,1.54047,1.09,1.15
2011.07.25 20:10:26.839,1.53996,1.54047,1.09,1.53
2011.07.25 20:10:28.928,1.53997,1.54047,1.09,1.15
2011.07.25 20:10:36.161,1.53995,1.54044,1.09,1.13
2011.07.25 20:10:36.831,1.53995,1.54051,1.47,1.15
2011.07.25 20:10:37.153,1.54001,1.54051,1.09,1.15
2011.07.25 20:10:37.270,1.54003,1.54051,1.50,1.15
2011.07.25 20:10:38.228,1.54003,1.54052,1.50,1.53
2011.07.25 20:10:38.338,1.54004,1.54052,1.50,1.53
2011.07.25 20:10:38.563,1.54003,1.54052,1.50,1.90
2011.07.25 20:10:38.791,1.54003,1.54052,1.50,1.90
2011.07.25 20:10:39.341,1.53996,1.54051,1.84,1.90
2011.07.25 20:10:40.455,1.54001,1.54051,1.09,1.15
2011.07.25 20:10:41.982,1.53996,1.54051,1.84,1.15
2011.07.25 20:10:42.420,1.54001,1.54051,1.09,1.15
2011.07.25 20:10:42.952,1.54003,1.54052,1.50,1.90
2011.07.25 20:10:43.691,1.54003,1.54052,1.50,1.90
2011.07.25 20:10:44.021,1.54004,1.54051,1.50,1.90
2011.07.25 20:10:44.783,1.54006,1.54051,1.50,1.15
2011.07.25 20:10:45.810,1.54006,1.54051,1.50,1.15
2011.07.25 20:10:46.950,1.54006,1.54052,1.50,1.90
2011.07.25 20:10:47.500,1.54004,1.54051,1.50,1.90
2011.07.25 20:10:48.210,1.54002,1.54051,1.50,1.90
2011.07.25 20:10:48.950,1.54002,1.54051,1.50,1.53
2011.07.25 20:10:50.839,1.54003,1.54051,1.50,1.15
2011.07.25 20:10:56.840,1.54003,1.54051,1.50,1.90
2011.07.25 20:10:59.700,1.54001,1.54051,2.59,1.90
2011.07.25 20:11:00.250,1.54001,1.54052,1.84,1.50
2011.07.25 20:11:00.581,1.54001,1.5405,1.09,1.13
2011.07.25 20:11:01.130,1.53996,1.54047,1.09,1.15
2011.07.25 20:11:01.811,1.53994,1.54047,2.44,1.15
2011.07.25 20:11:02.911,1.53993,1.54046,1.09,1.09
2011.07.25 20:11:03.349,1.53992,1.54043,1.09,1.87
2011.07.25 20:11:03.900,1.53986,1.54043,1.09,1.12
2011.07.25 20:11:04.780,1.5399,1.54043,1.09,1.12
2011.07.25 20:11:05.334,1.5399,1.5404,1.09,1.15
2011.07.25 20:11:07.673,1.53992,1.54039,1.09,1.15
2011.07.25 20:11:11.463,1.53991,1.54043,1.09,1.09
2011.07.25 20:11:17.800,1.53983,1.54037,1.47,1.12
2011.07.25 20:11:17.909,1.53983,1.54037,1.47,1.12
2011.07.25 20:11:18.240,1.53983,1.54033,2.22,1.15
2011.07.25 20:11:18.569,1.5399,1.54039,1.09,1.15
2011.07.25 20:11:18.678,1.5399,1.54039,1.09,1.15
2011.07.25 20:11:19.009,1.53992,1.54039,2.59,1.15
2011.07.25 20:11:19.120,1.53997,1.54049,2.07,1.53
2011.07.25 20:11:19.341,1.54002,1.54049,1.09,1.13
2011.07.25 20:11:19.890,1.54002,1.54049,1.09,1.88
2011.07.25 20:11:20.572,1.54002,1.54048,1.09,1.50
2011.07.25 20:11:21.791,1.54002,1.54047,1.09,1.13
2011.07.25 20:11:22.967,1.54002,1.54048,1.09,1.50
2011.07.25 20:11:23.563,1.54002,1.5405,1.09,1.13
2011.07.25 20:11:25.159,1.54002,1.54046,1.09,1.13
2011.07.25 20:11:25.679,1.54002,1.54046,1.09,1.13
2011.07.25 20:11:26.520,1.54002,1.54046,1.09,1.13
2011.07.25 20:11:27.616,1.54002,1.54047,1.09,1.50
2011.07.25 20:11:28.679,1.54002,1.54047,1.09,1.13
2011.07.25 20:11:29.210,1.54002,1.54047,1.09,1.13
2011.07.25 20:11:29.760,1.54002,1.54053,1.09,1.50
2011.07.25 20:11:30.312,1.54002,1.54053,1.09,1.50
2011.07.25 20:11:31.240,1.54002,1.54048,1.09,1.13
2011.07.25 20:11:32.773,1.54002,1.54046,1.09,1.13
2011.07.25 20:11:33.183,1.54004,1.54047,1.50,1.50
2011.07.25 20:11:33.505,1.53997,1.54043,1.13,1.12
2011.07.25 20:11:33.734,1.53982,1.54043,2.22,2.22
2011.07.25 20:11:33.854,1.53983,1.54042,1.69,1.90
2011.07.25 20:11:34.084,1.53983,1.54037,1.69,1.13
2011.07.25 20:11:34.201,1.53983,1.54036,1.69,1.13
2011.07.25 20:11:36.480,1.53983,1.54038,1.69,1.53
2011.07.25 20:11:37.031,1.53983,1.54031,1.69,1.13
2011.07.25 20:11:37.581,1.53983,1.54038,1.69,1.13
2011.07.25 20:11:38.130,1.53989,1.54039,1.09,1.50
2011.07.25 20:11:38.463,1.53989,1.5404,1.09,1.13
2011.07.25 20:11:38.579,1.53989,1.5404,1.09,1.13
2011.07.25 20:11:40.605,1.53989,1.54039,1.09,1.13
2011.07.25 20:11:44.542,1.53989,1.54039,1.09,1.13
2011.07.25 20:11:44.772,1.53985,1.5404,1.09,1.47
2011.07.25 20:11:44.889,1.53985,1.54036,1.09,2.25
2011.07.25 20:11:45.004,1.53983,1.54028,1.35,1.09
2011.07.25 20:11:45.119,1.53973,1.54018,1.09,1.15
2011.07.25 20:11:45.231,1.53964,1.54011,1.47,1.15
2011.07.25 20:11:45.598,1.53957,1.54011,1.13,1.15
2011.07.25 20:11:45.713,1.53955,1.54011,1.13,1.15
2011.07.25 20:11:45.831,1.53953,1.5401,2.61,1.15
2011.07.25 20:11:46.379,1.53954,1.5401,1.48,1.15
2011.07.25 20:11:47.084,1.53954,1.54009,1.13,1.15
2011.07.25 20:11:47.801,1.53954,1.54009,1.48,1.15
2011.07.25 20:11:48.630,1.53954,1.54008,1.13,1.15
2011.07.25 20:11:48.960,1.53953,1.54008,1.13,1.15
2011.07.25 20:11:49.069,1.53953,1.54008,1.86,1.15
2011.07.25 20:11:50.051,1.53954,1.54009,1.13,1.15
2011.07.25 20:11:51.201,1.53954,1.5401,1.13,1.15
2011.07.25 20:11:51.741,1.53955,1.54008,1.50,1.15
2011.07.25 20:11:52.734,1.53955,1.54008,1.13,1.15
2011.07.25 20:11:53.072,1.53953,1.54009,1.13,1.15
2011.07.25 20:11:53.182,1.53953,1.54007,1.13,1.15
2011.07.25 20:11:53.510,1.53949,1.54003,1.50,1.15
2011.07.25 20:11:53.621,1.53953,1.54002,1.13,1.15
2011.07.25 20:11:53.954,1.53954,1.54001,1.13,1.15
2011.07.25 20:11:54.179,1.5395,1.54007,1.13,1.15
2011.07.25 20:11:54.730,1.53953,1.54002,1.13,1.13
2011.07.25 20:11:56.922,1.53953,1.54001,1.13,1.13
2011.07.25 20:12:00.442,1.53953,1.54007,1.13,1.15
2011.07.25 20:12:01.753,1.53953,1.54006,1.13,1.15
2011.07.25 20:12:03.511,1.53953,1.54007,1.13,1.15
2011.07.25 20:12:07.140,1.5395,1.54007,2.25,1.15
2011.07.25 20:12:10.170,1.5395,1.54008,1.88,1.15
2011.07.25 20:12:10.660,1.5395,1.54008,1.88,1.15
2011.07.25 20:12:10.772,1.53948,1.54007,1.13,1.15
2011.07.25 20:12:12.751,1.53949,1.54005,1.13,1.88
2011.07.25 20:12:15.479,1.53941,1.54005,1.50,1.50
2011.07.25 20:12:15.592,1.53941,1.54005,1.50,1.88
2011.07.25 20:12:15.810,1.53941,1.53999,1.50,1.13
2011.07.25 20:12:16.230,1.53941,1.53997,1.50,1.13
2011.07.25 20:12:16.342,1.53941,1.54005,1.50,1.88
2011.07.25 20:12:16.902,1.53941,1.53999,1.50,1.50
2011.07.25 20:12:17.230,1.53941,1.53993,1.50,1.15
2011.07.25 20:12:18.420,1.53943,1.53993,2.10,1.50
2011.07.25 20:12:20.343,1.53943,1.54005,2.10,1.50
2011.07.25 20:12:20.683,1.53945,1.54006,2.10,1.90
2011.07.25 20:12:23.191,1.53945,1.54006,2.10,1.90
2011.07.25 20:12:23.632,1.53944,1.54004,2.48,1.50
2011.07.25 20:12:23.852,1.53944,1.54007,2.10,1.90
2011.07.25 20:12:25.960,1.53946,1.54006,1.13,1.15
2011.07.25 20:12:26.180,1.53946,1.54007,1.50,1.15
2011.07.25 20:12:26.401,1.53944,1.54005,2.85,1.13
2011.07.25 20:12:26.828,1.53944,1.53998,1.50,1.15
2011.07.25 20:12:27.382,1.53947,1.53998,1.50,1.15
2011.07.25 20:12:27.709,1.53948,1.54004,3.23,1.13
2011.07.25 20:12:27.823,1.53948,1.54001,1.13,1.13
2011.07.25 20:12:27.943,1.53944,1.54001,1.13,1.88
2011.07.25 20:12:28.170,1.53943,1.53996,2.25,1.49
2011.07.25 20:12:28.279,1.53944,1.53994,1.35,1.15
2011.07.25 20:12:28.610,1.53957,1.54002,1.35,2.25
2011.07.25 20:12:29.050,1.53957,1.54002,1.35,1.13
2011.07.25 20:12:29.413,1.53957,1.54,1.35,1.13
2011.07.25 20:12:30.211,1.53957,1.54,1.35,1.13
2011.07.25 20:12:32.803,1.53957,1.54,1.35,1.13
2011.07.25 20:12:34.414,1.53957,1.54,1.35,1.13
2011.07.25 20:12:34.633,1.53954,1.54,1.13,1.13
2011.07.25 20:12:34.853,1.53957,1.54001,1.35,1.88
2011.07.25 20:12:35.405,1.53957,1.53999,1.35,1.13
2011.07.25 20:12:36.392,1.53955,1.54,1.35,1.13
2011.07.25 20:12:37.584,1.53955,1.54,1.35,1.13
2011.07.25 20:12:38.742,1.53955,1.54001,1.35,1.13
2011.07.25 20:12:38.963,1.53946,1.54002,2.10,1.13
2011.07.25 20:12:39.074,1.53946,1.54002,2.10,1.15
2011.07.25 20:12:40.247,1.53946,1.54001,2.10,1.15
2011.07.25 20:12:41.733,1.53946,1.54001,2.10,1.15
2011.07.25 20:12:44.511,1.53945,1.54003,2.44,1.53
2011.07.25 20:12:45.032,1.53945,1.54001,2.44,1.15
2011.07.25 20:12:45.582,1.53945,1.54,2.10,1.15
2011.07.25 20:12:47.892,1.53945,1.54,2.10,1.15
2011.07.25 20:12:49.412,1.53945,1.54,2.10,1.15
2011.07.25 20:12:56.901,1.53945,1.54,2.10,1.15
2011.07.25 20:12:57.164,1.53945,1.54,1.35,1.15
2011.07.25 20:12:57.272,1.53943,1.54,1.50,1.15
2011.07.25 20:12:57.493,1.53945,1.53999,1.13,1.53
2011.07.25 20:12:58.457,1.53945,1.53999,1.13,1.53
2011.07.25 20:12:59.553,1.53945,1.53999,1.13,1.53
2011.07.25 20:13:00.402,1.53945,1.53999,1.13,1.15
2011.07.25 20:13:00.623,1.5395,1.54008,1.35,1.49
2011.07.25 20:13:00.732,1.5395,1.54014,2.48,2.24
2011.07.25 20:13:00.843,1.53952,1.54014,1.50,1.84
2011.07.25 20:13:01.541,1.53954,1.54014,2.10,1.09
2011.07.25 20:13:02.082,1.53954,1.54014,2.10,1.09
2011.07.25 20:13:03.313,1.53954,1.54014,2.10,1.09
2011.07.25 20:13:03.872,1.53954,1.54013,1.35,1.50
2011.07.25 20:13:03.983,1.53954,1.54008,1.35,1.12
2011.07.25 20:13:04.093,1.5395,1.54008,1.50,1.12
2011.07.25 20:13:04.204,1.53947,1.54008,1.50,1.49
2011.07.25 20:13:04.310,1.53947,1.54003,1.50,1.12
2011.07.25 20:13:04.599,1.53947,1.54003,1.50,1.12
2011.07.25 20:13:05.283,1.53946,1.54001,1.50,1.15
2011.07.25 20:13:06.385,1.53946,1.54001,1.50,1.15
2011.07.25 20:13:07.835,1.53946,1.54001,1.50,1.15
2011.07.25 20:13:08.173,1.53944,1.54002,1.35,1.15
2011.07.25 20:13:08.782,1.53944,1.54003,2.85,1.12
2011.07.25 20:13:08.895,1.53948,1.54002,1.35,1.13
2011.07.25 20:13:09.121,1.53949,1.54002,1.35,1.13
2011.07.25 20:13:09.234,1.53941,1.54,1.50,1.09
2011.07.25 20:13:09.342,1.5394,1.54001,1.50,1.84
2011.07.25 20:13:09.452,1.53949,1.54002,1.35,1.50
2011.07.25 20:13:10.003,1.53949,1.54002,1.35,1.13
2011.07.25 20:13:10.704,1.53949,1.54002,1.73,1.13
2011.07.25 20:13:10.923,1.53954,1.54011,1.35,1.15
2011.07.25 20:13:11.143,1.53954,1.54013,1.35,1.88
2011.07.25 20:13:12.269,1.53954,1.54013,1.35,1.13
2011.07.25 20:13:12.904,1.53954,1.54012,2.48,1.13
2011.07.25 20:13:13.234,1.5396,1.54017,1.35,1.15
2011.07.25 20:13:13.596,1.5396,1.54017,2.10,1.15
2011.07.25 20:13:14.243,1.53962,1.54016,1.50,1.15
2011.07.25 20:13:14.764,1.53962,1.54017,1.50,1.15
2011.07.25 20:13:15.203,1.53964,1.54023,1.35,1.87
2011.07.25 20:13:16.733,1.53964,1.54017,2.85,1.15
2011.07.25 20:13:17.723,1.53964,1.54018,1.35,1.15
2011.07.25 20:13:17.942,1.5396,1.54018,2.10,1.15
2011.07.25 20:13:18.051,1.5396,1.54023,1.35,2.24
2011.07.25 20:13:18.162,1.53957,1.54021,1.50,1.15
2011.07.25 20:13:18.272,1.53954,1.54018,1.50,1.12
2011.07.25 20:13:19.703,1.53953,1.54013,2.10,1.09
2011.07.25 20:13:20.140,1.53949,1.54017,2.10,1.49
2011.07.25 20:13:20.742,1.53949,1.54017,2.10,1.49
2011.07.25 20:13:21.783,1.53949,1.54014,2.48,1.49
2011.07.25 20:13:26.934,1.53949,1.54014,1.13,1.49
2011.07.25 20:13:28.223,1.5395,1.54016,1.50,1.53
2011.07.25 20:13:28.662,1.53954,1.54018,1.50,1.90
2011.07.25 20:13:29.780,1.53953,1.54018,2.10,1.53
2011.07.25 20:13:29.892,1.53953,1.54016,2.10,1.13
2011.07.25 20:13:30.220,1.53949,1.54014,2.85,1.15
2011.07.25 20:13:30.442,1.53951,1.54014,1.50,2.28
2011.07.25 20:13:31.001,1.53951,1.54014,1.50,2.28
2011.07.25 20:13:31.545,1.53951,1.54014,1.50,2.28
2011.07.25 20:13:32.090,1.53951,1.54014,1.50,2.28
2011.07.25 20:13:32.852,1.53954,1.54014,1.50,2.28
2011.07.25 20:13:33.181,1.53952,1.54008,1.50,1.15
2011.07.25 20:13:34.461,1.53952,1.54008,1.50,1.15
2011.07.25 20:13:35.841,1.53952,1.54008,1.50,1.15
2011.07.25 20:13:37.712,1.53952,1.54008,1.50,1.15
2011.07.25 20:13:38.743,1.53952,1.54008,1.50,1.15
2011.07.25 20:13:39.184,1.5395,1.54013,2.22,1.15
2011.07.25 20:13:39.295,1.5395,1.54009,1.47,1.15
2011.07.25 20:13:39.814,1.5395,1.54009,1.84,1.15
2011.07.25 20:13:40.272,1.53952,1.54014,1.50,1.13
2011.07.25 20:13:40.491,1.53953,1.54019,1.50,1.53
2011.07.25 20:13:40.713,1.5395,1.54016,2.22,2.48
2011.07.25 20:13:40.824,1.5395,1.54016,2.22,2.48
2011.07.25 20:13:40.933,1.5395,1.54016,2.22,2.50
2011.07.25 20:13:41.528,1.5395,1.54016,1.88,2.50
2011.07.25 20:13:42.164,1.5395,1.54009,1.88,1.15
2011.07.25 20:13:43.035,1.5395,1.54009,1.88,1.15
2011.07.25 20:13:46.323,1.5395,1.54009,1.88,1.15
2011.07.25 20:13:46.909,1.5395,1.54009,1.13,1.15
2011.07.25 20:13:47.452,1.5395,1.54014,1.88,2.88
2011.07.25 20:13:48.373,1.5395,1.54009,1.88,1.15
2011.07.25 20:13:51.634,1.5395,1.54009,1.50,1.15
2011.07.25 20:13:51.845,1.5395,1.54009,1.50,1.15
2011.07.25 20:13:52.397,1.5395,1.54009,1.50,1.15
2011.07.25 20:13:52.986,1.53946,1.54009,1.50,1.49
2011.07.25 20:13:53.913,1.53946,1.54009,1.50,1.49
2011.07.25 20:13:54.792,1.5395,1.54009,1.50,1.49
2011.07.25 20:13:55.373,1.53951,1.54009,1.50,1.49
2011.07.25 20:13:56.070,1.53934,1.54,2.85,1.15
2011.07.25 20:13:56.513,1.53934,1.53997,2.10,1.15
2011.07.25 20:13:57.393,1.53934,1.53997,2.10,1.15
2011.07.25 20:13:57.931,1.53938,1.54001,1.13,1.15
2011.07.25 20:14:00.394,1.53937,1.54001,1.13,1.15
2011.07.25 20:14:00.501,1.53942,1.54001,2.10,1.15
2011.07.25 20:14:03.832,1.53935,1.54001,2.10,1.15
2011.07.25 20:14:04.306,1.53937,1.54006,1.13,1.15
2011.07.25 20:14:05.790,1.53937,1.54007,2.48,1.15
2011.07.25 20:14:06.235,1.53941,1.54007,1.13,1.15
2011.07.25 20:14:07.782,1.53941,1.54007,1.13,1.15
2011.07.25 20:14:09.154,1.53941,1.54007,1.50,1.15
2011.07.25 20:14:10.804,1.53941,1.54007,1.50,1.15
2011.07.25 20:14:11.313,1.53941,1.54007,1.50,1.15
2011.07.25 20:14:11.465,1.53941,1.54007,1.50,1.15
2011.07.25 20:14:15.301,1.53941,1.54008,1.50,1.15
2011.07.25 20:14:15.847,1.53941,1.54008,1.13,1.15
2011.07.25 20:14:16.371,1.53941,1.54008,1.50,1.15
2011.07.25 20:14:17.540,1.53939,1.54012,1.50,1.12
2011.07.25 20:14:18.122,1.53937,1.54011,1.13,1.53
2011.07.25 20:14:19.011,1.53937,1.54011,1.13,1.15
2011.07.25 20:14:20.343,1.53937,1.5401,1.13,1.15
2011.07.25 20:14:20.672,1.53937,1.5401,1.13,1.15
2011.07.25 20:14:22.024,1.53937,1.54008,1.13,1.15
2011.07.25 20:14:22.654,1.53937,1.54008,1.13,1.15
2011.07.25 20:14:22.764,1.53937,1.5401,1.13,1.15
2011.07.25 20:14:23.421,1.53937,1.54012,1.13,1.49
2011.07.25 20:14:25.842,1.53937,1.54011,1.13,1.15
2011.07.25 20:14:26.423,1.53937,1.54008,1.13,1.53
2011.07.25 20:14:26.862,1.53937,1.54008,1.13,1.53
2011.07.25 20:14:27.525,1.53937,1.54009,1.13,2.13
2011.07.25 20:14:28.055,1.53937,1.54011,1.13,1.15
2011.07.25 20:14:28.272,1.53947,1.54011,1.13,1.53
2011.07.25 20:14:28.823,1.53947,1.5401,1.13,1.15
2011.07.25 20:14:29.668,1.53947,1.5401,1.13,1.15
2011.07.25 20:14:30.893,1.53947,1.5401,1.13,1.15
2011.07.25 20:14:32.012,1.53947,1.54011,1.13,1.53
2011.07.25 20:14:33.218,1.53947,1.54011,1.13,1.15
2011.07.25 20:14:33.333,1.53947,1.54011,1.13,1.15
2011.07.25 20:14:35.492,1.53947,1.54013,1.13,1.15
2011.07.25 20:14:35.822,1.53947,1.54013,1.13,1.15
2011.07.25 20:14:37.262,1.53947,1.54013,1.13,1.15
2011.07.25 20:14:37.913,1.53947,1.54013,1.13,1.15
2011.07.25 20:14:39.180,1.53955,1.54014,1.50,1.53
2011.07.25 20:14:41.873,1.5395,1.54011,2.10,1.15
2011.07.25 20:14:45.403,1.5395,1.54009,2.10,2.28
2011.07.25 20:14:46.194,1.5395,1.54009,2.10,2.28
2011.07.25 20:14:49.832,1.5395,1.54009,2.10,2.62
2011.07.25 20:14:50.653,1.53942,1.54004,2.44,1.49
2011.07.25 20:14:51.870,1.53942,1.54004,2.44,1.49
2011.07.25 20:14:55.953,1.53942,1.54004,2.44,1.87
2011.07.25 20:14:56.173,1.53951,1.54004,1.35,1.87
2011.07.25 20:14:57.666,1.53951,1.54004,1.35,1.12
2011.07.25 20:14:58.794,1.53951,1.54004,2.10,1.12
2011.07.25 20:14:59.205,1.53951,1.54003,2.10,1.12
2011.07.25 20:14:59.431,1.53957,1.5402,2.10,1.49
2011.07.25 20:14:59.541,1.5396,1.5402,2.10,1.49
2011.07.25 20:14:59.871,1.53963,1.54024,1.50,1.49
2011.07.25 20:15:00.203,1.53965,1.54024,1.35,1.49
2011.07.25 20:15:00.422,1.53963,1.54024,1.50,1.49
2011.07.25 20:15:01.048,1.53963,1.54024,1.50,1.49
2011.07.25 20:15:01.602,1.53963,1.54018,1.50,1.49
2011.07.25 20:15:02.352,1.53962,1.54013,1.50,1.09
2011.07.25 20:15:02.684,1.53956,1.54017,1.50,1.15
2011.07.25 20:15:02.902,1.53956,1.54017,1.50,1.15
2011.07.25 20:15:03.232,1.53958,1.54017,1.50,1.15
2011.07.25 20:15:03.802,1.53958,1.54017,1.50,1.15
2011.07.25 20:15:03.915,1.53956,1.54014,1.50,1.53
2011.07.25 20:15:04.462,1.53953,1.54013,1.50,2.47
2011.07.25 20:15:04.777,1.53953,1.54009,1.50,1.15
2011.07.25 20:15:05.006,1.53961,1.54016,1.35,1.15
2011.07.25 20:15:05.123,1.53961,1.54017,2.10,1.15
2011.07.25 20:15:05.234,1.53961,1.54019,2.85,1.15
2011.07.25 20:15:05.344,1.53961,1.54019,2.10,1.15
2011.07.25 20:15:05.783,1.53958,1.54019,1.50,1.15
2011.07.25 20:15:06.335,1.53958,1.54019,1.50,1.15
2011.07.25 20:15:07.154,1.53956,1.54019,1.84,1.15
2011.07.25 20:15:07.373,1.53961,1.54018,2.10,1.15
2011.07.25 20:15:07.634,1.53961,1.54018,2.10,1.15
2011.07.25 20:15:08.074,1.53964,1.54018,1.50,1.15
2011.07.25 20:15:08.297,1.53958,1.54018,1.50,1.15
2011.07.25 20:15:08.633,1.53958,1.54024,1.50,1.15
2011.07.25 20:15:09.182,1.53958,1.54024,1.50,1.53
2011.07.25 20:15:09.703,1.53958,1.54024,1.50,1.15
2011.07.25 20:15:09.922,1.53956,1.54019,1.50,1.15
2011.07.25 20:15:10.253,1.53963,1.54019,1.35,1.15
2011.07.25 20:15:10.472,1.53963,1.54019,2.10,1.15
2011.07.25 20:15:11.196,1.53955,1.54017,2.85,1.15
2011.07.25 20:15:11.957,1.53958,1.54019,1.50,1.15
2011.07.25 20:15:13.145,1.53958,1.54019,1.50,1.15
2011.07.25 20:15:13.702,1.53958,1.54019,1.50,1.15
2011.07.25 20:15:13.812,1.53958,1.54019,1.50,1.15
2011.07.25 20:15:15.462,1.53958,1.54019,1.50,1.15
2011.07.25 20:15:15.765,1.53957,1.54018,1.50,1.15
2011.07.25 20:15:17.116,1.53965,1.54024,2.10,1.15
2011.07.25 20:15:17.683,1.53964,1.54024,1.50,1.15
2011.07.25 20:15:17.813,1.53962,1.54023,2.25,1.15
2011.07.25 20:15:18.143,1.53965,1.54023,2.10,1.15
2011.07.25 20:15:18.584,1.53971,1.54028,2.10,1.53
2011.07.25 20:15:18.694,1.53971,1.54026,2.10,1.15
2011.07.25 20:15:18.914,1.53971,1.54026,2.10,1.15
2011.07.25 20:15:20.361,1.53971,1.54027,2.10,1.15
2011.07.25 20:15:20.474,1.53971,1.54026,2.10,1.15
2011.07.25 20:15:21.242,1.53968,1.54019,2.10,1.15
2011.07.25 20:15:22.132,1.53968,1.54019,2.10,1.15
2011.07.25 20:15:22.575,1.53961,1.54024,1.50,2.28
2011.07.25 20:15:22.804,1.5396,1.54024,2.10,1.53
2011.07.25 20:15:23.804,1.5396,1.54018,2.10,1.15
2011.07.25 20:15:23.982,1.5396,1.54019,1.35,1.15
2011.07.25 20:15:24.092,1.5396,1.54023,2.10,1.15
2011.07.25 20:15:25.003,1.53959,1.54023,3.23,1.15
2011.07.25 20:15:25.774,1.53959,1.54023,3.23,1.15
2011.07.25 20:15:25.991,1.53959,1.54024,3.23,1.15
2011.07.25 20:15:26.746,1.53959,1.54018,3.23,1.15
2011.07.25 20:15:26.862,1.53959,1.54023,2.48,1.15
2011.07.25 20:15:27.148,1.53964,1.54023,1.35,1.15
2011.07.25 20:15:27.674,1.53964,1.54024,1.35,1.49
2011.07.25 20:15:27.787,1.5395,1.54022,1.50,1.12
2011.07.25 20:15:28.122,1.53956,1.54024,2.10,1.87
2011.07.25 20:15:28.345,1.53956,1.54024,2.10,1.87
2011.07.25 20:15:28.682,1.53964,1.54023,1.35,1.87
2011.07.25 20:15:29.383,1.53964,1.54023,1.35,1.53
2011.07.25 20:15:29.734,1.53964,1.54026,2.10,1.15
2011.07.25 20:15:30.265,1.53964,1.54026,2.10,1.15
2011.07.25 20:15:32.964,1.53964,1.54026,2.10,1.15
2011.07.25 20:15:34.958,1.53964,1.54023,1.73,1.53
2011.07.25 20:15:35.076,1.53971,1.54023,1.35,1.13
2011.07.25 20:15:36.326,1.53971,1.54023,1.35,1.13
2011.07.25 20:15:36.664,1.53963,1.54023,2.10,1.13
2011.07.25 20:15:36.992,1.53963,1.54019,1.35,1.15
2011.07.25 20:15:40.922,1.53963,1.54019,1.35,1.15
2011.07.25 20:15:41.252,1.53973,1.54023,1.35,1.13
2011.07.25 20:15:43.123,1.53973,1.54027,1.35,1.15
2011.07.25 20:15:49.342,1.53966,1.54027,1.50,1.15
2011.07.25 20:15:49.453,1.53965,1.54026,2.10,1.15
2011.07.25 20:15:49.672,1.53965,1.54026,2.10,1.15
2011.07.25 20:15:50.725,1.53965,1.54026,2.10,1.15
2011.07.25 20:15:51.274,1.53965,1.54026,2.10,1.15
2011.07.25 20:15:51.743,1.53965,1.54026,2.10,1.15
2011.07.25 20:15:53.392,1.53965,1.54026,2.10,1.15
2011.07.25 20:15:54.384,1.53965,1.54026,2.10,1.15
2011.07.25 20:15:54.683,1.53965,1.54026,2.10,1.15
2011.07.25 20:15:54.904,1.53973,1.54027,1.35,1.15
2011.07.25 20:15:55.453,1.53964,1.54027,2.85,1.15
2011.07.25 20:15:55.893,1.53964,1.54027,2.85,1.15
2011.07.25 20:15:56.821,1.53964,1.54026,2.10,1.15
2011.07.25 20:15:57.766,1.53964,1.54027,2.10,1.15
2011.07.25 20:15:58.674,1.53964,1.54027,2.10,1.15
2011.07.25 20:15:59.193,1.53964,1.54027,2.10,1.15
2011.07.25 20:15:59.792,1.53964,1.54027,2.10,1.15
2011.07.25 20:16:00.874,1.53964,1.54027,2.10,1.15
2011.07.25 20:16:00.983,1.53972,1.54027,1.35,1.15
2011.07.25 20:16:01.093,1.53972,1.54027,1.35,1.15
2011.07.25 20:16:01.754,1.53964,1.54027,2.10,1.15
2011.07.25 20:16:05.461,1.53964,1.54027,2.10,1.15
2011.07.25 20:16:05.684,1.53964,1.54021,2.10,1.15
2011.07.25 20:16:06.113,1.53964,1.54021,1.35,1.15
2011.07.25 20:16:06.224,1.53959,1.54018,1.50,1.12
2011.07.25 20:16:06.333,1.53957,1.54018,1.50,1.12
2011.07.25 20:16:06.552,1.53956,1.54017,2.10,1.13
2011.07.25 20:16:06.664,1.53951,1.54014,2.10,1.53
2011.07.25 20:16:07.004,1.53951,1.54007,2.10,1.15
2011.07.25 20:16:07.442,1.5395,1.54007,1.50,1.15
2011.07.25 20:16:07.774,1.5395,1.54006,1.50,1.15
2011.07.25 20:16:08.324,1.53946,1.54004,1.50,1.12
2011.07.25 20:16:08.437,1.53951,1.54006,1.09,1.15
2011.07.25 20:16:08.556,1.53958,1.54008,1.50,1.15
2011.07.25 20:16:08.674,1.53963,1.54021,1.35,1.12
2011.07.25 20:16:08.788,1.53963,1.54022,2.10,1.49
2011.07.25 20:16:09.314,1.53963,1.54025,2.85,1.12
2011.07.25 20:16:09.533,1.53963,1.54026,2.85,1.12
2011.07.25 20:16:10.083,1.53963,1.54025,3.60,1.12
2011.07.25 20:16:11.654,1.53965,1.54025,1.50,1.12
2011.07.25 20:16:15.395,1.53965,1.54025,1.50,1.12
2011.07.25 20:16:16.053,1.53966,1.54025,1.50,1.12
2011.07.25 20:16:16.455,1.53966,1.54025,1.50,1.12
2011.07.25 20:16:16.784,1.53969,1.54029,1.50,1.12
2011.07.25 20:16:17.483,1.53969,1.54029,1.50,1.12
2011.07.25 20:16:18.452,1.53969,1.54029,1.50,1.12
2011.07.25 20:16:19.814,1.53969,1.54029,1.50,1.12
2011.07.25 20:16:22.897,1.53969,1.54029,1.50,1.12
2011.07.25 20:16:27.147,1.53969,1.54029,1.50,1.12
2011.07.25 20:16:28.066,1.53969,1.54032,1.50,1.12
2011.07.25 20:16:31.114,1.53969,1.54032,1.50,1.12
2011.07.25 20:16:32.523,1.53971,1.54032,1.13,1.12
2011.07.25 20:16:35.712,1.53975,1.54033,1.50,1.87
2011.07.25 20:16:43.703,1.53972,1.54033,1.13,1.87
2011.07.25 20:16:44.834,1.53969,1.54033,1.50,2.62
2011.07.25 20:16:44.943,1.53969,1.54029,1.50,1.49
2011.07.25 20:16:55.685,1.53976,1.54033,1.50,1.87
2011.07.25 20:17:04.615,1.53974,1.54032,1.50,1.12
2011.07.25 20:17:08.753,1.53973,1.54033,1.50,1.49
2011.07.25 20:17:09.565,1.53973,1.54035,1.50,2.24
2011.07.25 20:17:11.215,1.53973,1.54033,1.50,1.49
2011.07.25 20:17:11.446,1.53973,1.54035,1.50,2.24
2011.07.25 20:17:12.705,1.53974,1.54033,1.50,1.49
2011.07.25 20:17:13.803,1.53974,1.54035,1.50,2.24
2011.07.25 20:17:16.282,1.53981,1.54041,1.09,1.53
2011.07.25 20:17:16.396,1.53989,1.54043,1.35,1.50
2011.07.25 20:17:16.747,1.53982,1.54041,1.35,1.15
2011.07.25 20:17:16.863,1.5399,1.54041,1.35,1.15
2011.07.25 20:17:18.775,1.5399,1.54038,1.35,1.15
2011.07.25 20:17:19.394,1.5399,1.54038,1.35,1.15
2011.07.25 20:17:19.724,1.53978,1.54036,1.50,1.09
2011.07.25 20:17:20.123,1.53978,1.54031,1.50,1.12
2011.07.25 20:17:20.675,1.53978,1.54031,1.50,1.12
2011.07.25 20:17:21.373,1.53978,1.54032,1.50,1.12
2011.07.25 20:17:21.483,1.53981,1.54036,1.84,1.15
2011.07.25 20:17:21.593,1.5399,1.54036,1.35,1.15
2011.07.25 20:17:21.703,1.5399,1.54044,1.35,1.49
2011.07.25 20:17:22.494,1.5399,1.54041,1.35,1.15
2011.07.25 20:17:22.714,1.5399,1.54044,2.10,1.09
2011.07.25 20:17:23.409,1.5399,1.54044,2.10,1.09
2011.07.25 20:17:24.805,1.53994,1.54044,1.50,1.09
2011.07.25 20:17:30.212,1.53994,1.54044,1.50,1.09
2011.07.25 20:17:30.432,1.53994,1.54044,1.50,1.09
2011.07.25 20:17:30.653,1.53997,1.54051,1.35,2.22
2011.07.25 20:17:30.762,1.53997,1.54055,1.35,1.50
2011.07.25 20:17:31.313,1.53997,1.54052,1.35,1.15
2011.07.25 20:17:31.684,1.53997,1.54052,2.10,1.15
2011.07.25 20:17:32.756,1.53997,1.54049,2.10,1.12
2011.07.25 20:17:32.874,1.53997,1.54049,1.35,1.12
2011.07.25 20:17:33.117,1.53997,1.54049,2.10,1.12
2011.07.25 20:17:33.233,1.53997,1.54049,1.35,1.12
2011.07.25 20:17:33.911,1.53997,1.54049,2.10,1.12
2011.07.25 20:17:34.514,1.53997,1.54052,2.10,1.15
2011.07.25 20:17:35.159,1.53997,1.54052,2.10,1.15
2011.07.25 20:17:35.526,1.53997,1.54055,2.10,1.15
2011.07.25 20:17:36.054,1.53997,1.54055,2.10,1.15
2011.07.25 20:17:37.093,1.53997,1.54055,2.10,1.15
2011.07.25 20:17:37.682,1.53997,1.54055,2.10,1.53
2011.07.25 20:17:41.932,1.53997,1.54055,2.10,1.53
2011.07.25 20:17:44.223,1.54006,1.54055,2.10,1.87
2011.07.25 20:17:46.184,1.54006,1.54055,1.35,1.47
2011.07.25 20:17:46.512,1.53994,1.54055,2.10,1.47
2011.07.25 20:17:47.074,1.53994,1.54053,2.85,1.12
2011.07.25 20:17:47.404,1.53989,1.54053,2.10,1.12
2011.07.25 20:17:48.455,1.53989,1.54053,1.35,1.12
2011.07.25 20:17:48.572,1.53986,1.54053,2.10,1.12
2011.07.25 20:17:48.903,1.53986,1.54053,2.10,1.12
2011.07.25 20:17:49.444,1.53986,1.54053,2.10,1.12
2011.07.25 20:17:49.662,1.53988,1.54053,2.10,1.12
2011.07.25 20:17:50.353,1.53988,1.54053,1.35,1.87
2011.07.25 20:17:50.763,1.53988,1.54053,2.10,1.87
2011.07.25 20:18:00.032,1.53988,1.54049,2.10,1.12
2011.07.25 20:18:00.364,1.53994,1.5405,1.35,1.12
2011.07.25 20:18:00.864,1.54,1.5405,1.35,1.12
2011.07.25 20:18:01.084,1.53997,1.54055,1.35,1.09
2011.07.25 20:18:01.307,1.53991,1.54049,2.10,1.12
2011.07.25 20:18:01.864,1.53992,1.54049,1.35,1.12
2011.07.25 20:18:02.084,1.53994,1.54049,1.35,1.12
2011.07.25 20:18:03.052,1.53994,1.54054,2.85,1.09
2011.07.25 20:18:05.220,1.53994,1.54054,2.85,1.84
2011.07.25 20:18:12.523,1.53995,1.54053,2.10,1.12
2011.07.25 20:18:12.632,1.53995,1.54053,2.10,1.87
2011.07.25 20:18:13.063,1.53995,1.54053,1.35,1.47
2011.07.25 20:18:13.612,1.53994,1.54053,1.50,1.12
2011.07.25 20:18:21.203,1.53994,1.54052,1.50,1.12
2011.07.25 20:18:23.415,1.53994,1.54052,1.50,1.12
2011.07.25 20:18:24.633,1.53993,1.54055,1.50,1.87
2011.07.25 20:18:32.423,1.53994,1.54054,1.50,1.49
2011.07.25 20:18:33.093,1.53993,1.54054,1.50,1.15
2011.07.25 20:18:33.923,1.53994,1.54054,1.50,1.53
2011.07.25 20:18:34.253,1.54001,1.54055,1.13,1.53
2011.07.25 20:18:34.582,1.54002,1.54063,2.10,1.49
2011.07.25 20:18:35.183,1.53996,1.54063,1.13,1.49
2011.07.25 20:18:35.363,1.53996,1.54064,1.13,2.47
2011.07.25 20:18:36.834,1.53996,1.54063,1.13,1.49
2011.07.25 20:18:40.454,1.54002,1.54063,1.13,1.15
2011.07.25 20:18:40.783,1.54007,1.54067,1.50,1.12
2011.07.25 20:18:41.262,1.54007,1.54066,2.25,1.13
2011.07.25 20:18:43.793,1.54011,1.54068,1.50,1.12
2011.07.25 20:18:45.473,1.54013,1.54069,1.88,2.13
2011.07.25 20:18:45.692,1.54013,1.54071,1.13,1.15
2011.07.25 20:18:45.804,1.54013,1.54071,1.13,1.13
2011.07.25 20:18:46.314,1.54013,1.54075,1.13,1.13
2011.07.25 20:18:47.593,1.54013,1.54075,1.13,1.13
2011.07.25 20:18:48.813,1.54014,1.54074,1.50,1.13
2011.07.25 20:18:54.383,1.54014,1.54074,1.50,1.13
2011.07.25 20:18:55.423,1.54013,1.54076,1.88,1.13
2011.07.25 20:18:56.874,1.54013,1.54076,1.88,1.50
2011.07.25 20:19:01.916,1.54013,1.54076,1.88,1.13
2011.07.25 20:19:15.343,1.54013,1.54075,1.88,1.35
2011.07.25 20:19:15.453,1.54013,1.54075,1.88,1.73
2011.07.25 20:19:26.235,1.54013,1.54075,1.88,1.73
2011.07.25 20:19:26.563,1.54013,1.54075,1.88,1.73
2011.07.25 20:19:27.453,1.54013,1.54075,1.88,1.35
2011.07.25 20:19:45.543,1.54013,1.54075,2.63,1.35
2011.07.25 20:19:52.524,1.54013,1.54075,2.63,2.10
2011.07.25 20:19:53.612,1.54014,1.54075,1.50,2.10
2011.07.25 20:19:54.783,1.54014,1.54075,1.50,2.10
2011.07.25 20:19:56.433,1.54013,1.54075,2.63,1.35
2011.07.25 20:19:57.035,1.54018,1.54077,1.50,1.15
2011.07.25 20:19:57.255,1.54014,1.54074,1.88,1.35
2011.07.25 20:19:58.024,1.54024,1.54076,1.13,1.73
2011.07.25 20:19:58.246,1.54014,1.54077,2.10,1.53
2011.07.25 20:19:58.365,1.54014,1.54074,2.85,1.13
2011.07.25 20:19:58.694,1.54014,1.54074,1.13,1.13
2011.07.25 20:19:59.243,1.54023,1.54074,1.13,1.13
2011.07.25 20:19:59.352,1.54023,1.54077,1.13,1.49
2011.07.25 20:19:59.573,1.54018,1.54074,1.50,1.13
2011.07.25 20:19:59.683,1.54016,1.54074,1.50,2.48
2011.07.25 20:19:59.796,1.54014,1.54074,1.50,2.48
2011.07.25 20:20:03.719,1.54014,1.54074,1.50,1.13
2011.07.25 20:20:03.836,1.54018,1.54074,1.13,1.13
2011.07.25 20:20:04.393,1.54014,1.54075,1.88,1.13
2011.07.25 20:20:05.188,1.54014,1.54076,1.13,2.48
2011.07.25 20:20:05.855,1.54014,1.54076,1.13,2.48
2011.07.25 20:20:07.914,1.54017,1.54076,1.50,2.88
2011.07.25 20:20:08.244,1.54022,1.54076,1.13,1.15
2011.07.25 20:20:08.800,1.54023,1.54077,1.50,1.15
2011.07.25 20:20:11.114,1.54024,1.54077,1.50,1.15
2011.07.25 20:20:13.042,1.54024,1.54086,2.59,1.90
2011.07.25 20:20:13.152,1.54024,1.54086,1.09,1.50
2011.07.25 20:20:13.375,1.54021,1.5407,1.50,1.13
2011.07.25 20:20:13.596,1.54015,1.54075,1.09,1.35
2011.07.25 20:20:14.294,1.54014,1.54075,1.13,1.69
2011.07.25 20:20:14.625,1.54014,1.54068,1.50,2.10
2011.07.25 20:20:14.952,1.54014,1.54069,1.88,1.09
2011.07.25 20:20:15.785,1.54014,1.54069,1.88,1.09
2011.07.25 20:20:16.114,1.54014,1.54069,1.88,1.09
2011.07.25 20:20:20.354,1.54017,1.54076,1.13,2.50
2011.07.25 20:20:20.464,1.54021,1.54077,1.13,1.15
2011.07.25 20:20:21.563,1.54021,1.54074,1.13,1.13
2011.07.25 20:20:21.894,1.54007,1.54078,1.50,1.50
2011.07.25 20:20:22.002,1.54002,1.54078,1.50,1.50
2011.07.25 20:20:22.112,1.54002,1.54073,1.50,1.50
2011.07.25 20:20:22.224,1.54002,1.54066,1.50,1.15
2011.07.25 20:20:23.073,1.54002,1.54066,1.50,1.15
2011.07.25 20:20:23.830,1.54002,1.54066,1.50,1.15
2011.07.25 20:20:27.456,1.54002,1.54066,1.50,1.15
2011.07.25 20:20:27.575,1.54002,1.54075,1.50,1.13
2011.07.25 20:20:28.123,1.54002,1.54077,1.50,1.53
2011.07.25 20:20:28.836,1.54002,1.54077,1.50,1.53
2011.07.25 20:20:31.514,1.54002,1.54076,1.50,2.10
2011.07.25 20:20:32.844,1.53994,1.54073,1.50,1.50
2011.07.25 20:20:33.174,1.53993,1.54058,1.50,1.35
2011.07.25 20:20:33.724,1.53993,1.54072,1.50,2.48
2011.07.25 20:20:33.833,1.53993,1.54072,1.50,2.48
2011.07.25 20:20:34.325,1.53994,1.54072,1.50,1.13
2011.07.25 20:20:35.694,1.53993,1.5407,1.50,1.13
2011.07.25 20:20:35.915,1.53993,1.5407,1.50,1.13
2011.07.25 20:20:41.661,1.53994,1.54072,1.50,1.13
2011.07.25 20:20:45.391,1.53994,1.54071,1.50,1.13
2011.07.25 20:20:55.824,1.53993,1.54072,1.50,1.13
2011.07.25 20:21:03.013,1.53994,1.54071,1.50,1.13
2011.07.25 20:21:05.168,1.53993,1.54071,1.50,1.13
2011.07.25 20:21:11.864,1.53994,1.54071,1.50,1.13
2011.07.25 20:21:12.413,1.54002,1.54073,2.25,1.50
2011.07.25 20:21:12.741,1.53993,1.54073,1.50,1.50
2011.07.25 20:21:15.411,1.53994,1.54073,1.50,1.50
2011.07.25 20:21:53.994,1.53994,1.54068,1.50,1.50
2011.07.25 20:21:54.213,1.53994,1.54074,1.50,1.50
2011.07.25 20:21:54.322,1.53994,1.54069,1.50,1.50
2011.07.25 20:21:55.059,1.53994,1.54074,1.50,1.50
2011.07.25 20:22:03.893,1.53993,1.54068,1.50,1.50
2011.07.25 20:22:04.850,1.53994,1.54073,1.50,2.25
2011.07.25 20:22:05.443,1.53994,1.54073,1.50,1.13
2011.07.25 20:22:07.834,1.53994,1.54075,1.50,1.13
2011.07.25 20:22:08.556,1.53994,1.54074,1.50,1.50
2011.07.25 20:22:10.155,1.53993,1.54075,1.50,1.13
2011.07.25 20:22:11.854,1.53993,1.54073,1.50,1.50
2011.07.25 20:22:12.836,1.53994,1.54075,1.50,1.13
2011.07.25 20:22:16.029,1.53993,1.54074,1.50,1.50
2011.07.25 20:22:21.417,1.53994,1.54068,1.50,1.50
2011.07.25 20:22:23.833,1.53994,1.54064,1.50,1.50
2011.07.25 20:22:24.181,1.53993,1.54069,1.50,1.50
2011.07.25 20:22:24.735,1.53994,1.54069,1.50,1.50
2011.07.25 20:22:25.403,1.53993,1.54069,1.50,1.50
2011.07.25 20:22:35.952,1.53994,1.54069,1.50,1.50
2011.07.25 20:22:45.740,1.53994,1.54069,1.50,1.50
2011.07.25 20:22:47.329,1.53994,1.54069,1.50,1.50
2011.07.25 20:22:56.784,1.53994,1.5407,1.50,1.13
2011.07.25 20:22:58.442,1.54002,1.54074,1.50,1.50
2011.07.25 20:22:58.774,1.53994,1.54068,1.13,1.50
2011.07.25 20:22:58.992,1.53992,1.54067,1.13,1.15
2011.07.25 20:23:01.714,1.53994,1.54064,1.13,1.13
2011.07.25 20:23:02.265,1.53993,1.54066,1.50,1.15
2011.07.25 20:23:03.151,1.53993,1.54067,1.13,1.15
2011.07.25 20:23:05.732,1.53994,1.54073,1.50,1.13
2011.07.25 20:23:06.076,1.53993,1.54074,1.88,1.88
2011.07.25 20:23:08.974,1.53993,1.54064,1.13,1.13
2011.07.25 20:23:09.525,1.53991,1.54064,1.13,1.13
2011.07.25 20:23:11.281,1.53988,1.54061,1.13,1.15
2011.07.25 20:23:11.723,1.5399,1.54061,1.13,1.15
2011.07.25 20:23:13.540,1.5399,1.5406,1.13,1.15
2011.07.25 20:23:15.521,1.5399,1.54056,1.13,1.15
2011.07.25 20:23:17.358,1.5399,1.54057,1.13,1.15
2011.07.25 20:23:22.590,1.5399,1.54057,1.13,1.15
2011.07.25 20:23:27.764,1.53988,1.54055,1.50,1.13
2011.07.25 20:23:28.335,1.53989,1.54052,1.13,1.53
2011.07.25 20:23:29.576,1.53986,1.54052,1.13,1.53
2011.07.25 20:23:30.024,1.53986,1.54052,1.13,1.53
2011.07.25 20:23:30.135,1.53986,1.54052,1.13,1.53
2011.07.25 20:23:30.644,1.53986,1.54052,1.13,1.53
2011.07.25 20:23:31.173,1.53986,1.54052,1.13,1.53
2011.07.25 20:23:32.455,1.53989,1.54052,1.13,1.53
2011.07.25 20:23:32.986,1.53989,1.54056,1.13,1.15
2011.07.25 20:23:33.552,1.53989,1.54056,1.13,1.15
2011.07.25 20:23:33.833,1.53989,1.54056,1.13,1.15
2011.07.25 20:23:35.353,1.53989,1.54057,1.13,1.15
2011.07.25 20:23:35.894,1.53989,1.54057,1.50,1.15
2011.07.25 20:23:36.663,1.53989,1.54057,1.50,1.15
2011.07.25 20:23:36.774,1.53989,1.54056,1.13,1.15
2011.07.25 20:23:36.884,1.53987,1.54057,1.13,1.15
2011.07.25 20:23:37.434,1.53989,1.54056,1.50,1.15
2011.07.25 20:23:37.655,1.53997,1.54056,1.88,1.15
2011.07.25 20:23:38.034,1.54001,1.54067,1.50,1.90
2011.07.25 20:23:38.613,1.53996,1.54064,1.50,1.50
2011.07.25 20:23:38.832,1.53993,1.54067,1.50,1.15
2011.07.25 20:23:39.435,1.53993,1.54064,1.50,1.50
2011.07.25 20:23:40.756,1.53994,1.54066,1.50,1.15
2011.07.25 20:23:40.864,1.53994,1.54063,1.50,1.50
2011.07.25 20:23:41.445,1.53994,1.54058,1.50,1.50
2011.07.25 20:23:42.564,1.53993,1.54064,1.50,1.50
2011.07.25 20:23:43.113,1.53986,1.54061,2.10,1.13
2011.07.25 20:23:44.106,1.53984,1.54056,1.50,1.15
2011.07.25 20:23:44.673,1.53983,1.54057,1.50,1.15
2011.07.25 20:23:45.442,1.53983,1.54057,1.50,1.15
2011.07.25 20:23:47.794,1.53982,1.54051,1.13,1.15
2011.07.25 20:23:56.473,1.53984,1.54056,1.50,1.15
2011.07.25 20:23:56.866,1.53983,1.54057,1.50,1.15
2011.07.25 20:23:58.115,1.53984,1.54056,1.50,1.15
2011.07.25 20:24:00.434,1.53984,1.54056,1.50,1.15
2011.07.25 20:24:01.753,1.53984,1.54056,1.50,1.15
2011.07.25 20:24:05.125,1.53984,1.54056,1.50,1.15
2011.07.25 20:24:05.820,1.53984,1.54056,1.50,1.15
2011.07.25 20:24:06.813,1.53983,1.54057,1.50,1.15
2011.07.25 20:24:12.463,1.53984,1.54056,1.50,1.15
2011.07.25 20:24:13.578,1.53983,1.54057,1.50,1.15
2011.07.25 20:24:14.133,1.53989,1.54057,1.13,1.15
2011.07.25 20:24:15.434,1.53986,1.54051,2.10,1.50
2011.07.25 20:24:15.983,1.53985,1.54051,1.50,1.53
2011.07.25 20:24:16.670,1.53985,1.54051,1.50,1.53
2011.07.25 20:24:17.201,1.53985,1.54051,1.50,1.53
2011.07.25 20:24:17.748,1.53985,1.54051,1.50,1.90
2011.07.25 20:24:18.995,1.53985,1.54051,1.50,1.90
2011.07.25 20:24:21.003,1.53991,1.54051,1.50,1.90
2011.07.25 20:24:21.224,1.53997,1.54058,1.13,1.15
2011.07.25 20:24:21.444,1.53997,1.54058,1.13,1.15
2011.07.25 20:24:21.554,1.54,1.54063,1.50,1.50
2011.07.25 20:24:22.991,1.54,1.54062,1.50,1.50
2011.07.25 20:24:23.324,1.54004,1.54062,1.50,1.50
2011.07.25 20:24:29.154,1.54003,1.54067,1.50,1.15
2011.07.25 20:24:29.814,1.54005,1.54068,1.13,1.50
2011.07.25 20:24:30.924,1.54004,1.54066,1.50,1.15
2011.07.25 20:24:31.795,1.54004,1.54066,1.50,1.15
2011.07.25 20:24:34.608,1.54001,1.54064,1.50,1.50
2011.07.25 20:24:35.247,1.54001,1.54064,1.50,1.50
2011.07.25 20:24:35.892,1.54001,1.54064,1.50,1.50
2011.07.25 20:24:36.893,1.54004,1.54066,1.50,1.15
2011.07.25 20:24:37.666,1.54004,1.54066,1.50,1.15
2011.07.25 20:24:37.784,1.54004,1.54066,1.50,1.15
2011.07.25 20:24:39.864,1.54003,1.54067,1.50,1.15
2011.07.25 20:24:40.686,1.54004,1.54066,1.50,1.15
2011.07.25 20:24:42.935,1.54006,1.54066,1.13,1.15
2011.07.25 20:24:43.043,1.54008,1.54066,1.13,1.15
2011.07.25 20:24:43.593,1.54014,1.54066,1.50,1.15
2011.07.25 20:24:45.366,1.54016,1.54068,1.50,1.12
2011.07.25 20:24:45.988,1.5402,1.54068,1.50,1.12
2011.07.25 20:24:46.937,1.54017,1.54068,1.50,1.87
2011.07.25 20:24:48.004,1.5402,1.54068,1.50,1.12
2011.07.25 20:24:48.554,1.54016,1.54068,1.50,1.12
2011.07.25 20:24:48.883,1.54014,1.54068,1.50,1.87
2011.07.25 20:24:49.624,1.54014,1.54068,1.13,2.62
2011.07.25 20:24:50.174,1.54014,1.54067,1.13,1.53
2011.07.25 20:24:50.725,1.54014,1.54067,1.13,1.53
2011.07.25 20:24:51.309,1.54015,1.54067,1.13,1.53
2011.07.25 20:24:51.856,1.54015,1.5407,1.50,1.15
2011.07.25 20:24:53.085,1.54015,1.5407,1.13,1.15
2011.07.25 20:24:54.163,1.5402,1.5407,1.50,1.15
2011.07.25 20:24:54.494,1.54021,1.5407,1.50,1.15
2011.07.25 20:24:55.752,1.54021,1.54071,1.50,1.15
2011.07.25 20:25:01.305,1.54017,1.5407,2.25,1.15
2011.07.25 20:25:01.413,1.54017,1.5407,1.50,1.15
2011.07.25 20:25:01.965,1.54017,1.5407,1.50,1.15
2011.07.25 20:25:03.411,1.54017,1.5407,1.50,1.15
2011.07.25 20:25:03.853,1.54022,1.5407,1.50,1.15
2011.07.25 20:25:04.824,1.54022,1.5407,1.50,1.15
2011.07.25 20:25:05.435,1.54022,1.54072,1.50,1.12
2011.07.25 20:25:08.525,1.54022,1.54072,1.50,1.12
2011.07.25 20:25:08.972,1.54021,1.54072,1.50,1.12
2011.07.25 20:25:09.414,1.54023,1.54078,3.19,1.09
2011.07.25 20:25:11.495,1.54029,1.54078,1.50,1.09
2011.07.25 20:25:13.075,1.54026,1.54078,1.50,1.09
2011.07.25 20:25:13.512,1.54026,1.5408,1.50,1.09
2011.07.25 20:25:13.626,1.54023,1.5408,3.19,1.09
2011.07.25 20:25:13.746,1.54023,1.54081,1.35,1.15
2011.07.25 20:25:14.285,1.54023,1.54081,2.10,1.15
2011.07.25 20:25:14.504,1.54023,1.54081,2.85,1.13
2011.07.25 20:25:15.635,1.54023,1.54081,2.85,1.13
2011.07.25 20:25:16.073,1.54023,1.54082,2.85,1.13
2011.07.25 20:25:17.063,1.54023,1.54083,2.85,1.50
2011.07.25 20:25:17.368,1.54024,1.54083,1.50,1.50
2011.07.25 20:25:24.765,1.54023,1.54086,2.85,1.53
2011.07.25 20:25:25.202,1.54014,1.54083,3.23,1.53
2011.07.25 20:25:25.782,1.54014,1.54078,2.85,1.12
2011.07.25 20:25:26.114,1.54013,1.5407,1.50,1.12
2011.07.25 20:25:26.224,1.54012,1.5407,1.50,1.12
2011.07.25 20:25:26.335,1.54013,1.54075,1.50,1.49
2011.07.25 20:25:27.113,1.54008,1.5407,1.50,1.49
2011.07.25 20:25:31.407,1.54008,1.54069,1.50,1.15
2011.07.25 20:25:31.887,1.54006,1.54069,3.23,1.15
2011.07.25 20:25:32.443,1.54008,1.5407,1.50,1.49
2011.07.25 20:25:33.133,1.54008,1.5407,1.50,1.49
2011.07.25 20:25:33.794,1.54006,1.54069,3.23,1.15
2011.07.25 20:25:33.937,1.54006,1.54069,3.23,1.15
2011.07.25 20:25:34.457,1.54006,1.54069,3.23,1.15
2011.07.25 20:25:38.725,1.54016,1.54077,1.47,1.12
2011.07.25 20:25:39.052,1.54017,1.54072,2.10,1.12
2011.07.25 20:25:39.165,1.5401,1.54072,1.50,3.22
2011.07.25 20:25:39.273,1.5401,1.54072,1.50,3.22
2011.07.25 20:25:39.604,1.54007,1.54069,1.84,1.12
2011.07.25 20:25:39.904,1.54006,1.54069,1.09,2.24
2011.07.25 20:25:40.454,1.54006,1.54065,1.09,1.15
2011.07.25 20:25:40.784,1.54007,1.54065,1.09,1.15
2011.07.25 20:25:40.894,1.54007,1.54063,1.09,1.15
2011.07.25 20:25:42.677,1.54007,1.54063,1.09,1.15
2011.07.25 20:25:42.794,1.54007,1.54064,1.09,1.15
2011.07.25 20:25:43.445,1.54007,1.54058,1.09,1.15
2011.07.25 20:25:44.825,1.54007,1.54063,1.09,1.15
2011.07.25 20:25:45.754,1.54007,1.54063,1.09,1.15
2011.07.25 20:25:48.175,1.54007,1.54063,1.09,1.15
2011.07.25 20:25:48.614,1.54006,1.54059,1.84,1.15
2011.07.25 20:25:51.249,1.54006,1.54059,1.84,1.15
2011.07.25 20:25:53.406,1.54007,1.54066,1.09,1.49
2011.07.25 20:25:57.073,1.54008,1.54064,1.50,1.53
2011.07.25 20:26:01.385,1.54008,1.54066,1.50,1.49
2011.07.25 20:26:03.537,1.54008,1.54066,1.50,1.12
2011.07.25 20:26:06.464,1.54008,1.54063,1.50,1.15
2011.07.25 20:26:07.497,1.54008,1.54063,1.50,1.53
2011.07.25 20:26:08.064,1.54008,1.54063,1.50,1.53
2011.07.25 20:26:08.663,1.54008,1.54063,1.50,1.53
2011.07.25 20:26:09.284,1.54008,1.54063,1.50,1.15
2011.07.25 20:26:12.006,1.54008,1.54063,1.50,1.15
2011.07.25 20:26:13.424,1.54008,1.54063,1.50,1.15
2011.07.25 20:26:13.975,1.54008,1.54066,1.50,1.12
2011.07.25 20:26:14.785,1.54008,1.54066,1.50,1.12
2011.07.25 20:26:15.834,1.54008,1.54066,1.50,1.49
2011.07.25 20:26:16.421,1.54008,1.54066,1.50,1.49
2011.07.25 20:26:16.994,1.54008,1.54066,1.50,1.12
2011.07.25 20:26:19.643,1.54008,1.54066,1.50,1.12
2011.07.25 20:26:19.756,1.54008,1.54063,1.50,1.15
2011.07.25 20:26:22.207,1.54008,1.54063,1.50,1.15
2011.07.25 20:26:25.175,1.54008,1.54063,1.50,1.15
2011.07.25 20:26:25.694,1.54008,1.54063,1.50,1.15
2011.07.25 20:26:25.804,1.54008,1.54066,1.50,1.49
2011.07.25 20:26:26.587,1.54008,1.54064,1.50,1.15
2011.07.25 20:26:29.915,1.54008,1.54066,1.50,1.12
2011.07.25 20:26:35.507,1.54008,1.54063,1.50,1.15
2011.07.25 20:26:36.949,1.54007,1.54059,1.09,1.15
2011.07.25 20:26:37.178,1.54007,1.54064,1.09,1.15
2011.07.25 20:26:38.071,1.54006,1.54064,1.50,1.49
2011.07.25 20:26:38.292,1.54003,1.54059,1.50,1.49
2011.07.25 20:26:39.684,1.54003,1.54059,1.50,2.24
2011.07.25 20:27:07.837,1.54003,1.54059,1.50,1.87
2011.07.25 20:27:08.998,1.54004,1.54058,1.50,1.49
2011.07.25 20:27:09.874,1.54001,1.54059,1.50,1.87
2011.07.25 20:27:09.985,1.54001,1.54057,1.50,1.12
2011.07.25 20:27:10.204,1.53985,1.54051,1.13,1.09
2011.07.25 20:27:11.233,1.53984,1.54048,2.25,1.12
2011.07.25 20:27:13.154,1.53993,1.5405,2.10,1.15
2011.07.25 20:27:14.816,1.53993,1.5405,2.85,1.15
2011.07.25 20:27:15.394,1.53994,1.54051,1.50,1.15
2011.07.25 20:27:19.906,1.53993,1.54051,2.85,1.15
2011.07.25 20:27:25.924,1.53994,1.54051,1.50,1.15
2011.07.25 20:27:31.744,1.54001,1.54053,1.73,1.50
2011.07.25 20:27:32.185,1.54001,1.54053,2.10,1.50
2011.07.25 20:27:32.764,1.53994,1.54054,1.50,1.47
2011.07.25 20:27:34.198,1.53994,1.54051,1.50,1.15
2011.07.25 20:27:35.827,1.53994,1.54051,1.50,1.15
2011.07.25 20:27:37.791,1.54002,1.54051,1.09,1.15
2011.07.25 20:27:37.907,1.54009,1.54054,2.10,1.13
2011.07.25 20:27:38.029,1.54003,1.5406,2.25,1.09
2011.07.25 20:27:38.145,1.54002,1.54059,1.50,1.09
2011.07.25 20:27:38.254,1.53999,1.54054,1.50,1.12
2011.07.25 20:27:38.585,1.53994,1.54051,1.50,1.49
2011.07.25 20:27:39.947,1.53993,1.54051,2.85,1.49
2011.07.25 20:27:41.254,1.53993,1.54051,2.85,1.49
2011.07.25 20:27:43.992,1.53994,1.54051,1.50,1.49
2011.07.25 20:27:54.234,1.53993,1.54051,2.85,1.49
2011.07.25 20:27:56.120,1.53994,1.54051,1.50,1.49
2011.07.25 20:27:58.713,1.53993,1.54051,2.85,1.49
2011.07.25 20:28:01.772,1.53994,1.54051,1.50,1.49
2011.07.25 20:28:02.168,1.53994,1.54051,1.50,1.49
2011.07.25 20:28:02.732,1.53993,1.54051,2.85,1.49
2011.07.25 20:28:10.221,1.53994,1.54051,1.50,1.49
2011.07.25 20:28:11.903,1.53993,1.54051,2.85,1.49
2011.07.25 20:28:14.225,1.53994,1.5405,1.50,1.12
2011.07.25 20:28:14.884,1.53993,1.54051,2.85,1.49
2011.07.25 20:28:16.366,1.53994,1.54051,1.50,1.49
2011.07.25 20:28:20.134,1.53993,1.54051,2.85,1.49
2011.07.25 20:28:22.104,1.53994,1.54051,1.50,1.49
2011.07.25 20:28:26.124,1.53993,1.54051,2.85,1.49
2011.07.25 20:28:29.986,1.53993,1.54051,2.85,1.49
2011.07.25 20:28:31.784,1.53994,1.54051,1.50,1.49
2011.07.25 20:28:33.957,1.53994,1.54051,1.50,1.49
2011.07.25 20:28:34.464,1.53993,1.54051,2.85,1.49
2011.07.25 20:28:34.944,1.53993,1.54051,2.85,1.49
2011.07.25 20:28:35.276,1.53993,1.54051,2.85,1.49
2011.07.25 20:28:35.790,1.53994,1.54052,1.50,1.49
2011.07.25 20:28:37.615,1.53993,1.54052,2.85,1.49
2011.07.25 20:28:39.157,1.53994,1.54052,1.50,1.15
2011.07.25 20:28:41.683,1.53993,1.54052,2.85,1.15
2011.07.25 20:28:42.864,1.53994,1.54052,1.50,1.15
2011.07.25 20:28:47.083,1.53993,1.54052,2.85,1.15
2011.07.25 20:28:48.592,1.53994,1.54052,1.50,1.15
2011.07.25 20:28:56.986,1.53994,1.54052,1.50,1.15
2011.07.25 20:28:58.068,1.53993,1.54052,2.85,1.15
2011.07.25 20:28:58.845,1.53994,1.54052,1.50,1.15
2011.07.25 20:28:59.704,1.53993,1.54052,2.85,1.15
2011.07.25 20:29:00.264,1.53994,1.54052,1.50,1.15
2011.07.25 20:29:01.056,1.53993,1.54052,2.85,1.15
2011.07.25 20:29:03.360,1.53994,1.54052,1.50,1.15
2011.07.25 20:29:04.655,1.53993,1.54052,2.85,1.15
2011.07.25 20:29:05.223,1.53994,1.54052,1.50,1.15
2011.07.25 20:29:06.233,1.53993,1.54052,2.85,1.15
2011.07.25 20:29:06.361,1.53993,1.54052,2.85,1.15
2011.07.25 20:29:09.064,1.53994,1.54052,1.50,1.15
2011.07.25 20:29:09.173,1.53994,1.54052,1.50,1.15
2011.07.25 20:29:10.456,1.53994,1.54052,1.50,1.15
2011.07.25 20:29:10.563,1.53994,1.54051,1.50,1.75
2011.07.25 20:29:11.574,1.53993,1.54048,1.50,1.15
2011.07.25 20:29:11.685,1.53994,1.54051,1.50,2.13
2011.07.25 20:29:11.793,1.53985,1.54047,1.50,1.15
2011.07.25 20:29:12.016,1.53984,1.54046,1.50,1.75
2011.07.25 20:29:12.124,1.53984,1.54052,2.25,1.53
2011.07.25 20:29:12.804,1.53984,1.54052,1.50,1.53
2011.07.25 20:29:14.023,1.53984,1.54052,2.25,1.53
2011.07.25 20:29:14.507,1.53994,1.54066,2.10,1.15
2011.07.25 20:29:14.736,1.53997,1.54067,1.13,1.15
2011.07.25 20:29:14.854,1.53998,1.54068,1.50,1.50
2011.07.25 20:29:14.968,1.54001,1.54068,1.50,1.50
2011.07.25 20:29:17.054,1.53999,1.54064,1.13,1.53
2011.07.25 20:29:17.164,1.53988,1.54064,1.50,1.53
2011.07.25 20:29:17.274,1.53997,1.54063,1.13,1.15
2011.07.25 20:29:17.604,1.54,1.54066,1.50,1.15
2011.07.25 20:29:18.161,1.54,1.54067,1.50,1.15
2011.07.25 20:29:19.163,1.54,1.54066,1.50,1.15
2011.07.25 20:29:19.276,1.54002,1.54068,1.50,1.90
2011.07.25 20:29:19.716,1.54001,1.54067,1.50,1.15
2011.07.25 20:29:20.816,1.54004,1.54066,1.50,1.15
2011.07.25 20:29:23.786,1.54,1.54056,1.50,1.15
2011.07.25 20:29:24.334,1.53997,1.5406,1.50,1.15
2011.07.25 20:29:24.662,1.54001,1.54063,1.50,1.53
2011.07.25 20:29:25.367,1.53989,1.54063,1.88,1.53
2011.07.25 20:29:26.853,1.53989,1.54063,1.88,1.53
2011.07.25 20:29:27.607,1.53989,1.5406,1.13,1.15
2011.07.25 20:29:27.727,1.53989,1.54055,1.13,1.13
2011.07.25 20:29:28.065,1.53989,1.54051,1.13,1.15
2011.07.25 20:29:29.554,1.53989,1.54051,1.88,1.15
2011.07.25 20:29:30.094,1.53989,1.54051,1.13,1.15
2011.07.25 20:29:30.639,1.53989,1.54051,1.50,1.15
2011.07.25 20:29:35.796,1.53989,1.54051,1.88,1.15
2011.07.25 20:29:37.005,1.53988,1.54051,1.13,1.15
2011.07.25 20:29:42.725,1.53989,1.54051,1.13,1.15
2011.07.25 20:29:42.836,1.53992,1.54057,1.13,1.12
2011.07.25 20:29:45.748,1.53992,1.54064,1.13,1.53
2011.07.25 20:29:47.862,1.53992,1.54063,1.13,1.15
2011.07.25 20:29:49.675,1.53992,1.54064,1.13,1.53
2011.07.25 20:29:51.233,1.53992,1.54065,1.13,1.15
2011.07.25 20:29:51.673,1.53992,1.54064,1.13,1.53
2011.07.25 20:29:51.899,1.53992,1.54065,1.13,1.15
2011.07.25 20:29:57.756,1.54,1.54066,1.50,1.75
2011.07.25 20:29:58.197,1.54001,1.54068,1.50,1.15
2011.07.25 20:29:58.755,1.54001,1.54068,1.50,1.15
2011.07.25 20:29:59.687,1.54004,1.54068,1.50,1.15
2011.07.25 20:30:00.506,1.54003,1.54068,1.50,1.15
2011.07.25 20:30:01.877,1.54004,1.54068,1.50,1.15
2011.07.25 20:30:02.925,1.54006,1.54069,1.50,1.90
2011.07.25 20:30:04.116,1.54007,1.54069,1.50,1.90
2011.07.25 20:30:07.197,1.54007,1.54069,1.50,1.90
2011.07.25 20:30:08.788,1.54007,1.54069,1.50,1.90
2011.07.25 20:30:08.941,1.54007,1.54066,1.50,1.15
2011.07.25 20:30:09.056,1.54007,1.54068,1.50,1.15
2011.07.25 20:30:12.526,1.54006,1.54069,1.50,1.90
2011.07.25 20:30:16.125,1.54004,1.54068,1.50,1.15
2011.07.25 20:30:16.705,1.54004,1.54068,2.25,1.15
2011.07.25 20:30:17.248,1.54004,1.54068,1.50,1.15
2011.07.25 20:30:19.909,1.54003,1.54067,1.50,1.15
2011.07.25 20:30:20.246,1.54004,1.54068,2.25,1.90
2011.07.25 20:30:20.737,1.54002,1.54056,1.50,1.09
2011.07.25 20:30:20.851,1.53994,1.54056,1.50,1.09
2011.07.25 20:30:21.074,1.53994,1.54056,2.25,1.09
2011.07.25 20:30:21.296,1.53994,1.54066,3.23,2.09
2011.07.25 20:30:21.408,1.53994,1.54066,3.98,2.09
2011.07.25 20:30:21.530,1.53994,1.54056,2.85,1.09
2011.07.25 20:30:21.866,1.53994,1.54056,1.50,1.49
2011.07.25 20:30:21.977,1.53994,1.54056,1.50,1.49
2011.07.25 20:30:25.676,1.53988,1.54052,1.50,1.15
2011.07.25 20:30:27.037,1.53988,1.54052,1.50,1.15
2011.07.25 20:30:29.516,1.53988,1.54051,1.50,2.13
2011.07.25 20:30:30.065,1.53983,1.54051,1.50,2.88
2011.07.25 20:30:30.735,1.53984,1.54051,1.50,2.88
2011.07.25 20:30:31.299,1.53983,1.54051,1.50,2.88
2011.07.25 20:30:31.635,1.53983,1.54051,1.50,2.88
2011.07.25 20:30:33.061,1.53983,1.54051,1.50,2.88
2011.07.25 20:30:33.218,1.53983,1.54051,1.50,2.88
2011.07.25 20:30:33.737,1.53984,1.54051,1.50,2.88
2011.07.25 20:30:34.626,1.53983,1.54051,1.50,2.88
2011.07.25 20:30:36.155,1.53984,1.54051,1.50,2.88
2011.07.25 20:30:36.377,1.53984,1.54051,1.50,3.22
2011.07.25 20:30:37.584,1.53983,1.54051,1.50,3.22
2011.07.25 20:30:38.239,1.53984,1.54051,1.50,3.22
2011.07.25 20:30:43.665,1.53983,1.54051,1.50,3.22
2011.07.25 20:30:49.258,1.53984,1.54051,1.50,3.22
2011.07.25 20:30:51.338,1.53983,1.54051,1.50,3.22
2011.07.25 20:30:51.977,1.53983,1.54051,1.50,3.22
2011.07.25 20:30:52.548,1.53984,1.54051,1.50,3.22
2011.07.25 20:30:53.117,1.53984,1.54051,1.50,3.22
2011.07.25 20:30:55.235,1.53983,1.54051,1.50,3.22
2011.07.25 20:30:55.855,1.53984,1.54051,1.50,3.22
2011.07.25 20:30:56.686,1.53983,1.54051,1.50,3.22
2011.07.25 20:30:57.206,1.53984,1.54051,1.50,3.22
2011.07.25 20:31:00.976,1.53983,1.54051,1.50,3.22
2011.07.25 20:31:06.637,1.53983,1.54047,1.50,1.49
2011.07.25 20:31:06.858,1.53978,1.54043,1.50,1.73
2011.07.25 20:31:06.968,1.53979,1.54043,1.13,2.10
2011.07.25 20:31:07.197,1.53984,1.54051,1.50,3.22
2011.07.25 20:31:07.745,1.53983,1.54051,1.50,3.22
2011.07.25 20:31:07.966,1.53985,1.54057,1.73,1.49
2011.07.25 20:31:08.076,1.53985,1.54064,1.73,1.50
2011.07.25 20:31:08.188,1.53988,1.54077,1.13,2.88
2011.07.25 20:31:08.296,1.53986,1.54077,1.13,3.25
2011.07.25 20:31:08.626,1.53983,1.5405,1.50,1.35
2011.07.25 20:31:10.158,1.53984,1.5405,1.50,1.35
2011.07.25 20:31:10.635,1.53984,1.5405,1.50,2.09
2011.07.25 20:31:11.879,1.53988,1.5405,1.13,2.09
2011.07.25 20:31:12.435,1.53988,1.54068,1.13,1.09
2011.07.25 20:31:12.768,1.53984,1.54052,1.50,1.13
2011.07.25 20:31:12.876,1.53984,1.54051,1.50,1.15
2011.07.25 20:31:13.456,1.53983,1.54051,1.50,1.15
2011.07.25 20:31:13.787,1.53988,1.54056,1.13,1.15
2011.07.25 20:31:14.117,1.53983,1.54052,1.50,1.13
2011.07.25 20:31:14.456,1.53983,1.54052,1.50,1.53
2011.07.25 20:31:15.115,1.53988,1.54057,1.13,1.53
2011.07.25 20:31:15.225,1.53988,1.54062,1.13,1.90
2011.07.25 20:31:15.445,1.53984,1.54057,2.25,1.15
2011.07.25 20:31:15.556,1.53984,1.54056,1.50,1.53
2011.07.25 20:31:15.774,1.53983,1.54052,1.50,1.53
2011.07.25 20:31:16.386,1.53984,1.54052,1.50,1.53
2011.07.25 20:31:16.756,1.53984,1.54052,1.50,1.53
2011.07.25 20:31:17.307,1.53986,1.54052,1.13,1.15
2011.07.25 20:31:17.526,1.53987,1.54065,1.13,2.10
2011.07.25 20:31:17.636,1.53987,1.54068,1.13,1.09
2011.07.25 20:31:17.965,1.53984,1.54068,2.85,1.84
2011.07.25 20:31:18.295,1.53983,1.54051,1.50,1.13
2011.07.25 20:31:18.627,1.53983,1.54051,1.50,1.53
2011.07.25 20:31:19.674,1.53983,1.54051,1.50,1.53
2011.07.25 20:31:20.387,1.53984,1.54051,1.50,1.53
2011.07.25 20:31:21.817,1.53984,1.54051,1.50,1.53
2011.07.25 20:31:22.807,1.53984,1.54051,1.50,1.53
2011.07.25 20:31:23.867,1.53984,1.54051,1.50,1.53
2011.07.25 20:31:25.731,1.53983,1.54051,1.50,1.53
2011.07.25 20:31:28.506,1.53987,1.54058,1.13,2.88
2011.07.25 20:31:28.616,1.53987,1.54058,1.13,1.53
2011.07.25 20:31:29.737,1.53987,1.54059,1.13,1.53
2011.07.25 20:31:33.586,1.53987,1.54059,1.13,1.53
2011.07.25 20:31:34.743,1.53987,1.54061,1.13,1.53
2011.07.25 20:31:35.076,1.53984,1.54052,1.50,1.53
2011.07.25 20:31:35.896,1.53983,1.54052,1.50,1.53
2011.07.25 20:31:38.661,1.53983,1.54052,1.50,1.53
2011.07.25 20:31:39.660,1.53984,1.54052,1.50,1.53
2011.07.25 20:31:39.924,1.53984,1.54052,1.50,1.53
2011.07.25 20:31:40.775,1.53984,1.54052,1.50,1.53
2011.07.25 20:31:41.370,1.53983,1.54052,1.50,1.53
2011.07.25 20:31:43.496,1.53984,1.54052,1.50,1.53
2011.07.25 20:31:47.450,1.53983,1.54052,1.50,1.53
2011.07.25 20:31:51.178,1.53983,1.54047,1.50,1.15
2011.07.25 20:31:51.289,1.53978,1.54042,1.50,1.13
2011.07.25 20:31:51.626,1.53978,1.5404,1.50,1.15
2011.07.25 20:31:52.687,1.53978,1.5404,1.50,1.15
2011.07.25 20:31:55.909,1.53977,1.54041,1.50,1.15
2011.07.25 20:31:57.414,1.53977,1.54041,1.50,1.15
2011.07.25 20:32:05.986,1.53977,1.54041,1.50,1.15
2011.07.25 20:32:08.705,1.53977,1.54041,1.50,1.15
2011.07.25 20:32:09.256,1.53977,1.54041,1.50,1.15
2011.07.25 20:32:09.827,1.53977,1.54041,1.50,1.15
2011.07.25 20:32:10.157,1.53977,1.54041,1.50,1.15
2011.07.25 20:32:10.488,1.53982,1.54051,1.50,1.15
2011.07.25 20:32:10.717,1.53983,1.54056,1.50,1.15
2011.07.25 20:32:13.170,1.53983,1.54057,2.25,1.53
2011.07.25 20:32:13.288,1.53984,1.54056,1.88,1.15
2011.07.25 20:32:13.835,1.53984,1.54056,1.88,1.15
2011.07.25 20:32:16.177,1.53988,1.54059,1.13,1.53
2011.07.25 20:32:16.678,1.53988,1.54059,1.13,1.53
2011.07.25 20:32:17.266,1.53986,1.54056,1.13,1.15
2011.07.25 20:32:19.827,1.53988,1.54057,1.13,1.53
2011.07.25 20:32:24.208,1.53988,1.54058,1.13,1.53
2011.07.25 20:32:25.041,1.53988,1.54058,1.13,1.53
2011.07.25 20:32:28.086,1.53988,1.54058,1.13,1.53
2011.07.25 20:32:28.646,1.53988,1.54057,1.13,1.53
2011.07.25 20:32:29.289,1.53988,1.54058,1.13,1.53
2011.07.25 20:32:35.117,1.53988,1.54056,1.13,1.15
2011.07.25 20:32:42.817,1.53988,1.54056,1.13,1.15
2011.07.25 20:32:45.126,1.53988,1.54056,1.13,1.15
2011.07.25 20:32:50.187,1.53988,1.54059,1.13,1.53
2011.07.25 20:32:51.429,1.53988,1.54059,1.13,1.53
2011.07.25 20:32:55.066,1.53988,1.54059,1.13,1.53
2011.07.25 20:32:55.549,1.53983,1.54057,1.50,1.90
2011.07.25 20:32:55.887,1.53983,1.54052,1.50,1.53
2011.07.25 20:32:56.788,1.53983,1.54052,1.50,1.53
2011.07.25 20:32:57.389,1.53984,1.54052,1.50,1.53
2011.07.25 20:32:59.917,1.53983,1.54052,1.50,1.53
2011.07.25 20:33:01.777,1.53984,1.54052,1.50,1.53
2011.07.25 20:33:07.229,1.53983,1.54052,1.50,1.53
2011.07.25 20:33:13.374,1.53984,1.54051,1.50,1.53
2011.07.25 20:33:13.916,1.53983,1.54051,1.50,1.53
2011.07.25 20:33:22.809,1.53983,1.54049,1.50,1.15
2011.07.25 20:33:24.236,1.53984,1.54049,1.50,1.15
2011.07.25 20:33:25.037,1.53983,1.54049,1.50,1.15
2011.07.25 20:33:28.625,1.53984,1.54049,1.50,1.15
2011.07.25 20:33:29.336,1.53983,1.54049,1.50,1.15
2011.07.25 20:33:37.994,1.53984,1.54049,1.50,1.15
2011.07.25 20:33:38.764,1.53983,1.54049,1.50,1.15
2011.07.25 20:33:44.447,1.53983,1.54051,1.50,1.53
2011.07.25 20:33:45.236,1.53983,1.54049,1.50,1.15
2011.07.25 20:33:45.346,1.53984,1.54051,1.13,1.50
2011.07.25 20:33:45.456,1.53984,1.54056,1.13,1.15
2011.07.25 20:33:46.757,1.53986,1.54057,1.13,1.53
2011.07.25 20:33:51.816,1.53988,1.54056,1.13,1.15
2011.07.25 20:34:38.280,1.53983,1.54057,1.50,1.15
2011.07.25 20:34:38.757,1.53982,1.54057,1.50,1.15
2011.07.25 20:34:39.480,1.53982,1.54056,1.50,1.15
2011.07.25 20:34:40.053,1.53982,1.54057,1.50,1.15
2011.07.25 20:34:41.976,1.53982,1.54056,1.50,1.15
2011.07.25 20:34:43.730,1.53982,1.54057,1.50,1.15
2011.07.25 20:34:46.185,1.5398,1.54057,2.10,1.15
2011.07.25 20:34:46.407,1.53981,1.54057,1.50,1.15
2011.07.25 20:34:46.961,1.53981,1.54056,1.50,1.15
2011.07.25 20:34:47.485,1.5398,1.54057,2.10,1.15
2011.07.25 20:34:48.407,1.5398,1.54056,2.10,1.15
2011.07.25 20:34:49.170,1.5398,1.54057,2.10,1.15
2011.07.25 20:34:54.235,1.5398,1.54056,2.10,1.15
2011.07.25 20:34:55.195,1.5398,1.54057,2.10,1.15
2011.07.25 20:34:56.615,1.5398,1.54056,2.10,1.15
2011.07.25 20:34:57.678,1.5398,1.54057,2.10,1.15
2011.07.25 20:35:01.184,1.5398,1.54057,2.10,1.15
2011.07.25 20:35:01.299,1.53981,1.54057,1.50,1.15
2011.07.25 20:35:01.855,1.53981,1.54056,1.50,1.15
2011.07.25 20:35:02.076,1.5398,1.54056,2.10,1.15
2011.07.25 20:35:03.136,1.5398,1.54057,2.10,1.15
2011.07.25 20:35:03.377,1.53981,1.54057,1.50,1.15
2011.07.25 20:35:03.489,1.5398,1.54058,2.10,1.15
2011.07.25 20:35:03.606,1.53985,1.54061,1.35,1.50
2011.07.25 20:35:03.935,1.53985,1.54061,1.35,1.88
2011.07.25 20:35:04.155,1.53985,1.54061,1.35,1.88
2011.07.25 20:35:05.177,1.53985,1.54058,1.35,1.50
2011.07.25 20:35:05.754,1.53985,1.54058,1.35,1.13
2011.07.25 20:35:06.307,1.53985,1.54058,1.35,1.50
2011.07.25 20:35:08.024,1.53985,1.54058,2.10,1.13
2011.07.25 20:35:08.134,1.53992,1.54058,1.35,1.13
2011.07.25 20:35:08.244,1.53978,1.54059,2.10,1.13
2011.07.25 20:35:08.688,1.53978,1.54057,2.10,1.13
2011.07.25 20:35:09.017,1.53997,1.54056,2.10,1.50
2011.07.25 20:35:09.238,1.53997,1.54059,2.10,1.50
2011.07.25 20:35:13.927,1.53997,1.54057,2.85,1.13
2011.07.25 20:35:19.348,1.54002,1.54063,1.50,2.03
2011.07.25 20:35:19.877,1.54004,1.54057,1.50,1.13
2011.07.25 20:35:20.095,1.54004,1.54069,1.50,1.13
2011.07.25 20:35:20.206,1.54001,1.54064,1.50,1.13
2011.07.25 20:35:20.314,1.54001,1.5407,1.50,1.47
2011.07.25 20:35:20.427,1.54001,1.54064,1.50,1.13
2011.07.25 20:35:21.134,1.54001,1.54061,1.50,1.13
2011.07.25 20:35:21.755,1.54001,1.54061,1.50,1.13
2011.07.25 20:35:22.117,1.54003,1.54061,1.50,1.13
2011.07.25 20:35:23.117,1.53997,1.54062,2.10,1.13
2011.07.25 20:35:23.447,1.54004,1.54068,2.85,1.32
2011.07.25 20:35:23.776,1.54011,1.54062,1.50,1.13
2011.07.25 20:35:25.046,1.54011,1.54062,1.50,1.13
2011.07.25 20:35:28.149,1.54011,1.54062,1.50,1.13
2011.07.25 20:35:28.717,1.54011,1.54067,1.50,1.13
2011.07.25 20:35:28.827,1.54011,1.54067,1.50,1.13
2011.07.25 20:35:30.766,1.54011,1.54066,1.50,1.13
2011.07.25 20:35:31.766,1.54011,1.54066,1.50,1.13
2011.07.25 20:35:32.525,1.54011,1.54067,1.50,1.13
2011.07.25 20:35:33.901,1.54011,1.54064,1.50,1.50
2011.07.25 20:35:34.449,1.54011,1.54063,1.50,1.50
2011.07.25 20:35:35.397,1.54011,1.54063,1.50,1.13
2011.07.25 20:35:36.048,1.54011,1.54063,1.50,1.50
2011.07.25 20:35:38.016,1.54011,1.54066,1.50,1.13
2011.07.25 20:35:38.697,1.54011,1.54066,1.50,1.13
2011.07.25 20:35:41.146,1.54004,1.54064,1.35,1.50
2011.07.25 20:35:41.477,1.53995,1.5406,2.10,1.09
2011.07.25 20:35:41.807,1.53991,1.54057,1.50,1.13
2011.07.25 20:35:42.026,1.53986,1.54052,1.50,1.15
2011.07.25 20:35:42.906,1.53984,1.54052,1.50,1.15
2011.07.25 20:35:43.798,1.53984,1.54052,1.50,1.15
2011.07.25 20:35:44.411,1.53984,1.54052,2.25,1.15
2011.07.25 20:35:44.967,1.53984,1.54052,1.50,1.15
2011.07.25 20:35:45.536,1.53984,1.54052,2.25,1.15
2011.07.25 20:35:46.068,1.53984,1.54052,1.50,1.15
2011.07.25 20:35:46.615,1.53984,1.54052,2.25,1.15
2011.07.25 20:35:48.087,1.53984,1.54052,1.50,1.15
2011.07.25 20:35:48.690,1.53984,1.54052,2.25,1.15
2011.07.25 20:35:49.357,1.53984,1.54052,2.25,1.15
2011.07.25 20:35:50.055,1.53984,1.54052,1.50,1.15
2011.07.25 20:35:50.498,1.53983,1.54052,1.50,1.15
2011.07.25 20:35:50.606,1.53993,1.54058,1.50,1.35
2011.07.25 20:35:50.716,1.53995,1.54067,2.10,1.90
2011.07.25 20:35:50.828,1.54001,1.54066,1.50,1.15
2011.07.25 20:35:51.396,1.54001,1.54067,1.50,1.90
2011.07.25 20:35:52.808,1.54001,1.54066,1.50,1.50
2011.07.25 20:35:53.350,1.54001,1.54066,1.50,1.50
2011.07.25 20:35:53.913,1.54001,1.54066,1.50,1.53
2011.07.25 20:35:54.676,1.54001,1.54065,1.50,1.50
2011.07.25 20:35:55.399,1.54001,1.54065,1.50,1.50
2011.07.25 20:35:56.204,1.54001,1.54065,1.50,1.13
2011.07.25 20:35:56.818,1.54001,1.54065,1.50,1.13
2011.07.25 20:35:59.096,1.54001,1.54065,1.50,1.50
2011.07.25 20:35:59.808,1.54001,1.54065,1.50,1.50
2011.07.25 20:36:03.156,1.54001,1.54065,1.50,1.50
2011.07.25 20:36:03.706,1.54001,1.54065,1.50,1.13
2011.07.25 20:36:04.140,1.54001,1.54065,1.50,1.13
2011.07.25 20:36:05.876,1.54003,1.54066,2.10,1.15
2011.07.25 20:36:06.207,1.54003,1.54066,2.10,1.13
2011.07.25 20:36:06.827,1.54003,1.54066,2.10,1.13
2011.07.25 20:36:08.476,1.54,1.54068,1.50,2.25
2011.07.25 20:36:09.517,1.53997,1.54067,1.50,1.15
2011.07.25 20:36:09.628,1.53993,1.54066,1.50,2.10
2011.07.25 20:36:09.736,1.53992,1.54066,1.50,2.50
2011.07.25 20:36:09.956,1.53992,1.54066,1.50,1.35
2011.07.25 20:36:10.066,1.53992,1.54066,1.50,1.73
2011.07.25 20:36:10.857,1.53992,1.54063,1.50,1.50
2011.07.25 20:36:12.449,1.53992,1.54063,1.50,1.50
2011.07.25 20:36:12.768,1.53991,1.54063,1.50,1.50
2011.07.25 20:36:13.361,1.53991,1.54063,1.50,1.13
2011.07.25 20:36:13.481,1.53992,1.54064,2.10,1.50
2011.07.25 20:36:14.056,1.53992,1.54064,2.10,1.13
2011.07.25 20:36:14.699,1.53994,1.54064,1.50,1.13
2011.07.25 20:36:15.256,1.53992,1.54064,2.85,1.13
2011.07.25 20:36:15.865,1.53992,1.54064,2.85,1.13
2011.07.25 20:36:15.977,1.53993,1.54066,1.50,1.13
2011.07.25 20:36:16.199,1.53992,1.54064,1.50,1.13
2011.07.25 20:36:16.856,1.53992,1.54064,1.50,1.13
2011.07.25 20:36:17.827,1.53994,1.54064,1.50,1.13
2011.07.25 20:36:18.817,1.53992,1.54064,1.50,1.13
2011.07.25 20:36:22.051,1.53992,1.54063,1.50,1.09
2011.07.25 20:36:22.607,1.53992,1.54057,1.50,1.12
2011.07.25 20:36:32.167,1.53992,1.54053,1.50,1.09
2011.07.25 20:36:34.479,1.53992,1.54053,1.50,1.09
2011.07.25 20:36:37.446,1.53992,1.54053,1.50,1.09
2011.07.25 20:36:39.268,1.53993,1.54058,1.50,1.49
2011.07.25 20:36:44.260,1.53991,1.54054,1.50,1.09
2011.07.25 20:36:46.098,1.53991,1.54054,1.50,1.09
2011.07.25 20:36:48.098,1.53993,1.54058,1.50,1.49
2011.07.25 20:36:50.027,1.53992,1.54059,1.50,2.88
2011.07.25 20:36:50.245,1.53994,1.54059,2.10,1.15
2011.07.25 20:36:50.798,1.53994,1.54059,2.85,1.53
2011.07.25 20:36:50.907,1.53985,1.54059,2.10,2.88
2011.07.25 20:36:51.126,1.53987,1.54058,1.50,1.53
2011.07.25 20:36:54.282,1.53991,1.54059,1.50,3.63
2011.07.25 20:36:56.078,1.53991,1.54059,1.50,3.63
2011.07.25 20:36:56.483,1.53987,1.54064,2.10,1.47
2011.07.25 20:36:56.599,1.53987,1.54059,2.10,1.09
2011.07.25 20:36:56.935,1.53986,1.54051,1.50,2.10
2011.07.25 20:36:57.157,1.53994,1.54063,1.50,1.47
2011.07.25 20:36:57.267,1.53996,1.54061,1.35,1.09
2011.07.25 20:36:57.597,1.53996,1.54058,2.10,1.09
2011.07.25 20:36:58.098,1.53996,1.54058,2.10,1.09
2011.07.25 20:36:59.727,1.53996,1.54058,2.10,1.09
2011.07.25 20:37:01.606,1.53996,1.54058,2.10,1.09
2011.07.25 20:37:03.337,1.53996,1.54058,2.10,1.09
2011.07.25 20:37:03.840,1.53997,1.54063,2.85,1.09
2011.07.25 20:37:06.447,1.53997,1.54064,2.10,1.13
2011.07.25 20:37:06.556,1.53997,1.54064,1.35,1.13
2011.07.25 20:37:06.667,1.53994,1.54064,1.50,1.13
2011.07.25 20:37:06.994,1.53994,1.54068,1.50,1.53
2011.07.25 20:37:07.438,1.54011,1.54077,2.10,1.15
2011.07.25 20:37:07.545,1.54011,1.54071,1.35,1.53
2011.07.25 20:37:07.658,1.53995,1.54071,1.50,1.15
2011.07.25 20:37:07.878,1.54011,1.54081,2.10,1.49
2011.07.25 20:37:08.097,1.54022,1.54076,1.50,1.15
2011.07.25 20:37:08.997,1.54022,1.54072,1.50,1.13
2011.07.25 20:37:09.827,1.54022,1.54072,1.50,1.13
2011.07.25 20:37:11.716,1.54022,1.54071,1.50,1.13
2011.07.25 20:37:12.437,1.54022,1.54071,1.50,1.13
2011.07.25 20:37:13.767,1.54022,1.54072,1.50,1.13
2011.07.25 20:37:15.476,1.54022,1.54071,1.50,1.13
2011.07.25 20:37:16.185,1.54022,1.54073,1.50,1.09
2011.07.25 20:37:17.675,1.54022,1.54074,1.50,1.47
2011.07.25 20:37:17.898,1.54022,1.54071,1.50,1.13
2011.07.25 20:37:18.568,1.54022,1.54072,1.50,1.13
2011.07.25 20:37:18.907,1.54022,1.54072,1.50,1.15
2011.07.25 20:37:19.546,1.54018,1.54072,1.50,1.15
2011.07.25 20:37:24.986,1.54018,1.54069,1.50,1.15
2011.07.25 20:37:25.646,1.54018,1.54069,1.50,1.15
2011.07.25 20:37:26.383,1.54018,1.54069,1.50,1.15
2011.07.25 20:37:26.937,1.54007,1.54061,1.13,1.09
2011.07.25 20:37:27.725,1.54007,1.54061,1.48,1.49
2011.07.25 20:37:29.469,1.54007,1.54061,1.13,1.49
2011.07.25 20:37:31.486,1.54024,1.54069,1.50,2.09
2011.07.25 20:37:31.596,1.54024,1.54079,1.50,1.15
2011.07.25 20:37:31.821,1.54024,1.54079,1.50,1.15
2011.07.25 20:37:32.576,1.54023,1.54079,1.50,1.15
2011.07.25 20:37:35.667,1.54023,1.54079,1.50,1.15
2011.07.25 20:37:36.664,1.54024,1.54079,1.50,1.49
2011.07.25 20:37:39.946,1.54023,1.54078,1.50,1.49
2011.07.25 20:37:40.165,1.54017,1.54077,1.50,1.49
2011.07.25 20:37:40.278,1.54011,1.54071,1.88,1.09
2011.07.25 20:37:40.497,1.54014,1.54075,1.09,1.09
2011.07.25 20:37:40.605,1.54023,1.54079,1.50,1.49
2011.07.25 20:37:44.506,1.54024,1.54089,1.50,1.87
2011.07.25 20:37:44.618,1.54023,1.54089,1.84,1.09
2011.07.25 20:37:44.728,1.54025,1.54089,2.10,1.09
2011.07.25 20:37:45.166,1.54025,1.54089,2.10,1.09
2011.07.25 20:37:46.787,1.54025,1.54089,2.10,1.09
2011.07.25 20:37:56.618,1.54037,1.54089,1.50,1.09
2011.07.25 20:37:57.276,1.54037,1.5409,1.50,1.09
2011.07.25 20:37:57.947,1.54037,1.5409,1.50,1.09
2011.07.25 20:37:58.748,1.54037,1.5409,1.50,1.09
2011.07.25 20:37:59.818,1.54037,1.5409,1.50,1.09
2011.07.25 20:38:02.009,1.54028,1.54089,1.50,1.09
2011.07.25 20:38:02.128,1.54023,1.54088,1.50,1.12
2011.07.25 20:38:02.677,1.54024,1.54087,1.50,1.15
2011.07.25 20:38:02.786,1.54024,1.54086,1.50,1.53
2011.07.25 20:38:03.009,1.54023,1.54086,1.50,1.88
2011.07.25 20:38:03.333,1.54023,1.54086,1.50,1.13
2011.07.25 20:38:03.448,1.54015,1.54076,1.13,1.09
2011.07.25 20:38:03.996,1.54014,1.54076,1.86,1.49
2011.07.25 20:38:04.417,1.54012,1.54076,1.50,1.09
2011.07.25 20:38:04.636,1.54012,1.5407,1.50,1.09
2011.07.25 20:38:05.494,1.54013,1.54076,1.50,1.09
2011.07.25 20:38:06.636,1.54013,1.54076,1.13,1.49
2011.07.25 20:38:06.747,1.54012,1.5407,1.88,1.12
2011.07.25 20:38:07.298,1.54004,1.5407,1.88,1.87
2011.07.25 20:38:08.066,1.54004,1.5407,1.13,1.87
2011.07.25 20:38:11.286,1.54006,1.5407,1.13,1.49
2011.07.25 20:38:11.618,1.54013,1.54073,1.50,1.09
2011.07.25 20:38:12.264,1.54013,1.54075,1.50,1.09
2011.07.25 20:38:12.829,1.54013,1.54074,1.50,1.09
2011.07.25 20:38:13.196,1.54013,1.54067,1.50,1.50
2011.07.25 20:38:13.527,1.54006,1.54062,1.13,1.13
2011.07.25 20:38:13.636,1.54004,1.54062,1.13,1.13
2011.07.25 20:38:13.857,1.53998,1.5406,1.13,1.15
2011.07.25 20:38:13.968,1.54004,1.54069,1.50,1.12
2011.07.25 20:38:14.186,1.54002,1.54069,1.13,1.12
2011.07.25 20:38:14.727,1.54002,1.54069,1.13,1.12
2011.07.25 20:38:14.947,1.54003,1.54069,1.50,1.12
2011.07.25 20:38:15.651,1.54003,1.54067,1.50,1.15
2011.07.25 20:38:15.985,1.53997,1.54056,1.13,1.15
2011.07.25 20:38:16.315,1.53997,1.54056,1.13,1.15
2011.07.25 20:38:16.867,1.53997,1.54059,1.88,1.15
2011.07.25 20:38:20.046,1.53997,1.54059,2.25,1.15
2011.07.25 20:38:20.594,1.53993,1.54057,1.50,1.49
2011.07.25 20:38:32.634,1.53993,1.54058,1.50,1.12
2011.07.25 20:38:32.746,1.53994,1.54058,1.13,1.12
2011.07.25 20:38:33.698,1.53996,1.54067,1.50,1.12
2011.07.25 20:38:34.416,1.53996,1.54067,1.50,1.12
2011.07.25 20:38:34.636,1.53996,1.54057,1.50,1.09
2011.07.25 20:38:35.707,1.53994,1.54055,1.13,1.50
2011.07.25 20:38:36.037,1.53994,1.54054,1.50,1.09
2011.07.25 20:38:36.837,1.53991,1.54054,1.50,1.09
2011.07.25 20:38:37.387,1.53993,1.54054,1.50,1.09
2011.07.25 20:38:40.799,1.53993,1.54054,1.50,1.09
2011.07.25 20:38:41.413,1.53993,1.54054,1.50,1.09
2011.07.25 20:38:42.185,1.53993,1.54054,1.50,1.09
2011.07.25 20:38:42.658,1.53993,1.54054,1.50,1.09
2011.07.25 20:38:48.197,1.53994,1.54056,1.50,1.15
2011.07.25 20:38:49.289,1.54001,1.54062,1.13,2.10
2011.07.25 20:38:49.396,1.54001,1.54071,1.13,2.28
2011.07.25 20:38:49.928,1.54001,1.54071,1.50,1.90
2011.07.25 20:38:50.828,1.54003,1.54071,1.13,2.65
2011.07.25 20:38:53.468,1.54002,1.54068,1.13,1.53
2011.07.25 20:38:55.835,1.54003,1.54068,1.13,1.53
2011.07.25 20:39:10.886,1.53998,1.54069,1.13,1.53
2011.07.25 20:39:11.477,1.53994,1.54063,1.50,1.13
2011.07.25 20:39:11.805,1.53993,1.54069,1.50,1.53
2011.07.25 20:39:12.356,1.53994,1.54069,1.50,1.53
2011.07.25 20:39:12.968,1.53993,1.54069,1.50,1.53
2011.07.25 20:39:16.087,1.54001,1.54069,1.50,1.15
2011.07.25 20:39:16.837,1.54004,1.54068,1.50,1.15
2011.07.25 20:39:25.966,1.54003,1.54068,1.50,1.15
2011.07.25 20:39:26.881,1.54004,1.54068,1.50,1.15
2011.07.25 20:39:32.647,1.54003,1.54068,1.50,1.15
2011.07.25 20:39:37.108,1.54004,1.54068,1.50,1.15
2011.07.25 20:39:37.637,1.54002,1.54071,1.13,1.53
2011.07.25 20:39:37.746,1.54004,1.54075,1.88,2.10
2011.07.25 20:39:37.859,1.54008,1.54075,1.47,1.35
2011.07.25 20:39:37.968,1.54004,1.54093,1.47,1.13
2011.07.25 20:39:38.077,1.54021,1.54097,1.13,1.15
2011.07.25 20:39:38.187,1.54031,1.54098,2.10,1.15
2011.07.25 20:39:38.299,1.54031,1.54103,1.35,1.50
2011.07.25 20:39:38.408,1.54014,1.54103,1.13,1.50
2011.07.25 20:39:38.517,1.54024,1.54102,1.50,1.50
2011.07.25 20:39:38.845,1.5404,1.54102,1.50,1.50
2011.07.25 20:39:38.958,1.54031,1.54103,2.10,1.50
2011.07.25 20:39:39.180,1.54017,1.54103,1.50,1.50
2011.07.25 20:39:39.298,1.54017,1.54103,1.50,1.90
2011.07.25 20:39:39.515,1.54014,1.54103,1.11,1.90
2011.07.25 20:39:39.847,1.54013,1.54099,3.21,1.15
2011.07.25 20:39:40.177,1.54019,1.54099,1.86,1.15
2011.07.25 20:39:40.727,1.54019,1.54099,1.13,1.15
2011.07.25 20:39:41.107,1.54022,1.54098,1.13,1.15
2011.07.25 20:39:41.437,1.54019,1.54093,1.50,1.13
2011.07.25 20:39:41.546,1.54017,1.54093,1.88,1.13
2011.07.25 20:39:42.097,1.54017,1.54089,1.13,1.13
2011.07.25 20:39:42.208,1.54019,1.54089,1.13,1.13
2011.07.25 20:39:43.467,1.54011,1.5408,1.84,2.10
2011.07.25 20:39:43.798,1.54019,1.54075,1.13,1.13
2011.07.25 20:39:44.226,1.54018,1.5407,1.13,1.15
2011.07.25 20:39:44.475,1.54007,1.5407,1.13,1.15
2011.07.25 20:39:44.697,1.54008,1.5407,1.13,1.15
2011.07.25 20:39:45.277,1.54012,1.5407,1.50,1.15
2011.07.25 20:39:45.497,1.54019,1.5407,1.50,1.15
2011.07.25 20:39:45.606,1.54019,1.54084,3.23,1.50
2011.07.25 20:39:45.717,1.54023,1.54086,1.13,1.15
2011.07.25 20:39:46.922,1.54024,1.54097,1.13,1.15
2011.07.25 20:39:47.798,1.54024,1.54097,1.13,1.15
2011.07.25 20:39:48.508,1.54023,1.5409,1.86,1.13
2011.07.25 20:39:48.618,1.54016,1.54086,2.55,1.15
2011.07.25 20:39:48.838,1.54024,1.54087,1.13,1.15
2011.07.25 20:39:49.504,1.54023,1.54097,1.48,1.15
2011.07.25 20:39:51.054,1.54024,1.54096,1.50,1.15
2011.07.25 20:39:54.664,1.54024,1.54096,1.48,1.15
2011.07.25 20:39:56.807,1.54024,1.54096,2.23,1.15
2011.07.25 20:40:00.039,1.54023,1.54097,1.13,1.15
2011.07.25 20:40:11.575,1.54023,1.54097,1.86,1.15
2011.07.25 20:40:11.907,1.54029,1.54096,1.13,1.15
2011.07.25 20:40:12.266,1.5403,1.54097,1.13,1.15
2011.07.25 20:40:14.517,1.54029,1.54094,1.50,1.13
2011.07.25 20:40:14.737,1.54028,1.54089,1.13,1.50
2011.07.25 20:40:15.068,1.54024,1.54087,1.86,1.15
2011.07.25 20:40:16.797,1.54024,1.54086,1.86,1.15
2011.07.25 20:40:18.807,1.54024,1.54087,1.86,1.15
2011.07.25 20:40:20.237,1.54024,1.54087,1.13,1.15
2011.07.25 20:40:20.567,1.54028,1.54086,1.50,1.15
2011.07.25 20:40:21.585,1.54028,1.54086,1.13,1.15
2011.07.25 20:40:21.698,1.54029,1.54089,1.13,1.15
2011.07.25 20:40:21.917,1.54029,1.54096,1.88,1.15
2011.07.25 20:40:22.246,1.54029,1.54097,1.88,1.15
2011.07.25 20:40:23.426,1.54029,1.54096,1.88,1.15
2011.07.25 20:40:24.698,1.54029,1.54096,1.88,1.15
2011.07.25 20:40:25.797,1.54029,1.54097,1.88,1.15
2011.07.25 20:40:26.677,1.54029,1.54097,1.88,1.15
2011.07.25 20:40:27.828,1.54032,1.54097,1.50,1.15
2011.07.25 20:40:29.208,1.54029,1.54093,1.50,1.50
2011.07.25 20:40:29.537,1.54024,1.54091,1.09,1.15
2011.07.25 20:40:30.287,1.54024,1.54091,1.84,1.15
2011.07.25 20:40:30.809,1.54024,1.54088,1.09,1.15
2011.07.25 20:40:35.639,1.54024,1.54087,1.09,1.15
2011.07.25 20:40:36.859,1.54026,1.54089,1.50,1.15
2011.07.25 20:40:37.486,1.54026,1.54089,1.50,1.15
2011.07.25 20:40:39.797,1.54026,1.54089,1.50,1.15
2011.07.25 20:40:40.017,1.54023,1.54087,1.50,1.15
2011.07.25 20:40:40.126,1.54023,1.54087,1.50,1.90
2011.07.25 20:40:40.676,1.54018,1.54084,1.13,1.50
2011.07.25 20:40:40.897,1.54023,1.54087,1.50,1.90
2011.07.25 20:40:42.917,1.54023,1.54087,1.50,1.15
2011.07.25 20:40:43.696,1.54023,1.54087,1.50,1.15
2011.07.25 20:40:45.343,1.54023,1.54086,1.50,1.15
2011.07.25 20:40:46.189,1.54023,1.54087,1.50,1.90
2011.07.25 20:40:46.786,1.54023,1.54086,1.50,1.15
2011.07.25 20:40:47.767,1.54023,1.54087,1.50,1.90
2011.07.25 20:40:50.886,1.54023,1.54086,1.50,1.15
2011.07.25 20:40:51.479,1.54023,1.54087,1.50,1.90
2011.07.25 20:40:52.050,1.54023,1.54086,1.50,1.15
2011.07.25 20:40:52.498,1.54034,1.54093,1.13,1.50
2011.07.25 20:40:52.828,1.54043,1.54107,1.50,1.53
2011.07.25 20:40:53.598,1.5403,1.54097,1.13,1.49
2011.07.25 20:40:54.357,1.5403,1.54096,1.13,1.15
2011.07.25 20:40:54.768,1.5403,1.54096,1.13,1.15
2011.07.25 20:40:55.277,1.5403,1.54097,1.13,1.49
2011.07.25 20:40:57.689,1.5403,1.54097,1.13,1.49
2011.07.25 20:40:59.767,1.5403,1.54097,1.13,1.49
2011.07.25 20:40:59.876,1.5403,1.54097,1.13,1.49
2011.07.25 20:41:00.096,1.54024,1.54094,1.50,1.13
2011.07.25 20:41:00.207,1.54022,1.54094,1.13,1.13
2011.07.25 20:41:00.427,1.54023,1.54096,1.50,1.13
2011.07.25 20:41:01.747,1.54022,1.54094,1.13,1.13
2011.07.25 20:41:02.958,1.54022,1.54094,1.13,1.13
2011.07.25 20:41:03.675,1.54022,1.54093,1.13,1.13
2011.07.25 20:41:04.857,1.54022,1.54093,1.13,1.13
2011.07.25 20:41:08.787,1.54022,1.54093,1.88,1.13
2011.07.25 20:41:09.749,1.54022,1.54093,1.88,1.13
2011.07.25 20:41:12.199,1.54023,1.54096,1.50,1.50
2011.07.25 20:41:12.429,1.54024,1.54097,1.50,1.15
2011.07.25 20:41:12.815,1.54029,1.54097,1.13,1.15
2011.07.25 20:41:14.579,1.54029,1.54097,1.13,1.15
2011.07.25 20:41:15.632,1.54029,1.54096,1.13,1.15
2011.07.25 20:41:19.051,1.54032,1.54097,1.50,1.15
2011.07.25 20:41:30.247,1.54032,1.54096,1.50,1.15
2011.07.25 20:41:36.220,1.54029,1.54096,1.88,1.15
2011.07.25 20:41:39.727,1.54031,1.54096,1.50,1.15
2011.07.25 20:41:54.358,1.54031,1.54097,1.50,1.15
2011.07.25 20:41:56.889,1.54029,1.54098,1.13,1.15
2011.07.25 20:41:56.997,1.54028,1.54098,1.50,1.53
2011.07.25 20:41:57.328,1.54029,1.54094,1.50,1.13
2011.07.25 20:41:57.657,1.54027,1.54091,1.50,1.15
2011.07.25 20:41:58.829,1.54029,1.54097,1.88,1.15
2011.07.25 20:42:01.007,1.54033,1.54097,1.13,1.15
2011.07.25 20:42:01.367,1.54043,1.54103,1.50,1.13
2011.07.25 20:42:01.697,1.5404,1.54102,1.50,1.50
2011.07.25 20:42:02.236,1.5404,1.54102,1.50,1.50
2011.07.25 20:42:03.006,1.5404,1.54102,1.50,1.50
2011.07.25 20:42:04.807,1.5404,1.54102,1.50,1.50
2011.07.25 20:42:05.238,1.54048,1.54107,1.09,1.15
2011.07.25 20:42:05.567,1.54053,1.54114,1.88,1.13
2011.07.25 20:42:06.789,1.54053,1.54114,1.88,1.13
2011.07.25 20:42:08.326,1.54054,1.54114,1.50,1.50
2011.07.25 20:42:09.419,1.54053,1.54113,1.50,1.13
2011.07.25 20:42:09.756,1.5404,1.54113,1.13,1.50
2011.07.25 20:42:09.868,1.54039,1.54112,1.13,1.15
2011.07.25 20:42:10.417,1.54039,1.54111,1.13,1.15
2011.07.25 20:42:11.021,1.54043,1.54108,1.09,1.13
2011.07.25 20:42:11.357,1.54054,1.54111,1.50,1.13
2011.07.25 20:42:13.828,1.54054,1.54114,1.50,1.50
2011.07.25 20:42:14.737,1.54054,1.54112,1.50,1.13
2011.07.25 20:42:14.846,1.54053,1.54112,1.88,1.13
2011.07.25 20:42:15.396,1.54053,1.54111,1.88,1.13
2011.07.25 20:42:15.838,1.54054,1.54116,1.50,1.15
2011.07.25 20:42:15.946,1.54054,1.54116,1.50,1.15
2011.07.25 20:42:16.704,1.54054,1.54116,1.50,1.15
2011.07.25 20:42:17.255,1.54047,1.54113,2.10,1.47
2011.07.25 20:42:17.366,1.5404,1.54113,1.13,1.47
2011.07.25 20:42:17.588,1.5404,1.5411,1.50,1.12
2011.07.25 20:42:18.208,1.54041,1.5411,1.13,1.12
2011.07.25 20:42:18.537,1.54042,1.5411,1.13,1.12
2011.07.25 20:42:19.498,1.5404,1.54109,1.13,1.15
2011.07.25 20:42:19.827,1.54048,1.54109,1.50,1.15
2011.07.25 20:42:20.157,1.54054,1.54117,1.13,1.15
2011.07.25 20:42:21.856,1.54054,1.54116,1.88,1.15
2011.07.25 20:42:28.687,1.54054,1.54116,1.88,1.15
2011.07.25 20:42:39.507,1.54053,1.54117,1.50,1.53
2011.07.25 20:42:39.837,1.54053,1.54114,1.13,1.50
2011.07.25 20:42:39.947,1.54054,1.54117,1.13,1.15
2011.07.25 20:42:40.900,1.54054,1.54114,1.50,1.50
2011.07.25 20:42:41.235,1.54043,1.54115,1.50,1.09
2011.07.25 20:42:41.677,1.5404,1.54114,1.13,1.15
2011.07.25 20:42:42.186,1.5404,1.54114,1.13,1.15
2011.07.25 20:42:42.738,1.5404,1.54114,1.13,1.15
2011.07.25 20:42:43.327,1.5404,1.54114,1.13,1.15
2011.07.25 20:42:43.438,1.5404,1.54113,1.13,1.53
2011.07.25 20:42:43.765,1.54042,1.54106,1.50,1.13
2011.07.25 20:42:44.289,1.54042,1.54106,1.50,1.13
2011.07.25 20:42:44.726,1.54044,1.54106,1.50,1.53
2011.07.25 20:42:45.817,1.54043,1.54106,1.50,1.13
2011.07.25 20:42:47.510,1.54044,1.54109,1.88,1.15
2011.07.25 20:42:48.307,1.54053,1.54109,1.50,1.15
2011.07.25 20:42:48.637,1.54044,1.54107,1.50,1.12
2011.07.25 20:42:49.866,1.54038,1.54107,1.50,1.12
2011.07.25 20:42:49.977,1.54052,1.54111,2.44,1.15
2011.07.25 20:42:50.481,1.54059,1.54116,1.13,1.15
2011.07.25 20:42:51.068,1.54059,1.54117,1.13,1.53
2011.07.25 20:42:53.388,1.54059,1.54117,1.13,1.53
2011.07.25 20:42:55.367,1.54059,1.54117,1.13,1.53
2011.07.25 20:42:55.885,1.54059,1.54116,1.13,1.15
2011.07.25 20:42:56.797,1.54059,1.54116,1.13,1.15
2011.07.25 20:42:57.348,1.54059,1.54117,1.13,1.15
2011.07.25 20:42:57.677,1.5407,1.5413,1.09,1.13
2011.07.25 20:42:57.896,1.54072,1.54134,1.47,1.15
2011.07.25 20:42:58.447,1.54073,1.54131,1.09,1.13
2011.07.25 20:42:59.188,1.54073,1.54131,1.09,1.13
2011.07.25 20:43:00.556,1.54073,1.54134,1.09,1.15
2011.07.25 20:43:02.309,1.54073,1.54131,1.09,1.13
2011.07.25 20:43:02.752,1.54073,1.54133,1.09,1.13
2011.07.25 20:43:02.870,1.54074,1.54132,1.09,1.53
2011.07.25 20:43:04.728,1.54072,1.54128,1.50,1.09
2011.07.25 20:43:04.838,1.54072,1.54127,1.50,1.13
2011.07.25 20:43:05.168,1.54064,1.5412,1.50,1.15
2011.07.25 20:43:05.694,1.54063,1.5412,1.50,1.15
2011.07.25 20:43:06.298,1.54064,1.5412,1.50,1.15
2011.07.25 20:43:07.808,1.54064,1.5412,1.50,1.15
2011.07.25 20:43:08.325,1.54063,1.5412,1.50,1.15
2011.07.25 20:43:08.876,1.54064,1.54125,1.13,1.13
2011.07.25 20:43:08.987,1.54065,1.54128,1.50,1.12
2011.07.25 20:43:09.977,1.54065,1.54128,1.50,1.12
2011.07.25 20:43:10.599,1.54065,1.54128,1.50,1.12
2011.07.25 20:43:10.950,1.54065,1.54128,1.50,1.12
2011.07.25 20:43:11.069,1.54065,1.54128,1.50,1.12
2011.07.25 20:43:12.517,1.54065,1.54128,1.50,1.12
2011.07.25 20:43:13.882,1.54065,1.54128,1.50,1.12
2011.07.25 20:43:14.396,1.54065,1.54128,1.50,1.12
2011.07.25 20:43:15.367,1.54065,1.54128,1.50,1.12
2011.07.25 20:43:16.690,1.54065,1.54128,1.50,1.12
2011.07.25 20:43:17.138,1.54065,1.54127,1.50,1.15
2011.07.25 20:43:30.357,1.54065,1.54128,1.50,1.12
2011.07.25 20:43:30.909,1.54065,1.54127,1.50,1.15
2011.07.25 20:43:31.129,1.54063,1.54125,1.50,1.13
2011.07.25 20:43:31.580,1.54064,1.5412,1.50,1.15
2011.07.25 20:43:34.117,1.54063,1.5412,1.50,1.15
2011.07.25 20:43:35.725,1.54064,1.5412,1.50,1.15
2011.07.25 20:43:40.488,1.54057,1.5412,1.50,1.49
2011.07.25 20:43:40.597,1.54054,1.5412,1.50,1.49
2011.07.25 20:43:41.037,1.54053,1.5412,1.50,1.49
2011.07.25 20:43:41.440,1.54052,1.5412,1.50,1.49
2011.07.25 20:43:41.562,1.54054,1.54121,1.13,1.88
2011.07.25 20:43:43.361,1.54054,1.54121,1.50,1.15
2011.07.25 20:43:44.137,1.54053,1.54121,1.88,1.15
2011.07.25 20:43:44.719,1.54054,1.54125,1.50,1.15
2011.07.25 20:43:45.778,1.54054,1.54124,1.50,1.53
2011.07.25 20:43:47.988,1.54054,1.5412,1.50,1.15
2011.07.25 20:43:48.211,1.54047,1.5412,1.13,1.15
2011.07.25 20:43:49.682,1.54047,1.54119,1.13,1.53
2011.07.25 20:43:54.788,1.54047,1.54115,1.13,1.13
2011.07.25 20:43:58.702,1.54047,1.54118,1.13,1.53
2011.07.25 20:43:59.638,1.54047,1.5412,1.13,1.15
2011.07.25 20:43:59.747,1.54052,1.54121,1.13,1.15
2011.07.25 20:44:00.736,1.54053,1.54124,2.63,1.49
2011.07.25 20:44:03.817,1.54053,1.54119,1.88,1.15
2011.07.25 20:44:05.838,1.54053,1.54118,2.63,1.15
2011.07.25 20:44:07.440,1.54054,1.54118,1.50,1.15
2011.07.25 20:44:09.931,1.54054,1.54124,1.50,1.49
2011.07.25 20:44:10.266,1.54063,1.54129,1.13,1.50
2011.07.25 20:44:10.380,1.54063,1.54132,1.13,1.13
2011.07.25 20:44:10.977,1.54063,1.54132,1.13,1.13
2011.07.25 20:44:11.683,1.54063,1.54132,1.13,1.13
2011.07.25 20:44:12.288,1.54063,1.54133,1.13,1.13
2011.07.25 20:44:12.617,1.54063,1.54132,1.13,1.13
2011.07.25 20:44:13.830,1.54063,1.54134,1.13,1.13
2011.07.25 20:44:14.819,1.54063,1.54132,1.13,1.13
2011.07.25 20:44:16.414,1.54063,1.54132,1.13,1.13
2011.07.25 20:44:18.797,1.54063,1.54132,1.13,1.13
2011.07.25 20:44:19.768,1.54063,1.54132,1.13,1.13
2011.07.25 20:44:20.687,1.54063,1.54132,1.13,1.13
2011.07.25 20:44:20.907,1.54063,1.54132,1.13,1.13
2011.07.25 20:44:22.510,1.54061,1.54131,1.13,1.13
2011.07.25 20:44:23.067,1.54062,1.54131,1.13,1.13
2011.07.25 20:44:24.036,1.54062,1.54133,1.13,1.13
2011.07.25 20:44:24.367,1.54062,1.54133,1.13,1.13
2011.07.25 20:44:26.587,1.54062,1.54132,1.13,1.84
2011.07.25 20:44:27.136,1.54062,1.54127,1.88,1.13
2011.07.25 20:44:27.501,1.54062,1.54128,1.88,1.50
2011.07.25 20:44:27.997,1.54062,1.54128,1.88,1.50
2011.07.25 20:44:28.327,1.54062,1.54122,1.88,1.13
2011.07.25 20:44:36.212,1.54062,1.54121,1.88,1.13
2011.07.25 20:44:54.516,1.54062,1.54118,1.13,1.50
2011.07.25 20:44:55.764,1.54062,1.54118,1.13,1.13
2011.07.25 20:44:56.838,1.54062,1.54122,1.13,1.13
2011.07.25 20:44:57.388,1.54062,1.54121,1.13,1.13
2011.07.25 20:44:57.608,1.54063,1.54121,1.50,1.13
2011.07.25 20:45:01.262,1.54062,1.54116,1.88,1.13
2011.07.25 20:45:01.488,1.54053,1.54123,2.85,1.73
2011.07.25 20:45:01.598,1.54047,1.54123,1.13,1.35
2011.07.25 20:45:01.708,1.54047,1.54122,1.13,1.13
2011.07.25 20:45:01.924,1.54047,1.54133,1.13,1.13
2011.07.25 20:45:02.360,1.54047,1.54122,1.13,1.13
2011.07.25 20:45:02.808,1.54046,1.54122,1.13,1.13
2011.07.25 20:45:14.157,1.54043,1.54118,2.22,1.13
2011.07.25 20:45:18.930,1.54047,1.54121,1.13,1.13
2011.07.25 20:45:19.986,1.54047,1.54118,1.13,1.13
2011.07.25 20:45:20.100,1.54042,1.5411,2.10,1.13
2011.07.25 20:45:20.439,1.54041,1.54109,1.50,2.13
2011.07.25 20:45:20.973,1.54037,1.54109,1.13,2.13
2011.07.25 20:45:22.275,1.54037,1.54109,1.88,2.13
2011.07.25 20:45:22.837,1.54037,1.54109,1.13,2.13
2011.07.25 20:45:24.419,1.54037,1.54109,1.13,2.88
2011.07.25 20:45:25.765,1.54037,1.54107,1.88,1.15
2011.07.25 20:45:26.739,1.54037,1.54108,1.88,1.15
2011.07.25 20:45:28.268,1.54044,1.54109,1.13,1.35
2011.07.25 20:45:28.486,1.54044,1.54118,1.88,1.50
2011.07.25 20:45:34.680,1.54047,1.54121,1.13,1.13
2011.07.25 20:45:37.728,1.54047,1.54122,1.13,1.13
2011.07.25 20:45:37.838,1.54058,1.54122,2.10,1.13
2011.07.25 20:45:38.433,1.54063,1.54122,1.13,1.13
2011.07.25 20:45:40.737,1.54059,1.54128,1.50,1.50
2011.07.25 20:45:40.847,1.54053,1.54128,1.50,1.50
2011.07.25 20:45:41.177,1.54047,1.54121,1.13,1.13
2011.07.25 20:45:47.468,1.54047,1.54118,1.13,1.50
2011.07.25 20:46:10.519,1.54044,1.54119,1.13,1.13
2011.07.25 20:46:11.879,1.54047,1.5412,1.13,1.13
2011.07.25 20:46:12.448,1.54047,1.54122,1.13,1.13
2011.07.25 20:46:13.639,1.54047,1.5412,1.13,1.13
2011.07.25 20:46:15.138,1.54047,1.54122,1.13,1.13
2011.07.25 20:46:18.435,1.54047,1.54124,1.13,1.50
2011.07.25 20:46:18.657,1.54047,1.54121,1.13,1.13
2011.07.25 20:46:18.897,1.54046,1.54119,1.13,1.13
2011.07.25 20:46:27.477,1.54046,1.54135,1.13,2.10
2011.07.25 20:46:35.977,1.54047,1.54133,1.13,1.13
2011.07.25 20:46:36.628,1.54047,1.54132,1.13,1.13
2011.07.25 20:46:38.828,1.54046,1.54132,1.13,1.13
2011.07.25 20:46:39.827,1.54046,1.54132,1.13,1.13
2011.07.25 20:46:39.938,1.54047,1.54134,1.13,1.13
2011.07.25 20:46:40.269,1.54047,1.54121,1.13,1.50
2011.07.25 20:46:43.730,1.54047,1.54115,1.13,1.13
2011.07.25 20:46:44.770,1.54046,1.54119,1.13,1.53
2011.07.25 20:46:45.859,1.54043,1.54115,1.13,1.13
2011.07.25 20:46:45.968,1.54041,1.54116,2.10,1.13
2011.07.25 20:46:46.078,1.54036,1.54116,1.50,1.53
2011.07.25 20:46:48.027,1.54029,1.54109,1.13,1.50
2011.07.25 20:46:48.468,1.54029,1.54104,1.13,2.13
2011.07.25 20:46:50.015,1.54029,1.54104,1.13,2.13
2011.07.25 20:46:51.336,1.54033,1.54104,1.13,2.13
2011.07.25 20:46:51.828,1.54029,1.54104,1.13,2.88
2011.07.25 20:46:53.369,1.54029,1.54099,1.13,1.15
2011.07.25 20:46:55.789,1.54029,1.54103,1.13,1.53
2011.07.25 20:46:57.777,1.54029,1.54103,1.13,1.53
2011.07.25 20:46:59.178,1.54029,1.54103,1.13,1.53
2011.07.25 20:47:01.042,1.54029,1.54098,1.13,1.15
2011.07.25 20:47:04.729,1.54029,1.54104,1.13,2.88
2011.07.25 20:47:04.840,1.54027,1.54099,1.50,1.49
2011.07.25 20:47:05.297,1.54027,1.54093,1.50,1.75
2011.07.25 20:47:05.860,1.54027,1.54093,1.50,1.75
2011.07.25 20:47:07.746,1.54028,1.54093,1.13,1.75
2011.07.25 20:47:10.689,1.54028,1.54093,1.13,1.75
2011.07.25 20:47:13.768,1.54027,1.54093,1.13,1.75
2011.07.25 20:47:13.877,1.54026,1.54099,1.88,1.15
2011.07.25 20:47:14.407,1.54027,1.54099,1.13,1.15
2011.07.25 20:47:14.847,1.54029,1.54099,1.13,1.15
2011.07.25 20:47:15.663,1.54029,1.54099,1.13,1.15
2011.07.25 20:47:16.201,1.54029,1.54099,1.13,1.15
2011.07.25 20:47:19.720,1.54029,1.54098,1.13,1.15
2011.07.25 20:47:22.688,1.54029,1.54097,1.13,1.15
2011.07.25 20:47:23.016,1.54029,1.54098,1.13,1.15
2011.07.25 20:47:23.577,1.54029,1.54098,1.13,1.15
2011.07.25 20:47:24.828,1.54029,1.54098,1.13,1.15
2011.07.25 20:47:28.948,1.54044,1.54106,1.73,1.15
2011.07.25 20:47:29.058,1.54044,1.54107,2.07,1.15
2011.07.25 20:47:29.279,1.5405,1.54114,1.13,1.50
2011.07.25 20:47:29.608,1.54052,1.54116,1.88,1.15
2011.07.25 20:47:30.414,1.54054,1.54116,1.09,1.15
2011.07.25 20:47:30.528,1.54059,1.54123,2.07,1.15
2011.07.25 20:47:30.639,1.5406,1.54123,1.13,1.15
2011.07.25 20:47:30.747,1.54069,1.54131,1.13,1.15
2011.07.25 20:47:31.130,1.54073,1.54139,1.13,1.13
2011.07.25 20:47:31.700,1.54073,1.54139,1.13,1.50
2011.07.25 20:47:33.019,1.54073,1.54138,1.13,1.13
2011.07.25 20:47:37.758,1.54073,1.54139,1.13,1.50
2011.07.25 20:47:39.389,1.54063,1.54139,1.88,1.13
2011.07.25 20:47:40.699,1.54064,1.54138,1.50,1.13
2011.07.25 20:47:41.727,1.54058,1.54139,1.50,1.88
2011.07.25 20:47:41.837,1.54053,1.54139,1.50,1.90
2011.07.25 20:47:41.948,1.54033,1.54139,1.50,1.90
2011.07.25 20:47:42.387,1.54033,1.54137,1.50,1.15
2011.07.25 20:47:42.497,1.54033,1.54134,1.50,1.50
2011.07.25 20:47:43.269,1.54033,1.54126,1.50,1.13
2011.07.25 20:47:43.868,1.54033,1.54124,1.50,1.13
2011.07.25 20:47:43.977,1.54033,1.54127,1.50,1.53
2011.07.25 20:47:44.830,1.54033,1.54126,1.50,1.13
2011.07.25 20:47:45.168,1.54033,1.54112,1.88,1.50
2011.07.25 20:47:46.806,1.54033,1.54111,1.13,1.90
2011.07.25 20:47:47.250,1.54034,1.54114,1.50,2.10
2011.07.25 20:47:47.368,1.54034,1.54139,1.50,1.53
2011.07.25 20:47:47.480,1.54053,1.54138,1.09,1.13
2011.07.25 20:47:48.417,1.54074,1.54139,2.10,1.13
2011.07.25 20:47:48.639,1.54035,1.54139,1.13,1.13
2011.07.25 20:47:52.199,1.54033,1.54139,1.50,1.13
2011.07.25 20:47:56.158,1.54034,1.54139,1.50,1.13
2011.07.25 20:47:56.488,1.54046,1.5414,1.73,1.50
2011.07.25 20:47:56.840,1.54048,1.5414,1.13,1.13
2011.07.25 20:47:57.397,1.54048,1.5414,1.13,1.50
2011.07.25 20:47:58.398,1.54048,1.5414,1.13,1.13
2011.07.25 20:47:58.947,1.54048,1.5414,1.13,1.50
2011.07.25 20:47:59.500,1.54048,1.5414,1.13,1.13
2011.07.25 20:48:00.779,1.54048,1.5414,1.13,1.13
2011.07.25 20:48:03.420,1.54051,1.54142,1.50,1.13
2011.07.25 20:48:04.429,1.54051,1.54142,1.50,1.13
2011.07.25 20:48:05.567,1.54051,1.54141,1.50,1.13
2011.07.25 20:48:06.301,1.54051,1.5414,1.50,1.13
2011.07.25 20:48:14.419,1.54051,1.5414,1.50,1.50
2011.07.25 20:48:15.797,1.54051,1.5414,1.50,1.13
2011.07.25 20:48:16.320,1.54051,1.5414,1.50,1.50
2011.07.25 20:48:17.147,1.54051,1.5414,1.50,1.13
2011.07.25 20:48:17.937,1.54051,1.5414,1.50,1.50
2011.07.25 20:48:24.228,1.54051,1.5414,1.50,1.13
2011.07.25 20:48:25.058,1.54051,1.5414,1.50,1.50
2011.07.25 20:48:29.680,1.54054,1.54141,1.50,1.13
2011.07.25 20:48:29.800,1.54051,1.54141,1.50,1.50
2011.07.25 20:48:30.750,1.54054,1.54141,1.50,1.13
2011.07.25 20:48:32.531,1.54053,1.54142,1.50,1.13
2011.07.25 20:48:34.052,1.54052,1.54141,1.50,1.88
2011.07.25 20:48:34.431,1.54053,1.54141,1.50,1.13
2011.07.25 20:48:35.189,1.54051,1.54141,1.50,1.88
2011.07.25 20:48:35.979,1.54051,1.54141,1.50,1.13
2011.07.25 20:48:36.200,1.54054,1.54144,1.50,1.50
2011.07.25 20:48:36.428,1.54051,1.54144,1.50,1.50
2011.07.25 20:48:37.390,1.54054,1.54144,1.50,1.50
2011.07.25 20:48:38.458,1.54048,1.54144,1.13,1.13
2011.07.25 20:48:38.788,1.54054,1.54144,1.50,1.50
2011.07.25 20:48:40.910,1.54052,1.54144,1.50,1.13
2011.07.25 20:48:41.788,1.54052,1.54144,1.50,1.50
2011.07.25 20:48:43.318,1.54051,1.54152,1.50,1.53
2011.07.25 20:48:43.429,1.54051,1.54154,1.50,1.50
2011.07.25 20:48:43.535,1.54053,1.54153,1.50,1.13
2011.07.25 20:48:43.759,1.54049,1.54154,2.10,1.50
2011.07.25 20:48:43.869,1.54046,1.54146,1.50,1.35
2011.07.25 20:48:44.203,1.54043,1.54145,1.50,1.13
2011.07.25 20:48:44.430,1.54044,1.54146,1.50,1.15
2011.07.25 20:48:44.550,1.54044,1.54144,2.10,1.50
2011.07.25 20:48:44.870,1.54044,1.54144,2.85,1.50
2011.07.25 20:48:45.211,1.54045,1.54151,2.10,1.15
2011.07.25 20:48:45.331,1.54054,1.54153,1.50,1.50
2011.07.25 20:48:45.558,1.54051,1.54152,1.50,1.13
2011.07.25 20:48:45.668,1.54051,1.54152,1.50,1.13
2011.07.25 20:48:46.216,1.54051,1.54154,1.50,1.50
2011.07.25 20:48:47.053,1.54056,1.54152,1.50,1.13
2011.07.25 20:48:47.598,1.54056,1.54151,1.50,1.13
2011.07.25 20:48:47.927,1.54051,1.54151,1.50,1.13
2011.07.25 20:48:48.037,1.54051,1.54152,1.50,1.13
2011.07.25 20:48:48.636,1.54051,1.54152,1.50,1.13
2011.07.25 20:48:50.336,1.54057,1.54152,1.50,1.13
2011.07.25 20:48:52.498,1.5405,1.54151,2.10,1.13
2011.07.25 20:48:52.827,1.54048,1.54143,1.13,1.13
2011.07.25 20:48:52.937,1.54047,1.54142,1.13,1.13
2011.07.25 20:48:53.488,1.54046,1.54141,1.13,1.13
2011.07.25 20:48:53.958,1.54052,1.54142,1.50,1.13
2011.07.25 20:48:54.288,1.54059,1.54139,2.10,1.13
2011.07.25 20:48:54.949,1.54059,1.54139,2.10,1.13
2011.07.25 20:48:56.287,1.54064,1.54141,1.13,1.88
2011.07.25 20:48:56.509,1.54063,1.54139,1.13,1.50
2011.07.25 20:48:57.085,1.54064,1.54131,1.13,1.13
2011.07.25 20:48:57.629,1.54064,1.54132,1.13,1.13
2011.07.25 20:49:05.914,1.54066,1.54132,1.13,1.13
2011.07.25 20:49:06.468,1.54066,1.54131,1.13,1.13
2011.07.25 20:49:08.823,1.54066,1.54131,1.13,1.13
2011.07.25 20:49:09.368,1.54066,1.54131,1.13,1.13
2011.07.25 20:49:11.431,1.54066,1.54131,1.13,1.13
2011.07.25 20:49:15.093,1.54064,1.54131,1.13,1.13
2011.07.25 20:49:15.678,1.54066,1.54132,1.13,1.13
2011.07.25 20:49:16.440,1.54066,1.54132,1.13,1.13
2011.07.25 20:49:19.880,1.54063,1.54132,1.13,1.13
2011.07.25 20:49:23.268,1.54066,1.54132,1.13,1.13
2011.07.25 20:49:29.378,1.54064,1.54131,1.13,1.13
2011.07.25 20:49:31.149,1.54065,1.54131,1.13,1.13
2011.07.25 20:49:32.909,1.54064,1.54132,1.13,1.13
2011.07.25 20:49:34.468,1.54065,1.54132,1.13,1.13
2011.07.25 20:49:35.086,1.54065,1.54132,1.13,1.88
2011.07.25 20:49:35.588,1.54065,1.54132,1.13,1.88
2011.07.25 20:49:36.749,1.54065,1.54131,1.13,1.13
2011.07.25 20:49:37.448,1.54066,1.54131,2.10,1.13
2011.07.25 20:49:38.096,1.54066,1.54131,2.10,1.13
2011.07.25 20:49:38.677,1.54066,1.54131,2.10,1.13
2011.07.25 20:49:42.378,1.54066,1.54132,2.10,1.13
2011.07.25 20:49:42.718,1.54066,1.54122,2.10,1.13
2011.07.25 20:49:42.939,1.54066,1.54132,2.10,1.50
2011.07.25 20:49:43.597,1.54066,1.54127,2.10,1.13
2011.07.25 20:49:43.888,1.54066,1.54127,2.10,1.13
2011.07.25 20:49:44.438,1.54066,1.54119,2.10,1.13
2011.07.25 20:49:45.750,1.54066,1.54128,2.10,1.13
2011.07.25 20:49:46.309,1.54065,1.54116,1.13,1.13
2011.07.25 20:49:47.300,1.54061,1.54117,1.35,1.13
2011.07.25 20:49:47.409,1.54053,1.54115,1.50,1.13
2011.07.25 20:49:47.968,1.54051,1.54115,1.50,1.13
2011.07.25 20:49:48.676,1.54053,1.54115,1.50,1.13
2011.07.25 20:49:49.279,1.54059,1.54115,1.50,1.13
2011.07.25 20:49:49.609,1.54072,1.54127,1.73,1.53
2011.07.25 20:49:49.718,1.54072,1.54132,2.07,1.50
2011.07.25 20:49:49.830,1.54084,1.54132,1.73,1.50
2011.07.25 20:49:50.057,1.54073,1.54132,1.09,1.50
2011.07.25 20:49:50.169,1.54072,1.54132,1.13,1.88
2011.07.25 20:49:50.499,1.54072,1.54132,1.13,1.88
2011.07.25 20:49:52.264,1.54072,1.54131,1.13,1.13
2011.07.25 20:49:53.538,1.54072,1.54132,1.13,1.88
2011.07.25 20:49:53.868,1.54072,1.54132,1.13,1.50
2011.07.25 20:49:54.462,1.54072,1.54126,1.13,1.13
2011.07.25 20:49:54.690,1.54072,1.54132,1.13,1.13
2011.07.25 20:49:55.249,1.54072,1.54131,1.13,1.13
2011.07.25 20:49:55.468,1.54074,1.54131,1.50,1.13
2011.07.25 20:49:56.519,1.54076,1.54132,2.10,1.13
2011.07.25 20:49:58.038,1.54074,1.54131,2.25,1.13
2011.07.25 20:49:58.624,1.54074,1.54131,2.25,1.13
2011.07.25 20:50:01.011,1.54073,1.54141,3.60,1.13
2011.07.25 20:50:03.271,1.54074,1.54131,2.25,1.13
2011.07.25 20:50:03.829,1.54073,1.54132,2.25,1.13
2011.07.25 20:50:04.803,1.54074,1.54132,1.50,1.13
2011.07.25 20:50:07.568,1.54073,1.54132,2.25,1.13
2011.07.25 20:50:09.209,1.54073,1.54134,2.25,1.50
2011.07.25 20:50:09.753,1.54074,1.54132,1.50,1.13
2011.07.25 20:50:13.509,1.54074,1.54134,1.50,1.50
2011.07.25 20:50:14.268,1.54074,1.54134,1.50,1.50
2011.07.25 20:50:14.598,1.54074,1.54142,1.50,1.13
2011.07.25 20:50:14.708,1.54073,1.54136,1.88,1.13
2011.07.25 20:50:14.930,1.54074,1.54131,1.50,1.13
2011.07.25 20:50:15.477,1.54074,1.54131,2.25,1.13
2011.07.25 20:50:16.408,1.54074,1.54126,2.25,1.13
2011.07.25 20:50:16.518,1.54074,1.54124,1.50,1.13
2011.07.25 20:50:16.847,1.54074,1.54117,1.50,1.13
2011.07.25 20:50:18.037,1.54074,1.54128,1.50,1.50
2011.07.25 20:50:18.665,1.54074,1.54121,1.50,1.13
2011.07.25 20:50:22.538,1.54074,1.54133,1.50,1.50
2011.07.25 20:50:23.396,1.54073,1.54127,2.25,1.13
2011.07.25 20:50:23.959,1.54074,1.54122,1.50,1.13
2011.07.25 20:50:35.936,1.54073,1.54128,2.25,1.13
2011.07.25 20:50:36.430,1.54073,1.54122,2.25,1.13
2011.07.25 20:50:39.566,1.54074,1.54133,1.50,1.50
2011.07.25 20:50:39.677,1.54074,1.54129,1.50,1.13
2011.07.25 20:50:39.788,1.54072,1.54122,1.88,1.13
2011.07.25 20:50:40.344,1.54072,1.54122,1.88,1.13
2011.07.25 20:50:41.279,1.54072,1.54122,1.88,1.13
2011.07.25 20:50:41.976,1.54072,1.54122,1.88,1.13
2011.07.25 20:50:42.748,1.54072,1.54121,1.88,1.13
2011.07.25 20:50:43.079,1.54063,1.54128,2.10,1.13
2011.07.25 20:50:43.189,1.54056,1.54124,1.50,1.50
2011.07.25 20:50:43.408,1.54056,1.54123,1.50,1.13
2011.07.25 20:50:43.630,1.54053,1.54124,1.50,1.13
2011.07.25 20:50:44.187,1.54053,1.54116,1.50,1.13
2011.07.25 20:50:44.496,1.54052,1.54116,1.13,1.13
2011.07.25 20:50:47.070,1.54041,1.54116,1.50,1.13
2011.07.25 20:50:47.769,1.54041,1.54117,1.50,1.13
2011.07.25 20:50:48.126,1.54041,1.54125,1.50,1.13
2011.07.25 20:50:48.241,1.54036,1.5412,1.13,1.13
2011.07.25 20:50:48.578,1.54036,1.54114,1.13,1.13
2011.07.25 20:50:49.692,1.54036,1.54112,1.13,1.13
2011.07.25 20:50:50.035,1.54036,1.5411,1.13,1.13
2011.07.25 20:50:50.887,1.54036,1.5411,1.13,1.13
2011.07.25 20:50:51.769,1.54036,1.5411,1.13,1.13
2011.07.25 20:50:52.348,1.54036,1.54112,1.13,1.13
2011.07.25 20:50:52.898,1.54036,1.54112,1.13,1.50
2011.07.25 20:50:57.671,1.54036,1.54114,1.88,1.50
2011.07.25 20:50:58.083,1.54036,1.54112,1.13,1.50
2011.07.25 20:50:59.648,1.54037,1.54116,1.50,1.13
2011.07.25 20:50:59.979,1.54037,1.54118,1.50,1.50
2011.07.25 20:51:00.090,1.54037,1.54118,1.50,1.13
2011.07.25 20:51:00.686,1.54037,1.54118,1.50,1.13
2011.07.25 20:51:01.247,1.54037,1.54119,1.50,1.50
2011.07.25 20:51:08.497,1.54037,1.54118,1.50,1.13
2011.07.25 20:51:09.718,1.54037,1.54119,1.50,1.13
2011.07.25 20:51:10.267,1.54037,1.54119,1.50,1.50
2011.07.25 20:51:11.640,1.54037,1.54119,1.50,1.13
2011.07.25 20:51:12.187,1.54037,1.54118,1.50,1.13
2011.07.25 20:51:15.537,1.54036,1.54119,1.50,1.13
2011.07.25 20:51:15.648,1.54034,1.54119,1.50,1.50
2011.07.25 20:51:15.757,1.54034,1.54119,1.50,1.13
2011.07.25 20:51:16.219,1.54034,1.54119,1.50,1.50
2011.07.25 20:51:17.599,1.54033,1.54118,1.50,1.13
2011.07.25 20:51:17.820,1.54033,1.54119,1.50,1.13
2011.07.25 20:51:17.940,1.54033,1.54118,1.50,1.13
2011.07.25 20:51:18.294,1.54034,1.54118,1.50,1.13
2011.07.25 20:51:20.787,1.54034,1.54118,1.50,1.13
2011.07.25 20:51:22.976,1.54042,1.54118,1.50,1.13
2011.07.25 20:51:23.625,1.54042,1.54118,1.50,1.13
2011.07.25 20:51:25.283,1.54033,1.54118,1.50,1.13
2011.07.25 20:51:25.401,1.54033,1.54118,1.50,1.13
2011.07.25 20:51:25.739,1.54034,1.54119,1.50,1.50
2011.07.25 20:51:31.188,1.54041,1.54119,1.50,1.50
2011.07.25 20:51:31.738,1.54036,1.54118,1.50,1.13
2011.07.25 20:51:32.269,1.54036,1.54118,1.50,1.13
2011.07.25 20:51:32.812,1.54042,1.54118,1.50,1.13
2011.07.25 20:51:32.930,1.54042,1.54118,1.50,1.13
2011.07.25 20:51:33.041,1.54042,1.54119,1.50,1.13
2011.07.25 20:51:33.878,1.54042,1.54118,1.50,1.13
2011.07.25 20:51:34.100,1.54043,1.54119,1.50,1.13
2011.07.25 20:51:35.062,1.54042,1.54118,1.50,1.13
2011.07.25 20:51:35.179,1.5404,1.54118,2.10,1.13
2011.07.25 20:51:35.509,1.54041,1.54118,2.10,1.13
2011.07.25 20:51:37.529,1.54041,1.54118,2.10,1.13
2011.07.25 20:51:38.683,1.54041,1.54119,1.50,1.50
2011.07.25 20:51:40.549,1.54043,1.54122,2.10,1.13
2011.07.25 20:51:41.888,1.54043,1.54121,2.10,1.13
2011.07.25 20:51:42.695,1.54043,1.54119,2.10,1.13
2011.07.25 20:51:44.856,1.54043,1.5412,2.10,1.13
2011.07.25 20:51:45.078,1.54043,1.54123,2.10,1.13
2011.07.25 20:51:45.631,1.54043,1.54123,2.10,1.50
2011.07.25 20:51:46.420,1.54061,1.54127,1.35,1.13
2011.07.25 20:51:46.857,1.54061,1.54128,2.10,1.50
2011.07.25 20:51:48.446,1.54061,1.54129,2.10,1.50
2011.07.25 20:51:48.668,1.54061,1.54129,2.10,1.50
2011.07.25 20:51:49.460,1.54061,1.54127,2.85,1.13
2011.07.25 20:51:52.109,1.54061,1.54127,2.85,1.13
2011.07.25 20:51:52.858,1.54061,1.54126,2.85,1.13
2011.07.25 20:51:53.531,1.54063,1.54126,1.50,1.13
2011.07.25 20:51:55.162,1.54067,1.54126,1.50,1.13
2011.07.25 20:51:55.966,1.54067,1.54133,1.50,1.50
2011.07.25 20:51:56.806,1.54067,1.54156,1.50,1.15
2011.07.25 20:51:57.026,1.54067,1.54133,1.50,1.13
2011.07.25 20:51:57.358,1.54067,1.54132,1.50,1.13
2011.07.25 20:51:58.168,1.54067,1.54121,1.50,1.13
2011.07.25 20:52:02.538,1.54067,1.54121,1.50,1.13
2011.07.25 20:52:02.868,1.54067,1.54138,1.50,1.13
2011.07.25 20:52:03.089,1.54067,1.54122,1.50,1.13
2011.07.25 20:52:03.418,1.54067,1.54122,1.50,1.13
2011.07.25 20:52:04.385,1.54067,1.54122,1.50,1.13
2011.07.25 20:52:05.798,1.54067,1.54131,1.50,1.13
2011.07.25 20:52:06.779,1.54067,1.54121,1.50,1.13
2011.07.25 20:52:11.001,1.54067,1.54121,1.50,1.13
2011.07.25 20:52:12.327,1.54072,1.54122,1.50,1.13
2011.07.25 20:52:13.197,1.54072,1.54138,1.50,1.50
2011.07.25 20:52:14.260,1.54067,1.54121,1.50,1.13
2011.07.25 20:52:17.869,1.54062,1.5413,1.50,1.47
2011.07.25 20:52:18.198,1.54062,1.54128,1.50,1.98
2011.07.25 20:52:18.749,1.54057,1.54121,1.50,1.13
2011.07.25 20:52:19.748,1.54062,1.54119,1.50,1.13
2011.07.25 20:52:20.633,1.54062,1.54119,1.50,1.50
2011.07.25 20:52:21.158,1.54062,1.54119,1.50,1.13
2011.07.25 20:52:21.487,1.54064,1.54129,1.50,1.15
2011.07.25 20:52:22.639,1.54064,1.54122,1.50,1.13
2011.07.25 20:52:24.741,1.54064,1.54121,1.50,1.13
2011.07.25 20:52:25.555,1.54063,1.54122,1.50,1.13
2011.07.25 20:52:26.928,1.54064,1.54121,1.50,1.13
2011.07.25 20:52:27.809,1.54064,1.54121,1.50,1.13
2011.07.25 20:52:28.801,1.54064,1.54121,1.50,1.13
2011.07.25 20:52:30.670,1.54064,1.54121,1.50,1.13
2011.07.25 20:52:32.981,1.54063,1.54121,1.50,1.13
2011.07.25 20:52:37.713,1.54063,1.54121,1.50,1.13
2011.07.25 20:52:38.159,1.54064,1.54122,1.50,1.13
2011.07.25 20:52:41.162,1.54061,1.54119,1.50,1.50
2011.07.25 20:52:41.751,1.54063,1.54122,1.50,1.13
2011.07.25 20:52:42.222,1.54061,1.54119,1.50,1.13
2011.07.25 20:52:43.439,1.54061,1.54122,1.50,1.13
2011.07.25 20:52:45.452,1.54063,1.54122,1.50,1.13
2011.07.25 20:52:45.679,1.54062,1.54121,1.50,1.13
2011.07.25 20:52:46.229,1.54062,1.54122,1.50,1.13
2011.07.25 20:52:47.434,1.54063,1.54122,1.50,1.13
2011.07.25 20:52:48.969,1.54062,1.54121,1.50,1.13
2011.07.25 20:52:49.846,1.54062,1.54123,1.50,1.50
2011.07.25 20:52:50.370,1.54062,1.54121,1.50,1.13
2011.07.25 20:52:53.039,1.54063,1.54121,1.50,1.13
2011.07.25 20:52:57.444,1.54064,1.54121,1.50,1.13
2011.07.25 20:53:00.160,1.54064,1.54128,1.50,1.15
2011.07.25 20:53:00.279,1.54063,1.54122,1.50,1.13
2011.07.25 20:53:00.608,1.54072,1.54121,1.50,1.13
2011.07.25 20:53:02.018,1.54072,1.54121,1.50,1.13
2011.07.25 20:53:05.970,1.54072,1.54122,1.50,1.13
2011.07.25 20:53:06.509,1.54081,1.54144,1.69,1.53
2011.07.25 20:53:06.729,1.54081,1.5414,1.35,1.12
2011.07.25 20:53:06.840,1.54073,1.5414,1.09,1.09
2011.07.25 20:53:07.389,1.54071,1.54142,1.50,1.13
2011.07.25 20:53:08.048,1.54071,1.54149,1.50,1.53
2011.07.25 20:53:08.268,1.54071,1.54142,1.50,1.13
2011.07.25 20:53:08.888,1.54073,1.54142,1.50,1.13
2011.07.25 20:53:09.592,1.54071,1.54141,1.50,1.13
2011.07.25 20:53:09.931,1.54073,1.54141,2.85,1.13
2011.07.25 20:53:10.270,1.54077,1.54142,1.50,1.13
2011.07.25 20:53:10.801,1.54076,1.54141,1.50,1.13
2011.07.25 20:53:11.728,1.54076,1.54141,1.50,1.13
2011.07.25 20:53:12.278,1.54077,1.54147,1.13,1.15
2011.07.25 20:53:12.831,1.54077,1.54144,1.13,1.53
2011.07.25 20:53:13.386,1.54074,1.54144,1.09,1.90
2011.07.25 20:53:13.607,1.54074,1.54137,1.09,1.15
2011.07.25 20:53:15.492,1.54074,1.54136,1.09,1.15
2011.07.25 20:53:16.738,1.54074,1.54136,1.09,1.50
2011.07.25 20:53:17.320,1.54077,1.54138,1.50,1.15
2011.07.25 20:53:17.430,1.54077,1.54142,1.50,1.13
2011.07.25 20:53:18.118,1.54074,1.54142,1.09,1.13
2011.07.25 20:53:18.558,1.54074,1.54141,1.09,1.15
2011.07.25 20:53:18.878,1.54076,1.54136,1.50,1.15
2011.07.25 20:53:19.599,1.54076,1.54136,1.50,1.13
2011.07.25 20:53:20.115,1.54076,1.54136,1.50,1.15
2011.07.25 20:53:23.508,1.54077,1.54133,1.50,1.13
2011.07.25 20:53:25.608,1.54074,1.54129,1.09,1.13
2011.07.25 20:53:26.937,1.54074,1.54129,1.09,1.13
2011.07.25 20:53:30.008,1.54077,1.54132,1.50,1.13
2011.07.25 20:53:31.042,1.54077,1.54131,1.50,1.13
2011.07.25 20:53:31.837,1.54077,1.54143,1.50,1.53
2011.07.25 20:53:31.953,1.54082,1.54136,1.13,1.15
2011.07.25 20:53:32.178,1.54082,1.54143,1.13,1.50
2011.07.25 20:53:32.398,1.54082,1.54142,1.13,1.13
2011.07.25 20:53:33.170,1.54082,1.54141,1.13,1.13
2011.07.25 20:53:33.578,1.54074,1.54141,1.47,1.13
2011.07.25 20:53:34.019,1.54079,1.54141,1.13,1.13
2011.07.25 20:53:34.568,1.54079,1.54141,1.13,1.13
2011.07.25 20:53:35.118,1.54079,1.54142,1.13,1.13
2011.07.25 20:53:35.799,1.54077,1.54141,1.13,1.13
2011.07.25 20:53:35.909,1.54073,1.54141,2.25,1.13
2011.07.25 20:53:36.017,1.54072,1.54142,1.50,1.15
2011.07.25 20:53:36.571,1.54069,1.54139,1.13,1.15
2011.07.25 20:53:39.694,1.54069,1.54138,1.13,1.53
2011.07.25 20:53:40.780,1.54069,1.54137,1.13,1.15
2011.07.25 20:53:41.130,1.54069,1.54139,1.13,1.90
2011.07.25 20:53:41.678,1.54069,1.54139,1.13,2.28
2011.07.25 20:53:42.009,1.54069,1.54126,1.13,1.13
2011.07.25 20:53:42.559,1.54069,1.54122,1.13,1.13
2011.07.25 20:53:43.370,1.54069,1.54121,1.13,1.13
2011.07.25 20:53:44.299,1.54067,1.54121,1.13,1.13
2011.07.25 20:53:44.738,1.54067,1.54136,1.13,1.15
2011.07.25 20:53:45.289,1.54069,1.54138,1.13,1.53
2011.07.25 20:53:45.948,1.54069,1.54138,1.13,1.15
2011.07.25 20:53:47.488,1.54069,1.54137,1.13,1.90
2011.07.25 20:53:47.596,1.54069,1.54134,1.13,1.13
2011.07.25 20:53:47.819,1.54066,1.54126,1.13,1.13
2011.07.25 20:53:47.928,1.54066,1.54126,1.13,1.13
2011.07.25 20:53:48.368,1.54066,1.54122,1.13,1.13
2011.07.25 20:53:48.762,1.54069,1.54121,1.13,1.13
2011.07.25 20:53:49.697,1.54069,1.54121,1.13,1.13
2011.07.25 20:53:50.125,1.54069,1.54134,1.13,1.50
2011.07.25 20:53:50.240,1.54069,1.54129,1.13,1.20
2011.07.25 20:53:50.460,1.54069,1.54135,1.13,1.13
2011.07.25 20:53:51.353,1.54069,1.54137,1.13,1.15
2011.07.25 20:53:52.110,1.54069,1.54135,1.13,1.13
2011.07.25 20:53:57.949,1.54069,1.54136,1.13,1.15
2011.07.25 20:54:14.366,1.54069,1.54138,1.13,1.53
2011.07.25 20:54:14.829,1.54069,1.54131,1.13,1.13
2011.07.25 20:54:15.699,1.54069,1.54137,1.13,1.15
2011.07.25 20:54:22.020,1.54069,1.54134,1.13,1.50
2011.07.25 20:54:22.578,1.54069,1.54134,1.13,1.50
2011.07.25 20:54:25.319,1.54069,1.54134,1.13,1.13
2011.07.25 20:54:25.648,1.54074,1.54127,1.13,1.13
2011.07.25 20:54:25.978,1.54074,1.54127,1.13,1.13
2011.07.25 20:54:27.760,1.54074,1.54126,1.88,1.13
2011.07.25 20:54:30.673,1.54074,1.54126,1.88,1.13
2011.07.25 20:54:35.779,1.54074,1.54126,1.13,1.13
2011.07.25 20:54:40.710,1.54074,1.54127,1.13,1.13
2011.07.25 20:54:45.539,1.54072,1.54135,1.50,1.54
2011.07.25 20:54:45.649,1.5407,1.54126,1.13,1.13
2011.07.25 20:54:45.869,1.5407,1.5413,1.13,1.47
2011.07.25 20:54:46.709,1.5407,1.54122,1.13,1.13
2011.07.25 20:54:47.489,1.5407,1.54122,1.13,1.13
2011.07.25 20:54:50.769,1.54066,1.54122,1.13,1.13
2011.07.25 20:54:53.248,1.54074,1.54122,1.73,1.13
2011.07.25 20:54:53.576,1.54077,1.54137,1.13,1.13
2011.07.25 20:54:54.168,1.54077,1.54121,1.13,1.13
2011.07.25 20:54:56.522,1.54081,1.54121,1.50,1.13
2011.07.25 20:54:57.408,1.54077,1.54121,1.13,1.13
2011.07.25 20:54:59.682,1.54077,1.54122,1.13,1.13
2011.07.25 20:55:00.528,1.54074,1.54122,2.85,1.13
2011.07.25 20:55:08.318,1.54055,1.54122,1.13,1.13
2011.07.25 20:55:13.595,1.54055,1.54129,1.13,1.53
2011.07.25 20:55:16.919,1.54054,1.54121,1.50,1.13
2011.07.25 20:55:17.228,1.54053,1.54122,1.50,1.13
2011.07.25 20:55:23.062,1.54052,1.54121,1.13,1.13
2011.07.25 20:55:23.505,1.54054,1.54129,1.50,2.88
2011.07.25 20:55:23.726,1.54054,1.54121,1.50,1.13
2011.07.25 20:55:24.068,1.54053,1.54121,1.50,1.15
2011.07.25 20:55:24.776,1.54053,1.54121,1.88,1.15
2011.07.25 20:55:27.278,1.54053,1.54118,1.13,1.15
2011.07.25 20:55:30.502,1.54053,1.54121,1.88,1.15
2011.07.25 20:55:31.330,1.54055,1.54123,1.13,1.15
2011.07.25 20:55:32.197,1.54055,1.54123,1.13,1.15
2011.07.25 20:55:33.928,1.54054,1.54129,1.50,2.88
2011.07.25 20:55:34.796,1.54054,1.54129,2.61,2.88
2011.07.25 20:55:47.226,1.54054,1.54123,2.61,1.15
2011.07.25 20:55:47.826,1.54054,1.54123,1.50,1.15
2011.07.25 20:55:48.492,1.54054,1.54123,1.88,1.15
2011.07.25 20:55:48.996,1.54053,1.54123,1.88,1.15
2011.07.25 20:55:51.430,1.54054,1.54123,1.50,1.15
2011.07.25 20:55:53.430,1.54054,1.54128,1.50,1.53
2011.07.25 20:55:53.988,1.54053,1.54128,1.88,1.53
2011.07.25 20:55:55.530,1.54053,1.54124,1.88,1.15
2011.07.25 20:55:58.936,1.54054,1.54124,1.50,1.15
2011.07.25 20:55:59.486,1.54053,1.54124,1.88,1.15
2011.07.25 20:56:05.199,1.54054,1.54124,2.61,1.15
2011.07.25 20:56:10.235,1.54054,1.54124,1.13,1.15
2011.07.25 20:56:11.456,1.54054,1.54124,2.23,1.15
2011.07.25 20:56:11.878,1.54054,1.54128,1.50,1.15
2011.07.25 20:56:12.849,1.54053,1.54123,1.86,1.15
2011.07.25 20:56:13.068,1.54055,1.54127,1.73,1.15
2011.07.25 20:56:13.179,1.54056,1.54129,1.13,1.53
2011.07.25 20:56:13.397,1.54057,1.54129,1.13,1.15
2011.07.25 20:56:19.919,1.54064,1.54133,1.50,1.15
2011.07.25 20:56:20.486,1.54063,1.54133,1.50,1.15
2011.07.25 20:56:23.787,1.54061,1.54129,1.50,1.15
2011.07.25 20:56:26.829,1.54061,1.54129,1.50,1.15
2011.07.25 20:56:29.182,1.54061,1.54129,1.50,1.15
2011.07.25 20:56:29.746,1.54057,1.54133,1.13,1.15
2011.07.25 20:56:30.577,1.54054,1.54131,1.50,1.75
2011.07.25 20:56:31.347,1.54053,1.54128,1.50,1.15
2011.07.25 20:56:34.415,1.54054,1.54131,1.50,1.75
2011.07.25 20:56:36.148,1.54054,1.54126,1.50,1.15
2011.07.25 20:56:59.506,1.54053,1.54128,1.50,1.15
2011.07.25 20:56:59.728,1.5405,1.54124,1.13,1.15
2011.07.25 20:57:00.277,1.5405,1.54124,1.50,1.15
2011.07.25 20:57:00.788,1.5405,1.54118,1.50,1.15
2011.07.25 20:57:02.218,1.54048,1.54119,1.13,1.15
2011.07.25 20:57:04.252,1.54049,1.54119,1.13,1.15
2011.07.25 20:57:07.108,1.54049,1.54113,1.13,1.15
2011.07.25 20:57:07.971,1.54049,1.54113,1.13,1.15
2011.07.25 20:57:09.548,1.5405,1.54124,1.13,1.15
2011.07.25 20:57:10.048,1.54049,1.54124,1.50,1.15
2011.07.25 20:57:12.380,1.54049,1.54124,1.13,1.15
2011.07.25 20:57:12.917,1.54049,1.54124,1.88,1.15
2011.07.25 20:57:18.227,1.54049,1.54124,1.13,1.15
2011.07.25 20:57:19.727,1.54049,1.54123,1.13,1.15
2011.07.25 20:57:19.948,1.54052,1.54127,1.50,1.15
2011.07.25 20:57:20.808,1.54054,1.54127,1.50,1.15
2011.07.25 20:57:22.014,1.54054,1.54128,2.23,1.15
2011.07.25 20:57:23.466,1.54054,1.54128,1.50,1.15
2011.07.25 20:57:25.807,1.54054,1.54128,1.50,1.15
2011.07.25 20:57:27.296,1.54054,1.54128,2.61,1.15
2011.07.25 20:57:28.938,1.54054,1.54126,2.61,1.15
2011.07.25 20:57:34.416,1.54054,1.54135,2.61,2.13
2011.07.25 20:57:34.527,1.54061,1.54135,1.13,1.73
2011.07.25 20:57:34.888,1.54054,1.54141,1.50,1.13
2011.07.25 20:57:36.926,1.54054,1.54141,1.50,1.13
2011.07.25 20:57:37.477,1.54053,1.54141,1.88,1.13
2011.07.25 20:57:44.899,1.54053,1.54142,1.88,1.13
2011.07.25 20:57:45.328,1.54067,1.54141,1.50,1.13
2011.07.25 20:57:47.808,1.54069,1.54142,1.50,1.13
2011.07.25 20:57:49.188,1.54069,1.54142,1.50,1.13
2011.07.25 20:57:49.960,1.5407,1.54136,1.13,1.13
2011.07.25 20:57:50.177,1.5407,1.54137,1.13,1.13
2011.07.25 20:57:52.267,1.54067,1.54143,1.50,1.84
2011.07.25 20:57:52.380,1.54069,1.54137,1.13,1.13
2011.07.25 20:57:52.708,1.54096,1.54157,2.10,1.50
2011.07.25 20:57:53.259,1.54096,1.54163,2.10,1.50
2011.07.25 20:57:53.768,1.54096,1.54162,2.10,1.13
2011.07.25 20:57:54.015,1.54096,1.54163,2.10,1.50
2011.07.25 20:57:54.678,1.54069,1.54153,1.13,1.35
2011.07.25 20:57:54.897,1.54069,1.54153,1.50,1.75
2011.07.25 20:57:55.226,1.5407,1.54151,1.13,1.75
2011.07.25 20:57:55.784,1.54069,1.54151,1.13,1.75
2011.07.25 20:57:56.829,1.5407,1.54151,1.13,1.75
2011.07.25 20:57:57.578,1.5407,1.54151,1.13,1.75
2011.07.25 20:57:57.819,1.5407,1.54151,1.13,1.75
2011.07.25 20:57:58.156,1.54069,1.54151,1.13,1.75
2011.07.25 20:57:58.267,1.54091,1.54153,1.35,1.13
2011.07.25 20:57:58.484,1.54091,1.54163,1.35,1.53
2011.07.25 20:57:58.596,1.5407,1.5415,1.88,1.35
2011.07.25 20:57:58.814,1.54069,1.5415,1.50,1.75
2011.07.25 20:57:59.417,1.54069,1.5415,1.50,1.75
2011.07.25 20:58:00.866,1.54069,1.5415,1.13,1.75
2011.07.25 20:58:01.237,1.54069,1.5415,1.50,1.75
2011.07.25 20:58:01.457,1.54084,1.54157,1.35,2.13
2011.07.25 20:58:01.813,1.54088,1.54157,1.13,2.50
2011.07.25 20:58:01.927,1.54092,1.54157,1.13,2.50
2011.07.25 20:58:02.477,1.54092,1.54157,1.13,2.50
2011.07.25 20:58:04.106,1.54091,1.54151,1.13,1.13
2011.07.25 20:58:06.045,1.54091,1.54151,1.13,1.13
2011.07.25 20:58:07.248,1.54091,1.54151,1.48,1.13
2011.07.25 20:58:07.856,1.54092,1.54152,1.50,1.13
2011.07.25 20:58:10.466,1.54093,1.54157,1.50,1.75
2011.07.25 20:58:10.577,1.54097,1.54163,1.13,1.53
2011.07.25 20:58:11.151,1.54094,1.54158,1.13,1.13
2011.07.25 20:58:11.677,1.54094,1.54159,1.86,1.13
2011.07.25 20:58:11.787,1.54094,1.54163,1.48,1.13
2011.07.25 20:58:12.410,1.54094,1.54163,1.86,1.50
2011.07.25 20:58:12.627,1.54094,1.54161,1.13,1.13
2011.07.25 20:58:13.330,1.54096,1.54161,1.13,1.13
2011.07.25 20:58:13.677,1.54096,1.5416,1.13,1.13
2011.07.25 20:58:14.216,1.54097,1.54157,1.13,1.13
2011.07.25 20:58:14.626,1.54096,1.54163,1.13,1.50
2011.07.25 20:58:15.216,1.54097,1.54162,1.13,1.13
2011.07.25 20:58:16.454,1.54097,1.54163,1.13,1.50
2011.07.25 20:58:16.677,1.54097,1.54163,1.13,1.50
2011.07.25 20:58:17.247,1.54097,1.54163,1.50,1.50
2011.07.25 20:58:17.769,1.54096,1.54161,1.50,1.13
2011.07.25 20:58:20.029,1.54099,1.54164,1.13,1.50
2011.07.25 20:58:20.536,1.54098,1.54161,1.50,1.13
2011.07.25 20:58:22.026,1.54096,1.5416,1.50,1.50
2011.07.25 20:58:25.926,1.54096,1.5416,1.50,1.50
2011.07.25 20:58:27.388,1.54094,1.5416,1.13,1.13
2011.07.25 20:58:27.717,1.54073,1.54159,1.13,1.13
2011.07.25 20:58:29.646,1.54059,1.54159,1.13,1.13
2011.07.25 20:58:35.546,1.54059,1.54158,1.13,1.50
2011.07.25 20:58:36.717,1.54055,1.54158,1.84,1.50
2011.07.25 20:58:42.498,1.54064,1.5416,1.13,1.13
2011.07.25 20:58:43.436,1.54064,1.54148,1.13,1.35
2011.07.25 20:58:43.766,1.54064,1.54148,1.13,1.75
2011.07.25 20:58:45.184,1.54057,1.54148,1.88,1.75
2011.07.25 20:58:45.697,1.54063,1.54148,1.13,1.75
2011.07.25 20:58:46.347,1.54063,1.54148,1.13,1.75
2011.07.25 20:58:47.221,1.54064,1.54148,1.13,1.75
2011.07.25 20:58:47.587,1.54064,1.54148,1.13,1.75
2011.07.25 20:58:48.064,1.54059,1.54148,1.13,1.75
2011.07.25 20:58:48.175,1.54062,1.54148,1.50,1.75
2011.07.25 20:58:48.508,1.54069,1.54148,1.13,1.75
2011.07.25 20:58:49.204,1.54062,1.54148,1.50,1.75
2011.07.25 20:58:49.427,1.54064,1.54148,1.13,1.75
2011.07.25 20:58:49.646,1.54063,1.54148,1.13,1.35
2011.07.25 20:58:49.759,1.54063,1.54159,1.13,1.13
2011.07.25 20:58:51.955,1.54057,1.54159,1.50,1.13
2011.07.25 20:58:52.174,1.54048,1.54152,1.50,1.15
2011.07.25 20:58:52.893,1.54049,1.54151,1.13,1.13
2011.07.25 20:58:53.751,1.54049,1.54151,1.13,1.13
2011.07.25 20:58:54.055,1.54049,1.54159,1.50,1.13
2011.07.25 20:58:55.536,1.54052,1.54159,1.13,1.13
2011.07.25 20:58:55.758,1.54061,1.54161,1.50,1.13
2011.07.25 20:58:56.097,1.54063,1.5416,1.13,1.13
2011.07.25 20:58:58.275,1.54044,1.54162,1.50,1.13
2011.07.25 20:59:02.683,1.54062,1.54153,0.75,0.75
2011.07.25 20:59:03.023,1.54062,1.54148,0.75,1.35
2011.07.25 20:59:03.425,1.54067,1.54148,0.75,1.35
2011.07.25 20:59:03.717,1.54061,1.54148,0.75,1.35
2011.07.25 20:59:04.644,1.54057,1.54148,0.75,2.10
2011.07.25 20:59:04.753,1.54057,1.54134,0.75,1.35
2011.07.25 20:59:05.443,1.54057,1.5412,0.75,1.35
2011.07.25 20:59:06.691,1.54066,1.5412,0.75,1.35
2011.07.25 20:59:06.805,1.54062,1.5412,0.75,1.35
2011.07.25 20:59:07.854,1.54067,1.5412,0.75,1.35
2011.07.25 20:59:08.825,1.54062,1.5412,0.75,1.35
2011.07.25 20:59:09.323,1.54061,1.54169,0.75,0.75
2011.07.25 20:59:09.653,1.54067,1.54173,0.75,0.75
2011.07.25 20:59:09.763,1.54061,1.54169,0.75,0.75
2011.07.25 20:59:10.914,1.54072,1.54173,0.75,0.75
2011.07.25 20:59:11.484,1.54082,1.54173,0.75,0.75
2011.07.25 20:59:12.863,1.54076,1.54169,0.75,0.75
2011.07.25 20:59:12.973,1.54072,1.54168,0.75,0.75
2011.07.25 20:59:13.193,1.54067,1.54168,0.75,0.75
2011.07.25 20:59:13.658,1.54067,1.54163,0.75,0.75
2011.07.25 20:59:15.795,1.54071,1.54164,0.75,0.75
2011.07.25 20:59:16.774,1.54076,1.54164,0.75,0.75
2011.07.25 20:59:18.703,1.54081,1.54164,0.75,0.75
2011.07.25 20:59:22.094,1.54086,1.54179,0.75,0.75
2011.07.25 20:59:22.203,1.54076,1.54169,0.75,0.75
2011.07.25 20:59:22.675,1.54082,1.54168,0.75,0.75
2011.07.25 20:59:24.644,1.54076,1.54164,0.75,0.75
2011.07.25 20:59:24.933,1.54086,1.54169,0.75,0.75
2011.07.25 20:59:25.153,1.54087,1.54173,0.75,0.75
2011.07.25 20:59:26.748,1.54092,1.54173,0.75,0.75
2011.07.25 20:59:27.785,1.54097,1.54173,0.75,0.75
2011.07.25 20:59:48.733,1.54097,1.54173,0.75,0.75
2011.07.25 20:59:54.253,1.54092,1.54248,0.75,0.75
2011.07.25 20:59:54.983,1.54101,1.54249,0.75,0.75
2011.07.25 20:59:55.316,1.54122,1.54253,0.75,0.75
2011.07.25 20:59:55.694,1.54116,1.54249,0.75,0.75
2011.07.25 20:59:56.463,1.54132,1.54248,0.75,0.75
2011.07.25 20:59:56.683,1.54126,1.54264,0.75,0.75
2011.07.25 20:59:57.115,1.54121,1.54279,0.75,0.75
2011.07.25 20:59:57.722,1.54121,1.54254,0.75,0.75
2011.07.25 20:59:58.774,1.54126,1.54254,0.75,0.75
2011.07.25 20:59:59.754,1.54126,1.54249,0.75,0.75
