2013.02.27 15:00:00.112,1.55742,1.55793,1.58,1.13
2013.02.27 15:00:00.235,1.55738,1.55795,1.20,1.50
2013.02.27 15:00:00.592,1.55744,1.5579,1.32,2.25
2013.02.27 15:00:00.893,1.55781,1.55813,1.13,1.88
2013.02.27 15:00:00.956,1.55775,1.55812,1.32,1.50
2013.02.27 15:00:01.133,1.55775,1.55812,1.32,1.50
2013.02.27 15:00:01.593,1.55765,1.55817,3.57,1.13
2013.02.27 15:00:01.653,1.55765,1.55816,3.57,1.13
2013.02.27 15:00:01.894,1.55765,1.55811,3.57,1.13
2013.02.27 15:00:02.244,1.55762,1.55811,1.69,1.13
2013.02.27 15:00:02.363,1.55755,1.55807,1.32,2.25
2013.02.27 15:00:02.675,1.55752,1.55811,1.69,1.73
2013.02.27 15:00:03.104,1.55777,1.55805,1.50,1.69
2013.02.27 15:00:03.227,1.55764,1.55801,1.69,1.50
2013.02.27 15:00:03.678,1.55765,1.55803,2.25,1.69
2013.02.27 15:00:03.985,1.55767,1.55802,1.50,2.82
2013.02.27 15:00:04.163,1.55767,1.558,1.50,1.35
2013.02.27 15:00:04.283,1.55765,1.55799,1.50,1.69
2013.02.27 15:00:04.585,1.55759,1.55799,1.58,1.69
2013.02.27 15:00:04.895,1.55759,1.55809,1.58,2.72
2013.02.27 15:00:04.953,1.55762,1.55809,1.58,1.32
2013.02.27 15:00:05.073,1.55758,1.55807,1.58,3.33
2013.02.27 15:00:05.133,1.55758,1.55799,1.58,1.69
2013.02.27 15:00:05.585,1.55758,1.55798,1.58,1.69
2013.02.27 15:00:05.894,1.55753,1.55802,1.69,1.85
2013.02.27 15:00:06.135,1.55757,1.55792,2.25,1.50
2013.02.27 15:00:06.375,1.55758,1.5579,2.25,1.50
2013.02.27 15:00:07.082,1.55744,1.55786,1.58,1.50
2013.02.27 15:00:07.393,1.55755,1.55785,2.25,1.50
2013.02.27 15:00:07.695,1.5574,1.55783,2.33,1.69
2013.02.27 15:00:08.124,1.5574,1.55783,2.44,1.69
2013.02.27 15:00:08.243,1.55751,1.55786,1.58,1.50
2013.02.27 15:00:08.662,1.55756,1.55792,1.69,1.50
2013.02.27 15:00:08.864,1.55755,1.55795,1.58,1.50
2013.02.27 15:00:09.783,1.5576,1.55795,1.02,1.13
2013.02.27 15:00:09.858,1.5576,1.55796,1.02,1.50
2013.02.27 15:00:10.103,1.55751,1.55791,1.69,1.50
2013.02.27 15:00:10.403,1.55751,1.55791,1.69,1.50
2013.02.27 15:00:10.914,1.55747,1.55789,2.33,1.50
2013.02.27 15:00:10.973,1.55747,1.55788,2.44,1.50
2013.02.27 15:00:11.333,1.55743,1.55785,1.69,1.50
2013.02.27 15:00:11.635,1.55748,1.55789,1.69,1.13
2013.02.27 15:00:11.694,1.55748,1.55787,1.69,1.50
2013.02.27 15:00:11.813,1.55748,1.55785,1.02,1.50
2013.02.27 15:00:12.114,1.55745,1.55785,1.58,1.50
2013.02.27 15:00:12.417,1.55746,1.5578,1.50,1.50
2013.02.27 15:00:12.654,1.55739,1.5578,1.58,1.69
2013.02.27 15:00:12.713,1.55734,1.55779,1.58,1.69
2013.02.27 15:00:13.113,1.5574,1.55776,1.50,1.69
2013.02.27 15:00:13.473,1.55725,1.55766,2.44,1.50
2013.02.27 15:00:13.653,1.55725,1.55766,2.44,1.50
2013.02.27 15:00:13.783,1.55725,1.55766,2.44,1.50
2013.02.27 15:00:14.113,1.55729,1.55767,1.69,1.32
2013.02.27 15:00:14.479,1.55734,1.55769,1.02,1.13
2013.02.27 15:00:14.663,1.5573,1.55764,3.27,1.13
2013.02.27 15:00:15.144,1.5573,1.55761,2.33,1.50
2013.02.27 15:00:15.503,1.55733,1.55768,1.50,1.13
2013.02.27 15:00:15.563,1.55738,1.55769,1.13,1.13
2013.02.27 15:00:15.630,1.55738,1.55768,1.13,1.13
2013.02.27 15:00:15.694,1.55737,1.55758,1.13,1.50
2013.02.27 15:00:15.872,1.55722,1.55754,1.50,1.13
2013.02.27 15:00:16.053,1.5572,1.55748,3.00,1.88
2013.02.27 15:00:16.114,1.5572,1.55748,3.00,1.13
2013.02.27 15:00:16.354,1.55721,1.55752,1.50,1.88
2013.02.27 15:00:17.321,1.55723,1.55753,1.50,1.13
2013.02.27 15:00:17.454,1.55737,1.55775,2.33,1.13
2013.02.27 15:00:17.633,1.55737,1.55769,1.58,1.13
2013.02.27 15:00:18.535,1.55733,1.55772,1.58,1.13
2013.02.27 15:00:18.843,1.55744,1.55779,1.50,1.13
2013.02.27 15:00:18.903,1.55749,1.55779,1.50,1.13
2013.02.27 15:00:19.084,1.55747,1.55772,1.50,1.13
2013.02.27 15:00:19.204,1.55746,1.55771,1.50,1.13
2013.02.27 15:00:19.813,1.55736,1.55768,1.02,1.13
2013.02.27 15:00:20.712,1.55732,1.55768,1.69,1.13
2013.02.27 15:00:21.223,1.55729,1.55768,1.05,1.13
2013.02.27 15:00:21.638,1.55729,1.55768,1.05,1.13
2013.02.27 15:00:22.163,1.55738,1.55773,1.50,1.13
2013.02.27 15:00:22.342,1.55746,1.55778,1.17,1.13
2013.02.27 15:00:22.403,1.55742,1.55768,1.54,1.13
2013.02.27 15:00:22.464,1.55742,1.55769,1.13,1.88
2013.02.27 15:00:22.523,1.5574,1.55769,1.88,1.88
2013.02.27 15:00:22.883,1.55736,1.55768,1.02,2.10
2013.02.27 15:00:23.193,1.55729,1.55767,1.05,1.13
2013.02.27 15:00:24.023,1.55729,1.55768,1.05,1.13
2013.02.27 15:00:24.383,1.55742,1.55763,1.24,1.13
2013.02.27 15:00:24.504,1.55742,1.55767,1.50,1.50
2013.02.27 15:00:24.970,1.55744,1.55768,1.50,1.13
2013.02.27 15:00:25.357,1.55744,1.55772,1.50,1.35
2013.02.27 15:00:25.664,1.5574,1.55768,1.05,1.13
2013.02.27 15:00:25.785,1.5573,1.5577,1.92,1.13
2013.02.27 15:00:26.384,1.5573,1.5577,1.17,1.13
2013.02.27 15:00:26.744,1.5573,1.55768,1.05,1.13
2013.02.27 15:00:26.804,1.5573,1.55764,1.05,1.13
2013.02.27 15:00:27.284,1.5573,1.55769,1.17,1.88
2013.02.27 15:00:28.385,1.5573,1.55771,1.17,1.13
2013.02.27 15:00:28.623,1.55738,1.55769,1.05,1.13
2013.02.27 15:00:28.742,1.55729,1.55769,1.17,1.88
2013.02.27 15:00:29.544,1.5573,1.55768,1.17,1.88
2013.02.27 15:00:29.875,1.5573,1.55768,1.17,1.50
2013.02.27 15:00:30.184,1.5573,1.55767,1.17,1.13
2013.02.27 15:00:30.581,1.5573,1.55768,1.17,1.13
2013.02.27 15:00:30.874,1.5573,1.55768,1.17,1.13
2013.02.27 15:00:31.744,1.55734,1.5577,1.17,1.50
2013.02.27 15:00:31.863,1.55734,1.5577,1.35,1.13
2013.02.27 15:00:32.043,1.55737,1.55773,1.05,1.13
2013.02.27 15:00:32.757,1.55737,1.55771,1.17,1.13
2013.02.27 15:00:32.884,1.55737,1.55771,1.17,1.13
2013.02.27 15:00:33.697,1.55743,1.55773,1.35,1.13
2013.02.27 15:00:33.767,1.55742,1.55771,1.50,1.13
2013.02.27 15:00:34.573,1.55737,1.55771,1.17,1.13
2013.02.27 15:00:35.803,1.55734,1.55772,1.54,1.13
2013.02.27 15:00:36.113,1.55725,1.55764,1.17,1.13
2013.02.27 15:00:36.174,1.55725,1.55758,1.17,1.50
2013.02.27 15:00:36.413,1.55718,1.55759,1.17,1.50
2013.02.27 15:00:36.533,1.55718,1.55758,1.17,1.13
2013.02.27 15:00:36.944,1.55722,1.55755,1.50,1.35
2013.02.27 15:00:37.063,1.55722,1.55754,1.50,1.50
2013.02.27 15:00:37.123,1.55722,1.55754,1.50,1.50
2013.02.27 15:00:37.184,1.55721,1.55745,1.50,1.50
2013.02.27 15:00:37.424,1.55716,1.55748,1.50,1.50
2013.02.27 15:00:37.934,1.55715,1.55748,1.50,1.13
2013.02.27 15:00:38.673,1.55714,1.55748,1.50,1.32
2013.02.27 15:00:39.153,1.55714,1.55745,1.13,1.32
2013.02.27 15:00:39.214,1.55714,1.55744,1.13,1.50
2013.02.27 15:00:39.344,1.5571,1.55739,1.13,1.13
2013.02.27 15:00:40.355,1.55692,1.55733,1.54,1.50
2013.02.27 15:00:40.604,1.55692,1.55733,1.54,2.25
2013.02.27 15:00:40.964,1.55692,1.55731,1.54,1.13
2013.02.27 15:00:42.245,1.55701,1.55733,1.13,1.13
2013.02.27 15:00:43.224,1.55701,1.55738,1.13,1.32
2013.02.27 15:00:43.853,1.55701,1.55738,1.13,1.32
2013.02.27 15:00:44.551,1.5571,1.55739,1.13,1.13
2013.02.27 15:00:44.685,1.55701,1.55738,1.54,1.50
2013.02.27 15:00:44.743,1.55704,1.55738,1.17,1.50
2013.02.27 15:00:45.015,1.55704,1.55731,1.13,1.50
2013.02.27 15:00:45.135,1.55691,1.55721,1.13,1.50
2013.02.27 15:00:45.505,1.55682,1.55718,1.69,1.88
2013.02.27 15:00:45.624,1.55682,1.55713,1.58,1.13
2013.02.27 15:00:45.803,1.55674,1.55712,1.77,1.13
2013.02.27 15:00:46.194,1.55666,1.55704,1.17,1.69
2013.02.27 15:00:46.704,1.55671,1.55704,2.25,1.69
2013.02.27 15:00:47.212,1.55671,1.55704,1.50,1.69
2013.02.27 15:00:47.594,1.55666,1.55709,3.19,1.17
2013.02.27 15:00:47.773,1.55673,1.55709,1.13,1.50
2013.02.27 15:00:48.298,1.55669,1.55709,1.92,1.50
2013.02.27 15:00:48.483,1.55669,1.55709,1.92,2.25
2013.02.27 15:00:48.695,1.55669,1.55711,1.17,2.25
2013.02.27 15:00:49.259,1.55682,1.55711,1.13,1.50
2013.02.27 15:00:49.332,1.55683,1.55719,1.13,1.69
2013.02.27 15:00:49.703,1.55683,1.55714,1.13,1.92
2013.02.27 15:00:49.944,1.55678,1.5571,2.25,1.50
2013.02.27 15:00:50.137,1.55677,1.5571,2.25,1.92
2013.02.27 15:00:50.564,1.55675,1.55709,2.25,1.92
2013.02.27 15:00:50.994,1.55668,1.55709,3.00,1.92
2013.02.27 15:00:51.113,1.55668,1.55704,3.00,1.69
2013.02.27 15:00:51.634,1.55666,1.55704,1.13,1.69
2013.02.27 15:00:53.228,1.55661,1.55704,1.69,1.69
2013.02.27 15:00:53.745,1.55663,1.55704,2.33,1.69
2013.02.27 15:00:54.294,1.55661,1.55704,1.58,1.69
2013.02.27 15:00:54.654,1.55661,1.55704,1.58,1.69
2013.02.27 15:00:54.713,1.5566,1.55704,1.58,1.69
2013.02.27 15:00:56.155,1.55658,1.55699,1.17,1.50
2013.02.27 15:00:56.415,1.55658,1.55699,1.17,3.00
2013.02.27 15:00:57.063,1.5566,1.55701,1.69,1.50
2013.02.27 15:00:57.213,1.55671,1.55708,2.18,1.69
2013.02.27 15:00:58.445,1.55677,1.55708,1.88,1.50
2013.02.27 15:00:58.623,1.55676,1.55711,1.50,1.17
2013.02.27 15:00:58.743,1.55677,1.55707,1.88,1.50
2013.02.27 15:01:00.383,1.55679,1.55707,1.13,1.50
2013.02.27 15:01:00.444,1.55677,1.55708,1.13,1.69
2013.02.27 15:01:00.766,1.5568,1.55707,1.13,2.25
2013.02.27 15:01:01.314,1.55672,1.5571,1.50,1.17
2013.02.27 15:01:01.613,1.55672,1.55708,1.69,1.69
2013.02.27 15:01:02.666,1.55671,1.55712,2.10,1.92
2013.02.27 15:01:02.844,1.5567,1.55708,2.63,1.17
2013.02.27 15:01:03.143,1.55662,1.55703,1.69,2.25
2013.02.27 15:01:03.453,1.55658,1.55698,1.69,1.50
2013.02.27 15:01:04.379,1.55664,1.55697,2.25,1.60
2013.02.27 15:01:04.449,1.55654,1.55694,1.69,2.25
2013.02.27 15:01:05.254,1.55661,1.55694,2.25,1.50
2013.02.27 15:01:05.314,1.55661,1.55695,2.25,2.25
2013.02.27 15:01:05.613,1.55668,1.55701,1.13,1.13
2013.02.27 15:01:05.673,1.55666,1.55696,1.13,1.13
2013.02.27 15:01:05.733,1.55664,1.55699,1.50,1.69
2013.02.27 15:01:05.914,1.55661,1.55698,2.25,1.50
2013.02.27 15:01:06.302,1.55661,1.55695,3.19,1.13
2013.02.27 15:01:07.010,1.55658,1.55694,1.02,1.50
2013.02.27 15:01:07.335,1.55659,1.55692,1.17,1.13
2013.02.27 15:01:07.645,1.55659,1.55697,1.17,1.13
2013.02.27 15:01:08.433,1.55669,1.55708,1.50,2.48
2013.02.27 15:01:08.493,1.55677,1.55708,1.50,2.29
2013.02.27 15:01:08.613,1.55677,1.55705,1.50,1.32
2013.02.27 15:01:08.686,1.55676,1.55699,1.50,1.50
2013.02.27 15:01:09.233,1.55667,1.55699,1.50,1.50
2013.02.27 15:01:11.273,1.55659,1.55697,1.17,1.88
2013.02.27 15:01:11.824,1.55661,1.55697,1.02,1.88
2013.02.27 15:01:12.363,1.55661,1.55695,1.02,1.13
2013.02.27 15:01:12.947,1.5566,1.55694,1.39,1.50
2013.02.27 15:01:14.163,1.5566,1.55695,1.77,1.50
2013.02.27 15:01:19.486,1.55662,1.55695,1.50,3.79
2013.02.27 15:01:19.784,1.55661,1.55695,1.50,1.73
2013.02.27 15:01:20.584,1.55661,1.55696,1.50,3.04
2013.02.27 15:01:23.338,1.55661,1.55697,1.88,2.07
2013.02.27 15:01:23.736,1.55667,1.557,1.32,1.32
2013.02.27 15:01:24.244,1.55664,1.55697,1.02,1.50
2013.02.27 15:01:24.774,1.55662,1.55697,1.50,1.88
2013.02.27 15:01:25.375,1.55663,1.55697,1.50,1.13
2013.02.27 15:01:25.493,1.55663,1.55699,1.50,1.69
2013.02.27 15:01:27.380,1.55658,1.55699,1.17,1.69
2013.02.27 15:01:27.445,1.55657,1.55697,1.17,1.69
2013.02.27 15:01:29.396,1.55662,1.55693,1.13,1.50
2013.02.27 15:01:31.923,1.55662,1.55693,1.32,1.50
2013.02.27 15:01:32.614,1.55664,1.55693,1.50,1.50
2013.02.27 15:01:32.915,1.55668,1.55694,1.69,1.50
2013.02.27 15:01:33.033,1.55668,1.55699,1.69,1.73
2013.02.27 15:01:33.454,1.55672,1.557,1.50,1.73
2013.02.27 15:01:33.514,1.55671,1.55702,1.50,1.50
2013.02.27 15:01:33.574,1.55671,1.55704,1.50,1.73
2013.02.27 15:01:34.121,1.55681,1.55707,1.50,1.50
2013.02.27 15:01:34.184,1.55681,1.55709,1.50,1.50
2013.02.27 15:01:34.484,1.55683,1.55722,1.17,1.50
2013.02.27 15:01:35.444,1.55686,1.55725,1.50,1.69
2013.02.27 15:01:36.144,1.55685,1.55724,1.69,1.69
2013.02.27 15:01:36.203,1.55685,1.55729,1.69,1.69
2013.02.27 15:01:36.443,1.55687,1.55723,1.35,2.25
2013.02.27 15:01:36.694,1.55687,1.55723,1.35,1.50
2013.02.27 15:01:37.795,1.55689,1.55723,1.73,1.50
2013.02.27 15:01:38.384,1.55689,1.55726,1.73,1.69
2013.02.27 15:01:38.904,1.5569,1.55725,1.17,2.44
2013.02.27 15:01:39.713,1.55692,1.55725,1.50,1.13
2013.02.27 15:01:40.073,1.55692,1.55733,2.07,1.69
2013.02.27 15:01:40.133,1.55699,1.55728,1.17,1.69
2013.02.27 15:01:40.193,1.55699,1.55728,1.17,1.69
2013.02.27 15:01:40.614,1.55692,1.5573,1.92,1.69
2013.02.27 15:01:40.793,1.55693,1.5573,3.45,1.69
2013.02.27 15:01:40.853,1.55693,1.55727,3.45,1.69
2013.02.27 15:01:40.973,1.55693,1.55723,1.13,1.50
2013.02.27 15:01:41.393,1.5569,1.55729,1.17,1.69
2013.02.27 15:01:41.984,1.5569,1.55722,1.17,1.13
2013.02.27 15:01:42.805,1.55687,1.5572,1.17,1.50
2013.02.27 15:01:43.043,1.55682,1.55708,1.80,1.50
2013.02.27 15:01:43.103,1.55675,1.55708,1.17,1.50
2013.02.27 15:01:43.223,1.55678,1.55714,1.17,2.25
2013.02.27 15:01:43.524,1.55678,1.55714,1.17,3.08
2013.02.27 15:01:43.905,1.55678,1.55714,1.17,2.33
2013.02.27 15:01:43.964,1.55678,1.55714,1.17,1.13
2013.02.27 15:01:44.633,1.55682,1.55718,1.17,1.88
2013.02.27 15:01:44.692,1.55687,1.55718,1.73,1.88
2013.02.27 15:01:45.063,1.55687,1.55718,1.73,1.13
2013.02.27 15:01:45.443,1.55692,1.55722,1.50,1.13
2013.02.27 15:01:45.634,1.55692,1.55722,1.50,1.13
2013.02.27 15:01:45.784,1.55691,1.55729,1.50,1.69
2013.02.27 15:01:46.656,1.55691,1.55724,1.50,1.88
2013.02.27 15:01:47.232,1.55691,1.55722,1.50,1.50
2013.02.27 15:01:47.575,1.55684,1.55718,1.17,1.50
2013.02.27 15:01:48.254,1.55684,1.55713,1.17,1.50
2013.02.27 15:01:48.877,1.55685,1.55718,1.50,3.45
2013.02.27 15:01:51.315,1.55684,1.55713,1.17,1.50
2013.02.27 15:01:52.084,1.55684,1.55713,1.17,1.50
2013.02.27 15:01:52.213,1.55684,1.55709,1.17,1.50
2013.02.27 15:01:52.525,1.55679,1.55708,1.92,1.50
2013.02.27 15:01:52.905,1.55679,1.55709,1.92,1.50
2013.02.27 15:01:53.083,1.55681,1.55718,1.69,3.19
2013.02.27 15:01:53.155,1.55681,1.55718,1.69,1.69
2013.02.27 15:01:55.385,1.55685,1.55718,1.17,1.13
2013.02.27 15:01:57.843,1.55685,1.55721,1.92,1.69
2013.02.27 15:01:58.085,1.55683,1.55721,1.69,1.69
2013.02.27 15:01:58.625,1.55682,1.55721,1.69,1.69
2013.02.27 15:01:59.164,1.55682,1.55721,1.69,1.69
2013.02.27 15:02:00.695,1.55682,1.55724,1.69,1.69
2013.02.27 15:02:00.874,1.55683,1.55721,1.50,1.69
2013.02.27 15:02:01.143,1.55684,1.55726,1.50,1.69
2013.02.27 15:02:01.203,1.55684,1.55726,1.92,1.69
2013.02.27 15:02:03.015,1.55688,1.55723,1.13,1.69
2013.02.27 15:02:03.503,1.55687,1.55723,1.13,1.69
2013.02.27 15:02:05.043,1.55687,1.55723,1.13,1.69
2013.02.27 15:02:05.682,1.55687,1.55723,1.13,1.69
2013.02.27 15:02:07.116,1.55686,1.55721,1.69,1.69
2013.02.27 15:02:07.222,1.55686,1.55721,1.69,1.69
2013.02.27 15:02:07.543,1.55684,1.5572,1.17,1.13
2013.02.27 15:02:07.663,1.55683,1.55719,1.92,1.13
2013.02.27 15:02:07.844,1.55683,1.55719,1.17,1.88
2013.02.27 15:02:07.904,1.55683,1.55718,1.17,1.50
2013.02.27 15:02:08.083,1.55683,1.55718,1.17,2.25
2013.02.27 15:02:08.763,1.55683,1.55716,1.17,1.69
2013.02.27 15:02:09.065,1.55689,1.55719,1.50,1.50
2013.02.27 15:02:09.126,1.55689,1.55722,1.50,1.92
2013.02.27 15:02:09.303,1.55689,1.55725,1.92,1.13
2013.02.27 15:02:09.993,1.55694,1.55727,1.69,1.73
2013.02.27 15:02:10.357,1.55689,1.55728,1.69,2.10
2013.02.27 15:02:10.544,1.55689,1.55728,1.69,2.10
2013.02.27 15:02:10.743,1.55693,1.55728,1.17,1.50
2013.02.27 15:02:11.064,1.55701,1.55733,1.17,2.44
2013.02.27 15:02:11.423,1.55694,1.55723,1.17,1.50
2013.02.27 15:02:11.543,1.5569,1.55723,1.54,1.69
2013.02.27 15:02:12.084,1.55687,1.55716,1.35,1.80
2013.02.27 15:02:13.413,1.55687,1.5572,1.17,1.28
2013.02.27 15:02:13.784,1.55687,1.5572,1.17,1.32
2013.02.27 15:02:14.223,1.55686,1.55718,1.17,1.50
2013.02.27 15:02:14.343,1.55686,1.55719,1.17,1.88
2013.02.27 15:02:14.646,1.5569,1.55722,1.50,1.13
2013.02.27 15:02:14.704,1.5569,1.55722,1.69,1.50
2013.02.27 15:02:15.084,1.55692,1.55728,1.69,1.13
2013.02.27 15:02:15.143,1.55692,1.5573,1.69,1.13
2013.02.27 15:02:16.463,1.55695,1.55739,1.17,1.92
2013.02.27 15:02:16.523,1.55695,1.55739,1.17,1.92
2013.02.27 15:02:16.823,1.55695,1.55734,1.17,1.69
2013.02.27 15:02:17.062,1.55695,1.55733,1.17,1.69
2013.02.27 15:02:17.363,1.55694,1.55733,1.92,1.69
2013.02.27 15:02:19.523,1.55694,1.55733,1.92,1.69
2013.02.27 15:02:19.964,1.55693,1.55728,1.17,1.13
2013.02.27 15:02:20.323,1.557,1.55733,1.92,1.13
2013.02.27 15:02:20.563,1.557,1.55733,1.92,1.13
2013.02.27 15:02:21.153,1.55701,1.55733,1.17,1.13
2013.02.27 15:02:21.334,1.55702,1.55737,1.17,1.17
2013.02.27 15:02:21.393,1.55702,1.55736,1.17,1.17
2013.02.27 15:02:21.943,1.55706,1.55743,1.17,1.50
2013.02.27 15:02:22.003,1.55709,1.55743,1.17,1.13
2013.02.27 15:02:22.123,1.55709,1.55743,1.17,1.13
2013.02.27 15:02:22.743,1.55709,1.55746,1.17,1.17
2013.02.27 15:02:23.133,1.55714,1.55749,1.50,2.44
2013.02.27 15:02:23.673,1.55715,1.55748,1.17,1.43
2013.02.27 15:02:24.457,1.55716,1.55743,1.17,1.05
2013.02.27 15:02:24.634,1.55717,1.55743,1.17,1.20
2013.02.27 15:02:24.815,1.55718,1.55743,1.17,1.05
2013.02.27 15:02:25.115,1.55712,1.55743,1.17,1.88
2013.02.27 15:02:25.352,1.55712,1.55743,1.17,1.88
2013.02.27 15:02:25.564,1.55712,1.55743,1.17,1.88
2013.02.27 15:02:25.735,1.55712,1.55743,1.17,1.88
2013.02.27 15:02:28.524,1.55711,1.5575,1.17,1.17
2013.02.27 15:02:28.704,1.55711,1.55748,1.17,1.17
2013.02.27 15:02:28.764,1.55711,1.55748,1.17,1.17
2013.02.27 15:02:28.886,1.55711,1.5575,1.17,1.17
2013.02.27 15:02:29.163,1.55718,1.5575,1.17,1.13
2013.02.27 15:02:29.713,1.55718,1.55749,1.17,1.13
2013.02.27 15:02:34.337,1.55718,1.55749,1.17,1.13
2013.02.27 15:02:34.574,1.55717,1.55753,1.17,2.10
2013.02.27 15:02:35.793,1.55718,1.55749,1.17,1.13
2013.02.27 15:02:36.104,1.55717,1.55749,1.92,1.13
2013.02.27 15:02:36.224,1.55718,1.55749,1.17,1.13
2013.02.27 15:02:36.876,1.55718,1.55757,1.17,2.29
2013.02.27 15:02:37.185,1.55726,1.5575,1.17,1.13
2013.02.27 15:02:37.314,1.55722,1.55748,1.17,1.13
2013.02.27 15:02:37.495,1.55717,1.55748,1.13,1.88
2013.02.27 15:02:37.556,1.55712,1.55748,1.13,1.88
2013.02.27 15:02:37.883,1.55709,1.55744,1.17,2.10
2013.02.27 15:02:38.185,1.55712,1.55744,1.69,1.35
2013.02.27 15:02:39.673,1.55712,1.55748,1.69,1.17
2013.02.27 15:02:40.737,1.55711,1.55749,1.69,1.69
2013.02.27 15:02:40.984,1.55711,1.55749,1.69,1.69
2013.02.27 15:02:41.304,1.55711,1.55746,1.69,1.17
2013.02.27 15:02:47.803,1.55708,1.55745,1.17,2.10
2013.02.27 15:02:49.464,1.55708,1.55745,1.17,1.35
2013.02.27 15:02:49.584,1.55708,1.55745,1.17,1.13
2013.02.27 15:02:50.095,1.55714,1.55745,1.17,1.13
2013.02.27 15:02:50.434,1.55709,1.55743,1.17,2.25
2013.02.27 15:02:50.554,1.55709,1.55741,1.17,1.50
2013.02.27 15:02:51.146,1.55717,1.55745,1.50,2.10
2013.02.27 15:02:51.504,1.5572,1.55747,1.69,1.50
2013.02.27 15:02:51.624,1.5572,1.5575,1.69,1.50
2013.02.27 15:02:51.684,1.55727,1.55754,1.69,2.48
2013.02.27 15:02:51.803,1.55727,1.55755,1.69,1.50
2013.02.27 15:02:51.863,1.55727,1.55755,1.69,1.50
2013.02.27 15:02:51.923,1.55731,1.55763,1.69,1.35
2013.02.27 15:02:53.203,1.55732,1.55763,1.69,1.50
2013.02.27 15:02:53.323,1.55732,1.55763,1.69,2.25
2013.02.27 15:02:53.914,1.55731,1.55763,1.17,2.25
2013.02.27 15:02:54.353,1.55736,1.55766,1.17,1.28
2013.02.27 15:02:54.473,1.55731,1.55766,1.17,1.28
2013.02.27 15:02:55.023,1.55731,1.55765,1.17,1.50
2013.02.27 15:02:56.064,1.55732,1.55769,1.17,2.25
2013.02.27 15:02:56.304,1.55732,1.5577,1.17,1.43
2013.02.27 15:02:56.423,1.55732,1.55772,1.17,1.58
2013.02.27 15:02:56.793,1.55732,1.55765,1.69,1.50
2013.02.27 15:02:56.985,1.55732,1.55765,1.69,1.50
2013.02.27 15:02:57.883,1.55732,1.55765,1.69,1.50
2013.02.27 15:02:58.833,1.55733,1.55771,1.17,1.13
2013.02.27 15:02:59.364,1.55732,1.55772,1.92,1.50
2013.02.27 15:02:59.573,1.55732,1.55769,1.92,1.50
2013.02.27 15:03:00.066,1.55733,1.55769,1.17,3.00
2013.02.27 15:03:00.245,1.55733,1.55769,1.17,1.69
2013.02.27 15:03:01.153,1.55733,1.55768,1.17,2.44
2013.02.27 15:03:01.275,1.55733,1.55768,1.17,2.44
2013.02.27 15:03:01.604,1.55731,1.55766,1.17,1.50
2013.02.27 15:03:02.163,1.55731,1.55764,1.17,3.00
2013.02.27 15:03:02.683,1.55729,1.55762,1.69,1.35
2013.02.27 15:03:03.205,1.5573,1.55764,1.17,2.29
2013.02.27 15:03:03.805,1.5573,1.55764,1.17,2.48
2013.02.27 15:03:06.195,1.55732,1.55763,1.17,1.50
2013.02.27 15:03:07.314,1.55731,1.55765,1.17,1.58
2013.02.27 15:03:07.817,1.55731,1.55765,1.17,1.50
2013.02.27 15:03:08.143,1.5574,1.55776,1.50,1.35
2013.02.27 15:03:08.384,1.55743,1.5577,1.17,1.13
2013.02.27 15:03:08.444,1.55738,1.5577,1.17,1.13
2013.02.27 15:03:08.504,1.55742,1.5577,1.17,1.13
2013.02.27 15:03:08.563,1.55738,1.5577,1.92,1.13
2013.02.27 15:03:08.623,1.55738,1.5577,1.92,1.13
2013.02.27 15:03:08.863,1.55734,1.55772,1.92,1.73
2013.02.27 15:03:09.423,1.55739,1.55772,1.17,2.25
2013.02.27 15:03:09.644,1.55739,1.55771,1.17,1.50
2013.02.27 15:03:11.163,1.55738,1.55771,1.69,1.73
2013.02.27 15:03:11.403,1.55738,1.55771,1.69,1.73
2013.02.27 15:03:12.595,1.55741,1.55774,1.50,1.17
2013.02.27 15:03:13.504,1.55739,1.55775,1.54,1.17
2013.02.27 15:03:14.013,1.55741,1.55774,1.17,3.57
2013.02.27 15:03:14.094,1.55741,1.55774,1.17,3.57
2013.02.27 15:03:14.396,1.55741,1.5577,1.17,1.50
2013.02.27 15:03:14.644,1.55741,1.55769,1.17,1.50
2013.02.27 15:03:16.404,1.55736,1.5577,1.17,1.69
2013.02.27 15:03:16.933,1.55731,1.55765,1.69,1.73
2013.02.27 15:03:17.274,1.55735,1.55766,1.50,2.48
2013.02.27 15:03:17.656,1.5574,1.55775,1.92,1.50
2013.02.27 15:03:17.715,1.5574,1.55775,1.92,1.50
2013.02.27 15:03:17.774,1.55745,1.55775,1.69,1.50
2013.02.27 15:03:18.634,1.55747,1.55776,1.17,2.25
2013.02.27 15:03:18.763,1.55741,1.55776,1.17,2.25
2013.02.27 15:03:18.884,1.55747,1.55776,1.17,1.50
2013.02.27 15:03:19.330,1.5575,1.55784,1.17,1.13
2013.02.27 15:03:19.394,1.5575,1.55784,1.17,1.13
2013.02.27 15:03:19.574,1.55744,1.55781,1.69,1.50
2013.02.27 15:03:19.874,1.55743,1.55781,1.17,2.25
2013.02.27 15:03:20.859,1.55744,1.5578,1.17,3.23
2013.02.27 15:03:21.163,1.55743,1.55777,1.17,1.88
2013.02.27 15:03:21.414,1.55743,1.55776,1.17,1.50
2013.02.27 15:03:21.474,1.55743,1.55774,1.17,2.25
2013.02.27 15:03:21.594,1.55739,1.55773,1.69,1.73
2013.02.27 15:03:21.954,1.55742,1.55776,1.17,2.25
2013.02.27 15:03:22.494,1.55747,1.55776,1.17,1.50
2013.02.27 15:03:23.173,1.55749,1.55778,1.17,2.33
2013.02.27 15:03:23.234,1.55747,1.55778,1.73,2.07
2013.02.27 15:03:23.784,1.55746,1.55783,1.73,1.69
2013.02.27 15:03:24.506,1.55752,1.55783,1.17,1.50
2013.02.27 15:03:24.904,1.55752,1.55786,1.17,2.25
2013.02.27 15:03:25.443,1.55743,1.55782,1.17,1.69
2013.02.27 15:03:25.683,1.55742,1.55777,1.17,1.73
2013.02.27 15:03:26.404,1.5574,1.55774,1.17,1.50
2013.02.27 15:03:26.717,1.55734,1.55774,1.69,3.42
2013.02.27 15:03:26.874,1.55734,1.55774,1.69,3.42
2013.02.27 15:03:27.416,1.55734,1.55773,1.69,1.73
2013.02.27 15:03:27.563,1.55734,1.55773,1.69,1.73
2013.02.27 15:03:27.915,1.55734,1.55773,1.69,1.73
2013.02.27 15:03:27.975,1.55734,1.55773,1.69,1.73
2013.02.27 15:03:28.153,1.55734,1.55771,1.69,1.73
2013.02.27 15:03:28.906,1.55734,1.5577,1.69,1.50
2013.02.27 15:03:29.426,1.5574,1.5577,1.50,1.50
2013.02.27 15:03:29.834,1.55733,1.55774,1.17,1.69
2013.02.27 15:03:29.956,1.55733,1.55771,1.69,1.17
2013.02.27 15:03:31.223,1.55735,1.55769,1.69,1.69
2013.02.27 15:03:31.655,1.55738,1.55773,1.17,1.88
2013.02.27 15:03:32.327,1.55745,1.55776,1.73,1.69
2013.02.27 15:03:32.703,1.55741,1.55776,1.73,1.69
2013.02.27 15:03:32.765,1.55745,1.55776,1.50,1.69
2013.02.27 15:03:33.433,1.5574,1.55773,1.17,1.88
2013.02.27 15:03:33.673,1.55741,1.55777,1.17,1.13
2013.02.27 15:03:34.207,1.55743,1.55776,1.69,1.13
2013.02.27 15:03:34.324,1.55743,1.55774,1.69,1.13
2013.02.27 15:03:34.384,1.55743,1.55776,1.69,1.13
2013.02.27 15:03:34.445,1.55744,1.55778,1.92,3.57
2013.02.27 15:03:35.097,1.55745,1.5578,1.92,1.69
2013.02.27 15:03:36.670,1.55745,1.5578,2.67,1.69
2013.02.27 15:03:36.984,1.55747,1.55781,1.73,1.69
2013.02.27 15:03:37.164,1.55747,1.55779,1.73,1.13
2013.02.27 15:03:37.595,1.55747,1.55778,1.17,1.13
2013.02.27 15:03:37.914,1.55748,1.55777,1.50,2.25
2013.02.27 15:03:38.034,1.55745,1.55775,1.92,1.13
2013.02.27 15:03:38.214,1.55745,1.55774,1.17,1.13
2013.02.27 15:03:38.322,1.55745,1.55778,1.17,1.88
2013.02.27 15:03:38.623,1.55749,1.55778,1.17,1.13
2013.02.27 15:03:39.804,1.55754,1.55793,1.17,1.73
2013.02.27 15:03:39.864,1.55754,1.55785,1.17,1.50
2013.02.27 15:03:40.064,1.55756,1.55785,1.50,1.50
2013.02.27 15:03:40.244,1.55755,1.55784,1.17,1.50
2013.02.27 15:03:40.564,1.55756,1.55789,1.17,3.00
2013.02.27 15:03:40.873,1.55763,1.55794,1.17,1.88
2013.02.27 15:03:41.963,1.55761,1.55793,1.17,1.35
2013.02.27 15:03:42.264,1.55761,1.55793,1.17,2.10
2013.02.27 15:03:42.396,1.55764,1.55792,1.17,1.13
2013.02.27 15:03:42.634,1.55758,1.55791,1.92,1.50
2013.02.27 15:03:42.694,1.55758,1.55793,1.92,1.73
2013.02.27 15:03:43.113,1.55763,1.558,1.17,1.92
2013.02.27 15:03:43.478,1.55761,1.55792,1.69,1.50
2013.02.27 15:03:43.844,1.55761,1.55795,1.92,1.24
2013.02.27 15:03:43.964,1.5576,1.55795,1.17,1.73
2013.02.27 15:03:44.144,1.55762,1.55795,1.73,1.92
2013.02.27 15:03:44.647,1.5576,1.55795,1.50,1.69
2013.02.27 15:03:45.673,1.55759,1.55794,1.50,2.25
2013.02.27 15:03:45.913,1.5576,1.55791,1.50,1.13
2013.02.27 15:03:46.428,1.55759,1.55789,1.50,1.50
2013.02.27 15:03:46.734,1.55752,1.55783,1.50,1.69
2013.02.27 15:03:48.283,1.5575,1.55783,1.50,1.69
2013.02.27 15:03:48.851,1.55751,1.55783,2.25,1.69
2013.02.27 15:03:49.206,1.55751,1.55779,2.25,1.50
2013.02.27 15:03:50.329,1.55747,1.55778,1.73,1.69
2013.02.27 15:03:50.926,1.55741,1.55779,1.17,1.69
2013.02.27 15:03:50.999,1.5574,1.55774,1.69,1.13
2013.02.27 15:03:51.328,1.55743,1.55774,1.50,1.13
2013.02.27 15:03:53.856,1.55742,1.55775,2.25,1.92
2013.02.27 15:03:54.343,1.55736,1.5577,1.73,1.73
2013.02.27 15:03:55.984,1.55737,1.55773,1.73,1.17
2013.02.27 15:03:56.164,1.5574,1.55773,1.73,1.69
2013.02.27 15:03:59.354,1.55738,1.55777,1.35,2.48
2013.02.27 15:03:59.483,1.55747,1.55776,1.73,1.50
2013.02.27 15:03:59.793,1.55747,1.55776,1.73,2.25
2013.02.27 15:04:00.934,1.55748,1.5578,1.50,1.13
2013.02.27 15:04:02.604,1.55747,1.55785,1.92,1.13
2013.02.27 15:04:03.315,1.55755,1.55786,1.73,1.13
2013.02.27 15:04:03.390,1.55755,1.55786,1.73,1.13
2013.02.27 15:04:03.513,1.55755,1.55786,1.73,1.88
2013.02.27 15:04:05.514,1.5576,1.5579,1.50,1.13
2013.02.27 15:04:07.883,1.55757,1.5579,1.73,1.88
2013.02.27 15:04:08.423,1.55757,1.55789,1.73,1.35
2013.02.27 15:04:08.844,1.55758,1.5579,1.73,2.10
2013.02.27 15:04:09.096,1.55755,1.55785,2.25,1.73
2013.02.27 15:04:09.453,1.55749,1.55777,1.35,1.50
2013.02.27 15:04:09.633,1.55743,1.55777,1.50,3.23
2013.02.27 15:04:09.754,1.5574,1.55772,1.13,1.50
2013.02.27 15:04:10.354,1.55738,1.5577,1.50,1.50
2013.02.27 15:04:10.414,1.55733,1.5577,1.35,1.73
2013.02.27 15:04:10.535,1.55733,1.5577,1.35,1.50
2013.02.27 15:04:10.655,1.55734,1.55767,1.35,2.25
2013.02.27 15:04:11.253,1.55734,1.55768,1.35,1.50
2013.02.27 15:04:11.375,1.55737,1.55774,1.50,2.48
2013.02.27 15:04:11.493,1.55745,1.55774,2.25,1.73
2013.02.27 15:04:11.553,1.55745,1.55775,1.50,1.13
2013.02.27 15:04:11.924,1.55745,1.55784,1.50,2.85
2013.02.27 15:04:11.983,1.55745,1.55784,1.73,2.25
2013.02.27 15:04:12.103,1.55745,1.55784,1.73,3.00
2013.02.27 15:04:12.766,1.55745,1.55784,3.98,1.50
2013.02.27 15:04:13.003,1.55745,1.55777,1.50,1.50
2013.02.27 15:04:13.305,1.55744,1.55772,1.50,1.50
2013.02.27 15:04:13.483,1.55736,1.5576,1.13,1.50
2013.02.27 15:04:13.663,1.5573,1.5576,2.10,1.50
2013.02.27 15:04:15.286,1.5573,1.5576,1.13,1.50
2013.02.27 15:04:20.202,1.5573,1.5576,1.88,1.50
2013.02.27 15:04:21.190,1.5573,1.55764,1.88,1.50
2013.02.27 15:04:21.313,1.55732,1.55761,1.50,1.50
2013.02.27 15:04:21.773,1.55732,1.55763,2.48,1.50
2013.02.27 15:04:22.674,1.55732,1.5576,2.48,1.50
2013.02.27 15:04:23.115,1.55732,1.55763,2.48,1.50
2013.02.27 15:04:23.924,1.55736,1.55772,1.73,1.13
2013.02.27 15:04:23.984,1.55736,1.55773,1.73,1.50
2013.02.27 15:04:24.234,1.55741,1.55773,1.17,1.13
2013.02.27 15:04:24.473,1.55738,1.55773,1.54,1.50
2013.02.27 15:04:25.025,1.55738,1.55773,1.54,1.50
2013.02.27 15:04:25.493,1.55739,1.55777,1.73,1.13
2013.02.27 15:04:26.594,1.55736,1.55775,2.48,1.13
2013.02.27 15:04:26.903,1.55737,1.55769,1.73,1.50
2013.02.27 15:04:29.343,1.55736,1.55769,2.48,1.50
2013.02.27 15:04:29.915,1.55736,1.55769,2.48,1.50
2013.02.27 15:04:30.154,1.5574,1.55769,1.73,1.50
2013.02.27 15:04:30.844,1.5574,1.55769,1.73,1.50
2013.02.27 15:04:30.904,1.55739,1.55769,1.35,1.50
2013.02.27 15:04:31.452,1.55737,1.55769,1.73,1.50
2013.02.27 15:04:32.127,1.55733,1.5576,1.35,2.85
2013.02.27 15:04:32.184,1.55732,1.55754,1.19,1.50
2013.02.27 15:04:32.243,1.55731,1.55754,1.35,1.50
2013.02.27 15:04:32.812,1.5573,1.55754,1.73,1.50
2013.02.27 15:04:33.984,1.55724,1.55754,2.75,1.50
2013.02.27 15:04:34.233,1.55724,1.55754,1.25,1.50
2013.02.27 15:04:34.955,1.55724,1.55753,1.25,1.50
2013.02.27 15:04:35.013,1.55722,1.55753,1.17,1.50
2013.02.27 15:04:35.105,1.55722,1.55747,1.17,1.50
2013.02.27 15:04:35.345,1.55716,1.55743,1.73,1.50
2013.02.27 15:04:35.463,1.55713,1.55749,2.10,3.60
2013.02.27 15:04:36.784,1.55713,1.55749,1.35,1.50
2013.02.27 15:04:37.214,1.55714,1.55744,1.35,1.50
2013.02.27 15:04:37.590,1.5571,1.55743,1.17,1.50
2013.02.27 15:04:38.515,1.5571,1.55744,1.17,1.50
2013.02.27 15:04:39.094,1.55711,1.55744,1.73,1.50
2013.02.27 15:04:39.633,1.55711,1.55743,1.73,1.50
2013.02.27 15:04:39.693,1.55711,1.5574,1.92,1.50
2013.02.27 15:04:40.383,1.55706,1.55739,1.17,1.50
2013.02.27 15:04:40.444,1.55706,1.55739,1.17,1.50
2013.02.27 15:04:41.254,1.55707,1.55738,1.17,1.50
2013.02.27 15:04:41.793,1.55707,1.55743,1.73,1.17
2013.02.27 15:04:48.207,1.55711,1.55746,1.73,1.17
2013.02.27 15:04:48.763,1.55711,1.55748,1.92,1.69
2013.02.27 15:04:49.894,1.55717,1.5575,1.54,1.13
2013.02.27 15:04:50.495,1.55721,1.55754,1.17,1.13
2013.02.27 15:04:50.554,1.55721,1.55756,1.17,2.25
2013.02.27 15:04:51.426,1.55723,1.5576,1.73,1.13
2013.02.27 15:04:51.497,1.55727,1.55764,1.73,2.63
2013.02.27 15:04:54.884,1.55727,1.55764,1.73,2.82
2013.02.27 15:05:00.183,1.55721,1.55754,1.17,1.50
2013.02.27 15:05:00.723,1.55719,1.5575,1.17,3.00
2013.02.27 15:05:01.200,1.55711,1.5575,1.73,3.00
2013.02.27 15:05:01.329,1.55711,1.5575,1.73,3.00
2013.02.27 15:05:01.456,1.55709,1.55744,1.27,2.25
2013.02.27 15:05:01.975,1.55708,1.55742,3.23,1.50
2013.02.27 15:05:02.525,1.55707,1.55738,1.17,2.25
2013.02.27 15:05:05.641,1.55707,1.55738,1.17,1.88
2013.02.27 15:05:05.903,1.55702,1.55736,2.10,1.50
2013.02.27 15:05:06.254,1.55701,1.55735,2.10,1.50
2013.02.27 15:05:06.513,1.55703,1.55735,1.35,1.50
2013.02.27 15:05:07.539,1.55703,1.55735,1.35,1.50
2013.02.27 15:05:08.783,1.55703,1.55735,1.35,1.50
2013.02.27 15:05:09.333,1.55703,1.55735,1.35,1.50
2013.02.27 15:05:09.884,1.55703,1.55735,1.35,1.50
2013.02.27 15:05:12.254,1.55699,1.55736,1.73,1.50
2013.02.27 15:05:12.794,1.55699,1.55736,1.73,1.50
2013.02.27 15:05:13.653,1.55701,1.55736,1.73,1.50
2013.02.27 15:05:14.013,1.55702,1.55733,1.43,1.50
2013.02.27 15:05:14.136,1.55698,1.55733,1.73,2.25
2013.02.27 15:05:18.183,1.55692,1.5573,2.10,1.50
2013.02.27 15:05:18.243,1.55692,1.5573,2.10,2.48
2013.02.27 15:05:18.604,1.55693,1.55729,1.13,1.73
2013.02.27 15:05:18.664,1.55693,1.55729,1.13,1.73
2013.02.27 15:05:19.807,1.55693,1.55729,1.35,1.73
2013.02.27 15:05:20.532,1.55693,1.55728,1.35,2.07
2013.02.27 15:05:20.975,1.55692,1.55728,1.35,1.84
2013.02.27 15:05:21.455,1.55693,1.55728,1.35,2.07
2013.02.27 15:05:24.246,1.55694,1.55729,1.73,1.13
2013.02.27 15:05:24.603,1.55693,1.55729,2.67,1.47
2013.02.27 15:05:24.904,1.55688,1.55724,1.73,1.50
2013.02.27 15:05:24.963,1.55683,1.55717,2.48,1.92
2013.02.27 15:05:25.143,1.55685,1.55718,1.28,1.73
2013.02.27 15:05:25.263,1.55683,1.55718,1.73,1.50
2013.02.27 15:05:25.884,1.55684,1.55723,2.09,1.13
2013.02.27 15:05:26.123,1.55687,1.55726,1.73,4.80
2013.02.27 15:05:27.668,1.55686,1.55725,2.48,3.08
2013.02.27 15:05:28.653,1.55686,1.55726,1.73,5.25
2013.02.27 15:05:31.155,1.55689,1.55723,1.73,1.50
2013.02.27 15:05:31.663,1.55695,1.55724,1.17,1.50
2013.02.27 15:05:31.965,1.55695,1.55724,1.17,1.50
2013.02.27 15:05:32.514,1.55691,1.55724,1.73,1.73
2013.02.27 15:05:32.765,1.5569,1.55726,1.73,1.35
2013.02.27 15:05:32.884,1.5569,1.5572,2.85,1.09
2013.02.27 15:05:33.483,1.55686,1.55718,1.35,1.50
2013.02.27 15:05:34.445,1.55682,1.55719,1.73,2.25
2013.02.27 15:05:34.864,1.55682,1.55719,1.73,1.50
2013.02.27 15:05:35.053,1.55697,1.55722,1.73,1.50
2013.02.27 15:05:35.114,1.5569,1.55722,1.17,1.50
2013.02.27 15:05:35.234,1.55695,1.55726,2.33,1.13
2013.02.27 15:05:35.415,1.55701,1.55727,1.69,1.13
2013.02.27 15:05:35.474,1.55698,1.55726,1.69,1.50
2013.02.27 15:05:35.534,1.55697,1.55726,1.69,2.63
2013.02.27 15:05:35.655,1.55695,1.55726,1.50,1.88
2013.02.27 15:05:35.834,1.55695,1.55726,1.50,1.13
2013.02.27 15:05:36.949,1.55695,1.55726,1.50,1.88
2013.02.27 15:05:38.276,1.55695,1.55726,1.50,1.13
2013.02.27 15:05:38.554,1.55695,1.55727,1.50,4.13
2013.02.27 15:05:38.707,1.55695,1.55727,1.50,3.38
2013.02.27 15:05:39.014,1.55695,1.55727,1.50,4.13
2013.02.27 15:05:39.264,1.55695,1.55727,1.50,3.38
2013.02.27 15:05:39.415,1.55697,1.55727,1.50,4.13
2013.02.27 15:05:39.773,1.55697,1.55724,1.50,1.73
2013.02.27 15:05:39.834,1.55697,1.55719,1.50,1.50
2013.02.27 15:05:39.955,1.55691,1.55719,1.50,1.50
2013.02.27 15:05:40.256,1.55693,1.55719,1.50,1.50
2013.02.27 15:05:45.015,1.55692,1.55721,1.50,1.50
2013.02.27 15:05:45.364,1.55692,1.5572,1.50,1.50
2013.02.27 15:05:45.543,1.55696,1.55721,1.50,1.50
2013.02.27 15:05:46.013,1.55694,1.55721,1.50,1.50
2013.02.27 15:05:48.313,1.55696,1.5572,1.50,1.50
2013.02.27 15:05:48.913,1.55694,1.5572,1.50,1.50
2013.02.27 15:05:49.703,1.5569,1.5572,1.50,1.73
2013.02.27 15:05:49.943,1.55689,1.55721,1.50,1.13
2013.02.27 15:05:50.124,1.55691,1.55723,1.50,1.17
2013.02.27 15:05:50.484,1.55692,1.55722,1.50,1.88
2013.02.27 15:05:50.603,1.55693,1.55722,1.50,1.13
2013.02.27 15:05:51.159,1.55694,1.55724,1.50,1.13
2013.02.27 15:05:52.574,1.55694,1.55724,1.50,1.50
2013.02.27 15:05:53.101,1.55694,1.55723,1.50,1.50
2013.02.27 15:05:53.787,1.55694,1.55725,1.50,1.73
2013.02.27 15:05:54.065,1.55694,1.55724,1.50,1.50
2013.02.27 15:05:56.105,1.55694,1.5572,1.50,1.50
2013.02.27 15:05:56.676,1.55695,1.55719,1.50,1.50
2013.02.27 15:05:57.233,1.55695,1.55719,1.50,1.50
2013.02.27 15:05:57.414,1.55696,1.55719,1.50,1.50
2013.02.27 15:05:57.715,1.55698,1.55724,1.50,1.50
2013.02.27 15:06:00.855,1.55701,1.55728,1.50,1.50
2013.02.27 15:06:00.979,1.55701,1.55728,1.73,1.13
2013.02.27 15:06:01.117,1.55701,1.55727,1.73,1.13
2013.02.27 15:06:01.474,1.55708,1.55733,1.50,1.50
2013.02.27 15:06:03.505,1.55706,1.55729,1.50,1.50
2013.02.27 15:06:03.934,1.55708,1.55732,1.50,1.50
2013.02.27 15:06:04.304,1.55708,1.55732,1.50,1.50
2013.02.27 15:06:04.644,1.55708,1.55732,1.50,1.50
2013.02.27 15:06:05.823,1.55708,1.55732,1.50,1.50
2013.02.27 15:06:06.579,1.55708,1.55732,1.50,1.50
2013.02.27 15:06:07.914,1.55706,1.5573,1.50,1.50
2013.02.27 15:06:08.034,1.55708,1.55732,1.50,2.25
2013.02.27 15:06:08.375,1.55708,1.55729,1.50,2.25
2013.02.27 15:06:08.764,1.55708,1.55732,1.50,2.25
2013.02.27 15:06:14.395,1.55708,1.55732,1.50,1.50
2013.02.27 15:06:15.401,1.55708,1.55732,1.50,1.50
2013.02.27 15:06:15.464,1.55702,1.55728,1.50,1.50
2013.02.27 15:06:16.124,1.55702,1.55728,1.50,1.50
2013.02.27 15:06:16.855,1.55702,1.55729,1.50,1.50
2013.02.27 15:06:17.033,1.55708,1.55729,1.50,1.50
2013.02.27 15:06:17.266,1.55706,1.55729,1.50,2.25
2013.02.27 15:06:17.904,1.55708,1.55729,1.50,1.50
2013.02.27 15:06:20.134,1.55707,1.55729,1.50,2.25
2013.02.27 15:06:20.463,1.55701,1.55727,1.50,2.25
2013.02.27 15:06:21.340,1.55696,1.55726,1.73,3.00
2013.02.27 15:06:21.694,1.55708,1.5573,1.50,2.25
2013.02.27 15:06:22.173,1.55706,1.55729,1.50,1.50
2013.02.27 15:06:22.294,1.55701,1.55729,1.50,2.25
2013.02.27 15:06:22.744,1.55702,1.55728,1.50,2.25
2013.02.27 15:06:22.804,1.55702,1.55728,1.50,1.50
2013.02.27 15:06:23.235,1.55702,1.55728,1.50,2.25
2013.02.27 15:06:23.603,1.55701,1.55728,1.50,2.25
2013.02.27 15:06:24.125,1.55702,1.55725,1.50,1.50
2013.02.27 15:06:24.863,1.55702,1.55729,1.50,2.25
2013.02.27 15:06:25.406,1.55708,1.55728,1.50,1.50
2013.02.27 15:06:25.810,1.55707,1.5573,1.50,1.50
2013.02.27 15:06:25.934,1.55707,1.55733,1.50,1.50
2013.02.27 15:06:25.994,1.55707,1.5573,1.50,1.50
2013.02.27 15:06:26.265,1.55707,1.55733,1.50,2.25
2013.02.27 15:06:26.435,1.55707,1.5573,1.50,1.50
2013.02.27 15:06:27.025,1.55707,1.55733,1.50,1.50
2013.02.27 15:06:27.086,1.55706,1.55729,1.50,1.50
2013.02.27 15:06:27.244,1.55702,1.55729,1.50,1.50
2013.02.27 15:06:27.604,1.55702,1.55732,1.50,1.73
2013.02.27 15:06:28.464,1.55702,1.55727,1.50,1.50
2013.02.27 15:06:28.634,1.55702,1.55727,1.50,1.50
2013.02.27 15:06:28.885,1.55707,1.55728,1.50,1.50
2013.02.27 15:06:29.204,1.55701,1.55728,1.50,1.50
2013.02.27 15:06:30.367,1.55693,1.55718,1.50,1.50
2013.02.27 15:06:30.434,1.55688,1.55715,1.50,1.50
2013.02.27 15:06:30.613,1.55686,1.55713,1.50,1.50
2013.02.27 15:06:31.165,1.55686,1.55712,1.50,1.50
2013.02.27 15:06:31.474,1.55687,1.55713,1.50,1.50
2013.02.27 15:06:32.153,1.55687,1.55713,1.50,1.50
2013.02.27 15:06:32.595,1.55687,1.55718,1.50,1.73
2013.02.27 15:06:32.713,1.55687,1.55718,1.50,1.50
2013.02.27 15:06:33.583,1.55692,1.55717,1.50,1.50
2013.02.27 15:06:34.184,1.55692,1.55717,1.50,2.25
2013.02.27 15:06:34.674,1.55692,1.55717,1.50,1.50
2013.02.27 15:06:35.213,1.55691,1.55719,1.50,1.50
2013.02.27 15:06:35.894,1.55691,1.55717,1.50,1.50
2013.02.27 15:06:36.059,1.55691,1.55718,1.50,1.50
2013.02.27 15:06:36.375,1.55691,1.55721,1.50,1.73
2013.02.27 15:06:36.435,1.55691,1.55719,1.50,1.50
2013.02.27 15:06:36.555,1.55691,1.55716,1.50,1.50
2013.02.27 15:06:36.936,1.55691,1.55719,1.50,1.50
2013.02.27 15:06:37.204,1.55691,1.55717,1.50,1.50
2013.02.27 15:06:37.644,1.55691,1.55718,1.50,2.25
2013.02.27 15:06:38.856,1.55691,1.55718,1.50,1.50
2013.02.27 15:06:38.915,1.55691,1.55718,1.50,2.25
2013.02.27 15:06:39.225,1.55691,1.55718,1.50,2.25
2013.02.27 15:06:39.406,1.55685,1.5571,1.50,1.50
2013.02.27 15:06:39.525,1.55685,1.55712,1.50,1.50
2013.02.27 15:06:39.705,1.55681,1.55709,1.50,1.32
2013.02.27 15:06:39.824,1.55681,1.55709,1.50,1.32
2013.02.27 15:06:40.003,1.55685,1.55711,1.50,1.50
2013.02.27 15:06:40.243,1.55681,1.55704,1.50,1.50
2013.02.27 15:06:41.270,1.55681,1.55708,1.50,1.73
2013.02.27 15:06:41.662,1.55681,1.55704,1.50,1.50
2013.02.27 15:06:42.174,1.55677,1.55703,1.50,1.50
2013.02.27 15:06:42.235,1.55677,1.55702,1.50,1.50
2013.02.27 15:06:42.614,1.55676,1.55704,1.50,1.50
2013.02.27 15:06:47.153,1.55681,1.55704,1.50,1.50
2013.02.27 15:06:47.855,1.55681,1.55704,1.50,1.50
2013.02.27 15:06:48.403,1.55681,1.55704,1.50,1.50
2013.02.27 15:06:50.657,1.55681,1.55704,1.50,1.50
2013.02.27 15:06:51.215,1.55681,1.55707,1.50,1.50
2013.02.27 15:06:51.774,1.55681,1.55707,1.50,1.50
2013.02.27 15:06:52.082,1.55684,1.55708,1.50,1.50
2013.02.27 15:06:53.333,1.55684,1.55709,1.50,1.50
2013.02.27 15:06:53.636,1.55677,1.55707,1.50,1.50
2013.02.27 15:06:54.268,1.55683,1.55709,1.50,1.50
2013.02.27 15:06:54.334,1.55682,1.55707,1.50,1.50
2013.02.27 15:06:54.707,1.55682,1.55708,1.50,1.50
2013.02.27 15:06:56.463,1.55687,1.55708,1.50,1.50
2013.02.27 15:06:56.985,1.55687,1.55708,1.50,1.50
2013.02.27 15:06:57.523,1.55682,1.55708,1.50,1.50
2013.02.27 15:06:57.888,1.55682,1.55714,1.50,1.73
2013.02.27 15:06:57.954,1.55686,1.55714,1.50,1.50
2013.02.27 15:06:58.134,1.55692,1.55715,1.50,1.50
2013.02.27 15:06:58.253,1.55692,1.55718,1.50,3.00
2013.02.27 15:06:58.374,1.55691,1.55718,1.50,4.50
2013.02.27 15:06:58.554,1.55691,1.55718,1.50,3.75
2013.02.27 15:06:58.674,1.55687,1.55716,1.50,1.50
2013.02.27 15:06:58.734,1.55687,1.55716,1.50,1.50
2013.02.27 15:06:58.995,1.55687,1.55716,1.50,1.73
2013.02.27 15:06:59.116,1.55687,1.5572,1.50,1.73
2013.02.27 15:06:59.174,1.55697,1.55721,1.50,2.10
2013.02.27 15:06:59.414,1.55697,1.55728,1.50,1.73
2013.02.27 15:06:59.474,1.55707,1.55728,1.50,1.50
2013.02.27 15:06:59.594,1.55707,1.55733,1.50,1.73
2013.02.27 15:06:59.716,1.55707,1.55736,1.50,1.73
2013.02.27 15:06:59.834,1.55707,1.55736,1.50,1.50
2013.02.27 15:07:01.105,1.55707,1.55738,1.50,1.50
2013.02.27 15:07:01.536,1.55715,1.55742,1.50,1.35
2013.02.27 15:07:03.143,1.55716,1.55743,1.50,1.73
2013.02.27 15:07:03.673,1.55716,1.55745,1.50,2.48
2013.02.27 15:07:05.383,1.55715,1.55742,1.50,1.73
2013.02.27 15:07:06.214,1.55711,1.55741,1.50,1.73
2013.02.27 15:07:06.694,1.55714,1.5574,1.50,1.73
2013.02.27 15:07:09.014,1.55716,1.55742,1.50,1.88
2013.02.27 15:07:09.554,1.55716,1.55741,1.50,1.50
2013.02.27 15:07:11.438,1.55706,1.55733,2.18,1.50
2013.02.27 15:07:11.505,1.55704,1.55733,1.13,1.50
2013.02.27 15:07:12.041,1.55702,1.55732,1.50,1.17
2013.02.27 15:07:13.493,1.55702,1.55727,1.50,1.50
2013.02.27 15:07:13.614,1.55694,1.5573,1.65,1.50
2013.02.27 15:07:13.734,1.5569,1.55724,1.35,1.50
2013.02.27 15:07:13.796,1.5569,1.55724,1.13,1.50
2013.02.27 15:07:13.983,1.5569,1.55724,1.13,1.73
2013.02.27 15:07:18.475,1.55691,1.55724,1.50,1.73
2013.02.27 15:07:19.593,1.55694,1.55724,1.50,1.73
2013.02.27 15:07:19.724,1.55693,1.55726,1.50,1.73
2013.02.27 15:07:20.874,1.55693,1.55726,1.50,1.73
2013.02.27 15:07:20.994,1.55701,1.55728,1.50,2.48
2013.02.27 15:07:21.294,1.55691,1.55722,1.50,1.50
2013.02.27 15:07:21.496,1.55691,1.55722,1.50,1.73
2013.02.27 15:07:21.701,1.55691,1.55723,1.50,1.73
2013.02.27 15:07:21.884,1.55693,1.55724,1.50,1.73
2013.02.27 15:07:22.864,1.55693,1.55728,3.00,1.73
2013.02.27 15:07:23.044,1.55704,1.55728,1.50,1.50
2013.02.27 15:07:23.603,1.55705,1.55728,1.50,3.00
2013.02.27 15:07:24.115,1.557,1.55728,1.50,3.00
2013.02.27 15:07:24.674,1.557,1.55728,1.50,3.23
2013.02.27 15:07:25.096,1.557,1.55728,1.50,2.48
2013.02.27 15:07:25.506,1.557,1.55728,1.50,2.48
2013.02.27 15:07:25.565,1.55694,1.55728,1.50,3.23
2013.02.27 15:07:25.645,1.55694,1.55728,1.50,3.23
2013.02.27 15:07:25.704,1.55694,1.55728,1.50,3.00
2013.02.27 15:07:30.112,1.55704,1.55728,1.50,1.50
2013.02.27 15:07:30.695,1.55704,1.55728,1.50,1.50
2013.02.27 15:07:30.933,1.55705,1.55728,1.50,2.25
2013.02.27 15:07:31.246,1.55681,1.55706,1.88,1.50
2013.02.27 15:07:31.305,1.55676,1.55706,1.13,3.00
2013.02.27 15:07:31.483,1.55675,1.55703,1.50,1.73
2013.02.27 15:07:32.030,1.55675,1.55703,1.50,1.73
2013.02.27 15:07:32.435,1.55675,1.55703,1.50,1.73
2013.02.27 15:07:32.575,1.55676,1.55704,1.50,1.73
2013.02.27 15:07:32.635,1.55675,1.55703,1.50,1.73
2013.02.27 15:07:33.375,1.55674,1.55706,1.50,3.04
2013.02.27 15:07:33.434,1.55674,1.55706,1.50,2.82
2013.02.27 15:07:33.873,1.55678,1.55708,1.50,2.07
2013.02.27 15:07:33.993,1.55676,1.55707,1.50,1.73
2013.02.27 15:07:34.183,1.55678,1.55707,1.50,1.73
2013.02.27 15:07:34.243,1.55681,1.55707,1.50,1.73
2013.02.27 15:07:35.584,1.55677,1.55708,1.50,1.73
2013.02.27 15:07:35.763,1.55674,1.557,1.50,1.17
2013.02.27 15:07:36.903,1.55672,1.55696,1.50,1.32
2013.02.27 15:07:36.965,1.5567,1.55696,1.13,1.32
2013.02.27 15:07:39.144,1.55675,1.55699,1.50,1.32
2013.02.27 15:07:39.263,1.55675,1.55703,1.50,2.25
2013.02.27 15:07:39.684,1.55676,1.55704,1.50,1.75
2013.02.27 15:07:39.744,1.55676,1.55704,1.50,1.50
2013.02.27 15:07:39.864,1.55676,1.55709,1.50,1.92
2013.02.27 15:07:39.923,1.55676,1.55709,1.50,1.92
2013.02.27 15:07:39.984,1.55676,1.55707,2.25,1.35
2013.02.27 15:07:40.459,1.55681,1.55707,1.50,2.10
2013.02.27 15:07:41.484,1.55677,1.55706,1.50,3.60
2013.02.27 15:07:44.424,1.55674,1.55707,1.50,6.98
2013.02.27 15:07:47.775,1.55674,1.55708,1.50,2.48
2013.02.27 15:07:48.319,1.55674,1.55707,1.50,1.73
2013.02.27 15:07:52.394,1.55681,1.55708,1.50,1.73
2013.02.27 15:07:52.709,1.55691,1.55719,2.25,1.21
2013.02.27 15:07:52.834,1.55691,1.55722,2.25,1.73
2013.02.27 15:07:52.897,1.55691,1.55726,2.25,1.35
2013.02.27 15:07:53.073,1.55696,1.55722,1.50,2.48
2013.02.27 15:07:53.415,1.55696,1.55721,1.50,1.50
2013.02.27 15:07:53.887,1.5569,1.55723,1.50,1.73
2013.02.27 15:07:56.134,1.55691,1.55723,1.50,1.73
2013.02.27 15:07:56.254,1.55694,1.55722,1.50,1.73
2013.02.27 15:07:56.494,1.55694,1.55724,1.50,2.10
2013.02.27 15:07:56.674,1.55694,1.55724,1.50,2.10
2013.02.27 15:07:56.914,1.55688,1.55723,1.50,1.73
2013.02.27 15:07:57.445,1.55691,1.55719,1.50,1.73
2013.02.27 15:07:57.863,1.55686,1.55719,1.50,1.73
2013.02.27 15:07:59.605,1.55683,1.55714,1.13,1.73
2013.02.27 15:08:00.464,1.55683,1.55714,1.13,1.73
2013.02.27 15:08:00.765,1.55684,1.55714,1.50,1.73
2013.02.27 15:08:01.135,1.55684,1.55714,2.25,1.73
2013.02.27 15:08:01.194,1.55684,1.55718,1.50,1.73
2013.02.27 15:08:02.904,1.55691,1.5572,1.50,1.73
2013.02.27 15:08:02.963,1.55691,1.5572,1.50,1.73
2013.02.27 15:08:03.654,1.55692,1.55729,1.88,2.48
2013.02.27 15:08:03.925,1.55693,1.55723,1.50,1.73
2013.02.27 15:08:04.224,1.55693,1.55724,1.50,1.73
2013.02.27 15:08:04.584,1.55696,1.55728,1.50,1.73
2013.02.27 15:08:05.163,1.55703,1.5573,1.50,1.73
2013.02.27 15:08:06.005,1.55704,1.55734,1.50,1.73
2013.02.27 15:08:07.624,1.55704,1.55734,1.50,1.73
2013.02.27 15:08:10.385,1.557,1.55738,2.25,1.73
2013.02.27 15:08:10.444,1.55704,1.55739,1.50,2.10
2013.02.27 15:08:10.803,1.55704,1.55739,1.50,2.10
2013.02.27 15:08:10.864,1.55704,1.55739,1.50,2.10
2013.02.27 15:08:11.424,1.55704,1.55739,1.50,2.10
2013.02.27 15:08:12.417,1.55704,1.55739,1.50,2.10
2013.02.27 15:08:13.034,1.55704,1.55739,1.50,3.60
2013.02.27 15:08:13.834,1.55704,1.55739,1.50,3.60
2013.02.27 15:08:16.595,1.55704,1.55739,1.50,2.85
2013.02.27 15:08:16.724,1.55709,1.55738,1.50,1.88
2013.02.27 15:08:17.265,1.55709,1.55741,1.50,1.35
2013.02.27 15:08:17.385,1.5571,1.55739,1.50,2.63
2013.02.27 15:08:17.445,1.55705,1.55736,1.69,1.88
2013.02.27 15:08:18.055,1.55705,1.55736,1.50,2.85
2013.02.27 15:08:18.616,1.55704,1.55734,1.50,2.25
2013.02.27 15:08:18.735,1.55705,1.55736,1.50,2.48
2013.02.27 15:08:19.283,1.55705,1.55738,1.50,3.60
2013.02.27 15:08:19.394,1.55705,1.55737,1.50,1.73
2013.02.27 15:08:19.957,1.55702,1.55737,2.25,1.73
2013.02.27 15:08:20.194,1.55703,1.55732,1.50,1.73
2013.02.27 15:08:20.994,1.55702,1.55733,1.50,1.73
2013.02.27 15:08:21.053,1.55702,1.55733,1.50,1.73
2013.02.27 15:08:21.413,1.55707,1.55743,1.80,3.23
2013.02.27 15:08:21.474,1.55711,1.5574,1.50,1.73
2013.02.27 15:08:21.973,1.55711,1.5574,1.50,1.73
2013.02.27 15:08:22.094,1.55711,1.55739,1.50,1.73
2013.02.27 15:08:22.394,1.55714,1.55744,1.50,1.35
2013.02.27 15:08:25.664,1.5571,1.55744,1.50,1.17
2013.02.27 15:08:25.934,1.5571,1.55748,1.73,2.85
2013.02.27 15:08:26.175,1.55712,1.55749,1.50,1.05
2013.02.27 15:08:26.444,1.55715,1.55748,1.50,2.10
2013.02.27 15:08:28.366,1.55714,1.55749,1.50,1.73
2013.02.27 15:08:28.723,1.5571,1.55744,2.25,1.73
2013.02.27 15:08:31.585,1.55709,1.55742,1.50,1.32
2013.02.27 15:08:33.450,1.55707,1.55739,1.50,1.73
2013.02.27 15:08:35.004,1.55707,1.55739,1.50,1.73
2013.02.27 15:08:35.335,1.55707,1.55739,1.50,1.73
2013.02.27 15:08:35.514,1.5571,1.55739,1.50,1.73
2013.02.27 15:08:36.028,1.55708,1.55742,2.25,2.10
2013.02.27 15:08:36.244,1.55708,1.55741,1.50,1.73
2013.02.27 15:08:36.607,1.55707,1.55739,1.50,1.73
2013.02.27 15:08:37.861,1.55707,1.55739,1.50,1.73
2013.02.27 15:08:38.105,1.55709,1.55737,1.50,2.03
2013.02.27 15:08:38.284,1.55703,1.55736,1.50,1.13
2013.02.27 15:08:38.406,1.55702,1.55736,1.69,3.38
2013.02.27 15:08:38.524,1.55709,1.55739,1.50,2.25
2013.02.27 15:08:38.704,1.5571,1.55739,1.50,1.50
2013.02.27 15:08:38.884,1.5571,1.55742,2.25,2.10
2013.02.27 15:08:40.029,1.5571,1.55742,1.50,1.35
2013.02.27 15:08:42.584,1.55711,1.55743,1.50,1.95
2013.02.27 15:08:42.884,1.55711,1.55742,1.50,2.85
2013.02.27 15:08:48.025,1.55712,1.55743,1.50,2.10
2013.02.27 15:08:49.314,1.55711,1.55743,1.50,2.10
2013.02.27 15:08:49.644,1.55707,1.55739,1.50,1.73
2013.02.27 15:08:49.764,1.55707,1.55738,1.50,1.73
2013.02.27 15:08:49.825,1.55707,1.55738,1.50,1.73
2013.02.27 15:08:50.384,1.55707,1.55738,1.50,1.73
2013.02.27 15:08:51.064,1.55707,1.55738,1.50,1.73
2013.02.27 15:08:54.285,1.55707,1.55738,2.25,1.73
2013.02.27 15:08:54.344,1.55707,1.55738,2.25,1.73
2013.02.27 15:08:57.130,1.55706,1.55735,1.50,1.20
2013.02.27 15:08:58.413,1.55706,1.55737,1.50,1.73
2013.02.27 15:08:58.474,1.55706,1.55737,1.50,1.50
2013.02.27 15:08:58.665,1.55706,1.55741,1.50,1.73
2013.02.27 15:09:05.344,1.55713,1.55742,1.50,1.35
2013.02.27 15:09:05.763,1.55713,1.55743,1.50,1.35
2013.02.27 15:09:08.658,1.55713,1.55743,1.50,1.35
2013.02.27 15:09:09.308,1.55714,1.55742,1.50,1.35
2013.02.27 15:09:09.515,1.55712,1.55739,1.50,1.73
2013.02.27 15:09:09.642,1.55711,1.55737,1.50,2.25
2013.02.27 15:09:09.995,1.55711,1.55737,1.50,1.50
2013.02.27 15:09:10.361,1.55711,1.55737,1.50,1.50
2013.02.27 15:09:11.443,1.55711,1.55741,1.50,1.73
2013.02.27 15:09:11.864,1.55711,1.55741,1.50,2.48
2013.02.27 15:09:12.305,1.55711,1.55742,1.50,1.73
2013.02.27 15:09:14.153,1.55713,1.55742,1.50,1.73
2013.02.27 15:09:15.184,1.55713,1.55741,1.50,1.73
2013.02.27 15:09:15.303,1.55713,1.55743,1.50,1.35
2013.02.27 15:09:15.504,1.55713,1.55743,1.50,1.35
2013.02.27 15:09:15.884,1.55713,1.55744,1.50,1.35
2013.02.27 15:09:22.694,1.55715,1.55748,1.50,1.50
2013.02.27 15:09:23.062,1.55715,1.55748,1.50,1.50
2013.02.27 15:09:23.125,1.55715,1.55752,1.50,1.35
2013.02.27 15:09:23.184,1.55721,1.55752,1.50,1.35
2013.02.27 15:09:23.305,1.55717,1.55752,1.50,2.10
2013.02.27 15:09:23.756,1.55717,1.55752,1.50,1.35
2013.02.27 15:09:26.444,1.55718,1.55752,1.50,1.35
2013.02.27 15:09:26.526,1.55718,1.55752,1.50,1.35
2013.02.27 15:09:26.584,1.55718,1.55752,1.73,1.13
2013.02.27 15:09:26.705,1.55718,1.55752,1.73,1.88
2013.02.27 15:09:27.124,1.55717,1.55749,1.50,1.50
2013.02.27 15:09:27.554,1.55709,1.5575,1.13,2.48
2013.02.27 15:09:28.606,1.55709,1.55749,1.13,1.50
2013.02.27 15:09:30.046,1.55717,1.55754,1.50,1.73
2013.02.27 15:09:30.481,1.5572,1.55747,1.50,1.17
2013.02.27 15:09:33.275,1.55715,1.55746,1.50,1.73
2013.02.27 15:09:33.661,1.55715,1.55745,1.50,1.38
2013.02.27 15:09:34.135,1.55715,1.55746,3.00,1.38
2013.02.27 15:09:34.254,1.55718,1.55748,1.50,2.48
2013.02.27 15:09:34.384,1.55718,1.55747,1.50,1.73
2013.02.27 15:09:34.444,1.55718,1.55747,1.50,1.73
2013.02.27 15:09:34.746,1.55724,1.55756,1.50,1.73
2013.02.27 15:09:34.865,1.55719,1.55752,2.25,1.73
2013.02.27 15:09:35.635,1.55719,1.55752,2.25,1.73
2013.02.27 15:09:35.716,1.55719,1.55752,2.25,1.73
2013.02.27 15:09:39.665,1.55717,1.55753,1.50,2.48
2013.02.27 15:09:39.784,1.55718,1.55751,1.50,1.73
2013.02.27 15:09:39.906,1.55718,1.55753,1.50,1.73
2013.02.27 15:09:40.025,1.55721,1.55754,1.50,2.25
2013.02.27 15:09:50.384,1.55719,1.5575,1.50,1.50
2013.02.27 15:09:50.445,1.55716,1.5575,1.50,1.50
2013.02.27 15:09:50.506,1.55713,1.55743,1.88,1.50
2013.02.27 15:09:50.624,1.55713,1.5575,1.88,1.73
2013.02.27 15:09:50.804,1.55722,1.55752,1.50,1.50
2013.02.27 15:09:50.985,1.55718,1.5575,1.50,1.73
2013.02.27 15:09:51.636,1.55714,1.5575,1.50,1.73
2013.02.27 15:09:56.284,1.55708,1.55738,1.50,1.50
2013.02.27 15:09:56.644,1.557,1.55737,1.50,1.17
2013.02.27 15:09:56.766,1.55708,1.55737,1.50,1.73
2013.02.27 15:09:56.827,1.55708,1.55737,1.50,1.50
2013.02.27 15:09:57.274,1.55707,1.55739,1.50,3.60
2013.02.27 15:09:57.356,1.55707,1.55738,1.50,1.73
2013.02.27 15:09:57.904,1.55708,1.55738,1.50,1.73
2013.02.27 15:09:59.214,1.55708,1.55734,1.50,1.50
2013.02.27 15:09:59.456,1.55708,1.55739,1.50,1.73
2013.02.27 15:09:59.514,1.55708,1.55733,1.50,1.50
2013.02.27 15:10:00.080,1.55709,1.55735,1.50,1.73
2013.02.27 15:10:02.825,1.55712,1.55734,1.50,1.73
2013.02.27 15:10:03.434,1.55715,1.55738,1.50,1.50
2013.02.27 15:10:05.544,1.55715,1.55738,1.50,1.50
2013.02.27 15:10:09.005,1.55715,1.55738,1.50,1.50
2013.02.27 15:10:10.384,1.55716,1.55738,1.50,1.50
2013.02.27 15:10:12.194,1.55711,1.55738,1.50,1.50
2013.02.27 15:10:12.724,1.55711,1.55738,1.50,1.50
2013.02.27 15:10:13.065,1.55711,1.55741,1.50,1.73
2013.02.27 15:10:13.365,1.55716,1.55741,1.50,1.35
2013.02.27 15:10:13.605,1.55722,1.55748,1.50,1.73
2013.02.27 15:10:13.665,1.55721,1.55744,1.50,1.73
2013.02.27 15:10:14.181,1.55716,1.55739,1.50,1.73
2013.02.27 15:10:14.625,1.55718,1.55743,1.50,1.73
2013.02.27 15:10:20.694,1.55718,1.55743,1.50,1.73
2013.02.27 15:10:22.645,1.55718,1.55749,1.50,4.14
2013.02.27 15:10:22.764,1.55723,1.55749,1.50,2.10
2013.02.27 15:10:22.825,1.55723,1.55753,1.50,1.73
2013.02.27 15:10:22.886,1.55721,1.55745,1.50,1.50
2013.02.27 15:10:22.960,1.5572,1.55745,1.50,1.50
2013.02.27 15:10:23.025,1.5572,1.55745,1.50,1.73
2013.02.27 15:10:23.716,1.55721,1.55745,1.50,1.73
2013.02.27 15:10:27.147,1.55716,1.55744,3.00,1.50
2013.02.27 15:10:27.207,1.55717,1.5574,1.50,1.50
2013.02.27 15:10:27.336,1.55717,1.5574,1.50,1.73
2013.02.27 15:10:27.647,1.55715,1.55743,1.50,1.73
2013.02.27 15:10:27.975,1.55718,1.5574,1.50,1.73
2013.02.27 15:10:30.085,1.55716,1.55739,3.00,1.73
2013.02.27 15:10:30.145,1.55715,1.55739,1.50,1.73
2013.02.27 15:10:30.507,1.55715,1.5574,1.50,1.73
2013.02.27 15:10:45.556,1.55715,1.55744,1.50,1.73
2013.02.27 15:10:45.717,1.5572,1.55744,1.50,1.13
2013.02.27 15:10:46.414,1.55721,1.55745,1.50,1.73
2013.02.27 15:10:48.325,1.55721,1.55754,1.50,2.48
2013.02.27 15:10:48.445,1.5573,1.55754,1.50,1.73
2013.02.27 15:10:48.685,1.55726,1.55754,1.50,1.73
2013.02.27 15:10:48.745,1.55726,1.55749,1.50,1.50
2013.02.27 15:10:49.136,1.55727,1.55749,1.50,1.73
2013.02.27 15:10:49.437,1.5573,1.55759,1.50,1.73
2013.02.27 15:10:49.615,1.55736,1.55757,1.50,1.13
2013.02.27 15:10:50.256,1.55736,1.55757,1.50,1.50
2013.02.27 15:10:50.376,1.55736,1.55757,1.50,1.13
2013.02.27 15:10:50.496,1.55741,1.55764,1.50,1.88
2013.02.27 15:10:50.925,1.55737,1.55758,1.50,1.73
2013.02.27 15:10:51.126,1.55736,1.55763,1.50,1.73
2013.02.27 15:10:51.305,1.55736,1.55758,1.50,1.73
2013.02.27 15:10:51.426,1.55737,1.55766,1.13,1.73
2013.02.27 15:10:51.665,1.55742,1.55767,1.50,2.48
2013.02.27 15:10:51.845,1.55741,1.55767,1.50,1.73
2013.02.27 15:10:52.027,1.55741,1.55765,1.50,1.50
2013.02.27 15:10:52.149,1.55737,1.55763,1.50,1.73
2013.02.27 15:10:52.456,1.55731,1.55758,1.50,1.35
2013.02.27 15:10:53.294,1.55731,1.55756,1.50,1.73
2013.02.27 15:10:53.969,1.55729,1.55756,2.25,1.73
2013.02.27 15:10:54.046,1.55731,1.55756,1.50,1.73
2013.02.27 15:10:54.367,1.55728,1.55756,2.25,1.73
2013.02.27 15:10:54.426,1.55728,1.55756,1.50,1.73
2013.02.27 15:10:54.905,1.55724,1.55751,2.25,1.73
2013.02.27 15:10:55.025,1.55723,1.55749,1.50,1.73
2013.02.27 15:10:55.145,1.55721,1.55748,2.25,1.50
2013.02.27 15:10:57.418,1.55727,1.55752,1.50,1.73
2013.02.27 15:10:58.125,1.55726,1.55752,1.50,1.73
2013.02.27 15:11:01.766,1.55725,1.55754,1.50,1.73
2013.02.27 15:11:02.157,1.55725,1.55753,1.50,1.73
2013.02.27 15:11:03.395,1.55725,1.55752,1.50,2.48
2013.02.27 15:11:03.685,1.55725,1.55751,1.50,2.48
2013.02.27 15:11:06.726,1.55725,1.55753,1.50,2.48
2013.02.27 15:11:07.094,1.55722,1.5575,1.50,1.73
2013.02.27 15:11:11.214,1.55713,1.55744,2.10,1.50
2013.02.27 15:11:11.395,1.55712,1.55738,1.50,1.92
2013.02.27 15:11:11.754,1.55715,1.55738,1.50,1.69
2013.02.27 15:11:12.234,1.55715,1.55743,1.50,1.73
2013.02.27 15:11:12.536,1.55714,1.55748,1.58,2.48
2013.02.27 15:11:13.155,1.55719,1.55746,1.50,1.73
2013.02.27 15:11:14.554,1.55714,1.55744,1.50,1.73
2013.02.27 15:11:14.856,1.55711,1.55739,1.50,1.73
2013.02.27 15:11:15.334,1.55706,1.55737,3.00,1.73
2013.02.27 15:11:15.455,1.55707,1.5573,1.50,1.73
2013.02.27 15:11:16.004,1.55706,1.55731,1.50,1.73
2013.02.27 15:11:17.128,1.55705,1.55737,1.50,1.73
2013.02.27 15:11:17.427,1.55711,1.55742,2.25,1.73
2013.02.27 15:11:17.666,1.55711,1.55738,1.50,1.50
2013.02.27 15:11:17.878,1.55706,1.55732,2.25,1.50
2013.02.27 15:11:18.185,1.55706,1.55729,2.25,1.50
2013.02.27 15:11:18.364,1.55702,1.55729,2.25,1.50
2013.02.27 15:11:18.856,1.55704,1.55739,1.50,3.23
2013.02.27 15:11:18.915,1.55704,1.55739,1.69,3.60
2013.02.27 15:11:19.096,1.55711,1.55744,1.50,1.73
2013.02.27 15:11:19.415,1.55718,1.5574,1.50,1.50
2013.02.27 15:11:19.656,1.55718,1.55744,1.50,1.73
2013.02.27 15:11:19.739,1.55717,1.55739,1.50,1.50
2013.02.27 15:11:20.165,1.55717,1.55743,3.00,1.50
2013.02.27 15:11:20.685,1.55716,1.55748,3.00,1.73
2013.02.27 15:11:21.045,1.55718,1.55749,1.50,1.73
2013.02.27 15:11:21.347,1.55718,1.55749,1.50,1.69
2013.02.27 15:11:21.705,1.55718,1.5575,1.50,1.88
2013.02.27 15:11:22.127,1.55726,1.55758,1.50,1.73
2013.02.27 15:11:22.186,1.55727,1.55757,1.50,1.35
2013.02.27 15:11:23.044,1.55728,1.55754,1.50,1.50
2013.02.27 15:11:23.355,1.55718,1.55754,2.82,1.69
2013.02.27 15:11:23.415,1.55721,1.55754,1.50,1.69
2013.02.27 15:11:23.536,1.55721,1.55753,1.50,1.17
2013.02.27 15:11:23.894,1.55718,1.55749,3.15,1.17
2013.02.27 15:11:24.145,1.55726,1.55749,1.50,1.17
2013.02.27 15:11:24.207,1.55726,1.55749,1.50,1.17
2013.02.27 15:11:24.325,1.55726,1.55755,1.50,2.10
2013.02.27 15:11:24.387,1.55727,1.55763,1.50,2.48
2013.02.27 15:11:24.445,1.5574,1.55763,1.50,1.73
2013.02.27 15:11:24.504,1.55737,1.55763,1.50,1.73
2013.02.27 15:11:24.686,1.55726,1.55764,1.69,1.35
2013.02.27 15:11:24.745,1.55726,1.55764,1.69,1.35
2013.02.27 15:11:24.805,1.55726,1.55764,1.69,1.35
2013.02.27 15:11:24.866,1.55731,1.55768,1.50,1.13
2013.02.27 15:11:25.045,1.5574,1.55768,1.50,1.50
2013.02.27 15:11:25.186,1.5574,1.55768,1.50,1.50
2013.02.27 15:11:26.175,1.55741,1.55768,1.50,1.50
2013.02.27 15:11:26.885,1.55742,1.55768,1.50,1.50
2013.02.27 15:11:26.945,1.55742,1.55769,1.50,1.50
2013.02.27 15:11:27.504,1.55742,1.55769,1.50,1.50
2013.02.27 15:11:28.626,1.55743,1.55773,1.50,1.73
2013.02.27 15:11:28.744,1.55748,1.55775,1.50,1.73
2013.02.27 15:11:28.805,1.55748,1.55775,1.50,1.50
2013.02.27 15:11:29.165,1.55766,1.55792,2.18,1.19
2013.02.27 15:11:29.224,1.55773,1.55785,2.18,1.50
2013.02.27 15:11:29.285,1.55751,1.55785,3.42,1.50
2013.02.27 15:11:29.344,1.55751,1.55791,3.42,1.13
2013.02.27 15:11:29.466,1.55778,1.55791,1.50,1.35
2013.02.27 15:11:29.584,1.55771,1.55791,1.09,1.35
2013.02.27 15:11:29.766,1.55771,1.55791,1.50,1.35
2013.02.27 15:11:29.826,1.55771,1.55794,1.50,1.73
2013.02.27 15:11:29.888,1.55774,1.55799,1.50,2.48
2013.02.27 15:11:30.246,1.55776,1.55807,1.50,1.05
2013.02.27 15:11:30.305,1.55776,1.55807,1.50,1.05
2013.02.27 15:11:30.365,1.55774,1.55807,1.50,1.39
2013.02.27 15:11:30.425,1.55772,1.55807,1.50,1.39
2013.02.27 15:11:30.485,1.55769,1.55806,1.50,1.35
2013.02.27 15:11:30.545,1.55769,1.55806,1.50,1.35
2013.02.27 15:11:30.849,1.55782,1.55805,2.25,1.20
2013.02.27 15:11:31.957,1.55773,1.55803,1.50,1.73
2013.02.27 15:11:32.195,1.55773,1.55805,1.50,3.45
2013.02.27 15:11:32.254,1.55767,1.55803,2.48,1.73
2013.02.27 15:11:32.314,1.55771,1.55801,1.50,1.50
2013.02.27 15:11:32.435,1.5577,1.55803,1.73,2.63
2013.02.27 15:11:32.615,1.55771,1.55808,1.73,1.17
2013.02.27 15:11:32.855,1.55775,1.55809,1.50,1.13
2013.02.27 15:11:33.685,1.55773,1.55804,1.50,1.50
2013.02.27 15:11:34.186,1.55773,1.55804,1.50,1.50
2013.02.27 15:11:34.544,1.55789,1.55818,1.69,1.35
2013.02.27 15:11:34.671,1.55789,1.55814,1.69,1.13
2013.02.27 15:11:34.734,1.55784,1.55818,3.00,1.13
2013.02.27 15:11:34.855,1.55788,1.55824,1.50,2.10
2013.02.27 15:11:34.916,1.55788,1.55819,1.73,1.13
2013.02.27 15:11:35.285,1.55796,1.55823,1.50,1.35
2013.02.27 15:11:35.684,1.55792,1.55825,1.50,1.35
2013.02.27 15:11:35.804,1.55792,1.55825,2.25,1.35
2013.02.27 15:11:36.605,1.55792,1.55827,2.25,1.95
2013.02.27 15:11:37.385,1.55787,1.55821,1.50,1.73
2013.02.27 15:11:37.624,1.55785,1.55815,1.50,1.13
2013.02.27 15:11:37.685,1.55787,1.55819,1.50,1.35
2013.02.27 15:11:37.744,1.55791,1.55819,1.50,1.13
2013.02.27 15:11:37.924,1.5579,1.5582,1.50,1.13
2013.02.27 15:11:38.146,1.5579,1.5582,1.50,1.13
2013.02.27 15:11:38.504,1.55786,1.5582,1.73,1.13
2013.02.27 15:11:38.624,1.55791,1.5582,1.50,1.13
2013.02.27 15:11:38.985,1.55787,1.55819,1.50,1.35
2013.02.27 15:11:39.744,1.55787,1.55823,1.50,1.73
2013.02.27 15:11:40.076,1.55787,1.55823,1.50,1.73
2013.02.27 15:11:40.804,1.55784,1.55818,1.50,1.73
2013.02.27 15:11:40.985,1.55785,1.55819,1.50,1.35
2013.02.27 15:11:42.495,1.55785,1.55818,1.50,1.05
2013.02.27 15:11:43.615,1.55785,1.55818,1.50,1.05
2013.02.27 15:11:45.395,1.5578,1.55817,1.50,1.73
2013.02.27 15:11:45.595,1.5578,1.55817,1.50,1.73
2013.02.27 15:11:46.365,1.55787,1.55818,1.50,2.25
2013.02.27 15:11:47.147,1.55787,1.55817,1.50,1.50
2013.02.27 15:11:49.645,1.55783,1.55814,1.50,1.50
2013.02.27 15:11:49.885,1.55786,1.55819,1.50,1.13
2013.02.27 15:11:50.006,1.55782,1.55819,1.50,1.35
2013.02.27 15:11:50.725,1.55782,1.55816,1.50,1.35
2013.02.27 15:11:50.847,1.55781,1.5581,1.50,1.50
2013.02.27 15:11:50.904,1.55778,1.55806,1.73,1.20
2013.02.27 15:11:51.085,1.55772,1.55805,1.50,1.50
2013.02.27 15:11:51.386,1.55775,1.55803,1.50,1.13
2013.02.27 15:11:51.564,1.55772,1.55797,1.50,1.50
2013.02.27 15:11:51.805,1.55768,1.55797,2.20,2.25
2013.02.27 15:11:51.988,1.55767,1.55796,1.50,1.50
2013.02.27 15:11:52.164,1.55767,1.55793,2.48,1.50
2013.02.27 15:11:52.704,1.55767,1.55793,3.23,1.13
2013.02.27 15:11:52.914,1.55767,1.55801,1.73,1.13
2013.02.27 15:11:55.137,1.55755,1.55794,2.48,1.50
2013.02.27 15:11:55.254,1.55768,1.55797,1.50,1.50
2013.02.27 15:11:55.436,1.5576,1.55796,1.50,1.50
2013.02.27 15:11:55.615,1.55759,1.55796,1.73,3.00
2013.02.27 15:11:55.955,1.5576,1.55795,1.50,1.50
2013.02.27 15:11:56.579,1.5576,1.55796,1.50,2.25
2013.02.27 15:11:57.354,1.5576,1.55798,1.50,2.63
2013.02.27 15:11:57.665,1.55768,1.55798,1.09,2.10
2013.02.27 15:11:57.967,1.55779,1.55802,1.50,2.25
2013.02.27 15:11:58.145,1.5578,1.55813,1.50,1.50
2013.02.27 15:11:58.814,1.55779,1.55817,2.07,1.13
2013.02.27 15:11:58.994,1.55776,1.55812,1.13,1.95
2013.02.27 15:11:59.396,1.55775,1.55811,1.50,1.50
2013.02.27 15:11:59.705,1.55773,1.55809,1.50,1.17
2013.02.27 15:12:00.065,1.55778,1.55813,1.73,1.50
2013.02.27 15:12:00.415,1.55778,1.55812,1.73,1.50
2013.02.27 15:12:00.597,1.55777,1.55811,3.23,2.25
2013.02.27 15:12:01.134,1.5577,1.55807,2.48,1.73
2013.02.27 15:12:01.195,1.5577,1.55807,2.25,1.73
2013.02.27 15:12:03.207,1.55778,1.55809,1.50,1.35
2013.02.27 15:12:03.278,1.55778,1.5581,1.50,1.50
2013.02.27 15:12:03.645,1.55778,1.55812,1.73,1.88
2013.02.27 15:12:03.885,1.5578,1.55814,2.48,1.50
2013.02.27 15:12:04.885,1.5578,1.55818,1.50,1.35
2013.02.27 15:12:05.065,1.5578,1.55817,1.50,1.35
2013.02.27 15:12:05.163,1.5578,1.55818,1.50,2.10
2013.02.27 15:12:05.405,1.55782,1.55821,1.50,1.35
2013.02.27 15:12:05.734,1.55782,1.55818,1.50,1.35
2013.02.27 15:12:05.935,1.55782,1.55818,1.50,1.35
2013.02.27 15:12:06.755,1.5578,1.55816,1.50,1.73
2013.02.27 15:12:08.046,1.5578,1.55814,1.50,1.13
2013.02.27 15:12:08.350,1.55777,1.55814,1.73,1.50
2013.02.27 15:12:08.415,1.55777,1.55813,2.22,1.13
2013.02.27 15:12:08.804,1.55778,1.55811,1.73,1.50
2013.02.27 15:12:08.955,1.55778,1.5581,1.50,1.50
2013.02.27 15:12:09.315,1.55777,1.55806,2.48,2.25
2013.02.27 15:12:09.375,1.55777,1.55803,2.48,1.50
2013.02.27 15:12:09.615,1.55768,1.55802,1.73,1.50
2013.02.27 15:12:09.806,1.5576,1.55796,2.48,1.73
2013.02.27 15:12:09.925,1.55762,1.55799,1.50,1.35
2013.02.27 15:12:11.385,1.55763,1.55798,1.73,3.00
2013.02.27 15:12:11.445,1.55767,1.55796,1.73,1.50
2013.02.27 15:12:11.565,1.55767,1.55798,1.73,3.75
2013.02.27 15:12:12.104,1.55765,1.55798,2.48,1.13
2013.02.27 15:12:12.934,1.5577,1.55808,1.73,1.13
2013.02.27 15:12:13.497,1.5577,1.55808,1.73,1.13
2013.02.27 15:12:14.066,1.55772,1.55808,1.73,1.13
2013.02.27 15:12:14.872,1.55772,1.55808,1.73,1.13
2013.02.27 15:12:15.235,1.55778,1.55813,1.50,1.35
2013.02.27 15:12:15.355,1.55778,1.55813,1.50,2.10
2013.02.27 15:12:15.925,1.5578,1.55813,1.50,1.88
2013.02.27 15:12:16.495,1.5578,1.55813,1.73,1.50
2013.02.27 15:12:16.555,1.5578,1.55817,1.73,1.50
2013.02.27 15:12:17.336,1.5578,1.55814,1.73,1.88
2013.02.27 15:12:17.622,1.5578,1.55814,1.73,1.88
2013.02.27 15:12:17.804,1.5578,1.55814,1.73,1.88
2013.02.27 15:12:19.138,1.55779,1.55811,1.73,1.88
2013.02.27 15:12:19.555,1.55779,1.55811,1.73,1.13
2013.02.27 15:12:19.855,1.55779,1.55816,1.73,1.50
2013.02.27 15:12:19.975,1.55779,1.55816,1.73,1.13
2013.02.27 15:12:20.276,1.55778,1.55813,1.50,1.50
2013.02.27 15:12:20.334,1.55778,1.55813,1.50,1.50
2013.02.27 15:12:20.394,1.55778,1.5581,1.50,1.13
2013.02.27 15:12:20.895,1.55776,1.55807,1.73,1.13
2013.02.27 15:12:21.925,1.55775,1.55807,1.73,1.13
2013.02.27 15:12:22.683,1.55775,1.55806,1.73,1.13
2013.02.27 15:12:22.807,1.55775,1.55807,1.73,1.13
2013.02.27 15:12:23.335,1.55776,1.55807,1.73,1.13
2013.02.27 15:12:23.575,1.55776,1.55805,1.73,1.13
2013.02.27 15:12:23.695,1.55776,1.5581,2.48,1.35
2013.02.27 15:12:24.215,1.55771,1.55812,3.23,1.13
2013.02.27 15:12:24.276,1.5578,1.55817,1.50,1.13
2013.02.27 15:12:25.521,1.5578,1.55815,1.50,1.13
2013.02.27 15:12:25.767,1.55776,1.55807,1.50,2.25
2013.02.27 15:12:25.945,1.55775,1.55807,1.73,1.13
2013.02.27 15:12:26.005,1.55775,1.55806,1.73,1.13
2013.02.27 15:12:26.533,1.55771,1.55806,1.50,1.88
2013.02.27 15:12:26.775,1.55771,1.55806,2.25,1.88
2013.02.27 15:12:27.026,1.5577,1.55802,1.50,1.17
2013.02.27 15:12:27.479,1.55766,1.55802,2.25,1.25
2013.02.27 15:12:27.786,1.55766,1.55801,1.50,1.73
2013.02.27 15:12:28.027,1.55767,1.55797,1.50,1.05
2013.02.27 15:12:28.088,1.55767,1.55807,2.48,2.14
2013.02.27 15:12:28.334,1.55775,1.55808,1.73,1.13
2013.02.27 15:12:28.854,1.55776,1.5581,1.50,1.35
2013.02.27 15:12:29.355,1.55776,1.5581,1.73,1.35
2013.02.27 15:12:29.535,1.55784,1.55812,1.17,1.88
2013.02.27 15:12:30.635,1.55779,1.55811,1.17,1.50
2013.02.27 15:12:31.105,1.55776,1.55811,1.50,1.73
2013.02.27 15:12:31.169,1.55776,1.55807,1.50,1.50
2013.02.27 15:12:31.475,1.5577,1.55807,1.50,2.51
2013.02.27 15:12:31.774,1.55768,1.55801,4.69,2.10
2013.02.27 15:12:32.358,1.5577,1.55799,1.09,2.48
2013.02.27 15:12:32.545,1.55774,1.55804,1.50,1.35
2013.02.27 15:12:32.605,1.55777,1.55804,1.50,1.35
2013.02.27 15:12:32.665,1.55777,1.55809,1.50,1.35
2013.02.27 15:12:33.024,1.55782,1.55814,1.50,1.35
2013.02.27 15:12:33.084,1.55783,1.55814,1.50,1.35
2013.02.27 15:12:33.226,1.55783,1.55811,1.50,1.13
2013.02.27 15:12:33.406,1.55783,1.55814,1.50,1.35
2013.02.27 15:12:33.705,1.55783,1.55813,1.50,1.73
2013.02.27 15:12:33.945,1.55784,1.55814,1.50,2.48
2013.02.27 15:12:34.585,1.55782,1.55811,1.50,1.50
2013.02.27 15:12:35.034,1.55781,1.5581,2.25,1.50
2013.02.27 15:12:35.195,1.55781,1.55809,1.50,1.50
2013.02.27 15:12:35.506,1.55774,1.55804,1.50,1.73
2013.02.27 15:12:36.385,1.55781,1.55813,1.20,1.98
2013.02.27 15:12:36.445,1.55797,1.55827,1.50,1.73
2013.02.27 15:12:36.564,1.55797,1.55828,1.50,1.73
2013.02.27 15:12:36.685,1.55798,1.55829,1.50,1.35
2013.02.27 15:12:36.806,1.55798,1.5583,1.50,1.35
2013.02.27 15:12:36.985,1.55799,1.55833,1.50,1.73
2013.02.27 15:12:37.194,1.55798,1.55832,1.50,1.35
2013.02.27 15:12:37.374,1.55798,1.55836,1.50,2.48
2013.02.27 15:12:37.618,1.55806,1.55837,1.50,1.13
2013.02.27 15:12:37.786,1.55806,1.55835,1.73,1.13
2013.02.27 15:12:37.906,1.55806,1.55836,1.50,1.35
2013.02.27 15:12:38.025,1.55806,1.55833,1.50,1.13
2013.02.27 15:12:38.849,1.55798,1.55836,3.00,2.85
2013.02.27 15:12:39.248,1.55798,1.55837,2.25,4.10
2013.02.27 15:12:40.205,1.55796,1.55831,2.25,1.20
2013.02.27 15:12:40.325,1.55796,1.55831,3.00,1.20
2013.02.27 15:12:40.567,1.55796,1.55831,1.50,1.73
2013.02.27 15:12:40.925,1.55795,1.55831,2.25,1.35
2013.02.27 15:12:41.306,1.55791,1.55831,2.25,1.35
2013.02.27 15:12:41.664,1.55793,1.55831,2.25,2.85
2013.02.27 15:12:42.126,1.55793,1.55832,2.25,2.10
2013.02.27 15:12:42.476,1.55791,1.55831,1.50,2.48
2013.02.27 15:12:42.808,1.55791,1.5583,1.50,1.20
2013.02.27 15:12:43.494,1.55791,1.55825,1.50,1.61
2013.02.27 15:12:44.384,1.55791,1.55829,1.50,2.48
2013.02.27 15:12:44.507,1.55791,1.55829,1.50,2.48
2013.02.27 15:12:44.564,1.55791,1.55829,1.50,1.73
2013.02.27 15:12:44.625,1.55791,1.55829,1.50,2.48
2013.02.27 15:12:45.096,1.55791,1.55829,1.50,2.48
2013.02.27 15:12:45.420,1.55791,1.55829,1.50,2.48
2013.02.27 15:12:45.757,1.5579,1.55823,3.00,1.50
2013.02.27 15:12:45.826,1.5579,1.55824,3.00,1.50
2013.02.27 15:12:45.885,1.55786,1.55822,1.13,1.50
2013.02.27 15:12:46.213,1.55782,1.55819,1.50,2.48
2013.02.27 15:12:47.375,1.55784,1.55824,1.50,1.35
2013.02.27 15:12:47.676,1.55785,1.55824,2.25,1.13
2013.02.27 15:12:47.796,1.55784,1.55824,2.25,1.50
2013.02.27 15:12:47.855,1.55784,1.55825,2.25,1.88
2013.02.27 15:12:48.384,1.55783,1.55824,1.50,1.50
2013.02.27 15:12:49.080,1.55785,1.55823,1.50,1.73
2013.02.27 15:12:49.617,1.55792,1.55824,1.69,1.35
2013.02.27 15:12:49.984,1.55788,1.55824,1.50,1.13
2013.02.27 15:12:50.266,1.55784,1.55824,2.25,1.88
2013.02.27 15:12:50.625,1.55788,1.55821,2.25,1.73
2013.02.27 15:12:51.144,1.55788,1.55817,2.25,1.73
2013.02.27 15:12:51.445,1.55788,1.55818,3.00,1.35
2013.02.27 15:12:51.749,1.55788,1.55821,1.50,1.35
2013.02.27 15:12:51.865,1.55788,1.55819,2.25,1.35
2013.02.27 15:12:52.165,1.55787,1.55822,2.25,1.35
2013.02.27 15:12:52.346,1.55787,1.55819,1.50,1.35
2013.02.27 15:12:53.069,1.55785,1.55818,1.50,2.85
2013.02.27 15:12:53.215,1.55783,1.55818,1.50,2.85
2013.02.27 15:12:53.334,1.55781,1.55812,2.25,1.88
2013.02.27 15:12:53.555,1.55781,1.55811,2.25,1.50
2013.02.27 15:12:53.817,1.55781,1.55812,2.25,1.88
2013.02.27 15:12:54.694,1.55781,1.55812,2.25,1.88
2013.02.27 15:12:54.875,1.55781,1.55813,2.25,1.13
2013.02.27 15:12:55.231,1.55781,1.55815,2.25,1.13
2013.02.27 15:12:56.016,1.55781,1.55814,2.25,1.13
2013.02.27 15:12:56.645,1.55782,1.55814,2.25,1.13
2013.02.27 15:12:57.406,1.55782,1.55812,1.50,1.13
2013.02.27 15:12:57.896,1.55782,1.55813,2.25,1.13
2013.02.27 15:13:00.955,1.55783,1.55812,1.50,1.13
2013.02.27 15:13:01.374,1.55779,1.55811,1.50,1.73
2013.02.27 15:13:01.434,1.55775,1.55808,1.50,1.73
2013.02.27 15:13:02.028,1.55775,1.55808,2.25,2.85
2013.02.27 15:13:02.147,1.55775,1.55808,1.50,2.85
2013.02.27 15:13:02.330,1.55774,1.55804,2.25,2.48
2013.02.27 15:13:02.516,1.55774,1.55804,2.25,2.25
2013.02.27 15:13:02.845,1.55773,1.55804,2.25,1.50
2013.02.27 15:13:03.835,1.55777,1.55807,1.50,1.73
2013.02.27 15:13:04.574,1.55779,1.5581,1.50,1.50
2013.02.27 15:13:05.975,1.55787,1.55818,1.50,2.10
2013.02.27 15:13:06.354,1.55785,1.55818,1.50,2.10
2013.02.27 15:13:06.948,1.55787,1.55818,1.50,2.10
2013.02.27 15:13:07.375,1.55791,1.55825,2.25,2.10
2013.02.27 15:13:07.436,1.55791,1.55825,2.25,2.10
2013.02.27 15:13:07.556,1.55791,1.55825,3.00,1.35
2013.02.27 15:13:07.795,1.55792,1.55829,2.25,1.73
2013.02.27 15:13:07.856,1.55792,1.5583,1.50,1.35
2013.02.27 15:13:08.164,1.55792,1.55828,3.00,1.73
2013.02.27 15:13:08.237,1.55792,1.55826,3.00,1.50
2013.02.27 15:13:08.775,1.55792,1.55823,2.25,1.58
2013.02.27 15:13:08.954,1.55792,1.55819,2.25,1.05
2013.02.27 15:13:09.315,1.55787,1.55819,1.69,1.20
2013.02.27 15:13:09.554,1.55793,1.55823,1.50,1.88
2013.02.27 15:13:09.735,1.55792,1.55825,2.25,1.35
2013.02.27 15:13:09.974,1.55797,1.55825,1.50,1.35
2013.02.27 15:13:10.585,1.55797,1.55829,1.50,1.35
2013.02.27 15:13:10.944,1.55794,1.55827,1.50,1.73
2013.02.27 15:13:11.124,1.55793,1.55818,1.13,1.17
2013.02.27 15:13:11.476,1.5579,1.55823,1.69,2.10
2013.02.27 15:13:11.995,1.55792,1.55824,2.25,2.51
2013.02.27 15:13:12.055,1.55793,1.55824,1.50,2.51
2013.02.27 15:13:12.235,1.55794,1.55825,1.50,1.73
2013.02.27 15:13:12.857,1.55791,1.55824,1.13,2.73
2013.02.27 15:13:13.165,1.55791,1.55824,1.13,2.10
2013.02.27 15:13:13.495,1.55789,1.55825,1.50,1.28
2013.02.27 15:13:13.615,1.55789,1.55824,1.50,1.65
2013.02.27 15:13:13.699,1.55789,1.55824,1.50,1.88
2013.02.27 15:13:14.025,1.55789,1.55824,1.73,1.13
2013.02.27 15:13:16.407,1.558,1.55832,1.50,1.73
2013.02.27 15:13:16.466,1.558,1.55832,1.50,1.73
2013.02.27 15:13:16.897,1.55808,1.55839,1.50,3.07
2013.02.27 15:13:17.017,1.55813,1.55839,1.50,2.48
2013.02.27 15:13:17.136,1.55813,1.55843,1.50,1.27
2013.02.27 15:13:17.434,1.55812,1.55844,1.50,3.90
2013.02.27 15:13:17.495,1.55812,1.55843,1.50,2.40
2013.02.27 15:13:18.005,1.55815,1.55843,1.50,1.27
2013.02.27 15:13:18.916,1.55812,1.55844,2.25,1.35
2013.02.27 15:13:19.094,1.55813,1.55839,1.50,1.05
2013.02.27 15:13:19.514,1.55809,1.55839,1.50,1.05
2013.02.27 15:13:19.636,1.55808,1.55839,3.00,1.05
2013.02.27 15:13:19.885,1.55813,1.55841,1.50,1.20
2013.02.27 15:13:20.336,1.55813,1.55844,1.50,1.73
2013.02.27 15:13:20.845,1.55816,1.55846,1.50,1.35
2013.02.27 15:13:21.205,1.5582,1.55856,1.50,2.10
2013.02.27 15:13:21.679,1.55815,1.55846,1.50,1.35
2013.02.27 15:13:22.045,1.55814,1.55853,1.50,2.48
2013.02.27 15:13:22.567,1.55818,1.55853,1.73,2.48
2013.02.27 15:13:23.035,1.55818,1.55853,1.73,1.35
2013.02.27 15:13:23.574,1.55818,1.55852,1.50,1.73
2013.02.27 15:13:23.896,1.55815,1.55853,2.25,3.98
2013.02.27 15:13:24.616,1.55815,1.55852,2.25,1.73
2013.02.27 15:13:24.675,1.55815,1.55852,2.25,2.48
2013.02.27 15:13:25.355,1.55815,1.55851,2.67,1.50
2013.02.27 15:13:25.617,1.55815,1.55851,1.50,2.48
2013.02.27 15:13:25.855,1.55819,1.55845,1.09,2.48
2013.02.27 15:13:26.214,1.55824,1.55857,1.50,1.32
2013.02.27 15:13:27.125,1.55832,1.55856,1.84,2.25
2013.02.27 15:13:27.381,1.55842,1.55877,1.50,1.73
2013.02.27 15:13:27.765,1.55848,1.55882,1.50,1.13
2013.02.27 15:13:27.944,1.55851,1.55886,1.50,1.13
2013.02.27 15:13:28.006,1.55851,1.55886,1.50,3.38
2013.02.27 15:13:28.185,1.55851,1.55887,1.50,2.63
2013.02.27 15:13:29.126,1.55854,1.55888,2.25,1.73
2013.02.27 15:13:29.244,1.55854,1.55891,2.48,2.10
2013.02.27 15:13:29.935,1.55859,1.55894,2.25,1.54
2013.02.27 15:13:30.298,1.55872,1.55902,1.50,2.48
2013.02.27 15:13:30.595,1.55878,1.55913,1.73,1.13
2013.02.27 15:13:30.973,1.55878,1.55912,1.73,1.50
2013.02.27 15:13:31.050,1.55881,1.55912,1.50,1.50
2013.02.27 15:13:31.663,1.55881,1.55912,1.50,1.13
2013.02.27 15:13:31.738,1.55881,1.55913,1.50,3.00
2013.02.27 15:13:31.867,1.55881,1.55912,1.50,1.50
2013.02.27 15:13:32.414,1.55881,1.5591,1.50,1.50
2013.02.27 15:13:32.854,1.5588,1.5591,1.73,1.50
2013.02.27 15:13:33.297,1.55878,1.55905,1.73,1.13
2013.02.27 15:13:33.616,1.55878,1.55905,1.73,1.13
2013.02.27 15:13:34.124,1.55877,1.55908,1.50,1.13
2013.02.27 15:13:34.321,1.55877,1.5591,1.50,1.13
2013.02.27 15:13:34.629,1.55875,1.55909,1.73,1.50
2013.02.27 15:13:35.175,1.55874,1.55907,1.73,1.50
2013.02.27 15:13:35.385,1.55872,1.55907,1.73,2.25
2013.02.27 15:13:35.924,1.55867,1.55903,3.23,1.50
2013.02.27 15:13:36.165,1.55865,1.55904,2.25,3.00
2013.02.27 15:13:36.226,1.55863,1.55898,3.00,1.13
2013.02.27 15:13:36.345,1.55863,1.55899,3.00,1.13
2013.02.27 15:13:36.646,1.55866,1.55895,1.50,1.13
2013.02.27 15:13:36.767,1.55865,1.55897,1.73,1.13
2013.02.27 15:13:36.885,1.55865,1.55894,1.73,1.50
2013.02.27 15:13:38.626,1.55863,1.55893,1.50,1.50
2013.02.27 15:13:38.989,1.55858,1.5589,1.50,1.13
2013.02.27 15:13:39.057,1.55858,1.5589,1.50,1.13
2013.02.27 15:13:39.646,1.5585,1.55888,1.88,2.25
2013.02.27 15:13:50.645,1.55847,1.55882,2.44,1.54
2013.02.27 15:13:51.065,1.55845,1.5588,1.13,2.10
2013.02.27 15:13:51.124,1.55845,1.55879,1.13,1.73
2013.02.27 15:13:51.317,1.55845,1.55875,1.13,1.73
2013.02.27 15:13:51.796,1.55846,1.5588,1.09,1.73
2013.02.27 15:13:52.163,1.55854,1.55888,1.50,1.50
2013.02.27 15:13:52.644,1.55854,1.55893,1.73,2.85
2013.02.27 15:13:52.987,1.55878,1.55904,1.13,1.13
2013.02.27 15:13:53.054,1.55878,1.55903,1.88,1.50
2013.02.27 15:13:53.475,1.55873,1.559,1.50,1.50
2013.02.27 15:13:53.656,1.55873,1.559,1.50,1.50
2013.02.27 15:13:53.715,1.55873,1.559,1.50,1.50
2013.02.27 15:13:54.086,1.55872,1.55895,1.50,1.50
2013.02.27 15:13:54.445,1.5587,1.55899,1.50,1.73
2013.02.27 15:13:54.815,1.55873,1.55904,1.50,1.73
2013.02.27 15:13:55.667,1.5587,1.55904,1.50,1.73
2013.02.27 15:13:56.684,1.5587,1.55904,1.50,1.73
2013.02.27 15:13:57.435,1.5587,1.55904,1.50,1.73
2013.02.27 15:13:57.675,1.5587,1.55904,1.50,1.73
2013.02.27 15:13:59.305,1.55868,1.55906,1.73,1.13
2013.02.27 15:13:59.409,1.55868,1.55904,1.73,1.50
2013.02.27 15:13:59.905,1.55866,1.55899,1.73,1.50
2013.02.27 15:14:00.085,1.55866,1.55906,1.73,2.63
2013.02.27 15:14:00.325,1.55867,1.55897,1.50,1.50
2013.02.27 15:14:00.385,1.55862,1.55893,1.73,1.50
2013.02.27 15:14:00.685,1.55852,1.55891,2.48,1.88
2013.02.27 15:14:01.336,1.55852,1.55881,1.73,1.13
2013.02.27 15:14:02.245,1.55854,1.55885,1.50,1.13
2013.02.27 15:14:03.914,1.5585,1.55879,1.73,1.13
2013.02.27 15:14:04.785,1.55851,1.55879,1.50,1.13
2013.02.27 15:14:04.846,1.55851,1.55879,1.50,1.13
2013.02.27 15:14:05.421,1.55848,1.55878,1.73,1.50
2013.02.27 15:14:09.048,1.55848,1.55877,1.73,1.50
2013.02.27 15:14:09.117,1.55848,1.55879,1.73,1.13
2013.02.27 15:14:09.695,1.55848,1.55878,1.73,1.50
2013.02.27 15:14:12.114,1.55845,1.55877,1.73,1.13
2013.02.27 15:14:12.337,1.55849,1.55878,1.50,1.50
2013.02.27 15:14:12.408,1.55849,1.55881,1.50,1.50
2013.02.27 15:14:12.656,1.55855,1.55886,1.17,1.13
2013.02.27 15:14:13.628,1.55855,1.55886,1.17,1.13
2013.02.27 15:14:14.164,1.55859,1.55891,1.69,1.35
2013.02.27 15:14:14.225,1.55868,1.55897,1.32,1.13
2013.02.27 15:14:14.406,1.55869,1.55894,1.09,1.13
2013.02.27 15:14:14.584,1.55864,1.55894,1.50,2.25
2013.02.27 15:14:14.645,1.55863,1.55894,2.63,2.25
2013.02.27 15:14:14.704,1.55863,1.55891,2.63,1.73
2013.02.27 15:14:15.925,1.55863,1.55894,2.25,1.73
2013.02.27 15:14:16.342,1.55863,1.55891,2.25,1.73
2013.02.27 15:14:16.876,1.5586,1.5589,1.50,1.73
2013.02.27 15:14:21.118,1.55873,1.55894,1.13,1.41
2013.02.27 15:14:21.177,1.55873,1.55899,1.13,2.63
2013.02.27 15:14:21.295,1.55873,1.55896,1.13,1.45
2013.02.27 15:14:21.535,1.55869,1.55899,1.13,2.10
2013.02.27 15:14:22.059,1.5586,1.55896,2.48,1.73
2013.02.27 15:14:22.126,1.5586,1.55898,2.25,1.73
2013.02.27 15:14:22.247,1.55859,1.55898,2.48,1.73
2013.02.27 15:14:22.884,1.55859,1.55898,3.60,1.73
2013.02.27 15:14:22.944,1.55859,1.55896,3.60,1.73
2013.02.27 15:14:23.400,1.55859,1.55898,2.48,1.73
2013.02.27 15:14:23.466,1.55859,1.55898,2.48,1.73
2013.02.27 15:14:23.525,1.55859,1.559,2.48,1.35
2013.02.27 15:14:23.985,1.5586,1.55898,1.50,1.73
2013.02.27 15:14:24.107,1.5586,1.55895,2.25,1.50
2013.02.27 15:14:24.226,1.55859,1.55894,4.88,1.73
2013.02.27 15:14:26.115,1.55857,1.55891,3.75,1.73
2013.02.27 15:14:26.655,1.55856,1.55886,1.69,1.73
2013.02.27 15:14:27.310,1.55853,1.55888,1.69,1.73
2013.02.27 15:14:27.676,1.55853,1.55885,3.57,1.73
2013.02.27 15:14:28.307,1.55852,1.55889,2.40,2.10
2013.02.27 15:14:28.705,1.55859,1.55886,1.28,1.73
2013.02.27 15:14:29.041,1.55859,1.55889,1.28,2.10
2013.02.27 15:14:29.164,1.55859,1.55886,1.28,1.73
2013.02.27 15:14:29.505,1.55859,1.55889,1.28,1.35
2013.02.27 15:14:29.655,1.55859,1.55886,1.28,1.73
2013.02.27 15:14:30.180,1.55858,1.55885,1.13,1.13
2013.02.27 15:14:30.307,1.55851,1.55884,1.50,1.73
2013.02.27 15:14:30.485,1.55848,1.55878,1.50,1.73
2013.02.27 15:14:30.705,1.55847,1.55879,1.50,1.73
2013.02.27 15:14:30.947,1.55847,1.55884,2.25,1.73
2013.02.27 15:14:31.629,1.55841,1.55882,3.19,1.17
2013.02.27 15:14:31.756,1.55844,1.55877,2.25,1.20
2013.02.27 15:14:32.096,1.55844,1.55877,2.25,1.20
2013.02.27 15:14:32.443,1.55846,1.55877,2.25,1.20
2013.02.27 15:14:32.506,1.55848,1.55878,1.50,1.35
2013.02.27 15:14:32.954,1.55846,1.55879,2.25,1.35
2013.02.27 15:14:33.327,1.55844,1.55878,1.50,1.73
2013.02.27 15:14:33.387,1.55844,1.55878,1.50,1.73
2013.02.27 15:14:33.825,1.55841,1.55874,1.50,1.35
2013.02.27 15:14:34.376,1.55845,1.55875,1.09,1.35
2013.02.27 15:14:34.436,1.55845,1.55878,1.09,2.10
2013.02.27 15:14:34.796,1.55845,1.55873,1.09,1.13
2013.02.27 15:14:35.005,1.55845,1.55873,1.09,2.10
2013.02.27 15:14:35.344,1.55841,1.55873,1.69,1.35
2013.02.27 15:14:35.409,1.55845,1.55874,1.09,2.10
2013.02.27 15:14:35.479,1.55845,1.55874,1.09,2.10
2013.02.27 15:14:35.608,1.55842,1.55874,1.69,2.10
2013.02.27 15:14:35.915,1.55837,1.55869,2.10,1.73
2013.02.27 15:14:36.035,1.55835,1.55869,2.03,2.10
2013.02.27 15:14:36.835,1.55835,1.55869,1.50,2.10
2013.02.27 15:14:36.896,1.55835,1.55869,1.50,2.10
2013.02.27 15:14:37.045,1.55834,1.55869,1.50,2.10
2013.02.27 15:14:37.185,1.55833,1.55869,1.47,2.10
2013.02.27 15:14:37.375,1.55833,1.55869,2.22,2.10
2013.02.27 15:14:37.925,1.55836,1.55869,1.50,1.35
2013.02.27 15:14:38.367,1.55836,1.55869,1.50,1.35
2013.02.27 15:14:39.427,1.55832,1.55866,1.47,1.73
2013.02.27 15:14:39.840,1.55833,1.55866,1.09,1.73
2013.02.27 15:14:40.146,1.55833,1.55867,1.84,1.73
2013.02.27 15:14:40.349,1.55833,1.55867,1.09,1.73
2013.02.27 15:14:40.418,1.55833,1.55868,1.09,1.73
2013.02.27 15:14:40.725,1.55833,1.55868,1.09,2.48
2013.02.27 15:14:40.845,1.55836,1.55868,1.50,2.48
2013.02.27 15:14:42.206,1.55833,1.55869,2.59,1.35
2013.02.27 15:14:42.386,1.55833,1.55868,1.84,1.73
2013.02.27 15:14:42.747,1.55833,1.55868,1.09,2.10
2013.02.27 15:14:43.460,1.55833,1.55868,1.84,2.10
2013.02.27 15:14:44.015,1.55836,1.55869,1.50,1.35
2013.02.27 15:14:44.377,1.55836,1.55869,1.88,1.35
2013.02.27 15:14:44.436,1.55836,1.55869,1.88,1.35
2013.02.27 15:14:44.615,1.55836,1.55869,1.13,1.35
2013.02.27 15:14:44.674,1.55832,1.55868,1.88,1.35
2013.02.27 15:14:45.505,1.55832,1.55869,1.50,1.35
2013.02.27 15:14:46.181,1.55832,1.55869,1.50,1.35
2013.02.27 15:14:47.033,1.55832,1.55869,1.50,1.35
2013.02.27 15:14:47.470,1.55832,1.55869,1.50,1.35
2013.02.27 15:14:47.837,1.55832,1.55869,1.50,1.35
2013.02.27 15:14:48.216,1.55832,1.55869,1.50,1.35
2013.02.27 15:14:48.546,1.5583,1.55863,1.50,2.48
2013.02.27 15:14:48.916,1.55826,1.55858,1.88,1.13
2013.02.27 15:14:49.416,1.55827,1.55858,1.50,1.35
2013.02.27 15:14:49.746,1.55825,1.55858,3.00,1.35
2013.02.27 15:14:50.165,1.55828,1.55862,1.50,1.20
2013.02.27 15:14:50.946,1.5583,1.55858,1.69,1.17
2013.02.27 15:14:51.187,1.55822,1.55858,1.28,1.50
2013.02.27 15:14:51.245,1.55828,1.55858,1.69,1.50
2013.02.27 15:14:51.306,1.55828,1.55862,1.69,1.35
2013.02.27 15:14:51.368,1.55828,1.55862,1.69,1.35
2013.02.27 15:14:51.675,1.55837,1.55863,1.09,1.35
2013.02.27 15:14:51.735,1.55837,1.55865,1.09,1.59
2013.02.27 15:14:52.115,1.55838,1.55865,1.69,1.59
2013.02.27 15:14:52.356,1.55834,1.55865,2.82,1.59
2013.02.27 15:14:52.551,1.55833,1.55868,2.03,1.35
2013.02.27 15:14:52.618,1.55833,1.55867,2.03,1.35
2013.02.27 15:14:53.395,1.55833,1.55867,1.28,1.35
2013.02.27 15:14:53.597,1.55835,1.55867,1.50,1.35
2013.02.27 15:14:53.736,1.55835,1.55867,1.50,1.35
2013.02.27 15:14:53.856,1.55833,1.55866,1.28,1.73
2013.02.27 15:14:53.976,1.55831,1.55866,1.65,1.73
2013.02.27 15:14:54.215,1.55833,1.55865,1.28,1.73
2013.02.27 15:14:54.533,1.55831,1.55863,2.03,1.35
2013.02.27 15:14:56.176,1.55831,1.55863,1.28,1.35
2013.02.27 15:14:56.415,1.55832,1.55863,1.28,1.35
2013.02.27 15:14:56.715,1.55833,1.55863,1.28,1.13
2013.02.27 15:14:56.955,1.55836,1.55866,1.50,1.35
2013.02.27 15:14:57.111,1.55836,1.55868,1.50,1.35
2013.02.27 15:14:57.989,1.55841,1.55872,1.92,1.13
2013.02.27 15:14:58.176,1.5584,1.55872,1.17,1.13
2013.02.27 15:14:58.298,1.55836,1.55871,1.50,2.85
2013.02.27 15:14:58.895,1.55844,1.55872,1.09,2.85
2013.02.27 15:14:59.255,1.55844,1.55876,1.47,1.35
2013.02.27 15:14:59.615,1.55837,1.55868,2.10,1.50
2013.02.27 15:14:59.737,1.55841,1.5587,1.50,1.73
2013.02.27 15:14:59.796,1.55841,1.55872,2.25,1.73
2013.02.27 15:15:00.105,1.55841,1.55871,1.50,1.35
2013.02.27 15:15:00.345,1.55841,1.55866,1.50,1.13
2013.02.27 15:15:02.796,1.55835,1.55868,1.92,1.13
2013.02.27 15:15:03.065,1.55835,1.55865,1.92,1.13
2013.02.27 15:15:03.566,1.55835,1.55864,1.73,1.13
2013.02.27 15:15:04.235,1.55835,1.55862,1.73,1.13
2013.02.27 15:15:04.355,1.55835,1.55863,1.73,1.13
2013.02.27 15:15:05.068,1.55835,1.55862,1.73,1.13
2013.02.27 15:15:05.445,1.55835,1.55863,1.73,1.13
2013.02.27 15:15:07.315,1.55835,1.55867,1.73,1.13
2013.02.27 15:15:08.683,1.5584,1.55867,1.17,1.13
2013.02.27 15:15:08.855,1.5584,1.55867,1.17,1.13
2013.02.27 15:15:09.316,1.55829,1.55862,1.73,1.13
2013.02.27 15:15:10.596,1.55829,1.55862,1.73,1.13
2013.02.27 15:15:10.895,1.55834,1.55864,1.69,1.13
2013.02.27 15:15:11.195,1.55828,1.55863,1.73,1.50
2013.02.27 15:15:11.496,1.55828,1.55858,1.73,1.88
2013.02.27 15:15:11.807,1.55828,1.55858,1.73,1.13
2013.02.27 15:15:12.044,1.5584,1.55863,1.17,1.13
2013.02.27 15:15:12.235,1.5583,1.55864,1.54,2.25
2013.02.27 15:15:12.565,1.55828,1.55859,1.73,2.25
2013.02.27 15:15:12.685,1.55822,1.55859,1.87,2.25
2013.02.27 15:15:13.195,1.55822,1.55854,2.48,1.50
2013.02.27 15:15:13.316,1.55821,1.55858,2.48,1.13
2013.02.27 15:15:13.435,1.5583,1.55862,1.50,1.13
2013.02.27 15:15:13.496,1.55832,1.55858,1.13,1.13
2013.02.27 15:15:13.615,1.5583,1.55856,1.35,1.13
2013.02.27 15:15:13.795,1.55826,1.55861,1.13,1.88
2013.02.27 15:15:13.856,1.55823,1.55861,1.73,1.88
2013.02.27 15:15:14.644,1.55826,1.55861,1.50,1.88
2013.02.27 15:15:14.946,1.55831,1.55861,1.54,1.13
2013.02.27 15:15:15.483,1.55831,1.55863,1.54,1.13
2013.02.27 15:15:15.995,1.55831,1.55862,1.54,1.13
2013.02.27 15:15:16.425,1.55831,1.55863,1.13,1.88
2013.02.27 15:15:16.725,1.55831,1.5586,1.35,1.50
2013.02.27 15:15:17.189,1.55826,1.5586,1.73,1.50
2013.02.27 15:15:18.410,1.55826,1.55861,1.73,2.25
2013.02.27 15:15:18.835,1.55822,1.55858,1.50,1.88
2013.02.27 15:15:18.895,1.55822,1.55856,1.50,1.13
2013.02.27 15:15:19.074,1.55821,1.55857,1.05,1.13
2013.02.27 15:15:19.388,1.55821,1.55858,1.05,1.13
2013.02.27 15:15:19.747,1.55821,1.55857,1.35,1.13
2013.02.27 15:15:19.866,1.55821,1.55858,1.35,1.13
2013.02.27 15:15:21.059,1.55822,1.55857,1.73,1.13
2013.02.27 15:15:21.375,1.55819,1.55855,1.50,1.58
2013.02.27 15:15:21.555,1.55816,1.55853,1.50,2.10
2013.02.27 15:15:21.615,1.55816,1.55853,1.50,2.10
2013.02.27 15:15:22.045,1.55816,1.55853,1.50,2.10
2013.02.27 15:15:25.130,1.55816,1.5585,1.69,1.17
2013.02.27 15:15:25.436,1.55817,1.5585,1.50,1.17
2013.02.27 15:15:25.931,1.55817,1.5585,1.50,1.17
2013.02.27 15:15:28.455,1.5582,1.55852,1.73,1.13
2013.02.27 15:15:28.635,1.5582,1.55852,1.73,1.13
2013.02.27 15:15:29.645,1.55816,1.55852,3.00,1.73
2013.02.27 15:15:29.705,1.55816,1.55852,3.00,1.73
2013.02.27 15:15:30.470,1.55818,1.55852,2.25,1.35
2013.02.27 15:15:30.596,1.55818,1.55852,2.25,2.10
2013.02.27 15:15:30.778,1.55818,1.55852,1.50,2.10
2013.02.27 15:15:31.123,1.55815,1.55852,2.25,2.10
2013.02.27 15:15:31.249,1.55816,1.55852,1.50,2.10
2013.02.27 15:15:31.695,1.55816,1.55853,1.50,2.10
2013.02.27 15:15:31.876,1.5582,1.55853,1.50,1.35
2013.02.27 15:15:32.235,1.5582,1.55852,1.92,1.13
2013.02.27 15:15:32.355,1.55823,1.55854,1.50,1.13
2013.02.27 15:15:32.655,1.55822,1.55856,2.48,1.50
2013.02.27 15:15:32.715,1.55822,1.55856,1.73,1.50
2013.02.27 15:15:33.142,1.5582,1.55856,1.17,1.50
2013.02.27 15:15:33.616,1.5582,1.55856,1.17,1.50
2013.02.27 15:15:35.217,1.55817,1.55852,2.25,1.54
2013.02.27 15:15:35.535,1.55818,1.55852,1.50,1.54
2013.02.27 15:15:36.255,1.55816,1.55852,1.50,1.54
2013.02.27 15:15:36.685,1.55819,1.55852,1.50,1.54
2013.02.27 15:15:36.866,1.55819,1.55852,1.50,1.54
2013.02.27 15:15:36.986,1.55819,1.55852,1.50,1.54
2013.02.27 15:15:37.575,1.55818,1.55856,1.50,1.54
2013.02.27 15:15:37.636,1.55818,1.55852,1.73,1.54
2013.02.27 15:15:40.867,1.55817,1.55851,2.25,1.54
2013.02.27 15:15:41.045,1.55814,1.55849,3.38,1.73
2013.02.27 15:15:41.286,1.55814,1.55853,1.73,2.10
2013.02.27 15:15:41.760,1.55817,1.55853,1.73,2.10
2013.02.27 15:15:42.461,1.55816,1.55851,1.73,1.50
2013.02.27 15:15:42.815,1.55816,1.5585,1.73,1.50
2013.02.27 15:15:43.235,1.55815,1.5585,2.48,2.25
2013.02.27 15:15:44.916,1.55821,1.55853,1.09,2.10
2013.02.27 15:15:45.037,1.55821,1.55853,1.32,1.50
2013.02.27 15:15:45.096,1.55824,1.55851,1.50,1.13
2013.02.27 15:15:45.276,1.55821,1.55856,2.07,1.35
2013.02.27 15:15:45.663,1.55821,1.55855,1.73,1.13
2013.02.27 15:15:45.725,1.55824,1.55855,1.73,1.13
2013.02.27 15:15:46.026,1.55822,1.55855,1.73,1.13
2013.02.27 15:15:46.338,1.55821,1.55855,1.73,1.88
2013.02.27 15:15:48.226,1.55823,1.55856,1.73,1.88
2013.02.27 15:15:48.785,1.55832,1.55859,1.35,1.50
2013.02.27 15:15:48.906,1.55833,1.55859,1.35,1.50
2013.02.27 15:15:50.415,1.55832,1.55861,1.69,1.13
2013.02.27 15:15:50.657,1.55831,1.55861,1.35,1.13
2013.02.27 15:15:50.778,1.55831,1.55861,1.17,1.13
2013.02.27 15:15:51.198,1.55823,1.55857,3.00,1.13
2013.02.27 15:15:51.255,1.55827,1.55857,1.09,1.13
2013.02.27 15:15:52.915,1.55823,1.55853,1.69,1.50
2013.02.27 15:15:52.976,1.55819,1.55853,1.69,1.50
2013.02.27 15:15:53.106,1.55819,1.55853,1.50,1.13
2013.02.27 15:15:53.365,1.55819,1.55853,1.50,1.88
2013.02.27 15:15:53.724,1.55812,1.55846,1.50,1.50
2013.02.27 15:15:53.844,1.55809,1.55845,1.50,1.50
2013.02.27 15:15:54.025,1.55808,1.55844,2.25,1.13
2013.02.27 15:15:54.385,1.55804,1.5584,3.98,1.73
2013.02.27 15:15:54.445,1.55805,1.5584,1.73,1.73
2013.02.27 15:15:54.567,1.55804,1.55844,5.48,1.73
2013.02.27 15:15:54.918,1.55804,1.55844,5.48,1.73
2013.02.27 15:15:55.395,1.55804,1.55844,3.23,1.73
2013.02.27 15:15:55.636,1.55809,1.55845,1.50,2.10
2013.02.27 15:15:55.757,1.55809,1.55843,1.73,2.25
2013.02.27 15:15:55.876,1.5581,1.55843,1.73,2.25
2013.02.27 15:15:56.176,1.5581,1.55844,1.73,1.88
2013.02.27 15:15:56.535,1.5581,1.55844,1.73,1.88
2013.02.27 15:15:57.258,1.55809,1.55844,1.92,1.13
2013.02.27 15:15:57.501,1.55809,1.55844,1.92,1.13
2013.02.27 15:15:59.225,1.55807,1.55848,1.73,1.92
2013.02.27 15:15:59.286,1.55806,1.55841,1.50,1.17
2013.02.27 15:15:59.405,1.55801,1.55833,2.85,1.50
2013.02.27 15:15:59.464,1.558,1.5583,1.54,1.50
2013.02.27 15:15:59.645,1.55798,1.5583,1.17,1.88
2013.02.27 15:15:59.955,1.55798,1.55833,1.32,1.50
2013.02.27 15:16:00.015,1.55797,1.55833,1.32,1.50
2013.02.27 15:16:00.579,1.55797,1.55832,1.28,1.73
2013.02.27 15:16:00.650,1.55799,1.55835,2.25,2.10
2013.02.27 15:16:01.284,1.55798,1.55836,2.67,1.13
2013.02.27 15:16:01.525,1.55796,1.55834,2.25,2.48
2013.02.27 15:16:02.425,1.55794,1.55831,1.32,2.85
2013.02.27 15:16:02.485,1.55795,1.5583,1.50,1.73
2013.02.27 15:16:02.735,1.55795,1.55828,1.35,1.73
2013.02.27 15:16:02.855,1.55796,1.55824,1.35,1.17
2013.02.27 15:16:03.155,1.55798,1.5583,1.50,1.35
2013.02.27 15:16:03.635,1.55801,1.5583,1.50,1.35
2013.02.27 15:16:03.876,1.558,1.55837,2.48,1.13
2013.02.27 15:16:04.235,1.55805,1.55839,1.50,1.73
2013.02.27 15:16:04.481,1.55809,1.55842,1.17,1.50
2013.02.27 15:16:05.468,1.55807,1.55842,1.17,1.50
2013.02.27 15:16:06.136,1.55809,1.55842,1.17,1.50
2013.02.27 15:16:09.038,1.55809,1.55842,1.73,1.13
2013.02.27 15:16:09.676,1.5581,1.55848,1.73,1.13
2013.02.27 15:16:09.875,1.5581,1.55848,1.73,1.13
2013.02.27 15:16:10.136,1.5581,1.55847,2.48,1.13
2013.02.27 15:16:10.996,1.5581,1.55847,1.73,1.13
2013.02.27 15:16:11.116,1.5581,1.55847,1.73,1.13
2013.02.27 15:16:11.426,1.55811,1.55847,1.88,1.13
2013.02.27 15:16:12.394,1.55814,1.55847,1.50,1.50
2013.02.27 15:16:13.075,1.55813,1.55849,1.50,1.13
2013.02.27 15:16:13.817,1.55818,1.55854,1.50,1.88
2013.02.27 15:16:14.864,1.55816,1.55854,1.17,1.88
2013.02.27 15:16:15.696,1.55815,1.55851,1.50,1.50
2013.02.27 15:16:16.366,1.55815,1.55848,1.50,1.50
2013.02.27 15:16:16.485,1.55814,1.55848,1.50,1.50
2013.02.27 15:16:16.606,1.55812,1.55848,1.50,1.50
2013.02.27 15:16:16.785,1.55811,1.55848,3.19,1.73
2013.02.27 15:16:17.515,1.55811,1.55844,1.50,1.50
2013.02.27 15:16:17.885,1.55811,1.55844,1.50,1.50
2013.02.27 15:16:19.498,1.55811,1.55843,1.50,1.52
2013.02.27 15:16:19.566,1.55808,1.55843,1.09,1.52
2013.02.27 15:16:19.627,1.55807,1.55843,2.97,1.52
2013.02.27 15:16:20.046,1.55808,1.55845,1.09,2.48
2013.02.27 15:16:20.646,1.5581,1.55841,1.50,1.20
2013.02.27 15:16:21.006,1.55806,1.55837,2.33,1.17
2013.02.27 15:16:21.534,1.55807,1.55839,1.20,1.73
2013.02.27 15:16:22.327,1.55807,1.55838,1.20,1.43
2013.02.27 15:16:22.385,1.55806,1.55838,1.20,1.43
2013.02.27 15:16:22.886,1.55802,1.55838,1.69,1.73
2013.02.27 15:16:22.946,1.55806,1.55838,1.50,1.73
2013.02.27 15:16:23.905,1.55806,1.55838,1.50,1.73
2013.02.27 15:16:23.965,1.55802,1.55838,2.25,1.73
2013.02.27 15:16:24.146,1.55801,1.55834,1.13,1.73
2013.02.27 15:16:24.265,1.55797,1.55827,2.25,1.20
2013.02.27 15:16:24.324,1.55797,1.55834,2.25,2.48
2013.02.27 15:16:24.830,1.55797,1.55834,1.50,1.73
2013.02.27 15:16:24.896,1.55797,1.55834,1.50,1.73
2013.02.27 15:16:25.135,1.55806,1.55834,1.50,1.73
2013.02.27 15:16:25.405,1.55807,1.55833,1.50,2.70
2013.02.27 15:16:25.525,1.55802,1.55826,3.38,1.54
2013.02.27 15:16:26.085,1.55803,1.55827,1.50,1.23
2013.02.27 15:16:26.205,1.55803,1.55828,1.50,1.73
2013.02.27 15:16:26.625,1.55802,1.55833,1.50,1.73
2013.02.27 15:16:26.684,1.558,1.5583,1.50,1.73
2013.02.27 15:16:26.924,1.55799,1.55827,1.50,1.41
2013.02.27 15:16:27.265,1.55793,1.55826,1.50,1.43
2013.02.27 15:16:28.965,1.55798,1.55826,1.50,1.43
2013.02.27 15:16:29.638,1.55798,1.55826,1.50,1.43
2013.02.27 15:16:30.175,1.55794,1.5582,1.50,1.17
2013.02.27 15:16:30.235,1.55794,1.5582,1.50,1.17
2013.02.27 15:16:30.355,1.5579,1.55821,2.25,2.56
2013.02.27 15:16:31.079,1.55785,1.55818,1.50,1.50
2013.02.27 15:16:33.208,1.55781,1.55812,2.25,1.35
2013.02.27 15:16:33.275,1.55781,1.5581,1.50,1.32
2013.02.27 15:16:33.758,1.55782,1.55807,1.50,1.36
2013.02.27 15:16:33.964,1.55781,1.55816,3.00,1.36
2013.02.27 15:16:34.166,1.55782,1.55816,2.25,1.36
2013.02.27 15:16:35.396,1.55787,1.55816,1.50,1.36
2013.02.27 15:16:35.455,1.55787,1.55817,1.50,1.73
2013.02.27 15:16:36.175,1.55786,1.55824,1.95,1.73
2013.02.27 15:16:36.857,1.55787,1.55825,1.20,1.35
2013.02.27 15:16:36.975,1.55791,1.55828,2.33,3.60
2013.02.27 15:16:37.156,1.55797,1.55829,1.50,1.35
2013.02.27 15:16:37.216,1.55797,1.5583,2.25,1.73
2013.02.27 15:16:37.395,1.55797,1.55831,1.50,1.73
2013.02.27 15:16:38.657,1.55793,1.5583,1.50,1.58
2013.02.27 15:16:40.375,1.55795,1.55832,2.25,1.35
2013.02.27 15:16:40.675,1.55798,1.55832,1.50,1.35
2013.02.27 15:16:42.105,1.55802,1.55837,1.50,1.35
2013.02.27 15:16:42.346,1.55802,1.55837,3.00,1.35
2013.02.27 15:16:42.465,1.55805,1.55841,1.50,1.35
2013.02.27 15:16:42.586,1.55806,1.55841,1.50,1.35
2013.02.27 15:16:43.191,1.55807,1.55842,1.50,1.13
2013.02.27 15:16:43.270,1.55807,1.55844,1.50,1.13
2013.02.27 15:16:44.215,1.55807,1.55843,1.50,1.88
2013.02.27 15:16:44.575,1.55819,1.55853,1.50,1.35
2013.02.27 15:16:44.696,1.55819,1.55852,1.50,1.35
2013.02.27 15:16:44.755,1.55819,1.55852,1.50,2.10
2013.02.27 15:16:45.115,1.55814,1.5585,2.25,2.48
2013.02.27 15:16:48.106,1.55808,1.55847,1.50,2.10
2013.02.27 15:16:48.475,1.55808,1.55848,1.50,2.10
2013.02.27 15:16:50.915,1.55812,1.55847,1.50,1.35
2013.02.27 15:16:56.196,1.55812,1.55848,1.69,1.35
2013.02.27 15:16:56.255,1.55812,1.55848,1.73,1.35
2013.02.27 15:16:56.374,1.55812,1.55847,1.73,1.13
2013.02.27 15:16:56.675,1.55813,1.55849,1.50,1.28
2013.02.27 15:16:57.704,1.55813,1.55848,1.50,1.35
2013.02.27 15:16:59.705,1.55812,1.55848,1.50,1.88
2013.02.27 15:17:00.186,1.55812,1.55847,1.69,1.35
2013.02.27 15:17:01.576,1.55822,1.55851,1.50,2.48
2013.02.27 15:17:01.936,1.55837,1.5587,1.50,1.53
2013.02.27 15:17:02.176,1.55844,1.55876,2.25,1.35
2013.02.27 15:17:02.415,1.55844,1.55877,2.25,1.35
2013.02.27 15:17:02.835,1.55844,1.55874,1.50,2.10
2013.02.27 15:17:03.075,1.55838,1.5587,1.50,2.48
2013.02.27 15:17:03.196,1.55838,1.5587,1.50,2.25
2013.02.27 15:17:03.686,1.5583,1.5587,1.69,1.50
2013.02.27 15:17:06.347,1.55834,1.55866,1.50,2.25
2013.02.27 15:17:07.135,1.55832,1.55867,2.25,1.73
2013.02.27 15:17:07.345,1.55832,1.55867,2.25,1.73
2013.02.27 15:17:08.471,1.55829,1.55869,2.82,1.73
2013.02.27 15:17:08.596,1.5583,1.55869,1.50,1.73
2013.02.27 15:17:09.665,1.5583,1.55865,2.25,1.73
2013.02.27 15:17:13.115,1.5583,1.55869,2.07,1.13
2013.02.27 15:17:13.475,1.55837,1.55868,1.73,1.13
2013.02.27 15:17:14.637,1.55837,1.55873,3.23,1.13
2013.02.27 15:17:14.706,1.5584,1.55876,1.69,1.73
2013.02.27 15:17:15.009,1.55844,1.55878,1.17,2.63
2013.02.27 15:17:15.345,1.55844,1.55878,1.92,1.13
2013.02.27 15:17:15.646,1.55844,1.55881,1.92,1.50
2013.02.27 15:17:16.217,1.55844,1.55881,1.92,1.50
2013.02.27 15:17:17.666,1.55844,1.55879,1.73,1.50
2013.02.27 15:17:18.285,1.55841,1.55878,1.13,2.48
2013.02.27 15:17:18.667,1.55841,1.55878,1.13,2.48
2013.02.27 15:17:19.205,1.55841,1.55878,1.13,2.25
2013.02.27 15:17:19.355,1.55841,1.55878,1.13,2.25
2013.02.27 15:17:21.588,1.5584,1.55878,1.13,1.73
2013.02.27 15:17:22.117,1.55836,1.55876,1.50,1.73
2013.02.27 15:17:22.247,1.55838,1.55876,1.50,1.73
2013.02.27 15:17:25.595,1.55836,1.55877,3.60,1.73
2013.02.27 15:17:25.715,1.55843,1.55876,1.73,1.50
2013.02.27 15:17:25.774,1.55843,1.55876,1.73,2.25
2013.02.27 15:17:25.895,1.55846,1.55877,1.09,1.50
2013.02.27 15:17:25.955,1.55846,1.55879,1.09,1.13
2013.02.27 15:17:26.196,1.55851,1.55883,1.50,1.50
2013.02.27 15:17:26.735,1.55855,1.55887,1.50,1.50
2013.02.27 15:17:27.370,1.55855,1.5589,1.50,1.73
2013.02.27 15:17:29.596,1.55855,1.5589,1.50,1.73
2013.02.27 15:17:29.905,1.5585,1.55891,1.92,3.23
2013.02.27 15:17:30.447,1.5585,1.55887,1.50,1.73
2013.02.27 15:17:31.036,1.55849,1.55886,1.13,1.95
2013.02.27 15:17:31.156,1.55849,1.55886,1.13,1.95
2013.02.27 15:17:31.515,1.55851,1.55886,1.50,1.95
2013.02.27 15:17:31.756,1.55867,1.55889,1.88,1.13
2013.02.27 15:17:31.816,1.55867,1.55887,1.88,1.13
2013.02.27 15:17:31.995,1.55858,1.55892,4.13,1.50
2013.02.27 15:17:32.680,1.55855,1.55893,1.35,3.23
2013.02.27 15:17:34.339,1.55849,1.55888,1.73,2.25
2013.02.27 15:17:37.705,1.55853,1.55888,1.50,1.73
2013.02.27 15:17:38.555,1.55853,1.55888,1.50,2.85
2013.02.27 15:17:38.795,1.55853,1.55888,1.50,2.85
2013.02.27 15:17:39.675,1.55852,1.55888,1.50,2.85
2013.02.27 15:17:39.855,1.55849,1.55881,1.50,1.73
2013.02.27 15:17:39.915,1.55849,1.55882,2.25,2.10
2013.02.27 15:17:39.975,1.55849,1.55882,2.25,1.35
2013.02.27 15:17:40.155,1.55851,1.55884,1.92,1.50
2013.02.27 15:17:40.215,1.55851,1.55884,1.92,1.13
2013.02.27 15:17:40.916,1.55851,1.55884,2.67,1.13
2013.02.27 15:17:41.277,1.55851,1.55884,1.50,1.13
2013.02.27 15:17:41.635,1.55851,1.55884,2.48,1.13
2013.02.27 15:17:46.916,1.55853,1.55889,1.50,2.10
2013.02.27 15:17:49.694,1.5585,1.55884,1.50,1.50
2013.02.27 15:17:51.644,1.55848,1.55884,1.73,3.00
2013.02.27 15:17:53.235,1.55852,1.55886,2.48,1.50
2013.02.27 15:17:53.295,1.55858,1.55891,2.25,1.88
2013.02.27 15:17:53.806,1.55854,1.55891,1.73,1.88
2013.02.27 15:17:54.568,1.55854,1.55889,1.73,1.13
2013.02.27 15:17:55.332,1.55854,1.55891,1.73,1.88
2013.02.27 15:17:56.226,1.55855,1.5589,2.48,1.88
2013.02.27 15:17:57.038,1.55859,1.55894,2.25,2.25
2013.02.27 15:17:57.155,1.55864,1.55894,2.48,1.88
2013.02.27 15:17:57.665,1.55863,1.55895,2.48,1.13
2013.02.27 15:17:57.975,1.55863,1.55892,2.48,1.50
2013.02.27 15:17:58.155,1.55863,1.55891,1.17,1.50
2013.02.27 15:17:58.356,1.55857,1.55887,1.73,1.50
2013.02.27 15:17:58.476,1.55852,1.55884,1.50,2.25
2013.02.27 15:17:58.595,1.55852,1.55883,1.50,1.50
2013.02.27 15:17:58.656,1.55851,1.55877,1.50,1.50
2013.02.27 15:17:59.137,1.55846,1.55877,2.25,2.48
2013.02.27 15:17:59.316,1.55846,1.55873,2.25,1.73
2013.02.27 15:17:59.676,1.5585,1.5588,1.17,1.50
2013.02.27 15:17:59.735,1.55847,1.55879,1.50,1.73
2013.02.27 15:17:59.916,1.55845,1.55879,1.50,1.73
2013.02.27 15:17:59.975,1.55845,1.55881,1.73,2.10
2013.02.27 15:18:03.335,1.55848,1.55885,1.73,1.73
2013.02.27 15:18:03.515,1.55851,1.55887,1.50,1.17
2013.02.27 15:18:03.635,1.55851,1.55889,2.25,1.17
2013.02.27 15:18:03.876,1.55852,1.55887,1.50,1.17
2013.02.27 15:18:05.765,1.55855,1.5589,1.35,1.35
2013.02.27 15:18:07.165,1.55856,1.55894,1.50,1.73
2013.02.27 15:18:07.318,1.55859,1.55894,1.92,3.38
2013.02.27 15:18:07.556,1.55858,1.55895,1.92,1.88
2013.02.27 15:18:08.017,1.55859,1.55894,1.73,1.13
2013.02.27 15:18:08.196,1.55864,1.55899,2.25,2.48
2013.02.27 15:18:08.438,1.55869,1.559,1.17,1.13
2013.02.27 15:18:08.617,1.55869,1.559,1.17,1.88
2013.02.27 15:18:12.125,1.55859,1.55893,1.35,1.50
2013.02.27 15:18:12.186,1.55856,1.55892,1.32,1.69
2013.02.27 15:18:12.966,1.55855,1.55893,1.35,1.69
2013.02.27 15:18:13.386,1.55857,1.55893,1.73,1.69
2013.02.27 15:18:13.445,1.55857,1.55893,1.73,1.69
2013.02.27 15:18:13.686,1.55854,1.55892,1.69,1.69
2013.02.27 15:18:13.925,1.55853,1.55884,1.13,1.73
2013.02.27 15:18:14.225,1.55848,1.55884,1.35,1.73
2013.02.27 15:18:14.345,1.55848,1.55883,3.23,1.50
2013.02.27 15:18:14.525,1.55848,1.55883,3.23,1.50
2013.02.27 15:18:14.905,1.55846,1.55881,1.50,1.50
2013.02.27 15:18:15.955,1.55843,1.55876,2.48,1.50
2013.02.27 15:18:17.115,1.55845,1.5588,2.25,2.63
2013.02.27 15:18:17.635,1.55844,1.55878,2.25,1.50
2013.02.27 15:18:17.947,1.55844,1.55878,1.50,1.50
2013.02.27 15:18:18.126,1.55844,1.55879,2.25,1.73
2013.02.27 15:18:18.375,1.55843,1.55879,1.50,1.73
2013.02.27 15:18:18.435,1.55843,1.55879,2.25,1.73
2013.02.27 15:18:19.916,1.5584,1.55876,2.48,1.69
2013.02.27 15:18:20.277,1.55843,1.55876,1.73,1.13
2013.02.27 15:18:20.398,1.55845,1.55877,1.73,1.13
2013.02.27 15:18:20.515,1.55847,1.55876,1.73,1.13
2013.02.27 15:18:20.636,1.55847,1.5588,1.73,1.13
2013.02.27 15:18:20.817,1.55846,1.55883,1.73,1.13
2013.02.27 15:18:20.995,1.5585,1.55884,1.73,1.50
2013.02.27 15:18:21.175,1.5585,1.55885,1.73,2.63
2013.02.27 15:18:21.235,1.55851,1.55891,1.73,1.13
2013.02.27 15:18:21.356,1.55851,1.55892,3.23,1.17
2013.02.27 15:18:21.417,1.55851,1.55889,2.48,1.69
2013.02.27 15:18:23.208,1.5586,1.55895,1.50,1.69
2013.02.27 15:18:23.268,1.55858,1.55897,1.69,1.69
2013.02.27 15:18:23.507,1.55859,1.55895,3.19,2.63
2013.02.27 15:18:23.686,1.55861,1.55895,3.57,1.13
2013.02.27 15:18:23.805,1.55863,1.55895,1.50,1.13
2013.02.27 15:18:24.165,1.55862,1.55898,1.50,1.13
2013.02.27 15:18:24.225,1.55865,1.55899,1.92,2.25
2013.02.27 15:18:24.405,1.55864,1.55897,1.17,1.50
2013.02.27 15:18:26.121,1.5586,1.55895,1.17,2.25
2013.02.27 15:18:26.187,1.55854,1.55888,1.17,1.50
2013.02.27 15:18:28.913,1.55852,1.55884,1.73,1.13
2013.02.27 15:18:29.216,1.55856,1.55894,1.69,1.35
2013.02.27 15:18:29.396,1.55858,1.55889,1.17,1.13
2013.02.27 15:18:29.515,1.55861,1.55889,1.50,1.13
2013.02.27 15:18:30.058,1.55856,1.5589,1.50,1.50
2013.02.27 15:18:30.426,1.55856,1.55888,1.73,1.50
2013.02.27 15:18:30.487,1.55856,1.55884,1.50,1.73
2013.02.27 15:18:30.915,1.55855,1.55889,1.73,1.69
2013.02.27 15:18:30.975,1.5585,1.55889,2.48,1.69
2013.02.27 15:18:31.765,1.55851,1.55889,1.50,1.69
2013.02.27 15:18:33.386,1.55853,1.55889,1.73,1.69
2013.02.27 15:18:33.447,1.55853,1.55883,1.73,1.69
2013.02.27 15:18:34.016,1.5585,1.55885,1.73,2.07
2013.02.27 15:18:38.198,1.5585,1.55884,1.73,1.13
2013.02.27 15:18:38.675,1.5585,1.55885,1.50,1.13
2013.02.27 15:18:39.565,1.55849,1.55883,1.73,1.50
2013.02.27 15:18:39.925,1.55848,1.55883,1.73,3.19
2013.02.27 15:18:40.457,1.55848,1.55883,1.73,3.19
2013.02.27 15:18:40.576,1.55844,1.55878,2.48,1.50
2013.02.27 15:18:40.935,1.55844,1.55875,1.73,1.50
2013.02.27 15:18:41.055,1.55843,1.55875,1.13,2.44
2013.02.27 15:18:42.102,1.55838,1.55874,2.20,1.13
2013.02.27 15:18:42.405,1.55848,1.55878,1.05,3.19
2013.02.27 15:18:42.765,1.55841,1.55876,1.88,1.32
2013.02.27 15:18:42.833,1.55841,1.55869,1.50,1.69
2013.02.27 15:18:42.956,1.55841,1.55876,1.50,1.32
2013.02.27 15:18:43.017,1.55841,1.55872,1.50,1.13
2013.02.27 15:18:43.655,1.55841,1.55878,1.50,2.10
2013.02.27 15:18:44.015,1.5584,1.55878,1.73,1.13
2013.02.27 15:18:44.106,1.5584,1.55878,1.73,1.13
2013.02.27 15:18:44.166,1.5584,1.55876,1.73,1.13
2013.02.27 15:18:45.605,1.55837,1.5587,1.50,1.13
2013.02.27 15:18:46.096,1.55837,1.5587,1.50,1.13
2013.02.27 15:18:46.816,1.55837,1.55871,1.50,1.13
2013.02.27 15:18:47.475,1.55837,1.5587,1.50,1.13
2013.02.27 15:18:48.185,1.55834,1.5587,2.40,1.13
2013.02.27 15:18:48.642,1.55834,1.5587,2.40,1.13
2013.02.27 15:18:49.135,1.55832,1.55867,1.05,1.50
2013.02.27 15:18:49.435,1.55833,1.5586,1.05,2.25
2013.02.27 15:18:49.555,1.55833,1.55864,1.05,1.13
2013.02.27 15:18:49.836,1.55833,1.55866,1.05,1.13
2013.02.27 15:18:49.955,1.55833,1.55869,1.05,2.63
2013.02.27 15:18:50.995,1.55835,1.55869,1.30,1.13
2013.02.27 15:18:52.426,1.55835,1.55869,1.05,1.88
2013.02.27 15:18:53.965,1.55835,1.55869,1.88,1.88
2013.02.27 15:18:54.126,1.55835,1.55869,1.88,1.13
2013.02.27 15:18:54.517,1.55835,1.55869,1.88,1.88
2013.02.27 15:18:54.626,1.55835,1.55866,1.88,1.13
2013.02.27 15:18:54.805,1.55834,1.55863,3.45,1.73
2013.02.27 15:18:55.417,1.55832,1.55863,1.95,1.73
2013.02.27 15:18:55.697,1.55832,1.55863,1.20,1.73
2013.02.27 15:18:59.306,1.55832,1.55866,1.28,1.73
2013.02.27 15:18:59.607,1.55833,1.55866,1.35,1.35
2013.02.27 15:18:59.666,1.55834,1.55867,2.25,1.35
2013.02.27 15:18:59.785,1.55834,1.55867,1.50,1.92
2013.02.27 15:18:59.906,1.55831,1.55864,1.20,1.73
2013.02.27 15:19:00.026,1.5583,1.55864,1.69,1.17
2013.02.27 15:19:00.452,1.55827,1.55863,1.69,1.35
2013.02.27 15:19:00.576,1.55828,1.55865,1.69,1.35
2013.02.27 15:19:00.936,1.55844,1.55863,1.50,1.50
2013.02.27 15:19:00.996,1.55844,1.55873,2.25,1.13
2013.02.27 15:19:01.235,1.55844,1.55879,1.73,1.35
2013.02.27 15:19:01.537,1.55843,1.55878,2.48,1.35
2013.02.27 15:19:01.895,1.55844,1.55882,3.00,1.35
2013.02.27 15:19:01.956,1.55844,1.55879,3.00,1.35
2013.02.27 15:19:02.206,1.55844,1.55879,3.00,1.35
2013.02.27 15:19:02.265,1.55844,1.55878,1.50,1.35
2013.02.27 15:19:02.817,1.55844,1.55879,1.50,1.35
2013.02.27 15:19:02.876,1.55844,1.55879,1.50,1.35
2013.02.27 15:19:03.416,1.55843,1.55882,3.00,1.35
2013.02.27 15:19:03.476,1.55843,1.55882,3.23,1.35
2013.02.27 15:19:03.696,1.55843,1.55882,3.23,1.35
2013.02.27 15:19:04.116,1.55844,1.55879,1.73,1.35
2013.02.27 15:19:04.276,1.55844,1.55877,1.73,1.13
2013.02.27 15:19:06.386,1.55841,1.55874,1.28,1.17
2013.02.27 15:19:07.247,1.55837,1.55874,2.29,1.17
2013.02.27 15:19:07.487,1.55837,1.55874,2.29,1.17
2013.02.27 15:19:08.708,1.55837,1.55874,2.29,1.17
2013.02.27 15:19:09.235,1.55839,1.55871,1.50,2.48
2013.02.27 15:19:09.368,1.55834,1.5587,3.00,1.73
2013.02.27 15:19:09.725,1.55834,1.55865,1.50,2.11
2013.02.27 15:19:09.785,1.55831,1.55865,3.75,2.11
2013.02.27 15:19:10.206,1.55833,1.55865,1.50,1.36
2013.02.27 15:19:10.575,1.55831,1.55865,1.50,1.36
2013.02.27 15:19:10.645,1.5583,1.55867,3.75,1.73
2013.02.27 15:19:10.707,1.5583,1.55867,3.00,1.73
2013.02.27 15:19:10.765,1.5583,1.55867,3.75,1.73
2013.02.27 15:19:11.605,1.5583,1.55867,3.75,1.73
2013.02.27 15:19:17.467,1.55827,1.55862,1.50,3.64
2013.02.27 15:19:18.008,1.55826,1.55858,2.25,1.73
2013.02.27 15:19:26.579,1.55822,1.55856,1.50,1.73
2013.02.27 15:19:30.576,1.55818,1.55858,2.25,2.29
2013.02.27 15:19:30.797,1.55818,1.55858,2.25,2.29
2013.02.27 15:19:31.878,1.55818,1.55858,2.25,1.54
2013.02.27 15:19:31.952,1.55819,1.55857,1.50,3.04
2013.02.27 15:19:33.486,1.55819,1.55853,1.50,1.50
2013.02.27 15:19:34.138,1.55819,1.55851,1.50,1.50
2013.02.27 15:19:34.466,1.55819,1.55854,1.73,2.29
2013.02.27 15:19:34.708,1.55819,1.55854,1.50,1.17
2013.02.27 15:19:35.186,1.55816,1.55848,1.50,1.17
2013.02.27 15:19:35.436,1.55815,1.55845,1.50,1.73
2013.02.27 15:19:35.495,1.55814,1.55843,1.50,1.17
2013.02.27 15:19:35.976,1.55809,1.55839,1.50,1.73
2013.02.27 15:19:36.380,1.55809,1.55839,1.50,1.73
2013.02.27 15:19:36.696,1.55807,1.55838,1.50,2.11
2013.02.27 15:19:37.755,1.55804,1.55836,3.00,1.36
2013.02.27 15:19:38.156,1.55807,1.55839,1.50,1.17
2013.02.27 15:19:38.276,1.55808,1.55837,1.50,1.50
2013.02.27 15:19:38.835,1.55805,1.55839,1.50,1.17
2013.02.27 15:19:39.535,1.55803,1.55834,2.25,1.69
2013.02.27 15:19:39.655,1.55803,1.55838,1.50,4.32
2013.02.27 15:19:40.238,1.55799,1.55833,1.50,1.17
2013.02.27 15:19:40.838,1.55799,1.55838,1.73,2.67
2013.02.27 15:19:40.900,1.55799,1.55833,1.50,1.17
2013.02.27 15:19:41.546,1.55795,1.55832,1.73,1.17
2013.02.27 15:19:42.055,1.55798,1.55832,1.50,1.17
2013.02.27 15:19:42.365,1.55798,1.55828,1.50,1.50
2013.02.27 15:19:43.746,1.55791,1.55824,1.50,1.17
2013.02.27 15:19:43.806,1.55791,1.55824,1.50,1.17
2013.02.27 15:19:46.444,1.55782,1.55813,1.69,1.50
2013.02.27 15:19:46.685,1.55779,1.55817,1.92,1.92
2013.02.27 15:19:48.425,1.55785,1.55817,1.28,1.92
2013.02.27 15:19:48.545,1.55785,1.55813,1.28,1.50
2013.02.27 15:19:48.916,1.55785,1.55815,1.28,1.50
2013.02.27 15:19:49.535,1.55785,1.55819,1.28,1.73
2013.02.27 15:19:49.896,1.55785,1.55822,1.28,2.67
2013.02.27 15:19:50.015,1.55785,1.55822,2.25,1.92
2013.02.27 15:19:50.555,1.55787,1.55817,1.13,1.50
2013.02.27 15:19:50.676,1.55786,1.55811,1.13,1.50
2013.02.27 15:19:50.796,1.55781,1.55811,2.63,1.17
2013.02.27 15:19:50.978,1.55781,1.55814,1.35,1.50
2013.02.27 15:19:51.630,1.55778,1.55813,1.50,2.48
2013.02.27 15:19:51.935,1.55785,1.55815,1.09,2.48
2013.02.27 15:19:51.995,1.55788,1.55817,1.50,1.50
2013.02.27 15:19:52.055,1.55788,1.55822,1.50,1.73
2013.02.27 15:19:52.115,1.55785,1.55822,1.88,1.35
2013.02.27 15:19:52.425,1.5579,1.55823,1.17,1.88
2013.02.27 15:19:52.485,1.55793,1.55824,1.50,1.50
2013.02.27 15:19:57.126,1.55792,1.55825,1.50,2.25
2013.02.27 15:19:58.785,1.55792,1.55826,1.84,1.73
2013.02.27 15:19:59.449,1.55792,1.55828,1.84,1.73
2013.02.27 15:19:59.619,1.55792,1.55828,1.84,2.48
2013.02.27 15:19:59.906,1.55792,1.55827,1.84,1.73
2013.02.27 15:20:02.096,1.55793,1.5583,1.28,2.48
2013.02.27 15:20:02.517,1.55798,1.55833,1.50,1.88
2013.02.27 15:20:03.486,1.55798,1.55834,2.25,2.25
2013.02.27 15:20:03.545,1.55798,1.55834,2.25,1.50
2013.02.27 15:20:03.785,1.55798,1.55836,1.69,3.23
2013.02.27 15:20:04.446,1.55802,1.55838,1.58,1.73
2013.02.27 15:20:06.605,1.55803,1.55839,2.03,1.73
2013.02.27 15:20:06.806,1.55803,1.55841,1.92,1.17
2013.02.27 15:20:06.865,1.55803,1.5584,1.92,2.67
2013.02.27 15:20:07.045,1.55803,1.5584,1.69,2.67
2013.02.27 15:20:07.348,1.55808,1.55839,1.50,1.50
2013.02.27 15:20:07.905,1.55807,1.55844,1.50,1.54
2013.02.27 15:20:09.667,1.55806,1.55842,1.50,2.48
2013.02.27 15:20:09.730,1.55806,1.55842,1.13,2.48
2013.02.27 15:20:10.647,1.55803,1.55837,1.13,3.42
2013.02.27 15:20:10.935,1.55797,1.55831,2.07,1.73
2013.02.27 15:20:11.355,1.55797,1.55833,2.82,2.48
2013.02.27 15:20:11.475,1.55797,1.55833,2.07,1.50
2013.02.27 15:20:11.596,1.55796,1.55836,1.92,1.17
2013.02.27 15:20:12.136,1.55803,1.55836,1.09,1.73
2013.02.27 15:20:12.320,1.55805,1.55837,1.35,1.09
2013.02.27 15:20:12.746,1.55801,1.55832,1.17,2.25
2013.02.27 15:20:12.885,1.55797,1.5583,1.35,3.00
2013.02.27 15:20:14.105,1.55798,1.55835,1.50,3.23
2013.02.27 15:20:14.165,1.55798,1.55835,1.73,3.23
2013.02.27 15:20:14.527,1.55803,1.55837,2.25,2.85
2013.02.27 15:20:14.645,1.55803,1.55837,2.25,2.48
2013.02.27 15:20:14.706,1.55803,1.55837,2.25,2.48
2013.02.27 15:20:14.766,1.55803,1.55837,2.25,3.23
2013.02.27 15:20:16.196,1.55802,1.55836,1.13,2.48
2013.02.27 15:20:16.406,1.55802,1.55834,1.13,1.17
2013.02.27 15:20:16.466,1.55802,1.55835,1.50,2.48
2013.02.27 15:20:16.940,1.55802,1.55835,1.50,1.73
2013.02.27 15:20:17.188,1.55807,1.55841,1.50,1.92
2013.02.27 15:20:17.488,1.55807,1.55841,1.50,1.43
2013.02.27 15:20:17.607,1.55806,1.55841,2.25,1.43
2013.02.27 15:20:17.726,1.55806,1.55836,1.50,1.17
2013.02.27 15:20:18.038,1.55806,1.5584,1.50,1.73
2013.02.27 15:20:18.576,1.55806,1.55838,1.50,1.73
2013.02.27 15:20:19.037,1.55802,1.55838,4.13,1.73
2013.02.27 15:20:19.627,1.55804,1.55837,2.25,1.73
2013.02.27 15:20:20.116,1.55799,1.55836,2.25,1.73
2013.02.27 15:20:21.126,1.55798,1.55834,2.25,1.73
2013.02.27 15:20:21.250,1.55802,1.55834,1.50,1.13
2013.02.27 15:20:21.715,1.55801,1.55837,1.50,3.00
2013.02.27 15:20:21.915,1.55802,1.55838,1.50,1.13
2013.02.27 15:20:22.159,1.55797,1.55833,2.25,1.50
2013.02.27 15:20:22.346,1.55798,1.55833,1.13,3.98
2013.02.27 15:20:22.466,1.55798,1.55833,1.88,3.98
2013.02.27 15:20:22.716,1.55797,1.55833,1.88,1.73
2013.02.27 15:20:23.247,1.55797,1.55834,1.88,2.48
2013.02.27 15:20:23.366,1.55797,1.55833,1.88,1.73
2013.02.27 15:20:24.986,1.55796,1.55828,1.13,1.50
2013.02.27 15:20:25.046,1.55793,1.55828,1.50,1.73
2013.02.27 15:20:25.196,1.55797,1.55829,1.50,1.50
2013.02.27 15:20:25.749,1.55796,1.55832,1.17,3.23
2013.02.27 15:20:26.320,1.55795,1.55832,1.17,2.48
2013.02.27 15:20:26.617,1.55801,1.55832,1.32,3.23
2013.02.27 15:20:26.677,1.55801,1.55832,1.32,3.00
2013.02.27 15:20:27.247,1.55799,1.55829,1.50,2.48
2013.02.27 15:20:27.947,1.55798,1.5583,1.50,1.73
2013.02.27 15:20:28.637,1.55791,1.55829,1.50,1.35
2013.02.27 15:20:29.067,1.55791,1.55829,1.50,1.35
2013.02.27 15:20:29.189,1.55791,1.55829,1.50,1.35
2013.02.27 15:20:29.286,1.55791,1.55829,1.50,1.35
2013.02.27 15:20:29.850,1.55791,1.55829,1.50,1.35
2013.02.27 15:20:30.305,1.55792,1.55828,1.50,1.35
2013.02.27 15:20:30.825,1.55792,1.55828,1.50,1.35
2013.02.27 15:20:31.335,1.55795,1.5583,1.28,1.73
2013.02.27 15:20:32.073,1.55798,1.55832,1.50,2.48
2013.02.27 15:20:34.727,1.55801,1.55834,2.25,1.73
2013.02.27 15:20:34.787,1.55803,1.55835,1.50,1.13
2013.02.27 15:20:35.027,1.55803,1.55835,1.50,3.00
2013.02.27 15:20:35.376,1.55803,1.55835,1.50,3.00
2013.02.27 15:20:36.319,1.55803,1.55835,1.50,1.50
2013.02.27 15:20:36.716,1.55807,1.55835,1.50,1.13
2013.02.27 15:20:37.026,1.55807,1.55839,2.25,1.13
2013.02.27 15:20:37.967,1.55807,1.55838,2.25,1.13
2013.02.27 15:20:40.166,1.55803,1.55839,1.50,1.13
2013.02.27 15:20:40.895,1.55806,1.55839,2.48,1.13
2013.02.27 15:20:41.407,1.55807,1.55839,1.69,1.13
2013.02.27 15:20:41.606,1.55807,1.55844,1.50,1.35
2013.02.27 15:20:41.666,1.55807,1.55839,1.50,1.13
2013.02.27 15:20:41.905,1.55812,1.55842,1.50,1.35
2013.02.27 15:20:42.266,1.55818,1.55849,1.73,1.35
2013.02.27 15:20:42.696,1.55824,1.55857,2.25,1.17
2013.02.27 15:20:45.266,1.55826,1.55859,1.13,1.73
2013.02.27 15:20:45.956,1.55826,1.5586,1.13,1.73
2013.02.27 15:20:47.376,1.55827,1.5586,1.13,1.50
2013.02.27 15:20:47.997,1.55827,1.5586,1.13,1.73
2013.02.27 15:20:48.314,1.55827,1.5586,1.35,1.73
2013.02.27 15:20:48.625,1.55833,1.55861,2.25,1.35
2013.02.27 15:20:48.745,1.55837,1.55868,1.50,1.88
2013.02.27 15:20:48.866,1.5584,1.55868,1.50,1.50
2013.02.27 15:20:48.926,1.55841,1.55869,1.73,1.88
2013.02.27 15:20:49.407,1.55846,1.55863,1.50,1.50
2013.02.27 15:20:49.710,1.55833,1.55866,2.25,2.85
2013.02.27 15:20:50.221,1.55833,1.55859,2.25,1.13
2013.02.27 15:20:50.296,1.55832,1.55858,1.09,1.13
2013.02.27 15:20:50.608,1.55836,1.55867,2.25,1.35
2013.02.27 15:20:50.788,1.55838,1.55864,2.25,1.13
2013.02.27 15:20:51.027,1.55838,1.55867,2.25,1.35
2013.02.27 15:20:51.547,1.55838,1.55863,2.25,1.13
2013.02.27 15:20:51.666,1.55836,1.55859,1.50,1.13
2013.02.27 15:20:51.787,1.55836,1.55867,2.25,1.35
2013.02.27 15:20:52.703,1.55835,1.55859,3.19,1.13
2013.02.27 15:20:52.768,1.55835,1.55858,2.25,1.13
2013.02.27 15:20:53.148,1.55835,1.55868,2.25,2.10
2013.02.27 15:20:53.207,1.55835,1.55868,3.00,2.85
2013.02.27 15:20:53.327,1.55834,1.55868,1.50,2.10
2013.02.27 15:20:53.566,1.55841,1.55871,1.50,1.13
2013.02.27 15:20:53.746,1.55841,1.55868,1.50,1.13
2013.02.27 15:20:53.867,1.55841,1.55873,1.50,1.88
2013.02.27 15:20:54.106,1.5584,1.55868,1.50,1.13
2013.02.27 15:20:54.615,1.55837,1.55868,2.25,1.35
2013.02.27 15:20:55.086,1.55832,1.55867,1.69,1.05
2013.02.27 15:20:55.277,1.55829,1.55859,2.63,1.17
2013.02.27 15:20:55.396,1.55829,1.55859,1.88,1.17
2013.02.27 15:20:55.456,1.55827,1.5586,2.25,2.10
2013.02.27 15:20:55.756,1.55828,1.5586,1.73,1.13
2013.02.27 15:20:55.816,1.55829,1.5586,2.48,1.13
2013.02.27 15:20:56.176,1.55832,1.55859,1.09,1.13
2013.02.27 15:20:57.684,1.55832,1.55867,2.25,1.35
2013.02.27 15:20:57.808,1.55829,1.55864,1.50,1.73
2013.02.27 15:20:57.926,1.55831,1.55864,2.44,1.17
2013.02.27 15:20:58.227,1.55832,1.55868,1.50,2.10
2013.02.27 15:20:58.847,1.55832,1.55866,1.50,1.13
2013.02.27 15:20:58.965,1.55829,1.5586,1.50,1.35
2013.02.27 15:20:59.205,1.55829,1.55858,1.50,1.13
2013.02.27 15:20:59.946,1.55825,1.55855,1.50,1.35
2013.02.27 15:21:00.186,1.55825,1.55855,2.25,1.35
2013.02.27 15:21:01.406,1.55825,1.55854,2.25,1.89
2013.02.27 15:21:01.708,1.55824,1.55854,1.50,1.89
2013.02.27 15:21:01.769,1.55825,1.55854,1.50,1.35
2013.02.27 15:21:03.646,1.55829,1.55863,3.19,1.75
2013.02.27 15:21:03.767,1.55831,1.55863,1.50,1.35
2013.02.27 15:21:04.629,1.55835,1.55865,1.50,1.35
2013.02.27 15:21:04.701,1.55835,1.55865,1.50,1.35
2013.02.27 15:21:05.006,1.55838,1.55869,1.50,1.35
2013.02.27 15:21:05.126,1.55838,1.55864,3.00,1.13
2013.02.27 15:21:05.486,1.55842,1.55869,1.50,2.10
2013.02.27 15:21:05.998,1.55838,1.55866,1.50,1.17
2013.02.27 15:21:06.118,1.55837,1.55866,2.25,1.17
2013.02.27 15:21:06.236,1.55837,1.55868,2.25,1.17
2013.02.27 15:21:06.883,1.55836,1.55866,1.50,1.17
2013.02.27 15:21:08.635,1.55837,1.5587,1.09,1.05
2013.02.27 15:21:08.816,1.55843,1.55869,1.50,1.35
2013.02.27 15:21:08.875,1.55843,1.55869,1.50,1.35
2013.02.27 15:21:08.936,1.55843,1.55869,1.50,1.35
2013.02.27 15:21:08.996,1.55842,1.55869,1.50,1.35
2013.02.27 15:21:09.156,1.55834,1.55869,3.04,1.35
2013.02.27 15:21:09.216,1.55838,1.55868,1.50,1.35
2013.02.27 15:21:09.455,1.55838,1.55873,2.25,1.35
2013.02.27 15:21:09.576,1.55838,1.55868,2.25,1.35
2013.02.27 15:21:09.996,1.5584,1.55869,2.25,1.35
2013.02.27 15:21:10.656,1.55841,1.55873,2.25,2.10
2013.02.27 15:21:10.955,1.55843,1.55874,1.50,1.35
2013.02.27 15:21:13.757,1.55848,1.55881,3.00,1.73
2013.02.27 15:21:14.016,1.5585,1.55881,1.50,1.73
2013.02.27 15:21:15.527,1.5585,1.55881,1.50,1.73
2013.02.27 15:21:15.648,1.55853,1.55882,1.50,1.73
2013.02.27 15:21:16.155,1.55854,1.55884,1.50,1.73
2013.02.27 15:21:17.188,1.55855,1.55886,1.50,1.35
2013.02.27 15:21:17.377,1.55857,1.55887,1.50,1.35
2013.02.27 15:21:17.882,1.5586,1.55888,2.25,1.73
2013.02.27 15:21:18.196,1.55858,1.55888,2.25,1.73
2013.02.27 15:21:18.615,1.55848,1.55881,1.50,1.50
2013.02.27 15:21:18.735,1.55846,1.55879,1.13,1.50
2013.02.27 15:21:18.916,1.55842,1.55879,2.25,1.50
2013.02.27 15:21:19.036,1.55842,1.55879,2.25,1.50
2013.02.27 15:21:19.259,1.55842,1.55879,2.25,1.73
2013.02.27 15:21:19.377,1.55842,1.55879,2.25,1.73
2013.02.27 15:21:19.855,1.55844,1.55879,1.50,1.73
2013.02.27 15:21:20.436,1.55844,1.55881,1.50,1.73
2013.02.27 15:21:20.496,1.55844,1.55881,1.50,1.50
2013.02.27 15:21:20.796,1.55842,1.55874,1.50,1.35
2013.02.27 15:21:20.916,1.55842,1.55874,2.25,1.35
2013.02.27 15:21:21.357,1.55842,1.55874,2.25,1.35
2013.02.27 15:21:21.861,1.55842,1.55874,2.25,1.35
2013.02.27 15:21:22.186,1.55842,1.55879,2.25,1.13
2013.02.27 15:21:22.698,1.55845,1.55879,2.25,1.13
2013.02.27 15:21:23.028,1.55842,1.55879,1.50,2.10
2013.02.27 15:21:23.469,1.55839,1.55874,2.25,1.35
2013.02.27 15:21:24.090,1.55839,1.55874,2.25,1.35
2013.02.27 15:21:24.156,1.55844,1.55873,1.50,1.13
2013.02.27 15:21:26.786,1.55847,1.55879,1.50,1.35
2013.02.27 15:21:26.845,1.55847,1.55879,2.25,1.35
2013.02.27 15:21:26.965,1.55847,1.55879,1.50,1.35
2013.02.27 15:21:27.446,1.55846,1.55875,2.25,1.32
2013.02.27 15:21:27.566,1.55846,1.55878,2.25,1.50
2013.02.27 15:21:27.626,1.55846,1.55879,2.25,1.35
2013.02.27 15:21:27.936,1.55846,1.55881,2.25,1.35
2013.02.27 15:21:28.450,1.55847,1.55879,1.50,1.13
2013.02.27 15:21:29.436,1.55853,1.55884,1.50,1.13
2013.02.27 15:21:30.204,1.55853,1.55887,1.50,1.13
2013.02.27 15:21:30.586,1.55851,1.55888,1.50,1.13
2013.02.27 15:21:31.375,1.55851,1.55884,1.50,1.13
2013.02.27 15:21:31.566,1.55851,1.55883,1.50,2.25
2013.02.27 15:21:31.638,1.55851,1.55883,1.50,1.50
2013.02.27 15:21:32.076,1.5585,1.55885,1.50,1.13
2013.02.27 15:21:32.136,1.5585,1.55885,1.50,1.13
2013.02.27 15:21:33.341,1.55847,1.55884,1.50,1.73
2013.02.27 15:21:33.727,1.55847,1.55883,1.50,1.73
2013.02.27 15:21:34.145,1.55847,1.55883,1.50,1.73
2013.02.27 15:21:34.604,1.55845,1.55879,1.50,1.13
2013.02.27 15:21:35.218,1.55842,1.55877,2.25,1.73
2013.02.27 15:21:36.186,1.55843,1.55876,2.25,1.73
2013.02.27 15:21:36.246,1.55842,1.5588,3.75,2.58
2013.02.27 15:21:36.545,1.55842,1.55879,3.75,1.73
2013.02.27 15:21:36.605,1.55842,1.55879,1.50,1.35
2013.02.27 15:21:36.847,1.55834,1.55874,2.85,1.13
2013.02.27 15:21:38.346,1.55835,1.55874,3.00,1.35
2013.02.27 15:21:38.655,1.55834,1.55871,3.23,3.00
2013.02.27 15:21:38.991,1.55842,1.55867,1.13,1.88
2013.02.27 15:21:39.236,1.55841,1.55868,1.13,1.13
2013.02.27 15:21:39.296,1.55831,1.55868,5.50,1.13
2013.02.27 15:21:39.596,1.55837,1.5587,1.13,1.73
2013.02.27 15:21:39.656,1.55841,1.55869,1.13,1.35
2013.02.27 15:21:39.896,1.55833,1.55869,1.50,1.35
2013.02.27 15:21:40.195,1.55832,1.55866,1.50,1.73
2013.02.27 15:21:40.496,1.55841,1.55874,1.50,1.35
2013.02.27 15:21:40.855,1.55842,1.55879,1.50,1.13
2013.02.27 15:21:41.640,1.55841,1.55879,2.25,1.35
2013.02.27 15:21:41.707,1.55841,1.55881,2.25,1.13
2013.02.27 15:21:42.006,1.55841,1.55879,2.25,1.13
2013.02.27 15:21:43.173,1.55841,1.55881,2.25,1.13
2013.02.27 15:21:44.135,1.55848,1.55881,1.50,1.13
2013.02.27 15:21:44.407,1.55852,1.55884,1.73,1.88
2013.02.27 15:21:44.645,1.55844,1.5588,2.25,1.50
2013.02.27 15:21:44.886,1.55845,1.5588,1.73,1.88
2013.02.27 15:21:45.066,1.5584,1.55876,1.50,1.50
2013.02.27 15:21:46.266,1.55835,1.55869,1.50,1.50
2013.02.27 15:21:46.505,1.55835,1.55869,1.50,1.50
2013.02.27 15:21:48.065,1.55836,1.55868,1.50,1.50
2013.02.27 15:21:48.185,1.55836,1.55869,1.50,1.13
2013.02.27 15:21:48.565,1.55835,1.5587,1.50,1.50
2013.02.27 15:21:48.686,1.55835,1.55872,1.50,1.50
2013.02.27 15:21:51.395,1.55835,1.5587,1.50,1.50
2013.02.27 15:21:51.464,1.55835,1.5587,1.50,1.50
2013.02.27 15:21:51.781,1.55836,1.55867,1.50,1.73
2013.02.27 15:21:52.645,1.55836,1.55867,1.50,1.50
2013.02.27 15:21:53.027,1.55836,1.55867,1.50,1.50
2013.02.27 15:21:53.986,1.55836,1.5587,1.50,1.50
2013.02.27 15:21:56.825,1.55836,1.55871,1.50,1.50
2013.02.27 15:21:57.126,1.55836,1.5587,1.50,1.50
2013.02.27 15:21:57.196,1.55836,1.55869,1.50,1.50
2013.02.27 15:21:57.497,1.55832,1.55867,2.25,2.10
2013.02.27 15:21:57.806,1.55832,1.55866,2.25,1.35
2013.02.27 15:21:59.396,1.55832,1.55865,1.50,1.50
2013.02.27 15:21:59.756,1.55829,1.55859,1.13,1.50
2013.02.27 15:22:00.299,1.55822,1.55859,1.92,2.25
2013.02.27 15:22:04.307,1.55824,1.55859,1.50,1.73
2013.02.27 15:22:04.861,1.5582,1.55859,3.38,2.48
2013.02.27 15:22:05.636,1.5582,1.5586,1.88,2.48
2013.02.27 15:22:05.784,1.55824,1.5586,1.35,2.48
2013.02.27 15:22:05.905,1.55824,1.5586,1.35,2.48
2013.02.27 15:22:06.097,1.55824,1.5586,1.35,2.48
2013.02.27 15:22:06.446,1.55824,1.55859,1.50,1.50
2013.02.27 15:22:07.058,1.55827,1.55861,1.50,1.35
2013.02.27 15:22:07.176,1.55828,1.55861,1.50,1.35
2013.02.27 15:22:07.236,1.55833,1.55861,1.50,1.13
2013.02.27 15:22:07.477,1.55833,1.55868,1.50,1.35
2013.02.27 15:22:07.597,1.55833,1.55864,1.50,1.13
2013.02.27 15:22:07.808,1.55833,1.55865,1.50,1.13
2013.02.27 15:22:08.388,1.55832,1.55869,1.50,1.73
2013.02.27 15:22:09.075,1.55838,1.55871,1.50,1.13
2013.02.27 15:22:10.696,1.5584,1.55875,2.25,1.35
2013.02.27 15:22:11.056,1.55841,1.55872,1.50,1.50
2013.02.27 15:22:11.369,1.55841,1.55872,1.50,1.50
2013.02.27 15:22:11.877,1.55836,1.55874,1.50,1.73
2013.02.27 15:22:12.946,1.55833,1.55869,1.50,2.48
2013.02.27 15:22:13.066,1.55832,1.55869,1.50,2.48
2013.02.27 15:22:13.876,1.55832,1.55868,1.50,2.48
2013.02.27 15:22:17.548,1.5583,1.55868,1.88,3.23
2013.02.27 15:22:18.193,1.55826,1.55865,4.88,2.85
2013.02.27 15:22:25.258,1.5583,1.55865,1.69,2.10
2013.02.27 15:22:25.376,1.55834,1.55866,1.50,1.35
2013.02.27 15:22:25.496,1.55834,1.55866,1.73,1.13
2013.02.27 15:22:25.556,1.55837,1.55871,1.88,2.10
2013.02.27 15:22:27.379,1.55837,1.55872,2.48,1.35
2013.02.27 15:22:27.697,1.55837,1.55866,1.50,1.35
2013.02.27 15:22:28.006,1.55828,1.55865,1.17,2.10
2013.02.27 15:22:28.635,1.55828,1.55865,1.17,1.73
2013.02.27 15:22:31.305,1.55825,1.55854,1.50,1.50
2013.02.27 15:22:31.365,1.55826,1.55856,1.50,1.35
2013.02.27 15:22:31.426,1.55826,1.55856,1.50,2.10
2013.02.27 15:22:32.501,1.55827,1.55856,1.17,1.88
2013.02.27 15:22:33.035,1.55827,1.55856,1.17,1.13
2013.02.27 15:22:33.156,1.55827,1.55856,1.17,1.88
2013.02.27 15:22:33.276,1.55826,1.55856,1.17,1.88
2013.02.27 15:22:33.337,1.55826,1.55855,1.17,1.50
2013.02.27 15:22:33.460,1.55821,1.55854,1.69,1.50
2013.02.27 15:22:33.529,1.55821,1.55854,1.69,1.50
2013.02.27 15:22:33.662,1.55817,1.55852,4.65,1.13
2013.02.27 15:22:33.731,1.55817,1.55852,3.53,1.35
2013.02.27 15:22:33.797,1.55817,1.55852,2.78,1.35
2013.02.27 15:22:33.919,1.55812,1.55846,1.50,2.25
2013.02.27 15:22:34.436,1.55806,1.55841,1.50,1.73
2013.02.27 15:22:34.736,1.55807,1.5584,1.50,1.73
2013.02.27 15:22:35.165,1.55806,1.5584,1.50,1.73
2013.02.27 15:22:35.384,1.55806,1.5584,2.25,1.73
2013.02.27 15:22:35.998,1.55805,1.5584,1.50,1.73
2013.02.27 15:22:36.575,1.55802,1.55838,2.25,1.35
2013.02.27 15:22:37.473,1.55804,1.55837,2.25,1.35
2013.02.27 15:22:37.756,1.55803,1.55837,2.25,1.13
2013.02.27 15:22:38.066,1.55803,1.55839,1.50,1.13
2013.02.27 15:22:38.417,1.55803,1.55838,1.50,1.13
2013.02.27 15:22:38.937,1.55803,1.55839,1.50,1.13
2013.02.27 15:22:39.459,1.55804,1.55839,1.50,1.13
2013.02.27 15:22:39.817,1.55825,1.5585,1.50,1.35
2013.02.27 15:22:40.176,1.55823,1.55853,1.13,1.35
2013.02.27 15:22:40.528,1.55823,1.55857,1.13,1.35
2013.02.27 15:22:40.589,1.55824,1.55858,1.50,1.35
2013.02.27 15:22:40.675,1.55824,1.55854,1.50,1.35
2013.02.27 15:22:40.736,1.55823,1.55857,2.63,1.35
2013.02.27 15:22:40.795,1.55823,1.55857,2.63,1.35
2013.02.27 15:22:41.050,1.55823,1.55855,1.50,1.73
2013.02.27 15:22:41.175,1.55822,1.55853,1.50,1.73
2013.02.27 15:22:41.362,1.55823,1.55853,1.50,1.73
2013.02.27 15:22:41.549,1.55822,1.55853,1.50,1.35
2013.02.27 15:22:42.346,1.55818,1.55852,1.50,1.35
2013.02.27 15:22:42.597,1.55815,1.5585,3.00,1.73
2013.02.27 15:22:42.927,1.55815,1.5585,3.00,1.73
2013.02.27 15:22:43.706,1.55809,1.55845,1.13,1.65
2013.02.27 15:22:44.007,1.55826,1.55844,1.13,1.88
2013.02.27 15:22:44.246,1.55825,1.55859,2.07,1.35
2013.02.27 15:22:44.377,1.55828,1.55859,1.32,1.35
2013.02.27 15:22:44.436,1.55829,1.55858,2.25,1.35
2013.02.27 15:22:44.497,1.55829,1.55858,2.25,1.35
2013.02.27 15:22:44.855,1.55827,1.55864,2.25,1.30
2013.02.27 15:22:45.215,1.55827,1.5586,2.25,1.05
2013.02.27 15:22:45.696,1.55827,1.55862,1.50,1.23
2013.02.27 15:22:45.887,1.55824,1.55859,2.25,1.92
2013.02.27 15:22:46.007,1.55825,1.5586,1.50,1.17
2013.02.27 15:22:46.587,1.55822,1.55858,1.13,1.17
2013.02.27 15:22:46.765,1.55822,1.55859,1.17,1.88
2013.02.27 15:22:47.307,1.55828,1.55863,1.50,1.35
2013.02.27 15:22:47.548,1.55826,1.55863,1.50,1.35
2013.02.27 15:22:47.666,1.55825,1.55864,2.44,2.10
2013.02.27 15:22:49.386,1.5583,1.55865,2.25,1.73
2013.02.27 15:22:49.768,1.55828,1.55861,1.50,2.48
2013.02.27 15:22:49.886,1.55828,1.55861,2.25,2.48
2013.02.27 15:22:50.066,1.55827,1.55864,1.54,2.10
2013.02.27 15:22:50.189,1.55828,1.55864,1.32,2.10
2013.02.27 15:22:50.426,1.55828,1.55864,1.32,1.35
2013.02.27 15:22:50.727,1.55828,1.55865,2.07,2.25
2013.02.27 15:22:50.846,1.55828,1.55865,2.07,2.25
2013.02.27 15:22:51.026,1.55823,1.5586,1.69,1.73
2013.02.27 15:22:51.146,1.55823,1.5586,1.50,2.48
2013.02.27 15:22:51.506,1.55823,1.55858,1.50,1.73
2013.02.27 15:22:51.626,1.55824,1.5586,1.50,1.73
2013.02.27 15:22:51.807,1.55824,1.55854,2.25,1.73
2013.02.27 15:22:51.926,1.55824,1.55854,2.25,1.73
2013.02.27 15:22:52.167,1.55823,1.55859,2.25,1.17
2013.02.27 15:22:52.627,1.55823,1.55859,1.69,1.35
2013.02.27 15:22:53.186,1.5582,1.55855,1.50,2.48
2013.02.27 15:22:55.377,1.55814,1.55854,1.69,2.10
2013.02.27 15:22:55.436,1.55815,1.55855,1.35,2.85
2013.02.27 15:22:55.605,1.55815,1.55855,1.35,2.85
2013.02.27 15:22:57.745,1.55821,1.55854,1.50,2.63
2013.02.27 15:22:58.663,1.55815,1.55851,2.25,1.73
2013.02.27 15:23:00.386,1.55812,1.55851,1.13,2.48
2013.02.27 15:23:00.570,1.55809,1.55841,1.13,1.50
2013.02.27 15:23:00.817,1.55809,1.55839,1.13,1.50
2013.02.27 15:23:01.416,1.55801,1.55835,2.25,1.73
2013.02.27 15:23:01.476,1.55802,1.55839,2.48,2.85
2013.02.27 15:23:01.596,1.55802,1.55839,2.48,2.10
2013.02.27 15:23:01.880,1.5581,1.55843,1.50,2.63
2013.02.27 15:23:03.529,1.55811,1.55843,1.50,1.13
2013.02.27 15:23:04.135,1.55812,1.55847,1.13,1.73
2013.02.27 15:23:04.255,1.55812,1.55849,1.35,2.48
2013.02.27 15:23:04.816,1.55815,1.55847,1.50,1.73
2013.02.27 15:23:06.339,1.55814,1.55848,2.25,1.73
2013.02.27 15:23:06.697,1.55814,1.55848,2.25,1.73
2013.02.27 15:23:08.937,1.55813,1.55848,2.25,2.36
2013.02.27 15:23:09.685,1.55813,1.55838,1.50,1.17
2013.02.27 15:23:09.987,1.55806,1.55838,3.38,1.17
2013.02.27 15:23:10.046,1.55806,1.55838,3.38,1.17
2013.02.27 15:23:10.637,1.55809,1.55844,2.25,1.73
2013.02.27 15:23:11.214,1.55809,1.55847,2.25,1.73
2013.02.27 15:23:11.595,1.55811,1.55846,1.50,1.73
2013.02.27 15:23:11.716,1.55812,1.5585,1.17,2.48
2013.02.27 15:23:11.776,1.55812,1.5585,1.17,2.48
2013.02.27 15:23:12.136,1.55813,1.5585,1.32,1.73
2013.02.27 15:23:12.875,1.55813,1.5585,1.28,1.73
2013.02.27 15:23:12.935,1.55812,1.55846,2.07,1.73
2013.02.27 15:23:13.416,1.55808,1.55842,2.25,1.73
2013.02.27 15:23:13.727,1.55811,1.55846,1.50,1.73
2013.02.27 15:23:13.845,1.5581,1.55846,2.25,1.73
2013.02.27 15:23:13.965,1.55811,1.55845,3.00,1.73
2013.02.27 15:23:14.145,1.55817,1.55849,1.50,1.13
2013.02.27 15:23:14.690,1.55816,1.55852,2.25,1.73
2013.02.27 15:23:14.878,1.55817,1.55852,1.50,1.73
2013.02.27 15:23:15.064,1.55822,1.55851,1.50,1.35
2013.02.27 15:23:15.616,1.55822,1.55859,2.25,2.48
2013.02.27 15:23:15.916,1.55822,1.5586,2.25,1.28
2013.02.27 15:23:15.976,1.55825,1.55856,1.50,1.73
2013.02.27 15:23:16.036,1.55825,1.55856,1.50,1.73
2013.02.27 15:23:16.915,1.55826,1.55858,1.50,1.88
2013.02.27 15:23:17.701,1.55826,1.55858,1.50,1.88
2013.02.27 15:23:18.087,1.55826,1.55858,1.50,1.13
2013.02.27 15:23:18.408,1.55826,1.55859,1.50,1.13
2013.02.27 15:23:18.677,1.55826,1.55858,1.50,1.50
2013.02.27 15:23:22.072,1.55826,1.55858,1.50,1.73
2013.02.27 15:23:23.175,1.55826,1.55858,1.50,2.10
2013.02.27 15:23:23.476,1.55823,1.55856,1.50,1.43
2013.02.27 15:23:24.425,1.55821,1.55854,1.50,1.73
2013.02.27 15:23:24.736,1.55823,1.55854,1.50,1.50
2013.02.27 15:23:24.917,1.55826,1.55859,1.50,2.25
2013.02.27 15:23:25.166,1.55823,1.55859,1.69,2.25
2013.02.27 15:23:25.526,1.55826,1.55859,1.50,2.48
2013.02.27 15:23:25.855,1.55826,1.55859,1.50,2.48
2013.02.27 15:23:26.547,1.55826,1.55859,1.50,1.73
2013.02.27 15:23:27.086,1.55823,1.55859,1.50,2.48
2013.02.27 15:23:31.587,1.55829,1.55862,1.50,3.27
2013.02.27 15:23:31.946,1.55825,1.55845,1.88,1.52
2013.02.27 15:23:32.068,1.55825,1.55845,1.13,1.20
2013.02.27 15:23:32.469,1.55828,1.55855,1.50,2.22
2013.02.27 15:23:32.655,1.5583,1.55861,1.50,1.45
2013.02.27 15:23:32.716,1.55828,1.55862,1.50,1.35
2013.02.27 15:23:32.895,1.55827,1.55863,2.25,2.10
2013.02.27 15:23:34.326,1.55821,1.55854,1.50,1.73
2013.02.27 15:23:34.808,1.55818,1.55849,1.88,1.73
2013.02.27 15:23:35.356,1.55818,1.55849,1.50,1.73
2013.02.27 15:23:35.476,1.55818,1.55849,1.50,1.73
2013.02.27 15:23:35.806,1.55818,1.55847,1.50,1.73
2013.02.27 15:23:35.925,1.55818,1.55847,1.50,1.73
2013.02.27 15:23:36.311,1.55816,1.55848,1.50,1.73
2013.02.27 15:23:36.889,1.55816,1.5585,1.50,1.50
2013.02.27 15:23:37.776,1.55816,1.55851,1.50,1.50
2013.02.27 15:23:38.087,1.55816,1.5585,1.50,1.50
2013.02.27 15:23:39.069,1.55816,1.5585,1.50,1.73
2013.02.27 15:23:39.126,1.55816,1.55849,1.50,1.73
2013.02.27 15:23:39.266,1.55816,1.55846,1.50,1.50
2013.02.27 15:23:39.507,1.55816,1.5585,1.50,2.25
2013.02.27 15:23:39.566,1.55816,1.5585,1.50,2.25
2013.02.27 15:23:40.050,1.55817,1.5585,1.50,1.50
2013.02.27 15:23:40.606,1.55819,1.55854,1.50,1.73
2013.02.27 15:23:40.907,1.55818,1.55854,2.25,1.73
2013.02.27 15:23:41.106,1.55821,1.55854,2.25,1.73
2013.02.27 15:23:41.165,1.55821,1.55853,2.25,1.50
2013.02.27 15:23:43.019,1.55818,1.55853,1.88,3.23
2013.02.27 15:23:43.168,1.55818,1.55853,1.88,3.00
2013.02.27 15:23:43.347,1.55818,1.55853,1.88,2.48
2013.02.27 15:23:43.571,1.55818,1.55853,1.88,3.23
2013.02.27 15:23:44.296,1.55818,1.55853,1.88,2.48
2013.02.27 15:23:44.626,1.55818,1.55853,1.88,1.50
2013.02.27 15:23:44.865,1.55821,1.5585,1.50,1.50
2013.02.27 15:23:44.925,1.55818,1.55853,1.69,1.50
2013.02.27 15:23:45.406,1.55817,1.55853,1.88,1.73
2013.02.27 15:23:45.857,1.55822,1.55852,1.50,1.50
2013.02.27 15:23:46.617,1.55822,1.5585,1.50,1.50
2013.02.27 15:23:46.947,1.55822,1.55852,1.50,1.50
2013.02.27 15:23:47.332,1.55822,1.5585,1.50,1.50
2013.02.27 15:23:47.926,1.55817,1.5585,1.13,1.73
2013.02.27 15:23:47.986,1.55817,1.5585,1.13,1.73
2013.02.27 15:23:48.936,1.55812,1.55844,2.25,1.73
2013.02.27 15:23:48.996,1.55812,1.55844,2.25,1.73
2013.02.27 15:23:49.366,1.55812,1.55844,2.25,1.73
2013.02.27 15:23:49.705,1.55812,1.55844,2.25,1.50
2013.02.27 15:23:50.056,1.55812,1.55846,1.50,1.50
2013.02.27 15:23:50.116,1.55812,1.55845,1.50,1.50
2013.02.27 15:23:50.988,1.55812,1.55845,1.50,1.50
2013.02.27 15:23:51.071,1.55812,1.55845,1.50,1.50
2013.02.27 15:23:51.406,1.55812,1.55846,1.50,1.50
2013.02.27 15:23:51.736,1.55812,1.55845,1.50,1.50
2013.02.27 15:23:52.512,1.55812,1.55845,1.50,1.50
2013.02.27 15:23:52.635,1.55815,1.55845,1.50,1.50
2013.02.27 15:23:52.955,1.55815,1.55846,1.50,1.73
2013.02.27 15:23:53.246,1.55815,1.55845,1.50,1.73
2013.02.27 15:23:53.446,1.55815,1.55846,1.50,1.73
2013.02.27 15:23:53.805,1.55815,1.55849,1.50,1.73
2013.02.27 15:23:54.206,1.55815,1.55848,1.50,1.73
2013.02.27 15:23:54.571,1.55815,1.55849,1.50,1.73
2013.02.27 15:23:54.915,1.55815,1.55848,1.50,1.73
2013.02.27 15:23:55.436,1.55812,1.55843,1.50,1.50
2013.02.27 15:23:55.735,1.55806,1.55838,2.25,1.50
2013.02.27 15:23:56.395,1.55803,1.55838,2.25,2.25
2013.02.27 15:23:56.904,1.55804,1.55833,2.25,3.75
2013.02.27 15:23:56.979,1.55804,1.55833,2.25,3.00
2013.02.27 15:23:57.241,1.55804,1.55833,2.25,3.75
2013.02.27 15:23:57.726,1.55804,1.55834,2.25,2.48
2013.02.27 15:23:57.797,1.55804,1.55833,2.25,1.50
2013.02.27 15:23:58.567,1.55807,1.55833,1.50,2.25
2013.02.27 15:23:58.886,1.55797,1.55829,2.25,1.34
2013.02.27 15:23:58.946,1.55797,1.55829,1.50,2.09
2013.02.27 15:23:59.365,1.55797,1.55823,1.50,1.73
2013.02.27 15:23:59.485,1.55793,1.55822,1.50,1.73
2013.02.27 15:23:59.907,1.55793,1.55823,2.25,2.48
2013.02.27 15:24:00.026,1.55793,1.55826,2.25,1.73
2013.02.27 15:24:00.207,1.55795,1.55826,1.50,1.73
2013.02.27 15:24:00.266,1.55795,1.55826,1.50,1.73
2013.02.27 15:24:00.326,1.55799,1.55826,2.25,1.73
2013.02.27 15:24:00.506,1.55801,1.55833,1.50,1.73
2013.02.27 15:24:00.566,1.55801,1.55833,1.50,1.73
2013.02.27 15:24:00.866,1.55805,1.55838,2.25,1.73
2013.02.27 15:24:01.045,1.55805,1.55838,2.25,1.73
2013.02.27 15:24:01.196,1.55805,1.55838,2.25,1.73
2013.02.27 15:24:01.406,1.55805,1.55842,1.50,1.50
2013.02.27 15:24:01.589,1.55803,1.5584,1.50,1.50
2013.02.27 15:24:01.895,1.55799,1.55835,1.50,1.50
2013.02.27 15:24:02.135,1.55799,1.55834,1.50,1.50
2013.02.27 15:24:03.606,1.558,1.55835,1.50,1.73
2013.02.27 15:24:03.727,1.558,1.55834,1.50,1.50
2013.02.27 15:24:04.087,1.558,1.55834,3.00,1.73
2013.02.27 15:24:04.542,1.558,1.55834,3.00,1.50
2013.02.27 15:24:04.816,1.558,1.55834,3.00,1.50
2013.02.27 15:24:06.357,1.558,1.55835,2.25,1.50
2013.02.27 15:24:06.857,1.55802,1.55838,2.63,1.73
2013.02.27 15:24:07.427,1.55803,1.55835,2.25,3.23
2013.02.27 15:24:07.786,1.55794,1.55828,1.35,1.50
2013.02.27 15:24:07.906,1.55794,1.55828,1.13,2.48
2013.02.27 15:24:10.387,1.55784,1.55819,1.50,1.50
2013.02.27 15:24:11.032,1.55785,1.55818,2.25,1.13
2013.02.27 15:24:11.466,1.55785,1.55817,2.25,1.50
2013.02.27 15:24:11.906,1.55791,1.55821,2.25,1.73
2013.02.27 15:24:12.506,1.55789,1.55819,2.25,1.50
2013.02.27 15:24:14.616,1.55782,1.55817,1.13,2.25
2013.02.27 15:24:16.746,1.55776,1.55804,1.50,1.50
2013.02.27 15:24:17.106,1.55785,1.55806,1.50,1.13
2013.02.27 15:24:17.226,1.55783,1.55814,1.50,1.50
2013.02.27 15:24:17.467,1.55788,1.55816,1.50,1.73
2013.02.27 15:24:18.048,1.55791,1.5582,1.50,1.73
2013.02.27 15:24:19.288,1.55791,1.55819,1.50,2.48
2013.02.27 15:24:20.124,1.55786,1.55818,2.63,3.23
2013.02.27 15:24:20.306,1.55786,1.55819,1.50,3.23
2013.02.27 15:24:20.940,1.55786,1.55819,1.50,3.23
2013.02.27 15:24:21.285,1.55786,1.55818,1.88,1.73
2013.02.27 15:24:21.468,1.55786,1.55818,1.88,1.73
2013.02.27 15:24:21.823,1.55786,1.55818,1.88,1.73
2013.02.27 15:24:21.976,1.55786,1.55818,1.88,1.73
2013.02.27 15:24:24.937,1.55783,1.55814,1.50,1.50
2013.02.27 15:24:24.998,1.55781,1.55812,1.88,1.73
2013.02.27 15:24:25.067,1.55782,1.55812,1.50,1.73
2013.02.27 15:24:25.127,1.5578,1.55812,2.63,1.34
2013.02.27 15:24:25.248,1.55783,1.55813,1.50,1.73
2013.02.27 15:24:27.556,1.55781,1.55812,1.88,1.17
2013.02.27 15:24:27.921,1.55781,1.55814,1.50,2.48
2013.02.27 15:24:28.176,1.55781,1.55813,1.50,1.73
2013.02.27 15:24:28.362,1.55781,1.55814,1.50,1.73
2013.02.27 15:24:28.910,1.55781,1.55813,1.50,1.73
2013.02.27 15:24:29.176,1.55777,1.55813,1.50,2.48
2013.02.27 15:24:29.676,1.55777,1.55812,1.50,1.73
2013.02.27 15:24:29.945,1.55777,1.55812,1.50,1.73
2013.02.27 15:24:31.066,1.55777,1.55812,1.50,1.73
2013.02.27 15:24:31.726,1.55774,1.55813,2.67,1.73
2013.02.27 15:24:32.420,1.55776,1.55812,1.13,1.73
2013.02.27 15:24:32.487,1.55774,1.55809,1.50,1.50
2013.02.27 15:24:33.927,1.55773,1.5581,1.50,2.48
2013.02.27 15:24:34.286,1.55772,1.55806,1.50,2.25
2013.02.27 15:24:34.645,1.55769,1.55803,2.25,1.50
2013.02.27 15:24:34.705,1.55769,1.55803,1.50,1.50
2013.02.27 15:24:34.946,1.55765,1.55802,1.50,3.23
2013.02.27 15:24:35.185,1.55765,1.55799,1.50,2.25
2013.02.27 15:24:35.245,1.55763,1.55799,1.50,1.69
2013.02.27 15:24:35.365,1.55763,1.55799,1.88,2.25
2013.02.27 15:24:36.290,1.55763,1.55798,1.13,1.73
2013.02.27 15:24:36.477,1.55766,1.55799,1.69,1.50
2013.02.27 15:24:38.326,1.55766,1.55798,1.69,1.50
2013.02.27 15:24:38.509,1.55761,1.55794,1.50,1.50
2013.02.27 15:24:38.806,1.55757,1.55791,1.13,1.50
2013.02.27 15:24:38.927,1.55756,1.55781,1.13,1.50
2013.02.27 15:24:39.047,1.55752,1.5578,1.35,1.50
2013.02.27 15:24:39.226,1.55751,1.5578,1.13,1.50
2013.02.27 15:24:39.698,1.55747,1.55781,2.25,1.50
2013.02.27 15:24:40.056,1.55748,1.55781,1.50,1.73
2013.02.27 15:24:40.118,1.55748,1.55781,1.50,1.73
2013.02.27 15:24:40.476,1.55747,1.55776,1.13,1.73
2013.02.27 15:24:40.741,1.55747,1.55776,1.50,1.73
2013.02.27 15:24:40.987,1.55747,1.55781,1.50,1.73
2013.02.27 15:24:41.406,1.55746,1.55773,1.50,1.73
2013.02.27 15:24:41.526,1.55742,1.55774,1.88,1.73
2013.02.27 15:24:41.586,1.55742,1.55776,1.88,1.73
2013.02.27 15:24:42.042,1.55742,1.55775,1.13,1.73
2013.02.27 15:24:42.118,1.55739,1.55765,1.17,1.50
2013.02.27 15:24:42.357,1.55737,1.55768,1.50,1.73
2013.02.27 15:24:42.986,1.55735,1.55765,1.50,1.73
2013.02.27 15:24:43.346,1.55732,1.55765,2.25,1.73
2013.02.27 15:24:43.466,1.55732,1.55764,1.50,1.73
2013.02.27 15:24:43.706,1.55732,1.55764,2.25,1.73
2013.02.27 15:24:44.067,1.5574,1.55769,2.25,1.73
2013.02.27 15:24:44.186,1.5574,1.55769,2.25,1.73
2013.02.27 15:24:44.726,1.55744,1.55774,2.25,1.73
2013.02.27 15:24:44.847,1.55744,1.55773,2.25,1.73
2013.02.27 15:24:44.907,1.55744,1.55774,2.25,1.73
2013.02.27 15:24:45.026,1.55744,1.55774,1.50,1.73
2013.02.27 15:24:45.147,1.55741,1.55774,1.50,1.73
2013.02.27 15:24:45.267,1.55744,1.55774,1.50,1.73
2013.02.27 15:24:45.387,1.55752,1.5578,1.50,1.73
2013.02.27 15:24:45.746,1.55754,1.55785,2.25,1.19
2013.02.27 15:24:46.050,1.55755,1.5579,1.73,2.85
2013.02.27 15:24:46.572,1.55756,1.55789,1.50,1.88
2013.02.27 15:24:46.636,1.55756,1.55789,1.50,2.63
2013.02.27 15:24:46.881,1.55754,1.5579,1.73,1.73
2013.02.27 15:24:47.187,1.55751,1.5578,1.32,1.73
2013.02.27 15:24:47.318,1.55746,1.55782,3.73,2.10
2013.02.27 15:24:47.378,1.55745,1.55779,2.63,1.73
2013.02.27 15:24:47.800,1.55745,1.55779,1.50,1.73
2013.02.27 15:24:47.927,1.55745,1.55774,1.73,2.25
2013.02.27 15:24:48.478,1.55746,1.5578,1.17,1.50
2013.02.27 15:24:48.836,1.55753,1.55785,1.84,2.48
2013.02.27 15:24:48.957,1.55761,1.55785,1.50,1.50
2013.02.27 15:24:49.137,1.5576,1.55791,2.18,1.73
2013.02.27 15:24:49.197,1.5576,1.5579,1.43,1.73
2013.02.27 15:24:49.496,1.55754,1.55789,1.73,1.50
2013.02.27 15:24:49.676,1.55754,1.55789,1.50,1.50
2013.02.27 15:24:50.351,1.55749,1.55781,1.13,2.25
2013.02.27 15:24:50.443,1.55747,1.55781,1.50,2.25
2013.02.27 15:24:50.568,1.55749,1.55781,1.50,2.25
2013.02.27 15:24:50.808,1.55746,1.55782,1.50,3.23
2013.02.27 15:24:51.047,1.55746,1.55782,2.25,1.80
2013.02.27 15:24:51.166,1.55746,1.55782,1.50,1.80
2013.02.27 15:24:51.287,1.5575,1.55782,1.50,1.73
2013.02.27 15:24:51.346,1.5575,1.55783,1.50,1.73
2013.02.27 15:24:51.468,1.55746,1.55783,1.50,2.10
2013.02.27 15:24:51.827,1.55745,1.55782,1.73,2.48
2013.02.27 15:24:51.953,1.55747,1.55783,1.50,1.35
2013.02.27 15:24:52.256,1.55745,1.55781,1.50,1.73
2013.02.27 15:24:52.316,1.55745,1.55781,1.50,1.73
2013.02.27 15:24:52.376,1.55744,1.55781,2.48,1.73
2013.02.27 15:24:52.916,1.55744,1.55778,1.35,1.50
2013.02.27 15:24:53.038,1.5574,1.55773,1.88,2.25
2013.02.27 15:24:53.157,1.55739,1.55773,1.50,2.48
2013.02.27 15:24:53.217,1.55731,1.55765,1.73,1.50
2013.02.27 15:24:53.337,1.55738,1.55768,1.13,2.48
2013.02.27 15:24:53.636,1.55736,1.55764,1.50,1.35
2013.02.27 15:24:53.816,1.55736,1.55764,1.50,1.35
2013.02.27 15:24:54.367,1.55736,1.55773,3.00,1.29
2013.02.27 15:24:54.486,1.5574,1.55776,1.50,1.35
2013.02.27 15:24:54.547,1.55738,1.55776,1.69,1.35
2013.02.27 15:24:55.888,1.55739,1.55776,1.69,1.35
2013.02.27 15:24:55.947,1.55734,1.5577,1.69,1.13
2013.02.27 15:24:56.128,1.55733,1.5577,1.69,1.13
2013.02.27 15:24:56.187,1.55734,1.5577,1.88,1.32
2013.02.27 15:24:56.665,1.55739,1.55775,1.50,1.88
2013.02.27 15:24:56.786,1.5574,1.55775,1.50,1.13
2013.02.27 15:24:57.087,1.5574,1.55775,1.88,1.50
2013.02.27 15:24:57.146,1.55741,1.5578,1.50,3.23
2013.02.27 15:24:57.754,1.55743,1.5578,1.50,3.23
2013.02.27 15:24:58.157,1.55747,1.55779,1.50,2.48
2013.02.27 15:24:58.217,1.55747,1.55779,1.50,2.25
2013.02.27 15:24:58.396,1.55751,1.55784,1.50,1.50
2013.02.27 15:24:58.696,1.5575,1.55785,2.25,2.25
2013.02.27 15:24:58.890,1.5575,1.55785,2.25,1.50
2013.02.27 15:24:59.186,1.55743,1.55782,2.25,2.48
2013.02.27 15:25:02.255,1.55743,1.55768,1.50,1.50
2013.02.27 15:25:02.745,1.55737,1.55768,1.50,1.73
2013.02.27 15:25:03.780,1.55733,1.55759,1.50,1.73
2013.02.27 15:25:03.981,1.55738,1.55763,1.50,1.73
2013.02.27 15:25:04.049,1.55738,1.55763,1.50,1.50
2013.02.27 15:25:04.108,1.55738,1.55767,2.25,1.50
2013.02.27 15:25:04.230,1.55741,1.55767,1.50,1.50
2013.02.27 15:25:05.766,1.55741,1.5577,1.69,1.50
2013.02.27 15:25:06.266,1.55736,1.55767,1.35,1.69
2013.02.27 15:25:06.796,1.55735,1.55765,1.50,1.50
2013.02.27 15:25:06.917,1.55735,1.55767,1.50,2.85
2013.02.27 15:25:07.159,1.55736,1.55767,1.50,1.73
2013.02.27 15:25:07.291,1.55736,1.55769,2.48,1.50
2013.02.27 15:25:07.416,1.55736,1.55771,2.48,1.88
2013.02.27 15:25:07.898,1.5575,1.5577,1.50,1.50
2013.02.27 15:25:08.087,1.55749,1.5577,1.50,1.50
2013.02.27 15:25:08.210,1.5575,1.55771,1.50,1.50
2013.02.27 15:25:08.522,1.55748,1.55775,1.50,1.47
2013.02.27 15:25:08.998,1.5575,1.55777,1.50,1.73
2013.02.27 15:25:09.076,1.55752,1.55774,1.50,1.50
2013.02.27 15:25:09.397,1.55747,1.55774,1.50,1.50
2013.02.27 15:25:09.890,1.55748,1.5578,1.50,2.48
2013.02.27 15:25:10.245,1.55746,1.55773,2.44,1.50
2013.02.27 15:25:10.577,1.55746,1.55773,1.50,2.70
2013.02.27 15:25:11.266,1.55744,1.55769,1.35,1.73
2013.02.27 15:25:11.589,1.55744,1.5576,1.35,1.13
2013.02.27 15:25:11.661,1.55746,1.55767,1.50,2.48
2013.02.27 15:25:11.786,1.55745,1.55767,1.35,3.23
2013.02.27 15:25:11.967,1.55744,1.55768,1.35,1.50
2013.02.27 15:25:12.089,1.55742,1.55767,1.35,1.73
2013.02.27 15:25:12.207,1.55745,1.55769,1.35,1.73
2013.02.27 15:25:12.447,1.55731,1.55764,2.33,1.50
2013.02.27 15:25:12.846,1.55737,1.55764,1.35,1.50
2013.02.27 15:25:13.147,1.5573,1.55764,1.35,1.50
2013.02.27 15:25:13.327,1.55731,1.55765,1.35,1.50
2013.02.27 15:25:13.448,1.55727,1.55765,1.50,2.48
2013.02.27 15:25:13.627,1.55728,1.55764,1.50,1.73
2013.02.27 15:25:13.688,1.55731,1.55764,1.50,1.73
2013.02.27 15:25:14.226,1.55731,1.55759,1.09,1.50
2013.02.27 15:25:14.347,1.55727,1.55759,1.50,1.50
2013.02.27 15:25:14.587,1.55729,1.55759,1.50,1.50
2013.02.27 15:25:14.946,1.55724,1.55753,1.50,2.48
2013.02.27 15:25:15.005,1.55722,1.55751,1.50,1.73
2013.02.27 15:25:15.066,1.55719,1.55751,1.50,1.73
2013.02.27 15:25:15.257,1.55717,1.5575,1.50,1.50
2013.02.27 15:25:15.616,1.55717,1.55751,3.75,1.13
2013.02.27 15:25:15.977,1.55719,1.55753,1.50,1.35
2013.02.27 15:25:16.157,1.55721,1.55757,2.25,1.13
2013.02.27 15:25:16.216,1.55723,1.55757,1.50,1.50
2013.02.27 15:25:16.397,1.55724,1.55757,1.50,3.00
2013.02.27 15:25:16.638,1.55724,1.55758,2.25,3.38
2013.02.27 15:25:16.817,1.55724,1.55758,2.25,2.63
2013.02.27 15:25:17.056,1.55722,1.55759,1.13,3.23
2013.02.27 15:25:17.116,1.55722,1.55758,1.88,1.73
2013.02.27 15:25:17.536,1.55724,1.55758,2.25,2.25
2013.02.27 15:25:18.129,1.55723,1.55758,1.13,2.25
2013.02.27 15:25:18.439,1.55722,1.55754,1.13,2.25
2013.02.27 15:25:18.808,1.55718,1.55749,1.13,1.73
2013.02.27 15:25:18.987,1.55721,1.55749,1.09,1.50
2013.02.27 15:25:19.107,1.55724,1.55757,1.09,1.73
2013.02.27 15:25:19.227,1.55724,1.55753,1.09,1.73
2013.02.27 15:25:19.466,1.55723,1.5576,2.07,1.50
2013.02.27 15:25:19.648,1.55723,1.55762,2.10,1.50
2013.02.27 15:25:19.946,1.55732,1.55759,1.50,1.73
2013.02.27 15:25:20.067,1.55732,1.55766,1.13,1.47
2013.02.27 15:25:20.186,1.55727,1.55766,1.13,2.22
2013.02.27 15:25:20.308,1.55727,1.55766,1.13,2.22
2013.02.27 15:25:20.370,1.55728,1.55762,1.13,2.25
2013.02.27 15:25:20.877,1.55727,1.55762,1.13,2.48
2013.02.27 15:25:21.236,1.55727,1.55761,1.13,1.38
2013.02.27 15:25:21.480,1.55728,1.55762,1.13,2.48
2013.02.27 15:25:21.985,1.55728,1.55762,1.13,2.48
2013.02.27 15:25:22.166,1.55721,1.55762,1.13,2.48
2013.02.27 15:25:22.226,1.55721,1.55761,1.13,2.48
2013.02.27 15:25:22.406,1.55721,1.55751,1.13,1.25
2013.02.27 15:25:22.526,1.55721,1.55758,1.13,2.70
2013.02.27 15:25:22.646,1.55722,1.55758,1.13,2.70
2013.02.27 15:25:22.950,1.55722,1.55755,1.13,1.73
2013.02.27 15:25:23.076,1.55721,1.55755,1.13,1.73
2013.02.27 15:25:23.496,1.55718,1.55755,2.63,1.73
2013.02.27 15:25:23.689,1.55718,1.55755,1.88,1.73
2013.02.27 15:25:25.007,1.55716,1.55755,1.13,1.73
2013.02.27 15:25:25.320,1.55715,1.55755,1.17,2.10
2013.02.27 15:25:25.799,1.55715,1.55755,1.17,2.10
2013.02.27 15:25:25.927,1.55718,1.55755,1.50,1.50
2013.02.27 15:25:26.872,1.55725,1.5576,1.50,1.35
2013.02.27 15:25:27.086,1.55726,1.5576,1.50,1.13
2013.02.27 15:25:27.206,1.5573,1.5576,1.50,1.13
2013.02.27 15:25:27.471,1.55725,1.55765,1.50,2.10
2013.02.27 15:25:27.537,1.55725,1.55765,1.50,2.10
2013.02.27 15:25:27.887,1.55725,1.55765,1.50,2.10
2013.02.27 15:25:27.946,1.55725,1.55765,1.50,2.10
2013.02.27 15:25:28.087,1.55725,1.55765,1.50,2.10
2013.02.27 15:25:28.447,1.55725,1.55762,1.50,1.73
2013.02.27 15:25:28.507,1.55723,1.55761,1.13,1.73
2013.02.27 15:25:28.814,1.55723,1.55761,1.13,1.50
2013.02.27 15:25:29.057,1.55723,1.55761,1.13,1.50
2013.02.27 15:25:29.408,1.55726,1.55761,1.50,2.27
2013.02.27 15:25:29.587,1.55726,1.55764,2.25,1.35
2013.02.27 15:25:29.778,1.55726,1.55762,2.25,1.52
2013.02.27 15:25:30.397,1.55728,1.55765,1.50,1.35
2013.02.27 15:25:30.766,1.55732,1.55765,1.50,1.35
2013.02.27 15:25:31.007,1.55731,1.55766,1.13,6.60
2013.02.27 15:25:31.401,1.55727,1.55766,1.88,5.10
2013.02.27 15:25:31.647,1.55727,1.55766,1.50,2.48
2013.02.27 15:25:31.708,1.55725,1.55759,1.13,1.73
2013.02.27 15:25:31.769,1.55726,1.55754,1.88,1.50
2013.02.27 15:25:31.827,1.55725,1.55758,1.50,1.17
2013.02.27 15:25:31.947,1.55725,1.55754,1.50,1.50
2013.02.27 15:25:32.066,1.55722,1.55754,1.13,1.73
2013.02.27 15:25:32.187,1.55722,1.55754,1.13,1.73
2013.02.27 15:25:32.307,1.55722,1.55753,1.13,1.50
2013.02.27 15:25:32.667,1.55724,1.55758,2.25,1.27
2013.02.27 15:25:32.788,1.55726,1.55764,2.63,3.48
2013.02.27 15:25:32.907,1.55731,1.55761,1.50,1.73
2013.02.27 15:25:33.027,1.55731,1.55761,1.50,1.50
2013.02.27 15:25:33.086,1.55731,1.55764,1.50,1.50
2013.02.27 15:25:33.698,1.55736,1.55766,1.50,2.25
2013.02.27 15:25:33.937,1.55732,1.55762,1.50,1.50
2013.02.27 15:25:33.998,1.55728,1.55762,1.13,1.73
2013.02.27 15:25:34.776,1.55723,1.55758,2.25,1.50
2013.02.27 15:25:35.017,1.55723,1.55758,2.48,2.25
2013.02.27 15:25:35.437,1.55724,1.55757,1.13,1.50
2013.02.27 15:25:35.917,1.55724,1.55758,1.13,1.73
2013.02.27 15:25:36.037,1.55724,1.55758,1.13,2.48
2013.02.27 15:25:36.098,1.55724,1.55756,1.13,1.73
2013.02.27 15:25:36.286,1.55724,1.55753,1.13,1.50
2013.02.27 15:25:36.587,1.55724,1.55754,1.13,1.50
2013.02.27 15:25:36.716,1.55724,1.55754,1.13,2.25
2013.02.27 15:25:37.267,1.55724,1.55753,1.13,2.25
2013.02.27 15:25:37.527,1.55724,1.5575,1.13,1.50
2013.02.27 15:25:37.646,1.55724,1.55753,1.13,1.50
2013.02.27 15:25:37.887,1.55724,1.55749,1.13,1.50
2013.02.27 15:25:37.947,1.55724,1.55753,1.13,2.48
2013.02.27 15:25:38.066,1.55725,1.55753,1.50,2.48
2013.02.27 15:25:38.307,1.55724,1.55753,1.13,1.73
2013.02.27 15:25:38.668,1.5572,1.55755,2.22,1.73
2013.02.27 15:25:38.728,1.55721,1.55754,1.88,1.56
2013.02.27 15:25:38.847,1.5572,1.55754,1.28,1.56
2013.02.27 15:25:38.909,1.55721,1.55754,1.50,1.56
2013.02.27 15:25:39.228,1.55724,1.55757,1.50,1.95
2013.02.27 15:25:39.527,1.55724,1.5576,1.13,4.67
2013.02.27 15:25:39.647,1.55725,1.55759,1.13,2.48
2013.02.27 15:25:40.436,1.55729,1.55759,1.50,1.73
2013.02.27 15:25:40.496,1.55729,1.55761,1.69,2.85
2013.02.27 15:25:40.616,1.55726,1.55758,2.07,1.73
2013.02.27 15:25:40.737,1.55721,1.55749,1.17,1.50
2013.02.27 15:25:41.035,1.55722,1.55749,1.50,1.73
2013.02.27 15:25:41.485,1.55714,1.55749,1.13,1.73
2013.02.27 15:25:41.555,1.55711,1.55745,1.50,1.73
2013.02.27 15:25:41.617,1.55711,1.55745,1.50,1.73
2013.02.27 15:25:42.028,1.55711,1.55746,1.50,2.48
2013.02.27 15:25:43.039,1.55713,1.55745,1.50,1.73
2013.02.27 15:25:43.157,1.55713,1.55744,1.50,1.63
2013.02.27 15:25:43.217,1.5571,1.55738,1.50,1.29
2013.02.27 15:25:43.281,1.5571,1.55741,1.50,1.95
2013.02.27 15:25:43.346,1.55711,1.55739,1.50,1.73
2013.02.27 15:25:43.408,1.5571,1.55739,1.50,1.73
2013.02.27 15:25:43.587,1.55705,1.55738,2.25,2.48
2013.02.27 15:25:43.709,1.55705,1.55738,1.50,1.73
2013.02.27 15:25:44.294,1.55705,1.55738,2.25,1.73
2013.02.27 15:25:44.696,1.55705,1.55738,1.50,1.50
2013.02.27 15:25:44.756,1.55705,1.5574,1.50,1.50
2013.02.27 15:25:44.876,1.55706,1.5574,1.50,1.50
2013.02.27 15:25:44.937,1.55706,1.5574,1.50,1.73
2013.02.27 15:25:45.177,1.55705,1.55742,1.50,1.73
2013.02.27 15:25:45.536,1.55705,1.55744,1.50,2.10
2013.02.27 15:25:45.596,1.55705,1.55744,1.50,2.10
2013.02.27 15:25:45.656,1.55705,1.55742,1.50,1.50
2013.02.27 15:25:46.196,1.55704,1.55741,1.50,1.73
2013.02.27 15:25:46.257,1.55704,1.55742,1.50,3.23
2013.02.27 15:25:46.667,1.55706,1.55744,1.50,2.10
2013.02.27 15:25:47.210,1.55706,1.55744,1.50,2.10
2013.02.27 15:25:47.266,1.55706,1.55744,1.50,2.10
2013.02.27 15:25:47.386,1.55706,1.55743,1.50,1.73
2013.02.27 15:25:47.517,1.55702,1.5574,1.50,1.50
2013.02.27 15:25:47.879,1.55703,1.55738,1.13,1.73
2013.02.27 15:25:48.207,1.55702,1.55739,1.50,2.48
2013.02.27 15:25:48.266,1.55702,1.55737,1.50,1.13
2013.02.27 15:25:48.386,1.55703,1.55737,1.50,1.13
2013.02.27 15:25:48.446,1.55703,1.55734,1.50,1.47
2013.02.27 15:25:48.507,1.55703,1.55736,2.18,2.10
2013.02.27 15:25:48.628,1.55705,1.55739,1.84,1.20
2013.02.27 15:25:48.867,1.55714,1.55743,1.09,1.73
2013.02.27 15:25:49.133,1.55714,1.55747,1.28,1.50
2013.02.27 15:25:49.258,1.55714,1.55741,1.28,2.48
2013.02.27 15:25:49.377,1.55712,1.55744,1.17,1.50
2013.02.27 15:25:49.500,1.55716,1.55745,1.50,1.50
2013.02.27 15:25:49.628,1.55716,1.55745,1.50,1.50
2013.02.27 15:25:49.986,1.55711,1.55747,1.05,3.23
2013.02.27 15:25:50.047,1.55711,1.55747,1.05,2.48
2013.02.27 15:25:50.789,1.55703,1.55736,1.13,1.56
2013.02.27 15:25:51.036,1.55698,1.55735,1.50,2.48
2013.02.27 15:25:51.217,1.557,1.55734,3.00,1.73
2013.02.27 15:25:51.696,1.557,1.55733,3.00,1.36
2013.02.27 15:25:51.758,1.557,1.55734,1.50,2.73
2013.02.27 15:25:52.057,1.55702,1.55737,2.63,1.29
2013.02.27 15:25:52.116,1.55702,1.55741,2.63,1.73
2013.02.27 15:25:52.289,1.55706,1.55741,2.25,1.73
2013.02.27 15:25:52.407,1.55706,1.55742,2.25,1.73
2013.02.27 15:25:52.466,1.55707,1.55745,1.50,1.73
2013.02.27 15:25:53.797,1.55707,1.55746,1.50,2.10
2013.02.27 15:25:54.336,1.55707,1.55746,1.50,2.85
2013.02.27 15:25:54.667,1.55705,1.55746,1.50,2.85
2013.02.27 15:25:54.798,1.55702,1.55741,2.25,1.73
2013.02.27 15:25:54.857,1.55702,1.55741,1.50,1.73
2013.02.27 15:25:54.916,1.55702,1.55743,1.50,1.73
2013.02.27 15:25:55.037,1.55702,1.55738,1.32,2.25
2013.02.27 15:25:55.600,1.55697,1.55738,1.69,2.48
2013.02.27 15:25:55.716,1.55697,1.55738,3.38,1.73
2013.02.27 15:25:56.067,1.55703,1.55739,1.50,1.73
2013.02.27 15:25:56.428,1.55707,1.55742,1.50,1.32
2013.02.27 15:25:56.486,1.55707,1.55746,1.50,2.10
2013.02.27 15:25:56.667,1.55706,1.55743,1.50,1.73
2013.02.27 15:25:57.281,1.55703,1.55742,1.13,1.73
2013.02.27 15:25:57.868,1.557,1.55738,2.25,1.73
2013.02.27 15:25:57.941,1.557,1.55731,2.25,1.32
2013.02.27 15:25:58.260,1.55699,1.55728,2.25,1.45
2013.02.27 15:25:58.809,1.55704,1.55738,2.25,1.13
2013.02.27 15:25:58.878,1.55704,1.55738,2.25,1.13
2013.02.27 15:25:58.998,1.55708,1.55744,1.50,2.48
2013.02.27 15:25:59.190,1.55708,1.55744,1.50,2.25
2013.02.27 15:25:59.427,1.55709,1.55744,1.50,1.50
2013.02.27 15:25:59.757,1.55706,1.55746,1.50,3.00
2013.02.27 15:25:59.817,1.55705,1.55745,1.50,1.50
2013.02.27 15:25:59.936,1.55705,1.55745,1.50,1.50
2013.02.27 15:26:00.319,1.55708,1.55749,3.00,5.85
2013.02.27 15:26:00.378,1.55708,1.55749,2.25,5.85
2013.02.27 15:26:00.501,1.55708,1.55749,1.50,5.85
2013.02.27 15:26:00.581,1.55708,1.55749,1.50,5.85
2013.02.27 15:26:00.828,1.5571,1.55749,1.09,3.98
2013.02.27 15:26:01.010,1.5571,1.55746,1.09,1.27
2013.02.27 15:26:01.446,1.55713,1.55749,1.69,1.27
2013.02.27 15:26:02.017,1.5572,1.55753,1.28,1.95
2013.02.27 15:26:02.154,1.55718,1.55753,1.17,1.50
2013.02.27 15:26:02.577,1.55717,1.5575,1.73,1.50
2013.02.27 15:26:02.699,1.55717,1.5575,1.50,2.25
2013.02.27 15:26:02.818,1.55717,1.5575,1.50,2.25
2013.02.27 15:26:03.736,1.55715,1.55749,1.13,1.50
2013.02.27 15:26:04.207,1.55715,1.55748,1.13,1.50
2013.02.27 15:26:04.529,1.55715,1.55748,1.13,1.50
2013.02.27 15:26:04.588,1.55715,1.55748,1.13,1.50
2013.02.27 15:26:04.827,1.55715,1.55751,1.13,2.25
2013.02.27 15:26:05.257,1.55715,1.55751,1.13,2.25
2013.02.27 15:26:05.938,1.55717,1.5575,1.50,1.50
2013.02.27 15:26:06.356,1.55716,1.5575,2.25,1.50
2013.02.27 15:26:06.907,1.55716,1.55754,1.50,2.25
2013.02.27 15:26:08.098,1.55708,1.55746,1.35,2.48
2013.02.27 15:26:08.557,1.55708,1.55746,1.13,2.48
2013.02.27 15:26:08.624,1.55708,1.55742,1.13,1.17
2013.02.27 15:26:08.720,1.5571,1.55742,1.13,1.17
2013.02.27 15:26:08.938,1.55711,1.55742,1.13,1.13
2013.02.27 15:26:09.056,1.55708,1.55742,1.13,1.13
2013.02.27 15:26:09.176,1.5571,1.55746,1.13,2.48
2013.02.27 15:26:09.490,1.55708,1.55746,1.13,2.48
2013.02.27 15:26:09.668,1.5571,1.55746,1.13,2.48
2013.02.27 15:26:09.820,1.5571,1.55746,1.13,2.48
2013.02.27 15:26:10.306,1.55708,1.55744,1.13,1.23
2013.02.27 15:26:10.667,1.55707,1.55736,1.50,1.35
2013.02.27 15:26:10.727,1.55703,1.55736,1.50,1.73
2013.02.27 15:26:10.846,1.55703,1.55736,1.13,1.73
2013.02.27 15:26:11.237,1.55701,1.55735,1.50,1.73
2013.02.27 15:26:11.467,1.55697,1.55735,1.35,1.73
2013.02.27 15:26:12.706,1.55694,1.55734,1.35,1.35
2013.02.27 15:26:13.036,1.55694,1.5573,1.35,1.35
2013.02.27 15:26:13.157,1.55694,1.5573,1.35,1.35
2013.02.27 15:26:13.337,1.55695,1.5573,1.13,4.35
2013.02.27 15:26:13.456,1.55695,1.55726,1.35,1.13
2013.02.27 15:26:13.519,1.55691,1.55726,2.10,1.13
2013.02.27 15:26:13.697,1.55691,1.55728,1.73,1.73
2013.02.27 15:26:13.937,1.55691,1.55728,2.10,1.88
2013.02.27 15:26:14.467,1.55693,1.55728,1.73,1.13
2013.02.27 15:26:15.200,1.55698,1.55728,1.50,1.35
2013.02.27 15:26:15.318,1.55698,1.55728,1.50,1.35
2013.02.27 15:26:16.026,1.55698,1.55729,1.50,1.35
2013.02.27 15:26:16.267,1.55701,1.5573,1.50,2.10
2013.02.27 15:26:16.327,1.55706,1.55733,2.25,1.50
2013.02.27 15:26:16.446,1.55706,1.55734,2.25,2.25
2013.02.27 15:26:16.508,1.55706,1.55734,1.50,1.50
2013.02.27 15:26:16.886,1.55712,1.55744,2.25,1.96
2013.02.27 15:26:16.947,1.55712,1.55746,2.25,1.45
2013.02.27 15:26:17.008,1.55712,1.55746,2.25,1.45
2013.02.27 15:26:18.039,1.55713,1.55749,1.13,1.50
2013.02.27 15:26:19.876,1.55712,1.55746,1.50,1.50
2013.02.27 15:26:20.178,1.55706,1.55743,2.07,3.23
2013.02.27 15:26:20.239,1.55705,1.55737,2.48,1.50
2013.02.27 15:26:20.308,1.55705,1.55737,1.73,1.50
2013.02.27 15:26:20.667,1.55696,1.55737,4.92,2.07
2013.02.27 15:26:20.886,1.55696,1.5573,1.50,1.73
2013.02.27 15:26:21.187,1.55691,1.5573,3.00,1.73
2013.02.27 15:26:21.496,1.55691,1.5573,2.48,1.73
2013.02.27 15:26:21.616,1.55693,1.5573,2.25,1.73
2013.02.27 15:26:21.738,1.55693,1.55729,1.50,1.73
2013.02.27 15:26:22.156,1.55686,1.55726,2.82,1.73
2013.02.27 15:26:22.276,1.5569,1.55726,1.50,1.73
2013.02.27 15:26:22.846,1.55691,1.55723,2.25,1.50
2013.02.27 15:26:25.630,1.55692,1.55721,2.25,1.50
2013.02.27 15:26:25.756,1.55696,1.55731,2.25,4.35
2013.02.27 15:26:25.876,1.55696,1.55729,1.50,1.73
2013.02.27 15:26:26.126,1.55696,1.55726,1.50,1.17
2013.02.27 15:26:26.366,1.55696,1.5573,1.50,1.73
2013.02.27 15:26:26.865,1.55695,1.5573,1.50,1.50
2013.02.27 15:26:27.289,1.55693,1.55728,1.50,1.35
2013.02.27 15:26:27.409,1.55693,1.55728,3.00,1.35
2013.02.27 15:26:27.536,1.55696,1.55728,1.50,1.35
2013.02.27 15:26:28.109,1.55693,1.5573,1.73,3.98
2013.02.27 15:26:28.481,1.55691,1.55724,1.50,1.35
2013.02.27 15:26:28.870,1.55677,1.55714,1.50,2.46
2013.02.27 15:26:28.939,1.55675,1.5571,1.50,1.73
2013.02.27 15:26:29.807,1.55677,1.55708,1.50,1.35
2013.02.27 15:26:30.107,1.5568,1.55711,2.25,1.35
2013.02.27 15:26:30.227,1.5568,1.55714,1.50,1.50
2013.02.27 15:26:30.318,1.5568,1.55714,1.50,1.50
2013.02.27 15:26:30.737,1.55676,1.55714,2.48,2.25
2013.02.27 15:26:30.796,1.55676,1.55713,2.48,1.50
2013.02.27 15:26:30.916,1.55681,1.55718,2.70,4.88
2013.02.27 15:26:31.569,1.5568,1.55718,3.23,1.50
2013.02.27 15:26:32.016,1.5568,1.55718,3.23,1.50
2013.02.27 15:26:32.078,1.5568,1.55719,3.23,3.38
2013.02.27 15:26:32.198,1.5568,1.55718,3.88,1.50
2013.02.27 15:26:32.650,1.55683,1.55719,1.20,1.50
2013.02.27 15:26:32.777,1.55688,1.55721,1.73,1.50
2013.02.27 15:26:32.837,1.55688,1.55724,2.48,1.50
2013.02.27 15:26:33.060,1.55688,1.55724,3.60,1.13
2013.02.27 15:26:33.658,1.55686,1.55721,1.35,1.50
2013.02.27 15:26:33.777,1.55685,1.55721,1.17,2.25
2013.02.27 15:26:34.959,1.55681,1.55716,2.48,1.50
2013.02.27 15:26:35.049,1.5568,1.55715,1.73,1.13
2013.02.27 15:26:35.355,1.55691,1.55715,1.50,1.13
2013.02.27 15:26:35.596,1.55684,1.55715,1.73,1.13
2013.02.27 15:26:37.868,1.55684,1.55715,1.73,1.13
2013.02.27 15:26:38.176,1.55672,1.55708,1.73,1.69
2013.02.27 15:26:39.227,1.55671,1.5571,1.17,5.25
2013.02.27 15:26:39.407,1.55667,1.55704,1.73,2.25
2013.02.27 15:26:39.586,1.55666,1.55704,1.73,1.50
2013.02.27 15:26:41.647,1.5567,1.55694,1.73,1.50
2013.02.27 15:26:41.707,1.55667,1.55694,1.73,1.50
2013.02.27 15:26:41.826,1.55667,1.55693,1.73,1.50
2013.02.27 15:26:42.127,1.55663,1.557,1.73,2.25
2013.02.27 15:26:42.367,1.55671,1.557,1.09,1.50
2013.02.27 15:26:42.607,1.55674,1.55705,1.50,1.35
2013.02.27 15:26:42.787,1.55681,1.55707,1.50,1.50
2013.02.27 15:26:43.241,1.55684,1.55708,1.50,1.50
2013.02.27 15:26:43.442,1.55681,1.55707,1.50,1.50
2013.02.27 15:26:43.568,1.55676,1.55711,1.50,1.88
2013.02.27 15:26:44.219,1.55681,1.55709,1.50,1.73
2013.02.27 15:26:44.359,1.55677,1.55709,1.50,1.73
2013.02.27 15:26:44.538,1.55679,1.55709,1.50,1.73
2013.02.27 15:26:45.078,1.55676,1.55709,1.50,1.73
2013.02.27 15:26:45.196,1.55676,1.55708,1.50,1.73
2013.02.27 15:26:46.070,1.55672,1.55707,3.19,1.73
2013.02.27 15:26:46.227,1.55676,1.55708,1.50,2.48
2013.02.27 15:26:46.897,1.55677,1.55708,1.50,1.73
2013.02.27 15:26:47.077,1.55679,1.55713,1.50,1.88
2013.02.27 15:26:47.929,1.55679,1.55714,1.50,1.50
2013.02.27 15:26:48.050,1.55679,1.55716,1.50,1.92
2013.02.27 15:26:48.178,1.55681,1.55716,1.50,1.17
2013.02.27 15:26:48.537,1.55681,1.5571,1.50,1.73
2013.02.27 15:26:48.656,1.5568,1.55709,2.25,4.35
2013.02.27 15:26:48.897,1.55687,1.55713,1.50,1.73
2013.02.27 15:26:48.957,1.55687,1.55714,1.50,1.13
2013.02.27 15:26:49.467,1.55692,1.55718,1.50,1.50
2013.02.27 15:26:49.768,1.55695,1.5572,1.50,1.50
2013.02.27 15:26:49.828,1.55695,1.55718,1.50,1.50
2013.02.27 15:26:50.779,1.55687,1.55719,1.73,1.50
2013.02.27 15:26:51.168,1.55695,1.55718,1.50,1.50
2013.02.27 15:26:51.227,1.55692,1.55718,1.50,1.50
2013.02.27 15:26:51.556,1.55688,1.55722,1.50,1.35
2013.02.27 15:26:51.616,1.55691,1.55722,1.50,1.35
2013.02.27 15:26:51.919,1.55688,1.55723,1.50,1.73
2013.02.27 15:26:52.157,1.55695,1.55723,1.50,1.73
2013.02.27 15:26:52.616,1.55695,1.55725,1.50,1.73
2013.02.27 15:26:52.738,1.55706,1.55727,1.50,1.50
2013.02.27 15:26:52.978,1.55693,1.55725,1.69,1.73
2013.02.27 15:26:53.097,1.55692,1.55725,1.88,2.48
2013.02.27 15:26:53.655,1.5569,1.55716,2.44,1.50
2013.02.27 15:26:53.741,1.55697,1.55725,1.09,1.50
2013.02.27 15:26:53.837,1.55697,1.55726,1.28,1.73
2013.02.27 15:26:53.957,1.55697,1.55723,1.28,1.73
2013.02.27 15:26:54.437,1.5569,1.55721,2.25,1.73
2013.02.27 15:26:54.797,1.5569,1.55718,1.28,1.69
2013.02.27 15:26:55.107,1.5569,1.55719,1.28,1.17
2013.02.27 15:26:55.417,1.5569,1.55719,1.09,1.73
2013.02.27 15:26:55.478,1.55686,1.55716,2.25,1.73
2013.02.27 15:26:56.287,1.55683,1.55715,1.50,1.73
2013.02.27 15:26:56.589,1.55683,1.55713,2.25,1.50
2013.02.27 15:26:56.651,1.55683,1.55714,2.25,1.50
2013.02.27 15:26:56.777,1.55683,1.55713,2.25,1.50
2013.02.27 15:26:56.897,1.55679,1.55711,2.25,1.50
2013.02.27 15:26:57.526,1.55685,1.55713,1.50,1.50
2013.02.27 15:26:57.886,1.55684,1.55715,3.00,1.73
2013.02.27 15:26:58.187,1.55687,1.55715,2.25,2.10
2013.02.27 15:26:58.368,1.55684,1.55714,1.50,1.88
2013.02.27 15:26:58.668,1.55682,1.55713,1.13,1.50
2013.02.27 15:27:00.907,1.55685,1.55716,1.09,1.35
2013.02.27 15:27:00.969,1.55685,1.55716,1.09,1.35
2013.02.27 15:27:01.026,1.55685,1.55719,1.47,1.73
2013.02.27 15:27:01.146,1.55685,1.55717,1.32,1.73
2013.02.27 15:27:01.387,1.55684,1.55713,2.25,1.73
2013.02.27 15:27:01.447,1.55684,1.55713,2.25,1.73
2013.02.27 15:27:01.786,1.55681,1.55708,2.25,1.35
2013.02.27 15:27:02.147,1.55679,1.55705,2.25,1.35
2013.02.27 15:27:02.327,1.55677,1.55707,2.25,1.73
2013.02.27 15:27:03.186,1.55675,1.55703,1.50,1.35
2013.02.27 15:27:03.377,1.55674,1.55703,2.25,1.13
2013.02.27 15:27:03.737,1.55672,1.55699,1.13,1.50
2013.02.27 15:27:04.241,1.5567,1.55699,2.25,1.50
2013.02.27 15:27:04.548,1.55668,1.55698,1.13,1.50
2013.02.27 15:27:05.121,1.55668,1.55699,1.13,1.50
2013.02.27 15:27:05.837,1.55668,1.55699,2.63,1.50
2013.02.27 15:27:05.897,1.55668,1.55696,1.50,1.50
2013.02.27 15:27:06.358,1.55668,1.55699,2.25,1.50
2013.02.27 15:27:06.797,1.55668,1.55696,2.25,1.50
2013.02.27 15:27:06.976,1.55662,1.55696,1.88,1.50
2013.02.27 15:27:07.328,1.55662,1.55697,1.13,1.50
2013.02.27 15:27:07.449,1.55664,1.55697,2.48,1.50
2013.02.27 15:27:08.305,1.55664,1.55699,1.17,3.00
2013.02.27 15:27:08.688,1.55664,1.55696,1.17,1.50
2013.02.27 15:27:09.047,1.55658,1.55693,1.35,1.50
2013.02.27 15:27:09.588,1.55659,1.55694,1.73,1.13
2013.02.27 15:27:10.135,1.55659,1.55694,1.73,1.13
2013.02.27 15:27:12.107,1.55662,1.55699,1.73,1.73
2013.02.27 15:27:12.528,1.5566,1.55695,1.73,1.50
2013.02.27 15:27:14.097,1.5566,1.55699,1.92,1.73
2013.02.27 15:27:14.216,1.55664,1.557,1.35,2.25
2013.02.27 15:27:14.516,1.55668,1.557,1.73,1.50
2013.02.27 15:27:14.818,1.55668,1.55702,2.82,1.50
2013.02.27 15:27:14.879,1.55672,1.55704,2.67,1.50
2013.02.27 15:27:15.858,1.5567,1.55704,1.73,1.50
2013.02.27 15:27:16.373,1.55673,1.55704,2.25,1.50
2013.02.27 15:27:16.437,1.55673,1.55701,2.25,1.50
2013.02.27 15:27:16.919,1.55671,1.55704,2.25,1.73
2013.02.27 15:27:17.381,1.55671,1.557,2.25,1.50
2013.02.27 15:27:19.089,1.5567,1.557,2.25,1.50
2013.02.27 15:27:20.757,1.55666,1.55696,1.50,1.50
2013.02.27 15:27:21.117,1.55666,1.55699,2.25,1.73
2013.02.27 15:27:21.176,1.55666,1.55696,2.25,1.50
2013.02.27 15:27:23.636,1.55674,1.557,1.50,1.73
2013.02.27 15:27:24.056,1.55677,1.55704,1.50,1.50
2013.02.27 15:27:26.128,1.55675,1.55705,1.50,1.50
2013.02.27 15:27:26.487,1.5567,1.55695,1.35,1.50
2013.02.27 15:27:26.607,1.5567,1.55699,1.35,1.69
2013.02.27 15:27:27.106,1.5567,1.55699,1.50,1.50
2013.02.27 15:27:27.458,1.55669,1.55697,1.50,1.50
2013.02.27 15:27:27.969,1.55669,1.55703,2.25,1.17
2013.02.27 15:27:28.450,1.55671,1.55706,1.50,2.48
2013.02.27 15:27:28.638,1.55672,1.55707,1.50,1.73
2013.02.27 15:27:28.857,1.55672,1.55707,1.50,1.73
2013.02.27 15:27:29.467,1.55672,1.55707,1.50,1.73
2013.02.27 15:27:29.786,1.55673,1.55707,1.50,1.73
2013.02.27 15:27:31.848,1.55673,1.55698,1.50,1.50
2013.02.27 15:27:32.027,1.55652,1.55686,1.73,1.50
2013.02.27 15:27:32.290,1.5565,1.55682,1.35,1.88
2013.02.27 15:27:32.358,1.55644,1.55679,1.73,1.13
2013.02.27 15:27:32.727,1.55646,1.55675,1.50,1.35
2013.02.27 15:27:32.846,1.55644,1.55679,1.50,1.35
2013.02.27 15:27:33.200,1.55653,1.55685,2.25,3.23
2013.02.27 15:27:33.610,1.55656,1.55687,1.50,1.73
2013.02.27 15:27:34.328,1.55656,1.55692,1.50,2.10
2013.02.27 15:27:34.748,1.55656,1.55687,2.25,1.50
2013.02.27 15:27:35.109,1.55663,1.55688,1.50,1.17
2013.02.27 15:27:35.167,1.55663,1.55697,1.50,1.17
2013.02.27 15:27:35.527,1.55663,1.557,1.50,2.48
2013.02.27 15:27:36.297,1.55663,1.55701,1.50,1.73
2013.02.27 15:27:36.417,1.55662,1.55701,2.25,1.73
2013.02.27 15:27:37.326,1.55662,1.55701,2.25,1.73
2013.02.27 15:27:37.957,1.5567,1.55702,1.50,1.73
2013.02.27 15:27:38.717,1.55666,1.55704,1.50,1.73
2013.02.27 15:27:38.776,1.55665,1.55702,2.10,2.10
2013.02.27 15:27:39.388,1.55665,1.55702,1.50,2.10
2013.02.27 15:27:39.627,1.55664,1.55702,1.50,1.35
2013.02.27 15:27:42.196,1.55665,1.55703,1.50,2.85
2013.02.27 15:27:43.846,1.5567,1.55704,1.84,1.73
2013.02.27 15:27:44.026,1.55674,1.55709,1.50,1.73
2013.02.27 15:27:44.266,1.55674,1.55709,1.50,1.73
2013.02.27 15:27:44.396,1.55674,1.55709,1.50,1.73
2013.02.27 15:27:44.798,1.55676,1.55712,2.25,2.85
2013.02.27 15:27:45.426,1.55676,1.55711,1.69,2.85
2013.02.27 15:27:45.727,1.55691,1.55721,1.50,3.23
2013.02.27 15:27:45.907,1.55691,1.55722,1.50,3.23
2013.02.27 15:27:47.677,1.55692,1.55721,2.78,1.50
2013.02.27 15:27:47.736,1.55692,1.55727,2.78,1.73
2013.02.27 15:27:47.858,1.55693,1.55729,1.69,2.48
2013.02.27 15:27:48.170,1.55692,1.55728,1.09,1.47
2013.02.27 15:27:48.377,1.55692,1.55729,1.50,2.48
2013.02.27 15:27:48.736,1.55687,1.55721,1.50,1.50
2013.02.27 15:27:49.047,1.55682,1.55717,1.50,2.10
2013.02.27 15:27:49.167,1.55681,1.55714,1.50,1.73
2013.02.27 15:27:49.406,1.55677,1.55713,1.88,1.73
2013.02.27 15:27:49.713,1.55677,1.5571,1.50,1.50
2013.02.27 15:27:49.896,1.55673,1.5571,2.63,2.10
2013.02.27 15:27:50.646,1.55674,1.55703,2.25,1.17
2013.02.27 15:27:52.729,1.55676,1.55709,1.50,1.35
2013.02.27 15:27:52.939,1.55673,1.55708,1.50,1.73
2013.02.27 15:27:53.226,1.55674,1.55708,1.50,1.73
2013.02.27 15:27:54.256,1.55673,1.5571,2.25,1.35
2013.02.27 15:27:54.727,1.55673,1.5571,1.50,1.35
2013.02.27 15:27:54.863,1.55673,1.5571,2.25,1.35
2013.02.27 15:27:55.288,1.55673,1.55711,2.25,1.35
2013.02.27 15:27:55.361,1.55688,1.55718,1.50,1.73
2013.02.27 15:27:56.329,1.55687,1.55722,1.50,2.48
2013.02.27 15:27:56.867,1.55687,1.55722,1.50,1.73
2013.02.27 15:27:57.201,1.55687,1.55722,1.50,1.73
2013.02.27 15:27:59.686,1.55686,1.55725,1.50,2.48
2013.02.27 15:28:01.058,1.5569,1.55722,1.28,1.17
2013.02.27 15:28:01.177,1.55685,1.55719,1.50,1.73
2013.02.27 15:28:03.377,1.55684,1.55718,1.50,1.73
2013.02.27 15:28:03.437,1.55682,1.55713,1.50,1.54
2013.02.27 15:28:03.677,1.55674,1.55713,1.09,1.54
2013.02.27 15:28:03.918,1.55677,1.55715,1.50,1.35
2013.02.27 15:28:04.098,1.55682,1.55716,1.09,2.36
2013.02.27 15:28:04.399,1.55694,1.55724,1.09,2.20
2013.02.27 15:28:04.519,1.55694,1.55724,1.09,1.73
2013.02.27 15:28:04.978,1.55696,1.55727,1.50,1.44
2013.02.27 15:28:05.098,1.55696,1.55725,1.13,1.35
2013.02.27 15:28:05.157,1.55692,1.55725,1.47,1.35
2013.02.27 15:28:05.347,1.55696,1.55725,1.13,1.96
2013.02.27 15:28:05.407,1.55696,1.55725,1.13,1.35
2013.02.27 15:28:05.678,1.55692,1.55725,1.13,1.35
2013.02.27 15:28:05.799,1.55696,1.55725,1.13,1.35
2013.02.27 15:28:05.917,1.55696,1.55725,1.13,1.35
2013.02.27 15:28:06.218,1.55691,1.55721,1.88,1.56
2013.02.27 15:28:06.741,1.55698,1.55723,1.50,1.56
2013.02.27 15:28:06.820,1.55695,1.5573,1.50,1.73
2013.02.27 15:28:07.008,1.55691,1.55726,2.25,2.48
2013.02.27 15:28:07.488,1.55691,1.55727,1.50,1.73
2013.02.27 15:28:07.847,1.5569,1.55727,1.50,1.25
2013.02.27 15:28:07.968,1.55692,1.55724,2.25,1.50
2013.02.27 15:28:08.149,1.55692,1.55724,2.44,1.73
2013.02.27 15:28:08.508,1.55694,1.55724,1.50,1.17
2013.02.27 15:28:08.568,1.55697,1.55728,1.50,1.35
2013.02.27 15:28:09.096,1.55696,1.5573,1.50,2.10
2013.02.27 15:28:09.280,1.55696,1.55729,1.50,1.73
2013.02.27 15:28:09.397,1.55693,1.55729,1.13,2.48
2013.02.27 15:28:09.579,1.55691,1.55721,1.50,2.48
2013.02.27 15:28:09.638,1.55686,1.55719,1.88,1.73
2013.02.27 15:28:09.881,1.55688,1.55719,1.50,1.27
2013.02.27 15:28:09.948,1.55689,1.55719,1.50,1.27
2013.02.27 15:28:10.187,1.55682,1.55714,1.13,1.73
2013.02.27 15:28:10.367,1.55682,1.5571,3.38,1.38
2013.02.27 15:28:10.428,1.55682,1.5571,4.13,1.38
2013.02.27 15:28:10.547,1.55682,1.55707,2.63,1.38
2013.02.27 15:28:10.848,1.55686,1.55712,1.50,1.50
2013.02.27 15:28:11.428,1.55687,1.55712,1.88,1.50
2013.02.27 15:28:11.977,1.55682,1.55713,1.88,1.61
2013.02.27 15:28:12.337,1.55686,1.55722,1.88,3.06
2013.02.27 15:28:12.458,1.55686,1.55717,1.13,1.61
2013.02.27 15:28:12.697,1.55682,1.55716,1.13,1.29
2013.02.27 15:28:12.817,1.55682,1.55716,1.13,1.73
2013.02.27 15:28:13.187,1.55681,1.55717,1.13,2.48
2013.02.27 15:28:13.488,1.55682,1.55717,1.13,1.73
2013.02.27 15:28:15.720,1.55686,1.55722,1.13,2.48
2013.02.27 15:28:15.795,1.55674,1.55704,1.50,1.35
2013.02.27 15:28:15.858,1.55668,1.55704,1.50,1.35
2013.02.27 15:28:15.919,1.55668,1.55704,1.50,1.35
2013.02.27 15:28:16.217,1.55672,1.55704,1.13,1.62
2013.02.27 15:28:16.568,1.55672,1.55704,1.13,1.62
2013.02.27 15:28:16.879,1.55672,1.55705,1.13,1.73
2013.02.27 15:28:17.207,1.55681,1.55714,2.25,1.50
2013.02.27 15:28:17.387,1.55681,1.55714,1.50,1.73
2013.02.27 15:28:17.747,1.55676,1.55703,1.13,2.48
2013.02.27 15:28:17.806,1.55675,1.55703,1.13,2.48
2013.02.27 15:28:18.098,1.5567,1.55703,1.13,1.73
2013.02.27 15:28:18.158,1.5567,1.55703,1.13,1.73
2013.02.27 15:28:18.478,1.55674,1.55703,1.88,1.50
2013.02.27 15:28:18.598,1.55674,1.55703,1.88,1.28
2013.02.27 15:28:18.658,1.55678,1.55703,1.50,1.50
2013.02.27 15:28:18.897,1.55673,1.55708,1.88,1.73
2013.02.27 15:28:19.317,1.55672,1.55708,1.13,1.73
2013.02.27 15:28:19.618,1.55668,1.55707,1.13,1.73
2013.02.27 15:28:19.954,1.5567,1.55708,1.13,3.08
2013.02.27 15:28:20.088,1.5567,1.55708,1.13,2.33
2013.02.27 15:28:20.327,1.55674,1.55709,1.50,1.13
2013.02.27 15:28:20.387,1.55674,1.5571,1.50,1.50
2013.02.27 15:28:20.846,1.55674,1.5571,1.50,1.50
2013.02.27 15:28:21.149,1.55674,1.55711,2.25,1.73
2013.02.27 15:28:21.553,1.55676,1.55712,2.25,1.17
2013.02.27 15:28:21.859,1.55679,1.55714,1.88,1.73
2013.02.27 15:28:22.232,1.55681,1.55714,1.50,1.73
2013.02.27 15:28:22.748,1.55681,1.55716,1.50,1.50
2013.02.27 15:28:23.146,1.55681,1.55713,1.50,2.25
2013.02.27 15:28:23.658,1.55675,1.5571,1.50,2.27
2013.02.27 15:28:23.718,1.55669,1.55701,2.63,1.35
2013.02.27 15:28:24.311,1.55666,1.557,1.50,1.35
2013.02.27 15:28:24.850,1.55667,1.557,1.50,1.73
2013.02.27 15:28:24.967,1.55667,1.557,1.50,2.85
2013.02.27 15:28:25.547,1.55667,1.557,1.50,2.48
2013.02.27 15:28:25.906,1.55662,1.55699,1.50,2.48
2013.02.27 15:28:26.026,1.55661,1.55696,1.13,1.73
2013.02.27 15:28:26.086,1.55661,1.55696,1.13,1.73
2013.02.27 15:28:28.408,1.55661,1.55695,1.13,1.73
2013.02.27 15:28:28.707,1.55661,1.55694,1.13,1.73
2013.02.27 15:28:29.233,1.5566,1.55694,2.25,1.73
2013.02.27 15:28:29.357,1.55662,1.55694,2.25,1.73
2013.02.27 15:28:29.792,1.55667,1.55694,1.13,1.73
2013.02.27 15:28:29.988,1.55667,1.55694,1.88,1.73
2013.02.27 15:28:30.657,1.55667,1.55694,1.88,1.73
2013.02.27 15:28:30.717,1.55667,1.55694,1.13,1.73
2013.02.27 15:28:30.956,1.55663,1.55694,1.50,1.73
2013.02.27 15:28:40.816,1.55652,1.55691,3.57,1.50
2013.02.27 15:28:40.997,1.55646,1.55666,2.10,1.50
2013.02.27 15:28:41.176,1.55644,1.55665,1.13,1.50
2013.02.27 15:28:41.297,1.55631,1.55656,1.88,1.50
2013.02.27 15:28:41.418,1.55632,1.55656,4.13,1.50
2013.02.27 15:28:41.896,1.55638,1.55663,1.50,1.73
2013.02.27 15:28:41.956,1.55639,1.55666,1.50,1.50
2013.02.27 15:28:42.377,1.55642,1.55672,1.50,1.35
2013.02.27 15:28:42.917,1.55646,1.55672,1.50,1.13
2013.02.27 15:28:43.157,1.55646,1.55675,1.50,1.96
2013.02.27 15:28:43.656,1.55642,1.55673,1.50,1.73
2013.02.27 15:28:43.836,1.55641,1.5567,2.63,1.47
2013.02.27 15:28:43.897,1.55642,1.5567,1.50,1.47
2013.02.27 15:28:44.078,1.55644,1.55674,1.50,2.10
2013.02.27 15:28:44.199,1.55641,1.55671,1.88,1.52
2013.02.27 15:28:44.798,1.55641,1.55672,1.88,1.20
2013.02.27 15:28:45.347,1.5564,1.55671,2.63,1.32
2013.02.27 15:28:45.806,1.55641,1.55673,1.13,1.17
2013.02.27 15:28:46.366,1.55641,1.55673,1.88,1.17
2013.02.27 15:28:48.070,1.5564,1.55679,1.88,3.00
2013.02.27 15:28:48.738,1.5564,1.55675,1.13,1.50
2013.02.27 15:28:50.248,1.55643,1.55679,1.50,1.88
2013.02.27 15:28:50.477,1.55644,1.55677,1.50,1.69
2013.02.27 15:28:52.478,1.55642,1.55678,1.50,1.50
2013.02.27 15:28:52.597,1.55644,1.55678,1.50,1.50
2013.02.27 15:28:53.147,1.55641,1.55676,1.50,1.50
2013.02.27 15:28:53.208,1.55641,1.55672,3.38,1.50
2013.02.27 15:28:53.648,1.55642,1.55674,1.50,1.50
2013.02.27 15:28:54.018,1.55644,1.55675,1.50,1.13
2013.02.27 15:28:54.187,1.55644,1.55675,1.50,1.13
2013.02.27 15:28:54.957,1.55642,1.55675,2.25,1.13
2013.02.27 15:28:55.518,1.55644,1.55669,1.50,1.05
2013.02.27 15:28:55.877,1.55627,1.55654,1.13,1.13
2013.02.27 15:28:55.997,1.55621,1.55655,3.23,1.50
2013.02.27 15:28:56.177,1.55622,1.55655,1.50,1.88
2013.02.27 15:28:56.477,1.55621,1.55649,1.73,1.50
2013.02.27 15:28:56.597,1.55624,1.5565,2.48,1.50
2013.02.27 15:28:56.717,1.55624,1.55654,2.48,1.50
2013.02.27 15:28:57.077,1.55632,1.55656,1.84,1.13
2013.02.27 15:28:57.378,1.55646,1.55669,1.52,1.50
2013.02.27 15:28:57.569,1.55646,1.55671,1.52,2.25
2013.02.27 15:28:57.687,1.55645,1.55676,1.73,1.24
2013.02.27 15:28:57.867,1.55641,1.5567,1.73,1.50
2013.02.27 15:28:57.927,1.55641,1.55668,1.50,1.05
2013.02.27 15:28:58.166,1.55635,1.55665,1.13,1.50
2013.02.27 15:28:58.946,1.5563,1.55664,1.50,1.73
2013.02.27 15:28:59.248,1.55626,1.55661,1.73,1.50
2013.02.27 15:28:59.368,1.5563,1.55663,1.50,1.95
2013.02.27 15:29:00.237,1.55632,1.55667,2.48,2.85
2013.02.27 15:29:00.707,1.55637,1.55667,1.09,2.10
2013.02.27 15:29:00.785,1.55641,1.55673,1.50,1.50
2013.02.27 15:29:01.737,1.55639,1.55674,1.35,1.73
2013.02.27 15:29:02.096,1.55639,1.55674,2.85,1.73
2013.02.27 15:29:02.449,1.55639,1.55674,2.85,2.48
2013.02.27 15:29:02.768,1.55637,1.55672,2.48,1.05
2013.02.27 15:29:02.886,1.55637,1.55672,2.48,1.05
2013.02.27 15:29:03.367,1.55639,1.55669,2.25,1.50
2013.02.27 15:29:03.668,1.55643,1.55676,1.73,1.50
2013.02.27 15:29:03.976,1.55648,1.5568,2.25,1.73
2013.02.27 15:29:04.287,1.55647,1.55682,2.63,1.73
2013.02.27 15:29:04.688,1.55648,1.55682,1.13,1.73
2013.02.27 15:29:04.988,1.55655,1.55683,1.50,1.50
2013.02.27 15:29:05.360,1.55658,1.55689,1.50,1.50
2013.02.27 15:29:05.476,1.55658,1.55691,1.50,1.73
2013.02.27 15:29:05.717,1.55661,1.55696,1.50,2.03
2013.02.27 15:29:05.779,1.55662,1.55696,1.73,1.80
2013.02.27 15:29:05.898,1.55666,1.55696,1.73,1.13
2013.02.27 15:29:06.016,1.55666,1.55699,1.73,1.88
2013.02.27 15:29:06.197,1.55669,1.55703,2.25,2.48
2013.02.27 15:29:06.749,1.55667,1.55703,1.35,2.48
2013.02.27 15:29:07.057,1.55668,1.55703,1.73,1.50
2013.02.27 15:29:07.178,1.5567,1.55705,1.73,1.13
2013.02.27 15:29:07.447,1.55677,1.55707,1.50,2.25
2013.02.27 15:29:07.628,1.55677,1.55709,1.50,2.25
2013.02.27 15:29:07.687,1.55673,1.5571,2.22,2.25
2013.02.27 15:29:08.050,1.55668,1.55702,1.73,1.50
2013.02.27 15:29:08.296,1.55666,1.55689,2.10,1.50
2013.02.27 15:29:08.537,1.55659,1.5569,2.10,1.50
2013.02.27 15:29:08.598,1.55661,1.5569,1.73,1.50
2013.02.27 15:29:09.099,1.55665,1.55699,2.48,1.88
2013.02.27 15:29:09.480,1.55668,1.55699,1.73,1.13
2013.02.27 15:29:09.539,1.55668,1.557,1.73,1.13
2013.02.27 15:29:10.088,1.5567,1.55704,1.50,1.50
2013.02.27 15:29:10.147,1.55671,1.55699,1.50,1.50
2013.02.27 15:29:10.326,1.5567,1.55703,1.13,1.35
2013.02.27 15:29:10.627,1.55662,1.55696,1.13,2.48
2013.02.27 15:29:10.688,1.55662,1.55696,1.13,1.50
2013.02.27 15:29:11.100,1.55663,1.55689,1.13,1.50
2013.02.27 15:29:12.157,1.55661,1.55697,1.50,1.88
2013.02.27 15:29:12.217,1.55661,1.55697,1.50,1.88
2013.02.27 15:29:13.196,1.5566,1.55692,1.50,1.50
2013.02.27 15:29:13.421,1.5566,1.55688,1.50,1.50
2013.02.27 15:29:13.498,1.55657,1.55688,2.48,1.50
2013.02.27 15:29:13.617,1.55654,1.55685,1.50,1.73
2013.02.27 15:29:13.917,1.55656,1.55683,1.50,1.73
2013.02.27 15:29:13.977,1.55656,1.55683,1.50,1.50
2013.02.27 15:29:14.099,1.55656,1.55686,1.50,1.35
2013.02.27 15:29:14.217,1.55659,1.5569,2.25,2.48
2013.02.27 15:29:14.279,1.55659,1.5569,1.50,2.48
2013.02.27 15:29:14.637,1.55664,1.5569,1.50,1.73
2013.02.27 15:29:14.940,1.55673,1.557,1.50,1.13
2013.02.27 15:29:15.057,1.55673,1.557,1.50,1.50
2013.02.27 15:29:15.177,1.55673,1.557,1.50,1.50
2013.02.27 15:29:15.706,1.55674,1.5571,2.25,2.25
2013.02.27 15:29:15.828,1.55675,1.55713,1.50,1.58
2013.02.27 15:29:16.187,1.55676,1.55709,1.50,1.97
2013.02.27 15:29:16.247,1.55675,1.5571,1.50,1.73
2013.02.27 15:29:16.307,1.55675,1.5571,1.50,1.73
2013.02.27 15:29:16.367,1.55675,1.55708,2.25,1.73
2013.02.27 15:29:16.678,1.55679,1.5571,1.50,1.73
2013.02.27 15:29:16.857,1.55679,1.55714,1.50,2.48
2013.02.27 15:29:17.277,1.55684,1.55714,1.50,1.13
2013.02.27 15:29:17.398,1.55688,1.55719,1.50,2.10
2013.02.27 15:29:17.459,1.55687,1.55719,2.63,1.13
2013.02.27 15:29:17.876,1.5569,1.55719,2.25,1.50
2013.02.27 15:29:18.118,1.55686,1.55718,2.63,1.73
2013.02.27 15:29:18.497,1.55687,1.55714,2.63,1.50
2013.02.27 15:29:19.268,1.55687,1.55718,2.63,1.73
2013.02.27 15:29:19.659,1.55687,1.55714,2.63,1.50
2013.02.27 15:29:19.818,1.55686,1.55714,2.63,1.50
2013.02.27 15:29:20.177,1.55679,1.55708,1.13,1.17
2013.02.27 15:29:20.356,1.55681,1.55705,1.13,1.50
2013.02.27 15:29:20.417,1.55675,1.55701,1.13,1.50
2013.02.27 15:29:20.776,1.55667,1.55688,1.35,2.25
2013.02.27 15:29:20.897,1.55658,1.55683,1.88,1.50
2013.02.27 15:29:21.087,1.55656,1.55683,1.13,1.73
2013.02.27 15:29:21.148,1.55656,1.55683,1.13,1.73
2013.02.27 15:29:21.648,1.55656,1.55685,2.63,1.73
2013.02.27 15:29:22.508,1.55656,1.55683,1.13,1.73
2013.02.27 15:29:22.627,1.55656,1.55683,1.13,1.73
2013.02.27 15:29:24.607,1.55656,1.5569,1.13,1.45
2013.02.27 15:29:24.727,1.55661,1.55694,1.50,1.13
2013.02.27 15:29:24.847,1.55662,1.55694,1.50,1.13
2013.02.27 15:29:24.972,1.55661,1.55695,1.50,2.10
2013.02.27 15:29:25.708,1.55661,1.55689,1.13,1.17
2013.02.27 15:29:25.849,1.55661,1.55692,1.13,1.17
2013.02.27 15:29:26.147,1.55663,1.55695,1.50,1.92
2013.02.27 15:29:27.770,1.55663,1.55695,1.50,1.17
2013.02.27 15:29:28.087,1.55663,1.55695,1.50,1.17
2013.02.27 15:29:32.777,1.55662,1.55693,1.50,1.50
2013.02.27 15:29:33.187,1.55662,1.55694,1.13,1.69
2013.02.27 15:29:33.248,1.55658,1.55689,1.13,1.50
2013.02.27 15:29:33.787,1.55658,1.55684,1.13,1.50
2013.02.27 15:29:35.247,1.55658,1.55684,1.13,1.50
2013.02.27 15:29:35.557,1.55658,1.55684,1.13,1.73
2013.02.27 15:29:36.428,1.55653,1.55684,1.95,1.73
2013.02.27 15:29:36.787,1.55651,1.55678,1.13,1.50
2013.02.27 15:29:36.847,1.55648,1.55678,1.13,1.50
2013.02.27 15:29:37.448,1.55651,1.55686,2.48,1.50
2013.02.27 15:29:37.748,1.55651,1.55679,2.25,1.50
2013.02.27 15:29:37.807,1.55649,1.55679,2.85,1.50
2013.02.27 15:29:37.928,1.55649,1.55679,2.10,1.13
2013.02.27 15:29:38.477,1.55648,1.55679,1.13,2.10
2013.02.27 15:29:39.887,1.55649,1.55674,1.88,1.73
2013.02.27 15:29:41.257,1.55648,1.55673,1.88,1.17
2013.02.27 15:29:41.542,1.55649,1.55674,1.88,1.73
2013.02.27 15:29:41.668,1.55649,1.55674,1.88,1.92
2013.02.27 15:29:44.187,1.55651,1.55679,1.50,1.17
2013.02.27 15:29:44.246,1.55652,1.5568,1.50,2.10
2013.02.27 15:29:44.306,1.55652,1.55679,1.50,1.50
2013.02.27 15:29:45.517,1.5565,1.55679,1.50,1.50
2013.02.27 15:29:45.867,1.55649,1.55679,1.50,1.50
2013.02.27 15:29:46.538,1.55649,1.5568,1.50,1.05
2013.02.27 15:29:46.657,1.55649,1.5568,1.50,1.35
2013.02.27 15:29:46.777,1.55648,1.55678,1.13,1.73
2013.02.27 15:29:47.720,1.55647,1.55678,1.13,1.73
2013.02.27 15:29:48.227,1.55647,1.55678,1.13,1.50
2013.02.27 15:29:48.647,1.55648,1.55676,1.13,1.73
2013.02.27 15:29:48.828,1.55648,1.55677,1.13,2.25
2013.02.27 15:29:48.960,1.55648,1.55677,1.13,1.50
2013.02.27 15:29:49.209,1.55653,1.55685,1.50,2.10
2013.02.27 15:29:49.370,1.55652,1.55683,1.50,1.73
2013.02.27 15:29:49.547,1.55658,1.55688,1.50,2.10
2013.02.27 15:29:49.730,1.55661,1.55688,1.50,1.13
2013.02.27 15:29:50.217,1.55661,1.5569,1.13,1.73
2013.02.27 15:29:50.647,1.55659,1.5569,1.13,1.73
2013.02.27 15:29:50.971,1.55661,1.5569,1.13,1.73
2013.02.27 15:29:51.079,1.55659,1.5569,1.13,1.73
2013.02.27 15:29:51.317,1.55657,1.55682,1.88,1.73
2013.02.27 15:29:51.617,1.55652,1.5568,1.88,1.50
2013.02.27 15:29:53.008,1.55652,1.55684,1.88,1.73
2013.02.27 15:29:53.108,1.55652,1.55679,1.13,1.50
2013.02.27 15:29:53.288,1.55653,1.55677,1.13,1.73
2013.02.27 15:29:53.408,1.55652,1.55674,1.13,1.35
2013.02.27 15:29:53.468,1.55647,1.55674,1.13,1.35
2013.02.27 15:29:54.698,1.55642,1.5567,1.88,1.17
2013.02.27 15:29:54.816,1.55643,1.55673,1.13,1.35
2013.02.27 15:29:56.161,1.55643,1.55674,1.13,1.80
2013.02.27 15:29:56.587,1.55647,1.55673,1.13,1.35
2013.02.27 15:29:57.353,1.55647,1.55673,1.50,1.35
2013.02.27 15:29:57.637,1.55643,1.55674,3.38,1.35
2013.02.27 15:29:57.757,1.55646,1.55677,1.50,1.35
2013.02.27 15:29:59.618,1.55648,1.55681,1.50,1.17
2013.02.27 15:29:59.918,1.55652,1.55685,1.13,1.54
2013.02.27 15:29:59.978,1.55652,1.55684,1.13,1.35
2013.02.27 15:30:00.209,1.55652,1.55684,1.13,1.35
2013.02.27 15:30:00.627,1.55652,1.55683,1.13,1.35
2013.02.27 15:30:01.166,1.55652,1.55683,1.13,1.35
2013.02.27 15:30:05.958,1.55652,1.55679,1.13,1.69
2013.02.27 15:30:06.368,1.55652,1.55678,1.13,1.17
2013.02.27 15:30:06.557,1.55651,1.55684,1.13,1.35
2013.02.27 15:30:06.808,1.55662,1.55689,1.50,1.50
2013.02.27 15:30:07.541,1.55662,1.55694,1.50,1.73
2013.02.27 15:30:07.868,1.55662,1.55693,1.13,1.05
2013.02.27 15:30:07.997,1.55663,1.55688,1.13,1.50
2013.02.27 15:30:08.189,1.55661,1.55686,1.13,1.50
2013.02.27 15:30:08.307,1.5566,1.55684,1.50,1.50
2013.02.27 15:30:10.156,1.55658,1.55688,1.88,1.50
2013.02.27 15:30:12.227,1.55659,1.55688,1.13,1.50
2013.02.27 15:30:12.827,1.55659,1.55686,1.13,1.58
2013.02.27 15:30:12.887,1.55659,1.55686,1.13,2.25
2013.02.27 15:30:12.946,1.55651,1.55675,2.10,1.50
2013.02.27 15:30:13.307,1.55651,1.55679,1.13,1.88
2013.02.27 15:30:13.679,1.55654,1.55684,1.13,1.73
2013.02.27 15:30:14.023,1.55649,1.55684,2.10,1.50
2013.02.27 15:30:14.328,1.55649,1.55682,1.88,1.32
2013.02.27 15:30:14.507,1.55644,1.5567,2.63,1.17
2013.02.27 15:30:14.789,1.55644,1.55674,1.13,1.92
2013.02.27 15:30:15.066,1.55644,1.5567,1.13,1.17
2013.02.27 15:30:15.368,1.55642,1.5567,1.13,1.17
2013.02.27 15:30:15.487,1.55639,1.55669,1.13,1.50
2013.02.27 15:30:15.667,1.55639,1.5567,1.13,1.73
2013.02.27 15:30:15.908,1.55638,1.55675,1.13,1.50
2013.02.27 15:30:16.250,1.55639,1.55674,1.50,1.50
2013.02.27 15:30:17.167,1.55639,1.5567,1.88,1.50
2013.02.27 15:30:17.287,1.55643,1.55674,1.13,1.50
2013.02.27 15:30:17.408,1.55641,1.55667,1.13,1.50
2013.02.27 15:30:17.942,1.55641,1.55666,1.13,1.50
2013.02.27 15:30:18.408,1.55638,1.55666,2.63,1.50
2013.02.27 15:30:19.018,1.55639,1.55666,1.13,2.25
2013.02.27 15:30:19.459,1.55639,1.55666,1.13,1.50
2013.02.27 15:30:19.717,1.5564,1.5567,1.50,1.50
2013.02.27 15:30:20.022,1.5564,1.55669,1.50,1.50
2013.02.27 15:30:20.150,1.5564,1.55668,1.50,1.50
2013.02.27 15:30:20.508,1.55636,1.5566,1.13,1.50
2013.02.27 15:30:20.627,1.55638,1.55665,1.13,1.50
2013.02.27 15:30:21.138,1.55638,1.55665,1.13,1.50
2013.02.27 15:30:22.117,1.55638,1.55664,1.13,1.50
2013.02.27 15:30:22.178,1.55636,1.5566,1.88,1.50
2013.02.27 15:30:22.418,1.55638,1.55664,1.13,1.69
2013.02.27 15:30:22.537,1.55636,1.55666,2.25,1.50
2013.02.27 15:30:26.729,1.55639,1.55669,1.13,1.17
2013.02.27 15:30:26.839,1.55639,1.55666,1.13,1.50
2013.02.27 15:30:27.639,1.55639,1.55664,1.13,1.50
2013.02.27 15:30:27.699,1.55637,1.55659,1.13,1.50
2013.02.27 15:30:27.759,1.55634,1.55659,3.38,1.69
2013.02.27 15:30:27.880,1.55634,1.55659,2.25,1.69
2013.02.27 15:30:28.539,1.55633,1.55659,1.50,1.69
2013.02.27 15:30:29.079,1.55632,1.55659,1.13,1.69
2013.02.27 15:30:29.230,1.55633,1.55659,3.38,1.69
2013.02.27 15:30:29.291,1.55633,1.55659,1.88,1.69
2013.02.27 15:30:29.600,1.55629,1.55658,1.50,1.17
2013.02.27 15:30:29.899,1.5563,1.55658,1.50,1.69
2013.02.27 15:30:30.197,1.55631,1.55658,1.50,1.69
2013.02.27 15:30:30.258,1.55631,1.55658,1.88,1.50
2013.02.27 15:30:30.628,1.55633,1.55661,1.13,1.17
2013.02.27 15:30:30.748,1.55632,1.55658,1.13,1.50
2013.02.27 15:30:31.288,1.55633,1.55658,1.88,1.50
2013.02.27 15:30:31.863,1.55633,1.55658,1.13,1.50
2013.02.27 15:30:33.469,1.5563,1.55658,1.13,1.50
2013.02.27 15:30:33.528,1.55631,1.55658,1.13,1.50
2013.02.27 15:30:33.848,1.5563,1.55658,1.13,1.50
2013.02.27 15:30:33.909,1.55628,1.55658,1.13,1.50
2013.02.27 15:30:33.970,1.55628,1.55658,1.13,1.50
2013.02.27 15:30:34.028,1.55628,1.55658,1.73,1.69
2013.02.27 15:30:34.347,1.55627,1.55658,2.85,1.69
2013.02.27 15:30:36.877,1.55628,1.55661,2.48,1.17
2013.02.27 15:30:37.007,1.55627,1.55658,3.23,1.50
2013.02.27 15:30:37.067,1.55627,1.55654,1.73,1.50
2013.02.27 15:30:37.626,1.55627,1.55654,1.13,1.50
2013.02.27 15:30:37.858,1.55627,1.55654,1.13,1.50
2013.02.27 15:30:39.930,1.55628,1.55657,1.88,1.50
2013.02.27 15:30:40.317,1.55628,1.55659,1.13,2.25
2013.02.27 15:30:40.630,1.55629,1.55659,1.13,2.70
2013.02.27 15:30:40.698,1.55624,1.55652,1.73,1.50
2013.02.27 15:30:41.018,1.55623,1.55652,1.13,1.73
2013.02.27 15:30:41.100,1.55623,1.55652,1.13,1.73
2013.02.27 15:30:41.577,1.55622,1.55652,1.13,1.73
2013.02.27 15:30:44.358,1.55623,1.55652,1.13,1.73
2013.02.27 15:30:44.491,1.55626,1.55656,1.50,1.73
2013.02.27 15:30:44.848,1.55624,1.55656,1.13,1.69
2013.02.27 15:30:45.175,1.55622,1.5565,1.13,1.17
2013.02.27 15:30:45.687,1.55633,1.5566,1.50,1.35
2013.02.27 15:30:46.680,1.55632,1.55658,1.50,1.73
2013.02.27 15:30:46.977,1.55627,1.55655,1.88,1.50
2013.02.27 15:30:47.038,1.55627,1.55655,1.13,1.50
2013.02.27 15:30:47.217,1.55624,1.5565,1.50,1.50
2013.02.27 15:30:47.277,1.55624,1.5565,4.40,1.50
2013.02.27 15:30:47.398,1.55634,1.55658,1.50,1.73
2013.02.27 15:30:47.458,1.55637,1.55658,1.50,1.73
2013.02.27 15:30:47.518,1.55637,1.55664,1.50,1.73
2013.02.27 15:30:47.641,1.55637,1.55664,1.50,1.73
2013.02.27 15:30:47.709,1.55632,1.55661,1.50,1.50
2013.02.27 15:30:47.887,1.55632,1.55661,1.50,1.73
2013.02.27 15:30:48.007,1.5563,1.55661,1.50,2.25
2013.02.27 15:30:48.517,1.5563,1.55658,1.13,1.50
2013.02.27 15:30:49.427,1.55629,1.55658,1.13,1.50
2013.02.27 15:30:49.556,1.55629,1.55658,1.13,1.50
2013.02.27 15:30:49.939,1.55629,1.55658,1.13,1.50
2013.02.27 15:30:50.258,1.55626,1.55657,2.25,1.50
2013.02.27 15:30:50.379,1.55624,1.55656,1.13,1.50
2013.02.27 15:30:50.798,1.5562,1.5565,1.13,2.25
2013.02.27 15:30:50.978,1.55619,1.5565,1.13,1.50
2013.02.27 15:30:51.157,1.55623,1.5565,1.50,1.50
2013.02.27 15:30:51.419,1.55622,1.5565,1.50,1.50
2013.02.27 15:30:51.938,1.55622,1.5565,1.50,1.50
2013.02.27 15:30:52.282,1.55622,1.5565,1.50,1.50
2013.02.27 15:30:52.347,1.5562,1.55654,1.13,1.50
2013.02.27 15:30:52.408,1.55618,1.5565,1.13,1.50
2013.02.27 15:30:52.468,1.55616,1.55647,1.50,2.07
2013.02.27 15:30:52.861,1.55616,1.55637,1.50,1.50
2013.02.27 15:30:52.938,1.55626,1.55649,1.50,1.50
2013.02.27 15:30:53.010,1.55626,1.55654,1.73,1.20
2013.02.27 15:30:53.789,1.55626,1.55655,1.73,2.25
2013.02.27 15:30:53.911,1.55626,1.55653,1.73,1.50
2013.02.27 15:30:53.979,1.55626,1.55653,1.50,1.50
2013.02.27 15:30:55.108,1.55629,1.5565,1.92,1.84
2013.02.27 15:30:55.469,1.55619,1.55643,2.33,2.07
2013.02.27 15:30:55.527,1.55619,1.55641,2.33,1.50
2013.02.27 15:30:55.910,1.55622,1.55643,1.73,1.50
2013.02.27 15:30:56.089,1.5562,1.55643,1.43,1.50
2013.02.27 15:30:56.391,1.5562,1.55638,1.56,1.50
2013.02.27 15:30:56.698,1.55618,1.55643,1.59,2.18
2013.02.27 15:30:57.058,1.55618,1.55645,1.59,1.50
2013.02.27 15:30:59.898,1.55623,1.55654,1.73,2.25
2013.02.27 15:31:00.409,1.55628,1.55654,1.27,1.50
2013.02.27 15:31:00.918,1.55628,1.55654,1.50,1.50
2013.02.27 15:31:00.977,1.55631,1.55658,1.73,1.50
2013.02.27 15:31:01.219,1.55636,1.55664,1.38,3.08
2013.02.27 15:31:01.639,1.55639,1.55664,1.17,1.50
2013.02.27 15:31:01.757,1.55638,1.55667,1.17,2.25
2013.02.27 15:31:02.667,1.55637,1.55665,1.17,2.25
2013.02.27 15:31:02.795,1.55633,1.55662,1.73,1.50
2013.02.27 15:31:02.858,1.55632,1.55662,1.73,1.50
2013.02.27 15:31:02.978,1.55632,1.55662,1.73,1.50
2013.02.27 15:31:03.241,1.55627,1.55656,2.10,1.50
2013.02.27 15:31:03.919,1.55624,1.55655,1.23,1.50
2013.02.27 15:31:04.159,1.55624,1.55655,1.73,1.50
2013.02.27 15:31:04.340,1.55625,1.55655,1.23,1.50
2013.02.27 15:31:04.489,1.55625,1.55655,1.23,1.50
2013.02.27 15:31:04.611,1.55625,1.55655,1.23,1.50
2013.02.27 15:31:04.950,1.55634,1.55658,1.73,3.00
2013.02.27 15:31:05.008,1.55634,1.55658,1.73,1.50
2013.02.27 15:31:05.368,1.55633,1.55665,2.10,1.58
2013.02.27 15:31:05.548,1.55641,1.55663,1.50,1.50
2013.02.27 15:31:05.868,1.55637,1.55655,1.73,1.50
2013.02.27 15:31:05.988,1.55635,1.55655,1.35,1.50
2013.02.27 15:31:06.899,1.55638,1.55665,1.35,1.50
2013.02.27 15:31:07.479,1.55635,1.55665,1.35,2.25
2013.02.27 15:31:08.102,1.55635,1.55665,1.35,2.25
2013.02.27 15:31:08.178,1.55637,1.55665,1.35,2.25
2013.02.27 15:31:08.258,1.55639,1.55665,1.35,2.25
2013.02.27 15:31:08.379,1.55635,1.55663,1.35,1.50
2013.02.27 15:31:08.590,1.55635,1.55663,1.13,1.69
2013.02.27 15:31:09.157,1.55634,1.5566,1.50,1.50
2013.02.27 15:31:09.217,1.55634,1.5566,1.50,1.50
2013.02.27 15:31:09.498,1.55634,1.5566,1.50,1.50
2013.02.27 15:31:10.169,1.5563,1.5566,1.65,1.50
2013.02.27 15:31:12.927,1.5563,1.55665,2.10,3.38
2013.02.27 15:31:12.987,1.55635,1.55665,1.73,3.38
2013.02.27 15:31:13.528,1.55638,1.55666,1.50,1.50
2013.02.27 15:31:13.709,1.55638,1.55667,2.25,1.50
2013.02.27 15:31:13.769,1.55638,1.55668,1.73,1.50
2013.02.27 15:31:13.887,1.55638,1.55668,2.48,1.50
2013.02.27 15:31:14.247,1.55646,1.55675,1.50,2.25
2013.02.27 15:31:14.308,1.55646,1.55675,2.31,2.25
2013.02.27 15:31:15.217,1.55645,1.55675,1.13,1.50
2013.02.27 15:31:15.338,1.55645,1.55675,1.13,1.50
2013.02.27 15:31:15.398,1.55638,1.55673,1.35,1.50
2013.02.27 15:31:15.518,1.55637,1.55661,1.13,1.50
2013.02.27 15:31:15.577,1.55635,1.55661,1.50,1.69
2013.02.27 15:31:15.637,1.55631,1.55661,1.73,1.69
2013.02.27 15:31:15.697,1.55631,1.55661,1.35,1.69
2013.02.27 15:31:16.588,1.55629,1.55661,1.35,1.69
2013.02.27 15:31:16.768,1.55624,1.55653,2.10,1.50
2013.02.27 15:31:16.887,1.55625,1.55654,1.73,1.69
2013.02.27 15:31:16.948,1.5563,1.5566,1.73,1.69
2013.02.27 15:31:17.608,1.5563,1.5566,1.73,1.50
2013.02.27 15:31:18.108,1.55632,1.5566,1.73,1.50
2013.02.27 15:31:19.002,1.55636,1.55666,1.73,1.50
2013.02.27 15:31:19.127,1.55637,1.55668,1.73,1.50
2013.02.27 15:31:19.188,1.5564,1.55671,2.48,1.50
2013.02.27 15:31:19.308,1.55644,1.55673,1.73,1.69
2013.02.27 15:31:19.790,1.55644,1.55675,2.48,1.50
2013.02.27 15:31:19.848,1.55644,1.55675,2.48,1.50
2013.02.27 15:31:20.088,1.55644,1.55675,1.73,1.50
2013.02.27 15:31:20.209,1.55643,1.55669,2.25,1.50
2013.02.27 15:31:20.784,1.55644,1.55669,1.50,1.69
2013.02.27 15:31:21.158,1.55644,1.55674,2.48,1.69
2013.02.27 15:31:21.789,1.55651,1.55679,1.73,1.50
2013.02.27 15:31:22.677,1.55652,1.55684,1.50,2.25
2013.02.27 15:31:23.098,1.55653,1.55684,1.73,1.50
2013.02.27 15:31:24.778,1.55653,1.55682,1.73,1.50
2013.02.27 15:31:24.838,1.55652,1.55681,1.73,1.50
2013.02.27 15:31:24.957,1.55647,1.55675,1.73,1.50
2013.02.27 15:31:25.018,1.55647,1.55681,1.73,1.50
2013.02.27 15:31:25.141,1.55647,1.55675,1.35,1.50
2013.02.27 15:31:27.301,1.55642,1.55669,1.35,1.69
2013.02.27 15:31:27.667,1.55646,1.55669,1.50,1.69
2013.02.27 15:31:27.847,1.55648,1.55673,1.50,1.50
2013.02.27 15:31:29.680,1.55652,1.55676,1.50,1.50
2013.02.27 15:31:29.890,1.55653,1.55675,1.50,1.50
2013.02.27 15:31:30.097,1.55657,1.55678,1.50,1.50
2013.02.27 15:31:30.160,1.55657,1.55679,1.50,1.88
2013.02.27 15:31:30.819,1.5566,1.55685,1.50,1.50
2013.02.27 15:31:30.877,1.55659,1.55685,1.73,1.50
2013.02.27 15:31:31.187,1.55655,1.55678,1.50,1.50
2013.02.27 15:31:31.250,1.55656,1.55679,1.50,1.50
2013.02.27 15:31:31.763,1.55655,1.55679,1.50,1.50
2013.02.27 15:31:33.060,1.55653,1.55678,1.13,1.50
2013.02.27 15:31:33.428,1.55653,1.55679,1.88,1.50
2013.02.27 15:31:33.648,1.55653,1.55683,1.88,1.13
2013.02.27 15:31:33.834,1.55654,1.55684,2.85,1.50
2013.02.27 15:31:34.398,1.55651,1.55684,1.73,1.58
2013.02.27 15:31:36.539,1.55651,1.55682,1.73,1.95
2013.02.27 15:31:36.927,1.55653,1.55682,1.73,1.20
2013.02.27 15:31:37.638,1.55653,1.55681,1.73,1.58
2013.02.27 15:31:37.757,1.55651,1.55681,1.73,1.58
2013.02.27 15:31:37.818,1.55649,1.55681,1.73,1.50
2013.02.27 15:31:38.122,1.55649,1.55679,1.73,1.50
2013.02.27 15:31:38.559,1.55649,1.55679,1.73,1.50
2013.02.27 15:31:39.097,1.55651,1.55683,3.23,1.50
2013.02.27 15:31:39.338,1.55653,1.55685,1.73,1.50
2013.02.27 15:31:39.398,1.55652,1.55674,1.35,1.50
2013.02.27 15:31:39.458,1.55652,1.55674,1.13,1.50
2013.02.27 15:31:39.637,1.55652,1.55674,1.88,1.50
2013.02.27 15:31:39.878,1.55647,1.55673,1.73,1.50
2013.02.27 15:31:39.998,1.55647,1.55676,1.73,1.50
2013.02.27 15:31:40.311,1.55647,1.55678,1.73,1.50
2013.02.27 15:31:40.669,1.55646,1.55681,2.10,1.50
2013.02.27 15:31:40.848,1.55646,1.55679,2.10,1.50
2013.02.27 15:31:41.030,1.5565,1.55679,1.73,1.50
2013.02.27 15:31:41.305,1.5565,1.55679,1.73,1.50
2013.02.27 15:31:41.638,1.55647,1.55676,1.73,1.50
2013.02.27 15:31:43.518,1.55646,1.55669,2.10,1.50
2013.02.27 15:31:43.578,1.55646,1.55669,1.13,1.50
2013.02.27 15:31:43.638,1.55646,1.55678,1.13,3.04
2013.02.27 15:31:43.758,1.55647,1.55678,1.73,1.13
2013.02.27 15:31:43.878,1.55649,1.55679,2.10,1.50
2013.02.27 15:31:45.780,1.55651,1.55679,2.48,1.50
2013.02.27 15:31:45.978,1.55651,1.55675,2.25,1.50
2013.02.27 15:31:46.551,1.55652,1.55681,1.50,1.50
2013.02.27 15:31:46.748,1.55651,1.55683,1.50,1.50
2013.02.27 15:31:47.640,1.55651,1.55683,1.50,1.50
2013.02.27 15:31:51.167,1.55648,1.55674,2.10,1.50
2013.02.27 15:31:51.349,1.55648,1.55679,2.10,2.25
2013.02.27 15:31:51.796,1.55648,1.55679,1.35,1.50
2013.02.27 15:31:52.612,1.55649,1.55677,1.73,1.50
2013.02.27 15:31:52.998,1.55649,1.55677,1.88,1.50
2013.02.27 15:31:53.177,1.55649,1.55679,1.13,2.25
2013.02.27 15:31:53.497,1.55649,1.55674,1.13,1.50
2013.02.27 15:31:54.429,1.55649,1.55679,1.35,2.25
2013.02.27 15:31:55.224,1.55649,1.55678,1.13,1.50
2013.02.27 15:31:55.528,1.55647,1.55678,1.35,1.50
2013.02.27 15:31:55.648,1.55644,1.55674,2.10,1.50
2013.02.27 15:31:55.828,1.55644,1.55677,2.10,1.50
2013.02.27 15:31:56.198,1.55644,1.55677,1.35,1.50
2013.02.27 15:31:56.449,1.55644,1.55677,1.35,1.50
2013.02.27 15:31:56.768,1.55641,1.5566,1.50,2.25
2013.02.27 15:31:56.948,1.55631,1.5566,3.08,2.25
2013.02.27 15:31:57.128,1.55637,1.55663,1.29,1.50
2013.02.27 15:31:57.309,1.55634,1.55661,1.73,1.50
2013.02.27 15:31:57.609,1.55634,1.55664,1.73,1.50
2013.02.27 15:31:58.443,1.55634,1.55663,1.73,1.50
2013.02.27 15:31:58.808,1.55633,1.55661,1.73,1.50
2013.02.27 15:31:59.168,1.5563,1.55657,1.32,1.50
2013.02.27 15:31:59.528,1.5563,1.55656,1.45,1.50
2013.02.27 15:31:59.647,1.55626,1.55656,1.73,1.50
2013.02.27 15:31:59.957,1.55626,1.5565,1.73,1.50
2013.02.27 15:32:00.463,1.5562,1.55646,1.61,1.50
2013.02.27 15:32:00.539,1.55619,1.55646,1.35,1.50
2013.02.27 15:32:01.078,1.55617,1.55647,1.73,1.50
2013.02.27 15:32:01.138,1.55617,1.55646,1.73,1.50
2013.02.27 15:32:01.439,1.55611,1.55635,1.35,1.50
2013.02.27 15:32:01.563,1.55609,1.55635,1.13,1.50
2013.02.27 15:32:01.688,1.55617,1.55647,1.50,1.50
2013.02.27 15:32:02.248,1.55617,1.55648,1.50,1.50
2013.02.27 15:32:02.804,1.55617,1.55649,1.50,1.50
2013.02.27 15:32:04.950,1.55617,1.5565,1.73,1.50
2013.02.27 15:32:06.724,1.55612,1.55636,2.85,1.50
2013.02.27 15:32:06.847,1.5561,1.55636,2.25,1.50
2013.02.27 15:32:06.907,1.55617,1.55648,1.50,2.44
2013.02.27 15:32:06.967,1.55617,1.55648,1.50,3.75
2013.02.27 15:32:08.367,1.55614,1.55648,1.73,2.33
2013.02.27 15:32:08.609,1.55614,1.55643,1.73,1.50
2013.02.27 15:32:08.869,1.55613,1.55643,1.13,2.25
2013.02.27 15:32:09.047,1.5561,1.55641,1.50,2.48
2013.02.27 15:32:11.287,1.5561,1.55636,1.50,1.50
2013.02.27 15:32:11.827,1.55607,1.55636,1.13,1.50
2013.02.27 15:32:12.878,1.5561,1.55639,2.25,1.50
2013.02.27 15:32:13.118,1.5561,1.55639,1.50,1.50
2013.02.27 15:32:13.659,1.5561,1.55638,1.50,1.73
2013.02.27 15:32:13.718,1.55608,1.55638,1.88,1.73
2013.02.27 15:32:14.099,1.55612,1.55637,1.50,1.73
2013.02.27 15:32:14.399,1.55612,1.55639,2.25,1.50
2013.02.27 15:32:14.583,1.55616,1.55639,1.50,1.50
2013.02.27 15:32:15.132,1.5561,1.55641,1.73,1.50
2013.02.27 15:32:15.418,1.55609,1.55641,1.35,1.50
2013.02.27 15:32:16.118,1.5561,1.55641,2.48,1.50
2013.02.27 15:32:16.299,1.55615,1.55643,1.50,1.50
2013.02.27 15:32:16.570,1.55615,1.55641,1.50,1.50
2013.02.27 15:32:20.618,1.55614,1.55644,1.50,1.50
2013.02.27 15:32:20.737,1.55612,1.5564,1.13,1.50
2013.02.27 15:32:20.804,1.55612,1.5564,1.13,1.50
2013.02.27 15:32:21.417,1.55613,1.5564,1.13,1.50
2013.02.27 15:32:21.777,1.55612,1.55644,1.13,1.50
2013.02.27 15:32:22.174,1.55614,1.55644,1.50,1.50
2013.02.27 15:32:22.299,1.55613,1.55644,1.35,2.25
2013.02.27 15:32:22.618,1.55614,1.55646,1.35,1.50
2013.02.27 15:32:22.677,1.55614,1.55639,1.35,1.50
2013.02.27 15:32:22.737,1.55614,1.55639,1.35,1.50
2013.02.27 15:32:24.436,1.5561,1.55641,1.17,1.50
2013.02.27 15:32:24.929,1.55608,1.55639,2.10,1.50
2013.02.27 15:32:26.363,1.55608,1.55643,2.10,1.50
2013.02.27 15:32:26.787,1.55613,1.55644,1.73,1.50
2013.02.27 15:32:27.516,1.55613,1.55648,1.92,1.50
2013.02.27 15:32:28.738,1.55621,1.55644,1.17,1.50
2013.02.27 15:32:28.920,1.55617,1.55644,1.73,1.50
2013.02.27 15:32:28.982,1.5562,1.55644,1.50,1.50
2013.02.27 15:32:29.109,1.55617,1.55644,1.50,1.50
2013.02.27 15:32:29.168,1.55617,1.55644,1.50,1.50
2013.02.27 15:32:29.529,1.55617,1.55649,2.25,1.50
2013.02.27 15:32:29.978,1.55616,1.55647,1.13,1.50
2013.02.27 15:32:30.528,1.55616,1.55644,1.50,1.50
2013.02.27 15:32:30.648,1.55611,1.55644,2.48,1.50
2013.02.27 15:32:30.970,1.55616,1.55644,1.50,1.50
2013.02.27 15:32:32.298,1.55621,1.5565,1.50,3.38
2013.02.27 15:32:32.418,1.55621,1.55647,1.50,1.13
2013.02.27 15:32:32.835,1.55621,1.55648,1.50,1.13
2013.02.27 15:32:32.978,1.55614,1.55643,1.73,1.50
2013.02.27 15:32:33.187,1.5561,1.55643,2.48,1.50
2013.02.27 15:32:33.658,1.55612,1.55643,1.73,1.50
2013.02.27 15:32:33.825,1.5561,1.55643,1.73,1.50
2013.02.27 15:32:34.318,1.55612,1.55644,1.73,1.50
2013.02.27 15:32:34.498,1.55614,1.55647,1.73,1.13
2013.02.27 15:32:34.869,1.55614,1.55643,1.73,1.50
2013.02.27 15:32:35.140,1.55614,1.55643,1.73,1.50
2013.02.27 15:32:36.777,1.55611,1.55643,1.73,1.50
2013.02.27 15:32:37.447,1.55609,1.55643,2.48,1.50
2013.02.27 15:32:37.893,1.55608,1.55643,1.73,1.50
2013.02.27 15:32:38.149,1.55608,1.55643,1.73,2.25
2013.02.27 15:32:38.658,1.55611,1.55643,2.48,1.50
2013.02.27 15:32:40.158,1.55616,1.55649,1.73,3.00
2013.02.27 15:32:40.219,1.55616,1.55649,1.73,3.00
2013.02.27 15:32:40.338,1.55621,1.55649,1.50,1.50
2013.02.27 15:32:40.397,1.55621,1.55652,1.50,1.13
2013.02.27 15:32:42.220,1.55623,1.55654,1.73,1.50
2013.02.27 15:32:44.590,1.55625,1.55654,1.50,1.50
2013.02.27 15:32:44.668,1.55625,1.55656,1.50,1.50
2013.02.27 15:32:44.789,1.55626,1.55658,1.50,1.50
2013.02.27 15:32:44.848,1.55625,1.55655,1.13,1.50
2013.02.27 15:32:45.148,1.5562,1.55638,1.13,1.50
2013.02.27 15:32:46.307,1.55615,1.55638,1.88,1.50
2013.02.27 15:32:47.797,1.55615,1.55638,1.13,1.84
2013.02.27 15:32:48.098,1.55602,1.55626,1.35,1.50
2013.02.27 15:32:48.277,1.55602,1.55626,1.50,1.50
2013.02.27 15:32:48.458,1.55602,1.55626,1.13,1.50
2013.02.27 15:32:49.689,1.55602,1.55626,1.35,1.50
2013.02.27 15:32:50.657,1.55601,1.55623,2.10,1.50
2013.02.27 15:32:51.018,1.55602,1.55623,1.50,1.50
2013.02.27 15:32:51.107,1.55602,1.55628,1.50,1.50
2013.02.27 15:32:51.229,1.55601,1.55624,1.88,1.50
2013.02.27 15:32:51.678,1.55601,1.55625,1.50,1.50
2013.02.27 15:32:51.800,1.55601,1.55632,1.50,1.50
2013.02.27 15:32:52.338,1.55611,1.55638,1.50,3.00
2013.02.27 15:32:52.560,1.5561,1.55633,2.85,1.50
2013.02.27 15:32:52.757,1.55609,1.55633,1.50,1.50
2013.02.27 15:32:52.939,1.5561,1.55633,1.50,1.50
2013.02.27 15:32:53.239,1.55611,1.55633,1.50,1.50
2013.02.27 15:32:53.818,1.55611,1.55633,1.50,1.50
2013.02.27 15:32:54.347,1.5561,1.55637,1.50,1.50
2013.02.27 15:32:54.529,1.5561,1.55639,1.73,1.50
2013.02.27 15:32:54.648,1.5561,1.55639,3.23,1.50
2013.02.27 15:32:54.708,1.55611,1.55639,1.73,1.50
2013.02.27 15:32:55.068,1.55617,1.55639,2.25,1.50
2013.02.27 15:32:55.648,1.55616,1.55644,2.25,1.50
2013.02.27 15:32:55.978,1.55616,1.55644,2.25,1.50
2013.02.27 15:32:56.189,1.55618,1.55649,1.50,2.25
2013.02.27 15:32:56.547,1.55616,1.55638,1.50,1.50
2013.02.27 15:32:56.788,1.55616,1.55648,2.25,1.50
2013.02.27 15:32:56.908,1.55616,1.55638,1.88,1.50
2013.02.27 15:32:59.628,1.55611,1.55644,1.50,2.25
2013.02.27 15:33:00.009,1.55615,1.55646,1.73,1.13
2013.02.27 15:33:00.119,1.55615,1.55644,1.73,1.50
2013.02.27 15:33:00.358,1.55611,1.55643,1.35,1.50
2013.02.27 15:33:01.639,1.5562,1.55645,1.50,1.50
2013.02.27 15:33:01.758,1.5562,1.55648,1.73,1.50
2013.02.27 15:33:01.879,1.5562,1.55649,1.73,1.50
2013.02.27 15:33:02.000,1.55625,1.55651,1.50,1.50
2013.02.27 15:33:02.299,1.55625,1.55654,2.48,1.50
2013.02.27 15:33:02.869,1.55625,1.55654,1.73,2.25
2013.02.27 15:33:02.990,1.55625,1.55654,1.73,1.50
2013.02.27 15:33:03.538,1.55626,1.55658,2.25,2.25
2013.02.27 15:33:03.746,1.55629,1.55658,1.50,2.25
2013.02.27 15:33:04.200,1.55622,1.55652,3.38,2.25
2013.02.27 15:33:04.381,1.55617,1.55641,1.13,1.50
2013.02.27 15:33:04.869,1.55612,1.55641,1.50,1.50
2013.02.27 15:33:05.230,1.55608,1.5564,1.50,1.50
2013.02.27 15:33:05.528,1.55612,1.55642,1.73,1.50
2013.02.27 15:33:05.648,1.55608,1.55641,1.73,1.50
2013.02.27 15:33:05.709,1.55608,1.55633,1.50,1.50
2013.02.27 15:33:05.949,1.55608,1.55638,1.50,1.50
2013.02.27 15:33:06.069,1.55608,1.55634,1.50,1.50
2013.02.27 15:33:06.429,1.55604,1.55637,2.48,1.50
2013.02.27 15:33:06.548,1.55613,1.55641,1.73,1.50
2013.02.27 15:33:06.608,1.55609,1.55637,1.73,1.50
2013.02.27 15:33:06.730,1.55611,1.55637,1.73,1.50
2013.02.27 15:33:06.789,1.55611,1.5564,1.73,1.50
2013.02.27 15:33:06.908,1.55613,1.55641,1.50,1.50
2013.02.27 15:33:07.209,1.55616,1.55644,1.50,2.78
2013.02.27 15:33:07.538,1.55619,1.55648,1.73,1.50
2013.02.27 15:33:10.408,1.55619,1.55648,1.92,2.25
2013.02.27 15:33:10.601,1.55623,1.55648,1.50,1.50
2013.02.27 15:33:10.728,1.55629,1.55658,1.50,1.50
2013.02.27 15:33:10.908,1.55635,1.55661,1.73,1.88
2013.02.27 15:33:11.148,1.55635,1.55664,1.73,1.50
2013.02.27 15:33:11.208,1.55635,1.55664,1.73,2.25
2013.02.27 15:33:11.509,1.55635,1.55662,1.50,1.50
2013.02.27 15:33:13.124,1.55634,1.5566,2.25,1.50
2013.02.27 15:33:13.368,1.55634,1.5566,3.00,1.50
2013.02.27 15:33:13.918,1.55634,1.55659,3.00,1.50
2013.02.27 15:33:14.478,1.55634,1.55659,1.50,1.50
2013.02.27 15:33:14.598,1.55633,1.55657,2.25,1.50
2013.02.27 15:33:14.778,1.55625,1.55647,1.13,1.50
2013.02.27 15:33:15.138,1.55621,1.55646,2.10,1.50
2013.02.27 15:33:15.197,1.55624,1.55648,1.73,1.28
2013.02.27 15:33:15.258,1.55624,1.5565,1.73,1.50
2013.02.27 15:33:16.758,1.55621,1.55649,1.73,1.50
2013.02.27 15:33:17.019,1.55624,1.55649,1.73,1.50
2013.02.27 15:33:17.298,1.55621,1.55649,1.73,1.50
2013.02.27 15:33:17.548,1.55623,1.55649,1.73,1.50
2013.02.27 15:33:17.667,1.5562,1.55644,1.50,1.50
2013.02.27 15:33:17.909,1.5562,1.55649,1.50,1.50
2013.02.27 15:33:18.159,1.55626,1.55652,1.50,1.13
2013.02.27 15:33:18.217,1.55626,1.55654,1.50,1.13
2013.02.27 15:33:18.397,1.55632,1.55658,1.50,1.88
2013.02.27 15:33:18.578,1.55635,1.55661,1.73,1.50
2013.02.27 15:33:18.709,1.55626,1.55658,2.48,1.50
2013.02.27 15:33:18.948,1.55629,1.55655,1.50,1.50
2013.02.27 15:33:19.188,1.5563,1.55658,1.50,1.50
2013.02.27 15:33:19.249,1.55633,1.55658,1.50,1.50
2013.02.27 15:33:19.428,1.55634,1.55663,1.50,1.50
2013.02.27 15:33:20.827,1.55635,1.55663,1.50,3.00
2013.02.27 15:33:21.007,1.55632,1.55657,1.50,2.25
2013.02.27 15:33:21.247,1.55628,1.55663,2.10,1.50
2013.02.27 15:33:21.307,1.55633,1.55663,1.50,1.50
2013.02.27 15:33:21.429,1.55632,1.55657,1.50,1.50
2013.02.27 15:33:21.728,1.55632,1.55659,1.50,1.50
2013.02.27 15:33:21.788,1.55632,1.5566,1.50,1.50
2013.02.27 15:33:23.458,1.5563,1.55663,1.73,2.25
2013.02.27 15:33:23.839,1.5563,1.55661,1.73,1.50
2013.02.27 15:33:25.378,1.5563,1.55661,1.73,1.50
2013.02.27 15:33:26.091,1.55627,1.55658,1.73,1.50
2013.02.27 15:33:26.228,1.5563,1.55659,1.73,1.50
2013.02.27 15:33:26.768,1.5563,1.55659,1.73,1.50
2013.02.27 15:33:27.215,1.5563,1.55659,1.73,1.50
2013.02.27 15:33:27.340,1.55632,1.55659,1.50,1.50
2013.02.27 15:33:27.698,1.55637,1.55663,2.44,1.50
2013.02.27 15:33:28.407,1.55637,1.55664,1.50,1.50
2013.02.27 15:33:28.729,1.55636,1.55664,1.92,1.50
2013.02.27 15:33:28.910,1.55636,1.55664,2.67,1.50
2013.02.27 15:33:29.437,1.55636,1.55664,1.17,1.50
2013.02.27 15:33:29.608,1.55637,1.55665,1.50,1.50
2013.02.27 15:33:29.968,1.55637,1.55668,4.73,1.50
2013.02.27 15:33:30.959,1.55647,1.5567,1.50,1.50
2013.02.27 15:33:33.707,1.55652,1.55675,1.50,1.50
2013.02.27 15:33:34.067,1.55647,1.55674,2.48,2.25
2013.02.27 15:33:34.201,1.55647,1.55668,1.73,1.50
2013.02.27 15:33:34.259,1.55643,1.55668,1.73,1.50
2013.02.27 15:33:34.319,1.55642,1.55668,2.48,1.50
2013.02.27 15:33:34.658,1.55642,1.55669,2.48,1.50
2013.02.27 15:33:35.188,1.55642,1.55668,1.73,1.50
2013.02.27 15:33:35.519,1.55638,1.55664,1.73,1.50
2013.02.27 15:33:35.638,1.55636,1.55663,2.48,1.50
2013.02.27 15:33:35.758,1.55636,1.55663,2.48,1.50
2013.02.27 15:33:35.879,1.55634,1.55664,1.73,1.50
2013.02.27 15:33:36.081,1.55634,1.55648,1.50,1.50
2013.02.27 15:33:36.198,1.55637,1.55649,1.50,1.50
2013.02.27 15:33:36.318,1.55637,1.55649,1.50,1.50
2013.02.27 15:33:36.438,1.55625,1.55649,1.73,1.50
2013.02.27 15:33:36.857,1.55625,1.55648,1.73,1.50
2013.02.27 15:33:36.918,1.55626,1.55649,1.73,1.50
2013.02.27 15:33:37.098,1.55627,1.55654,1.73,1.50
2013.02.27 15:33:37.517,1.55624,1.55649,1.13,1.50
2013.02.27 15:33:37.867,1.55622,1.55647,1.13,1.50
2013.02.27 15:33:38.370,1.55622,1.55647,1.88,1.50
2013.02.27 15:33:38.428,1.55622,1.55647,1.50,1.50
2013.02.27 15:33:41.038,1.55618,1.55645,1.13,1.50
2013.02.27 15:33:41.506,1.55618,1.55645,1.20,1.50
2013.02.27 15:33:41.688,1.55627,1.55648,1.50,1.73
2013.02.27 15:33:41.928,1.55627,1.55653,1.50,1.73
2013.02.27 15:33:41.988,1.55628,1.55655,1.50,1.50
2013.02.27 15:33:48.358,1.55632,1.55657,1.50,1.69
2013.02.27 15:33:48.478,1.55634,1.55664,1.73,1.50
2013.02.27 15:33:48.668,1.55631,1.55661,2.25,1.92
2013.02.27 15:33:48.727,1.55629,1.55658,1.13,1.69
2013.02.27 15:33:49.278,1.55628,1.55654,1.50,1.50
2013.02.27 15:33:49.578,1.55631,1.55659,2.48,2.44
2013.02.27 15:33:50.058,1.55635,1.55663,2.48,1.50
2013.02.27 15:33:50.779,1.55635,1.55661,1.73,1.50
2013.02.27 15:33:51.308,1.55635,1.55663,1.73,1.50
2013.02.27 15:33:52.303,1.55634,1.55659,2.48,1.50
2013.02.27 15:33:52.607,1.55627,1.55649,2.48,1.50
2013.02.27 15:33:52.798,1.55632,1.55658,1.50,1.13
2013.02.27 15:33:52.858,1.55632,1.55659,1.50,1.50
2013.02.27 15:33:53.457,1.55634,1.55663,1.73,3.00
2013.02.27 15:33:53.577,1.55639,1.55668,1.50,1.50
2013.02.27 15:33:55.217,1.55644,1.55676,1.69,1.73
2013.02.27 15:33:55.278,1.55644,1.55676,1.69,1.50
2013.02.27 15:33:55.401,1.55644,1.55677,1.69,1.73
2013.02.27 15:33:56.059,1.55644,1.55676,1.69,1.50
2013.02.27 15:33:56.888,1.55637,1.55663,1.17,1.50
2013.02.27 15:33:57.008,1.55637,1.55663,1.73,1.50
2013.02.27 15:33:57.188,1.55636,1.55667,1.73,2.63
2013.02.27 15:33:57.247,1.55638,1.55667,1.59,1.88
2013.02.27 15:33:59.588,1.55639,1.55666,1.50,1.50
2013.02.27 15:33:59.768,1.55637,1.55666,2.48,1.50
2013.02.27 15:34:00.009,1.55647,1.55673,1.50,1.50
2013.02.27 15:34:00.369,1.55651,1.5568,1.50,1.88
2013.02.27 15:34:00.728,1.55651,1.55678,1.73,1.13
2013.02.27 15:34:01.087,1.55649,1.55677,1.73,1.50
2013.02.27 15:34:01.638,1.55646,1.55677,2.25,1.73
2013.02.27 15:34:02.180,1.55643,1.55673,1.73,1.13
2013.02.27 15:34:02.807,1.55637,1.55663,1.50,1.50
2013.02.27 15:34:02.874,1.55638,1.55663,1.73,1.50
2013.02.27 15:34:03.318,1.55636,1.55663,1.73,1.50
2013.02.27 15:34:05.160,1.55633,1.55662,1.73,1.50
2013.02.27 15:34:05.218,1.55633,1.55662,1.50,1.50
2013.02.27 15:34:05.720,1.5563,1.55662,2.48,1.50
2013.02.27 15:34:06.479,1.55631,1.55662,1.73,1.50
2013.02.27 15:34:06.941,1.55627,1.55659,1.73,1.95
2013.02.27 15:34:07.533,1.55627,1.55656,1.73,1.13
2013.02.27 15:34:08.237,1.55625,1.55656,1.73,1.50
2013.02.27 15:34:09.139,1.55625,1.55656,1.73,1.50
2013.02.27 15:34:09.618,1.55625,1.55656,1.73,1.50
2013.02.27 15:34:14.058,1.55619,1.5565,1.73,2.25
2013.02.27 15:34:14.178,1.55619,1.5565,1.73,2.25
2013.02.27 15:34:15.348,1.55619,1.5565,1.73,1.50
2013.02.27 15:34:15.601,1.55616,1.5565,3.42,1.50
2013.02.27 15:34:15.916,1.55614,1.5565,2.48,1.50
2013.02.27 15:34:16.258,1.55614,1.55646,2.25,1.50
2013.02.27 15:34:16.440,1.55611,1.55646,2.48,3.00
2013.02.27 15:34:16.499,1.55611,1.55644,1.73,1.50
2013.02.27 15:34:16.677,1.55608,1.55643,1.35,2.63
2013.02.27 15:34:17.118,1.55607,1.55638,1.58,1.50
2013.02.27 15:34:17.587,1.55604,1.55626,2.93,1.50
2013.02.27 15:34:17.898,1.556,1.55626,1.95,1.50
2013.02.27 15:34:18.381,1.556,1.55626,1.95,2.25
2013.02.27 15:34:18.558,1.55594,1.55625,2.85,1.50
2013.02.27 15:34:18.679,1.55594,1.55626,2.48,1.50
2013.02.27 15:34:18.859,1.55597,1.55627,1.50,1.50
2013.02.27 15:34:19.038,1.55598,1.55629,2.48,1.50
2013.02.27 15:34:19.099,1.556,1.55629,1.73,1.50
2013.02.27 15:34:19.228,1.556,1.55628,1.73,1.50
2013.02.27 15:34:19.538,1.55603,1.5563,1.73,2.18
2013.02.27 15:34:20.111,1.55603,1.55634,2.48,1.50
2013.02.27 15:34:20.618,1.55603,1.55629,3.98,1.50
2013.02.27 15:34:20.678,1.55603,1.55629,2.25,1.50
2013.02.27 15:34:20.739,1.55601,1.55625,1.73,1.50
2013.02.27 15:34:20.798,1.556,1.55625,4.35,1.50
2013.02.27 15:34:21.257,1.55601,1.55633,1.73,1.50
2013.02.27 15:34:21.721,1.55603,1.55633,1.50,1.50
2013.02.27 15:34:22.329,1.55602,1.55633,1.50,1.50
2013.02.27 15:34:22.519,1.55603,1.55633,1.50,1.50
2013.02.27 15:34:22.880,1.55604,1.55633,1.73,1.50
2013.02.27 15:34:22.939,1.55604,1.55634,2.48,1.50
2013.02.27 15:34:23.440,1.55603,1.55633,1.73,1.50
2013.02.27 15:34:25.719,1.55603,1.55634,1.73,1.50
2013.02.27 15:34:25.898,1.55604,1.55638,1.41,1.50
2013.02.27 15:34:26.259,1.55604,1.55634,2.16,1.50
2013.02.27 15:34:26.468,1.55604,1.55634,1.41,1.50
2013.02.27 15:34:27.061,1.55602,1.55634,1.73,1.50
2013.02.27 15:34:27.133,1.55602,1.55634,1.73,1.50
2013.02.27 15:34:27.477,1.55602,1.55634,1.50,1.50
2013.02.27 15:34:28.028,1.55601,1.55634,1.73,1.50
2013.02.27 15:34:29.408,1.55601,1.55633,1.73,1.50
2013.02.27 15:34:39.539,1.556,1.55633,2.85,1.50
2013.02.27 15:34:39.658,1.556,1.55633,1.35,1.50
2013.02.27 15:34:40.018,1.55596,1.5563,1.73,1.50
2013.02.27 15:34:40.498,1.55598,1.5563,2.48,1.50
2013.02.27 15:34:41.079,1.55603,1.5563,1.73,1.50
2013.02.27 15:34:41.812,1.55603,1.55634,2.48,1.13
2013.02.27 15:34:42.138,1.55606,1.55635,1.73,1.50
2013.02.27 15:34:42.487,1.55603,1.55635,1.73,1.50
2013.02.27 15:34:42.669,1.556,1.55634,2.85,1.50
2013.02.27 15:34:43.028,1.556,1.55627,1.73,1.50
2013.02.27 15:34:43.468,1.55596,1.55627,1.73,1.50
2013.02.27 15:34:43.778,1.55597,1.55627,1.73,1.50
2013.02.27 15:34:49.791,1.55597,1.55627,1.73,1.50
2013.02.27 15:34:50.159,1.55601,1.55631,1.73,1.50
2013.02.27 15:34:50.218,1.55601,1.55631,1.92,1.50
2013.02.27 15:34:50.619,1.55601,1.55634,1.73,1.50
2013.02.27 15:34:50.678,1.55604,1.55634,1.73,1.50
2013.02.27 15:34:51.438,1.55602,1.55632,1.73,1.50
2013.02.27 15:34:51.498,1.55602,1.55632,1.50,1.50
2013.02.27 15:34:52.229,1.55602,1.55632,1.50,1.13
2013.02.27 15:34:52.348,1.55602,1.5563,1.50,1.13
2013.02.27 15:34:52.432,1.55602,1.55632,1.50,1.13
2013.02.27 15:34:53.059,1.55603,1.55633,2.25,1.13
2013.02.27 15:34:53.379,1.55606,1.55641,3.23,1.13
2013.02.27 15:34:53.690,1.55612,1.55641,1.50,1.88
2013.02.27 15:34:54.268,1.55612,1.55641,1.50,1.88
2013.02.27 15:34:54.699,1.55612,1.55641,1.50,1.88
2013.02.27 15:34:54.760,1.55612,1.55641,1.73,1.13
2013.02.27 15:34:55.178,1.55612,1.55641,1.73,1.88
2013.02.27 15:34:56.908,1.55615,1.55645,1.73,1.13
2013.02.27 15:34:56.968,1.55615,1.55646,1.73,1.13
2013.02.27 15:34:59.129,1.55612,1.55644,2.48,1.13
2013.02.27 15:34:59.429,1.55609,1.55638,2.48,1.50
2013.02.27 15:34:59.968,1.55607,1.55639,4.35,1.50
2013.02.27 15:35:00.921,1.55607,1.55639,5.10,1.50
2013.02.27 15:35:00.978,1.55607,1.55637,1.50,1.50
2013.02.27 15:35:01.101,1.55605,1.55631,1.13,1.50
2013.02.27 15:35:01.964,1.55605,1.55634,2.25,1.50
2013.02.27 15:35:02.345,1.55605,1.55639,2.93,2.25
2013.02.27 15:35:02.412,1.55605,1.55634,3.68,1.50
2013.02.27 15:35:02.479,1.5561,1.55634,1.63,1.50
2013.02.27 15:35:03.058,1.55607,1.55636,1.73,1.50
2013.02.27 15:35:03.805,1.55607,1.55638,1.73,1.50
2013.02.27 15:35:04.196,1.55609,1.55636,1.73,1.50
2013.02.27 15:35:04.547,1.5561,1.55638,3.23,1.50
2013.02.27 15:35:04.849,1.55613,1.55638,2.48,1.50
2013.02.27 15:35:04.978,1.55613,1.55638,2.48,1.50
2013.02.27 15:35:05.158,1.55617,1.5564,1.50,1.50
2013.02.27 15:35:05.218,1.55617,1.5564,2.25,1.50
2013.02.27 15:35:05.789,1.55617,1.5564,2.48,1.50
2013.02.27 15:35:06.258,1.55618,1.5564,1.50,1.50
2013.02.27 15:35:06.680,1.55618,1.55638,1.50,1.50
2013.02.27 15:35:07.243,1.55617,1.55639,1.50,1.50
2013.02.27 15:35:08.168,1.55618,1.55646,1.50,2.22
2013.02.27 15:35:08.228,1.55619,1.55651,1.69,3.23
2013.02.27 15:35:08.288,1.55619,1.55651,1.69,2.25
2013.02.27 15:35:09.320,1.55623,1.55649,1.50,1.50
2013.02.27 15:35:10.428,1.55619,1.55651,3.75,2.25
2013.02.27 15:35:10.945,1.55619,1.5565,3.98,1.50
2013.02.27 15:35:11.447,1.55619,1.55651,3.23,2.25
2013.02.27 15:35:11.925,1.55619,1.55648,1.73,1.58
2013.02.27 15:35:12.000,1.55615,1.55638,1.50,1.50
2013.02.27 15:35:12.180,1.55615,1.55645,1.50,1.69
2013.02.27 15:35:12.538,1.55615,1.55639,1.50,1.50
2013.02.27 15:35:12.840,1.5561,1.55637,1.88,1.50
2013.02.27 15:35:13.139,1.55607,1.55636,1.50,1.50
2013.02.27 15:35:13.499,1.55606,1.55636,1.50,1.50
2013.02.27 15:35:13.619,1.55607,1.55636,1.50,1.50
2013.02.27 15:35:14.356,1.55607,1.55633,1.50,1.50
2013.02.27 15:35:14.910,1.55607,1.55633,1.50,1.50
2013.02.27 15:35:15.448,1.55603,1.55637,2.63,1.50
2013.02.27 15:35:15.689,1.55606,1.55637,1.50,2.25
2013.02.27 15:35:17.969,1.55602,1.55634,1.88,1.73
2013.02.27 15:35:18.270,1.55603,1.55634,1.50,1.73
2013.02.27 15:35:18.628,1.55606,1.55634,2.25,1.73
2013.02.27 15:35:19.158,1.55606,1.55634,1.50,1.73
2013.02.27 15:35:19.697,1.55606,1.55634,2.25,1.73
2013.02.27 15:35:21.099,1.55606,1.55634,2.25,1.73
2013.02.27 15:35:21.658,1.55606,1.55634,2.25,1.50
2013.02.27 15:35:22.638,1.55608,1.55642,1.50,1.35
2013.02.27 15:35:22.698,1.55608,1.55639,1.50,1.50
2013.02.27 15:35:22.880,1.55612,1.55642,1.50,2.10
2013.02.27 15:35:23.128,1.55615,1.55642,1.50,1.88
2013.02.27 15:35:23.429,1.55611,1.55642,1.50,1.88
2013.02.27 15:35:23.738,1.55607,1.5564,1.50,1.50
2013.02.27 15:35:24.098,1.55606,1.55628,1.50,1.50
2013.02.27 15:35:24.159,1.55606,1.55628,1.50,1.50
2013.02.27 15:35:24.218,1.55605,1.55628,1.50,1.50
2013.02.27 15:35:24.282,1.55605,1.55628,1.50,1.50
2013.02.27 15:35:25.713,1.55605,1.55628,2.25,1.50
2013.02.27 15:35:25.830,1.55605,1.55628,1.50,1.50
2013.02.27 15:35:26.368,1.55602,1.55628,1.50,1.50
2013.02.27 15:35:26.428,1.55601,1.55628,3.00,1.50
2013.02.27 15:35:26.869,1.55602,1.55628,2.63,1.50
2013.02.27 15:35:27.410,1.55605,1.55628,1.50,1.50
2013.02.27 15:35:27.474,1.55605,1.55628,2.25,1.50
2013.02.27 15:35:28.711,1.55604,1.55628,1.50,1.50
2013.02.27 15:35:28.929,1.55606,1.55628,1.50,1.50
2013.02.27 15:35:29.609,1.55601,1.55628,1.50,1.50
2013.02.27 15:35:30.113,1.55601,1.55628,1.50,1.50
2013.02.27 15:35:30.418,1.55601,1.55634,1.50,2.48
2013.02.27 15:35:30.598,1.55602,1.55633,2.25,1.73
2013.02.27 15:35:30.719,1.55602,1.55628,3.00,1.50
2013.02.27 15:35:30.778,1.55605,1.55628,1.50,1.50
2013.02.27 15:35:31.139,1.55605,1.55634,1.69,1.50
2013.02.27 15:35:31.655,1.55611,1.5564,1.50,1.50
2013.02.27 15:35:31.985,1.55611,1.5564,1.50,1.50
2013.02.27 15:35:32.478,1.55611,1.5564,1.50,1.50
2013.02.27 15:35:33.338,1.55609,1.5564,1.50,1.50
2013.02.27 15:35:33.579,1.55607,1.55634,1.50,1.50
2013.02.27 15:35:33.639,1.55606,1.55629,1.32,1.50
2013.02.27 15:35:33.818,1.55605,1.55629,1.50,1.50
2013.02.27 15:35:34.622,1.55604,1.55629,1.50,1.50
2013.02.27 15:35:34.920,1.55603,1.55633,1.50,1.50
2013.02.27 15:35:34.979,1.55604,1.55635,1.50,1.69
2013.02.27 15:35:35.040,1.55605,1.55635,1.50,1.50
2013.02.27 15:35:35.370,1.55609,1.55638,2.25,1.50
2013.02.27 15:35:35.431,1.5561,1.55641,1.50,1.50
2013.02.27 15:35:36.488,1.55615,1.55646,1.50,1.50
2013.02.27 15:35:36.989,1.55615,1.55648,1.73,1.88
2013.02.27 15:35:37.052,1.55615,1.55646,1.73,1.50
2013.02.27 15:35:37.339,1.55615,1.55646,1.73,1.50
2013.02.27 15:35:37.541,1.55615,1.55646,1.73,1.50
2013.02.27 15:35:37.893,1.55619,1.55648,1.73,1.13
2013.02.27 15:35:38.198,1.55619,1.55648,1.73,1.13
2013.02.27 15:35:38.448,1.55619,1.55649,1.73,1.50
2013.02.27 15:35:39.296,1.5562,1.55653,1.73,3.00
2013.02.27 15:35:39.374,1.55627,1.55657,1.73,1.50
2013.02.27 15:35:41.938,1.55621,1.5565,2.84,1.50
2013.02.27 15:35:42.117,1.55621,1.5565,2.48,1.50
2013.02.27 15:35:44.919,1.55618,1.55643,1.35,1.50
2013.02.27 15:35:45.039,1.55617,1.55643,1.88,1.50
2013.02.27 15:35:46.008,1.55616,1.55643,1.35,1.50
2013.02.27 15:35:46.732,1.55616,1.55643,1.35,1.50
2013.02.27 15:35:47.039,1.55611,1.55639,1.73,1.50
2013.02.27 15:35:47.219,1.5561,1.55639,2.10,1.50
2013.02.27 15:35:47.520,1.55607,1.55635,1.13,1.50
2013.02.27 15:35:47.579,1.55607,1.55635,1.13,1.69
2013.02.27 15:35:47.819,1.55602,1.55631,1.35,1.50
2013.02.27 15:35:48.178,1.55596,1.55619,1.13,1.50
2013.02.27 15:35:48.298,1.55596,1.55619,1.20,1.50
2013.02.27 15:35:50.139,1.55595,1.55619,1.20,1.50
2013.02.27 15:35:50.390,1.55596,1.55625,1.20,1.50
2013.02.27 15:35:50.569,1.55602,1.55629,1.50,1.50
2013.02.27 15:35:50.628,1.55602,1.55627,1.50,1.50
2013.02.27 15:35:50.929,1.55602,1.55632,1.88,1.50
2013.02.27 15:35:51.370,1.55602,1.55632,1.88,1.50
2013.02.27 15:35:51.691,1.55631,1.55655,1.50,2.25
2013.02.27 15:35:51.871,1.55631,1.5566,1.50,1.50
2013.02.27 15:35:52.169,1.55627,1.55653,1.50,1.50
2013.02.27 15:35:52.349,1.55627,1.55648,1.50,2.25
2013.02.27 15:35:52.468,1.55624,1.55648,1.50,1.50
2013.02.27 15:35:53.027,1.55611,1.55642,1.25,1.50
2013.02.27 15:35:53.218,1.55609,1.55639,1.50,1.50
2013.02.27 15:35:53.638,1.55602,1.55626,2.10,1.50
2013.02.27 15:35:53.998,1.55597,1.55626,1.13,1.50
2013.02.27 15:35:54.083,1.55602,1.55626,1.13,1.50
2013.02.27 15:35:54.208,1.55596,1.55626,1.35,1.50
2013.02.27 15:35:54.267,1.55596,1.55626,1.35,1.50
2013.02.27 15:35:54.328,1.55595,1.55626,1.35,1.50
2013.02.27 15:35:54.867,1.55592,1.55617,2.10,1.09
2013.02.27 15:35:55.168,1.55587,1.55617,2.85,1.09
2013.02.27 15:35:55.229,1.5559,1.55617,1.13,1.28
2013.02.27 15:35:55.468,1.55591,1.55617,1.50,1.28
2013.02.27 15:35:55.828,1.55595,1.55623,2.85,1.13
2013.02.27 15:35:55.888,1.55596,1.55623,1.73,1.13
2013.02.27 15:35:55.948,1.55597,1.55624,1.50,1.50
2013.02.27 15:35:56.508,1.556,1.55624,1.50,1.50
2013.02.27 15:35:57.419,1.55597,1.55624,1.13,1.50
2013.02.27 15:35:57.688,1.55594,1.55624,1.88,1.50
2013.02.27 15:35:57.929,1.55597,1.55623,2.63,1.13
2013.02.27 15:35:58.389,1.55597,1.55628,2.63,1.50
2013.02.27 15:35:58.843,1.55597,1.55629,2.63,1.50
2013.02.27 15:35:58.969,1.5561,1.55638,1.50,1.50
2013.02.27 15:35:59.148,1.55606,1.55633,1.17,1.50
2013.02.27 15:35:59.328,1.55603,1.55636,1.35,2.25
2013.02.27 15:35:59.648,1.55601,1.55634,2.85,1.50
2013.02.27 15:36:00.989,1.55596,1.55628,2.10,1.69
2013.02.27 15:36:01.048,1.55596,1.55628,1.88,1.69
2013.02.27 15:36:01.369,1.55597,1.55628,1.13,1.69
2013.02.27 15:36:01.868,1.55597,1.55629,2.10,1.50
2013.02.27 15:36:02.248,1.55597,1.55626,1.13,1.50
2013.02.27 15:36:02.800,1.55597,1.55622,1.13,1.50
2013.02.27 15:36:07.927,1.55596,1.55625,1.88,1.50
2013.02.27 15:36:08.108,1.55597,1.55625,1.13,1.50
2013.02.27 15:36:08.190,1.55601,1.55625,1.50,1.50
2013.02.27 15:36:08.367,1.556,1.55625,1.50,1.69
2013.02.27 15:36:08.847,1.556,1.55632,1.73,1.50
2013.02.27 15:36:09.670,1.55597,1.55625,2.10,1.50
2013.02.27 15:36:09.728,1.55597,1.55625,1.13,1.50
2013.02.27 15:36:09.788,1.55598,1.55625,1.13,1.50
2013.02.27 15:36:10.568,1.55598,1.55624,1.13,1.69
2013.02.27 15:36:10.928,1.55591,1.55618,1.35,1.50
2013.02.27 15:36:11.238,1.55593,1.55618,1.32,1.50
2013.02.27 15:36:11.658,1.55591,1.55618,1.35,1.50
2013.02.27 15:36:11.838,1.55589,1.55617,1.13,1.50
2013.02.27 15:36:12.078,1.55587,1.55617,1.13,1.50
2013.02.27 15:36:12.438,1.55583,1.55606,1.50,1.50
2013.02.27 15:36:12.499,1.55582,1.55604,1.13,1.50
2013.02.27 15:36:12.718,1.55572,1.55604,1.13,1.50
2013.02.27 15:36:14.778,1.55572,1.55603,1.13,2.25
2013.02.27 15:36:17.539,1.55572,1.55604,1.88,1.50
2013.02.27 15:36:18.148,1.55578,1.55599,1.13,1.50
2013.02.27 15:36:18.986,1.55578,1.55599,1.13,1.50
2013.02.27 15:36:19.678,1.55572,1.556,1.88,1.50
2013.02.27 15:36:19.917,1.5557,1.556,1.13,1.50
2013.02.27 15:36:20.321,1.55572,1.556,1.13,1.50
2013.02.27 15:36:20.858,1.55576,1.55607,1.88,1.50
2013.02.27 15:36:21.098,1.55576,1.55599,1.88,1.50
2013.02.27 15:36:21.408,1.55563,1.55585,1.13,1.50
2013.02.27 15:36:21.528,1.55555,1.55585,1.35,1.69
2013.02.27 15:36:21.778,1.55555,1.55585,1.35,1.69
2013.02.27 15:36:22.138,1.5555,1.5557,1.50,1.09
2013.02.27 15:36:22.258,1.55546,1.55562,1.13,1.13
2013.02.27 15:36:22.379,1.55548,1.55564,1.13,1.13
2013.02.27 15:36:22.498,1.55552,1.55573,1.50,1.13
2013.02.27 15:36:22.559,1.55551,1.55575,1.50,1.50
2013.02.27 15:36:22.679,1.55548,1.55577,2.25,1.73
2013.02.27 15:36:22.979,1.55552,1.55585,2.25,1.69
2013.02.27 15:36:23.040,1.55553,1.55584,1.13,1.50
2013.02.27 15:36:23.642,1.55555,1.55583,1.13,1.50
2013.02.27 15:36:23.770,1.55556,1.55582,1.13,2.25
2013.02.27 15:36:24.129,1.55554,1.55584,1.13,1.50
2013.02.27 15:36:24.430,1.55555,1.55585,1.13,1.50
2013.02.27 15:36:24.808,1.55555,1.55585,1.13,1.50
2013.02.27 15:36:25.258,1.55556,1.55585,1.13,1.50
2013.02.27 15:36:25.952,1.5555,1.55579,1.13,1.50
2013.02.27 15:36:26.309,1.55545,1.55569,1.88,1.50
2013.02.27 15:36:26.609,1.55545,1.55569,1.13,1.50
2013.02.27 15:36:27.220,1.55547,1.55575,1.13,1.50
2013.02.27 15:36:27.730,1.55547,1.55572,1.13,1.50
2013.02.27 15:36:27.850,1.55547,1.55572,1.13,1.50
2013.02.27 15:36:28.451,1.55549,1.55575,1.88,1.50
2013.02.27 15:36:28.769,1.55546,1.55575,1.13,1.50
2013.02.27 15:36:28.828,1.55549,1.55575,1.13,1.50
2013.02.27 15:36:29.179,1.55547,1.55575,1.13,1.50
2013.02.27 15:36:29.598,1.55545,1.55575,1.50,1.50
2013.02.27 15:36:33.651,1.55547,1.55575,1.13,1.50
2013.02.27 15:36:34.518,1.55541,1.55573,1.88,1.50
2013.02.27 15:36:35.228,1.55539,1.5557,2.10,1.50
2013.02.27 15:36:35.428,1.5554,1.55568,1.35,1.50
2013.02.27 15:36:35.667,1.55535,1.55562,1.35,1.50
2013.02.27 15:36:35.788,1.55532,1.55562,2.10,1.50
2013.02.27 15:36:36.071,1.55535,1.55562,1.13,1.50
2013.02.27 15:36:36.439,1.55535,1.55569,1.13,2.44
2013.02.27 15:36:37.024,1.55539,1.55569,1.73,1.50
2013.02.27 15:36:38.565,1.55542,1.55569,1.88,2.25
2013.02.27 15:36:38.768,1.55534,1.55558,1.50,1.50
2013.02.27 15:36:39.388,1.55539,1.5557,1.50,3.53
2013.02.27 15:36:40.852,1.55546,1.55568,1.50,2.25
2013.02.27 15:36:41.409,1.55546,1.55567,1.50,1.50
2013.02.27 15:36:42.388,1.55542,1.55567,1.50,2.25
2013.02.27 15:36:42.448,1.5554,1.55566,1.50,2.25
2013.02.27 15:36:42.899,1.55537,1.55566,1.88,2.25
2013.02.27 15:36:43.099,1.5554,1.55565,1.50,2.25
2013.02.27 15:36:46.658,1.5554,1.55564,2.25,1.50
2013.02.27 15:36:46.718,1.55541,1.55573,1.50,3.19
2013.02.27 15:36:46.897,1.55546,1.55574,1.50,1.50
2013.02.27 15:36:47.167,1.55546,1.55574,1.50,2.25
2013.02.27 15:36:48.608,1.55542,1.55574,1.50,2.25
2013.02.27 15:36:48.789,1.5554,1.55569,1.88,1.50
2013.02.27 15:36:52.258,1.55541,1.55569,1.13,1.50
2013.02.27 15:36:55.650,1.55541,1.55569,1.13,1.50
2013.02.27 15:36:55.898,1.55541,1.55569,1.13,1.50
2013.02.27 15:36:56.200,1.55541,1.55566,1.35,2.25
2013.02.27 15:36:56.518,1.55541,1.55566,1.35,1.50
2013.02.27 15:36:56.579,1.55541,1.55566,1.35,2.25
2013.02.27 15:36:57.101,1.5554,1.55566,2.10,1.50
2013.02.27 15:36:57.674,1.5554,1.55566,1.35,2.25
2013.02.27 15:36:57.918,1.5554,1.55569,1.88,1.50
2013.02.27 15:36:58.470,1.5554,1.55569,1.13,2.25
2013.02.27 15:36:58.899,1.55541,1.55569,1.13,3.00
2013.02.27 15:36:59.198,1.55543,1.55569,1.50,1.50
2013.02.27 15:36:59.680,1.55546,1.55573,1.50,1.50
2013.02.27 15:37:00.163,1.55549,1.55576,1.50,1.50
2013.02.27 15:37:00.732,1.55548,1.55573,1.50,1.50
2013.02.27 15:37:00.799,1.55547,1.55569,1.50,1.50
2013.02.27 15:37:01.209,1.55548,1.55574,1.50,1.50
2013.02.27 15:37:01.590,1.55547,1.55569,1.50,1.50
2013.02.27 15:37:02.092,1.55547,1.55567,1.50,1.50
2013.02.27 15:37:02.359,1.55547,1.55569,1.50,1.50
2013.02.27 15:37:02.743,1.55546,1.55571,1.50,1.50
2013.02.27 15:37:02.910,1.55545,1.55571,1.88,1.50
2013.02.27 15:37:03.130,1.55546,1.55569,1.50,1.50
2013.02.27 15:37:03.349,1.55546,1.5557,1.50,1.50
2013.02.27 15:37:03.558,1.55545,1.5557,2.10,1.50
2013.02.27 15:37:04.118,1.55546,1.55575,1.88,2.25
2013.02.27 15:37:04.419,1.55546,1.55575,1.88,2.25
2013.02.27 15:37:04.630,1.55546,1.55575,1.88,2.25
2013.02.27 15:37:04.929,1.55546,1.55575,2.63,2.25
2013.02.27 15:37:05.169,1.55546,1.55575,1.88,2.25
2013.02.27 15:37:05.709,1.55546,1.55575,1.88,2.25
2013.02.27 15:37:06.148,1.55546,1.55575,1.88,2.25
2013.02.27 15:37:06.279,1.55546,1.55575,1.88,2.25
2013.02.27 15:37:08.161,1.55546,1.55575,1.88,1.50
2013.02.27 15:37:08.669,1.55545,1.55572,1.88,1.88
2013.02.27 15:37:09.420,1.55545,1.55572,1.13,1.13
2013.02.27 15:37:10.169,1.55547,1.55575,1.50,1.50
2013.02.27 15:37:10.408,1.55549,1.55582,1.50,1.50
2013.02.27 15:37:10.468,1.55553,1.55583,1.50,1.88
2013.02.27 15:37:10.647,1.55553,1.55584,1.50,1.50
2013.02.27 15:37:10.768,1.55551,1.5558,2.85,1.50
2013.02.27 15:37:11.403,1.55551,1.55587,1.50,2.25
2013.02.27 15:37:11.709,1.55561,1.55588,1.50,1.50
2013.02.27 15:37:11.888,1.55561,1.55593,1.88,1.50
2013.02.27 15:37:12.188,1.55562,1.55591,4.35,1.50
2013.02.27 15:37:12.428,1.55562,1.55591,4.88,1.50
2013.02.27 15:37:14.707,1.55561,1.55591,1.13,1.50
2013.02.27 15:37:15.128,1.55562,1.55596,1.50,3.00
2013.02.27 15:37:15.369,1.55565,1.55595,1.73,1.50
2013.02.27 15:37:15.429,1.55565,1.55594,1.73,1.50
2013.02.27 15:37:15.668,1.55565,1.55599,1.73,1.50
2013.02.27 15:37:15.728,1.55567,1.55599,1.17,1.50
2013.02.27 15:37:15.848,1.55567,1.55599,1.17,1.09
2013.02.27 15:37:15.908,1.55566,1.55597,1.17,1.09
2013.02.27 15:37:15.968,1.55566,1.55597,1.17,1.09
2013.02.27 15:37:16.727,1.55563,1.55596,1.73,1.50
2013.02.27 15:37:17.248,1.55563,1.55596,1.73,1.69
2013.02.27 15:37:17.488,1.55562,1.55596,1.88,1.69
2013.02.27 15:37:17.548,1.55562,1.55594,1.13,1.69
2013.02.27 15:37:17.849,1.55558,1.55586,1.13,1.09
2013.02.27 15:37:17.968,1.55558,1.55586,1.13,1.28
2013.02.27 15:37:18.617,1.55558,1.55588,1.88,1.32
2013.02.27 15:37:18.797,1.55559,1.55586,1.73,1.50
2013.02.27 15:37:19.367,1.55561,1.55596,2.10,1.69
2013.02.27 15:37:19.427,1.55561,1.55596,1.92,1.69
2013.02.27 15:37:19.488,1.55566,1.556,1.73,1.69
2013.02.27 15:37:19.848,1.55567,1.55603,2.10,2.07
2013.02.27 15:37:20.208,1.55571,1.55604,1.73,3.00
2013.02.27 15:37:20.888,1.55573,1.55606,2.48,1.88
2013.02.27 15:37:21.428,1.55581,1.55611,1.73,2.25
2013.02.27 15:37:21.488,1.55582,1.55611,1.73,2.25
2013.02.27 15:37:21.608,1.55584,1.55611,1.73,1.50
2013.02.27 15:37:21.911,1.55589,1.55625,1.73,1.50
2013.02.27 15:37:22.257,1.55595,1.55627,1.35,1.50
2013.02.27 15:37:22.317,1.55595,1.55622,1.35,1.50
2013.02.27 15:37:22.377,1.55594,1.55624,1.50,1.50
2013.02.27 15:37:22.559,1.55594,1.55624,1.50,1.50
2013.02.27 15:37:22.858,1.55594,1.55621,1.50,2.59
2013.02.27 15:37:22.918,1.5559,1.55621,1.50,1.84
2013.02.27 15:37:22.977,1.55588,1.55621,1.13,2.59
2013.02.27 15:37:23.491,1.55588,1.55617,1.13,1.50
2013.02.27 15:37:23.882,1.55589,1.55617,1.13,1.50
2013.02.27 15:37:24.108,1.55588,1.55617,1.35,1.50
2013.02.27 15:37:24.468,1.55584,1.55615,1.13,1.09
2013.02.27 15:37:24.647,1.55583,1.55614,1.13,1.69
2013.02.27 15:37:25.368,1.55584,1.55611,1.13,2.25
2013.02.27 15:37:25.668,1.55582,1.5561,1.50,2.25
2013.02.27 15:37:26.148,1.55581,1.55614,1.73,1.50
2013.02.27 15:37:26.328,1.55585,1.55613,1.50,1.50
2013.02.27 15:37:26.447,1.55583,1.5561,1.13,1.50
2013.02.27 15:37:26.628,1.55581,1.55609,1.50,1.50
2013.02.27 15:37:26.688,1.55578,1.55605,1.13,1.50
2013.02.27 15:37:26.867,1.55577,1.55601,1.13,1.50
2013.02.27 15:37:26.927,1.55574,1.55602,1.50,1.50
2013.02.27 15:37:27.108,1.55572,1.55608,1.73,3.00
2013.02.27 15:37:27.167,1.55572,1.55592,1.50,1.50
2013.02.27 15:37:27.347,1.55557,1.55578,1.13,1.50
2013.02.27 15:37:27.649,1.55557,1.55581,1.13,1.50
2013.02.27 15:37:28.067,1.55554,1.5559,1.73,1.69
2013.02.27 15:37:28.487,1.55557,1.55585,1.13,1.65
2013.02.27 15:37:28.668,1.55557,1.55585,1.13,1.65
2013.02.27 15:37:29.588,1.55551,1.55584,2.48,1.77
2013.02.27 15:37:29.768,1.55551,1.55583,2.10,1.50
2013.02.27 15:37:29.827,1.55551,1.55583,1.35,1.50
2013.02.27 15:37:30.328,1.55548,1.55573,1.13,1.09
2013.02.27 15:37:30.387,1.55547,1.55573,1.13,1.09
2013.02.27 15:37:30.448,1.55541,1.55573,1.35,1.84
2013.02.27 15:37:30.747,1.55541,1.55572,1.13,1.32
2013.02.27 15:37:30.987,1.55546,1.55576,1.50,1.69
2013.02.27 15:37:31.048,1.55546,1.55576,1.50,1.50
2013.02.27 15:37:31.511,1.55541,1.55574,2.48,1.50
2013.02.27 15:37:31.591,1.55541,1.55572,2.25,2.25
2013.02.27 15:37:31.659,1.55542,1.55572,1.50,2.25
2013.02.27 15:37:31.718,1.55541,1.55574,2.25,1.73
2013.02.27 15:37:32.119,1.55541,1.55573,1.50,1.50
2013.02.27 15:37:32.670,1.55548,1.55579,1.35,3.00
2013.02.27 15:37:32.978,1.55549,1.55579,1.35,3.00
2013.02.27 15:37:33.338,1.55551,1.55578,2.25,1.50
2013.02.27 15:37:33.638,1.55551,1.55578,1.50,1.50
2013.02.27 15:37:33.998,1.55547,1.55578,1.35,1.50
2013.02.27 15:37:34.457,1.55549,1.55578,1.35,1.50
2013.02.27 15:37:34.587,1.55549,1.55578,1.35,1.50
2013.02.27 15:37:35.777,1.55551,1.55583,1.73,1.50
2013.02.27 15:37:36.147,1.55552,1.55584,1.73,1.50
2013.02.27 15:37:36.509,1.55561,1.55592,1.50,2.25
2013.02.27 15:37:36.569,1.55566,1.55592,1.50,2.25
2013.02.27 15:37:36.929,1.55566,1.55593,1.73,1.50
2013.02.27 15:37:37.167,1.55568,1.55597,1.73,1.50
2013.02.27 15:37:37.407,1.55564,1.55598,1.73,1.50
2013.02.27 15:37:37.467,1.55564,1.55601,1.73,1.50
2013.02.27 15:37:37.707,1.55567,1.55598,1.73,1.50
2013.02.27 15:37:38.247,1.55568,1.55601,1.35,1.50
2013.02.27 15:37:38.637,1.55568,1.55601,1.13,1.50
2013.02.27 15:37:40.668,1.55572,1.55602,1.50,1.73
2013.02.27 15:37:40.728,1.55576,1.55602,1.50,1.73
2013.02.27 15:37:40.908,1.55577,1.55601,1.73,1.50
2013.02.27 15:37:41.267,1.55578,1.55607,1.73,1.50
2013.02.27 15:37:42.877,1.55578,1.5561,1.73,1.09
2013.02.27 15:37:42.998,1.55576,1.5561,1.13,1.28
2013.02.27 15:37:43.577,1.55576,1.55601,1.50,1.69
2013.02.27 15:37:44.128,1.5557,1.55601,1.73,1.50
2013.02.27 15:37:44.307,1.5557,1.55604,1.73,1.50
2013.02.27 15:37:44.858,1.55577,1.55606,1.73,1.50
2013.02.27 15:37:47.437,1.55574,1.55601,1.50,1.50
2013.02.27 15:37:47.558,1.55567,1.55589,1.13,1.50
2013.02.27 15:37:48.077,1.55564,1.55591,1.50,1.50
2013.02.27 15:37:48.269,1.55564,1.55591,1.50,1.50
2013.02.27 15:37:48.567,1.55564,1.55591,1.50,1.50
2013.02.27 15:37:48.987,1.5556,1.5559,1.13,1.50
2013.02.27 15:37:49.958,1.5556,1.5559,1.13,1.50
2013.02.27 15:37:50.470,1.5556,1.5559,1.13,1.50
2013.02.27 15:37:50.838,1.5556,1.5559,1.13,1.50
2013.02.27 15:37:51.018,1.55558,1.55587,1.50,1.50
2013.02.27 15:37:51.088,1.55558,1.55587,1.50,1.50
2013.02.27 15:37:53.238,1.55558,1.55583,1.50,1.50
2013.02.27 15:37:53.598,1.55558,1.55583,1.50,1.50
2013.02.27 15:37:54.068,1.55556,1.55581,1.50,1.50
2013.02.27 15:37:54.187,1.55555,1.55582,1.13,1.50
2013.02.27 15:37:54.977,1.55555,1.55583,1.13,1.50
2013.02.27 15:37:55.218,1.55554,1.55582,1.50,1.50
2013.02.27 15:37:55.792,1.55555,1.5559,1.50,1.50
2013.02.27 15:37:55.863,1.55558,1.5559,1.50,1.50
2013.02.27 15:37:55.943,1.55561,1.5559,1.50,1.50
2013.02.27 15:37:56.399,1.55557,1.55591,2.25,1.50
2013.02.27 15:37:56.759,1.55563,1.55591,1.50,1.50
2013.02.27 15:37:56.879,1.55563,1.5559,1.50,1.50
2013.02.27 15:37:57.658,1.55563,1.5559,1.50,1.50
2013.02.27 15:37:58.040,1.55563,1.5559,1.50,1.50
2013.02.27 15:37:58.894,1.55565,1.55598,2.48,1.50
2013.02.27 15:37:59.228,1.55565,1.55597,3.00,3.00
2013.02.27 15:38:00.007,1.55566,1.55597,1.50,3.00
2013.02.27 15:38:00.547,1.55566,1.55598,1.50,3.00
2013.02.27 15:38:02.388,1.55566,1.55598,2.10,3.00
2013.02.27 15:38:02.917,1.55568,1.55597,1.73,1.50
2013.02.27 15:38:02.977,1.55568,1.55597,1.50,1.50
2013.02.27 15:38:03.040,1.55568,1.55597,1.73,1.50
2013.02.27 15:38:03.280,1.55568,1.55597,1.50,1.50
2013.02.27 15:38:03.899,1.55567,1.55597,1.35,1.50
2013.02.27 15:38:04.737,1.55566,1.55598,2.10,3.00
2013.02.27 15:38:04.917,1.55566,1.55591,1.35,1.50
2013.02.27 15:38:06.148,1.55566,1.5559,1.73,1.50
2013.02.27 15:38:06.713,1.55566,1.55594,1.73,3.00
2013.02.27 15:38:06.897,1.55562,1.55594,1.73,2.25
2013.02.27 15:38:07.388,1.55564,1.55594,1.73,2.25
2013.02.27 15:38:07.508,1.55564,1.55594,1.73,2.25
2013.02.27 15:38:07.839,1.55564,1.55593,3.23,2.25
2013.02.27 15:38:07.957,1.55564,1.55593,3.23,2.25
2013.02.27 15:38:09.308,1.55564,1.55593,2.48,2.25
2013.02.27 15:38:09.535,1.55564,1.55593,2.48,2.25
2013.02.27 15:38:11.738,1.55562,1.55591,1.50,3.00
2013.02.27 15:38:14.157,1.55555,1.55584,1.13,2.25
2013.02.27 15:38:14.277,1.55555,1.55585,1.13,3.00
2013.02.27 15:38:14.337,1.55552,1.55585,1.88,3.00
2013.02.27 15:38:14.397,1.55552,1.55585,1.13,3.00
2013.02.27 15:38:15.539,1.55556,1.55588,2.48,1.50
2013.02.27 15:38:15.748,1.55555,1.55589,3.00,1.50
2013.02.27 15:38:15.928,1.55555,1.55589,2.25,1.50
2013.02.27 15:38:15.988,1.55555,1.55589,3.00,1.50
2013.02.27 15:38:16.248,1.55556,1.5559,1.50,1.50
2013.02.27 15:38:16.609,1.55558,1.55586,1.50,1.50
2013.02.27 15:38:17.729,1.55557,1.55583,1.50,2.25
2013.02.27 15:38:17.858,1.55558,1.55583,1.50,2.25
2013.02.27 15:38:18.158,1.55557,1.55584,1.50,3.00
2013.02.27 15:38:18.667,1.55558,1.55584,1.50,2.25
2013.02.27 15:38:19.217,1.55558,1.55584,1.50,2.25
2013.02.27 15:38:19.479,1.55556,1.55584,1.50,2.25
2013.02.27 15:38:19.540,1.55556,1.55584,1.50,2.25
2013.02.27 15:38:19.658,1.55553,1.55581,1.50,2.25
2013.02.27 15:38:19.899,1.55552,1.55582,1.73,1.50
2013.02.27 15:38:19.960,1.55552,1.55582,1.50,2.25
2013.02.27 15:38:20.020,1.55556,1.55582,1.50,2.25
2013.02.27 15:38:20.079,1.55562,1.55585,1.50,2.25
2013.02.27 15:38:20.439,1.55561,1.55592,1.50,3.53
2013.02.27 15:38:20.628,1.55561,1.55592,1.50,3.53
2013.02.27 15:38:20.988,1.55559,1.55588,1.50,1.50
2013.02.27 15:38:21.048,1.55554,1.55584,1.50,1.50
2013.02.27 15:38:21.288,1.55557,1.55589,1.50,1.50
2013.02.27 15:38:21.408,1.55556,1.55589,1.73,1.50
2013.02.27 15:38:21.828,1.55554,1.55589,1.50,1.50
2013.02.27 15:38:22.368,1.55555,1.55585,1.50,1.50
2013.02.27 15:38:24.968,1.55552,1.55584,2.25,2.25
2013.02.27 15:38:25.029,1.55554,1.55584,1.50,1.50
2013.02.27 15:38:25.573,1.55552,1.55586,1.50,1.50
2013.02.27 15:38:25.788,1.55552,1.55585,1.50,1.50
2013.02.27 15:38:25.907,1.55556,1.55589,2.25,1.20
2013.02.27 15:38:26.267,1.55556,1.55587,2.10,1.20
2013.02.27 15:38:26.568,1.55551,1.5558,1.50,1.50
2013.02.27 15:38:26.928,1.55548,1.55575,1.50,2.25
2013.02.27 15:38:27.047,1.55545,1.55575,1.13,1.50
2013.02.27 15:38:27.577,1.55548,1.55576,1.50,1.50
2013.02.27 15:38:27.699,1.55554,1.55583,1.50,1.13
2013.02.27 15:38:28.608,1.55553,1.55588,1.73,1.13
2013.02.27 15:38:28.669,1.55553,1.55588,1.50,1.13
2013.02.27 15:38:28.908,1.55554,1.55586,2.25,1.50
2013.02.27 15:38:29.447,1.55553,1.55589,3.23,1.88
2013.02.27 15:38:29.647,1.55556,1.55589,1.73,1.13
2013.02.27 15:38:29.707,1.5556,1.55589,1.73,1.13
2013.02.27 15:38:31.978,1.55561,1.55597,1.73,1.69
2013.02.27 15:38:32.625,1.55561,1.55596,2.48,1.69
2013.02.27 15:38:33.497,1.55561,1.55595,2.48,1.50
2013.02.27 15:38:33.950,1.55558,1.55595,1.73,1.50
2013.02.27 15:38:34.189,1.5556,1.55595,1.73,1.50
2013.02.27 15:38:35.408,1.55557,1.55593,2.48,1.47
2013.02.27 15:38:35.468,1.55558,1.55593,1.73,1.47
2013.02.27 15:38:35.788,1.55553,1.55588,1.35,1.32
2013.02.27 15:38:36.089,1.55554,1.55584,1.13,1.50
2013.02.27 15:38:37.137,1.55558,1.55588,1.50,1.88
2013.02.27 15:38:37.647,1.55561,1.55593,1.73,1.13
2013.02.27 15:38:42.109,1.55558,1.55593,1.73,1.50
2013.02.27 15:38:42.227,1.55557,1.55591,1.92,2.25
2013.02.27 15:38:42.468,1.55559,1.5559,1.73,2.25
2013.02.27 15:38:43.049,1.5556,1.55591,2.07,1.50
2013.02.27 15:38:43.839,1.55562,1.55598,2.48,1.32
2013.02.27 15:38:43.959,1.55562,1.55594,1.73,1.50
2013.02.27 15:38:47.359,1.55561,1.55594,1.73,1.50
2013.02.27 15:38:47.898,1.55566,1.55597,1.50,1.69
2013.02.27 15:38:48.189,1.55563,1.55597,1.50,1.69
2013.02.27 15:38:48.460,1.55566,1.55599,1.50,2.44
2013.02.27 15:38:50.077,1.55567,1.55599,1.50,2.44
2013.02.27 15:38:50.878,1.55566,1.55598,1.73,1.50
2013.02.27 15:38:52.817,1.55567,1.556,1.17,1.13
2013.02.27 15:38:52.877,1.55569,1.556,1.17,1.13
2013.02.27 15:38:53.379,1.5557,1.55602,1.50,1.13
2013.02.27 15:38:56.179,1.55577,1.55608,1.73,2.25
2013.02.27 15:38:56.479,1.55586,1.55613,1.50,1.88
2013.02.27 15:38:57.447,1.55582,1.55613,1.50,1.50
2013.02.27 15:38:57.748,1.55576,1.55612,1.17,1.50
2013.02.27 15:38:57.867,1.55575,1.5561,1.43,1.50
2013.02.27 15:39:00.187,1.55572,1.55603,1.92,1.50
2013.02.27 15:39:00.247,1.55572,1.55603,1.69,1.50
2013.02.27 15:39:00.677,1.55568,1.556,1.73,2.25
2013.02.27 15:39:00.918,1.55569,1.55601,2.85,1.69
2013.02.27 15:39:01.098,1.5557,1.55604,1.73,3.38
2013.02.27 15:39:01.279,1.5557,1.55599,1.73,2.25
2013.02.27 15:39:04.377,1.55567,1.55597,1.73,2.25
2013.02.27 15:39:04.498,1.55567,1.55597,1.50,2.25
2013.02.27 15:39:04.677,1.55565,1.55596,1.50,1.50
2013.02.27 15:39:06.559,1.55562,1.55592,1.73,1.50
2013.02.27 15:39:08.697,1.55562,1.5559,1.73,1.50
2013.02.27 15:39:08.817,1.55566,1.5559,1.50,1.50
2013.02.27 15:39:09.618,1.55561,1.55593,1.73,1.35
2013.02.27 15:39:09.798,1.55559,1.55591,1.73,1.50
2013.02.27 15:39:12.438,1.55553,1.55588,1.73,2.25
2013.02.27 15:39:12.497,1.55553,1.55588,1.73,2.25
2013.02.27 15:39:12.920,1.55553,1.55589,1.73,1.13
2013.02.27 15:39:13.228,1.55553,1.55586,3.00,1.50
2013.02.27 15:39:13.288,1.55554,1.55586,2.25,1.50
2013.02.27 15:39:13.351,1.55553,1.55586,3.75,1.50
2013.02.27 15:39:14.177,1.55561,1.55592,2.25,1.50
2013.02.27 15:39:16.407,1.55567,1.55596,1.50,1.88
2013.02.27 15:39:17.127,1.5557,1.55604,1.50,2.25
2013.02.27 15:39:17.428,1.55567,1.55604,2.48,1.50
2013.02.27 15:39:17.608,1.55562,1.55599,1.69,2.44
2013.02.27 15:39:17.788,1.55562,1.55598,1.13,1.17
2013.02.27 15:39:17.908,1.55558,1.55598,2.10,3.00
2013.02.27 15:39:18.433,1.55558,1.55595,1.73,2.44
2013.02.27 15:39:19.078,1.5556,1.55598,1.05,1.50
2013.02.27 15:39:19.437,1.55562,1.55595,1.50,1.13
2013.02.27 15:39:19.989,1.55564,1.55599,1.50,1.73
2013.02.27 15:39:20.908,1.55562,1.556,1.50,3.00
2013.02.27 15:39:24.617,1.55558,1.5559,1.73,3.00
2013.02.27 15:39:24.858,1.55556,1.55587,2.63,1.50
2013.02.27 15:39:25.439,1.55552,1.55586,1.73,1.50
2013.02.27 15:39:25.688,1.55552,1.55589,1.73,2.33
2013.02.27 15:39:25.748,1.55551,1.55585,1.13,1.50
2013.02.27 15:39:25.929,1.5555,1.55585,1.13,1.50
2013.02.27 15:39:26.508,1.55547,1.55583,1.13,1.13
2013.02.27 15:39:26.918,1.55544,1.55583,1.35,2.63
2013.02.27 15:39:27.098,1.55546,1.55585,1.13,2.25
2013.02.27 15:39:27.338,1.55544,1.55585,1.35,2.25
2013.02.27 15:39:28.329,1.55541,1.5558,1.88,1.69
2013.02.27 15:39:28.391,1.55541,1.5558,1.13,1.69
2013.02.27 15:39:28.568,1.55543,1.55578,1.50,2.25
2013.02.27 15:39:28.870,1.55543,1.55579,1.73,1.50
2013.02.27 15:39:29.108,1.55544,1.5558,1.73,1.50
2013.02.27 15:39:29.698,1.55544,1.55581,1.73,2.25
2013.02.27 15:39:30.333,1.55546,1.55581,2.10,1.32
2013.02.27 15:39:30.639,1.55545,1.55581,1.73,1.50
2013.02.27 15:39:30.760,1.55547,1.55581,1.73,1.88
2013.02.27 15:39:31.349,1.55547,1.55583,1.88,1.50
2013.02.27 15:39:32.054,1.55547,1.55584,1.88,3.75
2013.02.27 15:39:33.177,1.55547,1.55583,1.13,2.25
2013.02.27 15:39:33.718,1.55547,1.55582,1.13,3.19
2013.02.27 15:39:34.268,1.55545,1.55581,2.48,1.13
2013.02.27 15:39:35.688,1.55544,1.55581,1.73,1.50
2013.02.27 15:39:35.887,1.55546,1.5558,1.73,1.50
2013.02.27 15:39:36.428,1.55546,1.55579,1.73,1.50
2013.02.27 15:39:37.458,1.55546,1.55579,1.73,1.50
2013.02.27 15:39:37.768,1.55545,1.5558,1.50,2.25
2013.02.27 15:39:38.108,1.55542,1.5558,1.35,2.25
2013.02.27 15:39:38.168,1.55542,1.5558,1.35,2.25
2013.02.27 15:39:38.409,1.55542,1.55576,2.10,1.50
2013.02.27 15:39:38.469,1.55543,1.55576,1.35,1.50
2013.02.27 15:39:40.339,1.55546,1.55581,2.48,1.13
2013.02.27 15:39:42.929,1.55546,1.55582,2.48,1.13
2013.02.27 15:39:43.567,1.55549,1.55584,2.25,2.25
2013.02.27 15:39:44.126,1.55549,1.55584,2.25,2.25
2013.02.27 15:39:44.948,1.55549,1.55584,2.25,2.25
2013.02.27 15:39:45.023,1.55552,1.55587,1.50,2.25
2013.02.27 15:39:46.469,1.55552,1.55589,1.50,2.25
2013.02.27 15:39:47.658,1.55552,1.55589,2.25,2.25
2013.02.27 15:39:47.718,1.55553,1.55589,1.50,1.50
2013.02.27 15:39:49.218,1.55559,1.55592,1.73,1.13
2013.02.27 15:39:49.338,1.55561,1.55594,1.73,1.50
2013.02.27 15:39:49.928,1.55563,1.55594,1.50,1.50
2013.02.27 15:39:54.797,1.55563,1.55602,1.50,1.69
2013.02.27 15:39:54.939,1.55562,1.55602,2.63,1.69
2013.02.27 15:39:54.998,1.55565,1.55602,1.50,1.69
2013.02.27 15:39:57.068,1.55566,1.55603,1.50,1.69
2013.02.27 15:39:57.300,1.55566,1.55602,2.25,1.13
2013.02.27 15:39:57.361,1.55566,1.55602,2.25,1.13
2013.02.27 15:39:57.989,1.55566,1.55601,2.25,1.13
2013.02.27 15:40:00.469,1.55563,1.55598,1.73,1.69
2013.02.27 15:40:00.648,1.55566,1.55598,1.50,1.69
2013.02.27 15:40:01.754,1.55566,1.55596,1.50,1.69
2013.02.27 15:40:01.822,1.55562,1.55595,1.73,1.69
2013.02.27 15:40:03.683,1.55565,1.55602,1.50,1.69
2013.02.27 15:40:04.198,1.55566,1.55595,1.50,1.50
2013.02.27 15:40:04.777,1.55566,1.55595,1.50,1.50
2013.02.27 15:40:06.388,1.55565,1.55592,1.50,1.50
2013.02.27 15:40:06.508,1.55557,1.55592,1.50,1.32
2013.02.27 15:40:06.627,1.55557,1.55592,1.73,1.32
2013.02.27 15:40:06.688,1.55562,1.55592,1.73,1.50
2013.02.27 15:40:11.088,1.55562,1.55593,1.73,1.13
2013.02.27 15:40:11.638,1.55561,1.5559,2.48,1.50
2013.02.27 15:40:11.878,1.55561,1.5559,1.73,1.50
2013.02.27 15:40:11.997,1.55553,1.55591,2.10,2.44
2013.02.27 15:40:13.379,1.55556,1.5559,1.50,1.50
2013.02.27 15:40:13.438,1.55556,1.5559,1.73,1.50
2013.02.27 15:40:13.620,1.55561,1.55592,1.50,1.88
2013.02.27 15:40:14.296,1.55569,1.55597,1.50,1.39
2013.02.27 15:40:14.801,1.55572,1.55606,2.25,1.88
2013.02.27 15:40:15.398,1.55576,1.55606,1.50,1.13
2013.02.27 15:40:15.458,1.55581,1.55607,1.50,1.13
2013.02.27 15:40:15.818,1.55571,1.55609,1.35,1.69
2013.02.27 15:40:16.078,1.55572,1.55607,1.50,1.13
2013.02.27 15:40:16.622,1.55572,1.55604,1.50,1.50
2013.02.27 15:40:16.928,1.55573,1.55604,1.73,1.50
2013.02.27 15:40:16.988,1.55562,1.55598,2.85,2.25
2013.02.27 15:40:17.168,1.55562,1.55598,1.35,2.25
2013.02.27 15:40:17.228,1.55562,1.55598,1.73,1.50
2013.02.27 15:40:17.408,1.55562,1.55598,1.73,1.50
2013.02.27 15:40:18.718,1.55564,1.55598,1.73,1.50
2013.02.27 15:40:18.778,1.55564,1.55598,2.22,1.50
2013.02.27 15:40:18.907,1.55573,1.55599,1.73,1.13
2013.02.27 15:40:18.970,1.55575,1.55599,1.73,1.13
2013.02.27 15:40:19.388,1.55574,1.55604,1.50,1.13
2013.02.27 15:40:19.630,1.55568,1.556,1.50,1.69
2013.02.27 15:40:19.688,1.55571,1.556,1.50,1.69
2013.02.27 15:40:19.748,1.55568,1.55599,2.48,1.69
2013.02.27 15:40:20.108,1.55564,1.55596,1.73,1.13
2013.02.27 15:40:20.168,1.55566,1.55597,2.48,1.13
2013.02.27 15:40:20.659,1.55569,1.55597,2.48,1.13
2013.02.27 15:40:20.838,1.55572,1.55596,1.73,1.13
2013.02.27 15:40:21.071,1.55575,1.55603,1.50,1.13
2013.02.27 15:40:21.198,1.55572,1.55598,1.73,1.13
2013.02.27 15:40:21.576,1.55575,1.55603,1.73,1.13
2013.02.27 15:40:21.943,1.55577,1.55603,1.50,1.13
2013.02.27 15:40:22.008,1.55578,1.55603,1.50,1.13
2013.02.27 15:40:22.128,1.55574,1.55604,1.73,1.13
2013.02.27 15:40:22.628,1.55571,1.55604,1.73,1.13
2013.02.27 15:40:22.703,1.55571,1.55603,2.48,1.32
2013.02.27 15:40:22.889,1.5557,1.55599,1.73,1.13
2013.02.27 15:40:22.948,1.55572,1.55599,1.50,1.13
2013.02.27 15:40:24.879,1.55572,1.55599,2.25,1.13
2013.02.27 15:40:25.149,1.55572,1.55598,2.25,1.13
2013.02.27 15:40:25.919,1.55572,1.55598,3.00,1.13
2013.02.27 15:40:26.699,1.55572,1.55598,2.10,1.13
2013.02.27 15:40:26.889,1.55572,1.55598,1.88,1.13
2013.02.27 15:40:26.949,1.55572,1.55598,1.13,1.13
2013.02.27 15:40:27.998,1.55572,1.55599,1.50,1.13
2013.02.27 15:40:28.299,1.55568,1.55603,2.25,1.13
2013.02.27 15:40:28.420,1.55568,1.55599,1.73,1.13
2013.02.27 15:40:28.778,1.55566,1.55603,1.69,1.13
2013.02.27 15:40:29.168,1.55566,1.55598,1.69,1.13
2013.02.27 15:40:29.658,1.55566,1.55598,1.69,1.13
2013.02.27 15:40:29.988,1.55563,1.556,1.50,1.69
2013.02.27 15:40:31.051,1.55563,1.556,2.25,1.69
2013.02.27 15:40:33.468,1.55562,1.55599,1.50,1.17
2013.02.27 15:40:34.928,1.5556,1.55594,1.35,1.13
2013.02.27 15:40:35.624,1.55557,1.5559,1.73,1.13
2013.02.27 15:40:35.931,1.55554,1.55589,1.73,1.13
2013.02.27 15:40:36.058,1.55546,1.55585,3.23,1.13
2013.02.27 15:40:36.180,1.5555,1.55585,1.50,1.13
2013.02.27 15:40:36.478,1.55554,1.55584,1.50,1.13
2013.02.27 15:40:36.731,1.55554,1.55584,3.98,1.13
2013.02.27 15:40:37.102,1.55554,1.55589,3.98,1.13
2013.02.27 15:40:37.830,1.55559,1.55589,1.50,1.13
2013.02.27 15:40:37.907,1.55558,1.55585,1.73,1.13
2013.02.27 15:40:38.524,1.55558,1.55584,2.48,1.13
2013.02.27 15:40:39.079,1.55558,1.55589,3.00,1.13
2013.02.27 15:40:39.885,1.55558,1.55589,1.73,1.13
2013.02.27 15:40:39.953,1.55574,1.55603,1.73,1.13
2013.02.27 15:40:40.079,1.55572,1.55601,1.73,1.13
2013.02.27 15:40:40.589,1.55572,1.55604,1.73,1.13
2013.02.27 15:40:40.708,1.55571,1.556,2.33,1.13
2013.02.27 15:40:43.089,1.55568,1.55601,1.05,1.13
2013.02.27 15:40:44.698,1.55568,1.556,1.50,1.13
2013.02.27 15:40:44.959,1.55568,1.556,2.25,1.13
2013.02.27 15:40:46.858,1.55566,1.55595,1.73,1.13
2013.02.27 15:40:47.038,1.55561,1.55595,1.13,1.13
2013.02.27 15:40:47.228,1.55558,1.556,2.48,1.69
2013.02.27 15:40:47.679,1.55558,1.55596,1.73,1.69
2013.02.27 15:40:47.978,1.55554,1.55588,1.50,1.50
2013.02.27 15:40:48.158,1.55551,1.55589,2.10,1.50
2013.02.27 15:40:48.555,1.55551,1.55589,1.88,1.50
2013.02.27 15:40:48.895,1.55557,1.55596,1.73,1.32
2013.02.27 15:40:50.208,1.55559,1.55591,1.50,1.13
2013.02.27 15:40:51.418,1.55562,1.55593,1.50,1.13
2013.02.27 15:40:51.782,1.55563,1.55594,1.73,1.13
2013.02.27 15:40:52.340,1.55563,1.55594,1.73,1.13
2013.02.27 15:40:52.939,1.55566,1.55594,1.73,1.88
2013.02.27 15:40:53.489,1.55564,1.55594,1.73,1.88
2013.02.27 15:40:53.918,1.55564,1.55595,1.73,1.13
2013.02.27 15:40:54.098,1.55573,1.55603,1.92,1.13
2013.02.27 15:40:54.447,1.55573,1.55603,1.92,1.13
2013.02.27 15:40:54.890,1.55573,1.55603,1.69,1.88
2013.02.27 15:40:55.257,1.55572,1.55602,1.50,1.13
2013.02.27 15:40:55.322,1.55577,1.55604,1.73,1.13
2013.02.27 15:40:55.569,1.55572,1.55605,1.73,1.13
2013.02.27 15:40:56.231,1.55572,1.55605,1.73,1.13
2013.02.27 15:40:57.060,1.55584,1.55608,1.50,1.13
2013.02.27 15:40:57.128,1.55577,1.55613,1.92,3.75
2013.02.27 15:40:57.448,1.55577,1.55607,1.92,1.13
2013.02.27 15:40:57.570,1.55575,1.55607,1.73,1.13
2013.02.27 15:40:57.631,1.55575,1.55609,1.71,1.50
2013.02.27 15:40:57.749,1.55575,1.55606,1.17,1.13
2013.02.27 15:40:57.900,1.55584,1.55606,1.50,1.13
2013.02.27 15:40:58.272,1.55584,1.55614,1.50,1.13
2013.02.27 15:40:58.330,1.55583,1.55615,1.50,1.13
2013.02.27 15:40:58.548,1.55586,1.55614,1.50,1.13
2013.02.27 15:40:58.980,1.55578,1.55613,2.25,1.13
2013.02.27 15:40:59.539,1.5558,1.55613,1.50,1.32
2013.02.27 15:40:59.598,1.5558,1.55617,1.50,1.32
2013.02.27 15:40:59.968,1.55582,1.55613,1.73,1.13
2013.02.27 15:41:00.148,1.55586,1.55612,1.17,1.13
2013.02.27 15:41:00.209,1.55581,1.55612,1.73,1.13
2013.02.27 15:41:01.308,1.55583,1.55619,1.50,1.88
2013.02.27 15:41:01.428,1.55587,1.55619,1.88,1.88
2013.02.27 15:41:01.789,1.55592,1.55618,1.35,1.13
2013.02.27 15:41:02.111,1.55592,1.55629,2.85,1.88
2013.02.27 15:41:02.170,1.55593,1.5562,1.13,1.50
2013.02.27 15:41:02.235,1.55592,1.5562,1.88,1.50
2013.02.27 15:41:02.360,1.55593,1.5562,1.13,1.50
2013.02.27 15:41:03.060,1.55587,1.55625,2.48,1.13
2013.02.27 15:41:03.419,1.55587,1.55622,2.48,1.13
2013.02.27 15:41:05.059,1.5559,1.55628,1.17,2.22
2013.02.27 15:41:06.112,1.5559,1.55622,1.17,1.13
2013.02.27 15:41:07.368,1.55594,1.55622,1.35,1.13
2013.02.27 15:41:07.548,1.55583,1.55617,2.10,1.50
2013.02.27 15:41:08.098,1.55581,1.55616,1.73,1.13
2013.02.27 15:41:08.549,1.5558,1.55616,1.73,1.50
2013.02.27 15:41:08.850,1.55576,1.55607,1.73,1.09
2013.02.27 15:41:08.909,1.55576,1.55603,1.50,1.50
2013.02.27 15:41:09.030,1.55577,1.55603,1.13,2.25
2013.02.27 15:41:09.567,1.55576,1.55604,1.50,1.50
2013.02.27 15:41:09.688,1.55577,1.55607,1.50,2.25
2013.02.27 15:41:09.749,1.55579,1.5561,1.50,3.57
2013.02.27 15:41:10.181,1.55579,1.55611,1.73,3.38
2013.02.27 15:41:10.361,1.55577,1.55611,1.88,3.38
2013.02.27 15:41:12.158,1.55579,1.55611,1.50,3.38
2013.02.27 15:41:12.757,1.55581,1.55608,1.17,1.13
2013.02.27 15:41:14.197,1.55582,1.55609,1.17,2.25
2013.02.27 15:41:14.528,1.55579,1.55611,1.50,1.13
2013.02.27 15:41:18.730,1.55576,1.55604,1.17,1.69
2013.02.27 15:41:18.983,1.55576,1.55603,1.17,1.13
2013.02.27 15:41:19.919,1.55576,1.55607,1.17,1.13
2013.02.27 15:41:20.339,1.55571,1.55607,1.17,2.44
2013.02.27 15:41:20.520,1.55567,1.55606,1.17,2.44
2013.02.27 15:41:22.889,1.55564,1.55599,1.92,1.84
2013.02.27 15:41:23.069,1.55561,1.55597,1.17,1.13
2013.02.27 15:41:23.130,1.55561,1.55597,1.05,1.32
2013.02.27 15:41:23.368,1.55563,1.55589,1.35,1.13
2013.02.27 15:41:23.429,1.55566,1.55593,1.73,1.13
2013.02.27 15:41:23.848,1.55564,1.55589,2.48,1.13
2013.02.27 15:41:24.528,1.55564,1.55594,1.73,1.13
2013.02.27 15:41:24.848,1.55567,1.55599,1.73,1.13
2013.02.27 15:41:25.229,1.55571,1.556,1.50,1.13
2013.02.27 15:41:26.597,1.5557,1.55603,1.73,1.13
2013.02.27 15:41:26.901,1.55572,1.55592,1.13,1.09
2013.02.27 15:41:27.198,1.55562,1.55587,1.63,1.13
2013.02.27 15:41:27.699,1.55566,1.55594,1.73,1.13
2013.02.27 15:41:28.622,1.55561,1.5559,2.48,1.13
2013.02.27 15:41:28.960,1.55561,1.55593,2.48,1.13
2013.02.27 15:41:29.318,1.5555,1.55571,1.50,1.50
2013.02.27 15:41:29.378,1.55552,1.55573,1.50,2.25
2013.02.27 15:41:29.438,1.5555,1.55573,1.50,2.25
2013.02.27 15:41:30.379,1.55549,1.55577,2.25,1.13
2013.02.27 15:41:31.588,1.55549,1.55577,1.50,1.13
2013.02.27 15:41:31.768,1.55546,1.55577,2.25,2.25
2013.02.27 15:41:31.949,1.55547,1.55577,1.73,2.25
2013.02.27 15:41:32.139,1.55547,1.55578,1.73,1.13
2013.02.27 15:41:32.318,1.55546,1.55578,1.73,1.13
2013.02.27 15:41:34.160,1.55542,1.55577,2.25,1.35
2013.02.27 15:41:34.398,1.55539,1.5557,1.13,1.69
2013.02.27 15:41:34.698,1.55535,1.55566,1.35,1.88
2013.02.27 15:41:35.245,1.55533,1.55565,1.43,1.50
2013.02.27 15:41:35.488,1.55547,1.55574,1.50,1.13
2013.02.27 15:41:35.848,1.55546,1.55578,1.73,2.07
2013.02.27 15:41:36.389,1.55546,1.55577,1.73,1.32
2013.02.27 15:41:36.510,1.55541,1.55574,1.50,1.73
2013.02.27 15:41:36.569,1.55541,1.55574,1.50,1.73
2013.02.27 15:41:36.748,1.55541,1.55571,1.50,1.50
2013.02.27 15:41:36.808,1.55538,1.5557,1.73,1.50
2013.02.27 15:41:36.988,1.55537,1.55573,1.20,1.13
2013.02.27 15:41:37.585,1.55542,1.55573,1.50,1.13
2013.02.27 15:41:37.858,1.55542,1.55573,2.25,1.13
2013.02.27 15:41:37.980,1.55544,1.55576,1.50,1.13
2013.02.27 15:41:38.459,1.5554,1.55572,2.10,1.13
2013.02.27 15:41:38.519,1.5554,1.55572,1.88,1.13
2013.02.27 15:41:38.948,1.55542,1.55574,1.13,1.13
2013.02.27 15:41:39.008,1.55543,1.55575,1.35,1.50
2013.02.27 15:41:40.648,1.55542,1.55574,1.95,1.50
2013.02.27 15:41:40.828,1.55537,1.55561,1.35,1.50
2013.02.27 15:41:40.949,1.55534,1.55563,2.70,1.13
2013.02.27 15:41:41.128,1.55536,1.55563,1.38,1.13
2013.02.27 15:41:41.248,1.55534,1.55563,2.70,1.13
2013.02.27 15:41:41.688,1.55535,1.55563,2.48,1.13
2013.02.27 15:41:41.869,1.55534,1.55569,1.73,1.13
2013.02.27 15:41:42.049,1.55543,1.55569,1.17,1.13
2013.02.27 15:41:43.068,1.55545,1.55573,1.17,1.32
2013.02.27 15:41:43.689,1.55539,1.55572,1.17,1.32
2013.02.27 15:41:43.990,1.55537,1.55568,2.48,1.88
2013.02.27 15:41:46.669,1.55532,1.55562,2.10,1.50
2013.02.27 15:41:46.728,1.55532,1.55559,1.35,1.50
2013.02.27 15:41:46.848,1.55529,1.55559,1.35,1.50
2013.02.27 15:41:46.969,1.55521,1.55552,1.73,1.50
2013.02.27 15:41:47.448,1.55526,1.55559,1.73,1.50
2013.02.27 15:41:47.568,1.55527,1.55559,3.23,1.13
2013.02.27 15:41:47.628,1.55527,1.55558,3.23,1.88
2013.02.27 15:41:48.080,1.55522,1.55556,1.73,1.50
2013.02.27 15:41:48.197,1.5552,1.55552,1.73,1.50
2013.02.27 15:41:48.378,1.5552,1.55552,1.50,1.50
2013.02.27 15:41:48.438,1.5552,1.55552,1.50,1.50
2013.02.27 15:41:48.922,1.55518,1.55551,2.48,1.50
2013.02.27 15:41:49.168,1.55518,1.5555,2.48,1.50
2013.02.27 15:41:49.948,1.55522,1.55549,2.25,1.13
2013.02.27 15:41:50.592,1.5552,1.55549,2.10,1.13
2013.02.27 15:41:50.918,1.5552,1.55558,2.85,1.13
2013.02.27 15:41:50.982,1.55525,1.55558,1.35,1.13
2013.02.27 15:41:51.050,1.55525,1.55554,1.35,1.13
2013.02.27 15:41:51.108,1.55525,1.55558,1.35,1.13
2013.02.27 15:41:51.628,1.55526,1.55559,2.10,1.13
2013.02.27 15:41:52.090,1.55526,1.55554,2.10,1.13
2013.02.27 15:41:52.208,1.55526,1.55554,1.35,1.13
2013.02.27 15:41:52.459,1.55524,1.55554,1.73,1.13
2013.02.27 15:41:52.928,1.55522,1.55551,1.73,1.50
2013.02.27 15:41:52.988,1.55522,1.55551,1.50,1.50
2013.02.27 15:41:53.579,1.55519,1.55551,3.00,1.50
2013.02.27 15:41:53.793,1.55519,1.55551,3.23,1.50
2013.02.27 15:41:54.099,1.55521,1.55554,2.48,1.13
2013.02.27 15:41:54.418,1.55526,1.55559,1.17,1.13
2013.02.27 15:41:54.658,1.55525,1.55558,1.92,1.13
2013.02.27 15:41:57.968,1.55531,1.55553,1.50,1.28
2013.02.27 15:41:58.328,1.55526,1.55536,1.69,1.13
2013.02.27 15:41:58.388,1.55526,1.55542,1.69,1.13
2013.02.27 15:41:58.976,1.55508,1.55542,2.67,1.13
2013.02.27 15:41:59.230,1.55513,1.55548,1.05,1.13
2013.02.27 15:41:59.348,1.5551,1.55548,1.92,1.13
2013.02.27 15:41:59.468,1.55517,1.55549,1.73,1.13
2013.02.27 15:41:59.828,1.55516,1.55553,1.35,1.88
2013.02.27 15:41:59.890,1.55522,1.55553,1.73,1.88
2013.02.27 15:41:59.949,1.55522,1.55551,1.73,1.13
2013.02.27 15:42:00.848,1.55521,1.55554,1.17,1.13
2013.02.27 15:42:01.028,1.55523,1.55555,1.35,1.13
2013.02.27 15:42:01.388,1.55525,1.55555,1.17,1.13
2013.02.27 15:42:01.569,1.55523,1.55556,1.69,1.13
2013.02.27 15:42:01.629,1.55523,1.55556,1.69,1.13
2013.02.27 15:42:02.369,1.55525,1.55555,1.69,1.13
2013.02.27 15:42:02.429,1.55522,1.55555,2.82,1.13
2013.02.27 15:42:03.369,1.55521,1.55556,1.69,1.13
2013.02.27 15:42:03.548,1.55518,1.55544,1.50,1.50
2013.02.27 15:42:03.609,1.55514,1.55546,1.50,1.13
2013.02.27 15:42:03.789,1.55519,1.55548,1.13,1.13
2013.02.27 15:42:04.149,1.55519,1.55551,1.50,1.13
2013.02.27 15:42:04.208,1.55519,1.55553,1.50,1.13
2013.02.27 15:42:04.738,1.55518,1.5555,1.17,1.13
2013.02.27 15:42:04.998,1.55514,1.5555,3.94,1.35
2013.02.27 15:42:05.058,1.55514,1.55548,2.44,1.50
2013.02.27 15:42:05.129,1.55514,1.55548,2.44,1.50
2013.02.27 15:42:05.542,1.55517,1.55554,1.50,1.35
2013.02.27 15:42:05.779,1.55518,1.55551,1.50,1.13
2013.02.27 15:42:05.959,1.55522,1.5555,1.13,1.13
2013.02.27 15:42:06.259,1.55516,1.55547,2.63,1.13
2013.02.27 15:42:06.320,1.55514,1.55547,1.50,1.13
2013.02.27 15:42:06.678,1.55509,1.55546,1.69,1.13
2013.02.27 15:42:06.978,1.5551,1.55546,1.69,1.50
2013.02.27 15:42:07.506,1.55512,1.55546,1.50,1.50
2013.02.27 15:42:07.958,1.55512,1.55546,1.50,1.50
2013.02.27 15:42:08.318,1.55512,1.55546,1.50,1.50
2013.02.27 15:42:08.378,1.55512,1.55546,1.50,1.50
2013.02.27 15:42:08.968,1.55509,1.55543,1.50,1.73
2013.02.27 15:42:09.327,1.55508,1.55538,1.50,1.50
2013.02.27 15:42:09.468,1.55506,1.55538,1.69,1.50
2013.02.27 15:42:11.159,1.55506,1.5554,1.69,1.35
2013.02.27 15:42:12.009,1.55507,1.55541,1.13,1.13
2013.02.27 15:42:12.558,1.55506,1.55537,1.69,1.50
2013.02.27 15:42:13.680,1.55508,1.55537,1.50,1.50
2013.02.27 15:42:14.294,1.55507,1.55537,2.44,1.50
2013.02.27 15:42:14.487,1.55502,1.55536,3.15,1.35
2013.02.27 15:42:14.548,1.55502,1.55536,1.28,1.35
2013.02.27 15:42:15.069,1.55491,1.5551,1.13,1.50
2013.02.27 15:42:15.188,1.5548,1.55507,1.25,1.50
2013.02.27 15:42:15.308,1.55478,1.55509,2.37,1.50
2013.02.27 15:42:15.549,1.55468,1.55493,1.13,1.50
2013.02.27 15:42:15.608,1.55468,1.55493,1.13,1.50
2013.02.27 15:42:15.668,1.55468,1.55498,1.50,2.63
2013.02.27 15:42:16.148,1.55467,1.55499,3.98,1.88
2013.02.27 15:42:16.208,1.55468,1.55499,1.73,1.88
2013.02.27 15:42:17.578,1.55471,1.55502,1.43,1.13
2013.02.27 15:42:17.638,1.55476,1.55504,1.05,1.13
2013.02.27 15:42:18.183,1.55478,1.55512,1.50,1.13
2013.02.27 15:42:18.578,1.55477,1.55512,3.23,1.13
2013.02.27 15:42:19.488,1.55484,1.55514,1.50,1.13
2013.02.27 15:42:20.028,1.55485,1.55519,1.50,1.50
2013.02.27 15:42:21.529,1.55486,1.55518,1.20,1.50
2013.02.27 15:42:21.650,1.55486,1.55519,1.50,1.50
2013.02.27 15:42:22.678,1.55486,1.55519,2.25,1.50
2013.02.27 15:42:23.361,1.55486,1.55522,1.88,1.35
2013.02.27 15:42:25.198,1.55492,1.55521,1.50,1.35
2013.02.27 15:42:26.110,1.55492,1.55521,1.73,1.35
2013.02.27 15:42:26.528,1.55492,1.55523,1.50,1.73
2013.02.27 15:42:26.709,1.55489,1.5552,1.50,1.73
2013.02.27 15:42:27.379,1.55492,1.55513,1.50,1.17
2013.02.27 15:42:27.679,1.55487,1.5552,1.73,1.88
2013.02.27 15:42:27.860,1.55492,1.55521,2.25,1.35
2013.02.27 15:42:27.920,1.55496,1.55521,1.50,1.35
2013.02.27 15:42:28.468,1.55496,1.55527,1.50,1.88
2013.02.27 15:42:29.014,1.55496,1.55526,1.50,1.50
2013.02.27 15:42:29.668,1.55494,1.55519,1.50,1.50
2013.02.27 15:42:29.728,1.55493,1.55515,1.50,1.13
2013.02.27 15:42:30.269,1.55489,1.55516,1.50,1.35
2013.02.27 15:42:30.938,1.55489,1.55515,1.50,1.35
2013.02.27 15:42:30.998,1.55488,1.55515,1.50,1.35
2013.02.27 15:42:31.360,1.55488,1.55516,1.50,2.10
2013.02.27 15:42:31.937,1.55485,1.55515,1.50,1.35
2013.02.27 15:42:32.148,1.55484,1.55515,1.13,1.35
2013.02.27 15:42:32.508,1.55481,1.55512,1.50,1.50
2013.02.27 15:42:35.798,1.55481,1.55515,1.69,1.73
2013.02.27 15:42:37.348,1.55483,1.55515,1.69,1.73
2013.02.27 15:42:37.966,1.55487,1.5551,1.50,2.25
2013.02.27 15:42:38.041,1.55493,1.5552,1.50,1.13
2013.02.27 15:42:39.709,1.55492,1.55525,1.69,3.38
2013.02.27 15:42:40.428,1.55497,1.55528,1.13,1.50
2013.02.27 15:42:40.958,1.55494,1.55528,1.69,1.73
2013.02.27 15:42:41.849,1.55494,1.55529,1.69,2.85
2013.02.27 15:42:42.390,1.55497,1.55529,1.69,1.35
2013.02.27 15:42:43.669,1.55496,1.55529,1.50,1.35
2013.02.27 15:42:44.318,1.55496,1.55526,2.44,1.09
2013.02.27 15:42:44.681,1.55493,1.55522,1.50,1.69
2013.02.27 15:42:44.988,1.55493,1.55523,1.13,1.13
2013.02.27 15:42:45.108,1.55493,1.55528,1.88,1.50
2013.02.27 15:42:46.118,1.55494,1.55526,1.13,2.25
2013.02.27 15:42:47.148,1.55495,1.55528,1.69,2.63
2013.02.27 15:42:47.608,1.55493,1.55524,1.69,1.50
2013.02.27 15:42:47.669,1.55495,1.55524,1.50,1.50
2013.02.27 15:42:49.711,1.55491,1.55528,1.13,1.88
2013.02.27 15:42:50.069,1.55514,1.55528,1.50,1.50
2013.02.27 15:42:50.428,1.55519,1.55548,1.69,1.13
2013.02.27 15:42:50.488,1.55519,1.55549,1.69,1.13
2013.02.27 15:42:50.805,1.55516,1.55546,1.69,1.13
2013.02.27 15:42:50.948,1.55516,1.55546,1.69,1.13
2013.02.27 15:42:52.509,1.55519,1.55549,1.13,1.13
2013.02.27 15:42:52.568,1.55519,1.55544,1.13,1.13
2013.02.27 15:42:53.408,1.55517,1.55544,1.13,2.63
2013.02.27 15:42:53.650,1.55516,1.55543,1.13,1.50
2013.02.27 15:42:54.010,1.55512,1.5554,1.73,1.13
2013.02.27 15:42:54.516,1.55511,1.5554,1.50,1.13
2013.02.27 15:42:54.840,1.5551,1.55538,1.69,1.50
2013.02.27 15:42:55.289,1.5551,1.55537,1.50,1.13
2013.02.27 15:42:55.408,1.5551,1.55535,1.50,1.13
2013.02.27 15:42:55.648,1.55506,1.55533,1.13,1.50
2013.02.27 15:42:56.008,1.55497,1.55526,1.73,1.50
2013.02.27 15:42:56.368,1.55487,1.55514,1.50,1.50
2013.02.27 15:42:56.428,1.55479,1.55514,1.17,1.50
2013.02.27 15:42:57.387,1.55475,1.55515,1.17,1.13
2013.02.27 15:42:57.750,1.55495,1.55529,1.88,1.35
2013.02.27 15:42:58.088,1.55495,1.55529,2.63,1.35
2013.02.27 15:42:58.209,1.55494,1.5553,2.63,1.35
2013.02.27 15:42:58.568,1.55498,1.55531,1.50,1.13
2013.02.27 15:42:58.627,1.55498,1.55529,1.50,1.13
2013.02.27 15:43:00.198,1.555,1.55533,1.69,1.13
2013.02.27 15:43:00.520,1.555,1.55535,1.69,1.13
2013.02.27 15:43:00.637,1.555,1.55534,1.69,1.13
2013.02.27 15:43:01.118,1.55502,1.5553,1.50,1.13
2013.02.27 15:43:01.369,1.55505,1.55535,1.50,1.88
2013.02.27 15:43:01.429,1.55502,1.55535,1.32,1.88
2013.02.27 15:43:01.549,1.55502,1.55534,1.32,1.50
2013.02.27 15:43:01.969,1.55508,1.55538,1.50,1.13
2013.02.27 15:43:02.098,1.55509,1.5554,1.69,1.13
2013.02.27 15:43:04.301,1.55512,1.55544,2.25,1.50
2013.02.27 15:43:04.890,1.55515,1.55544,2.03,1.50
2013.02.27 15:43:04.950,1.55521,1.55548,1.50,1.50
2013.02.27 15:43:05.069,1.55522,1.55544,1.50,1.13
2013.02.27 15:43:05.686,1.55523,1.55549,1.50,1.13
2013.02.27 15:43:05.757,1.55524,1.55554,1.50,1.50
2013.02.27 15:43:06.137,1.55525,1.55557,1.50,1.13
2013.02.27 15:43:06.229,1.55525,1.55556,1.50,1.13
2013.02.27 15:43:06.289,1.55525,1.55557,1.50,1.13
2013.02.27 15:43:07.289,1.55529,1.55558,1.50,1.88
2013.02.27 15:43:08.379,1.55529,1.55556,1.50,1.13
2013.02.27 15:43:08.594,1.55529,1.55558,1.50,1.13
2013.02.27 15:43:09.128,1.55525,1.55557,1.50,1.50
2013.02.27 15:43:09.189,1.55525,1.55555,1.50,1.50
2013.02.27 15:43:11.198,1.55527,1.55557,1.50,1.13
2013.02.27 15:43:11.654,1.55527,1.55555,1.50,1.13
2013.02.27 15:43:11.958,1.55524,1.55555,1.50,1.13
2013.02.27 15:43:12.019,1.55524,1.55556,1.50,1.13
2013.02.27 15:43:13.088,1.55521,1.55549,1.35,1.50
2013.02.27 15:43:14.120,1.55522,1.55556,1.35,1.73
2013.02.27 15:43:14.430,1.55529,1.55557,1.35,1.13
2013.02.27 15:43:14.548,1.55529,1.55557,1.35,1.88
2013.02.27 15:43:15.148,1.55524,1.55551,1.35,1.50
2013.02.27 15:43:15.708,1.55522,1.55548,1.35,2.25
2013.02.27 15:43:16.018,1.55517,1.55546,4.23,1.50
2013.02.27 15:43:16.318,1.55511,1.55546,1.17,2.25
2013.02.27 15:43:18.957,1.55507,1.55539,1.73,1.50
2013.02.27 15:43:20.118,1.55504,1.55536,2.10,2.25
2013.02.27 15:43:20.652,1.55499,1.55536,1.92,2.25
2013.02.27 15:43:20.708,1.55499,1.55536,1.69,2.25
2013.02.27 15:43:20.769,1.55501,1.55536,2.25,3.19
2013.02.27 15:43:22.448,1.55505,1.55536,1.35,1.50
2013.02.27 15:43:22.808,1.55512,1.55533,1.13,1.13
2013.02.27 15:43:22.928,1.55512,1.55533,1.13,1.13
2013.02.27 15:43:23.179,1.55508,1.55537,1.73,1.50
2013.02.27 15:43:23.358,1.55507,1.55538,2.10,2.25
2013.02.27 15:43:23.658,1.55507,1.55538,2.10,1.50
2013.02.27 15:43:23.718,1.55507,1.55538,2.10,1.50
2013.02.27 15:43:23.848,1.55502,1.55539,2.10,1.13
2013.02.27 15:43:23.968,1.55504,1.55535,2.10,1.50
2013.02.27 15:43:24.029,1.55502,1.55535,1.35,2.25
2013.02.27 15:43:24.288,1.55502,1.55535,1.35,2.25
2013.02.27 15:43:24.589,1.55505,1.55534,3.00,1.13
2013.02.27 15:43:25.128,1.55504,1.55539,2.48,1.50
2013.02.27 15:43:25.308,1.55504,1.55539,2.48,1.50
2013.02.27 15:43:26.211,1.55505,1.55539,1.73,1.88
2013.02.27 15:43:26.958,1.5551,1.55539,1.13,1.50
2013.02.27 15:43:29.919,1.55502,1.55534,1.54,1.13
2013.02.27 15:43:30.510,1.55502,1.55535,2.48,1.13
2013.02.27 15:43:30.829,1.55507,1.55534,1.17,1.13
2013.02.27 15:43:30.888,1.55507,1.55534,1.17,1.88
2013.02.27 15:43:31.068,1.55503,1.55532,1.35,1.50
2013.02.27 15:43:31.128,1.55503,1.5553,1.35,1.13
2013.02.27 15:43:31.188,1.55503,1.5553,1.13,1.88
2013.02.27 15:43:34.019,1.55502,1.55529,1.50,1.88
2013.02.27 15:43:37.067,1.55493,1.55523,2.67,1.09
2013.02.27 15:43:37.248,1.5549,1.5552,1.73,2.44
2013.02.27 15:43:37.429,1.55482,1.55513,1.73,1.50
2013.02.27 15:43:37.489,1.5548,1.55506,2.48,1.50
2013.02.27 15:43:37.728,1.55479,1.55506,1.35,1.50
2013.02.27 15:43:37.967,1.55475,1.55506,1.35,2.44
2013.02.27 15:43:38.389,1.55476,1.55499,1.73,1.50
2013.02.27 15:43:38.507,1.55475,1.55499,1.54,1.50
2013.02.27 15:43:38.940,1.55475,1.55507,1.17,1.50
2013.02.27 15:43:39.239,1.55478,1.55509,1.73,1.50
2013.02.27 15:43:39.598,1.55485,1.55514,1.69,1.88
2013.02.27 15:43:39.957,1.55488,1.55521,1.17,1.05
2013.02.27 15:43:40.078,1.55493,1.55523,1.73,1.13
2013.02.27 15:43:40.138,1.55493,1.55523,1.73,1.13
2013.02.27 15:43:40.318,1.55491,1.55522,1.29,1.50
2013.02.27 15:43:40.677,1.55491,1.55519,2.04,1.13
2013.02.27 15:43:41.097,1.55491,1.55521,2.04,1.13
2013.02.27 15:43:41.680,1.55491,1.55521,2.04,1.13
2013.02.27 15:43:41.858,1.55492,1.55524,1.73,1.13
2013.02.27 15:43:41.977,1.55493,1.55524,1.32,1.13
2013.02.27 15:43:42.217,1.55491,1.55522,1.73,1.13
2013.02.27 15:43:42.337,1.55491,1.55526,1.73,1.80
2013.02.27 15:43:42.968,1.5549,1.55522,2.07,1.13
2013.02.27 15:43:43.297,1.5549,1.55522,2.25,1.13
2013.02.27 15:43:43.647,1.55491,1.55523,2.10,1.13
2013.02.27 15:43:44.077,1.55494,1.55522,1.73,1.13
2013.02.27 15:43:44.697,1.55493,1.55523,1.73,1.13
2013.02.27 15:43:45.594,1.55493,1.55522,1.73,1.13
2013.02.27 15:43:45.878,1.55493,1.55524,1.73,1.13
2013.02.27 15:43:46.198,1.55493,1.55527,1.73,1.13
2013.02.27 15:43:46.418,1.55493,1.55523,1.73,1.13
2013.02.27 15:43:46.848,1.55494,1.55529,1.73,1.88
2013.02.27 15:43:47.327,1.55506,1.55534,1.50,1.13
2013.02.27 15:43:47.849,1.55514,1.55538,1.50,1.13
2013.02.27 15:43:48.400,1.5551,1.55544,1.50,1.88
2013.02.27 15:43:48.460,1.55509,1.55544,1.17,1.88
2013.02.27 15:43:48.838,1.5551,1.55544,1.69,1.88
2013.02.27 15:43:48.961,1.55507,1.55544,1.92,1.88
2013.02.27 15:43:49.190,1.5551,1.55544,1.69,1.88
2013.02.27 15:43:49.428,1.55506,1.55543,2.67,3.38
2013.02.27 15:43:50.108,1.55506,1.5554,1.92,1.13
2013.02.27 15:43:50.168,1.55506,1.55544,1.92,1.69
2013.02.27 15:43:50.407,1.55505,1.5554,3.19,1.35
2013.02.27 15:43:50.667,1.55507,1.5554,1.17,1.13
2013.02.27 15:43:51.027,1.55501,1.55532,1.50,1.50
2013.02.27 15:43:51.208,1.55507,1.55528,1.50,1.50
2013.02.27 15:43:51.638,1.55502,1.55534,1.73,1.13
2013.02.27 15:43:52.047,1.55503,1.55535,1.73,1.50
2013.02.27 15:43:53.228,1.55507,1.55539,3.23,2.25
2013.02.27 15:43:53.547,1.55507,1.5554,1.73,2.25
2013.02.27 15:43:57.137,1.55506,1.55541,1.73,1.50
2013.02.27 15:43:57.318,1.55506,1.55541,1.50,1.17
2013.02.27 15:43:58.027,1.55502,1.55538,1.73,1.69
2013.02.27 15:44:00.377,1.55506,1.55541,1.09,2.67
2013.02.27 15:44:00.437,1.55507,1.55541,1.32,1.69
2013.02.27 15:44:00.617,1.55512,1.55544,1.69,1.50
2013.02.27 15:44:00.678,1.55509,1.55543,2.67,1.50
2013.02.27 15:44:00.857,1.5551,1.55544,2.25,2.48
2013.02.27 15:44:02.187,1.5551,1.55543,1.50,1.73
2013.02.27 15:44:02.307,1.55507,1.55541,1.69,1.69
2013.02.27 15:44:02.609,1.55507,1.55542,3.19,1.73
2013.02.27 15:44:03.084,1.55516,1.55543,1.50,1.50
2013.02.27 15:44:03.585,1.55517,1.55547,1.50,1.32
2013.02.27 15:44:08.297,1.55515,1.55549,2.44,1.17
2013.02.27 15:44:08.767,1.55514,1.55549,1.69,1.17
2013.02.27 15:44:09.089,1.55511,1.55543,1.50,1.05
2013.02.27 15:44:09.209,1.55512,1.55545,1.50,1.58
2013.02.27 15:44:09.327,1.55511,1.55545,1.50,1.58
2013.02.27 15:44:09.859,1.55511,1.55542,1.50,1.50
2013.02.27 15:44:10.187,1.55509,1.55544,1.69,1.73
2013.02.27 15:44:10.678,1.55513,1.55547,1.50,2.44
2013.02.27 15:44:11.887,1.55513,1.55548,2.25,1.13
2013.02.27 15:44:12.188,1.55514,1.55547,1.50,1.50
2013.02.27 15:44:12.877,1.55515,1.55549,1.50,2.25
2013.02.27 15:44:13.467,1.5552,1.55552,1.50,1.50
2013.02.27 15:44:13.887,1.55523,1.55556,1.50,2.82
2013.02.27 15:44:14.618,1.55523,1.55554,1.50,2.25
2013.02.27 15:44:15.038,1.5552,1.55553,1.50,1.13
2013.02.27 15:44:15.398,1.55519,1.55553,1.73,1.13
2013.02.27 15:44:17.160,1.55521,1.55546,1.50,1.50
2013.02.27 15:44:17.398,1.55521,1.55545,1.50,1.50
2013.02.27 15:44:17.637,1.55517,1.55546,1.50,1.50
2013.02.27 15:44:17.937,1.55514,1.5555,1.92,1.88
2013.02.27 15:44:18.117,1.55516,1.5555,1.73,1.50
2013.02.27 15:44:18.360,1.55516,1.55548,1.50,2.25
2013.02.27 15:44:19.485,1.55536,1.55562,1.50,1.50
2013.02.27 15:44:19.789,1.55538,1.55564,1.73,1.13
2013.02.27 15:44:20.148,1.55537,1.55567,1.73,1.88
2013.02.27 15:44:20.267,1.55538,1.55567,1.73,1.88
2013.02.27 15:44:20.927,1.55535,1.55567,1.35,1.13
2013.02.27 15:44:21.889,1.55525,1.55555,1.73,1.50
2013.02.27 15:44:21.948,1.55525,1.55555,1.50,1.50
2013.02.27 15:44:23.419,1.55533,1.55564,1.50,1.47
2013.02.27 15:44:23.777,1.5553,1.55562,1.50,1.69
2013.02.27 15:44:23.957,1.55529,1.55556,3.00,1.69
2013.02.27 15:44:24.138,1.55529,1.55559,3.75,2.44
2013.02.27 15:44:24.198,1.55526,1.55561,1.47,1.88
2013.02.27 15:44:24.318,1.55531,1.55562,1.50,1.88
2013.02.27 15:44:24.679,1.5554,1.55571,2.22,1.13
2013.02.27 15:44:24.798,1.5554,1.55569,2.10,1.50
2013.02.27 15:44:25.657,1.5554,1.55577,1.50,3.04
2013.02.27 15:44:25.718,1.55535,1.55572,1.80,2.44
2013.02.27 15:44:26.139,1.5554,1.55568,1.50,1.17
2013.02.27 15:44:26.319,1.55539,1.55568,3.23,1.50
2013.02.27 15:44:26.877,1.55539,1.5557,3.23,2.25
2013.02.27 15:44:27.563,1.55539,1.5557,3.23,1.50
2013.02.27 15:44:27.750,1.5555,1.55584,1.50,1.88
2013.02.27 15:44:27.815,1.55548,1.5558,2.25,1.13
2013.02.27 15:44:27.940,1.5555,1.5558,1.50,1.13
2013.02.27 15:44:28.598,1.55553,1.55588,1.73,2.07
2013.02.27 15:44:28.777,1.55551,1.55588,1.50,1.69
2013.02.27 15:44:28.958,1.55548,1.55584,1.50,1.17
2013.02.27 15:44:29.411,1.55551,1.55584,1.50,1.17
2013.02.27 15:44:29.600,1.55552,1.55586,1.50,1.50
2013.02.27 15:44:29.901,1.55556,1.55585,1.69,2.25
2013.02.27 15:44:29.968,1.55556,1.55588,1.69,1.13
2013.02.27 15:44:30.148,1.55556,1.55592,1.65,1.50
2013.02.27 15:44:30.507,1.5557,1.55599,1.73,1.88
2013.02.27 15:44:30.808,1.55573,1.556,2.48,1.88
2013.02.27 15:44:31.349,1.55574,1.55604,1.73,1.13
2013.02.27 15:44:31.588,1.55574,1.55604,1.73,3.00
2013.02.27 15:44:32.350,1.55574,1.55604,1.73,2.25
2013.02.27 15:44:32.538,1.55576,1.55605,1.17,2.25
2013.02.27 15:44:32.898,1.55588,1.55618,1.50,1.13
2013.02.27 15:44:32.958,1.55587,1.55616,1.13,1.13
2013.02.27 15:44:33.198,1.55585,1.55612,1.32,1.50
2013.02.27 15:44:33.658,1.55576,1.55612,2.67,1.50
2013.02.27 15:44:33.838,1.55578,1.55612,1.17,1.50
2013.02.27 15:44:33.898,1.55579,1.55612,1.73,1.50
2013.02.27 15:44:33.957,1.55581,1.55612,1.73,1.50
2013.02.27 15:44:34.568,1.55579,1.5561,1.73,2.63
2013.02.27 15:44:34.928,1.55588,1.5561,1.50,1.88
2013.02.27 15:44:35.108,1.55587,1.55615,2.07,1.13
2013.02.27 15:44:35.228,1.55585,1.55622,1.50,2.82
2013.02.27 15:44:35.498,1.55586,1.55616,1.73,2.25
2013.02.27 15:44:35.620,1.55586,1.55616,1.73,2.25
2013.02.27 15:44:35.978,1.55586,1.55619,1.73,1.13
2013.02.27 15:44:36.098,1.55585,1.55619,2.48,2.25
2013.02.27 15:44:36.599,1.5559,1.55623,1.73,1.13
2013.02.27 15:44:37.168,1.55589,1.5562,1.73,1.13
2013.02.27 15:44:37.421,1.55593,1.55623,1.50,1.13
2013.02.27 15:44:37.479,1.55594,1.55625,1.92,2.25
2013.02.27 15:44:42.868,1.55591,1.55627,1.73,1.88
2013.02.27 15:44:43.408,1.55596,1.55627,1.73,1.50
2013.02.27 15:44:44.629,1.55596,1.55627,1.73,2.25
2013.02.27 15:44:45.428,1.55591,1.55626,2.48,1.50
2013.02.27 15:44:46.608,1.55597,1.55629,1.73,3.00
2013.02.27 15:44:46.667,1.55597,1.55627,1.73,1.50
2013.02.27 15:44:47.128,1.55597,1.55626,1.73,3.00
2013.02.27 15:44:47.375,1.55592,1.55625,2.07,1.50
2013.02.27 15:44:47.498,1.55598,1.55623,1.50,1.50
2013.02.27 15:44:47.618,1.55597,1.55624,2.10,1.13
2013.02.27 15:44:47.978,1.55596,1.55623,1.50,1.50
2013.02.27 15:44:48.607,1.55591,1.55622,1.73,1.50
2013.02.27 15:44:49.146,1.55588,1.55621,1.73,1.88
2013.02.27 15:44:49.700,1.55588,1.55621,1.73,1.13
2013.02.27 15:44:50.198,1.55586,1.55617,1.50,1.50
2013.02.27 15:44:50.378,1.55586,1.55617,1.50,2.07
2013.02.27 15:44:50.737,1.55579,1.55613,1.35,1.69
2013.02.27 15:44:51.181,1.55578,1.55611,1.73,1.50
2013.02.27 15:44:55.337,1.55576,1.55611,2.48,1.69
2013.02.27 15:44:55.518,1.55576,1.55612,1.73,1.69
2013.02.27 15:44:56.381,1.55576,1.55612,1.73,1.69
2013.02.27 15:44:56.452,1.55578,1.55609,1.73,1.88
2013.02.27 15:44:56.879,1.55579,1.55612,1.73,1.88
2013.02.27 15:44:57.058,1.55582,1.55608,1.50,1.50
2013.02.27 15:44:57.513,1.55579,1.55607,1.50,2.07
2013.02.27 15:44:57.710,1.55577,1.55607,1.73,1.32
2013.02.27 15:44:58.228,1.55576,1.55608,1.73,1.32
2013.02.27 15:44:59.587,1.55585,1.55615,1.09,1.13
2013.02.27 15:44:59.708,1.55589,1.55619,1.50,6.00
2013.02.27 15:44:59.888,1.55587,1.55619,1.73,1.13
2013.02.27 15:44:59.949,1.55587,1.55619,1.50,1.13
2013.02.27 15:45:00.010,1.55586,1.55617,1.88,1.50
2013.02.27 15:45:00.069,1.55581,1.55613,1.73,1.50
2013.02.27 15:45:00.188,1.55587,1.55613,1.73,2.63
2013.02.27 15:45:00.488,1.55587,1.55612,1.73,1.50
2013.02.27 15:45:01.199,1.55582,1.55612,1.50,1.69
2013.02.27 15:45:02.889,1.55576,1.55609,1.73,1.69
2013.02.27 15:45:03.128,1.55578,1.55614,1.50,3.57
2013.02.27 15:45:03.188,1.55579,1.55609,1.50,1.69
2013.02.27 15:45:03.429,1.55579,1.55609,1.73,1.88
2013.02.27 15:45:03.669,1.55578,1.55609,1.50,1.88
2013.02.27 15:45:03.968,1.55573,1.55605,1.50,1.13
2013.02.27 15:45:05.220,1.55572,1.55605,1.50,1.13
2013.02.27 15:45:05.638,1.55576,1.55612,2.25,1.50
2013.02.27 15:45:05.877,1.55594,1.55621,1.50,1.13
2013.02.27 15:45:06.298,1.55594,1.55626,1.73,1.13
2013.02.27 15:45:06.418,1.55594,1.55626,1.73,1.50
2013.02.27 15:45:07.088,1.55594,1.55625,1.50,1.35
2013.02.27 15:45:08.121,1.55594,1.55625,1.50,1.35
2013.02.27 15:45:08.399,1.55596,1.55626,1.50,1.35
2013.02.27 15:45:08.518,1.55607,1.55629,1.13,1.95
2013.02.27 15:45:08.637,1.55606,1.55628,1.32,1.50
2013.02.27 15:45:08.698,1.55606,1.5563,1.32,1.35
2013.02.27 15:45:08.818,1.556,1.55631,1.50,1.35
2013.02.27 15:45:09.225,1.556,1.55631,1.50,1.13
2013.02.27 15:45:09.648,1.55597,1.55624,1.17,1.50
2013.02.27 15:45:09.768,1.55595,1.55625,1.50,1.50
2013.02.27 15:45:09.828,1.55595,1.55625,1.50,1.50
2013.02.27 15:45:10.767,1.55596,1.55627,1.50,1.50
2013.02.27 15:45:11.419,1.55596,1.55628,1.50,1.88
2013.02.27 15:45:11.598,1.55595,1.55628,1.92,1.13
2013.02.27 15:45:11.718,1.55593,1.55627,1.17,2.25
2013.02.27 15:45:12.167,1.55591,1.55624,1.50,1.73
2013.02.27 15:45:12.707,1.55587,1.55619,2.44,1.73
2013.02.27 15:45:13.367,1.55583,1.55621,1.92,1.73
2013.02.27 15:45:13.548,1.55593,1.55626,1.69,2.25
2013.02.27 15:45:13.668,1.55593,1.55623,1.69,1.73
2013.02.27 15:45:13.727,1.55591,1.55623,2.07,1.73
2013.02.27 15:45:14.028,1.55594,1.55625,1.50,1.50
2013.02.27 15:45:14.329,1.55596,1.55628,1.73,1.50
2013.02.27 15:45:14.628,1.55593,1.55622,1.50,1.73
2013.02.27 15:45:14.688,1.55593,1.55619,1.50,1.50
2013.02.27 15:45:14.957,1.55589,1.55619,1.17,1.50
2013.02.27 15:45:15.267,1.55589,1.55619,1.17,1.50
2013.02.27 15:45:15.928,1.55596,1.55624,1.13,1.50
2013.02.27 15:45:15.988,1.55596,1.55628,1.13,1.73
2013.02.27 15:45:16.048,1.55596,1.55628,1.13,1.73
2013.02.27 15:45:17.674,1.55596,1.55628,1.54,2.63
2013.02.27 15:45:18.357,1.55592,1.55625,1.54,1.50
2013.02.27 15:45:18.538,1.55578,1.55601,4.50,1.69
2013.02.27 15:45:18.598,1.55582,1.55601,1.50,1.69
2013.02.27 15:45:18.659,1.55575,1.556,1.73,1.69
2013.02.27 15:45:20.266,1.55569,1.55602,2.10,1.50
2013.02.27 15:45:20.636,1.55572,1.55602,1.13,1.50
2013.02.27 15:45:22.058,1.55573,1.55599,1.13,1.50
2013.02.27 15:45:22.359,1.55577,1.55605,1.32,1.13
2013.02.27 15:45:22.479,1.55577,1.5561,2.07,2.10
2013.02.27 15:45:22.982,1.55578,1.55609,1.69,1.35
2013.02.27 15:45:23.488,1.55578,1.5561,1.73,1.13
2013.02.27 15:45:24.668,1.55581,1.55614,2.25,2.63
2013.02.27 15:45:24.788,1.55586,1.55611,1.13,1.50
2013.02.27 15:45:25.067,1.55586,1.55613,1.13,1.69
2013.02.27 15:45:25.679,1.55586,1.55614,1.13,1.69
2013.02.27 15:45:27.148,1.55599,1.55615,1.50,1.50
2013.02.27 15:45:27.328,1.55598,1.55623,1.88,1.13
2013.02.27 15:45:27.388,1.55598,1.55623,1.50,1.13
2013.02.27 15:45:27.522,1.55592,1.55622,1.13,1.35
2013.02.27 15:45:27.590,1.55589,1.55624,1.50,1.35
2013.02.27 15:45:27.888,1.55592,1.55619,1.17,1.13
2013.02.27 15:45:28.009,1.55587,1.55618,1.13,1.50
2013.02.27 15:45:28.189,1.55587,1.55619,1.13,1.13
2013.02.27 15:45:28.368,1.55586,1.55621,1.17,1.13
2013.02.27 15:45:29.878,1.55588,1.55624,1.92,1.88
2013.02.27 15:45:30.099,1.55593,1.55619,1.17,1.13
2013.02.27 15:45:31.918,1.55589,1.55621,1.17,1.13
2013.02.27 15:45:36.510,1.55594,1.55624,1.50,1.13
2013.02.27 15:45:36.868,1.55595,1.5562,1.69,1.50
2013.02.27 15:45:37.048,1.55589,1.55617,1.73,2.03
2013.02.27 15:45:37.472,1.55587,1.55614,1.13,1.17
2013.02.27 15:45:37.770,1.5558,1.55608,1.50,1.28
2013.02.27 15:45:37.891,1.55581,1.55609,1.50,1.28
2013.02.27 15:45:38.390,1.55586,1.55616,1.13,2.78
2013.02.27 15:45:38.692,1.55586,1.55619,1.88,1.35
2013.02.27 15:45:38.760,1.55586,1.55619,2.10,1.13
2013.02.27 15:45:39.138,1.55586,1.55622,2.10,1.13
2013.02.27 15:45:39.198,1.55593,1.55622,1.32,1.50
2013.02.27 15:45:39.378,1.55599,1.55629,1.28,1.50
2013.02.27 15:45:39.498,1.55599,1.55627,1.50,1.13
2013.02.27 15:45:40.278,1.55597,1.55631,2.48,1.13
2013.02.27 15:45:40.629,1.55597,1.55633,2.48,1.88
2013.02.27 15:45:41.280,1.55598,1.55633,1.73,1.88
2013.02.27 15:45:43.368,1.55602,1.5563,1.17,1.13
2013.02.27 15:45:43.548,1.55594,1.55628,1.73,1.50
2013.02.27 15:45:44.369,1.55594,1.55632,2.48,1.73
2013.02.27 15:45:44.491,1.55598,1.5563,1.73,1.50
2013.02.27 15:45:44.607,1.55601,1.5563,1.17,1.13
2013.02.27 15:45:44.979,1.55601,1.55633,1.17,1.88
2013.02.27 15:45:45.100,1.55601,1.5563,1.17,1.13
2013.02.27 15:45:45.482,1.55598,1.55629,1.17,1.50
2013.02.27 15:45:45.545,1.55598,1.55627,1.17,1.50
2013.02.27 15:45:45.668,1.55597,1.55625,1.73,1.13
2013.02.27 15:45:46.009,1.55596,1.55625,1.73,1.13
2013.02.27 15:45:46.349,1.55593,1.55627,1.17,1.13
2013.02.27 15:45:47.561,1.55592,1.55627,2.48,1.13
2013.02.27 15:45:48.127,1.55592,1.55627,2.82,1.13
2013.02.27 15:45:48.429,1.55597,1.55626,1.35,1.13
2013.02.27 15:45:48.668,1.55596,1.55625,1.73,1.13
2013.02.27 15:45:49.228,1.55595,1.55629,1.73,1.13
2013.02.27 15:45:50.138,1.55593,1.55629,1.17,1.13
2013.02.27 15:45:50.639,1.55594,1.55632,1.17,1.13
2013.02.27 15:45:51.057,1.55598,1.55634,2.25,1.13
2013.02.27 15:45:51.577,1.55599,1.55634,1.73,1.13
2013.02.27 15:45:51.851,1.55599,1.55636,1.73,1.13
2013.02.27 15:45:51.980,1.55611,1.55633,1.13,1.50
2013.02.27 15:45:52.039,1.55611,1.55642,1.32,1.35
2013.02.27 15:45:52.278,1.55612,1.55645,1.50,1.35
2013.02.27 15:45:54.401,1.55612,1.55642,1.17,1.88
2013.02.27 15:45:54.518,1.55611,1.5564,1.17,1.50
2013.02.27 15:45:54.577,1.55611,1.5564,1.73,1.50
2013.02.27 15:45:55.288,1.55603,1.55637,1.73,1.13
2013.02.27 15:45:57.418,1.55612,1.55643,1.50,1.35
2013.02.27 15:45:57.478,1.55612,1.55646,2.10,1.13
2013.02.27 15:45:57.658,1.55613,1.55643,1.73,1.13
2013.02.27 15:45:58.637,1.5561,1.55648,1.73,1.88
2013.02.27 15:45:58.818,1.55617,1.55646,1.73,1.13
2013.02.27 15:45:58.940,1.55611,1.55645,2.67,1.50
2013.02.27 15:45:59.957,1.55611,1.55647,1.92,1.35
2013.02.27 15:46:00.587,1.55619,1.55646,1.50,1.13
2013.02.27 15:46:01.829,1.55609,1.55647,1.73,3.38
2013.02.27 15:46:02.188,1.55609,1.5564,1.73,1.13
2013.02.27 15:46:02.488,1.55602,1.55624,1.13,1.50
2013.02.27 15:46:02.669,1.55597,1.55622,1.13,2.25
2013.02.27 15:46:03.029,1.55588,1.55618,1.73,3.38
2013.02.27 15:46:03.088,1.55588,1.55616,1.73,1.50
2013.02.27 15:46:03.208,1.55586,1.55612,1.73,1.88
2013.02.27 15:46:03.787,1.55584,1.55613,1.73,1.88
2013.02.27 15:46:04.558,1.55582,1.55612,1.73,1.13
2013.02.27 15:46:05.099,1.55577,1.55607,2.14,1.50
2013.02.27 15:46:05.277,1.55585,1.55613,1.69,1.13
2013.02.27 15:46:06.859,1.55587,1.55616,1.17,2.63
2013.02.27 15:46:06.918,1.55587,1.55616,1.50,1.88
2013.02.27 15:46:07.338,1.55587,1.55624,2.07,2.63
2013.02.27 15:46:08.090,1.55587,1.55617,2.48,1.13
2013.02.27 15:46:08.448,1.55582,1.55614,2.25,1.50
2013.02.27 15:46:10.556,1.55582,1.55609,2.25,1.50
2013.02.27 15:46:10.858,1.55544,1.55571,4.50,1.32
2013.02.27 15:46:10.918,1.55542,1.55569,1.13,1.32
2013.02.27 15:46:11.508,1.55533,1.5557,2.44,1.35
2013.02.27 15:46:11.688,1.55533,1.5557,2.44,1.35
2013.02.27 15:46:11.808,1.55532,1.55565,1.17,1.50
2013.02.27 15:46:11.927,1.55531,1.55559,1.73,1.50
2013.02.27 15:46:12.060,1.55527,1.55557,1.50,1.69
2013.02.27 15:46:12.578,1.55525,1.55557,1.50,1.69
2013.02.27 15:46:12.938,1.55525,1.55559,2.25,1.73
2013.02.27 15:46:13.378,1.55524,1.55559,1.17,1.50
2013.02.27 15:46:13.618,1.55526,1.55558,3.00,1.17
2013.02.27 15:46:13.798,1.55526,1.55558,3.23,1.69
2013.02.27 15:46:14.158,1.55528,1.55564,2.48,1.50
2013.02.27 15:46:14.859,1.55526,1.55562,2.48,1.50
2013.02.27 15:46:14.978,1.55525,1.55562,2.85,1.13
2013.02.27 15:46:16.648,1.55525,1.5556,2.85,2.89
2013.02.27 15:46:16.707,1.55525,1.55549,1.73,1.50
2013.02.27 15:46:16.768,1.55522,1.5555,1.50,1.50
2013.02.27 15:46:16.888,1.5552,1.55548,1.35,1.50
2013.02.27 15:46:17.190,1.55521,1.55549,1.20,1.50
2013.02.27 15:46:17.309,1.55514,1.55553,2.48,1.69
2013.02.27 15:46:17.679,1.55514,1.55551,1.73,1.88
2013.02.27 15:46:17.857,1.55514,1.55551,2.48,1.88
2013.02.27 15:46:18.101,1.55514,1.55551,2.48,1.88
2013.02.27 15:46:18.669,1.55517,1.55551,1.73,1.88
2013.02.27 15:46:18.728,1.55517,1.55551,1.50,2.63
2013.02.27 15:46:18.848,1.55516,1.55548,1.73,1.50
2013.02.27 15:46:19.868,1.55515,1.55551,1.17,2.48
2013.02.27 15:46:19.988,1.55515,1.55542,1.17,1.50
2013.02.27 15:46:20.107,1.55509,1.55539,1.73,1.50
2013.02.27 15:46:20.167,1.55509,1.55539,1.73,1.50
2013.02.27 15:46:20.648,1.55505,1.55537,1.35,1.09
2013.02.27 15:46:20.708,1.55505,1.55537,1.13,2.82
2013.02.27 15:46:21.008,1.55501,1.55529,1.50,1.73
2013.02.27 15:46:21.348,1.55501,1.55529,1.50,4.50
2013.02.27 15:46:21.708,1.55486,1.55505,2.15,1.50
2013.02.27 15:46:21.948,1.55471,1.55501,1.73,1.50
2013.02.27 15:46:22.613,1.55466,1.55501,1.73,1.73
2013.02.27 15:46:23.125,1.55465,1.55501,2.48,1.73
2013.02.27 15:46:26.448,1.55473,1.55507,1.73,4.88
2013.02.27 15:46:26.688,1.55478,1.55509,1.17,1.13
2013.02.27 15:46:26.928,1.55477,1.55511,1.17,1.50
2013.02.27 15:46:27.168,1.55478,1.55514,1.92,1.13
2013.02.27 15:46:27.469,1.55483,1.55513,1.73,1.13
2013.02.27 15:46:28.007,1.55486,1.55522,1.73,2.25
2013.02.27 15:46:30.367,1.55487,1.55526,1.84,2.48
2013.02.27 15:46:30.548,1.55496,1.55528,1.50,1.50
2013.02.27 15:46:31.180,1.55496,1.55531,1.50,1.73
2013.02.27 15:46:32.408,1.55495,1.55528,2.25,1.73
2013.02.27 15:46:32.587,1.55495,1.55529,2.48,1.50
2013.02.27 15:46:33.127,1.55501,1.55533,1.17,2.67
2013.02.27 15:46:34.158,1.55499,1.55533,1.35,1.73
2013.02.27 15:46:34.468,1.55497,1.55532,1.73,1.50
2013.02.27 15:46:34.528,1.55497,1.55532,1.50,1.50
2013.02.27 15:46:34.707,1.55496,1.55531,4.35,1.50
2013.02.27 15:46:36.161,1.55496,1.55529,2.85,2.25
2013.02.27 15:46:36.674,1.55496,1.55523,1.13,1.50
2013.02.27 15:46:37.183,1.55486,1.55511,1.13,1.50
2013.02.27 15:46:37.749,1.55484,1.55513,1.73,1.50
2013.02.27 15:46:38.198,1.55484,1.55518,1.50,3.00
2013.02.27 15:46:38.440,1.55496,1.55528,1.88,1.35
2013.02.27 15:46:38.858,1.55496,1.5553,1.73,2.25
2013.02.27 15:46:39.359,1.55496,1.55529,1.73,1.50
2013.02.27 15:46:39.868,1.55496,1.55528,1.73,1.50
2013.02.27 15:46:40.180,1.55496,1.55529,1.73,1.50
2013.02.27 15:46:40.358,1.55498,1.55531,1.73,1.50
2013.02.27 15:46:40.717,1.55506,1.55531,1.45,1.50
2013.02.27 15:46:40.778,1.55516,1.55544,1.17,2.25
2013.02.27 15:46:40.957,1.55516,1.55548,1.17,3.75
2013.02.27 15:46:41.168,1.55512,1.55546,1.17,1.50
2013.02.27 15:46:41.288,1.5551,1.55546,3.00,1.73
2013.02.27 15:46:43.897,1.55511,1.55544,1.09,2.48
2013.02.27 15:46:44.078,1.55513,1.55546,1.17,2.48
2013.02.27 15:46:44.628,1.55513,1.55549,1.17,2.48
2013.02.27 15:46:44.937,1.55514,1.55549,1.17,2.25
2013.02.27 15:46:46.397,1.55516,1.55554,1.92,3.23
2013.02.27 15:46:46.938,1.55527,1.55563,2.25,1.73
2013.02.27 15:46:47.369,1.55538,1.55568,1.50,1.50
2013.02.27 15:46:47.548,1.55538,1.55574,2.48,1.73
2013.02.27 15:46:47.729,1.55539,1.55572,1.73,2.25
2013.02.27 15:46:48.250,1.55546,1.55575,1.17,1.50
2013.02.27 15:46:48.688,1.55546,1.55579,1.17,2.74
2013.02.27 15:46:48.807,1.55546,1.55575,1.17,1.50
2013.02.27 15:46:49.078,1.55546,1.55575,1.17,2.25
2013.02.27 15:46:51.648,1.55546,1.5558,1.17,1.35
2013.02.27 15:46:52.008,1.55541,1.55577,1.73,3.00
2013.02.27 15:46:53.008,1.55546,1.55573,1.17,2.25
2013.02.27 15:46:54.459,1.55541,1.55573,1.88,1.50
2013.02.27 15:46:55.188,1.55538,1.5557,2.29,1.50
2013.02.27 15:46:55.428,1.55537,1.5557,1.73,1.50
2013.02.27 15:46:59.459,1.55536,1.55572,2.48,2.48
2013.02.27 15:47:00.460,1.55541,1.55575,1.50,1.13
2013.02.27 15:47:02.520,1.55542,1.55579,1.50,1.73
2013.02.27 15:47:03.090,1.55541,1.55578,1.13,2.48
2013.02.27 15:47:03.839,1.55542,1.55578,1.50,2.48
2013.02.27 15:47:04.139,1.55542,1.55578,1.69,2.48
2013.02.27 15:47:04.382,1.55548,1.55582,1.17,2.25
2013.02.27 15:47:04.438,1.55549,1.55587,2.48,3.23
2013.02.27 15:47:05.101,1.55548,1.55587,1.92,3.00
2013.02.27 15:47:05.278,1.55544,1.55568,1.13,1.69
2013.02.27 15:47:05.458,1.55538,1.55571,1.73,3.19
2013.02.27 15:47:05.577,1.55535,1.55567,1.13,1.73
2013.02.27 15:47:06.899,1.55533,1.55567,1.50,1.73
2013.02.27 15:47:10.468,1.55534,1.55566,1.35,1.50
2013.02.27 15:47:11.008,1.55533,1.55569,1.35,3.00
2013.02.27 15:47:11.128,1.55543,1.55569,1.09,2.25
2013.02.27 15:47:11.488,1.55547,1.5558,2.25,3.46
2013.02.27 15:47:11.548,1.55542,1.5558,1.92,2.10
2013.02.27 15:47:11.608,1.55542,1.5558,1.92,2.10
2013.02.27 15:47:11.909,1.55544,1.55579,1.13,2.48
2013.02.27 15:47:12.158,1.55544,1.55576,1.13,1.50
2013.02.27 15:47:12.859,1.55541,1.55577,1.73,1.50
2013.02.27 15:47:13.151,1.55541,1.55577,1.73,1.50
2013.02.27 15:47:14.788,1.55541,1.55578,1.73,3.00
2013.02.27 15:47:15.189,1.55541,1.55578,1.73,3.23
2013.02.27 15:47:15.488,1.55543,1.55577,1.17,2.25
2013.02.27 15:47:15.668,1.55544,1.55577,1.73,1.50
2013.02.27 15:47:15.847,1.55546,1.55581,1.35,1.88
2013.02.27 15:47:16.877,1.55541,1.55579,2.48,1.09
2013.02.27 15:47:17.058,1.55541,1.55573,1.73,2.25
2013.02.27 15:47:17.117,1.55544,1.55573,1.73,1.50
2013.02.27 15:47:17.478,1.55541,1.55573,1.73,1.50
2013.02.27 15:47:17.658,1.55539,1.55573,2.10,1.50
2013.02.27 15:47:17.838,1.55539,1.55573,1.35,1.50
2013.02.27 15:47:18.153,1.55534,1.55572,2.85,1.50
2013.02.27 15:47:19.381,1.55541,1.55573,1.50,3.23
2013.02.27 15:47:19.619,1.55541,1.55577,1.73,2.63
2013.02.27 15:47:19.738,1.55541,1.55575,1.13,2.48
2013.02.27 15:47:19.857,1.55538,1.55574,1.73,1.73
2013.02.27 15:47:22.867,1.55538,1.55575,1.63,1.50
2013.02.27 15:47:22.928,1.55541,1.55576,1.32,2.25
2013.02.27 15:47:28.478,1.55553,1.55579,1.73,1.50
2013.02.27 15:47:28.658,1.55554,1.55585,1.73,2.25
2013.02.27 15:47:29.460,1.55555,1.55585,1.73,1.50
2013.02.27 15:47:29.579,1.55563,1.55589,1.17,1.50
2013.02.27 15:47:30.609,1.55557,1.55591,1.17,2.25
2013.02.27 15:47:30.728,1.55557,1.55589,1.17,1.50
2013.02.27 15:47:30.788,1.55553,1.55587,1.73,2.25
2013.02.27 15:47:30.908,1.55553,1.55587,1.73,1.73
2013.02.27 15:47:31.148,1.55556,1.5559,1.35,3.98
2013.02.27 15:47:31.269,1.55556,1.5559,1.35,3.23
2013.02.27 15:47:31.628,1.55551,1.55589,2.67,2.25
2013.02.27 15:47:34.024,1.55552,1.55584,2.48,1.50
2013.02.27 15:47:34.151,1.55551,1.55583,2.25,2.25
2013.02.27 15:47:34.497,1.55543,1.55581,1.17,2.44
2013.02.27 15:47:34.700,1.55542,1.55578,1.35,1.69
2013.02.27 15:47:34.758,1.55542,1.55575,1.13,1.73
2013.02.27 15:47:37.387,1.55537,1.55572,2.10,1.73
2013.02.27 15:47:37.507,1.55536,1.55565,1.50,1.50
2013.02.27 15:47:37.688,1.55533,1.55566,1.54,1.13
2013.02.27 15:47:38.470,1.55533,1.55569,2.10,1.50
2013.02.27 15:47:38.648,1.55534,1.55569,2.10,1.50
2013.02.27 15:47:38.708,1.55534,1.55569,1.88,1.73
2013.02.27 15:47:40.513,1.55536,1.55568,1.17,3.00
2013.02.27 15:47:42.158,1.55537,1.5557,1.17,3.00
2013.02.27 15:47:42.339,1.55533,1.5557,1.35,1.69
2013.02.27 15:47:44.118,1.55534,1.55567,1.13,1.13
2013.02.27 15:47:45.209,1.55534,1.55567,1.13,1.13
2013.02.27 15:47:45.568,1.55534,1.55566,1.13,1.50
2013.02.27 15:47:46.409,1.55528,1.55559,1.17,1.50
2013.02.27 15:47:46.828,1.55525,1.55558,1.73,1.50
2013.02.27 15:47:47.178,1.55517,1.55549,1.73,1.50
2013.02.27 15:47:47.298,1.55519,1.55549,1.35,1.69
2013.02.27 15:47:47.419,1.55519,1.55556,1.73,3.79
2013.02.27 15:47:47.478,1.55521,1.55556,1.32,4.35
2013.02.27 15:47:47.898,1.55529,1.55558,1.17,2.25
2013.02.27 15:47:48.099,1.55529,1.55558,1.17,3.00
2013.02.27 15:47:51.150,1.55529,1.55554,1.17,1.50
2013.02.27 15:47:51.705,1.55524,1.55554,1.35,2.25
2013.02.27 15:47:54.930,1.55521,1.55552,1.35,1.50
2013.02.27 15:47:55.050,1.55518,1.55551,1.35,1.50
2013.02.27 15:47:55.407,1.55515,1.55551,1.92,1.32
2013.02.27 15:47:55.468,1.55516,1.55546,1.50,2.44
2013.02.27 15:47:55.708,1.55516,1.55547,1.50,1.69
2013.02.27 15:48:01.789,1.55515,1.55542,2.25,1.50
2013.02.27 15:48:02.164,1.55507,1.55538,1.13,1.69
2013.02.27 15:48:02.228,1.55507,1.55541,1.69,1.50
2013.02.27 15:48:02.408,1.55513,1.55542,1.50,1.50
2013.02.27 15:48:02.948,1.55514,1.55547,1.69,2.25
2013.02.27 15:48:05.118,1.55514,1.55552,1.69,1.50
2013.02.27 15:48:05.428,1.55514,1.55548,3.38,1.73
2013.02.27 15:48:05.608,1.55516,1.55548,1.50,1.73
2013.02.27 15:48:05.900,1.55514,1.55548,1.50,1.73
2013.02.27 15:48:06.079,1.55514,1.55548,2.82,3.00
2013.02.27 15:48:06.259,1.55511,1.55547,1.69,1.73
2013.02.27 15:48:06.319,1.55511,1.55543,1.69,1.50
2013.02.27 15:48:08.059,1.55511,1.55542,1.88,1.50
2013.02.27 15:48:08.169,1.55511,1.55543,1.88,1.50
2013.02.27 15:48:08.608,1.55513,1.55543,1.50,1.50
2013.02.27 15:48:09.147,1.55517,1.55556,1.17,2.48
2013.02.27 15:48:09.458,1.55516,1.55551,2.10,2.25
2013.02.27 15:48:09.638,1.55515,1.55553,4.13,2.10
2013.02.27 15:48:09.759,1.55515,1.55554,2.44,1.73
2013.02.27 15:48:09.939,1.55518,1.55554,1.17,1.50
2013.02.27 15:48:10.000,1.55521,1.55551,1.50,2.25
2013.02.27 15:48:10.418,1.5552,1.55554,3.38,2.25
2013.02.27 15:48:10.950,1.5552,1.55554,2.82,2.25
2013.02.27 15:48:11.208,1.55514,1.55551,3.57,1.50
2013.02.27 15:48:12.158,1.55512,1.55551,1.69,2.48
2013.02.27 15:48:12.688,1.55517,1.5555,1.92,2.25
2013.02.27 15:48:13.249,1.55513,1.55551,1.69,2.48
2013.02.27 15:48:17.378,1.55513,1.55551,1.69,3.98
2013.02.27 15:48:17.859,1.55516,1.55552,1.28,2.48
2013.02.27 15:48:21.871,1.5552,1.55555,1.69,2.85
2013.02.27 15:48:22.108,1.55532,1.55557,1.09,1.50
2013.02.27 15:48:22.169,1.55532,1.5556,1.28,1.73
2013.02.27 15:48:23.689,1.55526,1.55559,1.17,2.25
2013.02.27 15:48:23.928,1.55526,1.55558,1.35,1.50
2013.02.27 15:48:24.128,1.55526,1.55558,1.35,1.50
2013.02.27 15:48:25.088,1.55525,1.55559,1.17,1.09
2013.02.27 15:48:25.208,1.55522,1.55549,1.73,1.50
2013.02.27 15:48:25.570,1.55517,1.55552,1.73,1.69
2013.02.27 15:48:26.379,1.55515,1.55547,1.89,1.50
2013.02.27 15:48:26.813,1.55514,1.55551,1.35,1.69
2013.02.27 15:48:27.288,1.55514,1.55543,2.10,1.50
2013.02.27 15:48:27.648,1.55489,1.55521,1.13,4.66
2013.02.27 15:48:27.709,1.55488,1.55509,1.13,1.28
2013.02.27 15:48:28.097,1.5548,1.55509,1.13,1.13
2013.02.27 15:48:29.618,1.55476,1.5551,1.92,1.13
2013.02.27 15:48:29.749,1.55476,1.55511,1.92,1.17
2013.02.27 15:48:29.889,1.55476,1.55511,1.92,1.17
2013.02.27 15:48:30.088,1.55478,1.55513,1.92,1.28
2013.02.27 15:48:30.268,1.55481,1.55517,1.88,1.17
2013.02.27 15:48:30.389,1.55481,1.55517,1.88,1.17
2013.02.27 15:48:30.733,1.55481,1.55519,2.85,1.69
2013.02.27 15:48:31.158,1.55486,1.55522,1.73,4.50
2013.02.27 15:48:31.638,1.55488,1.55527,1.35,1.92
2013.02.27 15:48:31.878,1.55488,1.55523,2.10,1.69
2013.02.27 15:48:32.179,1.55486,1.5552,1.13,1.17
2013.02.27 15:48:33.218,1.55489,1.55519,1.50,1.73
2013.02.27 15:48:33.579,1.55485,1.55517,1.13,1.17
2013.02.27 15:48:33.818,1.55485,1.55521,2.25,1.92
2013.02.27 15:48:33.988,1.55485,1.55521,3.00,1.92
2013.02.27 15:48:35.389,1.55485,1.55521,1.50,1.92
2013.02.27 15:48:35.899,1.5549,1.55523,1.50,1.73
2013.02.27 15:48:36.020,1.55491,1.55526,2.48,1.17
2013.02.27 15:48:36.501,1.5549,1.55528,2.48,1.17
2013.02.27 15:48:36.858,1.55494,1.55532,1.73,1.17
2013.02.27 15:48:37.439,1.55491,1.55526,2.48,1.17
2013.02.27 15:48:37.619,1.5549,1.55525,1.35,1.32
2013.02.27 15:48:38.590,1.5549,1.55527,2.85,1.17
2013.02.27 15:48:40.888,1.555,1.55534,1.58,1.35
2013.02.27 15:48:41.473,1.55498,1.55533,1.69,1.35
2013.02.27 15:48:41.798,1.55497,1.5553,1.13,1.73
2013.02.27 15:48:45.458,1.55498,1.55534,2.82,1.73
2013.02.27 15:48:45.998,1.555,1.55533,1.50,1.73
2013.02.27 15:48:46.179,1.555,1.55533,1.50,1.73
2013.02.27 15:48:49.908,1.555,1.55535,1.69,1.35
2013.02.27 15:48:49.969,1.55503,1.55538,1.17,1.13
2013.02.27 15:48:50.388,1.55504,1.55539,1.17,2.10
2013.02.27 15:48:51.117,1.55512,1.55541,1.17,1.50
2013.02.27 15:48:51.238,1.55507,1.5554,1.73,2.44
2013.02.27 15:48:52.118,1.55501,1.55539,2.85,1.50
2013.02.27 15:48:52.658,1.55498,1.55529,2.10,1.50
2013.02.27 15:48:52.898,1.55499,1.55527,1.13,1.28
2013.02.27 15:48:52.958,1.55499,1.55525,1.13,1.50
2013.02.27 15:48:53.838,1.55495,1.55527,1.73,1.28
2013.02.27 15:48:53.898,1.55495,1.55526,1.50,1.69
2013.02.27 15:48:54.522,1.55489,1.55526,1.92,3.57
2013.02.27 15:48:54.830,1.55484,1.55516,1.50,1.50
2013.02.27 15:48:55.387,1.55484,1.55517,1.50,2.48
2013.02.27 15:48:55.938,1.5548,1.55498,1.73,1.50
2013.02.27 15:48:56.058,1.55477,1.55499,1.88,1.50
2013.02.27 15:48:56.118,1.55469,1.55499,1.13,1.50
2013.02.27 15:48:56.238,1.55468,1.55502,1.50,1.73
2013.02.27 15:48:56.358,1.55468,1.55502,1.50,1.73
2013.02.27 15:48:56.658,1.55466,1.55503,1.69,1.73
2013.02.27 15:48:56.838,1.5547,1.55503,1.50,1.73
2013.02.27 15:48:57.398,1.55472,1.55509,1.50,1.68
2013.02.27 15:48:57.639,1.55475,1.5551,4.54,2.25
2013.02.27 15:48:58.198,1.55481,1.55513,1.92,1.50
2013.02.27 15:48:58.438,1.55487,1.55517,1.50,2.48
2013.02.27 15:48:58.758,1.55487,1.55519,1.50,3.00
2013.02.27 15:48:58.879,1.55486,1.55517,2.25,1.50
2013.02.27 15:48:59.238,1.55487,1.55519,1.50,2.48
2013.02.27 15:49:01.559,1.55489,1.55526,1.50,1.35
2013.02.27 15:49:04.288,1.5549,1.55518,3.75,1.50
2013.02.27 15:49:04.648,1.55477,1.55503,1.73,1.50
2013.02.27 15:49:04.708,1.55477,1.55508,1.50,1.50
2013.02.27 15:49:04.888,1.55471,1.55506,3.00,1.50
2013.02.27 15:49:06.418,1.55471,1.55498,1.50,1.50
2013.02.27 15:49:06.717,1.55468,1.55505,1.69,2.63
2013.02.27 15:49:08.698,1.55468,1.55506,1.69,2.25
2013.02.27 15:49:09.918,1.55472,1.55504,1.73,1.50
2013.02.27 15:49:10.792,1.55472,1.55504,1.50,1.50
2013.02.27 15:49:11.294,1.55467,1.55499,3.19,1.50
2013.02.27 15:49:11.839,1.55467,1.55503,3.00,1.73
2013.02.27 15:49:11.958,1.55472,1.55505,1.50,1.17
2013.02.27 15:49:12.138,1.55471,1.55505,2.48,1.17
2013.02.27 15:49:13.408,1.55472,1.55503,1.69,1.50
2013.02.27 15:49:13.711,1.55468,1.55489,1.73,1.05
2013.02.27 15:49:13.889,1.55452,1.55484,1.73,1.50
2013.02.27 15:49:14.129,1.55447,1.5548,2.07,1.50
2013.02.27 15:49:15.378,1.55449,1.5548,1.50,1.73
2013.02.27 15:49:15.954,1.55455,1.55485,1.50,1.73
2013.02.27 15:49:16.900,1.55455,1.55485,1.50,1.73
2013.02.27 15:49:17.198,1.55455,1.55485,1.50,1.73
2013.02.27 15:49:17.721,1.55456,1.55487,1.50,1.35
2013.02.27 15:49:17.898,1.55455,1.55487,1.50,1.73
2013.02.27 15:49:18.899,1.55451,1.5548,1.50,1.73
2013.02.27 15:49:19.520,1.55446,1.5548,1.50,1.73
2013.02.27 15:49:19.638,1.55447,1.55479,1.50,1.73
2013.02.27 15:49:19.840,1.55448,1.55477,1.17,1.50
2013.02.27 15:49:20.078,1.55457,1.55482,1.13,1.88
2013.02.27 15:49:20.638,1.55454,1.55487,1.73,2.25
2013.02.27 15:49:21.149,1.55452,1.55485,1.17,3.00
2013.02.27 15:49:22.369,1.55452,1.55483,2.25,1.50
2013.02.27 15:49:22.728,1.55452,1.55484,2.25,1.73
2013.02.27 15:49:22.788,1.55452,1.55488,1.69,2.10
2013.02.27 15:49:22.848,1.55452,1.55488,1.92,1.73
2013.02.27 15:49:24.162,1.55461,1.55491,1.69,1.50
2013.02.27 15:49:25.048,1.55453,1.55489,1.13,1.73
2013.02.27 15:49:25.228,1.55451,1.55481,3.00,1.50
2013.02.27 15:49:25.588,1.55447,1.55476,1.73,1.50
2013.02.27 15:49:26.149,1.5544,1.55475,1.35,1.50
2013.02.27 15:49:26.268,1.55438,1.5547,2.67,1.50
2013.02.27 15:49:26.818,1.5544,1.55468,2.25,1.50
2013.02.27 15:49:26.958,1.55442,1.55476,2.07,2.10
2013.02.27 15:49:27.389,1.55443,1.55471,1.17,1.50
2013.02.27 15:49:27.630,1.55442,1.55474,1.69,1.73
2013.02.27 15:49:27.690,1.55442,1.55478,1.92,1.73
2013.02.27 15:49:27.869,1.55442,1.55478,1.92,1.73
2013.02.27 15:49:28.230,1.55442,1.5547,1.73,1.50
2013.02.27 15:49:28.291,1.55444,1.5547,1.50,1.73
2013.02.27 15:49:28.652,1.55451,1.55474,1.69,1.73
2013.02.27 15:49:28.720,1.55472,1.55499,1.69,2.25
2013.02.27 15:49:28.969,1.55485,1.55501,1.50,1.50
2013.02.27 15:49:29.028,1.55485,1.55505,1.69,4.50
2013.02.27 15:49:29.152,1.55492,1.55513,1.50,1.13
2013.02.27 15:49:29.208,1.55491,1.55521,1.69,1.50
2013.02.27 15:49:29.388,1.55494,1.55528,1.69,1.35
2013.02.27 15:49:29.448,1.55492,1.5553,1.92,1.35
2013.02.27 15:49:29.632,1.55492,1.55533,1.17,1.73
2013.02.27 15:49:31.088,1.55493,1.55523,1.69,1.50
2013.02.27 15:49:31.448,1.55477,1.55505,1.13,1.50
2013.02.27 15:49:31.750,1.5547,1.55506,1.13,1.92
2013.02.27 15:49:31.990,1.55463,1.55501,1.13,1.92
2013.02.27 15:49:32.108,1.55463,1.55501,1.13,1.92
2013.02.27 15:49:32.648,1.55458,1.55495,1.88,1.73
2013.02.27 15:49:32.948,1.55458,1.55493,1.88,1.17
2013.02.27 15:49:33.128,1.55458,1.55493,1.13,1.17
2013.02.27 15:49:33.672,1.55459,1.55494,1.13,1.17
2013.02.27 15:49:34.609,1.55459,1.55494,1.13,1.17
2013.02.27 15:49:35.548,1.55459,1.55499,2.82,1.17
2013.02.27 15:49:35.910,1.55466,1.55501,1.50,1.35
2013.02.27 15:49:36.743,1.55466,1.55502,3.42,2.25
2013.02.27 15:49:36.938,1.55472,1.55512,1.92,2.25
2013.02.27 15:49:39.178,1.55476,1.55515,2.44,1.50
2013.02.27 15:49:39.479,1.55473,1.55516,1.17,3.98
2013.02.27 15:49:39.806,1.55475,1.55515,1.69,1.73
2013.02.27 15:49:40.169,1.55476,1.55513,1.13,1.73
2013.02.27 15:49:40.229,1.55473,1.55509,1.50,1.43
2013.02.27 15:49:40.709,1.55467,1.55501,3.57,2.48
2013.02.27 15:49:41.511,1.55462,1.55501,1.69,4.35
2013.02.27 15:49:42.138,1.55462,1.55501,1.69,4.35
2013.02.27 15:49:43.140,1.55466,1.55507,1.50,2.29
2013.02.27 15:49:43.448,1.55468,1.55506,1.69,1.54
2013.02.27 15:49:44.363,1.55466,1.55506,1.69,1.54
2013.02.27 15:49:44.669,1.55469,1.55506,1.69,1.54
2013.02.27 15:49:44.918,1.55469,1.55506,1.69,1.54
2013.02.27 15:49:45.250,1.55467,1.55506,1.69,1.54
2013.02.27 15:49:46.519,1.55467,1.55506,1.69,1.54
2013.02.27 15:49:46.578,1.55469,1.55506,1.69,1.54
2013.02.27 15:49:46.639,1.55471,1.55508,2.25,1.05
2013.02.27 15:49:47.668,1.55475,1.55509,1.50,2.48
2013.02.27 15:49:48.172,1.55476,1.55511,1.50,1.17
2013.02.27 15:49:50.478,1.55476,1.55514,1.50,2.48
2013.02.27 15:49:52.220,1.55479,1.55515,2.25,2.48
2013.02.27 15:49:52.720,1.5548,1.55515,1.50,1.73
2013.02.27 15:49:53.132,1.55479,1.55515,1.50,1.73
2013.02.27 15:49:53.426,1.55479,1.55515,1.50,1.73
2013.02.27 15:49:53.679,1.55479,1.55515,1.50,1.73
2013.02.27 15:49:53.978,1.55484,1.55515,2.25,1.50
2013.02.27 15:49:54.398,1.55491,1.55523,1.50,1.17
2013.02.27 15:49:54.520,1.55488,1.55524,1.17,2.48
2013.02.27 15:49:55.588,1.5549,1.55529,1.69,2.10
2013.02.27 15:49:55.708,1.55495,1.55529,1.17,2.10
2013.02.27 15:49:55.968,1.555,1.55533,1.50,1.35
2013.02.27 15:49:56.489,1.55502,1.55533,1.13,1.35
2013.02.27 15:49:56.938,1.55502,1.55531,1.13,1.35
2013.02.27 15:49:57.698,1.55504,1.55534,1.73,1.50
2013.02.27 15:49:57.939,1.55507,1.55537,1.35,2.63
2013.02.27 15:49:58.001,1.55507,1.55537,1.13,2.63
2013.02.27 15:49:58.059,1.55505,1.55537,1.73,2.25
2013.02.27 15:49:58.418,1.55504,1.55534,1.73,1.50
2013.02.27 15:49:58.736,1.55504,1.55533,1.73,1.50
2013.02.27 15:49:59.041,1.55497,1.55533,1.73,1.50
2013.02.27 15:49:59.398,1.55498,1.55525,1.50,1.35
2013.02.27 15:49:59.459,1.55498,1.5553,1.50,3.60
2013.02.27 15:49:59.578,1.55495,1.55529,1.35,1.73
2013.02.27 15:49:59.709,1.55495,1.55524,1.13,1.73
2013.02.27 15:49:59.952,1.5549,1.55525,1.73,1.50
2013.02.27 15:50:00.019,1.55495,1.55529,1.50,2.85
2013.02.27 15:50:02.810,1.55491,1.5552,1.50,1.17
2013.02.27 15:50:03.222,1.55496,1.55525,1.50,1.13
2013.02.27 15:50:04.238,1.55501,1.55535,1.50,2.48
2013.02.27 15:50:04.598,1.55496,1.55533,2.63,1.17
2013.02.27 15:50:06.588,1.55496,1.55533,1.73,1.17
2013.02.27 15:50:06.948,1.55501,1.55537,1.50,1.35
2013.02.27 15:50:07.513,1.55499,1.55536,1.50,1.17
2013.02.27 15:50:10.929,1.55495,1.55535,1.35,1.92
2013.02.27 15:50:12.208,1.55498,1.55527,2.25,1.50
2013.02.27 15:50:12.709,1.55491,1.55522,1.17,1.50
2013.02.27 15:50:13.248,1.55491,1.55522,2.48,1.50
2013.02.27 15:50:13.379,1.55491,1.55522,2.48,1.50
2013.02.27 15:50:13.880,1.55491,1.55522,1.17,1.50
2013.02.27 15:50:13.956,1.55494,1.55522,1.13,2.25
2013.02.27 15:50:18.178,1.55487,1.55521,2.48,1.50
2013.02.27 15:50:18.298,1.55487,1.55521,2.48,1.50
2013.02.27 15:50:19.568,1.55487,1.55521,2.48,1.50
2013.02.27 15:50:19.968,1.55486,1.55521,2.48,1.50
2013.02.27 15:50:20.288,1.5549,1.55522,1.35,1.50
2013.02.27 15:50:20.409,1.55494,1.55522,1.35,2.25
2013.02.27 15:50:20.958,1.55488,1.55521,1.17,1.88
2013.02.27 15:50:21.899,1.5549,1.55526,1.17,1.88
2013.02.27 15:50:21.958,1.55492,1.55526,1.50,1.88
2013.02.27 15:50:22.140,1.55496,1.55526,1.17,2.25
2013.02.27 15:50:22.258,1.55492,1.55526,1.88,1.73
2013.02.27 15:50:23.148,1.55491,1.55519,1.35,1.50
2013.02.27 15:50:23.458,1.55481,1.55516,1.41,1.69
2013.02.27 15:50:23.578,1.55479,1.55516,1.17,1.69
2013.02.27 15:50:23.698,1.55479,1.55515,1.17,2.25
2013.02.27 15:50:24.129,1.55481,1.55515,1.17,3.75
2013.02.27 15:50:24.429,1.55482,1.55516,1.73,1.50
2013.02.27 15:50:26.708,1.55482,1.55514,1.50,4.35
2013.02.27 15:50:27.009,1.55479,1.55514,1.92,1.50
2013.02.27 15:50:27.850,1.55479,1.55511,1.69,1.13
2013.02.27 15:50:27.974,1.55479,1.55512,1.69,1.88
2013.02.27 15:50:28.419,1.55482,1.55511,2.29,1.50
2013.02.27 15:50:29.810,1.55483,1.55515,1.73,3.38
2013.02.27 15:50:30.168,1.5548,1.55508,1.35,2.25
2013.02.27 15:50:33.560,1.55477,1.55513,1.73,3.23
2013.02.27 15:50:33.852,1.55477,1.55504,1.50,1.50
2013.02.27 15:50:33.919,1.55477,1.55504,1.50,1.50
2013.02.27 15:50:34.669,1.55464,1.55496,1.35,1.50
2013.02.27 15:50:34.788,1.55461,1.55488,2.48,1.13
2013.02.27 15:50:34.908,1.5546,1.55489,1.13,1.13
2013.02.27 15:50:35.886,1.55461,1.55488,1.50,2.63
2013.02.27 15:50:36.009,1.55462,1.55489,1.73,2.63
2013.02.27 15:50:36.528,1.55462,1.55492,1.73,2.25
2013.02.27 15:50:37.549,1.55463,1.55497,1.69,1.50
2013.02.27 15:50:37.908,1.5547,1.55504,1.50,1.05
2013.02.27 15:50:37.969,1.5547,1.55504,1.50,1.73
2013.02.27 15:50:38.066,1.5547,1.55503,1.50,1.50
2013.02.27 15:50:38.248,1.55472,1.55502,1.58,2.25
2013.02.27 15:50:38.842,1.55473,1.55507,1.69,3.23
2013.02.27 15:50:40.100,1.55472,1.55508,1.17,3.23
2013.02.27 15:50:40.160,1.55473,1.55508,1.50,3.23
2013.02.27 15:50:40.618,1.55472,1.55508,1.92,3.98
2013.02.27 15:50:40.939,1.55469,1.55502,1.92,1.50
2013.02.27 15:50:41.445,1.55471,1.55501,1.32,1.50
2013.02.27 15:50:41.509,1.55471,1.55501,1.32,2.25
2013.02.27 15:50:43.219,1.55464,1.55501,1.13,1.73
2013.02.27 15:50:43.278,1.55465,1.55497,1.13,1.50
2013.02.27 15:50:43.810,1.55464,1.55496,1.13,1.50
2013.02.27 15:50:45.490,1.5546,1.55491,1.69,2.25
2013.02.27 15:50:46.360,1.55456,1.55492,1.35,2.48
2013.02.27 15:50:46.419,1.55454,1.55485,2.10,1.50
2013.02.27 15:50:46.539,1.55454,1.55485,1.88,1.50
2013.02.27 15:50:47.049,1.55452,1.55484,1.73,1.50
2013.02.27 15:50:47.894,1.55452,1.55485,1.28,1.50
2013.02.27 15:50:47.965,1.55452,1.55485,1.28,1.50
2013.02.27 15:50:48.063,1.55452,1.55485,1.28,1.50
2013.02.27 15:50:49.419,1.55457,1.55493,1.69,3.23
2013.02.27 15:50:49.659,1.55457,1.55489,3.04,1.50
2013.02.27 15:50:50.649,1.55456,1.55493,3.04,2.48
2013.02.27 15:50:51.213,1.55456,1.55489,1.32,1.73
2013.02.27 15:50:52.310,1.55456,1.5549,1.13,1.73
2013.02.27 15:50:54.889,1.55456,1.5549,1.13,1.73
2013.02.27 15:50:55.879,1.55461,1.55493,2.25,1.73
2013.02.27 15:50:57.088,1.55461,1.55499,3.79,3.23
2013.02.27 15:50:57.208,1.55462,1.555,1.17,1.73
2013.02.27 15:50:57.268,1.55466,1.55499,1.50,1.73
2013.02.27 15:50:57.850,1.55467,1.55499,1.50,1.50
2013.02.27 15:50:59.061,1.55466,1.55503,2.07,2.25
2013.02.27 15:50:59.570,1.55466,1.55502,2.07,2.25
2013.02.27 15:51:00.439,1.55471,1.55503,1.73,2.25
2013.02.27 15:51:00.978,1.55472,1.55508,1.73,1.58
2013.02.27 15:51:01.659,1.55472,1.55505,1.73,2.25
2013.02.27 15:51:03.749,1.55479,1.55512,1.50,2.25
2013.02.27 15:51:03.929,1.55483,1.55514,1.73,2.25
2013.02.27 15:51:04.168,1.55483,1.55517,1.73,2.25
2013.02.27 15:51:05.430,1.55481,1.55517,1.17,2.48
2013.02.27 15:51:06.054,1.55482,1.55514,1.50,1.50
2013.02.27 15:51:06.198,1.55483,1.55519,1.50,1.80
2013.02.27 15:51:07.200,1.5548,1.55517,1.73,2.25
2013.02.27 15:51:09.418,1.55479,1.55514,1.88,2.25
2013.02.27 15:51:11.431,1.55482,1.55518,1.50,1.73
2013.02.27 15:51:13.090,1.55482,1.55517,1.73,2.25
2013.02.27 15:51:13.453,1.55479,1.55517,1.35,2.25
2013.02.27 15:51:13.579,1.5548,1.55517,1.73,2.25
2013.02.27 15:51:13.639,1.5548,1.55516,1.73,1.50
2013.02.27 15:51:13.699,1.5548,1.55515,1.73,1.50
2013.02.27 15:51:13.760,1.5548,1.55515,1.73,1.50
2013.02.27 15:51:14.008,1.5548,1.55515,1.73,1.50
2013.02.27 15:51:14.528,1.5548,1.55515,1.73,1.50
2013.02.27 15:51:15.166,1.5548,1.55515,1.73,1.50
2013.02.27 15:51:27.168,1.55484,1.55513,1.09,1.73
2013.02.27 15:51:27.529,1.55487,1.55512,1.17,1.50
2013.02.27 15:51:27.588,1.55481,1.55512,1.50,1.50
2013.02.27 15:51:28.149,1.5548,1.55517,2.59,1.17
2013.02.27 15:51:28.268,1.55491,1.55521,1.50,1.35
2013.02.27 15:51:28.329,1.55491,1.55518,1.50,1.13
2013.02.27 15:51:29.579,1.55486,1.55517,1.73,1.50
2013.02.27 15:51:29.872,1.55487,1.55517,2.25,1.50
2013.02.27 15:51:32.857,1.55487,1.55521,1.73,1.50
2013.02.27 15:51:33.179,1.55494,1.55523,2.48,1.50
2013.02.27 15:51:34.288,1.55494,1.55523,1.73,1.50
2013.02.27 15:51:34.409,1.55495,1.5552,1.50,1.50
2013.02.27 15:51:34.648,1.5549,1.55523,1.50,1.50
2013.02.27 15:51:35.128,1.55494,1.55526,1.73,3.00
2013.02.27 15:51:36.999,1.55495,1.55525,1.73,1.50
2013.02.27 15:51:37.120,1.55495,1.55527,1.73,2.25
2013.02.27 15:51:37.179,1.55494,1.55523,1.73,4.50
2013.02.27 15:51:37.489,1.55492,1.55514,1.50,1.50
2013.02.27 15:51:37.909,1.55491,1.55519,1.50,2.25
2013.02.27 15:51:38.028,1.5549,1.55511,1.50,1.50
2013.02.27 15:51:38.209,1.55494,1.55524,1.50,2.63
2013.02.27 15:51:38.329,1.55494,1.55524,1.50,2.63
2013.02.27 15:51:38.689,1.55492,1.55523,1.50,1.50
2013.02.27 15:51:38.928,1.55491,1.55524,1.50,1.50
2013.02.27 15:51:39.833,1.55506,1.55533,1.50,1.50
2013.02.27 15:51:39.958,1.55496,1.55525,1.50,2.48
2013.02.27 15:51:40.138,1.55494,1.55525,1.13,1.73
2013.02.27 15:51:40.198,1.55494,1.55526,1.13,1.73
2013.02.27 15:51:40.709,1.55492,1.55524,2.25,1.50
2013.02.27 15:51:41.070,1.55492,1.55522,1.73,1.50
2013.02.27 15:51:41.131,1.55493,1.55519,1.73,1.50
2013.02.27 15:51:41.189,1.55502,1.55523,1.50,1.50
2013.02.27 15:51:41.248,1.55502,1.55532,2.25,2.25
2013.02.27 15:51:41.308,1.55494,1.55529,1.50,1.69
2013.02.27 15:51:41.428,1.55494,1.55524,1.50,1.50
2013.02.27 15:51:42.428,1.55502,1.5553,1.50,1.73
2013.02.27 15:51:42.488,1.55506,1.55533,1.50,1.50
2013.02.27 15:51:42.548,1.55505,1.55533,1.50,1.13
2013.02.27 15:51:42.668,1.55502,1.55533,1.50,1.88
2013.02.27 15:51:42.728,1.55499,1.55528,1.50,1.50
2013.02.27 15:51:42.908,1.55497,1.55527,1.50,1.50
2013.02.27 15:51:42.968,1.55494,1.55527,1.13,2.44
2013.02.27 15:51:44.189,1.55496,1.5553,1.50,1.88
2013.02.27 15:51:44.590,1.55496,1.5553,1.50,1.13
2013.02.27 15:51:44.709,1.5551,1.55538,1.50,2.25
2013.02.27 15:51:44.768,1.55505,1.55538,2.44,1.13
2013.02.27 15:51:44.948,1.55499,1.55537,4.28,2.10
2013.02.27 15:51:46.709,1.5551,1.55538,1.50,2.63
2013.02.27 15:51:49.439,1.55505,1.55537,3.00,1.73
2013.02.27 15:51:49.678,1.55505,1.55536,3.00,1.13
2013.02.27 15:51:49.738,1.5551,1.55538,1.50,2.25
2013.02.27 15:51:50.189,1.55509,1.5554,1.50,1.73
2013.02.27 15:51:50.608,1.55503,1.55538,1.50,1.73
2013.02.27 15:51:50.908,1.555,1.55529,1.17,3.38
2013.02.27 15:51:50.969,1.55487,1.5552,1.67,2.25
2013.02.27 15:51:51.030,1.55491,1.5552,1.35,2.25
2013.02.27 15:51:51.150,1.55484,1.5552,1.73,2.25
2013.02.27 15:51:51.639,1.55488,1.55516,2.48,1.50
2013.02.27 15:51:51.699,1.55485,1.55516,1.73,1.50
2013.02.27 15:51:51.879,1.55484,1.55516,1.35,1.50
2013.02.27 15:51:52.182,1.55481,1.55517,1.17,2.48
2013.02.27 15:51:52.489,1.55481,1.55517,1.17,2.48
2013.02.27 15:51:52.829,1.55481,1.55517,1.17,1.73
2013.02.27 15:51:53.363,1.55484,1.55519,1.73,2.25
2013.02.27 15:51:53.919,1.55489,1.55519,2.10,1.13
2013.02.27 15:51:54.857,1.55489,1.55519,1.35,1.13
2013.02.27 15:51:55.689,1.55482,1.55514,1.73,2.25
2013.02.27 15:51:56.050,1.55473,1.55505,2.10,1.50
2013.02.27 15:51:57.050,1.55471,1.55504,1.50,1.73
2013.02.27 15:51:57.108,1.55469,1.55504,1.50,1.73
2013.02.27 15:51:57.169,1.55468,1.55506,1.50,1.50
2013.02.27 15:51:57.588,1.55469,1.55508,2.25,2.63
2013.02.27 15:51:57.892,1.55471,1.55498,1.50,1.50
2013.02.27 15:51:57.959,1.55466,1.55497,1.73,1.50
2013.02.27 15:51:58.020,1.55466,1.55497,1.35,1.50
2013.02.27 15:51:58.139,1.55465,1.55498,1.35,2.63
2013.02.27 15:51:58.698,1.55474,1.55505,1.50,1.50
2013.02.27 15:51:59.241,1.55472,1.55507,1.69,1.50
2013.02.27 15:51:59.727,1.55473,1.55511,1.73,1.69
2013.02.27 15:52:01.129,1.55473,1.55511,1.73,1.69
2013.02.27 15:52:03.088,1.5547,1.55507,1.35,4.92
2013.02.27 15:52:04.658,1.55466,1.55503,1.73,1.69
2013.02.27 15:52:04.718,1.55468,1.55505,1.73,1.69
2013.02.27 15:52:08.124,1.5547,1.55505,1.17,1.69
2013.02.27 15:52:08.439,1.55464,1.55504,3.60,2.44
2013.02.27 15:52:10.209,1.55465,1.555,2.10,1.50
2013.02.27 15:52:10.879,1.55471,1.55504,1.50,1.73
2013.02.27 15:52:11.118,1.55476,1.55509,1.17,1.50
2013.02.27 15:52:12.408,1.55476,1.55507,1.17,1.50
2013.02.27 15:52:13.119,1.5547,1.55502,1.50,1.50
2013.02.27 15:52:13.181,1.55469,1.55502,1.73,1.50
2013.02.27 15:52:13.359,1.55469,1.55501,1.73,2.25
2013.02.27 15:52:13.898,1.55469,1.55501,1.17,1.50
2013.02.27 15:52:13.958,1.55466,1.55497,1.73,1.50
2013.02.27 15:52:14.969,1.55466,1.55499,1.73,2.44
2013.02.27 15:52:15.288,1.55468,1.55503,1.73,1.13
2013.02.27 15:52:15.529,1.55471,1.55499,1.50,1.50
2013.02.27 15:52:15.649,1.55471,1.55501,1.50,1.73
2013.02.27 15:52:16.009,1.5547,1.55506,1.73,1.13
2013.02.27 15:52:16.749,1.55472,1.55503,1.73,1.13
2013.02.27 15:52:18.284,1.55471,1.55502,1.73,1.13
2013.02.27 15:52:18.472,1.55471,1.55503,1.73,1.13
2013.02.27 15:52:18.770,1.55477,1.55513,1.17,1.13
2013.02.27 15:52:19.248,1.55483,1.55517,2.25,1.13
2013.02.27 15:52:19.308,1.55483,1.55517,2.25,1.50
2013.02.27 15:52:19.441,1.55483,1.55517,2.25,1.50
2013.02.27 15:52:19.501,1.55483,1.55518,1.73,1.13
2013.02.27 15:52:20.038,1.55487,1.55522,1.92,1.13
2013.02.27 15:52:20.688,1.55484,1.55519,2.48,2.25
2013.02.27 15:52:21.418,1.55485,1.55519,1.17,1.50
2013.02.27 15:52:23.123,1.55485,1.55519,1.17,2.25
2013.02.27 15:52:24.638,1.55486,1.55518,2.85,1.50
2013.02.27 15:52:25.178,1.55489,1.55527,1.73,1.35
2013.02.27 15:52:25.637,1.55492,1.55527,1.73,1.50
2013.02.27 15:52:25.998,1.55492,1.55526,1.99,1.50
2013.02.27 15:52:26.120,1.55502,1.55527,1.50,1.50
2013.02.27 15:52:26.299,1.55506,1.55531,1.50,1.73
2013.02.27 15:52:26.988,1.55507,1.55537,1.17,1.13
2013.02.27 15:52:27.051,1.55506,1.55537,1.92,2.44
2013.02.27 15:52:27.588,1.55507,1.55537,1.17,1.50
2013.02.27 15:52:28.510,1.55506,1.55537,1.99,1.50
2013.02.27 15:52:28.748,1.55517,1.55538,1.28,1.50
2013.02.27 15:52:29.108,1.55521,1.55551,1.69,1.73
2013.02.27 15:52:29.299,1.55521,1.55552,1.69,2.48
2013.02.27 15:52:29.855,1.55521,1.55552,1.92,2.25
2013.02.27 15:52:30.479,1.55521,1.55554,1.92,2.25
2013.02.27 15:52:31.489,1.55521,1.55551,1.92,1.50
2013.02.27 15:52:31.908,1.55521,1.55552,1.92,2.25
2013.02.27 15:52:33.968,1.55521,1.55551,1.92,1.50
2013.02.27 15:52:34.569,1.55521,1.5555,1.17,2.25
2013.02.27 15:52:35.079,1.55512,1.55543,1.35,1.50
2013.02.27 15:52:35.201,1.55512,1.55542,1.17,3.00
2013.02.27 15:52:35.719,1.55507,1.55539,1.17,1.50
2013.02.27 15:52:36.238,1.55507,1.5554,1.17,3.42
2013.02.27 15:52:36.979,1.55507,1.55539,1.17,1.32
2013.02.27 15:52:37.149,1.55507,1.55538,1.17,1.32
2013.02.27 15:52:37.637,1.55507,1.55538,1.17,1.50
2013.02.27 15:52:38.139,1.55507,1.55535,1.17,1.50
2013.02.27 15:52:38.348,1.55507,1.55539,1.17,2.25
2013.02.27 15:52:38.649,1.55499,1.55529,1.28,1.13
2013.02.27 15:52:38.708,1.55497,1.55524,1.50,1.50
2013.02.27 15:52:39.191,1.55492,1.55524,1.17,2.25
2013.02.27 15:52:39.251,1.55492,1.55526,1.17,2.44
2013.02.27 15:52:39.309,1.55492,1.55526,1.17,2.78
2013.02.27 15:52:39.428,1.55485,1.55521,1.92,1.50
2013.02.27 15:52:41.328,1.55482,1.55517,1.80,1.50
2013.02.27 15:52:42.669,1.55484,1.55517,1.05,1.50
2013.02.27 15:52:42.729,1.55491,1.5552,1.17,1.50
2013.02.27 15:52:43.323,1.55491,1.55521,1.17,1.50
2013.02.27 15:52:44.173,1.55491,1.55524,1.17,1.69
2013.02.27 15:52:44.239,1.55491,1.55521,1.17,1.69
2013.02.27 15:52:46.160,1.55485,1.55519,2.25,1.50
2013.02.27 15:52:46.724,1.55482,1.55518,1.73,1.50
2013.02.27 15:52:49.789,1.55486,1.55514,1.09,1.50
2013.02.27 15:52:50.360,1.55484,1.55506,2.48,1.50
2013.02.27 15:52:50.539,1.55477,1.55499,1.73,1.50
2013.02.27 15:52:51.049,1.55476,1.55499,1.50,1.50
2013.02.27 15:52:51.589,1.55477,1.55499,3.38,1.50
2013.02.27 15:52:51.789,1.55475,1.55499,1.50,1.50
2013.02.27 15:52:51.908,1.55476,1.55499,1.50,1.50
2013.02.27 15:52:52.090,1.55474,1.55499,1.50,1.50
2013.02.27 15:52:53.858,1.55472,1.55498,1.50,1.50
2013.02.27 15:52:54.039,1.55468,1.55488,1.13,1.50
2013.02.27 15:52:54.219,1.55461,1.55486,1.50,1.50
2013.02.27 15:52:54.279,1.5546,1.55486,1.88,1.50
2013.02.27 15:52:55.429,1.55453,1.55481,3.04,1.50
2013.02.27 15:52:55.609,1.55452,1.55482,1.50,1.50
2013.02.27 15:52:56.337,1.55451,1.55477,1.50,1.50
2013.02.27 15:52:56.868,1.55451,1.55477,1.58,1.50
2013.02.27 15:52:57.229,1.55448,1.55479,1.50,1.50
2013.02.27 15:52:57.368,1.55448,1.55479,1.50,1.50
2013.02.27 15:52:57.669,1.55448,1.55477,1.50,1.50
2013.02.27 15:52:58.159,1.55448,1.55479,1.50,1.50
2013.02.27 15:52:58.600,1.55446,1.55477,1.73,1.50
2013.02.27 15:52:58.909,1.55445,1.55473,2.25,1.50
2013.02.27 15:52:59.678,1.55447,1.55476,1.50,1.50
2013.02.27 15:53:01.039,1.55449,1.5548,1.50,1.13
2013.02.27 15:53:01.279,1.55451,1.55476,1.50,1.50
2013.02.27 15:53:01.626,1.55447,1.55478,2.48,1.50
2013.02.27 15:53:01.749,1.55447,1.55476,1.50,2.48
2013.02.27 15:53:02.289,1.55445,1.5547,3.38,1.50
2013.02.27 15:53:03.570,1.55446,1.5547,1.50,1.50
2013.02.27 15:53:04.151,1.55448,1.55473,1.50,1.50
2013.02.27 15:53:04.450,1.55448,1.55474,1.50,1.50
2013.02.27 15:53:04.750,1.55447,1.55478,1.88,2.25
2013.02.27 15:53:05.109,1.55448,1.55476,1.13,1.13
2013.02.27 15:53:05.900,1.55448,1.55476,1.35,1.13
2013.02.27 15:53:06.020,1.55448,1.55478,1.35,1.88
2013.02.27 15:53:06.199,1.55449,1.5548,1.35,1.13
2013.02.27 15:53:06.320,1.55449,1.55478,1.35,1.50
2013.02.27 15:53:07.409,1.55454,1.5547,3.38,1.50
2013.02.27 15:53:07.532,1.55446,1.55468,1.50,1.50
2013.02.27 15:53:07.650,1.55447,1.5547,1.50,1.50
2013.02.27 15:53:07.770,1.5545,1.55473,1.50,1.50
2013.02.27 15:53:07.950,1.55448,1.55474,1.50,1.50
2013.02.27 15:53:08.009,1.55447,1.55474,1.50,1.50
2013.02.27 15:53:08.581,1.55446,1.55468,1.50,1.50
2013.02.27 15:53:08.789,1.55446,1.55469,1.50,1.50
2013.02.27 15:53:09.060,1.55445,1.55469,1.50,1.50
2013.02.27 15:53:09.309,1.55442,1.55468,3.38,1.50
2013.02.27 15:53:09.490,1.55442,1.55467,3.98,1.69
2013.02.27 15:53:09.730,1.55449,1.55479,1.50,1.73
2013.02.27 15:53:10.204,1.55449,1.55481,1.73,1.13
2013.02.27 15:53:10.939,1.55455,1.55486,1.73,1.13
2013.02.27 15:53:11.780,1.55458,1.55486,1.17,1.13
2013.02.27 15:53:11.839,1.55453,1.55478,1.17,1.50
2013.02.27 15:53:11.899,1.55451,1.55478,3.19,1.50
2013.02.27 15:53:12.199,1.5545,1.55483,1.17,1.50
2013.02.27 15:53:12.439,1.55452,1.55483,2.48,1.88
2013.02.27 15:53:12.679,1.55452,1.55483,2.48,1.13
2013.02.27 15:53:13.540,1.55452,1.55482,1.73,1.13
2013.02.27 15:53:13.620,1.55452,1.55479,1.73,1.50
2013.02.27 15:53:13.799,1.55452,1.55482,1.50,1.13
2013.02.27 15:53:13.860,1.55448,1.55479,2.48,1.50
2013.02.27 15:53:16.159,1.55449,1.55477,1.50,1.13
2013.02.27 15:53:16.429,1.55445,1.55464,2.25,1.50
2013.02.27 15:53:16.489,1.55445,1.55464,2.25,2.25
2013.02.27 15:53:16.849,1.55442,1.55471,1.35,1.13
2013.02.27 15:53:16.909,1.55442,1.5547,1.35,1.13
2013.02.27 15:53:17.149,1.5544,1.55471,1.73,1.50
2013.02.27 15:53:17.209,1.55442,1.55473,1.73,1.50
2013.02.27 15:53:18.349,1.55444,1.55476,1.73,1.13
2013.02.27 15:53:18.851,1.55445,1.55473,1.17,1.80
2013.02.27 15:53:18.969,1.55441,1.55464,1.50,1.50
2013.02.27 15:53:19.149,1.55434,1.55464,1.35,1.69
2013.02.27 15:53:19.669,1.55432,1.5545,1.50,2.93
2013.02.27 15:53:19.730,1.5543,1.5544,1.50,1.09
2013.02.27 15:53:19.791,1.55428,1.55437,1.50,1.50
2013.02.27 15:53:19.909,1.55419,1.55438,1.50,2.07
2013.02.27 15:53:20.031,1.55419,1.55438,1.50,2.07
2013.02.27 15:53:20.391,1.55417,1.55435,1.50,1.73
2013.02.27 15:53:20.449,1.55404,1.55435,2.48,1.73
2013.02.27 15:53:20.570,1.55404,1.55437,2.48,2.85
2013.02.27 15:53:20.630,1.55404,1.55437,2.48,2.85
2013.02.27 15:53:20.690,1.55406,1.55442,1.50,1.35
2013.02.27 15:53:20.929,1.5541,1.55441,1.13,1.35
2013.02.27 15:53:21.109,1.5541,1.55442,2.25,1.35
2013.02.27 15:53:22.079,1.55412,1.55441,2.48,1.13
2013.02.27 15:53:22.139,1.55412,1.55441,2.48,1.88
2013.02.27 15:53:22.199,1.55407,1.5543,1.09,1.50
2013.02.27 15:53:22.259,1.55406,1.5543,2.25,1.50
2013.02.27 15:53:22.319,1.55406,1.55429,2.25,1.50
2013.02.27 15:53:22.679,1.55407,1.55438,1.50,2.10
2013.02.27 15:53:23.146,1.55407,1.5544,1.73,1.13
2013.02.27 15:53:23.399,1.55407,1.55438,2.48,1.50
2013.02.27 15:53:23.472,1.55408,1.55438,1.73,1.50
2013.02.27 15:53:23.999,1.55405,1.55438,1.73,1.50
2013.02.27 15:53:24.319,1.55405,1.55437,1.73,1.50
2013.02.27 15:53:24.639,1.55405,1.55437,1.50,1.50
2013.02.27 15:53:24.899,1.55404,1.55428,2.63,1.50
2013.02.27 15:53:25.454,1.554,1.55428,1.88,1.50
2013.02.27 15:53:28.149,1.554,1.55432,1.13,1.50
2013.02.27 15:53:28.509,1.55403,1.55428,1.13,1.50
2013.02.27 15:53:28.869,1.55405,1.55436,1.35,1.13
2013.02.27 15:53:29.049,1.55409,1.5544,1.73,1.88
2013.02.27 15:53:29.170,1.55409,1.5544,1.73,1.13
2013.02.27 15:53:29.751,1.55409,1.5544,2.48,1.13
2013.02.27 15:53:29.928,1.55409,1.5544,1.73,1.13
2013.02.27 15:53:30.691,1.55424,1.55448,1.50,1.50
2013.02.27 15:53:30.750,1.55424,1.55451,2.25,1.50
2013.02.27 15:53:30.929,1.55426,1.55453,1.50,1.13
2013.02.27 15:53:30.990,1.55426,1.55456,1.73,1.50
2013.02.27 15:53:31.109,1.55426,1.55456,2.48,1.50
2013.02.27 15:53:31.719,1.55428,1.55461,2.48,1.88
2013.02.27 15:53:32.280,1.55428,1.55462,1.73,1.13
2013.02.27 15:53:32.344,1.55428,1.55462,1.73,1.13
2013.02.27 15:53:32.413,1.55428,1.55462,1.73,2.25
2013.02.27 15:53:32.479,1.55428,1.55458,2.48,1.50
2013.02.27 15:53:32.839,1.55428,1.55458,2.25,1.50
2013.02.27 15:53:32.960,1.55428,1.55462,1.73,1.88
2013.02.27 15:53:33.610,1.55429,1.55458,1.73,1.50
2013.02.27 15:53:33.729,1.55428,1.55458,2.25,2.25
2013.02.27 15:53:34.870,1.55428,1.55458,3.00,1.50
2013.02.27 15:53:35.339,1.55428,1.55454,2.25,1.50
2013.02.27 15:53:35.400,1.55428,1.55448,2.25,1.50
2013.02.27 15:53:35.759,1.5542,1.55447,1.88,1.50
2013.02.27 15:53:35.820,1.5542,1.55443,1.88,1.50
2013.02.27 15:53:38.250,1.55418,1.55442,1.50,1.50
2013.02.27 15:53:38.379,1.55419,1.55444,1.50,1.50
2013.02.27 15:53:38.566,1.55419,1.55449,1.50,1.50
2013.02.27 15:53:38.631,1.55419,1.55449,1.50,1.50
2013.02.27 15:53:39.610,1.55419,1.55449,1.50,1.50
2013.02.27 15:53:39.671,1.55419,1.55444,1.50,1.50
2013.02.27 15:53:40.870,1.55413,1.55444,1.50,1.50
2013.02.27 15:53:40.990,1.55412,1.55439,1.50,1.50
2013.02.27 15:53:41.619,1.55406,1.55435,1.73,1.50
2013.02.27 15:53:42.188,1.55401,1.55429,1.09,3.00
2013.02.27 15:53:42.581,1.55399,1.55423,1.05,1.50
2013.02.27 15:53:43.006,1.55397,1.55421,1.05,1.50
2013.02.27 15:53:43.183,1.55399,1.55423,1.05,1.50
2013.02.27 15:53:43.301,1.55399,1.55425,1.05,1.50
2013.02.27 15:53:43.629,1.55402,1.55428,1.65,1.50
2013.02.27 15:53:43.689,1.55402,1.5543,1.65,1.50
2013.02.27 15:53:43.749,1.55409,1.55429,1.50,1.50
2013.02.27 15:53:43.869,1.55414,1.55435,1.50,1.20
2013.02.27 15:53:44.176,1.55429,1.5545,1.50,1.13
2013.02.27 15:53:44.420,1.5543,1.55459,1.50,1.50
2013.02.27 15:53:44.670,1.55432,1.55464,1.50,1.73
2013.02.27 15:53:44.788,1.55438,1.5547,1.50,1.88
2013.02.27 15:53:44.849,1.55434,1.55466,3.00,1.13
2013.02.27 15:53:45.604,1.55434,1.55468,1.73,2.44
2013.02.27 15:53:45.728,1.55434,1.55466,1.73,1.50
2013.02.27 15:53:46.109,1.55434,1.55466,1.88,2.25
2013.02.27 15:53:46.169,1.55439,1.55469,1.50,1.50
2013.02.27 15:53:46.348,1.55439,1.55471,1.50,1.35
2013.02.27 15:53:47.016,1.55439,1.55473,1.50,1.13
2013.02.27 15:53:47.669,1.55443,1.55473,1.73,1.13
2013.02.27 15:53:48.209,1.55441,1.5547,1.35,3.38
2013.02.27 15:53:48.639,1.55433,1.55468,1.73,1.50
2013.02.27 15:53:49.630,1.5543,1.55461,1.17,1.09
2013.02.27 15:53:49.750,1.55423,1.55456,2.48,2.10
2013.02.27 15:53:50.289,1.55417,1.55453,3.30,1.88
2013.02.27 15:53:51.654,1.55418,1.55454,1.17,1.88
2013.02.27 15:53:51.899,1.55422,1.55452,1.69,1.13
2013.02.27 15:53:51.959,1.55424,1.55452,1.17,1.13
2013.02.27 15:53:52.596,1.55426,1.55464,1.73,1.50
2013.02.27 15:53:52.889,1.55426,1.55459,1.73,2.18
2013.02.27 15:53:52.949,1.55426,1.55449,1.73,1.50
2013.02.27 15:53:53.189,1.55426,1.55455,1.17,1.88
2013.02.27 15:53:53.249,1.55431,1.55455,1.17,1.13
2013.02.27 15:53:53.608,1.5543,1.55461,1.17,1.13
2013.02.27 15:53:54.309,1.5543,1.55461,1.17,1.32
2013.02.27 15:53:54.369,1.5543,1.55459,1.17,1.50
2013.02.27 15:53:54.879,1.55422,1.55454,1.73,1.50
2013.02.27 15:53:54.939,1.55422,1.55454,1.73,2.25
2013.02.27 15:53:55.639,1.5542,1.55448,1.73,1.50
2013.02.27 15:53:55.949,1.55413,1.55449,1.50,1.50
2013.02.27 15:53:56.309,1.55414,1.55452,1.73,1.69
2013.02.27 15:53:56.619,1.5542,1.55448,1.50,1.50
2013.02.27 15:53:56.940,1.5542,1.55444,1.50,1.69
2013.02.27 15:53:57.000,1.55413,1.55443,1.69,1.69
2013.02.27 15:53:57.359,1.5542,1.5545,1.69,1.50
2013.02.27 15:53:57.701,1.5542,1.55452,1.69,1.35
2013.02.27 15:53:58.089,1.55427,1.55454,1.17,1.69
2013.02.27 15:53:58.210,1.5542,1.55446,2.27,1.69
2013.02.27 15:53:58.269,1.55414,1.55446,1.88,1.69
2013.02.27 15:53:58.449,1.55414,1.55446,1.13,2.67
2013.02.27 15:53:58.822,1.55408,1.55446,2.10,2.67
2013.02.27 15:53:59.374,1.55408,1.55439,2.25,1.50
2013.02.27 15:53:59.439,1.55408,1.55437,1.50,1.35
2013.02.27 15:54:00.630,1.55408,1.55439,1.50,2.44
2013.02.27 15:54:00.749,1.55411,1.55439,1.50,1.88
2013.02.27 15:54:00.870,1.55409,1.55439,2.91,1.88
2013.02.27 15:54:01.173,1.55413,1.55444,3.00,2.63
2013.02.27 15:54:01.349,1.55412,1.55444,2.25,1.88
2013.02.27 15:54:01.620,1.55412,1.55444,2.25,1.88
2013.02.27 15:54:02.500,1.55412,1.55444,2.25,2.10
2013.02.27 15:54:02.866,1.55413,1.55445,1.50,1.88
2013.02.27 15:54:03.360,1.55413,1.55441,1.50,1.09
2013.02.27 15:54:03.719,1.55409,1.55437,1.50,1.35
2013.02.27 15:54:03.959,1.55411,1.55439,1.50,1.50
2013.02.27 15:54:04.020,1.55411,1.55443,1.50,1.73
2013.02.27 15:54:04.511,1.55411,1.55438,1.50,1.50
2013.02.27 15:54:04.865,1.55411,1.55437,1.50,1.50
2013.02.27 15:54:05.978,1.55406,1.5544,3.00,1.13
2013.02.27 15:54:07.339,1.55406,1.55444,1.73,1.50
2013.02.27 15:54:07.819,1.55406,1.55444,1.73,1.73
2013.02.27 15:54:08.500,1.55406,1.55444,1.73,1.73
2013.02.27 15:54:08.804,1.55406,1.55438,2.67,1.50
2013.02.27 15:54:09.143,1.55406,1.55443,2.67,1.73
2013.02.27 15:54:09.765,1.55406,1.55439,2.67,1.50
2013.02.27 15:54:10.111,1.55406,1.55438,2.67,1.50
2013.02.27 15:54:12.819,1.55406,1.55437,2.25,1.35
2013.02.27 15:54:14.042,1.55411,1.55437,2.85,1.35
2013.02.27 15:54:14.399,1.55427,1.5545,1.50,1.35
2013.02.27 15:54:16.933,1.55412,1.55448,1.50,2.48
2013.02.27 15:54:17.119,1.55412,1.55443,1.50,1.35
2013.02.27 15:54:17.179,1.55411,1.55439,1.50,1.50
2013.02.27 15:54:17.757,1.55411,1.5544,1.50,2.25
2013.02.27 15:54:18.361,1.55411,1.55443,1.50,2.10
2013.02.27 15:54:18.480,1.5541,1.55437,1.13,1.50
2013.02.27 15:54:18.601,1.5541,1.55437,1.13,2.25
2013.02.27 15:54:18.841,1.55399,1.55431,1.65,1.73
2013.02.27 15:54:19.019,1.55398,1.5543,1.05,1.50
2013.02.27 15:54:19.199,1.55399,1.5543,1.05,1.50
2013.02.27 15:54:19.261,1.55399,1.5543,1.05,1.50
2013.02.27 15:54:19.606,1.55399,1.55431,1.05,3.00
2013.02.27 15:54:19.949,1.55398,1.55429,1.05,1.50
2013.02.27 15:54:20.130,1.55399,1.5543,1.05,1.50
2013.02.27 15:54:20.190,1.55399,1.55429,1.05,1.50
2013.02.27 15:54:20.250,1.554,1.55428,1.65,1.50
2013.02.27 15:54:20.584,1.55399,1.55429,2.55,1.50
2013.02.27 15:54:20.649,1.55399,1.55424,2.55,1.50
2013.02.27 15:54:20.768,1.55399,1.55423,1.05,1.50
2013.02.27 15:54:21.309,1.55399,1.5542,1.05,1.50
2013.02.27 15:54:21.812,1.55399,1.5542,1.05,1.50
2013.02.27 15:54:22.050,1.55403,1.55424,1.13,1.50
2013.02.27 15:54:22.169,1.55406,1.55436,1.50,2.22
2013.02.27 15:54:22.364,1.55406,1.55431,2.52,1.50
2013.02.27 15:54:22.490,1.55406,1.55436,1.50,2.25
2013.02.27 15:54:23.609,1.55403,1.5544,2.07,1.50
2013.02.27 15:54:24.879,1.55407,1.55434,1.50,2.25
2013.02.27 15:54:25.059,1.55405,1.55433,1.69,1.50
2013.02.27 15:54:25.429,1.55405,1.55426,1.50,1.50
2013.02.27 15:54:25.630,1.55401,1.55426,1.65,1.50
2013.02.27 15:54:27.809,1.55401,1.55426,1.65,1.50
2013.02.27 15:54:28.115,1.554,1.55431,2.07,1.50
2013.02.27 15:54:28.193,1.55403,1.55436,1.13,2.10
2013.02.27 15:54:28.800,1.5541,1.55438,1.69,1.50
2013.02.27 15:54:29.101,1.5541,1.5544,1.69,3.68
2013.02.27 15:54:29.161,1.5541,1.5544,1.69,1.50
2013.02.27 15:54:29.639,1.5541,1.55434,1.50,1.50
2013.02.27 15:54:29.699,1.5541,1.55434,1.50,1.50
2013.02.27 15:54:30.920,1.55411,1.55437,1.50,1.50
2013.02.27 15:54:31.384,1.55411,1.55446,1.50,1.73
2013.02.27 15:54:31.457,1.55415,1.55446,1.50,1.35
2013.02.27 15:54:32.690,1.55422,1.5545,1.50,1.13
2013.02.27 15:54:32.810,1.55423,1.55454,1.13,1.88
2013.02.27 15:54:32.879,1.55423,1.5545,1.13,1.13
2013.02.27 15:54:32.939,1.55423,1.55449,1.13,1.50
2013.02.27 15:54:33.460,1.55421,1.55449,1.73,2.25
2013.02.27 15:54:34.109,1.55416,1.55449,2.09,1.50
2013.02.27 15:54:34.229,1.55423,1.55454,1.35,1.13
2013.02.27 15:54:34.480,1.55424,1.55449,1.73,2.44
2013.02.27 15:54:34.700,1.55424,1.55451,1.73,1.69
2013.02.27 15:54:36.070,1.55416,1.55448,3.23,2.25
2013.02.27 15:54:36.190,1.55416,1.55441,3.23,1.50
2013.02.27 15:54:36.309,1.55417,1.55442,1.50,1.50
2013.02.27 15:54:36.401,1.55417,1.55442,1.50,1.50
2013.02.27 15:54:36.460,1.55417,1.55449,1.50,2.10
2013.02.27 15:54:36.640,1.55423,1.55445,1.13,1.13
2013.02.27 15:54:36.759,1.5542,1.55445,1.35,1.88
2013.02.27 15:54:37.779,1.55413,1.55448,1.73,1.13
2013.02.27 15:54:38.079,1.55413,1.55448,1.73,1.13
2013.02.27 15:54:38.139,1.55413,1.55448,1.73,1.13
2013.02.27 15:54:38.989,1.55424,1.55453,1.17,1.88
2013.02.27 15:54:39.619,1.5542,1.55453,1.17,1.13
2013.02.27 15:54:39.679,1.5542,1.55454,1.17,1.13
2013.02.27 15:54:40.199,1.55426,1.5546,1.73,2.25
2013.02.27 15:54:40.733,1.55427,1.55458,1.73,1.50
2013.02.27 15:54:41.362,1.5543,1.55458,1.17,2.25
2013.02.27 15:54:41.659,1.55426,1.55455,1.50,1.50
2013.02.27 15:54:41.840,1.55429,1.55454,1.50,1.50
2013.02.27 15:54:41.959,1.5543,1.55456,1.50,1.50
2013.02.27 15:54:42.020,1.5543,1.5546,2.44,1.50
2013.02.27 15:54:42.139,1.5543,1.5546,2.44,1.50
2013.02.27 15:54:42.379,1.5543,1.55463,2.10,1.50
2013.02.27 15:54:46.409,1.55433,1.55461,2.25,1.50
2013.02.27 15:54:46.470,1.55433,1.55461,2.25,1.50
2013.02.27 15:54:47.601,1.55431,1.55455,1.17,1.50
2013.02.27 15:54:47.660,1.55431,1.55453,1.17,1.50
2013.02.27 15:54:48.414,1.55424,1.55453,1.69,1.50
2013.02.27 15:54:49.089,1.55424,1.55453,1.88,1.50
2013.02.27 15:54:49.221,1.55424,1.55458,5.07,2.48
2013.02.27 15:54:49.779,1.55429,1.55458,1.50,1.50
2013.02.27 15:54:50.849,1.55429,1.55453,1.50,1.50
2013.02.27 15:54:50.970,1.55426,1.55452,1.92,1.50
2013.02.27 15:54:51.330,1.55429,1.55456,2.25,1.50
2013.02.27 15:54:51.769,1.5543,1.55456,1.73,1.50
2013.02.27 15:54:53.179,1.5543,1.55456,1.50,1.50
2013.02.27 15:54:53.419,1.55433,1.55463,1.50,1.35
2013.02.27 15:54:53.991,1.55434,1.55466,1.50,1.73
2013.02.27 15:54:54.909,1.55434,1.55459,1.50,1.50
2013.02.27 15:54:54.969,1.55432,1.55457,1.50,1.50
2013.02.27 15:54:59.560,1.55427,1.55458,5.63,1.50
2013.02.27 15:55:08.604,1.55432,1.55456,2.25,1.50
2013.02.27 15:55:08.982,1.55432,1.55456,2.25,1.50
2013.02.27 15:55:09.483,1.55432,1.55453,2.25,1.50
2013.02.27 15:55:09.918,1.55433,1.55456,1.50,1.50
2013.02.27 15:55:17.230,1.55427,1.55454,1.69,1.50
2013.02.27 15:55:17.290,1.55427,1.55457,1.69,1.50
2013.02.27 15:55:17.409,1.55433,1.5546,1.50,1.50
2013.02.27 15:55:17.529,1.55435,1.55464,2.44,1.88
2013.02.27 15:55:18.389,1.55433,1.55458,2.48,1.50
2013.02.27 15:55:18.689,1.55424,1.55449,1.13,1.50
2013.02.27 15:55:19.370,1.55421,1.5545,1.17,1.50
2013.02.27 15:55:19.491,1.55422,1.55451,1.17,1.50
2013.02.27 15:55:20.070,1.5542,1.55457,3.42,2.25
2013.02.27 15:55:23.420,1.5542,1.55451,3.42,1.50
2013.02.27 15:55:23.541,1.55419,1.55449,2.48,1.50
2013.02.27 15:55:29.659,1.55416,1.55449,1.17,1.50
2013.02.27 15:55:36.350,1.55419,1.55444,1.50,1.50
2013.02.27 15:55:36.590,1.55417,1.55439,2.25,1.50
2013.02.27 15:55:37.109,1.55414,1.55438,2.25,1.50
2013.02.27 15:55:37.461,1.55413,1.55438,1.50,1.50
2013.02.27 15:55:39.639,1.55413,1.55437,1.50,1.50
2013.02.27 15:55:40.849,1.55413,1.55438,2.25,1.50
2013.02.27 15:55:43.799,1.55413,1.55438,1.69,1.50
2013.02.27 15:55:45.094,1.55419,1.55448,2.63,1.50
2013.02.27 15:55:45.460,1.55422,1.55452,1.50,1.73
2013.02.27 15:55:45.519,1.55422,1.55452,1.73,1.50
2013.02.27 15:55:45.639,1.55422,1.55459,1.73,1.69
2013.02.27 15:55:46.104,1.55425,1.55459,1.73,1.69
2013.02.27 15:55:46.169,1.55427,1.55463,1.35,1.92
2013.02.27 15:55:46.772,1.55436,1.55463,1.17,1.69
2013.02.27 15:55:48.298,1.55435,1.55463,1.17,1.69
2013.02.27 15:55:48.789,1.55434,1.55463,1.35,1.69
2013.02.27 15:55:49.880,1.55434,1.55463,1.35,1.69
2013.02.27 15:55:50.669,1.5543,1.55462,1.35,3.79
2013.02.27 15:55:58.850,1.55434,1.55455,1.17,1.50
2013.02.27 15:55:58.970,1.55425,1.55453,1.35,1.50
2013.02.27 15:56:00.003,1.55425,1.55454,1.35,1.50
2013.02.27 15:56:00.082,1.55423,1.55455,1.73,1.50
2013.02.27 15:56:00.390,1.55424,1.55455,1.73,1.69
2013.02.27 15:56:01.293,1.55428,1.55454,1.73,1.50
2013.02.27 15:56:01.410,1.55427,1.55454,1.73,1.50
2013.02.27 15:56:01.530,1.55427,1.55454,1.50,1.50
2013.02.27 15:56:01.591,1.55426,1.55451,1.17,1.50
2013.02.27 15:56:01.711,1.55425,1.55451,2.48,1.50
2013.02.27 15:56:01.849,1.55425,1.55459,3.23,2.48
2013.02.27 15:56:02.091,1.55426,1.55459,1.73,2.25
2013.02.27 15:56:02.679,1.55423,1.55454,2.48,1.50
2013.02.27 15:56:03.100,1.55421,1.55454,2.85,1.69
2013.02.27 15:56:05.354,1.5542,1.55449,2.10,2.93
2013.02.27 15:56:05.420,1.55416,1.55439,2.10,1.50
2013.02.27 15:56:05.481,1.55416,1.55439,1.88,1.50
2013.02.27 15:56:05.660,1.55416,1.55439,2.10,1.50
2013.02.27 15:56:05.720,1.55416,1.55439,1.13,1.50
2013.02.27 15:56:06.720,1.55411,1.5544,2.48,1.50
2013.02.27 15:56:07.651,1.55411,1.55443,2.48,1.50
2013.02.27 15:56:08.375,1.55411,1.55446,2.85,3.19
2013.02.27 15:56:11.310,1.55419,1.55449,2.10,3.00
2013.02.27 15:56:14.432,1.55419,1.55453,1.73,2.63
2013.02.27 15:56:15.280,1.55419,1.55448,2.10,1.50
2013.02.27 15:56:15.410,1.55419,1.55453,2.10,2.63
2013.02.27 15:56:15.690,1.55419,1.55448,1.35,1.50
2013.02.27 15:56:16.571,1.55417,1.5545,1.73,1.50
2013.02.27 15:56:16.750,1.55421,1.55453,1.69,1.69
2013.02.27 15:56:26.339,1.55424,1.55452,1.17,2.44
2013.02.27 15:56:26.399,1.55424,1.55449,1.17,1.50
2013.02.27 15:56:29.279,1.55421,1.5545,1.17,1.69
2013.02.27 15:56:29.400,1.55422,1.55449,1.13,2.44
2013.02.27 15:56:29.939,1.55416,1.55441,1.35,1.50
2013.02.27 15:56:30.060,1.55416,1.55441,1.13,1.50
2013.02.27 15:56:31.960,1.55415,1.55445,1.17,1.50
2013.02.27 15:56:36.679,1.55415,1.55444,1.73,1.50
2013.02.27 15:56:37.988,1.55409,1.55439,1.50,1.17
2013.02.27 15:56:38.062,1.55406,1.5544,3.60,1.69
2013.02.27 15:56:38.180,1.55409,1.5544,1.73,1.69
2013.02.27 15:56:38.891,1.55409,1.55439,1.73,2.25
2013.02.27 15:56:39.390,1.55407,1.55436,1.50,2.25
2013.02.27 15:56:39.729,1.55403,1.5543,2.40,1.50
2013.02.27 15:56:43.330,1.55406,1.55428,1.50,1.50
2013.02.27 15:56:43.569,1.55397,1.55418,2.40,1.50
2013.02.27 15:56:44.109,1.55397,1.55423,1.05,1.50
2013.02.27 15:56:44.419,1.55397,1.55423,1.05,1.50
2013.02.27 15:56:44.899,1.55397,1.55423,1.05,1.50
2013.02.27 15:56:45.379,1.55399,1.55423,1.05,1.50
2013.02.27 15:56:45.499,1.55399,1.55428,1.28,2.25
2013.02.27 15:56:46.029,1.55399,1.55428,1.32,1.50
2013.02.27 15:56:46.109,1.55401,1.55432,1.65,1.69
2013.02.27 15:56:46.929,1.55398,1.55428,1.09,1.69
2013.02.27 15:56:47.431,1.55396,1.55419,1.05,1.69
2013.02.27 15:56:48.951,1.55391,1.55418,1.44,1.50
2013.02.27 15:56:49.380,1.55398,1.55423,1.05,1.69
2013.02.27 15:56:49.900,1.55397,1.55418,1.05,1.50
2013.02.27 15:56:50.080,1.55391,1.55417,1.44,1.50
2013.02.27 15:56:50.260,1.55386,1.55417,1.65,1.50
2013.02.27 15:56:50.400,1.55386,1.55417,1.50,1.50
2013.02.27 15:56:50.519,1.55386,1.55417,1.50,1.50
2013.02.27 15:56:50.839,1.55384,1.55417,1.73,1.69
2013.02.27 15:56:51.359,1.55383,1.55417,2.48,1.69
2013.02.27 15:56:51.662,1.55383,1.55414,1.73,1.50
2013.02.27 15:56:51.959,1.55383,1.55418,1.73,1.69
2013.02.27 15:56:52.139,1.55383,1.55414,1.73,1.50
2013.02.27 15:56:52.399,1.55383,1.55415,1.73,1.69
2013.02.27 15:56:52.576,1.55383,1.55413,1.73,1.50
2013.02.27 15:56:55.000,1.55383,1.55413,1.50,1.69
2013.02.27 15:56:55.061,1.55379,1.55413,1.73,1.69
2013.02.27 15:56:57.029,1.55379,1.55407,1.73,1.88
2013.02.27 15:56:57.279,1.5537,1.55393,1.73,1.69
2013.02.27 15:56:57.341,1.5537,1.55397,1.73,1.54
2013.02.27 15:56:57.519,1.55369,1.55398,1.73,1.50
2013.02.27 15:56:57.820,1.55369,1.55398,1.73,1.50
2013.02.27 15:56:57.942,1.55369,1.55393,1.73,1.50
2013.02.27 15:56:58.191,1.55368,1.55393,1.73,1.50
2013.02.27 15:56:58.460,1.55369,1.55393,1.73,1.50
2013.02.27 15:56:58.759,1.55369,1.55398,2.48,1.73
2013.02.27 15:56:59.382,1.5537,1.55401,1.73,2.48
2013.02.27 15:56:59.740,1.55372,1.55403,1.50,1.50
2013.02.27 15:57:00.367,1.55372,1.55404,1.50,1.50
2013.02.27 15:57:00.700,1.55374,1.55408,1.50,1.17
2013.02.27 15:57:00.820,1.55374,1.55404,1.50,1.69
2013.02.27 15:57:01.189,1.55376,1.55408,1.50,1.17
2013.02.27 15:57:01.810,1.55376,1.55407,1.73,1.88
2013.02.27 15:57:01.999,1.55371,1.55401,1.17,1.73
2013.02.27 15:57:02.611,1.55371,1.55403,1.17,1.17
2013.02.27 15:57:02.859,1.55377,1.55407,1.73,1.69
2013.02.27 15:57:04.953,1.55377,1.55406,1.73,1.50
2013.02.27 15:57:05.073,1.55377,1.55409,1.73,1.92
2013.02.27 15:57:05.143,1.55377,1.55406,1.73,1.50
2013.02.27 15:57:05.321,1.55377,1.55406,1.50,2.48
2013.02.27 15:57:05.439,1.55376,1.55402,1.50,1.35
2013.02.27 15:57:05.610,1.55373,1.55402,1.50,1.35
2013.02.27 15:57:06.112,1.55371,1.55396,1.50,1.13
2013.02.27 15:57:06.171,1.55364,1.55396,2.85,1.13
2013.02.27 15:57:06.409,1.5537,1.55399,1.73,2.25
2013.02.27 15:57:06.990,1.5537,1.55399,1.73,1.73
2013.02.27 15:57:07.520,1.55376,1.55405,1.17,1.17
2013.02.27 15:57:07.580,1.55376,1.55405,1.92,1.17
2013.02.27 15:57:08.719,1.55374,1.55405,1.73,1.35
2013.02.27 15:57:10.879,1.55372,1.55401,2.38,1.50
2013.02.27 15:57:10.940,1.55372,1.55401,2.38,1.50
2013.02.27 15:57:11.059,1.55373,1.554,1.73,1.50
2013.02.27 15:57:11.180,1.55373,1.55401,1.73,1.32
2013.02.27 15:57:11.619,1.55373,1.55401,1.73,2.44
2013.02.27 15:57:11.679,1.55372,1.55396,1.63,2.25
2013.02.27 15:57:11.800,1.55364,1.55388,1.73,1.50
2013.02.27 15:57:12.221,1.55364,1.55388,1.73,1.50
2013.02.27 15:57:12.311,1.55362,1.55387,1.73,1.50
2013.02.27 15:57:12.490,1.55356,1.55387,4.13,1.50
2013.02.27 15:57:12.729,1.55356,1.55383,2.25,1.73
2013.02.27 15:57:13.259,1.55356,1.55383,1.50,1.73
2013.02.27 15:57:15.002,1.55355,1.55383,1.50,1.73
2013.02.27 15:57:15.420,1.55351,1.55381,1.73,1.73
2013.02.27 15:57:15.950,1.55352,1.55377,1.50,1.73
2013.02.27 15:57:16.320,1.55347,1.55376,1.50,1.35
2013.02.27 15:57:16.442,1.55347,1.55376,1.50,1.35
2013.02.27 15:57:16.899,1.55346,1.55373,1.50,1.73
2013.02.27 15:57:16.959,1.55345,1.55373,1.50,1.69
2013.02.27 15:57:17.079,1.55346,1.55375,1.50,1.50
2013.02.27 15:57:17.139,1.55347,1.55379,1.50,2.48
2013.02.27 15:57:17.320,1.55351,1.55382,1.50,1.88
2013.02.27 15:57:18.670,1.55354,1.55383,1.50,2.25
2013.02.27 15:57:18.970,1.55349,1.55376,1.73,1.50
2013.02.27 15:57:19.149,1.55352,1.55381,1.50,1.50
2013.02.27 15:57:20.390,1.55352,1.55383,1.50,1.50
2013.02.27 15:57:20.840,1.5535,1.55383,2.25,1.50
2013.02.27 15:57:20.960,1.55348,1.55378,1.73,1.73
2013.02.27 15:57:21.140,1.55348,1.55378,2.25,3.72
2013.02.27 15:57:21.199,1.55346,1.55371,1.50,1.73
2013.02.27 15:57:21.440,1.55345,1.55376,1.50,2.10
2013.02.27 15:57:21.501,1.55349,1.55376,1.50,1.88
2013.02.27 15:57:21.619,1.55351,1.55379,1.28,1.73
2013.02.27 15:57:22.177,1.55352,1.5538,1.20,1.73
2013.02.27 15:57:23.189,1.55352,1.55378,1.35,1.50
2013.02.27 15:57:23.490,1.55345,1.55373,1.35,1.73
2013.02.27 15:57:23.729,1.55347,1.55376,1.17,1.50
2013.02.27 15:57:24.160,1.55345,1.55378,3.60,1.50
2013.02.27 15:57:26.080,1.55349,1.55378,1.73,1.50
2013.02.27 15:57:26.440,1.55345,1.55372,1.73,1.50
2013.02.27 15:57:26.499,1.55343,1.55365,1.73,1.50
2013.02.27 15:57:26.559,1.55341,1.55365,1.73,1.50
2013.02.27 15:57:26.929,1.55341,1.55369,1.73,1.73
2013.02.27 15:57:27.599,1.55341,1.55369,1.73,1.73
2013.02.27 15:57:28.109,1.55341,1.5537,2.48,1.50
2013.02.27 15:57:28.870,1.55343,1.55374,1.50,1.50
2013.02.27 15:57:31.452,1.55352,1.55383,2.25,2.48
2013.02.27 15:57:31.520,1.55357,1.55383,1.50,1.50
2013.02.27 15:57:31.639,1.55357,1.55385,1.50,1.05
2013.02.27 15:57:31.700,1.55352,1.55384,2.25,1.73
2013.02.27 15:57:32.331,1.55353,1.55384,1.50,3.45
2013.02.27 15:57:32.569,1.55358,1.55386,1.50,4.69
2013.02.27 15:57:32.689,1.55353,1.55383,2.25,1.50
2013.02.27 15:57:33.225,1.55353,1.55383,1.50,1.73
2013.02.27 15:57:34.191,1.55351,1.55381,1.50,1.73
2013.02.27 15:57:34.920,1.55345,1.55371,1.69,1.50
2013.02.27 15:57:35.170,1.55346,1.55376,1.50,1.13
2013.02.27 15:57:35.229,1.5535,1.55378,1.50,2.63
2013.02.27 15:57:35.689,1.5535,1.55381,1.50,1.73
2013.02.27 15:57:36.019,1.55349,1.55381,1.28,1.73
2013.02.27 15:57:37.161,1.55349,1.55374,1.09,2.25
2013.02.27 15:57:37.340,1.55346,1.55374,1.50,2.25
2013.02.27 15:57:37.460,1.55345,1.55376,2.70,1.13
2013.02.27 15:57:37.940,1.55342,1.55374,1.73,1.73
2013.02.27 15:57:39.042,1.55341,1.55372,1.50,1.50
2013.02.27 15:57:39.910,1.55342,1.5537,1.17,1.50
2013.02.27 15:57:40.029,1.55339,1.55368,1.73,1.50
2013.02.27 15:57:40.389,1.55332,1.55363,1.73,1.73
2013.02.27 15:57:40.450,1.55332,1.55354,1.73,1.50
2013.02.27 15:57:40.509,1.55332,1.55354,1.50,1.73
2013.02.27 15:57:40.879,1.5533,1.5536,2.25,1.73
2013.02.27 15:57:41.000,1.5533,1.5536,1.73,1.50
2013.02.27 15:57:41.419,1.55328,1.55363,2.10,1.73
2013.02.27 15:57:43.502,1.55328,1.55363,2.10,2.48
2013.02.27 15:57:43.800,1.55328,1.55363,3.98,2.48
2013.02.27 15:57:44.133,1.55328,1.55364,4.73,3.23
2013.02.27 15:57:44.201,1.55331,1.55364,2.48,1.73
2013.02.27 15:57:44.630,1.55332,1.55363,1.73,1.50
2013.02.27 15:57:45.293,1.55334,1.55363,1.50,2.44
2013.02.27 15:57:45.663,1.55332,1.55363,2.25,2.44
2013.02.27 15:57:46.230,1.55332,1.55363,1.50,2.25
2013.02.27 15:57:46.402,1.55331,1.55358,1.50,1.50
2013.02.27 15:57:46.520,1.55329,1.55358,1.13,1.73
2013.02.27 15:57:46.929,1.55328,1.55358,2.85,1.73
2013.02.27 15:57:47.170,1.55328,1.5536,2.48,1.50
2013.02.27 15:57:48.139,1.55336,1.55364,2.03,2.48
2013.02.27 15:57:48.201,1.55334,1.55358,2.40,1.50
2013.02.27 15:57:48.381,1.55331,1.55359,1.50,1.73
2013.02.27 15:57:48.561,1.5533,1.55362,2.48,1.50
2013.02.27 15:57:49.130,1.5533,1.55362,1.73,1.50
2013.02.27 15:57:49.189,1.55329,1.55359,2.10,1.50
2013.02.27 15:57:49.320,1.55329,1.55359,1.88,1.88
2013.02.27 15:57:49.441,1.55325,1.55359,2.18,1.88
2013.02.27 15:57:49.681,1.55334,1.55362,1.69,2.48
2013.02.27 15:57:49.739,1.55334,1.55362,1.69,2.48
2013.02.27 15:57:50.072,1.55334,1.55367,1.73,1.50
2013.02.27 15:57:50.130,1.55334,1.55364,1.73,1.50
2013.02.27 15:57:51.130,1.55336,1.55364,2.52,1.73
2013.02.27 15:57:51.190,1.55342,1.55366,1.50,1.35
2013.02.27 15:57:51.251,1.55342,1.55366,1.50,1.13
2013.02.27 15:57:51.444,1.55341,1.55366,1.69,1.73
2013.02.27 15:57:51.631,1.55339,1.5536,1.50,1.17
2013.02.27 15:57:51.869,1.5534,1.55371,1.73,1.50
2013.02.27 15:57:51.930,1.55342,1.55375,1.73,1.32
2013.02.27 15:57:52.645,1.55346,1.55377,1.73,1.73
2013.02.27 15:57:52.949,1.55346,1.55376,1.73,1.50
2013.02.27 15:57:53.009,1.55347,1.5538,1.73,1.50
2013.02.27 15:57:54.010,1.55349,1.55379,1.50,1.50
2013.02.27 15:57:54.369,1.55349,1.55381,1.50,1.50
2013.02.27 15:57:54.805,1.55349,1.55379,1.50,1.50
2013.02.27 15:57:54.869,1.55349,1.55379,1.50,1.50
2013.02.27 15:57:55.170,1.55349,1.55374,1.50,1.50
2013.02.27 15:57:55.643,1.55342,1.55374,2.25,1.50
2013.02.27 15:57:55.770,1.55347,1.55378,1.17,1.50
2013.02.27 15:57:57.210,1.55347,1.55378,1.92,1.50
2013.02.27 15:57:57.520,1.55348,1.55373,1.69,1.50
2013.02.27 15:57:57.639,1.55348,1.55373,1.69,1.50
2013.02.27 15:57:57.759,1.55347,1.55368,1.69,1.50
2013.02.27 15:57:59.159,1.55341,1.55367,3.00,1.50
2013.02.27 15:58:00.360,1.55341,1.55367,3.00,1.50
2013.02.27 15:58:01.271,1.55341,1.55372,2.25,1.50
2013.02.27 15:58:01.347,1.55341,1.55372,2.25,1.50
2013.02.27 15:58:02.573,1.55341,1.55372,4.50,1.50
2013.02.27 15:58:02.760,1.55342,1.55377,1.73,1.73
2013.02.27 15:58:03.670,1.55342,1.55369,3.23,1.50
2013.02.27 15:58:03.730,1.55342,1.55369,1.73,1.50
2013.02.27 15:58:03.789,1.55342,1.55369,1.73,1.73
2013.02.27 15:58:05.110,1.55343,1.55364,2.85,1.50
2013.02.27 15:58:05.290,1.55343,1.55364,1.50,1.50
2013.02.27 15:58:05.409,1.55338,1.55364,1.32,1.50
2013.02.27 15:58:06.820,1.55338,1.55367,3.94,1.50
2013.02.27 15:58:06.999,1.55338,1.55364,3.94,1.50
2013.02.27 15:58:07.922,1.55338,1.55362,1.69,1.50
2013.02.27 15:58:08.320,1.55338,1.55362,2.44,2.25
2013.02.27 15:58:08.622,1.55325,1.55335,1.50,1.50
2013.02.27 15:58:08.800,1.55315,1.55335,1.50,2.25
2013.02.27 15:58:09.039,1.55311,1.55333,1.73,1.50
2013.02.27 15:58:09.222,1.55301,1.55339,2.48,2.48
2013.02.27 15:58:09.410,1.55301,1.55328,2.48,1.50
2013.02.27 15:58:09.710,1.55301,1.55328,3.19,1.50
2013.02.27 15:58:10.030,1.55301,1.55328,2.48,1.50
2013.02.27 15:58:10.149,1.55297,1.55325,1.36,1.50
2013.02.27 15:58:10.450,1.55295,1.55324,1.35,1.50
2013.02.27 15:58:10.870,1.55298,1.55327,1.50,1.73
2013.02.27 15:58:11.229,1.55301,1.55333,1.17,3.23
2013.02.27 15:58:11.594,1.55301,1.55333,1.17,3.23
2013.02.27 15:58:11.900,1.553,1.55334,1.73,1.65
2013.02.27 15:58:12.210,1.553,1.55327,3.23,2.40
2013.02.27 15:58:12.510,1.55301,1.5533,1.73,1.50
2013.02.27 15:58:12.585,1.55301,1.5533,1.73,1.50
2013.02.27 15:58:13.389,1.553,1.55331,3.23,1.50
2013.02.27 15:58:14.219,1.55303,1.55332,1.73,1.50
2013.02.27 15:58:15.590,1.55302,1.55336,2.48,1.50
2013.02.27 15:58:16.111,1.55306,1.55335,1.73,1.50
2013.02.27 15:58:16.169,1.55305,1.55337,3.23,1.50
2013.02.27 15:58:16.230,1.55305,1.55339,3.60,1.50
2013.02.27 15:58:16.660,1.55307,1.55339,1.25,1.50
2013.02.27 15:58:17.187,1.55315,1.55344,1.73,1.50
2013.02.27 15:58:18.890,1.55319,1.55346,1.50,1.50
2013.02.27 15:58:18.949,1.55319,1.55353,1.69,1.50
2013.02.27 15:58:19.559,1.55322,1.55353,2.48,1.50
2013.02.27 15:58:19.679,1.5532,1.55344,1.73,1.50
2013.02.27 15:58:19.739,1.55319,1.55344,1.50,1.50
2013.02.27 15:58:19.799,1.55318,1.55342,3.23,1.50
2013.02.27 15:58:20.650,1.55315,1.55337,1.17,1.50
2013.02.27 15:58:21.010,1.55303,1.55336,1.92,1.50
2013.02.27 15:58:21.131,1.55303,1.55331,1.92,1.50
2013.02.27 15:58:21.250,1.55304,1.55328,1.17,1.50
2013.02.27 15:58:21.670,1.55302,1.55328,1.69,1.50
2013.02.27 15:58:22.029,1.55311,1.55337,1.50,1.50
2013.02.27 15:58:22.231,1.5531,1.55333,1.50,1.73
2013.02.27 15:58:22.351,1.5531,1.55333,1.50,1.73
2013.02.27 15:58:22.469,1.55306,1.55329,1.73,1.50
2013.02.27 15:58:22.770,1.55303,1.55331,1.73,1.50
2013.02.27 15:58:23.072,1.55306,1.55336,2.48,2.48
2013.02.27 15:58:23.759,1.55307,1.55338,1.69,1.50
2013.02.27 15:58:23.820,1.55307,1.55334,1.69,1.50
2013.02.27 15:58:23.940,1.55307,1.55334,1.69,1.50
2013.02.27 15:58:24.543,1.55307,1.55338,1.50,1.50
2013.02.27 15:58:24.850,1.55316,1.55344,1.50,3.00
2013.02.27 15:58:25.151,1.55317,1.55338,2.48,1.50
2013.02.27 15:58:25.330,1.55317,1.55347,2.25,2.25
2013.02.27 15:58:25.511,1.55321,1.5535,1.73,2.63
2013.02.27 15:58:25.689,1.5532,1.5535,2.27,2.63
2013.02.27 15:58:25.870,1.55321,1.55358,1.73,1.50
2013.02.27 15:58:26.169,1.5533,1.55358,1.50,1.50
2013.02.27 15:58:26.638,1.55329,1.55362,1.73,2.25
2013.02.27 15:58:26.821,1.55329,1.55362,1.73,2.25
2013.02.27 15:58:27.670,1.5533,1.5536,1.73,1.50
2013.02.27 15:58:27.910,1.55347,1.55362,1.50,1.50
2013.02.27 15:58:28.152,1.55351,1.55365,1.50,1.88
2013.02.27 15:58:28.210,1.55351,1.5537,1.50,1.58
2013.02.27 15:58:28.330,1.55351,1.55374,1.50,1.73
2013.02.27 15:58:28.691,1.5535,1.55372,1.50,1.73
2013.02.27 15:58:29.051,1.55337,1.55369,2.25,1.73
2013.02.27 15:58:29.111,1.55337,1.55369,1.50,1.73
2013.02.27 15:58:29.440,1.5534,1.55369,1.50,1.17
2013.02.27 15:58:29.500,1.5534,1.5537,1.50,1.73
2013.02.27 15:58:29.680,1.5534,1.5537,1.50,1.73
2013.02.27 15:58:30.052,1.55335,1.55364,1.50,1.50
2013.02.27 15:58:30.331,1.55335,1.55364,1.50,1.50
2013.02.27 15:58:30.390,1.55335,1.55367,1.50,1.50
2013.02.27 15:58:30.750,1.55333,1.55359,1.50,1.50
2013.02.27 15:58:31.060,1.55333,1.55358,1.50,1.50
2013.02.27 15:58:31.603,1.55326,1.55353,1.73,1.50
2013.02.27 15:58:31.662,1.55326,1.55348,1.73,1.50
2013.02.27 15:58:31.722,1.55326,1.55348,1.50,1.50
2013.02.27 15:58:32.027,1.55321,1.55346,1.50,1.50
2013.02.27 15:58:32.141,1.55321,1.55346,1.50,1.50
2013.02.27 15:58:33.700,1.55321,1.55345,1.29,1.50
2013.02.27 15:58:33.941,1.55325,1.55346,1.88,1.50
2013.02.27 15:58:34.181,1.55313,1.55333,1.17,1.50
2013.02.27 15:58:34.480,1.55314,1.55341,1.50,1.50
2013.02.27 15:58:34.601,1.55313,1.55343,1.50,2.63
2013.02.27 15:58:34.660,1.55315,1.55343,1.50,1.88
2013.02.27 15:58:34.910,1.55314,1.55342,1.73,1.50
2013.02.27 15:58:35.609,1.55314,1.55342,3.23,1.50
2013.02.27 15:58:35.670,1.55314,1.55342,3.23,1.50
2013.02.27 15:58:36.110,1.55317,1.55346,3.23,1.50
2013.02.27 15:58:36.170,1.55317,1.55347,3.23,1.50
2013.02.27 15:58:36.231,1.55319,1.5535,1.73,1.73
2013.02.27 15:58:36.409,1.55324,1.55354,1.73,1.50
2013.02.27 15:58:37.150,1.55326,1.55358,1.73,1.73
2013.02.27 15:58:37.596,1.55329,1.55359,1.73,1.50
2013.02.27 15:58:39.539,1.55333,1.55356,2.48,1.65
2013.02.27 15:58:39.780,1.55327,1.55346,1.50,1.50
2013.02.27 15:58:40.020,1.55326,1.55349,1.73,1.50
2013.02.27 15:58:40.660,1.55327,1.55354,1.73,1.50
2013.02.27 15:58:40.780,1.55328,1.55354,2.13,1.88
2013.02.27 15:58:40.900,1.55328,1.55354,1.73,1.88
2013.02.27 15:58:41.019,1.55328,1.55353,1.73,1.13
2013.02.27 15:58:41.079,1.55328,1.55353,1.73,1.13
2013.02.27 15:58:41.320,1.55326,1.55359,1.73,1.50
2013.02.27 15:58:41.849,1.55327,1.55359,1.73,1.50
2013.02.27 15:58:42.665,1.55327,1.55357,1.73,1.50
2013.02.27 15:58:44.091,1.55327,1.55355,1.73,2.85
2013.02.27 15:58:44.211,1.5532,1.55348,1.88,1.50
2013.02.27 15:58:44.790,1.55322,1.55349,1.73,1.50
2013.02.27 15:58:44.910,1.55323,1.55349,2.67,1.50
2013.02.27 15:58:44.971,1.55324,1.55349,1.73,1.50
2013.02.27 15:58:45.210,1.55318,1.55347,1.73,1.50
2013.02.27 15:58:45.330,1.55317,1.55347,2.48,1.50
2013.02.27 15:58:45.391,1.55318,1.55347,1.50,1.50
2013.02.27 15:58:45.451,1.55321,1.55348,1.50,1.50
2013.02.27 15:58:45.690,1.55317,1.55343,3.23,1.50
2013.02.27 15:58:46.199,1.55314,1.55343,2.48,1.50
2013.02.27 15:58:46.774,1.55322,1.55343,1.50,1.73
2013.02.27 15:58:47.079,1.55333,1.55363,1.13,1.73
2013.02.27 15:58:47.199,1.55333,1.55359,1.13,1.73
2013.02.27 15:58:47.679,1.55332,1.55356,1.32,2.48
2013.02.27 15:58:47.740,1.55327,1.55356,2.07,2.48
2013.02.27 15:58:48.279,1.55322,1.55353,1.73,2.48
2013.02.27 15:58:49.059,1.55324,1.55352,1.95,1.50
2013.02.27 15:58:49.180,1.55332,1.55359,1.95,2.63
2013.02.27 15:58:49.244,1.55332,1.55359,1.95,1.88
2013.02.27 15:58:49.430,1.5534,1.55362,1.73,1.13
2013.02.27 15:58:49.490,1.5534,1.55367,1.95,1.13
2013.02.27 15:58:49.729,1.55335,1.55367,1.73,1.73
2013.02.27 15:58:49.970,1.55331,1.55364,1.17,1.50
2013.02.27 15:58:50.350,1.5533,1.55365,3.23,1.50
2013.02.27 15:58:50.410,1.55337,1.55368,1.50,2.10
2013.02.27 15:58:50.830,1.5534,1.55372,2.25,1.13
2013.02.27 15:58:51.181,1.5534,1.55372,1.50,1.13
2013.02.27 15:58:51.258,1.5534,1.5537,1.50,2.25
2013.02.27 15:58:51.320,1.5534,1.55364,1.50,1.50
2013.02.27 15:58:51.380,1.55336,1.55364,2.25,1.50
2013.02.27 15:58:51.679,1.55336,1.55369,3.75,1.50
2013.02.27 15:58:52.040,1.55338,1.5537,1.50,1.50
2013.02.27 15:58:52.910,1.55341,1.5537,1.73,1.50
2013.02.27 15:58:53.219,1.55341,1.55364,1.50,1.50
2013.02.27 15:58:53.759,1.55335,1.55368,1.73,2.25
2013.02.27 15:58:54.001,1.55337,1.55368,1.73,1.50
2013.02.27 15:58:54.120,1.55334,1.55366,1.73,1.50
2013.02.27 15:58:54.181,1.55334,1.55365,2.48,1.50
2013.02.27 15:58:54.480,1.55334,1.55357,2.48,2.10
2013.02.27 15:58:54.661,1.55328,1.55353,2.04,2.25
2013.02.27 15:58:54.721,1.55328,1.55353,1.73,2.25
2013.02.27 15:58:54.785,1.55327,1.55348,1.73,1.50
2013.02.27 15:58:54.853,1.55325,1.55348,1.73,1.50
2013.02.27 15:58:55.292,1.55322,1.55343,3.08,3.23
2013.02.27 15:58:55.473,1.55322,1.55344,3.08,1.69
2013.02.27 15:58:55.540,1.55322,1.55344,1.50,1.69
2013.02.27 15:58:55.781,1.55321,1.55344,1.73,1.50
2013.02.27 15:58:56.151,1.55321,1.55344,1.73,2.25
2013.02.27 15:58:56.391,1.55321,1.55348,1.73,1.50
2013.02.27 15:58:56.450,1.55319,1.55347,3.24,1.50
2013.02.27 15:58:56.835,1.55319,1.55341,3.24,1.80
2013.02.27 15:58:57.019,1.55319,1.55348,3.24,2.40
2013.02.27 15:58:57.390,1.55321,1.55348,1.73,3.15
2013.02.27 15:58:57.450,1.55321,1.55348,1.73,1.50
2013.02.27 15:58:57.629,1.55322,1.55348,1.50,1.50
2013.02.27 15:58:57.786,1.55322,1.55348,1.50,1.50
2013.02.27 15:58:58.118,1.55321,1.55348,1.50,1.50
2013.02.27 15:58:58.330,1.55321,1.55348,1.50,1.50
2013.02.27 15:58:58.689,1.55322,1.55354,1.50,1.32
2013.02.27 15:58:58.750,1.55322,1.55354,1.50,1.13
2013.02.27 15:58:58.810,1.55322,1.55354,1.50,1.88
2013.02.27 15:58:59.200,1.55326,1.55355,1.73,1.50
2013.02.27 15:58:59.439,1.5533,1.55358,1.73,1.50
2013.02.27 15:58:59.804,1.5533,1.5536,1.73,1.28
2013.02.27 15:59:00.110,1.55336,1.55363,1.50,1.69
2013.02.27 15:59:00.679,1.55344,1.55369,2.25,1.50
2013.02.27 15:59:00.739,1.55344,1.55368,2.25,1.88
2013.02.27 15:59:01.060,1.55341,1.55369,1.50,1.50
2013.02.27 15:59:01.750,1.55341,1.55375,1.13,1.73
2013.02.27 15:59:02.498,1.55336,1.55374,2.10,1.73
2013.02.27 15:59:02.632,1.5534,1.55373,1.50,1.17
2013.02.27 15:59:03.060,1.5534,1.55365,1.73,1.84
2013.02.27 15:59:03.240,1.55337,1.5536,1.50,1.28
2013.02.27 15:59:03.301,1.55332,1.5536,1.50,1.28
2013.02.27 15:59:03.360,1.55332,1.5536,1.50,1.28
2013.02.27 15:59:03.661,1.55332,1.5536,1.73,1.09
2013.02.27 15:59:03.721,1.55332,1.5536,1.73,1.09
2013.02.27 15:59:03.839,1.5533,1.5536,1.73,1.84
2013.02.27 15:59:04.159,1.5533,1.5536,1.73,1.84
2013.02.27 15:59:04.770,1.55325,1.55359,1.25,1.50
2013.02.27 15:59:05.390,1.55325,1.55359,1.73,2.25
2013.02.27 15:59:06.800,1.55325,1.55355,2.67,1.84
2013.02.27 15:59:06.860,1.55325,1.5535,2.67,1.09
2013.02.27 15:59:07.040,1.55325,1.55349,1.50,1.13
2013.02.27 15:59:07.161,1.55324,1.55348,1.13,2.59
2013.02.27 15:59:07.222,1.55322,1.55343,1.13,1.09
2013.02.27 15:59:07.342,1.55319,1.55343,1.95,1.28
2013.02.27 15:59:07.402,1.55314,1.55348,1.95,1.73
2013.02.27 15:59:07.761,1.55312,1.55347,1.35,1.50
2013.02.27 15:59:07.892,1.55312,1.55345,1.35,1.73
2013.02.27 15:59:08.130,1.55312,1.55346,1.35,1.73
2013.02.27 15:59:08.490,1.55306,1.55333,1.73,1.28
2013.02.27 15:59:08.791,1.55299,1.55331,1.34,1.50
2013.02.27 15:59:08.972,1.55296,1.55327,2.10,1.50
2013.02.27 15:59:09.329,1.55295,1.5531,1.73,1.84
2013.02.27 15:59:09.390,1.55291,1.55309,1.50,1.09
2013.02.27 15:59:09.450,1.55289,1.55305,1.50,1.09
2013.02.27 15:59:09.510,1.55288,1.55305,2.63,1.28
2013.02.27 15:59:09.750,1.55277,1.55305,2.25,1.65
2013.02.27 15:59:10.090,1.55274,1.55306,1.73,1.65
2013.02.27 15:59:10.150,1.55288,1.55306,1.09,1.32
2013.02.27 15:59:10.510,1.55291,1.55317,1.32,1.65
2013.02.27 15:59:10.640,1.55292,1.55316,1.50,1.65
2013.02.27 15:59:10.940,1.55293,1.55324,1.50,1.50
2013.02.27 15:59:11.501,1.55289,1.55324,1.88,1.73
2013.02.27 15:59:12.009,1.55289,1.55323,1.88,1.73
2013.02.27 15:59:12.370,1.55288,1.55321,1.50,2.48
2013.02.27 15:59:13.059,1.55289,1.55326,3.57,2.25
2013.02.27 15:59:13.558,1.5529,1.55325,1.69,1.50
2013.02.27 15:59:13.810,1.55294,1.55323,1.50,3.04
2013.02.27 15:59:14.050,1.55295,1.55323,1.50,3.57
2013.02.27 15:59:14.233,1.55295,1.55323,1.50,3.00
2013.02.27 15:59:14.363,1.55295,1.55323,1.50,3.98
2013.02.27 15:59:14.421,1.55295,1.55323,1.50,3.98
2013.02.27 15:59:14.481,1.55291,1.55318,1.50,1.52
2013.02.27 15:59:14.884,1.55286,1.55316,1.50,1.86
2013.02.27 15:59:14.951,1.55283,1.55314,2.25,1.73
2013.02.27 15:59:15.010,1.55283,1.55314,1.73,1.73
2013.02.27 15:59:15.783,1.55284,1.55309,1.73,1.50
2013.02.27 15:59:16.140,1.55284,1.55312,1.73,1.50
2013.02.27 15:59:16.199,1.55289,1.55319,1.13,1.73
2013.02.27 15:59:16.500,1.55301,1.55323,1.50,1.34
2013.02.27 15:59:16.861,1.55289,1.55315,1.35,1.50
2013.02.27 15:59:17.042,1.55292,1.55316,1.50,1.92
2013.02.27 15:59:17.170,1.55292,1.55315,1.50,1.73
2013.02.27 15:59:17.590,1.55291,1.55321,2.48,1.50
2013.02.27 15:59:17.651,1.55291,1.55321,2.48,1.50
2013.02.27 15:59:17.800,1.55291,1.55323,2.48,1.73
2013.02.27 15:59:18.110,1.55296,1.55318,1.73,1.50
2013.02.27 15:59:18.471,1.55287,1.55311,1.69,1.13
2013.02.27 15:59:18.590,1.55289,1.55317,1.50,1.73
2013.02.27 15:59:18.951,1.55298,1.55321,1.13,1.50
2013.02.27 15:59:19.190,1.55297,1.55321,2.48,1.50
2013.02.27 15:59:19.311,1.55298,1.55321,1.43,1.50
2013.02.27 15:59:19.669,1.55309,1.55336,2.03,2.10
2013.02.27 15:59:20.349,1.55321,1.55342,1.09,2.78
2013.02.27 15:59:20.650,1.55318,1.55341,1.50,2.25
2013.02.27 15:59:20.890,1.55318,1.55336,1.69,2.93
2013.02.27 15:59:21.011,1.55322,1.55341,1.73,1.95
2013.02.27 15:59:21.350,1.55323,1.55351,1.73,2.93
2013.02.27 15:59:21.410,1.55323,1.55351,1.50,2.93
2013.02.27 15:59:21.589,1.55331,1.55354,1.20,1.50
2013.02.27 15:59:21.650,1.55337,1.55361,1.09,3.23
2013.02.27 15:59:21.890,1.55337,1.55362,1.32,1.32
2013.02.27 15:59:22.482,1.55335,1.55368,1.69,1.73
2013.02.27 15:59:22.646,1.55335,1.55368,1.69,1.73
2013.02.27 15:59:22.903,1.55343,1.55372,1.50,3.08
2013.02.27 15:59:23.260,1.55351,1.55375,1.17,1.80
2013.02.27 15:59:23.561,1.55349,1.55375,1.73,1.05
2013.02.27 15:59:23.680,1.55349,1.55372,1.73,1.88
2013.02.27 15:59:24.011,1.55353,1.55376,1.50,2.18
2013.02.27 15:59:24.362,1.55353,1.55384,1.50,2.25
2013.02.27 15:59:24.720,1.55356,1.55385,1.50,1.50
2013.02.27 15:59:24.962,1.55361,1.55393,1.17,1.73
2013.02.27 15:59:25.020,1.55363,1.55393,1.17,1.50
2013.02.27 15:59:25.080,1.55366,1.55393,1.32,1.13
2013.02.27 15:59:25.381,1.55371,1.55398,1.73,1.13
2013.02.27 15:59:25.682,1.55386,1.55406,1.09,2.70
2013.02.27 15:59:26.171,1.55385,1.55399,1.17,1.35
2013.02.27 15:59:26.530,1.5538,1.55402,3.23,2.85
2013.02.27 15:59:26.591,1.5538,1.55407,3.23,2.93
2013.02.27 15:59:26.710,1.5538,1.55414,3.23,1.88
2013.02.27 15:59:26.830,1.55381,1.55413,3.23,1.88
2013.02.27 15:59:27.351,1.55384,1.55414,1.50,2.63
2013.02.27 15:59:27.930,1.55378,1.55414,1.17,2.63
2013.02.27 15:59:28.289,1.55388,1.55419,1.35,1.50
2013.02.27 15:59:28.531,1.55388,1.55423,1.35,1.47
2013.02.27 15:59:29.089,1.55391,1.55423,1.17,1.47
2013.02.27 15:59:29.641,1.55391,1.55418,1.17,1.13
2013.02.27 15:59:29.880,1.55384,1.55415,1.73,1.50
2013.02.27 15:59:30.180,1.55381,1.55415,1.69,1.35
2013.02.27 15:59:30.481,1.55399,1.55428,1.50,1.13
2013.02.27 15:59:30.922,1.55392,1.55426,1.88,1.13
2013.02.27 15:59:31.110,1.55392,1.55413,1.50,1.84
2013.02.27 15:59:31.231,1.55387,1.55408,2.25,1.28
2013.02.27 15:59:31.530,1.55366,1.55391,1.73,1.84
2013.02.27 15:59:31.891,1.55362,1.55383,1.50,1.69
2013.02.27 15:59:32.192,1.55366,1.55394,1.50,1.13
2013.02.27 15:59:32.432,1.55366,1.55398,2.25,1.13
2013.02.27 15:59:32.610,1.55365,1.55397,1.50,1.13
2013.02.27 15:59:32.810,1.55365,1.55393,1.50,1.43
2013.02.27 15:59:33.111,1.55375,1.55392,1.27,2.44
2013.02.27 15:59:33.170,1.55375,1.5539,1.27,1.83
2013.02.27 15:59:33.231,1.55372,1.55388,1.61,2.24
2013.02.27 15:59:33.352,1.55369,1.55396,2.70,1.49
2013.02.27 15:59:33.891,1.55375,1.5539,1.20,2.18
2013.02.27 15:59:34.111,1.55379,1.55391,1.73,1.28
2013.02.27 15:59:34.353,1.5538,1.55397,1.73,1.73
2013.02.27 15:59:34.720,1.5538,1.55395,1.50,1.73
2013.02.27 15:59:35.080,1.55391,1.55405,1.56,2.10
2013.02.27 15:59:35.382,1.55389,1.554,1.18,1.50
2013.02.27 15:59:35.502,1.5538,1.55394,2.29,1.95
2013.02.27 15:59:35.625,1.5538,1.55398,1.09,2.40
2013.02.27 15:59:35.752,1.55379,1.55398,1.73,1.65
2013.02.27 15:59:35.872,1.55374,1.55398,1.50,2.40
2013.02.27 15:59:36.050,1.55374,1.55395,1.73,1.13
2013.02.27 15:59:36.110,1.55374,1.55395,1.73,1.13
2013.02.27 15:59:36.352,1.55372,1.55394,1.20,1.50
2013.02.27 15:59:36.480,1.55374,1.5539,1.95,1.13
2013.02.27 15:59:36.787,1.55374,1.5539,1.95,1.13
2013.02.27 15:59:37.332,1.55369,1.55393,1.34,1.13
2013.02.27 15:59:37.452,1.55358,1.55393,2.48,1.13
2013.02.27 15:59:37.954,1.55362,1.5539,1.50,1.35
2013.02.27 15:59:38.261,1.55365,1.55389,1.50,1.13
2013.02.27 15:59:38.621,1.55369,1.55394,1.50,1.13
2013.02.27 15:59:38.959,1.55371,1.55394,1.13,1.13
2013.02.27 15:59:39.028,1.55371,1.55402,1.69,1.88
2013.02.27 15:59:39.321,1.55374,1.55408,1.52,1.13
2013.02.27 15:59:39.661,1.55373,1.55409,1.17,1.35
2013.02.27 15:59:39.834,1.55373,1.55409,1.17,2.10
2013.02.27 15:59:39.960,1.55373,1.55409,1.17,1.35
2013.02.27 15:59:40.207,1.55374,1.55409,1.73,1.88
2013.02.27 15:59:40.276,1.55373,1.55402,1.17,1.13
2013.02.27 15:59:40.400,1.55373,1.55402,1.17,1.13
2013.02.27 15:59:40.670,1.55373,1.55402,1.17,1.13
2013.02.27 15:59:41.110,1.55374,1.554,1.28,1.50
2013.02.27 15:59:41.351,1.5537,1.55399,1.50,1.50
2013.02.27 15:59:41.711,1.55364,1.55399,2.10,1.13
2013.02.27 15:59:41.771,1.55364,1.55398,2.10,1.13
2013.02.27 15:59:42.302,1.55368,1.55398,3.23,1.50
2013.02.27 15:59:42.360,1.55371,1.55398,1.50,1.50
2013.02.27 15:59:42.420,1.55371,1.55395,1.50,1.50
2013.02.27 15:59:42.483,1.5537,1.554,1.50,1.09
2013.02.27 15:59:42.974,1.5537,1.55399,1.50,1.13
2013.02.27 15:59:43.160,1.55369,1.55403,1.50,2.48
2013.02.27 15:59:43.461,1.55371,1.55408,1.73,1.69
2013.02.27 15:59:43.583,1.55376,1.55407,1.13,1.50
2013.02.27 15:59:43.714,1.55376,1.55407,1.13,1.50
2013.02.27 15:59:43.902,1.55371,1.55406,2.48,1.73
2013.02.27 15:59:44.441,1.55379,1.55406,1.50,1.50
2013.02.27 15:59:44.801,1.5538,1.55412,1.05,2.10
2013.02.27 15:59:45.111,1.5538,1.55412,1.28,1.13
2013.02.27 15:59:45.642,1.5538,1.55414,1.50,1.50
2013.02.27 15:59:45.882,1.55379,1.55411,1.50,2.03
2013.02.27 15:59:46.061,1.55377,1.554,1.13,1.69
2013.02.27 15:59:46.120,1.55374,1.554,2.25,1.69
2013.02.27 15:59:46.421,1.5537,1.55401,1.09,1.13
2013.02.27 15:59:46.722,1.55378,1.55409,1.13,1.13
2013.02.27 15:59:46.841,1.55379,1.55409,1.13,1.13
2013.02.27 15:59:46.965,1.55378,1.5541,1.54,2.63
2013.02.27 15:59:47.151,1.55379,1.55408,1.73,1.50
2013.02.27 15:59:47.270,1.55379,1.55415,1.73,1.88
2013.02.27 15:59:47.330,1.55379,1.55414,1.35,1.50
2013.02.27 15:59:47.632,1.5538,1.55416,1.73,1.47
2013.02.27 15:59:47.693,1.55381,1.55416,1.50,1.47
2013.02.27 15:59:47.810,1.55381,1.55415,1.50,1.13
2013.02.27 15:59:48.360,1.55379,1.55413,1.35,1.88
2013.02.27 15:59:48.720,1.55378,1.55413,1.35,1.88
2013.02.27 15:59:48.900,1.55377,1.55403,1.35,1.50
2013.02.27 15:59:48.962,1.55377,1.55403,1.13,1.50
2013.02.27 15:59:49.401,1.55367,1.55398,1.73,1.50
2013.02.27 15:59:49.643,1.55367,1.55397,1.50,1.50
2013.02.27 15:59:49.712,1.55368,1.554,1.50,1.50
2013.02.27 15:59:49.830,1.55367,1.55401,1.88,1.84
2013.02.27 15:59:49.953,1.55367,1.55398,1.88,1.50
2013.02.27 15:59:50.202,1.55369,1.55397,1.73,1.50
2013.02.27 15:59:50.442,1.55368,1.55398,2.25,1.50
2013.02.27 15:59:50.500,1.5537,1.55398,1.50,1.13
2013.02.27 15:59:50.680,1.55372,1.554,2.25,1.88
2013.02.27 15:59:50.740,1.55372,1.55404,1.50,1.73
2013.02.27 15:59:50.804,1.55373,1.55406,1.50,2.10
2013.02.27 15:59:51.152,1.55377,1.55406,1.35,1.13
2013.02.27 15:59:51.450,1.55381,1.55413,1.73,1.69
2013.02.27 15:59:51.630,1.55381,1.55411,1.73,1.50
2013.02.27 15:59:51.821,1.55381,1.55409,1.73,1.50
2013.02.27 15:59:52.060,1.55379,1.55407,1.50,1.17
2013.02.27 15:59:52.200,1.55379,1.55409,1.50,1.54
2013.02.27 15:59:52.343,1.55376,1.5541,1.17,1.50
2013.02.27 15:59:52.462,1.55372,1.55405,1.17,1.13
2013.02.27 15:59:52.770,1.55368,1.55408,2.44,2.25
2013.02.27 15:59:52.831,1.55368,1.55405,1.69,1.13
2013.02.27 15:59:53.132,1.55377,1.55409,1.73,1.69
2013.02.27 15:59:53.250,1.55378,1.55413,1.29,2.03
2013.02.27 15:59:54.646,1.55378,1.55417,1.29,1.69
2013.02.27 15:59:54.710,1.55372,1.55409,3.42,1.32
2013.02.27 15:59:54.961,1.55378,1.55414,2.11,1.32
2013.02.27 15:59:55.024,1.55384,1.55414,1.17,1.13
2013.02.27 15:59:55.211,1.55384,1.55418,1.17,2.25
2013.02.27 15:59:55.329,1.55385,1.55418,1.17,1.50
2013.02.27 15:59:56.120,1.55387,1.55423,1.17,1.92
2013.02.27 15:59:56.241,1.55385,1.55423,2.48,2.63
2013.02.27 15:59:56.301,1.55385,1.55415,2.48,1.84
2013.02.27 15:59:56.428,1.55385,1.5541,1.73,1.09
2013.02.27 15:59:56.980,1.55373,1.55407,1.73,1.13
2013.02.27 15:59:57.041,1.55373,1.55403,1.73,1.13
2013.02.27 15:59:57.581,1.55367,1.55403,1.73,1.13
2013.02.27 15:59:57.761,1.55367,1.55407,1.73,1.88
2013.02.27 15:59:58.000,1.55374,1.55408,1.17,1.50
2013.02.27 15:59:58.120,1.55384,1.55409,1.50,1.50
2013.02.27 15:59:58.181,1.55384,1.55416,1.50,1.73
2013.02.27 15:59:58.420,1.55385,1.55413,1.13,1.13
2013.02.27 15:59:58.540,1.55385,1.55419,1.35,1.13
2013.02.27 15:59:58.660,1.55385,1.5542,1.59,1.13
2013.02.27 15:59:58.840,1.55387,1.55415,1.17,1.84
2013.02.27 15:59:59.020,1.55386,1.5541,1.17,1.84
2013.02.27 15:59:59.404,1.55386,1.55409,1.17,1.13
2013.02.27 15:59:59.489,1.5538,1.55409,1.54,1.13
2013.02.27 15:59:59.682,1.55377,1.55412,1.69,2.03
