2017.01.02 11:00:00.478,1.65055,1.65247,1.12,1.00
2017.01.02 11:00:00.730,1.65055,1.65226,1.12,1.00
2017.01.02 11:00:00.839,1.65056,1.65247,1.00,1.12
2017.01.02 11:00:00.924,1.65055,1.65232,1.00,1.00
2017.01.02 11:00:01.032,1.65055,1.65242,1.00,1.00
2017.01.02 11:00:01.488,1.65062,1.65241,1.00,1.00
2017.01.02 11:00:01.589,1.65055,1.65241,1.00,1.00
2017.01.02 11:00:01.639,1.65063,1.65241,1.50,1.00
2017.01.02 11:00:01.972,1.65073,1.65241,1.00,1.00
2017.01.02 11:00:02.327,1.65055,1.65242,1.67,1.00
2017.01.02 11:00:02.728,1.65074,1.65242,1.00,1.00
2017.01.02 11:00:02.828,1.65063,1.65241,1.00,1.00
2017.01.02 11:00:03.078,1.65055,1.65241,1.67,1.00
2017.01.02 11:00:03.229,1.65063,1.65242,1.00,1.00
2017.01.02 11:00:03.378,1.65055,1.65242,1.67,1.00
2017.01.02 11:00:03.879,1.65055,1.65241,1.67,1.00
2017.01.02 11:00:04.399,1.65063,1.65242,1.00,1.00
2017.01.02 11:00:04.500,1.65055,1.65242,1.67,1.00
2017.01.02 11:00:05.015,1.65055,1.65241,1.67,1.00
2017.01.02 11:00:05.519,1.65062,1.65242,2.17,1.00
2017.01.02 11:00:05.771,1.65062,1.65242,1.00,1.00
2017.01.02 11:00:05.882,1.65055,1.65242,1.67,1.00
2017.01.02 11:00:05.932,1.65062,1.65242,1.00,1.00
2017.01.02 11:00:06.046,1.65055,1.65242,1.67,1.00
2017.01.02 11:00:06.148,1.65055,1.65242,1.67,1.00
2017.01.02 11:00:06.399,1.65055,1.65242,1.67,1.00
2017.01.02 11:00:06.475,1.65055,1.65242,1.67,1.00
2017.01.02 11:00:06.986,1.65062,1.65241,2.92,1.00
2017.01.02 11:00:07.037,1.65062,1.65241,1.50,1.00
2017.01.02 11:00:07.088,1.65062,1.65241,2.17,1.00
2017.01.02 11:00:07.384,1.65062,1.65242,1.50,1.00
2017.01.02 11:00:07.485,1.65062,1.65242,1.67,1.00
2017.01.02 11:00:07.985,1.65055,1.65242,2.40,1.00
2017.01.02 11:00:08.035,1.65055,1.65242,2.02,1.00
2017.01.02 11:00:08.549,1.65062,1.65241,1.35,1.00
2017.01.02 11:00:08.650,1.65055,1.65247,2.02,1.00
2017.01.02 11:00:08.886,1.65062,1.65242,2.85,1.00
2017.01.02 11:00:09.737,1.65062,1.65241,1.35,1.00
2017.01.02 11:00:10.245,1.65056,1.65242,1.67,1.00
2017.01.02 11:00:10.820,1.65055,1.65241,1.67,1.00
2017.01.02 11:00:11.336,1.65062,1.65241,1.00,1.00
2017.01.02 11:00:11.839,1.65063,1.65241,1.50,1.00
2017.01.02 11:00:12.160,1.65072,1.65242,1.00,1.00
2017.01.02 11:00:12.415,1.65067,1.65242,1.00,1.00
2017.01.02 11:00:12.516,1.65074,1.65242,1.00,1.00
2017.01.02 11:00:12.817,1.65072,1.65242,1.00,1.00
2017.01.02 11:00:13.138,1.65074,1.65242,1.00,1.00
2017.01.02 11:00:13.460,1.65072,1.65242,1.00,1.00
2017.01.02 11:00:13.511,1.65076,1.65242,1.00,1.00
2017.01.02 11:00:13.745,1.65073,1.65242,1.00,1.00
2017.01.02 11:00:14.012,1.6507,1.65241,1.00,1.00
2017.01.02 11:00:14.113,1.65076,1.65241,1.00,1.00
2017.01.02 11:00:14.213,1.65073,1.65242,1.00,1.00
2017.01.02 11:00:14.323,1.65067,1.65242,1.00,1.00
2017.01.02 11:00:14.424,1.65073,1.65242,1.00,1.00
2017.01.02 11:00:14.955,1.65074,1.65242,1.00,1.00
2017.01.02 11:00:15.478,1.65074,1.65241,1.00,1.00
2017.01.02 11:00:15.779,1.65079,1.65242,1.00,1.00
2017.01.02 11:00:16.000,1.65077,1.65242,1.00,1.00
2017.01.02 11:00:16.227,1.65074,1.65242,1.00,1.00
2017.01.02 11:00:16.548,1.65076,1.65242,1.00,1.00
2017.01.02 11:00:16.600,1.65071,1.65242,1.00,1.00
2017.01.02 11:00:16.907,1.65073,1.65242,1.00,1.00
2017.01.02 11:00:17.009,1.65071,1.65242,1.00,1.00
2017.01.02 11:00:17.210,1.65073,1.65242,1.00,1.00
2017.01.02 11:00:17.444,1.65067,1.65242,1.00,1.00
2017.01.02 11:00:17.547,1.6507,1.65242,1.00,1.00
2017.01.02 11:00:17.710,1.65065,1.65242,1.72,1.00
2017.01.02 11:00:17.810,1.65073,1.65242,1.00,1.00
2017.01.02 11:00:18.335,1.65073,1.65241,1.00,1.00
2017.01.02 11:00:18.865,1.65073,1.65242,1.00,1.00
2017.01.02 11:00:19.036,1.65068,1.65242,1.00,1.00
2017.01.02 11:00:19.137,1.65074,1.65241,1.00,1.00
2017.01.02 11:00:19.615,1.65072,1.65242,1.00,1.00
2017.01.02 11:00:20.017,1.65076,1.65242,1.00,1.00
2017.01.02 11:00:20.507,1.65073,1.65242,1.00,1.00
2017.01.02 11:00:20.615,1.65075,1.65242,1.00,1.00
2017.01.02 11:00:21.118,1.65076,1.65242,1.00,1.00
2017.01.02 11:00:21.219,1.65072,1.65242,1.00,1.00
2017.01.02 11:00:21.319,1.65075,1.65242,1.00,1.00
2017.01.02 11:00:21.521,1.65071,1.65241,1.00,1.00
2017.01.02 11:00:21.621,1.65073,1.65242,1.00,1.00
2017.01.02 11:00:21.968,1.65077,1.65242,1.00,1.00
2017.01.02 11:00:22.119,1.65068,1.65242,1.00,1.00
2017.01.02 11:00:22.220,1.65075,1.65242,1.00,1.00
2017.01.02 11:00:22.359,1.65071,1.65242,1.00,1.00
2017.01.02 11:00:22.561,1.65069,1.65242,1.00,1.00
2017.01.02 11:00:22.666,1.65071,1.65242,1.00,1.00
2017.01.02 11:00:22.971,1.65074,1.65242,1.00,1.00
2017.01.02 11:00:23.113,1.65071,1.65242,1.00,1.00
2017.01.02 11:00:23.322,1.65074,1.65242,1.00,1.00
2017.01.02 11:00:23.422,1.65072,1.65242,1.00,1.00
2017.01.02 11:00:23.832,1.65075,1.65241,1.00,1.00
2017.01.02 11:00:23.914,1.65072,1.65241,1.00,1.00
2017.01.02 11:00:24.014,1.65067,1.65241,1.00,1.00
2017.01.02 11:00:24.123,1.65074,1.65241,1.00,1.00
2017.01.02 11:00:24.325,1.65066,1.65241,1.35,1.00
2017.01.02 11:00:24.425,1.65072,1.65241,1.00,1.00
2017.01.02 11:00:24.727,1.65074,1.65241,1.00,1.00
2017.01.02 11:00:25.051,1.65076,1.65241,1.00,1.00
2017.01.02 11:00:25.356,1.65072,1.65241,1.00,1.00
2017.01.02 11:00:25.559,1.65075,1.65241,1.00,1.00
2017.01.02 11:00:25.616,1.65073,1.65241,1.00,1.00
2017.01.02 11:00:26.028,1.65075,1.65241,1.00,1.00
2017.01.02 11:00:26.440,1.65073,1.65241,1.00,1.00
2017.01.02 11:00:26.525,1.65068,1.65241,1.00,1.00
2017.01.02 11:00:26.625,1.65076,1.65241,1.00,1.00
2017.01.02 11:00:26.930,1.65072,1.65241,1.00,1.00
2017.01.02 11:00:27.030,1.65076,1.65241,1.00,1.00
2017.01.02 11:00:27.131,1.65074,1.65241,1.00,1.00
2017.01.02 11:00:27.218,1.65072,1.65241,1.00,1.00
2017.01.02 11:00:27.418,1.65074,1.65241,1.00,1.00
2017.01.02 11:00:27.518,1.65072,1.65241,1.00,1.00
2017.01.02 11:00:27.839,1.6507,1.65241,1.00,1.00
2017.01.02 11:00:27.939,1.65076,1.65241,1.00,1.00
2017.01.02 11:00:28.141,1.65064,1.65241,1.00,1.00
2017.01.02 11:00:28.241,1.65075,1.65241,1.00,1.00
2017.01.02 11:00:28.342,1.65073,1.65241,1.00,1.00
2017.01.02 11:00:28.443,1.65067,1.65241,1.00,1.00
2017.01.02 11:00:28.520,1.65072,1.65241,1.00,1.00
2017.01.02 11:00:28.833,1.65077,1.65241,1.00,1.00
2017.01.02 11:00:28.941,1.65075,1.65241,1.00,1.00
2017.01.02 11:00:29.163,1.6508,1.65241,1.00,1.00
2017.01.02 11:00:29.434,1.65074,1.65241,1.00,1.00
2017.01.02 11:00:29.535,1.65076,1.65241,1.00,1.00
2017.01.02 11:00:29.636,1.65073,1.65241,1.00,1.00
2017.01.02 11:00:30.138,1.65076,1.65241,1.00,1.00
2017.01.02 11:00:30.336,1.6507,1.65241,1.00,1.00
2017.01.02 11:00:30.437,1.65075,1.65241,1.00,1.00
2017.01.02 11:00:30.537,1.65073,1.65241,1.00,1.00
2017.01.02 11:00:30.638,1.65075,1.65241,1.00,1.00
2017.01.02 11:00:31.037,1.65073,1.65241,1.00,1.00
2017.01.02 11:00:31.138,1.65075,1.65241,1.00,1.00
2017.01.02 11:00:31.247,1.65073,1.65241,1.00,1.00
2017.01.02 11:00:31.789,1.65074,1.65241,1.00,1.00
2017.01.02 11:00:31.938,1.6507,1.65241,1.00,1.00
2017.01.02 11:00:32.039,1.65073,1.65241,1.00,1.00
2017.01.02 11:00:32.232,1.65069,1.65241,1.00,1.00
2017.01.02 11:00:32.333,1.65076,1.65241,1.00,1.00
2017.01.02 11:00:32.640,1.65074,1.65241,1.00,1.00
2017.01.02 11:00:32.942,1.65072,1.65241,1.00,1.00
2017.01.02 11:00:33.043,1.65075,1.65241,1.00,1.00
2017.01.02 11:00:33.227,1.65071,1.65241,1.00,1.00
2017.01.02 11:00:33.325,1.65075,1.65241,1.00,1.00
2017.01.02 11:00:33.540,1.65072,1.65241,1.00,1.00
2017.01.02 11:00:33.641,1.65076,1.65241,1.00,1.00
2017.01.02 11:00:34.144,1.65069,1.65242,1.00,1.00
2017.01.02 11:00:34.245,1.65076,1.65242,1.00,1.00
2017.01.02 11:00:34.345,1.65072,1.65242,1.00,1.00
2017.01.02 11:00:34.446,1.65076,1.65242,1.00,1.00
2017.01.02 11:00:34.547,1.65074,1.65242,1.00,1.00
2017.01.02 11:00:34.944,1.65071,1.65242,1.00,1.00
2017.01.02 11:00:35.246,1.65075,1.65242,1.00,1.00
2017.01.02 11:00:35.528,1.65072,1.65242,1.00,1.00
2017.01.02 11:00:35.935,1.65076,1.65242,1.00,1.00
2017.01.02 11:00:36.230,1.65073,1.65242,1.00,1.00
2017.01.02 11:00:36.329,1.65077,1.65242,1.00,1.00
2017.01.02 11:00:36.430,1.65072,1.65242,1.00,1.00
2017.01.02 11:00:36.530,1.65075,1.65242,1.00,1.00
2017.01.02 11:00:37.056,1.65076,1.65242,1.00,1.00
2017.01.02 11:00:37.277,1.65072,1.65242,1.00,1.00
2017.01.02 11:00:37.431,1.65075,1.65242,1.00,1.00
2017.01.02 11:00:37.732,1.65064,1.65216,1.00,1.00
2017.01.02 11:00:37.783,1.65064,1.65237,1.00,1.00
2017.01.02 11:00:37.934,1.65066,1.65242,1.00,1.00
2017.01.02 11:00:38.035,1.65064,1.65242,1.00,1.00
2017.01.02 11:00:38.085,1.65066,1.65242,1.00,1.00
2017.01.02 11:00:38.389,1.65071,1.65242,1.00,1.00
2017.01.02 11:00:38.691,1.65067,1.65242,1.00,1.00
2017.01.02 11:00:38.903,1.6507,1.65242,1.00,1.00
2017.01.02 11:00:38.973,1.65064,1.65242,1.00,1.00
2017.01.02 11:00:39.023,1.65066,1.65242,1.00,1.00
2017.01.02 11:00:39.486,1.65063,1.65241,1.00,1.00
2017.01.02 11:00:39.537,1.65069,1.65241,1.00,1.00
2017.01.02 11:00:39.653,1.65065,1.65241,1.00,1.00
2017.01.02 11:00:39.805,1.6507,1.65241,1.00,1.00
2017.01.02 11:00:39.856,1.65065,1.65241,1.00,1.00
2017.01.02 11:00:39.906,1.65067,1.65241,1.00,1.00
2017.01.02 11:00:39.956,1.65065,1.65241,1.00,1.00
2017.01.02 11:00:40.007,1.65068,1.65241,1.00,1.00
2017.01.02 11:00:40.260,1.65061,1.65242,1.00,1.00
2017.01.02 11:00:40.310,1.65065,1.65242,1.00,1.00
2017.01.02 11:00:40.612,1.6507,1.65242,1.00,1.00
2017.01.02 11:00:40.713,1.65066,1.65242,1.00,1.00
2017.01.02 11:00:40.763,1.65069,1.65242,1.00,1.00
2017.01.02 11:00:40.814,1.65065,1.65242,1.00,1.00
2017.01.02 11:00:40.864,1.65069,1.65242,1.00,1.00
2017.01.02 11:00:41.266,1.65072,1.65242,1.00,1.00
2017.01.02 11:00:41.316,1.6507,1.65242,1.00,1.00
2017.01.02 11:00:41.367,1.65068,1.65242,1.00,1.00
2017.01.02 11:00:41.417,1.65071,1.65242,1.00,1.00
2017.01.02 11:00:41.468,1.65069,1.65242,1.00,1.00
2017.01.02 11:00:41.602,1.65065,1.65242,1.00,1.00
2017.01.02 11:00:41.653,1.65067,1.65242,1.00,1.00
2017.01.02 11:00:41.703,1.65065,1.65242,1.00,1.00
2017.01.02 11:00:41.754,1.65068,1.65242,1.00,1.00
2017.01.02 11:00:41.804,1.65066,1.65242,1.00,1.00
2017.01.02 11:00:41.855,1.65072,1.65242,1.00,1.00
2017.01.02 11:00:41.958,1.6507,1.65242,1.00,1.00
2017.01.02 11:00:42.009,1.65073,1.65242,1.00,1.00
2017.01.02 11:00:42.062,1.6507,1.65242,1.00,1.00
2017.01.02 11:00:42.141,1.65055,1.65242,1.72,1.00
2017.01.02 11:00:42.192,1.65066,1.65242,1.00,1.00
2017.01.02 11:00:42.544,1.65072,1.65242,1.00,1.00
2017.01.02 11:00:42.594,1.65069,1.65242,1.00,1.00
2017.01.02 11:00:42.645,1.65073,1.65242,1.00,1.00
2017.01.02 11:00:42.695,1.65069,1.65242,1.00,1.00
2017.01.02 11:00:42.768,1.65066,1.65242,1.00,1.00
2017.01.02 11:00:42.869,1.6507,1.65242,1.00,1.00
2017.01.02 11:00:43.073,1.65066,1.65242,1.00,1.00
2017.01.02 11:00:43.123,1.65069,1.65242,1.00,1.00
2017.01.02 11:00:43.383,1.65064,1.65242,1.00,1.00
2017.01.02 11:00:43.434,1.65066,1.65242,1.00,1.00
2017.01.02 11:00:43.862,1.65064,1.65242,1.00,1.00
2017.01.02 11:00:43.913,1.65066,1.65242,1.00,1.00
2017.01.02 11:00:44.043,1.65062,1.65242,1.00,1.00
2017.01.02 11:00:44.094,1.65065,1.65242,1.00,1.00
2017.01.02 11:00:44.446,1.65069,1.65242,1.00,1.00
2017.01.02 11:00:44.690,1.65063,1.65242,1.00,1.00
2017.01.02 11:00:44.741,1.65071,1.65242,1.00,1.00
2017.01.02 11:00:44.791,1.65068,1.65242,1.00,1.00
2017.01.02 11:00:44.964,1.65072,1.65242,1.00,1.00
2017.01.02 11:00:45.014,1.6507,1.65242,1.00,1.00
2017.01.02 11:00:45.322,1.65062,1.65242,1.50,1.00
2017.01.02 11:00:45.375,1.65065,1.65242,1.00,1.00
2017.01.02 11:00:45.695,1.65071,1.65242,1.00,1.00
2017.01.02 11:00:45.746,1.65066,1.65242,1.00,1.00
2017.01.02 11:00:45.895,1.65069,1.65242,1.00,1.00
2017.01.02 11:00:45.946,1.65062,1.65242,1.00,1.00
2017.01.02 11:00:45.996,1.65069,1.65242,1.00,1.00
2017.01.02 11:00:46.047,1.65066,1.65242,1.00,1.00
2017.01.02 11:00:46.097,1.65068,1.65242,1.00,1.00
2017.01.02 11:00:46.240,1.6507,1.65251,1.00,1.00
2017.01.02 11:00:46.290,1.65066,1.65242,1.00,1.00
2017.01.02 11:00:46.596,1.65055,1.65242,1.97,1.00
2017.01.02 11:00:46.646,1.65069,1.65242,1.00,1.00
2017.01.02 11:00:46.697,1.65065,1.65242,1.00,1.00
2017.01.02 11:00:46.824,1.65067,1.65242,1.00,1.00
2017.01.02 11:00:46.975,1.65065,1.65242,1.00,1.00
2017.01.02 11:00:47.026,1.65067,1.65242,1.00,1.00
2017.01.02 11:00:47.342,1.65072,1.65242,1.00,1.00
2017.01.02 11:00:47.392,1.65069,1.65242,1.00,1.00
2017.01.02 11:00:47.493,1.65072,1.65242,1.00,1.00
2017.01.02 11:00:47.543,1.65055,1.65242,1.97,1.00
2017.01.02 11:00:47.594,1.65068,1.65242,1.00,1.00
2017.01.02 11:00:47.878,1.65065,1.65242,1.00,1.00
2017.01.02 11:00:47.979,1.65068,1.65242,1.00,1.00
2017.01.02 11:00:48.075,1.65066,1.65242,1.00,1.00
2017.01.02 11:00:48.143,1.6507,1.65242,1.00,1.00
2017.01.02 11:00:48.496,1.65062,1.65242,1.00,1.00
2017.01.02 11:00:48.547,1.65069,1.65242,1.00,1.00
2017.01.02 11:00:48.814,1.65055,1.65242,1.97,1.00
2017.01.02 11:00:48.864,1.65065,1.65242,1.00,1.00
2017.01.02 11:00:49.179,1.6507,1.65242,1.00,1.00
2017.01.02 11:00:49.415,1.65068,1.65242,1.00,1.00
2017.01.02 11:00:49.532,1.6507,1.65242,1.00,1.00
2017.01.02 11:00:49.582,1.65068,1.65242,1.00,1.00
2017.01.02 11:00:49.683,1.65066,1.65242,1.00,1.00
2017.01.02 11:00:49.734,1.6507,1.65242,1.00,1.00
2017.01.02 11:00:50.074,1.65062,1.65242,1.50,1.00
2017.01.02 11:00:50.124,1.65072,1.65242,1.00,1.00
2017.01.02 11:00:50.257,1.65062,1.65242,1.00,1.00
2017.01.02 11:00:50.307,1.65071,1.65242,1.00,1.00
2017.01.02 11:00:50.408,1.65066,1.65242,1.00,1.00
2017.01.02 11:00:50.458,1.6507,1.65242,1.00,1.00
2017.01.02 11:00:50.825,1.65072,1.65242,1.00,1.00
2017.01.02 11:00:50.876,1.65069,1.65242,1.00,1.00
2017.01.02 11:00:51.072,1.65066,1.65242,1.00,1.00
2017.01.02 11:00:51.362,1.65064,1.65242,1.00,1.00
2017.01.02 11:00:51.412,1.65069,1.65242,1.00,1.00
2017.01.02 11:00:51.613,1.65062,1.65242,1.50,1.00
2017.01.02 11:00:51.664,1.65069,1.65242,1.00,1.00
2017.01.02 11:00:51.818,1.65065,1.65242,1.00,1.00
2017.01.02 11:00:51.868,1.65069,1.65242,1.00,1.00
2017.01.02 11:00:51.919,1.65065,1.65242,1.00,1.00
2017.01.02 11:00:51.969,1.65068,1.65242,1.00,1.00
2017.01.02 11:00:52.278,1.65062,1.65242,1.00,1.00
2017.01.02 11:00:52.328,1.65076,1.65242,1.00,1.00
2017.01.02 11:00:52.429,1.65074,1.65242,1.00,1.00
2017.01.02 11:00:52.479,1.65076,1.65242,1.00,1.00
2017.01.02 11:00:52.530,1.65074,1.65242,1.00,1.00
2017.01.02 11:00:52.630,1.65072,1.65242,1.00,1.00
2017.01.02 11:00:52.869,1.6507,1.65242,1.00,1.00
2017.01.02 11:00:52.970,1.65067,1.65242,1.00,1.00
2017.01.02 11:00:53.020,1.65071,1.65242,1.00,1.00
2017.01.02 11:00:53.071,1.65067,1.65242,1.00,1.00
2017.01.02 11:00:53.121,1.65071,1.65242,1.00,1.00
2017.01.02 11:00:53.209,1.65066,1.65242,1.00,1.00
2017.01.02 11:00:53.260,1.65069,1.65242,1.00,1.00
2017.01.02 11:00:53.530,1.65067,1.65242,1.00,1.00
2017.01.02 11:00:53.630,1.6507,1.65242,1.00,1.00
2017.01.02 11:00:53.681,1.65066,1.65242,1.00,1.00
2017.01.02 11:00:53.731,1.65069,1.65242,1.00,1.00
2017.01.02 11:00:53.782,1.65067,1.65242,1.00,1.00
2017.01.02 11:00:53.833,1.6507,1.65242,1.00,1.00
2017.01.02 11:00:53.883,1.65066,1.65242,1.00,1.00
2017.01.02 11:00:53.934,1.65072,1.65242,1.00,1.00
2017.01.02 11:00:53.985,1.65066,1.65242,1.00,1.00
2017.01.02 11:00:54.035,1.6507,1.65242,1.00,1.00
2017.01.02 11:00:54.086,1.65065,1.65242,1.00,1.00
2017.01.02 11:00:54.136,1.6507,1.65242,1.00,1.00
2017.01.02 11:00:54.187,1.65068,1.65242,1.00,1.00
2017.01.02 11:00:54.238,1.65071,1.65242,1.00,1.00
2017.01.02 11:00:54.672,1.65073,1.65242,1.00,1.00
2017.01.02 11:00:54.722,1.65069,1.65242,1.00,1.00
2017.01.02 11:00:54.823,1.65066,1.65242,1.00,1.00
2017.01.02 11:00:54.879,1.65071,1.65242,1.00,1.00
2017.01.02 11:00:54.930,1.65066,1.65242,1.00,1.00
2017.01.02 11:00:54.980,1.65073,1.65242,1.00,1.00
2017.01.02 11:00:55.104,1.65068,1.65242,1.00,1.00
2017.01.02 11:00:55.205,1.65074,1.65242,1.00,1.00
2017.01.02 11:00:55.255,1.6507,1.65242,1.00,1.00
2017.01.02 11:00:55.306,1.65074,1.65242,1.00,1.00
2017.01.02 11:00:55.357,1.65071,1.65242,1.00,1.00
2017.01.02 11:00:55.472,1.65055,1.65242,2.32,1.00
2017.01.02 11:00:55.522,1.65074,1.65242,1.00,1.00
2017.01.02 11:00:55.612,1.65071,1.65242,1.00,1.00
2017.01.02 11:00:55.662,1.65074,1.65242,1.00,1.00
2017.01.02 11:00:56.112,1.6507,1.65242,1.00,1.00
2017.01.02 11:00:56.162,1.65074,1.65242,1.00,1.00
2017.01.02 11:00:56.364,1.6507,1.65242,1.00,1.00
2017.01.02 11:00:56.415,1.65062,1.65242,2.25,1.00
2017.01.02 11:00:56.924,1.65055,1.65242,2.32,1.00
2017.01.02 11:00:57.387,1.65063,1.65242,1.00,1.00
2017.01.02 11:00:57.538,1.65055,1.65242,2.32,1.00
2017.01.02 11:00:58.221,1.65062,1.65242,1.00,1.00
2017.01.02 11:00:58.826,1.65061,1.65242,1.30,1.00
2017.01.02 11:00:59.391,1.65062,1.65242,1.00,1.00
2017.01.02 11:00:59.927,1.65061,1.65242,1.30,1.00
2017.01.02 11:01:00.443,1.65063,1.65242,1.50,1.00
2017.01.02 11:01:00.895,1.65061,1.65242,1.30,1.00
2017.01.02 11:01:02.003,1.65063,1.65242,1.00,1.00
2017.01.02 11:01:02.054,1.65056,1.65242,1.12,1.00
2017.01.02 11:01:02.104,1.65056,1.65236,1.67,1.00
2017.01.02 11:01:02.305,1.65056,1.65237,1.00,1.00
2017.01.02 11:01:02.507,1.65055,1.65208,1.00,1.00
2017.01.02 11:01:02.557,1.65055,1.65237,1.00,1.00
2017.01.02 11:01:03.065,1.65056,1.65237,1.00,1.00
2017.01.02 11:01:03.653,1.65055,1.65236,1.00,1.00
2017.01.02 11:01:04.388,1.65055,1.65237,1.00,1.00
2017.01.02 11:01:07.575,1.65055,1.65236,1.00,1.00
2017.01.02 11:01:08.275,1.65055,1.65237,1.00,1.00
2017.01.02 11:01:08.939,1.65055,1.65236,1.00,1.37
2017.01.02 11:01:09.039,1.65056,1.65236,1.00,1.00
2017.01.02 11:01:09.542,1.65055,1.65236,1.00,1.00
2017.01.02 11:01:09.592,1.65055,1.65225,1.00,1.00
2017.01.02 11:01:09.643,1.65055,1.65237,1.00,1.00
2017.01.02 11:01:10.167,1.65055,1.65236,1.00,1.00
2017.01.02 11:01:10.740,1.65056,1.65236,1.00,1.00
2017.01.02 11:01:12.854,1.65056,1.65237,1.00,1.37
2017.01.02 11:01:12.955,1.65055,1.6522,1.00,1.37
2017.01.02 11:01:13.055,1.65055,1.65226,1.00,1.00
2017.01.02 11:01:13.374,1.65055,1.65237,1.00,1.00
2017.01.02 11:01:13.944,1.65056,1.65237,1.00,1.00
2017.01.02 11:01:14.876,1.65055,1.65237,1.00,1.00
2017.01.02 11:01:16.715,1.65056,1.65237,1.00,1.00
2017.01.02 11:01:16.823,1.65055,1.65225,1.00,1.00
2017.01.02 11:01:17.125,1.65059,1.65216,1.00,1.00
2017.01.02 11:01:17.448,1.65058,1.65194,1.00,1.00
2017.01.02 11:01:17.699,1.65058,1.6521,1.00,1.50
2017.01.02 11:01:17.770,1.65058,1.65194,1.00,1.00
2017.01.02 11:01:18.273,1.65058,1.65193,1.00,1.50
2017.01.02 11:01:18.678,1.65055,1.65194,1.00,1.50
2017.01.02 11:01:18.729,1.65056,1.65224,1.00,1.00
2017.01.02 11:01:18.880,1.65055,1.65217,1.00,1.00
2017.01.02 11:01:19.182,1.65058,1.65209,1.00,1.00
2017.01.02 11:01:19.587,1.65058,1.65216,1.00,1.00
2017.01.02 11:01:19.638,1.65058,1.6521,1.00,1.00
2017.01.02 11:01:20.002,1.65058,1.65241,1.37,1.00
2017.01.02 11:01:20.052,1.65083,1.65241,1.00,1.00
2017.01.02 11:01:20.103,1.65083,1.65247,1.00,1.00
2017.01.02 11:01:20.400,1.65088,1.65247,1.00,1.00
2017.01.02 11:01:20.703,1.65094,1.65251,2.25,1.37
2017.01.02 11:01:21.129,1.65093,1.65252,1.00,1.37
2017.01.02 11:01:21.644,1.65094,1.65252,1.00,1.37
2017.01.02 11:01:21.954,1.65094,1.65251,1.00,1.37
2017.01.02 11:01:22.496,1.65093,1.65252,1.00,1.37
2017.01.02 11:01:22.797,1.65093,1.6525,1.00,1.37
2017.01.02 11:01:23.304,1.65093,1.65252,1.00,1.97
2017.01.02 11:01:23.929,1.65094,1.65251,1.00,1.65
2017.01.02 11:01:24.498,1.65093,1.65251,1.00,1.37
2017.01.02 11:01:25.267,1.65094,1.65252,1.00,1.94
2017.01.02 11:01:25.770,1.65104,1.65258,1.00,2.47
2017.01.02 11:01:25.820,1.65094,1.6525,1.00,1.46
2017.01.02 11:01:26.328,1.65095,1.65251,1.00,1.46
2017.01.02 11:01:26.379,1.65095,1.65237,1.00,1.00
2017.01.02 11:01:26.429,1.65094,1.65251,1.00,2.21
2017.01.02 11:01:26.933,1.65093,1.65251,1.00,1.42
2017.01.02 11:01:27.658,1.65094,1.65251,1.00,1.57
2017.01.02 11:01:28.208,1.65093,1.65252,1.00,1.97
2017.01.02 11:01:28.711,1.65094,1.65251,1.00,1.84
2017.01.02 11:01:29.218,1.65093,1.65251,1.00,1.01
2017.01.02 11:01:29.822,1.65093,1.6525,1.00,1.47
2017.01.02 11:01:30.326,1.65093,1.65251,1.00,1.47
2017.01.02 11:01:30.759,1.65093,1.65252,1.00,1.00
2017.01.02 11:01:31.273,1.65094,1.65251,1.00,1.00
2017.01.02 11:01:31.342,1.65078,1.65237,3.00,1.00
2017.01.02 11:01:31.392,1.65093,1.65252,1.00,1.00
2017.01.02 11:01:31.947,1.65094,1.65251,1.00,1.00
2017.01.02 11:01:31.998,1.65078,1.65237,3.00,1.00
2017.01.02 11:01:32.049,1.65093,1.65252,1.00,1.00
2017.01.02 11:01:32.364,1.65109,1.65251,1.00,1.00
2017.01.02 11:01:32.415,1.65107,1.65251,1.00,1.00
2017.01.02 11:01:32.465,1.65109,1.65251,1.00,1.00
2017.01.02 11:01:32.624,1.65107,1.65252,1.00,1.00
2017.01.02 11:01:32.674,1.6511,1.65252,1.00,1.00
2017.01.02 11:01:32.976,1.65108,1.65247,1.00,1.00
2017.01.02 11:01:33.027,1.65105,1.65247,1.00,1.00
2017.01.02 11:01:33.077,1.65108,1.65247,1.00,1.00
2017.01.02 11:01:33.283,1.65088,1.65247,1.00,1.00
2017.01.02 11:01:33.333,1.6511,1.65247,1.00,1.00
2017.01.02 11:01:33.384,1.65107,1.65247,1.00,1.00
2017.01.02 11:01:33.434,1.6511,1.65247,1.00,1.00
2017.01.02 11:01:33.549,1.65106,1.65247,1.00,1.00
2017.01.02 11:01:33.599,1.65112,1.65247,1.00,1.00
2017.01.02 11:01:34.170,1.65108,1.65246,1.00,1.37
2017.01.02 11:01:34.271,1.65112,1.65246,1.00,1.37
2017.01.02 11:01:34.423,1.6511,1.65246,1.00,1.37
2017.01.02 11:01:34.588,1.65108,1.65247,1.00,1.37
2017.01.02 11:01:34.739,1.65112,1.65247,1.00,1.37
2017.01.02 11:01:34.789,1.65108,1.65247,1.00,1.37
2017.01.02 11:01:34.840,1.65113,1.65252,1.00,1.37
2017.01.02 11:01:35.078,1.65105,1.65237,1.00,1.00
2017.01.02 11:01:35.129,1.65113,1.65252,1.00,1.00
2017.01.02 11:01:35.410,1.65109,1.65252,1.00,1.00
2017.01.02 11:01:35.633,1.65112,1.65252,1.00,1.00
2017.01.02 11:01:35.684,1.6511,1.65252,1.00,1.50
2017.01.02 11:01:35.936,1.65112,1.65252,1.00,1.00
2017.01.02 11:01:36.037,1.65105,1.65252,1.00,1.00
2017.01.02 11:01:36.211,1.6511,1.65252,1.00,1.00
2017.01.02 11:01:36.529,1.65112,1.65252,1.00,1.00
2017.01.02 11:01:36.629,1.6511,1.65252,1.00,1.00
2017.01.02 11:01:37.003,1.65107,1.65252,1.00,1.00
2017.01.02 11:01:37.053,1.65111,1.65251,1.00,1.00
2017.01.02 11:01:37.104,1.65108,1.65251,1.00,1.00
2017.01.02 11:01:37.154,1.65111,1.65251,1.00,1.00
2017.01.02 11:01:37.205,1.65108,1.65251,1.00,1.00
2017.01.02 11:01:37.315,1.65103,1.65251,1.50,1.00
2017.01.02 11:01:37.366,1.65107,1.65252,1.00,1.50
2017.01.02 11:01:37.617,1.65104,1.65251,1.00,1.00
2017.01.02 11:01:37.668,1.65107,1.65251,1.00,1.50
2017.01.02 11:01:37.969,1.65101,1.65248,1.00,1.00
2017.01.02 11:01:38.020,1.65108,1.65248,1.00,1.00
2017.01.02 11:01:38.070,1.65108,1.65252,1.00,1.00
2017.01.02 11:01:38.171,1.6511,1.65252,1.00,1.00
2017.01.02 11:01:38.478,1.65112,1.65251,1.00,1.87
2017.01.02 11:01:38.579,1.65108,1.6525,1.00,1.37
2017.01.02 11:01:38.730,1.65113,1.65251,1.00,1.37
2017.01.02 11:01:38.881,1.65104,1.65237,1.00,1.00
2017.01.02 11:01:38.962,1.65111,1.65252,1.00,1.87
2017.01.02 11:01:39.193,1.65108,1.65252,1.00,1.37
2017.01.02 11:01:39.244,1.65111,1.65252,1.00,1.37
2017.01.02 11:01:39.372,1.65108,1.65252,1.00,1.37
2017.01.02 11:01:39.422,1.65111,1.65252,1.00,1.37
2017.01.02 11:01:39.523,1.65108,1.65252,1.00,1.37
2017.01.02 11:01:39.825,1.65103,1.65252,1.00,1.37
2017.01.02 11:01:39.875,1.65106,1.65252,1.00,1.87
2017.01.02 11:01:40.127,1.651,1.6525,1.00,1.37
2017.01.02 11:01:40.205,1.65106,1.65243,1.00,1.00
2017.01.02 11:01:40.507,1.65109,1.65243,1.00,1.00
2017.01.02 11:01:40.783,1.65107,1.65252,1.00,1.37
2017.01.02 11:01:40.833,1.65112,1.65247,1.00,1.37
2017.01.02 11:01:41.109,1.65106,1.65247,1.00,1.37
2017.01.02 11:01:41.160,1.65111,1.65247,1.00,1.37
2017.01.02 11:01:41.628,1.65108,1.65247,1.00,1.37
2017.01.02 11:01:41.729,1.65111,1.65246,1.00,1.37
2017.01.02 11:01:42.031,1.65103,1.65246,1.00,1.37
2017.01.02 11:01:42.082,1.65107,1.65246,1.00,1.37
2017.01.02 11:01:42.357,1.65101,1.65247,1.00,1.37
2017.01.02 11:01:42.445,1.65106,1.65247,1.00,1.37
2017.01.02 11:01:42.797,1.65111,1.65247,1.00,1.37
2017.01.02 11:01:43.099,1.65113,1.65247,1.00,1.37
2017.01.02 11:01:43.314,1.6511,1.65246,1.00,1.37
2017.01.02 11:01:43.589,1.65104,1.65237,1.50,1.00
2017.01.02 11:01:43.639,1.65108,1.65247,1.00,1.37
2017.01.02 11:01:43.690,1.65112,1.65247,1.00,1.37
2017.01.02 11:01:43.740,1.65109,1.65247,1.00,1.37
2017.01.02 11:01:43.841,1.65112,1.65247,1.00,1.37
2017.01.02 11:01:44.390,1.65113,1.65247,1.00,1.37
2017.01.02 11:01:44.935,1.65113,1.65247,1.00,1.91
2017.01.02 11:01:45.186,1.65111,1.65246,1.00,1.67
2017.01.02 11:01:45.287,1.65115,1.65247,1.00,1.72
2017.01.02 11:01:45.492,1.65112,1.65247,1.00,1.84
2017.01.02 11:01:45.543,1.65114,1.65247,1.00,1.82
2017.01.02 11:01:45.711,1.65112,1.65246,1.00,1.67
2017.01.02 11:01:46.017,1.6511,1.65247,1.00,2.21
2017.01.02 11:01:46.195,1.65113,1.65246,1.00,1.09
2017.01.02 11:01:46.246,1.65108,1.65246,1.00,1.01
2017.01.02 11:01:46.296,1.6511,1.65247,1.00,1.86
2017.01.02 11:01:46.450,1.65108,1.65247,1.00,2.14
2017.01.02 11:01:46.501,1.65112,1.65246,1.00,1.57
2017.01.02 11:01:46.552,1.65104,1.65246,1.00,1.39
2017.01.02 11:01:46.602,1.65113,1.65246,1.00,1.46
2017.01.02 11:01:46.676,1.6511,1.65247,1.00,1.65
2017.01.02 11:01:46.727,1.65114,1.65247,1.00,1.61
2017.01.02 11:01:46.778,1.65112,1.65247,1.00,1.57
2017.01.02 11:01:46.828,1.65114,1.65247,1.00,1.79
2017.01.02 11:01:47.150,1.65112,1.65247,1.00,1.94
2017.01.02 11:01:47.451,1.6511,1.65247,1.00,1.97
2017.01.02 11:01:47.502,1.65112,1.65247,1.00,1.94
2017.01.02 11:01:47.804,1.65109,1.65237,1.00,1.37
2017.01.02 11:01:47.904,1.65106,1.65237,1.00,1.37
2017.01.02 11:01:48.005,1.65103,1.65237,1.00,1.37
2017.01.02 11:01:48.056,1.65105,1.65247,1.00,2.36
2017.01.02 11:01:48.358,1.65114,1.65246,1.00,1.42
2017.01.02 11:01:48.408,1.65111,1.65247,1.00,1.90
2017.01.02 11:01:48.459,1.65116,1.65247,1.00,1.86
2017.01.02 11:01:49.002,1.65111,1.65237,1.00,1.37
2017.01.02 11:01:49.053,1.65114,1.65246,1.00,1.86
2017.01.02 11:01:49.305,1.65111,1.65237,1.00,1.37
2017.01.02 11:01:49.406,1.65117,1.65245,1.00,1.52
2017.01.02 11:01:49.666,1.65115,1.65247,1.00,1.97
2017.01.02 11:01:49.716,1.65118,1.65247,1.00,1.97
2017.01.02 11:01:49.981,1.65112,1.65245,1.00,1.42
2017.01.02 11:01:50.031,1.65118,1.65244,1.00,1.47
2017.01.02 11:01:50.296,1.65112,1.65244,1.00,1.39
2017.01.02 11:01:50.656,1.65117,1.65245,1.00,1.67
2017.01.02 11:01:50.908,1.65112,1.65245,1.00,1.09
2017.01.02 11:01:50.960,1.65118,1.65244,1.00,1.09
2017.01.02 11:01:51.211,1.65105,1.65244,1.00,1.42
2017.01.02 11:01:51.262,1.65114,1.65244,1.00,1.62
2017.01.02 11:01:51.534,1.65111,1.65246,1.00,1.90
2017.01.02 11:01:51.585,1.65118,1.65244,1.00,1.05
2017.01.02 11:01:51.635,1.65114,1.65245,1.00,1.42
2017.01.02 11:01:51.841,1.65112,1.65237,1.00,1.37
2017.01.02 11:01:52.386,1.65113,1.65252,1.00,1.90
2017.01.02 11:01:53.035,1.65113,1.65236,1.00,1.37
2017.01.02 11:01:53.312,1.65111,1.65236,1.00,1.00
2017.01.02 11:01:53.363,1.65117,1.65246,1.00,1.00
2017.01.02 11:01:53.614,1.65115,1.65247,1.00,1.00
2017.01.02 11:01:53.665,1.65117,1.65247,1.00,1.00
2017.01.02 11:01:53.996,1.65113,1.65237,1.00,1.00
2017.01.02 11:01:54.153,1.65111,1.65237,1.00,1.00
2017.01.02 11:01:54.203,1.65121,1.65247,1.00,1.00
2017.01.02 11:01:54.254,1.65113,1.65247,1.00,1.00
2017.01.02 11:01:54.304,1.65118,1.65247,1.00,1.00
2017.01.02 11:01:54.622,1.65113,1.65236,1.00,1.00
2017.01.02 11:01:54.854,1.65106,1.65237,1.00,1.00
2017.01.02 11:01:54.931,1.6511,1.65237,1.00,1.00
2017.01.02 11:01:55.136,1.65108,1.65237,1.00,1.00
2017.01.02 11:01:55.204,1.65111,1.65237,1.00,1.00
2017.01.02 11:01:55.473,1.65111,1.65246,1.00,1.00
2017.01.02 11:01:55.523,1.65117,1.65246,1.00,1.00
2017.01.02 11:01:56.069,1.65114,1.65247,1.00,1.00
2017.01.02 11:01:56.381,1.65112,1.65237,1.00,1.00
2017.01.02 11:01:56.620,1.65112,1.65247,1.00,1.00
2017.01.02 11:01:56.694,1.65116,1.65247,1.00,1.00
2017.01.02 11:01:56.995,1.65111,1.65231,1.00,1.00
2017.01.02 11:01:57.225,1.65108,1.65231,1.00,1.00
2017.01.02 11:01:57.507,1.65106,1.65231,1.00,1.00
2017.01.02 11:01:57.709,1.65112,1.65231,1.00,1.00
2017.01.02 11:01:57.778,1.65106,1.65231,1.00,1.00
2017.01.02 11:01:57.829,1.65109,1.65231,1.00,1.00
2017.01.02 11:01:58.174,1.65111,1.65231,1.00,1.00
2017.01.02 11:01:58.426,1.65108,1.65231,1.00,1.00
2017.01.02 11:01:58.477,1.65112,1.65231,1.00,1.00
2017.01.02 11:01:58.724,1.65108,1.65231,1.00,1.00
2017.01.02 11:01:58.775,1.65113,1.65231,1.00,1.00
2017.01.02 11:01:59.276,1.65112,1.65231,1.00,1.00
2017.01.02 11:01:59.326,1.65108,1.65231,1.00,1.00
2017.01.02 11:01:59.377,1.65111,1.65231,1.00,1.00
2017.01.02 11:01:59.626,1.65108,1.65231,1.00,1.00
2017.01.02 11:01:59.676,1.65111,1.65231,1.00,1.00
2017.01.02 11:01:59.884,1.65106,1.65231,1.00,1.00
2017.01.02 11:01:59.936,1.6511,1.65231,1.00,1.00
2017.01.02 11:02:00.288,1.65112,1.65231,1.00,1.00
2017.01.02 11:02:00.527,1.65105,1.65237,1.00,1.37
2017.01.02 11:02:00.578,1.6511,1.65237,1.00,1.37
2017.01.02 11:02:00.829,1.65106,1.65245,1.00,1.42
2017.01.02 11:02:00.880,1.65112,1.65245,1.00,1.01
2017.01.02 11:02:01.128,1.65109,1.65237,1.00,1.37
2017.01.02 11:02:01.179,1.65112,1.65237,1.00,1.37
2017.01.02 11:02:01.428,1.65098,1.65237,1.00,1.37
2017.01.02 11:02:01.479,1.65109,1.65237,1.00,1.37
2017.01.02 11:02:01.746,1.65105,1.65237,1.00,1.37
2017.01.02 11:02:01.797,1.65109,1.65237,1.00,1.37
2017.01.02 11:02:02.201,1.65113,1.65237,1.00,1.37
2017.01.02 11:02:02.330,1.65109,1.65237,1.00,1.37
2017.01.02 11:02:02.381,1.65111,1.65237,1.00,1.37
2017.01.02 11:02:02.645,1.65111,1.65247,1.00,1.00
2017.01.02 11:02:02.695,1.65118,1.65247,1.00,1.00
2017.01.02 11:02:02.934,1.65115,1.65247,1.00,1.00
2017.01.02 11:02:02.985,1.65117,1.65247,1.00,1.00
2017.01.02 11:02:03.333,1.65114,1.65237,1.00,1.00
2017.01.02 11:02:03.534,1.65106,1.65237,1.00,1.00
2017.01.02 11:02:03.585,1.65108,1.65237,1.00,1.00
2017.01.02 11:02:04.184,1.6511,1.65237,1.00,1.00
2017.01.02 11:02:04.486,1.65112,1.65236,1.00,1.00
2017.01.02 11:02:04.987,1.65111,1.65236,1.00,1.00
2017.01.02 11:02:05.038,1.65109,1.65236,1.00,1.00
2017.01.02 11:02:05.366,1.65106,1.65237,1.00,1.00
2017.01.02 11:02:05.417,1.6511,1.65237,1.00,1.00
2017.01.02 11:02:05.666,1.65099,1.65245,1.00,1.00
2017.01.02 11:02:05.717,1.65115,1.65247,1.00,1.00
2017.01.02 11:02:06.022,1.65121,1.65247,1.00,1.00
2017.01.02 11:02:06.340,1.65124,1.65246,1.00,1.00
2017.01.02 11:02:06.662,1.65114,1.65247,1.00,1.00
2017.01.02 11:02:06.896,1.65112,1.65237,1.00,1.00
2017.01.02 11:02:07.148,1.65111,1.65247,1.00,1.00
2017.01.02 11:02:07.198,1.65111,1.65237,1.00,1.00
2017.01.02 11:02:07.497,1.65108,1.65237,1.00,1.00
2017.01.02 11:02:07.547,1.65111,1.65237,1.00,1.00
2017.01.02 11:02:07.698,1.65111,1.65247,1.00,1.00
2017.01.02 11:02:07.783,1.65115,1.65247,1.00,1.00
2017.01.02 11:02:08.036,1.65112,1.65246,1.00,1.00
2017.01.02 11:02:08.087,1.65115,1.65246,1.00,1.00
2017.01.02 11:02:08.341,1.65111,1.65247,1.00,1.00
2017.01.02 11:02:08.646,1.65111,1.65243,1.00,1.00
2017.01.02 11:02:08.947,1.65104,1.65247,1.00,1.37
2017.01.02 11:02:08.997,1.65117,1.65247,1.00,1.37
2017.01.02 11:02:09.297,1.65115,1.65246,1.00,1.12
2017.01.02 11:02:09.582,1.65112,1.65246,1.00,1.12
2017.01.02 11:02:09.632,1.65116,1.65246,1.00,1.12
2017.01.02 11:02:09.967,1.65113,1.65237,1.00,1.00
2017.01.02 11:02:10.162,1.65109,1.65236,1.00,1.00
2017.01.02 11:02:10.743,1.65109,1.65246,1.00,1.37
2017.01.02 11:02:10.793,1.65106,1.65237,1.00,1.00
2017.01.02 11:02:11.142,1.65111,1.65236,1.00,1.00
2017.01.02 11:02:11.353,1.65111,1.65246,1.00,1.12
2017.01.02 11:02:11.403,1.65109,1.65237,1.00,1.00
2017.01.02 11:02:11.754,1.65111,1.65237,1.00,1.00
2017.01.02 11:02:11.954,1.65108,1.65236,1.00,1.00
2017.01.02 11:02:12.055,1.65112,1.65236,1.00,1.00
2017.01.02 11:02:12.597,1.65109,1.65236,1.00,1.12
2017.01.02 11:02:12.647,1.65113,1.65236,1.00,1.37
2017.01.02 11:02:12.856,1.65108,1.65236,1.00,1.12
2017.01.02 11:02:12.906,1.65111,1.65236,1.00,1.12
2017.01.02 11:02:13.158,1.65109,1.65246,1.00,1.01
2017.01.02 11:02:13.208,1.65111,1.65237,1.00,1.37
2017.01.02 11:02:13.460,1.65109,1.65247,1.00,1.94
2017.01.02 11:02:13.797,1.65099,1.65237,1.00,1.37
2017.01.02 11:02:13.847,1.65107,1.65237,1.00,1.37
2017.01.02 11:02:14.252,1.65109,1.65237,1.00,1.37
2017.01.02 11:02:14.771,1.6511,1.65237,1.00,1.37
2017.01.02 11:02:15.116,1.65112,1.65237,1.00,1.37
2017.01.02 11:02:15.302,1.6511,1.65237,1.00,1.37
2017.01.02 11:02:15.352,1.65112,1.65237,1.00,1.37
2017.01.02 11:02:15.654,1.65114,1.65237,1.00,1.37
2017.01.02 11:02:15.902,1.65109,1.65237,1.00,1.37
2017.01.02 11:02:15.963,1.65115,1.65237,1.00,1.37
2017.01.02 11:02:16.173,1.6511,1.65246,1.00,1.80
2017.01.02 11:02:16.224,1.65112,1.65237,1.00,1.37
2017.01.02 11:02:16.563,1.65114,1.65237,1.00,1.37
2017.01.02 11:02:16.764,1.65112,1.65247,1.00,1.97
2017.01.02 11:02:16.814,1.65114,1.65246,1.00,1.42
2017.01.02 11:02:17.318,1.65113,1.65237,1.00,1.37
2017.01.02 11:02:17.369,1.65109,1.65247,1.00,1.86
2017.01.02 11:02:17.469,1.65112,1.65236,1.00,1.12
2017.01.02 11:02:17.570,1.65115,1.65241,1.00,1.12
2017.01.02 11:02:17.921,1.65121,1.65242,1.00,1.00
2017.01.02 11:02:18.165,1.65116,1.65241,1.00,1.00
2017.01.02 11:02:18.466,1.65113,1.65227,1.00,1.00
2017.01.02 11:02:18.516,1.65113,1.65242,1.00,1.00
2017.01.02 11:02:18.567,1.65119,1.65242,1.00,1.00
2017.01.02 11:02:18.917,1.65115,1.65226,1.00,1.00
2017.01.02 11:02:19.113,1.65111,1.65227,1.00,1.00
2017.01.02 11:02:19.163,1.65113,1.65227,1.00,1.00
2017.01.02 11:02:19.412,1.6511,1.65227,1.00,1.00
2017.01.02 11:02:19.463,1.65115,1.65227,1.00,1.00
2017.01.02 11:02:19.677,1.6511,1.65227,1.00,1.00
2017.01.02 11:02:19.728,1.65114,1.65227,1.00,1.00
2017.01.02 11:02:19.968,1.65114,1.65242,1.00,1.00
2017.01.02 11:02:20.019,1.65111,1.65227,1.00,1.00
2017.01.02 11:02:20.569,1.65112,1.65242,1.00,1.00
2017.01.02 11:02:20.620,1.6511,1.65227,1.00,1.00
2017.01.02 11:02:20.871,1.65114,1.65242,1.00,1.00
2017.01.02 11:02:20.923,1.65121,1.65242,1.00,1.00
2017.01.02 11:02:21.272,1.65114,1.65227,1.00,1.00
2017.01.02 11:02:21.474,1.6511,1.65227,1.00,1.00
2017.01.02 11:02:21.574,1.65112,1.65227,1.00,1.00
2017.01.02 11:02:21.772,1.65112,1.65241,1.00,1.00
2017.01.02 11:02:21.823,1.65111,1.65227,1.00,1.00
2017.01.02 11:02:22.073,1.65112,1.65242,1.00,1.00
2017.01.02 11:02:22.124,1.65108,1.65226,1.00,1.00
2017.01.02 11:02:22.426,1.6511,1.65227,1.00,1.00
2017.01.02 11:02:22.778,1.65112,1.65227,1.00,1.00
2017.01.02 11:02:22.975,1.65112,1.65242,1.00,1.00
2017.01.02 11:02:23.323,1.6511,1.65227,1.00,1.00
2017.01.02 11:02:23.581,1.65108,1.65227,1.00,1.00
2017.01.02 11:02:23.632,1.6511,1.65227,1.00,1.00
2017.01.02 11:02:23.973,1.65112,1.65227,1.00,1.00
2017.01.02 11:02:24.176,1.65112,1.65242,1.00,1.37
2017.01.02 11:02:24.227,1.65111,1.65227,1.00,1.00
2017.01.02 11:02:24.563,1.65114,1.65227,1.00,1.00
2017.01.02 11:02:24.807,1.65111,1.65226,1.00,1.00
2017.01.02 11:02:24.858,1.65113,1.65226,1.00,1.00
2017.01.02 11:02:25.081,1.65113,1.65242,1.00,1.37
2017.01.02 11:02:25.132,1.65111,1.65242,1.00,1.37
2017.01.02 11:02:25.207,1.65116,1.65242,1.00,1.37
2017.01.02 11:02:25.538,1.65114,1.65227,1.00,1.00
2017.01.02 11:02:25.689,1.65114,1.65242,1.00,1.37
2017.01.02 11:02:25.739,1.65111,1.65227,1.00,1.00
2017.01.02 11:02:26.289,1.65111,1.65241,1.00,1.12
2017.01.02 11:02:26.340,1.65109,1.65226,1.00,1.00
2017.01.02 11:02:26.672,1.65113,1.65227,1.00,1.00
2017.01.02 11:02:26.935,1.65109,1.65227,1.00,1.00
2017.01.02 11:02:26.986,1.65114,1.65227,1.00,1.00
2017.01.02 11:02:27.190,1.65114,1.6525,1.00,1.37
2017.01.02 11:02:27.240,1.65112,1.65227,1.00,1.00
2017.01.02 11:02:27.491,1.65114,1.65242,1.00,1.37
2017.01.02 11:02:27.542,1.65111,1.65226,1.00,1.00
2017.01.02 11:02:27.892,1.65113,1.65227,1.00,1.00
2017.01.02 11:02:28.094,1.65113,1.65242,1.00,1.37
2017.01.02 11:02:28.144,1.65111,1.65226,1.00,1.00
2017.01.02 11:02:28.407,1.65112,1.65241,1.00,1.37
2017.01.02 11:02:28.458,1.65113,1.65226,1.00,1.00
2017.01.02 11:02:28.716,1.6511,1.65227,1.00,1.00
2017.01.02 11:02:28.767,1.65113,1.65227,1.00,1.00
2017.01.02 11:02:29.042,1.65111,1.65227,1.00,1.00
2017.01.02 11:02:29.092,1.65115,1.65227,1.00,1.00
2017.01.02 11:02:29.297,1.65115,1.6524,1.00,1.01
2017.01.02 11:02:29.398,1.65113,1.65227,1.00,1.00
2017.01.02 11:02:29.647,1.65111,1.65226,1.00,1.00
2017.01.02 11:02:29.697,1.65114,1.65226,1.00,1.00
2017.01.02 11:02:29.899,1.65114,1.65241,1.00,1.39
2017.01.02 11:02:29.950,1.65111,1.65227,1.00,1.00
2017.01.02 11:02:30.202,1.65114,1.65241,1.00,2.14
2017.01.02 11:02:30.254,1.65112,1.65227,1.00,1.00
2017.01.02 11:02:30.597,1.65114,1.65227,1.00,1.00
2017.01.02 11:02:30.847,1.65111,1.65227,1.00,1.00
2017.01.02 11:02:30.898,1.65115,1.65227,1.00,1.00
2017.01.02 11:02:30.966,1.65112,1.65227,1.00,1.00
2017.01.02 11:02:31.197,1.65114,1.65227,1.00,1.00
2017.01.02 11:02:31.402,1.65114,1.65241,1.00,1.52
2017.01.02 11:02:31.453,1.65111,1.65226,1.00,1.00
2017.01.02 11:02:31.707,1.65109,1.65241,1.00,1.42
2017.01.02 11:02:31.767,1.65115,1.65227,1.00,1.00
2017.01.02 11:02:31.817,1.65113,1.65227,1.00,1.00
2017.01.02 11:02:31.968,1.65113,1.65242,1.00,1.94
2017.01.02 11:02:32.019,1.65115,1.65241,1.00,1.46
2017.01.02 11:02:32.330,1.65101,1.65237,1.00,1.00
2017.01.02 11:02:32.380,1.65118,1.65242,1.00,1.37
2017.01.02 11:02:32.632,1.65115,1.65242,1.00,1.37
2017.01.02 11:02:32.732,1.65118,1.65242,1.00,1.37
2017.01.02 11:02:32.942,1.65115,1.65242,1.00,1.37
2017.01.02 11:02:32.992,1.6512,1.65242,1.00,1.37
2017.01.02 11:02:33.272,1.65117,1.65242,1.00,1.37
2017.01.02 11:02:33.582,1.65114,1.65241,1.00,1.37
2017.01.02 11:02:33.632,1.65116,1.65241,1.00,1.37
2017.01.02 11:02:33.938,1.65114,1.65227,1.00,1.00
2017.01.02 11:02:34.144,1.65108,1.65227,1.00,1.00
2017.01.02 11:02:34.194,1.6511,1.65227,1.00,1.00
2017.01.02 11:02:34.550,1.65114,1.65227,1.00,1.00
2017.01.02 11:02:34.742,1.65114,1.65242,1.00,1.37
2017.01.02 11:02:34.793,1.6511,1.65226,1.00,1.00
2017.01.02 11:02:35.122,1.65113,1.65226,1.00,1.00
2017.01.02 11:02:35.343,1.65114,1.65241,1.00,1.37
2017.01.02 11:02:35.393,1.65111,1.65227,1.00,1.00
2017.01.02 11:02:35.544,1.65113,1.65242,1.00,1.37
2017.01.02 11:02:35.595,1.65118,1.65242,1.00,1.37
2017.01.02 11:02:35.859,1.65114,1.65242,1.00,1.37
2017.01.02 11:02:35.910,1.65117,1.65242,1.00,1.37
2017.01.02 11:02:36.169,1.65114,1.65242,1.00,1.37
2017.01.02 11:02:36.219,1.65117,1.65242,1.00,1.37
2017.01.02 11:02:36.477,1.65112,1.65241,1.00,1.37
2017.01.02 11:02:36.527,1.65116,1.65241,1.00,1.37
2017.01.02 11:02:36.791,1.65113,1.65242,1.00,1.37
2017.01.02 11:02:36.893,1.65115,1.65242,1.00,1.37
2017.01.02 11:02:37.094,1.65112,1.65242,1.00,1.37
2017.01.02 11:02:37.158,1.65116,1.65242,1.00,1.37
2017.01.02 11:02:37.412,1.65113,1.65242,1.00,1.37
2017.01.02 11:02:37.463,1.65118,1.65242,1.00,1.37
2017.01.02 11:02:37.712,1.65115,1.65242,1.00,1.37
2017.01.02 11:02:37.787,1.65117,1.65242,1.00,1.37
2017.01.02 11:02:38.048,1.65113,1.65242,1.00,1.37
2017.01.02 11:02:38.098,1.65115,1.65242,1.00,1.37
2017.01.02 11:02:38.364,1.65112,1.65241,1.00,1.37
2017.01.02 11:02:38.729,1.65115,1.65242,1.00,1.37
2017.01.02 11:02:39.048,1.65121,1.65242,1.00,1.00
2017.01.02 11:02:39.267,1.65113,1.65242,1.00,1.00
2017.01.02 11:02:39.569,1.651,1.65242,1.00,1.00
2017.01.02 11:02:39.619,1.65115,1.65242,1.00,1.00
2017.01.02 11:02:39.902,1.65111,1.65242,1.00,1.00
2017.01.02 11:02:39.953,1.65115,1.65242,1.00,1.00
2017.01.02 11:02:40.104,1.65112,1.65242,1.00,1.00
2017.01.02 11:02:40.204,1.65107,1.65242,1.00,1.00
2017.01.02 11:02:40.255,1.65112,1.65242,1.00,1.00
2017.01.02 11:02:40.517,1.65107,1.65241,1.00,1.00
2017.01.02 11:02:40.568,1.65112,1.65241,1.00,1.00
2017.01.02 11:02:40.801,1.65108,1.65242,1.00,1.00
2017.01.02 11:02:40.851,1.65112,1.65242,1.00,1.00
2017.01.02 11:02:41.118,1.65107,1.65242,1.00,1.00
2017.01.02 11:02:41.169,1.65109,1.65242,1.00,1.00
2017.01.02 11:02:41.457,1.65107,1.65242,1.00,1.00
2017.01.02 11:02:41.508,1.65112,1.65242,1.00,1.00
2017.01.02 11:02:41.771,1.65108,1.65242,1.00,1.00
2017.01.02 11:02:41.821,1.6511,1.65242,1.00,1.00
2017.01.02 11:02:42.073,1.65107,1.65242,1.00,1.00
2017.01.02 11:02:42.191,1.65111,1.65242,1.00,1.00
2017.01.02 11:02:42.383,1.65108,1.65241,1.00,1.00
2017.01.02 11:02:42.433,1.65112,1.65241,1.00,1.00
2017.01.02 11:02:42.693,1.65108,1.65242,1.00,1.00
2017.01.02 11:02:42.761,1.65112,1.65242,1.00,1.00
2017.01.02 11:02:43.013,1.65109,1.65241,1.00,1.00
2017.01.02 11:02:43.063,1.65113,1.65241,1.00,1.00
2017.01.02 11:02:43.328,1.65109,1.65242,1.00,1.00
2017.01.02 11:02:43.378,1.65112,1.65242,1.00,1.00
2017.01.02 11:02:43.638,1.65108,1.65242,1.00,1.00
2017.01.02 11:02:43.688,1.6511,1.65242,1.00,1.00
2017.01.02 11:02:43.947,1.65107,1.65242,1.00,1.00
2017.01.02 11:02:43.997,1.6511,1.65242,1.00,1.00
2017.01.02 11:02:44.307,1.65112,1.65242,1.00,1.00
2017.01.02 11:02:44.567,1.65108,1.65242,1.00,1.00
2017.01.02 11:02:44.618,1.6511,1.65242,1.00,1.00
2017.01.02 11:02:44.879,1.65108,1.65242,1.00,1.00
2017.01.02 11:02:45.450,1.65108,1.65241,1.00,1.00
2017.01.02 11:02:45.501,1.65117,1.65241,1.00,1.00
2017.01.02 11:02:45.801,1.65113,1.65242,1.00,1.00
2017.01.02 11:02:46.095,1.65104,1.65232,1.00,1.00
2017.01.02 11:02:46.146,1.65109,1.65242,1.00,1.00
2017.01.02 11:02:46.197,1.65112,1.65242,1.00,1.00
2017.01.02 11:02:46.426,1.65108,1.65242,1.00,1.00
2017.01.02 11:02:46.476,1.65112,1.65242,1.00,1.00
2017.01.02 11:02:46.729,1.65108,1.65242,1.00,1.00
2017.01.02 11:02:46.800,1.65112,1.65242,1.00,1.00
2017.01.02 11:02:47.029,1.65108,1.65242,1.00,1.00
2017.01.02 11:02:47.080,1.65112,1.65242,1.00,1.00
2017.01.02 11:02:47.380,1.65107,1.65242,1.00,1.00
2017.01.02 11:02:47.431,1.65112,1.65242,1.00,1.00
2017.01.02 11:02:47.691,1.65108,1.65242,1.00,1.00
2017.01.02 11:02:47.741,1.65112,1.65242,1.00,1.00
2017.01.02 11:02:48.001,1.65108,1.65242,1.00,1.00
2017.01.02 11:02:48.051,1.65112,1.65242,1.00,1.00
2017.01.02 11:02:48.580,1.65111,1.65242,1.00,1.00
2017.01.02 11:02:48.631,1.65109,1.65242,1.00,1.00
2017.01.02 11:02:48.681,1.65111,1.65242,1.00,1.00
2017.01.02 11:02:49.599,1.65112,1.65242,1.00,1.37
2017.01.02 11:02:50.551,1.6511,1.65242,1.00,1.37
2017.01.02 11:02:50.602,1.65112,1.65242,1.00,1.37
2017.01.02 11:02:50.703,1.65109,1.65242,1.00,1.37
2017.01.02 11:02:51.891,1.65109,1.65242,1.00,1.37
2017.01.02 11:02:52.651,1.6511,1.65242,1.00,1.37
2017.01.02 11:02:53.060,1.65106,1.65242,1.00,1.37
2017.01.02 11:02:53.608,1.65106,1.65242,1.00,1.37
2017.01.02 11:02:54.189,1.65107,1.65242,1.00,1.37
2017.01.02 11:02:57.949,1.65104,1.65242,1.00,1.37
2017.01.02 11:02:58.317,1.65101,1.65242,1.00,1.37
2017.01.02 11:02:58.576,1.65099,1.65241,1.00,1.37
2017.01.02 11:02:59.576,1.65097,1.65237,1.00,1.37
2017.01.02 11:02:59.885,1.65099,1.65237,1.00,1.37
2017.01.02 11:03:01.890,1.65099,1.65237,1.00,1.37
2017.01.02 11:03:11.890,1.65099,1.65237,1.00,1.37
2017.01.02 11:03:13.679,1.65098,1.65237,1.00,1.37
2017.01.02 11:03:14.280,1.651,1.65237,1.00,1.37
2017.01.02 11:03:17.023,1.65099,1.65237,1.00,1.37
2017.01.02 11:03:17.607,1.651,1.65237,1.00,1.37
2017.01.02 11:03:20.159,1.65095,1.65237,1.50,1.37
2017.01.02 11:03:20.427,1.65098,1.65237,1.00,1.37
2017.01.02 11:03:22.109,1.65098,1.65237,1.00,1.37
2017.01.02 11:03:22.614,1.65098,1.65237,1.00,1.37
2017.01.02 11:03:23.415,1.65097,1.65237,1.00,1.37
2017.01.02 11:03:23.790,1.65097,1.65226,1.00,1.00
2017.01.02 11:03:23.841,1.65095,1.65226,2.25,1.00
2017.01.02 11:03:24.111,1.65095,1.65237,2.25,1.37
2017.01.02 11:03:24.670,1.65094,1.65231,1.00,1.12
2017.01.02 11:03:24.721,1.65092,1.65231,1.00,1.12
2017.01.02 11:03:24.822,1.65098,1.65231,1.00,1.12
2017.01.02 11:03:25.234,1.651,1.65232,1.00,1.37
2017.01.02 11:03:25.344,1.65093,1.65232,1.00,1.37
2017.01.02 11:03:25.444,1.65096,1.65232,1.00,1.37
2017.01.02 11:03:25.768,1.65098,1.65231,1.00,1.12
2017.01.02 11:03:26.033,1.65096,1.65232,1.00,1.37
2017.01.02 11:03:26.134,1.651,1.65232,1.00,1.37
2017.01.02 11:03:26.348,1.65098,1.65232,1.00,1.37
2017.01.02 11:03:26.653,1.65094,1.65231,1.50,1.12
2017.01.02 11:03:26.956,1.65091,1.65222,1.00,1.00
2017.01.02 11:03:27.166,1.65095,1.65232,1.00,1.37
2017.01.02 11:03:27.557,1.65093,1.65232,1.00,1.37
2017.01.02 11:03:27.667,1.65096,1.65232,1.00,1.37
2017.01.02 11:03:27.848,1.65094,1.65231,1.00,1.12
2017.01.02 11:03:28.238,1.65098,1.65232,1.00,1.37
2017.01.02 11:03:28.460,1.65096,1.65232,1.00,1.37
2017.01.02 11:03:28.734,1.65089,1.65231,1.00,1.37
2017.01.02 11:03:28.834,1.65099,1.65231,1.00,1.37
2017.01.02 11:03:29.136,1.65095,1.65231,1.50,1.12
2017.01.02 11:03:29.237,1.65098,1.65231,1.00,1.37
2017.01.02 11:03:29.740,1.65097,1.65232,1.00,1.37
2017.01.02 11:03:30.265,1.65097,1.65232,1.00,1.37
2017.01.02 11:03:30.365,1.65093,1.65231,1.00,1.12
2017.01.02 11:03:30.470,1.65095,1.65231,1.00,1.12
2017.01.02 11:03:30.989,1.65096,1.65231,1.00,1.12
2017.01.02 11:03:31.368,1.651,1.65232,1.00,1.37
2017.01.02 11:03:31.569,1.65098,1.65232,1.00,1.37
2017.01.02 11:03:31.821,1.65099,1.65221,1.00,1.00
2017.01.02 11:03:31.895,1.65094,1.65232,1.50,1.37
2017.01.02 11:03:32.046,1.65097,1.65232,1.00,1.37
2017.01.02 11:03:32.599,1.65097,1.65231,1.00,1.37
2017.01.02 11:03:33.159,1.65096,1.65232,1.00,1.37
2017.01.02 11:03:33.498,1.65098,1.65232,1.00,1.37
2017.01.02 11:03:33.750,1.65096,1.65232,1.00,1.37
2017.01.02 11:03:33.851,1.651,1.65232,1.00,1.37
2017.01.02 11:03:34.052,1.65096,1.65232,1.00,1.37
2017.01.02 11:03:34.153,1.65094,1.65232,1.00,1.37
2017.01.02 11:03:34.334,1.65096,1.65232,1.00,1.37
2017.01.02 11:03:34.836,1.65097,1.65232,1.00,1.37
2017.01.02 11:03:35.255,1.65096,1.65222,1.00,1.00
2017.01.02 11:03:35.355,1.65095,1.65232,1.00,1.37
2017.01.02 11:03:35.653,1.65097,1.65231,1.00,1.37
2017.01.02 11:03:35.955,1.65094,1.65232,1.50,1.37
2017.01.02 11:03:36.377,1.65096,1.65232,1.00,1.37
2017.01.02 11:03:36.888,1.65095,1.65232,1.00,1.37
2017.01.02 11:03:37.148,1.65089,1.65232,1.00,1.37
2017.01.02 11:03:37.249,1.65097,1.65232,1.00,1.37
2017.01.02 11:03:37.450,1.65094,1.65231,1.00,1.12
2017.01.02 11:03:37.501,1.65092,1.65231,1.00,1.37
2017.01.02 11:03:37.862,1.65096,1.65232,1.00,1.37
2017.01.02 11:03:38.403,1.65095,1.65232,1.00,1.37
2017.01.02 11:03:38.836,1.65099,1.65232,1.00,1.37
2017.01.02 11:03:39.060,1.65096,1.65232,1.00,1.37
2017.01.02 11:03:39.333,1.65094,1.65232,2.25,1.37
2017.01.02 11:03:39.434,1.65097,1.65232,1.00,1.37
2017.01.02 11:03:39.736,1.65094,1.65231,1.00,1.37
2017.01.02 11:03:39.989,1.65091,1.65232,1.00,1.37
2017.01.02 11:03:40.039,1.65096,1.65232,1.00,1.37
2017.01.02 11:03:40.158,1.65094,1.65232,1.00,1.37
2017.01.02 11:03:40.262,1.65096,1.65232,1.00,1.37
2017.01.02 11:03:40.588,1.65099,1.65232,1.00,1.37
2017.01.02 11:03:40.639,1.65095,1.65232,1.00,1.37
2017.01.02 11:03:40.740,1.65099,1.65232,1.00,1.37
2017.01.02 11:03:41.031,1.65095,1.65232,1.00,1.37
2017.01.02 11:03:41.081,1.65097,1.65232,1.00,1.37
2017.01.02 11:03:41.383,1.65099,1.65232,1.00,1.37
2017.01.02 11:03:41.536,1.65097,1.65232,1.00,1.37
2017.01.02 11:03:42.085,1.65096,1.65232,1.00,1.37
2017.01.02 11:03:42.261,1.65099,1.65231,1.00,1.37
2017.01.02 11:03:42.486,1.65095,1.65232,1.00,1.37
2017.01.02 11:03:42.586,1.65099,1.65232,1.00,1.37
2017.01.02 11:03:42.738,1.65095,1.65231,2.25,1.12
2017.01.02 11:03:42.839,1.65099,1.65231,1.00,1.37
2017.01.02 11:03:43.067,1.65094,1.65231,1.50,1.12
2017.01.02 11:03:43.168,1.65096,1.65231,1.00,1.12
2017.01.02 11:03:43.763,1.65097,1.65232,1.00,1.37
2017.01.02 11:03:44.238,1.65099,1.65232,1.00,1.37
2017.01.02 11:03:45.104,1.65099,1.65222,1.00,1.00
2017.01.02 11:03:45.154,1.65095,1.65222,1.50,1.00
2017.01.02 11:03:45.374,1.65094,1.65232,1.50,1.37
2017.01.02 11:03:45.575,1.65097,1.65232,1.00,1.37
2017.01.02 11:03:46.128,1.65097,1.65232,1.00,1.37
2017.01.02 11:03:46.343,1.65095,1.65232,2.25,1.37
2017.01.02 11:03:46.444,1.65099,1.65231,1.00,1.12
2017.01.02 11:03:46.645,1.65096,1.65231,1.00,1.12
2017.01.02 11:03:46.990,1.65094,1.65232,1.50,1.37
2017.01.02 11:03:47.303,1.65087,1.65232,1.00,1.37
2017.01.02 11:03:47.353,1.65097,1.65232,1.00,1.37
2017.01.02 11:03:47.553,1.65095,1.65232,1.50,1.37
2017.01.02 11:03:47.654,1.65097,1.65232,1.00,1.37
2017.01.02 11:03:48.056,1.65099,1.65232,1.00,1.37
2017.01.02 11:03:48.559,1.65097,1.65232,1.00,1.37
2017.01.02 11:03:48.992,1.65099,1.65232,1.00,1.37
2017.01.02 11:03:49.193,1.65095,1.65231,1.00,1.12
2017.01.02 11:03:49.407,1.65095,1.65222,1.50,1.00
2017.01.02 11:03:49.458,1.65095,1.65231,1.50,1.12
2017.01.02 11:03:49.559,1.651,1.65231,1.00,1.12
2017.01.02 11:03:49.760,1.65096,1.65232,1.00,1.37
2017.01.02 11:03:50.175,1.65094,1.65232,1.00,1.37
2017.01.02 11:03:50.350,1.65094,1.65222,1.00,1.00
2017.01.02 11:03:50.401,1.65094,1.65232,1.00,1.37
2017.01.02 11:03:50.452,1.65097,1.65232,1.00,1.37
2017.01.02 11:03:50.761,1.65094,1.65232,2.25,1.37
2017.01.02 11:03:50.862,1.65099,1.65232,1.00,1.37
2017.01.02 11:03:51.063,1.65097,1.65232,1.00,1.37
2017.01.02 11:03:51.364,1.65094,1.65222,1.50,1.00
2017.01.02 11:03:51.414,1.65093,1.65232,1.00,1.37
2017.01.02 11:03:51.465,1.65096,1.65232,1.00,1.37
2017.01.02 11:03:51.684,1.65094,1.65231,1.00,1.12
2017.01.02 11:03:51.785,1.651,1.65231,1.00,1.12
2017.01.02 11:03:51.990,1.65094,1.65232,1.50,1.37
2017.01.02 11:03:52.214,1.65094,1.65221,1.00,1.00
2017.01.02 11:03:52.264,1.65096,1.65232,1.00,1.37
2017.01.02 11:03:52.365,1.65099,1.65232,1.00,1.37
2017.01.02 11:03:52.564,1.65094,1.65232,1.50,1.37
2017.01.02 11:03:52.615,1.65087,1.65232,1.00,1.37
2017.01.02 11:03:52.665,1.65094,1.65232,1.00,1.37
2017.01.02 11:03:52.986,1.65096,1.65232,1.00,1.37
2017.01.02 11:03:53.491,1.65097,1.65232,1.00,1.37
2017.01.02 11:03:53.592,1.65094,1.65232,1.00,1.37
2017.01.02 11:03:53.649,1.65096,1.65232,1.00,1.37
2017.01.02 11:03:54.170,1.65097,1.65232,1.00,1.37
2017.01.02 11:03:54.689,1.65096,1.65232,1.00,1.37
2017.01.02 11:03:55.204,1.65095,1.65231,1.00,1.12
2017.01.02 11:03:55.735,1.65096,1.65232,1.00,1.37
2017.01.02 11:03:56.196,1.65099,1.65231,1.00,1.37
2017.01.02 11:03:56.366,1.65096,1.65231,1.00,1.37
2017.01.02 11:03:56.581,1.65096,1.65222,1.00,1.00
2017.01.02 11:03:56.631,1.65096,1.65231,1.00,1.37
2017.01.02 11:03:56.782,1.65098,1.65231,1.00,1.12
2017.01.02 11:03:57.184,1.65099,1.65222,1.00,1.00
2017.01.02 11:03:57.235,1.65099,1.65231,1.00,1.37
2017.01.02 11:03:57.336,1.65097,1.65231,1.00,1.37
2017.01.02 11:03:57.386,1.65099,1.65231,1.00,1.12
2017.01.02 11:03:57.590,1.65097,1.65232,1.00,1.37
2017.01.02 11:03:57.691,1.65099,1.65232,1.00,1.37
2017.01.02 11:03:57.998,1.65104,1.65232,1.00,1.00
2017.01.02 11:03:58.195,1.65096,1.65232,1.00,1.00
2017.01.02 11:03:58.854,1.65097,1.65232,1.00,1.00
2017.01.02 11:04:00.360,1.65098,1.65232,1.00,1.00
2017.01.02 11:04:00.610,1.65098,1.65222,1.00,1.00
2017.01.02 11:04:00.661,1.65095,1.65222,1.00,1.00
2017.01.02 11:04:00.883,1.65095,1.65232,2.25,1.00
2017.01.02 11:04:01.156,1.651,1.65232,1.00,1.00
2017.01.02 11:04:01.257,1.65098,1.65231,1.00,1.00
2017.01.02 11:04:01.585,1.65094,1.65232,1.50,1.00
2017.01.02 11:04:01.686,1.65099,1.65232,1.00,1.00
2017.01.02 11:04:01.887,1.65094,1.65232,1.50,1.00
2017.01.02 11:04:02.174,1.651,1.65232,1.00,1.00
2017.01.02 11:04:02.487,1.65098,1.65222,1.00,1.00
2017.01.02 11:04:02.688,1.65098,1.65232,1.00,1.00
2017.01.02 11:04:02.739,1.65098,1.65222,1.00,1.00
2017.01.02 11:04:02.800,1.65096,1.65222,1.00,1.00
2017.01.02 11:04:02.988,1.65096,1.65232,1.00,1.00
2017.01.02 11:04:03.089,1.65094,1.65232,1.50,1.00
2017.01.02 11:04:03.189,1.65098,1.65232,1.00,1.00
2017.01.02 11:04:03.395,1.65095,1.65232,2.25,1.00
2017.01.02 11:04:03.496,1.65098,1.65232,1.00,1.00
2017.01.02 11:04:03.665,1.65092,1.65231,1.00,1.00
2017.01.02 11:04:03.766,1.65099,1.65231,1.00,1.00
2017.01.02 11:04:03.991,1.65096,1.65232,1.00,1.00
2017.01.02 11:04:04.345,1.65093,1.65232,1.00,1.00
2017.01.02 11:04:04.396,1.65099,1.65232,1.00,1.00
2017.01.02 11:04:04.571,1.65095,1.65232,2.25,1.00
2017.01.02 11:04:04.775,1.65099,1.65232,1.00,1.00
2017.01.02 11:04:05.116,1.65093,1.65221,1.00,1.00
2017.01.02 11:04:05.192,1.65093,1.65232,1.00,1.00
2017.01.02 11:04:05.343,1.65095,1.65232,1.00,1.00
2017.01.02 11:04:05.896,1.65096,1.65232,1.00,1.00
2017.01.02 11:04:06.404,1.65097,1.65232,1.00,1.00
2017.01.02 11:04:06.505,1.65095,1.65232,1.50,1.00
2017.01.02 11:04:06.606,1.65097,1.65232,1.00,1.00
2017.01.02 11:04:06.807,1.65095,1.65232,1.50,1.00
2017.01.02 11:04:06.858,1.65093,1.65222,1.00,1.00
2017.01.02 11:04:07.070,1.65092,1.65232,1.00,1.00
2017.01.02 11:04:07.257,1.65099,1.65232,1.00,1.00
2017.01.02 11:04:07.380,1.65096,1.65232,1.00,1.00
2017.01.02 11:04:07.481,1.65098,1.65232,1.00,1.00
2017.01.02 11:04:07.694,1.65096,1.65232,1.00,1.00
2017.01.02 11:04:08.205,1.65099,1.65232,1.00,1.00
2017.01.02 11:04:08.406,1.65097,1.65232,1.00,1.00
2017.01.02 11:04:08.564,1.651,1.65232,1.00,1.00
2017.01.02 11:04:08.665,1.65095,1.65231,1.00,1.00
2017.01.02 11:04:08.973,1.65097,1.65231,1.00,1.00
2017.01.02 11:04:09.074,1.65095,1.65231,1.00,1.00
2017.01.02 11:04:09.390,1.65099,1.65232,1.00,1.12
2017.01.02 11:04:09.610,1.65096,1.65232,1.00,1.12
2017.01.02 11:04:09.711,1.65099,1.65232,1.00,1.12
2017.01.02 11:04:10.103,1.65102,1.65231,1.00,1.00
2017.01.02 11:04:10.305,1.65098,1.65232,1.00,1.00
2017.01.02 11:04:10.607,1.65094,1.65231,2.25,1.00
2017.01.02 11:04:10.708,1.65099,1.65231,1.00,1.00
2017.01.02 11:04:11.110,1.65099,1.65222,1.00,1.00
2017.01.02 11:04:11.161,1.65099,1.65232,1.00,1.00
2017.01.02 11:04:11.262,1.65095,1.65232,1.00,1.00
2017.01.02 11:04:11.413,1.651,1.65232,1.00,1.00
2017.01.02 11:04:11.715,1.65094,1.65221,1.00,1.00
2017.01.02 11:04:11.766,1.65094,1.65232,1.00,1.00
2017.01.02 11:04:11.917,1.65098,1.65232,1.00,1.00
2017.01.02 11:04:12.071,1.65094,1.65231,2.25,1.00
2017.01.02 11:04:12.200,1.65092,1.65231,1.00,1.00
2017.01.02 11:04:12.251,1.65095,1.65231,1.00,1.00
2017.01.02 11:04:12.351,1.65092,1.65231,1.00,1.00
2017.01.02 11:04:12.402,1.65094,1.65231,1.50,1.00
2017.01.02 11:04:12.744,1.65096,1.65232,1.00,1.00
2017.01.02 11:04:13.012,1.65094,1.65232,1.50,1.00
2017.01.02 11:04:13.063,1.65091,1.65232,1.00,1.00
2017.01.02 11:04:13.113,1.65097,1.65232,1.00,1.00
2017.01.02 11:04:13.413,1.65093,1.65232,1.00,1.00
2017.01.02 11:04:13.513,1.65098,1.65232,1.00,1.00
2017.01.02 11:04:13.863,1.65094,1.65222,3.00,1.00
2017.01.02 11:04:13.913,1.65094,1.65232,2.25,1.00
2017.01.02 11:04:14.115,1.65097,1.65232,1.00,1.00
2017.01.02 11:04:14.316,1.65093,1.65232,1.00,1.00
2017.01.02 11:04:14.366,1.65095,1.65232,1.00,1.00
2017.01.02 11:04:14.887,1.65094,1.65232,1.50,1.00
2017.01.02 11:04:15.172,1.65095,1.65247,1.00,1.37
2017.01.02 11:04:15.223,1.65095,1.65231,1.00,1.00
2017.01.02 11:04:15.611,1.65093,1.65232,1.00,1.00
2017.01.02 11:04:15.712,1.65098,1.65232,1.00,1.00
2017.01.02 11:04:15.919,1.65093,1.65232,1.00,1.00
2017.01.02 11:04:16.376,1.65095,1.65232,1.50,1.00
2017.01.02 11:04:16.678,1.65098,1.65232,1.00,1.00
2017.01.02 11:04:17.000,1.65093,1.65222,1.00,1.00
2017.01.02 11:04:17.087,1.65094,1.65232,1.00,1.00
2017.01.02 11:04:17.215,1.65098,1.65232,1.00,1.00
2017.01.02 11:04:17.417,1.65094,1.65231,1.00,1.00
2017.01.02 11:04:17.517,1.65099,1.65231,1.00,1.00
2017.01.02 11:04:17.825,1.65093,1.65222,1.00,1.00
2017.01.02 11:04:17.976,1.65093,1.65232,1.00,1.00
2017.01.02 11:04:18.179,1.65098,1.65232,1.00,1.00
2017.01.02 11:04:18.300,1.65095,1.65232,2.25,1.00
2017.01.02 11:04:18.401,1.65098,1.65232,1.00,1.00
2017.01.02 11:04:18.605,1.65091,1.65231,1.00,1.00
2017.01.02 11:04:18.706,1.65096,1.65231,1.00,1.00
2017.01.02 11:04:19.076,1.65098,1.65231,1.00,1.00
2017.01.02 11:04:19.390,1.65094,1.65222,2.25,1.00
2017.01.02 11:04:19.441,1.65094,1.65232,1.50,1.37
2017.01.02 11:04:19.491,1.65096,1.65232,1.00,1.37
2017.01.02 11:04:19.791,1.65092,1.65232,1.00,1.37
2017.01.02 11:04:19.929,1.65098,1.65232,1.00,1.37
2017.01.02 11:04:20.080,1.65096,1.65232,1.00,1.00
2017.01.02 11:04:20.334,1.65096,1.65222,1.00,1.00
2017.01.02 11:04:20.385,1.65096,1.65231,1.00,1.00
2017.01.02 11:04:20.486,1.65092,1.65231,1.00,1.00
2017.01.02 11:04:20.587,1.65097,1.65231,1.00,1.00
2017.01.02 11:04:20.897,1.65094,1.65222,3.00,1.00
2017.01.02 11:04:20.947,1.65094,1.65231,3.00,1.00
2017.01.02 11:04:21.199,1.65097,1.65231,1.00,1.00
2017.01.02 11:04:21.300,1.65095,1.65232,1.00,1.00
2017.01.02 11:04:21.501,1.65099,1.65232,1.00,1.00
2017.01.02 11:04:21.611,1.65095,1.65231,2.25,1.00
2017.01.02 11:04:21.711,1.65097,1.65231,1.00,1.00
2017.01.02 11:04:22.021,1.65094,1.65221,1.00,1.00
2017.01.02 11:04:22.221,1.65094,1.65232,1.50,1.00
2017.01.02 11:04:22.423,1.65098,1.65232,1.00,1.00
2017.01.02 11:04:22.835,1.65098,1.65221,1.00,1.00
2017.01.02 11:04:22.885,1.65094,1.65221,2.25,1.00
2017.01.02 11:04:23.141,1.65093,1.65232,1.00,1.00
2017.01.02 11:04:23.292,1.65098,1.65232,1.00,1.00
2017.01.02 11:04:23.496,1.65096,1.65231,1.00,1.00
2017.01.02 11:04:23.597,1.65099,1.65231,1.00,1.00
2017.01.02 11:04:23.900,1.65094,1.65221,1.50,1.00
2017.01.02 11:04:24.051,1.65094,1.65231,2.25,1.00
2017.01.02 11:04:24.202,1.65096,1.65231,1.00,1.00
2017.01.02 11:04:24.431,1.65093,1.65232,1.00,1.00
2017.01.02 11:04:24.532,1.65098,1.65232,1.00,1.00
2017.01.02 11:04:24.686,1.65093,1.65232,1.00,1.00
2017.01.02 11:04:24.736,1.65095,1.65232,1.50,1.00
2017.01.02 11:04:24.800,1.65093,1.65232,1.00,1.00
2017.01.02 11:04:24.950,1.65093,1.65222,1.00,1.00
2017.01.02 11:04:25.001,1.65093,1.65232,1.00,1.00
2017.01.02 11:04:25.102,1.65098,1.65232,1.00,1.00
2017.01.02 11:04:25.307,1.65096,1.65232,1.00,1.00
2017.01.02 11:04:25.715,1.65098,1.65231,1.00,1.00
2017.01.02 11:04:25.921,1.65094,1.65232,1.50,1.00
2017.01.02 11:04:26.022,1.65096,1.65232,1.00,1.00
2017.01.02 11:04:26.427,1.65098,1.65232,1.00,1.00
2017.01.02 11:04:26.741,1.65094,1.65231,1.00,1.00
2017.01.02 11:04:26.792,1.65097,1.65231,1.00,1.00
2017.01.02 11:04:26.893,1.65095,1.65232,1.00,1.00
2017.01.02 11:04:26.993,1.65099,1.65232,1.00,1.00
2017.01.02 11:04:27.207,1.65095,1.65231,1.50,1.00
2017.01.02 11:04:27.309,1.65093,1.65231,1.00,1.00
2017.01.02 11:04:27.510,1.65096,1.65232,1.00,1.00
2017.01.02 11:04:27.911,1.65098,1.65232,1.00,1.00
2017.01.02 11:04:28.213,1.65095,1.65221,1.50,1.00
2017.01.02 11:04:28.358,1.65095,1.65231,1.50,1.00
2017.01.02 11:04:28.540,1.65099,1.65231,1.00,1.00
2017.01.02 11:04:28.930,1.65095,1.65222,1.00,1.00
2017.01.02 11:04:29.031,1.65094,1.65232,1.50,1.00
2017.01.02 11:04:29.132,1.65097,1.65232,1.00,1.00
2017.01.02 11:04:29.333,1.65087,1.65232,1.50,1.37
2017.01.02 11:04:29.383,1.65089,1.65232,1.00,1.37
2017.01.02 11:04:29.685,1.65097,1.65221,1.00,1.00
2017.01.02 11:04:29.911,1.65096,1.65231,1.00,1.37
2017.01.02 11:04:30.012,1.65098,1.65231,1.00,1.37
2017.01.02 11:04:30.316,1.65095,1.65222,1.50,1.00
2017.01.02 11:04:30.517,1.65095,1.65231,1.00,1.37
2017.01.02 11:04:30.619,1.65099,1.65231,1.00,1.37
2017.01.02 11:04:30.932,1.65093,1.65222,1.00,1.00
2017.01.02 11:04:31.100,1.65089,1.65222,1.00,1.00
2017.01.02 11:04:31.200,1.65096,1.65232,1.00,1.37
2017.01.02 11:04:31.502,1.65094,1.65231,1.50,1.37
2017.01.02 11:04:31.709,1.65098,1.65231,1.00,1.37
2017.01.02 11:04:31.810,1.65094,1.65232,1.50,1.37
2017.01.02 11:04:31.938,1.65096,1.65237,1.00,1.37
2017.01.02 11:04:32.391,1.65094,1.65222,2.25,1.00
2017.01.02 11:04:32.441,1.65094,1.65237,1.00,1.37
2017.01.02 11:04:32.730,1.65098,1.65237,1.00,1.37
2017.01.02 11:04:33.031,1.65096,1.65222,1.00,1.00
2017.01.02 11:04:33.281,1.65096,1.65237,1.00,1.37
2017.01.02 11:04:33.603,1.65095,1.65222,1.50,1.00
2017.01.02 11:04:33.653,1.65091,1.65222,1.00,1.00
2017.01.02 11:04:33.713,1.65094,1.65222,1.00,1.00
2017.01.02 11:04:33.914,1.65094,1.65237,1.50,1.37
2017.01.02 11:04:34.015,1.65098,1.65237,1.00,1.37
2017.01.02 11:04:34.234,1.65093,1.65237,1.00,1.37
2017.01.02 11:04:34.334,1.65098,1.65237,1.00,1.37
2017.01.02 11:04:34.521,1.65095,1.65236,1.00,1.37
2017.01.02 11:04:34.622,1.65093,1.65236,1.00,1.37
2017.01.02 11:04:35.041,1.65099,1.65237,1.00,1.37
2017.01.02 11:04:35.234,1.65097,1.65237,1.00,1.37
2017.01.02 11:04:35.335,1.65099,1.65237,1.00,1.37
2017.01.02 11:04:35.637,1.65093,1.65221,1.00,1.00
2017.01.02 11:04:35.766,1.65093,1.65237,1.00,1.37
2017.01.02 11:04:35.866,1.65095,1.65237,1.00,1.37
2017.01.02 11:04:36.176,1.65093,1.65237,1.00,1.37
2017.01.02 11:04:36.227,1.65098,1.65237,1.00,1.37
2017.01.02 11:04:36.542,1.65095,1.65222,1.50,1.00
2017.01.02 11:04:36.696,1.65095,1.65237,1.50,1.37
2017.01.02 11:04:36.996,1.65095,1.65222,2.25,1.00
2017.01.02 11:04:37.297,1.65095,1.65236,1.00,1.37
2017.01.02 11:04:37.448,1.65098,1.65236,1.00,1.37
2017.01.02 11:04:37.775,1.65096,1.65222,1.00,1.00
2017.01.02 11:04:37.895,1.65096,1.65237,1.00,1.37
2017.01.02 11:04:38.246,1.65094,1.65236,2.25,1.37
2017.01.02 11:04:38.347,1.65097,1.65236,1.00,1.37
2017.01.02 11:04:38.544,1.65094,1.65236,1.00,1.37
2017.01.02 11:04:38.645,1.65099,1.65236,1.00,1.37
2017.01.02 11:04:38.947,1.65094,1.65222,1.00,1.00
2017.01.02 11:04:39.021,1.65094,1.65227,1.00,1.00
2017.01.02 11:04:39.122,1.65096,1.65237,1.00,1.37
2017.01.02 11:04:39.447,1.65095,1.65227,1.00,1.00
2017.01.02 11:04:39.731,1.65094,1.65237,1.00,1.37
2017.01.02 11:04:39.832,1.65098,1.65237,1.00,1.37
2017.01.02 11:04:40.336,1.65094,1.65236,1.00,1.37
2017.01.02 11:04:40.437,1.65099,1.65236,1.00,1.37
2017.01.02 11:04:40.722,1.65095,1.65237,1.00,1.37
2017.01.02 11:04:40.921,1.65095,1.65227,1.00,1.00
2017.01.02 11:04:40.972,1.65095,1.65237,1.50,1.37
2017.01.02 11:04:41.123,1.65098,1.65237,1.00,1.37
2017.01.02 11:04:41.450,1.65096,1.65227,1.00,1.00
2017.01.02 11:04:41.581,1.65096,1.65237,1.00,1.37
2017.01.02 11:04:41.749,1.65099,1.65237,1.00,1.37
2017.01.02 11:04:42.198,1.65098,1.65227,1.00,1.00
2017.01.02 11:04:42.249,1.65095,1.65227,1.50,1.00
2017.01.02 11:04:42.452,1.65094,1.65236,1.00,1.37
2017.01.02 11:04:42.553,1.65097,1.65236,1.00,1.37
2017.01.02 11:04:43.103,1.65097,1.65236,1.00,1.37
2017.01.02 11:04:43.426,1.65094,1.65237,1.50,1.37
2017.01.02 11:04:43.477,1.65092,1.65237,1.00,1.37
2017.01.02 11:04:43.527,1.65099,1.65237,1.00,1.37
2017.01.02 11:04:43.754,1.65096,1.65237,1.00,1.37
2017.01.02 11:04:43.817,1.65099,1.65237,1.00,1.37
2017.01.02 11:04:44.046,1.65097,1.65237,1.00,1.37
2017.01.02 11:04:44.147,1.65099,1.65237,1.00,1.37
2017.01.02 11:04:44.449,1.65096,1.65227,1.00,1.00
2017.01.02 11:04:44.685,1.65096,1.65237,1.00,1.37
2017.01.02 11:04:44.837,1.65098,1.65237,1.00,1.37
2017.01.02 11:04:45.051,1.65095,1.65237,1.00,1.37
2017.01.02 11:04:45.222,1.65099,1.65237,1.00,1.37
2017.01.02 11:04:45.359,1.65097,1.65237,1.00,1.37
2017.01.02 11:04:45.466,1.651,1.65237,1.00,1.37
2017.01.02 11:04:45.797,1.65098,1.65227,1.00,1.00
2017.01.02 11:04:45.848,1.65096,1.65227,1.00,1.00
2017.01.02 11:04:45.948,1.65099,1.65237,1.00,1.37
2017.01.02 11:04:46.196,1.65099,1.65227,1.00,1.00
2017.01.02 11:04:46.268,1.65096,1.65227,1.00,1.00
2017.01.02 11:04:46.456,1.65096,1.65237,1.00,1.37
2017.01.02 11:04:46.557,1.65094,1.65237,2.25,1.37
2017.01.02 11:04:46.658,1.65099,1.65237,1.00,1.37
2017.01.02 11:04:46.962,1.65095,1.65227,1.00,1.00
2017.01.02 11:04:47.063,1.65095,1.65237,1.00,1.37
2017.01.02 11:04:47.241,1.65099,1.65237,1.00,1.37
2017.01.02 11:04:47.456,1.65096,1.65236,1.00,1.37
2017.01.02 11:04:47.557,1.65099,1.65236,1.00,1.37
2017.01.02 11:04:47.868,1.65097,1.65226,1.00,1.00
2017.01.02 11:04:47.984,1.65097,1.65237,1.00,1.37
2017.01.02 11:04:48.035,1.65094,1.65237,1.00,1.37
2017.01.02 11:04:48.427,1.65099,1.65237,1.00,1.37
2017.01.02 11:04:48.665,1.65097,1.65237,1.00,1.37
2017.01.02 11:04:48.867,1.65099,1.65237,1.00,1.37
2017.01.02 11:04:49.068,1.65094,1.65237,2.25,1.37
2017.01.02 11:04:49.169,1.65097,1.65237,1.00,1.37
2017.01.02 11:04:49.571,1.651,1.65237,1.00,1.37
2017.01.02 11:04:49.672,1.65093,1.65237,1.00,1.37
2017.01.02 11:04:49.723,1.65098,1.65237,1.00,1.37
2017.01.02 11:04:50.044,1.65095,1.65236,1.00,1.37
2017.01.02 11:04:50.144,1.65097,1.65226,1.00,1.00
2017.01.02 11:04:50.320,1.65098,1.65237,1.00,1.37
2017.01.02 11:04:50.477,1.65099,1.65211,1.00,1.00
2017.01.02 11:04:50.527,1.65097,1.65237,1.00,1.37
2017.01.02 11:04:50.822,1.65096,1.65227,1.00,1.00
2017.01.02 11:04:50.873,1.65094,1.65227,1.00,1.00
2017.01.02 11:04:50.974,1.65097,1.65227,1.00,1.00
2017.01.02 11:04:51.123,1.65097,1.65237,1.00,1.37
2017.01.02 11:04:51.174,1.65095,1.65237,1.00,1.37
2017.01.02 11:04:51.432,1.65095,1.65226,1.00,1.00
2017.01.02 11:04:51.724,1.65095,1.65237,1.00,1.37
2017.01.02 11:04:52.026,1.65096,1.65226,1.00,1.00
2017.01.02 11:04:52.297,1.65095,1.65237,1.00,1.37
2017.01.02 11:04:52.448,1.65097,1.65236,1.00,1.37
2017.01.02 11:04:52.649,1.65095,1.65237,1.50,1.37
2017.01.02 11:04:52.700,1.65092,1.65237,1.00,1.37
2017.01.02 11:04:52.799,1.65095,1.65237,1.00,1.37
2017.01.02 11:04:53.101,1.65096,1.65226,1.00,1.00
2017.01.02 11:04:53.227,1.65096,1.65237,1.00,1.37
2017.01.02 11:04:53.430,1.65099,1.65236,1.00,1.37
2017.01.02 11:04:53.632,1.65092,1.65227,1.00,1.00
2017.01.02 11:04:53.892,1.65092,1.65237,1.00,1.37
2017.01.02 11:04:53.943,1.65095,1.65237,1.00,1.37
2017.01.02 11:04:54.342,1.65099,1.65236,1.00,1.37
2017.01.02 11:04:54.807,1.65099,1.65227,1.00,1.00
2017.01.02 11:04:54.857,1.65097,1.65227,1.00,1.00
2017.01.02 11:04:55.111,1.65097,1.65237,1.00,1.37
2017.01.02 11:04:55.212,1.65094,1.65237,1.00,1.37
2017.01.02 11:04:55.262,1.65098,1.65237,1.00,1.37
2017.01.02 11:04:55.471,1.65095,1.65237,1.00,1.37
2017.01.02 11:04:55.572,1.65097,1.65237,1.00,1.37
2017.01.02 11:04:55.856,1.65095,1.65237,1.50,1.37
2017.01.02 11:04:56.289,1.65099,1.65237,1.00,1.37
2017.01.02 11:04:56.456,1.65097,1.65237,1.00,1.37
2017.01.02 11:04:56.758,1.65095,1.65237,3.00,1.37
2017.01.02 11:04:57.162,1.65099,1.65237,1.00,1.37
2017.01.02 11:04:57.366,1.65094,1.65237,1.00,1.37
2017.01.02 11:04:57.467,1.65096,1.65237,1.00,1.37
2017.01.02 11:04:57.676,1.65094,1.65237,1.00,1.37
2017.01.02 11:04:57.777,1.65098,1.65237,1.00,1.37
2017.01.02 11:04:57.928,1.65098,1.65237,1.00,1.00
2017.01.02 11:04:58.079,1.65102,1.65237,1.00,1.00
2017.01.02 11:04:58.387,1.65104,1.65237,1.00,1.00
2017.01.02 11:04:58.539,1.65099,1.65237,1.00,1.00
2017.01.02 11:04:58.633,1.65101,1.65237,1.00,1.00
2017.01.02 11:04:58.839,1.65098,1.65237,1.00,1.00
2017.01.02 11:04:59.141,1.651,1.65237,1.00,1.00
2017.01.02 11:04:59.241,1.65098,1.65237,1.00,1.00
2017.01.02 11:04:59.556,1.65095,1.65237,1.00,1.00
2017.01.02 11:04:59.841,1.65099,1.65237,1.00,1.00
2017.01.02 11:05:00.041,1.65096,1.65237,1.00,1.00
2017.01.02 11:05:00.142,1.65092,1.65237,1.00,1.00
2017.01.02 11:05:00.341,1.65094,1.65237,1.00,1.00
2017.01.02 11:05:00.693,1.65092,1.65237,1.00,1.00
2017.01.02 11:05:00.744,1.65096,1.65237,1.00,1.00
2017.01.02 11:05:00.945,1.65094,1.65237,1.50,1.00
2017.01.02 11:05:01.146,1.65099,1.65237,1.00,1.00
2017.01.02 11:05:01.347,1.65095,1.65237,1.00,1.00
2017.01.02 11:05:01.751,1.65097,1.65237,1.00,1.00
2017.01.02 11:05:01.952,1.65095,1.65237,1.00,1.00
2017.01.02 11:05:02.053,1.65099,1.65237,1.00,1.00
2017.01.02 11:05:02.254,1.65095,1.65237,1.00,1.00
2017.01.02 11:05:02.845,1.65097,1.65237,1.00,1.00
2017.01.02 11:05:03.273,1.651,1.65237,1.00,1.00
2017.01.02 11:05:03.474,1.65095,1.65237,1.00,1.00
2017.01.02 11:05:03.788,1.65102,1.65237,1.00,1.00
2017.01.02 11:05:04.043,1.651,1.65237,1.00,1.00
2017.01.02 11:05:04.383,1.65097,1.65237,1.00,1.00
2017.01.02 11:05:04.914,1.65096,1.65237,1.00,1.00
2017.01.02 11:05:04.965,1.65094,1.65237,1.50,1.00
2017.01.02 11:05:05.065,1.65098,1.65237,1.00,1.00
2017.01.02 11:05:05.267,1.65096,1.65237,1.00,1.00
2017.01.02 11:05:05.667,1.65093,1.65237,1.00,1.00
2017.01.02 11:05:05.768,1.65099,1.65237,1.00,1.00
2017.01.02 11:05:05.869,1.65095,1.65237,1.00,1.00
2017.01.02 11:05:06.249,1.65098,1.65237,1.00,1.00
2017.01.02 11:05:06.670,1.651,1.65237,1.00,1.00
2017.01.02 11:05:06.871,1.65095,1.65237,1.00,1.00
2017.01.02 11:05:06.972,1.65099,1.65237,1.00,1.00
2017.01.02 11:05:07.495,1.65098,1.65237,1.00,1.00
2017.01.02 11:05:07.545,1.65095,1.65237,1.00,1.00
2017.01.02 11:05:07.847,1.65098,1.65237,1.00,1.00
2017.01.02 11:05:07.948,1.65101,1.65242,1.00,1.37
2017.01.02 11:05:08.049,1.65096,1.65242,1.00,1.37
2017.01.02 11:05:08.172,1.65098,1.65242,1.00,1.37
2017.01.02 11:05:08.469,1.65095,1.65242,1.00,1.37
2017.01.02 11:05:08.779,1.65098,1.65242,1.00,1.37
2017.01.02 11:05:09.030,1.65096,1.65242,1.00,1.37
2017.01.02 11:05:09.231,1.65097,1.65236,1.00,1.00
2017.01.02 11:05:09.282,1.65094,1.65236,1.00,1.00
2017.01.02 11:05:09.393,1.65092,1.65236,1.00,1.00
2017.01.02 11:05:09.695,1.65098,1.65236,1.00,1.00
2017.01.02 11:05:10.050,1.65101,1.65236,1.00,1.00
2017.01.02 11:05:10.382,1.65098,1.65236,1.00,1.00
2017.01.02 11:05:10.697,1.65095,1.65236,1.50,1.00
2017.01.02 11:05:10.798,1.65097,1.65236,1.00,1.00
2017.01.02 11:05:11.147,1.651,1.65236,1.00,1.00
2017.01.02 11:05:11.448,1.65103,1.65236,1.00,1.00
2017.01.02 11:05:11.549,1.65098,1.65236,1.00,1.00
2017.01.02 11:05:12.057,1.65097,1.65236,1.00,1.00
2017.01.02 11:05:12.258,1.65099,1.65236,1.00,1.00
2017.01.02 11:05:12.462,1.65096,1.65236,1.00,1.00
2017.01.02 11:05:12.563,1.65101,1.65236,1.00,1.00
2017.01.02 11:05:12.866,1.65095,1.65236,1.00,1.00
2017.01.02 11:05:13.169,1.65098,1.65236,1.00,1.00
2017.01.02 11:05:13.666,1.65102,1.65236,1.00,1.00
2017.01.02 11:05:13.967,1.65098,1.65236,1.00,1.00
2017.01.02 11:05:14.269,1.65096,1.65236,1.00,1.00
2017.01.02 11:05:14.452,1.651,1.65236,1.00,1.00
2017.01.02 11:05:14.557,1.65097,1.65236,1.00,1.00
2017.01.02 11:05:14.862,1.65095,1.65236,1.00,1.00
2017.01.02 11:05:15.274,1.65098,1.65236,1.00,1.00
2017.01.02 11:05:15.572,1.65096,1.65236,1.00,1.00
2017.01.02 11:05:15.774,1.65094,1.65236,1.00,1.00
2017.01.02 11:05:15.875,1.65098,1.65236,1.00,1.00
2017.01.02 11:05:16.083,1.65095,1.65236,1.50,1.00
2017.01.02 11:05:16.254,1.65098,1.65236,1.00,1.00
2017.01.02 11:05:16.377,1.65096,1.65236,1.00,1.00
2017.01.02 11:05:16.478,1.651,1.65236,1.00,1.00
2017.01.02 11:05:16.755,1.65096,1.65236,1.00,1.00
2017.01.02 11:05:17.083,1.65099,1.65236,1.00,1.00
2017.01.02 11:05:17.432,1.65101,1.65236,1.00,1.00
2017.01.02 11:05:17.702,1.65097,1.65236,1.00,1.00
2017.01.02 11:05:17.903,1.65099,1.65236,1.00,1.00
2017.01.02 11:05:18.303,1.65095,1.65236,1.00,1.00
2017.01.02 11:05:18.404,1.65098,1.65236,1.00,1.00
2017.01.02 11:05:18.707,1.65101,1.65236,1.00,1.00
2017.01.02 11:05:18.858,1.65096,1.65236,1.00,1.00
2017.01.02 11:05:19.363,1.651,1.65236,1.00,1.00
2017.01.02 11:05:19.464,1.65097,1.65236,1.00,1.00
2017.01.02 11:05:19.979,1.65096,1.65236,1.00,1.00
2017.01.02 11:05:20.518,1.65099,1.65236,1.00,1.00
2017.01.02 11:05:20.670,1.65094,1.65236,1.00,1.00
2017.01.02 11:05:20.986,1.65097,1.65236,1.00,1.00
2017.01.02 11:05:21.403,1.65099,1.65236,1.00,1.00
2017.01.02 11:05:21.604,1.65096,1.65236,1.00,1.00
2017.01.02 11:05:22.121,1.65095,1.65236,1.00,1.00
2017.01.02 11:05:22.277,1.65098,1.65236,1.00,1.00
2017.01.02 11:05:22.698,1.65102,1.65236,1.00,1.00
2017.01.02 11:05:22.903,1.65095,1.65236,1.50,1.00
2017.01.02 11:05:23.177,1.65097,1.65236,1.00,1.00
2017.01.02 11:05:23.712,1.65096,1.65236,1.00,1.00
2017.01.02 11:05:23.763,1.65094,1.65236,2.25,1.00
2017.01.02 11:05:24.009,1.65094,1.65227,1.00,1.00
2017.01.02 11:05:24.060,1.65094,1.65237,1.00,1.00
2017.01.02 11:05:24.162,1.65097,1.65237,1.00,1.00
2017.01.02 11:05:24.518,1.65097,1.65237,1.00,1.37
2017.01.02 11:05:24.669,1.65094,1.65237,1.00,1.37
2017.01.02 11:05:24.770,1.651,1.65237,1.00,1.37
2017.01.02 11:05:24.971,1.65096,1.65237,1.00,1.37
2017.01.02 11:05:25.072,1.65098,1.65237,1.00,1.37
2017.01.02 11:05:25.273,1.65095,1.65237,1.00,1.37
2017.01.02 11:05:25.676,1.651,1.65237,1.00,1.37
2017.01.02 11:05:26.171,1.65093,1.65237,1.00,1.37
2017.01.02 11:05:26.272,1.65098,1.65237,1.00,1.37
2017.01.02 11:05:26.473,1.65095,1.65237,1.00,1.37
2017.01.02 11:05:26.565,1.651,1.65237,1.00,1.37
2017.01.02 11:05:26.867,1.65098,1.65237,1.00,1.37
2017.01.02 11:05:27.078,1.65094,1.65237,1.00,1.37
2017.01.02 11:05:27.179,1.65096,1.65237,1.00,1.37
2017.01.02 11:05:27.516,1.651,1.65237,1.00,1.37
2017.01.02 11:05:27.667,1.65097,1.65237,1.00,1.37
2017.01.02 11:05:27.872,1.65099,1.65237,1.00,1.37
2017.01.02 11:05:27.973,1.65097,1.65237,1.00,1.37
2017.01.02 11:05:28.074,1.65101,1.65237,1.00,1.37
2017.01.02 11:05:28.306,1.65096,1.65237,1.00,1.37
2017.01.02 11:05:28.612,1.65094,1.65237,1.00,1.37
2017.01.02 11:05:28.713,1.65098,1.65237,1.00,1.37
2017.01.02 11:05:28.914,1.65095,1.65237,1.50,1.37
2017.01.02 11:05:29.268,1.65097,1.65237,1.00,1.37
2017.01.02 11:05:29.481,1.65095,1.65237,1.00,1.37
2017.01.02 11:05:29.907,1.65098,1.65237,1.00,1.37
2017.01.02 11:05:30.077,1.65095,1.65237,1.00,1.37
2017.01.02 11:05:30.177,1.65097,1.65237,1.00,1.37
2017.01.02 11:05:30.683,1.65092,1.65237,1.50,1.37
2017.01.02 11:05:30.784,1.65097,1.65237,1.00,1.37
2017.01.02 11:05:31.001,1.65091,1.65237,1.00,1.37
2017.01.02 11:05:31.101,1.65096,1.65237,1.00,1.37
2017.01.02 11:05:31.697,1.65096,1.65237,1.00,1.37
2017.01.02 11:05:32.027,1.65098,1.65237,1.00,1.37
2017.01.02 11:05:32.287,1.65096,1.65237,1.00,1.37
2017.01.02 11:05:32.587,1.65094,1.65237,1.00,1.37
2017.01.02 11:05:32.688,1.65098,1.65237,1.00,1.37
2017.01.02 11:05:33.086,1.65101,1.65237,1.00,1.37
2017.01.02 11:05:33.187,1.65096,1.65237,1.00,1.37
2017.01.02 11:05:33.487,1.65093,1.65237,1.00,1.37
2017.01.02 11:05:33.588,1.65098,1.65237,1.00,1.37
2017.01.02 11:05:33.890,1.651,1.65237,1.00,1.37
2017.01.02 11:05:34.091,1.65097,1.65237,1.00,1.37
2017.01.02 11:05:34.493,1.65099,1.65237,1.00,1.37
2017.01.02 11:05:34.994,1.65095,1.65237,1.00,1.37
2017.01.02 11:05:35.475,1.651,1.65237,1.00,1.37
2017.01.02 11:05:35.582,1.65092,1.65237,1.00,1.37
2017.01.02 11:05:35.633,1.65094,1.65237,1.50,1.37
2017.01.02 11:05:35.997,1.65099,1.65237,1.00,1.37
2017.01.02 11:05:36.148,1.65099,1.65237,1.00,1.00
2017.01.02 11:05:36.199,1.65103,1.65237,1.00,1.00
2017.01.02 11:05:36.500,1.65107,1.65237,1.00,1.00
2017.01.02 11:05:36.796,1.65103,1.65237,1.00,1.00
2017.01.02 11:05:37.100,1.651,1.65237,1.00,1.00
2017.01.02 11:05:37.612,1.65099,1.65237,1.00,1.00
2017.01.02 11:05:37.713,1.65095,1.65237,1.00,1.00
2017.01.02 11:05:37.814,1.65099,1.65237,1.00,1.00
2017.01.02 11:05:38.204,1.65094,1.65237,1.00,1.00
2017.01.02 11:05:38.305,1.65102,1.65237,1.00,1.00
2017.01.02 11:05:38.378,1.65097,1.65237,1.00,1.00
2017.01.02 11:05:38.479,1.65094,1.65237,1.00,1.00
2017.01.02 11:05:38.580,1.65097,1.65237,1.00,1.00
2017.01.02 11:05:38.821,1.6509,1.65237,1.00,1.00
2017.01.02 11:05:38.871,1.65094,1.65237,1.00,1.00
2017.01.02 11:05:39.177,1.65098,1.65237,1.00,1.00
2017.01.02 11:05:39.227,1.65095,1.65237,1.00,1.00
2017.01.02 11:05:39.279,1.65101,1.65237,1.00,1.00
2017.01.02 11:05:39.486,1.65097,1.65237,1.00,1.00
2017.01.02 11:05:39.786,1.65094,1.65237,3.00,1.00
2017.01.02 11:05:39.887,1.65098,1.65237,1.00,1.00
2017.01.02 11:05:40.200,1.651,1.65237,1.00,1.00
2017.01.02 11:05:40.401,1.65096,1.65237,1.00,1.00
2017.01.02 11:05:40.692,1.65099,1.65237,1.00,1.00
2017.01.02 11:05:40.996,1.65097,1.65237,1.00,1.00
2017.01.02 11:05:41.315,1.65095,1.65237,1.00,1.00
2017.01.02 11:05:41.381,1.65097,1.65237,1.00,1.00
2017.01.02 11:05:41.615,1.65094,1.65236,1.00,1.00
2017.01.02 11:05:41.682,1.65098,1.65236,1.00,1.00
2017.01.02 11:05:42.017,1.651,1.65237,1.00,1.00
2017.01.02 11:05:42.223,1.65094,1.65237,1.00,1.00
2017.01.02 11:05:42.532,1.65101,1.65237,1.00,1.00
2017.01.02 11:05:42.633,1.65096,1.65237,1.00,1.00
2017.01.02 11:05:43.009,1.65102,1.65237,1.00,1.00
2017.01.02 11:05:43.236,1.65095,1.65237,1.00,1.00
2017.01.02 11:05:43.591,1.651,1.65237,1.00,1.00
2017.01.02 11:05:43.691,1.65095,1.65237,1.50,1.00
2017.01.02 11:05:43.792,1.65093,1.65237,1.00,1.00
2017.01.02 11:05:44.001,1.65097,1.65237,1.00,1.00
2017.01.02 11:05:44.516,1.65098,1.65237,1.00,1.00
2017.01.02 11:05:45.007,1.65094,1.65237,1.00,1.00
2017.01.02 11:05:45.085,1.65098,1.65237,1.00,1.00
2017.01.02 11:05:45.321,1.65096,1.65237,1.00,1.00
2017.01.02 11:05:45.991,1.65101,1.65237,1.00,1.00
2017.01.02 11:05:46.228,1.65098,1.65237,1.00,1.00
2017.01.02 11:05:46.328,1.65094,1.65237,1.00,1.00
2017.01.02 11:05:46.429,1.65098,1.65237,1.00,1.00
2017.01.02 11:05:46.728,1.65094,1.65237,1.00,1.00
2017.01.02 11:05:46.787,1.65096,1.65237,1.00,1.00
2017.01.02 11:05:46.944,1.65098,1.65247,1.00,1.75
2017.01.02 11:05:46.995,1.65096,1.65237,1.00,1.00
2017.01.02 11:05:47.380,1.65094,1.65237,2.25,1.00
2017.01.02 11:05:47.632,1.65098,1.65237,1.00,1.00
2017.01.02 11:05:47.900,1.65094,1.65237,2.25,1.00
2017.01.02 11:05:48.205,1.65096,1.65242,1.00,1.37
2017.01.02 11:05:48.533,1.65095,1.65236,1.00,1.00
2017.01.02 11:05:49.041,1.65094,1.65237,2.25,1.00
2017.01.02 11:05:49.427,1.65096,1.65237,1.00,1.00
2017.01.02 11:05:49.936,1.65095,1.65237,1.00,1.00
2017.01.02 11:05:50.284,1.65098,1.65237,1.00,1.00
2017.01.02 11:05:50.334,1.65095,1.65237,1.50,1.00
2017.01.02 11:05:50.639,1.65092,1.65237,1.00,1.00
2017.01.02 11:05:50.806,1.65095,1.65236,1.00,1.00
2017.01.02 11:05:51.240,1.6509,1.65237,1.00,1.00
2017.01.02 11:05:51.291,1.65094,1.65237,1.00,1.00
2017.01.02 11:05:51.643,1.65096,1.65237,1.00,1.00
2017.01.02 11:05:52.143,1.65099,1.65237,1.00,1.00
2017.01.02 11:05:52.744,1.65096,1.65237,1.00,1.00
2017.01.02 11:05:52.829,1.65099,1.65237,1.00,1.00
2017.01.02 11:05:53.007,1.65096,1.65237,1.00,1.00
2017.01.02 11:05:53.322,1.65094,1.65237,1.50,1.00
2017.01.02 11:05:53.596,1.65096,1.65237,1.00,1.00
2017.01.02 11:05:53.897,1.65094,1.65237,1.50,1.00
2017.01.02 11:05:54.449,1.65095,1.65237,1.50,1.00
2017.01.02 11:05:54.550,1.65091,1.65236,1.00,1.00
2017.01.02 11:05:54.600,1.65095,1.65236,1.00,1.00
2017.01.02 11:05:55.162,1.6509,1.65236,1.00,1.00
2017.01.02 11:05:55.215,1.65094,1.65236,1.00,1.00
2017.01.02 11:05:55.467,1.65089,1.65236,1.00,1.00
2017.01.02 11:05:55.539,1.65094,1.65236,1.00,1.00
2017.01.02 11:05:56.067,1.65092,1.65236,1.00,1.00
2017.01.02 11:05:56.118,1.65089,1.65236,1.00,1.00
2017.01.02 11:05:56.168,1.65095,1.65236,1.50,1.00
2017.01.02 11:05:56.391,1.65092,1.65236,1.00,1.00
2017.01.02 11:05:56.542,1.65094,1.65236,1.00,1.00
2017.01.02 11:05:56.693,1.65092,1.65236,1.00,1.00
2017.01.02 11:05:56.744,1.65096,1.65236,1.00,1.00
2017.01.02 11:05:56.996,1.65094,1.65237,1.50,1.00
2017.01.02 11:05:57.155,1.65097,1.65237,1.00,1.00
2017.01.02 11:05:57.532,1.65092,1.65237,1.00,1.00
2017.01.02 11:05:57.857,1.65098,1.65237,1.00,1.00
2017.01.02 11:05:58.061,1.65095,1.65237,1.00,1.00
2017.01.02 11:05:58.463,1.65092,1.65237,1.00,1.00
2017.01.02 11:05:58.514,1.6509,1.65237,1.00,1.00
2017.01.02 11:05:58.564,1.65094,1.65237,1.00,1.00
2017.01.02 11:05:58.766,1.65091,1.65237,1.00,1.00
2017.01.02 11:05:59.143,1.65094,1.65237,1.00,1.00
2017.01.02 11:05:59.445,1.65097,1.65237,1.00,1.00
2017.01.02 11:05:59.647,1.65094,1.65237,2.25,1.00
2017.01.02 11:05:59.957,1.65094,1.65237,1.50,1.37
2017.01.02 11:06:00.357,1.65096,1.65237,1.00,1.37
2017.01.02 11:06:00.609,1.65093,1.65236,1.00,1.37
2017.01.02 11:06:00.865,1.65095,1.65236,1.50,1.37
2017.01.02 11:06:01.183,1.65092,1.65236,1.00,1.37
2017.01.02 11:06:01.747,1.6509,1.65236,1.00,1.37
2017.01.02 11:06:01.848,1.65092,1.65236,1.00,1.37
2017.01.02 11:06:02.358,1.65091,1.65236,1.00,1.37
2017.01.02 11:06:02.710,1.65096,1.65236,1.00,1.37
2017.01.02 11:06:03.020,1.65094,1.65236,2.25,1.37
2017.01.02 11:06:03.573,1.65095,1.65236,1.50,1.37
2017.01.02 11:06:03.724,1.65097,1.65236,1.00,1.37
2017.01.02 11:06:03.925,1.65094,1.65236,1.50,1.37
2017.01.02 11:06:04.399,1.65091,1.65236,1.00,1.37
2017.01.02 11:06:04.450,1.65094,1.65236,1.00,1.37
2017.01.02 11:06:04.958,1.65096,1.65236,1.00,1.37
2017.01.02 11:06:05.310,1.65094,1.65236,1.50,1.37
2017.01.02 11:06:05.843,1.65095,1.65236,1.50,1.37
2017.01.02 11:06:06.393,1.65096,1.65236,1.00,1.37
2017.01.02 11:06:06.494,1.65094,1.65236,1.00,1.37
2017.01.02 11:06:06.795,1.65091,1.65236,1.00,1.37
2017.01.02 11:06:06.846,1.65094,1.65236,1.00,1.37
2017.01.02 11:06:07.048,1.65091,1.65236,1.00,1.37
2017.01.02 11:06:07.149,1.65094,1.65236,1.00,1.37
2017.01.02 11:06:07.452,1.65097,1.65236,1.00,1.37
2017.01.02 11:06:07.653,1.65094,1.65236,2.25,1.37
2017.01.02 11:06:07.854,1.65096,1.65236,1.00,1.37
2017.01.02 11:06:08.364,1.65094,1.65236,1.50,1.37
2017.01.02 11:06:08.566,1.65097,1.65236,1.00,1.37
2017.01.02 11:06:08.667,1.65094,1.65236,1.50,1.37
2017.01.02 11:06:08.789,1.6509,1.65236,1.00,1.37
2017.01.02 11:06:09.404,1.65094,1.65237,1.00,1.37
2017.01.02 11:06:10.238,1.65093,1.65237,1.00,1.37
2017.01.02 11:06:10.543,1.65096,1.65237,1.00,1.37
2017.01.02 11:06:10.745,1.65094,1.65237,1.50,1.37
2017.01.02 11:06:11.293,1.65095,1.65237,1.50,1.37
2017.01.02 11:06:11.344,1.65092,1.65237,1.00,1.37
2017.01.02 11:06:11.394,1.65094,1.65237,1.00,1.37
2017.01.02 11:06:11.746,1.65096,1.65237,1.00,1.37
2017.01.02 11:06:11.948,1.65091,1.65237,1.00,1.37
2017.01.02 11:06:12.049,1.65094,1.65237,1.00,1.37
2017.01.02 11:06:12.359,1.65097,1.65237,1.00,1.37
2017.01.02 11:06:12.560,1.65093,1.65237,1.00,1.37
2017.01.02 11:06:12.761,1.65096,1.65237,1.00,1.37
2017.01.02 11:06:12.948,1.65096,1.65237,1.00,1.00
2017.01.02 11:06:13.049,1.65098,1.65237,1.00,1.00
2017.01.02 11:06:13.573,1.65105,1.65237,1.00,1.00
2017.01.02 11:06:13.674,1.65103,1.65237,1.00,1.00
2017.01.02 11:06:13.730,1.65106,1.65237,1.00,1.00
2017.01.02 11:06:14.038,1.65098,1.65237,1.00,1.00
2017.01.02 11:06:14.433,1.65101,1.65237,1.00,1.00
2017.01.02 11:06:14.534,1.65093,1.65237,1.00,1.00
2017.01.02 11:06:14.703,1.65095,1.65237,1.50,1.00
2017.01.02 11:06:15.005,1.65097,1.65237,1.00,1.00
2017.01.02 11:06:15.156,1.65095,1.65237,1.00,1.00
2017.01.02 11:06:15.270,1.65099,1.65237,1.00,1.00
2017.01.02 11:06:15.472,1.65095,1.65236,2.25,1.00
2017.01.02 11:06:15.737,1.65093,1.65237,1.00,1.00
2017.01.02 11:06:15.788,1.65095,1.65237,1.00,1.00
2017.01.02 11:06:16.106,1.65092,1.65237,1.00,1.00
2017.01.02 11:06:16.358,1.65094,1.65237,1.00,1.00
2017.01.02 11:06:16.908,1.65095,1.65237,1.00,1.00
2017.01.02 11:06:17.110,1.65089,1.65237,1.00,1.00
2017.01.02 11:06:17.173,1.65095,1.65237,1.00,1.00
2017.01.02 11:06:17.683,1.65094,1.65237,1.50,1.00
2017.01.02 11:06:18.049,1.6509,1.65237,1.00,1.00
2017.01.02 11:06:18.308,1.65094,1.65237,1.00,1.00
2017.01.02 11:06:18.358,1.65092,1.65237,1.00,1.00
2017.01.02 11:06:18.409,1.65095,1.65237,1.00,1.00
2017.01.02 11:06:18.660,1.6509,1.65237,1.00,1.00
2017.01.02 11:06:18.812,1.6509,1.65237,1.00,1.37
2017.01.02 11:06:19.114,1.65094,1.65237,1.50,1.37
2017.01.02 11:06:19.215,1.6509,1.65237,1.00,1.37
2017.01.02 11:06:19.558,1.65094,1.65237,1.00,1.37
2017.01.02 11:06:19.609,1.6509,1.65237,1.00,1.37
2017.01.02 11:06:19.659,1.65094,1.65237,1.50,1.37
2017.01.02 11:06:19.989,1.65096,1.65237,1.00,1.37
2017.01.02 11:06:20.140,1.65089,1.65237,1.00,1.37
2017.01.02 11:06:20.365,1.65095,1.65237,1.00,1.37
2017.01.02 11:06:20.619,1.65089,1.65237,1.00,1.37
2017.01.02 11:06:20.669,1.65095,1.65236,1.00,1.12
2017.01.02 11:06:21.023,1.65093,1.65236,1.00,1.12
2017.01.02 11:06:21.073,1.65095,1.65236,1.00,1.12
2017.01.02 11:06:21.577,1.65094,1.65236,1.00,1.12
2017.01.02 11:06:21.887,1.65096,1.65236,1.00,1.00
2017.01.02 11:06:22.423,1.65095,1.65236,1.50,1.00
2017.01.02 11:06:22.510,1.65098,1.65248,1.00,1.75
2017.01.02 11:06:22.560,1.65095,1.65236,1.50,1.00
2017.01.02 11:06:22.863,1.65106,1.65236,1.00,1.00
2017.01.02 11:06:23.163,1.65102,1.65236,1.00,1.00
2017.01.02 11:06:23.240,1.65099,1.65236,1.00,1.00
2017.01.02 11:06:23.472,1.65097,1.65236,1.00,1.00
2017.01.02 11:06:23.573,1.65095,1.65236,2.25,1.00
2017.01.02 11:06:24.175,1.6509,1.65236,1.12,1.00
2017.01.02 11:06:24.226,1.65095,1.65236,1.00,1.00
2017.01.02 11:06:24.542,1.65093,1.65236,1.00,1.00
2017.01.02 11:06:24.978,1.65089,1.65237,1.37,1.00
2017.01.02 11:06:25.491,1.65097,1.65237,1.00,1.00
2017.01.02 11:06:25.647,1.65095,1.65237,1.00,1.00
2017.01.02 11:06:25.983,1.65089,1.65237,1.37,1.00
2017.01.02 11:06:26.033,1.65095,1.65237,1.00,1.00
2017.01.02 11:06:26.333,1.65089,1.65237,1.37,1.00
2017.01.02 11:06:26.434,1.65094,1.65237,1.00,1.00
2017.01.02 11:06:26.737,1.65094,1.65187,1.00,1.00
2017.01.02 11:06:26.837,1.65088,1.65187,1.50,1.00
2017.01.02 11:06:26.888,1.65091,1.65187,1.00,1.00
2017.01.02 11:06:27.137,1.65098,1.65237,1.00,1.00
2017.01.02 11:06:27.237,1.6509,1.65187,1.00,1.00
2017.01.02 11:06:27.288,1.65088,1.65187,1.00,1.00
2017.01.02 11:06:27.388,1.65052,1.65241,1.00,1.20
2017.01.02 11:06:27.439,1.65052,1.65196,1.00,1.00
2017.01.02 11:06:28.233,1.65053,1.65196,1.00,0.75
2017.01.02 11:06:28.778,1.65052,1.65196,1.00,0.75
2017.01.02 11:06:29.308,1.65053,1.65196,1.00,1.00
2017.01.02 11:06:29.420,1.65052,1.65202,1.00,1.00
2017.01.02 11:06:29.471,1.65052,1.65263,1.00,1.00
2017.01.02 11:06:29.521,1.65052,1.65221,1.00,1.00
2017.01.02 11:06:29.572,1.65053,1.65263,1.00,1.00
2017.01.02 11:06:29.799,1.65052,1.65258,1.00,1.00
2017.01.02 11:06:30.149,1.65052,1.65246,1.00,1.00
2017.01.02 11:06:30.980,1.65053,1.65246,1.00,1.00
2017.01.02 11:06:32.073,1.65052,1.65246,1.00,1.00
2017.01.02 11:06:32.644,1.65052,1.65245,1.00,1.00
2017.01.02 11:06:33.145,1.65053,1.65246,1.00,1.00
2017.01.02 11:06:34.742,1.65053,1.65245,1.00,1.00
2017.01.02 11:06:35.324,1.65052,1.65245,1.00,1.00
2017.01.02 11:06:35.931,1.65053,1.65245,1.00,1.00
2017.01.02 11:06:36.704,1.65053,1.65235,1.00,1.67
2017.01.02 11:06:36.754,1.65052,1.65246,1.00,1.37
2017.01.02 11:06:36.805,1.65052,1.65246,1.00,1.60
2017.01.02 11:06:36.905,1.65053,1.65246,1.00,1.00
2017.01.02 11:06:38.735,1.65052,1.65246,1.00,1.00
2017.01.02 11:06:39.341,1.65052,1.65245,1.00,1.00
2017.01.02 11:06:39.968,1.65052,1.65246,1.00,1.00
2017.01.02 11:06:40.550,1.65053,1.65245,1.00,1.00
2017.01.02 11:06:41.172,1.65053,1.65246,1.00,1.00
2017.01.02 11:06:41.727,1.65052,1.65245,1.00,1.00
2017.01.02 11:06:42.276,1.65053,1.65246,1.00,1.00
2017.01.02 11:06:42.787,1.65052,1.65245,1.00,1.00
2017.01.02 11:06:43.420,1.65052,1.65246,1.00,1.00
2017.01.02 11:06:44.534,1.65053,1.65246,1.00,1.00
2017.01.02 11:06:45.119,1.65053,1.65245,1.00,1.00
2017.01.02 11:06:45.673,1.65053,1.65229,1.00,1.00
2017.01.02 11:06:46.486,1.65053,1.65228,1.00,1.00
2017.01.02 11:06:46.987,1.65052,1.65229,1.00,1.00
2017.01.02 11:06:50.763,1.65053,1.65163,1.00,1.00
2017.01.02 11:06:51.264,1.65053,1.65168,0.75,1.27
2017.01.02 11:06:51.868,1.65052,1.65171,0.75,1.20
2017.01.02 11:06:51.919,1.65052,1.65176,0.75,1.27
2017.01.02 11:06:52.532,1.65052,1.65182,0.75,1.27
2017.01.02 11:06:52.718,1.65052,1.65177,0.75,1.27
2017.01.02 11:06:53.056,1.65052,1.65172,0.75,1.27
2017.01.02 11:06:53.166,1.65052,1.65173,0.75,1.20
2017.01.02 11:06:53.501,1.65052,1.65179,0.75,1.20
2017.01.02 11:06:53.552,1.65052,1.65175,1.00,1.27
2017.01.02 11:06:53.883,1.65053,1.65172,1.00,1.20
2017.01.02 11:06:54.353,1.65052,1.65177,1.00,1.20
2017.01.02 11:06:54.504,1.65053,1.65176,1.00,1.27
2017.01.02 11:06:54.705,1.65052,1.65184,1.00,1.27
2017.01.02 11:06:55.084,1.65053,1.65184,1.00,1.27
2017.01.02 11:06:55.986,1.65052,1.65183,1.00,1.20
2017.01.02 11:06:56.036,1.65052,1.65183,1.00,1.27
2017.01.02 11:06:56.187,1.65053,1.65184,0.75,1.05
2017.01.02 11:06:56.238,1.65052,1.65182,0.75,1.20
2017.01.02 11:06:56.339,1.65053,1.65181,0.75,1.20
2017.01.02 11:06:56.390,1.65053,1.65179,0.75,1.27
2017.01.02 11:06:56.814,1.65053,1.65181,1.00,1.27
2017.01.02 11:06:57.225,1.65052,1.65186,1.00,1.27
2017.01.02 11:06:58.220,1.65053,1.65181,1.00,1.27
2017.01.02 11:06:58.736,1.65052,1.65178,1.00,2.17
2017.01.02 11:06:58.887,1.65052,1.65186,1.00,1.27
2017.01.02 11:06:58.938,1.65053,1.65186,0.75,1.27
2017.01.02 11:06:59.440,1.65052,1.65181,1.00,1.27
2017.01.02 11:07:00.981,1.65053,1.6518,0.75,1.27
2017.01.02 11:07:01.526,1.65052,1.65177,1.00,1.67
2017.01.02 11:07:02.201,1.65053,1.65183,1.00,1.20
2017.01.02 11:07:02.937,1.65053,1.65183,0.75,1.20
2017.01.02 11:07:03.380,1.65052,1.65185,1.00,1.20
2017.01.02 11:07:03.532,1.65052,1.65184,1.00,1.27
2017.01.02 11:07:04.020,1.65052,1.65187,1.00,1.20
2017.01.02 11:07:04.163,1.65052,1.65177,1.00,1.00
2017.01.02 11:07:04.349,1.65052,1.6519,1.00,1.27
2017.01.02 11:07:04.459,1.65052,1.6518,1.00,1.20
2017.01.02 11:07:04.559,1.65052,1.65185,1.00,1.20
2017.01.02 11:07:05.065,1.65052,1.65185,1.00,1.20
2017.01.02 11:07:05.599,1.65053,1.65184,0.75,1.20
2017.01.02 11:07:06.412,1.65052,1.65185,1.00,1.20
2017.01.02 11:07:06.563,1.65052,1.65185,1.00,1.20
2017.01.02 11:07:07.053,1.65052,1.65177,1.00,1.00
2017.01.02 11:07:07.104,1.65052,1.65185,1.00,1.20
2017.01.02 11:07:07.204,1.65052,1.65185,1.00,1.20
2017.01.02 11:07:07.255,1.65052,1.65178,1.00,1.60
2017.01.02 11:07:07.671,1.65052,1.65185,1.00,1.97
2017.01.02 11:07:07.830,1.65052,1.65182,1.00,1.00
2017.01.02 11:07:07.881,1.65052,1.65178,1.00,1.00
2017.01.02 11:07:07.957,1.65052,1.65185,1.00,1.57
2017.01.02 11:07:08.057,1.65052,1.65177,1.00,1.00
2017.01.02 11:07:08.158,1.65052,1.65184,1.00,1.27
2017.01.02 11:07:08.305,1.65053,1.65186,1.00,1.20
2017.01.02 11:07:08.435,1.65053,1.65178,0.75,1.00
2017.01.02 11:07:08.486,1.65053,1.65186,0.75,1.20
2017.01.02 11:07:08.635,1.65052,1.65184,1.00,1.27
2017.01.02 11:07:08.942,1.65053,1.65162,0.75,1.00
2017.01.02 11:07:09.162,1.65052,1.65177,1.00,1.67
2017.01.02 11:07:09.228,1.65053,1.65177,1.00,1.00
2017.01.02 11:07:09.279,1.65053,1.65177,1.00,1.60
2017.01.02 11:07:09.625,1.65052,1.65161,1.00,1.00
2017.01.02 11:07:09.928,1.65052,1.65157,0.75,1.27
2017.01.02 11:07:10.079,1.65053,1.65165,0.75,1.27
2017.01.02 11:07:10.130,1.65052,1.6517,0.75,1.20
2017.01.02 11:07:10.205,1.65052,1.65172,0.75,1.27
2017.01.02 11:07:10.306,1.65052,1.65172,0.75,1.27
2017.01.02 11:07:10.356,1.65052,1.65172,0.75,1.27
2017.01.02 11:07:10.459,1.65053,1.65167,0.75,1.27
2017.01.02 11:07:11.084,1.65052,1.65173,0.75,1.27
2017.01.02 11:07:12.333,1.65052,1.65177,0.75,1.27
2017.01.02 11:07:12.771,1.65053,1.6517,0.75,1.27
2017.01.02 11:07:13.063,1.65052,1.65176,0.75,1.20
2017.01.02 11:07:13.113,1.65052,1.65175,0.75,1.27
2017.01.02 11:07:14.712,1.65052,1.65175,0.75,1.27
2017.01.02 11:07:15.195,1.65052,1.65174,0.75,1.20
2017.01.02 11:07:15.275,1.65052,1.65179,0.75,1.27
2017.01.02 11:07:15.739,1.65053,1.65179,0.75,1.27
2017.01.02 11:07:15.899,1.65052,1.65179,0.75,1.27
2017.01.02 11:07:16.411,1.65052,1.6519,0.75,1.20
2017.01.02 11:07:16.512,1.65052,1.6519,1.00,1.20
2017.01.02 11:07:16.613,1.65053,1.65193,1.00,1.27
2017.01.02 11:07:16.727,1.65052,1.65196,1.00,1.20
2017.01.02 11:07:16.777,1.65052,1.65193,1.00,1.27
2017.01.02 11:07:16.984,1.65052,1.65196,1.00,1.20
2017.01.02 11:07:17.084,1.65052,1.65196,1.00,1.20
2017.01.02 11:07:17.586,1.65053,1.65198,1.00,1.27
2017.01.02 11:07:17.637,1.65052,1.65198,1.00,1.20
2017.01.02 11:07:17.687,1.65052,1.65198,1.00,1.20
2017.01.02 11:07:17.788,1.65052,1.65201,1.00,1.27
2017.01.02 11:07:18.124,1.65052,1.65203,1.00,1.20
2017.01.02 11:07:18.174,1.65053,1.65201,1.00,1.27
2017.01.02 11:07:18.507,1.65052,1.65168,0.75,1.27
2017.01.02 11:07:18.558,1.65052,1.65171,0.75,1.20
2017.01.02 11:07:18.608,1.65052,1.65182,0.75,1.20
2017.01.02 11:07:18.709,1.65052,1.65187,1.00,1.27
2017.01.02 11:07:18.843,1.65052,1.65198,1.00,1.20
2017.01.02 11:07:18.994,1.65052,1.65195,1.00,1.27
2017.01.02 11:07:19.304,1.65052,1.65194,1.00,1.27
2017.01.02 11:07:19.718,1.65052,1.65194,1.00,1.27
2017.01.02 11:07:19.769,1.65052,1.65194,1.00,2.02
2017.01.02 11:07:20.624,1.65052,1.65196,1.00,1.20
2017.01.02 11:07:20.676,1.65052,1.65175,1.00,1.87
2017.01.02 11:07:20.762,1.65052,1.65186,1.00,1.20
2017.01.02 11:07:20.862,1.65052,1.65188,1.00,1.27
2017.01.02 11:07:21.243,1.65053,1.65195,1.00,1.27
2017.01.02 11:07:21.293,1.65052,1.6519,1.00,1.27
2017.01.02 11:07:21.623,1.65052,1.65193,1.00,1.20
2017.01.02 11:07:22.133,1.65053,1.65192,1.00,1.20
2017.01.02 11:07:22.708,1.65052,1.65193,1.00,1.20
2017.01.02 11:07:23.314,1.65053,1.65192,0.75,1.20
2017.01.02 11:07:23.920,1.65052,1.65193,1.00,1.20
2017.01.02 11:07:24.074,1.65052,1.65184,1.00,1.00
2017.01.02 11:07:24.376,1.65052,1.65183,0.75,1.27
2017.01.02 11:07:24.890,1.65053,1.65183,0.75,1.27
2017.01.02 11:07:25.463,1.65052,1.65184,0.75,1.27
2017.01.02 11:07:26.382,1.65052,1.65185,0.75,1.20
2017.01.02 11:07:27.032,1.65053,1.65184,1.00,1.27
2017.01.02 11:07:27.385,1.65052,1.65178,1.00,1.27
2017.01.02 11:07:27.471,1.65053,1.65179,1.00,1.20
2017.01.02 11:07:27.924,1.65053,1.65183,1.00,1.20
2017.01.02 11:07:27.974,1.65052,1.65183,1.00,1.27
2017.01.02 11:07:28.198,1.65052,1.65183,1.00,1.20
2017.01.02 11:07:30.114,1.65053,1.65188,1.00,1.27
2017.01.02 11:07:30.614,1.65052,1.65188,1.00,1.27
2017.01.02 11:07:31.204,1.65052,1.65183,0.75,1.20
2017.01.02 11:07:31.823,1.65052,1.65187,0.75,1.27
2017.01.02 11:07:32.020,1.65052,1.65175,0.75,1.05
2017.01.02 11:07:32.071,1.65053,1.65183,0.75,1.67
2017.01.02 11:07:32.121,1.65053,1.65179,0.75,1.27
2017.01.02 11:07:32.173,1.65053,1.65182,0.75,1.20
2017.01.02 11:07:32.224,1.65053,1.65195,0.75,1.27
2017.01.02 11:07:32.440,1.65052,1.65194,0.75,1.67
2017.01.02 11:07:32.491,1.65052,1.65194,0.75,1.67
2017.01.02 11:07:32.975,1.65053,1.6517,0.75,1.37
2017.01.02 11:07:33.076,1.65052,1.65176,0.75,1.27
2017.01.02 11:07:33.176,1.65052,1.65184,0.75,1.20
2017.01.02 11:07:33.227,1.65052,1.6519,0.75,1.27
2017.01.02 11:07:34.209,1.65053,1.6519,0.75,1.27
2017.01.02 11:07:34.314,1.65052,1.6519,0.75,1.27
2017.01.02 11:07:34.814,1.65053,1.65192,0.75,1.20
2017.01.02 11:07:34.869,1.65053,1.6519,0.75,1.27
2017.01.02 11:07:35.159,1.65053,1.65191,0.75,1.20
2017.01.02 11:07:35.209,1.65052,1.6519,0.75,1.27
2017.01.02 11:07:35.714,1.65053,1.65191,0.75,1.20
2017.01.02 11:07:36.060,1.65053,1.6519,0.75,1.27
2017.01.02 11:07:36.361,1.65052,1.65193,0.75,1.20
2017.01.02 11:07:36.557,1.65053,1.65191,0.75,1.27
2017.01.02 11:07:36.657,1.65053,1.65191,0.75,1.20
2017.01.02 11:07:36.777,1.65052,1.65191,0.75,1.27
2017.01.02 11:07:37.122,1.65052,1.65193,0.75,1.20
2017.01.02 11:07:37.318,1.65052,1.65191,0.75,1.27
2017.01.02 11:07:37.623,1.65052,1.65192,0.75,1.20
2017.01.02 11:07:37.673,1.65052,1.65192,0.75,1.27
2017.01.02 11:07:37.724,1.65052,1.65192,0.75,1.20
2017.01.02 11:07:38.133,1.65053,1.65192,0.75,1.27
2017.01.02 11:07:38.717,1.65052,1.65193,0.75,1.20
2017.01.02 11:07:39.018,1.65052,1.65118,0.75,1.00
2017.01.02 11:07:39.355,1.6505,1.65113,0.75,1.00
2017.01.02 11:07:39.406,1.6505,1.65118,0.75,1.00
2017.01.02 11:07:39.456,1.65049,1.65113,0.75,1.00
2017.01.02 11:07:39.924,1.6505,1.6511,0.75,1.00
2017.01.02 11:07:40.079,1.65052,1.65114,0.75,2.25
2017.01.02 11:07:40.600,1.65048,1.65113,0.75,1.00
2017.01.02 11:07:41.102,1.65048,1.65112,0.75,1.00
2017.01.02 11:07:41.638,1.6505,1.65114,0.75,1.50
2017.01.02 11:07:42.169,1.65052,1.65113,0.75,2.25
2017.01.02 11:07:42.370,1.65052,1.65119,0.75,1.00
2017.01.02 11:07:42.521,1.65053,1.65129,0.75,1.50
2017.01.02 11:07:42.572,1.65052,1.65113,0.75,1.00
2017.01.02 11:07:43.094,1.65052,1.65114,0.75,2.25
2017.01.02 11:07:43.646,1.65052,1.65188,0.75,1.20
2017.01.02 11:07:43.747,1.65052,1.65191,0.75,1.27
2017.01.02 11:07:43.968,1.65052,1.65186,0.75,1.27
2017.01.02 11:07:44.019,1.65052,1.65186,0.75,1.27
2017.01.02 11:07:44.069,1.65052,1.65183,0.75,1.20
2017.01.02 11:07:44.172,1.65052,1.65186,0.75,1.27
2017.01.02 11:07:44.663,1.65053,1.65188,0.75,1.20
2017.01.02 11:07:44.713,1.65052,1.65186,0.75,1.27
2017.01.02 11:07:49.312,1.65052,1.65188,1.00,1.27
2017.01.02 11:07:49.427,1.65052,1.65188,1.00,1.27
2017.01.02 11:07:49.770,1.65052,1.6518,1.00,1.00
2017.01.02 11:07:49.820,1.65052,1.65188,1.00,1.27
2017.01.02 11:07:53.262,1.65052,1.65183,1.00,1.20
2017.01.02 11:07:53.577,1.65053,1.65181,1.00,1.27
2017.01.02 11:07:53.628,1.65052,1.65181,1.00,1.27
2017.01.02 11:07:53.678,1.65052,1.65178,1.00,1.20
2017.01.02 11:07:53.779,1.65052,1.65184,1.00,1.20
2017.01.02 11:07:54.688,1.65052,1.6519,1.00,1.20
2017.01.02 11:07:54.738,1.65052,1.6519,1.00,1.27
2017.01.02 11:07:54.839,1.65052,1.65184,1.00,1.20
2017.01.02 11:07:54.889,1.65052,1.65184,1.00,1.20
2017.01.02 11:07:55.271,1.65052,1.65186,1.00,1.20
2017.01.02 11:07:55.372,1.65052,1.65191,1.00,1.20
2017.01.02 11:07:55.571,1.65052,1.6519,1.00,1.27
2017.01.02 11:07:55.867,1.65053,1.6519,1.00,1.20
2017.01.02 11:07:56.022,1.65052,1.65186,1.00,1.20
2017.01.02 11:07:56.275,1.65053,1.65191,1.00,1.27
2017.01.02 11:07:56.602,1.65052,1.65191,1.00,1.27
2017.01.02 11:07:56.927,1.65052,1.65177,0.75,1.20
2017.01.02 11:07:57.492,1.65052,1.65177,0.75,1.35
2017.01.02 11:07:57.857,1.65053,1.65177,0.75,2.92
2017.01.02 11:07:58.316,1.65053,1.65173,0.75,1.67
2017.01.02 11:07:58.467,1.65052,1.65187,0.75,1.20
2017.01.02 11:07:58.568,1.65053,1.65186,0.75,1.20
2017.01.02 11:07:58.668,1.65053,1.65192,0.75,1.27
2017.01.02 11:07:58.719,1.65052,1.6518,0.75,1.05
2017.01.02 11:07:58.769,1.65052,1.65192,0.75,1.27
2017.01.02 11:07:58.820,1.65052,1.65188,0.75,1.20
2017.01.02 11:07:58.883,1.65052,1.65195,0.75,1.27
2017.01.02 11:07:59.967,1.65052,1.65195,1.00,1.27
2017.01.02 11:08:00.318,1.65053,1.65194,1.00,1.27
2017.01.02 11:08:00.797,1.65052,1.65189,1.00,1.27
2017.01.02 11:08:01.099,1.65053,1.65169,0.75,1.20
2017.01.02 11:08:01.200,1.65053,1.65188,0.75,1.27
2017.01.02 11:08:01.491,1.65052,1.65179,0.75,1.27
2017.01.02 11:08:01.542,1.65052,1.65183,0.75,1.20
2017.01.02 11:08:01.593,1.65052,1.65186,0.75,1.27
2017.01.02 11:08:01.694,1.65052,1.65189,0.75,1.20
2017.01.02 11:08:01.794,1.65052,1.65191,0.75,1.27
2017.01.02 11:08:02.550,1.65053,1.65195,1.00,1.20
2017.01.02 11:08:02.601,1.65052,1.65191,1.00,1.27
2017.01.02 11:08:04.318,1.65052,1.65194,1.00,1.20
2017.01.02 11:08:04.497,1.65052,1.65198,1.00,1.27
2017.01.02 11:08:04.706,1.65052,1.65199,1.00,1.20
2017.01.02 11:08:04.756,1.65052,1.65198,1.00,1.27
2017.01.02 11:08:05.315,1.65052,1.65198,1.00,1.20
2017.01.02 11:08:05.366,1.65052,1.65198,1.00,1.27
2017.01.02 11:08:05.695,1.65053,1.65193,1.00,1.20
2017.01.02 11:08:05.746,1.65053,1.65194,1.00,1.27
2017.01.02 11:08:06.560,1.65052,1.65193,1.00,1.27
2017.01.02 11:08:06.903,1.65052,1.65181,1.00,1.20
2017.01.02 11:08:07.213,1.65053,1.65178,1.00,1.50
2017.01.02 11:08:07.766,1.65052,1.65178,1.00,1.50
2017.01.02 11:08:08.040,1.65052,1.65186,1.00,1.57
2017.01.02 11:08:08.090,1.65052,1.65178,1.00,1.00
2017.01.02 11:08:08.352,1.65053,1.65186,1.00,1.20
2017.01.02 11:08:08.452,1.65052,1.65194,1.00,1.20
2017.01.02 11:08:08.666,1.65052,1.65194,1.00,1.27
2017.01.02 11:08:08.716,1.65052,1.65195,1.00,1.20
2017.01.02 11:08:08.863,1.65052,1.65194,1.00,1.27
2017.01.02 11:08:09.342,1.65052,1.65184,1.00,1.30
2017.01.02 11:08:09.652,1.65052,1.65177,1.00,1.00
2017.01.02 11:08:10.043,1.65052,1.65184,1.00,1.90
2017.01.02 11:08:10.227,1.65052,1.65177,1.00,1.00
2017.01.02 11:08:10.762,1.65052,1.65178,1.00,1.50
2017.01.02 11:08:11.034,1.65052,1.65184,1.00,1.90
2017.01.02 11:08:11.134,1.65052,1.65178,0.75,1.00
2017.01.02 11:08:11.482,1.65052,1.65178,0.75,2.92
2017.01.02 11:08:11.583,1.65052,1.65178,0.75,1.50
2017.01.02 11:08:11.633,1.65053,1.65191,0.75,1.20
2017.01.02 11:08:11.734,1.65053,1.65197,0.75,1.27
2017.01.02 11:08:11.784,1.65052,1.65172,0.75,1.67
2017.01.02 11:08:12.037,1.65052,1.65187,0.75,1.27
2017.01.02 11:08:12.480,1.65052,1.65191,1.00,1.20
2017.01.02 11:08:12.560,1.65053,1.65187,1.00,1.27
2017.01.02 11:08:13.067,1.65052,1.65188,1.00,1.27
2017.01.02 11:08:13.192,1.65052,1.65188,1.00,1.27
2017.01.02 11:08:13.384,1.65053,1.65186,1.00,1.27
2017.01.02 11:08:13.892,1.65052,1.65184,1.00,1.27
2017.01.02 11:08:14.031,1.65053,1.65186,1.00,1.20
2017.01.02 11:08:14.132,1.65053,1.65192,1.00,1.27
2017.01.02 11:08:14.703,1.65052,1.65192,1.00,1.27
2017.01.02 11:08:14.753,1.65053,1.65186,1.00,1.20
2017.01.02 11:08:15.078,1.65052,1.65178,1.00,1.00
2017.01.02 11:08:15.323,1.65052,1.65187,1.00,1.57
2017.01.02 11:08:15.579,1.65052,1.65178,1.00,1.00
2017.01.02 11:08:16.262,1.65052,1.65177,1.00,1.50
2017.01.02 11:08:16.431,1.65052,1.65192,1.00,1.27
2017.01.02 11:08:16.860,1.65052,1.65187,1.00,1.20
2017.01.02 11:08:17.164,1.65052,1.65187,1.00,1.20
2017.01.02 11:08:17.912,1.65052,1.65193,1.00,1.20
2017.01.02 11:08:17.966,1.65052,1.65188,1.00,1.27
2017.01.02 11:08:18.081,1.65052,1.65192,1.00,1.20
2017.01.02 11:08:18.132,1.65052,1.65195,1.00,1.27
2017.01.02 11:08:18.266,1.65052,1.65198,1.00,1.20
2017.01.02 11:08:18.317,1.65053,1.65195,1.00,1.27
2017.01.02 11:08:18.633,1.65053,1.65191,1.00,1.27
2017.01.02 11:08:18.883,1.65052,1.65195,1.00,1.20
2017.01.02 11:08:19.101,1.65052,1.65191,1.00,1.27
2017.01.02 11:08:19.202,1.65053,1.65196,1.00,1.20
2017.01.02 11:08:19.253,1.65053,1.65196,1.00,1.20
2017.01.02 11:08:19.528,1.65052,1.65191,1.00,1.27
2017.01.02 11:08:19.836,1.65053,1.65183,1.00,1.20
2017.01.02 11:08:20.138,1.65052,1.6519,1.00,1.20
2017.01.02 11:08:20.537,1.65052,1.65196,1.00,1.20
2017.01.02 11:08:20.781,1.65052,1.65195,1.00,1.27
2017.01.02 11:08:21.085,1.65052,1.65194,1.00,1.27
2017.01.02 11:08:21.320,1.65052,1.65191,1.00,1.20
2017.01.02 11:08:21.724,1.65053,1.65189,1.00,1.27
2017.01.02 11:08:22.192,1.65052,1.65193,1.00,1.27
2017.01.02 11:08:22.443,1.65052,1.6519,1.00,1.27
2017.01.02 11:08:22.632,1.65052,1.6519,1.00,1.20
2017.01.02 11:08:22.682,1.65053,1.6519,1.00,1.27
2017.01.02 11:08:23.232,1.65052,1.65183,1.00,1.20
2017.01.02 11:08:23.695,1.65052,1.65191,1.00,1.27
2017.01.02 11:08:24.049,1.65052,1.65185,1.00,1.20
2017.01.02 11:08:24.360,1.65052,1.65189,1.00,1.27
2017.01.02 11:08:24.802,1.65052,1.6519,1.00,1.20
2017.01.02 11:08:24.853,1.65053,1.6519,1.00,1.27
2017.01.02 11:08:25.100,1.65052,1.65193,1.00,1.20
2017.01.02 11:08:25.301,1.65053,1.65191,1.00,1.20
2017.01.02 11:08:25.402,1.65053,1.65193,1.00,1.27
2017.01.02 11:08:25.525,1.65052,1.65193,1.00,1.27
2017.01.02 11:08:25.626,1.65052,1.65193,1.00,1.27
2017.01.02 11:08:25.760,1.65052,1.65188,1.00,1.27
2017.01.02 11:08:26.205,1.65053,1.65189,1.00,1.27
2017.01.02 11:08:26.363,1.65053,1.65195,1.00,1.27
2017.01.02 11:08:26.464,1.65052,1.65201,1.00,1.27
2017.01.02 11:08:26.632,1.65052,1.65195,1.00,1.27
2017.01.02 11:08:26.682,1.65053,1.65195,1.00,1.27
2017.01.02 11:08:27.001,1.65052,1.65189,1.00,1.27
2017.01.02 11:08:27.313,1.65052,1.65176,1.00,1.20
2017.01.02 11:08:27.564,1.65053,1.65184,1.00,1.20
2017.01.02 11:08:27.684,1.65053,1.65187,1.00,1.27
2017.01.02 11:08:27.734,1.65052,1.65187,1.00,1.27
2017.01.02 11:08:27.889,1.65052,1.65187,1.00,1.20
2017.01.02 11:08:27.939,1.65052,1.65187,1.00,1.27
2017.01.02 11:08:28.262,1.65052,1.65178,1.00,1.67
2017.01.02 11:08:28.837,1.65052,1.65157,1.00,1.00
2017.01.02 11:08:28.888,1.65052,1.65183,1.00,1.27
2017.01.02 11:08:28.938,1.65052,1.65112,0.75,1.00
2017.01.02 11:08:29.039,1.65052,1.65114,0.75,1.00
2017.01.02 11:08:29.516,1.65052,1.65108,0.75,1.00
2017.01.02 11:08:29.566,1.65052,1.65112,0.75,1.00
2017.01.02 11:08:29.817,1.65053,1.65114,0.75,2.25
2017.01.02 11:08:30.137,1.65052,1.65107,0.75,1.00
2017.01.02 11:08:30.219,1.65051,1.65114,0.75,3.00
2017.01.02 11:08:30.370,1.6505,1.65108,0.75,1.00
2017.01.02 11:08:30.471,1.65052,1.65111,0.75,1.00
2017.01.02 11:08:30.571,1.65052,1.65114,0.75,1.00
2017.01.02 11:08:30.622,1.65052,1.65108,0.75,1.00
2017.01.02 11:08:30.723,1.65051,1.65112,0.75,1.00
2017.01.02 11:08:30.823,1.65053,1.65129,0.75,1.00
2017.01.02 11:08:30.874,1.6505,1.65113,0.75,1.50
2017.01.02 11:08:31.377,1.65052,1.65114,0.75,2.25
2017.01.02 11:08:31.879,1.65052,1.65113,0.75,1.50
2017.01.02 11:08:32.310,1.65052,1.65108,0.75,1.00
2017.01.02 11:08:32.411,1.65046,1.65113,0.75,1.50
2017.01.02 11:08:32.775,1.65052,1.65107,1.00,1.00
2017.01.02 11:08:32.847,1.65053,1.65113,1.00,1.50
2017.01.02 11:08:33.098,1.65052,1.6513,0.75,1.50
2017.01.02 11:08:33.149,1.65052,1.65114,0.75,1.00
2017.01.02 11:08:33.694,1.65052,1.65113,0.75,1.00
2017.01.02 11:08:34.314,1.65052,1.65114,0.75,1.50
2017.01.02 11:08:34.616,1.65052,1.65127,0.75,1.00
2017.01.02 11:08:34.939,1.65053,1.65125,0.75,1.00
2017.01.02 11:08:35.175,1.65052,1.65127,0.75,1.00
2017.01.02 11:08:35.225,1.65052,1.65124,0.75,1.00
2017.01.02 11:08:35.366,1.65052,1.65127,0.75,1.00
2017.01.02 11:08:35.527,1.65052,1.65125,0.75,1.00
2017.01.02 11:08:35.675,1.65052,1.65127,0.75,1.00
2017.01.02 11:08:35.726,1.65052,1.65125,0.75,1.00
2017.01.02 11:08:35.859,1.65052,1.65127,0.75,1.00
2017.01.02 11:08:35.910,1.65052,1.6513,0.75,2.25
2017.01.02 11:08:36.011,1.65052,1.65113,0.75,1.50
2017.01.02 11:08:36.529,1.65052,1.65114,0.75,1.50
2017.01.02 11:08:37.258,1.65053,1.65114,0.75,2.25
2017.01.02 11:08:37.828,1.65052,1.65114,0.75,2.25
2017.01.02 11:08:38.374,1.65052,1.65113,0.75,1.00
2017.01.02 11:08:39.138,1.65053,1.65114,0.75,2.25
2017.01.02 11:08:39.844,1.65052,1.65114,0.75,2.25
2017.01.02 11:08:40.365,1.65052,1.65113,0.75,1.00
2017.01.02 11:08:40.879,1.65052,1.65114,0.75,1.50
2017.01.02 11:08:40.929,1.65052,1.65124,0.75,1.00
2017.01.02 11:08:41.103,1.65052,1.65121,0.75,1.00
2017.01.02 11:08:41.330,1.65052,1.65124,0.75,1.00
2017.01.02 11:08:41.459,1.65053,1.65121,0.75,1.00
2017.01.02 11:08:41.563,1.65052,1.65124,0.75,1.00
2017.01.02 11:08:41.748,1.65052,1.65122,0.75,1.00
2017.01.02 11:08:41.893,1.65052,1.65124,0.75,1.00
2017.01.02 11:08:41.953,1.65052,1.65122,0.75,1.00
2017.01.02 11:08:42.131,1.65052,1.65124,0.75,1.00
2017.01.02 11:08:42.181,1.65052,1.65114,0.75,1.00
2017.01.02 11:08:42.779,1.65052,1.65113,0.75,1.50
2017.01.02 11:08:43.589,1.65053,1.65113,0.75,1.50
2017.01.02 11:08:43.639,1.65053,1.65124,0.75,1.00
2017.01.02 11:08:44.414,1.65053,1.65122,0.75,1.00
2017.01.02 11:08:44.634,1.65053,1.65124,0.75,1.00
2017.01.02 11:08:44.734,1.65052,1.65126,0.75,1.00
2017.01.02 11:08:44.789,1.65052,1.65119,0.75,1.00
2017.01.02 11:08:45.094,1.65052,1.65114,0.75,2.25
2017.01.02 11:08:45.405,1.65052,1.65129,0.75,1.00
2017.01.02 11:08:45.456,1.65053,1.65126,0.75,1.00
2017.01.02 11:08:45.889,1.65052,1.65114,0.75,1.00
2017.01.02 11:08:46.434,1.65053,1.65124,0.75,1.00
2017.01.02 11:08:46.589,1.65052,1.65126,0.75,1.00
2017.01.02 11:08:46.639,1.65052,1.65114,0.75,1.00
2017.01.02 11:08:47.221,1.65053,1.65114,0.75,2.25
2017.01.02 11:08:47.978,1.65052,1.65114,0.75,2.25
2017.01.02 11:08:48.883,1.65053,1.65114,0.75,2.25
2017.01.02 11:08:49.231,1.65053,1.65163,0.75,1.20
2017.01.02 11:08:49.332,1.65052,1.65189,0.75,1.20
2017.01.02 11:08:50.223,1.65052,1.65187,0.75,1.27
2017.01.02 11:08:50.644,1.65052,1.65195,1.00,1.57
2017.01.02 11:08:50.745,1.65053,1.65203,1.00,1.20
2017.01.02 11:08:50.796,1.65053,1.65201,1.00,1.27
2017.01.02 11:08:50.896,1.65053,1.65213,1.00,1.60
2017.01.02 11:08:50.947,1.65052,1.65212,1.00,1.67
2017.01.02 11:08:50.997,1.65052,1.65212,1.00,1.67
2017.01.02 11:08:51.312,1.65052,1.65194,1.00,1.00
2017.01.02 11:08:51.614,1.65052,1.65194,1.00,2.17
2017.01.02 11:08:51.940,1.65052,1.65177,1.00,1.00
2017.01.02 11:08:52.041,1.65053,1.65216,1.00,1.60
2017.01.02 11:08:52.091,1.65052,1.65206,1.00,1.00
2017.01.02 11:08:52.426,1.65053,1.65185,1.00,2.02
2017.01.02 11:08:52.647,1.65052,1.65183,1.00,1.67
2017.01.02 11:08:52.748,1.65052,1.65183,1.00,1.67
2017.01.02 11:08:52.798,1.65052,1.65183,1.00,1.67
2017.01.02 11:08:52.926,1.65052,1.65183,1.00,1.67
2017.01.02 11:08:53.138,1.65053,1.65182,1.00,1.27
2017.01.02 11:08:53.443,1.65052,1.65184,1.00,1.20
2017.01.02 11:08:53.678,1.65052,1.6519,1.00,1.67
2017.01.02 11:08:54.103,1.65052,1.65184,1.00,1.20
2017.01.02 11:08:54.254,1.65052,1.65192,1.00,1.27
2017.01.02 11:08:54.369,1.65052,1.65196,1.00,2.02
2017.01.02 11:08:55.731,1.65053,1.65189,1.00,1.27
2017.01.02 11:08:55.832,1.65052,1.65183,1.00,1.27
2017.01.02 11:08:56.430,1.65053,1.65191,1.00,1.27
2017.01.02 11:08:56.591,1.65053,1.65191,1.00,1.27
2017.01.02 11:08:56.978,1.65052,1.65185,1.00,1.27
2017.01.02 11:08:58.237,1.65053,1.65191,1.00,1.27
2017.01.02 11:08:58.900,1.65052,1.65191,1.00,1.27
2017.01.02 11:09:02.778,1.65,1.65191,1.00,1.27
2017.01.02 11:09:03.281,1.65,1.65191,1.00,1.27
2017.01.02 11:09:03.817,1.64999,1.65187,1.00,1.27
2017.01.02 11:09:04.778,1.64999,1.65187,1.00,1.27
2017.01.02 11:09:05.296,1.64999,1.65186,1.00,1.27
2017.01.02 11:09:05.814,1.64999,1.65186,1.00,1.27
2017.01.02 11:09:06.304,1.64999,1.65188,1.00,1.20
2017.01.02 11:09:06.518,1.64999,1.65186,1.00,1.27
2017.01.02 11:09:07.033,1.64999,1.65187,1.00,1.27
2017.01.02 11:09:07.295,1.64999,1.65187,1.00,1.20
2017.01.02 11:09:07.345,1.64999,1.65187,1.00,1.27
2017.01.02 11:09:07.962,1.64999,1.65183,1.00,1.20
2017.01.02 11:09:08.163,1.64999,1.65188,1.00,1.27
2017.01.02 11:09:08.514,1.65,1.65187,1.00,1.27
2017.01.02 11:09:08.615,1.65,1.65188,1.00,1.27
2017.01.02 11:09:09.119,1.64999,1.65188,1.00,1.27
2017.01.02 11:09:09.634,1.65029,1.65199,1.00,1.57
2017.01.02 11:09:09.735,1.65023,1.65204,1.00,1.20
2017.01.02 11:09:09.913,1.65034,1.65193,1.00,1.50
2017.01.02 11:09:09.969,1.65034,1.65209,1.00,1.27
2017.01.02 11:09:10.120,1.65034,1.65209,1.00,1.27
2017.01.02 11:09:10.171,1.65028,1.65207,1.00,1.35
2017.01.02 11:09:10.322,1.65034,1.65207,1.00,1.00
2017.01.02 11:09:10.573,1.65035,1.65209,1.00,1.35
2017.01.02 11:09:10.724,1.65035,1.65197,1.00,1.00
2017.01.02 11:09:10.925,1.65039,1.65209,1.00,2.25
2017.01.02 11:09:11.026,1.65035,1.65209,1.00,2.25
2017.01.02 11:09:11.177,1.65035,1.65246,1.00,1.20
2017.01.02 11:09:11.227,1.65053,1.65246,1.00,1.20
2017.01.02 11:09:11.278,1.65053,1.6525,1.00,1.20
2017.01.02 11:09:11.379,1.65053,1.65257,1.00,1.20
2017.01.02 11:09:11.484,1.65053,1.65257,1.00,2.10
2017.01.02 11:09:11.585,1.65053,1.65258,1.00,2.17
2017.01.02 11:09:11.935,1.65054,1.65255,1.00,1.27
2017.01.02 11:09:12.237,1.65053,1.65242,1.00,1.12
2017.01.02 11:09:12.748,1.65054,1.65241,1.00,2.62
2017.01.02 11:09:13.005,1.65054,1.65255,1.00,1.27
2017.01.02 11:09:13.156,1.65054,1.65241,1.00,1.00
2017.01.02 11:09:13.306,1.65053,1.65254,1.00,1.27
2017.01.02 11:09:13.541,1.65053,1.65253,1.00,1.20
2017.01.02 11:09:13.642,1.65053,1.65255,1.00,1.27
2017.01.02 11:09:13.742,1.65053,1.65258,1.00,1.60
2017.01.02 11:09:13.893,1.65054,1.65264,1.00,1.05
2017.01.02 11:09:14.079,1.65053,1.65263,1.00,1.05
2017.01.02 11:09:14.230,1.65053,1.65263,1.00,1.05
2017.01.02 11:09:14.281,1.65053,1.65263,1.00,1.05
2017.01.02 11:09:14.590,1.6507,1.65257,1.00,1.00
2017.01.02 11:09:14.691,1.6507,1.65278,1.00,1.27
2017.01.02 11:09:14.842,1.6507,1.65274,1.00,1.67
2017.01.02 11:09:15.145,1.6507,1.65274,1.00,1.20
2017.01.02 11:09:15.196,1.6507,1.65273,1.00,1.00
2017.01.02 11:09:15.246,1.6507,1.65273,1.00,1.67
2017.01.02 11:09:15.398,1.6507,1.65274,1.00,1.00
2017.01.02 11:09:15.448,1.65071,1.65278,1.00,1.27
2017.01.02 11:09:15.718,1.6507,1.65281,1.00,1.20
2017.01.02 11:09:15.819,1.6507,1.65287,1.00,1.05
2017.01.02 11:09:16.061,1.6507,1.65285,1.00,1.05
2017.01.02 11:09:16.382,1.6507,1.65282,1.00,1.27
2017.01.02 11:09:16.433,1.65071,1.65283,1.50,1.20
2017.01.02 11:09:16.534,1.65071,1.65289,1.00,3.22
2017.01.02 11:09:16.709,1.6507,1.65289,1.87,2.10
2017.01.02 11:09:16.810,1.65078,1.65289,1.00,2.10
2017.01.02 11:09:16.860,1.65073,1.65289,1.37,1.50
2017.01.02 11:09:16.910,1.65078,1.65289,1.00,1.50
2017.01.02 11:09:17.011,1.65072,1.65289,1.37,1.50
2017.01.02 11:09:17.112,1.6507,1.65284,1.00,1.30
2017.01.02 11:09:17.380,1.65074,1.6529,1.12,2.85
2017.01.02 11:09:17.602,1.6507,1.65289,1.35,1.87
2017.01.02 11:09:17.730,1.65074,1.65289,1.12,1.60
2017.01.02 11:09:18.016,1.6507,1.6529,2.47,2.25
2017.01.02 11:09:18.067,1.65073,1.65287,1.37,1.00
2017.01.02 11:09:18.407,1.65088,1.65289,1.00,2.25
2017.01.02 11:09:18.559,1.65078,1.65287,1.00,1.00
2017.01.02 11:09:18.609,1.65078,1.65277,2.25,1.00
2017.01.02 11:09:18.902,1.65078,1.65281,2.25,1.00
2017.01.02 11:09:19.064,1.65087,1.65281,1.00,1.00
2017.01.02 11:09:19.224,1.65078,1.65282,1.50,1.00
2017.01.02 11:09:19.325,1.6507,1.65277,1.72,1.00
2017.01.02 11:09:19.484,1.65083,1.6529,1.50,2.25
2017.01.02 11:09:19.534,1.6507,1.65281,2.07,1.00
2017.01.02 11:09:19.836,1.6507,1.65267,1.37,1.00
2017.01.02 11:09:19.887,1.6507,1.65276,1.37,1.00
2017.01.02 11:09:19.988,1.6507,1.65282,1.37,1.00
2017.01.02 11:09:20.089,1.65087,1.6529,1.00,2.85
2017.01.02 11:09:20.140,1.65078,1.6529,1.00,2.85
2017.01.02 11:09:20.278,1.65089,1.6529,1.00,2.92
2017.01.02 11:09:20.640,1.65085,1.65277,1.00,1.00
2017.01.02 11:09:20.864,1.65076,1.65277,1.00,1.00
2017.01.02 11:09:20.964,1.65076,1.65282,1.00,1.00
2017.01.02 11:09:21.025,1.65076,1.65277,1.00,1.00
2017.01.02 11:09:21.087,1.65078,1.65289,1.00,1.27
2017.01.02 11:09:21.264,1.65079,1.65281,1.00,1.00
2017.01.02 11:09:21.669,1.65084,1.65283,1.00,1.05
2017.01.02 11:09:22.051,1.65088,1.65283,1.00,1.05
2017.01.02 11:09:22.638,1.65083,1.65284,1.00,1.97
2017.01.02 11:09:22.930,1.65088,1.65283,1.00,1.05
2017.01.02 11:09:23.091,1.65083,1.65283,1.00,1.05
2017.01.02 11:09:23.380,1.65088,1.65283,1.00,1.05
2017.01.02 11:09:23.516,1.65083,1.65283,1.00,1.05
2017.01.02 11:09:23.756,1.65088,1.65283,1.00,1.05
2017.01.02 11:09:23.860,1.65083,1.65283,1.00,1.05
2017.01.02 11:09:23.910,1.65089,1.65283,1.00,1.05
2017.01.02 11:09:24.070,1.65084,1.65283,1.00,1.05
2017.01.02 11:09:24.618,1.65084,1.65284,1.00,1.97
2017.01.02 11:09:25.616,1.65083,1.65284,1.00,1.97
2017.01.02 11:09:26.244,1.65083,1.65283,1.00,1.05
2017.01.02 11:09:27.085,1.65083,1.65283,1.00,1.27
2017.01.02 11:09:27.590,1.65083,1.65283,1.00,1.27
2017.01.02 11:09:28.184,1.65083,1.65283,1.00,1.27
2017.01.02 11:09:30.114,1.65083,1.65284,1.00,1.27
2017.01.02 11:09:30.353,1.65083,1.65285,1.00,1.20
2017.01.02 11:09:30.709,1.65083,1.65286,1.00,1.67
2017.01.02 11:09:40.164,1.65083,1.65282,1.00,1.27
2017.01.02 11:09:40.789,1.65083,1.65282,1.00,1.27
2017.01.02 11:09:44.920,1.65083,1.65282,1.00,1.27
2017.01.02 11:09:46.629,1.65083,1.65282,1.00,1.27
2017.01.02 11:09:47.009,1.65083,1.65274,1.00,2.25
2017.01.02 11:09:52.089,1.65083,1.65273,1.00,1.50
2017.01.02 11:09:56.838,1.65089,1.65273,1.00,2.10
2017.01.02 11:09:57.384,1.65079,1.65273,1.00,1.50
2017.01.02 11:09:58.063,1.65083,1.65273,1.00,1.50
2017.01.02 11:10:01.768,1.65083,1.65278,1.00,1.27
2017.01.02 11:10:03.180,1.65083,1.65274,1.00,2.92
2017.01.02 11:10:04.790,1.65083,1.65274,1.00,2.85
2017.01.02 11:10:06.110,1.65083,1.65274,1.00,2.92
2017.01.02 11:10:06.662,1.65083,1.65274,1.00,2.85
2017.01.02 11:10:12.140,1.65083,1.65274,1.00,2.92
2017.01.02 11:10:12.790,1.65083,1.65274,1.00,2.85
2017.01.02 11:10:13.656,1.65083,1.65272,1.00,1.67
2017.01.02 11:10:13.966,1.65078,1.65292,1.00,1.60
2017.01.02 11:10:14.066,1.65078,1.65292,1.67,1.00
2017.01.02 11:10:14.326,1.65079,1.65292,1.20,1.00
2017.01.02 11:10:14.849,1.65078,1.65292,1.70,1.00
2017.01.02 11:10:15.231,1.65079,1.65291,1.00,1.67
2017.01.02 11:10:15.570,1.65089,1.65261,1.00,1.00
2017.01.02 11:10:15.872,1.65094,1.65241,1.00,1.00
2017.01.02 11:10:16.029,1.65088,1.65241,1.00,1.00
2017.01.02 11:10:16.120,1.65078,1.65241,1.00,1.00
2017.01.02 11:10:16.363,1.65083,1.65231,1.00,1.00
2017.01.02 11:10:16.413,1.65083,1.65241,1.00,1.00
2017.01.02 11:10:17.451,1.65081,1.65241,1.00,1.00
2017.01.02 11:10:17.620,1.65078,1.65241,1.00,1.00
2017.01.02 11:10:17.764,1.65083,1.65241,1.00,1.00
2017.01.02 11:10:17.885,1.65078,1.65241,1.00,1.00
2017.01.02 11:10:18.405,1.65082,1.65241,1.00,1.00
2017.01.02 11:10:18.570,1.65078,1.65241,1.00,1.00
2017.01.02 11:10:18.671,1.65078,1.6523,1.00,1.00
2017.01.02 11:10:18.721,1.65078,1.65292,1.00,1.60
2017.01.02 11:10:18.903,1.65078,1.65292,1.00,1.00
2017.01.02 11:10:19.110,1.65078,1.6529,1.00,1.00
2017.01.02 11:10:19.211,1.65078,1.65292,1.00,1.00
2017.01.02 11:10:19.315,1.65078,1.65289,1.00,1.00
2017.01.02 11:10:20.430,1.65078,1.65292,1.00,1.00
2017.01.02 11:10:20.844,1.65078,1.6529,1.00,1.00
2017.01.02 11:10:21.699,1.65078,1.65292,1.00,1.00
2017.01.02 11:10:24.180,1.65078,1.65292,2.02,1.00
2017.01.02 11:10:24.920,1.65078,1.65292,1.35,1.35
2017.01.02 11:10:25.021,1.6507,1.65282,1.60,1.00
2017.01.02 11:10:25.071,1.65079,1.6529,1.00,1.00
2017.01.02 11:10:25.122,1.65071,1.65281,1.20,1.00
2017.01.02 11:10:25.428,1.65071,1.65272,1.95,1.00
2017.01.02 11:10:25.646,1.6507,1.65272,1.00,1.00
2017.01.02 11:10:26.102,1.6507,1.65257,1.00,1.00
2017.01.02 11:10:26.152,1.6507,1.65272,1.00,1.00
2017.01.02 11:10:27.810,1.6507,1.65273,1.00,1.50
2017.01.02 11:10:28.255,1.6507,1.65272,1.00,1.70
2017.01.02 11:10:29.178,1.65063,1.65274,1.00,2.92
2017.01.02 11:10:29.433,1.65058,1.65272,1.00,1.70
2017.01.02 11:10:29.809,1.65063,1.65274,1.00,2.92
2017.01.02 11:10:29.912,1.65059,1.65271,1.00,1.70
2017.01.02 11:10:30.219,1.65063,1.65274,1.00,2.92
2017.01.02 11:10:30.320,1.65058,1.65272,1.00,1.70
2017.01.02 11:10:30.765,1.65052,1.65274,1.00,2.92
2017.01.02 11:10:31.068,1.65053,1.65263,1.00,1.27
2017.01.02 11:10:31.420,1.65078,1.65252,1.00,1.60
2017.01.02 11:10:31.471,1.65064,1.65236,1.00,1.00
2017.01.02 11:10:31.571,1.65078,1.65262,1.00,1.00
2017.01.02 11:10:31.773,1.65068,1.65252,1.00,1.00
2017.01.02 11:10:32.075,1.65079,1.65261,1.00,1.00
2017.01.02 11:10:32.421,1.65094,1.6527,1.00,1.27
2017.01.02 11:10:32.476,1.65094,1.65272,1.00,1.20
2017.01.02 11:10:32.527,1.65093,1.65277,1.00,1.67
2017.01.02 11:10:32.628,1.65093,1.65277,1.00,1.67
2017.01.02 11:10:32.678,1.65093,1.65277,1.00,1.00
2017.01.02 11:10:32.729,1.65093,1.65277,1.00,1.67
2017.01.02 11:10:32.829,1.65079,1.65261,1.00,1.00
2017.01.02 11:10:33.112,1.65094,1.65273,1.00,1.50
2017.01.02 11:10:33.162,1.65098,1.65282,1.00,1.67
2017.01.02 11:10:33.261,1.65093,1.65277,1.00,1.00
2017.01.02 11:10:34.216,1.65083,1.65267,1.00,1.00
2017.01.02 11:10:34.518,1.65093,1.65277,1.00,1.00
2017.01.02 11:10:34.970,1.65083,1.65267,1.00,1.00
2017.01.02 11:10:35.272,1.65094,1.65276,1.00,1.00
2017.01.02 11:10:36.311,1.65098,1.65282,1.00,1.00
2017.01.02 11:10:36.414,1.65093,1.65277,1.00,1.00
2017.01.02 11:10:36.763,1.65083,1.65267,1.00,1.00
2017.01.02 11:10:37.089,1.65093,1.65277,1.00,1.00
2017.01.02 11:10:37.675,1.65088,1.65272,1.00,1.00
2017.01.02 11:10:38.063,1.65098,1.65282,1.00,1.67
2017.01.02 11:10:38.184,1.65094,1.65276,1.00,1.00
2017.01.02 11:10:38.234,1.65069,1.65251,1.50,1.00
2017.01.02 11:10:38.536,1.65098,1.65274,1.00,1.50
2017.01.02 11:10:38.587,1.65093,1.65277,1.00,1.00
2017.01.02 11:10:39.269,1.65099,1.65281,1.00,1.00
2017.01.02 11:10:39.469,1.65093,1.65277,1.00,1.00
2017.01.02 11:10:39.742,1.65098,1.65282,1.00,1.00
2017.01.02 11:10:40.117,1.65093,1.65277,1.00,1.00
2017.01.02 11:10:40.798,1.65098,1.65282,1.00,1.00
2017.01.02 11:10:41.263,1.65094,1.65276,1.00,1.00
2017.01.02 11:10:41.314,1.65098,1.65282,1.00,1.00
2017.01.02 11:10:41.373,1.65094,1.65276,1.00,1.00
2017.01.02 11:10:41.647,1.65098,1.65282,1.00,1.00
2017.01.02 11:10:41.734,1.65094,1.65276,1.00,1.00
2017.01.02 11:10:42.073,1.65099,1.65281,1.00,1.00
2017.01.02 11:10:42.472,1.65094,1.65276,1.00,1.00
2017.01.02 11:10:42.606,1.65098,1.65282,1.00,1.00
2017.01.02 11:10:42.794,1.65094,1.65276,1.00,1.00
2017.01.02 11:10:43.339,1.65093,1.65277,1.00,1.00
2017.01.02 11:10:43.832,1.65098,1.65282,1.00,1.00
2017.01.02 11:10:44.280,1.65093,1.65277,1.00,1.00
2017.01.02 11:10:45.275,1.65099,1.65281,1.00,1.00
2017.01.02 11:10:45.376,1.65093,1.65277,1.00,1.00
2017.01.02 11:10:45.427,1.65098,1.65282,1.00,1.00
2017.01.02 11:10:45.986,1.65093,1.65277,1.00,1.00
2017.01.02 11:10:46.459,1.65098,1.65282,1.00,1.00
2017.01.02 11:10:47.090,1.65093,1.65277,1.00,1.00
2017.01.02 11:10:47.470,1.65088,1.65272,1.00,1.00
2017.01.02 11:10:48.017,1.65094,1.65276,1.00,1.00
2017.01.02 11:10:48.067,1.65088,1.65272,1.00,1.00
2017.01.02 11:10:48.494,1.65099,1.65281,1.00,1.00
2017.01.02 11:10:48.817,1.65094,1.65276,1.00,1.00
2017.01.02 11:10:49.043,1.65098,1.65282,1.00,1.00
2017.01.02 11:10:49.156,1.65093,1.65277,1.00,1.00
2017.01.02 11:10:49.506,1.65103,1.65287,1.00,1.00
2017.01.02 11:10:49.855,1.65093,1.65277,1.00,1.00
2017.01.02 11:10:50.202,1.65083,1.65267,1.00,1.00
2017.01.02 11:10:50.587,1.65093,1.65277,1.00,1.00
2017.01.02 11:10:51.366,1.65098,1.65282,1.00,1.00
2017.01.02 11:10:52.160,1.65093,1.65277,1.00,1.00
2017.01.02 11:10:53.947,1.65098,1.65282,1.00,1.00
2017.01.02 11:10:54.492,1.65103,1.65287,1.00,1.00
2017.01.02 11:10:54.849,1.65093,1.65277,1.00,1.00
2017.01.02 11:10:56.139,1.65098,1.65282,1.00,1.00
2017.01.02 11:10:56.492,1.65093,1.65277,1.00,1.00
2017.01.02 11:10:56.986,1.65098,1.65282,1.00,1.00
2017.01.02 11:10:57.797,1.65093,1.65277,1.00,1.00
2017.01.02 11:10:58.116,1.65099,1.65281,1.00,1.00
2017.01.02 11:10:58.588,1.65093,1.65277,1.00,1.00
2017.01.02 11:10:59.793,1.65103,1.65287,1.00,1.00
2017.01.02 11:11:00.133,1.65093,1.65277,1.00,1.00
2017.01.02 11:11:00.855,1.65098,1.65282,1.00,1.00
2017.01.02 11:11:01.348,1.65093,1.65277,1.00,1.00
2017.01.02 11:11:02.381,1.65068,1.65298,1.00,1.27
2017.01.02 11:11:02.432,1.65068,1.65284,1.00,1.27
2017.01.02 11:11:02.482,1.65062,1.65284,1.50,1.27
2017.01.02 11:11:02.533,1.65052,1.65274,1.00,1.27
2017.01.02 11:11:02.982,1.65052,1.6528,1.67,1.27
2017.01.02 11:11:03.032,1.65052,1.65273,1.00,1.27
2017.01.02 11:11:03.238,1.65052,1.65272,1.00,1.20
2017.01.02 11:11:03.289,1.65052,1.65272,1.00,1.27
2017.01.02 11:11:03.880,1.65053,1.65267,1.00,1.27
2017.01.02 11:11:03.932,1.65053,1.65268,1.00,1.20
2017.01.02 11:11:04.399,1.65052,1.65273,1.00,1.27
2017.01.02 11:11:04.449,1.65052,1.65273,1.00,1.27
2017.01.02 11:11:04.500,1.65053,1.65273,1.00,1.27
2017.01.02 11:11:04.982,1.65052,1.65273,1.00,1.27
2017.01.02 11:11:05.087,1.65053,1.65273,1.00,1.27
2017.01.02 11:11:05.762,1.65052,1.65273,1.00,1.27
2017.01.02 11:11:06.767,1.65053,1.65278,1.00,1.27
2017.01.02 11:11:07.349,1.65052,1.65278,1.00,1.27
2017.01.02 11:11:08.085,1.65053,1.65278,1.00,1.27
2017.01.02 11:11:08.792,1.65052,1.65278,1.00,1.27
2017.01.02 11:11:09.153,1.65108,1.65262,1.00,1.00
2017.01.02 11:11:09.494,1.65093,1.65247,1.50,1.00
2017.01.02 11:11:09.796,1.65129,1.65281,1.00,1.00
2017.01.02 11:11:09.997,1.65123,1.65277,1.00,1.00
2017.01.02 11:11:10.048,1.65119,1.65271,1.00,1.00
2017.01.02 11:11:10.350,1.65123,1.65277,1.00,1.00
2017.01.02 11:11:10.605,1.65109,1.65261,1.00,1.00
2017.01.02 11:11:10.656,1.65114,1.65286,1.00,1.00
2017.01.02 11:11:10.757,1.65114,1.65266,1.00,1.00
2017.01.02 11:11:11.068,1.65118,1.65272,1.00,1.00
2017.01.02 11:11:11.260,1.65128,1.65282,1.00,1.00
2017.01.02 11:11:11.577,1.65123,1.65277,1.00,1.00
2017.01.02 11:11:11.881,1.65118,1.65272,1.00,1.00
2017.01.02 11:11:12.609,1.65108,1.65262,1.00,1.00
2017.01.02 11:11:12.927,1.65118,1.65272,1.00,1.00
2017.01.02 11:11:13.494,1.65119,1.65271,1.00,1.00
2017.01.02 11:11:14.024,1.65118,1.65272,1.00,1.00
2017.01.02 11:11:14.732,1.65108,1.65262,1.00,1.00
2017.01.02 11:11:15.083,1.65119,1.65271,1.00,1.00
2017.01.02 11:11:15.234,1.65108,1.65262,1.00,1.00
2017.01.02 11:11:15.667,1.65118,1.65272,1.00,1.00
2017.01.02 11:11:16.367,1.65108,1.65262,1.00,1.00
2017.01.02 11:11:16.903,1.65109,1.65261,1.00,1.00
2017.01.02 11:11:17.054,1.65118,1.65272,1.00,1.00
2017.01.02 11:11:18.357,1.65104,1.65256,1.00,1.00
2017.01.02 11:11:18.458,1.65123,1.65277,1.00,1.00
2017.01.02 11:11:18.559,1.65119,1.65271,1.00,1.00
2017.01.02 11:11:18.709,1.65123,1.65277,1.00,1.00
2017.01.02 11:11:18.760,1.65108,1.65262,1.00,1.00
2017.01.02 11:11:19.062,1.65123,1.65277,1.00,1.00
2017.01.02 11:11:19.405,1.65118,1.65272,1.00,1.00
2017.01.02 11:11:19.942,1.65119,1.65271,1.00,1.00
2017.01.02 11:11:20.236,1.65108,1.65262,1.00,1.00
2017.01.02 11:11:21.616,1.65118,1.65272,1.00,1.00
2017.01.02 11:11:22.090,1.65124,1.65276,1.00,1.00
2017.01.02 11:11:22.220,1.65118,1.65272,1.00,1.00
2017.01.02 11:11:22.323,1.65108,1.65262,1.00,1.00
2017.01.02 11:11:22.624,1.65123,1.65273,1.00,1.50
2017.01.02 11:11:22.675,1.65118,1.65272,1.00,1.00
2017.01.02 11:11:22.758,1.65094,1.65246,1.00,1.00
2017.01.02 11:11:23.167,1.65119,1.65271,1.00,1.00
2017.01.02 11:11:23.551,1.65123,1.65277,1.00,1.70
2017.01.02 11:11:23.886,1.65119,1.65271,1.00,1.00
2017.01.02 11:11:23.937,1.65113,1.65267,1.00,1.00
2017.01.02 11:11:24.103,1.65108,1.65262,1.00,1.00
2017.01.02 11:11:24.604,1.65109,1.65261,1.00,1.00
2017.01.02 11:11:24.671,1.65113,1.65267,1.00,1.00
2017.01.02 11:11:24.721,1.65123,1.65273,1.00,1.00
2017.01.02 11:11:24.778,1.65118,1.65272,1.00,1.00
2017.01.02 11:11:25.435,1.65108,1.65262,1.00,1.00
2017.01.02 11:11:25.636,1.65114,1.65273,1.00,1.00
2017.01.02 11:11:25.737,1.65113,1.65287,1.00,1.00
2017.01.02 11:11:25.838,1.65118,1.65272,1.00,1.00
2017.01.02 11:11:26.297,1.65103,1.65257,1.00,1.00
2017.01.02 11:11:26.609,1.65118,1.65272,1.00,1.00
2017.01.02 11:11:27.067,1.65113,1.65287,1.00,1.00
2017.01.02 11:11:27.118,1.65118,1.65272,1.00,1.00
2017.01.02 11:11:27.427,1.65103,1.65257,1.00,1.00
2017.01.02 11:11:27.752,1.65118,1.65272,1.00,1.00
2017.01.02 11:11:28.567,1.65103,1.65257,1.00,1.00
2017.01.02 11:11:28.887,1.65118,1.65272,1.00,1.00
2017.01.02 11:11:29.787,1.65128,1.65282,1.00,1.00
2017.01.02 11:11:30.130,1.65123,1.65277,1.00,1.00
2017.01.02 11:11:30.662,1.65134,1.65286,1.00,1.00
2017.01.02 11:11:31.218,1.65128,1.65282,1.00,1.00
2017.01.02 11:11:31.269,1.65114,1.65266,1.00,1.00
2017.01.02 11:11:31.660,1.65128,1.65282,1.00,1.00
2017.01.02 11:11:33.638,1.65138,1.6529,1.00,2.25
2017.01.02 11:11:33.737,1.65133,1.65287,1.00,1.00
2017.01.02 11:11:35.183,1.65124,1.65276,1.00,1.00
2017.01.02 11:11:35.489,1.65134,1.65286,1.00,1.00
2017.01.02 11:11:35.995,1.65133,1.65287,1.00,1.00
2017.01.02 11:11:37.136,1.65123,1.65277,1.00,1.00
2017.01.02 11:11:37.438,1.65118,1.65272,1.00,1.00
2017.01.02 11:11:37.779,1.65129,1.65281,1.00,2.02
2017.01.02 11:11:37.829,1.65123,1.65277,1.00,1.00
2017.01.02 11:11:38.128,1.65129,1.65281,1.00,1.00
2017.01.02 11:11:38.235,1.65118,1.65272,1.00,1.00
2017.01.02 11:11:38.286,1.65109,1.65261,1.00,1.00
2017.01.02 11:11:38.589,1.65134,1.65286,1.00,1.35
2017.01.02 11:11:38.740,1.65123,1.65277,1.00,1.00
2017.01.02 11:11:39.048,1.65109,1.65261,1.00,1.00
2017.01.02 11:11:39.365,1.65124,1.65274,1.00,1.50
2017.01.02 11:11:39.415,1.65128,1.65282,1.00,1.67
2017.01.02 11:11:39.516,1.65123,1.65277,1.00,1.00
2017.01.02 11:11:39.583,1.65123,1.65277,1.00,1.67
2017.01.02 11:11:39.633,1.65124,1.65276,1.00,1.00
2017.01.02 11:11:39.684,1.65124,1.65274,1.00,1.00
2017.01.02 11:11:39.734,1.65124,1.65276,1.00,1.00
2017.01.02 11:11:40.086,1.65108,1.65262,1.00,1.00
2017.01.02 11:11:40.137,1.65123,1.65277,1.00,1.00
2017.01.02 11:11:40.541,1.65113,1.65267,1.00,1.00
2017.01.02 11:11:40.926,1.65103,1.65257,1.00,1.00
2017.01.02 11:11:41.247,1.65113,1.65267,1.00,1.00
2017.01.02 11:11:41.548,1.65128,1.65282,1.00,1.00
2017.01.02 11:11:42.070,1.65129,1.65281,1.00,1.00
2017.01.02 11:11:42.700,1.65144,1.6529,1.00,2.25
2017.01.02 11:11:42.868,1.65133,1.65287,1.00,1.00
2017.01.02 11:11:45.263,1.65082,1.65281,1.00,1.00
2017.01.02 11:11:45.314,1.65079,1.65281,1.00,1.00
2017.01.02 11:11:45.364,1.65078,1.6529,1.00,2.92
2017.01.02 11:11:45.666,1.65068,1.65283,1.00,1.27
2017.01.02 11:11:45.766,1.6508,1.65283,1.00,1.27
2017.01.02 11:11:45.817,1.65077,1.65283,1.00,1.27
2017.01.02 11:11:45.867,1.65062,1.65283,1.50,1.27
2017.01.02 11:11:46.068,1.65052,1.65251,1.50,1.27
2017.01.02 11:11:46.667,1.65052,1.65253,1.50,1.20
2017.01.02 11:11:46.816,1.65052,1.65257,1.00,1.27
2017.01.02 11:11:47.223,1.65052,1.65257,1.00,1.27
2017.01.02 11:11:47.736,1.65053,1.65257,1.00,1.27
2017.01.02 11:11:48.889,1.65052,1.65257,1.00,1.27
2017.01.02 11:11:49.199,1.65053,1.65257,1.00,1.27
2017.01.02 11:11:49.767,1.65052,1.65257,1.50,1.27
2017.01.02 11:11:50.613,1.65053,1.65263,1.00,1.27
2017.01.02 11:11:51.123,1.65053,1.65263,1.00,1.27
2017.01.02 11:11:53.414,1.65052,1.65263,1.50,1.27
2017.01.02 11:11:53.863,1.65052,1.65242,1.00,1.00
2017.01.02 11:11:54.297,1.65053,1.65223,1.00,1.27
2017.01.02 11:11:54.844,1.65052,1.65223,1.00,1.27
2017.01.02 11:11:56.290,1.65052,1.65227,1.00,1.20
2017.01.02 11:11:56.341,1.65052,1.65233,1.00,1.20
2017.01.02 11:11:56.441,1.65052,1.65233,1.00,1.20
2017.01.02 11:11:56.979,1.65052,1.65233,1.00,1.20
2017.01.02 11:11:58.020,1.65053,1.65232,1.00,1.20
2017.01.02 11:11:58.826,1.65052,1.65239,1.00,1.27
2017.01.02 11:11:59.113,1.65052,1.6524,1.00,1.20
2017.01.02 11:11:59.341,1.65052,1.65237,1.00,1.27
2017.01.02 11:12:01.220,1.65053,1.65237,1.00,1.27
2017.01.02 11:12:01.350,1.65052,1.65246,1.00,1.27
2017.01.02 11:12:01.569,1.65053,1.65246,1.00,1.20
2017.01.02 11:12:01.963,1.65052,1.65254,1.00,1.20
2017.01.02 11:12:02.068,1.65052,1.65257,1.00,2.17
2017.01.02 11:12:02.370,1.65053,1.65254,1.00,1.27
2017.01.02 11:12:02.521,1.65052,1.65247,1.00,1.27
2017.01.02 11:12:02.571,1.65052,1.65251,1.00,1.20
2017.01.02 11:12:02.672,1.65052,1.65254,1.00,1.27
2017.01.02 11:12:02.873,1.65052,1.65257,1.00,1.35
2017.01.02 11:12:03.434,1.65052,1.65258,1.00,2.10
2017.01.02 11:12:04.085,1.65053,1.65262,1.00,1.27
2017.01.02 11:12:04.683,1.65052,1.65262,1.00,1.27
2017.01.02 11:12:06.815,1.65053,1.65262,1.00,1.27
2017.01.02 11:12:06.936,1.65052,1.65262,1.00,1.27
2017.01.02 11:12:07.255,1.65052,1.65258,1.50,2.17
2017.01.02 11:12:07.440,1.65058,1.65258,1.00,2.92
2017.01.02 11:12:07.540,1.65052,1.65258,1.00,2.17
2017.01.02 11:12:07.591,1.65054,1.65258,1.00,1.67
2017.01.02 11:12:07.641,1.65052,1.65257,1.00,1.67
2017.01.02 11:12:07.914,1.65052,1.65253,1.00,1.27
2017.01.02 11:12:07.965,1.65052,1.65257,1.00,2.77
2017.01.02 11:12:08.479,1.65053,1.65254,1.00,1.27
2017.01.02 11:12:08.916,1.65052,1.65254,1.00,1.27
2017.01.02 11:12:08.967,1.65053,1.65254,1.00,1.27
2017.01.02 11:12:09.217,1.65052,1.65254,1.00,1.27
2017.01.02 11:12:09.519,1.65052,1.65243,1.00,1.20
2017.01.02 11:12:09.569,1.65052,1.65249,1.00,1.27
2017.01.02 11:12:09.620,1.65053,1.65249,1.00,1.27
2017.01.02 11:12:10.122,1.65052,1.65254,1.00,1.27
2017.01.02 11:12:10.669,1.65052,1.65249,1.00,1.20
2017.01.02 11:12:10.857,1.65053,1.65255,1.00,1.27
2017.01.02 11:12:11.429,1.65052,1.65249,1.00,1.27
2017.01.02 11:12:11.731,1.65052,1.6524,1.00,1.20
2017.01.02 11:12:11.781,1.65052,1.65249,1.00,1.27
2017.01.02 11:12:11.832,1.65052,1.65256,1.00,1.20
2017.01.02 11:12:11.934,1.65053,1.65258,1.00,2.17
2017.01.02 11:12:12.459,1.65052,1.65258,1.00,2.17
2017.01.02 11:12:12.759,1.65052,1.65257,1.00,2.17
2017.01.02 11:12:13.061,1.65052,1.65237,1.00,1.27
2017.01.02 11:12:13.212,1.65052,1.65233,1.00,1.20
2017.01.02 11:12:13.312,1.65052,1.65244,1.00,1.20
2017.01.02 11:12:13.363,1.65052,1.65243,1.00,1.27
2017.01.02 11:12:13.514,1.65052,1.65241,1.00,1.20
2017.01.02 11:12:13.564,1.65093,1.65242,1.00,1.60
2017.01.02 11:12:13.715,1.65094,1.65241,1.00,1.00
2017.01.02 11:12:13.880,1.65078,1.65227,1.00,1.00
2017.01.02 11:12:13.930,1.65104,1.65251,1.00,1.00
2017.01.02 11:12:14.132,1.65099,1.65271,1.00,1.00
2017.01.02 11:12:14.775,1.65108,1.65282,1.00,1.00
2017.01.02 11:12:14.976,1.65104,1.65276,1.00,1.00
2017.01.02 11:12:15.435,1.65098,1.65272,1.00,1.00
2017.01.02 11:12:16.093,1.65114,1.65286,1.00,1.00
2017.01.02 11:12:16.144,1.65098,1.65272,1.00,1.00
2017.01.02 11:12:17.322,1.65099,1.65271,1.00,1.00
2017.01.02 11:12:18.149,1.65108,1.65282,1.00,1.00
2017.01.02 11:12:18.274,1.65104,1.65276,1.00,1.00
2017.01.02 11:12:19.044,1.65099,1.65271,1.00,1.00
2017.01.02 11:12:23.200,1.65114,1.65286,1.00,1.00
2017.01.02 11:12:23.364,1.65103,1.65277,1.00,1.00
2017.01.02 11:12:23.518,1.65098,1.65272,1.00,1.00
2017.01.02 11:12:24.268,1.65109,1.65281,1.00,1.00
2017.01.02 11:12:24.837,1.65103,1.65277,1.00,1.00
2017.01.02 11:12:26.140,1.65114,1.65286,1.00,1.00
2017.01.02 11:12:26.240,1.65108,1.65282,1.00,1.00
2017.01.02 11:12:26.291,1.65103,1.65277,1.00,1.00
2017.01.02 11:12:26.688,1.65119,1.65289,1.00,2.25
2017.01.02 11:12:26.739,1.65103,1.65277,1.00,1.00
2017.01.02 11:12:26.839,1.65109,1.65281,1.00,1.00
2017.01.02 11:12:26.929,1.65103,1.65277,1.00,1.00
2017.01.02 11:12:28.213,1.65078,1.65289,1.00,2.17
2017.01.02 11:12:28.331,1.65074,1.65289,1.00,1.27
2017.01.02 11:12:28.381,1.6508,1.65289,1.00,1.27
2017.01.02 11:12:28.432,1.65078,1.65289,1.00,1.27
2017.01.02 11:12:28.483,1.65069,1.65289,1.00,1.27
2017.01.02 11:12:28.719,1.65077,1.65283,1.00,1.27
2017.01.02 11:12:28.870,1.65069,1.65283,1.00,1.27
2017.01.02 11:12:29.161,1.6508,1.65282,1.00,1.27
2017.01.02 11:12:29.312,1.65068,1.65283,1.00,1.27
2017.01.02 11:12:29.487,1.6507,1.65283,1.00,1.27
2017.01.02 11:12:29.817,1.65077,1.65283,1.00,1.27
2017.01.02 11:12:30.030,1.65052,1.65262,1.00,1.27
2017.01.02 11:12:30.081,1.65053,1.65264,1.00,1.20
2017.01.02 11:12:30.132,1.65052,1.65272,1.00,1.20
2017.01.02 11:12:30.262,1.65062,1.65276,1.00,1.27
2017.01.02 11:12:30.312,1.65052,1.65279,1.67,1.20
2017.01.02 11:12:30.363,1.65068,1.65279,1.00,1.20
2017.01.02 11:12:30.463,1.65062,1.65283,1.00,1.27
2017.01.02 11:12:30.514,1.65062,1.65283,1.00,1.27
2017.01.02 11:12:30.564,1.65076,1.65279,1.00,1.20
2017.01.02 11:12:30.628,1.65076,1.65283,1.00,1.27
2017.01.02 11:12:30.729,1.65074,1.65283,1.00,1.27
2017.01.02 11:12:30.865,1.65077,1.65283,1.00,1.27
2017.01.02 11:12:31.283,1.6507,1.65283,1.00,1.27
2017.01.02 11:12:31.383,1.6508,1.65283,1.00,1.27
2017.01.02 11:12:31.434,1.65069,1.65283,1.00,1.27
2017.01.02 11:12:31.667,1.65078,1.65283,1.00,1.27
2017.01.02 11:12:32.131,1.65069,1.65283,1.00,1.27
2017.01.02 11:12:32.308,1.65075,1.65283,1.00,1.27
2017.01.02 11:12:32.358,1.65052,1.65283,1.60,1.27
2017.01.02 11:12:32.409,1.65052,1.65283,2.10,1.27
2017.01.02 11:12:32.712,1.65052,1.65264,1.00,1.27
2017.01.02 11:12:32.863,1.65064,1.65279,1.00,1.27
2017.01.02 11:12:32.978,1.65074,1.65279,1.00,1.27
2017.01.02 11:12:33.082,1.65069,1.65279,1.00,1.27
2017.01.02 11:12:33.133,1.65073,1.65278,1.00,1.27
2017.01.02 11:12:33.682,1.65066,1.65278,1.00,1.27
2017.01.02 11:12:33.783,1.65069,1.6528,1.00,1.20
2017.01.02 11:12:34.313,1.65076,1.65284,1.00,1.27
2017.01.02 11:12:34.432,1.6507,1.65284,1.00,1.27
2017.01.02 11:12:34.784,1.6508,1.65284,1.00,1.27
2017.01.02 11:12:34.834,1.65069,1.65283,1.00,1.27
2017.01.02 11:12:34.985,1.65078,1.65284,1.00,1.27
2017.01.02 11:12:35.434,1.6507,1.65284,1.00,1.27
2017.01.02 11:12:35.641,1.65081,1.65284,1.00,1.27
2017.01.02 11:12:35.933,1.65069,1.65283,1.00,1.27
2017.01.02 11:12:36.349,1.65077,1.65284,1.00,1.27
2017.01.02 11:12:36.450,1.6507,1.65284,1.00,1.27
2017.01.02 11:12:36.601,1.65081,1.65284,1.00,1.27
2017.01.02 11:12:37.035,1.6507,1.65283,1.00,1.27
2017.01.02 11:12:37.193,1.65072,1.65283,1.00,1.27
2017.01.02 11:12:37.344,1.65052,1.65273,1.00,1.27
2017.01.02 11:12:37.394,1.65062,1.65274,1.00,1.20
2017.01.02 11:12:37.495,1.65052,1.65272,1.00,1.27
2017.01.02 11:12:37.545,1.65052,1.6528,1.00,1.27
2017.01.02 11:12:37.847,1.65053,1.6526,1.00,1.27
2017.01.02 11:12:38.182,1.65052,1.65258,1.00,1.67
2017.01.02 11:12:38.346,1.65052,1.65258,1.00,2.92
2017.01.02 11:12:38.447,1.65053,1.65251,1.00,1.27
2017.01.02 11:12:38.497,1.65053,1.65251,1.00,1.27
2017.01.02 11:12:39.004,1.65052,1.65253,1.00,1.27
2017.01.02 11:12:39.055,1.65123,1.65267,0.75,1.60
2017.01.02 11:12:39.256,1.65134,1.65276,1.00,1.00
2017.01.02 11:12:39.357,1.65128,1.65289,1.00,1.00
2017.01.02 11:12:39.458,1.65153,1.6529,0.75,1.50
2017.01.02 11:12:39.558,1.65153,1.65302,1.00,1.67
2017.01.02 11:12:39.659,1.65144,1.65291,1.00,1.00
2017.01.02 11:12:39.760,1.65078,1.65303,1.50,1.27
2017.01.02 11:12:39.810,1.65078,1.65303,1.50,1.27
2017.01.02 11:12:39.860,1.65052,1.65284,1.67,1.20
2017.01.02 11:12:39.945,1.65052,1.65276,1.00,1.27
2017.01.02 11:12:40.261,1.65052,1.65268,1.00,1.27
2017.01.02 11:12:40.563,1.65052,1.65254,1.00,1.20
2017.01.02 11:12:40.729,1.65053,1.65259,1.00,1.20
2017.01.02 11:12:40.780,1.65052,1.65255,1.00,1.27
2017.01.02 11:12:40.880,1.65052,1.65261,1.00,1.20
2017.01.02 11:12:41.105,1.65053,1.65266,1.00,1.27
2017.01.02 11:12:41.415,1.65053,1.65259,1.00,1.20
2017.01.02 11:12:41.465,1.65053,1.65267,1.00,1.27
2017.01.02 11:12:41.677,1.65052,1.65267,1.00,1.27
2017.01.02 11:12:41.979,1.65052,1.65248,1.00,1.27
2017.01.02 11:12:42.124,1.65052,1.65254,1.00,1.20
2017.01.02 11:12:42.246,1.65052,1.65265,1.00,1.27
2017.01.02 11:12:42.477,1.65052,1.65258,1.00,1.27
2017.01.02 11:12:42.779,1.65053,1.65259,1.00,1.20
2017.01.02 11:12:42.880,1.65053,1.65264,1.00,1.27
2017.01.02 11:12:42.930,1.65052,1.65264,1.00,1.27
2017.01.02 11:12:42.981,1.65052,1.65264,1.00,1.27
2017.01.02 11:12:43.048,1.65052,1.65261,1.00,1.20
2017.01.02 11:12:43.158,1.65052,1.65263,1.00,1.27
2017.01.02 11:12:43.208,1.65052,1.65263,1.00,1.27
2017.01.02 11:12:43.511,1.65052,1.65252,1.00,1.27
2017.01.02 11:12:43.562,1.65052,1.65248,1.00,1.20
2017.01.02 11:12:43.662,1.65053,1.65265,1.00,1.27
2017.01.02 11:12:43.974,1.65053,1.65259,1.00,1.27
2017.01.02 11:12:44.276,1.65053,1.65259,1.00,1.20
2017.01.02 11:12:44.387,1.65053,1.65265,1.00,1.20
2017.01.02 11:12:44.438,1.65052,1.65264,1.00,1.27
2017.01.02 11:12:44.760,1.65052,1.65259,1.00,1.27
2017.01.02 11:12:45.171,1.65052,1.6526,1.00,1.27
2017.01.02 11:12:45.382,1.65052,1.6526,1.00,1.27
2017.01.02 11:12:45.684,1.65052,1.65264,1.00,1.20
2017.01.02 11:12:45.785,1.65053,1.65265,1.00,1.27
2017.01.02 11:12:46.127,1.65053,1.65267,1.00,1.27
2017.01.02 11:12:46.428,1.65052,1.65252,1.00,1.27
2017.01.02 11:12:46.479,1.65052,1.65259,1.00,1.20
2017.01.02 11:12:46.556,1.65052,1.65264,1.00,1.27
2017.01.02 11:12:46.656,1.65052,1.65259,1.00,1.20
2017.01.02 11:12:46.968,1.65052,1.65257,1.00,1.20
2017.01.02 11:12:47.123,1.65053,1.65265,1.00,1.27
2017.01.02 11:12:47.290,1.65053,1.65259,1.00,1.20
2017.01.02 11:12:47.360,1.65053,1.65259,1.00,1.20
2017.01.02 11:12:47.626,1.65052,1.65264,1.00,1.27
2017.01.02 11:12:47.968,1.65052,1.6526,1.00,1.27
2017.01.02 11:12:48.120,1.65052,1.65258,1.00,1.27
2017.01.02 11:12:48.421,1.65053,1.65257,1.00,1.20
2017.01.02 11:12:48.472,1.65052,1.65264,1.00,1.20
2017.01.02 11:12:48.791,1.65052,1.65261,1.00,1.27
2017.01.02 11:12:49.122,1.65052,1.65259,1.00,1.20
2017.01.02 11:12:49.173,1.65052,1.65262,1.00,1.27
2017.01.02 11:12:49.479,1.65052,1.65262,1.00,1.27
2017.01.02 11:12:49.780,1.65053,1.65251,1.00,1.27
2017.01.02 11:12:49.831,1.65052,1.65255,1.00,1.20
2017.01.02 11:12:49.967,1.65052,1.65259,1.00,1.27
2017.01.02 11:12:50.204,1.65052,1.65259,1.00,1.27
2017.01.02 11:12:50.505,1.65052,1.65253,1.00,1.20
2017.01.02 11:12:50.606,1.65052,1.65261,1.00,1.27
2017.01.02 11:12:50.707,1.65052,1.65256,1.00,1.27
2017.01.02 11:12:51.008,1.65053,1.65248,1.00,1.27
2017.01.02 11:12:51.061,1.65053,1.65248,1.00,1.27
2017.01.02 11:12:51.161,1.65052,1.65259,1.00,1.20
2017.01.02 11:12:51.245,1.65052,1.65263,1.00,1.27
2017.01.02 11:12:51.477,1.65052,1.65263,1.00,1.27
2017.01.02 11:12:51.778,1.65053,1.65242,1.00,1.27
2017.01.02 11:12:51.829,1.65052,1.65247,1.00,1.20
2017.01.02 11:12:51.934,1.65053,1.65258,1.00,1.20
2017.01.02 11:12:52.034,1.65052,1.65259,1.00,1.20
2017.01.02 11:12:52.085,1.65052,1.65257,1.00,1.27
2017.01.02 11:12:52.475,1.65052,1.65263,1.00,1.27
2017.01.02 11:12:52.788,1.65052,1.65263,1.00,1.27
2017.01.02 11:12:52.989,1.65053,1.65259,1.00,1.20
2017.01.02 11:12:53.039,1.65052,1.65249,1.00,1.27
2017.01.02 11:12:53.216,1.65052,1.65259,1.00,1.20
2017.01.02 11:12:53.317,1.65052,1.6526,1.00,1.20
2017.01.02 11:12:53.586,1.65053,1.65264,1.00,1.27
2017.01.02 11:12:53.888,1.65052,1.65247,1.00,1.20
2017.01.02 11:12:53.989,1.65052,1.65264,1.00,1.27
2017.01.02 11:12:54.217,1.65052,1.65264,1.00,1.27
2017.01.02 11:12:54.282,1.65053,1.65264,1.00,1.27
2017.01.02 11:12:54.515,1.65053,1.65259,1.00,1.20
2017.01.02 11:12:54.566,1.65052,1.65251,1.00,1.27
2017.01.02 11:12:54.717,1.65052,1.65259,1.00,1.20
2017.01.02 11:12:55.017,1.65052,1.65257,1.00,1.27
2017.01.02 11:12:55.318,1.65053,1.65256,1.00,1.20
2017.01.02 11:12:55.419,1.65053,1.65265,1.00,1.27
2017.01.02 11:12:55.716,1.65052,1.65259,1.00,1.27
2017.01.02 11:12:56.018,1.65052,1.65261,1.00,1.27
2017.01.02 11:12:56.317,1.65052,1.65261,1.00,1.27
2017.01.02 11:12:56.468,1.65052,1.65261,1.00,1.20
2017.01.02 11:12:56.519,1.65052,1.65239,1.00,1.20
2017.01.02 11:12:56.620,1.65052,1.65251,1.00,1.27
2017.01.02 11:12:56.720,1.65052,1.65236,1.00,1.27
2017.01.02 11:12:57.059,1.65052,1.65228,1.00,1.20
2017.01.02 11:12:57.109,1.65052,1.65231,1.00,1.27
2017.01.02 11:12:57.182,1.65052,1.65239,1.00,1.20
2017.01.02 11:12:57.333,1.65052,1.65255,1.00,1.20
2017.01.02 11:12:57.434,1.65052,1.65254,1.00,1.27
2017.01.02 11:12:57.484,1.65052,1.65254,1.00,1.27
2017.01.02 11:12:57.535,1.65052,1.65258,1.00,2.92
2017.01.02 11:12:57.635,1.65053,1.65244,1.00,1.27
2017.01.02 11:12:57.737,1.65052,1.65239,1.00,1.27
2017.01.02 11:12:57.788,1.65052,1.65247,1.00,1.20
2017.01.02 11:12:57.888,1.65052,1.65254,1.00,1.20
2017.01.02 11:12:57.939,1.65052,1.65252,1.00,1.27
2017.01.02 11:12:58.249,1.65053,1.6523,1.00,1.20
2017.01.02 11:12:58.572,1.65053,1.65232,1.00,1.20
2017.01.02 11:12:58.622,1.65053,1.65236,1.00,1.27
2017.01.02 11:12:58.793,1.65052,1.65236,1.00,1.27
2017.01.02 11:12:59.095,1.65089,1.65258,1.00,1.20
2017.01.02 11:12:59.296,1.65074,1.65267,1.00,1.27
2017.01.02 11:12:59.397,1.65089,1.65267,1.00,1.27
2017.01.02 11:12:59.705,1.65073,1.65267,1.00,1.27
2017.01.02 11:12:59.755,1.65088,1.65267,1.00,1.27
2017.01.02 11:13:00.125,1.65098,1.65273,1.00,1.20
2017.01.02 11:13:00.226,1.65098,1.65274,1.00,1.27
2017.01.02 11:13:00.995,1.65098,1.65274,1.00,1.27
2017.01.02 11:13:01.381,1.65093,1.65274,1.00,1.27
2017.01.02 11:13:02.086,1.65093,1.65278,1.00,1.20
2017.01.02 11:13:02.187,1.65083,1.65274,1.00,1.27
2017.01.02 11:13:02.237,1.65093,1.65274,1.00,1.27
2017.01.02 11:13:02.584,1.65103,1.65274,1.00,1.27
2017.01.02 11:13:02.757,1.65098,1.65274,1.00,1.27
2017.01.02 11:13:02.858,1.65098,1.65278,1.00,1.20
2017.01.02 11:13:02.932,1.65098,1.65283,1.00,1.27
2017.01.02 11:13:03.053,1.65093,1.65283,1.00,1.27
2017.01.02 11:13:03.132,1.65093,1.65284,1.00,1.20
2017.01.02 11:13:03.413,1.65093,1.65287,1.00,1.27
2017.01.02 11:13:03.686,1.65093,1.65282,1.00,1.20
2017.01.02 11:13:03.787,1.65093,1.65281,1.00,1.27
2017.01.02 11:13:04.136,1.65093,1.65272,1.00,1.27
2017.01.02 11:13:04.187,1.65094,1.6528,1.00,1.20
2017.01.02 11:13:04.309,1.65094,1.65283,1.00,1.27
2017.01.02 11:13:04.481,1.65094,1.65288,1.00,1.20
2017.01.02 11:13:04.632,1.65094,1.65289,1.00,1.00
2017.01.02 11:13:04.682,1.65094,1.65289,1.00,2.17
2017.01.02 11:13:04.733,1.65094,1.65286,1.00,1.20
2017.01.02 11:13:04.834,1.65074,1.65286,1.00,1.67
2017.01.02 11:13:04.885,1.65074,1.65286,1.00,1.67
2017.01.02 11:13:05.316,1.65093,1.65267,1.00,1.27
2017.01.02 11:13:05.654,1.65083,1.65267,1.00,1.27
2017.01.02 11:13:05.805,1.65083,1.65273,1.00,1.20
2017.01.02 11:13:06.285,1.65073,1.65273,1.00,1.27
2017.01.02 11:13:06.335,1.65083,1.65273,1.00,1.20
2017.01.02 11:13:06.588,1.65073,1.65268,1.00,1.20
2017.01.02 11:13:06.638,1.65083,1.65273,1.00,1.27
2017.01.02 11:13:06.888,1.65073,1.65273,1.00,1.27
2017.01.02 11:13:06.938,1.65083,1.65272,1.00,1.27
2017.01.02 11:13:06.989,1.65083,1.65276,1.00,1.20
2017.01.02 11:13:07.096,1.65083,1.65279,1.00,1.27
2017.01.02 11:13:07.440,1.65083,1.65275,1.00,1.20
2017.01.02 11:13:07.540,1.65073,1.65276,1.00,1.20
2017.01.02 11:13:07.715,1.65083,1.65276,1.00,1.20
2017.01.02 11:13:08.403,1.65083,1.65273,1.00,1.27
2017.01.02 11:13:09.325,1.65083,1.65273,1.00,1.27
2017.01.02 11:13:10.215,1.65083,1.65273,1.00,1.27
2017.01.02 11:13:10.415,1.65083,1.65277,1.00,1.20
2017.01.02 11:13:10.621,1.65083,1.65281,1.00,1.27
2017.01.02 11:13:13.424,1.65084,1.65281,1.00,1.27
2017.01.02 11:13:13.532,1.65094,1.65281,1.00,1.27
2017.01.02 11:13:13.786,1.65083,1.65281,1.00,1.27
2017.01.02 11:13:14.267,1.65083,1.65285,1.00,1.20
2017.01.02 11:13:14.367,1.65083,1.65289,1.00,1.27
2017.01.02 11:13:16.066,1.65093,1.65289,1.00,2.02
2017.01.02 11:13:16.156,1.65089,1.65289,1.00,2.02
2017.01.02 11:13:16.906,1.65089,1.65289,1.00,2.02
2017.01.02 11:13:16.956,1.65083,1.65289,1.00,2.02
2017.01.02 11:13:17.057,1.65083,1.65285,1.00,1.20
2017.01.02 11:13:17.158,1.65083,1.65288,1.00,1.27
2017.01.02 11:13:26.362,1.65057,1.65288,1.27,1.27
2017.01.02 11:13:26.413,1.65056,1.65288,1.20,1.27
2017.01.02 11:13:26.715,1.65052,1.65236,1.00,1.27
2017.01.02 11:13:27.280,1.65052,1.65236,1.00,1.27
2017.01.02 11:13:27.331,1.65053,1.65236,1.00,1.27
2017.01.02 11:13:27.475,1.65053,1.65236,1.00,1.27
2017.01.02 11:13:27.526,1.65053,1.65238,1.00,1.20
2017.01.02 11:13:28.030,1.65052,1.65245,1.00,1.20
2017.01.02 11:13:28.161,1.65052,1.65245,1.00,1.20
2017.01.02 11:13:28.683,1.65052,1.6526,1.00,1.20
2017.01.02 11:13:28.784,1.65052,1.65261,1.00,1.27
2017.01.02 11:13:31.192,1.65052,1.65257,1.00,1.00
2017.01.02 11:13:31.642,1.65052,1.65257,1.00,1.67
2017.01.02 11:13:33.722,1.65053,1.65254,1.00,1.27
2017.01.02 11:13:39.233,1.65052,1.65254,1.00,1.27
2017.01.02 11:13:39.283,1.65053,1.65259,1.00,1.20
2017.01.02 11:13:39.419,1.65053,1.65262,1.00,1.27
2017.01.02 11:13:40.188,1.65052,1.65266,1.00,1.20
2017.01.02 11:13:40.312,1.65052,1.65269,1.00,1.27
2017.01.02 11:13:40.697,1.65053,1.65255,1.00,1.27
2017.01.02 11:13:42.523,1.65052,1.65256,1.00,1.20
2017.01.02 11:13:43.123,1.65052,1.65264,1.00,1.27
2017.01.02 11:13:50.277,1.65052,1.65264,1.00,1.27
2017.01.02 11:13:54.714,1.65052,1.65268,1.00,1.20
2017.01.02 11:14:01.750,1.65052,1.65268,1.00,1.20
2017.01.02 11:14:14.712,1.65053,1.65272,1.00,1.20
2017.01.02 11:14:21.596,1.65052,1.65273,1.00,1.20
2017.01.02 11:14:25.262,1.65083,1.65281,1.00,1.20
2017.01.02 11:14:25.522,1.65094,1.65296,1.00,1.67
2017.01.02 11:14:25.890,1.65094,1.65296,1.00,1.67
2017.01.02 11:14:25.991,1.65093,1.65297,1.00,1.67
2017.01.02 11:14:26.102,1.65076,1.65277,1.00,1.00
2017.01.02 11:14:26.152,1.65074,1.65277,1.00,1.00
2017.01.02 11:14:26.344,1.65098,1.65298,1.00,1.27
2017.01.02 11:14:26.394,1.65098,1.65298,1.00,1.27
2017.01.02 11:14:26.924,1.65098,1.65297,1.00,1.20
2017.01.02 11:14:27.332,1.65104,1.65297,1.00,1.20
2017.01.02 11:14:27.478,1.65098,1.65297,1.00,1.20
2017.01.02 11:14:27.703,1.65098,1.65302,1.00,1.00
2017.01.02 11:14:28.266,1.65104,1.65306,1.00,1.00
2017.01.02 11:14:28.508,1.65098,1.65302,1.00,1.00
2017.01.02 11:14:29.396,1.65103,1.65307,1.00,1.00
2017.01.02 11:14:29.855,1.65099,1.65301,1.00,1.00
2017.01.02 11:14:29.952,1.65103,1.65307,1.00,1.00
2017.01.02 11:14:30.053,1.65098,1.65302,1.00,1.00
2017.01.02 11:14:34.910,1.65083,1.65287,1.67,1.00
2017.01.02 11:14:35.096,1.65093,1.65297,1.00,1.00
2017.01.02 11:14:35.293,1.65083,1.65287,1.67,1.00
2017.01.02 11:14:35.674,1.65088,1.65292,1.00,1.00
2017.01.02 11:14:35.780,1.65083,1.65287,2.02,1.00
2017.01.02 11:14:36.295,1.65093,1.65297,1.00,1.00
2017.01.02 11:14:36.444,1.65084,1.65286,1.67,1.00
2017.01.02 11:14:38.224,1.65088,1.65292,1.00,1.00
2017.01.02 11:14:38.556,1.65098,1.65302,1.00,1.00
2017.01.02 11:14:39.189,1.65093,1.65297,1.00,1.00
2017.01.02 11:14:40.662,1.65083,1.65311,1.27,1.27
2017.01.02 11:14:40.763,1.65074,1.65308,1.60,1.27
2017.01.02 11:14:41.065,1.65052,1.65252,1.00,1.27
2017.01.02 11:14:41.445,1.65052,1.65253,1.00,1.20
2017.01.02 11:14:41.741,1.65052,1.65259,1.00,1.20
2017.01.02 11:14:42.480,1.65053,1.65259,1.00,1.27
2017.01.02 11:14:42.720,1.65053,1.65254,1.00,1.20
2017.01.02 11:14:42.906,1.65052,1.65253,1.00,1.27
2017.01.02 11:14:43.099,1.65052,1.65253,1.00,1.20
2017.01.02 11:14:43.149,1.65053,1.65276,1.67,1.20
2017.01.02 11:14:43.277,1.65053,1.65276,1.67,1.20
2017.01.02 11:14:43.377,1.65052,1.65277,1.67,1.20
2017.01.02 11:14:43.445,1.65052,1.6528,1.67,1.27
2017.01.02 11:14:44.139,1.65053,1.65283,1.67,1.20
2017.01.02 11:14:44.246,1.65059,1.65289,1.27,1.27
2017.01.02 11:14:44.390,1.65056,1.65289,1.20,1.27
2017.01.02 11:14:44.595,1.65052,1.6528,1.67,1.27
2017.01.02 11:14:46.665,1.65053,1.6528,1.00,1.27
2017.01.02 11:14:48.919,1.65052,1.65279,1.67,1.20
2017.01.02 11:14:48.970,1.65052,1.6528,1.67,1.20
2017.01.02 11:14:49.164,1.65098,1.65282,1.00,1.60
2017.01.02 11:14:49.265,1.65113,1.65297,1.00,1.00
2017.01.02 11:14:49.315,1.65124,1.65306,1.00,1.60
2017.01.02 11:14:49.416,1.65128,1.65312,1.00,1.00
2017.01.02 11:14:49.626,1.65118,1.65302,1.00,1.00
2017.01.02 11:14:49.927,1.65113,1.65297,1.00,1.00
2017.01.02 11:14:50.565,1.65104,1.65286,1.00,1.00
2017.01.02 11:14:50.646,1.65108,1.65292,1.00,1.00
2017.01.02 11:14:50.940,1.65103,1.65287,1.00,1.00
2017.01.02 11:14:51.252,1.65109,1.65291,1.00,1.00
2017.01.02 11:14:51.734,1.65103,1.65287,1.00,1.00
2017.01.02 11:14:51.784,1.65108,1.65292,1.00,1.00
2017.01.02 11:14:52.116,1.65103,1.65287,1.00,1.00
2017.01.02 11:14:52.612,1.65094,1.65318,1.50,1.27
2017.01.02 11:14:52.663,1.65078,1.65309,1.97,1.27
2017.01.02 11:14:52.763,1.6506,1.65291,1.65,1.27
2017.01.02 11:14:52.864,1.6506,1.65288,1.05,1.20
2017.01.02 11:14:53.107,1.65066,1.65297,1.27,1.27
2017.01.02 11:14:53.257,1.65068,1.653,1.27,1.20
2017.01.02 11:14:53.408,1.65059,1.6529,1.97,1.20
2017.01.02 11:14:53.520,1.65059,1.65289,1.57,1.27
2017.01.02 11:14:53.700,1.6506,1.65289,1.05,1.27
2017.01.02 11:14:53.751,1.65059,1.65289,1.57,1.27
2017.01.02 11:14:53.801,1.65059,1.65294,1.97,1.20
2017.01.02 11:14:54.041,1.65059,1.65289,1.97,1.27
2017.01.02 11:14:54.609,1.65063,1.65296,1.67,1.20
2017.01.02 11:14:54.710,1.65078,1.65306,1.27,1.20
2017.01.02 11:14:54.760,1.65078,1.65315,1.27,1.20
2017.01.02 11:14:55.015,1.65079,1.65309,2.17,1.20
2017.01.02 11:14:55.216,1.65079,1.65317,2.17,1.20
2017.01.02 11:14:55.267,1.65086,1.65317,1.27,1.20
2017.01.02 11:14:55.468,1.6508,1.65317,1.27,1.20
2017.01.02 11:14:55.670,1.6508,1.65311,1.27,1.27
2017.01.02 11:14:56.215,1.6508,1.65311,1.27,1.27
2017.01.02 11:14:56.281,1.6508,1.65316,1.27,1.20
2017.01.02 11:14:56.581,1.6508,1.65311,1.27,1.27
2017.01.02 11:14:57.100,1.6508,1.65311,1.27,1.27
2017.01.02 11:14:57.346,1.6508,1.65318,1.27,1.20
2017.01.02 11:14:57.497,1.65087,1.65318,1.27,1.20
2017.01.02 11:15:01.363,1.65119,1.65311,1.00,1.00
2017.01.02 11:15:01.709,1.65121,1.65311,1.00,1.00
2017.01.02 11:15:02.099,1.6511,1.65297,2.92,1.00
2017.01.02 11:15:02.352,1.65118,1.65312,1.00,1.00
2017.01.02 11:15:02.967,1.65121,1.65312,1.00,1.00
2017.01.02 11:15:03.267,1.65118,1.65312,1.00,1.00
2017.01.02 11:15:03.437,1.65122,1.65312,1.00,1.00
2017.01.02 11:15:03.837,1.65123,1.65312,1.67,1.00
2017.01.02 11:15:04.238,1.65122,1.65312,1.00,1.00
2017.01.02 11:15:04.440,1.65123,1.65312,1.67,1.00
2017.01.02 11:15:04.789,1.65125,1.65312,1.67,1.00
2017.01.02 11:15:05.067,1.65124,1.65312,1.20,1.00
2017.01.02 11:15:05.967,1.65127,1.65312,1.27,1.00
2017.01.02 11:15:06.607,1.65127,1.65312,2.02,1.00
2017.01.02 11:15:07.196,1.65128,1.65312,1.70,1.00
2017.01.02 11:15:07.727,1.65129,1.65312,1.00,1.00
2017.01.02 11:15:07.777,1.65125,1.65312,1.20,1.00
2017.01.02 11:15:08.273,1.65133,1.65312,1.00,1.00
2017.01.02 11:15:08.622,1.65135,1.65312,1.67,1.00
2017.01.02 11:15:08.723,1.65132,1.65312,1.70,1.00
2017.01.02 11:15:08.845,1.65135,1.65312,1.00,1.00
2017.01.02 11:15:08.977,1.65133,1.65312,1.00,1.00
2017.01.02 11:15:09.527,1.65129,1.65312,1.67,1.00
2017.01.02 11:15:09.628,1.65133,1.65312,1.00,1.00
2017.01.02 11:15:09.747,1.65135,1.65312,1.00,1.00
2017.01.02 11:15:10.427,1.65135,1.65312,1.67,1.00
2017.01.02 11:15:10.989,1.65134,1.65312,1.67,1.00
2017.01.02 11:15:11.043,1.65134,1.65312,1.00,1.00
2017.01.02 11:15:11.150,1.65127,1.65312,1.27,1.00
2017.01.02 11:15:11.470,1.65134,1.65312,1.00,1.00
2017.01.02 11:15:11.791,1.65133,1.65312,1.67,1.00
2017.01.02 11:15:11.982,1.65129,1.65312,1.00,1.00
2017.01.02 11:15:12.091,1.65131,1.65316,1.00,1.00
2017.01.02 11:15:12.192,1.65131,1.65312,1.00,1.00
2017.01.02 11:15:12.242,1.65129,1.65312,1.00,1.00
2017.01.02 11:15:12.343,1.65124,1.65316,1.70,1.00
2017.01.02 11:15:12.394,1.6513,1.65317,1.00,1.00
2017.01.02 11:15:12.737,1.6513,1.65312,1.00,1.00
2017.01.02 11:15:12.827,1.65118,1.65312,1.80,1.00
2017.01.02 11:15:13.043,1.65129,1.65312,1.00,1.00
2017.01.02 11:15:13.127,1.65118,1.65312,1.67,1.00
2017.01.02 11:15:13.178,1.65128,1.65312,1.00,1.00
2017.01.02 11:15:13.283,1.65119,1.65312,1.67,1.00
2017.01.02 11:15:13.550,1.65131,1.65311,1.00,1.00
2017.01.02 11:15:13.600,1.65131,1.65317,1.00,1.00
2017.01.02 11:15:13.650,1.65131,1.65306,1.00,1.00
2017.01.02 11:15:13.727,1.65117,1.65306,1.05,1.00
2017.01.02 11:15:13.778,1.65131,1.65306,1.00,1.00
2017.01.02 11:15:14.032,1.65117,1.65306,1.05,1.00
2017.01.02 11:15:14.083,1.65129,1.65306,1.00,1.00
2017.01.02 11:15:14.219,1.65129,1.65316,1.00,1.00
2017.01.02 11:15:14.270,1.65132,1.65316,1.00,1.00
2017.01.02 11:15:14.371,1.65129,1.65317,1.00,1.00
2017.01.02 11:15:14.471,1.6513,1.65312,1.00,1.00
2017.01.02 11:15:14.632,1.65118,1.65312,1.67,1.00
2017.01.02 11:15:14.683,1.65131,1.65312,1.00,1.00
2017.01.02 11:15:14.733,1.65118,1.65312,1.67,1.00
2017.01.02 11:15:14.912,1.65124,1.65316,1.70,1.00
2017.01.02 11:15:15.206,1.65118,1.65312,1.67,1.00
2017.01.02 11:15:15.530,1.6513,1.65317,1.00,1.00
2017.01.02 11:15:15.679,1.6513,1.65312,1.00,1.00
2017.01.02 11:15:15.983,1.65128,1.65307,1.00,1.00
2017.01.02 11:15:16.034,1.65128,1.65316,1.00,1.00
2017.01.02 11:15:16.092,1.65131,1.65316,1.00,1.00
2017.01.02 11:15:16.143,1.65118,1.65312,1.67,1.00
2017.01.02 11:15:16.492,1.65131,1.65312,1.00,1.00
2017.01.02 11:15:16.819,1.65159,1.65311,1.00,1.00
2017.01.02 11:15:16.869,1.65153,1.65307,1.00,1.00
2017.01.02 11:15:17.173,1.65162,1.65307,1.67,1.00
2017.01.02 11:15:17.273,1.65146,1.65297,1.00,1.00
2017.01.02 11:15:17.324,1.65143,1.65282,2.92,1.00
2017.01.02 11:15:17.425,1.65154,1.65306,1.00,1.00
2017.01.02 11:15:17.475,1.65176,1.65306,1.00,1.00
2017.01.02 11:15:17.525,1.65158,1.65306,1.00,1.00
2017.01.02 11:15:17.576,1.65174,1.65306,1.00,1.00
2017.01.02 11:15:18.516,1.65159,1.65306,2.17,1.00
2017.01.02 11:15:18.567,1.65174,1.65306,1.00,1.00
2017.01.02 11:15:18.883,1.6517,1.65306,1.00,1.00
2017.01.02 11:15:18.934,1.65159,1.65306,1.70,1.00
2017.01.02 11:15:18.984,1.65174,1.65306,1.00,1.00
2017.01.02 11:15:19.037,1.65174,1.65322,1.00,1.50
2017.01.02 11:15:19.088,1.65174,1.65307,1.50,1.00
2017.01.02 11:15:19.509,1.65159,1.65307,1.67,1.00
2017.01.02 11:15:19.559,1.65174,1.65307,1.00,1.00
2017.01.02 11:15:19.840,1.65158,1.65307,1.00,1.00
2017.01.02 11:15:19.891,1.65175,1.65307,1.00,1.00
2017.01.02 11:15:20.402,1.65174,1.65307,1.00,1.00
2017.01.02 11:15:21.273,1.65175,1.65307,1.00,1.00
2017.01.02 11:15:21.805,1.65174,1.65307,1.50,1.00
2017.01.02 11:15:22.312,1.65175,1.65307,2.25,1.00
2017.01.02 11:15:22.863,1.65174,1.65307,2.25,1.00
2017.01.02 11:15:24.014,1.65175,1.65307,1.00,1.00
2017.01.02 11:15:24.268,1.65161,1.65307,1.57,1.00
2017.01.02 11:15:24.319,1.6519,1.65307,1.00,1.00
2017.01.02 11:15:24.568,1.65161,1.65307,1.05,1.00
2017.01.02 11:15:24.618,1.6519,1.65307,1.00,1.00
2017.01.02 11:15:25.068,1.65161,1.65307,1.05,1.00
2017.01.02 11:15:25.119,1.6519,1.65307,1.00,1.00
2017.01.02 11:15:25.169,1.65161,1.65307,1.05,1.00
2017.01.02 11:15:25.229,1.6519,1.65307,1.00,1.00
2017.01.02 11:15:25.492,1.65161,1.65307,1.05,1.00
2017.01.02 11:15:25.543,1.6519,1.65307,1.00,1.00
2017.01.02 11:15:26.144,1.65191,1.65307,1.00,1.00
2017.01.02 11:15:26.195,1.65159,1.65307,1.57,1.00
2017.01.02 11:15:26.245,1.65174,1.65307,1.00,1.00
2017.01.02 11:15:26.811,1.65161,1.65307,1.30,1.00
2017.01.02 11:15:26.861,1.65174,1.65307,1.00,1.00
2017.01.02 11:15:27.258,1.65175,1.65316,1.50,1.00
2017.01.02 11:15:27.409,1.65158,1.65316,1.97,1.00
2017.01.02 11:15:27.510,1.65142,1.65292,1.97,1.00
2017.01.02 11:15:27.561,1.65142,1.65316,1.97,1.00
2017.01.02 11:15:27.611,1.65142,1.65307,1.97,1.00
2017.01.02 11:15:28.119,1.65157,1.65307,1.00,1.00
2017.01.02 11:15:28.229,1.65144,1.65317,1.05,1.00
2017.01.02 11:15:28.330,1.6516,1.65306,1.00,1.00
2017.01.02 11:15:28.431,1.65139,1.65306,2.47,1.00
2017.01.02 11:15:28.733,1.6514,1.65291,1.87,1.00
2017.01.02 11:15:28.834,1.65145,1.65307,1.37,1.00
2017.01.02 11:15:28.935,1.65156,1.65307,1.00,1.00
2017.01.02 11:15:28.985,1.65143,1.65307,1.37,1.00
2017.01.02 11:15:29.136,1.65158,1.65317,1.00,1.00
2017.01.02 11:15:29.187,1.65158,1.65307,1.00,1.00
2017.01.02 11:15:29.283,1.65142,1.65307,2.62,1.00
2017.01.02 11:15:29.736,1.65128,1.65306,1.05,1.00
2017.01.02 11:15:30.870,1.65142,1.65306,1.00,1.00
2017.01.02 11:15:31.264,1.65143,1.65317,1.00,1.00
2017.01.02 11:15:31.439,1.65142,1.65306,1.87,1.00
2017.01.02 11:15:31.540,1.65138,1.65317,1.87,1.00
2017.01.02 11:15:32.043,1.65147,1.65307,1.37,1.00
2017.01.02 11:15:32.093,1.65147,1.65317,1.37,1.00
2017.01.02 11:15:32.324,1.65148,1.65307,1.37,1.00
2017.01.02 11:15:32.375,1.65142,1.65316,2.47,1.00
2017.01.02 11:15:32.696,1.65156,1.65306,1.00,1.00
2017.01.02 11:15:32.950,1.65147,1.65307,1.37,1.00
2017.01.02 11:15:33.252,1.65143,1.65317,1.87,1.00
2017.01.02 11:15:33.392,1.65152,1.65307,1.37,1.00
2017.01.02 11:15:33.552,1.65142,1.65317,1.37,1.00
2017.01.02 11:15:33.753,1.65138,1.65307,3.07,1.00
2017.01.02 11:15:33.854,1.65138,1.65316,1.87,1.00
2017.01.02 11:15:34.025,1.6515,1.65306,1.37,1.00
2017.01.02 11:15:34.176,1.65142,1.65317,1.05,1.00
2017.01.02 11:15:34.307,1.65159,1.65317,1.50,1.00
2017.01.02 11:15:34.649,1.65143,1.65317,1.97,1.00
2017.01.02 11:15:34.749,1.65138,1.65306,1.87,1.00
2017.01.02 11:15:34.850,1.65139,1.65317,2.47,1.00
2017.01.02 11:15:34.951,1.65138,1.65306,1.87,1.00
2017.01.02 11:15:35.123,1.65143,1.65317,1.37,1.00
2017.01.02 11:15:35.400,1.65159,1.65317,1.00,1.00
2017.01.02 11:15:35.451,1.65139,1.65317,1.57,1.00
2017.01.02 11:15:35.501,1.65138,1.65307,1.87,1.00
2017.01.02 11:15:35.751,1.65139,1.65317,1.87,1.00
2017.01.02 11:15:36.054,1.65143,1.65307,1.87,1.00
2017.01.02 11:15:36.142,1.65151,1.65317,1.37,1.00
2017.01.02 11:15:36.193,1.65151,1.65307,1.37,1.00
2017.01.02 11:15:36.243,1.65153,1.65316,1.37,1.00
2017.01.02 11:15:36.408,1.65158,1.65316,1.00,1.00
2017.01.02 11:15:36.559,1.65142,1.65316,1.37,1.00
2017.01.02 11:15:36.610,1.6514,1.65306,1.87,1.00
2017.01.02 11:15:36.660,1.6515,1.65317,1.37,1.00
2017.01.02 11:15:36.761,1.65158,1.65317,1.00,1.00
2017.01.02 11:15:37.100,1.65142,1.65307,1.87,1.00
2017.01.02 11:15:37.179,1.65142,1.65317,1.87,1.00
2017.01.02 11:15:37.230,1.65158,1.65317,1.00,1.00
2017.01.02 11:15:37.605,1.65144,1.65307,1.37,1.00
2017.01.02 11:15:37.957,1.65143,1.65317,1.87,1.00
2017.01.02 11:15:38.058,1.65142,1.65307,1.87,1.00
2017.01.02 11:15:38.209,1.65142,1.65316,1.87,1.00
2017.01.02 11:15:38.259,1.65142,1.65307,1.87,1.00
2017.01.02 11:15:38.511,1.65142,1.65317,1.97,1.00
2017.01.02 11:15:38.562,1.65145,1.65307,1.05,1.00
2017.01.02 11:15:39.014,1.65141,1.65292,1.87,1.00
2017.01.02 11:15:39.210,1.6514,1.65317,2.47,1.00
2017.01.02 11:15:39.261,1.65159,1.65317,1.00,1.00
2017.01.02 11:15:39.788,1.65159,1.65316,1.00,1.00
2017.01.02 11:15:40.104,1.65158,1.65306,1.50,1.00
2017.01.02 11:15:40.154,1.65158,1.65317,1.50,1.00
2017.01.02 11:15:40.664,1.65159,1.65317,1.50,1.00
2017.01.02 11:15:40.714,1.65159,1.65307,1.50,1.00
2017.01.02 11:15:40.814,1.65148,1.65307,1.37,1.00
2017.01.02 11:15:41.000,1.65148,1.65316,1.37,1.00
2017.01.02 11:15:41.051,1.65149,1.65306,1.37,1.00
2017.01.02 11:15:41.130,1.65149,1.65316,1.37,1.00
2017.01.02 11:15:41.181,1.65158,1.65316,1.00,1.00
2017.01.02 11:15:41.332,1.65145,1.65316,1.37,1.00
2017.01.02 11:15:41.383,1.65145,1.65306,1.37,1.00
2017.01.02 11:15:41.483,1.65151,1.65306,1.00,1.00
2017.01.02 11:15:41.608,1.65151,1.65316,1.00,1.00
2017.01.02 11:15:41.659,1.6516,1.65316,1.00,1.00
2017.01.02 11:15:41.759,1.65156,1.65316,1.00,1.00
2017.01.02 11:15:41.864,1.65159,1.65316,1.00,1.00
2017.01.02 11:15:41.964,1.65143,1.65317,1.37,1.00
2017.01.02 11:15:42.126,1.65143,1.65307,1.05,1.00
2017.01.02 11:15:42.483,1.65145,1.65291,1.72,1.00
2017.01.02 11:15:42.534,1.65134,1.65306,2.47,1.00
2017.01.02 11:15:42.911,1.65139,1.65317,1.05,1.00
2017.01.02 11:15:43.015,1.65159,1.65317,1.00,1.00
2017.01.02 11:15:43.267,1.65134,1.65317,2.47,1.00
2017.01.02 11:15:43.317,1.65158,1.65317,1.00,1.00
2017.01.02 11:15:43.418,1.65155,1.65317,1.00,1.00
2017.01.02 11:15:43.469,1.65148,1.65317,1.37,1.00
2017.01.02 11:15:43.519,1.65153,1.65317,1.00,1.00
2017.01.02 11:15:43.569,1.65142,1.65317,1.37,1.00
2017.01.02 11:15:43.620,1.65159,1.65317,1.00,1.00
2017.01.02 11:15:43.803,1.65136,1.65317,1.05,1.00
2017.01.02 11:15:43.954,1.65158,1.65317,1.50,1.00
2017.01.02 11:15:44.340,1.65154,1.65317,1.00,1.00
2017.01.02 11:15:44.474,1.65157,1.65317,1.00,1.00
2017.01.02 11:15:44.767,1.6515,1.65316,1.30,1.00
2017.01.02 11:15:44.817,1.65158,1.65316,1.00,1.00
2017.01.02 11:15:45.120,1.65174,1.65322,1.35,1.00
2017.01.02 11:15:45.421,1.6519,1.65323,1.00,1.00
2017.01.02 11:15:45.623,1.6518,1.65323,2.32,1.00
2017.01.02 11:15:46.186,1.6519,1.65322,1.50,1.00
2017.01.02 11:15:46.599,1.65195,1.65323,1.00,1.00
2017.01.02 11:15:46.649,1.65191,1.65322,2.10,1.00
2017.01.02 11:15:46.700,1.65194,1.65322,1.00,1.00
2017.01.02 11:15:47.039,1.65197,1.65322,1.00,1.00
2017.01.02 11:15:47.544,1.65194,1.65322,1.70,1.00
2017.01.02 11:15:47.609,1.65193,1.65323,1.00,1.00
2017.01.02 11:15:48.229,1.65191,1.65323,1.00,1.00
2017.01.02 11:15:48.339,1.65193,1.65322,1.00,1.00
2017.01.02 11:15:48.881,1.65192,1.65323,1.00,1.00
2017.01.02 11:15:49.208,1.65194,1.65323,1.00,1.00
2017.01.02 11:15:49.259,1.65192,1.65323,1.00,1.00
2017.01.02 11:15:49.360,1.65195,1.65323,1.00,1.00
2017.01.02 11:15:50.244,1.65195,1.65323,1.37,1.00
2017.01.02 11:15:51.104,1.65193,1.65322,1.37,1.00
2017.01.02 11:15:51.623,1.65194,1.65323,1.37,0.75
2017.01.02 11:15:55.414,1.65194,1.65323,1.12,1.00
2017.01.02 11:15:58.111,1.6519,1.65322,1.87,1.00
2017.01.02 11:15:58.621,1.6519,1.65323,1.87,1.00
2017.01.02 11:15:59.700,1.65191,1.65306,1.50,1.00
2017.01.02 11:15:59.801,1.65174,1.65307,1.00,1.00
2017.01.02 11:15:59.902,1.65142,1.65307,1.00,1.00
2017.01.02 11:16:00.188,1.65133,1.65307,1.00,1.00
2017.01.02 11:16:00.239,1.65143,1.65317,1.00,1.00
2017.01.02 11:16:00.541,1.65138,1.65312,1.00,1.00
2017.01.02 11:16:01.040,1.65142,1.65312,1.00,1.00
2017.01.02 11:16:01.442,1.65144,1.65316,1.00,1.00
2017.01.02 11:16:01.493,1.65142,1.65302,1.50,1.00
2017.01.02 11:16:01.594,1.65123,1.65297,1.37,1.00
2017.01.02 11:16:01.694,1.65138,1.65312,1.00,1.00
2017.01.02 11:16:02.137,1.65127,1.65297,1.00,1.00
2017.01.02 11:16:02.261,1.65138,1.65312,1.00,1.00
2017.01.02 11:16:02.412,1.65127,1.65297,1.00,1.00
2017.01.02 11:16:02.463,1.65138,1.65312,1.00,1.00
2017.01.02 11:16:02.564,1.65143,1.65317,1.00,1.00
2017.01.02 11:16:02.868,1.65142,1.65311,1.00,1.00
2017.01.02 11:16:02.919,1.65139,1.65311,1.00,1.00
2017.01.02 11:16:03.019,1.65129,1.65301,1.00,1.00
2017.01.02 11:16:03.430,1.65138,1.65312,1.00,1.00
2017.01.02 11:16:03.552,1.65144,1.65316,1.00,1.00
2017.01.02 11:16:03.653,1.65138,1.65312,1.00,1.00
2017.01.02 11:16:03.703,1.65143,1.65317,1.00,1.00
2017.01.02 11:16:04.005,1.65139,1.65311,1.00,1.00
2017.01.02 11:16:04.366,1.65143,1.65311,1.50,1.00
2017.01.02 11:16:04.582,1.65143,1.65317,1.00,1.00
2017.01.02 11:16:04.784,1.65138,1.65312,1.00,1.00
2017.01.02 11:16:04.968,1.65127,1.65323,2.10,1.00
2017.01.02 11:16:05.019,1.65127,1.65322,1.67,1.00
2017.01.02 11:16:05.320,1.65137,1.65323,1.27,1.00
2017.01.02 11:16:05.843,1.65135,1.65323,1.00,1.00
2017.01.02 11:16:07.285,1.65139,1.65323,1.00,1.00
2017.01.02 11:16:07.335,1.65135,1.65323,1.00,1.00
2017.01.02 11:16:07.415,1.65131,1.65323,1.67,1.00
2017.01.02 11:16:07.480,1.65132,1.65322,1.67,1.00
2017.01.02 11:16:07.790,1.6514,1.65323,1.27,1.00
2017.01.02 11:16:08.664,1.6514,1.65322,1.27,1.00
2017.01.02 11:16:08.984,1.65129,1.65281,1.50,1.00
2017.01.02 11:16:09.293,1.6513,1.65267,2.02,1.00
2017.01.02 11:16:09.344,1.65129,1.65281,1.60,1.00
2017.01.02 11:16:09.857,1.65129,1.65281,1.00,1.00
2017.01.02 11:16:09.927,1.65126,1.65267,2.25,1.00
2017.01.02 11:16:10.027,1.65129,1.65281,1.00,1.00
2017.01.02 11:16:10.130,1.65114,1.65266,1.67,1.00
2017.01.02 11:16:10.332,1.65129,1.65281,1.00,1.00
2017.01.02 11:16:10.546,1.65126,1.65323,2.85,1.00
2017.01.02 11:16:10.596,1.65126,1.65323,2.17,1.00
2017.01.02 11:16:10.931,1.65143,1.65322,1.20,1.00
2017.01.02 11:16:13.802,1.65126,1.65257,1.60,0.75
2017.01.02 11:16:13.853,1.65116,1.65323,1.20,1.00
2017.01.02 11:16:13.954,1.65123,1.65322,1.67,1.00
2017.01.02 11:16:14.406,1.65127,1.65322,2.17,1.00
2017.01.02 11:16:14.926,1.65126,1.65323,2.92,1.00
2017.01.02 11:16:16.611,1.65126,1.65322,2.25,1.00
2017.01.02 11:16:16.661,1.65126,1.65322,2.92,1.00
2017.01.02 11:16:17.096,1.65127,1.65322,2.02,1.00
2017.01.02 11:16:17.634,1.65133,1.65323,1.27,1.00
2017.01.02 11:16:19.241,1.65133,1.65322,1.27,1.00
2017.01.02 11:16:19.790,1.65134,1.65323,1.27,1.00
2017.01.02 11:16:26.412,1.65126,1.65323,2.47,1.00
2017.01.02 11:16:26.462,1.65129,1.65323,1.27,1.00
2017.01.02 11:16:35.115,1.65129,1.65322,2.02,1.00
2017.01.02 11:16:37.124,1.65128,1.65272,1.72,1.00
2017.01.02 11:16:37.204,1.65127,1.65276,1.87,1.00
2017.01.02 11:16:37.502,1.6511,1.65277,2.25,1.00
2017.01.02 11:16:37.684,1.6511,1.65261,2.25,1.00
2017.01.02 11:16:37.835,1.65111,1.65282,1.00,1.00
2017.01.02 11:16:38.036,1.65111,1.65277,1.00,1.00
2017.01.02 11:16:38.338,1.65111,1.65262,1.00,1.00
2017.01.02 11:16:38.939,1.65111,1.65267,1.00,1.00
2017.01.02 11:16:39.042,1.65111,1.65262,1.00,1.00
2017.01.02 11:16:39.092,1.65111,1.65267,1.00,1.00
2017.01.02 11:16:39.163,1.65111,1.65262,1.00,1.00
2017.01.02 11:16:39.785,1.65111,1.65267,1.00,1.00
2017.01.02 11:16:39.912,1.65111,1.65262,1.00,1.00
2017.01.02 11:16:39.969,1.65111,1.65267,1.00,1.00
2017.01.02 11:16:40.226,1.65111,1.65261,1.00,1.00
2017.01.02 11:16:40.358,1.65111,1.65266,1.00,1.00
2017.01.02 11:16:40.476,1.65111,1.65262,1.00,1.00
2017.01.02 11:16:41.039,1.65111,1.65267,1.00,1.00
2017.01.02 11:16:41.230,1.65111,1.65261,1.00,1.00
2017.01.02 11:16:41.646,1.65128,1.65302,1.00,1.00
2017.01.02 11:16:41.965,1.65138,1.65312,1.00,1.00
2017.01.02 11:16:42.268,1.65129,1.65301,1.00,1.00
2017.01.02 11:16:42.576,1.65127,1.65297,1.50,1.00
2017.01.02 11:16:42.827,1.65128,1.65302,1.00,1.00
2017.01.02 11:16:42.877,1.65126,1.65297,1.50,1.00
2017.01.02 11:16:43.378,1.65127,1.65297,1.50,1.00
2017.01.02 11:16:43.529,1.65128,1.65302,1.00,1.00
2017.01.02 11:16:43.723,1.65127,1.65296,1.00,1.00
2017.01.02 11:16:43.970,1.65119,1.65291,1.00,1.00
2017.01.02 11:16:44.071,1.65123,1.65297,1.00,1.00
2017.01.02 11:16:44.178,1.65126,1.65297,1.00,1.00
2017.01.02 11:16:44.229,1.65123,1.65297,1.00,1.00
2017.01.02 11:16:44.279,1.65126,1.65297,1.00,1.00
2017.01.02 11:16:44.582,1.65133,1.65307,1.00,1.00
2017.01.02 11:16:44.683,1.65128,1.65302,1.00,1.00
2017.01.02 11:16:45.383,1.65127,1.65286,1.00,1.00
2017.01.02 11:16:45.434,1.65129,1.65301,1.00,1.00
2017.01.02 11:16:46.592,1.65127,1.65286,1.50,1.00
2017.01.02 11:16:46.642,1.65128,1.65302,1.00,1.00
2017.01.02 11:16:46.994,1.65126,1.65287,1.00,1.00
2017.01.02 11:16:47.045,1.65128,1.65302,1.00,1.00
2017.01.02 11:16:47.746,1.65129,1.65302,1.00,1.00
2017.01.02 11:16:48.013,1.65127,1.65287,1.50,1.00
2017.01.02 11:16:48.086,1.65128,1.65302,1.00,1.00
2017.01.02 11:16:49.815,1.65113,1.65287,1.37,1.00
2017.01.02 11:16:49.866,1.65129,1.65301,1.00,1.00
2017.01.02 11:16:50.383,1.65128,1.65302,1.00,1.00
2017.01.02 11:16:51.439,1.65129,1.65302,1.00,1.00
2017.01.02 11:16:51.489,1.65142,1.65302,1.00,1.00
2017.01.02 11:16:51.811,1.65128,1.65302,1.00,1.00
2017.01.02 11:16:52.644,1.65128,1.65302,1.37,1.00
2017.01.02 11:16:52.694,1.65143,1.65302,1.00,1.00
2017.01.02 11:16:53.322,1.65142,1.65302,1.00,1.00
2017.01.02 11:16:53.866,1.65143,1.65302,1.50,1.00
2017.01.02 11:16:54.283,1.65138,1.65302,1.00,1.00
2017.01.02 11:16:54.333,1.65142,1.65302,1.00,1.00
2017.01.02 11:16:54.539,1.65127,1.65297,1.37,1.00
2017.01.02 11:16:54.644,1.65143,1.65297,1.00,1.00
2017.01.02 11:16:54.867,1.65126,1.65297,1.87,1.00
2017.01.02 11:16:54.954,1.65142,1.65297,1.00,1.00
2017.01.02 11:16:55.005,1.65127,1.65297,1.37,1.00
2017.01.02 11:16:55.055,1.65142,1.65296,1.50,1.00
2017.01.02 11:16:55.156,1.65127,1.65296,1.37,1.00
2017.01.02 11:16:55.257,1.65142,1.65296,1.00,1.00
2017.01.02 11:16:55.921,1.65143,1.65296,1.50,1.00
2017.01.02 11:16:56.874,1.65142,1.65296,1.50,1.00
2017.01.02 11:16:57.370,1.65127,1.65296,1.37,1.00
2017.01.02 11:16:57.522,1.65126,1.65297,1.50,1.00
2017.01.02 11:16:57.573,1.65142,1.65297,1.00,1.00
2017.01.02 11:16:58.089,1.65142,1.65296,2.25,1.00
2017.01.02 11:16:58.597,1.65143,1.65296,1.00,1.00
2017.01.02 11:16:59.110,1.65142,1.65296,2.25,1.00
2017.01.02 11:16:59.619,1.65143,1.65296,2.25,1.00
2017.01.02 11:17:00.124,1.65142,1.65296,1.50,1.00
2017.01.02 11:17:00.884,1.65142,1.65297,1.50,1.00
2017.01.02 11:17:00.935,1.65127,1.65297,1.50,1.00
2017.01.02 11:17:01.545,1.65143,1.65297,1.50,1.00
2017.01.02 11:17:01.645,1.65127,1.65297,1.00,1.00
2017.01.02 11:17:02.687,1.65126,1.65297,1.50,1.00
2017.01.02 11:17:03.239,1.65127,1.65297,1.50,1.00
2017.01.02 11:17:03.625,1.65126,1.65282,1.50,1.00
2017.01.02 11:17:03.927,1.65126,1.65297,1.50,1.00
2017.01.02 11:17:04.665,1.65123,1.65297,1.12,1.00
2017.01.02 11:17:04.893,1.65127,1.65297,1.00,1.00
2017.01.02 11:17:05.454,1.65128,1.65302,1.00,1.00
2017.01.02 11:17:05.555,1.65126,1.65296,1.00,1.00
2017.01.02 11:17:05.605,1.65124,1.65296,1.12,1.00
2017.01.02 11:17:05.687,1.65126,1.65296,2.25,1.00
2017.01.02 11:17:06.050,1.65133,1.65307,1.00,1.00
2017.01.02 11:17:06.241,1.65127,1.65296,1.00,1.00
2017.01.02 11:17:06.543,1.65128,1.65302,1.00,1.00
2017.01.02 11:17:06.643,1.65127,1.65297,1.00,1.00
2017.01.02 11:17:06.694,1.65128,1.65302,1.00,1.00
2017.01.02 11:17:07.140,1.65127,1.65297,1.00,1.00
2017.01.02 11:17:07.241,1.65128,1.65302,1.00,1.00
2017.01.02 11:17:07.342,1.65126,1.65297,2.25,1.00
2017.01.02 11:17:07.849,1.65127,1.65297,1.50,1.00
2017.01.02 11:17:08.607,1.65126,1.65297,1.12,1.00
2017.01.02 11:17:08.850,1.65133,1.65307,1.00,1.00
2017.01.02 11:17:08.951,1.65128,1.65302,1.00,1.00
2017.01.02 11:17:09.445,1.65127,1.65297,1.50,1.00
2017.01.02 11:17:10.046,1.65126,1.65297,1.87,1.00
2017.01.02 11:17:10.597,1.65138,1.65312,1.00,1.00
2017.01.02 11:17:10.660,1.65127,1.65297,1.00,1.00
2017.01.02 11:17:11.199,1.65126,1.65297,1.87,1.00
2017.01.02 11:17:11.893,1.65127,1.65297,1.00,1.00
2017.01.02 11:17:12.409,1.65126,1.65297,1.87,1.00
2017.01.02 11:17:12.994,1.65127,1.65297,1.50,1.00
2017.01.02 11:17:13.677,1.65126,1.65297,1.50,1.00
2017.01.02 11:17:14.215,1.65127,1.65297,1.50,1.00
2017.01.02 11:17:14.764,1.65126,1.65297,1.00,1.00
2017.01.02 11:17:15.639,1.65128,1.65302,1.00,1.00
2017.01.02 11:17:15.742,1.65126,1.65296,1.00,1.00
2017.01.02 11:17:15.812,1.65133,1.65307,1.00,1.00
2017.01.02 11:17:15.894,1.65128,1.65302,1.00,1.00
2017.01.02 11:17:16.274,1.65133,1.65307,1.00,1.00
2017.01.02 11:17:16.594,1.65128,1.65302,1.00,1.00
2017.01.02 11:17:17.028,1.65126,1.65296,1.00,1.00
2017.01.02 11:17:17.166,1.65128,1.65302,1.00,1.00
2017.01.02 11:17:17.700,1.65126,1.65296,3.00,1.00
2017.01.02 11:17:18.220,1.65127,1.65296,1.00,1.00
2017.01.02 11:17:18.521,1.65123,1.65297,1.37,1.00
2017.01.02 11:17:18.673,1.65126,1.65297,1.00,1.00
2017.01.02 11:17:19.479,1.65123,1.65297,1.37,1.00
2017.01.02 11:17:19.880,1.65127,1.65297,1.50,1.00
2017.01.02 11:17:20.780,1.65133,1.65307,1.00,1.00
2017.01.02 11:17:20.879,1.65129,1.65301,1.00,1.00
2017.01.02 11:17:21.381,1.65126,1.65296,1.50,1.00
2017.01.02 11:17:21.482,1.65124,1.65296,1.12,1.00
2017.01.02 11:17:21.533,1.65126,1.65297,1.00,1.00
2017.01.02 11:17:22.036,1.65123,1.65297,1.37,1.00
2017.01.02 11:17:22.137,1.65128,1.65302,1.00,1.00
2017.01.02 11:17:22.374,1.65127,1.65296,1.50,1.00
2017.01.02 11:17:22.425,1.65124,1.65296,1.12,1.00
2017.01.02 11:17:22.576,1.65126,1.65296,1.00,1.00
2017.01.02 11:17:22.677,1.65123,1.65297,1.37,1.00
2017.01.02 11:17:22.727,1.65127,1.65297,1.50,1.00
2017.01.02 11:17:23.086,1.65123,1.65297,1.00,1.00
2017.01.02 11:17:23.238,1.65128,1.65302,1.00,1.00
2017.01.02 11:17:23.567,1.65124,1.65296,1.00,1.00
2017.01.02 11:17:23.938,1.65129,1.65301,1.00,1.00
2017.01.02 11:17:24.480,1.65126,1.65297,1.50,1.00
2017.01.02 11:17:24.782,1.65129,1.65301,1.00,1.00
2017.01.02 11:17:24.883,1.65126,1.65297,1.50,1.00
2017.01.02 11:17:24.954,1.65123,1.65297,1.00,1.00
2017.01.02 11:17:25.492,1.65124,1.65296,1.00,1.00
2017.01.02 11:17:26.040,1.65123,1.65297,1.00,1.00
2017.01.02 11:17:26.890,1.65124,1.65296,1.00,1.00
2017.01.02 11:17:26.940,1.65126,1.65296,1.00,1.00
2017.01.02 11:17:27.610,1.65124,1.65296,1.00,1.00
2017.01.02 11:17:29.233,1.65126,1.65296,1.00,1.00
2017.01.02 11:17:29.283,1.65124,1.65296,1.00,1.00
2017.01.02 11:17:29.334,1.65126,1.65296,1.00,1.00
2017.01.02 11:17:29.571,1.65133,1.65307,1.00,1.00
2017.01.02 11:17:30.195,1.65142,1.65307,1.00,1.00
2017.01.02 11:17:30.506,1.65133,1.65307,1.00,1.00
2017.01.02 11:17:31.411,1.65143,1.65307,1.00,1.00
2017.01.02 11:17:31.482,1.65139,1.65307,1.00,1.00
2017.01.02 11:17:31.533,1.65133,1.65307,1.00,1.00
2017.01.02 11:17:31.755,1.65143,1.65307,1.00,1.00
2017.01.02 11:17:31.806,1.65133,1.65307,1.00,1.00
2017.01.02 11:17:32.056,1.65142,1.65307,1.00,1.00
2017.01.02 11:17:32.107,1.65133,1.65307,1.00,1.00
2017.01.02 11:17:32.361,1.65142,1.65307,1.00,1.00
2017.01.02 11:17:32.412,1.65133,1.65307,1.00,1.00
2017.01.02 11:17:38.116,1.65143,1.65317,1.00,1.00
2017.01.02 11:17:38.444,1.65138,1.65312,1.00,1.00
2017.01.02 11:17:39.200,1.65143,1.65317,1.00,1.00
2017.01.02 11:17:39.536,1.65138,1.65312,1.00,1.00
2017.01.02 11:17:39.845,1.65143,1.65317,1.00,1.67
2017.01.02 11:17:39.896,1.65143,1.65317,1.00,1.00
2017.01.02 11:17:40.005,1.65139,1.65311,1.00,1.00
2017.01.02 11:17:41.474,1.65138,1.65312,1.00,1.00
2017.01.02 11:17:41.776,1.65134,1.65306,1.00,1.00
2017.01.02 11:17:42.481,1.65144,1.65316,1.00,1.00
2017.01.02 11:17:42.677,1.65138,1.65312,1.00,1.00
2017.01.02 11:17:42.881,1.65143,1.65323,1.00,1.00
2017.01.02 11:17:42.932,1.65138,1.65312,1.00,1.00
2017.01.02 11:17:45.591,1.65133,1.65307,1.00,1.00
2017.01.02 11:17:48.407,1.65134,1.65306,1.00,1.00
2017.01.02 11:17:51.210,1.65144,1.65316,1.00,1.00
2017.01.02 11:17:51.512,1.65139,1.65311,1.00,1.00
2017.01.02 11:17:51.763,1.65143,1.65317,1.00,1.00
2017.01.02 11:17:51.864,1.65138,1.65312,1.00,1.00
2017.01.02 11:17:52.467,1.65143,1.65317,1.00,1.00
2017.01.02 11:17:52.774,1.65138,1.65312,1.00,1.00
2017.01.02 11:17:53.729,1.65139,1.65311,1.00,1.00
2017.01.02 11:17:54.232,1.65138,1.65312,1.00,1.00
2017.01.02 11:17:58.934,1.65134,1.65306,1.00,1.00
2017.01.02 11:18:00.549,1.65139,1.65311,1.00,1.00
2017.01.02 11:18:01.128,1.65138,1.65312,1.00,1.00
2017.01.02 11:18:07.082,1.65143,1.65312,1.00,1.00
2017.01.02 11:18:07.183,1.65139,1.65312,1.00,1.00
2017.01.02 11:18:07.234,1.65142,1.65312,1.50,1.00
2017.01.02 11:18:07.304,1.65138,1.65312,1.00,1.00
2017.01.02 11:18:07.405,1.65133,1.65307,1.00,1.00
2017.01.02 11:18:07.715,1.65128,1.65302,1.12,1.00
2017.01.02 11:18:08.525,1.65129,1.65302,1.00,1.00
2017.01.02 11:18:09.061,1.65138,1.65312,1.00,1.00
2017.01.02 11:18:11.624,1.65139,1.65311,1.00,1.00
2017.01.02 11:18:12.126,1.65138,1.65312,1.00,1.00
2017.01.02 11:18:12.683,1.65131,1.65323,1.00,1.00
2017.01.02 11:18:12.734,1.65098,1.65323,1.05,1.00
2017.01.02 11:18:12.784,1.65083,1.65323,3.22,1.67
2017.01.02 11:18:12.835,1.65078,1.65309,1.00,1.67
2017.01.02 11:18:12.935,1.65075,1.65306,1.37,1.67
2017.01.02 11:18:13.004,1.65062,1.65308,2.47,1.67
2017.01.02 11:18:13.330,1.65058,1.65296,1.87,1.67
2017.01.02 11:18:13.431,1.65053,1.65281,1.00,1.67
2017.01.02 11:18:13.564,1.65053,1.65266,1.00,1.67
2017.01.02 11:18:13.962,1.65052,1.65257,1.00,1.67
2017.01.02 11:18:14.161,1.65053,1.65257,1.00,1.67
2017.01.02 11:18:15.495,1.65052,1.65257,1.00,2.92
2017.01.02 11:18:34.681,1.65053,1.65263,1.00,1.20
2017.01.02 11:18:34.782,1.65052,1.65271,1.12,1.20
2017.01.02 11:18:34.896,1.65052,1.65271,1.12,1.20
2017.01.02 11:18:35.375,1.65052,1.65277,1.67,1.20
2017.01.02 11:18:35.941,1.65052,1.65277,1.12,1.27
2017.01.02 11:18:37.226,1.65052,1.65276,1.80,1.20
2017.01.02 11:18:37.527,1.65052,1.65276,1.12,1.27
2017.01.02 11:18:38.286,1.65053,1.65279,1.12,1.27
2017.01.02 11:18:38.824,1.65052,1.65277,1.67,1.20
2017.01.02 11:18:38.996,1.65052,1.65277,1.12,1.27
2017.01.02 11:18:39.693,1.65052,1.65271,1.12,1.20
2017.01.02 11:18:40.139,1.65053,1.6527,1.37,1.27
2017.01.02 11:18:40.688,1.65052,1.65271,1.37,1.27
2017.01.02 11:18:41.253,1.65053,1.65271,1.37,1.27
2017.01.02 11:18:42.086,1.65052,1.65265,1.37,1.27
2017.01.02 11:18:42.707,1.65053,1.65266,1.37,1.27
2017.01.02 11:18:43.279,1.65052,1.65266,1.37,1.27
2017.01.02 11:18:43.881,1.65053,1.65265,1.37,1.27
2017.01.02 11:18:44.448,1.65052,1.65265,1.37,1.27
2017.01.02 11:18:44.880,1.65053,1.65266,1.00,1.27
2017.01.02 11:18:45.218,1.65052,1.65266,1.00,1.20
2017.01.02 11:18:45.319,1.65053,1.65279,1.00,1.27
2017.01.02 11:18:51.876,1.65052,1.65279,1.00,1.27
2017.01.02 11:18:53.191,1.65053,1.65275,1.00,1.27
2017.01.02 11:18:57.195,1.65052,1.65275,1.00,1.27
2017.01.02 11:18:57.255,1.65053,1.65275,1.37,1.27
2017.01.02 11:18:57.967,1.65052,1.65275,1.37,1.27
2017.01.02 11:19:01.362,1.65052,1.65272,1.37,1.20
2017.01.02 11:19:01.723,1.65053,1.65269,1.37,1.27
2017.01.02 11:19:02.205,1.65052,1.6527,1.00,1.27
2017.01.02 11:19:03.707,1.65053,1.6527,1.00,1.27
2017.01.02 11:19:04.230,1.65052,1.6527,1.00,1.27
2017.01.02 11:19:06.245,1.65052,1.65272,1.00,1.20
2017.01.02 11:19:06.296,1.65052,1.6527,1.00,1.27
2017.01.02 11:19:06.518,1.65052,1.65277,1.67,1.20
2017.01.02 11:19:06.833,1.65052,1.65271,1.00,1.20
2017.01.02 11:19:07.160,1.65053,1.65276,1.67,1.20
2017.01.02 11:19:07.763,1.65053,1.6527,1.00,1.20
2017.01.02 11:19:08.132,1.65052,1.65277,1.67,1.20
2017.01.02 11:19:08.522,1.65052,1.65272,1.00,1.20
2017.01.02 11:19:09.245,1.65052,1.65272,1.00,1.20
2017.01.02 11:19:09.396,1.65052,1.65269,1.00,1.27
2017.01.02 11:19:10.007,1.65052,1.65276,1.70,1.20
2017.01.02 11:19:10.058,1.65052,1.6527,1.00,1.27
2017.01.02 11:19:10.598,1.65053,1.65269,1.00,1.27
2017.01.02 11:19:10.949,1.65053,1.65271,1.00,1.20
2017.01.02 11:19:11.000,1.65052,1.65269,1.00,1.27
2017.01.02 11:19:11.574,1.65053,1.6527,1.00,1.27
2017.01.02 11:19:12.209,1.65052,1.6527,1.00,1.27
2017.01.02 11:19:12.814,1.65052,1.65273,1.00,1.20
2017.01.02 11:19:13.318,1.65052,1.65275,1.00,1.27
2017.01.02 11:19:13.469,1.65052,1.65278,1.67,1.20
2017.01.02 11:19:13.684,1.65052,1.65278,1.67,1.20
2017.01.02 11:19:13.738,1.65053,1.65276,1.00,1.27
2017.01.02 11:19:13.789,1.65053,1.65276,1.70,1.27
2017.01.02 11:19:13.868,1.65052,1.65276,1.70,1.20
2017.01.02 11:19:14.181,1.65052,1.65276,1.70,1.20
2017.01.02 11:19:14.257,1.65052,1.65276,1.70,1.20
2017.01.02 11:19:14.505,1.65053,1.65275,1.70,1.20
2017.01.02 11:19:15.012,1.65052,1.65274,1.00,1.27
2017.01.02 11:19:15.380,1.65053,1.6527,1.00,1.20
2017.01.02 11:19:15.888,1.65052,1.65271,1.00,1.20
2017.01.02 11:19:16.226,1.65053,1.65276,1.67,1.20
2017.01.02 11:19:16.329,1.65052,1.65269,1.00,1.20
2017.01.02 11:19:16.859,1.65053,1.65272,1.00,1.20
2017.01.02 11:19:17.285,1.65052,1.65273,1.00,1.20
2017.01.02 11:19:17.504,1.65053,1.65277,1.67,1.20
2017.01.02 11:19:17.605,1.65052,1.65278,1.67,1.20
2017.01.02 11:19:17.802,1.65052,1.65274,1.00,1.27
2017.01.02 11:19:17.903,1.65052,1.65277,1.67,1.20
2017.01.02 11:19:18.227,1.65053,1.65274,1.00,1.27
2017.01.02 11:19:20.069,1.65052,1.65277,1.67,1.20
2017.01.02 11:19:20.254,1.65053,1.65273,1.00,1.27
2017.01.02 11:19:20.590,1.65053,1.65268,1.00,1.27
2017.01.02 11:19:21.228,1.65052,1.65268,1.00,1.27
2017.01.02 11:19:21.814,1.65053,1.65269,1.00,1.27
2017.01.02 11:19:22.189,1.65052,1.65269,1.00,1.27
2017.01.02 11:19:22.825,1.65052,1.65274,1.00,1.27
2017.01.02 11:19:23.413,1.65053,1.65269,1.00,1.27
2017.01.02 11:19:23.930,1.65052,1.65268,1.00,1.27
2017.01.02 11:19:24.364,1.65053,1.65268,1.00,1.27
2017.01.02 11:19:24.879,1.65052,1.65266,1.00,1.27
2017.01.02 11:19:25.603,1.65053,1.65266,1.00,1.27
2017.01.02 11:19:26.115,1.65052,1.65266,1.00,1.27
2017.01.02 11:19:26.615,1.65052,1.65275,1.35,1.20
2017.01.02 11:19:27.226,1.65053,1.65269,1.00,1.27
2017.01.02 11:19:28.061,1.65052,1.65269,1.00,1.27
2017.01.02 11:19:28.961,1.65053,1.65269,1.00,1.27
2017.01.02 11:19:29.956,1.65052,1.65269,1.00,1.27
2017.01.02 11:19:30.746,1.65053,1.6527,1.00,1.27
2017.01.02 11:19:31.070,1.65052,1.6527,1.00,1.27
2017.01.02 11:19:32.126,1.65053,1.65264,1.00,1.27
2017.01.02 11:19:32.657,1.65052,1.65264,1.00,1.27
2017.01.02 11:19:33.297,1.65053,1.65264,1.00,1.27
2017.01.02 11:19:33.818,1.65052,1.65264,1.00,1.27
2017.01.02 11:19:34.208,1.65052,1.65276,1.70,1.20
2017.01.02 11:19:34.309,1.65053,1.65279,1.70,1.27
2017.01.02 11:19:34.540,1.65052,1.65279,1.00,2.02
2017.01.02 11:19:35.484,1.65052,1.65267,1.00,1.27
2017.01.02 11:19:36.123,1.65053,1.65267,1.00,1.27
2017.01.02 11:19:36.715,1.65052,1.65263,1.00,1.27
2017.01.02 11:19:37.465,1.65053,1.65263,1.00,1.27
2017.01.02 11:19:37.967,1.65052,1.65262,1.00,1.27
2017.01.02 11:19:38.893,1.65053,1.65263,1.00,1.27
2017.01.02 11:19:39.413,1.65052,1.65264,1.00,1.27
2017.01.02 11:19:39.564,1.65052,1.65275,1.35,1.20
2017.01.02 11:19:39.615,1.65053,1.65264,1.00,1.27
2017.01.02 11:19:40.130,1.65052,1.65266,1.00,1.27
2017.01.02 11:19:40.978,1.65053,1.65266,1.00,1.27
2017.01.02 11:19:41.498,1.65052,1.65266,1.00,1.27
2017.01.02 11:19:41.813,1.65052,1.6528,1.35,2.02
2017.01.02 11:19:41.863,1.65053,1.65279,1.00,1.67
2017.01.02 11:19:42.392,1.65052,1.6527,1.00,1.27
2017.01.02 11:19:43.065,1.65052,1.6527,1.00,1.27
2017.01.02 11:19:44.022,1.65053,1.65265,1.00,1.27
2017.01.02 11:19:44.592,1.65052,1.65264,1.00,1.27
2017.01.02 11:19:45.284,1.65053,1.65264,1.00,1.27
2017.01.02 11:19:46.127,1.65052,1.65264,1.00,1.27
2017.01.02 11:19:46.238,1.65052,1.65275,1.35,1.20
2017.01.02 11:19:46.289,1.65052,1.65264,1.00,1.27
2017.01.02 11:19:47.059,1.65053,1.65267,1.00,1.27
2017.01.02 11:19:48.227,1.65052,1.65267,1.00,1.27
2017.01.02 11:19:55.451,1.65053,1.65268,1.00,1.27
2017.01.02 11:19:56.201,1.65052,1.65263,1.00,1.20
2017.01.02 11:19:56.841,1.65053,1.65263,1.00,1.27
2017.01.02 11:19:57.366,1.65052,1.65263,1.00,1.20
2017.01.02 11:19:57.912,1.65053,1.65263,1.00,1.27
2017.01.02 11:19:58.457,1.65052,1.65263,1.00,1.20
2017.01.02 11:19:58.787,1.65052,1.65277,1.00,1.27
2017.01.02 11:19:59.317,1.65053,1.6527,1.00,1.27
2017.01.02 11:19:59.367,1.65052,1.6527,1.00,1.27
2017.01.02 11:20:00.013,1.65053,1.6527,1.00,1.27
2017.01.02 11:20:00.565,1.65052,1.6527,1.00,1.27
2017.01.02 11:20:02.041,1.65053,1.6527,1.00,1.27
2017.01.02 11:20:03.362,1.65052,1.65276,1.00,1.27
2017.01.02 11:20:07.235,1.65053,1.65276,1.00,1.27
2017.01.02 11:20:07.336,1.65052,1.65276,1.00,1.27
2017.01.02 11:20:07.855,1.65052,1.6527,1.00,1.27
2017.01.02 11:20:08.169,1.65052,1.65277,1.67,1.20
2017.01.02 11:20:08.220,1.65052,1.65279,1.00,1.27
2017.01.02 11:20:08.775,1.65053,1.65273,1.00,1.27
2017.01.02 11:20:09.415,1.65052,1.65273,1.00,1.27
2017.01.02 11:20:10.050,1.65053,1.65273,1.00,1.27
2017.01.02 11:20:10.374,1.65053,1.65272,1.00,1.27
2017.01.02 11:20:10.475,1.65052,1.65272,1.00,1.27
2017.01.02 11:20:10.702,1.65053,1.6528,1.00,1.27
2017.01.02 11:20:11.275,1.65052,1.6528,1.00,1.27
2017.01.02 11:20:11.326,1.65052,1.6528,1.00,1.27
2017.01.02 11:20:11.376,1.65053,1.6528,1.35,1.27
2017.01.02 11:20:11.879,1.65053,1.65281,1.00,1.27
2017.01.02 11:20:11.929,1.65052,1.65281,2.02,1.27
2017.01.02 11:20:12.225,1.65052,1.65281,1.35,1.27
2017.01.02 11:20:12.528,1.65052,1.65274,1.00,1.27
2017.01.02 11:20:12.830,1.65052,1.65253,1.00,1.27
2017.01.02 11:20:13.495,1.65053,1.65253,1.00,1.27
2017.01.02 11:20:14.172,1.65052,1.6526,1.00,1.27
2017.01.02 11:20:14.809,1.65053,1.65253,1.00,1.27
2017.01.02 11:20:15.456,1.65052,1.65253,1.00,1.27
2017.01.02 11:20:16.141,1.65052,1.65255,1.00,1.20
2017.01.02 11:20:16.249,1.65052,1.6526,1.00,1.27
2017.01.02 11:20:16.421,1.65053,1.6526,1.00,1.27
2017.01.02 11:20:16.990,1.65052,1.65254,1.00,1.27
2017.01.02 11:20:17.635,1.65053,1.65254,1.00,1.27
2017.01.02 11:20:17.686,1.65052,1.65258,1.00,1.20
2017.01.02 11:20:17.736,1.65053,1.65254,1.00,1.27
2017.01.02 11:20:18.285,1.65052,1.65256,1.00,1.20
2017.01.02 11:20:18.436,1.65053,1.65258,1.00,1.27
2017.01.02 11:20:18.954,1.65052,1.65258,1.00,1.27
2017.01.02 11:20:19.056,1.65053,1.65255,1.00,1.20
2017.01.02 11:20:19.128,1.65053,1.65258,1.00,1.27
2017.01.02 11:20:19.641,1.65052,1.65256,1.00,1.20
2017.01.02 11:20:19.744,1.65052,1.65259,1.00,1.27
2017.01.02 11:20:20.018,1.65052,1.65256,1.00,1.20
2017.01.02 11:20:20.346,1.65052,1.65256,1.00,1.20
2017.01.02 11:20:20.933,1.65052,1.65259,1.00,1.27
2017.01.02 11:20:21.260,1.65052,1.65256,1.00,1.20
2017.01.02 11:20:21.360,1.65052,1.65258,1.00,1.27
2017.01.02 11:20:21.436,1.65052,1.65263,1.00,1.20
2017.01.02 11:20:21.537,1.65052,1.65258,1.00,1.27
2017.01.02 11:20:22.214,1.65052,1.65258,1.00,1.27
2017.01.02 11:20:22.488,1.65052,1.65258,1.00,1.27
2017.01.02 11:20:22.751,1.65052,1.65258,1.00,1.27
2017.01.02 11:20:23.435,1.65053,1.6525,1.00,1.27
2017.01.02 11:20:23.976,1.65052,1.6525,1.00,1.27
2017.01.02 11:20:24.288,1.65052,1.6525,1.00,1.27
2017.01.02 11:20:24.593,1.65052,1.65246,1.00,1.27
2017.01.02 11:20:25.120,1.65052,1.65246,1.00,1.27
2017.01.02 11:20:25.311,1.65052,1.6525,1.00,1.20
2017.01.02 11:20:25.565,1.65052,1.65252,1.00,1.27
2017.01.02 11:20:25.665,1.65052,1.6525,1.00,1.20
2017.01.02 11:20:26.061,1.65052,1.65247,1.00,1.27
2017.01.02 11:20:26.236,1.65052,1.65249,1.00,1.20
2017.01.02 11:20:26.287,1.65052,1.65254,1.00,1.27
2017.01.02 11:20:26.396,1.65093,1.65254,0.75,1.27
2017.01.02 11:20:26.918,1.65093,1.6525,0.75,1.20
2017.01.02 11:20:26.968,1.65093,1.65253,0.75,1.27
2017.01.02 11:20:27.552,1.65092,1.65253,1.00,1.27
2017.01.02 11:20:29.532,1.65093,1.65253,0.75,1.27
2017.01.02 11:20:29.693,1.65092,1.65262,1.00,1.20
2017.01.02 11:20:29.952,1.65092,1.65254,0.75,1.27
2017.01.02 11:20:30.302,1.65092,1.65256,1.00,1.27
2017.01.02 11:20:30.395,1.65092,1.65253,1.00,1.20
2017.01.02 11:20:30.900,1.65092,1.65253,1.00,1.20
2017.01.02 11:20:31.662,1.65093,1.65252,1.00,1.20
2017.01.02 11:20:31.713,1.65093,1.65257,1.00,1.27
2017.01.02 11:20:31.814,1.65092,1.65253,1.00,1.20
2017.01.02 11:20:32.188,1.65093,1.65247,0.75,1.27
2017.01.02 11:20:32.701,1.65092,1.65246,1.00,1.27
2017.01.02 11:20:33.234,1.65092,1.65247,0.75,1.20
2017.01.02 11:20:33.796,1.65092,1.65249,0.75,1.20
2017.01.02 11:20:34.270,1.65092,1.65249,0.75,1.20
2017.01.02 11:20:34.472,1.65092,1.65255,1.00,1.20
2017.01.02 11:20:34.587,1.65092,1.65255,1.00,1.20
2017.01.02 11:20:34.903,1.65093,1.65254,1.00,1.20
2017.01.02 11:20:35.782,1.65092,1.65255,1.00,1.20
2017.01.02 11:20:36.403,1.65093,1.65254,1.00,1.20
2017.01.02 11:20:37.242,1.65092,1.65255,1.00,1.20
2017.01.02 11:20:38.321,1.65092,1.65247,0.75,1.27
2017.01.02 11:20:38.371,1.65092,1.65255,1.00,1.20
2017.01.02 11:20:38.733,1.65093,1.65257,1.00,1.20
2017.01.02 11:20:38.784,1.65093,1.65256,1.00,1.20
2017.01.02 11:20:39.292,1.65092,1.65251,0.75,1.20
2017.01.02 11:20:39.852,1.65093,1.65251,0.75,1.20
2017.01.02 11:20:41.649,1.65092,1.65251,1.00,1.20
2017.01.02 11:20:41.970,1.65092,1.65258,1.00,1.20
2017.01.02 11:20:42.512,1.65092,1.65267,1.00,1.20
2017.01.02 11:20:42.613,1.65092,1.65267,1.00,1.20
2017.01.02 11:20:44.469,1.65092,1.65266,1.00,1.27
2017.01.02 11:20:44.992,1.65093,1.65266,1.00,1.27
2017.01.02 11:20:45.653,1.65092,1.65266,1.00,1.27
2017.01.02 11:20:46.502,1.65093,1.65266,1.00,1.27
2017.01.02 11:20:46.867,1.65092,1.65266,1.00,1.27
2017.01.02 11:20:47.158,1.65093,1.65266,1.00,1.27
2017.01.02 11:20:47.258,1.65093,1.65271,1.00,1.20
2017.01.02 11:20:47.309,1.65093,1.6528,1.00,1.27
2017.01.02 11:20:51.284,1.65092,1.65279,1.00,1.20
2017.01.02 11:20:51.385,1.65092,1.65285,1.00,1.27
2017.01.02 11:20:51.973,1.65092,1.65279,1.00,1.27
2017.01.02 11:20:52.023,1.65093,1.65285,1.00,1.20
2017.01.02 11:20:52.160,1.65093,1.65288,1.00,1.27
2017.01.02 11:20:52.261,1.65092,1.65286,1.00,1.20
2017.01.02 11:20:52.830,1.65093,1.65285,1.00,1.20
2017.01.02 11:20:53.226,1.65092,1.65289,1.00,1.27
2017.01.02 11:20:54.217,1.65093,1.65288,1.00,1.27
2017.01.02 11:20:54.268,1.65093,1.65285,1.00,1.20
2017.01.02 11:20:54.328,1.65093,1.65288,1.00,1.27
2017.01.02 11:20:54.838,1.65092,1.65288,1.00,1.27
2017.01.02 11:20:54.965,1.65092,1.65286,1.00,1.20
2017.01.02 11:20:55.276,1.65092,1.6529,1.00,1.20
2017.01.02 11:20:55.865,1.65092,1.6529,1.00,1.20
2017.01.02 11:20:56.383,1.65092,1.6529,1.00,1.20
2017.01.02 11:20:56.484,1.65092,1.6529,1.00,1.20
2017.01.02 11:20:56.887,1.65092,1.6529,1.00,1.27
2017.01.02 11:20:57.390,1.65092,1.65294,1.00,1.20
2017.01.02 11:20:59.447,1.65092,1.65282,1.00,1.27
2017.01.02 11:21:00.043,1.65092,1.65292,1.00,1.20
2017.01.02 11:21:00.194,1.65092,1.65293,1.00,1.27
2017.01.02 11:21:00.994,1.65093,1.65289,1.00,1.27
2017.01.02 11:21:01.384,1.65092,1.65281,1.00,1.20
2017.01.02 11:21:01.484,1.65092,1.65282,1.00,1.20
2017.01.02 11:21:02.028,1.65092,1.65294,1.00,1.27
2017.01.02 11:21:02.248,1.65092,1.6529,1.00,1.20
2017.01.02 11:21:02.298,1.65093,1.65288,1.00,1.27
2017.01.02 11:21:02.858,1.65092,1.65288,1.00,1.27
2017.01.02 11:21:02.909,1.65092,1.65289,1.00,1.20
2017.01.02 11:21:02.959,1.65092,1.65288,1.00,1.27
2017.01.02 11:21:03.227,1.65092,1.6529,1.00,1.20
2017.01.02 11:21:03.277,1.65092,1.65288,1.00,1.27
2017.01.02 11:21:03.497,1.65092,1.65288,1.00,1.27
2017.01.02 11:21:03.874,1.65092,1.65288,1.00,1.27
2017.01.02 11:21:03.925,1.65093,1.65289,1.00,1.20
2017.01.02 11:21:04.183,1.65092,1.65288,1.00,1.27
2017.01.02 11:21:04.237,1.65092,1.6529,1.00,1.20
2017.01.02 11:21:04.502,1.65092,1.65293,1.00,1.27
2017.01.02 11:21:04.908,1.65092,1.6529,1.00,1.20
2017.01.02 11:21:05.435,1.65093,1.65287,1.00,1.27
2017.01.02 11:21:05.486,1.65092,1.65287,1.00,1.20
2017.01.02 11:21:06.032,1.65093,1.65287,1.00,1.27
2017.01.02 11:21:06.347,1.65093,1.65289,1.00,1.20
2017.01.02 11:21:06.695,1.65093,1.65287,1.00,1.27
2017.01.02 11:21:07.251,1.65092,1.65293,1.00,1.27
2017.01.02 11:21:07.301,1.65093,1.65293,1.00,1.27
2017.01.02 11:21:07.352,1.65092,1.65293,1.00,1.27
2017.01.02 11:21:08.181,1.65093,1.65286,1.00,1.27
2017.01.02 11:21:09.013,1.65092,1.65287,1.00,1.27
2017.01.02 11:21:10.223,1.65093,1.65287,1.00,1.27
2017.01.02 11:21:10.780,1.65092,1.65287,1.00,1.27
2017.01.02 11:21:17.548,1.65092,1.65287,1.00,1.20
2017.01.02 11:21:19.258,1.65093,1.65287,1.00,1.27
2017.01.02 11:21:19.368,1.65092,1.6528,1.00,1.00
2017.01.02 11:21:23.188,1.65093,1.6528,1.00,1.00
2017.01.02 11:21:24.056,1.65092,1.6528,1.00,1.00
2017.01.02 11:21:24.590,1.65093,1.6528,1.00,1.00
2017.01.02 11:21:25.423,1.65092,1.6528,1.00,1.00
2017.01.02 11:21:26.343,1.65093,1.6528,1.00,1.00
2017.01.02 11:21:27.121,1.65092,1.6528,1.00,1.00
2017.01.02 11:21:29.113,1.65093,1.6528,1.00,1.00
2017.01.02 11:21:29.868,1.65092,1.6528,1.00,1.00
2017.01.02 11:21:31.144,1.65093,1.6528,1.00,1.00
2017.01.02 11:21:33.138,1.65092,1.6528,1.00,1.00
2017.01.02 11:21:42.165,1.65093,1.6528,1.00,1.00
2017.01.02 11:21:42.952,1.65092,1.6528,1.00,1.00
2017.01.02 11:21:44.954,1.65093,1.6528,1.00,1.00
2017.01.02 11:21:48.384,1.65092,1.6528,1.00,1.00
2017.01.02 11:21:48.941,1.65093,1.65279,1.00,1.00
2017.01.02 11:21:49.543,1.65092,1.6528,1.00,1.00
2017.01.02 11:21:50.274,1.65092,1.65279,1.00,1.00
2017.01.02 11:21:50.789,1.65092,1.6528,1.00,1.35
2017.01.02 11:21:52.815,1.65093,1.6528,1.00,1.60
2017.01.02 11:21:55.110,1.65092,1.6528,1.00,1.35
2017.01.02 11:22:04.710,1.65093,1.6528,1.00,1.00
2017.01.02 11:22:07.002,1.65092,1.6528,1.00,1.00
2017.01.02 11:22:08.131,1.65092,1.65279,1.00,1.00
2017.01.02 11:22:08.640,1.65092,1.6528,1.00,1.00
2017.01.02 11:22:11.446,1.65092,1.65279,1.00,1.00
2017.01.02 11:22:12.007,1.65093,1.6528,1.00,1.00
2017.01.02 11:22:12.660,1.65092,1.6528,1.00,1.00
2017.01.02 11:22:13.280,1.65093,1.6528,1.00,1.00
2017.01.02 11:22:13.820,1.65092,1.6528,1.00,1.00
2017.01.02 11:22:14.529,1.65093,1.6528,1.00,1.00
2017.01.02 11:22:16.755,1.65092,1.6528,1.00,1.00
2017.01.02 11:22:19.876,1.65093,1.6528,1.00,1.00
2017.01.02 11:22:20.398,1.65092,1.65279,1.00,1.00
2017.01.02 11:22:20.926,1.65092,1.6528,1.00,1.00
2017.01.02 11:22:21.435,1.65092,1.65279,1.00,1.00
2017.01.02 11:22:21.974,1.65093,1.6528,1.00,1.00
2017.01.02 11:22:22.476,1.65092,1.6528,1.00,1.00
2017.01.02 11:22:22.979,1.65092,1.65279,1.00,1.00
2017.01.02 11:22:23.605,1.65092,1.6528,1.00,1.00
2017.01.02 11:22:24.220,1.65092,1.6528,1.00,1.70
2017.01.02 11:22:24.792,1.65092,1.6528,1.00,1.35
2017.01.02 11:22:25.680,1.65093,1.6528,1.00,1.60
2017.01.02 11:22:31.341,1.65092,1.6528,1.00,1.35
2017.01.02 11:22:31.791,1.65092,1.6528,1.00,1.67
2017.01.02 11:22:32.770,1.65093,1.65275,1.00,1.27
2017.01.02 11:22:33.378,1.65092,1.65275,1.00,1.27
2017.01.02 11:22:35.365,1.65093,1.65275,1.00,2.02
2017.01.02 11:22:35.915,1.65092,1.65275,1.00,1.27
2017.01.02 11:22:36.643,1.65093,1.65275,1.00,1.27
2017.01.02 11:22:37.156,1.65092,1.65275,1.00,1.27
2017.01.02 11:22:38.270,1.65093,1.65275,1.00,1.27
2017.01.02 11:22:41.542,1.65092,1.65275,1.00,1.27
2017.01.02 11:22:42.062,1.65093,1.65275,1.00,1.27
2017.01.02 11:22:42.803,1.65092,1.65275,1.00,1.27
2017.01.02 11:22:45.991,1.65093,1.65275,1.00,1.27
2017.01.02 11:22:47.121,1.65092,1.65275,1.00,1.27
2017.01.02 11:22:54.677,1.65092,1.65275,1.00,1.27
2017.01.02 11:23:04.098,1.65093,1.65274,1.00,1.27
2017.01.02 11:23:04.695,1.65092,1.65274,1.00,1.27
2017.01.02 11:23:25.421,1.65093,1.65274,1.00,1.27
2017.01.02 11:23:25.481,1.65092,1.65279,1.00,1.95
2017.01.02 11:23:27.193,1.65093,1.65278,1.00,1.20
2017.01.02 11:23:27.726,1.65092,1.65279,1.00,1.20
2017.01.02 11:23:28.654,1.65093,1.65278,1.00,1.20
2017.01.02 11:23:29.298,1.65092,1.65279,1.00,1.20
2017.01.02 11:23:30.949,1.65093,1.65278,1.00,1.20
2017.01.02 11:23:34.590,1.65092,1.65279,1.00,1.20
2017.01.02 11:23:34.924,1.65093,1.65274,1.00,1.27
2017.01.02 11:23:35.447,1.65092,1.65273,1.00,1.27
2017.01.02 11:23:35.994,1.65093,1.65274,1.00,1.27
2017.01.02 11:23:36.553,1.65092,1.65274,1.00,1.27
2017.01.02 11:23:37.070,1.65093,1.65274,1.00,1.27
2017.01.02 11:23:37.680,1.65092,1.65274,1.00,1.27
2017.01.02 11:23:38.301,1.65093,1.65274,1.00,1.27
2017.01.02 11:23:38.814,1.65092,1.65274,1.00,1.27
2017.01.02 11:23:39.331,1.65093,1.65273,1.00,1.27
2017.01.02 11:23:39.857,1.65092,1.65273,1.00,1.27
2017.01.02 11:23:40.847,1.65093,1.65274,1.00,1.27
2017.01.02 11:23:41.375,1.65092,1.65273,1.00,1.27
2017.01.02 11:23:42.035,1.65092,1.65272,1.00,1.27
2017.01.02 11:23:42.086,1.65092,1.65272,1.00,1.27
2017.01.02 11:23:43.265,1.65092,1.65271,1.00,1.27
2017.01.02 11:23:43.885,1.65093,1.65272,1.00,1.27
2017.01.02 11:23:44.428,1.65092,1.65271,1.00,1.27
2017.01.02 11:23:45.189,1.65093,1.65271,1.00,1.27
2017.01.02 11:23:52.165,1.65103,1.65237,1.00,1.00
2017.01.02 11:23:52.265,1.65113,1.65267,1.00,1.00
2017.01.02 11:23:52.452,1.65124,1.65276,1.00,1.00
2017.01.02 11:23:52.790,1.65114,1.65266,1.00,1.00
2017.01.02 11:23:53.185,1.65126,1.65267,1.00,1.00
2017.01.02 11:23:53.279,1.65113,1.65267,1.00,1.00
2017.01.02 11:23:53.329,1.65126,1.65267,1.00,1.00
2017.01.02 11:23:54.074,1.65122,1.65267,1.00,1.00
2017.01.02 11:23:54.175,1.65119,1.65267,1.00,1.00
2017.01.02 11:23:54.285,1.65123,1.65267,1.00,1.00
2017.01.02 11:23:55.864,1.65111,1.65326,1.50,1.27
2017.01.02 11:23:55.965,1.65094,1.65326,1.60,1.67
2017.01.02 11:23:56.066,1.65092,1.65314,1.00,1.67
2017.01.02 11:23:56.453,1.65093,1.6531,1.00,1.27
2017.01.02 11:23:56.973,1.65092,1.6531,1.00,1.27
2017.01.02 11:23:57.302,1.65092,1.65305,1.00,1.27
2017.01.02 11:23:57.604,1.65092,1.653,1.00,1.27
2017.01.02 11:23:58.349,1.65093,1.65295,1.00,1.27
2017.01.02 11:23:58.908,1.65092,1.65295,1.00,1.27
2017.01.02 11:23:59.714,1.65093,1.653,1.00,1.27
2017.01.02 11:24:00.381,1.65092,1.653,1.00,1.27
2017.01.02 11:24:02.560,1.65093,1.653,1.00,1.27
2017.01.02 11:24:02.898,1.65092,1.65293,1.00,1.27
2017.01.02 11:24:03.791,1.65093,1.65287,1.00,1.27
2017.01.02 11:24:04.146,1.65092,1.65288,1.00,1.27
2017.01.02 11:24:04.765,1.65092,1.65291,1.00,1.20
2017.01.02 11:24:04.868,1.65092,1.65295,1.00,1.27
2017.01.02 11:24:05.377,1.65093,1.65295,1.00,2.02
2017.01.02 11:24:06.267,1.65092,1.65295,1.00,2.02
2017.01.02 11:24:06.840,1.65092,1.65295,1.00,2.02
2017.01.02 11:24:08.295,1.65093,1.65285,1.00,1.27
2017.01.02 11:24:09.003,1.65092,1.65284,1.00,1.27
2017.01.02 11:24:15.012,1.65093,1.65285,1.00,1.27
2017.01.02 11:24:15.327,1.65093,1.65289,1.00,1.27
2017.01.02 11:24:15.558,1.65092,1.65289,1.00,1.27
2017.01.02 11:24:16.799,1.65093,1.65282,1.00,1.27
2017.01.02 11:24:17.173,1.65093,1.6529,1.00,1.20
2017.01.02 11:24:17.223,1.65092,1.65287,1.00,1.27
2017.01.02 11:24:17.524,1.65092,1.65226,1.00,1.00
2017.01.02 11:24:17.836,1.65092,1.65212,1.00,1.00
2017.01.02 11:24:17.937,1.65092,1.65227,1.00,1.00
2017.01.02 11:24:18.535,1.65093,1.65227,1.00,1.00
2017.01.02 11:24:19.049,1.65092,1.65212,1.00,1.00
2017.01.02 11:24:19.149,1.65092,1.65222,1.00,1.00
2017.01.02 11:24:19.350,1.65093,1.65212,1.00,1.00
2017.01.02 11:24:19.755,1.65093,1.65222,1.00,1.00
2017.01.02 11:24:20.301,1.65092,1.65212,1.00,1.00
2017.01.02 11:24:20.417,1.65092,1.65221,1.00,1.00
2017.01.02 11:24:20.902,1.65093,1.65212,1.00,1.00
2017.01.02 11:24:20.952,1.65092,1.65222,1.00,1.00
2017.01.02 11:24:21.157,1.65092,1.65227,1.00,1.00
2017.01.02 11:24:21.208,1.65092,1.65212,1.00,1.00
2017.01.02 11:24:21.264,1.65092,1.65226,1.00,1.00
2017.01.02 11:24:21.800,1.65092,1.65227,1.00,1.00
2017.01.02 11:24:22.155,1.65092,1.65212,1.00,1.00
2017.01.02 11:24:22.455,1.65092,1.65227,1.00,1.00
2017.01.02 11:24:22.956,1.65092,1.65226,1.00,1.00
2017.01.02 11:24:23.164,1.65093,1.65222,1.00,1.00
2017.01.02 11:24:23.674,1.65092,1.65211,1.00,1.00
2017.01.02 11:24:23.725,1.65093,1.65222,1.00,1.00
2017.01.02 11:24:24.260,1.65092,1.65222,1.00,1.00
2017.01.02 11:24:24.894,1.65093,1.65222,1.00,1.00
2017.01.02 11:24:25.169,1.65093,1.65227,1.00,1.00
2017.01.02 11:24:25.694,1.65093,1.65226,1.00,1.00
2017.01.02 11:24:26.232,1.65092,1.65226,1.00,1.00
2017.01.02 11:24:27.218,1.65092,1.65222,1.00,1.00
2017.01.02 11:24:28.982,1.65092,1.65211,1.00,1.00
2017.01.02 11:24:29.033,1.65092,1.65221,1.00,1.00
2017.01.02 11:24:30.319,1.65093,1.65221,1.00,1.00
2017.01.02 11:24:30.839,1.65092,1.65221,1.00,1.00
2017.01.02 11:24:35.804,1.65092,1.65227,1.00,1.00
2017.01.02 11:24:36.768,1.65093,1.65221,1.00,1.00
2017.01.02 11:24:37.099,1.65093,1.65227,1.00,1.00
2017.01.02 11:24:42.040,1.65092,1.65227,1.00,1.00
2017.01.02 11:24:42.981,1.65093,1.65227,1.00,1.00
2017.01.02 11:24:43.580,1.65092,1.65227,1.00,1.00
2017.01.02 11:24:44.307,1.65092,1.65237,1.00,1.00
2017.01.02 11:24:44.358,1.65092,1.65226,1.00,1.00
2017.01.02 11:24:44.458,1.65092,1.65232,1.00,1.00
2017.01.02 11:24:46.046,1.65093,1.65232,1.00,1.00
2017.01.02 11:24:47.005,1.65092,1.65232,1.00,1.00
2017.01.02 11:24:47.184,1.65092,1.65267,1.00,1.27
2017.01.02 11:24:47.234,1.65092,1.65267,1.00,1.27
2017.01.02 11:24:47.285,1.65093,1.65267,1.00,1.20
2017.01.02 11:24:47.640,1.65092,1.65272,1.00,1.27
2017.01.02 11:24:48.565,1.65093,1.65264,1.00,1.27
2017.01.02 11:24:48.917,1.65092,1.6527,1.00,1.20
2017.01.02 11:24:49.120,1.65092,1.65272,1.00,1.27
2017.01.02 11:24:49.800,1.65093,1.65272,1.00,1.27
2017.01.02 11:24:50.350,1.65092,1.65272,1.00,1.27
2017.01.02 11:24:52.784,1.65092,1.65266,1.00,1.00
2017.01.02 11:24:54.366,1.65092,1.6527,1.00,1.20
2017.01.02 11:24:54.617,1.65093,1.65266,1.00,1.00
2017.01.02 11:24:55.494,1.65092,1.6527,1.00,1.20
2017.01.02 11:24:55.759,1.65092,1.6527,1.00,1.27
2017.01.02 11:24:55.810,1.65093,1.6527,1.00,1.27
2017.01.02 11:24:56.350,1.65092,1.6527,1.00,1.27
2017.01.02 11:24:56.698,1.65093,1.65266,1.00,1.00
2017.01.02 11:24:58.465,1.65092,1.65266,1.00,1.00
2017.01.02 11:24:58.515,1.65092,1.6527,1.00,1.27
2017.01.02 11:24:59.050,1.65093,1.65275,1.00,1.27
2017.01.02 11:24:59.556,1.65092,1.65275,1.00,1.27
2017.01.02 11:25:00.864,1.65093,1.65275,1.00,1.27
2017.01.02 11:25:01.519,1.65092,1.65275,1.00,1.27
2017.01.02 11:25:10.695,1.65092,1.65267,1.00,1.00
2017.01.02 11:25:10.746,1.65092,1.65275,1.00,1.27
2017.01.02 11:25:11.476,1.65092,1.65274,1.00,1.70
2017.01.02 11:25:12.174,1.65093,1.65274,1.00,1.27
2017.01.02 11:25:12.706,1.65092,1.65274,1.00,1.27
2017.01.02 11:25:14.401,1.65093,1.65274,1.00,1.27
2017.01.02 11:25:14.636,1.65092,1.65274,1.00,1.27
2017.01.02 11:25:14.749,1.65093,1.65275,1.00,1.20
2017.01.02 11:25:14.851,1.65093,1.65278,1.00,1.67
2017.01.02 11:25:14.936,1.65093,1.65278,1.00,1.67
2017.01.02 11:25:15.710,1.65092,1.65272,1.00,1.27
2017.01.02 11:25:17.525,1.65093,1.65274,1.00,1.20
2017.01.02 11:25:18.190,1.65092,1.65275,1.00,1.20
2017.01.02 11:25:18.397,1.65092,1.65278,1.00,1.27
2017.01.02 11:25:18.685,1.65093,1.65278,1.00,1.27
2017.01.02 11:25:18.736,1.65092,1.65278,1.00,1.27
2017.01.02 11:25:19.385,1.65093,1.65277,1.00,1.27
2017.01.02 11:25:20.105,1.65092,1.65272,1.00,1.20
2017.01.02 11:25:20.895,1.65093,1.65272,1.00,1.27
2017.01.02 11:25:21.642,1.65092,1.65272,1.00,1.20
2017.01.02 11:25:22.222,1.65093,1.65279,1.00,2.02
2017.01.02 11:25:22.986,1.65092,1.65273,1.00,1.27
2017.01.02 11:25:23.585,1.65092,1.65268,1.00,1.00
2017.01.02 11:25:23.636,1.65092,1.65273,1.00,1.27
2017.01.02 11:25:24.185,1.65093,1.65273,1.00,1.27
2017.01.02 11:25:24.795,1.65092,1.65273,1.00,1.27
2017.01.02 11:25:27.505,1.65093,1.65273,1.00,1.27
2017.01.02 11:25:28.043,1.65092,1.65273,1.00,1.27
2017.01.02 11:25:28.590,1.65093,1.65273,1.00,1.27
2017.01.02 11:25:29.431,1.65092,1.65273,1.00,1.27
2017.01.02 11:25:30.153,1.65093,1.65273,1.00,1.27
2017.01.02 11:25:30.657,1.65092,1.65273,1.00,1.27
2017.01.02 11:25:40.521,1.65093,1.65273,1.00,1.27
2017.01.02 11:25:42.860,1.65092,1.65268,1.00,1.00
2017.01.02 11:25:42.911,1.65092,1.65275,1.00,1.27
2017.01.02 11:25:54.721,1.65092,1.65274,1.00,1.27
2017.01.02 11:25:59.481,1.65092,1.65263,1.00,1.00
2017.01.02 11:25:59.536,1.65092,1.65274,1.00,1.27
2017.01.02 11:26:00.567,1.65092,1.65241,1.00,1.00
2017.01.02 11:26:01.268,1.65092,1.65242,1.00,1.00
2017.01.02 11:26:05.076,1.65093,1.65242,1.00,1.00
2017.01.02 11:26:06.792,1.65092,1.65242,1.00,1.00
2017.01.02 11:26:17.547,1.65093,1.65242,1.00,1.00
2017.01.02 11:26:17.817,1.65092,1.65264,1.00,1.27
2017.01.02 11:26:18.030,1.65092,1.65242,1.00,1.00
2017.01.02 11:26:21.218,1.65093,1.65242,1.00,1.00
2017.01.02 11:26:22.001,1.65092,1.65242,1.00,1.00
2017.01.02 11:26:22.518,1.65092,1.65226,0.75,1.00
2017.01.02 11:26:22.838,1.65092,1.65242,0.75,1.00
2017.01.02 11:26:23.413,1.65093,1.65242,0.75,1.00
2017.01.02 11:26:23.928,1.65092,1.65242,0.75,1.00
2017.01.02 11:26:24.428,1.65093,1.65227,0.75,1.00
2017.01.02 11:26:24.478,1.65093,1.65242,0.75,1.00
2017.01.02 11:26:25.028,1.65092,1.6525,1.00,1.35
2017.01.02 11:26:25.078,1.65092,1.65242,0.75,1.00
2017.01.02 11:26:25.706,1.65093,1.65242,0.75,1.70
2017.01.02 11:26:26.366,1.65092,1.65242,0.75,1.35
2017.01.02 11:26:33.788,1.65093,1.65242,0.75,1.70
2017.01.02 11:26:34.296,1.65092,1.65242,0.75,1.35
2017.01.02 11:26:34.678,1.65092,1.65242,0.75,1.67
2017.01.02 11:26:40.813,1.65093,1.65241,0.75,1.67
2017.01.02 11:26:41.544,1.65092,1.6524,0.75,1.67
2017.01.02 11:26:41.894,1.65092,1.65227,0.75,1.00
2017.01.02 11:26:41.995,1.65092,1.65235,0.75,1.35
2017.01.02 11:26:42.265,1.65092,1.65226,0.75,1.00
2017.01.02 11:26:42.366,1.65092,1.65235,0.75,1.35
2017.01.02 11:26:42.614,1.65093,1.65233,0.75,1.00
2017.01.02 11:26:42.782,1.65092,1.65241,0.75,2.02
2017.01.02 11:26:42.984,1.65093,1.65232,0.75,1.00
2017.01.02 11:26:43.034,1.65093,1.65239,0.75,1.67
2017.01.02 11:26:43.138,1.65092,1.65232,0.75,1.00
2017.01.02 11:26:43.838,1.65092,1.65241,0.75,2.77
2017.01.02 11:26:43.889,1.65092,1.65231,0.75,1.00
2017.01.02 11:26:43.939,1.65092,1.65241,0.75,2.02
2017.01.02 11:26:44.139,1.65092,1.6523,0.75,1.00
2017.01.02 11:26:44.189,1.65092,1.65241,0.75,2.02
2017.01.02 11:26:44.240,1.65092,1.65229,0.75,1.00
2017.01.02 11:26:44.391,1.65092,1.65232,0.75,1.00
2017.01.02 11:26:44.637,1.65092,1.65234,0.75,1.00
2017.01.02 11:26:45.159,1.65093,1.6524,0.75,1.27
2017.01.02 11:26:45.246,1.65093,1.65227,0.75,1.00
2017.01.02 11:26:45.606,1.65093,1.65233,0.75,1.00
2017.01.02 11:26:45.824,1.65092,1.65235,0.75,1.35
2017.01.02 11:26:46.379,1.65093,1.6524,0.75,1.27
2017.01.02 11:26:46.898,1.65092,1.65236,0.75,1.70
2017.01.02 11:26:47.424,1.65092,1.65226,0.75,1.00
2017.01.02 11:26:47.726,1.65092,1.65236,0.75,1.27
2017.01.02 11:26:48.329,1.65092,1.65223,0.75,1.27
2017.01.02 11:26:48.430,1.65092,1.6521,0.75,1.00
2017.01.02 11:26:49.303,1.65093,1.65209,0.75,1.50
2017.01.02 11:26:50.204,1.65092,1.65209,0.75,1.50
2017.01.02 11:26:50.306,1.65093,1.65223,0.75,1.27
2017.01.02 11:26:50.764,1.65092,1.65214,0.75,1.00
2017.01.02 11:26:51.109,1.65093,1.6521,0.75,1.00
2017.01.02 11:26:53.055,1.65092,1.6521,0.75,1.00
2017.01.02 11:26:53.579,1.65093,1.65208,0.75,1.00
2017.01.02 11:26:53.630,1.65092,1.65223,0.75,1.27
2017.01.02 11:26:55.536,1.65093,1.65223,0.75,1.27
2017.01.02 11:26:55.599,1.65092,1.65211,0.75,1.00
2017.01.02 11:27:01.544,1.65092,1.6521,0.75,1.00
2017.01.02 11:27:04.579,1.65092,1.65214,0.75,1.00
2017.01.02 11:27:04.630,1.65093,1.65228,0.75,1.35
2017.01.02 11:27:04.855,1.65092,1.65226,0.75,1.00
2017.01.02 11:27:05.186,1.65092,1.65232,0.75,1.27
2017.01.02 11:27:05.488,1.65092,1.65228,0.75,1.20
2017.01.02 11:27:05.639,1.65092,1.65232,0.75,1.27
2017.01.02 11:27:05.889,1.65093,1.65225,0.75,1.00
2017.01.02 11:27:05.939,1.65092,1.65232,0.75,1.27
2017.01.02 11:27:06.707,1.65093,1.65232,0.75,1.27
2017.01.02 11:27:09.793,1.65092,1.65232,0.75,1.27
2017.01.02 11:27:10.304,1.65093,1.65232,0.75,1.27
2017.01.02 11:27:10.405,1.65093,1.65239,0.75,1.20
2017.01.02 11:27:10.521,1.65093,1.65244,0.75,1.97
2017.01.02 11:27:10.572,1.65093,1.65253,1.00,1.20
2017.01.02 11:27:10.673,1.65093,1.65258,1.00,1.27
2017.01.02 11:27:11.198,1.65092,1.65257,1.00,1.67
2017.01.02 11:27:11.577,1.65092,1.6525,1.00,1.00
2017.01.02 11:27:11.899,1.65093,1.65245,0.75,1.35
2017.01.02 11:27:12.802,1.65092,1.65247,0.75,1.70
2017.01.02 11:27:13.592,1.65093,1.65246,0.75,1.70
2017.01.02 11:27:14.472,1.65092,1.65248,0.75,1.67
2017.01.02 11:27:15.208,1.65093,1.65245,0.75,1.35
2017.01.02 11:27:15.730,1.65092,1.65249,0.75,2.02
2017.01.02 11:27:21.837,1.65093,1.65252,0.75,1.20
2017.01.02 11:27:21.913,1.65093,1.65259,0.75,1.97
2017.01.02 11:27:23.198,1.65093,1.65259,0.75,1.97
2017.01.02 11:27:23.727,1.65092,1.65249,0.75,1.67
2017.01.02 11:27:24.132,1.65093,1.65252,0.75,1.20
2017.01.02 11:27:24.182,1.65092,1.65239,0.75,1.00
2017.01.02 11:27:24.765,1.65093,1.65235,0.75,1.00
2017.01.02 11:27:25.859,1.65092,1.65234,0.75,1.00
2017.01.02 11:27:26.861,1.65092,1.6523,0.75,1.00
2017.01.02 11:27:26.961,1.65093,1.65236,1.00,1.00
2017.01.02 11:27:27.062,1.65093,1.65238,1.00,1.00
2017.01.02 11:27:27.281,1.65093,1.65234,1.00,1.00
2017.01.02 11:27:27.382,1.65093,1.65237,1.00,1.00
2017.01.02 11:27:27.576,1.65092,1.65241,1.00,1.00
2017.01.02 11:27:27.677,1.65092,1.65235,1.00,1.00
2017.01.02 11:27:27.803,1.65092,1.65238,1.00,1.00
2017.01.02 11:27:27.853,1.65092,1.65236,1.00,1.00
2017.01.02 11:27:28.156,1.65092,1.65233,1.00,1.00
2017.01.02 11:27:28.281,1.65092,1.65236,1.00,1.00
2017.01.02 11:27:29.142,1.65092,1.65235,1.00,1.00
2017.01.02 11:27:30.566,1.65092,1.65234,1.00,1.00
2017.01.02 11:27:38.056,1.65093,1.6523,1.00,1.00
2017.01.02 11:27:38.121,1.65092,1.65234,1.00,1.00
2017.01.02 11:27:38.342,1.65092,1.65231,1.00,1.00
2017.01.02 11:27:38.541,1.65092,1.65233,1.00,1.00
2017.01.02 11:27:38.866,1.65092,1.6523,1.00,1.00
2017.01.02 11:27:38.967,1.65092,1.65232,1.00,1.00
2017.01.02 11:27:39.194,1.65092,1.65243,1.00,1.00
2017.01.02 11:27:39.294,1.65092,1.65264,1.00,1.20
2017.01.02 11:27:39.345,1.65092,1.65265,1.00,1.27
2017.01.02 11:27:40.327,1.65093,1.65264,1.00,1.70
2017.01.02 11:27:40.377,1.65093,1.65257,1.00,1.67
2017.01.02 11:27:40.756,1.65093,1.65251,1.00,1.00
2017.01.02 11:27:41.092,1.65093,1.65249,1.00,1.00
2017.01.02 11:27:41.274,1.65092,1.65256,1.00,1.20
2017.01.02 11:27:41.812,1.65093,1.65256,1.00,2.02
2017.01.02 11:27:42.272,1.65093,1.65265,1.00,1.97
2017.01.02 11:27:42.322,1.65092,1.65265,1.00,1.27
2017.01.02 11:27:42.927,1.65093,1.65263,1.00,1.20
2017.01.02 11:27:43.467,1.65092,1.65257,1.00,1.27
2017.01.02 11:27:43.771,1.65092,1.65249,0.75,1.27
2017.01.02 11:27:44.138,1.65092,1.65254,1.00,1.20
2017.01.02 11:27:44.188,1.65093,1.65256,0.75,1.27
2017.01.02 11:27:44.239,1.65092,1.65256,0.75,1.27
2017.01.02 11:27:50.088,1.65093,1.65253,0.75,1.27
2017.01.02 11:27:50.472,1.65093,1.65253,0.75,1.27
2017.01.02 11:27:50.993,1.65092,1.65247,0.75,1.35
2017.01.02 11:27:51.332,1.65092,1.65243,0.75,1.67
2017.01.02 11:27:51.825,1.65092,1.65247,0.75,1.20
2017.01.02 11:27:51.876,1.65092,1.65253,0.75,1.27
2017.01.02 11:27:53.397,1.65093,1.65253,0.75,1.27
2017.01.02 11:27:54.026,1.65092,1.65253,0.75,1.27
2017.01.02 11:27:54.126,1.65092,1.6524,0.75,1.70
2017.01.02 11:27:54.177,1.65092,1.65247,0.75,1.20
2017.01.02 11:27:54.270,1.65092,1.65253,0.75,1.27
2017.01.02 11:27:55.186,1.65092,1.65242,0.75,1.00
2017.01.02 11:27:55.578,1.65092,1.65236,0.75,1.70
2017.01.02 11:27:55.879,1.65092,1.65233,0.75,1.00
2017.01.02 11:27:56.384,1.65092,1.65232,0.75,1.00
2017.01.02 11:27:56.434,1.65093,1.65251,1.00,1.60
2017.01.02 11:27:56.485,1.65093,1.65251,1.00,1.00
2017.01.02 11:27:56.563,1.65093,1.65247,1.00,1.00
2017.01.02 11:27:56.945,1.65092,1.65244,1.00,1.00
2017.01.02 11:27:57.367,1.65092,1.65242,1.00,1.00
2017.01.02 11:27:57.418,1.65093,1.65245,1.00,1.00
2017.01.02 11:27:57.567,1.65092,1.65248,1.00,1.00
2017.01.02 11:27:57.632,1.65093,1.65243,1.00,1.00
2017.01.02 11:27:57.762,1.65092,1.65247,1.00,1.00
2017.01.02 11:27:58.072,1.65093,1.65242,1.00,1.00
2017.01.02 11:27:58.157,1.65092,1.65247,1.00,1.00
2017.01.02 11:27:58.427,1.65093,1.65244,1.00,1.00
2017.01.02 11:27:58.478,1.65093,1.6526,1.00,1.27
2017.01.02 11:27:58.579,1.65093,1.6526,1.00,1.27
2017.01.02 11:27:58.789,1.65093,1.65252,1.00,1.00
2017.01.02 11:27:59.128,1.65092,1.6524,1.00,1.00
2017.01.02 11:27:59.831,1.65093,1.6524,1.00,1.00
2017.01.02 11:28:00.368,1.65092,1.65242,1.00,1.00
2017.01.02 11:28:00.858,1.65092,1.65256,1.00,1.00
2017.01.02 11:28:00.908,1.65093,1.65254,1.00,1.00
2017.01.02 11:28:01.543,1.65093,1.65249,1.00,1.00
2017.01.02 11:28:01.658,1.65093,1.65252,1.00,1.00
2017.01.02 11:28:01.858,1.65093,1.65265,1.00,1.00
2017.01.02 11:28:01.909,1.65093,1.6526,1.00,1.35
2017.01.02 11:28:02.248,1.65092,1.65254,1.00,1.00
2017.01.02 11:28:02.588,1.65093,1.65265,1.00,1.00
2017.01.02 11:28:02.638,1.65092,1.65265,1.00,1.67
2017.01.02 11:28:02.973,1.65092,1.65254,1.00,1.00
2017.01.02 11:28:03.301,1.65092,1.65265,1.00,1.67
2017.01.02 11:28:03.402,1.65093,1.65265,1.00,1.00
2017.01.02 11:28:06.909,1.65093,1.65266,1.00,1.00
2017.01.02 11:28:08.035,1.65093,1.65265,1.00,1.00
2017.01.02 11:28:09.851,1.65092,1.65265,1.00,1.00
2017.01.02 11:28:13.851,1.65092,1.65266,1.00,1.00
2017.01.02 11:28:16.013,1.65092,1.65266,1.00,1.67
2017.01.02 11:28:16.115,1.65092,1.65263,1.00,1.27
2017.01.02 11:28:16.578,1.65092,1.65256,1.00,1.00
2017.01.02 11:28:16.734,1.65092,1.65266,1.00,1.60
2017.01.02 11:28:16.811,1.65092,1.65266,1.00,1.00
2017.01.02 11:28:20.874,1.65093,1.65266,1.00,1.35
2017.01.02 11:28:21.433,1.65092,1.65266,1.00,1.00
2017.01.02 11:28:21.934,1.65093,1.6526,1.00,1.00
2017.01.02 11:28:22.593,1.65093,1.65259,1.00,1.00
2017.01.02 11:28:22.884,1.65093,1.65261,1.00,1.00
2017.01.02 11:28:22.934,1.65093,1.65259,1.00,1.00
2017.01.02 11:28:23.454,1.65092,1.65257,1.00,1.00
2017.01.02 11:28:23.994,1.65093,1.65254,1.00,1.67
2017.01.02 11:28:27.437,1.65092,1.65234,0.75,1.67
2017.01.02 11:28:27.752,1.65092,1.65217,0.75,1.27
2017.01.02 11:28:28.290,1.65093,1.65217,0.75,1.27
2017.01.02 11:28:34.839,1.65092,1.65217,0.75,1.27
2017.01.02 11:28:43.448,1.65092,1.65217,0.75,1.27
2017.01.02 11:28:44.108,1.65093,1.65211,0.75,1.20
2017.01.02 11:28:44.353,1.65092,1.65217,0.75,1.27
2017.01.02 11:28:44.918,1.65093,1.65217,0.75,1.27
2017.01.02 11:28:45.558,1.65092,1.65217,0.75,1.27
2017.01.02 11:28:51.068,1.65093,1.65217,0.75,1.27
2017.01.02 11:28:52.874,1.65093,1.65209,0.75,1.00
2017.01.02 11:28:53.313,1.65093,1.65201,0.75,1.67
2017.01.02 11:28:53.664,1.65092,1.65187,0.75,1.00
2017.01.02 11:28:54.069,1.65092,1.65185,0.75,1.00
2017.01.02 11:28:54.874,1.65092,1.65184,0.75,1.00
2017.01.02 11:28:56.064,1.65092,1.6519,0.75,1.00
2017.01.02 11:28:56.682,1.65093,1.6519,0.75,1.00
2017.01.02 11:29:03.019,1.65092,1.65195,0.75,1.20
2017.01.02 11:29:03.070,1.65092,1.65191,0.75,1.00
2017.01.02 11:29:03.409,1.65092,1.65187,0.75,1.00
2017.01.02 11:29:03.805,1.65092,1.6518,0.75,1.00
2017.01.02 11:29:03.855,1.65093,1.65185,0.75,1.00
2017.01.02 11:29:05.730,1.65092,1.65181,0.75,1.00
2017.01.02 11:29:06.239,1.65093,1.65181,0.75,1.00
2017.01.02 11:29:06.774,1.65092,1.65181,0.75,1.00
2017.01.02 11:29:07.878,1.65092,1.65173,0.75,1.00
2017.01.02 11:29:08.080,1.65092,1.65181,0.75,1.00
2017.01.02 11:29:08.130,1.65093,1.65171,0.75,1.00
2017.01.02 11:29:09.793,1.65092,1.65171,0.75,1.00
2017.01.02 11:29:15.884,1.65093,1.65178,0.75,1.00
2017.01.02 11:29:16.484,1.65092,1.6517,0.75,1.00
2017.01.02 11:29:16.534,1.65093,1.65173,0.75,1.00
2017.01.02 11:29:16.685,1.65092,1.65171,0.75,1.00
2017.01.02 11:29:16.804,1.65092,1.65174,0.75,1.00
2017.01.02 11:29:18.691,1.65092,1.6517,0.75,1.00
2017.01.02 11:29:23.876,1.65092,1.65169,0.75,1.00
2017.01.02 11:29:24.388,1.65093,1.65167,0.75,1.00
2017.01.02 11:29:28.085,1.65092,1.6519,0.75,1.27
2017.01.02 11:29:28.350,1.65092,1.6517,0.75,1.00
2017.01.02 11:29:34.996,1.65093,1.65169,0.75,1.00
2017.01.02 11:29:35.320,1.65092,1.65166,0.75,1.00
2017.01.02 11:29:37.021,1.65092,1.65176,0.75,1.00
2017.01.02 11:29:38.116,1.65093,1.65165,0.75,1.00
2017.01.02 11:29:39.368,1.65092,1.65173,0.75,1.00
2017.01.02 11:29:41.321,1.65093,1.65173,0.75,1.00
2017.01.02 11:29:41.850,1.65093,1.65185,0.75,1.35
2017.01.02 11:29:42.611,1.65092,1.6519,0.75,1.27
2017.01.02 11:29:43.871,1.65093,1.6519,0.75,1.27
2017.01.02 11:29:44.989,1.65093,1.65181,0.75,1.00
2017.01.02 11:29:45.736,1.65092,1.6519,0.75,1.27
2017.01.02 11:29:45.887,1.65093,1.65179,0.75,1.00
2017.01.02 11:29:47.696,1.65092,1.6519,0.75,1.27
2017.01.02 11:29:48.645,1.65093,1.65172,0.75,1.00
2017.01.02 11:29:48.696,1.65092,1.65187,0.75,1.20
2017.01.02 11:29:48.796,1.65092,1.65193,0.75,1.27
2017.01.02 11:29:48.947,1.65092,1.65174,0.75,1.00
2017.01.02 11:29:48.998,1.65092,1.65187,0.75,1.20
2017.01.02 11:29:49.241,1.65093,1.65175,0.75,1.00
2017.01.02 11:29:50.164,1.65092,1.65186,0.75,1.27
2017.01.02 11:29:52.177,1.65093,1.65185,0.75,1.27
2017.01.02 11:29:52.227,1.65092,1.65185,0.75,1.27
2017.01.02 11:29:52.818,1.65092,1.65186,0.75,1.27
2017.01.02 11:29:52.868,1.65092,1.65186,0.75,1.27
2017.01.02 11:29:58.847,1.65093,1.65162,0.75,1.00
2017.01.02 11:29:59.379,1.65093,1.65163,0.75,1.00
2017.01.02 11:29:59.429,1.65093,1.65185,0.75,1.27
2017.01.02 11:30:00.069,1.65092,1.65185,0.75,1.27
2017.01.02 11:30:00.132,1.65092,1.65185,0.75,1.27
2017.01.02 11:30:00.652,1.65093,1.65179,0.75,1.27
2017.01.02 11:30:02.105,1.65092,1.65181,0.75,1.20
2017.01.02 11:30:02.259,1.65092,1.65186,0.75,1.27
2017.01.02 11:30:02.361,1.65092,1.65191,0.75,1.27
2017.01.02 11:30:03.120,1.65093,1.65193,0.75,2.17
2017.01.02 11:30:03.653,1.65092,1.65192,0.75,1.27
2017.01.02 11:30:04.491,1.65093,1.65192,0.75,1.27
2017.01.02 11:30:05.056,1.65092,1.65192,0.75,1.27
2017.01.02 11:30:05.224,1.64977,1.6521,1.00,1.60
2017.01.02 11:30:05.275,1.65092,1.65205,0.75,1.27
2017.01.02 11:30:05.325,1.65092,1.65205,0.75,1.27
2017.01.02 11:30:17.937,1.65092,1.65191,0.75,1.00
2017.01.02 11:30:17.988,1.65092,1.65203,0.75,1.00
2017.01.02 11:30:18.088,1.65093,1.65213,0.75,1.67
2017.01.02 11:30:18.141,1.65092,1.65214,0.75,1.67
2017.01.02 11:30:18.446,1.65093,1.65196,0.75,1.67
2017.01.02 11:30:18.780,1.65092,1.6518,0.75,1.00
2017.01.02 11:30:21.060,1.65092,1.65181,0.75,1.00
2017.01.02 11:30:21.607,1.65093,1.65179,0.75,1.00
2017.01.02 11:30:22.560,1.65092,1.6518,0.75,1.00
2017.01.02 11:30:23.091,1.65092,1.65181,0.75,1.00
2017.01.02 11:30:24.045,1.65092,1.65187,0.75,1.67
2017.01.02 11:30:26.151,1.65093,1.65185,0.75,1.70
2017.01.02 11:30:27.135,1.65092,1.65186,0.75,1.70
2017.01.02 11:30:29.471,1.65092,1.65186,0.75,1.67
2017.01.02 11:30:32.688,1.65092,1.65179,0.75,1.00
2017.01.02 11:30:34.166,1.65092,1.6518,0.75,1.35
2017.01.02 11:30:34.726,1.65092,1.65177,0.75,1.00
2017.01.02 11:30:35.779,1.65093,1.65178,0.75,1.00
2017.01.02 11:30:37.589,1.65092,1.65178,0.75,1.00
2017.01.02 11:30:41.679,1.65093,1.65177,0.75,1.00
2017.01.02 11:30:41.730,1.65092,1.65179,0.75,1.00
2017.01.02 11:30:45.641,1.65092,1.6518,0.75,1.35
2017.01.02 11:30:45.691,1.65092,1.65178,0.75,1.00
2017.01.02 11:30:46.240,1.65092,1.65171,0.75,1.00
2017.01.02 11:30:46.290,1.65092,1.65178,0.75,1.00
2017.01.02 11:30:48.385,1.65093,1.65176,0.75,1.00
2017.01.02 11:30:48.435,1.65092,1.65178,0.75,1.00
2017.01.02 11:30:50.600,1.65092,1.65183,0.75,1.00
2017.01.02 11:30:50.833,1.65092,1.65188,0.75,1.70
2017.01.02 11:30:51.885,1.65093,1.65189,0.75,1.00
2017.01.02 11:30:51.985,1.65093,1.65198,0.75,1.27
2017.01.02 11:30:53.937,1.65092,1.65198,0.75,1.27
2017.01.02 11:30:55.324,1.65093,1.65192,0.75,1.20
2017.01.02 11:30:56.155,1.65092,1.65193,0.75,1.20
2017.01.02 11:30:57.193,1.65092,1.65191,0.75,1.27
2017.01.02 11:30:59.510,1.65093,1.6519,0.75,1.27
2017.01.02 11:31:03.789,1.65092,1.6519,0.75,1.27
2017.01.02 11:31:06.662,1.65093,1.65191,0.75,1.27
2017.01.02 11:31:07.319,1.65092,1.65191,0.75,1.27
2017.01.02 11:31:14.712,1.65092,1.65191,0.75,1.27
2017.01.02 11:31:22.021,1.65093,1.6519,0.75,1.67
2017.01.02 11:31:22.617,1.65092,1.65191,0.75,2.02
2017.01.02 11:31:23.472,1.65093,1.6519,0.75,1.67
2017.01.02 11:31:24.017,1.65092,1.6519,0.75,1.27
2017.01.02 11:31:24.584,1.65093,1.6519,0.75,1.27
2017.01.02 11:31:25.222,1.65092,1.65191,0.75,1.27
2017.01.02 11:31:26.127,1.65093,1.6519,0.75,1.27
2017.01.02 11:31:34.706,1.65093,1.65191,0.75,1.27
2017.01.02 11:31:36.667,1.65092,1.65191,0.75,1.27
2017.01.02 11:31:41.543,1.65093,1.6519,0.75,1.27
2017.01.02 11:31:42.112,1.65092,1.65197,0.75,1.27
2017.01.02 11:31:42.734,1.65093,1.65197,0.75,2.02
2017.01.02 11:31:43.658,1.65092,1.65197,0.75,1.27
2017.01.02 11:31:44.553,1.65093,1.65197,0.75,1.27
2017.01.02 11:31:45.099,1.65092,1.65197,0.75,1.27
2017.01.02 11:31:46.618,1.65093,1.65197,0.75,1.27
2017.01.02 11:31:47.156,1.65092,1.65198,0.75,1.95
2017.01.02 11:31:47.284,1.65093,1.65204,0.75,1.20
2017.01.02 11:31:48.041,1.65092,1.65204,0.75,1.20
2017.01.02 11:31:55.592,1.65092,1.65223,0.75,1.20
2017.01.02 11:31:55.693,1.65092,1.65229,0.75,1.27
2017.01.02 11:31:57.888,1.65093,1.65229,0.75,1.27
2017.01.02 11:31:59.100,1.65092,1.65229,0.75,1.27
2017.01.02 11:31:59.341,1.65093,1.65239,0.75,1.20
2017.01.02 11:31:59.492,1.65092,1.6525,0.75,1.95
2017.01.02 11:31:59.593,1.65093,1.65251,0.75,1.67
2017.01.02 11:32:00.123,1.65093,1.65252,0.75,2.17
2017.01.02 11:32:00.933,1.65092,1.65247,0.75,1.27
2017.01.02 11:32:02.088,1.65093,1.65247,0.75,1.27
2017.01.02 11:32:02.592,1.65092,1.65247,0.75,1.27
2017.01.02 11:32:10.033,1.65093,1.65247,1.00,1.27
2017.01.02 11:32:10.623,1.65092,1.65247,1.00,1.27
2017.01.02 11:32:11.403,1.65093,1.65246,0.75,1.67
2017.01.02 11:32:12.018,1.65092,1.65247,0.75,2.02
2017.01.02 11:32:12.623,1.65093,1.65245,0.75,1.67
2017.01.02 11:32:13.208,1.65092,1.65246,0.75,1.67
2017.01.02 11:32:13.523,1.65092,1.6525,0.75,1.60
2017.01.02 11:32:13.574,1.65092,1.65247,0.75,1.27
2017.01.02 11:32:14.165,1.65093,1.65244,0.75,1.27
2017.01.02 11:32:14.739,1.65093,1.65245,0.75,1.60
2017.01.02 11:32:14.840,1.65092,1.65252,1.00,1.35
2017.01.02 11:32:16.119,1.65093,1.65252,1.00,1.00
2017.01.02 11:32:17.644,1.65092,1.65252,1.00,1.00
2017.01.02 11:32:21.543,1.65093,1.65252,1.00,1.00
2017.01.02 11:32:23.288,1.65092,1.65252,1.00,1.00
2017.01.02 11:32:23.813,1.65093,1.65252,1.00,1.00
2017.01.02 11:32:26.593,1.65092,1.65252,1.00,1.00
2017.01.02 11:32:27.538,1.65093,1.65252,1.00,1.00
2017.01.02 11:32:31.914,1.65092,1.65252,1.00,1.00
2017.01.02 11:32:33.889,1.65092,1.65252,1.00,1.60
2017.01.02 11:32:35.519,1.65093,1.65252,1.00,1.70
2017.01.02 11:32:36.789,1.65092,1.65251,1.00,1.35
2017.01.02 11:32:36.919,1.65092,1.65251,1.00,1.67
2017.01.02 11:32:38.554,1.65093,1.65251,0.75,2.02
2017.01.02 11:32:38.968,1.65093,1.65242,0.75,1.27
2017.01.02 11:32:39.554,1.65092,1.65242,0.75,1.27
2017.01.02 11:32:41.774,1.65093,1.65242,0.75,1.27
2017.01.02 11:32:51.820,1.65092,1.65242,0.75,1.27
2017.01.02 11:32:53.335,1.65093,1.65242,0.75,2.02
2017.01.02 11:32:53.436,1.65092,1.65246,0.75,1.20
2017.01.02 11:32:53.558,1.65093,1.6525,0.75,1.27
2017.01.02 11:32:54.219,1.65092,1.6525,0.75,1.27
2017.01.02 11:32:56.836,1.65093,1.6525,0.75,1.27
2017.01.02 11:32:58.702,1.65092,1.6525,0.75,1.27
2017.01.02 11:33:05.089,1.65093,1.65249,0.75,1.67
2017.01.02 11:33:05.677,1.65092,1.6525,0.75,1.27
2017.01.02 11:33:05.868,1.65092,1.65242,0.75,1.00
2017.01.02 11:33:06.183,1.65092,1.65212,0.75,1.27
2017.01.02 11:33:06.816,1.65093,1.65212,0.75,1.27
2017.01.02 11:33:07.331,1.65092,1.65212,0.75,1.27
2017.01.02 11:33:08.185,1.65093,1.65212,0.75,1.27
2017.01.02 11:33:08.847,1.65092,1.65211,0.75,1.27
2017.01.02 11:33:11.843,1.65093,1.65212,0.75,1.27
2017.01.02 11:33:12.352,1.65092,1.65212,0.75,1.27
2017.01.02 11:33:13.002,1.65093,1.65211,0.75,1.67
2017.01.02 11:33:13.552,1.65092,1.65212,0.75,1.27
2017.01.02 11:33:13.602,1.65092,1.65221,0.75,1.27
2017.01.02 11:33:13.653,1.65092,1.65221,0.75,1.27
2017.01.02 11:33:14.159,1.65093,1.65215,0.75,1.27
2017.01.02 11:33:14.682,1.65092,1.65215,0.75,1.27
2017.01.02 11:33:15.372,1.65093,1.65215,0.75,2.02
2017.01.02 11:33:16.074,1.65092,1.65215,0.75,1.27
2017.01.02 11:33:16.672,1.65093,1.65215,0.75,2.02
2017.01.02 11:33:17.192,1.65092,1.65215,0.75,1.27
2017.01.02 11:33:18.380,1.65093,1.65215,0.75,2.02
2017.01.02 11:33:19.043,1.65092,1.65215,0.75,1.27
2017.01.02 11:33:20.832,1.65093,1.65215,0.75,2.02
2017.01.02 11:33:21.365,1.65092,1.65215,0.75,1.27
2017.01.02 11:33:21.877,1.65093,1.65215,0.75,1.27
2017.01.02 11:33:32.786,1.65092,1.65214,0.75,1.67
2017.01.02 11:33:33.637,1.65093,1.65214,0.75,1.67
2017.01.02 11:33:34.239,1.65092,1.65215,0.75,2.02
2017.01.02 11:33:34.677,1.65092,1.65215,0.75,2.02
2017.01.02 11:33:36.185,1.65093,1.65214,0.75,1.67
2017.01.02 11:33:36.947,1.65092,1.65215,0.75,2.02
2017.01.02 11:33:38.502,1.65093,1.65215,0.75,1.27
2017.01.02 11:33:39.056,1.65093,1.65217,0.75,1.27
2017.01.02 11:33:39.890,1.65092,1.65211,0.75,1.27
2017.01.02 11:33:41.951,1.65093,1.65211,0.75,1.27
2017.01.02 11:33:44.472,1.65092,1.65211,0.75,1.27
2017.01.02 11:33:45.660,1.65093,1.65211,0.75,1.27
2017.01.02 11:33:46.264,1.65092,1.6521,0.75,1.27
2017.01.02 11:33:46.821,1.65093,1.65211,0.75,1.27
2017.01.02 11:33:47.474,1.65092,1.6521,0.75,1.27
2017.01.02 11:33:48.179,1.65093,1.6521,0.75,1.27
2017.01.02 11:33:48.695,1.65092,1.6521,0.75,1.27
2017.01.02 11:33:48.745,1.65092,1.6522,0.75,1.20
2017.01.02 11:33:48.796,1.65092,1.65224,0.75,1.27
2017.01.02 11:33:48.898,1.65092,1.65223,0.75,1.27
2017.01.02 11:33:49.190,1.65092,1.65219,0.75,1.20
2017.01.02 11:33:49.799,1.65092,1.65225,0.75,1.20
2017.01.02 11:33:49.900,1.65092,1.65229,0.75,1.27
2017.01.02 11:33:50.105,1.65092,1.65229,0.75,1.27
2017.01.02 11:33:50.155,1.65093,1.65229,0.75,1.27
2017.01.02 11:33:50.306,1.65093,1.65228,0.75,1.27
2017.01.02 11:33:50.725,1.65092,1.65224,0.75,1.27
2017.01.02 11:33:51.163,1.65092,1.65219,0.75,1.27
2017.01.02 11:33:51.213,1.65092,1.65219,0.75,1.27
2017.01.02 11:33:51.640,1.65093,1.65227,0.75,1.20
2017.01.02 11:33:51.791,1.65092,1.65231,0.75,1.27
2017.01.02 11:33:51.950,1.65093,1.65231,0.75,1.27
2017.01.02 11:33:53.246,1.65092,1.65226,0.75,1.27
2017.01.02 11:33:55.729,1.65093,1.65226,0.75,1.27
2017.01.02 11:33:56.278,1.65092,1.65226,0.75,1.27
2017.01.02 11:33:56.849,1.65093,1.65226,0.75,1.27
2017.01.02 11:33:59.985,1.65092,1.65225,0.75,1.27
2017.01.02 11:34:01.580,1.65093,1.65225,0.75,1.27
2017.01.02 11:34:02.182,1.65092,1.65231,0.75,1.20
2017.01.02 11:34:02.240,1.65092,1.65235,0.75,1.27
2017.01.02 11:34:02.499,1.65092,1.65229,0.75,1.27
2017.01.02 11:34:02.811,1.65093,1.65224,0.75,1.20
2017.01.02 11:34:03.419,1.65092,1.65228,0.75,1.27
2017.01.02 11:34:03.980,1.65092,1.65231,0.75,1.20
2017.01.02 11:34:04.131,1.65092,1.65234,0.75,1.27
2017.01.02 11:34:04.317,1.65093,1.65237,0.75,1.20
2017.01.02 11:34:04.418,1.65093,1.65241,0.75,1.27
2017.01.02 11:34:04.631,1.65093,1.65245,0.75,1.20
2017.01.02 11:34:04.731,1.65092,1.6525,0.75,1.27
2017.01.02 11:34:04.940,1.65092,1.6525,0.75,1.27
2017.01.02 11:34:05.520,1.65093,1.65244,0.75,1.27
2017.01.02 11:34:06.040,1.65092,1.65244,0.75,1.27
2017.01.02 11:34:06.750,1.65093,1.65244,0.75,1.27
2017.01.02 11:34:08.331,1.65092,1.65234,0.75,1.27
2017.01.02 11:34:11.056,1.65093,1.65234,0.75,1.27
2017.01.02 11:34:17.546,1.65093,1.65236,0.75,1.20
2017.01.02 11:34:19.136,1.65092,1.65237,0.75,1.20
2017.01.02 11:34:19.237,1.65093,1.65245,0.75,1.27
2017.01.02 11:34:21.545,1.65092,1.65245,0.75,1.27
2017.01.02 11:34:24.466,1.65093,1.65252,0.75,1.27
2017.01.02 11:34:25.395,1.65092,1.65252,0.75,1.27
2017.01.02 11:34:26.324,1.65093,1.65252,0.75,1.27
2017.01.02 11:34:26.827,1.65092,1.65252,1.00,1.27
2017.01.02 11:34:27.486,1.65093,1.65252,0.75,1.27
2017.01.02 11:34:27.586,1.65092,1.65257,1.00,1.20
2017.01.02 11:34:27.637,1.65092,1.6526,1.00,1.27
2017.01.02 11:34:35.731,1.65093,1.65261,1.00,1.27
2017.01.02 11:34:37.031,1.65092,1.65261,1.00,1.27
2017.01.02 11:34:37.553,1.65093,1.65261,1.00,1.27
2017.01.02 11:34:38.108,1.65092,1.65261,1.00,1.27
2017.01.02 11:34:38.696,1.65093,1.65261,1.00,1.27
2017.01.02 11:34:39.249,1.65092,1.6526,1.00,1.27
2017.01.02 11:34:49.220,1.65093,1.65258,1.00,1.27
2017.01.02 11:34:49.985,1.65092,1.65257,1.00,1.20
2017.01.02 11:34:51.714,1.65093,1.65258,1.00,1.27
2017.01.02 11:34:52.014,1.65092,1.65258,1.00,1.27
2017.01.02 11:34:52.525,1.65093,1.65258,1.00,1.27
2017.01.02 11:34:53.313,1.65092,1.65258,1.00,1.27
2017.01.02 11:34:53.816,1.65093,1.65258,1.00,1.27
2017.01.02 11:34:54.379,1.65092,1.65258,1.00,1.27
2017.01.02 11:34:55.517,1.65092,1.65258,1.00,1.20
2017.01.02 11:35:03.825,1.65092,1.65275,1.00,1.00
2017.01.02 11:35:04.468,1.65092,1.65274,1.00,1.00
2017.01.02 11:35:08.165,1.65092,1.65275,1.00,1.00
2017.01.02 11:35:10.984,1.65093,1.65275,1.00,1.00
2017.01.02 11:35:13.998,1.65092,1.65275,1.00,1.00
2017.01.02 11:35:14.943,1.65093,1.65275,1.00,1.00
2017.01.02 11:35:16.159,1.65092,1.65275,1.00,1.00
2017.01.02 11:35:16.963,1.65092,1.65232,1.00,1.00
2017.01.02 11:35:17.289,1.65092,1.65209,1.00,1.00
2017.01.02 11:35:17.817,1.65092,1.65194,1.00,1.00
2017.01.02 11:35:18.686,1.65092,1.65193,1.00,1.00
2017.01.02 11:35:19.205,1.65092,1.65194,1.00,1.50
2017.01.02 11:35:19.256,1.65093,1.65209,1.00,1.00
2017.01.02 11:35:19.572,1.65092,1.65204,1.00,1.00
2017.01.02 11:35:19.895,1.65092,1.65193,1.00,1.00
2017.01.02 11:35:20.425,1.65093,1.65193,1.00,1.00
2017.01.02 11:35:20.930,1.65093,1.65194,1.00,2.25
2017.01.02 11:35:21.503,1.65092,1.65182,1.00,1.00
2017.01.02 11:35:21.553,1.65093,1.65194,0.75,1.50
2017.01.02 11:35:21.654,1.65092,1.6519,0.75,1.00
2017.01.02 11:35:21.704,1.65092,1.65194,0.75,1.50
2017.01.02 11:35:21.805,1.65092,1.65189,0.75,1.00
2017.01.02 11:35:22.329,1.65093,1.65191,0.75,1.00
2017.01.02 11:35:22.381,1.65093,1.65178,0.75,1.00
2017.01.02 11:35:22.916,1.65092,1.65177,0.75,2.25
2017.01.02 11:35:23.067,1.65092,1.65183,0.75,1.00
2017.01.02 11:35:23.174,1.65092,1.65187,0.75,1.00
2017.01.02 11:35:23.250,1.65092,1.65193,0.75,1.00
2017.01.02 11:35:23.610,1.65092,1.65184,0.75,1.00
2017.01.02 11:35:23.934,1.65092,1.65182,0.75,1.00
2017.01.02 11:35:24.235,1.65092,1.65177,0.75,1.00
2017.01.02 11:35:24.286,1.65092,1.65183,0.75,1.00
2017.01.02 11:35:24.336,1.65123,1.65193,1.00,1.50
2017.01.02 11:35:24.538,1.65141,1.65217,1.00,0.60
2017.01.02 11:35:24.638,1.65092,1.65256,1.00,1.00
2017.01.02 11:35:24.689,1.65092,1.6531,1.00,1.60
2017.01.02 11:35:24.840,1.65092,1.65281,1.00,1.27
2017.01.02 11:35:25.686,1.65092,1.65279,1.00,1.67
2017.01.02 11:35:25.991,1.65092,1.65203,0.75,1.27
2017.01.02 11:35:26.221,1.65092,1.65207,0.75,1.20
2017.01.02 11:35:26.321,1.65093,1.65217,0.75,1.20
2017.01.02 11:35:26.372,1.65093,1.65224,0.75,1.27
2017.01.02 11:35:26.489,1.65092,1.65228,0.75,1.20
2017.01.02 11:35:26.542,1.65092,1.65234,0.75,1.27
2017.01.02 11:35:26.731,1.65092,1.65234,1.00,0.60
2017.01.02 11:35:26.781,1.65168,1.65234,0.75,0.60
2017.01.02 11:35:26.882,1.65168,1.65322,1.00,1.00
2017.01.02 11:35:27.559,1.65168,1.65319,1.00,1.00
2017.01.02 11:35:27.611,1.65168,1.65321,1.00,1.00
2017.01.02 11:35:27.788,1.65168,1.65319,1.00,1.00
2017.01.02 11:35:28.102,1.65168,1.65322,1.00,1.00
2017.01.02 11:35:28.345,1.65168,1.65319,1.00,1.00
2017.01.02 11:35:28.890,1.65168,1.65318,1.00,1.00
2017.01.02 11:35:29.586,1.65168,1.65319,1.00,1.00
2017.01.02 11:35:30.141,1.65168,1.65322,1.00,1.00
2017.01.02 11:35:34.644,1.65142,1.65292,3.00,1.00
2017.01.02 11:35:34.746,1.65143,1.65297,1.00,1.00
2017.01.02 11:35:34.956,1.65142,1.65292,3.00,1.00
2017.01.02 11:35:35.093,1.65143,1.65297,1.00,1.00
2017.01.02 11:35:35.354,1.65142,1.65287,3.00,1.00
2017.01.02 11:35:35.405,1.65142,1.65292,3.00,1.00
2017.01.02 11:35:35.702,1.65143,1.65297,1.00,1.00
2017.01.02 11:35:36.010,1.65142,1.65291,3.00,1.00
2017.01.02 11:35:36.111,1.65148,1.65302,1.00,1.00
2017.01.02 11:35:36.162,1.65143,1.65297,1.00,1.00
2017.01.02 11:35:36.493,1.65143,1.65292,1.50,1.00
2017.01.02 11:35:36.593,1.65148,1.65302,1.00,1.00
2017.01.02 11:35:36.758,1.65143,1.65297,2.25,1.00
2017.01.02 11:35:37.110,1.65143,1.65292,1.50,1.00
2017.01.02 11:35:37.436,1.65142,1.65282,3.00,1.00
2017.01.02 11:35:38.066,1.65142,1.65287,3.00,1.00
2017.01.02 11:35:38.173,1.65142,1.65282,3.00,1.00
2017.01.02 11:35:38.324,1.65144,1.65296,1.00,1.00
2017.01.02 11:35:38.425,1.65143,1.65292,1.50,1.00
2017.01.02 11:35:38.976,1.65143,1.65297,2.25,1.00
2017.01.02 11:35:39.077,1.65142,1.65292,3.00,1.00
2017.01.02 11:35:39.329,1.65143,1.65297,1.00,1.00
2017.01.02 11:35:39.429,1.65143,1.65292,1.50,1.00
2017.01.02 11:35:39.937,1.65144,1.65296,1.00,1.00
2017.01.02 11:35:39.987,1.65143,1.65292,1.50,1.00
2017.01.02 11:35:40.461,1.65143,1.65297,3.75,1.00
2017.01.02 11:35:40.562,1.65142,1.65292,3.00,1.00
2017.01.02 11:35:40.852,1.65148,1.65302,1.00,1.00
2017.01.02 11:35:40.936,1.65143,1.65297,2.25,1.00
2017.01.02 11:35:41.269,1.65142,1.65292,3.00,1.00
2017.01.02 11:35:41.369,1.65143,1.65297,2.25,1.00
2017.01.02 11:35:41.436,1.65143,1.65292,1.50,1.00
2017.01.02 11:35:42.207,1.65143,1.65297,3.75,1.00
2017.01.02 11:35:42.311,1.65143,1.65291,3.00,1.00
2017.01.02 11:35:42.815,1.65143,1.65297,2.25,1.00
2017.01.02 11:35:42.916,1.65143,1.65291,1.50,1.00
2017.01.02 11:35:43.449,1.65143,1.65292,1.50,1.00
2017.01.02 11:35:43.499,1.65143,1.65297,2.25,1.00
2017.01.02 11:35:43.600,1.65142,1.65291,3.00,1.00
2017.01.02 11:35:44.137,1.65142,1.65292,2.25,1.00
2017.01.02 11:35:44.452,1.65143,1.65297,1.00,1.00
2017.01.02 11:35:44.553,1.65143,1.65292,1.00,1.00
2017.01.02 11:35:45.069,1.65142,1.65282,2.25,1.00
2017.01.02 11:35:45.419,1.65142,1.65291,2.25,1.00
2017.01.02 11:35:45.470,1.65144,1.65296,1.00,1.00
2017.01.02 11:35:45.621,1.65142,1.65292,2.25,1.00
2017.01.02 11:35:45.772,1.65143,1.65297,2.25,1.00
2017.01.02 11:35:45.849,1.65143,1.65291,1.50,1.00
2017.01.02 11:35:46.070,1.65143,1.65297,1.00,1.00
2017.01.02 11:35:46.171,1.65143,1.65292,2.25,1.00
2017.01.02 11:35:46.412,1.65143,1.65297,2.25,1.00
2017.01.02 11:35:46.513,1.65143,1.65291,1.50,1.00
2017.01.02 11:35:46.714,1.65148,1.65302,1.00,1.00
2017.01.02 11:35:46.889,1.65143,1.65297,1.00,1.00
2017.01.02 11:35:47.208,1.65142,1.65291,2.25,1.00
2017.01.02 11:35:47.359,1.65143,1.65297,1.00,1.00
2017.01.02 11:35:47.459,1.65143,1.65291,1.00,1.00
2017.01.02 11:35:47.661,1.65144,1.65296,1.00,1.00
2017.01.02 11:35:47.761,1.65143,1.65291,2.25,1.00
2017.01.02 11:35:47.963,1.65144,1.65296,1.00,1.00
2017.01.02 11:35:48.064,1.65142,1.65292,2.25,1.00
2017.01.02 11:35:48.292,1.65144,1.65296,1.00,1.00
2017.01.02 11:35:48.417,1.65142,1.65292,2.25,1.00
2017.01.02 11:35:48.622,1.65149,1.65301,1.00,1.00
2017.01.02 11:35:48.724,1.65143,1.65297,2.25,1.00
2017.01.02 11:35:49.025,1.65143,1.65292,1.00,1.00
2017.01.02 11:35:49.226,1.65143,1.65297,1.00,1.00
2017.01.02 11:35:49.327,1.65142,1.65292,2.25,1.00
2017.01.02 11:35:49.565,1.65143,1.65297,1.00,1.00
2017.01.02 11:35:49.666,1.65142,1.65292,2.25,1.00
2017.01.02 11:35:50.008,1.65143,1.65287,1.50,1.00
2017.01.02 11:35:50.159,1.65143,1.65297,2.25,1.00
2017.01.02 11:35:50.259,1.65142,1.65292,2.25,1.00
2017.01.02 11:35:50.919,1.65143,1.65292,1.00,1.00
2017.01.02 11:35:51.019,1.65143,1.65297,1.00,1.00
2017.01.02 11:35:51.271,1.65143,1.65292,1.00,1.00
2017.01.02 11:35:52.008,1.65143,1.65287,1.50,1.00
2017.01.02 11:35:52.109,1.65143,1.65292,1.50,1.00
2017.01.02 11:35:52.361,1.65142,1.65287,2.25,1.00
2017.01.02 11:35:52.707,1.65142,1.65282,2.25,1.00
2017.01.02 11:35:53.103,1.65144,1.65296,1.00,1.00
2017.01.02 11:35:53.204,1.65143,1.65286,2.25,1.00
2017.01.02 11:35:53.683,1.65142,1.65292,2.25,1.00
2017.01.02 11:35:53.784,1.65142,1.65287,2.25,1.00
2017.01.02 11:35:54.157,1.65142,1.65281,2.25,1.00
2017.01.02 11:35:54.258,1.65142,1.65291,2.25,1.00
2017.01.02 11:35:54.359,1.65143,1.65286,1.50,1.00
2017.01.02 11:35:54.721,1.65142,1.65282,2.25,1.00
2017.01.02 11:35:54.937,1.65143,1.65287,2.25,1.00
2017.01.02 11:35:55.135,1.65142,1.65281,2.25,1.00
2017.01.02 11:35:55.598,1.65143,1.65291,2.25,1.00
2017.01.02 11:35:55.702,1.65143,1.65287,1.00,1.00
2017.01.02 11:35:56.082,1.65143,1.65281,1.00,1.00
2017.01.02 11:35:56.439,1.65143,1.65297,1.00,1.00
2017.01.02 11:35:56.540,1.65143,1.65292,1.00,1.00
2017.01.02 11:35:56.919,1.65143,1.65287,1.00,1.00
2017.01.02 11:35:57.388,1.65142,1.65292,2.25,1.00
2017.01.02 11:35:57.488,1.65142,1.65286,2.25,1.00
2017.01.02 11:35:57.972,1.65143,1.65282,1.50,1.00
2017.01.02 11:35:58.343,1.65143,1.65291,1.00,1.00
2017.01.02 11:35:58.444,1.65143,1.65287,1.50,1.00
2017.01.02 11:35:58.791,1.65142,1.65282,2.25,1.00
2017.01.02 11:35:58.944,1.65142,1.65292,2.25,1.00
2017.01.02 11:35:59.014,1.65142,1.65287,2.25,1.00
2017.01.02 11:35:59.277,1.65142,1.65292,2.25,1.00
2017.01.02 11:35:59.378,1.65142,1.65286,2.25,1.00
2017.01.02 11:35:59.603,1.65142,1.65292,2.25,1.00
2017.01.02 11:35:59.704,1.65143,1.65287,1.00,1.00
2017.01.02 11:35:59.917,1.65143,1.65291,1.00,1.00
2017.01.02 11:35:59.985,1.65143,1.65287,1.00,1.00
2017.01.02 11:36:00.237,1.65143,1.65297,1.50,1.00
2017.01.02 11:36:00.338,1.65143,1.65292,1.50,1.00
2017.01.02 11:36:00.662,1.65143,1.65287,1.00,1.00
2017.01.02 11:36:00.914,1.65143,1.65292,1.00,1.00
2017.01.02 11:36:01.014,1.65143,1.65287,1.00,1.00
2017.01.02 11:36:01.232,1.65143,1.65297,1.50,1.00
2017.01.02 11:36:01.332,1.65143,1.65291,1.00,1.00
2017.01.02 11:36:01.679,1.65142,1.65316,1.50,1.00
2017.01.02 11:36:01.729,1.65104,1.65267,1.37,1.00
2017.01.02 11:36:01.780,1.65092,1.65267,1.60,1.00
2017.01.02 11:36:01.830,1.65092,1.65267,1.00,1.37
2017.01.02 11:36:01.931,1.65092,1.65267,1.00,1.00
2017.01.02 11:36:01.982,1.65134,1.65267,0.75,1.00
2017.01.02 11:36:02.476,1.65135,1.65266,0.75,1.60
2017.01.02 11:36:02.866,1.65134,1.65265,0.75,1.27
2017.01.02 11:36:03.178,1.65134,1.6524,0.75,1.00
2017.01.02 11:36:03.279,1.65134,1.65265,0.75,1.27
2017.01.02 11:36:04.166,1.65134,1.6525,0.75,1.27
2017.01.02 11:36:04.483,1.65134,1.65247,0.75,1.20
2017.01.02 11:36:04.718,1.65134,1.65274,0.75,1.60
2017.01.02 11:36:04.818,1.65135,1.65273,0.75,1.50
2017.01.02 11:36:04.919,1.65135,1.65286,0.75,1.27
2017.01.02 11:36:05.036,1.65135,1.65274,0.75,1.00
2017.01.02 11:36:05.086,1.65135,1.65286,0.75,1.27
2017.01.02 11:36:05.158,1.65135,1.65274,0.75,1.50
2017.01.02 11:36:05.473,1.65134,1.65274,0.75,2.92
2017.01.02 11:36:05.523,1.65134,1.65272,0.75,1.20
2017.01.02 11:36:05.624,1.65134,1.65274,0.75,2.25
2017.01.02 11:36:05.725,1.65134,1.65274,0.75,2.17
2017.01.02 11:36:05.775,1.65134,1.65274,0.75,1.50
2017.01.02 11:36:06.001,1.65135,1.65274,0.75,2.17
2017.01.02 11:36:06.052,1.65135,1.65274,0.75,2.25
2017.01.02 11:36:06.314,1.65134,1.65274,0.75,2.17
2017.01.02 11:36:06.364,1.65135,1.65273,0.75,1.00
2017.01.02 11:36:06.437,1.65135,1.65274,0.75,2.55
2017.01.02 11:36:06.538,1.65135,1.65274,0.75,1.72
2017.01.02 11:36:06.639,1.65134,1.65274,0.75,1.50
2017.01.02 11:36:07.203,1.65135,1.65274,0.75,2.25
2017.01.02 11:36:07.516,1.65135,1.6528,0.75,1.27
2017.01.02 11:36:07.567,1.65135,1.65274,0.75,1.00
2017.01.02 11:36:07.867,1.65135,1.65274,0.75,2.17
2017.01.02 11:36:07.918,1.65134,1.65281,0.75,1.27
2017.01.02 11:36:07.968,1.65135,1.65274,0.75,1.00
2017.01.02 11:36:08.018,1.65135,1.65281,0.75,1.27
2017.01.02 11:36:08.069,1.65135,1.65274,0.75,1.00
2017.01.02 11:36:08.619,1.65134,1.65273,0.75,1.00
2017.01.02 11:36:08.903,1.65134,1.65288,0.75,1.60
2017.01.02 11:36:09.051,1.65134,1.65288,0.75,1.00
2017.01.02 11:36:09.388,1.65134,1.65287,0.75,1.60
2017.01.02 11:36:11.133,1.65134,1.65278,0.75,1.35
2017.01.02 11:36:11.508,1.65135,1.65284,0.75,1.30
2017.01.02 11:36:12.026,1.65134,1.65288,0.75,1.37
2017.01.02 11:36:12.778,1.65134,1.65285,0.75,1.05
2017.01.02 11:36:13.131,1.65134,1.65285,0.75,1.05
2017.01.02 11:36:13.211,1.65135,1.65284,0.75,1.05
2017.01.02 11:36:13.261,1.65134,1.65288,0.75,1.97
2017.01.02 11:36:13.329,1.65134,1.65288,0.75,1.37
2017.01.02 11:36:13.379,1.65134,1.65285,0.75,1.05
2017.01.02 11:36:13.681,1.65134,1.65257,0.75,1.67
2017.01.02 11:36:13.979,1.65134,1.65265,0.75,1.30
2017.01.02 11:36:14.029,1.65134,1.65258,0.75,1.00
2017.01.02 11:36:14.550,1.65135,1.65257,0.75,2.25
2017.01.02 11:36:14.887,1.65134,1.65246,0.75,1.00
2017.01.02 11:36:15.188,1.65134,1.65241,0.75,1.00
2017.01.02 11:36:15.607,1.65134,1.65236,0.75,1.00
2017.01.02 11:36:15.657,1.65134,1.65238,0.75,1.00
2017.01.02 11:36:15.861,1.65135,1.65236,0.75,1.00
2017.01.02 11:36:16.095,1.65134,1.6524,0.75,1.00
2017.01.02 11:36:16.522,1.65134,1.65236,0.75,1.00
2017.01.02 11:36:16.857,1.65135,1.65232,0.75,1.00
2017.01.02 11:36:16.908,1.65134,1.65237,0.75,1.00
2017.01.02 11:36:17.017,1.65134,1.65233,0.75,1.00
2017.01.02 11:36:17.247,1.65134,1.65237,0.75,1.00
2017.01.02 11:36:17.302,1.65134,1.65232,0.75,1.00
2017.01.02 11:36:17.463,1.65135,1.65236,0.75,1.00
2017.01.02 11:36:17.672,1.65134,1.65233,0.75,1.00
2017.01.02 11:36:17.832,1.65134,1.65237,0.75,1.00
2017.01.02 11:36:17.891,1.65134,1.65233,0.75,1.00
2017.01.02 11:36:17.941,1.65135,1.65236,0.75,1.00
2017.01.02 11:36:18.686,1.65134,1.65233,0.75,1.00
2017.01.02 11:36:18.881,1.65134,1.65236,0.75,1.00
2017.01.02 11:36:18.941,1.65134,1.65231,0.75,1.00
2017.01.02 11:36:19.106,1.65134,1.65236,0.75,1.00
2017.01.02 11:36:19.539,1.65134,1.65232,0.75,1.00
2017.01.02 11:36:19.899,1.65134,1.65225,0.75,1.00
2017.01.02 11:36:21.672,1.65134,1.65226,0.75,1.50
2017.01.02 11:36:21.772,1.65134,1.65266,0.75,1.20
2017.01.02 11:36:27.249,1.65134,1.65287,0.75,1.05
2017.01.02 11:36:28.237,1.65134,1.65274,0.75,1.67
2017.01.02 11:36:28.338,1.65135,1.65274,0.75,1.05
2017.01.02 11:36:28.389,1.65135,1.65274,0.75,1.90
2017.01.02 11:36:28.489,1.65135,1.65274,0.75,2.47
2017.01.02 11:36:29.003,1.65134,1.65277,0.75,1.05
2017.01.02 11:36:29.154,1.65134,1.65273,0.75,1.50
2017.01.02 11:36:29.255,1.65134,1.65284,0.75,1.05
2017.01.02 11:36:29.560,1.65134,1.65222,0.75,1.00
2017.01.02 11:36:29.866,1.65134,1.65202,0.75,1.00
2017.01.02 11:36:29.916,1.65134,1.65255,0.75,1.00
2017.01.02 11:36:30.505,1.65134,1.65256,1.00,1.00
2017.01.02 11:36:31.607,1.65134,1.65255,1.00,1.00
2017.01.02 11:36:32.408,1.65134,1.65273,1.00,1.00
2017.01.02 11:36:32.716,1.65134,1.65273,1.00,1.67
2017.01.02 11:36:33.018,1.65134,1.65212,0.75,1.00
2017.01.02 11:36:33.617,1.65134,1.65241,0.75,2.25
2017.01.02 11:36:33.811,1.65135,1.6525,0.75,1.00
2017.01.02 11:36:34.366,1.65134,1.6525,0.75,1.00
2017.01.02 11:36:35.261,1.65135,1.6525,0.75,1.00
2017.01.02 11:36:35.794,1.65135,1.65251,0.75,1.00
2017.01.02 11:36:36.157,1.65134,1.65269,1.00,1.00
2017.01.02 11:36:37.051,1.65134,1.6527,1.00,1.00
2017.01.02 11:36:37.261,1.65134,1.65222,1.00,1.00
2017.01.02 11:36:37.362,1.65134,1.65243,1.00,1.00
2017.01.02 11:36:37.613,1.65134,1.6526,1.00,1.00
2017.01.02 11:36:38.940,1.65135,1.6526,1.00,1.00
2017.01.02 11:36:39.462,1.65135,1.65259,1.00,1.00
2017.01.02 11:36:40.017,1.65134,1.6526,1.00,1.00
2017.01.02 11:36:40.525,1.65135,1.6526,1.00,1.00
2017.01.02 11:36:40.626,1.65134,1.65216,1.00,1.00
2017.01.02 11:36:40.676,1.65134,1.65227,0.75,1.00
2017.01.02 11:36:41.179,1.65134,1.65225,0.75,1.00
2017.01.02 11:36:41.576,1.65135,1.65221,0.75,1.00
2017.01.02 11:36:41.762,1.65134,1.65224,0.75,1.00
2017.01.02 11:36:41.913,1.65134,1.65244,0.75,1.00
2017.01.02 11:36:41.964,1.65134,1.65262,0.75,1.00
2017.01.02 11:36:43.373,1.65135,1.65262,0.75,1.87
2017.01.02 11:36:43.955,1.65134,1.65262,1.00,1.00
2017.01.02 11:36:45.033,1.65135,1.65262,1.00,1.00
2017.01.02 11:36:45.592,1.65134,1.65262,1.00,1.00
2017.01.02 11:36:46.232,1.65135,1.6528,1.00,1.00
2017.01.02 11:36:46.733,1.65134,1.6528,1.00,1.00
2017.01.02 11:36:47.043,1.65134,1.65279,1.00,1.67
2017.01.02 11:36:47.182,1.65134,1.65279,1.00,1.00
2017.01.02 11:36:47.266,1.65134,1.65281,1.00,1.35
2017.01.02 11:36:47.585,1.65134,1.65273,1.00,1.00
2017.01.02 11:36:48.135,1.65135,1.65273,1.00,2.25
2017.01.02 11:36:48.908,1.65134,1.65273,1.00,1.00
2017.01.02 11:36:49.214,1.65135,1.65216,0.75,1.00
2017.01.02 11:36:49.788,1.65134,1.65216,0.75,1.00
2017.01.02 11:36:50.301,1.65135,1.65216,0.75,1.00
2017.01.02 11:36:50.762,1.65134,1.65225,0.75,1.00
2017.01.02 11:36:50.954,1.65134,1.65249,0.75,1.60
2017.01.02 11:36:51.054,1.65134,1.65255,0.75,1.00
2017.01.02 11:36:51.105,1.65134,1.65257,0.75,2.85
2017.01.02 11:36:51.306,1.65134,1.6526,0.75,1.00
2017.01.02 11:36:51.357,1.65134,1.65263,0.75,1.60
2017.01.02 11:36:51.439,1.65134,1.65265,0.75,1.00
2017.01.02 11:36:51.541,1.65134,1.65262,0.75,1.00
2017.01.02 11:36:51.711,1.65134,1.65265,0.75,1.00
2017.01.02 11:36:51.812,1.65135,1.6526,0.75,1.00
2017.01.02 11:36:51.935,1.65134,1.65264,0.75,1.00
2017.01.02 11:36:52.061,1.65134,1.65261,0.75,1.00
2017.01.02 11:36:52.230,1.65134,1.65264,0.75,1.00
2017.01.02 11:36:53.063,1.65134,1.65261,0.75,1.00
2017.01.02 11:36:53.626,1.65134,1.65258,0.75,1.00
2017.01.02 11:36:53.716,1.65135,1.6526,0.75,1.00
2017.01.02 11:36:54.745,1.65134,1.65259,0.75,1.00
2017.01.02 11:36:54.847,1.65134,1.65262,0.75,1.35
2017.01.02 11:36:54.897,1.65135,1.65257,0.75,1.00
2017.01.02 11:36:55.077,1.65134,1.65262,0.75,1.35
2017.01.02 11:36:55.798,1.65135,1.65264,0.75,1.67
2017.01.02 11:36:56.056,1.65134,1.65263,0.75,1.00
2017.01.02 11:36:56.770,1.65135,1.65262,0.75,1.00
2017.01.02 11:36:57.675,1.65134,1.65261,0.75,1.00
2017.01.02 11:37:00.105,1.65135,1.65257,0.75,1.00
2017.01.02 11:37:00.206,1.65134,1.65268,0.75,1.00
2017.01.02 11:37:00.785,1.65135,1.65268,1.00,1.00
2017.01.02 11:37:01.334,1.65134,1.65267,1.00,1.00
2017.01.02 11:37:01.852,1.65135,1.65268,0.75,1.00
2017.01.02 11:37:02.450,1.65134,1.65268,0.75,1.00
2017.01.02 11:37:02.934,1.65135,1.65268,0.75,2.17
2017.01.02 11:37:03.185,1.65134,1.65268,0.75,1.00
2017.01.02 11:37:03.840,1.65135,1.65265,0.75,1.00
2017.01.02 11:37:04.291,1.65134,1.65263,0.75,1.00
2017.01.02 11:37:04.401,1.65134,1.65265,0.75,1.00
2017.01.02 11:37:04.655,1.65134,1.65262,0.75,1.00
2017.01.02 11:37:04.815,1.65134,1.65265,0.75,1.00
2017.01.02 11:37:05.551,1.65134,1.65261,0.75,1.00
2017.01.02 11:37:05.676,1.65134,1.65265,0.75,1.00
2017.01.02 11:37:05.776,1.65134,1.65268,0.75,1.00
2017.01.02 11:37:06.806,1.65134,1.65267,0.75,1.00
2017.01.02 11:37:07.512,1.65135,1.65262,0.75,1.00
2017.01.02 11:37:07.972,1.65134,1.6526,0.75,1.00
2017.01.02 11:37:08.112,1.65134,1.65263,0.75,1.00
2017.01.02 11:37:08.843,1.65134,1.65261,0.75,1.00
2017.01.02 11:37:09.382,1.65135,1.65262,0.75,1.00
2017.01.02 11:37:09.813,1.65134,1.65264,0.75,1.00
2017.01.02 11:37:09.863,1.65135,1.65261,0.75,1.00
2017.01.02 11:37:09.913,1.65135,1.65263,0.75,1.00
2017.01.02 11:37:10.097,1.65134,1.65267,0.75,1.00
2017.01.02 11:37:10.148,1.65134,1.65264,0.75,1.00
2017.01.02 11:37:10.249,1.65134,1.65273,0.75,2.02
2017.01.02 11:37:10.651,1.65134,1.65273,0.75,1.95
2017.01.02 11:37:11.130,1.65134,1.65275,0.75,1.05
2017.01.02 11:37:11.553,1.65134,1.65273,0.75,1.00
2017.01.02 11:37:11.742,1.65135,1.6527,0.75,1.35
2017.01.02 11:37:12.342,1.65134,1.65271,0.75,1.20
2017.01.02 11:37:12.757,1.65134,1.65273,0.75,2.25
2017.01.02 11:37:13.289,1.65135,1.65272,0.75,1.00
2017.01.02 11:37:13.340,1.65134,1.6527,0.75,1.00
2017.01.02 11:37:13.652,1.65179,1.65287,1.00,1.00
2017.01.02 11:37:13.703,1.65177,1.65287,1.00,1.00
2017.01.02 11:37:13.803,1.6516,1.65287,1.27,1.00
2017.01.02 11:37:13.854,1.65169,1.65291,1.00,1.00
2017.01.02 11:37:14.055,1.65164,1.65321,1.67,1.00
2017.01.02 11:37:14.209,1.65164,1.65326,1.00,1.00
2017.01.02 11:37:14.260,1.65164,1.65328,1.00,1.00
2017.01.02 11:37:14.311,1.65168,1.65329,1.00,1.00
2017.01.02 11:37:14.617,1.65174,1.65329,2.25,1.00
2017.01.02 11:37:17.108,1.65176,1.65329,1.00,1.00
2017.01.02 11:37:17.558,1.65174,1.65323,2.25,1.00
2017.01.02 11:37:17.912,1.65175,1.65315,1.00,1.00
2017.01.02 11:37:18.513,1.65175,1.65314,1.00,1.00
2017.01.02 11:37:21.199,1.65175,1.65322,1.00,1.00
2017.01.02 11:37:28.387,1.65175,1.65321,1.00,1.00
2017.01.02 11:37:28.562,1.65175,1.65327,1.00,1.00
2017.01.02 11:37:28.663,1.6519,1.65327,1.50,1.00
2017.01.02 11:37:29.184,1.65191,1.65327,1.00,1.00
2017.01.02 11:37:29.990,1.6519,1.65327,2.25,1.00
2017.01.02 11:37:31.991,1.65213,1.65328,1.00,1.00
2017.01.02 11:37:32.886,1.65213,1.65329,1.00,1.00
2017.01.02 11:37:34.887,1.6519,1.65326,2.25,1.00
2017.01.02 11:37:35.038,1.6519,1.65328,2.25,1.00
2017.01.02 11:37:35.196,1.6516,1.65328,1.00,1.00
2017.01.02 11:37:35.247,1.65143,1.65329,1.60,1.00
2017.01.02 11:37:35.348,1.65134,1.65329,1.97,1.00
2017.01.02 11:37:35.747,1.65134,1.65327,1.00,1.05
2017.01.02 11:37:35.798,1.65134,1.65322,1.00,1.05
2017.01.02 11:37:36.144,1.65134,1.65303,1.00,1.05
2017.01.02 11:37:36.245,1.65134,1.65307,1.00,1.20
2017.01.02 11:37:36.367,1.65134,1.6531,1.00,1.27
2017.01.02 11:37:41.258,1.65135,1.6531,1.00,1.27
2017.01.02 11:37:45.762,1.65134,1.65278,1.00,1.05
2017.01.02 11:37:46.065,1.65135,1.65238,0.75,1.27
2017.01.02 11:37:46.663,1.65134,1.65237,0.75,1.27
2017.01.02 11:37:47.223,1.65134,1.6524,0.75,1.20
2017.01.02 11:37:47.324,1.65134,1.65292,0.75,1.57
2017.01.02 11:37:47.424,1.65134,1.65287,0.75,1.27
2017.01.02 11:37:47.771,1.65134,1.6529,0.75,1.60
2017.01.02 11:37:47.823,1.65134,1.65316,1.00,1.57
2017.01.02 11:37:47.874,1.65134,1.65306,1.00,1.00
2017.01.02 11:37:48.197,1.65135,1.65302,1.00,1.20
2017.01.02 11:37:48.298,1.65134,1.65305,1.00,2.25
2017.01.02 11:37:48.349,1.65135,1.65305,1.00,2.92
2017.01.02 11:37:48.741,1.65134,1.65285,0.75,1.27
2017.01.02 11:37:48.893,1.65135,1.65287,0.75,1.20
2017.01.02 11:37:48.993,1.65134,1.65293,0.75,1.27
2017.01.02 11:37:49.217,1.65135,1.65294,1.00,1.05
2017.01.02 11:37:49.317,1.65135,1.65298,1.00,1.20
2017.01.02 11:37:49.418,1.65134,1.6529,1.00,1.20
2017.01.02 11:37:49.733,1.65135,1.65292,1.00,1.05
2017.01.02 11:37:49.834,1.65135,1.65292,0.75,1.65
2017.01.02 11:37:50.348,1.65135,1.65299,1.00,1.57
2017.01.02 11:37:50.449,1.65135,1.65292,0.75,1.05
2017.01.02 11:37:50.982,1.65134,1.65278,0.75,1.20
2017.01.02 11:37:51.133,1.65134,1.65295,1.00,1.57
2017.01.02 11:37:51.234,1.65134,1.65305,1.00,1.97
2017.01.02 11:37:51.285,1.65134,1.65293,0.75,1.05
2017.01.02 11:37:51.586,1.65134,1.65277,0.75,1.20
2017.01.02 11:37:51.637,1.65134,1.65277,0.75,1.20
2017.01.02 11:37:52.051,1.65134,1.65277,0.75,1.27
2017.01.02 11:37:52.101,1.65134,1.65282,0.75,1.20
2017.01.02 11:37:52.152,1.65134,1.65306,1.00,1.97
2017.01.02 11:37:52.230,1.65134,1.65306,1.00,1.97
2017.01.02 11:37:52.280,1.65134,1.65293,0.75,1.05
2017.01.02 11:37:52.585,1.65134,1.6529,0.75,1.67
2017.01.02 11:37:53.667,1.65135,1.65286,0.75,1.27
2017.01.02 11:37:53.980,1.65135,1.65274,0.75,2.10
2017.01.02 11:37:54.512,1.65134,1.65274,0.75,2.25
2017.01.02 11:37:55.049,1.65134,1.6528,0.75,1.20
2017.01.02 11:37:55.585,1.65134,1.65287,0.75,1.27
2017.01.02 11:37:55.736,1.65134,1.65297,1.00,1.57
2017.01.02 11:37:55.837,1.65135,1.65306,1.00,1.27
2017.01.02 11:37:57.433,1.65134,1.65303,1.00,1.27
2017.01.02 11:37:59.842,1.65134,1.6532,1.00,1.05
2017.01.02 11:37:59.893,1.65134,1.65326,1.00,1.20
2017.01.02 11:37:59.993,1.65134,1.65329,1.00,1.00
2017.01.02 11:38:01.513,1.65134,1.65329,1.67,1.00
2017.01.02 11:38:01.766,1.65139,1.65328,1.27,1.00
2017.01.02 11:38:02.104,1.65135,1.65328,2.02,1.00
2017.01.02 11:38:02.306,1.65142,1.65328,1.20,1.00
2017.01.02 11:38:02.356,1.65135,1.65328,1.60,1.00
2017.01.02 11:38:02.507,1.65134,1.6532,1.60,1.00
2017.01.02 11:38:02.560,1.65134,1.6532,1.60,1.00
2017.01.02 11:38:02.660,1.65134,1.6532,1.00,1.00
2017.01.02 11:38:03.162,1.65134,1.65321,1.00,1.00
2017.01.02 11:38:04.753,1.65135,1.65321,1.00,1.00
2017.01.02 11:38:05.406,1.65135,1.6532,1.00,1.00
2017.01.02 11:38:06.689,1.65134,1.6532,1.00,1.00
2017.01.02 11:38:07.753,1.65135,1.6532,1.00,1.00
2017.01.02 11:38:09.464,1.65134,1.6532,1.00,1.00
2017.01.02 11:38:10.044,1.65134,1.65321,1.00,1.00
2017.01.02 11:38:11.314,1.65135,1.65321,1.00,1.00
2017.01.02 11:38:11.730,1.65137,1.6532,1.00,1.00
2017.01.02 11:38:12.159,1.65139,1.6532,1.00,1.00
2017.01.02 11:38:12.615,1.65137,1.6532,1.00,1.00
2017.01.02 11:38:13.731,1.65137,1.65321,1.00,1.00
2017.01.02 11:38:14.222,1.65135,1.6532,1.00,1.00
2017.01.02 11:38:14.791,1.65134,1.6532,1.00,1.00
2017.01.02 11:38:17.450,1.65135,1.6532,1.00,1.00
2017.01.02 11:38:18.161,1.65134,1.6532,1.00,1.00
2017.01.02 11:38:20.145,1.65135,1.65321,1.00,1.00
2017.01.02 11:38:20.882,1.65134,1.65321,1.00,1.00
2017.01.02 11:38:21.387,1.65134,1.6532,1.00,1.00
2017.01.02 11:38:22.118,1.65135,1.6532,1.00,1.00
2017.01.02 11:38:22.720,1.65134,1.6532,1.00,1.00
2017.01.02 11:38:23.261,1.65134,1.65321,1.00,1.50
2017.01.02 11:38:23.816,1.65134,1.65322,1.00,2.25
2017.01.02 11:38:24.982,1.65135,1.65322,1.00,2.25
2017.01.02 11:38:25.796,1.65134,1.65321,1.00,1.50
2017.01.02 11:38:26.613,1.65134,1.65306,1.00,1.00
2017.01.02 11:38:28.132,1.65135,1.65306,1.00,2.25
2017.01.02 11:38:28.438,1.65134,1.65289,1.00,1.00
2017.01.02 11:38:31.626,1.65134,1.6529,1.00,1.50
2017.01.02 11:38:31.677,1.65134,1.65305,1.00,1.50
2017.01.02 11:38:31.978,1.65134,1.65314,1.00,1.00
2017.01.02 11:38:32.036,1.65134,1.65311,1.00,1.00
2017.01.02 11:38:32.345,1.65134,1.6529,1.00,1.00
2017.01.02 11:38:32.667,1.65134,1.65275,0.75,1.27
2017.01.02 11:38:34.677,1.65135,1.65273,0.75,2.17
2017.01.02 11:38:37.962,1.65135,1.65273,1.42,1.50
2017.01.02 11:38:38.013,1.65135,1.65273,0.75,2.17
2017.01.02 11:38:38.113,1.65134,1.65329,1.67,1.00
2017.01.02 11:38:38.164,1.65134,1.65329,1.67,1.00
2017.01.02 11:38:38.485,1.65175,1.65329,1.00,1.00
2017.01.02 11:38:39.135,1.65175,1.65328,1.00,1.00
2017.01.02 11:38:41.717,1.65175,1.65329,1.00,1.00
2017.01.02 11:38:42.897,1.65175,1.65328,1.00,1.00
2017.01.02 11:38:43.362,1.65175,1.65365,1.00,1.00
2017.01.02 11:38:43.412,1.65179,1.65296,1.00,1.00
2017.01.02 11:38:43.781,1.65173,1.65292,1.00,1.00
2017.01.02 11:38:43.832,1.65178,1.65297,1.00,1.00
2017.01.02 11:38:44.136,1.65183,1.65299,1.00,1.00
2017.01.02 11:38:44.298,1.65179,1.65296,1.00,1.00
2017.01.02 11:38:44.349,1.65184,1.65299,1.00,1.00
2017.01.02 11:38:44.587,1.65178,1.65297,1.00,1.00
2017.01.02 11:38:44.638,1.65183,1.65299,1.00,1.00
2017.01.02 11:38:44.740,1.65164,1.65281,1.00,1.00
2017.01.02 11:38:44.891,1.65159,1.65305,1.50,1.50
2017.01.02 11:38:44.942,1.65134,1.65345,1.67,1.00
2017.01.02 11:38:44.993,1.65175,1.65367,1.00,1.60
2017.01.02 11:38:45.044,1.65172,1.65368,1.27,1.00
2017.01.02 11:38:45.094,1.65172,1.65368,1.27,1.00
2017.01.02 11:38:45.145,1.65165,1.65367,1.20,1.00
2017.01.02 11:38:45.245,1.65166,1.65368,1.27,1.00
2017.01.02 11:38:45.346,1.65174,1.65368,1.00,1.00
2017.01.02 11:38:45.677,1.65175,1.65368,2.17,1.00
2017.01.02 11:38:45.989,1.65179,1.65368,1.60,1.00
2017.01.02 11:38:46.040,1.65159,1.65367,2.32,1.00
2017.01.02 11:38:46.090,1.65174,1.65368,1.67,1.00
2017.01.02 11:38:46.393,1.6519,1.65368,1.60,1.00
2017.01.02 11:38:46.481,1.65174,1.65368,1.00,1.00
2017.01.02 11:38:46.677,1.65174,1.65368,2.92,1.00
2017.01.02 11:38:47.006,1.65182,1.65368,1.00,1.00
2017.01.02 11:38:48.733,1.6518,1.65368,1.00,1.00
2017.01.02 11:38:50.094,1.65189,1.65368,1.00,1.00
2017.01.02 11:38:56.167,1.65175,1.65353,1.00,1.00
2017.01.02 11:38:56.532,1.65174,1.65338,2.25,2.25
2017.01.02 11:38:57.553,1.65169,1.65359,1.00,1.00
2017.01.02 11:38:57.654,1.65168,1.65368,1.00,1.67
2017.01.02 11:38:57.738,1.65168,1.65355,1.00,1.00
2017.01.02 11:38:57.838,1.65168,1.65366,1.00,1.60
2017.01.02 11:38:57.893,1.65168,1.65342,1.00,1.00
2017.01.02 11:38:57.943,1.65174,1.65368,1.00,1.67
2017.01.02 11:38:57.994,1.65174,1.65338,1.00,1.00
2017.01.02 11:38:58.658,1.65175,1.65337,1.50,1.50
2017.01.02 11:38:59.638,1.65174,1.65354,2.25,1.50
2017.01.02 11:38:59.688,1.65174,1.65338,2.25,1.00
2017.01.02 11:39:00.329,1.65175,1.65353,1.00,1.00
2017.01.02 11:39:00.380,1.65174,1.65338,2.25,1.00
2017.01.02 11:39:00.905,1.65175,1.65337,1.50,1.50
2017.01.02 11:39:01.372,1.65168,1.65354,1.00,1.00
2017.01.02 11:39:01.423,1.65168,1.6535,1.67,1.00
2017.01.02 11:39:01.488,1.65169,1.65368,1.67,1.00
2017.01.02 11:39:01.589,1.65168,1.65368,1.95,1.00
2017.01.02 11:39:01.689,1.65169,1.65366,1.00,1.00
2017.01.02 11:39:01.740,1.65171,1.65368,1.67,1.00
2017.01.02 11:39:02.042,1.65179,1.65353,1.27,1.00
2017.01.02 11:39:02.143,1.65174,1.65353,1.00,1.50
2017.01.02 11:39:02.193,1.65174,1.65349,1.00,1.00
2017.01.02 11:39:02.502,1.65191,1.65353,1.50,1.50
2017.01.02 11:39:02.753,1.65169,1.65354,1.67,1.50
2017.01.02 11:39:02.804,1.65174,1.65338,1.00,1.00
2017.01.02 11:39:03.106,1.6519,1.65338,1.00,1.00
2017.01.02 11:39:03.156,1.65186,1.65338,1.00,1.50
2017.01.02 11:39:03.207,1.65174,1.65337,1.50,1.00
2017.01.02 11:39:03.340,1.65169,1.65353,1.67,2.25
2017.01.02 11:39:03.391,1.65191,1.65353,1.00,2.25
2017.01.02 11:39:03.441,1.65168,1.65354,1.00,2.25
2017.01.02 11:39:03.491,1.65175,1.6535,1.00,1.00
2017.01.02 11:39:03.542,1.65175,1.65353,1.00,1.00
2017.01.02 11:39:03.592,1.65174,1.65349,1.00,1.00
2017.01.02 11:39:03.643,1.65174,1.65354,2.25,2.25
2017.01.02 11:39:03.743,1.65174,1.65342,1.50,1.00
2017.01.02 11:39:03.794,1.65174,1.65354,1.50,1.50
2017.01.02 11:39:03.894,1.6519,1.65368,1.00,1.00
2017.01.02 11:39:03.945,1.65175,1.65368,1.00,1.00
2017.01.02 11:39:04.046,1.6519,1.65338,1.50,1.00
2017.01.02 11:39:04.146,1.65175,1.65337,1.00,1.00
2017.01.02 11:39:04.247,1.6519,1.65338,1.00,1.50
2017.01.02 11:39:04.331,1.65174,1.65338,1.50,1.50
2017.01.02 11:39:04.381,1.6519,1.65346,1.00,1.00
2017.01.02 11:39:04.482,1.65174,1.65338,1.00,1.00
2017.01.02 11:39:04.683,1.65174,1.65351,2.25,1.00
2017.01.02 11:39:04.757,1.65174,1.65349,2.25,1.00
2017.01.02 11:39:05.082,1.65191,1.65353,1.00,1.50
2017.01.02 11:39:05.283,1.65175,1.65353,1.67,1.00
2017.01.02 11:39:05.334,1.65175,1.65353,1.00,1.50
2017.01.02 11:39:05.384,1.65174,1.65338,2.25,1.00
2017.01.02 11:39:05.932,1.65175,1.65337,1.50,1.50
2017.01.02 11:39:06.837,1.65177,1.65337,1.00,1.50
2017.01.02 11:39:06.887,1.65175,1.65337,1.50,1.50
2017.01.02 11:39:07.547,1.65176,1.65338,1.00,2.25
2017.01.02 11:39:07.812,1.65179,1.65338,1.00,2.25
2017.01.02 11:39:08.014,1.65176,1.65338,1.00,1.50
2017.01.02 11:39:08.531,1.65177,1.65337,1.00,1.50
2017.01.02 11:39:09.064,1.6518,1.65337,1.00,1.50
2017.01.02 11:39:09.165,1.65179,1.65354,1.00,1.00
2017.01.02 11:39:09.216,1.65179,1.65338,1.00,1.00
2017.01.02 11:39:09.758,1.65178,1.65338,1.00,2.25
2017.01.02 11:39:09.977,1.65174,1.65338,2.25,2.25
2017.01.02 11:39:10.781,1.65174,1.65349,2.25,1.00
2017.01.02 11:39:11.035,1.65174,1.65338,2.25,1.00
2017.01.02 11:39:12.361,1.65174,1.65302,2.25,1.00
2017.01.02 11:39:12.704,1.65168,1.65273,1.00,1.00
2017.01.02 11:39:12.855,1.65168,1.65279,1.00,1.00
2017.01.02 11:39:12.971,1.65168,1.65276,1.00,1.00
2017.01.02 11:39:13.296,1.65169,1.6527,1.00,1.00
2017.01.02 11:39:14.871,1.65168,1.65272,1.00,1.00
2017.01.02 11:39:14.922,1.65168,1.65287,1.00,1.00
2017.01.02 11:39:14.994,1.65168,1.65281,1.00,1.00
2017.01.02 11:39:15.295,1.65168,1.65272,1.00,1.00
2017.01.02 11:39:15.399,1.65169,1.65287,1.00,1.00
2017.01.02 11:39:15.459,1.65168,1.65284,1.00,1.00
2017.01.02 11:39:15.829,1.65168,1.65273,1.00,1.00
2017.01.02 11:39:17.130,1.65168,1.65283,1.00,1.00
2017.01.02 11:39:17.184,1.65169,1.65271,1.00,1.00
2017.01.02 11:39:20.862,1.65168,1.65273,1.00,1.00
2017.01.02 11:39:20.913,1.65168,1.6529,1.00,1.50
2017.01.02 11:39:20.995,1.65168,1.65344,1.00,1.60
2017.01.02 11:39:21.096,1.65168,1.65375,1.00,1.00
2017.01.02 11:39:21.146,1.65172,1.65342,1.00,1.00
2017.01.02 11:39:21.197,1.65168,1.65344,1.00,1.00
2017.01.02 11:39:21.325,1.65174,1.65338,1.00,1.00
2017.01.02 11:39:23.136,1.65175,1.65338,1.00,1.50
2017.01.02 11:39:23.730,1.65175,1.65337,1.00,1.00
2017.01.02 11:39:26.516,1.65175,1.65336,1.00,1.00
2017.01.02 11:39:29.135,1.65175,1.65335,1.00,1.00
2017.01.02 11:39:29.530,1.65175,1.65333,1.00,1.00
2017.01.02 11:39:30.146,1.65175,1.65331,1.00,1.00
2017.01.02 11:39:30.783,1.65174,1.65331,2.25,1.00
2017.01.02 11:39:30.885,1.65174,1.65338,1.50,1.50
2017.01.02 11:39:31.007,1.65174,1.65334,1.50,1.00
2017.01.02 11:39:31.095,1.65169,1.6537,1.00,1.60
2017.01.02 11:39:31.196,1.65168,1.6537,1.67,1.00
2017.01.02 11:39:31.247,1.65169,1.6535,1.00,1.00
2017.01.02 11:39:31.347,1.65168,1.65369,1.60,1.00
2017.01.02 11:39:31.398,1.65168,1.6537,1.00,2.25
2017.01.02 11:39:31.491,1.65174,1.65338,1.00,1.00
2017.01.02 11:39:31.887,1.65174,1.65338,2.92,2.25
2017.01.02 11:39:31.988,1.65174,1.65338,1.60,1.00
2017.01.02 11:39:32.038,1.65191,1.65352,1.00,1.00
2017.01.02 11:39:32.139,1.65178,1.65351,1.00,1.00
2017.01.02 11:39:32.189,1.6519,1.65353,1.50,1.00
2017.01.02 11:39:32.515,1.65175,1.65337,1.00,1.50
2017.01.02 11:39:32.731,1.65168,1.65369,1.67,1.00
2017.01.02 11:39:32.832,1.65168,1.65371,1.60,1.00
2017.01.02 11:39:32.990,1.65168,1.6537,1.35,1.00
2017.01.02 11:39:33.090,1.65169,1.65367,1.00,1.00
2017.01.02 11:39:33.392,1.65177,1.65371,1.00,1.00
2017.01.02 11:39:33.741,1.65177,1.65337,1.00,1.00
2017.01.02 11:39:33.893,1.6519,1.65354,1.00,1.50
2017.01.02 11:39:34.146,1.65191,1.65338,1.50,1.00
2017.01.02 11:39:34.197,1.65191,1.65353,1.50,1.50
2017.01.02 11:39:34.297,1.6519,1.65338,1.00,1.00
2017.01.02 11:39:34.348,1.65169,1.65338,1.60,1.00
2017.01.02 11:39:34.398,1.65174,1.65338,1.00,2.25
2017.01.02 11:39:34.902,1.65175,1.65337,1.50,1.50
2017.01.02 11:39:35.709,1.65175,1.65336,1.50,1.00
2017.01.02 11:39:36.027,1.6517,1.65372,1.27,1.00
2017.01.02 11:39:36.127,1.65168,1.65371,1.00,1.00
2017.01.02 11:39:36.228,1.65169,1.65369,1.00,1.00
2017.01.02 11:39:36.553,1.65191,1.65353,1.00,1.50
2017.01.02 11:39:36.876,1.6519,1.65338,2.25,2.25
2017.01.02 11:39:37.027,1.65168,1.65354,1.60,1.00
2017.01.02 11:39:37.128,1.65169,1.65367,1.00,1.00
2017.01.02 11:39:37.231,1.65168,1.6535,1.00,1.00
2017.01.02 11:39:37.441,1.65169,1.65372,1.00,1.67
2017.01.02 11:39:37.548,1.65175,1.65321,1.00,1.00
2017.01.02 11:39:39.547,1.65175,1.65337,1.50,1.00
2017.01.02 11:39:39.597,1.65175,1.65322,1.50,1.00
2017.01.02 11:39:39.748,1.65168,1.65366,1.67,1.00
2017.01.02 11:39:39.849,1.65174,1.65369,1.00,1.00
2017.01.02 11:39:40.151,1.65174,1.65338,1.00,1.00
2017.01.02 11:39:40.554,1.65174,1.65322,2.25,1.00
2017.01.02 11:39:41.104,1.65175,1.65337,1.00,1.00
2017.01.02 11:39:41.940,1.65175,1.65336,1.00,1.00
2017.01.02 11:39:42.236,1.65174,1.65338,1.50,2.25
2017.01.02 11:39:42.758,1.65175,1.65337,1.00,1.00
2017.01.02 11:39:43.507,1.65174,1.65338,1.50,2.25
2017.01.02 11:39:43.960,1.65174,1.6533,1.50,1.00
2017.01.02 11:39:44.011,1.65169,1.6533,1.00,1.00
2017.01.02 11:39:44.112,1.6517,1.65335,1.00,1.00
2017.01.02 11:39:44.212,1.65168,1.65369,2.02,1.00
2017.01.02 11:39:44.263,1.65168,1.65367,1.35,1.00
2017.01.02 11:39:44.313,1.65168,1.65344,1.00,1.00
2017.01.02 11:39:44.680,1.65175,1.65337,1.35,1.00
2017.01.02 11:39:44.982,1.6518,1.65337,1.35,1.50
2017.01.02 11:39:45.083,1.65177,1.65337,1.00,1.50
2017.01.02 11:39:45.466,1.65169,1.65338,1.67,1.50
2017.01.02 11:39:45.516,1.65168,1.65371,1.35,1.00
2017.01.02 11:39:45.567,1.65169,1.65365,1.00,1.00
2017.01.02 11:39:45.818,1.65168,1.65367,1.00,1.00
2017.01.02 11:39:45.951,1.65168,1.65338,1.00,1.00
2017.01.02 11:39:46.275,1.65174,1.65338,2.25,2.25
2017.01.02 11:39:46.642,1.65169,1.65361,1.67,1.00
2017.01.02 11:39:46.692,1.6519,1.6537,1.00,1.00
2017.01.02 11:39:46.843,1.65176,1.65371,1.27,1.00
2017.01.02 11:39:46.920,1.65168,1.65371,1.60,1.00
2017.01.02 11:39:47.027,1.65168,1.65369,1.00,1.00
2017.01.02 11:39:47.115,1.65174,1.65338,1.00,1.00
2017.01.02 11:39:47.416,1.65175,1.65337,2.17,1.50
2017.01.02 11:39:47.467,1.65175,1.65337,1.50,1.50
2017.01.02 11:39:47.517,1.65191,1.65337,1.00,2.25
2017.01.02 11:39:47.568,1.65175,1.65337,1.50,1.50
2017.01.02 11:39:47.618,1.65188,1.65338,1.00,2.25
2017.01.02 11:39:47.769,1.65174,1.65337,1.50,1.00
2017.01.02 11:39:47.820,1.6519,1.65338,1.50,2.25
2017.01.02 11:39:47.918,1.65174,1.65338,1.50,2.25
2017.01.02 11:39:48.530,1.6519,1.65338,1.00,2.25
2017.01.02 11:39:48.581,1.65174,1.65338,1.50,2.25
2017.01.02 11:39:48.631,1.65176,1.65337,1.00,1.50
2017.01.02 11:39:48.682,1.65172,1.65337,1.00,1.50
2017.01.02 11:39:48.732,1.65174,1.65338,1.00,2.25
2017.01.02 11:39:49.040,1.65174,1.65322,1.50,1.50
2017.01.02 11:39:49.140,1.6518,1.65369,1.00,1.00
2017.01.02 11:39:49.241,1.65173,1.65369,1.00,1.50
2017.01.02 11:39:49.291,1.6517,1.65354,1.00,1.00
2017.01.02 11:39:49.905,1.65175,1.65337,1.50,1.50
2017.01.02 11:39:50.662,1.65175,1.65277,1.50,1.00
2017.01.02 11:39:50.966,1.65168,1.65291,1.00,1.79
2017.01.02 11:39:51.067,1.65168,1.6536,1.00,1.60
2017.01.02 11:39:51.167,1.65169,1.6536,1.00,1.00
2017.01.02 11:39:51.218,1.65168,1.65347,1.00,1.00
2017.01.02 11:39:51.593,1.65168,1.65321,1.00,1.00
2017.01.02 11:39:51.927,1.65168,1.65372,1.00,2.02
2017.01.02 11:39:51.977,1.65172,1.65372,1.00,1.35
2017.01.02 11:39:52.280,1.65168,1.65371,1.00,1.60
2017.01.02 11:39:52.331,1.65169,1.6537,1.67,1.00
2017.01.02 11:39:52.432,1.65178,1.65371,1.00,1.00
2017.01.02 11:39:52.769,1.65179,1.65338,1.00,1.00
2017.01.02 11:39:52.820,1.65176,1.65338,1.00,1.00
2017.01.02 11:39:52.870,1.65179,1.65338,1.00,2.25
2017.01.02 11:39:53.296,1.65182,1.65337,1.00,1.00
2017.01.02 11:39:54.061,1.65182,1.65292,1.00,1.00
2017.01.02 11:39:54.263,1.65142,1.65272,1.00,1.00
2017.01.02 11:39:54.681,1.65159,1.65272,1.00,1.00
2017.01.02 11:39:54.731,1.65142,1.65272,1.00,1.00
2017.01.02 11:39:54.782,1.65138,1.65272,1.00,1.00
2017.01.02 11:39:54.882,1.65142,1.65272,1.00,1.00
2017.01.02 11:39:54.983,1.65138,1.65272,1.00,1.00
2017.01.02 11:39:55.033,1.65143,1.65272,1.50,1.00
2017.01.02 11:39:55.599,1.65142,1.65272,2.25,1.00
2017.01.02 11:39:55.780,1.65143,1.65274,1.00,1.50
2017.01.02 11:39:55.834,1.65143,1.65277,1.00,1.00
2017.01.02 11:39:59.062,1.65142,1.65288,2.25,1.05
2017.01.02 11:39:59.162,1.65158,1.65339,1.00,1.20
2017.01.02 11:39:59.213,1.65115,1.65347,1.05,1.95
2017.01.02 11:39:59.263,1.65178,1.6536,1.00,1.35
2017.01.02 11:39:59.314,1.6513,1.6536,1.27,1.35
2017.01.02 11:39:59.364,1.65158,1.6536,1.00,1.00
2017.01.02 11:39:59.694,1.65174,1.65338,1.00,1.00
2017.01.02 11:40:00.084,1.65177,1.65338,1.00,2.25
2017.01.02 11:40:00.185,1.65174,1.65338,2.25,2.25
2017.01.02 11:40:00.319,1.65174,1.65354,2.25,1.50
2017.01.02 11:40:00.571,1.65174,1.65338,2.25,1.00
2017.01.02 11:40:00.772,1.65175,1.65353,1.00,1.00
2017.01.02 11:40:00.822,1.65175,1.65337,1.00,1.00
2017.01.02 11:40:01.074,1.65184,1.65353,1.00,1.50
2017.01.02 11:40:01.180,1.65175,1.65353,1.50,1.50
2017.01.02 11:40:01.456,1.65175,1.65338,1.50,1.00
2017.01.02 11:40:01.506,1.65175,1.65353,1.50,1.50
2017.01.02 11:40:01.557,1.65175,1.65338,1.50,1.00
2017.01.02 11:40:01.950,1.65179,1.65337,1.00,1.00
2017.01.02 11:40:05.764,1.65174,1.65338,1.50,1.50
2017.01.02 11:40:05.868,1.65178,1.65359,1.00,1.00
2017.01.02 11:40:06.069,1.65185,1.6536,1.00,1.00
2017.01.02 11:40:06.220,1.65144,1.6536,1.20,1.00
2017.01.02 11:40:06.271,1.65144,1.6536,1.20,1.00
2017.01.02 11:40:06.321,1.65158,1.6536,1.00,1.00
2017.01.02 11:40:06.655,1.65164,1.65359,1.27,1.00
2017.01.02 11:40:06.706,1.65164,1.65359,1.27,1.00
2017.01.02 11:40:06.756,1.65149,1.65359,1.20,1.00
2017.01.02 11:40:07.058,1.65174,1.65354,2.25,1.50
2017.01.02 11:40:07.388,1.65175,1.65354,1.67,1.50
2017.01.02 11:40:07.489,1.65174,1.65377,1.50,1.00
2017.01.02 11:40:07.539,1.65185,1.65354,1.00,1.00
2017.01.02 11:40:07.640,1.65182,1.65354,1.00,1.50
2017.01.02 11:40:07.809,1.65181,1.65338,1.00,1.00
2017.01.02 11:40:08.111,1.65175,1.65353,1.50,1.00
2017.01.02 11:40:08.218,1.65163,1.65376,1.27,1.00
2017.01.02 11:40:08.338,1.65171,1.65376,1.20,1.00
2017.01.02 11:40:08.489,1.65157,1.65376,1.27,1.00
2017.01.02 11:40:08.651,1.65175,1.65353,1.00,1.00
2017.01.02 11:40:08.962,1.65191,1.65353,1.00,1.00
2017.01.02 11:40:09.170,1.65189,1.65353,1.00,1.50
2017.01.02 11:40:09.221,1.65184,1.65353,1.00,1.50
2017.01.02 11:40:09.271,1.65187,1.65353,1.35,1.50
2017.01.02 11:40:09.422,1.65163,1.65354,1.20,1.50
2017.01.02 11:40:09.473,1.65154,1.65377,1.20,1.70
2017.01.02 11:40:09.523,1.65158,1.65377,1.60,1.67
2017.01.02 11:40:09.863,1.65177,1.65377,1.27,1.00
2017.01.02 11:40:10.165,1.65175,1.65353,1.50,1.00
2017.01.02 11:40:10.488,1.6519,1.65354,1.50,2.25
2017.01.02 11:40:10.790,1.65174,1.65354,2.17,2.25
2017.01.02 11:40:10.980,1.65174,1.65354,1.00,2.25
2017.01.02 11:40:11.030,1.65174,1.65354,1.67,2.25
2017.01.02 11:40:11.282,1.65174,1.65354,1.00,2.25
2017.01.02 11:40:11.483,1.65174,1.65354,2.92,2.25
2017.01.02 11:40:11.787,1.65174,1.65354,1.00,2.25
2017.01.02 11:40:11.888,1.65175,1.65338,1.50,1.00
2017.01.02 11:40:11.938,1.65175,1.65353,1.50,1.50
2017.01.02 11:40:12.053,1.65181,1.65353,1.00,1.50
2017.01.02 11:40:12.103,1.65181,1.65376,1.00,1.27
2017.01.02 11:40:12.207,1.65184,1.65377,1.00,1.00
2017.01.02 11:40:12.509,1.65175,1.65353,1.00,1.00
2017.01.02 11:40:12.883,1.65174,1.65338,2.25,2.25
2017.01.02 11:40:13.102,1.65183,1.65354,1.00,1.50
2017.01.02 11:40:16.399,1.65183,1.65338,1.00,1.00
2017.01.02 11:40:16.837,1.65181,1.65338,1.00,2.25
2017.01.02 11:40:17.582,1.6518,1.65338,1.00,2.25
2017.01.02 11:40:20.673,1.65179,1.65338,1.00,2.25
2017.01.02 11:40:21.044,1.65182,1.65337,1.00,1.00
2017.01.02 11:40:21.336,1.65179,1.65338,1.00,2.25
2017.01.02 11:40:22.636,1.6518,1.65338,1.00,2.25
2017.01.02 11:40:22.737,1.65174,1.65338,2.25,2.25
2017.01.02 11:40:22.888,1.65159,1.65377,1.67,1.60
2017.01.02 11:40:22.989,1.6516,1.65377,1.27,1.00
2017.01.02 11:40:23.039,1.6516,1.65354,1.27,1.00
2017.01.02 11:40:23.354,1.65191,1.65337,1.00,2.25
2017.01.02 11:40:23.505,1.65174,1.65338,1.00,2.25
2017.01.02 11:40:23.807,1.6519,1.65338,1.00,1.50
2017.01.02 11:40:23.857,1.65174,1.65338,1.50,1.50
2017.01.02 11:40:23.958,1.65175,1.65341,1.00,1.00
2017.01.02 11:40:24.008,1.65175,1.65337,1.50,1.00
2017.01.02 11:40:24.323,1.65175,1.65321,1.50,1.50
2017.01.02 11:40:24.424,1.65158,1.6537,1.67,1.00
2017.01.02 11:40:24.474,1.65158,1.65376,1.00,1.67
2017.01.02 11:40:24.777,1.65175,1.65337,1.00,1.00
2017.01.02 11:40:24.878,1.65158,1.65338,1.50,1.00
2017.01.02 11:40:24.928,1.65174,1.65338,1.50,2.25
2017.01.02 11:40:25.591,1.65174,1.65337,1.50,1.00
2017.01.02 11:40:26.141,1.65174,1.65338,1.50,2.25
2017.01.02 11:40:26.194,1.65171,1.65338,1.00,2.25
2017.01.02 11:40:26.244,1.65174,1.65338,1.00,2.25
2017.01.02 11:40:26.795,1.65171,1.65338,1.00,2.25
2017.01.02 11:40:26.846,1.65175,1.65337,1.00,1.00
2017.01.02 11:40:27.125,1.65171,1.65337,1.00,1.50
2017.01.02 11:40:27.397,1.65171,1.65322,1.00,1.00
2017.01.02 11:40:29.860,1.65166,1.65322,1.00,2.25
2017.01.02 11:40:29.911,1.6517,1.65322,1.00,2.25
2017.01.02 11:40:30.320,1.65163,1.65322,1.00,2.25
2017.01.02 11:40:30.371,1.65168,1.65321,1.00,1.00
2017.01.02 11:40:35.121,1.65174,1.65322,1.00,2.25
2017.01.02 11:40:39.385,1.65163,1.65322,1.00,2.25
2017.01.02 11:40:41.258,1.65189,1.65322,1.00,1.50
2017.01.02 11:40:41.358,1.6519,1.65353,1.00,1.00
2017.01.02 11:40:41.435,1.65188,1.65353,1.00,2.25
2017.01.02 11:40:41.872,1.65191,1.65353,1.00,1.50
2017.01.02 11:40:42.919,1.6519,1.65353,1.00,2.25
2017.01.02 11:40:43.441,1.65191,1.65353,1.00,2.25
2017.01.02 11:40:45.127,1.65188,1.65353,1.00,1.50
2017.01.02 11:40:45.178,1.65188,1.65338,1.00,1.00
2017.01.02 11:40:45.987,1.65189,1.65338,1.00,1.50
2017.01.02 11:40:46.037,1.65187,1.65338,1.00,1.50
2017.01.02 11:40:46.477,1.65191,1.65337,1.00,1.50
2017.01.02 11:40:46.528,1.65191,1.65354,1.00,1.00
2017.01.02 11:40:46.629,1.65189,1.65354,1.00,2.25
2017.01.02 11:40:47.010,1.65172,1.65354,1.00,2.25
2017.01.02 11:40:47.061,1.65188,1.65354,1.00,2.25
2017.01.02 11:40:48.187,1.65168,1.65353,1.00,1.00
2017.01.02 11:40:48.238,1.65189,1.65337,1.00,1.00
2017.01.02 11:40:53.065,1.65188,1.65337,1.00,1.50
2017.01.02 11:40:53.837,1.65188,1.65352,1.00,1.00
2017.01.02 11:40:53.888,1.65188,1.65338,1.00,1.00
2017.01.02 11:40:56.485,1.6519,1.65338,1.00,1.50
2017.01.02 11:40:56.585,1.6519,1.65353,1.00,1.00
2017.01.02 11:40:56.840,1.6519,1.65351,1.00,1.00
2017.01.02 11:40:57.036,1.65188,1.65354,1.00,3.00
2017.01.02 11:40:57.929,1.65188,1.65352,1.00,1.00
2017.01.02 11:40:59.864,1.65189,1.65352,1.00,1.00
2017.01.02 11:41:00.385,1.65189,1.65353,1.00,1.00
2017.01.02 11:41:00.921,1.65189,1.65352,1.00,1.00
2017.01.02 11:41:01.923,1.65187,1.65352,1.00,1.00
2017.01.02 11:41:01.973,1.65186,1.65338,1.00,1.00
2017.01.02 11:41:02.496,1.65188,1.65338,1.00,1.50
2017.01.02 11:41:03.210,1.65188,1.65337,1.00,1.50
2017.01.02 11:41:03.447,1.65188,1.65351,1.00,1.00
2017.01.02 11:41:07.810,1.65188,1.65352,1.00,1.00
2017.01.02 11:41:12.875,1.65188,1.65354,1.00,3.00
2017.01.02 11:41:12.925,1.65188,1.65354,1.00,2.92
2017.01.02 11:41:12.975,1.65164,1.65341,1.00,1.27
2017.01.02 11:41:13.076,1.65147,1.65324,1.00,1.27
2017.01.02 11:41:13.252,1.65147,1.65273,1.00,1.00
2017.01.02 11:41:13.306,1.65131,1.65273,1.67,0.75
2017.01.02 11:41:13.356,1.65169,1.65273,1.00,0.75
2017.01.02 11:41:13.406,1.65171,1.65354,1.00,1.00
2017.01.02 11:41:13.457,1.65184,1.65354,1.00,1.00
2017.01.02 11:41:13.507,1.65184,1.65363,1.00,1.27
2017.01.02 11:41:13.645,1.65184,1.65358,1.00,1.00
2017.01.02 11:41:13.964,1.65183,1.65337,1.00,1.50
2017.01.02 11:41:16.930,1.65181,1.65337,1.00,1.50
2017.01.02 11:41:17.456,1.65181,1.65338,1.00,2.25
2017.01.02 11:41:18.062,1.65177,1.65338,1.00,2.25
2017.01.02 11:41:21.183,1.65176,1.65338,1.00,2.25
2017.01.02 11:41:24.744,1.65142,1.65338,1.87,2.25
2017.01.02 11:41:24.845,1.65163,1.65337,1.00,1.50
2017.01.02 11:41:25.197,1.65162,1.65321,1.00,1.00
2017.01.02 11:41:29.152,1.65127,1.65321,1.87,1.50
2017.01.02 11:41:29.202,1.6516,1.65321,1.00,1.50
2017.01.02 11:41:29.725,1.65159,1.65321,1.00,1.50
2017.01.02 11:41:39.242,1.65158,1.65321,1.00,1.50
2017.01.02 11:41:43.191,1.65127,1.65321,1.87,1.50
2017.01.02 11:41:43.397,1.65127,1.65342,1.87,1.00
2017.01.02 11:41:43.448,1.65127,1.65343,2.55,1.00
2017.01.02 11:41:43.672,1.65127,1.65342,1.87,1.00
2017.01.02 11:41:43.723,1.65127,1.65321,1.37,1.00
2017.01.02 11:41:44.252,1.65126,1.65322,2.62,1.50
2017.01.02 11:41:44.503,1.65126,1.65338,2.62,1.50
2017.01.02 11:41:44.751,1.65163,1.65337,1.00,1.00
2017.01.02 11:41:45.541,1.65163,1.65336,1.00,1.00
2017.01.02 11:41:45.731,1.65164,1.65338,1.00,2.25
2017.01.02 11:41:45.942,1.65164,1.65336,1.00,1.00
2017.01.02 11:41:49.451,1.65164,1.65337,1.00,1.00
2017.01.02 11:41:49.502,1.65129,1.65316,1.00,1.00
2017.01.02 11:41:49.552,1.65126,1.65301,1.50,1.00
2017.01.02 11:41:49.653,1.65098,1.65289,1.00,1.00
2017.01.02 11:41:49.807,1.65101,1.65289,1.67,2.25
2017.01.02 11:41:49.857,1.65101,1.65289,1.00,2.25
2017.01.02 11:41:50.272,1.65097,1.65289,1.00,1.50
2017.01.02 11:41:50.322,1.65095,1.65286,1.50,1.00
2017.01.02 11:41:50.423,1.65093,1.65286,1.00,1.00
2017.01.02 11:41:50.507,1.65093,1.65283,1.00,1.00
2017.01.02 11:41:50.607,1.65093,1.65286,1.00,1.00
2017.01.02 11:41:50.705,1.65093,1.65289,1.00,1.00
2017.01.02 11:41:50.815,1.65093,1.65282,1.00,1.00
2017.01.02 11:41:51.026,1.65093,1.65286,1.00,1.00
2017.01.02 11:41:51.285,1.65093,1.65281,1.00,1.00
2017.01.02 11:41:51.388,1.65093,1.65286,1.00,1.00
2017.01.02 11:41:51.580,1.65126,1.6529,1.00,1.50
2017.01.02 11:41:51.731,1.65096,1.65295,1.60,1.00
2017.01.02 11:41:51.831,1.65116,1.65322,1.05,1.00
2017.01.02 11:41:52.065,1.65093,1.6529,1.00,1.00
2017.01.02 11:41:52.291,1.65093,1.65286,1.00,1.00
2017.01.02 11:41:52.686,1.65093,1.65284,1.00,1.00
2017.01.02 11:41:53.036,1.65093,1.65279,1.00,1.00
2017.01.02 11:41:53.287,1.65106,1.65322,2.47,1.00
2017.01.02 11:41:53.337,1.65119,1.65306,1.37,1.00
2017.01.02 11:41:53.388,1.65105,1.65306,1.00,1.00
2017.01.02 11:41:53.438,1.65106,1.65289,1.00,1.00
2017.01.02 11:41:55.353,1.65103,1.65289,1.00,1.50
2017.01.02 11:41:57.281,1.65105,1.65289,1.00,1.50
2017.01.02 11:41:57.331,1.65105,1.65305,1.00,1.00
2017.01.02 11:41:57.601,1.65105,1.65298,1.00,1.00
2017.01.02 11:41:57.930,1.6511,1.65334,1.27,1.05
2017.01.02 11:41:57.981,1.65132,1.65339,1.87,1.00
2017.01.02 11:41:58.132,1.65124,1.65338,1.57,1.00
2017.01.02 11:41:58.233,1.65145,1.65338,1.00,2.25
2017.01.02 11:41:58.368,1.65137,1.65349,1.00,1.20
2017.01.02 11:41:58.418,1.65144,1.65338,1.00,1.20
2017.01.02 11:41:58.469,1.65127,1.65329,1.00,1.00
2017.01.02 11:41:58.519,1.65127,1.65327,1.00,1.00
2017.01.02 11:41:58.721,1.65106,1.65315,1.00,1.70
2017.01.02 11:41:58.771,1.65105,1.65311,1.00,1.00
2017.01.02 11:41:59.141,1.65105,1.65289,1.00,1.50
2017.01.02 11:41:59.357,1.65111,1.65326,1.60,1.67
2017.01.02 11:41:59.407,1.65105,1.65312,1.60,1.00
2017.01.02 11:41:59.458,1.65105,1.65312,1.00,1.00
2017.01.02 11:41:59.511,1.65105,1.6532,1.00,1.27
2017.01.02 11:41:59.562,1.65128,1.6533,1.00,1.20
2017.01.02 11:41:59.612,1.65124,1.65337,1.00,1.60
2017.01.02 11:41:59.663,1.65112,1.65325,1.00,1.00
2017.01.02 11:41:59.713,1.6511,1.65325,1.00,2.17
2017.01.02 11:41:59.765,1.65106,1.65315,1.00,1.00
2017.01.02 11:42:00.050,1.65105,1.6529,1.00,1.00
2017.01.02 11:42:00.241,1.65129,1.65336,1.00,1.27
2017.01.02 11:42:00.292,1.65122,1.65335,1.87,1.00
2017.01.02 11:42:00.342,1.65112,1.6532,1.60,1.00
2017.01.02 11:42:00.443,1.65112,1.65321,1.00,1.00
2017.01.02 11:42:00.493,1.65112,1.65317,1.00,1.00
2017.01.02 11:42:00.823,1.65107,1.65289,1.00,1.00
2017.01.02 11:42:01.151,1.65102,1.65289,1.00,1.00
2017.01.02 11:42:01.661,1.65101,1.6529,1.00,2.25
2017.01.02 11:42:02.497,1.65102,1.6529,1.00,2.25
2017.01.02 11:42:02.597,1.65093,1.65298,1.67,1.00
2017.01.02 11:42:02.648,1.65104,1.65331,1.27,1.37
2017.01.02 11:42:02.698,1.65104,1.65335,1.27,2.47
2017.01.02 11:42:02.749,1.65094,1.65321,1.95,1.05
2017.01.02 11:42:02.849,1.65094,1.65316,1.35,1.20
2017.01.02 11:42:03.151,1.65103,1.65333,1.27,1.65
2017.01.02 11:42:03.202,1.65103,1.65326,1.20,1.72
2017.01.02 11:42:03.303,1.65096,1.65289,1.27,1.00
2017.01.02 11:42:03.622,1.65107,1.6529,1.00,1.50
2017.01.02 11:42:03.672,1.65105,1.65309,1.00,1.00
2017.01.02 11:42:03.895,1.65105,1.6529,1.00,1.00
2017.01.02 11:42:04.226,1.65095,1.65289,2.10,1.50
2017.01.02 11:42:04.277,1.65107,1.6531,1.00,1.00
2017.01.02 11:42:04.378,1.65103,1.6529,1.37,1.50
2017.01.02 11:42:04.579,1.6512,1.65338,1.87,1.60
2017.01.02 11:42:04.680,1.65126,1.65325,1.00,1.00
2017.01.02 11:42:04.781,1.65115,1.65325,1.00,1.00
2017.01.02 11:42:04.832,1.65114,1.65323,1.00,1.00
2017.01.02 11:42:05.134,1.65111,1.65306,1.00,1.00
2017.01.02 11:42:05.451,1.6511,1.65301,2.25,1.00
2017.01.02 11:42:05.601,1.6511,1.65306,2.25,2.25
2017.01.02 11:42:05.661,1.6511,1.653,2.25,1.00
2017.01.02 11:42:05.822,1.6511,1.65306,2.25,2.25
2017.01.02 11:42:07.146,1.6511,1.65303,2.25,1.00
2017.01.02 11:42:07.477,1.6511,1.6529,2.25,2.25
2017.01.02 11:42:09.734,1.6511,1.6529,2.92,2.25
2017.01.02 11:42:09.885,1.65115,1.6533,1.72,1.67
2017.01.02 11:42:09.936,1.65105,1.65316,1.97,1.00
2017.01.02 11:42:10.002,1.6511,1.65328,1.00,1.27
2017.01.02 11:42:10.052,1.65126,1.65328,1.37,1.27
2017.01.02 11:42:10.254,1.65135,1.65347,1.12,1.20
2017.01.02 11:42:10.354,1.65126,1.65331,1.00,1.27
2017.01.02 11:42:10.505,1.65107,1.65312,1.60,1.00
2017.01.02 11:42:10.606,1.65101,1.65312,1.00,1.00
2017.01.02 11:42:10.708,1.65101,1.6531,1.12,1.00
2017.01.02 11:42:11.042,1.65101,1.6529,1.00,2.25
2017.01.02 11:42:11.346,1.65103,1.6529,1.00,2.25
2017.01.02 11:42:12.016,1.65106,1.6529,1.00,2.25
2017.01.02 11:42:12.167,1.6511,1.65306,2.25,1.50
2017.01.02 11:42:12.243,1.6511,1.65302,2.25,1.00
2017.01.02 11:42:12.416,1.65111,1.65305,1.50,1.50
2017.01.02 11:42:12.480,1.65111,1.65303,1.50,1.00
2017.01.02 11:42:12.677,1.65111,1.65305,1.50,1.50
2017.01.02 11:42:12.916,1.65111,1.65301,1.50,1.00
2017.01.02 11:42:13.016,1.65111,1.65305,1.50,1.50
2017.01.02 11:42:13.421,1.65111,1.65303,1.50,1.00
2017.01.02 11:42:13.690,1.65111,1.65305,1.50,1.50
2017.01.02 11:42:13.740,1.65111,1.65303,1.50,1.00
2017.01.02 11:42:13.967,1.65111,1.65305,1.50,1.50
2017.01.02 11:42:14.018,1.65111,1.653,1.50,1.00
2017.01.02 11:42:14.151,1.65111,1.65305,1.50,1.50
2017.01.02 11:42:14.466,1.65111,1.65303,1.50,1.00
2017.01.02 11:42:14.730,1.65111,1.65305,1.50,1.50
2017.01.02 11:42:14.881,1.65118,1.65305,1.00,1.50
2017.01.02 11:42:14.932,1.65112,1.65305,1.00,1.50
2017.01.02 11:42:15.006,1.6511,1.65309,1.50,1.00
2017.01.02 11:42:15.063,1.65103,1.65309,1.00,1.00
2017.01.02 11:42:15.213,1.65103,1.65307,1.00,1.00
2017.01.02 11:42:15.529,1.65103,1.6529,1.00,2.25
2017.01.02 11:42:21.880,1.65094,1.6529,2.92,1.50
2017.01.02 11:42:21.981,1.65138,1.65352,1.87,1.05
2017.01.02 11:42:22.031,1.65138,1.65338,1.87,1.00
2017.01.02 11:42:22.566,1.65143,1.65337,1.87,1.50
2017.01.02 11:42:23.069,1.65142,1.65338,2.62,1.50
2017.01.02 11:42:23.572,1.65143,1.65337,1.87,1.50
2017.01.02 11:42:23.622,1.65142,1.65353,1.87,1.05
2017.01.02 11:42:23.673,1.65143,1.65337,1.37,1.00
2017.01.02 11:42:24.432,1.65142,1.65338,2.62,1.50
2017.01.02 11:42:24.482,1.65142,1.65359,2.62,1.05
2017.01.02 11:42:24.533,1.65142,1.65338,2.62,1.00
2017.01.02 11:42:25.072,1.65143,1.65341,2.62,1.00
2017.01.02 11:42:25.123,1.65142,1.65338,2.62,1.50
2017.01.02 11:42:25.942,1.65143,1.65337,1.37,1.00
2017.01.02 11:42:26.708,1.65142,1.65338,1.87,2.25
2017.01.02 11:42:26.960,1.65135,1.65337,1.57,1.50
2017.01.02 11:42:27.198,1.65135,1.65359,1.57,1.05
2017.01.02 11:42:27.258,1.65142,1.65338,1.37,1.00
2017.01.02 11:42:27.823,1.65143,1.65337,1.87,2.25
2017.01.02 11:42:28.510,1.65142,1.65338,1.87,2.25
2017.01.02 11:42:29.088,1.65142,1.65338,1.87,1.00
2017.01.02 11:42:29.189,1.65134,1.65358,1.05,1.57
2017.01.02 11:42:29.240,1.65134,1.65338,1.05,1.00
2017.01.02 11:42:29.392,1.65134,1.65359,1.05,1.05
2017.01.02 11:42:29.443,1.65142,1.65338,1.37,1.00
2017.01.02 11:42:30.140,1.65143,1.65337,1.87,1.50
2017.01.02 11:42:30.799,1.65132,1.65338,1.87,2.25
2017.01.02 11:42:30.900,1.65133,1.65358,1.05,1.05
2017.01.02 11:42:30.950,1.65133,1.65337,1.05,1.00
2017.01.02 11:42:31.001,1.65133,1.65358,1.05,1.05
2017.01.02 11:42:31.072,1.65133,1.65338,1.05,1.00
2017.01.02 11:42:31.687,1.65142,1.65337,1.87,1.00
2017.01.02 11:42:36.243,1.65134,1.65337,1.05,1.50
2017.01.02 11:42:36.408,1.6513,1.65327,1.00,1.67
2017.01.02 11:42:36.484,1.6513,1.65318,1.00,1.00
2017.01.02 11:42:36.534,1.65112,1.65318,1.00,1.00
2017.01.02 11:42:36.585,1.65112,1.65315,1.12,1.00
2017.01.02 11:42:36.712,1.65112,1.65317,1.12,1.00
2017.01.02 11:42:36.763,1.65112,1.65306,1.12,1.00
2017.01.02 11:42:37.314,1.65111,1.65305,1.37,1.50
2017.01.02 11:42:37.704,1.6511,1.6531,1.37,1.00
2017.01.02 11:42:37.857,1.6511,1.65305,1.37,1.00
2017.01.02 11:42:37.908,1.65107,1.65308,1.37,1.00
2017.01.02 11:42:37.958,1.65107,1.65306,1.37,1.00
2017.01.02 11:42:38.538,1.65107,1.65301,1.37,1.00
2017.01.02 11:42:38.603,1.65107,1.65306,1.37,2.25
2017.01.02 11:42:38.848,1.65107,1.65301,1.37,1.00
2017.01.02 11:42:39.028,1.65107,1.65306,1.37,2.25
2017.01.02 11:42:39.129,1.65105,1.653,1.37,1.00
2017.01.02 11:42:39.248,1.65105,1.65306,1.37,3.00
2017.01.02 11:42:39.398,1.65105,1.65301,1.37,1.00
2017.01.02 11:42:39.553,1.65105,1.65305,1.37,1.00
2017.01.02 11:42:39.603,1.65105,1.653,1.37,1.00
2017.01.02 11:42:39.654,1.65106,1.65303,1.37,1.00
2017.01.02 11:42:39.704,1.65126,1.65306,1.37,1.50
2017.01.02 11:42:39.755,1.65118,1.65306,1.00,1.50
2017.01.02 11:42:39.856,1.65115,1.6532,1.00,1.35
2017.01.02 11:42:39.910,1.65115,1.65316,1.00,1.00
2017.01.02 11:42:40.283,1.65116,1.65305,1.00,1.00
2017.01.02 11:42:41.838,1.65118,1.65305,1.00,1.50
2017.01.02 11:42:41.889,1.65112,1.65305,1.00,1.50
2017.01.02 11:42:42.523,1.65112,1.65306,1.12,2.25
2017.01.02 11:42:43.343,1.65111,1.65306,1.12,2.25
2017.01.02 11:42:43.848,1.6511,1.65304,1.37,1.00
2017.01.02 11:42:43.968,1.6511,1.65306,1.37,2.25
2017.01.02 11:42:44.378,1.6511,1.65304,1.37,1.00
2017.01.02 11:42:44.538,1.6511,1.65306,1.37,2.25
2017.01.02 11:42:45.065,1.65112,1.65305,1.00,1.00
2017.01.02 11:42:50.877,1.65112,1.65304,1.00,1.00
2017.01.02 11:42:50.928,1.65116,1.65306,1.00,2.25
2017.01.02 11:42:51.278,1.6512,1.65305,1.00,1.00
2017.01.02 11:42:52.463,1.6512,1.65306,1.00,2.25
2017.01.02 11:42:52.618,1.65117,1.65305,1.00,1.00
2017.01.02 11:43:01.877,1.65118,1.65306,1.00,1.50
2017.01.02 11:43:01.941,1.65118,1.65316,1.00,1.00
2017.01.02 11:43:02.128,1.65118,1.6531,1.00,1.00
2017.01.02 11:43:02.527,1.65119,1.65305,1.00,1.00
2017.01.02 11:43:03.117,1.6512,1.65306,1.00,2.25
2017.01.02 11:43:03.403,1.65117,1.65306,1.00,1.50
2017.01.02 11:43:03.544,1.65117,1.65312,1.00,1.00
2017.01.02 11:43:03.694,1.65116,1.65306,1.00,1.00
2017.01.02 11:43:04.268,1.65116,1.65305,1.00,1.50
2017.01.02 11:43:04.863,1.65115,1.65305,1.00,1.50
2017.01.02 11:43:07.308,1.65114,1.65305,1.00,1.50
2017.01.02 11:43:07.624,1.65111,1.65289,1.00,1.50
2017.01.02 11:43:08.636,1.65113,1.65289,1.00,2.25
2017.01.02 11:43:10.104,1.65114,1.65289,1.00,1.50
2017.01.02 11:43:10.261,1.65116,1.65306,1.00,1.50
2017.01.02 11:43:12.465,1.65116,1.65304,1.00,1.00
2017.01.02 11:43:12.690,1.65116,1.65306,1.00,2.25
2017.01.02 11:43:12.750,1.65116,1.65301,1.00,1.00
2017.01.02 11:43:12.910,1.65116,1.65306,1.00,2.25
2017.01.02 11:43:13.470,1.65116,1.65303,1.00,1.00
2017.01.02 11:43:13.694,1.65116,1.65306,1.00,2.25
2017.01.02 11:43:14.050,1.65116,1.65303,1.00,1.00
2017.01.02 11:43:14.174,1.65116,1.65306,1.00,2.25
2017.01.02 11:43:14.367,1.65116,1.65304,1.00,1.00
2017.01.02 11:43:14.484,1.65116,1.65306,1.00,2.25
2017.01.02 11:43:18.517,1.65116,1.65302,1.00,1.00
2017.01.02 11:43:18.689,1.65116,1.65306,1.00,2.25
2017.01.02 11:43:18.749,1.65116,1.65302,1.00,1.00
2017.01.02 11:43:18.909,1.65116,1.65306,1.00,2.25
2017.01.02 11:43:18.960,1.65117,1.65304,1.00,1.00
2017.01.02 11:43:19.060,1.65099,1.65305,1.05,1.00
2017.01.02 11:43:19.143,1.65122,1.65305,1.00,1.00
2017.01.02 11:43:19.892,1.65121,1.65306,1.00,2.25
2017.01.02 11:43:23.159,1.65122,1.65306,1.00,2.25
2017.01.02 11:43:23.639,1.65115,1.65306,1.87,1.50
2017.01.02 11:43:23.689,1.65126,1.65322,1.37,1.60
2017.01.02 11:43:23.740,1.65116,1.65327,1.87,1.20
2017.01.02 11:43:23.790,1.65121,1.65321,1.37,1.70
2017.01.02 11:43:23.841,1.65123,1.65321,1.00,1.70
2017.01.02 11:43:23.941,1.65123,1.65318,1.00,1.00
2017.01.02 11:43:23.992,1.65123,1.6532,1.00,1.35
2017.01.02 11:43:24.076,1.65122,1.65306,1.00,1.00
2017.01.02 11:43:30.352,1.6511,1.65306,2.62,2.25
2017.01.02 11:43:30.402,1.65123,1.65306,1.00,2.25
2017.01.02 11:43:38.119,1.65125,1.65305,1.00,1.00
2017.01.02 11:43:46.518,1.65124,1.65306,1.00,1.50
2017.01.02 11:44:05.350,1.6511,1.65306,2.62,1.50
2017.01.02 11:44:06.726,1.6511,1.65305,1.87,1.00
2017.01.02 11:44:07.277,1.6511,1.65306,1.87,2.25
2017.01.02 11:44:07.827,1.65101,1.65305,1.87,1.00
2017.01.02 11:44:08.602,1.651,1.65305,1.87,1.00
2017.01.02 11:44:08.936,1.651,1.65315,1.87,1.00
2017.01.02 11:44:09.097,1.651,1.65305,1.87,1.00
2017.01.02 11:44:09.644,1.6511,1.65306,2.62,2.25
2017.01.02 11:44:10.186,1.65111,1.65305,1.37,1.00
2017.01.02 11:44:11.468,1.6511,1.65306,1.87,2.25
2017.01.02 11:44:12.051,1.6511,1.65306,2.62,2.25
2017.01.02 11:44:12.284,1.6511,1.65305,1.50,1.00
2017.01.02 11:44:12.335,1.65095,1.65305,1.72,1.00
2017.01.02 11:44:12.995,1.65095,1.65305,2.07,1.00
2017.01.02 11:44:15.236,1.65107,1.65305,1.05,1.00
2017.01.02 11:44:15.438,1.65134,1.65344,1.70,1.00
2017.01.02 11:44:15.494,1.65134,1.65363,1.70,1.27
2017.01.02 11:44:15.545,1.65133,1.65359,1.27,1.00
2017.01.02 11:44:15.889,1.65158,1.65338,2.25,2.25
2017.01.02 11:44:29.195,1.65169,1.65338,1.00,1.50
2017.01.02 11:44:29.731,1.6517,1.65337,1.00,2.25
2017.01.02 11:44:38.496,1.65159,1.65337,1.50,1.50
2017.01.02 11:44:44.588,1.65158,1.65338,1.50,2.25
2017.01.02 11:44:45.244,1.65158,1.65337,1.50,1.00
2017.01.02 11:44:45.295,1.6515,1.65337,1.00,2.25
2017.01.02 11:44:45.345,1.65158,1.65337,1.00,1.50
2017.01.02 11:44:45.965,1.65159,1.65337,1.50,1.50
2017.01.02 11:44:57.417,1.65143,1.65337,1.00,1.50
2017.01.02 11:45:01.692,1.65143,1.65335,1.50,1.00
2017.01.02 11:45:02.240,1.65143,1.65336,1.50,1.00
2017.01.02 11:45:03.362,1.65143,1.65321,2.25,1.00
2017.01.02 11:45:04.525,1.65143,1.65322,1.00,1.50
2017.01.02 11:45:04.625,1.65143,1.65335,1.00,1.00
2017.01.02 11:45:04.729,1.65142,1.65322,2.25,1.00
2017.01.02 11:45:06.121,1.65143,1.65321,1.00,1.00
2017.01.02 11:45:06.171,1.65144,1.65333,1.00,1.00
2017.01.02 11:45:06.221,1.65144,1.65317,1.00,1.00
2017.01.02 11:45:06.287,1.65142,1.65317,2.25,1.00
2017.01.02 11:45:06.538,1.65143,1.65313,1.50,1.00
2017.01.02 11:45:06.856,1.65143,1.65305,1.00,1.00
2017.01.02 11:45:07.007,1.65142,1.65317,2.25,1.00
2017.01.02 11:45:07.057,1.65142,1.65307,2.25,1.00
2017.01.02 11:45:07.158,1.65142,1.65317,2.25,1.00
2017.01.02 11:45:07.209,1.65142,1.65306,2.25,1.00
2017.01.02 11:45:08.325,1.65143,1.65305,1.50,1.00
2017.01.02 11:45:08.845,1.65142,1.65306,2.25,2.25
2017.01.02 11:45:09.551,1.65145,1.65306,1.00,2.25
2017.01.02 11:45:12.086,1.65147,1.65305,1.00,1.00
2017.01.02 11:45:12.187,1.65144,1.65306,1.00,2.25
2017.01.02 11:45:19.298,1.65142,1.65306,3.00,2.25
2017.01.02 11:45:19.349,1.65146,1.65306,1.00,1.50
2017.01.02 11:45:21.361,1.65143,1.65306,1.00,2.25
2017.01.02 11:45:21.471,1.65149,1.65316,1.00,1.00
2017.01.02 11:45:21.522,1.65149,1.65305,1.00,1.00
2017.01.02 11:45:28.326,1.6515,1.65305,1.00,2.25
2017.01.02 11:45:31.271,1.65149,1.65305,1.00,1.50
2017.01.02 11:45:31.922,1.6515,1.65305,1.00,2.25
2017.01.02 11:45:32.223,1.65146,1.65305,1.00,1.50
2017.01.02 11:45:32.815,1.65143,1.65303,1.50,1.00
2017.01.02 11:45:32.995,1.65142,1.65322,2.25,1.00
2017.01.02 11:45:33.046,1.65142,1.65306,2.25,1.00
2017.01.02 11:45:33.347,1.65142,1.65274,2.25,1.00
2017.01.02 11:45:33.881,1.65143,1.65273,1.50,1.50
2017.01.02 11:45:43.480,1.65142,1.65274,2.25,1.00
2017.01.02 11:45:44.285,1.65143,1.65273,1.50,1.50
2017.01.02 11:45:46.046,1.65143,1.65258,1.50,1.00
2017.01.02 11:45:46.596,1.65142,1.65258,2.25,2.25
2017.01.02 11:45:48.052,1.65143,1.65258,1.50,1.50
2017.01.02 11:45:48.102,1.65145,1.65306,1.00,1.50
2017.01.02 11:45:51.165,1.65173,1.65232,1.00,0.75
2017.01.02 11:45:52.835,1.65142,1.65242,1.00,1.00
2017.01.02 11:45:52.886,1.65138,1.65246,1.00,1.00
2017.01.02 11:45:52.936,1.65142,1.65242,1.50,1.50
2017.01.02 11:45:52.987,1.65143,1.65324,1.00,1.37
2017.01.02 11:45:53.087,1.65142,1.65321,2.25,1.00
2017.01.02 11:45:53.138,1.65142,1.65311,3.00,1.00
2017.01.02 11:45:53.489,1.65158,1.65306,1.50,2.25
2017.01.02 11:45:53.991,1.65159,1.65305,1.50,1.50
2017.01.02 11:45:54.191,1.65142,1.65306,1.50,1.50
2017.01.02 11:45:54.695,1.65143,1.65305,1.50,1.50
2017.01.02 11:45:58.653,1.6515,1.65305,1.00,1.50
2017.01.02 11:45:59.064,1.65168,1.65247,1.00,1.00
2017.01.02 11:46:00.134,1.65134,1.65252,1.00,1.00
2017.01.02 11:46:00.234,1.65143,1.65258,1.00,1.50
2017.01.02 11:46:00.321,1.65143,1.65299,1.00,1.00
2017.01.02 11:46:00.372,1.65143,1.65325,1.00,1.60
2017.01.02 11:46:00.423,1.65143,1.65322,1.00,1.00
2017.01.02 11:46:00.523,1.65143,1.65325,2.25,1.00
2017.01.02 11:46:00.668,1.65158,1.65322,1.00,1.00
2017.01.02 11:46:01.206,1.65159,1.65321,1.50,1.50
2017.01.02 11:46:01.904,1.65154,1.65315,1.00,1.00
2017.01.02 11:46:02.251,1.65159,1.65316,1.00,1.00
2017.01.02 11:46:02.802,1.65158,1.65316,1.50,1.00
2017.01.02 11:46:04.632,1.65158,1.65315,2.25,1.00
2017.01.02 11:46:06.037,1.65158,1.65319,3.00,1.00
2017.01.02 11:46:06.138,1.65158,1.65322,2.25,1.50
2017.01.02 11:46:06.188,1.65162,1.65322,1.00,1.50
2017.01.02 11:46:06.239,1.65162,1.65326,1.00,1.00
2017.01.02 11:46:06.289,1.65165,1.65327,1.00,1.00
2017.01.02 11:46:06.340,1.65165,1.65333,1.00,1.00
2017.01.02 11:46:06.440,1.65165,1.65322,1.00,1.00
2017.01.02 11:46:06.994,1.65165,1.65321,1.00,1.50
2017.01.02 11:46:10.153,1.6516,1.65321,1.00,1.50
2017.01.02 11:46:12.829,1.6516,1.65313,1.00,1.00
2017.01.02 11:46:13.157,1.65158,1.6529,3.00,1.50
2017.01.02 11:46:14.236,1.65159,1.65273,1.00,1.00
2017.01.02 11:46:14.777,1.65158,1.65274,3.00,1.50
2017.01.02 11:46:15.325,1.65159,1.65289,1.50,1.00
2017.01.02 11:46:15.912,1.65159,1.6529,1.00,1.50
2017.01.02 11:46:16.063,1.6516,1.65322,1.00,1.50
2017.01.02 11:46:16.327,1.65165,1.65322,1.00,2.25
2017.01.02 11:46:16.826,1.65165,1.65309,1.00,1.00
2017.01.02 11:46:17.138,1.65173,1.65248,1.00,1.00
2017.01.02 11:46:17.488,1.65173,1.65241,1.00,1.50
2017.01.02 11:46:17.991,1.65173,1.65242,1.00,2.25
2017.01.02 11:46:18.534,1.65173,1.65241,1.00,1.00
2017.01.02 11:46:19.359,1.65173,1.65242,1.00,1.87
2017.01.02 11:46:23.984,1.65173,1.65242,1.00,3.83
2017.01.02 11:46:25.021,1.65163,1.65242,1.00,3.83
2017.01.02 11:46:25.276,1.65163,1.65242,1.00,1.00
2017.01.02 11:46:25.428,1.65142,1.65253,2.25,1.00
2017.01.02 11:46:25.478,1.65143,1.65241,1.50,1.00
2017.01.02 11:46:25.680,1.65118,1.65225,1.00,1.00
2017.01.02 11:46:26.142,1.65113,1.65225,1.00,2.25
2017.01.02 11:46:26.243,1.65113,1.65209,1.00,1.00
2017.01.02 11:46:26.601,1.65119,1.65209,1.00,1.00
2017.01.02 11:46:27.218,1.65118,1.65209,1.00,1.00
2017.01.02 11:46:27.721,1.65118,1.6521,1.00,1.00
2017.01.02 11:46:28.191,1.65114,1.65209,1.00,1.50
2017.01.02 11:46:28.364,1.65065,1.65209,1.00,1.50
2017.01.02 11:46:28.415,1.6507,1.65209,1.00,1.50
2017.01.02 11:46:28.465,1.65061,1.65276,1.00,1.57
2017.01.02 11:46:28.516,1.65073,1.6528,1.37,2.47
2017.01.02 11:46:28.849,1.65087,1.65258,1.37,2.25
2017.01.02 11:46:29.419,1.65103,1.65258,1.00,1.50
2017.01.02 11:46:29.923,1.65103,1.65257,1.00,1.00
2017.01.02 11:46:31.114,1.651,1.65257,1.00,1.00
2017.01.02 11:46:31.664,1.65138,1.65257,1.00,1.00
2017.01.02 11:46:31.865,1.65138,1.65274,1.00,1.00
2017.01.02 11:46:32.231,1.65128,1.65293,1.00,1.00
2017.01.02 11:46:32.281,1.65128,1.65274,1.00,1.50
2017.01.02 11:46:32.354,1.65128,1.65293,1.00,1.00
2017.01.02 11:46:32.495,1.65128,1.65273,1.00,1.00
2017.01.02 11:46:32.595,1.65139,1.65292,1.00,1.00
2017.01.02 11:46:32.646,1.65139,1.65274,1.00,1.00
2017.01.02 11:46:33.055,1.65139,1.65258,1.00,2.25
2017.01.02 11:46:33.341,1.65139,1.65274,1.00,1.50
2017.01.02 11:46:33.392,1.65139,1.65258,1.00,1.00
2017.01.02 11:46:34.280,1.65139,1.65257,1.00,1.50
2017.01.02 11:46:39.719,1.65138,1.65257,1.00,1.50
2017.01.02 11:46:39.869,1.65138,1.65274,1.00,1.50
2017.01.02 11:46:40.121,1.65138,1.65258,1.00,1.00
2017.01.02 11:46:40.674,1.65134,1.65258,1.00,2.25
2017.01.02 11:46:44.669,1.65134,1.65257,1.00,1.50
2017.01.02 11:46:45.021,1.65138,1.65257,1.00,1.50
2017.01.02 11:46:45.715,1.65138,1.6529,1.00,1.37
2017.01.02 11:46:45.866,1.65138,1.65291,1.00,1.00
2017.01.02 11:46:45.967,1.65138,1.65289,1.00,1.00
2017.01.02 11:46:46.017,1.65138,1.6531,1.00,1.05
2017.01.02 11:46:46.084,1.65138,1.65286,1.00,1.00
2017.01.02 11:46:46.185,1.65138,1.65292,1.00,1.37
2017.01.02 11:46:46.408,1.65138,1.65286,1.00,1.00
2017.01.02 11:46:46.458,1.65138,1.65292,1.00,1.00
2017.01.02 11:46:46.509,1.65138,1.65315,1.00,1.37
2017.01.02 11:46:46.598,1.65138,1.65294,1.00,1.00
2017.01.02 11:46:46.749,1.65123,1.65294,1.00,1.37
2017.01.02 11:46:46.850,1.65139,1.65299,1.00,1.37
2017.01.02 11:46:47.376,1.65139,1.65258,1.00,1.00
2017.01.02 11:46:48.397,1.65139,1.65302,1.00,1.87
2017.01.02 11:46:48.750,1.65139,1.65258,1.00,1.00
2017.01.02 11:46:48.801,1.65139,1.65302,1.00,1.87
2017.01.02 11:46:48.901,1.65133,1.65289,1.00,1.37
2017.01.02 11:46:49.381,1.65133,1.65258,1.00,1.00
2017.01.02 11:46:49.432,1.65133,1.65302,1.00,1.87
2017.01.02 11:46:49.583,1.65133,1.65315,1.00,1.37
2017.01.02 11:46:49.633,1.65133,1.65293,1.00,1.00
2017.01.02 11:46:49.684,1.65133,1.65296,1.00,1.00
2017.01.02 11:46:49.740,1.65133,1.65291,1.00,1.00
2017.01.02 11:46:50.053,1.65133,1.65301,1.00,1.57
2017.01.02 11:46:50.304,1.65133,1.65307,1.00,1.05
2017.01.02 11:46:50.355,1.65133,1.65295,1.00,1.00
2017.01.02 11:46:50.405,1.65127,1.65295,1.00,1.00
2017.01.02 11:46:50.456,1.65127,1.65293,1.00,1.00
2017.01.02 11:46:50.784,1.65133,1.65257,1.00,1.50
2017.01.02 11:46:50.885,1.65133,1.65294,1.00,1.00
2017.01.02 11:46:51.080,1.65133,1.65299,1.00,1.00
2017.01.02 11:46:51.131,1.65133,1.65257,1.00,1.00
2017.01.02 11:46:51.636,1.65133,1.65258,1.00,2.25
2017.01.02 11:46:52.165,1.65133,1.65257,1.00,1.50
2017.01.02 11:46:52.436,1.65133,1.65316,1.00,1.97
2017.01.02 11:46:52.486,1.65133,1.65289,1.00,1.00
2017.01.02 11:46:52.824,1.65133,1.65274,1.00,2.25
2017.01.02 11:46:53.093,1.65133,1.65302,1.00,1.00
2017.01.02 11:46:53.194,1.65112,1.65301,1.00,1.00
2017.01.02 11:46:53.298,1.65124,1.65291,1.00,1.00
2017.01.02 11:46:53.850,1.65127,1.65273,1.50,1.50
2017.01.02 11:46:54.537,1.65129,1.65273,1.00,1.00
2017.01.02 11:46:54.838,1.65142,1.65305,1.00,1.00
2017.01.02 11:46:55.013,1.65142,1.65316,1.00,1.00
2017.01.02 11:46:55.100,1.65128,1.65273,1.00,1.00
2017.01.02 11:46:55.483,1.65126,1.65274,2.25,2.25
2017.01.02 11:46:58.754,1.65126,1.65258,2.25,1.00
2017.01.02 11:46:58.804,1.65127,1.65273,1.00,1.00
2017.01.02 11:46:58.855,1.65127,1.65258,1.00,1.00
2017.01.02 11:46:58.955,1.65127,1.65273,1.00,1.00
2017.01.02 11:47:04.515,1.65126,1.65274,2.25,1.50
2017.01.02 11:47:04.729,1.65127,1.65295,1.50,1.00
2017.01.02 11:47:04.779,1.65127,1.65274,1.50,1.00
2017.01.02 11:47:05.289,1.65127,1.65273,1.50,1.50
2017.01.02 11:47:11.445,1.65127,1.65258,1.50,1.00
2017.01.02 11:47:12.046,1.65126,1.65258,2.25,2.25
2017.01.02 11:47:20.088,1.65127,1.65258,1.00,1.50
2017.01.02 11:47:20.628,1.65126,1.65258,2.25,2.25
2017.01.02 11:47:26.531,1.65129,1.65258,1.00,1.50
2017.01.02 11:47:26.609,1.65129,1.65273,1.00,1.00
2017.01.02 11:47:27.034,1.65126,1.65274,2.25,2.25
2017.01.02 11:47:28.744,1.65127,1.65273,1.50,1.00
2017.01.02 11:47:29.269,1.65126,1.65274,3.00,2.25
2017.01.02 11:47:29.803,1.65127,1.65273,1.00,1.00
2017.01.02 11:47:40.918,1.65128,1.65274,1.00,2.25
2017.01.02 11:47:41.084,1.65126,1.65274,3.00,1.50
2017.01.02 11:47:41.135,1.65133,1.65274,1.00,1.50
2017.01.02 11:47:41.214,1.65133,1.6529,1.00,1.00
2017.01.02 11:47:41.962,1.65129,1.65274,1.00,1.00
2017.01.02 11:47:42.012,1.65127,1.65274,1.00,1.00
2017.01.02 11:47:43.119,1.65127,1.65273,2.25,1.50
2017.01.02 11:47:43.590,1.65131,1.65273,1.00,2.25
2017.01.02 11:47:43.791,1.65131,1.65289,1.00,1.00
2017.01.02 11:47:43.892,1.65127,1.65289,1.50,1.50
2017.01.02 11:47:43.943,1.65133,1.65289,1.00,1.50
2017.01.02 11:47:43.993,1.65131,1.65323,1.00,1.37
2017.01.02 11:47:44.044,1.65131,1.65322,1.00,1.37
2017.01.02 11:47:44.145,1.65126,1.65319,2.62,1.37
2017.01.02 11:47:44.360,1.65126,1.65314,2.62,1.00
2017.01.02 11:47:44.893,1.65126,1.65274,2.25,2.25
2017.01.02 11:47:45.412,1.65127,1.65274,1.00,2.25
2017.01.02 11:47:45.890,1.65126,1.65258,2.25,1.00
2017.01.02 11:47:46.179,1.65126,1.65274,2.25,1.50
2017.01.02 11:47:46.602,1.65127,1.65257,1.00,1.00
2017.01.02 11:47:46.880,1.65127,1.65273,1.00,1.00
2017.01.02 11:47:47.102,1.65126,1.65258,2.25,1.00
2017.01.02 11:47:47.503,1.65127,1.65273,1.00,1.00
2017.01.02 11:47:47.806,1.65127,1.65257,1.00,1.00
2017.01.02 11:47:52.908,1.65126,1.65274,2.25,1.50
2017.01.02 11:47:53.226,1.65127,1.65258,1.50,1.00
2017.01.02 11:47:54.226,1.65127,1.65273,1.00,1.00
2017.01.02 11:47:54.433,1.65127,1.65258,1.50,1.00
2017.01.02 11:47:54.794,1.65127,1.65273,1.50,1.00
2017.01.02 11:47:54.980,1.65126,1.65258,2.25,1.00
2017.01.02 11:47:55.741,1.65127,1.65257,1.50,1.50
2017.01.02 11:47:56.261,1.65127,1.65258,1.50,1.00
2017.01.02 11:47:56.512,1.65126,1.65274,2.25,1.00
2017.01.02 11:47:57.185,1.65127,1.65273,1.50,1.50
2017.01.02 11:48:09.196,1.65126,1.65258,2.25,1.00
2017.01.02 11:48:09.718,1.65127,1.65257,1.00,1.00
2017.01.02 11:48:13.361,1.65126,1.65299,1.00,1.00
2017.01.02 11:48:13.523,1.65126,1.65274,2.25,1.00
2017.01.02 11:48:13.582,1.65126,1.65278,2.25,1.00
2017.01.02 11:48:13.633,1.65127,1.65273,1.50,1.50
2017.01.02 11:48:13.733,1.65126,1.6529,1.50,1.00
2017.01.02 11:48:13.834,1.65121,1.65291,1.00,1.00
2017.01.02 11:48:13.901,1.65124,1.65296,1.00,1.00
2017.01.02 11:48:13.952,1.65121,1.65319,1.00,1.37
2017.01.02 11:48:14.002,1.65121,1.65295,1.00,1.00
2017.01.02 11:48:14.416,1.65126,1.65274,2.25,1.00
2017.01.02 11:48:14.718,1.65128,1.65274,1.00,1.50
2017.01.02 11:48:14.768,1.6512,1.65319,1.00,1.00
2017.01.02 11:48:14.818,1.6512,1.65298,1.00,1.00
2017.01.02 11:48:15.021,1.65121,1.65304,1.00,1.37
2017.01.02 11:48:15.071,1.65124,1.65312,1.00,1.37
2017.01.02 11:48:15.222,1.6512,1.65315,1.00,1.87
2017.01.02 11:48:15.373,1.65127,1.65302,1.00,1.37
2017.01.02 11:48:15.684,1.65127,1.65273,1.50,1.00
2017.01.02 11:48:15.734,1.65124,1.65291,1.00,1.00
2017.01.02 11:48:15.785,1.65127,1.65294,1.00,1.00
2017.01.02 11:48:15.835,1.6512,1.65317,1.00,1.00
2017.01.02 11:48:15.885,1.65126,1.65301,1.00,1.00
2017.01.02 11:48:16.036,1.65126,1.65316,1.50,1.00
2017.01.02 11:48:16.087,1.65126,1.65292,1.50,1.00
2017.01.02 11:48:16.338,1.65127,1.65296,1.00,1.00
2017.01.02 11:48:16.489,1.65127,1.65294,1.00,1.00
2017.01.02 11:48:16.790,1.65129,1.65273,1.00,1.00
2017.01.02 11:48:16.952,1.65128,1.6529,1.00,1.50
2017.01.02 11:48:17.002,1.65128,1.65274,1.00,1.00
2017.01.02 11:48:18.855,1.65127,1.65274,1.00,1.50
2017.01.02 11:48:19.240,1.65134,1.65289,1.00,1.00
2017.01.02 11:48:19.301,1.65135,1.65273,1.00,1.00
2017.01.02 11:48:20.081,1.65134,1.65273,1.00,1.00
2017.01.02 11:48:20.131,1.6513,1.65274,1.00,1.50
2017.01.02 11:48:20.182,1.65128,1.6529,1.00,1.50
2017.01.02 11:48:20.394,1.65128,1.65274,1.00,1.00
2017.01.02 11:48:20.494,1.65126,1.65274,3.00,1.50
2017.01.02 11:48:20.851,1.65128,1.65274,1.00,2.25
2017.01.02 11:48:21.170,1.65126,1.65274,3.00,2.25
2017.01.02 11:48:21.431,1.65129,1.65273,1.00,1.00
2017.01.02 11:48:21.855,1.65127,1.65274,1.00,2.25
2017.01.02 11:48:25.935,1.65126,1.65274,2.25,1.50
2017.01.02 11:48:26.186,1.65127,1.65297,1.50,1.00
2017.01.02 11:48:26.237,1.65131,1.65292,1.00,1.00
2017.01.02 11:48:26.338,1.65127,1.65296,1.50,1.00
2017.01.02 11:48:26.388,1.65131,1.65289,1.00,1.00
2017.01.02 11:48:26.808,1.6511,1.6529,2.62,2.25
2017.01.02 11:48:26.858,1.65127,1.6529,1.00,2.25
2017.01.02 11:48:31.368,1.65128,1.6529,1.00,3.00
2017.01.02 11:48:37.340,1.6513,1.6529,1.00,2.25
2017.01.02 11:48:37.918,1.65133,1.65289,1.00,1.00
2017.01.02 11:48:38.941,1.65131,1.6529,1.00,2.25
2017.01.02 11:48:46.160,1.6513,1.6529,1.00,2.25
2017.01.02 11:48:46.290,1.65111,1.65289,1.37,1.00
2017.01.02 11:48:46.420,1.65111,1.65273,1.37,1.00
2017.01.02 11:48:46.866,1.65127,1.65273,1.00,2.25
2017.01.02 11:48:46.916,1.65126,1.6529,1.50,1.00
2017.01.02 11:48:47.234,1.65126,1.65274,2.25,1.00
2017.01.02 11:48:47.818,1.65126,1.65273,1.50,1.00
2017.01.02 11:48:48.380,1.65126,1.65274,2.25,2.25
2017.01.02 11:48:48.532,1.65115,1.65273,1.37,1.00
2017.01.02 11:48:49.215,1.65114,1.65273,1.00,1.00
2017.01.02 11:48:49.266,1.65111,1.65273,1.00,1.00
2017.01.02 11:48:49.815,1.65112,1.65273,1.00,1.00
2017.01.02 11:48:50.349,1.65111,1.65274,1.00,2.25
2017.01.02 11:48:51.516,1.6511,1.65274,2.25,2.25
2017.01.02 11:48:52.136,1.65111,1.65273,2.25,1.00
2017.01.02 11:48:53.615,1.6511,1.65274,1.50,1.50
2017.01.02 11:48:53.665,1.65125,1.65274,1.00,1.50
2017.01.02 11:48:53.716,1.65109,1.65316,1.67,2.32
2017.01.02 11:48:53.816,1.65109,1.65301,1.00,1.00
2017.01.02 11:48:53.917,1.65133,1.65316,1.00,1.05
2017.01.02 11:48:53.967,1.6511,1.65303,1.00,1.00
2017.01.02 11:48:54.018,1.65111,1.65302,1.00,1.37
2017.01.02 11:48:54.319,1.65126,1.6529,1.00,1.12
2017.01.02 11:48:54.621,1.65126,1.6529,1.00,1.87
2017.01.02 11:48:54.924,1.6511,1.65274,1.50,1.00
2017.01.02 11:48:55.054,1.65106,1.65304,1.05,2.47
2017.01.02 11:48:55.261,1.65119,1.65297,1.00,1.05
2017.01.02 11:48:55.623,1.6512,1.65273,1.00,1.00
2017.01.02 11:48:59.405,1.65122,1.65274,1.00,1.50
2017.01.02 11:48:59.455,1.65122,1.65296,1.00,1.05
2017.01.02 11:48:59.631,1.65122,1.65301,1.00,1.67
2017.01.02 11:48:59.681,1.65121,1.65274,1.00,1.00
2017.01.02 11:49:00.966,1.65111,1.65274,1.00,1.50
2017.01.02 11:49:01.539,1.6511,1.65274,2.25,2.25
2017.01.02 11:49:03.954,1.65111,1.65289,1.50,1.37
2017.01.02 11:49:04.004,1.65111,1.65274,1.50,1.00
2017.01.02 11:49:04.516,1.65125,1.65273,1.00,1.50
2017.01.02 11:49:04.567,1.65121,1.6531,1.00,1.97
2017.01.02 11:49:04.876,1.65122,1.65273,1.00,1.00
2017.01.02 11:49:12.318,1.65122,1.65274,1.00,1.50
2017.01.02 11:49:12.505,1.6512,1.65274,1.00,1.50
2017.01.02 11:49:14.881,1.6512,1.65273,1.00,1.00
2017.01.02 11:49:18.292,1.6512,1.65274,1.00,1.50
2017.01.02 11:49:18.846,1.65121,1.65273,1.00,2.25
2017.01.02 11:49:20.534,1.6512,1.65273,1.00,2.25
2017.01.02 11:49:21.194,1.65118,1.65273,1.00,2.25
2017.01.02 11:49:21.589,1.65116,1.65274,1.00,2.25
2017.01.02 11:49:25.250,1.65116,1.65273,1.00,1.50
2017.01.02 11:49:25.905,1.65116,1.65274,1.00,2.25
2017.01.02 11:49:35.718,1.65117,1.65274,1.00,1.50
2017.01.02 11:49:38.177,1.65114,1.65274,1.00,1.50
2017.01.02 11:49:42.155,1.65112,1.65274,1.00,2.25
2017.01.02 11:49:46.188,1.65114,1.65274,1.00,2.25
2017.01.02 11:49:46.743,1.65115,1.65273,1.00,1.00
2017.01.02 11:49:49.764,1.65099,1.65274,1.00,2.25
2017.01.02 11:49:49.815,1.65113,1.65274,1.00,2.25
2017.01.02 11:49:50.324,1.65114,1.65273,1.00,1.50
2017.01.02 11:49:51.279,1.65113,1.65273,1.00,1.50
2017.01.02 11:49:54.354,1.65114,1.65273,1.00,1.50
2017.01.02 11:50:18.173,1.65114,1.6529,1.00,1.00
2017.01.02 11:50:18.352,1.65114,1.65274,1.00,1.00
2017.01.02 11:50:19.194,1.65115,1.65274,1.00,1.50
2017.01.02 11:50:19.277,1.65115,1.6529,1.00,2.25
2017.01.02 11:50:19.459,1.65115,1.65274,1.00,1.00
2017.01.02 11:50:20.029,1.65115,1.65273,1.00,1.50
2017.01.02 11:50:21.968,1.65114,1.65273,1.00,1.50
2017.01.02 11:50:22.019,1.65096,1.65273,1.00,2.25
2017.01.02 11:50:22.069,1.65101,1.65273,1.00,2.25
2017.01.02 11:50:24.134,1.651,1.65273,1.00,2.25
2017.01.02 11:50:24.185,1.65095,1.65273,3.60,2.25
2017.01.02 11:50:24.235,1.651,1.65273,1.00,2.25
2017.01.02 11:50:26.419,1.65101,1.65273,1.00,2.25
2017.01.02 11:50:26.938,1.651,1.65273,1.00,2.25
2017.01.02 11:50:27.989,1.65101,1.65273,1.00,2.25
2017.01.02 11:50:28.534,1.65102,1.65273,1.00,2.25
2017.01.02 11:50:30.329,1.65101,1.65273,1.00,2.25
2017.01.02 11:50:30.864,1.651,1.65273,1.00,2.25
2017.01.02 11:50:32.194,1.65113,1.65273,1.00,2.25
2017.01.02 11:50:35.755,1.65094,1.65274,2.25,1.00
2017.01.02 11:50:36.320,1.65095,1.65273,1.50,1.50
2017.01.02 11:50:37.296,1.65095,1.65273,1.87,1.50
2017.01.02 11:50:37.606,1.65122,1.65273,1.00,1.00
2017.01.02 11:50:37.934,1.65124,1.65273,1.00,1.00
2017.01.02 11:50:38.333,1.65123,1.65289,1.00,1.00
2017.01.02 11:50:39.320,1.65123,1.6529,1.00,2.25
2017.01.02 11:50:41.148,1.65094,1.6529,2.62,2.25
2017.01.02 11:50:41.252,1.65094,1.65274,2.62,1.00
2017.01.02 11:50:41.673,1.65124,1.65274,1.00,1.50
2017.01.02 11:50:41.723,1.65124,1.6529,1.00,1.50
2017.01.02 11:50:41.953,1.65126,1.65289,1.00,1.50
2017.01.02 11:50:43.359,1.65125,1.65289,1.00,2.25
2017.01.02 11:50:43.893,1.65124,1.65289,1.00,1.50
2017.01.02 11:50:44.294,1.65122,1.65289,1.00,1.50
2017.01.02 11:51:04.464,1.65126,1.65289,1.00,1.50
2017.01.02 11:51:04.770,1.6513,1.65289,1.00,2.25
2017.01.02 11:51:07.288,1.65123,1.65289,1.00,2.25
2017.01.02 11:51:07.389,1.65123,1.65274,1.00,1.00
2017.01.02 11:51:07.909,1.65122,1.65274,1.00,2.25
2017.01.02 11:51:08.415,1.65121,1.65273,1.00,1.00
2017.01.02 11:51:09.138,1.65119,1.65274,1.00,2.25
2017.01.02 11:51:09.189,1.65117,1.65274,1.00,2.25
2017.01.02 11:51:09.455,1.65122,1.65274,1.00,1.50
2017.01.02 11:51:09.506,1.65125,1.65303,1.00,1.00
2017.01.02 11:51:09.609,1.65125,1.65301,1.00,1.00
2017.01.02 11:51:09.913,1.65126,1.6529,1.00,1.50
2017.01.02 11:51:09.964,1.65126,1.65322,1.00,1.05
2017.01.02 11:51:10.020,1.65126,1.65298,1.00,1.00
2017.01.02 11:51:10.370,1.65124,1.65289,1.00,2.25
2017.01.02 11:51:10.868,1.65128,1.65289,1.00,2.25
2017.01.02 11:51:12.865,1.65131,1.65289,1.00,1.00
2017.01.02 11:51:13.180,1.65137,1.65289,1.00,1.00
2017.01.02 11:51:13.788,1.65135,1.6529,1.00,2.25
2017.01.02 11:51:34.045,1.65139,1.6529,1.00,1.50
2017.01.02 11:51:34.146,1.65141,1.65305,1.00,1.00
2017.01.02 11:51:34.686,1.65141,1.65306,1.00,2.25
2017.01.02 11:51:36.149,1.65144,1.65306,1.00,2.25
2017.01.02 11:51:36.288,1.65141,1.65306,1.00,2.25
2017.01.02 11:51:38.461,1.65144,1.65306,1.00,2.25
2017.01.02 11:51:39.026,1.65143,1.65306,1.00,2.25
2017.01.02 11:51:39.077,1.65141,1.65306,1.00,2.25
2017.01.02 11:51:39.707,1.65141,1.65305,1.00,1.50
2017.01.02 11:51:40.253,1.65141,1.65306,1.00,2.25
2017.01.02 11:51:42.245,1.65143,1.65305,1.00,1.00
2017.01.02 11:51:43.294,1.65139,1.65306,1.00,2.25
2017.01.02 11:51:43.564,1.65137,1.6529,1.00,1.00
2017.01.02 11:51:45.798,1.65135,1.6529,1.00,2.25
2017.01.02 11:51:46.318,1.6512,1.6529,1.00,1.50
2017.01.02 11:51:46.369,1.6512,1.65306,1.00,1.50
2017.01.02 11:51:46.420,1.6512,1.6529,1.00,1.00
2017.01.02 11:51:46.947,1.6512,1.65289,1.00,1.50
2017.01.02 11:51:50.542,1.65134,1.65289,1.00,1.50
2017.01.02 11:51:51.056,1.65133,1.6529,1.00,2.25
2017.01.02 11:51:54.362,1.65129,1.65289,1.00,1.00
2017.01.02 11:51:54.413,1.65125,1.65289,1.00,1.00
2017.01.02 11:51:56.763,1.65125,1.6529,1.00,2.25
2017.01.02 11:52:00.152,1.65127,1.65289,1.00,1.00
2017.01.02 11:52:00.662,1.65125,1.6529,1.00,2.25
2017.01.02 11:52:02.369,1.65124,1.65289,1.00,1.00
2017.01.02 11:52:02.963,1.65123,1.6529,1.00,2.25
2017.01.02 11:52:04.462,1.65125,1.6529,1.00,1.50
2017.01.02 11:52:05.203,1.65125,1.65289,1.00,1.50
2017.01.02 11:52:08.193,1.65122,1.65289,1.00,1.50
2017.01.02 11:52:09.803,1.65118,1.65274,1.00,1.00
2017.01.02 11:52:10.206,1.65121,1.65273,1.00,2.25
2017.01.02 11:52:10.289,1.65118,1.65273,1.00,1.50
2017.01.02 11:52:10.933,1.65117,1.65273,1.00,1.50
2017.01.02 11:52:13.252,1.65105,1.65273,1.00,1.50
2017.01.02 11:52:13.890,1.65104,1.65274,1.00,2.25
2017.01.02 11:52:18.389,1.65094,1.65274,2.25,2.25
2017.01.02 11:52:20.786,1.65087,1.65278,1.37,1.00
2017.01.02 11:52:20.837,1.65095,1.65273,1.00,1.00
2017.01.02 11:52:21.342,1.65094,1.65274,2.25,2.25
2017.01.02 11:52:22.155,1.65095,1.65273,2.25,2.25
2017.01.02 11:52:22.701,1.65094,1.65274,1.50,2.25
2017.01.02 11:52:23.216,1.65094,1.65273,1.50,1.00
2017.01.02 11:52:23.547,1.65114,1.65274,1.00,1.50
2017.01.02 11:52:23.597,1.65114,1.65279,1.00,1.00
2017.01.02 11:52:23.648,1.65114,1.65273,1.00,1.00
2017.01.02 11:52:26.297,1.65116,1.65274,1.00,2.25
2017.01.02 11:52:27.080,1.65115,1.65273,1.00,1.00
2017.01.02 11:52:27.586,1.65115,1.65274,1.00,2.25
2017.01.02 11:52:28.165,1.65094,1.65274,2.25,1.50
2017.01.02 11:52:28.776,1.65095,1.65273,1.50,1.50
2017.01.02 11:52:33.184,1.65094,1.65274,2.25,1.50
2017.01.02 11:52:33.758,1.65095,1.65273,1.50,1.50
2017.01.02 11:52:42.184,1.65122,1.65273,1.00,1.50
2017.01.02 11:52:42.335,1.65124,1.6529,1.00,2.25
2017.01.02 11:52:43.210,1.65126,1.65289,1.00,1.00
2017.01.02 11:52:44.018,1.65127,1.65289,1.00,1.00
2017.01.02 11:52:44.419,1.65125,1.6529,1.00,3.00
2017.01.02 11:52:46.113,1.65125,1.65289,1.00,1.00
2017.01.02 11:52:46.214,1.65118,1.65274,1.00,1.00
2017.01.02 11:52:47.196,1.65118,1.65273,1.00,1.50
2017.01.02 11:53:01.289,1.65117,1.65273,1.00,1.50
2017.01.02 11:53:08.193,1.65116,1.65273,1.00,1.50
2017.01.02 11:53:10.201,1.65119,1.65274,1.00,2.25
2017.01.02 11:53:10.514,1.65121,1.65273,1.00,1.00
2017.01.02 11:53:10.700,1.65117,1.65274,1.00,2.25
2017.01.02 11:53:12.440,1.65121,1.65274,1.00,1.50
2017.01.02 11:53:13.070,1.65121,1.65273,1.00,1.50
2017.01.02 11:53:15.812,1.65136,1.65273,1.00,1.50
2017.01.02 11:53:15.972,1.65142,1.65289,1.00,1.00
2017.01.02 11:53:16.123,1.65139,1.65289,1.00,2.25
2017.01.02 11:53:16.173,1.65138,1.65273,1.00,1.00
2017.01.02 11:53:16.687,1.65138,1.65274,1.00,2.25
2017.01.02 11:53:16.986,1.65134,1.65289,1.00,1.00
2017.01.02 11:53:17.037,1.65135,1.65273,1.00,1.00
2017.01.02 11:53:17.571,1.65138,1.65274,1.00,2.25
2017.01.02 11:53:31.316,1.65136,1.65274,1.00,2.25
2017.01.02 11:53:31.417,1.65133,1.65274,1.00,2.25
2017.01.02 11:53:34.964,1.65126,1.65274,2.25,1.50
2017.01.02 11:53:35.546,1.65138,1.65326,1.00,1.35
2017.01.02 11:53:35.597,1.65135,1.65326,1.00,1.35
2017.01.02 11:53:35.648,1.65135,1.65301,1.00,1.00
2017.01.02 11:53:35.755,1.65135,1.6533,1.00,1.00
2017.01.02 11:53:35.805,1.65138,1.65302,1.00,1.00
2017.01.02 11:53:36.126,1.65139,1.65273,1.00,1.00
2017.01.02 11:53:36.325,1.65127,1.65329,1.50,1.67
2017.01.02 11:53:36.375,1.65127,1.65301,1.50,1.00
2017.01.02 11:53:36.686,1.65127,1.65274,1.50,1.00
2017.01.02 11:53:37.200,1.65126,1.65274,2.25,2.25
2017.01.02 11:53:37.864,1.65136,1.65274,1.00,1.50
2017.01.02 11:53:38.031,1.65127,1.65273,2.25,1.00
2017.01.02 11:53:38.149,1.65127,1.65297,1.00,1.00
2017.01.02 11:53:38.295,1.65127,1.65273,1.00,1.00
2017.01.02 11:53:38.603,1.65127,1.65298,1.50,1.00
2017.01.02 11:53:38.653,1.65127,1.65294,1.50,1.00
2017.01.02 11:53:38.704,1.65127,1.65299,1.50,1.00
2017.01.02 11:53:38.793,1.65127,1.65273,2.25,1.00
2017.01.02 11:53:39.150,1.65127,1.653,1.50,1.00
2017.01.02 11:53:39.253,1.65127,1.65296,1.50,1.00
2017.01.02 11:53:39.564,1.65135,1.6529,1.00,1.50
2017.01.02 11:53:39.615,1.65135,1.65296,1.00,1.00
2017.01.02 11:53:39.671,1.65138,1.65302,1.00,1.00
2017.01.02 11:53:39.793,1.65126,1.65302,2.25,1.00
2017.01.02 11:53:39.893,1.65126,1.65339,2.25,1.27
2017.01.02 11:53:39.944,1.65143,1.65339,1.00,2.02
2017.01.02 11:53:40.254,1.65143,1.65305,2.25,1.50
2017.01.02 11:53:44.323,1.65143,1.65306,1.50,1.50
2017.01.02 11:53:44.479,1.65143,1.6531,1.00,1.00
2017.01.02 11:53:44.530,1.65143,1.65319,3.00,1.00
2017.01.02 11:53:44.580,1.65143,1.65306,2.25,1.00
2017.01.02 11:53:46.693,1.65149,1.65306,1.00,1.50
2017.01.02 11:53:46.744,1.65149,1.6532,1.00,1.00
2017.01.02 11:53:47.500,1.65149,1.65321,1.00,1.00
2017.01.02 11:53:48.036,1.65161,1.65338,1.00,1.50
2017.01.02 11:53:48.087,1.65161,1.65322,1.00,1.00
2017.01.02 11:53:48.137,1.65149,1.65337,1.00,1.00
2017.01.02 11:53:48.188,1.65149,1.65322,1.00,1.00
2017.01.02 11:53:49.435,1.65149,1.65321,1.00,1.50
2017.01.02 11:53:54.416,1.65149,1.65306,1.00,1.00
2017.01.02 11:53:54.517,1.65143,1.65306,2.25,1.00
2017.01.02 11:53:54.668,1.65153,1.6529,1.00,1.00
2017.01.02 11:53:54.988,1.65142,1.6529,2.25,1.50
2017.01.02 11:53:55.139,1.65142,1.65306,2.25,1.00
2017.01.02 11:53:56.075,1.65143,1.65305,2.25,1.50
2017.01.02 11:53:58.594,1.65148,1.65305,1.00,1.50
2017.01.02 11:54:02.636,1.65148,1.65306,1.00,2.25
2017.01.02 11:54:04.545,1.65148,1.65316,1.00,1.00
2017.01.02 11:54:04.645,1.65143,1.65315,1.50,1.00
2017.01.02 11:54:04.696,1.65143,1.65313,1.50,1.00
2017.01.02 11:54:05.040,1.65143,1.65273,3.00,2.25
2017.01.02 11:54:07.843,1.65148,1.65273,1.00,2.25
2017.01.02 11:54:09.248,1.65148,1.65274,1.00,1.00
2017.01.02 11:54:11.539,1.65142,1.65274,2.25,1.50
2017.01.02 11:54:11.677,1.65142,1.65306,2.25,1.00
2017.01.02 11:54:11.813,1.65143,1.65304,1.50,1.00
2017.01.02 11:54:12.139,1.65146,1.6529,1.00,1.50
2017.01.02 11:54:12.189,1.65145,1.65305,1.00,1.00
2017.01.02 11:54:12.704,1.65146,1.65305,1.00,2.25
2017.01.02 11:54:14.192,1.65142,1.65306,2.25,1.50
2017.01.02 11:54:15.972,1.65149,1.65326,1.00,1.00
2017.01.02 11:54:16.022,1.65149,1.6532,1.00,1.00
2017.01.02 11:54:16.289,1.65152,1.65324,1.00,1.00
2017.01.02 11:54:16.339,1.65151,1.65306,1.00,1.00
2017.01.02 11:54:16.440,1.65142,1.65306,2.25,1.00
2017.01.02 11:54:16.691,1.65143,1.65289,1.00,1.00
2017.01.02 11:54:17.059,1.65142,1.65274,2.25,2.25
2017.01.02 11:54:18.107,1.65142,1.6529,2.25,2.25
2017.01.02 11:54:18.176,1.65142,1.65274,2.25,1.00
2017.01.02 11:54:20.293,1.65143,1.65274,1.50,1.00
2017.01.02 11:54:21.077,1.65142,1.65274,2.25,2.25
2017.01.02 11:54:21.804,1.65143,1.65274,1.50,1.00
2017.01.02 11:54:21.968,1.65143,1.65318,2.25,1.00
2017.01.02 11:54:22.289,1.65143,1.65289,2.25,1.00
2017.01.02 11:54:36.159,1.65142,1.65274,2.25,1.00
2017.01.02 11:54:38.394,1.65143,1.65273,1.50,1.50
2017.01.02 11:54:40.224,1.65142,1.65274,2.25,1.50
2017.01.02 11:54:41.043,1.65143,1.65273,1.50,1.50
2017.01.02 11:54:41.493,1.65142,1.6532,2.25,1.37
2017.01.02 11:54:41.544,1.65143,1.65273,1.00,1.00
2017.01.02 11:54:42.092,1.65143,1.65315,1.00,1.00
2017.01.02 11:54:42.292,1.65143,1.65273,1.00,1.00
2017.01.02 11:54:44.415,1.65142,1.65274,2.25,1.50
2017.01.02 11:54:45.106,1.65142,1.65292,2.25,1.00
2017.01.02 11:54:45.300,1.65158,1.6535,1.00,1.37
2017.01.02 11:54:45.608,1.65151,1.65338,1.00,1.50
2017.01.02 11:54:45.709,1.65149,1.65354,1.12,1.37
2017.01.02 11:54:45.810,1.65145,1.65322,1.37,1.50
2017.01.02 11:54:46.346,1.65147,1.65322,1.37,2.25
2017.01.02 11:54:46.656,1.65159,1.65322,1.00,2.25
2017.01.02 11:54:47.195,1.6516,1.65321,1.00,1.00
2017.01.02 11:54:50.544,1.65142,1.65322,2.62,1.50
2017.01.02 11:54:53.981,1.65155,1.65322,1.00,2.25
2017.01.02 11:54:54.333,1.65157,1.65322,1.00,2.25
2017.01.02 11:54:55.513,1.65156,1.65322,1.00,1.50
2017.01.02 11:54:55.614,1.65154,1.65322,1.00,1.50
2017.01.02 11:54:55.751,1.65154,1.65337,1.00,2.25
2017.01.02 11:54:55.828,1.65154,1.65322,1.00,1.00
2017.01.02 11:55:00.358,1.65142,1.65322,2.62,2.25
2017.01.02 11:55:00.459,1.65149,1.65339,1.37,1.00
2017.01.02 11:55:00.678,1.65147,1.65321,1.37,1.00
2017.01.02 11:55:01.662,1.65145,1.65321,1.00,1.50
2017.01.02 11:55:02.191,1.65143,1.65321,1.50,1.50
2017.01.02 11:55:03.342,1.65142,1.65321,1.00,1.50
2017.01.02 11:55:03.898,1.65142,1.65322,2.25,2.25
2017.01.02 11:55:04.535,1.65126,1.65344,1.87,1.37
2017.01.02 11:55:04.750,1.65143,1.65343,1.00,1.12
2017.01.02 11:55:05.052,1.65142,1.65321,1.50,1.00
2017.01.02 11:55:05.354,1.65149,1.65321,1.00,1.00
2017.01.02 11:55:06.907,1.65146,1.65321,1.00,1.50
2017.01.02 11:55:07.487,1.65146,1.65322,1.00,2.25
2017.01.02 11:55:08.377,1.65145,1.65322,1.00,2.25
2017.01.02 11:55:08.427,1.65146,1.65305,1.00,1.00
2017.01.02 11:55:09.847,1.65144,1.65306,1.00,2.25
2017.01.02 11:55:10.402,1.65143,1.65306,1.00,2.25
2017.01.02 11:55:11.047,1.65126,1.65306,2.62,1.50
2017.01.02 11:55:11.149,1.65126,1.65322,2.62,1.00
2017.01.02 11:55:11.199,1.65148,1.65322,1.00,1.00
2017.01.02 11:55:11.962,1.65148,1.65321,1.00,1.50
2017.01.02 11:55:14.112,1.65143,1.65321,2.25,1.50
2017.01.02 11:55:20.582,1.65143,1.65322,1.00,2.25
2017.01.02 11:55:22.154,1.65143,1.65321,1.50,1.00
2017.01.02 11:55:22.469,1.65141,1.65322,1.00,2.25
2017.01.02 11:55:22.999,1.65141,1.65321,1.00,1.50
2017.01.02 11:55:23.509,1.6514,1.65306,1.00,1.00
2017.01.02 11:55:25.259,1.65126,1.65306,2.62,1.50
2017.01.02 11:55:25.410,1.65126,1.65338,2.62,1.27
2017.01.02 11:55:25.588,1.65126,1.65306,2.62,1.00
2017.01.02 11:55:26.099,1.65126,1.65306,2.62,2.25
2017.01.02 11:55:26.548,1.65136,1.65305,1.00,1.00
2017.01.02 11:55:27.250,1.65134,1.65306,1.00,2.25
2017.01.02 11:55:29.467,1.65132,1.65306,1.00,1.50
2017.01.02 11:55:29.518,1.65132,1.65321,1.00,1.00
2017.01.02 11:55:29.623,1.65133,1.65305,1.00,1.00
2017.01.02 11:55:30.152,1.65132,1.65305,1.00,1.00
2017.01.02 11:55:30.722,1.65131,1.65306,1.00,1.50
2017.01.02 11:55:31.273,1.6513,1.65306,1.00,2.25
2017.01.02 11:55:32.528,1.65129,1.65305,1.00,1.00
2017.01.02 11:55:33.697,1.65126,1.65306,2.25,2.25
2017.01.02 11:55:34.938,1.65127,1.65305,1.00,2.25
2017.01.02 11:55:35.017,1.65124,1.65305,1.00,1.50
2017.01.02 11:55:35.118,1.65111,1.65305,2.62,2.25
2017.01.02 11:55:35.168,1.65111,1.6529,1.87,1.00
2017.01.02 11:55:36.412,1.6511,1.65309,2.62,1.00
2017.01.02 11:55:36.463,1.65126,1.6529,1.00,1.00
2017.01.02 11:55:41.473,1.65127,1.6529,1.00,1.50
2017.01.02 11:55:42.098,1.65127,1.65289,2.25,2.25
2017.01.02 11:55:44.900,1.65127,1.65305,1.00,1.00
2017.01.02 11:55:58.188,1.65127,1.65306,1.00,2.25
2017.01.02 11:55:58.253,1.65127,1.653,2.25,1.00
2017.01.02 11:55:58.554,1.65126,1.65292,1.00,1.00
2017.01.02 11:55:58.963,1.65126,1.65274,2.25,2.25
2017.01.02 11:56:02.548,1.65127,1.65274,1.00,1.50
2017.01.02 11:56:03.173,1.65126,1.65274,2.25,2.25
2017.01.02 11:56:04.985,1.65126,1.65258,2.25,1.00
2017.01.02 11:56:08.068,1.65126,1.65257,1.50,1.00
2017.01.02 11:56:08.131,1.65111,1.65257,1.00,1.00
2017.01.02 11:56:09.155,1.6511,1.65258,2.25,1.50
2017.01.02 11:56:11.441,1.65111,1.65257,1.50,1.00
2017.01.02 11:56:13.280,1.65111,1.65273,1.00,1.00
2017.01.02 11:56:13.481,1.65111,1.65257,2.25,1.00
2017.01.02 11:56:15.369,1.65111,1.65258,1.00,1.50
2017.01.02 11:56:15.470,1.65111,1.65273,1.50,1.00
2017.01.02 11:56:15.647,1.6511,1.65258,2.25,1.00
2017.01.02 11:56:16.613,1.6512,1.65258,1.00,1.50
2017.01.02 11:56:16.664,1.65127,1.65289,1.00,1.00
2017.01.02 11:56:16.715,1.65127,1.65295,1.00,1.00
2017.01.02 11:56:16.916,1.65128,1.65273,1.00,1.00
2017.01.02 11:56:17.544,1.65128,1.65274,1.00,1.50
2017.01.02 11:56:17.594,1.65128,1.6529,1.00,1.00
2017.01.02 11:56:17.811,1.65128,1.65274,1.00,1.00
2017.01.02 11:56:18.628,1.6513,1.65274,1.00,2.25
2017.01.02 11:56:19.909,1.65126,1.65274,2.25,1.50
2017.01.02 11:56:20.051,1.65129,1.65274,1.00,1.50
2017.01.02 11:56:20.127,1.65129,1.65289,1.00,1.00
2017.01.02 11:56:20.228,1.65129,1.65273,1.00,1.00
2017.01.02 11:56:22.134,1.6513,1.65273,1.00,1.00
2017.01.02 11:56:22.184,1.65127,1.65274,1.00,1.50
2017.01.02 11:56:22.285,1.65127,1.65289,2.25,1.00
2017.01.02 11:56:22.336,1.65129,1.65289,1.00,1.00
2017.01.02 11:56:22.657,1.65129,1.65273,1.00,1.50
2017.01.02 11:56:24.468,1.65128,1.65273,1.00,1.50
2017.01.02 11:56:24.569,1.65127,1.65289,1.00,1.00
2017.01.02 11:56:24.861,1.65127,1.65274,1.00,1.00
2017.01.02 11:56:25.867,1.65128,1.65274,1.00,1.50
2017.01.02 11:56:25.962,1.65128,1.65287,1.00,1.00
2017.01.02 11:56:26.146,1.65128,1.65273,1.00,1.00
2017.01.02 11:56:27.771,1.65128,1.65274,1.00,2.25
2017.01.02 11:56:28.251,1.65126,1.65274,2.25,1.50
2017.01.02 11:56:28.311,1.65132,1.65305,1.00,1.00
2017.01.02 11:56:28.498,1.65131,1.6529,1.00,1.00
2017.01.02 11:56:29.105,1.65131,1.65289,1.00,1.50
2017.01.02 11:56:32.897,1.65131,1.6529,1.00,1.50
2017.01.02 11:56:36.614,1.65131,1.65289,1.00,1.00
2017.01.02 11:56:38.260,1.6513,1.65274,1.00,1.00
2017.01.02 11:56:39.010,1.6513,1.6529,1.50,2.25
2017.01.02 11:56:39.190,1.65131,1.65273,1.00,1.00
2017.01.02 11:56:40.431,1.65131,1.65274,1.00,1.50
2017.01.02 11:56:40.582,1.6513,1.6529,1.00,1.00
2017.01.02 11:56:40.983,1.6513,1.65274,1.50,1.00
2017.01.02 11:56:41.531,1.65132,1.65321,1.00,1.00
2017.01.02 11:56:41.581,1.65134,1.65321,1.67,1.00
2017.01.02 11:56:41.631,1.65137,1.65351,1.70,1.37
2017.01.02 11:56:41.815,1.65135,1.65331,1.00,1.00
2017.01.02 11:56:42.201,1.65136,1.65326,1.00,1.00
2017.01.02 11:56:42.512,1.65136,1.65321,1.00,1.50
2017.01.02 11:56:43.024,1.65132,1.65321,1.00,1.50
2017.01.02 11:56:43.074,1.65136,1.65306,1.00,1.00
2017.01.02 11:56:44.655,1.65134,1.65306,1.00,2.25
2017.01.02 11:56:46.730,1.65135,1.65306,1.00,2.25
2017.01.02 11:56:48.275,1.65134,1.65306,1.00,1.50
2017.01.02 11:56:48.504,1.65136,1.65306,1.00,1.50
2017.01.02 11:56:48.554,1.6513,1.65306,1.00,1.50
2017.01.02 11:56:48.605,1.6513,1.65352,1.35,3.82
2017.01.02 11:56:48.655,1.65135,1.6534,1.00,1.37
2017.01.02 11:56:48.996,1.65132,1.65347,1.00,1.05
2017.01.02 11:56:49.046,1.65135,1.65321,1.00,1.00
2017.01.02 11:56:49.097,1.65131,1.65321,1.00,1.00
2017.01.02 11:56:49.198,1.65135,1.65325,1.00,1.00
2017.01.02 11:56:49.505,1.65135,1.65322,1.00,2.25
2017.01.02 11:56:50.190,1.65134,1.65322,1.00,2.25
2017.01.02 11:56:50.515,1.65135,1.65306,1.00,2.25
2017.01.02 11:56:51.625,1.65134,1.65306,1.00,1.50
2017.01.02 11:56:57.315,1.65135,1.65306,1.00,2.25
2017.01.02 11:56:59.036,1.6513,1.65336,1.50,1.00
2017.01.02 11:56:59.086,1.6513,1.65322,1.50,1.00
2017.01.02 11:56:59.685,1.65131,1.65322,1.00,2.25
2017.01.02 11:57:00.138,1.65132,1.6533,1.00,1.00
2017.01.02 11:57:00.188,1.65135,1.65306,1.00,1.00
2017.01.02 11:57:01.581,1.65134,1.65306,1.00,2.25
2017.01.02 11:57:01.631,1.6513,1.65306,1.00,1.50
2017.01.02 11:57:01.764,1.65134,1.65322,1.00,1.00
2017.01.02 11:57:02.101,1.65139,1.65322,1.00,1.50
2017.01.02 11:57:02.151,1.65134,1.65322,1.00,2.25
2017.01.02 11:57:02.645,1.65138,1.65321,1.00,1.50
2017.01.02 11:57:02.903,1.65133,1.65321,1.35,1.50
2017.01.02 11:57:03.016,1.65135,1.65321,1.00,1.50
2017.01.02 11:57:03.841,1.65136,1.65321,1.00,1.50
2017.01.02 11:57:05.040,1.65137,1.65321,1.00,1.50
2017.01.02 11:57:05.131,1.65135,1.65321,1.00,1.50
2017.01.02 11:57:05.182,1.65135,1.65306,1.00,1.00
2017.01.02 11:57:05.232,1.65135,1.65321,1.00,1.50
2017.01.02 11:57:05.297,1.65135,1.65306,1.00,1.00
2017.01.02 11:57:05.347,1.65135,1.65323,1.00,1.00
2017.01.02 11:57:05.398,1.65135,1.65306,1.00,1.00
2017.01.02 11:57:09.234,1.65135,1.6529,1.00,1.00
2017.01.02 11:57:09.939,1.65135,1.65289,1.00,1.50
2017.01.02 11:57:12.991,1.65135,1.65322,1.00,1.50
2017.01.02 11:57:13.041,1.65135,1.65306,1.00,1.00
2017.01.02 11:57:13.544,1.65135,1.65322,1.00,1.50
2017.01.02 11:57:13.594,1.65135,1.65306,1.00,1.00
2017.01.02 11:57:14.048,1.65135,1.6532,1.00,1.00
2017.01.02 11:57:14.148,1.65135,1.65316,1.00,1.00
2017.01.02 11:57:14.466,1.65135,1.65306,1.00,2.25
2017.01.02 11:57:14.667,1.65143,1.65337,1.00,1.00
2017.01.02 11:57:14.768,1.65143,1.65324,1.00,1.00
2017.01.02 11:57:14.868,1.65142,1.65338,1.50,1.12
2017.01.02 11:57:14.919,1.65142,1.65321,1.50,1.00
2017.01.02 11:57:14.969,1.65135,1.65321,1.00,1.00
2017.01.02 11:57:15.030,1.65135,1.65306,1.00,1.00
2017.01.02 11:57:22.483,1.65136,1.65306,1.00,1.50
2017.01.02 11:57:23.005,1.65135,1.65305,1.00,1.50
2017.01.02 11:57:23.106,1.65135,1.65338,1.00,2.25
2017.01.02 11:57:23.207,1.65119,1.65317,2.47,1.00
2017.01.02 11:57:23.257,1.65119,1.65337,2.47,1.50
2017.01.02 11:57:23.308,1.65119,1.65289,2.47,1.00
2017.01.02 11:57:23.358,1.6511,1.6529,1.97,1.00
2017.01.02 11:57:23.409,1.6511,1.6529,1.37,1.00
2017.01.02 11:57:24.090,1.6511,1.6529,2.62,2.25
2017.01.02 11:57:24.451,1.65111,1.65289,1.50,1.50
2017.01.02 11:57:27.885,1.6511,1.6529,2.25,1.00
2017.01.02 11:57:29.908,1.65111,1.65289,1.50,1.50
2017.01.02 11:57:31.496,1.6511,1.6529,2.25,1.00
2017.01.02 11:57:32.068,1.65111,1.65289,1.50,1.50
2017.01.02 11:57:34.506,1.65111,1.65289,2.17,1.50
2017.01.02 11:57:34.622,1.65111,1.65289,1.50,1.50
2017.01.02 11:57:34.672,1.65111,1.65289,2.17,1.50
2017.01.02 11:57:34.723,1.65103,1.65289,1.67,1.50
2017.01.02 11:57:34.773,1.6511,1.65289,1.00,1.50
2017.01.02 11:57:35.372,1.65111,1.65289,1.50,1.50
2017.01.02 11:57:37.762,1.65111,1.65284,1.50,1.00
2017.01.02 11:57:37.913,1.65095,1.65286,1.00,1.00
2017.01.02 11:57:38.050,1.65098,1.65286,1.00,1.00
2017.01.02 11:57:38.563,1.65097,1.65286,1.00,1.00
2017.01.02 11:57:39.060,1.65095,1.65286,1.50,1.00
2017.01.02 11:57:39.111,1.65095,1.65289,3.00,2.25
2017.01.02 11:57:39.280,1.65097,1.65289,1.00,2.25
2017.01.02 11:57:39.897,1.65095,1.65289,3.00,2.25
2017.01.02 11:57:39.985,1.65097,1.65289,1.00,2.25
2017.01.02 11:57:40.524,1.65098,1.65289,1.00,2.25
2017.01.02 11:57:40.891,1.65095,1.65289,3.00,2.25
2017.01.02 11:57:40.941,1.65096,1.65289,1.67,1.50
2017.01.02 11:57:41.460,1.65096,1.6529,1.67,2.25
2017.01.02 11:57:41.973,1.65098,1.65289,1.70,1.50
2017.01.02 11:57:43.136,1.65099,1.65289,1.70,1.50
2017.01.02 11:57:43.681,1.65094,1.65289,2.85,1.50
2017.01.02 11:57:44.286,1.65098,1.65289,1.00,1.50
2017.01.02 11:57:45.102,1.65094,1.65289,2.10,1.50
2017.01.02 11:57:45.152,1.65099,1.65289,1.00,1.50
2017.01.02 11:57:46.238,1.65098,1.65289,1.00,1.50
2017.01.02 11:57:46.781,1.65097,1.65289,1.35,2.25
2017.01.02 11:57:47.496,1.65098,1.65289,1.00,2.25
2017.01.02 11:57:48.248,1.65097,1.65289,1.35,2.25
2017.01.02 11:57:49.451,1.65098,1.65289,1.00,2.25
2017.01.02 11:57:50.521,1.65097,1.65289,1.35,2.25
2017.01.02 11:57:51.132,1.65098,1.65289,1.00,2.25
2017.01.02 11:57:55.562,1.65097,1.65289,1.35,2.25
2017.01.02 11:57:56.571,1.65098,1.65289,1.00,2.25
2017.01.02 11:57:57.116,1.65097,1.65289,1.35,2.25
2017.01.02 11:57:57.635,1.65097,1.65289,2.02,2.25
2017.01.02 11:57:58.141,1.65098,1.65289,1.70,2.25
2017.01.02 11:58:01.606,1.65097,1.65289,2.02,2.25
2017.01.02 11:58:02.386,1.65098,1.65289,1.70,1.00
2017.01.02 11:58:02.931,1.65097,1.65289,1.70,1.00
2017.01.02 11:58:05.126,1.65098,1.65289,1.70,1.00
2017.01.02 11:58:11.510,1.65097,1.65289,1.70,1.00
2017.01.02 11:58:20.693,1.65095,1.6529,2.02,2.25
2017.01.02 11:58:21.031,1.65097,1.65273,1.67,2.25
2017.01.02 11:58:21.645,1.65096,1.65273,2.02,2.25
2017.01.02 11:58:21.956,1.65095,1.65289,2.17,1.00
2017.01.02 11:58:22.732,1.65097,1.65289,1.67,1.00
2017.01.02 11:58:24.418,1.65095,1.65289,2.17,1.00
2017.01.02 11:58:24.468,1.65094,1.65285,3.67,1.00
2017.01.02 11:58:24.939,1.65095,1.65273,2.17,1.50
2017.01.02 11:58:25.732,1.65095,1.65273,2.17,1.50
2017.01.02 11:58:26.313,1.65095,1.65273,2.17,1.50
2017.01.02 11:58:27.289,1.65095,1.65257,2.17,1.00
2017.01.02 11:58:28.507,1.65095,1.65257,2.17,1.00
2017.01.02 11:58:29.013,1.65094,1.65316,3.00,1.67
2017.01.02 11:58:29.216,1.65094,1.6529,3.00,1.00
2017.01.02 11:58:29.518,1.65099,1.65289,1.70,1.00
2017.01.02 11:58:30.210,1.65098,1.65289,1.70,1.00
2017.01.02 11:58:31.722,1.65098,1.65289,1.00,1.00
2017.01.02 11:58:31.988,1.65096,1.65289,1.00,2.25
2017.01.02 11:58:32.089,1.65094,1.6529,2.25,2.25
2017.01.02 11:58:32.221,1.65096,1.6529,1.00,2.25
2017.01.02 11:58:35.056,1.65094,1.6529,3.00,2.25
2017.01.02 11:58:35.995,1.65095,1.6529,1.00,2.25
2017.01.02 11:58:36.186,1.65097,1.6529,1.00,2.25
2017.01.02 11:58:36.537,1.65096,1.6529,1.67,2.25
2017.01.02 11:58:37.012,1.65096,1.6529,1.27,1.50
2017.01.02 11:58:37.552,1.6511,1.6529,2.25,1.50
2017.01.02 11:58:42.556,1.65111,1.6529,1.00,1.50
2017.01.02 11:58:42.606,1.6511,1.6531,2.25,1.00
2017.01.02 11:58:42.657,1.65111,1.65289,1.00,1.00
2017.01.02 11:58:46.111,1.6511,1.6531,2.25,1.00
2017.01.02 11:58:46.162,1.6511,1.6529,2.25,1.00
2017.01.02 11:58:46.829,1.65111,1.65289,1.50,1.50
2017.01.02 11:58:56.886,1.65115,1.65289,1.00,2.25
2017.01.02 11:58:58.015,1.65111,1.65289,2.25,2.25
2017.01.02 11:59:02.722,1.65111,1.6529,1.50,1.00
2017.01.02 11:59:03.321,1.6511,1.6529,2.25,2.25
2017.01.02 11:59:11.937,1.65111,1.6529,1.00,1.50
2017.01.02 11:59:12.037,1.65111,1.65273,1.00,1.00
2017.01.02 11:59:14.127,1.65111,1.65274,1.00,1.50
2017.01.02 11:59:14.633,1.65111,1.65273,1.00,1.00
2017.01.02 11:59:16.261,1.6511,1.65274,2.25,1.50
2017.01.02 11:59:18.378,1.65111,1.65273,1.00,1.00
2017.01.02 11:59:20.723,1.6511,1.65274,2.25,1.50
2017.01.02 11:59:21.040,1.6511,1.65258,2.25,2.25
2017.01.02 11:59:22.587,1.65111,1.65258,1.00,1.50
2017.01.02 11:59:22.789,1.6511,1.65306,2.25,2.25
2017.01.02 11:59:22.889,1.65111,1.65289,1.00,1.00
2017.01.02 11:59:22.940,1.65111,1.65306,1.00,1.50
2017.01.02 11:59:22.990,1.65111,1.6529,1.67,1.00
2017.01.02 11:59:23.041,1.65111,1.6529,1.00,1.00
2017.01.02 11:59:23.142,1.65111,1.65319,1.00,1.00
2017.01.02 11:59:23.282,1.65111,1.65333,1.67,1.37
2017.01.02 11:59:23.483,1.65111,1.65329,1.50,1.05
2017.01.02 11:59:23.557,1.65111,1.65305,2.25,1.00
2017.01.02 11:59:24.547,1.65111,1.65305,1.87,1.50
2017.01.02 11:59:25.087,1.65111,1.65305,1.87,1.50
2017.01.02 11:59:25.589,1.65111,1.65305,1.87,1.50
2017.01.02 11:59:26.161,1.65111,1.65305,1.87,1.50
2017.01.02 11:59:28.231,1.65111,1.65305,1.87,1.50
2017.01.02 11:59:29.109,1.65111,1.65305,1.12,1.00
2017.01.02 11:59:37.302,1.6511,1.65306,2.25,1.50
2017.01.02 11:59:41.238,1.6511,1.6529,2.25,1.00
2017.01.02 11:59:41.909,1.65111,1.65289,1.50,1.50
2017.01.02 11:59:43.863,1.65126,1.65289,1.00,1.50
2017.01.02 11:59:44.402,1.65126,1.6529,2.25,2.25
2017.01.02 11:59:44.714,1.65126,1.65306,2.25,1.50
2017.01.02 11:59:44.764,1.65126,1.6529,2.25,1.00
2017.01.02 11:59:45.297,1.65111,1.65289,1.00,1.00
2017.01.02 11:59:52.798,1.6511,1.65285,2.25,1.00
2017.01.02 11:59:53.008,1.65111,1.65288,1.00,1.00
2017.01.02 11:59:53.058,1.6511,1.65282,2.25,1.00
2017.01.02 11:59:53.159,1.6511,1.65293,2.25,1.00
2017.01.02 11:59:53.210,1.65111,1.65304,1.00,1.00
2017.01.02 11:59:53.783,1.65111,1.65305,1.50,1.50
2017.01.02 11:59:54.128,1.6511,1.65322,2.25,2.10
2017.01.02 11:59:54.209,1.6511,1.65306,2.25,1.00
