2017.10.12 01:00:00.048,1.64796,1.6483,1.50,1.00
2017.10.12 01:00:00.099,1.64797,1.6483,1.19,1.00
2017.10.12 01:00:00.699,1.64799,1.64833,1.25,1.00
2017.10.12 01:00:00.750,1.64801,1.64833,1.00,1.00
2017.10.12 01:00:02.417,1.648,1.64833,1.00,1.00
2017.10.12 01:00:02.671,1.64797,1.64831,1.50,1.00
2017.10.12 01:00:03.229,1.64793,1.64827,1.25,1.00
2017.10.12 01:00:03.783,1.64793,1.64827,1.19,1.00
2017.10.12 01:00:04.762,1.64796,1.64827,1.00,1.00
2017.10.12 01:00:05.272,1.64793,1.64827,1.25,1.00
2017.10.12 01:00:06.084,1.64791,1.64823,1.69,1.00
2017.10.12 01:00:06.438,1.64791,1.64823,1.69,1.00
2017.10.12 01:00:07.620,1.64791,1.64823,1.69,1.00
2017.10.12 01:00:07.873,1.64795,1.64829,1.25,1.00
2017.10.12 01:00:07.924,1.64793,1.64826,1.19,1.00
2017.10.12 01:00:08.244,1.64797,1.64829,1.00,1.00
2017.10.12 01:00:09.750,1.64798,1.64829,1.00,1.00
2017.10.12 01:00:11.046,1.64802,1.64829,1.00,1.00
2017.10.12 01:00:11.202,1.64801,1.64834,1.00,1.00
2017.10.12 01:00:11.516,1.64803,1.64836,1.00,1.00
2017.10.12 01:00:11.914,1.64805,1.64836,1.00,1.00
2017.10.12 01:00:12.319,1.64808,1.64836,1.00,1.00
2017.10.12 01:00:12.418,1.64808,1.6484,1.00,1.00
2017.10.12 01:00:13.488,1.64812,1.6484,1.00,1.00
2017.10.12 01:00:16.113,1.64813,1.6484,1.00,1.00
2017.10.12 01:00:16.438,1.6482,1.64844,1.00,1.00
2017.10.12 01:00:16.789,1.64817,1.64844,1.00,1.00
2017.10.12 01:00:16.941,1.64815,1.64844,1.50,1.00
2017.10.12 01:00:18.422,1.64816,1.64844,1.00,1.00
2017.10.12 01:00:19.112,1.64817,1.64844,1.00,1.00
2017.10.12 01:00:19.633,1.64816,1.6485,2.25,1.00
2017.10.12 01:00:19.684,1.64836,1.6485,1.00,1.00
2017.10.12 01:00:19.886,1.64836,1.64854,1.00,1.00
2017.10.12 01:00:19.988,1.64838,1.64854,1.00,1.00
2017.10.12 01:00:20.291,1.64845,1.64862,1.00,1.00
2017.10.12 01:00:20.447,1.64845,1.64867,1.00,1.00
2017.10.12 01:00:20.498,1.64845,1.64869,1.00,1.12
2017.10.12 01:00:20.608,1.64843,1.6487,1.00,3.00
2017.10.12 01:00:20.658,1.6485,1.64869,1.00,1.00
2017.10.12 01:00:20.709,1.6485,1.64872,1.00,1.00
2017.10.12 01:00:20.760,1.6485,1.64874,1.00,1.00
2017.10.12 01:00:20.811,1.6485,1.64877,1.00,1.00
2017.10.12 01:00:20.963,1.64848,1.64877,1.00,1.00
2017.10.12 01:00:21.015,1.64857,1.64882,1.00,1.00
2017.10.12 01:00:21.167,1.64857,1.6489,1.00,3.75
2017.10.12 01:00:21.319,1.64856,1.64884,1.00,1.00
2017.10.12 01:00:21.370,1.64856,1.6489,1.00,1.50
2017.10.12 01:00:21.421,1.64855,1.64881,1.00,1.00
2017.10.12 01:00:21.522,1.64854,1.64884,1.00,1.00
2017.10.12 01:00:21.573,1.64856,1.64881,1.00,1.00
2017.10.12 01:00:21.624,1.64852,1.64884,1.50,1.50
2017.10.12 01:00:21.740,1.64851,1.64878,1.00,1.00
2017.10.12 01:00:22.044,1.64851,1.64873,1.00,1.00
2017.10.12 01:00:22.347,1.64849,1.6487,1.00,1.00
2017.10.12 01:00:22.888,1.64848,1.64871,1.00,1.00
2017.10.12 01:00:23.040,1.6485,1.64875,1.00,1.50
2017.10.12 01:00:23.198,1.6485,1.6487,1.00,1.00
2017.10.12 01:00:23.249,1.64846,1.64873,1.00,1.00
2017.10.12 01:00:23.300,1.64848,1.64876,1.00,1.00
2017.10.12 01:00:23.603,1.64847,1.6488,1.50,1.00
2017.10.12 01:00:23.771,1.64852,1.6488,1.00,1.00
2017.10.12 01:00:23.873,1.64852,1.64883,1.00,1.50
2017.10.12 01:00:24.406,1.64853,1.64882,1.00,1.00
2017.10.12 01:00:24.558,1.64853,1.6488,1.00,1.00
2017.10.12 01:00:24.710,1.6485,1.64883,1.00,1.00
2017.10.12 01:00:24.791,1.64854,1.64882,1.00,1.00
2017.10.12 01:00:24.842,1.64853,1.64886,1.00,1.00
2017.10.12 01:00:25.388,1.64853,1.64887,1.00,1.50
2017.10.12 01:00:25.871,1.64853,1.64885,1.00,1.00
2017.10.12 01:00:26.138,1.64853,1.64887,1.00,1.00
2017.10.12 01:00:26.189,1.64853,1.64885,1.00,1.00
2017.10.12 01:00:26.240,1.6485,1.64884,1.00,1.00
2017.10.12 01:00:34.072,1.64854,1.64886,1.00,1.00
2017.10.12 01:00:44.037,1.64858,1.64886,1.00,1.00
2017.10.12 01:00:44.088,1.64858,1.6489,1.00,1.00
2017.10.12 01:00:44.139,1.64856,1.6489,1.00,1.00
2017.10.12 01:00:44.761,1.64858,1.6489,1.00,1.00
2017.10.12 01:00:44.812,1.64856,1.6489,1.50,1.00
2017.10.12 01:00:46.597,1.64856,1.64889,1.00,1.00
2017.10.12 01:00:48.968,1.64856,1.6489,1.00,1.50
2017.10.12 01:00:51.708,1.64856,1.64889,1.00,1.00
2017.10.12 01:00:52.683,1.64856,1.6489,1.00,1.50
2017.10.12 01:01:03.838,1.64864,1.64894,1.00,1.00
2017.10.12 01:01:03.939,1.64864,1.64898,1.50,1.00
2017.10.12 01:01:06.012,1.64869,1.64898,1.00,1.00
2017.10.12 01:01:06.063,1.64869,1.64901,1.50,1.00
2017.10.12 01:01:06.651,1.6488,1.64906,1.00,1.00
2017.10.12 01:01:06.752,1.64885,1.64913,1.00,1.00
2017.10.12 01:01:06.803,1.64888,1.64921,1.00,1.00
2017.10.12 01:01:06.854,1.6489,1.64925,1.00,1.00
2017.10.12 01:01:06.955,1.64886,1.64918,1.00,1.00
2017.10.12 01:01:08.257,1.6489,1.64921,1.00,1.00
2017.10.12 01:01:08.424,1.6489,1.64924,1.00,1.00
2017.10.12 01:01:08.706,1.64885,1.6492,1.00,1.00
2017.10.12 01:01:09.399,1.64891,1.64923,1.00,1.00
2017.10.12 01:01:14.691,1.64888,1.6492,1.00,1.50
2017.10.12 01:01:14.792,1.64883,1.64918,1.00,1.00
2017.10.12 01:01:16.147,1.64879,1.64919,1.00,1.00
2017.10.12 01:01:16.678,1.64878,1.6492,1.00,1.00
2017.10.12 01:01:17.666,1.64879,1.6492,1.00,1.00
2017.10.12 01:01:18.365,1.64879,1.64919,1.00,1.00
2017.10.12 01:01:18.544,1.64881,1.64922,1.50,1.00
2017.10.12 01:01:18.879,1.64883,1.64924,1.00,1.00
2017.10.12 01:01:19.247,1.64881,1.64924,1.50,1.00
2017.10.12 01:01:19.824,1.64882,1.64924,1.00,1.00
2017.10.12 01:01:20.135,1.64878,1.6492,1.00,1.00
2017.10.12 01:01:22.743,1.64879,1.64919,1.00,1.00
2017.10.12 01:01:26.037,1.64878,1.6492,1.50,1.00
2017.10.12 01:01:26.663,1.64879,1.64919,1.00,1.00
2017.10.12 01:01:27.168,1.64878,1.6492,1.00,1.00
2017.10.12 01:01:29.692,1.64881,1.6492,1.00,1.00
2017.10.12 01:01:30.036,1.64883,1.64922,1.00,1.00
2017.10.12 01:01:30.586,1.64884,1.64922,1.00,1.00
2017.10.12 01:01:31.087,1.64883,1.64922,1.00,1.00
2017.10.12 01:01:31.800,1.64884,1.64922,1.00,1.00
2017.10.12 01:01:32.061,1.64884,1.64924,1.00,1.00
2017.10.12 01:01:33.390,1.64887,1.64927,1.00,1.00
2017.10.12 01:01:33.958,1.64888,1.64927,1.00,1.00
2017.10.12 01:01:34.618,1.649,1.64927,1.00,1.00
2017.10.12 01:01:34.669,1.649,1.6493,1.00,1.00
2017.10.12 01:01:34.770,1.649,1.64937,1.50,1.00
2017.10.12 01:01:34.922,1.64905,1.64937,1.00,1.00
2017.10.12 01:01:34.973,1.64906,1.64942,1.00,3.00
2017.10.12 01:01:35.518,1.64905,1.64942,1.00,1.00
2017.10.12 01:01:35.569,1.64905,1.64949,1.00,1.19
2017.10.12 01:01:35.620,1.64905,1.64949,1.00,1.19
2017.10.12 01:01:35.799,1.64906,1.64946,1.00,1.00
2017.10.12 01:01:36.136,1.64907,1.64941,1.00,1.00
2017.10.12 01:01:36.441,1.64905,1.64937,1.00,1.00
2017.10.12 01:01:43.038,1.64902,1.64937,1.00,1.00
2017.10.12 01:01:45.300,1.6491,1.64938,1.00,1.00
2017.10.12 01:01:45.351,1.6491,1.64941,1.00,1.00
2017.10.12 01:01:45.402,1.64914,1.64948,1.00,1.25
2017.10.12 01:01:45.693,1.64914,1.64946,1.00,1.00
2017.10.12 01:01:45.745,1.64907,1.64942,1.00,1.25
2017.10.12 01:01:46.259,1.64905,1.64937,1.00,1.00
2017.10.12 01:01:48.444,1.64909,1.64942,1.00,1.00
2017.10.12 01:01:49.832,1.64912,1.64942,1.00,1.00
2017.10.12 01:01:50.434,1.64913,1.64946,1.00,1.00
2017.10.12 01:01:51.306,1.64916,1.6495,1.00,1.00
2017.10.12 01:01:59.046,1.64913,1.64946,1.00,1.00
2017.10.12 01:02:03.084,1.64907,1.64952,1.00,1.00
2017.10.12 01:02:04.170,1.64907,1.6495,1.00,1.00
2017.10.12 01:02:04.680,1.64905,1.64948,1.25,1.00
2017.10.12 01:02:05.668,1.64906,1.64948,1.00,1.00
2017.10.12 01:02:05.999,1.6491,1.64945,1.00,1.00
2017.10.12 01:02:06.336,1.64913,1.64948,1.00,1.00
2017.10.12 01:02:13.949,1.64913,1.64948,1.19,1.00
2017.10.12 01:02:14.300,1.64917,1.6495,1.00,1.00
2017.10.12 01:02:24.477,1.64914,1.64946,1.00,1.00
2017.10.12 01:02:24.788,1.64907,1.64939,1.00,1.00
2017.10.12 01:02:24.890,1.64898,1.64931,1.50,1.00
2017.10.12 01:02:24.991,1.64895,1.64927,1.50,1.00
2017.10.12 01:02:25.143,1.64893,1.64927,1.00,1.37
2017.10.12 01:02:25.377,1.6489,1.64924,1.18,1.00
2017.10.12 01:02:25.479,1.64885,1.6492,1.00,1.50
2017.10.12 01:02:25.580,1.64885,1.64917,1.00,1.37
2017.10.12 01:02:25.631,1.64885,1.64917,1.00,1.00
2017.10.12 01:02:25.682,1.6488,1.6491,1.00,1.50
2017.10.12 01:02:25.733,1.64876,1.6491,1.00,1.00
2017.10.12 01:02:26.261,1.64876,1.64911,1.00,1.00
2017.10.12 01:02:27.177,1.64876,1.64911,1.00,1.37
2017.10.12 01:02:27.717,1.64876,1.64911,1.00,1.12
2017.10.12 01:02:27.846,1.64876,1.6491,1.00,1.37
2017.10.12 01:02:28.613,1.64876,1.64906,1.00,1.00
2017.10.12 01:02:29.223,1.64876,1.64911,1.00,1.87
2017.10.12 01:02:29.375,1.64871,1.64911,1.68,1.37
2017.10.12 01:02:29.587,1.64871,1.64911,1.68,1.37
2017.10.12 01:02:29.638,1.64877,1.64909,1.00,1.00
2017.10.12 01:02:30.201,1.64879,1.64914,1.00,1.00
2017.10.12 01:02:30.454,1.64879,1.6491,1.00,1.12
2017.10.12 01:02:30.607,1.64876,1.6491,1.00,1.50
2017.10.12 01:02:30.658,1.64872,1.64907,1.00,1.00
2017.10.12 01:02:30.759,1.64872,1.64905,1.00,1.12
2017.10.12 01:02:31.105,1.64869,1.64904,1.00,1.50
2017.10.12 01:02:32.185,1.64883,1.64908,1.00,1.00
2017.10.12 01:02:32.337,1.64891,1.64923,1.00,1.00
2017.10.12 01:02:32.388,1.64894,1.64926,1.00,1.37
2017.10.12 01:02:32.915,1.64894,1.64926,1.00,1.00
2017.10.12 01:02:33.219,1.64891,1.64923,1.00,1.00
2017.10.12 01:02:34.242,1.64898,1.64923,1.00,1.00
2017.10.12 01:02:34.294,1.64902,1.6493,1.00,1.00
2017.10.12 01:02:34.345,1.649,1.64935,1.00,1.00
2017.10.12 01:02:54.702,1.649,1.64935,1.00,1.31
2017.10.12 01:02:54.753,1.64897,1.64931,1.00,1.00
2017.10.12 01:02:55.332,1.64898,1.64931,1.00,1.00
2017.10.12 01:02:55.963,1.64897,1.64931,1.00,1.00
2017.10.12 01:02:58.511,1.64898,1.64931,1.25,1.00
2017.10.12 01:02:59.042,1.64897,1.64931,1.69,1.00
2017.10.12 01:03:00.165,1.64901,1.64936,1.00,1.00
2017.10.12 01:03:09.488,1.64905,1.64939,1.50,1.00
2017.10.12 01:03:09.796,1.64913,1.64947,1.50,1.00
2017.10.12 01:03:10.419,1.64914,1.64947,1.00,1.00
2017.10.12 01:03:11.269,1.64913,1.64947,1.69,1.00
2017.10.12 01:03:11.772,1.64914,1.64947,1.25,1.00
2017.10.12 01:03:12.498,1.64913,1.64947,1.69,1.00
2017.10.12 01:03:12.809,1.64914,1.64947,1.69,1.00
2017.10.12 01:03:13.398,1.64914,1.64947,1.00,1.00
2017.10.12 01:03:14.069,1.64915,1.64947,1.00,1.00
2017.10.12 01:03:14.956,1.64914,1.64947,1.00,1.00
2017.10.12 01:03:18.885,1.64915,1.64947,1.00,1.00
2017.10.12 01:03:19.428,1.64914,1.64947,1.00,1.00
2017.10.12 01:03:20.006,1.64915,1.64947,1.00,1.00
2017.10.12 01:03:20.538,1.64914,1.64947,1.00,1.00
2017.10.12 01:03:21.316,1.64916,1.64951,1.00,1.00
2017.10.12 01:03:37.385,1.64917,1.64949,1.00,1.00
2017.10.12 01:04:00.339,1.64914,1.64947,1.00,1.00
2017.10.12 01:04:01.941,1.64906,1.64939,1.00,1.00
2017.10.12 01:04:02.245,1.64908,1.64943,1.19,1.00
2017.10.12 01:04:02.966,1.64908,1.64943,1.25,1.00
2017.10.12 01:04:04.282,1.64908,1.64943,1.19,1.00
2017.10.12 01:04:04.861,1.64908,1.64943,1.25,1.00
2017.10.12 01:04:05.940,1.64909,1.64947,1.69,1.00
2017.10.12 01:04:06.446,1.64909,1.64947,1.25,1.00
2017.10.12 01:04:12.007,1.64911,1.64947,1.19,1.00
2017.10.12 01:04:12.311,1.64919,1.64952,1.00,1.00
2017.10.12 01:04:13.302,1.6492,1.64952,1.00,1.00
2017.10.12 01:04:13.948,1.64919,1.64952,1.00,1.00
2017.10.12 01:04:15.091,1.6492,1.64952,1.00,1.00
2017.10.12 01:04:15.731,1.64919,1.64952,1.00,1.00
2017.10.12 01:04:16.086,1.64914,1.64947,1.00,1.00
2017.10.12 01:04:16.392,1.64911,1.64943,1.00,1.00
2017.10.12 01:04:23.376,1.64912,1.64943,1.00,1.00
2017.10.12 01:04:24.113,1.64911,1.64943,1.50,1.00
2017.10.12 01:04:25.163,1.64912,1.64943,1.00,1.00
2017.10.12 01:04:26.092,1.64911,1.64943,1.50,1.00
2017.10.12 01:04:26.772,1.64912,1.64943,1.00,1.00
2017.10.12 01:04:27.285,1.64911,1.64943,1.50,1.00
2017.10.12 01:04:28.644,1.64912,1.64943,1.00,1.00
2017.10.12 01:04:28.746,1.64917,1.64951,1.19,1.00
2017.10.12 01:04:28.949,1.64922,1.64954,1.00,1.00
2017.10.12 01:04:29.000,1.64918,1.64952,1.00,1.00
2017.10.12 01:04:29.519,1.64917,1.64951,1.00,1.00
2017.10.12 01:04:30.029,1.64918,1.64951,1.00,1.00
2017.10.12 01:04:30.232,1.64922,1.64954,1.00,1.00
2017.10.12 01:04:30.434,1.64918,1.64951,1.00,1.00
2017.10.12 01:04:31.070,1.64914,1.64946,1.00,1.00
2017.10.12 01:04:32.276,1.64914,1.64946,1.19,1.00
2017.10.12 01:04:35.100,1.64914,1.64946,1.00,1.00
2017.10.12 01:04:35.610,1.64914,1.64946,1.19,1.00
2017.10.12 01:04:36.128,1.64914,1.64946,1.19,1.00
2017.10.12 01:04:37.292,1.64914,1.64946,1.19,1.00
2017.10.12 01:04:37.876,1.64914,1.64946,1.19,1.00
2017.10.12 01:04:37.927,1.64914,1.64946,1.25,1.00
2017.10.12 01:04:38.509,1.64914,1.64946,1.19,1.00
2017.10.12 01:04:39.409,1.64914,1.64946,1.25,1.00
2017.10.12 01:04:39.924,1.64914,1.64946,1.19,1.00
2017.10.12 01:04:40.449,1.64914,1.64946,1.25,1.00
2017.10.12 01:04:41.773,1.64914,1.64946,1.19,1.00
2017.10.12 01:04:42.125,1.64917,1.64951,1.19,1.00
2017.10.12 01:04:42.307,1.64921,1.64955,1.00,1.00
2017.10.12 01:04:45.897,1.64922,1.64955,1.19,1.00
2017.10.12 01:04:46.208,1.64939,1.64966,1.44,1.69
2017.10.12 01:04:46.309,1.64941,1.64975,1.19,1.00
2017.10.12 01:04:46.360,1.64944,1.64978,1.00,1.00
2017.10.12 01:04:49.089,1.64944,1.64977,1.00,1.00
2017.10.12 01:04:50.597,1.64944,1.64978,1.00,1.00
2017.10.12 01:05:01.971,1.64944,1.64978,1.19,1.00
2017.10.12 01:05:02.277,1.64948,1.64981,1.00,1.00
2017.10.12 01:05:02.933,1.64948,1.64981,1.00,1.50
2017.10.12 01:05:03.447,1.64948,1.64981,1.00,1.50
2017.10.12 01:05:06.123,1.64948,1.64981,1.00,2.25
2017.10.12 01:05:07.339,1.64948,1.64981,1.00,1.50
2017.10.12 01:05:08.664,1.64948,1.6498,1.00,1.00
2017.10.12 01:05:09.790,1.64948,1.64981,1.00,1.50
2017.10.12 01:05:09.941,1.64944,1.64978,1.25,1.00
2017.10.12 01:05:10.458,1.64944,1.64978,1.19,1.00
2017.10.12 01:05:11.172,1.64944,1.64978,2.44,1.00
2017.10.12 01:05:11.222,1.64948,1.64978,1.25,1.00
2017.10.12 01:05:11.527,1.64951,1.64985,1.00,1.00
2017.10.12 01:05:12.072,1.64952,1.64985,1.00,1.00
2017.10.12 01:05:13.127,1.64953,1.64985,1.00,1.00
2017.10.12 01:05:13.653,1.64954,1.64988,1.00,1.00
2017.10.12 01:05:14.718,1.64954,1.64988,1.00,1.00
2017.10.12 01:05:15.284,1.64954,1.64988,1.00,1.00
2017.10.12 01:05:15.906,1.64954,1.64988,1.00,1.50
2017.10.12 01:05:16.961,1.64954,1.64988,1.00,1.00
2017.10.12 01:05:17.902,1.6495,1.64984,1.00,1.00
2017.10.12 01:05:18.686,1.64951,1.64984,1.00,1.00
2017.10.12 01:05:22.368,1.64951,1.64984,1.00,1.00
2017.10.12 01:05:22.888,1.64951,1.64984,1.00,1.00
2017.10.12 01:05:26.590,1.64952,1.64984,1.00,1.00
2017.10.12 01:05:27.095,1.6495,1.64984,1.00,1.00
2017.10.12 01:05:27.982,1.64952,1.64984,1.00,1.00
2017.10.12 01:05:28.974,1.64951,1.64984,1.00,1.00
2017.10.12 01:05:29.638,1.6495,1.64984,1.25,1.00
2017.10.12 01:05:29.988,1.64953,1.64984,1.00,1.00
2017.10.12 01:05:30.622,1.64951,1.64984,1.00,1.00
2017.10.12 01:05:32.324,1.64952,1.64984,1.00,1.00
2017.10.12 01:05:32.884,1.64951,1.64984,1.25,1.00
2017.10.12 01:05:33.184,1.64949,1.64984,1.00,1.00
2017.10.12 01:05:33.236,1.64952,1.64984,1.00,1.00
2017.10.12 01:05:33.874,1.64951,1.64984,1.00,1.00
2017.10.12 01:05:35.052,1.64951,1.64984,1.19,1.00
2017.10.12 01:05:35.717,1.64949,1.64984,1.20,1.50
2017.10.12 01:05:35.819,1.64943,1.64972,1.15,1.00
2017.10.12 01:05:35.870,1.64941,1.64973,1.00,1.50
2017.10.12 01:05:35.921,1.64938,1.6497,1.00,1.00
2017.10.12 01:05:36.275,1.64933,1.64967,1.00,1.00
2017.10.12 01:05:36.579,1.64933,1.64966,1.69,1.00
2017.10.12 01:05:37.668,1.64935,1.64967,1.25,1.50
2017.10.12 01:05:39.069,1.6494,1.64972,1.00,1.00
2017.10.12 01:05:39.398,1.64953,1.64984,1.00,1.50
2017.10.12 01:05:40.421,1.64954,1.64984,1.00,1.50
2017.10.12 01:05:41.221,1.64953,1.64984,1.00,1.50
2017.10.12 01:05:41.646,1.64955,1.64984,1.00,1.00
2017.10.12 01:05:42.000,1.64957,1.64987,1.00,1.00
2017.10.12 01:05:42.614,1.64956,1.64987,1.00,1.00
2017.10.12 01:05:43.146,1.64955,1.64987,1.00,1.00
2017.10.12 01:05:44.125,1.64955,1.64987,1.25,1.50
2017.10.12 01:05:44.637,1.64954,1.64987,1.50,1.50
2017.10.12 01:05:45.176,1.64955,1.64987,1.00,1.50
2017.10.12 01:05:45.701,1.64954,1.64987,1.00,1.50
2017.10.12 01:05:46.213,1.64954,1.64987,1.00,1.00
2017.10.12 01:05:46.915,1.64954,1.64987,1.00,2.25
2017.10.12 01:05:46.966,1.64951,1.64984,1.00,1.00
2017.10.12 01:05:47.704,1.64951,1.64984,1.25,1.00
2017.10.12 01:05:48.217,1.64952,1.64984,1.00,1.00
2017.10.12 01:05:48.731,1.64951,1.64984,1.25,1.00
2017.10.12 01:05:52.134,1.64952,1.64984,1.00,1.00
2017.10.12 01:05:52.797,1.64951,1.64984,1.25,1.00
2017.10.12 01:05:53.225,1.64951,1.64984,1.25,1.00
2017.10.12 01:05:54.024,1.64951,1.64984,1.19,1.00
2017.10.12 01:05:54.320,1.6495,1.64984,1.00,1.00
2017.10.12 01:05:57.468,1.64951,1.64984,1.25,1.00
2017.10.12 01:05:58.028,1.6495,1.64984,1.00,1.00
2017.10.12 01:06:07.477,1.64956,1.64986,1.00,1.00
2017.10.12 01:06:08.111,1.64954,1.64986,1.00,1.00
2017.10.12 01:06:08.636,1.64954,1.64985,1.00,1.00
2017.10.12 01:06:08.910,1.64954,1.64978,1.00,1.00
2017.10.12 01:06:09.074,1.64949,1.64978,1.00,1.00
2017.10.12 01:06:09.335,1.64949,1.64981,1.00,1.00
2017.10.12 01:06:12.521,1.64948,1.64982,1.00,1.50
2017.10.12 01:06:12.572,1.64952,1.64981,1.25,1.00
2017.10.12 01:06:12.623,1.64948,1.64982,1.50,1.50
2017.10.12 01:06:13.559,1.64944,1.64979,1.25,1.00
2017.10.12 01:06:15.660,1.64952,1.64981,1.25,1.00
2017.10.12 01:06:15.762,1.64951,1.64983,1.00,1.50
2017.10.12 01:06:16.144,1.64951,1.64986,1.00,1.50
2017.10.12 01:06:16.195,1.64954,1.64986,1.00,1.50
2017.10.12 01:06:16.398,1.64952,1.64986,1.00,1.50
2017.10.12 01:06:16.958,1.64952,1.64985,1.00,1.00
2017.10.12 01:06:17.575,1.64953,1.64986,1.00,1.50
2017.10.12 01:06:17.953,1.64947,1.6498,1.15,1.00
2017.10.12 01:06:18.004,1.64942,1.64977,1.00,1.00
2017.10.12 01:06:18.054,1.64939,1.64972,1.12,1.34
2017.10.12 01:06:18.105,1.64932,1.64965,1.00,1.00
2017.10.12 01:06:18.157,1.6493,1.64959,1.00,1.00
2017.10.12 01:06:18.208,1.64926,1.64959,1.00,1.50
2017.10.12 01:06:18.260,1.64921,1.64954,1.00,1.00
2017.10.12 01:06:18.565,1.64917,1.64949,1.00,1.00
2017.10.12 01:06:18.818,1.64911,1.64944,1.00,1.00
2017.10.12 01:06:18.919,1.64908,1.6494,1.00,1.00
2017.10.12 01:06:19.299,1.64903,1.64937,1.00,1.00
2017.10.12 01:06:22.186,1.64912,1.64937,1.00,1.00
2017.10.12 01:06:22.389,1.64929,1.64963,1.00,1.00
2017.10.12 01:06:22.542,1.64933,1.64965,1.19,1.00
2017.10.12 01:06:22.644,1.64937,1.64969,1.19,1.00
2017.10.12 01:06:22.746,1.64941,1.64976,1.00,1.00
2017.10.12 01:06:22.948,1.64938,1.64972,1.87,1.00
2017.10.12 01:06:23.236,1.64941,1.64975,1.25,1.50
2017.10.12 01:06:23.401,1.64938,1.64972,1.00,1.00
2017.10.12 01:06:23.705,1.64935,1.64967,1.00,1.00
2017.10.12 01:06:24.009,1.64932,1.64964,1.00,1.00
2017.10.12 01:06:25.850,1.64925,1.64959,1.00,1.00
2017.10.12 01:06:26.217,1.64922,1.64957,1.00,1.00
2017.10.12 01:06:26.268,1.6492,1.64952,1.00,2.44
2017.10.12 01:06:26.319,1.64915,1.64947,1.00,1.50
2017.10.12 01:06:26.437,1.64902,1.64937,1.19,1.00
2017.10.12 01:06:26.487,1.64902,1.64937,1.00,1.00
2017.10.12 01:06:26.538,1.649,1.64933,1.50,1.00
2017.10.12 01:06:26.842,1.64895,1.64927,1.00,1.00
2017.10.12 01:06:27.045,1.64898,1.64932,1.25,1.00
2017.10.12 01:06:27.147,1.64901,1.64934,1.00,1.00
2017.10.12 01:06:27.660,1.64901,1.64935,1.25,1.00
2017.10.12 01:06:28.123,1.64898,1.64932,1.19,1.00
2017.10.12 01:06:28.833,1.64898,1.64932,1.25,1.00
2017.10.12 01:06:29.338,1.64893,1.64928,1.00,1.00
2017.10.12 01:06:29.441,1.64891,1.64923,1.19,1.00
2017.10.12 01:06:29.987,1.64891,1.64923,1.25,1.00
2017.10.12 01:06:30.620,1.64903,1.64928,1.25,1.00
2017.10.12 01:06:30.723,1.64907,1.6494,1.31,1.00
2017.10.12 01:06:30.788,1.64909,1.6494,1.19,1.00
2017.10.12 01:06:30.840,1.64921,1.6495,1.00,1.00
2017.10.12 01:06:30.942,1.64924,1.64959,1.00,1.00
2017.10.12 01:06:31.043,1.64921,1.64955,1.00,1.00
2017.10.12 01:06:31.246,1.64924,1.64959,1.00,1.25
2017.10.12 01:06:31.297,1.64922,1.64955,1.25,1.00
2017.10.12 01:06:34.180,1.64926,1.64959,1.00,1.00
2017.10.12 01:06:36.297,1.64926,1.64959,1.19,1.00
2017.10.12 01:06:43.376,1.64926,1.64959,1.87,1.00
2017.10.12 01:06:45.932,1.64926,1.64959,1.19,1.00
2017.10.12 01:06:47.440,1.64926,1.64959,1.00,1.00
2017.10.12 01:06:47.867,1.64927,1.64959,1.19,1.00
2017.10.12 01:06:47.918,1.6493,1.64963,1.19,1.00
2017.10.12 01:06:48.459,1.6493,1.64963,1.19,1.00
2017.10.12 01:06:49.232,1.64929,1.64963,1.19,1.00
2017.10.12 01:06:49.496,1.64929,1.64963,1.25,1.00
2017.10.12 01:06:51.619,1.64929,1.64963,1.19,1.00
2017.10.12 01:06:52.337,1.64929,1.64963,1.00,1.00
2017.10.12 01:06:56.120,1.64926,1.6496,1.69,1.50
2017.10.12 01:06:56.468,1.6493,1.64964,1.00,1.50
2017.10.12 01:06:56.794,1.64936,1.64964,1.00,1.50
2017.10.12 01:06:56.946,1.6494,1.6497,1.00,1.00
2017.10.12 01:06:56.997,1.6494,1.64974,1.00,1.00
2017.10.12 01:06:57.099,1.64945,1.64974,1.00,1.00
2017.10.12 01:06:57.301,1.64941,1.64974,1.25,1.00
2017.10.12 01:06:57.352,1.6494,1.64974,1.19,1.00
2017.10.12 01:06:57.555,1.6494,1.64974,1.25,1.00
2017.10.12 01:06:57.656,1.6494,1.64974,1.19,1.00
2017.10.12 01:06:57.707,1.6494,1.64974,1.19,1.00
2017.10.12 01:06:58.411,1.6494,1.64974,1.19,1.00
2017.10.12 01:06:59.639,1.64939,1.64974,1.19,1.00
2017.10.12 01:07:00.865,1.64939,1.64974,1.19,1.00
2017.10.12 01:07:00.916,1.64939,1.64974,1.00,1.00
2017.10.12 01:07:01.068,1.64939,1.64972,1.25,1.00
2017.10.12 01:07:01.619,1.64939,1.64973,1.00,1.00
2017.10.12 01:07:05.960,1.64939,1.64974,1.00,1.00
2017.10.12 01:07:06.517,1.6494,1.64974,1.00,1.00
2017.10.12 01:07:07.020,1.64939,1.64974,1.50,1.00
2017.10.12 01:07:07.347,1.64939,1.64974,1.19,1.00
2017.10.12 01:07:07.651,1.64943,1.64977,1.00,1.00
2017.10.12 01:07:07.703,1.6494,1.64973,1.25,1.00
2017.10.12 01:07:08.006,1.64936,1.64969,1.00,1.00
2017.10.12 01:07:08.361,1.64935,1.64973,1.19,1.00
2017.10.12 01:07:08.614,1.64933,1.64973,1.69,1.00
2017.10.12 01:07:08.716,1.64938,1.64972,1.00,1.00
2017.10.12 01:07:08.768,1.64934,1.64973,1.19,1.69
2017.10.12 01:07:09.275,1.64934,1.64973,1.19,1.00
2017.10.12 01:07:09.870,1.64935,1.64972,1.25,1.00
2017.10.12 01:07:10.124,1.64938,1.6497,1.00,1.00
2017.10.12 01:07:11.090,1.64935,1.6497,1.25,1.00
2017.10.12 01:07:11.242,1.64937,1.6497,1.00,1.00
2017.10.12 01:07:11.546,1.64945,1.64977,1.00,1.00
2017.10.12 01:07:13.575,1.64946,1.64977,1.25,1.00
2017.10.12 01:07:14.076,1.64945,1.64977,1.50,1.00
2017.10.12 01:07:14.380,1.64945,1.64977,1.19,1.00
2017.10.12 01:07:14.683,1.64945,1.64977,1.00,1.00
2017.10.12 01:07:14.734,1.64945,1.64977,1.19,1.00
2017.10.12 01:07:14.835,1.64945,1.64977,1.00,1.00
2017.10.12 01:07:15.490,1.64945,1.64977,1.19,1.00
2017.10.12 01:07:16.305,1.64945,1.64977,1.25,1.00
2017.10.12 01:07:16.812,1.64945,1.64977,1.19,1.00
2017.10.12 01:07:17.323,1.64945,1.64977,1.19,1.00
2017.10.12 01:07:17.424,1.64945,1.64977,1.25,1.00
2017.10.12 01:07:20.543,1.64946,1.64977,1.00,1.00
2017.10.12 01:07:21.078,1.64945,1.64977,1.25,1.00
2017.10.12 01:07:21.180,1.64947,1.64977,1.00,1.00
2017.10.12 01:07:21.687,1.64946,1.64977,1.19,1.00
2017.10.12 01:07:22.602,1.64946,1.64977,1.25,1.00
2017.10.12 01:07:23.671,1.64945,1.64977,1.19,1.00
2017.10.12 01:07:24.184,1.64945,1.64977,1.19,1.00
2017.10.12 01:07:24.235,1.64949,1.64981,1.00,1.50
2017.10.12 01:07:24.866,1.64949,1.6498,1.00,1.00
2017.10.12 01:07:25.547,1.64949,1.64981,1.00,1.50
2017.10.12 01:07:27.136,1.64949,1.6498,1.00,1.00
2017.10.12 01:07:27.683,1.64949,1.64981,1.00,1.50
2017.10.12 01:07:27.786,1.64945,1.64977,1.00,1.00
2017.10.12 01:07:28.298,1.64944,1.64974,1.00,1.50
2017.10.12 01:07:28.349,1.6494,1.64974,1.00,1.50
2017.10.12 01:07:29.072,1.64939,1.64971,1.00,1.50
2017.10.12 01:07:29.123,1.64937,1.64971,1.25,1.00
2017.10.12 01:07:30.694,1.64938,1.64971,1.00,1.00
2017.10.12 01:07:30.746,1.6494,1.64971,1.19,1.00
2017.10.12 01:07:30.848,1.64945,1.64979,1.19,1.00
2017.10.12 01:07:31.475,1.64945,1.64979,1.69,1.00
2017.10.12 01:07:33.082,1.64945,1.64979,2.44,1.00
2017.10.12 01:07:33.132,1.64948,1.64982,1.19,1.00
2017.10.12 01:07:33.234,1.64948,1.64982,1.69,1.00
2017.10.12 01:07:33.336,1.64952,1.64986,1.19,1.50
2017.10.12 01:07:33.858,1.64952,1.64986,1.00,1.50
2017.10.12 01:07:34.637,1.64949,1.64982,1.69,1.00
2017.10.12 01:07:35.221,1.64949,1.64982,1.69,1.00
2017.10.12 01:07:35.841,1.64949,1.64982,1.69,1.00
2017.10.12 01:07:36.300,1.64949,1.64982,1.69,1.00
2017.10.12 01:07:36.401,1.6495,1.64982,1.19,1.00
2017.10.12 01:07:36.705,1.64952,1.64984,1.00,1.00
2017.10.12 01:07:36.756,1.64954,1.64984,1.00,1.00
2017.10.12 01:07:37.009,1.6495,1.64984,1.25,1.00
2017.10.12 01:07:37.671,1.64949,1.64984,1.69,1.00
2017.10.12 01:07:38.188,1.64949,1.64984,1.69,1.00
2017.10.12 01:07:38.239,1.64949,1.64984,1.69,1.00
2017.10.12 01:07:38.762,1.64949,1.64984,1.69,1.00
2017.10.12 01:07:39.467,1.64949,1.64984,1.69,1.00
2017.10.12 01:07:41.996,1.6495,1.64984,1.00,1.00
2017.10.12 01:07:42.750,1.64949,1.64984,1.50,1.00
2017.10.12 01:07:43.658,1.6495,1.64984,1.00,1.00
2017.10.12 01:07:46.127,1.64949,1.64984,1.50,1.00
2017.10.12 01:07:47.499,1.64949,1.64984,1.50,1.34
2017.10.12 01:07:48.090,1.6495,1.64984,1.00,1.34
2017.10.12 01:07:48.867,1.64949,1.64984,1.50,1.34
2017.10.12 01:07:51.120,1.6495,1.64984,1.00,1.34
2017.10.12 01:07:51.730,1.64949,1.64984,1.50,1.34
2017.10.12 01:07:52.450,1.64949,1.64984,1.50,1.00
2017.10.12 01:07:52.881,1.64949,1.64984,1.69,1.00
2017.10.12 01:07:53.143,1.64949,1.64984,1.00,1.00
2017.10.12 01:07:53.683,1.64946,1.64981,1.00,1.00
2017.10.12 01:07:54.471,1.64946,1.64981,1.19,1.50
2017.10.12 01:07:54.991,1.64946,1.64981,1.19,1.00
2017.10.12 01:07:55.825,1.64946,1.64981,1.19,1.00
2017.10.12 01:07:57.195,1.64946,1.64981,1.19,1.50
2017.10.12 01:07:59.266,1.64946,1.64981,1.19,1.00
2017.10.12 01:07:59.870,1.64946,1.64981,1.25,1.00
2017.10.12 01:08:00.541,1.64946,1.6498,1.50,1.00
2017.10.12 01:08:01.072,1.64945,1.64978,1.00,1.00
2017.10.12 01:08:01.723,1.64946,1.64978,1.00,1.00
2017.10.12 01:08:02.420,1.64945,1.64978,1.00,1.00
2017.10.12 01:08:03.022,1.64946,1.64978,1.00,1.50
2017.10.12 01:08:03.570,1.64945,1.64978,1.00,1.50
2017.10.12 01:08:04.088,1.64943,1.64977,1.19,1.00
2017.10.12 01:08:04.291,1.64943,1.64978,1.19,1.50
2017.10.12 01:08:04.443,1.64943,1.64978,1.19,1.50
2017.10.12 01:08:04.877,1.64943,1.64978,1.19,1.50
2017.10.12 01:08:07.290,1.64943,1.64977,1.19,1.00
2017.10.12 01:08:08.548,1.64943,1.64978,1.00,1.50
2017.10.12 01:08:09.994,1.64943,1.64977,1.25,1.00
2017.10.12 01:08:10.775,1.64943,1.64978,1.00,1.84
2017.10.12 01:08:10.877,1.6494,1.64975,1.25,2.25
2017.10.12 01:08:11.479,1.6494,1.64974,1.19,1.50
2017.10.12 01:08:12.029,1.6494,1.64975,1.00,2.59
2017.10.12 01:08:13.226,1.6494,1.64972,1.00,1.00
2017.10.12 01:08:13.277,1.64936,1.64969,1.00,1.00
2017.10.12 01:08:13.328,1.64933,1.64965,1.00,1.00
2017.10.12 01:08:15.554,1.64933,1.64965,1.19,1.00
2017.10.12 01:08:15.656,1.64935,1.6497,1.25,1.00
2017.10.12 01:08:16.786,1.64935,1.6497,1.19,1.00
2017.10.12 01:08:16.941,1.64935,1.6497,1.00,1.00
2017.10.12 01:08:16.992,1.64935,1.6497,1.19,1.00
2017.10.12 01:08:17.296,1.64937,1.6497,1.19,1.00
2017.10.12 01:08:17.989,1.64936,1.6497,1.69,1.00
2017.10.12 01:08:20.210,1.64938,1.64972,1.25,1.00
2017.10.12 01:08:21.516,1.64938,1.64973,1.00,1.50
2017.10.12 01:08:21.724,1.64938,1.64972,1.69,1.00
2017.10.12 01:08:22.283,1.64939,1.64973,1.25,1.50
2017.10.12 01:08:28.000,1.64942,1.64976,1.00,1.00
2017.10.12 01:08:32.007,1.64939,1.64973,1.00,1.00
2017.10.12 01:08:33.754,1.64939,1.64973,1.19,1.50
2017.10.12 01:08:35.170,1.64945,1.64977,1.19,2.44
2017.10.12 01:08:35.322,1.64948,1.6498,1.19,1.00
2017.10.12 01:08:36.144,1.64948,1.6498,1.19,1.00
2017.10.12 01:08:36.246,1.64942,1.64973,1.12,1.00
2017.10.12 01:08:36.347,1.64942,1.64976,1.25,1.00
2017.10.12 01:08:36.499,1.64946,1.64976,1.00,1.00
2017.10.12 01:08:36.601,1.64947,1.6498,1.00,1.50
2017.10.12 01:08:36.988,1.6495,1.64979,1.00,1.00
2017.10.12 01:08:37.786,1.6495,1.6498,1.00,1.00
2017.10.12 01:08:37.888,1.64946,1.6498,1.69,1.50
2017.10.12 01:08:38.869,1.64946,1.64979,1.00,1.00
2017.10.12 01:08:41.529,1.64946,1.6498,1.00,1.50
2017.10.12 01:08:42.596,1.64946,1.64976,1.00,1.00
2017.10.12 01:08:44.089,1.64952,1.64981,1.25,1.00
2017.10.12 01:08:44.219,1.64952,1.64987,1.00,1.00
2017.10.12 01:08:45.083,1.64953,1.64987,1.00,1.50
2017.10.12 01:08:45.722,1.64954,1.64987,1.00,1.50
2017.10.12 01:08:48.762,1.64953,1.64987,1.00,1.50
2017.10.12 01:08:50.153,1.64952,1.64987,1.00,1.50
2017.10.12 01:08:51.339,1.64952,1.64986,1.50,1.00
2017.10.12 01:08:54.074,1.64952,1.64987,1.50,1.50
2017.10.12 01:08:54.646,1.64952,1.64986,1.50,1.00
2017.10.12 01:08:55.170,1.64952,1.64987,1.50,1.50
2017.10.12 01:08:55.221,1.64954,1.64986,1.00,1.00
2017.10.12 01:08:55.475,1.64952,1.64987,1.50,1.50
2017.10.12 01:08:56.496,1.64952,1.64985,1.00,1.25
2017.10.12 01:08:56.547,1.64947,1.64982,1.50,1.50
2017.10.12 01:08:58.911,1.64943,1.64978,1.00,1.00
2017.10.12 01:08:59.468,1.64943,1.64977,1.00,1.00
2017.10.12 01:08:59.987,1.64944,1.64978,1.00,1.50
2017.10.12 01:09:00.948,1.64943,1.64978,1.00,1.50
2017.10.12 01:09:02.209,1.64943,1.64977,1.25,1.00
2017.10.12 01:09:03.609,1.64943,1.64978,1.25,1.50
2017.10.12 01:09:03.913,1.64948,1.64982,1.19,1.00
2017.10.12 01:09:04.015,1.64948,1.64982,1.00,1.00
2017.10.12 01:09:07.517,1.64948,1.6498,1.00,1.00
2017.10.12 01:09:07.670,1.64943,1.64978,1.00,1.50
2017.10.12 01:09:07.721,1.64943,1.64975,1.00,1.00
2017.10.12 01:09:07.772,1.6494,1.64974,1.00,1.00
2017.10.12 01:09:08.909,1.6494,1.64971,1.00,1.00
2017.10.12 01:09:08.960,1.64936,1.64969,1.00,1.00
2017.10.12 01:09:09.937,1.6494,1.64971,1.00,1.00
2017.10.12 01:09:10.498,1.6494,1.64972,1.00,1.50
2017.10.12 01:09:18.112,1.64942,1.64977,1.00,1.50
2017.10.12 01:09:18.163,1.64945,1.6498,1.69,1.00
2017.10.12 01:09:18.467,1.64943,1.64975,1.19,1.00
2017.10.12 01:09:18.518,1.64945,1.64977,1.25,1.00
2017.10.12 01:09:18.569,1.64947,1.64982,1.00,1.50
2017.10.12 01:09:30.048,1.64947,1.64981,1.00,1.00
2017.10.12 01:09:31.022,1.64947,1.6498,1.00,1.00
2017.10.12 01:09:31.794,1.64947,1.64981,1.00,1.00
2017.10.12 01:09:33.069,1.64943,1.64977,1.00,1.00
2017.10.12 01:09:48.270,1.64943,1.64975,1.00,1.00
2017.10.12 01:09:48.912,1.64943,1.64974,1.00,1.00
2017.10.12 01:09:50.267,1.64938,1.64973,1.50,1.00
2017.10.12 01:09:50.419,1.64941,1.64975,1.19,1.00
2017.10.12 01:09:50.730,1.64948,1.64979,1.00,1.00
2017.10.12 01:09:51.370,1.6495,1.64982,1.19,1.00
2017.10.12 01:09:51.522,1.64957,1.6499,1.00,1.00
2017.10.12 01:10:01.161,1.64958,1.6499,1.25,1.50
2017.10.12 01:10:01.212,1.64962,1.6499,1.00,1.00
2017.10.12 01:10:01.263,1.64962,1.64993,1.00,1.00
2017.10.12 01:10:01.782,1.64962,1.64994,1.00,1.00
2017.10.12 01:10:02.308,1.64961,1.64994,1.00,1.00
2017.10.12 01:10:02.825,1.64962,1.64994,1.00,1.00
2017.10.12 01:10:03.129,1.64964,1.64994,1.00,1.00
2017.10.12 01:10:03.960,1.64962,1.64994,1.00,1.00
2017.10.12 01:10:05.429,1.64961,1.64994,1.00,1.00
2017.10.12 01:10:07.082,1.64959,1.64994,1.50,1.00
2017.10.12 01:10:09.042,1.64961,1.64994,1.00,1.00
2017.10.12 01:10:21.571,1.64963,1.64998,1.50,1.00
2017.10.12 01:10:22.393,1.64964,1.64998,1.00,1.00
2017.10.12 01:10:23.104,1.64965,1.64998,1.00,1.00
2017.10.12 01:10:23.921,1.64966,1.64998,1.00,1.00
2017.10.12 01:10:26.265,1.64969,1.65002,1.69,1.00
2017.10.12 01:10:26.469,1.64975,1.65008,1.00,1.00
2017.10.12 01:10:30.961,1.64975,1.65006,1.00,1.00
2017.10.12 01:10:34.727,1.64975,1.65005,1.00,1.00
2017.10.12 01:10:38.329,1.64972,1.65004,1.00,1.00
2017.10.12 01:10:59.956,1.64972,1.65004,1.19,1.50
2017.10.12 01:11:00.460,1.64972,1.65004,1.25,1.00
2017.10.12 01:11:03.628,1.64972,1.65004,1.00,1.19
2017.10.12 01:11:03.696,1.64963,1.64997,1.00,1.00
2017.10.12 01:11:03.747,1.64961,1.64995,1.00,1.00
2017.10.12 01:11:04.052,1.64957,1.64989,1.00,1.00
2017.10.12 01:11:04.255,1.64954,1.64988,1.50,1.00
2017.10.12 01:11:04.760,1.64958,1.6499,1.00,1.00
2017.10.12 01:11:05.369,1.64959,1.6499,1.25,1.00
2017.10.12 01:11:05.893,1.6496,1.64991,1.00,1.00
2017.10.12 01:11:06.534,1.64961,1.64991,1.00,1.00
2017.10.12 01:11:07.403,1.64961,1.64995,1.00,1.00
2017.10.12 01:11:07.939,1.64957,1.64993,1.00,1.00
2017.10.12 01:11:08.457,1.64956,1.64993,1.00,1.25
2017.10.12 01:11:09.045,1.64957,1.64991,1.50,1.00
2017.10.12 01:11:09.349,1.64959,1.64991,1.00,1.00
2017.10.12 01:11:11.971,1.64959,1.64996,1.00,1.50
2017.10.12 01:11:12.022,1.64959,1.64993,1.00,1.00
2017.10.12 01:11:17.729,1.64958,1.64992,1.00,1.00
2017.10.12 01:11:18.032,1.6495,1.64979,1.00,1.00
2017.10.12 01:11:18.201,1.64955,1.64985,1.00,1.00
2017.10.12 01:11:18.836,1.64954,1.64985,1.25,1.00
2017.10.12 01:11:20.900,1.64955,1.64985,1.19,1.00
2017.10.12 01:11:21.577,1.64957,1.64985,1.00,1.00
2017.10.12 01:11:28.430,1.64952,1.64983,1.00,1.00
2017.10.12 01:11:28.532,1.6495,1.64983,1.00,1.00
2017.10.12 01:11:29.400,1.6495,1.64984,1.00,1.00
2017.10.12 01:11:31.152,1.64951,1.64985,1.69,1.00
2017.10.12 01:11:31.456,1.64957,1.64988,1.00,1.00
2017.10.12 01:11:41.964,1.64958,1.64988,1.00,1.00
2017.10.12 01:11:42.618,1.64957,1.64988,1.25,1.00
2017.10.12 01:11:51.580,1.64958,1.64988,1.00,1.00
2017.10.12 01:11:52.090,1.64957,1.64988,1.00,1.00
2017.10.12 01:11:52.699,1.64958,1.64988,1.00,1.00
2017.10.12 01:12:08.400,1.64959,1.64992,1.00,1.00
2017.10.12 01:12:31.886,1.64958,1.64993,1.00,1.50
2017.10.12 01:12:32.405,1.64957,1.64993,1.00,1.00
2017.10.12 01:12:33.044,1.64958,1.64993,1.00,1.50
2017.10.12 01:12:33.702,1.64957,1.64993,1.00,1.00
2017.10.12 01:12:37.099,1.64958,1.64993,1.00,1.50
2017.10.12 01:12:39.618,1.64957,1.64993,1.00,1.00
2017.10.12 01:12:40.337,1.64957,1.64992,1.25,1.00
2017.10.12 01:12:42.524,1.64958,1.64992,1.00,1.00
2017.10.12 01:12:43.305,1.64958,1.64993,1.00,2.25
2017.10.12 01:12:44.906,1.64956,1.64994,1.25,1.50
2017.10.12 01:12:45.418,1.64956,1.64993,1.69,1.00
2017.10.12 01:12:47.205,1.64958,1.64993,1.00,1.50
2017.10.12 01:12:53.023,1.64958,1.64989,1.50,1.00
2017.10.12 01:12:53.578,1.64958,1.6499,1.00,1.00
2017.10.12 01:12:54.688,1.64959,1.6499,1.00,1.00
2017.10.12 01:12:55.359,1.64959,1.64989,1.00,1.00
2017.10.12 01:12:56.619,1.64956,1.64989,1.87,1.00
2017.10.12 01:12:57.136,1.64956,1.64989,1.19,1.00
2017.10.12 01:12:57.769,1.64957,1.6499,1.00,1.00
2017.10.12 01:12:58.870,1.64957,1.64989,1.00,1.00
2017.10.12 01:13:00.772,1.64957,1.6499,1.00,1.00
2017.10.12 01:13:01.627,1.64957,1.64989,1.25,1.00
2017.10.12 01:13:02.149,1.64957,1.6499,1.00,1.00
2017.10.12 01:13:03.438,1.64957,1.64989,1.00,1.00
2017.10.12 01:13:03.545,1.64953,1.64983,1.15,1.00
2017.10.12 01:13:03.596,1.64945,1.6498,1.69,1.00
2017.10.12 01:13:04.132,1.64946,1.64983,1.50,1.00
2017.10.12 01:13:04.183,1.64946,1.64983,1.69,1.50
2017.10.12 01:13:05.121,1.64946,1.6498,1.69,1.00
2017.10.12 01:13:06.979,1.64946,1.6498,1.69,1.50
2017.10.12 01:13:12.826,1.64946,1.64979,1.50,1.00
2017.10.12 01:13:14.471,1.64945,1.64979,1.50,1.00
2017.10.12 01:13:15.014,1.64946,1.6498,1.00,1.00
2017.10.12 01:13:17.007,1.64945,1.6498,1.50,1.00
2017.10.12 01:13:18.122,1.64946,1.6498,1.50,1.00
2017.10.12 01:13:23.138,1.64945,1.6498,1.00,1.00
2017.10.12 01:13:25.409,1.64945,1.64979,1.24,1.00
2017.10.12 01:13:26.087,1.64945,1.6498,1.00,1.00
2017.10.12 01:13:28.352,1.64945,1.64981,1.50,1.50
2017.10.12 01:13:28.850,1.64948,1.64981,1.50,1.00
2017.10.12 01:13:29.155,1.64958,1.64985,1.50,1.00
2017.10.12 01:13:29.440,1.64958,1.6499,1.00,1.00
2017.10.12 01:13:30.061,1.64959,1.64991,1.00,1.00
2017.10.12 01:13:32.271,1.6496,1.64991,1.00,1.00
2017.10.12 01:13:33.494,1.64958,1.64991,1.00,1.00
2017.10.12 01:13:33.856,1.6496,1.64991,1.00,1.00
2017.10.12 01:13:35.301,1.64958,1.64991,1.00,1.00
2017.10.12 01:13:35.664,1.6496,1.64991,1.00,1.00
2017.10.12 01:13:37.525,1.64959,1.64991,1.00,1.00
2017.10.12 01:13:43.177,1.64959,1.6499,1.25,1.00
2017.10.12 01:13:43.692,1.64959,1.64991,1.00,1.00
2017.10.12 01:13:45.981,1.6496,1.64991,1.00,1.00
2017.10.12 01:13:46.764,1.64959,1.64991,1.00,1.00
2017.10.12 01:13:47.298,1.64959,1.6499,1.00,1.00
2017.10.12 01:13:48.400,1.64959,1.64992,1.00,1.00
2017.10.12 01:13:50.070,1.6496,1.64992,1.00,1.00
2017.10.12 01:13:52.770,1.64959,1.64992,1.00,1.00
2017.10.12 01:13:52.872,1.64957,1.64991,1.00,1.25
2017.10.12 01:13:54.329,1.64953,1.64991,1.50,1.25
2017.10.12 01:13:55.085,1.64953,1.6499,1.00,1.00
2017.10.12 01:13:55.187,1.64951,1.64987,1.00,1.50
2017.10.12 01:13:55.385,1.64947,1.64986,2.44,1.19
2017.10.12 01:13:56.719,1.6495,1.64985,1.00,1.25
2017.10.12 01:13:57.707,1.64947,1.64987,1.50,1.69
2017.10.12 01:13:59.300,1.64947,1.64987,1.00,2.44
2017.10.12 01:14:00.137,1.64947,1.64987,1.00,2.44
2017.10.12 01:14:02.999,1.64947,1.64987,1.00,2.44
2017.10.12 01:14:03.517,1.64947,1.64987,1.00,2.44
2017.10.12 01:14:03.762,1.64947,1.64986,1.50,1.19
2017.10.12 01:14:04.091,1.64947,1.64987,1.00,2.44
2017.10.12 01:14:04.403,1.64949,1.64986,1.00,1.19
2017.10.12 01:14:04.779,1.64947,1.64986,1.69,1.19
2017.10.12 01:14:04.931,1.6495,1.64981,1.00,1.00
2017.10.12 01:14:06.795,1.64955,1.64985,1.00,1.00
2017.10.12 01:14:06.846,1.64958,1.64989,1.69,1.00
2017.10.12 01:14:06.897,1.64962,1.6499,1.00,1.00
2017.10.12 01:14:09.844,1.64962,1.64994,1.00,1.00
2017.10.12 01:14:10.749,1.64961,1.64994,1.00,1.00
2017.10.12 01:14:11.004,1.64962,1.64997,1.00,3.00
2017.10.12 01:14:11.554,1.64962,1.64996,1.00,1.00
2017.10.12 01:14:12.275,1.64962,1.64997,1.00,1.50
2017.10.12 01:14:12.773,1.6496,1.64997,1.00,1.25
2017.10.12 01:14:14.531,1.64961,1.64994,1.00,1.00
2017.10.12 01:14:17.243,1.64961,1.64992,1.00,1.00
2017.10.12 01:14:19.637,1.64961,1.64991,1.00,1.00
2017.10.12 01:14:20.508,1.64961,1.64992,1.00,1.00
2017.10.12 01:14:22.355,1.64961,1.64994,1.00,1.00
2017.10.12 01:14:27.361,1.64961,1.64993,1.50,1.00
2017.10.12 01:14:34.735,1.64961,1.64987,1.00,1.00
2017.10.12 01:14:34.786,1.64957,1.64985,1.00,1.00
2017.10.12 01:14:34.837,1.64955,1.64985,1.00,1.00
2017.10.12 01:14:34.934,1.64955,1.64982,1.00,1.00
2017.10.12 01:14:34.989,1.6495,1.64982,1.00,1.00
2017.10.12 01:14:35.251,1.64953,1.64984,1.25,1.00
2017.10.12 01:14:35.569,1.64958,1.64988,1.19,1.00
2017.10.12 01:14:35.764,1.6496,1.64992,1.25,1.00
2017.10.12 01:14:42.491,1.64961,1.64992,1.00,1.00
2017.10.12 01:14:43.039,1.6496,1.64992,1.50,1.00
2017.10.12 01:14:52.499,1.64958,1.64988,1.00,1.00
2017.10.12 01:14:54.994,1.64954,1.6499,1.00,1.25
2017.10.12 01:14:55.574,1.64954,1.6499,1.00,1.19
2017.10.12 01:14:55.966,1.64956,1.64986,1.00,1.00
2017.10.12 01:14:56.470,1.64954,1.6499,1.00,1.25
2017.10.12 01:14:58.058,1.64956,1.64987,1.00,1.00
2017.10.12 01:14:58.973,1.64954,1.64991,1.00,1.19
2017.10.12 01:14:59.075,1.64955,1.64993,1.00,1.19
2017.10.12 01:14:59.419,1.64955,1.64994,1.00,1.19
2017.10.12 01:15:00.029,1.64955,1.64994,1.00,1.19
2017.10.12 01:15:00.330,1.64957,1.64989,1.00,1.00
2017.10.12 01:15:03.809,1.64955,1.64992,1.00,1.69
2017.10.12 01:15:03.860,1.64956,1.64988,1.00,1.00
2017.10.12 01:15:04.554,1.64955,1.64992,1.00,1.69
2017.10.12 01:15:07.180,1.64955,1.64992,1.00,1.19
2017.10.12 01:15:07.480,1.64952,1.64992,1.00,1.19
2017.10.12 01:15:09.192,1.64953,1.64992,1.00,1.19
2017.10.12 01:15:09.858,1.64954,1.64993,1.00,1.19
2017.10.12 01:15:10.204,1.64961,1.64993,1.00,1.00
2017.10.12 01:15:10.510,1.64965,1.64995,1.00,1.00
2017.10.12 01:15:16.860,1.64961,1.64993,1.00,1.00
2017.10.12 01:15:30.426,1.64961,1.64993,1.00,1.19
2017.10.12 01:15:30.578,1.64957,1.64989,1.00,1.25
2017.10.12 01:15:30.892,1.64957,1.64987,1.00,1.00
2017.10.12 01:15:31.213,1.64953,1.64985,1.00,1.00
2017.10.12 01:15:31.733,1.64953,1.64984,1.00,1.00
2017.10.12 01:15:33.307,1.6495,1.64979,1.00,1.00
2017.10.12 01:15:50.258,1.64955,1.64986,1.50,1.00
2017.10.12 01:15:59.961,1.64951,1.64983,1.00,1.00
2017.10.12 01:16:02.598,1.64944,1.64985,1.69,1.25
2017.10.12 01:16:02.788,1.64944,1.64985,1.69,1.19
2017.10.12 01:16:03.361,1.64944,1.64985,1.69,1.00
2017.10.12 01:16:03.878,1.64944,1.64985,2.06,1.25
2017.10.12 01:16:04.245,1.64944,1.64985,1.87,1.00
2017.10.12 01:16:04.397,1.64952,1.64989,1.25,1.00
2017.10.12 01:16:04.448,1.64952,1.64992,1.00,1.19
2017.10.12 01:16:05.012,1.64953,1.64992,1.25,2.44
2017.10.12 01:16:05.672,1.64953,1.64992,1.00,3.19
2017.10.12 01:16:06.454,1.64954,1.64992,1.00,3.19
2017.10.12 01:16:06.994,1.64955,1.64987,1.00,1.00
2017.10.12 01:16:09.559,1.64955,1.64987,1.19,1.00
2017.10.12 01:16:10.095,1.64955,1.64987,1.50,1.00
2017.10.12 01:16:17.286,1.64955,1.64987,1.69,1.00
2017.10.12 01:16:17.822,1.64955,1.64987,1.50,1.00
2017.10.12 01:16:21.136,1.64955,1.64987,1.69,1.00
2017.10.12 01:16:21.670,1.64955,1.64987,1.00,1.00
2017.10.12 01:16:28.629,1.64956,1.64987,1.00,1.00
2017.10.12 01:16:29.171,1.64955,1.64987,1.50,1.00
2017.10.12 01:16:29.516,1.64959,1.64991,1.00,1.00
2017.10.12 01:16:35.892,1.64962,1.64993,1.00,1.00
2017.10.12 01:16:36.394,1.64963,1.64994,1.00,1.00
2017.10.12 01:16:37.513,1.64964,1.64994,1.00,1.00
2017.10.12 01:16:38.090,1.64963,1.64994,1.25,1.00
2017.10.12 01:16:39.044,1.64964,1.64994,1.00,1.00
2017.10.12 01:16:40.715,1.64963,1.64994,1.25,1.00
2017.10.12 01:16:41.319,1.64964,1.64994,1.00,1.00
2017.10.12 01:16:41.966,1.64963,1.64994,1.25,1.00
2017.10.12 01:16:42.577,1.64964,1.64994,1.00,1.00
2017.10.12 01:16:42.780,1.64962,1.64994,1.00,1.00
2017.10.12 01:16:42.989,1.64958,1.6499,1.00,1.00
2017.10.12 01:16:56.715,1.64952,1.64984,1.00,1.00
2017.10.12 01:16:57.030,1.64948,1.6498,1.00,1.00
2017.10.12 01:17:13.705,1.64945,1.64982,1.00,1.25
2017.10.12 01:17:14.917,1.64945,1.64981,1.00,1.00
2017.10.12 01:17:15.453,1.64945,1.64981,1.00,1.19
2017.10.12 01:17:15.980,1.64945,1.64981,1.00,1.25
2017.10.12 01:17:18.066,1.64945,1.64981,1.00,1.19
2017.10.12 01:17:18.599,1.64945,1.64981,1.00,1.25
2017.10.12 01:17:19.708,1.64944,1.64981,1.50,1.25
2017.10.12 01:17:24.631,1.64944,1.64982,1.00,1.25
2017.10.12 01:17:25.170,1.64944,1.64981,1.50,1.25
2017.10.12 01:17:25.833,1.64944,1.64981,2.25,1.19
2017.10.12 01:17:26.914,1.64944,1.64981,2.25,1.25
2017.10.12 01:17:27.472,1.64944,1.64981,1.50,1.19
2017.10.12 01:17:29.499,1.64944,1.64982,2.25,1.19
2017.10.12 01:17:30.496,1.64942,1.64981,1.87,1.50
2017.10.12 01:17:31.044,1.64942,1.6498,1.87,1.00
2017.10.12 01:17:31.666,1.64942,1.64981,1.50,1.69
2017.10.12 01:17:32.037,1.64942,1.64979,1.00,1.00
2017.10.12 01:17:32.783,1.64943,1.64979,1.00,1.00
2017.10.12 01:17:33.621,1.64943,1.6498,1.00,1.25
2017.10.12 01:17:34.266,1.64941,1.6498,1.00,1.25
2017.10.12 01:17:34.775,1.64941,1.64979,1.50,1.00
2017.10.12 01:17:35.854,1.64942,1.64981,1.00,2.44
2017.10.12 01:17:36.681,1.64944,1.64981,1.00,2.44
2017.10.12 01:17:36.912,1.64942,1.64981,1.00,2.44
2017.10.12 01:17:38.077,1.64942,1.6498,1.50,1.69
2017.10.12 01:17:38.179,1.64942,1.64981,1.00,2.44
2017.10.12 01:17:38.583,1.64944,1.64982,1.00,2.44
2017.10.12 01:17:40.023,1.64948,1.6498,1.00,1.25
2017.10.12 01:17:43.411,1.64948,1.6498,1.00,1.69
2017.10.12 01:17:44.226,1.64948,1.6498,1.00,1.69
2017.10.12 01:17:46.122,1.64948,1.64979,1.00,1.00
2017.10.12 01:17:46.994,1.64948,1.6498,1.00,1.25
2017.10.12 01:17:49.165,1.64945,1.64975,1.00,1.00
2017.10.12 01:17:49.267,1.64948,1.64979,1.50,1.00
2017.10.12 01:17:53.829,1.64948,1.64978,1.00,1.00
2017.10.12 01:17:54.493,1.64948,1.64979,1.00,2.25
2017.10.12 01:17:55.648,1.64948,1.64979,1.00,2.44
2017.10.12 01:17:55.859,1.64943,1.64975,1.00,1.00
2017.10.12 01:17:56.784,1.64943,1.64973,1.00,1.00
2017.10.12 01:17:58.984,1.64943,1.64974,1.00,1.00
2017.10.12 01:17:59.525,1.64943,1.64973,1.69,1.00
2017.10.12 01:18:00.324,1.64944,1.64973,1.00,1.00
2017.10.12 01:18:00.834,1.64943,1.64974,1.69,1.00
2017.10.12 01:18:01.493,1.64943,1.64973,1.69,1.00
2017.10.12 01:18:01.843,1.64943,1.64975,1.50,1.00
2017.10.12 01:18:02.485,1.64944,1.64975,1.00,1.00
2017.10.12 01:18:03.028,1.64943,1.64975,1.50,1.00
2017.10.12 01:18:05.204,1.64944,1.64975,1.00,1.00
2017.10.12 01:18:06.276,1.64943,1.64975,1.50,1.00
2017.10.12 01:18:08.063,1.64944,1.64975,1.00,1.00
2017.10.12 01:18:08.986,1.64943,1.64975,1.50,1.00
2017.10.12 01:18:10.275,1.64944,1.64975,1.00,1.00
2017.10.12 01:18:10.823,1.64943,1.64975,1.50,1.00
2017.10.12 01:18:14.670,1.64944,1.64975,1.00,1.00
2017.10.12 01:18:15.280,1.64943,1.64975,1.50,1.00
2017.10.12 01:18:20.940,1.64944,1.64975,1.00,1.00
2017.10.12 01:18:21.544,1.64943,1.64975,1.50,1.00
2017.10.12 01:18:30.152,1.64944,1.64975,1.00,1.00
2017.10.12 01:18:30.674,1.64943,1.64975,1.69,1.25
2017.10.12 01:18:31.733,1.64944,1.64975,1.00,1.25
2017.10.12 01:18:32.265,1.64943,1.64975,1.50,1.00
2017.10.12 01:18:40.982,1.64943,1.64974,1.00,1.00
2017.10.12 01:18:41.511,1.64943,1.64975,1.00,1.00
2017.10.12 01:18:56.005,1.64941,1.64976,1.00,1.50
2017.10.12 01:18:56.752,1.64942,1.64976,1.00,1.50
2017.10.12 01:18:57.360,1.64941,1.64976,1.00,1.50
2017.10.12 01:18:57.907,1.64942,1.64974,1.00,1.00
2017.10.12 01:18:58.147,1.64942,1.64976,1.00,1.00
2017.10.12 01:18:59.064,1.64941,1.64976,1.00,1.00
2017.10.12 01:19:00.903,1.64942,1.64976,1.00,1.00
2017.10.12 01:19:01.684,1.64941,1.64977,1.00,1.50
2017.10.12 01:19:09.713,1.64942,1.64977,1.00,1.50
2017.10.12 01:19:10.933,1.64941,1.64977,1.00,1.50
2017.10.12 01:19:12.977,1.64942,1.64977,1.00,1.50
2017.10.12 01:19:13.541,1.64942,1.64976,1.00,1.00
2017.10.12 01:19:15.347,1.64941,1.64976,1.00,1.50
2017.10.12 01:19:16.386,1.64942,1.64976,1.00,1.50
2017.10.12 01:19:17.023,1.64941,1.64976,1.00,1.50
2017.10.12 01:19:19.345,1.64942,1.64976,1.00,1.50
2017.10.12 01:19:19.859,1.64941,1.64976,1.00,1.50
2017.10.12 01:19:20.438,1.64942,1.64976,1.00,1.50
2017.10.12 01:19:20.699,1.6494,1.64976,1.25,1.00
2017.10.12 01:19:22.133,1.64941,1.64976,1.00,1.00
2017.10.12 01:19:22.828,1.6494,1.64976,1.25,1.00
2017.10.12 01:19:23.489,1.64941,1.64976,1.00,1.00
2017.10.12 01:19:23.641,1.64943,1.64976,1.00,1.00
2017.10.12 01:19:27.016,1.64944,1.64976,1.00,1.00
2017.10.12 01:19:27.906,1.64943,1.64976,1.00,1.00
2017.10.12 01:19:28.439,1.64944,1.64977,1.00,1.50
2017.10.12 01:19:29.229,1.64944,1.64976,1.00,1.00
2017.10.12 01:19:29.762,1.64943,1.64976,1.00,1.00
2017.10.12 01:19:31.345,1.64944,1.64976,1.00,1.50
2017.10.12 01:19:31.943,1.64943,1.64976,1.00,1.50
2017.10.12 01:19:32.543,1.64944,1.64976,1.00,1.50
2017.10.12 01:19:35.423,1.64943,1.64976,1.00,1.00
2017.10.12 01:19:37.087,1.64943,1.64977,1.00,1.00
2017.10.12 01:19:38.547,1.64943,1.64976,1.00,1.00
2017.10.12 01:19:39.057,1.64944,1.64975,1.00,1.00
2017.10.12 01:19:39.427,1.64941,1.64975,1.00,1.00
2017.10.12 01:19:40.107,1.64942,1.64975,1.00,1.00
2017.10.12 01:19:40.706,1.64941,1.64975,1.00,1.00
2017.10.12 01:19:42.322,1.64942,1.64975,1.00,1.25
2017.10.12 01:19:42.943,1.64941,1.64975,1.00,1.25
2017.10.12 01:19:45.631,1.64942,1.64975,1.00,1.25
2017.10.12 01:19:46.604,1.64941,1.64975,1.00,1.25
2017.10.12 01:19:47.219,1.64941,1.64974,1.00,1.00
2017.10.12 01:19:49.788,1.64941,1.64975,1.00,1.00
2017.10.12 01:19:50.681,1.64942,1.64975,1.00,1.00
2017.10.12 01:19:51.276,1.64941,1.64975,1.00,1.00
2017.10.12 01:19:59.174,1.64942,1.64975,1.00,1.69
2017.10.12 01:19:59.292,1.64942,1.64973,1.00,1.00
2017.10.12 01:19:59.814,1.64941,1.64973,1.00,1.00
2017.10.12 01:20:00.310,1.64943,1.64973,1.00,1.00
2017.10.12 01:20:00.888,1.64944,1.64973,1.00,1.00
2017.10.12 01:20:01.510,1.64943,1.64973,1.00,1.00
2017.10.12 01:20:02.522,1.64944,1.64973,1.00,1.00
2017.10.12 01:20:02.643,1.64936,1.64973,2.59,1.00
2017.10.12 01:20:02.695,1.64941,1.64972,1.00,1.00
2017.10.12 01:20:02.796,1.64936,1.64968,1.00,1.00
2017.10.12 01:20:29.609,1.64936,1.64968,1.19,1.00
2017.10.12 01:20:29.660,1.6494,1.6497,1.00,1.00
2017.10.12 01:20:29.711,1.64943,1.64975,1.50,1.00
2017.10.12 01:20:46.403,1.64941,1.6497,1.00,1.00
2017.10.12 01:21:18.129,1.64942,1.6497,1.00,1.00
2017.10.12 01:21:18.180,1.64945,1.64976,1.00,1.00
2017.10.12 01:21:18.231,1.64947,1.64976,1.69,1.00
2017.10.12 01:21:18.433,1.64949,1.64981,1.25,1.00
2017.10.12 01:21:18.484,1.64951,1.64981,1.00,1.00
2017.10.12 01:21:20.939,1.64949,1.64981,1.69,1.00
2017.10.12 01:21:35.922,1.64946,1.64977,1.50,1.00
2017.10.12 01:21:46.820,1.64947,1.64977,1.00,1.00
2017.10.12 01:21:47.648,1.64946,1.64977,1.00,1.00
2017.10.12 01:22:05.680,1.64947,1.64977,1.00,1.00
2017.10.12 01:22:06.294,1.64946,1.64977,1.00,1.00
2017.10.12 01:22:10.129,1.6495,1.64977,1.00,1.00
2017.10.12 01:22:10.984,1.64948,1.64977,1.00,1.00
2017.10.12 01:22:13.490,1.64947,1.64977,1.00,1.00
2017.10.12 01:22:17.670,1.64946,1.64977,1.50,1.00
2017.10.12 01:22:36.157,1.64943,1.64978,1.00,1.00
2017.10.12 01:22:36.504,1.64943,1.64981,1.00,1.19
2017.10.12 01:22:37.819,1.64943,1.64977,1.00,1.00
2017.10.12 01:22:40.185,1.64943,1.64978,1.00,1.00
2017.10.12 01:22:43.376,1.64945,1.64978,1.00,1.00
2017.10.12 01:22:44.572,1.64943,1.64978,1.00,1.00
2017.10.12 01:22:45.593,1.64945,1.64978,1.00,1.00
2017.10.12 01:22:46.689,1.64943,1.64978,1.00,1.00
2017.10.12 01:22:46.928,1.64945,1.64978,1.00,1.00
2017.10.12 01:22:51.913,1.64944,1.64978,1.00,1.00
2017.10.12 01:22:52.422,1.64943,1.64978,1.00,1.00
2017.10.12 01:22:53.020,1.64943,1.64979,1.00,1.00
2017.10.12 01:22:53.591,1.64944,1.64979,1.00,1.00
2017.10.12 01:22:54.335,1.64944,1.64978,1.00,1.00
2017.10.12 01:22:54.437,1.64946,1.64982,1.00,1.69
2017.10.12 01:22:54.957,1.64947,1.64982,1.00,1.00
2017.10.12 01:22:56.506,1.64946,1.64982,1.00,1.00
2017.10.12 01:22:57.036,1.64947,1.64982,1.00,1.00
2017.10.12 01:22:57.703,1.64946,1.64982,1.00,1.00
2017.10.12 01:22:58.694,1.64945,1.64982,1.25,1.00
2017.10.12 01:22:59.303,1.64946,1.64982,1.00,1.00
2017.10.12 01:23:00.140,1.64949,1.64982,1.00,1.00
2017.10.12 01:23:00.849,1.64947,1.64982,1.00,1.00
2017.10.12 01:23:02.830,1.64947,1.64981,1.00,1.00
2017.10.12 01:23:03.367,1.64947,1.64982,1.00,1.00
2017.10.12 01:23:13.068,1.64947,1.64983,1.25,1.00
2017.10.12 01:23:13.640,1.64947,1.64984,1.00,1.50
2017.10.12 01:23:16.140,1.64947,1.64983,1.00,1.25
2017.10.12 01:23:16.757,1.64946,1.64983,1.00,1.00
2017.10.12 01:23:20.549,1.64945,1.64983,1.00,2.59
2017.10.12 01:23:27.767,1.64947,1.64982,1.00,1.50
2017.10.12 01:23:28.390,1.64949,1.64981,1.00,1.00
2017.10.12 01:23:40.202,1.6495,1.64981,1.00,1.00
2017.10.12 01:23:41.361,1.64951,1.64981,1.00,1.00
2017.10.12 01:23:41.734,1.64949,1.64981,1.00,1.00
2017.10.12 01:23:47.196,1.6495,1.64981,1.00,1.00
2017.10.12 01:23:47.962,1.64951,1.64981,1.00,1.00
2017.10.12 01:23:51.568,1.6495,1.64981,1.00,1.00
2017.10.12 01:23:54.936,1.64951,1.64981,1.00,1.00
2017.10.12 01:23:55.520,1.6495,1.64981,1.00,1.00
2017.10.12 01:23:59.217,1.64953,1.64985,1.00,1.00
2017.10.12 01:24:15.778,1.64954,1.64985,1.00,1.00
2017.10.12 01:24:16.364,1.64953,1.64985,1.00,1.00
2017.10.12 01:24:44.205,1.64953,1.64985,1.19,1.00
2017.10.12 01:24:48.044,1.64953,1.64985,1.00,1.00
2017.10.12 01:24:48.297,1.64957,1.64988,1.00,1.00
2017.10.12 01:24:48.840,1.64957,1.64989,1.50,1.00
2017.10.12 01:24:53.210,1.64955,1.64984,1.00,1.00
2017.10.12 01:25:34.549,1.64956,1.64984,1.00,1.00
2017.10.12 01:25:35.146,1.64955,1.64984,1.00,1.00
2017.10.12 01:25:53.368,1.64951,1.6499,1.19,1.00
2017.10.12 01:25:56.864,1.64951,1.64989,1.19,1.00
2017.10.12 01:25:58.124,1.6495,1.64989,1.19,1.00
2017.10.12 01:25:58.209,1.6495,1.64989,1.19,1.50
2017.10.12 01:26:01.022,1.6495,1.64989,1.19,1.50
2017.10.12 01:26:03.477,1.64953,1.6499,1.25,1.50
2017.10.12 01:26:03.993,1.64954,1.6499,1.00,1.50
2017.10.12 01:26:04.783,1.64953,1.6499,1.00,1.00
2017.10.12 01:26:05.087,1.64953,1.64987,1.00,1.00
2017.10.12 01:26:05.341,1.64953,1.6499,1.00,1.00
2017.10.12 01:26:06.065,1.64951,1.6499,1.69,1.00
2017.10.12 01:26:06.609,1.64952,1.6499,1.19,1.69
2017.10.12 01:26:11.896,1.64951,1.6499,1.69,1.00
2017.10.12 01:26:13.945,1.64951,1.6499,1.69,1.25
2017.10.12 01:26:14.454,1.64951,1.6499,1.69,1.00
2017.10.12 01:26:17.236,1.64951,1.64988,1.19,1.00
2017.10.12 01:26:17.575,1.64951,1.64991,1.19,3.00
2017.10.12 01:26:18.082,1.64951,1.6499,1.19,1.00
2017.10.12 01:26:19.084,1.6495,1.64989,2.44,1.00
2017.10.12 01:26:19.654,1.64951,1.6499,1.19,1.00
2017.10.12 01:26:22.351,1.64952,1.6499,1.19,1.00
2017.10.12 01:26:25.473,1.64952,1.6499,1.00,1.19
2017.10.12 01:26:26.013,1.64951,1.64988,1.00,1.25
2017.10.12 01:26:27.809,1.64949,1.64987,2.62,1.00
2017.10.12 01:26:30.779,1.64949,1.64988,2.62,1.50
2017.10.12 01:26:31.038,1.64949,1.64988,1.69,1.50
2017.10.12 01:26:31.593,1.64949,1.64987,1.69,1.00
2017.10.12 01:26:32.140,1.6495,1.64987,1.00,1.00
2017.10.12 01:26:33.311,1.64949,1.64987,2.25,1.00
2017.10.12 01:26:36.139,1.64949,1.64987,2.44,1.50
2017.10.12 01:26:38.526,1.6495,1.64987,1.19,1.00
2017.10.12 01:26:39.056,1.6495,1.64988,1.19,1.00
2017.10.12 01:26:39.581,1.64951,1.6499,1.19,1.00
2017.10.12 01:26:39.895,1.64951,1.6499,1.69,1.50
2017.10.12 01:26:40.607,1.64951,1.6499,1.69,1.50
2017.10.12 01:26:42.165,1.64951,1.6499,1.19,1.00
2017.10.12 01:26:42.692,1.64951,1.6499,1.69,1.50
2017.10.12 01:26:43.263,1.64953,1.6499,1.19,1.00
2017.10.12 01:26:43.908,1.64953,1.6499,1.19,1.50
2017.10.12 01:26:44.414,1.64953,1.64989,1.19,1.00
2017.10.12 01:26:44.466,1.64953,1.64989,1.25,1.00
2017.10.12 01:26:45.001,1.64953,1.6499,1.25,1.00
2017.10.12 01:26:45.764,1.64953,1.64989,1.25,1.00
2017.10.12 01:26:46.323,1.64953,1.6499,1.00,1.50
2017.10.12 01:26:46.981,1.64951,1.6499,1.19,1.50
2017.10.12 01:26:51.068,1.64951,1.64988,1.19,1.00
2017.10.12 01:26:55.020,1.64951,1.64988,1.19,1.00
2017.10.12 01:26:56.983,1.64951,1.64988,1.19,1.00
2017.10.12 01:26:59.488,1.64951,1.64988,1.19,1.00
2017.10.12 01:27:00.024,1.64951,1.64988,1.19,1.00
2017.10.12 01:27:00.138,1.64951,1.64988,1.25,1.00
2017.10.12 01:27:01.142,1.64951,1.64988,1.69,1.00
2017.10.12 01:27:03.328,1.64951,1.64988,1.25,1.00
2017.10.12 01:27:10.135,1.64951,1.64988,1.69,1.00
2017.10.12 01:27:12.414,1.64951,1.64988,1.69,1.00
2017.10.12 01:27:13.867,1.6495,1.64987,1.69,1.00
2017.10.12 01:27:17.400,1.6495,1.64988,2.44,1.00
2017.10.12 01:27:17.910,1.6495,1.64988,2.44,1.00
2017.10.12 01:27:18.012,1.64955,1.64989,1.00,1.50
2017.10.12 01:27:18.113,1.64953,1.64989,1.25,1.00
2017.10.12 01:27:18.686,1.64953,1.64988,1.00,1.00
2017.10.12 01:27:19.653,1.64954,1.64988,1.00,1.00
2017.10.12 01:27:19.705,1.6495,1.64988,1.69,1.00
2017.10.12 01:27:20.338,1.6495,1.64988,1.19,1.00
2017.10.12 01:27:23.762,1.64952,1.64988,1.00,1.50
2017.10.12 01:27:24.116,1.6495,1.64986,1.19,1.00
2017.10.12 01:27:24.642,1.64951,1.64987,1.19,1.00
2017.10.12 01:27:25.055,1.6495,1.64988,1.00,1.00
2017.10.12 01:27:25.631,1.64951,1.64988,1.00,1.00
2017.10.12 01:27:26.171,1.6495,1.64988,1.25,1.00
2017.10.12 01:27:26.864,1.64951,1.64988,1.00,1.00
2017.10.12 01:27:27.408,1.6495,1.64988,1.25,1.00
2017.10.12 01:27:27.861,1.6495,1.64985,1.25,1.00
2017.10.12 01:27:28.374,1.64951,1.64985,1.00,1.00
2017.10.12 01:27:29.058,1.6495,1.64985,1.25,1.00
2017.10.12 01:27:29.601,1.6495,1.64986,1.00,1.00
2017.10.12 01:27:30.838,1.64949,1.64984,1.19,1.00
2017.10.12 01:27:31.616,1.64948,1.64984,1.19,1.00
2017.10.12 01:27:35.298,1.64949,1.64984,1.19,1.00
2017.10.12 01:27:36.448,1.64949,1.64985,1.19,1.00
2017.10.12 01:27:37.139,1.64948,1.64984,1.50,1.00
2017.10.12 01:27:37.653,1.64948,1.64983,1.00,1.00
2017.10.12 01:27:38.185,1.64948,1.64982,1.00,1.00
2017.10.12 01:27:38.713,1.64948,1.64983,1.00,1.00
2017.10.12 01:27:42.229,1.64974,1.64983,1.84,1.00
2017.10.12 01:27:42.331,1.64969,1.64984,1.19,1.00
2017.10.12 01:27:42.432,1.64975,1.65005,1.50,1.00
2017.10.12 01:27:42.584,1.64975,1.65005,1.00,2.44
2017.10.12 01:27:42.787,1.64971,1.64999,1.00,1.00
2017.10.12 01:27:43.188,1.64968,1.64998,1.00,1.50
2017.10.12 01:27:44.579,1.64968,1.64998,1.00,1.69
2017.10.12 01:27:45.964,1.64968,1.64998,1.00,1.50
2017.10.12 01:27:50.244,1.64968,1.64998,1.00,1.69
2017.10.12 01:28:01.181,1.64968,1.64997,1.00,1.19
2017.10.12 01:28:01.728,1.64968,1.64997,1.00,1.25
2017.10.12 01:28:02.494,1.64968,1.64997,1.00,1.19
2017.10.12 01:28:03.795,1.64968,1.64997,1.00,1.25
2017.10.12 01:28:04.557,1.64968,1.64997,1.00,1.19
2017.10.12 01:28:05.143,1.64968,1.64997,1.00,1.25
2017.10.12 01:28:06.296,1.64968,1.64997,1.00,1.19
2017.10.12 01:28:06.931,1.64968,1.64995,1.00,1.00
2017.10.12 01:28:09.293,1.64968,1.64997,1.00,1.19
2017.10.12 01:28:09.925,1.64968,1.64997,1.00,1.25
2017.10.12 01:28:18.575,1.64968,1.64994,1.00,1.00
2017.10.12 01:28:23.482,1.64963,1.64994,1.00,1.00
2017.10.12 01:28:24.004,1.64963,1.64995,1.00,1.50
2017.10.12 01:28:37.835,1.64967,1.64997,1.00,1.00
2017.10.12 01:28:37.988,1.64973,1.65005,1.00,1.00
2017.10.12 01:28:38.242,1.64973,1.65002,1.00,1.00
2017.10.12 01:28:38.546,1.6497,1.64994,1.00,1.00
2017.10.12 01:28:38.734,1.6497,1.64997,1.00,1.00
2017.10.12 01:28:44.752,1.6497,1.64998,1.00,1.00
2017.10.12 01:28:45.406,1.64966,1.64997,1.00,1.00
2017.10.12 01:28:45.673,1.64966,1.64995,1.00,1.00
2017.10.12 01:28:45.774,1.64966,1.64997,1.00,1.00
2017.10.12 01:28:47.681,1.64966,1.64996,1.00,1.00
2017.10.12 01:28:48.462,1.64966,1.64997,1.00,1.00
2017.10.12 01:28:52.414,1.64963,1.64994,1.00,1.00
2017.10.12 01:28:58.485,1.64966,1.64997,1.00,2.25
2017.10.12 01:28:58.791,1.64969,1.65001,1.69,1.00
2017.10.12 01:28:58.842,1.64973,1.65004,1.19,1.00
2017.10.12 01:28:59.512,1.64973,1.65004,1.19,1.00
2017.10.12 01:28:59.563,1.64973,1.65004,1.00,1.00
2017.10.12 01:29:03.272,1.64968,1.64997,1.00,1.00
2017.10.12 01:29:14.284,1.64965,1.64994,1.00,1.00
2017.10.12 01:29:21.731,1.64966,1.64994,1.69,1.00
2017.10.12 01:29:21.782,1.64969,1.64998,1.19,1.00
2017.10.12 01:29:22.324,1.64969,1.64998,1.19,1.00
2017.10.12 01:29:22.630,1.64969,1.64998,1.00,1.00
2017.10.12 01:29:24.353,1.64969,1.64998,1.19,1.00
2017.10.12 01:29:25.086,1.64969,1.64998,1.19,1.00
2017.10.12 01:29:27.285,1.64969,1.64998,1.25,1.00
2017.10.12 01:29:32.277,1.64969,1.64998,1.19,1.00
2017.10.12 01:29:32.801,1.64969,1.64998,1.00,1.00
2017.10.12 01:29:39.678,1.64965,1.64996,1.50,1.00
2017.10.12 01:29:39.931,1.64965,1.64993,1.00,1.00
2017.10.12 01:29:39.983,1.64962,1.64992,1.00,1.00
2017.10.12 01:29:41.352,1.64962,1.64993,1.00,1.00
2017.10.12 01:29:47.692,1.64958,1.6499,1.00,1.00
2017.10.12 01:29:50.636,1.64963,1.64993,1.69,1.00
2017.10.12 01:29:50.738,1.64968,1.64997,1.25,1.00
2017.10.12 01:29:53.489,1.64969,1.64997,1.25,1.00
2017.10.12 01:29:54.286,1.64968,1.64997,1.69,1.00
2017.10.12 01:29:55.759,1.64969,1.64997,1.25,1.00
2017.10.12 01:30:00.381,1.64968,1.64997,1.50,1.00
2017.10.12 01:30:00.432,1.64966,1.64997,1.00,1.00
2017.10.12 01:30:05.546,1.64966,1.64997,1.19,1.00
2017.10.12 01:30:08.269,1.64966,1.64997,1.25,1.00
2017.10.12 01:30:09.147,1.64968,1.64997,1.50,1.00
2017.10.12 01:30:11.076,1.64969,1.64997,1.00,1.00
2017.10.12 01:30:14.888,1.64968,1.64997,1.00,1.00
2017.10.12 01:30:15.747,1.64969,1.64997,1.00,1.00
2017.10.12 01:30:16.568,1.64968,1.64997,1.00,1.00
2017.10.12 01:30:16.863,1.64966,1.64997,2.25,1.00
2017.10.12 01:30:18.685,1.64967,1.64997,1.00,1.00
2017.10.12 01:30:19.225,1.64966,1.64997,1.69,1.00
2017.10.12 01:30:19.747,1.64967,1.64997,1.25,1.00
2017.10.12 01:30:20.132,1.64969,1.65,1.00,1.00
2017.10.12 01:30:20.335,1.64971,1.65,1.00,1.00
2017.10.12 01:30:20.948,1.64972,1.65,1.00,1.00
2017.10.12 01:30:21.463,1.64969,1.65,1.50,1.00
2017.10.12 01:30:23.921,1.64971,1.65,1.00,1.00
2017.10.12 01:30:23.972,1.64969,1.65,1.50,1.00
2017.10.12 01:30:24.074,1.64972,1.65,1.00,1.00
2017.10.12 01:30:24.416,1.64974,1.65,1.00,1.00
2017.10.12 01:30:24.752,1.64972,1.65,1.00,1.00
2017.10.12 01:30:27.919,1.64974,1.65,1.00,1.00
2017.10.12 01:30:27.971,1.64972,1.65,1.00,1.00
2017.10.12 01:30:30.935,1.64973,1.65,1.00,1.00
2017.10.12 01:30:31.462,1.64974,1.65,1.00,1.00
2017.10.12 01:30:32.420,1.64973,1.65,1.00,1.00
2017.10.12 01:30:33.020,1.64974,1.65,1.00,1.00
2017.10.12 01:30:36.091,1.64974,1.65003,1.00,1.00
2017.10.12 01:30:36.142,1.64972,1.65,1.00,1.00
2017.10.12 01:30:36.688,1.64971,1.65,1.00,1.00
2017.10.12 01:30:37.296,1.6497,1.65,1.50,1.00
2017.10.12 01:30:39.336,1.64969,1.65,1.00,1.00
2017.10.12 01:30:39.841,1.64969,1.64999,1.00,1.00
2017.10.12 01:30:40.378,1.64969,1.65,1.00,1.00
2017.10.12 01:30:45.811,1.64969,1.65,1.19,1.00
2017.10.12 01:30:46.357,1.64971,1.65,1.00,1.00
2017.10.12 01:30:46.953,1.6497,1.65,1.00,1.00
2017.10.12 01:31:00.869,1.64971,1.65,1.00,1.00
2017.10.12 01:31:03.939,1.64972,1.65,1.00,1.00
2017.10.12 01:31:05.155,1.64972,1.65,1.69,1.00
2017.10.12 01:31:05.312,1.64974,1.65004,2.25,1.00
2017.10.12 01:31:06.629,1.64976,1.65008,1.00,1.00
2017.10.12 01:31:06.781,1.64973,1.65004,1.00,1.00
2017.10.12 01:31:19.753,1.64974,1.65004,1.00,1.00
2017.10.12 01:31:20.331,1.64973,1.65004,1.00,1.00
2017.10.12 01:31:32.668,1.64973,1.65004,1.00,1.19
2017.10.12 01:31:33.587,1.64973,1.65004,1.00,1.69
2017.10.12 01:31:36.914,1.64974,1.65004,1.00,1.00
2017.10.12 01:31:38.063,1.64973,1.65004,1.00,1.00
2017.10.12 01:31:41.185,1.64973,1.65002,1.00,1.00
2017.10.12 01:31:42.538,1.64973,1.65004,1.00,1.69
2017.10.12 01:31:45.047,1.64973,1.65004,1.00,1.69
2017.10.12 01:31:46.917,1.64973,1.65004,1.00,1.19
2017.10.12 01:31:47.847,1.64973,1.65004,1.00,1.19
2017.10.12 01:31:50.361,1.64973,1.65004,1.00,1.00
2017.10.12 01:31:50.866,1.64973,1.65004,1.00,1.19
2017.10.12 01:31:51.440,1.64973,1.65004,1.00,1.69
2017.10.12 01:31:56.950,1.64976,1.65007,1.00,1.00
2017.10.12 01:31:57.554,1.64977,1.65007,1.00,1.00
2017.10.12 01:31:57.917,1.64979,1.65007,1.19,1.00
2017.10.12 01:31:58.505,1.64979,1.65007,1.00,1.00
2017.10.12 01:31:59.058,1.64978,1.65007,1.50,1.00
2017.10.12 01:32:00.380,1.64979,1.65007,1.00,1.00
2017.10.12 01:32:01.045,1.6498,1.65007,1.00,1.00
2017.10.12 01:32:01.299,1.6498,1.65011,1.69,1.00
2017.10.12 01:32:13.679,1.64981,1.65011,1.00,1.00
2017.10.12 01:32:14.043,1.64983,1.65011,1.00,1.00
2017.10.12 01:32:14.384,1.64986,1.65011,1.00,1.00
2017.10.12 01:32:16.644,1.64985,1.65011,1.00,1.00
2017.10.12 01:32:17.959,1.64983,1.65011,1.00,1.00
2017.10.12 01:32:18.161,1.64986,1.65011,1.00,1.00
2017.10.12 01:32:19.424,1.64986,1.65016,1.50,1.00
2017.10.12 01:32:50.463,1.64989,1.6502,1.00,1.50
2017.10.12 01:32:50.565,1.64992,1.65022,1.25,1.00
2017.10.12 01:32:50.666,1.64995,1.65026,1.25,1.00
2017.10.12 01:32:50.818,1.64999,1.65031,1.00,1.00
2017.10.12 01:32:51.021,1.65,1.65031,1.19,1.00
2017.10.12 01:32:51.575,1.65001,1.65032,1.25,1.00
2017.10.12 01:32:51.778,1.65002,1.65035,1.25,1.00
2017.10.12 01:32:53.392,1.64998,1.65032,1.00,1.69
2017.10.12 01:32:53.900,1.64998,1.65031,1.00,1.00
2017.10.12 01:32:54.425,1.64998,1.65032,1.00,1.69
2017.10.12 01:32:55.065,1.64998,1.65031,1.00,1.25
2017.10.12 01:32:55.966,1.64998,1.65031,1.00,1.19
2017.10.12 01:32:57.815,1.64998,1.65031,1.00,1.25
2017.10.12 01:32:58.083,1.64998,1.65029,1.00,1.00
2017.10.12 01:32:58.289,1.64998,1.65031,1.00,1.25
2017.10.12 01:33:00.394,1.64998,1.65032,1.00,1.00
2017.10.12 01:33:00.681,1.65,1.65032,1.25,1.00
2017.10.12 01:33:00.732,1.65001,1.65036,1.00,1.00
2017.10.12 01:33:00.934,1.64999,1.65033,1.25,1.00
2017.10.12 01:33:01.979,1.64998,1.65033,1.50,1.00
2017.10.12 01:33:02.769,1.64998,1.65033,1.69,1.00
2017.10.12 01:33:03.415,1.64998,1.65033,1.50,1.00
2017.10.12 01:33:04.697,1.65002,1.65033,1.00,1.00
2017.10.12 01:33:05.051,1.65003,1.65037,1.00,1.00
2017.10.12 01:33:05.254,1.65003,1.65036,1.00,1.19
2017.10.12 01:33:05.305,1.65,1.65033,1.50,1.00
2017.10.12 01:33:09.764,1.65,1.65031,1.00,1.00
2017.10.12 01:33:10.327,1.65,1.65032,1.00,1.00
2017.10.12 01:33:13.984,1.65,1.65033,1.00,1.69
2017.10.12 01:33:14.301,1.65006,1.6504,1.25,1.00
2017.10.12 01:33:14.635,1.65008,1.6504,1.00,1.00
2017.10.12 01:33:16.092,1.65006,1.6504,1.69,1.00
2017.10.12 01:33:16.747,1.65006,1.6504,1.69,1.00
2017.10.12 01:33:17.286,1.65006,1.6504,1.69,1.00
2017.10.12 01:33:17.794,1.65006,1.6504,1.69,1.00
2017.10.12 01:33:18.170,1.65009,1.65041,1.00,1.00
2017.10.12 01:33:22.845,1.65009,1.65043,1.00,1.69
2017.10.12 01:33:23.047,1.65009,1.6504,1.00,1.00
2017.10.12 01:33:23.579,1.65005,1.65035,1.00,1.00
2017.10.12 01:33:23.630,1.65002,1.65035,1.00,1.69
2017.10.12 01:33:23.950,1.65002,1.65032,1.00,1.00
2017.10.12 01:33:24.481,1.65002,1.65034,1.00,1.00
2017.10.12 01:33:24.785,1.65002,1.65032,1.00,1.00
2017.10.12 01:33:26.935,1.65002,1.65034,1.00,1.25
2017.10.12 01:33:27.289,1.65002,1.65032,1.00,1.00
2017.10.12 01:33:27.803,1.65002,1.65033,1.00,1.00
2017.10.12 01:33:29.052,1.65002,1.65032,1.00,1.00
2017.10.12 01:33:30.002,1.65002,1.65035,1.00,2.44
2017.10.12 01:33:30.324,1.65002,1.65033,1.00,1.00
2017.10.12 01:33:30.998,1.65002,1.65033,1.00,1.19
2017.10.12 01:33:31.597,1.65002,1.65033,1.00,1.00
2017.10.12 01:33:32.110,1.65002,1.65032,1.00,1.00
2017.10.12 01:33:32.699,1.65002,1.65035,1.00,2.44
2017.10.12 01:33:32.901,1.64997,1.65031,1.50,1.00
2017.10.12 01:33:36.908,1.64998,1.65031,1.00,1.00
2017.10.12 01:33:37.419,1.64997,1.65031,1.69,1.00
2017.10.12 01:33:37.841,1.65001,1.65036,2.25,1.25
2017.10.12 01:33:38.044,1.65001,1.65035,1.00,1.69
2017.10.12 01:33:38.146,1.64997,1.65032,1.00,1.00
2017.10.12 01:33:38.977,1.64997,1.6503,1.00,1.00
2017.10.12 01:33:39.498,1.64997,1.65031,1.00,1.50
2017.10.12 01:33:43.041,1.64997,1.6503,1.00,1.00
2017.10.12 01:33:43.587,1.64997,1.65031,1.00,1.00
2017.10.12 01:33:45.489,1.64997,1.6503,1.00,1.00
2017.10.12 01:33:46.013,1.64997,1.65031,1.00,1.00
2017.10.12 01:33:46.872,1.64997,1.6503,1.00,1.00
2017.10.12 01:33:47.432,1.64997,1.65031,1.00,1.00
2017.10.12 01:33:47.956,1.64997,1.6503,1.00,1.00
2017.10.12 01:33:48.505,1.64997,1.65031,1.00,1.50
2017.10.12 01:33:48.978,1.64999,1.65032,1.00,1.00
2017.10.12 01:33:49.082,1.65,1.65034,1.00,1.25
2017.10.12 01:33:49.184,1.64997,1.65031,1.00,1.00
2017.10.12 01:33:55.618,1.64997,1.65031,1.00,1.19
2017.10.12 01:33:56.483,1.64997,1.65031,1.00,1.69
2017.10.12 01:33:57.848,1.64997,1.65028,1.00,1.00
2017.10.12 01:33:59.026,1.64997,1.65029,1.00,1.25
2017.10.12 01:34:01.697,1.64997,1.65031,1.00,1.19
2017.10.12 01:34:03.477,1.64995,1.65027,1.50,1.00
2017.10.12 01:34:03.781,1.64977,1.65008,1.00,1.50
2017.10.12 01:34:03.832,1.64975,1.65008,1.00,1.50
2017.10.12 01:34:04.069,1.64973,1.65008,1.00,1.00
2017.10.12 01:34:04.573,1.64973,1.65008,1.00,1.69
2017.10.12 01:34:05.078,1.64973,1.65008,1.00,1.50
2017.10.12 01:34:07.388,1.64973,1.65008,1.00,2.44
2017.10.12 01:34:08.036,1.64973,1.65008,1.00,1.69
2017.10.12 01:34:08.541,1.64973,1.65005,1.00,1.00
2017.10.12 01:34:08.946,1.64973,1.65007,1.00,1.25
2017.10.12 01:34:09.207,1.64973,1.65007,1.00,1.19
2017.10.12 01:34:09.359,1.64969,1.65003,1.00,1.00
2017.10.12 01:34:09.898,1.64969,1.65003,1.69,1.00
2017.10.12 01:34:10.480,1.64969,1.65003,2.44,1.00
2017.10.12 01:34:11.436,1.64969,1.65002,1.50,1.00
2017.10.12 01:34:12.431,1.64969,1.65001,1.00,1.00
2017.10.12 01:34:12.602,1.64969,1.64999,1.00,1.00
2017.10.12 01:34:12.836,1.64969,1.65002,1.50,1.00
2017.10.12 01:34:13.384,1.64969,1.65003,1.00,1.50
2017.10.12 01:34:13.980,1.64969,1.65003,1.19,1.00
2017.10.12 01:34:14.499,1.64969,1.65003,1.25,1.00
2017.10.12 01:34:15.670,1.64971,1.65003,1.00,1.00
2017.10.12 01:34:16.915,1.64969,1.65003,1.69,1.00
2017.10.12 01:34:17.184,1.64971,1.65003,1.00,1.00
2017.10.12 01:34:18.034,1.64969,1.65003,1.50,1.00
2017.10.12 01:34:18.085,1.64971,1.65003,1.00,1.00
2017.10.12 01:34:18.876,1.6497,1.65003,1.00,1.00
2017.10.12 01:34:19.266,1.64973,1.65007,1.00,1.00
2017.10.12 01:34:19.368,1.64974,1.65007,1.00,1.69
2017.10.12 01:34:19.419,1.64972,1.65007,1.50,1.69
2017.10.12 01:34:20.018,1.64972,1.65007,1.50,1.19
2017.10.12 01:34:20.525,1.64972,1.65007,1.00,1.25
2017.10.12 01:34:20.979,1.64972,1.65006,1.00,1.19
2017.10.12 01:34:21.311,1.64972,1.65007,1.00,1.25
2017.10.12 01:34:26.228,1.64973,1.65007,1.00,1.00
2017.10.12 01:34:26.762,1.64972,1.65007,1.50,1.00
2017.10.12 01:34:28.586,1.64972,1.65007,1.00,1.69
2017.10.12 01:34:29.103,1.64973,1.65007,1.00,1.00
2017.10.12 01:34:29.754,1.64972,1.65007,1.00,1.00
2017.10.12 01:34:30.318,1.64973,1.65007,1.00,1.00
2017.10.12 01:34:30.933,1.64972,1.65007,1.00,1.00
2017.10.12 01:34:31.436,1.64972,1.65006,1.00,1.25
2017.10.12 01:34:31.567,1.64972,1.65004,1.00,1.00
2017.10.12 01:34:32.073,1.64972,1.65005,1.00,1.00
2017.10.12 01:34:32.174,1.64972,1.65007,1.00,1.25
2017.10.12 01:34:33.588,1.64972,1.65007,1.19,1.00
2017.10.12 01:34:39.567,1.64973,1.65007,1.00,1.19
2017.10.12 01:34:40.075,1.64972,1.65007,1.00,1.69
2017.10.12 01:34:42.897,1.64972,1.65007,1.00,1.69
2017.10.12 01:34:45.407,1.64972,1.65007,1.00,2.44
2017.10.12 01:34:46.968,1.64974,1.65005,1.00,1.00
2017.10.12 01:34:47.171,1.64982,1.65014,1.00,2.25
2017.10.12 01:34:47.222,1.64982,1.65014,1.19,1.50
2017.10.12 01:34:47.786,1.64982,1.65014,1.19,1.00
2017.10.12 01:34:48.327,1.64982,1.65014,1.19,1.00
2017.10.12 01:34:48.867,1.64983,1.65014,1.19,1.00
2017.10.12 01:34:49.384,1.64983,1.65014,1.25,1.00
2017.10.12 01:34:49.883,1.64985,1.65014,1.00,1.00
2017.10.12 01:34:52.020,1.64983,1.65014,1.25,1.00
2017.10.12 01:34:52.347,1.64985,1.65014,1.00,1.00
2017.10.12 01:34:52.957,1.64984,1.65014,1.00,1.00
2017.10.12 01:34:53.503,1.64982,1.65014,1.69,1.00
2017.10.12 01:34:53.857,1.64982,1.65014,1.69,1.00
2017.10.12 01:34:58.077,1.64984,1.65014,1.25,1.00
2017.10.12 01:35:01.765,1.64984,1.65014,1.19,1.00
2017.10.12 01:35:06.386,1.64983,1.65014,1.25,1.00
2017.10.12 01:35:06.437,1.64985,1.65017,1.00,1.00
2017.10.12 01:35:15.870,1.64985,1.65016,1.00,1.00
2017.10.12 01:35:16.599,1.64985,1.65017,1.00,1.00
2017.10.12 01:35:18.524,1.64985,1.65017,1.19,1.00
2017.10.12 01:35:19.534,1.64986,1.65017,1.25,1.00
2017.10.12 01:35:19.896,1.64988,1.65017,1.25,1.00
2017.10.12 01:35:22.488,1.64988,1.65021,1.69,1.00
2017.10.12 01:35:22.590,1.64988,1.65021,1.69,1.00
2017.10.12 01:35:22.843,1.64991,1.65024,1.25,1.00
2017.10.12 01:35:23.831,1.64991,1.65024,1.19,1.00
2017.10.12 01:35:25.455,1.64991,1.65024,1.69,1.00
2017.10.12 01:35:26.744,1.64991,1.65024,1.19,1.00
2017.10.12 01:35:27.867,1.64991,1.65024,1.69,1.00
2017.10.12 01:35:29.250,1.64991,1.65024,1.19,1.00
2017.10.12 01:35:29.402,1.64995,1.65027,1.00,1.00
2017.10.12 01:35:55.727,1.64996,1.65027,1.00,1.00
2017.10.12 01:35:56.260,1.64995,1.65027,1.50,1.00
2017.10.12 01:36:14.518,1.64991,1.65025,1.00,1.00
2017.10.12 01:36:25.053,1.64991,1.65023,1.00,1.00
2017.10.12 01:36:25.811,1.64991,1.65025,1.00,1.69
2017.10.12 01:36:25.862,1.64991,1.65023,1.00,1.00
2017.10.12 01:36:26.451,1.64991,1.6502,1.00,1.00
2017.10.12 01:36:26.603,1.64984,1.65017,1.00,1.00
2017.10.12 01:36:27.495,1.6498,1.65014,1.50,1.00
2017.10.12 01:36:29.634,1.6498,1.65014,1.19,1.00
2017.10.12 01:36:33.456,1.64982,1.65014,1.00,1.00
2017.10.12 01:36:33.508,1.64985,1.65018,1.00,1.00
2017.10.12 01:36:34.025,1.64985,1.65016,1.00,1.00
2017.10.12 01:36:35.096,1.64981,1.65014,1.00,1.00
2017.10.12 01:36:40.371,1.6498,1.65014,1.50,1.00
2017.10.12 01:36:54.137,1.6498,1.65013,1.00,1.00
2017.10.12 01:36:54.643,1.6498,1.65014,2.25,1.00
2017.10.12 01:36:55.212,1.6498,1.65014,1.69,1.00
2017.10.12 01:36:55.767,1.64982,1.65014,1.00,1.00
2017.10.12 01:36:58.275,1.64982,1.65014,1.19,1.00
2017.10.12 01:36:58.427,1.64982,1.65014,1.00,1.00
2017.10.12 01:36:58.629,1.64984,1.65017,1.00,1.00
2017.10.12 01:36:58.680,1.64989,1.65018,1.25,1.00
2017.10.12 01:36:58.782,1.64989,1.65021,1.19,1.00
2017.10.12 01:36:58.833,1.6499,1.65021,1.19,1.00
2017.10.12 01:36:58.889,1.64991,1.65025,1.19,1.00
2017.10.12 01:36:58.940,1.64995,1.65027,1.00,1.00
2017.10.12 01:37:00.889,1.64995,1.65027,1.19,1.00
2017.10.12 01:37:02.036,1.64995,1.65027,1.25,1.00
2017.10.12 01:37:02.421,1.6502,1.65042,1.00,1.37
2017.10.12 01:37:02.472,1.65033,1.65052,1.00,1.00
2017.10.12 01:37:02.523,1.65035,1.65052,2.44,1.00
2017.10.12 01:37:02.574,1.65042,1.65077,1.44,1.50
2017.10.12 01:37:02.626,1.65047,1.65077,1.00,1.00
2017.10.12 01:37:02.930,1.65079,1.65106,1.50,1.25
2017.10.12 01:37:03.279,1.65091,1.6513,1.19,1.37
2017.10.12 01:37:03.330,1.65088,1.65126,1.67,1.37
2017.10.12 01:37:03.381,1.65084,1.65121,1.19,1.00
2017.10.12 01:37:03.482,1.65087,1.65125,1.61,1.00
2017.10.12 01:37:03.653,1.65086,1.65122,1.19,1.00
2017.10.12 01:37:03.979,1.65089,1.65127,1.19,1.00
2017.10.12 01:37:04.283,1.65089,1.65125,1.19,1.00
2017.10.12 01:37:04.598,1.65089,1.65122,1.00,1.00
2017.10.12 01:37:04.750,1.65091,1.65129,1.00,1.00
2017.10.12 01:37:05.156,1.65087,1.65124,1.00,1.00
2017.10.12 01:37:05.257,1.65078,1.65118,1.68,1.00
2017.10.12 01:37:05.308,1.65074,1.65114,1.12,1.19
2017.10.12 01:37:05.660,1.65071,1.65109,1.12,1.00
2017.10.12 01:37:05.965,1.65098,1.65131,1.68,1.00
2017.10.12 01:37:06.016,1.65098,1.65143,1.00,1.00
2017.10.12 01:37:06.168,1.65102,1.65144,1.11,1.50
2017.10.12 01:37:06.472,1.65102,1.65139,1.00,1.00
2017.10.12 01:37:06.652,1.65099,1.65137,1.00,1.00
2017.10.12 01:37:07.153,1.65099,1.65138,1.00,1.00
2017.10.12 01:37:07.254,1.65096,1.65137,1.61,1.00
2017.10.12 01:37:07.426,1.65093,1.65138,1.14,1.19
2017.10.12 01:37:07.528,1.65093,1.65133,1.11,1.00
2017.10.12 01:37:08.047,1.6509,1.65133,1.11,1.00
2017.10.12 01:37:08.148,1.6509,1.65135,1.11,1.69
2017.10.12 01:37:08.199,1.65096,1.65137,1.11,1.50
2017.10.12 01:37:08.856,1.65101,1.65136,1.11,1.00
2017.10.12 01:37:09.107,1.65135,1.65173,1.11,1.00
2017.10.12 01:37:09.158,1.6513,1.65174,1.23,1.00
2017.10.12 01:37:09.209,1.65128,1.65163,1.75,1.00
2017.10.12 01:37:09.525,1.65131,1.65161,1.00,1.00
2017.10.12 01:37:09.627,1.65119,1.65159,1.14,1.00
2017.10.12 01:37:10.233,1.65119,1.65158,1.23,1.00
2017.10.12 01:37:10.735,1.65119,1.65159,1.11,1.00
2017.10.12 01:37:10.837,1.65121,1.65159,1.11,1.00
2017.10.12 01:37:11.036,1.65138,1.65178,1.00,2.25
2017.10.12 01:37:11.138,1.65136,1.65176,1.11,1.00
2017.10.12 01:37:11.290,1.65134,1.65175,1.14,1.25
2017.10.12 01:37:11.341,1.65133,1.65166,1.14,1.00
2017.10.12 01:37:11.594,1.65124,1.65166,1.61,1.00
2017.10.12 01:37:11.645,1.65124,1.6516,1.11,1.00
2017.10.12 01:37:11.696,1.6512,1.65155,1.14,1.00
2017.10.12 01:37:11.871,1.65117,1.6515,1.61,1.00
2017.10.12 01:37:11.922,1.65117,1.6515,1.12,1.00
2017.10.12 01:37:12.024,1.65117,1.65148,1.12,1.00
2017.10.12 01:37:12.551,1.65116,1.65149,1.00,1.50
2017.10.12 01:37:12.602,1.65111,1.65149,2.36,1.00
2017.10.12 01:37:12.704,1.65111,1.65149,1.00,1.69
2017.10.12 01:37:12.754,1.65109,1.65139,1.12,1.00
2017.10.12 01:37:13.270,1.65108,1.6514,1.50,1.00
2017.10.12 01:37:14.108,1.65108,1.65137,1.50,1.00
2017.10.12 01:37:15.187,1.65108,1.65139,1.61,1.50
2017.10.12 01:37:15.684,1.65108,1.65138,1.61,1.00
2017.10.12 01:37:15.786,1.65109,1.65139,1.48,1.00
2017.10.12 01:37:16.048,1.65108,1.65138,1.61,1.00
2017.10.12 01:37:16.599,1.65108,1.65138,1.61,1.00
2017.10.12 01:37:17.255,1.65109,1.65138,1.23,1.00
2017.10.12 01:37:17.672,1.65111,1.65139,1.61,1.00
2017.10.12 01:37:17.824,1.65118,1.65147,1.14,1.00
2017.10.12 01:37:17.876,1.6513,1.6515,1.00,1.00
2017.10.12 01:37:17.927,1.65127,1.6516,1.00,1.69
2017.10.12 01:37:17.978,1.65133,1.65163,1.61,1.00
2017.10.12 01:37:18.289,1.65144,1.65179,1.12,1.00
2017.10.12 01:37:18.340,1.65137,1.65175,1.61,1.00
2017.10.12 01:37:18.441,1.65141,1.65172,1.00,1.00
2017.10.12 01:37:18.492,1.65135,1.65178,1.00,1.31
2017.10.12 01:37:18.543,1.65137,1.65173,1.00,2.25
2017.10.12 01:37:18.850,1.65124,1.65163,1.61,1.00
2017.10.12 01:37:18.901,1.65127,1.6516,2.36,1.00
2017.10.12 01:37:18.952,1.65129,1.65164,1.11,1.00
2017.10.12 01:37:19.003,1.65127,1.65166,1.11,1.00
2017.10.12 01:37:19.054,1.65126,1.65166,1.00,1.00
2017.10.12 01:37:19.105,1.65123,1.65164,1.61,1.00
2017.10.12 01:37:19.608,1.65125,1.65162,1.11,1.00
2017.10.12 01:37:20.069,1.65125,1.6516,1.11,1.00
2017.10.12 01:37:20.423,1.65122,1.65151,1.00,1.00
2017.10.12 01:37:20.474,1.65117,1.65151,1.11,1.00
2017.10.12 01:37:20.575,1.65117,1.65149,1.00,1.00
2017.10.12 01:37:20.914,1.65126,1.65157,1.00,1.00
2017.10.12 01:37:20.965,1.6512,1.65152,1.15,1.00
2017.10.12 01:37:21.017,1.6512,1.65149,1.00,1.00
2017.10.12 01:37:21.543,1.65117,1.65149,1.19,1.00
2017.10.12 01:37:22.090,1.65116,1.6515,1.94,1.00
2017.10.12 01:37:22.535,1.65117,1.6515,1.31,1.00
2017.10.12 01:37:22.636,1.65124,1.65159,1.19,1.00
2017.10.12 01:37:22.687,1.65126,1.65161,1.19,1.00
2017.10.12 01:37:22.738,1.65126,1.65165,1.19,1.50
2017.10.12 01:37:22.839,1.65127,1.65163,1.19,1.00
2017.10.12 01:37:22.991,1.6513,1.65167,1.19,1.00
2017.10.12 01:37:23.042,1.6513,1.6517,1.69,1.00
2017.10.12 01:37:23.235,1.65135,1.65174,1.19,1.00
2017.10.12 01:37:23.589,1.6513,1.65171,1.19,1.00
2017.10.12 01:37:23.640,1.65129,1.65165,1.19,1.00
2017.10.12 01:37:23.742,1.65129,1.6517,1.69,1.00
2017.10.12 01:37:23.843,1.65129,1.65165,1.19,1.00
2017.10.12 01:37:23.945,1.65134,1.65173,1.19,1.00
2017.10.12 01:37:24.468,1.65133,1.65173,1.69,1.00
2017.10.12 01:37:24.822,1.65139,1.65174,1.19,1.00
2017.10.12 01:37:25.177,1.65138,1.65175,1.19,1.00
2017.10.12 01:37:25.616,1.65135,1.65173,1.19,1.00
2017.10.12 01:37:26.208,1.65135,1.65174,1.19,1.00
2017.10.12 01:37:26.813,1.65135,1.65175,1.19,1.50
2017.10.12 01:37:27.158,1.65142,1.6518,1.19,1.00
2017.10.12 01:37:27.209,1.6514,1.65177,1.19,1.00
2017.10.12 01:37:27.759,1.6514,1.65177,1.69,1.00
2017.10.12 01:37:27.962,1.65139,1.65173,1.25,1.00
2017.10.12 01:37:28.013,1.65136,1.65173,1.19,1.00
2017.10.12 01:37:28.064,1.65134,1.65167,1.00,1.00
2017.10.12 01:37:28.216,1.65129,1.65164,1.31,1.00
2017.10.12 01:37:28.419,1.65129,1.65166,1.69,1.00
2017.10.12 01:37:28.948,1.6513,1.65167,1.31,1.50
2017.10.12 01:37:28.998,1.65133,1.65167,1.50,1.00
2017.10.12 01:37:29.302,1.65125,1.65166,2.44,1.00
2017.10.12 01:37:29.353,1.65128,1.65165,2.44,1.00
2017.10.12 01:37:29.505,1.65128,1.65166,1.25,1.00
2017.10.12 01:37:29.556,1.65128,1.65168,1.25,1.00
2017.10.12 01:37:29.875,1.65127,1.65161,1.00,1.00
2017.10.12 01:37:29.926,1.65121,1.65161,1.69,1.50
2017.10.12 01:37:30.179,1.65124,1.65161,1.00,1.00
2017.10.12 01:37:30.280,1.65122,1.65161,1.00,1.25
2017.10.12 01:37:30.432,1.65121,1.65156,1.00,1.00
2017.10.12 01:37:30.767,1.65117,1.65147,1.00,1.00
2017.10.12 01:37:30.818,1.651,1.65141,2.44,1.00
2017.10.12 01:37:31.365,1.651,1.65141,1.69,1.69
2017.10.12 01:37:32.566,1.65099,1.6514,1.31,1.00
2017.10.12 01:37:32.668,1.65101,1.65139,2.06,1.00
2017.10.12 01:37:32.922,1.65105,1.65146,3.75,1.00
2017.10.12 01:37:34.575,1.65106,1.65146,1.19,1.50
2017.10.12 01:37:35.355,1.65105,1.65146,1.69,1.00
2017.10.12 01:37:35.406,1.65105,1.65146,1.00,1.19
2017.10.12 01:37:35.457,1.65101,1.65138,1.19,1.00
2017.10.12 01:37:35.559,1.65101,1.6514,1.19,1.00
2017.10.12 01:37:35.660,1.65098,1.6514,3.56,1.00
2017.10.12 01:37:35.713,1.65102,1.65142,1.19,1.00
2017.10.12 01:37:36.054,1.65098,1.6514,1.69,1.00
2017.10.12 01:37:36.564,1.65099,1.65139,1.69,1.00
2017.10.12 01:37:37.171,1.65098,1.65134,1.19,1.00
2017.10.12 01:37:37.222,1.65095,1.65134,1.19,1.00
2017.10.12 01:37:37.273,1.65093,1.65129,1.19,1.00
2017.10.12 01:37:37.325,1.6509,1.6513,1.19,1.00
2017.10.12 01:37:37.376,1.6509,1.65127,1.19,1.00
2017.10.12 01:37:38.339,1.6509,1.65126,1.19,1.00
2017.10.12 01:37:38.724,1.65087,1.65122,1.25,1.00
2017.10.12 01:37:38.775,1.65083,1.65117,1.69,1.00
2017.10.12 01:37:39.135,1.65089,1.65117,1.00,1.00
2017.10.12 01:37:39.237,1.65092,1.65126,1.19,1.25
2017.10.12 01:37:39.288,1.65095,1.6513,1.19,1.00
2017.10.12 01:37:39.390,1.65095,1.65133,1.19,1.50
2017.10.12 01:37:39.441,1.65098,1.65133,1.19,1.00
2017.10.12 01:37:39.579,1.65094,1.65133,1.31,1.50
2017.10.12 01:37:40.085,1.65093,1.65132,2.25,1.00
2017.10.12 01:37:40.362,1.65093,1.65132,1.19,1.19
2017.10.12 01:37:40.413,1.65088,1.65122,1.65,1.00
2017.10.12 01:37:40.464,1.65088,1.65123,1.25,1.00
2017.10.12 01:37:40.565,1.65083,1.6512,1.31,1.00
2017.10.12 01:37:43.092,1.65086,1.6512,1.19,1.00
2017.10.12 01:37:43.194,1.65088,1.65124,1.56,1.25
2017.10.12 01:37:43.245,1.65093,1.65127,1.19,1.00
2017.10.12 01:37:43.296,1.65099,1.65129,1.31,1.00
2017.10.12 01:37:43.347,1.65097,1.65135,1.19,1.00
2017.10.12 01:37:43.449,1.65098,1.65138,2.06,1.00
2017.10.12 01:37:43.601,1.65098,1.65135,1.31,1.00
2017.10.12 01:37:44.138,1.65099,1.65136,1.56,1.00
2017.10.12 01:37:44.442,1.6511,1.65147,1.19,1.00
2017.10.12 01:37:44.645,1.6511,1.65147,1.19,1.00
2017.10.12 01:37:44.746,1.65111,1.65151,1.31,1.00
2017.10.12 01:37:45.261,1.65111,1.6515,1.19,1.00
2017.10.12 01:37:45.487,1.65113,1.6515,1.19,1.00
2017.10.12 01:37:45.539,1.65113,1.65153,1.69,1.50
2017.10.12 01:37:45.590,1.65115,1.65153,1.31,1.50
2017.10.12 01:37:45.691,1.65117,1.65156,1.31,1.50
2017.10.12 01:37:46.046,1.65118,1.65154,1.19,1.00
2017.10.12 01:37:46.735,1.65117,1.65156,1.19,1.00
2017.10.12 01:37:46.785,1.65123,1.65158,1.19,1.00
2017.10.12 01:37:46.988,1.65128,1.65165,1.00,1.00
2017.10.12 01:37:47.039,1.65128,1.65158,1.00,1.00
2017.10.12 01:37:47.090,1.65119,1.65158,2.44,1.00
2017.10.12 01:37:47.191,1.65117,1.65158,1.19,2.25
2017.10.12 01:37:47.242,1.65116,1.65155,1.19,1.00
2017.10.12 01:37:47.395,1.65112,1.65149,1.19,1.00
2017.10.12 01:37:47.632,1.65107,1.65145,1.69,1.00
2017.10.12 01:37:48.057,1.65107,1.65145,1.69,1.00
2017.10.12 01:37:48.209,1.65108,1.65145,1.19,1.00
2017.10.12 01:37:48.260,1.65107,1.65145,1.19,1.00
2017.10.12 01:37:48.412,1.6511,1.65145,1.19,1.00
2017.10.12 01:37:48.463,1.65113,1.65149,1.19,1.00
2017.10.12 01:37:48.565,1.6511,1.65148,1.69,1.00
2017.10.12 01:37:49.152,1.6511,1.65147,1.69,1.00
2017.10.12 01:37:49.506,1.6511,1.65151,1.69,1.00
2017.10.12 01:37:49.557,1.6511,1.65148,1.19,1.00
2017.10.12 01:37:50.122,1.65108,1.65147,1.19,1.50
2017.10.12 01:37:50.603,1.65109,1.65147,1.19,1.00
2017.10.12 01:37:50.654,1.65109,1.6515,1.19,1.50
2017.10.12 01:37:51.375,1.65108,1.65148,1.19,1.00
2017.10.12 01:37:52.105,1.65113,1.65147,1.19,1.00
2017.10.12 01:37:52.156,1.65112,1.6515,1.19,1.00
2017.10.12 01:37:52.230,1.65115,1.6515,1.19,1.00
2017.10.12 01:37:52.281,1.6511,1.65149,1.39,1.00
2017.10.12 01:37:52.332,1.65109,1.65148,1.19,1.00
2017.10.12 01:37:52.873,1.65109,1.65147,1.19,1.00
2017.10.12 01:37:53.229,1.65108,1.6515,1.69,1.50
2017.10.12 01:37:53.786,1.65108,1.6515,1.19,1.50
2017.10.12 01:37:53.837,1.6511,1.6515,1.19,1.50
2017.10.12 01:37:53.989,1.65113,1.65154,1.19,1.50
2017.10.12 01:37:55.037,1.65112,1.65154,1.19,1.00
2017.10.12 01:37:56.325,1.65113,1.65154,1.19,1.00
2017.10.12 01:37:56.798,1.65115,1.65156,1.19,1.00
2017.10.12 01:37:58.509,1.65113,1.65152,1.00,1.19
2017.10.12 01:37:58.611,1.65109,1.65151,1.19,1.25
2017.10.12 01:37:59.544,1.65106,1.65147,1.19,1.00
2017.10.12 01:38:00.078,1.65106,1.65147,1.19,1.00
2017.10.12 01:38:00.807,1.65106,1.65147,1.19,1.00
2017.10.12 01:38:01.556,1.65113,1.65152,1.19,1.19
2017.10.12 01:38:01.769,1.6511,1.65152,1.87,1.19
2017.10.12 01:38:02.329,1.65109,1.65148,1.00,1.44
2017.10.12 01:38:02.856,1.65109,1.65148,1.00,1.25
2017.10.12 01:38:03.040,1.65109,1.6515,1.25,1.25
2017.10.12 01:38:03.293,1.6511,1.6515,1.25,1.19
2017.10.12 01:38:03.625,1.65097,1.65137,1.19,1.00
2017.10.12 01:38:03.936,1.65097,1.65137,1.19,1.00
2017.10.12 01:38:04.442,1.65096,1.65138,1.19,1.00
2017.10.12 01:38:04.665,1.65095,1.65133,1.19,1.00
2017.10.12 01:38:05.196,1.65093,1.65132,1.19,1.00
2017.10.12 01:38:06.024,1.65089,1.65126,1.25,1.00
2017.10.12 01:38:06.077,1.65089,1.65122,1.00,1.00
2017.10.12 01:38:06.128,1.65089,1.65126,1.25,2.25
2017.10.12 01:38:06.641,1.65085,1.65126,1.19,1.50
2017.10.12 01:38:07.086,1.65082,1.65122,1.19,1.00
2017.10.12 01:38:07.964,1.65082,1.65122,1.19,1.00
2017.10.12 01:38:10.422,1.65082,1.65118,1.00,1.19
2017.10.12 01:38:10.473,1.65078,1.65118,1.69,1.69
2017.10.12 01:38:10.524,1.65075,1.65108,1.00,1.25
2017.10.12 01:38:10.575,1.65071,1.65109,1.00,1.69
2017.10.12 01:38:10.626,1.65067,1.65101,1.00,1.00
2017.10.12 01:38:10.677,1.65062,1.65101,3.19,1.00
2017.10.12 01:38:10.728,1.6507,1.65105,1.00,1.19
2017.10.12 01:38:10.778,1.65064,1.65105,1.19,1.69
2017.10.12 01:38:11.133,1.65062,1.65099,1.19,1.00
2017.10.12 01:38:11.235,1.65056,1.65096,1.69,1.00
2017.10.12 01:38:11.287,1.65062,1.651,1.25,1.00
2017.10.12 01:38:11.439,1.65062,1.65102,1.69,1.00
2017.10.12 01:38:11.490,1.65059,1.65099,1.19,1.00
2017.10.12 01:38:11.567,1.65058,1.651,1.19,1.00
2017.10.12 01:38:12.318,1.65059,1.65099,1.19,1.00
2017.10.12 01:38:13.256,1.65058,1.651,1.19,2.25
2017.10.12 01:38:13.763,1.65058,1.651,1.19,2.25
2017.10.12 01:38:13.814,1.65059,1.65099,1.19,1.00
2017.10.12 01:38:14.320,1.65058,1.651,1.19,1.00
2017.10.12 01:38:15.132,1.65067,1.65102,1.00,1.25
2017.10.12 01:38:15.284,1.65062,1.65104,1.19,2.25
2017.10.12 01:38:15.335,1.65062,1.65104,1.19,2.25
2017.10.12 01:38:15.437,1.65078,1.65103,1.00,1.00
2017.10.12 01:38:15.488,1.65076,1.65105,1.00,1.00
2017.10.12 01:38:15.539,1.65073,1.65108,1.25,1.25
2017.10.12 01:38:15.646,1.65069,1.65107,1.00,1.19
2017.10.12 01:38:15.698,1.65064,1.65103,1.19,1.00
2017.10.12 01:38:16.120,1.65062,1.65103,1.19,1.25
2017.10.12 01:38:16.438,1.65063,1.65101,1.19,1.00
2017.10.12 01:38:16.766,1.65056,1.65094,1.19,1.00
2017.10.12 01:38:17.285,1.65056,1.65095,1.19,1.00
2017.10.12 01:38:17.824,1.65055,1.65095,1.19,1.00
2017.10.12 01:38:18.872,1.65054,1.65094,2.44,1.00
2017.10.12 01:38:18.973,1.65053,1.65095,1.25,1.19
2017.10.12 01:38:19.025,1.65051,1.6509,1.19,1.00
2017.10.12 01:38:19.545,1.6505,1.65089,1.19,1.00
2017.10.12 01:38:19.987,1.65049,1.6509,1.19,1.00
2017.10.12 01:38:20.617,1.65049,1.6509,1.00,1.69
2017.10.12 01:38:20.921,1.65034,1.65075,1.17,1.00
2017.10.12 01:38:21.444,1.65035,1.65074,1.17,1.00
2017.10.12 01:38:21.697,1.65034,1.65075,1.17,3.19
2017.10.12 01:38:22.676,1.65035,1.65074,1.17,1.00
2017.10.12 01:38:23.376,1.65034,1.65075,1.17,2.44
2017.10.12 01:38:23.691,1.65043,1.65082,1.17,1.50
2017.10.12 01:38:23.794,1.65039,1.65079,1.17,1.25
2017.10.12 01:38:23.845,1.65039,1.65074,1.00,1.00
2017.10.12 01:38:23.896,1.65034,1.65073,1.17,1.19
2017.10.12 01:38:23.947,1.65033,1.65069,1.17,1.00
2017.10.12 01:38:24.780,1.65029,1.65069,1.67,1.00
2017.10.12 01:38:25.616,1.65029,1.65067,1.67,1.00
2017.10.12 01:38:26.526,1.65028,1.65066,1.17,1.00
2017.10.12 01:38:27.116,1.65027,1.65067,1.17,1.00
2017.10.12 01:38:32.185,1.65029,1.65066,1.17,1.00
2017.10.12 01:38:32.687,1.65028,1.65067,1.67,1.00
2017.10.12 01:38:33.285,1.65036,1.6507,1.17,1.00
2017.10.12 01:38:33.336,1.65036,1.65072,1.17,1.25
2017.10.12 01:38:33.387,1.65038,1.65078,1.17,1.00
2017.10.12 01:38:33.969,1.65038,1.65078,1.17,1.00
2017.10.12 01:38:34.071,1.65039,1.65078,1.17,1.00
2017.10.12 01:38:35.651,1.65037,1.65078,1.19,1.50
2017.10.12 01:38:36.911,1.65036,1.65078,1.69,1.00
2017.10.12 01:38:38.491,1.65036,1.65078,1.69,1.25
2017.10.12 01:38:38.694,1.65037,1.65078,1.31,1.69
2017.10.12 01:38:39.172,1.65039,1.65078,1.19,1.00
2017.10.12 01:38:39.494,1.65041,1.65078,1.19,1.00
2017.10.12 01:38:39.596,1.65039,1.65078,1.19,1.00
2017.10.12 01:38:39.649,1.6504,1.65078,1.19,1.00
2017.10.12 01:38:42.054,1.65039,1.65078,1.19,1.00
2017.10.12 01:38:44.540,1.65038,1.65078,1.19,1.00
2017.10.12 01:38:45.135,1.65037,1.65078,2.62,1.00
2017.10.12 01:38:45.718,1.65038,1.65078,1.69,1.00
2017.10.12 01:38:46.054,1.65037,1.65072,1.25,1.00
2017.10.12 01:38:46.105,1.65037,1.65074,1.25,1.00
2017.10.12 01:38:46.264,1.65034,1.65076,1.19,1.25
2017.10.12 01:38:46.757,1.65038,1.65078,1.00,1.19
2017.10.12 01:38:46.808,1.65038,1.65078,1.25,1.25
2017.10.12 01:38:47.077,1.65038,1.65078,1.19,1.00
2017.10.12 01:38:47.388,1.65039,1.65078,1.19,1.00
2017.10.12 01:38:48.112,1.65038,1.65078,1.19,1.00
2017.10.12 01:38:48.635,1.65039,1.65078,1.19,1.00
2017.10.12 01:38:49.233,1.65039,1.65078,1.19,1.00
2017.10.12 01:38:49.750,1.65038,1.65078,1.69,1.00
2017.10.12 01:38:50.253,1.65039,1.65078,1.19,1.25
2017.10.12 01:38:50.819,1.65039,1.65078,1.19,1.00
2017.10.12 01:38:51.747,1.65039,1.6508,1.19,1.25
2017.10.12 01:38:52.257,1.65038,1.65081,1.69,1.19
2017.10.12 01:38:52.819,1.65038,1.65079,1.19,1.25
2017.10.12 01:38:54.455,1.65038,1.65079,1.19,1.00
2017.10.12 01:38:55.656,1.65039,1.65079,1.19,1.19
2017.10.12 01:38:56.008,1.65035,1.65078,1.44,1.19
2017.10.12 01:38:56.647,1.65035,1.65077,1.19,1.19
2017.10.12 01:38:57.209,1.65034,1.65078,1.69,1.19
2017.10.12 01:38:57.529,1.65035,1.65077,1.19,1.00
2017.10.12 01:38:57.948,1.65034,1.65078,1.69,1.19
2017.10.12 01:38:58.452,1.65034,1.65078,1.69,1.69
2017.10.12 01:39:00.936,1.65035,1.65077,1.19,1.19
2017.10.12 01:39:01.162,1.65035,1.65077,1.19,1.25
2017.10.12 01:39:01.708,1.65034,1.65078,1.69,1.69
2017.10.12 01:39:02.660,1.65034,1.65078,1.69,1.69
2017.10.12 01:39:04.748,1.65035,1.65077,1.19,1.19
2017.10.12 01:39:05.220,1.65034,1.65078,1.69,1.69
2017.10.12 01:39:06.401,1.65035,1.65077,1.19,1.19
2017.10.12 01:39:06.734,1.65034,1.65078,1.69,1.69
2017.10.12 01:39:07.435,1.65034,1.65078,1.69,1.19
2017.10.12 01:39:08.455,1.65034,1.65074,1.19,1.00
2017.10.12 01:39:09.371,1.65032,1.65073,1.19,1.00
2017.10.12 01:39:09.913,1.65032,1.65073,1.19,1.69
2017.10.12 01:39:10.947,1.65032,1.65072,1.19,1.00
2017.10.12 01:39:11.588,1.65032,1.65072,1.19,1.00
2017.10.12 01:39:11.745,1.65035,1.65076,1.69,1.00
2017.10.12 01:39:11.831,1.65035,1.65076,1.69,1.00
2017.10.12 01:39:11.985,1.65032,1.65074,3.56,1.00
2017.10.12 01:39:12.036,1.65032,1.65074,2.44,1.00
2017.10.12 01:39:12.087,1.65032,1.65072,1.69,1.00
2017.10.12 01:39:12.614,1.65032,1.65071,1.69,1.00
2017.10.12 01:39:13.004,1.65032,1.65071,1.69,1.00
2017.10.12 01:39:13.627,1.65032,1.65071,1.69,1.00
2017.10.12 01:39:14.152,1.65032,1.65071,1.69,1.00
2017.10.12 01:39:14.345,1.6503,1.65068,1.19,1.00
2017.10.12 01:39:14.964,1.6503,1.65049,1.00,1.00
2017.10.12 01:39:15.066,1.65005,1.65029,1.50,1.00
2017.10.12 01:39:15.118,1.64991,1.65028,1.00,1.25
2017.10.12 01:39:15.169,1.64991,1.65023,1.00,1.00
2017.10.12 01:39:15.221,1.64981,1.65022,1.00,1.50
2017.10.12 01:39:15.273,1.64984,1.65022,1.00,1.19
2017.10.12 01:39:15.324,1.6498,1.6502,1.00,1.00
2017.10.12 01:39:15.411,1.64978,1.65022,1.00,1.50
2017.10.12 01:39:15.465,1.64978,1.65021,1.00,1.19
2017.10.12 01:39:15.921,1.64982,1.65017,1.00,1.00
2017.10.12 01:39:15.972,1.64977,1.65021,1.00,1.19
2017.10.12 01:39:16.226,1.64975,1.65018,1.00,1.19
2017.10.12 01:39:16.277,1.64975,1.65013,1.00,1.00
2017.10.12 01:39:16.827,1.64974,1.65013,1.50,1.00
2017.10.12 01:39:17.358,1.64977,1.65013,1.00,1.00
2017.10.12 01:39:18.114,1.64977,1.6502,2.44,1.00
2017.10.12 01:39:18.165,1.64982,1.6502,1.19,1.00
2017.10.12 01:39:18.216,1.64987,1.65028,1.19,1.25
2017.10.12 01:39:18.267,1.64991,1.65029,1.19,1.00
2017.10.12 01:39:18.318,1.64993,1.65033,1.19,1.00
2017.10.12 01:39:18.469,1.64992,1.65033,1.19,1.25
2017.10.12 01:39:19.206,1.64991,1.65033,1.19,1.19
2017.10.12 01:39:19.420,1.64992,1.65033,1.19,1.19
2017.10.12 01:39:19.774,1.64993,1.65036,1.19,1.00
2017.10.12 01:39:19.825,1.64999,1.65035,1.19,1.00
2017.10.12 01:39:19.927,1.65003,1.65044,1.69,1.00
2017.10.12 01:39:19.977,1.65004,1.65044,1.19,1.00
2017.10.12 01:39:20.028,1.65004,1.65047,2.44,1.00
2017.10.12 01:39:20.643,1.65004,1.65045,1.69,1.00
2017.10.12 01:39:20.695,1.65004,1.65047,1.69,3.00
2017.10.12 01:39:20.797,1.65002,1.65042,1.25,1.69
2017.10.12 01:39:20.847,1.64996,1.65037,1.19,1.00
2017.10.12 01:39:21.394,1.64997,1.65037,1.19,1.00
2017.10.12 01:39:22.074,1.64996,1.65037,1.19,1.00
2017.10.12 01:39:24.647,1.64997,1.65037,1.19,1.00
2017.10.12 01:39:24.698,1.64997,1.65037,1.00,1.19
2017.10.12 01:39:24.749,1.64992,1.65034,1.69,1.25
2017.10.12 01:39:25.333,1.64991,1.65036,1.50,1.19
2017.10.12 01:39:25.865,1.64991,1.65036,1.50,1.19
2017.10.12 01:39:26.783,1.64991,1.65036,1.50,1.19
2017.10.12 01:39:26.885,1.64993,1.65037,1.00,1.19
2017.10.12 01:39:26.936,1.64992,1.65037,1.19,1.19
2017.10.12 01:39:27.335,1.64992,1.65041,1.50,1.19
2017.10.12 01:39:27.975,1.64992,1.65036,1.50,1.00
2017.10.12 01:39:28.464,1.64992,1.65036,2.06,1.00
2017.10.12 01:39:29.927,1.64993,1.65036,1.87,1.69
2017.10.12 01:39:30.180,1.65006,1.6505,1.25,1.69
2017.10.12 01:39:30.586,1.65006,1.65045,1.25,1.00
2017.10.12 01:39:31.135,1.65007,1.65044,1.25,1.00
2017.10.12 01:39:31.186,1.65006,1.6505,1.00,1.69
2017.10.12 01:39:31.417,1.65007,1.65049,1.00,1.69
2017.10.12 01:39:31.670,1.65006,1.6505,1.00,1.69
2017.10.12 01:39:32.212,1.65006,1.6505,1.00,1.69
2017.10.12 01:39:32.733,1.65006,1.6505,1.25,1.69
2017.10.12 01:39:34.789,1.65003,1.65032,1.00,1.00
2017.10.12 01:39:34.965,1.64981,1.65021,1.00,1.50
2017.10.12 01:39:35.221,1.64985,1.65019,1.00,1.00
2017.10.12 01:39:35.727,1.64986,1.65019,1.00,1.00
2017.10.12 01:39:35.961,1.6497,1.65005,1.00,1.00
2017.10.12 01:39:36.063,1.64971,1.65008,1.00,1.00
2017.10.12 01:39:36.165,1.64974,1.65008,1.00,1.00
2017.10.12 01:39:36.368,1.64982,1.65021,1.00,1.00
2017.10.12 01:39:36.773,1.64985,1.6502,1.00,1.00
2017.10.12 01:39:37.587,1.6499,1.6502,1.00,1.00
2017.10.12 01:39:37.789,1.64981,1.65016,1.00,1.00
2017.10.12 01:39:38.231,1.64978,1.65021,1.00,1.50
2017.10.12 01:39:38.755,1.64979,1.6502,1.00,1.00
2017.10.12 01:39:39.299,1.64978,1.65021,1.00,1.50
2017.10.12 01:39:39.350,1.64978,1.65021,1.31,1.50
2017.10.12 01:39:39.451,1.64984,1.65027,1.00,1.00
2017.10.12 01:39:39.654,1.6498,1.65018,1.50,1.00
2017.10.12 01:39:39.704,1.6498,1.65023,1.50,1.00
2017.10.12 01:39:40.211,1.64981,1.65024,1.00,1.50
2017.10.12 01:39:40.404,1.64989,1.65024,1.00,1.00
2017.10.12 01:39:40.455,1.64989,1.65033,1.00,1.50
2017.10.12 01:39:40.506,1.64988,1.65026,1.00,1.00
2017.10.12 01:39:40.557,1.64989,1.65029,1.00,1.00
2017.10.12 01:39:40.608,1.64989,1.65033,1.00,1.00
2017.10.12 01:39:41.113,1.64987,1.65026,1.00,1.00
2017.10.12 01:39:41.164,1.64984,1.65025,1.00,1.00
2017.10.12 01:39:41.788,1.64983,1.65026,1.50,2.44
2017.10.12 01:39:41.839,1.64988,1.65029,1.00,1.00
2017.10.12 01:39:41.891,1.64989,1.65031,1.00,1.25
2017.10.12 01:39:42.295,1.64993,1.65033,1.00,1.00
2017.10.12 01:39:42.396,1.64993,1.65036,1.00,1.31
2017.10.12 01:39:43.879,1.64994,1.65035,1.00,1.31
2017.10.12 01:39:44.425,1.64991,1.65032,1.50,1.00
2017.10.12 01:39:44.934,1.64989,1.65032,1.50,1.50
2017.10.12 01:39:45.035,1.64988,1.65028,1.00,1.00
2017.10.12 01:39:45.087,1.64986,1.65028,1.00,1.00
2017.10.12 01:39:45.777,1.64987,1.65028,1.00,1.00
2017.10.12 01:39:46.613,1.64986,1.65028,1.25,1.00
2017.10.12 01:39:47.137,1.64986,1.65027,1.19,1.00
2017.10.12 01:39:47.441,1.64985,1.65028,1.25,1.00
2017.10.12 01:39:48.373,1.64986,1.65028,1.00,1.00
2017.10.12 01:39:48.884,1.64985,1.65028,1.25,1.00
2017.10.12 01:39:49.408,1.64985,1.65027,1.69,1.00
2017.10.12 01:39:49.980,1.64985,1.65028,1.25,1.00
2017.10.12 01:39:50.739,1.64985,1.65027,1.50,1.00
2017.10.12 01:39:51.773,1.64986,1.65027,1.00,1.00
2017.10.12 01:39:52.330,1.64985,1.65028,1.00,1.00
2017.10.12 01:39:52.864,1.64986,1.65028,1.00,1.19
2017.10.12 01:39:52.966,1.64986,1.65028,1.50,1.00
2017.10.12 01:39:53.219,1.64986,1.65022,1.00,1.00
2017.10.12 01:39:53.320,1.6498,1.65017,1.00,1.00
2017.10.12 01:39:53.373,1.64975,1.65016,1.12,1.00
2017.10.12 01:39:53.424,1.64976,1.65018,2.06,1.00
2017.10.12 01:39:53.991,1.64976,1.65019,1.25,1.50
2017.10.12 01:39:54.553,1.64977,1.65019,1.00,1.50
2017.10.12 01:39:54.854,1.64979,1.65014,1.00,1.00
2017.10.12 01:39:55.624,1.64975,1.65018,1.69,1.00
2017.10.12 01:39:55.887,1.64981,1.65016,1.00,1.00
2017.10.12 01:39:56.385,1.6498,1.6502,1.00,1.00
2017.10.12 01:39:56.485,1.64984,1.6502,1.00,1.00
2017.10.12 01:39:56.804,1.6499,1.65022,1.00,1.00
2017.10.12 01:39:57.841,1.64988,1.65022,1.00,1.00
2017.10.12 01:39:57.992,1.64988,1.65026,1.00,1.25
2017.10.12 01:39:58.043,1.64987,1.65013,1.00,1.00
2017.10.12 01:39:58.348,1.64954,1.64987,1.00,1.50
2017.10.12 01:39:58.450,1.64957,1.6499,1.00,1.50
2017.10.12 01:39:58.501,1.64954,1.64989,1.00,1.50
2017.10.12 01:39:58.551,1.6495,1.64984,1.00,1.00
2017.10.12 01:39:59.088,1.6495,1.6498,1.00,1.00
2017.10.12 01:39:59.138,1.64948,1.6498,1.00,1.00
2017.10.12 01:39:59.341,1.64943,1.64986,1.00,1.00
2017.10.12 01:39:59.392,1.64941,1.64985,1.50,1.00
2017.10.12 01:39:59.443,1.6494,1.6497,1.00,1.00
2017.10.12 01:39:59.493,1.64932,1.64971,1.00,1.00
2017.10.12 01:39:59.544,1.64929,1.64971,1.00,1.00
2017.10.12 01:40:00.026,1.6493,1.64973,1.50,1.00
2017.10.12 01:40:00.835,1.64951,1.64973,1.00,1.00
2017.10.12 01:40:00.886,1.64951,1.64982,1.25,1.00
2017.10.12 01:40:00.950,1.6496,1.64983,1.00,1.00
2017.10.12 01:40:01.052,1.64962,1.65004,1.44,1.69
2017.10.12 01:40:01.204,1.64965,1.65003,1.19,1.00
2017.10.12 01:40:01.745,1.64964,1.65004,1.19,1.00
2017.10.12 01:40:01.998,1.64966,1.65006,1.19,1.00
2017.10.12 01:40:02.323,1.64965,1.65006,1.19,1.00
2017.10.12 01:40:02.374,1.64962,1.65005,1.19,1.00
2017.10.12 01:40:02.425,1.64961,1.65004,1.00,1.00
2017.10.12 01:40:02.476,1.6496,1.65002,1.00,1.00
2017.10.12 01:40:02.807,1.64943,1.64987,1.69,1.00
2017.10.12 01:40:03.364,1.64943,1.64988,1.00,1.00
2017.10.12 01:40:04.913,1.64945,1.64989,1.00,1.50
2017.10.12 01:40:05.761,1.64957,1.64992,1.00,1.50
2017.10.12 01:40:05.966,1.64965,1.65007,1.69,1.19
2017.10.12 01:40:06.017,1.64965,1.65007,1.69,1.00
2017.10.12 01:40:07.148,1.64966,1.6501,1.69,1.00
2017.10.12 01:40:07.678,1.64966,1.6501,1.19,1.00
2017.10.12 01:40:09.058,1.64998,1.65014,1.00,1.00
2017.10.12 01:40:09.161,1.64994,1.65013,1.00,1.00
2017.10.12 01:40:09.262,1.64977,1.65013,1.00,1.00
2017.10.12 01:40:09.364,1.64971,1.65013,1.00,1.00
2017.10.12 01:40:09.845,1.64969,1.65014,1.00,1.00
2017.10.12 01:40:10.199,1.6497,1.65013,1.19,1.00
2017.10.12 01:40:10.705,1.64969,1.65013,1.19,1.00
2017.10.12 01:40:11.242,1.6497,1.65014,1.25,1.00
2017.10.12 01:40:12.249,1.64969,1.65014,1.69,1.00
2017.10.12 01:40:12.668,1.64969,1.65014,1.69,1.00
2017.10.12 01:40:12.895,1.64969,1.65014,1.69,1.00
2017.10.12 01:40:13.098,1.64969,1.65013,1.19,1.00
2017.10.12 01:40:13.404,1.64969,1.65013,1.19,1.00
2017.10.12 01:40:13.455,1.64968,1.65014,1.69,1.00
2017.10.12 01:40:13.506,1.64969,1.65014,1.19,1.00
2017.10.12 01:40:13.769,1.64967,1.65014,1.69,1.00
2017.10.12 01:40:14.297,1.64967,1.65013,1.19,1.00
2017.10.12 01:40:14.889,1.64968,1.65013,1.69,1.00
2017.10.12 01:40:15.193,1.64968,1.65013,1.69,1.50
2017.10.12 01:40:15.243,1.64968,1.65013,1.69,1.50
2017.10.12 01:40:15.395,1.64969,1.65013,1.19,1.50
2017.10.12 01:40:15.802,1.64969,1.65015,1.19,1.00
2017.10.12 01:40:15.883,1.64968,1.65019,1.19,1.19
2017.10.12 01:40:16.088,1.64971,1.65019,1.00,1.19
2017.10.12 01:40:16.240,1.64972,1.65018,1.00,1.19
2017.10.12 01:40:16.543,1.64981,1.65026,1.19,1.50
2017.10.12 01:40:16.897,1.64981,1.65026,1.00,1.00
2017.10.12 01:40:17.050,1.64981,1.65026,1.00,2.06
2017.10.12 01:40:17.152,1.64976,1.65022,1.19,1.00
2017.10.12 01:40:17.509,1.64976,1.65022,1.50,1.25
2017.10.12 01:40:18.104,1.64976,1.65022,1.25,1.50
2017.10.12 01:40:18.610,1.64976,1.65022,1.00,1.25
2017.10.12 01:40:19.963,1.64973,1.65018,1.12,1.00
2017.10.12 01:40:20.482,1.6497,1.65017,1.19,1.00
2017.10.12 01:40:22.379,1.6497,1.65017,1.56,1.00
2017.10.12 01:40:22.922,1.64973,1.65018,1.19,1.00
2017.10.12 01:40:24.496,1.64973,1.65018,1.19,1.00
2017.10.12 01:40:25.082,1.64973,1.65018,1.19,1.50
2017.10.12 01:40:26.305,1.64973,1.65018,1.19,1.00
2017.10.12 01:40:26.851,1.64973,1.65018,1.25,1.00
2017.10.12 01:40:28.458,1.64973,1.65018,1.19,1.00
2017.10.12 01:40:28.660,1.64989,1.65033,1.00,1.00
2017.10.12 01:40:28.874,1.64984,1.65029,1.19,1.00
2017.10.12 01:40:29.393,1.64984,1.65029,1.19,1.00
2017.10.12 01:40:29.494,1.64984,1.65029,1.19,1.00
2017.10.12 01:40:30.044,1.64984,1.65029,1.19,2.06
2017.10.12 01:40:31.102,1.64984,1.65029,1.25,1.00
2017.10.12 01:40:32.695,1.64979,1.6503,1.69,1.31
2017.10.12 01:40:33.131,1.6498,1.6503,1.19,1.56
2017.10.12 01:40:35.192,1.64979,1.65028,1.19,1.12
2017.10.12 01:40:35.815,1.64981,1.65026,1.19,1.00
2017.10.12 01:40:36.346,1.64981,1.65026,1.19,1.00
2017.10.12 01:40:37.045,1.64981,1.65026,1.19,1.00
2017.10.12 01:40:37.657,1.64981,1.65026,1.19,1.00
2017.10.12 01:40:37.707,1.64981,1.65026,1.19,1.00
2017.10.12 01:40:38.753,1.64981,1.65026,1.19,1.00
2017.10.12 01:40:39.373,1.64981,1.65026,1.19,1.00
2017.10.12 01:40:39.920,1.64981,1.65026,1.19,1.00
2017.10.12 01:40:41.137,1.64981,1.65026,1.69,1.00
2017.10.12 01:40:42.527,1.64981,1.65026,1.19,1.00
2017.10.12 01:40:43.103,1.64981,1.65026,1.69,1.19
2017.10.12 01:40:43.305,1.64981,1.65026,1.19,1.19
2017.10.12 01:40:43.356,1.64978,1.65022,1.69,1.00
2017.10.12 01:40:44.087,1.64979,1.65022,1.19,1.31
2017.10.12 01:40:46.127,1.64978,1.65022,1.69,1.19
2017.10.12 01:40:46.533,1.64975,1.65019,1.19,1.19
2017.10.12 01:40:46.793,1.64975,1.65019,1.19,1.00
2017.10.12 01:40:46.844,1.64974,1.65019,1.69,1.00
2017.10.12 01:40:47.351,1.64976,1.65019,1.19,1.00
2017.10.12 01:40:47.726,1.64976,1.65019,1.19,1.00
2017.10.12 01:40:48.556,1.64977,1.65022,1.69,1.25
2017.10.12 01:40:48.607,1.64977,1.65022,1.19,1.25
2017.10.12 01:40:48.708,1.64977,1.65022,1.69,1.25
2017.10.12 01:40:48.759,1.64977,1.65022,1.19,1.00
2017.10.12 01:40:48.810,1.64977,1.65022,1.19,1.19
2017.10.12 01:40:49.115,1.64978,1.65022,1.19,1.44
2017.10.12 01:40:49.217,1.64977,1.65022,1.19,1.69
2017.10.12 01:40:49.783,1.64978,1.65023,1.19,1.56
2017.10.12 01:40:49.885,1.64978,1.65022,1.19,1.25
2017.10.12 01:40:50.283,1.64978,1.65021,1.25,2.44
2017.10.12 01:40:50.586,1.64976,1.65019,1.19,1.25
2017.10.12 01:40:50.637,1.64974,1.65019,1.00,1.00
2017.10.12 01:40:50.688,1.64976,1.65019,1.19,1.00
2017.10.12 01:40:51.346,1.64975,1.65019,1.19,1.00
2017.10.12 01:40:51.867,1.64975,1.65019,1.19,1.00
2017.10.12 01:40:57.382,1.64976,1.65019,1.19,1.00
2017.10.12 01:40:57.433,1.64974,1.65019,1.69,1.00
2017.10.12 01:40:57.538,1.64974,1.65019,1.19,1.19
2017.10.12 01:40:57.589,1.64976,1.65019,1.19,1.00
2017.10.12 01:40:57.640,1.64974,1.65019,1.19,1.19
2017.10.12 01:40:57.741,1.64974,1.65019,1.69,1.00
2017.10.12 01:40:57.843,1.64974,1.65019,1.19,1.00
2017.10.12 01:40:57.894,1.64976,1.65019,1.19,1.00
2017.10.12 01:40:58.494,1.64975,1.65019,1.19,1.00
2017.10.12 01:40:59.103,1.6497,1.65016,1.69,1.19
2017.10.12 01:40:59.205,1.64965,1.65,1.00,1.00
2017.10.12 01:40:59.256,1.64965,1.65006,1.00,1.50
2017.10.12 01:40:59.307,1.64961,1.65006,1.00,1.00
2017.10.12 01:40:59.508,1.64961,1.65001,1.00,1.00
2017.10.12 01:40:59.559,1.6496,1.65005,1.50,1.00
2017.10.12 01:41:00.446,1.64957,1.65001,1.19,1.00
2017.10.12 01:41:00.497,1.64958,1.65004,1.25,1.00
2017.10.12 01:41:00.548,1.64957,1.65001,1.19,1.00
2017.10.12 01:41:00.599,1.6496,1.65003,1.25,1.00
2017.10.12 01:41:01.101,1.64958,1.65003,1.19,1.00
2017.10.12 01:41:01.622,1.64958,1.65003,1.19,1.00
2017.10.12 01:41:02.162,1.64958,1.65003,1.19,1.00
2017.10.12 01:41:03.097,1.64956,1.64997,1.19,1.00
2017.10.12 01:41:03.199,1.64956,1.64997,1.19,1.00
2017.10.12 01:41:03.654,1.64956,1.65,1.00,1.00
2017.10.12 01:41:03.705,1.64957,1.65,1.25,1.37
2017.10.12 01:41:04.008,1.64956,1.64996,1.25,1.00
2017.10.12 01:41:04.059,1.64956,1.65,1.25,1.00
2017.10.12 01:41:04.362,1.64955,1.65,1.19,1.00
2017.10.12 01:41:04.780,1.64962,1.65002,1.25,1.19
2017.10.12 01:41:05.084,1.64971,1.65006,1.25,1.00
2017.10.12 01:41:05.603,1.64971,1.65006,1.19,1.00
2017.10.12 01:41:06.132,1.64971,1.65006,1.19,1.00
2017.10.12 01:41:06.673,1.64971,1.65006,1.19,1.00
2017.10.12 01:41:09.073,1.64971,1.65006,1.19,1.00
2017.10.12 01:41:09.610,1.64971,1.65006,1.19,1.00
2017.10.12 01:41:10.390,1.64971,1.65006,1.19,1.00
2017.10.12 01:41:10.911,1.64971,1.65006,1.19,1.00
2017.10.12 01:41:11.215,1.64968,1.65001,1.00,1.00
2017.10.12 01:41:11.418,1.6496,1.64994,1.00,1.00
2017.10.12 01:41:11.620,1.64957,1.64991,1.25,1.00
2017.10.12 01:41:12.664,1.64961,1.64994,1.25,1.00
2017.10.12 01:41:15.671,1.64964,1.64999,1.00,1.19
2017.10.12 01:41:15.722,1.64964,1.64999,1.25,1.00
2017.10.12 01:41:15.773,1.64968,1.65002,1.00,1.00
2017.10.12 01:41:16.178,1.64968,1.65002,1.19,1.00
2017.10.12 01:41:16.230,1.64971,1.65005,1.00,1.00
2017.10.12 01:41:21.959,1.64971,1.65005,1.19,1.00
2017.10.12 01:41:22.060,1.64974,1.65008,1.00,1.00
2017.10.12 01:41:24.493,1.64971,1.65005,1.00,1.00
2017.10.12 01:41:25.043,1.64971,1.65005,1.19,1.00
2017.10.12 01:41:25.593,1.64971,1.65005,1.25,1.00
2017.10.12 01:41:26.122,1.64972,1.65005,1.00,1.00
2017.10.12 01:41:27.299,1.64971,1.65005,1.00,1.69
2017.10.12 01:41:27.693,1.64968,1.65,1.00,1.00
2017.10.12 01:41:28.036,1.64971,1.65,1.00,1.00
2017.10.12 01:41:29.745,1.64972,1.65,1.00,1.00
2017.10.12 01:41:30.883,1.64971,1.65003,1.00,1.19
2017.10.12 01:41:30.934,1.64968,1.65002,1.00,1.00
2017.10.12 01:41:31.187,1.64964,1.64999,1.00,1.00
2017.10.12 01:41:31.833,1.64964,1.64999,1.19,1.00
2017.10.12 01:41:32.244,1.64968,1.65002,1.00,1.00
2017.10.12 01:41:32.548,1.64971,1.65006,1.25,1.00
2017.10.12 01:41:32.650,1.64973,1.65006,1.25,1.00
2017.10.12 01:41:34.129,1.64971,1.65006,1.50,1.00
2017.10.12 01:41:36.957,1.64971,1.65006,1.69,1.00
2017.10.12 01:41:37.123,1.64969,1.65001,1.25,1.00
2017.10.12 01:41:39.426,1.64969,1.65001,1.19,1.00
2017.10.12 01:41:41.577,1.64971,1.65005,1.00,1.00
2017.10.12 01:41:44.566,1.64971,1.65005,1.69,1.00
2017.10.12 01:41:46.247,1.64971,1.65005,1.25,1.00
2017.10.12 01:41:48.204,1.64971,1.65005,1.19,1.00
2017.10.12 01:41:48.804,1.64971,1.65005,1.69,1.00
2017.10.12 01:41:49.442,1.64971,1.65005,1.69,1.00
2017.10.12 01:41:51.966,1.64971,1.65005,1.25,1.00
2017.10.12 01:41:54.848,1.64968,1.65002,1.25,1.00
2017.10.12 01:41:55.369,1.64968,1.65002,1.19,1.00
2017.10.12 01:41:55.889,1.64968,1.65002,1.00,1.00
2017.10.12 01:41:57.606,1.64971,1.65005,1.19,1.00
2017.10.12 01:41:58.956,1.64974,1.65008,1.00,1.00
2017.10.12 01:42:04.827,1.64975,1.65007,1.00,1.00
2017.10.12 01:42:08.348,1.64982,1.65009,1.19,1.00
2017.10.12 01:42:08.450,1.64984,1.65014,1.69,1.00
2017.10.12 01:42:08.501,1.64987,1.65019,1.00,1.00
2017.10.12 01:42:08.603,1.64995,1.65023,1.00,1.00
2017.10.12 01:42:08.654,1.64994,1.65025,1.87,1.00
2017.10.12 01:42:08.705,1.65002,1.65028,1.19,1.25
2017.10.12 01:42:08.807,1.65004,1.65034,1.19,1.00
2017.10.12 01:42:08.857,1.65004,1.65036,1.19,1.00
2017.10.12 01:42:08.909,1.65006,1.6504,1.19,1.00
2017.10.12 01:42:09.398,1.65014,1.65045,1.00,1.00
2017.10.12 01:42:09.905,1.65014,1.65044,1.00,1.00
2017.10.12 01:42:10.411,1.65014,1.65045,1.00,1.00
2017.10.12 01:42:11.076,1.65014,1.65044,1.00,1.00
2017.10.12 01:42:11.889,1.65014,1.65045,1.00,1.00
2017.10.12 01:42:13.307,1.65014,1.65044,1.00,1.00
2017.10.12 01:42:13.691,1.65009,1.65041,1.00,1.00
2017.10.12 01:42:13.742,1.65015,1.65047,1.00,1.00
2017.10.12 01:42:13.793,1.65011,1.65045,1.00,1.00
2017.10.12 01:42:13.844,1.65016,1.65047,1.00,1.00
2017.10.12 01:42:14.047,1.65011,1.65046,1.00,1.50
2017.10.12 01:42:14.148,1.65014,1.65046,1.00,1.00
2017.10.12 01:42:14.655,1.65014,1.65047,1.00,1.00
2017.10.12 01:42:15.158,1.65012,1.65046,1.00,1.00
2017.10.12 01:42:15.260,1.65016,1.65047,1.00,1.00
2017.10.12 01:42:15.812,1.65016,1.65046,1.00,1.00
2017.10.12 01:42:16.676,1.65016,1.65047,1.00,1.00
2017.10.12 01:42:16.727,1.6501,1.65044,1.00,1.00
2017.10.12 01:42:16.889,1.65007,1.65042,1.00,1.00
2017.10.12 01:42:18.253,1.65011,1.65044,1.00,1.50
2017.10.12 01:42:19.887,1.65011,1.65043,1.00,1.25
2017.10.12 01:42:20.395,1.65011,1.65044,1.00,1.69
2017.10.12 01:42:22.906,1.65011,1.65043,1.00,1.00
2017.10.12 01:42:23.436,1.65011,1.65044,1.00,1.50
2017.10.12 01:42:24.538,1.65007,1.65041,1.00,1.00
2017.10.12 01:42:25.880,1.6501,1.65044,1.00,1.50
2017.10.12 01:42:26.277,1.65013,1.65043,1.00,1.00
2017.10.12 01:42:26.379,1.65014,1.65046,1.00,1.00
2017.10.12 01:42:26.581,1.65016,1.65048,1.00,1.00
2017.10.12 01:42:29.565,1.65016,1.65047,1.00,1.00
2017.10.12 01:42:31.178,1.65016,1.65048,1.00,1.00
2017.10.12 01:42:32.284,1.65016,1.65047,1.00,1.00
2017.10.12 01:42:33.047,1.65011,1.65046,1.19,1.00
2017.10.12 01:42:33.592,1.65011,1.65046,1.19,1.00
2017.10.12 01:42:34.448,1.65011,1.65046,1.19,1.00
2017.10.12 01:42:35.035,1.65011,1.65046,1.19,1.00
2017.10.12 01:42:35.566,1.65011,1.65046,1.25,1.00
2017.10.12 01:42:35.688,1.65011,1.65046,1.19,1.00
2017.10.12 01:42:36.277,1.65011,1.65046,1.19,1.00
2017.10.12 01:42:37.923,1.65015,1.65049,1.19,1.00
2017.10.12 01:42:38.430,1.65015,1.65049,1.25,1.00
2017.10.12 01:42:39.812,1.65015,1.65049,1.19,1.00
2017.10.12 01:42:40.955,1.65015,1.65049,1.69,1.00
2017.10.12 01:42:41.625,1.65016,1.65049,1.00,1.00
2017.10.12 01:42:41.966,1.65017,1.65051,1.87,1.00
2017.10.12 01:42:42.028,1.6502,1.65051,1.00,1.50
2017.10.12 01:42:42.130,1.65026,1.65059,1.00,1.00
2017.10.12 01:42:42.231,1.65028,1.65062,1.50,1.00
2017.10.12 01:42:42.778,1.65028,1.65061,1.00,1.00
2017.10.12 01:42:43.328,1.65028,1.65062,1.00,1.00
2017.10.12 01:42:43.867,1.65028,1.65061,1.00,1.00
2017.10.12 01:42:44.465,1.65028,1.65062,1.00,1.00
2017.10.12 01:42:45.970,1.65028,1.65061,1.00,1.00
2017.10.12 01:42:46.711,1.65028,1.65062,1.00,1.00
2017.10.12 01:42:47.803,1.65028,1.65061,1.00,1.00
2017.10.12 01:42:48.375,1.65028,1.65062,1.00,1.00
2017.10.12 01:42:49.622,1.65034,1.65062,1.00,1.00
2017.10.12 01:42:50.204,1.65034,1.65061,1.00,1.00
2017.10.12 01:42:50.712,1.65034,1.65062,1.00,1.00
2017.10.12 01:42:52.229,1.65034,1.65061,1.00,1.00
2017.10.12 01:42:52.763,1.65034,1.65062,1.00,1.00
2017.10.12 01:42:57.793,1.65034,1.6506,1.00,1.00
2017.10.12 01:42:59.201,1.65028,1.6506,1.00,1.00
2017.10.12 01:43:01.488,1.65028,1.65061,1.00,1.00
2017.10.12 01:43:01.893,1.65025,1.6506,1.00,1.00
2017.10.12 01:43:02.417,1.65025,1.65061,1.00,1.50
2017.10.12 01:43:02.562,1.65029,1.65061,1.00,1.00
2017.10.12 01:43:02.613,1.65026,1.65061,1.00,1.50
2017.10.12 01:43:02.665,1.65028,1.65061,1.00,1.00
2017.10.12 01:43:02.767,1.65024,1.65061,1.00,1.00
2017.10.12 01:43:04.341,1.65024,1.6506,1.25,1.00
2017.10.12 01:43:05.236,1.65024,1.65061,1.25,1.00
2017.10.12 01:43:05.761,1.65024,1.6506,1.19,1.00
2017.10.12 01:43:08.862,1.65024,1.65061,1.25,1.50
2017.10.12 01:43:09.633,1.65024,1.6506,1.19,1.00
2017.10.12 01:43:10.682,1.65024,1.6506,1.25,1.00
2017.10.12 01:43:11.240,1.65024,1.65061,1.00,1.00
2017.10.12 01:43:12.648,1.6503,1.65061,1.00,1.00
2017.10.12 01:43:13.081,1.65033,1.65062,1.00,1.00
2017.10.12 01:43:14.222,1.65033,1.65063,1.00,1.00
2017.10.12 01:43:15.729,1.65033,1.65062,1.00,1.25
2017.10.12 01:43:15.982,1.65033,1.65065,1.00,1.00
2017.10.12 01:43:16.084,1.65033,1.65067,1.00,1.00
2017.10.12 01:43:17.092,1.65037,1.65067,1.00,1.00
2017.10.12 01:43:18.234,1.65041,1.65073,1.00,1.00
2017.10.12 01:43:18.285,1.65045,1.65073,1.00,1.00
2017.10.12 01:43:18.336,1.65043,1.65078,1.00,1.00
2017.10.12 01:43:18.387,1.65051,1.65079,1.00,1.00
2017.10.12 01:43:18.692,1.65054,1.6508,1.00,1.00
2017.10.12 01:43:19.231,1.65054,1.65081,1.00,1.00
2017.10.12 01:43:23.368,1.65051,1.65081,1.00,1.25
2017.10.12 01:43:23.889,1.6505,1.6508,1.00,1.00
2017.10.12 01:43:24.357,1.65047,1.65079,1.00,1.19
2017.10.12 01:43:24.662,1.65047,1.65075,1.00,1.00
2017.10.12 01:43:25.196,1.65047,1.65074,1.00,1.00
2017.10.12 01:43:25.349,1.65051,1.65082,1.00,1.50
2017.10.12 01:43:25.997,1.65051,1.65083,1.00,1.00
2017.10.12 01:43:26.556,1.65051,1.65082,1.00,1.00
2017.10.12 01:43:27.521,1.65051,1.65082,1.00,1.19
2017.10.12 01:43:28.054,1.65051,1.65079,1.00,1.19
2017.10.12 01:43:28.105,1.65045,1.65074,1.00,1.19
2017.10.12 01:43:28.156,1.65045,1.6507,1.00,1.00
2017.10.12 01:43:28.207,1.65037,1.65069,1.00,1.00
2017.10.12 01:43:28.860,1.65032,1.65069,1.18,1.00
2017.10.12 01:43:28.961,1.65032,1.65064,1.00,1.00
2017.10.12 01:43:29.063,1.65032,1.65068,1.18,1.00
2017.10.12 01:43:29.215,1.65032,1.65068,1.18,1.00
2017.10.12 01:43:29.731,1.65033,1.65068,1.18,1.00
2017.10.12 01:43:33.472,1.65033,1.65068,1.18,1.00
2017.10.12 01:43:33.823,1.65033,1.65068,1.18,1.00
2017.10.12 01:43:34.347,1.65033,1.65068,1.19,1.00
2017.10.12 01:43:35.310,1.65033,1.65068,1.19,1.00
2017.10.12 01:43:40.172,1.65033,1.65068,1.25,1.00
2017.10.12 01:43:42.872,1.65033,1.65068,1.19,1.00
2017.10.12 01:43:43.199,1.65037,1.65071,2.44,1.00
2017.10.12 01:43:43.742,1.65039,1.65071,1.19,1.00
2017.10.12 01:43:47.782,1.65039,1.65074,1.19,1.00
2017.10.12 01:43:48.316,1.65042,1.65072,1.00,1.00
2017.10.12 01:43:49.093,1.6504,1.65072,1.19,1.00
2017.10.12 01:43:49.422,1.6504,1.65072,1.19,1.00
2017.10.12 01:43:51.126,1.6504,1.65072,1.19,1.00
2017.10.12 01:43:51.733,1.6504,1.65072,1.25,1.00
2017.10.12 01:43:53.650,1.65046,1.65079,1.69,1.00
2017.10.12 01:43:53.802,1.65042,1.65077,1.00,1.00
2017.10.12 01:43:53.904,1.65039,1.65073,1.00,1.25
2017.10.12 01:43:54.208,1.65039,1.65074,1.69,1.00
2017.10.12 01:43:54.654,1.65039,1.65074,1.69,1.00
2017.10.12 01:43:56.073,1.65043,1.65077,1.19,1.50
2017.10.12 01:43:56.393,1.6505,1.65084,1.19,1.00
2017.10.12 01:43:59.302,1.65055,1.65089,1.00,1.00
2017.10.12 01:44:00.658,1.65055,1.65089,1.19,1.50
2017.10.12 01:44:01.287,1.65055,1.65089,1.19,1.00
2017.10.12 01:44:01.999,1.65055,1.65089,1.25,1.00
2017.10.12 01:44:06.870,1.65055,1.65088,1.00,1.00
2017.10.12 01:44:07.379,1.65055,1.65087,1.00,1.00
2017.10.12 01:44:08.234,1.65051,1.65085,1.19,1.50
2017.10.12 01:44:08.773,1.65051,1.65085,1.25,1.00
2017.10.12 01:44:13.194,1.65051,1.65082,1.00,1.00
2017.10.12 01:44:15.362,1.65047,1.65081,1.69,1.00
2017.10.12 01:44:15.564,1.65043,1.65077,1.50,1.50
2017.10.12 01:44:16.320,1.6504,1.65074,1.00,1.00
2017.10.12 01:44:18.808,1.65037,1.6507,1.00,1.00
2017.10.12 01:44:19.115,1.65033,1.65066,1.00,1.00
2017.10.12 01:44:25.751,1.65036,1.65069,1.00,1.00
2017.10.12 01:44:28.524,1.65032,1.65067,1.00,1.00
2017.10.12 01:44:30.746,1.65033,1.65067,1.00,1.00
2017.10.12 01:44:30.999,1.65035,1.65069,1.69,1.00
2017.10.12 01:44:31.501,1.6504,1.6507,1.25,1.00
2017.10.12 01:44:32.052,1.65041,1.6507,1.00,1.00
2017.10.12 01:44:32.917,1.65041,1.65072,1.00,1.00
2017.10.12 01:44:34.550,1.65042,1.65072,1.00,1.00
2017.10.12 01:44:34.601,1.65042,1.65076,1.19,1.00
2017.10.12 01:44:34.652,1.65044,1.65078,1.19,1.00
2017.10.12 01:44:34.703,1.65048,1.65081,1.69,1.00
2017.10.12 01:44:34.804,1.65052,1.65086,1.25,1.00
2017.10.12 01:44:35.430,1.65052,1.65087,1.00,1.50
2017.10.12 01:44:36.242,1.65052,1.65086,1.69,1.00
2017.10.12 01:44:37.160,1.65052,1.65087,1.19,1.50
2017.10.12 01:44:39.764,1.65052,1.65086,1.19,1.00
2017.10.12 01:44:41.724,1.65052,1.65087,1.25,1.50
2017.10.12 01:44:46.111,1.65049,1.65087,1.69,1.00
2017.10.12 01:44:46.815,1.65051,1.65086,1.19,1.50
2017.10.12 01:44:47.322,1.65051,1.65086,1.00,1.00
2017.10.12 01:44:47.423,1.65052,1.65086,1.44,1.00
2017.10.12 01:44:47.677,1.65063,1.65097,1.00,1.00
2017.10.12 01:44:47.728,1.65068,1.65097,1.00,1.00
2017.10.12 01:44:47.779,1.65068,1.651,1.69,1.00
2017.10.12 01:44:47.830,1.6507,1.65104,1.00,1.50
2017.10.12 01:44:50.118,1.6507,1.65103,1.00,1.19
2017.10.12 01:44:50.248,1.65066,1.65101,1.00,1.00
2017.10.12 01:44:51.477,1.65063,1.65095,1.00,1.00
2017.10.12 01:44:51.579,1.65059,1.65092,1.00,1.00
2017.10.12 01:44:52.205,1.65059,1.65092,1.00,1.19
2017.10.12 01:44:52.306,1.65055,1.65088,1.00,1.19
2017.10.12 01:44:52.458,1.6505,1.65083,1.50,1.00
2017.10.12 01:44:53.173,1.6505,1.65083,1.18,1.00
2017.10.12 01:44:53.375,1.65054,1.65087,1.00,1.00
2017.10.12 01:44:59.171,1.65054,1.65086,1.24,1.00
2017.10.12 01:45:00.507,1.65054,1.65087,1.00,1.50
2017.10.12 01:45:01.037,1.65054,1.65086,1.00,1.00
2017.10.12 01:45:01.663,1.65054,1.65087,1.00,1.50
2017.10.12 01:45:01.863,1.65051,1.65082,1.00,1.00
2017.10.12 01:45:01.965,1.65046,1.6508,1.00,1.00
2017.10.12 01:45:02.016,1.65046,1.65078,1.00,1.00
2017.10.12 01:45:02.219,1.65042,1.65077,1.18,1.00
2017.10.12 01:45:02.418,1.65038,1.65078,1.18,1.00
2017.10.12 01:45:02.469,1.65038,1.65076,1.68,1.00
2017.10.12 01:45:02.986,1.65038,1.65076,1.68,1.00
2017.10.12 01:45:03.541,1.65038,1.65076,2.43,1.00
2017.10.12 01:45:03.849,1.65041,1.65074,1.00,1.00
2017.10.12 01:45:04.360,1.65041,1.65073,1.00,1.50
2017.10.12 01:45:05.778,1.65037,1.65069,1.00,1.00
2017.10.12 01:45:06.132,1.65037,1.65067,1.00,1.00
2017.10.12 01:45:06.651,1.65037,1.65068,1.00,1.50
2017.10.12 01:45:11.922,1.65037,1.65069,1.00,2.25
2017.10.12 01:45:13.547,1.65037,1.65068,1.00,1.00
2017.10.12 01:45:14.055,1.65037,1.65069,1.00,2.25
2017.10.12 01:45:14.562,1.65037,1.65068,1.00,1.00
2017.10.12 01:45:15.091,1.65037,1.65069,1.00,1.50
2017.10.12 01:45:17.949,1.65037,1.65069,1.19,1.00
2017.10.12 01:45:18.363,1.6504,1.65073,1.00,1.00
2017.10.12 01:45:18.464,1.6504,1.65075,1.19,1.00
2017.10.12 01:45:18.985,1.65042,1.65075,1.19,1.00
2017.10.12 01:45:19.331,1.65042,1.65075,1.19,1.00
2017.10.12 01:45:19.432,1.65049,1.65082,1.19,1.00
2017.10.12 01:45:19.483,1.65051,1.65085,1.00,1.50
2017.10.12 01:45:19.994,1.65052,1.65085,1.00,1.00
2017.10.12 01:45:20.566,1.65053,1.65085,1.00,1.00
2017.10.12 01:45:22.549,1.65054,1.65085,1.00,1.00
2017.10.12 01:45:24.768,1.65054,1.65087,1.00,1.00
2017.10.12 01:45:25.082,1.65052,1.65087,1.25,1.00
2017.10.12 01:45:25.321,1.65054,1.65087,1.00,1.00
2017.10.12 01:45:25.705,1.65048,1.65082,2.06,1.00
2017.10.12 01:45:25.806,1.65054,1.65087,1.00,1.00
2017.10.12 01:45:26.111,1.65054,1.65089,1.00,1.50
2017.10.12 01:45:26.594,1.65054,1.65087,1.00,1.00
2017.10.12 01:45:27.165,1.65054,1.65088,1.69,1.00
2017.10.12 01:45:27.590,1.65056,1.65089,1.00,2.25
2017.10.12 01:45:27.916,1.65055,1.65084,1.00,1.00
2017.10.12 01:45:28.519,1.65055,1.65085,1.00,1.00
2017.10.12 01:45:29.955,1.65056,1.65084,1.00,1.00
2017.10.12 01:45:31.200,1.65054,1.65085,1.00,1.00
2017.10.12 01:45:31.302,1.65051,1.65085,1.00,1.50
2017.10.12 01:45:31.775,1.65057,1.65085,1.00,1.50
2017.10.12 01:45:31.877,1.65055,1.65085,1.00,1.50
2017.10.12 01:45:32.665,1.65056,1.65085,1.00,1.00
2017.10.12 01:45:33.328,1.65055,1.65085,1.00,1.00
2017.10.12 01:45:33.572,1.65051,1.65084,2.59,1.00
2017.10.12 01:45:34.162,1.65051,1.65085,1.69,1.00
2017.10.12 01:45:34.680,1.65051,1.65086,1.69,1.00
2017.10.12 01:45:35.206,1.65051,1.65086,1.69,1.00
2017.10.12 01:45:35.307,1.65052,1.65086,1.56,1.00
2017.10.12 01:45:35.358,1.65054,1.65089,1.69,1.00
2017.10.12 01:45:35.612,1.65058,1.65091,1.00,1.00
2017.10.12 01:45:36.124,1.6506,1.65091,1.00,1.00
2017.10.12 01:45:37.824,1.65061,1.65091,1.00,1.00
2017.10.12 01:45:38.524,1.65063,1.65091,1.00,1.00
2017.10.12 01:45:38.764,1.65061,1.65091,1.00,1.00
2017.10.12 01:45:47.738,1.65059,1.65091,1.00,1.00
2017.10.12 01:45:51.122,1.65058,1.65091,1.50,1.00
2017.10.12 01:45:52.592,1.65061,1.65095,1.00,1.00
2017.10.12 01:45:52.642,1.65065,1.65095,1.00,1.00
2017.10.12 01:45:52.694,1.65065,1.65098,1.00,1.00
2017.10.12 01:45:52.947,1.65063,1.65098,1.00,1.00
2017.10.12 01:45:53.099,1.65063,1.65093,1.00,1.00
2017.10.12 01:45:53.150,1.6506,1.65093,1.00,1.00
2017.10.12 01:45:53.201,1.65056,1.65091,1.19,1.00
2017.10.12 01:45:53.775,1.65056,1.65091,1.00,1.00
2017.10.12 01:45:54.180,1.65059,1.65094,1.69,1.00
2017.10.12 01:45:55.157,1.65059,1.65094,1.19,1.50
2017.10.12 01:45:55.665,1.65059,1.65094,1.00,1.00
2017.10.12 01:45:56.343,1.65059,1.65093,1.00,1.25
2017.10.12 01:45:57.051,1.65056,1.6509,1.19,1.00
2017.10.12 01:45:57.321,1.65062,1.65096,1.00,1.00
2017.10.12 01:46:00.632,1.65059,1.65093,1.00,1.00
2017.10.12 01:46:02.172,1.65057,1.65094,1.19,1.00
2017.10.12 01:46:02.223,1.65057,1.65097,1.19,1.25
2017.10.12 01:46:02.477,1.65059,1.65092,1.00,1.50
2017.10.12 01:46:02.660,1.65053,1.65088,1.25,1.00
2017.10.12 01:46:03.164,1.65053,1.65088,1.19,1.00
2017.10.12 01:46:03.702,1.65053,1.65088,1.00,1.00
2017.10.12 01:46:04.307,1.65053,1.65087,1.00,1.69
2017.10.12 01:46:05.101,1.65053,1.65087,1.00,1.00
2017.10.12 01:46:06.129,1.65053,1.65088,1.00,1.69
2017.10.12 01:46:07.348,1.65053,1.65087,1.00,1.00
2017.10.12 01:46:08.035,1.65053,1.65088,1.00,1.69
2017.10.12 01:46:08.903,1.65053,1.65087,1.00,1.00
2017.10.12 01:46:09.525,1.65053,1.65088,1.00,2.44
2017.10.12 01:46:11.202,1.65053,1.65087,1.00,1.00
2017.10.12 01:46:11.520,1.65053,1.65085,1.00,1.00
2017.10.12 01:46:15.097,1.65051,1.6508,1.00,1.00
2017.10.12 01:46:15.429,1.65047,1.65079,1.25,1.50
2017.10.12 01:46:20.046,1.65043,1.65077,1.00,1.00
2017.10.12 01:46:22.612,1.65043,1.65077,1.19,1.00
2017.10.12 01:46:22.713,1.65046,1.65077,1.69,1.00
2017.10.12 01:46:22.764,1.65048,1.6508,1.19,1.00
2017.10.12 01:46:22.916,1.65052,1.65085,1.19,1.00
2017.10.12 01:46:23.512,1.65052,1.65085,1.00,1.00
2017.10.12 01:46:25.244,1.65052,1.65085,1.69,1.00
2017.10.12 01:46:25.746,1.65052,1.65085,1.69,1.00
2017.10.12 01:46:29.152,1.65054,1.65085,1.25,1.00
2017.10.12 01:46:29.298,1.65057,1.6509,1.00,1.00
2017.10.12 01:46:29.553,1.65054,1.65086,1.00,1.00
2017.10.12 01:46:32.142,1.65047,1.65081,2.25,1.00
2017.10.12 01:46:32.658,1.65047,1.65081,1.69,1.00
2017.10.12 01:46:33.180,1.65051,1.65081,1.25,1.00
2017.10.12 01:46:33.854,1.65052,1.65081,1.00,1.00
2017.10.12 01:46:34.561,1.65051,1.65081,1.25,1.00
2017.10.12 01:46:35.834,1.65051,1.65084,1.19,1.00
2017.10.12 01:46:36.142,1.65054,1.65088,1.69,1.00
2017.10.12 01:46:36.192,1.65056,1.65088,1.00,1.00
2017.10.12 01:46:36.519,1.65059,1.6509,1.19,1.00
2017.10.12 01:46:36.855,1.65062,1.6509,1.25,1.00
2017.10.12 01:46:37.363,1.65062,1.65094,1.25,1.00
2017.10.12 01:46:37.914,1.65062,1.65095,1.00,1.00
2017.10.12 01:46:38.106,1.65068,1.65101,1.00,1.00
2017.10.12 01:46:38.207,1.65064,1.65099,1.00,1.00
2017.10.12 01:46:50.503,1.65066,1.65099,1.00,1.00
2017.10.12 01:46:51.018,1.65064,1.65099,1.69,1.50
2017.10.12 01:46:52.541,1.65064,1.65099,1.50,1.00
2017.10.12 01:46:53.206,1.65064,1.65098,1.00,1.00
2017.10.12 01:46:54.709,1.65064,1.65098,1.00,1.19
2017.10.12 01:46:54.772,1.6506,1.65094,1.50,1.00
2017.10.12 01:46:54.823,1.65059,1.65092,1.00,1.00
2017.10.12 01:46:55.127,1.65062,1.65094,1.00,1.00
2017.10.12 01:47:00.751,1.65065,1.65098,1.00,1.00
2017.10.12 01:47:01.295,1.65066,1.65097,1.50,1.00
2017.10.12 01:47:05.672,1.65063,1.65092,1.00,1.00
2017.10.12 01:47:10.279,1.6506,1.6509,1.00,1.00
2017.10.12 01:47:17.739,1.65058,1.6509,1.00,1.00
2017.10.12 01:47:23.795,1.65057,1.65085,1.00,1.00
2017.10.12 01:47:23.846,1.6505,1.65081,1.00,1.00
2017.10.12 01:47:35.402,1.65047,1.65078,1.00,1.00
2017.10.12 01:47:35.722,1.65046,1.65075,1.00,1.00
2017.10.12 01:47:36.077,1.65042,1.65074,1.00,1.00
2017.10.12 01:47:44.192,1.65039,1.65069,1.25,1.00
2017.10.12 01:47:51.391,1.65043,1.65073,1.00,1.00
2017.10.12 01:47:51.638,1.65051,1.65082,1.00,1.00
2017.10.12 01:47:58.986,1.65047,1.65079,1.00,1.00
2017.10.12 01:47:59.037,1.65044,1.65074,1.00,1.00
2017.10.12 01:48:01.321,1.65046,1.65074,1.00,1.00
2017.10.12 01:48:03.278,1.65045,1.65074,1.00,1.00
2017.10.12 01:48:04.053,1.65044,1.65074,1.00,1.00
2017.10.12 01:48:06.854,1.65044,1.65067,1.00,1.00
2017.10.12 01:48:06.905,1.65039,1.65071,1.00,1.50
2017.10.12 01:48:07.028,1.6503,1.65058,1.00,1.00
2017.10.12 01:48:07.129,1.65026,1.65057,1.00,1.00
2017.10.12 01:48:07.180,1.65021,1.6505,1.00,1.00
2017.10.12 01:48:07.231,1.65023,1.65053,1.00,1.00
2017.10.12 01:48:11.231,1.65021,1.65056,1.00,1.00
2017.10.12 01:48:14.477,1.6502,1.65053,1.50,1.00
2017.10.12 01:48:20.090,1.65019,1.65053,1.50,1.00
2017.10.12 01:48:20.669,1.6502,1.65053,1.00,1.00
2017.10.12 01:48:20.871,1.65024,1.65058,1.00,1.25
2017.10.12 01:48:32.055,1.65024,1.65058,1.00,1.19
2017.10.12 01:48:34.080,1.65024,1.65058,1.00,1.19
2017.10.12 01:48:35.338,1.65024,1.65058,1.00,1.00
2017.10.12 01:48:35.389,1.65021,1.6506,1.00,1.19
2017.10.12 01:48:35.441,1.65025,1.65059,1.00,1.19
2017.10.12 01:48:36.042,1.65025,1.65059,1.00,1.25
2017.10.12 01:48:41.872,1.65022,1.65055,1.00,1.25
2017.10.12 01:48:42.176,1.65017,1.65051,1.00,1.19
2017.10.12 01:48:44.094,1.65017,1.6505,1.00,1.19
2017.10.12 01:48:46.671,1.65017,1.6505,1.00,1.19
2017.10.12 01:48:47.289,1.65017,1.65048,1.00,1.25
2017.10.12 01:48:48.419,1.65017,1.65048,1.00,1.19
2017.10.12 01:48:48.746,1.65014,1.65045,1.00,1.56
2017.10.12 01:48:48.798,1.65005,1.65037,1.00,1.25
2017.10.12 01:48:48.881,1.65005,1.65035,1.00,1.19
2017.10.12 01:48:48.933,1.64997,1.65031,1.00,1.25
2017.10.12 01:49:02.319,1.64994,1.65026,1.00,1.00
2017.10.12 01:49:02.884,1.64994,1.65021,1.00,1.00
2017.10.12 01:49:02.985,1.64988,1.65019,1.00,1.00
2017.10.12 01:49:03.036,1.64986,1.65019,1.00,1.00
2017.10.12 01:49:03.542,1.64985,1.65019,1.00,1.00
2017.10.12 01:49:07.170,1.64986,1.65019,1.00,1.00
2017.10.12 01:49:08.253,1.64987,1.65019,1.00,1.00
2017.10.12 01:49:08.405,1.64983,1.65007,1.00,1.00
2017.10.12 01:49:08.456,1.6498,1.65014,2.44,1.00
2017.10.12 01:49:08.558,1.64984,1.65019,1.00,1.00
2017.10.12 01:49:08.696,1.6498,1.65014,1.00,1.50
2017.10.12 01:49:09.000,1.64974,1.65006,1.00,1.00
2017.10.12 01:49:09.268,1.64969,1.65004,1.00,1.00
2017.10.12 01:49:09.470,1.64968,1.64999,1.00,1.00
2017.10.12 01:49:09.774,1.6497,1.65003,1.00,1.00
2017.10.12 01:49:12.242,1.64971,1.65003,1.00,1.00
2017.10.12 01:49:13.039,1.64975,1.65007,1.50,1.00
2017.10.12 01:49:14.013,1.64976,1.65007,1.00,1.00
2017.10.12 01:49:16.772,1.64975,1.65007,1.50,1.00
2017.10.12 01:49:16.823,1.6498,1.65013,1.50,1.00
2017.10.12 01:49:16.926,1.64982,1.65017,1.00,1.19
2017.10.12 01:49:16.978,1.64985,1.65017,1.00,1.19
2017.10.12 01:49:17.029,1.64985,1.6502,1.00,1.19
2017.10.12 01:49:17.080,1.64985,1.6502,1.00,1.00
2017.10.12 01:49:17.797,1.64985,1.6502,1.50,1.19
2017.10.12 01:49:18.000,1.64989,1.65021,1.00,1.00
2017.10.12 01:49:18.304,1.64989,1.65021,1.50,1.19
2017.10.12 01:49:18.682,1.64989,1.65021,1.00,1.25
2017.10.12 01:49:20.472,1.64989,1.65021,1.00,1.19
2017.10.12 01:49:21.262,1.64989,1.65021,1.00,1.25
2017.10.12 01:49:27.524,1.64989,1.65021,1.00,1.19
2017.10.12 01:49:28.158,1.64989,1.65021,1.00,1.00
2017.10.12 01:49:38.652,1.64985,1.6502,1.00,1.00
2017.10.12 01:49:41.016,1.64984,1.6502,1.00,1.00
2017.10.12 01:49:41.219,1.64984,1.65024,1.00,1.19
2017.10.12 01:49:41.371,1.64985,1.65022,1.00,1.19
2017.10.12 01:49:43.001,1.64984,1.65022,1.00,1.25
2017.10.12 01:49:43.502,1.64984,1.65021,1.00,1.00
2017.10.12 01:49:44.042,1.64984,1.65022,1.00,1.25
2017.10.12 01:49:46.191,1.64984,1.65021,1.00,1.00
2017.10.12 01:49:47.082,1.64984,1.65022,1.00,1.00
2017.10.12 01:49:47.713,1.64983,1.65024,1.00,1.69
2017.10.12 01:49:48.221,1.64983,1.6502,1.00,1.00
2017.10.12 01:49:48.474,1.64983,1.65023,1.00,1.19
2017.10.12 01:49:49.379,1.64984,1.65022,1.00,1.19
2017.10.12 01:49:50.907,1.64983,1.65023,1.00,1.25
2017.10.12 01:49:51.031,1.64984,1.65023,1.00,1.69
2017.10.12 01:49:51.487,1.64984,1.65022,1.00,1.19
2017.10.12 01:49:51.790,1.64986,1.65021,1.00,1.19
2017.10.12 01:49:51.841,1.64986,1.65021,1.00,1.25
2017.10.12 01:49:51.892,1.64986,1.65021,1.00,1.19
2017.10.12 01:49:51.943,1.64983,1.65023,1.00,1.19
2017.10.12 01:49:53.961,1.64985,1.65017,1.00,1.19
2017.10.12 01:49:54.113,1.64979,1.65011,1.00,1.00
2017.10.12 01:49:57.294,1.64974,1.65007,1.00,1.25
2017.10.12 01:49:57.395,1.6497,1.65005,1.00,1.00
2017.10.12 01:50:01.299,1.64965,1.65005,1.50,1.69
2017.10.12 01:50:01.401,1.64964,1.65004,1.00,1.69
2017.10.12 01:50:01.817,1.64959,1.64998,1.50,1.00
2017.10.12 01:50:01.868,1.6496,1.64998,1.00,1.69
2017.10.12 01:50:01.919,1.64957,1.64996,1.50,1.25
2017.10.12 01:50:02.425,1.64956,1.64994,1.00,1.25
2017.10.12 01:50:02.944,1.64956,1.64995,1.00,1.00
2017.10.12 01:50:03.330,1.64959,1.64999,1.50,2.06
2017.10.12 01:50:04.118,1.64959,1.64999,1.50,2.06
2017.10.12 01:50:04.354,1.64959,1.64999,1.00,1.31
2017.10.12 01:50:04.405,1.64966,1.64999,1.00,1.50
2017.10.12 01:50:04.608,1.64967,1.65003,1.00,1.19
2017.10.12 01:50:05.134,1.64968,1.65007,1.00,1.56
2017.10.12 01:50:05.786,1.64967,1.65005,1.00,1.19
2017.10.12 01:50:06.297,1.64967,1.65003,1.00,1.19
2017.10.12 01:50:07.648,1.64967,1.65003,1.00,1.25
2017.10.12 01:50:08.465,1.64969,1.65003,1.00,1.50
2017.10.12 01:50:08.841,1.64969,1.65003,1.00,1.19
2017.10.12 01:50:09.496,1.64966,1.65004,1.00,1.19
2017.10.12 01:50:09.547,1.64969,1.65004,1.00,1.19
2017.10.12 01:50:09.876,1.64969,1.65004,1.00,1.19
2017.10.12 01:50:10.643,1.64969,1.65004,1.00,1.19
2017.10.12 01:50:11.313,1.64969,1.65004,1.00,1.19
2017.10.12 01:50:11.599,1.64969,1.65004,1.00,1.19
2017.10.12 01:50:13.309,1.64969,1.65004,1.00,1.25
2017.10.12 01:50:13.852,1.64969,1.65004,1.00,1.19
2017.10.12 01:50:14.786,1.64969,1.65004,1.00,1.19
2017.10.12 01:50:14.837,1.64969,1.65004,1.00,1.00
2017.10.12 01:50:15.444,1.64969,1.65004,1.00,1.19
2017.10.12 01:50:15.875,1.64969,1.65004,1.00,1.19
2017.10.12 01:50:15.926,1.64969,1.65004,1.00,1.19
2017.10.12 01:50:15.977,1.64966,1.65006,1.50,1.31
2017.10.12 01:50:17.015,1.64967,1.65005,1.00,1.31
2017.10.12 01:50:17.167,1.64964,1.65001,1.00,1.19
2017.10.12 01:50:17.755,1.64963,1.64998,1.00,1.00
2017.10.12 01:50:18.414,1.64963,1.64998,1.00,1.19
2017.10.12 01:50:22.600,1.64963,1.64998,1.00,1.25
2017.10.12 01:50:22.651,1.64963,1.64998,1.00,1.19
2017.10.12 01:50:24.913,1.64963,1.64998,1.00,1.19
2017.10.12 01:50:26.060,1.6496,1.64997,1.00,1.50
2017.10.12 01:50:28.095,1.6496,1.64996,1.00,1.00
2017.10.12 01:50:32.316,1.6496,1.64997,1.00,1.50
2017.10.12 01:50:32.671,1.64963,1.64997,1.00,1.00
2017.10.12 01:50:32.977,1.64968,1.65,1.25,1.00
2017.10.12 01:50:33.028,1.6497,1.65004,1.00,1.00
2017.10.12 01:50:33.079,1.64973,1.65007,1.00,1.50
2017.10.12 01:50:55.704,1.64979,1.65011,1.00,1.00
2017.10.12 01:50:55.805,1.6498,1.65015,1.00,1.00
2017.10.12 01:51:11.677,1.64977,1.65009,1.00,1.00
2017.10.12 01:51:11.829,1.64972,1.65006,1.00,1.00
2017.10.12 01:51:11.931,1.64968,1.65002,1.00,1.00
2017.10.12 01:51:12.211,1.64966,1.65004,1.00,1.00
2017.10.12 01:51:12.846,1.64964,1.65006,1.00,1.69
2017.10.12 01:51:12.897,1.64967,1.65002,1.00,1.00
2017.10.12 01:51:13.157,1.64964,1.65006,1.50,1.00
2017.10.12 01:51:13.208,1.64974,1.65006,1.19,1.00
2017.10.12 01:51:13.259,1.64977,1.65011,1.00,1.00
2017.10.12 01:51:13.310,1.6498,1.65013,1.00,1.00
2017.10.12 01:51:13.648,1.64986,1.65018,1.25,1.00
2017.10.12 01:51:14.355,1.64986,1.65018,1.19,1.00
2017.10.12 01:51:14.931,1.64986,1.65018,1.25,1.00
2017.10.12 01:51:15.261,1.64986,1.65018,1.19,1.00
2017.10.12 01:51:15.685,1.64988,1.65022,1.25,1.50
2017.10.12 01:51:15.960,1.64985,1.65015,1.00,1.00
2017.10.12 01:51:16.061,1.6498,1.65014,1.00,1.00
2017.10.12 01:51:16.582,1.6498,1.65015,1.00,1.50
2017.10.12 01:51:17.113,1.6498,1.65014,1.00,1.00
2017.10.12 01:51:17.639,1.6498,1.65015,1.00,1.50
2017.10.12 01:51:18.716,1.6498,1.65014,1.00,1.00
2017.10.12 01:51:18.767,1.6498,1.65015,1.19,1.00
2017.10.12 01:51:18.919,1.64989,1.65023,1.00,1.50
2017.10.12 01:51:19.224,1.64994,1.65028,1.50,1.50
2017.10.12 01:51:19.536,1.64997,1.65032,1.19,1.00
2017.10.12 01:51:19.838,1.64997,1.65032,1.19,1.00
2017.10.12 01:51:20.541,1.64997,1.65032,1.50,1.00
2017.10.12 01:51:20.746,1.64993,1.65027,1.00,1.50
2017.10.12 01:51:21.055,1.64989,1.65023,1.00,1.00
2017.10.12 01:51:24.571,1.64989,1.65023,1.19,1.00
2017.10.12 01:51:25.114,1.64989,1.65023,1.19,1.00
2017.10.12 01:51:25.662,1.64989,1.65023,1.69,1.00
2017.10.12 01:51:28.309,1.64989,1.65023,1.69,1.00
2017.10.12 01:51:28.360,1.64995,1.65027,1.00,1.00
2017.10.12 01:51:28.462,1.65,1.65032,1.00,1.00
2017.10.12 01:51:40.000,1.64997,1.65037,1.25,1.00
2017.10.12 01:51:41.038,1.65001,1.65033,1.00,1.00
2017.10.12 01:51:41.695,1.65001,1.65033,2.06,1.00
2017.10.12 01:51:41.820,1.65004,1.65038,1.00,1.00
2017.10.12 01:51:42.758,1.65001,1.65043,1.69,1.50
2017.10.12 01:51:42.809,1.65001,1.65043,1.69,1.50
2017.10.12 01:51:42.860,1.65001,1.65043,2.44,1.50
2017.10.12 01:51:43.037,1.65001,1.65043,2.44,1.50
2017.10.12 01:51:43.088,1.65001,1.65043,2.44,1.50
2017.10.12 01:51:43.207,1.65001,1.65043,2.44,1.50
2017.10.12 01:51:43.716,1.65007,1.65039,1.00,1.00
2017.10.12 01:51:44.316,1.65002,1.65042,1.50,1.50
2017.10.12 01:51:44.935,1.65002,1.65042,1.69,1.50
2017.10.12 01:51:45.456,1.65002,1.65042,1.25,1.00
2017.10.12 01:51:46.009,1.65002,1.65042,1.69,1.50
2017.10.12 01:51:46.526,1.65002,1.65042,1.00,1.00
2017.10.12 01:51:46.577,1.65002,1.65042,2.44,1.00
2017.10.12 01:51:46.885,1.65009,1.65043,1.00,1.00
2017.10.12 01:51:47.386,1.6501,1.65043,1.00,1.00
2017.10.12 01:51:47.986,1.6501,1.65042,1.19,1.00
2017.10.12 01:51:48.731,1.6501,1.65043,1.00,1.00
2017.10.12 01:51:48.890,1.65005,1.65043,1.34,1.00
2017.10.12 01:51:48.941,1.65005,1.65043,1.00,1.00
2017.10.12 01:51:49.042,1.65001,1.65043,1.25,1.00
2017.10.12 01:51:49.560,1.65001,1.65041,1.00,1.00
2017.10.12 01:51:50.761,1.65,1.65038,1.25,1.00
2017.10.12 01:51:51.641,1.65,1.65039,1.00,1.00
2017.10.12 01:51:52.815,1.65004,1.65038,1.00,1.00
2017.10.12 01:51:52.866,1.65007,1.65043,1.00,1.00
2017.10.12 01:51:53.564,1.65007,1.65044,1.00,1.50
2017.10.12 01:51:54.076,1.65006,1.65044,1.12,1.00
2017.10.12 01:51:55.756,1.65011,1.65043,1.00,1.50
2017.10.12 01:51:56.060,1.65015,1.65047,1.25,1.00
2017.10.12 01:51:56.313,1.65017,1.65051,1.00,1.00
2017.10.12 01:51:56.965,1.65017,1.65052,1.19,1.00
2017.10.12 01:51:58.798,1.65017,1.65051,1.25,1.00
2017.10.12 01:51:58.900,1.6502,1.65053,1.00,1.00
2017.10.12 01:51:59.001,1.65024,1.65058,1.00,1.00
2017.10.12 01:51:59.103,1.65024,1.65053,1.00,1.00
2017.10.12 01:51:59.154,1.65019,1.65052,1.00,1.00
2017.10.12 01:51:59.206,1.65019,1.65052,1.19,1.00
2017.10.12 01:51:59.358,1.65019,1.65052,1.00,1.00
2017.10.12 01:51:59.511,1.65014,1.65047,1.00,1.00
2017.10.12 01:51:59.833,1.65024,1.65056,1.00,1.00
2017.10.12 01:52:01.970,1.6502,1.65059,1.00,1.00
2017.10.12 01:52:02.472,1.65021,1.65059,1.25,1.00
2017.10.12 01:52:03.107,1.65021,1.65061,1.25,1.00
2017.10.12 01:52:04.097,1.6502,1.65062,1.19,1.50
2017.10.12 01:52:05.278,1.65019,1.65058,2.44,1.00
2017.10.12 01:52:05.635,1.65022,1.65061,1.25,1.00
2017.10.12 01:52:06.151,1.65022,1.65062,1.25,1.00
2017.10.12 01:52:07.891,1.65022,1.65063,1.00,1.50
2017.10.12 01:52:10.310,1.65022,1.65062,1.00,1.00
2017.10.12 01:52:15.918,1.65023,1.65062,1.00,1.00
2017.10.12 01:52:16.686,1.65022,1.65063,1.00,1.50
2017.10.12 01:52:19.619,1.65023,1.65062,1.25,1.00
2017.10.12 01:52:20.121,1.65022,1.65063,1.25,1.00
2017.10.12 01:52:25.401,1.65023,1.65062,1.00,1.25
2017.10.12 01:52:26.865,1.65026,1.6506,1.00,1.25
2017.10.12 01:52:30.084,1.65026,1.6506,1.00,1.69
2017.10.12 01:52:30.590,1.65026,1.6506,1.00,1.00
2017.10.12 01:52:31.483,1.6503,1.65064,1.19,1.00
2017.10.12 01:52:31.534,1.65034,1.65068,1.00,1.00
2017.10.12 01:52:31.636,1.65034,1.65068,1.00,1.19
2017.10.12 01:52:31.687,1.65034,1.65068,1.00,1.00
2017.10.12 01:52:31.839,1.65037,1.65071,1.00,1.00
2017.10.12 01:52:32.325,1.65038,1.65071,1.19,1.00
2017.10.12 01:52:33.142,1.65037,1.65071,1.50,1.00
2017.10.12 01:52:33.244,1.65037,1.65069,1.00,1.00
2017.10.12 01:52:33.295,1.65037,1.65071,1.00,1.00
2017.10.12 01:52:33.917,1.65037,1.65071,1.00,1.19
2017.10.12 01:52:35.476,1.65033,1.65067,1.00,1.00
2017.10.12 01:52:37.765,1.65033,1.65067,1.00,1.19
2017.10.12 01:52:38.285,1.65033,1.65067,1.00,1.25
2017.10.12 01:52:40.094,1.65033,1.65067,1.00,1.19
2017.10.12 01:52:40.785,1.65033,1.65067,1.00,1.25
2017.10.12 01:52:41.298,1.65033,1.65067,1.00,1.19
2017.10.12 01:52:42.015,1.65033,1.65067,1.00,1.25
2017.10.12 01:52:43.126,1.65033,1.65067,1.00,1.19
2017.10.12 01:52:43.228,1.65033,1.65067,1.00,1.00
2017.10.12 01:52:43.279,1.65033,1.65062,1.00,1.00
2017.10.12 01:52:43.329,1.65033,1.65067,1.00,1.00
2017.10.12 01:52:47.250,1.65033,1.65067,1.00,1.19
2017.10.12 01:52:47.757,1.65033,1.65067,1.00,1.25
2017.10.12 01:52:48.091,1.65036,1.65071,1.00,1.00
2017.10.12 01:52:49.357,1.65036,1.65071,1.19,1.00
2017.10.12 01:52:49.736,1.65033,1.65068,1.00,1.25
2017.10.12 01:52:51.211,1.65033,1.65068,1.00,1.19
2017.10.12 01:52:52.175,1.65033,1.65068,1.00,1.19
2017.10.12 01:52:52.460,1.65033,1.65068,1.00,1.00
2017.10.12 01:52:52.612,1.6503,1.65071,1.00,1.19
2017.10.12 01:52:53.326,1.65031,1.6507,1.00,1.19
2017.10.12 01:52:53.875,1.65031,1.6507,1.00,1.19
2017.10.12 01:52:55.168,1.6503,1.65071,1.00,1.19
2017.10.12 01:52:55.756,1.65031,1.6507,1.00,1.19
2017.10.12 01:52:56.585,1.6503,1.65071,1.00,1.19
2017.10.12 01:52:57.484,1.65031,1.6507,1.00,1.19
2017.10.12 01:52:58.001,1.6503,1.65071,1.00,1.19
2017.10.12 01:53:00.878,1.65031,1.6507,1.00,1.19
2017.10.12 01:53:01.182,1.65033,1.65068,1.00,1.19
2017.10.12 01:53:01.283,1.65033,1.65068,1.00,1.25
2017.10.12 01:53:01.334,1.65033,1.65066,1.00,1.19
2017.10.12 01:53:01.815,1.65033,1.65068,1.50,1.25
2017.10.12 01:53:02.320,1.65032,1.65073,1.00,1.00
2017.10.12 01:53:02.371,1.65032,1.65072,1.19,1.00
2017.10.12 01:53:02.472,1.65036,1.65075,1.25,1.00
2017.10.12 01:53:02.523,1.65036,1.6507,1.69,1.00
2017.10.12 01:53:03.170,1.65037,1.65075,1.00,1.00
2017.10.12 01:53:04.985,1.65037,1.65075,1.00,1.19
2017.10.12 01:53:05.593,1.65037,1.65073,1.00,1.00
2017.10.12 01:53:06.406,1.65037,1.65074,1.00,1.50
2017.10.12 01:53:06.456,1.65037,1.65074,1.50,1.75
2017.10.12 01:53:07.971,1.65037,1.65074,1.00,1.44
2017.10.12 01:53:08.564,1.65038,1.65072,1.00,1.25
2017.10.12 01:53:10.090,1.65038,1.65072,1.00,1.19
2017.10.12 01:53:10.596,1.65038,1.65072,1.00,1.00
2017.10.12 01:53:11.422,1.65038,1.65072,1.00,1.69
2017.10.12 01:53:11.524,1.65032,1.65066,1.00,1.00
2017.10.12 01:53:12.926,1.65032,1.65063,1.00,1.19
2017.10.12 01:53:12.977,1.65029,1.65063,1.00,1.00
2017.10.12 01:53:13.029,1.65025,1.65058,1.00,1.00
2017.10.12 01:53:13.333,1.65028,1.65061,1.00,1.00
2017.10.12 01:53:14.496,1.65028,1.65055,1.00,1.00
2017.10.12 01:53:14.598,1.65024,1.65055,1.00,1.31
2017.10.12 01:53:15.114,1.65024,1.65056,1.00,1.87
2017.10.12 01:53:15.215,1.65019,1.65054,1.00,1.00
2017.10.12 01:53:15.636,1.65017,1.6505,1.00,1.00
2017.10.12 01:53:16.300,1.65019,1.65054,1.00,1.25
2017.10.12 01:53:16.907,1.65019,1.65054,1.00,1.19
2017.10.12 01:53:17.136,1.65017,1.6505,1.00,1.00
2017.10.12 01:53:17.791,1.65017,1.6505,1.69,1.00
2017.10.12 01:53:18.226,1.65021,1.65054,1.00,1.00
2017.10.12 01:53:29.738,1.65028,1.65062,1.19,1.00
2017.10.12 01:53:30.244,1.65028,1.65062,1.00,1.00
2017.10.12 01:53:30.652,1.65028,1.65062,1.19,1.00
2017.10.12 01:53:32.429,1.65028,1.65062,1.19,1.00
2017.10.12 01:53:33.410,1.65028,1.65062,1.19,1.00
2017.10.12 01:53:35.660,1.65028,1.65062,1.19,1.00
2017.10.12 01:53:36.195,1.65028,1.65062,1.19,1.00
2017.10.12 01:53:40.391,1.65028,1.65062,1.19,1.00
2017.10.12 01:53:47.725,1.65028,1.65062,1.19,1.00
2017.10.12 01:53:48.547,1.65028,1.65062,1.25,1.00
2017.10.12 01:53:50.540,1.65033,1.65065,1.19,1.00
2017.10.12 01:53:50.591,1.65035,1.65069,1.69,1.00
2017.10.12 01:53:50.642,1.65038,1.65072,1.25,1.00
2017.10.12 01:53:51.355,1.65041,1.65075,1.00,1.00
2017.10.12 01:53:51.659,1.65045,1.65079,1.00,1.50
2017.10.12 01:53:55.814,1.65045,1.65077,1.00,1.00
2017.10.12 01:53:55.865,1.65041,1.65075,1.50,1.50
2017.10.12 01:53:55.917,1.65041,1.65074,1.00,2.25
2017.10.12 01:53:55.968,1.65038,1.65072,1.00,1.25
2017.10.12 01:53:56.069,1.65038,1.6507,1.00,1.00
2017.10.12 01:53:56.344,1.65035,1.65068,1.00,1.00
2017.10.12 01:54:04.093,1.65032,1.65064,1.00,1.00
2017.10.12 01:54:04.347,1.65026,1.65061,1.00,1.00
2017.10.12 01:54:05.091,1.65029,1.65062,1.25,1.00
2017.10.12 01:54:05.142,1.65029,1.65064,1.19,1.00
2017.10.12 01:54:05.400,1.65032,1.65066,1.00,1.00
2017.10.12 01:54:11.922,1.65032,1.65063,1.00,1.25
2017.10.12 01:54:11.973,1.65028,1.65062,1.00,1.25
2017.10.12 01:54:12.024,1.65028,1.65059,1.00,1.00
2017.10.12 01:54:12.075,1.65026,1.65058,1.00,1.00
2017.10.12 01:54:12.126,1.65022,1.65056,1.19,1.00
2017.10.12 01:54:12.229,1.65027,1.65061,1.00,1.00
2017.10.12 01:54:12.532,1.65023,1.65057,1.00,1.00
2017.10.12 01:54:13.104,1.65027,1.65061,1.00,1.00
2017.10.12 01:54:16.810,1.65027,1.65061,1.19,1.00
2017.10.12 01:54:17.337,1.65027,1.65061,1.19,1.00
2017.10.12 01:54:18.554,1.65027,1.65061,1.19,1.00
2017.10.12 01:54:19.121,1.65027,1.65061,1.19,1.00
2017.10.12 01:54:20.110,1.65027,1.65061,1.25,1.00
2017.10.12 01:54:21.730,1.65027,1.65061,1.19,1.00
2017.10.12 01:54:22.257,1.65027,1.6506,1.00,1.00
2017.10.12 01:54:25.193,1.65027,1.65059,1.00,1.00
2017.10.12 01:54:25.245,1.65024,1.65058,1.00,1.00
2017.10.12 01:54:52.203,1.65017,1.65055,1.00,1.19
2017.10.12 01:54:52.809,1.65017,1.65052,1.19,1.00
2017.10.12 01:54:53.355,1.65017,1.65052,1.25,1.00
2017.10.12 01:54:55.200,1.65015,1.65055,1.19,1.00
2017.10.12 01:54:55.549,1.65019,1.65054,1.00,1.00
2017.10.12 01:54:56.791,1.65019,1.65054,1.19,1.00
2017.10.12 01:54:56.842,1.65024,1.65057,1.25,1.00
2017.10.12 01:54:56.893,1.65027,1.6506,1.00,1.00
2017.10.12 01:55:01.401,1.65027,1.6506,1.00,1.19
2017.10.12 01:55:01.452,1.65023,1.65056,1.00,1.00
2017.10.12 01:55:01.553,1.65023,1.65058,1.00,1.00
2017.10.12 01:55:04.110,1.65023,1.65058,1.19,1.00
2017.10.12 01:55:04.161,1.65027,1.6506,1.25,1.50
2017.10.12 01:55:05.026,1.65027,1.6506,1.19,1.50
2017.10.12 01:55:06.764,1.65027,1.6506,1.19,1.50
2017.10.12 01:55:09.113,1.65027,1.65059,1.19,1.00
2017.10.12 01:55:09.985,1.65027,1.6506,1.19,1.50
2017.10.12 01:55:11.618,1.65027,1.65059,1.19,1.00
2017.10.12 01:55:11.877,1.65028,1.6506,1.19,1.00
2017.10.12 01:55:11.928,1.6503,1.65065,1.19,1.00
2017.10.12 01:55:12.435,1.6503,1.65065,1.19,1.00
2017.10.12 01:55:12.616,1.65034,1.65068,1.00,1.50
2017.10.12 01:55:16.889,1.65034,1.65067,1.00,1.00
2017.10.12 01:55:17.437,1.65034,1.65068,1.00,1.50
2017.10.12 01:55:19.946,1.65034,1.65067,1.00,1.00
2017.10.12 01:55:20.474,1.65034,1.65068,1.00,1.00
2017.10.12 01:55:34.417,1.65034,1.65067,1.00,1.00
2017.10.12 01:55:34.946,1.65034,1.65068,1.00,1.50
2017.10.12 01:55:37.497,1.65034,1.65067,1.00,1.00
2017.10.12 01:55:38.072,1.65034,1.65068,1.00,1.00
2017.10.12 01:55:45.067,1.65034,1.65067,1.00,1.00
2017.10.12 01:55:45.574,1.65034,1.65068,1.00,1.00
2017.10.12 01:55:53.033,1.65036,1.65071,1.00,1.00
2017.10.12 01:55:59.180,1.65033,1.65067,1.00,1.00
2017.10.12 01:55:59.231,1.65032,1.65071,1.50,1.25
2017.10.12 01:55:59.282,1.65035,1.65068,1.00,1.00
2017.10.12 01:55:59.585,1.65034,1.65066,1.00,1.00
2017.10.12 01:55:59.636,1.65031,1.65069,1.00,1.00
2017.10.12 01:55:59.686,1.65032,1.65067,1.00,1.00
2017.10.12 01:56:00.445,1.65035,1.6507,1.00,1.25
2017.10.12 01:56:05.414,1.65035,1.6507,1.00,1.19
2017.10.12 01:56:05.920,1.65035,1.6507,1.00,1.25
2017.10.12 01:56:06.497,1.65035,1.6507,1.00,1.19
2017.10.12 01:56:07.035,1.65035,1.6507,1.00,1.25
2017.10.12 01:56:07.543,1.65037,1.6507,1.00,1.00
2017.10.12 01:56:08.085,1.65036,1.6507,1.00,1.00
2017.10.12 01:56:08.964,1.65037,1.6507,1.00,1.00
2017.10.12 01:56:10.301,1.65036,1.6507,1.00,1.00
2017.10.12 01:56:10.865,1.6504,1.65074,1.25,1.00
2017.10.12 01:56:12.189,1.6504,1.65074,1.19,1.00
2017.10.12 01:56:13.430,1.65041,1.65074,1.19,1.00
2017.10.12 01:56:13.950,1.6504,1.65074,1.69,1.00
2017.10.12 01:56:17.670,1.65041,1.65074,1.19,1.00
2017.10.12 01:56:18.709,1.6504,1.65074,1.69,1.00
2017.10.12 01:56:20.951,1.65044,1.65078,1.00,1.00
2017.10.12 01:56:21.508,1.65044,1.65078,1.69,1.00
2017.10.12 01:56:22.034,1.65044,1.65078,1.25,1.00
2017.10.12 01:56:22.975,1.65047,1.6508,1.00,1.00
2017.10.12 01:56:52.010,1.65047,1.65079,1.00,1.00
2017.10.12 01:56:54.869,1.65047,1.6508,1.19,1.00
2017.10.12 01:56:56.117,1.65051,1.65084,1.19,1.00
2017.10.12 01:56:56.631,1.65053,1.65085,1.00,1.00
2017.10.12 01:56:57.164,1.65053,1.65084,1.00,1.00
2017.10.12 01:56:58.278,1.65053,1.65083,1.00,1.00
2017.10.12 01:56:59.459,1.65053,1.65084,1.00,1.00
2017.10.12 01:57:01.857,1.65053,1.65083,1.00,1.00
2017.10.12 01:57:02.853,1.65053,1.65085,1.00,1.00
2017.10.12 01:57:03.674,1.65053,1.65087,1.00,1.69
2017.10.12 01:57:04.181,1.65053,1.65087,1.00,1.69
2017.10.12 01:57:04.826,1.65053,1.65087,1.00,1.69
2017.10.12 01:57:05.554,1.65053,1.65087,1.00,1.69
2017.10.12 01:57:11.477,1.65053,1.65086,1.00,1.00
2017.10.12 01:57:11.983,1.65053,1.65087,1.00,1.00
2017.10.12 01:57:12.085,1.65053,1.65087,1.19,1.00
2017.10.12 01:57:12.237,1.65063,1.65098,1.19,1.00
2017.10.12 01:57:12.483,1.65063,1.65095,1.19,1.00
2017.10.12 01:57:12.746,1.65063,1.65097,1.25,1.00
2017.10.12 01:57:12.797,1.65063,1.65097,1.19,1.00
2017.10.12 01:57:13.883,1.65063,1.65097,1.00,1.00
2017.10.12 01:57:14.003,1.6506,1.65094,1.25,1.37
2017.10.12 01:57:14.155,1.65053,1.65087,1.69,1.00
2017.10.12 01:57:14.712,1.65053,1.65085,1.00,1.00
2017.10.12 01:57:15.140,1.65053,1.65087,1.00,1.50
2017.10.12 01:57:15.654,1.65053,1.65085,1.00,1.00
2017.10.12 01:57:18.981,1.65053,1.65087,1.00,1.50
2017.10.12 01:57:20.596,1.65053,1.65087,1.19,1.50
2017.10.12 01:57:20.647,1.65053,1.65085,1.00,1.00
2017.10.12 01:57:23.011,1.65053,1.65087,1.00,1.50
2017.10.12 01:57:23.885,1.65053,1.65085,1.00,1.00
2017.10.12 01:57:24.416,1.65053,1.65084,1.00,1.00
2017.10.12 01:57:24.568,1.65053,1.65087,1.19,1.00
2017.10.12 01:57:25.096,1.65053,1.65087,1.00,1.00
2017.10.12 01:57:26.618,1.65051,1.65084,1.00,1.00
2017.10.12 01:57:27.129,1.65051,1.65083,1.00,1.00
2017.10.12 01:57:29.283,1.65051,1.6508,1.00,1.00
2017.10.12 01:57:29.435,1.65046,1.65076,1.00,1.00
2017.10.12 01:57:29.537,1.65041,1.65075,1.00,1.00
2017.10.12 01:57:30.050,1.65041,1.65074,1.00,1.00
2017.10.12 01:57:30.990,1.65038,1.65071,1.00,1.00
2017.10.12 01:57:31.143,1.65034,1.65069,1.25,1.00
2017.10.12 01:57:31.194,1.65037,1.65069,1.00,1.00
2017.10.12 01:57:31.548,1.65034,1.65069,1.25,1.00
2017.10.12 01:57:31.706,1.65038,1.65068,1.00,1.00
2017.10.12 01:57:32.226,1.65038,1.65067,1.00,1.00
2017.10.12 01:57:34.038,1.65038,1.65066,1.00,1.00
2017.10.12 01:57:34.556,1.65032,1.65066,1.50,1.00
2017.10.12 01:57:35.093,1.65032,1.65065,1.00,1.00
2017.10.12 01:57:35.607,1.65031,1.65064,1.00,1.00
2017.10.12 01:57:36.466,1.65031,1.65061,1.00,1.00
2017.10.12 01:57:36.639,1.65031,1.65066,1.00,1.00
2017.10.12 01:57:38.451,1.65029,1.65068,1.69,1.00
2017.10.12 01:57:40.607,1.65031,1.65066,1.00,1.00
2017.10.12 01:57:44.892,1.6503,1.65069,1.19,1.00
2017.10.12 01:57:45.398,1.65029,1.6507,1.69,1.00
2017.10.12 01:57:45.664,1.65033,1.65067,1.00,1.00
2017.10.12 01:57:48.353,1.65033,1.65066,1.00,1.00
2017.10.12 01:57:48.505,1.65028,1.65062,1.00,1.00
2017.10.12 01:57:48.556,1.65025,1.65059,1.25,1.00
2017.10.12 01:57:49.099,1.65021,1.6506,1.69,1.00
2017.10.12 01:57:49.627,1.65024,1.65059,1.00,1.00
2017.10.12 01:57:50.208,1.65022,1.6506,1.69,1.00
2017.10.12 01:57:50.739,1.65022,1.65059,1.69,1.00
2017.10.12 01:57:52.803,1.65021,1.6506,1.69,1.00
2017.10.12 01:57:52.853,1.65025,1.65058,1.00,1.00
2017.10.12 01:57:53.051,1.65022,1.6506,1.69,1.00
2017.10.12 01:57:53.637,1.65022,1.65059,1.69,1.00
2017.10.12 01:57:54.319,1.65021,1.6506,1.69,1.00
2017.10.12 01:57:54.574,1.65025,1.65058,1.00,1.00
2017.10.12 01:57:55.412,1.65025,1.65056,1.00,1.00
2017.10.12 01:57:55.564,1.6502,1.65055,1.00,1.00
2017.10.12 01:57:55.919,1.65018,1.65051,1.00,1.00
2017.10.12 01:57:55.970,1.65014,1.65048,1.25,1.50
2017.10.12 01:57:56.072,1.65009,1.65048,1.19,1.00
2017.10.12 01:57:56.123,1.65013,1.65045,1.00,1.00
2017.10.12 01:57:56.952,1.65013,1.65044,1.00,1.00
2017.10.12 01:57:57.493,1.65013,1.65045,1.00,1.00
2017.10.12 01:57:59.515,1.65013,1.65044,1.00,1.00
2017.10.12 01:58:00.240,1.65013,1.65045,1.00,1.00
2017.10.12 01:58:00.412,1.65013,1.65047,1.00,1.00
2017.10.12 01:58:00.520,1.65009,1.65048,1.19,1.00
2017.10.12 01:58:00.571,1.65012,1.65046,1.00,1.00
2017.10.12 01:58:04.437,1.65012,1.65046,1.19,1.00
2017.10.12 01:58:04.976,1.65012,1.65046,1.00,1.00
2017.10.12 01:58:12.442,1.65015,1.65049,1.00,1.00
2017.10.12 01:58:23.478,1.65015,1.65048,1.00,1.00
2017.10.12 01:58:26.581,1.65015,1.65049,1.00,1.50
2017.10.12 01:58:27.401,1.65015,1.65048,1.00,1.00
2017.10.12 01:58:28.093,1.65015,1.65049,1.00,2.25
2017.10.12 01:58:36.245,1.65015,1.65049,1.19,1.00
2017.10.12 01:58:39.104,1.65015,1.65049,1.25,1.00
2017.10.12 01:58:40.284,1.6502,1.65049,1.00,1.00
2017.10.12 01:58:40.366,1.65019,1.65053,1.19,1.50
2017.10.12 01:58:40.417,1.65021,1.65055,1.19,1.00
2017.10.12 01:58:40.519,1.65018,1.65052,1.00,1.00
2017.10.12 01:58:41.889,1.65018,1.65051,1.00,1.00
2017.10.12 01:58:47.004,1.65014,1.65048,1.00,1.00
2017.10.12 01:59:11.716,1.65014,1.65048,1.19,1.00
2017.10.12 01:59:13.027,1.65015,1.65048,1.19,1.00
2017.10.12 01:59:13.560,1.65014,1.65048,1.69,1.00
2017.10.12 01:59:18.181,1.65015,1.65048,1.19,1.00
2017.10.12 01:59:22.178,1.65014,1.65048,1.69,1.00
2017.10.12 01:59:29.225,1.65014,1.65048,1.69,1.00
2017.10.12 01:59:29.848,1.65015,1.65048,1.25,1.00
2017.10.12 01:59:30.392,1.65015,1.65048,1.19,1.00
2017.10.12 01:59:32.026,1.65015,1.65048,1.19,1.00
2017.10.12 01:59:32.077,1.65018,1.65053,1.00,1.00
2017.10.12 01:59:33.839,1.65018,1.65051,1.00,1.00
2017.10.12 01:59:34.344,1.65018,1.65052,1.00,1.50
2017.10.12 01:59:34.849,1.65018,1.65053,1.00,1.00
2017.10.12 01:59:43.330,1.65023,1.65055,1.00,1.00
2017.10.12 01:59:43.984,1.65023,1.65055,1.19,1.00
2017.10.12 01:59:44.430,1.65025,1.6506,1.00,1.00
2017.10.12 01:59:45.948,1.65025,1.65058,1.00,1.00
2017.10.12 01:59:45.999,1.65021,1.65056,1.00,1.00
2017.10.12 01:59:46.050,1.65021,1.65053,1.00,1.00
2017.10.12 01:59:46.354,1.65016,1.65048,1.00,1.00
2017.10.12 01:59:46.934,1.65013,1.65045,1.00,1.00
2017.10.12 01:59:46.985,1.65008,1.65043,1.00,1.00
2017.10.12 01:59:47.087,1.65005,1.6504,1.00,1.00
2017.10.12 01:59:47.391,1.64996,1.65028,1.50,1.00
2017.10.12 01:59:47.544,1.64999,1.65034,1.00,1.00
2017.10.12 01:59:47.697,1.64997,1.65029,1.25,1.25
2017.10.12 01:59:47.853,1.64999,1.65033,1.00,1.00
2017.10.12 01:59:49.434,1.64997,1.65028,1.25,1.00
2017.10.12 01:59:49.611,1.64994,1.65029,1.50,1.00
2017.10.12 01:59:50.376,1.64995,1.65029,1.00,1.00
2017.10.12 01:59:54.513,1.64994,1.65028,1.69,1.00
2017.10.12 01:59:54.971,1.64994,1.65032,1.00,1.69
2017.10.12 01:59:55.022,1.64994,1.65027,1.00,1.00
2017.10.12 01:59:55.326,1.64997,1.65031,1.00,1.00
2017.10.12 01:59:55.428,1.64996,1.65027,1.00,1.00
2017.10.12 01:59:55.479,1.64998,1.6503,1.00,1.00
2017.10.12 01:59:55.672,1.64994,1.65028,3.19,1.00
2017.10.12 01:59:55.723,1.64998,1.65031,1.00,1.00
2017.10.12 01:59:55.824,1.64997,1.65029,1.00,1.00
2017.10.12 01:59:55.876,1.64997,1.65031,1.00,1.00
2017.10.12 01:59:55.977,1.64999,1.65031,1.00,1.00
2017.10.12 01:59:56.129,1.65002,1.65035,1.00,1.00
2017.10.12 01:59:56.382,1.65004,1.65038,1.00,1.00
2017.10.12 01:59:56.691,1.64997,1.6503,1.00,1.69
2017.10.12 01:59:57.010,1.65003,1.65034,1.25,1.00
2017.10.12 01:59:58.696,1.65002,1.65034,2.44,1.00
2017.10.12 01:59:58.915,1.65005,1.65039,1.00,1.00
2017.10.12 01:59:59.028,1.65003,1.65035,1.00,1.00
2017.10.12 01:59:59.181,1.64986,1.65021,1.00,1.50
2017.10.12 01:59:59.232,1.64984,1.65017,1.69,1.25
2017.10.12 01:59:59.586,1.64986,1.65013,1.00,1.00
2017.10.12 01:59:59.738,1.64971,1.65003,1.50,1.00
2017.10.12 01:59:59.968,1.64972,1.65006,1.50,1.50
