2015.07.21 13:00:02.127,2.0194,2.01973,1.00,1.00
2015.07.21 13:00:02.179,2.0194,2.01979,1.00,1.00
2015.07.21 13:00:02.230,2.01945,2.01982,1.00,1.00
2015.07.21 13:00:02.613,2.01945,2.01984,1.00,1.00
2015.07.21 13:00:03.122,2.01945,2.01985,1.00,1.50
2015.07.21 13:00:03.932,2.01945,2.01983,1.00,1.00
2015.07.21 13:00:04.491,2.01945,2.01982,1.00,1.00
2015.07.21 13:00:04.692,2.01945,2.01984,1.00,1.00
2015.07.21 13:00:04.894,2.01945,2.01982,1.00,1.00
2015.07.21 13:00:05.147,2.01945,2.01985,1.00,1.50
2015.07.21 13:00:05.655,2.01945,2.01984,1.00,1.00
2015.07.21 13:00:06.188,2.01945,2.01983,1.00,1.00
2015.07.21 13:00:06.693,2.01945,2.01984,1.00,1.00
2015.07.21 13:00:07.195,2.01945,2.01981,1.00,1.00
2015.07.21 13:00:07.548,2.01936,2.01973,1.00,1.00
2015.07.21 13:00:07.700,2.01942,2.01981,1.00,1.87
2015.07.21 13:00:08.218,2.01942,2.01979,1.00,1.00
2015.07.21 13:00:08.648,2.01942,2.01981,1.00,1.50
2015.07.21 13:00:08.850,2.01942,2.01979,1.00,1.00
2015.07.21 13:00:09.203,2.01939,2.01976,1.00,1.00
2015.07.21 13:00:09.525,2.01931,2.0197,1.00,1.87
2015.07.21 13:00:09.626,2.01928,2.01967,1.50,1.00
2015.07.21 13:00:09.979,2.01922,2.01961,1.00,1.00
2015.07.21 13:00:10.281,2.01926,2.01965,1.00,1.00
2015.07.21 13:00:10.627,2.01929,2.01965,1.00,1.00
2015.07.21 13:00:10.678,2.01929,2.01968,1.00,1.00
2015.07.21 13:00:10.729,2.01932,2.01968,1.00,1.00
2015.07.21 13:00:10.880,2.01933,2.01972,1.00,1.00
2015.07.21 13:00:12.615,2.01937,2.01974,1.00,1.00
2015.07.21 13:00:12.666,2.01932,2.01972,1.00,1.00
2015.07.21 13:00:12.717,2.01932,2.01969,1.00,1.00
2015.07.21 13:00:12.818,2.01932,2.01972,1.00,1.50
2015.07.21 13:00:13.181,2.01937,2.01975,1.00,1.00
2015.07.21 13:00:14.774,2.01937,2.01975,1.00,1.37
2015.07.21 13:00:15.354,2.01937,2.01975,1.00,1.90
2015.07.21 13:00:15.455,2.01937,2.01975,1.00,1.90
2015.07.21 13:00:15.682,2.01941,2.01978,1.00,1.00
2015.07.21 13:00:16.135,2.01943,2.01983,1.00,1.00
2015.07.21 13:00:16.639,2.01944,2.01983,1.00,1.00
2015.07.21 13:00:16.691,2.01949,2.01985,1.00,1.00
2015.07.21 13:00:16.792,2.01951,2.01991,1.00,1.00
2015.07.21 13:00:16.994,2.01951,2.0199,1.00,1.67
2015.07.21 13:00:17.095,2.01951,2.01991,1.00,1.42
2015.07.21 13:00:18.236,2.01953,2.01991,1.00,1.00
2015.07.21 13:00:18.539,2.01951,2.01991,1.00,1.00
2015.07.21 13:00:19.050,2.01948,2.01987,1.00,1.00
2015.07.21 13:00:19.352,2.01944,2.01981,1.00,1.00
2015.07.21 13:00:19.403,2.01944,2.01984,1.00,1.00
2015.07.21 13:00:19.655,2.01944,2.01982,1.00,1.00
2015.07.21 13:00:19.957,2.01944,2.01984,1.00,1.00
2015.07.21 13:00:20.008,2.01948,2.01986,1.00,1.00
2015.07.21 13:00:20.210,2.0195,2.0199,1.50,1.00
2015.07.21 13:00:20.311,2.01952,2.0199,1.00,1.00
2015.07.21 13:00:20.512,2.0196,2.01999,1.00,1.00
2015.07.21 13:00:20.613,2.0196,2.01997,1.00,1.00
2015.07.21 13:00:21.122,2.0196,2.01998,1.00,1.00
2015.07.21 13:00:21.626,2.0196,2.01999,1.00,1.00
2015.07.21 13:00:21.929,2.01956,2.01995,1.00,1.50
2015.07.21 13:00:22.232,2.01959,2.01998,1.00,1.50
2015.07.21 13:00:22.711,2.01959,2.01996,1.00,1.00
2015.07.21 13:00:22.862,2.01956,2.01995,1.00,1.50
2015.07.21 13:00:23.518,2.01956,2.01993,1.00,1.00
2015.07.21 13:00:23.720,2.01956,2.01995,1.00,1.50
2015.07.21 13:00:25.025,2.01954,2.0199,1.00,1.00
2015.07.21 13:00:25.574,2.01954,2.01991,1.00,1.50
2015.07.21 13:00:26.079,2.01956,2.01993,1.00,1.00
2015.07.21 13:00:26.130,2.01954,2.01992,1.00,1.00
2015.07.21 13:00:26.435,2.01957,2.01997,1.00,1.50
2015.07.21 13:00:26.587,2.01961,2.01999,1.00,1.50
2015.07.21 13:00:27.654,2.01958,2.01996,1.00,1.00
2015.07.21 13:00:28.322,2.01958,2.01995,1.00,1.00
2015.07.21 13:00:28.851,2.01958,2.01996,1.00,1.00
2015.07.21 13:00:29.666,2.01968,2.02007,1.00,1.00
2015.07.21 13:00:30.171,2.01968,2.02008,1.00,1.00
2015.07.21 13:00:30.634,2.01971,2.02008,1.00,1.00
2015.07.21 13:00:30.890,2.01972,2.0201,1.00,1.00
2015.07.21 13:00:30.991,2.01974,2.02014,1.00,1.00
2015.07.21 13:00:31.511,2.01974,2.02009,1.00,1.00
2015.07.21 13:00:31.616,2.01971,2.0201,1.00,1.00
2015.07.21 13:00:31.767,2.01971,2.02008,1.00,1.00
2015.07.21 13:00:31.869,2.01971,2.0201,1.00,1.00
2015.07.21 13:00:33.078,2.01971,2.02007,1.00,1.00
2015.07.21 13:00:33.616,2.01971,2.0201,1.00,1.50
2015.07.21 13:00:33.735,2.01971,2.02008,1.00,1.00
2015.07.21 13:00:34.239,2.01971,2.02007,1.00,1.00
2015.07.21 13:00:34.541,2.01964,2.02002,1.00,1.87
2015.07.21 13:00:34.693,2.01964,2.01999,1.00,1.00
2015.07.21 13:00:34.831,2.01964,2.02001,1.00,1.00
2015.07.21 13:00:35.195,2.01964,2.02002,1.00,1.37
2015.07.21 13:00:35.396,2.01964,2.01999,1.00,1.37
2015.07.21 13:00:35.497,2.01964,2.02002,1.00,1.37
2015.07.21 13:00:36.018,2.01965,2.02002,1.00,1.00
2015.07.21 13:00:36.292,2.01966,2.02005,1.00,1.00
2015.07.21 13:00:36.595,2.01966,2.02003,1.00,1.00
2015.07.21 13:00:36.897,2.01963,2.02001,1.00,1.12
2015.07.21 13:00:36.948,2.01963,2.02001,1.00,1.37
2015.07.21 13:00:37.100,2.01963,2.02001,1.00,1.00
2015.07.21 13:00:37.252,2.01963,2.02003,1.00,1.50
2015.07.21 13:00:37.545,2.0196,2.01999,1.00,1.37
2015.07.21 13:00:38.049,2.0196,2.01999,1.00,1.00
2015.07.21 13:00:38.760,2.01961,2.01999,1.00,1.00
2015.07.21 13:00:39.264,2.0196,2.01999,1.00,1.00
2015.07.21 13:00:39.768,2.0196,2.01998,1.00,1.12
2015.07.21 13:00:40.286,2.0196,2.01999,1.00,1.00
2015.07.21 13:00:40.963,2.01962,2.01999,1.00,1.00
2015.07.21 13:00:41.108,2.01963,2.02002,1.00,1.00
2015.07.21 13:00:41.612,2.01964,2.02003,1.00,1.00
2015.07.21 13:00:42.116,2.01965,2.02003,1.00,1.00
2015.07.21 13:00:42.627,2.01966,2.02006,1.00,1.00
2015.07.21 13:00:44.397,2.01966,2.02004,1.00,1.00
2015.07.21 13:00:44.599,2.01966,2.02006,1.00,1.50
2015.07.21 13:00:45.106,2.01966,2.02005,1.00,1.00
2015.07.21 13:00:45.624,2.01966,2.02002,1.00,1.00
2015.07.21 13:00:45.826,2.01966,2.02005,1.00,1.12
2015.07.21 13:00:46.028,2.01966,2.02003,1.00,1.00
2015.07.21 13:00:46.302,2.01966,2.02005,1.00,1.00
2015.07.21 13:00:46.605,2.01966,2.02002,1.00,1.00
2015.07.21 13:00:46.706,2.01966,2.02006,1.00,1.00
2015.07.21 13:00:46.757,2.01969,2.02007,1.00,1.00
2015.07.21 13:00:47.110,2.01966,2.02005,1.00,1.00
2015.07.21 13:00:47.612,2.01966,2.02004,1.00,1.00
2015.07.21 13:00:48.116,2.01966,2.02003,1.00,1.00
2015.07.21 13:00:48.219,2.01966,2.02001,1.00,1.00
2015.07.21 13:00:48.582,2.01966,2.02005,1.00,1.00
2015.07.21 13:00:50.358,2.01966,2.02004,1.00,1.00
2015.07.21 13:00:50.863,2.01966,2.02005,1.00,1.00
2015.07.21 13:00:51.527,2.01966,2.02004,1.00,1.00
2015.07.21 13:00:52.031,2.01966,2.02005,1.00,1.00
2015.07.21 13:00:52.556,2.01963,2.02002,1.00,1.50
2015.07.21 13:00:53.960,2.01964,2.02002,1.00,1.00
2015.07.21 13:00:54.735,2.01963,2.02002,1.50,1.00
2015.07.21 13:00:56.592,2.01965,2.02002,1.00,1.00
2015.07.21 13:00:56.844,2.01963,2.02002,1.00,1.00
2015.07.21 13:00:58.130,2.01964,2.02002,1.00,1.00
2015.07.21 13:00:58.680,2.01963,2.02002,1.50,1.00
2015.07.21 13:00:59.131,2.01963,2.01999,1.00,1.37
2015.07.21 13:00:59.182,2.01959,2.01997,1.00,1.37
2015.07.21 13:00:59.435,2.01956,2.01995,1.00,1.00
2015.07.21 13:00:59.586,2.01956,2.01992,1.00,1.00
2015.07.21 13:00:59.788,2.01956,2.01995,1.00,1.00
2015.07.21 13:01:00.091,2.01959,2.01996,1.00,1.00
2015.07.21 13:01:00.192,2.01959,2.01999,1.00,1.00
2015.07.21 13:01:00.711,2.01959,2.01999,1.00,1.37
2015.07.21 13:01:01.316,2.01959,2.01999,1.00,1.00
2015.07.21 13:01:01.828,2.01959,2.01998,1.00,1.00
2015.07.21 13:01:02.332,2.01959,2.01997,1.00,1.37
2015.07.21 13:01:02.853,2.01959,2.01997,1.00,1.50
2015.07.21 13:01:03.155,2.01959,2.01999,1.00,1.00
2015.07.21 13:01:03.307,2.01959,2.01997,1.00,1.00
2015.07.21 13:01:03.559,2.01959,2.01999,1.00,1.12
2015.07.21 13:01:03.611,2.01959,2.01997,1.00,1.00
2015.07.21 13:01:04.882,2.01959,2.01992,1.00,1.00
2015.07.21 13:01:05.189,2.01955,2.01986,1.00,1.00
2015.07.21 13:01:05.442,2.01955,2.01991,1.00,1.00
2015.07.21 13:01:05.845,2.01953,2.01991,1.00,1.00
2015.07.21 13:01:05.946,2.01953,2.01989,1.00,1.00
2015.07.21 13:01:06.163,2.01953,2.01991,1.00,1.00
2015.07.21 13:01:06.516,2.01957,2.01994,1.00,1.00
2015.07.21 13:01:07.627,2.01953,2.01992,1.00,1.60
2015.07.21 13:01:07.930,2.0195,2.01989,1.00,1.60
2015.07.21 13:01:08.239,2.0195,2.01985,1.00,1.30
2015.07.21 13:01:08.592,2.01946,2.01985,1.00,1.00
2015.07.21 13:01:09.097,2.01946,2.01984,1.00,1.00
2015.07.21 13:01:09.607,2.01952,2.0199,1.00,1.00
2015.07.21 13:01:09.910,2.01952,2.01988,1.00,1.00
2015.07.21 13:01:10.011,2.01952,2.0199,1.00,1.00
2015.07.21 13:01:10.263,2.01952,2.01988,1.00,1.00
2015.07.21 13:01:10.777,2.01952,2.01987,1.00,1.00
2015.07.21 13:01:11.030,2.01952,2.0199,1.00,1.00
2015.07.21 13:01:11.782,2.01952,2.01989,1.00,1.00
2015.07.21 13:01:12.286,2.01952,2.0199,1.00,1.00
2015.07.21 13:01:13.002,2.01952,2.01988,1.00,1.00
2015.07.21 13:01:13.457,2.01952,2.01986,1.00,1.00
2015.07.21 13:01:13.608,2.01948,2.01986,1.00,1.00
2015.07.21 13:01:14.157,2.01948,2.01987,1.00,1.50
2015.07.21 13:01:14.410,2.01951,2.01987,1.00,1.00
2015.07.21 13:01:14.461,2.01954,2.01993,1.00,1.00
2015.07.21 13:01:14.512,2.01954,2.01986,1.00,1.00
2015.07.21 13:01:14.562,2.01951,2.01986,1.00,1.00
2015.07.21 13:01:14.997,2.01947,2.01986,1.00,1.50
2015.07.21 13:01:15.098,2.01947,2.01984,1.00,1.00
2015.07.21 13:01:15.309,2.01953,2.01993,1.00,1.45
2015.07.21 13:01:15.360,2.01953,2.01993,1.00,1.00
2015.07.21 13:01:15.855,2.01956,2.01996,1.00,1.00
2015.07.21 13:01:16.158,2.0196,2.01998,1.00,1.00
2015.07.21 13:01:16.754,2.0196,2.01995,1.00,1.00
2015.07.21 13:01:17.164,2.0196,2.01998,1.00,1.50
2015.07.21 13:01:17.467,2.01956,2.01994,1.00,1.00
2015.07.21 13:01:17.826,2.01956,2.0199,1.00,1.00
2015.07.21 13:01:17.928,2.01952,2.0199,1.00,1.00
2015.07.21 13:01:18.281,2.01952,2.01987,1.00,1.00
2015.07.21 13:01:18.332,2.01949,2.01987,1.00,1.50
2015.07.21 13:01:18.383,2.01949,2.01984,1.00,1.00
2015.07.21 13:01:18.584,2.01949,2.01987,1.00,1.00
2015.07.21 13:01:19.098,2.01949,2.01986,1.00,1.00
2015.07.21 13:01:19.647,2.01949,2.01987,1.00,1.00
2015.07.21 13:01:20.178,2.01949,2.01986,1.00,1.00
2015.07.21 13:01:20.780,2.01949,2.01987,1.00,1.00
2015.07.21 13:01:21.781,2.01951,2.0199,1.00,1.00
2015.07.21 13:01:21.882,2.01953,2.0199,1.00,1.00
2015.07.21 13:01:22.185,2.01957,2.01994,1.00,1.50
2015.07.21 13:01:22.236,2.01953,2.01992,1.00,1.00
2015.07.21 13:01:22.689,2.01953,2.01989,1.00,1.00
2015.07.21 13:01:22.740,2.01951,2.01988,1.00,1.00
2015.07.21 13:01:24.853,2.01947,2.01984,1.00,1.00
2015.07.21 13:01:25.106,2.01947,2.01986,1.00,1.00
2015.07.21 13:01:25.862,2.01947,2.01985,1.00,1.00
2015.07.21 13:01:26.689,2.01951,2.01991,1.00,1.50
2015.07.21 13:01:26.941,2.01951,2.01988,1.00,1.00
2015.07.21 13:01:27.244,2.01951,2.01986,1.00,1.00
2015.07.21 13:01:27.295,2.01951,2.0199,1.00,1.00
2015.07.21 13:01:27.396,2.01951,2.01988,1.00,1.00
2015.07.21 13:01:27.806,2.01951,2.01987,1.00,1.37
2015.07.21 13:01:27.907,2.01951,2.0199,1.00,1.37
2015.07.21 13:01:28.059,2.01949,2.01986,1.00,1.00
2015.07.21 13:01:28.599,2.01945,2.01984,1.00,1.50
2015.07.21 13:01:28.700,2.01945,2.01984,1.00,1.37
2015.07.21 13:01:28.857,2.01941,2.0198,1.00,1.00
2015.07.21 13:01:29.621,2.01942,2.0198,1.00,1.00
2015.07.21 13:01:30.164,2.01941,2.0198,1.00,1.00
2015.07.21 13:01:30.467,2.01943,2.0198,1.00,1.00
2015.07.21 13:01:30.721,2.01941,2.0198,1.00,1.00
2015.07.21 13:01:31.599,2.01943,2.0198,1.00,1.00
2015.07.21 13:01:31.650,2.01947,2.01986,1.00,1.00
2015.07.21 13:01:32.376,2.01947,2.01985,1.00,1.00
2015.07.21 13:01:32.477,2.01945,2.01982,1.00,1.00
2015.07.21 13:01:34.525,2.01947,2.01986,1.00,1.50
2015.07.21 13:01:34.576,2.01947,2.01984,1.00,1.00
2015.07.21 13:01:34.677,2.01944,2.01983,1.00,1.00
2015.07.21 13:01:35.182,2.01944,2.01982,1.00,1.00
2015.07.21 13:01:35.746,2.01941,2.01979,1.00,1.00
2015.07.21 13:01:36.209,2.01934,2.01973,1.00,1.00
2015.07.21 13:01:36.310,2.01934,2.01973,1.00,1.37
2015.07.21 13:01:36.411,2.01934,2.01973,1.50,1.37
2015.07.21 13:01:36.940,2.01934,2.01973,1.00,1.50
2015.07.21 13:01:37.444,2.01934,2.01973,1.00,1.87
2015.07.21 13:01:37.946,2.01934,2.01972,1.00,1.12
2015.07.21 13:01:38.551,2.01934,2.01972,1.00,1.37
2015.07.21 13:01:38.854,2.01934,2.01971,1.00,1.12
2015.07.21 13:01:40.054,2.01934,2.01972,1.00,1.12
2015.07.21 13:01:40.558,2.01934,2.01972,1.00,1.37
2015.07.21 13:01:41.062,2.01934,2.01972,1.00,1.00
2015.07.21 13:01:41.719,2.01934,2.01972,1.00,1.37
2015.07.21 13:01:42.022,2.01934,2.01973,1.00,1.87
2015.07.21 13:01:42.325,2.01934,2.0197,1.00,1.00
2015.07.21 13:01:42.376,2.01934,2.01973,1.00,1.50
2015.07.21 13:01:42.824,2.01934,2.01971,1.00,1.00
2015.07.21 13:01:43.228,2.01934,2.01973,1.00,1.87
2015.07.21 13:01:43.730,2.01934,2.01972,1.00,1.00
2015.07.21 13:01:44.785,2.01934,2.01973,1.00,1.50
2015.07.21 13:01:44.886,2.01934,2.01971,1.00,1.00
2015.07.21 13:01:45.274,2.01934,2.01973,1.00,1.50
2015.07.21 13:01:46.090,2.01934,2.01972,1.00,1.00
2015.07.21 13:01:46.636,2.01934,2.01973,1.00,1.00
2015.07.21 13:01:47.145,2.01934,2.01972,1.00,1.00
2015.07.21 13:01:47.659,2.01934,2.01973,1.00,1.12
2015.07.21 13:01:47.865,2.01934,2.01971,1.00,1.00
2015.07.21 13:01:48.067,2.01934,2.01973,1.00,1.50
2015.07.21 13:01:48.169,2.01934,2.01972,1.00,1.37
2015.07.21 13:01:48.270,2.01929,2.01968,1.00,1.12
2015.07.21 13:01:48.808,2.01929,2.01967,1.00,1.00
2015.07.21 13:01:48.859,2.01929,2.01965,1.00,1.00
2015.07.21 13:01:49.193,2.01929,2.01968,1.00,1.50
2015.07.21 13:01:49.743,2.01929,2.01964,1.00,1.00
2015.07.21 13:01:50.270,2.01929,2.01965,1.00,1.00
2015.07.21 13:01:50.775,2.01929,2.01964,1.00,1.00
2015.07.21 13:01:51.027,2.01925,2.01965,1.00,1.50
2015.07.21 13:01:51.606,2.01925,2.01962,1.00,1.00
2015.07.21 13:01:51.708,2.01925,2.01964,1.00,1.00
2015.07.21 13:01:52.211,2.01925,2.01965,1.00,1.50
2015.07.21 13:01:52.753,2.01928,2.01968,1.00,1.50
2015.07.21 13:01:53.356,2.01929,2.01968,1.00,1.00
2015.07.21 13:01:53.831,2.01934,2.01971,1.00,1.00
2015.07.21 13:01:59.175,2.01935,2.01971,1.00,1.00
2015.07.21 13:01:59.226,2.01939,2.01976,1.00,1.00
2015.07.21 13:01:59.276,2.01946,2.01981,1.00,1.00
2015.07.21 13:01:59.327,2.01946,2.01985,1.00,1.00
2015.07.21 13:01:59.378,2.01946,2.01982,1.00,1.00
2015.07.21 13:01:59.681,2.01942,2.01978,1.00,1.00
2015.07.21 13:01:59.731,2.01942,2.01981,1.00,1.12
2015.07.21 13:01:59.984,2.01942,2.01979,1.00,1.00
2015.07.21 13:02:00.631,2.01942,2.01978,1.00,1.00
2015.07.21 13:02:00.782,2.01939,2.01977,1.00,1.00
2015.07.21 13:02:00.834,2.01936,2.01976,1.00,1.50
2015.07.21 13:02:01.086,2.01936,2.01973,1.00,1.00
2015.07.21 13:02:01.632,2.01936,2.01972,1.00,1.00
2015.07.21 13:02:02.931,2.01936,2.01976,1.00,1.50
2015.07.21 13:02:03.183,2.01939,2.01979,1.00,1.00
2015.07.21 13:02:03.486,2.01946,2.01986,1.00,1.50
2015.07.21 13:02:04.420,2.01946,2.01986,1.00,1.87
2015.07.21 13:02:04.622,2.01946,2.01986,1.00,1.50
2015.07.21 13:02:05.437,2.01946,2.01985,1.00,1.00
2015.07.21 13:02:05.843,2.01951,2.01988,1.00,1.00
2015.07.21 13:02:07.550,2.01955,2.01992,1.00,1.00
2015.07.21 13:02:08.094,2.01955,2.01991,1.00,1.00
2015.07.21 13:02:08.629,2.01955,2.01992,1.00,1.50
2015.07.21 13:02:09.004,2.01955,2.0199,1.00,1.00
2015.07.21 13:02:09.193,2.01955,2.01992,1.00,1.00
2015.07.21 13:02:09.757,2.01955,2.0199,1.00,1.00
2015.07.21 13:02:09.909,2.0195,2.0199,1.00,1.50
2015.07.21 13:02:10.192,2.0195,2.01984,1.00,1.00
2015.07.21 13:02:10.426,2.01947,2.01984,1.00,1.00
2015.07.21 13:02:10.834,2.01947,2.01981,1.00,1.00
2015.07.21 13:02:10.885,2.01944,2.01981,1.00,1.00
2015.07.21 13:02:11.495,2.01944,2.01982,1.00,1.00
2015.07.21 13:02:13.271,2.01944,2.01981,1.00,1.00
2015.07.21 13:02:13.822,2.01944,2.01983,1.00,1.00
2015.07.21 13:02:13.872,2.01942,2.01979,1.00,1.00
2015.07.21 13:02:14.706,2.01944,2.01979,1.00,1.00
2015.07.21 13:02:14.759,2.01944,2.01983,1.50,1.00
2015.07.21 13:02:14.911,2.01946,2.01983,1.00,1.00
2015.07.21 13:02:14.962,2.01947,2.01986,1.00,1.00
2015.07.21 13:02:15.265,2.0195,2.01986,1.00,1.00
2015.07.21 13:02:15.668,2.01951,2.0199,1.50,1.00
2015.07.21 13:02:19.847,2.01951,2.01988,1.00,1.12
2015.07.21 13:02:20.047,2.01948,2.01987,1.00,1.00
2015.07.21 13:02:23.178,2.01948,2.01985,1.00,1.00
2015.07.21 13:02:23.683,2.01948,2.01984,1.00,1.00
2015.07.21 13:02:23.885,2.01944,2.01984,1.00,1.50
2015.07.21 13:02:24.612,2.01944,2.0198,1.00,1.00
2015.07.21 13:02:24.965,2.01941,2.0198,1.00,1.00
2015.07.21 13:02:25.516,2.01941,2.01979,1.00,1.00
2015.07.21 13:02:26.668,2.01941,2.01978,1.00,1.00
2015.07.21 13:02:27.173,2.01938,2.01977,1.00,1.00
2015.07.21 13:02:27.891,2.01938,2.01976,1.00,1.00
2015.07.21 13:02:29.509,2.01935,2.01973,1.00,1.00
2015.07.21 13:02:34.062,2.01936,2.01973,1.00,1.00
2015.07.21 13:02:34.214,2.01937,2.01977,1.00,1.00
2015.07.21 13:02:34.416,2.01941,2.0198,1.00,1.00
2015.07.21 13:02:35.266,2.01941,2.01978,1.00,1.00
2015.07.21 13:02:35.572,2.01941,2.01978,1.00,1.37
2015.07.21 13:02:35.783,2.01941,2.01978,1.00,1.00
2015.07.21 13:02:36.022,2.01939,2.01976,1.00,1.00
2015.07.21 13:02:41.600,2.01939,2.01976,1.00,1.37
2015.07.21 13:02:42.169,2.01939,2.01976,1.00,1.00
2015.07.21 13:02:49.696,2.0194,2.01976,1.00,1.00
2015.07.21 13:02:50.324,2.01939,2.01976,1.00,1.00
2015.07.21 13:02:50.825,2.0194,2.01976,1.00,1.00
2015.07.21 13:02:51.543,2.01939,2.01976,1.00,1.00
2015.07.21 13:02:57.951,2.01941,2.01976,1.00,1.00
2015.07.21 13:02:58.153,2.01939,2.01976,1.50,1.00
2015.07.21 13:02:58.456,2.01941,2.0198,1.00,1.00
2015.07.21 13:02:59.041,2.01943,2.0198,1.00,1.00
2015.07.21 13:02:59.545,2.01942,2.0198,1.00,1.00
2015.07.21 13:03:00.080,2.01941,2.0198,1.50,1.00
2015.07.21 13:03:00.814,2.01943,2.0198,1.84,1.00
2015.07.21 13:03:01.016,2.01952,2.01992,1.84,2.10
2015.07.21 13:03:01.551,2.01954,2.01994,1.00,1.60
2015.07.21 13:03:02.131,2.01954,2.01992,1.00,1.50
2015.07.21 13:03:02.672,2.01954,2.01992,1.00,1.37
2015.07.21 13:03:02.773,2.01952,2.0199,1.00,1.50
2015.07.21 13:03:03.076,2.01952,2.01987,1.00,1.00
2015.07.21 13:03:03.227,2.01948,2.01986,1.00,1.00
2015.07.21 13:03:03.278,2.01948,2.01986,1.00,1.37
2015.07.21 13:03:03.379,2.01948,2.01986,1.00,1.87
2015.07.21 13:03:03.915,2.01948,2.01987,1.00,1.12
2015.07.21 13:03:03.966,2.01948,2.01982,1.00,1.00
2015.07.21 13:03:04.369,2.01945,2.01982,1.12,1.00
2015.07.21 13:03:05.080,2.01946,2.01982,1.00,1.00
2015.07.21 13:03:05.583,2.01945,2.01982,1.00,1.00
2015.07.21 13:03:05.786,2.0195,2.01982,1.00,1.00
2015.07.21 13:03:06.239,2.0195,2.01987,1.00,1.00
2015.07.21 13:03:07.297,2.01946,2.01983,1.00,1.00
2015.07.21 13:03:07.688,2.01946,2.01981,1.00,1.00
2015.07.21 13:03:08.143,2.01946,2.01983,1.00,1.00
2015.07.21 13:03:10.051,2.01949,2.01983,1.84,1.00
2015.07.21 13:03:10.202,2.01953,2.01989,1.34,1.00
2015.07.21 13:03:10.253,2.01958,2.01991,1.00,1.00
2015.07.21 13:03:10.353,2.01956,2.01995,1.34,1.00
2015.07.21 13:03:10.606,2.01959,2.01997,1.00,1.00
2015.07.21 13:03:10.858,2.01959,2.01999,1.00,1.00
2015.07.21 13:03:11.296,2.01966,2.02004,1.00,1.00
2015.07.21 13:03:14.220,2.01967,2.02004,1.00,1.00
2015.07.21 13:03:14.522,2.01969,2.02004,1.00,1.00
2015.07.21 13:03:14.573,2.01969,2.02008,1.00,1.00
2015.07.21 13:03:15.116,2.0197,2.02008,1.00,1.00
2015.07.21 13:03:15.217,2.01968,2.02008,1.00,1.00
2015.07.21 13:03:15.419,2.0197,2.02008,1.00,1.00
2015.07.21 13:03:15.772,2.01968,2.02008,1.50,1.00
2015.07.21 13:03:15.974,2.0197,2.02008,1.00,1.00
2015.07.21 13:03:16.395,2.01968,2.02008,1.00,1.00
2015.07.21 13:03:16.648,2.01971,2.02008,1.00,1.00
2015.07.21 13:03:16.900,2.01968,2.02008,1.50,1.00
2015.07.21 13:03:17.116,2.0197,2.02008,1.00,1.00
2015.07.21 13:03:17.462,2.01968,2.02008,1.00,1.00
2015.07.21 13:03:19.837,2.01969,2.02008,1.00,1.00
2015.07.21 13:03:20.342,2.01968,2.02008,1.00,1.00
2015.07.21 13:03:23.915,2.01972,2.02011,1.00,1.50
2015.07.21 13:03:24.244,2.01979,2.02011,1.00,1.00
2015.07.21 13:03:24.295,2.01979,2.02014,1.00,1.00
2015.07.21 13:03:25.719,2.01975,2.02014,1.84,1.00
2015.07.21 13:03:26.383,2.01979,2.02014,1.00,1.00
2015.07.21 13:03:26.806,2.01983,2.02014,1.00,1.00
2015.07.21 13:03:28.401,2.01983,2.02017,1.00,1.00
2015.07.21 13:03:30.389,2.01983,2.02017,1.00,1.37
2015.07.21 13:03:30.799,2.0198,2.02017,1.00,1.37
2015.07.21 13:03:31.101,2.0198,2.02017,1.00,1.37
2015.07.21 13:03:31.202,2.0198,2.02017,1.00,1.37
2015.07.21 13:03:31.486,2.0198,2.02017,1.00,1.00
2015.07.21 13:03:32.061,2.0198,2.02017,1.00,1.37
2015.07.21 13:03:32.313,2.01984,2.02017,1.00,1.00
2015.07.21 13:03:33.093,2.01984,2.02017,1.00,1.37
2015.07.21 13:03:33.295,2.0198,2.02017,1.00,1.37
2015.07.21 13:03:33.497,2.01978,2.02015,1.00,1.00
2015.07.21 13:03:33.950,2.01983,2.02015,1.00,1.00
2015.07.21 13:03:34.110,2.01978,2.02015,1.00,1.00
2015.07.21 13:03:36.437,2.01983,2.02015,1.00,1.00
2015.07.21 13:03:37.403,2.01988,2.02015,1.00,1.00
2015.07.21 13:03:37.605,2.01978,2.02015,1.00,1.00
2015.07.21 13:03:37.807,2.01976,2.02015,1.09,1.00
2015.07.21 13:03:38.317,2.01976,2.02014,1.09,1.00
2015.07.21 13:03:38.828,2.01976,2.02015,1.09,1.00
2015.07.21 13:03:40.423,2.01976,2.02014,1.00,1.00
2015.07.21 13:03:40.941,2.01976,2.02013,1.00,1.00
2015.07.21 13:03:41.093,2.01976,2.02011,1.00,1.00
2015.07.21 13:03:41.194,2.01976,2.02014,1.00,1.00
2015.07.21 13:03:41.436,2.01976,2.02012,1.00,1.00
2015.07.21 13:03:41.948,2.01976,2.02013,1.00,1.00
2015.07.21 13:03:42.290,2.01973,2.02011,1.00,1.00
2015.07.21 13:03:42.796,2.01973,2.02012,1.00,1.00
2015.07.21 13:03:43.098,2.01973,2.02009,1.00,1.00
2015.07.21 13:03:43.298,2.01973,2.02012,1.00,1.00
2015.07.21 13:03:43.501,2.01973,2.0201,1.00,1.00
2015.07.21 13:03:43.754,2.01973,2.02012,1.00,1.50
2015.07.21 13:03:44.056,2.01973,2.02007,1.00,1.00
2015.07.21 13:03:44.157,2.01971,2.02008,1.00,1.50
2015.07.21 13:03:45.000,2.01974,2.02011,1.00,1.50
2015.07.21 13:03:45.302,2.01974,2.02009,1.00,1.00
2015.07.21 13:03:45.805,2.01974,2.0201,1.00,1.00
2015.07.21 13:03:46.258,2.01974,2.02008,1.00,1.00
2015.07.21 13:03:46.511,2.01974,2.0201,1.00,1.00
2015.07.21 13:03:46.654,2.0197,2.02009,1.00,1.00
2015.07.21 13:03:46.806,2.0197,2.02009,1.84,1.50
2015.07.21 13:03:46.907,2.01974,2.02012,1.09,1.00
2015.07.21 13:03:47.159,2.01978,2.02012,1.00,1.00
2015.07.21 13:03:47.671,2.01978,2.02016,1.00,1.00
2015.07.21 13:03:48.575,2.01976,2.02016,1.00,1.00
2015.07.21 13:03:48.941,2.01977,2.02016,1.34,1.00
2015.07.21 13:03:49.146,2.01982,2.02021,1.71,1.00
2015.07.21 13:03:49.248,2.01986,2.02025,1.84,1.00
2015.07.21 13:03:49.298,2.0199,2.02028,1.00,1.00
2015.07.21 13:03:49.601,2.01986,2.02025,1.00,1.00
2015.07.21 13:03:50.143,2.01986,2.02024,1.00,1.00
2015.07.21 13:03:51.731,2.01983,2.02022,1.00,1.00
2015.07.21 13:03:54.454,2.01983,2.02021,1.00,1.00
2015.07.21 13:03:54.555,2.01979,2.02018,1.00,1.00
2015.07.21 13:03:55.110,2.01978,2.02017,1.00,1.00
2015.07.21 13:03:59.074,2.01979,2.02018,1.00,1.00
2015.07.21 13:03:59.952,2.01978,2.02017,1.00,1.00
2015.07.21 13:04:00.586,2.01978,2.02017,1.00,1.37
2015.07.21 13:04:01.089,2.01978,2.02017,1.00,1.00
2015.07.21 13:04:03.002,2.01978,2.02018,1.50,1.00
2015.07.21 13:04:03.588,2.01978,2.02017,1.00,1.00
2015.07.21 13:04:03.897,2.01978,2.02007,1.00,1.00
2015.07.21 13:04:03.947,2.01973,2.02007,1.00,1.00
2015.07.21 13:04:04.099,2.01973,2.02008,1.00,1.37
2015.07.21 13:04:04.150,2.01969,2.02008,1.00,1.37
2015.07.21 13:04:04.251,2.01969,2.02007,1.00,1.37
2015.07.21 13:04:04.553,2.01969,2.02008,1.00,1.00
2015.07.21 13:04:05.072,2.01969,2.02009,1.50,1.00
2015.07.21 13:04:06.157,2.0197,2.02009,1.00,1.00
2015.07.21 13:04:06.663,2.01969,2.02009,1.00,1.50
2015.07.21 13:04:06.865,2.01969,2.02007,1.00,1.37
2015.07.21 13:04:06.916,2.01966,2.02006,1.00,1.37
2015.07.21 13:04:07.218,2.01963,2.02002,1.00,1.00
2015.07.21 13:04:07.520,2.01957,2.01994,1.00,1.00
2015.07.21 13:04:07.621,2.01954,2.01992,1.00,1.00
2015.07.21 13:04:07.823,2.01954,2.01989,1.00,1.00
2015.07.21 13:04:08.075,2.0195,2.01989,1.00,1.00
2015.07.21 13:04:08.521,2.01946,2.01984,1.00,1.00
2015.07.21 13:04:08.824,2.01948,2.01984,1.00,1.00
2015.07.21 13:04:09.277,2.01946,2.01984,1.00,1.00
2015.07.21 13:04:09.725,2.01951,2.0199,1.00,1.00
2015.07.21 13:04:09.827,2.01954,2.0199,1.00,1.00
2015.07.21 13:04:09.878,2.01955,2.01992,1.00,1.00
2015.07.21 13:04:10.149,2.01958,2.01992,1.00,1.00
2015.07.21 13:04:10.603,2.01955,2.01992,1.50,1.00
2015.07.21 13:04:10.827,2.01957,2.01992,1.00,1.00
2015.07.21 13:04:11.332,2.01958,2.01992,1.00,1.00
2015.07.21 13:04:11.855,2.01957,2.01992,1.00,1.00
2015.07.21 13:04:12.393,2.01958,2.01992,1.00,1.00
2015.07.21 13:04:12.897,2.0196,2.01999,1.00,1.00
2015.07.21 13:04:12.998,2.01963,2.01999,1.00,1.00
2015.07.21 13:04:13.351,2.0196,2.01999,1.00,1.00
2015.07.21 13:04:13.476,2.01962,2.01999,1.00,1.00
2015.07.21 13:04:13.779,2.0196,2.01999,1.00,1.00
2015.07.21 13:04:13.982,2.01962,2.01999,1.00,1.00
2015.07.21 13:04:14.514,2.01961,2.01999,1.00,1.00
2015.07.21 13:04:14.665,2.01959,2.01999,1.00,1.50
2015.07.21 13:04:14.716,2.01958,2.01997,1.00,1.00
2015.07.21 13:04:19.907,2.01961,2.01997,1.00,1.00
2015.07.21 13:04:20.260,2.01958,2.01997,1.50,1.00
2015.07.21 13:04:21.476,2.01959,2.01997,1.00,1.00
2015.07.21 13:04:22.023,2.01958,2.01997,1.50,1.00
2015.07.21 13:04:22.469,2.0196,2.01997,1.00,1.00
2015.07.21 13:04:22.671,2.01958,2.01997,1.50,1.00
2015.07.21 13:04:23.575,2.01961,2.01997,1.00,1.00
2015.07.21 13:04:23.626,2.01966,2.02004,1.00,1.00
2015.07.21 13:04:23.676,2.01968,2.02006,1.00,1.00
2015.07.21 13:04:23.979,2.01971,2.02006,1.00,1.50
2015.07.21 13:04:24.130,2.01971,2.02011,1.00,1.00
2015.07.21 13:04:25.594,2.01971,2.02009,1.00,1.00
2015.07.21 13:04:25.746,2.0196,2.02,1.50,1.00
2015.07.21 13:04:25.847,2.0196,2.01998,1.00,1.00
2015.07.21 13:04:26.230,2.01954,2.01986,1.00,1.00
2015.07.21 13:04:26.332,2.01947,2.01986,1.00,1.00
2015.07.21 13:04:28.467,2.01951,2.01989,1.00,1.00
2015.07.21 13:04:28.770,2.01958,2.01992,1.00,1.00
2015.07.21 13:04:28.822,2.01953,2.01991,1.00,1.00
2015.07.21 13:04:29.226,2.0195,2.01988,1.00,1.00
2015.07.21 13:04:29.568,2.0195,2.01986,1.00,1.00
2015.07.21 13:04:29.769,2.0195,2.01988,1.00,1.00
2015.07.21 13:04:30.223,2.01945,2.01984,1.00,1.00
2015.07.21 13:04:31.088,2.01945,2.01984,1.00,1.37
2015.07.21 13:04:31.139,2.01942,2.01979,1.00,1.00
2015.07.21 13:04:31.189,2.01938,2.01978,1.00,1.12
2015.07.21 13:04:31.724,2.01938,2.01977,1.00,1.00
2015.07.21 13:04:32.228,2.01938,2.01978,1.00,1.00
2015.07.21 13:04:32.643,2.01941,2.01981,1.00,1.00
2015.07.21 13:04:33.324,2.01942,2.01981,1.00,1.00
2015.07.21 13:04:34.122,2.01948,2.01981,1.00,1.00
2015.07.21 13:04:34.425,2.01948,2.01984,1.00,1.00
2015.07.21 13:04:34.627,2.01948,2.01977,1.00,1.00
2015.07.21 13:04:34.788,2.01942,2.01977,1.00,1.00
2015.07.21 13:04:35.243,2.01946,2.01977,1.00,1.00
2015.07.21 13:04:35.546,2.01941,2.01972,1.00,1.00
2015.07.21 13:04:36.059,2.01941,2.01977,1.00,1.00
2015.07.21 13:04:36.161,2.01941,2.01972,1.00,1.00
2015.07.21 13:04:36.413,2.01943,2.01978,1.00,1.00
2015.07.21 13:04:36.716,2.01945,2.01983,1.00,1.00
2015.07.21 13:04:37.397,2.01949,2.01987,1.00,1.00
2015.07.21 13:04:37.699,2.01952,2.01987,1.00,1.00
2015.07.21 13:04:37.901,2.01951,2.0199,1.00,1.00
2015.07.21 13:04:38.406,2.01952,2.0199,1.00,1.00
2015.07.21 13:04:38.910,2.01951,2.0199,1.00,1.00
2015.07.21 13:04:39.061,2.01953,2.0199,1.00,1.00
2015.07.21 13:04:39.162,2.01951,2.0199,1.00,1.00
2015.07.21 13:04:39.608,2.01954,2.0199,1.00,1.00
2015.07.21 13:04:39.860,2.01952,2.0199,1.00,1.00
2015.07.21 13:04:39.961,2.01955,2.0199,1.00,1.00
2015.07.21 13:04:40.163,2.01953,2.0199,1.00,1.00
2015.07.21 13:04:40.484,2.01957,2.01994,1.00,1.00
2015.07.21 13:04:40.853,2.0196,2.01994,1.00,1.00
2015.07.21 13:04:42.384,2.01962,2.01999,1.00,1.00
2015.07.21 13:04:42.486,2.01964,2.01999,1.00,1.00
2015.07.21 13:04:42.587,2.01962,2.01999,1.00,1.00
2015.07.21 13:04:43.117,2.01963,2.01999,1.00,1.00
2015.07.21 13:04:43.168,2.01964,2.02002,1.00,1.50
2015.07.21 13:04:44.425,2.01964,2.02002,1.00,1.87
2015.07.21 13:04:44.627,2.01964,2.02002,1.00,1.87
2015.07.21 13:04:45.011,2.0196,2.01999,1.50,1.00
2015.07.21 13:04:45.213,2.01962,2.01999,1.00,1.00
2015.07.21 13:04:45.529,2.01966,2.02001,1.00,1.00
2015.07.21 13:04:45.630,2.01968,2.02005,1.00,1.00
2015.07.21 13:04:46.131,2.01969,2.02005,1.00,1.00
2015.07.21 13:04:47.564,2.01968,2.02005,1.00,1.00
2015.07.21 13:04:47.665,2.01966,2.02005,1.00,1.00
2015.07.21 13:04:47.716,2.01966,2.01997,1.00,1.00
2015.07.21 13:04:47.766,2.01964,2.01997,1.00,1.00
2015.07.21 13:04:48.377,2.01964,2.01991,1.00,1.00
2015.07.21 13:04:48.592,2.01964,2.01997,1.00,1.00
2015.07.21 13:04:48.643,2.01959,2.01997,1.50,1.00
2015.07.21 13:04:48.845,2.01963,2.01996,1.00,1.00
2015.07.21 13:04:48.946,2.01967,2.02002,1.00,1.00
2015.07.21 13:04:49.249,2.01967,2.02007,1.00,1.50
2015.07.21 13:04:49.466,2.01967,2.02006,1.00,1.37
2015.07.21 13:04:49.568,2.01967,2.02007,1.00,1.37
2015.07.21 13:04:49.719,2.01965,2.02003,1.50,1.00
2015.07.21 13:04:50.022,2.01967,2.02003,1.00,1.00
2015.07.21 13:04:50.173,2.01965,2.02003,1.50,1.00
2015.07.21 13:04:50.974,2.01964,2.02,1.00,1.00
2015.07.21 13:04:51.277,2.01962,2.02,1.00,1.00
2015.07.21 13:04:51.778,2.01961,2.02,1.50,1.00
2015.07.21 13:04:51.830,2.01958,2.01997,1.20,1.00
2015.07.21 13:04:52.133,2.01965,2.01997,1.00,1.00
2015.07.21 13:04:52.184,2.01965,2.02001,1.00,1.00
2015.07.21 13:04:52.285,2.01967,2.02001,1.00,1.00
2015.07.21 13:04:52.588,2.0197,2.02003,1.00,1.00
2015.07.21 13:04:52.937,2.01972,2.0201,1.00,1.00
2015.07.21 13:04:53.442,2.01973,2.0201,1.00,1.00
2015.07.21 13:04:53.946,2.01974,2.0201,1.00,1.00
2015.07.21 13:04:54.147,2.01972,2.0201,1.00,1.00
2015.07.21 13:04:54.248,2.01974,2.0201,1.00,1.00
2015.07.21 13:04:54.752,2.01973,2.0201,1.00,1.00
2015.07.21 13:04:55.262,2.01974,2.0201,1.00,1.00
2015.07.21 13:04:55.583,2.01972,2.0201,1.00,1.00
2015.07.21 13:04:55.685,2.0197,2.0201,1.00,1.37
2015.07.21 13:04:55.886,2.01972,2.0201,1.00,1.00
2015.07.21 13:04:56.390,2.01973,2.0201,1.00,1.00
2015.07.21 13:04:57.096,2.01972,2.0201,1.00,1.00
2015.07.21 13:04:57.746,2.0197,2.0201,1.00,1.12
2015.07.21 13:04:58.098,2.01973,2.0201,1.00,1.00
2015.07.21 13:04:58.199,2.01971,2.0201,1.00,1.00
2015.07.21 13:04:58.696,2.01971,2.0201,1.00,1.37
2015.07.21 13:04:58.798,2.01971,2.0201,1.00,1.00
2015.07.21 13:04:59.251,2.0197,2.02005,1.00,1.00
2015.07.21 13:04:59.755,2.01969,2.02005,1.00,1.00
2015.07.21 13:05:00.068,2.01971,2.02005,1.00,1.00
2015.07.21 13:05:00.576,2.0197,2.02005,1.00,1.00
2015.07.21 13:05:00.851,2.01968,2.02005,1.00,1.00
2015.07.21 13:05:02.625,2.01969,2.02005,1.00,1.00
2015.07.21 13:05:02.726,2.01972,2.02005,1.00,1.00
2015.07.21 13:05:03.614,2.0197,2.02005,1.00,1.00
2015.07.21 13:05:03.727,2.01972,2.02005,1.00,1.00
2015.07.21 13:05:04.033,2.01968,2.02005,1.00,1.00
2015.07.21 13:05:04.386,2.01971,2.02005,1.00,1.00
2015.07.21 13:05:04.588,2.01968,2.02005,1.00,1.00
2015.07.21 13:05:04.963,2.01965,2.02003,1.00,1.00
2015.07.21 13:05:05.014,2.01967,2.02003,1.00,1.00
2015.07.21 13:05:05.332,2.01967,2.02001,1.00,1.00
2015.07.21 13:05:05.584,2.01965,2.02001,1.00,1.00
2015.07.21 13:05:06.087,2.01966,2.02001,1.00,1.00
2015.07.21 13:05:06.591,2.01965,2.02002,1.00,1.00
2015.07.21 13:05:06.896,2.01963,2.02001,1.50,1.00
2015.07.21 13:05:07.549,2.01965,2.02001,1.00,1.00
2015.07.21 13:05:07.701,2.01959,2.01996,1.00,1.00
2015.07.21 13:05:07.752,2.01959,2.01992,1.00,1.00
2015.07.21 13:05:07.853,2.01955,2.01992,1.00,1.00
2015.07.21 13:05:08.414,2.01955,2.01992,1.00,1.37
2015.07.21 13:05:08.465,2.01953,2.0199,1.00,1.00
2015.07.21 13:05:08.616,2.01953,2.01986,1.00,1.00
2015.07.21 13:05:09.526,2.01953,2.0199,1.00,1.00
2015.07.21 13:05:10.199,2.01954,2.0199,1.00,1.00
2015.07.21 13:05:10.381,2.01954,2.01987,1.00,1.00
2015.07.21 13:05:10.607,2.01953,2.0199,1.00,1.00
2015.07.21 13:05:11.817,2.01953,2.01986,1.50,1.00
2015.07.21 13:05:12.321,2.01954,2.01987,1.00,1.00
2015.07.21 13:05:12.826,2.01953,2.01987,1.50,1.00
2015.07.21 13:05:14.229,2.01953,2.01986,1.50,1.00
2015.07.21 13:05:14.828,2.01949,2.01986,1.50,1.00
2015.07.21 13:05:15.030,2.01951,2.01986,1.00,1.00
2015.07.21 13:05:15.131,2.01951,2.01988,1.00,1.12
2015.07.21 13:05:15.282,2.01949,2.01988,1.00,1.00
2015.07.21 13:05:15.333,2.01949,2.01987,1.00,1.37
2015.07.21 13:05:15.434,2.01946,2.01985,1.50,1.00
2015.07.21 13:05:15.484,2.01942,2.01981,1.50,1.00
2015.07.21 13:05:15.832,2.01934,2.01971,1.00,1.00
2015.07.21 13:05:16.034,2.01932,2.01971,1.00,1.37
2015.07.21 13:05:16.438,2.0193,2.01968,1.00,1.00
2015.07.21 13:05:16.488,2.01928,2.01968,1.50,1.00
2015.07.21 13:05:16.925,2.01928,2.01967,1.50,1.37
2015.07.21 13:05:17.227,2.01927,2.01963,1.00,1.00
2015.07.21 13:05:17.580,2.01929,2.01963,1.00,1.00
2015.07.21 13:05:18.113,2.0193,2.01963,1.00,1.00
2015.07.21 13:05:18.623,2.01931,2.01963,1.00,1.00
2015.07.21 13:05:19.216,2.0193,2.01963,1.00,1.00
2015.07.21 13:05:20.308,2.01932,2.01963,1.00,1.00
2015.07.21 13:05:20.918,2.01932,2.01968,1.00,1.00
2015.07.21 13:05:21.420,2.01935,2.01968,1.00,1.00
2015.07.21 13:05:21.521,2.01933,2.01968,1.00,1.00
2015.07.21 13:05:21.773,2.01935,2.01968,1.00,1.00
2015.07.21 13:05:22.076,2.01932,2.01968,1.00,1.00
2015.07.21 13:05:22.278,2.01934,2.01968,1.00,1.00
2015.07.21 13:05:22.653,2.01932,2.01968,1.00,1.00
2015.07.21 13:05:23.385,2.01934,2.01968,1.00,1.00
2015.07.21 13:05:23.596,2.01932,2.01968,1.00,1.00
2015.07.21 13:05:24.188,2.0193,2.01968,1.00,1.00
2015.07.21 13:05:24.376,2.01932,2.01968,1.00,1.00
2015.07.21 13:05:24.730,2.0193,2.01968,1.00,1.00
2015.07.21 13:05:24.931,2.01928,2.01967,1.00,1.00
2015.07.21 13:05:25.053,2.01923,2.01957,1.50,1.37
2015.07.21 13:05:25.104,2.01914,2.0195,1.09,1.00
2015.07.21 13:05:25.154,2.01911,2.01946,1.34,1.00
2015.07.21 13:05:25.457,2.01904,2.01944,3.34,1.37
2015.07.21 13:05:25.760,2.01909,2.01944,1.34,1.00
2015.07.21 13:05:25.962,2.01908,2.01944,1.00,1.00
2015.07.21 13:05:26.116,2.01904,2.01944,1.50,1.00
2015.07.21 13:05:26.268,2.01906,2.01944,1.00,1.00
2015.07.21 13:05:26.571,2.01904,2.01944,1.50,1.00
2015.07.21 13:05:26.722,2.01907,2.01944,1.00,1.00
2015.07.21 13:05:27.025,2.01912,2.01944,1.00,1.00
2015.07.21 13:05:27.076,2.01912,2.01947,1.00,1.00
2015.07.21 13:05:27.129,2.01908,2.01947,1.00,1.00
2015.07.21 13:05:27.344,2.0191,2.01947,1.00,1.00
2015.07.21 13:05:27.647,2.01912,2.01947,1.00,1.00
2015.07.21 13:05:27.697,2.01907,2.01947,1.00,1.00
2015.07.21 13:05:27.849,2.01907,2.01947,1.00,1.37
2015.07.21 13:05:27.951,2.01909,2.01947,1.00,1.00
2015.07.21 13:05:28.153,2.01907,2.01947,1.00,1.00
2015.07.21 13:05:28.204,2.01906,2.01943,1.00,1.00
2015.07.21 13:05:28.504,2.01909,2.01949,1.50,1.00
2015.07.21 13:05:28.857,2.01909,2.01949,1.00,1.37
2015.07.21 13:05:28.958,2.01909,2.01949,1.50,1.00
2015.07.21 13:05:29.009,2.01912,2.01949,1.00,1.00
2015.07.21 13:05:29.161,2.01913,2.01953,1.50,1.00
2015.07.21 13:05:29.472,2.01916,2.01953,1.00,1.00
2015.07.21 13:05:29.800,2.01918,2.01953,1.00,1.00
2015.07.21 13:05:30.562,2.01916,2.01953,1.00,1.00
2015.07.21 13:05:31.105,2.01917,2.01953,1.00,1.00
2015.07.21 13:05:31.559,2.01919,2.01953,1.00,1.00
2015.07.21 13:05:31.858,2.01917,2.01953,1.00,1.00
2015.07.21 13:05:31.959,2.01919,2.01953,1.00,1.00
2015.07.21 13:05:32.111,2.01921,2.01958,1.00,1.00
2015.07.21 13:05:32.313,2.01919,2.01958,1.00,1.34
2015.07.21 13:05:32.514,2.0191,2.01949,1.00,1.00
2015.07.21 13:05:32.766,2.01913,2.01949,1.00,1.00
2015.07.21 13:05:32.979,2.01913,2.01953,1.50,1.00
2015.07.21 13:05:33.181,2.01916,2.01953,1.00,1.00
2015.07.21 13:05:33.501,2.01913,2.01953,1.50,1.00
2015.07.21 13:05:33.606,2.01918,2.01953,1.00,1.00
2015.07.21 13:05:33.959,2.01916,2.01953,1.00,1.00
2015.07.21 13:05:34.318,2.01922,2.01953,1.00,1.00
2015.07.21 13:05:34.419,2.01918,2.01953,1.00,1.00
2015.07.21 13:05:34.470,2.01918,2.01951,1.00,1.00
2015.07.21 13:05:34.571,2.01918,2.01953,1.00,1.00
2015.07.21 13:05:34.722,2.01923,2.01957,1.00,1.50
2015.07.21 13:05:34.974,2.01921,2.01957,1.00,1.50
2015.07.21 13:05:35.280,2.0192,2.01957,1.00,1.87
2015.07.21 13:05:35.382,2.01918,2.01957,1.50,1.37
2015.07.21 13:05:35.928,2.01918,2.01957,1.00,1.00
2015.07.21 13:05:36.882,2.01918,2.01957,1.00,1.37
2015.07.21 13:05:37.259,2.01914,2.01951,1.00,1.12
2015.07.21 13:05:37.562,2.01911,2.01948,1.00,1.00
2015.07.21 13:05:37.865,2.01913,2.01948,1.00,1.00
2015.07.21 13:05:38.234,2.01915,2.01948,1.00,1.00
2015.07.21 13:05:38.335,2.01911,2.01948,1.50,1.00
2015.07.21 13:05:38.590,2.01915,2.01948,1.00,1.00
2015.07.21 13:05:38.893,2.01911,2.01948,1.50,1.00
2015.07.21 13:05:39.145,2.01914,2.01948,1.00,1.00
2015.07.21 13:05:39.646,2.01913,2.01948,1.00,1.00
2015.07.21 13:05:39.956,2.01915,2.01948,1.00,1.00
2015.07.21 13:05:40.006,2.01912,2.01948,1.00,1.00
2015.07.21 13:05:40.208,2.01915,2.01948,1.00,1.00
2015.07.21 13:05:40.537,2.01911,2.01948,1.50,1.00
2015.07.21 13:05:40.757,2.01915,2.01948,1.00,1.00
2015.07.21 13:05:40.975,2.01911,2.01948,1.50,1.00
2015.07.21 13:05:41.227,2.01915,2.01948,1.00,1.00
2015.07.21 13:05:41.539,2.01913,2.01948,1.00,1.00
2015.07.21 13:05:41.891,2.01916,2.01948,1.00,1.00
2015.07.21 13:05:41.996,2.01916,2.01953,1.00,1.00
2015.07.21 13:05:42.658,2.01915,2.01953,1.50,1.00
2015.07.21 13:05:43.214,2.01916,2.01953,1.00,1.00
2015.07.21 13:05:43.962,2.01917,2.01953,1.00,1.00
2015.07.21 13:05:44.605,2.01921,2.01953,1.00,1.00
2015.07.21 13:05:44.752,2.01922,2.01956,1.00,1.00
2015.07.21 13:05:45.674,2.01922,2.01952,1.00,1.00
2015.07.21 13:05:45.724,2.01919,2.01952,1.00,1.00
2015.07.21 13:05:45.874,2.01917,2.01955,1.00,1.37
2015.07.21 13:05:46.025,2.01917,2.01955,1.00,1.12
2015.07.21 13:05:47.389,2.01916,2.01955,1.50,1.00
2015.07.21 13:05:47.907,2.01917,2.01955,1.00,1.00
2015.07.21 13:05:48.675,2.01916,2.01955,1.00,1.00
2015.07.21 13:05:48.936,2.01921,2.01955,1.00,1.00
2015.07.21 13:05:49.440,2.01922,2.01955,1.00,1.00
2015.07.21 13:05:50.140,2.01921,2.01955,1.00,1.00
2015.07.21 13:05:50.645,2.01922,2.01955,1.00,1.00
2015.07.21 13:05:52.113,2.01923,2.01955,1.00,1.00
2015.07.21 13:05:52.662,2.01924,2.01955,1.00,1.00
2015.07.21 13:05:52.814,2.01924,2.0196,1.00,1.00
2015.07.21 13:05:53.671,2.01921,2.0196,1.00,1.00
2015.07.21 13:05:54.205,2.0192,2.0196,1.00,1.00
2015.07.21 13:05:54.709,2.01924,2.01961,1.00,1.00
2015.07.21 13:05:54.810,2.01924,2.01963,1.00,1.00
2015.07.21 13:05:55.055,2.01922,2.0196,1.50,1.00
2015.07.21 13:05:56.564,2.01922,2.0196,1.00,1.37
2015.07.21 13:05:57.018,2.01918,2.01958,1.00,1.00
2015.07.21 13:05:57.468,2.01922,2.01958,1.00,1.00
2015.07.21 13:05:57.520,2.01922,2.01961,1.00,1.50
2015.07.21 13:05:59.478,2.01918,2.01957,1.00,1.00
2015.07.21 13:06:00.028,2.01917,2.01957,1.00,1.00
2015.07.21 13:06:00.532,2.01918,2.01957,1.00,1.00
2015.07.21 13:06:00.894,2.0192,2.01957,1.00,1.00
2015.07.21 13:06:00.995,2.0192,2.0196,1.50,1.00
2015.07.21 13:06:01.449,2.01926,2.01961,1.00,1.00
2015.07.21 13:06:01.701,2.01921,2.0196,1.00,1.00
2015.07.21 13:06:04.822,2.01918,2.01956,1.00,1.00
2015.07.21 13:06:08.927,2.0192,2.01956,1.00,1.00
2015.07.21 13:06:10.812,2.01918,2.01956,1.00,1.00
2015.07.21 13:06:13.082,2.01918,2.01942,1.00,1.00
2015.07.21 13:06:13.234,2.0191,2.01942,1.00,1.00
2015.07.21 13:06:13.436,2.0191,2.01936,1.00,1.00
2015.07.21 13:06:13.642,2.0191,2.01942,1.00,1.00
2015.07.21 13:06:14.153,2.0191,2.01941,1.00,1.00
2015.07.21 13:06:14.311,2.0191,2.01937,1.00,1.00
2015.07.21 13:06:14.412,2.0191,2.01942,1.00,1.00
2015.07.21 13:06:14.614,2.0191,2.01947,1.00,1.00
2015.07.21 13:06:15.465,2.0191,2.01947,1.00,1.34
2015.07.21 13:06:15.516,2.01907,2.01946,1.00,1.84
2015.07.21 13:06:15.567,2.01904,2.01943,1.50,1.00
2015.07.21 13:06:15.869,2.01899,2.01932,1.00,1.00
2015.07.21 13:06:16.154,2.01903,2.01937,1.00,1.00
2015.07.21 13:06:16.209,2.01898,2.01937,1.00,1.00
2015.07.21 13:06:16.714,2.01898,2.01938,1.12,1.00
2015.07.21 13:06:17.450,2.01898,2.01938,1.37,1.00
2015.07.21 13:06:17.602,2.01898,2.01936,1.00,1.00
2015.07.21 13:06:18.930,2.01898,2.01931,1.00,1.00
2015.07.21 13:06:19.468,2.01898,2.01932,1.00,1.00
2015.07.21 13:06:23.065,2.01898,2.01937,1.00,1.00
2015.07.21 13:06:23.511,2.01898,2.01931,1.00,1.00
2015.07.21 13:06:26.474,2.01898,2.01932,1.00,1.00
2015.07.21 13:06:26.795,2.01898,2.01926,1.00,1.00
2015.07.21 13:06:27.136,2.01898,2.01932,1.00,1.00
2015.07.21 13:06:28.191,2.01899,2.01932,1.00,1.00
2015.07.21 13:06:28.242,2.01903,2.01931,1.00,1.00
2015.07.21 13:06:28.571,2.01903,2.01927,1.00,1.00
2015.07.21 13:06:28.621,2.01897,2.01927,1.00,1.00
2015.07.21 13:06:28.672,2.01892,2.01927,1.50,1.00
2015.07.21 13:06:28.849,2.01892,2.01925,1.00,1.00
2015.07.21 13:06:30.138,2.01886,2.01925,1.00,1.00
2015.07.21 13:06:30.493,2.01891,2.01928,1.00,1.00
2015.07.21 13:06:35.226,2.01896,2.01934,1.00,1.00
2015.07.21 13:06:35.451,2.01902,2.01934,1.00,1.00
2015.07.21 13:06:35.502,2.01902,2.0194,1.00,1.00
2015.07.21 13:06:35.704,2.01907,2.01941,1.00,1.00
2015.07.21 13:06:35.856,2.01912,2.01948,1.00,1.00
2015.07.21 13:06:35.907,2.01912,2.0195,1.00,1.00
2015.07.21 13:06:36.008,2.01917,2.01955,1.00,1.00
2015.07.21 13:06:36.610,2.01917,2.01956,1.00,1.00
2015.07.21 13:06:36.917,2.01917,2.01954,1.00,1.00
2015.07.21 13:06:36.968,2.01917,2.01956,1.00,1.00
2015.07.21 13:06:37.473,2.01917,2.01957,1.00,1.00
2015.07.21 13:06:39.753,2.01917,2.01952,1.00,1.00
2015.07.21 13:06:40.424,2.01917,2.01953,1.00,1.00
2015.07.21 13:06:41.055,2.01917,2.01954,1.00,1.00
2015.07.21 13:06:41.843,2.01917,2.01955,1.00,1.00
2015.07.21 13:06:42.463,2.01917,2.01957,1.00,1.00
2015.07.21 13:06:44.007,2.01922,2.01959,1.00,1.00
2015.07.21 13:06:44.517,2.01926,2.01963,1.00,1.00
2015.07.21 13:06:44.567,2.01926,2.01965,1.00,1.00
2015.07.21 13:06:45.113,2.01926,2.01966,1.00,1.00
2015.07.21 13:06:46.095,2.01926,2.01965,1.00,1.00
2015.07.21 13:06:46.599,2.01926,2.01964,1.00,1.00
2015.07.21 13:06:46.868,2.01926,2.01966,1.00,1.00
2015.07.21 13:06:50.965,2.01926,2.01965,1.00,1.00
2015.07.21 13:06:51.066,2.01926,2.01963,1.00,1.00
2015.07.21 13:06:51.926,2.01935,2.01972,1.00,1.50
2015.07.21 13:06:52.228,2.01941,2.01972,1.00,1.00
2015.07.21 13:06:52.380,2.01943,2.0198,1.84,1.00
2015.07.21 13:06:52.431,2.01944,2.01984,1.34,1.00
2015.07.21 13:06:52.481,2.01949,2.01986,1.00,1.00
2015.07.21 13:06:52.887,2.01945,2.01983,1.00,1.50
2015.07.21 13:06:52.940,2.01948,2.01987,1.00,2.25
2015.07.21 13:06:53.041,2.01951,2.01987,1.00,1.50
2015.07.21 13:06:54.199,2.01954,2.01992,1.00,1.00
2015.07.21 13:06:54.357,2.01957,2.01992,1.00,1.00
2015.07.21 13:06:54.862,2.01957,2.01991,1.00,1.00
2015.07.21 13:06:55.270,2.01957,2.01986,1.00,1.00
2015.07.21 13:06:57.888,2.01957,2.01991,1.00,1.12
2015.07.21 13:06:58.337,2.01957,2.01987,1.00,1.00
2015.07.21 13:06:59.754,2.01951,2.01987,1.00,1.00
2015.07.21 13:06:59.856,2.01951,2.01991,1.00,1.50
2015.07.21 13:07:00.653,2.01951,2.01991,1.00,1.87
2015.07.21 13:07:01.161,2.01951,2.01991,1.00,1.50
2015.07.21 13:07:02.519,2.01951,2.01987,1.00,1.00
2015.07.21 13:07:03.643,2.01951,2.01991,1.00,1.50
2015.07.21 13:07:04.048,2.01951,2.01987,1.00,1.00
2015.07.21 13:07:06.691,2.01951,2.01991,1.00,1.50
2015.07.21 13:07:08.169,2.01949,2.01986,1.00,1.00
2015.07.21 13:07:09.207,2.01949,2.01984,1.00,1.00
2015.07.21 13:07:09.532,2.01945,2.01978,1.00,1.00
2015.07.21 13:07:10.100,2.01939,2.01976,1.00,1.00
2015.07.21 13:07:13.185,2.01939,2.01974,1.00,1.00
2015.07.21 13:07:13.336,2.01934,2.01973,1.00,1.00
2015.07.21 13:07:14.191,2.01934,2.01971,1.00,1.00
2015.07.21 13:07:14.544,2.01931,2.0197,1.00,1.00
2015.07.21 13:07:14.740,2.01928,2.01967,1.00,1.00
2015.07.21 13:07:15.042,2.01922,2.01961,1.00,1.00
2015.07.21 13:07:18.602,2.01927,2.01966,1.00,1.00
2015.07.21 13:07:19.793,2.01927,2.01964,1.00,1.00
2015.07.21 13:07:19.895,2.01921,2.0196,1.00,1.00
2015.07.21 13:07:20.830,2.01926,2.01962,1.00,1.00
2015.07.21 13:07:20.979,2.01926,2.01965,1.00,1.00
2015.07.21 13:07:21.332,2.01926,2.01961,1.00,1.00
2015.07.21 13:07:21.433,2.01924,2.01961,1.00,1.50
2015.07.21 13:07:37.436,2.01926,2.01965,1.00,1.50
2015.07.21 13:07:37.588,2.01928,2.01965,1.00,1.00
2015.07.21 13:07:37.689,2.01932,2.01971,1.00,1.34
2015.07.21 13:07:37.740,2.01937,2.01974,1.00,1.34
2015.07.21 13:07:38.162,2.01939,2.01977,1.00,1.34
2015.07.21 13:07:38.673,2.01937,2.01977,1.00,1.34
2015.07.21 13:07:39.126,2.01937,2.01977,1.00,1.00
2015.07.21 13:07:44.114,2.01937,2.01976,1.00,1.00
2015.07.21 13:07:45.168,2.01937,2.01977,1.00,1.50
2015.07.21 13:07:48.586,2.01943,2.01976,1.00,1.00
2015.07.21 13:07:49.092,2.01943,2.01977,1.00,1.00
2015.07.21 13:07:49.597,2.01945,2.01977,1.00,1.00
2015.07.21 13:07:50.265,2.01945,2.01982,1.00,1.00
2015.07.21 13:07:50.783,2.01944,2.01982,1.00,1.00
2015.07.21 13:07:51.247,2.01946,2.01982,1.00,1.00
2015.07.21 13:07:51.449,2.01944,2.01982,1.00,1.00
2015.07.21 13:07:51.903,2.01937,2.01976,1.00,1.00
2015.07.21 13:07:51.954,2.01941,2.01977,1.00,1.00
2015.07.21 13:07:52.104,2.01939,2.01979,1.00,1.00
2015.07.21 13:07:52.508,2.01936,2.01975,1.00,1.00
2015.07.21 13:07:52.609,2.01932,2.01972,1.00,1.00
2015.07.21 13:07:52.761,2.01932,2.01972,1.00,1.37
2015.07.21 13:07:52.927,2.01932,2.01972,1.00,1.00
2015.07.21 13:07:53.633,2.01932,2.0197,1.00,1.00
2015.07.21 13:07:53.949,2.0193,2.01968,1.00,1.00
2015.07.21 13:07:54.303,2.0193,2.01966,1.00,1.00
2015.07.21 13:07:54.354,2.01926,2.01965,1.00,1.00
2015.07.21 13:07:54.404,2.01926,2.01963,1.00,1.00
2015.07.21 13:07:54.721,2.01924,2.01961,1.00,1.00
2015.07.21 13:07:55.223,2.01924,2.0196,1.00,1.00
2015.07.21 13:07:56.082,2.01924,2.01961,1.00,2.25
2015.07.21 13:07:56.834,2.01924,2.0196,1.00,1.00
2015.07.21 13:07:58.257,2.01924,2.01959,1.00,1.00
2015.07.21 13:07:58.507,2.0192,2.01957,1.00,1.00
2015.07.21 13:08:00.365,2.0192,2.01956,1.00,1.00
2015.07.21 13:08:01.374,2.01914,2.01951,1.00,1.00
2015.07.21 13:08:01.777,2.01917,2.01954,1.50,1.00
2015.07.21 13:08:01.929,2.01919,2.01959,1.00,1.00
2015.07.21 13:08:02.584,2.01919,2.01959,1.87,1.00
2015.07.21 13:08:02.924,2.01919,2.01959,1.09,1.00
2015.07.21 13:08:03.127,2.01922,2.01959,1.00,1.00
2015.07.21 13:08:03.430,2.01919,2.01959,1.84,1.00
2015.07.21 13:08:03.783,2.01921,2.01959,1.00,1.00
2015.07.21 13:08:04.388,2.01919,2.01959,1.34,1.00
2015.07.21 13:08:04.892,2.01921,2.01959,1.00,1.00
2015.07.21 13:08:05.531,2.01919,2.01959,1.84,1.00
2015.07.21 13:08:07.097,2.0192,2.01959,1.46,1.00
2015.07.21 13:08:07.400,2.0192,2.01959,1.09,1.00
2015.07.21 13:08:08.764,2.01919,2.01959,1.00,1.00
2015.07.21 13:08:10.263,2.01922,2.0196,1.00,1.00
2015.07.21 13:08:10.772,2.01922,2.01961,1.00,1.00
2015.07.21 13:08:11.320,2.01922,2.01962,1.00,1.50
2015.07.21 13:08:13.556,2.01924,2.01962,1.00,1.00
2015.07.21 13:08:13.654,2.01926,2.01966,1.00,1.00
2015.07.21 13:08:15.177,2.01929,2.01969,1.00,1.50
2015.07.21 13:08:15.526,2.01933,2.01969,1.00,1.00
2015.07.21 13:08:16.185,2.01933,2.01968,1.00,1.00
2015.07.21 13:08:16.539,2.01933,2.0197,1.00,1.00
2015.07.21 13:08:16.742,2.01933,2.01967,1.00,1.00
2015.07.21 13:08:16.843,2.01933,2.01969,1.00,1.00
2015.07.21 13:08:17.128,2.01933,2.01971,1.00,1.50
2015.07.21 13:08:17.330,2.01933,2.01968,1.00,1.00
2015.07.21 13:08:17.532,2.01933,2.01971,1.00,1.87
2015.07.21 13:08:18.641,2.01933,2.01969,1.00,1.00
2015.07.21 13:08:19.145,2.01933,2.01968,1.00,1.00
2015.07.21 13:08:19.196,2.01933,2.0197,1.00,1.00
2015.07.21 13:08:19.851,2.01933,2.01971,1.00,1.50
2015.07.21 13:08:20.496,2.01933,2.0197,1.00,1.00
2015.07.21 13:08:21.049,2.01933,2.01971,1.00,1.00
2015.07.21 13:08:21.150,2.01933,2.01967,1.00,1.00
2015.07.21 13:08:21.251,2.01933,2.01971,1.00,1.50
2015.07.21 13:08:21.503,2.01933,2.01968,1.00,1.00
2015.07.21 13:08:21.803,2.01933,2.0197,1.00,1.00
2015.07.21 13:08:22.357,2.01936,2.01975,1.00,1.00
2015.07.21 13:08:22.609,2.01936,2.01973,1.00,1.00
2015.07.21 13:08:22.825,2.0194,2.01979,1.00,1.00
2015.07.21 13:08:23.528,2.01944,2.01982,1.00,1.00
2015.07.21 13:08:25.084,2.01944,2.01984,1.00,1.34
2015.07.21 13:08:25.625,2.01944,2.01982,1.00,1.00
2015.07.21 13:08:26.187,2.01944,2.01984,1.00,1.34
2015.07.21 13:08:26.489,2.01944,2.01981,1.00,1.00
2015.07.21 13:08:26.793,2.01941,2.01976,1.00,1.00
2015.07.21 13:08:27.095,2.01939,2.01973,1.00,1.37
2015.07.21 13:08:27.344,2.01936,2.01971,1.00,1.37
2015.07.21 13:08:27.879,2.01936,2.01971,1.00,1.12
2015.07.21 13:08:28.400,2.01936,2.01969,1.00,1.00
2015.07.21 13:08:28.552,2.01931,2.01969,1.00,1.00
2015.07.21 13:08:28.857,2.01931,2.01969,1.00,1.37
2015.07.21 13:08:28.958,2.01931,2.01969,1.00,1.12
2015.07.21 13:08:29.059,2.01928,2.01968,1.00,1.00
2015.07.21 13:08:29.975,2.01928,2.01967,1.00,1.00
2015.07.21 13:08:30.227,2.01933,2.01972,1.00,2.25
2015.07.21 13:08:32.462,2.01936,2.01975,1.00,1.00
2015.07.21 13:08:34.229,2.01936,2.01972,1.00,1.00
2015.07.21 13:08:34.582,2.01936,2.01975,1.00,1.00
2015.07.21 13:08:34.683,2.01936,2.01971,1.00,1.00
2015.07.21 13:08:35.095,2.01936,2.01974,1.00,1.00
2015.07.21 13:08:35.622,2.01936,2.01975,1.00,1.00
2015.07.21 13:08:36.409,2.01937,2.01975,1.00,1.00
2015.07.21 13:08:37.933,2.01936,2.01975,1.00,1.00
2015.07.21 13:08:38.034,2.0194,2.01975,1.00,1.00
2015.07.21 13:08:38.135,2.01936,2.01975,1.50,1.00
2015.07.21 13:08:38.286,2.01936,2.01975,1.87,1.00
2015.07.21 13:08:38.788,2.01937,2.01975,1.00,1.00
2015.07.21 13:08:40.140,2.0194,2.01979,1.00,1.00
2015.07.21 13:08:40.442,2.01943,2.01982,1.00,1.00
2015.07.21 13:08:40.745,2.01946,2.01985,1.00,1.00
2015.07.21 13:08:43.762,2.01947,2.01985,1.00,1.00
2015.07.21 13:08:44.042,2.01949,2.01988,1.00,1.00
2015.07.21 13:08:46.006,2.01946,2.01985,1.00,1.00
2015.07.21 13:08:46.360,2.01946,2.01982,1.00,1.00
2015.07.21 13:08:47.508,2.0194,2.01979,1.00,1.00
2015.07.21 13:08:47.559,2.0194,2.01979,1.00,1.34
2015.07.21 13:08:47.762,2.01928,2.01965,1.00,1.00
2015.07.21 13:08:47.863,2.01926,2.01965,1.00,1.00
2015.07.21 13:08:48.116,2.01929,2.01969,1.00,1.00
2015.07.21 13:08:48.745,2.01935,2.0197,1.00,1.00
2015.07.21 13:08:48.847,2.01935,2.01972,1.00,1.00
2015.07.21 13:08:49.351,2.01935,2.01971,1.00,1.00
2015.07.21 13:08:49.668,2.0193,2.01969,1.00,1.00
2015.07.21 13:08:52.612,2.0193,2.01966,1.00,1.00
2015.07.21 13:08:53.686,2.0193,2.01969,1.00,1.00
2015.07.21 13:08:56.587,2.01926,2.01966,1.00,1.00
2015.07.21 13:08:57.078,2.01928,2.01966,1.00,1.00
2015.07.21 13:08:57.593,2.01926,2.01966,1.00,1.00
2015.07.21 13:08:58.137,2.01927,2.01966,1.00,1.00
2015.07.21 13:08:58.238,2.0193,2.01968,1.00,1.00
2015.07.21 13:08:59.645,2.0193,2.01968,1.00,1.87
2015.07.21 13:08:59.696,2.01926,2.01965,1.00,1.00
2015.07.21 13:09:00.231,2.01926,2.01966,1.00,1.00
2015.07.21 13:09:00.798,2.01927,2.01966,1.00,1.00
2015.07.21 13:09:01.195,2.01926,2.01962,1.00,1.00
2015.07.21 13:09:01.600,2.01926,2.01966,1.00,1.00
2015.07.21 13:09:01.651,2.01926,2.01962,1.00,1.00
2015.07.21 13:09:01.802,2.01918,2.01956,1.00,1.00
2015.07.21 13:09:01.853,2.01917,2.01956,1.00,1.84
2015.07.21 13:09:01.954,2.01914,2.01952,1.50,1.09
2015.07.21 13:09:02.156,2.01914,2.01952,1.00,2.21
2015.07.21 13:09:02.268,2.01907,2.01944,1.00,1.00
2015.07.21 13:09:02.322,2.01904,2.01942,1.00,1.00
2015.07.21 13:09:03.500,2.01902,2.01942,1.00,1.00
2015.07.21 13:09:09.176,2.01904,2.01942,1.00,1.00
2015.07.21 13:09:09.535,2.01907,2.01945,1.00,1.00
2015.07.21 13:09:10.551,2.01908,2.01948,1.00,1.00
2015.07.21 13:09:12.607,2.01908,2.01948,1.37,1.00
2015.07.21 13:09:13.185,2.01908,2.01948,1.00,1.00
2015.07.21 13:09:18.150,2.01908,2.01947,1.00,1.00
2015.07.21 13:09:18.403,2.01908,2.01942,1.00,1.00
2015.07.21 13:09:20.253,2.01908,2.01947,1.00,1.00
2015.07.21 13:09:20.455,2.01908,2.01941,1.00,1.00
2015.07.21 13:09:22.090,2.01908,2.01942,1.00,1.00
2015.07.21 13:09:24.820,2.01904,2.01941,1.00,1.00
2015.07.21 13:09:25.072,2.01903,2.01936,1.00,1.00
2015.07.21 13:09:25.174,2.01895,2.01932,1.00,1.00
2015.07.21 13:09:25.325,2.01895,2.01934,1.00,1.00
2015.07.21 13:09:26.534,2.01895,2.01934,1.37,1.00
2015.07.21 13:09:27.048,2.01895,2.01934,1.00,1.00
2015.07.21 13:09:27.968,2.01895,2.01934,1.37,1.00
2015.07.21 13:09:28.168,2.01895,2.01934,1.12,1.00
2015.07.21 13:09:30.850,2.01893,2.0193,1.00,1.50
2015.07.21 13:09:30.900,2.01889,2.01928,1.00,1.00
2015.07.21 13:09:30.951,2.01886,2.01925,1.00,1.00
2015.07.21 13:09:31.254,2.01884,2.01921,1.00,1.50
2015.07.21 13:09:31.711,2.01886,2.01926,1.00,1.00
2015.07.21 13:09:32.165,2.01886,2.01921,1.00,1.00
2015.07.21 13:09:32.266,2.01886,2.01926,1.00,1.50
2015.07.21 13:09:32.367,2.01883,2.01919,1.00,1.00
2015.07.21 13:09:32.469,2.01879,2.01917,1.00,1.00
2015.07.21 13:09:32.970,2.01879,2.01916,1.00,1.00
2015.07.21 13:09:33.469,2.01875,2.01914,1.00,1.00
2015.07.21 13:09:33.986,2.01875,2.01913,1.00,1.00
2015.07.21 13:09:34.523,2.01875,2.01914,1.00,1.50
2015.07.21 13:09:36.784,2.01875,2.01913,1.00,1.00
2015.07.21 13:09:37.454,2.01875,2.01914,1.00,1.00
2015.07.21 13:09:37.989,2.01875,2.01913,1.00,1.00
2015.07.21 13:09:39.193,2.01875,2.01914,1.00,1.00
2015.07.21 13:09:40.298,2.01875,2.01913,1.00,1.00
2015.07.21 13:09:41.057,2.01875,2.01914,1.00,1.50
2015.07.21 13:09:43.139,2.01875,2.01913,1.00,1.00
2015.07.21 13:09:44.336,2.01878,2.01913,1.00,1.00
2015.07.21 13:09:44.387,2.01878,2.01917,1.00,1.00
2015.07.21 13:09:44.921,2.01882,2.01919,1.00,1.00
2015.07.21 13:09:45.023,2.01886,2.01924,1.00,1.00
2015.07.21 13:09:45.527,2.01886,2.01924,1.00,1.34
2015.07.21 13:09:45.729,2.01879,2.01914,1.00,1.00
2015.07.21 13:09:45.831,2.01878,2.01916,1.00,1.50
2015.07.21 13:09:46.001,2.01878,2.01914,1.00,1.00
2015.07.21 13:09:46.153,2.01874,2.01913,1.00,1.00
2015.07.21 13:09:46.657,2.01873,2.01914,1.00,1.00
2015.07.21 13:09:46.758,2.01873,2.01917,1.00,1.00
2015.07.21 13:09:46.859,2.01875,2.01918,1.00,1.00
2015.07.21 13:09:46.909,2.01877,2.01921,1.00,1.00
2015.07.21 13:09:46.960,2.01878,2.01923,1.50,1.00
2015.07.21 13:09:47.011,2.01879,2.01924,1.37,1.00
2015.07.21 13:09:47.319,2.01884,2.01926,1.37,1.50
2015.07.21 13:09:47.847,2.01884,2.01926,1.37,1.50
2015.07.21 13:09:48.307,2.01884,2.01926,1.00,1.00
2015.07.21 13:09:48.408,2.01888,2.01927,1.00,1.00
2015.07.21 13:09:48.610,2.01884,2.01926,1.00,1.00
2015.07.21 13:09:51.796,2.01883,2.01927,1.00,1.00
2015.07.21 13:09:52.048,2.01883,2.01926,1.00,1.34
2015.07.21 13:09:52.559,2.01882,2.01926,1.00,1.34
2015.07.21 13:09:56.329,2.01882,2.01921,1.00,1.00
2015.07.21 13:09:56.850,2.01882,2.01926,1.00,1.34
2015.07.21 13:09:57.205,2.01882,2.01921,1.00,1.00
2015.07.21 13:09:57.662,2.01882,2.01926,1.00,1.34
2015.07.21 13:09:57.912,2.01882,2.01927,1.00,1.00
2015.07.21 13:09:57.962,2.01888,2.01928,1.50,1.00
2015.07.21 13:09:58.013,2.0189,2.01931,1.00,1.50
2015.07.21 13:09:58.215,2.01888,2.01928,1.00,1.00
2015.07.21 13:09:58.467,2.0189,2.01931,1.00,1.00
2015.07.21 13:09:58.619,2.01891,2.01937,1.00,1.84
2015.07.21 13:09:58.669,2.01891,2.01935,1.37,1.00
2015.07.21 13:09:58.816,2.01891,2.01935,1.00,1.00
2015.07.21 13:10:00.326,2.01891,2.01936,1.00,1.84
2015.07.21 13:10:00.528,2.01895,2.01937,1.00,1.50
2015.07.21 13:10:00.831,2.01897,2.01936,1.50,1.00
2015.07.21 13:10:01.017,2.01895,2.01936,1.50,1.00
2015.07.21 13:10:01.118,2.01898,2.01936,1.00,1.00
2015.07.21 13:10:01.737,2.01898,2.01945,1.50,1.50
2015.07.21 13:10:01.997,2.01898,2.01943,1.50,1.00
2015.07.21 13:10:02.974,2.01899,2.01945,1.00,1.00
2015.07.21 13:10:03.126,2.01899,2.01937,1.00,1.00
2015.07.21 13:10:03.176,2.01891,2.01935,1.45,1.00
2015.07.21 13:10:03.227,2.0189,2.01935,1.00,1.50
2015.07.21 13:10:03.278,2.01889,2.01933,1.50,1.00
2015.07.21 13:10:03.782,2.01888,2.01933,1.00,1.00
2015.07.21 13:10:04.388,2.0189,2.01933,1.00,1.00
2015.07.21 13:10:04.490,2.01888,2.01933,1.00,1.00
2015.07.21 13:10:05.290,2.0189,2.01933,1.00,1.00
2015.07.21 13:10:05.823,2.01893,2.01936,1.00,1.00
2015.07.21 13:10:06.391,2.01893,2.01937,1.00,1.50
2015.07.21 13:10:10.341,2.01893,2.01936,1.00,1.00
2015.07.21 13:10:10.870,2.01893,2.01937,1.00,1.50
2015.07.21 13:10:11.326,2.01893,2.0193,1.00,1.00
2015.07.21 13:10:11.377,2.01888,2.0193,1.00,1.00
2015.07.21 13:10:11.428,2.01886,2.01929,1.00,1.37
2015.07.21 13:10:11.529,2.01886,2.01929,1.00,1.12
2015.07.21 13:10:12.034,2.01886,2.0193,1.00,1.50
2015.07.21 13:10:12.085,2.01886,2.01928,1.00,1.00
2015.07.21 13:10:12.661,2.01886,2.01929,1.00,1.00
2015.07.21 13:10:13.725,2.0189,2.0193,1.00,1.00
2015.07.21 13:10:13.776,2.0189,2.01935,1.00,1.00
2015.07.21 13:10:13.977,2.01892,2.01935,1.00,1.00
2015.07.21 13:10:14.488,2.01893,2.01935,1.00,1.00
2015.07.21 13:10:14.740,2.01891,2.01935,1.00,1.00
2015.07.21 13:10:15.290,2.01892,2.01935,1.12,1.00
2015.07.21 13:10:15.392,2.0189,2.01935,1.00,1.50
2015.07.21 13:10:15.936,2.01891,2.01935,1.00,1.50
2015.07.21 13:10:16.723,2.01891,2.01936,1.00,1.50
2015.07.21 13:10:17.729,2.01891,2.01934,1.00,1.00
2015.07.21 13:10:18.272,2.01891,2.01935,1.00,1.00
2015.07.21 13:10:18.883,2.01891,2.01936,1.00,1.00
2015.07.21 13:10:19.460,2.01891,2.01935,1.00,1.00
2015.07.21 13:10:19.982,2.01892,2.01934,1.00,1.00
2015.07.21 13:10:20.084,2.01892,2.01937,1.37,1.00
2015.07.21 13:10:20.336,2.01896,2.01937,1.00,1.00
2015.07.21 13:10:20.845,2.01895,2.01937,1.00,1.00
2015.07.21 13:10:22.591,2.01895,2.0194,1.50,1.00
2015.07.21 13:10:23.102,2.01895,2.01941,1.50,1.50
2015.07.21 13:10:23.960,2.01895,2.0194,1.50,1.00
2015.07.21 13:10:24.549,2.01895,2.01941,1.50,1.50
2015.07.21 13:10:25.254,2.01895,2.0194,1.50,1.00
2015.07.21 13:10:27.272,2.01895,2.01941,1.50,1.50
2015.07.21 13:10:28.275,2.01895,2.01936,1.00,1.34
2015.07.21 13:10:28.328,2.01893,2.01936,1.00,1.34
2015.07.21 13:10:28.378,2.01893,2.01932,1.00,1.00
2015.07.21 13:10:28.479,2.01889,2.01933,1.00,1.00
2015.07.21 13:10:28.580,2.01889,2.01921,1.00,1.00
2015.07.21 13:10:28.631,2.01883,2.01921,1.00,1.00
2015.07.21 13:10:28.933,2.01883,2.01916,1.00,1.00
2015.07.21 13:10:29.165,2.01883,2.01918,1.00,1.00
2015.07.21 13:10:29.266,2.01883,2.01921,1.00,1.00
2015.07.21 13:10:31.002,2.01883,2.01927,1.50,1.50
2015.07.21 13:10:31.103,2.01894,2.01927,1.00,1.00
2015.07.21 13:10:31.154,2.01894,2.01929,1.00,1.50
2015.07.21 13:10:31.205,2.01894,2.01933,1.50,1.00
2015.07.21 13:10:31.304,2.01899,2.01934,1.00,1.00
2015.07.21 13:10:31.355,2.01899,2.01937,1.00,1.60
2015.07.21 13:10:31.405,2.01903,2.01937,1.00,1.60
2015.07.21 13:10:31.658,2.01899,2.01937,1.00,2.10
2015.07.21 13:10:31.860,2.01904,2.01937,1.00,1.35
2015.07.21 13:10:32.062,2.01899,2.01937,1.00,1.35
2015.07.21 13:10:36.636,2.01899,2.01933,1.00,1.00
2015.07.21 13:10:36.788,2.01903,2.01938,1.00,1.00
2015.07.21 13:10:36.939,2.019,2.01938,1.00,1.00
2015.07.21 13:10:37.190,2.019,2.01934,1.00,1.00
2015.07.21 13:10:37.241,2.01897,2.01934,1.00,1.00
2015.07.21 13:10:37.492,2.01894,2.01929,1.50,1.00
2015.07.21 13:10:37.644,2.01891,2.01928,1.00,1.50
2015.07.21 13:10:37.907,2.01891,2.01925,1.00,1.00
2015.07.21 13:10:37.958,2.01891,2.01928,1.00,1.00
2015.07.21 13:10:38.210,2.01895,2.01932,1.00,1.00
2015.07.21 13:10:38.931,2.01895,2.01933,1.00,1.50
2015.07.21 13:10:39.385,2.01895,2.01931,1.00,1.00
2015.07.21 13:10:39.936,2.01895,2.01932,1.00,1.00
2015.07.21 13:10:40.661,2.01898,2.01932,1.00,1.00
2015.07.21 13:10:40.712,2.01898,2.01937,1.00,1.00
2015.07.21 13:10:40.814,2.01898,2.01934,1.00,1.00
2015.07.21 13:10:40.865,2.01895,2.01933,1.00,1.50
2015.07.21 13:10:40.917,2.01891,2.01922,1.00,1.00
2015.07.21 13:10:40.967,2.01889,2.01922,1.00,1.00
2015.07.21 13:10:41.474,2.01889,2.01925,1.00,1.00
2015.07.21 13:10:43.248,2.01889,2.01926,1.00,1.00
2015.07.21 13:10:43.299,2.01891,2.01928,1.00,1.00
2015.07.21 13:10:43.350,2.01891,2.01931,1.00,1.00
2015.07.21 13:10:43.770,2.01891,2.01929,1.00,1.00
2015.07.21 13:10:43.871,2.01891,2.01931,1.00,1.00
2015.07.21 13:10:43.922,2.01896,2.01927,1.00,1.00
2015.07.21 13:10:44.023,2.01893,2.01927,1.00,1.00
2015.07.21 13:10:44.879,2.01893,2.0193,1.00,1.00
2015.07.21 13:10:45.407,2.01893,2.01931,1.00,1.00
2015.07.21 13:10:45.911,2.01893,2.01932,1.00,2.25
2015.07.21 13:10:46.863,2.01893,2.01927,1.00,1.00
2015.07.21 13:10:46.914,2.0189,2.01927,1.00,1.00
2015.07.21 13:10:46.965,2.0189,2.01925,1.00,1.00
2015.07.21 13:10:47.218,2.01887,2.01924,1.00,1.00
2015.07.21 13:10:47.361,2.01887,2.01922,1.00,1.00
2015.07.21 13:10:48.458,2.01887,2.01924,1.00,1.00
2015.07.21 13:10:51.829,2.01887,2.01923,1.00,1.00
2015.07.21 13:10:54.421,2.01887,2.01924,1.00,1.00
2015.07.21 13:10:55.872,2.01889,2.01924,1.00,1.00
2015.07.21 13:10:56.031,2.0189,2.01927,1.00,1.00
2015.07.21 13:10:56.183,2.01891,2.01929,1.00,1.00
2015.07.21 13:10:56.283,2.01894,2.01933,1.00,1.00
2015.07.21 13:10:56.640,2.01898,2.01933,1.00,1.00
2015.07.21 13:10:56.792,2.01899,2.01936,1.00,1.50
2015.07.21 13:10:57.282,2.01901,2.01939,1.00,1.00
2015.07.21 13:10:59.382,2.01904,2.01939,1.00,1.00
2015.07.21 13:11:00.286,2.01901,2.01938,1.00,1.00
2015.07.21 13:11:00.579,2.01899,2.01937,1.00,1.00
2015.07.21 13:11:00.630,2.01897,2.01937,1.00,1.00
2015.07.21 13:11:01.083,2.01897,2.01936,1.00,1.37
2015.07.21 13:11:01.285,2.01897,2.01937,1.00,1.50
2015.07.21 13:11:01.593,2.01897,2.01935,1.00,1.00
2015.07.21 13:11:02.268,2.01897,2.01936,1.00,1.00
2015.07.21 13:11:02.614,2.01899,2.01937,1.00,1.00
2015.07.21 13:11:03.133,2.01898,2.01937,1.00,1.00
2015.07.21 13:11:03.571,2.01903,2.01937,1.00,1.50
2015.07.21 13:11:03.806,2.01899,2.01937,1.00,1.50
2015.07.21 13:11:04.373,2.01898,2.01937,1.00,1.50
2015.07.21 13:11:05.326,2.01899,2.01937,1.00,1.50
2015.07.21 13:11:06.531,2.01898,2.01937,1.00,1.50
2015.07.21 13:11:08.220,2.01922,2.01937,1.00,1.50
2015.07.21 13:11:08.763,2.01922,2.01937,1.00,1.50
2015.07.21 13:11:09.076,2.01922,2.01937,1.00,1.50
2015.07.21 13:11:10.398,2.01919,2.01937,1.00,1.00
2015.07.21 13:11:11.413,2.01913,2.01937,1.00,1.00
2015.07.21 13:11:12.369,2.01908,2.01937,1.00,1.00
2015.07.21 13:11:13.682,2.01909,2.01937,1.00,1.00
2015.07.21 13:11:14.189,2.01908,2.01937,1.00,1.00
2015.07.21 13:11:14.781,2.01909,2.01937,1.00,1.00
2015.07.21 13:11:15.305,2.01908,2.01937,1.00,1.00
2015.07.21 13:11:16.350,2.01903,2.01937,1.00,1.00
2015.07.21 13:11:16.451,2.01908,2.01937,1.00,1.00
2015.07.21 13:11:16.552,2.01904,2.01937,1.00,1.50
2015.07.21 13:11:16.653,2.01909,2.01937,1.00,1.50
2015.07.21 13:11:17.137,2.01903,2.01937,1.00,1.00
2015.07.21 13:11:18.111,2.01898,2.01937,1.00,1.50
2015.07.21 13:11:18.646,2.01897,2.01937,1.00,1.50
2015.07.21 13:11:19.049,2.01894,2.01932,1.00,1.45
2015.07.21 13:11:19.352,2.01889,2.01925,1.00,1.00
2015.07.21 13:11:19.503,2.01888,2.01928,1.50,1.00
2015.07.21 13:11:19.970,2.01892,2.01929,1.00,1.00
2015.07.21 13:11:20.172,2.01892,2.01931,1.00,1.00
2015.07.21 13:11:20.902,2.01896,2.01935,1.00,1.00
2015.07.21 13:11:21.408,2.01896,2.01934,1.00,1.00
2015.07.21 13:11:21.912,2.01896,2.01935,1.00,1.50
2015.07.21 13:11:24.709,2.01896,2.01934,1.00,1.00
2015.07.21 13:11:25.241,2.01896,2.01935,1.00,1.50
2015.07.21 13:11:28.405,2.01897,2.01936,1.00,1.00
2015.07.21 13:11:28.909,2.01897,2.01937,1.00,1.00
2015.07.21 13:11:29.416,2.01898,2.01937,1.00,1.00
2015.07.21 13:11:31.075,2.01899,2.01937,1.00,1.00
2015.07.21 13:11:32.509,2.01897,2.01937,1.00,1.00
2015.07.21 13:11:33.168,2.01897,2.01936,1.00,1.00
2015.07.21 13:11:34.501,2.01897,2.01937,1.00,1.00
2015.07.21 13:11:35.271,2.01898,2.01937,1.00,1.50
2015.07.21 13:11:35.819,2.01897,2.01937,1.00,1.00
2015.07.21 13:11:43.165,2.01898,2.01937,1.00,1.00
2015.07.21 13:11:44.403,2.01897,2.01937,1.00,1.00
2015.07.21 13:11:52.650,2.01897,2.01935,1.00,1.00
2015.07.21 13:11:53.388,2.01898,2.01935,1.00,1.00
2015.07.21 13:11:53.489,2.01898,2.01937,1.00,1.50
2015.07.21 13:12:07.360,2.01897,2.01937,1.00,1.50
2015.07.21 13:12:07.686,2.01897,2.01935,1.00,1.00
2015.07.21 13:12:08.033,2.01888,2.01923,1.00,1.00
2015.07.21 13:12:08.084,2.01885,2.01922,1.00,1.00
2015.07.21 13:12:08.135,2.01885,2.01917,1.00,1.00
2015.07.21 13:12:08.236,2.01883,2.01917,1.00,1.00
2015.07.21 13:12:08.287,2.01881,2.01917,1.00,1.12
2015.07.21 13:12:08.794,2.01881,2.01918,1.00,1.50
2015.07.21 13:12:09.197,2.01884,2.01922,1.00,1.50
2015.07.21 13:12:10.666,2.01884,2.01921,1.50,1.00
2015.07.21 13:12:10.921,2.01898,2.01922,1.00,1.50
2015.07.21 13:12:11.122,2.01888,2.01922,1.00,1.00
2015.07.21 13:12:11.234,2.01883,2.01922,1.50,1.00
2015.07.21 13:12:11.335,2.01888,2.01922,1.00,1.00
2015.07.21 13:12:11.540,2.01886,2.01923,1.00,1.00
2015.07.21 13:12:11.893,2.01888,2.01924,1.00,1.00
2015.07.21 13:12:12.397,2.01888,2.01923,1.00,1.00
2015.07.21 13:12:12.780,2.01889,2.01921,1.00,1.50
2015.07.21 13:12:13.414,2.01884,2.0192,1.00,1.00
2015.07.21 13:12:13.767,2.01884,2.01918,1.00,1.00
2015.07.21 13:12:14.181,2.01884,2.01916,1.00,1.00
2015.07.21 13:12:14.388,2.01884,2.01918,1.00,1.00
2015.07.21 13:12:14.915,2.01884,2.01917,1.00,1.00
2015.07.21 13:12:15.193,2.01884,2.01915,1.00,1.00
2015.07.21 13:12:15.296,2.01884,2.01917,1.50,1.00
2015.07.21 13:12:15.802,2.01884,2.01916,1.50,1.00
2015.07.21 13:12:15.954,2.01884,2.01918,1.50,1.00
2015.07.21 13:12:16.257,2.01888,2.01917,1.00,1.50
2015.07.21 13:12:16.358,2.01874,2.01913,1.00,1.00
2015.07.21 13:12:16.409,2.01874,2.01904,1.00,1.00
2015.07.21 13:12:16.611,2.0187,2.01904,1.00,1.00
2015.07.21 13:12:17.011,2.01868,2.01903,1.00,1.00
2015.07.21 13:12:17.214,2.01864,2.01903,1.00,1.50
2015.07.21 13:12:20.329,2.01868,2.01903,1.00,1.50
2015.07.21 13:12:20.875,2.01864,2.01903,1.00,1.00
2015.07.21 13:12:21.127,2.01868,2.01903,1.00,1.00
2015.07.21 13:12:22.564,2.01868,2.01902,1.00,1.00
2015.07.21 13:12:22.665,2.01864,2.01902,1.00,1.00
2015.07.21 13:12:23.200,2.01864,2.01903,1.00,1.00
2015.07.21 13:12:23.351,2.01867,2.01905,1.00,1.00
2015.07.21 13:12:23.841,2.01869,2.01906,1.00,1.00
2015.07.21 13:12:24.048,2.01867,2.01906,1.00,1.00
2015.07.21 13:12:24.294,2.01863,2.019,1.00,1.00
2015.07.21 13:12:26.690,2.01859,2.01899,1.00,1.00
2015.07.21 13:12:28.174,2.01859,2.01897,1.00,1.00
2015.07.21 13:12:32.037,2.01856,2.0189,1.00,1.00
2015.07.21 13:12:32.088,2.01853,2.0189,1.00,1.00
2015.07.21 13:12:32.139,2.01853,2.01882,1.00,1.00
2015.07.21 13:12:32.190,2.01849,2.01882,1.00,1.00
2015.07.21 13:12:32.291,2.01845,2.01881,1.00,1.00
2015.07.21 13:12:32.341,2.01845,2.01878,1.00,1.00
2015.07.21 13:12:32.392,2.01839,2.01878,1.00,1.00
2015.07.21 13:12:32.553,2.01839,2.01876,1.00,1.00
2015.07.21 13:12:35.728,2.01839,2.01877,1.00,1.00
2015.07.21 13:12:36.058,2.01844,2.01876,1.00,1.00
2015.07.21 13:12:36.210,2.01844,2.01882,1.00,1.00
2015.07.21 13:12:36.261,2.01842,2.01882,1.00,1.00
2015.07.21 13:12:36.979,2.01842,2.01879,1.00,1.00
2015.07.21 13:12:37.316,2.01844,2.01879,1.00,1.00
2015.07.21 13:12:39.250,2.01843,2.0188,1.00,1.00
2015.07.21 13:12:39.754,2.01844,2.01879,1.00,1.00
2015.07.21 13:12:40.118,2.01849,2.01879,1.00,1.00
2015.07.21 13:12:40.628,2.01849,2.0188,1.00,1.00
2015.07.21 13:12:40.684,2.01849,2.01884,1.00,1.00
2015.07.21 13:12:40.863,2.0185,2.01887,1.00,1.00
2015.07.21 13:12:40.914,2.01854,2.01884,1.00,1.00
2015.07.21 13:12:41.217,2.01854,2.01881,1.00,1.00
2015.07.21 13:12:41.519,2.01854,2.01878,1.00,1.00
2015.07.21 13:12:41.570,2.01848,2.01878,1.00,1.00
2015.07.21 13:12:41.671,2.01844,2.01879,1.00,1.00
2015.07.21 13:12:42.080,2.0184,2.01878,1.00,1.00
2015.07.21 13:12:42.232,2.0184,2.01876,1.00,1.00
2015.07.21 13:12:43.312,2.01843,2.01876,1.00,1.00
2015.07.21 13:12:43.363,2.01843,2.01879,1.00,1.50
2015.07.21 13:12:45.619,2.01853,2.0188,1.00,1.00
2015.07.21 13:12:45.669,2.01853,2.01883,1.00,1.00
2015.07.21 13:12:45.770,2.01853,2.01887,1.00,1.00
2015.07.21 13:12:46.174,2.01855,2.01895,1.00,2.10
2015.07.21 13:12:46.225,2.01853,2.01891,1.00,1.60
2015.07.21 13:12:46.426,2.01849,2.01888,1.50,1.35
2015.07.21 13:12:46.826,2.01853,2.01888,1.00,1.00
2015.07.21 13:12:47.078,2.01849,2.01888,1.00,1.00
2015.07.21 13:12:48.724,2.01853,2.01888,1.00,1.00
2015.07.21 13:12:49.028,2.01849,2.01888,1.50,1.00
2015.07.21 13:12:49.230,2.01852,2.01892,1.00,1.00
2015.07.21 13:12:49.381,2.01854,2.01892,1.00,1.00
2015.07.21 13:12:49.684,2.01858,2.01892,1.00,1.00
2015.07.21 13:12:49.991,2.01863,2.01896,1.00,1.35
2015.07.21 13:12:52.349,2.01868,2.01896,1.00,1.00
2015.07.21 13:12:52.401,2.01868,2.01898,1.00,1.00
2015.07.21 13:12:52.502,2.01868,2.01903,1.00,1.00
2015.07.21 13:12:53.045,2.01869,2.01903,1.00,1.00
2015.07.21 13:12:53.663,2.01864,2.01903,1.50,1.00
2015.07.21 13:12:53.815,2.01864,2.019,1.50,1.00
2015.07.21 13:12:54.454,2.01861,2.01899,1.00,1.00
2015.07.21 13:12:54.818,2.01864,2.01903,1.00,1.00
2015.07.21 13:12:55.673,2.01864,2.01896,1.00,1.00
2015.07.21 13:12:55.724,2.01862,2.01896,1.00,1.00
2015.07.21 13:12:55.825,2.01857,2.01895,1.00,1.12
2015.07.21 13:12:55.926,2.01857,2.01894,1.00,1.37
2015.07.21 13:12:58.086,2.01854,2.01892,1.34,1.00
2015.07.21 13:12:58.389,2.01853,2.01887,1.09,1.00
2015.07.21 13:12:58.916,2.01852,2.01886,1.00,1.00
2015.07.21 13:12:59.420,2.01852,2.01889,1.00,1.50
2015.07.21 13:13:00.262,2.01854,2.01889,1.00,1.00
2015.07.21 13:13:00.414,2.01854,2.01893,1.00,1.00
2015.07.21 13:13:00.465,2.01854,2.01895,1.00,1.00
2015.07.21 13:13:00.516,2.01854,2.01897,1.00,1.00
2015.07.21 13:13:00.567,2.01854,2.01897,1.34,1.00
2015.07.21 13:13:01.025,2.01859,2.01898,1.00,1.00
2015.07.21 13:13:01.167,2.01856,2.01898,1.34,1.00
2015.07.21 13:13:01.688,2.01858,2.01899,1.00,1.00
2015.07.21 13:13:01.789,2.01863,2.01899,1.00,1.00
2015.07.21 13:13:01.890,2.01859,2.01899,1.00,1.00
2015.07.21 13:13:02.143,2.01863,2.019,1.00,1.00
2015.07.21 13:13:02.345,2.0186,2.01899,1.00,1.00
2015.07.21 13:13:02.582,2.01864,2.01899,1.00,1.00
2015.07.21 13:13:03.100,2.01863,2.01899,1.00,1.00
2015.07.21 13:13:03.377,2.01868,2.01906,1.00,1.00
2015.07.21 13:13:03.630,2.01869,2.01909,1.00,1.00
2015.07.21 13:13:03.681,2.01873,2.01909,1.00,1.00
2015.07.21 13:13:03.782,2.01874,2.01912,1.00,1.00
2015.07.21 13:13:03.883,2.01879,2.01912,1.00,1.00
2015.07.21 13:13:04.096,2.01874,2.0191,1.00,1.00
2015.07.21 13:13:04.249,2.01868,2.01906,1.00,1.00
2015.07.21 13:13:04.350,2.01868,2.01909,1.00,1.12
2015.07.21 13:13:04.451,2.01871,2.0191,1.00,1.00
2015.07.21 13:13:04.502,2.01871,2.01913,1.00,1.00
2015.07.21 13:13:04.553,2.01868,2.01908,1.09,1.00
2015.07.21 13:13:04.806,2.01874,2.01915,1.00,1.00
2015.07.21 13:13:05.008,2.01874,2.01918,1.00,1.50
2015.07.21 13:13:05.210,2.01874,2.01916,1.00,1.00
2015.07.21 13:13:05.732,2.01874,2.01915,1.00,1.00
2015.07.21 13:13:06.312,2.01874,2.01914,1.00,1.00
2015.07.21 13:13:06.614,2.01876,2.01911,1.00,1.00
2015.07.21 13:13:07.118,2.01876,2.0191,1.00,1.00
2015.07.21 13:13:07.430,2.01874,2.0191,1.00,1.50
2015.07.21 13:13:07.972,2.01873,2.01909,1.00,1.00
2015.07.21 13:13:08.193,2.01873,2.01907,1.00,1.00
2015.07.21 13:13:08.399,2.01874,2.0191,1.00,1.00
2015.07.21 13:13:08.763,2.01873,2.01907,1.00,1.00
2015.07.21 13:13:08.813,2.01869,2.01907,1.00,1.00
2015.07.21 13:13:09.276,2.01868,2.01905,1.00,1.00
2015.07.21 13:13:09.428,2.01863,2.01902,1.50,1.00
2015.07.21 13:13:10.084,2.01864,2.01899,1.00,1.00
2015.07.21 13:13:10.185,2.01863,2.01901,1.50,1.00
2015.07.21 13:13:10.739,2.01863,2.01896,1.00,1.00
2015.07.21 13:13:10.992,2.01859,2.01895,1.00,1.00
2015.07.21 13:13:11.093,2.01856,2.01895,1.00,1.50
2015.07.21 13:13:11.294,2.01858,2.01895,1.00,1.00
2015.07.21 13:13:11.796,2.01858,2.01894,1.00,1.00
2015.07.21 13:13:12.300,2.01858,2.01895,1.00,1.50
2015.07.21 13:13:12.628,2.01853,2.01888,1.00,1.00
2015.07.21 13:13:12.930,2.01851,2.01888,1.00,1.37
2015.07.21 13:13:12.981,2.01848,2.01886,1.50,1.00
2015.07.21 13:13:13.082,2.01848,2.01886,1.50,1.37
2015.07.21 13:13:13.183,2.01849,2.01886,1.00,1.00
2015.07.21 13:13:13.415,2.01843,2.0188,1.00,1.00
2015.07.21 13:13:13.921,2.01848,2.01883,1.00,1.00
2015.07.21 13:13:13.972,2.01852,2.0189,1.00,1.00
2015.07.21 13:13:14.023,2.01856,2.01895,1.00,1.37
2015.07.21 13:13:14.557,2.01857,2.01895,1.00,1.00
2015.07.21 13:13:15.066,2.01858,2.01895,1.00,1.00
2015.07.21 13:13:16.116,2.01863,2.01895,1.00,1.00
2015.07.21 13:13:16.167,2.01863,2.01899,1.00,1.00
2015.07.21 13:13:17.623,2.01863,2.01902,1.50,1.00
2015.07.21 13:13:18.102,2.01868,2.01902,1.00,1.00
2015.07.21 13:13:18.411,2.01868,2.01907,1.00,1.00
2015.07.21 13:13:18.827,2.0187,2.0191,1.00,1.00
2015.07.21 13:13:19.431,2.01874,2.0191,1.00,1.00
2015.07.21 13:13:20.285,2.0187,2.0191,1.00,1.00
2015.07.21 13:13:21.392,2.01874,2.0191,1.00,1.00
2015.07.21 13:13:21.594,2.01876,2.01916,1.00,1.50
2015.07.21 13:13:22.148,2.01876,2.01915,1.00,1.00
2015.07.21 13:13:23.144,2.01879,2.01916,1.00,1.00
2015.07.21 13:13:23.425,2.01879,2.01919,1.50,1.00
2015.07.21 13:13:25.157,2.01883,2.01922,1.00,1.00
2015.07.21 13:13:25.461,2.01888,2.01922,1.00,1.00
2015.07.21 13:13:25.866,2.01888,2.01925,1.00,1.00
2015.07.21 13:13:26.018,2.01886,2.01921,1.00,1.00
2015.07.21 13:13:26.119,2.01884,2.01922,1.00,1.00
2015.07.21 13:13:26.221,2.01884,2.01917,1.00,1.00
2015.07.21 13:13:26.373,2.01883,2.01919,1.00,1.00
2015.07.21 13:13:27.115,2.01884,2.01919,1.00,1.00
2015.07.21 13:13:27.763,2.0188,2.01919,1.00,1.00
2015.07.21 13:13:27.914,2.01884,2.01919,1.00,1.00
2015.07.21 13:13:28.015,2.0188,2.01919,1.00,1.00
2015.07.21 13:13:29.124,2.0188,2.01918,1.00,1.00
2015.07.21 13:13:30.075,2.01884,2.01919,1.00,1.00
2015.07.21 13:13:30.327,2.0188,2.01919,1.00,1.00
2015.07.21 13:13:30.581,2.01886,2.01925,1.00,1.50
2015.07.21 13:13:31.284,2.01889,2.01925,1.00,1.00
2015.07.21 13:13:31.833,2.01886,2.01925,1.00,1.00
2015.07.21 13:13:31.935,2.0189,2.01927,1.00,1.00
2015.07.21 13:13:32.237,2.01888,2.01917,1.00,1.00
2015.07.21 13:13:32.389,2.01883,2.01915,1.00,1.00
2015.07.21 13:13:32.490,2.01883,2.01917,1.00,1.00
2015.07.21 13:13:32.641,2.01884,2.01914,1.00,1.00
2015.07.21 13:13:33.182,2.01883,2.01914,1.00,1.00
2015.07.21 13:13:33.747,2.01884,2.01914,1.00,1.00
2015.07.21 13:13:34.286,2.01884,2.01915,1.00,1.00
2015.07.21 13:13:34.599,2.01884,2.0191,1.00,1.00
2015.07.21 13:13:34.942,2.01878,2.0191,1.00,1.00
2015.07.21 13:13:35.704,2.01883,2.0191,1.00,1.00
2015.07.21 13:13:35.805,2.01878,2.01911,1.00,1.00
2015.07.21 13:13:36.048,2.01884,2.01911,1.00,1.00
2015.07.21 13:13:36.149,2.01878,2.01911,1.00,1.00
2015.07.21 13:13:36.608,2.01878,2.01908,1.00,1.00
2015.07.21 13:13:37.014,2.01878,2.01906,1.00,1.00
2015.07.21 13:13:37.518,2.01879,2.01906,1.00,1.00
2015.07.21 13:13:37.669,2.01873,2.01906,1.00,1.00
2015.07.21 13:13:38.584,2.01874,2.01906,1.00,1.00
2015.07.21 13:13:39.102,2.01868,2.01906,1.50,1.00
2015.07.21 13:13:39.671,2.01869,2.01906,1.00,1.00
2015.07.21 13:13:39.772,2.01874,2.01906,1.00,1.00
2015.07.21 13:13:39.823,2.01875,2.0191,1.00,1.00
2015.07.21 13:13:39.947,2.01874,2.01907,1.00,1.00
2015.07.21 13:13:40.104,2.01871,2.01908,1.00,1.00
2015.07.21 13:13:40.205,2.01873,2.01908,1.00,1.00
2015.07.21 13:13:40.868,2.01871,2.01911,1.12,2.25
2015.07.21 13:13:41.228,2.01878,2.01911,1.00,1.00
2015.07.21 13:13:41.430,2.01874,2.01911,1.00,1.50
2015.07.21 13:13:41.531,2.01883,2.01911,1.00,1.50
2015.07.21 13:13:41.632,2.01878,2.01911,1.00,1.50
2015.07.21 13:13:41.787,2.01884,2.01911,1.00,1.50
2015.07.21 13:13:42.499,2.01879,2.01911,1.00,1.50
2015.07.21 13:13:42.874,2.01873,2.01911,1.00,1.87
2015.07.21 13:13:42.975,2.01873,2.01909,1.00,1.37
2015.07.21 13:13:43.076,2.01873,2.01909,1.00,1.00
2015.07.21 13:13:43.590,2.01874,2.01908,1.00,1.00
2015.07.21 13:13:44.175,2.01873,2.01908,1.00,1.00
2015.07.21 13:13:45.161,2.01878,2.01908,1.00,1.00
2015.07.21 13:13:45.473,2.01874,2.01906,1.00,1.00
2015.07.21 13:13:45.624,2.01871,2.01906,1.00,1.00
2015.07.21 13:13:45.675,2.01869,2.01906,1.00,1.00
2015.07.21 13:13:45.726,2.01869,2.01903,1.00,1.00
2015.07.21 13:13:46.028,2.01869,2.01901,1.00,1.00
2015.07.21 13:13:46.485,2.01869,2.01904,1.00,1.00
2015.07.21 13:13:47.004,2.01868,2.01904,1.50,1.00
2015.07.21 13:13:47.704,2.01868,2.01902,1.00,1.00
2015.07.21 13:13:48.006,2.01865,2.01902,1.00,1.00
2015.07.21 13:13:48.108,2.01865,2.01904,1.00,1.12
2015.07.21 13:13:48.209,2.01869,2.01904,1.00,1.00
2015.07.21 13:13:48.758,2.01868,2.01905,1.00,1.00
2015.07.21 13:13:49.062,2.01873,2.01905,1.00,1.00
2015.07.21 13:13:49.113,2.01868,2.01905,1.00,1.00
2015.07.21 13:13:49.214,2.01873,2.01905,1.00,1.00
2015.07.21 13:13:49.667,2.01883,2.01908,1.00,1.00
2015.07.21 13:13:50.171,2.01884,2.01909,1.00,1.00
2015.07.21 13:13:50.429,2.01878,2.01909,1.00,1.00
2015.07.21 13:13:50.630,2.01883,2.01909,1.00,1.00
2015.07.21 13:13:50.832,2.01883,2.01913,1.00,1.00
2015.07.21 13:13:50.883,2.01884,2.01916,1.00,1.00
2015.07.21 13:13:50.985,2.01888,2.01912,1.00,1.00
2015.07.21 13:13:51.124,2.01883,2.01912,1.00,1.34
2015.07.21 13:13:51.175,2.01879,2.01909,1.00,1.00
2015.07.21 13:13:51.226,2.01879,2.01901,1.00,1.00
2015.07.21 13:13:51.429,2.01879,2.01909,1.00,1.00
2015.07.21 13:13:51.530,2.01883,2.0191,1.00,1.00
2015.07.21 13:13:51.877,2.01889,2.0191,1.00,1.00
2015.07.21 13:13:52.589,2.01884,2.0191,1.00,1.00
2015.07.21 13:13:52.741,2.01888,2.01911,1.00,1.00
2015.07.21 13:13:53.140,2.01878,2.01912,1.00,1.50
2015.07.21 13:13:53.190,2.01878,2.0191,1.00,1.00
2015.07.21 13:13:53.493,2.01874,2.01902,1.00,1.00
2015.07.21 13:13:53.595,2.01868,2.01902,1.00,1.00
2015.07.21 13:13:53.848,2.01868,2.01905,1.00,1.00
2015.07.21 13:13:54.051,2.01868,2.01903,1.00,1.00
2015.07.21 13:13:54.619,2.01868,2.01902,1.00,1.00
2015.07.21 13:13:55.301,2.01868,2.01901,1.00,1.00
2015.07.21 13:13:55.351,2.01864,2.01901,1.00,1.00
2015.07.21 13:13:55.603,2.01869,2.01899,1.00,1.00
2015.07.21 13:13:55.892,2.01863,2.01899,1.50,1.00
2015.07.21 13:13:56.052,2.01863,2.01897,1.00,1.00
2015.07.21 13:13:56.153,2.01864,2.01899,1.00,1.00
2015.07.21 13:13:56.254,2.01868,2.01896,1.00,1.00
2015.07.21 13:13:56.355,2.01864,2.01896,1.00,1.00
2015.07.21 13:13:56.456,2.01868,2.01896,1.00,1.00
2015.07.21 13:13:56.507,2.01868,2.019,1.00,1.00
2015.07.21 13:13:56.557,2.01873,2.019,1.00,1.00
2015.07.21 13:13:56.705,2.01873,2.01904,1.00,1.00
2015.07.21 13:13:56.806,2.01869,2.01904,1.50,1.00
2015.07.21 13:13:56.907,2.01874,2.01904,1.00,1.00
2015.07.21 13:13:56.958,2.01874,2.01907,1.00,1.00
2015.07.21 13:13:57.160,2.01874,2.01903,1.00,1.00
2015.07.21 13:13:57.526,2.01878,2.01903,1.00,1.00
2015.07.21 13:13:58.057,2.01878,2.01902,1.00,1.00
2015.07.21 13:13:58.259,2.01878,2.01904,1.00,1.00
2015.07.21 13:13:59.015,2.01879,2.01904,1.00,1.00
2015.07.21 13:13:59.267,2.01879,2.01902,1.00,1.00
2015.07.21 13:13:59.770,2.01879,2.01903,1.00,1.00
2015.07.21 13:14:00.304,2.01878,2.01903,1.00,1.00
2015.07.21 13:14:00.612,2.01884,2.01902,1.00,1.00
2015.07.21 13:14:01.218,2.01883,2.01902,1.00,1.00
2015.07.21 13:14:01.420,2.01883,2.01906,1.00,1.00
2015.07.21 13:14:01.722,2.01883,2.01908,1.00,1.00
2015.07.21 13:14:01.874,2.01889,2.01908,1.00,1.00
2015.07.21 13:14:02.378,2.01888,2.01909,1.00,1.00
2015.07.21 13:14:03.245,2.01888,2.01908,1.00,1.00
2015.07.21 13:14:03.603,2.01883,2.01908,1.00,1.00
2015.07.21 13:14:04.069,2.01878,2.01908,1.00,1.00
2015.07.21 13:14:04.573,2.01878,2.01907,1.00,1.00
2015.07.21 13:14:04.708,2.01873,2.01907,1.50,1.00
2015.07.21 13:14:04.860,2.01873,2.01904,1.50,1.00
2015.07.21 13:14:05.264,2.01878,2.01905,1.00,1.00
2015.07.21 13:14:05.365,2.01873,2.01905,1.00,1.00
2015.07.21 13:14:05.416,2.01873,2.01898,1.00,1.00
2015.07.21 13:14:05.517,2.01873,2.019,1.00,1.00
2015.07.21 13:14:05.679,2.01869,2.01899,1.00,1.00
2015.07.21 13:14:05.831,2.01864,2.01899,1.50,1.00
2015.07.21 13:14:06.361,2.01868,2.019,1.00,1.00
2015.07.21 13:14:06.411,2.01868,2.01902,1.00,1.50
2015.07.21 13:14:06.797,2.01864,2.01902,1.50,1.50
2015.07.21 13:14:06.948,2.01864,2.01898,1.50,1.00
2015.07.21 13:14:07.412,2.01864,2.01896,1.50,1.00
2015.07.21 13:14:07.717,2.01868,2.01896,1.00,1.00
2015.07.21 13:14:08.316,2.01864,2.01896,1.50,1.00
2015.07.21 13:14:10.624,2.01864,2.01899,1.00,1.00
2015.07.21 13:14:11.044,2.0186,2.01894,1.00,1.00
2015.07.21 13:14:11.398,2.01864,2.01894,1.00,1.00
2015.07.21 13:14:11.500,2.01864,2.01899,1.00,1.00
2015.07.21 13:14:11.551,2.01868,2.01899,1.00,1.00
2015.07.21 13:14:11.858,2.01863,2.01901,1.00,1.67
2015.07.21 13:14:11.909,2.01863,2.01898,1.00,1.67
2015.07.21 13:14:12.060,2.01858,2.01895,1.00,1.67
2015.07.21 13:14:12.162,2.01858,2.01895,1.00,1.67
2015.07.21 13:14:12.414,2.01856,2.01891,1.00,1.05
2015.07.21 13:14:12.465,2.01856,2.01891,1.00,1.05
2015.07.21 13:14:12.617,2.01853,2.01888,1.84,1.37
2015.07.21 13:14:13.135,2.01854,2.01887,1.09,1.00
2015.07.21 13:14:13.236,2.01854,2.01884,1.09,1.00
2015.07.21 13:14:13.900,2.01854,2.01887,1.00,1.00
2015.07.21 13:14:15.175,2.01853,2.01887,1.00,1.00
2015.07.21 13:14:15.276,2.01849,2.01887,1.00,1.00
2015.07.21 13:14:15.327,2.01849,2.01884,1.00,1.00
2015.07.21 13:14:15.831,2.01849,2.01883,1.00,1.00
2015.07.21 13:14:16.851,2.01848,2.01883,1.00,1.00
2015.07.21 13:14:17.401,2.01849,2.01883,1.00,1.00
2015.07.21 13:14:18.005,2.01847,2.01883,1.00,1.00
2015.07.21 13:14:18.454,2.01849,2.01884,1.00,1.00
2015.07.21 13:14:19.013,2.01848,2.01884,1.00,1.00
2015.07.21 13:14:19.315,2.01848,2.01882,1.00,1.00
2015.07.21 13:14:19.709,2.01848,2.0188,1.00,1.00
2015.07.21 13:14:20.222,2.01844,2.01881,1.00,1.00
2015.07.21 13:14:20.272,2.01844,2.01878,1.00,1.00
2015.07.21 13:14:20.662,2.01853,2.01877,1.00,1.00
2015.07.21 13:14:20.814,2.01853,2.01884,1.00,1.00
2015.07.21 13:14:20.915,2.01855,2.01884,1.00,1.00
2015.07.21 13:14:20.966,2.01855,2.0189,1.00,1.00
2015.07.21 13:14:21.176,2.01855,2.01888,1.00,1.00
2015.07.21 13:14:21.366,2.01855,2.0189,1.00,1.00
2015.07.21 13:14:21.582,2.01853,2.01889,1.00,1.00
2015.07.21 13:14:22.131,2.01852,2.01889,1.00,1.00
2015.07.21 13:14:22.439,2.01854,2.01889,1.00,1.00
2015.07.21 13:14:22.855,2.01858,2.01889,1.00,1.00
2015.07.21 13:14:24.063,2.01859,2.01889,1.00,1.00
2015.07.21 13:14:24.323,2.01859,2.01894,1.00,1.50
2015.07.21 13:14:24.732,2.01859,2.01892,1.00,1.00
2015.07.21 13:14:25.143,2.01859,2.01894,1.00,1.50
2015.07.21 13:14:25.244,2.01858,2.01892,1.00,1.00
2015.07.21 13:14:25.547,2.01844,2.01878,1.09,1.00
2015.07.21 13:14:25.883,2.01844,2.0188,1.09,1.00
2015.07.21 13:14:26.337,2.01843,2.01882,1.34,1.50
2015.07.21 13:14:26.855,2.01843,2.01882,1.00,1.50
2015.07.21 13:14:26.907,2.01848,2.01882,1.00,1.50
2015.07.21 13:14:27.159,2.01843,2.01882,1.00,1.00
2015.07.21 13:14:27.893,2.01844,2.01882,1.00,1.00
2015.07.21 13:14:28.197,2.01846,2.01883,1.00,1.00
2015.07.21 13:14:28.348,2.0184,2.01879,1.34,1.00
2015.07.21 13:14:28.601,2.0184,2.01877,1.00,1.00
2015.07.21 13:14:28.702,2.0184,2.01879,1.00,1.00
2015.07.21 13:14:28.910,2.0184,2.01877,1.00,1.00
2015.07.21 13:14:29.011,2.0184,2.01879,1.00,1.00
2015.07.21 13:14:29.061,2.01844,2.01879,1.00,1.00
2015.07.21 13:14:29.566,2.01844,2.01878,1.00,1.00
2015.07.21 13:14:29.616,2.0184,2.01875,1.00,1.00
2015.07.21 13:14:30.085,2.0184,2.01872,1.00,1.00
2015.07.21 13:14:30.186,2.0184,2.01875,1.00,1.00
2015.07.21 13:14:30.287,2.0184,2.01877,1.00,1.00
2015.07.21 13:14:30.388,2.0184,2.0187,1.00,1.00
2015.07.21 13:14:30.640,2.01836,2.01869,1.00,1.00
2015.07.21 13:14:30.691,2.01833,2.01869,1.00,1.50
2015.07.21 13:14:30.896,2.01833,2.01871,1.50,1.00
2015.07.21 13:14:30.946,2.01833,2.01869,1.50,1.00
2015.07.21 13:14:31.451,2.01833,2.01868,1.50,1.00
2015.07.21 13:14:32.171,2.0183,2.01862,1.09,1.00
2015.07.21 13:14:32.275,2.0183,2.01864,1.09,1.00
2015.07.21 13:14:32.376,2.0183,2.01862,1.09,1.00
2015.07.21 13:14:32.680,2.01834,2.01862,1.00,1.00
2015.07.21 13:14:32.932,2.01834,2.01864,1.00,1.00
2015.07.21 13:14:33.466,2.01833,2.01865,1.00,1.00
2015.07.21 13:14:33.719,2.01833,2.01867,1.00,1.00
2015.07.21 13:14:34.577,2.01833,2.01869,1.00,1.50
2015.07.21 13:14:35.045,2.01838,2.01869,1.00,1.50
2015.07.21 13:14:35.312,2.01839,2.01872,1.00,1.00
2015.07.21 13:14:35.417,2.01843,2.01872,1.00,1.00
2015.07.21 13:14:35.922,2.01843,2.01873,1.00,1.00
2015.07.21 13:14:36.390,2.01842,2.01879,1.00,1.00
2015.07.21 13:14:36.441,2.01842,2.01881,1.00,1.50
2015.07.21 13:14:36.713,2.01842,2.01876,1.00,1.00
2015.07.21 13:14:37.198,2.01842,2.01881,1.00,1.00
2015.07.21 13:14:37.248,2.01845,2.01882,1.00,1.00
2015.07.21 13:14:37.349,2.01845,2.01884,1.00,1.00
2015.07.21 13:14:37.601,2.01848,2.01884,1.00,1.00
2015.07.21 13:14:37.753,2.01848,2.01887,1.50,1.00
2015.07.21 13:14:38.322,2.01848,2.01885,1.00,1.37
2015.07.21 13:14:38.826,2.01848,2.01885,1.00,1.00
2015.07.21 13:14:40.070,2.01848,2.01886,1.00,1.00
2015.07.21 13:14:41.075,2.01848,2.01887,1.00,1.50
2015.07.21 13:14:42.147,2.01848,2.01886,1.00,1.00
2015.07.21 13:14:43.254,2.01848,2.01883,1.00,1.00
2015.07.21 13:14:43.658,2.01846,2.01882,1.00,1.00
2015.07.21 13:14:44.162,2.01846,2.01881,1.00,1.00
2015.07.21 13:14:45.916,2.01842,2.01877,1.00,1.00
2015.07.21 13:14:46.463,2.01842,2.01874,1.00,1.00
2015.07.21 13:14:47.121,2.01842,2.01878,1.00,1.00
2015.07.21 13:14:47.323,2.01842,2.01875,1.00,1.00
2015.07.21 13:14:48.643,2.01842,2.01868,1.00,1.00
2015.07.21 13:14:48.694,2.01839,2.01868,1.00,1.00
2015.07.21 13:14:48.744,2.01839,2.01865,1.00,1.00
2015.07.21 13:14:48.898,2.01838,2.01868,1.00,1.00
2015.07.21 13:14:49.151,2.01843,2.01867,1.00,1.00
2015.07.21 13:14:49.252,2.01838,2.01867,1.00,1.00
2015.07.21 13:14:49.303,2.01838,2.01868,1.34,1.00
2015.07.21 13:14:49.454,2.01843,2.01873,1.00,1.00
2015.07.21 13:14:49.656,2.01843,2.01876,1.00,1.00
2015.07.21 13:14:49.707,2.01848,2.01879,1.00,1.45
2015.07.21 13:14:50.055,2.01854,2.01883,1.00,1.00
2015.07.21 13:14:50.156,2.01854,2.01888,1.00,1.67
2015.07.21 13:14:50.582,2.0185,2.01888,1.34,1.42
2015.07.21 13:14:51.135,2.0185,2.01888,1.50,1.50
2015.07.21 13:14:51.186,2.01841,2.01878,1.50,1.00
2015.07.21 13:14:51.488,2.01837,2.01874,1.00,1.00
2015.07.21 13:14:51.998,2.01837,2.01873,1.00,1.00
2015.07.21 13:14:52.301,2.01835,2.01869,1.00,1.00
2015.07.21 13:14:52.603,2.01833,2.01864,1.34,1.00
2015.07.21 13:14:52.755,2.01832,2.01866,1.34,1.00
2015.07.21 13:14:52.958,2.01832,2.01868,1.34,1.00
2015.07.21 13:14:53.482,2.01832,2.01869,1.34,1.00
2015.07.21 13:14:54.390,2.01832,2.01867,1.34,1.00
2015.07.21 13:14:55.700,2.01837,2.01867,1.00,1.00
2015.07.21 13:14:55.801,2.01837,2.01869,1.00,1.00
2015.07.21 13:14:56.405,2.01838,2.01869,1.00,1.00
2015.07.21 13:14:57.012,2.01837,2.01868,1.00,1.00
2015.07.21 13:14:58.005,2.01837,2.01867,1.00,1.00
2015.07.21 13:14:58.376,2.01833,2.01866,1.84,1.00
2015.07.21 13:15:00.009,2.0183,2.01863,1.34,1.00
2015.07.21 13:15:00.543,2.0183,2.01864,1.34,1.00
2015.07.21 13:15:00.997,2.0183,2.01861,1.34,1.00
2015.07.21 13:15:01.440,2.0183,2.01864,1.34,1.00
2015.07.21 13:15:01.541,2.0183,2.01862,1.34,1.00
2015.07.21 13:15:01.747,2.0183,2.01864,1.34,1.00
2015.07.21 13:15:03.060,2.0183,2.01863,1.34,1.00
2015.07.21 13:15:03.608,2.0183,2.01864,1.34,1.00
2015.07.21 13:15:04.155,2.0183,2.01863,1.34,1.00
2015.07.21 13:15:05.394,2.0183,2.01869,1.34,1.50
2015.07.21 13:15:05.516,2.0183,2.01867,1.34,1.00
2015.07.21 13:15:05.779,2.0183,2.01867,1.00,1.00
2015.07.21 13:15:06.307,2.0183,2.01866,1.00,1.00
2015.07.21 13:15:08.028,2.0183,2.01864,1.00,1.00
2015.07.21 13:15:09.882,2.0183,2.01866,1.00,1.00
2015.07.21 13:15:09.933,2.01834,2.01866,1.00,1.00
2015.07.21 13:15:09.985,2.01834,2.01868,1.00,1.00
2015.07.21 13:15:10.136,2.01834,2.01871,1.50,1.00
2015.07.21 13:15:10.237,2.01834,2.01873,1.50,1.50
2015.07.21 13:15:10.288,2.01838,2.01873,1.00,1.50
2015.07.21 13:15:10.339,2.01838,2.01875,1.00,1.00
2015.07.21 13:15:10.389,2.01841,2.01875,1.00,1.00
2015.07.21 13:15:10.543,2.01841,2.01877,1.00,1.00
2015.07.21 13:15:11.047,2.01841,2.01876,1.00,1.00
2015.07.21 13:15:11.299,2.01841,2.01874,1.00,1.00
2015.07.21 13:15:11.401,2.01838,2.01874,1.00,1.00
2015.07.21 13:15:11.940,2.01839,2.01873,1.00,1.00
2015.07.21 13:15:12.444,2.01838,2.01873,1.00,1.00
2015.07.21 13:15:13.547,2.01838,2.01874,1.00,1.00
2015.07.21 13:15:13.648,2.01838,2.0187,1.00,1.00
2015.07.21 13:15:13.699,2.01833,2.0187,1.00,1.00
2015.07.21 13:15:13.750,2.01833,2.01867,1.00,1.00
2015.07.21 13:15:14.064,2.01833,2.01864,1.00,1.00
2015.07.21 13:15:14.574,2.01834,2.01864,1.00,1.00
2015.07.21 13:15:15.078,2.01831,2.01865,1.00,1.00
2015.07.21 13:15:15.283,2.01831,2.01862,1.00,1.00
2015.07.21 13:15:15.384,2.01826,2.0186,1.09,1.00
2015.07.21 13:15:15.485,2.01826,2.01855,1.09,1.00
2015.07.21 13:15:15.536,2.01823,2.01855,1.00,1.00
2015.07.21 13:15:15.687,2.0182,2.01854,1.00,1.00
2015.07.21 13:15:16.193,2.0182,2.01853,1.00,1.00
2015.07.21 13:15:16.697,2.0182,2.01852,1.00,1.00
2015.07.21 13:15:17.561,2.0182,2.01849,1.00,1.00
2015.07.21 13:15:17.615,2.01814,2.01848,1.00,1.00
2015.07.21 13:15:17.817,2.01814,2.01846,1.00,1.00
2015.07.21 13:15:18.120,2.01823,2.01852,1.00,1.00
2015.07.21 13:15:18.172,2.01823,2.01855,1.00,1.50
2015.07.21 13:15:18.373,2.01828,2.01857,1.00,1.00
2015.07.21 13:15:18.527,2.01823,2.01857,1.00,1.00
2015.07.21 13:15:19.007,2.01824,2.01855,1.00,1.00
2015.07.21 13:15:19.108,2.01823,2.01857,1.00,1.00
2015.07.21 13:15:19.209,2.01821,2.01857,1.00,1.00
2015.07.21 13:15:19.360,2.01823,2.01856,1.00,1.00
2015.07.21 13:15:19.461,2.01823,2.01858,1.00,1.50
2015.07.21 13:15:19.682,2.01823,2.0186,1.00,1.50
2015.07.21 13:15:20.514,2.01828,2.01861,1.00,1.00
2015.07.21 13:15:21.054,2.01828,2.01862,1.00,1.00
2015.07.21 13:15:21.105,2.01828,2.01864,1.00,1.12
2015.07.21 13:15:21.156,2.0183,2.01864,1.00,1.00
2015.07.21 13:15:21.463,2.01836,2.01875,1.00,1.00
2015.07.21 13:15:21.514,2.01839,2.01878,1.00,1.50
2015.07.21 13:15:23.964,2.01839,2.01876,1.00,1.00
2015.07.21 13:15:24.317,2.01839,2.01872,1.00,1.00
2015.07.21 13:15:24.512,2.01835,2.0187,1.00,1.00
2015.07.21 13:15:24.613,2.01833,2.01867,1.00,1.00
2015.07.21 13:15:24.916,2.01835,2.01865,1.00,1.00
2015.07.21 13:15:24.966,2.01835,2.01874,1.00,1.00
2015.07.21 13:15:25.067,2.0184,2.01878,1.00,1.00
2015.07.21 13:15:25.219,2.01845,2.01885,1.00,1.95
2015.07.21 13:15:25.729,2.01845,2.01885,1.00,1.00
2015.07.21 13:15:26.714,2.01851,2.01887,1.00,1.00
2015.07.21 13:15:27.218,2.01851,2.01888,1.00,1.00
2015.07.21 13:15:27.627,2.01851,2.01885,1.00,1.00
2015.07.21 13:15:27.677,2.01847,2.01884,1.00,1.00
2015.07.21 13:15:27.728,2.01847,2.01881,1.00,1.00
2015.07.21 13:15:27.829,2.01847,2.01884,1.00,1.50
2015.07.21 13:15:27.931,2.01843,2.01878,1.00,1.00
2015.07.21 13:15:27.981,2.01839,2.01878,1.50,1.50
2015.07.21 13:15:28.032,2.01839,2.01876,1.50,1.00
2015.07.21 13:15:28.537,2.01839,2.01875,1.00,1.00
2015.07.21 13:15:29.050,2.01839,2.01874,1.00,1.00
2015.07.21 13:15:30.145,2.01839,2.01872,1.00,1.00
2015.07.21 13:15:31.468,2.01839,2.01876,1.00,1.00
2015.07.21 13:15:33.153,2.01844,2.01876,1.00,1.00
2015.07.21 13:15:33.546,2.01844,2.01873,1.00,1.00
2015.07.21 13:15:33.854,2.01838,2.01869,1.00,1.00
2015.07.21 13:15:34.208,2.01838,2.01875,1.00,1.00
2015.07.21 13:15:35.425,2.01838,2.01871,1.00,1.00
2015.07.21 13:15:37.851,2.01838,2.01868,1.00,1.00
2015.07.21 13:15:38.507,2.01835,2.01868,1.00,1.00
2015.07.21 13:15:38.708,2.01835,2.01864,1.00,1.00
2015.07.21 13:15:38.922,2.01832,2.01869,1.00,1.00
2015.07.21 13:15:39.025,2.01836,2.01876,1.00,1.00
2015.07.21 13:15:39.076,2.01842,2.0188,1.00,1.50
2015.07.21 13:15:39.228,2.01837,2.01877,1.00,1.00
2015.07.21 13:15:39.279,2.01837,2.01873,1.00,1.00
2015.07.21 13:15:39.482,2.01837,2.01877,1.00,1.50
2015.07.21 13:15:42.117,2.01837,2.01869,1.00,1.00
2015.07.21 13:15:43.131,2.01837,2.01866,1.00,1.00
2015.07.21 13:15:43.181,2.0183,2.01866,1.00,1.00
2015.07.21 13:15:43.681,2.0183,2.01864,1.00,1.00
2015.07.21 13:15:43.986,2.01835,2.01866,1.00,1.00
2015.07.21 13:15:44.214,2.01835,2.01869,1.00,1.00
2015.07.21 13:15:44.519,2.01835,2.01872,1.00,1.50
2015.07.21 13:15:45.787,2.01838,2.01872,1.00,1.00
2015.07.21 13:15:46.323,2.01838,2.0187,1.00,1.00
2015.07.21 13:15:46.824,2.01838,2.01869,1.00,1.00
2015.07.21 13:15:47.830,2.01838,2.01874,1.00,1.00
2015.07.21 13:15:48.017,2.01841,2.01874,1.00,1.00
2015.07.21 13:15:48.271,2.01841,2.01876,1.00,1.00
2015.07.21 13:15:48.784,2.01841,2.01875,1.00,1.00
2015.07.21 13:15:48.937,2.01841,2.01878,1.00,1.00
2015.07.21 13:15:49.438,2.01841,2.01879,1.00,1.00
2015.07.21 13:15:49.690,2.01841,2.01876,1.00,1.00
2015.07.21 13:15:49.791,2.01837,2.01876,1.00,1.00
2015.07.21 13:15:49.842,2.01837,2.01868,1.00,1.00
2015.07.21 13:15:49.994,2.0183,2.01862,1.00,1.00
2015.07.21 13:15:50.694,2.0183,2.0186,1.00,1.00
2015.07.21 13:15:52.076,2.01825,2.0186,1.00,1.00
2015.07.21 13:15:52.127,2.01825,2.01857,1.00,1.00
2015.07.21 13:15:52.429,2.01823,2.01855,1.00,1.00
2015.07.21 13:15:52.732,2.01823,2.01853,1.00,1.00
2015.07.21 13:15:53.265,2.01823,2.01854,1.00,1.00
2015.07.21 13:15:53.468,2.01823,2.01856,1.00,1.00
2015.07.21 13:15:53.669,2.01823,2.01854,1.00,1.00
2015.07.21 13:15:54.526,2.01823,2.01853,1.00,1.00
2015.07.21 13:15:55.030,2.01823,2.01854,1.00,1.00
2015.07.21 13:15:55.386,2.01823,2.01852,1.00,1.00
2015.07.21 13:15:55.437,2.01823,2.01855,1.00,1.00
2015.07.21 13:15:55.941,2.01823,2.01854,1.00,1.00
2015.07.21 13:15:56.294,2.01826,2.01855,1.00,1.00
2015.07.21 13:15:56.829,2.01826,2.01854,1.00,1.00
2015.07.21 13:15:56.880,2.01826,2.01856,1.00,1.00
2015.07.21 13:15:57.082,2.01826,2.01854,1.00,1.00
2015.07.21 13:15:57.435,2.01826,2.01857,1.00,1.00
2015.07.21 13:15:57.636,2.01826,2.01855,1.00,1.00
2015.07.21 13:15:57.838,2.01826,2.01857,1.00,1.00
2015.07.21 13:15:58.083,2.01826,2.01854,1.00,1.00
2015.07.21 13:15:58.386,2.01826,2.01856,1.00,1.00
2015.07.21 13:15:58.639,2.01826,2.01854,1.00,1.00
2015.07.21 13:15:59.143,2.01826,2.01855,1.00,1.00
2015.07.21 13:15:59.672,2.01826,2.01854,1.00,1.00
2015.07.21 13:16:00.184,2.01826,2.01853,1.00,1.00
2015.07.21 13:16:00.386,2.01823,2.01857,1.00,1.00
2015.07.21 13:16:01.163,2.01823,2.0186,1.00,1.00
2015.07.21 13:16:01.265,2.01823,2.01857,1.00,1.00
2015.07.21 13:16:01.416,2.01814,2.0185,1.00,1.00
2015.07.21 13:16:01.687,2.01814,2.01848,1.00,1.00
2015.07.21 13:16:01.991,2.0181,2.01844,1.00,1.00
2015.07.21 13:16:02.092,2.01806,2.01841,1.00,1.00
2015.07.21 13:16:02.656,2.01806,2.01839,1.00,1.00
2015.07.21 13:16:02.909,2.01806,2.01841,1.00,1.00
2015.07.21 13:16:03.285,2.01803,2.01841,1.00,1.50
2015.07.21 13:16:04.665,2.01803,2.01839,1.00,1.00
2015.07.21 13:16:05.172,2.01803,2.0184,1.00,1.00
2015.07.21 13:16:05.693,2.01803,2.01839,1.00,1.00
2015.07.21 13:16:06.546,2.01803,2.01841,1.00,1.50
2015.07.21 13:16:06.597,2.01809,2.01841,1.00,1.50
2015.07.21 13:16:07.051,2.01806,2.01846,1.46,1.50
2015.07.21 13:16:07.285,2.01806,2.01846,1.46,1.00
2015.07.21 13:16:07.588,2.01813,2.01851,1.34,1.00
2015.07.21 13:16:08.168,2.01814,2.01845,1.09,1.00
2015.07.21 13:16:08.222,2.01808,2.01845,1.87,1.00
2015.07.21 13:16:08.273,2.01808,2.01844,1.00,1.00
2015.07.21 13:16:08.324,2.01805,2.01841,1.00,1.00
2015.07.21 13:16:08.678,2.01805,2.01837,1.00,1.00
2015.07.21 13:16:08.891,2.018,2.01839,1.34,1.00
2015.07.21 13:16:09.534,2.01804,2.01839,1.00,1.00
2015.07.21 13:16:11.102,2.018,2.01839,1.34,1.00
2015.07.21 13:16:11.905,2.018,2.01839,1.34,1.87
2015.07.21 13:16:12.479,2.018,2.01839,1.34,1.00
2015.07.21 13:16:12.983,2.01795,2.01834,2.59,1.00
2015.07.21 13:16:13.034,2.01795,2.01834,1.00,1.00
2015.07.21 13:16:13.712,2.01795,2.01834,1.34,1.00
2015.07.21 13:16:13.965,2.01833,2.01869,1.09,1.00
2015.07.21 13:16:14.066,2.01833,2.01872,1.09,1.00
2015.07.21 13:16:14.116,2.01833,2.01872,1.46,1.00
2015.07.21 13:16:14.167,2.01832,2.01876,2.21,1.50
2015.07.21 13:16:14.319,2.01839,2.01876,1.84,1.00
2015.07.21 13:16:14.486,2.01844,2.01886,1.46,1.00
2015.07.21 13:16:14.839,2.0185,2.01892,1.37,1.00
2015.07.21 13:16:14.940,2.01848,2.0189,1.00,1.00
2015.07.21 13:16:14.991,2.01854,2.0189,1.00,1.00
2015.07.21 13:16:15.092,2.0185,2.01887,1.00,1.00
2015.07.21 13:16:15.193,2.01847,2.01887,1.00,1.50
2015.07.21 13:16:15.294,2.01847,2.01885,1.00,1.00
2015.07.21 13:16:15.407,2.01847,2.01887,1.00,1.50
2015.07.21 13:16:15.458,2.01845,2.01881,1.00,1.00
2015.07.21 13:16:15.610,2.01845,2.01883,1.00,1.00
2015.07.21 13:16:15.927,2.0185,2.01887,1.00,1.00
2015.07.21 13:16:16.230,2.01847,2.01883,1.00,1.00
2015.07.21 13:16:16.384,2.01847,2.01885,1.00,1.00
2015.07.21 13:16:16.485,2.01847,2.01883,1.00,1.00
2015.07.21 13:16:16.637,2.01843,2.0188,1.00,1.00
2015.07.21 13:16:16.788,2.0184,2.01879,1.00,1.00
2015.07.21 13:16:16.889,2.01844,2.0188,1.00,1.00
2015.07.21 13:16:16.940,2.01844,2.01883,1.50,1.00
2015.07.21 13:16:17.092,2.01844,2.01882,1.87,1.00
2015.07.21 13:16:17.293,2.01849,2.01887,1.37,1.00
2015.07.21 13:16:17.834,2.01849,2.01886,1.00,1.00
2015.07.21 13:16:17.885,2.01849,2.01888,1.12,1.00
2015.07.21 13:16:18.188,2.01852,2.01888,1.37,1.00
2015.07.21 13:16:18.239,2.01854,2.01894,1.50,1.00
2015.07.21 13:16:18.291,2.01857,2.01897,1.00,1.50
2015.07.21 13:16:18.596,2.01863,2.01897,1.00,1.00
2015.07.21 13:16:18.899,2.01859,2.01896,1.50,1.00
2015.07.21 13:16:19.000,2.01861,2.01898,1.34,1.00
2015.07.21 13:16:19.101,2.01862,2.01896,1.00,1.00
2015.07.21 13:16:19.615,2.0186,2.01895,1.00,1.00
2015.07.21 13:16:19.767,2.0186,2.01897,1.00,1.00
2015.07.21 13:16:19.868,2.01863,2.019,1.00,1.00
2015.07.21 13:16:20.171,2.01866,2.01903,1.00,1.50
2015.07.21 13:16:20.556,2.01866,2.01899,1.00,1.00
2015.07.21 13:16:20.758,2.01866,2.01903,1.00,1.20
2015.07.21 13:16:21.529,2.01866,2.01901,1.00,1.00
2015.07.21 13:16:21.747,2.01866,2.01903,1.00,1.50
2015.07.21 13:16:22.255,2.01866,2.01902,1.00,1.00
2015.07.21 13:16:22.782,2.01869,2.01904,1.00,1.00
2015.07.21 13:16:23.085,2.01869,2.01902,1.00,1.00
2015.07.21 13:16:23.287,2.01869,2.01904,1.00,1.00
2015.07.21 13:16:23.561,2.01869,2.01902,1.00,1.00
2015.07.21 13:16:23.612,2.01869,2.01907,1.50,1.00
2015.07.21 13:16:23.663,2.01872,2.01909,1.00,1.00
2015.07.21 13:16:23.714,2.01872,2.01911,1.00,1.00
2015.07.21 13:16:23.765,2.01876,2.01911,1.00,1.00
2015.07.21 13:16:24.068,2.01874,2.01903,1.00,1.00
2015.07.21 13:16:24.119,2.01869,2.01903,1.00,1.00
2015.07.21 13:16:24.270,2.01869,2.01906,1.00,1.00
2015.07.21 13:16:24.835,2.01869,2.01909,1.00,1.00
2015.07.21 13:16:25.037,2.01869,2.01903,1.00,1.00
2015.07.21 13:16:25.289,2.01869,2.01907,1.00,1.00
2015.07.21 13:16:25.494,2.01869,2.01903,1.00,1.00
2015.07.21 13:16:25.796,2.01865,2.01899,1.00,1.00
2015.07.21 13:16:26.112,2.01867,2.01898,1.34,1.00
2015.07.21 13:16:26.163,2.01868,2.01907,1.84,1.95
2015.07.21 13:16:26.264,2.01875,2.01911,1.00,1.00
2015.07.21 13:16:26.536,2.01871,2.0191,1.00,1.00
2015.07.21 13:16:26.587,2.01871,2.01906,1.00,1.00
2015.07.21 13:16:26.889,2.01871,2.01902,1.00,1.00
2015.07.21 13:16:27.141,2.01871,2.0191,1.34,1.00
2015.07.21 13:16:27.446,2.01878,2.01911,1.00,1.00
2015.07.21 13:16:27.496,2.01878,2.01917,1.00,1.00
2015.07.21 13:16:27.547,2.01881,2.01917,1.34,1.00
2015.07.21 13:16:27.598,2.01882,2.01921,1.34,1.50
2015.07.21 13:16:27.804,2.01885,2.0192,1.00,1.00
2015.07.21 13:16:27.856,2.01885,2.01923,1.00,1.00
2015.07.21 13:16:27.958,2.01888,2.01923,1.00,1.00
2015.07.21 13:16:28.159,2.01888,2.01925,1.00,1.00
2015.07.21 13:16:28.711,2.01888,2.01924,1.00,1.00
2015.07.21 13:16:29.373,2.01891,2.01928,1.00,1.00
2015.07.21 13:16:29.474,2.01891,2.0193,1.00,1.00
2015.07.21 13:16:29.927,2.01891,2.01928,1.00,1.37
2015.07.21 13:16:30.179,2.01889,2.01925,1.00,1.00
2015.07.21 13:16:30.230,2.01889,2.01928,1.00,1.00
2015.07.21 13:16:30.432,2.01889,2.0193,1.00,1.00
2015.07.21 13:16:32.229,2.01889,2.01928,1.00,1.00
2015.07.21 13:16:33.725,2.01889,2.01929,1.00,1.00
2015.07.21 13:16:35.065,2.01889,2.01927,1.00,1.00
2015.07.21 13:16:36.261,2.01889,2.01929,1.00,1.00
2015.07.21 13:16:36.363,2.01883,2.01927,1.00,1.00
2015.07.21 13:16:36.414,2.0188,2.01925,1.00,1.00
2015.07.21 13:16:36.465,2.01883,2.01925,1.50,1.00
2015.07.21 13:16:36.515,2.01887,2.0193,1.00,1.50
2015.07.21 13:16:36.617,2.01894,2.01933,1.00,1.00
2015.07.21 13:16:36.667,2.01894,2.01935,1.00,1.00
2015.07.21 13:16:36.819,2.01892,2.01934,1.00,1.00
2015.07.21 13:16:37.053,2.01892,2.01932,1.00,1.00
2015.07.21 13:16:37.456,2.01892,2.01932,1.00,1.87
2015.07.21 13:16:37.982,2.01892,2.01931,1.00,1.00
2015.07.21 13:16:38.349,2.01892,2.01929,1.00,1.12
2015.07.21 13:16:39.655,2.01892,2.01927,1.00,1.00
2015.07.21 13:16:40.108,2.01888,2.01927,1.00,1.00
2015.07.21 13:16:40.209,2.01888,2.01931,1.50,1.00
2015.07.21 13:16:40.260,2.01888,2.01932,2.62,1.00
2015.07.21 13:16:40.361,2.01888,2.01932,1.50,1.00
2015.07.21 13:16:40.557,2.01888,2.01932,2.25,1.00
2015.07.21 13:16:40.809,2.01888,2.01932,3.34,1.50
2015.07.21 13:16:41.111,2.01898,2.01937,1.00,1.50
2015.07.21 13:16:41.313,2.01903,2.01939,1.00,1.00
2015.07.21 13:16:41.865,2.01903,2.01942,1.00,2.59
2015.07.21 13:16:43.210,2.01904,2.01941,1.00,1.00
2015.07.21 13:16:43.311,2.01898,2.01937,1.34,1.00
2015.07.21 13:16:43.888,2.01898,2.01937,1.34,1.87
2015.07.21 13:16:44.462,2.01898,2.01937,1.34,1.00
2015.07.21 13:16:44.967,2.01898,2.01936,1.34,1.12
2015.07.21 13:16:45.072,2.01898,2.01936,1.00,1.00
2015.07.21 13:16:45.173,2.01894,2.01935,1.00,1.37
2015.07.21 13:16:45.487,2.01894,2.01935,1.00,1.12
2015.07.21 13:16:46.033,2.01893,2.01935,1.50,1.00
2015.07.21 13:16:46.580,2.01893,2.01936,1.50,1.00
2015.07.21 13:16:46.832,2.01893,2.01934,1.50,1.00
2015.07.21 13:16:47.797,2.01893,2.01931,1.00,1.00
2015.07.21 13:16:48.338,2.01893,2.01932,1.00,1.00
2015.07.21 13:16:49.377,2.01889,2.0193,1.34,1.00
2015.07.21 13:16:49.800,2.01889,2.01927,1.34,1.00
2015.07.21 13:16:50.305,2.01887,2.01926,1.34,1.00
2015.07.21 13:16:51.309,2.01887,2.01926,1.34,1.37
2015.07.21 13:16:51.360,2.01887,2.01926,1.00,1.37
2015.07.21 13:16:51.410,2.01887,2.01926,1.00,1.37
2015.07.21 13:16:51.580,2.01884,2.01922,1.00,1.12
2015.07.21 13:16:51.731,2.01884,2.01924,1.00,1.37
2015.07.21 13:16:52.034,2.01888,2.01929,1.00,1.50
2015.07.21 13:16:52.085,2.01883,2.01929,1.50,1.50
2015.07.21 13:16:52.438,2.01889,2.01928,1.00,1.00
2015.07.21 13:16:53.096,2.01889,2.01927,1.00,1.00
2015.07.21 13:16:53.399,2.01884,2.01922,1.00,1.00
2015.07.21 13:16:53.966,2.0188,2.01921,1.00,1.00
2015.07.21 13:16:54.017,2.0188,2.01919,1.00,1.00
2015.07.21 13:16:54.118,2.01877,2.01919,1.00,1.12
2015.07.21 13:16:54.222,2.01877,2.01919,1.00,1.37
2015.07.21 13:16:54.726,2.01877,2.01918,1.00,1.00
2015.07.21 13:16:55.083,2.01877,2.01922,1.00,1.00
2015.07.21 13:16:55.134,2.01877,2.01922,1.37,1.00
2015.07.21 13:16:55.235,2.01877,2.01922,1.12,1.00
2015.07.21 13:16:55.437,2.01874,2.01916,1.00,1.00
2015.07.21 13:16:55.740,2.01865,2.01904,1.00,1.00
2015.07.21 13:16:56.082,2.01865,2.01902,1.00,1.00
2015.07.21 13:16:56.184,2.01865,2.01904,1.00,1.00
2015.07.21 13:16:56.438,2.01865,2.01901,1.00,1.00
2015.07.21 13:16:56.488,2.01862,2.01901,1.00,1.00
2015.07.21 13:16:56.640,2.01862,2.01899,1.00,1.00
2015.07.21 13:16:56.791,2.01859,2.01899,1.00,1.00
2015.07.21 13:16:56.842,2.01859,2.01897,1.00,1.00
2015.07.21 13:16:57.391,2.01859,2.01898,1.00,1.00
2015.07.21 13:16:57.643,2.01859,2.019,1.00,1.00
2015.07.21 13:16:58.147,2.01859,2.01899,1.00,1.00
2015.07.21 13:16:58.600,2.01859,2.01901,1.00,1.00
2015.07.21 13:16:58.802,2.01863,2.01901,1.00,1.00
2015.07.21 13:16:59.056,2.01863,2.01903,1.00,1.50
2015.07.21 13:16:59.308,2.01864,2.01903,1.37,1.00
2015.07.21 13:16:59.511,2.01864,2.01907,1.37,1.00
2015.07.21 13:16:59.562,2.01868,2.01907,1.00,1.00
2015.07.21 13:16:59.613,2.01871,2.01914,1.00,1.00
2015.07.21 13:16:59.664,2.01871,2.01916,1.00,1.00
2015.07.21 13:16:59.715,2.01874,2.01918,1.00,1.00
2015.07.21 13:17:00.017,2.01873,2.01906,1.00,1.00
2015.07.21 13:17:00.068,2.01868,2.01906,1.00,1.00
2015.07.21 13:17:00.371,2.01868,2.01904,1.00,1.00
2015.07.21 13:17:00.422,2.01864,2.01904,1.50,1.37
2015.07.21 13:17:00.714,2.01863,2.01901,1.00,1.00
2015.07.21 13:17:01.017,2.01861,2.01898,1.00,1.00
2015.07.21 13:17:01.118,2.01855,2.01898,1.50,1.00
2015.07.21 13:17:01.371,2.01855,2.01895,1.00,1.00
2015.07.21 13:17:01.573,2.01855,2.01897,1.00,1.00
2015.07.21 13:17:01.774,2.01855,2.01895,1.00,1.00
2015.07.21 13:17:02.077,2.01855,2.01892,1.00,1.00
2015.07.21 13:17:02.127,2.01855,2.01895,1.00,1.00
2015.07.21 13:17:02.581,2.01853,2.01891,1.00,1.00
2015.07.21 13:17:03.011,2.01853,2.01889,1.00,1.00
2015.07.21 13:17:03.215,2.01853,2.01893,1.00,1.00
2015.07.21 13:17:03.568,2.01853,2.0189,1.00,1.00
2015.07.21 13:17:04.072,2.01854,2.0189,1.00,1.00
2015.07.21 13:17:04.224,2.01854,2.01893,1.00,1.00
2015.07.21 13:17:04.527,2.01854,2.01889,1.00,1.00
2015.07.21 13:17:05.031,2.01854,2.01888,1.00,1.00
2015.07.21 13:17:05.082,2.01852,2.01888,1.00,1.00
2015.07.21 13:17:05.233,2.01852,2.01892,1.00,1.00
2015.07.21 13:17:05.547,2.01852,2.0189,1.00,1.00
2015.07.21 13:17:05.651,2.01853,2.01892,1.00,1.00
2015.07.21 13:17:06.158,2.01854,2.01893,1.00,1.00
2015.07.21 13:17:06.410,2.01854,2.0189,1.00,1.00
2015.07.21 13:17:06.605,2.01852,2.0189,1.00,1.00
2015.07.21 13:17:06.757,2.01852,2.01894,1.00,1.00
2015.07.21 13:17:06.807,2.01852,2.01894,1.34,1.00
2015.07.21 13:17:07.110,2.01852,2.0189,1.00,1.00
2015.07.21 13:17:07.211,2.01854,2.01893,1.00,1.00
2015.07.21 13:17:07.312,2.01854,2.01895,1.00,1.00
2015.07.21 13:17:07.413,2.01852,2.01895,1.00,1.00
2015.07.21 13:17:07.514,2.01852,2.01889,1.00,1.00
2015.07.21 13:17:07.714,2.01854,2.01893,1.00,1.00
2015.07.21 13:17:07.765,2.01854,2.01897,1.00,1.00
2015.07.21 13:17:07.916,2.01852,2.01897,1.50,1.00
2015.07.21 13:17:07.967,2.01852,2.01895,1.00,1.00
2015.07.21 13:17:08.420,2.01852,2.01892,1.00,1.00
2015.07.21 13:17:08.775,2.01849,2.01893,1.00,1.00
2015.07.21 13:17:08.826,2.01849,2.0189,1.00,1.00
2015.07.21 13:17:09.129,2.01849,2.01887,1.00,1.37
2015.07.21 13:17:09.381,2.01849,2.01888,1.00,1.00
2015.07.21 13:17:09.734,2.01849,2.01891,1.00,1.00
2015.07.21 13:17:10.045,2.01849,2.01888,1.00,1.00
2015.07.21 13:17:10.147,2.01849,2.0189,1.50,1.00
2015.07.21 13:17:10.500,2.01849,2.01887,1.00,1.00
2015.07.21 13:17:11.148,2.01849,2.0189,1.00,1.12
2015.07.21 13:17:11.350,2.01849,2.01887,1.00,1.00
2015.07.21 13:17:11.653,2.01849,2.01887,1.34,1.00
2015.07.21 13:17:11.703,2.01849,2.0189,1.34,1.00
2015.07.21 13:17:12.157,2.01849,2.01887,1.34,1.00
2015.07.21 13:17:12.281,2.01849,2.01889,1.34,1.00
2015.07.21 13:17:12.684,2.01849,2.01889,1.34,1.37
2015.07.21 13:17:12.785,2.01849,2.01889,1.34,1.12
2015.07.21 13:17:13.025,2.01849,2.01887,1.34,1.00
2015.07.21 13:17:13.277,2.01849,2.0189,1.34,1.00
2015.07.21 13:17:13.479,2.01849,2.01888,1.34,1.00
2015.07.21 13:17:13.703,2.01849,2.0189,1.34,1.00
2015.07.21 13:17:14.225,2.01849,2.01891,1.34,1.50
2015.07.21 13:17:14.477,2.01849,2.01889,1.34,1.00
2015.07.21 13:17:15.007,2.01849,2.01888,1.34,1.00
2015.07.21 13:17:16.497,2.01846,2.01888,1.34,1.37
2015.07.21 13:17:18.022,2.01846,2.01886,1.34,1.00
2015.07.21 13:17:18.547,2.01846,2.01885,1.34,1.00
2015.07.21 13:17:18.791,2.01846,2.01889,1.84,1.00
2015.07.21 13:17:18.899,2.01846,2.01886,1.34,1.00
2015.07.21 13:17:19.000,2.01846,2.01886,1.00,1.50
2015.07.21 13:17:19.101,2.01842,2.01884,1.00,1.00
2015.07.21 13:17:19.202,2.01842,2.01881,1.00,1.00
2015.07.21 13:17:19.303,2.01842,2.01883,1.00,1.00
2015.07.21 13:17:19.665,2.01842,2.01879,1.00,1.00
2015.07.21 13:17:19.766,2.01839,2.01879,1.00,1.00
2015.07.21 13:17:19.867,2.01839,2.01882,1.00,1.00
2015.07.21 13:17:19.918,2.01836,2.01882,1.50,1.00
2015.07.21 13:17:19.969,2.01836,2.01879,1.00,1.00
2015.07.21 13:17:20.272,2.01836,2.01877,1.00,1.00
2015.07.21 13:17:20.322,2.01836,2.0188,1.00,1.37
2015.07.21 13:17:20.625,2.01836,2.01876,1.00,1.00
2015.07.21 13:17:20.773,2.01836,2.01878,1.00,1.00
2015.07.21 13:17:20.874,2.01836,2.0188,1.00,1.00
2015.07.21 13:17:21.094,2.01836,2.01878,1.00,1.00
2015.07.21 13:17:21.409,2.01836,2.01876,1.00,1.00
2015.07.21 13:17:21.561,2.01836,2.01878,1.00,1.00
2015.07.21 13:17:21.950,2.01836,2.0188,1.00,1.00
2015.07.21 13:17:22.051,2.01836,2.01878,1.00,1.00
2015.07.21 13:17:22.354,2.01836,2.01879,1.00,1.37
2015.07.21 13:17:22.405,2.01836,2.01879,1.00,1.00
2015.07.21 13:17:22.607,2.01836,2.01876,1.00,1.00
2015.07.21 13:17:23.111,2.01836,2.01875,1.00,1.12
2015.07.21 13:17:23.413,2.01836,2.01878,1.00,1.00
2015.07.21 13:17:23.627,2.01836,2.01875,1.00,1.00
2015.07.21 13:17:23.829,2.01836,2.01879,1.00,1.00
2015.07.21 13:17:23.980,2.01836,2.01879,1.00,1.37
2015.07.21 13:17:24.286,2.01836,2.01874,1.00,1.00
2015.07.21 13:17:24.588,2.01834,2.01876,1.00,1.00
2015.07.21 13:17:24.689,2.01834,2.01874,1.00,1.00
2015.07.21 13:17:25.194,2.01833,2.01873,1.50,1.12
2015.07.21 13:17:25.829,2.01833,2.0187,1.00,1.00
2015.07.21 13:17:25.930,2.01828,2.0187,1.34,1.00
2015.07.21 13:17:26.182,2.01828,2.01869,1.00,1.00
2015.07.21 13:17:26.686,2.01828,2.01868,1.50,1.00
2015.07.21 13:17:27.032,2.01828,2.01866,1.00,1.00
2015.07.21 13:17:27.560,2.01828,2.01867,1.00,1.00
2015.07.21 13:17:28.567,2.01828,2.0187,1.00,1.00
2015.07.21 13:17:28.819,2.01833,2.01871,1.00,1.00
2015.07.21 13:17:29.033,2.01829,2.01871,1.00,1.00
2015.07.21 13:17:29.134,2.01828,2.01868,1.50,1.00
2015.07.21 13:17:30.446,2.01832,2.01875,1.50,1.00
2015.07.21 13:17:30.598,2.01832,2.01871,1.50,1.00
2015.07.21 13:17:31.133,2.01832,2.01876,1.00,1.20
2015.07.21 13:17:31.404,2.01837,2.01876,1.00,1.00
2015.07.21 13:17:31.908,2.01838,2.01882,1.09,1.00
2015.07.21 13:17:32.059,2.0185,2.01883,1.84,1.00
2015.07.21 13:17:32.295,2.01856,2.01883,1.00,1.00
2015.07.21 13:17:32.397,2.01844,2.01882,1.00,1.00
2015.07.21 13:17:32.498,2.01846,2.01881,1.00,1.00
2015.07.21 13:17:32.801,2.01847,2.01882,1.34,1.00
2015.07.21 13:17:32.902,2.01845,2.01887,1.34,1.50
2015.07.21 13:17:33.054,2.01845,2.01885,1.00,1.00
2015.07.21 13:17:33.105,2.01841,2.01885,1.00,1.50
2015.07.21 13:17:33.156,2.01841,2.01881,1.00,1.00
2015.07.21 13:17:33.207,2.01838,2.01881,2.25,1.00
2015.07.21 13:17:33.308,2.01838,2.01878,1.50,1.00
2015.07.21 13:17:33.813,2.01838,2.01877,1.00,1.00
2015.07.21 13:17:34.317,2.01834,2.01879,2.59,1.00
2015.07.21 13:17:34.367,2.01839,2.01881,1.34,1.50
2015.07.21 13:17:34.519,2.01843,2.01881,1.00,1.00
2015.07.21 13:17:34.664,2.01843,2.01886,1.12,1.00
2015.07.21 13:17:36.522,2.01843,2.01882,1.00,1.00
2015.07.21 13:17:37.224,2.01842,2.01882,1.00,1.00
2015.07.21 13:17:37.402,2.01842,2.01886,1.00,2.25
2015.07.21 13:17:37.927,2.01841,2.01886,1.50,2.25
2015.07.21 13:17:38.028,2.01843,2.01885,1.00,1.00
2015.07.21 13:17:38.213,2.01841,2.01886,1.50,2.25
2015.07.21 13:17:38.720,2.01842,2.01882,1.00,1.00
2015.07.21 13:17:39.254,2.01841,2.01881,1.00,1.00
2015.07.21 13:17:39.305,2.01839,2.01881,1.00,1.50
2015.07.21 13:17:39.355,2.01835,2.01876,1.00,1.00
2015.07.21 13:17:39.658,2.01835,2.01872,1.00,1.00
2015.07.21 13:17:40.199,2.01833,2.01872,1.00,1.00
2015.07.21 13:17:40.727,2.01832,2.01872,1.00,1.00
2015.07.21 13:17:41.140,2.01834,2.01873,1.00,1.00
2015.07.21 13:17:41.632,2.01836,2.01879,1.50,1.00
2015.07.21 13:17:41.733,2.01836,2.01881,1.50,1.00
2015.07.21 13:17:41.882,2.01836,2.01879,1.00,1.00
2015.07.21 13:17:42.184,2.01835,2.01877,1.00,1.00
2015.07.21 13:17:43.067,2.01833,2.01873,1.09,1.00
2015.07.21 13:17:43.616,2.01833,2.01872,1.09,1.00
2015.07.21 13:17:44.307,2.01834,2.01876,1.00,1.50
2015.07.21 13:17:45.291,2.01834,2.01873,1.00,1.00
2015.07.21 13:17:45.392,2.01833,2.01876,1.09,1.00
2015.07.21 13:17:47.295,2.01834,2.01876,1.00,1.50
2015.07.21 13:17:48.045,2.01833,2.01876,1.84,1.00
2015.07.21 13:17:48.595,2.01832,2.01876,1.84,1.37
2015.07.21 13:17:48.898,2.01826,2.01868,1.00,1.00
2015.07.21 13:17:49.103,2.01826,2.01865,1.00,1.00
2015.07.21 13:17:50.764,2.01826,2.01863,1.00,1.00
2015.07.21 13:17:51.166,2.01829,2.01863,1.00,1.00
2015.07.21 13:17:51.216,2.01829,2.01865,1.00,1.00
2015.07.21 13:17:53.327,2.01828,2.01865,1.00,1.00
2015.07.21 13:17:53.577,2.01826,2.01864,1.00,1.00
2015.07.21 13:17:53.632,2.01824,2.01861,1.00,1.00
2015.07.21 13:17:53.733,2.01824,2.01864,1.00,1.00
2015.07.21 13:17:53.985,2.01823,2.01856,1.00,1.00
2015.07.21 13:17:54.136,2.01818,2.01855,1.00,1.00
2015.07.21 13:17:54.187,2.01819,2.0186,1.00,1.00
2015.07.21 13:17:54.238,2.01822,2.0186,1.00,1.00
2015.07.21 13:17:54.389,2.01819,2.01859,1.00,1.00
2015.07.21 13:17:54.537,2.01814,2.01853,1.50,1.00
2015.07.21 13:17:54.638,2.01814,2.01856,1.50,1.00
2015.07.21 13:17:54.941,2.01814,2.01853,1.00,1.00
2015.07.21 13:17:55.293,2.01811,2.01857,1.34,1.00
2015.07.21 13:17:55.344,2.01816,2.01857,1.00,1.00
2015.07.21 13:17:55.511,2.01816,2.0186,1.00,1.00
2015.07.21 13:17:56.015,2.01817,2.01861,1.00,1.00
2015.07.21 13:17:56.066,2.01816,2.01856,1.00,1.00
2015.07.21 13:17:56.117,2.01813,2.01856,1.00,1.00
2015.07.21 13:17:56.167,2.01812,2.01852,1.00,1.00
2015.07.21 13:17:56.268,2.01812,2.01855,1.00,1.00
2015.07.21 13:17:56.572,2.01812,2.01851,1.00,1.00
2015.07.21 13:17:56.623,2.01812,2.01853,1.00,1.00
2015.07.21 13:17:56.724,2.01812,2.01857,1.50,1.00
2015.07.21 13:17:56.875,2.01817,2.01857,1.00,1.00
2015.07.21 13:17:57.177,2.01812,2.01853,1.00,1.00
2015.07.21 13:17:57.278,2.01812,2.01857,1.50,1.00
2015.07.21 13:17:57.481,2.01812,2.01854,1.00,1.00
2015.07.21 13:17:57.784,2.01808,2.01845,1.00,1.00
2015.07.21 13:17:58.087,2.01804,2.01843,1.00,1.00
2015.07.21 13:17:58.239,2.01804,2.01847,1.00,1.00
2015.07.21 13:17:58.745,2.01805,2.01848,1.00,1.00
2015.07.21 13:17:58.795,2.01805,2.01848,1.34,1.00
2015.07.21 13:17:58.999,2.01809,2.01855,1.09,1.50
2015.07.21 13:17:59.050,2.01808,2.01851,1.34,1.00
2015.07.21 13:17:59.353,2.01808,2.01853,1.34,1.00
2015.07.21 13:17:59.454,2.01808,2.0185,1.34,1.00
2015.07.21 13:17:59.776,2.01805,2.01839,1.00,1.00
2015.07.21 13:17:59.827,2.01802,2.01839,1.00,1.00
2015.07.21 13:17:59.928,2.018,2.01837,1.00,1.00
2015.07.21 13:18:00.433,2.01801,2.01838,1.00,1.00
2015.07.21 13:18:00.484,2.01801,2.0184,1.00,1.00
2015.07.21 13:18:00.585,2.01801,2.01838,1.00,1.00
2015.07.21 13:18:00.815,2.01799,2.01839,1.00,1.00
2015.07.21 13:18:00.916,2.01801,2.01844,1.00,1.00
2015.07.21 13:18:00.967,2.01803,2.01844,1.00,1.00
2015.07.21 13:18:01.270,2.01818,2.01857,1.34,1.00
2015.07.21 13:18:01.421,2.01817,2.01857,1.00,1.12
2015.07.21 13:18:01.472,2.01813,2.01852,1.00,1.00
2015.07.21 13:18:01.789,2.01808,2.01851,1.34,2.25
2015.07.21 13:18:01.840,2.01808,2.01851,1.00,1.00
2015.07.21 13:18:01.941,2.01805,2.01849,1.00,1.00
2015.07.21 13:18:02.447,2.01804,2.01847,1.37,1.00
2015.07.21 13:18:02.963,2.01804,2.01846,1.00,1.00
2015.07.21 13:18:03.270,2.0181,2.01851,1.00,1.00
2015.07.21 13:18:03.572,2.0181,2.01854,1.00,1.00
2015.07.21 13:18:03.625,2.01814,2.01851,1.00,1.00
2015.07.21 13:18:03.726,2.01811,2.01851,1.00,1.00
2015.07.21 13:18:03.777,2.01808,2.0185,1.50,1.00
2015.07.21 13:18:04.174,2.01808,2.0185,1.84,1.00
2015.07.21 13:18:04.325,2.01808,2.0185,1.50,1.00
2015.07.21 13:18:05.295,2.01815,2.0185,1.84,1.00
2015.07.21 13:18:05.396,2.01824,2.01856,1.09,1.00
2015.07.21 13:18:05.497,2.01831,2.01862,1.00,1.00
2015.07.21 13:18:05.548,2.01831,2.01867,1.34,1.00
2015.07.21 13:18:05.649,2.01831,2.01871,1.34,1.00
2015.07.21 13:18:05.851,2.01836,2.01871,1.00,1.00
2015.07.21 13:18:05.901,2.01836,2.01877,1.00,1.00
2015.07.21 13:18:06.154,2.0184,2.01878,1.50,1.00
2015.07.21 13:18:06.205,2.0184,2.01881,1.50,1.00
2015.07.21 13:18:06.305,2.01843,2.01882,1.00,1.00
2015.07.21 13:18:06.407,2.0184,2.01882,1.50,1.50
2015.07.21 13:18:06.609,2.01838,2.01879,1.00,1.00
2015.07.21 13:18:08.933,2.01838,2.0188,1.00,1.00
2015.07.21 13:18:09.034,2.01839,2.01882,1.00,2.25
2015.07.21 13:18:09.135,2.01838,2.01878,1.00,1.00
2015.07.21 13:18:09.336,2.01834,2.01876,1.00,1.00
2015.07.21 13:18:10.124,2.01834,2.01877,1.00,1.00
2015.07.21 13:18:10.176,2.01834,2.01879,1.00,1.00
2015.07.21 13:18:10.277,2.01838,2.01875,1.00,1.00
2015.07.21 13:18:10.580,2.01835,2.01872,1.00,1.00
2015.07.21 13:18:10.943,2.01831,2.01868,1.00,1.00
2015.07.21 13:18:11.658,2.01841,2.01873,1.00,1.00
2015.07.21 13:18:11.709,2.01841,2.01875,1.00,1.00
2015.07.21 13:18:11.840,2.01841,2.01877,1.00,1.00
2015.07.21 13:18:12.043,2.0184,2.01879,1.00,1.50
2015.07.21 13:18:12.563,2.0184,2.01878,1.00,1.00
2015.07.21 13:18:13.064,2.0184,2.01879,1.00,1.00
2015.07.21 13:18:15.726,2.01846,2.01879,1.00,1.00
2015.07.21 13:18:15.840,2.01849,2.01884,1.00,1.00
2015.07.21 13:18:15.891,2.01849,2.01886,1.00,1.00
2015.07.21 13:18:15.942,2.01851,2.0189,1.00,1.00
2015.07.21 13:18:15.992,2.01853,2.0189,1.00,1.00
2015.07.21 13:18:16.094,2.01857,2.01897,1.00,1.50
2015.07.21 13:18:16.640,2.01858,2.01897,1.00,1.50
2015.07.21 13:18:17.143,2.01857,2.01897,1.00,2.25
2015.07.21 13:18:22.122,2.01863,2.01897,1.00,1.00
2015.07.21 13:18:22.173,2.01864,2.019,1.00,1.12
2015.07.21 13:18:22.478,2.01864,2.01902,1.50,1.00
2015.07.21 13:18:25.704,2.01864,2.01902,1.00,1.37
2015.07.21 13:18:25.864,2.01864,2.01902,1.00,1.87
2015.07.21 13:18:25.974,2.01864,2.019,1.00,1.37
2015.07.21 13:18:26.125,2.01862,2.01899,1.00,1.12
2015.07.21 13:18:26.667,2.01862,2.01898,1.00,1.00
2015.07.21 13:18:27.169,2.01862,2.01899,1.00,1.50
2015.07.21 13:18:28.076,2.01872,2.01899,1.84,1.00
2015.07.21 13:18:28.177,2.01873,2.01901,1.34,1.00
2015.07.21 13:18:28.278,2.0188,2.01917,1.34,1.00
2015.07.21 13:18:28.456,2.01884,2.0192,1.34,1.00
2015.07.21 13:18:29.532,2.0188,2.01917,1.84,1.00
2015.07.21 13:18:29.985,2.01883,2.0192,1.34,1.00
2015.07.21 13:18:30.086,2.0188,2.01917,2.25,1.00
2015.07.21 13:18:31.036,2.0188,2.0192,1.00,1.00
2015.07.21 13:18:31.138,2.01883,2.01922,1.00,1.00
2015.07.21 13:18:31.611,2.01883,2.01917,1.00,1.00
2015.07.21 13:18:33.684,2.01886,2.01917,1.00,1.00
2015.07.21 13:18:35.342,2.01886,2.01916,1.00,1.00
2015.07.21 13:18:35.710,2.01886,2.01922,1.00,1.00
2015.07.21 13:18:36.594,2.01886,2.01921,1.00,1.00
2015.07.21 13:18:40.122,2.01886,2.01924,1.00,1.00
2015.07.21 13:18:40.634,2.01886,2.01925,1.00,1.00
2015.07.21 13:18:41.108,2.01888,2.01926,1.00,1.00
2015.07.21 13:18:42.602,2.01886,2.01926,1.00,1.00
2015.07.21 13:18:42.836,2.01888,2.01926,1.00,1.00
2015.07.21 13:18:42.887,2.01891,2.0193,1.00,1.00
2015.07.21 13:18:43.392,2.01891,2.01929,1.00,1.00
2015.07.21 13:18:43.897,2.01891,2.0193,1.00,1.50
2015.07.21 13:18:44.049,2.01891,2.01927,1.00,1.00
2015.07.21 13:18:44.301,2.01891,2.01929,1.00,1.00
2015.07.21 13:18:44.503,2.01891,2.01926,1.00,1.00
2015.07.21 13:18:44.806,2.01891,2.01928,1.00,1.00
2015.07.21 13:18:44.907,2.01891,2.0193,1.00,1.00
2015.07.21 13:18:45.089,2.01898,2.01937,1.00,1.50
2015.07.21 13:18:45.391,2.01904,2.01942,1.00,1.00
2015.07.21 13:18:45.920,2.01899,2.01939,1.00,1.00
2015.07.21 13:18:46.161,2.01901,2.01937,1.00,1.00
2015.07.21 13:18:46.372,2.01901,2.0194,1.00,1.00
2015.07.21 13:18:46.524,2.01901,2.0194,1.00,1.87
2015.07.21 13:18:46.826,2.01897,2.01937,1.00,1.00
2015.07.21 13:18:47.377,2.01897,2.01936,1.00,1.00
2015.07.21 13:18:47.878,2.01897,2.01935,1.00,1.00
2015.07.21 13:18:48.381,2.01893,2.01933,1.00,1.00
2015.07.21 13:18:48.632,2.01893,2.0193,1.00,1.00
2015.07.21 13:18:48.682,2.0189,2.01929,1.00,1.00
2015.07.21 13:18:48.733,2.0189,2.01925,1.00,1.00
2015.07.21 13:18:48.784,2.01887,2.01925,1.00,1.00
2015.07.21 13:18:48.985,2.01887,2.01923,1.00,1.00
2015.07.21 13:18:49.237,2.01884,2.01923,1.00,1.50
2015.07.21 13:18:50.292,2.01885,2.01923,1.84,1.50
2015.07.21 13:18:50.444,2.01893,2.01932,1.34,1.50
2015.07.21 13:18:50.545,2.01893,2.01935,1.34,1.00
2015.07.21 13:18:50.595,2.01893,2.01932,1.34,1.00
2015.07.21 13:18:50.938,2.01885,2.01927,2.59,1.00
2015.07.21 13:18:51.244,2.01885,2.01925,2.59,1.00
2015.07.21 13:18:51.446,2.01885,2.01925,1.00,1.00
2015.07.21 13:18:53.152,2.01885,2.01927,1.00,1.00
2015.07.21 13:18:54.881,2.01885,2.01926,1.00,1.00
2015.07.21 13:18:55.709,2.01885,2.01928,1.00,1.00
2015.07.21 13:18:56.715,2.01885,2.01926,1.00,1.00
2015.07.21 13:18:57.022,2.01885,2.01924,1.00,1.00
2015.07.21 13:18:57.569,2.01881,2.01926,1.84,1.00
2015.07.21 13:18:58.772,2.01887,2.01931,1.00,1.50
2015.07.21 13:18:58.873,2.01892,2.01932,1.00,1.00
2015.07.21 13:18:58.924,2.01892,2.01935,1.00,1.00
2015.07.21 13:18:58.975,2.01894,2.01937,1.00,1.00
2015.07.21 13:18:59.277,2.01896,2.01937,1.00,1.00
2015.07.21 13:18:59.328,2.01896,2.0194,1.00,1.00
2015.07.21 13:19:00.535,2.01896,2.01937,1.00,1.00
2015.07.21 13:19:00.807,2.01896,2.0194,1.00,1.00
2015.07.21 13:19:00.858,2.01898,2.01941,1.00,1.00
2015.07.21 13:19:01.161,2.01904,2.01946,1.00,1.00
2015.07.21 13:19:01.464,2.01905,2.01942,1.00,1.00
2015.07.21 13:19:01.565,2.01905,2.01946,1.00,1.12
2015.07.21 13:19:02.132,2.01905,2.01947,1.50,1.00
2015.07.21 13:19:02.487,2.01905,2.01945,1.00,1.37
2015.07.21 13:19:02.589,2.01905,2.01946,1.00,1.00
2015.07.21 13:19:02.987,2.019,2.01946,1.50,1.00
2015.07.21 13:19:03.088,2.019,2.01946,1.50,1.37
2015.07.21 13:19:03.190,2.01901,2.01946,1.00,1.00
2015.07.21 13:19:03.292,2.019,2.01943,1.50,1.00
2015.07.21 13:19:03.494,2.01902,2.01947,1.00,2.25
2015.07.21 13:19:03.954,2.019,2.01944,1.00,1.00
2015.07.21 13:19:04.233,2.01901,2.01947,1.00,2.25
2015.07.21 13:19:04.284,2.01904,2.01947,1.00,1.50
2015.07.21 13:19:04.798,2.01904,2.01943,1.00,1.00
2015.07.21 13:19:05.050,2.01904,2.01947,1.00,1.50
2015.07.21 13:19:05.355,2.01904,2.01943,1.00,1.00
2015.07.21 13:19:05.556,2.01904,2.01947,1.00,1.50
2015.07.21 13:19:05.772,2.01904,2.01942,1.00,1.00
2015.07.21 13:19:06.024,2.01904,2.01947,1.00,1.87
2015.07.21 13:19:06.125,2.01904,2.01947,1.00,1.87
2015.07.21 13:19:06.570,2.01904,2.01947,1.00,1.50
2015.07.21 13:19:06.761,2.01904,2.01943,1.00,1.00
2015.07.21 13:19:07.114,2.01904,2.01947,1.00,1.50
2015.07.21 13:19:08.319,2.01904,2.01942,1.00,1.00
2015.07.21 13:19:08.523,2.01904,2.01946,1.00,1.00
2015.07.21 13:19:08.741,2.01904,2.01942,1.00,1.00
2015.07.21 13:19:08.792,2.019,2.01942,1.00,1.00
2015.07.21 13:19:09.171,2.01901,2.01945,1.00,1.00
2015.07.21 13:19:09.324,2.019,2.01941,1.00,1.00
2015.07.21 13:19:09.550,2.019,2.01946,1.50,1.00
2015.07.21 13:19:09.752,2.019,2.01942,1.00,1.00
2015.07.21 13:19:10.094,2.01901,2.01945,1.00,1.00
2015.07.21 13:19:10.327,2.019,2.01941,1.00,1.00
2015.07.21 13:19:10.530,2.019,2.01946,1.50,1.00
2015.07.21 13:19:10.833,2.019,2.01941,1.00,1.00
2015.07.21 13:19:11.059,2.019,2.01946,1.00,1.00
2015.07.21 13:19:11.331,2.019,2.01941,1.37,1.00
2015.07.21 13:19:11.829,2.01897,2.01942,1.00,1.00
2015.07.21 13:19:12.135,2.01897,2.01943,1.50,1.37
2015.07.21 13:19:12.337,2.01897,2.01943,1.50,1.37
2015.07.21 13:19:12.438,2.01897,2.01943,1.50,1.12
2015.07.21 13:19:12.609,2.01897,2.01943,1.87,1.00
2015.07.21 13:19:12.838,2.01897,2.01943,1.50,1.00
2015.07.21 13:19:14.947,2.01897,2.01936,1.00,1.00
2015.07.21 13:19:15.099,2.01894,2.01936,1.00,1.00
2015.07.21 13:19:15.630,2.01894,2.01939,1.50,1.50
2015.07.21 13:19:15.905,2.01894,2.01936,1.00,1.00
2015.07.21 13:19:16.161,2.01894,2.01938,1.00,1.00
2015.07.21 13:19:16.363,2.01894,2.01934,1.00,1.00
2015.07.21 13:19:16.869,2.01894,2.01935,1.00,1.12
2015.07.21 13:19:17.374,2.01893,2.01936,1.00,1.00
2015.07.21 13:19:19.633,2.01895,2.01936,1.00,1.00
2015.07.21 13:19:19.779,2.01898,2.01941,1.00,1.00
2015.07.21 13:19:20.286,2.01899,2.01941,1.00,1.00
2015.07.21 13:19:20.739,2.01899,2.01943,1.00,1.00
2015.07.21 13:19:21.241,2.01898,2.01943,1.00,1.87
2015.07.21 13:19:21.644,2.01898,2.01939,1.00,1.00
2015.07.21 13:19:21.745,2.01899,2.01943,1.00,1.50
2015.07.21 13:19:22.421,2.01898,2.01942,1.50,1.00
2015.07.21 13:19:22.950,2.01898,2.0194,1.00,1.00
2015.07.21 13:19:23.152,2.01898,2.01942,1.00,1.00
2015.07.21 13:19:24.407,2.019,2.01943,1.50,1.00
2015.07.21 13:19:24.756,2.01908,2.0195,1.00,1.00
2015.07.21 13:19:25.096,2.01908,2.01949,1.00,1.37
2015.07.21 13:19:25.247,2.01908,2.01952,1.50,1.50
2015.07.21 13:19:25.449,2.01908,2.01952,1.50,1.87
2015.07.21 13:19:25.990,2.01908,2.01951,1.50,1.00
2015.07.21 13:19:26.041,2.01908,2.01949,1.50,1.00
2015.07.21 13:19:26.193,2.01913,2.01955,1.00,1.00
2015.07.21 13:19:26.294,2.01913,2.01958,1.84,1.50
2015.07.21 13:19:26.344,2.01916,2.01958,1.00,1.00
2015.07.21 13:19:26.452,2.01913,2.01958,1.09,1.50
2015.07.21 13:19:26.704,2.01916,2.01958,1.00,1.00
2015.07.21 13:19:26.922,2.01912,2.01956,1.34,1.00
2015.07.21 13:19:27.023,2.01914,2.01958,1.00,1.00
2015.07.21 13:19:27.550,2.01913,2.01957,1.09,1.00
2015.07.21 13:19:27.708,2.01912,2.01955,1.34,1.00
2015.07.21 13:19:28.362,2.01912,2.01956,1.34,1.00
2015.07.21 13:19:29.215,2.01912,2.01958,1.84,1.50
2015.07.21 13:19:29.682,2.01916,2.01958,1.00,1.00
2015.07.21 13:19:30.638,2.01921,2.01962,1.00,1.00
2015.07.21 13:19:30.689,2.01921,2.01966,1.00,1.50
2015.07.21 13:19:30.741,2.01923,2.01966,1.00,1.00
2015.07.21 13:19:31.282,2.01923,2.01967,1.00,1.00
2015.07.21 13:19:31.333,2.01923,2.01969,1.50,1.00
2015.07.21 13:19:31.434,2.01925,2.01971,1.00,1.00
2015.07.21 13:19:31.781,2.01927,2.01967,1.00,1.00
2015.07.21 13:19:31.982,2.01925,2.01967,1.00,1.00
2015.07.21 13:19:32.775,2.01925,2.01967,1.50,1.37
2015.07.21 13:19:33.275,2.01926,2.01967,1.00,1.00
2015.07.21 13:19:33.326,2.01926,2.01971,1.00,1.50
2015.07.21 13:19:33.528,2.01925,2.01968,1.00,1.00
2015.07.21 13:19:33.742,2.01925,2.01972,1.50,2.25
2015.07.21 13:19:34.371,2.01925,2.01971,1.00,1.00
2015.07.21 13:19:34.730,2.01928,2.01972,1.00,1.50
2015.07.21 13:19:35.031,2.01925,2.01972,1.84,2.25
2015.07.21 13:19:35.659,2.01926,2.01971,1.09,1.00
2015.07.21 13:19:36.184,2.01925,2.01967,1.84,1.00
2015.07.21 13:19:36.305,2.01928,2.01972,1.00,1.50
2015.07.21 13:19:36.356,2.01926,2.01972,1.09,1.50
2015.07.21 13:19:36.509,2.01925,2.01967,1.34,1.00
2015.07.21 13:19:36.711,2.01924,2.01968,1.00,1.00
2015.07.21 13:19:36.813,2.01923,2.01966,1.00,1.00
2015.07.21 13:19:37.116,2.01922,2.01961,1.00,1.00
2015.07.21 13:19:37.437,2.01919,2.01957,1.00,1.00
2015.07.21 13:19:37.639,2.01918,2.01961,1.00,1.00
2015.07.21 13:19:38.143,2.01918,2.01962,1.00,1.00
2015.07.21 13:19:38.312,2.01915,2.01961,1.00,1.87
2015.07.21 13:19:38.615,2.01915,2.01957,1.00,1.00
2015.07.21 13:19:38.918,2.01913,2.01957,1.50,1.87
2015.07.21 13:19:39.467,2.01914,2.01957,1.00,1.50
2015.07.21 13:19:40.690,2.01914,2.01956,1.00,1.00
2015.07.21 13:19:41.203,2.01914,2.01957,1.00,1.50
2015.07.21 13:19:42.324,2.01913,2.01955,1.00,1.37
2015.07.21 13:19:42.677,2.01908,2.01952,1.00,1.00
2015.07.21 13:19:42.727,2.01908,2.01952,1.00,1.37
2015.07.21 13:19:43.030,2.01908,2.01952,1.00,1.37
2015.07.21 13:19:43.131,2.01908,2.01952,1.00,1.37
2015.07.21 13:19:43.235,2.01908,2.01952,1.00,1.37
2015.07.21 13:19:43.509,2.01908,2.01952,1.00,1.00
2015.07.21 13:19:43.729,2.01908,2.01952,1.00,1.37
2015.07.21 13:19:43.830,2.01908,2.01952,1.00,1.12
2015.07.21 13:19:45.064,2.01908,2.01951,1.00,1.00
2015.07.21 13:19:45.570,2.01908,2.01951,1.00,1.37
2015.07.21 13:19:46.144,2.01908,2.01947,1.00,1.00
2015.07.21 13:19:46.295,2.01908,2.01951,1.00,1.00
2015.07.21 13:19:47.048,2.01908,2.01948,1.00,1.00
2015.07.21 13:19:47.534,2.01906,2.01948,1.00,1.00
2015.07.21 13:19:47.585,2.01902,2.01948,1.00,1.00
2015.07.21 13:19:47.969,2.01902,2.01947,1.50,1.37
2015.07.21 13:19:48.070,2.01902,2.01948,1.50,1.00
2015.07.21 13:19:49.281,2.01902,2.01948,1.50,1.37
2015.07.21 13:19:49.332,2.01902,2.01949,1.50,2.25
2015.07.21 13:19:49.577,2.01902,2.01947,1.00,1.00
2015.07.21 13:19:50.240,2.01903,2.01948,1.00,1.00
2015.07.21 13:19:50.744,2.01902,2.01949,1.50,1.00
2015.07.21 13:19:51.353,2.01902,2.01947,1.00,1.00
2015.07.21 13:19:52.674,2.01902,2.01947,1.00,1.87
2015.07.21 13:19:52.977,2.019,2.01943,1.00,1.37
2015.07.21 13:19:53.485,2.01897,2.0194,1.00,1.37
2015.07.21 13:19:53.586,2.01894,2.01937,1.00,1.00
2015.07.21 13:19:54.122,2.01895,2.01937,1.00,1.00
2015.07.21 13:19:54.223,2.01896,2.01941,1.00,1.00
2015.07.21 13:19:54.657,2.01899,2.01944,1.00,1.50
2015.07.21 13:19:55.194,2.019,2.01945,1.00,2.25
2015.07.21 13:19:55.698,2.01902,2.01947,1.00,1.00
2015.07.21 13:19:56.496,2.01902,2.01947,1.50,1.87
2015.07.21 13:19:56.597,2.01902,2.01947,1.50,1.87
2015.07.21 13:19:56.699,2.01902,2.01947,1.50,1.87
2015.07.21 13:19:57.162,2.01898,2.01944,1.00,1.00
2015.07.21 13:19:57.263,2.01901,2.01944,1.00,1.00
2015.07.21 13:19:57.364,2.01901,2.01947,1.00,2.25
2015.07.21 13:19:57.943,2.01901,2.01947,1.00,1.87
2015.07.21 13:19:58.458,2.01901,2.01947,1.00,1.50
2015.07.21 13:19:58.793,2.01901,2.01942,1.00,1.50
2015.07.21 13:19:58.844,2.01898,2.01942,1.00,1.50
2015.07.21 13:19:58.894,2.01898,2.01941,1.00,1.37
2015.07.21 13:19:58.945,2.01896,2.01936,1.00,1.12
2015.07.21 13:19:59.047,2.01892,2.01936,1.00,1.37
2015.07.21 13:19:59.909,2.01892,2.01932,1.00,1.00
2015.07.21 13:20:00.111,2.01892,2.01935,1.00,1.00
2015.07.21 13:20:00.624,2.01892,2.01936,1.00,1.00
2015.07.21 13:20:01.129,2.01894,2.01939,2.25,1.00
2015.07.21 13:20:01.179,2.01896,2.01941,1.00,1.00
2015.07.21 13:20:01.527,2.01905,2.01943,1.00,1.00
2015.07.21 13:20:01.628,2.01911,2.0195,1.00,1.00
2015.07.21 13:20:01.779,2.01914,2.01953,1.00,1.00
2015.07.21 13:20:03.864,2.01915,2.01953,1.00,1.00
2015.07.21 13:20:04.777,2.01917,2.01953,1.00,1.00
2015.07.21 13:20:04.979,2.0192,2.0196,1.00,1.00
2015.07.21 13:20:06.713,2.01921,2.0196,1.00,1.00
2015.07.21 13:20:07.034,2.01923,2.01962,1.00,1.00
2015.07.21 13:20:09.132,2.01924,2.01962,1.00,1.00
2015.07.21 13:20:09.647,2.01923,2.01962,1.00,1.00
2015.07.21 13:20:10.700,2.01927,2.01962,1.00,1.00
2015.07.21 13:20:10.801,2.01928,2.01968,1.00,1.00
2015.07.21 13:20:11.259,2.01932,2.0197,1.00,1.00
2015.07.21 13:20:11.756,2.01935,2.01975,1.00,1.00
2015.07.21 13:20:12.375,2.01932,2.01971,1.00,1.00
2015.07.21 13:20:16.063,2.01934,2.01971,1.00,1.00
2015.07.21 13:20:16.422,2.01932,2.01971,1.50,1.00
2015.07.21 13:20:16.681,2.01935,2.01974,1.00,1.00
2015.07.21 13:20:18.635,2.01938,2.01977,1.00,1.00
2015.07.21 13:20:18.993,2.01935,2.01973,1.00,1.00
2015.07.21 13:20:20.289,2.01938,2.01978,1.50,1.00
2015.07.21 13:20:20.390,2.01942,2.01982,1.00,1.50
2015.07.21 13:20:20.895,2.01942,2.01982,1.00,1.87
2015.07.21 13:20:20.996,2.0194,2.01978,1.00,1.00
2015.07.21 13:20:22.706,2.01936,2.01975,1.00,1.00
2015.07.21 13:20:23.208,2.01935,2.01975,1.50,1.00
2015.07.21 13:20:24.059,2.01938,2.01978,1.00,1.00
2015.07.21 13:20:26.629,2.01938,2.01977,1.50,1.00
2015.07.21 13:20:27.152,2.01938,2.01978,1.00,1.00
2015.07.21 13:20:28.393,2.0194,2.01978,1.00,1.00
2015.07.21 13:20:28.703,2.01943,2.0198,1.00,1.00
2015.07.21 13:20:30.071,2.01944,2.0198,1.00,1.00
2015.07.21 13:20:30.122,2.01946,2.01986,1.00,1.00
2015.07.21 13:20:30.342,2.01946,2.01986,1.00,1.37
2015.07.21 13:20:30.493,2.01943,2.01983,1.50,1.37
2015.07.21 13:20:30.623,2.01943,2.01983,1.50,1.00
2015.07.21 13:20:30.673,2.01947,2.01986,1.00,1.00
2015.07.21 13:20:30.976,2.01955,2.01993,1.00,1.00
2015.07.21 13:20:33.140,2.01955,2.01992,1.00,1.00
2015.07.21 13:20:34.912,2.01955,2.01991,1.00,1.00
2015.07.21 13:20:35.114,2.01955,2.01993,1.00,1.00
2015.07.21 13:20:35.449,2.01955,2.01991,1.00,1.00
2015.07.21 13:20:35.752,2.01955,2.01982,1.00,1.00
2015.07.21 13:20:36.312,2.01955,2.01984,1.00,1.00
2015.07.21 13:20:36.566,2.01955,2.01982,1.00,1.00
2015.07.21 13:20:37.283,2.01953,2.01982,1.00,1.00
2015.07.21 13:20:37.823,2.01953,2.01983,1.00,1.00
2015.07.21 13:20:38.346,2.01953,2.01984,1.00,1.00
2015.07.21 13:20:38.397,2.01953,2.01982,1.00,1.00
2015.07.21 13:20:39.423,2.01953,2.01984,1.00,1.00
2015.07.21 13:20:39.524,2.01953,2.01982,1.00,1.00
2015.07.21 13:20:39.726,2.01953,2.01984,1.00,1.00
2015.07.21 13:20:40.177,2.01949,2.01979,1.00,1.00
2015.07.21 13:20:40.631,2.01946,2.01976,1.00,1.00
2015.07.21 13:20:40.732,2.01946,2.01981,1.00,1.00
2015.07.21 13:20:40.933,2.01946,2.01975,1.00,1.00
2015.07.21 13:20:41.236,2.01941,2.01969,1.00,1.00
2015.07.21 13:20:41.429,2.01937,2.01968,1.00,1.00
2015.07.21 13:20:43.018,2.01937,2.01969,1.00,1.00
2015.07.21 13:20:43.571,2.01937,2.0197,1.00,1.00
2015.07.21 13:20:44.104,2.01937,2.01969,1.00,1.00
2015.07.21 13:20:44.634,2.01937,2.0197,1.00,1.00
2015.07.21 13:20:45.153,2.01937,2.01969,1.00,1.00
2015.07.21 13:20:45.459,2.01937,2.01967,1.00,1.00
2015.07.21 13:20:45.561,2.01934,2.01969,1.00,1.00
2015.07.21 13:20:45.663,2.01934,2.01964,1.00,1.00
2015.07.21 13:20:46.210,2.01934,2.01967,1.00,1.00
2015.07.21 13:20:46.665,2.01934,2.01962,1.00,1.00
2015.07.21 13:20:46.716,2.0193,2.01962,1.00,1.00
2015.07.21 13:20:46.767,2.0193,2.0196,1.00,1.00
2015.07.21 13:20:47.080,2.01925,2.01959,1.00,1.00
2015.07.21 13:20:47.131,2.01925,2.01957,1.00,1.00
2015.07.21 13:20:47.675,2.01925,2.01956,1.00,1.00
2015.07.21 13:20:47.978,2.01923,2.01954,1.00,1.00
2015.07.21 13:20:48.884,2.01923,2.01953,1.00,1.00
2015.07.21 13:20:49.187,2.01919,2.01951,1.09,1.00
2015.07.21 13:20:51.636,2.01919,2.01949,1.00,1.00
2015.07.21 13:20:51.938,2.01919,2.01946,1.00,1.00
2015.07.21 13:20:52.131,2.01919,2.01948,1.00,1.00
2015.07.21 13:20:52.637,2.01919,2.01949,1.00,1.00
2015.07.21 13:20:52.839,2.01919,2.01947,1.00,1.00
2015.07.21 13:20:52.940,2.01919,2.01949,1.00,1.00
2015.07.21 13:20:53.370,2.01919,2.01952,1.00,1.00
2015.07.21 13:20:54.153,2.01919,2.01954,1.00,1.00
2015.07.21 13:20:54.691,2.01919,2.01953,1.00,1.00
2015.07.21 13:20:59.216,2.01919,2.01951,1.00,1.00
2015.07.21 13:20:59.762,2.01919,2.0195,1.00,1.00
2015.07.21 13:21:00.520,2.01919,2.01948,1.00,1.00
2015.07.21 13:21:00.621,2.01915,2.01948,1.00,1.00
2015.07.21 13:21:01.170,2.01915,2.01947,1.00,1.00
2015.07.21 13:21:01.714,2.01915,2.01951,1.00,1.00
2015.07.21 13:21:03.182,2.01915,2.01948,1.00,1.00
2015.07.21 13:21:03.729,2.01915,2.0195,1.00,1.00
2015.07.21 13:21:04.682,2.01915,2.01949,1.00,1.00
2015.07.21 13:21:05.819,2.01915,2.01948,1.00,1.00
2015.07.21 13:21:07.887,2.01915,2.01945,1.00,1.00
2015.07.21 13:21:08.554,2.01915,2.01943,1.00,1.00
2015.07.21 13:21:13.192,2.01915,2.01942,1.00,1.00
2015.07.21 13:21:17.467,2.01915,2.01944,1.00,1.00
2015.07.21 13:21:18.148,2.01915,2.01946,1.00,1.00
2015.07.21 13:21:18.652,2.01915,2.01945,1.00,1.00
2015.07.21 13:21:21.104,2.01915,2.01944,1.00,1.00
2015.07.21 13:21:21.659,2.01915,2.01947,1.00,1.00
2015.07.21 13:21:22.862,2.01915,2.01944,1.00,1.00
2015.07.21 13:21:23.641,2.01915,2.01946,1.00,1.00
2015.07.21 13:21:25.080,2.01915,2.01947,1.00,1.50
2015.07.21 13:21:25.584,2.0191,2.01946,1.00,1.00
2015.07.21 13:21:25.735,2.01906,2.0194,1.00,1.00
2015.07.21 13:21:27.225,2.01906,2.01942,1.00,1.00
2015.07.21 13:21:28.008,2.01906,2.01941,1.00,1.50
2015.07.21 13:21:28.442,2.01906,2.01944,1.00,1.50
2015.07.21 13:21:28.845,2.01911,2.01946,1.00,1.50
2015.07.21 13:21:29.450,2.01911,2.01947,1.00,1.00
2015.07.21 13:21:29.964,2.01911,2.01948,1.00,1.50
2015.07.21 13:21:31.624,2.01916,2.01951,1.00,1.00
2015.07.21 13:21:31.927,2.01909,2.01944,1.00,1.00
2015.07.21 13:21:33.191,2.01909,2.01946,1.00,1.00
2015.07.21 13:21:35.535,2.01909,2.01947,1.00,1.50
2015.07.21 13:21:36.160,2.01913,2.0195,1.00,1.00
2015.07.21 13:21:42.764,2.01916,2.01953,1.00,1.00
2015.07.21 13:21:43.757,2.01916,2.01951,1.00,1.00
2015.07.21 13:21:44.311,2.01916,2.01953,1.00,1.00
2015.07.21 13:21:45.498,2.01916,2.01951,1.00,1.00
2015.07.21 13:21:46.219,2.01913,2.01951,1.00,1.00
2015.07.21 13:21:46.770,2.01913,2.01952,1.00,1.00
2015.07.21 13:21:47.309,2.01913,2.01951,1.00,1.00
2015.07.21 13:21:47.857,2.01913,2.01952,1.00,1.50
2015.07.21 13:21:49.143,2.01913,2.01951,1.00,1.00
2015.07.21 13:21:49.699,2.01913,2.01952,1.00,1.50
2015.07.21 13:21:50.224,2.01913,2.01951,1.00,1.00
2015.07.21 13:21:53.457,2.01913,2.0195,1.00,1.00
2015.07.21 13:21:54.289,2.01913,2.01952,1.00,1.50
2015.07.21 13:21:54.730,2.01913,2.0195,1.00,1.00
2015.07.21 13:21:55.270,2.01913,2.01951,1.00,1.00
2015.07.21 13:21:56.162,2.01913,2.0195,1.00,1.00
2015.07.21 13:21:56.616,2.01913,2.01952,1.00,1.50
2015.07.21 13:21:57.125,2.01914,2.01952,1.00,1.50
2015.07.21 13:22:00.787,2.01917,2.01952,1.00,1.50
2015.07.21 13:22:00.955,2.01917,2.01956,1.50,1.50
2015.07.21 13:22:01.591,2.01918,2.01956,1.00,1.50
2015.07.21 13:22:03.387,2.01917,2.01956,1.50,1.50
2015.07.21 13:22:05.381,2.01921,2.01956,1.00,1.00
2015.07.21 13:22:05.432,2.01921,2.0196,1.00,1.00
2015.07.21 13:22:05.483,2.01924,2.01961,1.00,1.00
2015.07.21 13:22:05.806,2.01928,2.01957,1.00,1.00
2015.07.21 13:22:05.857,2.01928,2.01966,1.12,1.00
2015.07.21 13:22:05.958,2.01931,2.01967,1.00,1.00
2015.07.21 13:22:06.260,2.01934,2.01969,1.00,1.00
2015.07.21 13:22:06.563,2.01933,2.01967,1.00,1.00
2015.07.21 13:22:07.076,2.01933,2.01966,1.00,1.00
2015.07.21 13:22:07.616,2.01933,2.01967,1.12,1.00
2015.07.21 13:22:08.292,2.01933,2.01967,1.37,1.00
2015.07.21 13:22:08.720,2.01933,2.01969,1.00,1.00
2015.07.21 13:22:08.860,2.01933,2.01969,1.37,1.00
2015.07.21 13:22:09.000,2.01933,2.01969,1.12,1.00
2015.07.21 13:22:09.171,2.01933,2.01967,1.00,1.00
2015.07.21 13:22:11.027,2.01934,2.01967,1.00,1.00
2015.07.21 13:22:11.932,2.01934,2.01966,1.00,1.00
2015.07.21 13:22:13.160,2.01935,2.01966,1.00,1.00
2015.07.21 13:22:13.261,2.01934,2.01972,1.50,1.00
2015.07.21 13:22:17.609,2.01934,2.01973,1.50,1.00
2015.07.21 13:22:19.153,2.01935,2.01973,1.00,1.00
2015.07.21 13:22:19.864,2.01937,2.01973,1.00,1.00
2015.07.21 13:22:21.852,2.01938,2.01973,1.00,1.00
2015.07.21 13:22:24.462,2.01936,2.01973,1.00,1.00
2015.07.21 13:22:26.677,2.01937,2.01973,1.00,1.00
2015.07.21 13:22:28.392,2.01934,2.01972,1.00,1.00
2015.07.21 13:22:28.544,2.01934,2.01968,1.00,1.00
2015.07.21 13:22:28.695,2.01929,2.01966,1.00,1.50
2015.07.21 13:22:28.948,2.01924,2.01963,1.00,1.37
2015.07.21 13:22:29.449,2.01925,2.01963,1.00,1.00
2015.07.21 13:22:29.953,2.01925,2.01962,1.00,1.00
2015.07.21 13:22:30.472,2.01924,2.01961,1.50,1.00
2015.07.21 13:22:31.970,2.01924,2.0196,1.00,1.00
2015.07.21 13:22:33.676,2.01924,2.01962,1.00,1.50
2015.07.21 13:22:34.278,2.01924,2.01961,1.00,1.00
2015.07.21 13:22:34.965,2.01924,2.0196,1.00,1.00
2015.07.21 13:22:35.181,2.01924,2.01962,1.00,1.00
2015.07.21 13:22:35.231,2.01927,2.01963,1.00,1.00
2015.07.21 13:22:35.282,2.01928,2.01966,1.00,1.00
2015.07.21 13:22:35.333,2.01932,2.01967,1.00,1.50
2015.07.21 13:22:35.494,2.01928,2.01967,1.50,1.50
2015.07.21 13:22:35.696,2.01925,2.01962,1.00,1.00
2015.07.21 13:22:35.999,2.01925,2.01959,1.00,1.00
2015.07.21 13:22:36.236,2.01922,2.01959,1.00,1.00
2015.07.21 13:22:36.989,2.01922,2.01953,1.00,1.00
2015.07.21 13:22:37.090,2.01919,2.01953,1.00,1.00
2015.07.21 13:22:38.543,2.01919,2.0195,1.00,1.00
2015.07.21 13:22:39.091,2.01919,2.01953,1.00,1.00
2015.07.21 13:22:39.420,2.01919,2.0195,1.00,1.00
2015.07.21 13:22:39.950,2.01918,2.0195,1.00,1.00
2015.07.21 13:22:40.296,2.01918,2.01952,1.00,1.00
2015.07.21 13:22:41.158,2.01921,2.01959,1.84,1.00
2015.07.21 13:22:41.410,2.01932,2.01967,1.50,1.00
2015.07.21 13:22:41.511,2.01934,2.01968,1.00,1.00
2015.07.21 13:22:41.812,2.01932,2.01962,1.00,1.50
2015.07.21 13:22:41.914,2.01928,2.01962,1.00,1.50
2015.07.21 13:22:41.965,2.01921,2.01956,1.00,1.00
2015.07.21 13:22:42.817,2.01921,2.01957,1.00,1.00
2015.07.21 13:22:43.271,2.01921,2.01955,1.00,1.00
2015.07.21 13:22:44.122,2.01921,2.01956,1.00,1.50
2015.07.21 13:22:48.558,2.01921,2.01955,1.00,1.00
2015.07.21 13:22:49.510,2.01921,2.01957,1.00,1.00
2015.07.21 13:22:50.527,2.01921,2.01958,1.00,1.00
2015.07.21 13:22:56.329,2.01921,2.01956,1.00,1.00
2015.07.21 13:22:56.430,2.01916,2.01953,1.09,1.00
2015.07.21 13:22:56.677,2.01916,2.01948,1.09,1.00
2015.07.21 13:22:56.986,2.01911,2.01946,1.34,1.00
2015.07.21 13:22:57.288,2.01908,2.01944,2.59,1.00
2015.07.21 13:22:57.540,2.01908,2.01944,1.00,1.00
2015.07.21 13:22:58.000,2.0191,2.0195,1.00,1.50
2015.07.21 13:22:59.792,2.0191,2.01947,1.50,1.00
2015.07.21 13:23:05.311,2.0191,2.01948,1.00,1.00
2015.07.21 13:23:05.879,2.0191,2.01949,1.00,1.00
2015.07.21 13:23:06.314,2.0191,2.01947,1.00,1.00
2015.07.21 13:23:06.365,2.01905,2.01945,1.00,1.00
2015.07.21 13:23:06.668,2.01905,2.01945,1.00,1.87
2015.07.21 13:23:06.973,2.01903,2.0194,1.00,1.37
2015.07.21 13:23:07.226,2.01899,2.01936,1.09,1.00
2015.07.21 13:23:07.923,2.01896,2.01935,1.34,1.50
2015.07.21 13:23:08.025,2.01896,2.01935,1.00,1.50
2015.07.21 13:23:08.537,2.01896,2.01934,1.00,1.00
2015.07.21 13:23:09.089,2.01896,2.01934,1.00,1.37
2015.07.21 13:23:09.629,2.01896,2.01934,1.00,1.00
2015.07.21 13:23:09.741,2.01896,2.01934,1.00,1.37
2015.07.21 13:23:09.842,2.01896,2.01934,1.00,1.00
2015.07.21 13:23:10.559,2.01896,2.01935,1.00,1.87
2015.07.21 13:23:10.659,2.01896,2.01935,1.00,1.87
2015.07.21 13:23:10.760,2.01896,2.01935,1.00,1.87
2015.07.21 13:23:11.145,2.01896,2.01935,1.00,1.50
2015.07.21 13:23:11.297,2.01896,2.01927,1.00,1.00
2015.07.21 13:23:11.398,2.01896,2.01929,1.00,1.00
2015.07.21 13:23:12.534,2.01896,2.0193,1.00,1.00
2015.07.21 13:23:12.635,2.01896,2.01928,1.00,1.00
2015.07.21 13:23:12.937,2.0189,2.01928,1.00,1.00
2015.07.21 13:23:14.632,2.0189,2.01929,1.00,1.00
2015.07.21 13:23:14.830,2.01897,2.0193,1.00,1.00
2015.07.21 13:23:15.185,2.01901,2.01935,1.00,1.00
2015.07.21 13:23:15.620,2.01905,2.01937,1.00,1.00
2015.07.21 13:23:16.147,2.01912,2.01937,1.00,1.00
2015.07.21 13:23:16.197,2.01912,2.01942,1.00,1.50
2015.07.21 13:23:16.248,2.01916,2.01942,1.00,1.50
2015.07.21 13:23:16.299,2.01916,2.01945,1.00,1.00
2015.07.21 13:23:16.506,2.01912,2.01946,1.50,1.00
2015.07.21 13:23:16.607,2.01916,2.01947,1.00,1.00
2015.07.21 13:23:16.844,2.01916,2.01951,1.00,1.00
2015.07.21 13:23:16.945,2.01914,2.01951,1.00,1.12
2015.07.21 13:23:17.047,2.01917,2.01951,1.00,1.00
2015.07.21 13:23:17.553,2.01918,2.01952,1.00,1.00
2015.07.21 13:23:18.066,2.01917,2.01951,1.00,1.00
2015.07.21 13:23:18.742,2.01917,2.01952,1.00,1.50
2015.07.21 13:23:19.079,2.01924,2.01955,1.00,1.00
2015.07.21 13:23:19.130,2.01921,2.01955,1.00,1.00
2015.07.21 13:23:19.231,2.01923,2.01955,1.00,1.00
2015.07.21 13:23:19.332,2.01919,2.01955,1.00,1.00
2015.07.21 13:23:20.116,2.01918,2.01955,1.00,1.00
2015.07.21 13:23:20.620,2.01919,2.01955,1.00,1.00
2015.07.21 13:23:22.073,2.01921,2.01955,1.00,1.00
2015.07.21 13:23:22.448,2.01923,2.01955,1.00,1.00
2015.07.21 13:23:23.758,2.01921,2.01955,1.00,1.00
2015.07.21 13:23:23.859,2.01916,2.01955,1.50,1.00
2015.07.21 13:23:24.385,2.01916,2.01955,1.00,1.37
2015.07.21 13:23:24.929,2.01916,2.01955,1.00,1.00
2015.07.21 13:23:28.906,2.01917,2.01955,1.00,1.00
2015.07.21 13:23:30.209,2.01916,2.01955,1.50,1.00
2015.07.21 13:23:30.311,2.01916,2.01955,1.50,1.46
2015.07.21 13:23:30.613,2.01914,2.01945,1.00,1.00
2015.07.21 13:23:30.928,2.01918,2.01952,1.00,1.00
2015.07.21 13:23:30.979,2.01921,2.01952,1.00,1.00
2015.07.21 13:23:31.181,2.01921,2.01958,1.00,1.00
2015.07.21 13:23:31.231,2.01924,2.01958,1.00,1.00
2015.07.21 13:23:31.775,2.01925,2.01958,1.00,1.00
2015.07.21 13:23:32.298,2.01922,2.01958,1.00,1.00
2015.07.21 13:23:33.115,2.01924,2.01958,1.00,1.00
2015.07.21 13:23:33.216,2.01922,2.01958,1.00,1.00
2015.07.21 13:23:34.169,2.01923,2.01958,1.00,1.00
2015.07.21 13:23:34.320,2.01919,2.01958,1.00,1.00
2015.07.21 13:23:34.649,2.01926,2.01963,1.00,1.37
2015.07.21 13:23:34.951,2.01925,2.01956,1.00,1.00
2015.07.21 13:23:35.480,2.01924,2.01956,1.00,1.00
2015.07.21 13:23:37.409,2.01924,2.01957,1.00,1.00
2015.07.21 13:23:37.751,2.01926,2.01957,1.00,1.00
2015.07.21 13:23:37.852,2.01926,2.01962,1.00,1.00
2015.07.21 13:23:38.855,2.01926,2.01957,1.00,1.00
2015.07.21 13:23:39.156,2.01924,2.01957,1.00,1.00
2015.07.21 13:23:39.693,2.01924,2.01956,1.00,1.00
2015.07.21 13:23:39.869,2.01924,2.01961,1.00,1.00
2015.07.21 13:23:40.207,2.01923,2.01957,1.50,1.00
2015.07.21 13:23:40.512,2.01925,2.01957,1.00,1.00
2015.07.21 13:23:40.743,2.01925,2.01962,1.00,1.00
2015.07.21 13:23:41.080,2.01924,2.01957,1.00,1.00
2015.07.21 13:23:41.665,2.01925,2.01957,1.00,1.00
2015.07.21 13:23:42.017,2.01923,2.01957,1.50,1.00
2015.07.21 13:23:42.434,2.01925,2.01956,1.00,1.00
2015.07.21 13:23:42.600,2.01925,2.01961,1.00,1.00
2015.07.21 13:23:43.222,2.01923,2.01961,1.00,1.00
2015.07.21 13:23:43.359,2.01923,2.01957,1.00,1.00
2015.07.21 13:23:44.577,2.01923,2.01956,1.00,1.00
2015.07.21 13:23:45.006,2.01923,2.01961,1.00,1.00
2015.07.21 13:23:45.529,2.01923,2.01962,1.00,1.00
2015.07.21 13:23:46.431,2.01923,2.01961,1.00,1.00
2015.07.21 13:23:47.533,2.01923,2.01956,1.00,1.00
2015.07.21 13:23:51.616,2.01923,2.01957,1.00,1.00
2015.07.21 13:23:52.400,2.01923,2.01956,1.00,1.00
2015.07.21 13:23:53.027,2.01923,2.01957,1.00,1.00
2015.07.21 13:23:53.624,2.01923,2.01956,1.50,1.00
2015.07.21 13:23:53.952,2.01923,2.01952,1.00,1.00
2015.07.21 13:23:55.131,2.01923,2.01957,1.00,1.00
2015.07.21 13:23:55.232,2.0192,2.01952,1.00,1.00
2015.07.21 13:23:55.485,2.01916,2.01952,1.00,1.00
2015.07.21 13:23:56.144,2.01916,2.01951,1.00,1.00
2015.07.21 13:23:56.742,2.01917,2.01951,1.00,1.00
2015.07.21 13:23:57.110,2.01916,2.01946,1.00,1.00
2015.07.21 13:23:57.211,2.01916,2.01951,1.00,1.12
2015.07.21 13:23:57.312,2.01914,2.01951,1.50,1.00
2015.07.21 13:23:57.363,2.01914,2.01942,1.50,1.00
2015.07.21 13:23:57.968,2.0191,2.01942,1.00,1.00
2015.07.21 13:23:58.928,2.01911,2.01942,1.00,1.00
2015.07.21 13:23:58.979,2.01911,2.01937,1.00,1.00
2015.07.21 13:23:59.080,2.01913,2.01942,1.00,1.00
2015.07.21 13:23:59.273,2.01911,2.01942,1.00,1.00
2015.07.21 13:23:59.783,2.0191,2.01942,1.00,1.00
2015.07.21 13:24:00.159,2.01912,2.01942,1.00,1.00
2015.07.21 13:24:00.575,2.0191,2.01942,1.00,1.00
2015.07.21 13:24:03.223,2.01907,2.01942,1.00,1.00
2015.07.21 13:24:04.695,2.01907,2.01946,1.00,1.00
2015.07.21 13:24:04.998,2.0191,2.01947,1.00,1.00
2015.07.21 13:24:05.623,2.01911,2.01946,1.00,1.00
2015.07.21 13:24:05.726,2.01911,2.01949,1.00,1.00
2015.07.21 13:24:07.557,2.01919,2.01951,1.00,1.00
2015.07.21 13:24:07.658,2.01922,2.01957,1.00,1.00
2015.07.21 13:24:08.287,2.01918,2.01955,1.00,1.00
2015.07.21 13:24:08.648,2.01918,2.01952,1.00,1.00
2015.07.21 13:24:08.901,2.01915,2.01952,1.00,1.00
2015.07.21 13:24:09.339,2.01915,2.01954,1.00,1.00
2015.07.21 13:24:09.642,2.01915,2.01952,1.00,1.00
2015.07.21 13:24:09.894,2.01915,2.01954,1.00,1.00
2015.07.21 13:24:10.096,2.01915,2.01952,1.00,1.00
2015.07.21 13:24:10.560,2.01915,2.01947,1.00,1.00
2015.07.21 13:24:11.618,2.01915,2.01952,1.00,1.00
2015.07.21 13:24:13.110,2.01915,2.01954,1.00,1.00
2015.07.21 13:24:13.414,2.01915,2.01951,1.00,1.00
2015.07.21 13:24:14.138,2.01912,2.0195,1.00,1.00
2015.07.21 13:24:14.441,2.01908,2.01947,1.00,1.00
2015.07.21 13:24:17.735,2.01904,2.01944,1.50,1.00
2015.07.21 13:24:17.836,2.01904,2.01936,1.00,1.00
2015.07.21 13:24:17.886,2.01901,2.01936,1.50,1.00
2015.07.21 13:24:17.987,2.01898,2.01936,1.00,1.50
2015.07.21 13:24:21.574,2.01898,2.01931,1.00,1.00
2015.07.21 13:24:21.891,2.01898,2.01924,1.00,1.00
2015.07.21 13:24:21.941,2.01888,2.01923,1.00,1.00
2015.07.21 13:24:22.042,2.01884,2.01922,1.34,1.00
2015.07.21 13:24:22.546,2.01884,2.01921,1.34,1.00
2015.07.21 13:24:23.090,2.01884,2.01922,1.00,1.00
2015.07.21 13:24:23.848,2.01884,2.01921,1.00,1.00
2015.07.21 13:24:24.379,2.01884,2.01922,1.00,1.00
2015.07.21 13:24:25.209,2.01884,2.01921,1.00,1.00
2015.07.21 13:24:26.488,2.01884,2.01923,1.00,1.00
2015.07.21 13:24:27.016,2.01884,2.01924,1.00,1.00
2015.07.21 13:24:27.621,2.01884,2.01921,1.00,1.00
2015.07.21 13:24:27.823,2.01884,2.01924,1.00,1.00
2015.07.21 13:24:29.644,2.01888,2.01927,1.00,1.00
2015.07.21 13:24:29.955,2.01893,2.0193,1.00,1.00
2015.07.21 13:24:30.257,2.01895,2.01934,1.00,1.00
2015.07.21 13:24:31.698,2.01899,2.01936,1.00,1.50
2015.07.21 13:24:34.300,2.01899,2.01932,1.00,1.00
2015.07.21 13:24:34.440,2.01899,2.01936,1.00,1.50
2015.07.21 13:24:34.591,2.01895,2.01933,1.00,1.50
2015.07.21 13:24:34.692,2.01895,2.01929,1.00,1.00
2015.07.21 13:24:34.743,2.01891,2.01929,1.00,1.00
2015.07.21 13:24:35.034,2.01891,2.01927,1.00,1.00
2015.07.21 13:24:35.342,2.01891,2.01925,1.00,1.00
2015.07.21 13:24:36.014,2.01891,2.01924,1.00,1.00
2015.07.21 13:24:36.065,2.01887,2.01924,1.00,1.00
2015.07.21 13:24:36.569,2.01887,2.01925,1.00,1.00
2015.07.21 13:24:37.777,2.01887,2.01923,1.00,1.00
2015.07.21 13:24:38.048,2.01878,2.01915,1.00,1.00
2015.07.21 13:24:38.200,2.01872,2.01909,1.00,1.50
2015.07.21 13:24:40.960,2.01877,2.01917,1.50,1.00
2015.07.21 13:24:41.186,2.0188,2.01918,1.00,1.00
2015.07.21 13:24:41.287,2.0188,2.0192,1.00,1.50
2015.07.21 13:24:42.044,2.01881,2.0192,1.00,1.00
2015.07.21 13:24:42.291,2.01884,2.01922,1.00,1.00
2015.07.21 13:24:43.548,2.01884,2.01922,1.37,1.00
2015.07.21 13:24:44.047,2.01884,2.01922,1.00,1.00
2015.07.21 13:24:47.088,2.0189,2.01927,1.00,1.50
2015.07.21 13:24:48.676,2.01892,2.01931,1.00,1.50
2015.07.21 13:24:48.778,2.01889,2.01924,1.00,1.00
2015.07.21 13:24:48.879,2.01889,2.01928,1.00,1.50
2015.07.21 13:24:49.894,2.01892,2.0193,1.00,1.00
2015.07.21 13:24:49.995,2.01892,2.01932,1.00,1.00
2015.07.21 13:24:50.655,2.01892,2.0193,1.00,1.00
2015.07.21 13:24:51.648,2.01892,2.01929,1.00,1.00
2015.07.21 13:24:52.153,2.01892,2.01928,1.00,1.00
2015.07.21 13:24:52.254,2.01889,2.01928,1.00,1.50
2015.07.21 13:24:52.744,2.01889,2.01925,1.00,1.00
2015.07.21 13:24:55.788,2.01889,2.01927,1.00,1.00
2015.07.21 13:24:56.314,2.01894,2.01929,1.00,1.00
2015.07.21 13:24:57.449,2.01894,2.01931,1.00,1.00
2015.07.21 13:24:58.033,2.01894,2.01929,1.00,1.00
2015.07.21 13:24:58.332,2.01894,2.01932,1.00,1.50
2015.07.21 13:24:59.641,2.01904,2.01943,1.00,1.00
2015.07.21 13:25:01.738,2.01907,2.01946,1.00,1.00
2015.07.21 13:25:02.048,2.01912,2.01951,1.00,1.00
2015.07.21 13:25:02.350,2.01912,2.01948,1.00,1.00
2015.07.21 13:25:02.754,2.01912,2.01951,1.00,1.50
2015.07.21 13:25:02.855,2.01912,2.01949,1.00,1.00
2015.07.21 13:25:03.367,2.01912,2.01948,1.00,1.00
2015.07.21 13:25:03.973,2.01912,2.01949,1.00,1.00
2015.07.21 13:25:04.188,2.01912,2.01951,1.00,1.00
2015.07.21 13:25:04.289,2.01916,2.01949,1.00,1.00
2015.07.21 13:25:04.592,2.01916,2.01951,1.00,1.00
2015.07.21 13:25:04.643,2.01913,2.01951,1.00,1.00
2015.07.21 13:25:04.945,2.01913,2.01948,1.00,1.00
2015.07.21 13:25:05.616,2.01913,2.01951,1.00,1.00
2015.07.21 13:25:05.928,2.01913,2.01949,1.00,1.00
2015.07.21 13:25:06.483,2.01913,2.01948,1.00,1.00
2015.07.21 13:25:06.680,2.01913,2.0195,1.00,1.00
2015.07.21 13:25:06.832,2.01913,2.01948,1.00,1.00
2015.07.21 13:25:07.482,2.01913,2.01951,1.00,1.00
2015.07.21 13:25:07.785,2.01913,2.01949,1.00,1.00
2015.07.21 13:25:08.485,2.01913,2.01951,1.00,1.00
2015.07.21 13:25:08.788,2.01913,2.01949,1.00,1.00
2015.07.21 13:25:09.396,2.01913,2.01948,1.00,1.00
2015.07.21 13:25:09.447,2.01913,2.0195,1.00,1.00
2015.07.21 13:25:09.649,2.01913,2.01947,1.00,1.00
2015.07.21 13:25:10.084,2.01909,2.01947,1.00,1.00
2015.07.21 13:25:10.235,2.01914,2.01952,1.00,1.50
2015.07.21 13:25:10.286,2.01917,2.01956,1.00,1.00
2015.07.21 13:25:10.542,2.01917,2.01952,1.00,1.00
2015.07.21 13:25:10.744,2.01914,2.01951,1.00,1.00
2015.07.21 13:25:10.795,2.01914,2.01949,1.00,1.00
2015.07.21 13:25:11.097,2.01914,2.01947,1.00,1.00
2015.07.21 13:25:12.296,2.01914,2.01948,1.00,1.00
2015.07.21 13:25:12.799,2.01914,2.01947,1.00,1.00
2015.07.21 13:25:15.153,2.0191,2.01947,1.00,1.50
2015.07.21 13:25:15.405,2.0191,2.01944,1.00,1.00
2015.07.21 13:25:15.456,2.01905,2.01944,1.00,1.50
2015.07.21 13:25:15.507,2.01905,2.01939,1.00,1.00
2015.07.21 13:25:15.810,2.01903,2.01939,1.00,1.00
2015.07.21 13:25:15.862,2.01903,2.01937,1.00,1.00
2015.07.21 13:25:16.365,2.01903,2.01938,1.00,1.00
2015.07.21 13:25:16.920,2.01903,2.01937,1.00,1.00
2015.07.21 13:25:23.225,2.01903,2.01936,1.00,1.00
2015.07.21 13:25:23.779,2.01903,2.01937,1.00,1.50
2015.07.21 13:25:24.304,2.01903,2.01935,1.00,1.00
2015.07.21 13:25:24.405,2.01898,2.01935,1.00,1.00
2015.07.21 13:25:26.270,2.01898,2.01936,1.00,1.00
2015.07.21 13:25:26.774,2.01899,2.01937,1.12,1.00
2015.07.21 13:25:27.278,2.01898,2.01937,1.50,1.00
2015.07.21 13:25:27.550,2.01901,2.0194,1.00,1.00
2015.07.21 13:25:30.698,2.01901,2.01939,1.00,1.00
2015.07.21 13:25:31.367,2.01901,2.01941,1.00,1.00
2015.07.21 13:25:31.468,2.01905,2.01942,1.00,1.00
2015.07.21 13:25:31.770,2.01905,2.01944,1.00,1.00
2015.07.21 13:25:32.002,2.01908,2.01947,1.00,1.00
2015.07.21 13:25:32.310,2.01911,2.0195,1.50,1.00
2015.07.21 13:25:32.868,2.01911,2.01947,1.00,1.00
2015.07.21 13:25:33.672,2.01911,2.01946,1.00,1.00
2015.07.21 13:25:34.864,2.01911,2.01944,1.00,1.00
2015.07.21 13:25:35.170,2.01911,2.01946,1.00,1.00
2015.07.21 13:25:35.680,2.01911,2.01947,1.00,1.00
2015.07.21 13:25:36.213,2.01911,2.01946,1.00,1.00
2015.07.21 13:25:36.415,2.01911,2.01944,1.00,1.00
2015.07.21 13:25:36.466,2.01908,2.01944,1.00,1.00
2015.07.21 13:25:37.194,2.01908,2.01946,1.00,1.00
2015.07.21 13:25:37.367,2.01908,2.01944,1.00,1.00
2015.07.21 13:25:38.367,2.01908,2.01946,1.00,1.00
2015.07.21 13:25:38.720,2.01908,2.01944,1.00,1.00
2015.07.21 13:25:39.258,2.01908,2.01942,1.00,1.00
2015.07.21 13:25:39.510,2.01904,2.01942,1.00,1.00
2015.07.21 13:25:42.690,2.01904,2.01941,1.00,1.00
2015.07.21 13:25:43.641,2.01904,2.01943,1.00,1.00
2015.07.21 13:25:44.196,2.01904,2.01942,1.00,1.00
2015.07.21 13:25:44.599,2.01904,2.01937,1.00,1.00
2015.07.21 13:25:44.744,2.01899,2.01934,1.00,1.00
2015.07.21 13:25:44.795,2.01899,2.01934,1.34,1.00
2015.07.21 13:25:44.997,2.01901,2.01939,1.84,1.00
2015.07.21 13:25:45.048,2.01901,2.01939,1.50,1.00
2015.07.21 13:25:45.199,2.01901,2.01936,1.00,1.00
2015.07.21 13:25:45.703,2.01897,2.01935,1.00,1.00
2015.07.21 13:25:45.754,2.01897,2.01932,1.00,1.00
2015.07.21 13:25:46.099,2.01897,2.01929,1.00,1.00
2015.07.21 13:25:46.602,2.01897,2.0193,1.00,1.00
2015.07.21 13:25:47.509,2.01897,2.01933,1.00,1.00
2015.07.21 13:25:47.610,2.01897,2.01929,1.00,1.00
2015.07.21 13:25:47.711,2.01897,2.01931,1.00,1.00
2015.07.21 13:25:48.962,2.01893,2.0193,1.00,1.00
2015.07.21 13:25:49.466,2.01893,2.01931,1.00,1.00
2015.07.21 13:25:49.733,2.01897,2.01936,1.00,1.50
2015.07.21 13:25:49.835,2.01897,2.01934,1.00,1.00
2015.07.21 13:25:50.138,2.01895,2.01926,1.00,1.00
2015.07.21 13:25:50.741,2.01891,2.01926,1.00,1.00
2015.07.21 13:25:51.044,2.01891,2.01928,1.00,1.00
2015.07.21 13:25:51.569,2.01891,2.01927,1.00,1.00
2015.07.21 13:25:54.573,2.01891,2.01928,1.00,1.00
2015.07.21 13:25:56.728,2.01891,2.01929,1.00,1.00
2015.07.21 13:26:02.364,2.01891,2.01928,1.00,1.00
2015.07.21 13:26:03.145,2.01891,2.01925,1.00,1.00
2015.07.21 13:26:03.196,2.01886,2.01924,1.00,1.00
2015.07.21 13:26:03.802,2.01886,2.01922,1.00,1.00
2015.07.21 13:26:04.328,2.01886,2.0192,1.00,1.00
2015.07.21 13:26:05.352,2.01886,2.01919,1.00,1.00
2015.07.21 13:26:06.456,2.01886,2.0192,1.00,1.00
2015.07.21 13:26:07.546,2.01886,2.01919,1.00,1.00
2015.07.21 13:26:09.316,2.01886,2.0192,1.00,1.00
2015.07.21 13:26:09.418,2.01886,2.01922,1.00,1.00
2015.07.21 13:26:09.716,2.01882,2.01919,1.00,1.00
2015.07.21 13:26:10.170,2.01874,2.01911,1.00,1.00
2015.07.21 13:26:10.473,2.01874,2.01907,1.00,1.00
2015.07.21 13:26:10.624,2.01872,2.01907,1.00,1.12
2015.07.21 13:26:10.839,2.01872,2.01905,1.00,1.00
2015.07.21 13:26:11.041,2.01868,2.01905,1.00,1.00
2015.07.21 13:26:11.696,2.01868,2.01904,1.00,1.00
2015.07.21 13:26:11.797,2.01865,2.01899,1.00,1.00
2015.07.21 13:26:12.687,2.01865,2.01901,1.00,1.00
2015.07.21 13:26:14.137,2.01865,2.01903,1.00,1.00
2015.07.21 13:26:14.488,2.01865,2.019,1.00,1.00
2015.07.21 13:26:14.847,2.01861,2.019,1.00,1.37
2015.07.21 13:26:15.250,2.01861,2.01894,1.00,1.00
2015.07.21 13:26:15.301,2.01859,2.01894,1.00,1.00
2015.07.21 13:26:15.698,2.01857,2.01894,1.00,1.00
2015.07.21 13:26:16.001,2.01857,2.01891,1.00,1.00
2015.07.21 13:26:16.203,2.01857,2.01894,1.00,1.00
2015.07.21 13:26:16.707,2.01857,2.01893,1.00,1.00
2015.07.21 13:26:16.861,2.01857,2.01895,1.00,1.50
2015.07.21 13:26:18.856,2.01857,2.01893,1.00,1.00
2015.07.21 13:26:19.159,2.01857,2.01891,1.00,1.00
2015.07.21 13:26:19.311,2.01852,2.0189,1.00,1.00
2015.07.21 13:26:19.412,2.01849,2.01886,1.00,1.00
2015.07.21 13:26:19.563,2.01844,2.01882,1.00,1.00
2015.07.21 13:26:19.755,2.01851,2.01889,1.00,1.45
2015.07.21 13:26:19.806,2.01851,2.01889,1.00,1.00
2015.07.21 13:26:21.266,2.01851,2.01887,1.00,1.00
2015.07.21 13:26:21.924,2.01851,2.01889,1.00,1.00
2015.07.21 13:26:25.281,2.01854,2.01894,1.00,1.00
2015.07.21 13:26:26.463,2.01854,2.01889,1.00,1.00
2015.07.21 13:26:26.866,2.01852,2.01889,1.00,1.00
2015.07.21 13:26:27.906,2.01852,2.0189,1.00,1.50
2015.07.21 13:26:28.108,2.01852,2.0189,1.37,1.00
2015.07.21 13:26:28.159,2.01857,2.01896,1.00,1.00
2015.07.21 13:26:28.871,2.01859,2.01896,1.00,1.00
2015.07.21 13:26:29.023,2.01857,2.01896,1.00,1.00
2015.07.21 13:26:29.647,2.01857,2.01895,1.00,1.00
2015.07.21 13:26:30.148,2.01863,2.01899,1.00,1.00
2015.07.21 13:26:30.249,2.0186,2.01899,1.00,1.50
2015.07.21 13:26:30.401,2.0186,2.01896,1.00,1.00
2015.07.21 13:26:30.703,2.01854,2.01888,1.00,1.00
2015.07.21 13:26:30.825,2.01854,2.0189,1.00,1.00
2015.07.21 13:26:30.876,2.01854,2.01892,1.00,1.00
2015.07.21 13:26:31.733,2.01854,2.01889,1.00,1.00
2015.07.21 13:26:32.283,2.01854,2.01888,1.00,1.00
2015.07.21 13:26:32.938,2.01854,2.0189,1.00,1.00
2015.07.21 13:26:33.396,2.01854,2.01892,1.00,1.00
2015.07.21 13:26:36.146,2.01854,2.01893,1.00,1.50
2015.07.21 13:26:36.449,2.01854,2.01891,1.00,1.00
2015.07.21 13:26:36.600,2.0185,2.0189,1.00,1.50
2015.07.21 13:26:36.996,2.01857,2.01896,1.00,1.00
2015.07.21 13:26:37.302,2.0186,2.01896,1.00,1.00
2015.07.21 13:26:37.804,2.0186,2.01895,1.00,1.00
2015.07.21 13:26:37.905,2.01864,2.01901,1.00,1.37
2015.07.21 13:26:38.467,2.01864,2.01901,1.00,1.00
2015.07.21 13:26:38.519,2.01871,2.01906,1.00,1.00
2015.07.21 13:26:38.771,2.01871,2.01909,1.00,1.50
2015.07.21 13:26:39.275,2.01871,2.01908,1.00,1.00
2015.07.21 13:26:39.400,2.01871,2.01906,1.00,1.00
2015.07.21 13:26:39.712,2.01871,2.01904,1.00,1.00
2015.07.21 13:26:39.963,2.01871,2.01906,1.00,1.00
2015.07.21 13:26:40.215,2.01871,2.01903,1.00,1.00
2015.07.21 13:26:40.478,2.01871,2.01906,1.00,1.00
2015.07.21 13:26:41.386,2.01871,2.01904,1.00,1.00
2015.07.21 13:26:42.523,2.01871,2.01905,1.00,1.00
2015.07.21 13:26:42.767,2.01867,2.01904,1.00,1.00
2015.07.21 13:26:52.962,2.0187,2.0191,1.00,1.00
2015.07.21 13:26:53.733,2.0187,2.01908,1.00,1.00
2015.07.21 13:26:53.835,2.0187,2.0191,1.00,1.00
2015.07.21 13:26:53.936,2.0187,2.01908,1.00,1.00
2015.07.21 13:26:54.190,2.0187,2.0191,1.00,1.50
2015.07.21 13:26:54.696,2.0187,2.01909,1.00,1.00
2015.07.21 13:26:55.502,2.0187,2.01907,1.00,1.00
2015.07.21 13:26:56.045,2.0187,2.01908,1.00,1.00
2015.07.21 13:27:00.189,2.01867,2.01907,1.00,1.00
2015.07.21 13:27:00.240,2.01867,2.01904,1.00,1.00
2015.07.21 13:27:00.796,2.01867,2.01907,1.00,1.50
2015.07.21 13:27:01.515,2.01868,2.01907,1.00,1.50
2015.07.21 13:27:02.952,2.01867,2.01907,1.09,1.00
2015.07.21 13:27:05.783,2.01868,2.01907,1.00,1.00
2015.07.21 13:27:06.337,2.01869,2.01907,1.00,1.00
2015.07.21 13:27:09.087,2.01867,2.01907,1.00,1.00
2015.07.21 13:27:09.238,2.01867,2.01904,1.00,1.00
2015.07.21 13:27:10.538,2.01867,2.01907,1.00,1.50
2015.07.21 13:27:12.195,2.01867,2.01906,1.00,1.00
2015.07.21 13:27:12.996,2.01867,2.01905,1.00,1.00
2015.07.21 13:27:13.512,2.01867,2.01904,1.00,1.00
2015.07.21 13:27:13.865,2.01867,2.01906,1.00,1.00
2015.07.21 13:27:15.022,2.01867,2.01906,1.00,1.37
2015.07.21 13:27:15.123,2.01867,2.01906,1.00,1.00
2015.07.21 13:27:16.380,2.01867,2.01907,1.00,1.00
2015.07.21 13:27:16.481,2.01869,2.01907,1.00,1.00
2015.07.21 13:27:16.582,2.0187,2.0191,1.37,1.00
2015.07.21 13:27:16.735,2.01873,2.0191,1.00,1.00
2015.07.21 13:27:17.033,2.01874,2.01913,1.50,1.00
2015.07.21 13:27:18.048,2.01874,2.01913,1.00,1.37
2015.07.21 13:27:18.149,2.01874,2.01913,1.00,1.12
2015.07.21 13:27:19.499,2.01874,2.01909,1.00,1.00
2015.07.21 13:27:21.551,2.01872,2.01909,1.00,1.00
2015.07.21 13:27:24.573,2.01872,2.01909,1.00,1.37
2015.07.21 13:27:24.674,2.01872,2.01909,1.00,1.00
2015.07.21 13:27:28.048,2.01874,2.01913,1.00,1.00
2015.07.21 13:27:29.997,2.01874,2.01913,1.00,1.87
2015.07.21 13:27:30.282,2.01874,2.01913,1.00,1.50
2015.07.21 13:27:31.201,2.01874,2.01913,1.00,1.37
2015.07.21 13:27:31.403,2.01874,2.01913,1.00,1.00
2015.07.21 13:27:33.737,2.01872,2.019,1.00,1.00
2015.07.21 13:27:33.889,2.01858,2.01897,1.00,1.46
2015.07.21 13:27:33.990,2.01856,2.01892,1.00,1.34
2015.07.21 13:27:34.208,2.01852,2.01891,1.00,1.46
2015.07.21 13:27:34.514,2.01852,2.01891,1.00,1.84
2015.07.21 13:27:35.004,2.01852,2.01889,1.00,1.00
2015.07.21 13:27:35.317,2.01854,2.01889,1.00,1.00
2015.07.21 13:27:35.834,2.01853,2.01889,1.50,1.00
2015.07.21 13:27:35.986,2.01853,2.01891,1.50,1.09
2015.07.21 13:27:36.527,2.01853,2.01889,1.00,1.00
2015.07.21 13:27:37.387,2.01853,2.0189,1.00,1.00
2015.07.21 13:27:37.737,2.01853,2.01887,1.00,1.00
2015.07.21 13:27:40.346,2.01854,2.01887,1.00,1.00
2015.07.21 13:27:41.113,2.01854,2.01887,1.00,1.37
2015.07.21 13:27:41.690,2.01854,2.01886,1.00,1.00
2015.07.21 13:27:42.194,2.01854,2.01887,1.00,1.00
2015.07.21 13:27:43.145,2.01854,2.01888,1.00,1.00
2015.07.21 13:27:43.448,2.01859,2.01888,1.00,1.00
2015.07.21 13:27:43.549,2.01859,2.01891,1.00,1.50
2015.07.21 13:27:43.851,2.01863,2.01891,1.00,1.50
2015.07.21 13:27:44.314,2.01864,2.01884,1.00,1.00
2015.07.21 13:27:44.417,2.01858,2.01882,1.00,1.00
2015.07.21 13:27:44.719,2.01858,2.01884,1.00,1.00
2015.07.21 13:27:44.871,2.01853,2.01885,1.50,1.00
2015.07.21 13:27:45.324,2.01854,2.01889,1.00,1.50
2015.07.21 13:27:47.360,2.01852,2.01889,1.00,1.00
2015.07.21 13:27:48.235,2.01853,2.01889,1.00,1.50
2015.07.21 13:27:49.004,2.01854,2.01889,1.00,1.50
2015.07.21 13:27:49.532,2.01853,2.01889,1.00,1.00
2015.07.21 13:27:50.668,2.01852,2.01889,1.00,1.00
2015.07.21 13:27:51.681,2.01853,2.01889,1.00,1.00
2015.07.21 13:27:52.241,2.01854,2.01889,1.00,1.00
2015.07.21 13:27:52.676,2.01852,2.01888,1.00,1.00
2015.07.21 13:27:52.727,2.01849,2.01886,1.00,1.00
2015.07.21 13:27:52.778,2.01844,2.01884,1.00,1.00
2015.07.21 13:27:52.929,2.01844,2.01884,1.00,1.37
2015.07.21 13:27:53.030,2.01844,2.01884,1.00,1.12
2015.07.21 13:27:54.184,2.01848,2.01884,1.00,1.00
2015.07.21 13:27:54.437,2.01844,2.01881,1.00,1.00
2015.07.21 13:27:55.363,2.01845,2.01881,1.37,1.00
2015.07.21 13:27:55.588,2.01844,2.01881,1.50,1.00
2015.07.21 13:27:56.090,2.01845,2.01885,1.00,1.00
2015.07.21 13:27:56.392,2.01848,2.01885,1.00,1.00
2015.07.21 13:27:58.347,2.01848,2.01884,1.00,1.00
2015.07.21 13:27:59.195,2.01848,2.01883,1.00,1.00
2015.07.21 13:27:59.703,2.01848,2.01884,1.00,1.12
2015.07.21 13:28:01.704,2.01848,2.01883,1.00,1.00
2015.07.21 13:28:02.207,2.01845,2.01882,1.00,1.00
2015.07.21 13:28:02.634,2.01849,2.01881,1.00,1.00
2015.07.21 13:28:03.066,2.01848,2.01883,1.00,1.00
2015.07.21 13:28:03.570,2.01848,2.01884,1.00,1.00
2015.07.21 13:28:04.073,2.01848,2.01885,1.00,1.00
2015.07.21 13:28:05.368,2.01849,2.01885,1.00,1.00
2015.07.21 13:28:05.469,2.01849,2.01888,1.00,1.00
2015.07.21 13:28:07.344,2.01854,2.01888,1.00,1.00
2015.07.21 13:28:08.267,2.01848,2.01886,1.50,1.00
2015.07.21 13:28:08.620,2.01848,2.01884,1.00,1.00
2015.07.21 13:28:08.923,2.01844,2.01877,1.00,1.00
2015.07.21 13:28:09.225,2.01843,2.01874,1.00,1.00
2015.07.21 13:28:09.528,2.01844,2.01874,1.00,1.37
2015.07.21 13:28:09.884,2.01838,2.01874,1.00,1.37
2015.07.21 13:28:10.036,2.01838,2.01874,1.00,1.00
2015.07.21 13:28:10.566,2.01839,2.01874,1.00,1.00
2015.07.21 13:28:11.866,2.01837,2.01874,1.00,1.50
2015.07.21 13:28:12.013,2.01833,2.01873,1.50,1.00
2015.07.21 13:28:14.430,2.01834,2.01873,1.00,1.00
2015.07.21 13:28:15.070,2.01833,2.01873,1.50,1.00
2015.07.21 13:28:15.575,2.01833,2.01871,1.00,1.12
2015.07.21 13:28:15.962,2.01833,2.01865,1.00,1.00
2015.07.21 13:28:16.114,2.01832,2.01868,1.00,1.00
2015.07.21 13:28:16.215,2.01835,2.01869,1.00,1.00
2015.07.21 13:28:16.266,2.01835,2.01875,1.50,1.00
2015.07.21 13:28:17.019,2.01836,2.01875,1.00,1.00
2015.07.21 13:28:17.069,2.0184,2.01877,1.00,1.00
2015.07.21 13:28:18.338,2.01842,2.01882,1.00,1.50
2015.07.21 13:28:18.390,2.01847,2.01882,1.00,1.00
2015.07.21 13:28:18.491,2.01844,2.01881,1.00,1.00
2015.07.21 13:28:19.142,2.01847,2.01884,1.00,1.00
2015.07.21 13:28:19.243,2.01849,2.01888,1.00,1.00
2015.07.21 13:28:19.445,2.01853,2.01889,1.00,1.00
2015.07.21 13:28:19.748,2.01859,2.01899,1.00,1.00
2015.07.21 13:28:21.974,2.01862,2.01902,1.00,1.00
2015.07.21 13:28:22.476,2.01867,2.01904,1.00,1.00
2015.07.21 13:28:27.920,2.01869,2.01906,1.00,1.00
2015.07.21 13:28:28.108,2.01869,2.01909,1.00,1.00
2015.07.21 13:28:28.159,2.01873,2.01912,1.00,1.00
2015.07.21 13:28:28.463,2.01877,2.01913,1.00,1.00
2015.07.21 13:28:29.275,2.01877,2.01917,1.00,1.00
2015.07.21 13:28:29.426,2.01882,2.01921,1.00,1.00
2015.07.21 13:28:29.731,2.01886,2.01923,1.00,1.00
2015.07.21 13:28:30.527,2.01889,2.01929,1.00,1.50
2015.07.21 13:28:31.985,2.01889,2.01928,1.00,1.00
2015.07.21 13:28:32.489,2.01889,2.01929,1.00,1.00
2015.07.21 13:28:34.024,2.01894,2.01931,1.00,1.00
2015.07.21 13:28:38.246,2.01901,2.01937,1.00,1.00
2015.07.21 13:28:38.297,2.01901,2.0194,1.50,1.00
2015.07.21 13:28:38.347,2.01904,2.01943,1.00,1.00
2015.07.21 13:28:38.898,2.01904,2.01944,1.00,1.00
2015.07.21 13:28:39.406,2.01904,2.01943,1.00,1.00
2015.07.21 13:28:39.986,2.01904,2.01944,1.00,1.00
2015.07.21 13:28:40.455,2.01908,2.01948,1.00,1.00
2015.07.21 13:28:47.838,2.01917,2.01954,1.00,1.37
2015.07.21 13:28:47.889,2.01917,2.01954,1.00,1.00
2015.07.21 13:28:47.990,2.01919,2.01958,1.00,1.50
2015.07.21 13:28:49.904,2.01923,2.0196,1.50,1.00
2015.07.21 13:28:49.954,2.01925,2.01965,1.00,1.00
2015.07.21 13:28:50.005,2.0193,2.01966,1.00,1.00
2015.07.21 13:28:50.397,2.0193,2.01964,1.00,1.00
2015.07.21 13:28:50.448,2.0193,2.01967,1.00,1.00
2015.07.21 13:28:50.701,2.0193,2.01963,1.00,1.00
2015.07.21 13:28:51.239,2.0193,2.01967,1.00,1.50
2015.07.21 13:28:51.567,2.0193,2.01965,1.00,1.00
2015.07.21 13:28:52.450,2.0193,2.01962,1.00,1.00
2015.07.21 13:28:52.751,2.0193,2.01965,1.00,1.00
2015.07.21 13:28:52.902,2.0193,2.01962,1.00,1.00
2015.07.21 13:28:53.213,2.0193,2.01965,1.00,1.00
2015.07.21 13:28:53.842,2.0193,2.01964,1.00,1.00
2015.07.21 13:28:54.306,2.01925,2.01962,1.00,1.00
2015.07.21 13:28:54.761,2.01925,2.01964,1.00,1.50
2015.07.21 13:28:55.963,2.01934,2.01972,1.00,1.87
2015.07.21 13:28:56.014,2.01934,2.01972,1.00,1.00
2015.07.21 13:28:56.065,2.01934,2.01974,1.00,1.00
2015.07.21 13:28:56.365,2.01931,2.01975,1.00,1.00
2015.07.21 13:28:56.517,2.01931,2.01977,1.00,1.50
2015.07.21 13:28:57.080,2.01933,2.01977,1.00,1.50
2015.07.21 13:28:57.628,2.01932,2.01977,1.00,1.50
2015.07.21 13:28:59.127,2.01931,2.01977,1.50,1.50
2015.07.21 13:29:02.994,2.01931,2.01976,1.00,1.00
2015.07.21 13:29:03.512,2.01931,2.01977,1.00,1.50
2015.07.21 13:29:08.268,2.01932,2.01977,1.00,1.50
2015.07.21 13:29:08.780,2.01932,2.01976,1.00,1.00
2015.07.21 13:29:10.342,2.01931,2.01977,1.00,1.50
2015.07.21 13:29:11.143,2.01931,2.01975,1.50,1.00
2015.07.21 13:29:16.252,2.01931,2.01975,1.50,1.37
2015.07.21 13:29:16.820,2.01931,2.01974,1.00,1.00
2015.07.21 13:29:17.424,2.01931,2.01972,1.00,1.00
2015.07.21 13:29:17.928,2.0193,2.01972,1.00,1.00
2015.07.21 13:29:18.384,2.01927,2.01972,1.50,1.00
2015.07.21 13:29:19.388,2.01928,2.01973,1.00,1.00
2015.07.21 13:29:19.489,2.01929,2.01977,1.00,1.00
2015.07.21 13:29:20.147,2.0193,2.01977,1.00,1.00
2015.07.21 13:29:20.501,2.01928,2.01975,1.00,1.00
2015.07.21 13:29:21.006,2.01927,2.01975,1.50,1.00
2015.07.21 13:29:21.892,2.01929,2.01977,1.00,1.00
2015.07.21 13:29:22.488,2.01928,2.01976,1.00,1.00
2015.07.21 13:29:22.790,2.01931,2.01976,1.00,1.00
2015.07.21 13:29:23.239,2.01928,2.01976,1.00,1.00
2015.07.21 13:29:24.667,2.01928,2.01974,1.00,1.00
2015.07.21 13:29:24.897,2.01928,2.01976,1.00,1.00
2015.07.21 13:29:25.398,2.01929,2.01977,1.00,1.00
2015.07.21 13:29:26.091,2.01931,2.01976,1.00,1.00
2015.07.21 13:29:26.623,2.01929,2.01977,1.00,1.00
2015.07.21 13:29:26.962,2.01931,2.01976,1.00,1.00
2015.07.21 13:29:27.327,2.01931,2.01978,1.00,1.00
2015.07.21 13:29:27.430,2.01927,2.01974,1.50,1.00
2015.07.21 13:29:27.733,2.01931,2.01975,1.50,1.00
2015.07.21 13:29:28.430,2.01932,2.01978,1.00,1.00
2015.07.21 13:29:28.637,2.01935,2.01978,1.00,1.00
2015.07.21 13:29:29.283,2.01934,2.0198,1.00,1.00
2015.07.21 13:29:29.636,2.01933,2.01978,1.00,1.00
2015.07.21 13:29:30.488,2.01934,2.01979,1.00,1.00
2015.07.21 13:29:31.724,2.01932,2.01979,1.00,1.00
2015.07.21 13:29:32.604,2.01933,2.01981,1.00,1.00
2015.07.21 13:29:33.167,2.01934,2.01982,1.00,1.00
2015.07.21 13:29:33.268,2.01935,2.0198,1.00,1.00
2015.07.21 13:29:33.577,2.01932,2.01976,1.00,1.00
2015.07.21 13:29:33.699,2.01933,2.01978,1.00,1.00
2015.07.21 13:29:33.900,2.01934,2.0198,1.00,1.00
2015.07.21 13:29:34.901,2.01937,2.01981,1.00,1.00
2015.07.21 13:29:35.461,2.01934,2.01979,1.00,1.00
2015.07.21 13:29:35.861,2.01932,2.01977,1.00,1.00
2015.07.21 13:29:36.203,2.01931,2.01975,1.50,1.00
2015.07.21 13:29:36.304,2.01932,2.01977,1.00,1.00
2015.07.21 13:29:36.456,2.01937,2.01981,1.00,1.00
2015.07.21 13:29:36.557,2.01937,2.01983,1.00,1.00
2015.07.21 13:29:37.095,2.01938,2.01983,1.00,1.00
2015.07.21 13:29:37.448,2.01942,2.01984,1.00,1.50
2015.07.21 13:29:37.549,2.01935,2.01979,1.00,1.00
2015.07.21 13:29:37.953,2.01932,2.01977,1.00,1.00
2015.07.21 13:29:38.417,2.01935,2.0198,1.00,1.00
2015.07.21 13:29:38.719,2.01937,2.01982,1.00,1.50
2015.07.21 13:29:38.962,2.01932,2.01978,1.00,1.00
2015.07.21 13:29:39.064,2.01931,2.01976,1.00,1.00
2015.07.21 13:29:39.416,2.01929,2.01972,1.00,1.00
2015.07.21 13:29:39.518,2.01929,2.01975,1.00,1.00
2015.07.21 13:29:39.871,2.01929,2.01973,1.00,1.00
2015.07.21 13:29:40.188,2.0193,2.01977,1.00,1.00
2015.07.21 13:29:40.239,2.0193,2.01974,1.50,1.00
2015.07.21 13:29:40.939,2.0193,2.01966,1.00,1.00
2015.07.21 13:29:40.990,2.01925,2.01966,1.00,1.00
2015.07.21 13:29:41.041,2.01925,2.01968,1.00,1.00
2015.07.21 13:29:41.194,2.01928,2.01969,1.00,1.00
2015.07.21 13:29:41.396,2.0193,2.01975,1.50,1.12
2015.07.21 13:29:41.603,2.01932,2.01976,1.00,1.37
2015.07.21 13:29:42.038,2.0193,2.01973,1.87,1.00
2015.07.21 13:29:42.139,2.0193,2.01975,1.00,1.00
2015.07.21 13:29:42.473,2.01933,2.01976,1.00,1.00
2015.07.21 13:29:42.979,2.01933,2.01977,1.00,1.00
2015.07.21 13:29:43.030,2.0193,2.01975,1.50,1.00
2015.07.21 13:29:43.135,2.0193,2.0197,1.00,1.37
2015.07.21 13:29:43.236,2.01927,2.01966,1.00,1.00
2015.07.21 13:29:43.772,2.01927,2.01967,1.00,1.00
2015.07.21 13:29:44.276,2.01927,2.01968,1.00,1.00
2015.07.21 13:29:44.799,2.01927,2.01967,1.00,1.00
2015.07.21 13:29:46.674,2.01927,2.01964,1.00,1.00
2015.07.21 13:29:47.180,2.01928,2.01965,1.00,1.00
2015.07.21 13:29:48.122,2.01927,2.01965,1.00,1.00
2015.07.21 13:29:48.974,2.01928,2.01967,1.00,1.00
2015.07.21 13:29:49.494,2.01927,2.01967,1.00,1.00
2015.07.21 13:29:50.301,2.01927,2.01966,1.00,1.00
2015.07.21 13:29:50.402,2.01924,2.01967,1.50,1.00
2015.07.21 13:29:50.453,2.01924,2.01967,1.50,1.37
2015.07.21 13:29:50.555,2.01924,2.01967,1.50,1.00
2015.07.21 13:29:50.606,2.01924,2.01964,1.00,1.00
2015.07.21 13:29:50.707,2.01922,2.01964,1.00,1.00
2015.07.21 13:29:52.823,2.01922,2.01963,1.00,1.00
2015.07.21 13:29:52.924,2.01922,2.01961,1.00,1.00
2015.07.21 13:29:53.379,2.01917,2.01962,1.00,1.00
2015.07.21 13:29:53.917,2.01917,2.01962,1.37,1.00
2015.07.21 13:29:54.440,2.01917,2.01962,1.00,1.00
2015.07.21 13:29:54.793,2.01917,2.01962,1.37,1.00
2015.07.21 13:29:55.151,2.01917,2.0196,1.37,1.00
2015.07.21 13:29:55.654,2.01917,2.0196,1.00,1.00
2015.07.21 13:29:56.058,2.01918,2.01961,1.37,1.00
2015.07.21 13:29:56.559,2.01918,2.01961,1.00,1.00
2015.07.21 13:29:57.063,2.01918,2.0196,1.00,1.00
2015.07.21 13:29:57.638,2.01917,2.0196,1.00,1.00
2015.07.21 13:29:58.149,2.01917,2.01961,1.00,1.00
2015.07.21 13:29:58.968,2.01918,2.01962,1.00,1.00
2015.07.21 13:29:59.487,2.01917,2.01963,1.00,1.00
2015.07.21 13:29:59.790,2.01918,2.01964,1.87,1.00
2015.07.21 13:30:00.300,2.01917,2.01963,1.87,1.00
2015.07.21 13:30:00.817,2.01919,2.01963,1.00,1.00
2015.07.21 13:30:01.159,2.01925,2.01967,1.00,1.00
2015.07.21 13:30:01.362,2.01927,2.0197,1.00,1.00
2015.07.21 13:30:01.413,2.01928,2.01973,1.87,1.00
2015.07.21 13:30:01.721,2.01929,2.01973,1.50,1.00
2015.07.21 13:30:01.823,2.01929,2.01973,1.87,1.00
2015.07.21 13:30:01.924,2.01929,2.01973,1.00,1.00
2015.07.21 13:30:02.428,2.01928,2.01973,1.00,1.00
2015.07.21 13:30:02.739,2.01928,2.01973,1.00,1.37
2015.07.21 13:30:03.041,2.01928,2.01973,1.00,1.00
2015.07.21 13:30:03.545,2.01927,2.01972,1.00,1.87
2015.07.21 13:30:03.953,2.01926,2.0197,1.00,1.00
2015.07.21 13:30:04.480,2.01927,2.0197,1.00,1.00
2015.07.21 13:30:04.733,2.01924,2.01969,1.00,1.37
2015.07.21 13:30:05.036,2.01923,2.01967,1.50,1.37
2015.07.21 13:30:05.238,2.01923,2.01967,1.00,1.87
2015.07.21 13:30:05.617,2.01921,2.01967,1.00,1.50
2015.07.21 13:30:05.718,2.01923,2.01967,1.00,2.25
2015.07.21 13:30:06.222,2.01924,2.01967,1.00,1.50
2015.07.21 13:30:06.922,2.01921,2.01967,1.00,2.25
2015.07.21 13:30:07.073,2.01921,2.01967,1.00,2.62
2015.07.21 13:30:07.577,2.01921,2.01967,1.00,2.62
2015.07.21 13:30:07.733,2.01921,2.01967,1.00,2.25
2015.07.21 13:30:07.885,2.01923,2.01966,1.00,1.50
2015.07.21 13:30:08.340,2.01923,2.01966,1.00,1.87
2015.07.21 13:30:08.542,2.01924,2.01966,1.00,1.37
2015.07.21 13:30:08.643,2.01924,2.01966,1.00,1.12
2015.07.21 13:30:08.744,2.01924,2.01966,1.00,1.37
2015.07.21 13:30:08.795,2.0192,2.01961,1.00,1.12
2015.07.21 13:30:08.904,2.01922,2.01966,1.00,1.37
2015.07.21 13:30:08.955,2.01922,2.01966,1.00,1.00
2015.07.21 13:30:09.460,2.0192,2.01963,1.00,1.00
2015.07.21 13:30:10.282,2.01924,2.01963,1.00,1.50
2015.07.21 13:30:17.812,2.01924,2.01963,1.37,1.00
2015.07.21 13:30:17.913,2.01925,2.01963,1.12,1.00
2015.07.21 13:30:17.964,2.01928,2.01967,1.00,1.00
2015.07.21 13:30:18.014,2.01931,2.01967,1.37,1.00
2015.07.21 13:30:18.065,2.01932,2.01971,1.37,1.50
2015.07.21 13:30:18.216,2.01932,2.01971,1.87,1.00
2015.07.21 13:30:18.318,2.01932,2.01971,1.87,1.00
2015.07.21 13:30:18.822,2.01933,2.01971,1.12,1.00
2015.07.21 13:30:18.980,2.01933,2.01971,1.37,1.00
2015.07.21 13:30:19.476,2.01933,2.01971,1.00,1.00
2015.07.21 13:30:20.778,2.01932,2.01971,1.50,1.00
2015.07.21 13:30:22.335,2.01932,2.01971,1.37,1.00
2015.07.21 13:30:22.870,2.01932,2.01971,1.12,1.00
2015.07.21 13:30:23.223,2.01932,2.01971,1.37,1.00
2015.07.21 13:30:23.324,2.01932,2.01971,1.00,1.00
2015.07.21 13:30:23.437,2.01932,2.01971,1.37,1.00
2015.07.21 13:30:23.538,2.01932,2.01971,1.37,1.00
2015.07.21 13:30:24.089,2.01932,2.01971,1.00,1.00
2015.07.21 13:30:25.610,2.01933,2.01971,1.00,1.00
2015.07.21 13:30:25.813,2.01932,2.01969,1.00,1.00
2015.07.21 13:30:26.364,2.01932,2.0197,1.00,1.00
2015.07.21 13:30:26.868,2.01932,2.01971,1.00,1.00
2015.07.21 13:30:27.400,2.01932,2.0197,1.00,1.00
2015.07.21 13:30:28.454,2.01932,2.01968,1.00,1.00
2015.07.21 13:30:28.757,2.01932,2.01966,1.00,1.00
2015.07.21 13:30:28.808,2.01932,2.01968,1.00,1.00
2015.07.21 13:30:29.010,2.01928,2.01966,1.00,1.00
2015.07.21 13:30:30.359,2.01928,2.01965,1.00,1.00
2015.07.21 13:30:30.410,2.01932,2.01965,1.00,1.00
2015.07.21 13:30:30.461,2.01929,2.01968,1.50,1.00
2015.07.21 13:30:30.562,2.01931,2.01968,1.00,1.00
2015.07.21 13:30:30.716,2.01933,2.01972,1.50,1.00
2015.07.21 13:30:30.773,2.01938,2.01975,1.00,1.50
2015.07.21 13:30:31.278,2.01937,2.01975,1.00,1.00
2015.07.21 13:30:33.548,2.01937,2.01975,1.00,1.37
2015.07.21 13:30:33.850,2.01937,2.01975,1.00,1.87
2015.07.21 13:30:33.952,2.01937,2.01975,1.00,1.50
2015.07.21 13:30:34.123,2.01937,2.01975,1.00,1.87
2015.07.21 13:30:34.174,2.01937,2.01975,1.00,1.87
2015.07.21 13:30:34.391,2.01937,2.01973,1.00,1.00
2015.07.21 13:30:34.748,2.01937,2.01971,1.00,1.00
2015.07.21 13:30:35.755,2.01937,2.01973,1.00,1.00
2015.07.21 13:30:36.059,2.01937,2.0197,1.00,1.00
2015.07.21 13:30:36.413,2.01932,2.0197,1.00,1.00
2015.07.21 13:30:36.464,2.01932,2.0197,1.00,1.37
2015.07.21 13:30:36.604,2.01932,2.01967,1.00,1.37
2015.07.21 13:30:36.656,2.01932,2.01967,1.00,1.00
2015.07.21 13:30:37.136,2.01932,2.01969,1.00,1.00
2015.07.21 13:30:37.287,2.01932,2.01971,1.00,1.87
2015.07.21 13:30:37.814,2.01932,2.01971,1.00,1.37
2015.07.21 13:30:37.915,2.01932,2.01965,1.00,1.00
2015.07.21 13:30:37.966,2.01928,2.01965,1.00,1.87
2015.07.21 13:30:38.017,2.01928,2.01962,1.00,1.00
2015.07.21 13:30:38.320,2.01923,2.0196,1.00,1.87
2015.07.21 13:30:38.633,2.01923,2.01957,1.00,1.37
2015.07.21 13:30:38.684,2.01917,2.01956,1.00,1.37
2015.07.21 13:30:38.785,2.01917,2.01956,1.00,1.00
2015.07.21 13:30:39.336,2.01917,2.01957,1.00,1.50
2015.07.21 13:30:39.488,2.01917,2.01957,1.00,1.87
2015.07.21 13:30:39.693,2.01917,2.01956,1.00,1.12
2015.07.21 13:30:40.245,2.01917,2.01957,1.00,1.00
2015.07.21 13:30:40.705,2.01917,2.01957,1.00,1.37
2015.07.21 13:30:40.806,2.01917,2.01957,1.00,1.00
2015.07.21 13:30:41.767,2.01919,2.01957,1.00,1.00
2015.07.21 13:30:41.919,2.01922,2.01961,1.00,1.00
2015.07.21 13:30:42.986,2.01922,2.01961,1.50,1.37
2015.07.21 13:30:43.087,2.01922,2.01961,1.50,1.00
2015.07.21 13:30:43.596,2.01923,2.01961,1.00,1.00
2015.07.21 13:30:46.046,2.01934,2.01961,1.00,1.00
2015.07.21 13:30:46.198,2.01934,2.01968,1.00,1.00
2015.07.21 13:30:46.299,2.01935,2.01972,1.00,1.00
2015.07.21 13:30:46.404,2.01932,2.01972,1.00,1.00
2015.07.21 13:30:47.153,2.01932,2.01971,1.00,1.00
2015.07.21 13:30:47.707,2.01932,2.01969,1.00,1.00
2015.07.21 13:30:47.928,2.01926,2.01965,1.00,1.00
2015.07.21 13:30:49.321,2.01929,2.01968,1.00,1.00
2015.07.21 13:30:49.421,2.01933,2.01973,1.00,1.50
2015.07.21 13:30:49.998,2.0193,2.01969,1.00,1.00
2015.07.21 13:30:50.681,2.01932,2.01969,1.00,1.00
2015.07.21 13:30:51.436,2.01933,2.01969,1.00,1.00
2015.07.21 13:30:51.846,2.01935,2.01972,1.00,1.00
2015.07.21 13:30:52.442,2.01939,2.01976,1.50,1.00
2015.07.21 13:30:52.564,2.01942,2.01981,1.00,1.00
2015.07.21 13:30:53.069,2.01938,2.01978,1.00,1.00
2015.07.21 13:30:53.423,2.01938,2.01976,1.00,1.00
2015.07.21 13:30:53.473,2.01935,2.01974,1.00,1.00
2015.07.21 13:30:53.525,2.01935,2.01974,1.00,1.37
2015.07.21 13:30:54.200,2.01935,2.01974,1.00,1.00
2015.07.21 13:30:54.452,2.01935,2.01972,1.00,1.00
2015.07.21 13:30:55.043,2.01935,2.01973,1.00,1.00
2015.07.21 13:30:55.348,2.01933,2.0197,1.00,1.00
2015.07.21 13:30:55.860,2.01933,2.01969,1.00,1.00
2015.07.21 13:30:56.012,2.01927,2.01965,1.00,1.00
2015.07.21 13:30:56.204,2.01927,2.01967,1.00,1.50
2015.07.21 13:30:58.461,2.01927,2.01965,1.00,1.00
2015.07.21 13:30:58.612,2.01923,2.01963,1.00,1.50
2015.07.21 13:30:58.713,2.01923,2.0196,1.00,1.00
2015.07.21 13:30:58.764,2.01924,2.01963,1.00,1.00
2015.07.21 13:30:59.540,2.0192,2.01958,1.00,1.00
2015.07.21 13:31:03.660,2.01924,2.01958,1.00,1.00
2015.07.21 13:31:03.849,2.01922,2.01958,1.00,1.00
2015.07.21 13:31:04.309,2.0192,2.01958,1.00,1.00
2015.07.21 13:31:04.562,2.01922,2.01958,1.00,1.00
2015.07.21 13:31:04.764,2.0192,2.01958,1.50,1.00
2015.07.21 13:31:05.083,2.01922,2.01958,1.00,1.00
2015.07.21 13:31:05.740,2.01924,2.01958,1.12,1.00
2015.07.21 13:31:05.791,2.01925,2.01962,1.00,1.00
2015.07.21 13:31:06.644,2.01926,2.01962,1.00,1.00
2015.07.21 13:31:07.148,2.01925,2.01962,1.00,1.00
2015.07.21 13:31:07.711,2.01927,2.01964,1.00,1.00
2015.07.21 13:31:07.863,2.01927,2.01966,1.00,1.00
2015.07.21 13:31:07.964,2.01927,2.01962,1.00,1.00
2015.07.21 13:31:08.066,2.01923,2.01962,1.00,1.00
2015.07.21 13:31:08.731,2.01923,2.01963,1.00,1.00
2015.07.21 13:31:09.507,2.01923,2.01962,1.00,1.00
2015.07.21 13:31:10.012,2.01923,2.01963,1.00,1.00
2015.07.21 13:31:10.613,2.01923,2.01962,1.00,1.00
2015.07.21 13:31:16.973,2.01923,2.01961,1.00,1.00
2015.07.21 13:31:17.489,2.01923,2.01962,1.00,1.00
2015.07.21 13:31:18.041,2.01923,2.01963,1.00,1.50
2015.07.21 13:31:18.865,2.01924,2.01963,1.00,1.50
2015.07.21 13:31:18.966,2.0193,2.01966,1.00,1.00
2015.07.21 13:31:19.017,2.0193,2.01969,1.50,1.00
2015.07.21 13:31:19.297,2.01932,2.01969,1.00,1.00
2015.07.21 13:31:19.612,2.0193,2.01969,1.50,1.00
2015.07.21 13:31:21.209,2.0193,2.01969,1.87,1.00
2015.07.21 13:31:21.310,2.0193,2.01969,1.50,1.00
2015.07.21 13:31:22.930,2.01931,2.01969,1.00,1.00
2015.07.21 13:31:23.436,2.0193,2.01969,1.00,1.00
2015.07.21 13:31:25.135,2.0193,2.01966,1.00,1.00
2015.07.21 13:31:25.670,2.0193,2.01962,1.00,1.00
2015.07.21 13:31:26.879,2.0193,2.01956,1.00,1.00
2015.07.21 13:31:27.192,2.01925,2.01957,1.00,1.00
2015.07.21 13:31:27.293,2.01922,2.01957,1.00,1.00
2015.07.21 13:31:27.344,2.01922,2.01951,1.00,1.00
2015.07.21 13:31:27.445,2.01919,2.01951,1.00,1.00
2015.07.21 13:31:27.596,2.01914,2.01951,1.00,1.37
2015.07.21 13:31:27.647,2.01914,2.01948,1.00,1.00
2015.07.21 13:31:27.798,2.0191,2.01945,1.00,1.00
2015.07.21 13:31:28.153,2.01906,2.01945,1.00,1.00
2015.07.21 13:31:28.204,2.01912,2.01947,1.00,1.00
2015.07.21 13:31:28.305,2.01912,2.01949,1.00,1.00
2015.07.21 13:31:28.859,2.01914,2.01949,1.00,1.00
2015.07.21 13:31:29.212,2.01912,2.01949,1.50,1.00
2015.07.21 13:31:29.394,2.01916,2.01952,1.00,1.00
2015.07.21 13:31:30.389,2.01916,2.01951,1.00,1.00
2015.07.21 13:31:30.632,2.01916,2.01954,1.00,1.00
2015.07.21 13:31:30.840,2.01916,2.01951,1.00,1.00
2015.07.21 13:31:31.042,2.01916,2.01954,1.00,1.00
2015.07.21 13:31:31.396,2.01916,2.01951,1.00,1.00
2015.07.21 13:31:31.947,2.01916,2.01952,1.00,1.00
2015.07.21 13:31:32.296,2.01916,2.01946,1.50,1.00
2015.07.21 13:31:32.397,2.01916,2.01951,1.50,1.00
2015.07.21 13:31:32.599,2.01916,2.01954,1.00,1.00
2015.07.21 13:31:32.700,2.01916,2.01952,1.00,1.00
2015.07.21 13:31:33.064,2.01916,2.0195,1.00,1.00
2015.07.21 13:31:33.569,2.01916,2.01949,1.00,1.00
2015.07.21 13:31:33.720,2.01916,2.01952,1.00,1.50
2015.07.21 13:31:34.058,2.01916,2.0195,1.00,1.00
2015.07.21 13:31:34.461,2.01916,2.01952,1.00,1.00
2015.07.21 13:31:34.997,2.01916,2.01951,1.00,1.00
2015.07.21 13:31:35.370,2.01916,2.01948,1.00,1.00
2015.07.21 13:31:35.472,2.01916,2.0195,1.00,1.00
2015.07.21 13:31:35.774,2.01916,2.01952,1.00,1.50
2015.07.21 13:31:36.312,2.01916,2.01951,1.00,1.00
2015.07.21 13:31:36.887,2.01916,2.0195,1.00,1.00
2015.07.21 13:31:37.396,2.01916,2.01949,1.00,1.00
2015.07.21 13:31:37.582,2.01916,2.01951,1.00,1.00
2015.07.21 13:31:37.684,2.01916,2.01954,1.00,1.50
2015.07.21 13:31:37.785,2.01916,2.01951,1.00,1.00
2015.07.21 13:31:38.440,2.01916,2.01952,1.00,1.50
2015.07.21 13:31:38.848,2.01916,2.0195,1.00,1.00
2015.07.21 13:31:38.949,2.0191,2.01949,1.00,1.00
2015.07.21 13:31:40.292,2.0191,2.01947,1.00,1.50
2015.07.21 13:31:40.618,2.0191,2.01942,1.00,1.00
2015.07.21 13:31:40.870,2.0191,2.01944,1.00,1.00
2015.07.21 13:31:40.921,2.01914,2.01944,1.00,1.00
2015.07.21 13:31:41.196,2.01919,2.0195,1.00,1.00
2015.07.21 13:31:41.397,2.01914,2.01948,1.00,1.00
2015.07.21 13:31:41.545,2.01914,2.0195,1.00,1.00
2015.07.21 13:31:41.698,2.01911,2.0195,1.00,1.50
2015.07.21 13:31:41.749,2.01911,2.01948,1.00,1.00
2015.07.21 13:31:42.052,2.01911,2.01944,1.00,1.00
2015.07.21 13:31:42.304,2.01905,2.01942,1.00,1.00
2015.07.21 13:31:42.405,2.01905,2.01944,1.00,1.50
2015.07.21 13:31:42.706,2.01908,2.01947,1.00,2.25
2015.07.21 13:31:43.160,2.01912,2.01949,1.00,1.00
2015.07.21 13:31:43.513,2.01912,2.01947,1.00,1.00
2015.07.21 13:31:43.816,2.01912,2.01949,1.00,1.00
2015.07.21 13:31:44.446,2.01916,2.01954,1.00,1.00
2015.07.21 13:31:46.130,2.01916,2.01946,1.00,1.00
2015.07.21 13:31:46.232,2.01916,2.01951,1.00,1.00
2015.07.21 13:31:46.333,2.01916,2.01947,1.00,1.00
2015.07.21 13:31:46.585,2.01916,2.01949,1.00,1.00
2015.07.21 13:31:46.737,2.01911,2.01948,1.00,1.00
2015.07.21 13:31:47.433,2.01911,2.01949,1.00,1.00
2015.07.21 13:31:48.988,2.01911,2.01948,1.00,1.00
2015.07.21 13:31:49.223,2.01911,2.0195,1.00,1.00
2015.07.21 13:31:49.755,2.01911,2.01949,1.00,1.00
2015.07.21 13:31:50.092,2.01911,2.01949,1.37,1.00
2015.07.21 13:31:50.193,2.01919,2.01955,1.00,1.00
2015.07.21 13:31:50.395,2.01919,2.01953,1.00,1.00
2015.07.21 13:31:50.546,2.01914,2.0195,1.00,1.00
2015.07.21 13:31:50.844,2.01914,2.01952,1.00,1.00
2015.07.21 13:31:50.945,2.01914,2.0195,1.00,1.00
2015.07.21 13:31:51.389,2.01914,2.01952,1.00,1.00
2015.07.21 13:31:51.942,2.01914,2.0195,1.00,1.00
2015.07.21 13:31:52.447,2.01914,2.01951,1.00,1.00
2015.07.21 13:31:54.151,2.01914,2.01948,1.00,1.00
2015.07.21 13:31:54.685,2.01914,2.01952,1.00,1.00
2015.07.21 13:31:58.875,2.01914,2.01951,1.00,1.00
2015.07.21 13:31:59.430,2.01914,2.01952,1.00,1.00
2015.07.21 13:31:59.766,2.01917,2.01955,1.00,1.00
2015.07.21 13:32:00.285,2.01917,2.01954,1.00,1.00
2015.07.21 13:32:00.642,2.01917,2.01952,1.00,1.00
2015.07.21 13:32:01.046,2.01917,2.01955,1.00,1.50
2015.07.21 13:32:01.854,2.01917,2.01951,1.00,1.00
2015.07.21 13:32:02.611,2.01917,2.01955,1.00,1.00
2015.07.21 13:32:03.394,2.01917,2.01943,1.00,1.00
2015.07.21 13:32:03.445,2.01914,2.01943,1.00,1.00
2015.07.21 13:32:03.496,2.01907,2.01946,1.00,1.00
2015.07.21 13:32:03.647,2.01902,2.01941,1.00,1.00
2015.07.21 13:32:03.965,2.01902,2.01939,1.00,1.00
2015.07.21 13:32:04.368,2.01902,2.01941,1.00,1.00
2015.07.21 13:32:05.178,2.01902,2.01941,1.87,1.00
2015.07.21 13:32:05.229,2.01905,2.01945,1.00,1.00
2015.07.21 13:32:08.060,2.01905,2.01945,1.37,1.00
2015.07.21 13:32:08.263,2.01905,2.01945,1.12,1.00
2015.07.21 13:32:08.969,2.01905,2.01945,1.37,1.00
2015.07.21 13:32:09.072,2.01905,2.01945,1.87,1.00
2015.07.21 13:32:09.597,2.01905,2.01945,1.00,1.00
2015.07.21 13:32:09.849,2.01905,2.01941,1.00,1.00
2015.07.21 13:32:10.297,2.01902,2.01941,1.00,1.50
2015.07.21 13:32:13.401,2.01904,2.01941,1.00,1.00
2015.07.21 13:32:13.704,2.01909,2.01944,1.00,1.00
2015.07.21 13:32:13.956,2.01907,2.01944,1.00,1.00
2015.07.21 13:32:16.883,2.01907,2.01944,1.37,1.00
2015.07.21 13:32:17.085,2.01911,2.0195,1.12,1.00
2015.07.21 13:32:17.136,2.01915,2.0195,1.00,1.00
2015.07.21 13:32:17.186,2.01915,2.01955,1.50,1.00
2015.07.21 13:32:18.008,2.01915,2.01952,1.00,1.00
2015.07.21 13:32:18.109,2.01915,2.01955,1.00,1.50
2015.07.21 13:32:18.211,2.01912,2.01952,1.00,1.00
2015.07.21 13:32:20.067,2.01909,2.01949,1.00,1.00
2015.07.21 13:32:21.443,2.01909,2.01948,1.00,1.00
2015.07.21 13:32:21.797,2.01906,2.01945,1.00,1.00
2015.07.21 13:32:23.789,2.01904,2.01941,1.00,1.00
2015.07.21 13:32:24.556,2.01904,2.0194,1.00,1.00
2015.07.21 13:32:24.808,2.01895,2.01932,1.00,1.00
2015.07.21 13:32:24.909,2.01892,2.01931,1.00,1.00
2015.07.21 13:32:25.162,2.01892,2.01927,1.00,1.00
2015.07.21 13:32:25.829,2.01892,2.01931,1.00,1.50
2015.07.21 13:32:26.892,2.01889,2.01928,1.00,1.00
2015.07.21 13:32:27.195,2.01889,2.01926,1.00,1.00
2015.07.21 13:32:27.246,2.01889,2.01928,1.00,1.00
2015.07.21 13:32:30.045,2.01889,2.01928,1.00,1.37
2015.07.21 13:32:30.146,2.01889,2.01928,1.00,1.00
2015.07.21 13:32:34.827,2.01889,2.01926,1.00,1.00
2015.07.21 13:32:35.130,2.01884,2.01921,1.00,1.00
2015.07.21 13:32:35.432,2.01884,2.01916,1.00,1.00
2015.07.21 13:32:35.736,2.01881,2.01915,1.00,1.00
2015.07.21 13:32:36.240,2.01881,2.01914,1.00,1.00
2015.07.21 13:32:36.952,2.01881,2.01913,1.00,1.00
2015.07.21 13:32:37.254,2.01876,2.01913,1.00,1.00
2015.07.21 13:32:37.707,2.01876,2.0191,1.00,1.00
2015.07.21 13:32:37.909,2.01873,2.01909,1.00,1.00
2015.07.21 13:32:37.960,2.01869,2.01904,1.00,1.00
2015.07.21 13:32:38.189,2.01862,2.01901,1.00,1.50
2015.07.21 13:32:38.240,2.01862,2.01901,1.00,1.87
2015.07.21 13:32:38.443,2.01857,2.01895,1.00,1.50
2015.07.21 13:32:38.595,2.01857,2.0189,1.00,1.00
2015.07.21 13:32:38.696,2.01854,2.01888,1.00,1.00
2015.07.21 13:32:38.747,2.01852,2.01888,1.00,1.87
2015.07.21 13:32:39.283,2.01851,2.01888,1.00,1.00
2015.07.21 13:32:39.587,2.01851,2.01885,1.00,1.00
2015.07.21 13:32:39.688,2.01851,2.01888,1.00,1.00
2015.07.21 13:32:39.890,2.01847,2.01886,1.00,1.00
2015.07.21 13:32:40.481,2.01847,2.01884,1.00,1.00
2015.07.21 13:32:40.858,2.01847,2.01882,1.00,1.00
2015.07.21 13:32:40.960,2.01844,2.01881,1.00,1.00
2015.07.21 13:32:41.313,2.01844,2.01876,1.00,1.00
2015.07.21 13:32:41.508,2.01844,2.01881,1.00,1.00
2015.07.21 13:32:41.862,2.01844,2.01877,1.00,1.00
2015.07.21 13:32:42.529,2.01837,2.01877,1.00,1.50
2015.07.21 13:32:42.780,2.01837,2.0187,1.00,1.00
2015.07.21 13:32:43.084,2.01835,2.01871,1.00,1.00
2015.07.21 13:32:43.597,2.01835,2.01872,1.00,1.00
2015.07.21 13:32:44.102,2.01835,2.01871,1.00,1.00
2015.07.21 13:32:45.054,2.0183,2.0187,1.00,1.00
2015.07.21 13:32:45.384,2.0183,2.01866,1.12,1.00
2015.07.21 13:32:46.796,2.0183,2.0187,1.00,1.00
2015.07.21 13:32:47.250,2.0183,2.01866,1.00,1.00
2015.07.21 13:32:47.452,2.01825,2.01865,1.00,1.00
2015.07.21 13:32:47.503,2.01825,2.01862,1.00,1.00
2015.07.21 13:32:47.705,2.01826,2.01865,1.00,1.00
2015.07.21 13:32:47.859,2.01826,2.01865,1.37,1.00
2015.07.21 13:32:48.014,2.0183,2.01867,1.37,1.00
2015.07.21 13:32:48.166,2.0183,2.01868,1.37,1.00
2015.07.21 13:32:48.268,2.01829,2.01872,1.37,1.00
2015.07.21 13:32:48.672,2.01832,2.01876,1.37,2.59
2015.07.21 13:32:48.899,2.01832,2.01876,1.00,2.59
2015.07.21 13:32:48.950,2.01829,2.01875,1.50,1.00
2015.07.21 13:32:49.051,2.01832,2.01876,1.00,1.84
2015.07.21 13:32:49.555,2.01831,2.01875,1.00,1.00
2015.07.21 13:32:49.858,2.01833,2.01876,1.00,1.50
2015.07.21 13:32:50.202,2.01835,2.01877,1.87,1.50
2015.07.21 13:32:50.707,2.01835,2.01877,1.00,1.00
2015.07.21 13:32:51.210,2.01835,2.01877,1.37,1.00
2015.07.21 13:32:51.575,2.01835,2.01877,1.87,1.00
2015.07.21 13:32:51.676,2.01835,2.01877,1.00,1.00
2015.07.21 13:32:51.929,2.01835,2.0188,1.00,1.00
2015.07.21 13:32:52.232,2.01835,2.01878,1.00,1.00
2015.07.21 13:32:52.781,2.01835,2.01877,1.00,1.00
2015.07.21 13:32:53.033,2.01835,2.0188,1.50,1.00
2015.07.21 13:32:53.084,2.01835,2.01872,1.87,1.00
2015.07.21 13:32:53.739,2.01835,2.01875,1.00,1.00
2015.07.21 13:32:54.288,2.01835,2.01874,1.00,1.00
2015.07.21 13:32:54.842,2.01835,2.01871,1.00,1.00
2015.07.21 13:32:55.850,2.01835,2.01872,1.00,1.00
2015.07.21 13:32:57.363,2.01835,2.01871,1.12,1.00
2015.07.21 13:32:58.480,2.01835,2.01872,1.00,1.00
2015.07.21 13:32:58.581,2.01829,2.01871,1.50,1.00
2015.07.21 13:32:58.631,2.01829,2.01869,1.00,1.00
2015.07.21 13:32:58.933,2.01829,2.01866,1.00,1.00
2015.07.21 13:32:59.286,2.01829,2.01868,1.00,1.00
2015.07.21 13:32:59.589,2.01829,2.01865,1.00,1.00
2015.07.21 13:32:59.741,2.01829,2.01867,1.00,1.00
2015.07.21 13:32:59.934,2.01829,2.01869,1.37,1.00
2015.07.21 13:33:00.039,2.01829,2.01872,1.87,1.00
2015.07.21 13:33:00.140,2.01829,2.01874,1.87,1.09
2015.07.21 13:33:00.545,2.0183,2.01875,1.37,1.34
2015.07.21 13:33:00.646,2.01829,2.01873,1.12,1.00
2015.07.21 13:33:00.747,2.01829,2.01874,1.37,1.09
2015.07.21 13:33:01.014,2.01829,2.01871,1.00,1.00
2015.07.21 13:33:01.546,2.01829,2.01872,1.87,1.00
2015.07.21 13:33:01.647,2.01829,2.01871,1.37,1.00
2015.07.21 13:33:01.698,2.01831,2.01875,1.37,1.84
2015.07.21 13:33:01.950,2.0183,2.01875,1.37,1.34
2015.07.21 13:33:02.234,2.01829,2.01873,1.00,1.00
2015.07.21 13:33:02.453,2.01829,2.01869,1.00,1.00
2015.07.21 13:33:02.958,2.01829,2.0187,1.00,1.00
2015.07.21 13:33:03.462,2.01829,2.01867,1.00,1.00
2015.07.21 13:33:03.664,2.01829,2.0187,1.00,1.00
2015.07.21 13:33:03.916,2.01829,2.01867,1.00,1.00
2015.07.21 13:33:04.509,2.01829,2.01866,1.00,1.00
2015.07.21 13:33:05.014,2.01829,2.01865,1.00,1.00
2015.07.21 13:33:05.115,2.01829,2.01867,1.00,1.00
2015.07.21 13:33:05.417,2.01829,2.01865,1.00,1.00
2015.07.21 13:33:05.666,2.01829,2.01867,1.00,1.00
2015.07.21 13:33:06.322,2.01829,2.01866,1.00,1.00
2015.07.21 13:33:06.423,2.01826,2.01864,1.37,1.00
2015.07.21 13:33:06.525,2.01826,2.01866,1.12,1.00
2015.07.21 13:33:06.971,2.01826,2.01869,1.00,1.00
2015.07.21 13:33:07.021,2.01826,2.01869,1.37,1.00
2015.07.21 13:33:07.072,2.01826,2.01872,1.87,2.25
2015.07.21 13:33:07.123,2.01826,2.01872,1.87,2.25
2015.07.21 13:33:07.324,2.01824,2.01865,1.87,1.00
2015.07.21 13:33:07.426,2.01824,2.01865,1.50,1.00
2015.07.21 13:33:07.527,2.01824,2.01868,2.25,1.00
2015.07.21 13:33:07.755,2.01823,2.01863,1.00,1.00
2015.07.21 13:33:08.380,2.01819,2.01863,1.50,1.00
2015.07.21 13:33:08.431,2.01822,2.01866,1.37,1.00
2015.07.21 13:33:08.532,2.01822,2.01866,1.00,1.00
2015.07.21 13:33:08.633,2.01819,2.01864,2.62,1.00
2015.07.21 13:33:08.783,2.01819,2.01864,2.62,1.00
2015.07.21 13:33:08.834,2.01821,2.01865,1.37,1.00
2015.07.21 13:33:09.138,2.01822,2.01866,1.37,1.00
2015.07.21 13:33:09.239,2.01822,2.01866,1.37,1.00
2015.07.21 13:33:09.340,2.01822,2.01866,1.37,1.00
2015.07.21 13:33:09.642,2.01824,2.01868,1.12,1.00
2015.07.21 13:33:09.960,2.01821,2.01867,1.00,1.00
2015.07.21 13:33:10.383,2.0182,2.01865,1.00,1.00
2015.07.21 13:33:10.733,2.0182,2.01867,1.37,1.00
2015.07.21 13:33:11.035,2.0182,2.01865,1.37,1.00
2015.07.21 13:33:11.237,2.01821,2.01865,1.37,1.00
2015.07.21 13:33:11.338,2.01821,2.01865,1.00,1.00
2015.07.21 13:33:11.490,2.01821,2.01867,1.00,1.00
2015.07.21 13:33:11.907,2.01822,2.01867,1.37,1.00
2015.07.21 13:33:12.147,2.01821,2.01867,1.37,1.00
2015.07.21 13:33:12.349,2.0182,2.01865,1.50,1.00
2015.07.21 13:33:12.500,2.01818,2.01859,1.00,1.00
2015.07.21 13:33:12.551,2.01816,2.01859,1.00,1.00
2015.07.21 13:33:12.702,2.01814,2.01859,1.00,1.00
2015.07.21 13:33:12.804,2.01814,2.01856,1.00,1.00
2015.07.21 13:33:13.118,2.01813,2.01853,1.50,1.37
2015.07.21 13:33:13.651,2.01813,2.01853,1.00,1.00
2015.07.21 13:33:13.997,2.01811,2.01848,1.00,1.00
2015.07.21 13:33:14.101,2.01808,2.01848,1.00,1.00
2015.07.21 13:33:14.606,2.01808,2.01847,1.00,1.00
2015.07.21 13:33:15.962,2.01803,2.01847,1.50,1.50
2015.07.21 13:33:16.425,2.01803,2.01845,1.50,1.00
2015.07.21 13:33:16.728,2.01799,2.01837,1.00,1.00
2015.07.21 13:33:16.879,2.018,2.01842,1.00,1.00
2015.07.21 13:33:17.419,2.01798,2.01837,1.00,1.00
2015.07.21 13:33:17.570,2.01792,2.01834,1.00,1.12
2015.07.21 13:33:17.873,2.01792,2.01836,1.00,1.00
2015.07.21 13:33:18.075,2.01793,2.01839,1.37,1.00
2015.07.21 13:33:18.404,2.01795,2.01841,1.00,1.00
2015.07.21 13:33:18.861,2.01794,2.0184,1.87,1.00
2015.07.21 13:33:18.962,2.01794,2.0184,1.87,1.00
2015.07.21 13:33:19.063,2.01795,2.0184,1.37,1.00
2015.07.21 13:33:19.265,2.01795,2.0184,1.00,1.00
2015.07.21 13:33:19.316,2.01794,2.01838,1.00,1.00
2015.07.21 13:33:19.661,2.01794,2.01836,1.00,1.00
2015.07.21 13:33:19.814,2.0179,2.01835,1.00,1.00
2015.07.21 13:33:19.865,2.01788,2.01831,1.50,1.00
2015.07.21 13:33:20.117,2.01785,2.01829,1.00,1.00
2015.07.21 13:33:20.470,2.01784,2.01831,1.00,1.00
2015.07.21 13:33:20.849,2.01784,2.01829,1.00,1.00
2015.07.21 13:33:21.504,2.01783,2.01829,1.00,1.00
2015.07.21 13:33:21.556,2.0178,2.01827,1.00,1.00
2015.07.21 13:33:21.866,2.01785,2.01831,1.00,1.50
2015.07.21 13:33:22.521,2.01785,2.01832,1.00,1.00
2015.07.21 13:33:22.889,2.01786,2.01831,1.37,1.00
2015.07.21 13:33:22.991,2.01786,2.01831,1.12,1.00
2015.07.21 13:33:23.092,2.01786,2.01833,1.00,1.00
2015.07.21 13:33:23.143,2.01786,2.01831,1.00,1.00
2015.07.21 13:33:23.344,2.01786,2.01833,1.00,1.00
2015.07.21 13:33:23.395,2.01784,2.01831,1.00,1.00
2015.07.21 13:33:23.922,2.01785,2.01829,1.00,1.00
2015.07.21 13:33:24.225,2.01787,2.01831,1.37,1.00
2015.07.21 13:33:24.377,2.01787,2.01831,1.12,1.00
2015.07.21 13:33:24.926,2.01784,2.01831,1.00,1.50
2015.07.21 13:33:24.982,2.01787,2.01834,1.00,1.09
2015.07.21 13:33:25.285,2.01793,2.01836,1.00,1.00
2015.07.21 13:33:25.386,2.01791,2.01836,1.00,1.00
2015.07.21 13:33:25.638,2.01791,2.01832,1.00,1.00
2015.07.21 13:33:25.690,2.01788,2.01832,1.00,1.00
2015.07.21 13:33:26.203,2.01788,2.01833,1.87,1.00
2015.07.21 13:33:26.721,2.0179,2.01835,1.00,1.00
2015.07.21 13:33:27.232,2.01789,2.01834,1.50,1.00
2015.07.21 13:33:27.685,2.01788,2.01831,1.50,1.00
2015.07.21 13:33:28.243,2.01789,2.01832,1.00,1.50
2015.07.21 13:33:28.779,2.01788,2.01831,1.00,1.00
2015.07.21 13:33:29.283,2.01787,2.0183,1.12,1.00
2015.07.21 13:33:29.829,2.01787,2.01832,1.00,1.00
2015.07.21 13:33:30.333,2.01786,2.01832,1.00,1.50
2015.07.21 13:33:30.434,2.01789,2.01832,1.00,1.00
2015.07.21 13:33:30.535,2.01787,2.01832,1.00,1.00
2015.07.21 13:33:30.834,2.01784,2.0183,1.50,1.00
2015.07.21 13:33:31.732,2.01787,2.01829,1.00,1.00
2015.07.21 13:33:32.058,2.01784,2.01829,1.00,1.00
2015.07.21 13:33:32.396,2.01786,2.0183,1.00,1.00
2015.07.21 13:33:32.699,2.0179,2.01833,1.37,1.00
2015.07.21 13:33:32.951,2.0179,2.01831,1.00,1.00
2015.07.21 13:33:33.052,2.0179,2.01833,1.00,1.00
2015.07.21 13:33:33.236,2.01798,2.01837,1.00,1.00
2015.07.21 13:33:33.287,2.01799,2.01842,1.00,1.00
2015.07.21 13:33:33.338,2.01803,2.01845,1.00,1.00
2015.07.21 13:33:33.490,2.018,2.01846,1.00,1.50
2015.07.21 13:33:33.541,2.01804,2.01847,1.00,1.50
2015.07.21 13:33:33.843,2.01798,2.01841,1.00,1.34
2015.07.21 13:33:34.048,2.01784,2.01831,2.25,1.00
2015.07.21 13:33:34.200,2.01781,2.01827,1.00,1.00
2015.07.21 13:33:34.302,2.01782,2.01829,1.00,1.00
2015.07.21 13:33:34.504,2.01783,2.01827,1.00,1.00
2015.07.21 13:33:34.705,2.01779,2.01824,1.00,1.00
2015.07.21 13:33:34.964,2.01778,2.01822,1.50,1.00
2015.07.21 13:33:35.166,2.01775,2.0182,1.50,1.00
2015.07.21 13:33:35.671,2.01776,2.01821,1.00,1.00
2015.07.21 13:33:36.186,2.01775,2.0182,1.50,1.00
2015.07.21 13:33:37.467,2.01775,2.01818,1.00,1.00
2015.07.21 13:33:37.819,2.01772,2.01818,1.00,1.00
2015.07.21 13:33:37.920,2.01769,2.01813,1.50,1.00
2015.07.21 13:33:38.239,2.01771,2.01814,1.00,1.00
2015.07.21 13:33:38.593,2.01772,2.01817,1.00,1.00
2015.07.21 13:33:38.694,2.01774,2.01818,1.00,1.00
2015.07.21 13:33:38.896,2.01774,2.0182,1.00,1.00
2015.07.21 13:33:38.997,2.01772,2.01818,1.37,1.00
2015.07.21 13:33:39.277,2.01774,2.0182,1.00,1.00
2015.07.21 13:33:39.782,2.01775,2.0182,1.00,1.00
2015.07.21 13:33:40.286,2.01774,2.01819,1.00,1.00
2015.07.21 13:33:40.388,2.01774,2.01819,1.00,1.37
2015.07.21 13:33:40.489,2.01774,2.01819,1.00,1.00
2015.07.21 13:33:40.590,2.01774,2.01819,1.00,1.37
2015.07.21 13:33:40.691,2.01774,2.01819,1.00,1.37
2015.07.21 13:33:40.792,2.01771,2.01816,1.00,1.00
2015.07.21 13:33:41.331,2.0177,2.01816,1.00,1.00
2015.07.21 13:33:41.684,2.0177,2.01817,1.37,1.50
2015.07.21 13:33:41.987,2.01773,2.01819,1.87,1.00
2015.07.21 13:33:42.189,2.0177,2.01816,1.00,1.00
2015.07.21 13:33:42.393,2.0177,2.01812,1.00,1.00
2015.07.21 13:33:42.494,2.01773,2.01817,1.00,1.00
2015.07.21 13:33:42.956,2.0177,2.01816,1.00,1.00
2015.07.21 13:33:43.593,2.0177,2.01817,1.00,1.00
2015.07.21 13:33:43.644,2.0177,2.01815,1.00,1.00
2015.07.21 13:33:43.745,2.01767,2.01813,1.50,1.00
2015.07.21 13:33:43.795,2.01767,2.01813,1.50,1.37
2015.07.21 13:33:44.098,2.01767,2.01812,1.00,1.00
2015.07.21 13:33:44.602,2.01767,2.01813,1.00,1.00
2015.07.21 13:33:45.141,2.01767,2.01812,1.00,1.00
2015.07.21 13:33:45.723,2.01765,2.01812,1.00,1.00
2015.07.21 13:33:46.177,2.0177,2.01817,1.00,1.00
2015.07.21 13:33:46.278,2.01767,2.01817,1.12,1.00
2015.07.21 13:33:46.632,2.01768,2.01819,1.00,1.00
2015.07.21 13:33:46.884,2.01769,2.0182,1.37,1.00
2015.07.21 13:33:46.935,2.01774,2.01822,1.37,1.00
2015.07.21 13:33:46.986,2.01774,2.01824,1.00,1.00
2015.07.21 13:33:47.037,2.01776,2.01824,1.00,1.00
2015.07.21 13:33:47.358,2.0178,2.01827,1.37,1.00
2015.07.21 13:33:47.579,2.0178,2.01829,1.00,1.00
2015.07.21 13:33:47.731,2.0178,2.01827,1.00,1.00
2015.07.21 13:33:48.034,2.01777,2.01827,1.00,1.00
2015.07.21 13:33:48.387,2.01777,2.01825,1.00,1.00
2015.07.21 13:33:48.932,2.01778,2.01825,1.00,1.00
2015.07.21 13:33:49.434,2.01777,2.01825,1.50,1.00
2015.07.21 13:33:49.736,2.0178,2.01826,1.00,1.00
2015.07.21 13:33:50.239,2.01777,2.01821,1.00,1.00
2015.07.21 13:33:50.340,2.01777,2.01825,1.50,1.00
2015.07.21 13:33:50.907,2.01781,2.01826,1.00,1.00
2015.07.21 13:33:51.210,2.0178,2.01829,1.00,1.00
2015.07.21 13:33:51.362,2.01782,2.01828,1.00,1.00
2015.07.21 13:33:51.687,2.01779,2.01821,1.00,1.00
2015.07.21 13:33:52.354,2.01775,2.01821,1.50,1.50
2015.07.21 13:33:52.940,2.01778,2.0182,1.00,1.00
2015.07.21 13:33:53.243,2.01793,2.0183,1.00,1.00
2015.07.21 13:33:53.294,2.01793,2.01833,1.00,1.00
2015.07.21 13:33:53.395,2.01788,2.01831,1.37,1.00
2015.07.21 13:33:53.497,2.01789,2.01831,1.12,1.00
2015.07.21 13:33:53.649,2.01787,2.01831,1.00,1.00
2015.07.21 13:33:53.700,2.01787,2.01833,1.00,1.00
2015.07.21 13:33:53.751,2.0179,2.01833,1.00,1.00
2015.07.21 13:33:54.049,2.01788,2.01833,1.00,1.00
2015.07.21 13:33:54.402,2.01792,2.01835,1.00,1.00
2015.07.21 13:33:54.856,2.01789,2.01834,1.50,1.00
2015.07.21 13:33:54.957,2.01791,2.01836,1.00,1.00
2015.07.21 13:33:55.273,2.01793,2.01838,1.00,1.00
2015.07.21 13:33:55.626,2.01794,2.0184,1.00,1.00
2015.07.21 13:33:56.088,2.01792,2.0184,1.00,1.00
2015.07.21 13:33:56.610,2.01797,2.01842,1.00,1.00
2015.07.21 13:33:56.711,2.01795,2.01843,1.00,1.00
2015.07.21 13:33:56.812,2.01795,2.01843,1.37,1.00
2015.07.21 13:33:56.963,2.018,2.01846,1.00,1.50
2015.07.21 13:33:57.115,2.018,2.01846,1.37,1.50
2015.07.21 13:33:57.649,2.01801,2.01846,1.00,1.00
2015.07.21 13:33:58.192,2.018,2.01846,1.00,1.00
2015.07.21 13:33:58.502,2.01799,2.01842,1.00,1.00
2015.07.21 13:33:58.805,2.01799,2.01845,1.00,1.00
2015.07.21 13:33:59.029,2.01793,2.01843,1.00,1.12
2015.07.21 13:33:59.281,2.01791,2.01837,1.00,1.00
2015.07.21 13:33:59.584,2.01794,2.01837,1.00,1.00
2015.07.21 13:33:59.938,2.01792,2.01838,1.00,1.00
2015.07.21 13:34:00.166,2.01794,2.01838,1.00,1.00
2015.07.21 13:34:00.710,2.01795,2.01838,1.00,1.00
2015.07.21 13:34:01.570,2.01788,2.01834,2.25,1.00
2015.07.21 13:34:01.621,2.01794,2.01834,1.00,1.00
2015.07.21 13:34:01.672,2.01794,2.01839,1.00,1.50
2015.07.21 13:34:02.352,2.01796,2.01839,1.00,1.00
2015.07.21 13:34:02.797,2.01793,2.01839,1.00,1.87
2015.07.21 13:34:03.109,2.01796,2.01839,1.00,1.00
2015.07.21 13:34:03.757,2.01794,2.01839,1.00,1.00
2015.07.21 13:34:04.319,2.01793,2.01839,1.50,1.50
2015.07.21 13:34:04.984,2.01791,2.01838,1.00,1.00
2015.07.21 13:34:05.899,2.01793,2.01838,1.00,1.00
2015.07.21 13:34:06.567,2.01791,2.01838,1.00,1.00
2015.07.21 13:34:07.602,2.01793,2.01839,1.00,1.50
2015.07.21 13:34:08.610,2.01794,2.01839,1.00,1.50
2015.07.21 13:34:09.112,2.01794,2.01838,1.00,1.00
2015.07.21 13:34:10.672,2.01789,2.01836,1.50,1.00
2015.07.21 13:34:10.829,2.01789,2.01836,1.50,1.37
2015.07.21 13:34:11.435,2.01788,2.01834,1.00,1.00
2015.07.21 13:34:11.773,2.01791,2.01837,1.00,1.00
2015.07.21 13:34:12.082,2.01781,2.01827,1.00,1.37
2015.07.21 13:34:12.386,2.01781,2.01822,1.00,1.12
2015.07.21 13:34:12.689,2.01775,2.0182,1.50,1.00
2015.07.21 13:34:13.235,2.01773,2.01818,1.00,1.00
2015.07.21 13:34:13.437,2.01774,2.0182,1.00,1.00
2015.07.21 13:34:13.689,2.01772,2.01819,1.00,1.00
2015.07.21 13:34:13.739,2.01772,2.01819,1.00,1.37
2015.07.21 13:34:13.840,2.01772,2.01819,1.00,1.00
2015.07.21 13:34:13.992,2.01776,2.01821,1.00,1.00
2015.07.21 13:34:14.340,2.01772,2.01817,1.00,1.00
2015.07.21 13:34:14.592,2.01766,2.01812,1.00,1.12
2015.07.21 13:34:14.643,2.01769,2.01813,1.00,1.37
2015.07.21 13:34:14.951,2.01769,2.01813,1.00,1.00
2015.07.21 13:34:15.052,2.0177,2.01815,1.00,1.50
2015.07.21 13:34:15.586,2.01771,2.01816,1.00,1.00
2015.07.21 13:34:16.090,2.0177,2.01815,1.00,1.00
2015.07.21 13:34:16.664,2.01769,2.01812,1.00,1.00
2015.07.21 13:34:16.766,2.01767,2.01812,1.00,1.00
2015.07.21 13:34:16.968,2.01769,2.01813,1.00,1.00
2015.07.21 13:34:17.271,2.0177,2.01815,1.00,1.00
2015.07.21 13:34:18.185,2.01773,2.01818,1.37,1.00
2015.07.21 13:34:18.489,2.01774,2.0182,1.00,1.00
2015.07.21 13:34:18.640,2.01777,2.01822,1.00,2.25
2015.07.21 13:34:18.991,2.01769,2.01809,1.00,1.34
2015.07.21 13:34:19.344,2.01767,2.01807,1.00,1.84
2015.07.21 13:34:20.037,2.01765,2.01807,1.00,2.21
2015.07.21 13:34:20.192,2.01765,2.01807,1.00,1.50
2015.07.21 13:34:20.293,2.01775,2.01807,1.00,1.00
2015.07.21 13:34:20.344,2.01775,2.01815,1.00,1.34
2015.07.21 13:34:20.445,2.01775,2.01817,1.37,1.00
2015.07.21 13:34:20.496,2.01779,2.01817,1.00,1.00
2015.07.21 13:34:20.699,2.01783,2.01824,1.00,1.00
2015.07.21 13:34:20.800,2.01783,2.01827,1.00,1.00
2015.07.21 13:34:21.037,2.01785,2.01827,1.00,1.00
2015.07.21 13:34:21.564,2.01787,2.01827,1.00,1.00
2015.07.21 13:34:22.246,2.01797,2.01827,1.00,1.00
2015.07.21 13:34:22.297,2.01797,2.01834,1.00,1.50
2015.07.21 13:34:22.921,2.01796,2.01834,1.00,1.00
2015.07.21 13:34:22.972,2.01799,2.01834,1.00,1.00
2015.07.21 13:34:23.073,2.01796,2.01834,1.00,1.00
2015.07.21 13:34:23.320,2.01796,2.01834,1.00,1.37
2015.07.21 13:34:23.422,2.01796,2.01834,1.00,1.37
2015.07.21 13:34:23.873,2.01796,2.01831,1.00,1.00
2015.07.21 13:34:23.974,2.01796,2.01834,1.00,1.00
2015.07.21 13:34:24.397,2.01795,2.0183,1.00,1.00
2015.07.21 13:34:25.082,2.01796,2.0183,1.00,1.00
2015.07.21 13:34:25.240,2.01798,2.01836,1.00,1.00
2015.07.21 13:34:25.644,2.0181,2.01836,1.00,1.00
2015.07.21 13:34:25.745,2.0181,2.0184,1.00,1.00
2015.07.21 13:34:25.846,2.0181,2.01846,1.00,1.00
2015.07.21 13:34:25.897,2.01815,2.01849,1.00,1.00
2015.07.21 13:34:26.114,2.01817,2.01852,1.00,1.00
2015.07.21 13:34:26.316,2.0182,2.01852,1.00,1.50
2015.07.21 13:34:26.417,2.01818,2.01852,1.00,1.00
2015.07.21 13:34:26.669,2.0182,2.01852,1.00,1.00
2015.07.21 13:34:27.118,2.01816,2.01852,1.00,1.00
2015.07.21 13:34:27.220,2.01819,2.01852,1.00,1.00
2015.07.21 13:34:27.542,2.01822,2.01852,1.00,1.00
2015.07.21 13:34:27.845,2.01823,2.01859,1.00,1.00
2015.07.21 13:34:27.946,2.01825,2.01859,1.00,1.00
2015.07.21 13:34:28.194,2.01823,2.01859,1.00,1.12
2015.07.21 13:34:28.747,2.01822,2.01859,1.00,1.00
2015.07.21 13:34:29.722,2.01821,2.01859,1.00,1.00
2015.07.21 13:34:30.055,2.01823,2.01859,1.00,1.00
2015.07.21 13:34:31.359,2.01825,2.01859,1.00,1.00
2015.07.21 13:34:31.718,2.01828,2.01859,1.00,1.00
2015.07.21 13:34:33.583,2.01825,2.01859,1.00,1.00
2015.07.21 13:34:33.634,2.01829,2.01859,1.00,1.00
2015.07.21 13:34:33.836,2.01825,2.01859,1.00,1.00
2015.07.21 13:34:34.346,2.01824,2.01859,1.00,1.00
2015.07.21 13:34:34.850,2.01823,2.01859,1.00,1.00
2015.07.21 13:34:35.784,2.01821,2.01859,1.00,1.00
2015.07.21 13:34:37.091,2.01822,2.01859,1.00,1.00
2015.07.21 13:34:37.192,2.01829,2.01859,1.00,1.00
2015.07.21 13:34:37.243,2.01829,2.01862,1.00,1.00
2015.07.21 13:34:37.294,2.01829,2.01866,1.00,1.00
2015.07.21 13:34:37.499,2.01833,2.01866,1.00,1.00
2015.07.21 13:34:37.758,2.01836,2.01872,1.00,1.00
2015.07.21 13:34:38.261,2.01836,2.01872,1.45,1.00
2015.07.21 13:34:38.312,2.01842,2.01872,1.00,1.00
2015.07.21 13:34:38.363,2.01842,2.01876,1.00,1.00
2015.07.21 13:34:38.413,2.01849,2.01876,1.00,1.00
2015.07.21 13:34:38.464,2.01849,2.01885,1.00,1.00
2015.07.21 13:34:38.915,2.0185,2.01887,1.50,1.00
2015.07.21 13:34:38.966,2.01853,2.01887,1.00,1.00
2015.07.21 13:34:39.067,2.0185,2.01887,1.50,1.00
2015.07.21 13:34:39.168,2.01855,2.01887,1.00,1.00
2015.07.21 13:34:39.269,2.01855,2.01892,1.00,1.00
2015.07.21 13:34:39.801,2.01854,2.01892,1.50,1.09
2015.07.21 13:34:40.254,2.0185,2.0189,1.50,1.12
2015.07.21 13:34:40.556,2.0185,2.0189,1.50,1.37
2015.07.21 13:34:40.860,2.01846,2.01885,1.00,1.37
2015.07.21 13:34:41.163,2.01845,2.01888,1.00,1.37
2015.07.21 13:34:41.264,2.01847,2.01888,1.00,1.37
2015.07.21 13:34:41.647,2.01849,2.01888,1.00,1.00
2015.07.21 13:34:41.951,2.01845,2.01888,1.00,1.12
2015.07.21 13:34:42.001,2.01845,2.01888,1.00,1.37
2015.07.21 13:34:42.396,2.01845,2.01888,1.00,1.37
2015.07.21 13:34:42.498,2.01845,2.01888,1.00,1.00
2015.07.21 13:34:42.548,2.01845,2.01884,1.00,1.00
2015.07.21 13:34:42.920,2.01848,2.01884,1.00,1.00
2015.07.21 13:34:43.134,2.01845,2.01884,1.00,1.00
2015.07.21 13:34:43.436,2.01845,2.01882,1.00,1.00
2015.07.21 13:34:43.487,2.01838,2.01882,1.00,1.37
2015.07.21 13:34:43.781,2.01837,2.01879,1.00,1.12
2015.07.21 13:34:43.832,2.01846,2.01882,1.00,1.37
2015.07.21 13:34:43.883,2.01846,2.01882,1.00,1.00
2015.07.21 13:34:43.984,2.01846,2.01886,1.00,1.00
2015.07.21 13:34:44.035,2.01843,2.01886,1.00,1.00
2015.07.21 13:34:44.137,2.01846,2.01886,1.00,1.00
2015.07.21 13:34:44.489,2.01844,2.01886,1.00,1.00
2015.07.21 13:34:44.800,2.01845,2.01886,1.00,1.37
2015.07.21 13:34:45.041,2.01843,2.01886,1.00,1.37
2015.07.21 13:34:45.344,2.01841,2.01883,1.00,1.00
2015.07.21 13:34:45.445,2.01843,2.01883,1.00,1.00
2015.07.21 13:34:45.817,2.01842,2.01883,1.00,1.37
2015.07.21 13:34:45.918,2.01842,2.01883,1.00,1.12
2015.07.21 13:34:46.120,2.01842,2.01883,1.00,1.37
2015.07.21 13:34:46.322,2.01842,2.01883,1.00,1.12
2015.07.21 13:34:46.423,2.01845,2.01883,1.00,1.00
2015.07.21 13:34:46.839,2.01844,2.01889,1.00,1.87
2015.07.21 13:34:46.890,2.0185,2.01889,1.00,1.00
2015.07.21 13:34:46.992,2.01848,2.01889,1.00,1.00
2015.07.21 13:34:47.194,2.01853,2.01889,1.00,1.00
2015.07.21 13:34:47.446,2.01848,2.01889,1.00,1.00
2015.07.21 13:34:47.647,2.0185,2.01889,1.00,1.00
2015.07.21 13:34:47.948,2.01852,2.01889,1.00,1.00
2015.07.21 13:34:47.999,2.0185,2.01889,1.00,1.00
2015.07.21 13:34:48.208,2.01855,2.01889,1.00,1.00
2015.07.21 13:34:48.258,2.01855,2.01892,1.00,1.00
2015.07.21 13:34:48.410,2.0185,2.01892,1.00,1.00
2015.07.21 13:34:48.662,2.01852,2.01892,1.00,1.00
2015.07.21 13:34:49.083,2.01854,2.01892,1.00,1.00
2015.07.21 13:34:49.392,2.01852,2.01892,1.00,1.87
2015.07.21 13:34:49.610,2.01852,2.01892,1.00,1.37
2015.07.21 13:34:50.065,2.01854,2.01892,1.00,1.00
2015.07.21 13:34:50.196,2.01852,2.01892,1.00,1.00
2015.07.21 13:34:50.397,2.01851,2.01892,1.00,1.37
2015.07.21 13:34:50.700,2.01855,2.01892,1.00,1.37
2015.07.21 13:34:50.902,2.01853,2.01892,1.00,1.87
2015.07.21 13:34:50.953,2.01848,2.01892,1.00,1.87
2015.07.21 13:34:51.054,2.0185,2.01892,1.00,1.87
2015.07.21 13:34:51.269,2.01847,2.01892,1.00,1.87
2015.07.21 13:34:51.421,2.01847,2.01892,1.00,1.87
2015.07.21 13:34:51.522,2.01847,2.01887,1.00,1.12
2015.07.21 13:34:51.622,2.01847,2.01887,1.00,1.37
2015.07.21 13:34:51.724,2.01847,2.01891,1.00,1.37
2015.07.21 13:34:51.825,2.01847,2.01891,1.00,1.37
2015.07.21 13:34:51.926,2.01848,2.01892,1.00,1.87
2015.07.21 13:34:52.027,2.01848,2.01892,1.00,1.87
2015.07.21 13:34:52.743,2.01848,2.01886,1.00,1.37
2015.07.21 13:34:52.844,2.01846,2.01886,1.00,1.37
2015.07.21 13:34:52.945,2.01849,2.01882,1.00,1.00
2015.07.21 13:34:53.148,2.01847,2.01882,1.00,1.00
2015.07.21 13:34:53.682,2.01846,2.01882,1.50,1.00
2015.07.21 13:34:53.940,2.01848,2.01882,1.00,1.00
2015.07.21 13:34:54.142,2.01846,2.01882,1.00,1.00
2015.07.21 13:34:54.593,2.01849,2.01882,1.00,1.00
2015.07.21 13:34:54.644,2.01849,2.01886,1.00,1.12
2015.07.21 13:34:54.695,2.01846,2.01886,1.00,1.12
2015.07.21 13:34:54.897,2.01848,2.01887,1.00,1.00
2015.07.21 13:34:55.252,2.01858,2.01887,1.00,1.12
2015.07.21 13:34:55.353,2.01858,2.01896,1.00,1.00
2015.07.21 13:34:55.653,2.01864,2.01905,1.00,1.00
2015.07.21 13:34:55.703,2.01869,2.01906,1.00,1.00
2015.07.21 13:34:56.006,2.01865,2.01907,1.50,1.00
2015.07.21 13:34:56.158,2.01865,2.01907,1.50,1.37
2015.07.21 13:34:56.417,2.01865,2.01906,1.00,1.37
2015.07.21 13:34:56.680,2.01867,2.01906,1.00,1.00
2015.07.21 13:34:56.997,2.01864,2.01906,1.00,1.00
2015.07.21 13:34:57.499,2.01865,2.01906,1.00,1.00
2015.07.21 13:34:58.080,2.01869,2.01906,1.00,1.00
2015.07.21 13:34:58.604,2.01868,2.01906,1.00,1.00
2015.07.21 13:34:58.871,2.01869,2.01912,1.00,1.00
2015.07.21 13:34:58.973,2.01868,2.0191,1.50,1.00
2015.07.21 13:34:59.276,2.01874,2.01916,1.00,1.50
2015.07.21 13:34:59.427,2.01862,2.01915,2.17,1.00
2015.07.21 13:34:59.559,2.01862,2.01913,2.17,1.00
2015.07.21 13:34:59.772,2.01862,2.01911,2.17,1.00
2015.07.21 13:34:59.873,2.01862,2.01909,1.67,1.00
2015.07.21 13:35:00.126,2.01859,2.01909,1.12,1.37
2015.07.21 13:35:00.429,2.01863,2.01908,1.00,1.37
2015.07.21 13:35:00.935,2.01862,2.01906,1.00,1.00
2015.07.21 13:35:01.334,2.01859,2.01904,1.00,1.00
2015.07.21 13:35:01.537,2.01861,2.01906,1.00,1.00
2015.07.21 13:35:01.839,2.01859,2.01904,1.00,1.00
2015.07.21 13:35:02.792,2.01859,2.01902,1.00,1.00
2015.07.21 13:35:04.352,2.01859,2.01897,1.00,1.00
2015.07.21 13:35:04.403,2.01857,2.01896,1.00,1.00
2015.07.21 13:35:04.504,2.01848,2.01894,1.50,1.50
2015.07.21 13:35:04.651,2.01848,2.01887,1.00,1.00
2015.07.21 13:35:04.702,2.01846,2.01887,1.00,1.00
2015.07.21 13:35:04.919,2.01848,2.01887,1.00,1.00
2015.07.21 13:35:05.708,2.01849,2.01887,1.00,1.00
2015.07.21 13:35:06.664,2.01849,2.01892,1.00,1.00
2015.07.21 13:35:06.716,2.01851,2.01894,1.00,2.25
2015.07.21 13:35:07.029,2.01848,2.01886,1.00,1.00
2015.07.21 13:35:07.080,2.01848,2.01893,1.00,1.00
2015.07.21 13:35:07.584,2.01849,2.01894,1.00,1.50
2015.07.21 13:35:09.476,2.01846,2.01893,1.00,1.00
2015.07.21 13:35:09.690,2.01841,2.01892,1.50,2.25
2015.07.21 13:35:10.382,2.01841,2.01887,1.50,1.00
2015.07.21 13:35:10.701,2.01845,2.0189,1.00,1.50
2015.07.21 13:35:11.011,2.01844,2.01887,1.00,1.00
2015.07.21 13:35:11.112,2.01841,2.01886,1.00,1.00
2015.07.21 13:35:11.283,2.01841,2.01886,1.00,1.37
2015.07.21 13:35:11.334,2.01838,2.01886,1.00,1.37
2015.07.21 13:35:11.385,2.01838,2.01886,1.00,1.37
2015.07.21 13:35:11.633,2.0183,2.01876,1.00,1.87
2015.07.21 13:35:11.784,2.01833,2.01876,1.00,1.37
2015.07.21 13:35:11.886,2.01833,2.01876,1.00,1.00
2015.07.21 13:35:12.614,2.01833,2.0188,1.00,1.00
2015.07.21 13:35:12.715,2.01833,2.01882,1.00,1.50
2015.07.21 13:35:12.917,2.01833,2.01877,1.00,1.00
2015.07.21 13:35:13.119,2.01834,2.0188,1.00,1.00
2015.07.21 13:35:13.779,2.01834,2.01876,1.00,1.00
2015.07.21 13:35:14.151,2.01834,2.0188,1.00,1.00
2015.07.21 13:35:14.202,2.01832,2.01881,1.00,1.00
2015.07.21 13:35:14.762,2.01835,2.01881,1.00,1.00
2015.07.21 13:35:15.118,2.01837,2.01879,1.00,1.00
2015.07.21 13:35:15.269,2.01836,2.01881,1.00,1.50
2015.07.21 13:35:15.522,2.01838,2.01881,1.00,1.00
2015.07.21 13:35:15.949,2.01841,2.01881,1.00,1.50
2015.07.21 13:35:16.480,2.0184,2.01881,1.00,1.00
2015.07.21 13:35:16.938,2.01835,2.0188,1.00,1.00
2015.07.21 13:35:17.442,2.01835,2.0188,1.00,1.37
2015.07.21 13:35:18.010,2.01834,2.01879,1.00,1.00
2015.07.21 13:35:18.558,2.01835,2.01878,1.00,1.00
2015.07.21 13:35:18.892,2.01834,2.0188,1.00,1.00
2015.07.21 13:35:19.296,2.01831,2.01878,1.00,1.00
2015.07.21 13:35:19.347,2.01831,2.01878,1.00,1.37
2015.07.21 13:35:19.866,2.0183,2.01876,1.50,1.00
2015.07.21 13:35:20.168,2.01822,2.01868,1.00,1.00
2015.07.21 13:35:20.501,2.01833,2.01878,1.00,1.00
2015.07.21 13:35:20.551,2.01831,2.01878,1.00,1.00
2015.07.21 13:35:21.069,2.0183,2.01878,1.00,1.00
2015.07.21 13:35:21.523,2.0183,2.01878,1.00,1.37
2015.07.21 13:35:21.676,2.01827,2.01875,1.00,1.00
2015.07.21 13:35:21.778,2.01827,2.01873,1.00,1.00
2015.07.21 13:35:22.095,2.01827,2.01873,1.00,1.37
2015.07.21 13:35:22.145,2.01827,2.01873,1.00,1.00
2015.07.21 13:35:22.658,2.01827,2.01874,1.00,1.00
2015.07.21 13:35:23.162,2.01827,2.01873,1.00,1.00
2015.07.21 13:35:23.313,2.01827,2.01875,1.50,1.00
2015.07.21 13:35:23.667,2.0183,2.01875,1.00,1.00
2015.07.21 13:35:24.093,2.01825,2.01871,1.50,1.00
2015.07.21 13:35:24.195,2.01828,2.01871,1.00,1.00
2015.07.21 13:35:24.414,2.01825,2.01871,1.00,1.00
2015.07.21 13:35:24.918,2.01824,2.01867,1.00,1.00
2015.07.21 13:35:25.066,2.01822,2.01867,1.50,1.00
2015.07.21 13:35:25.572,2.01823,2.01868,1.00,1.00
2015.07.21 13:35:25.774,2.01823,2.01866,1.00,1.00
2015.07.21 13:35:26.278,2.01823,2.01867,1.00,1.00
2015.07.21 13:35:27.179,2.01824,2.01867,1.00,1.00
2015.07.21 13:35:27.889,2.01824,2.01868,1.00,1.00
2015.07.21 13:35:29.031,2.01825,2.01868,1.00,1.00
2015.07.21 13:35:29.544,2.01826,2.01868,1.00,1.00
2015.07.21 13:35:30.046,2.01825,2.01868,1.00,1.00
2015.07.21 13:35:30.590,2.01826,2.01868,1.00,1.00
2015.07.21 13:35:30.908,2.01824,2.01868,1.00,1.00
2015.07.21 13:35:31.010,2.01822,2.01868,1.50,1.00
2015.07.21 13:35:31.211,2.01827,2.01867,1.00,1.00
2015.07.21 13:35:31.458,2.0183,2.01872,1.00,1.00
2015.07.21 13:35:31.962,2.01831,2.01872,1.00,1.00
2015.07.21 13:35:34.756,2.01829,2.01872,1.50,1.00
2015.07.21 13:35:35.389,2.01829,2.01871,1.00,1.00
2015.07.21 13:35:35.909,2.01829,2.01872,1.00,1.00
2015.07.21 13:35:36.413,2.01829,2.01871,1.00,1.00
2015.07.21 13:35:36.565,2.01826,2.01871,1.00,1.00
2015.07.21 13:35:37.127,2.01826,2.01872,1.00,2.25
2015.07.21 13:35:37.641,2.01827,2.01872,1.00,2.25
2015.07.21 13:35:38.386,2.01826,2.01872,1.00,1.00
2015.07.21 13:35:43.732,2.01826,2.01871,1.00,1.00
2015.07.21 13:35:44.256,2.01826,2.01872,1.00,1.00
2015.07.21 13:35:44.789,2.01826,2.01871,1.00,1.00
2015.07.21 13:35:45.950,2.01827,2.01871,1.00,1.00
2015.07.21 13:35:46.463,2.01827,2.01872,1.00,1.00
2015.07.21 13:35:46.627,2.01833,2.01872,1.00,1.00
2015.07.21 13:35:46.729,2.01835,2.01878,1.00,1.50
2015.07.21 13:35:46.831,2.01833,2.01877,1.00,1.00
2015.07.21 13:35:47.336,2.01834,2.01878,1.00,1.00
2015.07.21 13:35:47.933,2.01835,2.01878,1.00,1.00
2015.07.21 13:35:48.387,2.01835,2.01875,1.00,1.00
2015.07.21 13:35:49.104,2.01835,2.01872,1.00,1.00
2015.07.21 13:35:49.703,2.01835,2.01871,1.00,1.00
2015.07.21 13:35:50.226,2.01835,2.01872,1.00,1.00
2015.07.21 13:35:50.730,2.01835,2.01871,1.00,1.00
2015.07.21 13:35:50.894,2.01835,2.01874,1.00,1.00
2015.07.21 13:35:50.995,2.01835,2.01872,1.00,1.00
2015.07.21 13:35:51.096,2.01835,2.01875,1.00,1.00
2015.07.21 13:35:52.981,2.01835,2.01874,1.00,1.00
2015.07.21 13:35:53.500,2.01835,2.01875,1.00,1.00
2015.07.21 13:35:54.452,2.01835,2.01875,1.37,1.00
2015.07.21 13:35:54.955,2.01835,2.01875,1.00,1.00
2015.07.21 13:35:57.119,2.0184,2.01878,1.00,1.00
2015.07.21 13:36:00.528,2.0184,2.01872,1.00,1.00
2015.07.21 13:36:00.579,2.01837,2.01872,1.00,1.00
2015.07.21 13:36:00.817,2.01832,2.01867,1.00,1.00
2015.07.21 13:36:01.433,2.01829,2.01867,1.00,1.50
2015.07.21 13:36:01.484,2.01829,2.01864,1.00,1.00
2015.07.21 13:36:01.812,2.01822,2.01859,1.00,1.00
2015.07.21 13:36:02.906,2.01822,2.01858,1.00,1.00
2015.07.21 13:36:03.440,2.01822,2.01859,1.00,1.00
2015.07.21 13:36:04.648,2.01822,2.01858,1.00,1.00
2015.07.21 13:36:04.749,2.01822,2.01856,1.00,1.00
2015.07.21 13:36:05.161,2.01822,2.01858,1.00,1.00
2015.07.21 13:36:05.212,2.01817,2.01856,1.00,1.00
2015.07.21 13:36:05.363,2.01817,2.01852,1.00,1.00
2015.07.21 13:36:08.162,2.01817,2.01854,1.00,1.00
2015.07.21 13:36:08.692,2.01817,2.01853,1.00,1.00
2015.07.21 13:36:08.876,2.01817,2.01855,1.00,1.00
2015.07.21 13:36:09.179,2.01817,2.01853,1.00,1.00
2015.07.21 13:36:09.547,2.01817,2.01851,1.00,1.00
2015.07.21 13:36:11.629,2.01817,2.01852,1.00,1.50
2015.07.21 13:36:12.441,2.01817,2.01854,1.00,1.00
2015.07.21 13:36:13.889,2.01817,2.01856,1.00,1.00
2015.07.21 13:36:14.393,2.01817,2.01852,1.00,1.00
2015.07.21 13:36:14.494,2.01812,2.01852,1.00,1.50
2015.07.21 13:36:14.706,2.01809,2.01847,1.00,1.00
2015.07.21 13:36:15.188,2.01809,2.01842,1.00,1.00
2015.07.21 13:36:15.796,2.01809,2.01841,1.00,1.00
2015.07.21 13:36:16.101,2.01809,2.01837,1.00,1.00
2015.07.21 13:36:16.953,2.01809,2.01842,1.00,1.00
2015.07.21 13:36:18.007,2.01812,2.01842,1.00,1.00
2015.07.21 13:36:18.158,2.01812,2.01847,1.00,1.00
2015.07.21 13:36:18.410,2.01812,2.01847,1.87,1.00
2015.07.21 13:36:18.575,2.01812,2.01852,1.87,1.00
2015.07.21 13:36:18.626,2.01818,2.01852,1.00,1.00
2015.07.21 13:36:18.676,2.01819,2.01857,1.00,1.00
2015.07.21 13:36:18.878,2.01822,2.0186,1.00,1.00
2015.07.21 13:36:22.294,2.01822,2.01859,1.00,1.00
2015.07.21 13:36:22.620,2.01818,2.01855,1.00,1.00
2015.07.21 13:36:27.589,2.01818,2.01852,1.00,1.00
2015.07.21 13:36:27.691,2.01813,2.01848,1.00,1.50
2015.07.21 13:36:27.842,2.01811,2.01841,1.00,1.00
2015.07.21 13:36:27.994,2.01806,2.01841,1.00,1.00
2015.07.21 13:36:28.504,2.01806,2.01842,1.00,1.00
2015.07.21 13:36:29.249,2.01806,2.01837,1.00,1.00
2015.07.21 13:36:29.551,2.01812,2.01837,1.00,1.00
2015.07.21 13:36:30.061,2.01812,2.01836,1.50,1.00
2015.07.21 13:36:30.112,2.01812,2.01847,1.50,1.00
2015.07.21 13:36:30.565,2.01813,2.01851,1.00,1.00
2015.07.21 13:36:30.818,2.01816,2.01855,1.00,1.00
2015.07.21 13:36:34.459,2.01819,2.01858,1.50,1.00
2015.07.21 13:36:38.204,2.01822,2.01858,1.00,1.00
2015.07.21 13:36:38.255,2.01824,2.01861,1.00,1.00
2015.07.21 13:36:38.406,2.01827,2.01864,1.00,1.00
2015.07.21 13:36:38.525,2.01832,2.0187,1.00,1.00
2015.07.21 13:36:40.310,2.01832,2.01869,1.00,1.00
2015.07.21 13:36:40.361,2.01828,2.01867,1.00,1.50
2015.07.21 13:36:40.593,2.01828,2.01861,1.00,1.00
2015.07.21 13:36:41.097,2.01828,2.01862,1.00,1.00
2015.07.21 13:36:41.349,2.01828,2.01867,1.00,2.25
2015.07.21 13:36:41.400,2.01826,2.01863,1.00,1.00
2015.07.21 13:36:41.730,2.01826,2.01852,1.00,1.00
2015.07.21 13:36:42.320,2.01826,2.01862,1.00,1.00
2015.07.21 13:36:42.371,2.01823,2.0186,1.00,1.00
2015.07.21 13:36:45.683,2.01818,2.01856,1.00,1.00
2015.07.21 13:36:46.040,2.01821,2.0186,1.00,1.00
2015.07.21 13:36:46.445,2.01814,2.01853,1.34,1.00
2015.07.21 13:36:46.951,2.01814,2.0185,1.00,1.00
2015.07.21 13:36:47.692,2.0181,2.0185,1.00,2.25
2015.07.21 13:36:48.450,2.01808,2.01845,1.00,1.37
2015.07.21 13:36:48.501,2.01805,2.01842,1.00,1.12
2015.07.21 13:36:51.025,2.01805,2.01834,1.00,1.00
2015.07.21 13:36:51.075,2.01799,2.01834,1.00,1.00
2015.07.21 13:36:51.126,2.01796,2.01834,1.00,1.50
2015.07.21 13:36:52.839,2.01799,2.01839,1.50,1.00
2015.07.21 13:36:52.940,2.01801,2.01839,1.00,1.00
2015.07.21 13:36:53.405,2.01803,2.01839,1.00,1.00
2015.07.21 13:36:53.708,2.01802,2.01842,1.50,1.00
2015.07.21 13:36:54.263,2.01805,2.01842,1.37,1.00
2015.07.21 13:36:54.515,2.01812,2.0185,1.37,1.00
2015.07.21 13:36:55.020,2.01812,2.0185,1.00,1.00
2015.07.21 13:36:55.822,2.01812,2.01848,1.00,1.00
2015.07.21 13:36:56.125,2.01808,2.01841,1.00,1.00
2015.07.21 13:36:56.429,2.01808,2.01837,1.00,1.00
2015.07.21 13:36:56.751,2.01803,2.01837,1.00,1.00
2015.07.21 13:36:57.762,2.018,2.01837,1.00,1.00
2015.07.21 13:37:00.248,2.018,2.01836,1.00,1.00
2015.07.21 13:37:00.775,2.018,2.01837,1.00,1.00
2015.07.21 13:37:01.375,2.018,2.01836,1.00,1.00
2015.07.21 13:37:03.571,2.018,2.01837,1.00,1.00
2015.07.21 13:37:05.383,2.018,2.01836,1.00,1.00
2015.07.21 13:37:05.945,2.018,2.01837,1.00,1.00
2015.07.21 13:37:08.405,2.018,2.01838,1.00,1.00
2015.07.21 13:37:10.193,2.018,2.01837,1.00,1.00
2015.07.21 13:37:10.736,2.018,2.01838,1.00,1.00
2015.07.21 13:37:12.351,2.018,2.01836,1.00,1.00
2015.07.21 13:37:12.928,2.018,2.01837,1.00,1.00
2015.07.21 13:37:15.472,2.01803,2.01841,1.00,1.00
2015.07.21 13:37:15.523,2.01807,2.01842,1.00,1.00
2015.07.21 13:37:15.674,2.01807,2.01844,1.00,1.00
2015.07.21 13:37:15.725,2.01807,2.01844,1.37,1.00
2015.07.21 13:37:15.837,2.01807,2.01844,1.12,1.50
2015.07.21 13:37:17.408,2.01807,2.01844,1.37,1.00
2015.07.21 13:37:17.847,2.01807,2.01844,1.12,1.00
2015.07.21 13:37:18.175,2.01807,2.01844,1.87,1.00
2015.07.21 13:37:18.225,2.01809,2.01849,1.37,1.00
2015.07.21 13:37:18.326,2.01809,2.01849,1.37,1.00
2015.07.21 13:37:18.731,2.01809,2.01849,1.37,1.00
2015.07.21 13:37:18.832,2.01809,2.01849,1.00,1.00
2015.07.21 13:37:20.917,2.01809,2.01848,1.00,1.00
2015.07.21 13:37:21.421,2.01809,2.01848,1.37,1.00
2015.07.21 13:37:21.923,2.01809,2.01847,1.12,1.00
2015.07.21 13:37:22.172,2.01809,2.01849,1.00,1.00
2015.07.21 13:37:22.324,2.01809,2.01849,1.37,1.00
2015.07.21 13:37:22.868,2.01809,2.01849,1.87,1.00
2015.07.21 13:37:23.230,2.01809,2.01849,1.87,1.00
2015.07.21 13:37:23.331,2.01809,2.01849,1.50,1.00
2015.07.21 13:37:23.887,2.01809,2.01849,1.87,1.00
2015.07.21 13:37:24.131,2.01814,2.01853,1.00,1.00
2015.07.21 13:37:24.434,2.01814,2.01853,1.37,1.00
2015.07.21 13:37:24.736,2.01814,2.01851,1.37,1.00
2015.07.21 13:37:24.837,2.01814,2.01851,1.37,1.00
2015.07.21 13:37:24.888,2.01814,2.01853,1.37,1.00
2015.07.21 13:37:25.439,2.01814,2.01853,1.00,1.00
2015.07.21 13:37:25.957,2.01814,2.01853,1.37,1.00
2015.07.21 13:37:26.143,2.01814,2.01853,1.00,1.00
2015.07.21 13:37:27.851,2.01814,2.01853,1.37,1.00
2015.07.21 13:37:28.354,2.01814,2.01853,1.00,1.00
2015.07.21 13:37:28.954,2.01815,2.01853,1.00,1.00
2015.07.21 13:37:29.871,2.01815,2.01853,1.37,1.00
2015.07.21 13:37:30.173,2.01818,2.01856,1.12,1.00
2015.07.21 13:37:32.077,2.01818,2.01858,1.37,1.00
2015.07.21 13:37:32.286,2.01818,2.01858,1.37,1.00
2015.07.21 13:37:32.464,2.01818,2.01858,1.00,1.00
2015.07.21 13:37:32.667,2.01821,2.01858,1.37,1.00
2015.07.21 13:37:32.717,2.01825,2.01863,1.00,1.50
2015.07.21 13:37:32.768,2.01825,2.01863,1.37,1.00
2015.07.21 13:37:33.020,2.01832,2.01872,1.50,1.50
2015.07.21 13:37:33.221,2.01836,2.01875,1.00,1.00
2015.07.21 13:37:33.685,2.01839,2.01879,1.00,1.00
2015.07.21 13:37:34.640,2.0184,2.01879,1.00,1.00
2015.07.21 13:37:34.792,2.01839,2.01877,1.00,1.00
2015.07.21 13:37:35.323,2.01839,2.01876,1.00,1.00
2015.07.21 13:37:35.374,2.01839,2.01879,1.00,1.50
2015.07.21 13:37:35.732,2.01845,2.01882,1.00,1.00
2015.07.21 13:37:35.934,2.01842,2.0188,1.00,1.00
2015.07.21 13:37:35.985,2.01846,2.01882,1.00,1.00
2015.07.21 13:37:36.136,2.01846,2.01886,1.00,1.00
2015.07.21 13:37:37.037,2.01843,2.01882,1.50,1.00
2015.07.21 13:37:37.339,2.01839,2.01877,1.00,1.00
2015.07.21 13:37:38.968,2.01839,2.01876,1.00,1.00
2015.07.21 13:37:39.676,2.01839,2.01879,1.00,1.00
2015.07.21 13:37:41.385,2.01839,2.01879,1.00,1.34
2015.07.21 13:37:41.435,2.01835,2.01867,1.00,1.00
2015.07.21 13:37:41.638,2.01834,2.01871,1.00,1.00
2015.07.21 13:37:41.689,2.01834,2.01874,1.00,1.00
2015.07.21 13:37:41.841,2.01834,2.01872,1.00,1.00
2015.07.21 13:37:43.696,2.01834,2.01874,1.00,1.00
2015.07.21 13:37:50.668,2.01834,2.01871,1.00,1.00
2015.07.21 13:37:53.423,2.01832,2.01869,1.00,1.00
2015.07.21 13:37:55.785,2.01832,2.01865,1.00,1.00
2015.07.21 13:37:55.836,2.01828,2.01865,1.00,1.00
2015.07.21 13:37:56.088,2.01828,2.01865,1.00,1.37
2015.07.21 13:37:56.139,2.01826,2.01861,1.00,1.12
2015.07.21 13:37:56.190,2.01822,2.01861,1.00,2.62
2015.07.21 13:37:56.292,2.01822,2.01861,1.00,2.62
2015.07.21 13:37:56.551,2.01822,2.01861,1.00,2.62
2015.07.21 13:37:57.357,2.01822,2.01861,1.00,1.87
2015.07.21 13:37:57.896,2.01822,2.01859,1.00,1.00
2015.07.21 13:37:58.380,2.01822,2.01861,1.00,1.50
2015.07.21 13:37:59.001,2.01822,2.01861,1.00,1.37
2015.07.21 13:37:59.102,2.01822,2.01861,1.00,1.00
2015.07.21 13:38:01.120,2.01822,2.01857,1.00,1.00
2015.07.21 13:38:01.322,2.01822,2.01861,1.00,1.00
2015.07.21 13:38:01.928,2.01822,2.01859,1.00,1.00
2015.07.21 13:38:02.120,2.01818,2.01857,1.00,1.00
2015.07.21 13:38:02.170,2.01816,2.01852,1.00,1.00
2015.07.21 13:38:02.221,2.01813,2.0185,1.00,1.00
2015.07.21 13:38:02.373,2.01808,2.01848,1.00,1.00
2015.07.21 13:38:03.132,2.01808,2.01847,1.00,1.00
2015.07.21 13:38:03.233,2.01808,2.01844,1.00,1.00
2015.07.21 13:38:03.385,2.01808,2.01847,1.00,1.00
2015.07.21 13:38:03.934,2.01808,2.01846,1.00,1.00
2015.07.21 13:38:04.186,2.01808,2.01848,1.00,1.00
2015.07.21 13:38:04.287,2.01808,2.01846,1.00,1.00
2015.07.21 13:38:04.388,2.01808,2.01848,1.00,1.00
2015.07.21 13:38:04.490,2.01808,2.01846,1.00,1.00
2015.07.21 13:38:05.057,2.01808,2.01847,1.00,1.00
2015.07.21 13:38:05.438,2.01808,2.01844,1.00,1.00
2015.07.21 13:38:05.640,2.01806,2.01844,1.00,1.50
2015.07.21 13:38:12.977,2.0181,2.0185,1.00,1.50
2015.07.21 13:38:13.029,2.0181,2.01848,1.00,1.00
2015.07.21 13:38:13.131,2.0181,2.0185,1.50,1.00
2015.07.21 13:38:13.232,2.01814,2.01852,1.00,1.00
2015.07.21 13:38:13.536,2.01814,2.01853,1.87,1.00
2015.07.21 13:38:13.931,2.01814,2.01853,1.00,1.00
2015.07.21 13:38:16.358,2.01815,2.01853,1.00,1.00
2015.07.21 13:38:16.862,2.01814,2.01853,1.00,1.00
2015.07.21 13:38:18.994,2.01814,2.01852,1.00,1.00
2015.07.21 13:38:19.498,2.01814,2.01853,1.00,1.00
2015.07.21 13:38:20.189,2.01814,2.01852,1.00,1.00
2015.07.21 13:38:20.699,2.01814,2.01851,1.00,1.00
2015.07.21 13:38:20.825,2.01814,2.01849,1.00,1.00
2015.07.21 13:38:21.058,2.01814,2.01853,1.00,1.50
2015.07.21 13:38:21.562,2.01814,2.01852,1.00,1.00
2015.07.21 13:38:21.865,2.01814,2.0185,1.00,1.00
2015.07.21 13:38:22.048,2.01814,2.01852,1.00,1.00
2015.07.21 13:38:24.267,2.01814,2.0185,1.00,1.00
2015.07.21 13:38:24.318,2.01811,2.01848,1.00,1.00
2015.07.21 13:38:27.200,2.01806,2.01846,1.00,1.00
2015.07.21 13:38:29.690,2.01806,2.01845,1.00,1.00
2015.07.21 13:38:30.335,2.01806,2.01846,1.00,1.50
2015.07.21 13:38:33.364,2.01806,2.01845,1.00,1.00
2015.07.21 13:38:34.044,2.01806,2.01846,1.00,1.00
2015.07.21 13:38:39.886,2.01806,2.01844,1.00,1.00
2015.07.21 13:38:40.188,2.01806,2.01842,1.00,1.00
2015.07.21 13:38:40.239,2.01804,2.01842,1.00,1.50
2015.07.21 13:38:44.216,2.01806,2.01842,1.00,1.00
2015.07.21 13:38:45.279,2.01805,2.01842,1.00,1.00
2015.07.21 13:38:45.794,2.01807,2.01842,1.00,1.00
2015.07.21 13:38:46.583,2.01806,2.01842,1.00,1.00
2015.07.21 13:38:48.359,2.01805,2.01842,1.00,1.00
2015.07.21 13:38:48.940,2.01806,2.01842,1.00,1.00
2015.07.21 13:38:49.553,2.01805,2.01842,1.00,1.00
2015.07.21 13:38:50.075,2.01804,2.01842,1.00,1.00
2015.07.21 13:38:51.304,2.01805,2.01842,1.00,1.00
2015.07.21 13:38:51.829,2.01804,2.01842,1.00,1.00
2015.07.21 13:38:57.267,2.01804,2.01839,1.00,1.00
2015.07.21 13:38:57.584,2.01804,2.01837,1.00,1.00
2015.07.21 13:38:57.786,2.018,2.01836,1.00,1.00
2015.07.21 13:38:57.938,2.018,2.01833,1.00,1.00
2015.07.21 13:38:58.039,2.018,2.01836,1.00,1.00
2015.07.21 13:38:58.557,2.018,2.01837,1.00,1.50
2015.07.21 13:38:58.809,2.018,2.01835,1.00,1.00
2015.07.21 13:38:59.849,2.018,2.01832,1.00,1.00
2015.07.21 13:39:00.155,2.01797,2.01827,1.00,1.00
2015.07.21 13:39:00.306,2.01786,2.01822,1.00,1.00
2015.07.21 13:39:00.407,2.01786,2.01817,1.00,1.00
2015.07.21 13:39:00.737,2.01785,2.01822,1.00,1.00
2015.07.21 13:39:00.989,2.01785,2.01822,1.37,1.00
2015.07.21 13:39:01.190,2.01788,2.01826,1.00,1.50
2015.07.21 13:39:01.392,2.01788,2.01822,1.00,1.00
2015.07.21 13:39:01.821,2.01785,2.01822,1.00,1.50
2015.07.21 13:39:01.872,2.01785,2.01822,1.37,1.00
2015.07.21 13:39:02.074,2.01785,2.01822,1.12,1.00
2015.07.21 13:39:02.276,2.01787,2.01824,1.37,1.00
2015.07.21 13:39:02.326,2.01787,2.01826,1.37,1.00
2015.07.21 13:39:02.377,2.01787,2.01826,1.37,1.00
2015.07.21 13:39:02.478,2.01787,2.01826,1.12,1.00
2015.07.21 13:39:02.680,2.01787,2.01822,1.12,1.00
2015.07.21 13:39:03.022,2.01787,2.01817,1.00,1.00
2015.07.21 13:39:03.073,2.01784,2.01817,1.00,1.00
2015.07.21 13:39:03.224,2.01782,2.01817,1.00,1.00
2015.07.21 13:39:03.730,2.01782,2.01816,1.00,1.00
2015.07.21 13:39:04.000,2.01782,2.01819,1.00,1.00
2015.07.21 13:39:04.102,2.01782,2.01816,1.00,1.00
2015.07.21 13:39:04.355,2.01782,2.01819,1.12,1.00
2015.07.21 13:39:04.456,2.01782,2.01817,1.00,1.00
2015.07.21 13:39:04.608,2.01778,2.01815,1.00,1.00
2015.07.21 13:39:06.507,2.01778,2.01815,1.37,1.00
2015.07.21 13:39:06.558,2.01781,2.0182,1.00,1.00
2015.07.21 13:39:07.032,2.01791,2.01824,1.00,1.00
2015.07.21 13:39:07.134,2.01787,2.01824,1.00,1.00
2015.07.21 13:39:07.235,2.01791,2.01824,1.34,1.00
2015.07.21 13:39:07.286,2.01791,2.01827,1.34,1.00
2015.07.21 13:39:07.337,2.01791,2.01831,1.34,1.50
2015.07.21 13:39:07.389,2.01797,2.01831,1.00,1.00
2015.07.21 13:39:07.440,2.01797,2.01834,1.00,1.00
2015.07.21 13:39:07.491,2.01798,2.01836,1.00,1.00
2015.07.21 13:39:09.319,2.01798,2.01832,1.00,1.00
2015.07.21 13:39:09.874,2.01798,2.01827,1.00,1.00
2015.07.21 13:39:10.075,2.01791,2.01827,1.00,1.00
2015.07.21 13:39:10.126,2.01791,2.01822,1.00,1.00
2015.07.21 13:39:10.177,2.01788,2.01822,1.00,1.50
2015.07.21 13:39:10.227,2.01788,2.01819,1.00,1.00
2015.07.21 13:39:10.280,2.01782,2.01819,1.00,1.00
2015.07.21 13:39:10.812,2.01782,2.0182,1.00,1.00
2015.07.21 13:39:11.315,2.01781,2.0182,1.09,1.00
2015.07.21 13:39:11.710,2.01781,2.0182,2.21,1.00
2015.07.21 13:39:12.012,2.01781,2.0182,1.09,1.00
2015.07.21 13:39:12.717,2.01787,2.01822,1.00,1.00
2015.07.21 13:39:12.909,2.01783,2.01822,1.00,1.00
2015.07.21 13:39:13.565,2.01783,2.01823,1.50,1.00
2015.07.21 13:39:13.666,2.01787,2.01827,1.00,2.25
2015.07.21 13:39:15.173,2.01792,2.01826,1.00,1.00
2015.07.21 13:39:15.223,2.01787,2.01826,1.00,1.50
2015.07.21 13:39:15.274,2.01787,2.01821,1.00,1.00
2015.07.21 13:39:15.425,2.01787,2.01825,1.00,1.00
2015.07.21 13:39:15.728,2.01787,2.01822,1.00,1.00
2015.07.21 13:39:16.232,2.01787,2.01821,1.00,1.00
2015.07.21 13:39:16.493,2.01787,2.01824,1.00,1.00
2015.07.21 13:39:17.048,2.01787,2.01822,1.00,1.00
2015.07.21 13:39:17.615,2.01787,2.01818,1.00,1.00
2015.07.21 13:39:17.722,2.01787,2.01823,1.00,1.00
2015.07.21 13:39:18.276,2.01787,2.01821,1.00,1.00
2015.07.21 13:39:19.576,2.01787,2.01822,1.00,1.00
2015.07.21 13:39:20.132,2.01787,2.01819,1.00,1.00
2015.07.21 13:39:20.334,2.01787,2.01821,1.00,1.00
2015.07.21 13:39:20.486,2.01787,2.01824,1.00,1.50
2015.07.21 13:39:20.587,2.01787,2.01819,1.00,1.00
2015.07.21 13:39:20.688,2.01787,2.01822,1.00,1.00
2015.07.21 13:39:20.897,2.01787,2.01824,1.00,1.00
2015.07.21 13:39:21.150,2.01787,2.0182,1.00,1.00
2015.07.21 13:39:21.654,2.01787,2.01821,1.00,1.00
2015.07.21 13:39:22.287,2.01788,2.01821,1.84,1.00
2015.07.21 13:39:22.388,2.01788,2.01824,3.34,1.00
2015.07.21 13:39:22.439,2.01795,2.01829,1.34,1.00
2015.07.21 13:39:22.540,2.01795,2.01831,1.34,1.00
2015.07.21 13:39:22.591,2.01799,2.01832,1.00,1.00
2015.07.21 13:39:23.045,2.01798,2.01832,1.34,1.00
2015.07.21 13:39:23.224,2.01799,2.01837,1.34,1.00
2015.07.21 13:39:23.275,2.01802,2.01841,1.00,1.00
2015.07.21 13:39:24.345,2.01802,2.0184,1.00,1.00
2015.07.21 13:39:24.451,2.01802,2.01836,1.00,1.00
2015.07.21 13:39:24.552,2.01802,2.01841,1.00,1.87
2015.07.21 13:39:24.603,2.01802,2.01836,1.00,1.00
2015.07.21 13:39:25.107,2.01802,2.01834,1.00,1.00
2015.07.21 13:39:26.077,2.01802,2.01833,1.00,1.00
2015.07.21 13:39:26.739,2.01802,2.01821,1.00,1.00
2015.07.21 13:39:26.789,2.01797,2.01821,1.00,1.00
2015.07.21 13:39:26.840,2.0179,2.01822,1.00,1.00
2015.07.21 13:39:26.891,2.01788,2.01822,1.00,1.00
2015.07.21 13:39:26.992,2.01784,2.01821,1.00,1.00
2015.07.21 13:39:27.595,2.01784,2.01822,1.00,1.00
2015.07.21 13:39:28.114,2.01784,2.01821,1.00,1.00
2015.07.21 13:39:28.265,2.01784,2.01818,1.00,1.00
2015.07.21 13:39:28.366,2.01784,2.01821,1.00,1.00
2015.07.21 13:39:28.921,2.01784,2.01822,1.00,1.00
2015.07.21 13:39:30.172,2.01784,2.01819,1.00,1.00
2015.07.21 13:39:30.403,2.01784,2.01822,1.00,1.00
2015.07.21 13:39:30.454,2.01787,2.01824,1.00,1.00
2015.07.21 13:39:30.757,2.01787,2.01818,1.00,1.00
2015.07.21 13:39:31.152,2.01781,2.01812,1.00,1.00
2015.07.21 13:39:31.253,2.01781,2.01815,1.00,1.00
2015.07.21 13:39:31.354,2.01781,2.01813,1.00,1.00
2015.07.21 13:39:31.606,2.01778,2.01813,1.00,1.00
2015.07.21 13:39:31.808,2.01778,2.01809,1.00,1.00
2015.07.21 13:39:31.910,2.01778,2.01815,1.00,1.00
2015.07.21 13:39:32.121,2.01778,2.01817,1.00,1.50
2015.07.21 13:39:32.171,2.01781,2.01817,1.00,1.00
2015.07.21 13:39:33.087,2.01781,2.01819,1.00,1.00
2015.07.21 13:39:33.687,2.01781,2.0182,1.00,1.50
2015.07.21 13:39:34.519,2.01781,2.01817,1.00,1.00
2015.07.21 13:39:34.570,2.01781,2.0182,1.00,1.00
2015.07.21 13:39:34.722,2.01785,2.01824,1.00,1.50
2015.07.21 13:39:35.024,2.01785,2.0182,1.00,1.00
2015.07.21 13:39:35.418,2.01785,2.01816,1.00,1.00
2015.07.21 13:39:35.470,2.01781,2.01816,1.00,1.00
2015.07.21 13:39:35.672,2.01781,2.01818,1.00,1.00
2015.07.21 13:39:35.773,2.01781,2.01814,1.00,1.00
2015.07.21 13:39:36.196,2.01781,2.01819,1.00,1.00
2015.07.21 13:39:36.859,2.01781,2.0182,1.00,1.50
2015.07.21 13:39:36.960,2.01781,2.01818,1.00,1.00
2015.07.21 13:39:37.511,2.01781,2.01817,1.00,1.00
2015.07.21 13:39:38.016,2.01781,2.01816,1.00,1.00
2015.07.21 13:39:38.067,2.01781,2.01819,1.00,1.00
2015.07.21 13:39:38.168,2.01781,2.01814,1.00,1.00
2015.07.21 13:39:40.177,2.01781,2.01813,1.00,1.00
2015.07.21 13:39:40.385,2.01781,2.01815,1.00,1.00
2015.07.21 13:39:40.623,2.01781,2.01813,1.00,1.00
2015.07.21 13:39:40.955,2.01781,2.01815,1.00,1.00
2015.07.21 13:39:41.998,2.01778,2.01815,1.00,1.00
2015.07.21 13:39:42.452,2.01778,2.01812,1.00,1.00
2015.07.21 13:39:43.112,2.01778,2.01815,1.00,1.00
2015.07.21 13:39:43.264,2.01778,2.01813,1.00,1.00
2015.07.21 13:39:43.849,2.01778,2.01811,1.00,1.00
2015.07.21 13:39:45.746,2.01778,2.01812,1.00,1.00
2015.07.21 13:39:46.291,2.01778,2.01811,1.00,1.00
2015.07.21 13:39:46.800,2.01778,2.0181,1.00,1.12
2015.07.21 13:39:47.103,2.01778,2.01813,1.00,1.00
2015.07.21 13:39:47.307,2.01778,2.01815,1.00,1.00
2015.07.21 13:39:47.408,2.01778,2.01813,1.00,1.00
2015.07.21 13:39:47.754,2.01778,2.0181,1.00,1.00
2015.07.21 13:39:48.258,2.01778,2.01811,1.00,1.00
2015.07.21 13:39:48.645,2.01778,2.01816,1.00,1.00
2015.07.21 13:39:48.847,2.01778,2.01812,1.00,1.00
2015.07.21 13:39:48.948,2.01778,2.01817,1.00,1.50
2015.07.21 13:39:48.999,2.01778,2.01814,1.00,1.00
2015.07.21 13:39:49.100,2.01778,2.01817,1.00,1.50
2015.07.21 13:39:49.491,2.01778,2.01813,1.00,1.00
2015.07.21 13:39:50.014,2.01778,2.01814,1.00,1.00
2015.07.21 13:39:50.585,2.01778,2.01817,1.00,1.00
2015.07.21 13:40:03.119,2.01778,2.01817,1.00,1.37
2015.07.21 13:40:03.170,2.01772,2.01811,1.00,1.00
2015.07.21 13:40:03.422,2.01771,2.01803,1.00,1.00
2015.07.21 13:40:03.473,2.01769,2.01803,1.00,1.00
2015.07.21 13:40:03.574,2.01767,2.01803,1.00,1.00
2015.07.21 13:40:04.109,2.01767,2.01802,1.00,1.00
2015.07.21 13:40:04.747,2.01767,2.01803,1.00,1.00
2015.07.21 13:40:06.057,2.01767,2.01802,1.00,1.00
2015.07.21 13:40:06.841,2.01767,2.01803,1.00,1.00
2015.07.21 13:40:07.738,2.01767,2.01802,1.00,1.00
2015.07.21 13:40:08.457,2.01767,2.01803,1.00,1.00
2015.07.21 13:40:09.021,2.01767,2.01802,1.00,1.00
2015.07.21 13:40:09.526,2.01769,2.01801,1.00,1.00
2015.07.21 13:40:10.069,2.01769,2.01803,1.00,1.00
2015.07.21 13:40:10.529,2.01764,2.01802,1.00,1.00
2015.07.21 13:40:10.933,2.01764,2.01804,1.00,1.00
2015.07.21 13:40:11.209,2.01769,2.01804,1.00,1.00
2015.07.21 13:40:12.298,2.01764,2.01804,1.50,1.00
2015.07.21 13:40:13.085,2.01769,2.01804,1.00,1.00
2015.07.21 13:40:13.494,2.01768,2.018,1.00,1.00
2015.07.21 13:40:13.598,2.01763,2.018,1.00,1.00
2015.07.21 13:40:14.070,2.01763,2.01797,1.00,1.00
2015.07.21 13:40:14.816,2.01759,2.01797,1.00,1.00
2015.07.21 13:40:15.514,2.01758,2.01797,1.50,1.00
2015.07.21 13:40:15.816,2.01758,2.01795,1.00,1.00
2015.07.21 13:40:16.119,2.01756,2.01793,1.00,1.37
2015.07.21 13:40:16.640,2.01756,2.01793,1.00,1.00
2015.07.21 13:40:19.321,2.01756,2.01791,1.00,1.00
2015.07.21 13:40:19.472,2.01744,2.0178,1.50,1.50
2015.07.21 13:40:19.523,2.01744,2.01776,1.00,1.50
2015.07.21 13:40:19.573,2.01739,2.01776,3.00,1.50
2015.07.21 13:40:19.725,2.0174,2.01772,3.00,1.00
2015.07.21 13:40:19.982,2.01718,2.01754,1.00,1.00
2015.07.21 13:40:20.084,2.01718,2.01758,1.00,1.00
2015.07.21 13:40:20.437,2.01718,2.01758,2.10,1.00
2015.07.21 13:40:20.639,2.01719,2.01758,1.00,1.00
2015.07.21 13:40:20.740,2.01723,2.01762,1.00,1.00
2015.07.21 13:40:21.306,2.01725,2.01762,1.00,1.00
2015.07.21 13:40:21.609,2.01727,2.01762,1.00,1.00
2015.07.21 13:40:21.710,2.01727,2.01766,1.50,1.00
2015.07.21 13:40:22.013,2.01727,2.01764,1.50,1.00
2015.07.21 13:40:22.362,2.0173,2.01764,1.00,1.00
2015.07.21 13:40:22.867,2.01731,2.01764,1.00,1.00
2015.07.21 13:40:22.918,2.01731,2.01768,1.00,1.00
2015.07.21 13:40:24.938,2.01732,2.01768,1.00,1.00
2015.07.21 13:40:25.538,2.01731,2.01768,1.50,1.00
2015.07.21 13:40:26.143,2.01732,2.01768,1.00,1.00
2015.07.21 13:40:26.652,2.01731,2.01768,1.50,1.00
2015.07.21 13:40:26.904,2.01734,2.01768,1.00,1.00
2015.07.21 13:40:27.106,2.01731,2.01768,1.00,1.00
2015.07.21 13:40:27.459,2.01733,2.01768,1.00,1.00
2015.07.21 13:40:27.975,2.01734,2.01768,1.00,1.00
2015.07.21 13:40:28.127,2.01731,2.01768,1.00,1.00
2015.07.21 13:40:28.786,2.01733,2.01768,1.00,1.00
2015.07.21 13:40:29.089,2.01731,2.01768,1.00,1.00
2015.07.21 13:40:29.240,2.01733,2.01768,1.00,1.00
2015.07.21 13:40:29.745,2.01732,2.01768,1.00,1.00
2015.07.21 13:40:30.274,2.01733,2.01768,1.00,1.00
2015.07.21 13:40:30.627,2.01735,2.01768,1.00,1.00
2015.07.21 13:40:31.000,2.01731,2.01768,1.00,1.00
2015.07.21 13:40:31.655,2.01734,2.01768,1.00,1.00
2015.07.21 13:40:31.857,2.01731,2.01768,1.00,1.00
2015.07.21 13:40:32.379,2.01731,2.01767,1.00,1.00
2015.07.21 13:40:32.430,2.01726,2.01766,1.00,1.50
2015.07.21 13:40:32.985,2.01729,2.01766,1.00,1.00
2015.07.21 13:40:33.086,2.01726,2.01766,1.50,1.00
2015.07.21 13:40:33.332,2.01726,2.01764,1.50,1.00
2015.07.21 13:40:33.861,2.01726,2.01766,1.00,1.00
2015.07.21 13:40:34.063,2.0173,2.01766,1.00,1.00
2015.07.21 13:40:34.219,2.01731,2.0177,1.00,1.00
2015.07.21 13:40:35.242,2.01731,2.01768,1.00,1.00
2015.07.21 13:40:36.151,2.01731,2.01767,1.00,1.00
2015.07.21 13:40:36.527,2.01731,2.01767,1.00,1.37
2015.07.21 13:40:36.628,2.01731,2.01767,1.00,1.50
2015.07.21 13:40:36.679,2.01731,2.01765,1.00,1.00
2015.07.21 13:40:36.730,2.01727,2.01765,1.00,1.00
2015.07.21 13:40:37.234,2.01727,2.01766,1.00,1.00
2015.07.21 13:40:37.830,2.01727,2.01765,1.00,1.00
2015.07.21 13:40:38.918,2.01727,2.01764,1.00,1.00
2015.07.21 13:40:40.088,2.01727,2.01765,1.00,1.00
2015.07.21 13:40:41.322,2.01727,2.01763,1.00,1.00
2015.07.21 13:40:41.474,2.01727,2.01766,1.00,1.00
2015.07.21 13:40:41.626,2.01723,2.01768,1.50,1.00
2015.07.21 13:40:41.778,2.01726,2.0177,1.00,1.00
2015.07.21 13:40:42.340,2.01727,2.0177,1.00,1.00
2015.07.21 13:40:42.593,2.01717,2.01761,1.00,1.00
2015.07.21 13:40:42.745,2.01717,2.01759,1.00,1.00
2015.07.21 13:40:42.897,2.01713,2.01756,1.50,1.00
2015.07.21 13:40:42.948,2.01713,2.01754,1.00,1.00
2015.07.21 13:40:43.314,2.01713,2.01757,1.00,1.00
2015.07.21 13:40:43.567,2.0171,2.01756,1.50,1.50
2015.07.21 13:40:46.355,2.0171,2.01755,1.50,1.00
2015.07.21 13:40:46.910,2.0171,2.01754,1.00,1.00
2015.07.21 13:40:47.436,2.0171,2.01755,1.50,1.00
2015.07.21 13:40:47.588,2.01718,2.01756,1.00,1.00
2015.07.21 13:40:47.639,2.01718,2.01761,1.00,1.00
2015.07.21 13:40:47.689,2.0172,2.01761,1.00,1.00
2015.07.21 13:40:47.791,2.01721,2.01765,1.00,1.00
2015.07.21 13:40:48.043,2.01719,2.01762,1.00,1.00
2015.07.21 13:40:48.898,2.01719,2.01761,1.00,1.00
2015.07.21 13:40:49.402,2.01722,2.01765,1.00,1.50
2015.07.21 13:40:49.453,2.01724,2.01765,1.00,1.00
2015.07.21 13:40:49.655,2.01719,2.01765,1.50,1.00
2015.07.21 13:40:50.159,2.01719,2.01764,1.50,1.00
2015.07.21 13:40:50.644,2.01721,2.01765,1.00,1.00
2015.07.21 13:40:50.796,2.01719,2.01765,1.50,1.00
2015.07.21 13:40:51.977,2.01719,2.01764,1.00,1.00
2015.07.21 13:40:52.481,2.01719,2.01763,1.00,1.00
2015.07.21 13:40:53.010,2.01719,2.01762,1.00,1.00
2015.07.21 13:40:53.967,2.01719,2.01764,1.00,1.00
2015.07.21 13:40:54.170,2.01719,2.01762,1.00,1.00
2015.07.21 13:40:54.717,2.01719,2.01761,1.00,1.00
2015.07.21 13:40:55.073,2.01719,2.01763,1.00,1.00
2015.07.21 13:40:58.279,2.01719,2.0176,1.00,1.00
2015.07.21 13:40:59.489,2.01725,2.01765,1.00,1.00
2015.07.21 13:40:59.742,2.01724,2.01768,1.50,1.00
2015.07.21 13:40:59.792,2.01724,2.01766,1.50,1.00
2015.07.21 13:40:59.893,2.01724,2.01769,1.50,1.00
2015.07.21 13:41:00.240,2.01726,2.01771,1.00,1.37
2015.07.21 13:41:00.341,2.01724,2.0177,1.00,1.00
2015.07.21 13:41:00.593,2.01726,2.01769,1.00,1.00
2015.07.21 13:41:01.005,2.01724,2.01771,1.00,1.50
2015.07.21 13:41:01.107,2.01726,2.01771,1.00,1.00
2015.07.21 13:41:01.410,2.0173,2.01771,1.00,1.00
2015.07.21 13:41:02.030,2.01728,2.01771,1.50,1.00
2015.07.21 13:41:02.334,2.01728,2.01774,1.50,1.00
2015.07.21 13:41:02.838,2.01729,2.01774,1.00,1.00
2015.07.21 13:41:02.989,2.01729,2.01772,1.00,1.00
2015.07.21 13:41:03.539,2.01728,2.01769,1.00,1.00
2015.07.21 13:41:03.741,2.01724,2.01768,1.00,1.00
2015.07.21 13:41:03.845,2.01724,2.0177,1.00,1.50
2015.07.21 13:41:04.202,2.01727,2.0177,1.00,1.50
2015.07.21 13:41:04.529,2.01721,2.01764,1.00,1.00
2015.07.21 13:41:04.580,2.01719,2.01764,1.00,1.50
2015.07.21 13:41:04.630,2.01718,2.01761,1.00,1.00
2015.07.21 13:41:04.933,2.01716,2.01761,1.00,1.87
2015.07.21 13:41:05.516,2.01714,2.0176,1.50,1.00
2015.07.21 13:41:06.874,2.01714,2.01755,1.50,1.00
2015.07.21 13:41:06.925,2.01711,2.01755,1.00,1.50
2015.07.21 13:41:07.177,2.01711,2.01753,1.00,1.00
2015.07.21 13:41:07.379,2.01711,2.01756,1.50,1.00
2015.07.21 13:41:07.819,2.01714,2.01758,1.00,1.00
2015.07.21 13:41:08.122,2.01713,2.01756,1.00,1.00
2015.07.21 13:41:08.476,2.01713,2.01758,1.00,1.00
2015.07.21 13:41:08.833,2.01716,2.01758,1.00,1.00
2015.07.21 13:41:09.035,2.01712,2.01758,1.00,1.50
2015.07.21 13:41:09.388,2.01713,2.01756,1.00,1.00
2015.07.21 13:41:09.809,2.01711,2.01756,1.50,1.00
2015.07.21 13:41:10.314,2.01711,2.01755,1.00,1.00
2015.07.21 13:41:10.843,2.01711,2.01754,1.00,1.00
2015.07.21 13:41:10.901,2.01714,2.01758,1.00,1.00
2015.07.21 13:41:11.002,2.01716,2.01758,1.00,1.00
2015.07.21 13:41:11.254,2.01714,2.01758,1.00,1.00
2015.07.21 13:41:11.355,2.01711,2.01756,1.87,1.00
2015.07.21 13:41:11.557,2.01713,2.01756,1.00,1.00
2015.07.21 13:41:11.658,2.01714,2.01758,1.00,1.00
2015.07.21 13:41:12.213,2.01714,2.01757,1.00,1.00
2015.07.21 13:41:12.727,2.01714,2.01758,1.37,1.00
2015.07.21 13:41:12.882,2.01716,2.0176,1.00,1.00
2015.07.21 13:41:12.985,2.01718,2.0176,1.00,1.00
2015.07.21 13:41:13.289,2.0172,2.0176,1.00,1.00
2015.07.21 13:41:13.390,2.0172,2.01765,1.50,1.00
2015.07.21 13:41:13.441,2.01723,2.01766,1.00,1.00
2015.07.21 13:41:13.643,2.01721,2.01765,1.00,1.00
2015.07.21 13:41:14.148,2.0172,2.01764,1.00,1.00
2015.07.21 13:41:14.199,2.0172,2.01761,1.00,1.00
2015.07.21 13:41:14.653,2.01718,2.01761,1.00,1.00
2015.07.21 13:41:16.194,2.01718,2.01759,1.00,1.00
2015.07.21 13:41:16.245,2.01715,2.01759,1.00,1.00
2015.07.21 13:41:16.755,2.01714,2.01758,1.00,1.00
2015.07.21 13:41:17.200,2.01711,2.01757,1.00,1.00
2015.07.21 13:41:18.384,2.01711,2.01754,1.00,1.00
2015.07.21 13:41:18.740,2.01705,2.01749,1.00,1.00
2015.07.21 13:41:18.942,2.01701,2.01746,1.50,1.00
2015.07.21 13:41:19.506,2.01701,2.01747,1.50,1.00
2015.07.21 13:41:19.918,2.01706,2.01747,1.00,1.00
2015.07.21 13:41:20.120,2.01708,2.01751,1.00,1.50
2015.07.21 13:41:20.172,2.01709,2.01754,1.00,1.50
2015.07.21 13:41:20.478,2.01707,2.01751,1.00,1.00
2015.07.21 13:41:20.579,2.01707,2.01754,1.50,1.50
2015.07.21 13:41:20.681,2.01711,2.01754,1.00,1.00
2015.07.21 13:41:21.200,2.01712,2.01754,1.00,1.00
2015.07.21 13:41:21.589,2.0171,2.01753,1.00,1.00
2015.07.21 13:41:22.003,2.01707,2.01754,1.50,1.50
2015.07.21 13:41:23.560,2.01709,2.01754,1.00,1.50
2015.07.21 13:41:24.312,2.01707,2.01754,1.50,1.50
2015.07.21 13:41:24.564,2.01707,2.01752,1.50,1.00
2015.07.21 13:41:25.014,2.01707,2.0175,1.00,1.00
2015.07.21 13:41:25.216,2.01707,2.01752,1.50,1.00
2015.07.21 13:41:25.670,2.01707,2.01749,1.00,1.00
2015.07.21 13:41:26.223,2.01707,2.0175,1.50,1.00
2015.07.21 13:41:26.769,2.01707,2.01751,1.00,1.00
2015.07.21 13:41:27.175,2.01707,2.01754,1.50,1.50
2015.07.21 13:41:27.840,2.01707,2.01754,1.87,1.50
2015.07.21 13:41:28.218,2.01712,2.01749,1.00,1.00
2015.07.21 13:41:37.186,2.01709,2.01746,1.00,1.00
2015.07.21 13:41:40.187,2.01709,2.01746,1.37,1.00
2015.07.21 13:41:40.692,2.01709,2.01746,1.00,1.00
2015.07.21 13:41:42.041,2.01704,2.01742,1.00,1.00
2015.07.21 13:41:45.467,2.01708,2.01742,1.00,1.00
2015.07.21 13:41:45.669,2.01707,2.01746,1.00,1.00
2015.07.21 13:41:45.821,2.01709,2.01746,1.00,1.00
2015.07.21 13:41:46.123,2.01708,2.01746,1.00,1.37
2015.07.21 13:41:46.218,2.01708,2.01746,1.00,1.12
2015.07.21 13:41:46.370,2.01706,2.01746,1.00,1.12
2015.07.21 13:41:46.672,2.01706,2.01744,1.00,1.00
2015.07.21 13:41:46.774,2.01706,2.01746,1.00,1.00
2015.07.21 13:41:46.875,2.01708,2.01746,1.00,1.00
2015.07.21 13:41:47.261,2.01713,2.01746,1.00,1.00
2015.07.21 13:41:47.668,2.01713,2.01751,1.00,1.00
2015.07.21 13:41:48.239,2.01711,2.01751,1.00,1.00
2015.07.21 13:41:48.340,2.01713,2.01751,1.00,1.00
2015.07.21 13:41:49.335,2.01711,2.01751,1.00,1.00
2015.07.21 13:41:49.839,2.01711,2.01751,1.00,1.37
2015.07.21 13:41:50.192,2.01711,2.01751,1.00,1.00
2015.07.21 13:41:52.538,2.01711,2.01751,1.00,1.37
2015.07.21 13:41:52.639,2.01711,2.01751,1.00,1.12
2015.07.21 13:41:53.143,2.01711,2.01751,1.00,1.87
2015.07.21 13:41:53.663,2.01711,2.01751,1.00,2.25
2015.07.21 13:41:53.714,2.01711,2.01749,1.00,1.00
2015.07.21 13:41:54.370,2.01711,2.01751,1.00,1.00
2015.07.21 13:41:54.901,2.01711,2.0175,1.00,1.00
2015.07.21 13:41:55.432,2.01711,2.01751,1.00,1.00
2015.07.21 13:41:55.936,2.01711,2.0175,1.00,1.00
2015.07.21 13:41:56.477,2.01711,2.01751,1.00,1.50
2015.07.21 13:41:57.082,2.01711,2.01751,1.37,1.00
2015.07.21 13:41:57.183,2.01711,2.01751,1.00,1.00
2015.07.21 13:41:59.995,2.01715,2.01755,1.00,1.00
2015.07.21 13:42:00.552,2.01715,2.01755,1.00,1.37
2015.07.21 13:42:01.094,2.01715,2.01755,1.00,1.00
2015.07.21 13:42:01.395,2.01715,2.01753,1.00,1.00
2015.07.21 13:42:01.899,2.01715,2.01754,1.00,1.00
2015.07.21 13:42:02.822,2.01715,2.01752,1.00,1.00
2015.07.21 13:42:03.276,2.01715,2.01754,1.00,1.00
2015.07.21 13:42:03.377,2.01715,2.01752,1.00,1.00
2015.07.21 13:42:03.428,2.01712,2.01751,1.00,1.00
2015.07.21 13:42:04.458,2.01712,2.01749,1.00,1.00
2015.07.21 13:42:04.559,2.01708,2.01747,1.00,1.00
2015.07.21 13:42:04.711,2.01708,2.01747,1.00,1.87
2015.07.21 13:42:05.260,2.01705,2.01744,1.00,1.00
2015.07.21 13:42:05.815,2.01707,2.01744,1.00,1.00
2015.07.21 13:42:05.916,2.01705,2.01744,1.00,1.00
2015.07.21 13:42:06.441,2.01704,2.01744,1.50,1.00
2015.07.21 13:42:07.446,2.01704,2.0174,1.00,1.00
2015.07.21 13:42:07.497,2.01701,2.0174,1.00,1.00
2015.07.21 13:42:07.598,2.01701,2.01736,1.00,1.00
2015.07.21 13:42:08.161,2.01698,2.01735,1.00,1.00
2015.07.21 13:42:08.695,2.01698,2.01734,1.00,1.00
2015.07.21 13:42:08.796,2.01693,2.01731,1.00,1.00
2015.07.21 13:42:11.427,2.01694,2.01731,1.00,1.00
2015.07.21 13:42:11.679,2.01696,2.01736,1.00,1.00
2015.07.21 13:42:11.831,2.01699,2.01736,1.00,1.00
2015.07.21 13:42:11.932,2.01701,2.01741,1.50,1.00
2015.07.21 13:42:12.259,2.01708,2.01746,1.00,1.00
2015.07.21 13:42:12.563,2.01712,2.0175,1.00,1.00
2015.07.21 13:42:13.598,2.01716,2.01755,1.00,1.00
2015.07.21 13:42:13.799,2.01721,2.01758,1.00,1.00
2015.07.21 13:42:13.850,2.01721,2.01761,1.00,1.00
2015.07.21 13:42:14.910,2.01723,2.01761,1.00,1.00
2015.07.21 13:42:15.162,2.01721,2.01761,1.50,1.00
2015.07.21 13:42:15.565,2.01723,2.01761,1.00,1.00
2015.07.21 13:42:15.885,2.01727,2.01765,1.00,1.00
2015.07.21 13:42:16.349,2.01729,2.01765,1.00,1.00
2015.07.21 13:42:17.006,2.01727,2.01765,1.00,1.00
2015.07.21 13:42:17.913,2.01727,2.01765,1.50,1.37
2015.07.21 13:42:18.253,2.01727,2.01765,1.00,1.00
2015.07.21 13:42:18.659,2.0173,2.01765,1.00,1.00
2015.07.21 13:42:18.911,2.01728,2.01765,1.00,1.00
2015.07.21 13:42:19.113,2.01731,2.01765,1.00,1.00
2015.07.21 13:42:19.462,2.01729,2.01765,1.00,1.00
2015.07.21 13:42:19.965,2.01728,2.01765,1.00,1.00
2015.07.21 13:42:20.540,2.01731,2.0177,1.00,1.00
2015.07.21 13:42:21.065,2.01733,2.0177,1.00,1.00
2015.07.21 13:42:21.216,2.01731,2.0177,1.00,1.00
2015.07.21 13:42:25.395,2.01732,2.0177,1.00,1.00
2015.07.21 13:42:25.929,2.01731,2.0177,1.00,1.00
2015.07.21 13:42:26.232,2.01733,2.0177,1.00,1.00
2015.07.21 13:42:26.481,2.01731,2.0177,1.00,1.00
2015.07.21 13:42:26.683,2.01733,2.0177,1.00,1.00
2015.07.21 13:42:26.935,2.01731,2.0177,1.00,1.00
2015.07.21 13:42:27.281,2.01734,2.0177,1.00,1.00
2015.07.21 13:42:27.332,2.01731,2.0177,1.00,1.00
2015.07.21 13:42:27.668,2.01733,2.0177,1.00,1.00
2015.07.21 13:42:27.819,2.01731,2.0177,1.00,1.00
2015.07.21 13:42:28.119,2.01733,2.0177,1.00,1.00
2015.07.21 13:42:28.321,2.01731,2.0177,1.00,1.00
2015.07.21 13:42:29.566,2.01732,2.0177,1.00,1.00
2015.07.21 13:42:30.229,2.01731,2.0177,1.00,1.00
2015.07.21 13:42:31.558,2.01731,2.01769,1.00,1.00
2015.07.21 13:42:31.659,2.01731,2.01769,1.00,1.37
2015.07.21 13:42:31.962,2.01731,2.01769,1.00,1.37
2015.07.21 13:42:32.063,2.01731,2.01769,1.00,1.12
2015.07.21 13:42:32.164,2.01727,2.01766,1.00,1.00
2015.07.21 13:42:32.965,2.01727,2.01766,1.50,1.37
2015.07.21 13:42:33.099,2.01727,2.01766,1.50,1.00
2015.07.21 13:42:33.200,2.01727,2.01766,1.50,1.37
2015.07.21 13:42:33.402,2.01727,2.01766,1.50,1.00
2015.07.21 13:42:33.504,2.01727,2.01766,1.50,1.37
2015.07.21 13:42:33.705,2.01727,2.01766,1.50,1.00
2015.07.21 13:42:34.485,2.01727,2.01766,1.50,1.37
2015.07.21 13:42:34.996,2.01727,2.01766,1.50,1.37
2015.07.21 13:42:35.315,2.01727,2.01766,1.00,1.00
2015.07.21 13:42:35.468,2.01727,2.01766,1.00,1.37
2015.07.21 13:42:35.569,2.01727,2.01766,1.00,1.00
2015.07.21 13:42:36.092,2.01728,2.01766,1.00,1.00
2015.07.21 13:42:36.618,2.01727,2.01766,1.00,1.00
2015.07.21 13:42:36.976,2.01727,2.01766,1.00,1.37
2015.07.21 13:42:37.380,2.01727,2.01766,1.00,1.37
2015.07.21 13:42:37.582,2.01727,2.01766,1.00,1.37
2015.07.21 13:42:38.091,2.01727,2.01766,1.00,1.00
2015.07.21 13:42:38.378,2.01727,2.01765,1.00,1.37
2015.07.21 13:42:38.428,2.01724,2.01763,1.00,1.37
2015.07.21 13:42:38.479,2.0172,2.01759,1.00,1.37
2015.07.21 13:42:38.781,2.01719,2.01759,1.00,1.37
2015.07.21 13:42:39.091,2.01719,2.01759,1.00,1.37
2015.07.21 13:42:39.225,2.01716,2.01754,1.00,1.00
2015.07.21 13:42:39.326,2.01713,2.0175,1.00,1.37
2015.07.21 13:42:39.729,2.01713,2.0175,1.00,1.12
2015.07.21 13:42:41.324,2.01713,2.01746,1.00,1.00
2015.07.21 13:42:41.487,2.01707,2.01745,1.00,1.37
2015.07.21 13:42:41.587,2.01707,2.01745,1.00,1.37
2015.07.21 13:42:41.689,2.01707,2.01746,1.00,1.87
2015.07.21 13:42:42.097,2.01709,2.01746,1.00,1.00
2015.07.21 13:42:42.626,2.01707,2.01746,1.50,1.00
2015.07.21 13:42:43.123,2.01707,2.01746,1.00,1.37
2015.07.21 13:42:43.325,2.01707,2.01746,1.00,1.00
2015.07.21 13:42:43.529,2.01707,2.01746,1.00,1.37
2015.07.21 13:42:44.042,2.01707,2.01745,1.00,1.12
2015.07.21 13:42:44.954,2.01708,2.01746,1.00,1.00
2015.07.21 13:42:45.458,2.01709,2.01746,1.00,1.00
2015.07.21 13:42:46.391,2.01712,2.01746,1.00,1.00
2015.07.21 13:42:47.796,2.01709,2.01746,1.00,1.00
2015.07.21 13:42:48.351,2.01711,2.01746,1.00,1.00
2015.07.21 13:42:48.910,2.01713,2.01746,1.00,1.00
2015.07.21 13:42:50.140,2.01707,2.01741,1.00,1.71
2015.07.21 13:42:50.191,2.01701,2.01735,1.00,1.00
2015.07.21 13:42:50.242,2.01699,2.01732,1.00,1.00
2015.07.21 13:42:50.545,2.01708,2.01743,1.00,1.00
2015.07.21 13:42:50.801,2.01714,2.01743,1.00,1.00
2015.07.21 13:42:50.902,2.01714,2.01751,1.00,1.00
2015.07.21 13:42:51.004,2.01714,2.01748,1.00,1.00
2015.07.21 13:42:51.516,2.01713,2.01748,1.50,1.00
2015.07.21 13:42:52.441,2.0171,2.01748,1.00,1.00
2015.07.21 13:42:56.677,2.01707,2.01745,1.00,1.00
2015.07.21 13:42:56.779,2.01703,2.01742,1.00,1.12
2015.07.21 13:42:57.383,2.01703,2.0174,1.00,1.00
2015.07.21 13:42:57.685,2.017,2.01737,1.00,1.00
2015.07.21 13:42:58.189,2.01696,2.01735,1.00,1.00
2015.07.21 13:42:58.593,2.01691,2.01731,1.00,1.87
2015.07.21 13:42:58.943,2.01688,2.01723,1.00,1.37
2015.07.21 13:42:58.994,2.01688,2.01723,1.00,1.12
2015.07.21 13:42:59.095,2.01688,2.01719,1.00,1.00
2015.07.21 13:42:59.146,2.01684,2.01719,1.00,1.00
2015.07.21 13:42:59.512,2.01682,2.01719,1.00,1.00
2015.07.21 13:42:59.706,2.0168,2.01719,1.50,1.00
2015.07.21 13:43:00.167,2.01683,2.01719,1.00,1.00
2015.07.21 13:43:00.268,2.01683,2.01722,1.50,1.00
2015.07.21 13:43:00.318,2.01683,2.01722,1.84,1.00
2015.07.21 13:43:03.893,2.01693,2.01722,1.00,1.00
2015.07.21 13:43:04.095,2.01689,2.01722,1.09,1.00
2015.07.21 13:43:08.770,2.01684,2.01722,1.34,1.00
2015.07.21 13:43:09.526,2.01683,2.01722,1.84,1.00
2015.07.21 13:43:14.815,2.01688,2.01725,1.34,1.00
2015.07.21 13:43:16.190,2.0169,2.01725,1.84,1.00
2015.07.21 13:43:16.355,2.01697,2.01735,1.34,1.00
2015.07.21 13:43:16.406,2.01701,2.01739,1.34,1.00
2015.07.21 13:43:16.507,2.01703,2.01743,1.34,1.00
2015.07.21 13:43:17.704,2.01703,2.01743,1.00,1.00
2015.07.21 13:43:21.366,2.01704,2.01743,1.00,1.00
2015.07.21 13:43:22.251,2.01705,2.01743,1.00,1.00
2015.07.21 13:43:22.790,2.01706,2.01743,1.00,1.00
2015.07.21 13:43:23.339,2.01705,2.01743,1.00,1.00
2015.07.21 13:43:23.794,2.01707,2.01743,1.00,1.00
2015.07.21 13:43:24.297,2.01706,2.01743,1.00,1.00
2015.07.21 13:43:24.599,2.01708,2.01743,1.00,1.00
2015.07.21 13:43:24.650,2.01705,2.01743,1.00,1.00
2015.07.21 13:43:25.867,2.01707,2.01743,1.00,1.00
2015.07.21 13:43:26.081,2.01705,2.01743,1.00,1.00
2015.07.21 13:43:26.182,2.01703,2.01743,1.00,1.00
2015.07.21 13:43:26.525,2.01695,2.01731,1.00,1.00
2015.07.21 13:43:26.928,2.01694,2.01728,1.00,1.00
2015.07.21 13:43:27.231,2.01689,2.01726,1.00,1.00
2015.07.21 13:43:27.382,2.01689,2.01727,1.00,1.37
2015.07.21 13:43:27.644,2.01685,2.01724,1.00,1.00
2015.07.21 13:43:28.618,2.01688,2.01724,1.00,1.00
2015.07.21 13:43:29.367,2.01689,2.01724,1.84,1.00
2015.07.21 13:43:29.418,2.01692,2.01728,1.34,1.00
2015.07.21 13:43:29.570,2.01693,2.01728,1.00,1.00
2015.07.21 13:43:29.671,2.0169,2.01728,1.00,1.00
2015.07.21 13:43:29.722,2.01693,2.01728,1.00,1.00
2015.07.21 13:43:30.255,2.01694,2.01728,1.00,1.00
2015.07.21 13:43:30.306,2.01695,2.01733,1.00,1.00
2015.07.21 13:43:30.407,2.01695,2.01729,1.00,1.00
2015.07.21 13:43:30.709,2.01689,2.01727,1.00,1.37
2015.07.21 13:43:30.760,2.01689,2.01727,1.00,1.00
2015.07.21 13:43:31.063,2.01689,2.01726,1.00,1.37
2015.07.21 13:43:31.164,2.01689,2.01727,1.00,1.12
2015.07.21 13:43:31.474,2.01689,2.01727,1.00,1.37
2015.07.21 13:43:31.676,2.01689,2.01727,1.00,1.00
2015.07.21 13:43:32.201,2.01688,2.01727,1.00,1.37
2015.07.21 13:43:32.716,2.01689,2.01727,1.00,1.00
2015.07.21 13:43:33.221,2.01689,2.01727,1.00,1.37
2015.07.21 13:43:33.734,2.01688,2.01727,1.00,1.37
2015.07.21 13:43:33.986,2.01688,2.01727,1.00,1.87
2015.07.21 13:43:35.661,2.01688,2.01727,1.00,1.87
2015.07.21 13:43:35.863,2.01688,2.01727,1.00,1.12
2015.07.21 13:43:36.410,2.01687,2.01727,1.09,1.50
2015.07.21 13:43:37.228,2.01688,2.01727,1.00,1.00
2015.07.21 13:43:37.884,2.01689,2.01727,1.00,1.00
2015.07.21 13:43:38.660,2.01693,2.01727,1.00,1.00
2015.07.21 13:43:38.863,2.01688,2.01727,1.00,1.00
2015.07.21 13:43:43.373,2.01687,2.01727,1.09,1.00
2015.07.21 13:43:43.474,2.01684,2.01724,1.34,1.50
2015.07.21 13:43:43.524,2.01684,2.01724,1.00,1.87
2015.07.21 13:43:43.676,2.01683,2.01719,1.00,1.00
2015.07.21 13:43:44.194,2.01684,2.01719,1.34,1.00
2015.07.21 13:43:44.716,2.01684,2.01723,1.34,1.00
2015.07.21 13:43:45.474,2.01688,2.01726,1.09,1.00
2015.07.21 13:43:47.867,2.01689,2.01726,1.00,1.00
2015.07.21 13:43:48.660,2.01688,2.01726,1.09,1.00
2015.07.21 13:43:48.862,2.01691,2.01726,1.00,1.00
2015.07.21 13:43:48.913,2.01691,2.01729,1.00,1.00
2015.07.21 13:43:48.964,2.01695,2.01729,1.00,1.00
2015.07.21 13:43:49.065,2.017,2.01735,1.00,1.00
2015.07.21 13:43:49.116,2.01701,2.01738,1.00,1.50
2015.07.21 13:43:49.569,2.01703,2.01742,1.00,1.00
2015.07.21 13:43:51.811,2.01704,2.01742,1.00,1.00
2015.07.21 13:43:52.014,2.01707,2.01746,1.00,1.00
2015.07.21 13:43:52.166,2.01703,2.01737,1.00,1.00
2015.07.21 13:43:52.373,2.01699,2.01737,1.00,1.00
2015.07.21 13:43:52.877,2.01699,2.01737,1.00,1.37
2015.07.21 13:43:53.382,2.01699,2.01737,1.00,1.00
2015.07.21 13:43:55.329,2.01699,2.01735,1.00,1.00
2015.07.21 13:43:55.879,2.01699,2.01736,1.00,1.00
2015.07.21 13:43:56.031,2.01696,2.01736,1.00,1.50
2015.07.21 13:43:56.452,2.01696,2.01734,1.00,1.00
2015.07.21 13:43:56.954,2.01696,2.01735,1.00,1.00
2015.07.21 13:44:01.081,2.01696,2.01736,1.00,1.00
2015.07.21 13:44:02.731,2.01699,2.01736,1.00,1.00
2015.07.21 13:44:02.933,2.01701,2.01739,1.00,1.00
2015.07.21 13:44:03.827,2.01702,2.01739,1.00,1.00
2015.07.21 13:44:04.332,2.01701,2.01739,1.50,1.00
2015.07.21 13:44:04.483,2.01701,2.01739,1.87,1.00
2015.07.21 13:44:04.602,2.01701,2.01739,1.50,1.00
2015.07.21 13:44:04.652,2.01701,2.01739,1.87,1.00
2015.07.21 13:44:04.855,2.01701,2.01739,1.00,1.00
2015.07.21 13:44:05.056,2.01697,2.01737,1.00,1.00
2015.07.21 13:44:05.158,2.01697,2.01736,1.00,1.37
2015.07.21 13:44:05.384,2.01697,2.01737,1.00,1.00
2015.07.21 13:44:10.102,2.01699,2.01737,1.00,1.00
2015.07.21 13:44:10.731,2.01697,2.01737,1.00,1.00
2015.07.21 13:44:12.413,2.017,2.01738,1.00,1.00
2015.07.21 13:44:12.709,2.017,2.0174,1.00,1.50
2015.07.21 13:44:13.396,2.017,2.01738,1.00,1.00
2015.07.21 13:44:14.071,2.017,2.01739,1.00,1.00
2015.07.21 13:44:14.528,2.01704,2.01739,1.00,1.00
2015.07.21 13:44:14.831,2.01704,2.01742,1.00,1.50
2015.07.21 13:44:15.397,2.01704,2.0174,1.00,1.00
2015.07.21 13:44:15.999,2.01704,2.01739,1.00,1.00
2015.07.21 13:44:16.238,2.01704,2.01742,1.50,1.00
2015.07.21 13:44:16.641,2.01706,2.01746,1.00,1.00
2015.07.21 13:44:17.478,2.01708,2.01746,1.00,1.00
2015.07.21 13:44:17.528,2.01709,2.01749,1.00,1.00
2015.07.21 13:44:17.631,2.01713,2.01752,1.00,1.50
2015.07.21 13:44:18.135,2.01713,2.01747,1.00,1.00
2015.07.21 13:44:18.337,2.01713,2.01751,1.00,1.50
2015.07.21 13:44:18.540,2.01713,2.01749,1.00,1.00
2015.07.21 13:44:18.837,2.01713,2.01751,1.00,1.50
2015.07.21 13:44:18.991,2.01713,2.01748,1.00,1.00
2015.07.21 13:44:19.243,2.01713,2.0175,1.00,1.00
2015.07.21 13:44:19.445,2.01713,2.01748,1.00,1.00
2015.07.21 13:44:19.798,2.01713,2.01752,1.00,1.00
2015.07.21 13:44:20.000,2.01713,2.0175,1.00,1.00
2015.07.21 13:44:20.316,2.01713,2.01752,1.00,1.00
2015.07.21 13:44:20.560,2.01713,2.0175,1.00,1.00
2015.07.21 13:44:20.744,2.01713,2.01752,1.00,1.50
2015.07.21 13:44:20.997,2.01713,2.0175,1.00,1.00
2015.07.21 13:44:21.199,2.01713,2.01752,1.00,1.00
2015.07.21 13:44:21.909,2.01713,2.01752,1.00,1.87
2015.07.21 13:44:22.212,2.01713,2.01752,1.00,1.00
2015.07.21 13:44:22.850,2.01713,2.01751,1.00,1.00
2015.07.21 13:44:23.379,2.01713,2.01752,1.00,1.00
2015.07.21 13:44:23.952,2.01713,2.01749,1.00,1.00
2015.07.21 13:44:24.304,2.01713,2.01752,1.00,1.00
2015.07.21 13:44:24.831,2.01713,2.01751,1.00,1.00
2015.07.21 13:44:24.932,2.01713,2.01748,1.00,1.00
2015.07.21 13:44:25.033,2.01709,2.01745,1.00,1.00
2015.07.21 13:44:25.134,2.01706,2.01743,1.00,1.00
2015.07.21 13:44:25.235,2.01706,2.01742,1.00,1.37
2015.07.21 13:44:25.778,2.01706,2.01741,1.00,1.00
2015.07.21 13:44:26.258,2.01706,2.01743,1.00,1.12
2015.07.21 13:44:26.861,2.01701,2.01741,1.00,1.00
2015.07.21 13:44:27.380,2.01701,2.0174,1.00,1.00
2015.07.21 13:44:27.928,2.01701,2.01739,1.00,1.00
2015.07.21 13:44:28.030,2.01701,2.01741,1.00,1.50
2015.07.21 13:44:28.238,2.01701,2.01739,1.00,1.00
2015.07.21 13:44:28.591,2.01701,2.01741,1.00,1.00
2015.07.21 13:44:28.641,2.01705,2.01744,1.37,1.00
2015.07.21 13:44:28.987,2.01705,2.01744,1.37,1.00
2015.07.21 13:44:29.520,2.01708,2.01744,1.00,1.00
2015.07.21 13:44:29.787,2.01705,2.01744,1.00,1.00
2015.07.21 13:44:30.574,2.01705,2.01744,1.34,1.00
2015.07.21 13:44:30.886,2.01711,2.01747,1.00,1.00
2015.07.21 13:44:31.138,2.01707,2.01745,1.00,1.00
2015.07.21 13:44:31.239,2.01707,2.01743,1.00,1.00
2015.07.21 13:44:31.290,2.01703,2.01743,1.00,1.50
2015.07.21 13:44:31.341,2.01703,2.01741,1.00,1.00
2015.07.21 13:44:31.644,2.01703,2.01739,1.00,1.00
2015.07.21 13:44:32.157,2.01703,2.01738,1.00,1.00
2015.07.21 13:44:34.416,2.01703,2.0174,1.00,1.00
2015.07.21 13:44:34.918,2.01703,2.01741,1.00,1.00
2015.07.21 13:44:37.174,2.01703,2.01741,1.00,1.37
2015.07.21 13:44:37.278,2.01703,2.01741,1.00,1.00
2015.07.21 13:44:38.376,2.01703,2.0174,1.00,1.00
2015.07.21 13:44:39.135,2.01705,2.01743,2.59,1.00
2015.07.21 13:44:39.337,2.01708,2.01746,1.34,1.00
2015.07.21 13:44:39.579,2.01708,2.01746,1.00,1.00
2015.07.21 13:44:39.680,2.01708,2.01736,1.00,1.00
2015.07.21 13:44:39.882,2.01708,2.01742,1.00,1.00
2015.07.21 13:44:40.442,2.01705,2.01742,1.50,1.00
2015.07.21 13:44:40.945,2.01701,2.01739,1.00,1.00
2015.07.21 13:44:41.247,2.01703,2.01739,1.00,1.00
2015.07.21 13:44:41.298,2.01703,2.01742,1.50,1.00
2015.07.21 13:44:41.550,2.01703,2.01742,2.59,1.00
2015.07.21 13:44:45.616,2.01707,2.01747,1.00,1.00
2015.07.21 13:44:46.716,2.01704,2.01742,1.34,1.00
2015.07.21 13:44:48.499,2.01707,2.01746,1.50,1.00
2015.07.21 13:44:49.128,2.01707,2.01745,1.00,1.00
2015.07.21 13:44:49.629,2.01707,2.01746,1.00,2.25
2015.07.21 13:44:51.795,2.01709,2.01746,1.00,1.00
2015.07.21 13:44:51.936,2.01711,2.01751,1.50,1.00
2015.07.21 13:44:53.855,2.01716,2.01751,1.00,1.00
2015.07.21 13:44:54.043,2.01719,2.01758,1.00,1.00
2015.07.21 13:44:54.094,2.01719,2.01758,1.84,1.00
2015.07.21 13:44:58.270,2.01722,2.01758,1.00,1.00
2015.07.21 13:44:58.788,2.0172,2.01758,1.34,1.00
2015.07.21 13:44:59.326,2.01722,2.01758,1.00,1.00
2015.07.21 13:44:59.889,2.0172,2.01757,1.34,1.00
2015.07.21 13:44:59.940,2.01719,2.01757,1.50,1.00
2015.07.21 13:45:00.244,2.01719,2.01755,1.00,1.37
2015.07.21 13:45:00.446,2.0171,2.01749,1.00,1.00
2015.07.21 13:45:00.547,2.01713,2.01751,1.00,1.00
2015.07.21 13:45:01.013,2.01716,2.01751,1.00,1.00
2015.07.21 13:45:02.091,2.01713,2.01751,1.50,1.00
2015.07.21 13:45:02.951,2.01714,2.01751,1.00,1.00
2015.07.21 13:45:03.456,2.01713,2.01751,1.00,1.00
2015.07.21 13:45:03.996,2.01714,2.01751,1.00,1.00
2015.07.21 13:45:05.271,2.01713,2.01751,1.00,1.00
2015.07.21 13:45:07.067,2.01713,2.01749,1.00,1.00
2015.07.21 13:45:07.370,2.01713,2.01746,1.00,1.00
2015.07.21 13:45:09.190,2.01707,2.01745,1.00,1.00
2015.07.21 13:45:09.909,2.01707,2.01744,1.00,1.00
2015.07.21 13:45:10.278,2.01703,2.01743,1.34,1.00
2015.07.21 13:45:11.212,2.01703,2.01741,1.34,1.00
2015.07.21 13:45:11.573,2.01703,2.01741,1.00,1.00
2015.07.21 13:45:11.674,2.01703,2.01736,1.00,1.00
2015.07.21 13:45:11.725,2.017,2.01736,1.00,1.00
2015.07.21 13:45:11.876,2.017,2.01731,1.00,1.00
2015.07.21 13:45:12.028,2.0169,2.01728,1.00,1.00
2015.07.21 13:45:12.129,2.0169,2.01725,1.00,1.00
2015.07.21 13:45:12.437,2.01685,2.0172,1.00,1.00
2015.07.21 13:45:13.071,2.01685,2.01721,1.00,1.00
2015.07.21 13:45:13.173,2.01679,2.01719,1.00,1.00
2015.07.21 13:45:16.746,2.0168,2.01719,1.00,1.00
2015.07.21 13:45:17.394,2.01679,2.01719,1.50,1.00
2015.07.21 13:45:18.246,2.01683,2.01722,1.00,1.00
2015.07.21 13:45:18.548,2.01688,2.01725,1.00,1.00
2015.07.21 13:45:22.095,2.01691,2.01725,1.00,1.00
2015.07.21 13:45:22.196,2.01693,2.01732,1.00,1.00
2015.07.21 13:45:22.509,2.01696,2.01735,1.00,1.00
2015.07.21 13:45:24.660,2.01696,2.01732,1.00,1.00
2015.07.21 13:45:24.711,2.01688,2.01727,1.00,1.37
2015.07.21 13:45:24.913,2.01685,2.01724,1.00,1.00
2015.07.21 13:45:26.375,2.01689,2.01729,1.00,1.00
2015.07.21 13:45:28.183,2.01689,2.01727,1.00,1.00
2015.07.21 13:45:28.386,2.01689,2.01729,1.00,1.00
2015.07.21 13:45:30.343,2.01692,2.01729,1.00,1.00
2015.07.21 13:45:30.595,2.01694,2.01733,1.00,1.00
2015.07.21 13:45:31.150,2.01695,2.01733,1.00,1.00
2015.07.21 13:45:31.704,2.01698,2.01733,1.00,1.00
2015.07.21 13:45:31.805,2.01696,2.01733,1.00,1.00
2015.07.21 13:45:33.351,2.01695,2.01733,1.00,1.00
2015.07.21 13:45:33.862,2.01694,2.01733,1.50,1.00
2015.07.21 13:45:37.969,2.01695,2.01733,1.00,1.00
2015.07.21 13:45:38.620,2.01695,2.01731,1.00,1.00
2015.07.21 13:45:38.842,2.01694,2.01733,1.50,1.00
2015.07.21 13:45:40.171,2.01694,2.01731,1.00,1.00
2015.07.21 13:45:40.479,2.01699,2.01736,1.00,1.00
2015.07.21 13:45:40.937,2.01697,2.01736,1.00,1.00
2015.07.21 13:45:41.089,2.01693,2.01733,1.00,1.00
2015.07.21 13:45:42.149,2.01694,2.01733,1.00,1.00
2015.07.21 13:45:45.000,2.01693,2.01733,1.50,1.00
2015.07.21 13:45:45.504,2.01691,2.01729,1.00,1.12
2015.07.21 13:45:45.819,2.01687,2.01725,1.00,1.00
2015.07.21 13:45:50.279,2.01687,2.01725,1.00,1.37
2015.07.21 13:45:50.817,2.01687,2.01725,1.00,1.00
2015.07.21 13:45:58.014,2.01687,2.01725,1.00,1.37
2015.07.21 13:45:58.323,2.01687,2.01725,1.00,1.00
2015.07.21 13:45:58.424,2.01687,2.01725,1.00,1.37
2015.07.21 13:45:58.626,2.01687,2.01725,1.00,1.00
2015.07.21 13:45:59.530,2.01687,2.01725,1.00,1.37
2015.07.21 13:45:59.632,2.01687,2.01725,1.00,1.37
2015.07.21 13:45:59.932,2.01687,2.01725,1.00,1.00
2015.07.21 13:46:00.085,2.01687,2.01717,1.00,1.00
2015.07.21 13:46:00.208,2.01683,2.0172,1.00,1.12
2015.07.21 13:46:01.042,2.01683,2.0172,1.00,1.37
2015.07.21 13:46:01.110,2.01683,2.0172,1.00,1.00
2015.07.21 13:46:01.211,2.01678,2.01718,1.00,1.12
2015.07.21 13:46:03.721,2.01678,2.01718,1.00,1.37
2015.07.21 13:46:04.059,2.01678,2.01718,1.50,1.12
2015.07.21 13:46:04.161,2.01681,2.01718,1.00,1.00
2015.07.21 13:46:04.464,2.01683,2.0172,1.00,1.00
2015.07.21 13:46:04.666,2.01674,2.01714,1.00,1.50
2015.07.21 13:46:05.569,2.01674,2.01712,1.00,1.00
2015.07.21 13:46:05.670,2.01669,2.01708,1.00,1.00
2015.07.21 13:46:06.218,2.0167,2.01708,1.00,1.00
2015.07.21 13:46:06.772,2.01672,2.01708,1.00,1.00
2015.07.21 13:46:07.444,2.01669,2.01708,1.00,1.00
2015.07.21 13:46:07.646,2.01669,2.01708,1.00,1.37
2015.07.21 13:46:07.949,2.01669,2.01708,1.00,1.37
2015.07.21 13:46:08.201,2.01664,2.01703,1.00,1.37
2015.07.21 13:46:08.644,2.01664,2.01702,1.00,1.37
2015.07.21 13:46:08.833,2.01664,2.01702,1.00,1.12
2015.07.21 13:46:09.068,2.01664,2.01702,1.00,1.37
2015.07.21 13:46:09.169,2.01664,2.01702,1.00,1.12
2015.07.21 13:46:09.711,2.01664,2.01703,1.00,1.37
2015.07.21 13:46:09.762,2.01664,2.01703,1.00,1.00
2015.07.21 13:46:10.065,2.01664,2.01703,1.00,1.37
2015.07.21 13:46:10.115,2.0166,2.01699,1.00,1.00
2015.07.21 13:46:13.246,2.0166,2.01697,1.00,1.12
2015.07.21 13:46:13.549,2.0166,2.01696,1.00,1.37
2015.07.21 13:46:13.750,2.01656,2.01696,1.00,1.87
2015.07.21 13:46:13.851,2.01656,2.01696,1.00,1.87
2015.07.21 13:46:14.353,2.01656,2.01696,1.00,1.00
2015.07.21 13:46:14.961,2.01653,2.01693,1.50,1.00
2015.07.21 13:46:15.263,2.01655,2.01693,1.00,1.00
2015.07.21 13:46:15.573,2.01657,2.01693,1.00,1.00
2015.07.21 13:46:16.097,2.01658,2.01692,1.00,1.00
2015.07.21 13:46:16.658,2.01658,2.01691,1.00,1.00
2015.07.21 13:46:16.869,2.01658,2.01693,1.00,1.00
2015.07.21 13:46:18.631,2.01655,2.01693,1.00,1.00
2015.07.21 13:46:18.840,2.01659,2.01696,1.00,1.50
2015.07.21 13:46:19.190,2.01668,2.017,1.00,1.00
2015.07.21 13:46:19.292,2.01665,2.01703,1.84,1.00
2015.07.21 13:46:19.444,2.01669,2.01707,1.00,1.00
2015.07.21 13:46:19.646,2.01674,2.01707,1.00,1.00
2015.07.21 13:46:19.696,2.01674,2.01711,1.00,1.00
2015.07.21 13:46:19.988,2.01677,2.01711,1.00,1.00
2015.07.21 13:46:20.190,2.01677,2.01715,1.50,1.00
2015.07.21 13:46:20.291,2.01679,2.01715,1.00,1.00
2015.07.21 13:46:20.946,2.01682,2.01715,1.00,1.00
2015.07.21 13:46:21.495,2.01685,2.01715,1.00,1.00
2015.07.21 13:46:21.545,2.01685,2.01721,1.00,1.00
2015.07.21 13:46:21.647,2.01685,2.01724,1.00,1.00
2015.07.21 13:46:21.748,2.01688,2.01724,1.00,1.00
2015.07.21 13:46:22.050,2.01692,2.01724,1.00,1.00
2015.07.21 13:46:22.358,2.01692,2.01727,1.00,1.00
2015.07.21 13:46:22.711,2.01698,2.01732,1.00,1.00
2015.07.21 13:46:23.064,2.017,2.01734,1.00,1.00
2015.07.21 13:46:23.376,2.01701,2.01738,1.00,1.00
2015.07.21 13:46:24.792,2.01702,2.01738,1.00,1.00
2015.07.21 13:46:25.561,2.01704,2.01738,1.00,1.00
2015.07.21 13:46:25.923,2.01702,2.01738,1.00,1.00
2015.07.21 13:46:26.126,2.01704,2.01738,1.00,1.00
2015.07.21 13:46:27.468,2.01705,2.01738,1.00,1.00
2015.07.21 13:46:28.322,2.01704,2.01738,1.00,1.00
2015.07.21 13:46:28.574,2.01702,2.01738,1.00,1.00
2015.07.21 13:46:28.977,2.01704,2.01738,1.00,1.00
2015.07.21 13:46:29.647,2.01701,2.01738,1.00,1.00
2015.07.21 13:46:31.209,2.01703,2.01738,1.00,1.00
2015.07.21 13:46:31.312,2.01701,2.01738,1.00,1.00
2015.07.21 13:46:31.722,2.01706,2.01738,1.00,1.00
2015.07.21 13:46:32.030,2.01708,2.01738,1.00,1.00
2015.07.21 13:46:32.131,2.01708,2.01744,1.00,1.00
2015.07.21 13:46:32.643,2.01707,2.01744,1.00,1.12
2015.07.21 13:46:35.393,2.01709,2.01744,1.00,1.00
2015.07.21 13:46:35.696,2.01707,2.01744,1.50,1.00
2015.07.21 13:46:36.160,2.01709,2.01744,1.00,1.00
2015.07.21 13:46:36.575,2.01711,2.01747,1.00,1.00
2015.07.21 13:46:37.378,2.01712,2.01747,1.00,1.00
2015.07.21 13:46:37.479,2.01713,2.01751,1.00,1.00
2015.07.21 13:46:37.929,2.01715,2.01751,1.00,1.00
2015.07.21 13:46:39.663,2.01714,2.01751,1.00,1.00
2015.07.21 13:46:40.989,2.01713,2.01751,1.50,1.00
2015.07.21 13:46:42.827,2.01712,2.01749,1.00,1.00
2015.07.21 13:46:42.878,2.01709,2.01749,1.00,1.00
2015.07.21 13:46:42.929,2.01707,2.01745,1.00,1.00
2015.07.21 13:46:43.433,2.01708,2.01745,1.00,1.00
2015.07.21 13:46:44.809,2.01707,2.01745,1.00,1.00
2015.07.21 13:46:48.006,2.01709,2.01745,1.00,1.00
2015.07.21 13:46:48.208,2.0171,2.01749,1.00,1.00
2015.07.21 13:46:48.259,2.01714,2.01749,1.00,1.00
2015.07.21 13:46:48.310,2.01714,2.01752,1.00,1.00
2015.07.21 13:46:48.872,2.01713,2.01752,1.00,1.00
2015.07.21 13:46:49.560,2.01714,2.01752,1.00,1.00
2015.07.21 13:46:53.210,2.01717,2.01752,1.00,1.00
2015.07.21 13:46:53.512,2.0172,2.01756,1.00,1.00
2015.07.21 13:46:54.489,2.01722,2.01756,1.00,1.00
2015.07.21 13:46:54.849,2.01724,2.01756,1.00,1.00
2015.07.21 13:46:54.950,2.01727,2.01762,1.00,1.00
2015.07.21 13:46:55.052,2.01728,2.01765,1.00,1.00
2015.07.21 13:46:55.529,2.01726,2.01765,1.00,1.00
2015.07.21 13:46:56.066,2.01727,2.01765,1.00,1.00
2015.07.21 13:46:56.368,2.01725,2.01765,1.50,1.00
2015.07.21 13:46:56.889,2.01726,2.01765,1.00,1.00
2015.07.21 13:46:57.394,2.01725,2.01765,1.00,1.00
2015.07.21 13:46:58.018,2.01721,2.01761,1.00,1.00
2015.07.21 13:46:59.630,2.01721,2.01761,1.87,1.00
2015.07.21 13:46:59.933,2.01718,2.01757,1.00,1.00
2015.07.21 13:47:00.279,2.01716,2.01753,1.50,1.00
2015.07.21 13:47:02.119,2.01718,2.01753,1.00,1.00
2015.07.21 13:47:02.630,2.01719,2.01753,1.00,1.00
2015.07.21 13:47:04.828,2.01718,2.01753,1.00,1.00
2015.07.21 13:47:05.707,2.01721,2.01753,1.00,1.00
2015.07.21 13:47:06.428,2.01721,2.01757,1.00,1.00
2015.07.21 13:47:06.939,2.0172,2.01757,1.00,1.00
2015.07.21 13:47:07.292,2.01717,2.01754,1.00,1.00
2015.07.21 13:47:08.725,2.01718,2.01754,1.00,1.00
2015.07.21 13:47:10.107,2.01717,2.01754,1.00,1.00
2015.07.21 13:47:12.097,2.01717,2.01754,1.00,1.37
2015.07.21 13:47:12.306,2.01717,2.01754,1.00,1.37
2015.07.21 13:47:12.904,2.01717,2.01754,1.00,1.00
2015.07.21 13:47:13.178,2.01706,2.01745,1.00,1.00
2015.07.21 13:47:13.229,2.01708,2.01745,1.00,1.00
2015.07.21 13:47:13.382,2.01706,2.01745,1.00,1.00
2015.07.21 13:47:13.433,2.01706,2.01742,1.00,1.00
2015.07.21 13:47:13.484,2.01703,2.01742,1.00,1.50
2015.07.21 13:47:13.585,2.017,2.01738,1.00,1.00
2015.07.21 13:47:13.888,2.01705,2.01742,1.00,1.50
2015.07.21 13:47:13.990,2.017,2.01738,1.00,1.00
2015.07.21 13:47:14.436,2.01702,2.01738,1.00,1.00
2015.07.21 13:47:14.940,2.01703,2.01738,1.00,1.00
2015.07.21 13:47:17.183,2.01702,2.01738,1.00,1.00
2015.07.21 13:47:18.055,2.01701,2.01738,1.00,1.00
2015.07.21 13:47:18.380,2.01706,2.0174,1.00,1.00
2015.07.21 13:47:18.581,2.01709,2.01746,1.00,1.00
2015.07.21 13:47:19.132,2.01707,2.01746,1.50,1.00
2015.07.21 13:47:19.485,2.01709,2.01746,1.00,1.00
2015.07.21 13:47:19.989,2.0171,2.01746,1.00,1.00
2015.07.21 13:47:20.503,2.01709,2.01746,1.00,1.00
2015.07.21 13:47:21.007,2.01708,2.01746,1.00,1.00
2015.07.21 13:47:21.547,2.01707,2.01746,1.00,1.00
2015.07.21 13:47:21.900,2.0171,2.01746,1.00,1.00
2015.07.21 13:47:22.001,2.01707,2.01746,1.50,1.00
2015.07.21 13:47:22.253,2.01711,2.01746,1.00,1.00
2015.07.21 13:47:22.556,2.01713,2.01746,1.00,1.00
2015.07.21 13:47:22.725,2.01714,2.01751,1.00,1.00
2015.07.21 13:47:24.994,2.01718,2.01755,1.00,1.00
2015.07.21 13:47:25.297,2.01716,2.01755,1.87,1.00
2015.07.21 13:47:25.349,2.01716,2.01755,1.50,1.00
2015.07.21 13:47:25.450,2.01716,2.01755,1.87,1.00
2015.07.21 13:47:25.954,2.01719,2.01755,1.00,1.00
2015.07.21 13:47:26.090,2.0172,2.01759,1.00,1.00
2015.07.21 13:47:27.633,2.0172,2.01759,1.37,1.00
2015.07.21 13:47:27.734,2.0172,2.01759,1.00,1.00
2015.07.21 13:47:31.537,2.01717,2.01756,1.00,1.00
2015.07.21 13:47:32.039,2.01713,2.01753,1.00,1.00
2015.07.21 13:47:32.241,2.01709,2.01749,1.00,1.00
2015.07.21 13:47:37.326,2.0171,2.01749,1.00,1.00
2015.07.21 13:47:37.829,2.01709,2.01749,1.00,1.00
2015.07.21 13:47:40.801,2.01711,2.01749,1.37,1.00
2015.07.21 13:47:40.860,2.01711,2.01749,1.00,1.00
2015.07.21 13:47:42.057,2.01709,2.01749,1.00,1.00
2015.07.21 13:47:42.258,2.01711,2.01749,1.00,1.00
2015.07.21 13:47:42.460,2.01709,2.01749,1.50,1.00
2015.07.21 13:47:42.912,2.01712,2.01749,1.00,1.00
2015.07.21 13:47:43.767,2.01713,2.01749,1.00,1.00
2015.07.21 13:47:44.060,2.01713,2.01752,1.34,1.00
2015.07.21 13:47:44.111,2.01719,2.01752,1.00,1.00
2015.07.21 13:47:44.263,2.01723,2.01758,1.00,1.00
2015.07.21 13:47:44.617,2.01725,2.01762,1.00,1.00
2015.07.21 13:47:44.819,2.01722,2.0176,1.00,1.00
2015.07.21 13:47:45.290,2.01718,2.01757,1.00,1.00
2015.07.21 13:47:46.461,2.01719,2.01757,1.00,1.00
2015.07.21 13:47:46.982,2.01721,2.01757,1.00,1.00
2015.07.21 13:47:47.033,2.01722,2.01759,1.00,1.00
2015.07.21 13:47:47.426,2.01725,2.01764,1.00,1.00
2015.07.21 13:47:47.930,2.01724,2.01764,1.00,1.00
2015.07.21 13:47:47.980,2.01726,2.01764,1.00,1.00
2015.07.21 13:47:48.081,2.01724,2.01764,1.00,1.00
2015.07.21 13:47:48.283,2.01727,2.01764,1.00,1.00
2015.07.21 13:47:48.586,2.01734,2.01771,1.00,1.00
2015.07.21 13:47:49.266,2.01735,2.01771,1.00,1.00
2015.07.21 13:47:49.784,2.01734,2.01771,1.00,1.00
2015.07.21 13:47:50.302,2.01727,2.01766,1.00,1.00
2015.07.21 13:47:50.404,2.01727,2.01766,1.00,1.37
2015.07.21 13:47:50.505,2.01727,2.01766,1.00,1.00
2015.07.21 13:47:50.923,2.01722,2.01761,1.00,1.00
2015.07.21 13:47:51.451,2.01723,2.01761,1.12,1.00
2015.07.21 13:47:51.602,2.01726,2.01765,1.50,1.00
2015.07.21 13:47:56.184,2.01729,2.01768,1.00,1.00
2015.07.21 13:47:56.523,2.01733,2.01768,1.00,1.00
2015.07.21 13:47:56.574,2.01731,2.01768,1.00,1.00
2015.07.21 13:47:56.776,2.01729,2.01768,1.00,1.00
2015.07.21 13:47:57.533,2.01733,2.01768,1.00,1.00
2015.07.21 13:47:57.634,2.0173,2.01768,1.00,1.00
2015.07.21 13:47:57.735,2.0173,2.01765,1.00,1.00
2015.07.21 13:47:57.786,2.01726,2.01765,1.50,1.00
2015.07.21 13:47:59.683,2.01725,2.0176,1.00,1.00
2015.07.21 13:47:59.733,2.0172,2.01758,1.00,1.00
2015.07.21 13:47:59.835,2.0172,2.01758,1.00,1.37
2015.07.21 13:48:00.037,2.0172,2.01758,1.00,1.37
2015.07.21 13:48:00.138,2.0172,2.01758,1.00,1.37
2015.07.21 13:48:00.239,2.0172,2.01757,1.00,1.00
2015.07.21 13:48:00.784,2.0172,2.01758,1.00,1.00
2015.07.21 13:48:01.239,2.01716,2.01753,1.50,1.00
2015.07.21 13:48:05.486,2.01716,2.01753,1.00,1.37
2015.07.21 13:48:06.004,2.01716,2.01753,1.00,1.00
2015.07.21 13:48:06.480,2.01716,2.01753,1.00,1.37
2015.07.21 13:48:06.581,2.01716,2.01753,1.00,1.37
2015.07.21 13:48:07.086,2.01716,2.01753,1.00,1.00
2015.07.21 13:48:09.722,2.01719,2.01756,1.00,1.00
2015.07.21 13:48:10.003,2.01725,2.01763,1.00,1.00
2015.07.21 13:48:10.509,2.01724,2.01763,1.00,1.00
2015.07.21 13:48:11.623,2.01721,2.0176,1.00,1.00
2015.07.21 13:48:16.116,2.01724,2.0176,1.00,1.00
2015.07.21 13:48:16.318,2.01721,2.0176,1.00,1.00
2015.07.21 13:48:16.369,2.01725,2.01762,1.00,1.00
2015.07.21 13:48:17.349,2.01726,2.01762,1.00,1.00
2015.07.21 13:48:17.854,2.01725,2.01762,1.00,1.00
2015.07.21 13:48:18.227,2.01727,2.01762,1.00,1.00
2015.07.21 13:48:18.429,2.01725,2.01762,1.00,1.00
2015.07.21 13:48:19.447,2.01725,2.01761,1.00,1.00
2015.07.21 13:48:20.203,2.01725,2.01762,1.00,1.50
2015.07.21 13:48:20.747,2.01725,2.01761,1.00,1.00
2015.07.21 13:48:21.001,2.01718,2.01758,1.00,1.00
2015.07.21 13:48:21.203,2.01718,2.01756,1.00,1.00
2015.07.21 13:48:21.506,2.01714,2.01752,1.00,1.00
2015.07.21 13:48:22.711,2.01714,2.01751,1.00,1.00
2015.07.21 13:48:23.368,2.01714,2.01752,1.00,1.00
2015.07.21 13:48:24.062,2.01714,2.01751,1.00,1.00
2015.07.21 13:48:24.827,2.01714,2.01752,1.00,1.00
2015.07.21 13:48:25.936,2.01714,2.01751,1.00,1.00
2015.07.21 13:48:26.479,2.01714,2.01752,1.00,1.50
2015.07.21 13:48:26.781,2.01714,2.0175,1.00,1.00
2015.07.21 13:48:27.084,2.01711,2.01742,1.00,1.00
2015.07.21 13:48:27.186,2.01694,2.01728,1.00,1.50
2015.07.21 13:48:27.241,2.01686,2.01719,1.50,1.00
2015.07.21 13:48:27.292,2.01682,2.01719,1.00,1.00
2015.07.21 13:48:27.393,2.01678,2.01718,1.00,1.00
2015.07.21 13:48:27.530,2.01674,2.01716,1.00,1.87
2015.07.21 13:48:27.581,2.01669,2.01703,1.00,1.00
2015.07.21 13:48:27.682,2.01658,2.017,1.00,1.00
2015.07.21 13:48:28.091,2.01659,2.01698,1.00,1.00
2015.07.21 13:48:28.877,2.0166,2.01698,1.00,1.00
2015.07.21 13:48:29.382,2.01659,2.01698,1.00,1.00
2015.07.21 13:48:30.531,2.01659,2.01692,1.00,1.00
2015.07.21 13:48:30.684,2.01651,2.01686,1.00,1.00
2015.07.21 13:48:30.785,2.01642,2.01679,1.00,1.00
2015.07.21 13:48:30.836,2.01638,2.01675,1.00,1.00
2015.07.21 13:48:30.993,2.01633,2.01671,1.00,1.00
2015.07.21 13:48:31.548,2.01635,2.01671,1.00,1.00
2015.07.21 13:48:31.755,2.01633,2.01671,1.00,1.00
2015.07.21 13:48:31.964,2.01635,2.01671,1.12,1.00
2015.07.21 13:48:32.166,2.01633,2.01671,1.00,1.00
2015.07.21 13:48:33.288,2.01633,2.01671,1.84,1.00
2015.07.21 13:48:33.490,2.01637,2.01676,1.50,1.00
2015.07.21 13:48:33.591,2.01644,2.01676,1.00,1.00
2015.07.21 13:48:34.107,2.01643,2.01676,1.00,1.00
2015.07.21 13:48:34.350,2.01638,2.01676,1.00,1.00
2015.07.21 13:48:35.261,2.01638,2.01675,1.00,1.00
2015.07.21 13:48:35.370,2.0164,2.01677,1.00,1.00
2015.07.21 13:48:35.522,2.01635,2.01675,1.00,1.50
2015.07.21 13:48:36.922,2.01637,2.01675,1.00,1.00
2015.07.21 13:48:37.074,2.01638,2.01678,1.00,1.00
2015.07.21 13:48:37.575,2.01639,2.01678,1.00,1.00
2015.07.21 13:48:37.676,2.01643,2.01678,1.00,1.00
2015.07.21 13:48:38.180,2.01644,2.01678,1.00,1.00
2015.07.21 13:48:39.632,2.01643,2.01678,1.00,1.00
2015.07.21 13:48:40.318,2.01649,2.01678,1.00,1.00
2015.07.21 13:48:40.419,2.01644,2.01682,1.00,1.00
2015.07.21 13:48:40.520,2.01648,2.01682,1.00,1.00
2015.07.21 13:48:41.609,2.01648,2.01686,1.00,1.00
2015.07.21 13:48:42.328,2.01648,2.01684,1.00,1.00
2015.07.21 13:48:42.429,2.01648,2.01686,1.00,1.00
2015.07.21 13:48:43.758,2.01644,2.01683,1.00,1.00
2015.07.21 13:48:43.860,2.01646,2.01683,1.00,1.00
2015.07.21 13:48:43.961,2.01648,2.01687,1.00,1.00
2015.07.21 13:48:44.163,2.01644,2.01686,1.00,1.00
2015.07.21 13:48:44.415,2.01644,2.01686,1.00,1.37
2015.07.21 13:48:44.517,2.01644,2.01686,1.00,1.12
2015.07.21 13:48:44.718,2.01645,2.01689,1.00,1.00
2015.07.21 13:48:45.268,2.01646,2.01689,1.00,1.00
2015.07.21 13:48:45.496,2.01644,2.01689,1.00,1.50
2015.07.21 13:48:45.698,2.01647,2.01689,1.00,1.00
2015.07.21 13:48:45.951,2.01644,2.01688,1.50,1.00
2015.07.21 13:48:46.119,2.01644,2.01686,1.50,1.00
2015.07.21 13:48:46.623,2.01644,2.01687,1.00,1.00
2015.07.21 13:48:47.320,2.01644,2.01688,1.00,1.00
2015.07.21 13:48:47.840,2.01645,2.01689,1.00,1.00
2015.07.21 13:48:48.178,2.01647,2.01689,1.00,1.00
2015.07.21 13:48:48.798,2.01646,2.01689,1.00,1.00
2015.07.21 13:48:49.610,2.01645,2.01689,1.00,1.00
2015.07.21 13:48:50.014,2.01647,2.01689,1.00,1.00
2015.07.21 13:48:50.783,2.01646,2.01689,1.00,1.00
2015.07.21 13:48:51.088,2.0164,2.01681,1.00,1.37
2015.07.21 13:48:51.599,2.01638,2.01678,1.00,1.12
2015.07.21 13:48:51.700,2.01638,2.01681,1.00,1.00
2015.07.21 13:48:51.990,2.01638,2.01676,1.00,1.00
2015.07.21 13:48:52.654,2.01638,2.0168,1.00,1.37
2015.07.21 13:48:52.704,2.01638,2.0168,1.00,1.00
2015.07.21 13:48:52.856,2.01638,2.01676,1.00,1.00
2015.07.21 13:48:53.088,2.01638,2.01681,1.00,1.00
2015.07.21 13:48:53.391,2.01644,2.01681,1.00,1.00
2015.07.21 13:48:53.797,2.01649,2.01682,1.00,1.00
2015.07.21 13:48:53.848,2.01649,2.01684,1.00,1.00
2015.07.21 13:48:53.999,2.01648,2.01691,1.00,1.00
2015.07.21 13:48:54.210,2.01646,2.01689,1.00,1.00
2015.07.21 13:48:54.311,2.01646,2.01691,1.00,1.00
2015.07.21 13:48:54.967,2.01644,2.01689,1.50,1.00
2015.07.21 13:48:55.169,2.01645,2.01691,1.00,1.50
2015.07.21 13:48:55.515,2.01644,2.01689,1.00,1.00
2015.07.21 13:48:55.817,2.01635,2.01676,1.00,1.37
2015.07.21 13:48:56.120,2.01633,2.01676,1.50,1.37
2015.07.21 13:48:56.593,2.01633,2.01677,1.00,1.00
2015.07.21 13:48:56.744,2.01634,2.01679,1.00,1.50
2015.07.21 13:48:56.846,2.01633,2.01677,1.50,1.00
2015.07.21 13:48:57.728,2.01633,2.01676,1.00,1.00
2015.07.21 13:48:58.030,2.01633,2.01678,1.00,1.00
2015.07.21 13:48:58.385,2.01633,2.01676,1.00,1.00
2015.07.21 13:48:59.015,2.01635,2.01678,1.00,1.00
2015.07.21 13:48:59.318,2.01633,2.01675,1.00,1.00
2015.07.21 13:48:59.369,2.01633,2.01678,1.00,1.00
2015.07.21 13:48:59.571,2.01633,2.01676,1.00,1.00
2015.07.21 13:48:59.917,2.01634,2.01678,1.00,1.00
2015.07.21 13:49:00.119,2.01637,2.01679,1.00,1.00
2015.07.21 13:49:00.221,2.01639,2.01682,1.00,1.00
2015.07.21 13:49:00.372,2.01641,2.01682,1.00,1.00
2015.07.21 13:49:00.675,2.01637,2.01681,1.00,1.00
2015.07.21 13:49:00.877,2.01641,2.01682,1.00,1.00
2015.07.21 13:49:01.176,2.01649,2.01692,1.00,1.00
2015.07.21 13:49:01.680,2.01649,2.01693,1.00,1.00
2015.07.21 13:49:02.275,2.01648,2.01693,1.00,1.50
2015.07.21 13:49:02.679,2.01651,2.01693,1.00,1.00
2015.07.21 13:49:02.780,2.01648,2.01693,1.00,1.00
2015.07.21 13:49:03.328,2.01649,2.01692,1.00,1.00
2015.07.21 13:49:03.530,2.01651,2.01693,1.00,1.00
2015.07.21 13:49:03.833,2.01653,2.01695,1.00,1.00
2015.07.21 13:49:04.156,2.01652,2.01692,1.00,1.00
2015.07.21 13:49:04.207,2.01647,2.0169,1.00,1.00
2015.07.21 13:49:04.258,2.01645,2.0169,1.00,1.50
2015.07.21 13:49:04.359,2.01643,2.01689,1.50,1.00
2015.07.21 13:49:04.410,2.01643,2.01686,1.00,1.00
2015.07.21 13:49:04.612,2.0164,2.01685,1.50,1.00
2015.07.21 13:49:04.763,2.0164,2.01678,1.00,1.00
2015.07.21 13:49:04.865,2.01635,2.01677,1.00,1.37
2015.07.21 13:49:05.013,2.01631,2.01677,1.50,1.87
2015.07.21 13:49:05.729,2.01633,2.01676,1.00,1.00
2015.07.21 13:49:06.718,2.01633,2.01677,1.00,1.00
2015.07.21 13:49:07.223,2.01632,2.01677,1.00,1.00
2015.07.21 13:49:08.155,2.01633,2.01677,1.00,1.00
2015.07.21 13:49:08.676,2.01632,2.01676,1.00,1.12
2015.07.21 13:49:08.979,2.01633,2.01672,1.00,1.00
2015.07.21 13:49:09.483,2.01633,2.01674,1.00,1.00
2015.07.21 13:49:09.785,2.01633,2.01671,1.09,1.00
2015.07.21 13:49:09.937,2.01639,2.0168,1.00,1.00
2015.07.21 13:49:10.254,2.01638,2.01682,1.12,1.00
2015.07.21 13:49:10.308,2.01643,2.01683,1.00,1.00
2015.07.21 13:49:10.409,2.01638,2.01682,1.00,1.00
2015.07.21 13:49:10.510,2.01643,2.01683,1.00,1.37
2015.07.21 13:49:10.612,2.01643,2.01683,1.00,1.12
2015.07.21 13:49:10.663,2.01637,2.01677,1.00,1.00
2015.07.21 13:49:10.815,2.01633,2.01676,1.09,1.00
2015.07.21 13:49:10.916,2.01637,2.0168,1.00,1.00
2015.07.21 13:49:11.017,2.01638,2.01682,1.00,1.50
2015.07.21 13:49:11.526,2.01639,2.01681,1.09,1.00
2015.07.21 13:49:12.029,2.01638,2.01682,1.34,1.00
2015.07.21 13:49:12.561,2.0164,2.01682,1.00,1.00
2015.07.21 13:49:13.167,2.0164,2.01683,1.00,1.00
2015.07.21 13:49:13.319,2.01639,2.01685,1.09,1.50
2015.07.21 13:49:13.420,2.01641,2.01685,1.00,1.50
2015.07.21 13:49:13.746,2.01639,2.01683,1.84,1.00
2015.07.21 13:49:14.149,2.01638,2.01683,1.84,1.00
2015.07.21 13:49:14.200,2.01644,2.01685,1.00,1.00
2015.07.21 13:49:14.251,2.01644,2.01688,1.00,1.00
2015.07.21 13:49:14.542,2.01643,2.01679,1.09,1.00
2015.07.21 13:49:14.593,2.01635,2.01679,1.00,1.00
2015.07.21 13:49:14.744,2.01631,2.01676,1.00,1.00
2015.07.21 13:49:14.998,2.01629,2.01675,1.00,1.00
2015.07.21 13:49:15.200,2.01627,2.01673,1.00,1.00
2015.07.21 13:49:15.530,2.01625,2.01664,1.00,1.00
2015.07.21 13:49:15.581,2.01619,2.01664,1.50,1.00
2015.07.21 13:49:15.632,2.01621,2.01669,1.00,1.00
2015.07.21 13:49:15.733,2.01619,2.01665,1.50,1.00
2015.07.21 13:49:16.056,2.01619,2.01662,1.00,1.00
2015.07.21 13:49:16.309,2.01619,2.01664,1.00,1.00
2015.07.21 13:49:16.749,2.0162,2.01666,1.00,1.00
2015.07.21 13:49:17.263,2.0162,2.01667,1.00,1.00
2015.07.21 13:49:17.513,2.01621,2.01665,1.00,1.00
2015.07.21 13:49:17.864,2.0162,2.01667,1.00,1.00
2015.07.21 13:49:18.066,2.01619,2.01665,1.00,1.00
2015.07.21 13:49:18.370,2.01619,2.01663,1.00,1.00
2015.07.21 13:49:18.521,2.01619,2.01665,1.00,1.00
2015.07.21 13:49:18.622,2.01625,2.01669,1.00,1.00
2015.07.21 13:49:19.069,2.01622,2.01667,1.00,1.00
2015.07.21 13:49:19.170,2.01623,2.0167,1.00,1.00
2015.07.21 13:49:19.705,2.01623,2.01669,1.00,1.00
2015.07.21 13:49:19.905,2.01622,2.01666,1.00,1.00
2015.07.21 13:49:20.173,2.01623,2.01669,1.00,1.00
2015.07.21 13:49:20.375,2.01623,2.01667,1.00,1.00
2015.07.21 13:49:20.612,2.01623,2.01669,1.00,1.00
2015.07.21 13:49:20.825,2.0162,2.01667,1.00,1.00
2015.07.21 13:49:21.228,2.01622,2.01667,1.00,1.00
2015.07.21 13:49:21.379,2.0162,2.01667,1.00,1.00
2015.07.21 13:49:21.481,2.01622,2.01669,1.00,1.00
2015.07.21 13:49:21.784,2.0162,2.01666,1.00,1.00
2015.07.21 13:49:22.146,2.01618,2.01663,1.00,1.00
2015.07.21 13:49:22.484,2.01616,2.01662,1.50,1.00
2015.07.21 13:49:22.786,2.01618,2.01664,1.00,1.00
2015.07.21 13:49:22.888,2.0162,2.01667,1.00,1.00
2015.07.21 13:49:23.140,2.01618,2.01666,1.12,1.00
2015.07.21 13:49:23.557,2.0162,2.01666,1.00,1.00
2015.07.21 13:49:23.860,2.01616,2.01662,1.00,1.00
2015.07.21 13:49:24.195,2.01613,2.0166,1.34,1.12
2015.07.21 13:49:24.697,2.01611,2.01659,1.34,1.00
2015.07.21 13:49:24.999,2.01623,2.01666,1.00,1.00
2015.07.21 13:49:25.100,2.0162,2.01666,1.00,1.00
2015.07.21 13:49:25.151,2.0162,2.01668,1.00,1.00
2015.07.21 13:49:25.202,2.01618,2.01664,1.00,1.00
2015.07.21 13:49:25.303,2.0162,2.01667,1.00,1.12
2015.07.21 13:49:25.528,2.01618,2.01664,1.00,1.00
2015.07.21 13:49:25.629,2.01613,2.01662,1.00,1.00
2015.07.21 13:49:25.882,2.01616,2.01663,1.00,1.00
2015.07.21 13:49:26.185,2.01624,2.01668,1.00,1.00
2015.07.21 13:49:26.437,2.01625,2.01672,1.37,1.00
2015.07.21 13:49:26.638,2.01627,2.01674,1.00,1.50
2015.07.21 13:49:27.855,2.01623,2.01664,1.00,1.00
2015.07.21 13:49:28.007,2.01618,2.01663,1.00,1.00
2015.07.21 13:49:28.057,2.01618,2.01653,1.00,1.00
2015.07.21 13:49:28.159,2.01618,2.01657,1.00,1.00
2015.07.21 13:49:28.668,2.01618,2.01658,1.00,1.00
2015.07.21 13:49:28.718,2.01618,2.01655,1.00,1.00
2015.07.21 13:49:28.770,2.01613,2.01655,1.00,1.00
2015.07.21 13:49:28.933,2.01614,2.01652,1.00,1.37
2015.07.21 13:49:29.084,2.01614,2.01654,1.00,1.37
2015.07.21 13:49:29.236,2.01609,2.01654,1.50,1.00
2015.07.21 13:49:29.387,2.01609,2.01652,1.50,1.00
2015.07.21 13:49:29.690,2.01613,2.01656,1.00,1.00
2015.07.21 13:49:30.036,2.01608,2.01649,1.00,1.00
2015.07.21 13:49:30.372,2.01614,2.0165,1.00,1.37
2015.07.21 13:49:30.900,2.01604,2.01646,1.00,1.00
2015.07.21 13:49:31.102,2.01608,2.01645,1.00,1.00
2015.07.21 13:49:31.153,2.01608,2.01647,1.00,1.00
2015.07.21 13:49:31.355,2.01608,2.0165,1.00,1.00
2015.07.21 13:49:31.857,2.01609,2.01649,1.00,1.00
2015.07.21 13:49:32.008,2.01609,2.01651,1.00,1.00
2015.07.21 13:49:32.110,2.01613,2.01651,1.34,1.00
2015.07.21 13:49:32.160,2.01613,2.01654,1.34,1.12
2015.07.21 13:49:32.261,2.01613,2.01658,1.34,1.00
2015.07.21 13:49:32.312,2.01618,2.01658,1.00,1.00
2015.07.21 13:49:32.564,2.01618,2.0166,1.00,1.00
2015.07.21 13:49:32.615,2.01613,2.0166,1.34,1.00
2015.07.21 13:49:32.666,2.01615,2.01662,1.09,1.50
2015.07.21 13:49:32.965,2.01619,2.01661,1.00,1.00
2015.07.21 13:49:33.570,2.01619,2.01664,1.00,1.87
2015.07.21 13:49:33.671,2.01613,2.0166,1.84,1.00
2015.07.21 13:49:33.772,2.01613,2.0166,1.84,1.37
2015.07.21 13:49:34.279,2.01613,2.01658,1.84,1.00
2015.07.21 13:49:34.783,2.01614,2.01652,1.00,1.00
2015.07.21 13:49:34.833,2.01606,2.01652,1.50,1.00
2015.07.21 13:49:34.884,2.01601,2.01643,1.00,1.00
2015.07.21 13:49:35.286,2.01603,2.01646,1.34,1.00
2015.07.21 13:49:35.438,2.01602,2.01648,1.34,1.00
2015.07.21 13:49:35.842,2.016,2.01647,1.50,1.00
2015.07.21 13:49:36.195,2.016,2.01644,1.00,1.00
2015.07.21 13:49:36.507,2.01611,2.01656,1.00,1.00
2015.07.21 13:49:36.608,2.01613,2.01656,1.00,1.00
2015.07.21 13:49:36.885,2.01616,2.0166,1.00,1.00
2015.07.21 13:49:37.087,2.01616,2.01658,1.00,1.00
2015.07.21 13:49:37.441,2.0162,2.01658,1.00,1.00
2015.07.21 13:49:37.757,2.0162,2.01656,1.00,1.00
2015.07.21 13:49:38.060,2.0162,2.01658,1.00,1.12
2015.07.21 13:49:38.496,2.0162,2.0166,1.00,1.00
2015.07.21 13:49:38.748,2.01624,2.01661,1.00,1.00
2015.07.21 13:49:39.261,2.01624,2.0166,1.00,1.12
2015.07.21 13:49:39.564,2.01616,2.01648,1.00,1.12
2015.07.21 13:49:39.666,2.01613,2.0165,1.00,1.00
2015.07.21 13:49:40.026,2.01614,2.01652,1.00,1.00
2015.07.21 13:49:40.077,2.01614,2.01656,1.00,1.00
2015.07.21 13:49:40.128,2.01616,2.01656,1.00,1.00
2015.07.21 13:49:40.179,2.01616,2.01658,1.00,1.00
2015.07.21 13:49:40.234,2.0162,2.01658,1.00,1.00
2015.07.21 13:49:40.755,2.0162,2.01659,1.00,1.00
2015.07.21 13:49:41.259,2.0162,2.0166,1.00,1.00
2015.07.21 13:49:41.613,2.0162,2.01657,1.00,1.00
2015.07.21 13:49:41.915,2.01614,2.01649,1.00,1.00
2015.07.21 13:49:42.220,2.01606,2.01641,1.00,1.00
2015.07.21 13:49:42.372,2.01599,2.01636,1.00,1.00
2015.07.21 13:49:42.423,2.01596,2.01636,1.00,1.00
2015.07.21 13:49:42.575,2.01596,2.01638,1.00,1.00
2015.07.21 13:49:43.081,2.01596,2.01639,1.00,1.00
2015.07.21 13:49:43.234,2.01596,2.01637,1.00,1.00
2015.07.21 13:49:43.336,2.01596,2.01641,1.00,1.00
2015.07.21 13:49:43.487,2.01596,2.01638,1.00,1.00
2015.07.21 13:49:43.819,2.01596,2.0164,1.00,1.00
2015.07.21 13:49:44.021,2.01596,2.01637,1.00,1.00
2015.07.21 13:49:44.534,2.01596,2.01638,1.00,1.00
2015.07.21 13:49:44.887,2.01596,2.01635,1.00,1.00
2015.07.21 13:49:44.989,2.01593,2.01635,1.50,1.00
2015.07.21 13:49:45.223,2.01594,2.01639,1.00,1.50
2015.07.21 13:49:45.425,2.01593,2.01636,1.50,1.00
2015.07.21 13:49:46.076,2.01594,2.01636,1.00,1.00
2015.07.21 13:49:46.530,2.01593,2.01632,1.50,1.00
2015.07.21 13:49:46.969,2.01593,2.01634,1.00,1.00
2015.07.21 13:49:47.531,2.01593,2.01637,1.50,1.00
2015.07.21 13:49:47.785,2.01593,2.01633,1.50,1.00
2015.07.21 13:49:47.887,2.01593,2.01635,1.50,1.00
2015.07.21 13:49:48.298,2.01593,2.01637,1.50,1.00
2015.07.21 13:49:48.399,2.01594,2.01639,1.00,1.50
2015.07.21 13:49:48.551,2.016,2.01639,1.84,1.50
2015.07.21 13:49:48.652,2.01608,2.01643,1.09,1.00
2015.07.21 13:49:49.203,2.01608,2.01645,1.09,1.00
2015.07.21 13:49:49.656,2.01608,2.01648,1.09,1.00
2015.07.21 13:49:50.110,2.01614,2.01648,1.00,1.00
2015.07.21 13:49:50.590,2.01608,2.01648,1.00,1.00
2015.07.21 13:49:50.742,2.01608,2.01646,1.00,1.00
2015.07.21 13:49:51.307,2.01609,2.01651,1.00,1.67
2015.07.21 13:49:51.710,2.01609,2.01651,1.00,1.67
2015.07.21 13:49:51.761,2.01614,2.01651,1.00,1.67
2015.07.21 13:49:51.913,2.01608,2.01651,1.00,1.67
2015.07.21 13:49:52.135,2.01608,2.01647,1.00,1.00
2015.07.21 13:49:52.681,2.01608,2.01646,1.00,1.00
2015.07.21 13:49:52.882,2.01604,2.01646,1.00,1.00
2015.07.21 13:49:52.933,2.01598,2.01638,1.50,1.00
2015.07.21 13:49:54.792,2.01598,2.01636,1.00,1.00
2015.07.21 13:49:55.442,2.01598,2.01638,1.00,1.00
2015.07.21 13:49:55.897,2.01598,2.01636,1.00,1.00
2015.07.21 13:49:56.445,2.01598,2.01637,1.00,1.00
2015.07.21 13:49:58.193,2.01596,2.01637,1.00,1.00
2015.07.21 13:49:58.663,2.01596,2.01639,1.00,1.00
2015.07.21 13:49:59.079,2.01596,2.01641,1.00,1.50
2015.07.21 13:49:59.180,2.01596,2.01639,1.00,1.00
2015.07.21 13:49:59.432,2.01596,2.01641,1.00,1.50
2015.07.21 13:49:59.735,2.01596,2.01636,1.00,1.00
2015.07.21 13:50:00.288,2.01596,2.01638,1.00,1.00
2015.07.21 13:50:00.389,2.01599,2.01638,1.00,1.00
2015.07.21 13:50:02.302,2.016,2.01638,1.00,1.00
2015.07.21 13:50:02.806,2.01599,2.01638,1.50,1.00
2015.07.21 13:50:03.700,2.01599,2.01636,1.00,1.00
2015.07.21 13:50:04.003,2.01574,2.0161,1.00,1.37
2015.07.21 13:50:04.205,2.01568,2.01604,1.00,1.00
2015.07.21 13:50:04.356,2.01564,2.01604,1.00,1.50
2015.07.21 13:50:05.012,2.01564,2.01599,1.00,1.00
2015.07.21 13:50:05.163,2.01564,2.01602,1.00,1.00
2015.07.21 13:50:05.908,2.01564,2.01603,1.00,1.00
2015.07.21 13:50:06.361,2.01563,2.016,1.00,1.00
2015.07.21 13:50:06.685,2.01562,2.01603,1.00,1.00
2015.07.21 13:50:07.099,2.01562,2.01606,1.00,1.50
2015.07.21 13:50:07.353,2.01562,2.01604,1.00,1.00
2015.07.21 13:50:08.353,2.01562,2.01593,1.00,1.00
2015.07.21 13:50:08.404,2.01559,2.01593,1.00,1.00
2015.07.21 13:50:08.455,2.01559,2.01599,1.00,1.00
2015.07.21 13:50:08.607,2.01557,2.01599,1.00,1.00
2015.07.21 13:50:08.658,2.01557,2.01594,1.00,1.12
2015.07.21 13:50:08.759,2.01548,2.01588,1.00,1.00
2015.07.21 13:50:08.810,2.01546,2.01582,1.00,1.34
2015.07.21 13:50:09.009,2.01529,2.01564,1.00,1.00
2015.07.21 13:50:09.064,2.01529,2.01564,1.00,1.37
2015.07.21 13:50:09.115,2.01524,2.01569,1.00,1.37
2015.07.21 13:50:09.266,2.01523,2.01563,1.50,1.00
2015.07.21 13:50:09.467,2.01519,2.01561,1.00,1.37
2015.07.21 13:50:09.669,2.01528,2.01572,1.00,1.00
2015.07.21 13:50:09.720,2.0153,2.01574,1.00,1.00
2015.07.21 13:50:10.024,2.01522,2.01568,1.00,1.50
2015.07.21 13:50:10.075,2.01522,2.01568,1.00,1.87
2015.07.21 13:50:10.125,2.0152,2.01567,1.00,1.37
2015.07.21 13:50:10.176,2.0152,2.01567,1.00,1.37
2015.07.21 13:50:10.277,2.01521,2.01569,1.00,1.00
2015.07.21 13:50:10.328,2.01522,2.01566,1.00,1.00
2015.07.21 13:50:10.631,2.0152,2.01564,1.00,1.37
2015.07.21 13:50:10.682,2.01519,2.01564,1.00,1.12
2015.07.21 13:50:10.883,2.0152,2.01565,1.00,1.37
2015.07.21 13:50:10.985,2.01519,2.01564,1.00,1.00
2015.07.21 13:50:11.286,2.01519,2.01566,1.00,1.00
2015.07.21 13:50:11.666,2.0152,2.01568,1.00,1.50
2015.07.21 13:50:12.279,2.01519,2.01568,1.00,1.50
2015.07.21 13:50:13.193,2.01519,2.01567,1.00,1.00
2015.07.21 13:50:13.394,2.01523,2.01568,1.00,1.00
2015.07.21 13:50:14.815,2.01522,2.01568,1.00,1.00
2015.07.21 13:50:15.218,2.01522,2.01571,1.00,1.50
2015.07.21 13:50:15.319,2.01522,2.01571,1.00,1.87
2015.07.21 13:50:15.842,2.01522,2.01571,1.00,2.25
2015.07.21 13:50:16.010,2.01522,2.01568,1.00,1.00
2015.07.21 13:50:16.263,2.01524,2.01571,1.00,1.50
2015.07.21 13:50:16.465,2.01531,2.01573,1.00,1.00
2015.07.21 13:50:16.516,2.01531,2.01576,1.00,1.50
2015.07.21 13:50:17.020,2.01532,2.01575,1.00,1.00
2015.07.21 13:50:17.476,2.01533,2.01577,1.00,1.00
2015.07.21 13:50:17.779,2.01536,2.01578,1.00,1.00
2015.07.21 13:50:17.930,2.01536,2.01581,1.00,1.00
2015.07.21 13:50:18.464,2.01537,2.01582,1.00,1.00
2015.07.21 13:50:19.119,2.01536,2.01582,1.00,1.00
2015.07.21 13:50:19.170,2.01538,2.01582,1.00,1.00
2015.07.21 13:50:19.681,2.01538,2.01579,1.00,1.00
2015.07.21 13:50:20.035,2.01536,2.0158,1.00,1.00
2015.07.21 13:50:20.672,2.01536,2.01579,1.00,1.00
2015.07.21 13:50:21.174,2.01539,2.01579,1.00,1.00
2015.07.21 13:50:21.375,2.01536,2.01579,1.00,1.00
2015.07.21 13:50:21.427,2.01536,2.01581,1.00,1.00
2015.07.21 13:50:21.931,2.01537,2.01582,1.00,1.00
2015.07.21 13:50:22.441,2.01538,2.01583,1.00,1.00
2015.07.21 13:50:22.945,2.01541,2.01584,1.00,1.00
2015.07.21 13:50:25.042,2.0154,2.01582,1.00,1.00
2015.07.21 13:50:25.411,2.0154,2.01585,1.00,1.00
2015.07.21 13:50:26.076,2.01544,2.01585,1.00,1.00
2015.07.21 13:50:26.599,2.01544,2.01586,1.00,1.00
2015.07.21 13:50:28.107,2.01543,2.01586,1.00,1.00
2015.07.21 13:50:28.511,2.01541,2.01587,1.00,1.00
2015.07.21 13:50:28.711,2.01539,2.01583,1.00,1.00
2015.07.21 13:50:29.014,2.01556,2.01595,1.00,1.00
2015.07.21 13:50:29.065,2.01556,2.01601,1.00,1.00
2015.07.21 13:50:29.116,2.01558,2.01604,1.00,1.00
2015.07.21 13:50:29.217,2.01562,2.01606,1.00,1.00
2015.07.21 13:50:29.477,2.01563,2.01609,1.00,1.00
2015.07.21 13:50:29.600,2.01566,2.0161,1.00,1.00
2015.07.21 13:50:30.115,2.01572,2.01616,1.00,1.00
2015.07.21 13:50:30.217,2.01573,2.0162,1.00,1.00
2015.07.21 13:50:30.469,2.01582,2.01627,1.00,1.00
2015.07.21 13:50:30.640,2.01588,2.01635,1.00,1.00
2015.07.21 13:50:31.096,2.01589,2.01637,1.00,1.00
2015.07.21 13:50:31.449,2.01587,2.01634,1.00,1.00
2015.07.21 13:50:31.832,2.01591,2.01638,1.00,1.37
2015.07.21 13:50:31.883,2.01586,2.01633,1.00,1.00
2015.07.21 13:50:32.085,2.01588,2.01636,1.00,1.00
2015.07.21 13:50:32.438,2.01589,2.01634,1.00,1.00
2015.07.21 13:50:32.742,2.01584,2.01631,1.00,1.00
2015.07.21 13:50:33.024,2.01586,2.01632,1.00,1.00
2015.07.21 13:50:33.330,2.01581,2.01629,1.00,1.00
2015.07.21 13:50:33.432,2.01583,2.0163,1.00,1.00
2015.07.21 13:50:33.634,2.01577,2.01625,1.00,1.00
2015.07.21 13:50:33.735,2.01577,2.01622,1.00,1.00
2015.07.21 13:50:33.836,2.01578,2.01624,1.00,1.00
2015.07.21 13:50:33.887,2.01578,2.01624,1.00,1.37
2015.07.21 13:50:33.988,2.01578,2.01624,1.00,1.12
2015.07.21 13:50:34.510,2.01574,2.01622,1.50,1.00
2015.07.21 13:50:34.964,2.01573,2.0162,1.00,1.00
2015.07.21 13:50:35.296,2.01571,2.01618,1.00,1.00
2015.07.21 13:50:35.708,2.01574,2.01619,1.00,1.00
2015.07.21 13:50:36.173,2.01576,2.0162,1.00,1.00
2015.07.21 13:50:36.476,2.01573,2.01622,1.00,1.00
2015.07.21 13:50:38.571,2.01575,2.01623,1.00,1.50
2015.07.21 13:50:39.074,2.01575,2.01622,1.00,1.00
2015.07.21 13:50:39.458,2.01578,2.01623,1.00,1.00
2015.07.21 13:50:39.555,2.01575,2.01623,1.00,1.50
2015.07.21 13:50:39.707,2.01573,2.0162,1.00,1.00
2015.07.21 13:50:40.252,2.01575,2.01622,1.00,2.25
2015.07.21 13:50:40.455,2.01576,2.01624,1.00,1.00
2015.07.21 13:50:40.662,2.01579,2.01624,1.00,1.00
2015.07.21 13:50:40.814,2.01575,2.01621,1.50,1.00
2015.07.21 13:50:41.066,2.01575,2.0162,1.00,1.37
2015.07.21 13:50:41.340,2.01575,2.0162,1.00,1.00
2015.07.21 13:50:41.894,2.01575,2.01618,1.00,1.00
2015.07.21 13:50:42.318,2.01576,2.01622,1.00,1.00
2015.07.21 13:50:42.846,2.01575,2.01621,1.00,1.00
2015.07.21 13:50:43.426,2.01575,2.01618,1.00,1.00
2015.07.21 13:50:43.779,2.01571,2.01618,1.50,1.00
2015.07.21 13:50:44.182,2.01571,2.01616,1.50,1.00
2015.07.21 13:50:44.434,2.01571,2.01618,1.50,1.00
2015.07.21 13:50:44.970,2.01571,2.01619,1.50,1.00
2015.07.21 13:50:45.071,2.01571,2.01617,1.00,1.00
2015.07.21 13:50:45.585,2.01572,2.01617,1.00,1.00
2015.07.21 13:50:47.734,2.01571,2.0162,1.50,1.00
2015.07.21 13:50:47.835,2.01571,2.01618,1.50,1.00
2015.07.21 13:50:48.493,2.01571,2.01616,1.00,1.00
2015.07.21 13:50:48.948,2.01572,2.01618,1.00,1.00
2015.07.21 13:50:49.351,2.01573,2.0162,1.00,1.00
2015.07.21 13:50:49.754,2.01579,2.0162,1.00,1.00
2015.07.21 13:50:49.804,2.01579,2.01623,1.00,1.00
2015.07.21 13:50:49.905,2.0158,2.01628,1.00,2.25
2015.07.21 13:50:50.158,2.01583,2.01628,1.00,1.50
2015.07.21 13:50:50.661,2.01584,2.01628,1.00,1.00
2015.07.21 13:50:51.166,2.01584,2.01625,1.00,1.00
2015.07.21 13:50:51.267,2.01584,2.01629,1.00,1.00
2015.07.21 13:50:51.882,2.01584,2.0163,1.00,1.00
2015.07.21 13:50:52.408,2.01585,2.0163,1.00,1.00
2015.07.21 13:50:52.660,2.01586,2.01632,1.00,1.50
2015.07.21 13:50:53.202,2.01587,2.01632,1.00,1.00
2015.07.21 13:50:54.008,2.01586,2.01632,1.50,1.50
2015.07.21 13:50:54.766,2.01588,2.01632,1.00,1.00
2015.07.21 13:50:55.356,2.01586,2.01631,1.50,1.00
2015.07.21 13:50:55.508,2.01588,2.01632,1.00,1.12
2015.07.21 13:50:56.012,2.01589,2.01632,1.00,1.00
2015.07.21 13:50:56.215,2.01586,2.01632,1.00,1.50
2015.07.21 13:50:56.871,2.01587,2.01632,1.00,1.00
2015.07.21 13:50:56.922,2.01587,2.01632,1.37,1.00
2015.07.21 13:50:56.973,2.0159,2.01636,1.50,1.00
2015.07.21 13:50:57.074,2.0159,2.01634,1.00,1.00
2015.07.21 13:50:57.631,2.0159,2.01632,1.00,1.00
2015.07.21 13:50:57.833,2.0159,2.01636,1.50,1.00
2015.07.21 13:50:57.934,2.01592,2.01636,1.00,1.00
2015.07.21 13:50:58.287,2.01595,2.01636,1.00,1.00
2015.07.21 13:50:58.337,2.01595,2.01638,1.00,1.00
2015.07.21 13:50:58.595,2.01598,2.01638,1.00,1.00
2015.07.21 13:50:58.848,2.01616,2.01658,1.00,1.00
2015.07.21 13:50:58.949,2.01614,2.01657,1.00,1.50
2015.07.21 13:50:59.252,2.01615,2.01655,1.00,1.00
2015.07.21 13:50:59.662,2.01615,2.01655,1.00,1.37
2015.07.21 13:50:59.864,2.01615,2.01653,1.00,1.00
2015.07.21 13:51:00.167,2.01615,2.01655,1.00,1.00
2015.07.21 13:51:00.773,2.01615,2.01655,1.00,1.87
2015.07.21 13:51:00.874,2.01615,2.01655,1.00,1.50
2015.07.21 13:51:00.925,2.01615,2.01653,1.00,1.00
2015.07.21 13:51:01.026,2.01615,2.01655,1.00,1.50
2015.07.21 13:51:01.177,2.01615,2.01655,1.00,1.87
2015.07.21 13:51:01.587,2.01615,2.01655,1.00,1.50
2015.07.21 13:51:01.739,2.01615,2.01655,1.00,1.87
2015.07.21 13:51:02.244,2.01615,2.01651,1.00,1.00
2015.07.21 13:51:02.446,2.01615,2.01655,1.00,1.50
2015.07.21 13:51:02.692,2.01615,2.01653,1.00,1.37
2015.07.21 13:51:02.894,2.01615,2.01655,1.00,1.50
2015.07.21 13:51:02.995,2.01615,2.01653,1.00,1.00
2015.07.21 13:51:03.299,2.01615,2.0165,1.00,1.00
2015.07.21 13:51:03.450,2.01615,2.01652,1.00,1.00
2015.07.21 13:51:03.951,2.01615,2.01653,1.00,1.00
2015.07.21 13:51:04.002,2.01615,2.01651,1.00,1.00
2015.07.21 13:51:04.204,2.01615,2.01653,1.00,1.00
2015.07.21 13:51:04.355,2.01615,2.01655,1.00,1.50
2015.07.21 13:51:04.897,2.01615,2.01652,1.00,1.00
2015.07.21 13:51:05.099,2.01615,2.01655,1.00,1.00
2015.07.21 13:51:06.444,2.01615,2.01654,1.00,1.00
2015.07.21 13:51:06.988,2.01615,2.01655,1.00,1.00
2015.07.21 13:51:07.614,2.01615,2.01654,1.00,1.00
2015.07.21 13:51:08.147,2.01615,2.01655,1.00,1.00
2015.07.21 13:51:08.450,2.01623,2.01662,1.00,1.00
2015.07.21 13:51:09.218,2.01627,2.01667,1.00,1.00
2015.07.21 13:51:10.031,2.01624,2.0167,1.50,1.00
2015.07.21 13:51:10.132,2.01626,2.0167,1.00,1.37
2015.07.21 13:51:10.435,2.0163,2.01672,1.00,1.50
2015.07.21 13:51:10.486,2.01625,2.01669,1.00,1.00
2015.07.21 13:51:10.688,2.01628,2.0167,1.00,1.50
2015.07.21 13:51:11.054,2.01631,2.0167,1.00,1.00
2015.07.21 13:51:11.206,2.01631,2.01673,1.00,1.00
2015.07.21 13:51:11.357,2.01634,2.01676,1.00,1.50
2015.07.21 13:51:11.659,2.01636,2.01676,1.00,1.00
2015.07.21 13:51:11.912,2.0163,2.01676,1.00,1.50
2015.07.21 13:51:12.164,2.01628,2.01673,1.00,1.00
2015.07.21 13:51:12.479,2.01626,2.01671,1.00,1.00
2015.07.21 13:51:13.086,2.01626,2.01671,2.59,1.00
2015.07.21 13:51:13.137,2.01629,2.01675,1.34,2.25
2015.07.21 13:51:13.239,2.01635,2.01679,1.00,1.00
2015.07.21 13:51:13.442,2.01634,2.01682,1.84,1.00
2015.07.21 13:51:13.690,2.01634,2.01681,1.09,1.37
2015.07.21 13:51:13.894,2.01634,2.01683,1.84,1.00
2015.07.21 13:51:13.995,2.01634,2.01681,1.09,1.12
2015.07.21 13:51:14.298,2.01634,2.01684,1.46,1.00
2015.07.21 13:51:14.349,2.01637,2.01686,1.00,1.50
2015.07.21 13:51:14.450,2.01638,2.01686,1.84,1.50
2015.07.21 13:51:14.773,2.01646,2.01695,1.00,1.00
2015.07.21 13:51:14.824,2.01646,2.01695,1.37,1.00
2015.07.21 13:51:14.925,2.01646,2.01695,1.00,1.00
2015.07.21 13:51:14.976,2.01646,2.01693,1.00,1.00
2015.07.21 13:51:15.290,2.0165,2.01694,1.00,1.00
2015.07.21 13:51:15.617,2.0165,2.01697,1.00,1.00
2015.07.21 13:51:15.718,2.01652,2.01701,1.37,1.00
2015.07.21 13:51:15.769,2.01654,2.01701,1.84,1.00
2015.07.21 13:51:15.920,2.01658,2.01706,1.71,1.00
2015.07.21 13:51:16.122,2.0166,2.01707,1.00,1.00
2015.07.21 13:51:16.172,2.01662,2.01706,1.00,1.00
2015.07.21 13:51:16.274,2.01659,2.01704,1.00,1.00
2015.07.21 13:51:16.375,2.01653,2.01704,1.00,1.00
2015.07.21 13:51:16.584,2.01655,2.01705,1.00,1.00
2015.07.21 13:51:16.736,2.01655,2.01707,1.00,1.00
2015.07.21 13:51:16.837,2.01657,2.01709,1.00,1.00
2015.07.21 13:51:17.433,2.01661,2.01711,1.00,1.00
2015.07.21 13:51:17.736,2.01663,2.01714,1.00,1.00
2015.07.21 13:51:17.787,2.01661,2.01711,1.00,1.00
2015.07.21 13:51:17.938,2.01659,2.01712,1.50,1.00
2015.07.21 13:51:18.341,2.01661,2.01707,1.00,1.00
2015.07.21 13:51:18.493,2.01658,2.01707,1.50,1.00
2015.07.21 13:51:18.594,2.01656,2.01706,1.00,1.00
2015.07.21 13:51:18.696,2.01654,2.01702,1.00,1.00
2015.07.21 13:51:18.999,2.01652,2.01693,1.00,1.00
2015.07.21 13:51:19.100,2.01649,2.01691,1.00,1.00
2015.07.21 13:51:19.203,2.01649,2.01691,1.00,1.37
2015.07.21 13:51:19.304,2.01649,2.01691,1.00,1.00
2015.07.21 13:51:19.455,2.01644,2.01689,1.00,1.00
2015.07.21 13:51:19.758,2.01643,2.01691,1.00,1.00
2015.07.21 13:51:19.909,2.01648,2.01692,1.00,1.00
2015.07.21 13:51:19.960,2.01648,2.01695,1.00,1.00
2015.07.21 13:51:20.212,2.01644,2.01696,2.25,1.50
2015.07.21 13:51:20.313,2.01644,2.01692,2.25,1.00
2015.07.21 13:51:20.616,2.0164,2.01687,1.00,1.00
2015.07.21 13:51:20.667,2.01637,2.01687,1.00,1.50
2015.07.21 13:51:20.718,2.01637,2.01687,1.00,1.87
2015.07.21 13:51:20.819,2.01634,2.01685,1.50,1.12
2015.07.21 13:51:20.869,2.01634,2.01679,1.00,1.00
2015.07.21 13:51:20.983,2.01634,2.01681,1.00,1.50
2015.07.21 13:51:21.034,2.0163,2.01681,1.00,1.87
2015.07.21 13:51:21.135,2.01633,2.01683,1.00,1.00
2015.07.21 13:51:21.337,2.01637,2.01682,1.37,1.00
2015.07.21 13:51:21.388,2.01638,2.01688,1.37,1.50
2015.07.21 13:51:21.439,2.01638,2.01687,1.12,1.00
2015.07.21 13:51:21.925,2.01635,2.01686,1.00,1.87
2015.07.21 13:51:22.228,2.01629,2.01679,1.00,1.00
2015.07.21 13:51:22.330,2.01631,2.01681,1.00,1.12
2015.07.21 13:51:22.640,2.01638,2.01685,1.00,1.00
2015.07.21 13:51:22.952,2.01633,2.01682,1.34,1.00
2015.07.21 13:51:23.103,2.01634,2.01684,1.87,1.00
2015.07.21 13:51:23.356,2.01636,2.01685,1.87,1.00
2015.07.21 13:51:23.676,2.01639,2.01687,1.00,1.50
2015.07.21 13:51:23.979,2.01643,2.01692,1.00,1.50
2015.07.21 13:51:24.569,2.01644,2.01692,1.00,1.00
2015.07.21 13:51:24.720,2.01646,2.01692,1.00,1.00
2015.07.21 13:51:25.024,2.01645,2.01692,1.37,1.00
2015.07.21 13:51:25.075,2.01648,2.01697,1.12,1.50
2015.07.21 13:51:25.126,2.0165,2.01697,1.00,1.50
2015.07.21 13:51:25.428,2.01653,2.01701,1.37,1.00
2015.07.21 13:51:25.632,2.01653,2.01703,1.37,1.00
2015.07.21 13:51:25.835,2.01654,2.01705,1.37,1.00
2015.07.21 13:51:25.936,2.01654,2.01705,1.00,1.00
2015.07.21 13:51:26.037,2.01658,2.01705,1.00,1.00
2015.07.21 13:51:26.340,2.01659,2.01705,1.37,1.00
2015.07.21 13:51:26.889,2.01659,2.01706,1.00,1.00
2015.07.21 13:51:27.192,2.01661,2.01706,1.00,1.00
2015.07.21 13:51:27.395,2.01657,2.01706,1.50,1.00
2015.07.21 13:51:27.685,2.01659,2.01706,1.00,1.00
2015.07.21 13:51:27.838,2.01657,2.01706,1.00,1.00
2015.07.21 13:51:28.346,2.01656,2.01706,1.50,1.00
2015.07.21 13:51:28.511,2.01653,2.01705,3.34,1.00
2015.07.21 13:51:28.662,2.01655,2.01705,1.00,1.00
2015.07.21 13:51:28.965,2.01655,2.01702,1.00,1.00
2015.07.21 13:51:29.268,2.01656,2.01705,1.00,1.00
2015.07.21 13:51:29.783,2.0166,2.01706,1.00,1.00
2015.07.21 13:51:30.085,2.01664,2.01705,1.00,1.00
2015.07.21 13:51:30.469,2.01668,2.01705,1.00,1.00
2015.07.21 13:51:30.570,2.01663,2.01705,1.00,1.00
2015.07.21 13:51:30.823,2.01661,2.01706,1.00,1.00
2015.07.21 13:51:32.221,2.01661,2.01705,1.00,1.00
2015.07.21 13:51:32.322,2.01654,2.01706,1.00,1.00
2015.07.21 13:51:32.595,2.01654,2.01706,1.00,1.37
2015.07.21 13:51:32.914,2.01653,2.01701,1.00,1.00
2015.07.21 13:51:33.116,2.01651,2.017,1.00,1.00
2015.07.21 13:51:33.217,2.01648,2.01697,1.50,1.00
2015.07.21 13:51:33.520,2.01647,2.01694,1.00,1.00
2015.07.21 13:51:33.854,2.01647,2.01698,1.00,1.00
2015.07.21 13:51:34.107,2.01644,2.01693,1.50,1.00
2015.07.21 13:51:34.409,2.01647,2.01694,1.00,1.00
2015.07.21 13:51:34.712,2.01653,2.01701,1.00,1.00
2015.07.21 13:51:34.763,2.01655,2.01703,1.00,1.50
2015.07.21 13:51:34.973,2.01653,2.01704,1.00,1.00
2015.07.21 13:51:35.075,2.01655,2.01705,1.00,1.50
2015.07.21 13:51:35.378,2.01659,2.01705,1.00,1.00
2015.07.21 13:51:35.429,2.01652,2.017,1.00,1.00
2015.07.21 13:51:35.480,2.0165,2.017,1.00,1.00
2015.07.21 13:51:35.531,2.01649,2.01697,1.00,1.00
2015.07.21 13:51:35.582,2.01646,2.01697,1.00,1.00
2015.07.21 13:51:35.839,2.01646,2.01695,1.00,1.00
2015.07.21 13:51:36.142,2.01646,2.01695,1.00,1.37
2015.07.21 13:51:36.193,2.01646,2.01691,1.00,1.12
2015.07.21 13:51:36.294,2.01646,2.01691,1.00,1.37
2015.07.21 13:51:36.395,2.01646,2.01693,1.00,1.87
2015.07.21 13:51:36.496,2.01644,2.01693,1.00,1.87
2015.07.21 13:51:37.032,2.01644,2.01693,1.00,1.87
2015.07.21 13:51:37.712,2.0164,2.01689,1.00,1.37
2015.07.21 13:51:37.964,2.01631,2.0168,1.00,1.00
2015.07.21 13:51:38.015,2.01631,2.0168,1.00,1.37
2015.07.21 13:51:38.116,2.01634,2.01681,1.00,1.37
2015.07.21 13:51:38.217,2.01634,2.01681,1.00,1.37
2015.07.21 13:51:38.419,2.01634,2.0168,1.00,1.37
2015.07.21 13:51:38.620,2.01634,2.01682,1.00,3.37
2015.07.21 13:51:38.721,2.01632,2.0168,1.00,1.12
2015.07.21 13:51:38.822,2.01636,2.01682,1.00,1.00
2015.07.21 13:51:39.144,2.01639,2.01682,1.00,1.00
2015.07.21 13:51:39.195,2.01639,2.01684,1.00,1.00
2015.07.21 13:51:39.246,2.01645,2.01686,1.00,1.50
2015.07.21 13:51:39.347,2.01645,2.0169,1.00,1.00
2015.07.21 13:51:39.803,2.01642,2.0169,1.00,1.37
2015.07.21 13:51:39.913,2.01636,2.01686,1.00,1.50
2015.07.21 13:51:40.016,2.01636,2.01686,1.00,2.62
2015.07.21 13:51:40.325,2.01639,2.01686,1.00,1.00
2015.07.21 13:51:40.867,2.01639,2.01687,1.00,1.00
2015.07.21 13:51:41.172,2.01645,2.01689,1.00,1.00
2015.07.21 13:51:41.475,2.0165,2.01689,1.00,1.00
2015.07.21 13:51:42.011,2.01649,2.01689,1.00,1.00
2015.07.21 13:51:42.317,2.01646,2.01692,1.00,1.87
2015.07.21 13:51:42.418,2.01646,2.01692,1.00,1.87
2015.07.21 13:51:42.826,2.01645,2.01692,1.00,1.12
2015.07.21 13:51:43.120,2.01648,2.01693,1.00,1.00
2015.07.21 13:51:43.170,2.01648,2.01696,1.00,1.00
2015.07.21 13:51:43.221,2.01646,2.01696,1.00,1.00
2015.07.21 13:51:43.322,2.01649,2.01696,1.00,1.00
2015.07.21 13:51:43.524,2.01647,2.01696,1.00,1.00
2015.07.21 13:51:43.675,2.01643,2.01693,1.00,1.00
2015.07.21 13:51:43.877,2.01646,2.01693,1.00,1.00
2015.07.21 13:51:43.978,2.01647,2.01695,1.00,1.50
2015.07.21 13:51:44.237,2.01646,2.0169,1.00,1.00
2015.07.21 13:51:44.540,2.01653,2.01697,1.00,1.00
2015.07.21 13:51:45.044,2.01654,2.01696,1.00,1.00
2015.07.21 13:51:45.201,2.01639,2.01684,1.00,1.37
2015.07.21 13:51:45.251,2.01639,2.0168,1.00,1.00
2015.07.21 13:51:45.504,2.01648,2.01695,1.50,1.00
2015.07.21 13:51:45.605,2.0165,2.01698,1.00,1.50
2015.07.21 13:51:45.756,2.01653,2.01696,1.00,1.00
2015.07.21 13:51:46.258,2.01654,2.01697,1.00,1.00
2015.07.21 13:51:46.582,2.01649,2.01694,1.00,1.37
2015.07.21 13:51:46.835,2.01649,2.01694,1.00,1.37
2015.07.21 13:51:46.936,2.01648,2.01694,1.00,1.00
2015.07.21 13:51:47.479,2.01646,2.01694,1.00,1.00
2015.07.21 13:51:47.908,2.01646,2.01694,1.00,2.62
2015.07.21 13:51:47.959,2.01641,2.01693,1.00,1.37
2015.07.21 13:51:48.060,2.0165,2.01694,1.00,1.00
2015.07.21 13:51:48.414,2.01654,2.01698,1.00,1.00
2015.07.21 13:51:48.467,2.01654,2.01703,1.00,1.50
2015.07.21 13:51:48.719,2.01656,2.01703,1.00,1.00
2015.07.21 13:51:49.060,2.01658,2.01703,1.00,1.00
2015.07.21 13:51:49.618,2.01659,2.01703,1.00,1.00
2015.07.21 13:51:50.165,2.01656,2.01703,1.00,1.00
2015.07.21 13:51:50.216,2.01656,2.01703,1.00,1.37
2015.07.21 13:51:50.317,2.01656,2.01703,1.00,1.50
2015.07.21 13:51:50.477,2.01653,2.01703,1.00,1.50
2015.07.21 13:51:50.527,2.01653,2.01703,1.00,1.87
2015.07.21 13:51:50.841,2.01652,2.01699,1.00,1.37
2015.07.21 13:51:51.043,2.01648,2.01697,1.00,1.37
2015.07.21 13:51:51.149,2.01648,2.01696,1.00,1.37
2015.07.21 13:51:51.315,2.01648,2.01696,1.00,1.37
2015.07.21 13:51:51.682,2.01645,2.01696,1.00,1.37
2015.07.21 13:51:51.835,2.01645,2.01696,1.00,1.37
2015.07.21 13:51:52.230,2.01645,2.01696,1.00,1.00
2015.07.21 13:51:52.482,2.01641,2.01688,1.00,1.00
2015.07.21 13:51:52.786,2.01636,2.01683,1.00,1.00
2015.07.21 13:51:53.124,2.01629,2.01671,1.00,1.00
2015.07.21 13:51:53.325,2.01618,2.01663,2.25,1.00
2015.07.21 13:51:53.477,2.01616,2.01663,1.00,1.00
2015.07.21 13:51:53.578,2.01615,2.01661,1.00,1.00
2015.07.21 13:51:53.781,2.01617,2.01664,1.00,1.00
2015.07.21 13:51:54.018,2.01615,2.01666,1.00,1.00
2015.07.21 13:51:54.222,2.01616,2.01664,1.00,1.00
2015.07.21 13:51:54.323,2.01617,2.01667,1.00,1.00
2015.07.21 13:51:54.424,2.01613,2.01658,1.00,1.00
2015.07.21 13:51:54.677,2.0162,2.01667,1.00,1.00
2015.07.21 13:51:54.778,2.01628,2.01674,1.00,1.00
2015.07.21 13:51:55.230,2.01625,2.01674,1.00,1.00
2015.07.21 13:51:55.332,2.01627,2.01675,1.00,1.00
2015.07.21 13:51:55.635,2.01624,2.01674,1.00,1.00
2015.07.21 13:51:55.889,2.01623,2.01672,1.00,1.00
2015.07.21 13:51:56.396,2.01622,2.01671,1.50,1.00
2015.07.21 13:51:56.943,2.01622,2.01672,1.50,1.00
2015.07.21 13:51:57.534,2.01623,2.01672,1.00,1.00
2015.07.21 13:51:58.069,2.01622,2.0167,1.00,1.00
2015.07.21 13:51:58.423,2.01624,2.01672,1.00,1.00
2015.07.21 13:51:58.624,2.01622,2.01674,1.00,1.00
2015.07.21 13:51:59.181,2.01623,2.01673,1.00,1.00
2015.07.21 13:51:59.718,2.01623,2.01672,1.00,1.00
2015.07.21 13:52:00.347,2.01622,2.01672,1.50,1.00
2015.07.21 13:52:00.952,2.01624,2.01673,1.00,1.37
2015.07.21 13:52:01.054,2.01624,2.01673,1.00,1.00
2015.07.21 13:52:01.206,2.01626,2.01671,1.00,1.00
2015.07.21 13:52:01.522,2.01628,2.01671,1.00,1.00
2015.07.21 13:52:01.573,2.01626,2.01671,1.00,1.50
2015.07.21 13:52:02.029,2.01628,2.01671,1.00,1.00
2015.07.21 13:52:02.483,2.0163,2.01671,1.00,1.00
2015.07.21 13:52:02.646,2.01629,2.01675,1.00,1.50
2015.07.21 13:52:03.153,2.0163,2.01675,1.00,1.00
2015.07.21 13:52:03.895,2.01639,2.01679,1.50,1.00
2015.07.21 13:52:04.097,2.01649,2.01691,1.00,1.00
2015.07.21 13:52:04.198,2.01654,2.01694,1.00,1.00
2015.07.21 13:52:04.249,2.01655,2.01698,1.00,1.00
2015.07.21 13:52:04.408,2.01658,2.01698,1.00,1.00
2015.07.21 13:52:04.761,2.01656,2.01698,1.00,1.00
2015.07.21 13:52:05.548,2.01657,2.01698,1.00,1.00
2015.07.21 13:52:05.649,2.01653,2.01698,1.50,1.00
2015.07.21 13:52:05.750,2.01658,2.01698,1.00,1.00
2015.07.21 13:52:06.213,2.01656,2.01698,1.00,1.00
2015.07.21 13:52:06.339,2.01653,2.01698,1.00,1.00
2015.07.21 13:52:06.443,2.01651,2.01698,1.50,1.00
2015.07.21 13:52:07.654,2.01655,2.01701,1.00,1.00
2015.07.21 13:52:07.957,2.01657,2.01701,1.00,1.00
2015.07.21 13:52:08.159,2.01652,2.01698,1.00,1.50
2015.07.21 13:52:08.210,2.01652,2.01698,1.00,1.37
2015.07.21 13:52:08.331,2.01652,2.01697,1.00,1.00
2015.07.21 13:52:08.382,2.01647,2.01694,1.50,1.00
2015.07.21 13:52:09.273,2.01651,2.0169,1.00,1.00
2015.07.21 13:52:10.957,2.01652,2.0169,1.00,1.00
2015.07.21 13:52:11.515,2.01651,2.0169,1.00,1.00
2015.07.21 13:52:11.869,2.01655,2.01695,1.00,1.00
2015.07.21 13:52:12.685,2.01659,2.01698,1.00,1.00
2015.07.21 13:52:13.348,2.01662,2.01698,1.00,1.00
2015.07.21 13:52:13.550,2.01662,2.01702,1.50,1.00
2015.07.21 13:52:13.896,2.01666,2.01704,1.00,1.00
2015.07.21 13:52:14.248,2.01668,2.01704,1.00,1.00
2015.07.21 13:52:14.349,2.01668,2.01708,1.00,1.00
2015.07.21 13:52:14.551,2.0167,2.01708,1.00,1.00
2015.07.21 13:52:15.084,2.01669,2.01708,1.50,1.00
2015.07.21 13:52:15.387,2.01678,2.01716,1.00,1.00
2015.07.21 13:52:15.739,2.01681,2.01719,2.25,1.00
2015.07.21 13:52:16.044,2.01684,2.01722,1.00,1.00
2015.07.21 13:52:18.237,2.01684,2.01722,1.37,1.00
2015.07.21 13:52:18.338,2.01684,2.01722,1.09,1.00
2015.07.21 13:52:18.439,2.01687,2.01726,1.00,1.00
2015.07.21 13:52:18.640,2.01691,2.0173,1.00,1.00
2015.07.21 13:52:18.943,2.01691,2.01728,1.00,1.00
2015.07.21 13:52:19.196,2.01691,2.0173,1.00,1.00
2015.07.21 13:52:21.703,2.01688,2.01725,1.00,1.00
2015.07.21 13:52:22.006,2.01708,2.01742,1.00,1.00
2015.07.21 13:52:22.822,2.01709,2.01742,1.00,1.00
2015.07.21 13:52:22.874,2.01709,2.01746,1.00,1.00
2015.07.21 13:52:22.925,2.01711,2.01746,1.00,1.00
2015.07.21 13:52:23.363,2.01713,2.01749,1.00,1.00
2015.07.21 13:52:23.907,2.01712,2.01749,1.00,1.00
2015.07.21 13:52:24.104,2.01712,2.01747,1.00,1.00
2015.07.21 13:52:24.568,2.01712,2.01749,1.00,1.00
2015.07.21 13:52:24.669,2.01706,2.01745,1.00,1.00
2015.07.21 13:52:25.169,2.01702,2.01741,1.00,1.00
2015.07.21 13:52:27.285,2.01702,2.01741,1.34,1.00
2015.07.21 13:52:27.425,2.01709,2.01746,1.00,1.00
2015.07.21 13:52:27.935,2.0171,2.01746,1.00,1.00
2015.07.21 13:52:28.188,2.01712,2.01749,1.00,1.00
2015.07.21 13:52:28.689,2.01709,2.01744,1.00,1.00
2015.07.21 13:52:28.740,2.01702,2.01741,1.00,1.00
2015.07.21 13:52:30.941,2.01708,2.01741,1.00,1.00
2015.07.21 13:52:30.992,2.01708,2.01747,1.50,1.00
2015.07.21 13:52:31.177,2.01714,2.01747,1.00,1.00
2015.07.21 13:52:31.229,2.01714,2.0175,1.00,1.00
2015.07.21 13:52:31.399,2.01716,2.0175,1.00,1.00
2015.07.21 13:52:31.450,2.01719,2.01757,1.00,1.00
2015.07.21 13:52:31.601,2.01722,2.01759,1.00,1.00
2015.07.21 13:52:31.903,2.01722,2.01762,1.50,1.50
2015.07.21 13:52:33.015,2.01722,2.01761,1.00,1.00
2015.07.21 13:52:33.066,2.01717,2.01757,1.00,1.00
2015.07.21 13:52:33.721,2.01717,2.01751,1.00,1.00
2015.07.21 13:52:33.773,2.01715,2.01751,1.00,1.00
2015.07.21 13:52:33.823,2.01715,2.01747,1.00,1.00
2015.07.21 13:52:33.924,2.0171,2.01747,1.00,1.00
2015.07.21 13:52:34.076,2.01707,2.01747,1.00,2.25
2015.07.21 13:52:34.127,2.01707,2.01742,1.00,1.00
2015.07.21 13:52:34.664,2.01707,2.01741,1.00,1.00
2015.07.21 13:52:35.763,2.01707,2.01742,1.00,1.00
2015.07.21 13:52:35.965,2.01711,2.01747,1.00,1.00
2015.07.21 13:52:36.066,2.01712,2.01749,1.00,1.00
2015.07.21 13:52:36.572,2.01711,2.01749,1.00,1.00
2015.07.21 13:52:36.673,2.01711,2.01746,1.00,1.00
2015.07.21 13:52:37.634,2.01711,2.01747,1.50,1.00
2015.07.21 13:52:37.895,2.01711,2.01749,1.50,1.00
2015.07.21 13:52:39.753,2.01711,2.01747,1.00,1.00
2015.07.21 13:52:40.306,2.01711,2.01746,1.00,1.00
2015.07.21 13:52:40.638,2.01711,2.01741,1.00,1.00
2015.07.21 13:52:40.890,2.01708,2.01741,1.00,1.00
2015.07.21 13:52:40.991,2.01705,2.01741,1.00,1.00
2015.07.21 13:52:41.506,2.01706,2.01744,1.00,1.00
2015.07.21 13:52:41.843,2.01704,2.01744,1.50,1.00
2015.07.21 13:52:43.882,2.01701,2.0174,1.00,1.00
2015.07.21 13:52:44.407,2.017,2.0174,1.00,1.00
2015.07.21 13:52:44.709,2.01697,2.01732,1.00,1.00
2015.07.21 13:52:45.451,2.01693,2.01733,1.00,1.00
2015.07.21 13:52:45.913,2.01696,2.01733,1.00,1.00
2015.07.21 13:52:46.923,2.01695,2.01733,1.00,1.00
2015.07.21 13:52:47.464,2.01697,2.01733,1.00,1.00
2015.07.21 13:52:47.515,2.01699,2.01736,1.00,1.00
2015.07.21 13:52:48.126,2.01703,2.01736,1.00,1.00
2015.07.21 13:52:48.177,2.01703,2.01739,1.00,1.00
2015.07.21 13:52:48.228,2.01706,2.01742,1.00,1.00
2015.07.21 13:52:48.538,2.01708,2.01743,1.00,1.00
2015.07.21 13:52:49.345,2.01701,2.01741,1.00,1.00
2015.07.21 13:52:50.289,2.01701,2.01732,1.00,1.00
2015.07.21 13:52:50.340,2.01698,2.01732,1.00,1.00
2015.07.21 13:52:50.441,2.01693,2.01732,1.00,1.37
2015.07.21 13:52:50.542,2.01693,2.01727,1.00,1.00
2015.07.21 13:52:50.644,2.0169,2.0173,1.00,1.00
2015.07.21 13:52:50.745,2.01692,2.0173,1.00,1.00
2015.07.21 13:52:51.049,2.01694,2.0173,1.00,1.00
2015.07.21 13:52:51.301,2.01695,2.01733,1.00,1.00
2015.07.21 13:52:51.503,2.01697,2.01733,1.00,1.00
2015.07.21 13:52:51.971,2.01699,2.01733,1.00,1.00
2015.07.21 13:52:52.746,2.01698,2.01733,1.00,1.00
2015.07.21 13:52:53.399,2.01697,2.01733,1.00,1.00
2015.07.21 13:52:53.909,2.01696,2.01733,1.00,1.00
2015.07.21 13:52:54.433,2.01697,2.01733,1.00,1.00
2015.07.21 13:52:54.741,2.017,2.01733,1.00,1.00
2015.07.21 13:52:54.842,2.01698,2.01733,1.00,1.00
2015.07.21 13:52:55.263,2.017,2.01733,1.00,1.00
2015.07.21 13:52:55.714,2.01697,2.01733,1.00,1.00
2015.07.21 13:52:56.937,2.01694,2.01733,1.50,1.00
2015.07.21 13:53:03.969,2.01695,2.01733,1.00,1.00
2015.07.21 13:53:04.970,2.01693,2.01728,1.00,1.00
2015.07.21 13:53:05.071,2.01682,2.01722,1.09,1.00
2015.07.21 13:53:05.122,2.01681,2.01719,1.00,1.00
2015.07.21 13:53:05.471,2.01677,2.01715,1.00,1.12
2015.07.21 13:53:05.673,2.01671,2.01711,1.50,1.00
2015.07.21 13:53:05.824,2.01673,2.01711,1.00,1.00
2015.07.21 13:53:06.077,2.01676,2.01715,1.00,1.00
2015.07.21 13:53:06.178,2.0168,2.01718,1.37,1.00
2015.07.21 13:53:06.374,2.01681,2.01718,1.00,1.00
2015.07.21 13:53:06.475,2.01679,2.01718,1.00,1.00
2015.07.21 13:53:06.576,2.01682,2.01721,1.00,1.00
2015.07.21 13:53:07.080,2.01682,2.01721,1.37,1.00
2015.07.21 13:53:07.181,2.01682,2.01721,1.00,1.00
2015.07.21 13:53:07.539,2.01683,2.01721,1.84,1.00
2015.07.21 13:53:07.639,2.01689,2.01724,1.34,1.00
2015.07.21 13:53:07.791,2.01694,2.01727,1.00,1.00
2015.07.21 13:53:08.093,2.01694,2.01727,1.37,1.00
2015.07.21 13:53:08.194,2.01694,2.01727,1.00,1.00
2015.07.21 13:53:08.346,2.01688,2.01727,1.12,1.00
2015.07.21 13:53:08.447,2.01691,2.0173,1.50,1.00
2015.07.21 13:53:09.090,2.01689,2.01724,1.00,1.00
2015.07.21 13:53:09.140,2.01686,2.01724,1.00,1.50
2015.07.21 13:53:10.211,2.01687,2.01724,1.00,1.00
2015.07.21 13:53:10.788,2.01686,2.01724,1.50,1.00
2015.07.21 13:53:11.192,2.01689,2.01724,1.00,1.00
2015.07.21 13:53:11.444,2.01686,2.01724,1.00,1.00
2015.07.21 13:53:12.078,2.01687,2.01724,1.00,1.00
2015.07.21 13:53:12.129,2.01687,2.01724,1.37,1.00
2015.07.21 13:53:12.230,2.01687,2.01724,1.00,1.00
2015.07.21 13:53:12.533,2.01689,2.01727,1.00,1.00
2015.07.21 13:53:13.226,2.01685,2.01725,1.00,1.00
2015.07.21 13:53:13.277,2.01685,2.01722,1.00,1.00
2015.07.21 13:53:13.429,2.01685,2.01725,1.00,1.00
2015.07.21 13:53:14.088,2.01682,2.01722,1.00,1.00
2015.07.21 13:53:15.050,2.01683,2.01722,1.00,1.00
2015.07.21 13:53:15.359,2.01689,2.01722,1.00,1.00
2015.07.21 13:53:15.410,2.01684,2.01722,1.00,1.00
2015.07.21 13:53:15.612,2.01682,2.01722,1.00,1.00
2015.07.21 13:53:16.119,2.01682,2.01721,1.00,1.00
2015.07.21 13:53:16.169,2.01678,2.01716,1.00,1.00
2015.07.21 13:53:16.674,2.01677,2.01716,1.00,1.00
2015.07.21 13:53:18.366,2.01677,2.01712,1.00,1.00
2015.07.21 13:53:18.417,2.01674,2.01712,1.50,1.00
2015.07.21 13:53:18.468,2.01671,2.01709,1.00,1.00
2015.07.21 13:53:20.450,2.01672,2.01709,1.00,1.00
2015.07.21 13:53:20.702,2.01674,2.01713,1.00,1.00
2015.07.21 13:53:20.904,2.01678,2.01713,1.00,1.00
2015.07.21 13:53:21.207,2.01674,2.01713,1.34,1.00
2015.07.21 13:53:21.569,2.01674,2.01713,1.50,1.00
2015.07.21 13:53:22.432,2.01674,2.01712,1.00,1.00
2015.07.21 13:53:22.483,2.01671,2.01709,1.00,1.00
2015.07.21 13:53:22.768,2.01667,2.01706,1.00,1.00
2015.07.21 13:53:23.373,2.01664,2.01703,1.00,1.00
2015.07.21 13:53:24.482,2.01667,2.01704,1.12,1.00
2015.07.21 13:53:24.798,2.01684,2.0172,1.00,1.00
2015.07.21 13:53:25.000,2.01677,2.01714,1.00,1.00
2015.07.21 13:53:25.152,2.01677,2.01714,1.00,1.37
2015.07.21 13:53:25.203,2.01672,2.01711,1.00,1.00
2015.07.21 13:53:27.495,2.01676,2.01711,1.00,1.00
2015.07.21 13:53:27.798,2.01689,2.01726,1.84,1.00
2015.07.21 13:53:27.899,2.01692,2.0173,1.09,1.00
2015.07.21 13:53:28.410,2.01693,2.0173,1.00,1.00
2015.07.21 13:53:28.914,2.01694,2.0173,1.00,1.00
2015.07.21 13:53:29.595,2.01698,2.0173,1.00,1.00
2015.07.21 13:53:30.183,2.01698,2.01735,1.00,1.00
2015.07.21 13:53:30.335,2.01695,2.01735,1.00,1.00
2015.07.21 13:53:33.371,2.0169,2.0173,1.34,1.00
2015.07.21 13:53:34.076,2.01694,2.01732,1.00,1.00
2015.07.21 13:53:34.379,2.017,2.01738,1.00,1.50
2015.07.21 13:53:34.431,2.01702,2.01742,1.00,1.00
2015.07.21 13:53:34.532,2.01706,2.01742,1.00,1.00
2015.07.21 13:53:34.634,2.01707,2.01744,1.00,1.00
2015.07.21 13:53:35.902,2.01703,2.0174,1.00,1.12
2015.07.21 13:53:35.952,2.01697,2.01737,1.00,1.00
2015.07.21 13:53:36.353,2.01694,2.01734,1.00,1.00
2015.07.21 13:53:36.757,2.01693,2.0173,1.00,1.00
2015.07.21 13:53:36.908,2.01695,2.01734,1.12,1.00
2015.07.21 13:53:36.959,2.01706,2.01734,1.00,1.00
2015.07.21 13:53:37.009,2.01706,2.01738,1.00,1.00
2015.07.21 13:53:37.060,2.01707,2.01743,1.00,1.00
2015.07.21 13:53:37.111,2.01708,2.01745,1.00,1.00
2015.07.21 13:53:37.506,2.01711,2.01745,1.00,1.00
2015.07.21 13:53:38.012,2.01712,2.01745,1.00,1.00
2015.07.21 13:53:38.802,2.0171,2.01745,1.00,1.00
2015.07.21 13:53:38.954,2.01708,2.01745,1.00,1.00
2015.07.21 13:53:39.307,2.01708,2.01745,1.00,1.37
2015.07.21 13:53:39.610,2.01708,2.01745,1.00,1.37
2015.07.21 13:53:39.712,2.01703,2.01742,1.00,1.12
2015.07.21 13:53:41.603,2.01701,2.01739,1.00,1.00
2015.07.21 13:53:42.007,2.01699,2.01739,1.00,1.00
2015.07.21 13:53:43.437,2.01699,2.01737,1.50,1.00
2015.07.21 13:53:43.538,2.01699,2.01739,1.50,1.00
2015.07.21 13:53:44.731,2.01699,2.01737,1.50,1.00
2015.07.21 13:53:45.245,2.017,2.01737,1.00,1.00
2015.07.21 13:53:45.634,2.01703,2.01739,1.00,1.00
2015.07.21 13:53:45.962,2.01707,2.01737,1.00,1.00
2015.07.21 13:53:46.215,2.01696,2.01732,1.00,1.00
2015.07.21 13:53:46.316,2.01692,2.01727,1.00,1.00
2015.07.21 13:53:46.366,2.01689,2.01727,1.60,1.00
2015.07.21 13:53:46.518,2.01689,2.01724,1.00,1.00
2015.07.21 13:53:46.568,2.01682,2.01719,1.35,1.00
2015.07.21 13:53:46.670,2.01677,2.01716,1.00,1.00
2015.07.21 13:53:46.771,2.01673,2.01712,1.60,1.00
2015.07.21 13:53:47.286,2.01676,2.01712,1.00,1.00
2015.07.21 13:53:47.613,2.01679,2.01715,1.00,1.00
2015.07.21 13:53:47.822,2.01677,2.01715,1.00,1.00
2015.07.21 13:53:48.183,2.01679,2.01715,1.00,1.00
2015.07.21 13:53:48.284,2.01677,2.01715,1.00,1.00
2015.07.21 13:53:48.386,2.01679,2.01715,1.00,1.00
2015.07.21 13:53:48.738,2.01687,2.01715,1.00,1.00
2015.07.21 13:53:48.789,2.01687,2.0172,1.00,1.00
2015.07.21 13:53:49.338,2.01686,2.0172,1.00,1.00
2015.07.21 13:53:49.526,2.01686,2.01722,1.34,1.50
2015.07.21 13:53:49.842,2.01695,2.01733,1.34,1.00
2015.07.21 13:53:50.044,2.01694,2.01733,1.37,1.00
2015.07.21 13:53:50.145,2.01704,2.01733,1.00,1.00
2015.07.21 13:53:50.196,2.01704,2.01739,1.00,1.00
2015.07.21 13:53:50.398,2.01702,2.01739,1.00,1.00
2015.07.21 13:53:50.570,2.017,2.01739,1.00,1.50
2015.07.21 13:53:50.620,2.01697,2.01735,1.00,1.00
2015.07.21 13:53:52.303,2.01694,2.01732,1.00,1.00
2015.07.21 13:53:52.715,2.0169,2.01728,1.00,1.00
2015.07.21 13:53:53.102,2.01693,2.01728,1.00,1.00
2015.07.21 13:53:53.693,2.01694,2.01728,1.00,1.00
2015.07.21 13:53:54.466,2.01696,2.01728,1.00,1.00
2015.07.21 13:53:54.753,2.01693,2.01728,1.00,1.00
2015.07.21 13:53:54.904,2.01696,2.01728,1.00,1.00
2015.07.21 13:53:55.110,2.01693,2.01728,1.00,1.00
2015.07.21 13:53:55.413,2.01696,2.01728,1.00,1.00
2015.07.21 13:53:55.774,2.01693,2.01728,1.00,1.00
2015.07.21 13:53:56.227,2.01691,2.01728,1.00,1.00
2015.07.21 13:53:56.870,2.01693,2.01728,1.00,1.00
2015.07.21 13:53:57.173,2.01695,2.01728,1.00,1.00
2015.07.21 13:53:57.224,2.01695,2.01732,1.00,1.00
2015.07.21 13:53:57.968,2.01694,2.01732,1.50,1.00
2015.07.21 13:53:58.069,2.01697,2.01732,1.00,1.00
2015.07.21 13:53:58.372,2.01699,2.01732,1.00,1.00
2015.07.21 13:53:59.195,2.01697,2.01732,1.00,1.00
2015.07.21 13:53:59.296,2.01695,2.01732,1.00,1.00
2015.07.21 13:53:59.498,2.01698,2.01732,1.00,1.00
2015.07.21 13:54:00.804,2.01695,2.01732,1.00,1.00
2015.07.21 13:54:01.116,2.01698,2.01737,1.00,1.00
2015.07.21 13:54:01.269,2.01702,2.01742,1.84,1.00
2015.07.21 13:54:01.717,2.01706,2.01742,1.00,1.00
2015.07.21 13:54:02.386,2.01708,2.01747,1.00,1.00
2015.07.21 13:54:05.322,2.01713,2.01747,1.34,1.50
2015.07.21 13:54:05.521,2.01714,2.01752,1.34,1.00
2015.07.21 13:54:05.773,2.01719,2.01754,1.00,1.00
2015.07.21 13:54:05.924,2.01719,2.01758,1.50,1.00
2015.07.21 13:54:06.491,2.01718,2.01758,1.50,1.00
2015.07.21 13:54:06.743,2.0172,2.01758,1.00,1.00
2015.07.21 13:54:07.555,2.01718,2.01758,1.00,1.00
2015.07.21 13:54:07.656,2.01716,2.01754,1.00,1.00
2015.07.21 13:54:07.911,2.01712,2.01751,1.50,1.00
2015.07.21 13:54:08.012,2.01709,2.01748,1.00,1.12
2015.07.21 13:54:11.552,2.01706,2.01745,1.00,1.00
2015.07.21 13:54:11.888,2.01713,2.01745,1.50,1.00
2015.07.21 13:54:11.939,2.01713,2.01748,1.00,1.00
2015.07.21 13:54:12.040,2.01715,2.01754,1.00,1.00
2015.07.21 13:54:12.393,2.01711,2.01749,1.00,1.00
2015.07.21 13:54:13.712,2.01715,2.01749,1.00,1.00
2015.07.21 13:54:13.913,2.01722,2.01758,1.00,1.00
2015.07.21 13:54:14.015,2.01726,2.01761,1.00,1.00
2015.07.21 13:54:14.166,2.01728,2.01764,1.00,1.00
2015.07.21 13:54:14.669,2.01725,2.01763,1.00,1.00
2015.07.21 13:54:14.720,2.01721,2.0176,1.00,1.00
2015.07.21 13:54:15.921,2.01718,2.01755,1.00,1.00
2015.07.21 13:54:17.173,2.01715,2.01752,1.00,1.00
2015.07.21 13:54:17.224,2.0171,2.0175,1.00,1.00
2015.07.21 13:54:17.325,2.0171,2.01741,1.00,1.00
2015.07.21 13:54:17.426,2.01704,2.01742,1.00,1.12
2015.07.21 13:54:17.527,2.01704,2.0174,1.00,1.37
2015.07.21 13:54:17.577,2.01697,2.01735,1.00,1.00
2015.07.21 13:54:17.628,2.01697,2.01735,1.00,1.37
2015.07.21 13:54:17.729,2.01697,2.01735,1.00,1.37
2015.07.21 13:54:17.881,2.01692,2.01732,1.00,1.00
2015.07.21 13:54:18.136,2.01689,2.01728,1.00,1.00
2015.07.21 13:54:18.640,2.01688,2.01728,1.50,1.00
2015.07.21 13:54:20.609,2.01689,2.01728,1.00,1.00
2015.07.21 13:54:20.912,2.01692,2.01728,1.00,1.00
2015.07.21 13:54:20.963,2.01692,2.01731,1.00,1.00
2015.07.21 13:54:21.922,2.01691,2.01731,1.00,1.00
2015.07.21 13:54:22.449,2.01688,2.01727,1.00,1.00
2015.07.21 13:54:24.355,2.01688,2.01726,1.00,1.00
2015.07.21 13:54:24.893,2.01688,2.01727,1.00,1.50
2015.07.21 13:54:28.221,2.01685,2.01719,1.00,1.00
2015.07.21 13:54:28.272,2.01681,2.01719,1.00,1.37
2015.07.21 13:54:28.323,2.01675,2.01713,1.00,1.00
2015.07.21 13:54:29.770,2.0167,2.01709,1.00,1.00
2015.07.21 13:54:30.073,2.0167,2.01706,1.00,1.00
2015.07.21 13:54:30.375,2.01667,2.01702,1.00,1.00
2015.07.21 13:54:30.426,2.01667,2.01705,1.00,1.00
2015.07.21 13:54:30.628,2.0167,2.01705,1.00,1.00
2015.07.21 13:54:30.730,2.01668,2.01705,1.00,1.00
2015.07.21 13:54:31.232,2.01667,2.01705,1.50,1.00
2015.07.21 13:54:31.635,2.01669,2.01705,1.00,1.00
2015.07.21 13:54:31.736,2.01667,2.01705,1.00,1.00
2015.07.21 13:54:32.255,2.01673,2.01712,1.00,1.00
2015.07.21 13:54:32.407,2.01677,2.01717,1.00,1.00
2015.07.21 13:54:32.961,2.01678,2.01717,1.00,1.00
2015.07.21 13:54:33.162,2.01683,2.01721,1.00,1.00
2015.07.21 13:54:33.617,2.01688,2.01725,1.00,1.00
2015.07.21 13:54:33.969,2.01683,2.01722,1.00,1.00
2015.07.21 13:54:35.367,2.01683,2.01718,1.00,1.00
2015.07.21 13:54:35.418,2.01678,2.01717,1.00,1.00
2015.07.21 13:54:36.592,2.01678,2.01713,1.00,1.00
2015.07.21 13:54:36.794,2.01678,2.01717,1.00,1.50
2015.07.21 13:54:39.985,2.01679,2.01717,1.00,1.00
2015.07.21 13:54:40.181,2.01681,2.01717,1.00,1.00
2015.07.21 13:54:40.232,2.01685,2.01725,1.00,1.00
2015.07.21 13:54:40.887,2.01682,2.01722,1.50,1.00
2015.07.21 13:54:41.193,2.01695,2.01726,1.00,1.00
2015.07.21 13:54:41.245,2.01695,2.0173,1.00,1.00
2015.07.21 13:54:41.346,2.01695,2.01733,1.00,1.00
2015.07.21 13:54:41.448,2.01692,2.01728,1.00,1.00
2015.07.21 13:54:41.549,2.01689,2.01728,1.00,1.00
2015.07.21 13:54:41.751,2.01689,2.01725,1.00,1.37
2015.07.21 13:54:41.802,2.01687,2.01724,1.00,1.37
2015.07.21 13:54:42.131,2.01687,2.01724,1.00,1.00
2015.07.21 13:54:42.287,2.01683,2.01721,1.50,1.00
2015.07.21 13:54:42.388,2.01685,2.01721,1.00,1.00
2015.07.21 13:54:42.740,2.01678,2.01718,1.50,1.00
2015.07.21 13:54:42.841,2.01679,2.01714,1.00,1.00
2015.07.21 13:54:43.171,2.01675,2.01714,1.00,1.00
2015.07.21 13:54:43.272,2.01671,2.01708,1.00,1.00
2015.07.21 13:54:43.574,2.01673,2.01706,1.00,1.00
2015.07.21 13:54:44.716,2.01674,2.01706,1.00,1.00
2015.07.21 13:54:45.563,2.01673,2.01706,1.00,1.00
2015.07.21 13:54:46.067,2.01674,2.01706,1.00,1.00
2015.07.21 13:54:46.576,2.01673,2.01706,1.00,1.00
2015.07.21 13:54:47.356,2.01668,2.01706,1.34,1.00
2015.07.21 13:54:47.661,2.01674,2.01706,1.00,1.00
2015.07.21 13:54:47.914,2.01671,2.01706,1.00,1.00
2015.07.21 13:54:48.772,2.01673,2.01706,1.00,1.00
2015.07.21 13:54:49.080,2.01683,2.01706,2.59,1.00
2015.07.21 13:54:49.181,2.01691,2.01718,1.09,1.00
2015.07.21 13:54:49.232,2.01691,2.01721,1.09,1.50
2015.07.21 13:54:49.387,2.01687,2.01721,1.00,1.00
2015.07.21 13:54:49.438,2.01689,2.01727,1.00,1.87
2015.07.21 13:54:49.539,2.01683,2.01717,1.00,1.00
2015.07.21 13:54:49.792,2.01674,2.01711,1.50,1.00
2015.07.21 13:54:49.893,2.0168,2.01713,1.00,1.00
2015.07.21 13:54:49.994,2.01675,2.01713,1.00,1.00
2015.07.21 13:54:50.551,2.01677,2.01713,1.00,1.00
2015.07.21 13:54:51.055,2.01678,2.01713,1.00,1.00
2015.07.21 13:54:51.180,2.01674,2.01713,1.00,1.00
2015.07.21 13:54:51.549,2.01674,2.01713,1.87,1.00
2015.07.21 13:54:51.953,2.01676,2.01713,1.37,1.00
2015.07.21 13:54:52.054,2.01676,2.01713,1.00,1.00
2015.07.21 13:54:52.471,2.01676,2.01713,1.37,1.00
2015.07.21 13:54:52.673,2.01676,2.01713,1.00,1.00
2015.07.21 13:54:52.874,2.01674,2.01713,1.00,1.00
2015.07.21 13:54:52.976,2.01677,2.01713,1.00,1.00
2015.07.21 13:54:53.174,2.01674,2.01713,1.50,1.00
2015.07.21 13:54:53.275,2.01674,2.0171,1.00,1.00
2015.07.21 13:54:53.815,2.01673,2.0171,1.50,1.00
2015.07.21 13:54:54.118,2.01671,2.0171,1.00,1.00
2015.07.21 13:54:54.224,2.01669,2.01706,1.50,1.00
2015.07.21 13:54:54.527,2.01669,2.01701,1.00,1.00
2015.07.21 13:54:54.679,2.01673,2.01706,1.00,1.00
2015.07.21 13:54:54.730,2.01678,2.01706,1.00,1.00
2015.07.21 13:54:54.932,2.01673,2.01711,1.00,1.00
2015.07.21 13:54:54.982,2.01668,2.01705,1.84,1.00
2015.07.21 13:54:55.434,2.01665,2.01702,1.00,1.00
2015.07.21 13:54:56.043,2.01663,2.01702,1.50,1.00
2015.07.21 13:54:56.549,2.01664,2.01702,1.50,1.00
2015.07.21 13:54:56.701,2.01662,2.01702,1.50,1.00
2015.07.21 13:54:56.754,2.01664,2.01702,1.00,1.00
2015.07.21 13:54:57.191,2.01668,2.01702,1.00,1.00
2015.07.21 13:54:57.295,2.01664,2.01702,1.00,1.00
2015.07.21 13:54:57.346,2.01667,2.01702,1.00,1.00
2015.07.21 13:54:57.699,2.01665,2.01702,1.00,1.00
2015.07.21 13:54:57.851,2.01668,2.01702,1.00,1.00
2015.07.21 13:54:58.358,2.01667,2.01702,1.00,1.00
2015.07.21 13:54:58.660,2.01672,2.01702,1.00,1.00
2015.07.21 13:54:58.963,2.01675,2.01702,1.00,1.00
2015.07.21 13:54:59.170,2.01673,2.01702,1.00,1.00
2015.07.21 13:54:59.271,2.01673,2.01707,1.00,1.00
2015.07.21 13:54:59.322,2.01675,2.01707,1.00,1.00
2015.07.21 13:54:59.653,2.01678,2.01707,1.00,1.00
2015.07.21 13:54:59.958,2.01676,2.01707,1.00,1.00
2015.07.21 13:55:00.009,2.01674,2.01707,1.50,1.00
2015.07.21 13:55:00.060,2.01678,2.01707,1.00,1.00
2015.07.21 13:55:00.361,2.01676,2.01707,1.00,1.00
2015.07.21 13:55:00.462,2.01674,2.01707,1.00,1.00
2015.07.21 13:55:01.420,2.01673,2.01707,1.50,1.00
2015.07.21 13:55:01.873,2.01669,2.01707,1.09,1.00
2015.07.21 13:55:03.175,2.0167,2.01707,1.00,1.00
2015.07.21 13:55:03.429,2.01673,2.01707,1.00,1.00
2015.07.21 13:55:03.738,2.01675,2.01707,1.00,1.00
2015.07.21 13:55:04.382,2.01676,2.01707,1.00,1.00
2015.07.21 13:55:06.166,2.01679,2.01707,1.00,1.00
2015.07.21 13:55:06.893,2.01676,2.01707,1.00,1.00
2015.07.21 13:55:06.944,2.01678,2.01707,1.00,1.00
2015.07.21 13:55:07.147,2.01676,2.01707,1.00,1.00
2015.07.21 13:55:07.664,2.01675,2.01707,1.00,1.00
2015.07.21 13:55:08.119,2.01675,2.01712,1.00,1.00
2015.07.21 13:55:08.170,2.01677,2.01712,1.00,1.00
2015.07.21 13:55:08.371,2.01673,2.01712,1.50,1.00
2015.07.21 13:55:09.033,2.01675,2.01712,1.00,1.00
2015.07.21 13:55:09.556,2.01674,2.01712,1.00,1.50
2015.07.21 13:55:10.258,2.01672,2.01712,1.50,1.50
2015.07.21 13:55:11.471,2.01673,2.01712,1.00,1.00
2015.07.21 13:55:11.823,2.01679,2.01712,1.00,1.00
2015.07.21 13:55:11.924,2.01683,2.01717,1.00,1.00
2015.07.21 13:55:12.032,2.01686,2.01725,1.50,1.00
2015.07.21 13:55:12.249,2.0168,2.01718,1.00,1.00
2015.07.21 13:55:12.551,2.0169,2.01728,1.50,1.00
2015.07.21 13:55:13.267,2.01693,2.01728,1.00,1.00
2015.07.21 13:55:13.469,2.017,2.01737,1.00,1.00
2015.07.21 13:55:13.520,2.01703,2.01737,1.00,1.00
2015.07.21 13:55:13.873,2.01705,2.01742,1.00,1.00
2015.07.21 13:55:15.908,2.01707,2.01746,1.00,1.00
2015.07.21 13:55:16.513,2.01707,2.01744,1.00,1.00
2015.07.21 13:55:16.719,2.01704,2.01743,1.00,1.00
2015.07.21 13:55:17.049,2.01704,2.01741,1.00,1.00
2015.07.21 13:55:17.150,2.01704,2.01743,1.00,1.00
2015.07.21 13:55:17.692,2.01699,2.01738,1.50,1.00
2015.07.21 13:55:18.100,2.01698,2.01734,1.00,1.00
2015.07.21 13:55:18.403,2.01691,2.0173,1.00,1.00
2015.07.21 13:55:18.690,2.01688,2.01726,1.00,1.00
2015.07.21 13:55:18.993,2.01684,2.01721,1.50,1.00
2015.07.21 13:55:19.295,2.01681,2.01718,1.00,1.00
2015.07.21 13:55:21.353,2.01689,2.01724,1.00,1.00
2015.07.21 13:55:21.454,2.01687,2.01724,1.00,1.00
2015.07.21 13:55:21.555,2.01685,2.01724,1.00,1.00
2015.07.21 13:55:21.909,2.01688,2.01724,1.00,1.00
2015.07.21 13:55:22.432,2.01689,2.01724,1.00,1.00
2015.07.21 13:55:22.483,2.0169,2.01728,1.00,1.00
2015.07.21 13:55:22.855,2.01694,2.01728,1.00,1.00
2015.07.21 13:55:23.158,2.01698,2.01732,1.00,1.00
2015.07.21 13:55:23.667,2.017,2.01732,1.00,1.00
2015.07.21 13:55:23.768,2.01697,2.01732,1.00,1.00
2015.07.21 13:55:24.121,2.017,2.01732,1.00,1.00
2015.07.21 13:55:24.640,2.01701,2.01732,1.00,1.00
2015.07.21 13:55:24.847,2.01699,2.01732,1.00,1.00
2015.07.21 13:55:24.998,2.01696,2.01732,1.00,1.00
2015.07.21 13:55:25.401,2.01693,2.01732,1.50,1.00
2015.07.21 13:55:25.956,2.01698,2.01735,1.00,1.00
2015.07.21 13:55:26.262,2.017,2.01735,1.00,1.00
2015.07.21 13:55:26.645,2.01697,2.01735,1.00,1.00
2015.07.21 13:55:27.041,2.01692,2.01728,1.00,1.00
2015.07.21 13:55:27.092,2.01688,2.01728,1.00,1.00
2015.07.21 13:55:27.194,2.01686,2.01724,1.00,1.00
2015.07.21 13:55:28.238,2.01682,2.0172,1.00,1.00
2015.07.21 13:55:28.541,2.01679,2.01716,1.00,1.00
2015.07.21 13:55:28.904,2.01676,2.01713,1.00,1.00
2015.07.21 13:55:29.408,2.01677,2.01713,1.00,1.00
2015.07.21 13:55:29.711,2.0168,2.01713,1.00,1.00
2015.07.21 13:55:30.013,2.01688,2.01719,1.00,1.00
2015.07.21 13:55:30.064,2.01688,2.01724,1.00,1.00
2015.07.21 13:55:30.612,2.01689,2.01724,1.00,1.00
2015.07.21 13:55:30.865,2.01694,2.01724,1.00,1.00
2015.07.21 13:55:31.069,2.01686,2.01724,1.00,1.00
2015.07.21 13:55:31.273,2.01689,2.01724,1.00,1.00
2015.07.21 13:55:31.374,2.01687,2.01724,1.00,1.00
2015.07.21 13:55:31.783,2.01685,2.01724,1.00,1.00
2015.07.21 13:55:31.935,2.01689,2.01724,1.00,1.00
2015.07.21 13:55:32.244,2.01698,2.01732,1.00,1.00
2015.07.21 13:55:32.570,2.01703,2.01732,1.00,1.00
2015.07.21 13:55:32.822,2.01699,2.01732,1.00,1.00
2015.07.21 13:55:32.923,2.01697,2.01732,1.00,1.00
2015.07.21 13:55:33.142,2.01699,2.01732,1.00,1.00
2015.07.21 13:55:33.343,2.01697,2.01732,1.00,1.00
2015.07.21 13:55:33.876,2.01699,2.01732,1.00,1.00
2015.07.21 13:55:34.381,2.017,2.01732,1.00,1.00
2015.07.21 13:55:34.929,2.01699,2.01732,1.00,1.00
2015.07.21 13:55:34.980,2.01696,2.01732,1.00,1.00
2015.07.21 13:55:35.232,2.01694,2.01732,2.25,1.00
2015.07.21 13:55:35.811,2.01695,2.01732,1.00,1.00
2015.07.21 13:55:35.862,2.01699,2.01732,1.00,1.00
2015.07.21 13:55:36.536,2.01698,2.01732,1.00,1.00
2015.07.21 13:55:38.423,2.01696,2.01732,1.00,1.00
2015.07.21 13:55:38.943,2.01695,2.01732,1.00,1.00
2015.07.21 13:55:40.273,2.01701,2.01732,1.00,1.00
2015.07.21 13:55:40.588,2.01703,2.01732,1.00,1.00
2015.07.21 13:55:40.840,2.01701,2.01732,1.00,1.00
2015.07.21 13:55:41.603,2.017,2.01732,1.00,1.00
2015.07.21 13:55:43.919,2.01694,2.01732,1.00,1.00
2015.07.21 13:55:44.020,2.0169,2.01729,1.50,1.00
2015.07.21 13:55:45.542,2.0169,2.01717,1.00,1.00
2015.07.21 13:55:45.593,2.01688,2.01717,1.00,1.00
2015.07.21 13:55:45.694,2.01674,2.01706,1.00,1.00
2015.07.21 13:55:45.845,2.01669,2.01706,1.00,1.00
2015.07.21 13:55:45.946,2.01668,2.01703,1.00,1.00
2015.07.21 13:55:46.261,2.01659,2.01699,1.50,1.00
2015.07.21 13:55:46.312,2.01661,2.01699,1.00,1.00
2015.07.21 13:55:46.614,2.01663,2.01699,1.00,1.00
2015.07.21 13:55:47.204,2.0166,2.01699,1.00,1.00
2015.07.21 13:55:47.305,2.01664,2.01699,1.00,1.00
2015.07.21 13:55:47.557,2.0166,2.01699,1.00,1.00
2015.07.21 13:55:47.759,2.01665,2.01699,1.00,1.00
2015.07.21 13:55:48.269,2.01664,2.01699,1.00,1.00
2015.07.21 13:55:49.492,2.01663,2.01699,1.00,1.00
2015.07.21 13:55:49.946,2.01666,2.01699,1.00,1.00
2015.07.21 13:55:50.047,2.01666,2.01701,1.00,1.00
2015.07.21 13:55:50.199,2.01668,2.01701,1.00,1.00
2015.07.21 13:55:50.841,2.01666,2.01701,1.00,1.00
2015.07.21 13:55:51.144,2.01664,2.01701,2.25,1.00
2015.07.21 13:55:51.295,2.01666,2.01701,1.00,1.00
2015.07.21 13:55:51.598,2.01664,2.01701,1.50,1.00
2015.07.21 13:55:52.171,2.01663,2.01698,1.00,1.00
2015.07.21 13:55:52.977,2.01663,2.01702,1.50,1.00
2015.07.21 13:55:53.280,2.01666,2.01702,1.00,1.00
2015.07.21 13:55:53.583,2.0166,2.01699,1.50,1.00
2015.07.21 13:55:53.684,2.01663,2.01699,1.00,1.00
2015.07.21 13:55:53.988,2.01664,2.01699,1.37,1.00
2015.07.21 13:55:54.441,2.01664,2.01699,1.00,1.00
2015.07.21 13:55:54.593,2.01666,2.01699,1.00,1.00
2015.07.21 13:55:54.904,2.01663,2.01699,1.00,1.00
2015.07.21 13:55:55.005,2.01665,2.01699,1.12,1.00
2015.07.21 13:55:55.308,2.01667,2.01699,1.00,1.00
2015.07.21 13:55:56.346,2.01666,2.01699,1.00,1.00
2015.07.21 13:55:56.649,2.0167,2.01699,1.00,1.00
2015.07.21 13:55:56.800,2.01668,2.01699,1.00,1.00
2015.07.21 13:55:56.901,2.01665,2.01699,1.00,1.00
2015.07.21 13:55:57.218,2.01668,2.01699,1.00,1.00
2015.07.21 13:55:57.370,2.01669,2.01702,1.00,1.00
2015.07.21 13:55:57.880,2.01671,2.01702,1.00,1.00
2015.07.21 13:55:58.334,2.01668,2.01702,1.00,1.00
2015.07.21 13:55:58.435,2.01666,2.01702,1.00,1.00
2015.07.21 13:55:58.637,2.01664,2.01702,1.00,1.00
2015.07.21 13:55:59.920,2.01669,2.01705,1.00,1.00
2015.07.21 13:56:00.223,2.01674,2.01711,1.00,1.00
2015.07.21 13:56:00.375,2.01672,2.01711,1.12,1.00
2015.07.21 13:56:00.595,2.01669,2.01708,1.50,1.00
2015.07.21 13:56:00.899,2.01669,2.01705,1.00,1.00
2015.07.21 13:56:01.202,2.01673,2.01705,1.00,1.00
2015.07.21 13:56:01.523,2.01675,2.01705,1.00,1.00
2015.07.21 13:56:01.831,2.01675,2.01707,1.00,1.00
2015.07.21 13:56:02.335,2.01674,2.01707,1.00,1.00
2015.07.21 13:56:02.734,2.01672,2.01707,1.00,1.00
2015.07.21 13:56:02.835,2.0167,2.01707,1.00,1.00
2015.07.21 13:56:03.598,2.01666,2.01704,1.50,1.00
2015.07.21 13:56:04.243,2.01662,2.01701,1.00,1.00
2015.07.21 13:56:04.294,2.01659,2.01698,1.00,1.00
2015.07.21 13:56:04.345,2.01655,2.01695,1.00,1.00
2015.07.21 13:56:04.941,2.01652,2.0169,1.00,1.00
2015.07.21 13:56:05.250,2.01648,2.01687,1.00,1.00
2015.07.21 13:56:05.301,2.01648,2.01684,1.00,1.00
2015.07.21 13:56:05.625,2.01645,2.01684,1.50,1.00
2015.07.21 13:56:06.354,2.01647,2.01684,1.00,1.00
2015.07.21 13:56:06.761,2.01645,2.01684,1.50,1.00
2015.07.21 13:56:07.420,2.01646,2.01684,1.00,1.00
2015.07.21 13:56:08.563,2.01645,2.01684,1.84,1.00
2015.07.21 13:56:08.695,2.01649,2.01684,1.00,1.00
2015.07.21 13:56:08.847,2.01651,2.01688,1.00,1.00
2015.07.21 13:56:08.898,2.01649,2.01688,1.50,1.00
2015.07.21 13:56:08.999,2.01652,2.01688,1.00,1.00
2015.07.21 13:56:09.302,2.01656,2.01688,1.00,1.00
2015.07.21 13:56:09.969,2.01653,2.01688,1.00,1.00
2015.07.21 13:56:10.473,2.01654,2.01688,1.00,1.00
2015.07.21 13:56:10.726,2.01659,2.01688,1.00,1.00
2015.07.21 13:56:10.776,2.01659,2.01691,1.00,1.00
2015.07.21 13:56:10.827,2.01655,2.01691,1.00,1.00
2015.07.21 13:56:11.172,2.01658,2.01691,1.00,1.00
2015.07.21 13:56:12.403,2.01655,2.01691,1.00,1.00
2015.07.21 13:56:12.554,2.01659,2.01691,1.00,1.00
2015.07.21 13:56:13.297,2.01661,2.01691,1.00,1.00
2015.07.21 13:56:13.801,2.0166,2.01691,1.00,1.00
2015.07.21 13:56:14.133,2.01664,2.01691,1.00,1.00
2015.07.21 13:56:14.316,2.01668,2.01697,1.00,1.00
2015.07.21 13:56:15.344,2.01669,2.01697,1.00,1.00
2015.07.21 13:56:16.003,2.01668,2.01697,1.00,1.00
2015.07.21 13:56:16.814,2.0167,2.01697,1.00,1.00
2015.07.21 13:56:16.915,2.01663,2.01697,1.00,1.00
2015.07.21 13:56:16.966,2.01659,2.01697,1.50,1.00
2015.07.21 13:56:17.469,2.01654,2.01693,1.00,1.00
2015.07.21 13:56:17.672,2.01654,2.01691,1.00,1.00
2015.07.21 13:56:17.773,2.01654,2.01693,1.00,1.00
2015.07.21 13:56:20.423,2.01659,2.01693,1.00,1.00
2015.07.21 13:56:20.474,2.01659,2.01697,1.00,1.00
2015.07.21 13:56:20.524,2.01662,2.017,1.00,1.00
2015.07.21 13:56:20.625,2.0166,2.017,2.25,1.00
2015.07.21 13:56:20.726,2.01665,2.01702,1.00,1.00
2015.07.21 13:56:21.511,2.01667,2.01706,1.00,1.00
2015.07.21 13:56:21.918,2.01667,2.01706,1.87,1.00
2015.07.21 13:56:22.019,2.01667,2.01706,1.00,1.00
2015.07.21 13:56:22.070,2.01671,2.01706,1.00,1.00
2015.07.21 13:56:22.171,2.01669,2.01706,1.00,1.00
2015.07.21 13:56:22.651,2.01667,2.01706,1.50,1.00
2015.07.21 13:56:23.054,2.0167,2.01706,1.00,1.00
2015.07.21 13:56:23.415,2.01667,2.01706,1.00,1.00
2015.07.21 13:56:23.672,2.01664,2.01703,1.00,1.00
2015.07.21 13:56:24.026,2.01668,2.01707,1.00,1.00
2015.07.21 13:56:24.487,2.01668,2.01702,1.00,1.00
2015.07.21 13:56:24.538,2.01664,2.01702,1.00,1.50
2015.07.21 13:56:24.690,2.01659,2.01699,1.00,1.00
2015.07.21 13:56:24.922,2.01659,2.01697,1.00,1.00
2015.07.21 13:56:25.533,2.01659,2.01696,1.00,1.00
2015.07.21 13:56:25.684,2.01652,2.0169,1.00,1.50
2015.07.21 13:56:26.188,2.01653,2.0169,1.00,1.00
2015.07.21 13:56:26.721,2.01654,2.0169,1.00,1.00
2015.07.21 13:56:27.074,2.01659,2.0169,1.00,1.00
2015.07.21 13:56:27.225,2.01653,2.0169,1.00,1.00
2015.07.21 13:56:28.389,2.01653,2.01687,1.00,1.00
2015.07.21 13:56:28.692,2.01659,2.01687,1.00,1.00
2015.07.21 13:56:28.743,2.01654,2.01687,1.00,1.00
2015.07.21 13:56:28.844,2.01659,2.01687,1.00,1.00
2015.07.21 13:56:28.945,2.01659,2.01689,1.00,1.00
2015.07.21 13:56:29.097,2.01658,2.01693,1.00,1.00
2015.07.21 13:56:29.319,2.01655,2.01693,1.00,1.00
2015.07.21 13:56:29.851,2.01654,2.01693,1.50,1.00
2015.07.21 13:56:30.590,2.01655,2.01693,1.00,1.00
2015.07.21 13:56:30.691,2.0166,2.01693,1.00,1.00
2015.07.21 13:56:30.792,2.01656,2.01693,1.00,1.00
2015.07.21 13:56:31.308,2.01657,2.01693,1.00,1.00
2015.07.21 13:56:31.610,2.01661,2.01698,1.00,1.00
2015.07.21 13:56:31.889,2.01663,2.01702,1.00,1.00
2015.07.21 13:56:32.905,2.01664,2.01702,1.00,1.00
2015.07.21 13:56:33.418,2.01663,2.01702,1.00,1.00
2015.07.21 13:56:35.747,2.01663,2.01697,1.00,1.00
2015.07.21 13:56:35.797,2.01658,2.01696,1.50,1.00
2015.07.21 13:56:36.101,2.01663,2.01696,1.00,1.00
2015.07.21 13:56:36.303,2.01663,2.01699,1.50,1.00
2015.07.21 13:56:36.495,2.01661,2.01699,1.00,1.00
2015.07.21 13:56:36.697,2.01663,2.01703,1.00,1.50
2015.07.21 13:56:36.748,2.01663,2.01698,1.00,1.00
2015.07.21 13:56:37.189,2.01663,2.01703,1.00,1.50
2015.07.21 13:56:37.240,2.01667,2.01703,1.00,1.00
2015.07.21 13:56:37.543,2.01679,2.0171,1.00,1.00
2015.07.21 13:56:37.594,2.01675,2.01712,1.00,1.00
2015.07.21 13:56:37.645,2.01679,2.01714,1.00,1.00
2015.07.21 13:56:37.956,2.01682,2.01714,1.00,1.00
2015.07.21 13:56:38.522,2.01682,2.01716,1.00,1.12
2015.07.21 13:56:38.572,2.01682,2.01716,1.00,1.37
2015.07.21 13:56:38.774,2.01675,2.01714,1.00,1.50
2015.07.21 13:56:38.824,2.01675,2.01711,1.00,1.00
2015.07.21 13:56:38.976,2.01675,2.01714,1.00,1.00
2015.07.21 13:56:39.510,2.01667,2.01705,1.00,1.00
2015.07.21 13:56:39.662,2.01664,2.01704,1.00,1.00
2015.07.21 13:56:39.763,2.01662,2.017,1.00,1.00
2015.07.21 13:56:40.072,2.01662,2.017,1.00,1.37
2015.07.21 13:56:40.280,2.01662,2.017,1.00,1.37
2015.07.21 13:56:40.694,2.01664,2.017,1.00,1.00
2015.07.21 13:56:40.947,2.01662,2.017,1.50,1.00
2015.07.21 13:56:41.508,2.01657,2.01696,1.00,1.00
2015.07.21 13:56:41.920,2.01657,2.01694,1.00,1.00
2015.07.21 13:56:41.971,2.01654,2.01694,1.00,1.50
2015.07.21 13:56:42.123,2.01658,2.01694,1.00,1.00
2015.07.21 13:56:42.174,2.01658,2.01697,1.50,1.00
2015.07.21 13:56:42.224,2.01661,2.01699,1.00,1.00
2015.07.21 13:56:42.527,2.01656,2.01694,1.00,1.00
2015.07.21 13:56:42.681,2.01656,2.01696,1.00,1.00
2015.07.21 13:56:42.910,2.01656,2.01693,1.00,1.00
2015.07.21 13:56:43.011,2.01656,2.01695,1.00,1.00
2015.07.21 13:56:43.112,2.01656,2.01692,1.00,1.00
2015.07.21 13:56:43.263,2.01656,2.01696,1.00,1.00
2015.07.21 13:56:43.455,2.01652,2.01686,1.00,1.00
2015.07.21 13:56:43.708,2.01646,2.01686,1.00,1.00
2015.07.21 13:56:43.863,2.01643,2.01682,1.00,1.00
2015.07.21 13:56:44.375,2.01642,2.01681,1.00,1.00
2015.07.21 13:56:44.678,2.01636,2.01675,1.00,1.00
2015.07.21 13:56:45.016,2.01636,2.01672,1.00,1.00
2015.07.21 13:56:45.169,2.01636,2.01674,1.00,1.00
2015.07.21 13:56:45.320,2.01636,2.01672,1.00,1.00
2015.07.21 13:56:45.674,2.01639,2.01682,1.00,1.37
2015.07.21 13:56:45.775,2.01644,2.01682,1.00,1.00
2015.07.21 13:56:45.876,2.01638,2.0168,1.50,1.00
2015.07.21 13:56:46.010,2.01641,2.01679,1.50,1.00
2015.07.21 13:56:46.340,2.01647,2.01687,1.00,1.00
2015.07.21 13:56:46.642,2.01647,2.01683,1.00,1.00
2015.07.21 13:56:46.693,2.01645,2.01683,1.00,1.00
2015.07.21 13:56:46.743,2.01645,2.01681,1.00,1.00
2015.07.21 13:56:46.981,2.01645,2.01684,1.00,1.00
2015.07.21 13:56:47.082,2.01642,2.0168,1.00,1.00
2015.07.21 13:56:47.283,2.01637,2.01676,1.00,1.00
2015.07.21 13:56:47.646,2.01637,2.01672,1.00,1.00
2015.07.21 13:56:47.747,2.01639,2.01676,1.00,1.00
2015.07.21 13:56:47.912,2.01641,2.01681,1.00,1.00
2015.07.21 13:56:47.963,2.01646,2.01683,1.00,1.00
2015.07.21 13:56:48.114,2.01649,2.01687,1.00,1.00
2015.07.21 13:56:48.723,2.01651,2.01691,1.00,1.00
2015.07.21 13:56:49.667,2.01649,2.01688,1.00,1.00
2015.07.21 13:56:49.970,2.0164,2.01678,1.00,1.00
2015.07.21 13:56:50.273,2.01631,2.01669,1.00,1.50
2015.07.21 13:56:50.456,2.01627,2.01667,1.00,1.00
2015.07.21 13:56:50.960,2.01627,2.01666,1.00,1.00
2015.07.21 13:56:51.162,2.01627,2.01664,1.00,1.00
2015.07.21 13:56:51.361,2.01622,2.01662,1.00,1.00
2015.07.21 13:56:51.620,2.0162,2.01658,1.00,1.00
2015.07.21 13:56:52.340,2.01623,2.01658,1.00,1.00
2015.07.21 13:56:52.498,2.01623,2.01661,1.00,1.00
2015.07.21 13:56:53.016,2.01624,2.01661,1.00,1.00
2015.07.21 13:56:53.519,2.01623,2.01661,1.00,1.00
2015.07.21 13:56:54.023,2.01624,2.01661,1.00,1.00
2015.07.21 13:56:54.532,2.01623,2.01661,2.25,1.00
2015.07.21 13:56:55.036,2.01624,2.01661,1.00,1.00
2015.07.21 13:56:55.435,2.01627,2.01665,1.00,1.00
2015.07.21 13:56:55.687,2.01629,2.01665,1.00,1.00
2015.07.21 13:56:55.789,2.01627,2.01665,1.00,1.00
2015.07.21 13:56:55.891,2.01629,2.01665,1.00,1.00
2015.07.21 13:56:56.240,2.01627,2.01665,1.00,1.50
2015.07.21 13:56:56.291,2.01624,2.01663,1.00,1.00
2015.07.21 13:56:56.341,2.01623,2.0166,1.50,1.12
2015.07.21 13:56:56.644,2.01619,2.01655,1.00,1.00
2015.07.21 13:56:56.795,2.01619,2.01658,1.00,1.50
2015.07.21 13:56:57.156,2.01618,2.01655,1.00,1.00
2015.07.21 13:56:57.459,2.01623,2.01655,1.00,1.00
2015.07.21 13:56:57.780,2.01628,2.01655,1.00,1.00
2015.07.21 13:56:57.931,2.01628,2.01658,1.00,1.50
2015.07.21 13:56:57.982,2.01623,2.01658,1.00,1.50
2015.07.21 13:56:58.033,2.01623,2.01654,1.00,1.37
2015.07.21 13:56:58.371,2.01613,2.01631,1.00,1.12
2015.07.21 13:56:58.422,2.01598,2.01631,1.50,1.12
2015.07.21 13:56:58.523,2.01599,2.01627,1.00,1.00
2015.07.21 13:56:58.624,2.01588,2.01627,1.50,1.37
2015.07.21 13:56:58.675,2.01588,2.01627,1.50,1.00
2015.07.21 13:56:58.776,2.01591,2.01627,1.00,1.00
2015.07.21 13:56:58.883,2.01588,2.01627,1.00,1.00
2015.07.21 13:56:59.221,2.01584,2.01623,1.00,1.00
2015.07.21 13:56:59.575,2.01584,2.01617,1.00,1.00
2015.07.21 13:56:59.626,2.01574,2.01611,1.50,1.00
2015.07.21 13:56:59.778,2.01574,2.01611,1.00,1.37
2015.07.21 13:57:00.080,2.01578,2.01611,1.00,1.00
2015.07.21 13:57:00.381,2.01579,2.01616,1.00,1.50
2015.07.21 13:57:00.482,2.01573,2.01616,1.00,1.50
2015.07.21 13:57:00.635,2.01579,2.01616,1.00,1.50
2015.07.21 13:57:00.736,2.01573,2.01612,1.00,1.00
2015.07.21 13:57:00.837,2.01573,2.01616,1.00,1.87
2015.07.21 13:57:00.890,2.01573,2.01616,1.00,1.87
2015.07.21 13:57:01.230,2.01588,2.01619,1.00,1.00
2015.07.21 13:57:01.583,2.01584,2.01619,1.00,1.00
2015.07.21 13:57:02.121,2.01583,2.01619,1.00,1.00
2015.07.21 13:57:02.273,2.01583,2.01617,1.00,1.00
2015.07.21 13:57:02.374,2.01578,2.01613,1.00,1.00
2015.07.21 13:57:02.475,2.01574,2.01611,1.00,1.00
2015.07.21 13:57:02.677,2.01574,2.01613,1.00,1.00
2015.07.21 13:57:03.022,2.01578,2.01612,1.00,1.00
2015.07.21 13:57:03.325,2.01578,2.01616,1.00,2.21
2015.07.21 13:57:03.375,2.01578,2.01613,1.00,1.37
2015.07.21 13:57:03.476,2.01578,2.01614,1.00,1.00
2015.07.21 13:57:03.577,2.01574,2.01616,1.00,1.50
2015.07.21 13:57:03.809,2.01569,2.01609,1.00,1.50
2015.07.21 13:57:03.911,2.01561,2.01606,1.00,2.59
2015.07.21 13:57:04.163,2.01563,2.01606,1.00,2.59
2015.07.21 13:57:04.265,2.01559,2.01604,1.00,1.09
2015.07.21 13:57:04.365,2.01559,2.01601,1.00,1.00
2015.07.21 13:57:04.467,2.01557,2.01601,1.00,1.50
2015.07.21 13:57:04.568,2.01559,2.01604,1.00,1.09
2015.07.21 13:57:04.720,2.01558,2.01601,1.50,1.00
2015.07.21 13:57:05.025,2.01563,2.01604,1.00,1.09
2015.07.21 13:57:05.378,2.01563,2.01601,1.00,1.00
2015.07.21 13:57:05.579,2.01563,2.01604,1.00,1.00
2015.07.21 13:57:05.899,2.01569,2.01606,1.00,1.00
2015.07.21 13:57:06.152,2.01568,2.01612,1.00,1.00
2015.07.21 13:57:06.253,2.0157,2.01616,1.00,2.25
2015.07.21 13:57:06.455,2.01569,2.01613,1.00,1.00
2015.07.21 13:57:06.657,2.01571,2.01616,1.00,1.50
2015.07.21 13:57:06.708,2.01571,2.01611,1.00,1.00
2015.07.21 13:57:07.058,2.01578,2.01612,1.00,1.00
2015.07.21 13:57:07.109,2.01573,2.01612,1.00,1.00
2015.07.21 13:57:07.411,2.01579,2.01612,1.00,1.00
2015.07.21 13:57:07.714,2.01583,2.01612,1.00,1.00
2015.07.21 13:57:07.975,2.01579,2.01612,1.00,1.00
2015.07.21 13:57:08.960,2.01583,2.01612,1.00,1.00
2015.07.21 13:57:09.061,2.01579,2.01611,1.00,1.00
2015.07.21 13:57:09.213,2.01579,2.01616,1.00,1.84
2015.07.21 13:57:09.415,2.01589,2.01616,1.00,1.34
2015.07.21 13:57:09.566,2.01589,2.0162,1.00,1.12
2015.07.21 13:57:09.668,2.01589,2.01614,1.00,1.00
2015.07.21 13:57:09.720,2.01578,2.01614,1.00,1.00
2015.07.21 13:57:09.872,2.01578,2.01618,1.00,1.00
2015.07.21 13:57:09.974,2.01578,2.01616,1.00,1.00
2015.07.21 13:57:10.278,2.01578,2.01613,1.00,1.00
2015.07.21 13:57:10.329,2.01578,2.01615,1.00,1.00
2015.07.21 13:57:10.581,2.01574,2.01615,1.00,1.00
2015.07.21 13:57:10.987,2.01573,2.01612,1.00,1.00
2015.07.21 13:57:11.290,2.01573,2.01615,1.00,1.37
2015.07.21 13:57:11.794,2.01569,2.01613,1.00,1.00
2015.07.21 13:57:11.895,2.01569,2.0161,1.00,1.00
2015.07.21 13:57:12.230,2.01569,2.01608,1.00,1.00
2015.07.21 13:57:12.846,2.01569,2.01607,1.00,1.00
2015.07.21 13:57:12.947,2.01569,2.01609,1.00,1.00
2015.07.21 13:57:13.149,2.01569,2.01611,1.00,1.50
2015.07.21 13:57:13.355,2.01565,2.01611,1.00,1.50
2015.07.21 13:57:13.859,2.01564,2.01611,1.50,1.50
2015.07.21 13:57:13.910,2.01563,2.01608,1.00,1.00
2015.07.21 13:57:14.213,2.01569,2.01615,1.00,1.50
2015.07.21 13:57:14.362,2.01571,2.01615,1.00,1.50
2015.07.21 13:57:14.666,2.01568,2.01606,1.00,1.37
2015.07.21 13:57:15.021,2.01568,2.01606,1.00,1.37
2015.07.21 13:57:15.320,2.01563,2.01606,1.00,1.37
2015.07.21 13:57:15.623,2.01563,2.01604,1.00,1.00
2015.07.21 13:57:15.724,2.01557,2.01601,1.00,1.00
2015.07.21 13:57:15.775,2.01563,2.01601,1.00,1.00
2015.07.21 13:57:16.077,2.01568,2.01605,1.00,1.00
2015.07.21 13:57:16.398,2.01573,2.0161,1.00,1.34
2015.07.21 13:57:16.702,2.01573,2.01602,1.00,1.34
2015.07.21 13:57:16.803,2.01574,2.01602,1.00,1.00
2015.07.21 13:57:16.904,2.01563,2.01599,1.00,1.00
2015.07.21 13:57:17.005,2.01569,2.01599,1.00,1.37
2015.07.21 13:57:17.108,2.01563,2.01598,1.00,1.00
2015.07.21 13:57:17.310,2.01558,2.01598,1.00,1.00
2015.07.21 13:57:17.411,2.01558,2.01596,1.00,1.00
2015.07.21 13:57:17.663,2.01545,2.01592,1.00,1.00
2015.07.21 13:57:17.764,2.01549,2.01594,1.00,1.00
2015.07.21 13:57:18.072,2.01554,2.01592,1.00,1.00
2015.07.21 13:57:18.123,2.01554,2.01594,1.00,1.00
2015.07.21 13:57:18.426,2.01559,2.01588,1.00,1.00
2015.07.21 13:57:18.527,2.01548,2.01588,1.00,1.00
2015.07.21 13:57:18.684,2.01548,2.0159,1.00,1.00
2015.07.21 13:57:18.837,2.01553,2.01589,1.00,1.00
2015.07.21 13:57:18.989,2.01548,2.01585,1.00,1.00
2015.07.21 13:57:19.090,2.01544,2.01582,1.00,1.00
2015.07.21 13:57:19.191,2.01544,2.01584,1.00,1.00
2015.07.21 13:57:19.393,2.01554,2.01584,1.00,1.00
2015.07.21 13:57:19.674,2.01553,2.01588,1.00,1.00
2015.07.21 13:57:20.179,2.01553,2.01589,1.00,1.00
2015.07.21 13:57:21.062,2.01554,2.01589,1.00,1.00
2015.07.21 13:57:21.213,2.01553,2.01583,1.00,1.00
2015.07.21 13:57:21.264,2.01543,2.01583,1.00,1.00
2015.07.21 13:57:21.315,2.01543,2.01581,1.00,1.00
2015.07.21 13:57:21.534,2.01544,2.01585,1.00,1.00
2015.07.21 13:57:21.585,2.01553,2.01585,1.00,1.00
2015.07.21 13:57:21.636,2.01553,2.0159,1.00,1.00
2015.07.21 13:57:21.737,2.01558,2.0159,1.00,1.00
2015.07.21 13:57:22.041,2.01563,2.01593,1.00,1.00
2015.07.21 13:57:22.249,2.01553,2.01591,1.00,1.50
2015.07.21 13:57:22.300,2.01553,2.0159,1.00,1.34
2015.07.21 13:57:22.401,2.01537,2.01576,1.00,1.50
2015.07.21 13:57:22.502,2.01534,2.01566,1.00,1.00
2015.07.21 13:57:22.553,2.01529,2.01566,1.00,1.00
2015.07.21 13:57:22.907,2.01533,2.01567,1.00,1.00
2015.07.21 13:57:22.957,2.01533,2.01571,1.00,1.00
2015.07.21 13:57:23.093,2.01531,2.01576,1.37,1.00
2015.07.21 13:57:23.144,2.01534,2.01576,1.37,1.00
2015.07.21 13:57:23.245,2.01534,2.01576,1.00,1.00
2015.07.21 13:57:23.296,2.01537,2.01578,1.00,1.00
2015.07.21 13:57:23.347,2.01537,2.01582,1.00,1.00
2015.07.21 13:57:23.600,2.01544,2.0158,1.00,1.00
2015.07.21 13:57:23.752,2.01545,2.01588,1.37,1.00
2015.07.21 13:57:23.802,2.01554,2.01589,1.00,1.00
2015.07.21 13:57:23.853,2.01554,2.01595,1.00,1.00
2015.07.21 13:57:24.004,2.01559,2.01597,1.00,1.00
2015.07.21 13:57:24.056,2.01559,2.016,1.00,1.00
2015.07.21 13:57:24.158,2.01563,2.01602,1.50,1.00
2015.07.21 13:57:24.208,2.01563,2.01609,1.50,1.00
2015.07.21 13:57:24.259,2.01563,2.01605,1.00,1.00
2015.07.21 13:57:24.360,2.0156,2.01605,1.00,1.00
2015.07.21 13:57:24.943,2.01559,2.01604,1.00,1.12
2015.07.21 13:57:25.145,2.01554,2.01599,1.00,1.00
2015.07.21 13:57:25.497,2.01554,2.01599,1.00,1.37
2015.07.21 13:57:25.907,2.01552,2.01596,1.00,1.00
2015.07.21 13:57:26.381,2.01546,2.01589,1.00,1.00
2015.07.21 13:57:26.482,2.01548,2.01594,1.50,1.00
2015.07.21 13:57:26.764,2.01553,2.01594,1.00,1.00
2015.07.21 13:57:26.865,2.01549,2.01594,1.00,1.00
2015.07.21 13:57:27.118,2.01549,2.01592,1.50,1.00
2015.07.21 13:57:27.777,2.01547,2.01592,1.00,1.00
2015.07.21 13:57:28.130,2.01546,2.0159,1.00,1.00
2015.07.21 13:57:28.231,2.01544,2.01589,1.00,1.00
2015.07.21 13:57:28.671,2.01552,2.01596,1.00,1.00
2015.07.21 13:57:28.975,2.0156,2.01603,1.00,1.00
2015.07.21 13:57:29.026,2.01564,2.01609,1.00,1.00
2015.07.21 13:57:29.228,2.01567,2.0161,1.00,1.00
2015.07.21 13:57:29.632,2.01569,2.0161,1.00,1.00
2015.07.21 13:57:29.784,2.01563,2.01608,1.50,1.00
2015.07.21 13:57:29.835,2.01568,2.01608,1.00,1.00
2015.07.21 13:57:29.987,2.01563,2.01606,1.00,1.00
2015.07.21 13:57:30.189,2.01573,2.01606,1.00,1.12
2015.07.21 13:57:30.505,2.01573,2.01609,1.00,1.00
2015.07.21 13:57:30.556,2.01573,2.01607,1.00,1.00
2015.07.21 13:57:30.607,2.01564,2.01607,1.00,1.00
2015.07.21 13:57:31.119,2.01563,2.01606,1.00,1.00
2015.07.21 13:57:31.220,2.01564,2.01609,1.00,1.00
2015.07.21 13:57:34.149,2.01563,2.01607,1.00,1.00
2015.07.21 13:57:34.401,2.01563,2.01609,1.00,1.00
2015.07.21 13:57:34.927,2.01564,2.01609,1.00,1.00
2015.07.21 13:57:35.129,2.01564,2.01607,1.00,1.00
2015.07.21 13:57:35.179,2.01561,2.01605,1.00,1.00
2015.07.21 13:57:35.280,2.01558,2.01604,1.00,1.00
2015.07.21 13:57:35.482,2.01564,2.01608,1.00,1.37
2015.07.21 13:57:35.533,2.01564,2.01608,1.00,1.00
2015.07.21 13:57:35.925,2.01562,2.01605,1.00,1.00
2015.07.21 13:57:36.177,2.01563,2.01608,1.50,1.00
2015.07.21 13:57:36.706,2.01564,2.01608,1.00,1.00
2015.07.21 13:57:37.314,2.01563,2.01608,1.00,1.00
2015.07.21 13:57:37.365,2.01566,2.0161,1.00,1.00
2015.07.21 13:57:37.566,2.01564,2.01611,1.00,1.00
2015.07.21 13:57:37.722,2.01561,2.01606,1.00,1.00
2015.07.21 13:57:38.227,2.01562,2.01606,1.00,1.00
2015.07.21 13:57:38.620,2.0156,2.01606,1.00,1.00
2015.07.21 13:57:38.671,2.01565,2.01607,1.00,1.00
2015.07.21 13:57:38.874,2.0157,2.01614,1.00,1.00
2015.07.21 13:57:38.924,2.01569,2.01611,1.00,1.00
2015.07.21 13:57:39.025,2.01571,2.01614,1.00,1.00
2015.07.21 13:57:39.228,2.01573,2.01617,1.00,1.50
2015.07.21 13:57:39.478,2.01569,2.01613,1.00,1.00
2015.07.21 13:57:39.680,2.01571,2.01616,1.00,1.00
2015.07.21 13:57:39.881,2.01568,2.01613,1.00,1.00
2015.07.21 13:57:40.184,2.0157,2.01615,1.00,1.00
2015.07.21 13:57:40.571,2.01569,2.01613,1.50,1.00
2015.07.21 13:57:40.873,2.01559,2.01603,1.00,1.00
2015.07.21 13:57:40.924,2.01557,2.01603,1.00,1.00
2015.07.21 13:57:40.975,2.01555,2.01598,1.00,1.00
2015.07.21 13:57:41.126,2.01552,2.01597,1.00,1.12
2015.07.21 13:57:41.429,2.01554,2.01597,1.00,1.00
2015.07.21 13:57:41.630,2.01554,2.01599,1.00,1.00
2015.07.21 13:57:41.883,2.01557,2.01602,1.00,1.50
2015.07.21 13:57:42.729,2.01556,2.01601,1.00,1.00
2015.07.21 13:57:43.032,2.01558,2.01601,1.00,1.00
2015.07.21 13:57:43.337,2.0156,2.01603,1.00,1.00
2015.07.21 13:57:43.389,2.01557,2.01603,1.00,1.00
2015.07.21 13:57:43.631,2.01555,2.016,1.00,1.00
2015.07.21 13:57:44.267,2.01556,2.01601,1.00,1.00
2015.07.21 13:57:44.961,2.01557,2.01602,1.00,1.00
2015.07.21 13:57:45.274,2.01557,2.01598,1.00,1.00
2015.07.21 13:57:45.719,2.01555,2.01598,1.00,1.00
2015.07.21 13:57:45.921,2.01555,2.01601,1.00,2.25
2015.07.21 13:57:45.971,2.01548,2.01594,1.00,1.00
2015.07.21 13:57:46.271,2.01546,2.01594,1.00,1.50
2015.07.21 13:57:46.373,2.01548,2.01595,1.00,1.00
2015.07.21 13:57:46.424,2.01548,2.01597,1.50,1.00
2015.07.21 13:57:46.474,2.01549,2.01595,1.00,1.00
2015.07.21 13:57:46.928,2.01552,2.01596,1.00,1.00
2015.07.21 13:57:47.291,2.0155,2.01596,1.00,1.00
2015.07.21 13:57:47.493,2.01552,2.01598,1.00,1.00
2015.07.21 13:57:47.795,2.01552,2.01596,1.00,1.00
2015.07.21 13:57:48.305,2.01551,2.01597,1.00,1.00
2015.07.21 13:57:48.612,2.01553,2.01591,1.00,1.00
2015.07.21 13:57:48.713,2.01554,2.01599,1.00,1.37
2015.07.21 13:57:48.865,2.01554,2.01597,1.00,1.12
2015.07.21 13:57:50.196,2.01553,2.01594,1.00,1.37
2015.07.21 13:57:50.398,2.01545,2.0159,1.00,1.00
2015.07.21 13:57:50.449,2.01548,2.01591,1.00,1.12
2015.07.21 13:57:50.953,2.01549,2.01591,1.00,1.12
2015.07.21 13:57:51.449,2.01549,2.01594,1.00,1.12
2015.07.21 13:57:51.500,2.01549,2.01594,1.00,1.37
2015.07.21 13:57:52.524,2.01548,2.01591,1.50,1.00
2015.07.21 13:57:53.039,2.01549,2.01592,1.00,1.00
2015.07.21 13:57:53.344,2.01547,2.01592,1.00,1.37
2015.07.21 13:57:53.445,2.01544,2.01588,1.00,1.37
2015.07.21 13:57:53.496,2.01544,2.01588,1.00,1.87
2015.07.21 13:57:53.598,2.01538,2.01584,1.50,1.37
2015.07.21 13:57:53.699,2.01543,2.01582,1.00,1.12
2015.07.21 13:57:53.902,2.01538,2.01583,1.00,1.37
2015.07.21 13:57:53.952,2.0154,2.01585,1.00,1.37
2015.07.21 13:57:54.093,2.01544,2.01588,1.00,1.00
2015.07.21 13:57:54.300,2.01544,2.01587,1.37,1.00
2015.07.21 13:57:54.603,2.01569,2.01612,1.00,1.45
2015.07.21 13:57:54.654,2.01568,2.01612,1.00,1.00
2015.07.21 13:57:54.755,2.01562,2.01608,1.00,1.00
2015.07.21 13:57:55.067,2.01563,2.01606,1.00,1.00
2015.07.21 13:57:55.372,2.0156,2.01603,1.00,1.00
2015.07.21 13:57:55.631,2.01552,2.01599,1.00,1.37
2015.07.21 13:57:55.732,2.0155,2.01597,1.00,1.12
2015.07.21 13:57:56.080,2.01548,2.01595,1.00,1.00
2015.07.21 13:57:56.383,2.01553,2.01598,1.00,1.00
2015.07.21 13:57:56.484,2.01549,2.01595,1.00,1.00
2015.07.21 13:57:56.737,2.01551,2.01597,1.00,1.00
2015.07.21 13:57:57.068,2.01563,2.01604,1.00,1.00
2015.07.21 13:57:57.119,2.01559,2.01604,1.00,1.00
2015.07.21 13:57:57.170,2.01564,2.01608,1.00,1.50
2015.07.21 13:57:57.220,2.01564,2.0161,1.00,1.00
2015.07.21 13:57:57.271,2.01565,2.01612,1.00,1.00
2015.07.21 13:57:57.372,2.01567,2.01612,1.00,1.00
2015.07.21 13:57:57.473,2.01564,2.0161,1.00,1.00
2015.07.21 13:57:57.725,2.01555,2.01604,1.00,1.00
2015.07.21 13:57:57.937,2.01556,2.01601,1.00,1.00
2015.07.21 13:57:58.139,2.01555,2.01603,1.00,1.00
2015.07.21 13:57:58.240,2.01552,2.01599,1.00,1.00
2015.07.21 13:57:58.392,2.01549,2.01597,1.00,1.00
2015.07.21 13:57:58.493,2.01545,2.01592,1.50,1.00
2015.07.21 13:57:58.796,2.01544,2.01588,1.00,1.00
2015.07.21 13:57:59.298,2.01543,2.01588,1.00,1.00
2015.07.21 13:57:59.500,2.01547,2.01593,1.00,1.00
2015.07.21 13:57:59.904,2.01543,2.01588,1.50,1.00
2015.07.21 13:58:00.363,2.01545,2.01591,1.00,1.00
2015.07.21 13:58:00.464,2.01548,2.01595,1.00,1.00
2015.07.21 13:58:00.666,2.01545,2.01592,1.00,1.00
2015.07.21 13:58:01.139,2.01545,2.01589,1.00,1.37
2015.07.21 13:58:01.240,2.01543,2.01585,1.00,1.37
2015.07.21 13:58:01.341,2.01543,2.01585,1.00,1.00
2015.07.21 13:58:01.442,2.01538,2.01582,1.00,1.00
2015.07.21 13:58:01.493,2.01536,2.01582,1.00,1.00
2015.07.21 13:58:01.996,2.01535,2.01582,1.50,1.00
2015.07.21 13:58:02.213,2.01535,2.01577,1.00,1.00
2015.07.21 13:58:02.465,2.01536,2.01582,1.00,1.00
2015.07.21 13:58:02.863,2.01539,2.01582,1.00,1.00
2015.07.21 13:58:03.014,2.01537,2.01581,1.00,1.00
2015.07.21 13:58:03.552,2.01536,2.0158,1.00,1.00
2015.07.21 13:58:04.306,2.01535,2.01578,1.00,1.00
2015.07.21 13:58:04.759,2.01532,2.01576,1.00,1.00
2015.07.21 13:58:04.861,2.0153,2.01576,1.00,1.37
2015.07.21 13:58:05.064,2.0153,2.01573,1.00,1.00
2015.07.21 13:58:05.574,2.0153,2.01574,1.50,1.00
2015.07.21 13:58:06.640,2.01534,2.01574,1.00,1.00
2015.07.21 13:58:06.691,2.01534,2.01577,1.00,1.00
2015.07.21 13:58:06.793,2.01533,2.01578,1.34,1.00
2015.07.21 13:58:07.096,2.01547,2.01583,1.00,1.00
2015.07.21 13:58:07.147,2.01547,2.01588,1.00,1.00
2015.07.21 13:58:07.197,2.0155,2.0159,1.00,1.00
2015.07.21 13:58:07.512,2.01546,2.01589,1.00,1.00
2015.07.21 13:58:07.564,2.01543,2.01585,1.00,1.00
2015.07.21 13:58:07.715,2.01541,2.01585,1.00,1.50
2015.07.21 13:58:08.068,2.01545,2.01585,1.00,1.00
2015.07.21 13:58:08.421,2.01543,2.01585,1.00,1.00
2015.07.21 13:58:08.930,2.01542,2.01585,1.00,1.00
2015.07.21 13:58:09.433,2.01543,2.01585,1.00,1.00
2015.07.21 13:58:09.585,2.01541,2.01585,1.00,1.00
2015.07.21 13:58:10.139,2.01541,2.01584,1.00,1.00
2015.07.21 13:58:10.341,2.01543,2.01582,1.00,1.00
2015.07.21 13:58:10.850,2.01543,2.01583,1.00,1.00
2015.07.21 13:58:11.153,2.01543,2.01577,1.00,1.00
2015.07.21 13:58:11.204,2.0154,2.01575,1.00,1.00
2015.07.21 13:58:11.255,2.01536,2.0157,1.00,1.00
2015.07.21 13:58:11.404,2.0153,2.01569,1.00,1.87
2015.07.21 13:58:11.455,2.0153,2.01567,1.00,1.00
2015.07.21 13:58:11.758,2.01528,2.01565,1.00,1.00
2015.07.21 13:58:12.922,2.01529,2.01565,1.00,1.00
2015.07.21 13:58:13.472,2.01528,2.01565,1.00,1.00
2015.07.21 13:58:14.368,2.01529,2.01565,1.00,1.00
2015.07.21 13:58:14.875,2.01528,2.01565,1.00,1.00
2015.07.21 13:58:15.929,2.01525,2.01563,1.00,1.50
2015.07.21 13:58:15.980,2.01523,2.01558,1.00,1.00
2015.07.21 13:58:16.283,2.01519,2.01554,1.00,1.12
2015.07.21 13:58:17.085,2.01518,2.01554,1.00,1.00
2015.07.21 13:58:18.646,2.01523,2.01554,1.00,1.00
2015.07.21 13:58:19.704,2.01524,2.01559,1.00,1.00
2015.07.21 13:58:20.207,2.01523,2.01559,1.50,1.00
2015.07.21 13:58:21.126,2.01525,2.01559,1.00,1.00
2015.07.21 13:58:21.227,2.01523,2.01559,1.50,1.00
2015.07.21 13:58:21.580,2.01525,2.01559,1.00,1.00
2015.07.21 13:58:21.783,2.01523,2.01559,1.00,1.00
2015.07.21 13:58:21.934,2.01524,2.01564,1.50,1.00
2015.07.21 13:58:22.081,2.01529,2.01564,1.00,1.00
2015.07.21 13:58:22.335,2.01533,2.0157,1.50,1.00
2015.07.21 13:58:22.861,2.01534,2.0157,1.50,1.00
2015.07.21 13:58:22.911,2.01539,2.01575,1.00,1.00
2015.07.21 13:58:23.461,2.01538,2.01575,1.00,1.00
2015.07.21 13:58:24.217,2.0154,2.01575,1.00,1.00
2015.07.21 13:58:24.433,2.01538,2.01575,1.00,1.00
2015.07.21 13:58:24.534,2.01536,2.01575,1.00,1.00
2015.07.21 13:58:25.039,2.01535,2.01575,1.00,1.00
2015.07.21 13:58:26.334,2.01538,2.01578,1.00,1.00
2015.07.21 13:58:27.542,2.01538,2.01577,1.00,1.00
2015.07.21 13:58:27.855,2.01535,2.01574,1.00,1.00
2015.07.21 13:58:28.719,2.0154,2.01579,1.00,1.00
2015.07.21 13:58:29.022,2.01533,2.01569,1.00,1.00
2015.07.21 13:58:29.325,2.01543,2.01577,1.00,1.00
2015.07.21 13:58:29.426,2.01538,2.01577,1.50,1.00
2015.07.21 13:58:31.834,2.01538,2.01576,1.00,1.00
2015.07.21 13:58:32.283,2.01538,2.01573,1.00,1.00
2015.07.21 13:58:32.586,2.01543,2.01573,1.00,1.00
2015.07.21 13:58:32.637,2.01543,2.01577,1.00,1.50
2015.07.21 13:58:32.796,2.01538,2.01577,1.00,1.50
2015.07.21 13:58:32.847,2.01542,2.0158,1.34,1.00
2015.07.21 13:58:32.898,2.01542,2.0158,1.00,1.00
2015.07.21 13:58:33.151,2.01542,2.01578,1.00,1.00
2015.07.21 13:58:33.202,2.01539,2.01576,1.00,1.00
2015.07.21 13:58:33.605,2.01544,2.01576,1.00,1.00
2015.07.21 13:58:34.079,2.01543,2.01579,1.00,1.00
2015.07.21 13:58:34.130,2.01548,2.01579,1.00,1.00
2015.07.21 13:58:34.181,2.01548,2.01583,1.00,1.50
2015.07.21 13:58:34.232,2.01554,2.01583,1.00,1.50
2015.07.21 13:58:34.442,2.01554,2.01588,1.00,1.50
2015.07.21 13:58:34.686,2.0155,2.01588,1.00,1.50
2015.07.21 13:58:35.146,2.0155,2.01586,1.00,1.00
2015.07.21 13:58:35.348,2.01544,2.01582,1.00,1.00
2015.07.21 13:58:35.891,2.01544,2.01581,1.00,1.00
2015.07.21 13:58:36.429,2.01544,2.01582,1.00,1.00
2015.07.21 13:58:36.703,2.01544,2.01579,1.00,1.00
2015.07.21 13:58:37.357,2.01544,2.0158,1.00,1.00
2015.07.21 13:58:37.458,2.01547,2.01584,1.00,1.00
2015.07.21 13:58:37.509,2.01548,2.01586,1.00,1.00
2015.07.21 13:58:37.560,2.0155,2.0159,1.09,1.00
2015.07.21 13:58:37.661,2.01558,2.01594,1.50,1.00
2015.07.21 13:58:37.711,2.0156,2.01598,1.00,1.00
2015.07.21 13:58:38.008,2.01562,2.01601,1.50,1.00
2015.07.21 13:58:38.361,2.01566,2.01604,1.00,1.00
2015.07.21 13:58:39.095,2.01568,2.01603,1.00,1.00
2015.07.21 13:58:39.297,2.01566,2.01603,1.00,1.00
2015.07.21 13:58:39.398,2.01563,2.01598,1.50,1.00
2015.07.21 13:58:39.650,2.0156,2.01598,1.09,1.00
2015.07.21 13:58:41.373,2.0156,2.01597,1.00,1.00
2015.07.21 13:58:41.905,2.0156,2.01598,1.00,1.00
2015.07.21 13:58:44.916,2.01556,2.01596,1.00,1.00
2015.07.21 13:58:46.300,2.0156,2.01599,1.00,1.00
2015.07.21 13:58:47.029,2.01561,2.01599,1.12,1.00
2015.07.21 13:58:47.342,2.01564,2.01602,1.00,1.00
2015.07.21 13:58:48.257,2.01566,2.01602,1.00,1.00
2015.07.21 13:58:48.308,2.01567,2.01606,1.00,1.00
2015.07.21 13:58:48.359,2.01569,2.01606,1.00,1.00
2015.07.21 13:58:48.460,2.01567,2.01606,1.12,1.00
2015.07.21 13:58:50.659,2.01567,2.01603,1.00,1.00
2015.07.21 13:58:50.710,2.01564,2.01603,1.00,1.50
2015.07.21 13:58:50.760,2.01564,2.016,1.00,1.00
2015.07.21 13:58:50.811,2.0156,2.01598,1.00,1.00
2015.07.21 13:58:51.323,2.0156,2.01597,1.00,1.00
2015.07.21 13:58:51.821,2.01564,2.01597,1.00,1.00
2015.07.21 13:58:52.174,2.01561,2.01598,1.00,1.50
2015.07.21 13:58:52.325,2.01561,2.01596,1.00,1.00
2015.07.21 13:58:52.507,2.01556,2.01596,1.00,1.50
2015.07.21 13:58:52.659,2.01552,2.01591,1.00,1.00
2015.07.21 13:58:54.598,2.01552,2.0159,1.00,1.00
2015.07.21 13:58:55.052,2.01549,2.01587,1.00,1.00
2015.07.21 13:58:57.465,2.01544,2.01581,1.00,1.00
2015.07.21 13:58:57.698,2.0154,2.0158,1.00,1.00
2015.07.21 13:58:57.900,2.0154,2.01577,1.00,1.00
2015.07.21 13:58:58.253,2.0154,2.0158,1.50,1.00
2015.07.21 13:58:58.355,2.01543,2.0158,1.00,1.00
2015.07.21 13:58:59.479,2.01543,2.0158,1.00,1.37
2015.07.21 13:58:59.665,2.01538,2.01576,1.00,1.12
2015.07.21 13:58:59.766,2.01538,2.01576,1.00,1.37
2015.07.21 13:58:59.983,2.01538,2.01576,1.00,1.00
2015.07.21 13:59:00.732,2.01538,2.01573,1.00,1.00
2015.07.21 13:59:01.255,2.01538,2.01572,1.00,1.00
2015.07.21 13:59:01.608,2.01534,2.01572,1.00,1.00
2015.07.21 13:59:02.205,2.01534,2.01569,1.00,1.00
2015.07.21 13:59:02.357,2.01531,2.0157,1.00,1.50
2015.07.21 13:59:02.408,2.01534,2.0157,1.00,1.00
2015.07.21 13:59:02.911,2.01534,2.01571,1.00,1.00
2015.07.21 13:59:04.578,2.01533,2.01569,1.00,1.00
2015.07.21 13:59:05.380,2.01538,2.01569,1.00,1.00
2015.07.21 13:59:06.152,2.01533,2.01569,1.00,1.00
2015.07.21 13:59:07.155,2.0153,2.01569,1.00,1.00
2015.07.21 13:59:07.357,2.01533,2.01566,1.00,1.00
2015.07.21 13:59:07.559,2.01528,2.01566,1.00,1.00
2015.07.21 13:59:07.818,2.01528,2.01566,1.34,1.00
2015.07.21 13:59:08.171,2.01539,2.01569,1.00,1.00
2015.07.21 13:59:08.273,2.01539,2.01571,1.00,1.00
2015.07.21 13:59:08.374,2.01539,2.01576,1.00,1.00
2015.07.21 13:59:09.098,2.01538,2.01576,1.00,1.00
2015.07.21 13:59:09.894,2.01543,2.01576,1.00,1.00
2015.07.21 13:59:10.046,2.01543,2.01582,1.00,1.00
2015.07.21 13:59:10.097,2.01543,2.01582,1.34,1.00
2015.07.21 13:59:10.722,2.01543,2.01582,1.34,1.37
2015.07.21 13:59:11.025,2.01543,2.01582,1.34,1.50
2015.07.21 13:59:11.126,2.01543,2.01578,1.34,1.00
2015.07.21 13:59:11.532,2.01542,2.01581,1.34,1.00
2015.07.21 13:59:11.586,2.01542,2.01578,1.34,1.00
2015.07.21 13:59:11.877,2.01542,2.01581,1.34,1.00
2015.07.21 13:59:12.197,2.01542,2.01578,1.34,1.00
2015.07.21 13:59:12.929,2.01542,2.01581,1.34,1.00
2015.07.21 13:59:13.282,2.01542,2.0158,1.00,1.00
2015.07.21 13:59:13.434,2.01543,2.01578,1.00,1.00
2015.07.21 13:59:15.073,2.01543,2.01581,1.00,1.00
2015.07.21 13:59:15.290,2.01549,2.01581,1.00,1.00
2015.07.21 13:59:15.391,2.01544,2.01582,1.00,1.00
2015.07.21 13:59:15.492,2.01544,2.01582,1.34,1.00
2015.07.21 13:59:15.846,2.01549,2.01582,1.00,1.00
2015.07.21 13:59:16.215,2.01546,2.01584,1.34,1.00
2015.07.21 13:59:16.720,2.01548,2.01584,1.00,1.00
2015.07.21 13:59:17.275,2.01547,2.01584,1.09,1.00
2015.07.21 13:59:17.783,2.01546,2.01584,1.34,1.00
2015.07.21 13:59:17.935,2.01552,2.01589,1.00,1.00
2015.07.21 13:59:18.137,2.01554,2.01592,1.00,1.00
2015.07.21 13:59:19.172,2.01555,2.01592,1.00,1.00
2015.07.21 13:59:19.273,2.01556,2.01596,1.00,1.00
2015.07.21 13:59:19.731,2.01556,2.01595,1.00,1.37
2015.07.21 13:59:20.045,2.01556,2.01595,1.00,1.00
2015.07.21 13:59:20.297,2.01552,2.01592,1.50,1.00
2015.07.21 13:59:21.369,2.01552,2.0159,1.00,1.37
2015.07.21 13:59:21.420,2.01549,2.01588,1.00,1.12
2015.07.21 13:59:21.471,2.01549,2.01588,1.00,1.37
2015.07.21 13:59:21.874,2.01546,2.01585,1.00,1.00
2015.07.21 13:59:21.975,2.01549,2.01585,1.00,1.00
2015.07.21 13:59:22.076,2.01546,2.01585,1.00,1.00
2015.07.21 13:59:25.254,2.01547,2.01585,1.00,1.00
2015.07.21 13:59:25.305,2.01549,2.01588,1.00,1.00
2015.07.21 13:59:25.859,2.01549,2.01588,1.00,1.37
2015.07.21 13:59:26.385,2.01549,2.01588,1.00,1.00
2015.07.21 13:59:28.070,2.01546,2.01585,1.00,1.50
2015.07.21 13:59:28.171,2.01541,2.01581,1.50,1.00
2015.07.21 13:59:30.216,2.01544,2.01581,1.00,1.50
2015.07.21 13:59:30.744,2.01543,2.01581,1.00,1.00
2015.07.21 13:59:31.309,2.01541,2.01581,1.00,1.00
2015.07.21 13:59:31.612,2.01541,2.01581,1.00,1.37
2015.07.21 13:59:31.776,2.01541,2.01581,1.00,1.00
2015.07.21 13:59:31.977,2.01541,2.01581,1.00,1.87
2015.07.21 13:59:32.079,2.01538,2.01576,1.00,1.50
2015.07.21 13:59:32.531,2.01543,2.01576,1.00,1.50
2015.07.21 13:59:32.698,2.01539,2.01576,1.00,1.00
2015.07.21 13:59:32.750,2.01543,2.01576,1.00,1.00
2015.07.21 13:59:33.433,2.01538,2.01576,1.00,1.00
2015.07.21 13:59:33.644,2.01536,2.01576,1.00,1.00
2015.07.21 13:59:33.695,2.01528,2.01565,1.00,1.00
2015.07.21 13:59:34.100,2.01534,2.01566,1.50,1.00
2015.07.21 13:59:34.151,2.01536,2.01573,1.00,1.00
2015.07.21 13:59:34.202,2.01539,2.01576,1.00,1.00
2015.07.21 13:59:34.353,2.01541,2.01581,1.00,1.00
2015.07.21 13:59:34.531,2.01543,2.01581,1.00,1.00
2015.07.21 13:59:34.834,2.01537,2.01577,1.00,1.00
2015.07.21 13:59:34.989,2.01537,2.01574,1.00,1.00
2015.07.21 13:59:35.093,2.01533,2.01572,1.00,1.00
2015.07.21 13:59:36.716,2.01536,2.01575,1.00,1.00
2015.07.21 13:59:37.054,2.01538,2.01575,1.00,1.00
2015.07.21 13:59:37.156,2.01536,2.01575,1.00,1.00
2015.07.21 13:59:37.635,2.01536,2.01571,1.00,1.00
2015.07.21 13:59:37.837,2.01531,2.01569,1.00,1.00
2015.07.21 13:59:38.363,2.01531,2.0157,1.00,1.00
2015.07.21 13:59:38.866,2.01531,2.01571,1.00,1.00
2015.07.21 13:59:39.572,2.01533,2.01571,1.00,1.00
2015.07.21 13:59:40.008,2.01531,2.01571,1.00,1.00
2015.07.21 13:59:40.109,2.01534,2.01571,1.00,1.50
2015.07.21 13:59:40.567,2.01538,2.01571,1.00,1.00
2015.07.21 13:59:40.881,2.01544,2.01571,1.00,1.00
2015.07.21 13:59:41.133,2.01533,2.01571,1.00,1.00
2015.07.21 13:59:41.335,2.01538,2.01571,1.00,1.00
2015.07.21 13:59:41.890,2.01543,2.01575,1.00,1.00
2015.07.21 13:59:41.942,2.01543,2.01578,1.00,1.00
2015.07.21 13:59:42.094,2.0154,2.01578,1.00,1.00
2015.07.21 13:59:42.347,2.01543,2.01578,1.00,1.00
2015.07.21 13:59:43.002,2.0154,2.01574,1.00,1.00
2015.07.21 13:59:44.007,2.0154,2.01575,1.00,1.00
2015.07.21 13:59:45.202,2.01543,2.01575,1.00,1.00
2015.07.21 13:59:45.303,2.0154,2.01575,1.00,1.00
2015.07.21 13:59:45.404,2.01543,2.01575,1.00,1.00
2015.07.21 13:59:45.909,2.01543,2.01574,1.00,1.00
2015.07.21 13:59:46.452,2.01543,2.01573,1.00,1.00
2015.07.21 13:59:46.755,2.0154,2.01573,1.00,1.00
2015.07.21 13:59:46.857,2.01538,2.01573,1.00,1.00
2015.07.21 13:59:47.370,2.01543,2.01573,1.00,1.00
2015.07.21 13:59:47.421,2.01543,2.01578,1.00,1.00
2015.07.21 13:59:47.622,2.01539,2.01578,1.50,1.00
2015.07.21 13:59:48.974,2.01539,2.01576,1.00,1.00
2015.07.21 13:59:49.176,2.01539,2.01578,1.00,1.00
2015.07.21 13:59:49.227,2.01543,2.0158,1.00,1.50
2015.07.21 13:59:49.408,2.01546,2.01585,1.00,1.00
2015.07.21 13:59:49.918,2.01546,2.01586,1.00,1.50
2015.07.21 13:59:50.935,2.01552,2.01589,1.00,1.00
2015.07.21 13:59:54.023,2.01552,2.01583,1.00,1.00
2015.07.21 13:59:54.074,2.01548,2.01583,1.50,1.00
2015.07.21 13:59:54.125,2.01544,2.01583,1.00,1.00
2015.07.21 13:59:54.780,2.01549,2.01587,1.00,1.00
2015.07.21 13:59:54.831,2.01552,2.01591,1.00,1.00
2015.07.21 13:59:54.942,2.01557,2.01593,1.00,1.00
2015.07.21 13:59:55.448,2.01557,2.01591,1.00,1.00
2015.07.21 13:59:55.649,2.01557,2.01594,1.00,1.00
2015.07.21 13:59:55.700,2.01559,2.01599,1.00,1.00
2015.07.21 13:59:55.751,2.01564,2.016,1.00,1.00
2015.07.21 13:59:56.089,2.01568,2.01603,1.00,1.00
2015.07.21 13:59:56.300,2.01569,2.01607,1.00,1.00
2015.07.21 13:59:57.885,2.01572,2.01612,1.00,1.00
2015.07.21 13:59:59.176,2.01569,2.01608,1.00,1.00
2015.07.21 13:59:59.479,2.01566,2.01603,1.00,1.00
