2011.08.19 01:00:00.186,1.63392,1.6347,1.50,1.19
2011.08.19 01:00:00.635,1.63396,1.63474,1.50,1.19
2011.08.19 01:00:00.965,1.63397,1.63478,1.50,1.88
2011.08.19 01:00:02.054,1.63397,1.63474,1.50,1.13
2011.08.19 01:00:05.194,1.63401,1.63474,1.50,1.13
2011.08.19 01:00:06.455,1.63401,1.63479,1.50,1.98
2011.08.19 01:00:07.146,1.63406,1.63484,1.50,1.61
2011.08.19 01:00:07.706,1.6341,1.63485,1.50,1.94
2011.08.19 01:00:08.155,1.6341,1.63485,1.50,1.94
2011.08.19 01:00:08.414,1.6341,1.63485,1.50,1.94
2011.08.19 01:00:10.120,1.6341,1.63485,1.50,1.94
2011.08.19 01:00:11.246,1.6341,1.63485,1.50,1.94
2011.08.19 01:00:11.365,1.63411,1.63481,1.50,1.23
2011.08.19 01:00:11.476,1.63409,1.63485,1.13,1.19
2011.08.19 01:00:11.927,1.63412,1.63488,1.50,1.13
2011.08.19 01:00:12.155,1.63412,1.6349,1.50,1.13
2011.08.19 01:00:12.265,1.63416,1.63494,1.50,1.13
2011.08.19 01:00:12.594,1.63421,1.63491,1.50,1.13
2011.08.19 01:00:13.405,1.63422,1.63493,1.50,1.13
2011.08.19 01:00:14.064,1.63422,1.63493,1.50,1.13
2011.08.19 01:00:14.285,1.63422,1.6349,1.50,1.13
2011.08.19 01:00:17.924,1.63412,1.63492,1.50,1.13
2011.08.19 01:00:18.144,1.63412,1.63491,1.50,1.13
2011.08.19 01:00:18.475,1.63411,1.63485,1.50,1.13
2011.08.19 01:00:18.913,1.63411,1.63484,1.50,1.13
2011.08.19 01:00:19.594,1.63411,1.63481,1.50,1.13
2011.08.19 01:00:19.704,1.63412,1.63483,1.50,1.13
2011.08.19 01:00:20.505,1.63411,1.63481,1.50,1.13
2011.08.19 01:00:21.627,1.63411,1.63481,1.50,1.13
2011.08.19 01:00:21.964,1.63399,1.63479,1.50,1.84
2011.08.19 01:00:23.913,1.63399,1.63479,1.50,1.09
2011.08.19 01:00:29.204,1.63397,1.63473,1.84,1.09
2011.08.19 01:00:29.646,1.63407,1.63478,1.09,1.50
2011.08.19 01:00:30.967,1.63409,1.63479,1.09,1.50
2011.08.19 01:00:35.401,1.63409,1.63481,1.09,1.13
2011.08.19 01:00:35.847,1.63409,1.63479,1.09,1.50
2011.08.19 01:00:36.185,1.63409,1.6348,1.09,1.13
2011.08.19 01:00:36.297,1.63409,1.63483,1.09,1.50
2011.08.19 01:00:36.417,1.63416,1.63483,1.09,1.13
2011.08.19 01:00:36.536,1.63416,1.63487,1.09,1.13
2011.08.19 01:00:36.767,1.63416,1.63489,1.09,1.88
2011.08.19 01:00:36.997,1.63416,1.63489,1.09,1.88
2011.08.19 01:00:37.553,1.6342,1.63489,1.09,2.25
2011.08.19 01:00:38.944,1.6342,1.63489,1.09,1.88
2011.08.19 01:00:39.555,1.6342,1.63489,1.09,2.25
2011.08.19 01:00:40.739,1.6342,1.63488,1.09,1.13
2011.08.19 01:00:40.846,1.63411,1.63488,1.84,1.13
2011.08.19 01:00:43.175,1.6342,1.63488,1.09,1.13
2011.08.19 01:00:44.285,1.63417,1.63488,1.09,1.13
2011.08.19 01:00:44.394,1.63416,1.63488,2.44,1.09
2011.08.19 01:00:46.174,1.63417,1.63484,1.09,1.09
2011.08.19 01:00:46.475,1.63416,1.63482,1.09,1.09
2011.08.19 01:00:46.687,1.63417,1.63482,1.09,1.09
2011.08.19 01:00:47.877,1.63417,1.63479,1.09,1.50
2011.08.19 01:00:47.998,1.63417,1.63482,1.09,1.47
2011.08.19 01:00:48.229,1.63412,1.63479,1.50,1.09
2011.08.19 01:00:54.254,1.63417,1.63477,1.50,1.13
2011.08.19 01:00:54.368,1.63416,1.63489,1.50,1.09
2011.08.19 01:00:54.599,1.63419,1.63494,1.09,3.57
2011.08.19 01:00:54.935,1.63419,1.63487,1.09,1.47
2011.08.19 01:00:56.375,1.63422,1.63488,1.50,1.47
2011.08.19 01:00:57.476,1.63419,1.63486,1.09,1.13
2011.08.19 01:00:57.806,1.63419,1.63486,1.09,1.13
2011.08.19 01:00:58.135,1.63419,1.63481,1.09,1.13
2011.08.19 01:01:00.984,1.63421,1.63484,1.50,1.50
2011.08.19 01:01:01.504,1.63421,1.63481,1.50,1.13
2011.08.19 01:01:01.727,1.63421,1.63481,1.50,1.13
2011.08.19 01:01:01.959,1.63417,1.63477,1.50,1.09
2011.08.19 01:01:02.185,1.63417,1.63476,1.50,1.47
2011.08.19 01:01:05.272,1.63411,1.6348,1.50,1.09
2011.08.19 01:01:05.388,1.63411,1.63484,1.50,1.47
2011.08.19 01:01:05.614,1.63418,1.63484,1.09,1.47
2011.08.19 01:01:08.358,1.63418,1.63483,1.09,1.09
2011.08.19 01:01:09.328,1.63421,1.63484,1.50,1.47
2011.08.19 01:01:09.447,1.63421,1.63482,1.50,1.13
2011.08.19 01:01:10.996,1.63421,1.63481,1.50,1.13
2011.08.19 01:01:11.776,1.63421,1.63484,1.50,1.47
2011.08.19 01:01:11.895,1.63421,1.63484,1.50,1.09
2011.08.19 01:01:12.117,1.63426,1.63486,1.50,1.47
2011.08.19 01:01:14.916,1.63421,1.63485,1.50,1.09
2011.08.19 01:01:15.144,1.63418,1.63483,1.09,1.47
2011.08.19 01:01:15.254,1.63418,1.63482,1.09,1.13
2011.08.19 01:01:15.952,1.63418,1.63482,1.09,1.13
2011.08.19 01:01:16.324,1.63417,1.63478,1.50,1.09
2011.08.19 01:01:23.625,1.63417,1.63477,1.84,1.13
2011.08.19 01:01:23.736,1.63417,1.6348,1.84,1.47
2011.08.19 01:01:23.846,1.63417,1.63478,1.84,1.13
2011.08.19 01:01:23.956,1.63417,1.6348,1.84,1.47
2011.08.19 01:01:24.066,1.63417,1.63485,1.09,1.09
2011.08.19 01:01:24.186,1.63417,1.63487,1.09,1.09
2011.08.19 01:01:24.515,1.63407,1.63483,1.09,2.22
2011.08.19 01:01:24.846,1.63407,1.63483,1.09,2.59
2011.08.19 01:01:25.074,1.63402,1.63478,1.50,1.09
2011.08.19 01:01:26.104,1.63402,1.63478,1.50,1.09
2011.08.19 01:01:28.577,1.63412,1.63483,1.50,1.47
2011.08.19 01:01:28.807,1.63412,1.63486,1.50,1.09
2011.08.19 01:01:29.037,1.63412,1.63482,1.50,1.09
2011.08.19 01:01:29.374,1.63412,1.63482,1.50,1.47
2011.08.19 01:01:31.188,1.63412,1.63483,1.50,1.84
2011.08.19 01:01:31.416,1.63411,1.63482,1.50,1.47
2011.08.19 01:01:31.974,1.63411,1.63481,1.50,1.47
2011.08.19 01:01:32.524,1.63409,1.63479,1.13,1.13
2011.08.19 01:01:33.537,1.63409,1.63481,1.13,1.09
2011.08.19 01:01:33.656,1.63409,1.63481,1.13,1.09
2011.08.19 01:01:33.984,1.63409,1.63479,1.13,1.13
2011.08.19 01:01:34.206,1.63407,1.63479,1.09,1.13
2011.08.19 01:01:34.324,1.63401,1.63479,1.50,1.47
2011.08.19 01:01:34.773,1.63401,1.63479,1.50,1.47
2011.08.19 01:01:36.126,1.63402,1.63473,1.50,1.09
2011.08.19 01:01:37.105,1.63402,1.63473,1.50,1.09
2011.08.19 01:01:37.218,1.63408,1.63479,1.09,1.13
2011.08.19 01:01:37.337,1.63408,1.63481,1.09,1.57
2011.08.19 01:01:37.675,1.63425,1.63493,1.09,1.13
2011.08.19 01:01:38.007,1.63425,1.63494,1.09,1.50
2011.08.19 01:01:38.127,1.63425,1.63493,1.09,1.13
2011.08.19 01:01:39.016,1.63428,1.63503,1.13,1.47
2011.08.19 01:01:39.137,1.63428,1.63503,1.13,1.47
2011.08.19 01:01:39.257,1.63432,1.63511,1.13,1.13
2011.08.19 01:01:39.378,1.63429,1.6351,1.50,1.13
2011.08.19 01:01:39.496,1.63429,1.63512,1.50,1.13
2011.08.19 01:01:39.609,1.63429,1.63517,1.13,1.09
2011.08.19 01:01:39.727,1.63434,1.63516,1.13,1.88
2011.08.19 01:01:39.847,1.63435,1.63516,2.48,1.50
2011.08.19 01:01:40.192,1.63435,1.63515,2.48,1.13
2011.08.19 01:01:40.525,1.63442,1.63515,1.09,1.13
2011.08.19 01:01:41.184,1.63442,1.63515,1.09,1.13
2011.08.19 01:01:42.519,1.63442,1.63515,1.09,1.50
2011.08.19 01:01:42.748,1.63442,1.63508,1.09,1.13
2011.08.19 01:01:42.975,1.63442,1.63507,1.09,1.13
2011.08.19 01:01:43.198,1.63442,1.63508,1.09,1.13
2011.08.19 01:01:43.431,1.63442,1.63508,1.09,1.50
2011.08.19 01:01:43.770,1.63433,1.63508,1.09,1.09
2011.08.19 01:01:43.886,1.63433,1.63508,1.09,1.09
2011.08.19 01:01:44.108,1.63433,1.63504,1.09,1.47
2011.08.19 01:01:44.229,1.63433,1.63501,1.09,1.09
2011.08.19 01:01:44.454,1.63433,1.63503,1.09,1.09
2011.08.19 01:01:44.566,1.63433,1.63503,1.09,1.09
2011.08.19 01:01:44.995,1.63433,1.63503,1.09,1.09
2011.08.19 01:01:45.214,1.63433,1.63503,1.09,1.09
2011.08.19 01:01:45.434,1.63433,1.63503,1.09,1.09
2011.08.19 01:01:46.568,1.63428,1.63503,1.09,1.09
2011.08.19 01:01:46.685,1.63428,1.63506,1.09,1.50
2011.08.19 01:01:47.458,1.63435,1.63511,1.09,1.50
2011.08.19 01:01:47.798,1.63441,1.63514,1.09,1.09
2011.08.19 01:01:48.504,1.63441,1.63514,1.09,1.09
2011.08.19 01:01:49.055,1.63443,1.63514,1.13,1.09
2011.08.19 01:01:49.575,1.63443,1.63514,1.88,1.09
2011.08.19 01:01:49.885,1.63443,1.63514,1.50,1.09
2011.08.19 01:01:50.410,1.63447,1.63514,2.97,1.09
2011.08.19 01:01:50.745,1.63447,1.63514,1.84,1.09
2011.08.19 01:01:51.887,1.63447,1.63514,1.84,1.09
2011.08.19 01:01:56.193,1.63447,1.63514,1.84,1.09
2011.08.19 01:01:56.748,1.63455,1.63516,1.84,1.13
2011.08.19 01:01:56.976,1.63452,1.6352,1.09,1.09
2011.08.19 01:01:58.115,1.63451,1.6352,1.47,1.09
2011.08.19 01:02:02.046,1.63449,1.6352,1.47,1.09
2011.08.19 01:02:02.277,1.63449,1.6352,1.47,1.09
2011.08.19 01:02:02.984,1.63452,1.6352,1.09,1.09
2011.08.19 01:02:03.875,1.63452,1.6352,1.09,1.09
2011.08.19 01:02:05.088,1.63451,1.6352,1.47,1.09
2011.08.19 01:02:05.645,1.63457,1.63528,1.13,1.47
2011.08.19 01:02:05.758,1.63459,1.63534,1.09,1.13
2011.08.19 01:02:05.987,1.63459,1.63539,1.47,1.47
2011.08.19 01:02:06.218,1.63459,1.63536,1.88,1.09
2011.08.19 01:02:06.810,1.63458,1.63536,1.88,1.09
2011.08.19 01:02:07.144,1.63458,1.63533,1.88,1.13
2011.08.19 01:02:07.586,1.63457,1.63533,1.50,1.13
2011.08.19 01:02:07.921,1.63454,1.6353,1.84,1.13
2011.08.19 01:02:08.254,1.63451,1.63522,1.88,1.09
2011.08.19 01:02:08.478,1.63451,1.63526,1.88,1.09
2011.08.19 01:02:08.596,1.63446,1.63525,1.84,1.47
2011.08.19 01:02:10.574,1.63447,1.63522,1.88,1.09
2011.08.19 01:02:11.780,1.63446,1.63522,1.84,1.09
2011.08.19 01:02:12.198,1.63446,1.63522,1.84,1.09
2011.08.19 01:02:13.292,1.63446,1.63522,1.84,1.09
2011.08.19 01:02:15.115,1.63446,1.63519,1.09,1.50
2011.08.19 01:02:15.704,1.63448,1.63519,1.13,1.50
2011.08.19 01:02:17.940,1.63446,1.63519,1.47,1.13
2011.08.19 01:02:18.275,1.63446,1.63516,1.09,1.13
2011.08.19 01:02:18.386,1.63446,1.63522,1.09,1.09
2011.08.19 01:02:18.947,1.63446,1.63521,1.09,1.50
2011.08.19 01:02:19.082,1.63446,1.63519,1.09,1.50
2011.08.19 01:02:19.418,1.63446,1.63519,1.09,1.50
2011.08.19 01:02:20.117,1.63446,1.63517,1.09,1.13
2011.08.19 01:02:21.006,1.63442,1.63515,1.84,1.09
2011.08.19 01:02:21.127,1.63441,1.63514,1.09,1.09
2011.08.19 01:02:21.464,1.63442,1.63516,1.09,1.84
2011.08.19 01:02:22.186,1.63442,1.63509,1.09,1.09
2011.08.19 01:02:22.415,1.63444,1.63519,1.13,1.09
2011.08.19 01:02:22.527,1.63447,1.63519,1.09,1.13
2011.08.19 01:02:22.754,1.63449,1.6352,1.09,1.13
2011.08.19 01:02:23.113,1.63449,1.63521,1.09,1.13
2011.08.19 01:02:25.086,1.63449,1.63518,1.09,1.13
2011.08.19 01:02:27.277,1.63446,1.63522,1.09,1.88
2011.08.19 01:02:27.707,1.63449,1.63522,1.09,1.88
2011.08.19 01:02:27.823,1.63447,1.63522,1.09,1.88
2011.08.19 01:02:27.935,1.63447,1.63522,1.09,1.50
2011.08.19 01:02:28.374,1.63449,1.63529,1.09,1.47
2011.08.19 01:02:28.485,1.63451,1.63529,1.50,1.47
2011.08.19 01:02:28.705,1.63455,1.63532,1.88,1.23
2011.08.19 01:02:28.818,1.63458,1.63532,1.50,1.23
2011.08.19 01:02:29.153,1.63458,1.63533,1.50,1.50
2011.08.19 01:02:29.484,1.63459,1.63529,1.13,1.13
2011.08.19 01:02:29.595,1.63456,1.63527,1.50,1.13
2011.08.19 01:02:30.256,1.63456,1.63529,1.50,1.50
2011.08.19 01:02:31.334,1.63457,1.63528,1.50,1.50
2011.08.19 01:02:33.737,1.63456,1.63531,2.25,1.13
2011.08.19 01:02:33.858,1.63456,1.6353,1.13,1.13
2011.08.19 01:02:33.976,1.63454,1.6353,1.47,1.50
2011.08.19 01:02:35.029,1.63455,1.63529,1.50,1.13
2011.08.19 01:02:35.587,1.63457,1.63531,1.13,1.50
2011.08.19 01:02:36.167,1.63456,1.63531,1.50,1.50
2011.08.19 01:02:36.505,1.63458,1.63532,1.50,1.50
2011.08.19 01:02:37.777,1.63457,1.63531,1.50,1.88
2011.08.19 01:02:38.767,1.63454,1.63532,2.59,2.25
2011.08.19 01:02:38.885,1.63455,1.6353,1.13,1.13
2011.08.19 01:02:39.214,1.63454,1.63528,1.84,1.50
2011.08.19 01:02:39.546,1.63454,1.6353,2.97,1.13
2011.08.19 01:02:43.406,1.63452,1.63518,1.47,1.13
2011.08.19 01:02:43.955,1.63452,1.63521,1.09,1.13
2011.08.19 01:02:44.065,1.63448,1.63524,1.13,1.84
2011.08.19 01:02:45.435,1.63444,1.63522,1.50,1.13
2011.08.19 01:02:45.655,1.63444,1.63516,1.88,1.13
2011.08.19 01:02:46.204,1.63444,1.63516,1.88,1.13
2011.08.19 01:02:48.879,1.63444,1.63513,1.50,1.13
2011.08.19 01:02:49.214,1.63449,1.63515,1.50,1.13
2011.08.19 01:02:49.545,1.63449,1.63517,1.13,1.13
2011.08.19 01:02:50.054,1.63449,1.63517,1.88,1.13
2011.08.19 01:02:50.276,1.63449,1.63519,1.13,1.13
2011.08.19 01:02:52.145,1.63448,1.63517,1.13,1.13
2011.08.19 01:02:53.016,1.63449,1.63517,1.50,1.13
2011.08.19 01:02:53.569,1.63449,1.63517,1.50,1.13
2011.08.19 01:02:54.446,1.63447,1.63518,1.50,1.50
2011.08.19 01:02:54.994,1.63447,1.63518,1.50,1.50
2011.08.19 01:02:55.107,1.63447,1.63518,1.50,1.50
2011.08.19 01:02:55.447,1.63443,1.63509,1.50,1.50
2011.08.19 01:02:55.568,1.63442,1.63515,1.13,1.47
2011.08.19 01:02:55.687,1.63441,1.63504,1.50,1.50
2011.08.19 01:02:55.916,1.63436,1.63501,1.88,1.13
2011.08.19 01:02:56.028,1.63436,1.63514,1.50,1.53
2011.08.19 01:02:56.145,1.63433,1.63514,1.09,2.25
2011.08.19 01:02:56.256,1.63426,1.63504,1.47,1.13
2011.08.19 01:02:56.367,1.63427,1.63499,1.13,1.09
2011.08.19 01:02:56.846,1.63427,1.63499,1.13,1.09
2011.08.19 01:02:57.435,1.63424,1.63499,2.25,1.09
2011.08.19 01:02:57.656,1.63424,1.63503,2.63,1.09
2011.08.19 01:02:58.096,1.63424,1.63499,1.88,1.09
2011.08.19 01:02:58.435,1.63424,1.63497,1.88,1.13
2011.08.19 01:02:58.964,1.63424,1.63496,1.88,1.13
2011.08.19 01:02:59.726,1.63424,1.63497,1.50,1.13
2011.08.19 01:03:00.054,1.63424,1.63496,1.50,1.13
2011.08.19 01:03:00.843,1.63424,1.63495,1.88,1.50
2011.08.19 01:03:00.959,1.63424,1.63498,1.50,1.50
2011.08.19 01:03:01.077,1.63424,1.63499,1.88,1.09
2011.08.19 01:03:01.585,1.63424,1.63499,1.88,1.09
2011.08.19 01:03:03.065,1.63422,1.63499,1.13,1.84
2011.08.19 01:03:03.285,1.63422,1.63499,1.13,1.84
2011.08.19 01:03:03.506,1.63422,1.63499,1.13,1.84
2011.08.19 01:03:04.936,1.63432,1.63502,1.09,1.09
2011.08.19 01:03:05.828,1.63434,1.63506,1.09,1.13
2011.08.19 01:03:05.960,1.63434,1.63512,1.09,1.09
2011.08.19 01:03:06.519,1.63434,1.63511,1.09,1.57
2011.08.19 01:03:06.746,1.63434,1.63509,1.09,1.13
2011.08.19 01:03:07.305,1.63434,1.63514,1.09,1.09
2011.08.19 01:03:07.416,1.63434,1.63517,1.09,1.09
2011.08.19 01:03:07.758,1.63431,1.63514,1.09,1.50
2011.08.19 01:03:07.875,1.63432,1.63514,1.13,1.13
2011.08.19 01:03:08.528,1.63432,1.63515,2.48,1.13
2011.08.19 01:03:08.759,1.63432,1.63515,2.48,1.13
2011.08.19 01:03:09.127,1.63432,1.63516,2.48,1.13
2011.08.19 01:03:09.242,1.63436,1.63517,1.13,1.13
2011.08.19 01:03:09.358,1.63439,1.63517,1.13,1.13
2011.08.19 01:03:09.479,1.63441,1.63519,1.50,1.50
2011.08.19 01:03:09.598,1.63441,1.63519,1.50,1.50
2011.08.19 01:03:09.824,1.63441,1.63519,1.50,1.13
2011.08.19 01:03:09.938,1.63442,1.63519,1.09,1.09
2011.08.19 01:03:10.387,1.6344,1.63518,1.09,1.09
2011.08.19 01:03:10.726,1.63439,1.63507,1.09,1.13
2011.08.19 01:03:10.847,1.63436,1.63507,1.09,1.13
2011.08.19 01:03:11.589,1.63443,1.6351,1.35,1.09
2011.08.19 01:03:12.144,1.63444,1.63512,1.69,1.13
2011.08.19 01:03:12.478,1.63444,1.6351,1.35,1.09
2011.08.19 01:03:12.598,1.63437,1.6351,1.13,1.47
2011.08.19 01:03:12.719,1.63433,1.6351,1.09,1.84
2011.08.19 01:03:12.835,1.63432,1.63506,1.09,1.47
2011.08.19 01:03:13.059,1.63428,1.63502,1.13,1.13
2011.08.19 01:03:13.175,1.63429,1.63506,2.10,1.13
2011.08.19 01:03:13.287,1.63429,1.63509,2.10,1.61
2011.08.19 01:03:13.407,1.63431,1.6351,1.13,1.13
2011.08.19 01:03:13.526,1.63431,1.63507,1.50,1.13
2011.08.19 01:03:14.095,1.63433,1.6351,1.13,1.13
2011.08.19 01:03:14.604,1.63432,1.6351,1.13,1.13
2011.08.19 01:03:16.215,1.63437,1.63512,1.50,1.13
2011.08.19 01:03:16.656,1.63437,1.63512,1.50,1.13
2011.08.19 01:03:16.951,1.63437,1.63512,1.50,1.13
2011.08.19 01:03:17.178,1.63437,1.63517,1.50,1.81
2011.08.19 01:03:17.298,1.63436,1.63511,1.84,1.13
2011.08.19 01:03:17.524,1.63436,1.63511,1.84,1.13
2011.08.19 01:03:17.747,1.63438,1.63524,1.50,1.47
2011.08.19 01:03:17.870,1.63438,1.63518,1.50,1.09
2011.08.19 01:03:18.336,1.63438,1.63522,2.85,1.09
2011.08.19 01:03:18.445,1.63438,1.63517,2.85,1.13
2011.08.19 01:03:19.105,1.63438,1.63517,2.85,1.13
2011.08.19 01:03:19.435,1.63438,1.63517,2.85,1.13
2011.08.19 01:03:20.496,1.63438,1.63516,1.50,1.13
2011.08.19 01:03:20.835,1.63438,1.63512,1.50,1.13
2011.08.19 01:03:21.905,1.63438,1.63511,1.50,1.13
2011.08.19 01:03:22.525,1.63438,1.63512,1.50,1.13
2011.08.19 01:03:23.183,1.63438,1.63511,1.50,1.13
2011.08.19 01:03:24.515,1.63438,1.63519,1.50,1.09
2011.08.19 01:03:24.956,1.63444,1.63526,1.09,1.23
2011.08.19 01:03:25.185,1.63447,1.63526,1.13,1.13
2011.08.19 01:03:25.805,1.63447,1.63526,1.13,1.13
2011.08.19 01:03:26.369,1.63447,1.63528,1.13,1.50
2011.08.19 01:03:27.865,1.63452,1.63526,1.50,1.88
2011.08.19 01:03:29.184,1.63454,1.63526,1.50,1.13
2011.08.19 01:03:30.176,1.63454,1.63526,1.50,1.13
2011.08.19 01:03:30.715,1.63454,1.63527,1.50,1.13
2011.08.19 01:03:31.475,1.63454,1.63528,1.50,1.13
2011.08.19 01:03:31.587,1.6345,1.63528,1.50,1.47
2011.08.19 01:03:32.694,1.63443,1.63523,1.50,1.47
2011.08.19 01:03:32.915,1.63439,1.63516,1.09,1.47
2011.08.19 01:03:33.025,1.63439,1.63516,1.09,1.09
2011.08.19 01:03:33.245,1.63439,1.63524,1.09,1.47
2011.08.19 01:03:34.165,1.63439,1.63519,1.09,1.09
2011.08.19 01:03:35.367,1.63439,1.63519,1.09,1.09
2011.08.19 01:03:35.518,1.63439,1.63519,1.09,1.09
2011.08.19 01:03:36.936,1.63448,1.63525,1.13,1.13
2011.08.19 01:03:37.595,1.63455,1.63529,1.50,1.50
2011.08.19 01:03:38.469,1.63454,1.63529,1.50,1.13
2011.08.19 01:03:38.588,1.63454,1.6353,1.50,1.09
2011.08.19 01:03:39.147,1.63454,1.6353,1.50,1.09
2011.08.19 01:03:40.297,1.63454,1.6353,1.50,1.09
2011.08.19 01:03:40.740,1.63454,1.6353,1.50,1.09
2011.08.19 01:03:41.784,1.63453,1.6353,2.10,1.47
2011.08.19 01:03:41.893,1.63452,1.6353,1.50,1.09
2011.08.19 01:03:42.006,1.63451,1.63529,1.88,1.13
2011.08.19 01:03:42.115,1.63449,1.63525,1.50,1.13
2011.08.19 01:03:43.325,1.63447,1.63525,1.50,1.13
2011.08.19 01:03:45.116,1.63447,1.63525,1.50,1.50
2011.08.19 01:03:45.994,1.63447,1.63527,1.50,1.50
2011.08.19 01:03:46.437,1.63447,1.63526,1.50,1.13
2011.08.19 01:03:46.778,1.63447,1.63525,1.88,1.50
2011.08.19 01:03:47.353,1.63447,1.63527,1.88,1.13
2011.08.19 01:03:48.203,1.63447,1.63525,1.88,1.50
2011.08.19 01:03:53.116,1.63452,1.63525,1.13,1.88
2011.08.19 01:03:54.818,1.63455,1.63529,1.50,1.50
2011.08.19 01:03:55.046,1.63459,1.63532,1.09,1.50
2011.08.19 01:03:55.166,1.63456,1.63532,1.09,1.50
2011.08.19 01:03:56.195,1.63459,1.63531,1.09,1.50
2011.08.19 01:03:56.729,1.63459,1.63527,1.09,1.13
2011.08.19 01:03:57.289,1.63451,1.63525,1.47,1.09
2011.08.19 01:03:58.176,1.63451,1.63526,1.09,1.47
2011.08.19 01:03:59.100,1.63451,1.63524,1.09,1.09
2011.08.19 01:03:59.221,1.63451,1.63524,1.09,1.84
2011.08.19 01:03:59.448,1.63451,1.63521,1.09,1.13
2011.08.19 01:04:01.146,1.63451,1.6352,1.09,1.13
2011.08.19 01:04:02.126,1.63451,1.63518,1.09,1.13
2011.08.19 01:04:02.247,1.63444,1.63517,2.10,1.13
2011.08.19 01:04:05.496,1.63451,1.63518,1.09,1.50
2011.08.19 01:04:06.464,1.63451,1.63518,1.09,1.13
2011.08.19 01:04:06.794,1.63454,1.63526,1.13,1.50
2011.08.19 01:04:12.426,1.63453,1.63531,1.13,1.88
2011.08.19 01:04:12.655,1.63454,1.63532,1.13,1.13
2011.08.19 01:04:12.765,1.63456,1.63534,1.50,1.84
2011.08.19 01:04:14.747,1.63455,1.63532,1.13,1.13
2011.08.19 01:04:15.087,1.63456,1.63534,1.13,1.47
2011.08.19 01:04:15.534,1.63455,1.63533,1.50,1.47
2011.08.19 01:04:18.579,1.63453,1.63533,1.13,1.09
2011.08.19 01:04:20.006,1.63453,1.63529,1.13,1.13
2011.08.19 01:04:20.337,1.63457,1.63534,2.48,1.47
2011.08.19 01:04:20.456,1.63457,1.63531,2.10,1.13
2011.08.19 01:04:21.046,1.63457,1.63532,2.10,1.13
2011.08.19 01:04:21.596,1.63457,1.63532,2.10,1.13
2011.08.19 01:04:23.188,1.63457,1.63532,2.10,1.13
2011.08.19 01:04:24.137,1.63457,1.63532,2.10,1.13
2011.08.19 01:04:24.256,1.63457,1.63532,2.10,1.13
2011.08.19 01:04:25.956,1.6346,1.63531,2.10,1.13
2011.08.19 01:04:26.297,1.6346,1.63533,2.10,1.09
2011.08.19 01:04:27.876,1.6346,1.63532,2.10,1.13
2011.08.19 01:04:29.651,1.6346,1.63529,2.10,1.50
2011.08.19 01:04:29.988,1.6346,1.63529,2.10,1.13
2011.08.19 01:04:31.019,1.63475,1.63546,1.35,1.50
2011.08.19 01:04:31.357,1.63467,1.63544,2.10,1.13
2011.08.19 01:04:31.478,1.63467,1.63541,2.10,1.61
2011.08.19 01:04:31.817,1.6346,1.63541,1.13,1.13
2011.08.19 01:04:31.938,1.63465,1.63541,1.13,1.13
2011.08.19 01:04:32.056,1.63468,1.63543,1.35,1.13
2011.08.19 01:04:32.785,1.63469,1.63542,1.35,1.13
2011.08.19 01:04:33.855,1.63469,1.63547,1.35,1.55
2011.08.19 01:04:33.966,1.63469,1.6354,2.10,1.13
2011.08.19 01:04:34.196,1.63462,1.63532,1.88,1.13
2011.08.19 01:04:34.305,1.63462,1.63532,1.88,1.13
2011.08.19 01:04:34.636,1.63462,1.63532,1.50,1.13
2011.08.19 01:04:34.959,1.63466,1.63544,1.13,1.84
2011.08.19 01:04:35.298,1.63467,1.63542,2.22,1.13
2011.08.19 01:04:35.747,1.63472,1.63547,1.62,1.09
2011.08.19 01:04:35.868,1.63476,1.63548,1.13,1.47
2011.08.19 01:04:35.986,1.63482,1.63549,1.13,1.84
2011.08.19 01:04:36.534,1.63482,1.63547,1.13,1.47
2011.08.19 01:04:37.031,1.63472,1.63543,1.47,1.50
2011.08.19 01:04:39.194,1.63472,1.63543,1.09,1.50
2011.08.19 01:04:39.589,1.63472,1.63542,1.09,1.13
2011.08.19 01:04:39.818,1.63467,1.63543,1.13,1.09
2011.08.19 01:04:39.937,1.63461,1.63533,1.09,1.50
2011.08.19 01:04:40.059,1.63456,1.63532,1.13,1.47
2011.08.19 01:04:40.285,1.63455,1.63527,1.13,1.09
2011.08.19 01:04:40.396,1.63457,1.63527,1.13,1.47
2011.08.19 01:04:40.727,1.63454,1.63528,1.88,1.09
2011.08.19 01:04:40.846,1.6346,1.63532,2.44,1.23
2011.08.19 01:04:41.336,1.6346,1.6354,2.44,1.40
2011.08.19 01:04:41.557,1.6346,1.63543,2.44,1.09
2011.08.19 01:04:41.677,1.6346,1.63543,2.44,1.09
2011.08.19 01:04:42.015,1.6346,1.63532,2.44,1.13
2011.08.19 01:04:42.344,1.63464,1.63537,1.50,1.13
2011.08.19 01:04:45.065,1.63466,1.63539,1.50,1.50
2011.08.19 01:04:46.234,1.63472,1.63531,1.13,1.13
2011.08.19 01:04:47.060,1.63466,1.63532,1.50,1.13
2011.08.19 01:04:53.906,1.63464,1.63532,1.50,1.13
2011.08.19 01:04:54.126,1.63463,1.63527,1.50,1.13
2011.08.19 01:04:54.345,1.6346,1.63539,1.09,1.13
2011.08.19 01:04:54.457,1.6346,1.63527,1.09,1.13
2011.08.19 01:04:54.573,1.6346,1.63527,1.09,1.13
2011.08.19 01:04:54.905,1.63456,1.63526,1.47,1.13
2011.08.19 01:04:55.015,1.63456,1.63527,1.13,1.13
2011.08.19 01:04:55.716,1.63449,1.63525,1.50,1.13
2011.08.19 01:04:55.834,1.6344,1.63516,1.13,1.09
2011.08.19 01:04:56.897,1.63434,1.6352,2.25,1.09
2011.08.19 01:04:57.235,1.6344,1.63518,1.13,1.09
2011.08.19 01:04:57.674,1.63442,1.6352,1.09,1.09
2011.08.19 01:04:58.116,1.63441,1.6352,1.09,1.09
2011.08.19 01:04:59.106,1.63442,1.6352,1.09,1.09
2011.08.19 01:04:59.436,1.63442,1.6352,1.47,1.09
2011.08.19 01:05:00.216,1.63442,1.63519,1.47,1.50
2011.08.19 01:05:00.659,1.63437,1.63515,2.85,1.50
2011.08.19 01:05:01.211,1.63438,1.63514,2.10,1.50
2011.08.19 01:05:01.441,1.63434,1.63513,1.50,1.13
2011.08.19 01:05:01.998,1.6343,1.63512,1.13,1.88
2011.08.19 01:05:02.603,1.6343,1.63512,1.13,1.88
2011.08.19 01:05:02.715,1.6343,1.63508,1.13,1.13
2011.08.19 01:05:02.827,1.63422,1.63506,1.13,1.09
2011.08.19 01:05:03.057,1.63422,1.63501,1.13,1.09
2011.08.19 01:05:03.287,1.63424,1.63506,1.50,1.09
2011.08.19 01:05:04.705,1.63424,1.63501,2.25,1.09
2011.08.19 01:05:04.925,1.63427,1.63501,1.50,1.09
2011.08.19 01:05:05.918,1.63428,1.63503,1.13,1.09
2011.08.19 01:05:06.256,1.63432,1.63513,1.50,1.13
2011.08.19 01:05:06.477,1.63434,1.63514,1.50,1.50
2011.08.19 01:05:06.597,1.63432,1.63514,1.50,1.50
2011.08.19 01:05:07.376,1.63434,1.63514,1.50,1.50
2011.08.19 01:05:07.845,1.63432,1.63513,1.13,1.50
2011.08.19 01:05:07.957,1.63432,1.63513,1.13,1.50
2011.08.19 01:05:08.184,1.63432,1.63513,3.23,1.50
2011.08.19 01:05:08.295,1.63432,1.63513,1.50,1.88
2011.08.19 01:05:09.047,1.63433,1.63513,1.50,1.88
2011.08.19 01:05:09.714,1.63433,1.63513,1.50,1.50
2011.08.19 01:05:10.486,1.63433,1.63513,1.50,1.50
2011.08.19 01:05:13.565,1.63436,1.63513,1.13,1.50
2011.08.19 01:05:14.247,1.63433,1.63513,1.13,1.50
2011.08.19 01:05:14.804,1.63433,1.63513,1.50,1.50
2011.08.19 01:05:15.025,1.63433,1.63513,1.13,1.50
2011.08.19 01:05:19.128,1.63433,1.63513,1.13,1.50
2011.08.19 01:05:20.016,1.63432,1.63513,1.13,1.13
2011.08.19 01:05:20.590,1.63432,1.63512,1.13,1.13
2011.08.19 01:05:20.888,1.63432,1.63511,1.13,1.50
2011.08.19 01:05:21.107,1.63432,1.63511,1.13,1.50
2011.08.19 01:05:22.597,1.63432,1.63513,1.50,2.25
2011.08.19 01:05:24.077,1.63431,1.63508,1.88,1.50
2011.08.19 01:05:24.874,1.63431,1.63508,1.88,1.50
2011.08.19 01:05:25.315,1.63432,1.63512,1.50,1.50
2011.08.19 01:05:26.775,1.63434,1.63509,1.13,1.13
2011.08.19 01:05:27.216,1.63434,1.63515,1.13,1.88
2011.08.19 01:05:27.445,1.63431,1.63513,1.13,1.50
2011.08.19 01:05:27.557,1.63433,1.63513,1.50,1.50
2011.08.19 01:05:27.898,1.63439,1.63513,1.13,1.50
2011.08.19 01:05:28.015,1.63433,1.63513,1.13,1.50
2011.08.19 01:05:28.345,1.63439,1.63513,1.13,1.50
2011.08.19 01:05:28.567,1.63433,1.63513,1.13,1.50
2011.08.19 01:05:28.684,1.6343,1.63507,1.47,1.13
2011.08.19 01:05:28.800,1.63426,1.63504,1.13,1.84
2011.08.19 01:05:28.916,1.63426,1.63504,1.50,1.84
2011.08.19 01:05:29.026,1.63422,1.63501,1.50,1.61
2011.08.19 01:05:29.135,1.63422,1.63497,1.13,1.13
2011.08.19 01:05:29.248,1.6342,1.635,1.13,1.50
2011.08.19 01:05:30.128,1.6342,1.635,1.50,1.50
2011.08.19 01:05:30.366,1.6342,1.635,1.13,1.50
2011.08.19 01:05:31.126,1.63424,1.635,1.13,1.50
2011.08.19 01:05:31.236,1.63424,1.63496,1.13,1.13
2011.08.19 01:05:31.575,1.63424,1.63496,1.13,1.47
2011.08.19 01:05:32.805,1.63423,1.63496,1.13,1.47
2011.08.19 01:05:33.566,1.63423,1.63494,1.13,1.09
2011.08.19 01:05:34.128,1.63423,1.63488,1.13,1.09
2011.08.19 01:05:35.536,1.63423,1.63488,1.13,1.09
2011.08.19 01:05:35.955,1.63418,1.63488,1.50,1.09
2011.08.19 01:05:36.593,1.63419,1.63488,1.13,1.09
2011.08.19 01:05:37.144,1.63419,1.63488,1.13,1.09
2011.08.19 01:05:38.305,1.63417,1.63486,1.50,1.09
2011.08.19 01:05:38.634,1.63418,1.63486,1.13,1.09
2011.08.19 01:05:39.304,1.63419,1.63486,1.13,1.09
2011.08.19 01:05:41.235,1.63417,1.63486,1.13,1.09
2011.08.19 01:05:41.455,1.63419,1.63486,1.13,1.09
2011.08.19 01:05:42.114,1.63419,1.63488,1.13,1.09
2011.08.19 01:05:42.230,1.63415,1.63488,1.47,1.09
2011.08.19 01:05:42.345,1.63412,1.63487,1.50,1.09
2011.08.19 01:05:42.455,1.63413,1.63486,1.13,1.09
2011.08.19 01:05:43.535,1.63413,1.63484,1.13,1.50
2011.08.19 01:05:44.085,1.63413,1.63484,1.13,1.50
2011.08.19 01:05:44.482,1.63406,1.63484,2.25,1.50
2011.08.19 01:05:44.606,1.63408,1.6348,1.13,1.47
2011.08.19 01:05:46.066,1.63402,1.63473,1.13,1.09
2011.08.19 01:05:46.287,1.63402,1.63479,1.50,1.09
2011.08.19 01:05:46.397,1.63406,1.63482,1.50,1.13
2011.08.19 01:05:46.519,1.63406,1.63482,1.13,1.13
2011.08.19 01:05:46.747,1.63405,1.63479,1.35,1.50
2011.08.19 01:05:46.868,1.63401,1.63479,1.13,1.50
2011.08.19 01:05:48.139,1.63402,1.63479,1.13,1.50
2011.08.19 01:05:48.468,1.63402,1.63479,1.13,1.50
2011.08.19 01:05:49.515,1.63401,1.63479,1.13,1.50
2011.08.19 01:05:50.124,1.63399,1.63479,1.13,1.50
2011.08.19 01:05:51.366,1.63399,1.63479,1.13,1.50
2011.08.19 01:05:52.026,1.63397,1.63479,1.09,1.50
2011.08.19 01:05:52.475,1.63397,1.63477,1.09,1.13
2011.08.19 01:05:52.997,1.63397,1.63478,1.09,1.50
2011.08.19 01:05:54.190,1.63397,1.63476,1.09,1.13
2011.08.19 01:05:55.176,1.63397,1.63476,1.09,1.13
2011.08.19 01:06:05.076,1.63399,1.63479,1.50,1.50
2011.08.19 01:06:06.008,1.634,1.63479,1.13,1.50
2011.08.19 01:06:06.635,1.634,1.63479,1.13,1.50
2011.08.19 01:06:06.855,1.63406,1.63479,1.13,1.50
2011.08.19 01:06:07.185,1.63408,1.63483,1.13,1.50
2011.08.19 01:06:08.115,1.6341,1.63483,1.50,1.50
2011.08.19 01:06:09.786,1.63411,1.63488,1.09,1.47
2011.08.19 01:06:12.247,1.63416,1.63488,1.09,1.09
2011.08.19 01:06:15.010,1.63416,1.6349,1.09,1.09
2011.08.19 01:06:15.128,1.63416,1.6349,1.09,1.09
2011.08.19 01:06:15.251,1.63412,1.63494,1.13,1.50
2011.08.19 01:06:15.366,1.63412,1.63497,1.13,1.13
2011.08.19 01:06:15.476,1.63412,1.63497,1.13,1.13
2011.08.19 01:06:15.804,1.63412,1.63494,1.13,1.50
2011.08.19 01:06:17.108,1.63412,1.6349,1.13,1.50
2011.08.19 01:06:23.882,1.63412,1.6349,1.50,1.50
2011.08.19 01:06:25.466,1.63411,1.63493,1.50,1.47
2011.08.19 01:06:25.686,1.63414,1.63493,1.50,1.84
2011.08.19 01:06:26.016,1.63417,1.63485,1.50,1.13
2011.08.19 01:06:26.130,1.63417,1.63485,1.50,1.13
2011.08.19 01:06:26.360,1.63416,1.6349,1.13,1.09
2011.08.19 01:06:26.479,1.63416,1.63492,1.13,2.10
2011.08.19 01:06:26.707,1.63413,1.63493,1.13,1.84
2011.08.19 01:06:27.267,1.63415,1.63489,1.13,1.50
2011.08.19 01:06:28.798,1.63416,1.63489,1.13,1.50
2011.08.19 01:06:28.916,1.63416,1.63493,1.50,1.09
2011.08.19 01:06:29.359,1.63411,1.63493,1.50,1.09
2011.08.19 01:06:29.475,1.6342,1.63493,1.13,1.88
2011.08.19 01:06:29.918,1.63416,1.63491,1.50,1.50
2011.08.19 01:06:30.037,1.63423,1.63494,1.13,1.13
2011.08.19 01:06:30.158,1.63427,1.635,1.50,1.13
2011.08.19 01:06:30.276,1.63428,1.635,1.13,1.13
2011.08.19 01:06:31.076,1.6343,1.635,1.13,1.13
2011.08.19 01:06:31.796,1.63426,1.635,1.50,1.13
2011.08.19 01:06:32.247,1.6343,1.635,1.50,1.13
2011.08.19 01:06:33.357,1.63427,1.635,1.13,1.88
2011.08.19 01:06:33.908,1.63424,1.63499,1.13,1.50
2011.08.19 01:06:34.248,1.63421,1.63499,1.50,1.13
2011.08.19 01:06:34.476,1.63426,1.63499,1.13,1.13
2011.08.19 01:06:34.916,1.63422,1.63499,1.50,1.13
2011.08.19 01:06:35.244,1.63426,1.63499,1.50,1.13
2011.08.19 01:06:36.045,1.63421,1.63499,2.25,1.13
2011.08.19 01:06:36.556,1.63426,1.635,1.13,1.13
2011.08.19 01:06:37.627,1.63433,1.63502,1.50,1.19
2011.08.19 01:06:38.058,1.63431,1.635,1.13,1.13
2011.08.19 01:06:38.180,1.63434,1.635,1.13,1.13
2011.08.19 01:06:38.515,1.63435,1.63503,1.13,2.69
2011.08.19 01:06:38.817,1.63433,1.635,1.13,1.13
2011.08.19 01:06:39.539,1.63432,1.63505,1.13,1.50
2011.08.19 01:06:39.660,1.63432,1.63504,1.13,1.35
2011.08.19 01:06:40.001,1.6344,1.63509,1.13,1.09
2011.08.19 01:06:40.339,1.63446,1.63514,1.50,1.09
2011.08.19 01:06:40.789,1.63438,1.63519,1.84,1.84
2011.08.19 01:06:40.907,1.63438,1.63519,1.47,1.47
2011.08.19 01:06:41.026,1.63436,1.63521,1.50,1.13
2011.08.19 01:06:41.392,1.63434,1.63521,1.50,1.13
2011.08.19 01:06:41.512,1.63432,1.63512,1.13,1.09
2011.08.19 01:06:42.085,1.63429,1.63507,1.50,1.09
2011.08.19 01:06:44.073,1.63431,1.63505,1.13,1.09
2011.08.19 01:06:45.135,1.63431,1.63505,1.13,1.09
2011.08.19 01:06:47.646,1.6342,1.63504,1.13,1.13
2011.08.19 01:06:47.756,1.63421,1.63504,1.13,1.50
2011.08.19 01:06:48.327,1.63421,1.63499,1.13,1.50
2011.08.19 01:06:49.558,1.63414,1.63503,1.50,2.25
2011.08.19 01:06:50.008,1.63419,1.63501,1.78,1.13
2011.08.19 01:06:50.566,1.63417,1.63501,1.50,1.50
2011.08.19 01:06:52.294,1.63424,1.63498,1.50,1.50
2011.08.19 01:06:54.186,1.63424,1.63495,1.13,1.50
2011.08.19 01:06:54.516,1.63422,1.63493,1.13,1.09
2011.08.19 01:06:56.399,1.63419,1.63485,1.09,1.09
2011.08.19 01:06:56.736,1.63424,1.63492,1.13,1.09
2011.08.19 01:07:02.937,1.63424,1.63494,1.13,1.50
2011.08.19 01:07:03.059,1.63422,1.63499,1.47,1.50
2011.08.19 01:07:03.177,1.63424,1.63501,1.88,1.13
2011.08.19 01:07:03.624,1.63429,1.63502,1.13,1.50
2011.08.19 01:07:03.736,1.63429,1.63494,1.13,1.09
2011.08.19 01:07:03.849,1.63424,1.63499,1.50,1.09
2011.08.19 01:07:04.827,1.63421,1.63499,1.47,1.09
2011.08.19 01:07:05.293,1.63422,1.63506,1.09,2.32
2011.08.19 01:07:05.519,1.63429,1.63508,1.09,1.23
2011.08.19 01:07:05.636,1.63429,1.63509,1.09,1.50
2011.08.19 01:07:06.717,1.6343,1.63509,1.09,1.50
2011.08.19 01:07:07.056,1.63429,1.63509,1.09,1.50
2011.08.19 01:07:08.114,1.63429,1.63509,1.09,1.50
2011.08.19 01:07:08.625,1.6343,1.63509,1.09,1.50
2011.08.19 01:07:11.458,1.6343,1.63509,1.09,1.50
2011.08.19 01:07:15.858,1.6343,1.63509,1.09,1.50
2011.08.19 01:07:16.715,1.6343,1.63509,1.09,1.50
2011.08.19 01:07:19.376,1.6343,1.63509,1.09,1.50
2011.08.19 01:07:23.486,1.63424,1.63503,2.25,1.09
2011.08.19 01:07:24.040,1.63424,1.63499,1.50,1.09
2011.08.19 01:07:24.596,1.63429,1.63503,1.50,1.09
2011.08.19 01:07:25.507,1.63427,1.63499,1.50,1.09
2011.08.19 01:07:26.606,1.63427,1.63504,1.50,1.09
2011.08.19 01:07:26.939,1.63431,1.63508,2.22,1.09
2011.08.19 01:07:27.778,1.63435,1.63508,1.13,1.09
2011.08.19 01:07:30.137,1.63441,1.63513,1.50,1.09
2011.08.19 01:07:30.894,1.63442,1.63513,1.50,1.09
2011.08.19 01:07:31.004,1.63442,1.63514,1.84,1.13
2011.08.19 01:07:31.225,1.63443,1.63514,1.50,1.13
2011.08.19 01:07:31.566,1.63442,1.63514,1.09,1.13
2011.08.19 01:07:32.217,1.63442,1.63514,1.09,1.13
2011.08.19 01:07:32.328,1.63443,1.63515,1.50,1.09
2011.08.19 01:07:32.556,1.63448,1.63518,1.13,1.09
2011.08.19 01:07:34.139,1.63442,1.63516,1.09,1.09
2011.08.19 01:07:34.478,1.63434,1.63511,1.09,1.50
2011.08.19 01:07:36.205,1.63434,1.63511,1.09,1.50
2011.08.19 01:07:39.116,1.63436,1.63513,1.47,1.50
2011.08.19 01:07:41.135,1.63442,1.63515,1.09,1.09
2011.08.19 01:07:41.676,1.63436,1.63508,1.13,1.47
2011.08.19 01:07:41.786,1.63432,1.63501,1.13,1.09
2011.08.19 01:07:42.006,1.63426,1.63501,1.50,1.47
2011.08.19 01:07:42.225,1.63426,1.635,1.13,1.61
2011.08.19 01:07:42.446,1.63416,1.63497,1.50,1.13
2011.08.19 01:07:42.555,1.63422,1.63496,1.13,1.50
2011.08.19 01:07:42.885,1.63422,1.63494,1.13,1.13
2011.08.19 01:07:46.026,1.63423,1.63493,1.13,1.13
2011.08.19 01:07:48.005,1.63421,1.63493,1.13,1.13
2011.08.19 01:07:48.708,1.63422,1.63492,1.13,1.50
2011.08.19 01:07:49.207,1.63418,1.63492,1.13,1.50
2011.08.19 01:07:49.432,1.63403,1.63469,1.13,1.09
2011.08.19 01:07:49.657,1.63404,1.63469,1.13,1.09
2011.08.19 01:07:50.368,1.63404,1.63469,1.13,1.09
2011.08.19 01:07:50.485,1.63404,1.63474,1.13,1.09
2011.08.19 01:07:51.035,1.63406,1.63474,1.50,1.09
2011.08.19 01:07:51.256,1.63413,1.63479,1.13,1.50
2011.08.19 01:07:51.475,1.63414,1.63483,1.13,1.88
2011.08.19 01:07:52.786,1.63406,1.63484,1.09,1.88
2011.08.19 01:07:52.902,1.63406,1.63484,1.47,2.25
2011.08.19 01:07:53.016,1.63413,1.63485,1.13,1.09
2011.08.19 01:07:53.958,1.63414,1.63485,1.13,1.09
2011.08.19 01:07:54.693,1.63416,1.63485,1.13,1.09
2011.08.19 01:07:55.396,1.63414,1.63485,1.50,1.09
2011.08.19 01:07:56.094,1.63414,1.63485,1.50,1.09
2011.08.19 01:07:56.888,1.63415,1.63485,1.50,1.09
2011.08.19 01:07:57.506,1.63416,1.63485,1.13,1.09
2011.08.19 01:08:00.487,1.63416,1.63485,1.13,1.09
2011.08.19 01:08:01.595,1.63414,1.63488,1.50,1.09
2011.08.19 01:08:01.704,1.63413,1.63488,1.13,1.09
2011.08.19 01:08:01.816,1.63414,1.63488,1.50,1.09
2011.08.19 01:08:02.595,1.63414,1.63494,1.88,1.09
2011.08.19 01:08:03.254,1.63417,1.63498,1.50,1.47
2011.08.19 01:08:04.574,1.63416,1.63494,1.50,1.09
2011.08.19 01:08:05.895,1.63414,1.63494,1.88,1.09
2011.08.19 01:08:06.456,1.63412,1.6349,1.13,1.09
2011.08.19 01:08:07.074,1.63412,1.6349,1.13,1.09
2011.08.19 01:08:08.835,1.63416,1.63494,1.09,1.50
2011.08.19 01:08:08.947,1.63416,1.63496,1.09,1.13
2011.08.19 01:08:09.408,1.63417,1.63496,1.09,1.13
2011.08.19 01:08:09.634,1.63421,1.63496,1.13,1.13
2011.08.19 01:08:10.124,1.63419,1.63496,1.13,1.13
2011.08.19 01:08:10.714,1.6342,1.63496,1.13,1.13
2011.08.19 01:08:10.935,1.63413,1.63493,1.47,1.50
2011.08.19 01:08:11.156,1.63417,1.63493,1.09,1.50
2011.08.19 01:08:11.485,1.63417,1.63493,1.09,1.50
2011.08.19 01:08:11.597,1.63415,1.63495,1.47,1.50
2011.08.19 01:08:12.179,1.63418,1.63497,1.13,1.13
2011.08.19 01:08:12.797,1.63418,1.63497,1.88,1.13
2011.08.19 01:08:15.146,1.63418,1.63496,1.88,1.50
2011.08.19 01:08:16.966,1.63418,1.63497,2.25,1.13
2011.08.19 01:08:17.297,1.63419,1.63498,1.88,1.50
2011.08.19 01:08:18.888,1.63419,1.63496,1.13,1.50
2011.08.19 01:08:19.456,1.63418,1.63496,1.50,1.84
2011.08.19 01:08:24.446,1.63419,1.63496,1.13,1.84
2011.08.19 01:08:24.776,1.63421,1.63495,1.50,1.50
2011.08.19 01:08:24.887,1.63419,1.63495,1.13,1.50
2011.08.19 01:08:25.005,1.63415,1.63495,1.84,1.50
2011.08.19 01:08:25.536,1.63415,1.63495,1.84,1.50
2011.08.19 01:08:27.114,1.63415,1.63495,1.84,1.88
2011.08.19 01:08:27.466,1.63421,1.63495,1.84,1.13
2011.08.19 01:08:30.485,1.63419,1.63495,1.88,1.47
2011.08.19 01:08:42.757,1.63421,1.63495,1.13,1.09
2011.08.19 01:08:43.208,1.63421,1.63495,1.13,1.09
2011.08.19 01:08:43.328,1.63422,1.63495,1.13,1.09
2011.08.19 01:08:43.778,1.63416,1.63499,2.85,1.09
2011.08.19 01:08:44.625,1.63414,1.63499,1.13,1.09
2011.08.19 01:08:45.078,1.63414,1.63499,1.13,1.09
2011.08.19 01:08:46.176,1.63414,1.63495,1.13,1.09
2011.08.19 01:08:47.164,1.63412,1.63494,1.50,1.09
2011.08.19 01:08:47.536,1.63411,1.63494,1.50,1.09
2011.08.19 01:08:47.865,1.63408,1.63494,1.88,1.09
2011.08.19 01:08:47.976,1.63411,1.63494,1.13,1.09
2011.08.19 01:08:49.174,1.63412,1.63494,1.13,1.09
2011.08.19 01:08:50.176,1.63412,1.63494,1.13,1.09
2011.08.19 01:09:02.365,1.63412,1.63494,1.13,1.09
2011.08.19 01:09:02.586,1.63412,1.63483,1.13,1.09
2011.08.19 01:09:03.045,1.63412,1.63488,1.13,1.09
2011.08.19 01:09:04.235,1.63409,1.63478,1.88,1.09
2011.08.19 01:09:04.895,1.63409,1.63478,1.50,1.09
2011.08.19 01:09:05.446,1.63411,1.63478,1.13,1.09
2011.08.19 01:09:06.000,1.63409,1.63483,1.50,1.09
2011.08.19 01:09:37.767,1.63408,1.63478,1.50,1.09
2011.08.19 01:09:38.108,1.63407,1.63477,1.50,1.09
2011.08.19 01:09:38.462,1.63409,1.63477,1.50,1.09
2011.08.19 01:09:39.001,1.63414,1.63477,1.13,1.09
2011.08.19 01:09:39.133,1.63402,1.63483,1.84,1.09
2011.08.19 01:09:39.577,1.63398,1.63477,1.09,1.09
2011.08.19 01:09:39.697,1.63393,1.63474,1.13,1.09
2011.08.19 01:09:39.816,1.63391,1.63469,1.88,1.09
2011.08.19 01:09:40.149,1.63385,1.63462,1.09,1.09
2011.08.19 01:09:40.488,1.63381,1.63457,1.13,1.09
2011.08.19 01:09:40.827,1.63387,1.6346,1.13,1.84
2011.08.19 01:09:41.047,1.6339,1.63463,1.13,1.09
2011.08.19 01:09:41.886,1.63391,1.63463,1.50,1.09
2011.08.19 01:09:42.105,1.63396,1.63463,1.13,1.47
2011.08.19 01:09:42.786,1.63392,1.63458,1.13,1.09
2011.08.19 01:09:42.902,1.63394,1.63467,1.13,1.47
2011.08.19 01:09:43.020,1.63393,1.63475,1.50,1.19
2011.08.19 01:09:43.249,1.63396,1.63482,1.13,1.09
2011.08.19 01:09:43.476,1.63403,1.63483,1.09,1.50
2011.08.19 01:09:43.588,1.63406,1.63484,1.13,1.09
2011.08.19 01:09:44.148,1.63408,1.63484,1.13,1.09
2011.08.19 01:09:44.705,1.63408,1.63494,1.13,1.09
2011.08.19 01:09:45.258,1.63408,1.63488,1.13,1.09
2011.08.19 01:09:47.138,1.63408,1.63484,1.13,1.09
2011.08.19 01:09:47.815,1.63408,1.63487,1.47,1.50
2011.08.19 01:09:48.177,1.63415,1.63498,1.50,1.88
2011.08.19 01:09:48.298,1.63418,1.63491,1.13,1.13
2011.08.19 01:09:48.640,1.63412,1.63494,1.69,1.13
2011.08.19 01:09:48.757,1.63412,1.63496,2.44,1.13
2011.08.19 01:09:49.487,1.63418,1.63497,1.50,1.50
2011.08.19 01:09:50.138,1.63413,1.63488,1.13,1.09
2011.08.19 01:09:50.588,1.63415,1.63487,1.13,1.09
2011.08.19 01:09:50.706,1.63425,1.6349,1.09,1.13
2011.08.19 01:09:50.820,1.6342,1.63494,1.09,1.47
2011.08.19 01:09:51.596,1.63417,1.63493,2.82,1.09
2011.08.19 01:09:52.596,1.63422,1.63493,1.09,1.84
2011.08.19 01:09:53.069,1.63419,1.63493,1.47,1.09
2011.08.19 01:09:53.187,1.63421,1.63494,1.47,1.84
2011.08.19 01:09:53.418,1.63423,1.63493,1.09,1.09
2011.08.19 01:09:53.866,1.63426,1.63493,1.09,1.09
2011.08.19 01:09:54.345,1.63429,1.63493,1.09,1.09
2011.08.19 01:09:54.786,1.63429,1.63493,1.47,1.09
2011.08.19 01:09:54.895,1.63429,1.63493,1.09,1.09
2011.08.19 01:09:55.005,1.63428,1.63493,1.09,1.09
2011.08.19 01:09:55.226,1.63429,1.63499,1.09,1.47
2011.08.19 01:09:55.667,1.63423,1.63493,1.47,1.09
2011.08.19 01:09:55.777,1.63431,1.63503,1.09,1.88
2011.08.19 01:09:55.897,1.63438,1.63506,1.13,1.50
2011.08.19 01:09:56.009,1.63439,1.63508,1.13,1.47
2011.08.19 01:09:56.466,1.6343,1.63503,1.50,1.09
2011.08.19 01:09:56.581,1.63428,1.63503,1.13,1.47
2011.08.19 01:09:56.811,1.6343,1.63497,1.13,1.09
2011.08.19 01:09:57.367,1.63431,1.63503,1.13,1.09
2011.08.19 01:09:57.706,1.63436,1.63504,1.13,1.09
2011.08.19 01:09:57.817,1.63433,1.63507,1.13,1.13
2011.08.19 01:09:57.937,1.63434,1.63511,1.13,2.22
2011.08.19 01:09:58.155,1.63433,1.63509,1.13,1.50
2011.08.19 01:09:59.390,1.63434,1.63511,1.13,1.47
2011.08.19 01:09:59.508,1.63444,1.63513,1.13,1.09
2011.08.19 01:10:00.121,1.63437,1.63511,1.50,1.09
2011.08.19 01:10:00.236,1.63441,1.63509,1.13,1.09
2011.08.19 01:10:01.006,1.63429,1.63506,1.13,1.09
2011.08.19 01:10:01.115,1.63429,1.63506,1.13,1.09
2011.08.19 01:10:01.336,1.63428,1.63506,1.50,1.09
2011.08.19 01:10:01.448,1.63428,1.63507,1.13,1.09
2011.08.19 01:10:02.869,1.6343,1.63505,1.13,1.09
2011.08.19 01:10:03.828,1.6343,1.63507,1.13,1.09
2011.08.19 01:10:04.056,1.63438,1.63508,1.35,1.09
2011.08.19 01:10:05.077,1.63438,1.63512,2.10,1.09
2011.08.19 01:10:06.015,1.63438,1.63512,2.10,1.09
2011.08.19 01:10:07.265,1.6344,1.63508,2.10,1.09
2011.08.19 01:10:08.103,1.63438,1.63507,2.10,1.09
2011.08.19 01:10:09.629,1.63434,1.63508,1.09,1.09
2011.08.19 01:10:10.228,1.63434,1.63507,1.09,1.09
2011.08.19 01:10:10.458,1.63434,1.63506,1.09,1.50
2011.08.19 01:10:10.798,1.63431,1.63506,1.09,1.50
2011.08.19 01:10:11.136,1.63425,1.63503,1.50,1.09
2011.08.19 01:10:11.796,1.63427,1.635,1.13,1.09
2011.08.19 01:10:12.017,1.63428,1.635,1.13,1.09
2011.08.19 01:10:12.247,1.63427,1.63502,1.13,1.84
2011.08.19 01:10:12.845,1.63429,1.63497,1.13,1.09
2011.08.19 01:10:13.196,1.63429,1.63501,1.13,1.47
2011.08.19 01:10:14.169,1.63427,1.63501,1.13,1.47
2011.08.19 01:10:14.288,1.63432,1.63501,1.13,1.47
2011.08.19 01:10:14.631,1.63438,1.63501,1.13,1.47
2011.08.19 01:10:15.075,1.63437,1.63501,1.13,1.47
2011.08.19 01:10:15.296,1.63437,1.63503,1.13,1.09
2011.08.19 01:10:16.579,1.63425,1.63503,1.50,1.09
2011.08.19 01:10:17.025,1.63432,1.63501,1.50,1.09
2011.08.19 01:10:18.005,1.63433,1.63501,1.13,1.09
2011.08.19 01:10:24.926,1.63428,1.63501,1.13,1.84
2011.08.19 01:10:25.040,1.63424,1.63498,1.13,1.50
2011.08.19 01:10:25.487,1.63425,1.63501,1.50,1.09
2011.08.19 01:10:25.941,1.63433,1.63501,1.13,1.09
2011.08.19 01:10:26.059,1.63427,1.635,1.78,1.50
2011.08.19 01:10:26.178,1.63428,1.63501,1.13,1.47
2011.08.19 01:10:26.298,1.63427,1.635,1.13,1.50
2011.08.19 01:10:26.416,1.63424,1.63502,1.13,1.47
2011.08.19 01:10:26.856,1.63417,1.63502,1.88,1.47
2011.08.19 01:10:27.729,1.63417,1.63501,1.88,1.47
2011.08.19 01:10:28.065,1.63423,1.63501,1.13,1.47
2011.08.19 01:10:28.975,1.63424,1.63501,1.13,1.47
2011.08.19 01:10:29.526,1.63424,1.63501,1.13,1.47
2011.08.19 01:10:29.965,1.63428,1.63501,1.13,1.47
2011.08.19 01:10:30.297,1.63433,1.63505,1.13,1.09
2011.08.19 01:10:30.525,1.63434,1.63505,1.13,1.50
2011.08.19 01:10:31.714,1.63433,1.63505,1.13,1.50
2011.08.19 01:10:31.826,1.63433,1.63505,2.10,1.50
2011.08.19 01:10:31.939,1.63433,1.63503,1.73,1.50
2011.08.19 01:10:32.389,1.63424,1.63496,1.13,1.09
2011.08.19 01:10:34.315,1.63424,1.63494,1.13,1.09
2011.08.19 01:10:35.145,1.63425,1.63496,1.13,1.09
2011.08.19 01:10:36.047,1.63427,1.63498,1.50,1.09
2011.08.19 01:10:36.509,1.63434,1.63504,1.13,1.13
2011.08.19 01:10:36.626,1.63427,1.63504,2.85,1.13
2011.08.19 01:10:37.193,1.63426,1.63508,1.09,2.22
2011.08.19 01:10:37.309,1.63422,1.63506,1.13,1.09
2011.08.19 01:10:37.539,1.63424,1.63504,1.50,1.09
2011.08.19 01:10:37.655,1.63424,1.63504,1.50,1.09
2011.08.19 01:10:38.205,1.63424,1.63502,1.50,1.09
2011.08.19 01:10:38.429,1.63428,1.63503,1.13,1.09
2011.08.19 01:10:38.547,1.63428,1.63505,1.13,1.09
2011.08.19 01:10:38.776,1.63428,1.63504,1.13,1.09
2011.08.19 01:10:38.887,1.63428,1.635,1.50,1.09
2011.08.19 01:10:39.326,1.63424,1.63501,1.13,1.47
2011.08.19 01:10:39.811,1.63432,1.63505,1.13,1.47
2011.08.19 01:10:39.933,1.63433,1.63502,1.13,1.13
2011.08.19 01:10:40.156,1.63433,1.63502,1.13,1.13
2011.08.19 01:10:40.376,1.63433,1.63502,1.13,1.13
2011.08.19 01:10:41.776,1.63436,1.63502,1.13,1.13
2011.08.19 01:10:42.436,1.63426,1.63503,1.13,1.09
2011.08.19 01:10:43.861,1.63435,1.63503,1.13,1.09
2011.08.19 01:10:44.307,1.63436,1.63512,1.09,1.09
2011.08.19 01:10:44.440,1.63436,1.63509,1.09,1.09
2011.08.19 01:10:44.559,1.63436,1.63509,1.09,1.09
2011.08.19 01:10:44.676,1.63436,1.63509,1.09,1.09
2011.08.19 01:10:45.008,1.63433,1.63509,1.50,1.84
2011.08.19 01:10:45.348,1.63429,1.63509,1.50,3.34
2011.08.19 01:10:45.468,1.63429,1.63509,1.50,3.34
2011.08.19 01:10:45.589,1.63426,1.63506,1.88,1.09
2011.08.19 01:10:46.186,1.63426,1.63497,1.13,1.09
2011.08.19 01:10:46.736,1.63428,1.63507,1.50,1.09
2011.08.19 01:10:47.141,1.63432,1.63507,1.13,1.09
2011.08.19 01:10:47.263,1.6343,1.63503,1.13,1.84
2011.08.19 01:10:47.547,1.6343,1.63503,1.13,1.09
2011.08.19 01:10:49.086,1.63435,1.63508,1.50,1.84
2011.08.19 01:10:49.427,1.63435,1.63509,1.50,2.59
2011.08.19 01:10:49.756,1.63437,1.63509,1.50,1.09
2011.08.19 01:10:49.867,1.63436,1.63509,2.44,1.09
2011.08.19 01:10:50.097,1.63432,1.63508,1.84,1.50
2011.08.19 01:10:50.605,1.63436,1.63509,1.09,1.84
2011.08.19 01:10:50.744,1.63431,1.63512,2.10,1.13
2011.08.19 01:10:50.857,1.63431,1.63509,1.13,1.13
2011.08.19 01:10:50.980,1.6343,1.63513,1.13,1.50
2011.08.19 01:10:51.536,1.63427,1.6351,1.50,2.25
2011.08.19 01:10:51.866,1.63431,1.63511,1.50,1.13
2011.08.19 01:10:52.318,1.63432,1.63512,1.50,1.50
2011.08.19 01:10:52.436,1.63431,1.63514,1.88,1.47
2011.08.19 01:10:52.987,1.63427,1.63513,1.13,1.50
2011.08.19 01:10:53.438,1.63428,1.63512,1.13,1.50
2011.08.19 01:10:53.805,1.63427,1.63512,1.13,1.50
2011.08.19 01:10:53.916,1.63429,1.63512,1.13,1.50
2011.08.19 01:10:54.356,1.63428,1.63512,1.13,1.50
2011.08.19 01:10:54.846,1.63429,1.63512,1.13,1.50
2011.08.19 01:10:55.297,1.6343,1.63513,1.13,1.50
2011.08.19 01:10:56.166,1.63431,1.63513,2.25,1.50
2011.08.19 01:10:56.825,1.63432,1.63513,1.09,1.50
2011.08.19 01:10:57.485,1.63431,1.63513,1.09,1.50
2011.08.19 01:10:58.087,1.63434,1.63513,1.09,2.10
2011.08.19 01:10:58.419,1.63432,1.63512,1.09,1.50
2011.08.19 01:10:59.001,1.63434,1.63512,1.09,1.50
2011.08.19 01:11:00.826,1.63431,1.63513,1.50,1.50
2011.08.19 01:11:01.405,1.63431,1.63513,1.13,1.50
2011.08.19 01:11:02.149,1.63431,1.63513,1.50,1.50
2011.08.19 01:11:02.930,1.63431,1.63509,1.50,1.13
2011.08.19 01:11:03.049,1.6343,1.63509,1.09,1.50
2011.08.19 01:11:03.388,1.63431,1.63511,1.50,1.50
2011.08.19 01:11:03.510,1.63432,1.63512,1.50,2.10
2011.08.19 01:11:03.739,1.63436,1.63515,1.50,1.09
2011.08.19 01:11:03.859,1.63434,1.63515,1.13,1.09
2011.08.19 01:11:03.981,1.63436,1.63515,1.50,1.09
2011.08.19 01:11:04.098,1.63434,1.63515,1.13,1.09
2011.08.19 01:11:04.215,1.63436,1.63515,1.50,1.09
2011.08.19 01:11:04.765,1.63436,1.63515,1.50,1.09
2011.08.19 01:11:05.104,1.63436,1.63515,1.50,1.09
2011.08.19 01:11:06.184,1.63436,1.63515,1.50,1.09
2011.08.19 01:11:07.429,1.63436,1.63515,1.50,1.09
2011.08.19 01:11:07.655,1.63436,1.63515,1.50,1.09
2011.08.19 01:11:08.716,1.63436,1.63515,1.50,1.09
2011.08.19 01:11:09.157,1.63436,1.63515,1.50,1.09
2011.08.19 01:11:11.878,1.63436,1.63515,1.50,1.47
2011.08.19 01:11:13.805,1.63436,1.63515,1.50,1.47
2011.08.19 01:11:14.795,1.63436,1.63515,1.50,1.47
2011.08.19 01:11:16.196,1.63436,1.63515,1.50,1.47
2011.08.19 01:11:21.227,1.63436,1.63515,1.50,1.09
2011.08.19 01:11:21.338,1.63436,1.63515,1.50,1.09
2011.08.19 01:11:22.175,1.63436,1.63515,1.50,1.47
2011.08.19 01:11:22.506,1.63438,1.63515,1.13,1.09
2011.08.19 01:11:22.726,1.63438,1.63515,1.50,1.09
2011.08.19 01:11:23.676,1.63438,1.63514,1.50,1.13
2011.08.19 01:11:30.326,1.63439,1.63515,1.50,1.47
2011.08.19 01:11:31.666,1.63439,1.63515,1.50,1.84
2011.08.19 01:11:37.319,1.63438,1.63513,1.50,1.50
2011.08.19 01:11:37.549,1.63431,1.63511,2.25,1.50
2011.08.19 01:11:37.667,1.63431,1.63511,1.50,1.13
2011.08.19 01:11:37.789,1.63437,1.63508,1.13,1.13
2011.08.19 01:11:38.128,1.6343,1.6351,2.22,1.13
2011.08.19 01:11:38.247,1.6343,1.63506,1.84,1.13
2011.08.19 01:11:38.469,1.6343,1.63509,1.84,1.13
2011.08.19 01:11:39.522,1.6343,1.63506,1.84,1.13
2011.08.19 01:11:47.417,1.6343,1.635,1.50,1.09
2011.08.19 01:11:47.745,1.63429,1.63503,1.84,1.09
2011.08.19 01:11:53.867,1.63429,1.63504,1.84,1.09
2011.08.19 01:11:53.988,1.63432,1.63508,2.59,1.09
2011.08.19 01:11:55.023,1.63437,1.63508,1.47,1.09
2011.08.19 01:11:55.137,1.63436,1.63509,1.47,1.09
2011.08.19 01:11:55.255,1.63436,1.63509,1.13,1.09
2011.08.19 01:11:57.116,1.63436,1.63505,1.13,1.09
2011.08.19 01:11:57.775,1.63437,1.63509,1.13,1.84
2011.08.19 01:11:58.245,1.63436,1.63509,1.13,1.84
2011.08.19 01:11:59.005,1.63433,1.63509,1.09,2.22
2011.08.19 01:11:59.116,1.63432,1.63505,1.09,1.09
2011.08.19 01:11:59.665,1.63431,1.63505,1.09,1.09
2011.08.19 01:12:00.930,1.63429,1.63505,1.09,1.09
2011.08.19 01:12:01.062,1.63433,1.63508,1.09,1.09
2011.08.19 01:12:01.286,1.63432,1.63505,1.09,1.09
2011.08.19 01:12:01.505,1.63433,1.63508,1.09,1.09
2011.08.19 01:12:02.117,1.63433,1.63505,1.09,1.09
2011.08.19 01:12:04.386,1.63433,1.63508,1.09,1.84
2011.08.19 01:12:05.125,1.63433,1.63505,1.09,1.09
2011.08.19 01:12:12.338,1.63432,1.63505,1.09,1.09
2011.08.19 01:12:12.460,1.63433,1.63508,1.09,1.09
2011.08.19 01:12:12.690,1.63441,1.63513,1.09,1.13
2011.08.19 01:12:12.809,1.63441,1.63514,1.09,1.09
2011.08.19 01:12:13.235,1.63443,1.63514,1.09,1.09
2011.08.19 01:12:14.129,1.63443,1.63514,1.09,1.09
2011.08.19 01:12:15.313,1.63443,1.63514,1.09,1.09
2011.08.19 01:12:16.677,1.63443,1.63514,1.09,1.09
2011.08.19 01:12:17.667,1.63443,1.63514,1.09,1.09
2011.08.19 01:12:18.728,1.63445,1.63518,1.50,1.09
2011.08.19 01:12:19.068,1.63447,1.63514,1.50,1.09
2011.08.19 01:12:19.406,1.63443,1.63514,1.09,1.09
2011.08.19 01:12:19.519,1.63443,1.63514,1.09,1.09
2011.08.19 01:12:19.746,1.63441,1.63514,1.09,1.09
2011.08.19 01:12:19.967,1.63443,1.63514,1.09,1.09
2011.08.19 01:12:20.688,1.63443,1.63514,1.84,1.09
2011.08.19 01:12:21.440,1.63443,1.63514,1.09,1.09
2011.08.19 01:12:26.124,1.63443,1.63514,1.09,1.09
2011.08.19 01:12:26.538,1.63445,1.63523,1.09,1.13
2011.08.19 01:12:29.438,1.63446,1.63523,1.09,1.13
2011.08.19 01:12:29.669,1.63451,1.63523,1.09,1.13
2011.08.19 01:12:30.835,1.63448,1.63523,1.09,1.13
2011.08.19 01:12:31.275,1.63448,1.63523,1.09,1.13
2011.08.19 01:12:31.496,1.63451,1.63524,1.09,1.47
2011.08.19 01:12:31.716,1.63443,1.63523,1.13,1.09
2011.08.19 01:12:32.048,1.63449,1.63522,1.84,1.09
2011.08.19 01:12:32.386,1.63442,1.63518,1.09,1.09
2011.08.19 01:12:35.986,1.63448,1.63519,1.09,1.84
2011.08.19 01:12:36.546,1.63448,1.63519,1.09,2.59
2011.08.19 01:12:37.338,1.63444,1.63519,1.09,1.84
2011.08.19 01:12:37.898,1.63442,1.63519,1.09,1.09
2011.08.19 01:12:39.837,1.63447,1.63522,1.09,1.09
2011.08.19 01:12:40.576,1.63438,1.63506,1.13,1.09
2011.08.19 01:12:40.690,1.63433,1.63506,1.09,1.09
2011.08.19 01:12:41.586,1.63432,1.63504,1.09,1.84
2011.08.19 01:12:43.126,1.63431,1.63504,1.09,1.84
2011.08.19 01:12:43.915,1.63429,1.63499,1.09,1.09
2011.08.19 01:12:44.682,1.63432,1.63503,1.09,1.09
2011.08.19 01:12:50.726,1.63436,1.63508,1.84,1.09
2011.08.19 01:12:58.058,1.63436,1.63509,1.47,1.47
2011.08.19 01:12:58.288,1.63436,1.63505,1.47,1.09
2011.08.19 01:12:58.959,1.63427,1.63499,1.09,1.50
2011.08.19 01:12:59.077,1.63425,1.63492,1.09,1.84
2011.08.19 01:12:59.660,1.63426,1.63497,1.50,2.54
2011.08.19 01:13:00.326,1.63428,1.63499,1.13,1.09
2011.08.19 01:13:01.017,1.63431,1.63501,1.09,1.47
2011.08.19 01:13:01.686,1.63428,1.63499,1.09,1.09
2011.08.19 01:13:01.800,1.63423,1.63498,1.13,1.09
2011.08.19 01:13:02.136,1.63425,1.63498,1.13,1.09
2011.08.19 01:13:02.464,1.63429,1.635,1.13,1.47
2011.08.19 01:13:03.088,1.63429,1.635,1.13,1.47
2011.08.19 01:13:03.359,1.63429,1.63499,1.13,1.09
2011.08.19 01:13:03.478,1.63425,1.63493,1.13,1.09
2011.08.19 01:13:03.599,1.63425,1.63487,1.13,2.44
2011.08.19 01:13:04.296,1.63423,1.63482,1.13,2.44
2011.08.19 01:13:05.277,1.63423,1.63478,1.13,1.09
2011.08.19 01:13:05.399,1.63423,1.63478,1.13,1.09
2011.08.19 01:13:05.956,1.63423,1.63478,1.13,2.22
2011.08.19 01:13:06.287,1.63423,1.63479,1.13,1.47
2011.08.19 01:13:07.946,1.63423,1.63479,1.13,1.09
2011.08.19 01:13:12.899,1.63423,1.63479,1.77,1.09
2011.08.19 01:13:13.235,1.63428,1.63484,1.77,1.09
2011.08.19 01:13:13.457,1.63426,1.63487,1.13,1.09
2011.08.19 01:13:14.006,1.63434,1.63487,1.13,1.09
2011.08.19 01:13:14.567,1.63434,1.63483,1.13,1.09
2011.08.19 01:13:14.683,1.63429,1.63483,1.13,1.09
2011.08.19 01:13:15.237,1.63438,1.63486,1.13,1.09
2011.08.19 01:13:15.938,1.63439,1.63488,1.13,1.09
2011.08.19 01:13:16.471,1.63438,1.63488,1.13,1.09
2011.08.19 01:13:17.656,1.63438,1.63486,1.13,1.09
2011.08.19 01:13:18.129,1.63439,1.63489,1.13,1.09
2011.08.19 01:13:20.208,1.63439,1.63486,1.13,1.09
2011.08.19 01:13:20.329,1.63438,1.63489,1.13,1.09
2011.08.19 01:13:23.235,1.63438,1.63489,1.13,1.09
2011.08.19 01:13:27.389,1.63439,1.63489,1.13,1.09
2011.08.19 01:13:28.151,1.63439,1.63493,1.13,1.09
2011.08.19 01:13:34.785,1.63439,1.63489,1.13,1.09
2011.08.19 01:13:35.008,1.63439,1.63489,1.13,1.47
2011.08.19 01:13:35.567,1.63439,1.63489,1.13,1.47
2011.08.19 01:13:37.359,1.63438,1.63488,1.13,1.09
2011.08.19 01:13:40.317,1.63422,1.63487,1.13,1.47
2011.08.19 01:13:40.425,1.63428,1.63487,1.13,1.47
2011.08.19 01:13:40.645,1.63428,1.63483,1.13,1.84
2011.08.19 01:13:43.020,1.63428,1.63479,1.13,1.09
2011.08.19 01:13:43.915,1.63428,1.63479,1.13,1.09
2011.08.19 01:13:44.027,1.63428,1.63478,1.13,1.09
2011.08.19 01:13:46.487,1.63428,1.63479,1.13,1.09
2011.08.19 01:13:49.957,1.63421,1.63479,1.34,1.09
2011.08.19 01:13:55.858,1.63421,1.63478,1.13,1.09
2011.08.19 01:13:57.886,1.63428,1.63478,1.13,1.09
2011.08.19 01:13:58.428,1.63429,1.63478,1.13,1.09
2011.08.19 01:13:59.436,1.63428,1.63478,1.13,1.09
2011.08.19 01:14:00.466,1.63429,1.63491,1.47,1.09
2011.08.19 01:14:00.579,1.63429,1.6349,1.09,1.09
2011.08.19 01:14:00.808,1.63434,1.63498,1.13,1.09
2011.08.19 01:14:01.471,1.63434,1.63498,1.13,1.09
2011.08.19 01:14:01.697,1.63438,1.63498,1.13,1.09
2011.08.19 01:14:02.285,1.63438,1.63498,1.13,1.09
2011.08.19 01:14:03.657,1.63434,1.63494,1.13,1.09
2011.08.19 01:14:04.347,1.63434,1.63494,1.13,1.09
2011.08.19 01:14:04.476,1.63434,1.63494,1.13,1.09
2011.08.19 01:14:04.807,1.63439,1.63494,1.13,1.09
2011.08.19 01:14:05.426,1.63439,1.63494,1.13,1.09
2011.08.19 01:14:05.866,1.63429,1.63494,1.12,1.09
2011.08.19 01:14:05.977,1.63432,1.63494,1.03,1.09
2011.08.19 01:14:07.626,1.63435,1.63494,1.13,1.09
2011.08.19 01:14:08.329,1.63439,1.63494,1.13,1.09
2011.08.19 01:14:09.169,1.63438,1.63494,1.13,1.09
2011.08.19 01:14:09.617,1.63435,1.63498,1.13,1.84
2011.08.19 01:14:09.839,1.63428,1.63494,1.13,1.09
2011.08.19 01:14:10.949,1.63434,1.63494,1.13,1.09
2011.08.19 01:14:12.356,1.63433,1.63494,1.13,1.09
2011.08.19 01:14:12.686,1.63429,1.63494,1.13,1.09
2011.08.19 01:14:13.225,1.63433,1.63494,1.13,1.09
2011.08.19 01:14:14.037,1.63433,1.63494,1.13,1.09
2011.08.19 01:14:14.370,1.63434,1.63489,1.13,1.09
2011.08.19 01:14:16.129,1.63433,1.63488,1.13,1.09
2011.08.19 01:14:26.547,1.63433,1.63483,1.13,1.09
2011.08.19 01:14:27.308,1.63426,1.63483,2.03,1.09
2011.08.19 01:14:27.891,1.63427,1.63483,1.58,1.09
2011.08.19 01:14:28.340,1.63434,1.63489,1.09,1.09
2011.08.19 01:14:28.457,1.63433,1.63489,1.09,1.09
2011.08.19 01:14:28.581,1.63443,1.63494,1.13,1.47
2011.08.19 01:14:28.916,1.63449,1.63496,1.13,1.84
2011.08.19 01:14:29.026,1.63448,1.63499,1.13,1.09
2011.08.19 01:14:29.575,1.63449,1.63504,1.13,1.47
2011.08.19 01:14:30.127,1.63449,1.63499,1.13,1.09
2011.08.19 01:14:30.867,1.63449,1.63503,1.13,1.09
2011.08.19 01:14:32.213,1.63439,1.63499,1.09,1.09
2011.08.19 01:14:33.560,1.63449,1.63499,1.13,1.09
2011.08.19 01:14:34.116,1.63449,1.63504,1.13,1.47
2011.08.19 01:14:40.856,1.63449,1.63499,1.13,1.09
2011.08.19 01:14:41.937,1.63448,1.63504,1.13,1.47
2011.08.19 01:14:44.016,1.63449,1.63499,1.13,1.09
2011.08.19 01:14:44.887,1.63448,1.63504,1.13,1.47
2011.08.19 01:14:49.955,1.63448,1.63504,1.13,1.47
2011.08.19 01:14:50.729,1.63447,1.63508,1.50,4.09
2011.08.19 01:14:51.278,1.63448,1.63508,1.13,4.09
2011.08.19 01:14:51.816,1.63449,1.63508,1.13,4.09
2011.08.19 01:14:52.146,1.6345,1.63507,1.13,1.47
2011.08.19 01:14:52.477,1.63456,1.63509,1.09,1.09
2011.08.19 01:14:52.587,1.63456,1.63517,2.06,1.94
2011.08.19 01:14:53.137,1.63463,1.63519,1.13,1.47
2011.08.19 01:14:53.709,1.63464,1.63513,1.13,1.09
2011.08.19 01:14:54.301,1.63463,1.63513,1.13,1.09
2011.08.19 01:14:55.598,1.63463,1.63513,1.13,1.09
2011.08.19 01:14:58.178,1.63464,1.63518,1.13,2.22
2011.08.19 01:14:58.407,1.63441,1.63514,1.09,1.47
2011.08.19 01:14:58.737,1.63447,1.63508,1.50,1.09
2011.08.19 01:14:59.286,1.63449,1.63514,1.13,1.47
2011.08.19 01:15:00.050,1.63449,1.63508,1.13,1.09
2011.08.19 01:15:00.499,1.63441,1.63512,1.09,1.47
2011.08.19 01:15:00.619,1.63446,1.63512,1.13,1.47
2011.08.19 01:15:00.959,1.63449,1.63515,1.13,1.47
2011.08.19 01:15:01.297,1.63436,1.63515,1.84,1.09
2011.08.19 01:15:01.418,1.63448,1.63514,1.13,1.09
2011.08.19 01:15:03.046,1.63449,1.63513,1.13,1.47
2011.08.19 01:15:03.786,1.63448,1.63514,1.13,1.09
2011.08.19 01:15:04.301,1.63448,1.63514,1.12,1.09
2011.08.19 01:15:04.860,1.63453,1.63518,1.13,1.09
2011.08.19 01:15:05.425,1.63446,1.63519,2.03,1.84
2011.08.19 01:15:06.196,1.63454,1.63514,1.13,1.09
2011.08.19 01:15:08.482,1.63453,1.63514,1.13,1.09
2011.08.19 01:15:09.686,1.63453,1.63509,1.13,1.09
2011.08.19 01:15:10.018,1.63454,1.63519,1.13,1.09
2011.08.19 01:15:10.138,1.63442,1.63519,1.09,1.09
2011.08.19 01:15:10.259,1.63454,1.63519,1.13,1.84
2011.08.19 01:15:10.378,1.63454,1.63519,1.13,1.84
2011.08.19 01:15:10.498,1.63454,1.63519,1.13,1.84
2011.08.19 01:15:11.699,1.63454,1.63519,1.13,1.09
2011.08.19 01:15:11.930,1.63454,1.63519,1.13,1.09
2011.08.19 01:15:12.268,1.63453,1.63519,1.13,1.09
2011.08.19 01:15:12.608,1.63456,1.63522,1.09,1.09
2011.08.19 01:15:13.058,1.63459,1.63524,1.09,1.09
2011.08.19 01:15:13.286,1.63459,1.63522,1.09,1.09
2011.08.19 01:15:13.745,1.63459,1.63523,1.09,1.09
2011.08.19 01:15:14.188,1.63459,1.63522,1.47,1.09
2011.08.19 01:15:14.987,1.63459,1.63524,1.09,1.09
2011.08.19 01:15:15.098,1.63463,1.63524,1.13,1.09
2011.08.19 01:15:15.707,1.63459,1.63529,1.09,1.09
2011.08.19 01:15:16.466,1.63461,1.63528,1.47,1.09
2011.08.19 01:15:16.686,1.63462,1.63528,1.13,1.09
2011.08.19 01:15:18.289,1.63461,1.63524,2.22,1.09
2011.08.19 01:15:18.737,1.63456,1.63523,1.09,1.09
2011.08.19 01:15:18.849,1.63455,1.63523,1.13,1.09
2011.08.19 01:15:19.497,1.63453,1.63523,1.13,1.09
2011.08.19 01:15:19.608,1.63452,1.63523,1.50,1.09
2011.08.19 01:15:19.837,1.63451,1.63519,1.84,1.09
2011.08.19 01:15:20.072,1.63448,1.63518,1.09,1.09
2011.08.19 01:15:20.189,1.63449,1.63513,1.09,1.09
2011.08.19 01:15:20.770,1.63449,1.63514,1.09,1.84
2011.08.19 01:15:21.177,1.63444,1.63511,1.13,1.84
2011.08.19 01:15:22.168,1.63442,1.635,1.13,1.09
2011.08.19 01:15:22.805,1.63443,1.63503,1.13,1.09
2011.08.19 01:15:23.922,1.63441,1.63513,1.84,1.09
2011.08.19 01:15:24.042,1.6344,1.63513,1.09,1.09
2011.08.19 01:15:25.060,1.63441,1.63513,1.09,1.09
2011.08.19 01:15:26.098,1.63441,1.63513,1.09,1.09
2011.08.19 01:15:27.457,1.63438,1.63509,1.13,1.09
2011.08.19 01:15:27.566,1.63434,1.63509,1.50,1.09
2011.08.19 01:15:28.007,1.63438,1.63516,1.13,1.50
2011.08.19 01:15:29.428,1.63436,1.63517,1.50,1.50
2011.08.19 01:15:29.656,1.63437,1.63517,1.13,1.50
2011.08.19 01:15:30.340,1.63437,1.63517,1.13,1.50
2011.08.19 01:15:30.897,1.63436,1.63517,1.50,1.50
2011.08.19 01:15:32.030,1.63437,1.63517,1.13,1.50
2011.08.19 01:15:32.372,1.63444,1.63517,1.13,1.50
2011.08.19 01:15:32.488,1.63439,1.63517,1.13,1.50
2011.08.19 01:15:32.719,1.63444,1.6352,1.13,1.50
2011.08.19 01:15:33.339,1.63445,1.63523,1.50,1.50
2011.08.19 01:15:33.678,1.63444,1.63522,1.50,1.50
2011.08.19 01:15:33.801,1.63443,1.63522,1.13,1.50
2011.08.19 01:15:33.921,1.63444,1.63522,1.50,1.50
2011.08.19 01:15:34.038,1.63444,1.63522,1.50,1.50
2011.08.19 01:15:34.597,1.63442,1.63523,2.25,1.50
2011.08.19 01:15:36.146,1.63442,1.63523,1.88,1.50
2011.08.19 01:15:36.476,1.63443,1.63523,1.88,1.50
2011.08.19 01:15:37.026,1.63443,1.63509,1.13,1.09
2011.08.19 01:15:38.505,1.63443,1.6352,1.09,1.09
2011.08.19 01:15:40.438,1.63447,1.6352,1.09,1.09
2011.08.19 01:15:43.106,1.63448,1.6352,1.09,1.09
2011.08.19 01:15:43.549,1.63447,1.6352,1.47,1.84
2011.08.19 01:15:43.779,1.63453,1.63519,1.13,1.50
2011.08.19 01:15:45.106,1.63453,1.63519,1.13,1.50
2011.08.19 01:15:45.686,1.63454,1.63508,1.13,1.50
2011.08.19 01:15:46.016,1.63426,1.63495,1.47,1.09
2011.08.19 01:15:46.126,1.63436,1.63498,1.09,1.09
2011.08.19 01:15:46.787,1.63438,1.635,1.09,1.09
2011.08.19 01:15:47.336,1.63441,1.635,1.09,1.09
2011.08.19 01:15:48.097,1.63441,1.635,1.09,1.09
2011.08.19 01:15:49.106,1.63441,1.635,1.09,1.09
2011.08.19 01:15:50.055,1.63441,1.635,1.09,1.09
2011.08.19 01:15:54.025,1.63441,1.635,1.09,1.09
2011.08.19 01:15:56.137,1.63441,1.63503,1.09,1.09
2011.08.19 01:15:56.248,1.63435,1.63503,1.13,1.09
2011.08.19 01:15:56.478,1.63437,1.63508,1.50,1.09
2011.08.19 01:15:56.586,1.63437,1.63508,1.13,1.09
2011.08.19 01:15:58.094,1.63437,1.63508,2.25,1.09
2011.08.19 01:15:58.548,1.63438,1.63509,1.13,1.09
2011.08.19 01:15:59.330,1.63431,1.63508,1.09,1.84
2011.08.19 01:15:59.898,1.63432,1.63508,1.50,1.84
2011.08.19 01:16:00.237,1.63437,1.63514,1.13,1.13
2011.08.19 01:16:00.457,1.63435,1.63515,1.47,1.88
2011.08.19 01:16:00.678,1.63434,1.63507,1.09,1.50
2011.08.19 01:16:02.017,1.63436,1.63514,1.13,1.50
2011.08.19 01:16:02.616,1.63436,1.63507,1.13,1.09
2011.08.19 01:16:03.057,1.63433,1.63507,1.13,1.09
2011.08.19 01:16:03.682,1.63433,1.63507,1.13,1.09
2011.08.19 01:16:04.366,1.63433,1.63507,1.13,1.09
2011.08.19 01:16:05.096,1.63434,1.63507,1.13,1.09
2011.08.19 01:16:07.730,1.63438,1.63501,1.09,1.13
2011.08.19 01:16:07.957,1.63424,1.63498,1.09,1.09
2011.08.19 01:16:10.157,1.63424,1.6349,1.09,1.09
2011.08.19 01:16:10.377,1.63417,1.63488,1.47,1.50
2011.08.19 01:16:10.487,1.63415,1.63483,1.47,1.09
2011.08.19 01:16:11.430,1.63415,1.6348,1.09,1.09
2011.08.19 01:16:11.989,1.63407,1.63484,1.84,2.22
2011.08.19 01:16:13.168,1.63407,1.63484,1.09,2.22
2011.08.19 01:16:13.398,1.63407,1.63484,1.09,1.84
2011.08.19 01:16:16.957,1.63407,1.63482,1.09,1.13
2011.08.19 01:16:17.505,1.63398,1.63474,1.50,1.09
2011.08.19 01:16:19.136,1.63398,1.63473,1.50,1.09
2011.08.19 01:16:21.539,1.63402,1.63484,1.13,1.50
2011.08.19 01:16:22.415,1.63404,1.63484,1.50,1.50
2011.08.19 01:16:24.139,1.63404,1.63484,1.50,1.50
2011.08.19 01:16:25.075,1.63405,1.63484,1.13,1.50
2011.08.19 01:16:27.186,1.63404,1.63481,1.50,1.13
2011.08.19 01:16:27.977,1.63405,1.63481,1.50,1.13
2011.08.19 01:16:30.678,1.63405,1.63483,1.88,1.13
2011.08.19 01:16:32.526,1.63414,1.63485,1.13,1.50
2011.08.19 01:16:32.750,1.63416,1.63486,1.13,1.50
2011.08.19 01:16:56.328,1.63412,1.63484,1.50,1.50
2011.08.19 01:16:56.446,1.63419,1.63484,1.13,1.50
2011.08.19 01:16:57.677,1.63418,1.63484,1.13,1.50
2011.08.19 01:16:58.178,1.634,1.6348,1.13,1.13
2011.08.19 01:16:58.299,1.63406,1.63479,1.13,1.88
2011.08.19 01:16:58.639,1.63414,1.6348,1.13,1.13
2011.08.19 01:16:59.417,1.63413,1.6348,1.13,1.13
2011.08.19 01:16:59.966,1.63414,1.63482,1.13,2.54
2011.08.19 01:17:00.557,1.63414,1.63482,1.13,2.54
2011.08.19 01:17:01.104,1.63417,1.63482,1.50,2.54
2011.08.19 01:17:10.106,1.63417,1.63482,1.13,1.69
2011.08.19 01:17:10.215,1.63413,1.63482,1.13,2.44
2011.08.19 01:17:10.547,1.63414,1.63478,1.13,2.10
2011.08.19 01:17:10.990,1.63413,1.63478,1.13,2.10
2011.08.19 01:17:11.656,1.63408,1.63474,1.17,1.50
2011.08.19 01:17:12.206,1.63413,1.63478,1.13,2.85
2011.08.19 01:17:12.910,1.63412,1.63474,1.50,1.50
2011.08.19 01:17:13.036,1.63402,1.6348,1.47,2.10
2011.08.19 01:17:13.147,1.63406,1.6348,1.63,2.10
2011.08.19 01:17:13.257,1.63416,1.6348,1.09,2.44
2011.08.19 01:17:13.479,1.63406,1.6348,1.09,2.10
2011.08.19 01:17:13.601,1.63401,1.63488,1.47,1.57
2011.08.19 01:17:14.047,1.63414,1.63499,1.09,4.19
2011.08.19 01:17:14.158,1.6341,1.63499,1.09,4.19
2011.08.19 01:17:14.607,1.6341,1.63499,1.13,1.88
2011.08.19 01:17:15.179,1.6341,1.63499,1.13,1.88
2011.08.19 01:17:15.519,1.63416,1.63494,1.13,1.13
2011.08.19 01:17:16.015,1.63416,1.63504,1.13,1.09
2011.08.19 01:17:16.142,1.63416,1.63504,1.13,1.09
2011.08.19 01:17:17.618,1.63416,1.63504,1.13,1.09
2011.08.19 01:17:17.848,1.63417,1.63496,1.50,1.13
2011.08.19 01:17:18.298,1.63411,1.6349,1.13,2.10
2011.08.19 01:17:18.406,1.63411,1.6349,1.50,2.10
2011.08.19 01:17:18.520,1.63416,1.63495,1.50,2.48
2011.08.19 01:17:18.972,1.63412,1.63493,1.13,1.88
2011.08.19 01:17:19.093,1.63409,1.63489,1.88,1.50
2011.08.19 01:17:19.536,1.63411,1.63492,1.50,1.35
2011.08.19 01:17:20.306,1.63409,1.63487,1.13,2.10
2011.08.19 01:17:20.638,1.63411,1.63491,1.50,2.10
2011.08.19 01:17:21.082,1.63411,1.6349,1.50,2.10
2011.08.19 01:17:21.417,1.63428,1.63492,1.13,2.48
2011.08.19 01:17:22.588,1.63429,1.63495,1.13,1.50
2011.08.19 01:17:23.148,1.63411,1.63494,1.13,2.85
2011.08.19 01:17:23.259,1.63412,1.63492,1.47,1.09
2011.08.19 01:17:23.926,1.63413,1.63488,1.88,1.09
2011.08.19 01:17:24.479,1.63414,1.63488,1.50,1.09
2011.08.19 01:17:25.081,1.63414,1.63488,1.50,1.09
2011.08.19 01:17:25.527,1.63414,1.63488,1.13,1.09
2011.08.19 01:17:25.758,1.63414,1.63488,1.13,1.09
2011.08.19 01:17:27.737,1.63428,1.63488,1.13,1.09
2011.08.19 01:17:28.067,1.63428,1.63488,1.13,1.09
2011.08.19 01:17:28.450,1.63428,1.63488,1.13,1.09
2011.08.19 01:17:28.568,1.63428,1.63488,1.13,1.09
2011.08.19 01:17:28.936,1.63428,1.63488,1.13,1.09
2011.08.19 01:17:29.266,1.63429,1.6349,1.13,1.09
2011.08.19 01:17:30.341,1.63421,1.63489,1.13,1.09
2011.08.19 01:17:30.678,1.63421,1.6349,1.50,1.09
2011.08.19 01:17:31.437,1.6342,1.63488,1.50,1.09
2011.08.19 01:17:31.563,1.6342,1.6349,1.50,1.84
2011.08.19 01:17:31.972,1.6342,1.6349,1.13,1.47
2011.08.19 01:17:33.351,1.6342,1.63488,1.13,1.09
2011.08.19 01:17:33.775,1.6342,1.6349,1.13,1.47
2011.08.19 01:17:35.749,1.63418,1.63483,1.13,1.09
2011.08.19 01:17:36.091,1.63423,1.63486,1.13,2.22
2011.08.19 01:17:37.429,1.63424,1.63483,1.13,1.09
2011.08.19 01:17:42.387,1.63424,1.63493,1.13,1.84
2011.08.19 01:17:44.224,1.63424,1.63488,1.13,1.09
2011.08.19 01:17:47.436,1.63424,1.63488,1.13,1.09
2011.08.19 01:17:49.104,1.63424,1.63488,1.13,1.09
2011.08.19 01:17:49.656,1.63424,1.63489,1.13,1.09
2011.08.19 01:17:52.227,1.63423,1.63488,1.13,1.09
2011.08.19 01:17:52.669,1.63422,1.63488,1.50,1.09
2011.08.19 01:17:52.786,1.63422,1.63496,1.84,1.09
2011.08.19 01:17:53.717,1.63427,1.63496,1.50,1.09
2011.08.19 01:17:53.827,1.63433,1.63498,1.13,1.09
2011.08.19 01:17:53.938,1.63434,1.635,1.47,1.84
2011.08.19 01:17:54.060,1.63427,1.635,1.47,1.09
2011.08.19 01:17:54.178,1.63425,1.63502,1.09,1.50
2011.08.19 01:17:54.298,1.63434,1.63508,1.13,1.09
2011.08.19 01:17:54.637,1.63438,1.63507,1.13,1.09
2011.08.19 01:17:55.105,1.63431,1.63503,1.13,1.09
2011.08.19 01:17:55.233,1.63425,1.63503,1.50,1.09
2011.08.19 01:17:55.793,1.63412,1.63496,1.09,1.69
2011.08.19 01:17:55.909,1.63413,1.63494,1.09,1.09
2011.08.19 01:17:56.469,1.63411,1.63494,1.47,1.09
2011.08.19 01:17:56.701,1.63413,1.63494,1.09,1.47
2011.08.19 01:17:56.821,1.63411,1.63494,1.47,1.47
2011.08.19 01:17:57.160,1.63413,1.63494,1.09,1.09
2011.08.19 01:17:58.008,1.63409,1.63493,1.13,1.09
2011.08.19 01:17:58.786,1.63407,1.63488,1.50,1.84
2011.08.19 01:17:59.117,1.63407,1.63485,1.13,1.35
2011.08.19 01:17:59.888,1.63407,1.63485,1.88,2.10
2011.08.19 01:17:59.997,1.63407,1.63485,1.13,1.35
2011.08.19 01:18:00.596,1.63407,1.63485,1.13,2.10
2011.08.19 01:18:01.596,1.63407,1.63485,1.13,2.10
2011.08.19 01:18:02.408,1.63411,1.63485,1.13,2.10
2011.08.19 01:18:02.986,1.63407,1.63485,1.13,1.35
2011.08.19 01:18:03.452,1.63407,1.63488,1.13,2.22
2011.08.19 01:18:04.057,1.63407,1.63486,1.13,1.13
2011.08.19 01:18:04.169,1.63407,1.63486,1.13,1.88
2011.08.19 01:18:05.160,1.63407,1.63486,1.13,1.50
2011.08.19 01:18:05.378,1.63407,1.63486,1.13,1.50
2011.08.19 01:18:05.721,1.63407,1.63468,1.13,1.84
2011.08.19 01:18:05.838,1.63384,1.63456,1.13,1.09
2011.08.19 01:18:05.960,1.63386,1.63457,1.13,1.13
2011.08.19 01:18:06.188,1.63384,1.63462,1.13,1.50
2011.08.19 01:18:06.749,1.63386,1.63462,1.13,1.13
2011.08.19 01:18:07.587,1.63388,1.63462,1.13,1.13
2011.08.19 01:18:09.367,1.63396,1.6346,1.13,1.50
2011.08.19 01:18:10.268,1.63392,1.63458,1.13,1.09
2011.08.19 01:18:12.185,1.63396,1.63457,1.13,1.09
2011.08.19 01:18:12.927,1.63387,1.6345,1.09,1.09
2011.08.19 01:18:13.366,1.63387,1.63453,1.09,1.47
2011.08.19 01:18:13.477,1.63379,1.63453,1.13,1.84
2011.08.19 01:18:14.452,1.63377,1.63452,1.13,1.09
2011.08.19 01:18:14.575,1.63379,1.63454,1.13,1.84
2011.08.19 01:18:14.796,1.63379,1.63452,1.13,1.09
2011.08.19 01:18:16.509,1.63376,1.63452,1.13,1.09
2011.08.19 01:18:16.628,1.63379,1.63452,1.13,1.09
2011.08.19 01:18:18.211,1.63379,1.63453,1.13,1.84
2011.08.19 01:18:18.718,1.63379,1.63452,1.13,1.09
2011.08.19 01:18:19.247,1.63376,1.63452,1.88,1.84
2011.08.19 01:18:19.628,1.63379,1.63452,1.13,1.47
2011.08.19 01:18:19.748,1.63377,1.63452,1.13,1.47
2011.08.19 01:18:20.089,1.6338,1.63452,1.13,1.09
2011.08.19 01:18:20.209,1.63376,1.63448,1.13,1.84
2011.08.19 01:18:20.720,1.63372,1.63443,1.50,1.09
2011.08.19 01:18:22.739,1.6338,1.6344,1.13,1.09
2011.08.19 01:18:22.862,1.63376,1.63439,1.13,1.13
2011.08.19 01:18:22.981,1.63364,1.63439,1.13,1.50
2011.08.19 01:18:23.209,1.63364,1.63438,1.13,1.13
2011.08.19 01:18:23.548,1.63364,1.63437,1.13,1.88
2011.08.19 01:18:23.665,1.63364,1.63437,1.13,1.88
2011.08.19 01:18:23.997,1.63364,1.63436,1.13,1.13
2011.08.19 01:18:25.056,1.63364,1.63436,1.13,1.13
2011.08.19 01:18:26.135,1.63364,1.63434,1.13,1.13
2011.08.19 01:18:28.281,1.63364,1.63436,1.13,1.13
2011.08.19 01:18:28.511,1.63364,1.63437,1.13,1.09
2011.08.19 01:18:30.198,1.63364,1.6343,1.13,1.09
2011.08.19 01:18:31.617,1.63363,1.63433,1.50,1.09
2011.08.19 01:18:35.897,1.63364,1.63428,1.50,1.09
2011.08.19 01:18:36.830,1.63367,1.63428,1.13,1.09
2011.08.19 01:18:36.952,1.63366,1.63433,1.47,1.09
2011.08.19 01:18:38.365,1.63367,1.63434,1.09,1.09
2011.08.19 01:18:39.569,1.63368,1.63434,1.09,1.09
2011.08.19 01:18:40.240,1.63367,1.63434,1.09,1.09
2011.08.19 01:18:40.798,1.63368,1.63433,1.09,1.09
2011.08.19 01:18:46.847,1.63373,1.63439,1.13,1.84
2011.08.19 01:18:50.402,1.63371,1.63439,1.13,1.09
2011.08.19 01:18:53.027,1.63372,1.63439,1.13,1.84
2011.08.19 01:18:53.426,1.63372,1.63441,1.13,1.47
2011.08.19 01:18:55.028,1.6337,1.63439,1.09,1.09
2011.08.19 01:18:55.260,1.6337,1.63433,1.09,1.09
2011.08.19 01:18:55.868,1.63367,1.63438,1.47,1.09
2011.08.19 01:18:56.121,1.6337,1.6344,1.09,2.22
2011.08.19 01:18:56.789,1.63367,1.63438,1.09,1.09
2011.08.19 01:18:57.346,1.6337,1.63439,1.09,2.22
2011.08.19 01:18:57.897,1.63362,1.63431,1.13,1.47
2011.08.19 01:18:58.008,1.63361,1.63431,1.13,1.09
2011.08.19 01:18:58.777,1.63361,1.63431,1.50,1.47
2011.08.19 01:18:58.905,1.6336,1.6343,1.09,1.47
2011.08.19 01:18:59.238,1.63362,1.63431,1.50,1.47
2011.08.19 01:18:59.907,1.63361,1.6343,1.50,1.47
2011.08.19 01:19:00.024,1.63363,1.63432,1.78,1.47
2011.08.19 01:19:00.250,1.6337,1.63434,1.09,1.09
2011.08.19 01:19:00.808,1.63371,1.63442,1.84,1.09
2011.08.19 01:19:01.259,1.63372,1.63443,1.47,1.50
2011.08.19 01:19:01.378,1.63372,1.63444,1.47,1.47
2011.08.19 01:19:01.496,1.6337,1.63444,1.47,1.47
2011.08.19 01:19:02.657,1.63371,1.63434,1.50,1.09
2011.08.19 01:19:02.877,1.63369,1.63432,1.50,1.09
2011.08.19 01:19:02.988,1.63364,1.63432,1.13,1.09
2011.08.19 01:19:03.097,1.63364,1.6343,1.13,1.09
2011.08.19 01:19:03.429,1.63372,1.63432,1.13,1.13
2011.08.19 01:19:03.549,1.63372,1.63433,1.13,1.13
2011.08.19 01:19:04.098,1.63372,1.63433,1.13,1.88
2011.08.19 01:19:04.794,1.63372,1.63433,1.13,1.13
2011.08.19 01:19:06.307,1.63373,1.63433,1.13,1.88
2011.08.19 01:19:06.975,1.63372,1.63433,1.13,1.88
2011.08.19 01:19:07.859,1.63373,1.63433,1.13,2.25
2011.08.19 01:19:08.559,1.63372,1.63431,1.13,1.13
2011.08.19 01:19:08.677,1.63373,1.63433,1.13,1.13
2011.08.19 01:19:09.417,1.63373,1.63431,1.13,1.13
2011.08.19 01:19:09.857,1.63373,1.63433,1.13,1.88
2011.08.19 01:19:09.967,1.63373,1.63433,1.13,1.13
2011.08.19 01:19:10.078,1.63373,1.63433,1.13,1.50
2011.08.19 01:19:10.676,1.63373,1.63431,1.13,1.50
2011.08.19 01:19:10.898,1.63373,1.63432,1.13,1.13
2011.08.19 01:19:12.243,1.63372,1.63431,1.13,1.50
2011.08.19 01:19:12.576,1.63373,1.63432,1.13,1.13
2011.08.19 01:19:12.686,1.63372,1.63433,1.13,1.88
2011.08.19 01:19:12.968,1.63372,1.63434,1.13,2.25
2011.08.19 01:19:13.188,1.63373,1.63436,1.50,1.50
2011.08.19 01:19:13.298,1.63373,1.63441,1.50,1.09
2011.08.19 01:19:14.229,1.63382,1.63443,1.13,1.09
2011.08.19 01:19:14.570,1.63383,1.63441,1.13,1.09
2011.08.19 01:19:14.797,1.63382,1.63444,1.13,1.09
2011.08.19 01:19:15.896,1.63365,1.63436,1.13,2.07
2011.08.19 01:19:17.158,1.63365,1.63429,1.13,1.09
2011.08.19 01:19:17.537,1.63377,1.63436,1.47,2.82
2011.08.19 01:19:17.757,1.63378,1.63439,1.47,1.47
2011.08.19 01:19:17.868,1.63377,1.63439,1.13,2.97
2011.08.19 01:19:19.439,1.63378,1.63438,1.13,1.47
2011.08.19 01:19:22.117,1.63377,1.63432,1.13,1.09
2011.08.19 01:19:22.658,1.63378,1.63433,1.13,1.09
2011.08.19 01:19:26.436,1.63378,1.63433,1.13,1.09
2011.08.19 01:19:27.936,1.63372,1.63433,1.13,1.09
2011.08.19 01:19:36.284,1.63371,1.63433,1.13,1.09
2011.08.19 01:19:36.396,1.63369,1.63433,1.50,1.09
2011.08.19 01:19:40.117,1.63368,1.63432,1.13,1.09
2011.08.19 01:19:40.226,1.63368,1.63434,1.13,1.09
2011.08.19 01:19:40.776,1.6337,1.63434,1.13,1.09
2011.08.19 01:19:43.345,1.6337,1.63439,1.47,1.09
2011.08.19 01:19:43.458,1.63371,1.63439,1.09,1.09
2011.08.19 01:19:46.148,1.63372,1.63444,1.50,1.47
2011.08.19 01:19:47.809,1.63372,1.6344,1.13,1.09
2011.08.19 01:19:49.067,1.63372,1.6344,1.13,1.09
2011.08.19 01:19:58.207,1.63373,1.6344,1.13,1.09
2011.08.19 01:19:58.428,1.63374,1.6344,1.13,1.09
2011.08.19 01:20:04.384,1.63383,1.6344,1.13,1.09
2011.08.19 01:20:08.027,1.63383,1.6344,1.13,1.09
2011.08.19 01:20:08.907,1.63382,1.6344,1.50,1.09
2011.08.19 01:20:12.154,1.63381,1.6344,1.13,1.09
2011.08.19 01:20:12.655,1.63379,1.6344,1.13,1.09
2011.08.19 01:20:14.308,1.63378,1.6344,1.88,1.09
2011.08.19 01:20:14.426,1.63378,1.6344,1.13,1.09
2011.08.19 01:20:15.412,1.63378,1.6344,1.40,1.09
2011.08.19 01:20:15.858,1.63379,1.6344,1.50,1.09
2011.08.19 01:20:17.846,1.63379,1.63439,1.50,1.09
2011.08.19 01:20:18.396,1.63379,1.63434,1.13,1.09
2011.08.19 01:20:20.147,1.6338,1.6344,1.13,1.84
2011.08.19 01:20:20.477,1.6338,1.63442,1.13,1.47
2011.08.19 01:20:23.422,1.63379,1.63442,1.13,1.47
2011.08.19 01:20:23.758,1.63372,1.63444,1.13,1.47
2011.08.19 01:20:23.979,1.63372,1.63447,2.25,1.09
2011.08.19 01:20:24.865,1.63379,1.63454,1.13,2.59
2011.08.19 01:20:25.416,1.6338,1.63451,1.13,1.09
2011.08.19 01:20:31.426,1.63382,1.63448,1.09,1.13
2011.08.19 01:20:31.537,1.63384,1.63448,1.09,1.13
2011.08.19 01:20:31.757,1.63389,1.63453,1.13,1.50
2011.08.19 01:20:31.867,1.63388,1.63452,1.13,1.84
2011.08.19 01:20:32.087,1.63379,1.63449,1.47,1.47
2011.08.19 01:20:36.387,1.63379,1.63445,1.13,1.13
2011.08.19 01:20:36.716,1.6338,1.6345,1.13,1.50
2011.08.19 01:20:36.936,1.6338,1.6345,1.13,1.50
2011.08.19 01:20:40.708,1.6338,1.6345,1.13,1.50
2011.08.19 01:20:40.827,1.63386,1.6345,1.13,1.13
2011.08.19 01:20:41.746,1.63387,1.63449,1.47,1.09
2011.08.19 01:20:42.519,1.63389,1.63454,1.47,1.09
2011.08.19 01:20:42.857,1.63391,1.63459,1.13,1.47
2011.08.19 01:20:43.345,1.63385,1.63449,1.50,1.84
2011.08.19 01:20:43.472,1.63385,1.63449,1.50,1.84
2011.08.19 01:20:44.027,1.63389,1.63449,1.13,1.84
2011.08.19 01:20:44.357,1.63389,1.63454,1.13,1.09
2011.08.19 01:20:45.680,1.63389,1.6345,1.13,1.09
2011.08.19 01:20:45.798,1.63389,1.63457,1.13,1.50
2011.08.19 01:20:45.907,1.63389,1.63459,1.50,2.25
2011.08.19 01:20:46.347,1.6339,1.63454,1.13,1.50
2011.08.19 01:20:47.341,1.63389,1.63453,1.13,1.88
2011.08.19 01:20:47.460,1.6339,1.63453,1.13,1.88
2011.08.19 01:20:47.802,1.63389,1.63458,1.13,1.50
2011.08.19 01:20:47.918,1.63389,1.63458,1.13,1.88
2011.08.19 01:20:48.249,1.63397,1.63457,1.09,1.09
2011.08.19 01:20:48.371,1.63397,1.63457,1.09,1.09
2011.08.19 01:20:51.560,1.63402,1.63457,1.13,1.09
2011.08.19 01:20:53.503,1.63396,1.63454,1.13,1.09
2011.08.19 01:20:53.617,1.63394,1.63454,1.13,1.09
2011.08.19 01:21:03.408,1.63393,1.63449,1.13,1.09
2011.08.19 01:21:04.503,1.63393,1.63448,1.13,1.09
2011.08.19 01:21:05.597,1.63388,1.63448,1.84,1.09
2011.08.19 01:21:07.441,1.63388,1.63448,1.09,1.09
2011.08.19 01:21:08.037,1.63388,1.63448,1.09,1.09
2011.08.19 01:21:08.919,1.63388,1.63448,1.09,1.09
2011.08.19 01:21:10.718,1.63382,1.63438,1.09,1.09
2011.08.19 01:21:10.837,1.63382,1.63438,1.09,1.09
2011.08.19 01:21:11.167,1.63382,1.63435,1.09,1.09
2011.08.19 01:21:13.677,1.63382,1.63435,1.09,1.09
2011.08.19 01:21:14.120,1.63372,1.63438,1.09,1.84
2011.08.19 01:21:14.462,1.63381,1.63444,1.09,1.47
2011.08.19 01:21:14.581,1.63366,1.63432,1.50,1.84
2011.08.19 01:21:14.702,1.63359,1.63432,1.84,1.84
2011.08.19 01:21:15.040,1.63359,1.63432,1.09,1.84
2011.08.19 01:21:15.810,1.63359,1.63432,2.44,1.84
2011.08.19 01:21:15.926,1.63361,1.63435,1.09,1.09
2011.08.19 01:21:17.106,1.63361,1.63435,1.09,1.47
2011.08.19 01:21:17.436,1.63361,1.63435,1.09,1.47
2011.08.19 01:21:18.008,1.63361,1.63435,1.09,1.47
2011.08.19 01:21:18.129,1.63361,1.63434,1.09,1.09
2011.08.19 01:21:18.247,1.63361,1.63435,1.09,1.09
2011.08.19 01:21:18.358,1.63361,1.63436,1.84,1.09
2011.08.19 01:21:18.480,1.63362,1.63437,1.50,1.09
2011.08.19 01:21:18.598,1.63362,1.63437,1.50,1.09
2011.08.19 01:21:18.817,1.63365,1.63437,1.35,1.47
2011.08.19 01:21:19.444,1.63365,1.63436,2.10,1.47
2011.08.19 01:21:19.564,1.63361,1.63436,1.09,1.09
2011.08.19 01:21:20.680,1.63358,1.63436,1.13,1.09
2011.08.19 01:21:21.539,1.63361,1.63436,1.13,1.13
2011.08.19 01:21:21.769,1.63361,1.63437,1.50,1.88
2011.08.19 01:21:22.220,1.6336,1.63438,1.13,1.13
2011.08.19 01:21:22.337,1.63362,1.63438,1.13,1.50
2011.08.19 01:21:23.477,1.6336,1.63436,1.13,1.88
2011.08.19 01:21:24.107,1.63361,1.63435,1.88,1.13
2011.08.19 01:21:25.097,1.63362,1.63435,1.13,1.13
2011.08.19 01:21:26.155,1.63362,1.63435,1.13,1.13
2011.08.19 01:21:26.486,1.63367,1.63433,1.84,1.09
2011.08.19 01:21:28.158,1.63374,1.63436,1.13,1.47
2011.08.19 01:21:28.272,1.63371,1.63436,1.13,1.47
2011.08.19 01:21:28.968,1.63374,1.63437,1.13,1.47
2011.08.19 01:21:30.020,1.63368,1.63434,1.50,1.09
2011.08.19 01:21:32.869,1.63371,1.63434,1.13,1.09
2011.08.19 01:21:32.991,1.6337,1.63437,1.13,1.13
2011.08.19 01:21:33.217,1.63371,1.63437,1.13,1.13
2011.08.19 01:21:33.767,1.63371,1.63437,1.13,1.50
2011.08.19 01:21:35.297,1.63371,1.63438,1.13,1.47
2011.08.19 01:21:35.517,1.6337,1.63437,1.13,1.50
2011.08.19 01:21:36.067,1.6337,1.63437,1.13,1.50
2011.08.19 01:21:38.529,1.6337,1.63437,1.13,1.88
2011.08.19 01:21:39.090,1.63364,1.63435,1.50,1.09
2011.08.19 01:21:39.757,1.63367,1.63436,1.50,1.47
2011.08.19 01:21:40.306,1.6337,1.63435,1.13,1.09
2011.08.19 01:21:41.089,1.63372,1.63436,1.13,1.47
2011.08.19 01:21:41.538,1.63371,1.63435,1.13,1.09
2011.08.19 01:21:41.870,1.63371,1.63437,1.13,1.09
2011.08.19 01:21:42.786,1.63365,1.63438,1.50,2.22
2011.08.19 01:21:42.898,1.63364,1.63433,1.50,1.13
2011.08.19 01:21:43.816,1.63365,1.63431,1.50,1.13
2011.08.19 01:21:44.149,1.63367,1.63428,1.50,1.09
2011.08.19 01:21:44.895,1.63367,1.63427,1.50,1.13
2011.08.19 01:21:45.117,1.63367,1.63433,1.50,1.47
2011.08.19 01:21:45.226,1.63367,1.63432,1.50,1.09
2011.08.19 01:21:45.856,1.63367,1.63426,1.50,1.13
2011.08.19 01:21:46.081,1.63367,1.63426,1.50,1.13
2011.08.19 01:21:46.669,1.63371,1.63426,1.13,1.13
2011.08.19 01:21:47.010,1.63365,1.63434,1.13,1.84
2011.08.19 01:21:47.131,1.63366,1.63437,1.13,1.50
2011.08.19 01:21:48.218,1.63366,1.63435,1.13,1.50
2011.08.19 01:21:48.450,1.63367,1.63437,1.13,1.50
2011.08.19 01:21:48.680,1.63371,1.63437,1.13,1.13
2011.08.19 01:21:49.237,1.63371,1.63436,1.13,1.13
2011.08.19 01:21:50.119,1.63373,1.63437,1.13,1.13
2011.08.19 01:21:51.202,1.6337,1.63438,1.47,1.13
2011.08.19 01:21:51.319,1.63371,1.63438,1.47,1.50
2011.08.19 01:21:51.656,1.63372,1.63437,1.13,1.13
2011.08.19 01:21:51.876,1.63372,1.63436,1.13,1.13
2011.08.19 01:21:52.369,1.63372,1.63443,1.13,1.50
2011.08.19 01:21:52.818,1.63372,1.63443,1.13,1.88
2011.08.19 01:21:53.460,1.63372,1.63437,1.13,1.13
2011.08.19 01:21:54.721,1.63372,1.63437,1.13,1.13
2011.08.19 01:21:55.059,1.63372,1.63436,1.13,1.13
2011.08.19 01:21:55.627,1.63372,1.63431,1.13,1.09
2011.08.19 01:21:55.739,1.63371,1.6343,1.88,1.09
2011.08.19 01:21:55.971,1.63372,1.63447,1.47,1.13
2011.08.19 01:21:56.092,1.6339,1.63458,1.13,1.09
2011.08.19 01:21:56.426,1.6339,1.63458,1.50,1.09
2011.08.19 01:21:57.359,1.6339,1.63453,1.50,1.09
2011.08.19 01:21:57.697,1.6339,1.63451,1.50,1.09
2011.08.19 01:21:57.811,1.63383,1.63451,1.13,1.09
2011.08.19 01:21:57.931,1.63381,1.63454,1.13,1.09
2011.08.19 01:21:58.267,1.63382,1.6346,1.13,1.50
2011.08.19 01:21:58.927,1.63381,1.6346,1.13,1.50
2011.08.19 01:21:59.491,1.63381,1.6346,1.88,1.50
2011.08.19 01:22:00.006,1.63381,1.6346,1.88,1.50
2011.08.19 01:22:00.117,1.63383,1.6346,1.13,1.50
2011.08.19 01:22:01.937,1.63383,1.6346,1.13,1.50
2011.08.19 01:22:02.696,1.63383,1.6346,1.13,1.50
2011.08.19 01:22:04.013,1.63383,1.6346,1.13,1.50
2011.08.19 01:22:06.477,1.6339,1.63461,1.13,1.50
2011.08.19 01:22:06.809,1.63386,1.63454,1.50,1.50
2011.08.19 01:22:06.929,1.63381,1.63454,1.13,1.50
2011.08.19 01:22:07.157,1.63381,1.63453,1.13,1.50
2011.08.19 01:22:07.489,1.63381,1.63448,1.13,1.09
2011.08.19 01:22:08.578,1.63381,1.63446,1.13,1.09
2011.08.19 01:22:08.701,1.63381,1.63446,1.13,1.09
2011.08.19 01:22:09.042,1.63378,1.63444,1.13,1.09
2011.08.19 01:22:09.270,1.63379,1.63444,1.13,1.09
2011.08.19 01:22:09.498,1.63377,1.63444,1.13,1.09
2011.08.19 01:22:11.088,1.63379,1.63444,1.13,1.84
2011.08.19 01:22:13.406,1.63379,1.63444,1.13,1.09
2011.08.19 01:22:14.177,1.63377,1.63445,1.13,1.09
2011.08.19 01:22:14.638,1.63379,1.63448,1.13,1.09
2011.08.19 01:22:16.478,1.63382,1.63448,1.13,1.09
2011.08.19 01:22:19.794,1.63382,1.63451,1.13,1.50
2011.08.19 01:22:19.907,1.63382,1.63453,1.13,1.50
2011.08.19 01:22:20.130,1.63387,1.63453,1.13,1.50
2011.08.19 01:22:20.247,1.63387,1.63459,1.13,1.50
2011.08.19 01:22:20.356,1.63387,1.63461,1.13,1.50
2011.08.19 01:22:21.872,1.63387,1.63459,1.13,1.50
2011.08.19 01:22:22.426,1.63387,1.63454,1.13,1.50
2011.08.19 01:22:23.313,1.63386,1.6345,1.88,1.09
2011.08.19 01:22:23.869,1.63377,1.63448,1.88,1.84
2011.08.19 01:22:24.208,1.63379,1.63448,1.50,1.09
2011.08.19 01:22:24.537,1.63385,1.63454,1.13,1.09
2011.08.19 01:22:26.390,1.63387,1.6346,1.13,1.50
2011.08.19 01:22:26.970,1.63387,1.6346,1.13,1.50
2011.08.19 01:22:28.108,1.63392,1.6346,1.13,1.50
2011.08.19 01:22:30.236,1.63392,1.6346,1.13,1.50
2011.08.19 01:22:34.660,1.63391,1.6346,1.13,1.50
2011.08.19 01:22:34.779,1.63387,1.63456,1.13,1.50
2011.08.19 01:22:35.460,1.63387,1.63453,1.13,1.50
2011.08.19 01:22:35.800,1.63385,1.63451,1.13,1.50
2011.08.19 01:22:36.537,1.63386,1.63451,1.13,1.50
2011.08.19 01:22:37.098,1.63386,1.63454,1.13,1.50
2011.08.19 01:22:37.759,1.63385,1.63451,1.13,1.50
2011.08.19 01:22:41.756,1.63385,1.63453,1.13,1.50
2011.08.19 01:22:41.979,1.63385,1.63455,1.13,1.50
2011.08.19 01:22:42.636,1.63386,1.63455,1.13,1.50
2011.08.19 01:22:42.857,1.63392,1.63455,1.13,1.50
2011.08.19 01:22:43.407,1.63393,1.63457,1.13,2.10
2011.08.19 01:22:44.067,1.63392,1.63457,1.13,2.10
2011.08.19 01:22:44.607,1.63392,1.63456,1.13,1.50
2011.08.19 01:22:44.936,1.63393,1.63456,1.13,1.50
2011.08.19 01:22:45.497,1.63393,1.63456,1.13,1.50
2011.08.19 01:22:47.049,1.63392,1.63459,1.13,2.85
2011.08.19 01:22:47.995,1.63393,1.63459,1.13,1.09
2011.08.19 01:22:48.115,1.63404,1.63464,1.13,1.09
2011.08.19 01:22:53.979,1.63403,1.63464,1.13,1.09
2011.08.19 01:22:58.868,1.63404,1.63467,1.13,1.09
2011.08.19 01:23:04.918,1.63404,1.63467,1.13,1.09
2011.08.19 01:23:05.466,1.63403,1.63468,1.13,1.09
2011.08.19 01:23:09.507,1.63404,1.63467,1.13,1.09
2011.08.19 01:23:09.967,1.63398,1.63458,1.13,1.84
2011.08.19 01:23:10.085,1.63387,1.63454,1.50,1.09
2011.08.19 01:23:10.198,1.63387,1.63454,1.13,1.09
2011.08.19 01:23:10.859,1.63387,1.6345,1.50,1.09
2011.08.19 01:23:11.728,1.63386,1.63453,1.50,1.09
2011.08.19 01:23:12.277,1.63384,1.63453,1.13,1.09
2011.08.19 01:23:15.088,1.63385,1.63453,1.13,1.84
2011.08.19 01:23:16.481,1.63387,1.63453,1.50,1.09
2011.08.19 01:23:16.599,1.63388,1.63453,1.13,1.09
2011.08.19 01:23:18.139,1.63387,1.63453,1.88,1.09
2011.08.19 01:23:18.258,1.6339,1.63458,1.13,1.09
2011.08.19 01:23:18.479,1.6339,1.63453,1.13,1.09
2011.08.19 01:23:20.066,1.6339,1.63458,1.88,1.09
2011.08.19 01:23:22.358,1.63387,1.63458,1.13,1.09
2011.08.19 01:23:22.468,1.6339,1.63459,1.13,1.09
2011.08.19 01:23:22.577,1.63396,1.63459,1.13,1.09
2011.08.19 01:23:24.657,1.63388,1.63458,1.50,1.09
2011.08.19 01:23:24.767,1.63389,1.63458,1.13,1.09
2011.08.19 01:23:25.266,1.63388,1.63458,1.13,1.09
2011.08.19 01:23:27.376,1.6339,1.63458,1.13,1.09
2011.08.19 01:23:28.499,1.63389,1.63458,1.13,1.84
2011.08.19 01:23:29.058,1.63389,1.6346,1.13,1.50
2011.08.19 01:23:29.169,1.63395,1.6346,1.13,1.50
2011.08.19 01:23:30.928,1.63395,1.63459,1.13,1.50
2011.08.19 01:23:31.509,1.63395,1.63463,1.13,1.13
2011.08.19 01:23:32.115,1.63395,1.63458,1.13,1.50
2011.08.19 01:23:32.561,1.63394,1.63458,1.13,1.50
2011.08.19 01:23:32.792,1.63394,1.63458,1.13,1.50
2011.08.19 01:23:32.911,1.63394,1.63455,1.13,1.09
2011.08.19 01:23:33.238,1.63395,1.63455,1.13,1.84
2011.08.19 01:23:35.579,1.63395,1.63455,1.13,1.84
2011.08.19 01:23:35.809,1.63388,1.63455,1.13,1.84
2011.08.19 01:23:38.066,1.63388,1.63454,1.13,1.50
2011.08.19 01:23:38.653,1.63388,1.63451,1.13,1.50
2011.08.19 01:23:43.698,1.63388,1.63454,1.13,1.50
2011.08.19 01:23:43.917,1.63382,1.63454,1.13,2.85
2011.08.19 01:23:45.712,1.63381,1.63452,1.13,1.50
2011.08.19 01:23:45.829,1.63381,1.6345,1.13,2.10
2011.08.19 01:23:45.947,1.63381,1.6345,1.88,2.10
2011.08.19 01:23:47.473,1.63382,1.63454,1.13,2.10
2011.08.19 01:23:47.920,1.63381,1.63454,1.88,2.10
2011.08.19 01:23:48.302,1.63382,1.63454,1.13,2.10
2011.08.19 01:23:48.528,1.63382,1.63449,1.13,2.10
2011.08.19 01:23:50.149,1.63382,1.63449,1.13,2.10
2011.08.19 01:23:54.461,1.63382,1.63449,1.13,2.10
2011.08.19 01:23:54.578,1.63389,1.63455,1.13,1.50
2011.08.19 01:23:58.138,1.63389,1.63455,1.13,1.50
2011.08.19 01:24:00.256,1.63383,1.63451,1.13,1.13
2011.08.19 01:24:00.367,1.63383,1.63448,1.13,1.47
2011.08.19 01:24:00.588,1.63377,1.6344,1.88,1.09
2011.08.19 01:24:00.698,1.63377,1.6344,1.13,1.09
2011.08.19 01:24:01.262,1.63377,1.63445,1.47,1.09
2011.08.19 01:24:01.488,1.6338,1.63451,1.09,1.09
2011.08.19 01:24:01.818,1.63385,1.63453,1.13,1.09
2011.08.19 01:24:02.148,1.63393,1.63448,1.13,1.09
2011.08.19 01:24:03.197,1.63394,1.63453,1.13,1.09
2011.08.19 01:24:03.828,1.63393,1.63453,1.13,1.09
2011.08.19 01:24:04.158,1.63396,1.63454,1.13,1.09
2011.08.19 01:24:10.497,1.63398,1.63458,1.13,1.84
2011.08.19 01:24:10.828,1.63405,1.63466,1.09,1.09
2011.08.19 01:24:10.949,1.63401,1.63459,1.50,1.09
2011.08.19 01:24:12.417,1.63402,1.63463,1.13,1.09
2011.08.19 01:24:12.969,1.63401,1.63463,1.13,1.09
2011.08.19 01:24:13.742,1.63397,1.63461,1.50,1.09
2011.08.19 01:24:13.875,1.63396,1.6346,1.13,1.09
2011.08.19 01:24:14.539,1.63396,1.63465,1.47,1.50
2011.08.19 01:24:14.878,1.63405,1.63467,1.13,1.09
2011.08.19 01:24:14.987,1.63405,1.63468,1.13,2.59
2011.08.19 01:24:16.256,1.63404,1.63465,1.13,1.50
2011.08.19 01:24:16.807,1.63407,1.63467,1.13,1.09
2011.08.19 01:24:17.519,1.634,1.63469,1.13,1.09
2011.08.19 01:24:19.838,1.63402,1.63466,1.13,1.09
2011.08.19 01:24:20.489,1.63402,1.63472,1.13,1.84
2011.08.19 01:24:20.614,1.63404,1.63477,1.13,1.09
2011.08.19 01:24:20.727,1.63402,1.63475,1.13,1.09
2011.08.19 01:24:23.128,1.63404,1.63475,1.13,1.09
2011.08.19 01:24:24.118,1.63402,1.63475,1.88,1.09
2011.08.19 01:24:24.453,1.63404,1.63475,1.13,1.09
2011.08.19 01:24:28.009,1.63406,1.63475,1.13,1.09
2011.08.19 01:24:30.120,1.63408,1.63475,1.13,1.09
2011.08.19 01:24:33.248,1.63411,1.63475,1.88,1.09
2011.08.19 01:24:33.836,1.63412,1.63477,1.13,1.09
2011.08.19 01:24:35.256,1.63411,1.63477,1.88,1.09
2011.08.19 01:24:36.049,1.63411,1.63475,1.13,1.50
2011.08.19 01:24:36.409,1.63411,1.63467,1.13,1.13
2011.08.19 01:24:36.638,1.63406,1.63467,1.88,1.13
2011.08.19 01:24:36.857,1.63406,1.63467,1.13,1.47
2011.08.19 01:24:38.854,1.63407,1.63468,1.13,1.09
2011.08.19 01:24:39.296,1.63407,1.63468,1.50,1.09
2011.08.19 01:24:39.519,1.63419,1.63479,1.13,1.09
2011.08.19 01:24:39.857,1.63422,1.63487,1.50,1.84
2011.08.19 01:24:42.270,1.63423,1.63487,1.09,1.09
2011.08.19 01:24:42.764,1.63428,1.63493,1.50,1.09
2011.08.19 01:24:44.095,1.63427,1.63488,1.50,1.09
2011.08.19 01:24:45.249,1.63427,1.63491,1.50,1.09
2011.08.19 01:24:46.738,1.63428,1.63481,1.50,1.84
2011.08.19 01:24:46.971,1.63421,1.63481,1.88,2.22
2011.08.19 01:24:47.748,1.63422,1.63481,1.13,1.84
2011.08.19 01:24:49.127,1.63427,1.63481,1.13,1.84
2011.08.19 01:24:50.409,1.63427,1.63481,1.13,1.84
2011.08.19 01:24:50.527,1.63426,1.63481,1.13,1.84
2011.08.19 01:24:51.034,1.63422,1.63481,1.13,1.84
2011.08.19 01:24:53.045,1.63422,1.63481,1.13,1.84
2011.08.19 01:24:54.369,1.63426,1.63481,1.13,1.84
2011.08.19 01:24:57.231,1.63426,1.63481,1.13,1.84
2011.08.19 01:24:58.032,1.63422,1.63481,1.13,2.22
2011.08.19 01:24:59.197,1.63421,1.63482,1.13,1.09
2011.08.19 01:25:00.667,1.63421,1.63482,1.50,1.09
2011.08.19 01:25:02.493,1.63422,1.63482,1.88,1.09
2011.08.19 01:25:05.564,1.63421,1.63479,1.50,1.09
2011.08.19 01:25:05.792,1.63413,1.63477,1.50,1.09
2011.08.19 01:25:06.678,1.63413,1.63475,1.13,1.09
2011.08.19 01:25:07.868,1.63415,1.63476,1.13,1.09
2011.08.19 01:25:09.498,1.6342,1.63474,1.13,1.09
2011.08.19 01:25:12.157,1.63428,1.63484,1.13,1.09
2011.08.19 01:25:14.051,1.63426,1.63483,1.13,1.09
2011.08.19 01:25:14.171,1.63426,1.63483,1.13,1.09
2011.08.19 01:25:16.068,1.63419,1.6348,1.13,2.59
2011.08.19 01:25:16.683,1.63418,1.63475,1.50,1.09
2011.08.19 01:25:20.680,1.63417,1.63475,1.50,1.09
2011.08.19 01:25:21.018,1.63412,1.63473,1.50,1.09
2011.08.19 01:25:21.128,1.63407,1.63473,1.13,1.84
2011.08.19 01:25:21.687,1.63399,1.63467,1.13,1.09
2011.08.19 01:25:22.391,1.63399,1.63472,1.13,1.09
2011.08.19 01:25:22.728,1.63397,1.63472,1.13,1.09
2011.08.19 01:25:23.419,1.63397,1.63472,1.13,1.09
2011.08.19 01:25:24.659,1.63398,1.63467,1.13,1.09
2011.08.19 01:25:26.293,1.63397,1.63471,1.50,1.09
2011.08.19 01:25:27.159,1.63397,1.63471,1.50,1.09
2011.08.19 01:25:28.259,1.63397,1.6347,1.13,1.09
2011.08.19 01:25:31.729,1.63402,1.63472,1.09,1.13
2011.08.19 01:25:31.956,1.63403,1.63471,1.13,1.09
2011.08.19 01:25:35.148,1.63402,1.63469,1.13,1.09
2011.08.19 01:25:35.740,1.63403,1.63469,1.13,1.09
2011.08.19 01:25:37.898,1.63401,1.63465,1.13,1.09
2011.08.19 01:25:38.268,1.63404,1.63465,1.13,1.09
2011.08.19 01:25:39.057,1.63404,1.63465,1.13,1.09
2011.08.19 01:25:40.677,1.63405,1.63465,1.13,1.09
2011.08.19 01:25:41.008,1.63412,1.63465,1.13,1.09
2011.08.19 01:25:41.668,1.63412,1.63468,1.13,1.09
2011.08.19 01:25:41.777,1.63419,1.63468,1.13,1.09
2011.08.19 01:25:42.660,1.63419,1.63465,1.13,1.09
2011.08.19 01:25:44.151,1.63418,1.6347,1.13,1.09
2011.08.19 01:25:44.826,1.63419,1.63474,1.13,1.09
2011.08.19 01:25:45.698,1.63418,1.6347,1.13,1.09
2011.08.19 01:25:46.247,1.63418,1.6347,1.13,1.09
2011.08.19 01:25:47.171,1.63418,1.63473,1.13,1.09
2011.08.19 01:26:11.485,1.63421,1.63476,1.13,1.09
2011.08.19 01:26:22.239,1.63422,1.63481,1.13,1.84
2011.08.19 01:26:24.109,1.63425,1.63481,1.13,1.09
2011.08.19 01:26:24.688,1.63423,1.63481,1.13,1.09
2011.08.19 01:26:26.097,1.63425,1.63481,1.13,1.09
2011.08.19 01:26:35.410,1.63424,1.63481,1.13,1.09
2011.08.19 01:26:37.990,1.6342,1.63476,1.13,1.09
2011.08.19 01:26:38.220,1.63419,1.63475,1.13,1.09
2011.08.19 01:26:39.578,1.63418,1.63475,1.13,1.09
2011.08.19 01:26:56.008,1.63422,1.63479,1.13,3.19
2011.08.19 01:27:01.194,1.63423,1.63479,1.13,2.59
2011.08.19 01:27:01.967,1.63423,1.63479,1.13,2.59
2011.08.19 01:27:02.077,1.63423,1.63479,1.13,1.47
2011.08.19 01:27:03.437,1.63424,1.63478,1.13,1.09
2011.08.19 01:27:09.827,1.63417,1.63474,1.13,1.09
2011.08.19 01:27:12.089,1.63417,1.63468,1.13,1.84
2011.08.19 01:27:16.418,1.63405,1.63463,1.50,1.84
2011.08.19 01:27:18.066,1.63404,1.63465,1.84,1.84
2011.08.19 01:27:20.638,1.63404,1.63465,1.84,1.84
2011.08.19 01:27:21.220,1.63404,1.63466,2.59,1.09
2011.08.19 01:27:21.735,1.63412,1.63469,1.13,1.09
2011.08.19 01:27:22.302,1.63411,1.6347,1.13,1.84
2011.08.19 01:27:26.246,1.63411,1.6347,1.13,1.84
2011.08.19 01:27:26.867,1.63421,1.63474,1.13,1.09
2011.08.19 01:27:35.049,1.63421,1.63476,1.13,1.84
2011.08.19 01:27:35.818,1.63412,1.63469,1.13,1.09
2011.08.19 01:27:36.810,1.63412,1.63474,1.50,1.09
2011.08.19 01:27:44.828,1.63419,1.63477,1.13,1.47
2011.08.19 01:27:44.942,1.63418,1.63475,1.13,1.09
2011.08.19 01:27:48.023,1.63419,1.63479,1.13,2.22
2011.08.19 01:27:50.509,1.63418,1.63471,3.00,1.84
2011.08.19 01:27:54.228,1.63433,1.63478,1.13,1.09
2011.08.19 01:27:55.159,1.63432,1.63482,1.13,1.09
2011.08.19 01:27:56.440,1.63433,1.63486,1.13,2.22
2011.08.19 01:27:58.126,1.63432,1.63492,1.13,1.09
2011.08.19 01:27:58.250,1.63437,1.63493,1.13,1.09
2011.08.19 01:27:59.339,1.63431,1.63494,1.13,1.84
2011.08.19 01:28:03.218,1.63431,1.63487,1.50,1.09
2011.08.19 01:28:03.334,1.63431,1.63486,1.13,1.47
2011.08.19 01:28:03.559,1.63426,1.63485,1.13,1.09
2011.08.19 01:28:04.020,1.63425,1.63489,1.50,1.69
2011.08.19 01:28:05.779,1.63426,1.63491,1.13,1.09
2011.08.19 01:28:06.011,1.63427,1.63485,1.13,1.09
2011.08.19 01:28:06.567,1.63427,1.63483,1.13,1.09
2011.08.19 01:28:08.516,1.63427,1.63483,1.13,1.84
2011.08.19 01:28:24.367,1.63424,1.63478,1.13,1.09
2011.08.19 01:28:37.101,1.63418,1.63473,1.13,1.09
2011.08.19 01:28:37.219,1.63418,1.63469,1.13,2.22
2011.08.19 01:28:37.340,1.63409,1.63469,1.13,2.22
2011.08.19 01:28:37.571,1.63409,1.63474,1.13,1.84
2011.08.19 01:28:37.909,1.63413,1.63477,1.13,1.09
2011.08.19 01:28:38.325,1.63413,1.63479,1.13,2.44
2011.08.19 01:28:38.447,1.63413,1.63475,1.13,1.35
2011.08.19 01:28:38.780,1.63414,1.63472,1.13,1.13
2011.08.19 01:28:38.902,1.63407,1.6347,1.13,2.10
2011.08.19 01:28:39.459,1.63407,1.6347,1.13,2.10
2011.08.19 01:28:39.570,1.63408,1.63474,1.13,1.13
2011.08.19 01:28:39.689,1.63415,1.63473,1.13,1.13
2011.08.19 01:28:40.030,1.63405,1.63469,1.50,1.35
2011.08.19 01:28:40.148,1.63411,1.63476,1.13,1.13
2011.08.19 01:28:40.878,1.63411,1.63474,1.13,1.13
2011.08.19 01:28:41.098,1.63412,1.63473,1.13,1.88
2011.08.19 01:28:41.429,1.63412,1.63459,1.13,1.09
2011.08.19 01:28:41.956,1.6341,1.63461,1.13,1.47
2011.08.19 01:28:42.291,1.63403,1.63461,1.13,1.09
2011.08.19 01:28:42.408,1.63403,1.6346,1.13,1.47
2011.08.19 01:28:42.957,1.63402,1.63459,1.13,1.09
2011.08.19 01:28:45.759,1.6341,1.63461,1.13,1.13
2011.08.19 01:28:45.986,1.63411,1.63466,1.13,1.13
2011.08.19 01:28:47.947,1.63411,1.63464,1.13,1.50
2011.08.19 01:28:49.389,1.6341,1.63468,1.13,1.50
2011.08.19 01:28:50.157,1.6341,1.63462,1.13,1.13
2011.08.19 01:28:51.797,1.6341,1.63469,1.13,1.50
2011.08.19 01:28:51.912,1.63411,1.63466,1.13,1.13
2011.08.19 01:28:52.562,1.63411,1.63467,1.13,1.13
2011.08.19 01:28:52.899,1.6341,1.63464,1.13,1.09
2011.08.19 01:28:53.024,1.63411,1.63479,1.13,2.10
2011.08.19 01:28:53.141,1.63411,1.63479,1.13,2.10
2011.08.19 01:28:53.478,1.6342,1.63482,1.13,1.47
2011.08.19 01:28:54.005,1.63421,1.63482,1.13,1.09
2011.08.19 01:28:54.338,1.6342,1.6348,1.13,1.13
2011.08.19 01:28:55.470,1.6342,1.63482,1.13,1.47
2011.08.19 01:28:56.018,1.63421,1.63482,1.13,1.47
2011.08.19 01:28:56.127,1.63421,1.63483,1.13,3.19
2011.08.19 01:28:56.459,1.63421,1.63483,1.50,3.19
2011.08.19 01:28:57.566,1.63426,1.63483,1.13,1.47
2011.08.19 01:28:58.157,1.63427,1.63481,1.13,1.13
2011.08.19 01:29:00.448,1.63426,1.63481,1.13,1.13
2011.08.19 01:29:00.996,1.63426,1.63481,1.13,1.50
2011.08.19 01:29:01.558,1.63426,1.63482,1.13,1.09
2011.08.19 01:29:01.669,1.63426,1.63484,1.13,2.22
2011.08.19 01:29:01.997,1.63427,1.63482,1.13,1.09
2011.08.19 01:29:02.567,1.63427,1.63483,1.13,1.84
2011.08.19 01:29:02.899,1.6342,1.63483,1.13,2.82
2011.08.19 01:29:03.460,1.63421,1.63481,1.13,1.13
2011.08.19 01:29:04.329,1.6342,1.6348,1.13,1.13
2011.08.19 01:29:04.672,1.6342,1.63478,1.13,2.10
2011.08.19 01:29:06.060,1.63421,1.63478,1.13,2.10
2011.08.19 01:29:07.248,1.63421,1.63478,1.13,2.85
2011.08.19 01:29:07.358,1.63422,1.63479,1.13,1.13
2011.08.19 01:29:27.868,1.63424,1.63482,1.13,1.84
2011.08.19 01:29:28.497,1.63424,1.63482,1.13,1.84
2011.08.19 01:29:34.358,1.63425,1.63482,1.13,1.09
2011.08.19 01:29:37.018,1.63416,1.63474,1.50,1.09
2011.08.19 01:29:37.128,1.63416,1.63474,1.13,1.09
2011.08.19 01:29:37.741,1.63417,1.63477,1.13,2.10
2011.08.19 01:29:37.859,1.63416,1.63478,1.50,1.50
2011.08.19 01:29:37.980,1.63425,1.63477,1.13,1.13
2011.08.19 01:29:38.100,1.63425,1.63477,1.13,1.88
2011.08.19 01:29:39.828,1.63425,1.63479,1.13,1.47
2011.08.19 01:29:39.938,1.63425,1.63476,1.13,1.13
2011.08.19 01:29:48.399,1.63429,1.63474,1.13,1.09
2011.08.19 01:29:48.627,1.63423,1.63474,1.13,1.09
2011.08.19 01:29:51.458,1.63424,1.63473,1.13,1.09
2011.08.19 01:30:02.001,1.63424,1.63477,1.13,1.09
2011.08.19 01:30:03.408,1.63424,1.63479,1.13,1.47
2011.08.19 01:30:04.160,1.63424,1.63476,1.13,1.09
2011.08.19 01:30:04.719,1.63424,1.63476,1.13,1.47
2011.08.19 01:30:08.358,1.63423,1.63477,1.13,1.47
2011.08.19 01:30:09.442,1.63423,1.63476,1.13,1.09
2011.08.19 01:30:10.617,1.63424,1.63476,1.13,1.09
2011.08.19 01:30:22.119,1.63423,1.63472,1.13,1.09
2011.08.19 01:30:22.568,1.63413,1.63471,1.13,1.13
2011.08.19 01:30:26.183,1.63413,1.63471,1.13,1.13
2011.08.19 01:30:29.403,1.63413,1.63471,1.13,1.13
2011.08.19 01:30:29.850,1.63408,1.63471,1.47,1.13
2011.08.19 01:30:37.268,1.6341,1.63471,1.09,1.13
2011.08.19 01:30:40.835,1.63414,1.63471,1.13,1.13
2011.08.19 01:30:46.187,1.63415,1.63471,1.13,1.13
2011.08.19 01:30:50.917,1.63412,1.63472,1.88,1.13
2011.08.19 01:30:53.148,1.63412,1.63473,1.88,1.50
2011.08.19 01:30:53.259,1.63413,1.63469,1.13,1.50
2011.08.19 01:30:53.807,1.63406,1.63467,1.50,1.13
2011.08.19 01:30:54.451,1.63406,1.63466,1.50,1.13
2011.08.19 01:30:54.676,1.63407,1.63466,1.50,1.13
2011.08.19 01:30:57.867,1.63407,1.63468,1.50,1.13
2011.08.19 01:30:58.196,1.63406,1.63467,1.50,1.13
2011.08.19 01:30:58.641,1.63406,1.63461,1.50,1.84
2011.08.19 01:30:59.090,1.63401,1.63468,1.50,1.50
2011.08.19 01:30:59.322,1.63398,1.63471,1.50,2.07
2011.08.19 01:31:00.007,1.63399,1.63472,1.13,1.09
2011.08.19 01:31:00.227,1.63398,1.63472,1.13,1.09
2011.08.19 01:31:00.919,1.63398,1.63472,1.13,1.09
2011.08.19 01:31:01.047,1.63397,1.63475,1.13,1.09
2011.08.19 01:31:01.158,1.63397,1.63476,1.13,2.44
2011.08.19 01:31:01.492,1.63396,1.63465,1.88,2.10
2011.08.19 01:31:01.831,1.6339,1.63461,1.13,2.10
2011.08.19 01:31:02.168,1.63389,1.63466,1.13,2.10
2011.08.19 01:31:02.278,1.6339,1.63466,1.13,2.10
2011.08.19 01:31:03.608,1.6339,1.63466,1.13,1.50
2011.08.19 01:31:04.157,1.63389,1.63466,1.13,1.13
2011.08.19 01:31:04.726,1.6339,1.63465,1.13,1.73
2011.08.19 01:31:05.208,1.6339,1.63465,1.13,2.48
2011.08.19 01:31:06.138,1.6339,1.63465,1.13,1.73
2011.08.19 01:31:06.477,1.6339,1.63465,1.13,2.48
2011.08.19 01:31:07.262,1.6339,1.63465,1.13,1.73
2011.08.19 01:31:07.708,1.63389,1.63465,1.13,1.73
2011.08.19 01:31:07.819,1.6339,1.63465,1.13,1.73
2011.08.19 01:31:08.268,1.6339,1.63465,1.13,2.10
2011.08.19 01:31:08.489,1.63389,1.63465,1.13,1.35
2011.08.19 01:31:09.869,1.63389,1.63465,1.13,2.10
2011.08.19 01:31:19.820,1.63395,1.63465,1.13,1.35
2011.08.19 01:31:20.158,1.63395,1.63461,1.13,1.13
2011.08.19 01:31:21.059,1.63396,1.63462,1.50,1.13
2011.08.19 01:31:21.609,1.63402,1.63462,1.13,1.13
2011.08.19 01:31:25.249,1.63402,1.63469,1.13,1.84
2011.08.19 01:31:25.357,1.63402,1.63468,1.13,1.13
2011.08.19 01:31:25.581,1.63397,1.63466,1.09,2.10
2011.08.19 01:31:26.138,1.63397,1.63466,1.09,2.10
2011.08.19 01:31:27.227,1.63397,1.63466,1.09,2.48
2011.08.19 01:31:28.887,1.63398,1.63466,1.09,1.73
2011.08.19 01:31:30.098,1.63398,1.63466,1.09,2.10
2011.08.19 01:31:32.148,1.63397,1.63466,1.09,2.48
2011.08.19 01:31:32.747,1.63395,1.63466,1.13,3.23
2011.08.19 01:31:34.007,1.63395,1.63466,1.13,1.73
2011.08.19 01:31:34.558,1.63401,1.63469,1.13,1.50
2011.08.19 01:31:35.410,1.63401,1.6347,1.13,2.10
2011.08.19 01:31:35.747,1.63402,1.63471,1.13,1.09
2011.08.19 01:31:36.169,1.63402,1.63466,1.13,1.35
2011.08.19 01:31:36.518,1.63379,1.63451,1.88,1.69
2011.08.19 01:31:36.741,1.63375,1.63446,1.13,1.09
2011.08.19 01:31:36.863,1.63375,1.63445,1.13,2.10
2011.08.19 01:31:36.983,1.63375,1.63445,1.13,1.35
2011.08.19 01:31:37.210,1.63372,1.63441,1.13,1.35
2011.08.19 01:31:37.439,1.63366,1.63441,1.09,1.35
2011.08.19 01:31:37.667,1.63364,1.63441,1.50,1.35
2011.08.19 01:31:38.577,1.63364,1.63441,1.88,1.35
2011.08.19 01:31:39.615,1.63364,1.63442,1.50,1.09
2011.08.19 01:31:41.708,1.63364,1.63444,1.50,1.09
2011.08.19 01:31:42.109,1.63366,1.63442,1.13,1.09
2011.08.19 01:31:42.447,1.63366,1.63444,1.13,2.44
2011.08.19 01:31:46.133,1.63366,1.63442,1.13,1.09
2011.08.19 01:31:48.707,1.63366,1.63442,1.13,1.69
2011.08.19 01:31:49.670,1.63367,1.63442,1.13,1.69
2011.08.19 01:31:50.009,1.63366,1.63446,1.50,1.09
2011.08.19 01:31:50.970,1.63367,1.63442,1.50,1.69
2011.08.19 01:31:54.237,1.63367,1.63442,1.50,2.44
2011.08.19 01:31:57.181,1.63372,1.6344,1.13,1.35
2011.08.19 01:31:57.520,1.63372,1.63446,1.13,1.13
2011.08.19 01:31:58.158,1.63378,1.63447,1.13,1.13
2011.08.19 01:31:59.268,1.63378,1.63447,1.13,1.13
2011.08.19 01:31:59.599,1.63376,1.63445,1.50,1.09
2011.08.19 01:32:00.488,1.63374,1.63446,1.13,2.22
2011.08.19 01:32:00.599,1.63373,1.63445,1.13,1.09
2011.08.19 01:32:01.298,1.63378,1.63445,1.50,1.09
2011.08.19 01:32:02.148,1.63378,1.63445,1.13,1.09
2011.08.19 01:32:03.599,1.63376,1.63444,1.50,1.50
2011.08.19 01:32:04.468,1.63378,1.63445,1.50,1.09
2011.08.19 01:32:05.017,1.63377,1.63445,1.13,1.09
2011.08.19 01:32:05.362,1.63377,1.63443,1.13,1.50
2011.08.19 01:32:05.808,1.63377,1.63445,1.13,1.09
2011.08.19 01:32:05.937,1.63375,1.63446,1.13,1.09
2011.08.19 01:32:06.051,1.6338,1.63446,1.13,2.44
2011.08.19 01:32:06.593,1.63376,1.63436,1.50,1.13
2011.08.19 01:32:06.818,1.63377,1.63437,1.50,1.13
2011.08.19 01:32:07.148,1.63378,1.63456,1.13,1.09
2011.08.19 01:32:08.110,1.63378,1.63453,1.13,1.09
2011.08.19 01:32:08.339,1.63378,1.63445,1.13,1.09
2011.08.19 01:32:08.919,1.63378,1.63442,1.13,1.13
2011.08.19 01:32:09.653,1.63378,1.63442,1.13,1.13
2011.08.19 01:32:10.712,1.6338,1.63445,1.13,1.09
2011.08.19 01:32:10.978,1.63381,1.63454,1.13,1.47
2011.08.19 01:32:11.087,1.6338,1.63445,1.13,1.09
2011.08.19 01:32:11.419,1.6338,1.63445,1.13,1.47
2011.08.19 01:32:11.798,1.63372,1.63445,1.13,1.09
2011.08.19 01:32:11.922,1.63373,1.63444,1.13,1.50
2011.08.19 01:32:12.478,1.63373,1.63437,1.13,1.13
2011.08.19 01:32:13.157,1.63373,1.63437,1.13,1.13
2011.08.19 01:32:14.068,1.63373,1.63436,1.13,1.13
2011.08.19 01:32:17.900,1.63372,1.63436,1.13,1.13
2011.08.19 01:32:18.239,1.63373,1.63431,1.13,1.13
2011.08.19 01:32:18.349,1.63373,1.63431,1.13,1.13
2011.08.19 01:32:18.579,1.63373,1.63443,1.13,1.68
2011.08.19 01:32:18.689,1.63372,1.63432,1.13,1.13
2011.08.19 01:32:19.017,1.63373,1.63432,1.13,1.13
2011.08.19 01:32:20.048,1.63373,1.63431,1.13,1.13
2011.08.19 01:32:23.548,1.63373,1.63445,1.13,1.09
2011.08.19 01:32:23.659,1.63373,1.63444,1.13,1.50
2011.08.19 01:32:24.013,1.63372,1.63431,1.13,1.13
2011.08.19 01:32:26.960,1.63372,1.63432,1.50,1.13
2011.08.19 01:32:27.629,1.63372,1.63444,1.50,2.25
2011.08.19 01:32:27.848,1.63372,1.63444,1.50,1.13
2011.08.19 01:32:28.070,1.63372,1.63444,1.13,1.13
2011.08.19 01:32:28.188,1.63373,1.63444,1.13,1.50
2011.08.19 01:32:28.298,1.63373,1.63441,1.13,1.13
2011.08.19 01:32:28.409,1.63373,1.63436,1.13,2.22
2011.08.19 01:32:29.177,1.63372,1.63433,1.13,1.09
2011.08.19 01:32:29.730,1.63373,1.63436,1.13,1.47
2011.08.19 01:32:30.228,1.63371,1.63442,1.50,1.09
2011.08.19 01:32:30.338,1.63372,1.63447,1.13,1.47
2011.08.19 01:32:30.449,1.63376,1.63445,1.50,1.09
2011.08.19 01:32:30.668,1.63372,1.63445,1.50,3.19
2011.08.19 01:32:30.777,1.63372,1.63445,1.13,3.19
2011.08.19 01:32:30.889,1.63373,1.63445,1.13,3.19
2011.08.19 01:32:31.480,1.63379,1.63444,1.13,1.09
2011.08.19 01:32:32.157,1.63372,1.63443,1.50,2.22
2011.08.19 01:32:32.267,1.63372,1.63442,1.50,1.09
2011.08.19 01:32:34.098,1.63372,1.63443,1.50,1.84
2011.08.19 01:32:35.380,1.63371,1.63443,1.13,1.69
2011.08.19 01:32:36.389,1.63372,1.63443,1.13,2.44
2011.08.19 01:32:36.730,1.63372,1.63443,1.13,1.69
2011.08.19 01:32:37.069,1.63372,1.63447,1.13,1.69
2011.08.19 01:32:38.950,1.63374,1.63447,1.13,1.69
2011.08.19 01:32:39.179,1.63375,1.63443,1.13,1.09
2011.08.19 01:32:39.291,1.63366,1.63445,1.50,1.47
2011.08.19 01:32:39.410,1.63366,1.63442,1.13,1.09
2011.08.19 01:32:39.751,1.63368,1.6344,1.13,1.09
2011.08.19 01:32:39.978,1.63366,1.6344,1.50,1.09
2011.08.19 01:32:40.567,1.63369,1.6344,1.13,1.09
2011.08.19 01:32:41.033,1.6337,1.63438,1.13,1.09
2011.08.19 01:32:42.212,1.63373,1.63434,1.09,1.09
2011.08.19 01:32:42.767,1.63374,1.63446,1.13,1.84
2011.08.19 01:32:42.879,1.63374,1.63446,1.13,1.84
2011.08.19 01:32:48.811,1.63374,1.63445,1.13,1.09
2011.08.19 01:32:49.151,1.63376,1.63458,1.50,1.47
2011.08.19 01:32:49.274,1.63376,1.63457,1.50,1.35
2011.08.19 01:32:51.282,1.63377,1.63457,1.13,1.35
2011.08.19 01:32:53.403,1.63371,1.63457,1.50,2.10
2011.08.19 01:32:53.739,1.63371,1.63451,1.13,1.35
2011.08.19 01:32:53.970,1.63371,1.63456,1.13,2.10
2011.08.19 01:32:59.307,1.63373,1.63456,1.13,1.35
2011.08.19 01:32:59.969,1.63371,1.63453,1.13,1.50
2011.08.19 01:33:00.078,1.63371,1.63447,1.13,1.35
2011.08.19 01:33:01.048,1.6337,1.63447,1.13,1.35
2011.08.19 01:33:01.698,1.6337,1.63456,1.50,2.25
2011.08.19 01:33:02.028,1.63382,1.63458,1.50,2.82
2011.08.19 01:33:02.578,1.63382,1.63458,1.50,1.09
2011.08.19 01:33:03.147,1.63383,1.63459,1.50,1.47
2011.08.19 01:33:04.649,1.63377,1.63458,1.13,1.09
2011.08.19 01:33:04.757,1.63373,1.63454,1.13,1.50
2011.08.19 01:33:04.868,1.63374,1.63454,1.50,1.50
2011.08.19 01:33:05.282,1.63374,1.63457,1.84,2.48
2011.08.19 01:33:05.400,1.63377,1.63457,1.50,1.13
2011.08.19 01:33:06.153,1.63377,1.63457,1.50,1.13
2011.08.19 01:33:06.997,1.63374,1.63459,1.09,1.13
2011.08.19 01:33:07.109,1.63372,1.63456,1.13,2.82
2011.08.19 01:33:07.219,1.63372,1.63441,1.13,1.09
2011.08.19 01:33:07.339,1.63372,1.63437,1.13,1.35
2011.08.19 01:33:07.560,1.63371,1.63437,1.13,1.35
2011.08.19 01:33:07.791,1.63364,1.63441,1.50,2.07
2011.08.19 01:33:08.128,1.63383,1.63441,1.13,1.69
2011.08.19 01:33:09.570,1.63376,1.63452,1.34,1.09
2011.08.19 01:33:11.580,1.63384,1.63446,1.13,1.09
2011.08.19 01:33:11.918,1.63383,1.63445,1.13,3.19
2011.08.19 01:33:12.528,1.63377,1.63445,1.51,2.44
2011.08.19 01:33:12.639,1.63376,1.63443,1.13,1.09
2011.08.19 01:33:13.251,1.6337,1.63439,1.13,1.09
2011.08.19 01:33:14.098,1.63374,1.63439,1.13,2.44
2011.08.19 01:33:14.320,1.63359,1.63437,1.88,1.09
2011.08.19 01:33:14.439,1.63368,1.63434,1.13,1.09
2011.08.19 01:33:14.989,1.63367,1.63434,1.50,1.09
2011.08.19 01:33:15.100,1.63367,1.63435,1.88,1.09
2011.08.19 01:33:15.993,1.63365,1.63439,1.13,1.84
2011.08.19 01:33:18.138,1.63362,1.63434,1.50,1.09
2011.08.19 01:33:18.472,1.6336,1.63434,1.13,1.09
2011.08.19 01:33:19.049,1.63356,1.63434,1.50,2.82
2011.08.19 01:33:19.429,1.63357,1.63433,1.50,1.50
2011.08.19 01:33:19.722,1.63353,1.63434,1.09,3.19
2011.08.19 01:33:19.843,1.63354,1.63424,1.50,1.09
2011.08.19 01:33:19.967,1.63347,1.6342,1.50,1.09
2011.08.19 01:33:20.081,1.63347,1.63418,1.13,1.69
2011.08.19 01:33:20.308,1.63347,1.63415,1.13,1.35
2011.08.19 01:33:21.521,1.63348,1.63418,1.13,1.09
2011.08.19 01:33:23.089,1.63347,1.63418,1.13,1.84
2011.08.19 01:33:24.103,1.63348,1.63418,1.13,1.84
2011.08.19 01:33:24.903,1.63349,1.63414,1.50,1.35
2011.08.19 01:33:25.463,1.63349,1.63414,1.50,2.10
2011.08.19 01:33:25.800,1.63347,1.63414,1.13,2.10
2011.08.19 01:33:25.919,1.63348,1.63414,1.13,2.10
2011.08.19 01:33:26.980,1.63341,1.63409,1.50,1.09
2011.08.19 01:33:27.529,1.63341,1.63407,1.50,1.35
2011.08.19 01:33:28.781,1.63342,1.63414,1.13,1.69
2011.08.19 01:33:29.368,1.63349,1.63414,1.13,1.69
2011.08.19 01:33:30.081,1.63349,1.63413,1.50,1.09
2011.08.19 01:33:32.808,1.63349,1.63414,1.50,1.69
2011.08.19 01:33:33.990,1.6335,1.63414,1.50,1.69
2011.08.19 01:33:37.338,1.63352,1.63414,1.50,1.69
2011.08.19 01:33:37.862,1.63349,1.63414,1.50,1.69
2011.08.19 01:33:40.870,1.6335,1.63414,1.50,1.69
2011.08.19 01:33:40.989,1.63351,1.63414,1.13,1.69
2011.08.19 01:33:41.901,1.63351,1.63414,1.13,1.69
2011.08.19 01:33:44.038,1.63346,1.63414,1.13,2.44
2011.08.19 01:33:44.260,1.63342,1.63412,1.13,1.09
2011.08.19 01:33:44.495,1.63343,1.63414,1.13,2.82
2011.08.19 01:33:44.609,1.63342,1.63412,1.13,1.47
2011.08.19 01:33:44.718,1.6334,1.63406,1.09,1.35
2011.08.19 01:33:47.959,1.6334,1.63406,1.09,1.35
2011.08.19 01:33:49.031,1.6334,1.63406,1.09,1.35
2011.08.19 01:33:49.368,1.63353,1.63406,1.13,1.35
2011.08.19 01:33:49.479,1.63353,1.63429,1.50,1.50
2011.08.19 01:33:49.589,1.63353,1.63433,1.50,1.50
2011.08.19 01:33:50.628,1.63353,1.6343,1.50,1.50
2011.08.19 01:33:51.207,1.63353,1.6343,1.13,1.50
2011.08.19 01:33:51.918,1.63353,1.6343,1.50,1.50
2011.08.19 01:33:52.282,1.63354,1.63433,1.13,1.50
2011.08.19 01:33:54.089,1.63353,1.63434,1.88,1.50
2011.08.19 01:33:57.993,1.63363,1.63434,1.13,1.50
2011.08.19 01:33:58.569,1.63363,1.63433,1.13,1.50
2011.08.19 01:34:00.111,1.63363,1.63433,1.13,1.50
2011.08.19 01:34:00.232,1.63368,1.63433,1.13,1.84
2011.08.19 01:34:01.754,1.63366,1.63433,1.47,1.09
2011.08.19 01:34:07.014,1.63366,1.63436,1.09,1.09
2011.08.19 01:34:08.803,1.63366,1.63433,1.09,1.09
2011.08.19 01:34:09.142,1.63363,1.63432,1.13,1.84
2011.08.19 01:34:09.482,1.63357,1.63415,1.50,1.84
2011.08.19 01:34:09.711,1.63356,1.63415,1.13,1.84
2011.08.19 01:34:11.099,1.63348,1.63415,1.09,1.84
2011.08.19 01:34:11.421,1.63348,1.63415,1.09,1.84
2011.08.19 01:34:13.399,1.63348,1.63415,1.09,1.84
2011.08.19 01:34:13.507,1.63346,1.63419,1.13,1.09
2011.08.19 01:34:15.890,1.63346,1.63422,1.13,1.09
2011.08.19 01:34:17.441,1.63346,1.63419,1.13,1.84
2011.08.19 01:34:17.669,1.63346,1.63419,1.13,1.09
2011.08.19 01:34:18.371,1.63346,1.63413,1.13,1.09
2011.08.19 01:34:18.710,1.63351,1.63417,1.09,1.09
2011.08.19 01:34:20.019,1.63347,1.63409,1.47,1.09
2011.08.19 01:34:20.409,1.63354,1.63409,1.09,1.09
2011.08.19 01:34:20.631,1.63356,1.63424,1.09,1.09
2011.08.19 01:34:21.414,1.63356,1.63424,1.09,1.09
2011.08.19 01:34:21.531,1.63356,1.63424,1.09,1.09
2011.08.19 01:34:21.759,1.63355,1.63428,1.09,1.84
2011.08.19 01:34:23.590,1.6336,1.63427,1.13,1.09
2011.08.19 01:34:24.467,1.63355,1.63424,1.09,1.09
2011.08.19 01:34:25.091,1.6336,1.63427,1.13,1.09
2011.08.19 01:34:25.788,1.63356,1.63424,1.47,1.09
2011.08.19 01:34:35.177,1.63357,1.63424,1.13,1.09
2011.08.19 01:34:36.162,1.63351,1.63424,1.50,1.09
2011.08.19 01:34:37.458,1.63351,1.63421,1.50,1.09
2011.08.19 01:34:37.678,1.63346,1.63421,1.13,2.44
2011.08.19 01:34:39.240,1.63347,1.6342,1.13,1.47
2011.08.19 01:34:40.904,1.63346,1.63422,1.13,1.84
2011.08.19 01:34:41.459,1.63348,1.63422,1.50,1.84
2011.08.19 01:34:42.491,1.63346,1.63418,1.13,1.09
2011.08.19 01:34:42.939,1.63346,1.63417,1.13,2.07
2011.08.19 01:34:47.563,1.63346,1.63414,1.13,1.09
2011.08.19 01:34:50.480,1.63346,1.63413,1.13,1.09
2011.08.19 01:34:50.600,1.63346,1.63409,1.13,1.09
2011.08.19 01:34:54.983,1.63347,1.63416,1.13,1.69
2011.08.19 01:34:55.211,1.63356,1.63424,1.09,1.09
2011.08.19 01:35:00.980,1.63359,1.63429,1.09,1.84
2011.08.19 01:35:02.410,1.63351,1.63421,1.84,1.09
2011.08.19 01:35:02.529,1.63349,1.63419,1.13,1.09
2011.08.19 01:35:02.639,1.63349,1.63421,1.13,1.09
2011.08.19 01:35:03.259,1.63346,1.63416,1.13,1.09
2011.08.19 01:35:03.478,1.63346,1.63416,1.13,1.09
2011.08.19 01:35:04.182,1.63346,1.63416,1.13,1.09
2011.08.19 01:35:04.671,1.63346,1.63414,1.13,1.09
2011.08.19 01:35:05.651,1.63346,1.63414,1.13,1.09
2011.08.19 01:35:07.230,1.63346,1.63414,2.81,1.09
2011.08.19 01:35:07.791,1.63353,1.63411,1.13,1.13
2011.08.19 01:35:09.130,1.63354,1.63416,1.13,1.84
2011.08.19 01:35:09.361,1.63358,1.63416,1.13,1.09
2011.08.19 01:35:09.479,1.63359,1.63419,1.13,1.47
2011.08.19 01:35:10.039,1.63349,1.63419,1.50,1.47
2011.08.19 01:35:10.259,1.63356,1.63419,1.55,1.47
2011.08.19 01:35:11.191,1.63363,1.63419,1.13,1.47
2011.08.19 01:35:11.708,1.63351,1.63419,1.50,1.47
2011.08.19 01:35:12.260,1.63361,1.63419,1.13,1.47
2011.08.19 01:35:12.490,1.63352,1.63414,1.65,1.09
2011.08.19 01:35:13.041,1.63359,1.63414,1.13,1.09
2011.08.19 01:35:13.782,1.63359,1.63414,1.13,1.09
2011.08.19 01:35:14.349,1.63359,1.63414,1.13,1.09
2011.08.19 01:35:14.459,1.63368,1.63414,1.13,1.09
2011.08.19 01:35:15.028,1.63356,1.63414,1.13,1.09
2011.08.19 01:35:15.140,1.63353,1.63414,1.13,1.09
2011.08.19 01:35:17.890,1.63361,1.63414,1.13,1.09
2011.08.19 01:35:18.328,1.63369,1.63414,1.13,1.09
2011.08.19 01:35:20.149,1.63361,1.63414,1.13,1.09
2011.08.19 01:35:20.258,1.63352,1.63414,1.88,1.09
2011.08.19 01:35:21.979,1.63359,1.6341,1.13,1.84
2011.08.19 01:35:28.971,1.63356,1.6341,1.13,1.84
2011.08.19 01:35:29.089,1.63363,1.6341,1.20,1.84
2011.08.19 01:35:29.209,1.63368,1.63419,1.13,2.22
2011.08.19 01:35:29.319,1.63361,1.63419,1.50,2.22
2011.08.19 01:35:32.800,1.63363,1.63419,1.13,3.57
2011.08.19 01:35:33.140,1.63357,1.63419,1.47,3.57
2011.08.19 01:35:33.259,1.63358,1.63409,1.13,1.84
2011.08.19 01:35:34.061,1.63357,1.63409,1.50,1.84
2011.08.19 01:35:34.187,1.63358,1.63409,1.13,1.84
2011.08.19 01:35:34.760,1.63351,1.63408,1.50,1.09
2011.08.19 01:35:34.989,1.63346,1.63395,1.13,1.84
2011.08.19 01:35:39.049,1.63337,1.63395,2.25,1.84
2011.08.19 01:35:39.162,1.63337,1.63395,1.50,1.84
2011.08.19 01:35:39.279,1.63344,1.63385,1.13,1.84
2011.08.19 01:35:40.378,1.63343,1.63393,1.13,1.09
2011.08.19 01:35:40.930,1.63343,1.63394,1.13,1.09
2011.08.19 01:35:44.311,1.63344,1.63393,1.13,1.09
2011.08.19 01:35:47.697,1.63344,1.634,1.13,2.22
2011.08.19 01:35:47.809,1.63336,1.634,1.84,2.22
2011.08.19 01:35:47.919,1.63344,1.634,1.13,2.22
2011.08.19 01:35:48.675,1.63334,1.634,1.09,1.84
2011.08.19 01:35:49.118,1.63336,1.634,1.09,2.22
2011.08.19 01:35:49.449,1.63327,1.63397,1.50,1.84
2011.08.19 01:35:49.560,1.63327,1.63397,1.50,1.84
2011.08.19 01:35:50.121,1.63326,1.6339,1.09,2.82
2011.08.19 01:35:53.345,1.63328,1.63385,1.13,1.09
2011.08.19 01:35:55.111,1.63329,1.63385,1.13,1.09
2011.08.19 01:35:55.560,1.63321,1.63384,1.13,1.09
2011.08.19 01:35:55.898,1.63333,1.63384,1.13,1.09
2011.08.19 01:35:56.011,1.63327,1.63383,1.13,1.09
2011.08.19 01:35:56.674,1.63334,1.63383,1.13,1.09
2011.08.19 01:35:58.529,1.63333,1.63384,1.13,1.09
2011.08.19 01:36:00.001,1.63324,1.63384,1.93,1.09
2011.08.19 01:36:01.090,1.63328,1.63378,1.13,1.09
2011.08.19 01:36:03.240,1.63325,1.63388,1.13,1.84
2011.08.19 01:36:03.704,1.63332,1.63388,1.13,2.22
2011.08.19 01:36:03.930,1.63333,1.63388,1.13,1.84
2011.08.19 01:36:07.190,1.63325,1.63384,2.13,1.09
2011.08.19 01:36:07.311,1.63335,1.63384,1.13,1.09
2011.08.19 01:36:07.539,1.63338,1.63394,1.13,1.69
2011.08.19 01:36:07.979,1.63337,1.63404,1.13,1.09
2011.08.19 01:36:08.421,1.63337,1.63408,1.50,2.59
2011.08.19 01:36:09.198,1.63342,1.63408,1.50,1.09
2011.08.19 01:36:09.757,1.63343,1.63408,1.13,1.09
2011.08.19 01:36:10.228,1.63345,1.6341,1.09,1.13
2011.08.19 01:36:11.011,1.63345,1.63411,1.09,1.13
2011.08.19 01:36:11.127,1.63346,1.63412,1.50,1.13
2011.08.19 01:36:11.243,1.63345,1.63414,1.09,1.50
2011.08.19 01:36:11.358,1.63345,1.63414,1.09,1.50
2011.08.19 01:36:11.693,1.63348,1.63416,1.13,1.50
2011.08.19 01:36:12.830,1.63354,1.63417,1.13,2.22
2011.08.19 01:36:13.219,1.63354,1.63417,1.13,2.22
2011.08.19 01:36:16.492,1.63357,1.63417,1.09,1.50
2011.08.19 01:36:16.717,1.63356,1.63419,1.09,1.50
2011.08.19 01:36:16.829,1.63356,1.6342,1.09,1.84
2011.08.19 01:36:17.518,1.63353,1.6342,1.09,1.09
2011.08.19 01:36:18.067,1.63358,1.6342,1.13,1.09
2011.08.19 01:36:18.398,1.63357,1.6342,1.09,1.09
2011.08.19 01:36:19.051,1.63348,1.63414,1.09,1.84
2011.08.19 01:36:19.414,1.63346,1.63414,1.47,1.84
2011.08.19 01:36:20.459,1.63357,1.63414,1.13,1.84
2011.08.19 01:36:20.787,1.63359,1.63414,1.13,1.84
2011.08.19 01:36:21.118,1.63348,1.63414,1.09,1.84
2011.08.19 01:36:21.228,1.63347,1.63414,1.09,1.84
2011.08.19 01:36:21.448,1.63348,1.63414,1.47,1.84
2011.08.19 01:36:22.660,1.63346,1.63414,1.84,1.84
2011.08.19 01:36:23.630,1.63346,1.63417,1.50,1.09
2011.08.19 01:36:24.141,1.63348,1.63416,1.50,1.09
2011.08.19 01:36:25.129,1.63348,1.63416,1.50,1.09
2011.08.19 01:36:27.168,1.63348,1.63416,1.13,1.09
2011.08.19 01:36:29.908,1.63344,1.63414,1.09,1.09
2011.08.19 01:36:30.018,1.63346,1.63414,1.13,1.09
2011.08.19 01:36:31.978,1.63346,1.63414,1.50,1.09
2011.08.19 01:36:32.199,1.63348,1.63414,1.13,1.09
2011.08.19 01:36:35.249,1.63351,1.63417,1.13,1.09
2011.08.19 01:36:35.907,1.6335,1.63417,1.13,1.09
2011.08.19 01:36:36.299,1.63346,1.6341,1.50,1.13
2011.08.19 01:36:36.626,1.63347,1.63407,1.50,2.44
2011.08.19 01:36:37.971,1.63336,1.63403,1.68,2.44
2011.08.19 01:36:38.092,1.6333,1.63399,1.09,1.35
2011.08.19 01:36:38.428,1.63335,1.63399,1.13,1.69
2011.08.19 01:36:39.659,1.63335,1.63399,1.13,2.44
2011.08.19 01:36:40.212,1.63335,1.63394,1.13,1.69
2011.08.19 01:36:40.440,1.63333,1.63394,1.13,1.69
2011.08.19 01:36:42.484,1.63334,1.63394,1.13,1.69
2011.08.19 01:36:42.714,1.63336,1.63403,1.13,2.48
2011.08.19 01:36:42.829,1.63339,1.63405,1.13,1.13
2011.08.19 01:36:43.049,1.63341,1.6341,1.50,1.57
2011.08.19 01:36:43.270,1.6334,1.63408,1.13,2.44
2011.08.19 01:36:43.986,1.63342,1.63408,1.50,2.44
2011.08.19 01:36:44.648,1.63342,1.63408,1.13,2.44
2011.08.19 01:36:45.165,1.63327,1.63391,1.47,1.13
2011.08.19 01:36:45.290,1.63326,1.63388,1.13,1.09
2011.08.19 01:36:46.360,1.63325,1.63388,1.50,1.09
2011.08.19 01:36:49.035,1.63326,1.63388,1.47,1.09
2011.08.19 01:36:49.154,1.63339,1.63394,1.47,1.50
2011.08.19 01:36:49.545,1.63341,1.63397,1.13,2.10
2011.08.19 01:36:49.672,1.63345,1.63409,1.50,1.09
2011.08.19 01:36:49.903,1.63339,1.63407,1.47,1.09
2011.08.19 01:36:50.240,1.63339,1.63406,1.09,1.09
2011.08.19 01:36:50.581,1.63337,1.63409,1.13,1.84
2011.08.19 01:36:51.030,1.63338,1.63407,1.13,2.44
2011.08.19 01:36:51.369,1.63349,1.63413,1.13,1.47
2011.08.19 01:36:52.349,1.63335,1.63413,1.13,1.47
2011.08.19 01:36:52.588,1.6334,1.63413,1.13,1.47
2011.08.19 01:36:53.054,1.63344,1.63413,1.13,1.47
2011.08.19 01:36:54.249,1.63352,1.63419,1.09,1.57
2011.08.19 01:36:54.809,1.63347,1.63417,1.09,1.09
2011.08.19 01:36:56.128,1.63347,1.63416,1.84,1.09
2011.08.19 01:36:56.660,1.63351,1.63416,1.09,1.09
2011.08.19 01:36:56.781,1.63352,1.63422,1.47,1.09
2011.08.19 01:36:57.008,1.63351,1.63424,1.09,1.84
2011.08.19 01:36:57.558,1.63352,1.63424,1.84,1.84
2011.08.19 01:36:58.658,1.63357,1.63431,1.13,1.09
2011.08.19 01:37:00.130,1.63353,1.63424,1.47,1.09
2011.08.19 01:37:00.247,1.63353,1.63424,1.13,1.09
2011.08.19 01:37:00.469,1.63349,1.63419,1.13,1.09
2011.08.19 01:37:02.138,1.63349,1.63418,1.13,1.09
2011.08.19 01:37:03.127,1.63349,1.63414,1.13,1.09
2011.08.19 01:37:04.360,1.63351,1.63415,1.09,1.09
2011.08.19 01:37:04.488,1.63339,1.63414,1.09,2.10
2011.08.19 01:37:04.599,1.63339,1.63419,1.09,2.10
2011.08.19 01:37:05.408,1.63344,1.63422,1.13,1.09
2011.08.19 01:37:05.917,1.63343,1.63423,1.88,1.09
2011.08.19 01:37:07.000,1.63346,1.63423,1.13,1.09
2011.08.19 01:37:07.410,1.63346,1.63423,1.13,1.09
2011.08.19 01:37:08.712,1.63347,1.63422,1.50,1.84
2011.08.19 01:37:10.892,1.6335,1.63422,1.13,1.09
2011.08.19 01:37:11.007,1.6335,1.63422,1.13,1.84
2011.08.19 01:37:11.236,1.63351,1.63424,1.09,1.50
2011.08.19 01:37:12.075,1.63357,1.63428,1.13,1.09
2011.08.19 01:37:13.006,1.63357,1.63429,1.50,1.09
2011.08.19 01:37:18.377,1.63356,1.63429,1.13,1.09
2011.08.19 01:37:20.073,1.63356,1.63425,1.13,1.09
2011.08.19 01:37:23.228,1.63352,1.63425,1.09,1.09
2011.08.19 01:37:24.776,1.63351,1.63425,1.09,1.09
2011.08.19 01:37:25.447,1.63346,1.63426,1.47,1.09
2011.08.19 01:37:25.566,1.63346,1.63421,1.13,1.35
2011.08.19 01:37:25.685,1.63348,1.63423,1.13,1.69
2011.08.19 01:37:26.014,1.63347,1.63423,1.13,1.69
2011.08.19 01:37:26.993,1.63346,1.63423,1.50,1.69
2011.08.19 01:37:31.884,1.63346,1.63426,1.50,2.82
2011.08.19 01:37:32.443,1.63345,1.63422,1.50,1.35
2011.08.19 01:37:34.152,1.63352,1.63428,1.50,1.50
2011.08.19 01:37:34.867,1.63351,1.63428,1.13,1.50
2011.08.19 01:37:34.984,1.63352,1.63428,1.88,1.50
2011.08.19 01:37:35.094,1.63358,1.63429,1.13,2.10
2011.08.19 01:37:35.315,1.63358,1.63429,1.13,2.10
2011.08.19 01:37:35.536,1.63353,1.63428,1.13,1.50
2011.08.19 01:37:35.653,1.63356,1.63424,1.50,1.35
2011.08.19 01:37:35.765,1.63347,1.63424,1.50,1.35
2011.08.19 01:37:36.105,1.63356,1.63424,1.50,1.35
2011.08.19 01:37:36.224,1.63356,1.63432,1.50,2.10
2011.08.19 01:37:36.554,1.63359,1.63434,1.13,1.13
2011.08.19 01:37:36.773,1.63357,1.63434,1.09,1.47
2011.08.19 01:37:36.885,1.63357,1.63434,1.47,1.47
2011.08.19 01:37:37.443,1.63363,1.63433,1.13,1.09
2011.08.19 01:37:37.554,1.63351,1.63433,1.13,1.84
2011.08.19 01:37:38.008,1.63354,1.63433,1.13,2.22
2011.08.19 01:37:38.345,1.63359,1.63433,1.13,3.34
2011.08.19 01:37:38.697,1.63359,1.63431,1.13,1.09
2011.08.19 01:37:39.255,1.63354,1.63431,1.50,1.09
2011.08.19 01:37:39.704,1.63358,1.63433,1.13,2.59
2011.08.19 01:37:40.693,1.6336,1.63433,1.50,2.59
2011.08.19 01:37:44.062,1.63361,1.63433,1.13,1.84
2011.08.19 01:37:47.054,1.63352,1.63431,1.50,1.09
2011.08.19 01:37:47.386,1.63356,1.63433,1.13,1.09
2011.08.19 01:37:49.204,1.63359,1.63433,1.13,1.47
2011.08.19 01:37:49.425,1.63361,1.63434,1.13,1.84
2011.08.19 01:37:49.533,1.63361,1.63434,1.13,1.84
2011.08.19 01:37:58.862,1.6336,1.63434,1.13,2.22
2011.08.19 01:37:58.973,1.63351,1.63418,1.88,1.19
2011.08.19 01:37:59.082,1.63351,1.63412,1.50,1.69
2011.08.19 01:37:59.195,1.6334,1.63412,1.50,1.69
2011.08.19 01:38:02.600,1.63347,1.6342,1.13,1.69
2011.08.19 01:38:03.106,1.63347,1.6342,1.13,1.69
2011.08.19 01:38:03.443,1.63351,1.6342,1.50,1.69
2011.08.19 01:38:09.375,1.63356,1.63423,1.13,1.09
2011.08.19 01:38:09.842,1.63356,1.63423,1.13,1.09
2011.08.19 01:38:10.565,1.63356,1.63423,1.13,1.09
2011.08.19 01:38:10.782,1.63356,1.63424,1.13,3.57
2011.08.19 01:38:12.081,1.63356,1.63424,1.13,2.44
2011.08.19 01:38:12.197,1.63356,1.63424,1.50,2.44
2011.08.19 01:38:12.534,1.63356,1.63433,1.13,2.07
2011.08.19 01:38:13.083,1.63357,1.63434,1.13,1.47
2011.08.19 01:38:13.455,1.63352,1.63431,1.13,1.47
2011.08.19 01:38:14.234,1.63356,1.63428,1.13,1.84
2011.08.19 01:38:14.784,1.63361,1.63428,1.88,1.09
2011.08.19 01:38:15.006,1.63367,1.63434,1.09,1.47
2011.08.19 01:38:16.183,1.63367,1.63434,1.84,1.09
2011.08.19 01:38:16.732,1.63367,1.63433,1.09,1.84
2011.08.19 01:38:17.283,1.63367,1.63434,1.09,1.84
2011.08.19 01:38:18.147,1.63367,1.63434,1.09,1.47
2011.08.19 01:38:19.084,1.63366,1.63434,1.09,1.09
2011.08.19 01:38:19.478,1.63367,1.63434,1.09,1.09
2011.08.19 01:38:20.074,1.63367,1.63433,1.09,1.84
2011.08.19 01:38:20.956,1.63367,1.63433,1.09,1.84
2011.08.19 01:38:21.726,1.63367,1.63432,1.09,1.50
2011.08.19 01:38:22.317,1.63367,1.63432,1.09,1.50
2011.08.19 01:38:24.004,1.63367,1.63432,1.09,1.13
2011.08.19 01:38:25.103,1.63367,1.63432,1.09,1.50
2011.08.19 01:38:27.431,1.63367,1.63432,1.09,1.50
2011.08.19 01:38:33.418,1.63366,1.63432,1.47,1.13
2011.08.19 01:38:33.549,1.63363,1.63427,1.13,1.69
2011.08.19 01:38:33.995,1.63361,1.63423,1.13,1.09
2011.08.19 01:38:34.553,1.6336,1.63423,1.50,1.09
2011.08.19 01:38:36.467,1.63361,1.63423,1.13,1.09
2011.08.19 01:38:36.694,1.63361,1.63422,1.13,1.09
2011.08.19 01:38:37.245,1.63356,1.63422,1.13,1.47
2011.08.19 01:38:37.825,1.63359,1.63423,1.13,1.09
2011.08.19 01:38:39.069,1.63361,1.63423,1.13,1.09
2011.08.19 01:38:39.746,1.63358,1.63424,1.13,1.09
2011.08.19 01:38:41.173,1.63365,1.63434,1.50,1.09
2011.08.19 01:38:42.187,1.63356,1.63434,1.13,1.84
2011.08.19 01:38:43.002,1.63356,1.63429,1.13,1.09
2011.08.19 01:38:43.623,1.63356,1.63433,1.13,1.09
2011.08.19 01:38:44.193,1.63356,1.63428,1.13,1.09
2011.08.19 01:38:45.164,1.63356,1.63428,1.13,1.09
2011.08.19 01:38:46.384,1.63356,1.63428,1.13,1.09
2011.08.19 01:38:46.983,1.63356,1.63428,1.13,1.09
2011.08.19 01:38:47.487,1.63356,1.63431,1.13,2.82
2011.08.19 01:38:48.743,1.63356,1.63426,1.13,1.09
2011.08.19 01:38:49.074,1.63356,1.63426,1.13,1.09
2011.08.19 01:38:52.195,1.63356,1.63433,1.13,2.22
2011.08.19 01:38:52.791,1.63351,1.63425,1.50,1.09
2011.08.19 01:38:53.295,1.63352,1.63422,1.13,1.09
2011.08.19 01:38:53.883,1.63348,1.63423,1.09,1.84
2011.08.19 01:38:55.627,1.63356,1.63426,1.13,1.09
2011.08.19 01:38:57.236,1.63352,1.63422,1.13,1.09
2011.08.19 01:38:57.356,1.63356,1.63424,1.13,1.09
2011.08.19 01:39:01.255,1.63348,1.63422,1.09,1.09
2011.08.19 01:39:01.805,1.63348,1.6342,1.09,1.88
2011.08.19 01:39:01.923,1.63347,1.6342,1.47,1.50
2011.08.19 01:39:02.034,1.63347,1.6342,1.47,1.13
2011.08.19 01:39:02.254,1.63342,1.63422,1.09,1.69
2011.08.19 01:39:02.584,1.63348,1.63427,1.09,1.09
2011.08.19 01:39:03.136,1.63351,1.63426,1.13,1.09
2011.08.19 01:39:03.875,1.63352,1.63417,1.13,1.09
2011.08.19 01:39:04.107,1.63337,1.63417,1.13,1.09
2011.08.19 01:39:04.733,1.63337,1.63417,1.13,1.09
2011.08.19 01:39:06.103,1.63337,1.63417,1.13,1.09
2011.08.19 01:39:08.123,1.6334,1.63423,1.50,1.09
2011.08.19 01:39:11.034,1.63341,1.63418,1.13,1.09
2011.08.19 01:39:11.158,1.63341,1.63424,1.13,1.47
2011.08.19 01:39:12.695,1.63341,1.63419,1.13,1.09
2011.08.19 01:39:16.775,1.63341,1.63416,1.50,1.09
2011.08.19 01:39:16.885,1.63343,1.63416,1.13,1.09
2011.08.19 01:39:17.006,1.63342,1.63418,1.13,1.09
2011.08.19 01:39:17.116,1.63337,1.63418,1.88,1.09
2011.08.19 01:39:17.594,1.6335,1.63426,1.03,1.13
2011.08.19 01:39:17.945,1.63351,1.63426,1.50,1.50
2011.08.19 01:39:19.086,1.63352,1.63426,1.13,1.50
2011.08.19 01:39:20.195,1.63352,1.63419,1.84,1.13
2011.08.19 01:39:20.800,1.63354,1.63419,1.09,2.25
2011.08.19 01:39:21.024,1.63341,1.63418,1.09,2.59
2011.08.19 01:39:21.243,1.63332,1.63409,1.13,1.35
2011.08.19 01:39:21.357,1.63325,1.63409,1.13,1.35
2011.08.19 01:39:21.474,1.63325,1.63409,1.13,1.13
2011.08.19 01:39:21.584,1.63325,1.63404,1.13,2.48
2011.08.19 01:39:21.916,1.63321,1.63402,1.50,1.50
2011.08.19 01:39:22.036,1.6332,1.63396,1.50,2.48
2011.08.19 01:39:22.593,1.63321,1.63395,1.50,1.13
2011.08.19 01:39:22.937,1.63323,1.63395,1.50,1.13
2011.08.19 01:39:23.627,1.63324,1.63397,1.13,1.09
2011.08.19 01:39:23.965,1.63324,1.63397,1.13,1.09
2011.08.19 01:39:25.054,1.63324,1.63397,1.13,1.09
2011.08.19 01:39:25.460,1.63324,1.63397,1.13,1.09
2011.08.19 01:39:26.226,1.63324,1.63397,1.13,1.09
2011.08.19 01:39:27.596,1.63324,1.63397,1.13,1.09
2011.08.19 01:39:30.186,1.63324,1.63394,1.13,1.09
2011.08.19 01:39:31.165,1.63324,1.63397,1.13,1.09
2011.08.19 01:39:31.503,1.63324,1.63397,1.13,1.09
2011.08.19 01:39:31.615,1.6333,1.63399,1.13,1.09
2011.08.19 01:39:31.733,1.63322,1.63401,2.25,1.09
2011.08.19 01:39:31.847,1.63322,1.63403,1.47,1.13
2011.08.19 01:39:31.966,1.63329,1.63402,1.47,1.35
2011.08.19 01:39:32.450,1.63329,1.63406,1.09,1.19
2011.08.19 01:39:32.578,1.63329,1.63417,1.13,1.61
2011.08.19 01:39:33.323,1.63331,1.63417,1.13,1.61
2011.08.19 01:39:33.655,1.63331,1.63414,1.50,1.13
2011.08.19 01:39:35.142,1.63339,1.63418,1.13,1.94
2011.08.19 01:39:39.487,1.63339,1.63418,1.13,1.61
2011.08.19 01:39:39.606,1.63339,1.63424,1.13,1.13
2011.08.19 01:39:41.145,1.63339,1.63424,1.13,1.13
2011.08.19 01:39:42.145,1.63339,1.63424,1.13,1.13
2011.08.19 01:39:48.917,1.63345,1.63423,1.13,1.13
2011.08.19 01:39:49.784,1.63345,1.63423,1.50,1.13
2011.08.19 01:39:51.712,1.63344,1.63426,1.13,1.13
2011.08.19 01:39:53.096,1.63345,1.63426,1.13,1.13
2011.08.19 01:39:56.055,1.63344,1.63426,1.50,1.13
2011.08.19 01:39:57.105,1.63345,1.63426,1.13,1.13
2011.08.19 01:40:00.424,1.63345,1.63426,1.13,1.13
2011.08.19 01:40:02.192,1.63348,1.63426,1.13,1.88
2011.08.19 01:40:02.743,1.63348,1.63426,1.13,1.88
2011.08.19 01:40:08.054,1.63339,1.63422,1.50,1.88
2011.08.19 01:40:08.279,1.63334,1.63418,1.13,2.25
2011.08.19 01:40:11.236,1.63332,1.63418,1.50,2.63
2011.08.19 01:40:11.774,1.63339,1.63418,1.13,2.25
2011.08.19 01:40:12.617,1.63332,1.63417,1.50,1.13
2011.08.19 01:40:13.774,1.63333,1.63416,1.13,1.61
2011.08.19 01:40:13.884,1.63333,1.63412,1.13,1.13
2011.08.19 01:40:14.813,1.63332,1.63412,1.50,1.13
2011.08.19 01:40:14.924,1.63328,1.63409,1.50,1.13
2011.08.19 01:40:15.145,1.63322,1.63404,1.50,1.13
2011.08.19 01:40:16.035,1.63324,1.63404,1.13,1.13
2011.08.19 01:40:17.133,1.63323,1.63404,1.13,1.88
2011.08.19 01:40:17.605,1.63325,1.63403,1.50,1.50
2011.08.19 01:40:18.077,1.63325,1.63403,1.88,1.50
2011.08.19 01:40:18.603,1.63327,1.63403,1.50,1.50
2011.08.19 01:40:19.112,1.63331,1.63404,1.13,1.88
2011.08.19 01:40:20.155,1.63333,1.63404,1.13,1.88
2011.08.19 01:40:21.134,1.63333,1.63403,1.13,1.50
2011.08.19 01:40:23.746,1.63336,1.63403,1.09,1.09
2011.08.19 01:40:27.526,1.63332,1.63409,1.88,1.09
2011.08.19 01:40:27.645,1.63326,1.63404,1.09,1.09
2011.08.19 01:40:28.013,1.63326,1.63404,1.09,1.09
2011.08.19 01:40:28.564,1.63327,1.634,1.09,1.09
2011.08.19 01:40:29.816,1.63327,1.63398,1.09,1.09
2011.08.19 01:40:31.415,1.63327,1.63394,1.09,1.09
2011.08.19 01:40:33.573,1.63327,1.63399,1.09,1.09
2011.08.19 01:40:33.682,1.63327,1.63394,1.09,1.09
2011.08.19 01:40:34.233,1.63326,1.63392,1.09,1.09
2011.08.19 01:40:34.453,1.63327,1.63394,1.09,1.09
2011.08.19 01:40:35.474,1.63318,1.63393,1.50,1.09
2011.08.19 01:40:35.996,1.63318,1.63387,1.13,2.22
2011.08.19 01:40:36.227,1.63321,1.63389,1.84,1.50
2011.08.19 01:40:36.349,1.63323,1.63398,1.13,1.84
2011.08.19 01:40:37.954,1.63325,1.63398,1.13,1.09
2011.08.19 01:40:38.327,1.63323,1.63399,1.50,1.09
2011.08.19 01:40:38.445,1.63323,1.63398,1.50,1.09
2011.08.19 01:40:38.976,1.63325,1.63398,1.13,1.09
2011.08.19 01:40:41.013,1.63325,1.63399,1.13,1.09
2011.08.19 01:40:42.165,1.63324,1.63399,1.88,1.09
2011.08.19 01:40:42.288,1.63324,1.63395,1.50,1.84
2011.08.19 01:40:42.515,1.63332,1.63397,1.09,1.47
2011.08.19 01:40:43.142,1.63332,1.63399,1.09,1.09
2011.08.19 01:40:44.144,1.63333,1.63399,1.09,1.09
2011.08.19 01:40:46.235,1.63333,1.634,1.09,1.09
2011.08.19 01:40:47.339,1.63327,1.63401,1.13,1.13
2011.08.19 01:40:47.453,1.63327,1.63401,1.13,1.13
2011.08.19 01:40:49.098,1.63327,1.63401,1.13,1.13
2011.08.19 01:40:53.475,1.63328,1.63402,1.13,1.13
2011.08.19 01:40:54.335,1.63328,1.63402,1.13,1.13
2011.08.19 01:40:55.095,1.63328,1.63402,1.13,1.13
2011.08.19 01:40:55.932,1.63328,1.63402,1.13,1.13
2011.08.19 01:40:59.077,1.63328,1.63402,1.13,1.13
2011.08.19 01:40:59.414,1.63328,1.63401,1.13,1.13
2011.08.19 01:40:59.653,1.63328,1.63402,1.13,1.13
2011.08.19 01:41:00.204,1.63328,1.63401,1.13,1.13
2011.08.19 01:41:01.194,1.63328,1.63402,1.13,1.13
2011.08.19 01:41:05.593,1.63328,1.63402,1.13,1.13
2011.08.19 01:41:06.555,1.63328,1.63405,1.13,1.09
2011.08.19 01:41:07.498,1.63328,1.63402,1.13,1.13
2011.08.19 01:41:07.939,1.63328,1.63401,1.13,1.13
2011.08.19 01:41:08.061,1.63328,1.634,1.13,1.13
2011.08.19 01:41:08.178,1.63328,1.63402,1.13,1.13
2011.08.19 01:41:08.626,1.63328,1.63402,1.13,1.13
2011.08.19 01:41:09.556,1.63324,1.63402,1.50,1.88
2011.08.19 01:41:09.675,1.63326,1.63401,1.13,1.13
2011.08.19 01:41:09.904,1.63326,1.63402,1.13,1.50
2011.08.19 01:41:10.016,1.63326,1.63401,1.13,1.88
2011.08.19 01:41:11.728,1.63324,1.63402,1.13,1.13
2011.08.19 01:41:11.847,1.63324,1.63401,1.13,1.13
2011.08.19 01:41:11.967,1.63323,1.63401,1.50,1.13
2011.08.19 01:41:12.524,1.63324,1.63401,1.13,1.50
2011.08.19 01:41:13.152,1.63324,1.63401,1.13,1.88
2011.08.19 01:41:13.703,1.63327,1.63405,1.13,1.09
2011.08.19 01:41:13.924,1.63327,1.63405,1.13,1.09
2011.08.19 01:41:15.106,1.63327,1.63405,1.13,1.09
2011.08.19 01:41:16.815,1.63329,1.63406,1.13,1.47
2011.08.19 01:41:17.145,1.63327,1.63405,1.50,1.09
2011.08.19 01:41:17.523,1.63329,1.63406,1.13,2.22
2011.08.19 01:41:17.855,1.63329,1.63406,1.13,1.84
2011.08.19 01:41:18.854,1.63329,1.63405,1.13,1.09
2011.08.19 01:41:18.976,1.63329,1.63406,1.13,1.84
2011.08.19 01:41:20.384,1.63329,1.63405,1.13,1.47
2011.08.19 01:41:21.034,1.63329,1.63406,1.13,2.22
2011.08.19 01:41:21.375,1.63329,1.63405,1.13,1.47
2011.08.19 01:41:22.024,1.63329,1.63406,1.13,1.84
2011.08.19 01:41:22.136,1.63329,1.63405,1.13,1.47
2011.08.19 01:41:22.475,1.6334,1.63406,1.13,1.09
2011.08.19 01:41:24.143,1.63339,1.63405,1.13,1.09
2011.08.19 01:41:24.474,1.63338,1.63413,1.13,1.50
2011.08.19 01:41:26.633,1.63338,1.63413,1.13,1.50
2011.08.19 01:41:27.076,1.63333,1.63404,1.13,1.50
2011.08.19 01:41:27.194,1.63328,1.63404,1.13,1.50
2011.08.19 01:41:28.104,1.63328,1.63403,1.13,1.84
2011.08.19 01:41:28.995,1.63328,1.634,1.13,1.09
2011.08.19 01:41:36.361,1.63328,1.634,1.13,1.09
2011.08.19 01:41:36.488,1.63328,1.634,1.13,1.09
2011.08.19 01:41:36.867,1.63328,1.634,1.13,1.09
2011.08.19 01:41:37.645,1.63328,1.634,1.13,1.09
2011.08.19 01:41:40.837,1.63329,1.634,1.13,1.09
2011.08.19 01:41:41.239,1.63326,1.634,1.13,1.09
2011.08.19 01:41:41.361,1.63322,1.63399,1.13,1.50
2011.08.19 01:41:42.176,1.63321,1.63398,1.50,1.50
2011.08.19 01:41:45.088,1.6332,1.63398,1.88,1.50
2011.08.19 01:41:49.584,1.63325,1.63394,1.09,1.09
2011.08.19 01:41:50.896,1.63322,1.63393,1.09,1.09
2011.08.19 01:41:51.455,1.63319,1.63388,1.09,1.09
2011.08.19 01:41:51.674,1.63325,1.63392,1.09,1.09
2011.08.19 01:41:52.003,1.63322,1.63393,1.09,1.09
2011.08.19 01:41:52.541,1.63322,1.63396,1.47,1.09
2011.08.19 01:41:53.604,1.63326,1.63393,1.13,1.09
2011.08.19 01:41:57.074,1.63325,1.63396,1.09,1.09
2011.08.19 01:41:59.167,1.63325,1.63393,1.09,1.09
2011.08.19 01:42:03.145,1.63326,1.63399,1.09,1.50
2011.08.19 01:42:03.264,1.63326,1.63402,1.09,1.50
2011.08.19 01:42:03.705,1.63327,1.63403,1.13,1.50
2011.08.19 01:42:04.045,1.63327,1.63403,1.50,1.50
2011.08.19 01:42:04.642,1.63327,1.63403,1.13,1.50
2011.08.19 01:42:05.355,1.63327,1.63403,1.50,1.50
2011.08.19 01:42:05.684,1.63332,1.63398,1.13,1.84
2011.08.19 01:42:06.014,1.63332,1.63398,1.13,1.09
2011.08.19 01:42:09.291,1.63332,1.63394,1.13,1.09
2011.08.19 01:42:09.407,1.63331,1.63398,1.13,1.09
2011.08.19 01:42:09.743,1.63331,1.63394,1.13,1.09
2011.08.19 01:42:12.986,1.63327,1.63394,1.84,1.09
2011.08.19 01:42:13.107,1.63327,1.63393,1.09,1.13
2011.08.19 01:42:13.447,1.63328,1.63393,1.09,1.13
2011.08.19 01:42:13.787,1.63325,1.63388,1.50,1.09
2011.08.19 01:42:14.785,1.63327,1.63393,1.47,1.09
2011.08.19 01:42:20.999,1.63335,1.63404,1.47,1.09
2011.08.19 01:42:21.223,1.63336,1.63404,1.09,1.09
2011.08.19 01:42:22.746,1.63341,1.63415,1.84,1.09
2011.08.19 01:42:22.868,1.63341,1.63415,1.09,1.09
2011.08.19 01:42:23.424,1.63346,1.63415,1.09,1.84
2011.08.19 01:42:23.537,1.63346,1.63415,1.47,1.47
2011.08.19 01:42:23.767,1.63341,1.6341,1.09,1.84
2011.08.19 01:42:25.094,1.63345,1.63406,1.09,1.09
2011.08.19 01:42:25.687,1.63342,1.63406,1.09,1.09
2011.08.19 01:42:27.074,1.63345,1.63405,1.09,1.09
2011.08.19 01:42:32.714,1.63342,1.63406,1.09,1.09
2011.08.19 01:42:32.937,1.63348,1.63407,1.09,1.09
2011.08.19 01:42:33.578,1.63348,1.63413,1.09,1.09
2011.08.19 01:42:33.702,1.63347,1.63413,1.47,1.09
2011.08.19 01:42:35.006,1.63348,1.63413,1.09,1.09
2011.08.19 01:42:39.624,1.63351,1.63414,1.50,1.84
2011.08.19 01:42:40.178,1.63351,1.63414,1.50,2.22
2011.08.19 01:42:42.694,1.63351,1.63414,1.50,1.84
2011.08.19 01:42:43.389,1.63351,1.63414,1.50,1.84
2011.08.19 01:42:43.944,1.63348,1.6341,1.09,1.47
2011.08.19 01:42:45.482,1.63348,1.6341,1.09,2.22
2011.08.19 01:42:46.024,1.63348,1.63406,1.09,1.13
2011.08.19 01:42:46.914,1.63348,1.63406,1.09,1.50
2011.08.19 01:42:51.657,1.63361,1.6341,1.84,1.23
2011.08.19 01:42:51.778,1.63362,1.63424,1.09,1.35
2011.08.19 01:42:56.247,1.63367,1.63426,1.47,1.09
2011.08.19 01:42:56.366,1.63371,1.63426,1.09,1.47
2011.08.19 01:42:56.705,1.63374,1.63427,1.09,1.13
2011.08.19 01:42:57.470,1.63374,1.63426,1.09,1.13
2011.08.19 01:43:01.365,1.63374,1.63429,1.09,1.13
2011.08.19 01:43:03.525,1.63366,1.63428,1.50,1.09
2011.08.19 01:43:08.584,1.63367,1.63427,1.50,1.09
2011.08.19 01:43:10.456,1.63367,1.63428,1.50,1.84
2011.08.19 01:43:11.645,1.63361,1.63427,1.09,1.09
2011.08.19 01:43:12.304,1.63359,1.63425,1.09,1.84
2011.08.19 01:43:13.734,1.63361,1.63424,1.09,1.09
2011.08.19 01:43:14.550,1.63361,1.63424,1.09,1.09
2011.08.19 01:43:16.086,1.63361,1.63424,1.09,1.09
2011.08.19 01:43:17.682,1.63363,1.63424,1.09,1.09
2011.08.19 01:43:18.551,1.63363,1.63424,1.09,1.09
2011.08.19 01:43:22.307,1.63363,1.63424,1.09,1.09
2011.08.19 01:43:23.465,1.63356,1.63424,1.50,1.09
2011.08.19 01:43:23.574,1.63356,1.63424,1.13,1.47
2011.08.19 01:43:26.704,1.63357,1.63426,1.84,1.09
2011.08.19 01:43:30.055,1.63362,1.63428,1.09,1.09
2011.08.19 01:43:32.533,1.63362,1.63432,2.97,1.84
2011.08.19 01:43:32.866,1.6337,1.63437,1.09,1.84
2011.08.19 01:43:33.424,1.6337,1.63439,1.09,1.13
2011.08.19 01:43:33.533,1.6337,1.63439,1.09,1.47
2011.08.19 01:43:37.477,1.63375,1.63438,1.13,1.84
2011.08.19 01:43:40.725,1.63375,1.63438,1.13,1.09
2011.08.19 01:43:41.205,1.63375,1.63438,1.13,1.09
2011.08.19 01:43:43.217,1.6337,1.63441,1.09,2.22
2011.08.19 01:43:43.506,1.6337,1.63439,1.09,1.47
2011.08.19 01:43:44.019,1.63372,1.6344,1.47,1.09
2011.08.19 01:43:45.056,1.63372,1.63435,1.13,1.09
2011.08.19 01:43:45.613,1.63372,1.63437,1.50,1.09
2011.08.19 01:43:46.265,1.63364,1.63434,1.47,1.09
2011.08.19 01:43:46.705,1.63364,1.63439,1.84,1.09
2011.08.19 01:43:47.155,1.63364,1.63437,1.47,1.09
2011.08.19 01:43:47.381,1.63364,1.63434,1.47,1.09
2011.08.19 01:43:47.607,1.63364,1.63433,1.47,1.09
2011.08.19 01:43:48.058,1.63371,1.63444,1.09,1.13
2011.08.19 01:43:48.540,1.63372,1.63451,1.09,1.09
2011.08.19 01:43:49.110,1.63372,1.63449,1.09,1.50
2011.08.19 01:43:51.705,1.63363,1.63444,1.50,1.50
2011.08.19 01:43:52.256,1.63363,1.63444,1.13,1.50
2011.08.19 01:43:52.814,1.63363,1.63444,1.50,1.50
2011.08.19 01:43:53.127,1.63365,1.63443,1.13,1.50
2011.08.19 01:43:56.056,1.63364,1.63443,1.50,1.50
2011.08.19 01:43:56.726,1.63366,1.63444,1.50,1.50
2011.08.19 01:43:57.251,1.63373,1.63447,1.13,1.50
2011.08.19 01:43:57.965,1.63373,1.63447,1.13,1.50
2011.08.19 01:43:59.003,1.63374,1.63447,1.13,1.50
2011.08.19 01:44:00.334,1.63376,1.6345,1.50,1.50
2011.08.19 01:44:07.206,1.63374,1.6345,1.13,1.50
2011.08.19 01:44:08.967,1.63377,1.6345,1.13,1.50
2011.08.19 01:44:09.193,1.63374,1.6345,1.13,1.50
2011.08.19 01:44:09.415,1.63377,1.6345,1.13,1.50
2011.08.19 01:44:09.983,1.63373,1.6345,1.13,1.50
2011.08.19 01:44:10.805,1.63371,1.6345,1.47,1.50
2011.08.19 01:44:11.571,1.63371,1.6345,1.84,1.50
2011.08.19 01:44:14.424,1.63374,1.63451,1.13,1.50
2011.08.19 01:44:14.647,1.63376,1.63452,1.50,1.50
2011.08.19 01:44:15.737,1.63383,1.63454,1.09,1.50
2011.08.19 01:44:16.695,1.63383,1.63461,1.84,1.84
2011.08.19 01:44:24.393,1.63384,1.63461,1.47,1.84
2011.08.19 01:44:24.507,1.63384,1.63461,1.13,1.50
2011.08.19 01:44:25.294,1.63384,1.63465,1.13,1.13
2011.08.19 01:44:26.204,1.63384,1.63464,1.13,1.13
2011.08.19 01:44:32.427,1.63383,1.63464,1.50,1.13
2011.08.19 01:44:32.550,1.63395,1.63466,1.13,1.50
2011.08.19 01:44:32.666,1.63397,1.6347,1.73,1.13
2011.08.19 01:44:33.223,1.63397,1.6347,1.73,1.13
2011.08.19 01:44:33.750,1.63397,1.63462,1.35,1.13
2011.08.19 01:44:33.868,1.63391,1.63461,1.09,1.13
2011.08.19 01:44:33.988,1.63391,1.63466,1.09,1.47
2011.08.19 01:44:34.495,1.63391,1.63466,1.09,1.47
2011.08.19 01:44:35.044,1.63391,1.63466,1.84,1.09
2011.08.19 01:44:38.074,1.63391,1.63467,1.47,1.09
2011.08.19 01:44:38.864,1.63391,1.63466,1.47,1.09
2011.08.19 01:44:39.454,1.63404,1.63469,1.69,1.50
2011.08.19 01:44:39.563,1.63404,1.63472,1.69,1.88
2011.08.19 01:44:39.786,1.63395,1.63465,1.84,1.09
2011.08.19 01:44:40.015,1.63392,1.63465,1.09,1.09
2011.08.19 01:44:41.422,1.63397,1.63463,1.09,1.09
2011.08.19 01:44:42.454,1.63397,1.63467,1.09,1.50
2011.08.19 01:44:43.105,1.63397,1.63469,1.09,1.50
2011.08.19 01:44:43.217,1.63397,1.63469,1.09,1.50
2011.08.19 01:44:43.337,1.63397,1.63469,1.09,1.50
2011.08.19 01:44:43.568,1.63397,1.63465,1.09,1.50
2011.08.19 01:44:43.688,1.63384,1.63464,2.22,1.88
2011.08.19 01:44:44.210,1.63399,1.63461,1.09,1.13
2011.08.19 01:44:46.685,1.63399,1.63462,1.09,1.13
2011.08.19 01:44:47.231,1.63399,1.63462,1.09,1.13
2011.08.19 01:44:48.298,1.63399,1.63462,1.09,1.13
2011.08.19 01:44:48.817,1.63396,1.63461,1.50,1.09
2011.08.19 01:44:48.939,1.63392,1.63457,1.50,1.13
2011.08.19 01:44:53.654,1.63381,1.63456,1.47,1.13
2011.08.19 01:44:55.470,1.63384,1.63457,1.13,1.13
2011.08.19 01:44:57.014,1.63384,1.63457,1.13,1.88
2011.08.19 01:44:57.699,1.63385,1.63457,1.13,1.50
2011.08.19 01:44:57.819,1.63386,1.63457,1.09,1.13
2011.08.19 01:44:58.156,1.63395,1.6346,1.09,1.09
2011.08.19 01:45:01.503,1.63395,1.63458,1.09,1.50
2011.08.19 01:45:04.664,1.63396,1.63461,1.47,1.09
2011.08.19 01:45:05.112,1.63392,1.6346,1.50,1.09
2011.08.19 01:45:05.667,1.63399,1.63463,1.13,1.47
2011.08.19 01:45:05.788,1.63399,1.6347,1.47,1.13
2011.08.19 01:45:05.906,1.63399,1.63473,1.47,1.09
2011.08.19 01:45:06.027,1.63399,1.63478,1.84,1.47
2011.08.19 01:45:06.852,1.634,1.63476,1.50,1.13
2011.08.19 01:45:08.307,1.634,1.6348,1.50,1.88
2011.08.19 01:45:12.984,1.63401,1.6348,1.13,1.50
2011.08.19 01:45:13.204,1.63402,1.63477,1.13,1.13
2011.08.19 01:45:13.423,1.63401,1.63476,1.50,1.13
2011.08.19 01:45:13.753,1.63399,1.63474,1.88,1.09
2011.08.19 01:45:14.083,1.63397,1.63469,1.13,1.09
2011.08.19 01:45:14.414,1.63393,1.63465,1.09,1.13
2011.08.19 01:45:15.885,1.63393,1.63465,1.09,1.50
2011.08.19 01:45:16.106,1.63391,1.63465,1.47,1.50
2011.08.19 01:45:17.582,1.63391,1.63464,1.47,1.13
2011.08.19 01:45:17.694,1.63391,1.63464,1.47,1.13
2011.08.19 01:45:19.688,1.63392,1.63463,1.47,1.13
2011.08.19 01:45:20.773,1.63391,1.63463,1.47,1.13
2011.08.19 01:45:22.155,1.63393,1.63465,1.09,1.50
2011.08.19 01:45:22.596,1.63398,1.63469,1.73,1.13
2011.08.19 01:45:22.715,1.63401,1.63479,1.50,1.50
2011.08.19 01:45:23.323,1.63399,1.63479,1.13,1.50
2011.08.19 01:45:25.465,1.63399,1.63473,1.13,1.13
2011.08.19 01:45:25.795,1.634,1.63467,1.13,1.13
2011.08.19 01:45:29.075,1.634,1.63466,1.13,1.13
2011.08.19 01:45:30.948,1.634,1.63466,1.13,1.13
2011.08.19 01:45:31.175,1.63399,1.63469,1.13,1.13
2011.08.19 01:45:31.726,1.63402,1.63469,2.10,1.13
2011.08.19 01:45:33.138,1.63399,1.63471,1.13,1.13
2011.08.19 01:45:33.255,1.63399,1.63469,1.13,1.09
2011.08.19 01:45:33.587,1.63389,1.63455,1.09,1.13
2011.08.19 01:45:33.817,1.63389,1.63457,1.09,1.13
2011.08.19 01:45:34.375,1.63389,1.63456,1.09,1.13
2011.08.19 01:45:35.633,1.63389,1.63457,1.09,1.13
2011.08.19 01:45:38.705,1.63389,1.6346,1.09,1.13
2011.08.19 01:45:39.264,1.63392,1.63462,1.50,1.09
2011.08.19 01:45:39.845,1.63389,1.63461,1.09,1.50
2011.08.19 01:45:40.424,1.63389,1.63461,1.09,1.88
2011.08.19 01:45:40.954,1.63389,1.63461,1.09,1.50
2011.08.19 01:45:41.748,1.63396,1.63461,1.50,1.88
2011.08.19 01:45:42.342,1.63392,1.6346,1.50,1.50
2011.08.19 01:45:42.885,1.63392,1.6346,1.50,1.50
2011.08.19 01:45:44.735,1.63383,1.63456,2.10,1.09
2011.08.19 01:45:44.956,1.6338,1.63456,1.09,1.47
2011.08.19 01:45:45.079,1.6338,1.63452,1.09,1.09
2011.08.19 01:45:45.417,1.63376,1.63447,1.47,1.13
2011.08.19 01:45:45.646,1.63365,1.63448,2.48,1.09
2011.08.19 01:45:45.767,1.63369,1.63448,2.10,1.13
2011.08.19 01:45:46.996,1.63369,1.63451,2.10,1.13
2011.08.19 01:45:47.447,1.63369,1.63452,2.10,1.13
2011.08.19 01:45:48.469,1.63366,1.6345,1.50,1.50
2011.08.19 01:45:48.700,1.63371,1.6345,1.13,1.13
2011.08.19 01:45:49.035,1.63373,1.63452,1.13,1.50
2011.08.19 01:45:52.074,1.63376,1.63451,1.50,1.50
2011.08.19 01:45:52.644,1.63376,1.63452,1.13,1.50
2011.08.19 01:45:53.181,1.63378,1.63447,1.69,1.13
2011.08.19 01:45:53.735,1.63378,1.63447,1.69,1.13
2011.08.19 01:45:55.621,1.63384,1.63446,1.09,1.13
2011.08.19 01:45:59.156,1.63387,1.63447,1.50,1.13
2011.08.19 01:46:01.234,1.63386,1.63446,1.50,1.13
2011.08.19 01:46:01.566,1.63387,1.6345,1.50,1.13
2011.08.19 01:46:02.402,1.63387,1.63455,1.50,1.09
2011.08.19 01:46:02.628,1.63385,1.63451,2.10,1.13
2011.08.19 01:46:02.748,1.63385,1.63447,2.10,1.13
2011.08.19 01:46:02.870,1.63384,1.6345,1.09,1.28
2011.08.19 01:46:02.992,1.63384,1.63451,1.09,1.13
2011.08.19 01:46:05.438,1.63376,1.63448,2.07,1.13
2011.08.19 01:46:05.887,1.63381,1.63445,1.35,1.09
2011.08.19 01:46:06.114,1.63381,1.63446,1.69,1.13
2011.08.19 01:46:06.773,1.63381,1.63447,1.69,1.13
2011.08.19 01:46:07.518,1.6339,1.63447,1.09,1.13
2011.08.19 01:46:09.390,1.6339,1.63447,1.09,1.13
2011.08.19 01:46:09.964,1.6339,1.63449,1.09,1.50
2011.08.19 01:46:10.076,1.6339,1.6345,1.09,1.13
2011.08.19 01:46:10.193,1.6339,1.63449,1.09,1.13
2011.08.19 01:46:11.156,1.6339,1.63446,1.09,1.13
2011.08.19 01:46:12.046,1.6339,1.63449,1.09,1.50
2011.08.19 01:46:14.675,1.63392,1.63451,1.13,1.50
2011.08.19 01:46:15.004,1.63392,1.63446,1.13,1.13
2011.08.19 01:46:16.203,1.63392,1.63447,1.13,1.13
2011.08.19 01:46:16.654,1.63392,1.63452,1.13,1.13
2011.08.19 01:46:16.875,1.63392,1.63452,1.13,1.13
2011.08.19 01:46:20.804,1.63396,1.63452,1.13,1.98
2011.08.19 01:46:22.885,1.63396,1.63457,1.13,1.09
2011.08.19 01:46:22.996,1.63392,1.63454,1.13,1.09
2011.08.19 01:46:23.338,1.63385,1.63455,1.13,1.09
2011.08.19 01:46:23.898,1.63383,1.63456,1.13,2.22
2011.08.19 01:46:24.394,1.63387,1.63459,1.47,1.09
2011.08.19 01:46:26.076,1.63381,1.63459,1.50,1.50
2011.08.19 01:46:26.633,1.63381,1.63459,1.50,1.13
2011.08.19 01:46:27.538,1.63387,1.6346,1.13,1.94
2011.08.19 01:46:27.660,1.63375,1.63451,1.09,1.88
2011.08.19 01:46:30.332,1.6337,1.63451,1.13,1.88
2011.08.19 01:46:30.665,1.63371,1.63454,2.44,1.84
2011.08.19 01:46:30.776,1.63372,1.63454,1.50,1.47
2011.08.19 01:46:31.007,1.63373,1.63458,1.13,1.19
2011.08.19 01:46:32.135,1.63375,1.63459,2.10,1.84
2011.08.19 01:46:33.784,1.63375,1.63459,2.10,1.84
2011.08.19 01:46:34.865,1.63375,1.63454,2.10,1.09
2011.08.19 01:46:37.085,1.63372,1.63454,1.13,1.09
2011.08.19 01:46:43.138,1.63372,1.63453,1.50,1.50
2011.08.19 01:46:46.640,1.63366,1.63431,2.15,1.13
2011.08.19 01:46:46.756,1.63363,1.63436,2.10,1.23
2011.08.19 01:46:46.877,1.63363,1.63442,2.10,1.19
2011.08.19 01:46:46.994,1.63363,1.63442,2.10,1.09
2011.08.19 01:46:47.214,1.63358,1.63437,1.13,1.09
2011.08.19 01:46:49.183,1.63359,1.63437,1.13,1.09
2011.08.19 01:46:49.487,1.63356,1.63437,1.09,1.09
2011.08.19 01:46:49.826,1.63368,1.63443,1.13,1.09
2011.08.19 01:46:49.948,1.6337,1.6345,1.09,2.22
2011.08.19 01:46:50.761,1.63371,1.63449,1.13,1.50
2011.08.19 01:46:51.344,1.63371,1.6345,1.13,1.09
2011.08.19 01:46:52.027,1.6337,1.63446,1.09,1.50
2011.08.19 01:46:52.834,1.63371,1.63448,1.50,1.50
2011.08.19 01:46:55.098,1.63371,1.63446,1.50,1.50
2011.08.19 01:46:57.239,1.63371,1.63449,1.50,1.50
2011.08.19 01:46:57.463,1.63371,1.63449,1.50,1.50
2011.08.19 01:46:58.099,1.63371,1.63449,1.50,1.50
2011.08.19 01:46:58.885,1.63373,1.6345,1.13,1.09
2011.08.19 01:46:58.995,1.63381,1.63454,1.09,2.36
2011.08.19 01:46:59.326,1.63374,1.63454,1.09,1.50
2011.08.19 01:47:00.539,1.63372,1.63448,1.09,1.13
2011.08.19 01:47:00.884,1.63371,1.63446,2.22,1.13
2011.08.19 01:47:02.055,1.63372,1.63446,1.09,1.13
2011.08.19 01:47:03.185,1.63372,1.63445,1.09,1.13
2011.08.19 01:47:03.628,1.63367,1.63446,1.13,2.25
2011.08.19 01:47:04.186,1.63367,1.63445,1.73,1.88
2011.08.19 01:47:04.296,1.63369,1.63445,1.13,1.13
2011.08.19 01:47:04.624,1.63373,1.63447,2.48,1.13
2011.08.19 01:47:05.555,1.63373,1.63445,1.73,1.13
2011.08.19 01:47:06.144,1.63376,1.63446,1.13,1.13
2011.08.19 01:47:07.076,1.63376,1.63447,1.13,1.13
2011.08.19 01:47:07.604,1.63376,1.63447,1.13,1.13
2011.08.19 01:47:08.044,1.63376,1.63447,1.13,1.13
2011.08.19 01:47:08.268,1.63376,1.63446,1.13,1.50
2011.08.19 01:47:09.097,1.63376,1.63446,1.13,1.50
2011.08.19 01:47:09.594,1.63375,1.63446,1.13,1.13
2011.08.19 01:47:10.257,1.63375,1.63447,1.13,1.50
2011.08.19 01:47:11.265,1.63373,1.63445,2.07,1.13
2011.08.19 01:47:11.597,1.63371,1.63449,1.47,1.50
2011.08.19 01:47:11.825,1.63365,1.63442,1.13,1.09
2011.08.19 01:47:12.049,1.63365,1.6344,2.48,1.09
2011.08.19 01:47:12.605,1.63366,1.63443,1.50,1.09
2011.08.19 01:47:13.075,1.63366,1.63443,1.50,1.09
2011.08.19 01:47:13.435,1.63372,1.63443,1.50,1.09
2011.08.19 01:47:13.988,1.63381,1.63444,1.09,1.09
2011.08.19 01:47:15.193,1.63383,1.63455,2.22,1.47
2011.08.19 01:47:15.308,1.63393,1.6346,1.09,1.84
2011.08.19 01:47:15.428,1.63394,1.6346,1.09,1.84
2011.08.19 01:47:15.765,1.63396,1.6346,1.09,1.47
2011.08.19 01:47:15.987,1.63393,1.63461,1.50,1.13
2011.08.19 01:47:16.105,1.6339,1.63462,1.73,1.13
2011.08.19 01:47:16.706,1.63387,1.63461,2.07,1.13
2011.08.19 01:47:17.607,1.63387,1.63468,2.07,1.13
2011.08.19 01:47:19.244,1.63385,1.63467,1.09,1.13
2011.08.19 01:47:19.686,1.63379,1.63467,1.13,1.88
2011.08.19 01:47:20.015,1.63382,1.63463,1.13,1.61
2011.08.19 01:47:20.346,1.63382,1.63463,1.13,1.61
2011.08.19 01:47:21.724,1.63379,1.63463,1.13,1.98
2011.08.19 01:47:23.483,1.63379,1.63458,1.13,1.13
2011.08.19 01:47:23.703,1.63379,1.63458,1.50,1.13
2011.08.19 01:47:32.024,1.6338,1.63458,1.13,1.13
2011.08.19 01:47:32.588,1.63375,1.63458,2.10,1.13
2011.08.19 01:47:33.029,1.63375,1.63458,2.10,1.13
2011.08.19 01:47:36.385,1.63379,1.63458,1.13,1.50
2011.08.19 01:47:36.603,1.63379,1.63458,1.13,1.50
2011.08.19 01:47:38.894,1.63378,1.63458,1.13,1.13
2011.08.19 01:47:39.664,1.63378,1.63454,1.13,1.13
2011.08.19 01:47:40.387,1.63369,1.63455,1.09,1.13
2011.08.19 01:47:41.266,1.63376,1.63455,1.13,1.13
2011.08.19 01:47:41.994,1.63379,1.63455,1.13,1.13
2011.08.19 01:47:44.004,1.63377,1.63455,1.50,1.13
2011.08.19 01:47:46.877,1.63377,1.63455,1.13,1.13
2011.08.19 01:47:47.560,1.63377,1.63455,1.50,1.13
2011.08.19 01:47:48.664,1.63377,1.63455,1.50,1.13
2011.08.19 01:47:50.934,1.63375,1.63455,1.50,1.13
2011.08.19 01:47:51.814,1.63375,1.63455,1.13,1.13
2011.08.19 01:47:56.654,1.63375,1.63455,1.13,1.13
2011.08.19 01:47:57.314,1.63373,1.63452,1.13,1.13
2011.08.19 01:47:57.646,1.63375,1.63452,1.13,1.13
2011.08.19 01:48:00.065,1.63375,1.63453,1.13,1.13
2011.08.19 01:48:01.708,1.63376,1.63453,1.13,1.13
2011.08.19 01:48:01.827,1.63369,1.63453,1.13,1.13
2011.08.19 01:48:01.946,1.63368,1.63451,1.13,1.13
2011.08.19 01:48:02.277,1.63374,1.63459,1.13,1.88
2011.08.19 01:48:02.394,1.63372,1.63456,1.50,1.13
2011.08.19 01:48:02.505,1.63374,1.63457,1.13,1.13
2011.08.19 01:48:03.475,1.63379,1.63457,1.50,1.13
2011.08.19 01:48:05.215,1.63379,1.63458,1.50,2.25
2011.08.19 01:48:06.005,1.63379,1.63458,1.50,2.25
2011.08.19 01:48:11.729,1.63379,1.63458,1.50,1.88
2011.08.19 01:48:11.954,1.63378,1.63458,1.13,1.50
2011.08.19 01:48:12.178,1.63376,1.63459,1.13,2.25
2011.08.19 01:48:12.515,1.63372,1.63451,1.13,1.50
2011.08.19 01:48:12.956,1.63369,1.63449,1.13,1.13
2011.08.19 01:48:13.562,1.63372,1.63451,1.13,1.13
2011.08.19 01:48:15.284,1.63372,1.63452,1.13,1.13
2011.08.19 01:48:15.624,1.63372,1.63458,1.13,2.25
2011.08.19 01:48:15.956,1.63372,1.63451,1.13,1.13
2011.08.19 01:48:16.505,1.63372,1.63452,1.13,1.13
2011.08.19 01:48:16.725,1.63372,1.63458,1.13,1.13
2011.08.19 01:48:17.054,1.63372,1.63456,1.13,1.13
2011.08.19 01:48:17.274,1.63372,1.63453,1.13,1.13
2011.08.19 01:48:18.665,1.63372,1.63453,1.13,1.13
2011.08.19 01:48:19.356,1.63377,1.63458,1.13,1.13
2011.08.19 01:48:19.803,1.63378,1.63458,1.13,1.13
2011.08.19 01:48:20.497,1.63378,1.63458,1.13,1.13
2011.08.19 01:48:20.724,1.63378,1.63459,1.13,1.13
2011.08.19 01:48:21.818,1.63378,1.63458,1.13,1.13
2011.08.19 01:48:22.154,1.63378,1.63458,1.13,1.13
2011.08.19 01:48:22.879,1.63378,1.63458,1.13,1.13
2011.08.19 01:48:23.215,1.63379,1.63461,1.50,1.50
2011.08.19 01:48:23.784,1.63382,1.63462,1.13,1.13
2011.08.19 01:48:25.117,1.63382,1.63461,1.13,1.13
2011.08.19 01:48:26.105,1.63382,1.63461,1.13,1.13
2011.08.19 01:48:26.704,1.63384,1.63464,1.50,1.50
2011.08.19 01:48:27.274,1.63384,1.63464,1.13,1.50
2011.08.19 01:48:32.126,1.63384,1.63464,1.50,1.50
2011.08.19 01:48:32.456,1.63381,1.63461,1.13,1.13
2011.08.19 01:48:33.026,1.63381,1.63462,1.13,1.13
2011.08.19 01:48:33.584,1.63381,1.63461,1.13,1.13
2011.08.19 01:48:35.344,1.63381,1.63464,1.13,1.50
2011.08.19 01:48:35.674,1.63381,1.63469,1.13,1.50
2011.08.19 01:48:36.113,1.63381,1.63464,1.13,1.50
2011.08.19 01:48:36.544,1.63381,1.63462,1.13,1.13
2011.08.19 01:48:42.705,1.63381,1.63463,1.13,1.13
2011.08.19 01:48:43.320,1.63382,1.63462,1.13,1.13
2011.08.19 01:48:48.664,1.63382,1.63462,1.13,1.13
2011.08.19 01:48:54.421,1.63381,1.6346,1.13,1.13
2011.08.19 01:48:54.755,1.63382,1.63458,1.13,1.13
2011.08.19 01:48:55.294,1.63381,1.63452,1.13,1.13
2011.08.19 01:48:56.106,1.63381,1.63451,1.13,1.13
2011.08.19 01:48:57.095,1.63381,1.63451,1.13,1.13
2011.08.19 01:49:00.674,1.63382,1.63457,1.13,1.13
2011.08.19 01:49:03.652,1.63382,1.63452,1.13,1.13
2011.08.19 01:49:04.267,1.63381,1.63453,1.13,1.47
2011.08.19 01:49:05.732,1.63374,1.6345,1.13,1.47
2011.08.19 01:49:06.235,1.63374,1.63448,1.13,1.09
2011.08.19 01:49:06.455,1.63374,1.63448,1.13,1.09
2011.08.19 01:49:08.087,1.63374,1.63446,1.13,1.09
2011.08.19 01:49:08.978,1.63371,1.63446,1.13,1.09
2011.08.19 01:49:09.206,1.63372,1.63443,1.13,1.50
2011.08.19 01:49:11.084,1.63371,1.63441,1.13,1.50
2011.08.19 01:49:21.165,1.63372,1.63448,1.13,1.50
2011.08.19 01:49:21.276,1.63372,1.63449,1.13,1.13
2011.08.19 01:49:21.496,1.63369,1.63453,1.13,1.50
2011.08.19 01:49:23.035,1.63369,1.63454,1.50,1.13
2011.08.19 01:49:25.765,1.6337,1.63457,1.13,1.13
2011.08.19 01:49:27.105,1.6337,1.63456,1.13,1.13
2011.08.19 01:49:28.095,1.6337,1.63456,1.13,1.13
2011.08.19 01:49:28.938,1.6337,1.63456,1.13,1.13
2011.08.19 01:49:29.054,1.6337,1.63457,1.13,1.88
2011.08.19 01:49:29.825,1.63379,1.63455,1.13,1.13
2011.08.19 01:49:30.784,1.63379,1.63457,1.13,1.13
2011.08.19 01:49:31.224,1.63379,1.63453,1.13,1.50
2011.08.19 01:49:32.945,1.63379,1.63452,1.13,1.13
2011.08.19 01:49:33.275,1.63379,1.6345,1.13,1.13
2011.08.19 01:49:34.126,1.63379,1.6345,1.13,1.13
2011.08.19 01:49:35.155,1.6338,1.6345,1.13,1.13
2011.08.19 01:49:35.377,1.6338,1.63451,1.13,1.13
2011.08.19 01:49:37.454,1.6338,1.63453,1.13,1.88
2011.08.19 01:49:43.335,1.6338,1.63451,1.13,1.13
2011.08.19 01:49:45.031,1.63379,1.63456,1.50,1.09
2011.08.19 01:49:46.126,1.63379,1.63456,1.88,1.09
2011.08.19 01:49:47.007,1.63379,1.63456,1.88,1.09
2011.08.19 01:49:56.774,1.63381,1.63458,1.13,1.50
2011.08.19 01:49:58.106,1.63381,1.63458,1.13,1.50
2011.08.19 01:50:00.045,1.6338,1.63459,1.84,1.88
2011.08.19 01:50:00.266,1.63384,1.63458,1.50,1.50
2011.08.19 01:50:02.066,1.63385,1.63458,1.13,1.13
2011.08.19 01:50:02.674,1.6338,1.63458,1.09,1.50
2011.08.19 01:50:13.851,1.63384,1.63464,1.88,1.50
2011.08.19 01:50:14.955,1.63383,1.63464,1.50,1.13
2011.08.19 01:50:15.066,1.63381,1.63456,1.50,1.09
2011.08.19 01:50:15.623,1.63382,1.63457,1.50,3.67
2011.08.19 01:50:16.286,1.63371,1.63454,1.13,1.13
2011.08.19 01:50:16.410,1.63372,1.63454,1.13,1.88
2011.08.19 01:50:16.527,1.63372,1.63457,1.50,2.54
2011.08.19 01:50:16.647,1.63375,1.63458,1.13,1.47
2011.08.19 01:50:17.024,1.63374,1.63456,1.13,1.09
2011.08.19 01:50:17.142,1.63373,1.63451,1.50,1.50
2011.08.19 01:50:17.696,1.63377,1.63451,1.47,1.50
2011.08.19 01:50:18.025,1.63379,1.63451,1.09,1.50
2011.08.19 01:50:21.107,1.63381,1.6345,1.13,1.50
2011.08.19 01:50:21.645,1.63381,1.63449,1.13,1.50
2011.08.19 01:50:26.596,1.63381,1.63449,1.13,1.13
2011.08.19 01:50:36.924,1.63384,1.63456,1.13,1.50
2011.08.19 01:50:38.108,1.63381,1.63456,1.13,1.50
2011.08.19 01:50:42.156,1.63379,1.63448,1.09,1.50
2011.08.19 01:50:42.496,1.63373,1.63452,1.09,1.50
2011.08.19 01:50:42.727,1.63371,1.63447,1.50,1.09
2011.08.19 01:50:45.815,1.63372,1.63441,1.13,1.09
2011.08.19 01:50:45.925,1.63372,1.63443,1.13,1.09
2011.08.19 01:50:46.145,1.63369,1.63441,1.50,1.50
2011.08.19 01:50:46.588,1.63372,1.63439,1.13,1.13
2011.08.19 01:50:46.927,1.63369,1.63438,1.13,1.13
2011.08.19 01:50:47.046,1.63368,1.6344,1.50,1.73
2011.08.19 01:50:48.299,1.63361,1.63444,1.50,1.61
2011.08.19 01:50:49.196,1.63357,1.63444,1.50,1.13
2011.08.19 01:50:51.047,1.63367,1.63448,1.50,1.94
2011.08.19 01:50:51.636,1.63371,1.63449,1.13,1.23
2011.08.19 01:50:51.975,1.63371,1.63449,1.13,1.23
2011.08.19 01:50:53.088,1.63371,1.63449,1.13,1.23
2011.08.19 01:50:53.307,1.63371,1.63449,1.13,1.23
2011.08.19 01:50:53.869,1.63371,1.63449,1.13,1.23
2011.08.19 01:50:53.986,1.63371,1.63449,1.13,1.23
2011.08.19 01:50:55.725,1.63369,1.6345,1.88,1.61
2011.08.19 01:50:56.325,1.63369,1.63448,1.50,1.61
2011.08.19 01:50:59.170,1.6337,1.63445,1.13,1.13
2011.08.19 01:51:05.667,1.63367,1.63444,1.50,1.13
2011.08.19 01:51:05.895,1.6337,1.63444,1.13,1.13
2011.08.19 01:51:24.325,1.63372,1.63445,1.50,1.13
2011.08.19 01:51:24.434,1.63369,1.63449,1.13,1.23
2011.08.19 01:51:25.005,1.6337,1.63451,1.50,1.13
2011.08.19 01:51:25.622,1.6337,1.63451,1.50,1.88
2011.08.19 01:51:26.194,1.6337,1.63451,1.50,1.13
2011.08.19 01:51:26.414,1.63372,1.63453,1.50,2.63
2011.08.19 01:51:26.966,1.6337,1.63453,1.13,2.85
2011.08.19 01:51:27.199,1.6337,1.6345,1.50,1.13
2011.08.19 01:51:27.536,1.63368,1.6345,1.13,1.13
2011.08.19 01:51:29.107,1.63368,1.6345,1.13,1.13
2011.08.19 01:51:29.446,1.6337,1.6345,1.13,1.13
2011.08.19 01:51:29.677,1.6337,1.63452,1.13,1.73
2011.08.19 01:51:29.906,1.6337,1.63454,1.13,1.50
2011.08.19 01:51:30.456,1.63368,1.6345,1.13,1.23
2011.08.19 01:51:31.005,1.63369,1.63451,1.13,1.23
2011.08.19 01:51:31.441,1.63368,1.63447,1.13,1.13
2011.08.19 01:51:32.027,1.63368,1.63448,1.13,1.13
2011.08.19 01:51:33.084,1.63369,1.63447,1.13,1.13
2011.08.19 01:51:33.195,1.63371,1.63449,1.13,1.50
2011.08.19 01:51:36.254,1.6337,1.63448,1.13,1.13
2011.08.19 01:51:37.144,1.6337,1.63447,1.50,1.13
2011.08.19 01:51:37.696,1.6337,1.63447,1.13,1.13
2011.08.19 01:51:40.534,1.63358,1.63443,1.13,1.50
2011.08.19 01:51:44.906,1.63363,1.63444,1.50,1.13
2011.08.19 01:51:48.494,1.6337,1.63444,1.13,1.50
2011.08.19 01:51:53.343,1.63377,1.63445,1.13,1.13
2011.08.19 01:51:53.686,1.63379,1.6345,1.88,1.13
2011.08.19 01:51:54.395,1.63379,1.6345,1.13,1.13
2011.08.19 01:52:00.543,1.63379,1.6345,1.13,1.13
2011.08.19 01:52:00.767,1.63373,1.6345,1.13,1.13
2011.08.19 01:52:01.489,1.63371,1.63444,1.13,2.48
2011.08.19 01:52:04.113,1.63371,1.63441,1.50,1.13
2011.08.19 01:52:04.956,1.63369,1.63441,1.13,1.13
2011.08.19 01:52:08.451,1.63366,1.63441,1.13,1.13
2011.08.19 01:52:14.233,1.63371,1.63444,1.13,2.48
2011.08.19 01:52:14.344,1.63371,1.63444,1.13,2.48
2011.08.19 01:52:14.934,1.63371,1.63444,1.50,1.13
2011.08.19 01:52:21.194,1.63371,1.63444,1.50,1.13
2011.08.19 01:52:25.194,1.63371,1.63444,1.13,1.13
2011.08.19 01:52:25.414,1.63371,1.63444,1.50,1.13
2011.08.19 01:52:28.659,1.63369,1.63444,1.13,1.13
2011.08.19 01:52:29.026,1.63358,1.63444,1.13,1.13
2011.08.19 01:52:29.135,1.63379,1.63444,1.13,1.13
2011.08.19 01:52:29.247,1.63378,1.63448,1.13,1.61
2011.08.19 01:52:29.845,1.63372,1.63448,1.99,1.13
2011.08.19 01:52:30.698,1.63379,1.63448,1.13,1.13
2011.08.19 01:52:31.273,1.63379,1.63449,1.13,1.13
2011.08.19 01:52:38.358,1.63376,1.63448,1.50,1.13
2011.08.19 01:52:38.585,1.63371,1.63449,1.13,1.88
2011.08.19 01:52:38.694,1.63372,1.63449,1.13,1.88
2011.08.19 01:52:39.734,1.63372,1.63443,1.13,1.50
2011.08.19 01:52:39.845,1.63367,1.63446,1.13,1.13
2011.08.19 01:52:40.281,1.63369,1.63449,1.50,2.85
2011.08.19 01:52:40.399,1.63372,1.63447,1.50,1.13
2011.08.19 01:52:44.105,1.63376,1.63445,1.50,1.13
2011.08.19 01:52:45.157,1.63382,1.63447,1.13,1.13
2011.08.19 01:52:48.677,1.63382,1.63447,1.13,1.13
2011.08.19 01:52:55.654,1.63382,1.63449,1.13,1.84
2011.08.19 01:52:55.765,1.63381,1.63445,1.13,1.09
2011.08.19 01:52:55.985,1.63383,1.63446,1.13,1.47
2011.08.19 01:52:56.536,1.63381,1.63449,1.13,1.84
2011.08.19 01:52:57.407,1.63383,1.6345,1.13,1.09
2011.08.19 01:52:57.635,1.63398,1.63465,1.09,1.09
2011.08.19 01:53:01.864,1.634,1.63462,1.09,1.13
2011.08.19 01:53:02.243,1.63396,1.63456,1.47,1.45
2011.08.19 01:53:02.359,1.63396,1.63453,1.13,1.09
2011.08.19 01:53:02.480,1.63392,1.63455,1.13,1.09
2011.08.19 01:53:02.708,1.63392,1.63452,1.13,1.50
2011.08.19 01:53:03.519,1.63392,1.63451,1.13,1.13
2011.08.19 01:53:04.084,1.63395,1.63451,1.13,1.13
2011.08.19 01:53:04.896,1.63394,1.63446,1.13,1.13
2011.08.19 01:53:05.446,1.63394,1.63447,1.13,1.13
2011.08.19 01:53:05.557,1.63392,1.63446,1.13,1.13
2011.08.19 01:53:08.587,1.63392,1.63449,1.13,1.50
2011.08.19 01:53:10.777,1.63391,1.63451,1.13,1.50
2011.08.19 01:53:11.338,1.63391,1.6345,1.13,1.50
2011.08.19 01:53:15.107,1.63392,1.63451,1.13,1.50
2011.08.19 01:53:16.127,1.63393,1.63451,1.13,1.88
2011.08.19 01:53:17.267,1.63392,1.63451,1.13,1.88
2011.08.19 01:53:18.173,1.63392,1.6345,1.13,1.50
2011.08.19 01:53:18.728,1.63391,1.63446,1.13,1.13
2011.08.19 01:53:19.657,1.63391,1.63446,1.13,1.13
2011.08.19 01:53:20.215,1.63391,1.63449,1.13,1.13
2011.08.19 01:53:20.325,1.63391,1.63446,1.13,1.13
2011.08.19 01:53:20.765,1.63391,1.63451,1.13,1.13
2011.08.19 01:53:22.244,1.63392,1.63449,1.13,1.13
2011.08.19 01:53:25.355,1.63392,1.63447,1.13,1.13
2011.08.19 01:53:25.575,1.63387,1.63448,1.50,1.50
2011.08.19 01:53:26.167,1.63386,1.63449,1.50,1.50
2011.08.19 01:53:37.436,1.63391,1.63448,1.13,1.13
2011.08.19 01:53:38.617,1.63391,1.63452,1.13,1.50
2011.08.19 01:53:38.738,1.63391,1.6345,1.13,1.50
2011.08.19 01:53:40.256,1.63393,1.6345,1.13,1.50
2011.08.19 01:53:40.863,1.63393,1.6345,1.13,1.50
2011.08.19 01:53:40.981,1.63392,1.6345,1.13,1.50
2011.08.19 01:53:42.235,1.63392,1.6345,1.13,1.50
2011.08.19 01:53:43.850,1.63392,1.6345,1.13,1.50
2011.08.19 01:53:44.297,1.63393,1.6345,1.13,1.50
2011.08.19 01:53:50.561,1.63391,1.6345,1.13,1.50
2011.08.19 01:53:51.755,1.63391,1.6345,1.13,1.50
2011.08.19 01:53:51.974,1.63391,1.63454,1.13,1.50
2011.08.19 01:53:56.668,1.63391,1.63454,1.13,1.50
2011.08.19 01:53:56.956,1.63392,1.63456,1.13,1.13
2011.08.19 01:53:57.226,1.63391,1.63454,1.13,1.50
2011.08.19 01:53:58.595,1.63392,1.63456,1.13,1.13
2011.08.19 01:53:59.614,1.63392,1.63457,1.13,1.09
2011.08.19 01:54:00.696,1.63392,1.63457,1.13,1.09
2011.08.19 01:54:00.915,1.63392,1.63457,1.13,1.09
2011.08.19 01:54:01.485,1.63392,1.63457,1.13,1.09
2011.08.19 01:54:01.860,1.63392,1.63457,1.13,1.09
2011.08.19 01:54:02.485,1.63392,1.63457,1.13,1.09
2011.08.19 01:54:03.187,1.63392,1.63457,1.13,1.09
2011.08.19 01:54:04.748,1.63392,1.63456,1.13,1.13
2011.08.19 01:54:04.978,1.63391,1.63454,1.13,1.88
2011.08.19 01:54:05.512,1.63391,1.63453,1.13,1.13
2011.08.19 01:54:06.066,1.63386,1.63447,1.50,1.13
2011.08.19 01:54:07.837,1.63386,1.63448,1.50,1.50
2011.08.19 01:54:08.371,1.63386,1.63452,1.50,1.88
2011.08.19 01:54:08.596,1.63386,1.63453,1.50,1.13
2011.08.19 01:54:08.708,1.63386,1.63452,1.50,1.13
2011.08.19 01:54:09.283,1.63386,1.63451,1.50,1.13
2011.08.19 01:54:12.126,1.63386,1.63449,1.50,1.13
2011.08.19 01:54:13.614,1.63386,1.63449,1.50,1.50
2011.08.19 01:54:15.005,1.63386,1.63449,1.50,1.13
2011.08.19 01:54:15.116,1.63386,1.6345,1.50,1.50
2011.08.19 01:54:16.254,1.63391,1.63454,1.13,1.50
2011.08.19 01:54:21.554,1.63393,1.63459,1.13,1.88
2011.08.19 01:54:23.927,1.63391,1.63454,1.13,1.50
2011.08.19 01:54:24.452,1.63391,1.63456,1.13,1.50
2011.08.19 01:54:30.005,1.63391,1.63456,1.13,1.50
2011.08.19 01:54:38.868,1.63391,1.63454,1.13,1.50
2011.08.19 01:54:38.984,1.63387,1.63453,1.50,1.50
2011.08.19 01:54:49.596,1.63391,1.63454,1.13,1.50
2011.08.19 01:54:51.744,1.63387,1.63453,1.50,1.50
2011.08.19 01:54:55.499,1.63382,1.63456,1.50,1.50
2011.08.19 01:54:55.837,1.63387,1.63459,1.50,1.50
2011.08.19 01:54:56.434,1.63387,1.63457,1.50,1.13
2011.08.19 01:54:57.207,1.63387,1.63457,1.09,1.09
2011.08.19 01:54:58.964,1.63392,1.63457,1.47,1.09
2011.08.19 01:55:02.126,1.63392,1.63457,1.47,1.09
2011.08.19 01:55:07.818,1.63391,1.63454,1.47,1.50
2011.08.19 01:55:07.936,1.63392,1.63457,1.09,1.09
2011.08.19 01:55:08.686,1.63392,1.63453,1.09,1.50
2011.08.19 01:55:10.976,1.63391,1.63458,1.13,1.84
2011.08.19 01:55:11.086,1.63391,1.63458,1.13,1.47
2011.08.19 01:55:11.636,1.63391,1.63459,1.13,2.22
2011.08.19 01:55:12.137,1.63386,1.63454,1.50,1.47
2011.08.19 01:55:12.476,1.63391,1.63457,1.47,1.88
2011.08.19 01:55:13.323,1.63391,1.63459,1.47,1.50
2011.08.19 01:55:13.867,1.63395,1.6346,1.09,1.09
2011.08.19 01:55:14.096,1.63395,1.6346,1.09,1.09
2011.08.19 01:55:14.316,1.63395,1.63464,1.09,1.09
2011.08.19 01:55:14.426,1.63395,1.63466,1.09,1.09
2011.08.19 01:55:14.755,1.63403,1.63473,1.09,1.84
2011.08.19 01:55:14.864,1.63411,1.63473,1.09,1.84
2011.08.19 01:55:15.197,1.63398,1.63478,3.72,1.09
2011.08.19 01:55:15.316,1.63398,1.63476,1.13,1.47
2011.08.19 01:55:15.425,1.63395,1.63471,1.50,1.13
2011.08.19 01:55:15.536,1.63395,1.63478,1.50,1.47
2011.08.19 01:55:15.758,1.63397,1.63474,2.48,1.09
2011.08.19 01:55:16.125,1.63398,1.63474,1.50,1.09
2011.08.19 01:55:18.077,1.63398,1.63474,1.50,1.09
2011.08.19 01:55:19.315,1.63398,1.63474,1.50,1.09
2011.08.19 01:55:21.097,1.63398,1.63474,1.50,1.09
2011.08.19 01:55:22.126,1.63398,1.63474,1.50,1.09
2011.08.19 01:55:26.056,1.63398,1.63474,1.50,1.09
2011.08.19 01:55:29.876,1.63398,1.63474,1.50,1.09
2011.08.19 01:55:30.455,1.63398,1.63478,1.50,1.09
2011.08.19 01:55:34.915,1.63399,1.63474,1.50,1.09
2011.08.19 01:55:36.457,1.63399,1.63477,1.50,1.47
2011.08.19 01:55:37.015,1.63398,1.63479,1.88,2.22
2011.08.19 01:55:51.438,1.634,1.63479,1.50,1.09
2011.08.19 01:55:51.776,1.634,1.63478,1.13,1.09
2011.08.19 01:56:00.278,1.63408,1.63484,1.50,1.13
2011.08.19 01:56:00.619,1.63398,1.63478,1.88,1.50
2011.08.19 01:56:03.955,1.63398,1.63478,2.85,1.47
2011.08.19 01:56:04.677,1.63403,1.63478,1.13,1.47
2011.08.19 01:56:08.946,1.63402,1.63479,1.13,1.47
2011.08.19 01:56:09.168,1.63431,1.63513,1.35,1.50
2011.08.19 01:56:09.616,1.63432,1.63514,1.50,1.09
2011.08.19 01:56:09.945,1.63434,1.63514,1.13,1.09
2011.08.19 01:56:10.376,1.63434,1.63514,1.13,1.09
2011.08.19 01:56:11.145,1.63434,1.63514,1.13,1.09
2011.08.19 01:56:12.119,1.63434,1.63514,1.13,1.09
2011.08.19 01:56:14.029,1.63437,1.63514,1.13,1.09
2011.08.19 01:56:16.018,1.63436,1.63514,1.13,1.09
2011.08.19 01:56:17.055,1.63437,1.63514,1.13,1.09
2011.08.19 01:56:23.750,1.63436,1.63514,1.13,1.09
2011.08.19 01:56:31.398,1.63436,1.63519,1.88,1.47
2011.08.19 01:56:31.737,1.63439,1.63518,1.13,1.47
2011.08.19 01:56:33.175,1.63437,1.63514,1.50,1.84
2011.08.19 01:56:33.917,1.63437,1.63514,1.50,1.09
2011.08.19 01:56:35.044,1.63437,1.63514,1.50,1.84
2011.08.19 01:56:38.125,1.63437,1.63514,1.50,1.09
2011.08.19 01:56:39.995,1.63437,1.63514,1.50,1.09
2011.08.19 01:56:40.455,1.63432,1.63512,1.50,1.13
2011.08.19 01:56:40.786,1.63429,1.63508,1.13,1.09
2011.08.19 01:56:41.336,1.6343,1.63504,1.13,1.09
2011.08.19 01:56:45.353,1.63432,1.63504,1.88,1.09
2011.08.19 01:56:50.376,1.63436,1.63509,1.50,1.84
2011.08.19 01:56:50.707,1.63436,1.63508,1.50,1.09
2011.08.19 01:56:51.280,1.63436,1.63504,1.50,1.09
2011.08.19 01:56:51.615,1.63438,1.63504,1.13,1.09
2011.08.19 01:56:52.135,1.63436,1.63504,1.50,1.09
2011.08.19 01:56:52.357,1.63436,1.63504,1.50,1.09
2011.08.19 01:56:52.905,1.63436,1.63504,1.50,1.09
2011.08.19 01:56:53.495,1.63436,1.63504,1.50,1.09
2011.08.19 01:56:54.266,1.63436,1.63504,1.50,1.09
2011.08.19 01:56:55.435,1.63437,1.63504,1.13,1.09
2011.08.19 01:56:55.985,1.63438,1.63504,1.13,1.09
2011.08.19 01:57:00.486,1.63439,1.63504,1.13,1.09
2011.08.19 01:57:01.446,1.63438,1.63504,1.13,1.09
2011.08.19 01:57:07.145,1.63436,1.63504,1.50,1.09
2011.08.19 01:57:07.368,1.63433,1.63509,1.13,1.09
2011.08.19 01:57:11.417,1.63436,1.63509,1.50,1.09
2011.08.19 01:57:11.528,1.63436,1.63509,1.13,1.09
2011.08.19 01:57:19.966,1.63436,1.63509,1.50,1.09
2011.08.19 01:57:20.787,1.63436,1.63509,1.50,1.09
2011.08.19 01:57:25.025,1.63436,1.63509,1.50,1.09
2011.08.19 01:57:25.610,1.63436,1.63509,1.13,1.09
2011.08.19 01:57:26.496,1.63436,1.63509,1.13,1.09
2011.08.19 01:57:33.076,1.63432,1.63503,1.50,1.13
2011.08.19 01:57:33.578,1.63432,1.63502,1.50,1.09
2011.08.19 01:57:35.139,1.63432,1.63502,1.50,1.09
2011.08.19 01:57:36.077,1.63432,1.63503,1.50,1.09
2011.08.19 01:57:47.528,1.63438,1.63508,1.50,1.09
2011.08.19 01:57:47.756,1.63439,1.63508,1.13,1.09
2011.08.19 01:57:47.976,1.63438,1.63508,1.13,1.09
2011.08.19 01:57:48.555,1.63439,1.63503,1.13,1.09
2011.08.19 01:57:51.797,1.6344,1.63503,1.50,1.09
2011.08.19 01:57:53.397,1.6344,1.63509,1.50,1.09
2011.08.19 01:58:03.675,1.63441,1.63504,1.50,1.09
2011.08.19 01:58:04.188,1.63444,1.63508,1.13,1.09
2011.08.19 01:58:04.417,1.63442,1.63503,1.50,1.09
2011.08.19 01:58:04.745,1.63443,1.63508,1.13,1.09
2011.08.19 01:58:15.344,1.63437,1.63503,1.50,1.09
2011.08.19 01:58:15.896,1.63437,1.63509,1.88,1.47
2011.08.19 01:58:16.901,1.63437,1.63508,2.25,1.47
2011.08.19 01:58:17.669,1.63437,1.63504,2.25,1.09
2011.08.19 01:58:31.182,1.63435,1.63507,1.50,1.09
2011.08.19 01:58:32.715,1.63435,1.63503,1.50,1.09
2011.08.19 01:58:33.264,1.63435,1.63505,1.50,1.13
2011.08.19 01:58:39.777,1.63438,1.63503,1.13,1.13
2011.08.19 01:58:41.135,1.63435,1.63509,1.50,1.50
2011.08.19 01:58:41.887,1.63433,1.63504,1.50,1.13
2011.08.19 01:58:43.146,1.63433,1.63504,1.50,1.13
2011.08.19 01:58:52.064,1.63433,1.63509,1.50,1.88
2011.08.19 01:58:52.715,1.63433,1.63503,1.50,1.13
2011.08.19 01:58:55.035,1.63433,1.63508,1.50,1.50
2011.08.19 01:58:55.210,1.63433,1.63503,1.50,1.13
2011.08.19 01:59:00.459,1.63433,1.63508,1.50,2.25
2011.08.19 01:59:00.686,1.63428,1.63502,1.50,1.13
2011.08.19 01:59:01.344,1.63428,1.63502,1.50,1.13
2011.08.19 01:59:02.124,1.63428,1.63502,1.50,1.13
2011.08.19 01:59:03.115,1.63428,1.63504,1.50,1.88
2011.08.19 01:59:03.446,1.63428,1.63502,1.50,1.13
2011.08.19 01:59:06.474,1.63428,1.63502,1.50,1.13
2011.08.19 01:59:09.011,1.63427,1.635,1.13,1.13
2011.08.19 01:59:09.346,1.63426,1.63498,1.13,2.10
2011.08.19 01:59:09.455,1.63427,1.63498,1.50,2.10
2011.08.19 01:59:09.677,1.63427,1.63498,1.50,2.44
2011.08.19 01:59:09.797,1.63421,1.63493,1.50,1.69
2011.08.19 01:59:10.016,1.63426,1.63497,1.13,1.09
2011.08.19 01:59:10.565,1.63423,1.63494,1.13,1.09
2011.08.19 01:59:13.564,1.63424,1.63486,1.13,1.09
2011.08.19 01:59:16.065,1.63423,1.63486,1.13,1.09
2011.08.19 01:59:16.856,1.63425,1.63488,1.13,1.09
2011.08.19 01:59:17.189,1.63416,1.63482,2.25,1.35
2011.08.19 01:59:17.540,1.63412,1.63483,1.13,2.22
2011.08.19 01:59:18.318,1.63416,1.63483,1.50,1.84
2011.08.19 01:59:18.875,1.63419,1.63483,1.50,1.84
2011.08.19 01:59:19.207,1.63423,1.63487,1.13,1.09
2011.08.19 01:59:19.427,1.63419,1.63489,1.09,1.13
2011.08.19 01:59:19.647,1.63419,1.6349,1.47,1.35
2011.08.19 01:59:20.092,1.63419,1.63494,1.09,1.09
2011.08.19 01:59:20.318,1.63414,1.63494,1.47,1.09
2011.08.19 01:59:20.436,1.63418,1.63491,1.09,2.10
2011.08.19 01:59:24.468,1.63422,1.63498,1.47,1.09
2011.08.19 01:59:25.026,1.63421,1.63496,2.22,2.10
2011.08.19 01:59:26.055,1.63422,1.63496,1.13,2.10
2011.08.19 01:59:27.121,1.63422,1.63496,1.13,2.10
2011.08.19 01:59:30.078,1.63425,1.63496,1.13,2.10
2011.08.19 01:59:33.387,1.6342,1.63498,1.09,2.10
2011.08.19 01:59:33.730,1.63431,1.63504,1.13,2.10
2011.08.19 01:59:33.959,1.63439,1.63504,1.13,2.10
2011.08.19 01:59:34.079,1.63438,1.63504,1.13,2.10
2011.08.19 01:59:34.553,1.63435,1.63513,1.13,1.88
2011.08.19 01:59:34.673,1.63443,1.63517,1.13,1.09
2011.08.19 01:59:34.785,1.63443,1.63517,1.13,1.09
2011.08.19 01:59:35.124,1.63442,1.63517,1.50,1.84
2011.08.19 01:59:36.188,1.63443,1.63514,1.13,1.50
2011.08.19 01:59:36.749,1.63442,1.63511,1.50,1.13
2011.08.19 01:59:38.115,1.63444,1.6351,1.13,1.50
2011.08.19 01:59:39.225,1.63444,1.6351,1.13,1.50
2011.08.19 01:59:39.558,1.63436,1.6351,1.09,1.50
2011.08.19 01:59:43.047,1.63436,1.63509,1.09,1.50
2011.08.19 01:59:43.157,1.63437,1.63509,1.50,1.13
2011.08.19 01:59:43.377,1.63436,1.63509,1.09,1.13
2011.08.19 01:59:43.926,1.63436,1.63509,1.09,1.13
2011.08.19 01:59:46.456,1.63442,1.63513,1.50,1.50
2011.08.19 01:59:46.920,1.63437,1.6351,1.50,1.50
2011.08.19 01:59:47.766,1.63437,1.63517,1.50,1.09
2011.08.19 01:59:48.506,1.63443,1.6352,1.50,2.63
2011.08.19 01:59:49.057,1.6344,1.63511,1.13,1.13
2011.08.19 01:59:49.607,1.63436,1.63512,1.50,1.10
2011.08.19 01:59:50.156,1.63431,1.63506,1.50,1.13
2011.08.19 01:59:51.886,1.63434,1.63511,1.13,1.88
2011.08.19 01:59:51.998,1.63434,1.63511,1.13,1.50
2011.08.19 01:59:52.445,1.63433,1.63511,1.50,1.88
2011.08.19 01:59:53.566,1.63433,1.63511,1.50,1.88
2011.08.19 01:59:55.097,1.63427,1.6351,1.88,3.23
