2012.05.28 10:00:00.245,1.6061,1.60648,1.13,1.80
2012.05.28 10:00:00.796,1.60619,1.60654,1.43,1.50
2012.05.28 10:00:00.930,1.60619,1.60658,1.43,2.18
2012.05.28 10:00:03.264,1.60619,1.60658,1.43,2.18
2012.05.28 10:00:03.395,1.60614,1.60653,1.73,2.18
2012.05.28 10:00:03.464,1.60614,1.60653,1.58,1.43
2012.05.28 10:00:03.605,1.60619,1.60658,1.43,2.18
2012.05.28 10:00:03.916,1.60612,1.60658,1.33,2.18
2012.05.28 10:00:04.106,1.60618,1.60659,1.43,2.18
2012.05.28 10:00:06.437,1.60618,1.60656,1.43,1.13
2012.05.28 10:00:06.569,1.60606,1.60644,1.09,1.43
2012.05.28 10:00:06.697,1.6061,1.60652,1.77,1.80
2012.05.28 10:00:07.185,1.6061,1.60652,2.14,1.43
2012.05.28 10:00:08.364,1.6061,1.60652,2.14,2.18
2012.05.28 10:00:09.915,1.6061,1.60652,2.14,1.43
2012.05.28 10:00:10.045,1.6061,1.60652,1.80,2.18
2012.05.28 10:00:10.569,1.6061,1.60652,1.80,2.18
2012.05.28 10:00:10.777,1.6061,1.60652,1.80,1.43
2012.05.28 10:00:11.907,1.6061,1.60652,1.80,2.18
2012.05.28 10:00:12.094,1.60603,1.60644,1.43,2.18
2012.05.28 10:00:16.968,1.60603,1.60644,2.18,1.43
2012.05.28 10:00:17.146,1.60603,1.60644,1.43,2.18
2012.05.28 10:00:17.274,1.60603,1.60644,2.18,1.43
2012.05.28 10:00:18.456,1.60603,1.60644,1.43,2.18
2012.05.28 10:00:18.959,1.60603,1.60644,2.18,1.43
2012.05.28 10:00:19.344,1.60603,1.60644,1.43,2.18
2012.05.28 10:00:19.944,1.60603,1.60644,2.18,1.43
2012.05.28 10:00:20.619,1.60603,1.60644,2.18,1.43
2012.05.28 10:00:20.866,1.6061,1.60652,1.43,2.18
2012.05.28 10:00:21.601,1.6061,1.60652,1.43,1.43
2012.05.28 10:00:22.207,1.6061,1.60652,1.43,2.18
2012.05.28 10:00:22.608,1.6061,1.60652,1.43,1.43
2012.05.28 10:00:22.938,1.6061,1.60652,1.80,1.43
2012.05.28 10:00:23.275,1.60616,1.60657,1.80,2.18
2012.05.28 10:00:23.591,1.60611,1.60651,1.43,1.43
2012.05.28 10:00:23.655,1.60611,1.60651,1.43,2.18
2012.05.28 10:00:26.415,1.60611,1.60651,1.43,1.43
2012.05.28 10:00:26.483,1.60611,1.60651,1.43,2.18
2012.05.28 10:00:27.817,1.60611,1.60651,1.43,1.43
2012.05.28 10:00:28.039,1.60611,1.60651,1.43,2.18
2012.05.28 10:00:29.479,1.60611,1.60651,1.43,2.18
2012.05.28 10:00:29.674,1.60614,1.60654,1.43,2.18
2012.05.28 10:00:29.804,1.60614,1.60654,1.43,2.18
2012.05.28 10:00:29.887,1.60611,1.60651,1.43,2.18
2012.05.28 10:00:30.917,1.60611,1.60651,1.80,2.18
2012.05.28 10:00:31.237,1.60612,1.60651,1.09,2.18
2012.05.28 10:00:31.304,1.60612,1.60651,1.84,1.43
2012.05.28 10:00:31.427,1.60613,1.60651,1.84,1.43
2012.05.28 10:00:31.666,1.60622,1.60658,1.80,1.13
2012.05.28 10:00:31.798,1.60622,1.60659,1.77,1.45
2012.05.28 10:00:32.267,1.60623,1.60664,1.77,1.45
2012.05.28 10:00:32.420,1.60623,1.60667,1.43,1.13
2012.05.28 10:00:32.939,1.60618,1.60665,1.13,2.18
2012.05.28 10:00:34.935,1.60621,1.60668,1.13,1.13
2012.05.28 10:00:35.076,1.60621,1.60668,1.13,1.13
2012.05.28 10:00:35.417,1.60621,1.60669,1.13,1.50
2012.05.28 10:00:35.667,1.60618,1.60667,1.13,1.13
2012.05.28 10:00:36.396,1.60617,1.60669,1.13,1.50
2012.05.28 10:00:36.524,1.60618,1.60667,2.18,1.13
2012.05.28 10:00:37.399,1.60619,1.60667,1.80,1.13
2012.05.28 10:00:37.738,1.60628,1.60671,1.13,1.80
2012.05.28 10:00:38.008,1.60633,1.60672,1.43,1.43
2012.05.28 10:00:38.075,1.60633,1.60672,1.43,2.18
2012.05.28 10:00:38.145,1.60633,1.60672,1.43,1.43
2012.05.28 10:00:38.295,1.60633,1.60674,1.43,2.18
2012.05.28 10:00:39.108,1.60633,1.60674,1.43,2.18
2012.05.28 10:00:39.381,1.60633,1.60674,1.80,2.18
2012.05.28 10:00:39.506,1.60636,1.60679,1.43,1.13
2012.05.28 10:00:40.657,1.60636,1.60679,2.18,1.13
2012.05.28 10:00:40.726,1.60636,1.60679,2.18,1.13
2012.05.28 10:00:41.040,1.60642,1.60681,1.43,2.18
2012.05.28 10:00:41.106,1.60642,1.60681,1.43,1.43
2012.05.28 10:00:41.537,1.60646,1.60685,1.43,1.13
2012.05.28 10:00:41.844,1.60642,1.60681,1.43,2.18
2012.05.28 10:00:43.213,1.60642,1.60681,1.43,2.18
2012.05.28 10:00:43.333,1.60642,1.60681,1.43,2.18
2012.05.28 10:00:47.250,1.60642,1.60679,1.43,1.13
2012.05.28 10:00:47.375,1.60642,1.60681,1.43,2.18
2012.05.28 10:00:47.665,1.60642,1.60681,1.43,2.18
2012.05.28 10:00:49.670,1.60642,1.60681,1.43,2.18
2012.05.28 10:00:50.748,1.60642,1.60678,1.43,1.13
2012.05.28 10:00:50.875,1.60633,1.60674,1.43,2.18
2012.05.28 10:00:53.482,1.60633,1.60674,1.95,2.18
2012.05.28 10:00:53.547,1.60639,1.60679,1.43,2.55
2012.05.28 10:00:54.210,1.60639,1.60679,2.52,1.80
2012.05.28 10:00:54.550,1.60644,1.60684,1.43,2.18
2012.05.28 10:00:55.475,1.60644,1.60683,1.43,1.50
2012.05.28 10:00:55.545,1.60639,1.60679,2.14,2.18
2012.05.28 10:00:55.674,1.60639,1.60679,2.14,2.18
2012.05.28 10:00:55.863,1.60639,1.60679,2.14,2.18
2012.05.28 10:00:55.925,1.60639,1.60679,2.14,2.18
2012.05.28 10:00:56.139,1.60639,1.60679,2.14,2.18
2012.05.28 10:00:56.207,1.60639,1.60679,1.77,2.93
2012.05.28 10:00:57.901,1.60633,1.60674,3.94,2.18
2012.05.28 10:00:58.126,1.60633,1.60674,3.94,2.18
2012.05.28 10:00:58.635,1.60638,1.6068,2.52,2.18
2012.05.28 10:00:58.884,1.60643,1.60684,1.80,1.13
2012.05.28 10:00:59.004,1.60643,1.60684,1.80,1.13
2012.05.28 10:00:59.365,1.60643,1.60684,1.80,1.13
2012.05.28 10:00:59.767,1.60643,1.60684,1.80,1.13
2012.05.28 10:00:59.955,1.60643,1.60684,1.80,1.13
2012.05.28 10:01:00.024,1.60643,1.60684,1.80,1.13
2012.05.28 10:01:00.175,1.60643,1.60684,1.80,1.13
2012.05.28 10:01:00.244,1.60643,1.60684,1.80,1.13
2012.05.28 10:01:00.725,1.60645,1.60685,1.13,1.43
2012.05.28 10:01:00.936,1.60651,1.60694,1.13,2.89
2012.05.28 10:01:01.248,1.60659,1.60689,1.43,1.13
2012.05.28 10:01:01.374,1.6065,1.60689,1.77,2.55
2012.05.28 10:01:01.505,1.6065,1.60689,2.89,2.18
2012.05.28 10:01:01.695,1.60654,1.60693,1.43,1.13
2012.05.28 10:01:02.307,1.60649,1.6069,1.80,2.18
2012.05.28 10:01:05.596,1.60649,1.6069,1.80,2.18
2012.05.28 10:01:06.235,1.60649,1.60688,1.43,1.13
2012.05.28 10:01:06.306,1.60644,1.60684,1.77,2.18
2012.05.28 10:01:06.436,1.60644,1.60684,1.77,2.18
2012.05.28 10:01:06.504,1.60644,1.60684,1.77,2.18
2012.05.28 10:01:06.737,1.60644,1.60684,1.77,2.18
2012.05.28 10:01:07.486,1.60644,1.60684,1.77,2.18
2012.05.28 10:01:07.675,1.60644,1.60684,1.77,2.18
2012.05.28 10:01:07.958,1.60644,1.60684,1.77,2.18
2012.05.28 10:01:08.436,1.60644,1.60684,1.77,2.18
2012.05.28 10:01:09.257,1.60644,1.60684,1.43,2.18
2012.05.28 10:01:12.784,1.60644,1.60684,1.43,2.18
2012.05.28 10:01:12.914,1.60644,1.60684,1.43,2.18
2012.05.28 10:01:13.043,1.60644,1.60684,1.43,2.18
2012.05.28 10:01:13.127,1.60644,1.60684,1.43,2.18
2012.05.28 10:01:13.194,1.60644,1.60684,1.43,2.18
2012.05.28 10:01:13.726,1.60644,1.60684,1.43,2.18
2012.05.28 10:01:18.822,1.60644,1.60684,1.77,2.18
2012.05.28 10:01:20.268,1.60646,1.60685,1.77,2.18
2012.05.28 10:01:20.430,1.60646,1.60685,2.52,1.43
2012.05.28 10:01:20.496,1.60646,1.60685,1.77,2.18
2012.05.28 10:01:20.627,1.60646,1.60685,1.77,2.18
2012.05.28 10:01:21.223,1.60646,1.60685,1.77,2.18
2012.05.28 10:01:22.553,1.60646,1.60685,1.77,2.18
2012.05.28 10:01:22.749,1.60646,1.60685,1.77,2.18
2012.05.28 10:01:23.238,1.60646,1.60685,1.77,2.18
2012.05.28 10:01:23.305,1.60646,1.60685,1.77,2.18
2012.05.28 10:01:23.619,1.60646,1.60685,1.77,2.18
2012.05.28 10:01:24.120,1.60646,1.60685,1.77,2.18
2012.05.28 10:01:24.447,1.60646,1.60685,1.77,2.18
2012.05.28 10:01:24.780,1.60646,1.60685,1.77,2.18
2012.05.28 10:01:24.846,1.60646,1.60685,1.77,2.18
2012.05.28 10:01:25.765,1.60646,1.60685,1.77,2.18
2012.05.28 10:01:27.084,1.60646,1.60685,1.77,2.18
2012.05.28 10:01:33.086,1.60646,1.60685,1.77,2.18
2012.05.28 10:01:34.897,1.60646,1.60685,1.77,2.18
2012.05.28 10:01:34.965,1.60646,1.60685,1.77,2.18
2012.05.28 10:01:38.039,1.60646,1.60685,1.77,2.18
2012.05.28 10:01:38.192,1.60646,1.60685,1.77,2.18
2012.05.28 10:01:38.484,1.60646,1.60685,3.27,1.43
2012.05.28 10:01:38.544,1.60651,1.6069,1.43,2.55
2012.05.28 10:01:38.870,1.60654,1.6069,1.13,1.43
2012.05.28 10:01:39.415,1.60656,1.60695,1.43,2.18
2012.05.28 10:01:46.618,1.60656,1.60695,2.18,1.43
2012.05.28 10:01:46.686,1.60657,1.60695,1.50,1.43
2012.05.28 10:01:46.995,1.60671,1.60703,1.43,1.45
2012.05.28 10:01:47.191,1.60671,1.60706,1.43,1.13
2012.05.28 10:01:47.254,1.60671,1.60706,1.43,1.13
2012.05.28 10:01:47.906,1.60671,1.60705,1.43,1.13
2012.05.28 10:01:48.096,1.60671,1.60706,1.43,1.13
2012.05.28 10:01:50.103,1.60674,1.60706,1.43,1.13
2012.05.28 10:01:50.198,1.60674,1.60706,1.43,1.13
2012.05.28 10:01:50.956,1.60674,1.60706,1.43,1.13
2012.05.28 10:01:51.024,1.60674,1.60705,1.43,1.13
2012.05.28 10:01:51.946,1.60674,1.60705,1.43,1.13
2012.05.28 10:01:52.607,1.60674,1.60705,1.43,1.13
2012.05.28 10:01:52.915,1.60662,1.60698,1.56,2.18
2012.05.28 10:01:53.107,1.60659,1.60689,1.43,1.13
2012.05.28 10:01:53.557,1.60659,1.60689,1.43,1.13
2012.05.28 10:01:53.906,1.6065,1.60685,2.25,2.18
2012.05.28 10:01:54.156,1.60643,1.60681,2.14,1.13
2012.05.28 10:01:54.723,1.60645,1.60681,1.80,1.13
2012.05.28 10:01:54.891,1.60649,1.60681,1.43,1.13
2012.05.28 10:01:55.017,1.60647,1.60683,1.43,1.13
2012.05.28 10:01:55.130,1.60647,1.60681,1.43,1.13
2012.05.28 10:01:55.257,1.60647,1.60684,1.43,1.13
2012.05.28 10:01:55.508,1.60647,1.60681,1.43,1.13
2012.05.28 10:01:55.541,1.60647,1.60684,1.43,1.13
2012.05.28 10:01:55.725,1.60647,1.60681,1.43,1.13
2012.05.28 10:01:55.797,1.60645,1.60684,1.80,2.55
2012.05.28 10:01:55.927,1.60645,1.60681,1.80,1.13
2012.05.28 10:01:56.128,1.60645,1.60684,1.80,2.55
2012.05.28 10:01:56.197,1.60645,1.60681,1.80,1.13
2012.05.28 10:01:56.589,1.60645,1.60677,1.80,1.09
2012.05.28 10:01:57.011,1.60645,1.60677,1.80,1.09
2012.05.28 10:01:57.078,1.60646,1.60677,1.43,1.09
2012.05.28 10:01:57.458,1.60647,1.60681,1.43,1.13
2012.05.28 10:01:57.984,1.60646,1.60681,1.80,1.13
2012.05.28 10:01:58.612,1.60645,1.60682,1.43,1.13
2012.05.28 10:01:58.678,1.60645,1.60678,1.43,1.47
2012.05.28 10:01:58.745,1.60637,1.60676,1.43,1.77
2012.05.28 10:01:58.998,1.60637,1.60676,1.43,2.14
2012.05.28 10:01:59.525,1.60644,1.60679,1.43,1.28
2012.05.28 10:02:00.212,1.60644,1.6068,1.43,1.05
2012.05.28 10:02:01.335,1.60644,1.60679,1.43,1.99
2012.05.28 10:02:01.465,1.60637,1.60676,1.43,1.80
2012.05.28 10:02:01.537,1.60645,1.60679,1.43,1.99
2012.05.28 10:02:01.606,1.60645,1.60679,1.43,1.24
2012.05.28 10:02:01.797,1.60645,1.60681,1.43,1.13
2012.05.28 10:02:02.316,1.60643,1.60681,1.43,1.13
2012.05.28 10:02:06.479,1.60641,1.60681,1.43,1.13
2012.05.28 10:02:07.215,1.60641,1.60678,1.43,1.47
2012.05.28 10:02:07.526,1.60643,1.60678,1.43,1.65
2012.05.28 10:02:07.598,1.60643,1.6068,1.43,1.05
2012.05.28 10:02:08.127,1.60643,1.60682,1.43,2.80
2012.05.28 10:02:08.638,1.60643,1.6068,1.43,1.05
2012.05.28 10:02:09.167,1.60644,1.60682,1.43,1.38
2012.05.28 10:02:09.836,1.60644,1.60682,1.43,1.38
2012.05.28 10:02:10.497,1.60644,1.60682,1.43,1.38
2012.05.28 10:02:11.006,1.60644,1.60679,1.43,1.05
2012.05.28 10:02:11.100,1.60641,1.60679,1.43,1.05
2012.05.28 10:02:11.673,1.60642,1.60681,2.18,2.43
2012.05.28 10:02:11.893,1.60642,1.60681,2.18,2.43
2012.05.28 10:02:12.198,1.60642,1.60681,1.43,2.13
2012.05.28 10:02:12.804,1.60642,1.60681,1.43,2.43
2012.05.28 10:02:14.009,1.60642,1.60681,1.43,2.43
2012.05.28 10:02:15.138,1.60642,1.60682,2.18,1.38
2012.05.28 10:02:17.364,1.60642,1.60682,2.18,1.38
2012.05.28 10:02:18.374,1.60642,1.60682,2.18,1.38
2012.05.28 10:02:18.966,1.60642,1.60679,1.43,1.05
2012.05.28 10:02:19.487,1.60642,1.60683,2.55,3.23
2012.05.28 10:02:22.306,1.60642,1.60683,2.55,2.93
2012.05.28 10:02:22.824,1.60642,1.60681,1.80,1.13
2012.05.28 10:02:22.893,1.60642,1.60683,1.80,2.18
2012.05.28 10:02:23.126,1.60642,1.60681,1.80,1.13
2012.05.28 10:02:23.220,1.60642,1.60683,2.55,2.93
2012.05.28 10:02:23.641,1.60652,1.60683,1.43,1.50
2012.05.28 10:02:23.886,1.60652,1.6069,1.43,1.04
2012.05.28 10:02:25.866,1.60652,1.60689,1.43,1.28
2012.05.28 10:02:26.399,1.60652,1.60689,1.43,1.13
2012.05.28 10:02:27.626,1.60652,1.60689,1.43,1.88
2012.05.28 10:02:27.816,1.60645,1.60685,1.13,1.80
2012.05.28 10:02:29.495,1.60646,1.60685,1.13,1.43
2012.05.28 10:02:30.356,1.60646,1.60685,1.13,1.43
2012.05.28 10:02:30.669,1.60658,1.607,2.55,1.80
2012.05.28 10:02:31.575,1.60659,1.60701,2.55,1.77
2012.05.28 10:02:32.398,1.60659,1.60701,2.55,1.80
2012.05.28 10:02:33.005,1.60659,1.60701,2.55,1.80
2012.05.28 10:02:33.448,1.60659,1.60701,2.55,1.80
2012.05.28 10:02:33.517,1.60659,1.60698,1.13,1.43
2012.05.28 10:02:33.647,1.60659,1.60698,1.13,1.43
2012.05.28 10:02:36.625,1.60659,1.60698,1.13,1.43
2012.05.28 10:02:36.717,1.6066,1.607,2.18,1.80
2012.05.28 10:02:36.846,1.6066,1.607,2.18,1.80
2012.05.28 10:02:37.388,1.6066,1.607,2.18,1.80
2012.05.28 10:02:37.938,1.6066,1.607,2.18,1.80
2012.05.28 10:02:38.755,1.6066,1.607,2.18,1.80
2012.05.28 10:02:39.195,1.6066,1.607,2.18,1.80
2012.05.28 10:02:40.233,1.60661,1.607,1.13,1.80
2012.05.28 10:02:40.416,1.60667,1.60708,1.43,1.43
2012.05.28 10:02:42.366,1.60667,1.60708,1.43,1.77
2012.05.28 10:02:42.686,1.60655,1.60693,1.13,1.43
2012.05.28 10:02:42.876,1.60668,1.60707,1.43,2.13
2012.05.28 10:02:43.070,1.60668,1.60707,1.43,1.43
2012.05.28 10:02:43.374,1.60662,1.60703,2.55,1.43
2012.05.28 10:02:43.914,1.60668,1.60707,1.43,2.18
2012.05.28 10:02:43.975,1.60662,1.60707,1.13,2.55
2012.05.28 10:02:45.887,1.60662,1.60707,1.50,4.00
2012.05.28 10:02:45.955,1.6066,1.60698,1.43,1.88
2012.05.28 10:02:46.228,1.60662,1.60694,1.13,1.43
2012.05.28 10:02:46.356,1.60662,1.60705,1.13,1.45
2012.05.28 10:02:46.485,1.60662,1.60707,1.50,2.50
2012.05.28 10:02:46.795,1.60662,1.60703,2.55,1.80
2012.05.28 10:02:47.197,1.60662,1.60703,2.18,1.80
2012.05.28 10:02:47.766,1.60667,1.60708,2.18,1.80
2012.05.28 10:02:48.210,1.60667,1.60708,2.18,1.43
2012.05.28 10:02:48.336,1.60665,1.60704,1.43,1.43
2012.05.28 10:02:48.537,1.60667,1.60708,2.18,1.43
2012.05.28 10:02:49.657,1.60667,1.60708,2.18,1.43
2012.05.28 10:02:49.768,1.60667,1.60708,1.43,1.43
2012.05.28 10:02:50.406,1.60669,1.60708,1.13,1.43
2012.05.28 10:02:50.718,1.60675,1.60713,2.18,1.50
2012.05.28 10:02:50.788,1.60675,1.60716,2.55,1.43
2012.05.28 10:02:51.545,1.60675,1.60716,1.43,2.18
2012.05.28 10:02:54.935,1.60675,1.60716,2.18,1.43
2012.05.28 10:02:55.366,1.60675,1.60716,1.43,2.18
2012.05.28 10:02:55.878,1.60675,1.60716,2.18,1.43
2012.05.28 10:02:56.696,1.60675,1.60716,1.43,2.18
2012.05.28 10:03:05.721,1.60675,1.60713,1.80,1.09
2012.05.28 10:03:05.966,1.60665,1.60704,2.18,1.80
2012.05.28 10:03:06.457,1.60662,1.60701,2.18,1.43
2012.05.28 10:03:06.586,1.60664,1.60703,1.43,2.18
2012.05.28 10:03:07.726,1.60664,1.60703,2.18,1.43
2012.05.28 10:03:07.796,1.60665,1.60706,2.18,1.80
2012.05.28 10:03:10.945,1.60666,1.60706,1.50,1.80
2012.05.28 10:03:11.135,1.60672,1.60714,1.80,2.18
2012.05.28 10:03:13.669,1.60672,1.60714,1.80,2.93
2012.05.28 10:03:13.999,1.60667,1.60706,1.50,1.43
2012.05.28 10:03:14.065,1.60665,1.60706,2.18,1.43
2012.05.28 10:03:14.137,1.60665,1.60706,2.18,1.43
2012.05.28 10:03:15.148,1.60665,1.60706,2.18,1.43
2012.05.28 10:03:17.005,1.60665,1.60706,1.43,2.18
2012.05.28 10:03:18.446,1.60665,1.60706,2.18,1.43
2012.05.28 10:03:18.932,1.60665,1.60706,1.43,2.18
2012.05.28 10:03:21.906,1.60665,1.60706,2.18,1.43
2012.05.28 10:03:24.655,1.60666,1.60706,1.13,1.43
2012.05.28 10:03:24.725,1.60672,1.60713,1.43,2.17
2012.05.28 10:03:25.278,1.60672,1.60709,1.80,1.47
2012.05.28 10:03:25.925,1.60672,1.60713,1.80,1.45
2012.05.28 10:03:26.575,1.60672,1.60713,1.80,1.13
2012.05.28 10:03:27.685,1.60672,1.6071,1.80,1.13
2012.05.28 10:03:27.815,1.60666,1.60705,2.93,1.43
2012.05.28 10:03:28.356,1.60666,1.60705,2.93,1.43
2012.05.28 10:03:29.279,1.60666,1.60705,2.93,1.43
2012.05.28 10:03:29.804,1.60666,1.60705,2.93,1.43
2012.05.28 10:03:31.342,1.60666,1.60705,2.93,1.43
2012.05.28 10:03:32.030,1.60666,1.60705,2.93,1.43
2012.05.28 10:03:32.416,1.60666,1.60705,2.18,2.18
2012.05.28 10:03:33.567,1.60666,1.60705,2.18,2.18
2012.05.28 10:03:34.002,1.60666,1.60705,2.55,2.18
2012.05.28 10:03:34.305,1.6068,1.60708,1.43,2.20
2012.05.28 10:03:34.437,1.60671,1.6071,1.95,2.18
2012.05.28 10:03:34.508,1.60671,1.6071,1.95,2.18
2012.05.28 10:03:34.694,1.60671,1.6071,1.80,1.43
2012.05.28 10:03:34.764,1.60671,1.6071,1.43,1.43
2012.05.28 10:03:34.945,1.60672,1.60713,1.43,4.00
2012.05.28 10:03:35.019,1.60672,1.60713,1.43,4.75
2012.05.28 10:03:35.217,1.60672,1.60713,1.43,4.75
2012.05.28 10:03:35.730,1.60672,1.60713,1.43,4.05
2012.05.28 10:03:36.036,1.60662,1.60697,1.09,1.80
2012.05.28 10:03:36.258,1.60657,1.60697,1.43,2.18
2012.05.28 10:03:37.548,1.60657,1.60695,1.43,2.22
2012.05.28 10:03:38.205,1.60652,1.60691,1.80,2.18
2012.05.28 10:03:38.534,1.60652,1.60691,1.80,2.18
2012.05.28 10:03:39.315,1.60656,1.60695,2.18,1.88
2012.05.28 10:03:39.461,1.60657,1.60698,1.50,1.43
2012.05.28 10:03:39.530,1.60664,1.60698,1.13,1.43
2012.05.28 10:03:39.657,1.60667,1.60706,1.80,1.13
2012.05.28 10:03:39.727,1.60675,1.60706,1.43,1.13
2012.05.28 10:03:39.855,1.60666,1.60706,2.18,1.13
2012.05.28 10:03:39.927,1.60671,1.60707,1.13,1.80
2012.05.28 10:03:40.056,1.60671,1.60704,1.13,1.43
2012.05.28 10:03:40.267,1.60675,1.60714,1.80,2.18
2012.05.28 10:03:40.415,1.60675,1.60714,1.80,2.18
2012.05.28 10:03:40.900,1.60676,1.60718,2.18,1.50
2012.05.28 10:03:41.148,1.60678,1.60719,2.14,1.50
2012.05.28 10:03:46.789,1.60681,1.60722,1.77,2.18
2012.05.28 10:03:47.184,1.6068,1.60721,1.77,2.18
2012.05.28 10:03:47.614,1.60677,1.60716,1.80,2.18
2012.05.28 10:03:48.291,1.60677,1.60716,1.43,2.18
2012.05.28 10:03:48.916,1.60677,1.60716,1.43,2.18
2012.05.28 10:03:49.164,1.60677,1.60716,1.80,1.43
2012.05.28 10:03:49.234,1.60685,1.60722,1.43,1.83
2012.05.28 10:03:49.654,1.60674,1.60715,2.67,1.43
2012.05.28 10:03:49.717,1.60674,1.60713,2.33,1.50
2012.05.28 10:03:49.848,1.60674,1.60711,1.58,1.13
2012.05.28 10:03:49.916,1.60674,1.60711,1.43,1.13
2012.05.28 10:03:50.048,1.6067,1.60709,2.18,2.18
2012.05.28 10:03:50.117,1.6067,1.60709,2.18,2.18
2012.05.28 10:03:50.306,1.60664,1.60705,1.58,2.55
2012.05.28 10:03:50.436,1.60664,1.60705,1.43,4.00
2012.05.28 10:03:50.506,1.6066,1.607,1.43,2.18
2012.05.28 10:03:53.044,1.60659,1.60696,1.43,1.13
2012.05.28 10:03:53.446,1.60659,1.60699,1.43,2.55
2012.05.28 10:03:53.576,1.60659,1.60696,1.43,1.13
2012.05.28 10:03:53.657,1.60659,1.60699,1.43,2.55
2012.05.28 10:03:53.727,1.60659,1.60696,1.43,1.13
2012.05.28 10:03:54.067,1.6065,1.60696,1.80,1.13
2012.05.28 10:03:54.206,1.6065,1.60696,1.80,1.13
2012.05.28 10:03:54.276,1.6065,1.60696,1.80,1.13
2012.05.28 10:03:56.486,1.60651,1.60697,1.50,1.80
2012.05.28 10:03:56.557,1.60665,1.60699,1.43,1.13
2012.05.28 10:03:56.687,1.6065,1.60688,1.50,1.43
2012.05.28 10:03:56.756,1.60649,1.60688,2.18,2.18
2012.05.28 10:03:56.831,1.60649,1.60688,2.18,2.18
2012.05.28 10:03:56.897,1.60649,1.60688,1.43,2.18
2012.05.28 10:03:56.966,1.60649,1.60688,1.43,1.43
2012.05.28 10:03:57.395,1.60649,1.60688,1.43,2.18
2012.05.28 10:03:58.122,1.60649,1.60688,1.43,1.43
2012.05.28 10:03:58.508,1.60649,1.60688,1.43,2.18
2012.05.28 10:03:58.903,1.60646,1.60687,1.43,2.55
2012.05.28 10:03:58.967,1.60647,1.60687,1.13,1.80
2012.05.28 10:03:59.035,1.60656,1.60688,1.43,1.13
2012.05.28 10:03:59.317,1.60656,1.60696,1.43,1.65
2012.05.28 10:03:59.743,1.60656,1.60697,1.43,2.55
2012.05.28 10:04:00.478,1.60656,1.60697,1.43,2.55
2012.05.28 10:04:00.547,1.60656,1.60697,1.43,2.55
2012.05.28 10:04:01.885,1.60656,1.60697,1.43,2.89
2012.05.28 10:04:02.452,1.60656,1.60697,1.43,2.89
2012.05.28 10:04:02.777,1.60656,1.60697,1.43,2.89
2012.05.28 10:04:03.614,1.60656,1.60697,1.43,2.89
2012.05.28 10:04:03.725,1.60656,1.60697,1.43,2.89
2012.05.28 10:04:04.327,1.60656,1.60697,1.43,2.89
2012.05.28 10:04:04.456,1.60656,1.60697,1.43,2.89
2012.05.28 10:04:04.945,1.60656,1.60697,1.43,2.89
2012.05.28 10:04:05.134,1.60656,1.60697,1.43,2.89
2012.05.28 10:04:10.217,1.60656,1.60697,1.43,2.89
2012.05.28 10:04:10.403,1.60656,1.60697,1.43,2.89
2012.05.28 10:04:10.705,1.60656,1.60697,1.43,2.89
2012.05.28 10:04:11.422,1.60656,1.60697,1.43,2.89
2012.05.28 10:04:11.825,1.60648,1.60688,1.80,1.09
2012.05.28 10:04:11.894,1.60648,1.60688,1.43,1.09
2012.05.28 10:04:12.335,1.60648,1.60687,1.43,1.09
2012.05.28 10:04:12.844,1.60648,1.60687,1.43,1.09
2012.05.28 10:04:13.385,1.60648,1.60689,1.43,2.18
2012.05.28 10:04:13.457,1.60648,1.60689,1.43,2.18
2012.05.28 10:04:13.963,1.60648,1.60689,1.43,2.18
2012.05.28 10:04:14.879,1.60648,1.60689,1.80,2.18
2012.05.28 10:04:14.946,1.60648,1.60689,1.80,2.18
2012.05.28 10:04:15.075,1.60656,1.6069,1.43,1.13
2012.05.28 10:04:17.411,1.60656,1.60697,1.43,2.18
2012.05.28 10:04:17.707,1.60656,1.60697,1.43,2.18
2012.05.28 10:04:19.827,1.60656,1.60697,1.43,2.18
2012.05.28 10:04:19.975,1.60656,1.60697,1.43,2.18
2012.05.28 10:04:20.925,1.60656,1.60697,1.43,2.18
2012.05.28 10:04:21.115,1.60661,1.60698,1.43,1.13
2012.05.28 10:04:21.756,1.60661,1.60697,1.43,1.13
2012.05.28 10:04:22.685,1.60661,1.60697,1.43,1.13
2012.05.28 10:04:25.396,1.60661,1.60697,1.43,1.13
2012.05.28 10:04:25.746,1.60661,1.60698,1.77,1.13
2012.05.28 10:04:25.937,1.60661,1.60698,1.77,1.13
2012.05.28 10:04:26.258,1.60661,1.60698,1.77,1.13
2012.05.28 10:04:27.256,1.60661,1.60698,1.77,1.13
2012.05.28 10:04:27.415,1.60661,1.60699,1.77,1.13
2012.05.28 10:04:28.276,1.60666,1.60707,1.43,3.25
2012.05.28 10:04:28.370,1.60666,1.60707,1.43,3.25
2012.05.28 10:04:28.530,1.60666,1.60707,2.18,2.50
2012.05.28 10:04:28.966,1.60666,1.60703,1.43,1.09
2012.05.28 10:04:29.035,1.60659,1.60699,2.18,1.43
2012.05.28 10:04:29.227,1.60659,1.60699,1.43,2.55
2012.05.28 10:04:29.466,1.60659,1.60699,1.43,2.55
2012.05.28 10:04:32.666,1.60659,1.60694,1.43,1.50
2012.05.28 10:04:32.857,1.60651,1.60689,2.38,1.13
2012.05.28 10:04:33.134,1.60651,1.60689,1.43,1.13
2012.05.28 10:04:33.776,1.60651,1.60689,1.43,1.13
2012.05.28 10:04:34.064,1.60651,1.60689,1.43,1.13
2012.05.28 10:04:37.573,1.6065,1.60689,1.43,2.55
2012.05.28 10:04:39.627,1.6065,1.60689,1.80,2.55
2012.05.28 10:04:39.878,1.60656,1.60696,1.43,1.13
2012.05.28 10:04:40.576,1.60656,1.60698,2.18,1.80
2012.05.28 10:04:40.886,1.60664,1.60704,1.43,1.84
2012.05.28 10:04:41.385,1.60664,1.60704,1.43,1.50
2012.05.28 10:04:41.715,1.60657,1.60697,1.43,2.55
2012.05.28 10:04:46.126,1.60657,1.60696,1.43,1.13
2012.05.28 10:04:46.648,1.60657,1.60697,1.43,1.80
2012.05.28 10:04:46.929,1.60657,1.60696,1.43,1.13
2012.05.28 10:04:47.477,1.60657,1.60697,1.43,1.80
2012.05.28 10:04:47.547,1.60657,1.60696,1.43,1.13
2012.05.28 10:04:47.856,1.60664,1.60704,1.43,1.13
2012.05.28 10:04:49.110,1.60664,1.60704,1.43,1.13
2012.05.28 10:04:49.297,1.60664,1.60705,1.43,2.55
2012.05.28 10:04:49.428,1.60664,1.60704,1.43,1.13
2012.05.28 10:04:49.970,1.60664,1.60705,1.43,2.55
2012.05.28 10:04:50.806,1.60664,1.60705,1.43,2.55
2012.05.28 10:04:51.396,1.60667,1.60705,1.50,1.80
2012.05.28 10:04:51.708,1.60681,1.60713,1.43,1.50
2012.05.28 10:04:51.897,1.60673,1.60712,1.73,1.43
2012.05.28 10:04:51.967,1.60673,1.60707,1.58,1.09
2012.05.28 10:04:52.096,1.60665,1.60704,1.43,2.18
2012.05.28 10:04:52.165,1.60665,1.60704,1.80,1.43
2012.05.28 10:04:52.506,1.60673,1.60709,1.43,1.47
2012.05.28 10:04:52.576,1.60673,1.60709,1.43,1.09
2012.05.28 10:04:55.604,1.60673,1.60712,1.43,1.43
2012.05.28 10:04:55.726,1.60677,1.60713,1.43,1.50
2012.05.28 10:04:56.034,1.60677,1.60713,1.43,1.50
2012.05.28 10:04:56.095,1.60672,1.60711,1.43,2.18
2012.05.28 10:05:00.429,1.60672,1.60709,1.43,1.13
2012.05.28 10:05:00.738,1.60663,1.60704,1.73,2.93
2012.05.28 10:05:00.866,1.60663,1.60704,1.43,2.93
2012.05.28 10:05:00.937,1.60664,1.60705,1.43,2.55
2012.05.28 10:05:01.006,1.60664,1.60705,1.43,2.55
2012.05.28 10:05:01.149,1.60664,1.60705,1.43,2.55
2012.05.28 10:05:01.686,1.60663,1.60704,1.43,2.18
2012.05.28 10:05:01.876,1.60663,1.60704,2.18,2.18
2012.05.28 10:05:02.186,1.60671,1.60712,1.43,2.18
2012.05.28 10:05:02.927,1.60671,1.60712,1.43,2.18
2012.05.28 10:05:03.576,1.6067,1.60709,1.43,2.18
2012.05.28 10:05:06.818,1.6067,1.60709,1.43,2.18
2012.05.28 10:05:06.907,1.6067,1.60709,1.80,2.18
2012.05.28 10:05:07.216,1.60677,1.60713,1.43,1.13
2012.05.28 10:05:07.288,1.6067,1.60709,1.43,2.18
2012.05.28 10:05:08.959,1.6067,1.60709,1.43,2.18
2012.05.28 10:05:10.867,1.6067,1.60709,1.43,2.18
2012.05.28 10:05:11.177,1.60677,1.60716,1.43,2.58
2012.05.28 10:05:11.248,1.60669,1.6071,1.43,2.18
2012.05.28 10:05:11.437,1.60669,1.6071,1.43,2.18
2012.05.28 10:05:11.587,1.60671,1.60712,1.43,2.18
2012.05.28 10:05:11.656,1.60671,1.60712,1.43,2.18
2012.05.28 10:05:11.969,1.60677,1.60713,1.43,1.50
2012.05.28 10:05:12.448,1.60677,1.60713,1.43,1.50
2012.05.28 10:05:12.637,1.60677,1.60713,1.43,1.13
2012.05.28 10:05:12.958,1.60677,1.60713,1.43,1.50
2012.05.28 10:05:13.361,1.60677,1.60713,1.43,1.50
2012.05.28 10:05:13.746,1.60671,1.60712,1.43,2.18
2012.05.28 10:05:14.019,1.60671,1.60712,1.43,2.18
2012.05.28 10:05:14.348,1.60674,1.60707,1.43,1.88
2012.05.28 10:05:14.419,1.60674,1.60707,1.43,2.58
2012.05.28 10:05:14.608,1.60668,1.60707,1.95,1.13
2012.05.28 10:05:14.678,1.60676,1.60708,1.43,1.13
2012.05.28 10:05:15.061,1.60674,1.60707,1.43,1.13
2012.05.28 10:05:15.555,1.60666,1.60707,2.18,2.18
2012.05.28 10:05:15.688,1.60666,1.60707,1.43,2.18
2012.05.28 10:05:16.151,1.60666,1.60707,1.43,2.18
2012.05.28 10:05:16.228,1.60662,1.60705,1.18,2.18
2012.05.28 10:05:16.296,1.60658,1.60705,3.27,2.18
2012.05.28 10:05:16.366,1.60662,1.60705,1.13,1.43
2012.05.28 10:05:16.436,1.60662,1.60705,1.50,1.43
2012.05.28 10:05:16.567,1.60668,1.60708,1.80,1.13
2012.05.28 10:05:16.697,1.60668,1.60708,1.80,1.13
2012.05.28 10:05:16.828,1.60668,1.60708,1.43,1.13
2012.05.28 10:05:17.912,1.60668,1.60708,1.80,1.13
2012.05.28 10:05:18.685,1.60668,1.60709,1.80,1.13
2012.05.28 10:05:18.991,1.60671,1.60709,1.43,1.13
2012.05.28 10:05:19.346,1.60671,1.60708,1.43,1.13
2012.05.28 10:05:19.478,1.60671,1.60708,1.43,1.13
2012.05.28 10:05:19.797,1.60671,1.60708,1.43,1.13
2012.05.28 10:05:20.658,1.60671,1.60708,1.43,1.13
2012.05.28 10:05:20.907,1.60671,1.60708,1.43,1.13
2012.05.28 10:05:21.100,1.60664,1.60705,1.43,2.18
2012.05.28 10:05:21.657,1.60663,1.60702,1.43,2.18
2012.05.28 10:05:22.426,1.60663,1.60704,1.80,2.18
2012.05.28 10:05:22.557,1.60669,1.60708,1.43,2.55
2012.05.28 10:05:22.988,1.60669,1.60708,1.80,2.18
2012.05.28 10:05:24.979,1.60666,1.60707,1.43,1.13
2012.05.28 10:05:25.132,1.60666,1.60707,1.43,1.13
2012.05.28 10:05:26.630,1.60666,1.60707,2.18,1.13
2012.05.28 10:05:26.710,1.60666,1.60707,2.18,1.13
2012.05.28 10:05:26.837,1.60673,1.60715,1.43,1.45
2012.05.28 10:05:27.330,1.60673,1.60716,1.43,1.13
2012.05.28 10:05:27.661,1.60673,1.60716,1.43,1.13
2012.05.28 10:05:28.437,1.60673,1.60716,1.43,1.13
2012.05.28 10:05:28.999,1.60672,1.60714,1.43,2.18
2012.05.28 10:05:29.668,1.60672,1.60714,1.43,2.18
2012.05.28 10:05:29.973,1.60672,1.60714,1.43,2.18
2012.05.28 10:05:30.211,1.60675,1.60714,1.43,2.18
2012.05.28 10:05:30.280,1.60677,1.60716,1.43,2.55
2012.05.28 10:05:30.450,1.6068,1.60716,1.43,1.13
2012.05.28 10:05:31.052,1.6068,1.60716,1.43,1.13
2012.05.28 10:05:31.357,1.60678,1.60716,1.43,1.13
2012.05.28 10:05:31.606,1.6068,1.60719,1.43,2.18
2012.05.28 10:05:31.679,1.6068,1.60719,2.18,1.43
2012.05.28 10:05:31.747,1.6069,1.60723,1.43,1.88
2012.05.28 10:05:32.283,1.6069,1.60727,1.80,1.13
2012.05.28 10:05:32.608,1.6069,1.60728,1.80,1.13
2012.05.28 10:05:32.959,1.6069,1.60728,1.80,1.13
2012.05.28 10:05:33.187,1.60692,1.60727,1.43,1.13
2012.05.28 10:05:33.420,1.60692,1.60727,1.43,1.13
2012.05.28 10:05:34.020,1.60679,1.60716,1.05,1.43
2012.05.28 10:05:34.246,1.60678,1.60716,1.05,2.18
2012.05.28 10:05:34.323,1.60676,1.60716,1.43,2.18
2012.05.28 10:05:38.124,1.60676,1.60716,1.43,2.18
2012.05.28 10:05:38.476,1.60673,1.60713,1.80,2.18
2012.05.28 10:05:38.552,1.60676,1.60716,1.43,2.18
2012.05.28 10:05:38.859,1.60676,1.60716,2.18,2.18
2012.05.28 10:05:38.928,1.60676,1.60716,2.18,1.43
2012.05.28 10:05:39.000,1.60684,1.60716,1.13,1.43
2012.05.28 10:05:39.067,1.60684,1.6072,2.55,1.50
2012.05.28 10:05:39.195,1.60684,1.60723,2.18,2.18
2012.05.28 10:05:39.268,1.60684,1.60723,1.43,2.18
2012.05.28 10:05:39.336,1.60684,1.60723,1.43,1.43
2012.05.28 10:05:39.407,1.60684,1.60723,1.80,1.43
2012.05.28 10:05:39.720,1.60685,1.60725,2.33,2.55
2012.05.28 10:05:40.682,1.60692,1.60733,2.18,2.18
2012.05.28 10:05:41.229,1.60692,1.60733,2.18,2.18
2012.05.28 10:05:41.887,1.60692,1.60733,2.18,2.18
2012.05.28 10:05:42.848,1.60692,1.60733,2.18,2.18
2012.05.28 10:05:44.186,1.60692,1.60733,2.18,2.18
2012.05.28 10:05:44.376,1.60693,1.60734,1.80,2.18
2012.05.28 10:05:44.448,1.60693,1.60734,1.80,2.18
2012.05.28 10:05:45.070,1.60693,1.60734,1.80,2.18
2012.05.28 10:05:48.957,1.60694,1.60734,1.13,2.18
2012.05.28 10:05:49.205,1.60697,1.60736,2.18,1.43
2012.05.28 10:05:49.326,1.60702,1.60742,1.43,2.18
2012.05.28 10:05:49.871,1.60701,1.60739,1.43,1.13
2012.05.28 10:05:50.425,1.60701,1.60739,1.43,1.13
2012.05.28 10:05:50.895,1.60701,1.60743,1.80,2.55
2012.05.28 10:05:51.103,1.60707,1.60743,1.43,1.45
2012.05.28 10:05:51.424,1.60707,1.60743,1.43,1.13
2012.05.28 10:05:53.181,1.60707,1.60746,1.43,1.13
2012.05.28 10:05:54.475,1.60707,1.60746,1.43,1.13
2012.05.28 10:05:57.446,1.60707,1.60744,1.43,1.13
2012.05.28 10:05:57.587,1.607,1.60739,1.43,2.18
2012.05.28 10:05:58.778,1.60696,1.60737,2.14,2.18
2012.05.28 10:06:00.746,1.60696,1.60737,1.80,2.18
2012.05.28 10:06:00.815,1.6069,1.60732,2.52,2.18
2012.05.28 10:06:02.725,1.60695,1.60732,1.84,2.18
2012.05.28 10:06:02.922,1.60695,1.60732,1.84,1.43
2012.05.28 10:06:04.678,1.60695,1.60732,1.84,2.18
2012.05.28 10:06:04.744,1.60692,1.60732,1.09,2.18
2012.05.28 10:06:09.194,1.6069,1.60732,2.52,2.18
2012.05.28 10:06:09.346,1.6069,1.60732,2.52,2.18
2012.05.28 10:06:09.415,1.6069,1.60732,2.52,2.18
2012.05.28 10:06:09.805,1.60692,1.60732,1.09,1.43
2012.05.28 10:06:15.847,1.6069,1.60732,2.52,2.18
2012.05.28 10:06:16.254,1.60691,1.60732,1.47,1.43
2012.05.28 10:06:16.316,1.6069,1.60732,2.52,2.18
2012.05.28 10:06:16.878,1.60691,1.60732,2.22,2.18
2012.05.28 10:06:17.648,1.60691,1.60732,1.47,1.43
2012.05.28 10:06:18.088,1.6069,1.60732,2.52,2.18
2012.05.28 10:06:19.331,1.60698,1.60732,1.84,2.18
2012.05.28 10:06:19.456,1.60702,1.60732,1.09,1.43
2012.05.28 10:06:19.589,1.60705,1.60738,1.95,1.13
2012.05.28 10:06:19.660,1.60702,1.60741,2.27,1.80
2012.05.28 10:06:19.847,1.60707,1.60738,1.43,1.47
2012.05.28 10:06:20.160,1.60707,1.60731,1.43,1.47
2012.05.28 10:06:20.548,1.60701,1.60728,2.23,1.13
2012.05.28 10:06:20.731,1.60701,1.60736,2.23,1.09
2012.05.28 10:06:20.860,1.60701,1.60738,1.43,1.45
2012.05.28 10:06:20.988,1.60701,1.60741,1.43,1.28
2012.05.28 10:06:21.062,1.60693,1.60732,1.88,2.18
2012.05.28 10:06:21.520,1.60693,1.60723,1.88,1.43
2012.05.28 10:06:21.589,1.607,1.60739,1.43,2.18
2012.05.28 10:06:21.716,1.607,1.60739,1.80,2.18
2012.05.28 10:06:21.787,1.60702,1.60741,1.43,1.13
2012.05.28 10:06:22.121,1.60702,1.60748,1.80,2.52
2012.05.28 10:06:22.459,1.60702,1.60741,1.43,1.13
2012.05.28 10:06:22.527,1.60693,1.60741,2.55,2.55
2012.05.28 10:06:22.718,1.60686,1.60732,2.93,1.43
2012.05.28 10:06:22.847,1.60686,1.60732,2.18,1.43
2012.05.28 10:06:22.916,1.60686,1.60732,2.55,2.18
2012.05.28 10:06:22.988,1.60686,1.60729,2.18,1.50
2012.05.28 10:06:23.177,1.60681,1.60726,1.13,2.18
2012.05.28 10:06:23.917,1.60681,1.60728,2.55,2.55
2012.05.28 10:06:24.486,1.60681,1.60728,2.55,2.55
2012.05.28 10:06:25.086,1.60681,1.60728,2.55,2.55
2012.05.28 10:06:26.068,1.60681,1.60728,2.55,2.55
2012.05.28 10:06:28.156,1.60681,1.60728,2.55,1.80
2012.05.28 10:06:28.230,1.60688,1.60734,1.80,1.88
2012.05.28 10:06:28.357,1.60688,1.60734,1.80,1.13
2012.05.28 10:06:28.541,1.60688,1.60734,1.80,1.13
2012.05.28 10:06:29.058,1.60688,1.60734,1.80,1.13
2012.05.28 10:06:29.510,1.60688,1.60726,1.80,1.13
2012.05.28 10:06:29.583,1.60679,1.60726,1.13,1.80
2012.05.28 10:06:30.405,1.60678,1.60725,2.55,1.43
2012.05.28 10:06:30.738,1.60678,1.60725,1.80,2.18
2012.05.28 10:06:31.136,1.60677,1.60723,2.18,2.18
2012.05.28 10:06:31.446,1.60678,1.60717,2.55,1.43
2012.05.28 10:06:31.515,1.60678,1.60726,1.80,2.55
2012.05.28 10:06:31.689,1.60678,1.60726,2.55,1.80
2012.05.28 10:06:32.050,1.60687,1.60733,1.43,2.18
2012.05.28 10:06:32.499,1.60693,1.60739,2.18,1.47
2012.05.28 10:06:33.049,1.60693,1.60739,2.18,1.09
2012.05.28 10:06:35.215,1.60693,1.60742,2.55,2.55
2012.05.28 10:06:35.410,1.60702,1.60742,1.43,1.13
2012.05.28 10:06:38.215,1.60702,1.6074,1.43,2.95
2012.05.28 10:06:38.335,1.60697,1.60738,1.43,2.18
2012.05.28 10:06:42.001,1.60697,1.60737,1.43,2.58
2012.05.28 10:06:47.488,1.60697,1.60737,1.43,1.88
2012.05.28 10:06:47.686,1.60697,1.60737,1.43,1.88
2012.05.28 10:06:49.187,1.60697,1.60737,1.43,1.13
2012.05.28 10:06:49.707,1.60697,1.60738,1.43,1.43
2012.05.28 10:06:50.195,1.60697,1.60738,2.55,2.18
2012.05.28 10:06:50.557,1.60706,1.60744,1.43,1.13
2012.05.28 10:06:50.892,1.607,1.6074,1.58,2.18
2012.05.28 10:06:51.136,1.60694,1.60735,1.80,2.18
2012.05.28 10:06:51.487,1.60694,1.60735,1.80,2.18
2012.05.28 10:06:51.643,1.60694,1.60735,1.80,2.18
2012.05.28 10:06:53.358,1.60694,1.60735,1.80,2.18
2012.05.28 10:06:53.668,1.60694,1.60715,1.80,1.84
2012.05.28 10:06:53.799,1.60673,1.60706,1.05,1.80
2012.05.28 10:06:53.996,1.60666,1.60706,1.05,1.80
2012.05.28 10:06:54.187,1.60665,1.60706,2.18,1.80
2012.05.28 10:06:54.558,1.60662,1.60706,1.09,1.80
2012.05.28 10:06:54.629,1.60661,1.60706,1.50,1.80
2012.05.28 10:06:57.388,1.60662,1.60706,2.25,1.80
2012.05.28 10:06:59.846,1.60658,1.60705,2.55,1.80
2012.05.28 10:07:04.895,1.60658,1.60705,2.55,1.80
2012.05.28 10:07:06.887,1.60666,1.60708,2.18,1.13
2012.05.28 10:07:07.388,1.60667,1.60713,1.13,2.18
2012.05.28 10:07:07.457,1.60673,1.60714,1.43,1.13
2012.05.28 10:07:11.461,1.60673,1.60714,1.43,1.13
2012.05.28 10:07:15.988,1.60673,1.60714,1.43,1.13
2012.05.28 10:07:16.237,1.60673,1.60715,2.18,1.80
2012.05.28 10:07:16.657,1.60672,1.60709,1.43,1.50
2012.05.28 10:07:16.732,1.60664,1.60703,2.98,1.43
2012.05.28 10:07:16.854,1.60664,1.60703,2.23,1.43
2012.05.28 10:07:17.037,1.60664,1.60703,2.23,2.18
2012.05.28 10:07:17.107,1.60664,1.60703,1.43,2.18
2012.05.28 10:07:17.289,1.60664,1.60703,1.43,2.18
2012.05.28 10:07:21.038,1.60664,1.60703,1.43,2.18
2012.05.28 10:07:21.107,1.60664,1.60703,1.43,2.18
2012.05.28 10:07:24.140,1.60664,1.60703,1.43,2.93
2012.05.28 10:07:24.388,1.60651,1.60689,1.84,1.80
2012.05.28 10:07:24.459,1.60652,1.60689,1.50,1.80
2012.05.28 10:07:24.587,1.60667,1.60698,1.43,1.08
2012.05.28 10:07:24.657,1.60669,1.60702,1.43,1.84
2012.05.28 10:07:24.731,1.60663,1.60702,1.43,1.50
2012.05.28 10:07:24.796,1.60663,1.60704,1.43,2.55
2012.05.28 10:07:24.926,1.60663,1.60704,1.43,2.55
2012.05.28 10:07:25.425,1.60658,1.60697,1.39,1.43
2012.05.28 10:07:26.007,1.60655,1.60697,2.38,1.80
2012.05.28 10:07:26.741,1.60657,1.60697,1.43,1.80
2012.05.28 10:07:27.178,1.60656,1.60696,1.43,1.80
2012.05.28 10:07:27.486,1.60653,1.60694,1.43,1.43
2012.05.28 10:07:27.558,1.60653,1.60694,2.18,1.43
2012.05.28 10:07:27.686,1.60653,1.60694,1.43,1.43
2012.05.28 10:07:33.638,1.60653,1.60694,2.18,1.43
2012.05.28 10:07:39.806,1.60653,1.60694,1.43,1.43
2012.05.28 10:07:39.875,1.60653,1.60694,2.18,1.43
2012.05.28 10:07:40.000,1.60653,1.60694,1.43,1.43
2012.05.28 10:07:40.135,1.60652,1.60693,2.55,1.43
2012.05.28 10:07:40.295,1.60652,1.60693,2.55,1.43
2012.05.28 10:07:41.625,1.60652,1.6069,1.13,1.43
2012.05.28 10:07:42.406,1.60653,1.60692,1.43,1.43
2012.05.28 10:07:42.475,1.60649,1.60689,1.13,1.43
2012.05.28 10:07:48.439,1.60648,1.60689,1.80,1.43
2012.05.28 10:07:48.561,1.60649,1.60689,1.13,1.43
2012.05.28 10:07:48.816,1.60648,1.60689,1.80,1.43
2012.05.28 10:07:49.349,1.6065,1.60689,1.50,1.43
2012.05.28 10:07:49.854,1.6065,1.60689,3.00,1.43
2012.05.28 10:07:57.421,1.60651,1.60689,1.13,1.43
2012.05.28 10:07:58.031,1.60657,1.60689,1.13,1.43
2012.05.28 10:07:58.154,1.6065,1.60689,1.50,1.43
2012.05.28 10:07:59.686,1.60648,1.60689,1.80,1.80
2012.05.28 10:07:59.818,1.60648,1.60689,1.43,2.18
2012.05.28 10:08:00.286,1.60643,1.60684,2.93,1.43
2012.05.28 10:08:04.616,1.60643,1.60683,1.50,1.43
2012.05.28 10:08:05.046,1.60642,1.60683,2.93,1.43
2012.05.28 10:08:05.176,1.60642,1.60678,1.50,1.43
2012.05.28 10:08:05.437,1.60639,1.60678,1.80,1.43
2012.05.28 10:08:09.898,1.60639,1.60678,2.55,1.43
2012.05.28 10:08:10.230,1.60639,1.60678,1.80,1.43
2012.05.28 10:08:14.796,1.60643,1.60684,1.43,2.18
2012.05.28 10:08:15.460,1.60643,1.60684,1.43,1.43
2012.05.28 10:08:16.128,1.60643,1.60684,1.43,2.18
2012.05.28 10:08:16.429,1.60649,1.60687,1.43,1.50
2012.05.28 10:08:16.720,1.60635,1.60674,1.93,1.43
2012.05.28 10:08:16.907,1.60635,1.60674,1.50,1.43
2012.05.28 10:08:17.227,1.60633,1.60674,1.43,1.43
2012.05.28 10:08:18.159,1.60633,1.60674,1.80,1.43
2012.05.28 10:08:18.286,1.60638,1.60678,1.43,1.13
2012.05.28 10:08:18.417,1.60638,1.60676,1.43,1.13
2012.05.28 10:08:18.486,1.60634,1.60673,1.43,1.43
2012.05.28 10:08:19.739,1.60634,1.60675,1.43,2.18
2012.05.28 10:08:20.049,1.60644,1.60679,1.43,1.13
2012.05.28 10:08:20.354,1.60644,1.60679,1.43,1.13
2012.05.28 10:08:20.426,1.60644,1.60683,1.43,2.18
2012.05.28 10:08:20.499,1.60638,1.60679,2.48,2.55
2012.05.28 10:08:21.251,1.60638,1.60679,2.48,2.18
2012.05.28 10:08:22.427,1.60638,1.60679,2.85,2.18
2012.05.28 10:08:22.578,1.60639,1.60679,1.05,2.18
2012.05.28 10:08:22.877,1.60638,1.60679,2.85,2.18
2012.05.28 10:08:26.087,1.60638,1.60679,2.85,2.18
2012.05.28 10:08:26.338,1.60639,1.60675,1.05,2.18
2012.05.28 10:08:26.649,1.60638,1.6067,1.43,1.43
2012.05.28 10:08:26.717,1.60636,1.60675,1.13,1.43
2012.05.28 10:08:26.967,1.60635,1.60675,1.43,1.43
2012.05.28 10:08:27.097,1.60632,1.6067,1.13,1.43
2012.05.28 10:08:33.228,1.60632,1.6067,1.13,1.43
2012.05.28 10:08:34.132,1.60632,1.6067,1.50,1.43
2012.05.28 10:08:34.497,1.6064,1.60677,1.13,1.43
2012.05.28 10:08:34.696,1.60638,1.60677,1.80,1.43
2012.05.28 10:08:34.827,1.60636,1.60673,1.13,1.43
2012.05.28 10:08:35.018,1.60634,1.60673,1.09,1.43
2012.05.28 10:08:35.085,1.60635,1.60668,1.09,1.43
2012.05.28 10:08:35.345,1.60629,1.60668,1.13,1.43
2012.05.28 10:08:36.408,1.60631,1.60668,1.09,1.43
2012.05.28 10:08:36.537,1.60632,1.60668,1.09,1.43
2012.05.28 10:08:36.868,1.60641,1.60677,1.13,1.43
2012.05.28 10:08:36.996,1.60638,1.60673,1.02,1.43
2012.05.28 10:08:40.906,1.60638,1.60673,1.02,1.43
2012.05.28 10:08:41.214,1.60638,1.60668,1.02,1.43
2012.05.28 10:08:43.527,1.60639,1.60673,1.02,1.43
2012.05.28 10:08:43.803,1.60638,1.60668,1.02,1.43
2012.05.28 10:08:43.866,1.60638,1.60672,1.02,1.43
2012.05.28 10:08:44.089,1.60639,1.60667,1.02,1.43
2012.05.28 10:08:44.586,1.60641,1.60671,1.13,1.43
2012.05.28 10:08:45.562,1.60642,1.60671,1.13,1.43
2012.05.28 10:08:45.631,1.60642,1.60678,1.13,1.43
2012.05.28 10:08:45.817,1.60641,1.60678,1.13,1.43
2012.05.28 10:08:46.178,1.60641,1.60678,1.50,1.43
2012.05.28 10:08:46.308,1.60643,1.60682,1.80,1.43
2012.05.28 10:08:46.436,1.60643,1.60682,1.43,1.43
2012.05.28 10:08:46.508,1.60643,1.60682,1.43,2.18
2012.05.28 10:08:47.089,1.6064,1.60678,1.24,1.43
2012.05.28 10:08:47.397,1.60647,1.60686,2.55,1.08
2012.05.28 10:08:47.736,1.60644,1.60675,1.80,1.43
2012.05.28 10:08:48.535,1.6064,1.60675,1.28,1.43
2012.05.28 10:08:48.939,1.60637,1.60675,1.28,1.43
2012.05.28 10:08:49.489,1.60635,1.60675,2.52,1.43
2012.05.28 10:08:50.367,1.60635,1.60675,2.89,1.43
2012.05.28 10:08:57.596,1.60637,1.60675,1.50,1.43
2012.05.28 10:08:58.106,1.60635,1.60675,2.89,1.43
2012.05.28 10:08:58.777,1.60636,1.60675,1.50,1.43
2012.05.28 10:08:59.387,1.60634,1.60671,1.09,1.43
2012.05.28 10:08:59.935,1.60637,1.60675,1.13,1.43
2012.05.28 10:09:00.447,1.60637,1.60675,1.13,1.43
2012.05.28 10:09:01.830,1.60639,1.60675,1.13,1.43
2012.05.28 10:09:02.136,1.60649,1.60684,1.13,1.43
2012.05.28 10:09:02.208,1.60644,1.60684,1.28,2.18
2012.05.28 10:09:02.278,1.60643,1.60684,2.10,2.18
2012.05.28 10:09:02.347,1.60642,1.60681,1.43,1.43
2012.05.28 10:09:02.598,1.60644,1.60684,1.43,1.43
2012.05.28 10:09:02.789,1.60642,1.6068,1.33,1.43
2012.05.28 10:09:02.858,1.60642,1.6068,1.13,1.43
2012.05.28 10:09:03.818,1.60641,1.6068,2.93,2.18
2012.05.28 10:09:04.009,1.60641,1.60676,1.13,1.43
2012.05.28 10:09:05.598,1.60636,1.60676,1.28,1.43
2012.05.28 10:09:07.166,1.60634,1.60676,2.59,1.43
2012.05.28 10:09:07.300,1.60634,1.60676,2.14,2.18
2012.05.28 10:09:07.428,1.60632,1.60674,1.09,1.43
2012.05.28 10:09:07.937,1.60635,1.60674,1.09,1.43
2012.05.28 10:09:09.307,1.60632,1.60674,1.09,1.43
2012.05.28 10:09:09.759,1.60635,1.60674,1.09,1.43
2012.05.28 10:09:14.697,1.60629,1.60674,1.50,1.80
2012.05.28 10:09:14.826,1.60628,1.60664,1.13,1.43
2012.05.28 10:09:16.638,1.60627,1.60664,1.50,1.43
2012.05.28 10:09:16.978,1.60636,1.60664,1.13,1.43
2012.05.28 10:09:17.169,1.60634,1.60676,2.18,1.43
2012.05.28 10:09:17.707,1.60637,1.60676,1.13,1.43
2012.05.28 10:09:17.837,1.60637,1.60684,1.50,1.13
2012.05.28 10:09:17.906,1.60639,1.60685,1.13,1.80
2012.05.28 10:09:20.802,1.60642,1.60685,1.50,1.80
2012.05.28 10:09:21.077,1.60651,1.6069,2.93,1.43
2012.05.28 10:09:23.140,1.60651,1.6069,2.18,1.43
2012.05.28 10:09:23.270,1.60652,1.6069,1.13,1.43
2012.05.28 10:09:23.338,1.60658,1.60699,1.80,1.13
2012.05.28 10:09:23.411,1.60658,1.607,1.80,1.13
2012.05.28 10:09:23.482,1.60658,1.60696,1.43,1.13
2012.05.28 10:09:23.672,1.60647,1.60684,1.13,2.18
2012.05.28 10:09:23.739,1.60654,1.60684,1.13,2.18
2012.05.28 10:09:23.810,1.60657,1.60697,1.80,1.13
2012.05.28 10:09:23.937,1.60657,1.60697,1.43,1.50
2012.05.28 10:09:24.066,1.60649,1.60688,1.05,2.18
2012.05.28 10:09:24.397,1.60647,1.60688,3.45,2.18
2012.05.28 10:09:24.992,1.60647,1.60688,3.45,2.18
2012.05.28 10:09:25.119,1.6065,1.60688,1.13,1.43
2012.05.28 10:09:25.247,1.60647,1.60688,2.70,1.43
2012.05.28 10:09:25.387,1.6065,1.60688,1.13,1.43
2012.05.28 10:09:25.457,1.60647,1.60688,3.45,2.18
2012.05.28 10:09:25.727,1.60647,1.60688,2.70,2.18
2012.05.28 10:09:25.797,1.60647,1.60688,2.70,2.18
2012.05.28 10:09:26.166,1.60647,1.60688,3.45,2.18
2012.05.28 10:09:26.236,1.6065,1.60688,1.13,1.43
2012.05.28 10:09:26.369,1.60647,1.60688,2.70,1.43
2012.05.28 10:09:28.349,1.60644,1.60679,1.50,1.43
2012.05.28 10:09:28.419,1.60642,1.60679,1.47,1.43
2012.05.28 10:09:28.655,1.60644,1.60679,1.50,1.43
2012.05.28 10:09:28.721,1.60642,1.60679,1.47,1.43
2012.05.28 10:09:29.449,1.60644,1.60679,1.50,1.43
2012.05.28 10:09:29.757,1.60647,1.60679,1.50,1.43
2012.05.28 10:09:29.887,1.60647,1.60688,2.93,2.18
2012.05.28 10:09:30.086,1.60645,1.60686,1.13,1.43
2012.05.28 10:09:30.207,1.6064,1.60685,2.38,1.13
2012.05.28 10:09:30.337,1.60637,1.60678,1.84,1.43
2012.05.28 10:09:30.769,1.60633,1.6067,1.80,1.43
2012.05.28 10:09:31.018,1.60635,1.6067,1.28,1.43
2012.05.28 10:09:31.086,1.60635,1.60679,1.13,1.43
2012.05.28 10:09:31.587,1.60635,1.6068,1.13,1.43
2012.05.28 10:09:31.658,1.60633,1.6068,1.84,2.55
2012.05.28 10:09:31.847,1.60628,1.60673,2.25,1.43
2012.05.28 10:09:32.877,1.60629,1.60673,2.68,1.43
2012.05.28 10:09:33.588,1.60629,1.60673,1.50,1.43
2012.05.28 10:09:33.878,1.60628,1.60673,1.50,1.43
2012.05.28 10:09:34.887,1.60629,1.60669,1.13,1.43
2012.05.28 10:09:36.147,1.60628,1.60664,1.50,1.13
2012.05.28 10:09:36.218,1.60621,1.60661,1.95,1.13
2012.05.28 10:09:36.348,1.60617,1.60645,1.13,1.43
2012.05.28 10:09:36.596,1.6062,1.6066,1.50,2.18
2012.05.28 10:09:36.788,1.60622,1.6066,1.88,1.43
2012.05.28 10:09:36.860,1.60622,1.6067,3.30,1.13
2012.05.28 10:09:36.989,1.60626,1.6067,1.13,1.13
2012.05.28 10:09:37.488,1.60626,1.60671,1.88,1.80
2012.05.28 10:09:37.558,1.60626,1.6067,1.13,1.13
2012.05.28 10:09:37.878,1.60626,1.60673,1.13,2.18
2012.05.28 10:09:38.199,1.60626,1.60673,1.13,2.18
2012.05.28 10:09:38.320,1.60626,1.60673,1.13,1.43
2012.05.28 10:09:38.509,1.60623,1.60664,1.43,1.43
2012.05.28 10:09:38.576,1.60623,1.60668,1.43,1.43
2012.05.28 10:09:39.751,1.60619,1.60672,2.18,2.55
2012.05.28 10:09:39.937,1.60631,1.60672,1.13,1.80
2012.05.28 10:09:40.206,1.60635,1.60674,1.80,1.43
2012.05.28 10:09:41.191,1.60632,1.6067,2.31,1.43
2012.05.28 10:09:41.326,1.60634,1.60675,1.80,1.43
2012.05.28 10:09:41.768,1.60643,1.60682,1.43,1.43
2012.05.28 10:09:41.956,1.60643,1.60682,1.80,1.43
2012.05.28 10:09:42.960,1.60645,1.60682,1.13,1.43
2012.05.28 10:09:44.418,1.60643,1.60682,1.80,1.43
2012.05.28 10:09:44.569,1.60643,1.60682,1.80,2.18
2012.05.28 10:09:44.959,1.60637,1.60672,1.20,1.43
2012.05.28 10:09:45.281,1.60636,1.60669,1.05,1.43
2012.05.28 10:09:45.411,1.60639,1.6068,1.58,2.55
2012.05.28 10:09:45.477,1.60639,1.6068,1.58,2.55
2012.05.28 10:09:45.547,1.60636,1.60673,1.05,1.43
2012.05.28 10:09:45.617,1.60634,1.60673,3.02,1.43
2012.05.28 10:09:46.017,1.60633,1.60673,2.04,2.18
2012.05.28 10:09:46.086,1.60634,1.60673,1.62,1.43
2012.05.28 10:09:46.417,1.60625,1.60665,1.13,1.43
2012.05.28 10:09:46.990,1.60625,1.60665,1.28,1.43
2012.05.28 10:09:50.657,1.60627,1.60665,1.13,1.43
2012.05.28 10:09:51.039,1.60626,1.60665,1.13,1.43
2012.05.28 10:09:51.801,1.60626,1.60665,1.13,1.43
2012.05.28 10:09:52.496,1.60626,1.60656,1.13,1.43
2012.05.28 10:09:52.935,1.60623,1.60656,1.50,1.43
2012.05.28 10:09:53.453,1.60623,1.60656,1.50,1.43
2012.05.28 10:09:57.476,1.60623,1.60656,2.25,1.43
2012.05.28 10:09:58.906,1.60623,1.60656,2.25,1.43
2012.05.28 10:09:59.368,1.60626,1.60665,1.13,1.80
2012.05.28 10:09:59.736,1.60624,1.60665,2.10,2.55
2012.05.28 10:09:59.797,1.60624,1.60665,1.58,2.18
2012.05.28 10:10:00.311,1.60619,1.60657,1.33,1.43
2012.05.28 10:10:01.771,1.60619,1.60657,1.33,1.43
2012.05.28 10:10:03.026,1.60619,1.60657,1.48,1.43
2012.05.28 10:10:04.495,1.60622,1.60657,1.43,1.43
2012.05.28 10:10:04.555,1.60623,1.60657,1.05,1.43
2012.05.28 10:10:04.616,1.60624,1.60665,2.33,1.43
2012.05.28 10:10:05.188,1.60624,1.60663,2.33,1.19
2012.05.28 10:10:05.497,1.60602,1.6064,1.13,1.43
2012.05.28 10:10:06.457,1.60616,1.6064,1.09,1.43
2012.05.28 10:10:06.648,1.60614,1.60647,1.50,1.43
2012.05.28 10:10:06.898,1.60612,1.60648,1.13,1.43
2012.05.28 10:10:07.145,1.60609,1.60648,1.13,1.43
2012.05.28 10:10:07.268,1.60609,1.60648,1.13,1.43
2012.05.28 10:10:07.336,1.60609,1.60648,1.13,1.43
2012.05.28 10:10:07.405,1.60607,1.60648,3.36,1.43
2012.05.28 10:10:07.526,1.60607,1.60648,2.98,2.18
2012.05.28 10:10:07.716,1.60608,1.60651,1.13,2.18
2012.05.28 10:10:08.525,1.60608,1.60651,1.50,1.80
2012.05.28 10:10:08.861,1.60606,1.60649,1.84,1.13
2012.05.28 10:10:08.937,1.60608,1.60651,1.50,1.80
2012.05.28 10:10:09.457,1.60609,1.60652,1.50,1.80
2012.05.28 10:10:09.789,1.60617,1.60658,2.55,2.18
2012.05.28 10:10:09.979,1.60618,1.60658,1.13,1.43
2012.05.28 10:10:10.850,1.60625,1.60658,1.13,1.43
2012.05.28 10:10:11.276,1.60626,1.60665,2.18,1.80
2012.05.28 10:10:11.747,1.60626,1.60665,1.80,1.43
2012.05.28 10:10:11.817,1.60626,1.6066,1.13,1.43
2012.05.28 10:10:12.127,1.60617,1.60651,1.50,1.43
2012.05.28 10:10:12.376,1.60611,1.60651,1.13,1.43
2012.05.28 10:10:13.792,1.60613,1.60652,1.43,1.43
2012.05.28 10:10:13.856,1.60613,1.60652,2.18,1.43
2012.05.28 10:10:13.933,1.60613,1.60652,1.43,1.43
2012.05.28 10:10:14.116,1.60613,1.60652,2.18,1.43
2012.05.28 10:10:14.445,1.60611,1.60651,1.50,1.43
2012.05.28 10:10:14.506,1.60611,1.60651,1.50,1.43
2012.05.28 10:10:17.417,1.60611,1.60651,1.13,1.43
2012.05.28 10:10:18.619,1.60611,1.60651,1.88,1.43
2012.05.28 10:10:18.927,1.6062,1.60651,1.56,1.43
2012.05.28 10:10:19.272,1.60612,1.60651,1.09,1.43
2012.05.28 10:10:19.336,1.60613,1.60651,1.09,1.43
2012.05.28 10:10:23.958,1.60611,1.60651,1.13,1.43
2012.05.28 10:10:26.330,1.60613,1.60654,2.18,1.43
2012.05.28 10:10:26.539,1.60611,1.6065,2.55,1.43
2012.05.28 10:10:27.467,1.60611,1.6065,1.80,1.43
2012.05.28 10:10:27.992,1.60611,1.6065,2.55,1.43
2012.05.28 10:10:32.791,1.60611,1.6065,1.80,1.43
2012.05.28 10:10:36.898,1.60611,1.6065,3.30,1.43
2012.05.28 10:10:37.150,1.6062,1.60659,1.13,1.43
2012.05.28 10:10:37.222,1.60626,1.60667,2.18,1.80
2012.05.28 10:10:37.287,1.60626,1.60667,2.55,1.43
2012.05.28 10:10:39.016,1.60626,1.60667,2.55,1.43
2012.05.28 10:10:40.347,1.60626,1.60667,2.55,1.43
2012.05.28 10:10:42.369,1.60626,1.60667,2.55,1.43
2012.05.28 10:10:46.500,1.60629,1.60667,1.13,1.43
2012.05.28 10:10:46.810,1.60634,1.60674,2.55,1.43
2012.05.28 10:10:46.877,1.60634,1.60674,1.80,1.43
2012.05.28 10:10:46.947,1.60631,1.60666,1.50,1.43
2012.05.28 10:10:47.019,1.60628,1.60666,1.50,1.43
2012.05.28 10:10:47.267,1.60628,1.60666,1.50,1.43
2012.05.28 10:10:47.858,1.60627,1.60666,2.18,1.43
2012.05.28 10:10:48.176,1.60623,1.60661,1.05,1.43
2012.05.28 10:10:48.830,1.6062,1.60659,2.25,1.43
2012.05.28 10:10:49.077,1.60619,1.60658,1.43,1.50
2012.05.28 10:10:49.330,1.6061,1.60651,3.30,1.43
2012.05.28 10:10:49.398,1.6061,1.60651,3.30,1.43
2012.05.28 10:10:49.648,1.60621,1.60661,2.18,1.80
2012.05.28 10:11:03.947,1.60621,1.60661,2.18,1.43
2012.05.28 10:11:04.263,1.60621,1.60661,2.18,1.43
2012.05.28 10:11:04.435,1.60621,1.60661,2.18,1.43
2012.05.28 10:11:05.159,1.60621,1.60661,2.18,1.43
2012.05.28 10:11:05.226,1.60621,1.60661,2.18,1.43
2012.05.28 10:11:05.707,1.60621,1.60661,2.18,1.43
2012.05.28 10:11:06.150,1.60621,1.60661,1.43,1.43
2012.05.28 10:11:06.278,1.60621,1.60659,1.43,1.13
2012.05.28 10:11:06.346,1.60614,1.60655,1.50,1.80
2012.05.28 10:11:06.878,1.6061,1.60655,1.13,1.80
2012.05.28 10:11:07.427,1.60609,1.60653,1.13,1.43
2012.05.28 10:11:09.511,1.60609,1.60653,1.13,1.43
2012.05.28 10:11:09.716,1.60608,1.60653,2.18,2.18
2012.05.28 10:11:09.777,1.60609,1.60653,1.13,1.43
2012.05.28 10:11:10.291,1.60609,1.60655,1.13,1.80
2012.05.28 10:11:22.544,1.60608,1.60656,1.13,1.80
2012.05.28 10:11:22.847,1.60608,1.60646,1.13,1.43
2012.05.28 10:11:22.918,1.60608,1.60654,2.55,1.80
2012.05.28 10:11:23.358,1.60607,1.6065,1.50,1.43
2012.05.28 10:11:23.569,1.60607,1.60652,1.50,1.43
2012.05.28 10:11:23.938,1.60611,1.60652,1.13,1.43
2012.05.28 10:11:24.066,1.60621,1.6066,1.13,1.80
2012.05.28 10:11:24.256,1.6062,1.6066,1.43,1.80
2012.05.28 10:11:24.317,1.60611,1.6065,2.98,1.43
2012.05.28 10:11:24.996,1.60611,1.6065,2.18,1.43
2012.05.28 10:11:25.067,1.6061,1.60646,1.56,1.43
2012.05.28 10:11:25.507,1.60609,1.60653,1.13,1.43
2012.05.28 10:11:26.278,1.60609,1.60656,1.13,1.80
2012.05.28 10:11:26.349,1.60612,1.60656,1.50,1.80
2012.05.28 10:11:26.672,1.60615,1.60651,1.13,1.43
2012.05.28 10:11:26.857,1.60613,1.60655,2.25,1.43
2012.05.28 10:11:27.420,1.60609,1.60655,1.13,2.18
2012.05.28 10:11:27.486,1.60608,1.60654,2.18,1.13
2012.05.28 10:11:27.769,1.60609,1.60655,1.13,1.80
2012.05.28 10:11:27.895,1.60608,1.60654,2.18,1.13
2012.05.28 10:11:29.087,1.60609,1.60655,1.13,1.80
2012.05.28 10:11:29.277,1.60608,1.60654,1.80,1.50
2012.05.28 10:11:29.347,1.60606,1.60645,2.55,1.43
2012.05.28 10:11:30.127,1.60608,1.60645,1.13,1.43
2012.05.28 10:11:30.318,1.60607,1.60645,1.13,1.43
2012.05.28 10:11:30.390,1.60608,1.60654,1.80,1.50
2012.05.28 10:11:30.460,1.60608,1.60654,2.18,1.13
2012.05.28 10:11:30.588,1.6061,1.60656,1.13,1.80
2012.05.28 10:11:32.407,1.6061,1.60655,1.13,1.80
2012.05.28 10:11:32.975,1.60616,1.60656,1.13,1.80
2012.05.28 10:11:34.619,1.60616,1.60656,1.13,1.80
2012.05.28 10:11:34.748,1.6062,1.60662,1.80,1.43
2012.05.28 10:11:35.334,1.6062,1.60662,2.55,1.43
2012.05.28 10:11:37.201,1.6062,1.60662,2.55,1.43
2012.05.28 10:11:41.277,1.6062,1.60662,1.80,1.43
2012.05.28 10:11:42.856,1.6062,1.60662,2.55,1.43
2012.05.28 10:11:57.088,1.6062,1.60662,2.55,1.43
2012.05.28 10:12:01.090,1.6062,1.60662,2.55,1.43
2012.05.28 10:12:01.159,1.6062,1.60662,2.55,1.43
2012.05.28 10:12:01.251,1.6062,1.60662,2.55,1.43
2012.05.28 10:12:02.827,1.6062,1.60662,2.55,1.43
2012.05.28 10:12:07.370,1.60622,1.60662,1.50,1.43
2012.05.28 10:12:07.617,1.60629,1.60668,1.80,2.55
2012.05.28 10:12:07.746,1.60629,1.60668,1.80,2.18
2012.05.28 10:12:08.588,1.60629,1.60668,1.80,4.02
2012.05.28 10:12:08.727,1.60624,1.60663,2.85,2.52
2012.05.28 10:12:09.229,1.60624,1.60663,2.10,2.52
2012.05.28 10:12:10.055,1.60624,1.60663,2.10,2.52
2012.05.28 10:12:11.367,1.60624,1.60663,2.10,2.52
2012.05.28 10:12:11.817,1.60624,1.60663,2.10,1.77
2012.05.28 10:12:12.326,1.60624,1.60663,1.95,1.77
2012.05.28 10:12:13.738,1.60624,1.60663,2.10,2.52
2012.05.28 10:12:14.279,1.60624,1.60663,2.10,2.52
2012.05.28 10:12:16.177,1.60624,1.60663,1.95,2.89
2012.05.28 10:12:17.089,1.60624,1.60663,1.95,2.89
2012.05.28 10:12:17.217,1.60626,1.60663,1.65,1.80
2012.05.28 10:12:17.348,1.60626,1.6066,1.28,1.43
2012.05.28 10:12:17.418,1.60625,1.6066,1.28,1.43
2012.05.28 10:12:17.867,1.60623,1.60663,2.76,1.47
2012.05.28 10:12:19.236,1.60623,1.60663,2.10,1.47
2012.05.28 10:12:19.709,1.60623,1.60663,2.38,2.22
2012.05.28 10:12:20.028,1.60623,1.60663,2.18,1.79
2012.05.28 10:12:20.098,1.60621,1.60661,3.30,1.80
2012.05.28 10:12:20.166,1.60621,1.60661,2.55,1.80
2012.05.28 10:12:20.237,1.60619,1.60654,1.13,1.43
2012.05.28 10:12:20.393,1.60613,1.60654,2.55,2.18
2012.05.28 10:12:20.706,1.60613,1.60654,2.55,1.43
2012.05.28 10:12:21.016,1.60613,1.60654,1.80,2.18
2012.05.28 10:12:23.165,1.60608,1.60648,3.60,2.18
2012.05.28 10:12:23.529,1.60608,1.60648,3.23,2.18
2012.05.28 10:12:24.090,1.60608,1.60648,2.48,2.18
2012.05.28 10:12:25.938,1.60608,1.60648,2.48,1.80
2012.05.28 10:12:26.007,1.6061,1.60648,1.13,1.80
2012.05.28 10:12:30.187,1.60608,1.60648,2.48,2.55
2012.05.28 10:12:30.566,1.6061,1.60648,1.13,1.80
2012.05.28 10:12:30.966,1.60614,1.60653,1.43,2.93
2012.05.28 10:12:31.037,1.60614,1.60653,1.43,2.55
2012.05.28 10:12:31.194,1.60614,1.60653,1.43,2.55
2012.05.28 10:12:31.261,1.6061,1.60648,1.13,1.43
2012.05.28 10:12:32.088,1.60611,1.60648,1.13,1.80
2012.05.28 10:12:33.107,1.60611,1.60648,1.50,1.80
2012.05.28 10:12:33.643,1.60613,1.60654,2.55,2.14
2012.05.28 10:12:36.788,1.60612,1.60653,2.18,1.80
2012.05.28 10:12:36.857,1.60611,1.60647,1.13,1.43
2012.05.28 10:12:36.987,1.60608,1.60645,1.43,1.43
2012.05.28 10:12:38.940,1.60613,1.60645,1.13,1.43
2012.05.28 10:12:39.508,1.60613,1.60654,2.55,2.14
2012.05.28 10:12:40.124,1.60613,1.60654,2.55,2.14
2012.05.28 10:12:42.209,1.60613,1.60654,2.55,2.14
2012.05.28 10:12:42.357,1.60613,1.60654,2.55,2.14
2012.05.28 10:12:43.138,1.60613,1.60654,2.55,2.14
2012.05.28 10:12:44.117,1.60613,1.60654,2.55,2.14
2012.05.28 10:12:44.448,1.60613,1.60654,2.55,2.14
2012.05.28 10:12:48.047,1.60611,1.60652,2.93,1.80
2012.05.28 10:12:48.151,1.60613,1.60652,1.13,1.80
2012.05.28 10:12:53.855,1.60611,1.60652,2.18,2.52
2012.05.28 10:12:53.916,1.60611,1.6065,1.80,1.13
2012.05.28 10:12:54.036,1.60611,1.60649,1.43,1.13
2012.05.28 10:12:54.458,1.60606,1.60646,2.18,1.43
2012.05.28 10:12:54.648,1.60605,1.60641,1.09,1.43
2012.05.28 10:12:55.980,1.60605,1.60641,1.47,1.43
2012.05.28 10:12:56.425,1.60605,1.60641,1.09,1.43
2012.05.28 10:12:57.228,1.60604,1.60635,1.13,1.43
2012.05.28 10:12:59.756,1.60602,1.60635,1.13,1.43
2012.05.28 10:12:59.827,1.60602,1.6064,1.13,1.43
2012.05.28 10:13:00.320,1.60602,1.6064,1.13,1.43
2012.05.28 10:13:00.436,1.60602,1.6064,1.13,1.43
2012.05.28 10:13:01.153,1.60602,1.6064,1.13,1.43
2012.05.28 10:13:01.217,1.60602,1.6064,1.13,1.43
2012.05.28 10:13:01.727,1.60602,1.6064,1.88,1.43
2012.05.28 10:13:02.276,1.60602,1.6064,1.88,1.43
2012.05.28 10:13:02.827,1.60601,1.60636,1.18,1.43
2012.05.28 10:13:03.077,1.60601,1.60641,1.13,1.43
2012.05.28 10:13:03.207,1.606,1.60641,2.33,1.43
2012.05.28 10:13:03.277,1.60598,1.60636,1.05,1.43
2012.05.28 10:13:03.819,1.60594,1.60635,2.14,2.18
2012.05.28 10:13:03.886,1.60595,1.60635,1.65,1.43
2012.05.28 10:13:04.077,1.60597,1.60635,1.28,1.43
2012.05.28 10:13:05.817,1.60597,1.60635,1.13,1.43
2012.05.28 10:13:05.886,1.60601,1.6064,2.18,1.80
2012.05.28 10:13:14.465,1.60602,1.6064,1.50,1.43
2012.05.28 10:13:14.738,1.6061,1.60649,1.13,1.80
2012.05.28 10:13:14.869,1.60611,1.60649,1.13,1.43
2012.05.28 10:13:16.648,1.6061,1.60649,1.50,1.43
2012.05.28 10:13:17.417,1.6061,1.60649,1.50,1.43
2012.05.28 10:13:20.717,1.6061,1.60649,1.50,1.43
2012.05.28 10:13:20.986,1.60611,1.60649,1.50,1.43
2012.05.28 10:13:21.712,1.60611,1.60649,1.50,1.43
2012.05.28 10:13:23.075,1.60611,1.60649,2.31,1.43
2012.05.28 10:13:23.239,1.60611,1.60649,2.31,1.43
2012.05.28 10:13:23.503,1.60612,1.60651,2.18,1.43
2012.05.28 10:13:24.958,1.60612,1.60651,2.18,1.43
2012.05.28 10:13:25.467,1.60612,1.60651,2.18,1.43
2012.05.28 10:13:26.815,1.60612,1.60651,1.43,1.43
2012.05.28 10:13:27.295,1.60612,1.60651,2.18,1.43
2012.05.28 10:13:39.226,1.60612,1.60651,1.43,1.43
2012.05.28 10:13:44.711,1.60612,1.60651,2.18,1.43
2012.05.28 10:13:46.118,1.60612,1.60651,1.43,1.43
2012.05.28 10:13:46.247,1.60611,1.60647,1.88,1.43
2012.05.28 10:13:47.567,1.60607,1.60646,1.13,1.43
2012.05.28 10:13:48.139,1.60606,1.60647,2.55,1.43
2012.05.28 10:13:48.651,1.6061,1.60647,1.13,1.43
2012.05.28 10:13:49.169,1.60607,1.60647,1.13,1.43
2012.05.28 10:13:49.858,1.60607,1.60647,1.13,1.43
2012.05.28 10:13:50.686,1.60606,1.60647,1.43,2.18
2012.05.28 10:13:51.008,1.606,1.60637,1.13,1.43
2012.05.28 10:13:51.700,1.60596,1.60637,2.93,1.43
2012.05.28 10:13:52.561,1.60598,1.60637,1.80,1.43
2012.05.28 10:13:52.802,1.60601,1.60642,2.18,1.43
2012.05.28 10:13:53.319,1.60601,1.60642,1.43,1.43
2012.05.28 10:13:53.388,1.60597,1.60636,1.43,1.43
2012.05.28 10:13:54.329,1.60597,1.60636,2.55,1.43
2012.05.28 10:13:58.415,1.60601,1.60636,1.13,1.43
2012.05.28 10:13:58.926,1.606,1.60636,1.13,1.43
2012.05.28 10:13:59.047,1.60602,1.60641,2.18,1.43
2012.05.28 10:13:59.238,1.60602,1.60641,1.43,1.43
2012.05.28 10:13:59.308,1.60601,1.60637,1.13,1.43
2012.05.28 10:13:59.831,1.60597,1.60637,1.13,1.43
2012.05.28 10:14:00.552,1.60597,1.60637,1.13,1.43
2012.05.28 10:14:04.349,1.60596,1.60637,1.80,1.43
2012.05.28 10:14:04.425,1.60599,1.60638,1.43,1.43
2012.05.28 10:14:04.739,1.60601,1.60638,1.88,1.43
2012.05.28 10:14:04.961,1.60601,1.60642,2.55,1.43
2012.05.28 10:14:05.029,1.60597,1.60637,1.13,1.43
2012.05.28 10:14:05.160,1.60602,1.60641,2.18,1.43
2012.05.28 10:14:06.121,1.60602,1.60641,3.30,1.43
2012.05.28 10:14:06.366,1.60607,1.60646,2.55,1.43
2012.05.28 10:14:10.774,1.60607,1.60646,2.55,1.43
2012.05.28 10:14:11.590,1.60604,1.60645,2.55,1.43
2012.05.28 10:14:15.037,1.60606,1.60645,1.13,1.43
2012.05.28 10:14:16.157,1.60606,1.60645,1.13,1.43
2012.05.28 10:14:16.708,1.60607,1.60645,1.13,1.43
2012.05.28 10:14:18.827,1.60604,1.60645,2.55,1.43
2012.05.28 10:14:19.947,1.60604,1.60645,2.55,1.43
2012.05.28 10:14:23.254,1.60606,1.60645,1.50,1.43
2012.05.28 10:14:23.596,1.60604,1.60645,2.55,2.18
2012.05.28 10:14:23.925,1.60604,1.60639,1.13,1.43
2012.05.28 10:14:24.047,1.60606,1.60647,2.18,1.43
2012.05.28 10:14:24.236,1.60606,1.60647,2.18,2.18
2012.05.28 10:14:24.426,1.60604,1.60643,1.13,1.43
2012.05.28 10:14:25.116,1.60604,1.60643,1.13,1.43
2012.05.28 10:14:25.686,1.60604,1.60643,1.13,1.43
2012.05.28 10:14:28.036,1.60606,1.60643,1.50,1.43
2012.05.28 10:14:28.106,1.60606,1.60647,2.93,1.43
2012.05.28 10:14:28.226,1.60609,1.60647,1.13,1.43
2012.05.28 10:14:28.362,1.60609,1.60649,1.13,1.43
2012.05.28 10:14:31.398,1.60609,1.6065,1.13,1.43
2012.05.28 10:14:33.054,1.60609,1.60649,1.13,1.43
2012.05.28 10:14:34.309,1.60613,1.60649,1.88,1.43
2012.05.28 10:14:34.378,1.60613,1.6065,1.13,1.43
2012.05.28 10:14:34.688,1.60614,1.6065,1.13,1.43
2012.05.28 10:14:34.816,1.60619,1.60658,1.80,2.18
2012.05.28 10:14:34.887,1.60615,1.60656,2.18,1.43
2012.05.28 10:14:35.197,1.60618,1.60651,1.13,1.43
2012.05.28 10:14:37.038,1.60618,1.60651,1.13,1.43
2012.05.28 10:14:39.089,1.60618,1.60651,1.13,1.43
2012.05.28 10:14:39.603,1.60618,1.60654,1.13,1.43
2012.05.28 10:14:40.289,1.6062,1.60662,1.13,1.43
2012.05.28 10:14:40.416,1.60623,1.60664,1.80,2.18
2012.05.28 10:14:40.789,1.60623,1.60664,1.80,2.18
2012.05.28 10:14:41.317,1.60618,1.60657,1.13,2.18
2012.05.28 10:14:42.345,1.60618,1.60657,1.13,2.18
2012.05.28 10:14:42.571,1.60615,1.60657,1.43,2.18
2012.05.28 10:14:42.638,1.60613,1.60649,1.13,1.43
2012.05.28 10:14:42.829,1.60611,1.60652,1.80,1.43
2012.05.28 10:14:42.899,1.60611,1.60653,1.13,1.43
2012.05.28 10:14:43.159,1.60614,1.60661,1.43,1.13
2012.05.28 10:14:43.298,1.60618,1.60661,1.43,1.13
2012.05.28 10:14:43.366,1.60618,1.60663,1.43,2.55
2012.05.28 10:14:43.428,1.60618,1.60663,2.18,2.18
2012.05.28 10:14:43.917,1.60619,1.6066,2.55,1.43
2012.05.28 10:14:44.288,1.60619,1.6066,2.55,2.18
2012.05.28 10:14:44.448,1.60619,1.6066,2.55,1.43
2012.05.28 10:14:45.549,1.60617,1.60657,2.18,1.43
2012.05.28 10:14:45.856,1.60612,1.60656,1.13,1.43
2012.05.28 10:14:46.425,1.60611,1.60656,1.50,1.43
2012.05.28 10:14:46.667,1.60617,1.6066,1.13,1.43
2012.05.28 10:14:46.976,1.60618,1.60661,2.55,1.43
2012.05.28 10:14:48.539,1.60618,1.60656,1.13,1.43
2012.05.28 10:14:48.853,1.60619,1.60656,1.13,1.43
2012.05.28 10:14:49.288,1.60624,1.60659,1.13,1.43
2012.05.28 10:14:50.077,1.60624,1.60663,2.55,1.43
2012.05.28 10:14:50.207,1.60624,1.6066,1.13,1.43
2012.05.28 10:14:50.639,1.60622,1.6066,1.84,1.43
2012.05.28 10:14:50.948,1.60623,1.60664,2.18,2.18
2012.05.28 10:14:51.517,1.60626,1.60664,1.13,1.43
2012.05.28 10:14:51.586,1.60626,1.60667,1.80,1.43
2012.05.28 10:14:51.658,1.60626,1.60667,1.80,2.18
2012.05.28 10:14:52.678,1.60626,1.60667,1.80,1.43
2012.05.28 10:14:54.806,1.60625,1.60666,1.80,1.43
2012.05.28 10:14:55.036,1.60624,1.60665,2.18,2.18
2012.05.28 10:14:55.376,1.60622,1.6066,2.59,2.18
2012.05.28 10:14:55.504,1.60622,1.6066,2.25,1.43
2012.05.28 10:14:55.568,1.60622,1.60653,2.25,1.43
2012.05.28 10:14:55.820,1.60631,1.60668,1.13,1.43
2012.05.28 10:14:56.008,1.60632,1.60673,2.55,1.80
2012.05.28 10:14:56.079,1.60635,1.60673,1.13,1.95
2012.05.28 10:14:56.449,1.60634,1.60675,1.80,1.80
2012.05.28 10:14:56.687,1.60629,1.60666,1.09,1.43
2012.05.28 10:15:02.347,1.60631,1.60668,1.13,1.43
2012.05.28 10:15:02.858,1.60632,1.60672,1.13,1.43
2012.05.28 10:15:03.225,1.60629,1.6067,2.18,1.43
2012.05.28 10:15:03.347,1.60635,1.60668,1.13,1.43
2012.05.28 10:15:03.421,1.60632,1.6067,1.13,1.43
2012.05.28 10:15:03.660,1.60628,1.60667,2.18,1.43
2012.05.28 10:15:04.336,1.60632,1.60668,1.13,1.43
2012.05.28 10:15:04.705,1.60632,1.60666,1.13,1.43
2012.05.28 10:15:05.616,1.60635,1.60666,1.13,1.43
2012.05.28 10:15:05.768,1.60632,1.60666,1.13,1.43
2012.05.28 10:15:05.839,1.60632,1.60671,2.55,1.43
2012.05.28 10:15:05.968,1.60632,1.60667,1.13,1.43
2012.05.28 10:15:06.507,1.60627,1.60668,2.18,1.43
2012.05.28 10:15:07.067,1.60627,1.60666,2.18,1.43
2012.05.28 10:15:09.255,1.60627,1.60666,2.18,1.43
2012.05.28 10:15:09.379,1.60622,1.60663,1.80,1.43
2012.05.28 10:15:09.685,1.60628,1.60667,1.43,1.43
2012.05.28 10:15:10.106,1.60624,1.60663,1.13,1.43
2012.05.28 10:15:10.828,1.60622,1.60663,1.80,1.43
2012.05.28 10:15:10.931,1.60624,1.60663,1.13,1.43
2012.05.28 10:15:11.689,1.60624,1.60663,1.13,1.43
2012.05.28 10:15:13.860,1.60624,1.60663,1.13,1.43
2012.05.28 10:15:13.925,1.60624,1.60663,1.13,1.43
2012.05.28 10:15:15.406,1.60624,1.60663,1.13,1.43
2012.05.28 10:15:15.907,1.60624,1.60664,1.13,1.43
2012.05.28 10:15:16.408,1.60624,1.60664,1.13,1.80
2012.05.28 10:15:16.726,1.60623,1.60656,1.13,1.43
2012.05.28 10:15:16.857,1.60627,1.60665,1.13,1.43
2012.05.28 10:15:17.048,1.60627,1.6066,1.13,1.43
2012.05.28 10:15:17.236,1.60626,1.6066,1.13,1.43
2012.05.28 10:15:18.152,1.60626,1.6066,1.13,2.18
2012.05.28 10:15:18.458,1.60622,1.60644,1.50,1.43
2012.05.28 10:15:18.726,1.60611,1.60644,1.47,1.43
2012.05.28 10:15:20.638,1.60611,1.60644,1.47,1.43
2012.05.28 10:15:20.707,1.60611,1.60644,1.47,1.43
2012.05.28 10:15:21.218,1.60611,1.60644,1.47,1.43
2012.05.28 10:15:21.487,1.60611,1.60647,1.47,1.43
2012.05.28 10:15:21.617,1.60611,1.60644,1.09,1.43
2012.05.28 10:15:24.267,1.60617,1.60652,1.13,1.43
2012.05.28 10:15:24.396,1.60617,1.60652,1.13,1.43
2012.05.28 10:15:24.750,1.60629,1.60668,1.13,1.43
2012.05.28 10:15:24.948,1.60629,1.60668,1.88,1.43
2012.05.28 10:15:27.916,1.60629,1.60668,1.13,1.43
2012.05.28 10:15:28.095,1.60626,1.6066,1.50,1.43
2012.05.28 10:15:28.276,1.60623,1.6066,1.50,1.43
2012.05.28 10:15:38.946,1.60622,1.60661,2.18,1.43
2012.05.28 10:15:40.428,1.60623,1.60661,1.13,1.43
2012.05.28 10:15:40.608,1.60623,1.60661,1.13,1.43
2012.05.28 10:15:44.446,1.60625,1.60661,1.13,1.43
2012.05.28 10:15:44.576,1.60625,1.6067,1.13,1.80
2012.05.28 10:15:45.080,1.60625,1.6067,1.13,1.80
2012.05.28 10:15:45.836,1.60631,1.6067,1.56,1.80
2012.05.28 10:15:45.913,1.60632,1.6067,1.56,1.80
2012.05.28 10:15:46.339,1.60638,1.60677,1.43,2.18
2012.05.28 10:15:46.407,1.60638,1.60677,1.43,1.43
2012.05.28 10:15:46.539,1.60638,1.60677,1.43,1.80
2012.05.28 10:15:46.875,1.60632,1.6067,1.88,1.43
2012.05.28 10:15:48.260,1.60635,1.6067,1.13,1.43
2012.05.28 10:15:48.879,1.60632,1.6067,1.88,1.43
2012.05.28 10:15:49.198,1.60631,1.60661,1.13,1.43
2012.05.28 10:15:49.541,1.60622,1.60661,2.55,1.43
2012.05.28 10:15:49.969,1.60622,1.60661,2.55,1.43
2012.05.28 10:15:50.166,1.60622,1.60661,2.55,1.43
2012.05.28 10:15:50.816,1.60622,1.60662,1.13,1.43
2012.05.28 10:15:51.180,1.6063,1.6067,1.13,1.43
2012.05.28 10:15:52.707,1.6063,1.6067,1.13,1.80
2012.05.28 10:15:53.028,1.60622,1.60662,1.13,1.43
2012.05.28 10:15:55.140,1.60622,1.60662,1.13,1.43
2012.05.28 10:15:56.729,1.60626,1.60662,1.47,1.43
2012.05.28 10:15:56.918,1.60626,1.60667,3.64,1.43
2012.05.28 10:15:56.988,1.6063,1.60669,2.18,1.43
2012.05.28 10:15:57.057,1.6063,1.60669,2.18,1.43
2012.05.28 10:15:57.247,1.6063,1.60669,2.18,1.43
2012.05.28 10:15:57.379,1.6063,1.60669,2.18,1.43
2012.05.28 10:15:58.362,1.60631,1.60669,2.31,1.43
2012.05.28 10:15:58.848,1.60629,1.60661,1.13,1.43
2012.05.28 10:16:00.679,1.60622,1.60661,2.18,1.43
2012.05.28 10:16:00.867,1.60621,1.60659,1.13,1.43
2012.05.28 10:16:01.836,1.60627,1.60667,1.13,1.43
2012.05.28 10:16:01.896,1.60627,1.60667,1.13,1.43
2012.05.28 10:16:02.659,1.60626,1.60667,2.55,1.43
2012.05.28 10:16:03.648,1.60626,1.60667,1.80,2.18
2012.05.28 10:16:03.959,1.60623,1.60658,1.50,1.43
2012.05.28 10:16:04.541,1.60621,1.60658,1.13,1.43
2012.05.28 10:16:05.499,1.6062,1.60658,2.63,1.43
2012.05.28 10:16:07.706,1.60619,1.60658,2.55,1.43
2012.05.28 10:16:08.292,1.60619,1.60657,1.13,1.43
2012.05.28 10:16:11.080,1.60619,1.60657,1.13,1.43
2012.05.28 10:16:11.206,1.60619,1.60657,1.13,1.43
2012.05.28 10:16:11.836,1.60619,1.60656,1.13,1.43
2012.05.28 10:16:12.118,1.60616,1.60656,1.13,1.43
2012.05.28 10:16:12.309,1.60617,1.60654,1.13,1.58
2012.05.28 10:16:12.738,1.60619,1.60659,1.77,1.80
2012.05.28 10:16:13.167,1.60621,1.6066,1.13,1.43
2012.05.28 10:16:13.757,1.60621,1.60661,1.13,1.43
2012.05.28 10:16:14.905,1.60621,1.60658,1.13,1.43
2012.05.28 10:16:16.426,1.60618,1.60658,1.43,2.18
2012.05.28 10:16:16.497,1.60618,1.60658,1.43,2.55
2012.05.28 10:16:16.808,1.60617,1.60659,1.43,2.18
2012.05.28 10:16:16.999,1.60617,1.60658,2.18,1.13
2012.05.28 10:16:17.130,1.6061,1.60651,2.18,1.43
2012.05.28 10:16:17.197,1.6061,1.60651,2.18,1.80
2012.05.28 10:16:17.268,1.60606,1.60643,1.13,1.43
2012.05.28 10:16:18.903,1.60604,1.60643,1.13,1.43
2012.05.28 10:16:19.420,1.60604,1.60644,1.88,1.80
2012.05.28 10:16:19.780,1.60603,1.60644,1.80,1.43
2012.05.28 10:16:20.021,1.60604,1.60644,1.13,1.43
2012.05.28 10:16:20.849,1.60604,1.60643,1.13,1.43
2012.05.28 10:16:22.665,1.60602,1.60643,1.80,1.43
2012.05.28 10:16:22.789,1.60605,1.60643,1.13,1.43
2012.05.28 10:16:23.707,1.60605,1.60643,1.50,1.43
2012.05.28 10:16:23.837,1.60608,1.60647,1.80,1.43
2012.05.28 10:16:23.907,1.60608,1.60647,2.18,1.43
2012.05.28 10:16:24.118,1.60612,1.60649,1.13,1.43
2012.05.28 10:16:25.136,1.60608,1.60649,2.18,1.43
2012.05.28 10:16:25.507,1.60607,1.60644,1.50,1.43
2012.05.28 10:16:25.848,1.60609,1.60644,1.13,1.43
2012.05.28 10:16:25.921,1.60607,1.60644,1.13,1.43
2012.05.28 10:16:25.986,1.60609,1.60644,1.13,1.43
2012.05.28 10:16:26.334,1.60606,1.60636,1.13,1.43
2012.05.28 10:16:26.458,1.60604,1.60636,1.93,1.43
2012.05.28 10:16:26.890,1.60605,1.60635,1.50,1.43
2012.05.28 10:16:27.220,1.60604,1.60636,1.56,1.43
2012.05.28 10:16:27.347,1.60605,1.60638,1.56,1.43
2012.05.28 10:16:27.658,1.60602,1.60638,1.13,1.43
2012.05.28 10:16:27.727,1.60602,1.60638,1.13,1.43
2012.05.28 10:16:28.200,1.60602,1.60638,1.13,1.43
2012.05.28 10:16:28.267,1.60602,1.60638,1.13,1.43
2012.05.28 10:16:28.403,1.60601,1.60638,1.13,1.43
2012.05.28 10:16:28.589,1.60601,1.6064,1.13,1.43
2012.05.28 10:16:28.718,1.60602,1.60641,1.13,1.43
2012.05.28 10:16:30.912,1.60602,1.60641,1.13,1.43
2012.05.28 10:16:31.038,1.60602,1.60641,1.13,1.43
2012.05.28 10:16:31.109,1.60602,1.6063,1.13,1.43
2012.05.28 10:16:31.358,1.60602,1.60633,1.88,1.43
2012.05.28 10:16:31.500,1.60603,1.60633,1.13,1.43
2012.05.28 10:16:31.569,1.60603,1.60636,1.13,1.43
2012.05.28 10:16:31.637,1.60602,1.60636,1.13,1.43
2012.05.28 10:16:31.731,1.60602,1.60631,1.13,1.43
2012.05.28 10:16:32.180,1.60603,1.60638,1.13,1.43
2012.05.28 10:16:32.249,1.60603,1.60638,1.13,1.43
2012.05.28 10:16:32.318,1.60602,1.60633,1.13,1.43
2012.05.28 10:16:33.023,1.60602,1.60633,1.13,1.43
2012.05.28 10:16:33.207,1.60602,1.60633,1.13,1.43
2012.05.28 10:16:34.060,1.60602,1.60633,1.13,1.43
2012.05.28 10:16:34.187,1.60602,1.60633,1.13,1.43
2012.05.28 10:16:34.258,1.60602,1.60633,1.13,1.43
2012.05.28 10:16:34.388,1.60601,1.6064,1.13,1.43
2012.05.28 10:16:34.518,1.60603,1.6064,1.13,1.43
2012.05.28 10:16:35.060,1.60603,1.60641,1.13,1.43
2012.05.28 10:16:40.364,1.60603,1.60641,1.13,1.43
2012.05.28 10:16:40.428,1.60603,1.60641,1.13,1.43
2012.05.28 10:16:40.615,1.60603,1.60639,1.13,1.43
2012.05.28 10:16:40.968,1.60607,1.60632,1.13,1.43
2012.05.28 10:16:41.529,1.60611,1.60632,1.13,1.43
2012.05.28 10:16:41.596,1.60611,1.60639,1.13,1.43
2012.05.28 10:16:42.566,1.60611,1.60639,1.13,1.43
2012.05.28 10:16:42.779,1.60611,1.60645,1.13,1.43
2012.05.28 10:16:44.238,1.60606,1.60645,2.55,1.43
2012.05.28 10:16:44.381,1.6061,1.60645,1.13,1.43
2012.05.28 10:16:44.507,1.6061,1.60649,2.31,1.80
2012.05.28 10:16:45.146,1.60614,1.60653,2.18,1.43
2012.05.28 10:16:46.468,1.60614,1.60653,2.18,2.55
2012.05.28 10:16:46.538,1.6061,1.60643,2.31,1.43
2012.05.28 10:16:46.670,1.6061,1.60649,1.13,1.80
2012.05.28 10:16:46.738,1.60611,1.60649,1.56,1.80
2012.05.28 10:16:46.808,1.60614,1.60653,2.18,1.43
2012.05.28 10:16:46.936,1.60614,1.60653,2.18,1.43
2012.05.28 10:16:46.998,1.60621,1.60662,2.18,2.14
2012.05.28 10:16:47.986,1.60621,1.60662,2.18,1.80
2012.05.28 10:16:48.106,1.60625,1.60663,1.43,1.13
2012.05.28 10:16:48.471,1.60633,1.60668,1.43,1.77
2012.05.28 10:16:48.777,1.60633,1.60668,1.43,1.09
2012.05.28 10:16:49.027,1.60633,1.60672,1.80,1.43
2012.05.28 10:16:49.097,1.60641,1.60676,1.43,1.47
2012.05.28 10:16:49.227,1.60641,1.60678,1.43,1.47
2012.05.28 10:16:49.297,1.60633,1.60672,1.43,1.43
2012.05.28 10:16:49.716,1.60633,1.60672,1.43,2.55
2012.05.28 10:16:49.897,1.60633,1.60673,1.43,1.13
2012.05.28 10:16:49.968,1.60638,1.60674,1.43,1.13
2012.05.28 10:16:53.188,1.60638,1.60678,1.43,1.09
2012.05.28 10:16:53.627,1.60638,1.60676,1.43,1.09
2012.05.28 10:16:53.698,1.60632,1.60671,1.80,1.43
2012.05.28 10:16:53.766,1.60634,1.60673,1.80,1.43
2012.05.28 10:16:53.838,1.60635,1.60673,1.13,1.43
2012.05.28 10:16:54.027,1.60634,1.60673,1.80,1.43
2012.05.28 10:16:54.098,1.60631,1.60671,1.13,1.43
2012.05.28 10:16:54.639,1.60633,1.60674,1.80,2.55
2012.05.28 10:16:54.710,1.60631,1.6067,2.55,1.43
2012.05.28 10:16:55.552,1.60635,1.6067,1.13,1.43
2012.05.28 10:16:55.819,1.60632,1.6067,1.13,1.43
2012.05.28 10:16:56.321,1.60631,1.6067,2.55,1.43
2012.05.28 10:16:57.688,1.60634,1.6067,1.13,1.43
2012.05.28 10:16:57.927,1.60631,1.6067,2.55,1.43
2012.05.28 10:16:58.478,1.60634,1.60674,1.13,1.80
2012.05.28 10:16:59.006,1.60635,1.60672,1.13,1.43
2012.05.28 10:16:59.687,1.60635,1.6067,1.13,1.43
2012.05.28 10:17:00.278,1.60631,1.6067,1.13,1.43
2012.05.28 10:17:00.727,1.60635,1.6067,1.13,1.43
2012.05.28 10:17:01.309,1.60632,1.6067,1.13,1.43
2012.05.28 10:17:01.449,1.60635,1.6067,1.13,1.43
2012.05.28 10:17:02.024,1.60631,1.6067,2.55,1.58
2012.05.28 10:17:02.682,1.60632,1.60673,2.55,2.63
2012.05.28 10:17:03.288,1.60632,1.60673,2.55,2.18
2012.05.28 10:17:03.358,1.60634,1.60673,1.13,1.43
2012.05.28 10:17:03.680,1.60634,1.60668,1.13,1.43
2012.05.28 10:17:04.063,1.60632,1.60668,1.13,1.43
2012.05.28 10:17:04.189,1.60634,1.60668,1.13,1.43
2012.05.28 10:17:04.258,1.60633,1.60674,1.80,2.18
2012.05.28 10:17:04.342,1.60633,1.60674,1.80,2.33
2012.05.28 10:17:05.270,1.60633,1.60672,1.80,1.05
2012.05.28 10:17:05.520,1.60626,1.60665,1.43,1.43
2012.05.28 10:17:05.769,1.60626,1.60665,1.43,2.18
2012.05.28 10:17:05.839,1.60626,1.60665,1.43,1.43
2012.05.28 10:17:06.300,1.60626,1.60665,1.43,2.18
2012.05.28 10:17:06.368,1.60626,1.60665,1.43,1.43
2012.05.28 10:17:07.590,1.60626,1.60665,1.43,2.18
2012.05.28 10:17:07.720,1.60626,1.60665,2.18,1.43
2012.05.28 10:17:08.217,1.60626,1.60665,1.43,2.18
2012.05.28 10:17:08.575,1.60626,1.60665,1.43,1.43
2012.05.28 10:17:09.080,1.60626,1.60665,1.43,2.18
2012.05.28 10:17:09.678,1.60626,1.60665,1.43,2.18
2012.05.28 10:17:09.746,1.60626,1.60665,1.43,1.43
2012.05.28 10:17:10.309,1.60626,1.60665,2.18,1.43
2012.05.28 10:17:11.169,1.60626,1.60665,1.43,1.43
2012.05.28 10:17:11.999,1.60626,1.60665,2.18,1.43
2012.05.28 10:17:12.869,1.60626,1.60665,2.18,1.43
2012.05.28 10:17:13.027,1.6063,1.60671,2.18,2.48
2012.05.28 10:17:13.097,1.6063,1.60671,1.43,2.33
2012.05.28 10:17:13.168,1.6063,1.60662,1.43,1.13
2012.05.28 10:17:13.417,1.60617,1.60658,2.18,1.80
2012.05.28 10:17:13.788,1.60617,1.60658,1.43,1.80
2012.05.28 10:17:13.919,1.60617,1.60658,2.18,1.80
2012.05.28 10:17:14.238,1.60611,1.60649,1.50,1.43
2012.05.28 10:17:15.362,1.60611,1.60649,1.13,1.80
2012.05.28 10:17:16.396,1.60611,1.60649,1.13,1.80
2012.05.28 10:17:16.499,1.60611,1.60649,1.13,1.80
2012.05.28 10:17:16.829,1.60611,1.60649,1.13,1.80
2012.05.28 10:17:16.897,1.60611,1.60649,1.13,1.80
2012.05.28 10:17:17.008,1.60611,1.60649,1.13,1.80
2012.05.28 10:17:17.957,1.6061,1.60649,2.55,1.43
2012.05.28 10:17:18.028,1.6061,1.60649,2.55,1.80
2012.05.28 10:17:18.381,1.6061,1.60649,2.55,1.43
2012.05.28 10:17:19.729,1.6061,1.60649,2.55,1.43
2012.05.28 10:17:20.161,1.60611,1.60649,1.13,1.43
2012.05.28 10:17:20.668,1.6061,1.60649,2.55,1.43
2012.05.28 10:17:21.611,1.60611,1.60642,1.13,1.43
2012.05.28 10:17:21.737,1.60611,1.60642,1.13,1.80
2012.05.28 10:17:22.648,1.60606,1.60642,1.13,1.80
2012.05.28 10:17:23.209,1.6061,1.60642,1.13,1.80
2012.05.28 10:17:23.759,1.60602,1.60642,2.55,1.80
2012.05.28 10:17:23.828,1.60602,1.60642,2.55,1.80
2012.05.28 10:17:24.137,1.60602,1.60642,2.18,1.80
2012.05.28 10:17:24.501,1.60602,1.60638,2.18,1.13
2012.05.28 10:17:25.394,1.60595,1.60635,1.13,1.80
2012.05.28 10:17:25.547,1.60595,1.60635,1.13,1.80
2012.05.28 10:17:26.341,1.60594,1.60635,2.55,1.80
2012.05.28 10:17:26.410,1.60594,1.60635,2.55,1.80
2012.05.28 10:17:26.538,1.60594,1.60635,2.55,1.80
2012.05.28 10:17:27.389,1.60594,1.60635,2.55,1.80
2012.05.28 10:17:29.437,1.60597,1.60635,1.13,1.80
2012.05.28 10:17:29.687,1.60601,1.60643,2.18,1.80
2012.05.28 10:17:30.160,1.60601,1.60642,2.18,1.13
2012.05.28 10:17:30.231,1.60601,1.60642,1.43,1.13
2012.05.28 10:17:30.359,1.60595,1.60635,1.13,1.80
2012.05.28 10:17:30.548,1.60594,1.60626,1.13,1.43
2012.05.28 10:17:30.801,1.60602,1.60642,2.18,2.10
2012.05.28 10:17:30.868,1.60598,1.60635,1.13,1.58
2012.05.28 10:17:30.996,1.60595,1.60635,1.13,1.80
2012.05.28 10:17:31.316,1.60594,1.60626,1.13,1.43
2012.05.28 10:17:32.607,1.60595,1.60626,1.13,1.43
2012.05.28 10:17:32.736,1.60595,1.60626,1.13,1.80
2012.05.28 10:17:32.796,1.60595,1.60626,1.13,1.80
2012.05.28 10:17:32.931,1.60595,1.60626,1.13,1.80
2012.05.28 10:17:32.997,1.60595,1.60626,1.13,1.80
2012.05.28 10:17:33.187,1.60595,1.60626,1.13,1.43
2012.05.28 10:17:37.236,1.60589,1.60626,1.13,1.43
2012.05.28 10:17:37.356,1.60595,1.60634,2.18,1.43
2012.05.28 10:17:38.210,1.60595,1.60634,2.18,1.43
2012.05.28 10:17:38.276,1.60595,1.60634,2.18,1.43
2012.05.28 10:17:38.636,1.60595,1.60634,2.18,1.43
2012.05.28 10:17:39.384,1.60597,1.60636,1.43,1.80
2012.05.28 10:17:39.506,1.60597,1.60636,2.18,1.80
2012.05.28 10:17:39.990,1.60594,1.60635,2.18,1.80
2012.05.28 10:17:40.131,1.60594,1.60635,2.18,1.80
2012.05.28 10:17:41.216,1.60595,1.60639,2.18,1.80
2012.05.28 10:17:41.576,1.60595,1.60639,2.18,1.80
2012.05.28 10:17:42.209,1.60595,1.60639,2.18,1.80
2012.05.28 10:17:42.572,1.60589,1.60631,1.13,1.43
2012.05.28 10:17:42.638,1.60589,1.60631,1.13,1.43
2012.05.28 10:17:44.151,1.60589,1.60631,1.13,1.43
2012.05.28 10:17:44.747,1.6059,1.60631,1.13,1.43
2012.05.28 10:17:44.816,1.6059,1.60638,1.13,1.80
2012.05.28 10:17:44.875,1.6059,1.60638,1.13,2.55
2012.05.28 10:17:44.936,1.6059,1.60638,1.13,1.80
2012.05.28 10:17:45.270,1.60595,1.60626,1.13,1.43
2012.05.28 10:17:45.399,1.60595,1.60628,1.13,1.43
2012.05.28 10:17:45.529,1.60595,1.60628,1.13,1.43
2012.05.28 10:17:45.598,1.60588,1.60626,2.25,1.43
2012.05.28 10:17:45.928,1.60595,1.60631,1.13,1.43
2012.05.28 10:17:46.119,1.60595,1.60639,1.13,2.18
2012.05.28 10:17:46.186,1.60594,1.60639,2.18,2.55
2012.05.28 10:17:46.516,1.60588,1.60631,1.50,1.43
2012.05.28 10:17:48.426,1.60588,1.60632,2.93,1.43
2012.05.28 10:17:48.800,1.60588,1.60628,1.50,1.43
2012.05.28 10:17:50.139,1.60588,1.60628,1.13,1.43
2012.05.28 10:17:50.269,1.60587,1.60628,2.18,1.80
2012.05.28 10:17:51.692,1.60587,1.60628,2.18,1.80
2012.05.28 10:17:51.940,1.60589,1.60628,1.13,1.80
2012.05.28 10:17:52.067,1.60598,1.60637,1.43,2.18
2012.05.28 10:17:52.489,1.60589,1.6063,2.18,1.80
2012.05.28 10:17:52.987,1.60589,1.6063,2.18,1.80
2012.05.28 10:17:55.076,1.60589,1.6063,2.18,1.80
2012.05.28 10:17:55.788,1.60589,1.6063,2.18,1.80
2012.05.28 10:17:58.306,1.60595,1.60628,1.13,1.80
2012.05.28 10:17:58.637,1.60595,1.60635,1.13,2.88
2012.05.28 10:17:58.818,1.60595,1.60633,1.13,2.33
2012.05.28 10:18:00.716,1.60594,1.60632,1.13,2.18
2012.05.28 10:18:03.928,1.60592,1.60634,1.13,2.33
2012.05.28 10:18:04.138,1.60595,1.60635,1.50,2.33
2012.05.28 10:18:04.206,1.60595,1.60635,1.50,2.33
2012.05.28 10:18:04.678,1.60597,1.60636,2.18,1.43
2012.05.28 10:18:07.439,1.60607,1.60636,1.13,1.43
2012.05.28 10:18:07.569,1.60612,1.60653,2.18,1.80
2012.05.28 10:18:08.117,1.60612,1.60653,2.18,1.80
2012.05.28 10:18:09.939,1.60612,1.60653,2.18,1.80
2012.05.28 10:18:11.671,1.60613,1.60657,2.18,1.09
2012.05.28 10:18:11.798,1.60613,1.60657,1.43,2.52
2012.05.28 10:18:11.867,1.60607,1.60655,1.13,2.18
2012.05.28 10:18:12.110,1.60605,1.60654,1.50,1.80
2012.05.28 10:18:14.181,1.60605,1.60656,1.50,2.18
2012.05.28 10:18:14.338,1.60605,1.60656,1.50,2.18
2012.05.28 10:18:14.668,1.60605,1.60656,1.50,2.18
2012.05.28 10:18:15.206,1.60605,1.60656,1.88,2.18
2012.05.28 10:18:15.977,1.60605,1.60658,1.50,1.13
2012.05.28 10:18:19.376,1.60606,1.60658,2.18,1.13
2012.05.28 10:18:21.798,1.60606,1.60658,2.18,1.13
2012.05.28 10:18:22.217,1.60605,1.60658,2.31,2.55
2012.05.28 10:18:22.457,1.60605,1.60658,2.31,2.55
2012.05.28 10:18:22.587,1.60605,1.60658,2.31,1.13
2012.05.28 10:18:22.868,1.60606,1.60657,1.13,1.13
2012.05.28 10:18:22.936,1.60606,1.60657,1.13,1.13
2012.05.28 10:18:22.997,1.60606,1.60657,1.13,1.13
2012.05.28 10:18:23.767,1.60606,1.60657,1.13,1.13
2012.05.28 10:18:24.450,1.60608,1.60658,1.50,1.13
2012.05.28 10:18:25.694,1.60608,1.60658,1.50,1.13
2012.05.28 10:18:26.899,1.60621,1.60659,1.13,2.18
2012.05.28 10:18:27.329,1.60619,1.60662,2.18,1.13
2012.05.28 10:18:27.640,1.60616,1.60665,1.13,1.28
2012.05.28 10:18:27.958,1.60616,1.6066,1.13,1.13
2012.05.28 10:18:28.291,1.60621,1.60657,1.13,1.13
2012.05.28 10:18:28.363,1.60606,1.60658,2.18,1.13
2012.05.28 10:18:28.432,1.60608,1.60658,2.18,1.13
2012.05.28 10:18:28.915,1.60608,1.60658,2.18,1.13
2012.05.28 10:18:30.428,1.60608,1.60646,2.18,1.13
2012.05.28 10:18:30.499,1.60608,1.60645,1.43,1.13
2012.05.28 10:18:30.567,1.60608,1.60645,2.18,1.13
2012.05.28 10:18:30.819,1.60606,1.60644,1.13,1.43
2012.05.28 10:18:30.888,1.60611,1.60651,1.43,1.60
2012.05.28 10:18:30.958,1.60611,1.60651,1.43,1.28
2012.05.28 10:18:31.151,1.60605,1.60652,1.13,2.18
2012.05.28 10:18:31.219,1.60605,1.60652,1.13,1.80
2012.05.28 10:18:31.530,1.60607,1.60652,1.43,1.80
2012.05.28 10:18:31.715,1.60607,1.60652,2.18,1.80
2012.05.28 10:18:31.848,1.60602,1.60652,2.18,1.80
2012.05.28 10:18:34.933,1.60603,1.60652,1.43,1.80
2012.05.28 10:18:35.060,1.60603,1.60652,2.18,1.80
2012.05.28 10:18:35.369,1.60605,1.60653,2.55,2.18
2012.05.28 10:18:37.450,1.60611,1.60653,1.13,1.80
2012.05.28 10:18:38.979,1.60615,1.60644,1.13,1.43
2012.05.28 10:18:39.299,1.60612,1.60645,1.13,1.80
2012.05.28 10:18:39.367,1.60602,1.60645,1.13,1.80
2012.05.28 10:18:40.099,1.60602,1.60646,1.13,1.80
2012.05.28 10:18:41.479,1.60602,1.60646,1.13,2.18
2012.05.28 10:18:43.570,1.60604,1.60645,2.18,1.80
2012.05.28 10:18:44.178,1.6061,1.60645,1.50,1.80
2012.05.28 10:18:44.308,1.60619,1.60657,1.43,1.43
2012.05.28 10:18:44.437,1.60619,1.60661,2.18,1.54
2012.05.28 10:18:44.626,1.60619,1.60661,1.43,1.69
2012.05.28 10:18:44.868,1.60611,1.60654,2.55,1.58
2012.05.28 10:18:45.256,1.60611,1.60654,2.18,2.18
2012.05.28 10:18:46.907,1.60615,1.60654,1.13,1.43
2012.05.28 10:18:47.587,1.60619,1.60661,2.18,1.02
2012.05.28 10:18:47.657,1.60619,1.60662,2.18,2.52
2012.05.28 10:18:50.841,1.60621,1.60661,2.18,2.14
2012.05.28 10:18:50.968,1.60621,1.60661,2.18,2.14
2012.05.28 10:18:51.158,1.60623,1.60662,1.43,1.09
2012.05.28 10:18:51.551,1.60622,1.60662,2.18,1.09
2012.05.28 10:18:51.852,1.60624,1.60662,1.43,1.09
2012.05.28 10:18:51.978,1.60615,1.60658,1.13,1.13
2012.05.28 10:18:52.178,1.60615,1.60661,1.13,2.14
2012.05.28 10:18:52.518,1.60624,1.60662,1.43,1.09
2012.05.28 10:18:52.788,1.60615,1.60659,1.13,1.13
2012.05.28 10:18:54.369,1.60607,1.60644,1.13,1.43
2012.05.28 10:18:54.678,1.60608,1.60647,2.18,2.18
2012.05.28 10:18:55.250,1.60608,1.60647,2.18,2.18
2012.05.28 10:18:55.676,1.60608,1.60647,2.18,2.18
2012.05.28 10:18:55.808,1.60608,1.60647,2.18,2.18
2012.05.28 10:18:56.308,1.60609,1.60646,1.13,1.43
2012.05.28 10:18:56.437,1.60609,1.60653,1.13,1.80
2012.05.28 10:18:57.071,1.60609,1.60653,1.13,1.80
2012.05.28 10:18:59.216,1.6061,1.60653,2.18,1.80
2012.05.28 10:18:59.437,1.6061,1.60653,2.18,1.80
2012.05.28 10:19:00.378,1.6061,1.60653,2.18,1.80
2012.05.28 10:19:00.447,1.60614,1.60653,1.13,1.80
2012.05.28 10:19:01.466,1.6061,1.60653,2.18,1.80
2012.05.28 10:19:01.796,1.60616,1.60653,1.13,1.43
2012.05.28 10:19:01.916,1.60618,1.60661,2.18,1.80
2012.05.28 10:19:02.364,1.60618,1.60659,1.43,1.13
2012.05.28 10:19:02.548,1.6061,1.60653,2.18,1.80
2012.05.28 10:19:03.220,1.6061,1.60653,2.18,1.80
2012.05.28 10:19:04.232,1.6061,1.60653,2.18,1.80
2012.05.28 10:19:04.811,1.6061,1.60653,2.18,1.80
2012.05.28 10:19:05.498,1.6061,1.60653,2.18,1.80
2012.05.28 10:19:06.481,1.6061,1.60653,1.43,1.80
2012.05.28 10:19:07.146,1.60611,1.60653,1.43,1.80
2012.05.28 10:19:08.428,1.60614,1.60655,1.43,2.18
2012.05.28 10:19:11.038,1.60614,1.60655,1.43,2.18
2012.05.28 10:19:11.608,1.60611,1.60653,2.18,1.80
2012.05.28 10:19:13.237,1.60611,1.60653,2.93,1.43
2012.05.28 10:19:13.367,1.60619,1.60659,1.43,1.13
2012.05.28 10:19:13.436,1.60619,1.60656,1.43,1.13
2012.05.28 10:19:13.557,1.6061,1.60654,2.18,1.80
2012.05.28 10:19:14.177,1.6061,1.60654,2.18,2.18
2012.05.28 10:19:14.397,1.6061,1.60654,2.18,2.18
2012.05.28 10:19:15.520,1.60617,1.60656,2.18,1.13
2012.05.28 10:19:15.588,1.60617,1.60656,1.43,1.13
2012.05.28 10:19:16.117,1.60615,1.60655,1.43,1.13
2012.05.28 10:19:16.718,1.60615,1.60649,1.43,1.13
2012.05.28 10:19:16.789,1.60608,1.60647,2.18,2.18
2012.05.28 10:19:16.858,1.60608,1.60647,1.43,2.18
2012.05.28 10:19:16.931,1.60602,1.60645,1.13,1.80
2012.05.28 10:19:17.389,1.60604,1.60645,1.13,1.80
2012.05.28 10:19:17.579,1.60617,1.6066,1.50,1.43
2012.05.28 10:19:17.707,1.60615,1.6066,2.18,1.43
2012.05.28 10:19:17.778,1.60614,1.60661,2.93,2.18
2012.05.28 10:19:20.221,1.60617,1.60661,1.13,1.80
2012.05.28 10:19:20.870,1.60617,1.60661,1.13,1.80
2012.05.28 10:19:20.937,1.60614,1.60661,1.13,2.55
2012.05.28 10:19:22.596,1.60614,1.60659,1.43,2.18
2012.05.28 10:19:22.658,1.60614,1.60659,2.18,2.18
2012.05.28 10:19:23.462,1.60615,1.60661,2.18,2.55
2012.05.28 10:19:29.989,1.60615,1.60661,2.18,2.55
2012.05.28 10:19:30.390,1.60618,1.60661,1.43,1.13
2012.05.28 10:19:31.110,1.60619,1.60661,1.43,1.13
2012.05.28 10:19:31.240,1.60623,1.60655,1.43,1.13
2012.05.28 10:19:31.309,1.60611,1.60655,2.25,1.13
2012.05.28 10:19:31.439,1.60611,1.60656,1.50,1.80
2012.05.28 10:19:31.689,1.60612,1.60655,1.43,2.18
2012.05.28 10:19:32.163,1.60611,1.60649,1.50,1.43
2012.05.28 10:19:32.522,1.60615,1.60662,2.55,1.50
2012.05.28 10:19:33.634,1.60615,1.60659,1.80,1.13
2012.05.28 10:19:33.819,1.60614,1.60655,1.43,1.43
2012.05.28 10:19:34.147,1.60614,1.60653,1.43,1.13
2012.05.28 10:19:34.206,1.60607,1.60652,1.13,1.43
2012.05.28 10:19:34.929,1.60606,1.60652,1.80,2.18
2012.05.28 10:19:35.214,1.60606,1.60652,2.55,1.43
2012.05.28 10:19:36.161,1.60606,1.60652,1.80,2.18
2012.05.28 10:19:36.233,1.60607,1.60652,1.80,1.43
2012.05.28 10:19:36.358,1.60606,1.60652,2.18,2.18
2012.05.28 10:19:36.631,1.60605,1.60651,2.18,2.18
2012.05.28 10:19:36.701,1.60606,1.60651,1.13,1.43
2012.05.28 10:19:36.920,1.60604,1.60644,1.13,1.43
2012.05.28 10:19:37.048,1.60605,1.60651,2.18,2.18
2012.05.28 10:19:39.899,1.60606,1.60653,2.55,1.80
2012.05.28 10:19:44.409,1.60606,1.60653,1.80,2.55
2012.05.28 10:19:44.720,1.60604,1.60645,2.55,1.43
2012.05.28 10:19:44.847,1.60604,1.60649,2.55,2.18
2012.05.28 10:19:47.157,1.60606,1.6065,1.80,2.18
2012.05.28 10:19:47.981,1.60605,1.60643,1.13,1.43
2012.05.28 10:19:48.708,1.60604,1.60643,2.18,2.18
2012.05.28 10:19:49.317,1.60595,1.60641,2.18,2.18
2012.05.28 10:19:49.923,1.60595,1.60641,2.18,2.18
2012.05.28 10:19:50.451,1.60597,1.60641,1.13,1.43
2012.05.28 10:19:50.520,1.60605,1.60644,1.80,2.18
2012.05.28 10:19:53.297,1.60605,1.60644,1.80,2.18
2012.05.28 10:19:53.736,1.60605,1.60644,2.18,2.18
2012.05.28 10:19:54.034,1.60612,1.60653,1.43,2.55
2012.05.28 10:19:54.219,1.60614,1.60653,1.43,1.13
2012.05.28 10:19:54.290,1.60614,1.60654,1.43,1.50
2012.05.28 10:19:54.419,1.6061,1.60654,1.80,1.13
2012.05.28 10:19:54.548,1.60606,1.60652,1.80,2.18
2012.05.28 10:19:58.115,1.60606,1.6065,1.80,2.18
2012.05.28 10:19:58.261,1.60606,1.60652,1.80,2.18
2012.05.28 10:19:58.777,1.60605,1.60649,2.18,2.18
2012.05.28 10:20:00.478,1.60607,1.60649,1.13,1.43
2012.05.28 10:20:01.019,1.60605,1.60649,2.18,2.18
2012.05.28 10:20:01.337,1.60606,1.60653,1.13,1.80
2012.05.28 10:20:02.542,1.60606,1.60644,1.13,1.43
2012.05.28 10:20:03.423,1.60606,1.60651,1.80,2.18
2012.05.28 10:20:03.493,1.60603,1.60644,2.55,1.43
2012.05.28 10:20:09.002,1.60604,1.60645,2.18,1.43
2012.05.28 10:20:09.188,1.60605,1.60649,2.18,2.18
2012.05.28 10:20:10.733,1.60607,1.6065,1.80,1.13
2012.05.28 10:20:10.799,1.60607,1.60643,1.43,1.13
2012.05.28 10:20:11.092,1.60599,1.60643,1.50,2.18
2012.05.28 10:20:11.227,1.60598,1.60643,2.93,2.18
2012.05.28 10:20:11.537,1.60598,1.60635,1.50,1.43
2012.05.28 10:20:12.437,1.60599,1.60635,1.50,2.18
2012.05.28 10:20:12.999,1.60599,1.60635,1.50,1.43
2012.05.28 10:20:14.897,1.60599,1.60635,1.13,1.43
2012.05.28 10:20:15.377,1.60599,1.60635,1.13,2.18
2012.05.28 10:20:15.676,1.60598,1.60635,1.50,2.18
2012.05.28 10:20:20.018,1.60596,1.60635,2.18,2.18
2012.05.28 10:20:21.617,1.60596,1.60635,3.68,2.18
2012.05.28 10:20:25.469,1.60597,1.60636,1.80,2.18
2012.05.28 10:20:25.618,1.60599,1.60643,1.43,2.18
2012.05.28 10:20:25.938,1.60599,1.60643,1.43,2.18
2012.05.28 10:20:26.186,1.60596,1.60637,2.93,2.18
2012.05.28 10:20:31.396,1.60596,1.60637,2.55,2.18
2012.05.28 10:20:36.088,1.60596,1.60635,1.43,2.18
2012.05.28 10:20:38.926,1.60596,1.60635,2.18,1.43
2012.05.28 10:20:40.409,1.60596,1.60635,2.52,1.43
2012.05.28 10:20:41.409,1.60596,1.60635,1.77,2.18
2012.05.28 10:20:42.390,1.60596,1.60635,1.43,2.18
2012.05.28 10:20:42.709,1.60596,1.60635,2.55,2.18
2012.05.28 10:20:42.961,1.60599,1.60635,1.13,2.18
2012.05.28 10:20:46.660,1.60596,1.60637,2.55,2.55
2012.05.28 10:20:46.969,1.60601,1.60637,1.43,1.13
2012.05.28 10:20:47.279,1.60606,1.60643,1.77,1.65
2012.05.28 10:20:47.591,1.60607,1.60644,2.52,1.50
2012.05.28 10:20:47.659,1.60607,1.60649,2.52,1.13
2012.05.28 10:20:47.787,1.60607,1.60647,2.52,1.13
2012.05.28 10:20:47.959,1.60607,1.60649,2.52,1.13
2012.05.28 10:20:48.126,1.60607,1.60647,2.52,1.13
2012.05.28 10:20:48.283,1.60607,1.60648,3.27,1.13
2012.05.28 10:20:49.640,1.60607,1.60647,2.52,1.13
2012.05.28 10:20:52.120,1.60607,1.60649,2.52,1.13
2012.05.28 10:20:53.058,1.60609,1.60647,2.18,1.13
2012.05.28 10:20:53.417,1.6061,1.60647,1.80,1.13
2012.05.28 10:20:53.598,1.60607,1.60642,1.13,1.80
2012.05.28 10:20:53.727,1.60604,1.60642,1.13,2.55
2012.05.28 10:20:54.301,1.60604,1.60641,1.13,1.13
2012.05.28 10:20:55.266,1.60601,1.60641,1.80,1.13
2012.05.28 10:20:56.500,1.60599,1.6064,1.13,2.18
2012.05.28 10:20:57.030,1.60596,1.60638,1.50,2.18
2012.05.28 10:20:57.629,1.60596,1.60634,1.56,2.55
2012.05.28 10:20:57.820,1.6059,1.60631,2.55,1.13
2012.05.28 10:20:58.329,1.6059,1.6063,2.98,1.13
2012.05.28 10:21:00.407,1.6059,1.6063,2.55,1.13
2012.05.28 10:21:00.929,1.60591,1.60632,1.50,1.43
2012.05.28 10:21:01.119,1.60599,1.60638,1.80,1.58
2012.05.28 10:21:01.478,1.60599,1.60638,1.43,2.18
2012.05.28 10:21:02.138,1.60599,1.60638,1.43,2.18
2012.05.28 10:21:02.600,1.60599,1.60638,1.80,2.55
2012.05.28 10:21:03.107,1.606,1.60644,2.18,1.50
2012.05.28 10:21:04.967,1.60602,1.60639,1.80,1.13
2012.05.28 10:21:05.967,1.60598,1.60639,1.56,1.13
2012.05.28 10:21:06.516,1.60598,1.60639,1.56,2.55
2012.05.28 10:21:07.309,1.60598,1.60639,1.56,1.80
2012.05.28 10:21:08.768,1.606,1.60643,2.18,1.50
2012.05.28 10:21:09.335,1.60601,1.60648,2.93,2.18
2012.05.28 10:21:10.199,1.60602,1.60648,1.50,2.93
2012.05.28 10:21:10.709,1.60605,1.60648,1.80,2.93
2012.05.28 10:21:12.209,1.60605,1.60648,1.80,2.93
2012.05.28 10:21:12.761,1.60605,1.60648,1.80,2.93
2012.05.28 10:21:13.098,1.60605,1.60648,2.93,2.18
2012.05.28 10:21:14.214,1.60617,1.60644,1.80,1.50
2012.05.28 10:21:14.284,1.6061,1.60649,1.56,2.18
2012.05.28 10:21:14.418,1.60611,1.60649,1.56,2.18
2012.05.28 10:21:15.697,1.60612,1.6065,1.80,1.13
2012.05.28 10:21:15.832,1.60612,1.6065,1.43,1.13
2012.05.28 10:21:15.902,1.60612,1.60651,1.43,1.95
2012.05.28 10:21:16.764,1.60612,1.6065,1.43,1.13
2012.05.28 10:21:16.830,1.60612,1.60651,1.43,1.80
2012.05.28 10:21:17.371,1.60612,1.60651,1.43,2.18
2012.05.28 10:21:17.677,1.60611,1.6065,1.43,1.05
2012.05.28 10:21:18.087,1.60604,1.60643,1.80,2.55
2012.05.28 10:21:18.279,1.60604,1.60643,2.18,1.43
2012.05.28 10:21:18.636,1.6061,1.60649,1.43,1.80
2012.05.28 10:21:18.881,1.60612,1.60649,1.43,1.13
2012.05.28 10:21:19.999,1.60612,1.60651,1.43,1.80
2012.05.28 10:21:20.635,1.60612,1.60649,1.43,1.13
2012.05.28 10:21:21.162,1.60612,1.60651,1.43,1.80
2012.05.28 10:21:21.672,1.60612,1.60649,1.43,1.13
2012.05.28 10:21:22.177,1.60612,1.60651,1.43,1.80
2012.05.28 10:21:24.878,1.60612,1.60649,1.43,1.13
2012.05.28 10:21:25.453,1.60612,1.60651,1.43,1.80
2012.05.28 10:21:26.148,1.60612,1.60651,1.43,1.80
2012.05.28 10:21:26.775,1.60612,1.60649,1.43,1.13
2012.05.28 10:21:27.284,1.60612,1.60651,1.43,1.80
2012.05.28 10:21:30.673,1.60612,1.60651,1.43,1.80
2012.05.28 10:21:31.000,1.60612,1.6065,1.43,1.13
2012.05.28 10:21:31.220,1.60612,1.60651,1.43,1.80
2012.05.28 10:21:33.718,1.60612,1.6065,1.43,1.13
2012.05.28 10:21:37.389,1.60612,1.60651,1.43,1.80
2012.05.28 10:21:37.710,1.60612,1.6065,1.43,1.13
2012.05.28 10:21:42.219,1.60612,1.60649,1.43,1.28
2012.05.28 10:21:42.409,1.60603,1.60644,2.55,1.43
2012.05.28 10:21:42.598,1.60612,1.60649,1.43,1.28
2012.05.28 10:21:42.908,1.60603,1.60643,2.14,1.13
2012.05.28 10:21:43.801,1.60603,1.60643,2.14,1.13
2012.05.28 10:21:44.734,1.60606,1.60644,1.13,1.80
2012.05.28 10:21:45.279,1.60605,1.60643,1.13,1.80
2012.05.28 10:21:45.684,1.60601,1.60641,1.80,2.18
2012.05.28 10:21:45.929,1.60597,1.60633,1.13,1.80
2012.05.28 10:21:46.471,1.60596,1.60633,1.13,1.80
2012.05.28 10:21:47.178,1.60596,1.60633,1.13,1.80
2012.05.28 10:21:48.148,1.60596,1.60633,1.13,1.80
2012.05.28 10:21:49.230,1.60594,1.60633,1.80,1.80
2012.05.28 10:21:49.418,1.60594,1.6063,1.80,1.13
2012.05.28 10:21:49.989,1.60594,1.60633,1.80,1.80
2012.05.28 10:21:53.402,1.60592,1.60632,2.55,1.80
2012.05.28 10:21:56.101,1.60592,1.60632,2.55,1.80
2012.05.28 10:21:57.191,1.60593,1.6063,1.80,1.13
2012.05.28 10:21:57.533,1.60593,1.60631,1.80,1.13
2012.05.28 10:21:57.659,1.60593,1.60634,1.80,2.93
2012.05.28 10:21:59.237,1.60593,1.60634,1.80,2.93
2012.05.28 10:22:00.470,1.60593,1.60634,2.18,1.43
2012.05.28 10:22:00.539,1.60601,1.60638,1.80,1.13
2012.05.28 10:22:00.729,1.60597,1.60634,1.13,1.80
2012.05.28 10:22:01.936,1.60597,1.60634,1.13,2.18
2012.05.28 10:22:02.591,1.60597,1.60634,1.13,2.18
2012.05.28 10:22:02.883,1.60596,1.60634,1.13,2.18
2012.05.28 10:22:03.412,1.60593,1.60634,1.80,2.93
2012.05.28 10:22:08.886,1.60597,1.60634,1.13,2.52
2012.05.28 10:22:09.456,1.60597,1.60634,1.13,2.52
2012.05.28 10:22:09.949,1.60597,1.60634,1.13,2.52
2012.05.28 10:22:10.459,1.60596,1.60634,1.13,2.14
2012.05.28 10:22:11.370,1.60596,1.60634,1.13,2.14
2012.05.28 10:22:12.927,1.60597,1.60634,1.13,2.14
2012.05.28 10:22:13.628,1.60597,1.60634,1.13,2.14
2012.05.28 10:22:16.403,1.60597,1.60634,1.13,1.80
2012.05.28 10:22:16.551,1.60597,1.60634,1.13,1.80
2012.05.28 10:22:17.103,1.60597,1.60634,1.13,1.80
2012.05.28 10:22:18.182,1.60597,1.60633,1.80,1.13
2012.05.28 10:22:18.728,1.60599,1.60634,1.13,1.13
2012.05.28 10:22:19.760,1.60602,1.60639,1.47,1.43
2012.05.28 10:22:19.830,1.60608,1.60646,1.80,1.50
2012.05.28 10:22:19.958,1.60608,1.60644,1.43,1.50
2012.05.28 10:22:20.232,1.60601,1.60633,1.13,1.77
2012.05.28 10:22:20.301,1.60592,1.60633,2.18,2.89
2012.05.28 10:22:20.428,1.60592,1.6063,1.80,1.50
2012.05.28 10:22:20.978,1.60587,1.60628,1.80,2.18
2012.05.28 10:22:21.762,1.60587,1.60628,1.80,2.18
2012.05.28 10:22:22.609,1.60587,1.60628,1.80,1.43
2012.05.28 10:22:23.316,1.60587,1.60628,1.80,1.43
2012.05.28 10:22:23.817,1.60587,1.60628,2.93,1.43
2012.05.28 10:22:23.878,1.60595,1.60633,1.43,1.47
2012.05.28 10:22:24.210,1.60588,1.60627,1.80,1.43
2012.05.28 10:22:25.639,1.60588,1.60627,1.80,1.43
2012.05.28 10:22:27.180,1.60588,1.60627,1.80,2.18
2012.05.28 10:22:27.448,1.60588,1.60627,1.80,1.43
2012.05.28 10:22:29.097,1.60588,1.60627,1.80,1.43
2012.05.28 10:22:30.176,1.60588,1.60627,2.18,1.43
2012.05.28 10:22:30.356,1.60596,1.60633,1.43,1.47
2012.05.28 10:22:35.329,1.60596,1.6063,1.43,1.47
2012.05.28 10:22:35.498,1.60595,1.60633,1.43,1.47
2012.05.28 10:22:35.873,1.60595,1.60631,1.43,1.13
2012.05.28 10:22:35.998,1.60595,1.60629,1.43,1.13
2012.05.28 10:22:36.068,1.60588,1.60627,1.43,2.18
2012.05.28 10:22:36.550,1.60588,1.60627,1.43,1.43
2012.05.28 10:22:37.301,1.60588,1.60627,1.77,2.18
2012.05.28 10:22:42.299,1.60588,1.60627,2.57,2.18
2012.05.28 10:22:44.405,1.60589,1.60627,1.56,2.18
2012.05.28 10:22:46.779,1.60588,1.60627,2.14,2.18
2012.05.28 10:22:48.140,1.60588,1.60627,1.80,2.18
2012.05.28 10:22:48.639,1.60588,1.60627,2.18,1.43
2012.05.28 10:22:48.829,1.60595,1.60634,1.43,1.47
2012.05.28 10:22:49.550,1.60595,1.60636,1.43,2.93
2012.05.28 10:22:49.620,1.60593,1.60631,1.13,2.18
2012.05.28 10:22:49.930,1.60593,1.60626,1.13,1.43
2012.05.28 10:22:50.190,1.60585,1.60626,2.18,1.80
2012.05.28 10:22:50.260,1.60585,1.60626,2.18,2.18
2012.05.28 10:22:51.770,1.60585,1.60626,1.43,2.18
2012.05.28 10:22:52.279,1.60585,1.60626,1.43,2.18
2012.05.28 10:22:52.441,1.60585,1.60626,2.18,2.18
2012.05.28 10:22:54.929,1.60585,1.60626,1.43,2.18
2012.05.28 10:23:00.671,1.60585,1.60621,1.43,1.13
2012.05.28 10:23:00.979,1.60581,1.60618,1.13,2.52
2012.05.28 10:23:01.579,1.60582,1.60618,1.13,2.52
2012.05.28 10:23:01.708,1.60577,1.60618,2.55,3.27
2012.05.28 10:23:03.717,1.60586,1.60618,1.43,1.09
2012.05.28 10:23:03.838,1.60586,1.60624,1.43,1.13
2012.05.28 10:23:03.908,1.60586,1.60624,1.43,1.50
2012.05.28 10:23:03.978,1.60582,1.60617,1.13,1.80
2012.05.28 10:23:05.481,1.60586,1.60623,1.43,1.50
2012.05.28 10:23:05.551,1.60586,1.60625,1.43,1.80
2012.05.28 10:23:05.738,1.60586,1.60623,1.43,1.13
2012.05.28 10:23:05.811,1.60581,1.60617,1.13,1.43
2012.05.28 10:23:05.879,1.60581,1.60617,1.13,1.80
2012.05.28 10:23:06.189,1.60584,1.60623,1.50,1.43
2012.05.28 10:23:06.259,1.60586,1.60625,2.18,1.43
2012.05.28 10:23:06.449,1.60592,1.60625,1.13,1.43
2012.05.28 10:23:06.649,1.60586,1.60625,2.55,1.80
2012.05.28 10:23:07.162,1.60591,1.60627,1.13,1.80
2012.05.28 10:23:07.599,1.60595,1.60634,1.80,1.50
2012.05.28 10:23:07.671,1.60595,1.60633,1.80,1.13
2012.05.28 10:23:07.740,1.60592,1.60628,1.50,1.43
2012.05.28 10:23:08.540,1.60592,1.60632,1.13,1.80
2012.05.28 10:23:08.940,1.60601,1.60632,1.56,1.80
2012.05.28 10:23:09.011,1.60604,1.60634,1.50,1.43
2012.05.28 10:23:09.119,1.60604,1.60634,1.56,1.43
2012.05.28 10:23:09.251,1.60607,1.60645,1.13,1.43
2012.05.28 10:23:09.678,1.60605,1.60645,1.80,2.18
2012.05.28 10:23:09.749,1.60605,1.60645,1.43,2.18
2012.05.28 10:23:09.820,1.60605,1.60645,2.93,1.43
2012.05.28 10:23:09.891,1.6061,1.60649,1.43,1.13
2012.05.28 10:23:10.019,1.60603,1.60644,2.23,1.43
2012.05.28 10:23:10.150,1.60603,1.60642,2.23,1.43
2012.05.28 10:23:10.282,1.60603,1.60642,1.80,1.43
2012.05.28 10:23:16.459,1.60603,1.60642,2.55,1.43
2012.05.28 10:23:16.768,1.60607,1.60643,1.13,1.43
2012.05.28 10:23:16.841,1.60612,1.60653,1.80,1.43
2012.05.28 10:23:16.910,1.60612,1.60653,1.80,2.18
2012.05.28 10:23:16.980,1.60612,1.60653,1.80,1.43
2012.05.28 10:23:20.470,1.60611,1.60649,1.93,1.43
2012.05.28 10:23:21.026,1.60611,1.60649,1.50,2.18
2012.05.28 10:23:21.591,1.60611,1.60649,1.93,1.43
2012.05.28 10:23:21.839,1.60614,1.60653,1.43,1.43
2012.05.28 10:23:22.621,1.60614,1.60653,1.80,1.43
2012.05.28 10:23:25.363,1.60614,1.60653,2.18,1.43
2012.05.28 10:23:25.430,1.60614,1.60653,1.43,1.43
2012.05.28 10:23:25.582,1.60614,1.60653,1.80,1.43
2012.05.28 10:23:27.677,1.60614,1.60653,1.80,1.43
2012.05.28 10:23:27.738,1.60614,1.60653,2.55,1.43
2012.05.28 10:23:27.917,1.60618,1.6066,1.43,1.80
2012.05.28 10:23:31.258,1.60618,1.6066,1.80,1.80
2012.05.28 10:23:31.749,1.60622,1.60654,1.13,1.43
2012.05.28 10:23:31.880,1.60624,1.60665,1.43,1.43
2012.05.28 10:23:32.009,1.60619,1.60657,1.50,1.43
2012.05.28 10:23:33.550,1.60619,1.60657,1.13,1.43
2012.05.28 10:23:33.877,1.60619,1.60653,1.13,1.43
2012.05.28 10:23:34.998,1.6062,1.60653,1.13,1.43
2012.05.28 10:23:35.719,1.60619,1.60653,1.13,1.43
2012.05.28 10:23:35.789,1.60619,1.60658,1.13,1.43
2012.05.28 10:23:36.367,1.60621,1.60658,1.13,1.43
2012.05.28 10:23:36.608,1.60625,1.60664,1.43,1.43
2012.05.28 10:23:36.798,1.60622,1.60657,1.13,1.43
2012.05.28 10:23:37.149,1.60625,1.60664,1.43,2.18
2012.05.28 10:23:37.221,1.60619,1.60658,1.13,1.43
2012.05.28 10:23:38.021,1.60619,1.60658,1.13,1.43
2012.05.28 10:23:44.649,1.60619,1.60658,1.13,1.43
2012.05.28 10:23:46.869,1.6062,1.60658,1.93,1.43
2012.05.28 10:23:47.279,1.60621,1.60655,1.13,1.43
2012.05.28 10:23:47.482,1.60623,1.60664,1.13,1.43
2012.05.28 10:23:49.129,1.60622,1.60664,1.80,1.43
2012.05.28 10:23:49.956,1.60622,1.60664,2.55,1.43
2012.05.28 10:23:53.091,1.60624,1.60665,2.18,1.43
2012.05.28 10:23:54.581,1.60625,1.60664,2.18,1.43
2012.05.28 10:23:55.381,1.60632,1.60668,1.43,1.13
2012.05.28 10:23:55.451,1.60632,1.60672,1.43,2.18
2012.05.28 10:23:55.522,1.60632,1.60672,1.43,1.43
2012.05.28 10:23:55.669,1.60628,1.60669,1.80,2.18
2012.05.28 10:23:55.990,1.60631,1.60667,1.13,1.43
2012.05.28 10:23:56.494,1.60631,1.60667,1.13,1.43
2012.05.28 10:23:57.870,1.60631,1.60667,1.13,1.43
2012.05.28 10:23:58.119,1.60631,1.60667,1.13,1.43
2012.05.28 10:23:58.249,1.60631,1.60662,1.13,1.43
2012.05.28 10:23:58.464,1.60629,1.60664,1.93,1.43
2012.05.28 10:23:58.708,1.60631,1.60665,1.13,1.43
2012.05.28 10:23:59.827,1.60631,1.60665,1.13,1.43
2012.05.28 10:24:00.348,1.60632,1.60665,1.13,1.43
2012.05.28 10:24:00.419,1.60632,1.60665,1.13,1.43
2012.05.28 10:24:00.668,1.6064,1.60673,1.43,1.13
2012.05.28 10:24:00.738,1.60633,1.60672,3.27,1.43
2012.05.28 10:24:00.870,1.60633,1.60664,1.84,1.43
2012.05.28 10:24:00.938,1.60631,1.60664,2.63,1.43
2012.05.28 10:24:01.670,1.6063,1.60664,1.13,1.43
2012.05.28 10:24:01.834,1.6063,1.60666,1.13,1.43
2012.05.28 10:24:09.029,1.60631,1.60666,1.50,1.43
2012.05.28 10:24:09.338,1.60634,1.60673,1.43,1.58
2012.05.28 10:24:10.482,1.60634,1.60673,1.43,2.55
2012.05.28 10:24:10.673,1.60633,1.60672,1.43,1.43
2012.05.28 10:24:10.989,1.60629,1.60666,1.88,1.43
2012.05.28 10:24:11.302,1.60639,1.60664,1.13,1.43
2012.05.28 10:24:11.429,1.60639,1.60673,1.13,1.43
2012.05.28 10:24:11.559,1.6064,1.60681,2.18,2.18
2012.05.28 10:24:11.694,1.6064,1.60681,2.18,1.43
2012.05.28 10:24:11.759,1.6064,1.60681,2.18,2.18
2012.05.28 10:24:12.072,1.6064,1.60681,2.93,2.18
2012.05.28 10:24:12.690,1.6064,1.60681,2.55,2.18
2012.05.28 10:24:13.501,1.60643,1.60682,1.80,1.43
2012.05.28 10:24:14.077,1.60643,1.60682,2.18,1.43
2012.05.28 10:24:14.818,1.60643,1.60682,2.18,1.43
2012.05.28 10:24:15.980,1.60641,1.60667,2.18,1.13
2012.05.28 10:24:16.109,1.60634,1.60658,1.65,1.43
2012.05.28 10:24:16.179,1.60621,1.60658,1.56,1.43
2012.05.28 10:24:16.443,1.60621,1.60658,1.13,1.43
2012.05.28 10:24:19.900,1.60628,1.60658,1.56,1.43
2012.05.28 10:24:20.440,1.60619,1.60658,1.13,2.18
2012.05.28 10:24:20.721,1.60613,1.60652,1.84,1.43
2012.05.28 10:24:20.791,1.60613,1.60652,2.22,1.43
2012.05.28 10:24:20.859,1.60613,1.60645,1.50,1.43
2012.05.28 10:24:20.993,1.60613,1.60644,1.13,1.43
2012.05.28 10:24:21.064,1.60613,1.60641,1.13,1.43
2012.05.28 10:24:21.190,1.60613,1.60646,1.50,1.43
2012.05.28 10:24:21.260,1.60612,1.60646,1.50,1.43
2012.05.28 10:24:21.389,1.60613,1.60646,1.50,1.43
2012.05.28 10:24:21.460,1.60611,1.60646,1.50,1.43
2012.05.28 10:24:21.601,1.60613,1.60646,1.50,1.43
2012.05.28 10:24:22.162,1.60611,1.60645,1.50,1.43
2012.05.28 10:24:22.289,1.60611,1.60645,1.50,1.43
2012.05.28 10:24:22.529,1.60611,1.60646,1.50,1.43
2012.05.28 10:24:23.226,1.60611,1.60645,1.50,1.43
2012.05.28 10:24:23.551,1.60611,1.60647,1.50,1.43
2012.05.28 10:24:23.891,1.60614,1.60655,2.18,2.18
2012.05.28 10:24:24.141,1.60611,1.60646,2.25,1.43
2012.05.28 10:24:24.459,1.60622,1.6065,1.43,1.09
2012.05.28 10:24:24.589,1.60611,1.60646,2.25,1.43
2012.05.28 10:24:24.672,1.60611,1.60646,2.25,1.43
2012.05.28 10:24:24.738,1.60611,1.60646,2.25,1.43
2012.05.28 10:24:24.842,1.60611,1.60646,2.25,1.43
2012.05.28 10:24:25.569,1.60611,1.60647,1.50,1.77
2012.05.28 10:24:26.087,1.60611,1.60647,1.50,1.77
2012.05.28 10:24:30.920,1.60614,1.60655,1.43,1.43
2012.05.28 10:24:31.849,1.60614,1.60655,2.18,1.43
2012.05.28 10:24:31.999,1.60614,1.60655,2.93,1.43
2012.05.28 10:24:32.251,1.60622,1.60661,1.43,2.37
2012.05.28 10:24:32.321,1.60622,1.60663,1.43,2.18
2012.05.28 10:24:32.508,1.6063,1.60665,1.43,1.45
2012.05.28 10:24:32.912,1.60624,1.60663,1.80,1.13
2012.05.28 10:24:32.980,1.60624,1.60663,1.43,1.50
2012.05.28 10:24:33.109,1.60616,1.60662,2.55,1.80
2012.05.28 10:24:33.241,1.60623,1.60663,1.43,1.13
2012.05.28 10:24:33.547,1.60626,1.60665,1.43,2.18
2012.05.28 10:24:34.920,1.60626,1.60662,1.43,1.13
2012.05.28 10:24:35.012,1.60626,1.60663,1.43,1.13
2012.05.28 10:24:35.078,1.60626,1.60662,1.43,1.13
2012.05.28 10:24:36.598,1.60625,1.60662,1.43,1.13
2012.05.28 10:24:36.789,1.60625,1.60664,1.43,2.55
2012.05.28 10:24:38.384,1.60625,1.60662,1.43,1.13
2012.05.28 10:24:41.069,1.60625,1.60663,1.43,1.13
2012.05.28 10:24:41.140,1.60625,1.60662,1.43,1.13
2012.05.28 10:24:42.188,1.60625,1.60666,2.18,1.80
2012.05.28 10:24:42.319,1.60634,1.60673,1.43,2.18
2012.05.28 10:24:42.739,1.60634,1.60673,1.43,1.43
2012.05.28 10:24:42.809,1.60634,1.60673,1.43,2.18
2012.05.28 10:24:42.941,1.60634,1.60673,1.43,2.18
2012.05.28 10:24:43.083,1.60632,1.60673,2.18,2.18
2012.05.28 10:24:43.958,1.60632,1.60673,1.43,2.18
2012.05.28 10:24:44.028,1.60632,1.60673,2.18,2.18
2012.05.28 10:24:44.890,1.60636,1.60675,1.43,1.13
2012.05.28 10:24:45.053,1.60632,1.60673,2.18,2.18
2012.05.28 10:24:46.153,1.60632,1.60673,2.55,1.43
2012.05.28 10:24:46.428,1.6064,1.60681,1.43,2.52
2012.05.28 10:24:49.155,1.6064,1.60681,1.43,1.43
2012.05.28 10:24:49.271,1.6064,1.60681,1.43,2.18
2012.05.28 10:24:49.392,1.6064,1.60681,1.43,1.43
2012.05.28 10:24:49.540,1.6064,1.60681,1.43,2.18
2012.05.28 10:24:50.367,1.6064,1.60681,1.43,1.43
2012.05.28 10:24:50.480,1.6064,1.60681,1.43,2.18
2012.05.28 10:24:51.250,1.6064,1.60681,1.43,1.43
2012.05.28 10:24:51.389,1.6064,1.60681,1.43,2.18
2012.05.28 10:24:51.689,1.6064,1.60681,1.43,1.43
2012.05.28 10:24:52.198,1.6064,1.60681,2.18,1.43
2012.05.28 10:24:52.328,1.60644,1.60685,1.43,2.18
2012.05.28 10:24:52.547,1.6064,1.60681,1.43,1.43
2012.05.28 10:24:56.436,1.6064,1.60681,1.43,2.18
2012.05.28 10:24:56.708,1.6064,1.60681,1.43,1.43
2012.05.28 10:25:00.100,1.6064,1.60681,1.43,2.18
2012.05.28 10:25:00.651,1.6064,1.60681,1.43,2.18
2012.05.28 10:25:00.900,1.6064,1.60676,1.43,1.13
2012.05.28 10:25:01.206,1.60633,1.60672,1.80,1.43
2012.05.28 10:25:02.711,1.60633,1.60672,1.80,1.43
2012.05.28 10:25:03.748,1.60633,1.60672,1.80,1.43
2012.05.28 10:25:03.812,1.60633,1.60672,1.43,1.43
2012.05.28 10:25:05.446,1.60633,1.60672,1.43,2.18
2012.05.28 10:25:06.711,1.60633,1.60672,1.43,1.43
2012.05.28 10:25:06.781,1.60633,1.60672,1.43,2.18
2012.05.28 10:25:07.591,1.60633,1.60672,1.43,1.43
2012.05.28 10:25:07.699,1.60633,1.60672,1.43,2.18
2012.05.28 10:25:07.809,1.60633,1.60672,1.43,1.43
2012.05.28 10:25:09.660,1.60633,1.60672,1.43,2.18
2012.05.28 10:25:09.970,1.60633,1.60667,1.43,1.13
2012.05.28 10:25:10.160,1.60625,1.60664,1.80,2.18
2012.05.28 10:25:10.439,1.60625,1.60664,1.43,2.18
2012.05.28 10:25:11.209,1.60625,1.60664,1.43,2.18
2012.05.28 10:25:11.338,1.60625,1.60664,1.43,2.18
2012.05.28 10:25:11.468,1.60625,1.60664,1.43,2.18
2012.05.28 10:25:11.592,1.60625,1.60664,1.43,2.18
2012.05.28 10:25:11.658,1.60625,1.60664,1.43,2.18
2012.05.28 10:25:11.789,1.60625,1.60664,1.43,2.18
2012.05.28 10:25:12.730,1.60625,1.60664,1.43,2.18
2012.05.28 10:25:14.400,1.60625,1.60664,1.43,2.18
2012.05.28 10:25:15.430,1.60625,1.60664,1.80,1.43
2012.05.28 10:25:15.559,1.60625,1.60664,2.55,1.43
2012.05.28 10:25:15.898,1.60629,1.60665,1.43,1.13
2012.05.28 10:25:16.057,1.60623,1.60662,1.43,1.43
2012.05.28 10:25:16.178,1.6063,1.60665,1.43,1.13
2012.05.28 10:25:16.251,1.6063,1.6067,1.43,1.80
2012.05.28 10:25:20.432,1.6063,1.60669,1.43,1.50
2012.05.28 10:25:20.560,1.6062,1.60664,1.50,1.43
2012.05.28 10:25:20.689,1.6062,1.60664,1.50,1.43
2012.05.28 10:25:20.833,1.6062,1.60664,1.50,1.43
2012.05.28 10:25:21.080,1.60622,1.60661,2.18,1.43
2012.05.28 10:25:21.390,1.60632,1.60658,1.50,1.43
2012.05.28 10:25:21.578,1.6064,1.6068,1.43,1.09
2012.05.28 10:25:25.621,1.6064,1.60678,1.43,1.50
2012.05.28 10:25:25.869,1.60626,1.60665,1.73,2.18
2012.05.28 10:25:25.940,1.60632,1.60665,1.13,1.43
2012.05.28 10:25:26.069,1.6064,1.60678,1.43,1.45
2012.05.28 10:25:26.138,1.6064,1.60681,1.43,2.18
2012.05.28 10:25:26.209,1.6064,1.60677,1.43,1.13
2012.05.28 10:25:26.400,1.6063,1.60671,1.43,2.18
2012.05.28 10:25:26.470,1.6063,1.60671,1.43,1.43
2012.05.28 10:25:26.600,1.60632,1.60674,1.43,1.13
2012.05.28 10:25:27.399,1.60632,1.60673,1.43,1.13
2012.05.28 10:25:27.590,1.60625,1.60666,1.80,2.18
2012.05.28 10:25:27.658,1.60625,1.60666,2.18,1.43
2012.05.28 10:25:27.839,1.6063,1.60671,1.43,3.63
2012.05.28 10:25:29.327,1.6063,1.60671,1.43,1.43
2012.05.28 10:25:30.188,1.6063,1.60671,2.18,1.43
2012.05.28 10:25:30.490,1.60635,1.60673,1.43,1.13
2012.05.28 10:25:30.559,1.6063,1.60671,1.43,1.43
2012.05.28 10:25:31.000,1.6063,1.60671,1.43,2.18
2012.05.28 10:25:34.359,1.6063,1.60671,1.43,1.43
2012.05.28 10:25:34.481,1.6063,1.60671,1.43,2.18
2012.05.28 10:25:37.887,1.6063,1.60671,1.43,1.43
2012.05.28 10:25:37.948,1.6063,1.60671,1.43,2.18
2012.05.28 10:25:38.571,1.60632,1.60671,1.43,2.18
2012.05.28 10:25:40.478,1.60632,1.60671,2.18,1.43
2012.05.28 10:25:40.551,1.60635,1.60676,1.43,1.80
2012.05.28 10:25:41.986,1.60635,1.60673,1.43,1.13
2012.05.28 10:25:42.077,1.60635,1.60673,1.43,1.13
2012.05.28 10:25:42.201,1.60635,1.60673,1.43,1.50
2012.05.28 10:25:42.509,1.60628,1.60669,1.43,2.18
2012.05.28 10:25:42.580,1.60633,1.60672,1.43,2.18
2012.05.28 10:25:42.708,1.60633,1.60672,1.43,1.43
2012.05.28 10:25:42.898,1.60627,1.60665,1.13,1.43
2012.05.28 10:25:43.152,1.60624,1.60665,1.80,1.43
2012.05.28 10:25:43.962,1.60624,1.60665,1.80,1.43
2012.05.28 10:25:44.565,1.60624,1.60665,1.80,1.43
2012.05.28 10:25:50.639,1.60624,1.60665,1.80,1.43
2012.05.28 10:25:51.144,1.60624,1.60665,1.80,1.43
2012.05.28 10:25:52.251,1.60624,1.60665,1.80,2.18
2012.05.28 10:25:52.777,1.60624,1.60665,1.80,2.18
2012.05.28 10:25:54.600,1.60624,1.60665,1.80,2.18
2012.05.28 10:25:55.202,1.60624,1.60665,1.80,1.43
2012.05.28 10:25:58.252,1.60624,1.60665,1.80,1.43
2012.05.28 10:26:02.900,1.60624,1.60665,1.80,1.43
2012.05.28 10:26:07.862,1.60624,1.60665,1.80,1.43
2012.05.28 10:26:08.281,1.60625,1.60665,1.13,1.43
2012.05.28 10:26:08.420,1.60624,1.60665,1.80,1.43
2012.05.28 10:26:09.041,1.60625,1.60665,1.13,1.43
2012.05.28 10:26:09.164,1.60624,1.60665,1.80,1.43
2012.05.28 10:26:10.817,1.60624,1.60665,1.80,1.80
2012.05.28 10:26:18.539,1.60624,1.60665,2.18,1.43
2012.05.28 10:26:18.910,1.60627,1.60665,1.13,1.43
2012.05.28 10:26:19.039,1.60632,1.60673,2.18,2.18
2012.05.28 10:26:19.708,1.60632,1.60669,1.43,1.13
2012.05.28 10:26:19.839,1.60625,1.60664,2.18,1.43
2012.05.28 10:26:19.909,1.60626,1.60664,1.13,1.43
2012.05.28 10:26:20.040,1.6064,1.60678,1.43,1.50
2012.05.28 10:26:20.239,1.6064,1.60674,1.43,1.13
2012.05.28 10:26:20.370,1.60633,1.60672,1.43,1.43
2012.05.28 10:26:23.718,1.60633,1.60672,1.43,1.80
2012.05.28 10:26:23.790,1.60627,1.60664,1.50,1.43
2012.05.28 10:26:24.453,1.60625,1.60664,2.18,1.43
2012.05.28 10:26:24.699,1.60625,1.60664,1.80,1.43
2012.05.28 10:26:25.411,1.60625,1.60664,2.55,1.43
2012.05.28 10:26:25.601,1.60625,1.60666,1.80,1.80
2012.05.28 10:26:25.670,1.60625,1.60666,1.80,2.55
2012.05.28 10:26:25.823,1.60625,1.60666,1.80,1.80
2012.05.28 10:26:25.889,1.60627,1.60668,1.43,2.18
2012.05.28 10:26:26.407,1.60626,1.60665,1.43,1.43
2012.05.28 10:26:26.723,1.60625,1.60664,1.43,2.18
2012.05.28 10:26:27.301,1.60625,1.60664,1.43,1.43
2012.05.28 10:26:31.591,1.60624,1.60665,1.80,1.43
2012.05.28 10:26:32.531,1.60624,1.60665,1.80,2.18
2012.05.28 10:26:33.057,1.60624,1.60665,1.80,2.18
2012.05.28 10:26:33.393,1.60631,1.60669,1.43,1.50
2012.05.28 10:26:33.459,1.60629,1.60669,1.43,1.50
2012.05.28 10:26:33.602,1.60624,1.60665,1.80,1.43
2012.05.28 10:26:34.109,1.60623,1.60664,1.80,2.18
2012.05.28 10:26:41.267,1.60622,1.60665,1.80,2.18
2012.05.28 10:26:41.772,1.60622,1.60665,1.80,2.18
2012.05.28 10:26:44.818,1.60622,1.60665,1.80,2.18
2012.05.28 10:26:45.495,1.60622,1.60665,1.43,2.18
2012.05.28 10:26:45.561,1.60622,1.60665,1.43,2.18
2012.05.28 10:26:46.329,1.60622,1.60665,1.43,2.18
2012.05.28 10:26:46.577,1.60617,1.6066,3.30,2.18
2012.05.28 10:26:46.960,1.60617,1.6066,2.18,2.18
2012.05.28 10:26:47.149,1.60622,1.60665,1.43,2.18
2012.05.28 10:26:48.362,1.60622,1.60665,1.43,2.18
2012.05.28 10:26:48.488,1.60622,1.60665,1.43,1.43
2012.05.28 10:26:49.016,1.60622,1.60665,1.43,2.18
2012.05.28 10:26:54.184,1.60625,1.60664,1.43,2.18
2012.05.28 10:26:59.664,1.60623,1.60664,1.43,2.18
2012.05.28 10:27:00.306,1.60624,1.60665,1.43,2.18
2012.05.28 10:27:02.279,1.60624,1.60665,2.18,1.43
2012.05.28 10:27:02.660,1.60627,1.60665,1.50,1.43
2012.05.28 10:27:02.968,1.60631,1.60673,1.43,2.55
2012.05.28 10:27:03.029,1.60631,1.60673,1.43,2.55
2012.05.28 10:27:03.220,1.60633,1.60673,1.43,1.13
2012.05.28 10:27:03.288,1.6063,1.6067,1.43,1.43
2012.05.28 10:27:03.600,1.60634,1.60673,1.43,1.13
2012.05.28 10:27:05.795,1.60634,1.60673,1.43,1.13
2012.05.28 10:27:06.139,1.60634,1.60676,2.18,2.18
2012.05.28 10:27:06.209,1.60636,1.60676,1.50,1.43
2012.05.28 10:27:06.279,1.60642,1.60681,1.43,2.20
2012.05.28 10:27:06.589,1.60635,1.60675,1.43,2.18
2012.05.28 10:27:07.952,1.60635,1.60675,1.43,1.43
2012.05.28 10:27:08.080,1.60635,1.60675,1.43,2.18
2012.05.28 10:27:08.269,1.60635,1.60675,1.43,2.18
2012.05.28 10:27:09.330,1.60635,1.60675,1.43,2.18
2012.05.28 10:27:09.578,1.6063,1.6067,1.80,2.18
2012.05.28 10:27:16.309,1.6063,1.6067,1.80,1.43
2012.05.28 10:27:16.439,1.6063,1.6067,2.18,1.43
2012.05.28 10:27:17.563,1.6063,1.6067,2.18,1.43
2012.05.28 10:27:22.639,1.6063,1.6067,2.18,2.18
2012.05.28 10:27:23.178,1.6063,1.6067,2.18,1.43
2012.05.28 10:27:24.139,1.6063,1.6067,2.18,2.18
2012.05.28 10:27:24.835,1.6063,1.6067,2.18,1.43
2012.05.28 10:27:25.142,1.6063,1.60668,1.80,1.13
2012.05.28 10:27:25.329,1.60624,1.60663,1.43,1.13
2012.05.28 10:27:25.400,1.6062,1.6066,3.13,1.43
2012.05.28 10:27:25.591,1.60627,1.60668,1.43,2.18
2012.05.28 10:27:25.662,1.60627,1.60663,1.43,1.13
2012.05.28 10:27:25.848,1.60619,1.60661,1.80,1.43
2012.05.28 10:27:26.111,1.60619,1.60661,1.80,2.18
2012.05.28 10:27:26.310,1.60619,1.60661,1.80,1.43
2012.05.28 10:27:26.633,1.60612,1.60659,2.93,2.55
2012.05.28 10:27:27.581,1.60612,1.60659,2.93,2.55
2012.05.28 10:27:28.395,1.60612,1.60659,2.93,2.55
2012.05.28 10:27:29.289,1.60612,1.60659,2.93,2.55
2012.05.28 10:27:29.598,1.60612,1.60651,1.13,1.80
2012.05.28 10:27:30.093,1.60612,1.60651,1.13,2.18
2012.05.28 10:27:30.820,1.60608,1.60649,1.18,1.13
2012.05.28 10:27:31.543,1.60607,1.6065,2.68,1.13
2012.05.28 10:27:37.247,1.60607,1.6065,2.68,1.13
2012.05.28 10:27:37.823,1.60612,1.60651,1.13,2.18
2012.05.28 10:27:38.061,1.60607,1.6065,2.68,1.13
2012.05.28 10:27:38.212,1.60612,1.60651,1.13,2.18
2012.05.28 10:27:39.029,1.60612,1.60651,1.13,2.18
2012.05.28 10:27:39.189,1.60611,1.6065,1.56,1.13
2012.05.28 10:27:39.441,1.60611,1.60651,1.56,1.80
2012.05.28 10:27:39.630,1.60616,1.60652,1.56,1.80
2012.05.28 10:27:40.564,1.60617,1.60652,1.56,1.80
2012.05.28 10:27:40.689,1.60612,1.60652,1.80,1.80
2012.05.28 10:27:41.848,1.60612,1.60652,1.80,1.80
2012.05.28 10:27:42.989,1.60614,1.60654,1.80,2.93
2012.05.28 10:27:43.120,1.6062,1.60654,1.43,1.13
2012.05.28 10:27:43.310,1.6062,1.60657,1.43,1.13
2012.05.28 10:27:43.442,1.60617,1.60656,1.43,1.80
2012.05.28 10:27:45.586,1.60621,1.60658,1.43,1.13
2012.05.28 10:27:45.657,1.60621,1.60663,1.43,1.84
2012.05.28 10:27:46.064,1.60621,1.60663,1.43,1.50
2012.05.28 10:27:46.349,1.60621,1.60655,1.43,1.13
2012.05.28 10:27:46.581,1.60613,1.60655,1.80,1.13
2012.05.28 10:27:47.040,1.60613,1.60655,1.43,1.50
2012.05.28 10:27:50.552,1.6061,1.60655,2.18,2.93
2012.05.28 10:27:50.742,1.6061,1.60653,2.18,1.13
2012.05.28 10:27:50.810,1.60607,1.60648,1.80,1.43
2012.05.28 10:27:50.885,1.60607,1.60646,1.80,1.43
2012.05.28 10:27:51.201,1.60611,1.60646,1.13,1.43
2012.05.28 10:27:51.329,1.60607,1.60646,1.13,1.43
2012.05.28 10:27:51.399,1.60606,1.60646,1.13,1.43
2012.05.28 10:27:51.928,1.60606,1.60647,2.55,1.43
2012.05.28 10:27:53.874,1.60607,1.60647,1.13,1.43
2012.05.28 10:27:53.939,1.60606,1.60647,2.55,1.43
2012.05.28 10:27:54.349,1.60606,1.60647,2.93,1.43
2012.05.28 10:27:54.869,1.60606,1.60647,2.93,1.43
2012.05.28 10:27:56.477,1.60606,1.60647,2.55,1.43
2012.05.28 10:28:00.439,1.60607,1.60647,1.13,1.43
2012.05.28 10:28:01.152,1.60612,1.60647,1.13,1.43
2012.05.28 10:28:02.344,1.60612,1.60647,1.13,1.43
2012.05.28 10:28:03.108,1.60615,1.60653,1.43,1.13
2012.05.28 10:28:03.347,1.60614,1.60646,1.13,1.43
2012.05.28 10:28:03.467,1.60611,1.60646,1.13,1.43
2012.05.28 10:28:04.030,1.60611,1.60646,1.13,1.43
2012.05.28 10:28:10.349,1.60611,1.60646,1.13,1.43
2012.05.28 10:28:11.098,1.60607,1.60646,2.70,1.43
2012.05.28 10:28:14.239,1.60607,1.60646,2.18,1.43
2012.05.28 10:28:14.551,1.60607,1.60646,2.18,1.43
2012.05.28 10:28:14.678,1.60607,1.60646,2.70,1.43
2012.05.28 10:28:14.797,1.60607,1.60646,2.18,1.43
2012.05.28 10:28:15.439,1.60607,1.60646,2.18,1.43
2012.05.28 10:28:15.569,1.60607,1.60646,2.18,1.43
2012.05.28 10:28:15.758,1.60615,1.6065,1.43,1.13
2012.05.28 10:28:15.819,1.60615,1.60654,1.43,2.89
2012.05.28 10:28:16.027,1.60615,1.60653,1.43,1.13
2012.05.28 10:28:16.087,1.60606,1.60647,2.33,1.43
2012.05.28 10:28:16.328,1.60606,1.60647,2.33,1.43
2012.05.28 10:28:16.831,1.60606,1.60647,2.33,1.43
2012.05.28 10:28:17.681,1.60606,1.60647,2.33,1.43
2012.05.28 10:28:18.158,1.60606,1.60647,2.33,1.43
2012.05.28 10:28:18.503,1.60606,1.60647,2.33,1.43
2012.05.28 10:28:18.688,1.60606,1.60647,2.33,1.43
2012.05.28 10:28:18.960,1.60606,1.60647,2.33,1.43
2012.05.28 10:28:19.318,1.60606,1.60647,2.33,1.43
2012.05.28 10:28:19.502,1.60606,1.60647,2.33,1.43
2012.05.28 10:28:22.139,1.60606,1.60647,2.33,1.43
2012.05.28 10:28:22.500,1.60606,1.60647,2.33,1.43
2012.05.28 10:28:23.021,1.60606,1.60647,2.33,1.43
2012.05.28 10:28:23.120,1.60606,1.60647,2.33,1.43
2012.05.28 10:28:25.088,1.60606,1.60647,2.33,1.43
2012.05.28 10:28:30.609,1.60606,1.60647,2.33,1.43
2012.05.28 10:28:30.680,1.60606,1.60647,2.33,1.43
2012.05.28 10:28:31.159,1.60606,1.60647,2.33,1.77
2012.05.28 10:28:32.338,1.60606,1.60647,2.33,1.77
2012.05.28 10:28:32.479,1.60606,1.60647,2.33,1.43
2012.05.28 10:28:33.010,1.60606,1.60647,2.33,1.43
2012.05.28 10:28:33.568,1.60606,1.60647,2.33,1.43
2012.05.28 10:28:34.187,1.60606,1.60647,2.33,1.43
2012.05.28 10:28:34.724,1.60606,1.60647,2.33,1.43
2012.05.28 10:28:35.228,1.60606,1.60647,2.33,1.43
2012.05.28 10:28:35.881,1.60606,1.60647,2.33,1.80
2012.05.28 10:28:36.201,1.60607,1.60639,1.28,1.43
2012.05.28 10:28:36.273,1.60604,1.60639,1.50,1.43
2012.05.28 10:28:36.522,1.60602,1.60638,2.25,1.43
2012.05.28 10:28:36.652,1.60604,1.60638,1.50,1.43
2012.05.28 10:28:36.723,1.60606,1.60646,2.18,1.50
2012.05.28 10:28:36.792,1.60606,1.60647,2.18,2.55
2012.05.28 10:28:39.901,1.60606,1.60647,2.18,2.18
2012.05.28 10:28:40.151,1.60601,1.60642,2.18,1.80
2012.05.28 10:28:41.319,1.606,1.60639,1.77,1.80
2012.05.28 10:28:42.860,1.60599,1.60638,3.69,1.43
2012.05.28 10:28:43.480,1.60599,1.60638,1.80,2.18
2012.05.28 10:28:48.390,1.60601,1.60638,1.13,1.43
2012.05.28 10:28:48.713,1.60607,1.60643,1.80,1.50
2012.05.28 10:28:48.787,1.60607,1.60643,1.80,1.13
2012.05.28 10:28:48.912,1.60607,1.60646,1.80,1.43
2012.05.28 10:28:48.978,1.60607,1.60646,1.80,1.80
2012.05.28 10:28:49.561,1.60607,1.60646,1.80,2.18
2012.05.28 10:28:50.258,1.60606,1.60645,1.80,2.18
2012.05.28 10:28:52.529,1.60606,1.60645,2.55,1.43
2012.05.28 10:28:53.874,1.60606,1.60645,2.55,1.43
2012.05.28 10:28:55.161,1.60606,1.60645,1.80,1.80
2012.05.28 10:28:55.289,1.60606,1.60638,1.13,1.43
2012.05.28 10:28:55.360,1.60606,1.60644,1.13,1.43
2012.05.28 10:28:55.619,1.60605,1.60644,2.23,2.18
2012.05.28 10:28:55.749,1.60605,1.60644,2.55,2.18
2012.05.28 10:28:55.820,1.60605,1.60644,2.18,2.52
2012.05.28 10:28:55.891,1.60605,1.60644,2.18,2.52
2012.05.28 10:28:56.444,1.606,1.60638,1.18,1.13
2012.05.28 10:28:56.570,1.60599,1.60633,1.43,1.13
2012.05.28 10:28:56.643,1.60592,1.60632,1.56,1.80
2012.05.28 10:28:56.771,1.60594,1.60627,1.13,1.43
2012.05.28 10:28:56.842,1.60592,1.60627,1.13,1.43
2012.05.28 10:28:57.341,1.60592,1.60626,1.13,1.80
2012.05.28 10:28:57.791,1.60592,1.60626,1.13,1.43
2012.05.28 10:28:58.592,1.60592,1.60626,1.13,1.43
2012.05.28 10:28:59.492,1.60592,1.60626,1.13,1.43
2012.05.28 10:29:00.479,1.6059,1.60626,1.13,1.43
2012.05.28 10:29:00.551,1.60594,1.60633,1.80,1.47
2012.05.28 10:29:00.742,1.60592,1.60627,1.13,1.43
2012.05.28 10:29:01.789,1.60589,1.60627,1.93,1.43
2012.05.28 10:29:01.980,1.60586,1.60627,1.13,1.43
2012.05.28 10:29:02.143,1.60586,1.60627,1.13,2.18
2012.05.28 10:29:02.271,1.60585,1.60624,1.80,1.47
2012.05.28 10:29:02.339,1.6058,1.60618,2.25,1.43
2012.05.28 10:29:02.409,1.6058,1.60618,1.88,1.43
2012.05.28 10:29:02.479,1.60587,1.60618,1.13,1.43
2012.05.28 10:29:02.548,1.60587,1.60626,1.13,2.93
2012.05.28 10:29:02.609,1.6059,1.60626,1.18,2.93
2012.05.28 10:29:02.681,1.60594,1.60627,1.80,1.28
2012.05.28 10:29:02.811,1.60594,1.60633,1.80,1.39
2012.05.28 10:29:03.119,1.60594,1.60634,1.80,1.43
2012.05.28 10:29:05.159,1.60594,1.60634,2.55,1.43
2012.05.28 10:29:05.469,1.60602,1.60642,1.43,2.18
2012.05.28 10:29:07.199,1.60602,1.60642,1.43,1.43
2012.05.28 10:29:07.270,1.60602,1.60642,1.43,2.18
2012.05.28 10:29:07.342,1.60599,1.60638,1.43,2.18
2012.05.28 10:29:07.410,1.60601,1.60641,3.73,1.43
2012.05.28 10:29:08.063,1.60602,1.60642,1.43,1.80
2012.05.28 10:29:09.155,1.60602,1.60642,2.93,1.80
2012.05.28 10:29:10.354,1.60601,1.60641,3.68,1.43
2012.05.28 10:29:10.760,1.60601,1.60643,2.18,1.80
2012.05.28 10:29:13.061,1.60601,1.60643,2.18,2.55
2012.05.28 10:29:16.681,1.60601,1.60643,2.18,1.80
2012.05.28 10:29:19.288,1.60607,1.60643,1.13,1.80
2012.05.28 10:29:19.830,1.60601,1.60643,2.93,1.80
2012.05.28 10:29:20.271,1.60607,1.60643,1.13,1.80
2012.05.28 10:29:20.829,1.60606,1.60643,1.13,1.80
2012.05.28 10:29:20.967,1.60601,1.60643,2.93,1.80
2012.05.28 10:29:21.701,1.60601,1.60643,2.18,1.80
2012.05.28 10:29:21.949,1.60607,1.60647,1.43,2.18
2012.05.28 10:29:22.809,1.60602,1.60642,2.18,1.80
2012.05.28 10:29:24.078,1.60606,1.60642,1.13,1.80
2012.05.28 10:29:24.700,1.60606,1.60642,1.13,1.43
2012.05.28 10:29:26.820,1.60606,1.60642,1.13,1.80
2012.05.28 10:29:28.361,1.60602,1.60642,2.93,1.80
2012.05.28 10:29:28.547,1.60602,1.60642,2.93,1.80
2012.05.28 10:29:28.849,1.60611,1.6065,1.50,2.18
2012.05.28 10:29:29.404,1.60616,1.60649,1.13,1.09
2012.05.28 10:29:29.713,1.60614,1.60648,1.13,1.43
2012.05.28 10:29:29.782,1.60615,1.60653,2.18,1.13
2012.05.28 10:29:29.911,1.6061,1.60648,1.18,1.43
2012.05.28 10:29:30.102,1.60615,1.60655,1.43,2.18
2012.05.28 10:29:30.173,1.60609,1.60651,1.80,1.43
2012.05.28 10:29:30.242,1.60609,1.60649,1.43,1.13
2012.05.28 10:29:30.491,1.60615,1.60655,1.43,2.18
2012.05.28 10:29:30.620,1.60615,1.60654,1.43,1.50
2012.05.28 10:29:30.871,1.60596,1.60631,1.13,1.80
2012.05.28 10:29:31.061,1.606,1.60639,1.80,1.80
2012.05.28 10:29:31.189,1.606,1.60639,1.80,2.18
2012.05.28 10:29:31.499,1.60597,1.60632,1.13,1.43
2012.05.28 10:29:32.029,1.60597,1.60632,1.13,1.80
2012.05.28 10:29:32.615,1.60597,1.60632,1.13,1.80
2012.05.28 10:29:33.529,1.60601,1.60636,1.13,1.80
2012.05.28 10:29:33.849,1.60596,1.60632,1.56,1.80
2012.05.28 10:29:35.009,1.60596,1.60632,1.56,1.80
2012.05.28 10:29:35.077,1.60596,1.60632,1.50,1.80
2012.05.28 10:29:35.618,1.60596,1.60632,1.56,1.80
2012.05.28 10:29:36.489,1.60596,1.60632,1.93,1.80
2012.05.28 10:29:37.358,1.60592,1.60632,1.93,1.80
2012.05.28 10:29:37.614,1.60592,1.60632,1.93,1.80
2012.05.28 10:29:38.710,1.60592,1.60632,1.93,1.80
2012.05.28 10:29:40.356,1.60592,1.60632,1.93,1.80
2012.05.28 10:29:41.870,1.60592,1.60632,1.56,1.80
2012.05.28 10:29:42.562,1.60593,1.60632,1.13,1.80
2012.05.28 10:29:46.126,1.60596,1.60632,1.13,1.80
2012.05.28 10:29:47.140,1.60596,1.60632,1.13,1.80
2012.05.28 10:29:48.357,1.60591,1.60632,2.18,1.80
2012.05.28 10:29:48.418,1.60591,1.60632,1.43,2.55
2012.05.28 10:29:48.779,1.60587,1.60623,1.13,1.43
2012.05.28 10:29:48.908,1.60592,1.60631,1.43,1.80
2012.05.28 10:29:48.980,1.60592,1.60629,1.43,1.13
2012.05.28 10:29:49.048,1.60584,1.60623,2.52,1.43
2012.05.28 10:29:49.240,1.60584,1.60623,2.55,1.80
2012.05.28 10:29:49.684,1.60584,1.60623,3.30,1.80
2012.05.28 10:29:50.419,1.60586,1.60623,2.63,1.43
2012.05.28 10:29:51.420,1.60584,1.60623,2.18,1.43
2012.05.28 10:29:51.489,1.60584,1.60623,1.43,1.43
2012.05.28 10:29:51.559,1.60584,1.60623,1.80,1.43
2012.05.28 10:29:51.959,1.60584,1.60623,2.18,1.80
2012.05.28 10:29:52.948,1.60584,1.60623,2.55,1.80
2012.05.28 10:29:53.139,1.60584,1.60623,2.93,1.80
2012.05.28 10:29:53.469,1.60584,1.60623,3.68,1.80
2012.05.28 10:29:53.760,1.60591,1.60632,2.18,1.80
2012.05.28 10:29:54.008,1.60584,1.60624,2.68,1.43
2012.05.28 10:29:54.309,1.60592,1.60631,1.43,1.43
2012.05.28 10:29:54.438,1.60592,1.60631,1.43,1.80
2012.05.28 10:29:54.508,1.60585,1.60624,1.13,1.43
2012.05.28 10:29:54.568,1.60587,1.60624,1.13,1.80
2012.05.28 10:29:54.809,1.60587,1.60624,1.50,1.80
2012.05.28 10:29:54.937,1.60583,1.60624,3.36,1.80
2012.05.28 10:29:55.500,1.60585,1.60624,1.13,1.80
2012.05.28 10:29:56.880,1.60586,1.60624,2.25,1.80
2012.05.28 10:29:57.268,1.60587,1.60624,1.13,1.80
2012.05.28 10:29:57.511,1.60581,1.60621,2.18,1.43
2012.05.28 10:29:57.581,1.60581,1.60621,2.18,1.43
2012.05.28 10:29:57.910,1.60598,1.60636,1.80,2.20
2012.05.28 10:29:58.524,1.60596,1.60634,1.18,2.18
2012.05.28 10:29:58.649,1.60592,1.60634,2.55,2.18
2012.05.28 10:29:59.184,1.60593,1.60634,1.13,2.18
2012.05.28 10:29:59.913,1.60592,1.60634,2.55,2.18
2012.05.28 10:30:00.684,1.60592,1.60634,2.55,2.18
2012.05.28 10:30:01.029,1.60593,1.60626,1.13,1.43
2012.05.28 10:30:01.543,1.60586,1.60627,1.13,1.43
2012.05.28 10:30:03.291,1.60591,1.60627,1.13,1.43
2012.05.28 10:30:03.880,1.60591,1.60627,1.13,1.43
2012.05.28 10:30:04.191,1.60594,1.60634,1.80,2.18
2012.05.28 10:30:04.319,1.60586,1.60626,2.89,1.43
2012.05.28 10:30:05.110,1.60586,1.60626,2.89,1.43
2012.05.28 10:30:05.659,1.60586,1.60626,2.89,1.43
2012.05.28 10:30:06.470,1.60586,1.60626,2.52,1.80
2012.05.28 10:30:06.542,1.60584,1.60619,1.88,1.43
2012.05.28 10:30:06.850,1.60586,1.60626,1.13,1.05
2012.05.28 10:30:07.475,1.60586,1.60627,1.13,1.43
2012.05.28 10:30:07.802,1.60584,1.60619,1.93,1.43
2012.05.28 10:30:08.049,1.60587,1.60626,1.56,1.43
2012.05.28 10:30:08.282,1.60586,1.60626,1.80,2.18
2012.05.28 10:30:08.349,1.60586,1.60626,2.55,1.58
2012.05.28 10:30:10.415,1.60586,1.60626,2.55,1.43
2012.05.28 10:30:13.391,1.60589,1.60626,1.18,1.43
2012.05.28 10:30:13.581,1.6059,1.60626,1.13,1.43
2012.05.28 10:30:14.672,1.6059,1.60626,1.93,1.73
2012.05.28 10:30:15.732,1.6059,1.60626,1.50,1.43
2012.05.28 10:30:16.240,1.60592,1.60626,1.13,1.58
2012.05.28 10:30:16.380,1.60592,1.60633,1.13,1.50
2012.05.28 10:30:16.840,1.60594,1.60634,1.80,2.52
2012.05.28 10:30:17.149,1.60583,1.60625,1.50,2.18
2012.05.28 10:30:20.259,1.60581,1.60625,1.88,2.18
2012.05.28 10:30:21.577,1.60581,1.60625,1.88,2.18
2012.05.28 10:30:22.111,1.60581,1.60625,1.88,2.18
2012.05.28 10:30:22.179,1.60581,1.60625,1.88,2.18
2012.05.28 10:30:22.778,1.60587,1.60626,1.43,1.13
2012.05.28 10:30:23.290,1.60581,1.60623,1.88,1.43
2012.05.28 10:30:27.011,1.60581,1.60624,1.88,2.55
2012.05.28 10:30:27.680,1.60581,1.60623,1.88,1.43
2012.05.28 10:30:39.620,1.60586,1.60623,1.13,1.43
2012.05.28 10:30:41.479,1.60586,1.60625,1.13,1.80
2012.05.28 10:30:42.072,1.60578,1.60625,2.93,2.55
2012.05.28 10:30:42.128,1.60586,1.60625,1.13,1.80
2012.05.28 10:30:42.250,1.60582,1.60625,1.13,2.55
2012.05.28 10:30:42.603,1.60582,1.60625,1.50,2.55
2012.05.28 10:30:45.063,1.60582,1.60625,1.50,2.55
2012.05.28 10:30:49.018,1.60587,1.60626,1.13,1.43
2012.05.28 10:30:49.409,1.60594,1.60626,1.13,1.43
2012.05.28 10:30:49.600,1.60602,1.60642,2.18,2.18
2012.05.28 10:30:49.668,1.60602,1.60642,2.18,1.43
2012.05.28 10:30:49.909,1.60603,1.60642,1.13,1.43
2012.05.28 10:30:50.039,1.60609,1.6065,1.43,2.18
2012.05.28 10:30:50.230,1.60601,1.60643,2.52,1.43
2012.05.28 10:30:50.441,1.60602,1.60643,1.13,1.43
2012.05.28 10:30:50.760,1.6061,1.60649,1.43,2.55
2012.05.28 10:30:51.170,1.60606,1.60649,1.13,1.13
2012.05.28 10:30:52.160,1.60605,1.60649,1.80,1.13
2012.05.28 10:30:53.890,1.60605,1.60644,1.80,1.13
2012.05.28 10:30:53.959,1.60605,1.60641,1.43,1.13
2012.05.28 10:30:54.031,1.60596,1.60641,1.56,2.55
2012.05.28 10:30:54.273,1.60595,1.60641,1.50,2.55
2012.05.28 10:30:54.862,1.60594,1.60641,2.18,2.55
2012.05.28 10:30:55.169,1.60586,1.60633,2.18,2.18
2012.05.28 10:30:55.829,1.60586,1.60633,2.18,2.18
2012.05.28 10:30:56.251,1.60586,1.60633,2.18,2.18
2012.05.28 10:30:56.638,1.60586,1.60633,2.18,2.18
2012.05.28 10:30:56.892,1.60586,1.60633,2.18,2.18
2012.05.28 10:30:57.221,1.60586,1.60633,2.18,2.18
2012.05.28 10:30:58.210,1.60587,1.60633,1.50,2.18
2012.05.28 10:30:58.468,1.60586,1.60633,2.18,2.18
2012.05.28 10:30:58.707,1.60587,1.60633,1.50,2.18
2012.05.28 10:30:58.887,1.60586,1.60633,2.18,2.18
2012.05.28 10:30:59.227,1.60587,1.60633,1.50,2.18
2012.05.28 10:30:59.460,1.60586,1.60633,2.18,2.18
2012.05.28 10:30:59.689,1.60587,1.60633,1.50,2.18
2012.05.28 10:31:00.220,1.60587,1.60633,1.50,2.18
2012.05.28 10:31:01.731,1.60587,1.60633,1.50,2.18
2012.05.28 10:31:02.288,1.60592,1.60633,1.13,1.43
2012.05.28 10:31:02.798,1.60587,1.60632,2.93,1.43
2012.05.28 10:31:03.573,1.60587,1.60632,2.93,1.43
2012.05.28 10:31:06.069,1.60587,1.60632,2.93,1.43
2012.05.28 10:31:08.221,1.60587,1.60632,2.18,1.43
2012.05.28 10:31:11.449,1.60595,1.60632,1.13,1.43
2012.05.28 10:31:11.637,1.60595,1.60639,2.18,1.50
2012.05.28 10:31:11.909,1.60596,1.6064,1.13,2.55
2012.05.28 10:31:28.569,1.60596,1.60638,1.13,1.43
2012.05.28 10:31:29.122,1.60594,1.60638,1.80,2.18
2012.05.28 10:31:29.448,1.60591,1.6063,2.93,1.43
2012.05.28 10:31:30.271,1.60591,1.6063,3.30,1.43
2012.05.28 10:31:30.798,1.60591,1.6063,2.93,1.43
2012.05.28 10:31:39.689,1.60595,1.6063,1.13,1.43
2012.05.28 10:31:44.373,1.60595,1.6063,1.13,1.43
2012.05.28 10:31:45.959,1.60595,1.6063,1.13,1.43
2012.05.28 10:31:46.209,1.60595,1.6063,1.13,1.43
2012.05.28 10:31:47.942,1.60595,1.6063,1.13,1.43
2012.05.28 10:31:48.070,1.60595,1.60638,1.13,1.80
2012.05.28 10:32:07.130,1.60601,1.60638,1.13,1.80
2012.05.28 10:32:07.378,1.60603,1.60646,1.13,2.52
2012.05.28 10:32:07.461,1.60602,1.60646,1.80,2.52
2012.05.28 10:32:18.263,1.60605,1.60646,1.13,2.18
2012.05.28 10:32:18.333,1.60605,1.60646,1.13,1.80
2012.05.28 10:32:18.403,1.60609,1.60649,1.80,1.50
2012.05.28 10:32:18.651,1.60614,1.60655,1.13,2.18
2012.05.28 10:32:18.722,1.60613,1.60655,1.80,2.55
2012.05.28 10:32:18.794,1.60613,1.60655,1.43,2.55
2012.05.28 10:32:18.922,1.60606,1.60646,2.18,1.43
2012.05.28 10:32:19.144,1.60607,1.60646,1.13,1.43
2012.05.28 10:32:19.211,1.60609,1.60655,1.80,2.55
2012.05.28 10:32:19.344,1.60617,1.60655,1.43,1.13
2012.05.28 10:32:19.469,1.60609,1.60648,1.43,1.43
2012.05.28 10:32:19.660,1.60609,1.60648,1.80,1.43
2012.05.28 10:32:19.972,1.60609,1.60651,1.43,1.43
2012.05.28 10:32:20.041,1.6061,1.60649,1.43,1.43
2012.05.28 10:32:20.351,1.60616,1.60654,2.18,1.13
2012.05.28 10:32:20.890,1.60615,1.60655,1.13,2.55
2012.05.28 10:32:21.220,1.60614,1.60655,1.13,1.80
2012.05.28 10:32:21.738,1.60615,1.60654,1.13,1.13
2012.05.28 10:32:22.370,1.60614,1.60653,1.13,2.18
2012.05.28 10:32:22.680,1.60608,1.60645,1.93,1.43
2012.05.28 10:32:23.230,1.60608,1.60643,1.93,1.43
2012.05.28 10:32:23.760,1.60612,1.6065,1.13,1.43
2012.05.28 10:32:23.830,1.60614,1.6065,1.13,1.43
2012.05.28 10:32:24.154,1.60611,1.60651,2.18,2.18
2012.05.28 10:32:24.221,1.60608,1.60644,1.50,1.43
2012.05.28 10:32:24.295,1.6061,1.60652,2.18,1.43
2012.05.28 10:32:24.622,1.60614,1.60652,1.13,1.43
2012.05.28 10:32:24.692,1.60614,1.60654,1.13,2.18
2012.05.28 10:32:25.192,1.60615,1.60655,2.18,2.55
2012.05.28 10:32:25.406,1.60615,1.60655,2.18,1.80
2012.05.28 10:32:25.515,1.60615,1.60655,2.18,2.55
2012.05.28 10:32:26.141,1.60615,1.60654,2.55,1.13
2012.05.28 10:32:27.611,1.60615,1.60655,2.55,1.80
2012.05.28 10:32:28.181,1.60615,1.60654,2.55,1.13
2012.05.28 10:32:29.172,1.60615,1.60655,2.55,1.80
2012.05.28 10:32:30.870,1.60615,1.60655,1.80,1.80
2012.05.28 10:32:33.951,1.60615,1.60654,1.43,1.13
2012.05.28 10:32:34.020,1.60615,1.60654,1.43,1.13
2012.05.28 10:32:34.089,1.60609,1.60651,1.80,1.80
2012.05.28 10:32:34.158,1.60609,1.60651,1.80,2.18
2012.05.28 10:32:34.459,1.60608,1.60645,1.13,1.43
2012.05.28 10:32:34.996,1.60605,1.60645,2.55,1.80
2012.05.28 10:32:35.471,1.60605,1.60645,2.18,2.55
2012.05.28 10:32:35.937,1.60605,1.60644,1.43,1.13
2012.05.28 10:32:36.002,1.60605,1.60644,1.43,1.50
2012.05.28 10:32:36.129,1.60597,1.60637,1.95,1.43
2012.05.28 10:32:36.252,1.60604,1.60644,1.43,1.13
2012.05.28 10:32:36.811,1.60604,1.60644,1.80,1.13
2012.05.28 10:32:38.460,1.60604,1.60644,1.80,1.13
2012.05.28 10:32:38.531,1.60604,1.60644,2.18,1.13
2012.05.28 10:32:38.641,1.60604,1.60644,2.18,1.13
2012.05.28 10:32:39.199,1.60598,1.60637,1.56,1.43
2012.05.28 10:32:39.512,1.60598,1.60637,1.56,2.18
2012.05.28 10:32:39.580,1.60598,1.60637,1.56,1.43
2012.05.28 10:32:39.651,1.60598,1.60637,1.56,2.18
2012.05.28 10:32:39.779,1.60598,1.60637,1.56,2.18
2012.05.28 10:32:39.850,1.60598,1.60637,1.50,2.18
2012.05.28 10:32:39.920,1.60598,1.60627,1.50,1.43
2012.05.28 10:32:40.109,1.60598,1.60632,1.50,1.43
2012.05.28 10:32:40.335,1.60598,1.60622,1.50,1.43
2012.05.28 10:32:40.771,1.60598,1.6062,1.50,2.18
2012.05.28 10:32:41.020,1.60577,1.60617,1.18,1.43
2012.05.28 10:32:41.153,1.60577,1.60617,1.18,2.18
2012.05.28 10:32:41.708,1.60575,1.60616,2.31,2.18
2012.05.28 10:32:43.011,1.60575,1.60616,1.88,2.18
2012.05.28 10:32:43.744,1.60576,1.60616,1.13,2.55
2012.05.28 10:32:44.289,1.60575,1.60615,2.31,2.18
2012.05.28 10:32:46.358,1.60575,1.60613,2.31,1.43
2012.05.28 10:32:47.003,1.60575,1.60613,1.88,2.18
2012.05.28 10:32:47.430,1.60575,1.60613,1.13,2.55
2012.05.28 10:32:47.503,1.60572,1.60613,1.50,1.13
2012.05.28 10:32:47.689,1.60572,1.60612,1.18,2.18
2012.05.28 10:32:48.220,1.60571,1.60613,1.93,1.13
2012.05.28 10:32:48.402,1.60572,1.60613,1.13,1.13
2012.05.28 10:32:48.470,1.60571,1.60607,1.88,1.43
2012.05.28 10:32:48.780,1.60572,1.60611,1.13,1.43
2012.05.28 10:32:49.348,1.60571,1.60611,2.68,1.43
2012.05.28 10:32:49.944,1.60571,1.6061,2.31,1.43
2012.05.28 10:32:50.141,1.60569,1.60608,2.93,2.18
2012.05.28 10:32:50.753,1.60567,1.60608,2.18,2.18
2012.05.28 10:32:50.879,1.60567,1.60608,2.93,2.18
2012.05.28 10:32:51.494,1.60567,1.60608,2.93,2.18
2012.05.28 10:32:52.060,1.60567,1.60608,2.93,2.18
2012.05.28 10:32:52.640,1.60567,1.60608,2.18,2.18
2012.05.28 10:32:52.708,1.60567,1.60608,2.93,2.18
2012.05.28 10:32:53.226,1.60567,1.60608,2.93,2.18
2012.05.28 10:32:53.758,1.60569,1.60608,1.13,1.43
2012.05.28 10:32:54.118,1.60567,1.60608,2.18,2.18
2012.05.28 10:32:54.181,1.60567,1.60608,2.93,2.18
2012.05.28 10:32:56.275,1.60571,1.60608,1.50,1.43
2012.05.28 10:32:57.303,1.60572,1.60608,1.13,1.43
2012.05.28 10:32:57.872,1.60566,1.60607,3.73,1.43
2012.05.28 10:32:58.390,1.60571,1.60607,1.50,1.43
2012.05.28 10:32:59.240,1.60572,1.60607,1.13,1.43
2012.05.28 10:32:59.784,1.60572,1.60607,1.13,1.43
2012.05.28 10:33:00.340,1.60571,1.60607,1.50,1.43
2012.05.28 10:33:01.320,1.60576,1.60607,1.13,1.43
2012.05.28 10:33:01.888,1.60577,1.60613,2.25,1.80
2012.05.28 10:33:03.532,1.60577,1.60613,2.25,1.80
2012.05.28 10:33:04.330,1.60577,1.60613,2.25,1.43
2012.05.28 10:33:08.910,1.60577,1.60613,1.50,1.43
2012.05.28 10:33:09.611,1.60577,1.60613,1.50,1.43
2012.05.28 10:33:09.739,1.60578,1.60613,1.50,1.43
2012.05.28 10:33:09.808,1.60577,1.60617,2.25,1.80
2012.05.28 10:33:09.928,1.60578,1.60617,1.50,1.80
2012.05.28 10:33:10.110,1.60587,1.60621,2.31,1.43
2012.05.28 10:33:10.301,1.60581,1.60616,1.56,1.43
2012.05.28 10:33:13.271,1.60581,1.60616,1.13,1.43
2012.05.28 10:33:13.388,1.60582,1.60621,1.80,1.80
2012.05.28 10:33:13.819,1.60577,1.60616,3.36,1.43
2012.05.28 10:33:14.128,1.60572,1.60614,2.68,2.18
2012.05.28 10:33:14.309,1.60577,1.60615,1.13,1.43
2012.05.28 10:33:17.939,1.60577,1.60615,1.13,1.43
2012.05.28 10:33:20.279,1.60577,1.60615,1.13,1.43
2012.05.28 10:33:20.791,1.60577,1.60615,1.13,1.43
2012.05.28 10:33:23.500,1.60586,1.60615,1.88,1.43
2012.05.28 10:33:23.630,1.60586,1.60623,2.31,1.77
2012.05.28 10:33:24.463,1.60586,1.60623,1.56,2.52
2012.05.28 10:33:24.730,1.60587,1.60623,2.31,1.77
2012.05.28 10:33:25.670,1.60587,1.60623,2.31,1.77
2012.05.28 10:33:26.618,1.60587,1.60623,2.31,1.43
2012.05.28 10:33:26.679,1.60587,1.60623,2.31,1.43
2012.05.28 10:33:27.212,1.60586,1.60623,2.31,1.43
2012.05.28 10:33:31.463,1.60587,1.60623,1.50,1.43
2012.05.28 10:33:31.811,1.60579,1.60617,1.13,1.77
2012.05.28 10:33:32.360,1.60581,1.60616,1.13,2.18
2012.05.28 10:33:35.243,1.60572,1.60616,1.13,2.55
2012.05.28 10:33:35.371,1.60576,1.60616,1.13,1.43
2012.05.28 10:33:35.881,1.60577,1.60618,2.98,1.80
2012.05.28 10:33:36.509,1.60577,1.60618,2.98,1.80
2012.05.28 10:33:37.933,1.60582,1.60618,1.13,1.80
2012.05.28 10:33:38.452,1.60582,1.60618,1.13,1.80
2012.05.28 10:33:40.210,1.60582,1.60618,1.13,1.80
2012.05.28 10:33:41.139,1.60582,1.60618,1.13,1.80
2012.05.28 10:33:46.571,1.60581,1.60618,1.13,1.80
2012.05.28 10:33:47.119,1.60581,1.60618,1.13,1.80
2012.05.28 10:33:47.889,1.60581,1.60618,1.13,1.80
2012.05.28 10:33:48.999,1.60587,1.60622,1.13,1.43
2012.05.28 10:33:49.200,1.60587,1.60622,1.88,1.43
2012.05.28 10:33:49.570,1.60592,1.60628,1.13,2.50
2012.05.28 10:33:49.641,1.60596,1.60628,1.13,2.50
2012.05.28 10:33:49.711,1.60596,1.60628,1.88,2.50
2012.05.28 10:33:49.840,1.60598,1.60634,1.50,1.58
2012.05.28 10:33:50.030,1.60598,1.60634,1.56,1.58
2012.05.28 10:33:50.541,1.60601,1.60638,1.13,2.10
2012.05.28 10:33:51.043,1.60601,1.60638,1.13,1.80
2012.05.28 10:33:51.350,1.60601,1.60644,1.50,2.93
2012.05.28 10:33:51.940,1.60601,1.60644,1.50,2.93
2012.05.28 10:33:52.070,1.60601,1.60638,1.13,1.43
2012.05.28 10:33:52.201,1.60598,1.60638,2.55,2.55
2012.05.28 10:33:52.270,1.60598,1.60638,2.18,2.55
2012.05.28 10:33:52.821,1.60597,1.60636,1.13,1.80
2012.05.28 10:33:53.929,1.60596,1.60636,1.13,2.18
2012.05.28 10:33:54.881,1.60596,1.60636,1.13,1.80
2012.05.28 10:33:55.928,1.60596,1.60636,1.13,1.80
2012.05.28 10:34:01.050,1.60598,1.60638,1.43,3.08
2012.05.28 10:34:01.135,1.60598,1.60638,2.18,2.33
2012.05.28 10:34:01.931,1.60598,1.60638,2.18,2.33
2012.05.28 10:34:02.270,1.60598,1.60638,2.18,2.33
2012.05.28 10:34:05.669,1.60606,1.60638,1.13,2.33
2012.05.28 10:34:05.799,1.60606,1.60638,1.13,2.33
2012.05.28 10:34:05.940,1.60605,1.60638,1.50,1.95
2012.05.28 10:34:06.070,1.60614,1.6065,1.43,1.13
2012.05.28 10:34:07.443,1.60614,1.60653,1.43,1.13
2012.05.28 10:34:08.960,1.60614,1.60654,1.43,2.14
2012.05.28 10:34:09.032,1.60621,1.60657,1.43,1.09
2012.05.28 10:34:09.290,1.60612,1.60658,2.55,1.47
2012.05.28 10:34:09.659,1.60612,1.60653,1.80,2.18
2012.05.28 10:34:10.088,1.60611,1.60652,1.80,2.18
2012.05.28 10:34:10.301,1.60611,1.60652,1.80,2.18
2012.05.28 10:34:10.369,1.60613,1.60652,1.80,2.18
2012.05.28 10:34:10.678,1.60613,1.60652,1.80,2.18
2012.05.28 10:34:11.234,1.60611,1.60652,2.18,2.18
2012.05.28 10:34:14.052,1.60612,1.60653,2.18,2.18
2012.05.28 10:34:17.251,1.60612,1.60651,1.80,2.18
2012.05.28 10:34:17.317,1.60612,1.60651,1.80,2.18
2012.05.28 10:34:17.859,1.60612,1.60651,1.80,2.18
2012.05.28 10:34:18.049,1.60612,1.60651,1.80,2.18
2012.05.28 10:34:18.178,1.60612,1.60651,1.80,2.18
2012.05.28 10:34:18.244,1.60612,1.60651,1.80,2.18
2012.05.28 10:34:21.983,1.60612,1.60651,1.80,1.43
2012.05.28 10:34:22.467,1.60612,1.60651,1.80,2.18
2012.05.28 10:34:22.869,1.60612,1.60651,1.80,1.43
2012.05.28 10:34:23.208,1.60612,1.60651,2.18,2.18
2012.05.28 10:34:23.291,1.60612,1.60651,2.18,1.43
2012.05.28 10:34:29.900,1.60612,1.60651,1.80,2.18
2012.05.28 10:34:29.996,1.60612,1.60651,1.80,1.43
2012.05.28 10:34:31.099,1.60612,1.60651,1.80,2.18
2012.05.28 10:34:31.302,1.60612,1.60651,1.80,1.43
2012.05.28 10:34:34.901,1.60612,1.60651,1.80,1.43
2012.05.28 10:34:34.970,1.60612,1.60651,1.80,2.18
2012.05.28 10:34:35.233,1.60612,1.60651,1.80,1.43
2012.05.28 10:34:35.933,1.60612,1.60651,1.80,1.43
2012.05.28 10:34:38.720,1.60612,1.60647,1.80,1.13
2012.05.28 10:34:38.790,1.60612,1.60647,1.43,1.13
2012.05.28 10:34:38.860,1.60604,1.60643,2.93,2.18
2012.05.28 10:34:39.638,1.60604,1.60643,2.93,2.18
2012.05.28 10:34:39.704,1.60605,1.60643,1.50,1.43
2012.05.28 10:34:40.431,1.60604,1.60643,2.93,1.43
2012.05.28 10:34:42.819,1.60604,1.60643,2.93,2.18
2012.05.28 10:34:43.393,1.60604,1.60643,2.93,2.52
2012.05.28 10:34:43.520,1.60611,1.60652,1.43,2.18
2012.05.28 10:34:43.651,1.60611,1.60652,1.43,2.18
2012.05.28 10:34:43.781,1.60604,1.60644,1.50,2.18
2012.05.28 10:34:44.340,1.60604,1.60644,1.50,2.18
2012.05.28 10:34:45.056,1.60604,1.60644,1.50,2.18
2012.05.28 10:34:45.941,1.60605,1.60644,1.50,1.43
2012.05.28 10:34:56.733,1.60604,1.60644,1.50,2.18
2012.05.28 10:34:57.303,1.60605,1.60644,1.50,1.43
2012.05.28 10:34:59.890,1.60606,1.60644,1.13,1.43
2012.05.28 10:35:00.990,1.60606,1.60644,1.13,1.43
2012.05.28 10:35:02.151,1.60606,1.60644,1.13,1.43
2012.05.28 10:35:03.354,1.60605,1.60644,2.25,1.43
2012.05.28 10:35:03.920,1.60605,1.60644,2.25,1.43
2012.05.28 10:35:04.479,1.60605,1.60644,2.25,1.77
2012.05.28 10:35:06.883,1.60612,1.60645,1.13,1.77
2012.05.28 10:35:07.530,1.60611,1.60645,1.13,1.43
2012.05.28 10:35:07.869,1.60612,1.60653,1.80,1.77
2012.05.28 10:35:09.460,1.60613,1.60653,1.13,1.77
2012.05.28 10:35:09.790,1.60619,1.60656,1.43,1.09
2012.05.28 10:35:09.859,1.60612,1.60653,1.80,1.77
2012.05.28 10:35:11.003,1.60612,1.60653,1.80,1.77
2012.05.28 10:35:11.710,1.60612,1.60653,1.80,1.77
2012.05.28 10:35:12.456,1.60612,1.60653,1.80,1.77
2012.05.28 10:35:19.392,1.60612,1.60653,1.43,1.43
2012.05.28 10:35:19.702,1.60613,1.60652,1.13,1.43
2012.05.28 10:35:19.769,1.60611,1.60652,2.55,1.43
2012.05.28 10:35:19.890,1.60611,1.60652,2.55,1.43
2012.05.28 10:35:19.959,1.60619,1.60659,1.43,2.70
2012.05.28 10:35:20.023,1.60612,1.60651,1.80,1.43
2012.05.28 10:35:20.150,1.60613,1.60651,1.13,1.43
2012.05.28 10:35:20.219,1.60612,1.60651,1.80,1.43
2012.05.28 10:35:20.756,1.60612,1.60651,1.43,1.43
2012.05.28 10:35:23.252,1.60612,1.60651,1.43,1.80
2012.05.28 10:35:23.560,1.60606,1.60646,1.80,1.43
2012.05.28 10:35:28.594,1.60612,1.60649,1.43,1.47
2012.05.28 10:35:28.903,1.60608,1.60647,1.80,2.18
2012.05.28 10:35:28.973,1.60611,1.60652,1.43,2.18
2012.05.28 10:35:29.160,1.60611,1.60652,1.43,1.43
2012.05.28 10:35:29.231,1.60611,1.60652,2.18,1.43
2012.05.28 10:35:29.362,1.60621,1.60661,1.43,1.65
2012.05.28 10:35:29.901,1.60621,1.60662,1.43,2.18
2012.05.28 10:35:30.252,1.60621,1.60662,1.43,2.18
2012.05.28 10:35:30.910,1.60622,1.60661,1.43,2.18
2012.05.28 10:35:32.699,1.60622,1.60659,1.43,1.13
2012.05.28 10:35:32.828,1.60616,1.60657,1.80,2.18
2012.05.28 10:35:32.890,1.60616,1.60656,1.80,1.13
2012.05.28 10:35:33.022,1.60616,1.60655,1.43,1.13
2012.05.28 10:35:33.150,1.60612,1.60651,1.80,2.18
2012.05.28 10:35:43.232,1.60612,1.6065,1.43,1.13
2012.05.28 10:35:43.361,1.60606,1.60646,1.80,2.18
2012.05.28 10:35:43.506,1.60606,1.60642,1.80,1.13
2012.05.28 10:35:43.691,1.60598,1.60639,1.80,2.18
2012.05.28 10:35:43.940,1.606,1.60639,1.13,1.43
2012.05.28 10:35:44.011,1.60603,1.60643,1.43,1.13
2012.05.28 10:35:52.929,1.60603,1.60644,2.52,1.80
2012.05.28 10:35:54.969,1.60603,1.60643,1.77,1.13
2012.05.28 10:35:56.919,1.60603,1.60643,1.77,1.13
2012.05.28 10:35:57.110,1.60595,1.60636,1.80,1.43
2012.05.28 10:35:57.180,1.60595,1.60636,1.43,2.55
2012.05.28 10:35:57.489,1.60587,1.60629,2.76,2.18
2012.05.28 10:35:57.931,1.60587,1.60629,2.76,2.18
2012.05.28 10:35:58.001,1.6059,1.60629,1.13,1.43
2012.05.28 10:35:58.200,1.60592,1.60633,2.18,1.13
2012.05.28 10:35:59.573,1.60592,1.60634,2.18,1.80
2012.05.28 10:35:59.898,1.606,1.60638,1.92,1.50
2012.05.28 10:35:59.960,1.60602,1.60642,1.33,2.55
2012.05.28 10:36:00.090,1.60608,1.60642,1.43,1.13
2012.05.28 10:36:00.171,1.60608,1.60646,1.43,1.13
2012.05.28 10:36:00.240,1.60608,1.60649,1.43,2.93
2012.05.28 10:36:00.309,1.60608,1.60649,1.43,2.18
2012.05.28 10:36:00.378,1.60606,1.60641,1.28,1.43
2012.05.28 10:36:00.741,1.60602,1.60641,1.71,2.18
2012.05.28 10:36:01.510,1.60601,1.60641,1.58,2.18
2012.05.28 10:36:01.579,1.60601,1.60641,1.43,2.18
2012.05.28 10:36:03.251,1.60601,1.60641,1.43,1.43
2012.05.28 10:36:03.441,1.60601,1.60641,1.43,2.18
2012.05.28 10:36:03.795,1.60596,1.60635,2.18,1.43
2012.05.28 10:36:04.101,1.60599,1.60635,1.13,1.43
2012.05.28 10:36:04.253,1.60597,1.60635,1.13,1.43
2012.05.28 10:36:04.322,1.60599,1.60635,1.13,1.43
2012.05.28 10:36:04.570,1.60596,1.60635,2.55,1.43
2012.05.28 10:36:07.401,1.60596,1.60635,2.18,2.18
2012.05.28 10:36:07.761,1.60582,1.60613,1.50,1.43
2012.05.28 10:36:07.830,1.6058,1.60613,1.13,1.43
2012.05.28 10:36:07.900,1.60579,1.60621,1.80,1.43
2012.05.28 10:36:08.492,1.60579,1.60621,1.80,1.43
2012.05.28 10:36:08.861,1.6058,1.60621,1.13,1.43
2012.05.28 10:36:09.552,1.6058,1.60621,1.13,1.43
2012.05.28 10:36:12.971,1.6058,1.60621,1.13,2.55
2012.05.28 10:36:13.279,1.60579,1.60613,1.13,1.43
2012.05.28 10:36:14.996,1.60576,1.60613,1.13,1.43
2012.05.28 10:36:15.564,1.60576,1.60613,1.13,1.43
2012.05.28 10:36:16.369,1.60576,1.60613,1.13,1.43
2012.05.28 10:36:19.239,1.60572,1.60613,1.50,1.80
2012.05.28 10:36:19.309,1.60572,1.60608,1.50,1.43
2012.05.28 10:36:22.420,1.60572,1.60608,1.50,1.43
2012.05.28 10:36:22.609,1.60583,1.60622,1.43,2.14
2012.05.28 10:36:22.729,1.60583,1.60622,1.43,1.77
2012.05.28 10:36:22.910,1.60583,1.60622,1.80,1.43
2012.05.28 10:36:23.219,1.60591,1.60629,1.43,1.77
2012.05.28 10:36:24.693,1.60591,1.60626,1.43,1.09
2012.05.28 10:36:25.000,1.60582,1.6062,2.18,1.05
2012.05.28 10:36:25.071,1.60582,1.60623,2.18,1.43
2012.05.28 10:36:25.903,1.60582,1.60623,2.55,1.43
2012.05.28 10:36:26.149,1.6059,1.60631,1.43,2.18
2012.05.28 10:36:26.421,1.6059,1.60629,1.43,1.13
2012.05.28 10:36:26.739,1.60587,1.60622,1.13,1.43
2012.05.28 10:36:26.799,1.60591,1.6063,1.43,1.43
2012.05.28 10:36:26.859,1.60591,1.6063,1.43,1.80
2012.05.28 10:36:27.112,1.60582,1.60623,2.18,1.43
2012.05.28 10:36:27.433,1.60582,1.60623,1.43,2.18
2012.05.28 10:36:27.791,1.60577,1.60615,1.13,1.77
2012.05.28 10:36:28.340,1.60582,1.60621,1.43,1.84
2012.05.28 10:36:28.659,1.60581,1.60616,1.88,1.77
2012.05.28 10:36:28.969,1.60582,1.60621,2.18,2.22
2012.05.28 10:36:29.149,1.60577,1.60615,1.50,1.77
2012.05.28 10:36:29.509,1.6058,1.60616,1.13,1.77
2012.05.28 10:36:29.693,1.60582,1.60616,1.13,1.77
2012.05.28 10:36:29.820,1.60582,1.60621,2.18,2.22
2012.05.28 10:36:30.159,1.60581,1.60616,1.88,1.77
2012.05.28 10:36:30.470,1.60583,1.60621,1.43,2.22
2012.05.28 10:36:30.972,1.60582,1.60621,2.18,1.84
2012.05.28 10:36:31.580,1.60582,1.60615,1.13,1.77
2012.05.28 10:36:31.710,1.60581,1.60615,2.25,1.77
2012.05.28 10:36:32.211,1.6058,1.60616,1.13,1.77
2012.05.28 10:36:32.730,1.6058,1.60615,1.13,1.77
2012.05.28 10:36:33.279,1.60582,1.60621,2.55,1.84
2012.05.28 10:36:33.709,1.60577,1.60615,1.13,1.77
2012.05.28 10:36:33.837,1.60583,1.60621,1.43,1.84
2012.05.28 10:36:34.029,1.60578,1.60616,1.50,1.77
2012.05.28 10:36:34.579,1.60575,1.60615,2.18,1.77
2012.05.28 10:36:35.130,1.60581,1.60616,1.88,1.77
2012.05.28 10:36:35.558,1.60575,1.60615,4.05,1.77
2012.05.28 10:36:35.619,1.60581,1.60615,1.13,1.77
2012.05.28 10:36:35.989,1.60575,1.60615,3.68,1.77
2012.05.28 10:36:36.530,1.60583,1.6062,1.43,1.09
2012.05.28 10:36:37.019,1.60575,1.60616,1.88,1.77
2012.05.28 10:36:37.150,1.60581,1.60616,1.13,1.77
2012.05.28 10:36:37.632,1.60574,1.60616,2.55,1.77
2012.05.28 10:36:37.702,1.60581,1.60616,1.13,1.77
2012.05.28 10:36:38.129,1.60586,1.60615,1.56,1.77
2012.05.28 10:36:38.673,1.60586,1.60621,1.56,1.84
2012.05.28 10:36:38.866,1.60587,1.60623,1.50,1.43
2012.05.28 10:36:38.932,1.60582,1.60623,1.43,1.80
2012.05.28 10:36:39.065,1.60582,1.60623,1.80,1.80
2012.05.28 10:36:39.484,1.60581,1.60617,1.50,1.43
2012.05.28 10:36:40.328,1.60581,1.60617,2.25,1.43
2012.05.28 10:36:43.021,1.60578,1.60617,2.18,1.77
2012.05.28 10:36:43.544,1.60582,1.60617,1.13,1.77
2012.05.28 10:36:44.429,1.60582,1.60617,1.13,1.77
2012.05.28 10:36:45.231,1.60578,1.60617,3.36,1.77
2012.05.28 10:36:45.839,1.6058,1.60617,1.13,1.77
2012.05.28 10:36:45.911,1.60581,1.60617,1.13,1.77
2012.05.28 10:36:46.041,1.60578,1.60614,1.13,1.43
2012.05.28 10:36:46.670,1.6058,1.60614,1.13,1.43
2012.05.28 10:36:47.218,1.60578,1.60614,1.88,1.43
2012.05.28 10:36:48.575,1.60577,1.60614,1.50,1.43
2012.05.28 10:36:48.702,1.60577,1.60613,1.50,2.52
2012.05.28 10:36:49.680,1.60577,1.60612,2.25,1.77
2012.05.28 10:36:49.749,1.60577,1.60612,2.25,1.43
2012.05.28 10:36:51.897,1.60577,1.60612,2.31,1.43
2012.05.28 10:36:55.975,1.60577,1.60612,1.50,1.43
2012.05.28 10:36:56.729,1.60577,1.60612,1.50,1.43
2012.05.28 10:36:57.690,1.60577,1.60615,1.50,1.77
2012.05.28 10:36:58.153,1.60578,1.60617,2.55,1.77
2012.05.28 10:37:01.083,1.60578,1.60617,3.68,1.77
2012.05.28 10:37:01.529,1.60578,1.60617,2.18,1.77
2012.05.28 10:37:01.621,1.60578,1.60617,2.93,1.77
2012.05.28 10:37:02.421,1.60585,1.60626,1.43,1.77
2012.05.28 10:37:02.789,1.60585,1.60626,2.18,1.43
2012.05.28 10:37:03.115,1.60585,1.60626,1.43,2.18
2012.05.28 10:37:03.449,1.60585,1.60624,1.43,1.13
2012.05.28 10:37:03.628,1.60581,1.6062,1.80,2.18
2012.05.28 10:37:05.702,1.60581,1.6062,1.80,1.43
2012.05.28 10:37:10.142,1.60581,1.6062,1.80,2.18
2012.05.28 10:37:10.328,1.60572,1.60612,2.23,1.43
2012.05.28 10:37:10.858,1.60571,1.60613,1.80,1.80
2012.05.28 10:37:10.991,1.6057,1.6061,1.80,1.43
2012.05.28 10:37:11.281,1.6057,1.6061,1.43,1.43
2012.05.28 10:37:13.702,1.6057,1.6061,2.18,1.43
2012.05.28 10:37:14.163,1.60575,1.60615,1.80,1.80
2012.05.28 10:37:14.872,1.60575,1.60613,1.80,1.13
2012.05.28 10:37:15.720,1.60575,1.60613,1.80,1.13
2012.05.28 10:37:18.710,1.60575,1.60613,1.80,1.50
2012.05.28 10:37:19.039,1.60568,1.60607,1.80,2.52
2012.05.28 10:37:19.598,1.60568,1.60607,1.80,2.52
2012.05.28 10:37:20.543,1.60568,1.60607,1.80,2.52
2012.05.28 10:37:20.646,1.60568,1.60607,1.43,2.52
2012.05.28 10:37:20.972,1.60568,1.60599,1.43,1.09
2012.05.28 10:37:21.279,1.60565,1.6059,1.56,1.43
2012.05.28 10:37:21.410,1.60551,1.6059,2.18,1.43
2012.05.28 10:37:21.599,1.60551,1.6059,2.18,1.43
2012.05.28 10:37:21.802,1.60551,1.60592,2.18,1.43
2012.05.28 10:37:22.132,1.60551,1.60592,2.18,1.43
2012.05.28 10:37:22.262,1.60551,1.60592,2.18,1.43
2012.05.28 10:37:22.331,1.60552,1.60592,1.13,1.43
2012.05.28 10:37:22.642,1.60552,1.60589,1.13,1.43
2012.05.28 10:37:22.715,1.60552,1.60591,1.13,1.43
2012.05.28 10:37:23.041,1.60551,1.60591,1.50,1.43
2012.05.28 10:37:24.176,1.60551,1.60591,1.50,1.43
2012.05.28 10:37:24.359,1.60551,1.60589,1.50,1.43
2012.05.28 10:37:24.490,1.60551,1.60587,1.50,1.43
2012.05.28 10:37:25.770,1.60551,1.60587,2.25,1.43
2012.05.28 10:37:25.839,1.60551,1.60587,2.25,1.43
2012.05.28 10:37:26.208,1.60551,1.60589,2.25,1.43
2012.05.28 10:37:26.269,1.60551,1.60589,2.25,1.43
2012.05.28 10:37:26.341,1.60551,1.60589,2.25,1.43
2012.05.28 10:37:26.410,1.60551,1.60589,2.25,1.43
2012.05.28 10:37:26.479,1.60551,1.60592,3.68,1.43
2012.05.28 10:37:27.270,1.60551,1.60592,3.68,1.43
2012.05.28 10:37:27.339,1.60551,1.60589,2.25,1.43
2012.05.28 10:37:27.702,1.60552,1.60591,2.18,1.43
2012.05.28 10:37:27.918,1.60552,1.60591,2.55,1.43
2012.05.28 10:37:28.532,1.60552,1.60591,2.55,1.43
2012.05.28 10:37:29.124,1.60556,1.6059,1.13,1.43
2012.05.28 10:37:30.172,1.60551,1.6059,2.23,2.18
2012.05.28 10:37:30.240,1.60551,1.6059,2.98,1.43
2012.05.28 10:37:31.880,1.60551,1.6059,2.98,2.18
2012.05.28 10:37:32.180,1.60552,1.6059,1.13,1.43
2012.05.28 10:37:33.152,1.60556,1.6059,1.13,1.43
2012.05.28 10:37:33.673,1.60556,1.6059,1.13,1.43
2012.05.28 10:37:35.524,1.60559,1.6059,1.13,1.43
2012.05.28 10:37:35.651,1.6056,1.6059,1.13,1.43
2012.05.28 10:37:35.965,1.60557,1.60587,1.13,1.43
2012.05.28 10:37:36.330,1.60557,1.60595,1.50,1.43
2012.05.28 10:37:36.653,1.60556,1.60595,2.18,2.18
2012.05.28 10:37:36.959,1.60557,1.60588,1.13,1.43
2012.05.28 10:37:37.479,1.60551,1.60589,1.88,1.43
2012.05.28 10:37:38.798,1.60551,1.60589,2.31,1.43
2012.05.28 10:37:40.906,1.60556,1.60589,1.13,1.43
2012.05.28 10:37:41.211,1.60559,1.60589,1.13,1.43
2012.05.28 10:37:41.343,1.6056,1.60591,1.56,1.43
2012.05.28 10:37:41.536,1.60559,1.60591,1.56,1.43
2012.05.28 10:37:41.600,1.60559,1.60597,1.56,2.14
2012.05.28 10:37:42.131,1.6056,1.60597,2.31,1.80
2012.05.28 10:37:43.514,1.6056,1.60597,2.31,1.80
2012.05.28 10:37:43.820,1.60562,1.60603,1.13,2.82
2012.05.28 10:37:44.022,1.60571,1.60603,1.50,1.58
2012.05.28 10:37:44.340,1.60571,1.60607,1.50,1.80
2012.05.28 10:37:44.502,1.60569,1.60607,1.13,1.80
2012.05.28 10:37:45.171,1.60569,1.60607,1.88,1.80
2012.05.28 10:37:46.873,1.60571,1.60607,1.50,1.80
2012.05.28 10:37:50.127,1.60571,1.60607,1.50,1.80
2012.05.28 10:37:51.139,1.60572,1.60606,1.50,1.50
2012.05.28 10:37:51.962,1.60566,1.60603,1.50,2.18
2012.05.28 10:37:52.529,1.60566,1.60603,1.56,2.18
2012.05.28 10:37:53.202,1.60565,1.60603,1.56,2.18
2012.05.28 10:37:53.826,1.60565,1.60603,1.56,2.18
2012.05.28 10:37:56.149,1.60562,1.60603,1.13,2.18
2012.05.28 10:37:56.663,1.60562,1.60603,1.13,2.18
2012.05.28 10:37:57.273,1.6057,1.60603,1.13,1.43
2012.05.28 10:37:58.030,1.60571,1.60607,1.50,2.14
2012.05.28 10:37:58.360,1.6056,1.60597,1.56,1.43
2012.05.28 10:37:58.801,1.60562,1.60602,2.18,2.10
2012.05.28 10:37:59.049,1.60559,1.60598,1.56,2.55
2012.05.28 10:37:59.474,1.60556,1.60597,1.43,1.13
2012.05.28 10:37:59.723,1.60556,1.60598,2.18,1.80
2012.05.28 10:37:59.909,1.60556,1.60597,1.43,1.13
2012.05.28 10:38:00.160,1.6055,1.60588,1.43,1.47
2012.05.28 10:38:00.629,1.6055,1.60588,1.43,1.47
2012.05.28 10:38:01.419,1.6055,1.60588,1.43,1.47
2012.05.28 10:38:01.599,1.60545,1.60586,1.80,2.18
2012.05.28 10:38:01.940,1.60545,1.60586,1.80,2.18
2012.05.28 10:38:03.460,1.60545,1.60586,1.80,2.18
2012.05.28 10:38:03.654,1.60545,1.60583,1.43,1.09
2012.05.28 10:38:03.781,1.6054,1.6058,1.80,1.09
2012.05.28 10:38:04.270,1.6054,1.60578,1.58,1.13
2012.05.28 10:38:05.010,1.60538,1.60578,1.43,1.13
2012.05.28 10:38:05.080,1.6054,1.60578,1.43,1.13
2012.05.28 10:38:05.389,1.60528,1.60564,1.05,1.43
2012.05.28 10:38:05.460,1.60528,1.60572,2.48,1.13
2012.05.28 10:38:05.709,1.60532,1.60573,1.13,2.55
2012.05.28 10:38:05.831,1.60528,1.60571,2.48,1.13
2012.05.28 10:38:06.890,1.60528,1.60571,2.18,1.13
2012.05.28 10:38:06.960,1.60531,1.60573,1.13,1.80
2012.05.28 10:38:07.466,1.60531,1.60573,1.13,1.80
2012.05.28 10:38:08.099,1.60532,1.60573,1.80,1.80
2012.05.28 10:38:08.758,1.60532,1.60573,1.80,1.80
2012.05.28 10:38:09.382,1.60532,1.60573,1.80,1.80
2012.05.28 10:38:09.825,1.60532,1.60572,1.80,1.13
2012.05.28 10:38:10.216,1.60527,1.60567,1.80,1.80
2012.05.28 10:38:14.501,1.60527,1.60567,1.80,1.80
2012.05.28 10:38:14.831,1.6052,1.60551,1.13,1.80
2012.05.28 10:38:15.079,1.60526,1.60568,2.18,2.89
2012.05.28 10:38:15.601,1.60526,1.60566,1.43,1.13
2012.05.28 10:38:15.950,1.60526,1.60568,1.43,2.14
2012.05.28 10:38:16.020,1.60526,1.60568,1.43,2.52
2012.05.28 10:38:16.089,1.6052,1.60559,2.25,1.80
2012.05.28 10:38:16.339,1.60526,1.60566,1.43,1.13
2012.05.28 10:38:16.411,1.60526,1.60568,1.43,2.89
2012.05.28 10:38:16.541,1.60521,1.60559,1.88,1.80
2012.05.28 10:38:16.741,1.60527,1.60567,2.18,1.80
2012.05.28 10:38:17.110,1.6052,1.6056,1.88,1.43
2012.05.28 10:38:17.300,1.60526,1.60568,2.18,1.80
2012.05.28 10:38:17.432,1.60526,1.60568,2.18,2.18
2012.05.28 10:38:17.502,1.60522,1.60561,1.43,1.43
2012.05.28 10:38:17.570,1.60521,1.60554,1.50,1.43
2012.05.28 10:38:17.641,1.60521,1.60562,2.93,1.43
2012.05.28 10:38:17.711,1.60521,1.60562,2.18,1.43
2012.05.28 10:38:18.020,1.60518,1.6056,2.93,1.43
2012.05.28 10:38:18.271,1.60526,1.60567,2.18,1.09
2012.05.28 10:38:18.460,1.60525,1.60564,1.43,2.18
2012.05.28 10:38:18.529,1.60518,1.60558,1.50,1.43
2012.05.28 10:38:18.711,1.60524,1.60565,2.18,1.80
2012.05.28 10:38:18.959,1.60524,1.60565,1.43,1.80
2012.05.28 10:38:19.019,1.60518,1.60558,2.25,1.43
2012.05.28 10:38:19.329,1.60525,1.60564,2.18,1.80
2012.05.28 10:38:19.630,1.60519,1.60557,1.13,1.43
2012.05.28 10:38:19.940,1.60525,1.60564,1.43,1.80
2012.05.28 10:38:20.209,1.60522,1.60557,1.56,1.43
2012.05.28 10:38:20.277,1.60527,1.60565,1.13,1.80
2012.05.28 10:38:20.845,1.60527,1.60565,1.13,1.80
2012.05.28 10:38:21.321,1.60524,1.60565,1.43,2.18
2012.05.28 10:38:21.449,1.6052,1.60557,1.13,1.43
2012.05.28 10:38:21.524,1.60524,1.60565,2.18,1.80
2012.05.28 10:38:21.650,1.60524,1.60565,1.43,1.80
2012.05.28 10:38:21.781,1.60518,1.60558,1.88,1.43
2012.05.28 10:38:22.141,1.60524,1.60565,2.18,2.18
2012.05.28 10:38:22.269,1.60524,1.60565,1.43,2.18
2012.05.28 10:38:22.339,1.60518,1.60557,1.88,1.43
2012.05.28 10:38:22.651,1.60524,1.60565,1.43,1.80
2012.05.28 10:38:22.780,1.60518,1.60557,2.63,1.43
2012.05.28 10:38:23.130,1.60524,1.60565,2.18,2.55
2012.05.28 10:38:23.261,1.60524,1.60565,1.43,2.55
2012.05.28 10:38:23.329,1.60518,1.60558,1.88,1.43
2012.05.28 10:38:23.461,1.6052,1.60558,1.13,1.43
2012.05.28 10:38:23.532,1.60525,1.60564,2.18,1.80
2012.05.28 10:38:23.781,1.6052,1.60558,1.50,1.43
2012.05.28 10:38:23.910,1.60519,1.60558,1.13,1.43
2012.05.28 10:38:23.980,1.60524,1.60565,2.18,1.80
2012.05.28 10:38:24.229,1.60524,1.60565,1.43,2.18
2012.05.28 10:38:24.299,1.60521,1.60557,1.50,1.43
2012.05.28 10:38:24.620,1.60524,1.60565,1.43,1.80
2012.05.28 10:38:24.749,1.60518,1.60558,1.13,1.43
2012.05.28 10:38:25.069,1.60527,1.60564,1.13,1.80
2012.05.28 10:38:25.308,1.60521,1.60557,1.50,1.43
2012.05.28 10:38:25.369,1.60518,1.60557,2.25,1.43
2012.05.28 10:38:25.429,1.6052,1.60557,1.13,1.43
2012.05.28 10:38:25.750,1.60524,1.60557,1.13,1.43
2012.05.28 10:38:25.819,1.60518,1.60557,1.50,1.43
2012.05.28 10:38:26.034,1.60521,1.60557,1.50,1.43
2012.05.28 10:38:26.103,1.60524,1.60565,2.18,2.14
2012.05.28 10:38:26.180,1.60524,1.60565,1.43,2.14
2012.05.28 10:38:26.311,1.60518,1.60557,2.25,1.43
2012.05.28 10:38:26.632,1.60524,1.60565,2.18,2.14
2012.05.28 10:38:26.699,1.60524,1.60565,1.43,2.89
2012.05.28 10:38:26.822,1.60518,1.60558,1.88,1.43
2012.05.28 10:38:27.010,1.60526,1.60558,1.13,1.43
2012.05.28 10:38:27.079,1.60526,1.60564,1.13,1.80
2012.05.28 10:38:27.280,1.60524,1.60558,1.13,1.43
2012.05.28 10:38:27.472,1.60527,1.60564,1.13,1.80
2012.05.28 10:38:28.192,1.60527,1.60564,1.13,1.80
2012.05.28 10:38:30.592,1.60527,1.60564,1.13,1.80
2012.05.28 10:38:30.781,1.60525,1.60563,1.80,1.13
2012.05.28 10:38:30.910,1.60535,1.60569,1.43,1.88
2012.05.28 10:38:31.043,1.60533,1.60569,1.43,1.13
2012.05.28 10:38:31.243,1.60527,1.60566,1.13,1.80
2012.05.28 10:38:31.372,1.60528,1.60568,1.43,1.05
2012.05.28 10:38:31.442,1.60528,1.60571,1.43,2.55
2012.05.28 10:38:31.793,1.60526,1.60569,2.55,3.30
2012.05.28 10:38:31.864,1.60526,1.60569,2.55,2.55
2012.05.28 10:38:31.933,1.60526,1.60564,1.80,1.47
2012.05.28 10:38:32.121,1.60528,1.60564,1.43,1.47
2012.05.28 10:38:32.321,1.60523,1.60564,1.88,1.09
2012.05.28 10:38:32.391,1.60523,1.60563,1.50,1.13
2012.05.28 10:38:32.679,1.60519,1.60564,1.43,1.47
2012.05.28 10:38:32.941,1.60519,1.60566,2.18,2.52
2012.05.28 10:38:33.880,1.60519,1.60564,1.43,1.13
2012.05.28 10:38:34.423,1.60519,1.60564,1.43,1.13
2012.05.28 10:38:36.251,1.6052,1.60565,2.18,1.80
2012.05.28 10:38:36.319,1.6052,1.60564,1.43,1.13
2012.05.28 10:38:37.169,1.6052,1.60564,2.18,1.80
2012.05.28 10:38:37.712,1.6052,1.60564,1.43,2.55
2012.05.28 10:38:39.481,1.6052,1.60564,1.80,2.55
2012.05.28 10:38:40.010,1.6052,1.60564,1.80,2.55
2012.05.28 10:38:40.739,1.6052,1.60564,1.43,2.55
2012.05.28 10:38:48.141,1.6052,1.60564,1.80,2.55
2012.05.28 10:38:48.492,1.60527,1.60567,2.55,1.80
2012.05.28 10:38:48.622,1.60534,1.60575,1.43,1.09
2012.05.28 10:38:48.812,1.60526,1.60568,1.43,1.80
2012.05.28 10:38:49.193,1.60526,1.60568,1.80,2.55
2012.05.28 10:38:49.264,1.60526,1.60563,1.80,1.13
2012.05.28 10:38:49.393,1.60527,1.60559,1.13,1.43
2012.05.28 10:38:49.521,1.60527,1.60565,1.50,1.80
2012.05.28 10:38:50.750,1.60524,1.60564,1.80,1.13
2012.05.28 10:38:50.821,1.60524,1.60565,2.55,1.80
2012.05.28 10:38:52.827,1.60524,1.60563,1.43,1.13
2012.05.28 10:38:52.893,1.60524,1.60563,1.80,1.13
2012.05.28 10:38:53.232,1.60527,1.60564,1.09,1.13
2012.05.28 10:38:53.694,1.60527,1.60561,1.09,1.13
2012.05.28 10:38:53.874,1.60527,1.60564,1.52,1.13
2012.05.28 10:38:54.189,1.60527,1.60565,1.52,1.43
2012.05.28 10:38:54.331,1.60529,1.6057,1.80,2.18
2012.05.28 10:38:55.018,1.60529,1.6057,1.80,2.18
2012.05.28 10:38:56.206,1.60529,1.6057,1.80,2.18
2012.05.28 10:38:56.879,1.60529,1.6057,1.80,2.18
2012.05.28 10:38:58.662,1.60529,1.6057,1.80,2.18
2012.05.28 10:38:59.810,1.60529,1.6057,1.80,2.18
2012.05.28 10:39:00.041,1.60529,1.6057,1.80,2.18
2012.05.28 10:39:02.478,1.60529,1.6057,1.80,2.18
2012.05.28 10:39:03.237,1.60529,1.6057,1.80,2.18
2012.05.28 10:39:03.390,1.60529,1.6057,2.18,2.18
2012.05.28 10:39:04.040,1.6053,1.60571,1.80,2.18
2012.05.28 10:39:04.714,1.60531,1.60571,1.13,1.43
2012.05.28 10:39:05.421,1.60531,1.60571,1.13,1.43
2012.05.28 10:39:06.459,1.6053,1.60571,1.80,2.18
2012.05.28 10:39:06.542,1.60532,1.60571,1.13,1.43
2012.05.28 10:39:07.453,1.6053,1.60571,2.18,1.43
2012.05.28 10:39:07.639,1.6053,1.60571,1.43,2.55
2012.05.28 10:39:08.168,1.6053,1.60571,2.18,1.80
2012.05.28 10:39:08.230,1.60532,1.60571,1.13,1.80
2012.05.28 10:39:08.802,1.60532,1.60571,1.13,1.43
2012.05.28 10:39:10.192,1.60532,1.60571,1.13,1.80
2012.05.28 10:39:10.514,1.60527,1.60565,1.93,1.43
2012.05.28 10:39:11.034,1.60527,1.60565,1.13,1.43
2012.05.28 10:39:11.162,1.60526,1.60565,3.73,1.43
2012.05.28 10:39:11.681,1.60533,1.60573,1.43,3.04
2012.05.28 10:39:11.930,1.60533,1.60573,2.18,2.14
2012.05.28 10:39:11.995,1.60535,1.60572,1.13,1.13
2012.05.28 10:39:12.195,1.60536,1.60573,1.80,1.13
2012.05.28 10:39:12.383,1.60535,1.60568,1.13,1.43
2012.05.28 10:39:12.454,1.60536,1.60573,1.80,1.13
2012.05.28 10:39:12.702,1.60531,1.60569,1.13,1.43
2012.05.28 10:39:13.017,1.60536,1.60574,1.80,1.13
2012.05.28 10:39:13.262,1.60529,1.60569,1.88,1.43
2012.05.28 10:39:13.332,1.60529,1.60569,1.88,1.43
2012.05.28 10:39:13.642,1.60535,1.60573,1.43,1.13
2012.05.28 10:39:13.814,1.60529,1.60568,1.13,1.43
2012.05.28 10:39:14.001,1.60528,1.60568,1.77,1.43
2012.05.28 10:39:15.674,1.60528,1.60568,1.80,1.43
2012.05.28 10:39:15.902,1.60528,1.60568,1.80,1.43
2012.05.28 10:39:16.253,1.60536,1.60573,1.43,1.50
2012.05.28 10:39:16.334,1.60528,1.60568,1.80,1.43
2012.05.28 10:39:16.580,1.60536,1.60573,1.43,1.13
2012.05.28 10:39:16.831,1.60527,1.60569,2.18,1.43
2012.05.28 10:39:17.034,1.60536,1.60573,1.43,1.13
2012.05.28 10:39:17.342,1.60536,1.60571,1.43,1.13
2012.05.28 10:39:17.412,1.60528,1.60568,1.80,1.43
2012.05.28 10:39:18.096,1.60528,1.60568,1.43,1.43
2012.05.28 10:39:23.333,1.60528,1.60568,1.43,2.18
2012.05.28 10:39:23.652,1.60523,1.60565,1.80,1.13
2012.05.28 10:39:23.721,1.60523,1.60565,1.80,1.13
2012.05.28 10:39:24.090,1.60515,1.60559,2.55,2.18
2012.05.28 10:39:24.160,1.60515,1.60557,2.18,1.13
2012.05.28 10:39:26.340,1.60515,1.60557,2.55,1.13
2012.05.28 10:39:29.172,1.60516,1.60559,1.13,2.55
2012.05.28 10:39:31.441,1.60515,1.60557,1.13,1.13
2012.05.28 10:39:31.511,1.60517,1.60558,1.13,2.55
2012.05.28 10:39:32.021,1.60521,1.60557,1.13,1.80
2012.05.28 10:39:32.584,1.60521,1.60556,1.13,1.13
2012.05.28 10:39:33.088,1.60521,1.60556,1.56,1.13
2012.05.28 10:39:34.453,1.60521,1.60558,1.56,1.80
2012.05.28 10:39:35.160,1.60521,1.60558,1.13,1.80
2012.05.28 10:39:36.090,1.60521,1.60558,1.56,1.80
2012.05.28 10:39:39.502,1.60527,1.6056,1.13,1.80
2012.05.28 10:39:39.631,1.60526,1.60566,2.31,1.80
2012.05.28 10:39:45.520,1.60527,1.60566,1.56,1.43
2012.05.28 10:39:46.523,1.60527,1.60566,1.13,1.43
2012.05.28 10:39:46.830,1.60526,1.60566,1.93,2.18
2012.05.28 10:39:46.931,1.60527,1.60566,1.56,1.43
2012.05.28 10:39:47.732,1.60527,1.60566,1.13,1.43
2012.05.28 10:39:48.409,1.6053,1.60568,2.14,1.13
2012.05.28 10:39:48.913,1.60532,1.60571,1.47,1.80
2012.05.28 10:39:49.690,1.60532,1.6057,1.47,1.80
2012.05.28 10:39:51.307,1.60531,1.60568,2.14,1.13
2012.05.28 10:39:51.863,1.60531,1.60567,2.14,1.13
2012.05.28 10:39:52.000,1.60532,1.60569,2.14,1.13
2012.05.28 10:39:52.565,1.6053,1.60569,2.14,1.13
2012.05.28 10:39:53.118,1.6053,1.60569,2.14,1.13
2012.05.28 10:39:53.928,1.60532,1.60571,2.89,1.80
2012.05.28 10:39:54.461,1.60536,1.60571,1.47,1.80
2012.05.28 10:39:54.659,1.60538,1.60576,1.50,2.55
2012.05.28 10:39:57.264,1.60539,1.60576,1.50,1.80
2012.05.28 10:39:57.330,1.60539,1.60576,1.50,2.55
2012.05.28 10:39:57.772,1.60544,1.60581,1.43,1.05
2012.05.28 10:39:58.280,1.60544,1.60583,1.43,1.43
2012.05.28 10:39:59.211,1.60544,1.60583,1.80,2.18
2012.05.28 10:39:59.931,1.60544,1.60583,1.80,1.43
2012.05.28 10:40:00.122,1.60548,1.60589,1.43,2.18
2012.05.28 10:40:01.173,1.60548,1.60589,1.80,1.43
2012.05.28 10:40:03.602,1.60548,1.60589,1.43,2.18
2012.05.28 10:40:03.911,1.60542,1.6058,1.13,1.43
2012.05.28 10:40:05.372,1.60547,1.60587,1.18,1.80
2012.05.28 10:40:05.622,1.60552,1.60591,1.13,1.43
2012.05.28 10:40:05.691,1.60548,1.60586,1.50,1.43
2012.05.28 10:40:06.452,1.60548,1.60586,1.13,1.43
2012.05.28 10:40:07.171,1.60549,1.60586,1.13,1.43
2012.05.28 10:40:07.501,1.6056,1.60594,1.13,1.43
2012.05.28 10:40:07.572,1.60562,1.60601,1.43,1.43
2012.05.28 10:40:07.700,1.60562,1.60601,2.18,1.43
2012.05.28 10:40:08.001,1.60562,1.60593,1.43,1.47
2012.05.28 10:40:08.326,1.60548,1.60589,1.80,1.43
2012.05.28 10:40:08.393,1.60553,1.60593,1.43,1.47
2012.05.28 10:40:08.701,1.60547,1.60583,1.50,1.43
2012.05.28 10:40:08.770,1.60549,1.60588,1.43,2.18
2012.05.28 10:40:08.902,1.60549,1.60588,1.43,2.93
2012.05.28 10:40:09.222,1.60546,1.6058,1.13,1.43
2012.05.28 10:40:09.532,1.60548,1.6058,1.13,1.43
2012.05.28 10:40:09.661,1.60548,1.60587,1.56,2.14
2012.05.28 10:40:09.732,1.60547,1.60587,1.93,1.77
2012.05.28 10:40:09.861,1.60549,1.60588,1.43,2.52
2012.05.28 10:40:10.170,1.60542,1.60578,1.88,1.43
2012.05.28 10:40:10.301,1.60544,1.60583,1.80,1.43
2012.05.28 10:40:10.550,1.60538,1.60579,2.18,1.43
2012.05.28 10:40:11.491,1.60538,1.60579,1.43,1.43
2012.05.28 10:40:18.924,1.60538,1.60579,2.18,1.80
2012.05.28 10:40:19.054,1.60538,1.60579,1.43,2.55
2012.05.28 10:40:19.182,1.60538,1.6058,1.43,1.09
2012.05.28 10:40:19.421,1.60536,1.60576,1.88,1.43
2012.05.28 10:40:19.670,1.60537,1.60582,1.43,1.09
2012.05.28 10:40:19.743,1.60535,1.60576,1.13,1.80
2012.05.28 10:40:20.053,1.60538,1.60583,1.43,2.55
2012.05.28 10:40:20.367,1.60536,1.60575,2.25,1.43
2012.05.28 10:40:20.552,1.60537,1.60581,2.18,1.50
2012.05.28 10:40:20.683,1.60537,1.60574,1.43,1.13
2012.05.28 10:40:20.994,1.60536,1.60576,2.93,1.80
2012.05.28 10:40:21.123,1.60536,1.60576,2.93,1.43
2012.05.28 10:40:21.252,1.60536,1.60576,1.43,2.18
2012.05.28 10:40:21.323,1.60531,1.60574,1.50,2.18
2012.05.28 10:40:21.451,1.60534,1.60574,1.13,1.43
2012.05.28 10:40:21.522,1.60536,1.60576,2.18,1.43
2012.05.28 10:40:21.710,1.60536,1.60576,1.80,2.18
2012.05.28 10:40:22.051,1.60536,1.60577,1.50,1.43
2012.05.28 10:40:22.392,1.60536,1.60577,1.50,2.18
2012.05.28 10:40:22.986,1.60536,1.60577,2.25,1.43
2012.05.28 10:40:23.165,1.60536,1.60577,1.50,2.18
2012.05.28 10:40:23.757,1.60536,1.60574,1.93,2.18
2012.05.28 10:40:23.944,1.60535,1.60574,1.13,2.18
2012.05.28 10:40:24.071,1.60536,1.60574,1.13,2.18
2012.05.28 10:40:24.414,1.60536,1.60571,1.88,1.43
2012.05.28 10:40:24.602,1.60541,1.60573,1.50,1.43
2012.05.28 10:40:25.010,1.60541,1.60572,1.18,1.43
2012.05.28 10:40:25.191,1.60537,1.60572,1.50,1.43
2012.05.28 10:40:25.710,1.60536,1.60571,1.13,1.43
2012.05.28 10:40:27.473,1.60536,1.60571,1.13,2.18
2012.05.28 10:40:27.543,1.6053,1.60571,2.25,1.43
2012.05.28 10:40:27.635,1.6053,1.60573,2.25,1.43
2012.05.28 10:40:28.626,1.60531,1.60573,1.50,1.43
2012.05.28 10:40:29.173,1.60536,1.60573,1.50,1.43
2012.05.28 10:40:29.910,1.6053,1.60573,1.88,1.43
2012.05.28 10:40:31.261,1.60529,1.60573,1.43,2.18
2012.05.28 10:40:31.570,1.60527,1.60574,2.93,2.18
2012.05.28 10:40:31.870,1.60527,1.60565,1.56,1.43
2012.05.28 10:40:34.580,1.60527,1.60565,1.50,1.43
2012.05.28 10:40:34.820,1.6053,1.60574,1.50,2.18
2012.05.28 10:40:34.890,1.6053,1.60573,1.13,1.50
2012.05.28 10:40:34.963,1.60529,1.60573,1.88,1.13
2012.05.28 10:40:35.089,1.60527,1.60574,1.43,3.68
2012.05.28 10:40:35.150,1.60531,1.60566,1.13,1.43
2012.05.28 10:40:35.330,1.6053,1.60566,2.25,1.43
2012.05.28 10:40:35.389,1.6053,1.60573,3.00,1.80
2012.05.28 10:40:35.570,1.60527,1.60565,1.13,1.43
2012.05.28 10:40:35.848,1.60531,1.60573,1.13,1.43
2012.05.28 10:40:35.910,1.6053,1.60573,1.50,1.43
2012.05.28 10:40:37.350,1.60531,1.60573,1.56,1.43
2012.05.28 10:40:37.480,1.60533,1.60573,1.50,1.43
2012.05.28 10:40:37.550,1.60532,1.60573,2.68,2.18
2012.05.28 10:40:38.723,1.60532,1.60573,1.93,1.43
2012.05.28 10:40:39.412,1.60532,1.60573,2.68,1.43
2012.05.28 10:40:39.724,1.6054,1.60574,2.23,1.13
2012.05.28 10:40:39.851,1.60533,1.60572,1.56,1.43
2012.05.28 10:40:40.362,1.60533,1.60573,1.56,1.80
2012.05.28 10:40:41.009,1.60532,1.60573,1.93,1.43
2012.05.28 10:40:42.161,1.6053,1.60573,1.13,1.43
2012.05.28 10:40:49.223,1.60531,1.60573,1.13,1.43
2012.05.28 10:40:49.871,1.60533,1.60573,1.56,1.43
2012.05.28 10:40:53.632,1.60533,1.60573,2.31,1.43
2012.05.28 10:40:53.941,1.60543,1.60584,1.80,1.50
2012.05.28 10:40:54.011,1.60543,1.60588,2.18,1.50
2012.05.28 10:40:54.922,1.60543,1.60589,2.18,2.18
2012.05.28 10:40:54.991,1.60547,1.60589,1.50,2.18
2012.05.28 10:40:55.300,1.6055,1.60591,1.43,1.13
2012.05.28 10:40:55.370,1.60542,1.6059,2.93,2.18
2012.05.28 10:40:57.070,1.60542,1.6059,3.68,2.18
2012.05.28 10:40:57.480,1.60542,1.6059,2.18,3.25
2012.05.28 10:41:03.589,1.60542,1.60589,2.18,1.13
2012.05.28 10:41:10.221,1.60542,1.60589,2.18,1.13
2012.05.28 10:41:10.531,1.60542,1.6058,1.80,1.13
2012.05.28 10:41:11.050,1.60531,1.60574,1.13,2.18
2012.05.28 10:41:17.362,1.60536,1.6058,1.80,1.13
2012.05.28 10:41:17.996,1.60536,1.60579,1.80,1.13
2012.05.28 10:41:18.366,1.60535,1.60575,1.80,1.43
2012.05.28 10:41:24.519,1.60534,1.60575,1.80,2.18
2012.05.28 10:41:24.995,1.60537,1.60576,2.18,1.43
2012.05.28 10:41:25.067,1.60536,1.60573,1.13,1.43
2012.05.28 10:41:25.410,1.60542,1.60584,1.43,1.88
2012.05.28 10:41:25.663,1.60541,1.60581,2.63,1.80
2012.05.28 10:41:26.162,1.60542,1.60582,1.13,2.18
2012.05.28 10:41:26.411,1.60542,1.60585,1.80,1.13
2012.05.28 10:41:26.483,1.60536,1.60582,1.50,1.80
2012.05.28 10:41:26.613,1.60536,1.60582,1.13,2.55
2012.05.28 10:41:27.451,1.60535,1.60578,1.80,1.50
2012.05.28 10:41:27.762,1.60529,1.60578,1.80,1.50
2012.05.28 10:41:30.302,1.60531,1.6058,1.13,2.18
2012.05.28 10:41:30.531,1.60531,1.6058,1.88,2.18
2012.05.28 10:41:30.603,1.60529,1.60578,2.18,1.50
2012.05.28 10:41:30.672,1.60532,1.6058,1.13,1.43
2012.05.28 10:41:30.741,1.60532,1.6058,1.13,1.43
2012.05.28 10:41:31.053,1.60536,1.60584,1.80,1.13
2012.05.28 10:41:31.370,1.60535,1.60579,1.50,2.93
2012.05.28 10:41:31.444,1.60535,1.60579,1.50,2.55
2012.05.28 10:41:31.512,1.60535,1.60571,2.25,1.43
2012.05.28 10:41:31.583,1.60537,1.60577,1.13,1.13
2012.05.28 10:41:31.832,1.60532,1.60571,1.50,1.43
2012.05.28 10:41:31.903,1.6053,1.60571,1.88,1.80
2012.05.28 10:41:31.971,1.6053,1.60571,1.88,1.80
2012.05.28 10:41:32.043,1.60535,1.60578,1.13,1.80
2012.05.28 10:41:32.252,1.60532,1.60571,1.13,1.80
2012.05.28 10:41:32.561,1.60535,1.60579,1.13,3.30
2012.05.28 10:41:32.692,1.60532,1.60577,2.55,1.50
2012.05.28 10:41:32.763,1.60532,1.60576,2.18,1.13
2012.05.28 10:41:33.077,1.60526,1.60571,1.13,1.80
2012.05.28 10:41:33.142,1.60525,1.60571,1.80,2.55
2012.05.28 10:41:33.393,1.60526,1.60571,1.13,1.80
2012.05.28 10:41:33.964,1.60526,1.60571,1.13,1.80
2012.05.28 10:41:35.160,1.60526,1.60571,1.13,1.80
2012.05.28 10:41:35.461,1.60532,1.60572,1.50,1.80
2012.05.28 10:41:35.591,1.60526,1.60572,1.13,1.80
2012.05.28 10:41:35.942,1.60529,1.60572,1.80,1.80
2012.05.28 10:41:36.492,1.60533,1.60572,1.43,1.43
2012.05.28 10:41:50.272,1.60535,1.60574,1.43,1.80
2012.05.28 10:41:50.792,1.60532,1.60573,1.80,1.43
2012.05.28 10:41:51.501,1.60532,1.60573,2.18,1.43
2012.05.28 10:41:52.051,1.60532,1.60573,1.80,1.43
2012.05.28 10:41:52.672,1.60532,1.60573,2.18,1.43
2012.05.28 10:41:54.201,1.60532,1.60573,1.80,1.43
2012.05.28 10:41:54.472,1.60527,1.60568,1.80,2.18
2012.05.28 10:41:54.660,1.60532,1.60573,1.43,2.18
2012.05.28 10:41:54.731,1.60532,1.60573,1.43,1.43
2012.05.28 10:41:56.606,1.60533,1.60573,1.56,1.43
2012.05.28 10:41:56.790,1.60541,1.6058,1.43,2.52
2012.05.28 10:42:09.290,1.60534,1.60578,1.05,1.13
2012.05.28 10:42:09.363,1.60532,1.60578,2.48,1.13
2012.05.28 10:42:10.219,1.60532,1.60578,2.48,1.13
2012.05.28 10:42:10.522,1.60539,1.60578,1.18,1.13
2012.05.28 10:42:10.833,1.60548,1.60586,1.80,1.50
2012.05.28 10:42:11.333,1.6054,1.60586,1.95,1.13
2012.05.28 10:42:11.581,1.60541,1.60586,1.56,1.13
2012.05.28 10:42:12.360,1.60541,1.60586,1.50,1.13
2012.05.28 10:42:13.002,1.60541,1.60586,1.50,1.50
2012.05.28 10:42:13.190,1.60542,1.60587,1.88,2.18
2012.05.28 10:42:13.401,1.60542,1.60586,2.25,1.13
2012.05.28 10:42:13.531,1.60544,1.60586,1.13,1.13
2012.05.28 10:42:13.721,1.60548,1.60588,1.80,1.13
2012.05.28 10:42:13.791,1.60542,1.60586,1.50,1.80
2012.05.28 10:42:13.859,1.60542,1.60586,1.50,1.80
2012.05.28 10:42:15.433,1.60541,1.60586,3.30,2.55
2012.05.28 10:42:15.979,1.60541,1.60586,3.30,2.55
2012.05.28 10:42:16.493,1.60541,1.60586,3.30,2.55
2012.05.28 10:42:17.313,1.60541,1.60586,4.05,1.80
2012.05.28 10:42:18.563,1.60542,1.60586,1.50,1.80
2012.05.28 10:42:18.631,1.60542,1.60586,1.50,1.80
2012.05.28 10:42:19.641,1.60547,1.60587,1.13,2.18
2012.05.28 10:42:20.103,1.60548,1.60586,1.50,1.43
2012.05.28 10:42:20.422,1.60557,1.60586,1.50,1.43
2012.05.28 10:42:20.850,1.60556,1.60594,1.50,1.80
2012.05.28 10:42:20.910,1.60556,1.60594,1.50,2.18
2012.05.28 10:42:22.008,1.60557,1.60593,1.50,1.43
2012.05.28 10:42:22.117,1.60557,1.6059,1.50,1.43
2012.05.28 10:42:22.406,1.60552,1.60593,1.43,1.77
2012.05.28 10:42:22.713,1.60552,1.60588,1.43,1.13
2012.05.28 10:42:22.906,1.60546,1.60588,1.80,1.50
2012.05.28 10:42:23.402,1.60544,1.60582,1.18,2.18
2012.05.28 10:42:24.171,1.60547,1.60584,1.50,1.13
2012.05.28 10:42:24.302,1.60547,1.60589,1.50,2.55
2012.05.28 10:42:24.804,1.60547,1.60589,1.50,2.55
2012.05.28 10:42:25.191,1.60548,1.60589,1.50,2.55
2012.05.28 10:42:25.321,1.60548,1.60589,1.56,2.55
2012.05.28 10:42:25.746,1.60548,1.60589,1.56,2.55
2012.05.28 10:42:27.970,1.60547,1.60589,1.50,2.55
2012.05.28 10:42:29.362,1.60548,1.60589,1.50,2.55
2012.05.28 10:42:29.731,1.60547,1.60588,2.25,1.50
2012.05.28 10:42:29.801,1.60547,1.6059,2.25,2.93
2012.05.28 10:42:29.929,1.60547,1.6059,1.50,2.93
2012.05.28 10:42:30.291,1.60547,1.60589,1.50,1.88
2012.05.28 10:42:30.422,1.60547,1.60589,1.50,1.88
2012.05.28 10:42:30.732,1.60542,1.60583,1.13,1.80
2012.05.28 10:42:30.801,1.60542,1.60583,1.50,1.43
2012.05.28 10:42:30.871,1.60543,1.6059,2.18,2.93
2012.05.28 10:42:30.942,1.60543,1.60589,1.43,1.50
2012.05.28 10:42:31.742,1.60544,1.60586,2.18,1.50
2012.05.28 10:42:31.873,1.60547,1.60588,1.13,1.50
2012.05.28 10:42:31.943,1.60547,1.60589,1.88,1.43
2012.05.28 10:42:32.070,1.60548,1.60583,1.88,1.80
2012.05.28 10:42:33.150,1.60544,1.60588,2.18,1.13
2012.05.28 10:42:33.220,1.60544,1.60586,2.18,1.13
2012.05.28 10:42:33.602,1.60546,1.6059,1.13,2.55
2012.05.28 10:42:33.671,1.60546,1.60586,1.50,1.13
2012.05.28 10:42:34.052,1.60546,1.60589,1.13,2.18
2012.05.28 10:42:34.281,1.60544,1.60589,2.18,2.55
2012.05.28 10:42:34.653,1.60544,1.60583,2.18,1.13
2012.05.28 10:42:35.513,1.60545,1.60591,2.55,2.18
2012.05.28 10:42:35.640,1.60546,1.60591,1.13,1.43
2012.05.28 10:42:36.319,1.60548,1.6059,1.43,1.43
2012.05.28 10:42:36.382,1.60551,1.60592,1.43,1.43
2012.05.28 10:42:41.020,1.60553,1.60599,1.43,1.13
2012.05.28 10:42:43.371,1.60553,1.60601,2.55,2.18
2012.05.28 10:42:43.653,1.60553,1.60599,1.80,1.13
2012.05.28 10:42:43.722,1.60553,1.60601,2.18,2.93
2012.05.28 10:42:43.792,1.60562,1.60603,1.43,1.50
2012.05.28 10:42:43.863,1.60562,1.60604,1.80,1.13
2012.05.28 10:42:43.931,1.60562,1.60603,1.80,1.50
2012.05.28 10:42:44.060,1.60553,1.60599,1.80,1.13
2012.05.28 10:42:44.190,1.60553,1.60601,2.55,1.80
2012.05.28 10:42:44.250,1.60555,1.60601,1.13,1.43
2012.05.28 10:42:44.320,1.60562,1.60605,1.80,1.13
2012.05.28 10:42:44.571,1.60553,1.60598,1.80,1.13
2012.05.28 10:42:44.640,1.60553,1.60601,2.18,2.93
2012.05.28 10:42:44.941,1.60562,1.60599,1.80,1.13
2012.05.28 10:42:45.131,1.60554,1.60599,1.80,1.13
2012.05.28 10:42:45.203,1.60556,1.606,1.13,1.43
2012.05.28 10:42:45.512,1.60562,1.60603,1.80,1.13
2012.05.28 10:42:45.641,1.60557,1.60601,1.13,1.43
2012.05.28 10:42:45.770,1.60562,1.60606,1.43,1.88
2012.05.28 10:42:46.073,1.60557,1.60601,1.13,1.80
2012.05.28 10:42:46.140,1.60557,1.60601,1.13,1.80
2012.05.28 10:42:46.322,1.60562,1.60607,1.80,1.80
2012.05.28 10:42:46.393,1.60562,1.60607,1.80,2.18
2012.05.28 10:42:46.461,1.60562,1.60607,1.43,2.18
2012.05.28 10:42:46.532,1.60556,1.60601,1.50,1.80
2012.05.28 10:42:46.660,1.60556,1.60601,1.50,1.80
2012.05.28 10:42:46.722,1.60561,1.60606,2.55,1.13
2012.05.28 10:42:46.911,1.60561,1.60603,1.80,1.50
2012.05.28 10:42:47.040,1.60561,1.60603,1.43,1.50
2012.05.28 10:42:47.111,1.60557,1.60601,1.13,1.80
2012.05.28 10:42:47.180,1.60562,1.60601,1.13,1.43
2012.05.28 10:42:47.274,1.60562,1.60607,1.13,1.13
2012.05.28 10:42:47.491,1.60553,1.60593,1.13,1.80
2012.05.28 10:42:48.373,1.60546,1.60593,2.93,1.80
2012.05.28 10:42:49.559,1.60546,1.60593,2.93,1.80
2012.05.28 10:42:50.072,1.60546,1.60593,2.93,1.80
2012.05.28 10:42:50.763,1.60546,1.60593,2.93,1.80
2012.05.28 10:42:51.792,1.60548,1.60593,1.80,1.80
2012.05.28 10:42:52.388,1.60548,1.60593,1.80,1.80
2012.05.28 10:42:53.093,1.60547,1.60592,2.18,1.80
2012.05.28 10:42:53.890,1.60547,1.60592,2.18,1.80
2012.05.28 10:42:56.631,1.60552,1.60592,1.13,1.80
2012.05.28 10:42:57.285,1.60553,1.60593,1.80,1.13
2012.05.28 10:43:01.539,1.60553,1.60594,1.80,1.80
2012.05.28 10:43:03.519,1.60553,1.60594,1.80,1.80
2012.05.28 10:43:04.104,1.60553,1.60594,1.80,1.80
2012.05.28 10:43:08.820,1.60553,1.60594,1.80,1.80
2012.05.28 10:43:08.890,1.60553,1.60594,1.80,1.43
2012.05.28 10:43:09.190,1.60556,1.60599,2.93,1.13
2012.05.28 10:43:09.441,1.60556,1.60601,3.30,1.43
2012.05.28 10:43:09.763,1.60564,1.60598,1.80,1.13
2012.05.28 10:43:09.891,1.60564,1.60599,1.43,1.13
2012.05.28 10:43:10.171,1.60564,1.60598,1.80,1.13
2012.05.28 10:43:10.362,1.60557,1.60598,1.43,1.13
2012.05.28 10:43:11.288,1.60557,1.60598,2.18,1.13
2012.05.28 10:43:12.002,1.60557,1.60598,1.43,1.13
2012.05.28 10:43:12.789,1.60553,1.60598,2.18,1.13
2012.05.28 10:43:15.081,1.60556,1.60599,1.13,1.13
2012.05.28 10:43:15.572,1.60557,1.60599,1.13,1.13
2012.05.28 10:43:15.945,1.60556,1.60598,1.13,1.09
2012.05.28 10:43:16.193,1.60558,1.60598,2.55,1.09
2012.05.28 10:43:17.002,1.60558,1.606,2.18,1.43
2012.05.28 10:43:17.074,1.60556,1.60598,1.50,1.43
2012.05.28 10:43:17.335,1.60557,1.60599,1.43,1.43
2012.05.28 10:43:17.403,1.60558,1.606,1.80,1.43
2012.05.28 10:43:18.342,1.60558,1.606,2.18,1.43
2012.05.28 10:43:18.500,1.60561,1.60608,2.93,1.80
2012.05.28 10:43:23.461,1.60561,1.60607,2.18,1.13
2012.05.28 10:43:23.990,1.60569,1.60611,1.80,1.50
2012.05.28 10:43:24.473,1.60562,1.60607,2.18,2.55
2012.05.28 10:43:25.170,1.60562,1.60607,1.80,2.55
2012.05.28 10:43:25.434,1.60562,1.60607,1.80,2.55
2012.05.28 10:43:25.592,1.60562,1.60607,1.80,2.55
2012.05.28 10:43:25.877,1.60561,1.60605,2.18,2.55
2012.05.28 10:43:26.980,1.60561,1.60608,2.93,1.80
2012.05.28 10:43:27.410,1.60563,1.60608,1.13,2.55
2012.05.28 10:43:27.470,1.60569,1.60611,1.43,1.88
2012.05.28 10:43:27.541,1.60569,1.60613,1.80,1.13
2012.05.28 10:43:28.272,1.60569,1.60613,1.80,1.13
2012.05.28 10:43:29.821,1.60571,1.60613,1.13,1.13
2012.05.28 10:43:30.015,1.60571,1.60613,1.50,1.08
2012.05.28 10:43:30.331,1.60569,1.60612,2.18,2.18
2012.05.28 10:43:30.703,1.60568,1.60608,1.88,2.18
2012.05.28 10:43:30.772,1.60568,1.60608,1.88,2.18
2012.05.28 10:43:31.167,1.60572,1.60605,1.13,1.43
2012.05.28 10:43:31.235,1.60575,1.60613,2.18,1.13
2012.05.28 10:43:31.304,1.60576,1.60616,1.13,1.13
2012.05.28 10:43:31.373,1.60575,1.60614,2.18,1.13
2012.05.28 10:43:31.685,1.6057,1.6061,1.80,1.43
2012.05.28 10:43:31.993,1.6057,1.60613,1.80,2.55
2012.05.28 10:43:32.254,1.6057,1.60613,1.80,1.80
2012.05.28 10:43:32.382,1.60571,1.60613,1.80,2.18
2012.05.28 10:43:32.544,1.60575,1.60615,1.80,2.93
2012.05.28 10:43:33.091,1.60575,1.60615,1.80,2.55
2012.05.28 10:43:33.294,1.60575,1.60615,1.43,2.55
2012.05.28 10:43:33.863,1.60575,1.60615,1.43,1.80
2012.05.28 10:43:34.392,1.60575,1.60615,1.43,2.55
2012.05.28 10:43:34.694,1.60575,1.60615,1.43,1.80
2012.05.28 10:43:35.890,1.60575,1.60615,2.18,1.80
2012.05.28 10:43:35.961,1.60576,1.60615,1.13,1.80
2012.05.28 10:43:36.422,1.60583,1.60623,1.43,2.93
2012.05.28 10:43:36.566,1.60583,1.60623,1.43,1.43
2012.05.28 10:43:36.633,1.60583,1.60623,1.43,2.18
2012.05.28 10:43:36.746,1.60583,1.60623,1.43,2.18
2012.05.28 10:43:36.912,1.60583,1.60623,1.43,2.55
2012.05.28 10:43:37.150,1.60577,1.60622,2.55,2.18
2012.05.28 10:43:37.696,1.60577,1.60622,2.93,2.18
2012.05.28 10:43:38.182,1.60577,1.60619,2.18,1.13
2012.05.28 10:43:38.312,1.60578,1.60618,1.43,1.13
2012.05.28 10:43:38.501,1.60576,1.60618,1.43,1.13
2012.05.28 10:43:39.052,1.60569,1.60613,1.18,2.93
2012.05.28 10:43:39.124,1.60568,1.60612,1.95,1.09
2012.05.28 10:43:39.434,1.60559,1.60597,1.65,1.43
2012.05.28 10:43:39.743,1.60562,1.60603,2.18,1.88
2012.05.28 10:43:40.045,1.60553,1.60597,1.80,1.13
2012.05.28 10:43:40.314,1.60553,1.60598,1.80,2.55
2012.05.28 10:43:42.503,1.60557,1.60598,1.43,1.80
2012.05.28 10:43:42.653,1.60552,1.60597,1.80,1.80
2012.05.28 10:43:42.842,1.60552,1.60597,1.80,2.55
2012.05.28 10:43:42.912,1.60557,1.60598,1.43,1.80
2012.05.28 10:43:43.175,1.60557,1.60598,2.18,1.43
2012.05.28 10:43:43.483,1.60575,1.60602,1.43,1.13
2012.05.28 10:43:43.553,1.6056,1.60605,2.18,2.55
2012.05.28 10:43:43.621,1.60565,1.60605,1.13,1.43
2012.05.28 10:43:43.811,1.60568,1.60613,1.80,4.00
2012.05.28 10:43:44.340,1.60568,1.60613,1.80,2.55
2012.05.28 10:43:44.470,1.60568,1.60613,1.80,1.80
2012.05.28 10:43:44.871,1.60568,1.60613,1.80,1.80
2012.05.28 10:43:45.184,1.60566,1.60605,1.80,1.43
2012.05.28 10:43:45.995,1.60564,1.60605,2.18,1.43
2012.05.28 10:43:48.665,1.60564,1.60605,2.18,1.80
2012.05.28 10:43:48.974,1.60568,1.60592,1.13,1.43
2012.05.28 10:43:49.366,1.60568,1.60592,1.13,1.77
2012.05.28 10:43:49.447,1.60561,1.60595,1.50,1.84
2012.05.28 10:43:49.633,1.60556,1.6058,1.50,1.43
2012.05.28 10:43:50.164,1.60556,1.60594,2.18,1.04
2012.05.28 10:43:50.454,1.60556,1.60594,2.18,1.04
2012.05.28 10:43:50.525,1.60556,1.60595,1.43,1.77
2012.05.28 10:43:51.141,1.60556,1.60595,1.43,1.43
2012.05.28 10:43:51.272,1.60557,1.60601,1.43,1.13
2012.05.28 10:43:51.671,1.60557,1.60602,2.18,1.08
2012.05.28 10:43:51.924,1.60557,1.60602,1.43,1.08
2012.05.28 10:43:52.394,1.60557,1.60598,1.43,1.84
2012.05.28 10:43:52.702,1.60549,1.60579,1.50,2.18
2012.05.28 10:43:53.021,1.60549,1.60587,1.13,2.18
2012.05.28 10:43:53.212,1.60549,1.60587,1.13,1.43
2012.05.28 10:43:53.342,1.60549,1.60591,1.80,1.80
2012.05.28 10:43:53.907,1.60549,1.60591,1.80,1.80
2012.05.28 10:43:54.435,1.60549,1.60591,1.80,1.80
2012.05.28 10:43:54.961,1.60549,1.60591,1.80,1.80
2012.05.28 10:43:56.083,1.60551,1.60591,1.13,1.80
2012.05.28 10:43:56.272,1.60549,1.60591,1.43,1.80
2012.05.28 10:43:56.401,1.60549,1.60591,2.18,1.80
2012.05.28 10:43:56.592,1.60557,1.60599,1.80,3.25
2012.05.28 10:43:56.662,1.60557,1.60594,1.80,1.13
2012.05.28 10:43:56.981,1.60549,1.60591,1.43,2.18
2012.05.28 10:43:57.084,1.60549,1.60591,1.43,1.43
2012.05.28 10:43:57.570,1.60549,1.60591,1.43,2.18
2012.05.28 10:43:57.630,1.60549,1.60591,1.43,1.43
2012.05.28 10:43:58.002,1.60551,1.60596,1.43,1.13
2012.05.28 10:43:58.531,1.60551,1.60596,2.18,1.50
2012.05.28 10:43:59.311,1.60548,1.60588,1.80,1.43
2012.05.28 10:43:59.821,1.60549,1.60589,1.43,1.43
2012.05.28 10:44:00.702,1.60549,1.60589,1.43,2.18
2012.05.28 10:44:01.261,1.60546,1.60589,1.50,3.68
2012.05.28 10:44:02.104,1.60544,1.60584,1.13,2.25
2012.05.28 10:44:02.631,1.60546,1.60588,1.50,1.80
2012.05.28 10:44:03.582,1.60543,1.60584,2.55,1.13
2012.05.28 10:44:03.831,1.6053,1.60572,1.50,2.50
2012.05.28 10:44:04.651,1.60529,1.60572,3.00,1.80
2012.05.28 10:44:04.991,1.60537,1.60576,1.13,1.13
2012.05.28 10:44:05.551,1.60545,1.60579,1.13,1.80
2012.05.28 10:44:05.683,1.60544,1.60579,1.13,1.43
2012.05.28 10:44:05.976,1.60552,1.60581,1.80,1.05
2012.05.28 10:44:06.282,1.60552,1.60592,2.18,1.13
2012.05.28 10:44:06.461,1.60551,1.60593,2.18,1.13
2012.05.28 10:44:06.701,1.60551,1.60592,2.18,1.13
2012.05.28 10:44:06.773,1.60551,1.60592,2.18,1.13
2012.05.28 10:44:06.963,1.60551,1.60585,2.18,1.13
2012.05.28 10:44:07.271,1.60548,1.60581,1.13,1.43
2012.05.28 10:44:07.613,1.60542,1.60574,1.50,1.43
2012.05.28 10:44:07.803,1.60542,1.60581,1.13,1.43
2012.05.28 10:44:08.296,1.60542,1.60583,1.50,1.43
2012.05.28 10:44:08.671,1.60544,1.60583,1.13,1.43
2012.05.28 10:44:08.742,1.60548,1.60591,2.18,2.55
2012.05.28 10:44:08.932,1.60548,1.60591,1.43,1.80
2012.05.28 10:44:09.062,1.60543,1.60582,1.13,1.43
2012.05.28 10:44:09.536,1.60541,1.60582,1.13,1.43
2012.05.28 10:44:09.661,1.60553,1.60594,1.80,2.88
2012.05.28 10:44:09.878,1.60555,1.60596,1.43,2.13
2012.05.28 10:44:10.498,1.60555,1.60596,1.43,1.43
2012.05.28 10:44:10.624,1.60555,1.60596,1.43,2.18
2012.05.28 10:44:11.674,1.60555,1.60596,1.43,1.43
2012.05.28 10:44:11.795,1.60555,1.60596,1.43,2.18
2012.05.28 10:44:12.044,1.60555,1.60596,1.43,1.43
2012.05.28 10:44:12.501,1.60555,1.60596,1.43,2.18
2012.05.28 10:44:13.192,1.60555,1.60596,1.43,1.43
2012.05.28 10:44:13.503,1.60564,1.606,1.43,1.13
2012.05.28 10:44:13.853,1.60556,1.60595,1.43,2.18
2012.05.28 10:44:13.982,1.6056,1.60601,1.43,1.80
2012.05.28 10:44:14.053,1.6056,1.606,1.43,1.13
2012.05.28 10:44:14.363,1.60573,1.60603,1.43,1.45
2012.05.28 10:44:14.432,1.60573,1.60611,1.43,1.13
2012.05.28 10:44:14.623,1.60565,1.60606,1.43,2.18
2012.05.28 10:44:14.932,1.60565,1.60604,1.43,1.50
2012.05.28 10:44:15.099,1.60565,1.60606,1.43,2.18
2012.05.28 10:44:15.165,1.60565,1.60606,1.43,2.18
2012.05.28 10:44:15.505,1.60556,1.60603,2.18,2.18
2012.05.28 10:44:15.574,1.60557,1.60601,2.93,1.43
2012.05.28 10:44:15.642,1.60557,1.60603,1.50,2.18
2012.05.28 10:44:15.712,1.60556,1.60603,2.18,2.18
2012.05.28 10:44:16.157,1.60556,1.606,1.43,1.13
2012.05.28 10:44:16.471,1.60555,1.60596,1.43,2.18
2012.05.28 10:44:16.543,1.60555,1.60596,1.43,2.18
2012.05.28 10:44:17.681,1.60555,1.60596,1.43,1.43
2012.05.28 10:44:17.823,1.60555,1.60596,1.80,1.43
2012.05.28 10:44:18.608,1.60555,1.60596,1.80,2.18
2012.05.28 10:44:18.873,1.60555,1.60596,1.80,1.43
2012.05.28 10:44:18.942,1.60552,1.60589,1.50,1.43
2012.05.28 10:44:19.141,1.60556,1.60595,1.80,1.43
2012.05.28 10:44:19.662,1.60557,1.60595,1.13,1.43
2012.05.28 10:44:20.583,1.60557,1.60595,1.13,1.43
2012.05.28 10:44:20.716,1.60556,1.60594,1.80,1.84
2012.05.28 10:44:21.022,1.60538,1.60572,2.33,1.43
2012.05.28 10:44:21.628,1.60539,1.60581,1.43,2.18
2012.05.28 10:44:21.695,1.60539,1.60578,1.43,1.13
2012.05.28 10:44:21.882,1.60531,1.60573,2.18,1.43
2012.05.28 10:44:21.953,1.6054,1.6058,1.43,1.80
2012.05.28 10:44:22.023,1.6054,1.6058,1.43,1.43
2012.05.28 10:44:22.612,1.6054,1.6058,1.43,2.18
2012.05.28 10:44:22.933,1.60532,1.60572,2.18,1.43
2012.05.28 10:44:23.061,1.60532,1.60572,1.43,1.43
2012.05.28 10:44:24.375,1.60532,1.60572,2.18,1.43
2012.05.28 10:44:24.564,1.60532,1.60575,2.18,1.43
2012.05.28 10:44:24.955,1.60537,1.60574,1.13,1.43
2012.05.28 10:44:25.208,1.6054,1.60581,1.80,1.50
2012.05.28 10:44:25.682,1.60539,1.60581,2.18,1.43
2012.05.28 10:44:26.183,1.60541,1.60581,2.55,1.43
2012.05.28 10:44:26.323,1.60541,1.60588,2.55,1.80
2012.05.28 10:44:26.543,1.60541,1.60585,1.80,1.13
2012.05.28 10:44:26.793,1.60542,1.60588,1.13,2.93
2012.05.28 10:44:27.174,1.60541,1.60585,1.80,1.13
2012.05.28 10:44:27.706,1.60542,1.60582,1.13,1.43
2012.05.28 10:44:28.786,1.60542,1.60582,1.50,1.43
2012.05.28 10:44:28.855,1.60542,1.60582,1.13,1.43
2012.05.28 10:44:30.081,1.60542,1.60582,1.50,1.43
2012.05.28 10:44:30.451,1.60542,1.60582,1.13,1.43
2012.05.28 10:44:33.031,1.60542,1.60582,1.50,1.43
2012.05.28 10:44:33.617,1.60542,1.60582,1.50,1.43
2012.05.28 10:44:37.993,1.60542,1.60582,1.13,1.43
2012.05.28 10:44:38.620,1.60542,1.60582,1.50,1.43
2012.05.28 10:44:38.781,1.60542,1.60582,1.50,1.43
2012.05.28 10:44:39.082,1.60539,1.60578,2.18,1.43
2012.05.28 10:44:39.272,1.60541,1.60581,3.30,1.43
2012.05.28 10:44:39.344,1.60545,1.60587,1.43,1.43
2012.05.28 10:44:39.841,1.60549,1.60591,1.43,2.18
2012.05.28 10:44:40.256,1.60549,1.60589,1.80,1.80
2012.05.28 10:44:40.482,1.60546,1.60588,2.18,1.43
2012.05.28 10:44:40.993,1.60555,1.60595,2.18,2.18
2012.05.28 10:44:41.063,1.60555,1.60595,2.18,1.43
2012.05.28 10:44:41.432,1.60555,1.60595,2.18,1.43
2012.05.28 10:44:41.501,1.60562,1.60603,1.43,2.14
2012.05.28 10:44:41.754,1.60562,1.60601,1.43,1.09
2012.05.28 10:44:42.121,1.60561,1.606,1.43,2.18
2012.05.28 10:44:42.370,1.60556,1.60595,1.43,1.43
2012.05.28 10:44:42.871,1.60556,1.60595,1.43,1.77
2012.05.28 10:44:45.119,1.60555,1.60594,1.43,1.77
2012.05.28 10:44:46.832,1.60555,1.60594,1.43,1.09
2012.05.28 10:44:47.235,1.60555,1.60596,1.43,1.43
2012.05.28 10:44:47.303,1.60555,1.60596,1.43,2.18
2012.05.28 10:44:49.274,1.60555,1.60596,1.43,1.43
2012.05.28 10:44:51.151,1.60555,1.60596,1.43,2.18
2012.05.28 10:44:51.494,1.60543,1.60573,1.05,1.80
2012.05.28 10:44:51.561,1.60537,1.60573,1.50,1.80
2012.05.28 10:44:52.110,1.60533,1.60572,1.13,2.14
2012.05.28 10:44:52.625,1.60533,1.60572,1.56,2.14
2012.05.28 10:44:53.163,1.6053,1.60572,2.18,2.14
2012.05.28 10:44:53.362,1.6053,1.60572,2.18,2.14
2012.05.28 10:44:53.670,1.60539,1.60578,1.80,2.18
2012.05.28 10:44:53.952,1.60539,1.60578,1.80,1.43
2012.05.28 10:44:54.764,1.60539,1.60578,1.80,1.43
2012.05.28 10:44:55.310,1.60539,1.60578,1.80,1.43
2012.05.28 10:44:55.840,1.60539,1.60578,1.80,2.18
2012.05.28 10:44:57.185,1.60539,1.60578,1.80,2.18
2012.05.28 10:44:58.870,1.60539,1.60578,1.43,1.43
2012.05.28 10:44:58.954,1.60539,1.60578,1.80,1.43
2012.05.28 10:44:59.503,1.60539,1.60578,1.80,1.43
2012.05.28 10:44:59.827,1.60534,1.60575,1.80,1.43
2012.05.28 10:45:01.015,1.60534,1.60575,1.80,1.43
2012.05.28 10:45:03.871,1.60534,1.60575,1.43,1.43
2012.05.28 10:45:04.250,1.60534,1.60575,2.18,1.43
2012.05.28 10:45:04.449,1.60534,1.60575,1.43,1.43
2012.05.28 10:45:05.040,1.60533,1.60574,2.18,1.43
2012.05.28 10:45:07.306,1.60535,1.60574,1.43,1.43
2012.05.28 10:45:12.681,1.60535,1.60574,1.43,2.55
2012.05.28 10:45:12.750,1.60531,1.60572,1.80,1.80
2012.05.28 10:45:12.822,1.60527,1.60567,2.18,1.43
2012.05.28 10:45:13.832,1.60534,1.60575,1.43,2.18
2012.05.28 10:45:13.902,1.60534,1.60575,1.43,2.18
2012.05.28 10:45:14.282,1.60534,1.60575,1.43,1.80
2012.05.28 10:45:14.352,1.60527,1.60567,1.43,1.43
2012.05.28 10:45:14.680,1.60535,1.60574,1.43,2.55
2012.05.28 10:45:14.751,1.60527,1.60567,2.18,1.43
2012.05.28 10:45:14.933,1.60527,1.60567,2.18,1.43
2012.05.28 10:45:15.002,1.60534,1.60575,1.43,1.80
2012.05.28 10:45:15.451,1.60534,1.60574,1.43,1.13
2012.05.28 10:45:15.641,1.60527,1.60567,2.18,1.43
2012.05.28 10:45:15.712,1.60528,1.60567,1.13,1.43
2012.05.28 10:45:15.782,1.60534,1.60575,1.43,1.80
2012.05.28 10:45:15.972,1.60527,1.60567,2.18,1.43
2012.05.28 10:45:16.340,1.60535,1.60574,1.43,1.80
2012.05.28 10:45:16.411,1.60535,1.60574,1.43,2.18
2012.05.28 10:45:16.541,1.60526,1.60568,2.93,1.43
2012.05.28 10:45:16.750,1.60534,1.60575,1.43,1.80
2012.05.28 10:45:16.943,1.60534,1.60573,1.43,1.50
2012.05.28 10:45:17.012,1.60527,1.60567,2.55,1.43
2012.05.28 10:45:17.261,1.60527,1.60567,2.55,1.43
2012.05.28 10:45:17.451,1.60527,1.60567,2.55,1.43
2012.05.28 10:45:17.642,1.60527,1.60567,2.55,1.43
2012.05.28 10:45:17.714,1.60527,1.60567,2.55,1.43
2012.05.28 10:45:17.901,1.60527,1.60566,1.13,1.43
2012.05.28 10:45:18.167,1.6053,1.60572,2.18,1.43
2012.05.28 10:45:18.523,1.60524,1.60564,1.80,1.43
2012.05.28 10:45:18.896,1.60524,1.60564,2.55,1.43
2012.05.28 10:45:19.261,1.60524,1.60564,2.93,1.43
2012.05.28 10:45:19.334,1.60529,1.60569,2.18,1.80
2012.05.28 10:45:19.463,1.60529,1.60569,1.43,2.93
2012.05.28 10:45:19.654,1.60523,1.60565,1.80,1.43
2012.05.28 10:45:19.786,1.60525,1.60565,1.13,1.43
2012.05.28 10:45:20.334,1.60522,1.60564,2.55,1.43
2012.05.28 10:45:20.520,1.60522,1.60562,2.55,1.43
2012.05.28 10:45:21.080,1.60522,1.60562,1.13,1.43
2012.05.28 10:45:21.442,1.60527,1.60562,1.13,1.43
2012.05.28 10:45:21.512,1.60528,1.6057,1.43,2.18
2012.05.28 10:45:21.964,1.60528,1.6057,1.80,2.18
2012.05.28 10:45:22.315,1.60526,1.60565,1.13,1.43
2012.05.28 10:45:22.387,1.60523,1.60565,1.43,1.43
2012.05.28 10:45:22.450,1.60523,1.60565,1.43,2.18
2012.05.28 10:45:22.753,1.60523,1.60565,1.58,1.43
2012.05.28 10:45:22.992,1.60523,1.60564,1.58,1.13
2012.05.28 10:45:23.317,1.60524,1.60564,1.43,2.93
2012.05.28 10:45:23.571,1.60524,1.60564,1.43,2.18
2012.05.28 10:45:23.644,1.60524,1.60564,1.43,2.55
2012.05.28 10:45:23.772,1.60515,1.60557,2.18,1.80
2012.05.28 10:45:23.927,1.60515,1.60557,2.18,1.80
2012.05.28 10:45:24.052,1.60522,1.60564,1.43,1.80
2012.05.28 10:45:24.181,1.60519,1.60561,1.80,1.43
2012.05.28 10:45:24.251,1.60517,1.60556,1.13,1.43
2012.05.28 10:45:24.323,1.60516,1.60556,2.18,1.43
2012.05.28 10:45:24.394,1.60515,1.60548,2.25,1.43
2012.05.28 10:45:24.648,1.60519,1.60561,1.80,1.43
2012.05.28 10:45:24.716,1.60519,1.60561,1.43,1.80
2012.05.28 10:45:25.032,1.60522,1.60552,1.13,1.43
2012.05.28 10:45:25.195,1.60522,1.6056,1.13,1.43
2012.05.28 10:45:25.852,1.6052,1.6056,2.18,1.43
2012.05.28 10:45:27.773,1.60519,1.6056,1.13,1.80
2012.05.28 10:45:28.080,1.60506,1.60536,1.88,1.43
2012.05.28 10:45:28.332,1.60504,1.60543,2.18,2.33
2012.05.28 10:45:28.402,1.60504,1.60543,2.18,1.58
2012.05.28 10:45:28.832,1.60511,1.60551,1.43,1.43
2012.05.28 10:45:29.402,1.60511,1.60551,2.18,1.43
2012.05.28 10:45:29.575,1.60509,1.60551,1.80,1.43
2012.05.28 10:45:29.700,1.60511,1.60551,1.13,1.43
2012.05.28 10:45:29.821,1.60517,1.60559,1.80,2.33
2012.05.28 10:45:29.891,1.60517,1.60559,1.80,2.70
2012.05.28 10:45:30.022,1.60509,1.60551,1.80,1.43
2012.05.28 10:45:30.151,1.60509,1.60551,2.55,1.43
2012.05.28 10:45:30.341,1.60517,1.60559,1.80,2.18
2012.05.28 10:45:30.471,1.60509,1.60551,3.30,1.43
2012.05.28 10:45:30.820,1.60517,1.60559,1.80,1.43
2012.05.28 10:45:30.881,1.60517,1.60559,1.80,2.18
2012.05.28 10:45:31.242,1.60517,1.60559,1.43,1.80
2012.05.28 10:45:31.312,1.60517,1.60559,1.80,1.43
2012.05.28 10:45:31.385,1.60516,1.6055,1.13,1.43
2012.05.28 10:45:31.572,1.6051,1.6055,2.18,1.43
2012.05.28 10:45:31.642,1.60512,1.6055,1.13,1.43
2012.05.28 10:45:31.832,1.60518,1.60558,1.43,1.43
2012.05.28 10:45:31.962,1.60518,1.60558,1.43,1.80
2012.05.28 10:45:32.092,1.6051,1.60551,1.13,1.43
2012.05.28 10:45:32.222,1.60518,1.60558,1.43,1.43
2012.05.28 10:45:32.530,1.60518,1.60558,1.43,2.55
2012.05.28 10:45:32.780,1.60517,1.60559,1.80,1.43
2012.05.28 10:45:32.912,1.60517,1.60558,1.80,1.13
2012.05.28 10:45:33.040,1.6051,1.6055,2.55,1.43
2012.05.28 10:45:33.171,1.60512,1.6055,1.88,1.43
2012.05.28 10:45:33.360,1.60517,1.60559,1.80,2.18
2012.05.28 10:45:33.430,1.60517,1.60559,1.43,2.93
2012.05.28 10:45:33.563,1.60509,1.60551,2.55,1.43
2012.05.28 10:45:33.632,1.60509,1.60551,3.30,1.43
2012.05.28 10:45:33.883,1.60518,1.6056,1.43,1.43
2012.05.28 10:45:33.954,1.60518,1.60559,1.43,1.13
2012.05.28 10:45:34.142,1.6051,1.60552,2.18,1.43
2012.05.28 10:45:34.651,1.6051,1.60552,1.43,1.43
2012.05.28 10:45:35.133,1.6051,1.60552,1.80,1.43
2012.05.28 10:45:35.321,1.60519,1.60559,1.43,2.18
2012.05.28 10:45:39.032,1.60517,1.60559,2.55,1.43
2012.05.28 10:45:41.782,1.60517,1.60559,2.55,1.80
2012.05.28 10:45:41.914,1.60517,1.60557,2.18,1.13
2012.05.28 10:45:42.223,1.60508,1.60549,2.18,2.55
2012.05.28 10:45:42.471,1.60504,1.60543,1.80,1.43
2012.05.28 10:45:42.728,1.60508,1.60549,1.43,2.18
2012.05.28 10:45:42.934,1.60508,1.60549,1.43,2.18
2012.05.28 10:45:43.065,1.60503,1.60544,1.80,2.18
2012.05.28 10:45:43.312,1.60509,1.60548,1.43,2.18
2012.05.28 10:45:45.054,1.60504,1.60543,1.80,1.43
2012.05.28 10:45:48.212,1.60506,1.60543,1.13,1.43
2012.05.28 10:45:48.280,1.60509,1.60548,1.43,1.43
2012.05.28 10:45:51.033,1.60504,1.60543,1.80,1.43
2012.05.28 10:45:51.230,1.60508,1.60549,1.43,1.43
2012.05.28 10:45:51.793,1.60508,1.60549,1.43,2.18
2012.05.28 10:45:52.208,1.605,1.60528,2.18,1.13
2012.05.28 10:45:52.515,1.60492,1.6052,1.13,1.43
2012.05.28 10:45:52.784,1.60491,1.60515,1.50,1.43
2012.05.28 10:45:53.095,1.60491,1.60515,1.13,1.43
2012.05.28 10:45:53.170,1.60494,1.60519,1.09,1.43
2012.05.28 10:45:53.352,1.60504,1.60531,1.43,1.05
2012.05.28 10:45:53.482,1.60504,1.60536,1.43,1.43
2012.05.28 10:45:53.753,1.60504,1.60543,1.43,2.18
2012.05.28 10:45:53.823,1.60504,1.60543,1.43,1.43
2012.05.28 10:45:53.904,1.60504,1.60543,1.43,2.18
2012.05.28 10:45:54.031,1.60504,1.60543,1.43,1.43
2012.05.28 10:45:54.102,1.60504,1.60543,1.80,1.43
2012.05.28 10:45:54.292,1.60504,1.60543,1.43,1.43
2012.05.28 10:45:55.882,1.60504,1.60543,1.43,4.00
2012.05.28 10:45:56.317,1.60504,1.60533,1.43,1.50
2012.05.28 10:45:56.383,1.60487,1.60526,1.13,1.43
2012.05.28 10:45:56.881,1.60482,1.60526,1.13,2.18
2012.05.28 10:45:57.190,1.60482,1.60521,1.13,1.43
2012.05.28 10:45:57.252,1.60487,1.60526,1.13,1.43
2012.05.28 10:45:57.382,1.60488,1.60528,1.43,1.43
2012.05.28 10:45:58.763,1.60485,1.60525,1.80,1.43
2012.05.28 10:45:59.221,1.60487,1.60529,1.80,2.52
2012.05.28 10:46:00.941,1.60487,1.60529,1.80,2.52
2012.05.28 10:46:01.451,1.60487,1.60529,2.55,1.77
2012.05.28 10:46:03.745,1.60487,1.60526,1.13,1.43
2012.05.28 10:46:06.882,1.60488,1.60528,1.43,1.43
2012.05.28 10:46:09.119,1.60488,1.60528,1.43,2.18
2012.05.28 10:46:09.247,1.6048,1.6052,2.18,1.43
2012.05.28 10:46:09.492,1.60483,1.60524,1.43,1.13
2012.05.28 10:46:09.678,1.60479,1.60521,2.18,1.43
2012.05.28 10:46:11.158,1.60486,1.60521,1.13,1.43
2012.05.28 10:46:11.227,1.60488,1.60528,1.80,1.58
2012.05.28 10:46:11.292,1.60488,1.60528,2.55,1.58
2012.05.28 10:46:11.602,1.60488,1.60526,1.13,1.43
2012.05.28 10:46:11.901,1.60492,1.60534,2.18,1.80
2012.05.28 10:46:12.460,1.60492,1.60534,2.18,1.80
2012.05.28 10:46:12.582,1.60492,1.60534,1.43,1.80
2012.05.28 10:46:12.711,1.60492,1.60534,2.18,1.80
2012.05.28 10:46:12.911,1.60492,1.60534,1.43,1.80
2012.05.28 10:46:14.611,1.60492,1.60534,2.98,1.80
2012.05.28 10:46:15.102,1.60497,1.60539,2.18,1.43
2012.05.28 10:46:15.884,1.60497,1.60539,3.36,1.43
2012.05.28 10:46:16.486,1.60497,1.60539,2.93,1.43
2012.05.28 10:46:17.451,1.60498,1.60539,1.13,1.43
2012.05.28 10:46:17.761,1.60512,1.60547,1.43,1.43
2012.05.28 10:46:17.833,1.60512,1.60546,1.43,1.05
2012.05.28 10:46:18.145,1.60511,1.60553,1.80,1.43
2012.05.28 10:46:18.955,1.6051,1.60552,1.80,1.43
2012.05.28 10:46:21.947,1.60509,1.6055,2.18,1.43
2012.05.28 10:46:25.434,1.60509,1.6055,2.55,1.43
2012.05.28 10:46:29.405,1.60509,1.6055,2.55,1.43
2012.05.28 10:46:29.921,1.60511,1.6055,1.93,1.43
2012.05.28 10:46:30.423,1.60511,1.60551,3.36,1.43
2012.05.28 10:46:31.015,1.60512,1.60551,1.18,1.43
2012.05.28 10:46:31.524,1.60511,1.60551,3.36,1.43
2012.05.28 10:46:36.920,1.60511,1.60551,3.36,1.43
2012.05.28 10:46:37.159,1.60515,1.60555,1.13,2.18
2012.05.28 10:46:37.225,1.60515,1.60555,1.50,2.18
2012.05.28 10:46:37.411,1.60515,1.60556,2.18,1.43
2012.05.28 10:46:38.011,1.60515,1.60556,2.93,2.18
2012.05.28 10:46:40.153,1.60515,1.60556,2.18,2.18
2012.05.28 10:46:40.414,1.60511,1.60551,1.43,2.18
2012.05.28 10:46:40.484,1.60509,1.60548,1.13,1.43
2012.05.28 10:46:40.613,1.60507,1.60548,2.18,2.18
2012.05.28 10:46:40.682,1.60505,1.6054,1.13,1.43
2012.05.28 10:46:40.812,1.60501,1.6054,1.50,1.43
2012.05.28 10:46:41.364,1.605,1.6054,2.18,1.43
2012.05.28 10:46:41.633,1.605,1.6054,1.80,1.43
2012.05.28 10:46:46.261,1.605,1.6054,1.80,2.18
2012.05.28 10:46:46.603,1.605,1.6054,3.36,1.43
2012.05.28 10:46:46.858,1.605,1.60545,1.93,2.18
2012.05.28 10:46:47.371,1.605,1.60545,1.88,2.18
2012.05.28 10:46:47.914,1.605,1.60545,2.31,2.18
2012.05.28 10:46:49.830,1.605,1.60545,1.13,2.18
2012.05.28 10:46:50.772,1.605,1.60545,1.56,2.18
2012.05.28 10:46:52.911,1.60502,1.60545,1.50,1.43
2012.05.28 10:46:52.982,1.60508,1.60547,1.80,1.43
2012.05.28 10:46:53.111,1.60508,1.60547,2.18,1.43
2012.05.28 10:46:53.764,1.60508,1.60547,2.18,1.43
2012.05.28 10:46:55.825,1.60508,1.60547,2.18,2.18
2012.05.28 10:46:55.914,1.60508,1.60547,1.80,2.18
2012.05.28 10:46:56.161,1.605,1.60544,1.43,2.18
2012.05.28 10:46:56.532,1.605,1.60544,1.80,2.18
2012.05.28 10:47:04.981,1.60499,1.60546,1.80,2.18
2012.05.28 10:47:05.543,1.605,1.60541,1.80,1.43
2012.05.28 10:47:06.753,1.60498,1.60538,2.18,1.43
2012.05.28 10:47:08.984,1.60502,1.60538,1.13,1.43
2012.05.28 10:47:09.292,1.60507,1.60547,1.50,1.43
2012.05.28 10:47:09.421,1.60513,1.60555,1.43,2.52
2012.05.28 10:47:10.964,1.60513,1.60555,1.43,1.77
2012.05.28 10:47:12.174,1.60513,1.60555,1.43,2.52
2012.05.28 10:47:12.544,1.60513,1.60555,1.43,2.52
2012.05.28 10:47:12.672,1.60513,1.60555,1.43,2.18
2012.05.28 10:47:12.743,1.60513,1.60555,1.43,2.18
2012.05.28 10:47:12.944,1.60513,1.60555,1.43,2.18
2012.05.28 10:47:13.014,1.60515,1.60557,1.43,2.18
2012.05.28 10:47:13.143,1.60515,1.60557,1.43,1.43
2012.05.28 10:47:13.513,1.60515,1.60558,1.43,1.13
2012.05.28 10:47:16.143,1.60515,1.60558,1.43,1.13
2012.05.28 10:47:16.965,1.60515,1.60558,1.43,1.13
2012.05.28 10:47:17.085,1.60515,1.60559,1.43,1.13
2012.05.28 10:47:17.770,1.60515,1.60558,1.43,1.13
2012.05.28 10:47:17.852,1.60515,1.60558,1.43,1.13
2012.05.28 10:47:18.472,1.60515,1.60557,1.43,1.43
2012.05.28 10:47:20.432,1.60515,1.60557,1.43,2.18
2012.05.28 10:47:30.015,1.60515,1.60557,1.43,1.43
2012.05.28 10:47:30.442,1.60516,1.6056,2.18,2.18
2012.05.28 10:47:30.816,1.60511,1.60549,1.13,1.43
2012.05.28 10:47:31.216,1.60508,1.60549,1.80,1.43
2012.05.28 10:47:32.723,1.60501,1.60544,1.65,1.43
2012.05.28 10:47:33.033,1.605,1.60542,1.80,1.43
2012.05.28 10:47:33.552,1.605,1.60542,1.80,1.43
2012.05.28 10:47:33.904,1.605,1.60542,2.18,1.43
2012.05.28 10:47:34.154,1.60499,1.60546,1.80,2.18
2012.05.28 10:47:34.621,1.60499,1.60546,2.55,1.43
2012.05.28 10:47:34.754,1.60499,1.60545,1.43,1.13
2012.05.28 10:47:34.884,1.60497,1.60537,2.55,1.43
2012.05.28 10:47:34.954,1.60497,1.60537,2.93,1.43
2012.05.28 10:47:35.142,1.60501,1.60544,1.13,1.43
2012.05.28 10:47:35.393,1.60499,1.60542,1.80,1.43
2012.05.28 10:47:56.423,1.60501,1.60542,1.50,1.43
2012.05.28 10:47:56.741,1.60507,1.60546,1.43,1.43
2012.05.28 10:48:00.461,1.60507,1.60546,1.43,2.18
2012.05.28 10:48:00.591,1.60499,1.60543,1.80,1.43
2012.05.28 10:48:00.719,1.60499,1.60543,1.80,2.18
2012.05.28 10:48:01.907,1.60499,1.60543,2.18,1.43
2012.05.28 10:48:02.543,1.60509,1.60548,1.80,2.18
2012.05.28 10:48:02.621,1.60509,1.60548,1.80,2.18
2012.05.28 10:48:02.882,1.6051,1.60555,1.80,1.50
2012.05.28 10:48:03.526,1.60509,1.60556,1.80,2.18
2012.05.28 10:48:04.835,1.6051,1.60556,1.80,2.18
2012.05.28 10:48:06.924,1.6051,1.60554,1.80,1.50
2012.05.28 10:48:07.054,1.605,1.60549,1.80,1.13
2012.05.28 10:48:07.602,1.60501,1.60549,1.13,1.13
2012.05.28 10:48:07.672,1.60501,1.60545,1.13,1.43
2012.05.28 10:48:08.958,1.605,1.60545,1.80,2.18
2012.05.28 10:48:15.192,1.60501,1.60545,1.13,1.43
2012.05.28 10:48:20.133,1.60502,1.60545,1.13,1.43
2012.05.28 10:48:20.201,1.60502,1.60545,1.13,1.43
2012.05.28 10:48:20.981,1.605,1.60545,1.80,2.18
2012.05.28 10:48:21.511,1.60502,1.60545,1.13,1.43
2012.05.28 10:48:22.341,1.605,1.60545,1.80,2.18
2012.05.28 10:48:23.946,1.605,1.60545,2.18,2.18
2012.05.28 10:48:24.410,1.60508,1.60548,1.43,1.13
2012.05.28 10:48:24.841,1.60508,1.60548,1.43,1.13
2012.05.28 10:48:24.902,1.60508,1.60548,1.43,1.13
2012.05.28 10:48:24.973,1.60508,1.60549,1.80,2.18
2012.05.28 10:48:28.952,1.6051,1.60556,1.80,2.18
2012.05.28 10:48:31.223,1.60509,1.60557,1.80,2.55
2012.05.28 10:48:33.233,1.60509,1.60555,1.80,1.13
2012.05.28 10:48:33.404,1.60509,1.60555,1.80,1.13
2012.05.28 10:48:33.835,1.60509,1.60555,1.80,1.13
2012.05.28 10:48:35.803,1.60509,1.60554,1.80,1.13
2012.05.28 10:48:35.929,1.60509,1.60554,1.80,1.13
2012.05.28 10:48:36.556,1.60509,1.60554,1.80,1.50
2012.05.28 10:48:36.682,1.60509,1.60554,1.80,1.50
2012.05.28 10:48:38.004,1.60508,1.60549,1.80,1.43
2012.05.28 10:48:38.911,1.60508,1.60549,1.80,2.93
2012.05.28 10:48:39.255,1.605,1.60541,2.18,1.43
2012.05.28 10:48:39.763,1.60508,1.60549,1.43,2.14
2012.05.28 10:48:39.950,1.60508,1.60549,1.43,1.43
2012.05.28 10:48:42.171,1.60508,1.60549,1.43,2.18
2012.05.28 10:48:42.241,1.60508,1.60548,1.43,1.50
2012.05.28 10:48:42.552,1.60501,1.6054,2.18,1.43
2012.05.28 10:48:42.865,1.60501,1.6054,2.18,1.43
2012.05.28 10:48:43.112,1.60509,1.60548,1.43,1.43
2012.05.28 10:48:47.529,1.60509,1.60548,1.43,2.18
2012.05.28 10:48:47.989,1.60509,1.60548,1.43,2.18
2012.05.28 10:48:59.839,1.60509,1.60548,1.43,2.18
2012.05.28 10:49:00.293,1.60509,1.60548,1.43,2.18
2012.05.28 10:49:07.082,1.60501,1.60539,1.50,1.43
2012.05.28 10:49:07.153,1.605,1.6054,2.55,1.43
2012.05.28 10:49:07.282,1.605,1.60537,1.13,1.43
2012.05.28 10:49:07.594,1.60495,1.60535,2.33,1.43
2012.05.28 10:49:07.661,1.60495,1.60535,1.95,1.43
2012.05.28 10:49:07.934,1.60494,1.60534,1.58,1.80
2012.05.28 10:49:08.243,1.60493,1.60534,1.80,1.13
2012.05.28 10:49:08.806,1.60493,1.60534,1.80,1.13
2012.05.28 10:49:09.561,1.60493,1.60533,1.80,1.13
2012.05.28 10:49:10.024,1.60493,1.60534,1.80,1.13
2012.05.28 10:49:10.151,1.60493,1.60534,1.80,1.13
2012.05.28 10:49:10.838,1.60491,1.6053,1.13,2.18
2012.05.28 10:49:11.191,1.60491,1.6053,1.13,2.18
2012.05.28 10:49:11.261,1.60488,1.6053,2.18,2.55
2012.05.28 10:49:11.331,1.60482,1.60522,1.28,1.43
2012.05.28 10:49:11.403,1.6048,1.60522,2.33,2.18
2012.05.28 10:49:11.470,1.6048,1.60522,2.33,1.43
2012.05.28 10:49:11.531,1.60477,1.60514,2.31,1.43
2012.05.28 10:49:12.080,1.60476,1.60514,1.50,1.43
2012.05.28 10:49:12.625,1.60477,1.60513,1.50,1.43
2012.05.28 10:49:13.153,1.60477,1.60513,1.50,1.43
2012.05.28 10:49:13.734,1.60477,1.60513,1.13,1.43
2012.05.28 10:49:14.054,1.60477,1.60513,1.50,1.43
2012.05.28 10:49:15.891,1.60482,1.60513,1.13,1.43
2012.05.28 10:49:16.083,1.60482,1.60521,1.13,1.43
2012.05.28 10:49:16.962,1.60483,1.60521,1.13,1.43
2012.05.28 10:49:17.151,1.60489,1.60529,1.13,1.13
2012.05.28 10:49:17.923,1.60489,1.6053,1.13,2.18
2012.05.28 10:49:18.157,1.60482,1.60522,1.88,1.43
2012.05.28 10:49:18.281,1.60484,1.60522,1.13,1.43
2012.05.28 10:49:20.173,1.60482,1.60522,1.13,1.43
2012.05.28 10:49:20.304,1.60482,1.60522,1.13,1.80
2012.05.28 10:49:20.372,1.60482,1.60518,1.13,1.43
2012.05.28 10:49:20.785,1.60476,1.60513,1.50,1.43
2012.05.28 10:49:21.812,1.60474,1.60513,1.47,1.43
2012.05.28 10:49:22.124,1.60477,1.60515,1.13,1.43
2012.05.28 10:49:22.193,1.60479,1.6052,2.18,1.43
2012.05.28 10:49:22.262,1.60479,1.6052,1.43,1.43
2012.05.28 10:49:22.516,1.60479,1.6052,2.18,1.43
2012.05.28 10:49:23.037,1.60481,1.60519,1.13,1.43
2012.05.28 10:49:23.522,1.60483,1.60522,1.43,1.80
2012.05.28 10:49:24.138,1.60483,1.60522,1.43,1.80
2012.05.28 10:49:25.276,1.60479,1.60518,1.80,1.43
2012.05.28 10:49:25.710,1.60482,1.60523,1.43,1.80
2012.05.28 10:49:25.894,1.60482,1.60523,1.43,2.55
2012.05.28 10:49:26.204,1.6048,1.60519,1.43,2.55
2012.05.28 10:49:26.272,1.6048,1.60519,2.18,1.43
2012.05.28 10:49:26.812,1.6048,1.60519,1.80,1.43
2012.05.28 10:49:27.221,1.60483,1.60519,1.50,1.43
2012.05.28 10:49:27.280,1.60486,1.60528,2.18,1.43
2012.05.28 10:49:28.899,1.60486,1.60528,1.43,2.18
2012.05.28 10:49:29.172,1.60482,1.60526,1.50,2.18
2012.05.28 10:49:29.504,1.60481,1.60511,1.50,1.43
2012.05.28 10:49:29.632,1.60473,1.60511,1.50,1.43
2012.05.28 10:49:29.703,1.60479,1.6052,2.18,1.43
2012.05.28 10:49:29.891,1.60479,1.6052,1.43,1.43
2012.05.28 10:49:29.960,1.60479,1.6052,2.18,1.43
2012.05.28 10:49:30.565,1.60481,1.6052,1.13,1.43
2012.05.28 10:49:33.193,1.60482,1.6052,1.13,1.80
2012.05.28 10:49:33.501,1.60482,1.60511,1.13,1.43
2012.05.28 10:49:33.740,1.60472,1.60511,2.18,1.43
2012.05.28 10:49:36.280,1.60473,1.60505,1.50,1.43
2012.05.28 10:49:36.644,1.60477,1.60513,1.13,1.43
2012.05.28 10:49:37.298,1.60477,1.60513,1.13,1.43
2012.05.28 10:49:38.544,1.60476,1.60513,1.13,1.43
2012.05.28 10:49:43.582,1.60479,1.6052,1.43,1.43
2012.05.28 10:49:43.711,1.60476,1.60513,1.13,1.43
2012.05.28 10:49:44.241,1.60476,1.60513,1.13,1.43
2012.05.28 10:49:44.594,1.60481,1.60519,1.50,1.43
2012.05.28 10:49:44.901,1.60481,1.60518,1.43,1.50
2012.05.28 10:49:45.022,1.60472,1.60511,2.03,1.43
2012.05.28 10:49:45.214,1.6048,1.60521,1.43,1.80
2012.05.28 10:49:45.282,1.6048,1.60521,1.43,2.55
2012.05.28 10:49:45.639,1.60489,1.60527,1.43,1.50
2012.05.28 10:49:45.883,1.60479,1.6052,1.80,1.43
2012.05.28 10:49:46.013,1.60479,1.6052,1.43,1.43
2012.05.28 10:49:46.143,1.60479,1.6052,1.80,1.43
2012.05.28 10:49:46.468,1.60487,1.60524,1.43,1.13
2012.05.28 10:49:46.531,1.6048,1.60519,1.43,1.43
2012.05.28 10:49:47.606,1.6048,1.60519,1.43,2.18
2012.05.28 10:49:48.221,1.60481,1.60521,1.43,1.13
2012.05.28 10:49:48.313,1.60481,1.60522,1.43,1.80
2012.05.28 10:49:48.562,1.60481,1.60521,1.43,1.13
2012.05.28 10:49:48.709,1.60481,1.60522,1.43,1.80
2012.05.28 10:49:48.952,1.60483,1.60522,1.43,1.80
2012.05.28 10:49:49.375,1.60483,1.60521,1.43,1.13
2012.05.28 10:49:49.533,1.60483,1.60522,1.43,1.80
2012.05.28 10:49:49.694,1.60483,1.60521,1.43,1.13
2012.05.28 10:49:49.831,1.60483,1.60522,1.43,1.80
2012.05.28 10:49:51.560,1.60481,1.60522,1.43,1.80
2012.05.28 10:49:52.281,1.60481,1.60522,2.18,1.80
2012.05.28 10:49:52.888,1.60481,1.60522,1.43,1.80
2012.05.28 10:50:01.440,1.60481,1.60521,1.43,1.13
2012.05.28 10:50:01.621,1.60474,1.60515,2.18,1.43
2012.05.28 10:50:01.871,1.60476,1.60515,1.13,1.43
2012.05.28 10:50:01.943,1.60481,1.60522,2.18,1.80
2012.05.28 10:50:02.072,1.60483,1.60522,1.43,1.80
2012.05.28 10:50:04.093,1.60476,1.60514,1.13,1.43
2012.05.28 10:50:04.431,1.60481,1.6052,2.18,1.43
2012.05.28 10:50:04.770,1.60483,1.60522,2.18,1.80
2012.05.28 10:50:07.197,1.60483,1.60522,1.43,1.80
2012.05.28 10:50:07.385,1.60483,1.60522,2.18,1.43
2012.05.28 10:50:07.512,1.6049,1.60531,2.18,2.88
2012.05.28 10:50:08.062,1.60488,1.60528,2.55,1.43
2012.05.28 10:50:08.132,1.60488,1.60528,1.80,1.43
2012.05.28 10:50:08.311,1.60488,1.60528,2.55,1.43
2012.05.28 10:50:12.561,1.60488,1.60528,2.55,2.50
2012.05.28 10:50:14.643,1.60488,1.60528,1.80,3.25
2012.05.28 10:50:14.782,1.6049,1.60528,1.43,1.83
2012.05.28 10:50:19.355,1.6049,1.60528,1.43,1.83
2012.05.28 10:50:24.551,1.6049,1.60528,2.18,1.83
2012.05.28 10:50:29.364,1.60488,1.60528,1.13,1.83
2012.05.28 10:50:30.123,1.60489,1.60529,1.13,1.43
2012.05.28 10:50:30.962,1.60487,1.60525,1.80,1.47
2012.05.28 10:50:31.032,1.60487,1.60525,1.43,1.47
2012.05.28 10:50:31.102,1.60481,1.60522,2.18,1.43
2012.05.28 10:50:31.645,1.60482,1.60523,1.43,1.43
2012.05.28 10:50:31.714,1.60482,1.60523,1.43,2.18
2012.05.28 10:50:31.902,1.6048,1.60518,1.13,2.18
2012.05.28 10:50:33.206,1.6048,1.60518,1.13,1.43
2012.05.28 10:50:33.810,1.6048,1.60517,1.13,1.43
2012.05.28 10:50:34.557,1.6048,1.60517,1.13,1.43
2012.05.28 10:50:40.312,1.6048,1.60517,1.13,1.43
2012.05.28 10:50:40.863,1.60481,1.6052,2.18,1.43
2012.05.28 10:50:44.722,1.60478,1.60519,1.80,1.43
2012.05.28 10:50:45.062,1.60478,1.60517,1.80,1.43
2012.05.28 10:50:45.363,1.60477,1.60515,1.65,1.43
2012.05.28 10:50:45.586,1.6048,1.60518,1.13,1.43
2012.05.28 10:50:50.111,1.6048,1.60521,2.55,1.43
2012.05.28 10:50:50.603,1.60477,1.60514,1.65,1.43
2012.05.28 10:50:50.672,1.60478,1.60517,1.95,1.43
2012.05.28 10:50:50.742,1.60482,1.60523,2.18,1.43
2012.05.28 10:50:51.054,1.60478,1.60517,1.80,1.43
2012.05.28 10:50:51.181,1.60482,1.60521,1.43,1.43
2012.05.28 10:50:51.520,1.60477,1.60514,1.65,1.43
2012.05.28 10:50:57.727,1.60477,1.60514,1.28,1.43
2012.05.28 10:50:57.911,1.60477,1.60516,2.70,1.43
2012.05.28 10:51:02.290,1.60477,1.60516,1.43,1.80
2012.05.28 10:51:02.411,1.6047,1.60512,1.80,1.43
2012.05.28 10:51:02.541,1.60466,1.60508,1.50,1.43
2012.05.28 10:51:03.223,1.6047,1.60508,1.13,1.43
2012.05.28 10:51:03.292,1.60471,1.60511,2.18,1.43
2012.05.28 10:51:09.502,1.60471,1.60511,1.80,2.55
2012.05.28 10:51:15.436,1.60471,1.60508,1.13,1.43
2012.05.28 10:51:16.227,1.60466,1.60508,2.93,1.43
2012.05.28 10:51:25.292,1.60467,1.60508,1.13,1.43
2012.05.28 10:51:37.244,1.60471,1.60508,1.13,1.43
2012.05.28 10:51:37.313,1.60471,1.60508,1.13,1.43
2012.05.28 10:51:37.384,1.60477,1.60518,1.43,2.52
2012.05.28 10:51:37.611,1.60477,1.60518,1.43,2.18
2012.05.28 10:51:37.679,1.60476,1.6052,1.50,1.43
2012.05.28 10:51:37.743,1.60482,1.60523,1.43,1.43
2012.05.28 10:51:41.023,1.60481,1.60522,1.80,1.43
2012.05.28 10:51:41.212,1.60478,1.60517,1.80,1.43
2012.05.28 10:51:41.466,1.60472,1.60512,1.43,1.43
2012.05.28 10:51:42.680,1.60471,1.60512,1.13,1.43
2012.05.28 10:51:43.253,1.60472,1.60512,1.43,1.43
2012.05.28 10:51:43.588,1.60472,1.60512,1.43,2.18
2012.05.28 10:51:43.772,1.60472,1.60512,1.43,1.43
2012.05.28 10:51:58.032,1.60477,1.60518,1.43,2.55
2012.05.28 10:52:30.324,1.60477,1.60518,2.18,1.80
2012.05.28 10:52:30.512,1.60482,1.60523,2.18,1.43
2012.05.28 10:52:36.213,1.60482,1.60523,1.43,2.18
2012.05.28 10:52:36.282,1.60482,1.60522,1.43,1.50
2012.05.28 10:52:36.593,1.60474,1.60515,2.18,1.43
2012.05.28 10:52:37.183,1.60474,1.60515,2.18,1.43
2012.05.28 10:52:42.503,1.60474,1.60515,1.43,2.18
2012.05.28 10:52:42.572,1.60474,1.60515,2.18,1.43
2012.05.28 10:52:51.194,1.6048,1.60519,2.18,1.80
2012.05.28 10:52:51.502,1.60484,1.60526,1.80,2.33
2012.05.28 10:52:51.691,1.60484,1.60526,2.55,1.43
2012.05.28 10:52:56.371,1.60484,1.60526,1.80,2.18
2012.05.28 10:52:56.551,1.60484,1.60526,2.55,1.43
2012.05.28 10:52:56.681,1.60484,1.60526,1.80,2.18
2012.05.28 10:52:56.883,1.60484,1.60526,2.55,1.43
2012.05.28 10:52:59.102,1.60484,1.60526,1.80,2.18
2012.05.28 10:52:59.344,1.60484,1.60526,2.55,1.43
2012.05.28 10:52:59.473,1.60484,1.60526,1.80,2.18
2012.05.28 10:52:59.542,1.60485,1.60526,1.13,1.43
2012.05.28 10:52:59.671,1.60487,1.60532,2.18,3.97
2012.05.28 10:52:59.744,1.60487,1.60529,1.43,1.09
2012.05.28 10:52:59.811,1.60487,1.6053,1.43,1.13
2012.05.28 10:52:59.873,1.60487,1.60532,2.18,2.88
2012.05.28 10:53:00.182,1.60486,1.60527,1.43,2.18
2012.05.28 10:53:00.251,1.60487,1.6053,2.18,1.13
2012.05.28 10:53:02.395,1.6049,1.6053,1.43,1.13
2012.05.28 10:53:02.533,1.60487,1.60529,2.18,2.18
2012.05.28 10:53:04.641,1.60487,1.6053,1.43,1.13
2012.05.28 10:53:04.700,1.60487,1.6053,2.55,1.13
2012.05.28 10:53:04.762,1.60488,1.60532,1.13,1.80
2012.05.28 10:53:04.972,1.60492,1.60534,1.80,2.18
2012.05.28 10:53:05.404,1.60495,1.60535,1.43,2.18
2012.05.28 10:53:05.531,1.60495,1.60535,2.18,1.43
2012.05.28 10:53:06.654,1.60495,1.60535,2.18,1.43
2012.05.28 10:53:06.783,1.60495,1.60535,2.33,1.43
2012.05.28 10:53:06.912,1.60497,1.6054,2.52,2.55
2012.05.28 10:53:14.132,1.60498,1.6054,1.09,1.43
2012.05.28 10:53:14.203,1.60497,1.6054,2.52,2.18
2012.05.28 10:53:14.752,1.60496,1.6054,1.43,1.13
2012.05.28 10:53:15.064,1.60496,1.60534,1.43,1.13
2012.05.28 10:53:15.432,1.60489,1.60532,1.43,2.18
2012.05.28 10:53:16.295,1.60494,1.60534,1.43,1.13
2012.05.28 10:53:16.514,1.60488,1.60533,1.43,2.18
2012.05.28 10:53:18.164,1.60488,1.60533,1.80,2.18
2012.05.28 10:53:18.234,1.60491,1.60533,1.13,1.43
2012.05.28 10:53:18.302,1.60498,1.60534,1.43,1.13
2012.05.28 10:53:18.932,1.60498,1.60537,1.80,1.43
2012.05.28 10:53:19.440,1.60498,1.60543,1.80,1.13
2012.05.28 10:53:20.692,1.60498,1.60543,1.80,1.13
2012.05.28 10:53:20.821,1.60507,1.60543,1.43,1.13
2012.05.28 10:53:21.063,1.60499,1.60543,1.43,2.55
2012.05.28 10:53:21.944,1.60498,1.60543,1.80,2.55
2012.05.28 10:53:22.469,1.60499,1.6054,1.43,1.43
2012.05.28 10:53:23.764,1.60498,1.60543,1.80,1.80
2012.05.28 10:53:24.412,1.60498,1.60543,1.80,2.55
2012.05.28 10:53:24.927,1.60497,1.60538,1.80,2.18
2012.05.28 10:53:26.432,1.60499,1.6054,1.43,1.43
2012.05.28 10:53:28.146,1.60499,1.6054,1.43,2.18
2012.05.28 10:53:28.653,1.60498,1.60537,1.80,1.43
2012.05.28 10:53:40.894,1.60498,1.60537,1.80,2.18
2012.05.28 10:53:41.142,1.60489,1.60534,1.43,2.18
2012.05.28 10:53:41.461,1.60489,1.60534,2.18,1.43
2012.05.28 10:53:41.982,1.60489,1.60534,1.43,2.18
2012.05.28 10:53:42.559,1.60489,1.60534,1.80,2.18
2012.05.28 10:53:56.910,1.605,1.60538,1.43,1.13
2012.05.28 10:53:57.072,1.60492,1.60534,1.13,1.43
2012.05.28 10:54:05.022,1.60496,1.60537,1.43,1.80
2012.05.28 10:54:12.102,1.60494,1.60533,2.18,1.43
2012.05.28 10:54:12.173,1.60496,1.60537,2.18,1.80
2012.05.28 10:54:13.836,1.60496,1.60537,2.18,1.80
2012.05.28 10:54:14.142,1.60505,1.60544,2.18,2.18
2012.05.28 10:54:14.214,1.60505,1.60544,2.18,1.43
2012.05.28 10:54:15.235,1.60505,1.60544,1.43,2.18
2012.05.28 10:54:15.304,1.60501,1.60542,1.50,1.43
2012.05.28 10:54:17.562,1.60502,1.60542,1.93,1.43
2012.05.28 10:54:17.754,1.60503,1.60542,1.56,1.43
2012.05.28 10:54:18.066,1.60507,1.60536,1.50,1.43
2012.05.28 10:54:18.196,1.60503,1.60536,1.05,1.43
2012.05.28 10:54:18.262,1.60511,1.6055,1.43,1.50
2012.05.28 10:54:18.897,1.60503,1.60547,2.18,1.43
2012.05.28 10:54:22.046,1.60503,1.60545,2.18,1.43
2012.05.28 10:54:24.213,1.60504,1.60545,1.80,2.18
2012.05.28 10:54:31.148,1.60503,1.60545,2.18,2.18
2012.05.28 10:54:31.333,1.60504,1.60546,1.80,2.18
2012.05.28 10:54:34.702,1.60504,1.60546,1.80,2.18
2012.05.28 10:54:41.395,1.60504,1.60546,1.80,1.43
2012.05.28 10:54:41.583,1.605,1.60539,1.13,1.43
2012.05.28 10:54:41.904,1.60499,1.60536,1.13,1.43
2012.05.28 10:54:42.329,1.60499,1.60533,1.13,1.43
2012.05.28 10:54:42.398,1.60499,1.60539,2.55,1.43
2012.05.28 10:54:42.527,1.60498,1.60537,1.13,1.43
2012.05.28 10:54:42.652,1.60498,1.60539,1.13,1.43
2012.05.28 10:54:43.553,1.60499,1.60539,1.13,1.43
2012.05.28 10:54:44.299,1.60498,1.60539,1.13,2.18
2012.05.28 10:54:52.871,1.60499,1.60539,2.93,2.18
2012.05.28 10:54:53.362,1.60499,1.60534,1.56,1.43
2012.05.28 10:54:54.741,1.60497,1.60526,1.13,1.43
2012.05.28 10:54:55.461,1.60493,1.60526,1.50,1.43
2012.05.28 10:54:56.165,1.60493,1.60525,1.50,1.43
2012.05.28 10:54:56.762,1.60494,1.60528,1.50,1.43
2012.05.28 10:54:57.072,1.60494,1.6053,2.25,1.43
2012.05.28 10:54:57.291,1.60494,1.6053,1.50,1.43
2012.05.28 10:54:59.222,1.60494,1.6053,2.25,1.43
2012.05.28 10:55:00.106,1.60494,1.6053,1.50,1.43
2012.05.28 10:55:00.171,1.60494,1.6053,2.25,1.43
2012.05.28 10:55:00.484,1.60496,1.60538,2.18,2.14
2012.05.28 10:55:01.974,1.60496,1.60538,2.18,1.80
2012.05.28 10:55:02.202,1.60496,1.60538,2.18,2.18
2012.05.28 10:55:02.382,1.60491,1.6053,1.50,1.43
2012.05.28 10:55:02.522,1.60491,1.60527,2.40,1.43
2012.05.28 10:55:02.761,1.60492,1.60533,1.65,2.18
2012.05.28 10:55:03.005,1.60496,1.6053,1.13,1.43
2012.05.28 10:55:03.196,1.60492,1.6053,1.05,1.43
2012.05.28 10:55:03.264,1.60496,1.60538,1.58,2.93
2012.05.28 10:55:03.333,1.60496,1.60538,1.80,2.55
2012.05.28 10:55:03.866,1.60495,1.60535,1.80,1.43
2012.05.28 10:55:03.938,1.60495,1.60535,1.43,1.43
2012.05.28 10:55:04.005,1.605,1.6054,2.18,1.80
2012.05.28 10:55:04.132,1.605,1.6054,1.43,2.18
2012.05.28 10:55:04.324,1.605,1.6054,1.43,1.43
2012.05.28 10:55:04.393,1.605,1.6054,2.18,1.43
2012.05.28 10:55:04.524,1.60509,1.60548,1.80,1.43
2012.05.28 10:55:04.865,1.6051,1.60552,1.80,1.43
2012.05.28 10:55:11.109,1.60511,1.60552,1.13,1.43
2012.05.28 10:55:11.173,1.60512,1.60552,1.13,1.43
2012.05.28 10:55:11.363,1.60515,1.60557,1.43,1.43
2012.05.28 10:55:11.552,1.60515,1.60557,2.18,1.43
2012.05.28 10:55:11.892,1.60521,1.60559,1.50,1.80
2012.05.28 10:55:12.199,1.60521,1.60559,1.56,1.80
2012.05.28 10:55:13.014,1.60521,1.60561,2.93,1.43
2012.05.28 10:55:13.485,1.60522,1.60564,2.18,2.18
2012.05.28 10:55:14.013,1.60522,1.60564,2.93,1.43
2012.05.28 10:55:14.156,1.60522,1.60564,3.30,1.43
2012.05.28 10:55:14.741,1.60527,1.60564,1.13,1.43
2012.05.28 10:55:14.871,1.60527,1.60569,2.55,1.80
2012.05.28 10:55:15.253,1.6053,1.60572,1.43,1.80
2012.05.28 10:55:15.601,1.6053,1.60572,1.80,1.43
2012.05.28 10:55:15.984,1.6053,1.6057,1.80,2.18
2012.05.28 10:55:16.291,1.60526,1.60566,2.25,1.43
2012.05.28 10:55:16.603,1.60526,1.60563,2.25,1.43
2012.05.28 10:55:16.922,1.60527,1.60561,2.25,1.43
2012.05.28 10:55:17.304,1.60528,1.6057,2.55,1.43
2012.05.28 10:55:17.432,1.6053,1.6057,1.50,2.18
2012.05.28 10:55:17.623,1.60527,1.60562,1.88,1.43
2012.05.28 10:55:20.173,1.60527,1.60563,1.88,1.43
2012.05.28 10:55:22.350,1.60527,1.60568,1.88,2.18
2012.05.28 10:55:22.412,1.60527,1.60568,1.88,2.18
2012.05.28 10:55:23.088,1.60527,1.60567,1.13,1.43
2012.05.28 10:55:26.093,1.6053,1.6057,1.43,1.43
2012.05.28 10:55:32.666,1.60531,1.60571,1.43,1.43
2012.05.28 10:55:33.152,1.6053,1.6057,1.43,2.18
2012.05.28 10:55:33.741,1.60528,1.6057,1.80,1.43
2012.05.28 10:55:34.042,1.60531,1.60571,1.43,1.43
2012.05.28 10:55:34.408,1.60531,1.60571,1.43,2.18
2012.05.28 10:55:35.324,1.60531,1.60571,1.43,1.43
2012.05.28 10:55:42.411,1.60531,1.60571,1.43,2.18
2012.05.28 10:55:42.481,1.60527,1.60564,1.13,1.43
2012.05.28 10:55:44.130,1.60522,1.60564,2.18,2.18
2012.05.28 10:55:44.641,1.60522,1.60564,2.18,1.43
2012.05.28 10:55:46.569,1.60521,1.60561,2.18,1.43
2012.05.28 10:55:46.837,1.60522,1.60564,2.18,1.43
2012.05.28 10:55:48.930,1.60522,1.60564,2.18,2.18
2012.05.28 10:55:53.009,1.60522,1.60564,2.18,1.43
2012.05.28 10:55:53.516,1.60522,1.60564,2.18,2.18
2012.05.28 10:55:54.070,1.60522,1.60562,2.55,1.43
2012.05.28 10:55:58.211,1.60522,1.60562,2.55,2.18
2012.05.28 10:55:58.456,1.60522,1.60562,2.55,1.43
2012.05.28 10:55:58.832,1.60523,1.60563,2.18,2.18
2012.05.28 10:55:58.962,1.60528,1.60568,1.43,1.43
2012.05.28 10:55:59.432,1.60533,1.60573,1.43,1.13
2012.05.28 10:56:05.921,1.60533,1.60574,1.43,1.80
2012.05.28 10:56:09.770,1.60533,1.60574,1.43,2.55
2012.05.28 10:56:10.422,1.60533,1.60571,1.43,1.13
2012.05.28 10:56:10.508,1.60527,1.60571,1.13,2.55
2012.05.28 10:56:10.632,1.60526,1.60564,1.28,1.43
2012.05.28 10:56:10.962,1.60525,1.60569,1.95,1.13
2012.05.28 10:56:11.092,1.60523,1.60564,1.56,1.43
2012.05.28 10:56:17.622,1.60523,1.60564,1.13,1.80
2012.05.28 10:56:17.955,1.60523,1.60559,1.13,1.43
2012.05.28 10:56:18.021,1.6052,1.60559,1.93,1.43
2012.05.28 10:56:20.069,1.60521,1.60559,1.18,1.43
2012.05.28 10:56:20.939,1.60522,1.60559,1.13,1.43
2012.05.28 10:56:26.601,1.60522,1.60559,1.13,1.43
2012.05.28 10:56:27.147,1.60522,1.60559,1.13,1.43
2012.05.28 10:56:27.832,1.60517,1.60559,3.68,1.43
2012.05.28 10:56:27.914,1.60517,1.60559,3.68,1.43
2012.05.28 10:56:28.096,1.60517,1.60559,4.43,1.43
2012.05.28 10:56:37.112,1.60521,1.60559,1.13,1.43
2012.05.28 10:56:37.360,1.60527,1.60569,3.30,1.43
2012.05.28 10:56:39.370,1.60527,1.60569,2.55,1.43
2012.05.28 10:56:39.621,1.60537,1.60577,1.13,1.43
2012.05.28 10:56:40.050,1.60533,1.60571,1.93,1.43
2012.05.28 10:56:40.300,1.60528,1.60569,1.43,1.43
2012.05.28 10:56:40.491,1.60528,1.60569,1.88,1.43
2012.05.28 10:56:44.645,1.60527,1.60569,2.55,1.43
2012.05.28 10:56:58.530,1.60527,1.60569,1.80,2.18
2012.05.28 10:57:08.817,1.60529,1.60569,1.80,2.18
2012.05.28 10:57:11.279,1.60531,1.60571,1.80,1.43
2012.05.28 10:57:11.822,1.60533,1.60574,1.43,2.55
2012.05.28 10:57:13.053,1.60533,1.60574,1.43,2.55
2012.05.28 10:57:13.122,1.60533,1.60574,1.43,2.55
2012.05.28 10:57:14.023,1.60533,1.60574,1.80,2.55
2012.05.28 10:57:14.549,1.60533,1.60574,1.80,1.80
2012.05.28 10:57:15.387,1.60533,1.60574,2.98,1.80
2012.05.28 10:57:15.911,1.60533,1.60574,1.80,2.93
2012.05.28 10:57:16.342,1.60527,1.60572,1.50,2.18
2012.05.28 10:57:16.471,1.60527,1.60572,2.63,1.43
2012.05.28 10:57:17.001,1.60534,1.60573,1.80,2.18
2012.05.28 10:57:17.129,1.60534,1.60573,1.80,1.43
2012.05.28 10:57:18.149,1.60534,1.60573,1.80,1.43
2012.05.28 10:57:18.758,1.60534,1.60573,1.80,1.43
2012.05.28 10:57:26.519,1.60534,1.60573,1.80,1.43
2012.05.28 10:57:30.261,1.60534,1.60573,1.80,1.43
2012.05.28 10:57:31.275,1.60534,1.60573,1.80,1.43
2012.05.28 10:57:35.130,1.60534,1.60573,1.80,1.43
2012.05.28 10:57:35.641,1.60534,1.60573,1.80,1.43
2012.05.28 10:57:36.429,1.60534,1.60573,1.80,2.18
2012.05.28 10:57:36.914,1.60534,1.60573,1.80,1.43
2012.05.28 10:57:37.625,1.60534,1.60573,1.80,1.43
2012.05.28 10:57:38.261,1.60534,1.60573,1.80,2.18
2012.05.28 10:57:38.807,1.60534,1.60573,1.80,2.18
2012.05.28 10:57:39.329,1.60534,1.60573,1.80,2.18
2012.05.28 10:57:45.402,1.60534,1.60573,1.80,2.18
2012.05.28 10:57:51.329,1.60534,1.60573,1.80,2.18
2012.05.28 10:57:51.888,1.60534,1.60573,1.80,2.18
2012.05.28 10:57:53.662,1.60537,1.60574,1.43,1.13
2012.05.28 10:57:54.040,1.60543,1.60581,1.43,1.50
2012.05.28 10:57:54.111,1.60548,1.60588,1.13,1.45
2012.05.28 10:57:54.183,1.60548,1.60591,1.88,2.52
2012.05.28 10:57:54.496,1.60552,1.60586,1.43,1.13
2012.05.28 10:57:54.565,1.60547,1.60586,2.55,1.13
2012.05.28 10:57:54.634,1.60547,1.60586,1.80,1.13
2012.05.28 10:57:54.820,1.60539,1.60584,2.55,2.18
2012.05.28 10:57:55.010,1.60539,1.60572,1.13,2.18
2012.05.28 10:57:55.199,1.60529,1.60572,2.18,2.18
2012.05.28 10:57:58.385,1.60529,1.60572,2.18,1.43
2012.05.28 10:57:58.540,1.60529,1.60572,2.18,2.18
2012.05.28 10:57:58.848,1.60536,1.60576,1.43,1.13
2012.05.28 10:57:59.084,1.6053,1.60576,1.80,1.13
2012.05.28 10:57:59.151,1.6053,1.60576,1.80,1.13
2012.05.28 10:58:00.124,1.60531,1.60575,1.43,2.18
2012.05.28 10:58:02.900,1.60528,1.60568,1.80,2.18
2012.05.28 10:58:03.292,1.60528,1.60567,1.43,1.13
2012.05.28 10:58:03.360,1.60521,1.60566,2.61,2.18
2012.05.28 10:58:03.619,1.60521,1.60566,1.80,2.18
2012.05.28 10:58:05.512,1.60521,1.60566,1.80,2.18
2012.05.28 10:58:05.820,1.60527,1.60569,1.43,2.55
2012.05.28 10:58:05.889,1.60527,1.60569,1.43,2.55
2012.05.28 10:58:07.821,1.60527,1.60569,1.43,2.55
2012.05.28 10:58:07.950,1.60527,1.60569,1.43,2.55
2012.05.28 10:58:08.021,1.60527,1.60569,1.43,2.55
2012.05.28 10:58:08.292,1.60527,1.60569,1.43,2.55
2012.05.28 10:58:08.982,1.60527,1.60569,1.43,2.55
2012.05.28 10:58:09.284,1.60527,1.60569,1.43,2.55
2012.05.28 10:58:09.566,1.60527,1.60569,1.43,2.55
2012.05.28 10:58:10.951,1.60527,1.60569,1.80,2.55
2012.05.28 10:58:11.262,1.60527,1.60569,1.80,2.55
2012.05.28 10:58:11.329,1.60527,1.60569,1.80,2.55
2012.05.28 10:58:12.029,1.60527,1.60569,1.80,2.55
2012.05.28 10:58:12.190,1.60527,1.60569,2.18,2.55
2012.05.28 10:58:12.260,1.60527,1.60569,2.98,2.55
2012.05.28 10:58:13.463,1.60527,1.60569,2.18,1.80
2012.05.28 10:58:13.991,1.60527,1.60569,1.43,1.80
2012.05.28 10:58:15.342,1.60527,1.60569,1.43,1.80
2012.05.28 10:58:16.533,1.60527,1.60569,1.43,1.80
2012.05.28 10:58:17.090,1.60527,1.60569,2.55,1.80
2012.05.28 10:58:17.151,1.60527,1.60569,3.30,1.80
2012.05.28 10:58:17.399,1.60527,1.60569,2.55,1.80
2012.05.28 10:58:18.672,1.60527,1.60569,1.43,2.18
2012.05.28 10:58:18.741,1.60527,1.60569,1.43,2.93
2012.05.28 10:58:18.809,1.60521,1.60567,1.47,1.80
2012.05.28 10:58:19.180,1.6052,1.60565,1.80,1.13
2012.05.28 10:58:19.477,1.60521,1.60567,1.13,1.80
2012.05.28 10:58:19.541,1.6052,1.60567,1.80,2.55
2012.05.28 10:58:19.611,1.60521,1.60567,1.13,1.80
2012.05.28 10:58:19.764,1.6052,1.60567,1.80,2.55
2012.05.28 10:58:19.951,1.60522,1.60567,1.13,1.80
2012.05.28 10:58:20.019,1.6052,1.60567,1.80,2.55
2012.05.28 10:58:20.079,1.60521,1.60567,1.13,1.80
2012.05.28 10:58:20.752,1.6052,1.60567,1.80,2.55
2012.05.28 10:58:20.820,1.60522,1.60567,1.13,1.80
2012.05.28 10:58:20.891,1.6052,1.60567,1.80,2.55
2012.05.28 10:58:21.241,1.60527,1.60569,1.43,2.55
2012.05.28 10:58:30.672,1.60528,1.60568,1.43,1.13
2012.05.28 10:58:31.203,1.60529,1.60569,2.18,1.80
2012.05.28 10:58:31.452,1.60533,1.60576,1.43,1.80
2012.05.28 10:58:32.603,1.60533,1.60576,1.43,1.43
2012.05.28 10:58:32.909,1.60533,1.60576,2.18,1.43
2012.05.28 10:58:33.091,1.60541,1.60585,1.13,1.13
2012.05.28 10:58:33.282,1.6054,1.60586,1.80,1.13
2012.05.28 10:58:33.551,1.60541,1.60587,1.13,1.80
2012.05.28 10:58:35.842,1.60541,1.60587,1.13,2.18
2012.05.28 10:58:35.971,1.60537,1.60579,2.18,1.80
2012.05.28 10:58:39.951,1.60537,1.60578,1.43,1.13
2012.05.28 10:58:40.078,1.60537,1.60579,1.43,2.55
2012.05.28 10:58:40.453,1.60537,1.60578,1.43,1.13
2012.05.28 10:58:40.699,1.60537,1.60579,1.43,2.55
2012.05.28 10:58:41.151,1.60537,1.60578,1.43,1.13
2012.05.28 10:58:41.280,1.60537,1.60578,1.43,1.13
2012.05.28 10:58:41.592,1.60543,1.60578,1.43,1.13
2012.05.28 10:58:41.661,1.60538,1.60578,1.43,1.13
2012.05.28 10:58:42.189,1.60537,1.60579,1.43,2.55
2012.05.28 10:58:42.643,1.60537,1.60579,1.43,2.55
2012.05.28 10:58:42.861,1.60537,1.60578,1.43,1.13
2012.05.28 10:58:43.358,1.60543,1.60583,1.43,2.93
2012.05.28 10:58:43.894,1.60543,1.60583,1.43,2.55
2012.05.28 10:58:45.970,1.60543,1.60583,1.43,2.93
2012.05.28 10:58:48.422,1.60543,1.60583,2.18,2.18
2012.05.28 10:58:48.734,1.60554,1.60593,1.43,2.18
2012.05.28 10:58:48.803,1.60558,1.60599,1.43,2.55
2012.05.28 10:58:48.931,1.60558,1.60599,1.43,2.55
2012.05.28 10:58:49.060,1.60558,1.60599,1.43,2.55
2012.05.28 10:58:49.241,1.60558,1.60599,1.43,2.55
2012.05.28 10:58:49.631,1.60558,1.60599,1.43,2.55
2012.05.28 10:58:50.372,1.60558,1.60599,1.43,2.93
2012.05.28 10:58:50.561,1.60554,1.60593,1.43,1.43
2012.05.28 10:58:52.772,1.60554,1.60593,2.18,1.43
2012.05.28 10:58:53.285,1.60554,1.60593,2.18,1.43
2012.05.28 10:58:53.410,1.60554,1.60593,1.43,2.18
2012.05.28 10:59:00.332,1.60554,1.60593,1.43,2.18
2012.05.28 10:59:00.496,1.60554,1.60593,1.43,1.43
2012.05.28 10:59:09.979,1.60554,1.60593,2.18,1.43
2012.05.28 10:59:10.241,1.60554,1.60593,1.43,1.43
2012.05.28 10:59:10.972,1.6056,1.60593,1.13,2.18
2012.05.28 10:59:11.102,1.60557,1.60593,1.13,2.18
2012.05.28 10:59:11.173,1.6056,1.60593,1.13,1.43
2012.05.28 10:59:11.242,1.60563,1.60605,1.43,3.27
2012.05.28 10:59:11.430,1.60557,1.60603,2.08,2.93
2012.05.28 10:59:11.921,1.6056,1.60603,1.28,2.18
2012.05.28 10:59:12.163,1.60557,1.60603,1.43,2.18
2012.05.28 10:59:12.231,1.60558,1.60603,1.43,1.43
2012.05.28 10:59:12.638,1.60558,1.60601,1.43,1.43
2012.05.28 10:59:12.821,1.60557,1.60601,2.55,1.43
2012.05.28 10:59:13.249,1.60558,1.60602,1.13,1.43
2012.05.28 10:59:13.371,1.60557,1.60602,2.55,1.43
2012.05.28 10:59:14.162,1.60557,1.60602,1.80,2.18
2012.05.28 10:59:14.472,1.60558,1.60602,1.13,1.43
2012.05.28 10:59:14.780,1.60558,1.60603,2.18,2.18
2012.05.28 10:59:14.851,1.60558,1.60603,2.18,2.18
2012.05.28 10:59:16.036,1.60563,1.60605,1.80,1.80
2012.05.28 10:59:16.104,1.60563,1.60604,1.80,1.13
2012.05.28 10:59:16.172,1.60563,1.60604,1.43,1.13
2012.05.28 10:59:16.241,1.60556,1.60603,2.55,2.18
2012.05.28 10:59:16.370,1.60556,1.60603,2.93,1.43
2012.05.28 10:59:16.852,1.60565,1.60604,1.43,1.13
2012.05.28 10:59:17.159,1.60565,1.60608,2.18,1.13
2012.05.28 10:59:18.671,1.60565,1.60609,2.18,1.50
2012.05.28 10:59:19.194,1.60565,1.60608,2.18,1.13
2012.05.28 10:59:19.830,1.60565,1.60609,2.18,1.50
2012.05.28 10:59:20.191,1.60568,1.60609,1.43,1.50
2012.05.28 10:59:20.650,1.60565,1.60609,2.18,1.50
2012.05.28 10:59:22.454,1.60565,1.6061,2.18,2.18
2012.05.28 10:59:22.971,1.60572,1.60612,2.18,2.18
2012.05.28 10:59:23.041,1.60575,1.60618,1.43,1.50
2012.05.28 10:59:23.171,1.60575,1.60619,2.18,1.84
2012.05.28 10:59:23.245,1.60575,1.60618,1.43,1.13
2012.05.28 10:59:23.312,1.60571,1.60613,2.18,2.18
2012.05.28 10:59:23.441,1.60571,1.60613,2.18,2.93
2012.05.28 10:59:23.511,1.60566,1.60607,2.18,1.80
2012.05.28 10:59:23.759,1.60566,1.60607,1.43,2.55
2012.05.28 10:59:23.819,1.60561,1.60602,2.18,1.43
2012.05.28 10:59:27.170,1.60561,1.60601,2.18,2.14
2012.05.28 10:59:27.480,1.60551,1.60587,1.13,1.43
2012.05.28 10:59:27.549,1.60554,1.60593,1.80,1.43
2012.05.28 10:59:28.229,1.60554,1.60593,1.80,1.43
2012.05.28 10:59:28.916,1.60554,1.60593,1.80,1.43
2012.05.28 10:59:31.009,1.60554,1.60593,1.80,1.43
2012.05.28 10:59:32.992,1.60554,1.60593,1.80,1.43
2012.05.28 10:59:33.786,1.60554,1.60593,1.80,2.18
2012.05.28 10:59:34.321,1.60562,1.60601,1.43,2.18
2012.05.28 10:59:34.950,1.60571,1.60601,1.13,1.43
2012.05.28 10:59:35.202,1.60578,1.60614,1.43,1.13
2012.05.28 10:59:35.400,1.60578,1.60617,1.43,2.18
2012.05.28 10:59:35.651,1.60569,1.6061,2.33,1.43
2012.05.28 10:59:35.782,1.60569,1.6061,1.73,1.43
2012.05.28 10:59:36.231,1.60569,1.6061,1.43,2.18
2012.05.28 10:59:36.544,1.60578,1.60613,1.43,1.09
2012.05.28 10:59:37.981,1.60578,1.60613,1.43,1.09
2012.05.28 10:59:38.112,1.60578,1.60613,1.43,1.09
2012.05.28 10:59:38.187,1.60578,1.60613,1.43,1.09
2012.05.28 10:59:39.220,1.60578,1.60616,1.43,1.13
2012.05.28 10:59:39.341,1.60578,1.60617,1.43,1.80
2012.05.28 10:59:39.649,1.60578,1.60617,1.43,2.18
2012.05.28 10:59:40.060,1.6057,1.60609,1.80,1.43
2012.05.28 10:59:40.582,1.60569,1.6061,1.43,1.43
2012.05.28 10:59:41.519,1.60569,1.6061,1.43,2.18
2012.05.28 10:59:42.050,1.60569,1.6061,1.43,1.43
2012.05.28 10:59:42.351,1.60569,1.6061,1.80,1.43
2012.05.28 10:59:43.124,1.60569,1.6061,1.80,1.43
2012.05.28 10:59:43.867,1.60569,1.6061,1.80,1.43
2012.05.28 10:59:44.449,1.60569,1.6061,1.80,2.18
2012.05.28 10:59:44.572,1.60565,1.60602,1.13,1.43
2012.05.28 10:59:44.760,1.60569,1.6061,1.43,2.18
2012.05.28 10:59:44.959,1.60565,1.60602,1.13,1.43
2012.05.28 10:59:45.263,1.60562,1.60602,2.25,1.43
2012.05.28 10:59:45.511,1.60563,1.60602,1.88,1.43
2012.05.28 10:59:45.694,1.60563,1.60602,1.13,1.43
2012.05.28 10:59:45.890,1.60563,1.60602,1.13,1.43
2012.05.28 10:59:46.323,1.60566,1.60602,1.50,2.18
2012.05.28 10:59:46.732,1.60565,1.60597,1.50,1.43
2012.05.28 10:59:47.161,1.60565,1.60601,1.50,1.43
2012.05.28 10:59:47.619,1.60562,1.60601,2.55,1.43
2012.05.28 10:59:50.470,1.6056,1.60596,1.13,1.43
2012.05.28 10:59:51.131,1.60557,1.60596,3.30,1.43
2012.05.28 10:59:52.262,1.60557,1.60596,1.80,2.18
2012.05.28 10:59:56.270,1.60557,1.60596,1.80,1.43
2012.05.28 10:59:58.081,1.60557,1.60596,2.55,2.18
2012.05.28 10:59:58.392,1.60557,1.60595,1.43,1.13
2012.05.28 10:59:58.464,1.60554,1.60591,1.09,1.43
2012.05.28 10:59:58.990,1.60554,1.60591,1.09,1.43
