2011.02.28 20:00:00.273,1.57953,1.58011,2.44,3.00
2011.02.28 20:00:00.743,1.57953,1.58011,2.44,2.25
2011.02.28 20:00:01.073,1.57952,1.58002,1.09,1.50
2011.02.28 20:00:04.303,1.57949,1.58002,1.50,2.44
2011.02.28 20:00:04.633,1.57944,1.57995,1.39,1.50
2011.02.28 20:00:04.853,1.57944,1.58002,2.89,1.50
2011.02.28 20:00:05.363,1.57949,1.58002,1.50,1.50
2011.02.28 20:00:05.825,1.57949,1.57995,1.50,1.50
2011.02.28 20:00:06.704,1.57948,1.58001,2.25,1.50
2011.02.28 20:00:07.353,1.57945,1.58001,2.07,1.50
2011.02.28 20:00:07.463,1.57944,1.57987,2.07,1.50
2011.02.28 20:00:08.574,1.57945,1.57995,1.32,1.50
2011.02.28 20:00:09.013,1.57949,1.57995,1.50,1.50
2011.02.28 20:00:09.343,1.57959,1.58011,1.13,1.80
2011.02.28 20:00:09.674,1.5796,1.58011,1.13,1.50
2011.02.28 20:00:11.573,1.5796,1.58011,1.50,1.50
2011.02.28 20:00:12.014,1.57967,1.58011,1.13,1.50
2011.02.28 20:00:12.122,1.57967,1.5802,1.13,2.44
2011.02.28 20:00:12.786,1.57976,1.5802,1.69,1.50
2011.02.28 20:00:12.893,1.57988,1.58037,1.50,1.84
2011.02.28 20:00:13.553,1.57991,1.58037,1.50,1.84
2011.02.28 20:00:14.064,1.5799,1.58029,1.50,1.65
2011.02.28 20:00:14.283,1.5799,1.58037,1.50,1.99
2011.02.28 20:00:14.723,1.57991,1.58037,1.50,1.77
2011.02.28 20:00:15.735,1.57984,1.58028,2.25,1.50
2011.02.28 20:00:16.834,1.57991,1.58042,1.50,1.09
2011.02.28 20:00:17.053,1.57996,1.58052,2.07,1.84
2011.02.28 20:00:17.163,1.58003,1.58052,1.50,1.84
2011.02.28 20:00:17.493,1.57994,1.58044,1.69,1.50
2011.02.28 20:00:18.053,1.57993,1.5804,1.13,1.69
2011.02.28 20:00:18.274,1.57984,1.58029,1.50,1.50
2011.02.28 20:00:19.073,1.57983,1.58029,1.69,1.50
2011.02.28 20:00:20.203,1.57978,1.58029,1.69,1.50
2011.02.28 20:00:21.144,1.57979,1.58029,1.69,1.65
2011.02.28 20:00:21.584,1.57991,1.58037,1.13,1.84
2011.02.28 20:00:24.534,1.57991,1.58045,1.69,1.20
2011.02.28 20:00:24.975,1.57991,1.58041,1.50,1.84
2011.02.28 20:00:25.848,1.57991,1.58036,1.50,1.50
2011.02.28 20:00:26.002,1.57991,1.58036,1.50,1.80
2011.02.28 20:00:26.114,1.57991,1.58036,1.50,1.65
2011.02.28 20:00:26.553,1.57994,1.58041,1.50,1.95
2011.02.28 20:00:26.965,1.57991,1.58041,1.69,1.80
2011.02.28 20:00:27.073,1.57991,1.58041,1.69,1.95
2011.02.28 20:00:27.252,1.57991,1.58041,1.69,1.80
2011.02.28 20:00:28.243,1.57994,1.58046,1.50,3.23
2011.02.28 20:00:28.465,1.57994,1.58045,1.50,1.05
2011.02.28 20:00:28.573,1.57993,1.58046,1.50,2.40
2011.02.28 20:00:28.683,1.57993,1.58042,1.50,1.80
2011.02.28 20:00:29.243,1.57991,1.58042,1.69,1.80
2011.02.28 20:00:29.644,1.5799,1.58042,1.32,1.65
2011.02.28 20:00:29.984,1.57984,1.58033,2.25,1.50
2011.02.28 20:00:30.937,1.57976,1.58033,1.69,1.80
2011.02.28 20:00:31.473,1.57976,1.58033,1.69,1.50
2011.02.28 20:00:31.584,1.57975,1.58043,2.44,1.24
2011.02.28 20:00:31.804,1.57973,1.5804,2.07,1.09
2011.02.28 20:00:32.024,1.57973,1.5803,2.07,1.50
2011.02.28 20:00:32.462,1.57982,1.58036,1.50,1.13
2011.02.28 20:00:33.309,1.57982,1.58036,1.50,1.28
2011.02.28 20:00:33.425,1.57973,1.58035,2.07,1.32
2011.02.28 20:00:34.206,1.57967,1.58021,1.69,1.50
2011.02.28 20:00:34.533,1.57967,1.58021,1.32,2.25
2011.02.28 20:00:34.644,1.57967,1.58021,1.32,1.50
2011.02.28 20:00:34.754,1.57974,1.58021,1.50,1.50
2011.02.28 20:00:35.194,1.57968,1.58021,2.07,1.50
2011.02.28 20:00:35.414,1.57968,1.5802,1.13,1.50
2011.02.28 20:00:35.747,1.57968,1.5802,1.13,1.65
2011.02.28 20:00:35.854,1.57968,1.5802,1.13,1.50
2011.02.28 20:00:36.410,1.57968,1.58024,2.63,1.84
2011.02.28 20:00:36.524,1.57968,1.58024,2.63,1.80
2011.02.28 20:00:37.074,1.57968,1.5802,1.13,1.58
2011.02.28 20:00:37.872,1.57968,1.5802,1.13,1.58
2011.02.28 20:00:38.494,1.57958,1.5802,1.69,1.80
2011.02.28 20:00:38.835,1.57958,1.5802,1.69,1.65
2011.02.28 20:00:39.880,1.57958,1.5802,1.69,1.80
2011.02.28 20:00:40.514,1.57958,1.5802,1.84,1.65
2011.02.28 20:00:40.785,1.57958,1.58016,1.69,1.65
2011.02.28 20:00:41.113,1.57958,1.58016,1.69,1.80
2011.02.28 20:00:42.004,1.57954,1.58011,1.50,1.80
2011.02.28 20:00:42.114,1.57954,1.58011,1.50,1.65
2011.02.28 20:00:44.123,1.57954,1.58011,1.50,1.65
2011.02.28 20:00:45.034,1.57962,1.58011,1.69,1.50
2011.02.28 20:00:45.145,1.57968,1.58024,2.07,1.73
2011.02.28 20:00:45.254,1.57968,1.58024,2.44,1.73
2011.02.28 20:00:45.696,1.57962,1.58017,3.19,1.65
2011.02.28 20:00:45.807,1.57962,1.58017,1.69,1.80
2011.02.28 20:00:48.024,1.57962,1.58017,2.25,1.58
2011.02.28 20:00:48.245,1.57958,1.58011,1.50,1.50
2011.02.28 20:00:49.914,1.57962,1.58011,1.50,1.65
2011.02.28 20:00:50.243,1.57962,1.58011,1.50,1.65
2011.02.28 20:00:50.465,1.57962,1.58011,1.50,1.50
2011.02.28 20:00:52.134,1.57962,1.58011,1.50,1.58
2011.02.28 20:00:53.141,1.57962,1.58011,1.50,1.50
2011.02.28 20:00:55.673,1.57962,1.58011,1.20,1.50
2011.02.28 20:00:55.963,1.57962,1.58011,1.13,1.58
2011.02.28 20:00:56.948,1.57962,1.58011,1.13,1.50
2011.02.28 20:00:59.123,1.57962,1.58011,1.13,1.58
2011.02.28 20:00:59.233,1.57962,1.58011,1.20,1.50
2011.02.28 20:01:00.513,1.57962,1.58011,1.28,1.50
2011.02.28 20:01:01.063,1.57961,1.58011,1.50,1.50
2011.02.28 20:01:01.285,1.57966,1.58028,1.32,1.20
2011.02.28 20:01:01.613,1.57968,1.58021,1.69,1.65
2011.02.28 20:01:03.613,1.57965,1.58021,1.69,1.80
2011.02.28 20:01:03.732,1.57965,1.58021,1.69,1.65
2011.02.28 20:01:03.845,1.57965,1.58021,1.69,1.80
2011.02.28 20:01:03.954,1.57965,1.58021,1.69,1.58
2011.02.28 20:01:04.065,1.57968,1.58021,1.09,1.50
2011.02.28 20:01:05.202,1.57968,1.58024,2.44,1.58
2011.02.28 20:01:09.583,1.57968,1.58024,2.59,1.65
2011.02.28 20:01:10.133,1.57976,1.58034,1.50,2.14
2011.02.28 20:01:10.884,1.57976,1.58034,1.50,1.99
2011.02.28 20:01:11.214,1.57972,1.58028,2.07,1.80
2011.02.28 20:01:11.605,1.57968,1.58023,1.69,1.65
2011.02.28 20:01:11.935,1.57969,1.58023,1.69,1.65
2011.02.28 20:01:12.266,1.57975,1.58023,1.13,1.65
2011.02.28 20:01:12.483,1.57971,1.58029,2.82,1.80
2011.02.28 20:01:12.593,1.57977,1.58033,1.50,2.14
2011.02.28 20:01:13.714,1.57977,1.58033,1.69,1.95
2011.02.28 20:01:14.265,1.57971,1.58025,1.13,1.77
2011.02.28 20:01:14.374,1.57971,1.58017,1.13,1.50
2011.02.28 20:01:18.142,1.57972,1.58017,1.13,1.58
2011.02.28 20:01:19.513,1.57972,1.58011,1.13,1.50
2011.02.28 20:01:19.622,1.57969,1.58011,1.88,1.50
2011.02.28 20:01:26.730,1.57969,1.58011,1.13,1.50
2011.02.28 20:01:28.643,1.57963,1.5802,2.44,1.50
2011.02.28 20:01:30.403,1.57963,1.5802,1.69,1.50
2011.02.28 20:01:42.105,1.57955,1.5802,1.09,1.69
2011.02.28 20:01:42.434,1.57952,1.58012,3.34,1.50
2011.02.28 20:01:45.105,1.57955,1.5802,1.69,1.84
2011.02.28 20:01:45.213,1.57955,1.5802,1.69,1.99
2011.02.28 20:01:46.168,1.57955,1.5802,1.69,2.14
2011.02.28 20:01:47.933,1.57953,1.5802,2.44,2.14
2011.02.28 20:01:48.483,1.57947,1.58015,1.09,1.05
2011.02.28 20:01:52.763,1.57953,1.58015,2.44,1.05
2011.02.28 20:01:53.093,1.57966,1.58024,1.88,2.10
2011.02.28 20:01:57.783,1.57952,1.58007,1.13,1.50
2011.02.28 20:01:58.223,1.57953,1.58011,1.88,1.50
2011.02.28 20:01:59.155,1.57953,1.58011,1.88,1.65
2011.02.28 20:01:59.973,1.57953,1.58011,1.88,1.50
2011.02.28 20:02:00.325,1.57953,1.58011,1.88,1.58
2011.02.28 20:02:02.641,1.57953,1.58011,1.88,1.80
2011.02.28 20:02:02.973,1.57961,1.58019,1.69,2.48
2011.02.28 20:02:07.950,1.57961,1.58019,1.69,2.33
2011.02.28 20:02:21.628,1.57961,1.58019,2.07,2.10
2011.02.28 20:02:21.966,1.57961,1.58019,2.07,1.95
2011.02.28 20:02:22.864,1.57961,1.58019,2.07,2.10
2011.02.28 20:02:24.013,1.57961,1.58019,2.07,2.25
2011.02.28 20:02:24.123,1.57961,1.58019,2.07,1.80
2011.02.28 20:02:24.629,1.57967,1.58023,1.50,2.25
2011.02.28 20:02:24.746,1.57962,1.58018,2.07,1.73
2011.02.28 20:02:25.789,1.57962,1.58018,2.07,1.65
2011.02.28 20:02:26.753,1.57962,1.58018,2.07,1.50
2011.02.28 20:02:26.974,1.57966,1.58024,1.88,1.58
2011.02.28 20:02:27.194,1.57969,1.58027,1.50,1.84
2011.02.28 20:02:28.155,1.57969,1.58027,1.50,1.99
2011.02.28 20:02:28.925,1.57969,1.58027,1.50,1.99
2011.02.28 20:02:30.081,1.57969,1.58027,1.50,1.77
2011.02.28 20:02:33.981,1.57969,1.58027,1.50,1.84
2011.02.28 20:02:34.904,1.57969,1.58027,1.50,1.84
2011.02.28 20:02:35.851,1.57969,1.58027,1.50,1.84
2011.02.28 20:02:39.634,1.57969,1.58027,1.50,2.37
2011.02.28 20:02:39.963,1.57969,1.58027,1.50,2.07
2011.02.28 20:02:41.554,1.57969,1.58027,1.50,2.37
2011.02.28 20:02:42.027,1.57969,1.58027,1.50,2.14
2011.02.28 20:02:43.200,1.57969,1.58027,1.50,2.22
2011.02.28 20:02:44.923,1.57969,1.58027,1.50,2.22
2011.02.28 20:02:45.512,1.57969,1.58027,1.50,2.22
2011.02.28 20:02:47.324,1.57969,1.58025,1.50,1.02
2011.02.28 20:02:47.435,1.57969,1.58027,1.50,2.37
2011.02.28 20:02:50.946,1.57969,1.58027,1.50,2.52
2011.02.28 20:02:51.097,1.57969,1.58027,1.50,2.37
2011.02.28 20:02:53.384,1.57969,1.58027,1.50,2.37
2011.02.28 20:02:53.493,1.57969,1.58027,1.50,2.37
2011.02.28 20:03:00.932,1.57969,1.58027,1.50,2.22
2011.02.28 20:03:01.052,1.57969,1.58027,1.50,2.37
2011.02.28 20:03:04.693,1.57969,1.58027,1.50,2.33
2011.02.28 20:03:05.979,1.57968,1.58022,1.50,1.05
2011.02.28 20:03:08.695,1.57968,1.58021,1.50,1.50
2011.02.28 20:03:08.804,1.57968,1.58019,1.50,1.69
2011.02.28 20:03:08.913,1.57949,1.58002,1.50,1.88
2011.02.28 20:03:13.040,1.57948,1.58002,1.50,2.18
2011.02.28 20:03:13.564,1.57948,1.58002,1.50,1.95
2011.02.28 20:03:14.085,1.57948,1.58002,1.65,2.03
2011.02.28 20:03:14.194,1.57948,1.58002,1.50,2.03
2011.02.28 20:03:14.744,1.57946,1.58002,1.50,3.12
2011.02.28 20:03:14.853,1.5794,1.57992,1.13,1.50
2011.02.28 20:03:15.398,1.5794,1.57992,1.13,1.65
2011.02.28 20:03:15.663,1.5794,1.57992,1.13,1.65
2011.02.28 20:03:16.474,1.5794,1.57992,1.13,1.80
2011.02.28 20:03:17.464,1.5794,1.57992,1.13,1.50
2011.02.28 20:03:17.684,1.57928,1.57985,1.69,1.50
2011.02.28 20:03:20.623,1.5794,1.57985,1.13,1.50
2011.02.28 20:03:20.953,1.57939,1.57993,1.50,1.73
2011.02.28 20:03:23.583,1.57939,1.57993,1.50,1.95
2011.02.28 20:03:24.241,1.57939,1.57993,1.50,1.80
2011.02.28 20:03:24.733,1.57939,1.57993,1.50,1.95
2011.02.28 20:03:24.954,1.57942,1.58001,1.50,1.17
2011.02.28 20:03:27.319,1.57942,1.58001,1.50,1.24
2011.02.28 20:03:29.113,1.57942,1.58001,1.50,1.17
2011.02.28 20:03:36.385,1.57942,1.58002,2.25,3.27
2011.02.28 20:03:37.545,1.57942,1.57997,2.44,1.05
2011.02.28 20:03:37.883,1.57942,1.57997,2.44,1.05
2011.02.28 20:03:38.105,1.57942,1.57998,2.44,1.05
2011.02.28 20:03:39.634,1.57942,1.57997,2.44,1.20
2011.02.28 20:03:39.975,1.57942,1.57998,2.44,1.05
2011.02.28 20:03:40.575,1.57942,1.57997,2.44,1.05
2011.02.28 20:03:42.138,1.57942,1.57998,2.82,1.05
2011.02.28 20:03:43.564,1.57942,1.57997,2.82,1.20
2011.02.28 20:03:44.005,1.57942,1.58002,2.07,1.65
2011.02.28 20:03:44.114,1.57948,1.58006,1.50,1.80
2011.02.28 20:03:44.444,1.57953,1.58011,1.50,2.37
2011.02.28 20:03:45.034,1.57943,1.5801,2.07,1.02
2011.02.28 20:03:52.701,1.57942,1.5801,2.07,1.17
2011.02.28 20:03:53.035,1.57942,1.58002,2.07,1.80
2011.02.28 20:03:53.253,1.57948,1.58002,1.50,1.65
2011.02.28 20:03:53.473,1.57948,1.58002,1.50,1.65
2011.02.28 20:03:53.994,1.5795,1.58005,1.69,1.65
2011.02.28 20:03:55.155,1.57953,1.58011,1.69,2.03
2011.02.28 20:04:00.717,1.57953,1.58011,2.44,2.03
2011.02.28 20:04:00.934,1.57953,1.58011,2.44,1.95
2011.02.28 20:04:01.044,1.57953,1.58011,1.69,2.03
2011.02.28 20:04:01.263,1.57953,1.58011,2.44,2.03
2011.02.28 20:04:01.486,1.57952,1.58017,2.44,1.05
2011.02.28 20:04:02.097,1.57953,1.58011,2.44,2.03
2011.02.28 20:04:02.858,1.57953,1.58011,2.44,2.18
2011.02.28 20:04:03.429,1.57953,1.58011,2.44,2.03
2011.02.28 20:04:04.099,1.57953,1.58011,2.44,2.03
2011.02.28 20:04:04.474,1.57953,1.58011,2.44,2.18
2011.02.28 20:04:04.934,1.57957,1.58011,1.69,1.88
2011.02.28 20:04:05.045,1.57967,1.58011,1.13,1.50
2011.02.28 20:04:05.154,1.57968,1.5802,1.50,1.05
2011.02.28 20:04:05.943,1.57968,1.58022,1.50,1.80
2011.02.28 20:04:06.647,1.57968,1.5802,1.50,1.05
2011.02.28 20:04:07.068,1.57968,1.58022,1.50,1.80
2011.02.28 20:04:07.457,1.5797,1.58022,2.33,1.65
2011.02.28 20:04:07.783,1.57979,1.58028,1.50,1.84
2011.02.28 20:04:08.852,1.57979,1.58028,1.50,2.14
2011.02.28 20:04:10.653,1.57973,1.58028,3.53,2.29
2011.02.28 20:04:10.763,1.57973,1.58028,1.50,2.29
2011.02.28 20:04:11.405,1.57973,1.58028,1.50,1.92
2011.02.28 20:04:11.735,1.57968,1.58028,1.50,2.29
2011.02.28 20:04:11.845,1.57968,1.58028,1.50,1.92
2011.02.28 20:04:11.954,1.57968,1.58028,1.50,2.29
2011.02.28 20:04:14.223,1.57968,1.58028,2.25,2.29
2011.02.28 20:04:19.403,1.57968,1.58028,3.00,2.44
2011.02.28 20:04:20.006,1.57968,1.58028,3.00,2.44
2011.02.28 20:04:20.670,1.57968,1.58028,3.00,2.44
2011.02.28 20:04:23.384,1.57968,1.58028,3.00,2.44
2011.02.28 20:04:23.495,1.57968,1.58028,2.25,2.44
2011.02.28 20:04:24.137,1.57958,1.58028,2.44,2.44
2011.02.28 20:04:25.064,1.57958,1.58023,2.25,1.17
2011.02.28 20:04:25.284,1.57946,1.58019,1.69,1.24
2011.02.28 20:04:25.724,1.57946,1.58012,1.69,1.73
2011.02.28 20:04:25.839,1.57946,1.58012,1.69,1.73
2011.02.28 20:04:26.393,1.57946,1.5802,1.69,1.24
2011.02.28 20:04:27.263,1.57946,1.58019,1.69,1.24
2011.02.28 20:04:28.007,1.57958,1.5802,2.25,1.24
2011.02.28 20:04:30.884,1.57958,1.58022,2.25,1.69
2011.02.28 20:04:33.621,1.57968,1.58023,1.50,1.73
2011.02.28 20:04:34.444,1.57964,1.58022,1.88,1.92
2011.02.28 20:04:34.705,1.57959,1.58017,2.25,1.95
2011.02.28 20:04:35.882,1.57959,1.58017,2.25,1.95
2011.02.28 20:04:36.233,1.57959,1.58017,2.25,1.80
2011.02.28 20:04:36.921,1.57955,1.58011,2.44,1.65
2011.02.28 20:04:38.155,1.57955,1.58011,2.44,1.65
2011.02.28 20:04:39.166,1.57955,1.58011,2.44,1.95
2011.02.28 20:04:39.994,1.57955,1.58011,2.44,1.88
2011.02.28 20:04:40.103,1.57955,1.58011,2.25,2.82
2011.02.28 20:04:40.216,1.57951,1.57988,1.50,1.69
2011.02.28 20:04:40.605,1.57948,1.5801,1.50,1.84
2011.02.28 20:04:41.205,1.57951,1.58002,1.69,1.50
2011.02.28 20:04:41.316,1.57953,1.58017,2.07,2.52
2011.02.28 20:04:41.533,1.57953,1.58016,2.07,1.02
2011.02.28 20:04:42.263,1.57953,1.58017,1.69,2.52
2011.02.28 20:04:42.684,1.57953,1.58017,1.69,2.37
2011.02.28 20:04:42.876,1.57953,1.58017,1.69,2.52
2011.02.28 20:04:43.753,1.57951,1.58018,1.69,2.37
2011.02.28 20:04:44.110,1.57952,1.58018,1.09,2.22
2011.02.28 20:04:44.680,1.57951,1.58018,1.69,2.52
2011.02.28 20:04:45.195,1.57959,1.58017,1.88,2.37
2011.02.28 20:04:45.524,1.57959,1.58017,1.50,2.37
2011.02.28 20:04:45.743,1.57959,1.58017,1.50,2.52
2011.02.28 20:04:47.229,1.57959,1.58017,1.50,2.37
2011.02.28 20:04:50.406,1.57959,1.58017,1.50,2.37
2011.02.28 20:04:51.685,1.57959,1.58017,1.50,1.99
2011.02.28 20:04:53.506,1.57959,1.58017,1.50,1.99
2011.02.28 20:04:54.184,1.57964,1.58022,1.50,2.52
2011.02.28 20:04:54.506,1.57964,1.58022,1.50,2.52
2011.02.28 20:04:55.076,1.57964,1.58022,1.50,2.67
2011.02.28 20:04:55.295,1.57958,1.58018,2.63,1.99
2011.02.28 20:04:55.514,1.57958,1.58018,2.63,2.14
2011.02.28 20:04:55.925,1.57958,1.58018,2.63,2.29
2011.02.28 20:05:01.144,1.57958,1.58018,1.88,2.29
2011.02.28 20:05:02.692,1.57961,1.58018,1.13,2.29
2011.02.28 20:05:03.024,1.57973,1.58018,1.69,1.65
2011.02.28 20:05:03.386,1.57977,1.58034,1.32,2.25
2011.02.28 20:05:03.715,1.57977,1.58034,1.32,2.10
2011.02.28 20:05:03.823,1.57973,1.58034,1.50,3.04
2011.02.28 20:05:05.066,1.57973,1.58034,1.50,3.19
2011.02.28 20:05:06.226,1.57973,1.58034,1.50,2.82
2011.02.28 20:05:06.887,1.57973,1.58034,1.50,2.82
2011.02.28 20:05:08.424,1.57984,1.58034,1.50,2.82
2011.02.28 20:05:08.534,1.57984,1.58034,1.69,1.95
2011.02.28 20:05:08.864,1.57984,1.58045,1.69,1.17
2011.02.28 20:05:09.195,1.57984,1.58045,1.69,1.32
2011.02.28 20:05:09.523,1.57993,1.58045,1.50,1.17
2011.02.28 20:05:09.745,1.57988,1.58044,1.50,1.02
2011.02.28 20:05:10.784,1.57988,1.58035,1.50,1.95
2011.02.28 20:05:11.004,1.57989,1.58044,1.50,1.17
2011.02.28 20:05:11.835,1.57989,1.58044,1.50,1.17
2011.02.28 20:05:12.054,1.57988,1.58041,1.50,1.80
2011.02.28 20:05:12.384,1.57989,1.58041,1.50,2.33
2011.02.28 20:05:13.203,1.57989,1.58041,1.50,2.48
2011.02.28 20:05:14.004,1.57983,1.58041,1.69,2.33
2011.02.28 20:05:14.223,1.57987,1.58043,2.25,1.95
2011.02.28 20:05:15.193,1.57987,1.58043,2.25,2.10
2011.02.28 20:05:15.744,1.57988,1.58043,1.50,1.35
2011.02.28 20:05:18.476,1.57987,1.58044,2.44,1.39
2011.02.28 20:05:19.077,1.57987,1.58044,2.44,1.54
2011.02.28 20:05:19.856,1.57987,1.58044,2.44,1.69
2011.02.28 20:05:22.123,1.57987,1.58044,2.44,1.54
2011.02.28 20:05:22.336,1.57987,1.58044,2.44,1.69
2011.02.28 20:05:22.444,1.57987,1.58044,2.44,1.54
2011.02.28 20:05:26.714,1.57988,1.58044,2.44,2.74
2011.02.28 20:05:26.823,1.57988,1.58042,1.69,1.24
2011.02.28 20:05:27.849,1.57975,1.58041,2.44,2.48
2011.02.28 20:05:28.283,1.57975,1.58032,1.50,1.09
2011.02.28 20:05:29.140,1.57971,1.58029,2.07,1.92
2011.02.28 20:05:29.824,1.57971,1.58029,2.07,1.99
2011.02.28 20:05:31.196,1.57968,1.58025,1.32,1.80
2011.02.28 20:05:31.413,1.57968,1.58025,1.32,1.58
2011.02.28 20:05:32.157,1.57968,1.58025,1.32,1.80
2011.02.28 20:05:32.538,1.57968,1.58025,1.32,1.95
2011.02.28 20:05:33.137,1.57972,1.58025,1.32,1.95
2011.02.28 20:05:34.205,1.57972,1.58025,1.32,1.95
2011.02.28 20:05:35.033,1.57972,1.58025,1.32,1.80
2011.02.28 20:05:35.474,1.57972,1.58032,1.32,1.39
2011.02.28 20:05:37.854,1.57972,1.58036,1.13,1.02
2011.02.28 20:05:39.014,1.57972,1.58034,1.13,2.29
2011.02.28 20:05:45.416,1.57971,1.58034,1.13,2.44
2011.02.28 20:05:47.716,1.57971,1.58034,1.13,2.29
2011.02.28 20:05:48.368,1.57971,1.58035,1.13,1.17
2011.02.28 20:05:49.896,1.57971,1.58035,1.13,1.02
2011.02.28 20:05:50.642,1.57971,1.58035,1.13,1.17
2011.02.28 20:05:50.757,1.57971,1.58038,1.13,1.62
2011.02.28 20:05:50.973,1.57972,1.58038,1.13,1.62
2011.02.28 20:05:51.816,1.57974,1.58041,1.32,1.05
2011.02.28 20:05:52.035,1.57977,1.58043,1.69,2.29
2011.02.28 20:05:52.255,1.57979,1.58043,2.44,2.44
2011.02.28 20:05:52.474,1.57977,1.58043,1.69,2.29
2011.02.28 20:05:52.915,1.57979,1.58048,2.44,1.17
2011.02.28 20:05:53.778,1.57983,1.58049,1.32,1.62
2011.02.28 20:05:54.177,1.57983,1.58049,1.32,1.54
2011.02.28 20:05:54.534,1.57989,1.58053,1.69,2.67
2011.02.28 20:05:55.083,1.57986,1.58053,1.32,2.89
2011.02.28 20:05:55.916,1.57989,1.58052,1.69,1.02
2011.02.28 20:05:57.004,1.57986,1.58053,1.32,1.39
2011.02.28 20:05:57.334,1.58008,1.58055,1.50,1.02
2011.02.28 20:05:57.445,1.58011,1.58064,1.13,1.99
2011.02.28 20:05:58.476,1.58011,1.58068,1.13,2.74
2011.02.28 20:05:59.686,1.58011,1.58068,1.13,3.04
2011.02.28 20:06:02.711,1.58004,1.58064,2.25,2.14
2011.02.28 20:06:03.306,1.58005,1.58068,2.25,1.24
2011.02.28 20:06:03.644,1.58019,1.58075,1.50,2.25
2011.02.28 20:06:03.863,1.58011,1.58067,2.07,2.29
2011.02.28 20:06:03.974,1.58011,1.58067,2.44,2.29
2011.02.28 20:06:04.084,1.58011,1.58067,2.44,2.14
2011.02.28 20:06:05.136,1.58006,1.58063,1.69,1.65
2011.02.28 20:06:05.866,1.58006,1.58063,1.69,1.80
2011.02.28 20:06:06.459,1.58006,1.58063,1.69,1.80
2011.02.28 20:06:07.045,1.58002,1.58058,1.50,1.09
2011.02.28 20:06:07.155,1.58002,1.58051,1.20,1.69
2011.02.28 20:06:07.785,1.58002,1.58058,1.65,1.09
2011.02.28 20:06:08.365,1.58004,1.58062,1.50,1.09
2011.02.28 20:06:15.009,1.58002,1.58057,1.65,1.09
2011.02.28 20:06:21.675,1.58003,1.58064,1.09,1.65
2011.02.28 20:06:23.236,1.58001,1.58063,1.69,1.80
2011.02.28 20:06:23.674,1.58004,1.58064,2.44,1.65
2011.02.28 20:06:24.224,1.58001,1.58064,1.69,1.65
2011.02.28 20:06:24.753,1.58003,1.58064,1.09,1.65
2011.02.28 20:06:28.503,1.58005,1.58063,1.88,1.65
2011.02.28 20:06:28.765,1.58005,1.58063,2.18,1.50
2011.02.28 20:06:29.259,1.58009,1.58073,1.50,1.69
2011.02.28 20:06:29.369,1.58023,1.58083,2.07,1.80
2011.02.28 20:06:29.695,1.58024,1.58077,1.88,1.50
2011.02.28 20:06:30.244,1.58017,1.58077,1.69,1.65
2011.02.28 20:06:30.924,1.58023,1.58077,2.07,1.65
2011.02.28 20:06:31.953,1.58023,1.58077,2.07,1.50
2011.02.28 20:06:32.334,1.58023,1.58077,2.07,1.65
2011.02.28 20:06:33.146,1.58023,1.58076,2.07,1.05
2011.02.28 20:06:33.476,1.58023,1.58076,1.69,2.18
2011.02.28 20:06:34.024,1.58011,1.58069,1.88,1.65
2011.02.28 20:06:34.493,1.58011,1.58069,1.88,1.80
2011.02.28 20:06:34.883,1.58005,1.58053,1.50,1.50
2011.02.28 20:06:35.091,1.58003,1.58053,1.65,1.50
2011.02.28 20:06:35.205,1.57998,1.58062,2.55,1.84
2011.02.28 20:06:35.314,1.57998,1.58061,1.80,1.69
2011.02.28 20:06:35.426,1.57998,1.58061,1.50,2.44
2011.02.28 20:06:35.534,1.57996,1.58052,1.50,1.50
2011.02.28 20:06:35.974,1.57989,1.5805,2.07,1.50
2011.02.28 20:06:36.415,1.57986,1.58042,2.25,1.50
2011.02.28 20:06:37.095,1.57986,1.58042,2.25,1.88
2011.02.28 20:06:37.204,1.57984,1.58037,1.50,1.50
2011.02.28 20:06:37.603,1.57985,1.58043,2.25,2.03
2011.02.28 20:06:38.265,1.57988,1.58057,2.25,1.99
2011.02.28 20:06:38.484,1.57999,1.58057,1.50,1.84
2011.02.28 20:06:38.935,1.57998,1.58057,1.50,1.65
2011.02.28 20:06:39.375,1.58,1.58066,1.13,2.22
2011.02.28 20:06:39.486,1.58,1.58057,1.13,1.50
2011.02.28 20:06:41.457,1.58,1.58057,1.13,1.65
2011.02.28 20:06:42.426,1.58,1.58057,1.13,1.95
2011.02.28 20:06:42.845,1.58,1.58057,1.13,1.65
2011.02.28 20:06:43.846,1.58,1.58057,1.13,1.80
2011.02.28 20:06:45.806,1.57994,1.58057,2.44,1.95
2011.02.28 20:06:45.915,1.58001,1.58059,1.50,1.95
2011.02.28 20:06:46.464,1.57993,1.58049,3.19,1.65
2011.02.28 20:06:47.135,1.57993,1.58049,3.19,1.50
2011.02.28 20:06:47.983,1.57994,1.58057,2.44,1.50
2011.02.28 20:06:48.464,1.57994,1.58057,2.44,1.65
2011.02.28 20:06:48.573,1.57994,1.58057,2.44,1.65
2011.02.28 20:06:48.683,1.57994,1.58057,2.44,1.80
2011.02.28 20:06:49.015,1.57993,1.5805,1.69,1.50
2011.02.28 20:06:49.344,1.57988,1.58044,1.69,1.50
2011.02.28 20:06:49.563,1.57988,1.58044,1.50,1.50
2011.02.28 20:06:51.789,1.57988,1.58044,1.50,1.65
2011.02.28 20:06:52.335,1.57988,1.58044,1.50,1.50
2011.02.28 20:06:52.445,1.57982,1.58037,1.32,1.50
2011.02.28 20:06:57.629,1.57982,1.58053,1.32,1.02
2011.02.28 20:06:58.856,1.57982,1.58054,1.39,2.67
2011.02.28 20:06:59.714,1.57982,1.58049,1.32,1.02
2011.02.28 20:07:00.323,1.57982,1.58051,1.69,1.02
2011.02.28 20:07:01.058,1.57982,1.58054,1.77,2.29
2011.02.28 20:07:02.273,1.57982,1.58054,1.69,2.37
2011.02.28 20:07:03.066,1.57982,1.58038,1.69,1.65
2011.02.28 20:07:04.624,1.57982,1.58038,1.50,1.84
2011.02.28 20:07:05.226,1.57978,1.58027,1.50,1.50
2011.02.28 20:07:05.446,1.57974,1.58027,1.50,1.50
2011.02.28 20:07:06.517,1.57974,1.58028,1.50,1.50
2011.02.28 20:07:06.624,1.57974,1.58028,1.50,1.69
2011.02.28 20:07:11.004,1.57974,1.58028,1.50,1.65
2011.02.28 20:07:11.506,1.57974,1.58039,1.50,1.39
2011.02.28 20:07:11.617,1.57982,1.58043,1.13,1.92
2011.02.28 20:07:11.836,1.57983,1.58045,1.50,1.24
2011.02.28 20:07:11.944,1.57983,1.58048,1.69,1.05
2011.02.28 20:07:12.165,1.57984,1.58048,1.50,1.20
2011.02.28 20:07:13.157,1.57984,1.58048,1.50,1.05
2011.02.28 20:07:13.813,1.57994,1.58051,1.88,1.92
2011.02.28 20:07:14.534,1.57994,1.58048,1.88,1.20
2011.02.28 20:07:15.736,1.57994,1.58048,1.88,1.35
2011.02.28 20:07:16.234,1.57984,1.58048,2.25,1.20
2011.02.28 20:07:17.155,1.57984,1.58048,2.25,1.20
2011.02.28 20:07:19.203,1.57984,1.58048,2.25,1.05
2011.02.28 20:07:20.822,1.57984,1.58048,2.25,1.05
2011.02.28 20:07:22.464,1.57976,1.58043,1.69,1.05
2011.02.28 20:07:23.767,1.57976,1.58044,1.69,2.10
2011.02.28 20:07:24.355,1.57976,1.58044,1.69,1.65
2011.02.28 20:07:24.685,1.57976,1.58034,3.19,1.50
2011.02.28 20:07:27.165,1.57976,1.58034,2.25,1.65
2011.02.28 20:07:28.104,1.57976,1.58034,2.40,1.65
2011.02.28 20:07:29.300,1.57976,1.58034,1.95,1.58
2011.02.28 20:07:30.175,1.57976,1.58034,1.88,1.50
2011.02.28 20:07:30.285,1.57976,1.58034,2.82,1.50
2011.02.28 20:07:30.395,1.57991,1.58047,2.07,1.73
2011.02.28 20:07:30.505,1.57991,1.58047,2.07,1.50
2011.02.28 20:07:30.615,1.57986,1.58044,1.69,1.50
2011.02.28 20:07:30.834,1.57986,1.58053,1.69,1.84
2011.02.28 20:07:31.135,1.57986,1.58053,1.69,2.14
2011.02.28 20:07:31.685,1.57986,1.58053,1.69,1.99
2011.02.28 20:07:32.237,1.57987,1.58053,1.02,1.92
2011.02.28 20:07:32.473,1.57986,1.58053,1.69,1.99
2011.02.28 20:07:32.914,1.57986,1.58044,1.69,1.50
2011.02.28 20:07:33.284,1.57984,1.58044,2.25,1.84
2011.02.28 20:07:33.505,1.57976,1.58043,2.07,1.84
2011.02.28 20:07:34.084,1.57976,1.58043,2.14,1.77
2011.02.28 20:07:34.446,1.57976,1.58043,2.37,1.84
2011.02.28 20:07:35.061,1.57976,1.58043,2.22,1.99
2011.02.28 20:07:35.394,1.57976,1.58043,2.07,2.29
2011.02.28 20:07:35.519,1.57976,1.58043,2.07,2.14
2011.02.28 20:07:36.344,1.5798,1.58034,1.32,1.65
2011.02.28 20:07:36.454,1.57984,1.58042,1.50,1.80
2011.02.28 20:07:36.564,1.57984,1.58042,1.50,1.50
2011.02.28 20:07:39.105,1.57989,1.58047,1.50,2.22
2011.02.28 20:07:39.636,1.57989,1.58047,1.50,2.37
2011.02.28 20:07:39.744,1.57985,1.58041,1.50,1.50
2011.02.28 20:07:43.704,1.5798,1.58036,2.22,1.50
2011.02.28 20:07:43.923,1.57984,1.58042,1.88,1.50
2011.02.28 20:07:46.145,1.57984,1.58042,1.95,1.50
2011.02.28 20:07:46.954,1.57984,1.58042,2.89,1.50
2011.02.28 20:07:47.174,1.57992,1.5805,1.50,1.95
2011.02.28 20:07:47.718,1.57993,1.5806,1.09,2.25
2011.02.28 20:07:47.825,1.57994,1.58063,1.69,1.47
2011.02.28 20:07:47.936,1.57994,1.58062,1.69,1.24
2011.02.28 20:07:48.154,1.57994,1.58067,1.69,1.47
2011.02.28 20:07:48.293,1.57994,1.58067,1.69,1.62
2011.02.28 20:07:48.516,1.57994,1.58067,1.69,1.47
2011.02.28 20:07:48.954,1.57994,1.58061,1.69,1.65
2011.02.28 20:07:50.034,1.57994,1.58061,1.69,1.80
2011.02.28 20:07:50.695,1.58001,1.58061,1.32,1.65
2011.02.28 20:07:50.804,1.58003,1.58061,1.50,1.65
2011.02.28 20:07:51.245,1.58003,1.58066,1.50,1.02
2011.02.28 20:07:52.124,1.58003,1.58067,1.50,1.62
2011.02.28 20:07:52.345,1.58004,1.58066,1.50,1.02
2011.02.28 20:07:52.834,1.5801,1.5807,1.50,2.48
2011.02.28 20:07:53.053,1.5801,1.5807,2.25,2.18
2011.02.28 20:07:53.164,1.58013,1.5807,1.50,2.18
2011.02.28 20:07:53.274,1.5801,1.5807,1.50,2.18
2011.02.28 20:07:53.384,1.58019,1.58071,1.50,1.05
2011.02.28 20:07:53.494,1.58019,1.58077,1.88,2.74
2011.02.28 20:07:54.104,1.5801,1.5807,2.25,1.80
2011.02.28 20:07:56.175,1.5801,1.5807,2.25,2.70
2011.02.28 20:07:57.587,1.5801,1.5807,2.25,1.65
2011.02.28 20:07:58.149,1.5801,1.5807,2.25,1.65
2011.02.28 20:07:58.855,1.5801,1.5807,2.25,1.65
2011.02.28 20:07:59.734,1.5801,1.5807,2.25,1.50
2011.02.28 20:08:00.034,1.5801,1.5807,2.25,1.65
2011.02.28 20:08:00.284,1.5801,1.5807,2.25,1.50
2011.02.28 20:08:00.569,1.58019,1.58077,1.88,1.99
2011.02.28 20:08:01.953,1.58019,1.58077,1.88,2.14
2011.02.28 20:08:02.936,1.58019,1.58077,1.88,1.84
2011.02.28 20:08:03.513,1.58011,1.58069,2.25,1.58
2011.02.28 20:08:04.084,1.58011,1.58069,2.25,1.80
2011.02.28 20:08:04.193,1.58011,1.58069,2.25,1.65
2011.02.28 20:08:04.724,1.58011,1.58069,2.25,2.40
2011.02.28 20:08:04.833,1.58011,1.58069,1.88,2.40
2011.02.28 20:08:05.054,1.58008,1.5807,1.13,2.59
2011.02.28 20:08:07.685,1.58008,1.5806,1.28,1.50
2011.02.28 20:08:09.755,1.57999,1.58055,2.82,1.50
2011.02.28 20:08:10.194,1.57996,1.5805,1.32,1.50
2011.02.28 20:08:12.424,1.58002,1.5806,1.69,1.50
2011.02.28 20:08:13.106,1.58002,1.5806,1.69,1.65
2011.02.28 20:08:16.155,1.57996,1.58061,1.32,1.80
2011.02.28 20:08:17.075,1.57996,1.58061,1.32,1.65
2011.02.28 20:08:19.177,1.57996,1.58061,1.32,1.80
2011.02.28 20:08:20.294,1.57996,1.58061,1.32,1.65
2011.02.28 20:08:21.094,1.57996,1.58061,1.32,1.65
2011.02.28 20:08:22.135,1.57996,1.58061,1.32,1.73
2011.02.28 20:08:22.573,1.57996,1.58061,1.69,1.80
2011.02.28 20:08:23.356,1.57996,1.58061,1.69,1.95
2011.02.28 20:08:24.236,1.57996,1.58061,1.69,1.73
2011.02.28 20:08:34.794,1.57996,1.58061,1.32,2.10
2011.02.28 20:08:36.624,1.57996,1.58061,1.32,1.95
2011.02.28 20:08:39.477,1.57996,1.58061,1.32,1.80
2011.02.28 20:08:43.104,1.57996,1.5806,1.32,1.65
2011.02.28 20:08:56.596,1.57999,1.58068,1.47,1.09
2011.02.28 20:08:56.819,1.58001,1.58079,2.44,1.92
2011.02.28 20:08:57.149,1.58001,1.58076,2.44,1.02
2011.02.28 20:08:58.146,1.5801,1.58077,1.88,1.47
2011.02.28 20:08:58.736,1.5801,1.5807,1.88,1.80
2011.02.28 20:09:00.099,1.58002,1.58069,2.44,1.65
2011.02.28 20:09:01.217,1.58002,1.58069,2.44,1.80
2011.02.28 20:09:02.004,1.58002,1.58069,2.44,1.80
2011.02.28 20:09:02.336,1.58002,1.58063,2.25,1.47
2011.02.28 20:09:02.446,1.57983,1.5804,1.05,1.50
2011.02.28 20:09:03.257,1.57986,1.5804,1.32,1.50
2011.02.28 20:09:03.367,1.57986,1.58057,1.32,1.05
2011.02.28 20:09:03.477,1.57986,1.58053,1.32,2.18
2011.02.28 20:09:03.587,1.57986,1.58053,1.32,2.03
2011.02.28 20:09:03.806,1.5798,1.58038,3.00,1.50
2011.02.28 20:09:04.245,1.57981,1.58052,1.50,1.47
2011.02.28 20:09:04.726,1.57981,1.58043,1.50,1.50
2011.02.28 20:09:05.805,1.57988,1.58052,1.13,1.32
2011.02.28 20:09:06.026,1.57988,1.58052,1.32,1.28
2011.02.28 20:09:06.136,1.57992,1.58052,1.50,1.20
2011.02.28 20:09:06.486,1.57992,1.58058,1.50,1.05
2011.02.28 20:09:08.003,1.57992,1.58057,1.50,1.20
2011.02.28 20:09:08.344,1.57992,1.58057,1.50,1.05
2011.02.28 20:09:08.676,1.57992,1.58057,1.50,1.20
2011.02.28 20:09:10.716,1.57985,1.58057,1.09,1.20
2011.02.28 20:09:12.476,1.57983,1.58053,1.05,1.62
2011.02.28 20:09:12.695,1.57983,1.58043,1.05,1.50
2011.02.28 20:09:15.756,1.57982,1.58043,1.65,1.65
2011.02.28 20:09:19.085,1.57982,1.58043,1.80,1.50
2011.02.28 20:09:19.657,1.58003,1.58043,1.50,1.50
2011.02.28 20:09:19.766,1.58003,1.58047,1.50,1.50
2011.02.28 20:09:20.281,1.58004,1.58048,1.50,1.50
2011.02.28 20:09:21.955,1.58003,1.58053,1.50,1.69
2011.02.28 20:09:22.175,1.58003,1.58053,1.50,1.50
2011.02.28 20:09:22.395,1.58004,1.58063,1.50,2.22
2011.02.28 20:09:23.226,1.58004,1.58063,1.50,2.37
2011.02.28 20:09:25.967,1.58004,1.58063,1.50,2.22
2011.02.28 20:09:26.640,1.58,1.58063,1.09,2.97
2011.02.28 20:09:26.746,1.57997,1.58063,1.47,3.12
2011.02.28 20:09:26.966,1.57997,1.58054,1.28,1.50
2011.02.28 20:09:27.295,1.57997,1.58053,1.13,1.65
2011.02.28 20:09:28.396,1.57997,1.58053,1.28,1.50
2011.02.28 20:09:29.189,1.57997,1.58053,1.13,1.80
2011.02.28 20:09:30.167,1.57997,1.58053,1.28,1.65
2011.02.28 20:09:31.054,1.5799,1.58053,1.13,1.65
2011.02.28 20:09:31.969,1.5799,1.58053,1.13,1.80
2011.02.28 20:09:32.516,1.57988,1.58053,1.28,1.65
2011.02.28 20:09:34.146,1.57988,1.58053,1.43,1.65
2011.02.28 20:09:36.996,1.57988,1.58054,1.20,2.03
2011.02.28 20:09:37.659,1.5799,1.58054,1.28,2.03
2011.02.28 20:09:38.737,1.5799,1.58054,1.13,2.18
2011.02.28 20:09:38.917,1.5799,1.58054,1.28,2.03
2011.02.28 20:09:41.822,1.5799,1.58054,1.28,1.65
2011.02.28 20:09:43.965,1.5799,1.58054,1.13,1.80
2011.02.28 20:09:44.418,1.57987,1.58044,1.65,1.50
2011.02.28 20:09:45.576,1.57987,1.58044,1.50,1.58
2011.02.28 20:09:47.237,1.57988,1.58044,1.65,1.50
2011.02.28 20:09:47.456,1.57991,1.58053,1.88,1.05
2011.02.28 20:09:48.242,1.57987,1.58056,1.50,1.02
2011.02.28 20:09:48.756,1.5798,1.58047,1.32,1.05
2011.02.28 20:09:49.787,1.5798,1.58047,1.47,1.20
2011.02.28 20:09:50.242,1.5798,1.58047,1.47,1.39
2011.02.28 20:09:50.355,1.57984,1.58047,1.50,1.39
2011.02.28 20:09:51.505,1.57984,1.58044,1.50,1.02
2011.02.28 20:09:52.270,1.57984,1.58047,1.50,1.39
2011.02.28 20:09:52.675,1.57988,1.58047,1.69,1.20
2011.02.28 20:09:52.790,1.57988,1.58047,1.69,1.05
2011.02.28 20:09:52.895,1.57993,1.58061,1.69,2.10
2011.02.28 20:09:53.116,1.57989,1.58047,1.88,1.80
2011.02.28 20:09:53.226,1.57989,1.58047,1.88,1.95
2011.02.28 20:09:54.066,1.57987,1.58053,1.13,1.02
2011.02.28 20:09:54.438,1.57987,1.58058,1.13,2.07
2011.02.28 20:09:54.957,1.57988,1.58058,1.13,1.84
2011.02.28 20:09:55.256,1.57988,1.58058,1.43,1.84
2011.02.28 20:09:55.907,1.57988,1.58058,1.28,1.99
2011.02.28 20:09:59.645,1.57991,1.58058,1.13,1.99
2011.02.28 20:10:00.086,1.57986,1.58044,1.20,1.50
2011.02.28 20:10:00.283,1.57986,1.58044,1.05,1.50
2011.02.28 20:10:00.836,1.57991,1.58044,1.13,1.50
2011.02.28 20:10:01.337,1.57991,1.58044,1.28,1.50
2011.02.28 20:10:01.886,1.57991,1.58044,1.28,1.50
2011.02.28 20:10:02.435,1.57991,1.58058,1.13,1.84
2011.02.28 20:10:03.278,1.57991,1.58058,1.20,1.84
2011.02.28 20:10:03.747,1.57989,1.58054,1.58,1.02
2011.02.28 20:10:04.169,1.57988,1.58054,1.65,1.02
2011.02.28 20:10:04.872,1.57994,1.58054,1.58,1.02
2011.02.28 20:10:05.916,1.57994,1.58057,1.50,1.09
2011.02.28 20:10:06.643,1.57988,1.58057,1.80,1.09
2011.02.28 20:10:06.978,1.57989,1.58044,1.65,1.50
2011.02.28 20:10:07.526,1.57989,1.58044,1.50,1.50
2011.02.28 20:10:07.957,1.57988,1.58043,1.05,1.50
2011.02.28 20:10:08.287,1.57985,1.58043,1.47,1.50
2011.02.28 20:10:08.727,1.57981,1.58043,1.47,1.50
2011.02.28 20:10:09.167,1.57985,1.58043,1.32,1.50
2011.02.28 20:10:09.497,1.57985,1.58035,1.28,1.50
2011.02.28 20:10:09.608,1.57985,1.58044,1.28,1.69
2011.02.28 20:10:11.662,1.5798,1.58044,1.80,1.69
2011.02.28 20:10:13.832,1.5798,1.58044,1.95,1.69
2011.02.28 20:10:15.817,1.57985,1.58044,1.28,1.69
2011.02.28 20:10:16.683,1.57984,1.58044,1.28,1.69
2011.02.28 20:10:17.366,1.57981,1.58044,1.28,1.69
2011.02.28 20:10:17.696,1.57981,1.58044,1.58,1.69
2011.02.28 20:10:17.806,1.57983,1.58044,1.02,1.50
2011.02.28 20:10:17.917,1.5799,1.58046,1.65,1.50
2011.02.28 20:10:18.082,1.57983,1.58044,1.02,1.50
2011.02.28 20:10:20.776,1.5798,1.58044,1.24,1.50
2011.02.28 20:10:20.887,1.5798,1.58044,1.09,1.50
2011.02.28 20:10:21.106,1.5798,1.58034,1.09,1.50
2011.02.28 20:10:21.656,1.5798,1.58035,1.05,1.50
2011.02.28 20:10:21.985,1.57979,1.58034,2.40,1.50
2011.02.28 20:10:22.316,1.5798,1.58044,1.09,1.50
2011.02.28 20:10:23.266,1.5798,1.58044,1.24,1.50
2011.02.28 20:10:23.715,1.57984,1.58042,2.22,1.50
2011.02.28 20:10:24.316,1.57984,1.58042,2.07,1.50
2011.02.28 20:10:25.198,1.57984,1.58042,2.22,1.50
2011.02.28 20:10:26.748,1.57984,1.58042,2.07,1.50
2011.02.28 20:10:26.856,1.57989,1.58047,1.50,1.50
2011.02.28 20:10:27.587,1.57989,1.58047,1.50,1.80
2011.02.28 20:10:27.809,1.57989,1.58047,1.88,1.50
2011.02.28 20:10:29.436,1.57989,1.58047,1.88,1.65
2011.02.28 20:10:29.766,1.57989,1.58047,1.88,1.65
2011.02.28 20:10:30.887,1.57989,1.58047,1.88,1.65
2011.02.28 20:10:31.190,1.57989,1.58047,1.88,1.50
2011.02.28 20:10:33.435,1.57989,1.58047,1.88,1.58
2011.02.28 20:10:33.671,1.57989,1.58047,1.88,1.50
2011.02.28 20:10:35.156,1.57989,1.58047,1.88,1.65
2011.02.28 20:10:36.157,1.57989,1.58047,1.88,1.65
2011.02.28 20:10:37.138,1.57989,1.58047,2.03,1.65
2011.02.28 20:10:37.654,1.57989,1.58047,1.88,1.65
2011.02.28 20:10:37.766,1.57989,1.58047,2.03,1.65
2011.02.28 20:10:38.328,1.57989,1.58047,1.88,1.65
2011.02.28 20:10:39.829,1.57989,1.58047,1.88,1.65
2011.02.28 20:10:40.866,1.57989,1.58047,1.50,1.65
2011.02.28 20:10:41.075,1.57989,1.58047,1.50,1.50
2011.02.28 20:10:41.186,1.57989,1.58047,2.33,1.50
2011.02.28 20:10:41.406,1.57989,1.58047,1.50,1.50
2011.02.28 20:10:42.078,1.57989,1.58047,2.25,1.65
2011.02.28 20:10:42.727,1.5799,1.58041,1.50,1.50
2011.02.28 20:10:43.058,1.58004,1.5806,1.50,1.65
2011.02.28 20:10:43.606,1.58004,1.5806,1.50,1.80
2011.02.28 20:10:44.156,1.58003,1.58061,1.50,2.18
2011.02.28 20:10:44.603,1.58003,1.58061,1.50,2.33
2011.02.28 20:10:45.695,1.58003,1.58061,1.50,2.18
2011.02.28 20:10:47.198,1.58003,1.58061,1.50,2.10
2011.02.28 20:10:53.478,1.58003,1.58061,1.50,2.18
2011.02.28 20:10:53.916,1.58003,1.58061,1.50,2.03
2011.02.28 20:10:55.196,1.58003,1.58061,1.50,2.18
2011.02.28 20:11:04.117,1.58003,1.58061,1.65,1.50
2011.02.28 20:11:09.855,1.58003,1.58061,2.25,1.50
2011.02.28 20:11:10.076,1.58004,1.58061,1.50,1.50
2011.02.28 20:11:11.635,1.58004,1.58061,1.50,1.50
2011.02.28 20:11:12.435,1.58004,1.5806,3.00,1.50
2011.02.28 20:11:13.025,1.58004,1.58061,1.50,1.50
2011.02.28 20:11:15.469,1.58003,1.58061,3.15,1.65
2011.02.28 20:11:17.667,1.58003,1.58061,3.30,1.50
2011.02.28 20:11:20.465,1.58003,1.58061,2.25,1.50
2011.02.28 20:11:20.906,1.58003,1.58061,1.50,1.65
2011.02.28 20:11:21.125,1.58001,1.58064,1.69,2.22
2011.02.28 20:11:21.236,1.57999,1.58055,2.07,1.50
2011.02.28 20:11:22.838,1.57991,1.58054,2.40,1.50
2011.02.28 20:11:26.137,1.58,1.58054,1.13,1.50
2011.02.28 20:11:27.056,1.58,1.58054,1.13,1.80
2011.02.28 20:11:28.189,1.58,1.58054,1.13,1.65
2011.02.28 20:11:29.179,1.58,1.58054,1.13,1.95
2011.02.28 20:11:30.387,1.58,1.58054,1.13,1.65
2011.02.28 20:11:30.982,1.58004,1.58054,1.50,1.65
2011.02.28 20:11:32.146,1.58004,1.58054,1.50,1.80
2011.02.28 20:11:36.625,1.58004,1.58054,1.50,1.65
2011.02.28 20:11:36.846,1.58004,1.58054,1.50,1.50
2011.02.28 20:11:37.736,1.58008,1.5807,1.13,2.14
2011.02.28 20:11:40.876,1.58009,1.5807,1.50,2.14
2011.02.28 20:11:42.406,1.58009,1.58068,1.50,1.05
2011.02.28 20:11:43.246,1.58004,1.58069,1.50,1.20
2011.02.28 20:11:43.845,1.58003,1.58069,1.50,1.20
2011.02.28 20:11:46.198,1.58004,1.5807,1.50,2.29
2011.02.28 20:11:48.448,1.58003,1.58069,1.50,1.20
2011.02.28 20:11:49.363,1.58004,1.58069,1.50,1.05
2011.02.28 20:11:49.857,1.58003,1.58068,1.13,1.73
2011.02.28 20:11:50.361,1.57999,1.58051,1.50,1.50
2011.02.28 20:11:50.686,1.57998,1.58063,1.50,1.24
2011.02.28 20:11:51.351,1.57998,1.58068,1.50,1.58
2011.02.28 20:11:51.895,1.58006,1.58069,1.13,2.33
2011.02.28 20:11:53.146,1.58006,1.58069,1.13,2.33
2011.02.28 20:11:53.374,1.58006,1.58069,1.13,2.18
2011.02.28 20:11:53.487,1.58013,1.58069,1.50,1.80
2011.02.28 20:11:55.166,1.58022,1.58072,1.13,1.80
2011.02.28 20:11:55.546,1.58022,1.58072,1.13,1.80
2011.02.28 20:11:55.905,1.58022,1.58072,1.13,1.80
2011.02.28 20:11:56.126,1.58022,1.58072,1.13,1.58
2011.02.28 20:11:56.345,1.58024,1.58072,1.50,1.58
2011.02.28 20:11:56.787,1.58029,1.58082,1.50,2.14
2011.02.28 20:11:57.367,1.58029,1.58082,1.50,1.92
2011.02.28 20:11:58.419,1.58029,1.58082,1.50,1.99
2011.02.28 20:12:01.033,1.58029,1.58082,1.50,1.99
2011.02.28 20:12:01.147,1.58029,1.58082,1.50,1.84
2011.02.28 20:12:02.206,1.58029,1.58082,1.50,2.14
2011.02.28 20:12:03.127,1.58029,1.58082,1.50,2.14
2011.02.28 20:12:05.617,1.58029,1.58082,1.50,1.84
2011.02.28 20:12:06.386,1.58037,1.58086,1.13,1.80
2011.02.28 20:12:06.608,1.58037,1.58086,1.13,1.65
2011.02.28 20:12:07.327,1.58037,1.58088,1.13,1.05
2011.02.28 20:12:08.924,1.58037,1.58092,1.13,1.95
2011.02.28 20:12:10.698,1.58037,1.58092,1.13,1.95
2011.02.28 20:12:12.626,1.58037,1.58092,1.13,1.95
2011.02.28 20:12:12.735,1.58037,1.58092,1.13,1.95
2011.02.28 20:12:12.845,1.58037,1.58092,1.13,1.95
2011.02.28 20:12:13.223,1.58044,1.58092,1.50,1.95
2011.02.28 20:12:13.937,1.58044,1.58081,1.50,1.50
2011.02.28 20:12:14.156,1.58033,1.58081,1.50,1.50
2011.02.28 20:12:14.376,1.58039,1.58092,1.13,1.65
2011.02.28 20:12:16.208,1.58039,1.58087,1.13,1.95
2011.02.28 20:12:18.627,1.58039,1.58087,1.13,1.80
2011.02.28 20:12:19.146,1.58038,1.58087,1.13,1.95
2011.02.28 20:12:26.167,1.58029,1.58087,1.88,2.10
2011.02.28 20:12:27.118,1.58029,1.58087,1.88,1.80
2011.02.28 20:12:27.725,1.58029,1.58087,1.88,1.95
2011.02.28 20:12:28.466,1.58024,1.58079,2.44,1.05
2011.02.28 20:12:29.182,1.58024,1.58079,2.44,1.05
2011.02.28 20:12:30.226,1.58024,1.58078,2.44,1.20
2011.02.28 20:12:30.816,1.58024,1.58082,2.44,1.80
2011.02.28 20:12:34.076,1.58024,1.58082,2.44,1.80
2011.02.28 20:12:34.185,1.58024,1.58082,2.44,1.73
2011.02.28 20:12:35.950,1.58024,1.58082,2.44,1.80
2011.02.28 20:12:36.928,1.58024,1.58082,2.44,1.73
2011.02.28 20:12:38.129,1.58024,1.58082,1.69,2.10
2011.02.28 20:12:42.468,1.58024,1.58082,1.69,2.18
2011.02.28 20:12:42.686,1.58018,1.58079,2.82,1.80
2011.02.28 20:12:43.776,1.58024,1.58082,1.69,2.18
2011.02.28 20:12:44.857,1.58024,1.58082,1.69,2.33
2011.02.28 20:12:45.379,1.58024,1.58082,1.69,2.33
2011.02.28 20:12:46.116,1.58024,1.58082,1.69,2.25
2011.02.28 20:12:57.315,1.58024,1.58082,1.69,2.48
2011.02.28 20:12:57.426,1.58024,1.58082,1.69,2.18
2011.02.28 20:12:57.646,1.58024,1.58082,1.69,2.33
2011.02.28 20:12:57.905,1.58024,1.58082,1.69,2.18
2011.02.28 20:12:58.247,1.58024,1.58082,1.69,2.48
2011.02.28 20:12:59.127,1.58024,1.58082,1.69,2.10
2011.02.28 20:13:00.237,1.58024,1.58079,1.69,1.20
2011.02.28 20:13:05.684,1.58024,1.58079,2.07,1.05
2011.02.28 20:13:05.799,1.58009,1.58065,1.88,1.50
2011.02.28 20:13:08.166,1.5801,1.58078,1.88,1.02
2011.02.28 20:13:08.697,1.5801,1.5808,2.03,3.12
2011.02.28 20:13:11.075,1.5801,1.5808,2.40,3.12
2011.02.28 20:13:16.580,1.5801,1.58073,2.25,1.24
2011.02.28 20:13:17.715,1.5801,1.58073,2.40,1.09
2011.02.28 20:13:21.021,1.5801,1.58073,2.40,1.09
2011.02.28 20:13:21.127,1.5801,1.58073,2.40,1.24
2011.02.28 20:13:21.527,1.5801,1.58068,2.40,1.09
2011.02.28 20:13:21.857,1.58011,1.58073,2.07,1.05
2011.02.28 20:13:22.076,1.58008,1.58066,2.44,1.50
2011.02.28 20:13:23.220,1.58008,1.58066,2.59,1.65
2011.02.28 20:13:26.636,1.58008,1.58064,1.02,1.50
2011.02.28 20:13:29.787,1.58004,1.58064,1.69,1.65
2011.02.28 20:13:30.379,1.58004,1.58064,1.69,1.50
2011.02.28 20:13:39.939,1.57996,1.58064,1.09,1.84
2011.02.28 20:13:40.266,1.57994,1.58062,3.19,1.50
2011.02.28 20:13:40.376,1.57994,1.58062,3.19,1.50
2011.02.28 20:13:41.119,1.57994,1.58062,2.44,1.50
2011.02.28 20:13:41.230,1.57994,1.58062,2.44,1.65
2011.02.28 20:13:43.091,1.57994,1.58057,2.44,1.80
2011.02.28 20:13:46.837,1.57994,1.58054,2.44,1.80
2011.02.28 20:13:48.476,1.57994,1.58057,2.44,1.80
2011.02.28 20:14:01.266,1.57996,1.58063,1.09,1.80
2011.02.28 20:14:02.869,1.57996,1.58062,1.09,1.05
2011.02.28 20:14:03.557,1.57996,1.58063,1.09,1.80
2011.02.28 20:14:03.778,1.57992,1.58063,1.09,1.95
2011.02.28 20:14:06.213,1.57996,1.58063,1.09,1.80
2011.02.28 20:14:06.892,1.57996,1.58062,1.09,1.05
2011.02.28 20:14:07.337,1.57989,1.58063,1.69,1.95
2011.02.28 20:14:09.162,1.57989,1.58063,1.69,1.95
2011.02.28 20:14:10.316,1.57983,1.58056,1.05,1.09
2011.02.28 20:14:10.647,1.57983,1.58047,1.05,1.50
2011.02.28 20:14:11.096,1.57983,1.58047,1.05,1.50
2011.02.28 20:14:21.025,1.57983,1.58047,1.05,1.65
2011.02.28 20:14:21.537,1.57987,1.58047,1.05,1.50
2011.02.28 20:14:22.043,1.57987,1.58047,1.05,1.50
2011.02.28 20:14:24.129,1.57987,1.58047,1.05,1.50
2011.02.28 20:14:30.188,1.57983,1.58047,1.05,1.65
2011.02.28 20:14:31.095,1.57979,1.58047,1.09,1.58
2011.02.28 20:14:36.135,1.57979,1.58047,1.09,1.80
2011.02.28 20:14:51.078,1.57978,1.58047,2.44,1.65
2011.02.28 20:14:53.356,1.57978,1.58047,2.44,2.40
2011.02.28 20:14:54.149,1.57978,1.58041,2.52,1.58
2011.02.28 20:14:54.605,1.57978,1.58042,2.44,1.80
2011.02.28 20:14:55.206,1.57972,1.58042,1.09,2.18
2011.02.28 20:14:55.316,1.57971,1.58042,1.69,2.48
2011.02.28 20:14:55.427,1.57971,1.58041,1.69,1.28
2011.02.28 20:14:55.536,1.57969,1.5803,2.25,1.50
2011.02.28 20:14:55.976,1.57969,1.58039,1.50,1.09
2011.02.28 20:14:57.106,1.57976,1.58039,1.13,1.09
2011.02.28 20:14:58.830,1.57976,1.58039,1.28,1.24
2011.02.28 20:15:01.033,1.57976,1.58039,1.58,1.09
2011.02.28 20:15:29.127,1.57978,1.58047,2.44,2.63
2011.02.28 20:15:37.235,1.57978,1.58041,2.07,1.95
2011.02.28 20:15:40.417,1.57978,1.58041,2.07,1.05
2011.02.28 20:15:41.756,1.57978,1.58042,2.07,1.95
2011.02.28 20:15:41.947,1.57978,1.58042,2.07,1.95
2011.02.28 20:15:48.551,1.57978,1.58042,2.07,2.10
2011.02.28 20:16:04.254,1.57978,1.58042,2.07,2.18
2011.02.28 20:16:16.229,1.57978,1.58042,1.88,2.10
2011.02.28 20:16:17.219,1.57978,1.58042,1.88,2.48
2011.02.28 20:16:17.657,1.57978,1.58042,1.88,2.33
2011.02.28 20:16:25.317,1.57964,1.58041,1.65,1.35
2011.02.28 20:16:26.867,1.57968,1.58041,1.05,1.20
2011.02.28 20:16:27.217,1.57964,1.58041,1.65,1.35
2011.02.28 20:16:30.438,1.57978,1.58042,1.88,2.10
2011.02.28 20:16:40.746,1.57978,1.58047,2.25,2.48
2011.02.28 20:16:49.398,1.57978,1.58047,2.25,2.10
2011.02.28 20:16:49.616,1.57978,1.58047,2.25,2.63
2011.02.28 20:16:52.200,1.57978,1.58041,2.25,2.10
2011.02.28 20:16:52.425,1.57978,1.58041,2.25,1.95
2011.02.28 20:16:57.546,1.57978,1.58038,2.25,2.10
2011.02.28 20:16:59.126,1.57978,1.58038,2.25,1.95
2011.02.28 20:16:59.236,1.57978,1.58038,2.25,1.80
2011.02.28 20:17:00.216,1.57978,1.58038,2.25,1.95
2011.02.28 20:17:01.146,1.57978,1.58037,1.88,1.09
2011.02.28 20:17:02.277,1.57979,1.58038,1.32,1.73
2011.02.28 20:17:02.387,1.57988,1.58041,1.50,1.13
2011.02.28 20:17:02.827,1.57995,1.58053,1.50,2.14
2011.02.28 20:17:02.935,1.57995,1.58053,1.50,1.84
2011.02.28 20:17:03.406,1.57995,1.58053,1.50,2.14
2011.02.28 20:17:04.199,1.57995,1.58053,1.50,1.84
2011.02.28 20:17:04.760,1.57995,1.58038,1.50,1.09
2011.02.28 20:17:04.977,1.57975,1.58029,1.28,1.50
2011.02.28 20:17:05.086,1.57978,1.58037,1.50,1.32
2011.02.28 20:17:05.592,1.57978,1.58037,1.80,1.32
2011.02.28 20:17:05.817,1.57979,1.58043,2.44,1.05
2011.02.28 20:17:06.486,1.57994,1.58054,1.88,3.04
2011.02.28 20:17:06.596,1.57994,1.58054,1.88,2.89
2011.02.28 20:17:07.288,1.57987,1.58045,2.40,1.50
2011.02.28 20:17:07.872,1.57995,1.58053,1.88,1.99
2011.02.28 20:17:08.346,1.57995,1.58053,1.88,1.92
2011.02.28 20:17:09.976,1.57995,1.58053,2.82,1.95
2011.02.28 20:17:10.197,1.58004,1.58055,1.50,1.24
2011.02.28 20:17:10.417,1.57988,1.58044,2.25,1.50
2011.02.28 20:17:10.637,1.57994,1.58054,1.88,2.14
2011.02.28 20:17:11.186,1.57994,1.58053,1.50,1.02
2011.02.28 20:17:12.256,1.57994,1.58054,2.44,2.33
2011.02.28 20:17:12.586,1.58004,1.5806,1.88,2.10
2011.02.28 20:17:12.916,1.57995,1.58053,3.19,1.65
2011.02.28 20:17:13.028,1.57995,1.58053,3.19,1.80
2011.02.28 20:17:13.448,1.57995,1.58053,3.19,1.65
2011.02.28 20:17:14.239,1.57995,1.58053,3.19,1.95
2011.02.28 20:17:14.457,1.57995,1.58053,2.25,1.99
2011.02.28 20:17:14.677,1.57988,1.58044,1.50,1.65
2011.02.28 20:17:14.897,1.57994,1.58053,1.50,1.02
2011.02.28 20:17:15.837,1.57994,1.58054,1.50,3.12
2011.02.28 20:17:15.947,1.57994,1.58053,1.50,1.02
2011.02.28 20:17:16.776,1.5798,1.58054,2.44,3.12
2011.02.28 20:17:17.106,1.57995,1.58053,1.50,2.37
2011.02.28 20:17:18.237,1.57995,1.58053,1.50,2.52
2011.02.28 20:17:18.799,1.57995,1.58053,1.50,2.37
2011.02.28 20:17:19.020,1.57995,1.58053,1.50,2.52
2011.02.28 20:17:20.347,1.57995,1.58051,1.50,1.02
2011.02.28 20:17:20.456,1.57988,1.58044,1.50,1.80
2011.02.28 20:17:20.567,1.57988,1.58044,1.50,1.65
2011.02.28 20:17:21.116,1.57982,1.58052,1.09,1.02
2011.02.28 20:17:21.667,1.57982,1.58053,1.09,2.52
2011.02.28 20:17:22.176,1.57988,1.58053,1.50,1.02
2011.02.28 20:17:22.697,1.57988,1.5805,1.50,1.09
2011.02.28 20:17:22.917,1.57985,1.58041,1.69,1.50
2011.02.28 20:17:24.048,1.57988,1.58047,1.50,1.84
2011.02.28 20:17:24.267,1.57988,1.58047,1.50,1.84
2011.02.28 20:17:25.278,1.57988,1.58047,1.50,1.99
2011.02.28 20:17:25.719,1.57988,1.58037,1.50,1.50
2011.02.28 20:17:25.827,1.57981,1.58037,2.22,3.00
2011.02.28 20:17:25.937,1.57981,1.58037,2.07,3.30
2011.02.28 20:17:28.146,1.57981,1.58037,2.07,1.65
2011.02.28 20:17:28.368,1.57981,1.58037,2.07,1.65
2011.02.28 20:17:28.477,1.57989,1.58046,1.50,1.84
2011.02.28 20:17:28.747,1.57989,1.58046,2.44,1.80
2011.02.28 20:17:29.076,1.57998,1.58051,1.50,2.48
2011.02.28 20:17:29.406,1.57998,1.58051,1.50,2.33
2011.02.28 20:17:30.178,1.57998,1.58051,1.50,1.58
2011.02.28 20:17:30.689,1.57999,1.58054,1.88,1.65
2011.02.28 20:17:30.797,1.57998,1.58054,1.88,1.65
2011.02.28 20:17:31.017,1.58005,1.58062,1.50,1.02
2011.02.28 20:17:32.176,1.58005,1.58063,1.50,2.37
2011.02.28 20:17:33.208,1.58005,1.58061,1.50,1.02
2011.02.28 20:17:36.387,1.58005,1.58062,1.50,1.02
2011.02.28 20:17:43.511,1.58005,1.58063,1.50,2.29
2011.02.28 20:17:48.176,1.58005,1.58063,1.50,2.37
2011.02.28 20:17:51.878,1.58005,1.58063,1.50,2.29
2011.02.28 20:17:55.656,1.58005,1.58063,2.44,2.10
2011.02.28 20:17:55.987,1.58014,1.58068,1.50,1.05
2011.02.28 20:17:56.096,1.58014,1.5807,1.50,2.40
2011.02.28 20:17:56.537,1.58021,1.58072,1.50,1.24
2011.02.28 20:17:56.647,1.58021,1.58078,1.50,1.02
2011.02.28 20:17:58.237,1.58021,1.58078,1.50,1.02
2011.02.28 20:17:58.477,1.58021,1.58079,2.44,2.33
2011.02.28 20:17:58.806,1.58029,1.58083,1.50,1.35
2011.02.28 20:18:05.927,1.58029,1.58087,1.50,2.10
2011.02.28 20:18:07.266,1.58017,1.58071,1.80,1.50
2011.02.28 20:18:07.597,1.58021,1.58079,2.03,1.69
2011.02.28 20:18:07.791,1.58021,1.58079,2.03,1.84
2011.02.28 20:18:12.695,1.58024,1.58079,1.13,1.84
2011.02.28 20:18:13.027,1.5803,1.5809,1.69,2.07
2011.02.28 20:18:13.136,1.5803,1.5809,2.44,1.69
2011.02.28 20:18:13.467,1.5803,1.5809,2.44,1.84
2011.02.28 20:18:14.792,1.5803,1.5809,2.44,1.84
2011.02.28 20:18:15.458,1.5803,1.5809,2.44,1.77
2011.02.28 20:18:16.589,1.5803,1.5809,2.44,1.84
2011.02.28 20:18:16.968,1.5803,1.5809,2.44,1.69
2011.02.28 20:18:17.187,1.5803,1.5809,2.44,1.99
2011.02.28 20:18:17.516,1.58018,1.58073,1.50,1.50
2011.02.28 20:18:17.627,1.58018,1.58073,1.13,1.50
2011.02.28 20:18:18.197,1.58018,1.58074,1.13,1.50
2011.02.28 20:18:18.486,1.5802,1.58087,2.82,1.39
2011.02.28 20:18:18.816,1.58022,1.5809,1.69,1.92
2011.02.28 20:18:21.948,1.58023,1.5808,1.09,1.50
2011.02.28 20:18:25.966,1.58023,1.5809,1.09,1.84
2011.02.28 20:18:33.636,1.58023,1.5808,1.09,1.50
2011.02.28 20:18:37.456,1.58036,1.58094,2.07,1.84
2011.02.28 20:18:38.048,1.58036,1.58094,2.07,1.99
2011.02.28 20:18:39.366,1.58036,1.58094,2.07,1.99
2011.02.28 20:18:41.966,1.58036,1.58094,2.07,1.84
2011.02.28 20:18:42.078,1.58036,1.58094,2.07,1.84
2011.02.28 20:18:42.407,1.58023,1.58089,1.69,1.69
2011.02.28 20:18:43.870,1.5803,1.5809,2.25,2.74
2011.02.28 20:18:45.239,1.5803,1.5809,2.25,2.59
2011.02.28 20:18:50.476,1.5803,1.5809,1.88,2.74
2011.02.28 20:18:53.191,1.5803,1.5809,1.88,2.74
2011.02.28 20:18:53.509,1.5803,1.5809,1.88,2.89
2011.02.28 20:18:53.727,1.5803,1.5809,1.88,2.74
2011.02.28 20:18:54.947,1.5803,1.5809,1.88,2.59
2011.02.28 20:18:56.055,1.5803,1.5809,2.07,1.65
2011.02.28 20:18:56.744,1.5803,1.58092,2.07,2.10
2011.02.28 20:19:01.365,1.58044,1.58102,1.50,2.82
2011.02.28 20:19:01.587,1.58028,1.58084,2.25,1.65
2011.02.28 20:19:02.248,1.58031,1.58097,1.88,1.02
2011.02.28 20:19:02.826,1.58031,1.58097,1.88,1.17
2011.02.28 20:19:03.049,1.58031,1.58098,2.03,2.97
2011.02.28 20:19:03.268,1.58046,1.58102,1.88,1.95
2011.02.28 20:19:03.816,1.5803,1.58101,3.19,1.73
2011.02.28 20:19:03.927,1.58032,1.58102,1.02,1.65
2011.02.28 20:19:04.936,1.58046,1.58102,1.88,1.65
2011.02.28 20:19:05.567,1.58046,1.58103,1.88,1.05
2011.02.28 20:19:07.188,1.58046,1.58109,1.88,1.65
2011.02.28 20:19:08.306,1.58054,1.5811,1.50,1.73
2011.02.28 20:19:08.526,1.58054,1.5811,1.50,1.65
2011.02.28 20:19:10.616,1.58054,1.5811,1.50,1.80
2011.02.28 20:19:10.837,1.58039,1.58109,2.44,1.80
2011.02.28 20:19:11.166,1.5804,1.58102,2.44,1.65
2011.02.28 20:19:11.876,1.5804,1.58102,2.44,1.80
2011.02.28 20:19:12.173,1.5804,1.58107,2.44,1.65
2011.02.28 20:19:12.837,1.58049,1.58107,1.88,1.73
2011.02.28 20:19:13.462,1.58049,1.58105,1.88,1.05
2011.02.28 20:19:15.717,1.58049,1.58109,1.88,1.73
2011.02.28 20:19:15.827,1.58049,1.58109,1.88,1.80
2011.02.28 20:19:16.047,1.5805,1.58111,1.88,1.20
2011.02.28 20:19:17.918,1.5805,1.58111,1.50,1.05
2011.02.28 20:19:18.407,1.5805,1.58111,1.50,1.20
2011.02.28 20:19:18.737,1.58048,1.58104,1.50,1.95
2011.02.28 20:19:19.251,1.58048,1.58104,1.50,1.65
2011.02.28 20:19:19.466,1.58048,1.58104,1.50,1.95
2011.02.28 20:19:19.887,1.58042,1.581,2.25,1.80
2011.02.28 20:19:20.708,1.58042,1.581,2.25,1.95
2011.02.28 20:19:23.129,1.58038,1.58094,2.44,1.95
2011.02.28 20:19:23.697,1.58038,1.58094,2.07,1.95
2011.02.28 20:19:29.303,1.58038,1.58094,2.07,2.10
2011.02.28 20:19:29.748,1.58038,1.58094,1.88,1.95
2011.02.28 20:19:30.187,1.58027,1.58085,2.07,1.65
2011.02.28 20:19:30.528,1.58036,1.58094,1.50,2.03
2011.02.28 20:19:30.856,1.58031,1.58089,2.44,1.80
2011.02.28 20:19:33.187,1.58031,1.58089,2.44,1.73
2011.02.28 20:19:41.683,1.58031,1.58089,2.44,1.80
2011.02.28 20:19:41.816,1.58031,1.58089,2.44,1.65
2011.02.28 20:19:44.077,1.58031,1.58089,2.44,1.65
2011.02.28 20:19:44.316,1.58031,1.58089,2.44,1.65
2011.02.28 20:19:44.866,1.5803,1.58095,2.44,1.05
2011.02.28 20:19:45.286,1.58031,1.58101,1.69,1.20
2011.02.28 20:19:50.428,1.58031,1.58101,1.69,2.10
2011.02.28 20:19:55.788,1.58049,1.58101,1.69,1.73
2011.02.28 20:19:57.095,1.58038,1.58101,1.32,2.10
2011.02.28 20:19:57.278,1.5803,1.58101,3.19,2.10
2011.02.28 20:19:57.708,1.5803,1.58101,3.19,1.95
2011.02.28 20:19:57.928,1.5803,1.58101,3.19,2.10
2011.02.28 20:19:58.037,1.5803,1.58101,3.19,1.95
2011.02.28 20:19:59.074,1.5803,1.58102,3.94,2.25
2011.02.28 20:20:00.241,1.5803,1.58101,3.19,1.20
2011.02.28 20:20:00.538,1.5803,1.58097,2.44,1.05
2011.02.28 20:20:01.218,1.5803,1.5809,2.44,1.50
2011.02.28 20:20:02.219,1.5803,1.5809,2.44,1.65
2011.02.28 20:20:13.816,1.58033,1.58099,1.32,2.33
2011.02.28 20:20:14.147,1.58046,1.58113,1.50,1.17
2011.02.28 20:20:14.256,1.58046,1.58116,2.25,2.29
2011.02.28 20:20:14.787,1.58056,1.58116,1.50,2.10
2011.02.28 20:20:15.008,1.58052,1.58113,1.13,1.17
2011.02.28 20:20:15.227,1.58052,1.58115,1.32,2.18
2011.02.28 20:20:15.448,1.58056,1.58116,1.50,3.08
2011.02.28 20:20:15.556,1.58052,1.58116,1.32,3.08
2011.02.28 20:20:15.667,1.58052,1.58116,1.32,3.23
2011.02.28 20:20:16.228,1.58037,1.58098,1.50,1.65
2011.02.28 20:20:16.337,1.58037,1.58098,1.13,1.65
2011.02.28 20:20:17.227,1.58037,1.58098,1.13,1.73
2011.02.28 20:20:19.218,1.58037,1.58098,1.13,2.10
2011.02.28 20:20:24.837,1.58037,1.58098,1.13,2.10
2011.02.28 20:20:25.277,1.5804,1.58098,1.88,1.95
2011.02.28 20:20:29.947,1.58036,1.58083,1.13,1.50
2011.02.28 20:20:30.167,1.58027,1.58083,2.44,1.50
2011.02.28 20:20:30.278,1.58027,1.58083,1.50,1.69
2011.02.28 20:20:30.386,1.5802,1.5808,2.82,1.50
2011.02.28 20:20:32.186,1.58027,1.58083,1.50,1.84
2011.02.28 20:20:33.156,1.58031,1.58089,1.50,2.37
2011.02.28 20:20:33.818,1.58031,1.58089,1.50,2.22
2011.02.28 20:20:34.566,1.58031,1.58088,1.50,1.02
2011.02.28 20:20:34.787,1.58024,1.58074,1.13,1.50
2011.02.28 20:20:34.897,1.58018,1.58074,1.69,1.50
2011.02.28 20:20:36.087,1.58016,1.58074,2.44,2.25
2011.02.28 20:20:36.197,1.58016,1.58074,2.44,2.40
2011.02.28 20:20:36.643,1.58016,1.58073,2.44,1.09
2011.02.28 20:20:37.064,1.5802,1.58073,1.50,1.09
2011.02.28 20:20:37.176,1.58017,1.58073,2.44,2.59
2011.02.28 20:20:38.085,1.58017,1.58073,2.44,2.67
2011.02.28 20:20:41.237,1.58017,1.58073,2.44,2.59
2011.02.28 20:20:41.786,1.58017,1.58073,2.44,1.84
2011.02.28 20:20:41.897,1.5802,1.58079,1.50,1.62
2011.02.28 20:20:42.536,1.5802,1.5808,2.44,2.18
2011.02.28 20:20:42.757,1.58021,1.58083,1.69,1.05
2011.02.28 20:20:43.388,1.58021,1.58081,1.69,1.35
2011.02.28 20:20:43.688,1.58018,1.58076,2.44,1.58
2011.02.28 20:20:44.018,1.5802,1.58083,2.44,1.05
2011.02.28 20:20:45.017,1.5802,1.58081,2.44,1.43
2011.02.28 20:20:46.357,1.5802,1.58082,2.44,1.05
2011.02.28 20:20:46.728,1.5802,1.58082,2.44,1.05
2011.02.28 20:20:48.143,1.5802,1.58083,2.44,1.05
2011.02.28 20:20:48.519,1.5802,1.58082,2.44,1.05
2011.02.28 20:20:49.051,1.5802,1.58082,2.44,1.20
2011.02.28 20:20:51.206,1.5802,1.58087,2.44,1.39
2011.02.28 20:20:51.687,1.58031,1.58087,1.50,1.39
2011.02.28 20:20:52.236,1.58031,1.58089,1.69,2.48
2011.02.28 20:20:52.567,1.58021,1.58088,2.44,1.05
2011.02.28 20:20:52.896,1.58021,1.58089,2.44,2.48
2011.02.28 20:20:53.117,1.58021,1.58087,2.44,1.20
2011.02.28 20:20:54.238,1.58021,1.58087,2.44,1.35
2011.02.28 20:20:54.623,1.58021,1.58087,2.44,1.35
2011.02.28 20:20:55.292,1.58021,1.58088,2.44,1.05
2011.02.28 20:20:56.266,1.58021,1.58087,2.44,1.13
2011.02.28 20:20:59.414,1.58021,1.58087,2.44,1.35
2011.02.28 20:21:03.325,1.58023,1.58089,1.02,2.48
2011.02.28 20:21:06.122,1.58021,1.58088,2.82,1.35
2011.02.28 20:21:06.457,1.58022,1.58089,1.02,2.40
2011.02.28 20:21:10.248,1.58023,1.58089,1.02,2.40
2011.02.28 20:21:16.697,1.58022,1.58089,1.09,2.40
2011.02.28 20:21:16.807,1.58023,1.58089,1.32,2.03
2011.02.28 20:21:18.230,1.58023,1.58089,1.32,2.10
2011.02.28 20:21:19.217,1.58023,1.58089,1.32,2.18
2011.02.28 20:21:19.823,1.58023,1.58089,1.32,2.33
2011.02.28 20:21:21.271,1.58023,1.5809,1.47,2.18
2011.02.28 20:21:29.606,1.58023,1.5809,1.32,2.33
2011.02.28 20:21:30.187,1.58023,1.58097,1.69,2.10
2011.02.28 20:21:30.690,1.58023,1.58097,1.69,1.95
2011.02.28 20:21:31.167,1.58026,1.58097,1.32,1.95
2011.02.28 20:21:32.157,1.58023,1.58097,1.69,2.10
2011.02.28 20:21:33.070,1.58023,1.58097,1.69,2.10
2011.02.28 20:21:33.477,1.58023,1.58097,1.84,2.10
2011.02.28 20:21:33.697,1.58023,1.58097,1.69,2.10
2011.02.28 20:21:35.869,1.58023,1.58097,1.69,1.95
2011.02.28 20:21:43.148,1.58023,1.58094,1.32,1.05
2011.02.28 20:21:44.083,1.58023,1.58094,1.47,1.20
2011.02.28 20:21:49.128,1.58037,1.58097,1.50,1.80
2011.02.28 20:21:58.860,1.58037,1.58097,1.50,1.88
2011.02.28 20:22:01.219,1.58037,1.58095,1.50,1.35
2011.02.28 20:22:01.448,1.58037,1.58095,1.50,1.20
2011.02.28 20:22:01.667,1.58037,1.58095,1.50,1.05
2011.02.28 20:22:01.776,1.58037,1.58095,1.50,1.20
2011.02.28 20:22:03.221,1.58037,1.58097,1.50,1.73
2011.02.28 20:22:04.286,1.58037,1.58097,1.50,1.73
2011.02.28 20:22:10.245,1.58037,1.58097,1.50,1.43
2011.02.28 20:22:10.444,1.58037,1.58097,1.50,1.73
2011.02.28 20:22:13.350,1.58037,1.58097,1.50,1.35
2011.02.28 20:22:14.018,1.58037,1.58097,1.50,1.73
2011.02.28 20:22:14.464,1.58037,1.58097,1.50,1.58
2011.02.28 20:22:14.858,1.58037,1.58097,1.50,1.43
2011.02.28 20:22:16.626,1.58037,1.58097,1.50,1.58
2011.02.28 20:22:17.248,1.58037,1.58098,1.50,1.73
2011.02.28 20:22:17.356,1.58037,1.58098,1.50,1.58
2011.02.28 20:22:17.467,1.58021,1.58098,2.25,1.73
2011.02.28 20:22:18.007,1.5803,1.5809,1.88,1.65
2011.02.28 20:22:18.698,1.5803,1.5809,1.88,1.80
2011.02.28 20:22:19.252,1.5803,1.5809,1.88,1.73
2011.02.28 20:22:20.017,1.5803,1.5809,1.88,1.65
2011.02.28 20:22:22.838,1.5803,1.5809,1.88,1.65
2011.02.28 20:22:23.110,1.5803,1.5809,1.88,1.80
2011.02.28 20:22:24.173,1.5803,1.5809,1.88,1.73
2011.02.28 20:22:24.907,1.5803,1.5809,1.88,1.80
2011.02.28 20:22:25.017,1.5803,1.58087,1.50,1.24
2011.02.28 20:22:25.126,1.5802,1.58087,2.44,1.24
2011.02.28 20:22:26.189,1.5802,1.58087,2.44,1.24
2011.02.28 20:22:27.122,1.5802,1.58086,2.44,1.02
2011.02.28 20:22:29.156,1.5803,1.58086,1.50,1.02
2011.02.28 20:22:29.267,1.5803,1.58087,1.50,1.39
2011.02.28 20:22:29.822,1.5803,1.58087,1.50,1.24
2011.02.28 20:22:34.588,1.5803,1.58087,1.50,1.02
2011.02.28 20:22:35.417,1.5803,1.58087,1.50,1.39
2011.02.28 20:22:39.497,1.5803,1.5809,2.44,1.95
2011.02.28 20:22:39.607,1.5803,1.5809,2.44,1.80
2011.02.28 20:22:40.158,1.58039,1.58096,1.69,1.05
2011.02.28 20:22:40.538,1.58039,1.58097,1.69,2.55
2011.02.28 20:22:40.648,1.58047,1.58104,1.50,1.02
2011.02.28 20:22:42.083,1.58047,1.58104,1.50,1.02
2011.02.28 20:22:43.072,1.58047,1.58104,1.50,1.02
2011.02.28 20:22:53.099,1.58047,1.58104,1.50,1.02
2011.02.28 20:22:53.318,1.58036,1.58104,2.44,1.02
2011.02.28 20:22:53.537,1.58037,1.58106,1.09,2.37
2011.02.28 20:22:53.647,1.58036,1.58104,2.44,1.02
2011.02.28 20:22:54.499,1.58036,1.58104,2.44,1.17
2011.02.28 20:22:54.737,1.58037,1.58106,1.69,2.33
2011.02.28 20:22:55.755,1.58037,1.58106,1.69,2.18
2011.02.28 20:22:55.868,1.58037,1.58106,1.69,2.10
2011.02.28 20:22:56.197,1.58037,1.58106,1.69,2.18
2011.02.28 20:22:56.757,1.58036,1.58106,2.25,2.37
2011.02.28 20:22:57.087,1.58034,1.58092,2.25,1.50
2011.02.28 20:23:00.318,1.58036,1.58092,1.13,1.50
2011.02.28 20:23:00.879,1.58039,1.58097,1.88,1.65
2011.02.28 20:23:01.438,1.58035,1.58091,2.25,1.50
2011.02.28 20:23:02.674,1.58035,1.58091,2.25,1.65
2011.02.28 20:23:05.643,1.58035,1.58091,2.40,1.50
2011.02.28 20:23:10.667,1.5803,1.58089,1.24,1.50
2011.02.28 20:23:10.887,1.58036,1.58103,1.65,1.02
2011.02.28 20:23:11.307,1.58037,1.58104,1.09,1.20
2011.02.28 20:23:11.417,1.58038,1.58104,1.09,1.05
2011.02.28 20:23:11.527,1.5805,1.58108,1.88,1.95
2011.02.28 20:23:13.609,1.5805,1.58108,1.88,2.10
2011.02.28 20:23:15.125,1.58056,1.58112,1.50,2.25
2011.02.28 20:23:15.237,1.58056,1.58112,1.50,1.95
2011.02.28 20:23:18.077,1.58056,1.58112,1.50,1.65
2011.02.28 20:23:20.278,1.58051,1.58108,1.13,1.58
2011.02.28 20:23:21.211,1.58051,1.58108,1.28,1.65
2011.02.28 20:23:39.948,1.58051,1.58106,1.13,1.69
2011.02.28 20:23:40.058,1.5805,1.58103,1.50,1.84
2011.02.28 20:23:40.168,1.58031,1.58089,1.65,1.50
2011.02.28 20:23:40.498,1.58031,1.58089,1.50,2.44
2011.02.28 20:23:40.828,1.58029,1.58079,1.50,1.50
2011.02.28 20:23:41.267,1.58022,1.58078,1.84,1.50
2011.02.28 20:23:41.796,1.58023,1.58078,1.09,1.50
2011.02.28 20:23:44.767,1.58029,1.58074,1.50,1.50
2011.02.28 20:23:46.397,1.58029,1.58074,1.50,1.65
2011.02.28 20:23:47.228,1.58029,1.58074,1.50,1.50
2011.02.28 20:23:49.956,1.58029,1.58074,1.50,1.58
2011.02.28 20:23:50.354,1.58016,1.58074,2.25,1.65
2011.02.28 20:23:51.777,1.58021,1.58079,1.88,1.80
2011.02.28 20:23:54.927,1.58021,1.58079,1.88,1.95
2011.02.28 20:23:56.000,1.58021,1.58079,1.88,1.80
2011.02.28 20:23:56.979,1.58021,1.58079,1.88,1.95
2011.02.28 20:24:00.667,1.58016,1.58074,2.25,1.95
2011.02.28 20:24:00.997,1.58016,1.58074,2.25,1.80
2011.02.28 20:24:03.410,1.58016,1.58074,2.25,1.80
2011.02.28 20:24:03.831,1.58016,1.58074,2.25,1.95
2011.02.28 20:24:04.547,1.58016,1.58074,2.25,1.73
2011.02.28 20:24:05.128,1.58016,1.58074,2.25,1.95
2011.02.28 20:24:05.237,1.58016,1.58074,2.25,1.80
2011.02.28 20:24:05.347,1.58016,1.58074,2.25,1.95
2011.02.28 20:24:08.187,1.58016,1.58074,2.25,1.80
2011.02.28 20:24:11.175,1.58016,1.58074,1.50,1.80
2011.02.28 20:24:19.409,1.58016,1.58074,1.50,1.95
2011.02.28 20:24:23.048,1.58016,1.58074,1.50,1.80
2011.02.28 20:24:26.888,1.58016,1.58074,1.50,1.80
2011.02.28 20:24:26.997,1.58022,1.58078,1.50,2.33
2011.02.28 20:24:28.287,1.58022,1.58078,1.50,2.33
2011.02.28 20:24:29.879,1.58022,1.58078,1.50,2.18
2011.02.28 20:24:32.154,1.58022,1.58078,1.50,2.18
2011.02.28 20:24:32.572,1.58022,1.58078,1.50,2.33
2011.02.28 20:24:35.052,1.58022,1.58078,1.50,2.18
2011.02.28 20:24:36.048,1.58022,1.58078,1.50,2.03
2011.02.28 20:24:36.157,1.58022,1.58078,1.50,2.18
2011.02.28 20:24:37.191,1.58022,1.58078,1.50,2.33
2011.02.28 20:24:38.551,1.58022,1.58078,1.50,2.03
2011.02.28 20:24:40.382,1.58022,1.58078,1.50,2.03
2011.02.28 20:24:40.870,1.58022,1.58078,1.50,2.18
2011.02.28 20:24:41.499,1.58022,1.58078,1.50,1.95
2011.02.28 20:24:42.429,1.58026,1.58084,1.50,2.14
2011.02.28 20:24:42.537,1.58026,1.58084,1.50,1.95
2011.02.28 20:24:42.867,1.58031,1.58089,1.50,2.40
2011.02.28 20:24:43.087,1.58026,1.58084,1.50,2.03
2011.02.28 20:24:43.307,1.58022,1.58078,1.77,1.50
2011.02.28 20:24:43.918,1.58022,1.58078,1.69,1.80
2011.02.28 20:24:45.229,1.58022,1.58078,1.69,1.65
2011.02.28 20:24:46.218,1.58022,1.58078,1.69,1.65
2011.02.28 20:24:47.871,1.58022,1.58078,1.69,1.65
2011.02.28 20:24:48.818,1.58022,1.58078,1.69,1.80
2011.02.28 20:24:49.519,1.58022,1.58078,1.69,1.80
2011.02.28 20:24:51.507,1.58022,1.58078,1.50,2.14
2011.02.28 20:24:51.616,1.58,1.58066,1.32,1.13
2011.02.28 20:24:52.057,1.57996,1.58061,1.32,1.50
2011.02.28 20:24:53.090,1.57996,1.58061,1.32,1.65
2011.02.28 20:24:53.959,1.57996,1.58061,1.32,1.58
2011.02.28 20:24:54.358,1.57996,1.58061,1.32,1.95
2011.02.28 20:24:55.318,1.58006,1.58062,1.50,2.10
2011.02.28 20:24:55.427,1.58006,1.58062,1.50,1.65
2011.02.28 20:24:59.247,1.58006,1.58062,1.50,1.84
2011.02.28 20:24:59.358,1.57989,1.58047,3.00,1.50
2011.02.28 20:24:59.467,1.57989,1.58047,1.88,1.50
2011.02.28 20:25:04.149,1.57989,1.58047,1.88,1.80
2011.02.28 20:25:20.319,1.57989,1.58047,1.88,1.65
2011.02.28 20:25:33.997,1.57989,1.58047,1.88,1.80
2011.02.28 20:25:36.057,1.57989,1.58047,1.88,1.80
2011.02.28 20:25:37.448,1.57989,1.58047,1.88,1.58
2011.02.28 20:25:37.668,1.57989,1.58047,1.88,1.65
2011.02.28 20:25:38.393,1.57989,1.58047,1.88,1.65
2011.02.28 20:25:38.508,1.57993,1.58051,1.50,1.65
2011.02.28 20:25:39.529,1.5799,1.58046,1.88,1.50
2011.02.28 20:25:39.747,1.5799,1.58046,1.88,1.65
2011.02.28 20:25:40.389,1.5799,1.58046,1.88,1.50
2011.02.28 20:25:40.498,1.5799,1.58046,1.88,1.65
2011.02.28 20:25:40.609,1.5799,1.58046,1.88,1.50
2011.02.28 20:25:41.767,1.5799,1.58046,1.88,1.65
2011.02.28 20:25:42.322,1.5799,1.58046,1.88,1.65
2011.02.28 20:25:42.827,1.57992,1.58057,1.50,1.02
2011.02.28 20:25:43.151,1.57992,1.58058,1.50,1.02
2011.02.28 20:25:43.367,1.57992,1.58057,1.50,1.02
2011.02.28 20:25:44.469,1.57992,1.58057,1.50,1.02
2011.02.28 20:25:45.000,1.57992,1.58058,1.50,1.02
2011.02.28 20:25:45.363,1.57992,1.58057,1.50,1.17
2011.02.28 20:25:47.090,1.57992,1.58059,1.50,1.32
2011.02.28 20:25:48.578,1.57992,1.58057,1.50,1.17
2011.02.28 20:25:49.410,1.57992,1.58059,1.50,1.24
2011.02.28 20:25:52.554,1.57992,1.5806,1.88,2.37
2011.02.28 20:26:05.947,1.57992,1.58058,1.88,1.13
2011.02.28 20:26:06.508,1.57992,1.5806,1.88,2.48
2011.02.28 20:26:17.828,1.57994,1.5806,1.32,2.48
2011.02.28 20:26:18.488,1.58001,1.58061,1.69,2.33
2011.02.28 20:26:18.900,1.57994,1.5806,1.32,2.48
2011.02.28 20:26:21.063,1.57994,1.5806,1.32,2.33
2011.02.28 20:26:21.637,1.57994,1.58053,1.32,1.05
2011.02.28 20:26:22.439,1.57992,1.58053,1.88,1.05
2011.02.28 20:26:25.201,1.57989,1.58047,2.25,1.80
2011.02.28 20:26:25.751,1.57989,1.58047,2.25,1.95
2011.02.28 20:26:28.610,1.57989,1.58047,2.25,1.58
2011.02.28 20:26:29.258,1.57989,1.58047,2.25,1.65
2011.02.28 20:26:29.368,1.57989,1.58047,2.25,1.50
2011.02.28 20:26:29.587,1.57989,1.58047,2.25,3.00
2011.02.28 20:26:29.918,1.57979,1.58037,2.44,1.50
2011.02.28 20:26:30.638,1.57982,1.58046,2.25,1.69
2011.02.28 20:26:31.458,1.57982,1.58043,1.88,1.09
2011.02.28 20:26:32.109,1.57982,1.58042,1.88,1.24
2011.02.28 20:26:32.978,1.57982,1.58042,1.88,1.02
2011.02.28 20:26:33.752,1.57982,1.58042,1.88,1.39
2011.02.28 20:26:35.200,1.57982,1.58043,1.88,1.39
2011.02.28 20:26:38.098,1.57995,1.58043,1.50,1.09
2011.02.28 20:26:39.248,1.57995,1.58051,1.50,2.33
2011.02.28 20:26:39.359,1.57998,1.58058,1.88,1.05
2011.02.28 20:26:39.468,1.57998,1.58063,1.88,1.02
2011.02.28 20:26:40.161,1.57994,1.58051,1.13,1.50
2011.02.28 20:26:40.268,1.57997,1.58063,1.88,1.02
2011.02.28 20:26:42.467,1.57998,1.58067,1.32,4.20
2011.02.28 20:26:42.689,1.58012,1.58066,1.50,1.28
2011.02.28 20:26:43.458,1.57998,1.58067,1.47,2.40
2011.02.28 20:26:43.787,1.57997,1.58067,1.95,3.34
2011.02.28 20:26:44.089,1.57996,1.58052,1.88,1.50
2011.02.28 20:26:44.637,1.57993,1.58051,1.09,1.50
2011.02.28 20:26:44.858,1.57993,1.5806,1.09,1.09
2011.02.28 20:26:44.968,1.57993,1.5805,1.09,1.50
2011.02.28 20:26:47.268,1.57992,1.5805,1.09,1.65
2011.02.28 20:26:47.378,1.57993,1.5805,1.24,1.50
2011.02.28 20:26:49.628,1.57996,1.58052,2.03,1.65
2011.02.28 20:26:56.987,1.57998,1.58063,1.88,1.77
2011.02.28 20:26:57.261,1.57998,1.58062,1.88,1.17
2011.02.28 20:26:57.559,1.57998,1.58063,1.88,1.54
2011.02.28 20:26:57.668,1.58007,1.58063,1.50,1.35
2011.02.28 20:27:00.130,1.58007,1.58067,1.50,2.55
2011.02.28 20:27:00.238,1.58016,1.58073,1.50,1.54
2011.02.28 20:27:00.837,1.58016,1.58073,1.69,1.35
2011.02.28 20:27:04.900,1.58011,1.58066,1.32,1.05
2011.02.28 20:27:05.965,1.58011,1.58062,1.32,1.73
2011.02.28 20:27:09.558,1.58007,1.58062,2.25,1.92
2011.02.28 20:27:16.947,1.58001,1.58057,1.69,2.40
2011.02.28 20:27:21.189,1.58001,1.58057,1.69,2.55
2011.02.28 20:27:21.529,1.58001,1.58057,1.69,2.55
2011.02.28 20:27:21.858,1.57996,1.58052,2.82,1.80
2011.02.28 20:27:24.578,1.57996,1.58052,2.82,1.65
2011.02.28 20:27:40.489,1.57996,1.58052,2.82,1.80
2011.02.28 20:27:43.011,1.57996,1.58052,2.97,1.65
2011.02.28 20:27:43.509,1.57996,1.58052,2.89,1.50
2011.02.28 20:27:46.273,1.57996,1.58052,2.82,1.80
2011.02.28 20:28:03.469,1.57996,1.58057,2.82,1.80
2011.02.28 20:28:03.688,1.58001,1.58057,1.69,1.65
2011.02.28 20:28:04.147,1.58005,1.58063,1.50,2.37
2011.02.28 20:28:13.538,1.58005,1.58063,2.07,1.65
2011.02.28 20:28:15.838,1.58007,1.58067,1.69,1.20
2011.02.28 20:28:21.098,1.58007,1.58068,1.69,1.43
2011.02.28 20:28:21.208,1.58007,1.58068,1.69,1.58
2011.02.28 20:28:25.900,1.58007,1.58069,1.69,1.43
2011.02.28 20:28:26.135,1.58007,1.58069,1.69,1.35
2011.02.28 20:28:26.469,1.58018,1.58073,1.50,1.05
2011.02.28 20:28:28.244,1.58018,1.58073,1.50,1.35
2011.02.28 20:28:38.700,1.58018,1.58068,1.50,1.73
2011.02.28 20:28:38.948,1.58018,1.58068,1.50,1.20
2011.02.28 20:28:39.238,1.58008,1.58068,2.07,1.20
2011.02.28 20:28:40.068,1.58008,1.58068,2.07,1.05
2011.02.28 20:28:43.128,1.58007,1.58069,2.07,1.35
2011.02.28 20:28:47.529,1.58007,1.58076,2.07,1.73
2011.02.28 20:28:49.241,1.58007,1.58069,2.07,1.20
2011.02.28 20:29:00.939,1.58007,1.58068,2.07,1.35
2011.02.28 20:29:07.575,1.58021,1.58067,1.50,1.35
2011.02.28 20:29:08.799,1.58021,1.58067,1.50,1.20
2011.02.28 20:29:10.791,1.58021,1.58079,1.50,2.44
2011.02.28 20:29:11.598,1.58021,1.58079,1.50,2.37
2011.02.28 20:29:23.450,1.58021,1.58079,1.50,2.03
2011.02.28 20:29:28.430,1.58021,1.58079,1.50,2.03
2011.02.28 20:29:38.428,1.58021,1.58079,1.50,1.95
2011.02.28 20:29:39.139,1.58021,1.58079,1.69,2.03
2011.02.28 20:29:39.462,1.58026,1.58084,1.50,2.55
2011.02.28 20:29:39.788,1.58032,1.58084,1.50,1.05
2011.02.28 20:29:41.258,1.58032,1.58084,1.50,1.20
2011.02.28 20:29:42.308,1.58032,1.58088,1.50,2.10
2011.02.28 20:29:43.241,1.58032,1.58088,1.50,1.88
2011.02.28 20:29:43.348,1.58032,1.58088,1.50,1.95
2011.02.28 20:29:43.458,1.58032,1.58088,1.50,2.10
2011.02.28 20:29:46.871,1.58032,1.58088,1.50,1.95
2011.02.28 20:29:48.150,1.58032,1.58088,1.50,2.10
2011.02.28 20:29:49.059,1.58032,1.58088,1.50,2.10
2011.02.28 20:29:50.159,1.58032,1.58088,1.50,2.10
2011.02.28 20:29:51.369,1.58032,1.58088,1.50,2.25
2011.02.28 20:29:52.947,1.58018,1.58086,2.44,3.60
2011.02.28 20:29:53.058,1.58018,1.58086,2.44,3.23
2011.02.28 20:29:54.229,1.58018,1.58086,2.44,3.30
2011.02.28 20:30:00.148,1.58031,1.58089,1.50,2.25
2011.02.28 20:30:01.907,1.58031,1.58089,1.50,2.63
2011.02.28 20:30:02.459,1.58036,1.58093,1.50,1.32
2011.02.28 20:30:02.568,1.58032,1.58088,1.88,1.80
2011.02.28 20:30:02.788,1.58032,1.58088,1.88,2.25
2011.02.28 20:30:03.789,1.58032,1.58088,1.88,2.10
2011.02.28 20:30:03.898,1.58022,1.58078,1.69,1.80
2011.02.28 20:30:04.551,1.58022,1.58078,1.69,1.80
2011.02.28 20:30:04.768,1.58022,1.58078,1.69,1.95
2011.02.28 20:30:05.131,1.58022,1.58078,1.69,2.10
2011.02.28 20:30:06.129,1.58022,1.58078,1.69,1.88
2011.02.28 20:30:06.598,1.58014,1.5807,2.07,1.73
2011.02.28 20:30:06.708,1.58014,1.5807,2.07,1.65
2011.02.28 20:30:07.463,1.58014,1.5807,2.07,1.58
2011.02.28 20:30:07.579,1.58014,1.5807,2.07,1.80
2011.02.28 20:30:08.491,1.58011,1.58061,1.69,1.50
2011.02.28 20:30:09.059,1.58013,1.58067,1.69,1.05
2011.02.28 20:30:10.398,1.58011,1.58066,1.32,1.65
2011.02.28 20:30:11.269,1.58011,1.58066,1.32,1.50
2011.02.28 20:30:11.488,1.58017,1.58073,1.50,1.77
2011.02.28 20:30:12.548,1.58017,1.58073,1.50,1.99
2011.02.28 20:30:14.424,1.58009,1.58066,1.32,1.50
2011.02.28 20:30:15.354,1.58009,1.58066,1.32,1.65
2011.02.28 20:30:15.796,1.58009,1.58066,1.32,1.50
2011.02.28 20:30:18.198,1.58009,1.58066,1.32,1.58
2011.02.28 20:30:18.528,1.58009,1.58066,1.32,1.50
2011.02.28 20:30:20.678,1.58009,1.58066,1.32,1.65
2011.02.28 20:30:21.234,1.58009,1.58066,1.32,1.80
2011.02.28 20:30:21.348,1.58009,1.58066,1.32,1.65
2011.02.28 20:30:23.592,1.58009,1.58066,1.32,1.65
2011.02.28 20:30:23.918,1.58009,1.58066,1.32,1.80
2011.02.28 20:30:25.968,1.58009,1.58066,1.32,1.65
2011.02.28 20:30:26.630,1.58009,1.58066,1.32,1.80
2011.02.28 20:30:26.742,1.58009,1.58066,1.32,1.65
2011.02.28 20:30:27.080,1.58009,1.58066,1.32,1.80
2011.02.28 20:30:29.288,1.58009,1.58066,1.32,1.58
2011.02.28 20:30:29.977,1.58009,1.58066,1.32,1.80
2011.02.28 20:30:33.064,1.58008,1.58066,1.88,1.99
2011.02.28 20:30:33.619,1.58014,1.58068,1.50,1.39
2011.02.28 20:30:33.838,1.58007,1.58067,2.07,1.99
2011.02.28 20:30:35.565,1.58007,1.58067,2.07,1.84
2011.02.28 20:30:35.678,1.58008,1.58076,2.07,2.10
2011.02.28 20:30:36.008,1.58008,1.58076,2.07,2.18
2011.02.28 20:30:36.118,1.58008,1.58077,2.44,1.39
2011.02.28 20:30:36.229,1.58008,1.58077,2.44,1.24
2011.02.28 20:30:36.448,1.58018,1.58076,1.88,1.95
2011.02.28 20:30:37.712,1.58008,1.58076,2.44,1.80
2011.02.28 20:30:37.941,1.58008,1.58076,2.44,1.95
2011.02.28 20:30:39.330,1.58008,1.58076,2.44,2.10
2011.02.28 20:30:41.448,1.58008,1.58076,2.44,2.10
2011.02.28 20:30:41.560,1.58008,1.58076,2.59,1.95
2011.02.28 20:30:47.449,1.58021,1.58078,1.50,1.24
2011.02.28 20:30:51.284,1.58021,1.58079,1.88,1.99
2011.02.28 20:30:55.498,1.58016,1.58074,2.25,1.73
2011.02.28 20:30:56.048,1.58016,1.58074,2.25,1.65
2011.02.28 20:30:56.409,1.58016,1.58074,2.25,1.95
2011.02.28 20:30:56.771,1.58016,1.58074,2.25,2.10
2011.02.28 20:30:56.887,1.58016,1.58074,2.25,1.95
2011.02.28 20:30:57.001,1.58016,1.58074,2.25,2.10
2011.02.28 20:30:57.162,1.58016,1.58074,2.25,1.95
2011.02.28 20:31:04.201,1.58008,1.58076,2.44,1.80
2011.02.28 20:31:06.772,1.58008,1.58076,2.44,1.95
2011.02.28 20:31:09.558,1.58008,1.58076,2.44,1.65
2011.02.28 20:31:10.576,1.58022,1.58078,1.88,1.99
2011.02.28 20:31:12.218,1.58021,1.58079,1.88,1.99
2011.02.28 20:31:13.810,1.58021,1.58079,1.88,1.92
2011.02.28 20:31:27.312,1.58021,1.58079,1.88,1.99
2011.02.28 20:31:28.662,1.58021,1.58079,1.88,1.84
2011.02.28 20:31:37.539,1.58021,1.58079,1.88,1.80
2011.02.28 20:31:41.447,1.58021,1.58079,1.88,1.65
2011.02.28 20:31:45.767,1.58027,1.58083,1.50,1.80
2011.02.28 20:31:45.988,1.58027,1.58083,1.50,1.65
2011.02.28 20:31:46.318,1.58031,1.58087,1.50,1.13
2011.02.28 20:31:46.538,1.58031,1.58089,1.50,2.03
2011.02.28 20:31:47.212,1.58031,1.58089,1.50,2.33
2011.02.28 20:31:49.200,1.58031,1.58087,1.50,1.35
2011.02.28 20:31:51.518,1.58031,1.58089,1.88,1.80
2011.02.28 20:31:52.289,1.58031,1.58089,1.88,1.95
2011.02.28 20:31:52.659,1.58033,1.58096,1.88,2.44
2011.02.28 20:31:52.988,1.58032,1.58088,1.88,1.95
2011.02.28 20:31:53.099,1.58032,1.58088,1.88,2.10
2011.02.28 20:31:53.364,1.58033,1.58088,1.32,1.80
2011.02.28 20:31:53.699,1.5805,1.58102,1.50,1.50
2011.02.28 20:31:54.138,1.58044,1.58102,1.50,1.05
2011.02.28 20:31:56.140,1.58044,1.58102,1.50,1.50
2011.02.28 20:32:15.621,1.58044,1.58105,1.88,1.88
2011.02.28 20:32:21.429,1.58044,1.58105,1.88,1.88
2011.02.28 20:32:22.839,1.58044,1.58105,1.88,1.88
2011.02.28 20:32:23.871,1.58044,1.58105,1.88,1.88
2011.02.28 20:32:25.178,1.58044,1.58105,1.88,1.88
2011.02.28 20:32:25.633,1.58044,1.58105,1.88,2.10
2011.02.28 20:32:27.903,1.58044,1.58105,1.88,2.10
2011.02.28 20:32:29.172,1.58044,1.58105,1.88,1.95
2011.02.28 20:32:29.718,1.58051,1.58107,1.50,1.95
2011.02.28 20:32:29.939,1.58051,1.58107,1.50,1.80
2011.02.28 20:32:30.159,1.58044,1.58105,1.88,1.80
2011.02.28 20:32:30.268,1.58044,1.58105,1.88,2.10
2011.02.28 20:32:31.228,1.58044,1.58105,1.88,2.25
2011.02.28 20:32:31.338,1.58044,1.58105,1.88,1.80
2011.02.28 20:32:32.143,1.58044,1.58105,1.88,2.25
2011.02.28 20:32:33.930,1.58044,1.58105,1.88,1.88
2011.02.28 20:32:34.041,1.58044,1.58105,1.88,1.88
2011.02.28 20:32:34.824,1.58044,1.58105,1.88,1.88
2011.02.28 20:32:35.048,1.58044,1.58105,1.88,1.88
2011.02.28 20:32:37.315,1.58044,1.58105,1.88,2.10
2011.02.28 20:32:37.920,1.58044,1.58105,1.88,2.25
2011.02.28 20:32:38.220,1.58044,1.58105,1.88,2.10
2011.02.28 20:32:41.240,1.58044,1.58098,1.88,1.35
2011.02.28 20:32:41.568,1.58044,1.58098,1.50,1.35
2011.02.28 20:32:48.060,1.58044,1.58102,1.50,1.58
2011.02.28 20:32:49.114,1.58044,1.58105,1.50,2.03
2011.02.28 20:32:49.661,1.58044,1.58105,1.50,2.18
2011.02.28 20:32:54.637,1.58044,1.58105,1.50,2.03
2011.02.28 20:32:55.230,1.58044,1.58105,1.50,2.18
2011.02.28 20:32:58.618,1.58043,1.58106,1.50,2.18
2011.02.28 20:32:59.243,1.58043,1.58106,1.65,2.03
2011.02.28 20:33:07.593,1.58043,1.58106,1.65,1.95
2011.02.28 20:33:07.928,1.5805,1.58108,1.50,2.40
2011.02.28 20:33:08.827,1.5805,1.58108,1.50,2.48
2011.02.28 20:33:09.308,1.5805,1.58108,1.50,2.40
2011.02.28 20:33:09.867,1.5805,1.58108,1.50,2.55
2011.02.28 20:33:11.166,1.5805,1.58108,1.50,2.40
2011.02.28 20:33:11.749,1.5805,1.58108,1.50,1.65
2011.02.28 20:33:12.190,1.5805,1.58108,1.50,1.80
2011.02.28 20:33:12.352,1.5805,1.58108,1.50,1.65
2011.02.28 20:33:15.841,1.5805,1.58108,1.50,1.80
2011.02.28 20:33:16.330,1.5805,1.58108,1.50,1.65
2011.02.28 20:33:19.900,1.5805,1.58108,1.50,1.80
2011.02.28 20:33:20.135,1.5805,1.58108,1.50,1.65
2011.02.28 20:33:20.250,1.58044,1.58105,1.88,1.50
2011.02.28 20:33:21.220,1.58044,1.58105,1.88,1.65
2011.02.28 20:33:26.340,1.5805,1.58108,1.50,1.80
2011.02.28 20:33:26.668,1.58041,1.58099,2.40,1.50
2011.02.28 20:33:27.108,1.58039,1.58094,2.25,1.50
2011.02.28 20:33:28.328,1.58038,1.58094,1.69,1.50
2011.02.28 20:33:29.433,1.58039,1.58094,1.58,1.50
2011.02.28 20:33:32.769,1.58038,1.58094,1.69,1.50
2011.02.28 20:33:33.612,1.58037,1.58094,1.09,1.50
2011.02.28 20:33:37.780,1.58036,1.58094,1.65,1.69
2011.02.28 20:33:38.110,1.58035,1.58087,1.13,1.50
2011.02.28 20:33:38.219,1.58027,1.58087,2.52,1.50
2011.02.28 20:33:41.459,1.58027,1.58087,2.37,1.50
2011.02.28 20:33:41.751,1.58027,1.58087,2.22,1.50
2011.02.28 20:33:42.459,1.58027,1.58087,2.37,1.50
2011.02.28 20:33:43.988,1.58027,1.58087,2.22,1.50
2011.02.28 20:33:44.100,1.58036,1.58094,1.50,2.22
2011.02.28 20:33:45.208,1.58036,1.58094,1.50,2.22
2011.02.28 20:33:47.161,1.58036,1.58094,1.50,2.22
2011.02.28 20:33:48.429,1.58036,1.58094,1.69,1.88
2011.02.28 20:33:48.978,1.58042,1.58097,1.50,1.05
2011.02.28 20:33:50.911,1.58042,1.58095,1.50,1.05
2011.02.28 20:33:51.201,1.58041,1.58096,1.69,1.65
2011.02.28 20:33:51.529,1.58046,1.58098,2.44,1.05
2011.02.28 20:33:51.749,1.5805,1.58101,1.69,1.65
2011.02.28 20:33:51.859,1.5805,1.58104,1.69,1.20
2011.02.28 20:33:52.409,1.58045,1.58103,2.44,1.95
2011.02.28 20:33:53.037,1.58045,1.58103,2.44,1.95
2011.02.28 20:33:53.620,1.58045,1.58103,2.44,2.10
2011.02.28 20:33:53.728,1.58045,1.58103,1.50,2.29
2011.02.28 20:33:53.840,1.58037,1.58095,2.25,1.80
2011.02.28 20:33:54.059,1.58045,1.58103,1.50,2.29
2011.02.28 20:33:54.499,1.58045,1.58103,1.50,2.14
2011.02.28 20:33:54.609,1.58045,1.58103,1.50,1.99
2011.02.28 20:33:54.728,1.58045,1.58103,1.50,1.99
2011.02.28 20:33:55.058,1.58045,1.58103,1.69,1.80
2011.02.28 20:33:55.389,1.58051,1.58106,1.50,1.43
2011.02.28 20:33:55.499,1.58051,1.58106,1.50,1.58
2011.02.28 20:33:55.719,1.58045,1.58103,1.69,2.10
2011.02.28 20:33:56.310,1.58045,1.58103,1.69,2.25
2011.02.28 20:33:56.529,1.58045,1.58103,1.69,1.95
2011.02.28 20:33:56.770,1.58045,1.58103,1.69,2.10
2011.02.28 20:33:57.130,1.58045,1.58103,1.69,1.95
2011.02.28 20:33:57.462,1.58045,1.58103,1.69,2.10
2011.02.28 20:33:57.569,1.58045,1.58103,1.69,1.95
2011.02.28 20:33:58.964,1.58045,1.58103,1.69,2.10
2011.02.28 20:33:59.221,1.58045,1.58103,1.69,1.95
2011.02.28 20:33:59.329,1.58045,1.58103,1.69,2.10
2011.02.28 20:33:59.658,1.58045,1.58103,1.69,1.88
2011.02.28 20:33:59.769,1.58045,1.58103,1.69,1.80
2011.02.28 20:33:59.878,1.58045,1.58103,1.69,1.88
2011.02.28 20:34:00.359,1.58045,1.58103,1.69,1.80
2011.02.28 20:34:07.858,1.58045,1.58103,1.69,2.25
2011.02.28 20:34:09.606,1.58045,1.58103,1.69,2.10
2011.02.28 20:34:13.171,1.58045,1.58103,1.69,2.10
2011.02.28 20:34:13.737,1.58045,1.58103,1.69,2.10
2011.02.28 20:34:16.335,1.58045,1.58103,1.69,1.88
2011.02.28 20:34:17.128,1.58045,1.58103,1.69,2.10
2011.02.28 20:34:18.178,1.58045,1.58103,1.69,1.88
2011.02.28 20:34:19.445,1.58045,1.58103,1.69,2.10
2011.02.28 20:34:19.559,1.58045,1.58103,1.69,2.25
2011.02.28 20:34:19.691,1.58045,1.58103,1.69,2.10
2011.02.28 20:34:20.014,1.58045,1.58103,1.69,2.25
2011.02.28 20:34:20.124,1.58045,1.58103,1.69,2.10
2011.02.28 20:34:20.239,1.58045,1.58103,1.69,2.25
2011.02.28 20:34:20.458,1.58045,1.58103,1.69,2.10
2011.02.28 20:34:20.568,1.58045,1.58103,1.69,2.25
2011.02.28 20:34:20.711,1.58045,1.58103,1.69,2.10
2011.02.28 20:34:20.823,1.58045,1.58103,1.69,1.88
2011.02.28 20:34:20.931,1.58045,1.58103,1.69,2.10
2011.02.28 20:34:21.064,1.58045,1.58103,1.69,2.25
2011.02.28 20:34:21.308,1.58045,1.58103,1.69,2.10
2011.02.28 20:34:21.651,1.58045,1.58103,1.69,2.25
2011.02.28 20:34:21.980,1.58045,1.58103,1.69,2.10
2011.02.28 20:34:22.090,1.58045,1.58103,1.69,1.88
2011.02.28 20:34:23.459,1.58045,1.58103,1.69,2.10
2011.02.28 20:34:23.789,1.58045,1.58103,1.69,2.25
2011.02.28 20:34:24.339,1.58045,1.58103,1.69,2.25
2011.02.28 20:34:24.560,1.58036,1.58094,2.44,1.80
2011.02.28 20:34:25.199,1.58036,1.58094,2.44,1.73
2011.02.28 20:34:25.309,1.58036,1.58094,2.44,1.80
2011.02.28 20:34:25.418,1.58036,1.58094,2.44,1.73
2011.02.28 20:34:26.660,1.58041,1.58099,1.88,2.14
2011.02.28 20:34:26.879,1.58041,1.58099,1.88,2.29
2011.02.28 20:34:27.211,1.58046,1.58102,1.50,1.99
2011.02.28 20:34:27.538,1.58042,1.58098,1.88,1.80
2011.02.28 20:34:28.998,1.58042,1.58098,1.88,2.25
2011.02.28 20:34:30.319,1.58042,1.58098,1.88,1.80
2011.02.28 20:34:36.203,1.58042,1.58098,1.50,1.80
2011.02.28 20:34:36.700,1.58042,1.58098,1.50,1.95
2011.02.28 20:34:40.718,1.58046,1.58099,1.50,1.02
2011.02.28 20:34:40.830,1.58046,1.58102,1.69,2.18
2011.02.28 20:34:42.408,1.58041,1.58099,1.50,1.80
2011.02.28 20:34:42.879,1.58041,1.58099,1.50,1.95
2011.02.28 20:34:43.562,1.58041,1.58099,1.50,1.80
2011.02.28 20:34:43.779,1.5805,1.58104,1.50,1.02
2011.02.28 20:34:44.109,1.5805,1.58108,1.50,2.82
2011.02.28 20:34:44.388,1.58041,1.58099,1.50,1.80
2011.02.28 20:34:44.794,1.58041,1.58099,1.50,1.73
2011.02.28 20:34:45.009,1.58041,1.58099,1.50,1.80
2011.02.28 20:34:45.338,1.58034,1.58095,2.44,1.80
2011.02.28 20:34:45.669,1.58036,1.58094,2.07,1.73
2011.02.28 20:34:46.449,1.58036,1.58094,2.07,1.80
2011.02.28 20:34:50.378,1.58036,1.58094,2.07,1.95
2011.02.28 20:34:50.598,1.58041,1.58097,1.50,1.20
2011.02.28 20:34:52.131,1.58041,1.58097,1.50,2.48
2011.02.28 20:34:52.240,1.58031,1.58095,1.32,1.65
2011.02.28 20:34:54.205,1.58031,1.58095,1.32,1.95
2011.02.28 20:34:54.939,1.58031,1.58095,1.47,1.95
2011.02.28 20:34:55.749,1.58031,1.58095,1.32,1.80
2011.02.28 20:34:56.348,1.58036,1.58096,1.69,3.53
2011.02.28 20:34:57.478,1.58029,1.58087,2.44,1.50
2011.02.28 20:34:57.919,1.58034,1.58092,1.88,1.84
2011.02.28 20:34:58.139,1.58039,1.58097,1.69,2.18
2011.02.28 20:34:58.249,1.58039,1.58097,1.69,1.95
2011.02.28 20:34:58.469,1.58044,1.58101,1.69,1.05
2011.02.28 20:34:59.049,1.58044,1.58102,2.07,1.80
2011.02.28 20:34:59.360,1.5803,1.58093,2.07,1.50
2011.02.28 20:34:59.579,1.58029,1.58085,1.09,1.50
2011.02.28 20:34:59.909,1.58032,1.5809,1.88,1.50
2011.02.28 20:35:00.970,1.58038,1.58094,1.50,1.50
2011.02.28 20:35:01.298,1.58038,1.58094,2.59,1.50
2011.02.28 20:35:01.411,1.58048,1.58101,1.50,1.50
2011.02.28 20:35:01.630,1.58038,1.58094,1.88,1.50
2011.02.28 20:35:04.228,1.58038,1.58094,1.88,1.65
2011.02.28 20:35:04.810,1.58038,1.58094,1.95,1.58
2011.02.28 20:35:04.918,1.58038,1.58094,1.88,1.65
2011.02.28 20:35:05.279,1.58038,1.58094,1.95,1.58
2011.02.28 20:35:05.500,1.5804,1.58094,1.69,1.58
2011.02.28 20:35:05.719,1.58053,1.58107,1.50,1.20
2011.02.28 20:35:06.131,1.58053,1.58108,1.50,1.05
2011.02.28 20:35:06.462,1.58053,1.58107,1.50,1.05
2011.02.28 20:35:07.150,1.58053,1.58107,1.50,1.05
2011.02.28 20:35:07.480,1.58053,1.58107,1.50,1.20
2011.02.28 20:35:07.589,1.58047,1.58108,2.44,1.80
2011.02.28 20:35:07.921,1.58053,1.58111,1.50,1.65
2011.02.28 20:35:08.031,1.58053,1.58111,1.50,1.80
2011.02.28 20:35:08.568,1.58037,1.58109,1.09,1.99
2011.02.28 20:35:09.129,1.5804,1.58108,2.25,2.14
2011.02.28 20:35:09.240,1.5804,1.58108,2.25,1.99
2011.02.28 20:35:09.568,1.58038,1.58094,2.59,1.50
2011.02.28 20:35:09.789,1.58031,1.58092,2.37,1.50
2011.02.28 20:35:10.010,1.58038,1.58109,1.24,2.37
2011.02.28 20:35:10.229,1.5804,1.58108,2.25,1.92
2011.02.28 20:35:10.849,1.58037,1.58108,1.09,1.99
2011.02.28 20:35:11.068,1.58033,1.58108,1.09,2.14
2011.02.28 20:35:11.549,1.58037,1.58095,2.44,1.50
2011.02.28 20:35:11.769,1.58039,1.58102,1.50,1.05
2011.02.28 20:35:11.989,1.58039,1.58102,2.44,1.05
2011.02.28 20:35:12.529,1.5804,1.58102,1.69,1.05
2011.02.28 20:35:14.059,1.5804,1.58108,1.50,2.74
2011.02.28 20:35:14.429,1.58031,1.58102,2.37,1.05
2011.02.28 20:35:15.154,1.58031,1.58108,2.37,2.74
2011.02.28 20:35:15.589,1.58046,1.58108,1.50,1.24
2011.02.28 20:35:15.808,1.58046,1.58109,1.88,1.99
2011.02.28 20:35:17.098,1.5804,1.58108,2.40,1.99
2011.02.28 20:35:17.318,1.5804,1.58108,2.25,2.14
2011.02.28 20:35:18.429,1.58037,1.58108,1.02,1.92
2011.02.28 20:35:18.858,1.58031,1.58092,2.22,1.50
2011.02.28 20:35:19.702,1.58031,1.58092,2.14,1.50
2011.02.28 20:35:22.448,1.58031,1.58108,2.14,2.67
2011.02.28 20:35:27.698,1.5803,1.58093,2.22,1.50
2011.02.28 20:35:30.308,1.5803,1.58093,2.14,1.58
2011.02.28 20:35:32.152,1.58031,1.58103,1.84,1.05
2011.02.28 20:35:34.049,1.58039,1.58103,1.50,1.05
2011.02.28 20:35:35.145,1.58039,1.58107,1.88,1.05
2011.02.28 20:35:35.368,1.58042,1.58109,1.09,2.18
2011.02.28 20:35:35.478,1.58054,1.5811,1.50,2.18
2011.02.28 20:35:36.668,1.58039,1.58109,2.44,2.03
2011.02.28 20:35:37.470,1.58039,1.58109,2.44,2.10
2011.02.28 20:35:37.690,1.58039,1.58109,2.44,2.03
2011.02.28 20:35:48.278,1.58039,1.58109,2.07,2.70
2011.02.28 20:35:48.389,1.58039,1.58109,1.88,2.74
2011.02.28 20:35:50.181,1.5804,1.58108,2.03,2.37
2011.02.28 20:35:51.209,1.5804,1.58108,2.03,2.22
2011.02.28 20:35:51.318,1.5804,1.58098,2.03,1.50
2011.02.28 20:35:51.693,1.5804,1.58098,1.50,1.50
2011.02.28 20:35:52.389,1.58033,1.58089,2.74,1.50
2011.02.28 20:35:53.160,1.58033,1.58089,2.89,1.50
2011.02.28 20:35:58.021,1.58037,1.58089,1.77,1.50
2011.02.28 20:35:58.350,1.58038,1.58094,2.33,1.50
2011.02.28 20:35:58.460,1.58038,1.58094,1.88,1.50
2011.02.28 20:35:59.353,1.58038,1.58094,1.88,1.65
2011.02.28 20:36:00.205,1.58038,1.58094,1.88,1.58
2011.02.28 20:36:01.001,1.58038,1.58094,2.03,1.50
2011.02.28 20:36:01.329,1.58037,1.58089,1.39,1.50
2011.02.28 20:36:01.911,1.58033,1.58089,3.19,1.50
2011.02.28 20:36:04.298,1.58033,1.58089,3.34,1.65
2011.02.28 20:36:04.628,1.5804,1.58098,1.50,2.33
2011.02.28 20:36:07.849,1.58033,1.58089,3.34,1.50
2011.02.28 20:36:11.878,1.5804,1.58098,1.50,2.18
2011.02.28 20:36:14.707,1.58033,1.58089,3.72,1.50
2011.02.28 20:36:17.101,1.58033,1.58089,3.57,1.58
2011.02.28 20:36:18.098,1.58033,1.58089,3.64,1.58
2011.02.28 20:36:22.888,1.5804,1.58098,1.50,2.33
2011.02.28 20:36:25.089,1.5804,1.58098,1.50,2.18
2011.02.28 20:36:25.198,1.58037,1.58089,1.09,1.50
2011.02.28 20:36:27.592,1.58034,1.58089,1.69,1.50
2011.02.28 20:36:29.508,1.5804,1.58098,1.50,2.18
2011.02.28 20:36:31.628,1.5804,1.58098,2.25,2.18
2011.02.28 20:36:31.739,1.58043,1.58098,1.50,1.95
2011.02.28 20:36:38.808,1.58044,1.58098,1.69,1.58
2011.02.28 20:36:39.379,1.58044,1.58099,2.44,1.50
2011.02.28 20:36:39.598,1.58045,1.58103,2.44,2.03
2011.02.28 20:36:42.800,1.58045,1.58103,1.50,2.22
2011.02.28 20:36:42.908,1.58037,1.58099,1.13,1.58
2011.02.28 20:36:43.130,1.58037,1.58093,2.03,1.50
2011.02.28 20:36:43.459,1.58046,1.58108,2.07,1.35
2011.02.28 20:36:45.081,1.58047,1.58108,2.07,1.20
2011.02.28 20:36:46.100,1.58047,1.58101,1.88,1.02
2011.02.28 20:36:46.209,1.58027,1.58085,2.03,1.50
2011.02.28 20:36:47.448,1.58027,1.58085,2.93,1.50
2011.02.28 20:36:47.999,1.58027,1.58085,1.95,1.50
2011.02.28 20:36:50.489,1.58027,1.58085,2.03,1.50
2011.02.28 20:36:50.599,1.58027,1.58085,1.88,1.50
2011.02.28 20:36:51.000,1.5803,1.58093,1.50,2.18
2011.02.28 20:36:54.219,1.5803,1.58093,2.07,2.18
2011.02.28 20:36:54.331,1.58031,1.58097,1.69,1.05
2011.02.28 20:36:55.100,1.5803,1.58109,2.22,1.17
2011.02.28 20:36:55.826,1.58031,1.58103,1.99,1.05
2011.02.28 20:36:55.940,1.58031,1.58097,2.07,1.05
2011.02.28 20:36:56.049,1.58044,1.58102,1.50,2.40
2011.02.28 20:36:56.378,1.58046,1.58103,1.50,1.05
2011.02.28 20:36:56.928,1.58039,1.58097,3.00,1.88
2011.02.28 20:36:57.739,1.58032,1.5808,2.29,1.50
2011.02.28 20:36:57.849,1.58027,1.5808,1.28,1.50
2011.02.28 20:36:57.958,1.58039,1.58096,1.50,1.47
2011.02.28 20:36:58.070,1.58039,1.58097,1.50,2.18
2011.02.28 20:36:58.399,1.58031,1.58089,1.69,1.50
2011.02.28 20:36:59.182,1.58031,1.58089,1.50,1.84
2011.02.28 20:36:59.290,1.58027,1.58087,1.13,1.09
2011.02.28 20:36:59.590,1.58027,1.58083,1.88,1.65
2011.02.28 20:36:59.918,1.58027,1.58083,1.50,2.03
2011.02.28 20:37:00.248,1.58021,1.58079,1.69,1.50
2011.02.28 20:37:00.579,1.5802,1.58087,2.44,1.24
2011.02.28 20:37:00.689,1.5802,1.58086,2.44,1.05
2011.02.28 20:37:02.231,1.5802,1.5808,2.44,1.65
2011.02.28 20:37:02.667,1.5802,1.5808,2.44,1.58
2011.02.28 20:37:04.210,1.5802,1.5808,2.44,1.80
2011.02.28 20:37:04.430,1.5802,1.5808,1.50,2.74
2011.02.28 20:37:05.409,1.58017,1.58073,2.07,1.65
2011.02.28 20:37:07.691,1.5802,1.5808,1.50,2.74
2011.02.28 20:37:16.898,1.5802,1.5808,1.50,2.59
2011.02.28 20:37:17.348,1.5802,1.5808,2.82,1.65
2011.02.28 20:37:18.108,1.58021,1.58088,2.07,1.17
2011.02.28 20:37:30.109,1.58021,1.58086,2.07,2.14
2011.02.28 20:37:33.521,1.58021,1.58087,2.07,1.02
2011.02.28 20:37:33.629,1.58021,1.58087,2.07,1.02
2011.02.28 20:37:42.039,1.5802,1.58088,2.82,1.02
2011.02.28 20:37:43.910,1.5802,1.58087,2.82,1.02
2011.02.28 20:37:45.731,1.5802,1.58087,2.82,1.54
2011.02.28 20:37:49.570,1.58021,1.58087,2.07,1.02
2011.02.28 20:37:49.679,1.58021,1.58087,2.07,1.02
2011.02.28 20:37:51.477,1.58021,1.58087,2.07,1.02
2011.02.28 20:37:51.810,1.58021,1.58088,2.07,1.02
2011.02.28 20:37:54.680,1.58021,1.58087,2.07,1.02
2011.02.28 20:37:57.249,1.58021,1.58087,2.07,1.77
2011.02.28 20:37:58.541,1.58021,1.58089,2.82,2.33
2011.02.28 20:38:00.459,1.58021,1.5809,1.32,2.33
2011.02.28 20:38:00.900,1.58031,1.58089,1.50,2.33
2011.02.28 20:38:01.119,1.58021,1.58089,2.82,2.33
2011.02.28 20:38:02.078,1.58021,1.58089,2.82,2.33
2011.02.28 20:38:02.658,1.5803,1.5809,1.50,2.10
2011.02.28 20:38:05.069,1.5803,1.5809,1.50,2.33
2011.02.28 20:38:05.846,1.5803,1.5809,1.50,2.18
2011.02.28 20:38:06.273,1.5803,1.5809,1.50,2.33
2011.02.28 20:38:09.441,1.5803,1.5809,1.50,2.18
2011.02.28 20:38:14.533,1.58031,1.58089,1.50,1.80
2011.02.28 20:38:18.609,1.58031,1.58089,1.50,1.95
2011.02.28 20:38:22.402,1.58031,1.58089,1.50,1.80
2011.02.28 20:38:30.379,1.58023,1.58081,2.44,1.50
2011.02.28 20:38:41.466,1.58023,1.58081,1.69,1.88
2011.02.28 20:38:43.739,1.58023,1.58081,1.84,1.88
2011.02.28 20:38:45.066,1.58023,1.58081,1.84,1.88
2011.02.28 20:38:45.709,1.58023,1.58081,1.84,1.88
2011.02.28 20:38:50.758,1.58021,1.58089,1.99,2.40
2011.02.28 20:38:51.526,1.58031,1.58089,1.50,1.65
2011.02.28 20:38:59.189,1.5803,1.58098,1.50,1.05
2011.02.28 20:39:00.481,1.5803,1.58096,1.50,1.05
2011.02.28 20:39:00.703,1.5803,1.58098,1.50,1.05
2011.02.28 20:39:01.675,1.5803,1.58099,1.88,2.22
2011.02.28 20:39:02.202,1.5803,1.58099,1.88,2.67
2011.02.28 20:39:02.903,1.5803,1.58099,1.88,2.52
2011.02.28 20:39:04.239,1.5803,1.58099,1.88,2.67
2011.02.28 20:39:04.859,1.5803,1.58098,1.88,1.13
2011.02.28 20:39:06.228,1.5803,1.58099,1.88,2.67
2011.02.28 20:39:09.711,1.5803,1.58092,1.88,1.73
2011.02.28 20:39:09.930,1.58033,1.58099,1.32,2.18
2011.02.28 20:39:10.150,1.58045,1.58101,1.50,2.48
2011.02.28 20:39:10.259,1.58033,1.58099,1.32,2.10
2011.02.28 20:39:11.110,1.58033,1.58099,1.32,2.33
2011.02.28 20:39:11.849,1.58045,1.581,1.50,1.20
2011.02.28 20:39:12.069,1.58033,1.58099,1.32,2.33
2011.02.28 20:39:12.252,1.58033,1.58099,1.32,2.48
2011.02.28 20:39:13.242,1.58033,1.58099,1.32,2.33
2011.02.28 20:39:13.529,1.5803,1.58098,1.88,1.02
2011.02.28 20:39:13.640,1.58027,1.58085,2.25,1.50
2011.02.28 20:39:14.260,1.58027,1.58085,2.25,1.65
2011.02.28 20:39:15.155,1.58027,1.58085,2.25,1.58
2011.02.28 20:39:16.319,1.58027,1.58085,2.25,1.80
2011.02.28 20:39:21.170,1.5803,1.58091,1.88,1.05
2011.02.28 20:39:25.412,1.58031,1.58091,1.88,1.20
2011.02.28 20:39:25.519,1.58031,1.58091,1.50,1.58
2011.02.28 20:39:38.850,1.58031,1.58091,1.50,1.43
2011.02.28 20:39:47.960,1.58031,1.58093,1.50,1.17
2011.02.28 20:39:48.069,1.58031,1.58098,2.25,2.44
2011.02.28 20:39:49.077,1.58031,1.58098,2.25,2.44
2011.02.28 20:39:49.648,1.58031,1.58098,2.25,3.04
2011.02.28 20:39:49.869,1.58031,1.58098,2.25,2.44
2011.02.28 20:39:50.878,1.58031,1.58098,2.25,2.14
2011.02.28 20:39:51.187,1.58031,1.58098,2.25,2.29
2011.02.28 20:39:51.771,1.58031,1.58098,2.25,2.29
2011.02.28 20:39:53.223,1.58031,1.58098,2.25,2.14
2011.02.28 20:39:54.201,1.58031,1.58098,2.25,2.29
2011.02.28 20:39:55.980,1.58031,1.58098,2.25,2.14
2011.02.28 20:39:57.827,1.58031,1.58098,2.25,2.29
2011.02.28 20:39:58.889,1.58031,1.58098,2.25,2.14
2011.02.28 20:40:00.710,1.58031,1.58098,2.25,1.92
2011.02.28 20:40:01.697,1.58031,1.58098,2.25,1.92
2011.02.28 20:40:02.117,1.58031,1.58098,2.25,1.99
2011.02.28 20:40:04.960,1.58031,1.58098,2.40,1.84
2011.02.28 20:40:14.379,1.58031,1.58098,2.25,1.80
2011.02.28 20:40:26.249,1.5803,1.58099,2.25,1.80
2011.02.28 20:40:26.359,1.5803,1.58099,2.25,1.80
2011.02.28 20:40:34.209,1.5803,1.58099,2.40,1.65
2011.02.28 20:40:45.951,1.58034,1.58099,1.69,1.65
2011.02.28 20:40:46.390,1.58047,1.58106,1.50,1.28
2011.02.28 20:40:46.770,1.58047,1.58106,1.50,1.43
2011.02.28 20:40:47.401,1.58047,1.58107,1.50,2.33
2011.02.28 20:40:49.203,1.58047,1.58107,1.50,1.43
2011.02.28 20:40:54.471,1.58047,1.58107,1.88,1.20
2011.02.28 20:40:58.221,1.58034,1.58107,1.69,1.20
2011.02.28 20:41:01.472,1.58034,1.58107,1.69,1.35
2011.02.28 20:41:11.666,1.58034,1.58106,1.32,1.73
2011.02.28 20:41:12.080,1.58034,1.58105,1.32,1.35
2011.02.28 20:41:13.390,1.58034,1.58102,1.32,1.13
2011.02.28 20:41:13.801,1.58034,1.58105,1.32,1.35
2011.02.28 20:41:15.075,1.58034,1.58102,1.32,1.13
2011.02.28 20:41:22.268,1.5803,1.58098,2.44,1.54
2011.02.28 20:41:23.049,1.5803,1.5809,2.44,1.65
2011.02.28 20:41:24.539,1.5803,1.5809,2.44,1.65
2011.02.28 20:41:24.650,1.58023,1.58081,2.44,1.50
2011.02.28 20:41:25.520,1.58023,1.58081,2.44,1.58
2011.02.28 20:41:25.629,1.58023,1.58081,2.44,1.50
2011.02.28 20:41:27.173,1.58023,1.58081,2.44,1.65
2011.02.28 20:41:28.110,1.58023,1.58081,2.44,1.80
2011.02.28 20:41:35.480,1.58023,1.58081,2.44,1.95
2011.02.28 20:41:38.579,1.58023,1.58081,1.50,2.14
2011.02.28 20:41:38.799,1.58014,1.58072,2.44,1.65
2011.02.28 20:41:38.910,1.58024,1.5808,1.50,2.14
2011.02.28 20:41:39.128,1.58014,1.58072,2.44,1.65
2011.02.28 20:41:39.671,1.58014,1.58072,2.44,1.65
2011.02.28 20:41:41.203,1.58014,1.58072,2.44,1.95
2011.02.28 20:41:41.739,1.58014,1.58072,2.44,1.65
2011.02.28 20:41:41.851,1.58007,1.58064,1.32,1.58
2011.02.28 20:41:43.740,1.58007,1.58064,1.32,1.65
2011.02.28 20:41:44.109,1.58024,1.58074,1.50,1.05
2011.02.28 20:41:44.329,1.58013,1.58073,2.44,1.80
2011.02.28 20:41:48.659,1.58013,1.58073,2.44,1.73
2011.02.28 20:41:52.962,1.58013,1.58073,2.44,1.80
2011.02.28 20:41:53.399,1.58018,1.58073,2.25,1.80
2011.02.28 20:41:53.869,1.58023,1.58081,1.88,1.99
2011.02.28 20:41:53.979,1.58023,1.58081,1.88,1.84
2011.02.28 20:41:58.409,1.58023,1.58081,2.18,1.69
2011.02.28 20:41:58.669,1.58023,1.58081,1.88,1.69
2011.02.28 20:41:59.374,1.58023,1.58081,2.03,1.69
2011.02.28 20:41:59.590,1.58023,1.58081,1.88,1.69
2011.02.28 20:42:01.031,1.58031,1.5809,2.44,1.05
2011.02.28 20:42:01.580,1.58019,1.58077,1.88,1.69
2011.02.28 20:42:01.799,1.58019,1.58077,2.07,1.50
2011.02.28 20:42:02.240,1.58028,1.58082,1.50,1.50
2011.02.28 20:42:02.460,1.58027,1.58085,1.50,1.20
2011.02.28 20:42:03.010,1.58027,1.58086,1.50,2.03
2011.02.28 20:42:03.230,1.58017,1.58086,1.69,2.03
2011.02.28 20:42:03.999,1.58014,1.58079,1.32,1.95
2011.02.28 20:42:04.349,1.58011,1.58079,2.14,1.95
2011.02.28 20:42:04.462,1.5801,1.5807,2.07,1.50
2011.02.28 20:42:04.790,1.5801,1.5807,2.07,1.65
2011.02.28 20:42:05.220,1.5801,1.5807,2.07,1.65
2011.02.28 20:42:05.405,1.5801,1.5807,2.07,1.58
2011.02.28 20:42:06.049,1.5801,1.5807,2.07,1.50
2011.02.28 20:42:06.159,1.58019,1.58077,1.50,2.03
2011.02.28 20:42:06.489,1.58027,1.58078,1.69,1.28
2011.02.28 20:42:07.269,1.58027,1.58078,1.69,1.35
2011.02.28 20:42:07.844,1.58027,1.58078,1.69,1.35
2011.02.28 20:42:08.499,1.5802,1.58076,2.44,1.73
2011.02.28 20:42:09.150,1.5802,1.58076,2.44,1.80
2011.02.28 20:42:09.260,1.5802,1.58076,1.50,1.80
2011.02.28 20:42:10.031,1.58011,1.58067,2.07,1.65
2011.02.28 20:42:10.140,1.58011,1.58067,2.07,1.80
2011.02.28 20:42:11.309,1.58011,1.58067,2.07,2.48
2011.02.28 20:42:11.920,1.58011,1.58067,2.07,2.55
2011.02.28 20:42:12.359,1.58011,1.58067,2.07,2.55
2011.02.28 20:42:12.470,1.58011,1.58066,2.07,1.05
2011.02.28 20:42:12.579,1.58011,1.58059,1.50,1.09
2011.02.28 20:42:12.839,1.57993,1.58051,1.69,1.50
2011.02.28 20:42:13.429,1.58001,1.58059,1.50,1.24
2011.02.28 20:42:18.921,1.58001,1.58059,1.50,1.09
2011.02.28 20:42:19.293,1.58001,1.58061,2.44,2.25
2011.02.28 20:42:19.759,1.58001,1.58068,2.44,1.62
2011.02.28 20:42:21.249,1.58001,1.58067,2.44,1.02
2011.02.28 20:42:22.160,1.58001,1.58068,2.44,1.77
2011.02.28 20:42:26.609,1.58001,1.58068,2.44,1.62
2011.02.28 20:42:26.719,1.58001,1.58068,2.44,1.77
2011.02.28 20:42:27.440,1.58001,1.58068,2.44,1.62
2011.02.28 20:42:27.660,1.58001,1.58068,2.44,1.77
2011.02.28 20:42:28.468,1.58002,1.5806,1.69,1.65
2011.02.28 20:42:29.202,1.58002,1.5806,1.69,1.80
2011.02.28 20:42:29.803,1.58002,1.5806,1.50,1.80
2011.02.28 20:42:30.459,1.57991,1.58051,2.07,1.50
2011.02.28 20:42:30.689,1.57991,1.58051,2.07,1.65
2011.02.28 20:42:31.476,1.57991,1.58051,2.07,1.65
2011.02.28 20:42:31.731,1.57991,1.58051,2.07,1.50
2011.02.28 20:42:33.105,1.57991,1.58051,2.07,1.65
2011.02.28 20:42:34.901,1.57991,1.58051,2.07,1.50
2011.02.28 20:42:35.259,1.57992,1.5806,2.22,2.18
2011.02.28 20:42:39.538,1.57992,1.5806,2.22,2.18
2011.02.28 20:42:41.181,1.57992,1.5806,2.07,2.03
2011.02.28 20:43:15.357,1.57992,1.5806,2.07,2.10
2011.02.28 20:43:15.870,1.57992,1.5806,2.07,2.10
2011.02.28 20:43:16.251,1.57987,1.58045,3.94,1.50
2011.02.28 20:43:17.103,1.57992,1.58055,1.88,1.24
2011.02.28 20:43:17.320,1.57987,1.58045,3.19,1.50
2011.02.28 20:43:19.843,1.57988,1.58045,1.09,1.65
2011.02.28 20:43:20.060,1.57987,1.58045,3.34,1.50
2011.02.28 20:43:20.553,1.57988,1.58045,1.09,1.65
2011.02.28 20:43:23.511,1.57991,1.58051,1.88,1.84
2011.02.28 20:43:24.192,1.57991,1.58051,1.88,1.84
2011.02.28 20:43:29.600,1.57991,1.58051,1.88,1.84
2011.02.28 20:43:29.876,1.57983,1.58041,1.09,1.50
2011.02.28 20:43:31.107,1.57981,1.58041,2.82,1.65
2011.02.28 20:43:31.220,1.57983,1.58041,1.09,1.50
2011.02.28 20:43:32.911,1.57983,1.5804,1.09,1.50
2011.02.28 20:43:33.974,1.57982,1.5804,2.44,1.65
2011.02.28 20:43:34.563,1.57982,1.58037,1.50,1.84
2011.02.28 20:43:34.672,1.57968,1.58026,3.87,1.50
2011.02.28 20:43:35.193,1.57969,1.58025,1.84,1.50
2011.02.28 20:43:36.138,1.57963,1.58021,3.64,1.50
2011.02.28 20:43:36.510,1.57967,1.58021,1.02,1.50
2011.02.28 20:43:36.620,1.57963,1.58021,3.49,1.50
2011.02.28 20:43:36.731,1.57977,1.58035,1.69,2.40
2011.02.28 20:43:39.471,1.57975,1.58031,1.24,1.88
2011.02.28 20:43:39.672,1.57975,1.58031,1.09,1.88
2011.02.28 20:43:40.860,1.57977,1.58035,2.22,1.50
2011.02.28 20:43:42.203,1.57977,1.58035,2.37,1.50
2011.02.28 20:43:45.665,1.57977,1.58035,2.22,1.50
2011.02.28 20:43:46.105,1.57977,1.58035,2.37,1.50
2011.02.28 20:43:47.131,1.57977,1.58035,2.22,1.65
2011.02.28 20:43:47.998,1.57977,1.58035,2.37,1.50
2011.02.28 20:43:53.323,1.57977,1.58035,1.80,2.44
2011.02.28 20:43:53.431,1.57969,1.58026,1.99,1.69
2011.02.28 20:43:53.762,1.57976,1.58026,1.09,1.50
2011.02.28 20:43:53.871,1.57978,1.58034,1.84,1.69
2011.02.28 20:43:55.192,1.57978,1.58034,1.84,1.69
2011.02.28 20:43:56.511,1.57982,1.58043,2.59,1.05
2011.02.28 20:44:00.630,1.57982,1.58034,1.09,1.50
2011.02.28 20:44:00.850,1.57982,1.58043,1.09,1.05
2011.02.28 20:44:01.587,1.57981,1.58043,2.44,1.05
2011.02.28 20:44:02.234,1.57982,1.58047,1.09,1.24
2011.02.28 20:44:02.853,1.57983,1.58047,1.09,1.09
2011.02.28 20:44:02.980,1.57983,1.58047,1.09,1.39
2011.02.28 20:44:03.684,1.57982,1.58047,1.09,1.09
2011.02.28 20:44:04.634,1.57983,1.58047,1.09,1.39
2011.02.28 20:44:04.990,1.57981,1.58045,2.44,1.02
2011.02.28 20:44:05.392,1.57994,1.58045,1.50,1.02
2011.02.28 20:44:05.812,1.57994,1.58047,1.50,1.17
2011.02.28 20:44:05.921,1.57994,1.58047,1.50,1.24
2011.02.28 20:44:08.241,1.57994,1.58049,2.44,1.65
2011.02.28 20:44:08.352,1.57998,1.58051,1.32,1.65
2011.02.28 20:44:10.241,1.58002,1.5806,1.69,2.85
2011.02.28 20:44:11.843,1.58002,1.5806,1.69,3.00
2011.02.28 20:44:12.053,1.58002,1.5806,1.69,2.55
2011.02.28 20:44:13.286,1.58002,1.5806,1.69,3.00
2011.02.28 20:44:14.570,1.58002,1.5806,1.69,1.95
2011.02.28 20:44:15.190,1.58007,1.58062,1.50,1.02
2011.02.28 20:44:15.300,1.58007,1.58063,1.50,1.54
2011.02.28 20:44:16.464,1.58007,1.58063,1.50,1.62
2011.02.28 20:44:19.701,1.58007,1.58064,1.50,1.54
2011.02.28 20:44:20.106,1.58007,1.58064,1.50,1.62
2011.02.28 20:44:20.692,1.58007,1.58063,1.50,1.77
2011.02.28 20:44:20.910,1.58007,1.58063,1.50,1.62
2011.02.28 20:44:22.091,1.58007,1.58064,1.50,1.77
2011.02.28 20:44:25.402,1.58007,1.58063,1.50,1.09
2011.02.28 20:44:25.625,1.58007,1.58063,1.50,1.39
2011.02.28 20:44:27.652,1.58007,1.58063,1.50,1.09
2011.02.28 20:44:28.250,1.58007,1.58064,1.50,1.62
2011.02.28 20:44:29.071,1.58007,1.58064,1.50,1.47
2011.02.28 20:44:30.982,1.58007,1.58064,1.50,1.62
2011.02.28 20:44:31.331,1.57999,1.58055,2.82,1.50
2011.02.28 20:44:31.980,1.57999,1.58055,2.82,1.65
2011.02.28 20:44:32.200,1.58008,1.58064,1.50,3.12
2011.02.28 20:44:34.686,1.58008,1.58063,1.50,1.39
2011.02.28 20:44:35.284,1.58008,1.58063,1.50,1.09
2011.02.28 20:44:35.722,1.58008,1.58063,1.50,1.39
2011.02.28 20:44:47.603,1.58008,1.58063,1.50,1.24
2011.02.28 20:44:49.831,1.58008,1.58064,1.50,2.37
2011.02.28 20:44:51.204,1.58008,1.58063,1.50,1.09
2011.02.28 20:44:52.234,1.58008,1.58063,1.50,1.09
2011.02.28 20:44:54.750,1.58008,1.58063,1.50,1.39
2011.02.28 20:44:58.513,1.58008,1.58063,1.50,1.24
2011.02.28 20:44:58.621,1.58008,1.58063,1.50,1.09
2011.02.28 20:44:58.730,1.58008,1.58063,1.50,1.24
2011.02.28 20:45:00.487,1.58007,1.58063,1.50,1.24
2011.02.28 20:45:00.901,1.58007,1.58065,1.50,2.22
2011.02.28 20:45:02.901,1.58007,1.58064,1.50,1.47
2011.02.28 20:45:03.240,1.58007,1.58056,1.50,1.50
2011.02.28 20:45:03.349,1.58002,1.58056,1.77,1.50
2011.02.28 20:45:03.900,1.58002,1.5806,1.77,1.58
2011.02.28 20:45:04.011,1.58002,1.5806,1.99,1.50
2011.02.28 20:45:04.962,1.58002,1.5806,1.84,1.50
2011.02.28 20:45:05.181,1.58008,1.58064,1.50,2.97
2011.02.28 20:45:06.202,1.58008,1.58057,1.50,1.50
2011.02.28 20:45:06.345,1.58008,1.58057,1.50,1.50
2011.02.28 20:45:06.451,1.58008,1.58064,1.50,2.97
2011.02.28 20:45:06.561,1.58008,1.58064,1.50,3.12
2011.02.28 20:45:18.425,1.58008,1.58064,1.65,2.78
2011.02.28 20:45:21.955,1.58008,1.58063,1.50,1.05
2011.02.28 20:45:25.351,1.58008,1.58064,1.50,3.08
2011.02.28 20:45:27.674,1.58008,1.58064,1.50,2.93
2011.02.28 20:45:27.794,1.58008,1.58064,1.50,3.08
2011.02.28 20:45:27.900,1.58008,1.58064,1.50,2.93
2011.02.28 20:45:32.392,1.58008,1.58064,1.50,2.93
2011.02.28 20:45:34.311,1.58008,1.58064,1.50,2.18
2011.02.28 20:45:34.643,1.58011,1.58069,1.69,2.55
2011.02.28 20:45:34.861,1.58016,1.58069,1.50,1.05
2011.02.28 20:45:35.191,1.58016,1.58074,1.50,3.34
2011.02.28 20:45:35.802,1.58017,1.58074,1.32,2.55
2011.02.28 20:45:37.381,1.58017,1.58074,1.32,2.40
2011.02.28 20:45:39.212,1.58017,1.58073,1.32,1.05
2011.02.28 20:45:41.153,1.58017,1.58074,1.32,2.40
2011.02.28 20:45:41.261,1.58017,1.58074,1.32,2.40
2011.02.28 20:45:42.261,1.58021,1.58077,1.69,1.65
2011.02.28 20:45:42.622,1.58021,1.58073,1.69,1.05
2011.02.28 20:45:42.951,1.58022,1.58074,1.50,1.24
2011.02.28 20:45:43.061,1.58022,1.58074,1.50,1.09
2011.02.28 20:45:43.172,1.58012,1.58068,1.84,1.65
2011.02.28 20:45:44.112,1.58017,1.58073,1.50,3.12
2011.02.28 20:45:44.222,1.58017,1.58073,1.50,2.97
2011.02.28 20:45:45.281,1.58017,1.58073,1.50,3.12
2011.02.28 20:45:45.662,1.58017,1.58073,1.50,3.04
2011.02.28 20:45:45.770,1.58017,1.58073,1.50,3.12
2011.02.28 20:45:48.951,1.58017,1.58073,1.50,2.22
2011.02.28 20:45:49.145,1.58012,1.58068,1.69,1.50
2011.02.28 20:45:49.648,1.58012,1.58068,1.50,2.52
2011.02.28 20:45:49.980,1.57995,1.58053,1.50,1.50
2011.02.28 20:45:51.453,1.57998,1.58059,1.50,1.09
2011.02.28 20:45:53.773,1.57998,1.58059,1.50,1.24
2011.02.28 20:45:55.171,1.57998,1.58059,1.50,1.09
2011.02.28 20:45:58.030,1.57996,1.58052,1.50,1.50
2011.02.28 20:46:00.111,1.57997,1.58057,1.50,1.05
2011.02.28 20:46:01.011,1.57997,1.58057,1.50,1.05
2011.02.28 20:46:01.342,1.57997,1.58058,1.50,1.09
2011.02.28 20:46:01.877,1.57998,1.58056,1.65,1.88
2011.02.28 20:46:02.510,1.5799,1.58048,2.37,1.50
2011.02.28 20:46:02.841,1.5799,1.58048,2.14,1.50
2011.02.28 20:46:04.601,1.5799,1.58048,2.37,1.50
2011.02.28 20:46:05.713,1.5799,1.58048,2.22,1.50
2011.02.28 20:46:08.332,1.5799,1.58048,2.37,1.50
2011.02.28 20:46:08.550,1.5799,1.58048,2.22,1.50
2011.02.28 20:46:14.441,1.57997,1.58057,1.50,2.33
2011.02.28 20:46:16.130,1.57997,1.58057,1.65,2.40
2011.02.28 20:46:16.631,1.57997,1.58057,1.50,2.40
2011.02.28 20:46:19.922,1.57997,1.58057,2.59,2.25
2011.02.28 20:46:20.140,1.58008,1.58064,1.50,2.93
2011.02.28 20:46:20.360,1.58008,1.58064,1.50,2.78
2011.02.28 20:46:21.241,1.58012,1.58068,1.50,2.59
2011.02.28 20:46:23.080,1.58012,1.58068,1.69,2.55
2011.02.28 20:46:23.622,1.58007,1.58067,1.69,2.03
2011.02.28 20:46:23.841,1.58007,1.58067,1.69,2.18
2011.02.28 20:46:24.462,1.58007,1.58067,1.69,2.03
2011.02.28 20:46:24.572,1.58007,1.58067,1.50,2.22
2011.02.28 20:46:24.682,1.58007,1.58066,1.50,1.02
2011.02.28 20:46:24.791,1.57997,1.58066,2.07,1.02
2011.02.28 20:46:25.231,1.57997,1.58057,2.07,1.50
2011.02.28 20:46:27.114,1.57997,1.58057,2.07,1.80
2011.02.28 20:46:27.913,1.57997,1.58056,2.07,1.05
2011.02.28 20:46:28.022,1.57983,1.58047,1.09,1.84
2011.02.28 20:46:28.131,1.57979,1.58047,1.84,2.59
2011.02.28 20:46:28.241,1.57979,1.58047,1.99,2.59
2011.02.28 20:46:28.820,1.57989,1.58047,1.69,2.40
2011.02.28 20:46:33.041,1.57989,1.58048,1.50,1.05
2011.02.28 20:46:33.235,1.57985,1.58043,1.50,2.03
2011.02.28 20:46:33.681,1.57985,1.58042,1.50,1.39
2011.02.28 20:46:34.012,1.57969,1.58024,1.80,1.50
2011.02.28 20:46:34.231,1.57976,1.58034,1.65,1.69
2011.02.28 20:46:34.672,1.57979,1.5804,1.50,2.03
2011.02.28 20:46:35.001,1.57979,1.5804,1.65,1.88
2011.02.28 20:46:35.360,1.57986,1.58042,1.50,2.03
2011.02.28 20:46:36.181,1.57982,1.58038,1.50,2.03
2011.02.28 20:46:36.461,1.57976,1.58034,1.69,1.50
2011.02.28 20:46:37.621,1.57976,1.58034,1.50,1.69
2011.02.28 20:46:37.951,1.57972,1.58028,2.07,1.50
2011.02.28 20:46:39.200,1.57972,1.58028,2.37,1.50
2011.02.28 20:46:40.482,1.57974,1.58028,1.39,1.50
2011.02.28 20:46:40.700,1.57978,1.58038,1.84,1.88
2011.02.28 20:46:42.303,1.57975,1.58028,1.05,1.50
2011.02.28 20:46:42.661,1.57974,1.58028,2.03,1.50
2011.02.28 20:46:42.882,1.57976,1.58028,1.05,1.50
2011.02.28 20:46:42.991,1.57979,1.5804,1.65,2.07
2011.02.28 20:46:43.101,1.57979,1.5804,1.84,1.88
2011.02.28 20:46:43.211,1.57979,1.5804,2.22,1.50
2011.02.28 20:46:44.682,1.57979,1.5804,2.22,1.50
2011.02.28 20:46:44.901,1.57979,1.58053,2.22,1.05
2011.02.28 20:46:45.160,1.57979,1.5804,2.22,1.50
2011.02.28 20:46:47.051,1.57979,1.5804,2.03,1.50
2011.02.28 20:46:47.441,1.57977,1.58034,1.05,1.50
2011.02.28 20:46:47.661,1.57979,1.5804,2.03,1.50
2011.02.28 20:46:49.930,1.57978,1.5805,2.40,1.24
2011.02.28 20:46:50.040,1.57981,1.5805,1.47,1.05
2011.02.28 20:46:50.516,1.57994,1.58057,1.50,2.40
2011.02.28 20:46:51.012,1.57994,1.5805,1.50,1.05
2011.02.28 20:46:51.570,1.57993,1.58049,1.50,2.18
2011.02.28 20:46:51.681,1.57988,1.58044,1.69,1.65
2011.02.28 20:46:52.231,1.57988,1.58044,1.50,1.65
2011.02.28 20:46:53.323,1.57988,1.58044,1.50,1.80
2011.02.28 20:46:53.629,1.57992,1.5805,1.50,2.70
2011.02.28 20:46:53.900,1.57992,1.5805,1.50,1.65
2011.02.28 20:46:54.231,1.57995,1.58053,1.50,1.02
2011.02.28 20:46:55.410,1.57979,1.58053,2.44,1.02
2011.02.28 20:46:57.122,1.57979,1.58056,2.59,2.37
2011.02.28 20:47:01.241,1.57979,1.58053,2.59,1.02
2011.02.28 20:47:01.461,1.57979,1.58047,2.59,1.65
2011.02.28 20:47:01.680,1.57979,1.58047,2.59,1.80
2011.02.28 20:47:02.021,1.57978,1.58038,2.37,1.50
2011.02.28 20:47:03.331,1.57978,1.58038,2.22,1.50
2011.02.28 20:47:03.980,1.57978,1.58038,2.07,1.65
2011.02.28 20:47:06.132,1.57979,1.58037,1.69,1.80
2011.02.28 20:47:07.321,1.57979,1.58037,1.69,1.58
2011.02.28 20:47:08.236,1.57979,1.58037,1.69,1.95
2011.02.28 20:47:08.857,1.57979,1.58037,1.69,1.65
2011.02.28 20:47:09.893,1.57979,1.58037,1.69,1.95
2011.02.28 20:47:10.962,1.57972,1.58037,1.47,1.50
2011.02.28 20:47:12.178,1.57972,1.58037,1.47,1.65
2011.02.28 20:47:13.321,1.57969,1.58037,2.59,1.84
2011.02.28 20:47:13.431,1.57969,1.58028,1.09,1.50
2011.02.28 20:47:14.194,1.57969,1.58028,1.09,1.65
2011.02.28 20:47:15.841,1.57969,1.58037,2.52,1.84
2011.02.28 20:47:19.730,1.57969,1.58037,3.87,2.07
2011.02.28 20:47:21.251,1.57969,1.58037,2.97,2.37
2011.02.28 20:47:21.712,1.57973,1.58037,1.50,2.22
2011.02.28 20:47:23.183,1.57973,1.58037,1.65,2.07
2011.02.28 20:47:24.781,1.57975,1.58037,1.05,2.22
2011.02.28 20:47:26.791,1.57973,1.58037,1.65,2.22
2011.02.28 20:47:27.531,1.57975,1.58037,1.05,2.37
2011.02.28 20:47:28.081,1.57982,1.58038,1.50,1.05
2011.02.28 20:47:28.660,1.57979,1.58038,1.69,2.55
2011.02.28 20:47:29.297,1.5798,1.58038,1.09,2.55
2011.02.28 20:47:31.371,1.57973,1.58038,2.89,2.40
2011.02.28 20:47:32.195,1.57973,1.58038,1.99,2.55
2011.02.28 20:47:41.131,1.57973,1.58038,2.22,2.18
2011.02.28 20:47:42.782,1.57973,1.58038,2.37,2.03
2011.02.28 20:47:44.271,1.57973,1.58038,1.32,2.18
2011.02.28 20:47:47.193,1.57973,1.58038,1.32,2.33
2011.02.28 20:47:48.832,1.57973,1.58038,1.47,2.48
2011.02.28 20:47:51.361,1.57973,1.58038,1.32,2.25
2011.02.28 20:47:51.511,1.57973,1.58038,1.32,2.18
2011.02.28 20:47:52.281,1.57974,1.58038,1.69,2.33
2011.02.28 20:47:52.591,1.57974,1.58038,1.69,2.18
2011.02.28 20:47:53.161,1.57979,1.58038,1.69,2.18
2011.02.28 20:47:53.762,1.57971,1.58035,1.13,1.28
2011.02.28 20:47:53.872,1.57971,1.58027,1.13,1.50
2011.02.28 20:47:54.201,1.57971,1.58022,1.13,1.50
2011.02.28 20:47:57.131,1.57968,1.58028,2.25,1.69
2011.02.28 20:47:57.241,1.57968,1.58028,3.19,1.50
2011.02.28 20:47:57.352,1.57969,1.58037,2.22,2.22
2011.02.28 20:47:57.901,1.57969,1.58037,2.07,2.37
2011.02.28 20:47:58.748,1.57969,1.58037,2.22,2.22
2011.02.28 20:47:59.841,1.57969,1.58037,2.07,2.52
2011.02.28 20:48:00.300,1.57969,1.58037,2.14,2.14
2011.02.28 20:48:00.756,1.57969,1.58037,2.07,2.52
2011.02.28 20:48:01.080,1.57969,1.58037,2.14,2.14
2011.02.28 20:48:01.821,1.57969,1.58037,2.07,2.52
2011.02.28 20:48:02.097,1.57969,1.58037,2.22,2.22
2011.02.28 20:48:03.645,1.57969,1.58037,2.07,2.37
2011.02.28 20:48:03.751,1.57979,1.58037,1.50,2.37
2011.02.28 20:48:04.389,1.57979,1.58037,1.50,2.22
2011.02.28 20:48:06.382,1.57979,1.58037,1.50,2.22
2011.02.28 20:48:07.084,1.57979,1.58037,1.50,2.14
2011.02.28 20:48:08.193,1.57979,1.58037,1.58,2.07
2011.02.28 20:48:11.620,1.57979,1.58037,1.50,2.22
2011.02.28 20:48:18.873,1.57979,1.58037,1.50,2.37
2011.02.28 20:48:20.581,1.57979,1.58037,1.50,2.22
2011.02.28 20:48:21.472,1.57979,1.58037,1.50,2.52
2011.02.28 20:48:23.021,1.57979,1.58037,1.50,2.37
2011.02.28 20:48:24.861,1.57979,1.58037,1.50,2.37
2011.02.28 20:48:25.432,1.57979,1.58037,1.50,2.22
2011.02.28 20:48:26.366,1.57978,1.58038,1.50,2.37
2011.02.28 20:48:28.112,1.57978,1.58038,1.50,2.14
2011.02.28 20:48:29.600,1.57978,1.58038,1.50,2.22
2011.02.28 20:48:29.932,1.57964,1.58022,1.84,1.88
2011.02.28 20:48:31.203,1.57965,1.58021,1.84,1.88
2011.02.28 20:48:31.727,1.57965,1.58021,1.84,1.88
2011.02.28 20:48:32.203,1.57965,1.58021,1.84,1.88
2011.02.28 20:48:34.921,1.57965,1.58021,1.84,1.88
2011.02.28 20:48:37.700,1.57965,1.58021,1.84,1.88
2011.02.28 20:48:38.522,1.57965,1.58021,1.84,1.88
2011.02.28 20:48:40.141,1.57973,1.58029,1.50,1.09
2011.02.28 20:48:40.687,1.57973,1.58029,1.50,1.24
2011.02.28 20:48:41.341,1.57973,1.58029,1.50,1.39
2011.02.28 20:48:41.451,1.57973,1.58029,1.50,1.24
2011.02.28 20:48:42.261,1.57964,1.5802,2.07,1.50
2011.02.28 20:48:43.531,1.57968,1.58026,1.88,1.84
2011.02.28 20:48:43.751,1.57968,1.58026,2.82,1.80
2011.02.28 20:48:43.861,1.57968,1.58026,2.82,1.50
2011.02.28 20:48:44.468,1.57976,1.58034,1.69,3.12
2011.02.28 20:48:44.825,1.57976,1.58033,1.69,1.02
2011.02.28 20:48:46.292,1.57976,1.58034,1.50,3.04
2011.02.28 20:48:46.403,1.57969,1.58025,1.69,1.58
2011.02.28 20:48:46.881,1.57969,1.58025,1.84,1.65
2011.02.28 20:48:47.182,1.57969,1.58025,1.69,1.80
2011.02.28 20:48:47.511,1.57984,1.58037,1.69,1.35
2011.02.28 20:48:48.142,1.57984,1.58037,1.69,1.05
2011.02.28 20:48:48.581,1.57984,1.58037,1.69,1.05
2011.02.28 20:48:48.879,1.5799,1.58037,1.50,1.05
2011.02.28 20:48:49.212,1.5799,1.58046,2.44,3.15
2011.02.28 20:48:49.533,1.57999,1.58051,1.69,2.03
2011.02.28 20:48:51.132,1.57999,1.58051,1.69,1.88
2011.02.28 20:48:52.481,1.57995,1.58051,1.69,3.15
2011.02.28 20:48:52.761,1.57995,1.58051,1.69,2.25
2011.02.28 20:48:53.231,1.57994,1.58052,2.07,3.15
2011.02.28 20:48:53.997,1.57994,1.58051,2.07,1.65
2011.02.28 20:48:54.849,1.57994,1.58051,2.07,1.65
2011.02.28 20:48:55.160,1.57994,1.58052,2.07,2.40
2011.02.28 20:48:55.381,1.57994,1.58052,2.07,2.55
2011.02.28 20:48:56.103,1.57994,1.58052,2.07,1.65
2011.02.28 20:48:56.651,1.58,1.58056,1.50,1.65
2011.02.28 20:48:57.622,1.58003,1.5806,1.50,1.43
2011.02.28 20:48:58.011,1.58003,1.5806,1.50,1.28
2011.02.28 20:48:58.702,1.58003,1.5806,1.50,1.43
2011.02.28 20:48:59.112,1.58003,1.5806,1.50,1.35
2011.02.28 20:48:59.705,1.58003,1.5806,1.50,1.43
2011.02.28 20:49:03.112,1.58003,1.5806,1.50,1.58
2011.02.28 20:49:04.359,1.58,1.5806,1.50,3.08
2011.02.28 20:49:04.870,1.57999,1.58057,1.69,1.95
2011.02.28 20:49:05.931,1.57999,1.5806,1.69,1.43
2011.02.28 20:49:06.161,1.58003,1.5806,1.50,1.43
2011.02.28 20:49:07.213,1.58003,1.5806,1.50,1.35
2011.02.28 20:49:10.513,1.58003,1.5806,1.50,1.43
2011.02.28 20:49:12.030,1.58003,1.5806,1.50,1.43
2011.02.28 20:49:12.473,1.58003,1.5806,1.50,1.35
2011.02.28 20:49:13.226,1.58003,1.5806,1.50,1.35
2011.02.28 20:49:13.443,1.58003,1.5806,1.50,1.43
2011.02.28 20:49:14.203,1.58003,1.5806,1.50,1.58
2011.02.28 20:49:18.170,1.58003,1.5806,1.50,1.73
2011.02.28 20:49:18.502,1.58003,1.5806,1.50,1.58
2011.02.28 20:49:22.155,1.58,1.58056,1.50,1.95
2011.02.28 20:49:23.009,1.57999,1.58051,1.69,1.65
2011.02.28 20:49:24.341,1.57994,1.58052,2.07,3.15
2011.02.28 20:49:25.471,1.57994,1.58052,2.07,3.30
2011.02.28 20:49:31.351,1.57994,1.5805,2.07,1.05
2011.02.28 20:49:33.123,1.57994,1.58052,1.69,3.53
2011.02.28 20:49:34.493,1.57994,1.5805,1.69,1.05
2011.02.28 20:49:37.511,1.57994,1.58052,1.69,3.38
2011.02.28 20:49:39.213,1.57994,1.58052,1.69,3.68
2011.02.28 20:49:39.875,1.57994,1.5805,1.69,1.05
2011.02.28 20:49:40.588,1.57994,1.58052,1.69,3.68
2011.02.28 20:49:42.193,1.57994,1.5805,1.69,1.05
2011.02.28 20:49:45.841,1.57994,1.58052,1.69,3.53
2011.02.28 20:49:45.951,1.58001,1.58051,1.50,1.58
2011.02.28 20:49:46.918,1.58001,1.58051,1.50,1.65
2011.02.28 20:49:47.412,1.58001,1.58051,1.50,1.65
2011.02.28 20:49:48.892,1.58001,1.58051,1.50,1.65
2011.02.28 20:49:49.599,1.58001,1.58051,1.50,1.58
2011.02.28 20:49:50.241,1.57995,1.58051,1.88,3.15
2011.02.28 20:49:51.094,1.57995,1.58051,1.88,2.55
2011.02.28 20:49:54.711,1.57995,1.58051,1.88,2.40
2011.02.28 20:49:56.152,1.57995,1.58051,1.88,2.40
2011.02.28 20:49:56.937,1.57995,1.58051,1.88,2.33
2011.02.28 20:49:57.142,1.57995,1.58051,1.88,2.55
2011.02.28 20:50:01.433,1.57995,1.58051,1.88,3.08
2011.02.28 20:50:03.815,1.57995,1.58051,1.50,2.93
2011.02.28 20:50:05.773,1.57995,1.5805,1.50,1.47
2011.02.28 20:50:05.992,1.57994,1.5805,1.50,1.62
2011.02.28 20:50:06.432,1.5799,1.58046,1.69,1.65
2011.02.28 20:50:06.542,1.57995,1.5805,1.50,1.47
2011.02.28 20:50:07.841,1.57995,1.5805,1.50,1.62
2011.02.28 20:50:09.218,1.57995,1.5805,1.50,1.47
2011.02.28 20:50:12.399,1.57995,1.58051,1.50,2.97
2011.02.28 20:50:12.811,1.57995,1.58051,1.69,3.53
2011.02.28 20:50:13.361,1.58,1.58056,1.50,2.40
2011.02.28 20:50:14.337,1.57994,1.58052,1.69,1.95
2011.02.28 20:50:15.022,1.57994,1.58048,1.50,1.02
2011.02.28 20:50:15.353,1.57987,1.58034,1.32,1.50
2011.02.28 20:50:15.461,1.57994,1.58052,1.69,2.33
2011.02.28 20:50:19.332,1.57987,1.58044,1.47,1.50
2011.02.28 20:50:19.551,1.57991,1.58047,1.69,1.50
2011.02.28 20:50:20.531,1.57991,1.58047,1.69,1.65
2011.02.28 20:50:21.184,1.57991,1.58047,1.69,1.58
2011.02.28 20:50:21.836,1.57991,1.58047,1.69,1.80
2011.02.28 20:50:24.021,1.57995,1.58053,1.50,2.33
2011.02.28 20:50:24.241,1.57995,1.58053,1.50,2.48
2011.02.28 20:50:25.272,1.57995,1.58047,1.50,1.65
2011.02.28 20:50:25.711,1.57995,1.58046,1.50,1.50
2011.02.28 20:50:25.931,1.57995,1.58045,1.50,1.05
2011.02.28 20:50:26.511,1.57988,1.58044,2.07,1.80
2011.02.28 20:50:26.820,1.57988,1.58044,2.22,1.50
2011.02.28 20:50:26.932,1.57994,1.58054,1.69,2.18
2011.02.28 20:50:28.244,1.57994,1.58054,1.69,2.33
2011.02.28 20:50:29.131,1.57994,1.58054,1.69,2.18
2011.02.28 20:50:31.641,1.57987,1.58045,2.97,1.50
2011.02.28 20:50:32.332,1.5799,1.58045,1.24,1.50
2011.02.28 20:50:32.550,1.57998,1.58054,1.50,1.50
2011.02.28 20:50:33.211,1.57995,1.58056,1.88,1.50
2011.02.28 20:50:33.673,1.57992,1.5805,2.22,1.50
2011.02.28 20:50:34.001,1.58008,1.58066,1.50,1.80
2011.02.28 20:50:34.670,1.58004,1.58064,2.07,1.80
2011.02.28 20:50:35.211,1.58004,1.58064,2.07,1.73
2011.02.28 20:50:39.853,1.58004,1.58064,2.07,2.10
2011.02.28 20:50:40.625,1.58004,1.58064,2.07,1.95
2011.02.28 20:50:41.303,1.58005,1.58073,1.88,2.25
2011.02.28 20:50:46.309,1.58005,1.58063,1.88,1.73
2011.02.28 20:50:46.894,1.58005,1.58063,1.88,1.65
2011.02.28 20:50:47.141,1.58005,1.58063,1.88,1.73
2011.02.28 20:50:48.453,1.58005,1.58063,2.03,1.65
2011.02.28 20:50:48.562,1.58005,1.58063,1.88,1.80
2011.02.28 20:50:49.716,1.58005,1.58063,1.88,1.65
2011.02.28 20:50:53.817,1.58005,1.58063,1.88,1.58
2011.02.28 20:50:54.371,1.58015,1.58073,1.50,2.70
2011.02.28 20:50:54.941,1.58015,1.58073,1.50,2.55
2011.02.28 20:50:56.195,1.58015,1.58073,1.50,2.70
2011.02.28 20:50:56.932,1.58014,1.58073,1.69,1.05
2011.02.28 20:51:01.918,1.58014,1.58083,2.07,2.33
2011.02.28 20:51:03.931,1.58014,1.58083,2.07,2.33
2011.02.28 20:51:05.088,1.58014,1.58083,2.07,2.33
2011.02.28 20:51:05.313,1.58014,1.58083,2.07,2.18
2011.02.28 20:51:05.532,1.58014,1.58074,2.07,1.50
2011.02.28 20:51:06.048,1.58014,1.58074,2.07,1.65
2011.02.28 20:51:07.075,1.58014,1.58074,2.07,1.50
2011.02.28 20:51:13.528,1.58014,1.58074,2.44,1.65
2011.02.28 20:51:14.623,1.58015,1.58074,1.02,1.50
2011.02.28 20:51:15.178,1.58014,1.58074,2.44,1.65
2011.02.28 20:51:24.893,1.58014,1.58074,2.44,1.50
2011.02.28 20:51:25.001,1.58015,1.58082,2.44,1.58
2011.02.28 20:51:25.581,1.58015,1.58073,2.44,1.50
2011.02.28 20:51:26.097,1.58015,1.58073,2.44,1.65
2011.02.28 20:51:33.221,1.58015,1.58073,2.44,1.80
2011.02.28 20:51:39.973,1.58015,1.58073,2.44,1.65
2011.02.28 20:51:41.194,1.58015,1.58073,2.44,1.80
2011.02.28 20:51:41.949,1.58015,1.58073,2.44,1.65
2011.02.28 20:51:43.137,1.58015,1.58073,2.44,1.80
2011.02.28 20:51:43.613,1.58015,1.58073,2.44,1.65
2011.02.28 20:51:45.861,1.58015,1.58073,2.44,1.80
2011.02.28 20:51:51.684,1.58015,1.58073,2.44,1.65
2011.02.28 20:51:58.947,1.58001,1.58058,1.09,1.50
2011.02.28 20:51:59.053,1.58,1.58058,2.22,1.50
2011.02.28 20:51:59.161,1.58005,1.58063,1.50,1.69
2011.02.28 20:51:59.381,1.58,1.58058,2.22,1.50
2011.02.28 20:52:00.201,1.58004,1.58064,1.88,1.69
2011.02.28 20:52:00.752,1.58005,1.58069,1.50,1.47
2011.02.28 20:52:00.862,1.58,1.58058,2.22,1.50
2011.02.28 20:52:02.281,1.58,1.58058,2.22,1.50
2011.02.28 20:52:02.907,1.58,1.58058,2.22,1.50
2011.02.28 20:52:03.011,1.58005,1.58073,2.44,2.74
2011.02.28 20:52:03.982,1.58004,1.58073,1.32,2.59
2011.02.28 20:52:04.551,1.58,1.58073,1.39,2.33
2011.02.28 20:52:05.221,1.58,1.58073,1.47,2.70
2011.02.28 20:52:06.180,1.58,1.58073,1.47,2.40
2011.02.28 20:52:06.511,1.58,1.58073,1.39,2.40
2011.02.28 20:52:07.922,1.58,1.58073,1.47,1.20
2011.02.28 20:52:08.681,1.58005,1.58073,1.50,2.70
2011.02.28 20:52:09.875,1.58005,1.58073,1.50,2.70
2011.02.28 20:52:10.654,1.58005,1.58073,1.50,2.55
2011.02.28 20:52:10.859,1.58005,1.58073,2.25,1.80
2011.02.28 20:52:11.947,1.58005,1.58073,2.25,1.95
2011.02.28 20:52:15.372,1.58005,1.58073,2.25,1.80
2011.02.28 20:52:20.785,1.58014,1.58074,2.07,1.65
2011.02.28 20:52:21.973,1.58014,1.58074,2.07,1.50
2011.02.28 20:52:22.090,1.58014,1.58074,2.44,1.50
2011.02.28 20:52:23.086,1.58014,1.58074,2.44,1.58
2011.02.28 20:52:25.233,1.58014,1.58074,2.44,1.80
2011.02.28 20:52:26.161,1.58008,1.58064,3.34,1.50
2011.02.28 20:52:26.931,1.58014,1.58074,2.44,1.80
2011.02.28 20:52:27.562,1.58014,1.58074,2.44,1.80
2011.02.28 20:52:28.493,1.58008,1.58073,1.69,1.65
2011.02.28 20:52:29.412,1.58008,1.58073,1.69,1.80
2011.02.28 20:52:31.904,1.58008,1.58073,1.69,1.80
2011.02.28 20:52:32.680,1.58008,1.58073,1.69,1.65
2011.02.28 20:52:33.613,1.58008,1.58073,1.69,1.80
2011.02.28 20:52:34.190,1.58008,1.58073,1.69,1.65
2011.02.28 20:52:34.925,1.58008,1.58073,1.69,1.95
2011.02.28 20:52:40.171,1.58008,1.58073,1.69,2.40
2011.02.28 20:52:41.252,1.58019,1.58073,1.88,1.05
2011.02.28 20:52:42.002,1.58019,1.58073,1.88,1.05
2011.02.28 20:52:42.592,1.58008,1.58073,1.69,2.70
2011.02.28 20:52:47.991,1.58002,1.5806,2.40,1.50
2011.02.28 20:52:48.502,1.58007,1.58065,2.40,1.50
2011.02.28 20:52:48.943,1.58007,1.58065,2.44,1.65
2011.02.28 20:52:49.162,1.58012,1.58068,2.25,1.65
2011.02.28 20:52:49.492,1.58017,1.58073,2.07,1.65
2011.02.28 20:52:49.821,1.58023,1.58083,2.44,1.20
2011.02.28 20:52:50.151,1.58024,1.58082,2.25,2.10
2011.02.28 20:52:52.014,1.58024,1.58082,2.25,1.95
2011.02.28 20:52:57.515,1.58024,1.58082,2.25,1.65
2011.02.28 20:52:58.899,1.58024,1.58082,2.25,2.10
2011.02.28 20:52:59.233,1.58024,1.58082,2.25,1.95
2011.02.28 20:53:00.099,1.58024,1.58082,2.25,1.65
2011.02.28 20:53:00.903,1.58024,1.58082,2.25,1.80
2011.02.28 20:53:02.305,1.58024,1.58082,2.25,1.95
2011.02.28 20:53:02.998,1.58024,1.58082,2.25,1.95
2011.02.28 20:53:03.640,1.58024,1.58082,2.25,1.95
2011.02.28 20:53:04.203,1.58021,1.58073,2.25,1.24
2011.02.28 20:53:04.421,1.58011,1.58067,2.25,1.65
2011.02.28 20:53:04.755,1.58014,1.58073,2.25,1.20
2011.02.28 20:53:04.972,1.58014,1.58073,2.25,1.05
2011.02.28 20:53:05.894,1.58014,1.58073,2.25,1.05
2011.02.28 20:53:06.826,1.58014,1.58073,2.25,1.20
2011.02.28 20:53:07.881,1.58014,1.58073,2.25,1.13
2011.02.28 20:53:08.203,1.58014,1.58074,2.25,1.05
2011.02.28 20:53:08.874,1.58014,1.58074,2.25,1.05
2011.02.28 20:53:09.201,1.58014,1.58073,2.25,1.20
2011.02.28 20:53:10.993,1.58014,1.58073,2.25,1.35
2011.02.28 20:53:11.103,1.58014,1.58073,2.25,1.20
2011.02.28 20:53:11.213,1.58014,1.58073,2.25,1.35
2011.02.28 20:53:11.452,1.58014,1.58073,2.25,1.20
2011.02.28 20:53:12.162,1.58014,1.58073,2.25,1.05
2011.02.28 20:53:12.433,1.58014,1.58077,2.25,1.73
2011.02.28 20:53:13.260,1.58014,1.58073,2.25,1.35
2011.02.28 20:53:13.813,1.58004,1.58073,2.44,1.20
2011.02.28 20:53:14.142,1.58004,1.58065,2.44,1.05
2011.02.28 20:53:16.841,1.58015,1.58073,2.25,1.50
2011.02.28 20:53:19.213,1.58014,1.58075,2.25,1.35
2011.02.28 20:53:23.052,1.58014,1.58075,2.25,1.20
2011.02.28 20:53:23.612,1.58014,1.58075,2.25,1.20
2011.02.28 20:53:24.135,1.58012,1.58068,2.25,1.80
2011.02.28 20:53:24.682,1.58012,1.58068,2.25,1.80
2011.02.28 20:53:24.793,1.58012,1.58068,2.40,1.50
2011.02.28 20:53:25.672,1.58028,1.58076,1.88,1.65
2011.02.28 20:53:26.231,1.58016,1.58077,1.69,1.50
2011.02.28 20:53:26.479,1.58016,1.58074,1.69,1.05
2011.02.28 20:53:26.812,1.58016,1.58075,1.69,1.20
2011.02.28 20:53:28.232,1.58015,1.58075,2.25,1.35
2011.02.28 20:53:31.759,1.58015,1.58075,2.25,1.20
2011.02.28 20:53:32.091,1.58015,1.58082,2.44,1.95
2011.02.28 20:53:32.314,1.58015,1.58077,2.44,1.50
2011.02.28 20:53:32.423,1.58015,1.58082,2.44,2.40
2011.02.28 20:53:32.643,1.58012,1.58068,2.25,1.50
2011.02.28 20:53:32.863,1.58014,1.58077,2.25,1.65
2011.02.28 20:53:33.201,1.58014,1.58077,1.50,2.03
2011.02.28 20:53:33.313,1.58014,1.58074,1.50,1.43
2011.02.28 20:53:33.922,1.58014,1.58074,1.50,1.43
2011.02.28 20:53:34.141,1.58007,1.58065,2.07,1.50
2011.02.28 20:53:35.151,1.58007,1.58065,2.07,1.58
2011.02.28 20:53:36.421,1.58007,1.58065,2.07,1.50
2011.02.28 20:53:38.153,1.58007,1.58065,2.07,1.58
2011.02.28 20:53:38.701,1.58014,1.58074,1.50,2.85
2011.02.28 20:53:39.404,1.58014,1.58074,1.50,2.93
2011.02.28 20:53:39.719,1.58014,1.58074,1.50,2.78
2011.02.28 20:53:39.942,1.58019,1.58074,1.32,1.65
2011.02.28 20:53:40.491,1.58019,1.58084,1.32,1.20
2011.02.28 20:53:41.183,1.58019,1.58086,1.32,1.35
2011.02.28 20:53:42.148,1.58019,1.58084,1.32,1.35
2011.02.28 20:53:42.262,1.58015,1.58084,2.25,1.54
2011.02.28 20:53:42.492,1.58014,1.58077,2.25,1.65
2011.02.28 20:53:44.131,1.58014,1.58077,2.25,1.73
2011.02.28 20:53:44.495,1.58014,1.58077,2.25,1.80
2011.02.28 20:53:45.834,1.58014,1.58077,2.25,1.80
2011.02.28 20:53:47.675,1.58014,1.58077,2.25,2.10
2011.02.28 20:53:49.334,1.58022,1.58078,2.07,1.95
2011.02.28 20:53:49.444,1.58022,1.58078,2.07,2.55
2011.02.28 20:53:49.551,1.58027,1.58078,1.50,1.05
2011.02.28 20:53:50.022,1.58031,1.58078,1.50,1.05
2011.02.28 20:53:50.261,1.58022,1.58078,2.07,2.55
2011.02.28 20:53:50.372,1.58022,1.58078,2.07,2.70
2011.02.28 20:53:51.332,1.58022,1.58078,2.07,2.55
2011.02.28 20:53:52.012,1.58022,1.58078,2.07,2.55
2011.02.28 20:53:52.163,1.58022,1.58078,2.07,2.48
2011.02.28 20:53:52.701,1.58022,1.58078,2.07,2.85
2011.02.28 20:53:53.126,1.58022,1.58078,2.07,2.25
2011.02.28 20:53:54.542,1.58022,1.58074,1.88,1.39
2011.02.28 20:53:54.652,1.58011,1.58069,2.07,1.84
2011.02.28 20:53:56.012,1.58011,1.58069,2.07,1.92
2011.02.28 20:53:57.003,1.58011,1.58069,2.07,2.29
2011.02.28 20:53:58.315,1.58011,1.58068,2.07,1.20
2011.02.28 20:53:59.161,1.58011,1.58068,2.07,1.35
2011.02.28 20:54:01.262,1.58016,1.58068,1.69,1.20
2011.02.28 20:54:02.196,1.58016,1.58068,1.69,1.20
2011.02.28 20:54:02.644,1.58016,1.58068,1.69,1.20
2011.02.28 20:54:02.753,1.58016,1.58071,1.69,1.65
2011.02.28 20:54:02.862,1.58016,1.58068,1.69,1.20
2011.02.28 20:54:03.252,1.58016,1.58068,1.69,1.05
2011.02.28 20:54:06.408,1.58016,1.58072,1.69,1.80
2011.02.28 20:54:08.169,1.58016,1.58072,1.69,1.80
2011.02.28 20:54:08.391,1.58016,1.58068,1.69,1.05
2011.02.28 20:54:10.585,1.58016,1.58072,1.69,1.65
2011.02.28 20:54:10.802,1.58021,1.58072,1.50,1.65
2011.02.28 20:54:11.241,1.58026,1.58071,1.50,1.65
2011.02.28 20:54:13.173,1.58026,1.58071,1.50,1.58
2011.02.28 20:54:17.768,1.58026,1.58068,1.50,1.05
2011.02.28 20:54:18.802,1.58026,1.5808,1.50,1.02
2011.02.28 20:54:20.667,1.58026,1.58082,1.50,1.02
2011.02.28 20:54:21.062,1.58026,1.58083,1.50,1.62
2011.02.28 20:54:22.062,1.58026,1.58079,1.50,1.09
2011.02.28 20:54:22.172,1.5801,1.58068,2.44,1.50
2011.02.28 20:54:22.501,1.5801,1.58068,1.50,1.69
2011.02.28 20:54:22.611,1.58001,1.58061,2.52,1.50
2011.02.28 20:54:23.342,1.58001,1.58061,2.44,1.65
2011.02.28 20:54:24.344,1.58001,1.58061,2.44,1.50
2011.02.28 20:54:25.118,1.58011,1.58067,1.50,1.84
2011.02.28 20:54:27.401,1.58011,1.58067,1.69,1.65
2011.02.28 20:54:27.512,1.58011,1.58067,1.69,1.50
2011.02.28 20:54:27.752,1.58016,1.58072,1.50,2.03
2011.02.28 20:54:28.085,1.58016,1.58072,1.50,2.03
2011.02.28 20:54:29.244,1.58016,1.58072,1.50,1.88
2011.02.28 20:54:30.262,1.58016,1.58072,1.50,2.03
2011.02.28 20:54:30.608,1.58016,1.58072,1.50,2.18
2011.02.28 20:54:35.452,1.58016,1.58072,1.50,2.03
2011.02.28 20:54:35.562,1.58016,1.58072,1.50,2.48
2011.02.28 20:54:37.193,1.58016,1.58072,1.50,2.10
2011.02.28 20:54:38.532,1.58016,1.58072,1.50,2.18
2011.02.28 20:54:41.135,1.58016,1.58072,1.50,2.10
2011.02.28 20:54:48.428,1.58016,1.58072,1.50,2.18
2011.02.28 20:54:50.905,1.58016,1.58072,1.50,2.18
2011.02.28 20:54:54.645,1.58016,1.58072,1.50,2.18
2011.02.28 20:54:55.947,1.58015,1.58073,1.69,2.03
2011.02.28 20:54:56.184,1.58015,1.58073,1.69,2.33
2011.02.28 20:54:56.745,1.58015,1.58073,1.69,2.18
2011.02.28 20:54:58.332,1.58015,1.58073,1.69,2.33
2011.02.28 20:54:59.281,1.58015,1.58071,1.69,1.58
2011.02.28 20:55:01.273,1.58015,1.58071,1.69,1.43
2011.02.28 20:55:02.602,1.58006,1.58064,1.50,2.48
2011.02.28 20:55:03.901,1.58002,1.5806,1.69,1.65
2011.02.28 20:55:05.333,1.58002,1.5806,1.69,1.73
2011.02.28 20:55:05.627,1.58002,1.5806,1.69,1.65
2011.02.28 20:55:07.132,1.58002,1.5806,1.69,1.73
2011.02.28 20:55:07.243,1.58005,1.58062,1.50,1.05
2011.02.28 20:55:07.353,1.58005,1.58062,1.50,1.05
2011.02.28 20:55:07.683,1.58005,1.58054,1.50,1.05
2011.02.28 20:55:08.801,1.58005,1.58063,1.50,1.95
2011.02.28 20:55:09.522,1.58005,1.58063,1.50,1.50
2011.02.28 20:55:12.472,1.58005,1.58063,1.58,1.58
2011.02.28 20:55:12.842,1.58005,1.58063,1.50,1.65
2011.02.28 20:55:13.175,1.58005,1.58063,1.50,1.73
2011.02.28 20:55:13.465,1.58005,1.58063,1.50,1.65
2011.02.28 20:55:13.914,1.58005,1.58063,1.50,1.95
2011.02.28 20:55:15.273,1.58005,1.58063,1.50,2.33
2011.02.28 20:55:16.172,1.58005,1.58063,1.50,2.18
2011.02.28 20:55:16.283,1.58005,1.58063,1.50,2.33
2011.02.28 20:55:18.035,1.58005,1.58063,1.50,2.03
2011.02.28 20:55:19.942,1.5801,1.58067,1.50,1.05
2011.02.28 20:55:20.675,1.5801,1.58067,1.50,1.05
2011.02.28 20:55:20.782,1.5801,1.58068,1.50,2.55
2011.02.28 20:55:21.003,1.5801,1.58067,1.50,1.05
2011.02.28 20:55:21.962,1.58016,1.58066,1.50,1.05
2011.02.28 20:55:22.072,1.58002,1.58067,1.69,1.05
2011.02.28 20:55:23.311,1.58002,1.58067,1.69,1.20
2011.02.28 20:55:24.475,1.58002,1.58068,1.69,1.05
2011.02.28 20:55:25.882,1.58002,1.58067,1.69,1.05
2011.02.28 20:55:26.394,1.57999,1.58055,1.69,1.50
2011.02.28 20:55:26.982,1.58001,1.58067,1.69,1.05
2011.02.28 20:55:31.889,1.58001,1.5807,1.69,2.40
2011.02.28 20:55:33.347,1.58001,1.58063,1.69,1.05
2011.02.28 20:55:34.242,1.58001,1.58067,1.69,1.05
2011.02.28 20:55:35.140,1.58001,1.58063,1.69,1.05
2011.02.28 20:55:37.396,1.58001,1.5807,1.69,2.40
2011.02.28 20:55:39.253,1.57998,1.58056,1.77,1.50
2011.02.28 20:55:39.692,1.58002,1.58063,1.69,1.05
2011.02.28 20:55:41.062,1.5801,1.5807,1.50,2.48
2011.02.28 20:55:44.954,1.5801,1.5807,1.88,1.80
2011.02.28 20:55:45.962,1.58002,1.58069,2.44,1.73
2011.02.28 20:55:46.182,1.58002,1.58069,2.44,1.80
2011.02.28 20:55:47.093,1.58002,1.58069,2.44,1.95
2011.02.28 20:55:47.451,1.58002,1.58069,2.44,1.80
2011.02.28 20:55:48.266,1.58002,1.58069,2.44,1.73
2011.02.28 20:55:48.542,1.58002,1.58069,2.44,1.80
2011.02.28 20:55:49.362,1.57999,1.58055,2.44,1.50
2011.02.28 20:55:49.472,1.57999,1.58055,1.69,1.50
2011.02.28 20:55:49.582,1.58002,1.58062,1.69,1.05
2011.02.28 20:55:50.652,1.58002,1.58068,1.69,1.05
2011.02.28 20:55:50.975,1.58002,1.58067,1.69,1.05
2011.02.28 20:55:58.313,1.58002,1.58062,1.69,1.20
2011.02.28 20:55:59.142,1.58002,1.58062,1.69,1.05
2011.02.28 20:55:59.743,1.58002,1.58062,1.69,1.20
2011.02.28 20:56:01.148,1.58002,1.58069,2.07,2.48
2011.02.28 20:56:04.281,1.58002,1.58069,1.88,2.33
2011.02.28 20:56:05.131,1.58002,1.58069,1.88,2.48
2011.02.28 20:56:06.752,1.58002,1.58069,1.88,2.33
2011.02.28 20:56:08.080,1.58002,1.58069,1.88,2.48
2011.02.28 20:56:27.733,1.58001,1.58062,1.88,1.05
2011.02.28 20:56:27.953,1.58001,1.58066,1.88,1.28
2011.02.28 20:56:30.102,1.58001,1.58066,1.88,1.28
2011.02.28 20:56:32.010,1.58001,1.58066,1.88,1.28
2011.02.28 20:56:32.864,1.58001,1.58066,1.88,1.28
2011.02.28 20:56:33.904,1.58001,1.58063,1.88,1.05
2011.02.28 20:56:34.712,1.58001,1.58066,1.95,1.28
2011.02.28 20:56:35.311,1.57998,1.58056,3.00,1.50
2011.02.28 20:56:35.952,1.58001,1.58067,1.88,1.65
2011.02.28 20:56:38.301,1.58001,1.58067,1.88,1.65
2011.02.28 20:56:38.412,1.57998,1.58052,2.25,1.50
2011.02.28 20:56:39.682,1.57998,1.58052,2.25,1.58
2011.02.28 20:56:40.341,1.57998,1.58052,2.25,1.80
2011.02.28 20:56:40.891,1.57998,1.58051,2.25,1.65
2011.02.28 20:56:41.811,1.57998,1.58048,2.25,1.05
2011.02.28 20:56:42.494,1.57998,1.58056,2.25,1.80
2011.02.28 20:56:42.624,1.57998,1.58056,2.25,1.95
2011.02.28 20:56:42.959,1.57998,1.58056,2.25,1.65
2011.02.28 20:56:46.558,1.57998,1.58056,1.88,1.65
2011.02.28 20:57:01.991,1.57998,1.58056,1.88,1.65
2011.02.28 20:57:02.432,1.57998,1.58056,1.88,1.58
2011.02.28 20:57:03.903,1.57998,1.58056,1.88,1.65
2011.02.28 20:57:04.532,1.57998,1.58056,1.88,1.80
2011.02.28 20:57:07.175,1.57998,1.58056,1.88,1.80
2011.02.28 20:57:07.832,1.57989,1.58047,2.44,1.80
2011.02.28 20:57:08.481,1.57986,1.58041,1.69,1.50
2011.02.28 20:57:08.591,1.57985,1.58041,2.44,1.50
2011.02.28 20:57:09.362,1.57985,1.58041,2.44,2.25
2011.02.28 20:57:10.138,1.57985,1.58038,2.44,1.05
2011.02.28 20:57:11.242,1.57985,1.58041,2.44,1.73
2011.02.28 20:57:15.631,1.57985,1.58041,2.44,1.65
2011.02.28 20:57:16.182,1.5799,1.58046,1.50,2.37
2011.02.28 20:57:16.402,1.57976,1.58043,2.59,1.80
2011.02.28 20:57:16.512,1.57976,1.58043,2.25,2.14
2011.02.28 20:57:16.873,1.57968,1.58038,1.24,1.09
2011.02.28 20:57:17.202,1.57975,1.58037,1.50,1.09
2011.02.28 20:57:21.742,1.57972,1.5803,1.65,1.88
2011.02.28 20:57:22.088,1.57972,1.5803,2.03,1.50
2011.02.28 20:57:22.575,1.57972,1.5803,1.88,1.65
2011.02.28 20:57:22.913,1.57959,1.58027,2.44,2.40
2011.02.28 20:57:24.754,1.57959,1.58024,1.50,1.09
2011.02.28 20:57:24.862,1.57959,1.58022,1.50,1.02
2011.02.28 20:57:24.971,1.57956,1.58014,1.88,1.65
2011.02.28 20:57:25.500,1.57956,1.58014,1.88,1.65
2011.02.28 20:57:26.162,1.57956,1.58014,1.88,1.65
2011.02.28 20:57:27.123,1.57956,1.58014,1.88,1.65
2011.02.28 20:57:28.032,1.57956,1.58014,1.88,1.80
2011.02.28 20:57:29.153,1.57956,1.58014,1.88,1.65
2011.02.28 20:57:30.042,1.57956,1.58014,1.88,1.65
2011.02.28 20:57:30.943,1.57956,1.58014,1.88,1.80
2011.02.28 20:57:31.282,1.57951,1.58009,2.44,1.50
2011.02.28 20:57:31.392,1.57951,1.58009,2.44,1.58
2011.02.28 20:57:33.132,1.57951,1.58009,2.44,1.58
2011.02.28 20:57:33.572,1.57959,1.58017,1.50,3.15
2011.02.28 20:57:35.472,1.57959,1.58012,1.50,1.43
2011.02.28 20:57:36.235,1.57959,1.58012,1.50,1.28
2011.02.28 20:57:36.752,1.57959,1.58012,1.50,1.58
2011.02.28 20:57:37.112,1.57951,1.58009,1.69,1.80
2011.02.28 20:57:38.811,1.57951,1.58009,1.69,1.65
2011.02.28 20:57:39.034,1.57951,1.58008,1.50,1.09
2011.02.28 20:57:39.252,1.57937,1.57995,1.99,1.50
2011.02.28 20:57:39.362,1.5794,1.58001,1.65,2.07
2011.02.28 20:57:39.472,1.5794,1.58001,1.65,2.07
2011.02.28 20:57:41.955,1.57946,1.58004,1.50,2.40
2011.02.28 20:57:43.992,1.57946,1.58003,1.50,1.05
2011.02.28 20:57:44.212,1.57934,1.58002,1.32,2.33
2011.02.28 20:57:44.880,1.57932,1.58001,1.95,1.02
2011.02.28 20:57:46.204,1.57928,1.57998,1.02,1.28
2011.02.28 20:57:47.174,1.57927,1.57998,1.09,1.43
2011.02.28 20:57:48.154,1.57928,1.57998,1.02,1.35
2011.02.28 20:57:48.491,1.57924,1.57998,2.44,1.73
2011.02.28 20:57:48.962,1.5794,1.57998,1.50,1.58
2011.02.28 20:57:49.402,1.57946,1.57997,1.50,1.28
2011.02.28 20:57:49.748,1.57946,1.57997,1.50,1.58
2011.02.28 20:57:53.971,1.57933,1.57997,2.07,1.58
2011.02.28 20:57:57.173,1.57933,1.57998,1.69,1.95
2011.02.28 20:57:57.962,1.57933,1.57998,1.69,1.95
2011.02.28 20:57:58.182,1.5793,1.57988,1.50,1.65
2011.02.28 20:58:00.716,1.57923,1.57997,1.09,1.02
2011.02.28 20:58:02.080,1.57922,1.57998,1.02,1.99
2011.02.28 20:58:03.232,1.57923,1.57997,1.09,1.77
2011.02.28 20:58:04.784,1.57919,1.57996,1.69,1.02
2011.02.28 20:58:06.243,1.57919,1.57997,1.69,1.62
2011.02.28 20:58:06.830,1.57919,1.57996,1.69,1.02
2011.02.28 20:58:08.102,1.57919,1.57988,1.32,1.05
2011.02.28 20:58:08.652,1.57919,1.57987,1.32,1.28
2011.02.28 20:58:08.959,1.57921,1.57987,1.32,1.28
2011.02.28 20:58:09.512,1.57934,1.57992,1.32,1.80
2011.02.28 20:58:11.252,1.57934,1.57988,1.32,1.05
2011.02.28 20:58:11.896,1.57934,1.57987,1.32,1.05
2011.02.28 20:58:13.215,1.57934,1.57988,2.82,1.05
2011.02.28 20:58:13.749,1.57935,1.57987,1.32,3.08
2011.02.28 20:58:14.083,1.57935,1.57981,1.13,1.50
2011.02.28 20:58:17.222,1.57934,1.57978,1.88,1.05
2011.02.28 20:58:20.227,1.57923,1.57993,1.09,1.28
2011.02.28 20:58:20.932,1.57922,1.57993,1.09,1.43
2011.02.28 20:58:21.271,1.57923,1.57992,1.09,1.20
2011.02.28 20:58:21.534,1.57923,1.57993,1.02,1.28
2011.02.28 20:58:23.130,1.57923,1.57993,1.02,1.35
2011.02.28 20:58:23.657,1.57922,1.57992,1.09,1.05
2011.02.28 20:58:25.131,1.57921,1.57993,1.69,1.73
2011.02.28 20:58:25.268,1.57923,1.57993,1.09,1.58
2011.02.28 20:58:25.515,1.57921,1.57993,1.69,1.73
2011.02.28 20:58:28.032,1.57921,1.57993,1.69,1.58
2011.02.28 20:58:29.222,1.57921,1.57993,1.69,1.73
2011.02.28 20:58:30.434,1.57922,1.57993,1.09,1.58
2011.02.28 20:58:31.071,1.57921,1.57993,1.69,1.73
2011.02.28 20:58:31.401,1.57922,1.57993,1.09,1.58
2011.02.28 20:58:32.109,1.57921,1.57993,1.47,1.58
2011.02.28 20:58:33.172,1.57923,1.57993,1.32,1.43
2011.02.28 20:58:33.793,1.57933,1.57997,1.69,1.80
2011.02.28 20:58:34.124,1.57934,1.58009,1.69,1.62
2011.02.28 20:58:34.631,1.57937,1.58008,1.69,1.58
2011.02.28 20:58:35.431,1.57937,1.58008,1.69,1.58
2011.02.28 20:58:35.682,1.5794,1.58008,1.32,1.43
2011.02.28 20:58:36.197,1.5794,1.58008,1.39,1.28
2011.02.28 20:58:36.863,1.57938,1.58009,1.09,1.77
2011.02.28 20:58:38.581,1.57938,1.58009,1.09,1.62
2011.02.28 20:58:43.234,1.57933,1.58009,1.69,1.77
2011.02.28 20:58:45.231,1.57938,1.58009,1.09,1.62
2011.02.28 20:58:48.752,1.57933,1.58009,1.69,1.77
2011.02.28 20:58:50.222,1.57938,1.58008,1.09,1.58
2011.02.28 20:58:51.331,1.57938,1.58008,1.02,1.28
2011.02.28 20:58:53.190,1.57937,1.5801,1.02,1.09
2011.02.28 20:58:53.741,1.57938,1.5801,1.24,1.09
2011.02.28 20:58:53.961,1.57937,1.5801,1.09,1.24
2011.02.28 20:58:54.544,1.57938,1.5801,1.39,1.09
2011.02.28 20:58:54.662,1.57938,1.5801,1.24,1.24
2011.02.28 20:58:55.783,1.57937,1.5801,1.09,1.24
2011.02.28 20:58:55.988,1.57938,1.5801,1.09,1.09
2011.02.28 20:58:56.213,1.57938,1.58009,1.09,1.02
2011.02.28 20:58:56.542,1.57938,1.5801,1.09,1.24
2011.02.28 20:58:56.743,1.57937,1.58009,1.09,1.02
2011.02.28 20:58:57.292,1.57938,1.5801,1.09,1.24
2011.02.28 20:58:57.511,1.57938,1.5801,1.02,1.17
2011.02.28 20:58:57.922,1.57938,1.5801,1.09,1.24
2011.02.28 20:58:58.142,1.57938,1.58009,1.09,1.77
2011.02.28 20:58:59.177,1.57933,1.58009,1.69,1.77
2011.02.28 20:59:00.189,1.57933,1.58009,1.69,1.92
2011.02.28 20:59:00.784,1.57937,1.58002,1.09,1.50
2011.02.28 20:59:01.507,1.57933,1.58001,1.69,1.65
2011.02.28 20:59:02.233,1.57933,1.58001,1.69,1.65
2011.02.28 20:59:02.562,1.57923,1.57998,1.09,1.84
2011.02.28 20:59:02.782,1.57922,1.57993,1.39,1.02
2011.02.28 20:59:05.743,1.57913,1.57981,1.09,1.09
2011.02.28 20:59:06.983,1.57922,1.57995,1.32,1.69
2011.02.28 20:59:07.532,1.57933,1.57995,1.32,1.05
2011.02.28 20:59:07.643,1.57933,1.57997,1.32,1.43
2011.02.28 20:59:07.972,1.57933,1.57994,1.32,1.05
2011.02.28 20:59:08.334,1.57933,1.57997,1.32,2.03
2011.02.28 20:59:08.442,1.57933,1.57996,1.32,1.09
2011.02.28 20:59:08.886,1.57933,1.57994,1.32,1.05
2011.02.28 20:59:09.233,1.57933,1.57996,1.32,1.09
2011.02.28 20:59:09.452,1.57938,1.57996,1.09,1.50
2011.02.28 20:59:10.222,1.57928,1.57996,1.84,1.69
2011.02.28 20:59:11.204,1.57928,1.57994,1.99,1.09
2011.02.28 20:59:12.773,1.57933,1.58002,1.47,1.24
2011.02.28 20:59:13.102,1.57936,1.58003,1.32,1.39
2011.02.28 20:59:13.212,1.57936,1.58003,1.32,1.09
2011.02.28 20:59:13.773,1.57936,1.58003,1.32,1.24
2011.02.28 20:59:14.212,1.57936,1.58003,1.32,1.17
2011.02.28 20:59:14.792,1.57928,1.58,1.84,1.47
2011.02.28 20:59:15.342,1.57928,1.58,1.84,1.62
2011.02.28 20:59:17.119,1.57931,1.58,1.02,1.54
2011.02.28 20:59:17.252,1.57931,1.58,1.09,1.62
2011.02.28 20:59:18.152,1.57931,1.58,1.24,1.62
2011.02.28 20:59:18.898,1.57928,1.57998,1.84,1.02
2011.02.28 20:59:19.121,1.57928,1.57993,1.09,1.24
2011.02.28 20:59:19.671,1.57928,1.57993,1.09,1.09
2011.02.28 20:59:21.122,1.57927,1.57993,1.02,1.17
2011.02.28 20:59:21.342,1.57928,1.57993,1.09,1.09
2011.02.28 20:59:24.871,1.57928,1.58,1.84,1.62
2011.02.28 20:59:26.190,1.57931,1.58,1.09,1.62
2011.02.28 20:59:26.837,1.57928,1.58,1.84,1.62
2011.02.28 20:59:27.354,1.57928,1.58,1.69,1.62
2011.02.28 20:59:27.462,1.57928,1.58,1.69,1.77
2011.02.28 20:59:28.205,1.57928,1.58,1.77,1.54
2011.02.28 20:59:28.605,1.57928,1.58,1.69,2.07
2011.02.28 20:59:28.822,1.57909,1.57981,1.69,1.24
2011.02.28 20:59:30.180,1.57909,1.57981,2.52,1.02
2011.02.28 20:59:31.062,1.57909,1.57981,2.59,1.24
2011.02.28 20:59:31.523,1.57909,1.57978,2.44,1.02
2011.02.28 20:59:37.012,1.57909,1.57981,1.69,1.09
2011.02.28 20:59:37.233,1.57909,1.57981,1.69,1.17
2011.02.28 20:59:38.192,1.57914,1.57981,1.32,1.17
2011.02.28 20:59:38.742,1.57908,1.57988,1.09,1.02
2011.02.28 20:59:40.715,1.57908,1.57977,2.25,1.09
2011.02.28 20:59:40.823,1.579,1.57973,1.09,1.09
2011.02.28 20:59:41.044,1.579,1.57977,1.09,1.24
2011.02.28 20:59:42.473,1.579,1.57977,1.09,1.24
2011.02.28 20:59:42.833,1.57893,1.57977,1.09,1.69
2011.02.28 20:59:43.083,1.57897,1.57977,1.09,1.39
2011.02.28 20:59:43.832,1.57905,1.57972,1.32,1.05
2011.02.28 20:59:44.863,1.57905,1.57972,1.32,1.05
2011.02.28 20:59:44.972,1.57905,1.57972,1.32,1.20
2011.02.28 20:59:45.310,1.57905,1.57977,1.32,1.09
2011.02.28 20:59:45.532,1.57905,1.57972,1.32,1.20
2011.02.28 20:59:46.552,1.57905,1.57972,1.32,1.05
2011.02.28 20:59:47.671,1.57905,1.57972,1.32,1.20
2011.02.28 20:59:48.526,1.57905,1.57972,1.32,1.20
2011.02.28 20:59:48.872,1.57905,1.57972,1.32,1.20
2011.02.28 20:59:48.982,1.57905,1.57977,1.32,1.17
2011.02.28 20:59:49.583,1.57908,1.57977,1.69,1.02
2011.02.28 20:59:54.322,1.57908,1.57977,1.69,1.17
2011.02.28 20:59:54.542,1.57908,1.57977,1.69,1.02
2011.02.28 20:59:55.192,1.57908,1.5798,1.69,1.62
2011.02.28 20:59:55.754,1.57908,1.57977,1.69,1.17
2011.02.28 20:59:56.793,1.57892,1.57962,1.09,1.09
2011.02.28 20:59:57.194,1.57887,1.57963,1.69,1.39
2011.02.28 20:59:57.684,1.57887,1.57963,1.69,1.09
2011.02.28 20:59:58.343,1.57887,1.57963,1.69,1.39
2011.02.28 20:59:58.972,1.57887,1.57963,1.69,1.24
2011.02.28 20:59:59.523,1.57887,1.57963,1.69,2.29
2011.02.28 20:59:59.634,1.57887,1.57962,1.69,1.02
