2016.08.15 23:00:00.320,1.66531,1.66577,1.00,1.00
2016.08.15 23:00:00.370,1.66534,1.66578,1.00,1.00
2016.08.15 23:00:00.675,1.6654,1.66583,1.00,1.00
2016.08.15 23:00:00.776,1.66541,1.66585,1.00,1.00
2016.08.15 23:00:00.877,1.66543,1.66586,1.00,1.00
2016.08.15 23:00:00.964,1.66544,1.66588,1.00,1.00
2016.08.15 23:00:01.469,1.66543,1.66587,1.00,1.00
2016.08.15 23:00:01.788,1.66542,1.66585,1.00,1.00
2016.08.15 23:00:02.094,1.66539,1.66581,1.00,1.00
2016.08.15 23:00:02.296,1.66538,1.66581,1.50,1.00
2016.08.15 23:00:03.412,1.66538,1.66581,1.00,1.00
2016.08.15 23:00:03.463,1.66538,1.66581,1.50,1.00
2016.08.15 23:00:04.560,1.66538,1.66581,1.00,1.00
2016.08.15 23:00:04.917,1.66534,1.66575,1.00,1.00
2016.08.15 23:00:05.010,1.66532,1.66574,1.00,1.00
2016.08.15 23:00:05.060,1.66534,1.66574,1.00,1.00
2016.08.15 23:00:05.263,1.66534,1.66575,1.50,1.00
2016.08.15 23:00:05.749,1.66538,1.66579,1.00,1.00
2016.08.15 23:00:05.800,1.66538,1.66579,1.50,1.00
2016.08.15 23:00:05.851,1.66538,1.6658,1.00,1.00
2016.08.15 23:00:06.363,1.66537,1.6658,1.00,1.00
2016.08.15 23:00:10.192,1.66538,1.6658,1.00,1.00
2016.08.15 23:00:10.565,1.66538,1.66576,1.00,1.00
2016.08.15 23:00:10.615,1.66535,1.66576,1.00,1.00
2016.08.15 23:00:10.666,1.66533,1.66575,1.00,1.00
2016.08.15 23:00:12.242,1.66533,1.66571,1.00,1.00
2016.08.15 23:00:12.768,1.66534,1.6657,1.00,1.00
2016.08.15 23:00:17.393,1.66529,1.6657,1.00,1.00
2016.08.15 23:00:17.962,1.66533,1.66576,1.00,1.00
2016.08.15 23:00:18.063,1.66534,1.66577,1.50,1.00
2016.08.15 23:00:25.953,1.6653,1.66573,1.00,1.00
2016.08.15 23:00:26.018,1.66528,1.66571,1.00,1.00
2016.08.15 23:00:26.170,1.66526,1.6657,1.00,1.00
2016.08.15 23:00:27.699,1.66522,1.66566,1.00,1.00
2016.08.15 23:00:28.030,1.66529,1.6657,1.00,1.00
2016.08.15 23:00:28.270,1.66533,1.66576,1.00,1.50
2016.08.15 23:00:28.320,1.66533,1.66576,1.00,1.00
2016.08.15 23:00:28.624,1.6653,1.66573,1.00,1.00
2016.08.15 23:00:35.363,1.6653,1.66571,1.00,1.00
2016.08.15 23:00:50.247,1.66534,1.66571,1.00,1.00
2016.08.15 23:00:52.789,1.6653,1.66571,1.00,1.00
2016.08.15 23:01:02.087,1.66529,1.66571,1.00,1.00
2016.08.15 23:01:02.245,1.66528,1.66571,1.50,1.00
2016.08.15 23:01:03.506,1.66528,1.6657,1.00,1.00
2016.08.15 23:01:07.317,1.66529,1.6657,1.00,1.00
2016.08.15 23:01:12.395,1.66529,1.66571,1.00,1.00
2016.08.15 23:01:12.922,1.66528,1.66571,1.50,1.00
2016.08.15 23:01:13.370,1.6653,1.66573,1.00,1.00
2016.08.15 23:01:13.471,1.66534,1.66573,1.00,1.00
2016.08.15 23:01:13.723,1.6653,1.66573,1.00,1.00
2016.08.15 23:01:14.297,1.6653,1.66571,1.00,1.00
2016.08.15 23:01:15.852,1.66534,1.66571,1.00,1.00
2016.08.15 23:01:15.902,1.66534,1.66573,1.00,1.00
2016.08.15 23:01:16.136,1.6653,1.66573,1.00,1.00
2016.08.15 23:01:16.339,1.6653,1.66571,1.00,1.00
2016.08.15 23:01:16.912,1.66529,1.66571,1.00,1.00
2016.08.15 23:01:25.467,1.66533,1.66571,1.00,1.00
2016.08.15 23:01:25.816,1.66544,1.66582,1.00,1.00
2016.08.15 23:01:25.967,1.66539,1.66582,1.00,1.00
2016.08.15 23:01:26.069,1.6654,1.66584,1.00,1.00
2016.08.15 23:01:26.130,1.66539,1.66582,1.00,1.00
2016.08.15 23:01:26.460,1.66539,1.6658,1.00,1.00
2016.08.15 23:01:33.024,1.66537,1.6658,1.00,1.00
2016.08.15 23:01:42.665,1.66535,1.66579,1.00,1.00
2016.08.15 23:01:43.044,1.66534,1.66577,1.00,1.00
2016.08.15 23:01:46.065,1.66539,1.6658,1.00,1.00
2016.08.15 23:01:46.156,1.66542,1.66585,1.00,1.00
2016.08.15 23:01:46.700,1.66543,1.66586,1.00,1.00
2016.08.15 23:01:48.775,1.66542,1.66585,1.00,1.00
2016.08.15 23:01:48.825,1.66533,1.66576,1.50,1.00
2016.08.15 23:01:49.027,1.66533,1.66575,1.00,1.00
2016.08.15 23:02:04.606,1.66539,1.66581,1.00,1.00
2016.08.15 23:02:04.935,1.66539,1.66577,1.00,1.00
2016.08.15 23:02:05.288,1.66534,1.66576,1.00,1.00
2016.08.15 23:02:06.022,1.66535,1.66576,1.00,1.00
2016.08.15 23:02:06.266,1.66538,1.66579,1.00,1.00
2016.08.15 23:02:06.317,1.66538,1.66579,1.50,1.00
2016.08.15 23:02:06.419,1.66539,1.66579,1.00,1.00
2016.08.15 23:02:06.526,1.66539,1.6658,1.50,1.00
2016.08.15 23:02:06.728,1.66539,1.6658,1.00,1.00
2016.08.15 23:02:07.289,1.66538,1.6658,1.00,1.00
2016.08.15 23:02:11.033,1.66539,1.66582,1.00,1.00
2016.08.15 23:02:11.353,1.66538,1.66581,1.50,1.00
2016.08.15 23:02:12.476,1.66537,1.6658,1.00,1.00
2016.08.15 23:02:12.978,1.66538,1.66579,1.00,1.00
2016.08.15 23:02:13.076,1.66535,1.66579,1.00,1.00
2016.08.15 23:02:13.278,1.66534,1.66575,1.00,1.00
2016.08.15 23:02:13.379,1.66531,1.66575,1.00,1.00
2016.08.15 23:02:13.480,1.6653,1.66573,1.00,1.00
2016.08.15 23:02:13.632,1.66535,1.66579,1.00,1.00
2016.08.15 23:02:14.141,1.66535,1.66576,1.00,1.00
2016.08.15 23:02:14.250,1.66536,1.66578,1.00,1.00
2016.08.15 23:02:20.283,1.66538,1.66581,1.50,1.00
2016.08.15 23:02:20.535,1.66543,1.66584,1.00,1.00
2016.08.15 23:02:20.589,1.66547,1.6659,1.00,1.00
2016.08.15 23:02:20.640,1.66544,1.66588,1.00,1.00
2016.08.15 23:02:21.151,1.66545,1.66587,1.00,1.00
2016.08.15 23:02:21.477,1.66544,1.66585,1.00,1.00
2016.08.15 23:02:26.991,1.66544,1.66588,1.00,1.00
2016.08.15 23:02:56.817,1.66543,1.66586,1.50,1.00
2016.08.15 23:02:56.919,1.66543,1.66586,1.00,1.00
2016.08.15 23:02:56.969,1.66539,1.66582,1.00,1.00
2016.08.15 23:02:57.273,1.66536,1.66578,1.00,1.00
2016.08.15 23:02:57.374,1.66534,1.66577,1.50,1.00
2016.08.15 23:02:57.618,1.66538,1.66579,1.00,1.00
2016.08.15 23:02:58.294,1.66536,1.66578,1.00,1.00
2016.08.15 23:02:58.995,1.66538,1.66579,1.00,1.00
2016.08.15 23:02:59.573,1.66535,1.66579,1.00,1.00
2016.08.15 23:02:59.775,1.66531,1.66572,1.00,1.00
2016.08.15 23:03:06.137,1.66533,1.66572,1.00,1.00
2016.08.15 23:03:06.188,1.66535,1.66579,1.00,1.00
2016.08.15 23:03:06.238,1.66539,1.66579,1.00,1.00
2016.08.15 23:03:06.329,1.66539,1.66581,1.00,1.00
2016.08.15 23:03:06.437,1.6654,1.66584,1.00,1.00
2016.08.15 23:03:06.488,1.66539,1.66582,1.50,1.00
2016.08.15 23:03:06.582,1.66543,1.66584,1.00,1.00
2016.08.15 23:03:06.831,1.66539,1.66582,1.50,1.00
2016.08.15 23:03:07.090,1.66539,1.66581,1.00,1.00
2016.08.15 23:03:07.626,1.66544,1.66581,1.00,1.00
2016.08.15 23:03:08.227,1.66538,1.66581,1.50,1.00
2016.08.15 23:03:08.531,1.66539,1.66582,1.00,1.00
2016.08.15 23:03:12.982,1.66538,1.66581,1.50,1.00
2016.08.15 23:03:21.139,1.66539,1.66581,1.00,1.00
2016.08.15 23:03:48.962,1.66538,1.66581,1.50,1.00
2016.08.15 23:03:53.103,1.66538,1.66581,1.00,1.00
2016.08.15 23:03:54.175,1.66538,1.66581,1.50,1.00
2016.08.15 23:03:55.476,1.66538,1.66581,1.00,1.00
2016.08.15 23:03:56.310,1.66539,1.66581,1.00,1.00
2016.08.15 23:04:00.112,1.66538,1.66581,1.00,1.00
2016.08.15 23:04:00.366,1.66533,1.66576,1.50,1.00
2016.08.15 23:04:00.622,1.66534,1.66577,1.00,1.00
2016.08.15 23:04:01.564,1.66535,1.66579,1.00,1.00
2016.08.15 23:04:01.923,1.66538,1.66579,1.00,1.00
2016.08.15 23:04:03.364,1.66536,1.66578,1.00,1.00
2016.08.15 23:04:03.465,1.66535,1.66576,1.00,1.00
2016.08.15 23:04:03.667,1.66532,1.66574,1.00,1.00
2016.08.15 23:04:08.478,1.66534,1.66575,1.00,1.00
2016.08.15 23:04:08.789,1.6654,1.66584,1.00,1.00
2016.08.15 23:04:08.941,1.66542,1.66585,1.00,1.00
2016.08.15 23:04:09.093,1.66543,1.66586,1.50,1.00
2016.08.15 23:04:09.272,1.66544,1.66588,1.00,1.00
2016.08.15 23:04:09.844,1.66544,1.66588,1.50,1.00
2016.08.15 23:04:10.082,1.66544,1.66588,1.00,1.00
2016.08.15 23:04:10.830,1.66544,1.66588,1.50,1.00
2016.08.15 23:04:12.384,1.66544,1.66588,1.00,1.00
2016.08.15 23:04:12.733,1.66543,1.66586,1.00,1.00
2016.08.15 23:04:51.118,1.66543,1.66586,1.50,1.00
2016.08.15 23:05:00.225,1.66543,1.66586,1.00,1.00
2016.08.15 23:05:00.350,1.66543,1.66586,1.50,1.00
2016.08.15 23:05:00.501,1.66547,1.6659,1.00,1.00
2016.08.15 23:05:00.773,1.66548,1.66592,1.00,1.00
2016.08.15 23:05:00.875,1.66547,1.6659,1.00,1.00
2016.08.15 23:05:05.898,1.66543,1.66584,1.00,1.00
2016.08.15 23:05:06.083,1.66541,1.66583,1.00,1.00
2016.08.15 23:05:12.159,1.66544,1.66585,1.00,1.00
2016.08.15 23:05:13.836,1.66545,1.66587,1.00,1.00
2016.08.15 23:05:29.950,1.66544,1.66585,1.50,1.00
2016.08.15 23:05:30.157,1.66544,1.66585,1.00,1.00
2016.08.15 23:05:30.357,1.66544,1.66585,1.50,1.00
2016.08.15 23:05:33.311,1.66544,1.66588,1.50,1.00
2016.08.15 23:05:33.463,1.66544,1.66588,1.00,1.00
2016.08.15 23:05:34.014,1.66543,1.66586,1.00,1.00
2016.08.15 23:05:34.541,1.66544,1.66586,1.00,1.00
2016.08.15 23:05:34.868,1.66544,1.66588,1.50,1.00
2016.08.15 23:05:35.443,1.66544,1.66586,1.00,1.00
2016.08.15 23:05:37.410,1.66543,1.66586,1.00,1.00
2016.08.15 23:05:37.460,1.66539,1.66582,1.50,1.00
2016.08.15 23:05:37.562,1.66541,1.66583,1.00,1.00
2016.08.15 23:05:38.208,1.66539,1.6658,1.00,1.00
2016.08.15 23:05:38.318,1.66541,1.66583,1.00,1.00
2016.08.15 23:05:41.331,1.6654,1.66581,1.00,1.00
2016.08.15 23:05:42.417,1.6654,1.66584,1.00,1.00
2016.08.15 23:05:50.025,1.66543,1.66584,1.00,1.00
2016.08.15 23:05:50.325,1.6654,1.66584,1.00,1.00
2016.08.15 23:05:54.851,1.66539,1.66582,1.00,1.00
2016.08.15 23:05:55.268,1.66536,1.66578,1.00,1.00
2016.08.15 23:05:56.175,1.66535,1.66576,1.00,1.00
2016.08.15 23:05:56.579,1.66535,1.66579,1.00,1.00
2016.08.15 23:05:56.911,1.66538,1.66579,1.00,1.00
2016.08.15 23:05:59.086,1.66535,1.66579,1.00,1.00
2016.08.15 23:06:09.182,1.66537,1.6658,1.00,1.00
2016.08.15 23:06:18.883,1.66539,1.6658,1.00,1.00
2016.08.15 23:06:24.954,1.6654,1.66581,1.00,1.00
2016.08.15 23:06:25.655,1.66539,1.6658,1.00,1.00
2016.08.15 23:06:41.569,1.66544,1.66586,1.00,1.00
2016.08.15 23:06:41.671,1.66547,1.6659,1.00,1.00
2016.08.15 23:06:41.904,1.66551,1.66594,1.00,1.00
2016.08.15 23:06:42.106,1.66553,1.66597,1.00,1.00
2016.08.15 23:06:47.974,1.66554,1.66598,1.00,1.00
2016.08.15 23:06:48.453,1.66552,1.66597,1.00,1.00
2016.08.15 23:06:49.044,1.66552,1.66598,1.00,1.00
2016.08.15 23:06:49.908,1.66551,1.66597,1.00,1.00
2016.08.15 23:06:50.486,1.66553,1.66598,1.00,1.00
2016.08.15 23:06:51.978,1.66552,1.666,1.00,1.00
2016.08.15 23:06:54.016,1.6655,1.66598,1.00,1.00
2016.08.15 23:07:05.922,1.66552,1.666,1.00,1.00
2016.08.15 23:07:07.263,1.6655,1.66598,1.00,1.00
2016.08.15 23:07:16.900,1.66549,1.66597,1.00,1.00
2016.08.15 23:07:32.475,1.66549,1.66597,1.50,1.00
2016.08.15 23:07:32.677,1.66549,1.66595,1.00,1.00
2016.08.15 23:07:32.728,1.66547,1.66594,1.00,1.00
2016.08.15 23:07:32.779,1.66547,1.66592,1.00,1.00
2016.08.15 23:07:32.830,1.66538,1.66584,1.12,1.00
2016.08.15 23:07:32.880,1.66536,1.66584,1.12,1.00
2016.08.15 23:07:32.931,1.66535,1.66582,1.00,1.00
2016.08.15 23:07:33.033,1.66534,1.6658,1.00,1.00
2016.08.15 23:07:33.414,1.66534,1.66578,1.00,1.00
2016.08.15 23:07:33.625,1.66534,1.6658,1.50,1.00
2016.08.15 23:07:33.676,1.66534,1.6658,1.00,1.00
2016.08.15 23:07:33.979,1.66541,1.66585,1.00,1.00
2016.08.15 23:07:34.030,1.66538,1.66582,1.50,1.00
2016.08.15 23:07:34.132,1.66539,1.66586,1.00,1.00
2016.08.15 23:07:34.619,1.66543,1.66588,1.00,1.00
2016.08.15 23:07:35.916,1.66543,1.66587,1.50,1.00
2016.08.15 23:07:37.251,1.66545,1.66587,1.00,1.00
2016.08.15 23:07:38.925,1.66546,1.66589,1.00,1.00
2016.08.15 23:07:39.418,1.66548,1.66589,1.00,1.00
2016.08.15 23:07:42.157,1.66549,1.66591,1.00,1.00
2016.08.15 23:07:42.833,1.66552,1.66593,1.00,1.00
2016.08.15 23:07:43.427,1.66551,1.66592,1.00,1.00
2016.08.15 23:07:44.270,1.66548,1.66592,1.50,1.00
2016.08.15 23:07:46.403,1.66549,1.66592,1.00,1.00
2016.08.15 23:07:46.743,1.66551,1.66592,1.00,1.00
2016.08.15 23:07:46.996,1.66549,1.66592,1.00,1.00
2016.08.15 23:07:47.726,1.6655,1.66593,1.00,1.00
2016.08.15 23:07:48.237,1.66549,1.66592,1.00,1.00
2016.08.15 23:07:50.754,1.6655,1.66593,1.00,1.00
2016.08.15 23:07:51.017,1.66548,1.66592,1.00,1.00
2016.08.15 23:07:51.068,1.66547,1.6659,1.00,1.00
2016.08.15 23:07:57.459,1.66546,1.66589,1.00,1.00
2016.08.15 23:07:59.035,1.66547,1.6659,1.00,1.00
2016.08.15 23:07:59.338,1.66547,1.66588,1.00,1.00
2016.08.15 23:08:00.940,1.6655,1.66593,1.00,1.00
2016.08.15 23:08:01.143,1.66548,1.66592,1.50,1.00
2016.08.15 23:08:05.144,1.66548,1.66592,1.00,1.00
2016.08.15 23:08:10.849,1.66546,1.66589,1.00,1.00
2016.08.15 23:08:23.185,1.66548,1.66592,1.00,1.00
2016.08.15 23:08:23.236,1.66548,1.66592,1.50,1.00
2016.08.15 23:08:23.286,1.66548,1.6659,1.00,1.00
2016.08.15 23:08:23.388,1.66544,1.66588,1.00,1.00
2016.08.15 23:08:23.965,1.66546,1.66589,1.00,1.00
2016.08.15 23:08:31.807,1.66543,1.66584,1.00,1.00
2016.08.15 23:08:31.908,1.66543,1.66586,1.00,1.00
2016.08.15 23:08:36.023,1.66543,1.66586,1.50,1.00
2016.08.15 23:08:36.193,1.66549,1.66591,1.00,1.00
2016.08.15 23:08:37.195,1.66556,1.66599,1.00,1.00
2016.08.15 23:08:37.807,1.66557,1.66601,1.00,1.00
2016.08.15 23:08:37.908,1.66556,1.66599,1.00,1.00
2016.08.15 23:08:38.678,1.6656,1.66602,1.00,1.00
2016.08.15 23:08:38.807,1.66561,1.66604,1.00,1.00
2016.08.15 23:08:38.908,1.66564,1.66608,1.00,1.00
2016.08.15 23:08:39.010,1.66558,1.66602,1.00,1.00
2016.08.15 23:08:39.331,1.66558,1.66599,1.00,1.00
2016.08.15 23:08:39.428,1.66556,1.66599,1.00,1.00
2016.08.15 23:08:40.002,1.66559,1.66602,1.00,1.00
2016.08.15 23:08:40.422,1.66561,1.66604,1.00,1.00
2016.08.15 23:08:40.725,1.66551,1.66592,1.00,1.00
2016.08.15 23:08:40.776,1.66547,1.6659,1.00,1.00
2016.08.15 23:08:41.382,1.66546,1.66589,1.00,1.00
2016.08.15 23:08:42.193,1.66548,1.66592,1.00,1.00
2016.08.15 23:08:42.244,1.66553,1.66592,1.00,1.00
2016.08.15 23:08:42.295,1.66555,1.66598,1.00,1.00
2016.08.15 23:08:42.396,1.66558,1.666,1.00,1.00
2016.08.15 23:08:45.336,1.66559,1.666,1.00,1.00
2016.08.15 23:08:52.669,1.66559,1.66599,1.00,1.00
2016.08.15 23:09:00.948,1.66556,1.66599,1.00,1.00
2016.08.15 23:09:01.949,1.66558,1.66599,1.00,1.00
2016.08.15 23:09:05.133,1.66556,1.66599,1.00,1.00
2016.08.15 23:09:13.041,1.66555,1.66598,1.00,1.00
2016.08.15 23:09:13.092,1.66558,1.66598,1.00,1.00
2016.08.15 23:09:13.345,1.66558,1.66601,1.00,1.00
2016.08.15 23:09:14.058,1.66557,1.66601,1.00,1.00
2016.08.15 23:09:14.109,1.66556,1.66599,1.00,1.00
2016.08.15 23:09:16.333,1.66557,1.66601,1.00,1.00
2016.08.15 23:09:16.604,1.66556,1.66599,1.00,1.00
2016.08.15 23:09:20.284,1.66558,1.66599,1.00,1.00
2016.08.15 23:09:20.436,1.66559,1.66602,1.00,1.00
2016.08.15 23:09:24.567,1.66559,1.66602,1.50,1.00
2016.08.15 23:09:24.967,1.66559,1.66602,1.00,1.00
2016.08.15 23:09:28.847,1.66562,1.66603,1.00,1.00
2016.08.15 23:09:29.360,1.66559,1.66602,1.00,1.00
2016.08.15 23:09:34.554,1.66561,1.66602,1.00,1.00
2016.08.15 23:09:34.830,1.66562,1.66606,1.00,1.00
2016.08.15 23:09:37.457,1.66561,1.66602,1.00,1.00
2016.08.15 23:09:38.447,1.66559,1.66602,1.00,1.00
2016.08.15 23:09:45.470,1.6656,1.66603,1.00,1.00
2016.08.15 23:09:45.572,1.66562,1.66603,1.00,1.00
2016.08.15 23:09:49.050,1.66559,1.66602,1.00,1.00
2016.08.15 23:09:54.432,1.66559,1.66602,1.50,1.00
2016.08.15 23:09:54.783,1.6656,1.66603,1.00,1.00
2016.08.15 23:10:07.195,1.66561,1.66604,1.00,1.00
2016.08.15 23:10:07.297,1.66562,1.66606,1.00,1.00
2016.08.15 23:10:07.347,1.66564,1.66607,1.00,1.00
2016.08.15 23:10:09.079,1.66568,1.66611,1.00,1.00
2016.08.15 23:10:09.615,1.66569,1.66612,1.00,1.00
2016.08.15 23:10:12.259,1.66568,1.66611,1.00,1.00
2016.08.15 23:10:13.252,1.66566,1.6661,1.00,1.00
2016.08.15 23:10:13.673,1.66568,1.66611,1.00,1.00
2016.08.15 23:10:13.953,1.66566,1.6661,1.00,1.00
2016.08.15 23:10:14.259,1.66568,1.66611,1.00,1.00
2016.08.15 23:10:14.656,1.66566,1.6661,1.00,1.00
2016.08.15 23:10:15.398,1.66568,1.66611,1.00,1.00
2016.08.15 23:10:15.705,1.66567,1.66609,1.00,1.00
2016.08.15 23:10:15.961,1.66568,1.66611,1.00,1.00
2016.08.15 23:10:16.388,1.66566,1.6661,1.00,1.00
2016.08.15 23:10:17.375,1.66568,1.66611,1.00,1.00
2016.08.15 23:10:17.456,1.66566,1.6661,1.00,1.00
2016.08.15 23:10:19.768,1.66568,1.66611,1.00,1.00
2016.08.15 23:10:20.399,1.66566,1.6661,1.00,1.00
2016.08.15 23:10:20.866,1.66568,1.66611,1.00,1.00
2016.08.15 23:10:21.169,1.66567,1.66609,1.00,1.00
2016.08.15 23:10:25.077,1.66568,1.66611,1.00,1.00
2016.08.15 23:10:29.988,1.66564,1.66607,1.50,1.00
2016.08.15 23:10:30.039,1.66564,1.66607,1.00,1.00
2016.08.15 23:10:30.307,1.66563,1.66605,1.00,1.00
2016.08.15 23:10:30.487,1.66564,1.66607,1.00,1.00
2016.08.15 23:10:45.466,1.66564,1.66607,1.50,1.00
2016.08.15 23:10:45.517,1.66564,1.66606,1.00,1.00
2016.08.15 23:10:48.537,1.66562,1.66606,1.00,1.00
2016.08.15 23:10:53.392,1.66558,1.66601,1.00,1.00
2016.08.15 23:10:53.894,1.66559,1.66601,1.00,1.00
2016.08.15 23:11:01.361,1.66558,1.66601,1.00,1.00
2016.08.15 23:11:09.006,1.6656,1.66601,1.00,1.00
2016.08.15 23:11:09.108,1.66564,1.66607,1.00,1.00
2016.08.15 23:11:09.757,1.66565,1.66608,1.00,1.00
2016.08.15 23:11:14.961,1.66568,1.66608,1.00,1.00
2016.08.15 23:11:15.369,1.66565,1.66608,1.00,1.00
2016.08.15 23:11:17.542,1.66564,1.66607,1.00,1.00
2016.08.15 23:11:25.557,1.66565,1.66608,1.00,1.00
2016.08.15 23:11:29.413,1.66561,1.66604,1.00,1.00
2016.08.15 23:11:35.223,1.66564,1.66606,1.00,1.00
2016.08.15 23:11:35.427,1.66564,1.66607,1.50,1.00
2016.08.15 23:11:35.629,1.66564,1.66606,1.00,1.00
2016.08.15 23:11:36.029,1.66561,1.66604,1.00,1.00
2016.08.15 23:11:36.279,1.66562,1.66606,1.00,1.00
2016.08.15 23:11:36.428,1.66561,1.66604,1.00,1.00
2016.08.15 23:11:36.995,1.66562,1.66606,1.00,1.00
2016.08.15 23:11:37.516,1.66563,1.66606,1.00,1.00
2016.08.15 23:11:38.384,1.66562,1.66606,1.00,1.00
2016.08.15 23:11:41.515,1.66568,1.66611,1.00,1.00
2016.08.15 23:11:42.157,1.66566,1.6661,1.00,1.00
2016.08.15 23:11:45.273,1.66568,1.66611,1.00,1.00
2016.08.15 23:11:46.088,1.66569,1.66612,1.00,1.00
2016.08.15 23:11:46.338,1.66566,1.6661,1.00,1.00
2016.08.15 23:11:46.439,1.66568,1.66611,1.00,1.00
2016.08.15 23:11:47.063,1.66569,1.66612,1.00,1.00
2016.08.15 23:11:51.888,1.66574,1.66615,1.00,1.00
2016.08.15 23:11:52.422,1.66573,1.66616,1.00,1.00
2016.08.15 23:11:53.359,1.66575,1.66616,1.00,1.00
2016.08.15 23:11:58.448,1.66574,1.66615,1.00,1.00
2016.08.15 23:12:00.152,1.66575,1.66616,1.00,1.00
2016.08.15 23:12:01.751,1.66575,1.66619,1.00,1.00
2016.08.15 23:12:01.852,1.66574,1.66617,1.00,1.00
2016.08.15 23:12:01.958,1.66575,1.66619,1.00,1.00
2016.08.15 23:12:03.288,1.66574,1.66617,1.00,1.00
2016.08.15 23:12:04.965,1.66573,1.66616,1.00,1.00
2016.08.15 23:12:05.455,1.66571,1.66615,1.00,1.00
2016.08.15 23:12:29.430,1.66571,1.66612,1.00,1.00
2016.08.15 23:12:33.691,1.66569,1.66612,1.00,1.00
2016.08.15 23:12:36.240,1.6657,1.66613,1.00,1.00
2016.08.15 23:12:36.290,1.66571,1.66615,1.00,1.00
2016.08.15 23:12:36.392,1.66571,1.66612,1.00,1.00
2016.08.15 23:12:36.493,1.66569,1.66612,1.00,1.00
2016.08.15 23:12:39.295,1.66572,1.66614,1.00,1.00
2016.08.15 23:12:39.396,1.66573,1.66616,1.00,1.00
2016.08.15 23:12:39.808,1.66571,1.66615,1.00,1.00
2016.08.15 23:12:41.312,1.6657,1.66613,1.00,1.00
2016.08.15 23:12:45.142,1.66572,1.66614,1.00,1.00
2016.08.15 23:12:46.424,1.66574,1.66615,1.00,1.00
2016.08.15 23:12:48.127,1.66571,1.66615,1.00,1.00
2016.08.15 23:12:49.297,1.66573,1.66616,1.00,1.00
2016.08.15 23:13:00.722,1.66571,1.66615,1.00,1.00
2016.08.15 23:13:01.076,1.66573,1.66616,1.00,1.00
2016.08.15 23:13:01.432,1.66575,1.66616,1.00,1.00
2016.08.15 23:13:05.212,1.66573,1.66616,1.00,1.00
2016.08.15 23:13:08.785,1.66573,1.66616,1.50,1.00
2016.08.15 23:13:08.937,1.66578,1.66621,1.00,1.00
2016.08.15 23:13:09.038,1.66578,1.66619,1.00,1.00
2016.08.15 23:13:13.140,1.66577,1.6662,1.00,1.00
2016.08.15 23:13:13.665,1.66578,1.6662,1.00,1.00
2016.08.15 23:13:14.718,1.66577,1.6662,1.00,1.00
2016.08.15 23:13:15.066,1.66573,1.66616,1.50,1.00
2016.08.15 23:13:15.478,1.66573,1.66616,1.00,1.00
2016.08.15 23:13:15.580,1.66573,1.66616,1.50,1.00
2016.08.15 23:13:15.772,1.66573,1.66614,1.00,1.00
2016.08.15 23:13:16.436,1.66572,1.66614,1.00,1.00
2016.08.15 23:13:16.773,1.66574,1.66615,1.00,1.00
2016.08.15 23:13:17.060,1.66571,1.66615,1.00,1.00
2016.08.15 23:13:19.084,1.66573,1.66615,1.00,1.00
2016.08.15 23:13:21.332,1.66573,1.66616,1.50,1.00
2016.08.15 23:13:21.534,1.66573,1.66614,1.00,1.00
2016.08.15 23:13:22.229,1.66574,1.66615,1.00,1.00
2016.08.15 23:13:22.930,1.66573,1.66627,1.00,1.00
2016.08.15 23:13:24.287,1.66569,1.66621,1.00,1.00
2016.08.15 23:13:24.588,1.66573,1.66616,1.00,1.00
2016.08.15 23:13:25.054,1.66573,1.66616,1.50,1.00
2016.08.15 23:13:25.240,1.66574,1.66617,1.00,1.00
2016.08.15 23:13:31.208,1.66574,1.66615,1.00,1.00
2016.08.15 23:13:31.273,1.66568,1.66611,1.50,1.00
2016.08.15 23:13:31.327,1.66568,1.66611,1.00,1.00
2016.08.15 23:13:31.654,1.66565,1.66606,1.00,1.00
2016.08.15 23:13:32.259,1.66563,1.66606,1.00,1.00
2016.08.15 23:13:33.174,1.66562,1.66606,1.00,1.00
2016.08.15 23:13:33.808,1.66563,1.66606,1.00,1.00
2016.08.15 23:13:36.364,1.66564,1.66607,1.00,1.00
2016.08.15 23:13:37.056,1.66566,1.66607,1.00,1.00
2016.08.15 23:13:37.365,1.66569,1.6661,1.00,1.00
2016.08.15 23:13:37.668,1.66573,1.66612,1.00,1.00
2016.08.15 23:13:38.179,1.66574,1.66617,1.00,1.00
2016.08.15 23:13:39.047,1.66574,1.66615,1.00,1.00
2016.08.15 23:13:39.904,1.66573,1.66616,1.50,1.00
2016.08.15 23:13:39.955,1.66574,1.66616,1.00,1.00
2016.08.15 23:13:40.171,1.66574,1.66615,1.50,1.00
2016.08.15 23:13:40.982,1.66574,1.66615,1.00,1.00
2016.08.15 23:13:43.259,1.66571,1.66612,1.00,1.00
2016.08.15 23:13:43.313,1.66558,1.66601,1.00,1.00
2016.08.15 23:13:43.477,1.66555,1.66598,1.00,1.00
2016.08.15 23:13:44.770,1.66556,1.66599,1.00,1.00
2016.08.15 23:13:44.980,1.66557,1.66601,1.00,1.00
2016.08.15 23:13:45.283,1.66556,1.66599,1.00,1.00
2016.08.15 23:13:46.315,1.66558,1.666,1.00,1.00
2016.08.15 23:13:46.683,1.66556,1.66597,1.00,1.00
2016.08.15 23:13:48.370,1.66552,1.66593,1.00,1.00
2016.08.15 23:13:48.471,1.6655,1.66592,1.00,1.00
2016.08.15 23:13:48.843,1.66552,1.66593,1.00,1.00
2016.08.15 23:13:49.158,1.66553,1.66597,1.00,1.00
2016.08.15 23:13:49.982,1.66553,1.66594,1.00,1.00
2016.08.15 23:13:50.392,1.66553,1.66597,1.00,1.00
2016.08.15 23:13:51.042,1.66552,1.66595,1.00,1.00
2016.08.15 23:13:51.674,1.66551,1.66594,1.00,1.00
2016.08.15 23:13:52.425,1.66552,1.66595,1.00,1.00
2016.08.15 23:13:53.276,1.66551,1.66594,1.00,1.00
2016.08.15 23:13:53.649,1.66553,1.66595,1.00,1.00
2016.08.15 23:13:54.694,1.66554,1.66596,1.00,1.00
2016.08.15 23:14:01.071,1.66556,1.66597,1.00,1.00
2016.08.15 23:14:01.423,1.66558,1.66597,1.00,1.00
2016.08.15 23:14:03.121,1.66558,1.66599,1.00,1.00
2016.08.15 23:14:03.624,1.66558,1.66598,1.00,1.00
2016.08.15 23:14:11.982,1.66558,1.66599,1.00,1.00
2016.08.15 23:14:12.580,1.66555,1.66598,1.00,1.00
2016.08.15 23:14:12.681,1.66558,1.66598,1.00,1.00
2016.08.15 23:14:13.185,1.66556,1.66599,1.00,1.00
2016.08.15 23:14:14.151,1.66555,1.66598,1.00,1.00
2016.08.15 23:14:14.585,1.66557,1.66598,1.00,1.00
2016.08.15 23:14:15.411,1.66556,1.66597,1.00,1.00
2016.08.15 23:14:15.586,1.66556,1.66599,1.00,1.00
2016.08.15 23:14:15.932,1.66556,1.66597,1.00,1.00
2016.08.15 23:14:16.899,1.66556,1.66599,1.00,1.00
2016.08.15 23:14:17.303,1.66553,1.66597,1.00,1.00
2016.08.15 23:14:17.354,1.66553,1.66597,1.50,1.00
2016.08.15 23:14:17.650,1.66555,1.66598,1.00,1.00
2016.08.15 23:14:20.291,1.66568,1.66607,1.00,1.00
2016.08.15 23:14:20.392,1.66574,1.66614,1.00,1.20
2016.08.15 23:14:20.691,1.66575,1.66619,1.00,1.00
2016.08.15 23:14:20.993,1.66573,1.66616,1.00,1.00
2016.08.15 23:14:21.044,1.66573,1.66616,1.00,1.00
2016.08.15 23:14:21.095,1.66565,1.66608,1.00,1.00
2016.08.15 23:14:21.297,1.66564,1.66607,1.00,1.50
2016.08.15 23:14:21.398,1.66562,1.66606,1.00,1.00
2016.08.15 23:14:22.087,1.66559,1.66602,1.00,1.00
2016.08.15 23:14:22.617,1.6656,1.66603,1.00,1.00
2016.08.15 23:14:23.895,1.66559,1.66602,1.00,1.00
2016.08.15 23:14:25.759,1.66563,1.66602,1.00,1.00
2016.08.15 23:14:26.259,1.66559,1.66602,1.00,1.00
2016.08.15 23:14:28.661,1.66563,1.66602,1.00,1.00
2016.08.15 23:14:29.079,1.66559,1.66602,1.50,1.00
2016.08.15 23:14:29.369,1.66561,1.66602,1.00,1.00
2016.08.15 23:14:31.335,1.6656,1.66601,1.00,1.00
2016.08.15 23:14:32.302,1.6656,1.66603,1.00,1.00
2016.08.15 23:14:34.967,1.6656,1.66601,1.00,1.00
2016.08.15 23:14:44.933,1.66559,1.66599,1.00,1.00
2016.08.15 23:14:45.496,1.66558,1.66598,1.00,1.00
2016.08.15 23:14:46.046,1.66559,1.66599,1.00,1.00
2016.08.15 23:14:46.230,1.66558,1.666,1.50,1.00
2016.08.15 23:14:49.744,1.66559,1.666,1.00,1.00
2016.08.15 23:14:52.753,1.66559,1.66602,1.50,1.00
2016.08.15 23:14:56.207,1.66559,1.66602,1.00,1.00
2016.08.15 23:14:56.742,1.66558,1.66599,1.00,1.00
2016.08.15 23:14:57.067,1.66563,1.66606,1.00,1.00
2016.08.15 23:14:57.376,1.66565,1.66606,1.00,1.00
2016.08.15 23:14:59.573,1.66563,1.66605,1.00,1.00
2016.08.15 23:15:00.050,1.66564,1.66607,1.00,1.00
2016.08.15 23:15:00.663,1.66562,1.66606,1.00,1.00
2016.08.15 23:15:00.933,1.66564,1.66607,1.00,1.00
2016.08.15 23:15:05.444,1.6656,1.66603,1.00,1.00
2016.08.15 23:15:05.788,1.66563,1.66605,1.00,1.00
2016.08.15 23:15:06.140,1.66561,1.66604,1.00,1.00
2016.08.15 23:15:06.700,1.6656,1.66603,1.00,1.00
2016.08.15 23:15:08.806,1.66561,1.66604,1.00,1.00
2016.08.15 23:15:10.665,1.6656,1.66603,1.00,1.00
2016.08.15 23:15:12.266,1.66559,1.66602,1.50,1.00
2016.08.15 23:15:16.920,1.66559,1.66602,1.00,1.00
2016.08.15 23:15:21.281,1.6656,1.66603,1.00,1.00
2016.08.15 23:15:21.530,1.6656,1.66601,1.00,1.00
2016.08.15 23:15:21.938,1.66557,1.66601,1.00,1.00
2016.08.15 23:15:21.988,1.6656,1.66601,1.00,1.00
2016.08.15 23:15:22.291,1.66557,1.66598,1.00,1.00
2016.08.15 23:15:22.393,1.66555,1.66598,1.00,1.00
2016.08.15 23:15:25.331,1.66553,1.66597,1.50,1.00
2016.08.15 23:15:25.381,1.66555,1.66598,1.00,1.00
2016.08.15 23:15:27.108,1.66553,1.66597,1.50,1.00
2016.08.15 23:15:27.159,1.66552,1.66595,1.00,1.00
2016.08.15 23:15:28.190,1.66553,1.66597,1.00,1.00
2016.08.15 23:15:30.530,1.66553,1.66597,1.50,1.00
2016.08.15 23:15:31.563,1.66555,1.66598,1.00,1.00
2016.08.15 23:15:32.263,1.66553,1.66597,1.00,1.00
2016.08.15 23:15:34.865,1.66556,1.66597,1.00,1.00
2016.08.15 23:15:35.165,1.66553,1.66597,1.00,1.00
2016.08.15 23:15:41.200,1.66556,1.66597,1.00,1.00
2016.08.15 23:15:41.479,1.66556,1.66599,1.00,1.00
2016.08.15 23:15:53.725,1.66556,1.66597,1.00,1.00
2016.08.15 23:15:58.527,1.66556,1.66599,1.00,1.00
2016.08.15 23:16:00.307,1.66555,1.66598,1.00,1.00
2016.08.15 23:16:00.862,1.66556,1.66599,1.00,1.00
2016.08.15 23:16:01.384,1.66555,1.66598,1.00,1.00
2016.08.15 23:16:01.737,1.66553,1.66597,1.00,1.00
2016.08.15 23:16:01.788,1.66553,1.66597,1.50,1.00
2016.08.15 23:16:03.259,1.66553,1.66597,1.00,1.00
2016.08.15 23:16:03.659,1.66553,1.66597,1.50,1.00
2016.08.15 23:16:03.891,1.66553,1.66597,1.00,1.00
2016.08.15 23:16:03.960,1.66553,1.66597,1.50,1.00
2016.08.15 23:16:04.093,1.66555,1.66598,1.00,1.00
2016.08.15 23:16:05.213,1.66549,1.66593,1.00,1.00
2016.08.15 23:16:05.264,1.66549,1.66593,1.50,1.00
2016.08.15 23:16:05.834,1.66552,1.66595,1.00,1.00
2016.08.15 23:16:05.935,1.66554,1.66596,1.00,1.00
2016.08.15 23:16:06.087,1.66554,1.66596,1.50,1.00
2016.08.15 23:16:06.239,1.66557,1.66598,1.00,1.00
2016.08.15 23:16:07.431,1.66555,1.66598,1.00,1.00
2016.08.15 23:16:08.104,1.66556,1.66599,1.00,1.00
2016.08.15 23:16:08.298,1.66556,1.66597,1.00,1.00
2016.08.15 23:16:08.845,1.66556,1.66599,1.00,1.00
2016.08.15 23:16:10.540,1.66555,1.66598,1.00,1.00
2016.08.15 23:16:11.167,1.66557,1.66598,1.00,1.00
2016.08.15 23:16:12.313,1.66555,1.66598,1.00,1.00
2016.08.15 23:16:12.667,1.66554,1.66595,1.00,1.00
2016.08.15 23:16:13.195,1.66553,1.66594,1.00,1.00
2016.08.15 23:16:13.520,1.66553,1.66594,1.50,1.00
2016.08.15 23:16:17.219,1.66553,1.66594,1.00,1.00
2016.08.15 23:16:17.425,1.66549,1.66591,1.00,1.00
2016.08.15 23:16:17.526,1.66549,1.66593,1.50,1.00
2016.08.15 23:16:17.577,1.66553,1.66593,1.00,1.00
2016.08.15 23:16:17.963,1.66553,1.66591,1.00,1.00
2016.08.15 23:16:28.785,1.66549,1.66591,1.00,1.00
2016.08.15 23:16:28.886,1.66554,1.66591,1.00,1.00
2016.08.15 23:16:28.985,1.66548,1.66591,1.50,1.00
2016.08.15 23:16:34.570,1.66552,1.66593,1.00,1.00
2016.08.15 23:16:34.721,1.66553,1.66594,1.50,1.00
2016.08.15 23:16:34.823,1.66553,1.66594,1.00,1.00
2016.08.15 23:16:35.305,1.66554,1.66596,1.00,1.00
2016.08.15 23:16:37.272,1.66552,1.66595,1.00,1.00
2016.08.15 23:16:42.531,1.66551,1.66594,1.00,1.00
2016.08.15 23:16:53.398,1.66548,1.66589,1.00,1.00
2016.08.15 23:16:53.449,1.66544,1.66588,1.00,1.00
2016.08.15 23:16:53.641,1.66546,1.66589,1.00,1.00
2016.08.15 23:17:03.115,1.66547,1.6659,1.00,1.00
2016.08.15 23:17:03.618,1.66546,1.66589,1.00,1.00
2016.08.15 23:17:04.971,1.66544,1.66588,1.00,1.00
2016.08.15 23:17:07.873,1.66547,1.66588,1.00,1.00
2016.08.15 23:17:08.217,1.66544,1.66588,1.00,1.00
2016.08.15 23:17:08.299,1.66541,1.66583,1.00,1.00
2016.08.15 23:17:08.400,1.66535,1.66579,1.00,1.00
2016.08.15 23:17:24.932,1.66553,1.66594,1.00,1.37
2016.08.15 23:17:24.983,1.66553,1.66594,1.00,1.00
2016.08.15 23:17:25.549,1.66552,1.66595,1.00,1.00
2016.08.15 23:17:26.055,1.66551,1.66594,1.00,1.00
2016.08.15 23:17:27.894,1.6655,1.66592,1.00,1.00
2016.08.15 23:17:27.995,1.66548,1.66591,1.00,1.00
2016.08.15 23:17:28.490,1.6655,1.66592,1.00,1.00
2016.08.15 23:17:30.508,1.6655,1.66592,1.00,1.50
2016.08.15 23:17:34.839,1.66549,1.66592,1.00,1.00
2016.08.15 23:17:40.529,1.66544,1.66585,1.00,1.00
2016.08.15 23:17:40.631,1.66539,1.66582,1.00,1.00
2016.08.15 23:17:40.732,1.6654,1.66584,1.00,1.00
2016.08.15 23:17:41.137,1.66542,1.66585,1.00,1.00
2016.08.15 23:17:41.741,1.66543,1.66586,1.00,1.00
2016.08.15 23:17:48.895,1.66542,1.66585,1.00,1.00
2016.08.15 23:17:49.198,1.66549,1.66592,1.00,1.00
2016.08.15 23:17:49.501,1.66553,1.66597,1.00,1.50
2016.08.15 23:17:52.269,1.66556,1.66597,1.00,1.50
2016.08.15 23:17:52.320,1.66553,1.66597,1.00,1.50
2016.08.15 23:17:55.329,1.66555,1.66597,1.00,1.00
2016.08.15 23:17:57.223,1.66554,1.66596,1.00,1.00
2016.08.15 23:17:57.402,1.66552,1.66595,1.00,1.00
2016.08.15 23:17:57.806,1.66554,1.66596,1.00,1.00
2016.08.15 23:17:58.203,1.66553,1.66594,1.00,1.00
2016.08.15 23:17:58.437,1.66553,1.66597,1.00,1.50
2016.08.15 23:18:00.413,1.66553,1.66597,1.00,1.00
2016.08.15 23:18:01.506,1.66555,1.66598,1.00,1.00
2016.08.15 23:18:03.677,1.66555,1.66597,1.00,1.00
2016.08.15 23:18:04.051,1.66552,1.66595,1.00,1.00
2016.08.15 23:18:04.309,1.66549,1.66593,1.00,1.00
2016.08.15 23:18:05.610,1.66548,1.66591,1.00,1.00
2016.08.15 23:18:14.689,1.66548,1.66591,1.00,1.50
2016.08.15 23:18:14.740,1.66547,1.6659,1.00,1.00
2016.08.15 23:18:14.841,1.6654,1.66584,1.00,1.00
2016.08.15 23:18:15.144,1.66542,1.66585,1.00,1.00
2016.08.15 23:18:15.826,1.66543,1.66586,1.00,1.00
2016.08.15 23:18:17.129,1.66544,1.66588,1.00,1.00
2016.08.15 23:18:17.220,1.66546,1.66589,1.00,1.00
2016.08.15 23:18:17.612,1.66551,1.66592,1.00,1.00
2016.08.15 23:18:17.764,1.66555,1.66598,1.00,1.00
2016.08.15 23:18:21.168,1.66553,1.66597,1.00,1.00
2016.08.15 23:18:21.924,1.66555,1.66598,1.00,1.00
2016.08.15 23:18:22.302,1.66554,1.66596,1.00,1.00
2016.08.15 23:18:22.725,1.66554,1.66598,1.00,1.00
2016.08.15 23:18:24.847,1.66553,1.66597,1.00,1.00
2016.08.15 23:18:25.064,1.66555,1.66597,1.00,1.00
2016.08.15 23:18:25.669,1.66555,1.66598,1.00,1.00
2016.08.15 23:18:26.069,1.66553,1.66595,1.00,1.00
2016.08.15 23:18:26.272,1.66554,1.66596,1.00,1.50
2016.08.15 23:18:26.598,1.66554,1.66596,1.00,1.00
2016.08.15 23:18:26.923,1.66552,1.66593,1.00,1.00
2016.08.15 23:18:28.259,1.6655,1.66592,1.00,1.00
2016.08.15 23:18:29.404,1.66552,1.66593,1.00,1.00
2016.08.15 23:18:29.568,1.66553,1.66597,1.00,1.00
2016.08.15 23:18:29.669,1.66551,1.66594,1.00,1.00
2016.08.15 23:18:29.973,1.66548,1.66591,1.00,1.00
2016.08.15 23:18:30.359,1.66549,1.66593,1.00,1.00
2016.08.15 23:18:34.875,1.66552,1.66593,1.00,1.00
2016.08.15 23:18:37.076,1.6655,1.66592,1.00,1.00
2016.08.15 23:18:38.945,1.66553,1.66594,1.00,1.00
2016.08.15 23:18:39.383,1.66553,1.66597,1.00,1.00
2016.08.15 23:18:42.791,1.66553,1.66594,1.00,1.00
2016.08.15 23:18:47.547,1.66552,1.66593,1.00,1.00
2016.08.15 23:18:48.260,1.66552,1.66595,1.00,1.00
2016.08.15 23:19:05.265,1.66551,1.66594,1.00,1.00
2016.08.15 23:19:10.076,1.66547,1.6659,1.00,1.00
2016.08.15 23:19:10.177,1.6654,1.66584,1.00,1.00
2016.08.15 23:19:10.380,1.66543,1.66584,1.00,1.00
2016.08.15 23:19:14.151,1.66544,1.66584,1.00,1.00
2016.08.15 23:19:14.215,1.66544,1.66586,1.00,1.00
2016.08.15 23:19:14.316,1.66548,1.66591,1.00,1.00
2016.08.15 23:19:14.859,1.66549,1.66593,1.00,1.00
2016.08.15 23:19:15.553,1.66549,1.66593,1.50,1.00
2016.08.15 23:19:15.977,1.6655,1.66592,1.00,1.00
2016.08.15 23:19:16.384,1.66549,1.66593,1.50,1.00
2016.08.15 23:19:16.485,1.66548,1.66591,1.00,1.00
2016.08.15 23:19:16.587,1.66548,1.66589,1.00,1.00
2016.08.15 23:19:16.688,1.66548,1.66591,1.00,1.00
2016.08.15 23:19:22.605,1.66548,1.66589,1.00,1.00
2016.08.15 23:19:26.737,1.66544,1.66588,1.00,1.00
2016.08.15 23:19:26.838,1.66548,1.66589,1.00,1.00
2016.08.15 23:19:26.990,1.66548,1.66591,1.00,1.50
2016.08.15 23:19:27.092,1.66547,1.6659,1.00,1.00
2016.08.15 23:19:27.825,1.66547,1.66588,1.00,1.00
2016.08.15 23:19:28.128,1.66547,1.6659,1.00,1.00
2016.08.15 23:19:28.830,1.66548,1.66591,1.00,1.00
2016.08.15 23:19:29.422,1.66547,1.6659,1.00,1.00
2016.08.15 23:19:29.800,1.66549,1.6659,1.00,1.00
2016.08.15 23:19:30.540,1.66548,1.66591,1.00,1.00
2016.08.15 23:19:31.357,1.66547,1.6659,1.00,1.00
2016.08.15 23:19:32.144,1.66547,1.66588,1.00,1.00
2016.08.15 23:19:32.960,1.66548,1.66589,1.00,1.00
2016.08.15 23:19:41.493,1.66546,1.66589,1.00,1.00
2016.08.15 23:19:44.837,1.66543,1.66586,1.00,1.00
2016.08.15 23:19:45.232,1.66543,1.66584,1.00,1.00
2016.08.15 23:19:45.333,1.66539,1.66582,1.00,1.00
2016.08.15 23:19:49.628,1.6654,1.66584,1.00,1.00
2016.08.15 23:19:51.813,1.66542,1.66585,1.00,1.00
2016.08.15 23:19:56.466,1.66544,1.66588,1.00,1.00
2016.08.15 23:19:56.517,1.66546,1.66589,1.00,1.00
2016.08.15 23:19:57.052,1.66548,1.66589,1.00,1.00
2016.08.15 23:20:00.558,1.66548,1.66591,1.00,1.00
2016.08.15 23:20:00.660,1.66551,1.66594,1.00,1.00
2016.08.15 23:20:00.973,1.66553,1.66594,1.00,1.00
2016.08.15 23:20:01.362,1.66556,1.66597,1.00,1.00
2016.08.15 23:20:01.463,1.66553,1.66597,1.00,1.00
2016.08.15 23:20:01.564,1.66556,1.66597,1.00,1.00
2016.08.15 23:20:02.136,1.66555,1.66598,1.00,1.00
2016.08.15 23:20:14.426,1.66555,1.66596,1.00,1.00
2016.08.15 23:20:15.053,1.66555,1.66598,1.00,1.00
2016.08.15 23:20:17.421,1.66555,1.66597,1.00,1.00
2016.08.15 23:20:17.471,1.66553,1.66597,1.00,1.50
2016.08.15 23:20:17.572,1.66553,1.66594,1.00,1.00
2016.08.15 23:20:17.667,1.6655,1.66592,1.00,1.00
2016.08.15 23:20:22.172,1.66552,1.66595,1.00,1.00
2016.08.15 23:20:22.374,1.66548,1.6659,1.00,1.00
2016.08.15 23:20:22.747,1.66546,1.66589,1.00,1.00
2016.08.15 23:20:26.171,1.66548,1.66589,1.00,1.00
2016.08.15 23:20:26.502,1.66552,1.66593,1.00,1.00
2016.08.15 23:20:41.390,1.66552,1.66595,1.00,1.00
2016.08.15 23:20:41.491,1.6655,1.66592,1.00,1.00
2016.08.15 23:20:41.592,1.66544,1.66588,1.00,1.00
2016.08.15 23:20:45.172,1.66546,1.66589,1.00,1.00
2016.08.15 23:20:50.177,1.66548,1.66591,1.00,1.00
2016.08.15 23:20:50.715,1.66546,1.66589,1.00,1.00
2016.08.15 23:20:53.283,1.66544,1.66588,1.00,1.00
2016.08.15 23:20:53.684,1.66546,1.66589,1.00,1.00
2016.08.15 23:20:59.981,1.66549,1.66589,1.00,1.00
2016.08.15 23:21:01.367,1.66548,1.66589,1.00,1.00
2016.08.15 23:21:01.519,1.66548,1.66591,1.50,1.00
2016.08.15 23:21:01.971,1.66549,1.66591,1.00,1.00
2016.08.15 23:21:07.181,1.66549,1.6659,1.00,1.00
2016.08.15 23:21:17.236,1.66548,1.66589,1.00,1.00
2016.08.15 23:21:17.549,1.66544,1.66585,1.00,1.00
2016.08.15 23:21:17.900,1.66545,1.66587,1.00,1.00
2016.08.15 23:21:18.517,1.66547,1.66588,1.00,1.00
2016.08.15 23:21:19.182,1.66548,1.66588,1.00,1.00
2016.08.15 23:21:20.371,1.66549,1.66588,1.00,1.00
2016.08.15 23:21:20.960,1.66548,1.66588,1.00,1.00
2016.08.15 23:21:21.543,1.66548,1.6659,1.00,1.00
2016.08.15 23:21:22.044,1.66549,1.6659,1.00,1.00
2016.08.15 23:21:23.863,1.66548,1.6659,1.00,1.00
2016.08.15 23:21:24.666,1.66549,1.66591,1.00,1.00
2016.08.15 23:21:26.637,1.66549,1.6659,1.00,1.00
2016.08.15 23:21:28.901,1.66549,1.66588,1.00,1.00
2016.08.15 23:21:29.468,1.66548,1.66589,1.50,1.00
2016.08.15 23:21:30.870,1.66548,1.66589,1.00,1.00
2016.08.15 23:21:31.022,1.6654,1.66584,1.00,1.00
2016.08.15 23:21:31.123,1.6654,1.66581,1.00,1.00
2016.08.15 23:21:31.224,1.66538,1.66581,1.50,1.00
2016.08.15 23:21:31.325,1.66539,1.66582,1.00,1.00
2016.08.15 23:21:31.704,1.66539,1.6658,1.00,1.00
2016.08.15 23:21:41.614,1.66538,1.66579,1.00,1.00
2016.08.15 23:21:41.917,1.66535,1.66579,1.00,1.00
2016.08.15 23:21:42.232,1.66535,1.66576,1.00,1.00
2016.08.15 23:21:43.761,1.66537,1.6658,1.00,1.00
2016.08.15 23:21:44.108,1.66535,1.66579,1.00,1.00
2016.08.15 23:21:46.839,1.66537,1.6658,1.00,1.00
2016.08.15 23:21:47.722,1.66535,1.66579,1.00,1.00
2016.08.15 23:21:48.020,1.66537,1.6658,1.00,1.00
2016.08.15 23:21:49.788,1.66538,1.66581,1.00,1.00
2016.08.15 23:21:53.040,1.66538,1.66581,1.50,1.00
2016.08.15 23:21:54.326,1.6654,1.66581,1.00,1.00
2016.08.15 23:21:54.774,1.66542,1.66585,1.00,1.00
2016.08.15 23:21:55.295,1.66543,1.66586,1.00,1.00
2016.08.15 23:21:55.748,1.66547,1.66588,1.00,1.00
2016.08.15 23:21:55.799,1.66547,1.66587,1.00,1.00
2016.08.15 23:21:55.850,1.66535,1.66576,1.00,1.00
2016.08.15 23:21:56.102,1.66533,1.66576,1.00,1.00
2016.08.15 23:21:56.696,1.66534,1.66575,1.00,1.00
2016.08.15 23:21:57.330,1.66535,1.66576,1.00,1.00
2016.08.15 23:22:01.561,1.66533,1.66576,1.50,1.00
2016.08.15 23:22:01.663,1.66533,1.66572,1.00,1.00
2016.08.15 23:22:01.713,1.66531,1.66572,1.00,1.00
2016.08.15 23:22:02.503,1.66533,1.66572,1.00,1.00
2016.08.15 23:22:03.183,1.66533,1.66575,1.00,1.00
2016.08.15 23:22:03.653,1.66533,1.66572,1.00,1.00
2016.08.15 23:22:04.905,1.66531,1.66572,1.00,1.00
2016.08.15 23:22:05.779,1.6653,1.66571,1.00,1.00
2016.08.15 23:22:06.298,1.66528,1.66571,1.50,1.00
2016.08.15 23:22:07.022,1.66528,1.66571,1.00,1.00
2016.08.15 23:22:08.590,1.66529,1.66572,1.00,1.00
2016.08.15 23:22:09.163,1.66532,1.66574,1.00,1.00
2016.08.15 23:22:09.443,1.66533,1.66576,1.00,1.50
2016.08.15 23:22:09.994,1.66531,1.66575,1.00,1.00
2016.08.15 23:22:10.450,1.66524,1.66565,1.00,1.00
2016.08.15 23:22:10.913,1.66524,1.66563,1.00,1.00
2016.08.15 23:22:11.065,1.66531,1.66575,1.00,1.00
2016.08.15 23:22:11.166,1.66531,1.66575,1.00,1.00
2016.08.15 23:22:11.666,1.66533,1.66576,1.00,1.00
2016.08.15 23:22:18.462,1.6653,1.66573,1.00,1.00
2016.08.15 23:22:18.990,1.66528,1.6657,1.00,1.00
2016.08.15 23:22:19.505,1.6653,1.66573,1.00,1.00
2016.08.15 23:22:21.111,1.66528,1.6657,1.00,1.00
2016.08.15 23:22:21.415,1.66528,1.66566,1.00,1.00
2016.08.15 23:22:21.957,1.66528,1.66568,1.00,1.00
2016.08.15 23:22:22.372,1.66529,1.6657,1.00,1.00
2016.08.15 23:22:22.473,1.6653,1.66573,1.00,1.00
2016.08.15 23:22:22.917,1.66531,1.66575,1.00,1.00
2016.08.15 23:22:23.377,1.66531,1.66575,1.00,1.00
2016.08.15 23:22:23.478,1.6653,1.66573,1.00,1.00
2016.08.15 23:22:23.797,1.66528,1.6657,1.00,1.00
2016.08.15 23:22:24.972,1.66529,1.66569,1.00,1.00
2016.08.15 23:22:28.931,1.66528,1.66569,1.00,1.00
2016.08.15 23:22:29.754,1.66529,1.66569,1.00,1.00
2016.08.15 23:22:30.372,1.66528,1.66569,1.00,1.00
2016.08.15 23:22:36.077,1.66528,1.66568,1.00,1.00
2016.08.15 23:22:36.667,1.66528,1.66568,1.00,1.00
2016.08.15 23:22:36.717,1.66529,1.66572,1.00,1.00
2016.08.15 23:22:36.768,1.66538,1.66572,1.00,1.00
2016.08.15 23:22:36.818,1.66538,1.66576,1.00,1.00
2016.08.15 23:22:36.920,1.6654,1.66584,1.00,1.00
2016.08.15 23:22:36.972,1.66547,1.66588,1.00,1.00
2016.08.15 23:22:37.073,1.6655,1.66592,1.00,1.00
2016.08.15 23:22:37.276,1.66549,1.6659,1.00,1.00
2016.08.15 23:22:37.681,1.66549,1.66593,1.00,1.00
2016.08.15 23:22:37.883,1.66548,1.66591,1.00,1.00
2016.08.15 23:22:39.412,1.66547,1.6659,1.00,1.00
2016.08.15 23:22:39.513,1.66544,1.66588,1.00,1.00
2016.08.15 23:22:39.614,1.66543,1.66586,1.00,1.00
2016.08.15 23:22:39.918,1.66545,1.66587,1.00,1.00
2016.08.15 23:22:40.830,1.66547,1.6659,1.00,1.00
2016.08.15 23:22:41.677,1.66547,1.66588,1.00,1.00
2016.08.15 23:22:42.282,1.66548,1.66589,1.00,1.00
2016.08.15 23:22:42.832,1.66547,1.66588,1.00,1.00
2016.08.15 23:22:43.713,1.66548,1.66589,1.00,1.00
2016.08.15 23:22:45.098,1.66547,1.66588,1.00,1.00
2016.08.15 23:22:46.731,1.66544,1.66588,1.00,1.00
2016.08.15 23:22:46.832,1.66547,1.6659,1.00,1.00
2016.08.15 23:22:47.352,1.66546,1.66589,1.00,1.00
2016.08.15 23:22:54.405,1.66547,1.6659,1.00,1.00
2016.08.15 23:22:59.618,1.66548,1.66589,1.00,1.00
2016.08.15 23:23:00.395,1.66546,1.66589,1.00,1.00
2016.08.15 23:23:00.896,1.66547,1.66588,1.00,1.00
2016.08.15 23:23:01.613,1.66544,1.66588,1.00,1.00
2016.08.15 23:23:02.106,1.66542,1.66585,1.00,1.00
2016.08.15 23:23:05.016,1.66543,1.66586,1.00,1.00
2016.08.15 23:23:05.167,1.66543,1.66586,1.00,1.50
2016.08.15 23:23:05.218,1.6654,1.66581,1.00,1.00
2016.08.15 23:23:05.622,1.6654,1.66584,1.00,1.00
2016.08.15 23:23:08.338,1.66538,1.66579,1.00,1.00
2016.08.15 23:23:10.945,1.6654,1.66584,1.00,1.00
2016.08.15 23:23:11.147,1.66543,1.66584,1.00,1.00
2016.08.15 23:23:11.746,1.66543,1.66586,1.00,1.50
2016.08.15 23:23:15.855,1.66543,1.66584,1.00,1.00
2016.08.15 23:23:16.811,1.66544,1.66585,1.00,1.00
2016.08.15 23:23:17.057,1.66542,1.66585,1.00,1.00
2016.08.15 23:23:19.562,1.6654,1.66581,1.00,1.00
2016.08.15 23:23:19.916,1.6654,1.66584,1.00,1.00
2016.08.15 23:23:22.617,1.66539,1.66582,1.00,1.00
2016.08.15 23:23:25.135,1.6654,1.66584,1.00,1.00
2016.08.15 23:23:28.022,1.66544,1.66584,1.00,1.00
2016.08.15 23:23:39.297,1.66543,1.66584,1.50,1.00
2016.08.15 23:23:42.232,1.66543,1.66584,1.00,1.00
2016.08.15 23:23:42.536,1.66543,1.66581,1.00,1.00
2016.08.15 23:23:42.934,1.66543,1.66583,1.00,1.00
2016.08.15 23:23:45.502,1.66549,1.66583,1.00,1.00
2016.08.15 23:23:45.552,1.66549,1.66585,1.00,1.00
2016.08.15 23:23:45.654,1.66544,1.66588,1.00,1.00
2016.08.15 23:23:45.994,1.66543,1.66583,1.00,1.00
2016.08.15 23:23:47.666,1.66543,1.66582,1.00,1.00
2016.08.15 23:23:50.464,1.66543,1.66584,1.00,1.00
2016.08.15 23:23:52.693,1.66543,1.66585,1.00,1.00
2016.08.15 23:23:53.077,1.66543,1.66583,1.00,1.00
2016.08.15 23:23:53.127,1.66541,1.66583,1.00,1.00
2016.08.15 23:23:53.178,1.66538,1.6658,1.00,1.00
2016.08.15 23:23:53.752,1.66538,1.66581,1.50,1.00
2016.08.15 23:23:54.342,1.66544,1.66583,1.00,1.00
2016.08.15 23:23:55.151,1.66544,1.66582,1.00,1.00
2016.08.15 23:23:56.359,1.66544,1.6658,1.00,1.00
2016.08.15 23:23:56.410,1.66538,1.6658,1.00,1.00
2016.08.15 23:23:56.461,1.66538,1.66581,1.50,1.00
2016.08.15 23:23:56.562,1.6654,1.66581,1.00,1.00
2016.08.15 23:24:01.015,1.66544,1.66581,1.00,1.00
2016.08.15 23:24:01.150,1.66544,1.66583,1.00,1.00
2016.08.15 23:24:05.273,1.66544,1.66581,1.00,1.00
2016.08.15 23:24:05.757,1.6654,1.66581,1.00,1.00
2016.08.15 23:24:05.858,1.66543,1.66581,1.00,1.00
2016.08.15 23:24:06.388,1.66543,1.66584,1.00,1.00
2016.08.15 23:24:12.371,1.66543,1.66581,1.00,1.00
2016.08.15 23:24:12.560,1.66543,1.66584,1.00,1.00
2016.08.15 23:24:15.763,1.66543,1.6658,1.00,1.00
2016.08.15 23:24:16.067,1.66543,1.66578,1.00,1.00
2016.08.15 23:24:17.730,1.66539,1.66578,1.00,1.00
2016.08.15 23:24:24.336,1.66543,1.66578,1.00,1.00
2016.08.15 23:24:24.536,1.66539,1.66578,1.00,1.00
2016.08.15 23:24:29.515,1.66538,1.66578,1.00,1.00
2016.08.15 23:24:30.468,1.66539,1.66578,1.00,1.00
2016.08.15 23:24:36.181,1.66539,1.66577,1.00,1.00
2016.08.15 23:24:36.282,1.66534,1.66575,1.00,1.00
2016.08.15 23:24:36.786,1.66535,1.66576,1.00,1.00
2016.08.15 23:24:44.626,1.66533,1.66575,1.00,1.00
2016.08.15 23:24:49.335,1.66539,1.66578,1.00,1.00
2016.08.15 23:24:53.449,1.66539,1.66577,1.00,1.00
2016.08.15 23:24:53.652,1.66538,1.66579,1.00,1.00
2016.08.15 23:24:53.920,1.66538,1.66576,1.00,1.00
2016.08.15 23:24:54.627,1.66538,1.66575,1.00,1.00
2016.08.15 23:24:57.206,1.66533,1.66575,1.00,1.00
2016.08.15 23:24:57.308,1.66539,1.66575,1.00,1.00
2016.08.15 23:24:57.959,1.66533,1.66575,1.00,1.00
2016.08.15 23:24:59.755,1.66533,1.66572,1.00,1.00
2016.08.15 23:25:00.159,1.66534,1.66575,1.00,1.00
2016.08.15 23:25:03.943,1.66534,1.66572,1.00,1.00
2016.08.15 23:25:15.931,1.66534,1.66575,1.00,1.00
2016.08.15 23:25:18.193,1.66533,1.66575,1.00,1.00
2016.08.15 23:25:18.944,1.66533,1.66576,1.50,1.00
2016.08.15 23:25:19.011,1.66538,1.66576,1.00,1.00
2016.08.15 23:25:21.239,1.66538,1.66577,1.00,1.00
2016.08.15 23:25:36.273,1.66538,1.66575,1.00,1.00
2016.08.15 23:25:36.846,1.66539,1.66576,1.00,1.00
2016.08.15 23:25:40.113,1.66534,1.66576,1.00,1.00
2016.08.15 23:25:50.297,1.66534,1.66573,1.00,1.00
2016.08.15 23:25:50.882,1.66533,1.66573,1.00,1.00
2016.08.15 23:25:50.969,1.66533,1.66575,1.00,1.00
2016.08.15 23:25:51.373,1.66533,1.66572,1.00,1.00
2016.08.15 23:25:54.441,1.66534,1.66572,1.00,1.00
2016.08.15 23:26:11.692,1.66538,1.66572,1.00,1.00
2016.08.15 23:26:13.941,1.66534,1.66572,1.00,1.00
2016.08.15 23:26:14.583,1.66533,1.66572,1.00,1.00
2016.08.15 23:26:15.543,1.66529,1.66572,1.50,1.00
2016.08.15 23:26:18.385,1.66529,1.66571,1.00,1.00
2016.08.15 23:26:18.946,1.66528,1.66571,1.00,1.00
2016.08.15 23:26:32.005,1.66528,1.66568,1.00,1.00
2016.08.15 23:26:32.106,1.66525,1.66566,1.00,1.00
2016.08.15 23:26:32.692,1.66524,1.66565,1.00,1.00
2016.08.15 23:26:33.561,1.66528,1.66565,1.00,1.00
2016.08.15 23:26:34.122,1.66528,1.66568,1.00,1.00
2016.08.15 23:26:49.476,1.66527,1.66568,1.00,1.00
2016.08.15 23:27:09.369,1.66525,1.66568,1.00,1.00
2016.08.15 23:27:27.188,1.66527,1.66568,1.00,1.00
2016.08.15 23:27:39.679,1.66525,1.66568,1.00,1.00
2016.08.15 23:27:39.997,1.66525,1.66568,1.00,1.00
2016.08.15 23:27:41.483,1.66525,1.66568,1.00,1.00
2016.08.15 23:27:43.173,1.66525,1.66568,1.00,1.00
2016.08.15 23:27:44.475,1.66526,1.66569,1.00,1.00
2016.08.15 23:27:45.274,1.66527,1.66571,1.00,1.00
2016.08.15 23:27:45.376,1.66533,1.66576,1.00,1.00
2016.08.15 23:27:45.679,1.6653,1.66573,1.00,1.00
2016.08.15 23:27:46.324,1.66529,1.66572,1.00,1.00
2016.08.15 23:27:46.628,1.66525,1.66568,1.00,1.00
2016.08.15 23:27:55.333,1.66528,1.66568,1.00,1.00
2016.08.15 23:27:55.734,1.66525,1.66568,1.00,1.00
2016.08.15 23:27:56.990,1.6653,1.66571,1.00,1.00
2016.08.15 23:27:58.224,1.66528,1.66571,1.00,1.00
2016.08.15 23:27:58.547,1.66526,1.6657,1.00,1.00
2016.08.15 23:27:58.800,1.66525,1.66568,1.00,1.00
2016.08.15 23:27:59.563,1.66524,1.66567,1.00,1.00
2016.08.15 23:28:02.243,1.6653,1.66573,1.00,1.00
2016.08.15 23:28:03.381,1.66529,1.66571,1.00,1.00
2016.08.15 23:28:03.709,1.66529,1.66566,1.00,1.00
2016.08.15 23:28:03.760,1.66525,1.66566,1.00,1.00
2016.08.15 23:28:04.433,1.66524,1.66566,1.00,1.00
2016.08.15 23:28:04.539,1.66524,1.66566,1.00,1.00
2016.08.15 23:28:15.292,1.66524,1.66564,1.00,1.00
2016.08.15 23:28:17.169,1.66523,1.66564,1.00,1.00
2016.08.15 23:28:17.220,1.66523,1.66566,1.00,1.00
2016.08.15 23:28:25.177,1.66529,1.66566,1.00,1.00
2016.08.15 23:28:25.228,1.66529,1.66571,1.00,1.00
2016.08.15 23:28:25.636,1.66529,1.66569,1.00,1.00
2016.08.15 23:28:27.398,1.66526,1.66569,1.00,1.00
2016.08.15 23:28:27.448,1.66524,1.66567,1.50,1.00
2016.08.15 23:28:27.549,1.66525,1.66566,1.00,1.00
2016.08.15 23:28:28.114,1.66528,1.66568,1.00,1.00
2016.08.15 23:28:30.194,1.66525,1.66568,1.00,1.00
2016.08.15 23:28:35.147,1.66524,1.66567,1.00,1.00
2016.08.15 23:28:35.712,1.66525,1.66568,1.00,1.00
2016.08.15 23:28:36.259,1.66524,1.66567,1.00,1.00
2016.08.15 23:28:36.848,1.66525,1.66568,1.00,1.00
2016.08.15 23:28:37.388,1.66524,1.66567,1.00,1.00
2016.08.15 23:28:44.170,1.66526,1.66567,1.00,1.00
2016.08.15 23:28:44.739,1.66524,1.66567,1.00,1.00
2016.08.15 23:28:45.365,1.66525,1.66566,1.00,1.00
2016.08.15 23:28:45.932,1.66524,1.66567,1.00,1.00
2016.08.15 23:28:50.242,1.66528,1.66567,1.00,1.00
2016.08.15 23:28:50.879,1.66528,1.66568,1.00,1.00
2016.08.15 23:28:57.238,1.66528,1.66569,1.00,1.00
2016.08.15 23:28:57.339,1.66529,1.66572,1.00,1.00
2016.08.15 23:28:58.479,1.66528,1.6657,1.50,1.00
2016.08.15 23:28:58.530,1.66529,1.6657,1.00,1.00
2016.08.15 23:28:58.796,1.66528,1.6657,1.50,1.00
2016.08.15 23:29:03.048,1.66528,1.66569,1.00,1.00
2016.08.15 23:29:03.102,1.66539,1.66569,1.00,1.00
2016.08.15 23:29:03.153,1.66539,1.66579,1.00,1.00
2016.08.15 23:29:03.356,1.6654,1.66584,1.00,1.00
2016.08.15 23:29:10.176,1.66538,1.66581,1.50,1.00
2016.08.15 23:29:10.277,1.66538,1.6658,1.00,1.00
2016.08.15 23:29:11.341,1.66538,1.66581,1.00,1.00
2016.08.15 23:29:11.910,1.66539,1.66582,1.00,1.00
2016.08.15 23:29:17.765,1.66538,1.66581,1.00,1.00
2016.08.15 23:29:18.593,1.66528,1.66571,1.00,1.00
2016.08.15 23:29:20.583,1.66529,1.66572,1.00,1.00
2016.08.15 23:29:21.163,1.66528,1.6657,1.50,1.00
2016.08.15 23:29:21.821,1.66528,1.6657,1.00,1.00
2016.08.15 23:29:26.057,1.66528,1.6657,1.50,1.00
2016.08.15 23:29:26.224,1.66528,1.6657,1.50,1.00
2016.08.15 23:29:26.809,1.66529,1.66572,1.00,1.00
2016.08.15 23:29:27.331,1.66533,1.66572,1.00,1.00
2016.08.15 23:29:30.168,1.66533,1.66571,1.00,1.00
2016.08.15 23:29:41.938,1.66529,1.66571,1.00,1.00
2016.08.15 23:29:42.238,1.66533,1.66571,1.00,1.00
2016.08.15 23:29:42.571,1.66529,1.66572,1.50,1.00
2016.08.15 23:29:42.723,1.66529,1.66571,1.00,1.00
2016.08.15 23:29:43.565,1.66528,1.66571,1.00,1.00
2016.08.15 23:29:44.125,1.66529,1.66571,1.00,1.00
2016.08.15 23:29:45.398,1.66529,1.66572,1.50,1.00
2016.08.15 23:29:46.061,1.66529,1.66572,1.00,1.00
2016.08.15 23:29:46.213,1.66528,1.6657,1.50,1.00
2016.08.15 23:29:46.564,1.66528,1.6657,1.00,1.00
2016.08.15 23:29:47.414,1.66526,1.66569,1.00,1.00
2016.08.15 23:29:47.465,1.66526,1.66567,1.00,1.00
2016.08.15 23:29:47.566,1.66521,1.66562,1.00,1.50
2016.08.15 23:29:47.617,1.66513,1.66554,1.00,1.00
2016.08.15 23:29:47.719,1.66504,1.66548,1.00,1.00
2016.08.15 23:29:47.922,1.66504,1.66545,1.00,1.00
2016.08.15 23:29:47.972,1.66504,1.66545,1.50,1.00
2016.08.15 23:29:48.428,1.66506,1.66548,1.00,1.00
2016.08.15 23:29:52.277,1.66509,1.66548,1.00,1.00
2016.08.15 23:29:56.363,1.66512,1.66555,1.00,1.00
2016.08.15 23:29:56.515,1.66515,1.66558,1.00,1.00
2016.08.15 23:29:56.616,1.66513,1.66557,1.00,1.00
2016.08.15 23:29:57.020,1.66514,1.66555,1.00,1.00
2016.08.15 23:29:59.746,1.66514,1.66553,1.00,1.00
2016.08.15 23:30:00.257,1.66513,1.66553,1.00,1.00
2016.08.15 23:30:00.613,1.66514,1.6655,1.00,1.00
2016.08.15 23:30:00.790,1.66514,1.66553,1.00,1.00
2016.08.15 23:30:01.526,1.66519,1.66553,1.00,1.00
2016.08.15 23:30:01.913,1.66519,1.66554,1.00,1.50
2016.08.15 23:30:02.209,1.66519,1.66553,1.00,1.00
2016.08.15 23:30:03.263,1.66513,1.66553,1.00,1.00
2016.08.15 23:30:03.711,1.66513,1.66551,1.00,1.00
2016.08.15 23:30:05.113,1.66513,1.66553,1.00,1.00
2016.08.15 23:30:09.817,1.66513,1.66549,1.00,1.00
2016.08.15 23:30:09.918,1.66511,1.66549,1.00,1.00
2016.08.15 23:30:10.019,1.66508,1.66546,1.00,1.00
2016.08.15 23:30:10.171,1.66506,1.66546,1.00,1.00
2016.08.15 23:30:10.324,1.66506,1.66549,1.50,1.50
2016.08.15 23:30:11.410,1.66509,1.66548,1.00,1.00
2016.08.15 23:30:13.273,1.66506,1.66548,1.00,1.00
2016.08.15 23:30:16.723,1.66507,1.66548,1.00,1.00
2016.08.15 23:30:17.026,1.66506,1.66548,1.00,1.00
2016.08.15 23:30:31.088,1.66508,1.66548,1.00,1.00
2016.08.15 23:30:31.458,1.66508,1.66549,1.00,1.50
2016.08.15 23:30:35.381,1.66508,1.66548,1.00,1.00
2016.08.15 23:30:35.537,1.66506,1.66548,1.00,1.00
2016.08.15 23:30:40.547,1.66506,1.66546,1.00,1.00
2016.08.15 23:30:43.891,1.66506,1.66545,1.00,1.00
2016.08.15 23:30:49.386,1.66503,1.66545,1.50,1.00
2016.08.15 23:30:49.819,1.66503,1.66541,1.50,1.00
2016.08.15 23:30:50.451,1.665,1.66539,1.00,1.00
2016.08.15 23:30:50.552,1.665,1.66541,1.00,1.50
2016.08.15 23:30:51.524,1.66503,1.66541,1.00,1.00
2016.08.15 23:30:51.575,1.66503,1.66542,1.00,1.00
2016.08.15 23:30:56.410,1.66502,1.66542,1.00,1.00
2016.08.15 23:31:03.117,1.66503,1.66542,1.00,1.00
2016.08.15 23:31:05.320,1.66502,1.66542,1.00,1.00
2016.08.15 23:31:05.522,1.66499,1.66541,1.00,1.00
2016.08.15 23:31:05.573,1.66499,1.66537,1.00,1.00
2016.08.15 23:31:05.725,1.66499,1.6654,1.00,1.00
2016.08.15 23:31:06.028,1.66503,1.66544,1.00,1.00
2016.08.15 23:31:09.068,1.66507,1.66544,1.00,1.00
2016.08.15 23:31:09.462,1.66507,1.66542,1.00,1.00
2016.08.15 23:31:23.185,1.66507,1.66544,1.00,1.00
2016.08.15 23:31:23.444,1.66507,1.66541,1.00,1.00
2016.08.15 23:31:23.852,1.66503,1.66545,1.50,1.00
2016.08.15 23:31:24.350,1.66508,1.66544,1.00,1.00
2016.08.15 23:31:27.174,1.66508,1.66541,1.00,1.00
2016.08.15 23:31:28.439,1.66503,1.66541,1.50,1.00
2016.08.15 23:31:32.372,1.66503,1.66542,1.50,1.00
2016.08.15 23:31:44.996,1.66507,1.66542,1.00,1.00
2016.08.15 23:31:45.407,1.66507,1.66544,1.00,1.00
2016.08.15 23:31:46.386,1.66503,1.66544,1.00,1.00
2016.08.15 23:31:46.757,1.66503,1.66544,1.50,1.00
2016.08.15 23:31:47.358,1.66503,1.66544,1.00,1.00
2016.08.15 23:31:47.459,1.665,1.66536,1.00,1.00
2016.08.15 23:31:47.708,1.66491,1.66526,1.00,1.00
2016.08.15 23:31:47.759,1.66487,1.66526,1.00,1.00
2016.08.15 23:31:49.711,1.66487,1.66527,1.00,1.00
2016.08.15 23:31:49.805,1.66491,1.6653,1.00,1.00
2016.08.15 23:31:49.994,1.66491,1.66532,1.00,1.50
2016.08.15 23:31:51.762,1.66491,1.66532,1.00,1.00
2016.08.15 23:31:51.914,1.66491,1.66532,1.50,1.00
2016.08.15 23:31:55.416,1.66491,1.66534,1.50,1.00
2016.08.15 23:31:55.586,1.66491,1.66532,1.50,1.00
2016.08.15 23:31:56.186,1.66495,1.66532,1.00,1.00
2016.08.15 23:31:57.018,1.66495,1.66535,1.00,1.00
2016.08.15 23:31:57.290,1.66495,1.66533,1.00,1.00
2016.08.15 23:31:59.182,1.66495,1.66535,1.00,1.00
2016.08.15 23:31:59.672,1.66495,1.66532,1.00,1.00
2016.08.15 23:32:00.884,1.66495,1.66533,1.00,1.00
2016.08.15 23:32:01.402,1.66495,1.66532,1.00,1.00
2016.08.15 23:32:12.414,1.66495,1.66531,1.00,1.00
2016.08.15 23:32:12.465,1.6649,1.66531,1.00,1.50
2016.08.15 23:32:12.718,1.6649,1.66527,1.00,1.00
2016.08.15 23:32:14.150,1.6649,1.66529,1.00,1.00
2016.08.15 23:32:18.391,1.6649,1.66531,1.00,1.50
2016.08.15 23:32:22.015,1.6649,1.66529,1.00,1.00
2016.08.15 23:32:25.008,1.66494,1.66529,1.00,1.00
2016.08.15 23:32:25.838,1.66494,1.66528,1.00,1.00
2016.08.15 23:32:26.406,1.66494,1.66529,1.00,1.00
2016.08.15 23:32:27.022,1.66494,1.66528,1.00,1.00
2016.08.15 23:32:27.695,1.6649,1.66528,1.00,1.00
2016.08.15 23:32:30.419,1.66493,1.66528,1.00,1.00
2016.08.15 23:32:31.317,1.66493,1.66529,1.00,1.00
2016.08.15 23:32:41.537,1.6649,1.66527,1.00,1.00
2016.08.15 23:32:43.509,1.66486,1.66527,1.50,1.00
2016.08.15 23:32:43.661,1.66489,1.66527,1.00,1.00
2016.08.15 23:32:43.712,1.66489,1.66527,1.00,1.00
2016.08.15 23:32:44.413,1.66489,1.66527,1.00,1.00
2016.08.15 23:32:45.622,1.66482,1.66525,1.50,1.00
2016.08.15 23:32:45.954,1.66482,1.66515,1.00,1.00
2016.08.15 23:32:46.005,1.66473,1.66515,1.00,1.50
2016.08.15 23:32:46.056,1.66472,1.66515,1.50,1.50
2016.08.15 23:32:46.157,1.66473,1.66515,1.00,1.50
2016.08.15 23:32:46.413,1.6648,1.66515,1.00,1.00
2016.08.15 23:32:46.464,1.66483,1.66515,1.00,1.00
2016.08.15 23:32:46.514,1.66483,1.6652,1.00,1.00
2016.08.15 23:32:46.616,1.66482,1.66515,1.00,1.00
2016.08.15 23:32:46.717,1.66476,1.66514,1.00,1.00
2016.08.15 23:32:47.164,1.66475,1.66514,1.00,1.00
2016.08.15 23:32:47.686,1.66474,1.66513,1.00,1.00
2016.08.15 23:32:47.846,1.66474,1.66515,1.00,1.00
2016.08.15 23:32:48.963,1.66473,1.66515,1.00,1.00
2016.08.15 23:32:49.205,1.66473,1.66515,1.50,1.00
2016.08.15 23:32:52.358,1.66478,1.66518,1.00,1.00
2016.08.15 23:32:52.459,1.66483,1.66519,1.00,1.00
2016.08.15 23:32:52.510,1.66486,1.66522,1.00,1.00
2016.08.15 23:32:52.712,1.66489,1.66523,1.00,1.00
2016.08.15 23:32:53.000,1.66494,1.66533,1.00,1.00
2016.08.15 23:32:54.332,1.66494,1.66534,1.00,1.00
2016.08.15 23:32:57.067,1.66494,1.66534,1.00,1.00
2016.08.15 23:33:04.539,1.66494,1.66533,1.00,1.00
2016.08.15 23:33:17.042,1.66494,1.66532,1.00,1.00
2016.08.15 23:33:17.093,1.66494,1.66532,1.00,1.00
2016.08.15 23:33:19.143,1.6649,1.66532,1.00,1.00
2016.08.15 23:33:19.194,1.6649,1.66532,1.00,1.00
2016.08.15 23:33:27.254,1.66494,1.66532,1.00,1.00
2016.08.15 23:33:32.970,1.66494,1.66532,1.00,1.00
2016.08.15 23:33:33.975,1.66494,1.6653,1.00,1.00
2016.08.15 23:33:34.479,1.66494,1.66532,1.00,1.00
2016.08.15 23:33:34.981,1.66494,1.66531,1.00,1.00
2016.08.15 23:33:37.607,1.66494,1.66531,1.50,1.00
2016.08.15 23:33:38.333,1.66494,1.66531,1.00,1.00
2016.08.15 23:33:38.586,1.66494,1.66529,1.00,1.00
2016.08.15 23:33:38.768,1.66494,1.66531,1.00,1.00
2016.08.15 23:33:39.170,1.66494,1.66528,1.00,1.00
2016.08.15 23:33:39.285,1.66494,1.6653,1.00,1.00
2016.08.15 23:33:43.765,1.66494,1.66529,1.00,1.00
2016.08.15 23:33:44.407,1.66494,1.66531,1.00,1.00
2016.08.15 23:33:49.670,1.66494,1.66529,1.00,1.00
2016.08.15 23:33:52.990,1.66492,1.66529,1.00,1.00
2016.08.15 23:33:53.506,1.66492,1.66528,1.00,1.00
2016.08.15 23:33:54.038,1.66492,1.66529,1.00,1.00
2016.08.15 23:33:54.474,1.66492,1.66527,1.00,1.00
2016.08.15 23:33:59.937,1.66492,1.66528,1.00,1.00
2016.08.15 23:34:00.190,1.66489,1.66529,1.00,1.50
2016.08.15 23:34:00.291,1.66489,1.66528,1.00,1.00
2016.08.15 23:34:04.188,1.66488,1.66528,1.50,1.00
2016.08.15 23:34:07.809,1.66488,1.66527,1.50,1.00
2016.08.15 23:34:09.337,1.66493,1.66527,1.00,1.00
2016.08.15 23:34:13.168,1.66488,1.66515,1.00,1.00
2016.08.15 23:34:13.219,1.66478,1.66515,1.00,1.00
2016.08.15 23:34:13.523,1.66478,1.66506,1.00,1.00
2016.08.15 23:34:15.713,1.66479,1.66506,1.00,1.00
2016.08.15 23:34:16.699,1.66478,1.66506,1.00,1.00
2016.08.15 23:34:20.141,1.66479,1.66506,1.00,1.00
2016.08.15 23:34:20.903,1.66478,1.66506,1.00,1.00
2016.08.15 23:34:21.015,1.66479,1.6651,1.00,1.00
2016.08.15 23:34:21.116,1.66483,1.66513,1.00,1.00
2016.08.15 23:34:23.206,1.66479,1.66513,1.00,1.00
2016.08.15 23:34:24.017,1.66478,1.66513,1.00,1.00
2016.08.15 23:34:24.707,1.66484,1.66513,1.00,1.00
2016.08.15 23:34:28.604,1.66484,1.66514,1.00,1.00
2016.08.15 23:34:28.755,1.66478,1.66514,1.00,1.00
2016.08.15 23:34:30.012,1.66479,1.66513,1.00,1.00
2016.08.15 23:34:40.122,1.66474,1.66513,1.00,1.00
2016.08.15 23:34:40.738,1.66478,1.66513,1.00,1.00
2016.08.15 23:34:40.789,1.66474,1.66513,1.50,1.00
2016.08.15 23:34:40.839,1.66478,1.66513,1.00,1.00
2016.08.15 23:34:41.723,1.66474,1.66513,1.00,1.00
2016.08.15 23:34:42.068,1.66478,1.66513,1.00,1.00
2016.08.15 23:34:42.925,1.66474,1.66513,1.00,1.00
2016.08.15 23:34:43.225,1.66478,1.66513,1.00,1.00
2016.08.15 23:34:43.761,1.66479,1.66513,1.00,1.00
2016.08.15 23:34:44.610,1.66478,1.66513,1.00,1.00
2016.08.15 23:34:45.127,1.66479,1.66513,1.00,1.00
2016.08.15 23:34:45.918,1.66478,1.66513,1.00,1.00
2016.08.15 23:34:46.924,1.66478,1.66511,1.00,1.00
2016.08.15 23:34:47.876,1.66474,1.66511,1.00,1.00
2016.08.15 23:34:47.926,1.66474,1.66509,1.00,1.00
2016.08.15 23:34:48.617,1.66474,1.66511,1.00,1.00
2016.08.15 23:34:48.932,1.66474,1.66511,1.50,1.00
2016.08.15 23:34:49.033,1.66474,1.66511,1.00,1.00
2016.08.15 23:35:00.533,1.66474,1.66513,1.00,1.00
2016.08.15 23:35:00.792,1.66483,1.66518,1.00,1.00
2016.08.15 23:35:01.166,1.66488,1.66517,1.00,1.00
2016.08.15 23:35:01.268,1.66478,1.66515,1.00,1.00
2016.08.15 23:35:01.470,1.66478,1.66513,1.00,1.00
2016.08.15 23:35:03.777,1.66474,1.66506,1.00,1.00
2016.08.15 23:35:04.097,1.66474,1.66504,1.00,1.00
2016.08.15 23:35:04.652,1.66474,1.66503,1.00,1.00
2016.08.15 23:35:04.854,1.66473,1.66505,1.00,1.00
2016.08.15 23:35:05.413,1.66474,1.66504,1.00,1.00
2016.08.15 23:35:09.186,1.66473,1.66504,1.00,1.00
2016.08.15 23:35:17.358,1.66473,1.66501,1.00,1.00
2016.08.15 23:35:18.605,1.66463,1.66501,1.00,1.00
2016.08.15 23:35:18.656,1.66463,1.66491,1.00,1.00
2016.08.15 23:35:18.955,1.66458,1.66489,1.00,1.00
2016.08.15 23:35:19.106,1.66453,1.66489,1.00,1.00
2016.08.15 23:35:19.360,1.66453,1.66487,1.00,1.00
2016.08.15 23:35:19.716,1.66458,1.66488,1.00,1.00
2016.08.15 23:35:21.068,1.66453,1.66488,1.00,1.00
2016.08.15 23:35:23.302,1.66453,1.66487,1.00,1.00
2016.08.15 23:35:23.629,1.66453,1.66489,1.00,1.00
2016.08.15 23:35:24.227,1.66454,1.66489,1.00,1.00
2016.08.15 23:35:24.760,1.66454,1.66488,1.00,1.00
2016.08.15 23:35:33.488,1.66453,1.66488,1.00,1.00
2016.08.15 23:35:34.509,1.66454,1.66488,1.00,1.00
2016.08.15 23:35:35.050,1.66454,1.66489,1.00,1.00
2016.08.15 23:35:40.814,1.66454,1.66488,1.00,1.00
2016.08.15 23:35:40.934,1.66463,1.66488,1.00,1.00
2016.08.15 23:35:40.984,1.66463,1.66491,1.00,1.00
2016.08.15 23:35:41.086,1.66463,1.66501,1.00,1.00
2016.08.15 23:35:41.136,1.66468,1.66501,1.00,1.00
2016.08.15 23:35:41.397,1.66468,1.66501,1.50,1.00
2016.08.15 23:35:41.449,1.66474,1.66506,1.00,1.00
2016.08.15 23:35:41.600,1.66474,1.66509,1.00,1.00
2016.08.15 23:35:44.547,1.66474,1.6651,1.00,1.00
2016.08.15 23:35:47.994,1.66469,1.6651,1.00,1.00
2016.08.15 23:35:50.132,1.66471,1.6651,1.00,1.00
2016.08.15 23:35:50.497,1.66473,1.66511,1.00,1.00
2016.08.15 23:35:50.598,1.66473,1.66515,1.50,1.00
2016.08.15 23:35:50.869,1.66475,1.66517,1.00,1.00
2016.08.15 23:35:50.920,1.66475,1.66514,1.00,1.00
2016.08.15 23:35:53.320,1.66473,1.66514,1.00,1.00
2016.08.15 23:35:53.422,1.66472,1.66514,1.00,1.00
2016.08.15 23:35:53.625,1.66472,1.66515,1.50,1.00
2016.08.15 23:35:54.194,1.66472,1.66505,1.00,1.00
2016.08.15 23:35:54.295,1.66469,1.66507,1.00,1.00
2016.08.15 23:35:54.346,1.66468,1.66507,1.00,1.00
2016.08.15 23:35:54.908,1.66468,1.66506,1.00,1.00
2016.08.15 23:36:08.207,1.66473,1.66506,1.00,1.00
2016.08.15 23:36:11.418,1.66468,1.66506,1.00,1.00
2016.08.15 23:36:11.469,1.66468,1.66506,1.50,1.00
2016.08.15 23:36:34.122,1.66468,1.66509,1.50,1.00
2016.08.15 23:36:40.889,1.66469,1.66509,1.00,1.00
2016.08.15 23:36:40.940,1.66469,1.66506,1.00,1.00
2016.08.15 23:36:41.351,1.66468,1.66506,1.50,1.00
2016.08.15 23:36:58.185,1.66468,1.66506,1.00,1.00
2016.08.15 23:36:58.286,1.66468,1.66506,1.50,1.00
2016.08.15 23:36:58.388,1.66462,1.66503,1.00,1.00
2016.08.15 23:36:58.691,1.66462,1.66501,1.00,1.00
2016.08.15 23:36:58.925,1.66458,1.66498,1.00,1.00
2016.08.15 23:36:59.489,1.66459,1.66498,1.00,1.00
2016.08.15 23:37:03.697,1.66459,1.665,1.00,1.00
2016.08.15 23:37:04.351,1.66459,1.66498,1.00,1.00
2016.08.15 23:37:05.000,1.66459,1.66497,1.00,1.00
2016.08.15 23:37:07.209,1.66457,1.66497,1.00,1.00
2016.08.15 23:37:07.311,1.66454,1.66487,1.00,1.00
2016.08.15 23:37:07.412,1.66446,1.66487,1.00,1.00
2016.08.15 23:37:07.467,1.66443,1.66484,2.25,1.00
2016.08.15 23:37:07.619,1.66449,1.66484,1.00,1.00
2016.08.15 23:37:08.355,1.66449,1.66488,1.00,1.00
2016.08.15 23:37:08.608,1.66453,1.66488,1.00,1.00
2016.08.15 23:37:10.584,1.66448,1.66488,1.00,1.00
2016.08.15 23:37:11.738,1.66448,1.66487,1.00,1.00
2016.08.15 23:37:12.559,1.66448,1.66485,1.00,1.00
2016.08.15 23:37:13.387,1.66448,1.66486,1.00,1.00
2016.08.15 23:37:20.799,1.66454,1.66486,1.00,1.00
2016.08.15 23:37:21.486,1.66454,1.66487,1.00,1.00
2016.08.15 23:37:25.286,1.66458,1.66487,1.00,1.00
2016.08.15 23:37:25.643,1.66464,1.66496,1.00,1.00
2016.08.15 23:37:25.786,1.66458,1.66496,1.00,1.00
2016.08.15 23:37:26.190,1.66463,1.66496,1.00,1.00
2016.08.15 23:37:27.014,1.66463,1.66498,1.00,1.00
2016.08.15 23:37:30.601,1.66459,1.66498,1.00,1.00
2016.08.15 23:37:40.432,1.66463,1.66498,1.00,1.00
2016.08.15 23:37:40.533,1.66458,1.66496,1.00,1.00
2016.08.15 23:37:40.847,1.66458,1.66498,1.00,1.00
2016.08.15 23:37:52.843,1.66459,1.66498,1.00,1.00
2016.08.15 23:37:53.427,1.66458,1.66498,1.00,1.00
2016.08.15 23:37:56.022,1.66464,1.66498,1.00,1.00
2016.08.15 23:37:56.952,1.66463,1.66498,1.00,1.00
2016.08.15 23:37:57.003,1.66464,1.66505,1.00,1.00
2016.08.15 23:37:57.053,1.66468,1.66505,1.00,1.00
2016.08.15 23:37:57.104,1.66468,1.66506,1.00,1.50
2016.08.15 23:37:57.205,1.66473,1.66506,1.00,1.00
2016.08.15 23:37:57.256,1.66468,1.6651,1.00,1.50
2016.08.15 23:37:57.306,1.66468,1.66507,1.00,1.00
2016.08.15 23:37:57.610,1.66473,1.66511,1.00,1.00
2016.08.15 23:37:58.140,1.66473,1.66507,1.00,1.00
2016.08.15 23:37:58.917,1.66474,1.66507,1.00,1.00
2016.08.15 23:37:59.019,1.66474,1.6651,1.00,1.00
2016.08.15 23:37:59.650,1.66474,1.66511,1.00,1.00
2016.08.15 23:37:59.733,1.66478,1.66511,1.00,1.00
2016.08.15 23:38:01.463,1.66474,1.66505,1.00,1.00
2016.08.15 23:38:01.516,1.66463,1.66498,1.00,1.00
2016.08.15 23:38:01.668,1.66458,1.66498,1.00,1.00
2016.08.15 23:38:02.112,1.66458,1.66496,1.00,1.00
2016.08.15 23:38:02.213,1.66455,1.66496,1.00,1.00
2016.08.15 23:38:02.263,1.66458,1.66496,1.00,1.00
2016.08.15 23:38:02.525,1.66458,1.66498,1.00,1.00
2016.08.15 23:38:03.262,1.66458,1.66497,1.00,1.00
2016.08.15 23:38:08.553,1.66458,1.66497,1.00,1.50
2016.08.15 23:38:08.821,1.66453,1.66492,1.00,1.00
2016.08.15 23:38:13.824,1.66453,1.66493,1.00,1.00
2016.08.15 23:38:13.875,1.66453,1.66495,1.00,1.00
2016.08.15 23:38:13.926,1.66454,1.66496,1.00,1.00
2016.08.15 23:38:14.599,1.66455,1.66496,1.00,1.00
2016.08.15 23:38:19.011,1.66453,1.66495,1.00,1.00
2016.08.15 23:38:19.062,1.66453,1.66493,1.00,1.00
2016.08.15 23:38:23.383,1.6645,1.66491,1.00,1.00
2016.08.15 23:38:23.434,1.6645,1.66491,1.00,1.00
2016.08.15 23:38:23.485,1.66454,1.66491,1.00,1.00
2016.08.15 23:38:23.586,1.66454,1.66493,1.00,1.00
2016.08.15 23:38:23.737,1.66454,1.66493,1.00,1.50
2016.08.15 23:38:24.664,1.66454,1.66487,1.00,1.00
2016.08.15 23:38:24.715,1.6645,1.66487,1.00,1.00
2016.08.15 23:38:25.079,1.6645,1.66485,1.00,1.00
2016.08.15 23:38:26.880,1.6645,1.66488,1.00,1.00
2016.08.15 23:38:26.955,1.66458,1.66493,1.00,1.00
2016.08.15 23:38:27.056,1.66463,1.66494,1.00,1.00
2016.08.15 23:38:27.107,1.66463,1.66496,1.00,1.00
2016.08.15 23:38:27.157,1.66463,1.66498,1.00,1.00
2016.08.15 23:38:27.259,1.66463,1.66502,1.00,1.50
2016.08.15 23:38:27.461,1.66468,1.66502,1.00,1.50
2016.08.15 23:38:27.512,1.66468,1.66502,1.00,1.00
2016.08.15 23:38:27.846,1.66468,1.66505,1.00,1.00
2016.08.15 23:38:32.759,1.66468,1.66506,1.00,1.00
2016.08.15 23:38:34.577,1.66465,1.66506,1.00,1.00
2016.08.15 23:38:34.678,1.66464,1.66506,1.50,1.00
2016.08.15 23:38:34.729,1.66464,1.66503,1.00,1.00
2016.08.15 23:38:34.779,1.6646,1.665,1.00,1.00
2016.08.15 23:38:34.880,1.66458,1.66499,1.50,1.00
2016.08.15 23:38:34.982,1.66458,1.66497,1.50,1.00
2016.08.15 23:38:35.083,1.66458,1.66497,1.00,1.50
2016.08.15 23:38:36.554,1.66456,1.66497,1.00,1.50
2016.08.15 23:38:36.765,1.66454,1.66497,2.25,1.50
2016.08.15 23:38:36.917,1.66454,1.66495,1.50,1.00
2016.08.15 23:38:37.157,1.66458,1.66495,1.00,1.00
2016.08.15 23:38:37.814,1.66458,1.66497,1.00,1.00
2016.08.15 23:38:37.934,1.66458,1.66496,1.00,1.00
2016.08.15 23:38:38.801,1.66454,1.66496,1.50,1.00
2016.08.15 23:38:39.088,1.66454,1.66496,1.00,1.50
2016.08.15 23:38:39.374,1.66454,1.66495,1.00,1.00
2016.08.15 23:38:40.779,1.66459,1.66496,1.00,1.50
2016.08.15 23:38:41.032,1.66459,1.66496,1.00,1.00
2016.08.15 23:38:42.108,1.66458,1.66496,1.00,1.00
2016.08.15 23:38:49.933,1.66458,1.66497,1.00,1.00
2016.08.15 23:38:52.368,1.66459,1.66497,1.00,1.00
2016.08.15 23:39:04.878,1.66455,1.66497,1.00,1.00
2016.08.15 23:39:05.278,1.66459,1.66497,1.00,1.00
2016.08.15 23:39:05.780,1.66459,1.66496,1.00,1.00
2016.08.15 23:39:08.982,1.66463,1.66496,1.00,1.00
2016.08.15 23:39:09.083,1.66463,1.66498,1.00,1.00
2016.08.15 23:39:09.134,1.66463,1.66499,1.00,1.00
2016.08.15 23:39:09.461,1.66469,1.66496,1.00,1.00
2016.08.15 23:39:09.789,1.66469,1.665,1.00,1.00
2016.08.15 23:39:10.093,1.66473,1.66502,1.00,1.00
2016.08.15 23:39:10.195,1.66473,1.66505,1.00,1.00
2016.08.15 23:39:13.206,1.66473,1.66506,1.00,1.00
2016.08.15 23:39:13.686,1.66468,1.66507,1.00,1.00
2016.08.15 23:39:14.721,1.66468,1.66506,1.00,1.00
2016.08.15 23:39:23.634,1.66469,1.66506,1.00,1.00
2016.08.15 23:39:44.531,1.66469,1.66503,1.00,1.00
2016.08.15 23:39:44.832,1.66469,1.66505,1.00,1.00
2016.08.15 23:39:51.122,1.66464,1.66505,1.00,1.00
2016.08.15 23:39:52.348,1.66464,1.66504,1.00,1.00
2016.08.15 23:40:05.472,1.66468,1.66504,1.00,1.00
2016.08.15 23:40:06.971,1.66463,1.66504,1.50,1.00
2016.08.15 23:40:07.136,1.66468,1.66504,1.00,1.00
2016.08.15 23:40:10.624,1.66468,1.66506,1.00,1.50
2016.08.15 23:40:12.785,1.66473,1.66506,1.00,1.50
2016.08.15 23:40:13.285,1.66483,1.66506,1.00,1.00
2016.08.15 23:40:13.336,1.66483,1.66515,1.00,1.00
2016.08.15 23:40:13.748,1.66483,1.66516,1.00,1.00
2016.08.15 23:40:13.900,1.66483,1.66517,1.00,1.00
2016.08.15 23:40:15.275,1.66483,1.66519,1.00,1.50
2016.08.15 23:40:15.541,1.66483,1.66519,1.00,1.00
2016.08.15 23:40:16.878,1.66484,1.66519,1.00,1.00
2016.08.15 23:40:17.230,1.66484,1.66518,1.00,1.00
2016.08.15 23:40:17.280,1.66478,1.66518,1.00,1.00
2016.08.15 23:40:17.451,1.66478,1.66513,1.00,1.00
2016.08.15 23:40:17.653,1.66478,1.66514,1.00,1.00
2016.08.15 23:40:17.845,1.66478,1.66514,1.00,1.50
2016.08.15 23:40:17.946,1.66478,1.66513,1.00,1.00
2016.08.15 23:40:19.072,1.66473,1.66513,1.50,1.00
2016.08.15 23:40:19.557,1.66473,1.66509,1.00,1.00
2016.08.15 23:40:20.508,1.66474,1.66509,1.00,1.00
2016.08.15 23:40:22.783,1.6647,1.66509,1.00,1.00
2016.08.15 23:40:22.834,1.66468,1.66501,1.00,1.00
2016.08.15 23:40:22.928,1.66463,1.66497,1.00,1.00
2016.08.15 23:40:23.255,1.66458,1.66497,1.50,1.00
2016.08.15 23:40:23.840,1.66458,1.66496,1.00,1.00
2016.08.15 23:40:23.891,1.66454,1.66496,1.50,1.00
2016.08.15 23:40:25.551,1.66454,1.66496,1.00,1.00
2016.08.15 23:40:26.057,1.66454,1.66495,1.00,1.00
2016.08.15 23:40:27.528,1.66454,1.66493,1.00,1.00
2016.08.15 23:40:27.579,1.66451,1.66492,1.00,1.00
2016.08.15 23:40:27.731,1.6645,1.6649,1.00,1.00
2016.08.15 23:40:27.932,1.66449,1.6649,1.50,1.00
2016.08.15 23:40:28.480,1.66449,1.6649,1.00,1.00
2016.08.15 23:40:29.073,1.66449,1.66489,1.00,1.00
2016.08.15 23:40:29.531,1.66449,1.66487,1.00,1.00
2016.08.15 23:40:29.582,1.66446,1.66487,1.00,2.25
2016.08.15 23:40:29.633,1.66446,1.66486,1.00,1.00
2016.08.15 23:40:29.734,1.66443,1.66484,1.50,1.00
2016.08.15 23:40:29.785,1.66443,1.66484,1.00,1.00
2016.08.15 23:40:30.197,1.66443,1.66482,1.00,1.00
2016.08.15 23:40:31.958,1.66443,1.66482,1.50,1.00
2016.08.15 23:40:32.064,1.66453,1.66484,1.00,1.00
2016.08.15 23:40:32.310,1.66459,1.66491,1.00,1.00
2016.08.15 23:40:32.378,1.66459,1.66496,1.00,1.00
2016.08.15 23:40:32.673,1.66459,1.66496,1.00,1.50
2016.08.15 23:40:32.933,1.66459,1.66495,1.00,1.00
2016.08.15 23:40:34.181,1.66459,1.66496,1.00,1.50
2016.08.15 23:40:34.779,1.66459,1.66496,1.00,1.00
2016.08.15 23:40:39.397,1.66458,1.66496,1.00,1.00
2016.08.15 23:40:42.991,1.66458,1.66498,1.00,1.00
2016.08.15 23:40:51.149,1.66458,1.66497,1.00,1.00
2016.08.15 23:40:51.715,1.66458,1.66498,1.00,1.00
2016.08.15 23:40:55.003,1.66458,1.66499,1.00,1.00
2016.08.15 23:40:55.054,1.66458,1.66499,1.00,1.00
2016.08.15 23:41:03.876,1.6646,1.66499,1.00,1.00
2016.08.15 23:41:04.027,1.66463,1.66501,1.50,1.00
2016.08.15 23:41:04.128,1.66469,1.66504,1.00,1.00
2016.08.15 23:41:04.280,1.66469,1.66508,1.00,1.00
2016.08.15 23:41:04.331,1.66468,1.66508,1.50,1.00
2016.08.15 23:41:05.132,1.66473,1.66508,1.00,1.00
2016.08.15 23:41:05.234,1.66474,1.66511,1.00,1.00
2016.08.15 23:41:05.335,1.66478,1.66511,1.00,1.00
2016.08.15 23:41:06.765,1.66478,1.66515,1.00,1.00
2016.08.15 23:41:13.293,1.66483,1.66515,1.00,1.00
2016.08.15 23:41:14.728,1.66483,1.66519,1.00,1.50
2016.08.15 23:41:16.396,1.66484,1.66519,1.00,1.50
2016.08.15 23:41:20.291,1.66483,1.66519,1.00,1.50
2016.08.15 23:41:25.004,1.66483,1.66518,1.00,1.00
2016.08.15 23:41:47.216,1.66483,1.66515,1.00,1.00
2016.08.15 23:41:47.736,1.66478,1.66515,1.50,1.00
2016.08.15 23:42:00.570,1.66478,1.66515,1.00,1.00
2016.08.15 23:42:19.674,1.66472,1.66506,1.00,1.00
2016.08.15 23:42:19.724,1.66472,1.66506,1.00,1.50
2016.08.15 23:42:19.775,1.66468,1.66497,1.00,1.00
2016.08.15 23:42:19.876,1.66463,1.66497,1.00,1.00
2016.08.15 23:42:20.455,1.66463,1.665,1.00,1.00
2016.08.15 23:42:28.074,1.66468,1.66503,1.00,1.00
2016.08.15 23:42:28.175,1.66468,1.66504,1.00,1.50
2016.08.15 23:42:28.417,1.66474,1.66504,1.00,1.00
2016.08.15 23:42:28.468,1.66474,1.66507,1.00,1.00
2016.08.15 23:42:28.569,1.66474,1.66509,1.00,1.50
2016.08.15 23:42:43.956,1.66473,1.66509,1.00,1.50
2016.08.15 23:43:00.724,1.66468,1.66509,1.00,1.50
2016.08.15 23:43:00.774,1.66468,1.66505,1.00,1.00
2016.08.15 23:43:06.290,1.66469,1.66505,1.00,1.00
2016.08.15 23:43:06.593,1.66473,1.66511,1.00,1.50
2016.08.15 23:43:06.644,1.66473,1.66511,1.50,1.00
2016.08.15 23:43:06.695,1.66473,1.66516,2.25,1.00
2016.08.15 23:43:06.796,1.66479,1.66516,1.00,1.00
2016.08.15 23:43:06.897,1.66479,1.66518,1.00,1.00
2016.08.15 23:43:33.329,1.66478,1.66518,1.00,1.00
2016.08.15 23:43:33.380,1.66478,1.66517,1.00,1.00
2016.08.15 23:43:33.430,1.66478,1.66513,1.00,1.00
2016.08.15 23:43:33.760,1.66478,1.66511,1.00,1.00
2016.08.15 23:43:34.014,1.66473,1.66511,1.00,1.00
2016.08.15 23:43:34.815,1.6647,1.66511,1.00,1.50
2016.08.15 23:43:34.917,1.66468,1.66508,1.00,1.00
2016.08.15 23:43:35.541,1.66468,1.66508,1.00,1.50
2016.08.15 23:43:51.028,1.66469,1.66508,1.00,1.50
2016.08.15 23:43:51.141,1.66469,1.66508,1.00,1.00
2016.08.15 23:43:51.803,1.66469,1.66508,1.50,1.00
2016.08.15 23:43:53.907,1.66473,1.66508,1.00,1.00
2016.08.15 23:43:53.958,1.66474,1.66515,1.00,1.50
2016.08.15 23:43:54.008,1.66474,1.66515,1.00,1.00
2016.08.15 23:44:04.910,1.66479,1.66516,1.00,1.00
2016.08.15 23:44:04.961,1.66479,1.6652,1.00,1.50
2016.08.15 23:44:05.011,1.66482,1.6652,1.00,1.00
2016.08.15 23:44:05.062,1.66489,1.66531,1.00,1.50
2016.08.15 23:44:05.113,1.6649,1.66531,1.00,1.50
2016.08.15 23:44:05.163,1.66492,1.66533,1.00,1.00
2016.08.15 23:44:05.214,1.66494,1.66535,1.00,1.00
2016.08.15 23:44:05.552,1.66496,1.66537,1.00,1.50
2016.08.15 23:44:05.814,1.66496,1.66536,1.00,1.00
2016.08.15 23:44:05.915,1.66496,1.66532,1.00,1.00
2016.08.15 23:44:05.966,1.66492,1.66532,1.00,1.50
2016.08.15 23:44:06.259,1.66478,1.6652,1.50,1.00
2016.08.15 23:44:06.677,1.66478,1.6652,1.00,1.00
2016.08.15 23:44:07.441,1.66478,1.66519,1.00,1.00
2016.08.15 23:44:25.210,1.66478,1.66519,1.50,1.00
2016.08.15 23:44:28.204,1.66478,1.66519,1.00,1.00
2016.08.15 23:44:28.986,1.66478,1.66518,1.00,1.00
2016.08.15 23:44:33.682,1.66478,1.66518,1.50,1.00
2016.08.15 23:44:33.784,1.66483,1.66521,1.00,1.00
2016.08.15 23:44:33.885,1.66483,1.66525,1.00,1.00
2016.08.15 23:44:33.986,1.66485,1.66528,1.50,1.00
2016.08.15 23:44:37.958,1.66486,1.66529,1.00,1.00
2016.08.15 23:44:38.387,1.66488,1.6653,1.00,1.00
2016.08.15 23:44:43.911,1.66493,1.6653,1.00,1.00
2016.08.15 23:44:43.962,1.66494,1.66536,1.00,1.00
2016.08.15 23:44:44.012,1.66494,1.66537,1.00,1.50
2016.08.15 23:44:44.113,1.66499,1.66537,1.00,1.00
2016.08.15 23:45:00.863,1.66499,1.66539,1.00,1.00
2016.08.15 23:45:07.676,1.66499,1.66538,1.00,1.00
2016.08.15 23:45:14.631,1.66498,1.66539,1.00,1.50
2016.08.15 23:45:14.682,1.66499,1.66539,1.00,1.00
2016.08.15 23:45:14.733,1.665,1.66543,1.00,1.50
2016.08.15 23:45:14.783,1.66501,1.66543,1.00,1.00
2016.08.15 23:45:14.986,1.66502,1.66545,1.00,1.00
2016.08.15 23:45:15.084,1.66502,1.66543,1.00,1.00
2016.08.15 23:45:15.134,1.66504,1.66543,1.00,1.00
2016.08.15 23:45:16.017,1.66502,1.66542,1.00,1.00
2016.08.15 23:45:17.642,1.66502,1.66541,1.00,1.00
2016.08.15 23:45:24.915,1.66502,1.66543,1.00,1.00
2016.08.15 23:45:25.908,1.66502,1.66542,1.00,1.00
2016.08.15 23:45:26.977,1.66502,1.66543,1.00,1.00
2016.08.15 23:45:30.098,1.66502,1.66542,1.00,1.00
2016.08.15 23:45:31.026,1.66504,1.66542,1.00,1.00
2016.08.15 23:45:35.024,1.66504,1.66541,1.00,1.00
2016.08.15 23:45:35.884,1.66503,1.66542,1.00,1.00
2016.08.15 23:45:36.916,1.66503,1.66543,1.00,1.50
2016.08.15 23:45:41.721,1.66503,1.66542,1.00,1.00
2016.08.15 23:45:42.225,1.66503,1.66541,1.00,1.00
2016.08.15 23:45:52.219,1.66503,1.6654,1.00,1.00
2016.08.15 23:45:52.320,1.66503,1.66538,1.00,1.00
2016.08.15 23:45:52.529,1.66503,1.66541,1.00,1.00
2016.08.15 23:46:10.854,1.66511,1.66543,1.00,1.00
2016.08.15 23:46:10.904,1.66519,1.66543,1.00,1.00
2016.08.15 23:46:11.005,1.66524,1.66559,1.00,1.00
2016.08.15 23:46:11.359,1.66524,1.66553,1.00,1.00
2016.08.15 23:46:11.410,1.66518,1.66553,1.00,1.00
2016.08.15 23:46:11.461,1.66518,1.66547,1.00,1.00
2016.08.15 23:46:11.511,1.66514,1.66547,1.00,1.00
2016.08.15 23:46:12.179,1.66514,1.66546,1.00,1.00
2016.08.15 23:46:12.563,1.66508,1.66546,1.00,1.00
2016.08.15 23:46:20.473,1.66514,1.66549,1.00,1.00
2016.08.15 23:46:20.524,1.66516,1.66557,1.00,1.00
2016.08.15 23:46:20.575,1.66528,1.66559,1.00,1.00
2016.08.15 23:46:20.676,1.66528,1.66565,1.00,1.00
2016.08.15 23:46:20.878,1.66528,1.66567,1.00,1.00
2016.08.15 23:46:20.979,1.66534,1.66562,1.00,1.00
2016.08.15 23:46:21.080,1.66534,1.66562,1.00,1.50
2016.08.15 23:46:21.392,1.66528,1.66562,1.00,1.00
2016.08.15 23:46:21.493,1.66528,1.66563,1.00,1.00
2016.08.15 23:46:21.897,1.66529,1.66565,1.00,1.00
2016.08.15 23:46:22.352,1.66529,1.6656,1.00,1.00
2016.08.15 23:46:22.644,1.66523,1.66561,1.00,1.00
2016.08.15 23:46:23.292,1.66523,1.6656,1.00,1.00
2016.08.15 23:46:24.687,1.66524,1.66558,1.00,1.00
2016.08.15 23:46:24.788,1.66514,1.66556,1.00,1.00
2016.08.15 23:46:24.889,1.66514,1.66556,1.50,1.00
2016.08.15 23:46:25.475,1.66514,1.66555,1.50,1.00
2016.08.15 23:46:25.978,1.66519,1.66555,1.00,1.00
2016.08.15 23:46:28.331,1.66519,1.66555,1.00,1.50
2016.08.15 23:46:32.566,1.66519,1.66554,1.00,1.00
2016.08.15 23:46:33.585,1.66518,1.66554,1.00,1.00
2016.08.15 23:46:34.303,1.66523,1.66554,1.00,1.00
2016.08.15 23:46:34.354,1.66523,1.66555,1.00,1.50
2016.08.15 23:46:45.395,1.66528,1.66555,1.00,1.50
2016.08.15 23:46:45.447,1.66528,1.66563,1.00,1.00
2016.08.15 23:46:47.176,1.66523,1.66563,1.00,1.00
2016.08.15 23:46:49.403,1.66523,1.66562,1.00,1.00
2016.08.15 23:46:50.156,1.66523,1.6656,1.00,1.00
2016.08.15 23:46:54.627,1.66523,1.66559,1.00,1.00
2016.08.15 23:47:04.460,1.66523,1.66558,1.00,1.00
2016.08.15 23:47:12.122,1.66519,1.66558,1.00,1.00
2016.08.15 23:47:12.882,1.66518,1.66558,1.00,1.00
2016.08.15 23:47:12.933,1.66518,1.66556,1.00,1.00
2016.08.15 23:47:13.434,1.66518,1.66555,1.00,1.00
2016.08.15 23:47:13.780,1.66523,1.66558,1.00,1.00
2016.08.15 23:47:14.723,1.66523,1.66559,1.00,1.00
2016.08.15 23:47:17.053,1.66523,1.6656,1.00,1.50
2016.08.15 23:47:19.980,1.66518,1.6656,1.00,1.50
2016.08.15 23:47:20.271,1.66523,1.66557,1.00,1.00
2016.08.15 23:47:20.373,1.66523,1.66559,1.00,1.00
2016.08.15 23:47:20.932,1.66524,1.66559,1.00,1.00
2016.08.15 23:47:21.570,1.66523,1.66559,1.00,1.00
2016.08.15 23:47:24.035,1.66529,1.66559,1.00,1.00
2016.08.15 23:47:26.043,1.66528,1.66559,1.00,1.00
2016.08.15 23:47:30.470,1.66534,1.66562,1.00,1.50
2016.08.15 23:47:30.521,1.66534,1.66562,1.00,1.00
2016.08.15 23:47:33.611,1.66534,1.66564,1.00,1.00
2016.08.15 23:47:33.662,1.66533,1.66565,1.00,1.50
2016.08.15 23:47:33.712,1.66533,1.66565,1.00,1.00
2016.08.15 23:47:33.763,1.66533,1.66568,1.00,1.00
2016.08.15 23:47:34.478,1.66533,1.66569,1.00,1.00
2016.08.15 23:47:35.671,1.66538,1.66569,1.00,1.00
2016.08.15 23:47:37.092,1.66538,1.66572,1.00,1.00
2016.08.15 23:47:41.062,1.66533,1.66572,1.00,1.00
2016.08.15 23:47:43.454,1.66539,1.66572,1.00,1.00
2016.08.15 23:47:48.654,1.66539,1.66571,1.00,1.00
2016.08.15 23:47:48.985,1.66539,1.66569,1.00,1.00
2016.08.15 23:47:49.988,1.66533,1.66568,1.00,1.00
2016.08.15 23:47:51.055,1.66533,1.66567,1.00,1.00
2016.08.15 23:47:51.852,1.66533,1.66565,1.00,1.00
2016.08.15 23:47:52.394,1.66533,1.66564,1.00,1.00
2016.08.15 23:48:00.471,1.66529,1.66562,1.00,1.00
2016.08.15 23:48:00.572,1.66523,1.66556,1.00,1.00
2016.08.15 23:48:00.673,1.66518,1.66556,1.50,1.00
2016.08.15 23:48:00.724,1.66518,1.66556,1.00,1.00
2016.08.15 23:48:00.926,1.66518,1.66549,1.00,1.50
2016.08.15 23:48:00.977,1.66513,1.66547,1.00,1.00
2016.08.15 23:48:01.179,1.66513,1.66549,1.00,1.00
2016.08.15 23:48:01.280,1.66518,1.6655,1.00,1.00
2016.08.15 23:48:02.373,1.66514,1.6655,1.00,1.00
2016.08.15 23:48:03.074,1.66518,1.6655,1.00,1.00
2016.08.15 23:48:03.426,1.66518,1.66548,1.00,1.00
2016.08.15 23:48:04.870,1.66518,1.66546,1.00,1.00
2016.08.15 23:48:05.528,1.66518,1.66549,1.00,1.00
2016.08.15 23:48:07.139,1.66513,1.6655,1.00,1.00
2016.08.15 23:48:07.686,1.66513,1.66549,1.00,1.00
2016.08.15 23:48:10.481,1.66519,1.66549,1.00,1.00
2016.08.15 23:48:14.435,1.66514,1.66549,1.00,1.00
2016.08.15 23:48:19.866,1.66514,1.66543,1.00,1.00
2016.08.15 23:48:20.072,1.66513,1.66545,1.00,1.00
2016.08.15 23:48:20.275,1.66513,1.66541,1.00,1.00
2016.08.15 23:48:23.794,1.66509,1.66541,1.00,1.00
2016.08.15 23:48:23.894,1.66513,1.66541,1.00,1.00
2016.08.15 23:48:23.994,1.66509,1.66541,1.00,1.00
2016.08.15 23:48:24.296,1.66508,1.66537,1.00,1.00
2016.08.15 23:48:24.754,1.66503,1.66537,1.00,1.00
2016.08.15 23:48:35.659,1.66503,1.66536,1.00,1.00
2016.08.15 23:49:05.622,1.66508,1.66536,1.00,1.00
2016.08.15 23:49:06.131,1.66504,1.66536,1.00,1.00
2016.08.15 23:49:07.912,1.66504,1.66538,1.00,1.00
2016.08.15 23:49:15.720,1.66504,1.6654,1.00,1.50
2016.08.15 23:49:16.721,1.66504,1.6654,1.00,1.00
2016.08.15 23:49:17.683,1.66508,1.6654,1.00,1.00
2016.08.15 23:49:18.217,1.66514,1.6654,1.00,1.00
2016.08.15 23:49:18.314,1.66514,1.66542,1.00,1.00
2016.08.15 23:49:19.173,1.66514,1.66541,1.00,1.00
2016.08.15 23:49:21.224,1.66513,1.66541,1.00,1.00
2016.08.15 23:49:21.278,1.66513,1.66545,1.00,1.00
2016.08.15 23:49:21.890,1.66513,1.66544,1.00,1.00
2016.08.15 23:49:27.731,1.66513,1.66546,1.00,1.00
2016.08.15 23:49:28.380,1.66509,1.66542,1.00,1.00
2016.08.15 23:49:28.684,1.66514,1.66542,1.00,1.00
2016.08.15 23:49:29.152,1.66508,1.66542,1.00,1.00
2016.08.15 23:49:32.655,1.66513,1.66542,1.00,1.00
2016.08.15 23:49:34.457,1.66508,1.66542,1.00,1.00
2016.08.15 23:49:36.459,1.66514,1.66542,1.00,1.00
2016.08.15 23:49:36.560,1.66509,1.66542,1.00,1.00
2016.08.15 23:49:47.091,1.66509,1.66543,1.00,1.00
2016.08.15 23:49:59.622,1.66513,1.66543,1.00,1.00
2016.08.15 23:49:59.774,1.66513,1.66545,1.00,1.00
2016.08.15 23:50:00.059,1.66513,1.66547,1.00,1.00
2016.08.15 23:50:00.449,1.66513,1.66548,1.00,1.00
2016.08.15 23:50:00.805,1.66514,1.66551,1.00,1.00
2016.08.15 23:50:00.855,1.66514,1.66551,1.00,1.00
2016.08.15 23:50:01.066,1.66514,1.6655,1.00,1.00
2016.08.15 23:50:01.599,1.66513,1.66545,1.00,1.00
2016.08.15 23:50:08.919,1.66513,1.66545,1.00,1.50
2016.08.15 23:50:09.378,1.66513,1.66543,1.00,1.00
2016.08.15 23:50:09.444,1.66508,1.66543,1.00,1.00
2016.08.15 23:50:13.574,1.66508,1.66545,1.00,1.50
2016.08.15 23:50:23.134,1.66508,1.66543,1.00,1.00
2016.08.15 23:50:23.185,1.66508,1.66545,1.00,1.00
2016.08.15 23:50:23.286,1.66508,1.66539,1.00,1.00
2016.08.15 23:50:23.950,1.66504,1.66539,1.00,1.00
2016.08.15 23:50:24.210,1.66508,1.66542,1.00,1.00
2016.08.15 23:50:24.287,1.66508,1.66542,1.00,1.00
2016.08.15 23:50:27.704,1.66508,1.66542,1.00,1.00
2016.08.15 23:50:27.756,1.66513,1.66544,1.00,1.00
2016.08.15 23:50:27.904,1.66508,1.66544,1.00,1.00
2016.08.15 23:50:28.455,1.66508,1.66543,1.00,1.00
2016.08.15 23:50:28.506,1.66513,1.66543,1.00,1.00
2016.08.15 23:50:29.141,1.66513,1.66549,1.00,1.00
2016.08.15 23:50:30.165,1.66513,1.66549,1.00,1.00
2016.08.15 23:50:30.977,1.66513,1.66549,1.00,1.00
2016.08.15 23:50:31.079,1.66513,1.66549,1.00,1.00
2016.08.15 23:50:31.259,1.66513,1.66549,1.00,1.00
2016.08.15 23:50:33.571,1.66513,1.66549,1.00,1.00
2016.08.15 23:50:33.672,1.66513,1.66549,1.00,1.00
2016.08.15 23:50:34.793,1.66513,1.66549,1.00,1.00
2016.08.15 23:50:37.768,1.66524,1.66549,1.00,1.00
2016.08.15 23:50:37.822,1.66528,1.66558,1.00,1.50
2016.08.15 23:50:38.024,1.66528,1.66558,1.00,1.00
2016.08.15 23:50:39.515,1.66523,1.66558,1.00,1.00
2016.08.15 23:50:39.616,1.66523,1.66555,1.00,1.00
2016.08.15 23:50:39.718,1.66523,1.66553,1.00,1.00
2016.08.15 23:50:39.819,1.66523,1.66553,1.00,1.00
2016.08.15 23:50:40.181,1.66523,1.66553,1.00,1.00
2016.08.15 23:50:40.383,1.66523,1.66554,1.00,1.00
2016.08.15 23:50:40.535,1.66523,1.66554,1.00,1.50
2016.08.15 23:50:41.308,1.66524,1.66554,1.00,1.50
2016.08.15 23:50:41.358,1.66524,1.66552,1.00,1.00
2016.08.15 23:50:41.673,1.66524,1.66552,1.00,1.00
2016.08.15 23:50:42.126,1.66523,1.66558,1.00,1.00
2016.08.15 23:50:42.176,1.66523,1.66558,1.00,1.00
2016.08.15 23:50:42.227,1.66523,1.66556,1.00,1.00
2016.08.15 23:50:42.378,1.66523,1.66555,1.00,1.00
2016.08.15 23:50:42.965,1.66523,1.66556,1.00,1.00
2016.08.15 23:50:43.024,1.66523,1.66561,1.00,1.00
2016.08.15 23:50:43.605,1.66523,1.6656,1.00,1.00
2016.08.15 23:50:53.140,1.66528,1.6656,1.00,1.00
2016.08.15 23:50:53.737,1.66524,1.66559,1.00,1.00
2016.08.15 23:50:58.903,1.66523,1.66559,1.00,1.00
2016.08.15 23:50:59.756,1.66528,1.66559,1.00,1.00
2016.08.15 23:51:00.186,1.66518,1.66552,1.00,1.00
2016.08.15 23:51:02.458,1.66519,1.66552,1.00,1.00
2016.08.15 23:51:06.262,1.66513,1.66552,1.00,1.00
2016.08.15 23:51:06.676,1.66518,1.66552,1.00,1.00
2016.08.15 23:51:08.569,1.66519,1.66552,1.00,1.00
2016.08.15 23:51:10.249,1.66518,1.66552,1.00,1.00
2016.08.15 23:51:24.470,1.66523,1.66557,1.00,1.00
2016.08.15 23:51:25.164,1.66528,1.66557,1.00,1.00
2016.08.15 23:51:25.683,1.66523,1.66557,1.00,1.00
2016.08.15 23:51:27.214,1.66529,1.66557,1.00,1.00
2016.08.15 23:51:29.267,1.66524,1.66557,1.00,1.00
2016.08.15 23:51:32.252,1.66529,1.66557,1.00,1.00
2016.08.15 23:51:48.726,1.66524,1.66557,1.00,1.00
2016.08.15 23:51:50.876,1.66528,1.66557,1.00,1.00
2016.08.15 23:51:56.234,1.66523,1.66557,1.00,1.00
2016.08.15 23:51:58.436,1.66518,1.66557,1.50,1.00
2016.08.15 23:51:58.588,1.66518,1.66555,1.00,1.00
2016.08.15 23:51:59.216,1.66518,1.66557,1.00,1.00
2016.08.15 23:51:59.312,1.66518,1.66556,1.00,1.00
2016.08.15 23:51:59.698,1.66518,1.66557,1.00,1.00
2016.08.15 23:51:59.978,1.66518,1.66556,1.00,1.00
2016.08.15 23:52:00.080,1.66518,1.66557,1.00,1.00
2016.08.15 23:52:00.181,1.66518,1.66556,1.00,1.00
2016.08.15 23:52:02.348,1.66519,1.66557,1.00,1.00
2016.08.15 23:52:05.644,1.66523,1.66557,1.00,1.00
2016.08.15 23:52:06.144,1.66518,1.66557,1.00,1.00
2016.08.15 23:52:09.848,1.66523,1.66557,1.00,1.00
2016.08.15 23:52:09.950,1.66523,1.66557,1.00,1.00
2016.08.15 23:52:10.101,1.66518,1.66548,1.00,1.00
2016.08.15 23:52:11.051,1.66518,1.66552,1.00,1.50
2016.08.15 23:52:11.391,1.66518,1.66552,1.00,1.00
2016.08.15 23:52:16.387,1.66523,1.66552,1.00,1.00
2016.08.15 23:52:22.307,1.66518,1.66552,1.00,1.00
2016.08.15 23:52:22.662,1.66518,1.66552,1.00,1.50
2016.08.15 23:52:22.815,1.66518,1.66552,1.00,1.00
2016.08.15 23:52:23.104,1.66523,1.66552,1.00,1.00
2016.08.15 23:52:25.709,1.66523,1.66554,1.00,1.00
2016.08.15 23:52:26.825,1.66518,1.66554,1.00,1.50
2016.08.15 23:52:27.341,1.66523,1.66554,1.00,1.50
2016.08.15 23:52:27.443,1.66523,1.66554,1.00,1.00
2016.08.15 23:52:27.957,1.66529,1.66554,1.00,1.00
2016.08.15 23:52:28.506,1.66528,1.66554,1.00,1.00
2016.08.15 23:52:29.037,1.66529,1.66554,1.00,1.00
2016.08.15 23:52:30.253,1.66529,1.66556,1.00,1.50
2016.08.15 23:52:30.574,1.66524,1.66556,1.00,1.50
2016.08.15 23:52:30.625,1.66524,1.66555,1.00,1.00
2016.08.15 23:52:31.013,1.66529,1.66556,1.00,1.00
2016.08.15 23:52:31.324,1.66528,1.66556,1.00,1.50
2016.08.15 23:52:32.276,1.66529,1.66556,1.00,1.50
2016.08.15 23:52:35.621,1.66518,1.66551,1.00,1.00
2016.08.15 23:52:36.166,1.66519,1.66551,1.00,1.00
2016.08.15 23:52:37.980,1.66518,1.66551,1.00,1.00
2016.08.15 23:52:38.521,1.66519,1.6655,1.00,1.00
2016.08.15 23:52:42.084,1.66518,1.6655,1.00,1.00
2016.08.15 23:52:52.493,1.66513,1.6655,1.00,1.00
2016.08.15 23:52:52.543,1.66513,1.6655,1.00,1.50
2016.08.15 23:53:03.090,1.66513,1.66548,1.00,1.00
2016.08.15 23:53:03.141,1.66513,1.66547,1.00,1.00
2016.08.15 23:53:06.513,1.66518,1.66547,1.00,1.00
2016.08.15 23:53:06.615,1.66513,1.66547,1.00,1.00
2016.08.15 23:53:12.517,1.66518,1.66547,1.00,1.00
2016.08.15 23:53:18.231,1.66513,1.66547,1.00,1.00
2016.08.15 23:53:18.332,1.66519,1.66547,1.00,1.00
2016.08.15 23:53:19.917,1.66514,1.66547,1.00,1.00
2016.08.15 23:53:20.445,1.66513,1.66547,1.00,1.00
2016.08.15 23:53:20.952,1.66509,1.66547,1.00,1.00
2016.08.15 23:53:21.922,1.66508,1.66547,1.00,1.00
2016.08.15 23:53:22.870,1.66508,1.66547,1.50,1.00
2016.08.15 23:53:23.171,1.66508,1.66547,1.00,1.00
2016.08.15 23:53:24.088,1.66508,1.66547,1.50,1.00
2016.08.15 23:53:24.139,1.66513,1.66547,1.00,1.00
2016.08.15 23:53:24.547,1.66508,1.66547,1.50,1.00
2016.08.15 23:53:24.598,1.66508,1.66546,1.00,1.00
2016.08.15 23:53:24.649,1.66505,1.66546,1.00,1.00
2016.08.15 23:53:24.750,1.66503,1.66543,1.50,1.00
2016.08.15 23:53:25.059,1.66503,1.66542,1.00,1.00
2016.08.15 23:53:29.764,1.665,1.66542,1.00,1.00
2016.08.15 23:53:30.328,1.66503,1.66541,1.00,1.00
2016.08.15 23:53:30.873,1.66503,1.66538,1.00,1.00
2016.08.15 23:53:31.176,1.66503,1.66536,1.00,1.00
2016.08.15 23:53:31.278,1.66503,1.66538,1.00,1.00
2016.08.15 23:53:35.454,1.66504,1.66538,1.00,1.00
2016.08.15 23:53:44.381,1.66504,1.6654,1.00,1.00
2016.08.15 23:53:45.057,1.66503,1.6654,1.00,1.00
2016.08.15 23:53:56.249,1.66504,1.6654,1.00,1.00
2016.08.15 23:53:56.300,1.66504,1.66536,1.00,1.00
2016.08.15 23:53:56.452,1.66498,1.66536,1.00,1.00
2016.08.15 23:53:57.303,1.66498,1.66536,1.00,1.50
2016.08.15 23:54:00.997,1.66498,1.66536,1.00,1.00
2016.08.15 23:54:03.548,1.66504,1.66536,1.00,1.00
2016.08.15 23:54:20.956,1.66504,1.66538,1.00,1.00
2016.08.15 23:54:24.481,1.66508,1.66547,1.00,1.00
2016.08.15 23:54:55.825,1.66507,1.66547,1.00,1.00
2016.08.15 23:54:55.875,1.66503,1.66541,1.00,1.50
2016.08.15 23:54:55.976,1.66503,1.6654,1.00,1.00
2016.08.15 23:54:56.926,1.66503,1.66538,1.00,1.00
2016.08.15 23:55:02.045,1.66503,1.66537,1.00,1.00
2016.08.15 23:55:03.348,1.66503,1.66538,1.00,1.00
2016.08.15 23:55:03.449,1.66508,1.66542,1.00,1.00
2016.08.15 23:55:03.550,1.66508,1.66545,1.00,1.00
2016.08.15 23:55:05.958,1.66514,1.66545,1.00,1.00
2016.08.15 23:55:11.515,1.66513,1.66545,1.00,1.00
2016.08.15 23:55:15.268,1.66513,1.66547,1.00,1.00
2016.08.15 23:55:17.886,1.66513,1.66548,1.00,1.00
2016.08.15 23:55:17.937,1.66508,1.66548,1.50,1.00
2016.08.15 23:55:18.339,1.66513,1.66548,1.00,1.00
2016.08.15 23:55:18.741,1.66508,1.66548,1.00,1.00
2016.08.15 23:55:19.742,1.66513,1.66548,1.00,1.00
2016.08.15 23:55:31.132,1.66514,1.66548,1.00,1.00
2016.08.15 23:55:53.450,1.66513,1.66548,1.00,1.00
2016.08.15 23:56:05.461,1.66514,1.66548,1.00,1.00
2016.08.15 23:56:05.935,1.66519,1.66548,1.00,1.00
2016.08.15 23:56:10.005,1.66514,1.66548,1.00,1.00
2016.08.15 23:56:15.764,1.66514,1.66549,1.00,1.00
2016.08.15 23:56:39.597,1.66513,1.66549,1.00,1.00
2016.08.15 23:56:40.286,1.66513,1.66551,1.00,1.00
2016.08.15 23:56:41.316,1.66514,1.66551,1.00,1.00
2016.08.15 23:56:48.431,1.66513,1.66551,1.00,1.00
2016.08.15 23:56:51.444,1.66513,1.6655,1.00,1.00
2016.08.15 23:57:00.832,1.66508,1.66544,1.00,1.00
2016.08.15 23:57:00.934,1.66508,1.66544,1.00,1.00
2016.08.15 23:57:01.053,1.66508,1.66544,1.00,1.50
2016.08.15 23:57:01.154,1.66508,1.66544,1.00,1.00
2016.08.15 23:57:01.255,1.66508,1.66544,1.00,1.00
2016.08.15 23:57:01.421,1.66508,1.66544,1.00,1.00
2016.08.15 23:57:01.623,1.66508,1.66544,1.00,1.00
2016.08.15 23:57:09.232,1.66504,1.66544,1.00,1.00
2016.08.15 23:57:09.329,1.66504,1.66544,1.00,1.00
2016.08.15 23:57:09.430,1.66504,1.66544,1.00,1.00
2016.08.15 23:57:10.524,1.66508,1.66544,1.00,1.00
2016.08.15 23:57:10.575,1.66508,1.66544,1.00,1.00
2016.08.15 23:57:11.438,1.66508,1.66548,1.00,1.50
2016.08.15 23:57:16.265,1.66508,1.66548,1.00,1.00
2016.08.15 23:57:16.565,1.66508,1.66548,1.00,1.50
2016.08.15 23:57:17.730,1.66513,1.66548,1.00,1.50
2016.08.15 23:57:17.781,1.66513,1.66548,1.00,1.00
2016.08.15 23:57:17.831,1.66514,1.66553,1.00,1.50
2016.08.15 23:57:17.882,1.66517,1.66553,1.00,1.00
2016.08.15 23:57:18.224,1.66523,1.66562,1.00,1.00
2016.08.15 23:57:18.931,1.6652,1.66562,1.00,1.00
2016.08.15 23:57:26.337,1.66523,1.66562,1.00,1.00
2016.08.15 23:57:26.738,1.6652,1.66562,1.00,1.00
2016.08.15 23:57:34.585,1.66523,1.66562,1.00,1.00
2016.08.15 23:57:44.660,1.66528,1.66562,1.00,1.00
2016.08.15 23:57:44.846,1.66528,1.66565,1.00,1.00
2016.08.15 23:57:44.983,1.66525,1.66565,1.00,1.00
2016.08.15 23:57:48.256,1.66529,1.66565,1.00,1.00
2016.08.15 23:58:01.368,1.66533,1.66565,1.00,1.00
2016.08.15 23:58:03.069,1.66529,1.66565,1.00,1.00
2016.08.15 23:58:05.071,1.66534,1.66565,1.00,1.00
2016.08.15 23:58:42.702,1.66533,1.66565,1.00,1.00
2016.08.15 23:58:45.091,1.66533,1.66568,1.00,1.00
2016.08.15 23:58:45.641,1.66533,1.66569,1.00,1.00
2016.08.15 23:58:51.384,1.66533,1.66568,1.00,1.00
2016.08.15 23:58:57.114,1.66528,1.66568,1.00,1.00
2016.08.15 23:58:59.557,1.66528,1.66569,1.00,1.00
2016.08.15 23:59:01.828,1.66524,1.66562,1.00,1.00
2016.08.15 23:59:01.879,1.66518,1.66562,1.00,1.50
2016.08.15 23:59:01.929,1.66518,1.66557,1.00,1.00
2016.08.15 23:59:02.031,1.66513,1.66552,1.00,1.00
2016.08.15 23:59:06.523,1.66518,1.66552,1.00,1.00
2016.08.15 23:59:10.173,1.66513,1.66552,1.00,1.00
2016.08.15 23:59:10.727,1.66518,1.66552,1.00,1.00
2016.08.15 23:59:10.826,1.66514,1.66552,1.00,1.00
2016.08.15 23:59:11.332,1.66514,1.66551,1.00,1.00
2016.08.15 23:59:22.047,1.66518,1.66551,1.00,1.00
2016.08.15 23:59:22.097,1.66518,1.66554,1.00,1.00
2016.08.15 23:59:22.148,1.66523,1.66554,1.00,1.00
2016.08.15 23:59:22.350,1.66523,1.66558,1.00,1.00
2016.08.15 23:59:22.785,1.66523,1.66562,1.00,1.00
2016.08.15 23:59:26.791,1.66528,1.66565,1.00,1.00
2016.08.15 23:59:27.094,1.66533,1.66565,1.00,1.00
2016.08.15 23:59:27.245,1.66528,1.66565,1.00,1.00
2016.08.15 23:59:27.439,1.66528,1.66565,1.00,1.00
2016.08.15 23:59:27.540,1.66528,1.66565,1.00,1.00
2016.08.15 23:59:27.591,1.66528,1.66563,1.00,1.00
2016.08.15 23:59:27.642,1.66528,1.66563,1.00,1.00
2016.08.15 23:59:27.743,1.66528,1.6656,1.00,1.00
2016.08.15 23:59:27.844,1.66524,1.6656,1.00,1.00
2016.08.15 23:59:28.159,1.66524,1.66556,1.00,1.00
2016.08.15 23:59:29.070,1.66519,1.66556,1.00,1.00
2016.08.15 23:59:29.888,1.66519,1.66553,1.00,1.00
2016.08.15 23:59:34.187,1.66519,1.66555,1.00,1.00
2016.08.15 23:59:34.748,1.66518,1.66555,1.00,1.00
2016.08.15 23:59:34.847,1.66523,1.66555,1.00,1.00
2016.08.15 23:59:34.999,1.66529,1.6656,1.00,1.00
2016.08.15 23:59:35.049,1.66528,1.6656,1.00,1.00
2016.08.15 23:59:35.201,1.66528,1.66563,1.00,1.00
2016.08.15 23:59:36.149,1.66524,1.66563,1.00,1.00
2016.08.15 23:59:36.251,1.6652,1.6656,1.00,1.00
2016.08.15 23:59:36.302,1.66518,1.66553,1.00,1.00
2016.08.15 23:59:36.352,1.66518,1.66553,1.00,1.00
2016.08.15 23:59:36.403,1.66518,1.6655,1.00,1.00
2016.08.15 23:59:36.706,1.66523,1.6655,1.00,1.00
2016.08.15 23:59:37.059,1.66523,1.66554,1.00,1.00
2016.08.15 23:59:49.762,1.66518,1.66552,1.00,1.00
2016.08.15 23:59:57.536,1.66518,1.66551,1.00,1.00
2016.08.15 23:59:57.586,1.66518,1.66551,1.00,1.00
