2018.02.28 21:00:00.269,1.76633,1.76662,0.75,0.75
2018.02.28 21:00:00.460,1.76629,1.76662,0.75,0.75
2018.02.28 21:00:00.511,1.76632,1.76662,0.75,0.75
2018.02.28 21:00:00.667,1.76637,1.76668,1.12,0.75
2018.02.28 21:00:00.718,1.76642,1.76669,1.50,0.75
2018.02.28 21:00:00.971,1.76638,1.76668,1.50,0.75
2018.02.28 21:00:01.073,1.76639,1.76671,0.75,0.75
2018.02.28 21:00:01.243,1.76638,1.76669,1.50,0.75
2018.02.28 21:00:02.251,1.76639,1.76671,0.37,0.75
2018.02.28 21:00:02.302,1.76643,1.76672,0.75,0.75
2018.02.28 21:00:02.353,1.76643,1.76675,0.75,0.75
2018.02.28 21:00:02.505,1.76644,1.76677,0.37,0.75
2018.02.28 21:00:02.943,1.76648,1.76677,0.75,0.75
2018.02.28 21:00:03.466,1.76647,1.76677,0.75,0.75
2018.02.28 21:00:03.795,1.76644,1.76677,0.37,0.75
2018.02.28 21:00:04.326,1.76643,1.76677,1.31,0.75
2018.02.28 21:00:04.477,1.76645,1.76677,0.56,0.75
2018.02.28 21:00:04.801,1.76649,1.76679,0.75,0.75
2018.02.28 21:00:05.342,1.76648,1.76679,0.75,0.75
2018.02.28 21:00:05.966,1.76649,1.76679,0.75,0.75
2018.02.28 21:00:09.365,1.76648,1.76679,0.75,0.75
2018.02.28 21:00:10.389,1.76649,1.76679,0.75,0.75
2018.02.28 21:00:11.026,1.76648,1.76679,0.75,0.75
2018.02.28 21:00:11.838,1.76649,1.76679,0.94,0.75
2018.02.28 21:00:12.350,1.76648,1.76679,0.75,0.75
2018.02.28 21:00:13.116,1.76649,1.76679,0.75,0.75
2018.02.28 21:00:13.648,1.76648,1.76679,0.75,0.75
2018.02.28 21:00:14.184,1.76649,1.76679,0.75,0.75
2018.02.28 21:00:14.891,1.76648,1.76679,0.75,0.75
2018.02.28 21:00:15.195,1.76653,1.76679,0.75,0.75
2018.02.28 21:00:15.729,1.76652,1.76678,0.75,0.75
2018.02.28 21:00:15.832,1.76651,1.7668,0.75,0.75
2018.02.28 21:00:15.958,1.76652,1.76678,0.75,0.75
2018.02.28 21:00:16.198,1.76652,1.7668,0.75,0.75
2018.02.28 21:00:16.350,1.76656,1.76681,0.75,0.75
2018.02.28 21:00:16.401,1.76656,1.76683,0.75,0.75
2018.02.28 21:00:16.705,1.76657,1.76681,0.75,0.19
2018.02.28 21:00:16.858,1.76651,1.76676,0.75,0.75
2018.02.28 21:00:17.238,1.76653,1.76675,0.75,0.75
2018.02.28 21:00:17.492,1.76653,1.76679,0.94,0.75
2018.02.28 21:00:18.225,1.76652,1.76679,1.50,0.75
2018.02.28 21:00:18.774,1.76653,1.76678,0.75,0.75
2018.02.28 21:00:19.680,1.76653,1.76677,0.75,0.75
2018.02.28 21:00:20.452,1.76652,1.76677,1.50,0.75
2018.02.28 21:00:22.783,1.76652,1.76676,1.50,0.75
2018.02.28 21:00:23.162,1.76649,1.76674,0.75,0.75
2018.02.28 21:00:23.679,1.76647,1.76673,0.75,0.75
2018.02.28 21:00:24.592,1.76647,1.76671,0.75,0.75
2018.02.28 21:00:24.809,1.7665,1.76675,0.19,0.75
2018.02.28 21:00:24.861,1.76655,1.76679,0.75,0.75
2018.02.28 21:00:24.912,1.76655,1.76681,0.75,0.75
2018.02.28 21:00:25.014,1.76657,1.76681,0.19,0.75
2018.02.28 21:00:25.065,1.76655,1.76685,0.94,0.75
2018.02.28 21:00:25.207,1.76659,1.76685,1.50,0.75
2018.02.28 21:00:25.461,1.76664,1.76692,0.75,0.75
2018.02.28 21:00:25.668,1.76665,1.76688,0.75,0.75
2018.02.28 21:00:26.268,1.76664,1.76689,1.50,0.75
2018.02.28 21:00:26.771,1.76664,1.76688,0.75,0.75
2018.02.28 21:00:26.822,1.76661,1.76686,0.75,0.75
2018.02.28 21:00:26.924,1.76658,1.76686,0.94,0.75
2018.02.28 21:00:27.439,1.76659,1.76685,0.94,0.75
2018.02.28 21:00:27.766,1.76661,1.76687,0.94,0.75
2018.02.28 21:00:28.267,1.7666,1.76687,0.94,0.75
2018.02.28 21:00:29.318,1.7666,1.76685,0.94,0.75
2018.02.28 21:00:30.144,1.7666,1.76686,0.75,0.75
2018.02.28 21:00:30.904,1.7666,1.76689,1.31,0.75
2018.02.28 21:00:30.954,1.76663,1.76688,0.94,0.75
2018.02.28 21:00:31.547,1.76659,1.76687,0.75,0.75
2018.02.28 21:00:31.599,1.7666,1.76685,0.19,0.75
2018.02.28 21:00:33.307,1.7666,1.76684,0.19,0.75
2018.02.28 21:00:33.482,1.76663,1.76688,1.69,0.75
2018.02.28 21:00:33.534,1.76666,1.76691,0.94,0.75
2018.02.28 21:00:33.688,1.76673,1.76702,0.75,0.75
2018.02.28 21:00:33.739,1.76677,1.76703,0.75,0.75
2018.02.28 21:00:33.956,1.76675,1.76706,0.75,0.75
2018.02.28 21:00:34.007,1.7668,1.76706,0.75,0.75
2018.02.28 21:00:34.534,1.76678,1.76706,0.75,0.75
2018.02.28 21:00:35.044,1.76678,1.76705,0.75,0.75
2018.02.28 21:00:35.581,1.76679,1.76705,0.75,0.75
2018.02.28 21:00:35.951,1.76676,1.76703,0.75,0.75
2018.02.28 21:00:36.254,1.76676,1.76701,0.75,0.75
2018.02.28 21:00:36.758,1.76676,1.76702,0.75,0.75
2018.02.28 21:00:37.370,1.76677,1.76703,0.75,0.75
2018.02.28 21:00:37.693,1.76674,1.76699,0.75,0.75
2018.02.28 21:00:37.795,1.76675,1.76701,0.94,0.75
2018.02.28 21:00:37.846,1.76677,1.76701,0.75,0.75
2018.02.28 21:00:38.265,1.7668,1.76703,0.75,0.75
2018.02.28 21:00:39.369,1.76679,1.76703,0.75,0.75
2018.02.28 21:00:40.093,1.76679,1.76702,0.75,0.75
2018.02.28 21:00:41.512,1.7668,1.76702,0.75,0.75
2018.02.28 21:00:41.718,1.7668,1.76704,0.75,0.75
2018.02.28 21:00:41.820,1.7668,1.76702,0.75,0.75
2018.02.28 21:00:42.465,1.76677,1.76699,0.75,0.75
2018.02.28 21:00:42.638,1.76672,1.76699,0.75,0.75
2018.02.28 21:00:42.740,1.76671,1.76694,0.75,0.75
2018.02.28 21:00:43.329,1.76672,1.76695,0.75,0.75
2018.02.28 21:00:43.498,1.76672,1.76698,0.75,0.75
2018.02.28 21:00:43.549,1.76675,1.76698,0.75,0.75
2018.02.28 21:00:44.018,1.76672,1.76698,0.75,0.75
2018.02.28 21:00:44.546,1.76671,1.76698,1.50,0.75
2018.02.28 21:00:45.198,1.76672,1.76698,0.75,0.75
2018.02.28 21:00:45.838,1.76674,1.76696,0.75,0.75
2018.02.28 21:00:46.248,1.76674,1.76698,0.75,0.75
2018.02.28 21:00:46.988,1.76675,1.76698,0.75,0.75
2018.02.28 21:00:47.356,1.76675,1.76702,0.75,0.75
2018.02.28 21:00:47.509,1.76678,1.76702,0.75,0.75
2018.02.28 21:00:47.691,1.76678,1.76705,0.75,0.75
2018.02.28 21:00:49.422,1.76678,1.76707,0.75,0.75
2018.02.28 21:00:49.982,1.76679,1.76706,0.75,0.75
2018.02.28 21:00:50.273,1.76678,1.76704,0.75,0.75
2018.02.28 21:00:50.576,1.76682,1.76707,0.75,0.75
2018.02.28 21:00:50.677,1.76682,1.76709,0.75,0.75
2018.02.28 21:00:50.728,1.76685,1.76709,1.50,0.75
2018.02.28 21:00:51.538,1.76685,1.7671,1.50,0.75
2018.02.28 21:00:51.695,1.76685,1.76712,1.50,0.75
2018.02.28 21:00:51.927,1.7669,1.76711,0.75,0.75
2018.02.28 21:00:52.131,1.76689,1.76713,1.50,0.75
2018.02.28 21:00:52.334,1.7669,1.76716,0.75,0.75
2018.02.28 21:00:52.487,1.7669,1.76714,0.75,0.75
2018.02.28 21:00:52.938,1.76689,1.76716,0.75,0.75
2018.02.28 21:00:52.989,1.76687,1.76715,0.94,0.75
2018.02.28 21:00:53.722,1.76684,1.76714,1.50,0.19
2018.02.28 21:00:53.773,1.76682,1.76712,0.94,0.75
2018.02.28 21:00:54.078,1.7668,1.76708,1.69,0.75
2018.02.28 21:00:55.110,1.7668,1.76707,1.50,0.75
2018.02.28 21:00:55.730,1.7668,1.76706,0.75,0.75
2018.02.28 21:00:56.566,1.76678,1.76707,0.19,0.75
2018.02.28 21:00:57.094,1.76681,1.76707,0.19,0.75
2018.02.28 21:00:57.196,1.76678,1.76708,0.19,0.75
2018.02.28 21:00:57.713,1.76679,1.76707,0.19,0.75
2018.02.28 21:00:57.764,1.76676,1.76702,1.69,0.75
2018.02.28 21:00:57.968,1.76677,1.76704,0.19,0.75
2018.02.28 21:00:58.600,1.76677,1.76703,0.19,0.75
2018.02.28 21:01:00.653,1.7668,1.76705,0.19,0.75
2018.02.28 21:01:01.029,1.76678,1.76704,0.19,0.75
2018.02.28 21:01:01.621,1.76677,1.76704,0.19,0.75
2018.02.28 21:01:02.015,1.76677,1.76707,0.56,0.75
2018.02.28 21:01:03.093,1.76678,1.76707,0.19,0.75
2018.02.28 21:01:03.246,1.76678,1.76704,0.19,0.75
2018.02.28 21:01:03.686,1.76678,1.76702,0.19,0.75
2018.02.28 21:01:03.827,1.76676,1.76702,0.19,0.75
2018.02.28 21:01:03.930,1.7668,1.76703,0.19,0.75
2018.02.28 21:01:04.133,1.7668,1.76705,0.75,0.75
2018.02.28 21:01:04.363,1.76678,1.76702,0.75,0.75
2018.02.28 21:01:04.414,1.76674,1.76702,0.19,0.75
2018.02.28 21:01:04.516,1.76674,1.767,0.19,0.75
2018.02.28 21:01:04.846,1.76675,1.76698,0.19,0.75
2018.02.28 21:01:05.308,1.76675,1.767,0.19,0.75
2018.02.28 21:01:05.390,1.76673,1.767,0.19,0.75
2018.02.28 21:01:05.919,1.76673,1.76699,0.19,0.75
2018.02.28 21:01:05.970,1.76676,1.76699,0.19,0.75
2018.02.28 21:01:06.021,1.76674,1.76699,0.19,0.75
2018.02.28 21:01:06.648,1.76675,1.767,0.19,0.75
2018.02.28 21:01:07.485,1.76675,1.76701,0.19,0.75
2018.02.28 21:01:08.021,1.76674,1.76702,0.56,0.75
2018.02.28 21:01:08.706,1.76675,1.76702,0.56,0.75
2018.02.28 21:01:09.364,1.76674,1.76702,0.75,0.75
2018.02.28 21:01:10.242,1.76677,1.76702,0.19,0.75
2018.02.28 21:01:10.819,1.76678,1.76702,0.19,0.75
2018.02.28 21:01:12.842,1.76677,1.76702,0.19,0.75
2018.02.28 21:01:14.154,1.76676,1.76702,0.19,0.75
2018.02.28 21:01:15.164,1.76677,1.76702,0.19,0.75
2018.02.28 21:01:15.474,1.76676,1.767,0.19,0.75
2018.02.28 21:01:15.778,1.76676,1.76702,0.19,0.75
2018.02.28 21:01:16.362,1.76677,1.76703,0.19,0.75
2018.02.28 21:01:17.022,1.76677,1.76702,0.19,0.75
2018.02.28 21:01:17.538,1.76676,1.76702,0.19,0.75
2018.02.28 21:01:18.776,1.76675,1.76702,0.19,0.75
2018.02.28 21:01:19.382,1.76675,1.76701,0.19,0.75
2018.02.28 21:01:19.993,1.76675,1.767,0.19,0.75
2018.02.28 21:01:20.535,1.76672,1.767,0.94,0.75
2018.02.28 21:01:20.586,1.76668,1.76694,0.75,0.75
2018.02.28 21:01:20.891,1.76657,1.76681,0.19,0.75
2018.02.28 21:01:20.942,1.76657,1.76683,0.19,0.75
2018.02.28 21:01:21.483,1.76658,1.76683,0.19,0.75
2018.02.28 21:01:21.589,1.76661,1.76686,0.19,0.75
2018.02.28 21:01:21.894,1.7666,1.76683,0.19,0.75
2018.02.28 21:01:22.238,1.76658,1.76683,0.19,0.75
2018.02.28 21:01:23.231,1.76658,1.76682,0.19,0.75
2018.02.28 21:01:23.595,1.76653,1.76678,1.50,0.75
2018.02.28 21:01:23.647,1.7665,1.76677,0.75,0.75
2018.02.28 21:01:23.698,1.76652,1.76677,0.37,0.75
2018.02.28 21:01:23.850,1.76655,1.76681,0.75,0.75
2018.02.28 21:01:24.376,1.76655,1.76682,0.75,0.75
2018.02.28 21:01:24.977,1.76656,1.76682,0.75,0.75
2018.02.28 21:01:25.029,1.76658,1.76682,0.75,0.75
2018.02.28 21:01:26.175,1.76656,1.76682,0.75,0.75
2018.02.28 21:01:26.747,1.76655,1.76682,0.75,0.75
2018.02.28 21:01:27.261,1.76655,1.76681,0.75,0.75
2018.02.28 21:01:27.362,1.76658,1.76684,0.75,0.75
2018.02.28 21:01:28.298,1.76659,1.76683,0.75,0.75
2018.02.28 21:01:28.349,1.76654,1.76682,0.75,0.75
2018.02.28 21:01:28.816,1.76655,1.76685,0.75,0.75
2018.02.28 21:01:28.968,1.76657,1.76685,0.94,0.75
2018.02.28 21:01:29.339,1.76662,1.76686,0.75,0.75
2018.02.28 21:01:29.390,1.76662,1.76688,0.75,0.75
2018.02.28 21:01:29.823,1.76663,1.76685,0.75,0.75
2018.02.28 21:01:29.874,1.76659,1.76683,0.75,0.75
2018.02.28 21:01:29.926,1.76656,1.76682,1.50,0.75
2018.02.28 21:01:30.538,1.76656,1.76683,0.75,0.75
2018.02.28 21:01:30.922,1.76652,1.76679,0.75,0.75
2018.02.28 21:01:31.524,1.76653,1.76679,0.75,0.75
2018.02.28 21:01:31.829,1.76656,1.76682,0.75,0.75
2018.02.28 21:01:31.881,1.76656,1.76685,0.75,0.75
2018.02.28 21:01:31.932,1.76659,1.76685,0.75,0.75
2018.02.28 21:01:32.034,1.76659,1.76688,0.94,0.75
2018.02.28 21:01:32.136,1.76664,1.76688,0.75,0.75
2018.02.28 21:01:32.339,1.76664,1.7669,0.75,0.75
2018.02.28 21:01:32.575,1.76663,1.76688,0.75,0.75
2018.02.28 21:01:33.334,1.76664,1.76688,0.75,0.75
2018.02.28 21:01:33.837,1.76663,1.76688,0.75,0.75
2018.02.28 21:01:34.462,1.76664,1.76688,0.75,0.75
2018.02.28 21:01:34.695,1.76656,1.76681,0.75,0.75
2018.02.28 21:01:34.797,1.7666,1.76681,0.75,0.75
2018.02.28 21:01:34.949,1.76656,1.76678,0.75,0.75
2018.02.28 21:01:35.051,1.76659,1.76682,0.75,0.75
2018.02.28 21:01:35.585,1.76659,1.76681,0.75,0.75
2018.02.28 21:01:38.281,1.76659,1.76683,0.75,0.75
2018.02.28 21:01:39.164,1.76656,1.76681,1.50,0.75
2018.02.28 21:01:39.216,1.76659,1.76681,0.75,0.75
2018.02.28 21:01:39.318,1.76659,1.76683,0.75,0.75
2018.02.28 21:01:40.019,1.7666,1.76683,0.75,0.75
2018.02.28 21:01:40.891,1.7666,1.76682,0.75,0.75
2018.02.28 21:01:41.400,1.7666,1.76683,0.94,0.75
2018.02.28 21:01:41.553,1.7666,1.76681,0.75,0.75
2018.02.28 21:01:41.604,1.76657,1.76679,0.75,0.75
2018.02.28 21:01:42.152,1.76656,1.76679,1.50,0.75
2018.02.28 21:01:42.254,1.76655,1.76677,0.75,0.75
2018.02.28 21:01:42.815,1.76656,1.76677,0.75,0.75
2018.02.28 21:01:43.510,1.76656,1.76676,0.75,0.75
2018.02.28 21:01:44.156,1.76655,1.76678,0.75,0.75
2018.02.28 21:01:44.829,1.76655,1.76677,0.75,0.75
2018.02.28 21:01:45.404,1.76655,1.76678,0.75,0.75
2018.02.28 21:01:45.662,1.76655,1.76676,0.75,0.75
2018.02.28 21:01:46.670,1.76656,1.76678,0.75,0.75
2018.02.28 21:01:47.047,1.76653,1.76678,0.75,0.75
2018.02.28 21:01:48.065,1.76654,1.76678,0.75,0.75
2018.02.28 21:01:49.389,1.76653,1.76678,0.75,0.75
2018.02.28 21:01:50.186,1.76649,1.76673,1.50,0.75
2018.02.28 21:01:50.237,1.76644,1.76674,4.50,0.75
2018.02.28 21:01:50.340,1.76644,1.76671,0.75,0.75
2018.02.28 21:01:50.664,1.76651,1.7667,1.50,0.75
2018.02.28 21:01:50.817,1.76644,1.76672,0.75,0.75
2018.02.28 21:01:50.869,1.76647,1.76672,0.75,0.75
2018.02.28 21:01:51.218,1.76649,1.76674,0.75,0.75
2018.02.28 21:01:51.687,1.76648,1.76671,0.75,0.75
2018.02.28 21:01:52.210,1.76648,1.76672,0.75,0.75
2018.02.28 21:01:52.749,1.76649,1.76672,0.75,0.75
2018.02.28 21:01:52.959,1.76641,1.76667,3.75,0.75
2018.02.28 21:01:53.060,1.76639,1.76668,0.19,0.75
2018.02.28 21:01:53.111,1.76645,1.76668,0.75,0.75
2018.02.28 21:01:53.263,1.76643,1.76667,0.75,0.75
2018.02.28 21:01:53.314,1.76643,1.76665,0.75,0.75
2018.02.28 21:01:53.467,1.76639,1.76663,0.75,0.75
2018.02.28 21:01:54.468,1.7664,1.76663,0.75,0.75
2018.02.28 21:01:54.576,1.76639,1.76661,1.50,0.75
2018.02.28 21:01:55.364,1.7664,1.76661,0.75,0.75
2018.02.28 21:01:55.466,1.76636,1.76658,0.75,0.75
2018.02.28 21:01:55.518,1.7663,1.76657,1.50,0.75
2018.02.28 21:01:55.776,1.76629,1.76655,0.75,0.75
2018.02.28 21:01:56.130,1.76633,1.76657,0.75,0.75
2018.02.28 21:01:56.550,1.76633,1.76653,0.75,0.75
2018.02.28 21:01:56.753,1.76633,1.76655,0.75,0.75
2018.02.28 21:01:57.361,1.76633,1.76654,0.75,0.75
2018.02.28 21:01:57.595,1.76632,1.76656,0.75,0.75
2018.02.28 21:01:58.261,1.76632,1.76655,0.75,0.75
2018.02.28 21:01:58.659,1.76635,1.76655,0.75,0.75
2018.02.28 21:01:58.710,1.76635,1.76657,0.75,0.75
2018.02.28 21:02:00.124,1.76636,1.76657,0.75,0.75
2018.02.28 21:02:00.713,1.76635,1.76658,0.75,0.75
2018.02.28 21:02:01.290,1.76629,1.76658,0.75,0.75
2018.02.28 21:02:01.544,1.76631,1.76657,0.75,0.75
2018.02.28 21:02:02.186,1.76632,1.76657,0.75,0.75
2018.02.28 21:02:02.491,1.76634,1.7666,0.75,0.75
2018.02.28 21:02:03.080,1.76634,1.76659,0.75,0.75
2018.02.28 21:02:03.605,1.76636,1.7666,0.75,0.75
2018.02.28 21:02:04.109,1.76635,1.76661,0.75,0.75
2018.02.28 21:02:04.644,1.76636,1.76661,0.75,0.75
2018.02.28 21:02:05.333,1.76631,1.76659,1.50,0.75
2018.02.28 21:02:05.385,1.76629,1.76653,0.75,0.75
2018.02.28 21:02:05.436,1.76627,1.76654,0.75,0.75
2018.02.28 21:02:05.538,1.76624,1.76652,0.19,0.75
2018.02.28 21:02:05.742,1.76634,1.76656,0.75,0.75
2018.02.28 21:02:05.793,1.76633,1.7666,0.75,0.75
2018.02.28 21:02:05.844,1.76633,1.76658,0.75,0.75
2018.02.28 21:02:06.364,1.76633,1.76659,0.75,0.75
2018.02.28 21:02:06.971,1.76633,1.7666,0.75,0.75
2018.02.28 21:02:07.313,1.76633,1.76652,0.75,0.75
2018.02.28 21:02:07.364,1.7663,1.76652,0.67,0.75
2018.02.28 21:02:07.466,1.76634,1.76652,0.75,0.75
2018.02.28 21:02:07.597,1.76635,1.76658,0.75,0.75
2018.02.28 21:02:08.151,1.76635,1.76659,0.75,0.75
2018.02.28 21:02:08.800,1.76634,1.76659,0.75,0.75
2018.02.28 21:02:09.302,1.76634,1.7666,0.75,0.75
2018.02.28 21:02:09.921,1.76638,1.7666,0.75,0.75
2018.02.28 21:02:11.050,1.76634,1.7666,0.75,0.75
2018.02.28 21:02:11.101,1.76633,1.76651,0.75,0.75
2018.02.28 21:02:11.152,1.76632,1.76653,0.75,0.75
2018.02.28 21:02:11.752,1.76633,1.76654,0.75,0.75
2018.02.28 21:02:12.153,1.76633,1.76657,0.75,0.75
2018.02.28 21:02:12.305,1.76636,1.76657,0.75,0.75
2018.02.28 21:02:12.478,1.76635,1.76659,0.75,0.75
2018.02.28 21:02:13.215,1.76636,1.76659,0.75,0.75
2018.02.28 21:02:13.837,1.76635,1.76659,0.75,0.75
2018.02.28 21:02:15.218,1.76635,1.76657,0.75,0.75
2018.02.28 21:02:15.871,1.76636,1.76657,0.75,0.75
2018.02.28 21:02:16.421,1.76635,1.76658,0.75,0.75
2018.02.28 21:02:17.005,1.76635,1.76657,0.75,0.75
2018.02.28 21:02:17.553,1.76635,1.76658,0.75,0.75
2018.02.28 21:02:17.758,1.76633,1.76664,0.75,0.75
2018.02.28 21:02:17.859,1.76637,1.76663,0.75,0.75
2018.02.28 21:02:18.366,1.76637,1.76662,0.75,0.75
2018.02.28 21:02:18.936,1.76637,1.7666,0.75,0.75
2018.02.28 21:02:19.039,1.76635,1.76661,0.75,0.75
2018.02.28 21:02:21.317,1.76635,1.7666,0.75,0.75
2018.02.28 21:02:23.226,1.76635,1.76661,0.75,0.75
2018.02.28 21:02:24.991,1.76635,1.76662,0.75,0.75
2018.02.28 21:02:25.533,1.76635,1.76661,0.75,0.75
2018.02.28 21:02:26.588,1.76636,1.76661,0.75,0.75
2018.02.28 21:02:27.097,1.76635,1.76661,1.50,0.75
2018.02.28 21:02:28.736,1.76635,1.76662,1.50,0.75
2018.02.28 21:02:30.405,1.76635,1.76664,1.50,0.75
2018.02.28 21:02:33.685,1.76636,1.76664,0.75,0.75
2018.02.28 21:02:33.838,1.7664,1.76664,0.75,0.75
2018.02.28 21:02:34.111,1.76638,1.76663,0.75,0.75
2018.02.28 21:02:34.763,1.76638,1.76664,0.75,0.75
2018.02.28 21:02:35.902,1.76638,1.76663,0.75,0.75
2018.02.28 21:02:36.481,1.76638,1.76664,0.75,0.75
2018.02.28 21:02:38.897,1.7664,1.76664,0.19,0.75
2018.02.28 21:02:38.949,1.76644,1.76671,0.19,0.75
2018.02.28 21:02:39.051,1.76648,1.76676,0.75,0.75
2018.02.28 21:02:39.661,1.76648,1.76677,1.50,0.75
2018.02.28 21:02:40.436,1.76648,1.76678,1.87,0.75
2018.02.28 21:02:41.253,1.76649,1.76678,1.12,0.75
2018.02.28 21:02:41.790,1.76648,1.76678,1.87,0.75
2018.02.28 21:02:43.308,1.76649,1.76678,0.75,0.75
2018.02.28 21:02:45.819,1.76651,1.76678,0.37,0.75
2018.02.28 21:02:45.922,1.76651,1.7668,0.19,0.75
2018.02.28 21:02:46.762,1.7665,1.7668,0.37,0.75
2018.02.28 21:02:47.360,1.76651,1.7668,0.37,0.75
2018.02.28 21:02:47.791,1.76653,1.7668,0.75,0.75
2018.02.28 21:02:48.339,1.76652,1.7668,0.75,0.75
2018.02.28 21:02:48.861,1.76653,1.76681,0.75,0.75
2018.02.28 21:02:49.972,1.76652,1.76681,0.75,0.75
2018.02.28 21:02:51.144,1.76652,1.76682,0.75,0.75
2018.02.28 21:02:51.685,1.76652,1.76681,0.75,0.75
2018.02.28 21:02:52.200,1.76653,1.76681,0.75,0.75
2018.02.28 21:02:52.783,1.76652,1.76681,0.75,0.75
2018.02.28 21:02:57.923,1.76652,1.7668,0.75,0.75
2018.02.28 21:02:58.772,1.76652,1.76682,0.75,0.75
2018.02.28 21:02:59.378,1.76653,1.76682,0.75,0.75
2018.02.28 21:03:03.960,1.76653,1.76681,0.75,0.75
2018.02.28 21:03:05.941,1.76654,1.76681,0.94,0.75
2018.02.28 21:03:10.436,1.76655,1.76681,0.19,0.75
2018.02.28 21:03:10.543,1.7666,1.76682,0.75,0.75
2018.02.28 21:03:10.593,1.7666,1.76691,1.50,0.75
2018.02.28 21:03:11.495,1.76661,1.76691,0.75,0.75
2018.02.28 21:03:11.996,1.7666,1.76691,0.75,0.75
2018.02.28 21:03:16.670,1.76661,1.76692,0.75,0.94
2018.02.28 21:03:18.694,1.76659,1.7669,0.75,0.94
2018.02.28 21:03:19.116,1.76659,1.76688,0.75,0.75
2018.02.28 21:03:19.632,1.76659,1.76689,0.75,0.75
2018.02.28 21:03:20.064,1.76659,1.76687,0.75,0.75
2018.02.28 21:03:20.407,1.76661,1.76688,0.75,0.94
2018.02.28 21:03:22.308,1.76659,1.76686,0.75,0.75
2018.02.28 21:03:22.622,1.7666,1.76688,0.75,0.75
2018.02.28 21:03:23.234,1.7666,1.76689,0.75,0.75
2018.02.28 21:03:23.885,1.7666,1.76688,0.75,0.75
2018.02.28 21:03:25.044,1.76659,1.76688,0.75,0.75
2018.02.28 21:03:25.505,1.76661,1.76688,0.75,0.75
2018.02.28 21:03:25.556,1.76661,1.76691,0.75,0.19
2018.02.28 21:03:26.104,1.7666,1.7669,0.75,0.75
2018.02.28 21:03:27.967,1.7666,1.76689,0.75,0.75
2018.02.28 21:03:28.915,1.76661,1.76689,0.75,0.75
2018.02.28 21:03:29.017,1.76661,1.76687,0.75,0.75
2018.02.28 21:03:29.259,1.76661,1.76689,0.75,0.75
2018.02.28 21:03:29.869,1.7666,1.7669,0.75,0.75
2018.02.28 21:03:30.531,1.7666,1.76691,0.75,0.75
2018.02.28 21:03:31.193,1.7666,1.7669,0.75,0.75
2018.02.28 21:03:32.494,1.76657,1.7669,1.50,0.75
2018.02.28 21:03:32.843,1.76658,1.76685,0.75,0.75
2018.02.28 21:03:32.894,1.76655,1.76685,0.75,0.75
2018.02.28 21:03:33.502,1.76654,1.76684,0.75,0.75
2018.02.28 21:03:35.206,1.76654,1.76685,0.75,0.75
2018.02.28 21:03:35.532,1.76657,1.76687,0.75,0.75
2018.02.28 21:03:36.144,1.76657,1.76688,0.75,0.75
2018.02.28 21:03:37.398,1.76658,1.76689,0.75,0.94
2018.02.28 21:03:38.006,1.76657,1.76689,0.75,0.75
2018.02.28 21:03:38.314,1.76661,1.76692,0.75,0.75
2018.02.28 21:03:38.734,1.76661,1.7669,0.75,0.75
2018.02.28 21:03:39.239,1.76662,1.7669,0.75,0.75
2018.02.28 21:03:39.341,1.76655,1.76684,1.50,0.75
2018.02.28 21:03:39.392,1.76654,1.76682,2.25,0.75
2018.02.28 21:03:40.612,1.76655,1.76682,0.75,0.75
2018.02.28 21:03:41.906,1.76654,1.76683,0.75,0.75
2018.02.28 21:03:44.913,1.76654,1.76684,0.75,0.94
2018.02.28 21:03:45.422,1.76654,1.76682,1.50,0.75
2018.02.28 21:03:46.085,1.76654,1.76683,1.50,0.75
2018.02.28 21:03:48.113,1.76655,1.76683,0.75,0.94
2018.02.28 21:03:52.051,1.76654,1.76683,1.50,0.75
2018.02.28 21:03:54.767,1.76653,1.76683,1.50,0.75
2018.02.28 21:03:56.694,1.76653,1.76684,1.50,0.75
2018.02.28 21:03:57.930,1.76653,1.76683,1.50,0.75
2018.02.28 21:03:58.944,1.76653,1.76684,1.50,0.75
2018.02.28 21:03:59.795,1.76653,1.76683,1.50,0.75
2018.02.28 21:04:00.861,1.76654,1.76683,0.94,0.75
2018.02.28 21:04:00.963,1.76653,1.76686,0.94,0.75
2018.02.28 21:04:01.014,1.76657,1.76686,1.50,0.75
2018.02.28 21:04:01.317,1.76657,1.76688,1.00,1.25
2018.02.28 21:04:02.503,1.76657,1.76689,1.00,1.00
2018.02.28 21:04:02.656,1.76657,1.76691,1.00,1.25
2018.02.28 21:04:03.312,1.76657,1.7669,1.00,1.25
2018.02.28 21:04:06.536,1.76657,1.76691,1.00,1.25
2018.02.28 21:04:07.157,1.76657,1.76691,1.00,1.38
2018.02.28 21:04:07.931,1.76658,1.7669,1.00,1.44
2018.02.28 21:04:10.275,1.76657,1.76692,1.00,1.69
2018.02.28 21:04:10.326,1.76657,1.76692,1.50,2.63
2018.02.28 21:04:10.830,1.76658,1.76691,1.00,1.44
2018.02.28 21:04:11.339,1.76657,1.76691,1.25,1.25
2018.02.28 21:04:15.263,1.76657,1.76692,1.25,1.25
2018.02.28 21:04:16.895,1.76658,1.76691,1.25,1.00
2018.02.28 21:04:17.226,1.7666,1.76694,1.00,1.88
2018.02.28 21:04:17.770,1.76661,1.76693,1.00,1.44
2018.02.28 21:04:21.587,1.7666,1.76693,1.00,1.44
2018.02.28 21:04:22.895,1.7666,1.76691,1.00,1.00
2018.02.28 21:04:28.898,1.7666,1.76693,1.00,1.25
2018.02.28 21:04:29.009,1.7666,1.76693,1.00,1.88
2018.02.28 21:04:30.777,1.76661,1.76692,1.00,1.00
2018.02.28 21:04:31.103,1.7666,1.76692,1.00,1.38
2018.02.28 21:04:32.458,1.76659,1.76693,1.50,1.88
2018.02.28 21:04:32.990,1.7666,1.76693,1.00,1.38
2018.02.28 21:04:34.026,1.7666,1.7669,1.00,1.00
2018.02.28 21:04:34.662,1.7666,1.76691,1.00,1.25
2018.02.28 21:04:35.328,1.76659,1.76691,1.00,1.69
2018.02.28 21:04:35.558,1.76657,1.76691,1.25,1.50
2018.02.28 21:04:36.593,1.76658,1.76691,1.25,1.69
2018.02.28 21:04:37.217,1.76657,1.76691,1.25,1.00
2018.02.28 21:04:38.363,1.7666,1.76692,1.00,1.00
2018.02.28 21:04:38.971,1.7666,1.76693,1.00,1.00
2018.02.28 21:04:39.581,1.76661,1.76693,1.00,1.00
2018.02.28 21:04:40.673,1.76661,1.76691,1.00,1.00
2018.02.28 21:04:41.905,1.76661,1.76693,1.00,1.00
2018.02.28 21:04:42.227,1.7666,1.76689,1.50,1.00
2018.02.28 21:04:42.650,1.76654,1.76684,1.00,1.00
2018.02.28 21:04:43.219,1.7665,1.76685,1.94,1.25
2018.02.28 21:04:44.077,1.76653,1.76684,1.31,1.00
2018.02.28 21:04:44.749,1.7665,1.76685,1.94,1.00
2018.02.28 21:04:45.332,1.7665,1.76684,1.94,1.00
2018.02.28 21:04:49.332,1.7665,1.76685,1.94,1.00
2018.02.28 21:04:50.987,1.76651,1.76684,1.56,1.00
2018.02.28 21:04:51.600,1.76651,1.76685,2.63,1.00
2018.02.28 21:04:52.313,1.76651,1.76685,2.44,1.00
2018.02.28 21:04:52.830,1.76653,1.76686,1.56,1.00
2018.02.28 21:04:56.267,1.76653,1.76687,2.06,1.00
2018.02.28 21:04:56.808,1.76654,1.76688,1.56,1.00
2018.02.28 21:04:57.388,1.76654,1.76687,1.56,1.00
2018.02.28 21:04:57.920,1.76653,1.76688,1.56,1.50
2018.02.28 21:04:58.502,1.76651,1.76684,1.25,1.69
2018.02.28 21:05:00.833,1.7665,1.76683,1.56,1.00
2018.02.28 21:05:01.321,1.7665,1.76683,1.25,1.00
2018.02.28 21:05:01.372,1.7665,1.76683,1.19,1.00
2018.02.28 21:05:01.423,1.7665,1.76683,1.25,1.00
2018.02.28 21:05:01.474,1.76649,1.76684,1.56,1.00
2018.02.28 21:05:03.394,1.76649,1.76683,2.06,1.00
2018.02.28 21:05:06.659,1.76649,1.76682,2.06,1.00
2018.02.28 21:05:07.366,1.76649,1.76681,1.56,1.00
2018.02.28 21:05:07.416,1.76649,1.76683,1.56,1.00
2018.02.28 21:05:08.120,1.76649,1.76683,1.25,1.25
2018.02.28 21:05:08.171,1.76649,1.76681,1.25,1.00
2018.02.28 21:05:08.505,1.76649,1.76681,1.56,1.00
2018.02.28 21:05:09.145,1.76649,1.76684,1.56,1.88
2018.02.28 21:05:09.753,1.76649,1.76684,1.56,1.69
2018.02.28 21:05:11.564,1.76649,1.76684,1.25,1.50
2018.02.28 21:05:11.666,1.76649,1.76684,1.56,1.50
2018.02.28 21:05:11.990,1.76649,1.76682,1.56,1.00
2018.02.28 21:05:12.765,1.76649,1.76681,1.56,1.00
2018.02.28 21:05:13.384,1.76649,1.76681,1.37,1.00
2018.02.28 21:05:13.874,1.7665,1.76682,1.56,1.00
2018.02.28 21:05:14.358,1.7665,1.76684,1.31,1.25
2018.02.28 21:05:14.561,1.76651,1.76682,1.31,1.00
2018.02.28 21:05:14.714,1.76656,1.76687,1.25,1.00
2018.02.28 21:05:14.868,1.76655,1.76685,1.00,1.25
2018.02.28 21:05:15.232,1.76645,1.76677,1.94,1.50
2018.02.28 21:05:15.519,1.76647,1.7668,1.56,1.25
2018.02.28 21:05:16.048,1.76648,1.7668,1.56,1.00
2018.02.28 21:05:17.062,1.76648,1.76679,1.31,1.00
2018.02.28 21:05:17.285,1.76646,1.76678,1.00,1.25
2018.02.28 21:05:17.337,1.76645,1.76675,1.25,1.44
2018.02.28 21:05:17.923,1.76644,1.76673,1.25,1.00
2018.02.28 21:05:18.087,1.76644,1.76675,1.31,1.25
2018.02.28 21:05:18.268,1.76644,1.76677,1.31,1.00
2018.02.28 21:05:18.776,1.76644,1.76676,1.31,1.00
2018.02.28 21:05:18.929,1.76649,1.76676,1.00,1.00
2018.02.28 21:05:19.145,1.76655,1.76684,1.67,1.00
2018.02.28 21:05:19.197,1.7666,1.7669,1.00,1.44
2018.02.28 21:05:19.350,1.76658,1.7669,1.00,1.38
2018.02.28 21:05:19.502,1.76658,1.76689,1.00,1.88
2018.02.28 21:05:19.862,1.76653,1.76688,1.00,1.38
2018.02.28 21:05:19.914,1.76656,1.76682,1.00,1.00
2018.02.28 21:05:19.965,1.76653,1.76682,1.50,1.00
2018.02.28 21:05:20.596,1.76654,1.76682,1.00,1.00
2018.02.28 21:05:21.169,1.76653,1.76681,1.00,1.00
2018.02.28 21:05:21.382,1.76654,1.76683,1.00,1.00
2018.02.28 21:05:24.163,1.76653,1.76684,1.00,1.00
2018.02.28 21:05:24.214,1.7665,1.76684,1.25,1.00
2018.02.28 21:05:24.316,1.76648,1.76679,1.00,1.25
2018.02.28 21:05:24.418,1.76644,1.76679,1.44,1.25
2018.02.28 21:05:24.706,1.76647,1.76681,1.25,1.25
2018.02.28 21:05:25.396,1.76646,1.76682,1.88,1.00
2018.02.28 21:05:25.851,1.76644,1.76677,1.44,1.00
2018.02.28 21:05:26.372,1.76643,1.76678,1.44,1.00
2018.02.28 21:05:26.953,1.76644,1.76679,1.13,1.00
2018.02.28 21:05:29.183,1.76644,1.76678,1.13,1.00
2018.02.28 21:05:29.848,1.76644,1.76679,1.13,1.00
2018.02.28 21:05:30.474,1.76645,1.7668,1.88,1.50
2018.02.28 21:05:31.846,1.76645,1.76681,1.00,1.31
2018.02.28 21:05:32.931,1.76645,1.76678,1.00,1.31
2018.02.28 21:05:33.246,1.76636,1.76671,2.06,1.31
2018.02.28 21:05:33.551,1.7663,1.76664,1.75,1.00
2018.02.28 21:05:33.653,1.76632,1.76666,1.19,1.00
2018.02.28 21:05:34.495,1.76631,1.76666,1.50,1.50
2018.02.28 21:05:35.025,1.76638,1.76665,1.00,1.00
2018.02.28 21:05:35.548,1.76638,1.76665,1.00,1.00
2018.02.28 21:05:36.112,1.76638,1.76665,1.25,1.00
2018.02.28 21:05:36.761,1.76638,1.76665,1.25,1.00
2018.02.28 21:05:37.548,1.76638,1.76666,1.25,1.00
2018.02.28 21:05:39.313,1.76638,1.76666,1.19,1.50
2018.02.28 21:05:39.843,1.76638,1.76666,1.25,1.00
2018.02.28 21:05:40.405,1.76638,1.76666,1.25,1.50
2018.02.28 21:05:41.934,1.76638,1.76666,1.00,1.00
2018.02.28 21:05:42.534,1.76638,1.76666,1.19,1.50
2018.02.28 21:05:42.863,1.76638,1.76668,1.00,1.00
2018.02.28 21:05:42.966,1.76638,1.76666,1.00,1.00
2018.02.28 21:05:43.481,1.76638,1.76667,1.00,1.00
2018.02.28 21:05:43.791,1.76638,1.76669,1.00,1.00
2018.02.28 21:05:44.931,1.76637,1.7667,1.69,1.38
2018.02.28 21:05:45.495,1.76637,1.76669,1.19,1.25
2018.02.28 21:05:46.363,1.76637,1.76671,1.00,1.00
2018.02.28 21:05:46.894,1.76639,1.7667,1.19,1.25
2018.02.28 21:05:46.945,1.76638,1.76666,1.00,1.00
2018.02.28 21:05:47.474,1.76633,1.76665,1.19,1.00
2018.02.28 21:05:52.287,1.76633,1.76664,1.19,1.00
2018.02.28 21:05:52.910,1.76633,1.76665,1.19,1.00
2018.02.28 21:05:53.533,1.76631,1.76664,1.75,1.00
2018.02.28 21:05:53.635,1.76634,1.76666,1.19,1.00
2018.02.28 21:05:54.324,1.76634,1.76667,1.19,2.25
2018.02.28 21:05:55.413,1.76634,1.76666,1.19,1.00
2018.02.28 21:05:55.757,1.76634,1.76663,1.19,1.00
2018.02.28 21:05:56.259,1.76634,1.76664,1.19,1.00
2018.02.28 21:05:56.563,1.76633,1.76661,1.19,1.00
2018.02.28 21:05:57.319,1.76633,1.7666,1.00,1.00
2018.02.28 21:05:57.441,1.76631,1.7666,1.00,1.00
2018.02.28 21:05:58.778,1.7663,1.7666,1.00,1.00
2018.02.28 21:05:59.389,1.7663,1.76658,1.00,1.00
2018.02.28 21:06:00.553,1.7663,1.76657,1.00,1.00
2018.02.28 21:06:03.811,1.76631,1.76654,1.00,1.50
2018.02.28 21:06:06.192,1.7663,1.76654,1.00,1.50
2018.02.28 21:06:06.889,1.7663,1.76653,1.00,1.00
2018.02.28 21:06:07.595,1.7663,1.76654,1.00,1.00
2018.02.28 21:06:08.359,1.76631,1.76651,1.00,1.00
2018.02.28 21:06:08.532,1.76629,1.76655,1.00,1.00
2018.02.28 21:06:08.634,1.76626,1.76656,1.50,1.00
2018.02.28 21:06:08.860,1.76626,1.76658,1.50,1.25
2018.02.28 21:06:09.470,1.76627,1.76658,1.00,1.25
2018.02.28 21:06:10.001,1.76627,1.76659,1.50,1.38
2018.02.28 21:06:10.401,1.76627,1.76659,1.00,1.25
2018.02.28 21:06:10.680,1.76629,1.76659,1.00,1.25
2018.02.28 21:06:11.287,1.7663,1.76659,1.00,1.00
2018.02.28 21:06:11.855,1.76629,1.76659,1.00,1.00
2018.02.28 21:06:12.856,1.76629,1.76661,1.00,1.25
2018.02.28 21:06:13.490,1.7663,1.76661,1.00,1.25
2018.02.28 21:06:14.633,1.76629,1.76661,1.50,1.00
2018.02.28 21:06:14.979,1.76631,1.76661,1.00,1.00
2018.02.28 21:06:15.081,1.76631,1.76663,1.00,1.00
2018.02.28 21:06:17.315,1.76631,1.76662,1.75,1.00
2018.02.28 21:06:17.366,1.76635,1.76664,1.25,1.00
2018.02.28 21:06:17.467,1.76641,1.76664,1.00,1.00
2018.02.28 21:06:17.518,1.76641,1.76676,1.00,1.00
2018.02.28 21:06:17.569,1.76642,1.76675,1.00,1.38
2018.02.28 21:06:18.894,1.76643,1.76674,1.00,1.44
2018.02.28 21:06:19.493,1.76642,1.76674,1.50,1.25
2018.02.28 21:06:19.998,1.76643,1.76675,1.00,1.38
2018.02.28 21:06:20.769,1.76642,1.76675,1.00,1.00
2018.02.28 21:06:20.820,1.76647,1.76675,1.00,1.44
2018.02.28 21:06:20.871,1.76646,1.76679,1.50,1.38
2018.02.28 21:06:20.922,1.76649,1.7668,1.00,1.44
2018.02.28 21:06:22.441,1.76649,1.7668,1.00,1.00
2018.02.28 21:06:22.939,1.76649,1.76684,1.50,1.88
2018.02.28 21:06:23.519,1.7665,1.76684,1.00,1.88
2018.02.28 21:06:23.628,1.7665,1.76682,1.50,1.75
2018.02.28 21:06:24.239,1.76649,1.76682,1.50,1.38
2018.02.28 21:06:24.747,1.76649,1.76682,1.50,1.44
2018.02.28 21:06:25.430,1.7665,1.76682,1.00,1.38
2018.02.28 21:06:29.902,1.7665,1.76675,1.00,1.38
2018.02.28 21:06:29.954,1.76646,1.76675,1.00,1.50
2018.02.28 21:06:30.005,1.7664,1.76675,1.00,1.50
2018.02.28 21:06:33.253,1.7664,1.76675,1.00,1.69
2018.02.28 21:06:34.274,1.7664,1.76675,1.00,1.38
2018.02.28 21:06:34.708,1.7664,1.76675,1.00,1.25
2018.02.28 21:06:37.225,1.7664,1.76675,1.38,1.00
2018.02.28 21:06:37.565,1.76644,1.76677,1.00,1.44
2018.02.28 21:06:37.667,1.76644,1.76678,1.25,1.00
2018.02.28 21:06:38.737,1.76643,1.76678,1.69,1.00
2018.02.28 21:06:39.744,1.76647,1.7668,1.00,1.50
2018.02.28 21:06:41.927,1.76646,1.76679,1.00,1.00
2018.02.28 21:06:42.071,1.76646,1.76681,1.00,1.88
2018.02.28 21:06:42.172,1.76648,1.76681,1.00,1.13
2018.02.28 21:06:42.479,1.76656,1.76688,1.00,1.38
2018.02.28 21:06:42.791,1.76655,1.76689,1.50,1.44
2018.02.28 21:06:43.491,1.76655,1.7669,1.50,1.88
2018.02.28 21:06:45.461,1.76661,1.7669,1.44,1.00
2018.02.28 21:06:45.769,1.76676,1.76703,1.00,1.38
2018.02.28 21:06:45.920,1.76676,1.76704,1.00,1.44
2018.02.28 21:06:46.453,1.76675,1.76705,1.00,1.38
2018.02.28 21:06:46.995,1.76676,1.76704,1.00,1.44
2018.02.28 21:06:47.783,1.76676,1.76703,1.00,1.38
2018.02.28 21:06:51.217,1.76676,1.76703,1.00,1.44
2018.02.28 21:06:51.470,1.76674,1.76703,1.00,1.38
2018.02.28 21:06:51.521,1.76672,1.767,1.00,1.13
2018.02.28 21:06:52.022,1.76671,1.767,1.00,1.44
2018.02.28 21:06:52.647,1.76671,1.76698,1.50,1.00
2018.02.28 21:06:53.200,1.76671,1.76699,1.00,1.00
2018.02.28 21:06:53.850,1.76672,1.767,1.00,1.13
2018.02.28 21:06:54.386,1.76671,1.767,1.00,1.00
2018.02.28 21:06:55.047,1.76671,1.76701,1.00,1.25
2018.02.28 21:06:55.396,1.76674,1.76703,1.00,1.25
2018.02.28 21:06:55.911,1.76674,1.76704,1.00,1.38
2018.02.28 21:06:56.803,1.76675,1.76703,1.00,1.69
2018.02.28 21:06:57.353,1.76674,1.76704,1.00,1.88
2018.02.28 21:07:02.448,1.7667,1.76702,1.00,1.25
2018.02.28 21:07:02.956,1.76671,1.76702,1.00,1.13
2018.02.28 21:07:03.236,1.76673,1.76703,1.00,1.88
2018.02.28 21:07:04.545,1.76672,1.76704,1.00,1.69
2018.02.28 21:07:05.101,1.76672,1.76704,1.00,1.88
2018.02.28 21:07:06.173,1.76673,1.76703,1.00,1.69
2018.02.28 21:07:06.724,1.76672,1.76703,1.00,1.38
2018.02.28 21:07:07.252,1.76672,1.76703,1.00,1.44
2018.02.28 21:07:07.303,1.76673,1.76705,1.50,1.88
2018.02.28 21:07:07.354,1.76676,1.76705,1.00,2.25
2018.02.28 21:07:07.675,1.76676,1.76705,1.00,1.88
2018.02.28 21:07:09.386,1.76676,1.76705,1.00,1.88
2018.02.28 21:07:11.343,1.76675,1.76705,1.00,1.44
2018.02.28 21:07:12.458,1.76677,1.76706,1.00,1.38
2018.02.28 21:07:13.204,1.76678,1.76706,1.00,1.38
2018.02.28 21:07:13.667,1.76672,1.76705,1.50,1.44
2018.02.28 21:07:13.890,1.76668,1.76703,1.13,1.00
2018.02.28 21:07:17.881,1.76669,1.76702,1.13,1.00
2018.02.28 21:07:21.272,1.76668,1.76703,1.25,1.00
2018.02.28 21:07:21.813,1.76668,1.76703,1.38,1.00
2018.02.28 21:07:23.436,1.76671,1.76704,1.69,1.00
2018.02.28 21:07:23.487,1.76672,1.76706,1.25,1.00
2018.02.28 21:07:24.015,1.76672,1.76705,1.50,1.25
2018.02.28 21:07:24.684,1.76671,1.76706,1.50,1.13
2018.02.28 21:07:25.720,1.76672,1.76705,1.00,1.00
2018.02.28 21:07:26.232,1.76672,1.76706,1.00,1.13
2018.02.28 21:07:27.126,1.76672,1.76705,1.50,1.69
2018.02.28 21:07:27.832,1.76672,1.76705,1.50,1.19
2018.02.28 21:07:28.393,1.76672,1.76706,1.00,1.38
2018.02.28 21:07:29.052,1.76672,1.76705,1.50,1.44
2018.02.28 21:07:32.636,1.76672,1.76706,1.00,1.19
2018.02.28 21:07:33.726,1.76672,1.76707,1.50,1.00
2018.02.28 21:07:33.777,1.76675,1.7671,1.00,1.69
2018.02.28 21:07:33.829,1.76669,1.76708,1.19,1.25
2018.02.28 21:07:34.260,1.76666,1.76708,1.75,1.38
2018.02.28 21:07:35.311,1.7667,1.76708,1.38,1.00
2018.02.28 21:07:37.002,1.76671,1.76707,1.38,1.00
2018.02.28 21:07:39.336,1.76669,1.76708,1.38,1.00
2018.02.28 21:07:39.588,1.76669,1.76707,1.31,1.19
2018.02.28 21:07:40.114,1.76671,1.76707,1.38,1.25
2018.02.28 21:07:40.638,1.76669,1.76708,1.13,1.13
2018.02.28 21:07:41.052,1.7667,1.76707,1.88,1.38
2018.02.28 21:07:43.021,1.76671,1.76708,1.88,1.25
2018.02.28 21:07:43.575,1.76671,1.76707,1.94,1.25
2018.02.28 21:07:46.203,1.76665,1.76705,1.94,1.38
2018.02.28 21:07:46.721,1.76668,1.767,1.56,1.25
2018.02.28 21:07:47.518,1.76668,1.76701,1.56,1.00
2018.02.28 21:07:48.064,1.76668,1.76701,1.37,1.00
2018.02.28 21:07:48.615,1.76668,1.76701,1.56,1.00
2018.02.28 21:07:55.570,1.76668,1.767,1.56,1.00
2018.02.28 21:07:55.724,1.76668,1.76702,1.75,1.00
2018.02.28 21:07:56.593,1.76668,1.76701,1.75,1.00
2018.02.28 21:07:56.644,1.76668,1.76702,2.25,1.50
2018.02.28 21:07:56.696,1.76668,1.76699,1.75,1.00
2018.02.28 21:08:01.368,1.76667,1.76699,1.56,1.00
2018.02.28 21:08:01.962,1.76664,1.76698,1.31,1.00
2018.02.28 21:08:02.621,1.76664,1.76699,1.31,1.00
2018.02.28 21:08:03.160,1.76663,1.76698,2.44,1.00
2018.02.28 21:08:03.211,1.76665,1.76698,1.13,1.00
2018.02.28 21:08:03.888,1.76661,1.76696,2.06,1.00
2018.02.28 21:08:04.428,1.76661,1.76697,2.06,1.50
2018.02.28 21:08:04.570,1.76664,1.76697,1.56,1.50
2018.02.28 21:08:04.621,1.76662,1.76693,1.94,1.00
2018.02.28 21:08:04.989,1.76662,1.76689,1.94,1.00
2018.02.28 21:08:05.824,1.76662,1.76692,1.94,1.00
2018.02.28 21:08:07.682,1.76662,1.76692,1.25,1.50
2018.02.28 21:08:07.785,1.7666,1.76688,1.00,1.00
2018.02.28 21:08:07.990,1.76659,1.76692,1.31,1.00
2018.02.28 21:08:08.218,1.76659,1.7669,1.56,1.00
2018.02.28 21:08:08.524,1.76657,1.76686,1.69,1.00
2018.02.28 21:08:09.139,1.76657,1.76687,1.56,1.00
2018.02.28 21:08:09.660,1.76657,1.76686,1.88,1.00
2018.02.28 21:08:10.531,1.76657,1.76688,1.94,1.00
2018.02.28 21:08:10.633,1.76657,1.76688,1.75,1.00
2018.02.28 21:08:11.221,1.76657,1.76689,1.88,1.00
2018.02.28 21:08:11.591,1.76657,1.76689,1.94,1.00
2018.02.28 21:08:13.888,1.76657,1.76689,1.75,1.00
2018.02.28 21:08:15.467,1.76659,1.76688,1.75,1.00
2018.02.28 21:08:15.619,1.76656,1.76688,1.38,1.00
2018.02.28 21:08:15.793,1.76655,1.76689,1.44,1.00
2018.02.28 21:08:19.515,1.76655,1.76688,1.69,1.00
2018.02.28 21:08:19.668,1.76657,1.76691,2.06,1.00
2018.02.28 21:08:19.719,1.76657,1.76694,2.06,1.00
2018.02.28 21:08:19.997,1.76663,1.76694,1.19,1.00
2018.02.28 21:08:20.048,1.76662,1.76699,1.19,1.00
2018.02.28 21:08:20.099,1.76665,1.767,1.38,1.00
2018.02.28 21:08:20.151,1.76665,1.76703,1.38,1.44
2018.02.28 21:08:20.654,1.76665,1.76702,1.50,1.50
2018.02.28 21:08:22.006,1.76663,1.76702,1.56,1.69
2018.02.28 21:08:22.536,1.76663,1.76702,1.56,1.69
2018.02.28 21:08:22.690,1.76665,1.76702,1.38,1.50
2018.02.28 21:08:23.797,1.76666,1.76702,1.38,1.50
2018.02.28 21:08:24.433,1.76665,1.76702,1.75,1.50
2018.02.28 21:08:24.586,1.76665,1.76698,1.75,1.00
2018.02.28 21:08:25.173,1.76665,1.76699,1.75,1.00
2018.02.28 21:08:27.818,1.76664,1.76697,1.69,1.00
2018.02.28 21:08:27.947,1.76661,1.76696,1.19,1.19
2018.02.28 21:08:28.048,1.76659,1.76693,1.75,1.00
2018.02.28 21:08:28.455,1.76658,1.76691,1.38,1.00
2018.02.28 21:08:33.600,1.76655,1.76692,1.75,2.25
2018.02.28 21:08:33.989,1.76658,1.76692,1.56,2.25
2018.02.28 21:08:35.090,1.76659,1.76691,1.38,1.50
2018.02.28 21:08:35.728,1.76659,1.76692,1.38,1.00
2018.02.28 21:08:35.973,1.76658,1.76692,1.25,1.00
2018.02.28 21:08:36.024,1.76658,1.76692,1.88,1.00
2018.02.28 21:08:39.597,1.7666,1.76691,1.50,1.00
2018.02.28 21:08:43.133,1.76663,1.76693,1.38,1.00
2018.02.28 21:08:43.234,1.76663,1.76699,1.44,1.00
2018.02.28 21:08:43.768,1.76662,1.767,1.75,1.69
2018.02.28 21:08:44.979,1.76662,1.76697,1.19,1.00
2018.02.28 21:08:45.469,1.76664,1.76696,1.38,1.00
2018.02.28 21:08:46.019,1.76661,1.76697,1.88,1.00
2018.02.28 21:08:46.790,1.76663,1.76696,1.81,1.00
2018.02.28 21:08:47.348,1.76664,1.76695,1.00,1.00
2018.02.28 21:08:47.857,1.76661,1.76696,1.75,1.00
2018.02.28 21:08:48.047,1.76664,1.76698,1.38,1.00
2018.02.28 21:08:48.550,1.76664,1.76699,1.38,1.00
2018.02.28 21:08:49.051,1.76664,1.76699,1.19,1.00
2018.02.28 21:08:49.284,1.76662,1.76699,1.75,1.00
2018.02.28 21:08:49.386,1.76664,1.76699,1.38,1.00
2018.02.28 21:08:54.572,1.76665,1.76699,1.56,1.50
2018.02.28 21:08:55.796,1.76665,1.76699,1.31,1.00
2018.02.28 21:08:56.136,1.76666,1.76698,1.38,1.00
2018.02.28 21:08:56.850,1.76661,1.76699,2.25,1.50
2018.02.28 21:08:57.549,1.76666,1.767,1.38,1.00
2018.02.28 21:08:59.011,1.76666,1.76702,1.38,1.00
2018.02.28 21:08:59.782,1.76668,1.76702,1.38,1.00
2018.02.28 21:09:00.124,1.76667,1.76702,1.19,1.00
2018.02.28 21:09:00.175,1.76666,1.76698,1.31,1.00
2018.02.28 21:09:00.277,1.76663,1.767,1.69,1.00
2018.02.28 21:09:00.401,1.76663,1.76694,1.25,1.00
2018.02.28 21:09:00.554,1.76663,1.76697,1.13,1.50
2018.02.28 21:09:01.055,1.76662,1.76697,1.13,1.00
2018.02.28 21:09:01.208,1.76662,1.76699,1.13,1.50
2018.02.28 21:09:01.527,1.76663,1.76699,1.13,2.63
2018.02.28 21:09:01.744,1.7666,1.76699,2.44,1.69
2018.02.28 21:09:02.293,1.76662,1.76698,1.69,1.00
2018.02.28 21:09:02.852,1.76663,1.76699,1.13,2.63
2018.02.28 21:09:03.353,1.76662,1.76699,1.13,1.44
2018.02.28 21:09:03.854,1.76661,1.76699,1.31,1.25
2018.02.28 21:09:04.484,1.76662,1.76698,1.38,1.00
2018.02.28 21:09:04.998,1.7666,1.76699,1.38,1.25
2018.02.28 21:09:05.510,1.76661,1.76697,1.38,1.00
2018.02.28 21:09:07.135,1.76661,1.76697,1.38,1.00
2018.02.28 21:09:07.788,1.76662,1.76695,1.38,1.00
2018.02.28 21:09:09.115,1.76659,1.76696,1.38,1.50
2018.02.28 21:09:09.941,1.76659,1.76693,1.38,1.00
2018.02.28 21:09:10.271,1.76659,1.76696,1.38,2.25
2018.02.28 21:09:10.898,1.7666,1.76696,1.38,2.25
2018.02.28 21:09:11.001,1.76661,1.76698,1.38,1.00
2018.02.28 21:09:11.104,1.76661,1.76696,1.38,1.00
2018.02.28 21:09:11.819,1.76662,1.76695,1.38,1.00
2018.02.28 21:09:13.060,1.76661,1.76696,1.38,1.00
2018.02.28 21:09:13.633,1.76662,1.76695,1.19,1.00
2018.02.28 21:09:14.143,1.76661,1.76693,1.38,1.00
2018.02.28 21:09:15.056,1.76661,1.76694,1.38,1.00
2018.02.28 21:09:15.668,1.76661,1.76693,1.38,1.00
2018.02.28 21:09:18.044,1.76661,1.76694,1.38,1.50
2018.02.28 21:09:20.324,1.76663,1.76694,1.38,1.50
2018.02.28 21:09:20.426,1.76664,1.76697,1.38,1.00
2018.02.28 21:09:20.578,1.76665,1.76699,1.38,1.00
2018.02.28 21:09:21.470,1.76664,1.76695,1.38,1.00
2018.02.28 21:09:22.168,1.76662,1.76696,1.38,1.00
2018.02.28 21:09:22.413,1.76661,1.76695,1.38,1.00
2018.02.28 21:09:22.926,1.7666,1.76696,1.38,1.00
2018.02.28 21:09:24.768,1.76662,1.76694,1.19,1.00
2018.02.28 21:09:25.401,1.7666,1.76695,1.38,1.00
2018.02.28 21:09:25.926,1.76658,1.76694,1.75,1.00
2018.02.28 21:09:26.613,1.76659,1.76695,1.38,1.00
2018.02.28 21:09:28.921,1.7666,1.76695,1.38,1.00
2018.02.28 21:09:29.690,1.76662,1.76694,1.38,1.00
2018.02.28 21:09:29.946,1.7666,1.76695,1.38,1.00
2018.02.28 21:09:29.997,1.76662,1.76695,1.38,1.00
2018.02.28 21:09:30.048,1.7666,1.76695,1.38,1.00
2018.02.28 21:09:31.883,1.7666,1.76694,1.38,1.00
2018.02.28 21:09:32.408,1.76661,1.76695,1.38,1.00
2018.02.28 21:09:32.459,1.76661,1.76693,1.38,1.00
2018.02.28 21:09:37.201,1.76661,1.76692,1.38,1.00
2018.02.28 21:09:39.705,1.76661,1.76693,1.38,1.00
2018.02.28 21:09:40.557,1.76658,1.76693,1.38,1.00
2018.02.28 21:09:40.775,1.7666,1.76693,1.38,1.00
2018.02.28 21:09:40.926,1.76659,1.76693,1.38,1.00
2018.02.28 21:09:45.997,1.76661,1.76692,1.38,1.00
2018.02.28 21:09:46.528,1.7666,1.76693,1.38,1.00
2018.02.28 21:09:47.238,1.7666,1.76694,1.38,1.50
2018.02.28 21:09:48.041,1.76661,1.76694,1.44,1.00
2018.02.28 21:09:48.629,1.7666,1.76695,1.44,1.00
2018.02.28 21:09:50.812,1.76664,1.76696,1.00,1.50
2018.02.28 21:09:52.164,1.76663,1.76696,1.00,1.00
2018.02.28 21:09:52.317,1.76663,1.76698,1.50,1.00
2018.02.28 21:09:56.120,1.76664,1.76698,1.38,1.00
2018.02.28 21:09:56.223,1.76658,1.76693,4.50,1.00
2018.02.28 21:09:56.275,1.76658,1.76689,1.00,1.50
2018.02.28 21:09:56.382,1.76656,1.7669,1.00,1.00
2018.02.28 21:09:56.433,1.76656,1.76688,1.38,1.00
2018.02.28 21:09:56.485,1.76655,1.76691,1.88,1.00
2018.02.28 21:09:56.777,1.76653,1.76689,1.38,1.00
2018.02.28 21:09:57.083,1.76654,1.76692,1.38,1.00
2018.02.28 21:09:57.617,1.76655,1.76691,1.38,1.25
2018.02.28 21:09:58.407,1.76654,1.76693,1.38,1.44
2018.02.28 21:09:58.611,1.76659,1.76692,1.00,1.44
2018.02.28 21:09:59.266,1.76658,1.76693,1.00,1.38
2018.02.28 21:09:59.843,1.76658,1.76693,1.00,1.38
2018.02.28 21:10:00.156,1.76659,1.76692,1.00,1.38
2018.02.28 21:10:00.664,1.76658,1.76693,1.50,1.88
2018.02.28 21:10:01.075,1.76652,1.76688,1.75,1.00
2018.02.28 21:10:01.256,1.76653,1.76688,1.31,1.00
2018.02.28 21:10:01.358,1.76654,1.76687,1.00,1.38
2018.02.28 21:10:01.968,1.76653,1.76687,1.00,1.88
2018.02.28 21:10:02.554,1.76652,1.76684,1.00,1.00
2018.02.28 21:10:02.605,1.7665,1.76683,1.00,1.25
2018.02.28 21:10:02.707,1.76646,1.7668,1.69,1.00
2018.02.28 21:10:04.105,1.76648,1.76682,1.00,1.25
2018.02.28 21:10:04.430,1.76649,1.76682,1.44,1.50
2018.02.28 21:10:04.581,1.76645,1.76681,1.88,1.50
2018.02.28 21:10:05.130,1.76646,1.7668,1.44,1.00
2018.02.28 21:10:05.637,1.76646,1.7668,1.00,1.38
2018.02.28 21:10:06.178,1.76645,1.76681,1.00,1.38
2018.02.28 21:10:06.230,1.76645,1.76681,1.56,1.38
2018.02.28 21:10:06.838,1.76648,1.76681,1.00,1.38
2018.02.28 21:10:07.348,1.76645,1.7668,2.06,1.25
2018.02.28 21:10:07.748,1.76649,1.7668,1.00,1.25
2018.02.28 21:10:08.334,1.76648,1.76681,1.00,1.00
2018.02.28 21:10:09.919,1.76648,1.7668,1.00,1.00
2018.02.28 21:10:10.676,1.76648,1.76678,1.00,1.00
2018.02.28 21:10:11.347,1.76649,1.76678,1.00,1.25
2018.02.28 21:10:12.044,1.76649,1.76677,1.00,1.00
2018.02.28 21:10:12.640,1.76648,1.76677,1.50,1.00
2018.02.28 21:10:13.551,1.76648,1.76676,1.50,1.00
2018.02.28 21:10:14.458,1.76645,1.76674,1.50,1.00
2018.02.28 21:10:14.510,1.76648,1.76674,1.00,1.00
2018.02.28 21:10:14.561,1.76648,1.76676,1.00,1.00
2018.02.28 21:10:15.771,1.76645,1.76676,1.00,1.00
2018.02.28 21:10:15.893,1.76644,1.76675,1.00,1.38
2018.02.28 21:10:15.996,1.76639,1.7667,1.00,1.00
2018.02.28 21:10:16.665,1.76639,1.76671,1.00,1.50
2018.02.28 21:10:17.326,1.76639,1.7667,1.00,1.00
2018.02.28 21:10:21.063,1.76639,1.76671,1.00,1.50
2018.02.28 21:10:22.436,1.76639,1.7667,1.00,1.00
2018.02.28 21:10:23.815,1.76639,1.76669,1.00,1.00
2018.02.28 21:10:24.715,1.76639,1.76671,1.00,1.00
2018.02.28 21:10:26.009,1.76639,1.76671,1.00,1.88
2018.02.28 21:10:28.525,1.76639,1.76668,1.00,1.00
2018.02.28 21:10:29.716,1.76639,1.76669,1.00,1.25
2018.02.28 21:10:30.924,1.76638,1.76669,1.00,1.25
2018.02.28 21:10:31.541,1.76637,1.76672,1.50,1.38
2018.02.28 21:10:32.461,1.76638,1.76672,1.00,1.38
2018.02.28 21:10:32.636,1.76638,1.76673,1.50,1.44
2018.02.28 21:10:36.591,1.76639,1.76673,1.88,1.00
2018.02.28 21:10:36.642,1.76641,1.76675,1.50,1.25
2018.02.28 21:10:37.192,1.76642,1.76675,1.25,1.25
2018.02.28 21:10:37.745,1.76641,1.76676,1.25,1.00
2018.02.28 21:10:38.268,1.76641,1.76677,1.25,1.25
2018.02.28 21:10:44.515,1.76641,1.76676,1.00,1.44
2018.02.28 21:10:45.177,1.7664,1.76674,1.44,1.00
2018.02.28 21:10:45.499,1.76643,1.76676,1.00,1.44
2018.02.28 21:10:46.861,1.76641,1.76675,1.50,1.75
2018.02.28 21:10:47.194,1.76638,1.76673,1.00,1.88
2018.02.28 21:10:47.766,1.76638,1.76673,1.50,1.88
2018.02.28 21:10:47.918,1.76639,1.76673,1.00,1.44
2018.02.28 21:10:51.352,1.7664,1.76671,1.00,1.38
2018.02.28 21:10:51.403,1.76639,1.76673,1.00,1.44
2018.02.28 21:10:51.894,1.76639,1.76672,1.00,1.38
2018.02.28 21:10:52.430,1.76639,1.76673,1.00,1.38
2018.02.28 21:10:53.090,1.76639,1.76672,1.00,1.81
2018.02.28 21:10:53.805,1.76639,1.76672,1.00,1.75
2018.02.28 21:10:53.907,1.76639,1.76671,1.00,1.44
2018.02.28 21:10:54.413,1.76639,1.76672,1.00,1.50
2018.02.28 21:10:54.793,1.76639,1.76672,1.00,1.88
2018.02.28 21:10:55.405,1.76639,1.76672,1.00,1.50
2018.02.28 21:10:57.017,1.7664,1.76668,1.00,1.31
2018.02.28 21:10:57.068,1.76638,1.76668,1.00,1.13
2018.02.28 21:10:57.765,1.76638,1.76666,1.00,1.25
2018.02.28 21:10:57.816,1.76634,1.76666,1.00,1.75
2018.02.28 21:10:57.969,1.76632,1.76664,1.00,1.50
2018.02.28 21:10:58.429,1.76633,1.76662,1.00,1.50
2018.02.28 21:10:58.977,1.76633,1.76663,1.00,1.44
2018.02.28 21:10:59.416,1.76635,1.76664,1.00,1.38
2018.02.28 21:10:59.580,1.76641,1.7667,1.00,1.25
2018.02.28 21:10:59.631,1.76638,1.76671,1.00,1.38
2018.02.28 21:11:00.253,1.76639,1.76671,1.00,1.38
2018.02.28 21:11:00.799,1.76639,1.76671,1.00,1.88
2018.02.28 21:11:01.347,1.76639,1.76672,1.00,1.88
2018.02.28 21:11:03.385,1.76639,1.7667,1.00,1.38
2018.02.28 21:11:03.963,1.7664,1.7667,1.00,1.38
2018.02.28 21:11:04.014,1.76639,1.76671,1.00,1.25
2018.02.28 21:11:04.116,1.76643,1.76674,1.00,1.38
2018.02.28 21:11:04.650,1.76643,1.76675,1.00,1.88
2018.02.28 21:11:05.259,1.76647,1.76676,1.00,1.38
2018.02.28 21:11:08.776,1.7665,1.76677,1.00,1.50
2018.02.28 21:11:08.827,1.76651,1.76677,1.00,1.88
2018.02.28 21:11:09.287,1.7665,1.76678,1.00,1.44
2018.02.28 21:11:09.470,1.76647,1.76678,1.50,1.88
2018.02.28 21:11:09.521,1.76648,1.76678,1.00,2.06
2018.02.28 21:11:09.873,1.76647,1.76676,1.50,1.88
2018.02.28 21:11:09.924,1.76648,1.76676,1.00,1.44
2018.02.28 21:11:09.974,1.76651,1.76677,1.00,1.25
2018.02.28 21:11:10.594,1.76651,1.76678,1.00,1.25
2018.02.28 21:11:11.101,1.76654,1.76681,1.00,1.00
2018.02.28 21:11:11.506,1.76657,1.76682,1.00,1.19
2018.02.28 21:11:12.240,1.76658,1.76682,1.00,1.19
2018.02.28 21:11:12.291,1.76659,1.76686,1.00,1.25
2018.02.28 21:11:12.343,1.76662,1.76686,1.50,1.00
2018.02.28 21:11:12.446,1.76662,1.76688,1.00,1.00
2018.02.28 21:11:12.598,1.76665,1.76688,1.00,1.25
2018.02.28 21:11:13.122,1.76666,1.76691,1.00,1.44
2018.02.28 21:11:13.640,1.76666,1.76691,1.00,1.69
2018.02.28 21:11:13.692,1.76666,1.76691,1.00,1.00
2018.02.28 21:11:13.948,1.76666,1.76694,1.00,1.25
2018.02.28 21:11:13.999,1.7667,1.76694,1.00,1.00
2018.02.28 21:11:14.306,1.76673,1.76695,1.00,1.00
2018.02.28 21:11:14.357,1.76673,1.76698,1.50,1.00
2018.02.28 21:11:14.409,1.7668,1.76698,1.00,1.00
2018.02.28 21:11:14.587,1.76681,1.76701,1.00,1.00
2018.02.28 21:11:14.741,1.76685,1.76705,1.00,1.00
2018.02.28 21:11:14.844,1.76687,1.76709,1.00,1.25
2018.02.28 21:11:14.896,1.76687,1.76706,1.00,1.00
2018.02.28 21:11:14.947,1.76683,1.76706,1.00,1.00
2018.02.28 21:11:15.050,1.76687,1.76706,1.00,1.00
2018.02.28 21:11:15.101,1.76688,1.76711,1.00,1.00
2018.02.28 21:11:15.153,1.76691,1.76715,1.00,1.00
2018.02.28 21:11:15.204,1.76694,1.76718,1.00,1.00
2018.02.28 21:11:15.545,1.76696,1.76719,1.00,1.00
2018.02.28 21:11:15.698,1.76699,1.76723,1.00,1.00
2018.02.28 21:11:15.750,1.76703,1.76723,1.00,1.00
2018.02.28 21:11:16.170,1.76699,1.76722,1.00,1.00
2018.02.28 21:11:16.326,1.76697,1.76722,1.50,1.00
2018.02.28 21:11:16.809,1.76696,1.7672,1.00,1.25
2018.02.28 21:11:16.860,1.76694,1.76721,1.00,1.44
2018.02.28 21:11:16.911,1.76691,1.76718,1.00,1.00
2018.02.28 21:11:16.963,1.76689,1.76718,1.25,1.00
2018.02.28 21:11:17.181,1.76693,1.76719,1.00,1.44
2018.02.28 21:11:17.616,1.76692,1.76721,1.00,1.44
2018.02.28 21:11:17.739,1.76688,1.76721,1.69,1.44
2018.02.28 21:11:17.942,1.76693,1.76721,1.00,1.38
2018.02.28 21:11:18.247,1.76687,1.76712,1.00,1.00
2018.02.28 21:11:18.687,1.76682,1.76709,1.00,1.44
2018.02.28 21:11:19.199,1.76681,1.76707,1.00,1.00
2018.02.28 21:11:19.562,1.76681,1.76709,1.00,1.25
2018.02.28 21:11:20.038,1.76685,1.76704,1.00,1.50
2018.02.28 21:11:20.089,1.76678,1.76701,1.00,1.00
2018.02.28 21:11:20.140,1.76675,1.76699,1.50,1.00
2018.02.28 21:11:20.613,1.76673,1.76699,1.00,1.00
2018.02.28 21:11:21.169,1.76673,1.76698,1.00,1.00
2018.02.28 21:11:21.271,1.76668,1.76698,1.50,1.00
2018.02.28 21:11:21.418,1.7667,1.76698,1.00,1.00
2018.02.28 21:11:22.407,1.76671,1.76698,1.00,1.00
2018.02.28 21:11:22.488,1.76671,1.767,1.00,1.25
2018.02.28 21:11:22.796,1.76669,1.76697,1.00,1.75
2018.02.28 21:11:22.847,1.76662,1.76692,1.00,1.25
2018.02.28 21:11:24.011,1.76663,1.76692,1.00,1.00
2018.02.28 21:11:24.256,1.76663,1.76694,1.00,1.25
2018.02.28 21:11:24.759,1.76665,1.76694,1.00,1.00
2018.02.28 21:11:25.988,1.76666,1.76694,1.00,1.25
2018.02.28 21:11:27.029,1.76663,1.76694,1.00,2.25
2018.02.28 21:11:27.081,1.76655,1.76681,1.00,1.00
2018.02.28 21:11:27.531,1.76665,1.76692,1.00,1.00
2018.02.28 21:11:28.034,1.76665,1.76694,1.00,1.44
2018.02.28 21:11:28.594,1.76666,1.76694,1.00,1.44
2018.02.28 21:11:29.134,1.76665,1.76694,1.00,1.00
2018.02.28 21:11:30.013,1.76668,1.76693,1.50,1.00
2018.02.28 21:11:30.552,1.76667,1.76694,1.00,1.31
2018.02.28 21:11:30.603,1.76667,1.76695,1.00,1.00
2018.02.28 21:11:30.654,1.76669,1.76697,1.00,1.31
2018.02.28 21:11:30.756,1.7667,1.76699,1.00,1.44
2018.02.28 21:11:30.960,1.7667,1.76701,1.00,1.25
2018.02.28 21:11:31.011,1.76674,1.76701,1.00,1.00
2018.02.28 21:11:31.321,1.7668,1.76706,1.00,1.38
2018.02.28 21:11:31.372,1.76678,1.76703,1.00,1.00
2018.02.28 21:11:31.423,1.76678,1.76703,1.00,1.38
2018.02.28 21:11:31.474,1.76674,1.76701,1.50,1.88
2018.02.28 21:11:31.525,1.76669,1.76699,2.25,1.00
2018.02.28 21:11:31.576,1.7667,1.76699,1.00,1.38
2018.02.28 21:11:31.626,1.76669,1.76701,2.25,1.25
2018.02.28 21:11:31.728,1.76674,1.76703,1.00,2.25
2018.02.28 21:11:32.284,1.76673,1.76699,1.50,1.00
2018.02.28 21:11:32.795,1.76673,1.767,1.00,2.25
2018.02.28 21:11:33.684,1.76674,1.76699,1.00,2.25
2018.02.28 21:11:34.694,1.76673,1.76699,1.00,1.19
2018.02.28 21:11:36.961,1.76674,1.767,1.00,1.88
2018.02.28 21:11:37.624,1.76673,1.76701,1.50,1.44
2018.02.28 21:11:37.960,1.76674,1.76703,1.00,1.44
2018.02.28 21:11:38.012,1.76677,1.76703,1.00,1.00
2018.02.28 21:11:38.181,1.76676,1.76705,1.00,1.25
2018.02.28 21:11:40.981,1.76679,1.76705,1.00,1.00
2018.02.28 21:11:41.185,1.7668,1.76707,1.00,1.13
2018.02.28 21:11:43.969,1.76676,1.76705,1.42,1.38
2018.02.28 21:11:44.122,1.76673,1.767,1.00,1.25
2018.02.28 21:11:45.008,1.76674,1.76701,1.00,1.75
2018.02.28 21:11:45.111,1.76672,1.767,1.50,1.00
2018.02.28 21:11:45.584,1.76672,1.76701,1.00,1.38
2018.02.28 21:11:46.384,1.76675,1.76702,1.00,1.38
2018.02.28 21:11:46.590,1.76673,1.76703,1.00,1.75
2018.02.28 21:11:46.793,1.76674,1.76701,1.00,1.38
2018.02.28 21:11:46.995,1.76666,1.76695,1.00,1.50
2018.02.28 21:11:47.048,1.76669,1.76697,1.00,1.00
2018.02.28 21:11:47.099,1.76665,1.76698,1.00,1.00
2018.02.28 21:11:47.362,1.76671,1.76703,1.00,1.75
2018.02.28 21:11:48.036,1.76672,1.76702,1.00,1.75
2018.02.28 21:11:49.393,1.76671,1.76703,1.00,1.88
2018.02.28 21:11:49.495,1.76671,1.76705,1.00,2.25
2018.02.28 21:11:49.698,1.76675,1.76706,1.00,1.75
2018.02.28 21:11:50.868,1.76676,1.76703,1.00,1.38
2018.02.28 21:11:51.379,1.76674,1.76704,1.00,1.38
2018.02.28 21:11:51.619,1.76674,1.76701,1.50,1.38
2018.02.28 21:11:52.048,1.76671,1.76702,1.00,1.38
2018.02.28 21:11:52.337,1.7667,1.76702,1.00,1.31
2018.02.28 21:11:52.519,1.76664,1.76695,1.00,1.50
2018.02.28 21:11:53.036,1.76663,1.76693,1.50,1.44
2018.02.28 21:11:53.551,1.76664,1.76693,1.00,1.88
2018.02.28 21:11:54.255,1.76663,1.76691,1.50,1.00
2018.02.28 21:11:54.359,1.76663,1.76694,1.50,1.25
2018.02.28 21:11:54.524,1.76668,1.76696,1.00,1.50
2018.02.28 21:11:54.940,1.7667,1.76698,1.00,1.44
2018.02.28 21:11:55.610,1.7667,1.767,1.00,1.50
2018.02.28 21:11:55.963,1.76669,1.767,1.00,1.25
2018.02.28 21:11:56.707,1.76672,1.76702,1.50,1.56
2018.02.28 21:11:57.514,1.76672,1.76701,1.00,1.25
2018.02.28 21:11:58.365,1.76672,1.76703,1.00,1.31
2018.02.28 21:12:00.421,1.76672,1.76703,1.00,1.25
2018.02.28 21:12:00.733,1.76672,1.76702,1.50,1.31
2018.02.28 21:12:01.373,1.76673,1.76702,1.00,1.81
2018.02.28 21:12:02.313,1.76672,1.76702,1.00,1.81
2018.02.28 21:12:02.815,1.76673,1.76703,1.00,1.25
2018.02.28 21:12:03.019,1.76671,1.76704,1.00,1.00
2018.02.28 21:12:03.121,1.76671,1.76705,1.50,1.75
2018.02.28 21:12:03.172,1.76668,1.76705,1.00,2.25
2018.02.28 21:12:04.741,1.76668,1.76702,1.00,1.75
2018.02.28 21:12:07.514,1.76669,1.76699,1.00,1.00
2018.02.28 21:12:08.046,1.76668,1.76699,1.00,1.38
2018.02.28 21:12:08.377,1.76668,1.76699,1.50,1.88
2018.02.28 21:12:09.325,1.76668,1.76699,1.00,1.44
2018.02.28 21:12:09.681,1.76668,1.76701,1.50,1.44
2018.02.28 21:12:10.159,1.76671,1.76702,1.00,1.00
2018.02.28 21:12:10.476,1.76673,1.76706,1.00,1.38
2018.02.28 21:12:11.594,1.76673,1.76705,1.00,1.25
2018.02.28 21:12:12.306,1.76674,1.76705,1.00,1.25
2018.02.28 21:12:12.867,1.76677,1.76705,1.00,1.25
2018.02.28 21:12:13.543,1.76676,1.76705,1.00,1.00
2018.02.28 21:12:14.081,1.76676,1.76705,1.00,1.88
2018.02.28 21:12:16.991,1.76676,1.76703,1.00,1.00
2018.02.28 21:12:19.686,1.76676,1.76703,1.00,1.44
2018.02.28 21:12:24.516,1.76676,1.767,1.00,1.44
2018.02.28 21:12:24.567,1.76674,1.76699,1.00,1.25
2018.02.28 21:12:24.822,1.76669,1.76695,1.00,1.00
2018.02.28 21:12:25.025,1.76669,1.76697,1.00,1.00
2018.02.28 21:12:25.076,1.76674,1.76697,1.00,1.00
2018.02.28 21:12:25.479,1.76673,1.76699,1.00,1.00
2018.02.28 21:12:26.008,1.76672,1.76698,1.00,1.00
2018.02.28 21:12:27.840,1.76671,1.76698,1.00,1.00
2018.02.28 21:12:29.590,1.76671,1.76696,1.00,1.00
2018.02.28 21:12:30.684,1.76671,1.76698,1.00,1.00
2018.02.28 21:12:31.216,1.76671,1.76697,1.00,1.00
2018.02.28 21:12:32.700,1.76671,1.76698,1.00,1.00
2018.02.28 21:12:32.854,1.76671,1.767,1.00,1.00
2018.02.28 21:12:33.058,1.76677,1.767,1.00,1.00
2018.02.28 21:12:33.317,1.76677,1.76702,1.00,1.00
2018.02.28 21:12:33.666,1.76676,1.76699,1.00,1.00
2018.02.28 21:12:33.777,1.76673,1.76699,1.00,1.00
2018.02.28 21:12:33.879,1.7668,1.767,1.00,1.00
2018.02.28 21:12:33.930,1.76677,1.76704,1.00,1.88
2018.02.28 21:12:36.236,1.76673,1.76705,2.25,1.38
2018.02.28 21:12:39.730,1.76674,1.76703,1.00,1.81
2018.02.28 21:12:40.228,1.76673,1.767,1.00,1.00
2018.02.28 21:12:40.611,1.76673,1.76697,1.00,1.00
2018.02.28 21:12:40.779,1.76669,1.76697,1.50,1.00
2018.02.28 21:12:41.077,1.76673,1.76697,1.00,1.00
2018.02.28 21:12:41.422,1.76675,1.76699,1.00,1.00
2018.02.28 21:12:41.959,1.76673,1.76699,1.00,1.00
2018.02.28 21:12:43.352,1.76673,1.76697,1.00,1.00
2018.02.28 21:12:44.954,1.76676,1.76697,1.00,1.00
2018.02.28 21:12:45.056,1.76673,1.76697,1.00,1.00
2018.02.28 21:12:45.284,1.76673,1.767,1.00,1.00
2018.02.28 21:12:45.428,1.76675,1.767,1.00,1.00
2018.02.28 21:12:45.781,1.76679,1.76702,1.00,1.00
2018.02.28 21:12:47.182,1.76676,1.76701,1.00,1.88
2018.02.28 21:12:47.283,1.76675,1.76701,1.50,1.00
2018.02.28 21:12:47.630,1.76677,1.76701,1.00,1.00
2018.02.28 21:12:52.388,1.76678,1.76701,1.00,1.13
2018.02.28 21:12:52.490,1.76676,1.76703,1.00,1.50
2018.02.28 21:12:53.089,1.76675,1.76702,1.50,1.25
2018.02.28 21:12:53.141,1.76678,1.767,1.00,1.00
2018.02.28 21:12:53.243,1.76675,1.76701,1.50,1.00
2018.02.28 21:12:53.572,1.76677,1.76701,1.00,1.00
2018.02.28 21:12:54.813,1.76678,1.76701,1.00,1.00
2018.02.28 21:12:55.382,1.76677,1.767,1.00,1.00
2018.02.28 21:12:56.135,1.76677,1.76701,1.00,1.00
2018.02.28 21:12:56.681,1.76678,1.76701,1.00,1.00
2018.02.28 21:12:57.209,1.76677,1.76701,1.00,1.00
2018.02.28 21:12:57.780,1.76677,1.76702,1.00,1.38
2018.02.28 21:12:58.322,1.76678,1.767,1.00,1.00
2018.02.28 21:12:58.584,1.76677,1.76702,1.00,1.25
2018.02.28 21:12:59.206,1.76677,1.76703,1.00,1.00
2018.02.28 21:12:59.771,1.76677,1.76702,1.00,1.00
2018.02.28 21:13:00.574,1.76677,1.76703,1.00,1.00
2018.02.28 21:13:01.122,1.76678,1.76703,1.00,1.25
2018.02.28 21:13:01.639,1.76677,1.76703,1.00,1.00
2018.02.28 21:13:10.122,1.76678,1.76703,1.00,1.25
2018.02.28 21:13:11.488,1.76677,1.76701,1.00,1.00
2018.02.28 21:13:11.977,1.76677,1.76703,1.00,1.88
2018.02.28 21:13:12.515,1.76676,1.76703,1.00,1.88
2018.02.28 21:13:13.529,1.76677,1.76702,1.00,1.00
2018.02.28 21:13:14.057,1.76676,1.76703,1.00,1.00
2018.02.28 21:13:14.493,1.76676,1.76701,1.00,1.00
2018.02.28 21:13:14.649,1.76681,1.76707,1.00,1.00
2018.02.28 21:13:14.733,1.76679,1.76706,1.00,1.00
2018.02.28 21:13:14.786,1.76675,1.76701,1.00,1.38
2018.02.28 21:13:14.837,1.76674,1.76702,1.50,2.63
2018.02.28 21:13:14.943,1.76673,1.76703,1.00,1.44
2018.02.28 21:13:15.900,1.76674,1.76702,1.50,1.88
2018.02.28 21:13:16.090,1.76675,1.76701,1.00,1.38
2018.02.28 21:13:16.140,1.76671,1.76702,1.00,1.88
2018.02.28 21:13:16.480,1.76674,1.76703,1.00,1.88
2018.02.28 21:13:17.624,1.76675,1.76702,1.00,1.38
2018.02.28 21:13:18.285,1.76674,1.76702,1.00,1.88
2018.02.28 21:13:18.789,1.76674,1.76702,1.00,1.31
2018.02.28 21:13:19.269,1.76675,1.76702,1.00,1.75
2018.02.28 21:13:19.578,1.76677,1.76702,1.00,1.44
2018.02.28 21:13:22.131,1.76677,1.76702,1.50,1.00
2018.02.28 21:13:22.908,1.76678,1.76702,1.00,1.25
2018.02.28 21:13:23.478,1.76677,1.76702,1.50,1.00
2018.02.28 21:13:24.835,1.76677,1.76702,1.50,3.00
2018.02.28 21:13:25.389,1.76678,1.76702,1.00,2.25
2018.02.28 21:13:29.340,1.76677,1.76702,1.00,1.44
2018.02.28 21:13:30.264,1.76675,1.76702,1.00,1.38
2018.02.28 21:13:30.518,1.76678,1.76702,1.00,1.38
2018.02.28 21:13:31.035,1.76677,1.76703,1.00,1.38
2018.02.28 21:13:32.174,1.76678,1.76701,1.00,1.38
2018.02.28 21:13:32.672,1.76675,1.767,1.00,1.13
2018.02.28 21:13:33.037,1.76682,1.767,1.00,1.00
2018.02.28 21:13:33.141,1.76683,1.76706,1.00,1.31
2018.02.28 21:13:33.193,1.76684,1.76702,1.00,1.25
2018.02.28 21:13:33.358,1.76674,1.76704,1.37,2.25
2018.02.28 21:13:33.461,1.76673,1.76703,1.00,1.69
2018.02.28 21:13:34.013,1.76674,1.76703,1.00,2.25
2018.02.28 21:13:34.470,1.76674,1.76701,1.00,1.31
2018.02.28 21:13:34.857,1.76668,1.767,1.00,1.88
2018.02.28 21:13:34.908,1.76669,1.76698,1.00,1.44
2018.02.28 21:13:35.444,1.76668,1.76698,1.00,1.25
2018.02.28 21:13:35.795,1.76672,1.76699,1.00,1.88
2018.02.28 21:13:36.301,1.76671,1.76699,1.00,1.88
2018.02.28 21:13:37.700,1.76671,1.76699,1.00,1.69
2018.02.28 21:13:40.210,1.76672,1.76699,1.00,1.25
2018.02.28 21:13:40.945,1.76672,1.767,1.00,1.00
2018.02.28 21:13:41.652,1.76672,1.76701,1.50,1.25
2018.02.28 21:13:42.692,1.76672,1.76699,1.00,1.00
2018.02.28 21:13:42.998,1.76675,1.76701,1.00,1.25
2018.02.28 21:13:43.504,1.76675,1.76701,1.00,1.38
2018.02.28 21:13:44.012,1.76676,1.76702,1.00,1.88
2018.02.28 21:13:44.625,1.76675,1.76702,1.00,1.44
2018.02.28 21:13:45.715,1.76675,1.76702,1.00,1.13
2018.02.28 21:13:49.797,1.76675,1.76703,1.50,1.25
2018.02.28 21:13:50.110,1.76678,1.76704,1.00,1.44
2018.02.28 21:13:50.673,1.76679,1.76702,1.00,1.88
2018.02.28 21:13:50.724,1.76675,1.76702,1.00,1.38
2018.02.28 21:13:51.260,1.76676,1.76699,1.00,1.00
2018.02.28 21:13:51.804,1.76675,1.767,1.00,1.13
2018.02.28 21:13:52.510,1.76674,1.767,1.00,1.13
2018.02.28 21:13:55.910,1.76678,1.76703,1.00,1.00
2018.02.28 21:13:56.438,1.76679,1.76705,1.00,1.44
2018.02.28 21:13:57.176,1.76678,1.76704,1.00,1.00
2018.02.28 21:13:58.079,1.76676,1.76695,1.00,1.38
2018.02.28 21:13:58.180,1.76663,1.76687,1.38,1.38
2018.02.28 21:13:58.316,1.76654,1.76682,1.50,1.44
2018.02.28 21:13:58.419,1.76655,1.76685,1.00,1.44
2018.02.28 21:13:58.521,1.76652,1.76687,1.00,1.75
2018.02.28 21:13:58.745,1.76654,1.76687,1.00,1.75
2018.02.28 21:13:59.342,1.76654,1.76688,1.00,2.25
2018.02.28 21:14:00.096,1.76656,1.76688,1.50,1.50
2018.02.28 21:14:00.399,1.7666,1.76688,1.00,1.13
2018.02.28 21:14:00.744,1.76664,1.76689,1.00,1.75
2018.02.28 21:14:00.963,1.76664,1.7669,1.00,1.38
2018.02.28 21:14:01.239,1.76667,1.76692,1.00,1.38
2018.02.28 21:14:02.045,1.76667,1.76692,1.00,1.38
2018.02.28 21:14:02.936,1.76664,1.76691,1.50,1.38
2018.02.28 21:14:02.987,1.76667,1.76694,1.00,1.38
2018.02.28 21:14:04.031,1.76667,1.76695,1.00,1.50
2018.02.28 21:14:05.376,1.7667,1.76698,1.50,1.75
2018.02.28 21:14:06.409,1.76669,1.76686,1.00,1.38
2018.02.28 21:14:06.461,1.76662,1.76684,1.67,1.38
2018.02.28 21:14:06.512,1.76662,1.76684,1.00,1.38
2018.02.28 21:14:06.564,1.76654,1.76683,1.00,1.38
2018.02.28 21:14:06.615,1.76655,1.76691,1.50,1.56
2018.02.28 21:14:06.667,1.7666,1.76692,1.00,1.38
2018.02.28 21:14:06.980,1.76654,1.76685,1.00,1.50
2018.02.28 21:14:07.704,1.76656,1.76685,1.00,1.50
2018.02.28 21:14:08.661,1.76657,1.76685,1.00,1.50
2018.02.28 21:14:09.838,1.76654,1.76685,1.00,1.38
2018.02.28 21:14:09.889,1.76653,1.76681,1.50,1.38
2018.02.28 21:14:09.990,1.7665,1.7668,1.00,1.13
2018.02.28 21:14:10.041,1.76647,1.7668,1.00,1.13
2018.02.28 21:14:10.632,1.76647,1.76679,1.00,1.13
2018.02.28 21:14:11.288,1.76647,1.76682,1.00,1.88
2018.02.28 21:14:11.713,1.76647,1.76682,1.56,1.69
2018.02.28 21:14:12.020,1.7666,1.76693,1.50,1.38
2018.02.28 21:14:12.706,1.7666,1.76694,1.50,1.38
2018.02.28 21:14:13.989,1.7666,1.76695,1.50,1.19
2018.02.28 21:14:14.042,1.76665,1.76698,1.37,1.44
2018.02.28 21:14:14.369,1.76669,1.76701,1.00,1.38
2018.02.28 21:14:16.075,1.76669,1.767,1.00,1.38
2018.02.28 21:14:16.588,1.7667,1.76701,1.00,1.38
2018.02.28 21:14:17.134,1.76669,1.767,1.00,1.88
2018.02.28 21:14:17.471,1.76668,1.76697,1.00,1.38
2018.02.28 21:14:17.743,1.76668,1.76699,1.00,1.88
2018.02.28 21:14:17.926,1.7667,1.76701,1.00,1.38
2018.02.28 21:14:18.230,1.76674,1.76701,1.00,1.38
2018.02.28 21:14:18.739,1.76673,1.76702,1.50,1.38
2018.02.28 21:14:19.385,1.76674,1.76702,1.00,1.44
2018.02.28 21:14:19.990,1.76677,1.76705,1.00,1.44
2018.02.28 21:14:20.561,1.76677,1.76705,1.00,1.50
2018.02.28 21:14:20.765,1.76672,1.76701,1.00,1.38
2018.02.28 21:14:21.932,1.76676,1.76703,1.00,1.88
2018.02.28 21:14:22.038,1.76673,1.76703,1.00,1.50
2018.02.28 21:14:22.090,1.76671,1.76702,1.00,1.50
2018.02.28 21:14:22.343,1.76666,1.76696,1.00,1.00
2018.02.28 21:14:22.594,1.76665,1.76695,1.00,1.56
2018.02.28 21:14:23.045,1.76662,1.76695,1.50,1.81
2018.02.28 21:14:23.682,1.76662,1.76695,1.50,1.50
2018.02.28 21:14:24.947,1.76663,1.76695,1.00,1.88
2018.02.28 21:14:31.313,1.76662,1.76693,1.50,1.00
2018.02.28 21:14:31.935,1.76662,1.76695,1.50,1.50
2018.02.28 21:14:36.287,1.76663,1.76697,1.00,2.25
2018.02.28 21:14:38.091,1.76662,1.76697,1.50,1.88
2018.02.28 21:14:39.370,1.76663,1.76699,1.00,1.75
2018.02.28 21:14:45.225,1.76663,1.76695,1.00,1.38
2018.02.28 21:14:46.996,1.76663,1.76698,1.00,1.75
2018.02.28 21:14:47.462,1.76663,1.76697,1.50,1.94
2018.02.28 21:14:48.054,1.76663,1.76695,1.00,1.13
2018.02.28 21:14:50.121,1.76664,1.76697,1.00,1.75
2018.02.28 21:14:50.173,1.76668,1.76699,1.00,1.50
2018.02.28 21:14:50.763,1.76669,1.767,1.00,1.75
2018.02.28 21:14:52.363,1.76668,1.767,1.00,1.75
2018.02.28 21:14:53.282,1.76669,1.767,1.00,1.75
2018.02.28 21:14:54.638,1.76668,1.767,1.00,1.75
2018.02.28 21:14:57.865,1.76671,1.76702,1.00,1.75
2018.02.28 21:14:57.967,1.7667,1.76702,1.00,1.56
2018.02.28 21:14:58.551,1.76671,1.76702,1.00,1.75
2018.02.28 21:14:58.675,1.76673,1.76704,1.50,1.38
2018.02.28 21:14:59.168,1.76672,1.76698,1.00,1.38
2018.02.28 21:14:59.220,1.7667,1.76698,1.50,1.75
2018.02.28 21:14:59.272,1.76668,1.76696,1.50,1.75
2018.02.28 21:14:59.374,1.76665,1.76694,1.50,1.38
2018.02.28 21:14:59.425,1.76664,1.76696,1.00,1.75
2018.02.28 21:14:59.987,1.76665,1.76697,1.00,1.50
2018.02.28 21:15:00.039,1.76667,1.76697,1.00,1.38
2018.02.28 21:15:00.345,1.7667,1.76701,1.00,1.75
2018.02.28 21:15:00.688,1.76671,1.76704,1.00,1.75
2018.02.28 21:15:00.740,1.76675,1.76704,1.00,1.38
2018.02.28 21:15:01.284,1.76676,1.76707,1.00,2.25
2018.02.28 21:15:03.044,1.76676,1.76704,1.00,1.56
2018.02.28 21:15:03.643,1.76676,1.76707,1.00,2.25
2018.02.28 21:15:04.833,1.76675,1.76704,1.00,1.38
2018.02.28 21:15:04.934,1.76673,1.76703,1.00,1.38
2018.02.28 21:15:05.629,1.76672,1.76703,2.25,1.38
2018.02.28 21:15:06.284,1.76673,1.76702,1.00,1.38
2018.02.28 21:15:06.440,1.76672,1.76707,1.00,2.25
2018.02.28 21:15:10.388,1.76672,1.76707,1.50,1.75
2018.02.28 21:15:13.031,1.76673,1.76704,1.00,1.75
2018.02.28 21:15:14.088,1.76672,1.76705,1.00,1.50
2018.02.28 21:15:14.140,1.76675,1.76705,1.00,1.50
2018.02.28 21:15:17.150,1.76676,1.76705,1.00,1.50
2018.02.28 21:15:17.553,1.76678,1.76705,1.00,1.50
2018.02.28 21:15:20.412,1.76678,1.76706,1.00,1.38
2018.02.28 21:15:22.063,1.76678,1.76707,1.00,1.38
2018.02.28 21:15:22.463,1.76678,1.76711,1.00,1.38
2018.02.28 21:15:22.514,1.76678,1.76712,1.00,1.75
2018.02.28 21:15:23.546,1.76678,1.76712,1.00,1.75
2018.02.28 21:15:27.839,1.76681,1.76712,1.00,1.75
2018.02.28 21:15:38.112,1.7668,1.76713,1.00,1.75
2018.02.28 21:15:38.705,1.76681,1.76715,1.00,1.75
2018.02.28 21:15:40.437,1.7668,1.76715,1.00,1.75
2018.02.28 21:15:47.787,1.76682,1.76715,1.00,1.75
2018.02.28 21:15:48.293,1.76683,1.76715,1.00,1.75
2018.02.28 21:15:51.851,1.76682,1.76715,1.00,1.75
2018.02.28 21:15:52.997,1.76682,1.76714,1.00,1.56
2018.02.28 21:15:55.219,1.76681,1.76715,1.00,1.75
2018.02.28 21:15:58.763,1.76682,1.76711,1.00,1.00
2018.02.28 21:15:58.814,1.76677,1.7671,1.00,1.00
2018.02.28 21:16:00.918,1.76681,1.76715,1.00,1.50
2018.02.28 21:16:01.376,1.76683,1.76716,1.00,1.00
2018.02.28 21:16:01.710,1.76686,1.76719,1.00,1.38
2018.02.28 21:16:02.214,1.76685,1.7672,1.00,1.75
2018.02.28 21:16:04.420,1.76685,1.76716,1.50,1.00
2018.02.28 21:16:05.184,1.76685,1.76717,1.50,1.31
2018.02.28 21:16:09.418,1.76685,1.76716,1.00,1.00
2018.02.28 21:16:10.116,1.76685,1.76717,1.00,1.31
2018.02.28 21:16:14.422,1.76685,1.76716,1.00,1.00
2018.02.28 21:16:16.594,1.76685,1.76717,1.00,1.31
2018.02.28 21:16:22.337,1.76684,1.76717,1.00,2.06
2018.02.28 21:16:23.391,1.76684,1.76716,1.00,1.38
2018.02.28 21:16:23.493,1.76676,1.76709,1.25,1.25
2018.02.28 21:16:24.791,1.76675,1.76708,1.56,1.25
2018.02.28 21:16:27.736,1.76674,1.76709,1.56,1.13
2018.02.28 21:16:27.839,1.76674,1.76709,1.00,1.13
2018.02.28 21:16:27.953,1.76675,1.76708,1.00,2.06
2018.02.28 21:16:28.144,1.76673,1.76707,1.00,1.25
2018.02.28 21:16:28.689,1.76674,1.76707,1.00,1.69
2018.02.28 21:16:29.442,1.76674,1.76706,1.00,1.00
2018.02.28 21:16:30.187,1.76673,1.76706,1.00,1.00
2018.02.28 21:16:30.761,1.76674,1.76707,1.00,3.00
2018.02.28 21:16:35.348,1.76673,1.76707,1.00,3.00
2018.02.28 21:16:35.451,1.76669,1.76704,1.00,1.00
2018.02.28 21:16:36.940,1.76669,1.76704,1.00,1.56
2018.02.28 21:16:37.469,1.76668,1.767,1.00,1.00
2018.02.28 21:16:38.040,1.76668,1.76701,1.00,1.00
2018.02.28 21:16:52.510,1.76669,1.76703,1.00,1.25
2018.02.28 21:16:55.583,1.7667,1.76703,1.00,2.25
2018.02.28 21:16:56.292,1.76669,1.76703,1.00,1.25
2018.02.28 21:16:57.372,1.7667,1.76703,1.00,2.25
2018.02.28 21:16:58.952,1.76669,1.76703,1.00,1.13
2018.02.28 21:17:00.599,1.7667,1.76703,1.00,1.25
2018.02.28 21:17:04.264,1.76669,1.76704,1.31,1.69
2018.02.28 21:17:04.315,1.76673,1.76704,1.50,1.00
2018.02.28 21:17:05.313,1.76673,1.76706,1.50,1.44
2018.02.28 21:17:06.941,1.76673,1.76708,1.50,2.63
2018.02.28 21:17:07.621,1.76673,1.76708,1.00,1.25
2018.02.28 21:17:11.566,1.76674,1.76707,1.00,1.00
2018.02.28 21:17:12.235,1.76673,1.76708,1.00,1.50
2018.02.28 21:17:12.730,1.76674,1.76707,1.00,1.44
2018.02.28 21:17:19.442,1.76673,1.76708,1.00,1.69
2018.02.28 21:17:24.735,1.76673,1.76706,1.00,1.00
2018.02.28 21:17:25.678,1.76674,1.76706,1.00,1.00
2018.02.28 21:17:27.319,1.76675,1.76706,1.00,1.00
2018.02.28 21:17:27.370,1.76675,1.76708,1.50,1.13
2018.02.28 21:17:27.422,1.76678,1.76708,1.00,1.25
2018.02.28 21:17:28.075,1.76678,1.76707,1.00,1.00
2018.02.28 21:17:28.789,1.76679,1.76707,1.00,1.25
2018.02.28 21:17:29.173,1.76674,1.76707,1.50,1.00
2018.02.28 21:17:29.405,1.76674,1.76705,1.50,1.00
2018.02.28 21:17:39.746,1.76675,1.76705,1.00,1.00
2018.02.28 21:17:40.349,1.76675,1.76707,1.00,1.44
2018.02.28 21:17:44.488,1.76674,1.76707,2.06,1.00
2018.02.28 21:17:44.837,1.76681,1.76712,1.00,1.31
2018.02.28 21:17:45.602,1.7668,1.76712,1.00,1.12
2018.02.28 21:17:49.853,1.76681,1.76712,1.00,1.31
2018.02.28 21:17:55.692,1.7668,1.76712,1.00,1.12
2018.02.28 21:17:59.754,1.76678,1.76712,1.00,1.12
2018.02.28 21:18:00.282,1.76677,1.76712,1.25,1.31
2018.02.28 21:18:01.470,1.76679,1.76712,1.00,1.31
2018.02.28 21:18:03.862,1.76679,1.76712,1.00,1.63
2018.02.28 21:18:07.627,1.76678,1.76713,1.00,1.50
2018.02.28 21:18:08.412,1.76679,1.76714,1.00,2.25
2018.02.28 21:18:10.491,1.76675,1.7671,1.00,1.75
2018.02.28 21:18:10.543,1.76673,1.76705,1.00,1.50
2018.02.28 21:18:10.594,1.76673,1.76701,1.00,1.00
2018.02.28 21:18:10.899,1.76669,1.76702,1.44,1.00
2018.02.28 21:18:11.054,1.76667,1.76697,1.44,1.00
2018.02.28 21:18:11.698,1.76667,1.76697,1.00,1.00
2018.02.28 21:18:12.236,1.76668,1.76697,1.00,1.00
2018.02.28 21:18:14.756,1.76667,1.767,1.00,1.31
2018.02.28 21:18:14.807,1.76665,1.76698,1.69,1.25
2018.02.28 21:18:15.084,1.76664,1.76698,1.00,1.56
2018.02.28 21:18:15.700,1.76665,1.76695,1.00,1.00
2018.02.28 21:18:21.081,1.76662,1.76695,1.00,1.50
2018.02.28 21:18:21.647,1.76662,1.76696,1.00,1.50
2018.02.28 21:18:28.443,1.76661,1.76696,1.00,1.00
2018.02.28 21:18:32.458,1.7666,1.76696,1.50,1.00
2018.02.28 21:18:38.061,1.76661,1.76695,1.44,1.00
2018.02.28 21:18:38.902,1.7666,1.76696,1.44,1.00
2018.02.28 21:18:39.476,1.7666,1.76696,1.00,1.00
2018.02.28 21:18:40.485,1.76661,1.76695,1.00,1.00
2018.02.28 21:18:40.805,1.76664,1.76697,1.00,1.00
2018.02.28 21:18:41.082,1.76664,1.76699,1.00,1.25
2018.02.28 21:18:42.031,1.76665,1.76698,1.00,1.50
2018.02.28 21:18:42.535,1.76665,1.76698,1.00,2.06
2018.02.28 21:18:43.052,1.76664,1.76697,1.00,1.00
2018.02.28 21:18:43.103,1.76664,1.76692,1.50,1.00
2018.02.28 21:18:43.592,1.76664,1.76695,1.00,1.00
2018.02.28 21:18:44.035,1.76664,1.76699,1.00,1.00
2018.02.28 21:18:44.490,1.76665,1.76697,1.00,1.00
2018.02.28 21:18:45.495,1.76664,1.76698,1.00,1.25
2018.02.28 21:18:46.288,1.76663,1.76697,1.00,1.00
2018.02.28 21:18:47.365,1.76664,1.76699,1.00,1.00
2018.02.28 21:18:48.473,1.76664,1.76699,1.50,1.31
2018.02.28 21:18:49.140,1.76665,1.76698,1.00,2.06
2018.02.28 21:18:49.873,1.76664,1.76699,1.50,2.81
2018.02.28 21:18:51.744,1.76664,1.76697,1.50,1.00
2018.02.28 21:18:55.239,1.76665,1.76697,1.00,1.69
2018.02.28 21:18:55.796,1.76664,1.76697,1.50,1.31
2018.02.28 21:18:57.355,1.76664,1.76694,1.50,1.00
2018.02.28 21:18:58.369,1.76664,1.76696,1.00,1.25
2018.02.28 21:19:03.215,1.76663,1.76695,1.00,1.94
2018.02.28 21:19:03.317,1.76654,1.76685,1.00,1.56
2018.02.28 21:19:03.369,1.76652,1.76684,1.00,1.00
2018.02.28 21:19:03.870,1.76652,1.76685,1.00,1.00
2018.02.28 21:19:04.007,1.76652,1.76683,1.00,1.00
2018.02.28 21:19:05.637,1.76652,1.76684,1.00,1.00
2018.02.28 21:19:08.442,1.76652,1.76684,1.00,2.06
2018.02.28 21:19:08.947,1.76652,1.76684,1.00,1.00
2018.02.28 21:19:09.688,1.76652,1.76686,1.50,1.25
2018.02.28 21:19:10.240,1.76653,1.76687,1.00,2.06
2018.02.28 21:19:10.926,1.76653,1.76686,1.50,1.31
2018.02.28 21:19:11.514,1.76653,1.76687,1.00,2.25
2018.02.28 21:19:13.620,1.76652,1.76687,1.50,2.25
2018.02.28 21:19:19.686,1.76653,1.76687,1.50,1.00
2018.02.28 21:19:19.814,1.76652,1.76685,1.25,1.00
2018.02.28 21:19:27.757,1.76652,1.76684,1.25,1.00
2018.02.28 21:19:38.406,1.76651,1.76684,1.69,1.00
2018.02.28 21:19:39.983,1.76651,1.76685,1.00,1.50
2018.02.28 21:19:43.195,1.76651,1.76685,1.31,1.50
2018.02.28 21:19:45.771,1.76651,1.76684,1.87,1.00
2018.02.28 21:19:46.279,1.76651,1.76685,1.31,1.50
2018.02.28 21:19:50.278,1.76651,1.76684,1.69,1.00
2018.02.28 21:19:51.699,1.7665,1.76685,1.75,1.00
2018.02.28 21:19:51.750,1.76654,1.76689,1.25,1.69
2018.02.28 21:19:52.551,1.76655,1.76689,1.25,1.88
2018.02.28 21:19:53.212,1.76654,1.76689,1.25,1.25
2018.02.28 21:19:54.370,1.76655,1.76689,1.25,1.88
2018.02.28 21:19:55.325,1.76654,1.76689,1.00,1.00
2018.02.28 21:19:56.162,1.76655,1.76689,1.00,1.88
2018.02.28 21:19:56.679,1.76654,1.7669,2.25,1.00
2018.02.28 21:19:56.730,1.76657,1.76691,1.00,1.00
2018.02.28 21:20:02.439,1.76658,1.76691,1.00,1.50
2018.02.28 21:20:02.833,1.76657,1.76689,1.00,1.00
2018.02.28 21:20:07.840,1.76655,1.76689,1.00,1.00
2018.02.28 21:20:10.319,1.76657,1.76691,1.19,1.00
2018.02.28 21:20:10.371,1.7666,1.76693,1.50,1.00
2018.02.28 21:20:10.422,1.76664,1.76696,1.44,1.00
2018.02.28 21:20:10.473,1.76661,1.76695,2.25,1.00
2018.02.28 21:20:10.524,1.76663,1.76695,1.19,1.00
2018.02.28 21:20:10.867,1.76667,1.767,1.75,1.00
2018.02.28 21:20:10.969,1.76667,1.76702,2.25,1.00
2018.02.28 21:20:14.176,1.76669,1.76701,1.75,1.00
2018.02.28 21:20:14.278,1.76668,1.76702,1.56,1.00
2018.02.28 21:20:14.519,1.76669,1.76701,1.75,1.00
2018.02.28 21:20:15.127,1.76668,1.76702,1.75,1.00
2018.02.28 21:20:15.755,1.76669,1.76701,1.75,1.00
2018.02.28 21:20:23.537,1.76667,1.76702,3.00,1.00
2018.02.28 21:20:27.014,1.76668,1.76701,1.88,1.00
2018.02.28 21:20:27.066,1.7667,1.76703,1.00,1.00
2018.02.28 21:20:27.119,1.76666,1.767,2.25,1.00
2018.02.28 21:20:27.428,1.76665,1.76698,1.50,1.00
2018.02.28 21:20:41.048,1.76664,1.76697,1.75,1.00
2018.02.28 21:20:45.755,1.76665,1.76698,1.56,1.00
2018.02.28 21:20:48.690,1.76663,1.76696,1.81,1.00
2018.02.28 21:20:49.779,1.76662,1.76695,1.94,1.00
2018.02.28 21:20:50.742,1.76662,1.76696,1.75,1.50
2018.02.28 21:20:58.670,1.76663,1.76695,1.13,1.00
2018.02.28 21:20:59.648,1.76663,1.76695,1.62,1.00
2018.02.28 21:21:00.184,1.76662,1.76696,1.75,1.50
2018.02.28 21:21:00.787,1.76662,1.76695,1.75,1.00
2018.02.28 21:21:01.294,1.76662,1.76696,1.88,1.50
2018.02.28 21:21:02.306,1.76662,1.76695,2.25,1.00
2018.02.28 21:21:05.482,1.76662,1.76696,1.44,1.50
2018.02.28 21:21:06.142,1.76662,1.76695,1.88,1.00
2018.02.28 21:21:06.346,1.76664,1.76698,1.50,1.00
2018.02.28 21:21:06.448,1.76663,1.76694,1.75,1.00
2018.02.28 21:21:06.995,1.76663,1.76693,1.81,1.00
2018.02.28 21:21:09.611,1.76662,1.76694,1.75,1.00
2018.02.28 21:21:09.714,1.76666,1.76697,2.25,1.00
2018.02.28 21:21:09.765,1.76666,1.76701,1.94,2.25
2018.02.28 21:21:09.817,1.7667,1.76701,1.31,1.00
2018.02.28 21:21:09.868,1.76671,1.76701,1.56,1.00
2018.02.28 21:21:09.919,1.76671,1.76704,1.56,1.13
2018.02.28 21:21:10.516,1.7667,1.76705,2.06,1.50
2018.02.28 21:21:12.038,1.76669,1.76698,1.00,1.00
2018.02.28 21:21:12.191,1.76664,1.76697,3.00,1.00
2018.02.28 21:21:13.291,1.76664,1.76696,1.81,1.00
2018.02.28 21:21:13.541,1.76661,1.76695,1.56,1.00
2018.02.28 21:21:13.592,1.7666,1.76692,3.19,1.00
2018.02.28 21:21:13.694,1.76658,1.7669,1.44,1.50
2018.02.28 21:21:13.909,1.76658,1.7669,1.81,1.00
2018.02.28 21:21:15.970,1.7666,1.76691,1.38,1.00
2018.02.28 21:21:16.172,1.76659,1.76692,1.50,1.00
2018.02.28 21:21:16.476,1.76659,1.76691,1.94,1.00
2018.02.28 21:21:16.528,1.76659,1.76692,1.56,1.00
2018.02.28 21:21:17.742,1.76659,1.7669,1.56,1.00
2018.02.28 21:21:18.600,1.76659,1.76691,1.75,1.50
2018.02.28 21:21:19.144,1.76659,1.7669,1.81,1.00
2018.02.28 21:21:20.640,1.76656,1.7669,1.94,1.50
2018.02.28 21:21:20.932,1.76657,1.7669,1.44,1.50
2018.02.28 21:21:21.096,1.76653,1.76687,2.63,1.00
2018.02.28 21:21:21.510,1.76654,1.76685,1.00,1.00
2018.02.28 21:21:21.561,1.76651,1.76681,1.12,1.00
2018.02.28 21:21:21.613,1.76647,1.76678,1.25,1.00
2018.02.28 21:21:26.124,1.76647,1.76677,1.44,1.00
2018.02.28 21:21:34.012,1.76647,1.76678,1.00,1.50
2018.02.28 21:21:34.063,1.76647,1.76674,1.00,1.00
2018.02.28 21:21:34.114,1.76641,1.76673,2.63,1.00
2018.02.28 21:21:34.268,1.7664,1.76671,1.75,1.00
2018.02.28 21:21:34.657,1.76635,1.76669,2.63,1.00
2018.02.28 21:21:35.134,1.76637,1.76669,1.38,1.00
2018.02.28 21:21:35.337,1.76636,1.76669,1.19,1.50
2018.02.28 21:21:35.726,1.76638,1.76668,1.38,1.00
2018.02.28 21:21:36.107,1.76633,1.76668,2.25,1.00
2018.02.28 21:21:37.101,1.76636,1.76669,1.50,1.50
2018.02.28 21:21:37.729,1.76638,1.76668,1.25,1.00
2018.02.28 21:21:38.397,1.76638,1.76669,1.00,1.50
2018.02.28 21:21:39.032,1.76638,1.76668,1.25,1.00
2018.02.28 21:21:39.834,1.76638,1.76669,1.00,2.25
2018.02.28 21:21:40.402,1.76638,1.76668,1.25,1.00
2018.02.28 21:21:42.748,1.76638,1.76669,1.00,2.25
2018.02.28 21:21:43.616,1.7664,1.76668,1.00,1.00
2018.02.28 21:21:44.119,1.76642,1.76669,1.00,1.50
2018.02.28 21:21:44.679,1.76641,1.76669,1.50,1.50
2018.02.28 21:21:45.102,1.76645,1.76669,1.00,1.50
2018.02.28 21:21:47.094,1.76643,1.76669,1.00,1.50
2018.02.28 21:21:48.194,1.76644,1.76668,1.00,1.00
2018.02.28 21:21:48.726,1.76644,1.76667,1.00,1.00
2018.02.28 21:21:49.285,1.76643,1.76667,1.00,1.00
2018.02.28 21:21:49.386,1.76643,1.76669,1.00,1.50
2018.02.28 21:21:49.629,1.76641,1.76669,1.00,1.50
2018.02.28 21:21:50.291,1.76641,1.76668,1.00,1.00
2018.02.28 21:21:50.952,1.76642,1.76668,1.00,1.69
2018.02.28 21:21:51.458,1.76641,1.76669,1.50,1.50
2018.02.28 21:21:52.165,1.76641,1.76668,1.50,1.00
2018.02.28 21:21:52.217,1.7664,1.7667,1.50,1.50
2018.02.28 21:21:52.755,1.76641,1.7667,1.00,1.50
2018.02.28 21:21:53.089,1.76635,1.76664,1.00,1.00
2018.02.28 21:21:53.417,1.76631,1.76652,1.50,1.00
2018.02.28 21:21:53.469,1.76631,1.76656,1.00,1.00
2018.02.28 21:21:53.520,1.7663,1.76659,1.50,1.00
2018.02.28 21:21:53.895,1.7663,1.76661,2.25,1.50
2018.02.28 21:21:54.098,1.7663,1.76659,1.50,1.00
2018.02.28 21:21:54.200,1.7663,1.76661,1.50,1.50
2018.02.28 21:21:55.037,1.76631,1.76661,1.69,1.00
2018.02.28 21:21:55.088,1.76631,1.76664,1.50,1.50
2018.02.28 21:21:55.292,1.76633,1.76662,1.19,1.00
2018.02.28 21:21:55.344,1.76638,1.76667,1.50,1.50
2018.02.28 21:21:55.556,1.76637,1.76671,3.19,1.00
2018.02.28 21:21:55.608,1.76643,1.76673,1.00,1.50
2018.02.28 21:21:55.913,1.76646,1.76673,1.00,1.50
2018.02.28 21:21:56.451,1.76641,1.76673,1.00,1.00
2018.02.28 21:21:56.990,1.76641,1.76673,1.69,1.50
2018.02.28 21:21:57.041,1.76641,1.76672,2.06,1.00
2018.02.28 21:21:57.209,1.76646,1.76673,1.00,1.50
2018.02.28 21:21:57.755,1.76645,1.76672,1.00,1.00
2018.02.28 21:21:58.261,1.76646,1.76673,1.00,1.00
2018.02.28 21:22:00.210,1.76645,1.76672,1.00,1.00
2018.02.28 21:22:00.758,1.76646,1.76673,1.00,1.00
2018.02.28 21:22:01.628,1.76647,1.76672,1.00,1.50
2018.02.28 21:22:01.680,1.76642,1.76668,1.00,1.00
2018.02.28 21:22:01.731,1.7664,1.76665,1.00,1.00
2018.02.28 21:22:01.934,1.76638,1.76666,1.50,1.50
2018.02.28 21:22:02.228,1.7664,1.76665,1.00,1.00
2018.02.28 21:22:04.229,1.76639,1.76666,1.00,1.50
2018.02.28 21:22:04.559,1.76639,1.76661,1.00,1.00
2018.02.28 21:22:05.064,1.76638,1.7666,1.00,1.00
2018.02.28 21:22:05.569,1.76638,1.76661,1.00,1.00
2018.02.28 21:22:06.236,1.76646,1.76661,1.00,1.00
2018.02.28 21:22:06.287,1.76646,1.76664,1.00,1.00
2018.02.28 21:22:06.339,1.76646,1.7667,1.00,1.00
2018.02.28 21:22:06.744,1.76644,1.76671,1.00,1.00
2018.02.28 21:22:07.305,1.76643,1.76671,1.00,1.00
2018.02.28 21:22:07.887,1.76642,1.76671,1.00,1.00
2018.02.28 21:22:09.685,1.76639,1.76671,1.00,1.00
2018.02.28 21:22:09.990,1.76637,1.76668,1.00,1.00
2018.02.28 21:22:10.297,1.76639,1.76667,1.00,1.00
2018.02.28 21:22:10.400,1.76643,1.76673,1.00,1.67
2018.02.28 21:22:10.452,1.76642,1.76674,1.00,1.50
2018.02.28 21:22:11.183,1.76639,1.76674,3.19,1.50
2018.02.28 21:22:12.292,1.76642,1.76675,1.00,1.00
2018.02.28 21:22:13.258,1.76642,1.76674,1.00,1.00
2018.02.28 21:22:13.824,1.76642,1.76675,1.00,1.00
2018.02.28 21:22:17.943,1.76643,1.76675,1.00,1.00
2018.02.28 21:22:18.894,1.76642,1.76675,1.00,1.00
2018.02.28 21:22:19.397,1.76643,1.76675,1.00,1.00
2018.02.28 21:22:20.008,1.76643,1.76674,1.00,1.00
2018.02.28 21:22:20.761,1.76643,1.76675,1.00,1.00
2018.02.28 21:22:24.445,1.76642,1.76675,1.00,1.00
2018.02.28 21:22:25.052,1.76643,1.76675,1.00,1.00
2018.02.28 21:22:26.206,1.76642,1.76675,1.00,1.00
2018.02.28 21:22:27.839,1.7664,1.76675,1.69,1.50
2018.02.28 21:22:29.527,1.76647,1.76674,1.19,1.00
2018.02.28 21:22:29.578,1.76648,1.76678,1.69,1.00
2018.02.28 21:22:29.630,1.76648,1.7668,1.19,1.00
2018.02.28 21:22:29.681,1.7665,1.76683,1.19,1.00
2018.02.28 21:22:30.202,1.76651,1.76684,1.00,1.69
2018.02.28 21:22:30.303,1.76648,1.76681,1.00,1.00
2018.02.28 21:22:30.840,1.76647,1.76681,1.00,1.00
2018.02.28 21:22:30.992,1.76643,1.76678,1.69,1.00
2018.02.28 21:22:31.519,1.76644,1.76677,1.00,1.00
2018.02.28 21:22:32.463,1.76643,1.76674,1.00,1.00
2018.02.28 21:22:34.837,1.76642,1.76674,1.25,1.00
2018.02.28 21:22:35.614,1.76641,1.76674,1.25,1.00
2018.02.28 21:22:38.263,1.76641,1.76675,1.69,1.50
2018.02.28 21:22:38.881,1.76644,1.76674,1.00,1.00
2018.02.28 21:22:39.668,1.76645,1.76674,1.00,1.50
2018.02.28 21:22:40.344,1.76644,1.76674,1.00,1.00
2018.02.28 21:22:40.916,1.76644,1.76675,1.00,1.50
2018.02.28 21:22:41.265,1.76645,1.76674,1.19,1.00
2018.02.28 21:22:44.675,1.76643,1.76674,1.69,1.50
2018.02.28 21:22:44.779,1.76642,1.76675,1.50,1.50
2018.02.28 21:22:44.881,1.76642,1.76671,1.00,1.00
2018.02.28 21:22:44.983,1.76639,1.76669,1.00,1.00
2018.02.28 21:22:45.561,1.7664,1.76669,1.00,1.00
2018.02.28 21:22:47.894,1.76643,1.76672,1.19,1.00
2018.02.28 21:22:48.017,1.76644,1.76675,1.00,1.00
2018.02.28 21:22:48.068,1.7664,1.76673,1.00,1.00
2018.02.28 21:22:48.606,1.76639,1.76674,1.50,1.50
2018.02.28 21:22:49.114,1.7664,1.76673,1.00,1.00
2018.02.28 21:22:50.212,1.76639,1.76674,1.00,1.00
2018.02.28 21:22:50.263,1.7664,1.76674,1.19,1.00
2018.02.28 21:22:50.365,1.76646,1.76681,1.00,2.59
2018.02.28 21:22:51.246,1.76646,1.76681,1.00,1.69
2018.02.28 21:23:03.666,1.76642,1.76677,1.69,1.50
2018.02.28 21:23:04.024,1.76639,1.76673,1.50,1.50
2018.02.28 21:23:04.698,1.76639,1.76672,1.25,1.00
2018.02.28 21:23:05.832,1.76638,1.76673,1.00,2.06
2018.02.28 21:23:06.144,1.76634,1.76665,1.00,1.25
2018.02.28 21:23:06.454,1.76632,1.76662,1.00,1.50
2018.02.28 21:23:07.123,1.76632,1.76661,1.00,1.00
2018.02.28 21:23:07.914,1.76632,1.76662,1.00,1.00
2018.02.28 21:23:11.163,1.76635,1.76666,1.00,1.00
2018.02.28 21:23:11.214,1.76637,1.7667,1.00,1.69
2018.02.28 21:23:11.808,1.76637,1.76669,1.00,1.25
2018.02.28 21:23:11.945,1.76631,1.76666,1.00,1.00
2018.02.28 21:23:11.996,1.76635,1.76666,1.00,1.00
2018.02.28 21:23:16.862,1.76635,1.76665,1.00,1.00
2018.02.28 21:23:16.913,1.76635,1.76668,1.00,1.25
2018.02.28 21:23:16.965,1.76637,1.7667,1.50,1.69
2018.02.28 21:23:17.286,1.76646,1.76678,1.00,1.19
2018.02.28 21:23:17.337,1.76644,1.76676,1.00,1.19
2018.02.28 21:23:17.388,1.76643,1.76674,1.50,1.69
2018.02.28 21:23:17.440,1.7664,1.76674,1.50,1.69
2018.02.28 21:23:19.118,1.7664,1.76675,1.00,2.44
2018.02.28 21:23:23.850,1.7664,1.76674,1.50,1.69
2018.02.28 21:23:24.759,1.7664,1.76675,1.00,2.44
2018.02.28 21:23:24.861,1.7664,1.76672,1.00,1.19
2018.02.28 21:23:25.722,1.76639,1.76674,1.00,1.19
2018.02.28 21:23:26.241,1.76639,1.76673,1.00,1.19
2018.02.28 21:23:27.934,1.7664,1.76671,1.00,1.19
2018.02.28 21:23:30.022,1.76639,1.76672,1.00,1.19
2018.02.28 21:23:30.262,1.76637,1.76671,1.00,1.25
2018.02.28 21:23:30.846,1.76637,1.76672,1.00,1.50
2018.02.28 21:23:30.897,1.76642,1.76673,1.00,1.00
2018.02.28 21:23:30.948,1.76641,1.76676,1.00,1.25
2018.02.28 21:23:31.811,1.76642,1.76675,1.00,1.25
2018.02.28 21:23:32.467,1.76641,1.76676,1.00,1.25
2018.02.28 21:23:37.611,1.76642,1.76675,1.00,1.00
2018.02.28 21:23:38.114,1.76641,1.76676,1.00,1.25
2018.02.28 21:23:42.662,1.76642,1.76675,1.00,1.25
2018.02.28 21:23:44.637,1.76646,1.76679,1.00,1.31
2018.02.28 21:23:44.739,1.76648,1.76682,1.00,1.19
2018.02.28 21:24:00.426,1.76649,1.76682,1.00,1.19
2018.02.28 21:24:00.543,1.76647,1.7668,1.00,1.69
2018.02.28 21:24:00.594,1.76643,1.76674,1.00,1.00
2018.02.28 21:24:00.646,1.7664,1.76671,1.00,1.25
2018.02.28 21:24:00.697,1.76637,1.76672,2.62,1.00
2018.02.28 21:24:03.181,1.76638,1.76671,1.12,1.00
2018.02.28 21:24:04.471,1.76639,1.76673,1.00,1.00
2018.02.28 21:24:06.210,1.76637,1.76672,2.62,1.69
2018.02.28 21:24:06.785,1.76638,1.76671,1.12,1.00
2018.02.28 21:24:07.872,1.76637,1.76672,1.50,1.00
2018.02.28 21:24:08.385,1.76637,1.76672,1.50,1.69
2018.02.28 21:24:09.144,1.76637,1.76672,1.00,1.69
2018.02.28 21:24:09.356,1.76637,1.76672,1.00,1.00
2018.02.28 21:24:10.284,1.76638,1.76671,1.00,1.00
2018.02.28 21:24:10.702,1.76637,1.76669,1.00,1.00
2018.02.28 21:24:14.673,1.76638,1.76671,1.00,1.00
2018.02.28 21:24:14.776,1.76637,1.76668,1.87,1.00
2018.02.28 21:24:14.827,1.76638,1.76671,1.12,1.19
2018.02.28 21:24:15.340,1.76637,1.76672,2.62,1.69
2018.02.28 21:24:15.996,1.76638,1.76671,1.12,1.25
2018.02.28 21:24:20.389,1.76637,1.76672,2.62,1.69
2018.02.28 21:24:20.862,1.76638,1.76671,1.50,1.00
2018.02.28 21:24:21.015,1.76637,1.76669,1.12,1.00
2018.02.28 21:24:23.587,1.76637,1.76668,1.12,1.00
2018.02.28 21:24:24.615,1.76637,1.76669,1.00,1.00
2018.02.28 21:24:29.917,1.76637,1.76668,1.12,1.00
2018.02.28 21:24:32.121,1.76637,1.76669,1.00,1.50
2018.02.28 21:24:32.788,1.76637,1.76668,1.00,1.19
2018.02.28 21:24:33.415,1.76637,1.76669,1.00,1.69
2018.02.28 21:24:33.961,1.76637,1.76669,1.00,1.69
2018.02.28 21:24:34.502,1.76637,1.76668,1.00,1.00
2018.02.28 21:24:34.989,1.76639,1.76671,1.12,1.00
2018.02.28 21:24:35.040,1.76641,1.76675,1.00,1.69
2018.02.28 21:24:35.360,1.76644,1.7668,1.50,2.81
2018.02.28 21:24:35.411,1.76648,1.7668,1.00,1.25
2018.02.28 21:24:35.463,1.76648,1.76684,1.00,2.06
2018.02.28 21:24:39.002,1.76648,1.76684,1.00,1.69
2018.02.28 21:24:39.550,1.76648,1.76684,1.00,1.69
2018.02.28 21:24:40.112,1.76649,1.76683,1.00,1.69
2018.02.28 21:24:40.593,1.76648,1.76684,1.00,1.69
2018.02.28 21:24:41.712,1.76648,1.76684,1.00,1.69
2018.02.28 21:24:42.098,1.76648,1.76681,1.00,2.44
2018.02.28 21:24:42.670,1.76646,1.76681,1.00,1.69
2018.02.28 21:24:43.227,1.76646,1.76681,1.00,1.50
2018.02.28 21:24:43.743,1.76646,1.7668,1.00,1.00
2018.02.28 21:24:44.200,1.76643,1.76677,1.31,1.00
2018.02.28 21:24:44.522,1.76644,1.76677,1.50,1.00
2018.02.28 21:24:45.273,1.76643,1.76678,2.06,1.50
2018.02.28 21:24:49.155,1.7664,1.76674,1.88,1.00
2018.02.28 21:24:49.207,1.76639,1.76674,2.44,1.50
2018.02.28 21:24:49.258,1.76639,1.76668,1.25,1.00
2018.02.28 21:24:51.028,1.76638,1.76669,1.25,1.00
2018.02.28 21:24:51.602,1.76638,1.7667,1.25,1.00
2018.02.28 21:24:51.952,1.76638,1.7667,1.56,1.00
2018.02.28 21:24:53.107,1.76638,1.76669,1.56,1.00
2018.02.28 21:24:55.704,1.76638,1.76669,1.69,1.00
2018.02.28 21:24:55.756,1.76641,1.76675,1.38,1.00
2018.02.28 21:24:55.888,1.76644,1.76679,1.69,1.00
2018.02.28 21:24:56.407,1.76645,1.76678,1.25,1.00
2018.02.28 21:24:57.090,1.76644,1.76679,1.38,1.00
2018.02.28 21:25:12.461,1.76647,1.7668,1.25,1.50
2018.02.28 21:25:15.303,1.76646,1.76681,1.00,1.50
2018.02.28 21:25:16.756,1.76649,1.76682,1.00,1.25
2018.02.28 21:25:19.791,1.76648,1.76682,1.00,1.00
2018.02.28 21:25:20.843,1.76648,1.76681,1.00,1.25
2018.02.28 21:25:21.400,1.76646,1.76681,1.25,1.50
2018.02.28 21:25:24.084,1.76647,1.7668,1.25,1.00
2018.02.28 21:25:25.545,1.76646,1.76681,1.25,1.50
2018.02.28 21:25:25.597,1.76651,1.76685,1.50,1.00
2018.02.28 21:25:25.699,1.76651,1.76687,1.44,1.00
2018.02.28 21:25:25.802,1.76654,1.76687,1.00,1.44
2018.02.28 21:25:25.904,1.76648,1.76682,1.69,1.00
2018.02.28 21:25:26.028,1.76648,1.76681,1.50,1.44
2018.02.28 21:25:26.554,1.76648,1.76681,1.50,1.13
2018.02.28 21:25:27.086,1.76647,1.76682,1.00,1.00
2018.02.28 21:25:27.659,1.76651,1.76682,1.00,1.00
2018.02.28 21:25:28.222,1.76652,1.76686,1.00,1.38
2018.02.28 21:25:28.425,1.7665,1.76685,1.00,1.88
2018.02.28 21:25:28.680,1.76647,1.76682,1.69,1.00
2018.02.28 21:25:38.277,1.76648,1.76682,1.00,1.00
2018.02.28 21:25:41.744,1.76647,1.76682,1.88,1.00
2018.02.28 21:25:47.829,1.76649,1.76683,1.00,1.13
2018.02.28 21:25:48.523,1.76648,1.76684,1.50,1.88
2018.02.28 21:25:49.061,1.76649,1.76684,1.00,1.88
2018.02.28 21:25:49.367,1.76654,1.76687,1.25,1.00
2018.02.28 21:25:52.647,1.76653,1.76688,1.00,1.44
2018.02.28 21:25:53.016,1.76651,1.76685,1.00,1.00
2018.02.28 21:25:53.117,1.76647,1.76685,2.63,1.88
2018.02.28 21:25:53.168,1.76649,1.76684,1.38,1.00
2018.02.28 21:25:53.219,1.76653,1.76686,1.00,1.00
2018.02.28 21:25:53.270,1.76654,1.76689,1.00,1.50
2018.02.28 21:25:53.321,1.76653,1.76686,1.00,1.00
2018.02.28 21:25:53.639,1.76651,1.76686,1.00,1.88
2018.02.28 21:25:54.602,1.76652,1.76685,1.00,1.38
2018.02.28 21:25:55.374,1.76651,1.76685,1.00,1.75
2018.02.28 21:25:55.425,1.76646,1.76681,1.00,1.25
2018.02.28 21:25:58.206,1.76646,1.76681,1.00,1.44
2018.02.28 21:26:01.271,1.76647,1.7668,1.00,1.38
2018.02.28 21:26:02.770,1.76646,1.76681,1.00,1.19
2018.02.28 21:26:03.292,1.76646,1.76681,1.00,1.88
2018.02.28 21:26:03.343,1.76643,1.76676,1.44,1.00
2018.02.28 21:26:03.395,1.76642,1.76677,1.25,1.56
2018.02.28 21:26:03.479,1.76646,1.76678,1.00,1.44
2018.02.28 21:26:04.071,1.76647,1.7668,1.00,1.38
2018.02.28 21:26:04.221,1.76645,1.76679,1.00,1.38
2018.02.28 21:26:04.734,1.76645,1.76678,1.00,1.00
2018.02.28 21:26:04.956,1.7665,1.76684,1.00,1.00
2018.02.28 21:26:05.057,1.76649,1.76681,1.00,1.31
2018.02.28 21:26:05.544,1.76648,1.76679,1.38,1.00
2018.02.28 21:26:05.596,1.76651,1.76683,1.25,1.00
2018.02.28 21:26:05.648,1.76653,1.76686,1.00,1.31
2018.02.28 21:26:05.851,1.76649,1.76684,1.00,1.00
2018.02.28 21:26:05.956,1.76646,1.76681,1.50,1.00
2018.02.28 21:26:06.641,1.76646,1.76681,1.50,1.50
2018.02.28 21:26:07.794,1.76646,1.76681,2.25,1.88
2018.02.28 21:26:09.990,1.76645,1.76681,1.00,2.06
2018.02.28 21:26:10.041,1.76643,1.76675,1.00,1.00
2018.02.28 21:26:10.092,1.76639,1.76674,2.63,1.00
2018.02.28 21:26:10.296,1.76642,1.76676,1.25,1.00
2018.02.28 21:26:10.639,1.76642,1.76678,1.50,1.75
2018.02.28 21:26:10.814,1.76638,1.76671,1.00,1.00
2018.02.28 21:26:11.322,1.76638,1.76673,1.00,1.44
2018.02.28 21:26:11.921,1.76638,1.76673,1.00,1.13
2018.02.28 21:26:12.174,1.76637,1.76669,1.25,1.50
2018.02.28 21:26:15.242,1.76636,1.76667,1.00,1.00
2018.02.28 21:26:15.760,1.76636,1.76666,1.00,1.00
2018.02.28 21:26:16.412,1.76636,1.76665,1.00,1.00
2018.02.28 21:26:16.769,1.76636,1.76669,1.00,1.44
2018.02.28 21:26:19.489,1.76636,1.76667,1.00,1.00
2018.02.28 21:26:19.735,1.76636,1.76665,1.00,1.00
2018.02.28 21:26:20.600,1.76636,1.76666,1.00,1.00
2018.02.28 21:26:20.754,1.76638,1.76671,1.00,1.44
2018.02.28 21:26:21.262,1.76636,1.76669,1.31,1.00
2018.02.28 21:26:22.084,1.76638,1.76673,1.50,1.13
2018.02.28 21:26:22.135,1.76639,1.76672,1.00,1.38
2018.02.28 21:26:22.237,1.76637,1.76669,1.00,1.44
2018.02.28 21:26:22.812,1.76637,1.76669,1.50,1.38
2018.02.28 21:26:24.208,1.76637,1.76669,1.00,1.44
2018.02.28 21:26:27.421,1.76637,1.76668,1.00,1.38
2018.02.28 21:26:27.994,1.76634,1.76668,1.00,1.38
2018.02.28 21:26:29.420,1.76637,1.76668,1.00,1.38
2018.02.28 21:26:29.988,1.76637,1.76668,1.00,1.44
2018.02.28 21:26:30.407,1.76637,1.76664,1.00,1.00
2018.02.28 21:26:30.913,1.76637,1.76665,1.00,1.00
2018.02.28 21:26:36.196,1.76637,1.76668,1.00,1.44
2018.02.28 21:26:36.248,1.76641,1.76675,1.00,1.38
2018.02.28 21:26:36.299,1.76641,1.76677,1.00,3.38
2018.02.28 21:26:36.919,1.76641,1.76676,1.00,1.19
2018.02.28 21:26:37.072,1.76642,1.76676,1.00,1.38
2018.02.28 21:26:38.048,1.76641,1.76677,1.00,3.00
2018.02.28 21:26:40.657,1.7664,1.76669,1.00,1.25
2018.02.28 21:26:40.792,1.76631,1.76663,1.00,1.00
2018.02.28 21:26:40.844,1.76633,1.76663,1.00,1.00
2018.02.28 21:26:48.401,1.76628,1.76657,1.50,1.00
2018.02.28 21:26:48.554,1.76628,1.76661,1.63,1.00
2018.02.28 21:26:51.519,1.76628,1.76662,1.50,1.50
2018.02.28 21:26:52.128,1.76628,1.76662,1.88,1.50
2018.02.28 21:26:52.271,1.76631,1.76662,1.00,1.50
2018.02.28 21:26:58.417,1.76631,1.76661,1.00,1.00
2018.02.28 21:26:59.397,1.76631,1.76662,1.00,1.00
2018.02.28 21:27:01.407,1.76631,1.76661,1.00,1.00
2018.02.28 21:27:02.407,1.76631,1.76662,1.00,1.00
2018.02.28 21:27:06.136,1.76631,1.76661,1.00,1.00
2018.02.28 21:27:06.187,1.76631,1.76665,1.00,1.44
2018.02.28 21:27:06.333,1.76629,1.76663,1.00,1.00
2018.02.28 21:27:07.675,1.76634,1.76666,1.00,1.44
2018.02.28 21:27:09.326,1.76634,1.76665,1.00,1.44
2018.02.28 21:27:11.759,1.76634,1.76665,1.00,1.00
2018.02.28 21:27:13.432,1.76634,1.76666,1.00,1.00
2018.02.28 21:27:20.619,1.7663,1.76666,1.69,1.00
2018.02.28 21:27:21.305,1.76631,1.76662,1.00,1.88
2018.02.28 21:27:21.630,1.76628,1.76652,1.00,1.00
2018.02.28 21:27:22.376,1.76628,1.76655,1.00,1.00
2018.02.28 21:27:23.240,1.76629,1.76655,1.00,1.00
2018.02.28 21:27:23.556,1.76628,1.76652,1.00,1.00
2018.02.28 21:27:24.093,1.76628,1.76653,1.00,1.00
2018.02.28 21:27:24.804,1.76628,1.76656,1.00,1.00
2018.02.28 21:27:24.929,1.76628,1.76658,1.00,1.13
2018.02.28 21:27:27.165,1.76629,1.7666,1.00,1.50
2018.02.28 21:27:27.217,1.76632,1.7666,1.00,1.00
2018.02.28 21:27:27.353,1.76636,1.76668,1.00,1.38
2018.02.28 21:27:28.186,1.76636,1.76668,1.50,1.38
2018.02.28 21:27:29.810,1.76637,1.76667,1.00,1.38
2018.02.28 21:27:30.807,1.76635,1.76667,1.50,1.88
2018.02.28 21:27:30.961,1.76629,1.7666,1.00,1.50
2018.02.28 21:27:31.013,1.76629,1.76657,1.00,1.00
2018.02.28 21:27:31.165,1.76628,1.7666,1.00,1.44
2018.02.28 21:27:31.268,1.76631,1.76661,1.00,1.38
2018.02.28 21:27:33.059,1.76631,1.76661,1.00,1.44
2018.02.28 21:27:37.794,1.76631,1.7666,1.00,1.38
2018.02.28 21:27:38.777,1.76628,1.7666,2.25,1.38
2018.02.28 21:27:38.829,1.76631,1.7666,1.00,1.38
2018.02.28 21:27:39.358,1.76631,1.7666,1.00,1.13
2018.02.28 21:27:42.616,1.76639,1.76664,1.00,1.00
2018.02.28 21:27:42.667,1.76641,1.76669,1.00,1.00
2018.02.28 21:27:42.768,1.76641,1.76675,1.00,1.88
2018.02.28 21:27:43.495,1.76641,1.76675,1.00,1.88
2018.02.28 21:27:45.784,1.76642,1.76673,1.00,1.38
2018.02.28 21:27:46.841,1.76641,1.76675,1.00,1.88
2018.02.28 21:27:49.484,1.76639,1.76674,1.00,1.38
2018.02.28 21:27:49.536,1.76641,1.76675,1.00,1.25
2018.02.28 21:27:50.542,1.7664,1.76673,1.00,1.44
2018.02.28 21:27:54.385,1.76639,1.76674,1.50,1.44
2018.02.28 21:27:55.074,1.76638,1.7667,1.50,1.38
2018.02.28 21:27:55.383,1.76636,1.76663,1.00,1.00
2018.02.28 21:27:55.434,1.76636,1.76667,1.00,1.00
2018.02.28 21:27:59.424,1.76632,1.76667,1.38,1.00
2018.02.28 21:27:59.526,1.76636,1.76669,1.25,1.25
2018.02.28 21:28:00.028,1.76637,1.76669,1.00,1.00
2018.02.28 21:28:09.441,1.76637,1.7667,1.00,1.00
2018.02.28 21:28:10.618,1.76631,1.76661,1.00,1.38
2018.02.28 21:28:10.669,1.76631,1.76663,1.00,1.00
2018.02.28 21:28:10.771,1.76631,1.76663,1.00,1.38
2018.02.28 21:28:10.822,1.76629,1.7666,1.00,1.00
2018.02.28 21:28:10.872,1.76631,1.7666,1.00,1.50
2018.02.28 21:28:11.956,1.76631,1.76663,1.00,1.00
2018.02.28 21:28:12.058,1.7663,1.76665,1.50,1.69
2018.02.28 21:28:13.395,1.76629,1.76663,1.00,1.00
2018.02.28 21:28:13.585,1.7663,1.76665,1.00,1.69
2018.02.28 21:28:14.941,1.76631,1.76665,1.00,1.69
2018.02.28 21:28:19.960,1.7663,1.76665,1.88,1.50
2018.02.28 21:28:20.012,1.7663,1.76665,1.13,1.50
2018.02.28 21:28:20.063,1.7663,1.76665,1.38,1.50
2018.02.28 21:28:20.614,1.76632,1.76664,1.38,1.00
2018.02.28 21:28:21.115,1.7663,1.76665,1.88,1.50
2018.02.28 21:28:21.812,1.76637,1.7667,1.38,1.00
2018.02.28 21:28:21.864,1.76638,1.76672,1.44,1.00
2018.02.28 21:28:21.915,1.7664,1.76674,1.00,1.25
2018.02.28 21:28:24.161,1.76637,1.76669,1.00,1.38
2018.02.28 21:28:24.263,1.76633,1.76665,1.00,1.38
2018.02.28 21:28:26.065,1.76634,1.76666,1.00,1.38
2018.02.28 21:28:26.116,1.76633,1.76666,1.00,1.00
2018.02.28 21:28:26.269,1.76635,1.76666,1.00,1.00
2018.02.28 21:28:29.229,1.76633,1.76669,1.00,1.38
2018.02.28 21:28:29.871,1.76636,1.7667,1.00,1.44
2018.02.28 21:28:30.182,1.76639,1.76671,1.00,1.38
2018.02.28 21:28:32.740,1.76637,1.76671,1.00,1.38
2018.02.28 21:28:33.917,1.76637,1.7667,1.50,1.38
2018.02.28 21:28:34.625,1.76638,1.76671,1.44,1.00
2018.02.28 21:28:34.676,1.76642,1.76675,1.00,1.50
2018.02.28 21:28:34.727,1.76642,1.76676,1.00,1.50
2018.02.28 21:28:35.482,1.76642,1.76676,1.50,1.75
2018.02.28 21:28:36.085,1.76643,1.76676,1.00,1.75
2018.02.28 21:28:36.597,1.76642,1.76677,1.00,1.88
2018.02.28 21:28:38.118,1.76642,1.76674,1.50,1.19
2018.02.28 21:28:38.170,1.76642,1.76676,1.00,1.31
2018.02.28 21:28:38.538,1.76645,1.76675,1.00,1.19
2018.02.28 21:28:38.640,1.76643,1.76675,1.00,1.19
2018.02.28 21:28:39.194,1.76643,1.76677,1.00,1.69
2018.02.28 21:28:39.825,1.76643,1.76676,1.00,1.69
2018.02.28 21:28:41.067,1.76644,1.76675,1.00,1.19
2018.02.28 21:28:41.769,1.76643,1.76676,1.00,1.19
2018.02.28 21:28:45.405,1.76643,1.76677,1.50,1.31
2018.02.28 21:28:46.181,1.76642,1.76676,1.00,1.19
2018.02.28 21:28:51.679,1.76641,1.76674,1.00,1.19
2018.02.28 21:28:52.298,1.7664,1.76675,1.50,1.31
2018.02.28 21:28:52.965,1.76641,1.76675,1.00,1.19
2018.02.28 21:28:53.762,1.76649,1.76678,1.00,1.00
2018.02.28 21:28:53.813,1.76649,1.7668,1.00,1.12
2018.02.28 21:28:53.865,1.76652,1.76685,1.00,2.63
2018.02.28 21:28:53.961,1.76646,1.76678,1.00,1.00
2018.02.28 21:28:54.013,1.76642,1.76676,1.69,1.25
2018.02.28 21:28:54.166,1.76642,1.76676,1.50,1.38
2018.02.28 21:28:54.268,1.7664,1.76673,1.50,1.25
2018.02.28 21:28:57.058,1.7664,1.76674,1.00,1.88
2018.02.28 21:29:00.355,1.76639,1.76674,2.25,1.69
2018.02.28 21:29:00.852,1.76639,1.76672,1.00,1.00
2018.02.28 21:29:02.251,1.76639,1.76671,1.50,1.00
2018.02.28 21:29:02.869,1.76639,1.76672,1.50,1.25
2018.02.28 21:29:08.894,1.76639,1.76671,1.00,1.13
2018.02.28 21:29:09.098,1.76639,1.76674,1.50,1.88
2018.02.28 21:29:09.251,1.76639,1.76674,1.00,1.38
2018.02.28 21:29:10.254,1.7664,1.76673,1.00,1.38
2018.02.28 21:29:12.095,1.76639,1.76674,1.00,2.63
2018.02.28 21:29:12.738,1.76637,1.7667,1.25,1.00
2018.02.28 21:29:13.089,1.76635,1.76666,1.00,1.44
2018.02.28 21:29:13.243,1.76633,1.76668,1.50,2.63
2018.02.28 21:29:13.829,1.76633,1.76664,1.00,1.25
2018.02.28 21:29:14.628,1.76633,1.76668,1.00,1.50
2018.02.28 21:29:14.680,1.76638,1.76673,1.00,1.88
2018.02.28 21:29:14.984,1.76641,1.76673,1.00,1.25
2018.02.28 21:29:15.539,1.76641,1.76674,1.00,1.88
2018.02.28 21:29:15.844,1.76641,1.76674,1.00,1.38
2018.02.28 21:29:18.829,1.76639,1.76673,1.00,1.44
2018.02.28 21:29:19.452,1.7664,1.76673,1.00,1.69
2018.02.28 21:29:19.554,1.7664,1.76673,1.00,1.88
2018.02.28 21:29:20.131,1.76639,1.76673,1.00,1.88
2018.02.28 21:29:20.481,1.7664,1.76673,1.00,2.63
2018.02.28 21:29:21.165,1.76639,1.76673,1.00,1.38
2018.02.28 21:29:21.217,1.76639,1.76673,1.00,1.88
2018.02.28 21:29:21.370,1.76638,1.76671,1.00,1.00
2018.02.28 21:29:21.421,1.76639,1.76673,1.00,1.13
2018.02.28 21:29:21.782,1.76639,1.76672,1.00,1.38
2018.02.28 21:29:21.986,1.76635,1.76668,1.00,1.00
2018.02.28 21:29:22.125,1.76639,1.76671,1.00,1.88
2018.02.28 21:29:22.176,1.76637,1.7667,1.00,1.00
2018.02.28 21:29:22.228,1.76635,1.7667,1.50,2.25
2018.02.28 21:29:22.764,1.76635,1.7667,1.44,1.50
2018.02.28 21:29:23.766,1.76636,1.76669,1.00,1.00
2018.02.28 21:29:24.311,1.76636,1.7667,1.25,1.50
2018.02.28 21:29:25.226,1.76629,1.76659,1.00,1.00
2018.02.28 21:29:25.918,1.76625,1.76659,1.81,1.00
2018.02.28 21:29:27.411,1.76625,1.76656,1.63,1.00
2018.02.28 21:29:31.593,1.76627,1.76659,1.50,1.00
2018.02.28 21:29:31.645,1.76628,1.76662,1.38,1.50
2018.02.28 21:29:31.696,1.76628,1.76662,1.44,1.00
2018.02.28 21:29:32.199,1.76627,1.76663,2.25,1.50
2018.02.28 21:29:32.390,1.76627,1.7666,1.31,1.00
2018.02.28 21:29:32.542,1.76628,1.76662,1.13,1.00
2018.02.28 21:29:32.594,1.76629,1.76662,1.38,1.00
2018.02.28 21:29:32.696,1.76627,1.76663,1.50,1.00
2018.02.28 21:29:33.133,1.76631,1.76664,1.00,1.88
2018.02.28 21:29:33.647,1.76632,1.76665,1.00,1.25
2018.02.28 21:29:33.699,1.76633,1.76664,1.00,1.38
2018.02.28 21:29:33.750,1.76631,1.76661,1.00,1.00
2018.02.28 21:29:33.903,1.76628,1.7666,1.00,1.00
2018.02.28 21:29:35.713,1.76628,1.76657,1.00,1.00
2018.02.28 21:29:36.011,1.76628,1.7666,1.00,1.50
2018.02.28 21:29:36.317,1.76628,1.76657,1.00,1.00
2018.02.28 21:29:36.874,1.76627,1.76657,1.25,1.00
2018.02.28 21:29:37.455,1.76627,1.76656,1.44,1.00
2018.02.28 21:29:37.956,1.76627,1.76657,1.25,1.00
2018.02.28 21:29:39.928,1.76627,1.76656,1.25,1.00
2018.02.28 21:29:40.379,1.76627,1.7666,1.00,2.25
2018.02.28 21:29:40.916,1.76628,1.7666,1.00,2.25
2018.02.28 21:29:41.524,1.76632,1.76662,1.00,1.00
2018.02.28 21:29:41.698,1.76629,1.76661,1.00,1.69
2018.02.28 21:29:42.515,1.76628,1.76661,1.50,2.25
2018.02.28 21:29:43.117,1.76627,1.7666,1.50,1.88
2018.02.28 21:29:43.364,1.76629,1.7666,1.00,1.88
2018.02.28 21:29:43.672,1.76629,1.76657,1.00,1.00
2018.02.28 21:29:45.539,1.76629,1.7666,1.00,2.25
2018.02.28 21:29:45.710,1.76629,1.76657,1.00,1.00
2018.02.28 21:29:50.871,1.76629,1.76656,1.00,1.00
2018.02.28 21:29:51.431,1.76629,1.76657,1.00,1.00
2018.02.28 21:29:51.583,1.76629,1.76659,1.00,1.00
2018.02.28 21:29:57.193,1.76627,1.76659,1.00,1.00
2018.02.28 21:29:57.702,1.76626,1.7666,1.00,1.50
2018.02.28 21:29:57.893,1.76627,1.76657,1.00,1.00
2018.02.28 21:29:57.945,1.76627,1.7666,1.00,2.25
2018.02.28 21:29:58.693,1.76627,1.76659,1.00,1.00
2018.02.28 21:29:59.037,1.76629,1.76659,1.31,1.00
2018.02.28 21:29:59.189,1.76634,1.76664,1.00,1.00
2018.02.28 21:29:59.241,1.76634,1.7666,1.00,1.31
2018.02.28 21:29:59.292,1.76632,1.7666,1.00,1.25
2018.02.28 21:29:59.343,1.76627,1.76659,1.37,1.25
2018.02.28 21:29:59.830,1.76626,1.76656,1.37,1.00
2018.02.28 21:30:00.165,1.7663,1.76656,1.00,1.00
2018.02.28 21:30:00.217,1.76626,1.76656,1.37,1.00
2018.02.28 21:30:00.678,1.76626,1.76653,1.37,1.00
2018.02.28 21:30:02.404,1.76625,1.76655,1.37,1.00
2018.02.28 21:30:03.358,1.76625,1.76657,1.69,1.00
2018.02.28 21:30:04.004,1.76627,1.76657,1.69,1.00
2018.02.28 21:30:04.660,1.76628,1.76658,1.25,1.00
2018.02.28 21:30:05.623,1.76627,1.76658,1.69,1.00
2018.02.28 21:30:08.744,1.76625,1.76658,1.94,1.00
2018.02.28 21:30:08.796,1.76626,1.76658,1.31,1.00
2018.02.28 21:30:09.303,1.76625,1.76658,2.06,1.00
2018.02.28 21:30:10.188,1.76625,1.76658,1.87,1.00
2018.02.28 21:30:10.530,1.76626,1.76658,1.31,1.00
2018.02.28 21:30:11.663,1.76626,1.76658,1.12,1.00
2018.02.28 21:30:12.170,1.76625,1.76659,1.87,1.00
2018.02.28 21:30:12.933,1.76625,1.76659,1.31,1.00
2018.02.28 21:30:13.587,1.76626,1.76659,1.31,1.00
2018.02.28 21:30:14.202,1.76625,1.76659,1.31,1.00
2018.02.28 21:30:14.985,1.76626,1.76659,1.31,1.25
2018.02.28 21:30:16.281,1.76625,1.76659,1.50,1.00
2018.02.28 21:30:17.677,1.76626,1.76659,1.31,1.00
2018.02.28 21:30:19.309,1.76625,1.76659,2.25,1.00
2018.02.28 21:30:19.857,1.76626,1.76659,1.50,1.00
2018.02.28 21:30:20.094,1.76627,1.76659,1.19,1.00
2018.02.28 21:30:30.141,1.76626,1.76657,1.56,1.00
2018.02.28 21:30:30.703,1.76626,1.76657,1.56,1.00
2018.02.28 21:30:42.268,1.76626,1.76657,1.56,1.00
2018.02.28 21:30:43.851,1.76626,1.76654,1.00,1.44
2018.02.28 21:30:44.183,1.7662,1.76647,2.44,1.00
2018.02.28 21:30:44.234,1.76622,1.7665,1.56,1.00
2018.02.28 21:30:44.894,1.76622,1.76651,2.06,1.00
2018.02.28 21:30:45.229,1.76623,1.76653,1.56,1.25
2018.02.28 21:30:46.460,1.76624,1.76653,1.63,1.25
2018.02.28 21:30:50.144,1.76624,1.76656,1.13,1.00
2018.02.28 21:30:50.288,1.76624,1.76659,1.13,1.00
2018.02.28 21:30:54.631,1.76625,1.76659,1.88,1.00
2018.02.28 21:30:59.390,1.76628,1.76658,1.00,1.00
2018.02.28 21:30:59.593,1.76623,1.76659,1.69,1.00
2018.02.28 21:31:00.277,1.76623,1.76658,1.75,1.00
2018.02.28 21:31:07.864,1.76622,1.76656,1.88,1.00
2018.02.28 21:31:09.774,1.76623,1.76656,1.13,1.00
2018.02.28 21:31:09.973,1.76623,1.76658,1.13,1.00
2018.02.28 21:31:10.507,1.76622,1.76656,1.69,1.00
2018.02.28 21:31:11.028,1.76623,1.76656,1.88,1.00
2018.02.28 21:31:11.566,1.76622,1.76656,2.25,1.00
2018.02.28 21:31:16.315,1.76622,1.76657,2.25,1.00
2018.02.28 21:31:26.390,1.76623,1.76657,1.88,1.00
2018.02.28 21:31:27.317,1.76629,1.76657,1.31,1.00
2018.02.28 21:31:27.368,1.76631,1.76663,1.38,1.00
2018.02.28 21:31:27.419,1.76629,1.76663,1.88,1.00
2018.02.28 21:31:27.471,1.76629,1.76661,1.00,1.00
2018.02.28 21:31:27.776,1.76628,1.76663,1.75,1.00
2018.02.28 21:31:28.402,1.76628,1.76662,1.75,1.00
2018.02.28 21:31:28.919,1.76623,1.76662,2.25,1.00
2018.02.28 21:31:30.435,1.76625,1.76663,1.75,1.00
2018.02.28 21:31:31.340,1.76625,1.76663,1.75,1.00
2018.02.28 21:31:32.035,1.76623,1.76662,1.75,1.00
2018.02.28 21:31:33.072,1.76623,1.76658,1.56,1.00
2018.02.28 21:31:33.174,1.76623,1.76658,1.31,1.00
2018.02.28 21:31:33.327,1.76623,1.76656,1.31,1.00
2018.02.28 21:31:34.080,1.76623,1.76656,1.25,1.00
2018.02.28 21:31:35.087,1.76623,1.76655,1.25,1.00
2018.02.28 21:31:35.420,1.76625,1.76655,1.38,1.00
2018.02.28 21:31:35.472,1.76625,1.76657,1.38,1.00
2018.02.28 21:31:35.996,1.76625,1.76658,1.38,1.00
2018.02.28 21:31:36.181,1.76624,1.76658,1.38,1.00
2018.02.28 21:31:36.839,1.76625,1.76658,1.38,1.00
2018.02.28 21:31:37.437,1.76625,1.76657,1.38,1.00
2018.02.28 21:31:38.705,1.76625,1.76659,1.38,1.00
2018.02.28 21:31:39.296,1.76623,1.76659,1.38,1.00
2018.02.28 21:31:48.708,1.76622,1.76659,1.38,1.00
2018.02.28 21:31:48.835,1.76622,1.76654,1.44,1.00
2018.02.28 21:31:50.410,1.76621,1.76654,1.44,1.00
2018.02.28 21:31:50.745,1.7662,1.76653,1.25,1.00
2018.02.28 21:31:50.796,1.7662,1.76651,1.25,1.00
2018.02.28 21:31:51.310,1.76621,1.7665,1.00,1.00
2018.02.28 21:31:53.724,1.76621,1.76648,1.00,1.00
2018.02.28 21:31:54.398,1.76621,1.76649,1.00,1.00
2018.02.28 21:31:54.915,1.7662,1.76649,1.31,1.00
2018.02.28 21:31:54.966,1.7662,1.76651,1.31,1.00
2018.02.28 21:31:56.594,1.7662,1.76652,1.25,1.00
2018.02.28 21:31:57.188,1.7662,1.76651,1.50,1.00
2018.02.28 21:31:57.750,1.76621,1.7665,1.50,1.00
2018.02.28 21:31:57.852,1.7662,1.76652,1.00,1.00
2018.02.28 21:31:58.117,1.76619,1.76652,1.38,1.00
2018.02.28 21:31:58.912,1.76617,1.76652,1.75,1.00
2018.02.28 21:31:59.033,1.76613,1.7665,1.38,1.00
2018.02.28 21:31:59.186,1.7661,1.76647,1.56,1.44
2018.02.28 21:31:59.349,1.76606,1.76643,1.13,1.00
2018.02.28 21:31:59.701,1.76605,1.76641,1.75,1.00
2018.02.28 21:32:00.920,1.76613,1.76641,1.00,1.00
2018.02.28 21:32:01.030,1.76618,1.7665,1.25,1.00
2018.02.28 21:32:01.081,1.76619,1.7665,1.44,1.00
2018.02.28 21:32:01.392,1.7662,1.76653,1.00,1.00
2018.02.28 21:32:01.777,1.76616,1.7665,1.38,1.00
2018.02.28 21:32:02.331,1.76617,1.76649,1.38,1.00
2018.02.28 21:32:02.851,1.76617,1.7665,1.38,1.00
2018.02.28 21:32:03.458,1.76614,1.7665,1.75,1.00
2018.02.28 21:32:04.269,1.76615,1.7665,1.38,1.00
2018.02.28 21:32:07.351,1.76615,1.7665,1.75,1.00
2018.02.28 21:32:07.862,1.76618,1.76651,1.00,1.00
2018.02.28 21:32:09.376,1.76616,1.76652,2.25,1.00
2018.02.28 21:32:09.913,1.76613,1.7665,1.38,1.00
2018.02.28 21:32:10.014,1.76611,1.76647,1.81,1.00
2018.02.28 21:32:10.318,1.76606,1.76645,1.75,1.00
2018.02.28 21:32:12.037,1.76611,1.76645,1.38,1.00
2018.02.28 21:32:12.342,1.76612,1.76647,1.50,1.00
2018.02.28 21:32:14.174,1.76612,1.76644,1.88,1.00
2018.02.28 21:32:14.599,1.76612,1.76646,1.88,1.00
2018.02.28 21:32:15.231,1.76612,1.76647,1.88,1.00
2018.02.28 21:32:16.669,1.76611,1.76647,1.13,1.44
2018.02.28 21:32:16.721,1.7661,1.76645,1.13,1.00
2018.02.28 21:32:16.873,1.76619,1.76654,1.38,1.00
2018.02.28 21:32:16.975,1.76619,1.76657,1.88,1.25
2018.02.28 21:32:17.436,1.76618,1.76655,1.38,1.00
2018.02.28 21:32:18.221,1.76618,1.76653,1.38,1.00
2018.02.28 21:32:24.756,1.76619,1.76653,1.38,1.00
2018.02.28 21:32:25.548,1.76615,1.76651,1.38,1.00
2018.02.28 21:32:25.600,1.76622,1.76647,1.00,1.00
2018.02.28 21:32:25.804,1.76617,1.76649,1.38,1.00
2018.02.28 21:32:26.343,1.76615,1.76649,1.38,1.00
2018.02.28 21:32:26.952,1.76616,1.7665,1.38,1.00
2018.02.28 21:32:27.490,1.76616,1.76651,1.38,1.00
2018.02.28 21:32:30.849,1.76618,1.76653,1.38,1.00
2018.02.28 21:32:32.545,1.76619,1.76653,1.38,1.00
2018.02.28 21:32:32.877,1.76617,1.76653,1.38,1.00
2018.02.28 21:32:36.516,1.7662,1.76655,1.38,1.00
2018.02.28 21:32:36.567,1.76619,1.76655,1.88,1.00
2018.02.28 21:32:38.260,1.76621,1.76655,1.19,1.00
2018.02.28 21:32:38.879,1.76621,1.76655,1.38,1.00
2018.02.28 21:32:39.190,1.76618,1.76653,1.38,1.00
2018.02.28 21:32:40.098,1.76618,1.76653,1.38,1.00
2018.02.28 21:32:40.875,1.76617,1.76653,1.38,1.00
2018.02.28 21:32:41.787,1.76615,1.76653,1.25,1.44
2018.02.28 21:32:41.838,1.76614,1.7665,1.88,1.00
2018.02.28 21:32:42.195,1.76618,1.76652,1.38,1.00
2018.02.28 21:32:42.702,1.76618,1.76653,1.38,1.00
2018.02.28 21:32:43.269,1.76618,1.76653,1.38,1.00
2018.02.28 21:32:44.483,1.76619,1.76653,1.38,1.00
2018.02.28 21:32:44.803,1.7662,1.76652,1.38,1.00
2018.02.28 21:32:45.189,1.76618,1.76653,1.38,1.00
2018.02.28 21:32:46.865,1.76618,1.76651,1.38,1.00
2018.02.28 21:32:46.966,1.76615,1.7665,1.38,1.00
2018.02.28 21:32:47.068,1.76613,1.76648,1.38,1.00
2018.02.28 21:32:47.321,1.76619,1.76655,1.38,1.00
2018.02.28 21:32:48.187,1.76619,1.76655,1.38,1.00
2018.02.28 21:32:49.510,1.76618,1.76652,1.38,1.00
2018.02.28 21:32:56.763,1.7662,1.76652,1.38,1.00
2018.02.28 21:32:57.283,1.76619,1.76652,1.38,1.00
2018.02.28 21:32:58.038,1.76619,1.76652,1.38,1.00
2018.02.28 21:32:59.846,1.76618,1.76652,1.38,1.00
2018.02.28 21:33:02.138,1.76619,1.76652,1.38,1.00
2018.02.28 21:33:05.046,1.76618,1.76652,1.38,1.00
2018.02.28 21:33:05.892,1.76618,1.76651,1.38,1.00
2018.02.28 21:33:06.509,1.76619,1.76651,1.38,1.00
2018.02.28 21:33:06.560,1.76617,1.76651,1.38,1.00
2018.02.28 21:33:07.277,1.76617,1.7665,1.38,1.00
2018.02.28 21:33:07.563,1.76617,1.76652,1.38,1.00
2018.02.28 21:33:09.257,1.76617,1.76653,1.38,1.00
2018.02.28 21:33:11.828,1.76616,1.76653,1.38,1.00
2018.02.28 21:33:12.354,1.76615,1.7665,1.38,1.00
2018.02.28 21:33:12.660,1.76618,1.76651,1.38,1.00
2018.02.28 21:33:13.189,1.76619,1.76651,1.38,1.00
2018.02.28 21:33:13.322,1.76618,1.76651,1.38,1.00
2018.02.28 21:33:13.373,1.76618,1.76653,1.38,1.00
2018.02.28 21:33:14.905,1.76619,1.76654,1.38,1.00
2018.02.28 21:33:15.419,1.76619,1.76653,1.38,1.00
2018.02.28 21:33:17.588,1.7662,1.76653,1.38,1.00
2018.02.28 21:33:18.224,1.76619,1.76653,1.38,1.00
2018.02.28 21:33:18.479,1.7662,1.76653,1.38,1.00
2018.02.28 21:33:19.192,1.7662,1.76651,1.38,1.00
2018.02.28 21:33:19.396,1.76622,1.76655,1.38,1.00
2018.02.28 21:33:19.628,1.76619,1.76655,1.38,1.00
2018.02.28 21:33:19.679,1.76619,1.76653,1.38,1.00
2018.02.28 21:33:20.197,1.76618,1.76653,1.38,1.00
2018.02.28 21:33:25.654,1.76618,1.76653,1.38,1.00
2018.02.28 21:33:28.995,1.76618,1.76652,1.38,1.00
2018.02.28 21:33:29.047,1.76614,1.7665,1.50,1.38
2018.02.28 21:33:29.098,1.76614,1.76644,1.00,1.00
2018.02.28 21:33:29.276,1.7661,1.76643,1.69,1.00
2018.02.28 21:33:31.241,1.76605,1.76643,1.38,1.00
2018.02.28 21:33:31.374,1.76605,1.76641,1.38,1.00
2018.02.28 21:33:31.998,1.76608,1.76641,1.38,1.00
2018.02.28 21:33:32.252,1.76608,1.76645,1.38,1.00
2018.02.28 21:33:33.111,1.76606,1.76645,1.38,1.25
2018.02.28 21:33:33.317,1.76606,1.76642,1.38,1.00
2018.02.28 21:33:33.830,1.76607,1.76644,1.38,1.00
2018.02.28 21:33:34.269,1.76606,1.76642,1.38,1.00
2018.02.28 21:33:34.320,1.76607,1.76644,1.38,1.00
2018.02.28 21:33:34.932,1.7661,1.76644,1.38,1.00
2018.02.28 21:33:35.805,1.76613,1.76644,1.38,1.00
2018.02.28 21:33:35.907,1.76614,1.7665,1.38,1.00
2018.02.28 21:33:36.249,1.76615,1.76652,1.38,1.00
2018.02.28 21:33:36.864,1.76615,1.76652,1.38,1.00
2018.02.28 21:33:38.268,1.76617,1.76652,1.38,1.00
2018.02.28 21:33:39.239,1.76616,1.76652,1.38,1.00
2018.02.28 21:33:40.100,1.76615,1.76652,1.38,1.00
2018.02.28 21:33:41.417,1.76614,1.7665,1.38,1.00
2018.02.28 21:33:42.410,1.76613,1.7665,1.38,1.00
2018.02.28 21:33:44.724,1.76613,1.76649,1.38,1.00
2018.02.28 21:33:45.232,1.76613,1.7665,1.38,1.00
2018.02.28 21:33:45.901,1.76612,1.7665,1.88,1.00
2018.02.28 21:33:46.317,1.76613,1.76652,1.38,1.13
2018.02.28 21:33:47.143,1.76613,1.76649,1.38,1.00
2018.02.28 21:33:47.480,1.76613,1.76652,1.38,1.13
2018.02.28 21:33:49.393,1.76612,1.7665,1.88,1.00
2018.02.28 21:33:49.620,1.76613,1.76652,1.38,1.13
2018.02.28 21:33:51.930,1.76614,1.76652,1.38,1.38
2018.02.28 21:33:53.635,1.76615,1.76652,1.38,1.00
2018.02.28 21:33:56.643,1.76615,1.76652,1.19,1.00
2018.02.28 21:33:57.189,1.76615,1.76652,1.19,1.00
2018.02.28 21:33:57.560,1.76615,1.7665,1.38,1.00
2018.02.28 21:34:00.181,1.76615,1.76652,1.38,1.00
2018.02.28 21:34:00.534,1.76617,1.76653,1.38,1.00
2018.02.28 21:34:07.365,1.76617,1.76649,1.38,1.00
2018.02.28 21:34:08.113,1.76617,1.7665,1.38,1.00
2018.02.28 21:34:08.215,1.76617,1.76652,1.38,1.00
2018.02.28 21:34:08.317,1.76616,1.76652,1.88,1.00
2018.02.28 21:34:08.735,1.76612,1.7665,1.88,1.38
2018.02.28 21:34:09.252,1.76611,1.76647,1.38,1.00
2018.02.28 21:34:09.765,1.76613,1.76647,1.38,1.00
2018.02.28 21:34:10.094,1.76621,1.76654,1.44,1.00
2018.02.28 21:34:10.145,1.76621,1.76656,1.44,1.00
2018.02.28 21:34:11.981,1.76619,1.76655,1.38,1.00
2018.02.28 21:34:17.249,1.76619,1.76656,1.38,1.25
2018.02.28 21:34:17.776,1.76618,1.76655,1.38,1.00
2018.02.28 21:34:27.718,1.76618,1.76655,1.38,1.00
2018.02.28 21:34:31.943,1.7662,1.76655,1.38,1.00
2018.02.28 21:34:33.493,1.76617,1.76654,1.00,1.88
2018.02.28 21:34:33.545,1.76613,1.7665,2.25,1.00
2018.02.28 21:34:33.849,1.76614,1.76652,3.00,1.00
2018.02.28 21:34:36.761,1.76618,1.76652,1.38,1.00
2018.02.28 21:34:37.729,1.76617,1.76655,1.38,1.25
2018.02.28 21:34:37.882,1.7662,1.76656,1.19,1.00
2018.02.28 21:34:38.062,1.76618,1.76654,1.19,1.00
2018.02.28 21:34:38.616,1.76618,1.76652,1.19,1.00
2018.02.28 21:34:39.309,1.76618,1.76652,1.19,1.00
2018.02.28 21:34:40.874,1.76618,1.76655,1.19,1.00
2018.02.28 21:34:41.431,1.76618,1.76655,1.31,1.25
2018.02.28 21:34:42.721,1.76617,1.76655,1.31,1.00
2018.02.28 21:34:43.850,1.7662,1.76656,1.94,1.00
2018.02.28 21:34:43.902,1.76621,1.76656,1.56,1.00
2018.02.28 21:34:44.652,1.76621,1.76656,1.19,1.00
2018.02.28 21:34:47.179,1.76621,1.76658,1.19,1.00
2018.02.28 21:34:49.087,1.7662,1.76657,1.19,1.00
2018.02.28 21:34:49.425,1.7662,1.76659,1.69,1.00
2018.02.28 21:34:57.733,1.76621,1.76659,1.19,1.00
2018.02.28 21:34:57.887,1.76623,1.76659,1.69,1.00
2018.02.28 21:34:57.990,1.76625,1.76663,1.25,1.19
2018.02.28 21:34:58.448,1.76623,1.76662,1.25,1.19
2018.02.28 21:34:59.428,1.76622,1.7666,1.31,1.00
2018.02.28 21:34:59.732,1.76623,1.7666,1.31,1.00
2018.02.28 21:35:00.247,1.76622,1.7666,2.06,1.00
2018.02.28 21:35:00.906,1.76623,1.7666,1.31,1.00
2018.02.28 21:35:01.557,1.76622,1.7666,2.06,1.00
2018.02.28 21:35:02.086,1.76624,1.7666,1.19,1.00
2018.02.28 21:35:04.795,1.76621,1.76659,1.56,1.00
2018.02.28 21:35:05.372,1.76622,1.7666,1.31,1.00
2018.02.28 21:35:05.526,1.76625,1.76662,1.00,1.19
2018.02.28 21:35:06.565,1.76625,1.76663,1.00,1.19
2018.02.28 21:35:07.884,1.76623,1.76662,1.69,1.25
2018.02.28 21:35:10.259,1.76624,1.76662,1.19,1.19
2018.02.28 21:35:11.188,1.76623,1.76662,1.19,1.19
2018.02.28 21:35:11.290,1.76626,1.76662,1.00,1.25
2018.02.28 21:35:11.811,1.76626,1.76662,1.25,1.19
2018.02.28 21:35:12.473,1.76626,1.76662,1.00,1.00
2018.02.28 21:35:13.553,1.76626,1.76662,1.00,1.19
2018.02.28 21:35:14.121,1.76623,1.76662,2.06,1.19
2018.02.28 21:35:15.117,1.76623,1.76662,1.19,1.25
2018.02.28 21:35:15.423,1.76623,1.76659,1.19,1.00
2018.02.28 21:35:15.575,1.76623,1.76662,1.19,1.19
2018.02.28 21:35:16.133,1.76623,1.76659,2.06,1.00
2018.02.28 21:35:16.316,1.76623,1.76659,1.25,1.00
2018.02.28 21:35:18.664,1.76624,1.76661,1.00,1.25
2018.02.28 21:35:19.102,1.76628,1.76665,1.19,1.69
2018.02.28 21:35:19.154,1.76629,1.76667,1.69,1.00
2018.02.28 21:35:19.833,1.76629,1.76665,1.19,1.00
2018.02.28 21:35:20.150,1.7663,1.76663,1.19,1.00
2018.02.28 21:35:21.126,1.76629,1.76663,1.19,1.00
2018.02.28 21:35:24.078,1.76629,1.76665,1.19,1.00
2018.02.28 21:35:24.911,1.7663,1.76665,1.19,1.00
2018.02.28 21:35:27.438,1.76629,1.76667,1.69,1.00
2018.02.28 21:35:29.180,1.7663,1.76664,1.19,1.00
2018.02.28 21:35:29.588,1.7663,1.76666,1.19,1.00
2018.02.28 21:35:30.111,1.7663,1.76667,1.19,1.00
2018.02.28 21:35:30.829,1.7663,1.76668,1.69,1.00
2018.02.28 21:35:31.575,1.7663,1.76667,1.19,1.00
2018.02.28 21:35:33.586,1.7663,1.76668,1.69,1.00
2018.02.28 21:35:34.266,1.76632,1.76668,1.19,1.00
2018.02.28 21:35:34.937,1.76631,1.76668,1.19,1.00
2018.02.28 21:35:35.265,1.76631,1.76666,1.19,1.00
2018.02.28 21:35:36.517,1.76632,1.76667,1.19,1.00
2018.02.28 21:35:37.230,1.76632,1.76668,1.19,1.00
2018.02.28 21:35:37.840,1.76636,1.76671,1.19,1.00
2018.02.28 21:35:37.942,1.76637,1.76675,1.69,1.00
2018.02.28 21:35:38.564,1.7664,1.76676,1.25,1.00
2018.02.28 21:35:38.862,1.76641,1.76676,1.19,1.00
2018.02.28 21:35:40.315,1.76639,1.76676,1.19,1.00
2018.02.28 21:35:43.301,1.7664,1.76675,1.19,1.00
2018.02.28 21:35:43.403,1.76641,1.76679,1.19,1.00
2018.02.28 21:35:43.454,1.76644,1.76677,1.25,1.00
2018.02.28 21:35:43.607,1.7664,1.76677,1.19,1.00
2018.02.28 21:35:43.658,1.7664,1.76675,1.19,1.00
2018.02.28 21:35:44.023,1.76643,1.76675,1.19,1.00
2018.02.28 21:35:44.074,1.76642,1.76677,1.19,1.00
2018.02.28 21:35:44.180,1.7664,1.76676,1.19,1.00
2018.02.28 21:35:44.342,1.76634,1.7667,1.25,1.00
2018.02.28 21:35:44.444,1.76631,1.76667,1.19,1.00
2018.02.28 21:35:54.397,1.76632,1.76667,1.19,1.00
2018.02.28 21:35:54.448,1.76632,1.76669,1.19,1.00
2018.02.28 21:35:54.645,1.76632,1.76667,1.19,1.00
2018.02.28 21:35:54.963,1.76632,1.76669,1.19,1.00
2018.02.28 21:35:55.235,1.76632,1.76667,1.19,1.00
2018.02.28 21:35:55.541,1.76632,1.76669,1.19,1.00
2018.02.28 21:35:57.428,1.76633,1.76666,1.19,1.00
2018.02.28 21:35:58.129,1.76631,1.76666,1.19,1.00
2018.02.28 21:36:01.148,1.7663,1.76666,1.69,1.00
2018.02.28 21:36:01.200,1.76627,1.76666,1.69,1.19
2018.02.28 21:36:01.303,1.76629,1.76663,1.19,1.00
2018.02.28 21:36:02.086,1.76628,1.76663,1.19,1.00
2018.02.28 21:36:09.962,1.76627,1.76663,1.31,1.00
2018.02.28 21:36:10.496,1.76626,1.76662,1.56,1.00
2018.02.28 21:36:12.078,1.76628,1.76662,1.19,1.00
2018.02.28 21:36:12.885,1.76627,1.76662,1.31,1.00
2018.02.28 21:36:13.844,1.76628,1.76662,1.31,1.00
2018.02.28 21:36:17.980,1.76627,1.76662,1.31,1.00
2018.02.28 21:36:19.086,1.76629,1.76665,1.19,1.00
2018.02.28 21:36:19.954,1.76628,1.76663,1.19,1.00
2018.02.28 21:36:20.262,1.76618,1.76654,1.56,1.00
2018.02.28 21:36:20.765,1.76615,1.76654,2.44,1.00
2018.02.28 21:36:21.111,1.76614,1.76652,3.19,1.00
2018.02.28 21:36:23.610,1.76614,1.76652,3.19,1.00
2018.02.28 21:36:24.331,1.76615,1.76652,1.56,1.00
2018.02.28 21:36:25.415,1.76618,1.76652,1.19,1.00
2018.02.28 21:36:27.874,1.76615,1.76652,1.94,1.00
2018.02.28 21:36:30.548,1.76614,1.76652,3.19,1.00
2018.02.28 21:36:31.051,1.76615,1.76652,1.69,1.00
2018.02.28 21:36:37.925,1.76615,1.76651,1.56,1.00
2018.02.28 21:36:39.699,1.76615,1.76652,1.56,1.00
2018.02.28 21:36:45.928,1.76615,1.76652,2.06,1.00
2018.02.28 21:36:47.223,1.76614,1.76652,3.19,1.00
2018.02.28 21:36:49.252,1.76615,1.76654,1.56,1.00
2018.02.28 21:36:49.794,1.76615,1.76654,1.56,1.00
2018.02.28 21:36:51.885,1.76617,1.76654,1.56,1.00
2018.02.28 21:36:55.785,1.76627,1.76655,1.19,1.00
2018.02.28 21:36:55.836,1.76629,1.76661,1.19,1.00
2018.02.28 21:36:55.887,1.76629,1.76664,1.19,1.00
2018.02.28 21:36:56.040,1.76631,1.76667,1.19,1.00
2018.02.28 21:36:56.854,1.76631,1.76667,1.19,1.00
2018.02.28 21:37:07.468,1.7663,1.76666,1.19,1.00
2018.02.28 21:37:07.708,1.7663,1.76668,1.19,1.00
2018.02.28 21:37:09.842,1.76629,1.76668,1.69,1.25
2018.02.28 21:37:10.394,1.7663,1.76668,1.19,1.19
2018.02.28 21:37:10.959,1.76629,1.76668,1.69,1.25
2018.02.28 21:37:12.214,1.76628,1.76666,1.19,1.00
2018.02.28 21:37:12.532,1.76629,1.76665,1.69,1.00
2018.02.28 21:37:12.942,1.76627,1.76665,1.19,1.25
2018.02.28 21:37:12.993,1.76627,1.76661,1.19,1.00
2018.02.28 21:37:13.395,1.76627,1.76664,1.19,1.25
2018.02.28 21:37:13.648,1.76624,1.7666,1.56,1.00
2018.02.28 21:37:14.023,1.76617,1.76654,1.69,1.00
2018.02.28 21:37:18.059,1.76617,1.76655,1.56,1.00
2018.02.28 21:37:20.073,1.76622,1.76655,1.56,1.00
2018.02.28 21:37:20.124,1.76627,1.7666,1.19,1.00
2018.02.28 21:37:20.226,1.76627,1.76663,1.19,1.00
2018.02.28 21:37:20.859,1.76627,1.76664,1.69,1.00
2018.02.28 21:37:24.212,1.76628,1.76664,1.19,1.00
2018.02.28 21:37:26.520,1.76627,1.76664,1.69,1.00
2018.02.28 21:37:27.164,1.76627,1.76662,1.19,1.00
2018.02.28 21:37:28.033,1.76628,1.76662,1.19,1.00
2018.02.28 21:37:31.211,1.76629,1.76662,1.19,1.00
2018.02.28 21:37:32.607,1.76628,1.76662,1.19,1.00
2018.02.28 21:37:36.552,1.76628,1.76663,1.19,1.00
2018.02.28 21:37:37.117,1.76628,1.76661,1.19,1.00
2018.02.28 21:37:37.793,1.76628,1.76662,1.19,1.00
2018.02.28 21:37:37.895,1.76628,1.76665,1.19,1.00
2018.02.28 21:37:38.718,1.76629,1.76665,1.19,1.00
2018.02.28 21:37:41.032,1.76628,1.76665,1.19,1.00
2018.02.28 21:37:43.068,1.76628,1.76665,1.19,1.00
2018.02.28 21:37:47.458,1.76629,1.76665,1.19,1.00
2018.02.28 21:37:50.410,1.76628,1.76665,1.19,1.00
2018.02.28 21:37:50.916,1.76628,1.76666,1.69,1.00
2018.02.28 21:37:58.094,1.76628,1.76666,1.69,1.00
2018.02.28 21:38:01.432,1.76629,1.76667,1.19,1.25
2018.02.28 21:38:04.970,1.76629,1.76667,1.69,1.00
2018.02.28 21:38:23.015,1.76629,1.76665,1.69,1.00
2018.02.28 21:38:23.622,1.7663,1.76665,1.19,1.00
2018.02.28 21:38:24.513,1.76629,1.76665,1.69,1.00
2018.02.28 21:38:24.615,1.76631,1.76668,1.25,1.19
2018.02.28 21:38:25.228,1.76631,1.7667,1.69,1.69
2018.02.28 21:38:25.936,1.76631,1.7667,1.25,1.19
2018.02.28 21:38:27.229,1.76631,1.7667,1.19,1.19
2018.02.28 21:38:28.153,1.76631,1.7667,1.25,1.69
2018.02.28 21:38:29.050,1.76631,1.76669,1.19,1.19
2018.02.28 21:38:29.552,1.76631,1.7667,1.25,1.19
2018.02.28 21:38:29.705,1.76631,1.7667,1.69,1.69
2018.02.28 21:38:30.225,1.76631,1.7667,1.00,1.69
2018.02.28 21:38:35.240,1.76631,1.7667,1.00,1.19
2018.02.28 21:38:37.645,1.76633,1.76671,1.00,1.19
2018.02.28 21:38:38.712,1.76633,1.76671,1.00,1.69
2018.02.28 21:38:39.618,1.76633,1.76671,1.00,1.19
2018.02.28 21:38:40.229,1.76633,1.76671,1.00,1.00
2018.02.28 21:38:41.223,1.76633,1.76671,1.00,1.19
2018.02.28 21:38:46.465,1.76633,1.7667,1.00,1.19
2018.02.28 21:38:46.517,1.7663,1.76668,1.19,1.25
2018.02.28 21:38:47.335,1.7663,1.76668,1.25,1.00
2018.02.28 21:38:49.613,1.76628,1.76666,1.19,1.25
2018.02.28 21:38:51.409,1.76627,1.76666,1.69,1.00
2018.02.28 21:38:57.176,1.76628,1.76666,1.19,1.25
2018.02.28 21:38:58.225,1.76627,1.76666,1.19,1.19
2018.02.28 21:38:58.959,1.76626,1.76664,1.19,1.00
2018.02.28 21:38:59.618,1.76626,1.76664,1.69,1.25
2018.02.28 21:39:02.362,1.76626,1.76664,1.19,1.00
2018.02.28 21:39:02.859,1.76626,1.76662,1.31,1.00
2018.02.28 21:39:03.362,1.76626,1.76663,1.19,1.00
2018.02.28 21:39:06.299,1.76626,1.76664,1.69,1.00
2018.02.28 21:39:06.787,1.76626,1.76662,1.69,1.00
2018.02.28 21:39:07.900,1.76626,1.76665,1.69,1.00
2018.02.28 21:39:12.449,1.76626,1.76663,1.19,1.00
2018.02.28 21:39:13.247,1.76625,1.76663,1.56,1.00
2018.02.28 21:39:21.222,1.76625,1.76663,1.31,1.00
2018.02.28 21:39:23.512,1.76626,1.76663,1.19,1.00
2018.02.28 21:39:24.053,1.76626,1.76664,1.69,1.00
2018.02.28 21:39:25.215,1.76628,1.76665,1.38,1.00
2018.02.28 21:39:28.270,1.76628,1.76665,1.63,1.00
2018.02.28 21:39:29.221,1.76628,1.76665,1.38,1.00
2018.02.28 21:39:31.657,1.76628,1.76665,1.56,1.00
2018.02.28 21:39:32.332,1.7663,1.76666,1.00,1.00
2018.02.28 21:39:35.723,1.76628,1.76666,1.56,1.00
2018.02.28 21:39:37.212,1.76626,1.76664,1.19,1.00
2018.02.28 21:39:37.940,1.76626,1.76663,1.19,1.00
2018.02.28 21:39:39.548,1.76625,1.76663,1.69,1.00
2018.02.28 21:39:39.700,1.76632,1.76669,1.00,1.19
2018.02.28 21:39:40.229,1.76634,1.76668,1.00,1.19
2018.02.28 21:39:41.340,1.76634,1.76669,1.00,1.19
2018.02.28 21:39:41.881,1.76634,1.7667,1.00,1.69
2018.02.28 21:39:42.387,1.76634,1.76669,1.00,1.19
2018.02.28 21:39:42.881,1.76634,1.76671,1.00,1.19
2018.02.28 21:39:43.097,1.76636,1.76674,1.00,1.69
2018.02.28 21:39:43.198,1.76635,1.76673,1.00,1.25
2018.02.28 21:39:43.457,1.76638,1.76675,1.00,1.69
2018.02.28 21:39:44.065,1.76637,1.76676,1.00,1.69
2018.02.28 21:39:44.546,1.76637,1.76674,1.00,1.19
2018.02.28 21:39:44.975,1.76637,1.76676,1.00,1.69
2018.02.28 21:39:45.531,1.76637,1.76675,1.00,1.19
2018.02.28 21:39:46.192,1.76636,1.76674,1.00,1.69
2018.02.28 21:39:48.190,1.76638,1.76674,1.00,1.19
2018.02.28 21:39:49.715,1.76636,1.76672,1.00,1.25
2018.02.28 21:39:49.767,1.76632,1.76666,1.19,1.00
2018.02.28 21:39:51.089,1.76632,1.76668,1.19,1.00
2018.02.28 21:39:52.189,1.76632,1.76666,1.19,1.00
2018.02.28 21:39:52.771,1.76631,1.76666,1.19,1.00
2018.02.28 21:39:53.931,1.76632,1.76665,1.19,1.00
2018.02.28 21:39:54.445,1.76632,1.76666,1.19,1.00
2018.02.28 21:39:55.157,1.76632,1.76667,1.19,1.00
2018.02.28 21:39:57.415,1.7663,1.76667,1.19,1.00
2018.02.28 21:39:58.077,1.76631,1.76666,1.19,1.00
2018.02.28 21:40:02.453,1.76633,1.76666,1.19,1.00
2018.02.28 21:40:03.205,1.76633,1.76666,1.19,1.00
2018.02.28 21:40:03.307,1.76631,1.76667,1.19,1.00
2018.02.28 21:40:03.490,1.76631,1.76665,1.19,1.00
2018.02.28 21:40:04.188,1.76633,1.76665,1.19,1.00
2018.02.28 21:40:08.622,1.76629,1.76665,1.19,1.00
2018.02.28 21:40:09.145,1.76629,1.76665,1.69,1.00
2018.02.28 21:40:09.680,1.76629,1.76664,1.19,1.00
2018.02.28 21:40:10.465,1.7663,1.76664,1.19,1.00
2018.02.28 21:40:11.404,1.76631,1.76665,1.19,1.00
2018.02.28 21:40:12.156,1.76638,1.76668,1.25,1.00
2018.02.28 21:40:12.208,1.76631,1.76667,1.62,1.00
2018.02.28 21:40:12.413,1.7663,1.76666,1.25,1.00
2018.02.28 21:40:12.573,1.76627,1.76663,1.19,1.00
2018.02.28 21:40:13.409,1.76627,1.76662,1.19,1.00
2018.02.28 21:40:14.109,1.76628,1.76662,1.19,1.00
2018.02.28 21:40:14.726,1.76626,1.76662,1.19,1.00
2018.02.28 21:40:15.660,1.76626,1.76664,1.19,1.00
2018.02.28 21:40:16.231,1.76625,1.76663,1.69,1.00
2018.02.28 21:40:18.083,1.76625,1.7666,1.19,1.00
2018.02.28 21:40:18.359,1.76628,1.76663,1.19,1.00
2018.02.28 21:40:18.928,1.76625,1.76662,1.19,1.00
2018.02.28 21:40:20.497,1.76624,1.76659,1.19,1.00
2018.02.28 21:40:21.319,1.76624,1.76662,1.19,1.00
2018.02.28 21:40:23.991,1.76625,1.76662,1.19,1.25
2018.02.28 21:40:24.603,1.76624,1.76662,1.19,1.00
2018.02.28 21:40:24.827,1.76629,1.76662,1.19,1.00
2018.02.28 21:40:24.928,1.76629,1.76665,1.19,1.00
2018.02.28 21:40:25.933,1.76629,1.76665,1.19,1.00
2018.02.28 21:40:26.441,1.7663,1.76665,1.19,1.00
2018.02.28 21:40:26.644,1.76631,1.76666,1.19,1.00
2018.02.28 21:40:26.695,1.7663,1.76666,1.69,1.00
2018.02.28 21:40:27.470,1.76632,1.76666,1.19,1.00
2018.02.28 21:40:27.571,1.76632,1.76668,1.19,1.00
2018.02.28 21:40:27.762,1.76631,1.76667,1.19,1.00
2018.02.28 21:40:28.761,1.76631,1.76667,1.19,1.00
2018.02.28 21:40:29.339,1.7663,1.76666,1.19,1.00
2018.02.28 21:40:29.839,1.76629,1.76667,1.69,1.00
2018.02.28 21:40:30.283,1.76631,1.76667,1.19,1.50
2018.02.28 21:40:30.334,1.76631,1.76667,1.19,1.00
2018.02.28 21:40:30.385,1.76626,1.76658,1.13,1.56
2018.02.28 21:40:30.689,1.76624,1.76654,1.19,1.00
2018.02.28 21:40:30.947,1.76624,1.76656,1.19,1.00
2018.02.28 21:40:31.449,1.76625,1.76656,1.19,1.00
2018.02.28 21:40:31.718,1.76625,1.76659,1.19,1.00
2018.02.28 21:40:32.640,1.76625,1.76658,1.19,1.00
2018.02.28 21:40:35.384,1.76622,1.76656,1.19,1.00
2018.02.28 21:40:35.915,1.76623,1.76658,1.19,1.00
2018.02.28 21:40:36.443,1.76621,1.76659,1.56,1.00
2018.02.28 21:40:39.113,1.76626,1.76662,1.56,1.00
2018.02.28 21:40:39.215,1.76624,1.76662,1.56,1.25
2018.02.28 21:40:39.316,1.76624,1.76661,1.38,1.00
2018.02.28 21:40:39.638,1.76621,1.76659,1.56,1.00
2018.02.28 21:40:40.353,1.76621,1.76659,1.88,1.00
2018.02.28 21:40:40.841,1.76631,1.76658,1.13,1.00
2018.02.28 21:40:40.892,1.76631,1.76665,1.13,1.00
2018.02.28 21:40:41.094,1.76632,1.76668,1.13,1.25
2018.02.28 21:40:41.813,1.76631,1.76669,1.75,1.25
2018.02.28 21:40:42.704,1.76632,1.7667,1.75,1.25
2018.02.28 21:40:43.241,1.76633,1.7667,1.13,1.00
2018.02.28 21:40:44.085,1.76633,1.76672,1.75,1.25
2018.02.28 21:40:45.736,1.76633,1.76672,1.75,1.00
2018.02.28 21:40:45.838,1.76638,1.76676,1.25,1.50
2018.02.28 21:40:45.889,1.76638,1.76673,1.00,1.44
2018.02.28 21:40:46.344,1.76635,1.76673,1.75,1.25
2018.02.28 21:40:47.783,1.76637,1.76673,1.75,1.00
2018.02.28 21:40:49.212,1.76637,1.76673,1.13,1.00
2018.02.28 21:40:49.263,1.76638,1.76675,1.75,1.00
2018.02.28 21:40:49.314,1.76638,1.76676,1.75,1.00
2018.02.28 21:40:52.273,1.76642,1.76676,1.13,1.00
2018.02.28 21:40:52.325,1.76643,1.76676,1.44,1.00
2018.02.28 21:40:52.861,1.7664,1.76676,2.25,1.00
2018.02.28 21:40:53.014,1.76638,1.76675,1.38,1.00
2018.02.28 21:40:53.378,1.76638,1.76673,1.38,1.00
2018.02.28 21:40:54.136,1.76638,1.76673,1.38,1.00
2018.02.28 21:40:55.968,1.76636,1.76673,1.38,1.00
2018.02.28 21:40:56.353,1.76639,1.76673,1.38,1.00
2018.02.28 21:40:57.532,1.76638,1.76673,1.38,1.00
2018.02.28 21:40:59.188,1.76625,1.76663,1.50,1.00
2018.02.28 21:40:59.239,1.76628,1.76662,1.19,1.00
2018.02.28 21:40:59.361,1.76622,1.7666,1.50,1.00
2018.02.28 21:41:00.164,1.76622,1.7666,1.50,1.00
2018.02.28 21:41:01.084,1.76622,1.7666,1.50,1.00
2018.02.28 21:41:04.473,1.76622,1.7666,1.38,1.00
2018.02.28 21:41:04.626,1.76627,1.7666,1.19,1.00
2018.02.28 21:41:04.781,1.76625,1.76662,1.19,1.00
2018.02.28 21:41:05.210,1.76623,1.76662,1.38,1.00
2018.02.28 21:41:05.876,1.76623,1.76662,1.50,1.00
2018.02.28 21:41:13.751,1.76622,1.7666,1.50,1.00
2018.02.28 21:41:14.289,1.76622,1.7666,1.50,1.00
2018.02.28 21:41:14.812,1.76622,1.7666,1.50,1.00
2018.02.28 21:41:16.512,1.76621,1.76659,1.75,1.00
2018.02.28 21:41:19.402,1.76628,1.76662,1.38,1.00
2018.02.28 21:41:20.268,1.76627,1.76659,1.38,1.00
2018.02.28 21:41:21.133,1.76624,1.76661,1.38,1.00
2018.02.28 21:41:21.870,1.76625,1.76663,1.38,1.00
2018.02.28 21:41:25.359,1.76625,1.76663,1.38,1.00
2018.02.28 21:41:26.518,1.76623,1.76659,1.38,1.00
2018.02.28 21:41:28.239,1.76625,1.76663,1.38,1.00
2018.02.28 21:41:34.768,1.76623,1.76662,1.38,1.00
2018.02.28 21:41:34.819,1.76622,1.7666,1.38,1.00
2018.02.28 21:41:35.311,1.7662,1.76658,1.75,1.00
2018.02.28 21:41:36.029,1.7662,1.76658,1.75,1.00
2018.02.28 21:41:36.635,1.76623,1.76659,1.38,1.00
2018.02.28 21:41:38.200,1.76623,1.76659,1.38,1.00
2018.02.28 21:41:39.885,1.76625,1.76663,1.38,1.00
2018.02.28 21:41:39.936,1.76625,1.76663,1.38,1.12
2018.02.28 21:41:39.987,1.76625,1.76663,1.13,2.25
2018.02.28 21:41:40.293,1.76615,1.7665,1.13,1.00
2018.02.28 21:41:40.627,1.76609,1.76648,1.94,1.00
2018.02.28 21:41:41.308,1.76615,1.76649,1.31,1.00
2018.02.28 21:41:42.299,1.76611,1.76649,2.19,1.31
2018.02.28 21:41:42.428,1.766,1.76636,2.25,1.25
2018.02.28 21:41:42.530,1.76594,1.7663,1.00,1.44
2018.02.28 21:41:42.581,1.76589,1.76627,2.00,1.25
2018.02.28 21:41:42.683,1.76588,1.76626,1.38,1.00
2018.02.28 21:41:43.074,1.76589,1.76624,1.75,1.00
2018.02.28 21:41:43.595,1.76591,1.76625,1.25,1.00
2018.02.28 21:41:43.854,1.76589,1.76625,1.00,1.31
2018.02.28 21:41:43.970,1.76589,1.7662,1.00,1.50
2018.02.28 21:41:44.021,1.76577,1.76616,1.69,1.00
2018.02.28 21:41:44.074,1.76572,1.76608,1.00,1.19
2018.02.28 21:41:44.125,1.76568,1.76607,1.00,1.62
2018.02.28 21:41:44.176,1.76564,1.76602,1.19,1.00
2018.02.28 21:41:44.482,1.76567,1.76603,1.19,1.00
2018.02.28 21:41:44.636,1.76576,1.76612,1.31,1.00
2018.02.28 21:41:44.687,1.76578,1.76613,1.00,1.00
2018.02.28 21:41:44.992,1.7658,1.76615,1.44,1.00
2018.02.28 21:41:45.498,1.7658,1.76616,1.38,1.00
2018.02.28 21:41:46.104,1.7658,1.76617,1.44,1.00
2018.02.28 21:41:46.728,1.76581,1.76617,1.38,1.00
2018.02.28 21:41:49.363,1.76581,1.76615,1.38,1.00
2018.02.28 21:41:51.500,1.76581,1.76616,1.38,1.00
2018.02.28 21:41:52.643,1.7658,1.76616,1.88,1.00
2018.02.28 21:41:53.413,1.7658,1.76619,1.88,1.00
2018.02.28 21:41:55.628,1.76583,1.76609,1.00,1.36
2018.02.28 21:41:55.731,1.7657,1.76608,1.25,1.36
2018.02.28 21:41:56.235,1.76572,1.76608,1.31,1.17
2018.02.28 21:41:56.336,1.76573,1.76609,1.50,1.00
2018.02.28 21:41:57.372,1.76572,1.76609,1.75,1.00
2018.02.28 21:41:58.004,1.76572,1.76609,1.75,1.00
2018.02.28 21:42:00.675,1.76571,1.76608,1.75,1.00
2018.02.28 21:42:01.182,1.76571,1.7661,1.75,1.13
2018.02.28 21:42:02.273,1.76572,1.76608,1.56,1.00
2018.02.28 21:42:02.801,1.7657,1.76608,1.75,1.00
2018.02.28 21:42:03.599,1.7657,1.76606,1.75,1.00
2018.02.28 21:42:04.100,1.76571,1.76607,1.75,1.00
2018.02.28 21:42:07.128,1.76571,1.76607,1.75,1.00
2018.02.28 21:42:08.882,1.76571,1.76607,1.75,1.00
2018.02.28 21:42:09.036,1.7658,1.76618,1.88,1.00
2018.02.28 21:42:09.239,1.76581,1.76618,1.38,1.00
2018.02.28 21:42:09.833,1.76583,1.76619,1.38,1.00
2018.02.28 21:42:11.143,1.76582,1.76619,1.88,1.00
2018.02.28 21:42:12.191,1.76587,1.76622,1.38,1.00
2018.02.28 21:42:12.407,1.76587,1.76624,1.38,1.00
2018.02.28 21:42:12.561,1.76587,1.76624,1.38,1.44
2018.02.28 21:42:13.070,1.76587,1.76622,1.38,1.00
2018.02.28 21:42:13.649,1.76585,1.76622,1.38,1.00
2018.02.28 21:42:18.196,1.76591,1.76624,1.38,1.00
2018.02.28 21:42:18.299,1.76592,1.7663,1.38,1.00
2018.02.28 21:42:21.667,1.76594,1.76631,1.38,1.00
2018.02.28 21:42:22.985,1.76594,1.7663,1.38,1.00
2018.02.28 21:42:23.759,1.76594,1.76629,1.38,1.00
2018.02.28 21:42:24.585,1.76594,1.7663,1.38,1.00
2018.02.28 21:42:29.428,1.76583,1.7662,1.75,1.25
2018.02.28 21:42:29.531,1.76577,1.76614,1.75,1.00
2018.02.28 21:42:29.634,1.76574,1.76608,1.13,1.00
2018.02.28 21:42:29.837,1.76568,1.76607,1.75,1.00
2018.02.28 21:42:29.889,1.7657,1.76607,1.31,1.00
2018.02.28 21:42:29.991,1.76578,1.76612,1.13,1.00
2018.02.28 21:42:30.143,1.76581,1.76617,1.56,1.00
2018.02.28 21:42:30.195,1.76579,1.76617,1.94,1.25
2018.02.28 21:42:30.503,1.7658,1.76617,1.38,1.00
2018.02.28 21:42:30.605,1.76578,1.76613,1.13,1.00
2018.02.28 21:42:30.908,1.7657,1.76604,1.81,1.00
2018.02.28 21:42:31.060,1.76566,1.76604,2.63,1.00
2018.02.28 21:42:32.458,1.76567,1.76605,1.75,1.00
2018.02.28 21:42:34.537,1.76567,1.76603,1.75,1.00
2018.02.28 21:42:37.145,1.76568,1.76604,1.75,1.00
2018.02.28 21:42:37.758,1.7657,1.76604,1.75,1.00
2018.02.28 21:42:41.122,1.7657,1.76607,1.75,1.00
2018.02.28 21:42:41.664,1.76569,1.76606,1.38,1.00
2018.02.28 21:42:44.637,1.76572,1.76606,1.38,1.00
2018.02.28 21:42:44.689,1.76573,1.76608,1.00,1.25
2018.02.28 21:42:44.791,1.76571,1.76609,1.88,1.00
2018.02.28 21:42:44.842,1.76578,1.76612,1.50,1.00
2018.02.28 21:42:44.893,1.76578,1.76616,2.25,1.25
2018.02.28 21:42:44.944,1.76579,1.76616,1.38,1.00
2018.02.28 21:42:45.558,1.76579,1.76617,1.75,1.25
2018.02.28 21:42:50.471,1.76574,1.76611,2.63,1.44
2018.02.28 21:42:50.847,1.76568,1.76605,1.75,1.00
2018.02.28 21:42:51.403,1.76568,1.76605,1.75,1.00
2018.02.28 21:42:51.851,1.76569,1.76607,1.75,1.25
2018.02.28 21:42:51.903,1.76569,1.76606,1.25,1.38
2018.02.28 21:42:52.005,1.76564,1.76603,1.75,1.38
2018.02.28 21:42:52.950,1.76567,1.76603,1.00,1.00
2018.02.28 21:42:56.336,1.76567,1.76601,1.00,1.00
2018.02.28 21:42:56.988,1.76563,1.76601,1.75,1.00
2018.02.28 21:42:57.324,1.7657,1.76604,1.31,1.00
2018.02.28 21:42:57.375,1.76573,1.76609,1.94,1.00
2018.02.28 21:42:57.426,1.76576,1.76612,1.19,1.00
2018.02.28 21:42:57.477,1.76572,1.76609,1.13,1.00
2018.02.28 21:42:57.528,1.76571,1.76609,1.56,1.50
2018.02.28 21:42:57.628,1.7657,1.76604,1.56,1.00
2018.02.28 21:42:57.832,1.7657,1.76604,1.50,1.00
2018.02.28 21:42:58.371,1.76569,1.76605,1.75,1.00
2018.02.28 21:42:59.099,1.76569,1.76605,1.75,1.00
2018.02.28 21:43:01.512,1.76567,1.76603,1.44,1.00
2018.02.28 21:43:01.792,1.76564,1.76601,1.75,1.00
2018.02.28 21:43:12.493,1.76563,1.76601,1.75,1.25
2018.02.28 21:43:12.849,1.76566,1.76602,1.12,1.00
2018.02.28 21:43:13.384,1.76566,1.76602,1.81,1.00
2018.02.28 21:43:15.310,1.76566,1.76602,1.50,1.00
2018.02.28 21:43:16.401,1.76565,1.76601,1.75,1.00
2018.02.28 21:43:17.356,1.76564,1.76601,1.38,1.25
2018.02.28 21:43:17.866,1.76562,1.766,1.75,1.13
2018.02.28 21:43:18.404,1.76562,1.766,1.75,1.00
2018.02.28 21:43:21.262,1.76564,1.766,1.75,1.00
2018.02.28 21:43:22.296,1.76564,1.766,1.75,1.00
2018.02.28 21:43:22.627,1.76567,1.76602,1.56,1.00
2018.02.28 21:43:24.091,1.76569,1.76604,1.38,1.00
2018.02.28 21:43:24.338,1.76569,1.76606,1.88,1.00
2018.02.28 21:43:25.247,1.76571,1.76604,1.00,1.00
2018.02.28 21:43:25.461,1.76571,1.76607,1.00,1.00
2018.02.28 21:43:25.937,1.76571,1.76607,1.38,1.00
2018.02.28 21:43:26.861,1.76572,1.76607,1.13,1.00
2018.02.28 21:43:27.409,1.76569,1.76607,1.75,1.00
2018.02.28 21:43:27.941,1.76572,1.76608,1.75,1.25
2018.02.28 21:43:28.749,1.7657,1.76608,2.25,1.00
2018.02.28 21:43:29.956,1.76569,1.76607,1.75,1.00
2018.02.28 21:43:33.964,1.76569,1.76607,2.25,1.25
2018.02.28 21:43:34.117,1.76571,1.76607,1.13,1.44
2018.02.28 21:43:34.421,1.7657,1.76608,2.25,1.00
2018.02.28 21:43:34.943,1.76573,1.7661,1.00,1.44
2018.02.28 21:43:35.608,1.76571,1.76608,1.75,1.13
2018.02.28 21:43:36.141,1.7657,1.76608,2.25,1.00
2018.02.28 21:43:37.054,1.7657,1.76608,1.75,1.00
2018.02.28 21:43:37.587,1.76571,1.7661,1.75,1.44
2018.02.28 21:43:39.950,1.76574,1.76611,1.13,1.25
2018.02.28 21:43:40.052,1.76574,1.76611,1.38,1.00
2018.02.28 21:43:40.587,1.76572,1.7661,1.13,1.13
2018.02.28 21:43:45.597,1.7657,1.76608,1.75,1.00
2018.02.28 21:43:47.414,1.7657,1.76608,1.75,1.00
2018.02.28 21:43:48.149,1.76569,1.76607,1.75,1.00
2018.02.28 21:43:48.685,1.76567,1.76606,1.75,1.00
2018.02.28 21:43:49.194,1.76571,1.76607,1.75,1.00
2018.02.28 21:43:52.041,1.76571,1.7661,2.25,1.38
2018.02.28 21:43:52.980,1.76571,1.76607,2.25,1.00
2018.02.28 21:43:53.649,1.76571,1.7661,2.25,1.38
2018.02.28 21:43:54.187,1.76571,1.7661,1.75,1.44
2018.02.28 21:43:56.797,1.7657,1.76608,2.25,1.00
2018.02.28 21:43:57.542,1.7657,1.76607,1.75,1.00
2018.02.28 21:44:01.173,1.7657,1.76608,1.75,1.00
2018.02.28 21:44:01.786,1.76569,1.76607,1.75,1.00
2018.02.28 21:44:02.732,1.7657,1.76608,1.75,1.38
2018.02.28 21:44:06.109,1.7657,1.76608,2.25,1.25
2018.02.28 21:44:11.608,1.76572,1.76608,1.75,1.25
2018.02.28 21:44:12.601,1.7657,1.76608,2.25,1.00
2018.02.28 21:44:21.907,1.76571,1.7661,2.25,1.44
2018.02.28 21:44:25.710,1.76578,1.76612,1.00,1.38
2018.02.28 21:44:26.817,1.76574,1.76612,1.00,1.88
2018.02.28 21:44:27.677,1.76577,1.76612,1.00,1.38
2018.02.28 21:44:33.200,1.76578,1.76611,1.00,1.38
2018.02.28 21:44:33.767,1.76578,1.76612,1.00,1.38
2018.02.28 21:44:34.553,1.76577,1.76612,1.00,1.38
2018.02.28 21:44:37.362,1.76577,1.76613,1.31,1.38
2018.02.28 21:44:37.914,1.76578,1.76614,1.00,1.38
2018.02.28 21:44:37.965,1.76582,1.76621,1.38,1.56
2018.02.28 21:44:38.017,1.76583,1.76621,1.38,1.25
2018.02.28 21:44:38.068,1.76588,1.76624,1.00,1.38
2018.02.28 21:44:38.607,1.76588,1.76622,1.00,1.38
2018.02.28 21:44:39.993,1.76589,1.76622,1.00,1.38
2018.02.28 21:44:41.498,1.76588,1.76623,1.00,1.75
2018.02.28 21:44:42.919,1.76588,1.76623,1.00,1.38
2018.02.28 21:44:43.527,1.76588,1.76621,1.00,1.38
2018.02.28 21:44:44.457,1.76588,1.76623,1.00,1.75
2018.02.28 21:44:44.559,1.76588,1.76619,1.00,1.75
2018.02.28 21:44:44.610,1.76584,1.76619,1.00,1.75
2018.02.28 21:44:45.581,1.76584,1.76617,1.00,1.38
2018.02.28 21:44:46.287,1.76584,1.76617,1.00,1.25
2018.02.28 21:44:46.829,1.76585,1.7662,1.00,1.31
2018.02.28 21:44:49.013,1.76585,1.7662,1.00,1.00
2018.02.28 21:44:49.338,1.76588,1.76621,1.00,1.25
2018.02.28 21:44:49.541,1.76589,1.76626,1.00,1.19
2018.02.28 21:44:49.593,1.76589,1.76627,1.00,1.00
2018.02.28 21:44:49.644,1.76596,1.76628,1.00,1.00
2018.02.28 21:44:49.756,1.76596,1.7663,1.00,1.25
2018.02.28 21:44:53.983,1.76597,1.7663,1.00,1.31
2018.02.28 21:45:00.121,1.76597,1.76629,1.00,1.00
2018.02.28 21:45:00.620,1.76597,1.76627,1.00,1.00
2018.02.28 21:45:00.672,1.76595,1.76627,1.00,1.00
2018.02.28 21:45:01.173,1.76595,1.76628,1.00,1.00
2018.02.28 21:45:01.313,1.76595,1.76627,1.00,1.62
2018.02.28 21:45:04.278,1.76595,1.76628,1.00,1.60
2018.02.28 21:45:09.941,1.76595,1.76629,1.00,1.00
2018.02.28 21:45:09.992,1.76597,1.7663,1.00,1.25
2018.02.28 21:45:10.512,1.76598,1.7663,1.00,1.25
2018.02.28 21:45:11.299,1.76598,1.76631,1.00,1.00
2018.02.28 21:45:11.902,1.76599,1.76631,1.00,1.00
2018.02.28 21:45:12.463,1.76598,1.76629,1.00,1.00
2018.02.28 21:45:12.543,1.76598,1.76631,1.00,1.25
2018.02.28 21:45:13.354,1.76598,1.7663,1.00,1.19
2018.02.28 21:45:14.347,1.76598,1.76631,1.00,1.19
2018.02.28 21:45:15.599,1.76596,1.76631,1.00,1.19
2018.02.28 21:45:17.489,1.76596,1.7663,1.00,1.52
2018.02.28 21:45:18.938,1.76594,1.7663,1.00,1.27
2018.02.28 21:45:19.509,1.76594,1.76627,1.00,1.27
2018.02.28 21:45:20.199,1.76593,1.76627,1.00,1.27
2018.02.28 21:45:22.119,1.76592,1.76627,1.00,1.27
2018.02.28 21:45:22.172,1.7659,1.76627,1.25,1.27
2018.02.28 21:45:22.539,1.76592,1.76627,1.00,1.27
2018.02.28 21:45:22.872,1.76592,1.76626,1.00,1.19
2018.02.28 21:45:23.580,1.76591,1.76626,1.00,1.19
2018.02.28 21:45:26.204,1.7659,1.76626,1.00,1.31
2018.02.28 21:45:26.882,1.76591,1.76626,1.00,1.31
2018.02.28 21:45:27.593,1.76593,1.76626,1.00,1.31
2018.02.28 21:45:30.591,1.76593,1.76627,1.00,1.31
2018.02.28 21:45:32.811,1.76592,1.76627,1.00,1.31
2018.02.28 21:45:33.483,1.76592,1.76626,1.00,1.19
2018.02.28 21:45:34.680,1.76591,1.76626,1.00,1.19
2018.02.28 21:45:36.135,1.76592,1.76626,1.00,1.19
2018.02.28 21:45:41.549,1.76592,1.76628,1.00,1.69
2018.02.28 21:45:45.611,1.76592,1.76628,1.00,1.19
2018.02.28 21:45:47.507,1.76592,1.76628,1.00,1.69
2018.02.28 21:45:47.558,1.7659,1.76628,1.00,1.69
2018.02.28 21:45:49.095,1.7659,1.76626,1.00,1.69
2018.02.28 21:45:49.618,1.7659,1.76626,1.00,1.00
2018.02.28 21:45:50.324,1.7659,1.76628,1.00,1.69
2018.02.28 21:45:51.019,1.76592,1.76629,1.00,1.69
2018.02.28 21:45:51.642,1.76593,1.76629,1.00,1.19
2018.02.28 21:45:52.021,1.76593,1.7663,1.00,1.19
2018.02.28 21:45:52.453,1.76593,1.76627,1.00,1.19
2018.02.28 21:45:53.321,1.76591,1.76627,1.00,1.19
2018.02.28 21:45:55.502,1.7659,1.76627,1.00,1.19
2018.02.28 21:45:57.722,1.76592,1.76628,1.00,2.06
2018.02.28 21:45:58.292,1.76592,1.76626,1.00,1.19
2018.02.28 21:45:58.343,1.7659,1.76626,1.00,1.19
2018.02.28 21:45:59.296,1.76591,1.76627,1.00,1.19
2018.02.28 21:45:59.892,1.7659,1.76627,1.00,1.19
2018.02.28 21:46:00.398,1.76591,1.76627,1.00,1.19
2018.02.28 21:46:00.979,1.7659,1.76627,1.00,1.19
2018.02.28 21:46:01.645,1.76591,1.76627,1.00,1.19
2018.02.28 21:46:03.280,1.76591,1.76626,1.00,1.19
2018.02.28 21:46:06.766,1.7659,1.76626,1.00,1.19
2018.02.28 21:46:07.278,1.76592,1.76626,1.00,1.19
2018.02.28 21:46:12.862,1.76591,1.76626,1.00,1.19
2018.02.28 21:46:21.770,1.76588,1.76626,1.25,1.19
2018.02.28 21:46:22.082,1.76591,1.76627,1.00,1.69
2018.02.28 21:46:23.109,1.76592,1.76627,1.00,1.19
2018.02.28 21:46:28.417,1.76597,1.76635,1.00,1.69
2018.02.28 21:46:28.955,1.76597,1.76634,1.00,1.19
2018.02.28 21:46:35.585,1.76598,1.76636,1.00,1.69
2018.02.28 21:46:36.316,1.76598,1.76635,1.00,1.19
2018.02.28 21:46:37.384,1.76599,1.76635,1.00,1.19
2018.02.28 21:46:40.248,1.76599,1.76636,1.00,1.19
2018.02.28 21:46:40.349,1.76594,1.76632,1.00,1.19
2018.02.28 21:46:40.451,1.76597,1.76632,1.00,1.19
2018.02.28 21:46:40.502,1.76597,1.76633,1.00,1.25
2018.02.28 21:46:40.743,1.76599,1.76635,1.00,1.69
2018.02.28 21:46:41.261,1.76599,1.76634,1.00,1.19
2018.02.28 21:46:41.364,1.76594,1.7663,1.00,2.44
2018.02.28 21:46:41.415,1.76594,1.76626,1.00,1.31
2018.02.28 21:46:41.467,1.7659,1.76626,1.00,1.19
2018.02.28 21:46:42.255,1.76589,1.76626,1.00,1.69
2018.02.28 21:46:44.143,1.76589,1.76625,1.00,1.19
2018.02.28 21:46:51.881,1.76587,1.76625,1.00,1.69
2018.02.28 21:46:52.798,1.76589,1.76625,1.00,1.19
2018.02.28 21:46:55.005,1.76587,1.76625,1.00,1.69
2018.02.28 21:46:56.668,1.76587,1.76623,1.00,1.19
2018.02.28 21:47:03.562,1.76587,1.76624,1.00,1.19
2018.02.28 21:47:11.363,1.7659,1.76626,1.00,1.31
2018.02.28 21:47:11.414,1.76592,1.76629,1.00,1.19
2018.02.28 21:47:11.466,1.76598,1.76628,1.00,1.19
2018.02.28 21:47:11.517,1.76595,1.76629,1.00,1.19
2018.02.28 21:47:12.078,1.76594,1.76628,1.00,1.19
2018.02.28 21:47:12.369,1.76594,1.76625,1.00,1.19
2018.02.28 21:47:12.472,1.76591,1.76625,1.00,1.19
2018.02.28 21:47:12.625,1.76591,1.76628,1.00,1.69
2018.02.28 21:47:12.676,1.76594,1.76628,1.00,1.19
2018.02.28 21:47:12.981,1.76596,1.7663,1.00,1.31
2018.02.28 21:47:15.562,1.76597,1.7663,1.00,1.19
2018.02.28 21:47:16.363,1.76598,1.7663,1.00,1.19
2018.02.28 21:47:17.528,1.76598,1.7663,1.00,1.19
2018.02.28 21:47:22.420,1.76597,1.7663,1.00,1.19
2018.02.28 21:47:23.480,1.76598,1.7663,1.00,1.19
2018.02.28 21:47:25.307,1.76597,1.7663,1.00,1.19
2018.02.28 21:47:28.375,1.76598,1.7663,1.00,1.19
2018.02.28 21:47:31.173,1.76598,1.76631,1.00,1.19
2018.02.28 21:47:31.514,1.766,1.76633,1.00,1.31
2018.02.28 21:47:32.158,1.76601,1.76633,1.00,1.31
2018.02.28 21:47:32.675,1.76601,1.76632,1.00,1.31
2018.02.28 21:47:33.640,1.76601,1.76633,1.00,1.19
2018.02.28 21:47:34.530,1.76603,1.76633,1.00,1.19
2018.02.28 21:47:38.132,1.76603,1.76632,1.00,1.19
2018.02.28 21:47:38.347,1.76601,1.76632,1.00,1.19
2018.02.28 21:47:38.919,1.76602,1.76633,1.00,1.19
2018.02.28 21:47:39.581,1.76602,1.76632,1.00,1.19
2018.02.28 21:47:44.275,1.76602,1.76634,1.00,1.31
2018.02.28 21:47:46.237,1.76601,1.76633,1.00,1.31
2018.02.28 21:47:46.459,1.76603,1.76633,1.00,1.31
2018.02.28 21:47:46.946,1.76601,1.76633,1.00,1.19
2018.02.28 21:47:48.342,1.76601,1.76632,1.00,1.19
2018.02.28 21:47:48.858,1.76601,1.76631,1.00,1.19
2018.02.28 21:47:49.374,1.76601,1.76632,1.00,1.19
2018.02.28 21:47:52.641,1.76599,1.76632,1.00,1.19
2018.02.28 21:47:53.101,1.76594,1.76631,1.00,1.19
2018.02.28 21:47:53.254,1.76594,1.76629,1.00,1.19
2018.02.28 21:47:55.364,1.76591,1.76616,1.00,1.19
2018.02.28 21:47:55.415,1.76591,1.76618,1.00,1.50
2018.02.28 21:47:55.466,1.76585,1.7662,1.00,1.19
2018.02.28 21:47:55.995,1.76583,1.76618,1.00,1.00
2018.02.28 21:47:56.132,1.76583,1.76612,1.00,1.00
2018.02.28 21:47:56.234,1.76574,1.76609,1.00,1.19
2018.02.28 21:47:56.286,1.7657,1.76609,1.00,2.06
2018.02.28 21:47:56.540,1.76572,1.76607,1.00,1.19
2018.02.28 21:47:57.551,1.76573,1.76607,1.00,1.19
2018.02.28 21:47:58.352,1.76573,1.76609,1.00,1.19
2018.02.28 21:47:59.292,1.76573,1.76608,1.00,1.19
2018.02.28 21:47:59.798,1.76574,1.76608,1.00,1.19
2018.02.28 21:48:00.563,1.76573,1.76608,1.00,1.19
2018.02.28 21:48:00.720,1.76571,1.76608,1.00,1.19
2018.02.28 21:48:02.664,1.76573,1.76608,1.00,1.19
2018.02.28 21:48:04.088,1.76573,1.76605,1.00,1.19
2018.02.28 21:48:04.391,1.76571,1.76604,1.00,1.19
2018.02.28 21:48:04.543,1.76569,1.76606,1.00,1.19
2018.02.28 21:48:04.594,1.76571,1.76605,1.00,1.19
2018.02.28 21:48:04.646,1.76571,1.76606,1.00,1.25
2018.02.28 21:48:04.975,1.76573,1.76606,1.00,1.19
2018.02.28 21:48:08.271,1.76572,1.76606,1.00,1.19
2018.02.28 21:48:09.027,1.76572,1.76608,1.00,1.19
2018.02.28 21:48:09.129,1.76574,1.76609,1.00,1.19
2018.02.28 21:48:12.807,1.76576,1.76612,1.00,1.19
2018.02.28 21:48:14.348,1.76576,1.76613,1.00,1.19
2018.02.28 21:48:14.995,1.76577,1.76613,1.00,1.19
2018.02.28 21:48:17.883,1.76577,1.76613,1.00,1.31
2018.02.28 21:48:18.565,1.76576,1.76613,1.00,1.31
2018.02.28 21:48:18.694,1.76574,1.76613,1.00,2.06
2018.02.28 21:48:19.274,1.76577,1.76613,1.00,1.69
2018.02.28 21:48:19.921,1.76577,1.76613,1.00,1.19
2018.02.28 21:48:20.939,1.76577,1.76613,1.00,1.69
2018.02.28 21:48:29.352,1.76577,1.76614,1.00,1.19
2018.02.28 21:48:29.944,1.76577,1.76613,1.00,2.06
2018.02.28 21:48:30.588,1.76574,1.76613,1.69,2.06
2018.02.28 21:48:30.971,1.76574,1.76612,1.25,1.19
2018.02.28 21:48:31.520,1.76573,1.76611,1.25,1.25
2018.02.28 21:48:32.625,1.76575,1.76612,1.00,1.19
2018.02.28 21:48:33.188,1.76573,1.76611,1.25,1.00
2018.02.28 21:48:33.716,1.76571,1.7661,1.69,1.00
2018.02.28 21:48:36.313,1.76573,1.76611,1.19,1.19
2018.02.28 21:48:36.524,1.76567,1.76592,1.00,1.56
2018.02.28 21:48:36.575,1.76567,1.76596,1.00,1.19
2018.02.28 21:48:36.627,1.7656,1.76596,1.00,1.19
2018.02.28 21:48:36.729,1.7656,1.76599,1.25,1.19
2018.02.28 21:48:36.831,1.76563,1.766,1.00,1.19
2018.02.28 21:48:37.166,1.76565,1.76601,1.00,1.19
2018.02.28 21:48:38.955,1.76563,1.76601,1.00,1.19
2018.02.28 21:48:39.940,1.76565,1.76602,1.19,1.00
2018.02.28 21:48:40.042,1.76569,1.76607,1.19,1.25
2018.02.28 21:48:40.429,1.76572,1.76609,1.00,1.19
2018.02.28 21:48:41.111,1.76572,1.76608,1.00,1.19
2018.02.28 21:48:41.163,1.7657,1.76609,1.25,2.06
2018.02.28 21:48:44.386,1.76569,1.76607,1.25,1.19
2018.02.28 21:48:50.419,1.76569,1.76607,1.19,1.00
2018.02.28 21:48:50.858,1.76572,1.7661,1.00,1.69
2018.02.28 21:48:51.420,1.7657,1.76609,1.25,1.19
2018.02.28 21:48:52.121,1.7657,1.76609,1.19,1.69
2018.02.28 21:48:54.338,1.7657,1.76608,1.00,1.31
2018.02.28 21:48:54.389,1.76568,1.76606,1.25,1.25
2018.02.28 21:48:54.440,1.76566,1.76603,1.19,1.00
2018.02.28 21:48:54.660,1.76567,1.76605,1.19,1.25
2018.02.28 21:48:54.790,1.76565,1.766,1.00,1.19
2018.02.28 21:48:54.937,1.76562,1.76597,1.00,1.19
2018.02.28 21:48:55.151,1.7656,1.76598,1.00,1.19
2018.02.28 21:48:56.350,1.76564,1.766,1.00,1.19
2018.02.28 21:48:56.471,1.76564,1.76601,1.00,1.25
2018.02.28 21:48:56.924,1.76562,1.76601,1.25,1.31
2018.02.28 21:48:57.645,1.76564,1.76602,1.00,2.06
2018.02.28 21:48:58.149,1.76565,1.76602,1.00,1.56
2018.02.28 21:49:00.157,1.76565,1.76603,1.00,1.69
2018.02.28 21:49:00.464,1.76572,1.76609,1.00,1.19
2018.02.28 21:49:00.883,1.76575,1.76608,1.00,1.19
2018.02.28 21:49:00.996,1.76575,1.76609,1.00,1.19
2018.02.28 21:49:05.971,1.76575,1.7661,1.00,1.19
2018.02.28 21:49:06.710,1.76576,1.7661,1.00,1.19
2018.02.28 21:49:06.762,1.76574,1.7661,1.00,1.19
2018.02.28 21:49:06.918,1.76578,1.76614,1.00,1.25
2018.02.28 21:49:07.020,1.76581,1.76616,1.00,1.25
2018.02.28 21:49:07.540,1.76582,1.76615,1.00,1.25
2018.02.28 21:49:11.172,1.76582,1.76618,1.00,2.06
2018.02.28 21:49:12.231,1.76582,1.76617,1.00,1.31
2018.02.28 21:49:12.745,1.76583,1.76618,1.00,2.06
2018.02.28 21:49:13.271,1.76581,1.76618,1.00,2.06
2018.02.28 21:49:14.068,1.76581,1.76617,1.00,1.31
2018.02.28 21:49:14.726,1.76583,1.76617,1.00,1.31
2018.02.28 21:49:15.336,1.76583,1.76618,1.00,2.06
2018.02.28 21:49:16.043,1.76582,1.76618,1.00,2.06
2018.02.28 21:49:16.654,1.76583,1.76617,1.00,1.31
2018.02.28 21:49:17.311,1.76583,1.76618,1.00,2.06
2018.02.28 21:49:18.105,1.76581,1.76618,1.00,2.06
2018.02.28 21:49:18.288,1.76584,1.76618,1.00,2.06
2018.02.28 21:49:22.603,1.76582,1.76608,1.00,1.31
2018.02.28 21:49:22.705,1.76572,1.76606,1.00,1.19
2018.02.28 21:49:23.259,1.76571,1.76607,1.00,1.19
2018.02.28 21:49:23.879,1.76571,1.76606,1.00,1.19
2018.02.28 21:49:24.831,1.76571,1.76607,1.00,1.19
2018.02.28 21:49:27.472,1.76572,1.76607,1.00,1.31
2018.02.28 21:49:28.205,1.76572,1.76608,1.00,1.31
2018.02.28 21:49:29.279,1.76576,1.76607,1.00,1.31
2018.02.28 21:49:29.628,1.76579,1.76607,1.00,1.31
2018.02.28 21:49:30.392,1.76579,1.76608,1.00,1.19
2018.02.28 21:49:30.905,1.76579,1.76607,1.00,1.19
2018.02.28 21:49:33.738,1.76577,1.76607,1.00,1.19
2018.02.28 21:49:43.135,1.76577,1.76609,1.00,1.19
2018.02.28 21:49:43.206,1.76579,1.76611,1.00,1.69
2018.02.28 21:49:43.549,1.76582,1.76613,1.00,1.31
2018.02.28 21:49:44.067,1.76583,1.76612,1.00,1.31
2018.02.28 21:49:44.710,1.76582,1.76613,1.00,1.31
2018.02.28 21:49:46.143,1.76574,1.7661,1.00,1.00
2018.02.28 21:49:46.245,1.76571,1.76609,1.25,1.31
2018.02.28 21:49:46.296,1.76571,1.76608,1.00,1.31
2018.02.28 21:49:46.347,1.76568,1.76607,1.25,1.69
2018.02.28 21:49:47.018,1.76568,1.76604,1.25,1.00
2018.02.28 21:49:48.472,1.76568,1.76604,1.19,1.25
2018.02.28 21:49:48.523,1.76566,1.76604,1.00,2.06
2018.02.28 21:49:48.574,1.76564,1.76603,1.31,1.12
2018.02.28 21:49:49.085,1.76567,1.76605,1.25,1.56
2018.02.28 21:49:49.522,1.76567,1.76605,1.25,1.31
2018.02.28 21:49:50.577,1.76567,1.76605,1.19,1.56
2018.02.28 21:49:51.429,1.76567,1.76605,1.25,1.31
2018.02.28 21:49:52.438,1.76567,1.76603,1.00,1.56
2018.02.28 21:49:52.903,1.76566,1.76604,1.25,1.25
2018.02.28 21:49:53.483,1.76567,1.76605,1.00,1.19
2018.02.28 21:49:53.759,1.76569,1.76606,1.00,2.81
2018.02.28 21:49:54.158,1.76567,1.76605,1.00,1.56
2018.02.28 21:49:54.259,1.76567,1.76605,1.69,1.25
2018.02.28 21:49:54.884,1.76568,1.76607,1.25,2.81
2018.02.28 21:49:55.193,1.76571,1.76607,1.00,2.06
2018.02.28 21:49:55.888,1.76571,1.76606,1.00,1.19
2018.02.28 21:49:57.027,1.76571,1.76608,1.00,1.31
2018.02.28 21:49:57.668,1.76571,1.76607,1.00,1.31
2018.02.28 21:49:58.289,1.76571,1.76609,1.00,2.44
2018.02.28 21:49:58.391,1.76573,1.76609,1.00,1.56
2018.02.28 21:49:58.713,1.76571,1.76609,1.25,2.81
2018.02.28 21:49:59.245,1.76571,1.76609,1.00,2.06
2018.02.28 21:50:00.196,1.76568,1.76607,1.69,1.62
2018.02.28 21:50:00.348,1.76568,1.76607,1.69,1.31
2018.02.28 21:50:00.399,1.76575,1.76612,1.19,1.12
2018.02.28 21:50:00.553,1.7658,1.76616,1.00,1.12
2018.02.28 21:50:01.171,1.7658,1.76618,1.00,1.56
2018.02.28 21:50:01.412,1.76572,1.76611,1.25,2.06
2018.02.28 21:50:01.674,1.7657,1.76608,1.25,1.25
2018.02.28 21:50:02.014,1.76572,1.7661,1.00,1.56
2018.02.28 21:50:02.551,1.76571,1.76609,1.25,2.06
2018.02.28 21:50:03.090,1.76573,1.7661,1.00,1.69
2018.02.28 21:50:04.537,1.76571,1.76609,1.69,1.19
2018.02.28 21:50:05.168,1.76571,1.76609,1.25,1.25
2018.02.28 21:50:05.724,1.76572,1.76608,1.00,1.25
2018.02.28 21:50:06.967,1.76572,1.76608,1.00,1.69
2018.02.28 21:50:09.166,1.76571,1.76607,1.25,1.25
2018.02.28 21:50:12.939,1.76566,1.76604,1.19,1.25
2018.02.28 21:50:12.990,1.76568,1.76604,1.19,1.00
2018.02.28 21:50:13.348,1.76569,1.76606,1.25,1.25
2018.02.28 21:50:14.649,1.76569,1.76606,1.19,1.25
2018.02.28 21:50:15.193,1.7657,1.76608,1.00,1.19
2018.02.28 21:50:15.295,1.76567,1.76605,1.25,1.25
2018.02.28 21:50:15.869,1.76567,1.76605,1.19,1.19
2018.02.28 21:50:22.757,1.7657,1.76607,1.25,1.19
2018.02.28 21:50:23.408,1.7657,1.76608,1.00,1.69
2018.02.28 21:50:25.053,1.76569,1.76606,1.00,1.19
2018.02.28 21:50:25.773,1.76567,1.76605,1.69,1.00
2018.02.28 21:50:25.994,1.76567,1.76605,1.69,1.00
2018.02.28 21:50:26.532,1.76567,1.76604,1.19,1.25
2018.02.28 21:50:27.146,1.76566,1.76604,1.19,1.00
2018.02.28 21:50:28.832,1.76566,1.76604,1.69,1.00
2018.02.28 21:50:29.407,1.76567,1.76605,1.19,1.00
2018.02.28 21:50:30.066,1.76568,1.76606,1.25,1.19
2018.02.28 21:50:32.277,1.76568,1.76607,1.00,1.69
2018.02.28 21:50:32.610,1.7657,1.76607,1.00,1.19
2018.02.28 21:50:35.397,1.7657,1.76607,1.00,1.19
2018.02.28 21:50:35.900,1.76567,1.76605,1.19,1.00
2018.02.28 21:50:36.413,1.76566,1.76604,1.19,1.25
2018.02.28 21:50:37.309,1.76567,1.76606,1.19,1.25
2018.02.28 21:50:37.513,1.76567,1.76603,1.00,1.00
2018.02.28 21:50:38.270,1.76566,1.76604,1.25,1.25
2018.02.28 21:50:38.810,1.76567,1.76606,1.00,1.69
2018.02.28 21:50:39.310,1.76569,1.76605,1.00,1.19
2018.02.28 21:50:41.150,1.76567,1.76606,1.69,1.25
2018.02.28 21:50:43.323,1.76567,1.76606,1.69,1.00
2018.02.28 21:50:43.425,1.76567,1.76597,1.00,1.19
2018.02.28 21:50:43.476,1.76561,1.76596,1.00,1.19
2018.02.28 21:50:43.527,1.76559,1.76596,1.00,1.19
2018.02.28 21:50:44.151,1.76558,1.76594,1.00,1.00
2018.02.28 21:50:45.483,1.76558,1.76597,1.00,1.19
2018.02.28 21:50:46.546,1.76558,1.76594,1.00,1.00
2018.02.28 21:50:47.136,1.76558,1.76597,1.25,1.69
2018.02.28 21:50:48.273,1.76558,1.76597,1.00,1.19
2018.02.28 21:50:48.808,1.76557,1.76595,1.00,1.00
2018.02.28 21:50:49.340,1.76558,1.76596,1.00,1.19
2018.02.28 21:50:51.414,1.76558,1.76597,1.00,1.69
2018.02.28 21:50:52.415,1.76558,1.76596,1.00,1.19
2018.02.28 21:50:53.312,1.76558,1.76597,1.00,1.19
2018.02.28 21:50:53.363,1.7656,1.76598,1.00,1.69
2018.02.28 21:50:53.899,1.76559,1.76596,1.00,1.25
2018.02.28 21:50:54.461,1.7656,1.76598,1.00,1.69
2018.02.28 21:50:55.168,1.7656,1.76597,1.00,1.19
2018.02.28 21:50:55.876,1.7656,1.76598,1.00,1.69
2018.02.28 21:50:57.151,1.7656,1.76598,1.00,1.19
2018.02.28 21:50:57.718,1.76561,1.76599,1.00,1.19
2018.02.28 21:50:58.541,1.76561,1.76599,1.00,1.25
2018.02.28 21:50:59.390,1.76558,1.76592,1.00,1.56
2018.02.28 21:50:59.493,1.76549,1.76585,1.25,1.00
2018.02.28 21:51:00.058,1.76547,1.76585,1.19,1.19
2018.02.28 21:51:00.325,1.7655,1.76587,3.19,1.00
2018.02.28 21:51:00.376,1.76556,1.76594,1.00,1.19
2018.02.28 21:51:00.478,1.76558,1.76594,1.00,1.25
2018.02.28 21:51:00.682,1.76559,1.76596,1.50,1.25
2018.02.28 21:51:00.834,1.76562,1.76598,1.00,1.69
2018.02.28 21:51:00.885,1.76559,1.76596,1.00,1.25
2018.02.28 21:51:01.668,1.76559,1.76596,1.00,1.19
2018.02.28 21:51:02.191,1.76559,1.76596,1.00,1.25
2018.02.28 21:51:03.164,1.76557,1.76595,1.19,1.00
2018.02.28 21:51:03.215,1.76558,1.76597,1.25,1.00
2018.02.28 21:51:03.786,1.76558,1.76597,1.19,1.25
2018.02.28 21:51:04.224,1.76557,1.76595,1.69,1.00
2018.02.28 21:51:04.816,1.76558,1.76596,1.69,1.00
2018.02.28 21:51:05.434,1.76558,1.76596,1.00,1.00
2018.02.28 21:51:05.859,1.76557,1.76594,1.19,1.00
2018.02.28 21:51:06.420,1.76556,1.76594,1.19,1.00
2018.02.28 21:51:06.950,1.76558,1.76595,1.25,1.00
2018.02.28 21:51:07.754,1.76557,1.76595,1.69,1.00
2018.02.28 21:51:07.805,1.76561,1.76597,1.00,1.00
2018.02.28 21:51:08.603,1.76558,1.76597,1.00,1.25
2018.02.28 21:51:09.949,1.76559,1.76598,1.00,1.19
2018.02.28 21:51:10.482,1.76558,1.76597,1.00,1.25
2018.02.28 21:51:11.033,1.76558,1.76597,1.00,1.19
2018.02.28 21:51:12.009,1.76559,1.76598,1.00,1.69
2018.02.28 21:51:12.530,1.76558,1.76597,1.25,1.69
2018.02.28 21:51:13.067,1.76558,1.76597,1.00,1.19
2018.02.28 21:51:16.613,1.76558,1.76595,1.25,1.56
2018.02.28 21:51:16.766,1.76559,1.76596,1.00,1.25
2018.02.28 21:51:18.295,1.76559,1.76596,1.00,1.69
2018.02.28 21:51:18.400,1.76559,1.76595,1.00,1.19
2018.02.28 21:51:18.451,1.76556,1.76594,1.25,1.19
2018.02.28 21:51:18.961,1.76557,1.76595,1.00,1.69
2018.02.28 21:51:19.466,1.76557,1.76595,1.25,1.19
2018.02.28 21:51:20.090,1.76558,1.76597,1.00,1.19
2018.02.28 21:51:20.754,1.76558,1.76597,1.00,1.19
2018.02.28 21:51:21.294,1.76558,1.76597,1.25,1.69
2018.02.28 21:51:22.074,1.76557,1.76595,1.69,1.69
2018.02.28 21:51:23.558,1.76558,1.76597,1.69,1.69
2018.02.28 21:51:24.384,1.7656,1.76598,1.00,1.69
2018.02.28 21:51:25.041,1.76559,1.76596,1.00,1.00
2018.02.28 21:51:25.428,1.76561,1.76597,1.00,1.00
2018.02.28 21:51:28.748,1.76561,1.76597,1.00,1.19
2018.02.28 21:51:28.901,1.76557,1.76595,1.19,1.25
2018.02.28 21:51:28.952,1.76556,1.76594,2.44,1.19
2018.02.28 21:51:29.703,1.76557,1.76595,1.00,1.19
2018.02.28 21:51:36.539,1.76557,1.76595,1.00,1.69
2018.02.28 21:51:38.168,1.76557,1.76595,1.00,1.19
2018.02.28 21:51:39.439,1.76557,1.76595,1.00,1.69
2018.02.28 21:51:39.491,1.76557,1.76595,1.25,1.00
2018.02.28 21:51:39.542,1.7656,1.76597,1.00,1.31
2018.02.28 21:51:39.821,1.76557,1.76595,1.00,1.19
2018.02.28 21:51:40.387,1.76557,1.76595,1.00,1.69
2018.02.28 21:51:41.336,1.76557,1.76595,1.25,1.19
2018.02.28 21:51:41.387,1.76558,1.76595,1.19,1.00
2018.02.28 21:51:41.488,1.76562,1.76601,1.00,1.69
2018.02.28 21:51:41.539,1.76562,1.76601,1.25,1.25
2018.02.28 21:51:42.912,1.76562,1.76601,1.25,1.69
2018.02.28 21:51:43.740,1.76562,1.76601,1.00,1.25
2018.02.28 21:51:51.387,1.76565,1.76601,1.00,1.00
2018.02.28 21:51:52.148,1.76562,1.76601,1.25,1.25
2018.02.28 21:51:54.861,1.76565,1.76601,1.00,1.00
2018.02.28 21:51:55.196,1.76565,1.76603,1.00,1.31
2018.02.28 21:51:57.212,1.76565,1.76602,1.00,1.31
2018.02.28 21:51:57.781,1.76565,1.76603,1.00,2.06
2018.02.28 21:52:00.251,1.76565,1.76603,1.00,1.31
2018.02.28 21:52:00.591,1.7657,1.76608,1.25,1.00
2018.02.28 21:52:00.692,1.7657,1.76607,1.00,1.56
2018.02.28 21:52:00.743,1.76565,1.76603,1.69,1.00
2018.02.28 21:52:01.358,1.76564,1.76602,1.25,1.19
2018.02.28 21:52:03.951,1.76563,1.76602,1.25,1.25
2018.02.28 21:52:04.482,1.76563,1.76602,1.19,1.19
2018.02.28 21:52:05.007,1.76564,1.76602,1.00,1.25
2018.02.28 21:52:05.332,1.7657,1.76606,1.69,1.00
2018.02.28 21:52:05.693,1.76571,1.76606,1.19,1.00
2018.02.28 21:52:11.463,1.76572,1.76606,1.00,1.00
2018.02.28 21:52:12.112,1.76571,1.76607,1.19,1.00
2018.02.28 21:52:12.809,1.76571,1.76607,1.25,1.00
2018.02.28 21:52:13.348,1.76571,1.76609,1.25,1.37
2018.02.28 21:52:14.614,1.76573,1.76609,1.00,1.37
2018.02.28 21:52:16.588,1.76572,1.76609,1.00,1.56
2018.02.28 21:52:18.288,1.76571,1.76607,1.19,1.00
2018.02.28 21:52:18.595,1.76571,1.7661,1.69,1.00
2018.02.28 21:52:29.803,1.76571,1.7661,2.44,1.69
2018.02.28 21:52:30.475,1.76571,1.7661,1.69,1.69
2018.02.28 21:52:30.980,1.76572,1.7661,1.25,1.19
2018.02.28 21:52:31.793,1.76573,1.76611,1.00,1.69
2018.02.28 21:52:32.107,1.76573,1.76611,1.19,1.25
2018.02.28 21:52:37.863,1.76573,1.76611,1.69,1.19
2018.02.28 21:52:37.914,1.76573,1.76611,1.00,1.19
2018.02.28 21:52:38.556,1.76573,1.76611,1.25,1.69
2018.02.28 21:52:39.499,1.76573,1.76611,1.00,1.19
2018.02.28 21:52:40.250,1.7657,1.76607,1.00,1.19
2018.02.28 21:52:40.752,1.76571,1.76607,1.00,1.69
2018.02.28 21:52:41.863,1.76572,1.76608,1.00,1.16
2018.02.28 21:52:42.360,1.7657,1.76608,1.00,1.16
2018.02.28 21:52:45.377,1.76571,1.7661,1.00,1.66
2018.02.28 21:52:46.562,1.76571,1.76609,1.69,1.16
2018.02.28 21:52:46.614,1.76573,1.76611,1.19,1.66
2018.02.28 21:52:47.843,1.76573,1.76611,1.25,1.22
2018.02.28 21:52:48.177,1.76573,1.76611,1.00,1.66
2018.02.28 21:52:49.439,1.76573,1.7661,1.00,1.16
2018.02.28 21:52:50.951,1.76573,1.76611,1.69,1.16
2018.02.28 21:52:52.974,1.76573,1.76611,1.25,1.22
2018.02.28 21:52:53.127,1.76573,1.76611,1.00,1.66
2018.02.28 21:52:53.449,1.76573,1.76611,1.19,1.22
2018.02.28 21:52:55.867,1.76573,1.76611,1.69,1.19
2018.02.28 21:52:59.575,1.76573,1.76611,1.19,1.25
2018.02.28 21:53:00.182,1.76573,1.76611,1.25,1.19
2018.02.28 21:53:00.335,1.76573,1.7661,1.25,1.19
2018.02.28 21:53:00.844,1.76573,1.76611,1.00,1.69
2018.02.28 21:53:01.426,1.76573,1.76611,1.25,1.19
2018.02.28 21:53:02.162,1.76573,1.76611,1.19,1.25
2018.02.28 21:53:03.143,1.76573,1.76611,1.69,1.31
2018.02.28 21:53:04.425,1.76573,1.76611,1.00,1.69
2018.02.28 21:53:04.952,1.76573,1.76611,1.69,1.19
2018.02.28 21:53:07.329,1.76573,1.76611,1.25,2.06
2018.02.28 21:53:07.649,1.76572,1.76608,1.00,1.19
2018.02.28 21:53:07.852,1.76568,1.76606,1.00,1.19
2018.02.28 21:53:11.352,1.76568,1.76605,1.25,1.19
2018.02.28 21:53:12.450,1.76568,1.76606,1.25,1.19
2018.02.28 21:53:12.696,1.76573,1.76609,1.00,1.19
2018.02.28 21:53:12.747,1.76573,1.76611,1.00,1.69
2018.02.28 21:53:13.071,1.76571,1.76609,1.00,1.19
2018.02.28 21:53:13.585,1.76574,1.7661,1.00,1.19
2018.02.28 21:53:14.422,1.76574,1.7661,1.00,1.69
2018.02.28 21:53:14.921,1.76574,1.7661,1.00,1.00
2018.02.28 21:53:17.431,1.76575,1.7661,1.19,1.00
2018.02.28 21:53:17.482,1.76578,1.76616,1.00,1.69
2018.02.28 21:53:24.667,1.76578,1.76616,1.25,1.25
2018.02.28 21:53:25.583,1.76579,1.76617,1.00,1.19
2018.02.28 21:53:26.397,1.76581,1.76617,1.00,1.19
2018.02.28 21:53:27.053,1.7658,1.76617,1.00,1.69
2018.02.28 21:53:27.454,1.7658,1.76616,1.00,1.19
2018.02.28 21:53:29.952,1.7658,1.76617,1.00,1.19
2018.02.28 21:53:30.054,1.76582,1.7662,1.25,1.19
2018.02.28 21:53:30.461,1.76585,1.76619,1.00,1.19
2018.02.28 21:53:30.971,1.76585,1.7662,1.00,1.19
2018.02.28 21:53:31.536,1.76585,1.7662,1.00,1.19
2018.02.28 21:53:32.147,1.76585,1.7662,1.00,1.19
2018.02.28 21:53:33.707,1.76585,1.76619,1.00,1.19
2018.02.28 21:53:33.925,1.76583,1.76619,1.00,1.19
2018.02.28 21:53:34.647,1.76584,1.76619,1.00,1.19
2018.02.28 21:53:38.731,1.76584,1.76618,1.00,1.19
2018.02.28 21:53:39.971,1.76584,1.76617,1.00,1.19
2018.02.28 21:53:40.022,1.76582,1.76617,1.00,1.19
2018.02.28 21:53:42.479,1.76582,1.76618,1.00,1.19
2018.02.28 21:53:49.279,1.76581,1.76618,1.00,1.19
2018.02.28 21:53:50.067,1.76579,1.76616,1.00,1.19
2018.02.28 21:53:50.621,1.76578,1.76616,1.00,1.19
2018.02.28 21:53:51.131,1.76579,1.76616,1.00,1.19
2018.02.28 21:53:51.796,1.76579,1.76615,1.00,1.19
2018.02.28 21:53:52.671,1.76579,1.76616,1.00,1.19
2018.02.28 21:53:53.346,1.76578,1.76616,1.00,1.19
2018.02.28 21:53:55.520,1.76581,1.76619,1.00,1.69
2018.02.28 21:53:55.848,1.76582,1.76621,1.00,1.69
2018.02.28 21:53:55.899,1.76584,1.76621,1.00,1.19
2018.02.28 21:53:57.761,1.76586,1.76623,1.00,1.19
2018.02.28 21:53:57.964,1.76584,1.76622,1.25,1.69
2018.02.28 21:53:58.510,1.76584,1.76622,1.00,1.69
2018.02.28 21:54:00.010,1.76584,1.76622,1.00,1.69
2018.02.28 21:54:00.530,1.76584,1.76622,1.00,2.44
2018.02.28 21:54:00.692,1.76586,1.76622,1.00,1.00
2018.02.28 21:54:00.993,1.76588,1.76625,1.00,1.19
2018.02.28 21:54:01.598,1.76588,1.76622,1.00,1.00
2018.02.28 21:54:02.120,1.76588,1.76626,1.00,3.19
2018.02.28 21:54:04.210,1.76585,1.76623,1.00,1.69
2018.02.28 21:54:04.433,1.76585,1.76623,1.00,1.25
2018.02.28 21:54:04.535,1.76589,1.76628,1.00,1.69
2018.02.28 21:54:04.858,1.76592,1.76628,1.00,1.19
2018.02.28 21:54:06.613,1.76592,1.76628,1.00,1.69
2018.02.28 21:54:07.254,1.76592,1.7663,1.00,1.69
2018.02.28 21:54:07.871,1.76592,1.7663,1.00,1.69
2018.02.28 21:54:08.672,1.76592,1.76629,1.00,1.19
2018.02.28 21:54:08.875,1.76592,1.7663,1.00,1.19
2018.02.28 21:54:09.492,1.76593,1.76631,1.00,1.19
2018.02.28 21:54:11.543,1.76595,1.76631,1.00,1.19
2018.02.28 21:54:13.603,1.76594,1.76631,1.00,1.69
2018.02.28 21:54:14.284,1.76594,1.7663,1.00,1.19
2018.02.28 21:54:15.059,1.76594,1.76631,1.00,1.69
2018.02.28 21:54:18.133,1.76594,1.76631,1.00,1.19
2018.02.28 21:54:19.404,1.76589,1.76625,1.69,1.00
2018.02.28 21:54:19.943,1.7659,1.76625,1.19,1.00
2018.02.28 21:54:20.553,1.7659,1.76624,1.19,1.00
2018.02.28 21:54:21.202,1.76585,1.76623,2.06,1.25
2018.02.28 21:54:21.253,1.76585,1.76618,1.19,1.00
2018.02.28 21:54:21.304,1.76581,1.76617,1.19,1.00
2018.02.28 21:54:21.356,1.76581,1.76617,1.19,1.00
2018.02.28 21:54:21.661,1.76579,1.76615,1.19,1.00
2018.02.28 21:54:23.060,1.76579,1.76614,1.19,1.00
2018.02.28 21:54:23.609,1.76579,1.76615,1.56,1.00
2018.02.28 21:54:24.134,1.7658,1.76615,1.56,1.00
2018.02.28 21:54:24.654,1.7658,1.76615,1.31,1.00
2018.02.28 21:54:25.824,1.76581,1.76615,1.19,1.00
2018.02.28 21:54:26.752,1.76581,1.76615,1.19,1.00
2018.02.28 21:54:26.954,1.7658,1.76615,1.19,1.00
2018.02.28 21:54:27.053,1.7658,1.76618,1.19,1.00
2018.02.28 21:54:27.815,1.76581,1.76618,1.19,1.00
2018.02.28 21:54:29.262,1.7658,1.76618,1.19,1.00
2018.02.28 21:54:31.249,1.76581,1.76618,1.19,1.00
2018.02.28 21:54:35.403,1.76584,1.76618,1.19,1.00
2018.02.28 21:54:35.505,1.7658,1.76618,1.19,1.00
2018.02.28 21:54:35.727,1.7658,1.76615,1.19,1.00
2018.02.28 21:54:39.443,1.7658,1.76615,1.19,1.00
2018.02.28 21:54:39.666,1.7658,1.76618,1.19,1.00
2018.02.28 21:54:41.185,1.7658,1.76616,1.19,1.00
2018.02.28 21:54:43.390,1.76581,1.76616,1.19,1.00
2018.02.28 21:54:43.719,1.76581,1.76618,1.19,1.00
2018.02.28 21:54:44.090,1.76582,1.76616,1.19,1.00
2018.02.28 21:54:44.853,1.7658,1.76616,1.19,1.00
2018.02.28 21:54:45.201,1.7658,1.76618,1.19,1.00
2018.02.28 21:54:45.492,1.7658,1.76615,1.19,1.00
2018.02.28 21:54:46.212,1.76581,1.76615,1.19,1.00
2018.02.28 21:54:48.760,1.76582,1.76615,1.19,1.00
2018.02.28 21:54:49.283,1.76581,1.76615,1.19,1.00
2018.02.28 21:54:50.396,1.7658,1.76615,1.19,1.00
2018.02.28 21:54:52.715,1.76579,1.76615,1.19,1.00
2018.02.28 21:54:53.266,1.76579,1.76615,1.69,1.00
2018.02.28 21:54:54.183,1.76581,1.76615,1.19,1.00
2018.02.28 21:54:55.798,1.76579,1.76614,1.00,1.19
2018.02.28 21:54:55.849,1.76579,1.76607,1.00,1.00
2018.02.28 21:54:55.965,1.76572,1.76607,1.00,1.00
2018.02.28 21:54:56.016,1.76568,1.76604,1.69,1.00
2018.02.28 21:54:56.550,1.76569,1.76604,1.19,1.00
2018.02.28 21:54:57.673,1.76568,1.76604,1.19,1.00
2018.02.28 21:54:58.204,1.76568,1.76604,1.69,1.00
2018.02.28 21:54:58.821,1.76567,1.76604,1.19,1.00
2018.02.28 21:54:59.372,1.76569,1.76604,1.19,1.00
2018.02.28 21:55:00.156,1.76568,1.76604,1.19,1.00
2018.02.28 21:55:00.354,1.76564,1.76602,1.00,1.00
2018.02.28 21:55:00.405,1.7656,1.76596,1.56,1.00
2018.02.28 21:55:00.457,1.76556,1.76592,1.19,1.00
2018.02.28 21:55:00.560,1.76554,1.76592,1.00,1.00
2018.02.28 21:55:00.611,1.76557,1.76591,1.19,1.00
2018.02.28 21:55:00.662,1.76558,1.76594,1.19,1.00
2018.02.28 21:55:00.714,1.76558,1.76596,1.69,1.00
2018.02.28 21:55:00.968,1.76567,1.76601,1.00,1.00
2018.02.28 21:55:01.019,1.76568,1.76605,1.19,1.00
2018.02.28 21:55:01.172,1.76572,1.76607,1.00,1.00
2018.02.28 21:55:01.224,1.76568,1.76606,1.19,1.00
2018.02.28 21:55:01.276,1.76567,1.76602,1.00,1.00
2018.02.28 21:55:01.378,1.76559,1.76597,1.19,1.00
2018.02.28 21:55:01.886,1.76558,1.76596,1.69,1.00
2018.02.28 21:55:02.533,1.76558,1.76596,1.25,1.00
2018.02.28 21:55:02.995,1.76557,1.76594,1.19,1.00
2018.02.28 21:55:03.800,1.76558,1.76594,1.19,1.00
2018.02.28 21:55:05.092,1.76557,1.76594,1.19,1.50
2018.02.28 21:55:05.473,1.76557,1.76592,1.19,1.00
2018.02.28 21:55:05.575,1.76557,1.76594,1.19,1.00
2018.02.28 21:55:06.099,1.76558,1.76592,1.69,1.00
2018.02.28 21:55:06.594,1.76558,1.76594,1.25,1.50
2018.02.28 21:55:07.138,1.76557,1.76593,1.19,1.00
2018.02.28 21:55:07.640,1.76557,1.76594,1.19,1.50
2018.02.28 21:55:07.691,1.76555,1.76587,1.00,1.00
2018.02.28 21:55:07.790,1.76553,1.76591,1.00,1.00
2018.02.28 21:55:07.842,1.7655,1.76588,1.19,1.00
2018.02.28 21:55:07.893,1.76549,1.76587,1.19,1.00
2018.02.28 21:55:08.148,1.76552,1.76589,1.19,1.00
2018.02.28 21:55:08.250,1.76556,1.76593,1.00,1.00
2018.02.28 21:55:08.383,1.76557,1.76595,1.00,1.00
2018.02.28 21:55:08.907,1.76558,1.76596,1.00,1.00
2018.02.28 21:55:13.270,1.76557,1.76595,1.00,1.00
2018.02.28 21:55:14.053,1.76557,1.76594,1.00,1.00
2018.02.28 21:55:14.552,1.76555,1.76594,1.25,1.00
2018.02.28 21:55:14.755,1.76559,1.76595,1.00,1.00
2018.02.28 21:55:14.908,1.76568,1.76606,1.00,1.00
2018.02.28 21:55:14.959,1.76566,1.76602,1.00,1.00
2018.02.28 21:55:16.699,1.76566,1.76605,1.00,1.25
2018.02.28 21:55:17.318,1.76566,1.76605,1.00,1.19
2018.02.28 21:55:18.057,1.76566,1.76605,1.00,1.25
2018.02.28 21:55:18.108,1.76569,1.76605,1.00,1.25
2018.02.28 21:55:18.345,1.76566,1.76605,1.00,1.25
2018.02.28 21:55:19.743,1.76568,1.76606,1.00,1.25
2018.02.28 21:55:23.949,1.76568,1.76606,1.00,1.19
2018.02.28 21:55:24.270,1.76569,1.76607,1.00,1.25
2018.02.28 21:55:24.949,1.7657,1.76608,1.00,1.19
2018.02.28 21:55:25.251,1.76561,1.76595,1.00,1.19
2018.02.28 21:55:25.374,1.76556,1.76592,1.00,1.00
2018.02.28 21:55:25.688,1.76558,1.76595,1.00,1.00
2018.02.28 21:55:25.740,1.76561,1.76597,1.00,1.00
2018.02.28 21:55:25.791,1.76561,1.76599,1.00,1.25
2018.02.28 21:55:25.843,1.76565,1.76603,1.00,1.00
2018.02.28 21:55:26.046,1.76562,1.76601,1.00,1.00
2018.02.28 21:55:26.276,1.76561,1.76599,1.00,1.00
2018.02.28 21:55:27.204,1.76562,1.76601,1.00,1.25
2018.02.28 21:55:28.241,1.76564,1.76602,1.00,1.00
2018.02.28 21:55:28.587,1.76568,1.76606,1.00,1.19
2018.02.28 21:55:28.690,1.76572,1.7661,1.00,1.00
2018.02.28 21:55:28.980,1.76576,1.76614,1.00,1.00
2018.02.28 21:55:29.031,1.76574,1.76613,1.00,1.00
2018.02.28 21:55:29.184,1.76573,1.76611,1.00,1.00
2018.02.28 21:55:29.388,1.76574,1.76613,1.00,1.00
2018.02.28 21:55:29.439,1.76573,1.76611,1.00,1.00
2018.02.28 21:55:30.146,1.76571,1.76608,1.00,1.00
2018.02.28 21:55:30.197,1.76569,1.76608,1.00,1.00
2018.02.28 21:55:30.991,1.76571,1.76609,1.00,1.00
2018.02.28 21:55:34.627,1.76569,1.76608,1.00,1.00
2018.02.28 21:55:34.748,1.76568,1.76604,1.00,1.00
2018.02.28 21:55:34.850,1.76563,1.76601,1.00,1.00
2018.02.28 21:55:35.257,1.7656,1.76599,1.19,1.00
2018.02.28 21:55:35.822,1.7656,1.76599,1.00,1.00
2018.02.28 21:55:38.789,1.76562,1.766,1.00,1.00
2018.02.28 21:55:39.649,1.76563,1.76601,1.00,1.00
2018.02.28 21:55:40.160,1.76564,1.76602,1.00,1.00
2018.02.28 21:55:40.641,1.76565,1.76604,1.00,1.00
2018.02.28 21:55:40.693,1.76567,1.76605,1.00,1.00
2018.02.28 21:55:40.909,1.76565,1.76604,1.00,1.00
2018.02.28 21:55:41.719,1.76567,1.76605,1.00,1.00
2018.02.28 21:55:41.873,1.76574,1.76613,1.00,1.00
2018.02.28 21:55:44.383,1.76573,1.76611,1.00,1.00
2018.02.28 21:55:44.688,1.76575,1.76612,1.25,1.00
2018.02.28 21:55:44.993,1.76576,1.76614,1.00,1.25
2018.02.28 21:55:45.611,1.76577,1.76615,1.00,1.25
2018.02.28 21:55:45.714,1.7658,1.76618,1.00,1.00
2018.02.28 21:55:46.256,1.76581,1.76619,1.00,1.25
2018.02.28 21:55:46.820,1.76581,1.76619,1.00,1.19
2018.02.28 21:55:47.428,1.76581,1.76619,1.00,1.25
2018.02.28 21:55:48.647,1.7658,1.76618,1.00,1.00
2018.02.28 21:55:49.081,1.76579,1.76616,1.00,1.00
2018.02.28 21:55:52.504,1.7658,1.76618,1.00,1.00
2018.02.28 21:55:55.449,1.76582,1.76618,1.00,1.00
2018.02.28 21:55:55.895,1.76577,1.76613,1.00,1.00
2018.02.28 21:55:57.301,1.76575,1.76611,1.25,1.00
2018.02.28 21:55:58.794,1.76576,1.76614,1.00,1.00
2018.02.28 21:55:59.387,1.76581,1.76619,1.00,1.00
2018.02.28 21:56:03.189,1.76585,1.76623,1.00,1.19
2018.02.28 21:56:03.494,1.76582,1.76618,1.00,1.25
2018.02.28 21:56:09.810,1.7658,1.76618,1.00,1.00
2018.02.28 21:56:10.780,1.76581,1.76619,1.00,1.00
2018.02.28 21:56:10.831,1.76585,1.76621,1.00,1.00
2018.02.28 21:56:11.111,1.76582,1.76621,1.00,1.00
2018.02.28 21:56:13.015,1.76585,1.76623,1.00,1.00
2018.02.28 21:56:13.324,1.76588,1.76626,1.00,1.25
2018.02.28 21:56:13.984,1.76587,1.76625,1.00,1.00
2018.02.28 21:56:14.316,1.76585,1.76621,1.00,1.00
2018.02.28 21:56:21.300,1.76582,1.76621,1.00,1.00
2018.02.28 21:56:21.940,1.76582,1.76618,1.00,1.00
2018.02.28 21:56:21.991,1.76584,1.76622,1.00,1.00
2018.02.28 21:56:22.042,1.76583,1.7662,1.19,1.00
2018.02.28 21:56:22.093,1.76586,1.76623,1.25,1.00
2018.02.28 21:56:22.144,1.76588,1.76626,1.00,1.00
2018.02.28 21:56:22.816,1.7659,1.76627,1.00,1.00
2018.02.28 21:56:23.092,1.76591,1.76629,1.00,1.00
2018.02.28 21:56:23.450,1.7659,1.76627,1.00,1.00
2018.02.28 21:56:24.196,1.76588,1.76626,1.25,1.00
2018.02.28 21:56:25.681,1.76588,1.76626,1.19,1.00
2018.02.28 21:56:26.232,1.76588,1.76626,1.25,1.00
2018.02.28 21:56:27.807,1.76588,1.76626,1.19,1.00
2018.02.28 21:56:28.486,1.76589,1.76628,1.19,1.00
2018.02.28 21:56:28.537,1.76589,1.76628,1.19,1.00
2018.02.28 21:56:28.588,1.76589,1.76628,1.19,1.00
2018.02.28 21:56:29.439,1.76589,1.76628,1.19,1.00
2018.02.28 21:56:30.195,1.76592,1.76628,1.00,1.00
2018.02.28 21:56:32.078,1.76594,1.76631,1.19,1.00
2018.02.28 21:56:32.384,1.76587,1.76623,1.25,1.00
2018.02.28 21:56:32.717,1.76588,1.76627,1.00,1.00
2018.02.28 21:56:33.546,1.76588,1.76626,1.00,1.50
2018.02.28 21:56:34.538,1.76588,1.76627,1.25,1.50
2018.02.28 21:56:34.640,1.7659,1.76628,1.00,1.50
2018.02.28 21:56:35.168,1.76591,1.76629,1.00,1.00
2018.02.28 21:56:35.797,1.76591,1.76628,1.00,1.00
2018.02.28 21:56:36.113,1.76591,1.76624,1.00,1.00
2018.02.28 21:56:36.215,1.76585,1.76623,1.19,1.00
2018.02.28 21:56:36.519,1.76584,1.76622,1.25,1.00
2018.02.28 21:56:38.038,1.76584,1.7662,1.25,1.00
2018.02.28 21:56:38.191,1.76579,1.76617,1.00,1.00
2018.02.28 21:56:38.603,1.76581,1.76617,1.25,1.00
2018.02.28 21:56:38.655,1.76582,1.76619,1.00,1.00
2018.02.28 21:56:38.959,1.76584,1.7662,1.00,1.00
2018.02.28 21:56:39.557,1.76583,1.76621,1.00,1.25
2018.02.28 21:56:40.684,1.76583,1.76621,1.00,1.69
2018.02.28 21:56:40.736,1.7658,1.76618,1.00,1.00
2018.02.28 21:56:41.383,1.7658,1.76616,1.00,1.00
2018.02.28 21:56:46.970,1.7658,1.76615,1.00,1.00
2018.02.28 21:56:48.196,1.7658,1.76616,1.00,1.00
2018.02.28 21:56:53.031,1.76576,1.76614,1.00,1.25
2018.02.28 21:56:53.082,1.76576,1.76602,1.00,1.00
2018.02.28 21:56:53.134,1.76567,1.76601,1.12,1.00
2018.02.28 21:56:53.459,1.76564,1.76602,1.00,1.00
2018.02.28 21:56:54.096,1.76564,1.76603,1.00,1.69
2018.02.28 21:56:54.756,1.76563,1.76602,1.00,1.00
2018.02.28 21:56:55.624,1.76564,1.76603,1.00,1.69
2018.02.28 21:56:56.242,1.76564,1.76601,1.00,1.00
2018.02.28 21:56:58.488,1.76565,1.76602,1.25,1.00
2018.02.28 21:56:58.827,1.76567,1.76602,1.00,1.00
2018.02.28 21:56:58.991,1.76567,1.76605,1.00,1.50
2018.02.28 21:57:00.252,1.76567,1.76604,1.00,1.00
2018.02.28 21:57:00.606,1.76565,1.76603,1.00,1.69
2018.02.28 21:57:00.909,1.76564,1.76597,1.00,1.00
2018.02.28 21:57:01.227,1.76571,1.76606,1.00,1.00
2018.02.28 21:57:01.621,1.76572,1.76609,1.00,1.19
2018.02.28 21:57:02.041,1.76573,1.76611,1.00,1.19
2018.02.28 21:57:02.375,1.76573,1.76604,1.00,1.00
2018.02.28 21:57:02.476,1.76568,1.76603,1.00,1.25
2018.02.28 21:57:02.982,1.76567,1.76603,1.00,1.25
2018.02.28 21:57:04.610,1.76567,1.76604,1.00,1.25
2018.02.28 21:57:05.330,1.76568,1.76605,1.00,1.19
2018.02.28 21:57:05.561,1.76569,1.76608,1.00,1.19
2018.02.28 21:57:06.065,1.76568,1.76606,1.00,1.00
2018.02.28 21:57:06.117,1.76569,1.76608,1.00,1.00
2018.02.28 21:57:06.321,1.76571,1.76609,1.00,1.00
2018.02.28 21:57:06.842,1.76572,1.7661,1.00,1.00
2018.02.28 21:57:08.909,1.76576,1.76612,1.00,1.00
2018.02.28 21:57:09.216,1.76573,1.76612,1.00,1.00
2018.02.28 21:57:13.658,1.76574,1.76613,1.00,1.19
2018.02.28 21:57:14.256,1.76573,1.76612,1.00,1.25
2018.02.28 21:57:14.584,1.76573,1.76612,1.00,1.19
2018.02.28 21:57:15.213,1.76572,1.7661,1.00,1.25
2018.02.28 21:57:16.422,1.76573,1.76612,1.00,1.19
2018.02.28 21:57:17.209,1.76573,1.76612,1.00,1.00
2018.02.28 21:57:17.885,1.76574,1.76613,1.00,1.25
2018.02.28 21:57:18.419,1.76573,1.76612,1.00,1.00
2018.02.28 21:57:18.820,1.76576,1.76612,1.00,1.25
2018.02.28 21:57:19.409,1.76574,1.76611,1.00,1.00
2018.02.28 21:57:19.497,1.76575,1.76613,1.00,1.25
2018.02.28 21:57:20.021,1.76577,1.76614,1.00,1.00
2018.02.28 21:57:21.143,1.76578,1.76616,1.00,1.19
2018.02.28 21:57:21.718,1.76578,1.76616,1.00,1.00
2018.02.28 21:57:28.358,1.76576,1.76606,1.00,1.00
2018.02.28 21:57:28.460,1.7657,1.76606,1.00,1.19
2018.02.28 21:57:28.631,1.7657,1.76605,1.19,1.00
2018.02.28 21:57:28.682,1.76572,1.76611,1.25,1.25
2018.02.28 21:57:29.411,1.76572,1.76611,1.19,1.19
2018.02.28 21:57:29.998,1.76572,1.76611,1.25,1.25
2018.02.28 21:57:30.151,1.76574,1.76612,1.00,1.25
2018.02.28 21:57:30.761,1.76576,1.76612,1.00,1.25
2018.02.28 21:57:31.012,1.76574,1.76612,1.00,1.25
2018.02.28 21:57:31.064,1.76576,1.76615,1.00,1.19
2018.02.28 21:57:31.389,1.76571,1.7661,1.00,1.19
2018.02.28 21:57:32.015,1.7657,1.76608,1.00,1.19
2018.02.28 21:57:32.430,1.7657,1.76608,1.00,1.00
2018.02.28 21:57:33.070,1.76571,1.7661,1.00,1.19
2018.02.28 21:57:34.576,1.76572,1.76611,1.00,1.19
2018.02.28 21:57:34.627,1.76575,1.76611,1.00,1.19
2018.02.28 21:57:35.706,1.76575,1.76613,1.00,1.19
2018.02.28 21:57:36.232,1.76575,1.76613,1.00,1.19
2018.02.28 21:57:36.807,1.76574,1.76612,1.00,1.19
2018.02.28 21:57:37.350,1.76575,1.76613,1.00,1.19
2018.02.28 21:57:37.766,1.76575,1.76613,1.00,1.19
2018.02.28 21:57:38.351,1.76576,1.76615,1.00,1.19
2018.02.28 21:57:38.902,1.76575,1.76613,1.00,1.19
2018.02.28 21:57:39.938,1.76575,1.76613,1.00,1.19
2018.02.28 21:57:40.663,1.76574,1.76612,1.00,1.25
2018.02.28 21:57:42.504,1.76574,1.7661,1.00,1.00
2018.02.28 21:57:42.607,1.76571,1.7661,1.00,1.00
2018.02.28 21:57:42.709,1.7657,1.76608,1.25,1.00
2018.02.28 21:57:44.588,1.76571,1.7661,1.00,1.00
2018.02.28 21:57:44.690,1.76574,1.7661,1.00,1.00
2018.02.28 21:57:46.496,1.76571,1.7661,1.00,1.00
2018.02.28 21:57:46.600,1.7657,1.76608,1.25,1.00
2018.02.28 21:57:46.752,1.76571,1.7661,1.00,1.00
2018.02.28 21:57:48.464,1.76572,1.76611,1.25,1.19
2018.02.28 21:57:48.566,1.76574,1.76612,1.00,1.19
2018.02.28 21:57:49.248,1.76574,1.76612,1.00,1.19
2018.02.28 21:57:49.909,1.76574,1.76612,1.00,1.19
2018.02.28 21:57:51.113,1.76574,1.76612,1.00,1.19
2018.02.28 21:57:51.317,1.76566,1.76603,1.00,1.25
2018.02.28 21:57:51.979,1.76563,1.76601,1.25,1.19
2018.02.28 21:57:52.133,1.76565,1.76604,1.25,1.00
2018.02.28 21:57:52.362,1.76567,1.76605,1.00,1.00
2018.02.28 21:57:52.869,1.76563,1.76601,1.00,1.19
2018.02.28 21:57:52.920,1.76565,1.76601,1.00,1.19
2018.02.28 21:57:53.022,1.76565,1.76601,1.00,1.19
2018.02.28 21:57:53.239,1.76563,1.76601,1.00,1.19
2018.02.28 21:57:53.995,1.76563,1.76601,1.00,1.19
2018.02.28 21:57:55.035,1.76562,1.76599,1.00,1.19
2018.02.28 21:57:55.693,1.76562,1.76599,1.00,1.19
2018.02.28 21:57:56.819,1.76562,1.76599,1.00,1.19
2018.02.28 21:57:57.411,1.76562,1.76599,1.00,1.19
2018.02.28 21:57:58.008,1.76562,1.76599,1.00,1.19
2018.02.28 21:57:58.363,1.76566,1.76602,1.00,1.19
2018.02.28 21:57:58.465,1.76563,1.76601,1.00,1.19
2018.02.28 21:57:58.667,1.76561,1.766,1.25,1.25
2018.02.28 21:57:59.271,1.76561,1.766,1.25,1.19
2018.02.28 21:57:59.940,1.76561,1.766,1.00,1.19
2018.02.28 21:58:00.043,1.76559,1.76597,1.00,1.19
2018.02.28 21:58:00.094,1.76559,1.76597,1.00,1.19
2018.02.28 21:58:00.355,1.76561,1.766,1.00,1.19
2018.02.28 21:58:00.516,1.76561,1.766,1.00,1.19
2018.02.28 21:58:01.078,1.76562,1.76601,1.00,1.19
2018.02.28 21:58:01.617,1.76563,1.766,1.00,1.19
2018.02.28 21:58:01.669,1.76561,1.76597,1.00,1.19
2018.02.28 21:58:01.720,1.76557,1.76595,1.00,1.19
2018.02.28 21:58:02.043,1.76556,1.76594,1.00,1.19
2018.02.28 21:58:02.559,1.76556,1.76594,1.00,1.19
2018.02.28 21:58:03.307,1.76556,1.76594,1.00,1.19
2018.02.28 21:58:03.882,1.76557,1.76595,1.00,1.19
2018.02.28 21:58:03.933,1.76554,1.76593,1.00,1.19
2018.02.28 21:58:04.136,1.76552,1.7659,1.00,1.25
2018.02.28 21:58:04.188,1.76554,1.7659,1.00,1.00
2018.02.28 21:58:04.239,1.76554,1.76593,1.00,1.19
2018.02.28 21:58:04.355,1.76554,1.7659,1.00,1.00
2018.02.28 21:58:04.457,1.76552,1.7659,1.00,1.25
2018.02.28 21:58:04.508,1.76555,1.76592,1.00,1.25
2018.02.28 21:58:04.611,1.76553,1.76591,1.00,1.25
2018.02.28 21:58:05.118,1.76552,1.7659,1.00,1.00
2018.02.28 21:58:05.375,1.76554,1.76593,1.00,1.00
2018.02.28 21:58:05.426,1.76553,1.76589,1.00,1.00
2018.02.28 21:58:05.528,1.76553,1.76591,1.00,1.25
2018.02.28 21:58:05.734,1.76557,1.76593,1.00,1.00
2018.02.28 21:58:05.985,1.76554,1.76593,1.00,1.00
2018.02.28 21:58:06.037,1.76553,1.76591,1.00,1.00
2018.02.28 21:58:06.545,1.76552,1.7659,1.25,1.00
2018.02.28 21:58:06.848,1.76554,1.7659,1.00,1.00
2018.02.28 21:58:07.488,1.76555,1.76592,1.00,1.25
2018.02.28 21:58:07.998,1.76557,1.76595,1.00,1.19
2018.02.28 21:58:08.100,1.76555,1.76594,1.25,1.19
2018.02.28 21:58:08.633,1.76554,1.76592,1.19,1.00
2018.02.28 21:58:08.735,1.76551,1.7659,1.19,1.00
2018.02.28 21:58:08.837,1.76555,1.76594,1.00,1.19
2018.02.28 21:58:08.989,1.76553,1.76591,1.25,1.00
2018.02.28 21:58:09.090,1.76555,1.76594,1.00,1.00
2018.02.28 21:58:09.141,1.76555,1.76591,1.25,1.00
2018.02.28 21:58:09.242,1.76557,1.76595,1.00,1.25
2018.02.28 21:58:09.292,1.76555,1.76591,1.00,1.00
2018.02.28 21:58:09.496,1.76556,1.76593,1.00,1.25
2018.02.28 21:58:09.597,1.76553,1.76591,1.00,1.00
2018.02.28 21:58:09.648,1.76555,1.76594,1.00,1.19
2018.02.28 21:58:10.170,1.76555,1.76594,1.00,1.00
2018.02.28 21:58:10.529,1.76554,1.76592,1.25,1.25
2018.02.28 21:58:10.885,1.76555,1.76594,1.25,1.25
2018.02.28 21:58:11.242,1.76558,1.76594,1.00,1.00
2018.02.28 21:58:11.355,1.76556,1.76593,1.00,1.00
2018.02.28 21:58:11.456,1.76554,1.76592,1.00,1.00
2018.02.28 21:58:11.557,1.76555,1.76594,1.00,1.00
2018.02.28 21:58:11.608,1.76555,1.76591,1.00,1.00
2018.02.28 21:58:11.709,1.76555,1.76594,1.00,1.19
2018.02.28 21:58:12.013,1.76558,1.76594,1.00,1.00
2018.02.28 21:58:12.400,1.76556,1.76593,1.00,1.00
2018.02.28 21:58:13.455,1.76554,1.76592,1.00,1.00
2018.02.28 21:58:14.176,1.76553,1.76591,1.00,1.00
2018.02.28 21:58:14.561,1.76553,1.76589,1.00,1.00
2018.02.28 21:58:14.789,1.76551,1.76588,1.00,1.00
2018.02.28 21:58:15.356,1.76552,1.7659,1.00,1.00
2018.02.28 21:58:17.914,1.76554,1.76593,1.00,1.00
2018.02.28 21:58:17.965,1.76556,1.76594,1.00,1.00
2018.02.28 21:58:18.313,1.7656,1.76598,1.00,1.25
2018.02.28 21:58:20.015,1.76562,1.76599,1.00,1.00
2018.02.28 21:58:20.066,1.76563,1.76601,1.00,1.12
2018.02.28 21:58:20.581,1.76564,1.76602,1.00,1.00
2018.02.28 21:58:20.790,1.76564,1.766,1.00,1.00
2018.02.28 21:58:21.956,1.76564,1.76602,1.00,1.00
2018.02.28 21:58:22.109,1.76564,1.766,1.00,1.00
2018.02.28 21:58:22.211,1.76562,1.76599,1.25,1.00
2018.02.28 21:58:22.313,1.76565,1.76601,1.00,1.00
2018.02.28 21:58:22.415,1.76563,1.76601,1.00,1.00
2018.02.28 21:58:22.937,1.76564,1.76602,1.00,1.00
2018.02.28 21:58:23.039,1.76564,1.766,1.00,1.00
2018.02.28 21:58:23.648,1.76564,1.76602,1.00,1.00
2018.02.28 21:58:23.699,1.76564,1.766,1.00,1.00
2018.02.28 21:58:24.004,1.76561,1.76597,1.00,1.00
2018.02.28 21:58:24.208,1.76561,1.766,1.00,1.00
2018.02.28 21:58:24.311,1.76561,1.76597,1.00,1.00
2018.02.28 21:58:24.362,1.76561,1.766,1.25,1.00
2018.02.28 21:58:24.414,1.76564,1.76602,1.00,1.00
2018.02.28 21:58:24.516,1.76561,1.766,1.25,1.00
2018.02.28 21:58:24.567,1.76564,1.766,1.00,1.00
2018.02.28 21:58:24.719,1.76564,1.76602,1.00,1.00
2018.02.28 21:58:24.872,1.76565,1.76604,1.00,1.00
2018.02.28 21:58:25.854,1.76567,1.76605,1.00,1.00
2018.02.28 21:58:29.061,1.76568,1.76606,1.00,1.00
2018.02.28 21:58:31.962,1.76567,1.76605,1.00,1.00
2018.02.28 21:58:32.215,1.76561,1.766,1.00,1.00
2018.02.28 21:58:32.316,1.7656,1.76598,1.00,1.00
2018.02.28 21:58:32.518,1.76561,1.766,1.00,1.00
2018.02.28 21:58:33.880,1.76563,1.76601,1.00,1.19
2018.02.28 21:58:34.033,1.76561,1.76599,1.00,1.00
2018.02.28 21:58:34.982,1.76561,1.76597,1.00,1.00
2018.02.28 21:58:35.282,1.76558,1.76597,1.00,1.00
2018.02.28 21:58:36.387,1.76557,1.76595,1.00,1.00
2018.02.28 21:58:37.920,1.76558,1.76597,1.25,1.00
2018.02.28 21:58:37.971,1.76561,1.766,1.00,1.00
2018.02.28 21:58:38.385,1.76563,1.76601,1.00,1.00
2018.02.28 21:58:39.542,1.76564,1.76602,1.00,1.00
2018.02.28 21:58:40.050,1.76565,1.76603,1.00,1.00
2018.02.28 21:58:40.593,1.76567,1.76604,1.00,1.00
2018.02.28 21:58:40.809,1.76568,1.76606,1.00,1.25
2018.02.28 21:58:41.072,1.76566,1.76605,1.00,1.25
2018.02.28 21:58:41.310,1.76568,1.76606,1.00,1.19
2018.02.28 21:58:41.817,1.76568,1.76606,1.00,1.00
2018.02.28 21:58:41.868,1.76566,1.76605,1.00,1.00
2018.02.28 21:58:42.814,1.76566,1.76605,1.00,1.19
2018.02.28 21:58:42.865,1.76566,1.76602,1.00,1.00
2018.02.28 21:58:43.095,1.76567,1.76604,1.00,1.00
2018.02.28 21:58:43.292,1.76565,1.76603,1.00,1.00
2018.02.28 21:58:43.944,1.76564,1.76602,1.00,1.00
2018.02.28 21:58:44.215,1.76566,1.76605,1.00,1.00
2018.02.28 21:58:44.705,1.76566,1.76602,1.00,1.00
2018.02.28 21:58:45.213,1.76565,1.76601,1.00,1.00
2018.02.28 21:58:48.284,1.76561,1.76599,1.19,1.00
2018.02.28 21:58:48.715,1.7656,1.76598,1.25,1.00
2018.02.28 21:58:49.384,1.76561,1.76599,1.00,1.00
2018.02.28 21:58:50.478,1.76565,1.76601,1.00,1.00
2018.02.28 21:58:50.982,1.76566,1.76602,1.00,1.00
2018.02.28 21:58:53.386,1.76562,1.76601,1.00,1.00
2018.02.28 21:58:53.718,1.76564,1.76602,1.00,1.00
2018.02.28 21:58:54.053,1.76562,1.766,1.00,1.00
2018.02.28 21:58:54.365,1.76564,1.76602,1.00,1.00
2018.02.28 21:58:54.879,1.76565,1.76603,1.00,1.00
2018.02.28 21:58:55.385,1.76564,1.76602,1.00,1.00
2018.02.28 21:58:55.935,1.76565,1.76603,1.00,1.00
2018.02.28 21:58:56.554,1.76564,1.76602,1.00,1.00
2018.02.28 21:58:56.960,1.76566,1.76605,1.00,1.00
2018.02.28 21:58:57.192,1.76565,1.76603,1.00,1.00
2018.02.28 21:58:58.365,1.76564,1.76602,1.00,1.00
2018.02.28 21:58:59.058,1.76562,1.76601,1.00,1.00
2018.02.28 21:59:01.197,1.76564,1.76602,1.00,1.00
2018.02.28 21:59:01.908,1.76562,1.76601,1.00,1.00
2018.02.28 21:59:02.009,1.76562,1.76598,1.00,1.00
2018.02.28 21:59:02.261,1.76563,1.766,1.00,1.00
2018.02.28 21:59:02.494,1.76561,1.76599,1.00,1.00
2018.02.28 21:59:04.978,1.7656,1.76598,0.75,0.75
2018.02.28 21:59:05.722,1.76561,1.76599,0.75,0.75
2018.02.28 21:59:06.810,1.7656,1.76598,0.75,0.75
2018.02.28 21:59:08.232,1.7656,1.76596,0.75,0.75
2018.02.28 21:59:08.971,1.76561,1.76597,0.75,0.75
2018.02.28 21:59:10.343,1.76559,1.76597,0.75,0.75
2018.02.28 21:59:13.104,1.76562,1.76599,0.75,0.75
2018.02.28 21:59:13.155,1.76567,1.76605,0.75,0.75
2018.02.28 21:59:13.206,1.76565,1.76604,0.75,0.75
2018.02.28 21:59:13.547,1.76567,1.76605,0.75,0.75
2018.02.28 21:59:13.598,1.76561,1.766,0.75,0.75
2018.02.28 21:59:14.541,1.76563,1.76601,0.75,0.75
2018.02.28 21:59:15.078,1.76564,1.766,0.75,0.75
2018.02.28 21:59:16.981,1.76564,1.76602,0.75,0.75
2018.02.28 21:59:17.484,1.76563,1.76601,0.75,0.75
2018.02.28 21:59:17.908,1.76561,1.766,0.75,0.75
2018.02.28 21:59:18.113,1.7656,1.76598,0.75,0.75
2018.02.28 21:59:19.569,1.76561,1.766,0.75,0.75
2018.02.28 21:59:20.158,1.76561,1.76597,0.75,0.75
2018.02.28 21:59:22.695,1.76559,1.76597,0.75,0.75
2018.02.28 21:59:23.220,1.7656,1.76598,0.75,0.75
2018.02.28 21:59:23.484,1.7656,1.76596,0.75,0.75
2018.02.28 21:59:26.239,1.76561,1.76597,0.75,0.75
2018.02.28 21:59:26.432,1.76559,1.76597,0.75,0.75
2018.02.28 21:59:27.534,1.7656,1.76598,0.75,0.75
2018.02.28 21:59:29.235,1.76564,1.76602,0.75,0.75
2018.02.28 21:59:29.548,1.76566,1.76602,0.75,0.75
2018.02.28 21:59:30.224,1.76564,1.76602,0.75,0.75
2018.02.28 21:59:32.318,1.76563,1.76601,0.75,0.75
2018.02.28 21:59:35.791,1.76564,1.76602,0.75,0.75
2018.02.28 21:59:35.842,1.76565,1.76604,0.75,0.75
2018.02.28 21:59:36.113,1.76574,1.76613,0.75,0.75
2018.02.28 21:59:36.417,1.76578,1.76617,0.75,0.75
2018.02.28 21:59:37.018,1.76578,1.76614,0.75,0.75
2018.02.28 21:59:38.012,1.76576,1.76614,0.75,0.75
2018.02.28 21:59:40.561,1.76574,1.76613,0.75,0.75
2018.02.28 21:59:40.729,1.76576,1.76614,0.75,0.75
2018.02.28 21:59:41.032,1.76574,1.76613,0.75,0.75
2018.02.28 21:59:41.323,1.76576,1.76614,0.75,0.75
2018.02.28 21:59:41.650,1.76574,1.76613,0.75,0.75
2018.02.28 21:59:41.902,1.76573,1.76611,0.75,0.75
2018.02.28 21:59:42.880,1.76574,1.76613,0.75,0.75
2018.02.28 21:59:43.333,1.76576,1.76614,0.75,0.75
2018.02.28 21:59:44.267,1.76577,1.76615,0.75,0.75
2018.02.28 21:59:44.786,1.76576,1.76614,0.75,0.75
2018.02.28 21:59:45.615,1.76578,1.76614,0.75,0.75
2018.02.28 21:59:45.666,1.76575,1.76612,0.75,0.75
2018.02.28 21:59:45.767,1.76573,1.76611,0.75,0.75
2018.02.28 21:59:46.294,1.76572,1.7661,0.75,0.75
2018.02.28 21:59:46.481,1.76574,1.7661,0.75,0.75
2018.02.28 21:59:46.987,1.76573,1.76609,0.75,0.75
2018.02.28 21:59:47.244,1.76573,1.76611,0.75,0.75
2018.02.28 21:59:47.681,1.76571,1.76608,0.75,0.75
2018.02.28 21:59:48.176,1.76568,1.76606,0.75,0.75
2018.02.28 21:59:48.631,1.76561,1.76605,0.75,0.75
2018.02.28 21:59:48.682,1.76557,1.76605,0.75,0.75
2018.02.28 21:59:48.876,1.76561,1.76607,0.75,0.75
2018.02.28 21:59:48.977,1.76563,1.7661,0.75,0.75
2018.02.28 21:59:49.079,1.76548,1.76613,0.75,0.75
2018.02.28 21:59:49.189,1.7655,1.76613,0.75,0.75
2018.02.28 21:59:49.533,1.7655,1.7661,0.75,0.75
2018.02.28 21:59:49.917,1.76548,1.7661,0.75,0.75
2018.02.28 21:59:51.383,1.76547,1.7661,0.75,0.75
2018.02.28 21:59:51.682,1.7655,1.76611,0.75,0.75
2018.02.28 21:59:51.840,1.76546,1.76611,0.75,0.75
2018.02.28 21:59:52.012,1.76543,1.76611,0.75,0.75
2018.02.28 21:59:52.459,1.76543,1.76615,0.75,0.75
2018.02.28 21:59:52.613,1.76536,1.76603,0.75,0.75
2018.02.28 21:59:52.664,1.76521,1.76598,0.75,0.75
2018.02.28 21:59:53.226,1.7652,1.76598,0.75,0.75
2018.02.28 21:59:54.259,1.76524,1.76598,0.75,0.75
2018.02.28 21:59:54.373,1.76526,1.76609,0.75,0.75
2018.02.28 21:59:54.652,1.76526,1.76607,0.75,0.75
2018.02.28 21:59:55.261,1.76526,1.76608,0.75,0.75
2018.02.28 21:59:55.591,1.76528,1.7661,0.75,1.50
2018.02.28 21:59:56.129,1.76529,1.7661,0.75,0.75
2018.02.28 21:59:56.230,1.76526,1.7661,0.75,0.75
2018.02.28 21:59:56.913,1.76526,1.76609,0.75,0.75
2018.02.28 21:59:57.954,1.76522,1.76608,0.75,0.75
2018.02.28 21:59:58.167,1.76525,1.76608,0.75,0.75
2018.02.28 21:59:59.108,1.76521,1.7661,0.75,0.75
2018.02.28 21:59:59.209,1.76519,1.76609,0.75,0.75
2018.02.28 21:59:59.465,1.76525,1.76609,0.75,0.75
