2013.05.07 06:00:00.410,1.56601,1.56633,1.13,1.88
2013.05.07 06:00:00.470,1.56602,1.56634,1.50,2.07
2013.05.07 06:00:00.530,1.56601,1.56634,1.88,2.07
2013.05.07 06:00:00.657,1.56601,1.56631,1.13,1.50
2013.05.07 06:00:00.958,1.56601,1.56637,1.13,2.07
2013.05.07 06:00:01.199,1.56597,1.56634,2.44,1.69
2013.05.07 06:00:01.258,1.56597,1.56631,2.44,1.50
2013.05.07 06:00:01.922,1.56597,1.5663,1.50,1.13
2013.05.07 06:00:02.541,1.56597,1.56633,1.50,1.32
2013.05.07 06:00:04.437,1.56597,1.56631,1.50,1.69
2013.05.07 06:00:07.419,1.56597,1.56626,1.13,1.13
2013.05.07 06:00:07.778,1.5659,1.56624,1.13,1.69
2013.05.07 06:00:13.728,1.5659,1.56625,1.13,1.69
2013.05.07 06:00:13.969,1.5659,1.56623,1.13,1.69
2013.05.07 06:00:15.208,1.5659,1.5662,1.35,1.69
2013.05.07 06:00:15.691,1.56585,1.56618,1.13,1.32
2013.05.07 06:00:17.459,1.56585,1.56618,1.32,2.07
2013.05.07 06:00:20.069,1.56582,1.56617,1.54,1.69
2013.05.07 06:00:20.608,1.56582,1.56614,1.32,1.13
2013.05.07 06:00:20.928,1.56582,1.56614,2.29,1.13
2013.05.07 06:00:24.828,1.56584,1.56616,1.69,1.13
2013.05.07 06:00:25.259,1.56588,1.56622,2.10,1.32
2013.05.07 06:00:25.417,1.56588,1.56622,1.13,1.32
2013.05.07 06:00:29.517,1.56588,1.56618,1.13,1.69
2013.05.07 06:00:31.719,1.56587,1.56617,1.50,1.13
2013.05.07 06:00:34.361,1.56587,1.56618,1.50,1.69
2013.05.07 06:00:36.659,1.56587,1.56618,1.50,1.69
2013.05.07 06:00:37.164,1.56587,1.56618,1.50,1.69
2013.05.07 06:00:39.990,1.56587,1.56618,1.50,1.69
2013.05.07 06:00:45.288,1.56587,1.56618,1.13,1.69
2013.05.07 06:00:49.869,1.56586,1.56617,1.88,1.13
2013.05.07 06:00:50.649,1.56584,1.56616,1.13,1.13
2013.05.07 06:00:51.808,1.56581,1.56613,1.50,1.13
2013.05.07 06:00:58.929,1.56579,1.56613,1.32,1.13
2013.05.07 06:01:04.880,1.56581,1.56613,1.13,1.13
2013.05.07 06:01:05.342,1.56582,1.56613,2.10,1.13
2013.05.07 06:01:05.949,1.56582,1.56613,2.10,1.88
2013.05.07 06:01:07.249,1.56582,1.56616,2.25,1.13
2013.05.07 06:01:08.158,1.56583,1.56616,1.50,1.88
2013.05.07 06:01:09.750,1.56583,1.56616,1.50,2.07
2013.05.07 06:01:11.918,1.56587,1.56618,1.73,2.07
2013.05.07 06:01:17.358,1.56589,1.56618,1.73,1.69
2013.05.07 06:01:19.439,1.56589,1.56618,1.35,1.69
2013.05.07 06:01:19.978,1.56587,1.56617,1.88,1.50
2013.05.07 06:01:20.641,1.56587,1.56617,1.50,1.50
2013.05.07 06:01:23.459,1.56587,1.56618,1.50,1.69
2013.05.07 06:01:25.318,1.56587,1.56615,1.50,1.13
2013.05.07 06:01:25.831,1.56586,1.56615,1.50,1.32
2013.05.07 06:01:32.258,1.56585,1.56615,1.88,1.13
2013.05.07 06:01:35.378,1.56585,1.56614,1.13,1.13
2013.05.07 06:01:49.840,1.56581,1.56614,1.50,1.88
2013.05.07 06:01:50.428,1.56582,1.56614,1.13,1.88
2013.05.07 06:01:54.768,1.5658,1.56614,1.32,1.50
2013.05.07 06:01:56.066,1.5658,1.56614,1.32,2.63
2013.05.07 06:01:56.469,1.5658,1.56614,1.88,1.50
2013.05.07 06:02:12.779,1.56578,1.56614,1.50,1.50
2013.05.07 06:02:14.479,1.56582,1.56614,1.13,1.50
2013.05.07 06:02:18.428,1.5658,1.56614,1.88,1.69
2013.05.07 06:02:18.558,1.56583,1.56617,1.88,1.13
2013.05.07 06:02:18.678,1.56587,1.56618,1.13,2.63
2013.05.07 06:02:19.015,1.56587,1.5662,1.13,1.69
2013.05.07 06:02:19.719,1.56585,1.56619,1.13,1.32
2013.05.07 06:02:19.898,1.56585,1.56614,1.35,1.69
2013.05.07 06:02:22.738,1.56581,1.56614,3.57,1.50
2013.05.07 06:02:23.729,1.56583,1.56614,1.13,1.69
2013.05.07 06:02:23.850,1.56585,1.56614,1.13,1.69
2013.05.07 06:02:24.269,1.56585,1.56618,1.13,1.28
2013.05.07 06:02:24.450,1.56583,1.56618,1.13,1.65
2013.05.07 06:02:25.209,1.56583,1.56618,1.13,1.65
2013.05.07 06:02:25.478,1.56584,1.56618,1.13,1.28
2013.05.07 06:02:26.632,1.56586,1.56619,1.13,1.28
2013.05.07 06:02:26.760,1.56588,1.5662,1.50,1.13
2013.05.07 06:02:27.280,1.56588,1.56623,1.50,1.88
2013.05.07 06:02:27.729,1.56588,1.56623,1.50,1.50
2013.05.07 06:02:27.999,1.56588,1.56623,1.50,1.50
2013.05.07 06:02:28.379,1.56588,1.5662,1.13,1.50
2013.05.07 06:02:46.493,1.56589,1.5662,1.13,1.50
2013.05.07 06:02:46.620,1.56589,1.5662,1.13,1.50
2013.05.07 06:02:46.920,1.56586,1.56621,1.13,1.69
2013.05.07 06:02:47.309,1.56586,1.56619,1.13,1.92
2013.05.07 06:02:47.430,1.56586,1.56619,1.13,1.92
2013.05.07 06:02:48.281,1.56586,1.56617,1.13,1.50
2013.05.07 06:02:48.339,1.56585,1.56617,1.13,1.69
2013.05.07 06:02:48.768,1.56582,1.56617,1.88,1.69
2013.05.07 06:02:48.911,1.56583,1.56619,1.13,3.04
2013.05.07 06:02:49.181,1.56582,1.56617,1.88,1.69
2013.05.07 06:02:52.100,1.56583,1.56619,1.13,3.04
2013.05.07 06:02:56.248,1.56586,1.56617,1.13,1.50
2013.05.07 06:03:00.419,1.56585,1.56618,1.88,1.13
2013.05.07 06:03:02.001,1.56585,1.56618,1.88,1.13
2013.05.07 06:03:02.359,1.56585,1.56618,1.88,1.13
2013.05.07 06:03:02.435,1.56585,1.56618,1.13,1.88
2013.05.07 06:03:02.898,1.56585,1.56618,1.88,1.13
2013.05.07 06:03:03.101,1.56585,1.56618,1.13,1.88
2013.05.07 06:03:07.468,1.56584,1.56617,1.13,1.13
2013.05.07 06:03:07.832,1.56587,1.56618,1.13,1.88
2013.05.07 06:03:07.951,1.56584,1.56617,1.13,1.13
2013.05.07 06:03:09.921,1.56584,1.56612,1.13,1.50
2013.05.07 06:03:10.390,1.56584,1.56614,1.13,1.88
2013.05.07 06:03:11.278,1.56584,1.56614,1.13,1.13
2013.05.07 06:03:12.029,1.56585,1.56615,1.13,1.50
2013.05.07 06:03:15.048,1.56583,1.56615,1.13,1.50
2013.05.07 06:03:16.180,1.56583,1.56619,1.13,2.44
2013.05.07 06:03:16.920,1.56583,1.56618,1.13,1.13
2013.05.07 06:03:17.545,1.56584,1.56618,1.13,1.13
2013.05.07 06:03:19.855,1.56584,1.56618,1.13,1.13
2013.05.07 06:03:22.928,1.56582,1.56617,1.13,1.13
2013.05.07 06:03:23.803,1.56582,1.56616,1.13,1.13
2013.05.07 06:03:24.348,1.56583,1.56616,1.13,2.07
2013.05.07 06:03:24.919,1.56583,1.56616,1.13,2.07
2013.05.07 06:03:26.449,1.56583,1.56616,1.13,2.07
2013.05.07 06:03:38.879,1.56583,1.56616,1.13,1.32
2013.05.07 06:03:39.558,1.56583,1.56616,1.13,1.32
2013.05.07 06:03:39.679,1.56584,1.56615,1.73,1.50
2013.05.07 06:03:40.000,1.56587,1.56617,1.50,1.32
2013.05.07 06:03:40.308,1.56589,1.56617,1.50,1.32
2013.05.07 06:03:40.609,1.56585,1.56617,1.50,1.32
2013.05.07 06:03:41.480,1.56585,1.56617,1.50,1.32
2013.05.07 06:03:41.719,1.56585,1.56617,1.50,1.32
2013.05.07 06:03:42.443,1.56585,1.56617,1.50,1.32
2013.05.07 06:03:44.239,1.56585,1.56619,1.13,1.69
2013.05.07 06:03:45.223,1.56585,1.56619,1.13,2.67
2013.05.07 06:03:53.088,1.56585,1.56619,1.13,2.67
2013.05.07 06:03:56.100,1.56586,1.56619,1.13,2.67
2013.05.07 06:03:56.673,1.56584,1.56618,1.88,3.04
2013.05.07 06:04:01.689,1.56587,1.56618,1.50,2.67
2013.05.07 06:04:04.088,1.56587,1.56618,1.50,2.67
2013.05.07 06:04:04.690,1.56587,1.56618,1.50,2.67
2013.05.07 06:04:07.282,1.56587,1.56618,1.50,2.67
2013.05.07 06:04:07.689,1.56585,1.56617,1.13,1.69
2013.05.07 06:04:07.749,1.56582,1.56617,1.88,1.69
2013.05.07 06:04:07.810,1.56581,1.56614,1.13,1.92
2013.05.07 06:04:08.049,1.56577,1.56608,1.32,1.17
2013.05.07 06:04:08.230,1.56576,1.56608,1.69,1.17
2013.05.07 06:04:08.409,1.56575,1.56608,1.32,1.92
2013.05.07 06:04:08.470,1.56572,1.56608,1.13,1.92
2013.05.07 06:04:08.589,1.56572,1.56608,1.88,1.92
2013.05.07 06:04:09.232,1.56575,1.56608,1.13,1.17
2013.05.07 06:04:09.749,1.56572,1.56608,1.88,1.92
2013.05.07 06:04:11.349,1.56572,1.56604,1.13,1.69
2013.05.07 06:04:11.917,1.56572,1.56604,1.13,1.69
2013.05.07 06:04:11.979,1.56572,1.56603,1.13,1.50
2013.05.07 06:04:18.519,1.56572,1.56603,1.50,1.13
2013.05.07 06:04:19.428,1.56571,1.56603,1.50,1.50
2013.05.07 06:04:19.729,1.56569,1.566,1.35,1.50
2013.05.07 06:04:22.861,1.56569,1.566,1.35,1.50
2013.05.07 06:04:22.979,1.56569,1.566,1.35,1.50
2013.05.07 06:04:23.639,1.56569,1.566,1.35,1.50
2013.05.07 06:04:23.853,1.56569,1.566,1.35,1.50
2013.05.07 06:04:24.355,1.56571,1.56603,1.13,1.50
2013.05.07 06:04:24.901,1.56569,1.566,1.35,1.50
2013.05.07 06:04:25.259,1.5657,1.56602,1.13,1.13
2013.05.07 06:04:25.679,1.56572,1.56603,1.13,1.13
2013.05.07 06:04:26.890,1.56572,1.56603,1.13,1.13
2013.05.07 06:04:26.950,1.56572,1.56601,1.13,1.13
2013.05.07 06:04:27.956,1.56572,1.56603,1.88,1.88
2013.05.07 06:04:28.833,1.56572,1.56603,1.13,1.69
2013.05.07 06:04:29.902,1.56572,1.56606,1.88,1.32
2013.05.07 06:04:30.408,1.56572,1.56606,1.88,1.32
2013.05.07 06:04:32.719,1.56575,1.56608,1.13,1.69
2013.05.07 06:04:34.152,1.56575,1.56608,1.13,1.69
2013.05.07 06:04:36.298,1.56575,1.56608,1.13,1.69
2013.05.07 06:04:36.478,1.56575,1.56608,1.13,1.69
2013.05.07 06:04:39.169,1.56571,1.56608,2.85,2.44
2013.05.07 06:04:39.529,1.56571,1.56606,2.85,1.50
2013.05.07 06:04:39.829,1.56574,1.56607,2.10,1.69
2013.05.07 06:04:40.189,1.56572,1.56606,1.13,1.69
2013.05.07 06:04:40.429,1.56572,1.56606,2.10,1.69
2013.05.07 06:04:40.959,1.56574,1.56606,1.73,1.69
2013.05.07 06:04:43.089,1.56575,1.56606,1.13,1.69
2013.05.07 06:04:46.023,1.56574,1.56606,1.13,1.69
2013.05.07 06:04:46.490,1.56566,1.566,2.82,1.50
2013.05.07 06:04:46.549,1.56567,1.56601,1.32,1.69
2013.05.07 06:04:46.859,1.56566,1.56599,1.88,1.32
2013.05.07 06:04:46.920,1.56565,1.56599,1.13,1.69
2013.05.07 06:04:47.449,1.56566,1.566,2.48,1.69
2013.05.07 06:04:47.569,1.56569,1.566,1.50,1.69
2013.05.07 06:04:47.749,1.56572,1.56604,2.48,1.32
2013.05.07 06:05:00.130,1.56574,1.56607,1.13,1.69
2013.05.07 06:05:01.188,1.56572,1.56606,1.88,2.44
2013.05.07 06:05:01.378,1.56571,1.56606,1.13,2.44
2013.05.07 06:05:03.379,1.56569,1.56604,1.73,1.32
2013.05.07 06:05:03.739,1.56565,1.56601,1.13,1.69
2013.05.07 06:05:04.159,1.56563,1.56597,1.13,1.32
2013.05.07 06:05:04.279,1.56562,1.56597,1.13,1.32
2013.05.07 06:05:04.749,1.56562,1.56597,1.13,1.32
2013.05.07 06:05:05.058,1.56563,1.56597,1.35,1.32
2013.05.07 06:05:05.419,1.56566,1.56598,1.13,1.32
2013.05.07 06:05:05.479,1.56566,1.56602,1.20,1.50
2013.05.07 06:05:05.600,1.56565,1.56601,1.80,1.32
2013.05.07 06:05:06.078,1.56566,1.56598,1.95,1.13
2013.05.07 06:05:06.739,1.56569,1.56604,1.58,1.32
2013.05.07 06:05:07.608,1.56571,1.56604,1.13,1.50
2013.05.07 06:05:08.280,1.56568,1.56604,1.95,1.50
2013.05.07 06:05:08.399,1.56568,1.56604,1.95,1.32
2013.05.07 06:05:09.728,1.56568,1.56602,1.13,2.07
2013.05.07 06:05:10.029,1.56568,1.56602,1.20,2.82
2013.05.07 06:05:10.548,1.56571,1.56604,2.25,1.13
2013.05.07 06:05:11.029,1.56572,1.56604,1.50,1.13
2013.05.07 06:05:11.539,1.56572,1.56604,1.50,1.13
2013.05.07 06:05:12.049,1.56572,1.56604,1.88,1.13
2013.05.07 06:05:13.393,1.56567,1.56604,1.13,1.32
2013.05.07 06:05:13.729,1.56567,1.56599,1.13,2.25
2013.05.07 06:05:14.170,1.56566,1.56599,1.13,2.25
2013.05.07 06:05:14.230,1.56566,1.56599,1.13,1.69
2013.05.07 06:05:14.589,1.56567,1.56599,1.13,1.69
2013.05.07 06:05:14.779,1.56568,1.56603,1.13,2.07
2013.05.07 06:05:21.102,1.56567,1.56602,1.13,1.50
2013.05.07 06:05:21.170,1.56565,1.56596,1.13,1.50
2013.05.07 06:05:21.360,1.56565,1.566,1.13,2.44
2013.05.07 06:05:22.380,1.56565,1.566,1.13,2.44
2013.05.07 06:05:22.940,1.56565,1.566,1.13,3.42
2013.05.07 06:05:23.819,1.56564,1.566,1.13,3.42
2013.05.07 06:05:24.210,1.56564,1.566,1.13,3.42
2013.05.07 06:05:24.329,1.56567,1.566,1.13,3.42
2013.05.07 06:05:24.729,1.56564,1.56599,1.13,1.32
2013.05.07 06:05:24.788,1.56564,1.56599,1.13,1.50
2013.05.07 06:05:26.893,1.56562,1.56599,1.13,1.88
2013.05.07 06:05:28.590,1.56562,1.56599,1.88,1.50
2013.05.07 06:05:29.849,1.56562,1.56599,1.13,1.88
2013.05.07 06:05:30.697,1.56564,1.56599,1.13,1.50
2013.05.07 06:05:31.138,1.56564,1.56599,1.13,1.32
2013.05.07 06:05:31.489,1.5657,1.566,1.13,2.07
2013.05.07 06:05:31.811,1.56567,1.56599,1.88,1.32
2013.05.07 06:05:32.689,1.56567,1.56599,1.13,1.32
2013.05.07 06:05:34.420,1.56566,1.56599,1.35,1.32
2013.05.07 06:05:34.540,1.56565,1.56598,1.35,1.32
2013.05.07 06:05:35.050,1.56565,1.56598,1.13,1.32
2013.05.07 06:05:36.641,1.56567,1.566,1.13,2.44
2013.05.07 06:05:36.880,1.56567,1.56599,1.13,1.69
2013.05.07 06:05:42.508,1.56566,1.56599,1.88,1.13
2013.05.07 06:05:44.700,1.56567,1.56602,1.13,1.32
2013.05.07 06:05:45.059,1.56564,1.56597,1.13,1.50
2013.05.07 06:05:45.182,1.56567,1.56598,1.13,1.50
2013.05.07 06:05:45.712,1.56567,1.56598,1.13,1.50
2013.05.07 06:05:46.359,1.56567,1.56598,1.13,1.50
2013.05.07 06:05:46.868,1.56567,1.566,2.25,1.50
2013.05.07 06:05:48.919,1.56567,1.566,2.44,1.50
2013.05.07 06:05:49.827,1.56566,1.56601,2.25,1.32
2013.05.07 06:05:50.880,1.56569,1.56603,1.13,1.32
2013.05.07 06:05:50.999,1.56569,1.56601,1.13,1.13
2013.05.07 06:05:52.179,1.56572,1.56603,1.69,1.32
2013.05.07 06:05:52.300,1.56576,1.56609,1.13,1.88
2013.05.07 06:05:53.089,1.56573,1.56608,1.88,1.32
2013.05.07 06:05:53.210,1.56572,1.56604,1.50,1.32
2013.05.07 06:05:53.701,1.5657,1.56606,1.13,1.32
2013.05.07 06:05:53.900,1.5657,1.56604,1.13,1.32
2013.05.07 06:05:54.741,1.5657,1.56604,1.88,1.32
2013.05.07 06:05:57.999,1.5657,1.56604,1.88,1.32
2013.05.07 06:05:58.619,1.5657,1.56602,1.13,1.50
2013.05.07 06:05:58.979,1.56567,1.56599,1.50,1.50
2013.05.07 06:06:04.671,1.56568,1.56604,1.88,1.32
2013.05.07 06:06:06.909,1.56568,1.56602,1.13,1.32
2013.05.07 06:06:07.772,1.56568,1.56602,1.13,1.32
2013.05.07 06:06:09.089,1.56568,1.56601,1.13,1.32
2013.05.07 06:06:12.192,1.56568,1.56602,1.13,1.32
2013.05.07 06:06:12.809,1.56567,1.56602,2.63,1.32
2013.05.07 06:06:13.403,1.56567,1.566,1.13,1.92
2013.05.07 06:06:16.119,1.56565,1.566,1.13,1.92
2013.05.07 06:06:17.724,1.56565,1.566,1.88,1.92
2013.05.07 06:06:22.196,1.56565,1.566,1.13,1.92
2013.05.07 06:06:23.212,1.56565,1.566,1.88,1.92
2013.05.07 06:06:23.451,1.56565,1.56597,1.88,1.13
2013.05.07 06:06:23.830,1.56565,1.56597,1.13,2.10
2013.05.07 06:06:25.449,1.56563,1.56592,1.13,1.28
2013.05.07 06:06:25.629,1.56563,1.56592,1.13,1.28
2013.05.07 06:06:25.869,1.56557,1.5659,1.13,1.69
2013.05.07 06:06:25.929,1.56557,1.56585,1.13,1.13
2013.05.07 06:06:26.049,1.56553,1.56585,1.13,1.13
2013.05.07 06:06:26.109,1.56553,1.56585,1.13,1.13
2013.05.07 06:06:26.229,1.56552,1.56588,1.13,1.32
2013.05.07 06:06:26.409,1.56554,1.56588,1.13,1.32
2013.05.07 06:06:27.138,1.56552,1.56583,1.50,1.32
2013.05.07 06:06:27.199,1.56554,1.56583,1.50,1.32
2013.05.07 06:06:34.460,1.56553,1.56586,1.13,1.32
2013.05.07 06:06:35.290,1.56554,1.56589,1.13,2.07
2013.05.07 06:06:35.710,1.56551,1.56586,1.13,1.32
2013.05.07 06:06:35.771,1.56549,1.56583,1.13,1.32
2013.05.07 06:06:35.829,1.56548,1.56583,1.13,1.32
2013.05.07 06:06:36.861,1.56548,1.56582,1.13,1.32
2013.05.07 06:06:37.819,1.56549,1.56579,1.13,1.13
2013.05.07 06:06:38.259,1.56549,1.56578,1.13,1.13
2013.05.07 06:06:38.852,1.5655,1.56583,1.13,1.50
2013.05.07 06:06:38.925,1.56549,1.56578,1.13,1.13
2013.05.07 06:06:39.492,1.5655,1.56584,1.13,1.50
2013.05.07 06:06:40.150,1.56549,1.56578,1.13,1.13
2013.05.07 06:06:40.829,1.56549,1.56582,1.13,1.32
2013.05.07 06:06:51.580,1.56549,1.56581,1.13,1.32
2013.05.07 06:06:54.399,1.56549,1.56584,1.88,2.07
2013.05.07 06:06:54.459,1.56549,1.56584,1.88,2.07
2013.05.07 06:06:54.910,1.56549,1.56584,1.88,2.07
2013.05.07 06:06:55.809,1.56551,1.56584,1.50,2.07
2013.05.07 06:06:56.473,1.56551,1.56584,1.50,2.07
2013.05.07 06:06:59.628,1.5655,1.56583,1.13,1.32
2013.05.07 06:07:00.240,1.5655,1.56583,1.13,1.32
2013.05.07 06:07:03.439,1.56547,1.56583,2.25,1.32
2013.05.07 06:07:05.828,1.56551,1.56585,1.13,1.50
2013.05.07 06:07:07.809,1.56551,1.56585,1.88,1.13
2013.05.07 06:07:08.909,1.56552,1.56584,1.13,1.32
2013.05.07 06:07:08.969,1.56552,1.56584,1.88,1.32
2013.05.07 06:07:10.009,1.56552,1.56584,1.13,1.13
2013.05.07 06:07:11.119,1.56552,1.56584,1.13,1.32
2013.05.07 06:07:11.389,1.56552,1.56584,1.13,1.32
2013.05.07 06:07:13.308,1.5655,1.56584,1.32,1.32
2013.05.07 06:07:13.481,1.56551,1.56584,1.69,1.32
2013.05.07 06:07:14.698,1.56551,1.56584,1.69,1.32
2013.05.07 06:07:15.029,1.56551,1.56584,1.50,1.32
2013.05.07 06:07:15.331,1.56557,1.56591,1.13,1.32
2013.05.07 06:07:15.689,1.56557,1.56588,1.88,1.50
2013.05.07 06:07:15.869,1.56557,1.56591,2.07,1.13
2013.05.07 06:07:15.930,1.56559,1.56593,2.25,1.32
2013.05.07 06:07:16.289,1.56558,1.56591,1.50,1.65
2013.05.07 06:07:16.531,1.56559,1.56593,1.13,1.65
2013.05.07 06:07:17.378,1.56558,1.56591,1.13,1.28
2013.05.07 06:07:17.651,1.56559,1.56594,1.13,2.78
2013.05.07 06:07:18.223,1.56559,1.56594,1.13,2.78
2013.05.07 06:07:18.998,1.5656,1.56594,1.50,2.03
2013.05.07 06:07:20.788,1.56559,1.56591,1.13,1.28
2013.05.07 06:07:21.230,1.5656,1.56594,1.50,1.28
2013.05.07 06:07:22.072,1.56561,1.56595,1.88,1.28
2013.05.07 06:07:23.551,1.56563,1.56595,1.13,1.28
2013.05.07 06:07:24.939,1.56561,1.56594,1.88,1.65
2013.05.07 06:07:26.080,1.56561,1.56594,1.88,2.03
2013.05.07 06:07:29.686,1.56561,1.56594,1.88,1.65
2013.05.07 06:07:31.829,1.56561,1.56593,2.63,1.28
2013.05.07 06:07:31.907,1.56561,1.56593,1.88,1.28
2013.05.07 06:07:31.971,1.56564,1.56593,1.13,1.28
2013.05.07 06:07:32.639,1.56561,1.56593,1.88,1.28
2013.05.07 06:07:32.880,1.56561,1.56593,1.13,1.28
2013.05.07 06:07:33.249,1.56561,1.56593,1.13,1.28
2013.05.07 06:07:33.759,1.56561,1.56593,1.13,1.28
2013.05.07 06:07:34.229,1.56561,1.56593,1.13,1.28
2013.05.07 06:07:34.959,1.56561,1.56593,1.13,1.28
2013.05.07 06:07:36.289,1.56561,1.56594,1.13,2.22
2013.05.07 06:07:36.650,1.56561,1.56594,1.13,2.03
2013.05.07 06:07:38.199,1.56561,1.56594,1.88,1.28
2013.05.07 06:07:41.004,1.56561,1.56594,1.13,1.28
2013.05.07 06:07:42.810,1.56561,1.56594,1.88,1.28
2013.05.07 06:07:44.499,1.56562,1.56594,1.13,1.28
2013.05.07 06:07:46.420,1.56565,1.56597,1.13,1.50
2013.05.07 06:07:47.637,1.56562,1.56593,1.88,1.28
2013.05.07 06:07:48.050,1.5656,1.56593,1.88,1.28
2013.05.07 06:07:48.480,1.5656,1.5659,1.13,1.28
2013.05.07 06:07:49.181,1.5656,1.56593,1.13,1.28
2013.05.07 06:07:55.780,1.56559,1.5659,1.13,1.28
2013.05.07 06:07:55.839,1.56559,1.5659,1.13,1.28
2013.05.07 06:07:58.390,1.56559,1.5659,1.13,1.28
2013.05.07 06:07:58.631,1.56557,1.56589,1.13,1.69
2013.05.07 06:07:58.809,1.56559,1.5659,1.13,1.28
2013.05.07 06:07:59.842,1.56557,1.56587,1.13,1.13
2013.05.07 06:07:59.901,1.56557,1.56588,1.13,1.69
2013.05.07 06:08:00.262,1.56554,1.56583,1.13,2.40
2013.05.07 06:08:00.439,1.56552,1.56583,1.13,3.15
2013.05.07 06:08:00.559,1.56552,1.56581,1.13,1.09
2013.05.07 06:08:00.619,1.56552,1.56583,1.13,3.15
2013.05.07 06:08:00.980,1.56552,1.56583,1.13,3.90
2013.05.07 06:08:01.633,1.56549,1.56583,1.13,4.28
2013.05.07 06:08:03.411,1.56549,1.56579,1.13,1.28
2013.05.07 06:08:09.716,1.56551,1.56579,1.13,1.28
2013.05.07 06:08:11.610,1.56545,1.56579,1.13,2.78
2013.05.07 06:08:14.079,1.56542,1.56577,1.32,1.69
2013.05.07 06:08:14.621,1.56544,1.56578,1.13,1.32
2013.05.07 06:08:17.640,1.56542,1.56577,2.07,2.07
2013.05.07 06:08:18.723,1.56543,1.56577,1.88,1.69
2013.05.07 06:08:19.048,1.56543,1.56577,1.88,1.69
2013.05.07 06:08:19.171,1.56543,1.56577,1.88,1.69
2013.05.07 06:08:19.560,1.56543,1.56574,2.07,1.13
2013.05.07 06:08:20.159,1.56546,1.56578,1.13,1.13
2013.05.07 06:08:20.219,1.56547,1.56578,1.50,1.13
2013.05.07 06:08:20.280,1.56547,1.56578,1.69,1.13
2013.05.07 06:08:21.047,1.56547,1.56578,1.69,1.13
2013.05.07 06:08:21.569,1.56547,1.56581,1.69,1.32
2013.05.07 06:08:21.932,1.56546,1.56578,1.32,1.13
2013.05.07 06:08:22.520,1.56547,1.56582,1.32,1.32
2013.05.07 06:08:22.659,1.56547,1.56582,2.07,1.32
2013.05.07 06:08:23.270,1.56547,1.56579,1.69,1.13
2013.05.07 06:08:25.669,1.56547,1.56579,1.50,1.13
2013.05.07 06:08:25.730,1.56545,1.56579,1.13,1.65
2013.05.07 06:08:26.933,1.56543,1.56577,1.13,1.32
2013.05.07 06:08:28.311,1.56544,1.56578,1.50,1.32
2013.05.07 06:08:28.442,1.56543,1.56577,1.13,1.32
2013.05.07 06:08:30.420,1.56542,1.56577,1.13,1.32
2013.05.07 06:08:30.722,1.56542,1.56576,1.32,1.50
2013.05.07 06:08:32.189,1.56542,1.56576,1.32,1.50
2013.05.07 06:08:33.430,1.56541,1.56573,1.32,1.88
2013.05.07 06:08:33.490,1.56541,1.56571,1.32,1.50
2013.05.07 06:08:33.550,1.56541,1.5657,1.32,1.50
2013.05.07 06:08:33.909,1.56532,1.56568,2.50,1.50
2013.05.07 06:08:34.419,1.56531,1.56563,1.57,1.13
2013.05.07 06:08:35.551,1.56529,1.56563,1.32,1.13
2013.05.07 06:08:47.219,1.56529,1.56563,1.69,1.50
2013.05.07 06:08:47.400,1.56529,1.56563,1.69,1.50
2013.05.07 06:08:48.370,1.56523,1.56557,1.32,1.32
2013.05.07 06:08:51.390,1.56523,1.56557,1.32,1.32
2013.05.07 06:08:54.646,1.56524,1.56558,1.32,1.32
2013.05.07 06:08:55.635,1.56524,1.56558,1.32,1.32
2013.05.07 06:08:57.620,1.56524,1.56558,1.32,1.32
2013.05.07 06:08:58.376,1.56522,1.56555,1.13,1.32
2013.05.07 06:08:58.502,1.56525,1.56555,1.13,1.13
2013.05.07 06:08:58.895,1.56522,1.56555,2.10,1.13
2013.05.07 06:08:59.447,1.56522,1.56555,2.10,1.13
2013.05.07 06:08:59.962,1.56518,1.56551,1.32,1.50
2013.05.07 06:09:00.614,1.56517,1.56549,1.32,1.13
2013.05.07 06:09:00.930,1.56516,1.56547,1.51,1.50
2013.05.07 06:09:01.110,1.56517,1.56549,1.32,1.13
2013.05.07 06:09:03.892,1.56516,1.56547,1.30,1.13
2013.05.07 06:09:04.010,1.56516,1.56548,1.69,1.32
2013.05.07 06:09:04.469,1.56516,1.56548,1.69,2.07
2013.05.07 06:09:07.582,1.56512,1.56548,2.07,1.32
2013.05.07 06:09:07.701,1.56511,1.56544,1.32,1.50
2013.05.07 06:09:08.059,1.56514,1.56546,1.32,1.32
2013.05.07 06:09:08.181,1.56516,1.56549,1.92,2.07
2013.05.07 06:09:08.240,1.56517,1.56549,1.73,2.07
2013.05.07 06:09:08.960,1.56517,1.56552,1.13,1.32
2013.05.07 06:09:10.680,1.56517,1.56554,2.07,1.32
2013.05.07 06:09:11.240,1.56517,1.56549,2.07,1.13
2013.05.07 06:09:12.179,1.56517,1.56551,1.32,1.32
2013.05.07 06:09:16.539,1.56517,1.56551,1.32,1.32
2013.05.07 06:09:16.879,1.56517,1.56551,1.32,1.32
2013.05.07 06:09:17.220,1.56516,1.56551,1.13,2.07
2013.05.07 06:09:18.069,1.56512,1.56545,1.32,1.32
2013.05.07 06:09:18.270,1.56512,1.56545,1.32,1.32
2013.05.07 06:09:18.449,1.56512,1.56545,1.32,1.32
2013.05.07 06:09:19.139,1.56513,1.56544,1.32,1.13
2013.05.07 06:09:20.189,1.56514,1.56544,1.50,1.13
2013.05.07 06:09:20.309,1.56515,1.56544,1.50,1.13
2013.05.07 06:09:20.771,1.56516,1.56547,1.69,1.32
2013.05.07 06:09:22.099,1.56516,1.56547,1.69,1.32
2013.05.07 06:09:23.582,1.56516,1.56547,1.69,1.32
2013.05.07 06:09:23.819,1.56516,1.56547,1.69,1.32
2013.05.07 06:09:25.540,1.56513,1.56546,1.32,1.65
2013.05.07 06:09:26.140,1.56513,1.56546,1.13,1.65
2013.05.07 06:09:26.598,1.56513,1.56546,1.13,1.65
2013.05.07 06:09:29.477,1.56511,1.56543,1.13,1.32
2013.05.07 06:09:35.630,1.5651,1.56543,2.82,1.32
2013.05.07 06:09:36.259,1.56513,1.56543,1.50,1.32
2013.05.07 06:09:36.545,1.5651,1.56543,2.82,1.32
2013.05.07 06:09:38.667,1.5651,1.56543,2.82,1.32
2013.05.07 06:09:44.699,1.56517,1.56548,2.25,1.32
2013.05.07 06:09:44.760,1.5652,1.56548,1.13,1.32
2013.05.07 06:09:44.819,1.56522,1.56548,1.35,1.13
2013.05.07 06:09:45.059,1.56522,1.56554,1.13,1.13
2013.05.07 06:09:45.585,1.56522,1.56556,1.13,1.32
2013.05.07 06:09:46.210,1.56522,1.56556,1.13,1.32
2013.05.07 06:09:47.009,1.56522,1.56557,1.13,1.32
2013.05.07 06:09:48.670,1.56522,1.56557,1.13,1.32
2013.05.07 06:09:50.810,1.56522,1.56557,1.88,1.32
2013.05.07 06:09:52.010,1.56521,1.56554,1.13,1.92
2013.05.07 06:09:52.730,1.56521,1.5655,1.13,1.13
2013.05.07 06:09:56.491,1.56519,1.5655,1.32,1.13
2013.05.07 06:09:56.610,1.56514,1.56543,1.69,2.59
2013.05.07 06:09:56.729,1.56513,1.56543,1.13,2.78
2013.05.07 06:09:56.789,1.56513,1.56539,1.13,1.28
2013.05.07 06:09:56.909,1.56509,1.56539,1.32,1.28
2013.05.07 06:09:58.870,1.56511,1.56545,1.32,1.32
2013.05.07 06:09:59.209,1.56511,1.56545,1.32,1.32
2013.05.07 06:09:59.760,1.56516,1.5655,1.32,1.65
2013.05.07 06:10:00.620,1.56516,1.5655,2.29,1.65
2013.05.07 06:10:01.302,1.56516,1.5655,2.29,1.32
2013.05.07 06:10:01.451,1.56516,1.5655,2.29,1.32
2013.05.07 06:10:01.632,1.56516,1.5655,2.29,1.32
2013.05.07 06:10:02.011,1.56516,1.5655,2.29,1.32
2013.05.07 06:10:02.189,1.56516,1.5655,1.32,1.32
2013.05.07 06:10:03.700,1.56516,1.56549,1.39,1.32
2013.05.07 06:10:04.211,1.56513,1.56547,1.62,1.32
2013.05.07 06:10:06.886,1.56514,1.56547,1.77,1.13
2013.05.07 06:10:06.955,1.56517,1.56549,1.02,1.32
2013.05.07 06:10:10.940,1.56516,1.56549,2.07,1.13
2013.05.07 06:10:11.490,1.56516,1.56549,1.32,1.32
2013.05.07 06:10:15.000,1.56524,1.56549,1.50,1.32
2013.05.07 06:10:15.241,1.56527,1.56556,1.69,1.50
2013.05.07 06:10:15.419,1.56527,1.5656,2.82,2.07
2013.05.07 06:10:16.589,1.56531,1.5656,1.32,1.32
2013.05.07 06:10:20.231,1.56531,1.56561,1.69,1.32
2013.05.07 06:10:20.469,1.5653,1.56561,1.32,1.32
2013.05.07 06:10:21.169,1.5653,1.56561,1.84,1.32
2013.05.07 06:10:21.499,1.56531,1.56563,2.44,1.32
2013.05.07 06:10:22.049,1.56533,1.56563,1.50,1.32
2013.05.07 06:10:25.989,1.56531,1.56561,1.50,1.32
2013.05.07 06:10:26.109,1.56527,1.56557,1.69,1.13
2013.05.07 06:10:26.289,1.56523,1.56554,2.07,1.13
2013.05.07 06:10:26.349,1.56523,1.56554,2.07,1.32
2013.05.07 06:10:26.409,1.56522,1.56554,2.44,1.32
2013.05.07 06:10:26.790,1.56523,1.56554,1.13,1.32
2013.05.07 06:10:27.280,1.56523,1.56554,1.69,1.13
2013.05.07 06:10:28.430,1.56528,1.56553,1.13,1.13
2013.05.07 06:10:28.729,1.56522,1.56553,2.44,1.32
2013.05.07 06:10:28.789,1.56523,1.56553,1.13,1.32
2013.05.07 06:10:29.090,1.56526,1.56553,1.50,1.32
2013.05.07 06:10:29.570,1.56527,1.56554,1.50,1.32
2013.05.07 06:10:29.928,1.56529,1.56561,1.65,1.50
2013.05.07 06:10:30.001,1.56536,1.56569,1.13,2.07
2013.05.07 06:10:31.132,1.56536,1.56569,1.13,2.07
2013.05.07 06:10:31.371,1.56536,1.56569,1.13,1.32
2013.05.07 06:10:33.122,1.56536,1.56569,1.32,1.32
2013.05.07 06:10:33.670,1.56536,1.56569,1.32,1.32
2013.05.07 06:10:34.029,1.56534,1.56564,2.15,1.32
2013.05.07 06:10:35.131,1.56533,1.56564,1.84,1.32
2013.05.07 06:10:35.523,1.56533,1.56562,1.27,1.32
2013.05.07 06:10:35.833,1.56533,1.56563,1.27,1.32
2013.05.07 06:10:35.962,1.56533,1.56562,1.27,1.32
2013.05.07 06:10:36.190,1.5653,1.56562,1.73,1.32
2013.05.07 06:10:36.712,1.56532,1.56563,1.32,1.50
2013.05.07 06:10:38.769,1.56532,1.56563,1.88,1.50
2013.05.07 06:10:38.829,1.56532,1.56563,2.63,1.32
2013.05.07 06:10:39.850,1.56533,1.56565,1.13,1.32
2013.05.07 06:10:40.250,1.56532,1.56565,1.69,1.32
2013.05.07 06:10:43.399,1.56532,1.56565,1.69,1.32
2013.05.07 06:10:43.904,1.56532,1.56565,2.25,1.32
2013.05.07 06:10:43.970,1.56531,1.56564,2.63,1.32
2013.05.07 06:10:44.779,1.56531,1.56564,1.88,1.69
2013.05.07 06:10:45.299,1.56531,1.56564,1.88,1.69
2013.05.07 06:10:52.533,1.56531,1.56562,1.13,1.32
2013.05.07 06:10:52.789,1.56527,1.56557,1.73,1.32
2013.05.07 06:10:53.029,1.56524,1.56557,1.88,1.65
2013.05.07 06:10:53.509,1.56528,1.56557,1.50,1.32
2013.05.07 06:11:07.470,1.56531,1.5656,1.13,1.32
2013.05.07 06:11:07.710,1.56529,1.5656,2.07,1.32
2013.05.07 06:11:07.829,1.56529,1.5656,2.07,1.32
2013.05.07 06:11:08.223,1.56529,1.5656,2.07,1.32
2013.05.07 06:11:08.543,1.56529,1.56562,2.07,1.32
2013.05.07 06:11:10.290,1.56529,1.5656,2.07,1.32
2013.05.07 06:11:10.878,1.56529,1.5656,2.07,1.32
2013.05.07 06:11:14.290,1.5653,1.5656,1.50,1.32
2013.05.07 06:11:14.915,1.56532,1.5656,1.13,1.32
2013.05.07 06:11:21.499,1.56532,1.56563,2.25,1.65
2013.05.07 06:11:25.940,1.56532,1.56563,2.25,1.65
2013.05.07 06:11:26.560,1.56532,1.56563,2.25,2.40
2013.05.07 06:11:28.818,1.56532,1.56559,1.50,1.13
2013.05.07 06:11:29.519,1.56532,1.56559,1.50,1.50
2013.05.07 06:11:30.279,1.56532,1.56559,1.88,1.50
2013.05.07 06:11:30.459,1.56532,1.56559,1.50,1.13
2013.05.07 06:11:30.730,1.56532,1.56562,1.50,1.32
2013.05.07 06:11:31.310,1.56532,1.56563,2.25,1.32
2013.05.07 06:11:31.969,1.56532,1.56563,1.13,1.32
2013.05.07 06:11:32.289,1.56531,1.56559,1.13,1.32
2013.05.07 06:11:39.919,1.56534,1.56561,1.50,1.32
2013.05.07 06:11:40.040,1.56534,1.56564,1.50,1.50
2013.05.07 06:11:40.220,1.56537,1.56568,1.13,3.19
2013.05.07 06:11:40.279,1.56537,1.56568,1.13,2.44
2013.05.07 06:11:40.829,1.56537,1.56567,1.13,1.69
2013.05.07 06:11:41.383,1.56537,1.56565,1.50,1.32
2013.05.07 06:11:41.689,1.56536,1.56565,1.13,1.32
2013.05.07 06:11:44.049,1.56537,1.56566,1.50,1.32
2013.05.07 06:11:44.290,1.56536,1.56566,1.50,1.32
2013.05.07 06:11:44.791,1.56535,1.56566,2.63,1.32
2013.05.07 06:11:45.400,1.56535,1.56564,1.88,1.32
2013.05.07 06:11:45.639,1.56535,1.56564,1.32,1.32
2013.05.07 06:11:45.759,1.56535,1.56564,1.32,1.13
2013.05.07 06:11:45.941,1.56542,1.56572,2.07,1.32
2013.05.07 06:11:46.180,1.56544,1.56573,1.13,2.07
2013.05.07 06:11:46.931,1.56544,1.56573,1.88,2.07
2013.05.07 06:11:49.479,1.56542,1.56571,1.32,1.32
2013.05.07 06:11:49.721,1.56545,1.56569,1.13,1.65
2013.05.07 06:11:49.959,1.56536,1.56567,2.63,1.32
2013.05.07 06:11:50.079,1.56536,1.56567,2.63,1.32
2013.05.07 06:11:50.199,1.56536,1.56567,2.07,1.32
2013.05.07 06:11:50.259,1.56536,1.56567,2.07,1.13
2013.05.07 06:11:50.440,1.56536,1.56567,2.63,1.13
2013.05.07 06:11:50.802,1.56543,1.56567,1.13,1.32
2013.05.07 06:11:50.860,1.56544,1.56567,1.13,1.50
2013.05.07 06:11:51.909,1.56543,1.56565,1.13,1.13
2013.05.07 06:11:52.219,1.56543,1.56565,1.13,1.32
2013.05.07 06:11:52.599,1.56539,1.56565,1.13,1.32
2013.05.07 06:11:54.241,1.56536,1.56563,1.50,1.32
2013.05.07 06:11:54.299,1.56535,1.56563,1.50,1.32
2013.05.07 06:11:54.510,1.56536,1.56563,1.50,1.32
2013.05.07 06:11:55.044,1.56538,1.56563,1.13,1.32
2013.05.07 06:11:55.169,1.56538,1.56563,1.32,1.13
2013.05.07 06:11:55.230,1.56538,1.56564,1.32,1.13
2013.05.07 06:11:55.590,1.56539,1.56564,1.13,1.32
2013.05.07 06:11:55.924,1.56537,1.56564,1.13,1.50
2013.05.07 06:11:56.591,1.56537,1.56564,1.13,1.50
2013.05.07 06:11:57.010,1.56531,1.56564,1.50,1.32
2013.05.07 06:11:57.070,1.56531,1.56564,1.13,1.32
2013.05.07 06:11:57.310,1.56535,1.56563,1.13,1.28
2013.05.07 06:11:57.869,1.56536,1.56563,1.13,1.28
2013.05.07 06:11:58.783,1.56536,1.56563,1.13,1.28
2013.05.07 06:11:59.340,1.56538,1.56563,1.13,1.28
2013.05.07 06:11:59.769,1.56538,1.56563,1.13,2.07
2013.05.07 06:12:03.910,1.56538,1.56561,1.13,1.13
2013.05.07 06:12:04.336,1.56539,1.56561,1.13,1.32
2013.05.07 06:12:05.349,1.56539,1.56563,1.13,1.32
2013.05.07 06:12:06.492,1.56536,1.56563,1.13,1.32
2013.05.07 06:12:07.677,1.56535,1.56563,1.13,1.32
2013.05.07 06:12:07.859,1.56533,1.56563,1.13,1.32
2013.05.07 06:12:08.142,1.56535,1.56563,1.13,1.32
2013.05.07 06:12:08.259,1.56535,1.56563,1.13,1.32
2013.05.07 06:12:11.159,1.56535,1.56563,1.13,1.32
2013.05.07 06:12:13.241,1.5653,1.56563,1.50,2.07
2013.05.07 06:12:13.299,1.5653,1.5656,1.13,1.32
2013.05.07 06:12:15.349,1.56527,1.56557,3.19,1.32
2013.05.07 06:12:15.441,1.56527,1.56557,3.00,1.32
2013.05.07 06:12:16.060,1.56531,1.56557,1.32,1.13
2013.05.07 06:12:17.080,1.56531,1.56555,1.32,1.13
2013.05.07 06:12:18.310,1.56531,1.56553,1.32,1.13
2013.05.07 06:12:19.560,1.56536,1.56553,1.50,1.13
2013.05.07 06:12:20.123,1.56536,1.56554,1.50,1.13
2013.05.07 06:12:24.949,1.56528,1.56557,1.32,1.32
2013.05.07 06:12:25.259,1.56528,1.56557,1.69,1.32
2013.05.07 06:12:25.570,1.56531,1.56557,1.13,1.32
2013.05.07 06:12:31.178,1.56531,1.56555,1.13,1.13
2013.05.07 06:12:33.102,1.56531,1.56556,1.13,1.32
2013.05.07 06:12:34.557,1.56531,1.56556,1.13,1.32
2013.05.07 06:12:35.180,1.5653,1.56556,1.13,1.32
2013.05.07 06:12:35.824,1.5653,1.56556,1.13,1.32
2013.05.07 06:12:37.059,1.5653,1.56556,1.13,1.32
2013.05.07 06:12:39.910,1.56529,1.56556,1.13,1.13
2013.05.07 06:12:40.431,1.56529,1.56555,1.13,1.13
2013.05.07 06:12:40.490,1.56531,1.56556,1.50,1.13
2013.05.07 06:12:40.999,1.56529,1.56556,1.13,1.13
2013.05.07 06:12:41.541,1.56529,1.56557,1.13,1.32
2013.05.07 06:12:42.019,1.56527,1.56557,3.04,1.32
2013.05.07 06:12:43.290,1.5653,1.56557,1.69,1.13
2013.05.07 06:12:43.930,1.5653,1.56557,1.69,1.13
2013.05.07 06:12:43.990,1.56532,1.56561,1.32,1.13
2013.05.07 06:12:44.770,1.56534,1.56561,1.13,1.13
2013.05.07 06:12:45.611,1.56536,1.56561,1.50,1.13
2013.05.07 06:12:46.159,1.56534,1.56561,1.32,1.13
2013.05.07 06:12:48.140,1.56534,1.56561,1.32,1.13
2013.05.07 06:12:48.665,1.56534,1.56562,1.32,1.32
2013.05.07 06:12:51.770,1.56535,1.56562,1.32,1.13
2013.05.07 06:12:55.445,1.56535,1.5656,1.32,1.13
2013.05.07 06:13:02.271,1.56536,1.56559,1.69,1.13
2013.05.07 06:13:03.091,1.56535,1.56559,1.32,1.13
2013.05.07 06:13:11.079,1.56527,1.56558,2.07,1.13
2013.05.07 06:13:12.602,1.56527,1.56556,1.69,1.13
2013.05.07 06:13:13.130,1.56527,1.56556,1.69,1.13
2013.05.07 06:13:13.822,1.56528,1.56556,1.32,1.13
2013.05.07 06:13:14.043,1.56527,1.56556,1.69,1.13
2013.05.07 06:13:15.159,1.56527,1.56556,1.69,1.13
2013.05.07 06:13:15.762,1.56523,1.56554,1.69,1.13
2013.05.07 06:13:17.879,1.56524,1.56556,1.69,1.13
2013.05.07 06:13:20.000,1.56525,1.56557,1.69,1.88
2013.05.07 06:13:21.382,1.56526,1.56557,1.69,1.13
2013.05.07 06:13:21.500,1.56526,1.56557,1.69,1.88
2013.05.07 06:13:23.491,1.56526,1.56557,1.69,1.88
2013.05.07 06:13:24.004,1.56526,1.56556,1.69,1.13
2013.05.07 06:13:25.524,1.56526,1.56557,1.69,1.88
2013.05.07 06:13:27.050,1.56526,1.56557,1.69,1.13
2013.05.07 06:13:28.590,1.56526,1.56557,1.69,1.13
2013.05.07 06:13:31.750,1.56526,1.56555,1.69,1.13
2013.05.07 06:13:37.063,1.56525,1.56557,1.69,1.88
2013.05.07 06:13:40.290,1.56525,1.56554,1.69,1.13
2013.05.07 06:13:42.111,1.5653,1.56554,1.13,1.13
2013.05.07 06:13:42.771,1.56527,1.56556,1.50,1.13
2013.05.07 06:13:43.500,1.56531,1.56558,1.13,1.13
2013.05.07 06:13:45.939,1.56527,1.56558,1.69,1.13
2013.05.07 06:13:46.780,1.56527,1.56558,1.69,1.13
2013.05.07 06:13:47.451,1.56525,1.56558,1.69,1.13
2013.05.07 06:13:48.000,1.56525,1.56558,1.69,1.88
2013.05.07 06:13:48.180,1.56525,1.56554,1.32,1.09
2013.05.07 06:13:48.420,1.56523,1.56553,1.32,1.13
2013.05.07 06:13:48.481,1.56523,1.56552,1.32,1.13
2013.05.07 06:13:49.064,1.56519,1.56552,1.69,1.13
2013.05.07 06:13:50.814,1.56527,1.56554,1.13,1.88
2013.05.07 06:13:50.940,1.56519,1.56552,1.50,1.13
2013.05.07 06:13:51.000,1.56519,1.56552,1.50,1.13
2013.05.07 06:13:52.800,1.56519,1.56552,1.69,1.13
2013.05.07 06:13:52.984,1.56524,1.56554,1.32,1.13
2013.05.07 06:13:53.055,1.56525,1.56555,1.69,1.13
2013.05.07 06:13:54.450,1.56521,1.56551,1.58,1.13
2013.05.07 06:14:01.541,1.56523,1.56551,2.67,1.13
2013.05.07 06:14:01.832,1.56526,1.56559,1.32,2.97
2013.05.07 06:14:05.654,1.56526,1.56557,1.32,1.47
2013.05.07 06:14:07.291,1.56528,1.56557,1.32,1.47
2013.05.07 06:14:08.431,1.56526,1.56557,1.32,1.47
2013.05.07 06:14:09.029,1.56528,1.56557,1.32,1.47
2013.05.07 06:14:09.549,1.56526,1.56557,1.32,1.47
2013.05.07 06:14:10.420,1.56526,1.56557,1.13,1.47
2013.05.07 06:14:12.999,1.56526,1.56558,1.32,2.22
2013.05.07 06:14:18.429,1.56525,1.56556,1.69,1.47
2013.05.07 06:14:20.941,1.56523,1.56553,1.50,1.69
2013.05.07 06:14:21.060,1.56518,1.56551,1.32,2.07
2013.05.07 06:14:21.720,1.56517,1.56546,1.32,1.13
2013.05.07 06:14:22.021,1.56513,1.56544,1.13,1.32
2013.05.07 06:14:22.320,1.56507,1.56538,1.32,1.50
2013.05.07 06:14:22.381,1.56506,1.56537,1.32,1.50
2013.05.07 06:14:22.500,1.56502,1.56533,1.50,1.13
2013.05.07 06:14:24.730,1.56504,1.56533,1.13,1.13
2013.05.07 06:14:27.111,1.56504,1.56531,1.88,1.13
2013.05.07 06:14:31.401,1.56501,1.56531,1.13,1.13
2013.05.07 06:14:33.070,1.56501,1.56532,1.13,1.13
2013.05.07 06:14:33.190,1.56501,1.56532,1.13,1.13
2013.05.07 06:14:33.600,1.56501,1.56532,1.13,1.13
2013.05.07 06:14:34.210,1.565,1.56531,2.25,1.13
2013.05.07 06:14:36.299,1.56501,1.56531,1.13,1.13
2013.05.07 06:14:36.939,1.56501,1.56531,1.32,1.13
2013.05.07 06:14:37.180,1.56503,1.56531,1.50,1.13
2013.05.07 06:14:37.501,1.56503,1.56529,1.50,1.13
2013.05.07 06:14:37.680,1.56501,1.56529,1.13,1.13
2013.05.07 06:14:38.630,1.56496,1.56526,1.69,1.13
2013.05.07 06:14:40.689,1.56498,1.56526,2.07,1.13
2013.05.07 06:14:41.137,1.56501,1.56532,1.69,1.13
2013.05.07 06:14:43.739,1.56502,1.56531,1.50,1.13
2013.05.07 06:14:44.281,1.56506,1.56531,1.13,1.13
2013.05.07 06:14:44.540,1.56507,1.56531,1.13,1.13
2013.05.07 06:14:44.659,1.56503,1.56531,1.32,1.13
2013.05.07 06:14:44.780,1.56505,1.56534,1.32,1.13
2013.05.07 06:14:45.020,1.56507,1.56538,1.32,1.88
2013.05.07 06:14:48.836,1.56506,1.56538,1.32,1.88
2013.05.07 06:14:49.641,1.56506,1.56539,2.07,1.88
2013.05.07 06:14:50.647,1.5651,1.5654,1.13,1.13
2013.05.07 06:14:50.994,1.5651,1.5654,1.32,1.13
2013.05.07 06:14:51.240,1.56512,1.5654,1.13,1.13
2013.05.07 06:14:53.342,1.56512,1.56541,1.13,1.73
2013.05.07 06:14:56.160,1.56512,1.5654,1.13,1.13
2013.05.07 06:14:57.094,1.56512,1.56541,1.88,1.35
2013.05.07 06:14:57.460,1.56512,1.5654,1.13,1.13
2013.05.07 06:14:58.740,1.56512,1.5654,1.13,1.73
2013.05.07 06:15:03.640,1.56512,1.56541,1.50,1.73
2013.05.07 06:15:03.899,1.56509,1.56541,1.50,1.73
2013.05.07 06:15:04.410,1.56505,1.56541,2.44,2.48
2013.05.07 06:15:04.470,1.56505,1.5654,2.25,1.69
2013.05.07 06:15:05.010,1.56507,1.56542,2.25,2.10
2013.05.07 06:15:06.620,1.56508,1.56542,1.50,1.73
2013.05.07 06:15:07.284,1.56508,1.5654,1.50,1.73
2013.05.07 06:15:12.349,1.56508,1.5654,1.50,1.73
2013.05.07 06:15:12.470,1.56506,1.5654,1.69,2.48
2013.05.07 06:15:12.649,1.56503,1.5654,1.69,2.48
2013.05.07 06:15:12.772,1.56502,1.56535,1.50,1.50
2013.05.07 06:15:12.831,1.56502,1.56535,1.50,1.69
2013.05.07 06:15:12.893,1.56504,1.56536,1.50,1.50
2013.05.07 06:15:13.009,1.56506,1.56541,1.50,1.92
2013.05.07 06:15:13.190,1.565,1.56537,1.69,1.69
2013.05.07 06:15:13.310,1.56501,1.56537,1.50,1.69
2013.05.07 06:15:13.370,1.56502,1.56537,1.50,1.28
2013.05.07 06:15:13.671,1.56496,1.56537,2.63,1.28
2013.05.07 06:15:13.729,1.56499,1.56537,1.69,1.09
2013.05.07 06:15:13.850,1.56504,1.56537,1.69,1.09
2013.05.07 06:15:13.910,1.56496,1.56537,2.67,1.84
2013.05.07 06:15:14.173,1.56502,1.56535,1.69,1.73
2013.05.07 06:15:14.314,1.56496,1.56535,1.69,1.73
2013.05.07 06:15:14.659,1.56501,1.56537,1.69,1.50
2013.05.07 06:15:16.739,1.56504,1.56539,1.69,2.25
2013.05.07 06:15:16.900,1.56501,1.56537,1.69,1.50
2013.05.07 06:15:17.410,1.56498,1.56534,2.07,1.50
2013.05.07 06:15:21.762,1.56501,1.56536,1.69,1.50
2013.05.07 06:15:22.122,1.56503,1.56538,1.69,1.50
2013.05.07 06:15:22.423,1.56502,1.56536,1.69,1.50
2013.05.07 06:15:23.999,1.56502,1.56537,1.13,1.50
2013.05.07 06:15:25.291,1.56502,1.56537,1.13,1.50
2013.05.07 06:15:25.850,1.56502,1.5654,1.69,1.73
2013.05.07 06:15:25.910,1.56502,1.5654,1.13,2.48
2013.05.07 06:15:26.359,1.56502,1.5654,1.69,2.48
2013.05.07 06:15:26.530,1.56502,1.5654,1.13,1.73
2013.05.07 06:15:26.960,1.56506,1.56541,1.13,1.50
2013.05.07 06:15:27.530,1.56506,1.5654,1.13,1.50
2013.05.07 06:15:28.075,1.56506,1.56541,1.13,1.50
2013.05.07 06:15:28.470,1.56507,1.56542,1.50,1.73
2013.05.07 06:15:28.590,1.56507,1.56542,1.69,1.73
2013.05.07 06:15:28.910,1.56507,1.56542,1.13,1.73
2013.05.07 06:15:31.083,1.56507,1.56542,1.69,1.73
2013.05.07 06:15:31.191,1.56507,1.56542,1.13,1.73
2013.05.07 06:15:40.971,1.56507,1.5654,1.69,1.73
2013.05.07 06:15:41.082,1.56507,1.5654,1.13,1.73
2013.05.07 06:15:42.422,1.56507,1.5654,1.13,1.73
2013.05.07 06:15:43.683,1.56507,1.5654,1.13,1.73
2013.05.07 06:15:45.992,1.56507,1.5654,1.69,1.73
2013.05.07 06:15:46.516,1.56507,1.5654,1.32,1.73
2013.05.07 06:15:49.021,1.56507,1.5654,1.32,1.73
2013.05.07 06:15:52.769,1.56507,1.5654,1.32,1.73
2013.05.07 06:15:54.773,1.56513,1.56544,1.32,1.73
2013.05.07 06:15:54.840,1.56506,1.5654,1.32,1.73
2013.05.07 06:15:55.358,1.56506,1.5654,1.69,1.73
2013.05.07 06:15:56.881,1.56506,1.5654,1.32,1.73
2013.05.07 06:15:59.170,1.56512,1.56543,1.32,1.73
2013.05.07 06:15:59.529,1.56512,1.56546,1.13,1.73
2013.05.07 06:15:59.951,1.56512,1.56546,1.13,1.73
2013.05.07 06:16:00.215,1.56517,1.56547,1.13,1.73
2013.05.07 06:16:00.283,1.56517,1.56541,1.13,1.50
2013.05.07 06:16:00.471,1.56503,1.56539,1.13,1.50
2013.05.07 06:16:01.183,1.56503,1.56541,1.13,1.50
2013.05.07 06:16:06.420,1.56502,1.56541,1.69,1.50
2013.05.07 06:16:06.780,1.56502,1.56542,1.41,3.19
2013.05.07 06:16:06.840,1.56506,1.56542,1.13,3.19
2013.05.07 06:16:06.991,1.56506,1.56542,1.13,3.19
2013.05.07 06:16:07.671,1.56506,1.56539,1.13,3.00
2013.05.07 06:16:08.230,1.56506,1.56539,1.13,1.73
2013.05.07 06:16:08.351,1.56506,1.56539,1.32,1.73
2013.05.07 06:16:08.892,1.56506,1.5654,1.32,1.50
2013.05.07 06:16:09.381,1.56506,1.56539,1.32,1.09
2013.05.07 06:16:10.470,1.56507,1.56538,1.13,1.09
2013.05.07 06:16:10.590,1.56504,1.56537,1.13,1.09
2013.05.07 06:16:11.301,1.56504,1.56537,1.13,1.84
2013.05.07 06:16:11.660,1.56504,1.56535,1.13,1.50
2013.05.07 06:16:11.720,1.56502,1.56533,1.13,1.50
2013.05.07 06:16:13.539,1.56502,1.56532,1.13,1.50
2013.05.07 06:16:13.732,1.56496,1.56528,1.32,1.50
2013.05.07 06:16:15.770,1.56496,1.56529,1.13,1.50
2013.05.07 06:16:15.831,1.56496,1.5653,1.13,1.50
2013.05.07 06:16:16.460,1.56496,1.56529,1.13,1.50
2013.05.07 06:16:16.640,1.56496,1.56531,1.13,1.50
2013.05.07 06:16:19.333,1.56496,1.56529,1.13,1.50
2013.05.07 06:16:19.860,1.56496,1.56529,1.13,1.50
2013.05.07 06:16:20.884,1.56496,1.56529,1.13,1.50
2013.05.07 06:16:23.710,1.56496,1.5653,1.13,1.50
2013.05.07 06:16:27.021,1.56496,1.5653,1.69,1.50
2013.05.07 06:16:32.621,1.56502,1.56534,1.13,1.73
2013.05.07 06:16:33.192,1.56506,1.56536,1.13,1.73
2013.05.07 06:16:33.370,1.56502,1.56535,1.13,1.73
2013.05.07 06:16:34.431,1.56502,1.56535,1.13,1.73
2013.05.07 06:16:39.371,1.56498,1.56534,1.11,1.73
2013.05.07 06:16:39.431,1.56497,1.56535,1.69,2.48
2013.05.07 06:16:39.610,1.56497,1.56535,1.69,3.57
2013.05.07 06:16:41.583,1.56497,1.5653,1.13,1.50
2013.05.07 06:16:42.130,1.565,1.56533,1.13,2.25
2013.05.07 06:16:42.432,1.56502,1.56533,1.13,2.25
2013.05.07 06:16:42.690,1.56496,1.56533,2.22,2.25
2013.05.07 06:16:43.170,1.56497,1.56531,1.13,1.50
2013.05.07 06:16:43.762,1.56497,1.56528,1.13,1.50
2013.05.07 06:16:44.449,1.56501,1.5653,1.13,2.25
2013.05.07 06:16:46.290,1.56502,1.56532,1.13,1.13
2013.05.07 06:16:48.221,1.56502,1.56533,1.13,2.25
2013.05.07 06:16:48.790,1.56507,1.56533,1.13,1.50
2013.05.07 06:16:49.150,1.56506,1.56538,1.13,1.84
2013.05.07 06:16:49.211,1.56501,1.56535,1.13,1.50
2013.05.07 06:16:50.314,1.56496,1.56535,1.34,2.48
2013.05.07 06:16:54.292,1.56496,1.56535,1.64,2.67
2013.05.07 06:16:54.862,1.56502,1.56533,1.13,1.50
2013.05.07 06:16:55.931,1.56497,1.56531,1.13,2.25
2013.05.07 06:16:55.991,1.56497,1.56528,1.13,1.50
2013.05.07 06:17:00.719,1.56497,1.56532,1.13,1.09
2013.05.07 06:17:01.871,1.56497,1.56531,1.13,1.09
2013.05.07 06:17:06.390,1.56498,1.56533,1.52,1.50
2013.05.07 06:17:06.850,1.56502,1.56539,1.69,2.63
2013.05.07 06:17:06.970,1.56506,1.56539,1.13,1.65
2013.05.07 06:17:12.641,1.56506,1.5654,1.13,1.92
2013.05.07 06:17:15.521,1.56506,1.5654,1.13,1.73
2013.05.07 06:17:16.380,1.56502,1.56541,1.80,2.48
2013.05.07 06:17:18.650,1.56507,1.56541,1.13,2.48
2013.05.07 06:17:18.709,1.56507,1.56541,1.13,2.48
2013.05.07 06:17:28.724,1.56505,1.56538,1.13,1.50
2013.05.07 06:17:31.741,1.56505,1.56538,1.32,1.50
2013.05.07 06:17:35.025,1.56507,1.56541,1.69,2.48
2013.05.07 06:17:35.150,1.56508,1.56541,1.69,1.73
2013.05.07 06:17:35.540,1.56508,1.5654,1.69,1.73
2013.05.07 06:17:35.660,1.56503,1.56539,1.32,2.25
2013.05.07 06:17:36.241,1.56503,1.56538,1.69,1.28
2013.05.07 06:17:36.581,1.56503,1.56539,1.69,2.67
2013.05.07 06:17:36.882,1.56504,1.56538,1.56,2.25
2013.05.07 06:17:36.940,1.56504,1.56538,1.50,2.63
2013.05.07 06:17:37.301,1.56501,1.56534,1.69,1.50
2013.05.07 06:17:37.840,1.565,1.56536,1.69,2.07
2013.05.07 06:17:37.960,1.56499,1.56536,1.69,2.07
2013.05.07 06:17:38.510,1.56504,1.56536,1.32,1.32
2013.05.07 06:17:39.141,1.56504,1.56533,1.13,1.69
2013.05.07 06:17:39.201,1.56502,1.56533,1.13,1.69
2013.05.07 06:17:39.701,1.56499,1.56531,1.32,3.00
2013.05.07 06:17:44.841,1.56497,1.56531,2.07,3.00
2013.05.07 06:17:45.389,1.56497,1.56531,2.07,3.00
2013.05.07 06:17:46.960,1.56497,1.56523,1.13,1.13
2013.05.07 06:17:47.750,1.56497,1.56528,2.25,1.69
2013.05.07 06:17:47.972,1.56497,1.56529,2.25,1.69
2013.05.07 06:17:48.751,1.56497,1.56529,2.25,1.69
2013.05.07 06:17:51.793,1.56497,1.56529,2.25,2.07
2013.05.07 06:17:52.301,1.56497,1.56528,2.25,1.50
2013.05.07 06:17:54.450,1.56497,1.56529,2.25,1.88
2013.05.07 06:17:56.430,1.56498,1.56526,1.50,1.09
2013.05.07 06:17:56.946,1.56498,1.56526,1.50,1.28
2013.05.07 06:17:59.916,1.56497,1.56527,1.50,1.28
2013.05.07 06:18:00.699,1.56497,1.56527,2.07,1.28
2013.05.07 06:18:00.760,1.56497,1.56528,2.25,1.28
2013.05.07 06:18:05.400,1.56497,1.56526,2.07,1.09
2013.05.07 06:18:06.084,1.56497,1.56526,1.88,1.09
2013.05.07 06:18:07.503,1.56497,1.56526,1.88,1.28
2013.05.07 06:18:08.020,1.56497,1.56526,1.88,1.09
2013.05.07 06:18:08.603,1.56497,1.56526,1.88,1.09
2013.05.07 06:18:09.441,1.56497,1.56526,1.88,1.09
2013.05.07 06:18:09.701,1.56497,1.56526,1.88,1.09
2013.05.07 06:18:11.500,1.56497,1.56528,1.88,1.09
2013.05.07 06:18:15.880,1.56501,1.56532,1.50,1.09
2013.05.07 06:18:15.940,1.56501,1.56534,1.88,1.13
2013.05.07 06:18:16.000,1.56501,1.56535,1.95,2.10
2013.05.07 06:18:16.700,1.56504,1.56538,1.20,1.50
2013.05.07 06:18:17.082,1.56507,1.56538,1.20,1.13
2013.05.07 06:18:18.561,1.56507,1.56538,1.88,1.13
2013.05.07 06:18:19.100,1.56507,1.56538,1.20,1.13
2013.05.07 06:18:20.056,1.56507,1.56538,2.03,1.13
2013.05.07 06:18:23.721,1.56508,1.56541,1.13,1.73
2013.05.07 06:18:23.785,1.56508,1.56541,1.13,1.73
2013.05.07 06:18:23.970,1.56512,1.56543,1.13,1.73
2013.05.07 06:18:27.570,1.5651,1.56541,1.32,1.73
2013.05.07 06:18:41.731,1.56509,1.56542,1.69,1.88
2013.05.07 06:18:42.731,1.5651,1.56543,1.13,1.50
2013.05.07 06:18:49.841,1.5651,1.56543,1.50,1.50
2013.05.07 06:18:50.830,1.5651,1.56543,1.13,1.50
2013.05.07 06:19:00.260,1.56512,1.56543,1.13,1.50
2013.05.07 06:19:00.560,1.56512,1.56544,1.69,2.10
2013.05.07 06:19:01.201,1.56511,1.56543,1.32,1.50
2013.05.07 06:19:04.760,1.56511,1.56543,1.13,1.50
2013.05.07 06:19:07.740,1.56511,1.56543,1.13,2.48
2013.05.07 06:19:08.060,1.56514,1.56543,1.13,1.73
2013.05.07 06:19:08.790,1.56516,1.56548,1.32,2.10
2013.05.07 06:19:19.920,1.56515,1.56548,1.32,1.17
2013.05.07 06:19:19.981,1.56519,1.56551,1.50,1.54
2013.05.07 06:19:20.161,1.56521,1.56551,1.50,1.17
2013.05.07 06:19:20.281,1.56521,1.56552,1.50,1.35
2013.05.07 06:19:20.810,1.56524,1.56554,1.13,1.92
2013.05.07 06:19:23.205,1.56524,1.56554,1.13,1.92
2013.05.07 06:19:23.870,1.56525,1.56554,1.13,1.17
2013.05.07 06:19:23.991,1.56526,1.56554,1.32,1.17
2013.05.07 06:19:24.544,1.56524,1.56553,1.32,1.73
2013.05.07 06:19:24.731,1.56524,1.56553,1.13,1.73
2013.05.07 06:19:25.091,1.56522,1.56553,2.25,1.92
2013.05.07 06:19:25.731,1.56522,1.56551,1.50,1.73
2013.05.07 06:19:26.271,1.56519,1.56551,1.69,1.73
2013.05.07 06:19:26.960,1.56522,1.56553,1.50,1.92
2013.05.07 06:19:29.162,1.56519,1.56551,1.69,1.73
2013.05.07 06:19:29.500,1.56522,1.56553,1.50,1.92
2013.05.07 06:19:30.550,1.56522,1.56553,1.50,1.92
2013.05.07 06:19:32.384,1.56522,1.56553,1.50,1.92
2013.05.07 06:19:32.640,1.56519,1.56551,1.69,1.73
2013.05.07 06:19:35.190,1.56516,1.56549,1.13,1.50
2013.05.07 06:19:35.550,1.56521,1.56554,1.13,3.00
2013.05.07 06:19:35.612,1.56521,1.56551,1.13,1.13
2013.05.07 06:19:35.672,1.56519,1.5655,1.13,1.13
2013.05.07 06:19:35.732,1.56521,1.56554,1.13,3.75
2013.05.07 06:19:36.221,1.56521,1.56548,1.13,1.69
2013.05.07 06:19:37.210,1.56518,1.56548,1.13,1.69
2013.05.07 06:19:38.181,1.56519,1.56548,1.13,1.69
2013.05.07 06:19:38.241,1.56519,1.5655,1.32,1.69
2013.05.07 06:19:39.310,1.56519,1.5655,1.32,1.69
2013.05.07 06:19:39.430,1.56523,1.56555,1.13,1.69
2013.05.07 06:19:39.490,1.56523,1.56556,1.32,2.07
2013.05.07 06:19:40.461,1.56527,1.56558,1.69,1.32
2013.05.07 06:19:40.521,1.56527,1.56561,2.07,1.92
2013.05.07 06:19:41.301,1.56528,1.56558,1.32,1.50
2013.05.07 06:19:41.360,1.56527,1.56558,1.32,2.25
2013.05.07 06:19:41.420,1.56523,1.56558,1.32,2.67
2013.05.07 06:19:41.551,1.56522,1.56555,1.32,1.69
2013.05.07 06:19:42.693,1.56525,1.56558,1.32,2.67
2013.05.07 06:19:42.751,1.56527,1.56558,1.32,3.23
2013.05.07 06:19:43.562,1.56527,1.56558,1.32,2.48
2013.05.07 06:19:44.235,1.56527,1.56558,1.32,1.17
2013.05.07 06:19:44.670,1.56532,1.56563,1.69,2.07
2013.05.07 06:19:44.850,1.56532,1.56568,2.07,1.69
2013.05.07 06:19:45.090,1.56534,1.56566,1.32,1.69
2013.05.07 06:19:45.286,1.56535,1.56569,1.69,1.32
2013.05.07 06:19:45.530,1.56534,1.5657,2.07,1.13
2013.05.07 06:19:45.710,1.56534,1.56569,2.07,1.32
2013.05.07 06:19:48.490,1.56534,1.56567,1.32,1.92
2013.05.07 06:19:49.101,1.56535,1.56567,1.32,1.17
2013.05.07 06:19:53.780,1.56532,1.56568,1.32,2.29
2013.05.07 06:19:54.281,1.56535,1.56567,1.32,1.92
2013.05.07 06:19:55.070,1.56535,1.56568,1.32,2.29
2013.05.07 06:19:57.273,1.56533,1.56568,1.32,1.92
2013.05.07 06:19:57.541,1.56533,1.56565,1.32,1.13
2013.05.07 06:19:58.899,1.56536,1.56568,1.32,2.10
2013.05.07 06:19:59.657,1.56536,1.56566,1.32,1.13
2013.05.07 06:20:00.930,1.56533,1.56565,1.32,1.13
2013.05.07 06:20:01.450,1.56536,1.56566,1.32,1.13
2013.05.07 06:20:01.635,1.56536,1.56569,2.07,2.22
2013.05.07 06:20:02.292,1.56536,1.56566,1.32,1.13
2013.05.07 06:20:03.361,1.56536,1.56566,1.32,1.13
2013.05.07 06:20:03.420,1.56537,1.56568,1.69,1.13
2013.05.07 06:20:03.700,1.56537,1.56568,2.14,1.50
2013.05.07 06:20:03.760,1.56538,1.56568,1.39,1.13
2013.05.07 06:20:07.141,1.56536,1.56571,1.32,1.88
2013.05.07 06:20:07.861,1.56536,1.56568,1.32,1.28
2013.05.07 06:20:08.981,1.56536,1.56568,1.13,1.28
2013.05.07 06:20:19.440,1.56536,1.56569,1.32,1.13
2013.05.07 06:20:19.680,1.56536,1.56569,1.13,1.32
2013.05.07 06:20:21.093,1.56536,1.56569,1.50,1.32
2013.05.07 06:20:21.400,1.56541,1.56573,2.07,1.32
2013.05.07 06:20:21.460,1.56541,1.56578,2.07,2.07
2013.05.07 06:20:21.580,1.56541,1.56574,2.07,1.13
2013.05.07 06:20:22.642,1.56541,1.56574,2.07,1.88
2013.05.07 06:20:23.169,1.56541,1.56574,2.82,1.50
2013.05.07 06:20:24.430,1.56542,1.56574,1.32,1.50
2013.05.07 06:20:24.670,1.56541,1.56575,2.25,1.32
2013.05.07 06:20:25.295,1.56541,1.56573,1.13,1.69
2013.05.07 06:20:27.121,1.56541,1.56573,1.13,1.69
2013.05.07 06:20:32.698,1.56544,1.56573,1.88,1.69
2013.05.07 06:20:33.631,1.56544,1.56573,2.25,1.69
2013.05.07 06:20:35.210,1.56544,1.56577,1.50,1.17
2013.05.07 06:20:40.380,1.56542,1.56574,1.13,1.17
2013.05.07 06:20:46.042,1.56543,1.56575,1.32,1.73
2013.05.07 06:20:46.432,1.56544,1.56575,1.69,1.17
2013.05.07 06:20:46.920,1.56544,1.56579,1.69,1.54
2013.05.07 06:20:47.051,1.56544,1.56578,1.69,1.32
2013.05.07 06:20:49.003,1.56547,1.56577,1.13,1.69
2013.05.07 06:20:49.064,1.56547,1.56576,1.13,1.50
2013.05.07 06:20:49.131,1.56542,1.56574,1.54,1.50
2013.05.07 06:20:50.047,1.56541,1.56576,1.32,2.07
2013.05.07 06:20:50.760,1.56541,1.56576,1.32,2.07
2013.05.07 06:20:51.810,1.56541,1.56576,1.32,2.07
2013.05.07 06:20:57.970,1.5654,1.56573,1.69,1.32
2013.05.07 06:20:58.030,1.5654,1.56573,1.69,1.32
2013.05.07 06:21:00.841,1.56536,1.56573,1.32,1.32
2013.05.07 06:21:02.010,1.56541,1.56574,2.25,1.13
2013.05.07 06:21:02.511,1.56541,1.56574,2.25,1.13
2013.05.07 06:21:02.870,1.56544,1.56579,1.88,2.63
2013.05.07 06:21:02.930,1.56544,1.56579,2.25,1.88
2013.05.07 06:21:03.451,1.56545,1.56579,1.69,2.07
2013.05.07 06:21:03.952,1.56545,1.56579,1.50,2.07
2013.05.07 06:21:05.220,1.56544,1.56579,2.07,1.32
2013.05.07 06:21:05.323,1.56544,1.56579,2.07,1.88
2013.05.07 06:21:08.111,1.56544,1.56579,1.88,2.63
2013.05.07 06:21:08.470,1.56542,1.56576,1.13,1.32
2013.05.07 06:21:08.772,1.56542,1.56576,1.13,1.32
2013.05.07 06:21:11.870,1.56542,1.56576,1.13,1.32
2013.05.07 06:21:13.040,1.56542,1.56576,1.13,1.32
2013.05.07 06:21:16.722,1.56542,1.56576,1.13,1.32
2013.05.07 06:21:24.611,1.56545,1.56578,1.69,1.47
2013.05.07 06:21:25.468,1.56545,1.56578,2.07,1.47
2013.05.07 06:21:25.941,1.56545,1.56578,1.88,1.47
2013.05.07 06:21:27.281,1.56547,1.5658,1.32,1.13
2013.05.07 06:21:35.810,1.56548,1.56582,2.03,1.32
2013.05.07 06:21:36.190,1.56548,1.56584,2.03,1.32
2013.05.07 06:21:36.550,1.56552,1.56584,1.13,1.13
2013.05.07 06:21:38.541,1.56549,1.56584,1.32,1.32
2013.05.07 06:21:42.081,1.56549,1.56584,1.32,2.07
2013.05.07 06:21:42.141,1.56548,1.56584,1.28,2.07
2013.05.07 06:21:42.201,1.56547,1.56579,2.03,1.13
2013.05.07 06:21:42.731,1.56544,1.56577,2.07,1.73
2013.05.07 06:21:43.000,1.56544,1.56576,1.32,1.50
2013.05.07 06:21:43.932,1.56544,1.56577,1.13,1.50
2013.05.07 06:21:44.350,1.56544,1.56578,1.13,1.50
2013.05.07 06:21:46.250,1.56544,1.56579,1.13,1.13
2013.05.07 06:21:46.455,1.56544,1.56579,1.13,2.85
2013.05.07 06:21:48.759,1.56542,1.56578,2.78,2.48
2013.05.07 06:21:50.121,1.56542,1.56576,2.78,1.13
2013.05.07 06:21:50.662,1.56542,1.56576,1.65,1.13
2013.05.07 06:21:51.259,1.56543,1.56577,1.32,1.35
2013.05.07 06:21:52.782,1.56544,1.56578,1.13,1.73
2013.05.07 06:21:54.830,1.56543,1.56577,1.50,2.10
2013.05.07 06:22:02.871,1.56545,1.56578,1.32,2.10
2013.05.07 06:22:04.401,1.56545,1.56577,1.32,1.73
2013.05.07 06:22:06.060,1.56545,1.56578,1.13,2.10
2013.05.07 06:22:06.361,1.56542,1.56574,1.09,1.73
2013.05.07 06:22:07.722,1.56545,1.56578,1.13,1.13
2013.05.07 06:22:10.161,1.56546,1.56579,1.13,1.50
2013.05.07 06:22:11.171,1.56546,1.56579,1.88,1.50
2013.05.07 06:22:11.312,1.56547,1.5658,1.13,1.50
2013.05.07 06:22:11.431,1.56549,1.56584,1.50,4.35
2013.05.07 06:22:11.490,1.56549,1.56584,1.50,4.35
2013.05.07 06:22:12.032,1.5655,1.56583,1.88,1.32
2013.05.07 06:22:12.092,1.56549,1.56583,1.13,1.88
2013.05.07 06:22:12.902,1.5655,1.56583,1.13,1.88
2013.05.07 06:22:15.259,1.56549,1.56583,1.13,2.07
2013.05.07 06:22:15.381,1.5655,1.56583,1.13,2.07
2013.05.07 06:22:16.161,1.56552,1.56585,1.50,1.32
2013.05.07 06:22:16.520,1.56558,1.56591,1.13,2.07
2013.05.07 06:22:16.580,1.56558,1.56588,1.13,1.50
2013.05.07 06:22:16.640,1.56558,1.56588,1.13,1.50
2013.05.07 06:22:16.882,1.56554,1.56584,1.13,1.69
2013.05.07 06:22:17.300,1.56554,1.56585,1.13,1.13
2013.05.07 06:22:17.901,1.56556,1.56588,1.13,1.50
2013.05.07 06:22:18.232,1.56556,1.56588,1.13,1.50
2013.05.07 06:22:18.411,1.56556,1.56589,1.13,1.50
2013.05.07 06:22:19.162,1.56558,1.56592,1.13,2.25
2013.05.07 06:22:20.722,1.56559,1.56592,1.13,2.25
2013.05.07 06:22:21.361,1.56555,1.56588,1.13,1.50
2013.05.07 06:22:21.433,1.56556,1.56589,1.13,1.50
2013.05.07 06:22:21.980,1.56556,1.56589,1.13,1.50
2013.05.07 06:22:23.169,1.56556,1.56588,1.13,1.50
2013.05.07 06:22:23.701,1.56556,1.56589,1.88,1.50
2013.05.07 06:22:24.204,1.56558,1.56592,1.13,1.50
2013.05.07 06:22:24.670,1.56559,1.56588,1.13,1.13
2013.05.07 06:22:25.172,1.56559,1.56589,1.13,1.88
2013.05.07 06:22:25.841,1.56555,1.56588,1.88,1.69
2013.05.07 06:22:26.171,1.56555,1.56583,1.13,1.50
2013.05.07 06:22:26.291,1.56552,1.56582,1.13,1.32
2013.05.07 06:22:26.411,1.56554,1.56587,1.13,2.25
2013.05.07 06:22:26.532,1.56554,1.56584,1.13,1.73
2013.05.07 06:22:27.120,1.56554,1.56584,1.13,1.73
2013.05.07 06:22:27.300,1.56551,1.56584,1.32,2.10
2013.05.07 06:22:27.420,1.56551,1.56584,1.32,2.10
2013.05.07 06:22:27.602,1.56551,1.56584,2.07,1.13
2013.05.07 06:22:28.080,1.56551,1.56584,1.32,1.13
2013.05.07 06:22:28.760,1.56552,1.56588,1.32,2.07
2013.05.07 06:22:28.826,1.56553,1.56588,1.13,1.32
2013.05.07 06:22:29.370,1.56556,1.56588,1.50,1.13
2013.05.07 06:22:29.899,1.56553,1.56588,1.13,1.88
2013.05.07 06:22:32.213,1.56557,1.5659,1.13,1.13
2013.05.07 06:22:33.392,1.56557,1.56588,1.13,1.50
2013.05.07 06:22:33.780,1.56552,1.56583,1.32,1.50
2013.05.07 06:22:34.020,1.56551,1.56583,1.50,1.50
2013.05.07 06:22:34.140,1.56551,1.56584,1.32,2.29
2013.05.07 06:22:34.681,1.56551,1.56586,1.32,2.07
2013.05.07 06:22:34.741,1.56553,1.56586,1.50,1.32
2013.05.07 06:22:34.861,1.56553,1.56584,1.50,1.13
2013.05.07 06:22:34.921,1.56548,1.56582,2.10,1.69
2013.05.07 06:22:35.441,1.56549,1.56582,1.13,1.13
2013.05.07 06:22:35.500,1.5655,1.56583,1.13,1.50
2013.05.07 06:22:35.564,1.5655,1.56583,1.50,1.88
2013.05.07 06:22:36.150,1.56547,1.56583,1.13,1.13
2013.05.07 06:22:36.270,1.56549,1.56583,1.32,2.29
2013.05.07 06:22:36.910,1.5655,1.56583,1.32,1.54
2013.05.07 06:22:36.972,1.5655,1.56584,1.32,1.13
2013.05.07 06:22:37.533,1.56556,1.56586,1.13,1.50
2013.05.07 06:22:38.770,1.56556,1.56588,1.32,1.50
2013.05.07 06:22:38.861,1.56552,1.56587,1.50,1.50
2013.05.07 06:22:39.160,1.56552,1.56583,1.32,1.50
2013.05.07 06:22:39.340,1.56552,1.56583,1.32,2.25
2013.05.07 06:22:39.650,1.56549,1.56581,1.88,1.50
2013.05.07 06:22:39.890,1.56552,1.56588,1.13,1.69
2013.05.07 06:22:40.070,1.56552,1.56588,1.32,1.50
2013.05.07 06:22:40.152,1.56552,1.56588,1.32,1.50
2013.05.07 06:22:41.090,1.56552,1.56587,1.32,1.50
2013.05.07 06:22:41.391,1.56552,1.56586,1.13,1.69
2013.05.07 06:22:43.521,1.56555,1.56589,1.13,2.25
2013.05.07 06:22:44.931,1.56555,1.56587,1.13,1.50
2013.05.07 06:22:53.601,1.56555,1.56587,1.13,1.69
2013.05.07 06:22:53.910,1.56555,1.56587,1.13,1.69
2013.05.07 06:22:56.849,1.56556,1.56586,1.13,1.88
2013.05.07 06:22:57.160,1.56556,1.56586,1.13,1.13
2013.05.07 06:22:57.809,1.56556,1.56588,1.13,1.69
2013.05.07 06:22:58.920,1.56557,1.56589,1.13,1.32
2013.05.07 06:22:59.100,1.56558,1.56592,1.50,1.13
2013.05.07 06:22:59.654,1.56558,1.56591,1.50,1.50
2013.05.07 06:22:59.836,1.56557,1.56593,1.88,2.44
2013.05.07 06:22:59.960,1.56557,1.56592,1.88,1.13
2013.05.07 06:23:01.361,1.56566,1.56593,1.50,1.13
2013.05.07 06:23:01.911,1.56567,1.56597,1.13,1.13
2013.05.07 06:23:02.874,1.56567,1.56601,1.13,1.13
2013.05.07 06:23:08.611,1.56567,1.56601,1.13,1.13
2013.05.07 06:23:09.561,1.56563,1.56593,1.13,2.25
2013.05.07 06:23:10.992,1.56563,1.56595,1.13,1.50
2013.05.07 06:23:12.333,1.56561,1.56594,1.13,1.50
2013.05.07 06:23:12.391,1.56563,1.56594,1.13,1.73
2013.05.07 06:23:13.223,1.56563,1.56593,1.13,1.73
2013.05.07 06:23:13.341,1.56563,1.56595,1.13,2.48
2013.05.07 06:23:20.853,1.56561,1.56594,1.13,1.50
2013.05.07 06:23:24.819,1.56561,1.56594,1.13,1.50
2013.05.07 06:23:27.124,1.56561,1.56595,1.13,1.69
2013.05.07 06:23:27.252,1.56561,1.56596,1.32,1.13
2013.05.07 06:23:31.144,1.56564,1.56597,1.13,1.88
2013.05.07 06:23:33.103,1.56562,1.56593,1.13,1.50
2013.05.07 06:23:37.193,1.56561,1.56593,1.13,1.69
2013.05.07 06:23:40.742,1.56561,1.56593,1.13,2.67
2013.05.07 06:23:41.984,1.56561,1.56593,1.13,1.69
2013.05.07 06:23:43.547,1.56563,1.56594,1.13,1.50
2013.05.07 06:23:43.627,1.56561,1.56594,1.13,2.25
2013.05.07 06:23:44.322,1.56561,1.56594,1.13,2.25
2013.05.07 06:23:47.360,1.56561,1.56594,1.13,2.25
2013.05.07 06:23:49.402,1.56559,1.56593,1.88,1.50
2013.05.07 06:23:49.752,1.56561,1.56594,1.13,2.25
2013.05.07 06:23:50.661,1.56559,1.56593,1.88,1.50
2013.05.07 06:23:52.122,1.56561,1.56594,1.13,2.25
2013.05.07 06:23:52.671,1.56559,1.56593,1.88,1.50
2013.05.07 06:23:53.506,1.56562,1.56593,1.13,1.50
2013.05.07 06:23:53.690,1.56562,1.56593,1.13,1.50
2013.05.07 06:23:53.870,1.56562,1.56593,1.13,2.48
2013.05.07 06:23:54.174,1.56559,1.56591,1.13,1.73
2013.05.07 06:23:55.172,1.56556,1.56589,1.88,1.50
2013.05.07 06:24:01.343,1.56556,1.56589,1.13,1.50
2013.05.07 06:24:03.381,1.56554,1.5659,1.50,1.50
2013.05.07 06:24:03.810,1.56552,1.5659,3.00,3.23
2013.05.07 06:24:04.363,1.56556,1.5659,1.13,2.67
2013.05.07 06:24:05.232,1.56556,1.5659,1.13,2.48
2013.05.07 06:24:06.122,1.56556,1.5659,1.13,2.48
2013.05.07 06:24:06.779,1.56556,1.56589,1.13,1.50
2013.05.07 06:24:07.081,1.56556,1.56582,1.13,1.50
2013.05.07 06:24:07.141,1.56556,1.56582,1.13,1.50
2013.05.07 06:24:08.192,1.56556,1.56582,1.13,1.50
2013.05.07 06:24:09.685,1.56558,1.56588,1.13,1.50
2013.05.07 06:24:09.824,1.56561,1.56594,1.13,2.25
2013.05.07 06:24:10.131,1.56561,1.56593,1.13,1.50
2013.05.07 06:24:10.442,1.56565,1.56596,1.13,1.13
2013.05.07 06:24:10.501,1.56564,1.56596,1.13,1.13
2013.05.07 06:24:10.942,1.56562,1.56595,1.50,1.50
2013.05.07 06:24:11.012,1.56562,1.56593,1.13,2.25
2013.05.07 06:24:11.371,1.56553,1.56586,1.13,1.50
2013.05.07 06:24:12.117,1.56551,1.56585,2.25,1.50
2013.05.07 06:24:12.742,1.56551,1.56585,1.50,1.32
2013.05.07 06:24:13.101,1.56553,1.56584,1.32,2.25
2013.05.07 06:24:13.692,1.56552,1.56584,1.13,1.50
2013.05.07 06:24:14.423,1.56553,1.56584,1.13,1.50
2013.05.07 06:24:17.763,1.56555,1.56585,1.13,1.50
2013.05.07 06:24:18.441,1.56555,1.56585,1.13,1.50
2013.05.07 06:24:18.967,1.56553,1.56583,1.13,1.50
2013.05.07 06:24:20.437,1.56552,1.56583,1.50,1.50
2013.05.07 06:24:21.841,1.56552,1.56583,1.50,1.50
2013.05.07 06:24:22.415,1.56552,1.56583,1.88,1.50
2013.05.07 06:24:23.120,1.56552,1.56583,1.88,1.50
2013.05.07 06:24:24.182,1.56552,1.56583,1.88,1.50
2013.05.07 06:24:24.361,1.56553,1.56584,1.13,1.50
2013.05.07 06:24:24.721,1.56553,1.56585,1.69,1.50
2013.05.07 06:24:26.231,1.56553,1.56585,1.69,1.50
2013.05.07 06:24:26.592,1.56557,1.56585,1.13,1.50
2013.05.07 06:24:26.931,1.56557,1.56585,1.32,1.50
2013.05.07 06:24:30.901,1.56557,1.56584,1.32,1.50
2013.05.07 06:24:31.632,1.56557,1.56584,1.50,1.50
2013.05.07 06:24:31.690,1.56557,1.56584,1.32,1.50
2013.05.07 06:24:31.751,1.56557,1.56588,1.32,2.25
2013.05.07 06:24:32.381,1.56556,1.56588,1.50,1.50
2013.05.07 06:24:32.621,1.56557,1.56591,1.32,2.48
2013.05.07 06:24:32.931,1.56558,1.56592,1.32,1.50
2013.05.07 06:24:33.051,1.56561,1.56595,1.32,1.50
2013.05.07 06:24:33.110,1.56561,1.56598,1.32,2.07
2013.05.07 06:24:33.471,1.56564,1.56598,1.32,2.10
2013.05.07 06:24:34.405,1.56566,1.56596,1.50,1.50
2013.05.07 06:24:34.483,1.56566,1.56597,1.13,2.48
2013.05.07 06:24:38.554,1.56566,1.56597,1.13,1.73
2013.05.07 06:24:38.611,1.56562,1.56597,1.50,2.48
2013.05.07 06:24:39.074,1.56566,1.56596,1.50,1.73
2013.05.07 06:24:39.431,1.56566,1.56597,1.32,1.73
2013.05.07 06:24:40.842,1.56562,1.56596,1.13,1.73
2013.05.07 06:24:41.282,1.56561,1.56594,1.88,1.69
2013.05.07 06:24:42.322,1.56561,1.56594,1.88,1.69
2013.05.07 06:24:42.381,1.56561,1.56593,1.13,1.69
2013.05.07 06:24:42.561,1.56561,1.56593,1.13,1.69
2013.05.07 06:24:42.680,1.56561,1.56593,1.13,1.69
2013.05.07 06:24:43.319,1.56561,1.56593,1.13,1.69
2013.05.07 06:24:43.501,1.56561,1.56594,1.13,1.69
2013.05.07 06:24:44.522,1.56558,1.56593,1.13,1.69
2013.05.07 06:24:44.641,1.56562,1.56593,1.13,2.44
2013.05.07 06:24:44.701,1.56562,1.5659,1.13,1.69
2013.05.07 06:24:45.340,1.56557,1.56588,1.13,1.69
2013.05.07 06:24:45.653,1.56557,1.5659,1.13,1.32
2013.05.07 06:24:49.024,1.56556,1.56589,1.88,1.69
2013.05.07 06:24:49.091,1.56556,1.56587,1.13,1.50
2013.05.07 06:24:49.623,1.56557,1.56587,1.13,2.25
2013.05.07 06:24:49.802,1.56557,1.56588,1.13,1.69
2013.05.07 06:24:50.284,1.56557,1.56588,1.13,2.44
2013.05.07 06:24:53.791,1.56557,1.56588,1.13,1.69
2013.05.07 06:24:54.141,1.56557,1.56588,1.13,2.44
2013.05.07 06:24:56.742,1.56553,1.56587,1.50,2.25
2013.05.07 06:24:56.822,1.56557,1.56587,1.13,1.50
2013.05.07 06:25:00.011,1.56557,1.56587,1.13,1.50
2013.05.07 06:25:03.661,1.56557,1.56587,1.13,1.50
2013.05.07 06:25:04.412,1.56557,1.56587,1.13,1.50
2013.05.07 06:25:04.971,1.56557,1.56588,1.13,1.69
2013.05.07 06:25:05.493,1.56557,1.56587,1.13,1.50
2013.05.07 06:25:07.152,1.56557,1.56588,1.13,1.50
2013.05.07 06:25:09.632,1.56557,1.56587,1.13,1.50
2013.05.07 06:25:10.373,1.56555,1.56587,1.13,1.88
2013.05.07 06:25:11.622,1.56555,1.56587,1.13,1.88
2013.05.07 06:25:12.140,1.56557,1.56587,1.13,1.50
2013.05.07 06:25:14.080,1.56557,1.56588,1.13,1.88
2013.05.07 06:25:16.390,1.56557,1.56588,1.13,1.50
2013.05.07 06:25:20.151,1.56554,1.56587,1.50,1.50
2013.05.07 06:25:20.510,1.56552,1.56584,1.50,1.69
2013.05.07 06:25:26.413,1.56551,1.56583,1.95,2.44
2013.05.07 06:25:27.014,1.56551,1.56584,1.50,1.69
2013.05.07 06:25:27.422,1.56551,1.56583,1.50,1.13
2013.05.07 06:25:28.182,1.56551,1.56583,1.50,1.32
2013.05.07 06:25:28.491,1.56551,1.56583,1.13,2.07
2013.05.07 06:25:29.041,1.56546,1.56579,1.88,1.13
2013.05.07 06:25:29.716,1.56546,1.56578,1.13,1.13
2013.05.07 06:25:31.350,1.56543,1.56577,1.88,2.07
2013.05.07 06:25:34.121,1.56544,1.56577,1.13,2.07
2013.05.07 06:25:35.688,1.56546,1.56577,1.13,1.69
2013.05.07 06:25:36.712,1.56546,1.56577,1.13,1.69
2013.05.07 06:25:44.101,1.56547,1.56579,1.13,1.69
2013.05.07 06:25:46.273,1.56546,1.56577,1.13,1.50
2013.05.07 06:25:47.030,1.56546,1.56578,1.88,1.32
2013.05.07 06:25:52.986,1.56547,1.56579,1.13,1.69
2013.05.07 06:25:55.801,1.56546,1.56579,1.50,2.07
2013.05.07 06:26:02.265,1.56547,1.5658,1.88,1.69
2013.05.07 06:26:02.511,1.56553,1.56586,1.88,1.13
2013.05.07 06:26:02.753,1.56556,1.56587,1.13,1.50
2013.05.07 06:26:02.812,1.56556,1.56587,1.13,1.50
2013.05.07 06:26:03.172,1.56556,1.56591,1.62,1.13
2013.05.07 06:26:03.231,1.56563,1.56595,1.13,1.13
2013.05.07 06:26:04.961,1.56562,1.56595,1.13,1.13
2013.05.07 06:26:06.673,1.56562,1.56594,1.13,1.88
2013.05.07 06:26:09.462,1.56559,1.56593,1.13,1.88
2013.05.07 06:26:09.989,1.56559,1.56593,1.13,1.88
2013.05.07 06:26:10.691,1.56558,1.56592,1.13,1.88
2013.05.07 06:26:11.051,1.56556,1.5659,1.13,1.50
2013.05.07 06:26:12.301,1.56556,1.5659,1.13,1.50
2013.05.07 06:26:13.850,1.56556,1.5659,1.13,1.50
2013.05.07 06:26:15.881,1.5656,1.5659,1.13,1.50
2013.05.07 06:26:16.321,1.5656,1.56592,1.13,1.13
2013.05.07 06:26:16.381,1.56557,1.56592,1.13,1.13
2013.05.07 06:26:16.852,1.56556,1.56588,1.13,1.50
2013.05.07 06:26:20.541,1.56556,1.56592,2.63,1.13
2013.05.07 06:26:21.782,1.56558,1.56592,1.13,1.13
2013.05.07 06:26:23.602,1.56562,1.56593,1.13,1.50
2013.05.07 06:26:23.962,1.56564,1.56597,1.13,1.50
2013.05.07 06:26:24.021,1.56564,1.56598,1.88,1.69
2013.05.07 06:26:27.591,1.56567,1.56598,1.13,1.69
2013.05.07 06:26:27.991,1.56568,1.566,1.13,2.07
2013.05.07 06:26:28.292,1.56569,1.566,1.50,1.32
2013.05.07 06:26:28.892,1.56569,1.566,1.50,1.32
2013.05.07 06:26:29.162,1.56568,1.566,1.88,1.32
2013.05.07 06:26:30.780,1.5657,1.56601,1.13,1.69
2013.05.07 06:26:31.403,1.56567,1.56601,1.13,1.88
2013.05.07 06:26:31.931,1.56574,1.56601,1.73,1.69
2013.05.07 06:26:32.352,1.56572,1.56605,1.13,2.44
2013.05.07 06:26:32.423,1.56572,1.56605,1.13,2.07
2013.05.07 06:26:32.482,1.56572,1.56605,1.13,1.32
2013.05.07 06:26:32.721,1.56572,1.56601,1.13,1.50
2013.05.07 06:26:38.861,1.56574,1.56599,1.13,1.13
2013.05.07 06:26:39.401,1.56571,1.566,1.13,1.50
2013.05.07 06:26:40.680,1.56574,1.566,1.13,1.88
2013.05.07 06:26:40.742,1.56572,1.566,1.13,1.13
2013.05.07 06:26:40.803,1.56572,1.56603,2.10,1.13
2013.05.07 06:26:41.162,1.56572,1.56603,1.13,1.13
2013.05.07 06:26:41.231,1.56572,1.56605,1.88,1.13
2013.05.07 06:26:41.470,1.56572,1.56604,1.88,1.13
2013.05.07 06:26:42.111,1.56572,1.56602,1.13,1.13
2013.05.07 06:26:42.792,1.56571,1.56603,1.13,1.88
2013.05.07 06:26:49.970,1.56571,1.56603,1.13,2.63
2013.05.07 06:26:50.191,1.56572,1.56603,1.13,2.63
2013.05.07 06:26:53.231,1.56574,1.56602,1.13,1.88
2013.05.07 06:27:00.591,1.56571,1.56602,1.13,1.88
2013.05.07 06:27:01.015,1.56571,1.56602,1.13,2.48
2013.05.07 06:27:01.647,1.56565,1.56601,1.50,2.25
2013.05.07 06:27:01.971,1.56568,1.56603,1.50,1.32
2013.05.07 06:27:02.558,1.56568,1.56604,1.50,2.82
2013.05.07 06:27:02.831,1.56569,1.56603,1.50,1.50
2013.05.07 06:27:05.431,1.56565,1.566,1.50,1.50
2013.05.07 06:27:07.562,1.56563,1.566,1.50,1.50
2013.05.07 06:27:08.211,1.56563,1.56598,1.50,1.50
2013.05.07 06:27:09.191,1.56563,1.56597,1.50,1.50
2013.05.07 06:27:18.812,1.56565,1.56598,1.50,1.13
2013.05.07 06:27:23.224,1.56565,1.56598,1.50,1.13
2013.05.07 06:27:32.821,1.56566,1.56598,1.13,1.13
2013.05.07 06:27:33.861,1.56566,1.56598,1.13,1.13
2013.05.07 06:27:34.413,1.56566,1.56598,1.13,1.13
2013.05.07 06:27:37.410,1.56566,1.56598,1.13,1.13
2013.05.07 06:27:43.891,1.56566,1.56598,1.13,1.50
2013.05.07 06:27:44.861,1.56566,1.56596,1.13,1.88
2013.05.07 06:27:47.044,1.56565,1.56596,1.13,1.88
2013.05.07 06:27:52.753,1.56566,1.56596,1.13,1.88
2013.05.07 06:27:54.166,1.56566,1.56596,1.13,1.88
2013.05.07 06:27:57.050,1.56565,1.56597,1.88,1.50
2013.05.07 06:27:58.488,1.56565,1.56597,1.13,2.25
2013.05.07 06:27:58.672,1.56565,1.56597,1.88,1.50
2013.05.07 06:27:59.165,1.56565,1.56597,1.13,1.13
2013.05.07 06:28:02.852,1.56565,1.56597,1.88,1.13
2013.05.07 06:28:06.951,1.56565,1.56597,1.88,1.13
2013.05.07 06:28:10.983,1.56566,1.56596,1.50,1.13
2013.05.07 06:28:11.313,1.56565,1.56596,1.13,1.50
2013.05.07 06:28:11.781,1.56561,1.56594,1.13,1.50
2013.05.07 06:28:14.703,1.56559,1.56592,1.13,1.50
2013.05.07 06:28:14.942,1.56562,1.56593,1.13,1.50
2013.05.07 06:28:17.187,1.56559,1.56592,1.13,1.50
2013.05.07 06:28:17.311,1.56561,1.56594,1.13,1.50
2013.05.07 06:28:17.851,1.56561,1.56592,1.13,2.25
2013.05.07 06:28:17.972,1.56556,1.5659,1.13,1.88
2013.05.07 06:28:18.211,1.56556,1.56588,1.13,1.50
2013.05.07 06:28:18.555,1.56551,1.56584,1.13,2.25
2013.05.07 06:28:18.622,1.56551,1.56584,1.13,2.63
2013.05.07 06:28:19.162,1.56546,1.56579,1.88,1.50
2013.05.07 06:28:19.492,1.56551,1.56584,1.13,1.88
2013.05.07 06:28:21.453,1.56552,1.56584,1.13,1.88
2013.05.07 06:28:21.903,1.56547,1.56581,1.50,1.50
2013.05.07 06:28:22.202,1.56548,1.56582,1.50,1.13
2013.05.07 06:28:22.522,1.56548,1.56578,1.32,1.73
2013.05.07 06:28:23.313,1.56545,1.56577,1.50,1.13
2013.05.07 06:28:23.624,1.56546,1.56576,1.13,1.50
2013.05.07 06:28:24.733,1.5655,1.56576,1.13,1.50
2013.05.07 06:28:25.522,1.56547,1.56576,1.13,1.50
2013.05.07 06:28:27.185,1.56546,1.56576,1.13,1.50
2013.05.07 06:28:28.003,1.56546,1.56576,1.13,1.50
2013.05.07 06:28:28.433,1.56546,1.56576,1.13,1.50
2013.05.07 06:28:29.995,1.56545,1.56573,1.13,1.13
2013.05.07 06:28:32.541,1.56544,1.56572,1.13,1.50
2013.05.07 06:28:33.091,1.56544,1.56572,1.13,1.50
2013.05.07 06:28:33.633,1.56541,1.56572,1.13,1.50
2013.05.07 06:28:33.829,1.56541,1.56567,1.13,1.13
2013.05.07 06:28:35.156,1.56541,1.56567,1.13,1.13
2013.05.07 06:28:37.692,1.56541,1.56568,1.13,1.32
2013.05.07 06:28:37.932,1.56541,1.56568,1.13,1.13
2013.05.07 06:28:48.912,1.56535,1.56562,1.13,1.13
2013.05.07 06:28:49.033,1.56529,1.56566,1.32,1.50
2013.05.07 06:28:49.383,1.56535,1.56563,1.13,1.13
2013.05.07 06:28:53.243,1.56536,1.56563,1.13,1.13
2013.05.07 06:28:54.095,1.56536,1.56568,1.13,1.69
2013.05.07 06:28:54.175,1.56536,1.56568,1.88,1.69
2013.05.07 06:28:54.318,1.56536,1.56568,1.88,1.13
2013.05.07 06:28:54.502,1.56536,1.56563,1.88,1.13
2013.05.07 06:28:54.872,1.56536,1.56563,1.88,1.13
2013.05.07 06:28:55.183,1.56536,1.56564,1.13,1.13
2013.05.07 06:28:59.692,1.5654,1.56563,1.50,1.13
2013.05.07 06:29:02.181,1.56546,1.56571,1.88,1.13
2013.05.07 06:29:02.241,1.56551,1.56572,1.13,1.13
2013.05.07 06:29:02.542,1.56559,1.56584,1.13,2.07
2013.05.07 06:29:02.869,1.56561,1.56584,1.13,1.13
2013.05.07 06:29:02.950,1.56566,1.56597,2.07,1.50
2013.05.07 06:29:03.014,1.56566,1.56597,1.88,1.50
2013.05.07 06:29:03.501,1.56573,1.56603,1.13,1.69
2013.05.07 06:29:03.561,1.56573,1.56603,1.13,1.69
2013.05.07 06:29:04.474,1.56574,1.56604,1.13,1.50
2013.05.07 06:29:04.722,1.56576,1.56608,1.88,1.13
2013.05.07 06:29:04.843,1.56576,1.56608,1.88,1.13
2013.05.07 06:29:05.442,1.56581,1.56613,1.88,1.88
2013.05.07 06:29:05.742,1.56581,1.56613,1.88,1.13
2013.05.07 06:29:06.101,1.56581,1.5661,1.13,1.50
2013.05.07 06:29:06.592,1.56585,1.56611,1.13,1.13
2013.05.07 06:29:06.831,1.56585,1.56612,1.13,1.13
2013.05.07 06:29:07.253,1.56585,1.56613,1.13,1.50
2013.05.07 06:29:07.683,1.56585,1.56607,1.13,1.13
2013.05.07 06:29:08.213,1.56579,1.56603,1.13,1.13
2013.05.07 06:29:08.344,1.56579,1.56603,1.13,1.13
2013.05.07 06:29:08.583,1.56577,1.56604,1.32,1.13
2013.05.07 06:29:09.330,1.56579,1.56604,1.13,1.13
2013.05.07 06:29:11.252,1.56581,1.56603,1.13,1.13
2013.05.07 06:29:11.416,1.56581,1.56603,1.13,1.13
2013.05.07 06:29:11.863,1.56578,1.56603,1.88,1.13
2013.05.07 06:29:12.381,1.56578,1.56603,1.13,1.13
2013.05.07 06:29:13.681,1.56578,1.56603,1.13,1.13
2013.05.07 06:29:14.872,1.56578,1.56603,1.13,1.13
2013.05.07 06:29:15.691,1.56579,1.56603,1.13,1.13
2013.05.07 06:29:16.114,1.56579,1.56604,1.13,1.13
2013.05.07 06:29:16.851,1.56579,1.56608,1.13,1.69
2013.05.07 06:29:18.741,1.56575,1.56607,1.50,1.13
2013.05.07 06:29:19.741,1.56575,1.56607,1.50,1.13
2013.05.07 06:29:19.981,1.56575,1.56607,1.50,1.13
2013.05.07 06:29:20.293,1.56575,1.56607,1.50,1.13
2013.05.07 06:29:20.411,1.56575,1.56607,1.50,1.13
2013.05.07 06:29:21.141,1.56575,1.56608,1.50,1.50
2013.05.07 06:29:24.971,1.56575,1.56608,1.50,1.50
2013.05.07 06:29:25.152,1.56575,1.56606,1.50,1.50
2013.05.07 06:29:25.271,1.5657,1.56606,1.50,1.69
2013.05.07 06:29:25.951,1.5657,1.56604,1.50,1.69
2013.05.07 06:29:26.071,1.56574,1.56607,1.50,1.50
2013.05.07 06:29:26.381,1.56574,1.56607,1.50,1.50
2013.05.07 06:29:26.873,1.56574,1.56607,1.50,1.13
2013.05.07 06:29:27.450,1.56571,1.56608,1.32,1.88
2013.05.07 06:29:28.501,1.56574,1.56607,1.69,1.13
2013.05.07 06:29:30.961,1.56571,1.56608,1.32,1.88
2013.05.07 06:29:31.663,1.56573,1.56608,1.69,2.25
2013.05.07 06:29:32.491,1.56573,1.56608,1.69,2.25
2013.05.07 06:29:34.501,1.56571,1.56608,1.32,2.25
2013.05.07 06:29:36.645,1.56571,1.56608,1.32,2.25
2013.05.07 06:29:36.951,1.5657,1.56608,3.79,2.25
2013.05.07 06:29:37.531,1.5657,1.56608,3.42,2.25
2013.05.07 06:29:37.858,1.5657,1.56608,3.42,2.25
2013.05.07 06:29:38.551,1.5657,1.56608,3.42,2.25
2013.05.07 06:29:38.833,1.5657,1.56607,3.42,1.13
2013.05.07 06:29:39.192,1.56564,1.56597,1.32,1.50
2013.05.07 06:29:39.251,1.56564,1.56597,1.32,1.50
2013.05.07 06:29:39.673,1.5656,1.56597,1.92,1.50
2013.05.07 06:29:39.892,1.56558,1.56595,1.69,1.13
2013.05.07 06:29:42.231,1.5656,1.56595,1.92,1.50
2013.05.07 06:29:43.633,1.56556,1.56595,1.92,1.50
2013.05.07 06:29:44.226,1.56555,1.56595,1.32,1.50
2013.05.07 06:29:46.803,1.56555,1.56595,1.32,1.13
2013.05.07 06:29:46.921,1.56559,1.56598,1.69,3.23
2013.05.07 06:29:48.121,1.56559,1.56598,1.69,1.50
2013.05.07 06:29:48.532,1.5656,1.56598,1.32,1.50
2013.05.07 06:29:48.752,1.56561,1.56598,1.69,2.25
2013.05.07 06:29:49.169,1.56561,1.56598,1.69,1.50
2013.05.07 06:29:49.243,1.56561,1.56598,1.69,2.25
2013.05.07 06:29:49.543,1.56561,1.56598,1.69,1.50
2013.05.07 06:29:50.821,1.56562,1.56598,1.69,1.50
2013.05.07 06:29:57.482,1.56565,1.56598,1.13,1.50
2013.05.07 06:30:00.174,1.56565,1.56598,1.13,1.50
2013.05.07 06:30:00.236,1.56562,1.56597,1.69,1.50
2013.05.07 06:30:00.422,1.56562,1.56598,2.25,2.25
2013.05.07 06:30:00.711,1.56565,1.56597,1.13,1.50
2013.05.07 06:30:00.834,1.56565,1.56598,1.13,1.50
2013.05.07 06:30:01.081,1.56565,1.56596,1.13,1.50
2013.05.07 06:30:02.355,1.56566,1.56596,1.13,1.50
2013.05.07 06:30:03.175,1.56566,1.56598,1.13,1.69
2013.05.07 06:30:03.243,1.56561,1.56591,1.32,1.13
2013.05.07 06:30:03.482,1.56557,1.56588,1.13,1.50
2013.05.07 06:30:04.971,1.56559,1.56589,1.13,2.25
2013.05.07 06:30:05.581,1.56559,1.56589,1.13,2.25
2013.05.07 06:30:06.173,1.56559,1.56589,1.13,1.50
2013.05.07 06:30:06.832,1.56559,1.56591,1.13,1.50
2013.05.07 06:30:19.392,1.56557,1.5659,1.13,1.50
2013.05.07 06:30:21.202,1.56557,1.56588,1.13,1.73
2013.05.07 06:30:21.382,1.56557,1.56588,1.13,2.25
2013.05.07 06:30:24.651,1.56557,1.56588,1.13,1.50
2013.05.07 06:30:24.711,1.56556,1.56589,1.32,1.88
2013.05.07 06:30:25.012,1.5656,1.5659,1.13,2.25
2013.05.07 06:30:27.451,1.56559,1.56591,1.13,1.13
2013.05.07 06:30:35.162,1.56559,1.56591,1.32,1.13
2013.05.07 06:30:37.473,1.56557,1.5659,1.13,1.13
2013.05.07 06:30:39.591,1.56558,1.56591,1.13,1.32
2013.05.07 06:30:40.191,1.56559,1.56593,1.50,1.13
2013.05.07 06:30:40.430,1.5656,1.56593,1.50,1.13
2013.05.07 06:30:40.611,1.56562,1.56596,1.88,1.35
2013.05.07 06:30:41.377,1.56562,1.56597,1.88,1.13
2013.05.07 06:30:47.495,1.56563,1.56597,1.13,1.13
2013.05.07 06:30:49.541,1.56563,1.56597,1.13,1.13
2013.05.07 06:30:51.211,1.56563,1.56597,1.13,1.13
2013.05.07 06:30:53.073,1.56563,1.56597,2.07,1.13
2013.05.07 06:30:53.793,1.56563,1.56597,2.07,1.13
2013.05.07 06:30:54.432,1.56563,1.56597,1.50,1.13
2013.05.07 06:30:54.552,1.56565,1.56597,1.32,1.13
2013.05.07 06:30:55.145,1.56565,1.56597,1.32,1.13
2013.05.07 06:30:56.213,1.56565,1.56597,1.32,1.13
2013.05.07 06:30:58.607,1.56565,1.56597,1.13,1.13
2013.05.07 06:30:58.922,1.56562,1.56597,1.13,1.88
2013.05.07 06:30:59.282,1.56564,1.56597,1.13,2.10
2013.05.07 06:30:59.862,1.56564,1.56597,1.13,2.10
2013.05.07 06:31:00.458,1.56564,1.56597,1.13,2.10
2013.05.07 06:31:01.051,1.56562,1.56593,1.13,1.17
2013.05.07 06:31:02.568,1.56561,1.56593,1.50,1.35
2013.05.07 06:31:04.300,1.56561,1.56595,1.50,1.35
2013.05.07 06:31:04.801,1.56566,1.56594,1.50,1.35
2013.05.07 06:31:05.369,1.56566,1.56599,1.50,3.00
2013.05.07 06:31:07.492,1.56566,1.56599,1.50,2.25
2013.05.07 06:31:10.342,1.56566,1.56599,2.25,1.50
2013.05.07 06:31:11.123,1.56565,1.56599,1.88,2.25
2013.05.07 06:31:16.460,1.56563,1.56597,1.13,1.32
2013.05.07 06:31:16.699,1.56561,1.56593,1.88,1.17
2013.05.07 06:31:17.469,1.56561,1.56593,1.50,1.54
2013.05.07 06:31:18.189,1.56561,1.56593,1.50,1.54
2013.05.07 06:31:20.718,1.56561,1.56595,1.50,1.73
2013.05.07 06:31:21.478,1.56561,1.56595,1.50,1.73
2013.05.07 06:31:23.167,1.56561,1.56595,1.50,1.73
2013.05.07 06:31:24.331,1.56561,1.56594,1.50,1.54
2013.05.07 06:31:26.342,1.56561,1.56594,1.50,1.54
2013.05.07 06:31:31.859,1.56561,1.56593,1.50,1.32
2013.05.07 06:31:32.390,1.56561,1.56593,1.50,2.29
2013.05.07 06:31:32.920,1.56561,1.5659,1.50,1.13
2013.05.07 06:31:34.344,1.56561,1.56593,1.50,1.54
2013.05.07 06:31:34.680,1.56559,1.5659,1.88,1.13
2013.05.07 06:31:34.949,1.56559,1.5659,1.13,1.13
2013.05.07 06:31:35.188,1.56557,1.56589,2.25,1.13
2013.05.07 06:31:37.187,1.56557,1.56588,1.13,1.13
2013.05.07 06:31:40.057,1.56557,1.56588,1.13,1.13
2013.05.07 06:31:40.528,1.56557,1.56586,1.50,1.13
2013.05.07 06:31:41.223,1.56557,1.56586,1.50,1.73
2013.05.07 06:31:41.774,1.56557,1.56586,1.50,1.73
2013.05.07 06:31:44.668,1.56557,1.56586,1.13,2.10
2013.05.07 06:31:45.368,1.56557,1.56586,1.13,1.73
2013.05.07 06:31:45.488,1.56555,1.56584,1.13,1.73
2013.05.07 06:31:45.549,1.56555,1.56585,1.13,1.92
2013.05.07 06:31:46.177,1.56553,1.56585,1.50,1.50
2013.05.07 06:31:46.479,1.56558,1.56589,1.50,1.50
2013.05.07 06:31:46.544,1.56557,1.56585,1.50,1.50
2013.05.07 06:31:46.968,1.5656,1.56585,1.13,1.35
2013.05.07 06:31:47.469,1.5656,1.56585,1.13,1.35
2013.05.07 06:31:47.709,1.56558,1.56584,1.13,1.73
2013.05.07 06:31:49.434,1.56556,1.56584,2.25,1.73
2013.05.07 06:31:49.959,1.56556,1.56584,1.13,1.73
2013.05.07 06:31:50.609,1.56551,1.56583,1.50,1.13
2013.05.07 06:31:50.878,1.56542,1.56574,1.13,1.92
2013.05.07 06:31:53.248,1.56542,1.56574,1.88,1.92
2013.05.07 06:31:53.689,1.56533,1.56563,1.50,1.92
2013.05.07 06:31:53.940,1.56527,1.56553,1.50,1.73
2013.05.07 06:31:54.561,1.56528,1.56554,1.50,1.73
2013.05.07 06:31:54.868,1.56528,1.56555,1.50,1.17
2013.05.07 06:31:54.929,1.56528,1.56556,1.50,1.32
2013.05.07 06:32:00.888,1.56531,1.56561,2.25,2.25
2013.05.07 06:32:00.950,1.56531,1.56561,2.25,1.50
2013.05.07 06:32:01.010,1.56531,1.56561,2.25,1.13
2013.05.07 06:32:01.068,1.56537,1.56565,1.50,2.10
2013.05.07 06:32:01.612,1.56536,1.56565,1.50,2.10
2013.05.07 06:32:02.272,1.56536,1.56565,1.50,2.10
2013.05.07 06:32:03.488,1.56537,1.56565,1.50,1.92
2013.05.07 06:32:03.668,1.56537,1.56565,1.50,1.73
2013.05.07 06:32:04.660,1.56539,1.56565,1.50,1.73
2013.05.07 06:32:04.778,1.5654,1.56567,1.50,1.13
2013.05.07 06:32:05.389,1.56536,1.56564,1.50,1.13
2013.05.07 06:32:05.839,1.5654,1.5657,1.50,1.69
2013.05.07 06:32:06.198,1.56543,1.56571,1.50,1.13
2013.05.07 06:32:06.438,1.56543,1.56573,1.50,1.13
2013.05.07 06:32:06.768,1.56539,1.5657,1.50,1.13
2013.05.07 06:32:07.008,1.56542,1.56573,1.50,3.60
2013.05.07 06:32:07.188,1.56544,1.56573,1.50,2.48
2013.05.07 06:32:07.579,1.56542,1.56573,1.50,2.48
2013.05.07 06:32:07.759,1.56542,1.56573,1.50,2.48
2013.05.07 06:32:09.718,1.56541,1.56571,2.25,1.13
2013.05.07 06:32:10.370,1.56541,1.56571,2.25,1.32
2013.05.07 06:32:11.508,1.56541,1.56571,2.25,2.10
2013.05.07 06:32:12.277,1.56541,1.56573,3.00,1.92
2013.05.07 06:32:12.909,1.56541,1.56572,3.00,1.92
2013.05.07 06:32:13.328,1.56536,1.5657,1.50,1.13
2013.05.07 06:32:13.508,1.56536,1.5657,1.50,1.02
2013.05.07 06:32:13.688,1.56536,1.56569,1.50,1.02
2013.05.07 06:32:14.086,1.56536,1.56569,1.50,1.50
2013.05.07 06:32:17.119,1.56532,1.56565,1.50,1.13
2013.05.07 06:32:17.946,1.56531,1.56565,1.88,1.50
2013.05.07 06:32:20.628,1.56532,1.56563,1.50,1.32
2013.05.07 06:32:20.748,1.56533,1.56563,1.50,1.13
2013.05.07 06:32:27.346,1.56537,1.56568,1.50,1.50
2013.05.07 06:32:40.689,1.56533,1.56566,1.50,1.13
2013.05.07 06:32:40.998,1.56532,1.56562,1.13,2.29
2013.05.07 06:32:41.118,1.56531,1.56561,1.13,1.73
2013.05.07 06:32:41.619,1.56529,1.56561,1.50,2.10
2013.05.07 06:32:42.188,1.56527,1.56561,1.13,1.13
2013.05.07 06:32:42.248,1.56526,1.56556,1.13,1.73
2013.05.07 06:32:42.370,1.56525,1.56559,1.13,2.10
2013.05.07 06:32:42.488,1.56525,1.56559,1.13,1.13
2013.05.07 06:32:42.679,1.56525,1.5656,1.13,1.13
2013.05.07 06:32:43.379,1.56529,1.56559,1.50,1.13
2013.05.07 06:32:53.439,1.56527,1.56559,1.13,1.13
2013.05.07 06:32:54.036,1.56527,1.56559,1.13,1.13
2013.05.07 06:32:57.218,1.56527,1.56559,1.13,2.10
2013.05.07 06:32:58.611,1.56527,1.56556,1.88,1.73
2013.05.07 06:33:03.019,1.56527,1.56556,1.88,1.73
2013.05.07 06:33:09.198,1.56528,1.56558,1.50,1.73
2013.05.07 06:33:11.159,1.56527,1.56559,1.88,1.13
2013.05.07 06:33:35.559,1.56528,1.56563,1.13,2.29
2013.05.07 06:33:37.537,1.56527,1.56563,1.88,2.29
2013.05.07 06:33:44.861,1.56528,1.56563,1.13,2.29
2013.05.07 06:33:51.419,1.56531,1.56561,1.50,1.35
2013.05.07 06:33:52.000,1.56531,1.56561,1.50,1.35
2013.05.07 06:33:54.388,1.56531,1.56562,1.50,1.35
2013.05.07 06:33:55.783,1.56531,1.56562,1.50,1.35
2013.05.07 06:33:57.729,1.56531,1.56562,1.50,1.54
2013.05.07 06:34:01.118,1.56528,1.56563,1.50,1.32
2013.05.07 06:34:01.788,1.56531,1.56564,1.50,1.32
2013.05.07 06:34:01.969,1.56531,1.56564,1.50,1.32
2013.05.07 06:34:06.078,1.56531,1.56564,1.50,1.32
2013.05.07 06:34:07.293,1.56532,1.56565,1.50,1.54
2013.05.07 06:34:07.811,1.56532,1.56563,1.50,1.32
2013.05.07 06:34:07.868,1.56531,1.56562,1.50,1.32
2013.05.07 06:34:10.678,1.56532,1.56564,1.50,1.50
2013.05.07 06:34:14.161,1.56531,1.56563,1.50,1.32
2013.05.07 06:34:15.661,1.56533,1.56563,1.35,1.35
2013.05.07 06:34:16.185,1.56533,1.56562,1.35,1.35
2013.05.07 06:34:36.881,1.56536,1.56563,1.13,2.10
2013.05.07 06:34:37.010,1.56531,1.56561,1.84,1.73
2013.05.07 06:34:37.372,1.56536,1.56563,1.13,1.35
2013.05.07 06:34:37.580,1.56536,1.56563,1.13,1.35
2013.05.07 06:34:37.745,1.56536,1.56563,1.13,1.35
2013.05.07 06:34:38.570,1.56536,1.56562,1.13,1.35
2013.05.07 06:34:42.851,1.56533,1.56562,1.09,1.35
2013.05.07 06:34:58.966,1.56532,1.56563,1.17,1.13
2013.05.07 06:35:01.449,1.56532,1.56564,1.17,1.13
2013.05.07 06:35:03.399,1.56532,1.56563,1.17,1.35
2013.05.07 06:35:04.227,1.56532,1.56563,1.17,2.10
2013.05.07 06:35:09.059,1.56532,1.56563,1.28,2.10
2013.05.07 06:35:13.482,1.56532,1.56566,1.28,1.13
2013.05.07 06:35:14.788,1.56532,1.56566,1.65,1.13
2013.05.07 06:35:15.439,1.56532,1.56564,1.65,1.35
2013.05.07 06:35:17.648,1.56532,1.56564,1.65,2.10
2013.05.07 06:35:24.177,1.56536,1.56562,1.13,1.35
2013.05.07 06:35:24.678,1.56536,1.56562,1.13,1.35
2013.05.07 06:35:25.128,1.56535,1.56567,1.17,1.32
2013.05.07 06:35:25.309,1.56535,1.56569,1.28,1.88
2013.05.07 06:35:26.494,1.56539,1.5657,1.50,1.35
2013.05.07 06:35:28.909,1.56539,1.5657,1.69,1.35
2013.05.07 06:35:31.750,1.56539,1.5657,1.69,1.35
2013.05.07 06:35:31.810,1.56539,1.5657,1.69,1.35
2013.05.07 06:35:31.870,1.56539,1.5657,1.69,1.35
2013.05.07 06:35:37.669,1.56539,1.5657,1.69,1.35
2013.05.07 06:35:42.704,1.56539,1.5657,1.69,1.35
2013.05.07 06:35:45.550,1.56537,1.56571,1.13,1.54
2013.05.07 06:35:45.859,1.56536,1.56569,1.50,1.54
2013.05.07 06:35:50.198,1.56535,1.5657,1.32,2.10
2013.05.07 06:35:53.048,1.56537,1.5657,2.07,1.13
2013.05.07 06:35:54.509,1.56538,1.56572,1.69,1.35
2013.05.07 06:35:54.749,1.5654,1.56571,1.50,1.35
2013.05.07 06:35:54.870,1.56541,1.56571,1.50,1.35
2013.05.07 06:35:55.548,1.56541,1.56571,1.50,1.35
2013.05.07 06:35:55.630,1.56541,1.56571,1.50,1.35
2013.05.07 06:35:57.311,1.56541,1.56573,1.50,2.10
2013.05.07 06:35:58.479,1.5654,1.56571,1.13,1.32
2013.05.07 06:35:58.718,1.56538,1.5657,1.32,1.50
2013.05.07 06:35:58.899,1.56538,1.56573,1.32,3.23
2013.05.07 06:35:59.019,1.56539,1.56573,1.69,2.48
2013.05.07 06:35:59.574,1.56539,1.56573,1.69,2.48
2013.05.07 06:36:00.249,1.56539,1.56573,1.69,2.48
2013.05.07 06:36:02.508,1.56539,1.56573,1.69,2.48
2013.05.07 06:36:06.710,1.56539,1.56573,2.07,2.85
2013.05.07 06:36:07.573,1.56539,1.56573,1.69,2.85
2013.05.07 06:36:15.990,1.56539,1.56573,1.69,2.85
2013.05.07 06:36:21.714,1.56539,1.56572,1.13,1.13
2013.05.07 06:36:21.960,1.56539,1.56568,1.13,2.10
2013.05.07 06:36:30.108,1.56532,1.56564,1.69,1.13
2013.05.07 06:36:37.222,1.56536,1.56564,1.32,1.13
2013.05.07 06:36:37.410,1.56534,1.56564,1.50,1.13
2013.05.07 06:36:38.698,1.56534,1.56565,1.50,1.35
2013.05.07 06:36:39.842,1.56539,1.56565,1.32,1.35
2013.05.07 06:36:40.209,1.56539,1.56564,1.32,1.35
2013.05.07 06:36:40.510,1.56539,1.56564,1.32,1.35
2013.05.07 06:36:41.869,1.56539,1.56568,1.32,2.10
2013.05.07 06:36:44.452,1.56539,1.56568,1.32,2.10
2013.05.07 06:36:44.699,1.5654,1.56568,1.50,1.13
2013.05.07 06:36:44.759,1.5654,1.56568,1.50,2.10
2013.05.07 06:36:45.089,1.56543,1.56568,1.50,2.10
2013.05.07 06:36:45.269,1.56541,1.56568,1.50,2.10
2013.05.07 06:36:45.828,1.56542,1.56568,1.50,1.13
2013.05.07 06:36:47.080,1.56542,1.56568,2.25,1.73
2013.05.07 06:36:48.899,1.56546,1.56572,1.50,1.35
2013.05.07 06:36:52.041,1.56546,1.56572,1.50,1.35
2013.05.07 06:36:52.229,1.56542,1.56572,1.50,1.35
2013.05.07 06:36:52.412,1.56542,1.56572,1.50,1.13
2013.05.07 06:36:52.775,1.56542,1.56572,1.50,1.35
2013.05.07 06:36:53.459,1.56542,1.56572,1.50,1.35
2013.05.07 06:36:56.899,1.56542,1.56572,1.50,1.35
2013.05.07 06:36:57.718,1.56545,1.56577,1.50,1.20
2013.05.07 06:36:57.919,1.56547,1.56579,1.13,1.13
2013.05.07 06:36:59.003,1.56549,1.56584,1.88,1.32
2013.05.07 06:36:59.188,1.56549,1.56579,1.88,1.13
2013.05.07 06:36:59.389,1.56549,1.56584,1.88,1.32
2013.05.07 06:37:02.979,1.56549,1.5658,1.32,1.50
2013.05.07 06:37:03.039,1.56549,1.56581,1.32,1.13
2013.05.07 06:37:06.589,1.56546,1.5658,1.32,1.88
2013.05.07 06:37:08.370,1.56546,1.5658,1.32,1.13
2013.05.07 06:37:10.440,1.56549,1.56583,1.88,1.54
2013.05.07 06:37:12.149,1.56549,1.56581,1.88,1.13
2013.05.07 06:37:12.709,1.56549,1.56581,1.32,1.13
2013.05.07 06:37:17.960,1.56553,1.56584,1.32,1.13
2013.05.07 06:37:19.922,1.56553,1.56586,1.32,1.13
2013.05.07 06:37:20.210,1.56554,1.56587,1.32,1.13
2013.05.07 06:37:26.348,1.56553,1.56586,1.32,1.13
2013.05.07 06:37:27.620,1.56553,1.56585,1.32,1.13
2013.05.07 06:37:29.410,1.56553,1.56584,1.13,1.50
2013.05.07 06:37:29.469,1.56553,1.56584,1.13,2.25
2013.05.07 06:37:29.978,1.56552,1.56582,1.13,1.13
2013.05.07 06:37:37.399,1.56551,1.56583,1.88,1.13
2013.05.07 06:37:37.791,1.56554,1.56583,1.50,2.25
2013.05.07 06:37:38.328,1.56554,1.56583,2.07,1.13
2013.05.07 06:37:39.420,1.56555,1.56588,1.13,1.13
2013.05.07 06:37:45.688,1.56555,1.56587,1.50,1.13
2013.05.07 06:37:47.179,1.56555,1.56586,1.13,2.10
2013.05.07 06:37:47.239,1.56555,1.56584,1.13,1.73
2013.05.07 06:37:48.090,1.56555,1.56584,1.13,2.10
2013.05.07 06:37:54.038,1.56554,1.56584,1.69,1.73
2013.05.07 06:37:56.258,1.56554,1.56584,1.13,3.04
2013.05.07 06:37:57.798,1.56555,1.56583,1.13,1.13
2013.05.07 06:38:10.279,1.56555,1.56583,1.13,1.13
2013.05.07 06:38:10.410,1.56555,1.56583,1.13,1.13
2013.05.07 06:38:12.039,1.56555,1.56583,1.13,1.13
2013.05.07 06:38:12.160,1.56555,1.56583,1.13,1.88
2013.05.07 06:38:20.342,1.56556,1.56583,1.50,1.13
2013.05.07 06:38:26.250,1.56556,1.56583,1.13,1.13
2013.05.07 06:38:27.279,1.56556,1.56585,1.13,1.13
2013.05.07 06:38:44.239,1.56557,1.56586,1.88,1.13
2013.05.07 06:38:44.778,1.56557,1.56586,1.13,1.13
2013.05.07 06:38:45.371,1.56557,1.56588,1.13,1.50
2013.05.07 06:38:45.679,1.56558,1.56589,1.50,1.09
2013.05.07 06:38:47.016,1.56556,1.56583,1.13,1.13
2013.05.07 06:38:47.079,1.56556,1.56583,1.13,1.13
2013.05.07 06:38:47.259,1.56556,1.56585,1.13,1.88
2013.05.07 06:38:48.325,1.56556,1.56585,1.13,1.50
2013.05.07 06:39:01.191,1.56559,1.56586,1.13,1.50
2013.05.07 06:39:05.781,1.56559,1.56585,1.13,1.13
2013.05.07 06:39:06.679,1.56556,1.56585,1.50,1.88
2013.05.07 06:39:08.384,1.56556,1.56584,1.50,1.13
2013.05.07 06:39:15.940,1.56556,1.56583,1.13,1.13
2013.05.07 06:39:16.260,1.56552,1.56582,1.50,1.50
2013.05.07 06:39:17.712,1.56552,1.56582,1.13,1.50
2013.05.07 06:39:18.431,1.56552,1.56582,1.13,1.50
2013.05.07 06:39:27.329,1.5655,1.56578,1.13,1.50
2013.05.07 06:39:27.390,1.56546,1.56577,1.58,1.50
2013.05.07 06:39:27.721,1.56546,1.56576,1.13,1.13
2013.05.07 06:39:28.369,1.56546,1.56576,1.13,1.13
2013.05.07 06:39:38.388,1.56546,1.56576,1.13,1.13
2013.05.07 06:39:43.831,1.56547,1.56577,1.13,1.50
2013.05.07 06:39:44.769,1.56548,1.56576,1.13,1.13
2013.05.07 06:39:58.950,1.56551,1.56576,1.50,1.20
2013.05.07 06:39:59.309,1.56552,1.56578,1.13,1.17
2013.05.07 06:40:00.419,1.56554,1.56578,1.13,1.17
2013.05.07 06:40:16.929,1.56552,1.56578,1.13,1.92
2013.05.07 06:40:27.099,1.56553,1.56578,1.13,1.54
2013.05.07 06:40:33.090,1.56551,1.56578,1.13,1.20
2013.05.07 06:40:35.069,1.56552,1.56579,1.13,1.13
2013.05.07 06:40:35.249,1.56557,1.56583,1.13,2.25
2013.05.07 06:40:35.308,1.56557,1.56586,1.13,1.95
2013.05.07 06:40:35.668,1.56557,1.56586,1.13,1.13
2013.05.07 06:40:51.388,1.56556,1.56586,1.50,1.50
2013.05.07 06:40:54.623,1.56557,1.56588,1.13,1.50
2013.05.07 06:40:54.873,1.56557,1.56587,1.13,1.13
2013.05.07 06:40:55.001,1.5656,1.56588,1.13,1.13
2013.05.07 06:40:56.038,1.56562,1.56592,1.50,1.50
2013.05.07 06:40:56.500,1.56563,1.56593,1.13,1.50
2013.05.07 06:40:56.621,1.56561,1.56592,1.50,1.13
2013.05.07 06:40:56.948,1.56566,1.56595,2.25,1.13
2013.05.07 06:40:57.209,1.56566,1.56593,2.25,1.13
2013.05.07 06:40:57.718,1.56563,1.56593,1.13,1.13
2013.05.07 06:40:57.989,1.56567,1.56593,1.13,1.13
2013.05.07 06:40:58.230,1.56569,1.56598,1.50,1.13
2013.05.07 06:40:58.429,1.56569,1.56598,1.13,1.13
2013.05.07 06:40:58.949,1.56567,1.56597,1.13,1.13
2013.05.07 06:41:01.699,1.56567,1.56597,1.13,1.50
2013.05.07 06:41:01.759,1.56567,1.56597,1.13,1.50
2013.05.07 06:41:02.779,1.56567,1.56598,1.88,1.50
2013.05.07 06:41:02.959,1.56571,1.56601,1.13,1.50
2013.05.07 06:41:03.199,1.56572,1.56603,1.13,1.13
2013.05.07 06:41:04.449,1.56574,1.56606,1.13,2.25
2013.05.07 06:41:04.569,1.56579,1.56607,1.13,1.13
2013.05.07 06:41:06.101,1.56579,1.56607,1.88,1.13
2013.05.07 06:41:06.220,1.56585,1.56619,1.88,3.23
2013.05.07 06:41:06.459,1.56583,1.56608,1.35,1.13
2013.05.07 06:41:06.999,1.56582,1.56608,1.13,1.13
2013.05.07 06:41:07.605,1.5658,1.56608,1.13,1.13
2013.05.07 06:41:07.789,1.5658,1.56611,1.13,1.13
2013.05.07 06:41:07.909,1.56586,1.56618,1.73,2.33
2013.05.07 06:41:08.638,1.56592,1.56618,1.13,1.95
2013.05.07 06:41:08.722,1.56583,1.56612,1.13,1.13
2013.05.07 06:41:08.849,1.56582,1.56611,1.13,1.13
2013.05.07 06:41:09.390,1.56582,1.56614,1.73,1.50
2013.05.07 06:41:09.570,1.56591,1.56619,1.13,1.13
2013.05.07 06:41:09.630,1.56591,1.5662,1.13,1.50
2013.05.07 06:41:09.992,1.56591,1.5662,1.88,1.13
2013.05.07 06:41:12.169,1.56592,1.56623,1.88,1.13
2013.05.07 06:41:12.289,1.56592,1.56623,1.50,1.50
2013.05.07 06:41:14.159,1.56596,1.56624,1.13,1.13
2013.05.07 06:41:14.976,1.56596,1.56624,1.13,1.13
2013.05.07 06:41:15.329,1.56596,1.56624,1.13,1.13
2013.05.07 06:41:15.389,1.56596,1.56629,2.10,1.88
2013.05.07 06:41:15.570,1.56601,1.56629,1.13,1.13
2013.05.07 06:41:18.489,1.566,1.56629,2.07,1.13
2013.05.07 06:41:20.639,1.56603,1.56634,1.50,1.13
2013.05.07 06:41:20.759,1.56609,1.56641,1.50,1.13
2013.05.07 06:41:20.939,1.5661,1.56639,1.73,1.88
2013.05.07 06:41:23.118,1.5661,1.56639,1.73,1.88
2013.05.07 06:41:25.300,1.5661,1.5664,1.73,1.88
2013.05.07 06:41:25.941,1.5661,1.56637,1.73,1.13
2013.05.07 06:41:26.119,1.56601,1.56633,2.07,1.50
2013.05.07 06:41:26.180,1.56601,1.56629,1.69,1.50
2013.05.07 06:41:26.419,1.56599,1.56629,1.13,1.88
2013.05.07 06:41:27.091,1.56599,1.56629,1.13,1.88
2013.05.07 06:41:32.670,1.56597,1.56627,1.13,1.50
2013.05.07 06:41:32.731,1.56597,1.56627,1.13,1.88
2013.05.07 06:41:32.800,1.56594,1.56627,1.92,1.88
2013.05.07 06:41:32.931,1.56597,1.56627,1.13,1.13
2013.05.07 06:41:33.221,1.56597,1.56627,1.13,1.88
2013.05.07 06:41:33.769,1.56597,1.56627,1.13,1.13
2013.05.07 06:41:35.982,1.56599,1.56628,1.13,1.50
2013.05.07 06:41:41.701,1.56597,1.56628,1.13,1.50
2013.05.07 06:41:42.020,1.56596,1.56628,1.13,1.88
2013.05.07 06:41:45.053,1.56596,1.56628,1.69,1.50
2013.05.07 06:41:45.973,1.56596,1.56627,1.69,1.50
2013.05.07 06:41:46.099,1.56596,1.56629,1.69,1.88
2013.05.07 06:41:46.402,1.56596,1.56629,1.50,1.88
2013.05.07 06:41:47.112,1.56597,1.56628,1.13,1.50
2013.05.07 06:41:48.619,1.56602,1.56628,1.13,1.50
2013.05.07 06:41:48.979,1.56604,1.56637,2.10,1.13
2013.05.07 06:41:49.886,1.56604,1.56639,2.29,2.25
2013.05.07 06:41:50.069,1.56609,1.56642,1.88,1.69
2013.05.07 06:41:50.450,1.56609,1.56638,1.88,1.13
2013.05.07 06:41:52.452,1.56609,1.5664,1.50,1.13
2013.05.07 06:41:52.591,1.56609,1.56638,1.50,1.50
2013.05.07 06:41:53.599,1.56609,1.5664,1.50,1.13
2013.05.07 06:41:53.660,1.56609,1.56639,1.50,1.50
2013.05.07 06:41:54.660,1.56606,1.56636,1.32,1.13
2013.05.07 06:41:54.722,1.56605,1.56629,1.17,1.13
2013.05.07 06:41:54.780,1.56602,1.56629,1.13,1.13
2013.05.07 06:41:55.669,1.56602,1.56632,1.13,1.50
2013.05.07 06:41:55.789,1.56604,1.56632,1.13,1.13
2013.05.07 06:41:55.969,1.56603,1.56632,1.13,1.13
2013.05.07 06:41:56.469,1.56604,1.56637,1.13,2.25
2013.05.07 06:41:56.830,1.56602,1.56635,1.50,1.13
2013.05.07 06:41:57.130,1.566,1.56629,1.13,1.13
2013.05.07 06:41:57.332,1.56601,1.56632,1.88,1.13
2013.05.07 06:41:57.449,1.566,1.56629,1.32,1.13
2013.05.07 06:41:58.496,1.566,1.56629,1.13,1.13
2013.05.07 06:42:04.409,1.566,1.56633,1.13,1.50
2013.05.07 06:42:04.589,1.56606,1.56636,1.13,1.13
2013.05.07 06:42:05.291,1.56606,1.56632,1.13,1.13
2013.05.07 06:42:06.170,1.56606,1.56633,1.32,1.13
2013.05.07 06:42:06.719,1.56602,1.56628,1.88,1.13
2013.05.07 06:42:06.779,1.56602,1.56628,1.13,1.13
2013.05.07 06:42:09.460,1.56602,1.56631,1.13,1.13
2013.05.07 06:42:14.969,1.56605,1.56635,1.50,1.32
2013.05.07 06:42:15.479,1.5661,1.56639,1.13,1.50
2013.05.07 06:42:17.709,1.56605,1.56635,1.50,2.07
2013.05.07 06:42:17.769,1.56605,1.56634,1.13,1.13
2013.05.07 06:42:24.180,1.56602,1.5663,1.13,1.13
2013.05.07 06:42:24.240,1.56605,1.56637,1.88,1.32
2013.05.07 06:42:25.199,1.56605,1.56633,1.13,1.50
2013.05.07 06:42:25.259,1.56602,1.56633,1.32,1.88
2013.05.07 06:42:25.824,1.56602,1.56632,1.13,1.13
2013.05.07 06:42:26.960,1.56602,1.56632,1.13,1.13
2013.05.07 06:42:27.080,1.56606,1.56636,1.88,1.13
2013.05.07 06:42:27.409,1.56607,1.56639,1.13,2.70
2013.05.07 06:42:31.900,1.5661,1.56639,1.20,1.88
2013.05.07 06:42:32.080,1.56611,1.56642,1.54,1.32
2013.05.07 06:42:33.219,1.56613,1.56643,1.13,1.13
2013.05.07 06:42:40.750,1.56613,1.56643,1.13,1.88
2013.05.07 06:42:41.300,1.56617,1.56643,1.13,1.13
2013.05.07 06:42:44.939,1.56611,1.56643,1.32,1.50
2013.05.07 06:42:45.179,1.5661,1.56639,2.07,1.13
2013.05.07 06:42:45.239,1.5661,1.56638,1.69,1.13
2013.05.07 06:42:46.160,1.56602,1.56634,1.50,2.25
2013.05.07 06:42:46.700,1.56602,1.56634,1.50,2.25
2013.05.07 06:42:47.409,1.56607,1.5664,1.50,1.50
2013.05.07 06:42:47.672,1.56607,1.56635,1.88,1.13
2013.05.07 06:42:47.789,1.56604,1.56633,1.50,1.13
2013.05.07 06:42:48.960,1.56607,1.56641,1.50,1.88
2013.05.07 06:42:49.081,1.56611,1.56641,1.13,1.13
2013.05.07 06:42:50.429,1.56612,1.56639,1.13,1.13
2013.05.07 06:42:51.410,1.56612,1.56639,1.13,1.13
2013.05.07 06:42:52.419,1.56607,1.56638,3.98,1.13
2013.05.07 06:42:57.172,1.56611,1.56633,1.73,1.13
2013.05.07 06:42:57.520,1.56606,1.56631,1.13,1.50
2013.05.07 06:42:57.700,1.56602,1.56628,1.32,1.88
2013.05.07 06:42:58.559,1.56602,1.56628,1.13,1.13
2013.05.07 06:42:59.680,1.56604,1.56637,1.50,1.82
2013.05.07 06:42:59.739,1.56607,1.56639,1.13,2.67
2013.05.07 06:43:02.045,1.56607,1.56636,1.13,1.10
2013.05.07 06:43:04.480,1.56606,1.56637,1.73,1.26
2013.05.07 06:43:04.790,1.56611,1.56636,1.32,1.19
2013.05.07 06:43:04.910,1.56606,1.56635,1.32,1.41
2013.05.07 06:43:05.400,1.56606,1.56629,1.13,1.03
2013.05.07 06:43:06.150,1.56603,1.56628,1.13,1.41
2013.05.07 06:43:13.190,1.56604,1.56633,1.13,2.16
2013.05.07 06:43:13.545,1.56602,1.56628,1.13,1.03
2013.05.07 06:43:13.671,1.56604,1.56633,1.13,1.41
2013.05.07 06:43:19.241,1.56603,1.56634,1.50,1.41
2013.05.07 06:43:19.740,1.56608,1.56638,2.08,1.29
2013.05.07 06:43:19.921,1.56611,1.56638,1.32,1.14
2013.05.07 06:43:20.100,1.56611,1.56638,1.13,1.14
2013.05.07 06:43:21.410,1.56611,1.56636,1.32,1.14
2013.05.07 06:43:21.470,1.56608,1.56637,1.95,1.70
2013.05.07 06:43:25.161,1.56608,1.56637,1.95,1.32
2013.05.07 06:43:30.600,1.56608,1.56637,1.32,1.35
2013.05.07 06:43:31.539,1.56611,1.56635,1.32,1.50
2013.05.07 06:43:31.600,1.56611,1.56635,1.13,1.50
2013.05.07 06:43:32.223,1.56607,1.56634,1.50,1.13
2013.05.07 06:43:32.893,1.56607,1.56634,1.50,1.13
2013.05.07 06:43:33.150,1.56607,1.56636,1.50,1.13
2013.05.07 06:43:35.212,1.56607,1.56636,1.50,1.13
2013.05.07 06:43:37.753,1.56607,1.56634,1.13,1.13
2013.05.07 06:43:37.820,1.56607,1.56633,1.13,1.50
2013.05.07 06:43:43.430,1.56607,1.56632,1.32,1.13
2013.05.07 06:43:44.320,1.56607,1.56632,1.13,1.13
2013.05.07 06:43:44.953,1.56609,1.56632,1.13,1.13
2013.05.07 06:43:45.690,1.56605,1.56629,1.13,2.25
2013.05.07 06:43:45.863,1.56601,1.56629,1.69,2.25
2013.05.07 06:43:45.931,1.56605,1.56629,1.13,2.25
2013.05.07 06:43:46.272,1.56605,1.56629,1.13,2.25
2013.05.07 06:43:46.401,1.56605,1.56629,1.13,2.25
2013.05.07 06:43:52.139,1.56604,1.56631,1.13,1.13
2013.05.07 06:43:55.611,1.56604,1.56631,1.13,1.13
2013.05.07 06:43:56.240,1.56604,1.56631,1.13,1.13
2013.05.07 06:43:56.851,1.56602,1.56631,1.13,1.13
2013.05.07 06:43:58.829,1.56602,1.56629,1.13,1.13
2013.05.07 06:43:58.890,1.56602,1.56629,1.13,1.88
2013.05.07 06:43:59.958,1.56597,1.56629,1.13,2.25
2013.05.07 06:44:02.530,1.56597,1.56629,1.13,2.25
2013.05.07 06:44:02.710,1.56597,1.56629,1.13,1.50
2013.05.07 06:44:02.830,1.56601,1.56629,2.48,1.50
2013.05.07 06:44:02.953,1.56607,1.56635,1.13,1.13
2013.05.07 06:44:03.530,1.56607,1.56633,1.13,1.13
2013.05.07 06:44:04.137,1.56607,1.56633,1.13,1.13
2013.05.07 06:44:04.883,1.56608,1.56633,1.05,1.13
2013.05.07 06:44:05.009,1.56604,1.56633,1.50,1.13
2013.05.07 06:44:05.191,1.56612,1.5664,1.13,1.50
2013.05.07 06:44:05.310,1.56612,1.56641,1.13,1.50
2013.05.07 06:44:05.369,1.56607,1.5664,2.67,1.50
2013.05.07 06:44:05.430,1.56607,1.56638,1.32,1.13
2013.05.07 06:44:06.689,1.56608,1.56635,1.13,1.13
2013.05.07 06:44:07.390,1.56606,1.56635,2.10,1.13
2013.05.07 06:44:10.199,1.56606,1.56634,1.13,1.13
2013.05.07 06:44:10.260,1.56606,1.56634,2.10,1.32
2013.05.07 06:44:10.895,1.56606,1.56634,2.10,1.65
2013.05.07 06:44:11.491,1.56604,1.56633,1.73,1.13
2013.05.07 06:44:11.552,1.56602,1.56629,1.35,1.13
2013.05.07 06:44:11.740,1.56601,1.56629,1.13,1.13
2013.05.07 06:44:11.842,1.56602,1.56633,1.13,1.13
2013.05.07 06:44:14.680,1.56602,1.56628,1.13,1.13
2013.05.07 06:44:16.139,1.56602,1.56623,1.13,1.13
2013.05.07 06:44:18.589,1.56595,1.56623,1.13,1.32
2013.05.07 06:44:18.653,1.56595,1.56624,1.88,1.32
2013.05.07 06:44:18.720,1.56596,1.56625,1.50,1.32
2013.05.07 06:44:18.781,1.56596,1.56628,1.50,1.50
2013.05.07 06:44:19.149,1.56596,1.56628,1.50,2.25
2013.05.07 06:44:24.409,1.566,1.56627,1.13,1.35
2013.05.07 06:44:24.899,1.56595,1.56626,2.25,1.13
2013.05.07 06:44:32.129,1.56596,1.56628,1.50,1.13
2013.05.07 06:44:34.320,1.56596,1.56628,1.50,1.13
2013.05.07 06:44:34.640,1.56596,1.56626,1.50,1.13
2013.05.07 06:44:34.861,1.56596,1.56628,1.50,1.13
2013.05.07 06:44:35.268,1.56596,1.56631,1.50,1.13
2013.05.07 06:44:35.362,1.56596,1.56629,1.50,1.13
2013.05.07 06:44:36.172,1.56596,1.56629,1.50,1.13
2013.05.07 06:44:37.730,1.56599,1.56629,1.50,1.13
2013.05.07 06:44:38.040,1.56605,1.56629,1.50,1.13
2013.05.07 06:44:38.491,1.56607,1.56636,1.50,1.13
2013.05.07 06:44:39.261,1.56605,1.56633,1.50,1.50
2013.05.07 06:44:39.339,1.56604,1.56633,1.13,2.25
2013.05.07 06:44:39.641,1.5659,1.56611,1.50,1.50
2013.05.07 06:44:40.003,1.56576,1.56608,1.50,1.13
2013.05.07 06:44:40.390,1.56576,1.56605,1.50,1.13
2013.05.07 06:44:40.451,1.56574,1.56605,1.88,1.13
2013.05.07 06:44:42.100,1.56572,1.56604,1.35,2.25
2013.05.07 06:44:42.861,1.56574,1.56603,1.13,1.13
2013.05.07 06:44:46.160,1.56572,1.56601,1.13,2.10
2013.05.07 06:44:46.530,1.5657,1.56599,1.13,1.13
2013.05.07 06:44:48.740,1.56571,1.56601,1.13,1.13
2013.05.07 06:44:49.390,1.56567,1.56601,1.88,1.88
2013.05.07 06:44:51.492,1.56571,1.56601,1.13,1.13
2013.05.07 06:44:54.052,1.56569,1.56601,1.13,1.13
2013.05.07 06:44:57.877,1.56567,1.56599,1.88,1.50
2013.05.07 06:44:57.963,1.56562,1.56593,1.50,1.50
2013.05.07 06:44:58.160,1.56554,1.56586,1.13,1.13
2013.05.07 06:44:58.399,1.56555,1.56588,1.50,1.13
2013.05.07 06:44:58.701,1.56559,1.56594,1.88,1.88
2013.05.07 06:44:59.492,1.56559,1.56591,1.13,1.13
2013.05.07 06:45:00.640,1.56559,1.56594,1.88,1.88
2013.05.07 06:45:00.700,1.56561,1.56594,1.88,1.13
2013.05.07 06:45:00.880,1.56561,1.56594,1.88,1.13
2013.05.07 06:45:01.360,1.56564,1.56594,1.50,1.13
2013.05.07 06:45:01.540,1.56561,1.56594,1.13,1.13
2013.05.07 06:45:01.720,1.56562,1.56594,1.50,1.13
2013.05.07 06:45:02.200,1.56561,1.56594,1.13,1.13
2013.05.07 06:45:02.550,1.56561,1.56594,1.13,1.13
2013.05.07 06:45:02.670,1.56562,1.56594,1.50,1.13
2013.05.07 06:45:02.851,1.56564,1.56597,1.13,1.88
2013.05.07 06:45:03.419,1.56561,1.56594,1.13,1.13
2013.05.07 06:45:05.500,1.56561,1.56594,1.13,1.50
2013.05.07 06:45:06.050,1.56562,1.56594,1.13,1.13
2013.05.07 06:45:06.416,1.56563,1.56597,1.13,1.13
2013.05.07 06:45:06.959,1.56565,1.56598,1.13,1.88
2013.05.07 06:45:07.910,1.56566,1.56598,1.13,1.88
2013.05.07 06:45:08.761,1.56568,1.56598,1.50,1.13
2013.05.07 06:45:09.310,1.56569,1.56601,1.13,1.13
2013.05.07 06:45:09.919,1.5657,1.56603,1.50,1.13
2013.05.07 06:45:10.220,1.56572,1.56604,1.13,1.13
2013.05.07 06:45:10.890,1.5657,1.56604,1.13,1.13
2013.05.07 06:45:13.050,1.5657,1.56603,1.13,1.88
2013.05.07 06:45:15.791,1.5657,1.56603,1.13,1.50
2013.05.07 06:45:18.370,1.5657,1.56603,1.13,2.25
2013.05.07 06:45:19.540,1.56569,1.56598,1.13,1.13
2013.05.07 06:45:20.109,1.56563,1.56595,2.25,1.13
2013.05.07 06:45:20.721,1.56563,1.56595,1.50,1.13
2013.05.07 06:45:21.269,1.56567,1.56598,1.13,1.50
2013.05.07 06:45:21.460,1.56562,1.56595,2.25,1.13
2013.05.07 06:45:22.018,1.56562,1.56595,1.88,1.13
2013.05.07 06:45:22.160,1.56562,1.56595,2.63,1.13
2013.05.07 06:45:22.680,1.56562,1.56595,1.88,1.13
2013.05.07 06:45:22.919,1.56564,1.56598,1.13,1.88
2013.05.07 06:45:23.860,1.56566,1.56598,1.13,1.13
2013.05.07 06:45:24.389,1.56566,1.56598,1.13,1.13
2013.05.07 06:45:25.249,1.56563,1.56596,1.13,1.13
2013.05.07 06:45:25.310,1.56566,1.56598,1.13,1.13
2013.05.07 06:45:26.041,1.56565,1.56598,1.13,1.13
2013.05.07 06:45:28.170,1.56567,1.56601,1.88,1.13
2013.05.07 06:45:28.471,1.56567,1.56598,1.88,1.13
2013.05.07 06:45:28.870,1.56567,1.56601,1.88,1.13
2013.05.07 06:45:29.829,1.56567,1.56601,1.88,1.13
2013.05.07 06:45:30.400,1.56567,1.56597,1.13,1.13
2013.05.07 06:45:30.521,1.56567,1.56598,1.88,1.13
2013.05.07 06:45:30.879,1.56567,1.56601,1.50,1.13
2013.05.07 06:45:30.940,1.56567,1.56601,1.50,1.13
2013.05.07 06:45:33.513,1.56568,1.56601,1.13,1.13
2013.05.07 06:45:35.090,1.56568,1.566,1.13,1.13
2013.05.07 06:45:36.031,1.56568,1.566,1.13,1.35
2013.05.07 06:45:36.090,1.56568,1.566,1.13,2.10
2013.05.07 06:45:36.212,1.56568,1.56601,1.13,2.10
2013.05.07 06:45:36.550,1.56567,1.566,1.88,1.13
2013.05.07 06:45:36.641,1.56568,1.566,1.13,1.13
2013.05.07 06:45:36.883,1.56567,1.56599,1.13,1.13
2013.05.07 06:45:37.120,1.56567,1.56599,1.88,1.13
2013.05.07 06:45:38.999,1.56568,1.56599,1.13,1.13
2013.05.07 06:45:40.351,1.56569,1.56599,1.13,1.13
2013.05.07 06:45:41.770,1.56567,1.56599,1.13,1.13
2013.05.07 06:45:41.830,1.56566,1.56597,1.13,1.13
2013.05.07 06:45:41.890,1.56563,1.56597,1.13,1.88
2013.05.07 06:45:42.071,1.5656,1.56592,1.13,1.13
2013.05.07 06:45:43.959,1.5656,1.56593,1.50,1.13
2013.05.07 06:45:44.515,1.56559,1.56589,1.88,1.13
2013.05.07 06:45:44.642,1.56559,1.56589,1.13,1.13
2013.05.07 06:45:45.172,1.56559,1.56589,1.88,1.13
2013.05.07 06:45:46.269,1.56559,1.56594,1.88,1.13
2013.05.07 06:45:47.440,1.5656,1.56594,1.13,1.13
2013.05.07 06:45:50.639,1.56562,1.56594,1.13,1.13
2013.05.07 06:45:51.402,1.56563,1.56598,1.50,1.88
2013.05.07 06:45:51.940,1.56563,1.56598,1.88,1.13
2013.05.07 06:45:52.511,1.56563,1.56593,1.88,1.13
2013.05.07 06:45:55.481,1.56563,1.56593,1.13,1.32
2013.05.07 06:45:56.551,1.56562,1.56593,1.13,1.32
2013.05.07 06:46:00.559,1.56561,1.56591,1.13,1.32
2013.05.07 06:46:03.520,1.56562,1.56594,1.13,1.32
2013.05.07 06:46:05.487,1.56562,1.56594,1.13,1.32
2013.05.07 06:46:06.522,1.56562,1.56593,1.13,1.13
2013.05.07 06:46:07.169,1.56564,1.56593,1.50,1.13
2013.05.07 06:46:16.713,1.56567,1.56597,1.13,1.50
2013.05.07 06:46:17.020,1.56567,1.56597,2.85,1.50
2013.05.07 06:46:17.141,1.56567,1.56598,2.85,1.13
2013.05.07 06:46:17.619,1.56567,1.56598,1.88,1.32
2013.05.07 06:46:18.130,1.56567,1.56599,1.88,1.32
2013.05.07 06:46:19.660,1.56568,1.56601,1.13,1.69
2013.05.07 06:46:24.329,1.5657,1.56601,1.13,1.69
2013.05.07 06:46:25.252,1.56572,1.56603,1.13,1.88
2013.05.07 06:46:25.370,1.5657,1.56602,1.13,1.92
2013.05.07 06:46:25.881,1.56569,1.56602,1.50,2.67
2013.05.07 06:46:26.960,1.56568,1.566,1.50,2.29
2013.05.07 06:46:29.551,1.56567,1.566,1.50,2.29
2013.05.07 06:46:29.740,1.56567,1.566,1.13,3.19
2013.05.07 06:46:30.284,1.56563,1.56595,1.13,1.32
2013.05.07 06:46:30.591,1.56561,1.56593,1.13,1.92
2013.05.07 06:46:30.912,1.56556,1.56589,1.88,1.69
2013.05.07 06:46:31.270,1.56559,1.56588,1.13,1.69
2013.05.07 06:46:31.604,1.56557,1.56588,1.13,1.69
2013.05.07 06:46:32.450,1.56559,1.56588,1.13,1.69
2013.05.07 06:46:32.509,1.56559,1.56586,1.13,1.50
2013.05.07 06:46:32.750,1.56559,1.56588,1.13,1.50
2013.05.07 06:46:32.931,1.56559,1.56589,1.13,1.32
2013.05.07 06:46:33.050,1.56556,1.56589,1.13,1.32
2013.05.07 06:46:33.170,1.56559,1.56589,1.13,1.32
2013.05.07 06:46:33.231,1.56559,1.56588,1.13,2.25
2013.05.07 06:46:33.557,1.56556,1.56585,1.13,1.50
2013.05.07 06:46:33.621,1.56559,1.56588,1.13,2.25
2013.05.07 06:46:34.161,1.56559,1.56589,1.13,2.07
2013.05.07 06:46:34.283,1.56559,1.56589,1.13,2.07
2013.05.07 06:46:34.351,1.56556,1.56589,1.13,2.07
2013.05.07 06:46:34.970,1.56556,1.56584,1.13,2.25
2013.05.07 06:46:35.458,1.56554,1.56583,1.13,1.69
2013.05.07 06:46:36.412,1.56554,1.56584,1.13,1.69
2013.05.07 06:46:37.054,1.56556,1.56587,2.10,1.32
2013.05.07 06:46:37.574,1.56556,1.56587,1.13,1.32
2013.05.07 06:46:37.722,1.56552,1.56583,1.13,1.92
2013.05.07 06:46:38.170,1.56556,1.56586,1.13,1.32
2013.05.07 06:46:38.712,1.56553,1.56586,1.35,1.32
2013.05.07 06:46:39.250,1.56554,1.56584,1.13,2.07
2013.05.07 06:46:39.370,1.56553,1.56583,1.35,2.07
2013.05.07 06:46:39.610,1.56552,1.56581,1.13,1.69
2013.05.07 06:46:39.850,1.56555,1.56584,1.13,1.50
2013.05.07 06:46:39.912,1.56561,1.56587,1.13,1.50
2013.05.07 06:46:40.420,1.56556,1.56585,1.13,1.50
2013.05.07 06:46:40.841,1.56558,1.56593,1.65,3.57
2013.05.07 06:46:42.939,1.56563,1.56593,1.50,2.07
2013.05.07 06:46:43.599,1.5656,1.56593,2.78,2.44
2013.05.07 06:46:44.073,1.5656,1.56593,2.78,2.44
2013.05.07 06:46:44.139,1.5656,1.56593,2.78,2.44
2013.05.07 06:46:44.741,1.56556,1.56589,2.85,1.69
2013.05.07 06:46:44.982,1.56556,1.56589,2.10,1.32
2013.05.07 06:46:45.310,1.56557,1.56589,1.13,1.32
2013.05.07 06:46:45.671,1.56556,1.56589,1.13,1.69
2013.05.07 06:46:46.217,1.56556,1.56588,2.10,1.32
2013.05.07 06:46:47.660,1.56555,1.56588,1.13,1.32
2013.05.07 06:46:49.941,1.56556,1.56588,1.13,1.69
2013.05.07 06:46:50.230,1.56556,1.56585,1.13,1.13
2013.05.07 06:46:51.231,1.56556,1.56588,1.88,1.69
2013.05.07 06:46:51.550,1.56556,1.56586,1.13,1.13
2013.05.07 06:46:52.370,1.56558,1.56589,1.88,1.69
2013.05.07 06:46:52.550,1.56561,1.56589,1.50,1.13
2013.05.07 06:46:52.615,1.56561,1.56589,2.48,1.13
2013.05.07 06:46:52.920,1.56569,1.56598,2.48,1.32
2013.05.07 06:46:53.340,1.56569,1.56601,2.48,1.32
2013.05.07 06:46:53.811,1.56571,1.56603,1.13,1.13
2013.05.07 06:46:55.709,1.56571,1.56602,1.13,1.13
2013.05.07 06:46:55.889,1.56571,1.56604,1.13,1.88
2013.05.07 06:46:56.412,1.56571,1.56602,1.13,1.13
2013.05.07 06:46:56.484,1.56566,1.56595,1.13,1.13
2013.05.07 06:46:56.611,1.56562,1.56595,1.13,1.88
2013.05.07 06:46:56.794,1.56561,1.56591,1.13,1.13
2013.05.07 06:46:57.100,1.56555,1.56583,1.13,1.50
2013.05.07 06:46:57.401,1.56555,1.56581,1.13,1.13
2013.05.07 06:46:57.460,1.56552,1.5658,1.13,1.50
2013.05.07 06:46:57.819,1.56553,1.56585,1.88,1.13
2013.05.07 06:46:58.549,1.56556,1.56585,1.50,1.13
2013.05.07 06:46:58.750,1.56559,1.56588,1.50,1.13
2013.05.07 06:46:58.811,1.56559,1.5659,1.50,1.13
2013.05.07 06:46:59.360,1.56559,1.5659,1.50,1.13
2013.05.07 06:47:00.460,1.56559,1.56586,1.13,1.13
2013.05.07 06:47:00.581,1.56559,1.56585,1.13,1.50
2013.05.07 06:47:03.640,1.56559,1.56586,1.13,1.13
2013.05.07 06:47:03.941,1.5656,1.56589,1.13,1.69
2013.05.07 06:47:04.299,1.56561,1.5659,1.50,1.13
2013.05.07 06:47:04.619,1.56563,1.56596,1.13,3.00
2013.05.07 06:47:05.570,1.56563,1.56596,2.25,2.63
2013.05.07 06:47:06.035,1.56563,1.56596,2.25,2.25
2013.05.07 06:47:06.681,1.56565,1.56596,1.13,2.25
2013.05.07 06:47:07.628,1.56563,1.56596,1.13,2.25
2013.05.07 06:47:08.020,1.56563,1.56596,1.13,2.25
2013.05.07 06:47:09.901,1.56561,1.56593,1.88,1.13
2013.05.07 06:47:12.080,1.56563,1.56593,1.50,1.13
2013.05.07 06:47:12.391,1.56563,1.56596,1.50,1.50
2013.05.07 06:47:12.630,1.56567,1.56593,2.25,1.13
2013.05.07 06:47:12.750,1.56563,1.56593,1.50,1.13
2013.05.07 06:47:13.430,1.56562,1.56593,1.50,1.13
2013.05.07 06:47:13.933,1.56563,1.56593,1.50,1.13
2013.05.07 06:47:14.111,1.56561,1.56593,1.88,1.13
2013.05.07 06:47:14.171,1.56561,1.56593,1.88,1.13
2013.05.07 06:47:14.564,1.56561,1.56592,1.13,1.73
2013.05.07 06:47:14.629,1.56561,1.56592,1.88,1.73
2013.05.07 06:47:18.002,1.5656,1.5659,1.13,1.50
2013.05.07 06:47:21.770,1.56561,1.5659,1.13,1.50
2013.05.07 06:47:25.400,1.56561,1.56593,1.13,1.50
2013.05.07 06:47:27.491,1.56561,1.56593,1.13,1.50
2013.05.07 06:47:30.459,1.56561,1.56593,1.13,1.50
2013.05.07 06:47:31.750,1.56561,1.56592,1.50,1.13
2013.05.07 06:47:34.020,1.56561,1.56591,1.13,1.13
2013.05.07 06:47:37.842,1.56561,1.56591,1.13,1.13
2013.05.07 06:47:38.141,1.56561,1.56591,1.13,1.13
2013.05.07 06:47:39.164,1.56561,1.56593,1.50,2.85
2013.05.07 06:47:43.149,1.56563,1.56593,1.13,2.85
2013.05.07 06:47:46.070,1.56561,1.56593,1.13,1.88
2013.05.07 06:47:46.887,1.56561,1.56593,1.13,1.88
2013.05.07 06:47:47.190,1.56558,1.56593,1.50,1.50
2013.05.07 06:47:50.640,1.56561,1.56591,1.88,1.73
2013.05.07 06:47:51.600,1.56561,1.56592,1.13,1.73
2013.05.07 06:47:51.660,1.56561,1.56593,1.13,2.48
2013.05.07 06:47:52.051,1.5656,1.56591,1.13,1.13
2013.05.07 06:47:53.161,1.56561,1.56591,1.50,1.13
2013.05.07 06:47:53.432,1.56561,1.56591,1.50,2.10
2013.05.07 06:47:57.839,1.56557,1.56591,1.88,1.13
2013.05.07 06:47:58.356,1.56559,1.56592,1.13,1.50
2013.05.07 06:48:00.450,1.56561,1.56591,1.13,1.73
2013.05.07 06:48:01.101,1.56557,1.56589,2.07,1.50
2013.05.07 06:48:01.941,1.56557,1.56589,2.07,1.50
2013.05.07 06:48:02.500,1.5656,1.56589,1.13,2.48
2013.05.07 06:48:04.480,1.56558,1.56588,1.13,1.35
2013.05.07 06:48:04.602,1.56558,1.56588,1.13,1.35
2013.05.07 06:48:07.900,1.5656,1.56589,1.13,1.50
2013.05.07 06:48:13.091,1.56561,1.56589,1.13,1.50
2013.05.07 06:48:13.899,1.56561,1.56589,2.25,1.50
2013.05.07 06:48:15.289,1.56561,1.56589,2.25,1.50
2013.05.07 06:48:19.681,1.56561,1.56588,1.13,1.50
2013.05.07 06:48:19.920,1.56561,1.56588,2.25,1.50
2013.05.07 06:48:20.040,1.56561,1.56588,1.50,1.50
2013.05.07 06:48:20.590,1.56561,1.56584,1.50,1.50
2013.05.07 06:48:22.881,1.56556,1.56584,1.13,2.25
2013.05.07 06:48:22.940,1.56556,1.56582,1.13,1.50
2013.05.07 06:48:23.180,1.56551,1.56579,1.13,1.50
2013.05.07 06:48:23.411,1.56551,1.56582,1.13,1.50
2013.05.07 06:48:23.599,1.56551,1.56579,1.13,1.50
2013.05.07 06:48:25.230,1.56551,1.56582,1.13,1.50
2013.05.07 06:48:26.229,1.56549,1.5658,1.13,1.50
2013.05.07 06:48:31.500,1.56551,1.56581,1.13,1.13
2013.05.07 06:48:31.621,1.56551,1.5658,1.13,1.50
2013.05.07 06:48:32.159,1.56551,1.56583,1.58,1.13
2013.05.07 06:48:32.279,1.56555,1.56584,1.13,1.50
2013.05.07 06:48:34.271,1.56553,1.56583,1.20,1.50
2013.05.07 06:48:34.684,1.56555,1.56584,1.13,1.50
2013.05.07 06:48:35.918,1.56556,1.56584,1.13,1.50
2013.05.07 06:48:38.100,1.56553,1.56584,1.13,1.50
2013.05.07 06:48:38.299,1.56557,1.56584,1.13,1.50
2013.05.07 06:48:39.930,1.56557,1.56587,1.13,1.13
2013.05.07 06:48:39.990,1.56557,1.56587,1.13,1.88
2013.05.07 06:48:46.900,1.56557,1.56587,1.13,1.50
2013.05.07 06:48:47.445,1.5656,1.56588,1.13,1.50
2013.05.07 06:48:48.212,1.5656,1.5659,1.13,1.88
2013.05.07 06:48:53.289,1.56558,1.56588,1.13,2.25
2013.05.07 06:48:53.530,1.56558,1.56586,1.13,1.88
2013.05.07 06:48:57.121,1.56556,1.56584,1.88,1.50
2013.05.07 06:48:57.675,1.56556,1.56584,1.88,1.50
2013.05.07 06:48:58.007,1.56556,1.56586,1.88,2.25
2013.05.07 06:48:58.190,1.56556,1.56584,1.95,1.50
2013.05.07 06:48:58.910,1.56556,1.56584,1.20,1.50
2013.05.07 06:48:59.470,1.56556,1.56584,1.20,1.50
2013.05.07 06:48:59.990,1.56556,1.56584,1.13,1.50
2013.05.07 06:49:00.543,1.56556,1.56584,1.13,1.50
2013.05.07 06:49:01.084,1.56556,1.56584,1.13,1.50
2013.05.07 06:49:02.090,1.56556,1.56584,1.13,1.50
2013.05.07 06:49:02.640,1.56555,1.56584,1.13,1.50
2013.05.07 06:49:05.160,1.56555,1.56585,1.50,1.13
2013.05.07 06:49:05.280,1.56556,1.56585,1.73,1.13
2013.05.07 06:49:05.590,1.56563,1.56593,1.73,1.50
2013.05.07 06:49:06.037,1.56562,1.56588,1.73,1.13
2013.05.07 06:49:06.231,1.56556,1.56584,1.13,1.50
2013.05.07 06:49:06.290,1.56553,1.56584,1.50,1.50
2013.05.07 06:49:06.530,1.56553,1.56584,1.13,2.25
2013.05.07 06:49:06.889,1.56553,1.56581,1.13,1.50
2013.05.07 06:49:07.222,1.56548,1.56578,1.32,1.88
2013.05.07 06:49:08.759,1.56548,1.56578,1.13,1.88
2013.05.07 06:49:09.131,1.56548,1.56578,1.50,1.13
2013.05.07 06:49:09.310,1.56558,1.56585,1.73,1.13
2013.05.07 06:49:10.391,1.56555,1.56583,1.13,1.13
2013.05.07 06:49:11.029,1.56552,1.56583,1.13,1.50
2013.05.07 06:49:11.210,1.56551,1.56581,1.32,1.50
2013.05.07 06:49:13.040,1.56549,1.56581,1.32,1.88
2013.05.07 06:49:16.819,1.5655,1.5658,1.32,1.13
2013.05.07 06:49:18.109,1.56551,1.56579,1.32,1.13
2013.05.07 06:49:18.531,1.56546,1.56576,1.32,2.07
2013.05.07 06:49:18.710,1.56546,1.56574,1.32,1.50
2013.05.07 06:49:19.023,1.56548,1.56574,1.32,1.50
2013.05.07 06:49:20.252,1.56548,1.56577,1.69,1.88
2013.05.07 06:49:27.453,1.5655,1.56577,1.32,1.50
2013.05.07 06:49:29.969,1.56546,1.56575,1.13,1.32
2013.05.07 06:49:30.270,1.56546,1.56574,1.13,2.63
2013.05.07 06:49:30.585,1.56547,1.56571,1.13,1.50
2013.05.07 06:49:38.079,1.56544,1.56573,1.50,1.32
2013.05.07 06:49:40.349,1.56544,1.56575,1.13,1.69
2013.05.07 06:49:40.862,1.56543,1.56568,1.13,1.50
2013.05.07 06:49:43.759,1.56542,1.56568,1.13,1.50
2013.05.07 06:49:44.440,1.56542,1.56568,1.32,1.50
2013.05.07 06:49:45.160,1.56542,1.56568,1.32,1.50
2013.05.07 06:49:49.140,1.56547,1.56571,2.07,1.50
2013.05.07 06:49:49.260,1.56551,1.56584,1.13,1.88
2013.05.07 06:49:49.439,1.56555,1.56588,1.13,1.50
2013.05.07 06:49:49.820,1.56567,1.56597,1.32,1.13
2013.05.07 06:49:51.341,1.56566,1.56598,2.44,1.88
2013.05.07 06:49:51.521,1.56566,1.56598,1.13,1.88
2013.05.07 06:49:51.829,1.56566,1.56591,1.13,1.50
2013.05.07 06:49:52.131,1.56561,1.56589,1.50,1.50
2013.05.07 06:49:52.816,1.56561,1.56591,1.69,1.88
2013.05.07 06:49:55.131,1.56561,1.56591,1.69,1.13
2013.05.07 06:49:56.243,1.56563,1.56592,1.50,1.13
2013.05.07 06:49:56.551,1.56569,1.56593,1.32,1.13
2013.05.07 06:49:56.670,1.56569,1.56596,1.32,1.50
2013.05.07 06:49:57.444,1.56566,1.56596,1.69,1.50
2013.05.07 06:49:57.570,1.56566,1.56595,1.13,1.50
2013.05.07 06:50:00.871,1.56566,1.56596,1.13,1.50
2013.05.07 06:50:02.236,1.56566,1.56594,1.13,1.50
2013.05.07 06:50:02.540,1.56566,1.56593,1.13,1.50
2013.05.07 06:50:02.607,1.56566,1.56589,1.13,1.50
2013.05.07 06:50:02.675,1.56566,1.56594,1.13,1.88
2013.05.07 06:50:03.610,1.56566,1.56594,1.13,1.13
2013.05.07 06:50:04.802,1.56566,1.56594,1.88,1.13
2013.05.07 06:50:05.344,1.56566,1.56594,1.88,1.13
2013.05.07 06:50:05.651,1.56566,1.56599,1.88,1.13
2013.05.07 06:50:06.112,1.56569,1.56599,1.13,1.13
2013.05.07 06:50:06.171,1.56569,1.56603,1.13,1.32
2013.05.07 06:50:06.231,1.56567,1.56599,1.13,1.13
2013.05.07 06:50:09.861,1.56569,1.56599,1.13,1.13
2013.05.07 06:50:10.219,1.56566,1.56598,1.32,1.13
2013.05.07 06:50:10.280,1.56566,1.56596,1.13,1.50
2013.05.07 06:50:10.346,1.56566,1.56594,1.13,1.50
2013.05.07 06:50:10.414,1.56564,1.56592,1.32,1.13
2013.05.07 06:50:11.639,1.56564,1.56592,1.32,1.13
2013.05.07 06:50:11.999,1.56564,1.56593,1.88,1.13
2013.05.07 06:50:13.390,1.56567,1.56595,1.50,1.13
2013.05.07 06:50:13.510,1.56568,1.56598,1.32,1.13
2013.05.07 06:50:14.430,1.56567,1.56596,2.07,1.13
2013.05.07 06:50:14.550,1.56567,1.56596,1.13,1.88
2013.05.07 06:50:15.053,1.56565,1.56595,1.13,1.88
2013.05.07 06:50:16.330,1.56565,1.56595,1.13,1.13
2013.05.07 06:50:17.734,1.56568,1.56598,1.32,1.13
2013.05.07 06:50:22.640,1.56574,1.56604,1.69,1.13
2013.05.07 06:50:22.760,1.56581,1.56607,1.13,1.13
2013.05.07 06:50:23.809,1.56577,1.56608,2.07,1.13
2013.05.07 06:50:28.031,1.56578,1.56608,1.32,1.13
2013.05.07 06:50:33.119,1.56583,1.5661,2.25,1.88
2013.05.07 06:50:33.449,1.56586,1.56613,1.50,1.32
2013.05.07 06:50:35.938,1.56584,1.56613,1.69,1.13
2013.05.07 06:50:36.371,1.56583,1.56602,1.32,1.13
2013.05.07 06:50:36.598,1.56574,1.56604,1.32,1.50
2013.05.07 06:50:36.720,1.56574,1.56606,1.13,1.32
2013.05.07 06:50:36.961,1.56571,1.56606,1.32,1.32
2013.05.07 06:50:37.200,1.56574,1.56603,1.13,1.69
2013.05.07 06:50:37.380,1.5657,1.566,1.13,1.32
2013.05.07 06:50:37.560,1.56568,1.56599,2.07,1.50
2013.05.07 06:50:38.011,1.5657,1.566,1.13,1.50
2013.05.07 06:50:38.131,1.5657,1.566,1.13,1.50
2013.05.07 06:50:38.690,1.56571,1.56601,1.13,1.32
2013.05.07 06:50:39.049,1.56571,1.56602,1.69,1.13
2013.05.07 06:50:39.172,1.56575,1.56603,1.32,1.13
2013.05.07 06:50:39.231,1.56575,1.56602,1.13,1.13
2013.05.07 06:50:39.730,1.56572,1.56601,1.32,1.13
2013.05.07 06:50:40.150,1.56571,1.56601,1.13,1.32
2013.05.07 06:50:40.710,1.56569,1.56599,1.32,1.32
2013.05.07 06:50:41.450,1.56569,1.56599,1.32,1.32
2013.05.07 06:50:41.511,1.5657,1.56602,1.32,1.13
2013.05.07 06:50:41.872,1.56569,1.56598,1.69,1.32
2013.05.07 06:50:42.210,1.56567,1.56597,1.32,1.32
2013.05.07 06:50:47.910,1.56569,1.56598,2.82,1.32
2013.05.07 06:50:48.030,1.56571,1.56601,1.13,1.32
2013.05.07 06:50:48.151,1.56571,1.56601,1.50,1.32
2013.05.07 06:50:48.511,1.56572,1.56601,1.32,1.13
2013.05.07 06:50:48.870,1.56566,1.56597,1.32,1.13
2013.05.07 06:50:48.990,1.56563,1.56589,1.13,1.32
2013.05.07 06:50:50.183,1.56562,1.56591,1.13,1.50
2013.05.07 06:50:50.640,1.56562,1.56592,1.13,1.13
2013.05.07 06:50:51.330,1.56565,1.56592,1.32,1.13
2013.05.07 06:50:51.689,1.56566,1.56594,1.13,1.88
2013.05.07 06:50:52.771,1.56566,1.56594,1.13,1.50
2013.05.07 06:50:57.990,1.56568,1.56596,1.13,2.07
2013.05.07 06:50:59.850,1.56566,1.56596,1.13,2.07
2013.05.07 06:51:00.152,1.56565,1.56593,1.13,1.32
2013.05.07 06:51:00.452,1.56565,1.56593,1.13,1.32
2013.05.07 06:51:00.930,1.56566,1.56599,1.32,1.13
2013.05.07 06:51:02.810,1.56566,1.56599,1.69,1.50
2013.05.07 06:51:05.482,1.56565,1.56598,1.32,1.13
2013.05.07 06:51:07.901,1.56565,1.56597,1.32,1.13
2013.05.07 06:51:11.553,1.56566,1.56596,1.32,2.03
2013.05.07 06:51:11.692,1.56562,1.56588,1.69,1.50
2013.05.07 06:51:11.750,1.56562,1.56586,1.13,1.32
2013.05.07 06:51:12.109,1.56556,1.56585,1.13,1.32
2013.05.07 06:51:13.899,1.56558,1.56584,1.13,1.32
2013.05.07 06:51:17.829,1.56561,1.56584,1.13,1.32
2013.05.07 06:51:18.263,1.56562,1.56586,1.13,1.32
2013.05.07 06:51:18.323,1.56561,1.56584,1.13,1.32
2013.05.07 06:51:18.992,1.56561,1.56584,1.13,1.32
2013.05.07 06:51:21.020,1.56559,1.56584,1.50,1.32
2013.05.07 06:51:23.491,1.56559,1.56589,1.50,1.50
2013.05.07 06:51:23.549,1.56558,1.56589,1.13,1.13
2013.05.07 06:51:23.945,1.56561,1.5659,1.13,1.50
2013.05.07 06:51:24.400,1.56563,1.56592,1.13,1.13
2013.05.07 06:51:24.461,1.56563,1.56593,1.69,1.13
2013.05.07 06:51:26.350,1.56563,1.56593,1.32,1.13
2013.05.07 06:51:26.650,1.56561,1.56589,1.88,1.13
2013.05.07 06:51:27.940,1.56561,1.5659,1.88,1.13
2013.05.07 06:51:28.201,1.56561,1.56588,1.13,1.50
2013.05.07 06:51:28.320,1.56556,1.56585,1.13,1.13
2013.05.07 06:51:28.441,1.56559,1.56586,1.13,1.13
2013.05.07 06:51:31.681,1.56558,1.56586,1.69,1.13
2013.05.07 06:51:32.692,1.56565,1.56586,1.32,1.13
2013.05.07 06:51:32.750,1.56571,1.56593,1.32,1.13
2013.05.07 06:51:32.811,1.56566,1.56592,1.69,1.50
2013.05.07 06:51:33.198,1.56562,1.5659,1.13,1.50
2013.05.07 06:51:33.931,1.56561,1.56594,1.50,1.32
2013.05.07 06:51:33.990,1.56565,1.56594,1.13,1.32
2013.05.07 06:51:36.706,1.5656,1.56588,1.13,1.13
2013.05.07 06:51:37.010,1.56555,1.56583,1.13,2.07
2013.05.07 06:51:37.130,1.56555,1.56583,1.13,1.32
2013.05.07 06:51:37.674,1.56557,1.56585,2.33,1.13
2013.05.07 06:51:40.130,1.56559,1.56591,1.88,1.13
2013.05.07 06:51:40.191,1.5656,1.56592,1.50,1.32
2013.05.07 06:51:40.729,1.56564,1.56589,1.13,1.13
2013.05.07 06:51:41.680,1.56562,1.56589,1.13,1.32
2013.05.07 06:51:41.799,1.56561,1.56583,1.13,1.13
2013.05.07 06:51:42.339,1.56561,1.56583,1.13,1.13
2013.05.07 06:51:43.400,1.56561,1.56577,1.13,1.53
2013.05.07 06:51:43.525,1.56551,1.56574,1.88,1.50
2013.05.07 06:51:43.710,1.56547,1.56579,1.13,1.69
2013.05.07 06:51:43.769,1.56547,1.56577,1.13,1.13
2013.05.07 06:51:43.890,1.56552,1.56574,1.13,1.50
2013.05.07 06:51:44.130,1.56553,1.56581,1.50,1.13
2013.05.07 06:51:44.559,1.56556,1.56581,1.32,1.13
2013.05.07 06:51:45.229,1.56556,1.56581,1.32,1.13
2013.05.07 06:51:45.899,1.56556,1.56586,1.50,1.13
2013.05.07 06:51:46.220,1.56565,1.56588,1.32,1.13
2013.05.07 06:51:47.879,1.56565,1.56588,1.13,1.88
2013.05.07 06:51:48.891,1.56565,1.56588,1.13,1.88
2013.05.07 06:51:49.109,1.56562,1.56588,1.32,1.88
2013.05.07 06:51:49.641,1.56565,1.56589,1.13,1.13
2013.05.07 06:51:51.419,1.56566,1.56589,1.13,1.13
2013.05.07 06:51:52.320,1.56566,1.56589,1.13,1.13
2013.05.07 06:51:57.920,1.56566,1.56589,1.13,1.13
2013.05.07 06:51:58.592,1.56567,1.56592,1.13,1.13
2013.05.07 06:51:58.850,1.56567,1.56588,1.13,1.13
2013.05.07 06:51:59.246,1.56562,1.56589,1.32,1.13
2013.05.07 06:51:59.432,1.56565,1.56589,1.13,1.13
2013.05.07 06:52:01.111,1.56567,1.56589,1.50,1.13
2013.05.07 06:52:01.241,1.56581,1.56597,1.13,1.13
2013.05.07 06:52:01.599,1.56581,1.56597,1.13,1.13
2013.05.07 06:52:01.661,1.5657,1.56597,1.32,1.13
2013.05.07 06:52:01.780,1.56571,1.56593,1.50,1.50
2013.05.07 06:52:02.230,1.56568,1.56593,1.13,1.50
2013.05.07 06:52:02.291,1.56567,1.56593,1.13,1.50
2013.05.07 06:52:02.660,1.56563,1.56591,1.50,1.13
2013.05.07 06:52:05.250,1.56564,1.5659,1.13,1.50
2013.05.07 06:52:08.770,1.56559,1.56586,1.13,1.13
2013.05.07 06:52:08.830,1.56557,1.56586,1.69,1.13
2013.05.07 06:52:08.891,1.56553,1.56586,1.69,1.13
2013.05.07 06:52:09.132,1.56559,1.56586,1.13,1.13
2013.05.07 06:52:09.251,1.56559,1.56584,1.13,1.13
2013.05.07 06:52:10.680,1.56558,1.56584,1.32,1.88
2013.05.07 06:52:11.110,1.56558,1.56583,1.32,1.13
2013.05.07 06:52:11.399,1.56558,1.56583,1.32,1.88
2013.05.07 06:52:11.900,1.56558,1.56583,1.32,1.13
2013.05.07 06:52:14.190,1.56566,1.56585,1.13,2.25
2013.05.07 06:52:14.310,1.56572,1.5659,1.32,1.88
2013.05.07 06:52:14.372,1.56572,1.56591,1.32,1.13
2013.05.07 06:52:14.971,1.56566,1.56596,1.69,2.25
2013.05.07 06:52:15.529,1.56566,1.56596,1.69,1.50
2013.05.07 06:52:16.641,1.56567,1.56593,1.32,1.13
2013.05.07 06:52:16.760,1.56563,1.56589,1.32,1.50
2013.05.07 06:52:16.940,1.56561,1.56586,1.32,1.13
2013.05.07 06:52:17.182,1.56558,1.56587,1.32,1.50
2013.05.07 06:52:18.051,1.56558,1.56587,1.32,2.25
2013.05.07 06:52:19.119,1.56556,1.56584,1.32,1.13
2013.05.07 06:52:19.420,1.56558,1.56583,1.32,1.13
2013.05.07 06:52:19.652,1.56556,1.56584,1.32,1.13
2013.05.07 06:52:19.910,1.56557,1.56582,1.32,1.13
2013.05.07 06:52:20.529,1.56557,1.5658,1.32,1.13
2013.05.07 06:52:20.830,1.56541,1.56565,1.13,1.13
2013.05.07 06:52:20.890,1.56536,1.56566,1.69,1.13
2013.05.07 06:52:21.430,1.56536,1.56565,1.69,1.50
2013.05.07 06:52:21.550,1.56536,1.56562,1.13,1.13
2013.05.07 06:52:21.609,1.56533,1.56562,1.69,1.13
2013.05.07 06:52:21.850,1.56536,1.56562,1.13,1.13
2013.05.07 06:52:22.309,1.56536,1.56565,1.69,1.50
2013.05.07 06:52:22.843,1.56532,1.56559,2.44,1.50
2013.05.07 06:52:23.351,1.56533,1.56567,1.32,1.88
2013.05.07 06:52:23.620,1.56533,1.56562,1.32,1.13
2013.05.07 06:52:23.743,1.56533,1.56562,1.32,1.13
2013.05.07 06:52:24.053,1.56536,1.56562,1.32,1.13
2013.05.07 06:52:24.180,1.56541,1.56569,1.32,1.88
2013.05.07 06:52:24.240,1.56541,1.56569,1.32,1.13
2013.05.07 06:52:24.421,1.56541,1.56569,1.32,1.13
2013.05.07 06:52:24.660,1.56538,1.56566,1.32,1.13
2013.05.07 06:52:24.720,1.56538,1.56569,1.32,1.88
2013.05.07 06:52:24.963,1.56541,1.56565,1.32,1.50
2013.05.07 06:52:25.940,1.56537,1.56562,1.69,1.50
2013.05.07 06:52:26.000,1.56537,1.56559,1.69,1.50
2013.05.07 06:52:26.240,1.56536,1.56561,1.69,1.50
2013.05.07 06:52:26.541,1.56542,1.56566,1.32,1.50
2013.05.07 06:52:26.663,1.5654,1.56566,1.32,2.25
2013.05.07 06:52:26.850,1.5654,1.56562,1.13,1.50
2013.05.07 06:52:26.970,1.56542,1.56565,1.13,1.13
2013.05.07 06:52:27.091,1.56542,1.56567,1.32,1.13
2013.05.07 06:52:27.270,1.56539,1.56565,1.13,1.88
2013.05.07 06:52:27.391,1.56535,1.56565,1.69,1.50
2013.05.07 06:52:27.692,1.56527,1.56561,1.50,1.32
2013.05.07 06:52:27.810,1.56527,1.56551,1.13,1.50
2013.05.07 06:52:27.990,1.56524,1.56552,1.32,1.88
2013.05.07 06:52:28.180,1.56521,1.56552,1.69,1.88
2013.05.07 06:52:28.561,1.56522,1.56552,1.69,1.88
2013.05.07 06:52:28.892,1.56522,1.56552,1.69,1.32
2013.05.07 06:52:29.381,1.56526,1.56554,1.13,1.32
2013.05.07 06:52:31.003,1.5652,1.56554,1.32,1.32
2013.05.07 06:52:31.716,1.56529,1.56556,1.13,1.32
2013.05.07 06:52:31.811,1.56531,1.56564,1.32,1.50
2013.05.07 06:52:32.001,1.56533,1.56564,1.32,1.50
2013.05.07 06:52:32.320,1.56529,1.56564,1.32,1.50
2013.05.07 06:52:32.502,1.56528,1.56558,1.50,1.13
2013.05.07 06:52:33.071,1.56527,1.56555,1.13,1.50
2013.05.07 06:52:33.440,1.56526,1.56557,1.13,1.50
2013.05.07 06:52:33.681,1.56523,1.56551,1.13,1.50
2013.05.07 06:52:33.742,1.56522,1.56551,1.13,1.88
2013.05.07 06:52:33.822,1.56522,1.56551,1.13,1.88
2013.05.07 06:52:34.060,1.56522,1.56552,1.13,2.25
2013.05.07 06:52:34.662,1.56519,1.56552,1.13,2.25
2013.05.07 06:52:34.737,1.56519,1.56552,1.13,2.25
2013.05.07 06:52:36.641,1.56519,1.56552,1.13,2.25
2013.05.07 06:52:36.822,1.56521,1.5655,1.13,1.50
2013.05.07 06:52:37.060,1.56521,1.56552,1.13,1.35
2013.05.07 06:52:37.400,1.56517,1.56549,1.13,1.13
2013.05.07 06:52:37.990,1.56517,1.56546,1.13,1.13
2013.05.07 06:52:38.830,1.56517,1.56546,1.88,1.13
2013.05.07 06:52:39.191,1.56514,1.56546,1.13,1.13
2013.05.07 06:52:39.550,1.56512,1.56538,1.50,1.13
2013.05.07 06:52:40.811,1.56512,1.56538,1.13,1.13
2013.05.07 06:52:43.121,1.56512,1.56538,1.13,1.13
2013.05.07 06:52:43.681,1.56509,1.56539,1.50,1.13
2013.05.07 06:52:44.238,1.56508,1.56539,2.25,1.13
2013.05.07 06:52:44.305,1.56516,1.56542,1.50,1.13
2013.05.07 06:52:44.432,1.56516,1.56543,1.50,1.13
2013.05.07 06:52:44.515,1.56514,1.56541,1.50,1.13
2013.05.07 06:52:44.843,1.56512,1.56541,2.25,1.13
2013.05.07 06:52:45.150,1.56513,1.56541,1.88,1.13
2013.05.07 06:52:45.210,1.56516,1.56544,1.50,1.13
2013.05.07 06:52:46.483,1.56516,1.56545,1.50,1.13
2013.05.07 06:52:47.720,1.56516,1.56543,1.13,1.13
2013.05.07 06:52:47.780,1.5651,1.56543,1.88,1.32
2013.05.07 06:52:47.961,1.56513,1.56543,1.50,1.32
2013.05.07 06:52:48.203,1.56513,1.56543,1.13,1.50
2013.05.07 06:52:49.532,1.56514,1.56544,1.13,1.50
2013.05.07 06:52:50.480,1.56518,1.56545,1.13,1.13
2013.05.07 06:52:50.720,1.56515,1.56541,1.13,2.07
2013.05.07 06:52:51.141,1.5651,1.56543,1.50,1.69
2013.05.07 06:52:51.260,1.56513,1.56543,1.13,1.13
2013.05.07 06:52:51.689,1.56512,1.56541,1.50,1.50
2013.05.07 06:52:52.191,1.56512,1.56544,1.13,1.88
2013.05.07 06:52:52.730,1.56516,1.56544,1.13,1.50
2013.05.07 06:52:52.861,1.56517,1.56545,1.13,1.13
2013.05.07 06:52:53.524,1.56516,1.56549,2.33,1.13
2013.05.07 06:52:53.649,1.56521,1.56549,1.13,1.13
2013.05.07 06:52:59.252,1.5652,1.56553,1.20,2.25
2013.05.07 06:52:59.441,1.5652,1.56553,1.20,1.50
2013.05.07 06:52:59.861,1.5652,1.56551,1.20,1.50
2013.05.07 06:53:00.940,1.5652,1.56554,1.58,1.69
2013.05.07 06:53:01.481,1.56521,1.56553,1.58,1.50
2013.05.07 06:53:02.458,1.56521,1.5655,1.50,1.13
2013.05.07 06:53:04.491,1.56521,1.56549,1.50,1.50
2013.05.07 06:53:04.609,1.56522,1.5655,1.13,1.13
2013.05.07 06:53:04.920,1.56522,1.56554,1.20,2.25
2013.05.07 06:53:04.981,1.56521,1.56545,1.20,1.13
2013.05.07 06:53:05.040,1.56521,1.56544,1.13,1.50
2013.05.07 06:53:05.670,1.56519,1.56544,1.13,1.50
2013.05.07 06:53:06.922,1.56519,1.56547,1.13,1.13
2013.05.07 06:53:07.281,1.56518,1.5655,1.20,2.82
2013.05.07 06:53:07.900,1.56524,1.5655,1.20,1.13
2013.05.07 06:53:08.590,1.56525,1.56555,1.20,2.44
2013.05.07 06:53:10.920,1.56524,1.56554,2.33,1.50
2013.05.07 06:53:10.980,1.56526,1.56554,1.13,1.13
2013.05.07 06:53:11.521,1.56526,1.56557,1.50,1.50
2013.05.07 06:53:13.671,1.56532,1.56557,1.13,1.50
2013.05.07 06:53:14.430,1.56527,1.56555,1.50,1.50
2013.05.07 06:53:14.638,1.56527,1.56555,1.13,1.50
2013.05.07 06:53:14.940,1.56527,1.56553,1.13,1.13
2013.05.07 06:53:15.061,1.56525,1.56553,1.13,1.50
2013.05.07 06:53:15.180,1.56525,1.56553,1.50,1.13
2013.05.07 06:53:15.661,1.56526,1.56556,1.50,1.13
2013.05.07 06:53:15.722,1.56526,1.56558,1.50,1.13
2013.05.07 06:53:16.230,1.56531,1.56558,1.13,1.13
2013.05.07 06:53:17.629,1.56531,1.56556,1.13,1.13
2013.05.07 06:53:18.160,1.56526,1.56556,1.50,1.13
2013.05.07 06:53:18.721,1.56526,1.56554,1.50,1.69
2013.05.07 06:53:19.104,1.56526,1.56554,1.13,2.82
2013.05.07 06:53:19.350,1.56533,1.5656,1.13,1.13
2013.05.07 06:53:19.651,1.56531,1.56558,1.13,1.50
2013.05.07 06:53:19.950,1.56533,1.56559,1.13,1.50
2013.05.07 06:53:21.501,1.56532,1.56558,1.13,1.88
2013.05.07 06:53:21.904,1.56536,1.56559,1.13,1.13
2013.05.07 06:53:23.727,1.56536,1.56561,1.13,1.13
2013.05.07 06:53:23.970,1.56536,1.56562,1.13,1.13
2013.05.07 06:53:25.512,1.56536,1.56561,1.13,1.13
2013.05.07 06:53:25.599,1.56536,1.56561,1.13,1.88
2013.05.07 06:53:26.012,1.56537,1.56563,1.13,1.88
2013.05.07 06:53:26.670,1.56537,1.56561,1.13,1.88
2013.05.07 06:53:27.210,1.56537,1.56562,1.13,1.13
2013.05.07 06:53:27.968,1.56537,1.56562,1.13,1.13
2013.05.07 06:53:28.153,1.56539,1.56567,1.13,1.20
2013.05.07 06:53:28.461,1.56542,1.56568,1.13,1.13
2013.05.07 06:53:28.761,1.56542,1.56566,1.13,1.88
2013.05.07 06:53:29.689,1.56542,1.56567,1.13,1.50
2013.05.07 06:53:29.813,1.56542,1.56568,1.32,1.88
2013.05.07 06:53:29.940,1.56542,1.56568,1.32,1.88
2013.05.07 06:53:30.122,1.56543,1.56569,1.13,1.13
2013.05.07 06:53:36.886,1.56541,1.56569,1.50,1.50
2013.05.07 06:53:38.410,1.56544,1.56572,1.13,1.88
2013.05.07 06:53:38.561,1.56544,1.56573,1.50,1.50
2013.05.07 06:53:39.902,1.56544,1.56572,1.50,1.13
2013.05.07 06:53:40.297,1.56542,1.56572,1.50,1.32
2013.05.07 06:53:40.929,1.56542,1.56572,1.50,1.88
2013.05.07 06:53:46.453,1.56542,1.56572,1.50,1.50
2013.05.07 06:53:48.920,1.56545,1.56573,1.13,1.88
2013.05.07 06:53:54.500,1.56544,1.56574,1.50,1.20
2013.05.07 06:53:54.861,1.56544,1.56572,1.58,1.50
2013.05.07 06:53:55.325,1.56542,1.56572,1.58,1.50
2013.05.07 06:53:55.406,1.56544,1.56572,1.50,1.50
2013.05.07 06:54:01.467,1.56546,1.56573,1.13,1.50
2013.05.07 06:54:02.822,1.56546,1.56569,1.13,1.50
2013.05.07 06:54:03.181,1.56536,1.56562,2.33,1.50
2013.05.07 06:54:03.301,1.56532,1.56559,1.20,1.13
2013.05.07 06:54:03.361,1.56532,1.56558,1.32,1.13
2013.05.07 06:54:03.421,1.56531,1.56557,1.32,1.50
2013.05.07 06:54:03.720,1.56532,1.56558,1.13,1.13
2013.05.07 06:54:03.901,1.56531,1.56564,1.58,1.32
2013.05.07 06:54:04.140,1.56533,1.56562,1.13,1.50
2013.05.07 06:54:04.960,1.56536,1.56561,1.13,1.50
2013.05.07 06:54:05.625,1.56536,1.56561,1.13,1.50
2013.05.07 06:54:08.178,1.56535,1.56564,1.13,1.88
2013.05.07 06:54:08.245,1.5653,1.56561,1.58,1.50
2013.05.07 06:54:08.371,1.56535,1.5656,1.13,1.69
2013.05.07 06:54:08.622,1.56535,1.56564,1.13,1.32
2013.05.07 06:54:09.160,1.56535,1.56563,1.13,1.95
2013.05.07 06:54:09.220,1.56532,1.56563,1.50,1.20
2013.05.07 06:54:09.508,1.56532,1.56563,1.50,1.20
2013.05.07 06:54:11.393,1.56532,1.56563,2.25,1.20
2013.05.07 06:54:11.633,1.56537,1.56564,1.13,1.20
2013.05.07 06:54:11.804,1.56537,1.56563,1.13,1.20
2013.05.07 06:54:12.622,1.56537,1.56564,1.13,1.20
2013.05.07 06:54:12.743,1.56537,1.56563,1.13,1.20
2013.05.07 06:54:14.290,1.56537,1.56564,1.50,1.50
2013.05.07 06:54:16.220,1.56535,1.56563,1.50,1.13
2013.05.07 06:54:19.091,1.56532,1.56563,1.58,1.13
2013.05.07 06:54:19.801,1.56531,1.56562,1.69,1.13
2013.05.07 06:54:19.881,1.56534,1.56562,1.69,1.13
2013.05.07 06:54:22.990,1.56536,1.56562,1.50,1.13
2013.05.07 06:54:23.570,1.56535,1.56562,1.69,1.13
2013.05.07 06:54:30.892,1.56538,1.56564,1.50,1.50
2013.05.07 06:54:31.431,1.56539,1.56568,1.13,1.58
2013.05.07 06:54:31.551,1.56541,1.56568,1.13,1.20
2013.05.07 06:54:31.671,1.56541,1.56569,1.32,1.13
2013.05.07 06:54:31.790,1.56543,1.56571,1.13,1.32
2013.05.07 06:54:32.090,1.56543,1.56574,1.32,1.58
2013.05.07 06:54:32.711,1.56544,1.56574,1.32,1.13
2013.05.07 06:54:33.672,1.56541,1.56574,1.69,1.13
2013.05.07 06:54:35.870,1.56547,1.56574,1.13,1.13
2013.05.07 06:54:36.655,1.56548,1.56576,1.02,1.13
2013.05.07 06:54:38.177,1.56547,1.56578,1.58,1.13
2013.05.07 06:54:38.360,1.56546,1.56579,1.58,1.13
2013.05.07 06:54:38.882,1.5655,1.56578,1.13,1.13
2013.05.07 06:54:39.430,1.5655,1.56579,1.13,1.13
2013.05.07 06:54:39.781,1.5655,1.56579,1.13,1.13
2013.05.07 06:54:41.170,1.5655,1.56579,1.13,1.13
2013.05.07 06:54:45.342,1.5655,1.5658,2.63,1.13
2013.05.07 06:54:45.910,1.56552,1.5658,1.13,1.13
2013.05.07 06:54:46.390,1.56554,1.5658,1.50,1.13
2013.05.07 06:54:46.450,1.56559,1.56587,1.50,2.44
2013.05.07 06:54:46.630,1.56559,1.56588,1.50,1.13
2013.05.07 06:54:47.132,1.56559,1.56588,1.50,1.13
2013.05.07 06:54:48.070,1.56561,1.56588,1.13,1.13
2013.05.07 06:54:54.910,1.56562,1.56587,1.13,1.13
2013.05.07 06:54:55.102,1.56558,1.56579,1.13,1.13
2013.05.07 06:54:56.132,1.56554,1.56579,1.13,1.13
2013.05.07 06:54:59.742,1.56554,1.56579,1.13,1.13
2013.05.07 06:55:00.793,1.56554,1.56579,1.13,1.13
2013.05.07 06:55:01.391,1.56554,1.56579,1.13,1.13
2013.05.07 06:55:09.640,1.56557,1.56585,1.50,1.13
2013.05.07 06:55:09.821,1.56557,1.56587,1.69,1.13
2013.05.07 06:55:10.122,1.56561,1.5659,1.32,1.13
2013.05.07 06:55:10.183,1.56562,1.5659,1.13,1.13
2013.05.07 06:55:10.601,1.56565,1.56593,1.50,1.50
2013.05.07 06:55:12.901,1.56564,1.56589,1.13,1.13
2013.05.07 06:55:13.419,1.56566,1.56589,1.13,1.13
2013.05.07 06:55:13.922,1.56561,1.5659,1.13,1.13
2013.05.07 06:55:14.352,1.5656,1.5659,1.13,1.13
2013.05.07 06:55:14.873,1.56561,1.56589,1.13,1.32
2013.05.07 06:55:15.411,1.56559,1.56585,1.13,1.13
2013.05.07 06:55:15.730,1.56556,1.56585,1.88,1.32
2013.05.07 06:55:16.131,1.56556,1.56585,1.13,1.32
2013.05.07 06:55:18.041,1.56555,1.56585,1.13,1.69
2013.05.07 06:55:21.982,1.56551,1.56581,1.69,1.20
2013.05.07 06:55:25.911,1.56552,1.56579,1.32,1.13
2013.05.07 06:55:26.270,1.56546,1.56569,1.13,1.32
2013.05.07 06:55:26.330,1.56541,1.56569,1.88,1.32
2013.05.07 06:55:26.451,1.56541,1.56569,1.50,1.32
2013.05.07 06:55:26.690,1.56541,1.56569,1.69,1.13
2013.05.07 06:55:26.840,1.56543,1.56574,1.32,1.95
2013.05.07 06:55:27.103,1.56542,1.56569,1.32,1.13
2013.05.07 06:55:27.580,1.56544,1.56573,1.13,1.20
2013.05.07 06:55:27.882,1.56548,1.56578,1.13,1.88
2013.05.07 06:55:28.121,1.56549,1.56578,1.13,1.13
2013.05.07 06:55:28.181,1.56546,1.56578,3.00,1.13
2013.05.07 06:55:28.421,1.56548,1.56579,1.50,1.13
2013.05.07 06:55:28.481,1.56548,1.56579,1.50,1.32
2013.05.07 06:55:28.661,1.56546,1.56575,1.88,1.32
2013.05.07 06:55:31.222,1.56546,1.56575,1.13,1.69
2013.05.07 06:55:32.061,1.56547,1.56575,1.13,1.69
2013.05.07 06:55:32.621,1.56548,1.56574,1.13,1.32
2013.05.07 06:55:33.952,1.56553,1.56583,1.32,1.20
2013.05.07 06:55:34.440,1.56555,1.56585,1.50,1.32
2013.05.07 06:55:36.931,1.56555,1.56585,1.88,1.32
2013.05.07 06:55:37.050,1.56555,1.5658,1.13,1.32
2013.05.07 06:55:37.290,1.56555,1.56585,1.13,1.02
2013.05.07 06:55:37.350,1.56555,1.56585,1.13,1.02
2013.05.07 06:55:38.760,1.56556,1.56584,1.13,1.69
2013.05.07 06:55:39.491,1.56556,1.56584,1.69,1.13
2013.05.07 06:55:39.613,1.56552,1.56584,1.69,1.13
2013.05.07 06:55:39.683,1.56552,1.56581,1.32,1.13
2013.05.07 06:55:39.870,1.56551,1.56581,1.13,1.50
2013.05.07 06:55:39.931,1.56548,1.56581,1.13,1.50
2013.05.07 06:55:40.760,1.56546,1.56581,2.25,1.58
2013.05.07 06:55:41.240,1.56546,1.56574,1.88,1.13
2013.05.07 06:55:41.420,1.56546,1.56575,1.13,1.32
2013.05.07 06:55:41.909,1.56547,1.56579,1.13,1.13
2013.05.07 06:55:42.211,1.56548,1.56575,1.13,1.13
2013.05.07 06:55:42.570,1.56542,1.56573,1.88,1.69
2013.05.07 06:55:42.630,1.56542,1.56574,1.13,3.60
2013.05.07 06:55:43.321,1.56542,1.56572,1.88,1.02
2013.05.07 06:55:43.662,1.56542,1.56573,2.25,1.39
2013.05.07 06:55:44.020,1.56544,1.56573,1.13,1.13
2013.05.07 06:55:44.624,1.56547,1.56578,1.13,1.88
2013.05.07 06:55:44.690,1.56547,1.56578,1.13,1.13
2013.05.07 06:55:47.592,1.56547,1.5658,1.13,1.13
2013.05.07 06:55:47.903,1.56547,1.5658,1.50,1.13
2013.05.07 06:55:48.432,1.56547,1.5658,1.13,1.13
2013.05.07 06:55:49.352,1.56549,1.56583,1.88,1.58
2013.05.07 06:55:50.660,1.56549,1.56583,2.25,1.58
2013.05.07 06:56:00.624,1.5655,1.56584,1.13,1.69
2013.05.07 06:56:00.891,1.5655,1.5658,1.13,1.13
2013.05.07 06:56:05.082,1.56548,1.56579,1.20,1.50
2013.05.07 06:56:10.202,1.56549,1.56579,1.20,1.13
2013.05.07 06:56:10.504,1.56546,1.56579,1.58,1.13
2013.05.07 06:56:10.652,1.56547,1.56579,1.58,1.13
2013.05.07 06:56:10.952,1.56546,1.56576,1.13,1.13
2013.05.07 06:56:11.820,1.56545,1.56574,1.39,1.13
2013.05.07 06:56:12.520,1.56546,1.56578,1.20,1.13
2013.05.07 06:56:13.315,1.56546,1.56577,1.39,1.13
2013.05.07 06:56:13.643,1.56549,1.56577,1.02,1.13
2013.05.07 06:56:13.851,1.56547,1.56577,1.39,1.13
2013.05.07 06:56:16.095,1.56547,1.56577,1.39,1.13
2013.05.07 06:56:16.630,1.56544,1.56574,1.02,1.13
2013.05.07 06:56:16.691,1.56547,1.56574,1.13,1.13
2013.05.07 06:56:17.162,1.56542,1.56574,1.92,1.13
2013.05.07 06:56:19.200,1.56542,1.56573,1.92,1.13
2013.05.07 06:56:22.721,1.56547,1.56574,1.20,1.13
2013.05.07 06:56:22.781,1.56546,1.56573,1.20,1.13
2013.05.07 06:56:23.080,1.56541,1.56569,1.32,1.13
2013.05.07 06:56:23.141,1.56539,1.56569,1.32,1.13
2013.05.07 06:56:23.261,1.56539,1.56569,1.20,1.13
2013.05.07 06:56:23.440,1.56535,1.56567,1.17,1.13
2013.05.07 06:56:25.440,1.56535,1.56567,1.17,1.13
2013.05.07 06:56:31.715,1.56535,1.56569,1.17,1.88
2013.05.07 06:56:31.854,1.56537,1.56569,1.58,1.88
2013.05.07 06:56:45.240,1.5654,1.56568,1.20,1.13
2013.05.07 06:56:45.300,1.56542,1.56573,1.69,1.13
2013.05.07 06:56:45.541,1.56538,1.5657,2.33,1.13
2013.05.07 06:56:45.601,1.56538,1.5657,1.58,1.13
2013.05.07 06:56:45.721,1.56536,1.56566,1.54,1.13
2013.05.07 06:56:48.864,1.5654,1.56568,1.13,2.25
2013.05.07 06:56:49.420,1.5654,1.56565,1.13,1.13
2013.05.07 06:56:50.191,1.56536,1.56565,1.20,1.13
2013.05.07 06:56:53.355,1.56536,1.56564,1.20,1.13
2013.05.07 06:56:53.814,1.56541,1.56564,1.13,1.13
2013.05.07 06:56:58.172,1.56541,1.56565,1.13,1.13
2013.05.07 06:57:02.610,1.5654,1.56564,1.13,1.13
2013.05.07 06:57:02.730,1.56537,1.56564,1.13,1.13
2013.05.07 06:57:04.040,1.56537,1.56565,1.20,1.13
2013.05.07 06:57:06.521,1.56537,1.56565,1.20,1.13
2013.05.07 06:57:08.886,1.56537,1.56565,1.20,1.13
2013.05.07 06:57:15.881,1.56537,1.56565,1.54,1.13
2013.05.07 06:57:24.141,1.56537,1.56564,1.17,1.13
2013.05.07 06:57:30.452,1.56537,1.56563,1.17,1.13
2013.05.07 06:57:30.890,1.56537,1.56564,1.17,1.13
2013.05.07 06:57:34.371,1.56537,1.56564,1.17,1.13
2013.05.07 06:57:37.351,1.56536,1.56564,1.54,1.13
2013.05.07 06:57:37.710,1.56532,1.56555,1.13,1.13
2013.05.07 06:57:38.042,1.56532,1.56559,1.13,1.32
2013.05.07 06:57:38.621,1.56532,1.56559,1.88,1.13
2013.05.07 06:57:38.741,1.56537,1.56567,1.13,1.47
2013.05.07 06:57:38.801,1.56537,1.56569,1.13,2.25
2013.05.07 06:57:38.860,1.56538,1.56569,1.13,2.25
2013.05.07 06:57:39.220,1.56551,1.56579,1.32,1.50
2013.05.07 06:57:39.490,1.56551,1.56579,1.32,1.50
2013.05.07 06:57:44.602,1.56551,1.5658,1.32,1.13
2013.05.07 06:57:44.720,1.56551,1.56578,1.32,1.13
2013.05.07 06:57:44.960,1.56551,1.56581,1.13,1.13
2013.05.07 06:57:45.141,1.56551,1.56581,1.13,1.13
2013.05.07 06:57:48.142,1.56553,1.56583,1.50,1.50
2013.05.07 06:57:49.510,1.56556,1.56586,1.32,2.25
2013.05.07 06:57:51.490,1.56556,1.56584,1.32,1.13
2013.05.07 06:57:55.664,1.56554,1.56584,1.69,1.13
2013.05.07 06:58:00.321,1.56558,1.56586,1.13,1.13
2013.05.07 06:58:00.935,1.56559,1.56587,1.32,1.88
2013.05.07 06:58:03.211,1.56558,1.56587,1.69,1.88
2013.05.07 06:58:03.271,1.56558,1.56587,1.69,1.88
2013.05.07 06:58:04.210,1.56558,1.56587,1.69,1.88
2013.05.07 06:58:05.672,1.56557,1.56587,1.32,2.63
2013.05.07 06:58:05.730,1.56557,1.56583,1.32,1.13
2013.05.07 06:58:06.079,1.56558,1.56584,1.32,1.50
2013.05.07 06:58:06.148,1.56558,1.56586,1.32,2.25
2013.05.07 06:58:09.702,1.56558,1.56586,1.32,2.63
2013.05.07 06:58:12.941,1.56559,1.56586,1.32,1.50
2013.05.07 06:58:16.751,1.56559,1.56584,1.32,1.13
2013.05.07 06:58:18.165,1.5656,1.56587,1.32,1.13
2013.05.07 06:58:19.071,1.5656,1.56587,1.32,1.13
2013.05.07 06:58:19.190,1.56557,1.56586,1.32,1.13
2013.05.07 06:58:19.550,1.56559,1.56589,1.32,2.25
2013.05.07 06:58:23.762,1.5656,1.56588,1.32,1.50
2013.05.07 06:58:25.603,1.5656,1.56588,1.32,1.88
2013.05.07 06:58:26.111,1.56564,1.56589,1.32,1.50
2013.05.07 06:58:26.559,1.5656,1.56588,1.32,1.88
2013.05.07 06:58:27.311,1.5656,1.56588,1.32,1.88
2013.05.07 06:58:27.750,1.5656,1.56588,1.32,1.88
2013.05.07 06:58:30.262,1.5656,1.56589,1.32,1.50
2013.05.07 06:58:30.863,1.5656,1.56588,1.32,1.13
2013.05.07 06:58:30.931,1.5656,1.56588,1.32,1.13
2013.05.07 06:58:33.791,1.56559,1.56587,1.32,1.13
2013.05.07 06:58:43.290,1.56559,1.56586,1.32,1.13
2013.05.07 06:58:46.021,1.5656,1.56586,1.13,2.25
2013.05.07 06:58:49.671,1.5656,1.56586,1.13,2.63
2013.05.07 06:58:49.731,1.5656,1.56586,1.13,2.63
2013.05.07 06:58:50.266,1.56559,1.56588,1.32,2.63
2013.05.07 06:58:51.941,1.5656,1.56587,1.32,1.13
2013.05.07 06:58:52.445,1.56559,1.56587,1.69,1.50
2013.05.07 06:58:53.110,1.56559,1.56587,1.69,1.13
2013.05.07 06:58:56.643,1.56565,1.56593,1.32,1.13
2013.05.07 06:58:56.701,1.56569,1.56595,1.13,1.39
2013.05.07 06:58:56.952,1.56569,1.56598,1.32,1.13
2013.05.07 06:58:57.139,1.56569,1.56599,1.32,1.13
2013.05.07 06:58:57.433,1.56569,1.56598,1.32,1.13
2013.05.07 06:58:57.597,1.56569,1.566,1.39,1.50
2013.05.07 06:58:58.181,1.56569,1.566,1.69,1.50
2013.05.07 06:58:58.421,1.56575,1.56604,1.13,2.25
2013.05.07 06:58:58.481,1.56575,1.56604,1.50,1.13
2013.05.07 06:58:58.602,1.56575,1.56605,1.50,1.58
2013.05.07 06:58:59.550,1.56575,1.56605,1.13,1.20
2013.05.07 06:59:00.061,1.56575,1.56605,1.32,1.13
2013.05.07 06:59:00.621,1.56577,1.56605,1.32,1.13
2013.05.07 06:59:01.390,1.56577,1.56605,1.32,1.13
2013.05.07 06:59:01.950,1.56577,1.56605,1.69,1.50
2013.05.07 06:59:02.354,1.56577,1.56605,1.32,1.58
2013.05.07 06:59:02.422,1.56571,1.56599,1.32,1.50
2013.05.07 06:59:02.661,1.56571,1.566,1.32,1.50
2013.05.07 06:59:03.103,1.56571,1.56601,1.32,1.50
2013.05.07 06:59:03.645,1.56573,1.56603,1.32,1.13
2013.05.07 06:59:05.250,1.56572,1.56601,2.29,1.13
2013.05.07 06:59:06.867,1.56572,1.566,2.29,1.13
2013.05.07 06:59:08.161,1.56572,1.56604,1.32,2.63
2013.05.07 06:59:10.591,1.56573,1.56601,1.32,1.13
2013.05.07 06:59:16.531,1.56573,1.56601,1.69,1.20
2013.05.07 06:59:17.930,1.56573,1.56603,1.69,1.88
2013.05.07 06:59:18.050,1.56577,1.56603,1.32,1.88
2013.05.07 06:59:18.471,1.56573,1.56603,1.69,1.20
2013.05.07 06:59:18.711,1.56572,1.56598,1.32,1.13
2013.05.07 06:59:18.950,1.5657,1.56598,1.13,1.13
2013.05.07 06:59:19.452,1.5657,1.56598,1.32,1.20
2013.05.07 06:59:19.983,1.5657,1.56598,1.32,1.13
2013.05.07 06:59:21.440,1.56569,1.56597,1.32,1.13
2013.05.07 06:59:22.851,1.56569,1.56597,1.32,1.13
2013.05.07 06:59:23.211,1.56569,1.56596,1.13,1.13
2013.05.07 06:59:27.101,1.56569,1.56596,1.32,1.13
2013.05.07 06:59:27.281,1.56575,1.56601,1.32,1.13
2013.05.07 06:59:27.466,1.56575,1.56602,1.32,1.13
2013.05.07 06:59:29.180,1.56576,1.56604,1.32,1.13
2013.05.07 06:59:29.302,1.56576,1.56604,1.32,1.13
2013.05.07 06:59:29.420,1.56571,1.56604,1.13,1.58
2013.05.07 06:59:30.036,1.56571,1.56599,1.13,1.13
2013.05.07 06:59:30.790,1.5657,1.56598,1.32,1.13
2013.05.07 06:59:31.691,1.56574,1.56598,1.32,1.13
2013.05.07 06:59:33.685,1.56572,1.56598,1.32,1.13
2013.05.07 06:59:34.231,1.56574,1.56602,1.32,1.20
2013.05.07 06:59:34.533,1.56579,1.56604,1.13,1.95
2013.05.07 06:59:35.791,1.5658,1.56605,1.13,1.13
2013.05.07 06:59:36.550,1.56584,1.56608,1.32,3.00
2013.05.07 06:59:36.611,1.56584,1.56608,1.32,2.25
2013.05.07 06:59:36.882,1.56584,1.56608,1.32,1.13
2013.05.07 06:59:38.221,1.56579,1.56608,1.69,1.20
2013.05.07 06:59:38.362,1.56579,1.56608,1.69,1.20
2013.05.07 06:59:39.261,1.56579,1.56608,1.32,1.20
2013.05.07 06:59:42.911,1.56581,1.56606,1.32,1.13
2013.05.07 06:59:44.602,1.56585,1.56609,1.13,1.13
2013.05.07 06:59:44.721,1.56585,1.56611,1.13,1.13
2013.05.07 06:59:44.903,1.56585,1.56611,1.13,1.13
2013.05.07 06:59:45.141,1.5659,1.56613,1.13,1.13
2013.05.07 06:59:45.262,1.5659,1.56615,1.13,1.50
2013.05.07 06:59:45.381,1.5659,1.56615,1.13,1.13
2013.05.07 06:59:47.960,1.56595,1.56619,1.20,1.88
2013.05.07 06:59:49.041,1.56595,1.56619,1.13,1.13
2013.05.07 06:59:49.681,1.56596,1.56619,1.20,1.13
2013.05.07 06:59:49.803,1.56599,1.56624,1.20,1.88
2013.05.07 06:59:49.863,1.56593,1.56624,1.17,1.88
2013.05.07 06:59:50.101,1.56595,1.56624,1.20,1.13
2013.05.07 06:59:50.664,1.56598,1.56623,1.13,1.13
2013.05.07 06:59:51.753,1.56598,1.56625,1.13,1.13
2013.05.07 06:59:51.872,1.56596,1.56624,1.13,1.13
2013.05.07 06:59:51.931,1.56593,1.56624,1.69,2.25
2013.05.07 06:59:52.050,1.56593,1.56624,1.69,2.25
2013.05.07 06:59:53.194,1.56598,1.56625,1.13,1.50
2013.05.07 06:59:53.503,1.56603,1.56627,1.32,1.50
2013.05.07 06:59:54.001,1.56603,1.56631,1.69,1.13
2013.05.07 06:59:55.233,1.56603,1.56629,1.69,2.63
2013.05.07 06:59:55.542,1.56602,1.56625,1.69,1.13
2013.05.07 06:59:55.840,1.56594,1.56622,1.20,1.32
2013.05.07 06:59:56.952,1.56594,1.56624,1.13,1.32
2013.05.07 06:59:57.560,1.56598,1.56626,1.58,1.13
2013.05.07 06:59:58.091,1.56598,1.56626,1.13,1.32
2013.05.07 06:59:58.151,1.56598,1.56622,1.13,1.50
2013.05.07 06:59:58.451,1.56593,1.56618,1.13,1.50
2013.05.07 06:59:59.720,1.56601,1.56623,1.13,1.13
